{"player":1,"street":0,"children":2,"sequence":[{"player":0,"type":"F","amount":0,"street":0}],"actions":[{"type":"F","amount":0,"node":2},{"type":"R","amount":8160000,"node":34}],"hands":{"22":{"weight":1.0,"played":[1.0,0.0],"evs":[0.0,-0.85051]},"32o":{"weight":1.0,"played":[1.0,0.0],"evs":[0.0,-2.60723]},"42o":{"weight":1.0,"played":[1.0,0.0],"evs":[0.0,-2.51223]},"52o":{"weight":1.0,"played":[1.0,0.0],"evs":[0.0,-2.41175]},"62o":{"weight":1.0,"played":[1.0,0.0],"evs":[0.0,-2.51556]},"72o":{"weight":1.0,"played":[1.0,0.0],"evs":[0.0,-2.57025]},"82o":{"weight":1.0,"played":[1.0,0.0],"evs":[0.0,-2.42789]},"92o":{"weight":1.0,"played":[1.0,0.0],"evs":[0.0,-2.32631]},"T2o":{"weight":1.0,"played":[1.0,0.0],"evs":[0.0,-2.1701]},"J2o":{"weight":1.0,"played":[1.0,0.0],"evs":[0.0,-1.96248]},"Q2o":{"weight":1.0,"played":[1.0,0.0],"evs":[0.0,-1.69424]},"K2o":{"weight":1.0,"played":[1.0,0.0],"evs":[0.0,-1.36215]},"A2o":{"weight":1.0,"played":[1.0,0.0],"evs":[0.0,-0.6132]},"32s":{"weight":1.0,"played":[1.0,0.0],"evs":[0.0,-2.13868]},"33":{"weight":1.0,"played":[1.0,0.0],"evs":[0.0,-0.58752]},"43o":{"weight":1.0,"played":[1.0,0.0],"evs":[0.0,-2.30619]},"53o":{"weight":1.0,"played":[1.0,0.0],"evs":[0.0,-2.1932]},"63o":{"weight":1.0,"played":[1.0,0.0],"evs":[0.0,-2.29076]},"73o":{"weight":1.0,"played":[1.0,0.0],"evs":[0.0,-2.34811]},"83o":{"weight":1.0,"played":[1.0,0.0],"evs":[0.0,-2.37115]},"93o":{"weight":1.0,"played":[1.0,0.0],"evs":[0.0,-2.23217]},"T3o":{"weight":1.0,"played":[1.0,0.0],"evs":[0.0,-2.07448]},"J3o":{"weight":1.0,"played":[1.0,0.0],"evs":[0.0,-1.86407]},"Q3o":{"weight":1.0,"played":[1.0,0.0],"evs":[0.0,-1.59825]},"K3o":{"weight":1.0,"played":[1.0,0.0],"evs":[0.0,-1.27061]},"A3o":{"weight":1.0,"played":[1.0,0.0],"evs":[0.0,-0.50826]},"42s":{"weight":1.0,"played":[1.0,0.0],"evs":[0.0,-2.051]},"43s":{"weight":1.0,"played":[1.0,0.0],"evs":[0.0,-1.85291]},"44":{"weight":1.0,"played":[1.0,0.0],"evs":[0.0,-0.30749]},"54o":{"weight":1.0,"played":[1.0,0.0],"evs":[0.0,-1.98274]},"64o":{"weight":1.0,"played":[1.0,0.0],"evs":[0.0,-2.07422]},"74o":{"weight":1.0,"played":[1.0,0.0],"evs":[0.0,-2.12201]},"84o":{"weight":1.0,"played":[1.0,0.0],"evs":[0.0,-2.1466]},"94o":{"weight":1.0,"played":[1.0,0.0],"evs":[0.0,-2.16999]},"T4o":{"weight":1.0,"played":[1.0,0.0],"evs":[0.0,-1.97785]},"J4o":{"weight":1.0,"played":[1.0,0.0],"evs":[0.0,-1.76717]},"Q4o":{"weight":1.0,"played":[1.0,0.0],"evs":[0.0,-1.50028]},"K4o":{"weight":1.0,"played":[1.0,0.0],"evs":[0.0,-1.16779]},"A4o":{"weight":1.0,"played":[1.0,0.0],"evs":[0.0,-0.40356]},"52s":{"weight":1.0,"played":[1.0,0.0],"evs":[0.0,-1.9531]},"53s":{"weight":1.0,"played":[1.0,0.0],"evs":[0.0,-1.74783]},"54s":{"weight":1.0,"played":[1.0,0.0],"evs":[0.0,-1.54962]},"55":{"weight":1.0,"played":[0.9974,0.0026],"evs":[0.0,-0.00685]},"65o":{"weight":1.0,"played":[1.0,0.0],"evs":[0.0,-1.86026]},"75o":{"weight":1.0,"played":[1.0,0.0],"evs":[0.0,-1.90335]},"85o":{"weight":1.0,"played":[1.0,0.0],"evs":[0.0,-1.92357]},"95o":{"weight":1.0,"played":[1.0,0.0],"evs":[0.0,-1.94393]},"T5o":{"weight":1.0,"played":[1.0,0.0],"evs":[0.0,-1.90662]},"J5o":{"weight":1.0,"played":[1.0,0.0],"evs":[0.0,-1.66134]},"Q5o":{"weight":1.0,"played":[1.0,0.0],"evs":[0.0,-1.39327]},"K5o":{"weight":1.0,"played":[1.0,0.0],"evs":[0.0,-1.06017]},"A5o":{"weight":1.0,"played":[1.0,0.0],"evs":[0.0,-0.28472]},"62s":{"weight":1.0,"played":[1.0,0.0],"evs":[0.0,-2.0498]},"63s":{"weight":1.0,"played":[1.0,0.0],"evs":[0.0,-1.83854]},"64s":{"weight":1.0,"played":[1.0,0.0],"evs":[0.0,-1.63835]},"65s":{"weight":1.0,"played":[1.0,0.0],"evs":[0.0,-1.43519]},"66":{"weight":1.0,"played":[0.0,1.0],"evs":[0.0,0.26053]},"76o":{"weight":1.0,"played":[1.0,0.0],"evs":[0.0,-1.71252]},"86o":{"weight":1.0,"played":[1.0,0.0],"evs":[0.0,-1.72175]},"96o":{"weight":1.0,"played":[1.0,0.0],"evs":[0.0,-1.73936]},"T6o":{"weight":1.0,"played":[1.0,0.0],"evs":[0.0,-1.70183]},"J6o":{"weight":1.0,"played":[1.0,0.0],"evs":[0.0,-1.60089]},"Q6o":{"weight":1.0,"played":[1.0,0.0],"evs":[0.0,-1.3043]},"K6o":{"weight":1.0,"played":[1.0,0.0],"evs":[0.0,-0.96815]},"A6o":{"weight":1.0,"played":[1.0,0.0],"evs":[0.0,-0.31173]},"72s":{"weight":1.0,"played":[1.0,0.0],"evs":[0.0,-2.10072]},"73s":{"weight":1.0,"played":[1.0,0.0],"evs":[0.0,-1.89563]},"74s":{"weight":1.0,"played":[1.0,0.0],"evs":[0.0,-1.68396]},"75s":{"weight":1.0,"played":[1.0,0.0],"evs":[0.0,-1.47643]},"76s":{"weight":1.0,"played":[1.0,0.0],"evs":[0.0,-1.29681]},"77":{"weight":1.0,"played":[0.0,1.0],"evs":[0.0,0.53713]},"87o":{"weight":1.0,"played":[1.0,0.0],"evs":[0.0,-1.54971]},"97o":{"weight":1.0,"played":[1.0,0.0],"evs":[0.0,-1.5548]},"T7o":{"weight":1.0,"played":[1.0,0.0],"evs":[0.0,-1.51478]},"J7o":{"weight":1.0,"played":[1.0,0.0],"evs":[0.0,-1.40736]},"Q7o":{"weight":1.0,"played":[1.0,0.0],"evs":[0.0,-1.25676]},"K7o":{"weight":1.0,"played":[1.0,0.0],"evs":[0.0,-0.88483]},"A7o":{"weight":1.0,"played":[1.0,0.0],"evs":[0.0,-0.16156]},"82s":{"weight":1.0,"played":[1.0,0.0],"evs":[0.0,-1.96301]},"83s":{"weight":1.0,"played":[1.0,0.0],"evs":[0.0,-1.90921]},"84s":{"weight":1.0,"played":[1.0,0.0],"evs":[0.0,-1.70571]},"85s":{"weight":1.0,"played":[1.0,0.0],"evs":[0.0,-1.49368]},"86s":{"weight":1.0,"played":[1.0,0.0],"evs":[0.0,-1.30788]},"87s":{"weight":1.0,"played":[1.0,0.0],"evs":[0.0,-1.14201]},"88":{"weight":1.0,"played":[0.0,1.0],"evs":[0.0,0.85907]},"98o":{"weight":1.0,"played":[1.0,0.0],"evs":[0.0,-1.3615]},"T8o":{"weight":1.0,"played":[1.0,0.0],"evs":[0.0,-1.29792]},"J8o":{"weight":1.0,"played":[1.0,0.0],"evs":[0.0,-1.19241]},"Q8o":{"weight":1.0,"played":[1.0,0.0],"evs":[0.0,-1.04286]},"K8o":{"weight":1.0,"played":[1.0,0.0],"evs":[0.0,-0.80494]},"A8o":{"weight":1.0,"played":[1.0,0.0],"evs":[0.0,-0.00379]},"92s":{"weight":1.0,"played":[1.0,0.0],"evs":[0.0,-1.86439]},"93s":{"weight":1.0,"played":[1.0,0.0],"evs":[0.0,-1.77955]},"94s":{"weight":1.0,"played":[1.0,0.0],"evs":[0.0,-1.72105]},"95s":{"weight":1.0,"played":[1.0,0.0],"evs":[0.0,-1.50782]},"96s":{"weight":1.0,"played":[1.0,0.0],"evs":[0.0,-1.32127]},"97s":{"weight":1.0,"played":[1.0,0.0],"evs":[0.0,-1.14877]},"98s":{"weight":1.0,"played":[1.0,0.0],"evs":[0.0,-0.96051]},"99":{"weight":1.0,"played":[0.0,1.0],"evs":[0.0,1.23524]},"T9o":{"weight":1.0,"played":[1.0,0.0],"evs":[0.0,-1.09101]},"J9o":{"weight":1.0,"played":[1.0,0.0],"evs":[0.0,-0.98594]},"Q9o":{"weight":1.0,"played":[1.0,0.0],"evs":[0.0,-0.83371]},"K9o":{"weight":1.0,"played":[1.0,0.0],"evs":[0.0,-0.59105]},"A9o":{"weight":1.0,"played":[0.0,1.0],"evs":[0.0,0.19782]},"T2s":{"weight":1.0,"played":[1.0,0.0],"evs":[0.0,-1.71822]},"T3s":{"weight":1.0,"played":[1.0,0.0],"evs":[0.0,-1.62802]},"T4s":{"weight":1.0,"played":[1.0,0.0],"evs":[0.0,-1.54188]},"T5s":{"weight":1.0,"played":[1.0,0.0],"evs":[0.0,-1.47501]},"T6s":{"weight":1.0,"played":[1.0,0.0],"evs":[0.0,-1.28419]},"T7s":{"weight":1.0,"played":[1.0,0.0],"evs":[0.0,-1.09995]},"T8s":{"weight":1.0,"played":[1.0,0.0],"evs":[0.0,-0.89933]},"T9s":{"weight":1.0,"played":[1.0,0.0],"evs":[0.0,-0.70205]},"TT":{"weight":1.0,"played":[0.0,1.0],"evs":[0.0,1.73672]},"JTo":{"weight":1.0,"played":[1.0,0.0],"evs":[0.0,-0.67301]},"QTo":{"weight":1.0,"played":[1.0,0.0],"evs":[0.0,-0.50416]},"KTo":{"weight":1.0,"played":[1.0,0.0],"evs":[0.0,-0.24413]},"ATo":{"weight":1.0,"played":[0.0,1.0],"evs":[0.0,0.62811]},"J2s":{"weight":1.0,"played":[1.0,0.0],"evs":[0.0,-1.51424]},"J3s":{"weight":1.0,"played":[1.0,0.0],"evs":[0.0,-1.42793]},"J4s":{"weight":1.0,"played":[1.0,0.0],"evs":[0.0,-1.33883]},"J5s":{"weight":1.0,"played":[1.0,0.0],"evs":[0.0,-1.24067]},"J6s":{"weight":1.0,"played":[1.0,0.0],"evs":[0.0,-1.18597]},"J7s":{"weight":1.0,"played":[1.0,0.0],"evs":[0.0,-1.00149]},"J8s":{"weight":1.0,"played":[1.0,0.0],"evs":[0.0,-0.79877]},"J9s":{"weight":1.0,"played":[1.0,0.0],"evs":[0.0,-0.60637]},"JTs":{"weight":1.0,"played":[1.0,0.0],"evs":[0.0,-0.316]},"JJ":{"weight":1.0,"played":[0.0,1.0],"evs":[0.0,2.22279]},"QJo":{"weight":1.0,"played":[1.0,0.0],"evs":[0.0,-0.34468]},"KJo":{"weight":1.0,"played":[1.0,0.0],"evs":[0.0,-0.04645]},"AJo":{"weight":1.0,"played":[0.0,1.0],"evs":[0.0,0.93884]},"Q2s":{"weight":1.0,"played":[1.0,0.0],"evs":[0.0,-1.25891]},"Q3s":{"weight":1.0,"played":[1.0,0.0],"evs":[0.0,-1.16938]},"Q4s":{"weight":1.0,"played":[1.0,0.0],"evs":[0.0,-1.07914]},"Q5s":{"weight":1.0,"played":[1.0,0.0],"evs":[0.0,-0.98327]},"Q6s":{"weight":1.0,"played":[1.0,0.0],"evs":[0.0,-0.8985]},"Q7s":{"weight":1.0,"played":[1.0,0.0],"evs":[0.0,-0.85501]},"Q8s":{"weight":1.0,"played":[1.0,0.0],"evs":[0.0,-0.65061]},"Q9s":{"weight":1.0,"played":[1.0,0.0],"evs":[0.0,-0.45608]},"QTs":{"weight":1.0,"played":[1.0,0.0],"evs":[0.0,-0.15165]},"QJs":{"weight":1.0,"played":[0.9324,0.0676],"evs":[0.0,-0.00409]},"QQ":{"weight":1.0,"played":[0.0,1.0],"evs":[0.0,2.74442]},"KQo":{"weight":1.0,"played":[0.0,1.0],"evs":[0.0,0.19635]},"AQo":{"weight":1.0,"played":[0.0,1.0],"evs":[0.0,1.26605]},"K2s":{"weight":1.0,"played":[1.0,0.0],"evs":[0.0,-0.94867]},"K3s":{"weight":1.0,"played":[1.0,0.0],"evs":[0.0,-0.85553]},"K4s":{"weight":1.0,"played":[1.0,0.0],"evs":[0.0,-0.76416]},"K5s":{"weight":1.0,"played":[1.0,0.0],"evs":[0.0,-0.66408]},"K6s":{"weight":1.0,"played":[1.0,0.0],"evs":[0.0,-0.57474]},"K7s":{"weight":1.0,"played":[1.0,0.0],"evs":[0.0,-0.49748]},"K8s":{"weight":1.0,"played":[1.0,0.0],"evs":[0.0,-0.42364]},"K9s":{"weight":1.0,"played":[1.0,0.0],"evs":[0.0,-0.2249]},"KTs":{"weight":1.0,"played":[0.0,1.0],"evs":[0.0,0.10293]},"KJs":{"weight":1.0,"played":[0.0,1.0],"evs":[0.0,0.27913]},"KQs":{"weight":1.0,"played":[0.0,1.0],"evs":[0.0,0.50475]},"KK":{"weight":1.0,"played":[0.0,1.0],"evs":[0.0,3.3306]},"AKo":{"weight":1.0,"played":[0.0,1.0],"evs":[0.0,1.64142]},"A2s":{"weight":1.0,"played":[1.0,0.0],"evs":[0.0,-0.23007]},"A3s":{"weight":1.0,"played":[1.0,0.0],"evs":[0.0,-0.13373]},"A4s":{"weight":1.0,"played":[1.0,0.0],"evs":[0.0,-0.03645]},"A5s":{"weight":1.0,"played":[0.0,1.0],"evs":[0.0,0.07246]},"A6s":{"weight":1.0,"played":[0.0,1.0],"evs":[0.0,0.04413]},"A7s":{"weight":1.0,"played":[0.0,1.0],"evs":[0.0,0.18304]},"A8s":{"weight":1.0,"played":[0.0,1.0],"evs":[0.0,0.33465]},"A9s":{"weight":1.0,"played":[0.0,1.0],"evs":[0.0,0.51688]},"ATs":{"weight":1.0,"played":[0.0,1.0],"evs":[0.0,0.92056]},"AJs":{"weight":1.0,"played":[0.0,1.0],"evs":[0.0,1.21301]},"AQs":{"weight":1.0,"played":[0.0,1.0],"evs":[0.0,1.5192]},"AKs":{"weight":1.0,"played":[0.0,1.0],"evs":[0.0,1.86798]},"AA":{"weight":1.0,"played":[0.0,1.0],"evs":[0.0,4.34601]}}}