{"player":6,"street":0,"children":2,"sequence":[{"player":0,"type":"F","amount":0,"street":0},{"player":1,"type":"R","amount":8160000,"street":0},{"player":2,"type":"C","amount":8160000,"street":0},{"player":3,"type":"R","amount":27360000,"street":0},{"player":4,"type":"F","amount":0,"street":0},{"player":5,"type":"F","amount":0,"street":0}],"actions":[{"type":"F","amount":0,"node":101},{"type":"C","amount":7840000,"node":102}],"hands":{"22":{"weight":1.0,"played":[1.0,0.0],"evs":[0.0,-1.34944]},"32o":{"weight":1.0,"played":[1.0,0.0],"evs":[0.0,-2.46257]},"42o":{"weight":1.0,"played":[1.0,0.0],"evs":[0.0,-2.36849]},"52o":{"weight":1.0,"played":[1.0,0.0],"evs":[0.0,-2.28076]},"62o":{"weight":1.0,"played":[1.0,0.0],"evs":[0.0,-2.62388]},"72o":{"weight":1.0,"played":[1.0,0.0],"evs":[0.0,-2.81286]},"82o":{"weight":1.0,"played":[1.0,0.0],"evs":[0.0,-2.91719]},"92o":{"weight":1.0,"played":[1.0,0.0],"evs":[0.0,-3.14138]},"T2o":{"weight":1.0,"played":[1.0,0.0],"evs":[0.0,-2.95962]},"J2o":{"weight":1.0,"played":[1.0,0.0],"evs":[0.0,-2.79899]},"Q2o":{"weight":1.0,"played":[1.0,0.0],"evs":[0.0,-2.57008]},"K2o":{"weight":1.0,"played":[1.0,0.0],"evs":[0.0,-2.65229]},"A2o":{"weight":1.0,"played":[1.0,0.0],"evs":[0.0,-2.44631]},"32s":{"weight":1.0,"played":[1.0,0.0],"evs":[0.0,-1.70638]},"33":{"weight":1.0,"played":[1.0,0.0],"evs":[0.0,-1.23543]},"43o":{"weight":1.0,"played":[1.0,0.0],"evs":[0.0,-2.02997]},"53o":{"weight":1.0,"played":[1.0,0.0],"evs":[0.0,-2.11364]},"63o":{"weight":1.0,"played":[1.0,0.0],"evs":[0.0,-2.23004]},"73o":{"weight":1.0,"played":[1.0,0.0],"evs":[0.0,-2.47318]},"83o":{"weight":1.0,"played":[1.0,0.0],"evs":[0.0,-2.89279]},"93o":{"weight":1.0,"played":[1.0,0.0],"evs":[0.0,-2.95187]},"T3o":{"weight":1.0,"played":[1.0,0.0],"evs":[0.0,-2.78457]},"J3o":{"weight":1.0,"played":[1.0,0.0],"evs":[0.0,-2.58837]},"Q3o":{"weight":1.0,"played":[1.0,0.0],"evs":[0.0,-2.5964]},"K3o":{"weight":1.0,"played":[1.0,0.0],"evs":[0.0,-2.48155]},"A3o":{"weight":1.0,"played":[1.0,0.0],"evs":[0.0,-2.68712]},"42s":{"weight":1.0,"played":[1.0,0.0],"evs":[0.0,-1.56758]},"43s":{"weight":1.0,"played":[1.0,0.0],"evs":[0.0,-1.44491]},"44":{"weight":1.0,"played":[0.9999,1.0E-4],"evs":[0.0,-0.99406]},"54o":{"weight":1.0,"played":[1.0,0.0],"evs":[0.0,-1.65223]},"64o":{"weight":1.0,"played":[1.0,0.0],"evs":[0.0,-1.80571]},"74o":{"weight":1.0,"played":[1.0,0.0],"evs":[0.0,-2.20666]},"84o":{"weight":1.0,"played":[1.0,0.0],"evs":[0.0,-2.65883]},"94o":{"weight":1.0,"played":[1.0,0.0],"evs":[0.0,-2.8542]},"T4o":{"weight":1.0,"played":[1.0,0.0],"evs":[0.0,-2.75538]},"J4o":{"weight":1.0,"played":[1.0,0.0],"evs":[0.0,-2.53621]},"Q4o":{"weight":1.0,"played":[1.0,0.0],"evs":[0.0,-2.45394]},"K4o":{"weight":1.0,"played":[1.0,0.0],"evs":[0.0,-2.50727]},"A4o":{"weight":1.0,"played":[1.0,0.0],"evs":[0.0,-2.4794]},"52s":{"weight":1.0,"played":[1.0,0.0],"evs":[0.0,-1.64614]},"53s":{"weight":1.0,"played":[0.9997,3.0E-4],"evs":[0.0,-1.23992]},"54s":{"weight":1.0,"played":[1.0,0.0],"evs":[0.0,-0.98515]},"55":{"weight":1.0,"played":[1.0,0.0],"evs":[0.0,-0.92471]},"65o":{"weight":1.0,"played":[1.0,0.0],"evs":[0.0,-1.51788]},"75o":{"weight":1.0,"played":[1.0,0.0],"evs":[0.0,-1.98609]},"85o":{"weight":1.0,"played":[1.0,0.0],"evs":[0.0,-2.214]},"95o":{"weight":1.0,"played":[1.0,0.0],"evs":[0.0,-2.65187]},"T5o":{"weight":1.0,"played":[1.0,0.0],"evs":[0.0,-2.84164]},"J5o":{"weight":1.0,"played":[1.0,0.0],"evs":[0.0,-2.57262]},"Q5o":{"weight":1.0,"played":[1.0,0.0],"evs":[0.0,-2.33986]},"K5o":{"weight":1.0,"played":[1.0,0.0],"evs":[0.0,-2.42208]},"A5o":{"weight":1.0,"played":[1.0,0.0],"evs":[0.0,-2.36096]},"62s":{"weight":1.0,"played":[1.0,0.0],"evs":[0.0,-1.86889]},"63s":{"weight":1.0,"played":[1.0,0.0],"evs":[0.0,-1.50357]},"64s":{"weight":1.0,"played":[1.0,0.0],"evs":[0.0,-1.34332]},"65s":{"weight":1.0,"played":[1.0,0.0],"evs":[0.0,-0.96739]},"66":{"weight":1.0,"played":[0.9999,1.0E-4],"evs":[0.0,-0.88558]},"76o":{"weight":1.0,"played":[1.0,0.0],"evs":[0.0,-1.83535]},"86o":{"weight":1.0,"played":[1.0,0.0],"evs":[0.0,-2.0516]},"96o":{"weight":1.0,"played":[1.0,0.0],"evs":[0.0,-2.40275]},"T6o":{"weight":1.0,"played":[1.0,0.0],"evs":[0.0,-2.42825]},"J6o":{"weight":1.0,"played":[1.0,0.0],"evs":[0.0,-2.67317]},"Q6o":{"weight":1.0,"played":[1.0,0.0],"evs":[0.0,-2.53088]},"K6o":{"weight":1.0,"played":[1.0,0.0],"evs":[0.0,-2.41798]},"A6o":{"weight":1.0,"played":[1.0,0.0],"evs":[0.0,-2.57926]},"72s":{"weight":1.0,"played":[1.0,0.0],"evs":[0.0,-1.87981]},"73s":{"weight":1.0,"played":[1.0,0.0],"evs":[0.0,-1.8753]},"74s":{"weight":1.0,"played":[0.9999,1.0E-4],"evs":[0.0,-1.5211]},"75s":{"weight":1.0,"played":[0.9999,1.0E-4],"evs":[0.0,-1.24475]},"76s":{"weight":1.0,"played":[0.9998,2.0E-4],"evs":[0.0,-0.85625]},"77":{"weight":1.0,"played":[0.9965,0.0035],"evs":[0.0,-0.69869]},"87o":{"weight":1.0,"played":[1.0,0.0],"evs":[0.0,-1.67617]},"97o":{"weight":1.0,"played":[1.0,0.0],"evs":[0.0,-2.27907]},"T7o":{"weight":1.0,"played":[1.0,0.0],"evs":[0.0,-2.37141]},"J7o":{"weight":1.0,"played":[1.0,0.0],"evs":[0.0,-2.35419]},"Q7o":{"weight":1.0,"played":[1.0,0.0],"evs":[0.0,-2.5213]},"K7o":{"weight":1.0,"played":[1.0,0.0],"evs":[0.0,-2.40089]},"A7o":{"weight":1.0,"played":[1.0,0.0],"evs":[0.0,-2.54811]},"82s":{"weight":1.0,"played":[1.0,0.0],"evs":[0.0,-2.24572]},"83s":{"weight":1.0,"played":[1.0,0.0],"evs":[0.0,-1.92114]},"84s":{"weight":1.0,"played":[1.0,0.0],"evs":[0.0,-2.01694]},"85s":{"weight":1.0,"played":[1.0,0.0],"evs":[0.0,-1.5935]},"86s":{"weight":1.0,"played":[0.9995,5.0E-4],"evs":[0.0,-1.41879]},"87s":{"weight":1.0,"played":[1.0,0.0],"evs":[0.0,-1.30705]},"88":{"weight":1.0,"played":[1.0,0.0],"evs":[0.0,-0.78466]},"98o":{"weight":1.0,"played":[1.0,0.0],"evs":[0.0,-2.20066]},"T8o":{"weight":1.0,"played":[1.0,0.0],"evs":[0.0,-2.33192]},"J8o":{"weight":1.0,"played":[1.0,0.0],"evs":[0.0,-2.31323]},"Q8o":{"weight":1.0,"played":[1.0,0.0],"evs":[0.0,-2.33193]},"K8o":{"weight":1.0,"played":[1.0,0.0],"evs":[0.0,-2.43101]},"A8o":{"weight":1.0,"played":[1.0,0.0],"evs":[0.0,-2.46791]},"92s":{"weight":1.0,"played":[0.9999,1.0E-4],"evs":[0.0,-2.41186]},"93s":{"weight":1.0,"played":[1.0,0.0],"evs":[0.0,-1.9327]},"94s":{"weight":1.0,"played":[1.0,0.0],"evs":[0.0,-2.1964]},"95s":{"weight":1.0,"played":[1.0,0.0],"evs":[0.0,-1.83379]},"96s":{"weight":1.0,"played":[0.9999,1.0E-4],"evs":[0.0,-1.57345]},"97s":{"weight":1.0,"played":[1.0,0.0],"evs":[0.0,-1.3317]},"98s":{"weight":1.0,"played":[1.0,0.0],"evs":[0.0,-1.49499]},"99":{"weight":1.0,"played":[0.9964,0.0036],"evs":[0.0,-0.90643]},"T9o":{"weight":1.0,"played":[1.0,0.0],"evs":[0.0,-2.06645]},"J9o":{"weight":1.0,"played":[1.0,0.0],"evs":[0.0,-2.25153]},"Q9o":{"weight":1.0,"played":[1.0,0.0],"evs":[0.0,-2.31873]},"K9o":{"weight":1.0,"played":[1.0,0.0],"evs":[0.0,-2.50858]},"A9o":{"weight":1.0,"played":[1.0,0.0],"evs":[0.0,-2.64075]},"T2s":{"weight":1.0,"played":[0.9999,1.0E-4],"evs":[0.0,-2.10594]},"T3s":{"weight":1.0,"played":[1.0,0.0],"evs":[0.0,-1.98173]},"T4s":{"weight":1.0,"played":[0.9993,7.0E-4],"evs":[0.0,-1.93986]},"T5s":{"weight":1.0,"played":[1.0,0.0],"evs":[0.0,-2.15366]},"T6s":{"weight":1.0,"played":[0.9999,1.0E-4],"evs":[0.0,-1.82451]},"T7s":{"weight":1.0,"played":[1.0,0.0],"evs":[0.0,-1.74569]},"T8s":{"weight":1.0,"played":[0.9998,2.0E-4],"evs":[0.0,-1.51398]},"T9s":{"weight":1.0,"played":[1.0,0.0],"evs":[0.0,-1.60119]},"TT":{"weight":1.0,"played":[0.9712,0.0288],"evs":[0.0,-0.47721]},"JTo":{"weight":1.0,"played":[1.0,0.0],"evs":[0.0,-1.81007]},"QTo":{"weight":1.0,"played":[1.0,0.0],"evs":[0.0,-1.97906]},"KTo":{"weight":1.0,"played":[1.0,0.0],"evs":[0.0,-2.11397]},"ATo":{"weight":1.0,"played":[1.0,0.0],"evs":[0.0,-2.55919]},"J2s":{"weight":1.0,"played":[1.0,0.0],"evs":[0.0,-1.9867]},"J3s":{"weight":1.0,"played":[1.0,0.0],"evs":[0.0,-2.10464]},"J4s":{"weight":1.0,"played":[1.0,0.0],"evs":[0.0,-1.99233]},"J5s":{"weight":1.0,"played":[0.9999,1.0E-4],"evs":[0.0,-1.59476]},"J6s":{"weight":1.0,"played":[1.0,0.0],"evs":[0.0,-1.74531]},"J7s":{"weight":1.0,"played":[1.0,0.0],"evs":[0.0,-1.49456]},"J8s":{"weight":1.0,"played":[1.0,0.0],"evs":[0.0,-1.4694]},"J9s":{"weight":1.0,"played":[1.0,0.0],"evs":[0.0,-1.50559]},"JTs":{"weight":1.0,"played":[0.9999,1.0E-4],"evs":[0.0,-1.49515]},"JJ":{"weight":1.0,"played":[0.0,1.0],"evs":[0.0,1.02991]},"QJo":{"weight":1.0,"played":[1.0,0.0],"evs":[0.0,-1.83304]},"KJo":{"weight":1.0,"played":[1.0,0.0],"evs":[0.0,-1.83554]},"AJo":{"weight":1.0,"played":[1.0,0.0],"evs":[0.0,-2.11032]},"Q2s":{"weight":1.0,"played":[1.0,0.0],"evs":[0.0,-2.09545]},"Q3s":{"weight":1.0,"played":[1.0,0.0],"evs":[0.0,-1.96068]},"Q4s":{"weight":1.0,"played":[1.0,0.0],"evs":[0.0,-2.00876]},"Q5s":{"weight":1.0,"played":[0.9989,0.0011],"evs":[0.0,-1.64259]},"Q6s":{"weight":1.0,"played":[1.0,0.0],"evs":[0.0,-1.64696]},"Q7s":{"weight":1.0,"played":[1.0,0.0],"evs":[0.0,-1.75835]},"Q8s":{"weight":1.0,"played":[0.9997,3.0E-4],"evs":[0.0,-1.70446]},"Q9s":{"weight":1.0,"played":[0.9999,1.0E-4],"evs":[0.0,-1.56928]},"QTs":{"weight":1.0,"played":[1.0,0.0],"evs":[0.0,-1.3948]},"QJs":{"weight":1.0,"played":[1.0,0.0],"evs":[0.0,-0.47758]},"QQ":{"weight":1.0,"played":[0.0,1.0],"evs":[0.0,2.72794]},"KQo":{"weight":1.0,"played":[1.0,0.0],"evs":[0.0,-1.48048]},"AQo":{"weight":1.0,"played":[0.9999,1.0E-4],"evs":[0.0,-1.33852]},"K2s":{"weight":1.0,"played":[1.0,0.0],"evs":[0.0,-2.03853]},"K3s":{"weight":1.0,"played":[1.0,0.0],"evs":[0.0,-1.62]},"K4s":{"weight":1.0,"played":[1.0,0.0],"evs":[0.0,-1.79837]},"K5s":{"weight":1.0,"played":[1.0,0.0],"evs":[0.0,-1.8716]},"K6s":{"weight":1.0,"played":[0.9998,2.0E-4],"evs":[0.0,-1.54905]},"K7s":{"weight":1.0,"played":[1.0,0.0],"evs":[0.0,-1.66766]},"K8s":{"weight":1.0,"played":[1.0,0.0],"evs":[0.0,-1.59642]},"K9s":{"weight":1.0,"played":[1.0,0.0],"evs":[0.0,-1.82213]},"KTs":{"weight":1.0,"played":[1.0,0.0],"evs":[0.0,-1.48138]},"KJs":{"weight":1.0,"played":[1.0,0.0],"evs":[0.0,-1.2202]},"KQs":{"weight":1.0,"played":[0.999,0.001],"evs":[0.0,-0.72427]},"KK":{"weight":1.0,"played":[0.0,1.0],"evs":[0.0,5.15959]},"AKo":{"weight":1.0,"played":[0.4714,0.5286],"evs":[0.0,0.02157]},"A2s":{"weight":1.0,"played":[1.0,0.0],"evs":[0.0,-1.73445]},"A3s":{"weight":1.0,"played":[1.0,0.0],"evs":[0.0,-1.47812]},"A4s":{"weight":1.0,"played":[0.9998,2.0E-4],"evs":[0.0,-1.54556]},"A5s":{"weight":1.0,"played":[1.0,0.0],"evs":[0.0,-1.58421]},"A6s":{"weight":1.0,"played":[1.0,0.0],"evs":[0.0,-1.72587]},"A7s":{"weight":1.0,"played":[0.9999,1.0E-4],"evs":[0.0,-1.47699]},"A8s":{"weight":1.0,"played":[0.9999,1.0E-4],"evs":[0.0,-1.96725]},"A9s":{"weight":1.0,"played":[1.0,0.0],"evs":[0.0,-2.08783]},"ATs":{"weight":1.0,"played":[0.9998,2.0E-4],"evs":[0.0,-1.40808]},"AJs":{"weight":1.0,"played":[0.9978,0.0022],"evs":[0.0,-1.43688]},"AQs":{"weight":1.0,"played":[1.0,0.0],"evs":[0.0,-0.48707]},"AKs":{"weight":1.0,"played":[0.0013,0.9987],"evs":[0.0,0.80855]},"AA":{"weight":1.0,"played":[0.0,1.0],"evs":[0.0,7.82695]}}}