{"player":2,"street":0,"children":2,"sequence":[{"player":0,"type":"F","amount":0,"street":0},{"player":1,"type":"R","amount":8160000,"street":0},{"player":2,"type":"C","amount":8160000,"street":0},{"player":3,"type":"R","amount":27360000,"street":0},{"player":4,"type":"F","amount":0,"street":0},{"player":5,"type":"F","amount":0,"street":0},{"player":6,"type":"C","amount":7840000,"street":0}],"actions":[{"type":"F","amount":0},{"type":"C","amount":19200000}],"hands":{"22":{"weight":0.7328,"played":[0.7808,0.2192],"evs":[0.0,-0.40488]},"32o":{"weight":0.0,"played":[0.9999,1.0E-4],"evs":[0.0,-1.66962]},"42o":{"weight":0.0,"played":[0.9992,8.0E-4],"evs":[0.0,-1.6642]},"52o":{"weight":0.0,"played":[1.0,0.0],"evs":[0.0,-1.64159]},"62o":{"weight":0.0,"played":[0.9999,1.0E-4],"evs":[0.0,-1.95553]},"72o":{"weight":0.0,"played":[0.9996,4.0E-4],"evs":[0.0,-2.36258]},"82o":{"weight":0.0,"played":[0.9967,0.0033],"evs":[0.0,-2.59766]},"92o":{"weight":0.0,"played":[1.0,0.0],"evs":[0.0,-2.68331]},"T2o":{"weight":0.0,"played":[0.9999,1.0E-4],"evs":[0.0,-2.51953]},"J2o":{"weight":0.0,"played":[0.9986,0.0014],"evs":[0.0,-2.63767]},"Q2o":{"weight":0.0,"played":[0.9997,3.0E-4],"evs":[0.0,-2.39095]},"K2o":{"weight":0.0,"played":[0.9984,0.0016],"evs":[0.0,-2.4034]},"A2o":{"weight":0.0,"played":[0.9993,7.0E-4],"evs":[0.0,-2.06664]},"32s":{"weight":0.0,"played":[0.9935,0.0065],"evs":[0.0,-1.28729]},"33":{"weight":0.4957,"played":[0.4213,0.5787],"evs":[0.0,-0.16965]},"43o":{"weight":0.0,"played":[0.9996,4.0E-4],"evs":[0.0,-1.7112]},"53o":{"weight":0.0,"played":[0.9999,1.0E-4],"evs":[0.0,-1.22586]},"63o":{"weight":0.0,"played":[0.9999,1.0E-4],"evs":[0.0,-1.40169]},"73o":{"weight":0.0,"played":[0.9999,1.0E-4],"evs":[0.0,-1.91042]},"83o":{"weight":0.0,"played":[1.0,0.0],"evs":[0.0,-2.31087]},"93o":{"weight":0.0,"played":[0.9998,2.0E-4],"evs":[0.0,-2.48736]},"T3o":{"weight":0.0,"played":[0.9996,4.0E-4],"evs":[0.0,-2.60798]},"J3o":{"weight":0.0,"played":[0.9999,1.0E-4],"evs":[0.0,-2.32672]},"Q3o":{"weight":0.0,"played":[0.9999,1.0E-4],"evs":[0.0,-2.19899]},"K3o":{"weight":0.0,"played":[0.9945,0.0055],"evs":[0.0,-2.19752]},"A3o":{"weight":0.0,"played":[0.9998,2.0E-4],"evs":[0.0,-1.84048]},"42s":{"weight":0.0,"played":[0.6618,0.3382],"evs":[0.0,-0.60002]},"43s":{"weight":0.0,"played":[0.9996,4.0E-4],"evs":[0.0,-0.57291]},"44":{"weight":0.1882,"played":[0.8285,0.1715],"evs":[0.0,-0.25232]},"54o":{"weight":0.0,"played":[0.9996,4.0E-4],"evs":[0.0,-0.91177]},"64o":{"weight":0.0,"played":[0.9993,7.0E-4],"evs":[0.0,-1.12517]},"74o":{"weight":0.0,"played":[0.9998,2.0E-4],"evs":[0.0,-1.51353]},"84o":{"weight":0.0,"played":[0.9994,6.0E-4],"evs":[0.0,-1.89693]},"94o":{"weight":0.0,"played":[0.9993,7.0E-4],"evs":[0.0,-2.25894]},"T4o":{"weight":0.0,"played":[1.0,0.0],"evs":[0.0,-2.42703]},"J4o":{"weight":0.0,"played":[0.9987,0.0013],"evs":[0.0,-1.98611]},"Q4o":{"weight":0.0,"played":[1.0,0.0],"evs":[0.0,-2.39796]},"K4o":{"weight":0.0,"played":[0.9999,1.0E-4],"evs":[0.0,-1.90899]},"A4o":{"weight":0.0,"played":[0.9992,8.0E-4],"evs":[0.0,-2.06308]},"52s":{"weight":0.0,"played":[0.9971,0.0029],"evs":[0.0,-1.71057]},"53s":{"weight":0.0,"played":[0.9999,1.0E-4],"evs":[0.0,-0.36719]},"54s":{"weight":0.0,"played":[0.1245,0.8755],"evs":[0.0,0.52013]},"55":{"weight":0.4153,"played":[0.945,0.055],"evs":[0.0,-0.09105]},"65o":{"weight":0.0,"played":[0.9988,0.0012],"evs":[0.0,-1.01613]},"75o":{"weight":0.0,"played":[0.9998,2.0E-4],"evs":[0.0,-1.07341]},"85o":{"weight":0.0,"played":[0.9999,1.0E-4],"evs":[0.0,-1.71085]},"95o":{"weight":0.0,"played":[0.9998,2.0E-4],"evs":[0.0,-1.91177]},"T5o":{"weight":0.0,"played":[0.9996,4.0E-4],"evs":[0.0,-2.21667]},"J5o":{"weight":0.0,"played":[0.9983,0.0017],"evs":[0.0,-1.61801]},"Q5o":{"weight":0.0,"played":[0.9998,2.0E-4],"evs":[0.0,-1.69686]},"K5o":{"weight":0.0,"played":[0.9921,0.0079],"evs":[0.0,-1.93374]},"A5o":{"weight":0.0,"played":[0.9896,0.0104],"evs":[0.0,-1.50854]},"62s":{"weight":0.0,"played":[0.9967,0.0033],"evs":[0.0,-0.57496]},"63s":{"weight":0.0,"played":[0.9954,0.0046],"evs":[0.0,-1.42392]},"64s":{"weight":0.0,"played":[0.9075,0.0925],"evs":[0.0,-0.6482]},"65s":{"weight":0.0,"played":[0.9013,0.0987],"evs":[0.0,-0.42122]},"66":{"weight":0.389,"played":[0.7792,0.2208],"evs":[0.0,0.10752]},"76o":{"weight":0.0,"played":[0.9916,0.0084],"evs":[0.0,-1.44057]},"86o":{"weight":0.0,"played":[0.9964,0.0036],"evs":[0.0,-1.01438]},"96o":{"weight":0.0,"played":[0.9995,5.0E-4],"evs":[0.0,-1.71758]},"T6o":{"weight":0.0,"played":[1.0,0.0],"evs":[0.0,-1.99322]},"J6o":{"weight":0.0,"played":[0.9999,1.0E-4],"evs":[0.0,-1.97417]},"Q6o":{"weight":0.0,"played":[0.9975,0.0025],"evs":[0.0,-1.76706]},"K6o":{"weight":0.0,"played":[0.9988,0.0012],"evs":[0.0,-1.90634]},"A6o":{"weight":0.0,"played":[0.9992,8.0E-4],"evs":[0.0,-2.14336]},"72s":{"weight":0.0,"played":[0.9997,3.0E-4],"evs":[0.0,-2.46754]},"73s":{"weight":0.0,"played":[0.9999,1.0E-4],"evs":[0.0,-1.23572]},"74s":{"weight":0.0,"played":[0.9898,0.0102],"evs":[0.0,-0.68925]},"75s":{"weight":0.0,"played":[0.9458,0.0542],"evs":[0.0,-0.5016]},"76s":{"weight":0.0,"played":[0.0411,0.9589],"evs":[0.0,0.88911]},"77":{"weight":0.0293,"played":[0.6188,0.3812],"evs":[0.0,-0.69698]},"87o":{"weight":0.0,"played":[0.9999,1.0E-4],"evs":[0.0,-1.30968]},"97o":{"weight":0.0,"played":[1.0,0.0],"evs":[0.0,-1.51169]},"T7o":{"weight":0.0,"played":[1.0,0.0],"evs":[0.0,-1.80837]},"J7o":{"weight":0.0,"played":[0.9997,3.0E-4],"evs":[0.0,-1.86966]},"Q7o":{"weight":0.0,"played":[0.9992,8.0E-4],"evs":[0.0,-2.15117]},"K7o":{"weight":0.0,"played":[0.9998,2.0E-4],"evs":[0.0,-1.9267]},"A7o":{"weight":0.0,"played":[0.9992,8.0E-4],"evs":[0.0,-1.67484]},"82s":{"weight":0.0,"played":[0.9916,0.0084],"evs":[0.0,-1.98105]},"83s":{"weight":0.0,"played":[0.9674,0.0326],"evs":[0.0,-0.74414]},"84s":{"weight":0.0,"played":[0.9929,0.0071],"evs":[0.0,-1.36068]},"85s":{"weight":0.0,"played":[0.9413,0.0587],"evs":[0.0,-0.58202]},"86s":{"weight":0.0,"played":[0.9922,0.0078],"evs":[0.0,-0.85062]},"87s":{"weight":0.0044,"played":[0.997,0.003],"evs":[0.0,-0.14735]},"88":{"weight":0.0014,"played":[0.0936,0.9064],"evs":[0.0,-0.02739]},"98o":{"weight":0.0,"played":[0.9993,7.0E-4],"evs":[0.0,-1.37278]},"T8o":{"weight":0.0,"played":[0.9986,0.0014],"evs":[0.0,-1.6455]},"J8o":{"weight":0.0,"played":[0.9998,2.0E-4],"evs":[0.0,-1.7982]},"Q8o":{"weight":0.0,"played":[0.9997,3.0E-4],"evs":[0.0,-2.05263]},"K8o":{"weight":0.0,"played":[0.9987,0.0013],"evs":[0.0,-2.3107]},"A8o":{"weight":0.0,"played":[0.9957,0.0043],"evs":[0.0,-2.02573]},"92s":{"weight":0.0,"played":[0.9998,2.0E-4],"evs":[0.0,-1.73941]},"93s":{"weight":0.0,"played":[0.9984,0.0016],"evs":[0.0,-1.45076]},"94s":{"weight":0.0,"played":[0.9983,0.0017],"evs":[0.0,-0.76343]},"95s":{"weight":0.0,"played":[0.9705,0.0295],"evs":[0.0,-1.66432]},"96s":{"weight":0.0,"played":[0.9992,8.0E-4],"evs":[0.0,-1.15702]},"97s":{"weight":0.0,"played":[0.9477,0.0523],"evs":[0.0,-1.21701]},"98s":{"weight":0.9998,"played":[0.9984,0.0016],"evs":[0.0,-0.64896]},"99":{"weight":0.0072,"played":[0.074,0.926],"evs":[0.0,0.39541]},"T9o":{"weight":0.0,"played":[1.0,0.0],"evs":[0.0,-1.37859]},"J9o":{"weight":0.0,"played":[0.9978,0.0022],"evs":[0.0,-1.66122]},"Q9o":{"weight":0.0,"played":[0.9947,0.0053],"evs":[0.0,-1.69235]},"K9o":{"weight":0.0,"played":[0.9964,0.0036],"evs":[0.0,-2.61299]},"A9o":{"weight":1.0,"played":[0.9994,6.0E-4],"evs":[0.0,-2.209]},"T2s":{"weight":0.0,"played":[0.9999,1.0E-4],"evs":[0.0,-0.9688]},"T3s":{"weight":0.0,"played":[0.9918,0.0082],"evs":[0.0,-1.81243]},"T4s":{"weight":0.0,"played":[0.9992,8.0E-4],"evs":[0.0,-1.83652]},"T5s":{"weight":0.0,"played":[0.9999,1.0E-4],"evs":[0.0,-1.80397]},"T6s":{"weight":0.0,"played":[0.942,0.058],"evs":[0.0,-1.01208]},"T7s":{"weight":0.0,"played":[0.9394,0.0606],"evs":[0.0,-0.75829]},"T8s":{"weight":0.9792,"played":[0.9901,0.0099],"evs":[0.0,-0.55988]},"T9s":{"weight":0.9999,"played":[0.9648,0.0352],"evs":[0.0,-1.09055]},"TT":{"weight":0.0983,"played":[2.0E-4,0.9998],"evs":[0.0,0.7435]},"JTo":{"weight":0.0,"played":[0.9936,0.0064],"evs":[0.0,-1.68075]},"QTo":{"weight":0.0,"played":[0.9972,0.0028],"evs":[0.0,-1.48394]},"KTo":{"weight":0.0,"played":[0.9998,2.0E-4],"evs":[0.0,-1.74228]},"ATo":{"weight":0.9998,"played":[0.9984,0.0016],"evs":[0.0,-1.84707]},"J2s":{"weight":0.0,"played":[0.9526,0.0474],"evs":[0.0,-0.57469]},"J3s":{"weight":0.0,"played":[0.8851,0.1149],"evs":[0.0,-1.44609]},"J4s":{"weight":0.0,"played":[0.9979,0.0021],"evs":[0.0,-1.55942]},"J5s":{"weight":0.0,"played":[0.9333,0.0667],"evs":[0.0,-0.50412]},"J6s":{"weight":0.0,"played":[0.9752,0.0248],"evs":[0.0,-0.37935]},"J7s":{"weight":0.0,"played":[0.9991,9.0E-4],"evs":[0.0,-1.11302]},"J8s":{"weight":0.4388,"played":[0.9987,0.0013],"evs":[0.0,-0.85123]},"J9s":{"weight":0.3181,"played":[0.8674,0.1326],"evs":[0.0,-0.79774]},"JTs":{"weight":1.0E-4,"played":[0.5047,0.4953],"evs":[0.0,-0.41934]},"JJ":{"weight":0.3161,"played":[0.0,1.0],"evs":[0.0,2.62286]},"QJo":{"weight":3.0E-4,"played":[0.9517,0.0483],"evs":[0.0,-1.27164]},"KJo":{"weight":0.3453,"played":[0.9981,0.0019],"evs":[0.0,-1.01515]},"AJo":{"weight":0.0773,"played":[0.9552,0.0448],"evs":[0.0,-1.72446]},"Q2s":{"weight":0.0,"played":[0.9937,0.0063],"evs":[0.0,-1.24088]},"Q3s":{"weight":0.0,"played":[0.9998,2.0E-4],"evs":[0.0,-2.10415]},"Q4s":{"weight":0.0,"played":[0.9933,0.0067],"evs":[0.0,-1.49046]},"Q5s":{"weight":0.0,"played":[0.9382,0.0618],"evs":[0.0,-1.09223]},"Q6s":{"weight":0.0,"played":[0.9648,0.0352],"evs":[0.0,-1.8255]},"Q7s":{"weight":0.0,"played":[0.9967,0.0033],"evs":[0.0,-0.60169]},"Q8s":{"weight":0.0,"played":[0.9594,0.0406],"evs":[0.0,-1.5475]},"Q9s":{"weight":0.9616,"played":[0.9822,0.0178],"evs":[0.0,-0.74206]},"QTs":{"weight":0.0,"played":[0.4134,0.5866],"evs":[0.0,-0.48238]},"QJs":{"weight":0.0,"played":[0.455,0.545],"evs":[0.0,-0.35876]},"QQ":{"weight":1.0,"played":[0.0,1.0],"evs":[0.0,4.70965]},"KQo":{"weight":2.0E-4,"played":[0.9561,0.0439],"evs":[0.0,-1.75153]},"AQo":{"weight":0.0,"played":[0.9443,0.0557],"evs":[0.0,0.09066]},"K2s":{"weight":0.0,"played":[1.0,0.0],"evs":[0.0,-1.37776]},"K3s":{"weight":0.0,"played":[0.9985,0.0015],"evs":[0.0,-1.46007]},"K4s":{"weight":0.0,"played":[0.9803,0.0197],"evs":[0.0,-0.95527]},"K5s":{"weight":0.0,"played":[0.9781,0.0219],"evs":[0.0,-1.33767]},"K6s":{"weight":1.0E-4,"played":[0.9954,0.0046],"evs":[0.0,-0.895]},"K7s":{"weight":0.0,"played":[0.9999,1.0E-4],"evs":[0.0,-1.68712]},"K8s":{"weight":0.005,"played":[0.9998,2.0E-4],"evs":[0.0,-1.12704]},"K9s":{"weight":0.9788,"played":[0.971,0.029],"evs":[0.0,-0.69542]},"KTs":{"weight":1.0E-4,"played":[0.7992,0.2008],"evs":[0.0,0.04771]},"KJs":{"weight":0.0,"played":[0.8847,0.1153],"evs":[0.0,0.16746]},"KQs":{"weight":0.0,"played":[0.7111,0.2889],"evs":[0.0,-0.79116]},"KK":{"weight":0.9999,"played":[0.0,1.0],"evs":[0.0,7.01414]},"AKo":{"weight":0.259,"played":[0.0063,0.9937],"evs":[0.0,0.32304]},"A2s":{"weight":0.8526,"played":[0.9997,3.0E-4],"evs":[0.0,-0.55747]},"A3s":{"weight":0.0545,"played":[0.8585,0.1415],"evs":[0.0,-0.21082]},"A4s":{"weight":0.0382,"played":[0.9912,0.0088],"evs":[0.0,-0.62508]},"A5s":{"weight":0.0025,"played":[0.9605,0.0395],"evs":[0.0,-0.90757]},"A6s":{"weight":0.997,"played":[0.9967,0.0033],"evs":[0.0,-1.47496]},"A7s":{"weight":0.6089,"played":[0.7033,0.2967],"evs":[0.0,-0.12022]},"A8s":{"weight":0.9138,"played":[0.9617,0.0383],"evs":[0.0,-1.59829]},"A9s":{"weight":0.1044,"played":[0.9872,0.0128],"evs":[0.0,-1.51444]},"ATs":{"weight":4.0E-4,"played":[0.9975,0.0025],"evs":[0.0,-0.32057]},"AJs":{"weight":0.0011,"played":[0.9889,0.0111],"evs":[0.0,-0.75992]},"AQs":{"weight":5.0E-4,"played":[0.2876,0.7124],"evs":[0.0,0.10263]},"AKs":{"weight":0.9193,"played":[5.0E-4,0.9995],"evs":[0.0,1.32245]},"AA":{"weight":1.0,"played":[0.0,1.0],"evs":[0.0,9.91393]}}}