{"player":5,"street":0,"children":2,"sequence":[{"player":0,"type":"F","amount":0,"street":0},{"player":1,"type":"R","amount":8160000,"street":0},{"player":2,"type":"R","amount":27360000,"street":0},{"player":3,"type":"C","amount":27360000,"street":0},{"player":4,"type":"F","amount":0,"street":0}],"actions":[{"type":"F","amount":0,"node":123},{"type":"C","amount":16480000,"node":124}],"hands":{"22":{"weight":1.0,"played":[1.0,0.0],"evs":[0.0,-5.63293]},"32o":{"weight":1.0,"played":[1.0,0.0],"evs":[0.0,-6.89317]},"42o":{"weight":1.0,"played":[1.0,0.0],"evs":[0.0,-6.78821]},"52o":{"weight":1.0,"played":[1.0,0.0],"evs":[0.0,-6.65376]},"62o":{"weight":1.0,"played":[1.0,0.0],"evs":[0.0,-6.96493]},"72o":{"weight":1.0,"played":[1.0,0.0],"evs":[0.0,-7.41788]},"82o":{"weight":1.0,"played":[1.0,0.0],"evs":[0.0,-7.36627]},"92o":{"weight":1.0,"played":[1.0,0.0],"evs":[0.0,-7.64212]},"T2o":{"weight":1.0,"played":[1.0,0.0],"evs":[0.0,-7.4893]},"J2o":{"weight":1.0,"played":[1.0,0.0],"evs":[0.0,-7.45406]},"Q2o":{"weight":1.0,"played":[1.0,0.0],"evs":[0.0,-6.97186]},"K2o":{"weight":1.0,"played":[1.0,0.0],"evs":[0.0,-6.81919]},"A2o":{"weight":1.0,"played":[1.0,0.0],"evs":[0.0,-6.38811]},"32s":{"weight":1.0,"played":[1.0,0.0],"evs":[0.0,-5.95189]},"33":{"weight":1.0,"played":[1.0,0.0],"evs":[0.0,-5.75907]},"43o":{"weight":1.0,"played":[1.0,0.0],"evs":[0.0,-6.51829]},"53o":{"weight":1.0,"played":[1.0,0.0],"evs":[0.0,-6.23971]},"63o":{"weight":1.0,"played":[1.0,0.0],"evs":[0.0,-6.52154]},"73o":{"weight":1.0,"played":[1.0,0.0],"evs":[0.0,-6.95322]},"83o":{"weight":1.0,"played":[1.0,0.0],"evs":[0.0,-7.15375]},"93o":{"weight":1.0,"played":[1.0,0.0],"evs":[0.0,-7.14213]},"T3o":{"weight":1.0,"played":[1.0,0.0],"evs":[0.0,-7.35942]},"J3o":{"weight":1.0,"played":[1.0,0.0],"evs":[0.0,-7.36949]},"Q3o":{"weight":1.0,"played":[1.0,0.0],"evs":[0.0,-6.97155]},"K3o":{"weight":1.0,"played":[1.0,0.0],"evs":[0.0,-6.60065]},"A3o":{"weight":1.0,"played":[1.0,0.0],"evs":[0.0,-6.16486]},"42s":{"weight":1.0,"played":[1.0,0.0],"evs":[0.0,-5.92467]},"43s":{"weight":1.0,"played":[1.0,0.0],"evs":[0.0,-5.39638]},"44":{"weight":1.0,"played":[1.0,0.0],"evs":[0.0,-5.53571]},"54o":{"weight":1.0,"played":[1.0,0.0],"evs":[0.0,-5.96451]},"64o":{"weight":1.0,"played":[1.0,0.0],"evs":[0.0,-6.00181]},"74o":{"weight":1.0,"played":[1.0,0.0],"evs":[0.0,-6.5289]},"84o":{"weight":1.0,"played":[1.0,0.0],"evs":[0.0,-6.8933]},"94o":{"weight":1.0,"played":[1.0,0.0],"evs":[0.0,-7.36526]},"T4o":{"weight":1.0,"played":[1.0,0.0],"evs":[0.0,-7.28988]},"J4o":{"weight":1.0,"played":[1.0,0.0],"evs":[0.0,-7.00113]},"Q4o":{"weight":1.0,"played":[1.0,0.0],"evs":[0.0,-6.57726]},"K4o":{"weight":1.0,"played":[1.0,0.0],"evs":[0.0,-6.76372]},"A4o":{"weight":1.0,"played":[1.0,0.0],"evs":[0.0,-5.80833]},"52s":{"weight":1.0,"played":[1.0,0.0],"evs":[0.0,-5.73167]},"53s":{"weight":1.0,"played":[1.0,0.0],"evs":[0.0,-5.378]},"54s":{"weight":1.0,"played":[1.0,0.0],"evs":[0.0,-5.38029]},"55":{"weight":1.0,"played":[1.0,0.0],"evs":[0.0,-5.51792]},"65o":{"weight":1.0,"played":[1.0,0.0],"evs":[0.0,-5.60198]},"75o":{"weight":1.0,"played":[1.0,0.0],"evs":[0.0,-6.05951]},"85o":{"weight":1.0,"played":[1.0,0.0],"evs":[0.0,-6.42886]},"95o":{"weight":1.0,"played":[1.0,0.0],"evs":[0.0,-6.8265]},"T5o":{"weight":1.0,"played":[1.0,0.0],"evs":[0.0,-7.35658]},"J5o":{"weight":1.0,"played":[1.0,0.0],"evs":[0.0,-6.94903]},"Q5o":{"weight":1.0,"played":[1.0,0.0],"evs":[0.0,-6.62741]},"K5o":{"weight":1.0,"played":[1.0,0.0],"evs":[0.0,-6.54691]},"A5o":{"weight":1.0,"played":[1.0,0.0],"evs":[0.0,-5.88895]},"62s":{"weight":1.0,"played":[1.0,0.0],"evs":[0.0,-5.92986]},"63s":{"weight":1.0,"played":[1.0,0.0],"evs":[0.0,-5.70901]},"64s":{"weight":1.0,"played":[1.0,0.0],"evs":[0.0,-5.02167]},"65s":{"weight":1.0,"played":[1.0,0.0],"evs":[0.0,-4.61318]},"66":{"weight":1.0,"played":[1.0,0.0],"evs":[0.0,-5.13261]},"76o":{"weight":1.0,"played":[1.0,0.0],"evs":[0.0,-5.9403]},"86o":{"weight":1.0,"played":[1.0,0.0],"evs":[0.0,-6.11497]},"96o":{"weight":1.0,"played":[1.0,0.0],"evs":[0.0,-6.60264]},"T6o":{"weight":1.0,"played":[1.0,0.0],"evs":[0.0,-6.89035]},"J6o":{"weight":1.0,"played":[1.0,0.0],"evs":[0.0,-7.07552]},"Q6o":{"weight":1.0,"played":[1.0,0.0],"evs":[0.0,-6.84507]},"K6o":{"weight":1.0,"played":[1.0,0.0],"evs":[0.0,-6.35216]},"A6o":{"weight":1.0,"played":[1.0,0.0],"evs":[0.0,-6.42987]},"72s":{"weight":1.0,"played":[1.0,0.0],"evs":[0.0,-6.31317]},"73s":{"weight":1.0,"played":[1.0,0.0],"evs":[0.0,-5.90324]},"74s":{"weight":1.0,"played":[1.0,0.0],"evs":[0.0,-5.38938]},"75s":{"weight":1.0,"played":[1.0,0.0],"evs":[0.0,-5.11667]},"76s":{"weight":1.0,"played":[1.0,0.0],"evs":[0.0,-4.88573]},"77":{"weight":1.0,"played":[1.0,0.0],"evs":[0.0,-5.40189]},"87o":{"weight":1.0,"played":[1.0,0.0],"evs":[0.0,-5.98532]},"97o":{"weight":1.0,"played":[1.0,0.0],"evs":[0.0,-6.37017]},"T7o":{"weight":1.0,"played":[1.0,0.0],"evs":[0.0,-6.70987]},"J7o":{"weight":1.0,"played":[1.0,0.0],"evs":[0.0,-6.91141]},"Q7o":{"weight":1.0,"played":[1.0,0.0],"evs":[0.0,-6.572]},"K7o":{"weight":1.0,"played":[1.0,0.0],"evs":[0.0,-6.50344]},"A7o":{"weight":1.0,"played":[1.0,0.0],"evs":[0.0,-6.38385]},"82s":{"weight":1.0,"played":[1.0,0.0],"evs":[0.0,-6.38793]},"83s":{"weight":1.0,"played":[1.0,0.0],"evs":[0.0,-6.37636]},"84s":{"weight":1.0,"played":[1.0,0.0],"evs":[0.0,-5.70292]},"85s":{"weight":1.0,"played":[1.0,0.0],"evs":[0.0,-5.39451]},"86s":{"weight":1.0,"played":[1.0,0.0],"evs":[0.0,-5.41028]},"87s":{"weight":1.0,"played":[1.0,0.0],"evs":[0.0,-5.0696]},"88":{"weight":1.0,"played":[1.0,0.0],"evs":[0.0,-5.13967]},"98o":{"weight":1.0,"played":[1.0,0.0],"evs":[0.0,-6.51614]},"T8o":{"weight":1.0,"played":[1.0,0.0],"evs":[0.0,-6.65985]},"J8o":{"weight":1.0,"played":[1.0,0.0],"evs":[0.0,-6.74396]},"Q8o":{"weight":1.0,"played":[1.0,0.0],"evs":[0.0,-6.6189]},"K8o":{"weight":1.0,"played":[1.0,0.0],"evs":[0.0,-6.77873]},"A8o":{"weight":1.0,"played":[1.0,0.0],"evs":[0.0,-6.49511]},"92s":{"weight":1.0,"played":[1.0,0.0],"evs":[0.0,-6.78484]},"93s":{"weight":1.0,"played":[1.0,0.0],"evs":[0.0,-6.21965]},"94s":{"weight":1.0,"played":[1.0,0.0],"evs":[0.0,-6.3517]},"95s":{"weight":1.0,"played":[1.0,0.0],"evs":[0.0,-6.00349]},"96s":{"weight":1.0,"played":[1.0,0.0],"evs":[0.0,-5.45798]},"97s":{"weight":1.0,"played":[1.0,0.0],"evs":[0.0,-5.5161]},"98s":{"weight":1.0,"played":[1.0,0.0],"evs":[0.0,-5.75094]},"99":{"weight":1.0,"played":[1.0,0.0],"evs":[0.0,-5.05085]},"T9o":{"weight":1.0,"played":[1.0,0.0],"evs":[0.0,-6.38873]},"J9o":{"weight":1.0,"played":[1.0,0.0],"evs":[0.0,-6.70696]},"Q9o":{"weight":1.0,"played":[1.0,0.0],"evs":[0.0,-6.4027]},"K9o":{"weight":1.0,"played":[1.0,0.0],"evs":[0.0,-6.46257]},"A9o":{"weight":1.0,"played":[1.0,0.0],"evs":[0.0,-6.35381]},"T2s":{"weight":1.0,"played":[1.0,0.0],"evs":[0.0,-6.59988]},"T3s":{"weight":1.0,"played":[1.0,0.0],"evs":[0.0,-6.29045]},"T4s":{"weight":1.0,"played":[1.0,0.0],"evs":[0.0,-6.31578]},"T5s":{"weight":1.0,"played":[1.0,0.0],"evs":[0.0,-6.60108]},"T6s":{"weight":1.0,"played":[1.0,0.0],"evs":[0.0,-6.18488]},"T7s":{"weight":1.0,"played":[1.0,0.0],"evs":[0.0,-5.87474]},"T8s":{"weight":1.0,"played":[1.0,0.0],"evs":[0.0,-5.75643]},"T9s":{"weight":1.0,"played":[1.0,0.0],"evs":[0.0,-5.40495]},"TT":{"weight":1.0,"played":[1.0,0.0],"evs":[0.0,-5.16199]},"JTo":{"weight":1.0,"played":[1.0,0.0],"evs":[0.0,-6.43268]},"QTo":{"weight":1.0,"played":[1.0,0.0],"evs":[0.0,-6.53202]},"KTo":{"weight":1.0,"played":[1.0,0.0],"evs":[0.0,-6.42273]},"ATo":{"weight":1.0,"played":[1.0,0.0],"evs":[0.0,-6.33289]},"J2s":{"weight":1.0,"played":[1.0,0.0],"evs":[0.0,-6.59596]},"J3s":{"weight":1.0,"played":[1.0,0.0],"evs":[0.0,-6.38812]},"J4s":{"weight":1.0,"played":[1.0,0.0],"evs":[0.0,-6.28039]},"J5s":{"weight":1.0,"played":[1.0,0.0],"evs":[0.0,-6.02714]},"J6s":{"weight":1.0,"played":[1.0,0.0],"evs":[0.0,-6.06802]},"J7s":{"weight":1.0,"played":[1.0,0.0],"evs":[0.0,-5.95009]},"J8s":{"weight":1.0,"played":[1.0,0.0],"evs":[0.0,-5.8029]},"J9s":{"weight":1.0,"played":[1.0,0.0],"evs":[0.0,-5.87422]},"JTs":{"weight":1.0,"played":[1.0,0.0],"evs":[0.0,-5.15719]},"JJ":{"weight":1.0,"played":[0.9997,3.0E-4],"evs":[0.0,-2.96644]},"QJo":{"weight":1.0,"played":[1.0,0.0],"evs":[0.0,-6.17658]},"KJo":{"weight":1.0,"played":[1.0,0.0],"evs":[0.0,-5.99195]},"AJo":{"weight":1.0,"played":[1.0,0.0],"evs":[0.0,-5.72645]},"Q2s":{"weight":1.0,"played":[1.0,0.0],"evs":[0.0,-6.01169]},"Q3s":{"weight":1.0,"played":[1.0,0.0],"evs":[0.0,-6.11243]},"Q4s":{"weight":1.0,"played":[1.0,0.0],"evs":[0.0,-5.96906]},"Q5s":{"weight":1.0,"played":[1.0,0.0],"evs":[0.0,-5.73501]},"Q6s":{"weight":1.0,"played":[1.0,0.0],"evs":[0.0,-5.61635]},"Q7s":{"weight":1.0,"played":[1.0,0.0],"evs":[0.0,-5.86495]},"Q8s":{"weight":1.0,"played":[1.0,0.0],"evs":[0.0,-5.46265]},"Q9s":{"weight":1.0,"played":[1.0,0.0],"evs":[0.0,-5.72934]},"QTs":{"weight":1.0,"played":[1.0,0.0],"evs":[0.0,-5.17743]},"QJs":{"weight":1.0,"played":[1.0,0.0],"evs":[0.0,-5.0658]},"QQ":{"weight":1.0,"played":[0.9916,0.0084],"evs":[0.0,-0.3886]},"KQo":{"weight":1.0,"played":[1.0,0.0],"evs":[0.0,-5.38596]},"AQo":{"weight":1.0,"played":[1.0,0.0],"evs":[0.0,-4.96105]},"K2s":{"weight":1.0,"played":[1.0,0.0],"evs":[0.0,-5.66681]},"K3s":{"weight":1.0,"played":[1.0,0.0],"evs":[0.0,-5.62256]},"K4s":{"weight":1.0,"played":[1.0,0.0],"evs":[0.0,-5.65301]},"K5s":{"weight":1.0,"played":[1.0,0.0],"evs":[0.0,-5.59748]},"K6s":{"weight":1.0,"played":[1.0,0.0],"evs":[0.0,-5.2341]},"K7s":{"weight":1.0,"played":[1.0,0.0],"evs":[0.0,-5.64771]},"K8s":{"weight":1.0,"played":[1.0,0.0],"evs":[0.0,-5.32203]},"K9s":{"weight":1.0,"played":[1.0,0.0],"evs":[0.0,-5.61696]},"KTs":{"weight":1.0,"played":[1.0,0.0],"evs":[0.0,-5.45034]},"KJs":{"weight":1.0,"played":[1.0,0.0],"evs":[0.0,-5.13248]},"KQs":{"weight":1.0,"played":[0.9999,1.0E-4],"evs":[0.0,-4.30407]},"KK":{"weight":1.0,"played":[1.0E-4,0.9999],"evs":[0.0,2.47999]},"AKo":{"weight":1.0,"played":[1.0,0.0],"evs":[0.0,-3.4442]},"A2s":{"weight":1.0,"played":[1.0,0.0],"evs":[0.0,-5.24508]},"A3s":{"weight":1.0,"played":[1.0,0.0],"evs":[0.0,-5.16365]},"A4s":{"weight":1.0,"played":[1.0,0.0],"evs":[0.0,-5.26015]},"A5s":{"weight":1.0,"played":[1.0,0.0],"evs":[0.0,-5.41685]},"A6s":{"weight":1.0,"played":[1.0,0.0],"evs":[0.0,-5.37686]},"A7s":{"weight":1.0,"played":[1.0,0.0],"evs":[0.0,-5.40633]},"A8s":{"weight":1.0,"played":[1.0,0.0],"evs":[0.0,-5.29802]},"A9s":{"weight":1.0,"played":[1.0,0.0],"evs":[0.0,-5.42637]},"ATs":{"weight":1.0,"played":[1.0,0.0],"evs":[0.0,-4.94488]},"AJs":{"weight":1.0,"played":[0.9998,2.0E-4],"evs":[0.0,-4.51211]},"AQs":{"weight":1.0,"played":[1.0,0.0],"evs":[0.0,-4.05375]},"AKs":{"weight":1.0,"played":[1.0,0.0],"evs":[0.0,-3.01877]},"AA":{"weight":1.0,"played":[0.0,1.0],"evs":[0.0,5.97476]}}}