{"player":6,"street":0,"children":2,"sequence":[{"player":0,"type":"F","amount":0,"street":0},{"player":1,"type":"R","amount":8160000,"street":0},{"player":2,"type":"R","amount":27360000,"street":0},{"player":3,"type":"C","amount":27360000,"street":0},{"player":4,"type":"F","amount":0,"street":0},{"player":5,"type":"F","amount":0,"street":0}],"actions":[{"type":"F","amount":0},{"type":"C","amount":7840000}],"hands":{"22":{"weight":1.0,"played":[1.0,0.0],"evs":[0.0,-2.77015]},"32o":{"weight":1.0,"played":[1.0,0.0],"evs":[0.0,-3.58438]},"42o":{"weight":1.0,"played":[1.0,0.0],"evs":[0.0,-3.4528]},"52o":{"weight":1.0,"played":[1.0,0.0],"evs":[0.0,-3.52751]},"62o":{"weight":1.0,"played":[1.0,0.0],"evs":[0.0,-3.67907]},"72o":{"weight":1.0,"played":[1.0,0.0],"evs":[0.0,-4.03098]},"82o":{"weight":1.0,"played":[1.0,0.0],"evs":[0.0,-3.87061]},"92o":{"weight":1.0,"played":[1.0,0.0],"evs":[0.0,-4.15837]},"T2o":{"weight":1.0,"played":[1.0,0.0],"evs":[0.0,-4.22978]},"J2o":{"weight":1.0,"played":[1.0,0.0],"evs":[0.0,-3.93902]},"Q2o":{"weight":1.0,"played":[1.0,0.0],"evs":[0.0,-3.84326]},"K2o":{"weight":1.0,"played":[1.0,0.0],"evs":[0.0,-3.81313]},"A2o":{"weight":1.0,"played":[1.0,0.0],"evs":[0.0,-3.35682]},"32s":{"weight":1.0,"played":[0.9999,1.0E-4],"evs":[0.0,-2.97574]},"33":{"weight":1.0,"played":[1.0,0.0],"evs":[0.0,-2.74352]},"43o":{"weight":1.0,"played":[1.0,0.0],"evs":[0.0,-3.15424]},"53o":{"weight":1.0,"played":[1.0,0.0],"evs":[0.0,-3.03272]},"63o":{"weight":1.0,"played":[1.0,0.0],"evs":[0.0,-3.41987]},"73o":{"weight":1.0,"played":[1.0,0.0],"evs":[0.0,-3.5495]},"83o":{"weight":1.0,"played":[1.0,0.0],"evs":[0.0,-3.83817]},"93o":{"weight":1.0,"played":[1.0,0.0],"evs":[0.0,-3.94382]},"T3o":{"weight":1.0,"played":[1.0,0.0],"evs":[0.0,-4.16895]},"J3o":{"weight":1.0,"played":[1.0,0.0],"evs":[0.0,-3.84654]},"Q3o":{"weight":1.0,"played":[1.0,0.0],"evs":[0.0,-3.59753]},"K3o":{"weight":1.0,"played":[1.0,0.0],"evs":[0.0,-3.50586]},"A3o":{"weight":1.0,"played":[1.0,0.0],"evs":[0.0,-3.393]},"42s":{"weight":1.0,"played":[1.0,0.0],"evs":[0.0,-2.83584]},"43s":{"weight":1.0,"played":[1.0,0.0],"evs":[0.0,-2.25719]},"44":{"weight":1.0,"played":[1.0,0.0],"evs":[0.0,-2.49182]},"54o":{"weight":1.0,"played":[1.0,0.0],"evs":[0.0,-2.91883]},"64o":{"weight":1.0,"played":[1.0,0.0],"evs":[0.0,-3.02782]},"74o":{"weight":1.0,"played":[1.0,0.0],"evs":[0.0,-3.3207]},"84o":{"weight":1.0,"played":[1.0,0.0],"evs":[0.0,-3.67797]},"94o":{"weight":1.0,"played":[1.0,0.0],"evs":[0.0,-3.88484]},"T4o":{"weight":1.0,"played":[1.0,0.0],"evs":[0.0,-3.88495]},"J4o":{"weight":1.0,"played":[1.0,0.0],"evs":[0.0,-3.82297]},"Q4o":{"weight":1.0,"played":[1.0,0.0],"evs":[0.0,-3.64737]},"K4o":{"weight":1.0,"played":[1.0,0.0],"evs":[0.0,-3.43596]},"A4o":{"weight":1.0,"played":[1.0,0.0],"evs":[0.0,-3.24017]},"52s":{"weight":1.0,"played":[1.0,0.0],"evs":[0.0,-2.86893]},"53s":{"weight":1.0,"played":[1.0,0.0],"evs":[0.0,-2.47818]},"54s":{"weight":1.0,"played":[1.0,0.0],"evs":[0.0,-2.05505]},"55":{"weight":1.0,"played":[1.0,0.0],"evs":[0.0,-2.39526]},"65o":{"weight":1.0,"played":[1.0,0.0],"evs":[0.0,-2.5973]},"75o":{"weight":1.0,"played":[1.0,0.0],"evs":[0.0,-2.85139]},"85o":{"weight":1.0,"played":[1.0,0.0],"evs":[0.0,-3.34523]},"95o":{"weight":1.0,"played":[1.0,0.0],"evs":[0.0,-3.72177]},"T5o":{"weight":1.0,"played":[1.0,0.0],"evs":[0.0,-4.02868]},"J5o":{"weight":1.0,"played":[1.0,0.0],"evs":[0.0,-3.57496]},"Q5o":{"weight":1.0,"played":[1.0,0.0],"evs":[0.0,-3.4755]},"K5o":{"weight":1.0,"played":[1.0,0.0],"evs":[0.0,-3.56731]},"A5o":{"weight":1.0,"played":[1.0,0.0],"evs":[0.0,-3.18999]},"62s":{"weight":1.0,"played":[1.0,0.0],"evs":[0.0,-3.12516]},"63s":{"weight":1.0,"played":[1.0,0.0],"evs":[0.0,-2.84203]},"64s":{"weight":1.0,"played":[1.0,0.0],"evs":[0.0,-2.30508]},"65s":{"weight":1.0,"played":[0.9999,1.0E-4],"evs":[0.0,-2.04613]},"66":{"weight":1.0,"played":[1.0,0.0],"evs":[0.0,-2.26869]},"76o":{"weight":1.0,"played":[1.0,0.0],"evs":[0.0,-2.86169]},"86o":{"weight":1.0,"played":[1.0,0.0],"evs":[0.0,-3.11506]},"96o":{"weight":1.0,"played":[1.0,0.0],"evs":[0.0,-3.42953]},"T6o":{"weight":1.0,"played":[1.0,0.0],"evs":[0.0,-3.7936]},"J6o":{"weight":1.0,"played":[1.0,0.0],"evs":[0.0,-3.7472]},"Q6o":{"weight":1.0,"played":[1.0,0.0],"evs":[0.0,-3.49877]},"K6o":{"weight":1.0,"played":[1.0,0.0],"evs":[0.0,-3.44364]},"A6o":{"weight":1.0,"played":[1.0,0.0],"evs":[0.0,-3.51083]},"72s":{"weight":1.0,"played":[1.0,0.0],"evs":[0.0,-3.50548]},"73s":{"weight":1.0,"played":[1.0,0.0],"evs":[0.0,-2.9139]},"74s":{"weight":1.0,"played":[1.0,0.0],"evs":[0.0,-2.58893]},"75s":{"weight":1.0,"played":[1.0,0.0],"evs":[0.0,-2.17838]},"76s":{"weight":1.0,"played":[1.0,0.0],"evs":[0.0,-2.12594]},"77":{"weight":1.0,"played":[1.0,0.0],"evs":[0.0,-2.33677]},"87o":{"weight":1.0,"played":[1.0,0.0],"evs":[0.0,-2.94712]},"97o":{"weight":1.0,"played":[1.0,0.0],"evs":[0.0,-3.29716]},"T7o":{"weight":1.0,"played":[1.0,0.0],"evs":[0.0,-3.46811]},"J7o":{"weight":1.0,"played":[1.0,0.0],"evs":[0.0,-3.59243]},"Q7o":{"weight":1.0,"played":[1.0,0.0],"evs":[0.0,-3.58989]},"K7o":{"weight":1.0,"played":[1.0,0.0],"evs":[0.0,-3.35533]},"A7o":{"weight":1.0,"played":[1.0,0.0],"evs":[0.0,-3.3901]},"82s":{"weight":1.0,"played":[1.0,0.0],"evs":[0.0,-3.15859]},"83s":{"weight":1.0,"played":[1.0,0.0],"evs":[0.0,-3.21415]},"84s":{"weight":1.0,"played":[1.0,0.0],"evs":[0.0,-2.99384]},"85s":{"weight":1.0,"played":[1.0,0.0],"evs":[0.0,-2.34661]},"86s":{"weight":1.0,"played":[1.0,0.0],"evs":[0.0,-2.40348]},"87s":{"weight":1.0,"played":[1.0,0.0],"evs":[0.0,-2.19833]},"88":{"weight":1.0,"played":[1.0,0.0],"evs":[0.0,-2.10139]},"98o":{"weight":1.0,"played":[1.0,0.0],"evs":[0.0,-3.15777]},"T8o":{"weight":1.0,"played":[1.0,0.0],"evs":[0.0,-3.34462]},"J8o":{"weight":1.0,"played":[1.0,0.0],"evs":[0.0,-3.58893]},"Q8o":{"weight":1.0,"played":[1.0,0.0],"evs":[0.0,-3.39948]},"K8o":{"weight":1.0,"played":[1.0,0.0],"evs":[0.0,-3.40164]},"A8o":{"weight":1.0,"played":[1.0,0.0],"evs":[0.0,-3.25844]},"92s":{"weight":1.0,"played":[1.0,0.0],"evs":[0.0,-3.11246]},"93s":{"weight":1.0,"played":[1.0,0.0],"evs":[0.0,-3.30657]},"94s":{"weight":1.0,"played":[1.0,0.0],"evs":[0.0,-3.25022]},"95s":{"weight":1.0,"played":[1.0,0.0],"evs":[0.0,-2.64263]},"96s":{"weight":1.0,"played":[1.0,0.0],"evs":[0.0,-2.56497]},"97s":{"weight":1.0,"played":[1.0,0.0],"evs":[0.0,-2.76608]},"98s":{"weight":1.0,"played":[0.9999,1.0E-4],"evs":[0.0,-2.61404]},"99":{"weight":1.0,"played":[1.0,0.0],"evs":[0.0,-2.46444]},"T9o":{"weight":1.0,"played":[1.0,0.0],"evs":[0.0,-3.26263]},"J9o":{"weight":1.0,"played":[1.0,0.0],"evs":[0.0,-3.63142]},"Q9o":{"weight":1.0,"played":[1.0,0.0],"evs":[0.0,-3.30985]},"K9o":{"weight":1.0,"played":[1.0,0.0],"evs":[0.0,-3.56796]},"A9o":{"weight":1.0,"played":[1.0,0.0],"evs":[0.0,-3.49778]},"T2s":{"weight":1.0,"played":[1.0,0.0],"evs":[0.0,-3.26288]},"T3s":{"weight":1.0,"played":[1.0,0.0],"evs":[0.0,-3.39865]},"T4s":{"weight":1.0,"played":[1.0,0.0],"evs":[0.0,-3.3129]},"T5s":{"weight":1.0,"played":[1.0,0.0],"evs":[0.0,-2.94014]},"T6s":{"weight":1.0,"played":[1.0,0.0],"evs":[0.0,-2.5556]},"T7s":{"weight":1.0,"played":[1.0,0.0],"evs":[0.0,-2.6578]},"T8s":{"weight":1.0,"played":[1.0,0.0],"evs":[0.0,-2.56784]},"T9s":{"weight":1.0,"played":[0.9999,1.0E-4],"evs":[0.0,-2.59289]},"TT":{"weight":1.0,"played":[0.9992,8.0E-4],"evs":[0.0,-1.9189]},"JTo":{"weight":1.0,"played":[1.0,0.0],"evs":[0.0,-3.27949]},"QTo":{"weight":1.0,"played":[1.0,0.0],"evs":[0.0,-3.30897]},"KTo":{"weight":1.0,"played":[1.0,0.0],"evs":[0.0,-3.14077]},"ATo":{"weight":1.0,"played":[1.0,0.0],"evs":[0.0,-3.26521]},"J2s":{"weight":1.0,"played":[0.9998,2.0E-4],"evs":[0.0,-3.21925]},"J3s":{"weight":1.0,"played":[0.9999,1.0E-4],"evs":[0.0,-3.28212]},"J4s":{"weight":1.0,"played":[1.0,0.0],"evs":[0.0,-3.28102]},"J5s":{"weight":1.0,"played":[1.0,0.0],"evs":[0.0,-3.327]},"J6s":{"weight":1.0,"played":[1.0,0.0],"evs":[0.0,-3.05706]},"J7s":{"weight":1.0,"played":[1.0,0.0],"evs":[0.0,-3.11318]},"J8s":{"weight":1.0,"played":[1.0,0.0],"evs":[0.0,-2.6139]},"J9s":{"weight":1.0,"played":[1.0,0.0],"evs":[0.0,-2.59843]},"JTs":{"weight":1.0,"played":[0.9993,7.0E-4],"evs":[0.0,-2.38776]},"JJ":{"weight":1.0,"played":[0.9949,0.0051],"evs":[0.0,-0.76462]},"QJo":{"weight":1.0,"played":[1.0,0.0],"evs":[0.0,-3.02697]},"KJo":{"weight":1.0,"played":[1.0,0.0],"evs":[0.0,-2.96187]},"AJo":{"weight":1.0,"played":[1.0,0.0],"evs":[0.0,-2.61693]},"Q2s":{"weight":1.0,"played":[1.0,0.0],"evs":[0.0,-3.08634]},"Q3s":{"weight":1.0,"played":[1.0,0.0],"evs":[0.0,-3.0064]},"Q4s":{"weight":1.0,"played":[1.0,0.0],"evs":[0.0,-2.62411]},"Q5s":{"weight":1.0,"played":[1.0,0.0],"evs":[0.0,-2.8298]},"Q6s":{"weight":1.0,"played":[1.0,0.0],"evs":[0.0,-3.03832]},"Q7s":{"weight":1.0,"played":[1.0,0.0],"evs":[0.0,-2.81226]},"Q8s":{"weight":1.0,"played":[1.0,0.0],"evs":[0.0,-2.56424]},"Q9s":{"weight":1.0,"played":[1.0,0.0],"evs":[0.0,-2.79998]},"QTs":{"weight":1.0,"played":[0.9992,8.0E-4],"evs":[0.0,-2.57499]},"QJs":{"weight":1.0,"played":[0.9999,1.0E-4],"evs":[0.0,-2.45802]},"QQ":{"weight":1.0,"played":[0.0,1.0],"evs":[0.0,0.92746]},"KQo":{"weight":1.0,"played":[1.0,0.0],"evs":[0.0,-2.56332]},"AQo":{"weight":1.0,"played":[1.0,0.0],"evs":[0.0,-2.06614]},"K2s":{"weight":1.0,"played":[1.0,0.0],"evs":[0.0,-2.98159]},"K3s":{"weight":1.0,"played":[1.0,0.0],"evs":[0.0,-2.81855]},"K4s":{"weight":1.0,"played":[1.0,0.0],"evs":[0.0,-2.768]},"K5s":{"weight":1.0,"played":[0.9999,1.0E-4],"evs":[0.0,-2.66221]},"K6s":{"weight":1.0,"played":[1.0,0.0],"evs":[0.0,-2.65284]},"K7s":{"weight":1.0,"played":[1.0,0.0],"evs":[0.0,-2.17421]},"K8s":{"weight":1.0,"played":[1.0,0.0],"evs":[0.0,-2.80227]},"K9s":{"weight":1.0,"played":[0.9999,1.0E-4],"evs":[0.0,-2.32496]},"KTs":{"weight":1.0,"played":[1.0,0.0],"evs":[0.0,-2.34006]},"KJs":{"weight":1.0,"played":[0.9996,4.0E-4],"evs":[0.0,-2.48363]},"KQs":{"weight":1.0,"played":[0.9998,2.0E-4],"evs":[0.0,-1.94409]},"KK":{"weight":1.0,"played":[0.0,1.0],"evs":[0.0,3.09877]},"AKo":{"weight":1.0,"played":[0.9999,1.0E-4],"evs":[0.0,-1.30793]},"A2s":{"weight":1.0,"played":[0.9999,1.0E-4],"evs":[0.0,-2.57679]},"A3s":{"weight":1.0,"played":[1.0,0.0],"evs":[0.0,-2.58642]},"A4s":{"weight":1.0,"played":[1.0,0.0],"evs":[0.0,-2.33824]},"A5s":{"weight":1.0,"played":[1.0,0.0],"evs":[0.0,-2.23083]},"A6s":{"weight":1.0,"played":[0.9998,2.0E-4],"evs":[0.0,-2.76719]},"A7s":{"weight":1.0,"played":[1.0,0.0],"evs":[0.0,-2.60173]},"A8s":{"weight":1.0,"played":[1.0,0.0],"evs":[0.0,-2.55889]},"A9s":{"weight":1.0,"played":[1.0,0.0],"evs":[0.0,-2.82228]},"ATs":{"weight":1.0,"played":[1.0,0.0],"evs":[0.0,-2.46516]},"AJs":{"weight":1.0,"played":[1.0,0.0],"evs":[0.0,-1.73117]},"AQs":{"weight":1.0,"played":[0.9957,0.0043],"evs":[0.0,-1.38897]},"AKs":{"weight":1.0,"played":[0.9986,0.0014],"evs":[0.0,-0.46455]},"AA":{"weight":1.0,"played":[0.0,1.0],"evs":[0.0,6.33756]}}}