{"player":6,"street":0,"children":2,"sequence":[{"player":0,"type":"F","amount":0,"street":0},{"player":1,"type":"R","amount":8160000,"street":0},{"player":2,"type":"R","amount":27360000,"street":0},{"player":3,"type":"C","amount":27360000,"street":0},{"player":4,"type":"C","amount":8480000,"street":0},{"player":5,"type":"F","amount":0,"street":0}],"actions":[{"type":"F","amount":0},{"type":"C","amount":7840000}],"hands":{"22":{"weight":1.0,"played":[0.6743,0.3257],"evs":[0.0,-1.93499]},"32o":{"weight":1.0,"played":[0.9978,0.0022],"evs":[0.0,-2.38008]},"42o":{"weight":1.0,"played":[0.9879,0.0121],"evs":[0.0,-1.98109]},"52o":{"weight":1.0,"played":[0.9586,0.0414],"evs":[0.0,-2.14568]},"62o":{"weight":1.0,"played":[0.9997,3.0E-4],"evs":[0.0,-3.85942]},"72o":{"weight":1.0,"played":[0.9748,0.0252],"evs":[0.0,-2.17378]},"82o":{"weight":1.0,"played":[0.9336,0.0664],"evs":[0.0,-3.6057]},"92o":{"weight":1.0,"played":[0.9807,0.0193],"evs":[0.0,-2.98282]},"T2o":{"weight":1.0,"played":[0.9947,0.0053],"evs":[0.0,-4.24469]},"J2o":{"weight":1.0,"played":[0.9996,4.0E-4],"evs":[0.0,-4.42926]},"Q2o":{"weight":1.0,"played":[0.9971,0.0029],"evs":[0.0,-3.76969]},"K2o":{"weight":1.0,"played":[0.9966,0.0034],"evs":[0.0,-3.95483]},"A2o":{"weight":1.0,"played":[0.9998,2.0E-4],"evs":[0.0,-1.41101]},"32s":{"weight":1.0,"played":[0.4729,0.5271],"evs":[0.0,-0.7969]},"33":{"weight":1.0,"played":[0.9916,0.0084],"evs":[0.0,-4.42155]},"43o":{"weight":1.0,"played":[0.9759,0.0241],"evs":[0.0,-3.22454]},"53o":{"weight":1.0,"played":[0.9509,0.0491],"evs":[0.0,-2.70192]},"63o":{"weight":1.0,"played":[1.0,0.0],"evs":[0.0,-1.7877]},"73o":{"weight":1.0,"played":[0.9926,0.0074],"evs":[0.0,-2.51586]},"83o":{"weight":1.0,"played":[0.9775,0.0225],"evs":[0.0,-4.53024]},"93o":{"weight":1.0,"played":[0.9975,0.0025],"evs":[0.0,-4.60678]},"T3o":{"weight":1.0,"played":[0.9998,2.0E-4],"evs":[0.0,-4.89203]},"J3o":{"weight":1.0,"played":[1.0,0.0],"evs":[0.0,-3.21413]},"Q3o":{"weight":1.0,"played":[1.0,0.0],"evs":[0.0,-3.86219]},"K3o":{"weight":1.0,"played":[1.0,0.0],"evs":[0.0,-2.92911]},"A3o":{"weight":1.0,"played":[0.9909,0.0091],"evs":[0.0,-3.93583]},"42s":{"weight":1.0,"played":[0.595,0.405],"evs":[0.0,-1.25946]},"43s":{"weight":1.0,"played":[0.7724,0.2276],"evs":[0.0,-0.71946]},"44":{"weight":1.0,"played":[0.8523,0.1477],"evs":[0.0,-3.64959]},"54o":{"weight":1.0,"played":[0.8033,0.1967],"evs":[0.0,-2.08274]},"64o":{"weight":1.0,"played":[0.9948,0.0052],"evs":[0.0,-4.02269]},"74o":{"weight":1.0,"played":[0.9303,0.0697],"evs":[0.0,-2.93187]},"84o":{"weight":1.0,"played":[0.9999,1.0E-4],"evs":[0.0,-3.59381]},"94o":{"weight":1.0,"played":[0.9978,0.0022],"evs":[0.0,-3.57819]},"T4o":{"weight":1.0,"played":[0.9942,0.0058],"evs":[0.0,-4.37225]},"J4o":{"weight":1.0,"played":[0.9997,3.0E-4],"evs":[0.0,-4.56383]},"Q4o":{"weight":1.0,"played":[0.9978,0.0022],"evs":[0.0,-4.19079]},"K4o":{"weight":1.0,"played":[0.9797,0.0203],"evs":[0.0,-4.00329]},"A4o":{"weight":1.0,"played":[0.9923,0.0077],"evs":[0.0,-3.64167]},"52s":{"weight":1.0,"played":[0.981,0.019],"evs":[0.0,-4.09583]},"53s":{"weight":1.0,"played":[0.9719,0.0281],"evs":[0.0,-3.60286]},"54s":{"weight":1.0,"played":[0.3199,0.6801],"evs":[0.0,-0.82485]},"55":{"weight":1.0,"played":[0.9087,0.0913],"evs":[0.0,-3.12143]},"65o":{"weight":1.0,"played":[0.9157,0.0843],"evs":[0.0,-1.4424]},"75o":{"weight":1.0,"played":[0.9298,0.0702],"evs":[0.0,-1.84113]},"85o":{"weight":1.0,"played":[0.995,0.005],"evs":[0.0,-3.34542]},"95o":{"weight":1.0,"played":[0.869,0.131],"evs":[0.0,-2.48886]},"T5o":{"weight":1.0,"played":[1.0,0.0],"evs":[0.0,-4.23387]},"J5o":{"weight":1.0,"played":[0.9926,0.0074],"evs":[0.0,-3.80863]},"Q5o":{"weight":1.0,"played":[0.9995,5.0E-4],"evs":[0.0,-3.42381]},"K5o":{"weight":1.0,"played":[1.0,0.0],"evs":[0.0,-4.45608]},"A5o":{"weight":1.0,"played":[0.9993,7.0E-4],"evs":[0.0,-2.79927]},"62s":{"weight":1.0,"played":[0.9965,0.0035],"evs":[0.0,-2.37023]},"63s":{"weight":1.0,"played":[0.9815,0.0185],"evs":[0.0,-3.35174]},"64s":{"weight":1.0,"played":[0.9477,0.0523],"evs":[0.0,-1.14955]},"65s":{"weight":1.0,"played":[0.7154,0.2846],"evs":[0.0,0.26654]},"66":{"weight":1.0,"played":[0.7015,0.2985],"evs":[0.0,-2.40154]},"76o":{"weight":1.0,"played":[0.9015,0.0985],"evs":[0.0,-1.49905]},"86o":{"weight":1.0,"played":[0.9798,0.0202],"evs":[0.0,-3.56112]},"96o":{"weight":1.0,"played":[0.6932,0.3068],"evs":[0.0,0.72828]},"T6o":{"weight":1.0,"played":[0.9662,0.0338],"evs":[0.0,-4.24717]},"J6o":{"weight":1.0,"played":[0.9967,0.0033],"evs":[0.0,-4.64878]},"Q6o":{"weight":1.0,"played":[0.9883,0.0117],"evs":[0.0,-2.12648]},"K6o":{"weight":1.0,"played":[1.0,0.0],"evs":[0.0,-4.32396]},"A6o":{"weight":1.0,"played":[0.9661,0.0339],"evs":[0.0,-5.15811]},"72s":{"weight":1.0,"played":[0.8897,0.1103],"evs":[0.0,-1.03193]},"73s":{"weight":1.0,"played":[0.5815,0.4185],"evs":[0.0,0.73509]},"74s":{"weight":1.0,"played":[0.3596,0.6404],"evs":[0.0,0.18247]},"75s":{"weight":1.0,"played":[0.8929,0.1071],"evs":[0.0,-0.26728]},"76s":{"weight":1.0,"played":[0.0846,0.9154],"evs":[0.0,4.49894]},"77":{"weight":1.0,"played":[0.8192,0.1808],"evs":[0.0,-2.13282]},"87o":{"weight":1.0,"played":[0.9994,6.0E-4],"evs":[0.0,-2.08629]},"97o":{"weight":1.0,"played":[0.987,0.013],"evs":[0.0,-2.85675]},"T7o":{"weight":1.0,"played":[0.738,0.262],"evs":[0.0,-0.60571]},"J7o":{"weight":1.0,"played":[0.9933,0.0067],"evs":[0.0,-3.44011]},"Q7o":{"weight":1.0,"played":[0.9986,0.0014],"evs":[0.0,-3.29303]},"K7o":{"weight":1.0,"played":[0.9991,9.0E-4],"evs":[0.0,-3.18937]},"A7o":{"weight":1.0,"played":[0.9396,0.0604],"evs":[0.0,-2.44184]},"82s":{"weight":1.0,"played":[0.8803,0.1197],"evs":[0.0,-1.97685]},"83s":{"weight":1.0,"played":[0.9122,0.0878],"evs":[0.0,-2.48265]},"84s":{"weight":1.0,"played":[0.9995,5.0E-4],"evs":[0.0,-3.6715]},"85s":{"weight":1.0,"played":[0.9588,0.0412],"evs":[0.0,-2.26036]},"86s":{"weight":1.0,"played":[0.9886,0.0114],"evs":[0.0,-2.0397]},"87s":{"weight":1.0,"played":[0.558,0.442],"evs":[0.0,-0.96039]},"88":{"weight":1.0,"played":[0.9832,0.0168],"evs":[0.0,-4.64608]},"98o":{"weight":1.0,"played":[0.9998,2.0E-4],"evs":[0.0,-3.7718]},"T8o":{"weight":1.0,"played":[0.9989,0.0011],"evs":[0.0,-4.02923]},"J8o":{"weight":1.0,"played":[0.9923,0.0077],"evs":[0.0,-2.91349]},"Q8o":{"weight":1.0,"played":[1.0,0.0],"evs":[0.0,-3.07896]},"K8o":{"weight":1.0,"played":[0.9374,0.0626],"evs":[0.0,-4.22301]},"A8o":{"weight":1.0,"played":[0.999,0.001],"evs":[0.0,-2.72988]},"92s":{"weight":1.0,"played":[0.9395,0.0605],"evs":[0.0,-5.35255]},"93s":{"weight":1.0,"played":[0.8406,0.1594],"evs":[0.0,-2.86075]},"94s":{"weight":1.0,"played":[0.8294,0.1706],"evs":[0.0,-3.39832]},"95s":{"weight":1.0,"played":[0.7158,0.2842],"evs":[0.0,-1.40462]},"96s":{"weight":1.0,"played":[0.9324,0.0676],"evs":[0.0,-2.36313]},"97s":{"weight":1.0,"played":[0.904,0.096],"evs":[0.0,-3.41103]},"98s":{"weight":1.0,"played":[0.9939,0.0061],"evs":[0.0,-1.75195]},"99":{"weight":1.0,"played":[0.9885,0.0115],"evs":[0.0,-4.76659]},"T9o":{"weight":1.0,"played":[0.9487,0.0513],"evs":[0.0,-3.27735]},"J9o":{"weight":1.0,"played":[0.9859,0.0141],"evs":[0.0,-3.08142]},"Q9o":{"weight":1.0,"played":[0.9937,0.0063],"evs":[0.0,-4.41728]},"K9o":{"weight":1.0,"played":[0.8167,0.1833],"evs":[0.0,-2.70855]},"A9o":{"weight":1.0,"played":[0.9591,0.0409],"evs":[0.0,-4.02667]},"T2s":{"weight":1.0,"played":[0.8966,0.1034],"evs":[0.0,-1.95109]},"T3s":{"weight":1.0,"played":[0.9323,0.0677],"evs":[0.0,-1.40845]},"T4s":{"weight":1.0,"played":[0.975,0.025],"evs":[0.0,-2.91116]},"T5s":{"weight":1.0,"played":[0.9979,0.0021],"evs":[0.0,-2.30733]},"T6s":{"weight":1.0,"played":[0.6004,0.3996],"evs":[0.0,-3.4836]},"T7s":{"weight":1.0,"played":[0.6984,0.3016],"evs":[0.0,-1.94446]},"T8s":{"weight":1.0,"played":[0.9769,0.0231],"evs":[0.0,-3.94133]},"T9s":{"weight":1.0,"played":[1.0,0.0],"evs":[0.0,-5.09016]},"TT":{"weight":1.0,"played":[0.9923,0.0077],"evs":[0.0,-2.58013]},"JTo":{"weight":1.0,"played":[0.9183,0.0817],"evs":[0.0,-2.98666]},"QTo":{"weight":1.0,"played":[1.0,0.0],"evs":[0.0,-3.58259]},"KTo":{"weight":1.0,"played":[0.9081,0.0919],"evs":[0.0,-4.08013]},"ATo":{"weight":1.0,"played":[0.9918,0.0082],"evs":[0.0,-0.93947]},"J2s":{"weight":1.0,"played":[0.65,0.35],"evs":[0.0,-0.95681]},"J3s":{"weight":1.0,"played":[0.8655,0.1345],"evs":[0.0,-2.29511]},"J4s":{"weight":1.0,"played":[0.6668,0.3332],"evs":[0.0,-1.85927]},"J5s":{"weight":1.0,"played":[0.9044,0.0956],"evs":[0.0,-4.23811]},"J6s":{"weight":1.0,"played":[0.8907,0.1093],"evs":[0.0,-4.1331]},"J7s":{"weight":1.0,"played":[0.9733,0.0267],"evs":[0.0,-4.0982]},"J8s":{"weight":1.0,"played":[0.9885,0.0115],"evs":[0.0,-1.57157]},"J9s":{"weight":1.0,"played":[0.4609,0.5391],"evs":[0.0,2.09682]},"JTs":{"weight":1.0,"played":[0.929,0.071],"evs":[0.0,-2.4197]},"JJ":{"weight":1.0,"played":[0.7823,0.2177],"evs":[0.0,-1.10395]},"QJo":{"weight":1.0,"played":[0.9973,0.0027],"evs":[0.0,-4.75555]},"KJo":{"weight":1.0,"played":[0.9887,0.0113],"evs":[0.0,-2.91394]},"AJo":{"weight":1.0,"played":[0.795,0.205],"evs":[0.0,-0.28725]},"Q2s":{"weight":1.0,"played":[0.979,0.021],"evs":[0.0,-2.20484]},"Q3s":{"weight":1.0,"played":[0.9955,0.0045],"evs":[0.0,-5.58761]},"Q4s":{"weight":1.0,"played":[0.2402,0.7598],"evs":[0.0,0.78591]},"Q5s":{"weight":1.0,"played":[0.8177,0.1823],"evs":[0.0,0.72838]},"Q6s":{"weight":1.0,"played":[0.9558,0.0442],"evs":[0.0,-3.05747]},"Q7s":{"weight":1.0,"played":[0.9987,0.0013],"evs":[0.0,-4.84435]},"Q8s":{"weight":1.0,"played":[0.9254,0.0746],"evs":[0.0,-2.13069]},"Q9s":{"weight":1.0,"played":[0.7347,0.2653],"evs":[0.0,-1.78488]},"QTs":{"weight":1.0,"played":[0.7667,0.2333],"evs":[0.0,-1.90621]},"QJs":{"weight":1.0,"played":[0.5237,0.4763],"evs":[0.0,-0.20432]},"QQ":{"weight":1.0,"played":[0.7917,0.2083],"evs":[0.0,-0.10155]},"KQo":{"weight":1.0,"played":[0.977,0.023],"evs":[0.0,-3.38597]},"AQo":{"weight":1.0,"played":[0.9879,0.0121],"evs":[0.0,-2.5914]},"K2s":{"weight":1.0,"played":[0.7938,0.2062],"evs":[0.0,-3.00585]},"K3s":{"weight":1.0,"played":[0.9518,0.0482],"evs":[0.0,-2.39218]},"K4s":{"weight":1.0,"played":[0.5266,0.4734],"evs":[0.0,-0.44052]},"K5s":{"weight":1.0,"played":[0.7289,0.2711],"evs":[0.0,-2.12037]},"K6s":{"weight":1.0,"played":[0.1783,0.8217],"evs":[0.0,-1.05842]},"K7s":{"weight":1.0,"played":[0.9674,0.0326],"evs":[0.0,-5.73594]},"K8s":{"weight":1.0,"played":[0.9335,0.0665],"evs":[0.0,-3.03368]},"K9s":{"weight":1.0,"played":[0.4663,0.5337],"evs":[0.0,-0.40379]},"KTs":{"weight":1.0,"played":[0.9899,0.0101],"evs":[0.0,-2.45499]},"KJs":{"weight":1.0,"played":[0.5909,0.4091],"evs":[0.0,-1.93926]},"KQs":{"weight":1.0,"played":[0.9636,0.0364],"evs":[0.0,-1.32005]},"KK":{"weight":1.0,"played":[0.3705,0.6295],"evs":[0.0,0.64458]},"AKo":{"weight":1.0,"played":[0.9999,1.0E-4],"evs":[0.0,-1.94591]},"A2s":{"weight":1.0,"played":[0.9236,0.0764],"evs":[0.0,-5.0293]},"A3s":{"weight":1.0,"played":[0.9996,4.0E-4],"evs":[0.0,-2.42422]},"A4s":{"weight":1.0,"played":[0.5309,0.4691],"evs":[0.0,-1.60137]},"A5s":{"weight":1.0,"played":[0.9856,0.0144],"evs":[0.0,-3.91299]},"A6s":{"weight":1.0,"played":[0.7356,0.2644],"evs":[0.0,-3.87197]},"A7s":{"weight":1.0,"played":[0.552,0.448],"evs":[0.0,1.71851]},"A8s":{"weight":1.0,"played":[0.2246,0.7754],"evs":[0.0,1.11403]},"A9s":{"weight":1.0,"played":[0.9098,0.0902],"evs":[0.0,-2.41438]},"ATs":{"weight":1.0,"played":[0.4984,0.5016],"evs":[0.0,0.65275]},"AJs":{"weight":1.0,"played":[0.818,0.182],"evs":[0.0,0.97059]},"AQs":{"weight":1.0,"played":[0.7858,0.2142],"evs":[0.0,-3.69447]},"AKs":{"weight":1.0,"played":[0.9194,0.0806],"evs":[0.0,-4.64611]},"AA":{"weight":1.0,"played":[0.0,1.0],"evs":[0.0,7.74225]}}}