{"player":6,"street":0,"children":2,"sequence":[{"player":0,"type":"F","amount":0,"street":0},{"player":1,"type":"R","amount":8160000,"street":0},{"player":2,"type":"R","amount":27360000,"street":0},{"player":3,"type":"C","amount":27360000,"street":0},{"player":4,"type":"C","amount":8480000,"street":0},{"player":5,"type":"C","amount":16480000,"street":0}],"actions":[{"type":"F","amount":0},{"type":"C","amount":7840000}],"hands":{"22":{"weight":1.0,"played":[0.8084,0.1916],"evs":[0.0,-3.96779]},"32o":{"weight":1.0,"played":[0.7622,0.2378],"evs":[0.0,-5.65038]},"42o":{"weight":1.0,"played":[0.7966,0.2034],"evs":[0.0,3.94485]},"52o":{"weight":1.0,"played":[0.7527,0.2473],"evs":[0.0,-1.5163]},"62o":{"weight":1.0,"played":[0.4972,0.5028],"evs":[0.0,-5.08637]},"72o":{"weight":1.0,"played":[1.0,0.0],"evs":[0.0,-6.94368]},"82o":{"weight":1.0,"played":[0.9874,0.0126],"evs":[0.0,-7.35075]},"92o":{"weight":1.0,"played":[0.7291,0.2709],"evs":[0.0,-1.77456]},"T2o":{"weight":1.0,"played":[0.9946,0.0054],"evs":[0.0,-6.61703]},"J2o":{"weight":1.0,"played":[0.7664,0.2336],"evs":[0.0,-5.83532]},"Q2o":{"weight":1.0,"played":[1.0,0.0],"evs":[0.0,-6.30769]},"K2o":{"weight":1.0,"played":[0.9586,0.0414],"evs":[0.0,-8.48525]},"A2o":{"weight":1.0,"played":[1.0,0.0],"evs":[0.0,-5.77784]},"32s":{"weight":1.0,"played":[1.0,0.0],"evs":[0.0,-6.24819]},"33":{"weight":1.0,"played":[0.8924,0.1076],"evs":[0.0,-8.6817]},"43o":{"weight":1.0,"played":[0.8633,0.1367],"evs":[0.0,0.68951]},"53o":{"weight":1.0,"played":[0.9495,0.0505],"evs":[0.0,-4.03117]},"63o":{"weight":1.0,"played":[0.8849,0.1151],"evs":[0.0,-6.27184]},"73o":{"weight":1.0,"played":[1.0,0.0],"evs":[0.0,-7.36078]},"83o":{"weight":1.0,"played":[1.0,0.0],"evs":[0.0,-7.77639]},"93o":{"weight":1.0,"played":[1.0,0.0],"evs":[0.0,-7.40959]},"T3o":{"weight":1.0,"played":[0.6105,0.3895],"evs":[0.0,-3.90446]},"J3o":{"weight":1.0,"played":[1.0,0.0],"evs":[0.0,-6.982]},"Q3o":{"weight":1.0,"played":[0.8673,0.1327],"evs":[0.0,-6.95015]},"K3o":{"weight":1.0,"played":[0.9713,0.0287],"evs":[0.0,-7.42155]},"A3o":{"weight":1.0,"played":[0.4782,0.5218],"evs":[0.0,10.05098]},"42s":{"weight":1.0,"played":[0.5,0.5],"evs":[0.0,0.0]},"43s":{"weight":1.0,"played":[1.0,0.0],"evs":[0.0,-7.61156]},"44":{"weight":1.0,"played":[1.0,0.0],"evs":[0.0,-8.69501]},"54o":{"weight":1.0,"played":[1.0,0.0],"evs":[0.0,-6.73004]},"64o":{"weight":1.0,"played":[0.6747,0.3253],"evs":[0.0,-4.67987]},"74o":{"weight":1.0,"played":[1.0,0.0],"evs":[0.0,-6.23121]},"84o":{"weight":1.0,"played":[1.0,0.0],"evs":[0.0,-3.46762]},"94o":{"weight":1.0,"played":[1.0,0.0],"evs":[0.0,-6.47179]},"T4o":{"weight":1.0,"played":[0.5,0.5],"evs":[0.0,-7.03678]},"J4o":{"weight":1.0,"played":[1.0,0.0],"evs":[0.0,-8.13588]},"Q4o":{"weight":1.0,"played":[1.0,0.0],"evs":[0.0,-6.7134]},"K4o":{"weight":1.0,"played":[1.0,0.0],"evs":[0.0,-7.94224]},"A4o":{"weight":1.0,"played":[0.9135,0.0865],"evs":[0.0,-7.23775]},"52s":{"weight":1.0,"played":[1.0,0.0],"evs":[0.0,-8.19863]},"53s":{"weight":1.0,"played":[0.5,0.5],"evs":[0.0,17.65197]},"54s":{"weight":1.0,"played":[0.9731,0.0269],"evs":[0.0,-6.86365]},"55":{"weight":1.0,"played":[0.5,0.5],"evs":[0.0,-7.03678]},"65o":{"weight":1.0,"played":[0.7778,0.2222],"evs":[0.0,-7.03678]},"75o":{"weight":1.0,"played":[0.9444,0.0556],"evs":[0.0,-6.29377]},"85o":{"weight":1.0,"played":[1.0,0.0],"evs":[0.0,-6.88678]},"95o":{"weight":1.0,"played":[0.9435,0.0565],"evs":[0.0,-5.87214]},"T5o":{"weight":1.0,"played":[0.6848,0.3152],"evs":[0.0,-0.98272]},"J5o":{"weight":1.0,"played":[0.7142,0.2858],"evs":[0.0,-2.45916]},"Q5o":{"weight":1.0,"played":[1.0,0.0],"evs":[0.0,-7.36113]},"K5o":{"weight":1.0,"played":[0.7151,0.2849],"evs":[0.0,-5.3682]},"A5o":{"weight":1.0,"played":[0.3939,0.6061],"evs":[0.0,-7.03678]},"62s":{"weight":1.0,"played":[1.0,0.0],"evs":[0.0,-7.03678]},"63s":{"weight":1.0,"played":[1.0,0.0],"evs":[0.0,-7.44741]},"64s":{"weight":1.0,"played":[0.5,0.5],"evs":[0.0,-8.085]},"65s":{"weight":1.0,"played":[0.5,0.5],"evs":[0.0,0.0]},"66":{"weight":1.0,"played":[1.0,0.0],"evs":[0.0,-8.21857]},"76o":{"weight":1.0,"played":[1.0,0.0],"evs":[0.0,2.46183]},"86o":{"weight":1.0,"played":[0.6885,0.3115],"evs":[0.0,-3.67655]},"96o":{"weight":1.0,"played":[1.0,0.0],"evs":[0.0,-7.42549]},"T6o":{"weight":1.0,"played":[1.0,0.0],"evs":[0.0,-4.74743]},"J6o":{"weight":1.0,"played":[1.0,0.0],"evs":[0.0,-6.32023]},"Q6o":{"weight":1.0,"played":[1.0,0.0],"evs":[0.0,-6.81376]},"K6o":{"weight":1.0,"played":[0.941,0.059],"evs":[0.0,-7.51087]},"A6o":{"weight":1.0,"played":[0.5,0.5],"evs":[0.0,-6.57896]},"72s":{"weight":1.0,"played":[0.5,0.5],"evs":[0.0,0.0]},"73s":{"weight":1.0,"played":[1.0,0.0],"evs":[0.0,12.15728]},"74s":{"weight":1.0,"played":[0.3986,0.6014],"evs":[0.0,4.78554]},"75s":{"weight":1.0,"played":[0.9317,0.0683],"evs":[0.0,-7.32303]},"76s":{"weight":1.0,"played":[0.5178,0.4822],"evs":[0.0,-6.38894]},"77":{"weight":1.0,"played":[0.716,0.284],"evs":[0.0,3.0898]},"87o":{"weight":1.0,"played":[0.5729,0.4271],"evs":[0.0,-4.36111]},"97o":{"weight":1.0,"played":[1.0,0.0],"evs":[0.0,-5.22052]},"T7o":{"weight":1.0,"played":[1.0,0.0],"evs":[0.0,-7.42871]},"J7o":{"weight":1.0,"played":[0.2989,0.7011],"evs":[0.0,2.47295]},"Q7o":{"weight":1.0,"played":[1.0,0.0],"evs":[0.0,-6.53132]},"K7o":{"weight":1.0,"played":[0.8428,0.1572],"evs":[0.0,-9.13252]},"A7o":{"weight":1.0,"played":[1.0,0.0],"evs":[0.0,-6.65155]},"82s":{"weight":1.0,"played":[0.5,0.5],"evs":[0.0,-8.085]},"83s":{"weight":1.0,"played":[0.5,0.5],"evs":[0.0,17.43956]},"84s":{"weight":1.0,"played":[0.9427,0.0573],"evs":[0.0,-8.18102]},"85s":{"weight":1.0,"played":[0.9414,0.0586],"evs":[0.0,-5.48138]},"86s":{"weight":1.0,"played":[0.5,0.5],"evs":[0.0,-6.15838]},"87s":{"weight":1.0,"played":[0.5,0.5],"evs":[0.0,0.0]},"88":{"weight":1.0,"played":[0.8182,0.1818],"evs":[0.0,-8.08487]},"98o":{"weight":1.0,"played":[0.6464,0.3536],"evs":[0.0,-6.15531]},"T8o":{"weight":1.0,"played":[0.5695,0.4305],"evs":[0.0,1.71082]},"J8o":{"weight":1.0,"played":[0.3933,0.6067],"evs":[0.0,1.71603]},"Q8o":{"weight":1.0,"played":[0.9888,0.0112],"evs":[0.0,-6.39643]},"K8o":{"weight":1.0,"played":[0.9718,0.0282],"evs":[0.0,-5.76829]},"A8o":{"weight":1.0,"played":[0.0,1.0],"evs":[0.0,-6.57896]},"92s":{"weight":1.0,"played":[0.9963,0.0037],"evs":[0.0,-6.90253]},"93s":{"weight":1.0,"played":[0.5,0.5],"evs":[0.0,0.0]},"94s":{"weight":1.0,"played":[0.5,0.5],"evs":[0.0,-8.03161]},"95s":{"weight":1.0,"played":[0.6198,0.3802],"evs":[0.0,0.05907]},"96s":{"weight":1.0,"played":[0.5,0.5],"evs":[0.0,0.0]},"97s":{"weight":1.0,"played":[0.5,0.5],"evs":[0.0,-6.57896]},"98s":{"weight":1.0,"played":[0.5,0.5],"evs":[0.0,0.0]},"99":{"weight":1.0,"played":[0.8537,0.1463],"evs":[0.0,10.47039]},"T9o":{"weight":1.0,"played":[0.5121,0.4879],"evs":[0.0,-1.21452]},"J9o":{"weight":1.0,"played":[0.9418,0.0582],"evs":[0.0,-7.24119]},"Q9o":{"weight":1.0,"played":[0.6934,0.3066],"evs":[0.0,-6.18352]},"K9o":{"weight":1.0,"played":[0.9966,0.0034],"evs":[0.0,-6.56883]},"A9o":{"weight":1.0,"played":[0.9475,0.0525],"evs":[0.0,-0.01013]},"T2s":{"weight":1.0,"played":[0.5193,0.4807],"evs":[0.0,3.48178]},"T3s":{"weight":1.0,"played":[0.5,0.5],"evs":[0.0,-7.03678]},"T4s":{"weight":1.0,"played":[1.0,0.0],"evs":[0.0,-7.20437]},"T5s":{"weight":1.0,"played":[0.7664,0.2336],"evs":[0.0,-7.59518]},"T6s":{"weight":1.0,"played":[0.9551,0.0449],"evs":[0.0,-2.50279]},"T7s":{"weight":1.0,"played":[0.5,0.5],"evs":[0.0,-7.03678]},"T8s":{"weight":1.0,"played":[1.0,0.0],"evs":[0.0,-5.10265]},"T9s":{"weight":1.0,"played":[0.5,0.5],"evs":[0.0,20.83153]},"TT":{"weight":1.0,"played":[0.5,0.5],"evs":[0.0,0.0]},"JTo":{"weight":1.0,"played":[0.8357,0.1643],"evs":[0.0,-5.06921]},"QTo":{"weight":1.0,"played":[0.9807,0.0193],"evs":[0.0,-6.86799]},"KTo":{"weight":1.0,"played":[1.0,0.0],"evs":[0.0,-5.99755]},"ATo":{"weight":1.0,"played":[1.0,0.0],"evs":[0.0,-5.27474]},"J2s":{"weight":1.0,"played":[1.0,0.0],"evs":[0.0,-6.57896]},"J3s":{"weight":1.0,"played":[0.4743,0.5257],"evs":[0.0,5.09225]},"J4s":{"weight":1.0,"played":[0.9514,0.0486],"evs":[0.0,13.23766]},"J5s":{"weight":1.0,"played":[0.5,0.5],"evs":[0.0,-6.57896]},"J6s":{"weight":1.0,"played":[1.0,0.0],"evs":[0.0,-8.23739]},"J7s":{"weight":1.0,"played":[0.8601,0.1399],"evs":[0.0,8.49471]},"J8s":{"weight":1.0,"played":[0.5,0.5],"evs":[0.0,0.0]},"J9s":{"weight":1.0,"played":[1.0,0.0],"evs":[0.0,-5.20532]},"JTs":{"weight":1.0,"played":[0.5,0.5],"evs":[0.0,-8.085]},"JJ":{"weight":1.0,"played":[0.1993,0.8007],"evs":[0.0,4.42569]},"QJo":{"weight":1.0,"played":[0.9954,0.0046],"evs":[0.0,-8.63767]},"KJo":{"weight":1.0,"played":[0.6142,0.3858],"evs":[0.0,-2.51182]},"AJo":{"weight":1.0,"played":[0.5,0.5],"evs":[0.0,-7.03678]},"Q2s":{"weight":1.0,"played":[1.0,0.0],"evs":[0.0,-6.24133]},"Q3s":{"weight":1.0,"played":[0.2043,0.7957],"evs":[0.0,-2.75494]},"Q4s":{"weight":1.0,"played":[1.0,0.0],"evs":[0.0,-6.72783]},"Q5s":{"weight":1.0,"played":[1.0,0.0],"evs":[0.0,-6.57896]},"Q6s":{"weight":1.0,"played":[0.5,0.5],"evs":[0.0,0.0]},"Q7s":{"weight":1.0,"played":[0.5,0.5],"evs":[0.0,0.0]},"Q8s":{"weight":1.0,"played":[1.0,0.0],"evs":[0.0,1.11643]},"Q9s":{"weight":1.0,"played":[0.9146,0.0854],"evs":[0.0,-6.83329]},"QTs":{"weight":1.0,"played":[0.5,0.5],"evs":[0.0,-6.52108]},"QJs":{"weight":1.0,"played":[0.5,0.5],"evs":[0.0,-7.03678]},"QQ":{"weight":1.0,"played":[0.5,0.5],"evs":[0.0,15.46944]},"KQo":{"weight":1.0,"played":[0.5805,0.4195],"evs":[0.0,-9.13252]},"AQo":{"weight":1.0,"played":[0.0,1.0],"evs":[0.0,-1.04772]},"K2s":{"weight":1.0,"played":[0.5,0.5],"evs":[0.0,-6.57896]},"K3s":{"weight":1.0,"played":[0.5,0.5],"evs":[0.0,0.0]},"K4s":{"weight":1.0,"played":[0.7685,0.2315],"evs":[0.0,-8.03161]},"K5s":{"weight":1.0,"played":[0.5,0.5],"evs":[0.0,0.76]},"K6s":{"weight":1.0,"played":[0.5,0.5],"evs":[0.0,-5.10265]},"K7s":{"weight":1.0,"played":[0.5703,0.4297],"evs":[0.0,-6.77568]},"K8s":{"weight":1.0,"played":[0.7721,0.2279],"evs":[0.0,6.28116]},"K9s":{"weight":1.0,"played":[0.5,0.5],"evs":[0.0,15.46944]},"KTs":{"weight":1.0,"played":[0.5,0.5],"evs":[0.0,-7.03678]},"KJs":{"weight":1.0,"played":[0.5,0.5],"evs":[0.0,-5.10265]},"KQs":{"weight":1.0,"played":[1.0,0.0],"evs":[0.0,6.72719]},"KK":{"weight":1.0,"played":[0.2203,0.7797],"evs":[0.0,-4.68059]},"AKo":{"weight":1.0,"played":[0.9799,0.0201],"evs":[0.0,-6.26587]},"A2s":{"weight":1.0,"played":[0.5,0.5],"evs":[0.0,-8.03161]},"A3s":{"weight":1.0,"played":[0.5,0.5],"evs":[0.0,-5.10265]},"A4s":{"weight":1.0,"played":[0.5,0.5],"evs":[0.0,-6.52108]},"A5s":{"weight":1.0,"played":[0.5,0.5],"evs":[0.0,-9.13252]},"A6s":{"weight":1.0,"played":[0.84,0.16],"evs":[0.0,-8.25217]},"A7s":{"weight":1.0,"played":[0.5,0.5],"evs":[0.0,-5.10265]},"A8s":{"weight":1.0,"played":[0.8071,0.1929],"evs":[0.0,8.32892]},"A9s":{"weight":1.0,"played":[1.0,0.0],"evs":[0.0,15.34913]},"ATs":{"weight":1.0,"played":[0.5,0.5],"evs":[0.0,-5.10265]},"AJs":{"weight":1.0,"played":[1.0,0.0],"evs":[0.0,-9.13252]},"AQs":{"weight":1.0,"played":[0.5,0.5],"evs":[0.0,-9.13252]},"AKs":{"weight":1.0,"played":[0.0032,0.9968],"evs":[0.0,17.86467]},"AA":{"weight":1.0,"played":[0.5,0.5],"evs":[0.0,-9.13252]}}}