{"player":1,"street":0,"children":3,"sequence":[{"player":0,"type":"R","amount":5600000,"street":0}],"actions":[{"type":"F","amount":0,"node":129},{"type":"C","amount":5600000},{"type":"R","amount":8160000,"node":234}],"hands":{"22":{"weight":1.0,"played":[1.0,0.0,0.0],"evs":[0.0,-1.05806,-1.02786]},"32o":{"weight":1.0,"played":[1.0,0.0,0.0],"evs":[0.0,-2.24042,-2.43154]},"42o":{"weight":1.0,"played":[1.0,0.0,0.0],"evs":[0.0,-2.18501,-2.35274]},"52o":{"weight":1.0,"played":[1.0,0.0,0.0],"evs":[0.0,-2.11037,-2.25943]},"62o":{"weight":1.0,"played":[1.0,0.0,0.0],"evs":[0.0,-2.21036,-2.37695]},"72o":{"weight":1.0,"played":[1.0,0.0,0.0],"evs":[0.0,-2.29152,-2.4801]},"82o":{"weight":1.0,"played":[1.0,0.0,0.0],"evs":[0.0,-2.24357,-2.39895]},"92o":{"weight":1.0,"played":[1.0,0.0,0.0],"evs":[0.0,-2.19101,-2.31315]},"T2o":{"weight":1.0,"played":[1.0,0.0,0.0],"evs":[0.0,-2.12287,-2.2009]},"J2o":{"weight":1.0,"played":[1.0,0.0,0.0],"evs":[0.0,-2.05139,-2.10771]},"Q2o":{"weight":1.0,"played":[1.0,0.0,0.0],"evs":[0.0,-1.94139,-1.96816]},"K2o":{"weight":1.0,"played":[1.0,0.0,0.0],"evs":[0.0,-1.78129,-1.79172]},"A2o":{"weight":1.0,"played":[1.0,0.0,0.0],"evs":[0.0,-1.34087,-1.27838]},"32s":{"weight":1.0,"played":[1.0,0.0,0.0],"evs":[0.0,-1.78475,-1.9185]},"33":{"weight":1.0,"played":[1.0,0.0,0.0],"evs":[0.0,-0.90566,-0.89115]},"43o":{"weight":1.0,"played":[1.0,0.0,0.0],"evs":[0.0,-2.02154,-2.15705]},"53o":{"weight":1.0,"played":[1.0,0.0,0.0],"evs":[0.0,-1.93198,-2.05718]},"63o":{"weight":1.0,"played":[1.0,0.0,0.0],"evs":[0.0,-2.0376,-2.17306]},"73o":{"weight":1.0,"played":[1.0,0.0,0.0],"evs":[0.0,-2.13749,-2.27959]},"83o":{"weight":1.0,"played":[1.0,0.0,0.0],"evs":[0.0,-2.2436,-2.39182]},"93o":{"weight":1.0,"played":[1.0,0.0,0.0],"evs":[0.0,-2.15202,-2.26132]},"T3o":{"weight":1.0,"played":[1.0,0.0,0.0],"evs":[0.0,-2.07889,-2.14837]},"J3o":{"weight":1.0,"played":[1.0,0.0,0.0],"evs":[0.0,-2.01371,-2.05594]},"Q3o":{"weight":1.0,"played":[1.0,0.0,0.0],"evs":[0.0,-1.89648,-1.91534]},"K3o":{"weight":1.0,"played":[1.0,0.0,0.0],"evs":[0.0,-1.72274,-1.73273]},"A3o":{"weight":1.0,"played":[1.0,0.0,0.0],"evs":[0.0,-1.25908,-1.20684]},"42s":{"weight":1.0,"played":[1.0,0.0,0.0],"evs":[0.0,-1.72131,-1.83756]},"43s":{"weight":1.0,"played":[1.0,0.0,0.0],"evs":[0.0,-1.55654,-1.6544]},"44":{"weight":1.0,"played":[1.0,0.0,0.0],"evs":[0.0,-0.73226,-0.70896]},"54o":{"weight":1.0,"played":[1.0,0.0,0.0],"evs":[0.0,-1.74429,-1.84801]},"64o":{"weight":1.0,"played":[1.0,0.0,0.0],"evs":[0.0,-1.84003,-1.95069]},"74o":{"weight":1.0,"played":[1.0,0.0,0.0],"evs":[0.0,-1.94795,-2.05117]},"84o":{"weight":1.0,"played":[1.0,0.0,0.0],"evs":[0.0,-2.06013,-2.15912]},"94o":{"weight":1.0,"played":[1.0,0.0,0.0],"evs":[0.0,-2.13033,-2.22632]},"T4o":{"weight":1.0,"played":[1.0,0.0,0.0],"evs":[0.0,-2.0209,-2.06969]},"J4o":{"weight":1.0,"played":[1.0,0.0,0.0],"evs":[0.0,-1.95286,-1.97789]},"Q4o":{"weight":1.0,"played":[1.0,0.0,0.0],"evs":[0.0,-1.82952,-1.83218]},"K4o":{"weight":1.0,"played":[1.0,0.0,0.0],"evs":[0.0,-1.64973,-1.64654]},"A4o":{"weight":1.0,"played":[1.0,0.0,0.0],"evs":[0.0,-1.17522,-1.11483]},"52s":{"weight":1.0,"played":[1.0,0.0,0.0],"evs":[0.0,-1.63861,-1.75046]},"53s":{"weight":1.0,"played":[1.0,0.0,0.0],"evs":[0.0,-1.45887,-1.55403]},"54s":{"weight":1.0,"played":[1.0,0.0,0.0],"evs":[0.0,-1.28461,-1.36272]},"55":{"weight":1.0,"played":[1.0,0.0,0.0],"evs":[0.0,-0.47289,-0.44618]},"65o":{"weight":1.0,"played":[1.0,0.0,0.0],"evs":[0.0,-1.63713,-1.73048]},"75o":{"weight":1.0,"played":[1.0,0.0,0.0],"evs":[0.0,-1.74044,-1.82732]},"85o":{"weight":1.0,"played":[1.0,0.0,0.0],"evs":[0.0,-1.85364,-1.92873]},"95o":{"weight":1.0,"played":[1.0,0.0,0.0],"evs":[0.0,-1.93521,-1.99699]},"T5o":{"weight":1.0,"played":[1.0,0.0,0.0],"evs":[0.0,-1.98129,-2.02719]},"J5o":{"weight":1.0,"played":[1.0,0.0,0.0],"evs":[0.0,-1.88628,-1.90109]},"Q5o":{"weight":1.0,"played":[1.0,0.0,0.0],"evs":[0.0,-1.75379,-1.75734]},"K5o":{"weight":1.0,"played":[1.0,0.0,0.0],"evs":[0.0,-1.56936,-1.56561]},"A5o":{"weight":1.0,"played":[1.0,0.0,0.0],"evs":[0.0,-1.0721,-1.01398]},"62s":{"weight":1.0,"played":[1.0,0.0,0.0],"evs":[0.0,-1.74748,-1.86339]},"63s":{"weight":1.0,"played":[1.0,0.0,0.0],"evs":[0.0,-1.56252,-1.66197]},"64s":{"weight":1.0,"played":[1.0,0.0,0.0],"evs":[0.0,-1.36927,-1.44871]},"65s":{"weight":1.0,"played":[1.0,0.0,0.0],"evs":[0.0,-1.17927,-1.25075]},"66":{"weight":1.0,"played":[1.0,0.0,0.0],"evs":[0.0,-0.17251,-0.13307]},"76o":{"weight":1.0,"played":[1.0,0.0,0.0],"evs":[0.0,-1.54016,-1.61737]},"86o":{"weight":1.0,"played":[1.0,0.0,0.0],"evs":[0.0,-1.6479,-1.71724]},"96o":{"weight":1.0,"played":[1.0,0.0,0.0],"evs":[0.0,-1.72151,-1.76907]},"T6o":{"weight":1.0,"played":[1.0,0.0,0.0],"evs":[0.0,-1.77532,-1.79828]},"J6o":{"weight":1.0,"played":[1.0,0.0,0.0],"evs":[0.0,-1.82995,-1.84353]},"Q6o":{"weight":1.0,"played":[1.0,0.0,0.0],"evs":[0.0,-1.66237,-1.66576]},"K6o":{"weight":1.0,"played":[1.0,0.0,0.0],"evs":[0.0,-1.48132,-1.4696]},"A6o":{"weight":1.0,"played":[1.0,0.0,0.0],"evs":[0.0,-1.14768,-1.08818]},"72s":{"weight":1.0,"played":[1.0,0.0,0.0],"evs":[0.0,-1.83139,-1.94362]},"73s":{"weight":1.0,"played":[1.0,0.0,0.0],"evs":[0.0,-1.67033,-1.7633]},"74s":{"weight":1.0,"played":[1.0,0.0,0.0],"evs":[0.0,-1.47352,-1.54779]},"75s":{"weight":1.0,"played":[1.0,0.0,0.0],"evs":[0.0,-1.27413,-1.33485]},"76s":{"weight":1.0,"played":[1.0,0.0,0.0],"evs":[0.0,-1.08273,-1.14112]},"77":{"weight":1.0,"played":[0.0,2.0E-4,0.9998],"evs":[0.0,0.11518,0.17299]},"87o":{"weight":1.0,"played":[1.0,0.0,0.0],"evs":[0.0,-1.47322,-1.53034]},"97o":{"weight":1.0,"played":[1.0,0.0,0.0],"evs":[0.0,-1.53,-1.56867]},"T7o":{"weight":1.0,"played":[1.0,0.0,0.0],"evs":[0.0,-1.57373,-1.58722]},"J7o":{"weight":1.0,"played":[1.0,0.0,0.0],"evs":[0.0,-1.63468,-1.63369]},"Q7o":{"weight":1.0,"played":[1.0,0.0,0.0],"evs":[0.0,-1.62907,-1.63291]},"K7o":{"weight":1.0,"played":[1.0,0.0,0.0],"evs":[0.0,-1.42286,-1.39595]},"A7o":{"weight":1.0,"played":[1.0,0.0,0.0],"evs":[0.0,-1.01439,-0.9459]},"82s":{"weight":1.0,"played":[1.0,0.0,0.0],"evs":[0.0,-1.78206,-1.87455]},"83s":{"weight":1.0,"played":[1.0,0.0,0.0],"evs":[0.0,-1.78412,-1.87054]},"84s":{"weight":1.0,"played":[1.0,0.0,0.0],"evs":[0.0,-1.58627,-1.6552]},"85s":{"weight":1.0,"played":[1.0,0.0,0.0],"evs":[0.0,-1.38094,-1.43465]},"86s":{"weight":1.0,"played":[1.0,0.0,0.0],"evs":[0.0,-1.16716,-1.2185]},"87s":{"weight":1.0,"played":[1.0,0.0,0.0],"evs":[0.0,-1.01501,-1.05841]},"88":{"weight":1.0,"played":[0.0,0.0,1.0],"evs":[0.0,0.45582,0.51503]},"98o":{"weight":1.0,"played":[1.0,0.0,0.0],"evs":[0.0,-1.39913,-1.42601]},"T8o":{"weight":1.0,"played":[1.0,0.0,0.0],"evs":[0.0,-1.4036,-1.41195]},"J8o":{"weight":1.0,"played":[1.0,0.0,0.0],"evs":[0.0,-1.47587,-1.46927]},"Q8o":{"weight":1.0,"played":[1.0,0.0,0.0],"evs":[0.0,-1.46918,-1.467]},"K8o":{"weight":1.0,"played":[1.0,0.0,0.0],"evs":[0.0,-1.39936,-1.36688]},"A8o":{"weight":1.0,"played":[1.0,0.0,0.0],"evs":[0.0,-0.84968,-0.7895]},"92s":{"weight":1.0,"played":[1.0,0.0,0.0],"evs":[0.0,-1.71887,-1.78572]},"93s":{"weight":1.0,"played":[1.0,0.0,0.0],"evs":[0.0,-1.682,-1.74694]},"94s":{"weight":1.0,"played":[1.0,0.0,0.0],"evs":[0.0,-1.65693,-1.70973]},"95s":{"weight":1.0,"played":[1.0,0.0,0.0],"evs":[0.0,-1.46173,-1.50489]},"96s":{"weight":1.0,"played":[1.0,0.0,0.0],"evs":[0.0,-1.24851,-1.2806]},"97s":{"weight":1.0,"played":[1.0,0.0,0.0],"evs":[0.0,-1.05386,-1.07777]},"98s":{"weight":1.0,"played":[1.0,0.0,0.0],"evs":[0.0,-0.94046,-0.96197]},"99":{"weight":1.0,"played":[0.0,3.0E-4,0.9997],"evs":[0.0,0.87987,0.96102]},"T9o":{"weight":1.0,"played":[1.0,0.0,0.0],"evs":[0.0,-1.1898,-1.18842]},"J9o":{"weight":1.0,"played":[1.0,0.0,0.0],"evs":[0.0,-1.25604,-1.2425]},"Q9o":{"weight":1.0,"played":[1.0,0.0,0.0],"evs":[0.0,-1.24043,-1.2377]},"K9o":{"weight":1.0,"played":[1.0,0.0,0.0],"evs":[0.0,-1.15739,-1.11525]},"A9o":{"weight":1.0,"played":[1.0,0.0,0.0],"evs":[0.0,-0.59347,-0.52546]},"T2s":{"weight":1.0,"played":[1.0,0.0,0.0],"evs":[0.0,-1.64751,-1.68342]},"T3s":{"weight":1.0,"played":[1.0,0.0,0.0],"evs":[0.0,-1.59362,-1.62158]},"T4s":{"weight":1.0,"played":[1.0,0.0,0.0],"evs":[0.0,-1.54039,-1.55802]},"T5s":{"weight":1.0,"played":[1.0,0.0,0.0],"evs":[0.0,-1.49684,-1.51349]},"T6s":{"weight":1.0,"played":[1.0,0.0,0.0],"evs":[0.0,-1.29606,-1.30586]},"T7s":{"weight":1.0,"played":[1.0,0.0,0.0],"evs":[0.0,-1.10194,-1.10401]},"T8s":{"weight":1.0,"played":[1.0,0.0,0.0],"evs":[0.0,-0.94411,-0.94311]},"T9s":{"weight":1.0,"played":[1.0,0.0,0.0],"evs":[0.0,-0.73547,-0.72841]},"TT":{"weight":1.0,"played":[0.0,0.0,1.0],"evs":[0.0,1.46071,1.54681]},"JTo":{"weight":1.0,"played":[1.0,0.0,0.0],"evs":[0.0,-0.97957,-0.94423]},"QTo":{"weight":1.0,"played":[1.0,0.0,0.0],"evs":[0.0,-0.91684,-0.89496]},"KTo":{"weight":1.0,"played":[1.0,0.0,0.0],"evs":[0.0,-0.81569,-0.74859]},"ATo":{"weight":1.0,"played":[1.0,0.0,0.0],"evs":[0.0,-0.10168,-0.02462]},"J2s":{"weight":1.0,"played":[1.0,0.0,0.0],"evs":[0.0,-1.57295,-1.59031]},"J3s":{"weight":1.0,"played":[1.0,0.0,0.0],"evs":[0.0,-1.52384,-1.53317]},"J4s":{"weight":1.0,"played":[1.0,0.0,0.0],"evs":[0.0,-1.46405,-1.46529]},"J5s":{"weight":1.0,"played":[1.0,0.0,0.0],"evs":[0.0,-1.40044,-1.39984]},"J6s":{"weight":1.0,"played":[1.0,0.0,0.0],"evs":[0.0,-1.34704,-1.34422]},"J7s":{"weight":1.0,"played":[1.0,0.0,0.0],"evs":[0.0,-1.16252,-1.14797]},"J8s":{"weight":1.0,"played":[1.0,0.0,0.0],"evs":[0.0,-1.01723,-1.00351]},"J9s":{"weight":1.0,"played":[1.0,0.0,0.0],"evs":[0.0,-0.78955,-0.7679]},"JTs":{"weight":1.0,"played":[1.0,0.0,0.0],"evs":[0.0,-0.52602,-0.49268]},"JJ":{"weight":1.0,"played":[0.0,4.0E-4,0.9996],"evs":[0.0,2.03528,2.11792]},"QJo":{"weight":1.0,"played":[1.0,0.0,0.0],"evs":[0.0,-0.80973,-0.78976]},"KJo":{"weight":1.0,"played":[1.0,0.0,0.0],"evs":[0.0,-0.59903,-0.51574]},"AJo":{"weight":1.0,"played":[0.0,0.0,1.0],"evs":[0.0,0.27156,0.33287]},"Q2s":{"weight":1.0,"played":[1.0,0.0,0.0],"evs":[0.0,-1.44708,-1.44819]},"Q3s":{"weight":1.0,"played":[1.0,0.0,0.0],"evs":[0.0,-1.39853,-1.39697]},"Q4s":{"weight":1.0,"played":[1.0,0.0,0.0],"evs":[0.0,-1.32298,-1.31368]},"Q5s":{"weight":1.0,"played":[1.0,0.0,0.0],"evs":[0.0,-1.25572,-1.2443]},"Q6s":{"weight":1.0,"played":[1.0,0.0,0.0],"evs":[0.0,-1.17341,-1.16329]},"Q7s":{"weight":1.0,"played":[1.0,0.0,0.0],"evs":[0.0,-1.14608,-1.13242]},"Q8s":{"weight":1.0,"played":[1.0,0.0,0.0],"evs":[0.0,-0.9891,-0.98003]},"Q9s":{"weight":1.0,"played":[1.0,0.0,0.0],"evs":[0.0,-0.76498,-0.75846]},"QTs":{"weight":1.0,"played":[1.0,0.0,0.0],"evs":[0.0,-0.46435,-0.44512]},"QJs":{"weight":1.0,"played":[1.0,0.0,0.0],"evs":[0.0,-0.3671,-0.34442]},"QQ":{"weight":1.0,"played":[0.0,0.0,1.0],"evs":[0.0,2.80075,2.84265]},"KQo":{"weight":1.0,"played":[1.0,0.0,0.0],"evs":[0.0,-0.23352,-0.15383]},"AQo":{"weight":1.0,"played":[0.0,0.0,1.0],"evs":[0.0,0.76646,0.79466]},"K2s":{"weight":1.0,"played":[1.0,0.0,0.0],"evs":[0.0,-1.2657,-1.26569]},"K3s":{"weight":1.0,"played":[1.0,0.0,0.0],"evs":[0.0,-1.21949,-1.21937]},"K4s":{"weight":1.0,"played":[1.0,0.0,0.0],"evs":[0.0,-1.13523,-1.1254]},"K5s":{"weight":1.0,"played":[1.0,0.0,0.0],"evs":[0.0,-1.07646,-1.06431]},"K6s":{"weight":1.0,"played":[1.0,0.0,0.0],"evs":[0.0,-0.98359,-0.96866]},"K7s":{"weight":1.0,"played":[1.0,0.0,0.0],"evs":[0.0,-0.92206,-0.89275]},"K8s":{"weight":1.0,"played":[1.0,0.0,0.0],"evs":[0.0,-0.91299,-0.87774]},"K9s":{"weight":1.0,"played":[1.0,0.0,0.0],"evs":[0.0,-0.68425,-0.6435]},"KTs":{"weight":1.0,"played":[1.0,0.0,0.0],"evs":[0.0,-0.35557,-0.29089]},"KJs":{"weight":1.0,"played":[1.0,0.0,0.0],"evs":[0.0,-0.16017,-0.0884]},"KQs":{"weight":1.0,"played":[0.0,1.0E-4,0.9999],"evs":[0.0,0.18755,0.25817]},"KK":{"weight":1.0,"played":[0.0,0.0,1.0],"evs":[0.0,3.71184,3.78259]},"AKo":{"weight":1.0,"played":[0.0,0.0,1.0],"evs":[0.0,1.30031,1.3674]},"A2s":{"weight":1.0,"played":[1.0,0.0,0.0],"evs":[0.0,-0.82124,-0.75702]},"A3s":{"weight":1.0,"played":[1.0,0.0,0.0],"evs":[0.0,-0.74963,-0.69493]},"A4s":{"weight":1.0,"played":[1.0,0.0,0.0],"evs":[0.0,-0.66631,-0.60947]},"A5s":{"weight":1.0,"played":[1.0,0.0,0.0],"evs":[0.0,-0.57976,-0.52188]},"A6s":{"weight":1.0,"played":[1.0,0.0,0.0],"evs":[0.0,-0.63848,-0.57336]},"A7s":{"weight":1.0,"played":[1.0,0.0,0.0],"evs":[0.0,-0.52855,-0.45816]},"A8s":{"weight":1.0,"played":[1.0,0.0,0.0],"evs":[0.0,-0.35829,-0.29751]},"A9s":{"weight":1.0,"played":[1.0,0.0,0.0],"evs":[0.0,-0.11505,-0.04999]},"ATs":{"weight":1.0,"played":[0.0,2.0E-4,0.9998],"evs":[0.0,0.34182,0.41066]},"AJs":{"weight":1.0,"played":[0.0,5.0E-4,0.9995],"evs":[0.0,0.6884,0.73845]},"AQs":{"weight":1.0,"played":[0.0,8.0E-4,0.9992],"evs":[0.0,1.15525,1.17504]},"AKs":{"weight":1.0,"played":[0.0,4.0E-4,0.9996],"evs":[0.0,1.64678,1.70552]},"AA":{"weight":1.0,"played":[0.0,0.002,0.998],"evs":[0.0,5.1888,5.20396]}}}