{"player":6,"street":0,"children":2,"sequence":[{"player":0,"type":"R","amount":5600000,"street":0},{"player":1,"type":"F","amount":0,"street":0},{"player":2,"type":"F","amount":0,"street":0},{"player":3,"type":"F","amount":0,"street":0},{"player":4,"type":"F","amount":0,"street":0},{"player":5,"type":"F","amount":0,"street":0}],"actions":[{"type":"F","amount":0},{"type":"C","amount":2400000}],"hands":{"22":{"weight":1.0,"played":[0.0,1.0],"evs":[0.0,2.04696]},"32o":{"weight":1.0,"played":[0.0,1.0],"evs":[0.0,0.7642]},"42o":{"weight":1.0,"played":[0.0,1.0],"evs":[0.0,0.79996]},"52o":{"weight":1.0,"played":[0.0,1.0],"evs":[0.0,0.85846]},"62o":{"weight":1.0,"played":[0.0,1.0],"evs":[0.0,0.76857]},"72o":{"weight":1.0,"played":[0.0,1.0],"evs":[0.0,0.73596]},"82o":{"weight":1.0,"played":[0.0,1.0],"evs":[0.0,0.78367]},"92o":{"weight":1.0,"played":[0.0,1.0],"evs":[0.0,0.81768]},"T2o":{"weight":1.0,"played":[0.0,1.0],"evs":[0.0,0.89018]},"J2o":{"weight":1.0,"played":[0.0,1.0],"evs":[0.0,0.91772]},"Q2o":{"weight":1.0,"played":[0.0,1.0],"evs":[0.0,0.99009]},"K2o":{"weight":1.0,"played":[0.0,1.0],"evs":[0.0,1.11314]},"A2o":{"weight":1.0,"played":[0.0,1.0],"evs":[0.0,1.66364]},"32s":{"weight":1.0,"played":[0.0,1.0],"evs":[0.0,1.10207]},"33":{"weight":1.0,"played":[0.0,1.0],"evs":[0.0,2.08792]},"43o":{"weight":1.0,"played":[0.0,1.0],"evs":[0.0,0.90445]},"53o":{"weight":1.0,"played":[0.0,1.0],"evs":[0.0,0.96268]},"63o":{"weight":1.0,"played":[0.0,1.0],"evs":[0.0,0.88277]},"73o":{"weight":1.0,"played":[0.0,1.0],"evs":[0.0,0.84498]},"83o":{"weight":1.0,"played":[0.0,1.0],"evs":[0.0,0.77465]},"93o":{"weight":1.0,"played":[0.0,1.0],"evs":[0.0,0.84307]},"T3o":{"weight":1.0,"played":[0.0,1.0],"evs":[0.0,0.91176]},"J3o":{"weight":1.0,"played":[0.0,1.0],"evs":[0.0,0.93974]},"Q3o":{"weight":1.0,"played":[0.0,1.0],"evs":[0.0,0.99974]},"K3o":{"weight":1.0,"played":[0.0,1.0],"evs":[0.0,1.12232]},"A3o":{"weight":1.0,"played":[0.0,1.0],"evs":[0.0,1.68739]},"42s":{"weight":1.0,"played":[0.0,1.0],"evs":[0.0,1.14347]},"43s":{"weight":1.0,"played":[0.0,1.0],"evs":[0.0,1.23206]},"44":{"weight":1.0,"played":[0.0,1.0],"evs":[0.0,2.17734]},"54o":{"weight":1.0,"played":[0.0,1.0],"evs":[0.0,1.09089]},"64o":{"weight":1.0,"played":[0.0,1.0],"evs":[0.0,1.00786]},"74o":{"weight":1.0,"played":[0.0,1.0],"evs":[0.0,0.9756]},"84o":{"weight":1.0,"played":[0.0,1.0],"evs":[0.0,0.90332]},"94o":{"weight":1.0,"played":[0.0,1.0],"evs":[0.0,0.85656]},"T4o":{"weight":1.0,"played":[0.0,1.0],"evs":[0.0,0.94412]},"J4o":{"weight":1.0,"played":[0.0,1.0],"evs":[0.0,0.97931]},"Q4o":{"weight":1.0,"played":[0.0,1.0],"evs":[0.0,1.04155]},"K4o":{"weight":1.0,"played":[0.0,1.0],"evs":[0.0,1.17534]},"A4o":{"weight":1.0,"played":[0.0,1.0],"evs":[0.0,1.72415]},"52s":{"weight":1.0,"played":[0.0,1.0],"evs":[0.0,1.18963]},"53s":{"weight":1.0,"played":[0.0,1.0],"evs":[0.0,1.29124]},"54s":{"weight":1.0,"played":[0.0,1.0],"evs":[0.0,1.41089]},"55":{"weight":1.0,"played":[0.0,1.0],"evs":[0.0,2.29357]},"65o":{"weight":1.0,"played":[0.0,1.0],"evs":[0.0,1.14228]},"75o":{"weight":1.0,"played":[0.0,1.0],"evs":[0.0,1.1065]},"85o":{"weight":1.0,"played":[0.0,1.0],"evs":[0.0,1.0348]},"95o":{"weight":1.0,"played":[0.0,1.0],"evs":[0.0,0.98951]},"T5o":{"weight":1.0,"played":[0.0,1.0],"evs":[0.0,0.96369]},"J5o":{"weight":1.0,"played":[0.0,1.0],"evs":[0.0,1.01476]},"Q5o":{"weight":1.0,"played":[0.0,1.0],"evs":[0.0,1.08353]},"K5o":{"weight":1.0,"played":[0.0,1.0],"evs":[0.0,1.20965]},"A5o":{"weight":1.0,"played":[0.0,1.0],"evs":[0.0,1.77191]},"62s":{"weight":1.0,"played":[0.0,1.0],"evs":[0.0,1.11552]},"63s":{"weight":1.0,"played":[0.0,1.0],"evs":[0.0,1.22159]},"64s":{"weight":1.0,"played":[0.0,1.0],"evs":[0.0,1.3257]},"65s":{"weight":1.0,"played":[0.0,1.0],"evs":[0.0,1.45125]},"66":{"weight":1.0,"played":[0.0,1.0],"evs":[0.0,2.47276]},"76o":{"weight":1.0,"played":[0.0,1.0],"evs":[0.0,1.23994]},"86o":{"weight":1.0,"played":[0.0,1.0],"evs":[0.0,1.18064]},"96o":{"weight":1.0,"played":[0.0,1.0],"evs":[0.0,1.12807]},"T6o":{"weight":1.0,"played":[0.0,1.0],"evs":[0.0,1.10206]},"J6o":{"weight":1.0,"played":[0.0,1.0],"evs":[0.0,1.04051]},"Q6o":{"weight":1.0,"played":[0.0,1.0],"evs":[0.0,1.13504]},"K6o":{"weight":1.0,"played":[0.0,1.0],"evs":[0.0,1.24693]},"A6o":{"weight":1.0,"played":[0.0,1.0],"evs":[0.0,1.75466]},"72s":{"weight":1.0,"played":[0.0,1.0],"evs":[0.0,1.08825]},"73s":{"weight":1.0,"played":[0.0,1.0],"evs":[0.0,1.18091]},"74s":{"weight":1.0,"played":[0.0,1.0],"evs":[0.0,1.2809]},"75s":{"weight":1.0,"played":[0.0,1.0],"evs":[0.0,1.42901]},"76s":{"weight":1.0,"played":[0.0,1.0],"evs":[0.0,1.55045]},"77":{"weight":1.0,"played":[0.0,1.0],"evs":[0.0,2.67681]},"87o":{"weight":1.0,"played":[0.0,1.0],"evs":[0.0,1.29632]},"97o":{"weight":1.0,"played":[0.0,1.0],"evs":[0.0,1.27558]},"T7o":{"weight":1.0,"played":[0.0,1.0],"evs":[0.0,1.2446]},"J7o":{"weight":1.0,"played":[0.0,1.0],"evs":[0.0,1.18932]},"Q7o":{"weight":1.0,"played":[0.0,1.0],"evs":[0.0,1.16878]},"K7o":{"weight":1.0,"played":[0.0,1.0],"evs":[0.0,1.30082]},"A7o":{"weight":1.0,"played":[0.0,1.0],"evs":[0.0,1.86695]},"82s":{"weight":1.0,"played":[0.0,1.0],"evs":[0.0,1.11983]},"83s":{"weight":1.0,"played":[0.0,1.0],"evs":[0.0,1.11094]},"84s":{"weight":1.0,"played":[0.0,1.0],"evs":[0.0,1.23502]},"85s":{"weight":1.0,"played":[0.0,1.0],"evs":[0.0,1.36037]},"86s":{"weight":1.0,"played":[0.0,1.0],"evs":[0.0,1.47431]},"87s":{"weight":1.0,"played":[0.0,1.0],"evs":[0.0,1.60835]},"88":{"weight":1.0,"played":[0.0,1.0],"evs":[0.0,2.89898]},"98o":{"weight":1.0,"played":[0.0,1.0],"evs":[0.0,1.35274]},"T8o":{"weight":1.0,"played":[0.0,1.0],"evs":[0.0,1.3491]},"J8o":{"weight":1.0,"played":[0.0,1.0],"evs":[0.0,1.27986]},"Q8o":{"weight":1.0,"played":[0.0,1.0],"evs":[0.0,1.25031]},"K8o":{"weight":1.0,"played":[0.0,1.0],"evs":[0.0,1.29204]},"A8o":{"weight":1.0,"played":[0.0,1.0],"evs":[0.0,2.04344]},"92s":{"weight":1.0,"played":[0.0,1.0],"evs":[0.0,1.16708]},"93s":{"weight":1.0,"played":[0.0,1.0],"evs":[0.0,1.16839]},"94s":{"weight":1.0,"played":[0.0,1.0],"evs":[0.0,1.1824]},"95s":{"weight":1.0,"played":[0.0,1.0],"evs":[0.0,1.31139]},"96s":{"weight":1.0,"played":[0.0,1.0],"evs":[0.0,1.45031]},"97s":{"weight":1.0,"played":[0.0,1.0],"evs":[0.0,1.57117]},"98s":{"weight":1.0,"played":[0.0,1.0],"evs":[0.0,1.65888]},"99":{"weight":1.0,"played":[0.0,1.0],"evs":[0.0,3.17616]},"T9o":{"weight":1.0,"played":[0.0,1.0],"evs":[0.0,1.48322]},"J9o":{"weight":1.0,"played":[0.0,1.0],"evs":[0.0,1.42121]},"Q9o":{"weight":1.0,"played":[0.0,1.0],"evs":[0.0,1.39147]},"K9o":{"weight":1.0,"played":[0.0,1.0],"evs":[0.0,1.43382]},"A9o":{"weight":1.0,"played":[0.0,1.0],"evs":[0.0,2.32398]},"T2s":{"weight":1.0,"played":[0.0,1.0],"evs":[0.0,1.21878]},"T3s":{"weight":1.0,"played":[0.0,1.0],"evs":[0.0,1.24101]},"T4s":{"weight":1.0,"played":[0.0,1.0],"evs":[0.0,1.27528]},"T5s":{"weight":1.0,"played":[0.0,1.0],"evs":[0.0,1.28517]},"T6s":{"weight":1.0,"played":[0.0,1.0],"evs":[0.0,1.41]},"T7s":{"weight":1.0,"played":[0.0,1.0],"evs":[0.0,1.56275]},"T8s":{"weight":1.0,"played":[0.0,1.0],"evs":[0.0,1.64158]},"T9s":{"weight":1.0,"played":[0.0,1.0],"evs":[0.0,1.77053]},"TT":{"weight":1.0,"played":[0.0,1.0],"evs":[0.0,3.54387]},"JTo":{"weight":1.0,"played":[0.0,1.0],"evs":[0.0,1.63007]},"QTo":{"weight":1.0,"played":[0.0,1.0],"evs":[0.0,1.63175]},"KTo":{"weight":1.0,"played":[0.0,1.0],"evs":[0.0,1.6955]},"ATo":{"weight":1.0,"played":[0.0,1.0],"evs":[0.0,2.77143]},"J2s":{"weight":1.0,"played":[0.0,1.0],"evs":[0.0,1.24964]},"J3s":{"weight":1.0,"played":[0.0,1.0],"evs":[0.0,1.27622]},"J4s":{"weight":1.0,"played":[0.0,1.0],"evs":[0.0,1.29676]},"J5s":{"weight":1.0,"played":[0.0,1.0],"evs":[0.0,1.3352]},"J6s":{"weight":1.0,"played":[0.0,1.0],"evs":[0.0,1.3551]},"J7s":{"weight":1.0,"played":[0.0,1.0],"evs":[0.0,1.50624]},"J8s":{"weight":1.0,"played":[0.0,1.0],"evs":[0.0,1.58612]},"J9s":{"weight":1.0,"played":[0.0,1.0],"evs":[0.0,1.72758]},"JTs":{"weight":1.0,"played":[0.0,1.0],"evs":[0.0,1.90678]},"JJ":{"weight":1.0,"played":[0.0,1.0],"evs":[0.0,3.89121]},"QJo":{"weight":1.0,"played":[0.0,1.0],"evs":[0.0,1.68983]},"KJo":{"weight":1.0,"played":[0.0,1.0],"evs":[0.0,1.89572]},"AJo":{"weight":1.0,"played":[0.0,1.0],"evs":[0.0,3.15346]},"Q2s":{"weight":1.0,"played":[0.0,1.0],"evs":[0.0,1.32057]},"Q3s":{"weight":1.0,"played":[0.0,1.0],"evs":[0.0,1.35551]},"Q4s":{"weight":1.0,"played":[0.0,1.0],"evs":[0.0,1.37465]},"Q5s":{"weight":1.0,"played":[0.0,1.0],"evs":[0.0,1.42778]},"Q6s":{"weight":1.0,"played":[0.0,1.0],"evs":[0.0,1.46186]},"Q7s":{"weight":1.0,"played":[0.0,1.0],"evs":[0.0,1.48997]},"Q8s":{"weight":1.0,"played":[0.0,1.0],"evs":[0.0,1.56945]},"Q9s":{"weight":1.0,"played":[0.0,1.0],"evs":[0.0,1.69478]},"QTs":{"weight":1.0,"played":[0.0,1.0],"evs":[0.0,1.912]},"QJs":{"weight":1.0,"played":[0.0,1.0],"evs":[0.0,1.98023]},"QQ":{"weight":1.0,"played":[0.0,1.0],"evs":[0.0,4.28762]},"KQo":{"weight":1.0,"played":[0.0,1.0],"evs":[0.0,2.20608]},"AQo":{"weight":1.0,"played":[0.0,1.0],"evs":[0.0,3.55026]},"K2s":{"weight":1.0,"played":[0.0,1.0],"evs":[0.0,1.43815]},"K3s":{"weight":1.0,"played":[0.0,1.0],"evs":[0.0,1.46738]},"K4s":{"weight":1.0,"played":[0.0,1.0],"evs":[0.0,1.49866]},"K5s":{"weight":1.0,"played":[0.0,1.0],"evs":[0.0,1.5308]},"K6s":{"weight":1.0,"played":[0.0,1.0],"evs":[0.0,1.5721]},"K7s":{"weight":1.0,"played":[0.0,1.0],"evs":[0.0,1.62185]},"K8s":{"weight":1.0,"played":[0.0,1.0],"evs":[0.0,1.60134]},"K9s":{"weight":1.0,"played":[0.0,1.0],"evs":[0.0,1.74608]},"KTs":{"weight":1.0,"played":[0.0,1.0],"evs":[0.0,1.98717]},"KJs":{"weight":1.0,"played":[0.0,1.0],"evs":[0.0,2.16105]},"KQs":{"weight":1.0,"played":[0.0,1.0],"evs":[0.0,2.44489]},"KK":{"weight":1.0,"played":[0.0,1.0],"evs":[0.0,4.75474]},"AKo":{"weight":1.0,"played":[0.0,1.0],"evs":[0.0,3.98927]},"A2s":{"weight":1.0,"played":[0.0,1.0],"evs":[0.0,1.97055]},"A3s":{"weight":1.0,"played":[0.0,1.0],"evs":[0.0,1.98898]},"A4s":{"weight":1.0,"played":[0.0,1.0],"evs":[0.0,2.01309]},"A5s":{"weight":1.0,"played":[0.0,1.0],"evs":[0.0,2.08037]},"A6s":{"weight":1.0,"played":[0.0,1.0],"evs":[0.0,2.05879]},"A7s":{"weight":1.0,"played":[0.0,1.0],"evs":[0.0,2.16505]},"A8s":{"weight":1.0,"played":[0.0,1.0],"evs":[0.0,2.31551]},"A9s":{"weight":1.0,"played":[0.0,1.0],"evs":[0.0,2.56555]},"ATs":{"weight":1.0,"played":[0.0,1.0],"evs":[0.0,2.99363]},"AJs":{"weight":1.0,"played":[0.0,1.0],"evs":[0.0,3.35361]},"AQs":{"weight":1.0,"played":[0.0,1.0],"evs":[0.0,3.72566]},"AKs":{"weight":1.0,"played":[0.0,1.0],"evs":[0.0,4.12632]},"AA":{"weight":1.0,"played":[0.0,1.0],"evs":[0.0,5.98422]}}}