{"player":5,"street":0,"children":2,"sequence":[{"player":0,"type":"R","amount":5600000,"street":0},{"player":1,"type":"F","amount":0,"street":0},{"player":2,"type":"F","amount":0,"street":0},{"player":3,"type":"F","amount":0,"street":0},{"player":4,"type":"R","amount":8480000,"street":0}],"actions":[{"type":"F","amount":0,"node":136},{"type":"R","amount":11040000,"node":137}],"hands":{"22":{"weight":1.0,"played":[0.0,1.0],"evs":[0.0,0.51136]},"32o":{"weight":1.0,"played":[1.0,0.0],"evs":[0.0,-0.74816]},"42o":{"weight":1.0,"played":[1.0,0.0],"evs":[0.0,-0.69443]},"52o":{"weight":1.0,"played":[1.0,0.0],"evs":[0.0,-0.63574]},"62o":{"weight":1.0,"played":[1.0,0.0],"evs":[0.0,-0.77928]},"72o":{"weight":1.0,"played":[1.0,0.0],"evs":[0.0,-0.89755]},"82o":{"weight":1.0,"played":[1.0,0.0],"evs":[0.0,-0.83374]},"92o":{"weight":1.0,"played":[1.0,0.0],"evs":[0.0,-0.78148]},"T2o":{"weight":1.0,"played":[1.0,0.0],"evs":[0.0,-0.8146]},"J2o":{"weight":1.0,"played":[1.0,0.0],"evs":[0.0,-0.71795]},"Q2o":{"weight":1.0,"played":[1.0,0.0],"evs":[0.0,-0.67454]},"K2o":{"weight":1.0,"played":[1.0,0.0],"evs":[0.0,-0.57618]},"A2o":{"weight":1.0,"played":[1.0,0.0],"evs":[0.0,-0.36833]},"32s":{"weight":1.0,"played":[1.0,0.0],"evs":[0.0,-0.235]},"33":{"weight":1.0,"played":[0.0,1.0],"evs":[0.0,0.6276]},"43o":{"weight":1.0,"played":[1.0,0.0],"evs":[0.0,-0.49636]},"53o":{"weight":1.0,"played":[1.0,0.0],"evs":[0.0,-0.439]},"63o":{"weight":1.0,"played":[1.0,0.0],"evs":[0.0,-0.57898]},"73o":{"weight":1.0,"played":[1.0,0.0],"evs":[0.0,-0.69647]},"83o":{"weight":1.0,"played":[1.0,0.0],"evs":[0.0,-0.84084]},"93o":{"weight":1.0,"played":[1.0,0.0],"evs":[0.0,-0.74298]},"T3o":{"weight":1.0,"played":[1.0,0.0],"evs":[0.0,-0.73881]},"J3o":{"weight":1.0,"played":[1.0,0.0],"evs":[0.0,-0.68083]},"Q3o":{"weight":1.0,"played":[1.0,0.0],"evs":[0.0,-0.6119]},"K3o":{"weight":1.0,"played":[1.0,0.0],"evs":[0.0,-0.49504]},"A3o":{"weight":1.0,"played":[1.0,0.0],"evs":[0.0,-0.29147]},"42s":{"weight":1.0,"played":[1.0,0.0],"evs":[0.0,-0.1316]},"43s":{"weight":1.0,"played":[0.0439,0.9561],"evs":[0.0,-9.0E-5]},"44":{"weight":1.0,"played":[0.0,1.0],"evs":[0.0,0.73204]},"54o":{"weight":1.0,"played":[1.0,0.0],"evs":[0.0,-0.23267]},"64o":{"weight":1.0,"played":[1.0,0.0],"evs":[0.0,-0.3401]},"74o":{"weight":1.0,"played":[1.0,0.0],"evs":[0.0,-0.47573]},"84o":{"weight":1.0,"played":[1.0,0.0],"evs":[0.0,-0.60007]},"94o":{"weight":1.0,"played":[1.0,0.0],"evs":[0.0,-0.72104]},"T4o":{"weight":1.0,"played":[1.0,0.0],"evs":[0.0,-0.67881]},"J4o":{"weight":1.0,"played":[1.0,0.0],"evs":[0.0,-0.60078]},"Q4o":{"weight":1.0,"played":[1.0,0.0],"evs":[0.0,-0.55271]},"K4o":{"weight":1.0,"played":[1.0,0.0],"evs":[0.0,-0.4237]},"A4o":{"weight":1.0,"played":[1.0,0.0],"evs":[0.0,-0.2253]},"52s":{"weight":1.0,"played":[0.991,0.009],"evs":[0.0,-0.1177]},"53s":{"weight":1.0,"played":[0.0011,0.9989],"evs":[0.0,0.08]},"54s":{"weight":1.0,"played":[0.0,1.0],"evs":[0.0,0.27447]},"55":{"weight":1.0,"played":[0.0,1.0],"evs":[0.0,0.83861]},"65o":{"weight":1.0,"played":[1.0,0.0],"evs":[0.0,-0.16499]},"75o":{"weight":1.0,"played":[1.0,0.0],"evs":[0.0,-0.28572]},"85o":{"weight":1.0,"played":[1.0,0.0],"evs":[0.0,-0.40614]},"95o":{"weight":1.0,"played":[1.0,0.0],"evs":[0.0,-0.51022]},"T5o":{"weight":1.0,"played":[1.0,0.0],"evs":[0.0,-0.66736]},"J5o":{"weight":1.0,"played":[1.0,0.0],"evs":[0.0,-0.56924]},"Q5o":{"weight":1.0,"played":[1.0,0.0],"evs":[0.0,-0.5059]},"K5o":{"weight":1.0,"played":[1.0,0.0],"evs":[0.0,-0.38758]},"A5o":{"weight":1.0,"played":[0.9999,1.0E-4],"evs":[0.0,-0.19685]},"62s":{"weight":1.0,"played":[0.9999,1.0E-4],"evs":[0.0,-0.23435]},"63s":{"weight":1.0,"played":[0.9994,6.0E-4],"evs":[0.0,-0.06181]},"64s":{"weight":1.0,"played":[1.0E-4,0.9999],"evs":[0.0,0.13074]},"65s":{"weight":1.0,"played":[0.0,1.0],"evs":[0.0,0.32287]},"66":{"weight":1.0,"played":[0.0,1.0],"evs":[0.0,1.01955]},"76o":{"weight":1.0,"played":[1.0,0.0],"evs":[0.0,-0.12028]},"86o":{"weight":1.0,"played":[1.0,0.0],"evs":[0.0,-0.21653]},"96o":{"weight":1.0,"played":[1.0,0.0],"evs":[0.0,-0.34203]},"T6o":{"weight":1.0,"played":[1.0,0.0],"evs":[0.0,-0.49586]},"J6o":{"weight":1.0,"played":[1.0,0.0],"evs":[0.0,-0.55958]},"Q6o":{"weight":1.0,"played":[1.0,0.0],"evs":[0.0,-0.46355]},"K6o":{"weight":1.0,"played":[1.0,0.0],"evs":[0.0,-0.35495]},"A6o":{"weight":1.0,"played":[1.0,0.0],"evs":[0.0,-0.33932]},"72s":{"weight":1.0,"played":[1.0,0.0],"evs":[0.0,-0.37734]},"73s":{"weight":1.0,"played":[0.9996,4.0E-4],"evs":[0.0,-0.17099]},"74s":{"weight":1.0,"played":[0.2252,0.7748],"evs":[0.0,0.00693]},"75s":{"weight":1.0,"played":[1.0E-4,0.9999],"evs":[0.0,0.20213]},"76s":{"weight":1.0,"played":[0.0,1.0],"evs":[0.0,0.3788]},"77":{"weight":1.0,"played":[0.0,1.0],"evs":[0.0,1.33021]},"87o":{"weight":1.0,"played":[0.9998,2.0E-4],"evs":[0.0,-0.06884]},"97o":{"weight":1.0,"played":[1.0,0.0],"evs":[0.0,-0.15069]},"T7o":{"weight":1.0,"played":[1.0,0.0],"evs":[0.0,-0.27046]},"J7o":{"weight":1.0,"played":[1.0,0.0],"evs":[0.0,-0.32822]},"Q7o":{"weight":1.0,"played":[1.0,0.0],"evs":[0.0,-0.42595]},"K7o":{"weight":1.0,"played":[0.9999,1.0E-4],"evs":[0.0,-0.27846]},"A7o":{"weight":1.0,"played":[1.0,0.0],"evs":[0.0,-0.21689]},"82s":{"weight":1.0,"played":[1.0,0.0],"evs":[0.0,-0.37275]},"83s":{"weight":1.0,"played":[1.0,0.0],"evs":[0.0,-0.32517]},"84s":{"weight":1.0,"played":[0.9996,4.0E-4],"evs":[0.0,-0.10293]},"85s":{"weight":1.0,"played":[0.0026,0.9974],"evs":[0.0,0.09202]},"86s":{"weight":1.0,"played":[0.0,1.0],"evs":[0.0,0.26163]},"87s":{"weight":1.0,"played":[0.0,1.0],"evs":[0.0,0.38287]},"88":{"weight":1.0,"played":[0.0,1.0],"evs":[0.0,1.57632]},"98o":{"weight":1.0,"played":[0.9942,0.0058],"evs":[0.0,-0.02275]},"T8o":{"weight":1.0,"played":[0.9999,1.0E-4],"evs":[0.0,-0.11619]},"J8o":{"weight":1.0,"played":[1.0,0.0],"evs":[0.0,-0.19962]},"Q8o":{"weight":1.0,"played":[1.0,0.0],"evs":[0.0,-0.29426]},"K8o":{"weight":1.0,"played":[1.0,0.0],"evs":[0.0,-0.26469]},"A8o":{"weight":1.0,"played":[0.9999,1.0E-4],"evs":[0.0,-0.11909]},"92s":{"weight":1.0,"played":[1.0,0.0],"evs":[0.0,-0.24295]},"93s":{"weight":1.0,"played":[1.0,0.0],"evs":[0.0,-0.2091]},"94s":{"weight":1.0,"played":[1.0,0.0],"evs":[0.0,-0.17837]},"95s":{"weight":1.0,"played":[0.6499,0.3501],"evs":[0.0,0.02886]},"96s":{"weight":1.0,"played":[0.0011,0.9989],"evs":[0.0,0.17809]},"97s":{"weight":1.0,"played":[0.0,1.0],"evs":[0.0,0.32684]},"98s":{"weight":1.0,"played":[0.0,1.0],"evs":[0.0,0.48774]},"99":{"weight":1.0,"played":[0.0,1.0],"evs":[0.0,2.00057]},"T9o":{"weight":1.0,"played":[1.0E-4,0.9999],"evs":[0.0,0.07484]},"J9o":{"weight":1.0,"played":[0.4676,0.5324],"evs":[0.0,0.01134]},"Q9o":{"weight":1.0,"played":[0.9999,1.0E-4],"evs":[0.0,-0.08874]},"K9o":{"weight":1.0,"played":[0.9995,5.0E-4],"evs":[0.0,-0.08315]},"A9o":{"weight":1.0,"played":[0.0,1.0],"evs":[0.0,0.04298]},"T2s":{"weight":1.0,"played":[0.9999,1.0E-4],"evs":[0.0,-0.24238]},"T3s":{"weight":1.0,"played":[0.9999,1.0E-4],"evs":[0.0,-0.19481]},"T4s":{"weight":1.0,"played":[0.998,0.002],"evs":[0.0,-0.19437]},"T5s":{"weight":1.0,"played":[1.0,0.0],"evs":[0.0,-0.14472]},"T6s":{"weight":1.0,"played":[0.1102,0.8898],"evs":[0.0,0.01798]},"T7s":{"weight":1.0,"played":[0.0,1.0],"evs":[0.0,0.20402]},"T8s":{"weight":1.0,"played":[0.0,1.0],"evs":[0.0,0.35198]},"T9s":{"weight":1.0,"played":[0.0,1.0],"evs":[0.0,0.50787]},"TT":{"weight":1.0,"played":[0.0,1.0],"evs":[0.0,2.51662]},"JTo":{"weight":1.0,"played":[0.0,1.0],"evs":[0.0,0.15926]},"QTo":{"weight":1.0,"played":[1.0E-4,0.9999],"evs":[0.0,0.12827]},"KTo":{"weight":1.0,"played":[0.0,1.0],"evs":[0.0,0.11723]},"ATo":{"weight":1.0,"played":[0.0,1.0],"evs":[0.0,0.47072]},"J2s":{"weight":1.0,"played":[0.992,0.008],"evs":[0.0,-0.19636]},"J3s":{"weight":1.0,"played":[0.9999,1.0E-4],"evs":[0.0,-0.13454]},"J4s":{"weight":1.0,"played":[0.9951,0.0049],"evs":[0.0,-0.08229]},"J5s":{"weight":1.0,"played":[0.9938,0.0062],"evs":[0.0,-0.055]},"J6s":{"weight":1.0,"played":[0.8567,0.1433],"evs":[0.0,-0.03864]},"J7s":{"weight":1.0,"played":[2.0E-4,0.9998],"evs":[0.0,0.14156]},"J8s":{"weight":1.0,"played":[0.0,1.0],"evs":[0.0,0.29559]},"J9s":{"weight":1.0,"played":[0.0,1.0],"evs":[0.0,0.48151]},"JTs":{"weight":1.0,"played":[0.0,1.0],"evs":[0.0,0.63458]},"JJ":{"weight":1.0,"played":[0.0,1.0],"evs":[0.0,3.17386]},"QJo":{"weight":1.0,"played":[0.0,1.0],"evs":[0.0,0.19639]},"KJo":{"weight":1.0,"played":[0.0,1.0],"evs":[0.0,0.29563]},"AJo":{"weight":1.0,"played":[0.0,1.0],"evs":[0.0,1.00421]},"Q2s":{"weight":1.0,"played":[1.0,0.0],"evs":[0.0,-0.14466]},"Q3s":{"weight":1.0,"played":[0.9985,0.0015],"evs":[0.0,-0.06843]},"Q4s":{"weight":1.0,"played":[0.9145,0.0855],"evs":[0.0,-0.02147]},"Q5s":{"weight":1.0,"played":[0.0894,0.9106],"evs":[0.0,0.03076]},"Q6s":{"weight":1.0,"played":[0.0415,0.9585],"evs":[0.0,0.08229]},"Q7s":{"weight":1.0,"played":[0.0,1.0],"evs":[0.0,0.08768]},"Q8s":{"weight":1.0,"played":[0.0,1.0],"evs":[0.0,0.21062]},"Q9s":{"weight":1.0,"played":[0.0,1.0],"evs":[0.0,0.43497]},"QTs":{"weight":1.0,"played":[0.0,1.0],"evs":[0.0,0.58571]},"QJs":{"weight":1.0,"played":[0.0,1.0],"evs":[0.0,0.7053]},"QQ":{"weight":1.0,"played":[0.0,1.0],"evs":[0.0,4.02759]},"KQo":{"weight":1.0,"played":[0.0,1.0],"evs":[0.0,0.63027]},"AQo":{"weight":1.0,"played":[0.0,1.0],"evs":[0.0,1.68427]},"K2s":{"weight":1.0,"played":[0.5999,0.4001],"evs":[0.0,-0.01085]},"K3s":{"weight":1.0,"played":[0.0063,0.9937],"evs":[0.0,0.05204]},"K4s":{"weight":1.0,"played":[0.0,1.0],"evs":[0.0,0.0928]},"K5s":{"weight":1.0,"played":[0.0,1.0],"evs":[0.0,0.1718]},"K6s":{"weight":1.0,"played":[0.0,1.0],"evs":[0.0,0.1628]},"K7s":{"weight":1.0,"played":[0.0,1.0],"evs":[0.0,0.25914]},"K8s":{"weight":1.0,"played":[0.0,1.0],"evs":[0.0,0.25763]},"K9s":{"weight":1.0,"played":[0.0,1.0],"evs":[0.0,0.41454]},"KTs":{"weight":1.0,"played":[0.0,1.0],"evs":[0.0,0.65655]},"KJs":{"weight":1.0,"played":[0.0,1.0],"evs":[0.0,0.77203]},"KQs":{"weight":1.0,"played":[0.0,1.0],"evs":[0.0,1.05618]},"KK":{"weight":1.0,"played":[0.0,1.0],"evs":[0.0,5.10037]},"AKo":{"weight":1.0,"played":[0.0,1.0],"evs":[0.0,2.37585]},"A2s":{"weight":1.0,"played":[2.0E-4,0.9998],"evs":[0.0,0.16212]},"A3s":{"weight":1.0,"played":[0.0,1.0],"evs":[0.0,0.24909]},"A4s":{"weight":1.0,"played":[0.0,1.0],"evs":[0.0,0.31531]},"A5s":{"weight":1.0,"played":[0.0,1.0],"evs":[0.0,0.35463]},"A6s":{"weight":1.0,"played":[0.0,1.0],"evs":[0.0,0.24338]},"A7s":{"weight":1.0,"played":[0.0,1.0],"evs":[0.0,0.31359]},"A8s":{"weight":1.0,"played":[0.0,1.0],"evs":[0.0,0.4474]},"A9s":{"weight":1.0,"played":[0.0,1.0],"evs":[0.0,0.576]},"ATs":{"weight":1.0,"played":[0.0,1.0],"evs":[0.0,0.96905]},"AJs":{"weight":1.0,"played":[0.0,1.0],"evs":[0.0,1.46376]},"AQs":{"weight":1.0,"played":[0.0,1.0],"evs":[0.0,2.10723]},"AKs":{"weight":1.0,"played":[0.0,1.0],"evs":[0.0,2.80736]},"AA":{"weight":1.0,"played":[0.0,1.0],"evs":[0.0,6.78195]}}}