{"player":5,"street":0,"children":2,"sequence":[{"player":0,"type":"R","amount":5600000,"street":0},{"player":1,"type":"F","amount":0,"street":0},{"player":2,"type":"F","amount":0,"street":0},{"player":3,"type":"R","amount":18080000,"street":0},{"player":4,"type":"C","amount":8480000,"street":0}],"actions":[{"type":"F","amount":0,"node":143},{"type":"C","amount":16480000,"node":144}],"hands":{"22":{"weight":1.0,"played":[1.0,0.0],"evs":[0.0,-1.69744]},"32o":{"weight":1.0,"played":[1.0,0.0],"evs":[0.0,-3.94386]},"42o":{"weight":1.0,"played":[1.0,0.0],"evs":[0.0,-3.81515]},"52o":{"weight":1.0,"played":[1.0,0.0],"evs":[0.0,-3.7194]},"62o":{"weight":1.0,"played":[1.0,0.0],"evs":[0.0,-3.89624]},"72o":{"weight":1.0,"played":[1.0,0.0],"evs":[0.0,-4.21074]},"82o":{"weight":1.0,"played":[1.0,0.0],"evs":[0.0,-4.15725]},"92o":{"weight":1.0,"played":[1.0,0.0],"evs":[0.0,-4.11406]},"T2o":{"weight":1.0,"played":[1.0,0.0],"evs":[0.0,-3.92482]},"J2o":{"weight":1.0,"played":[1.0,0.0],"evs":[0.0,-3.91322]},"Q2o":{"weight":1.0,"played":[1.0,0.0],"evs":[0.0,-3.81996]},"K2o":{"weight":1.0,"played":[1.0,0.0],"evs":[0.0,-3.53775]},"A2o":{"weight":1.0,"played":[1.0,0.0],"evs":[0.0,-3.02324]},"32s":{"weight":1.0,"played":[1.0,0.0],"evs":[0.0,-3.05725]},"33":{"weight":1.0,"played":[1.0,0.0],"evs":[0.0,-1.34923]},"43o":{"weight":1.0,"played":[1.0,0.0],"evs":[0.0,-3.36384]},"53o":{"weight":1.0,"played":[1.0,0.0],"evs":[0.0,-3.25785]},"63o":{"weight":1.0,"played":[1.0,0.0],"evs":[0.0,-3.42307]},"73o":{"weight":1.0,"played":[1.0,0.0],"evs":[0.0,-3.82098]},"83o":{"weight":1.0,"played":[1.0,0.0],"evs":[0.0,-4.08376]},"93o":{"weight":1.0,"played":[1.0,0.0],"evs":[0.0,-3.97195]},"T3o":{"weight":1.0,"played":[1.0,0.0],"evs":[0.0,-3.87142]},"J3o":{"weight":1.0,"played":[1.0,0.0],"evs":[0.0,-3.68251]},"Q3o":{"weight":1.0,"played":[1.0,0.0],"evs":[0.0,-3.72269]},"K3o":{"weight":1.0,"played":[1.0,0.0],"evs":[0.0,-3.30318]},"A3o":{"weight":1.0,"played":[1.0,0.0],"evs":[0.0,-2.9219]},"42s":{"weight":1.0,"played":[1.0,0.0],"evs":[0.0,-2.9228]},"43s":{"weight":1.0,"played":[1.0,0.0],"evs":[0.0,-2.76566]},"44":{"weight":1.0,"played":[0.9998,2.0E-4],"evs":[0.0,-1.07442]},"54o":{"weight":1.0,"played":[1.0,0.0],"evs":[0.0,-2.91246]},"64o":{"weight":1.0,"played":[1.0,0.0],"evs":[0.0,-3.08335]},"74o":{"weight":1.0,"played":[1.0,0.0],"evs":[0.0,-3.38752]},"84o":{"weight":1.0,"played":[1.0,0.0],"evs":[0.0,-3.73013]},"94o":{"weight":1.0,"played":[1.0,0.0],"evs":[0.0,-3.88981]},"T4o":{"weight":1.0,"played":[1.0,0.0],"evs":[0.0,-3.70475]},"J4o":{"weight":1.0,"played":[1.0,0.0],"evs":[0.0,-3.58611]},"Q4o":{"weight":1.0,"played":[1.0,0.0],"evs":[0.0,-3.53187]},"K4o":{"weight":1.0,"played":[1.0,0.0],"evs":[0.0,-3.23776]},"A4o":{"weight":1.0,"played":[1.0,0.0],"evs":[0.0,-2.70348]},"52s":{"weight":1.0,"played":[1.0,0.0],"evs":[0.0,-2.95926]},"53s":{"weight":1.0,"played":[1.0,0.0],"evs":[0.0,-2.59876]},"54s":{"weight":1.0,"played":[1.0,0.0],"evs":[0.0,-2.24719]},"55":{"weight":1.0,"played":[0.9998,2.0E-4],"evs":[0.0,-0.68053]},"65o":{"weight":1.0,"played":[1.0,0.0],"evs":[0.0,-2.73177]},"75o":{"weight":1.0,"played":[1.0,0.0],"evs":[0.0,-3.06497]},"85o":{"weight":1.0,"played":[1.0,0.0],"evs":[0.0,-3.33751]},"95o":{"weight":1.0,"played":[1.0,0.0],"evs":[0.0,-3.57206]},"T5o":{"weight":1.0,"played":[1.0,0.0],"evs":[0.0,-3.66475]},"J5o":{"weight":1.0,"played":[1.0,0.0],"evs":[0.0,-3.52902]},"Q5o":{"weight":1.0,"played":[1.0,0.0],"evs":[0.0,-3.52965]},"K5o":{"weight":1.0,"played":[1.0,0.0],"evs":[0.0,-3.22467]},"A5o":{"weight":1.0,"played":[1.0,0.0],"evs":[0.0,-2.65613]},"62s":{"weight":1.0,"played":[1.0,0.0],"evs":[0.0,-3.06777]},"63s":{"weight":1.0,"played":[1.0,0.0],"evs":[0.0,-2.60716]},"64s":{"weight":1.0,"played":[1.0,0.0],"evs":[0.0,-2.28759]},"65s":{"weight":1.0,"played":[1.0,0.0],"evs":[0.0,-1.98332]},"66":{"weight":1.0,"played":[0.9999,1.0E-4],"evs":[0.0,-0.35058]},"76o":{"weight":1.0,"played":[1.0,0.0],"evs":[0.0,-2.74789]},"86o":{"weight":1.0,"played":[1.0,0.0],"evs":[0.0,-2.9363]},"96o":{"weight":1.0,"played":[1.0,0.0],"evs":[0.0,-3.08335]},"T6o":{"weight":1.0,"played":[1.0,0.0],"evs":[0.0,-3.24957]},"J6o":{"weight":1.0,"played":[1.0,0.0],"evs":[0.0,-3.38056]},"Q6o":{"weight":1.0,"played":[1.0,0.0],"evs":[0.0,-3.29332]},"K6o":{"weight":1.0,"played":[1.0,0.0],"evs":[0.0,-2.98968]},"A6o":{"weight":1.0,"played":[1.0,0.0],"evs":[0.0,-2.79287]},"72s":{"weight":1.0,"played":[1.0,0.0],"evs":[0.0,-3.4275]},"73s":{"weight":1.0,"played":[1.0,0.0],"evs":[0.0,-3.05847]},"74s":{"weight":1.0,"played":[1.0,0.0],"evs":[0.0,-2.47028]},"75s":{"weight":1.0,"played":[1.0,0.0],"evs":[0.0,-2.21644]},"76s":{"weight":1.0,"played":[1.0,0.0],"evs":[0.0,-1.80342]},"77":{"weight":1.0,"played":[0.9893,0.0107],"evs":[0.0,-0.09526]},"87o":{"weight":1.0,"played":[1.0,0.0],"evs":[0.0,-2.81819]},"97o":{"weight":1.0,"played":[1.0,0.0],"evs":[0.0,-2.9749]},"T7o":{"weight":1.0,"played":[1.0,0.0],"evs":[0.0,-3.0952]},"J7o":{"weight":1.0,"played":[1.0,0.0],"evs":[0.0,-3.30904]},"Q7o":{"weight":1.0,"played":[1.0,0.0],"evs":[0.0,-3.34673]},"K7o":{"weight":1.0,"played":[1.0,0.0],"evs":[0.0,-3.00436]},"A7o":{"weight":1.0,"played":[1.0,0.0],"evs":[0.0,-2.57835]},"82s":{"weight":1.0,"played":[1.0,0.0],"evs":[0.0,-3.38262]},"83s":{"weight":1.0,"played":[1.0,0.0],"evs":[0.0,-3.16988]},"84s":{"weight":1.0,"played":[1.0,0.0],"evs":[0.0,-2.69507]},"85s":{"weight":1.0,"played":[1.0,0.0],"evs":[0.0,-2.57107]},"86s":{"weight":1.0,"played":[1.0,0.0],"evs":[0.0,-2.24182]},"87s":{"weight":1.0,"played":[1.0,0.0],"evs":[0.0,-2.0555]},"88":{"weight":1.0,"played":[0.0047,0.9953],"evs":[0.0,0.25659]},"98o":{"weight":1.0,"played":[1.0,0.0],"evs":[0.0,-2.81047]},"T8o":{"weight":1.0,"played":[1.0,0.0],"evs":[0.0,-2.8784]},"J8o":{"weight":1.0,"played":[1.0,0.0],"evs":[0.0,-3.00469]},"Q8o":{"weight":1.0,"played":[1.0,0.0],"evs":[0.0,-3.18444]},"K8o":{"weight":1.0,"played":[1.0,0.0],"evs":[0.0,-3.06624]},"A8o":{"weight":1.0,"played":[1.0,0.0],"evs":[0.0,-2.44623]},"92s":{"weight":1.0,"played":[1.0,0.0],"evs":[0.0,-3.18416]},"93s":{"weight":1.0,"played":[1.0,0.0],"evs":[0.0,-3.03798]},"94s":{"weight":1.0,"played":[1.0,0.0],"evs":[0.0,-3.15661]},"95s":{"weight":1.0,"played":[1.0,0.0],"evs":[0.0,-2.69153]},"96s":{"weight":1.0,"played":[1.0,0.0],"evs":[0.0,-2.41664]},"97s":{"weight":1.0,"played":[1.0,0.0],"evs":[0.0,-2.12379]},"98s":{"weight":1.0,"played":[1.0,0.0],"evs":[0.0,-2.0658]},"99":{"weight":1.0,"played":[0.0,1.0],"evs":[0.0,0.89976]},"T9o":{"weight":1.0,"played":[1.0,0.0],"evs":[0.0,-2.60067]},"J9o":{"weight":1.0,"played":[1.0,0.0],"evs":[0.0,-2.746]},"Q9o":{"weight":1.0,"played":[1.0,0.0],"evs":[0.0,-2.87863]},"K9o":{"weight":1.0,"played":[1.0,0.0],"evs":[0.0,-2.62928]},"A9o":{"weight":1.0,"played":[1.0,0.0],"evs":[0.0,-1.9692]},"T2s":{"weight":1.0,"played":[1.0,0.0],"evs":[0.0,-3.09947]},"T3s":{"weight":1.0,"played":[1.0,0.0],"evs":[0.0,-3.03415]},"T4s":{"weight":1.0,"played":[1.0,0.0],"evs":[0.0,-2.85459]},"T5s":{"weight":1.0,"played":[1.0,0.0],"evs":[0.0,-2.85319]},"T6s":{"weight":1.0,"played":[1.0,0.0],"evs":[0.0,-2.52335]},"T7s":{"weight":1.0,"played":[1.0,0.0],"evs":[0.0,-2.23604]},"T8s":{"weight":1.0,"played":[1.0,0.0],"evs":[0.0,-1.97995]},"T9s":{"weight":1.0,"played":[1.0,0.0],"evs":[0.0,-1.62883]},"TT":{"weight":1.0,"played":[0.0,1.0],"evs":[0.0,1.92326]},"JTo":{"weight":1.0,"played":[1.0,0.0],"evs":[0.0,-2.33271]},"QTo":{"weight":1.0,"played":[1.0,0.0],"evs":[0.0,-2.41435]},"KTo":{"weight":1.0,"played":[1.0,0.0],"evs":[0.0,-2.1139]},"ATo":{"weight":1.0,"played":[1.0,0.0],"evs":[0.0,-1.31513]},"J2s":{"weight":1.0,"played":[1.0,0.0],"evs":[0.0,-2.96086]},"J3s":{"weight":1.0,"played":[1.0,0.0],"evs":[0.0,-3.00796]},"J4s":{"weight":1.0,"played":[1.0,0.0],"evs":[0.0,-2.63138]},"J5s":{"weight":1.0,"played":[1.0,0.0],"evs":[0.0,-2.67314]},"J6s":{"weight":1.0,"played":[1.0,0.0],"evs":[0.0,-2.50534]},"J7s":{"weight":1.0,"played":[1.0,0.0],"evs":[0.0,-2.46244]},"J8s":{"weight":1.0,"played":[1.0,0.0],"evs":[0.0,-2.19536]},"J9s":{"weight":1.0,"played":[1.0,0.0],"evs":[0.0,-1.92408]},"JTs":{"weight":1.0,"played":[1.0,0.0],"evs":[0.0,-1.44237]},"JJ":{"weight":1.0,"played":[0.0,1.0],"evs":[0.0,2.95283]},"QJo":{"weight":1.0,"played":[1.0,0.0],"evs":[0.0,-2.13486]},"KJo":{"weight":1.0,"played":[1.0,0.0],"evs":[0.0,-1.71169]},"AJo":{"weight":1.0,"played":[1.0,0.0],"evs":[0.0,-0.84216]},"Q2s":{"weight":1.0,"played":[1.0,0.0],"evs":[0.0,-2.97483]},"Q3s":{"weight":1.0,"played":[1.0,0.0],"evs":[0.0,-2.77819]},"Q4s":{"weight":1.0,"played":[1.0,0.0],"evs":[0.0,-2.52095]},"Q5s":{"weight":1.0,"played":[1.0,0.0],"evs":[0.0,-2.57505]},"Q6s":{"weight":1.0,"played":[1.0,0.0],"evs":[0.0,-2.431]},"Q7s":{"weight":1.0,"played":[1.0,0.0],"evs":[0.0,-2.55278]},"Q8s":{"weight":1.0,"played":[1.0,0.0],"evs":[0.0,-2.33736]},"Q9s":{"weight":1.0,"played":[1.0,0.0],"evs":[0.0,-1.97393]},"QTs":{"weight":1.0,"played":[0.9999,1.0E-4],"evs":[0.0,-1.63128]},"QJs":{"weight":1.0,"played":[1.0,0.0],"evs":[0.0,-1.35418]},"QQ":{"weight":1.0,"played":[0.0,1.0],"evs":[0.0,4.11573]},"KQo":{"weight":1.0,"played":[1.0,0.0],"evs":[0.0,-1.36154]},"AQo":{"weight":1.0,"played":[0.9872,0.0128],"evs":[0.0,-0.25294]},"K2s":{"weight":1.0,"played":[1.0,0.0],"evs":[0.0,-2.58232]},"K3s":{"weight":1.0,"played":[1.0,0.0],"evs":[0.0,-2.5342]},"K4s":{"weight":1.0,"played":[1.0,0.0],"evs":[0.0,-2.25948]},"K5s":{"weight":1.0,"played":[1.0,0.0],"evs":[0.0,-2.30703]},"K6s":{"weight":1.0,"played":[1.0,0.0],"evs":[0.0,-2.23988]},"K7s":{"weight":1.0,"played":[1.0,0.0],"evs":[0.0,-2.08778]},"K8s":{"weight":1.0,"played":[1.0,0.0],"evs":[0.0,-2.14153]},"K9s":{"weight":1.0,"played":[1.0,0.0],"evs":[0.0,-1.82084]},"KTs":{"weight":1.0,"played":[1.0,0.0],"evs":[0.0,-1.31229]},"KJs":{"weight":1.0,"played":[1.0,0.0],"evs":[0.0,-0.90602]},"KQs":{"weight":1.0,"played":[0.9979,0.0021],"evs":[0.0,-0.6449]},"KK":{"weight":1.0,"played":[0.0,1.0],"evs":[0.0,5.87019]},"AKo":{"weight":1.0,"played":[0.0,1.0],"evs":[0.0,0.57201]},"A2s":{"weight":1.0,"played":[1.0,0.0],"evs":[0.0,-2.08353]},"A3s":{"weight":1.0,"played":[1.0,0.0],"evs":[0.0,-2.07728]},"A4s":{"weight":1.0,"played":[1.0,0.0],"evs":[0.0,-1.87565]},"A5s":{"weight":1.0,"played":[1.0,0.0],"evs":[0.0,-1.84379]},"A6s":{"weight":1.0,"played":[1.0,0.0],"evs":[0.0,-1.89476]},"A7s":{"weight":1.0,"played":[0.9999,1.0E-4],"evs":[0.0,-1.68474]},"A8s":{"weight":1.0,"played":[1.0,0.0],"evs":[0.0,-1.53819]},"A9s":{"weight":1.0,"played":[1.0,0.0],"evs":[0.0,-1.24873]},"ATs":{"weight":1.0,"played":[0.9995,5.0E-4],"evs":[0.0,-0.415]},"AJs":{"weight":1.0,"played":[0.433,0.567],"evs":[0.0,-0.00514]},"AQs":{"weight":1.0,"played":[1.0E-4,0.9999],"evs":[0.0,0.66363]},"AKs":{"weight":1.0,"played":[0.0,1.0],"evs":[0.0,1.24762]},"AA":{"weight":1.0,"played":[0.0,1.0],"evs":[0.0,7.85763]}}}