{"player":6,"street":0,"children":3,"sequence":[{"player":0,"type":"R","amount":5600000,"street":0},{"player":1,"type":"F","amount":0,"street":0},{"player":2,"type":"C","amount":5600000,"street":0},{"player":3,"type":"F","amount":0,"street":0},{"player":4,"type":"F","amount":0,"street":0},{"player":5,"type":"C","amount":4000000,"street":0}],"actions":[{"type":"F","amount":0},{"type":"C","amount":2400000},{"type":"R","amount":11040000,"node":151}],"hands":{"22":{"weight":1.0,"played":[0.0264,0.9736,0.0],"evs":[0.0,0.17936,-0.84672]},"32o":{"weight":1.0,"played":[1.0,0.0,0.0],"evs":[0.0,-0.43803,-2.198]},"42o":{"weight":1.0,"played":[1.0,0.0,0.0],"evs":[0.0,-0.42486,-2.15397]},"52o":{"weight":1.0,"played":[1.0,0.0,0.0],"evs":[0.0,-0.49488,-2.10782]},"62o":{"weight":1.0,"played":[1.0,0.0,0.0],"evs":[0.0,-0.47096,-2.22331]},"72o":{"weight":1.0,"played":[1.0,0.0,0.0],"evs":[0.0,-0.6266,-2.48695]},"82o":{"weight":1.0,"played":[1.0,0.0,0.0],"evs":[0.0,-0.62881,-2.34514]},"92o":{"weight":1.0,"played":[1.0,0.0,0.0],"evs":[0.0,-0.48075,-2.08384]},"T2o":{"weight":1.0,"played":[1.0,0.0,0.0],"evs":[0.0,-0.62651,-2.24835]},"J2o":{"weight":1.0,"played":[1.0,0.0,0.0],"evs":[0.0,-0.512,-2.179]},"Q2o":{"weight":1.0,"played":[1.0,0.0,0.0],"evs":[0.0,-0.48427,-2.12728]},"K2o":{"weight":1.0,"played":[1.0,0.0,0.0],"evs":[0.0,-0.28302,-1.74755]},"A2o":{"weight":1.0,"played":[1.0,0.0,0.0],"evs":[0.0,-0.46122,-1.35925]},"32s":{"weight":1.0,"played":[0.8335,0.1663,2.0E-4],"evs":[0.0,-0.15051,-1.53261]},"33":{"weight":1.0,"played":[0.045,0.9518,0.0032],"evs":[0.0,0.30004,-0.73484]},"43o":{"weight":1.0,"played":[1.0,0.0,0.0],"evs":[0.0,-0.28515,-1.87702]},"53o":{"weight":1.0,"played":[1.0,0.0,0.0],"evs":[0.0,-0.20757,-1.75893]},"63o":{"weight":1.0,"played":[1.0,0.0,0.0],"evs":[0.0,-0.29221,-1.80844]},"73o":{"weight":1.0,"played":[1.0,0.0,0.0],"evs":[0.0,-0.57609,-2.16758]},"83o":{"weight":1.0,"played":[1.0,0.0,0.0],"evs":[0.0,-0.61897,-2.42848]},"93o":{"weight":1.0,"played":[1.0,0.0,0.0],"evs":[0.0,-0.4849,-2.0015]},"T3o":{"weight":1.0,"played":[1.0,0.0,0.0],"evs":[0.0,-0.7394,-2.3604]},"J3o":{"weight":1.0,"played":[0.9999,0.0,0.0],"evs":[0.0,-0.50244,-2.07286]},"Q3o":{"weight":1.0,"played":[1.0,0.0,0.0],"evs":[0.0,-0.55742,-2.07516]},"K3o":{"weight":1.0,"played":[0.9999,1.0E-4,1.0E-4],"evs":[0.0,-0.32995,-1.71268]},"A3o":{"weight":1.0,"played":[1.0,0.0,0.0],"evs":[0.0,-0.4096,-1.29769]},"42s":{"weight":1.0,"played":[0.7264,0.2736,0.0],"evs":[0.0,-0.01398,-1.28518]},"43s":{"weight":1.0,"played":[0.0178,0.9821,1.0E-4],"evs":[0.0,0.03747,-1.09544]},"44":{"weight":1.0,"played":[0.0659,0.934,1.0E-4],"evs":[0.0,0.39967,-0.45554]},"54o":{"weight":1.0,"played":[0.9999,0.0,0.0],"evs":[0.0,-0.19848,-1.52596]},"64o":{"weight":1.0,"played":[1.0,0.0,0.0],"evs":[0.0,-0.17502,-1.68989]},"74o":{"weight":1.0,"played":[0.9999,0.0,1.0E-4],"evs":[0.0,-0.49724,-2.10832]},"84o":{"weight":1.0,"played":[1.0,0.0,0.0],"evs":[0.0,-0.47861,-2.03539]},"94o":{"weight":1.0,"played":[1.0,0.0,0.0],"evs":[0.0,-0.4496,-2.12797]},"T4o":{"weight":1.0,"played":[1.0,0.0,0.0],"evs":[0.0,-0.5306,-2.03046]},"J4o":{"weight":1.0,"played":[1.0,0.0,0.0],"evs":[0.0,-0.5677,-2.12306]},"Q4o":{"weight":1.0,"played":[1.0,0.0,0.0],"evs":[0.0,-0.50178,-1.99659]},"K4o":{"weight":1.0,"played":[0.9957,0.0043,0.0],"evs":[0.0,-0.27424,-1.51581]},"A4o":{"weight":1.0,"played":[1.0,0.0,0.0],"evs":[0.0,-0.21162,-1.04626]},"52s":{"weight":1.0,"played":[0.4497,0.5503,0.0],"evs":[0.0,0.04425,-1.34539]},"53s":{"weight":1.0,"played":[0.2297,0.7703,0.0],"evs":[0.0,0.05676,-1.00936]},"54s":{"weight":1.0,"played":[0.7953,0.2047,1.0E-4],"evs":[0.0,-0.07442,-1.18282]},"55":{"weight":1.0,"played":[0.0147,0.979,0.0062],"evs":[0.0,0.42695,-0.30746]},"65o":{"weight":1.0,"played":[0.9947,0.0053,0.0],"evs":[0.0,-0.11071,-1.53036]},"75o":{"weight":1.0,"played":[0.9998,1.0E-4,1.0E-4],"evs":[0.0,-0.3256,-1.72553]},"85o":{"weight":1.0,"played":[1.0,0.0,0.0],"evs":[0.0,-0.48315,-1.775]},"95o":{"weight":1.0,"played":[1.0,0.0,0.0],"evs":[0.0,-0.39691,-1.79939]},"T5o":{"weight":1.0,"played":[1.0,0.0,0.0],"evs":[0.0,-0.45257,-2.08957]},"J5o":{"weight":1.0,"played":[1.0,0.0,0.0],"evs":[0.0,-0.53722,-1.98294]},"Q5o":{"weight":1.0,"played":[1.0,0.0,0.0],"evs":[0.0,-0.50211,-1.9884]},"K5o":{"weight":1.0,"played":[1.0,0.0,0.0],"evs":[0.0,-0.35397,-1.64851]},"A5o":{"weight":1.0,"played":[0.9999,1.0E-4,0.0],"evs":[0.0,-0.25839,-1.01622]},"62s":{"weight":1.0,"played":[1.0,0.0,0.0],"evs":[0.0,-0.09595,-1.57379]},"63s":{"weight":1.0,"played":[0.6392,0.3608,0.0],"evs":[0.0,0.1399,-1.00848]},"64s":{"weight":1.0,"played":[0.6671,0.3329,0.0],"evs":[0.0,-0.10628,-1.22418]},"65s":{"weight":1.0,"played":[0.0089,0.991,1.0E-4],"evs":[0.0,0.1357,-1.00991]},"66":{"weight":1.0,"played":[0.0117,0.9875,8.0E-4],"evs":[0.0,0.50008,-0.20424]},"76o":{"weight":1.0,"played":[1.0,0.0,0.0],"evs":[0.0,-0.13833,-1.37799]},"86o":{"weight":1.0,"played":[0.9999,1.0E-4,0.0],"evs":[0.0,-0.196,-1.45932]},"96o":{"weight":1.0,"played":[1.0,0.0,0.0],"evs":[0.0,-0.22653,-1.53442]},"T6o":{"weight":1.0,"played":[0.9999,1.0E-4,0.0],"evs":[0.0,-0.45083,-1.72342]},"J6o":{"weight":1.0,"played":[0.9996,3.0E-4,1.0E-4],"evs":[0.0,-0.38427,-1.85106]},"Q6o":{"weight":1.0,"played":[1.0,0.0,0.0],"evs":[0.0,-0.50118,-1.9561]},"K6o":{"weight":1.0,"played":[1.0,0.0,0.0],"evs":[0.0,-0.26283,-1.45527]},"A6o":{"weight":1.0,"played":[1.0,0.0,0.0],"evs":[0.0,-0.41732,-1.39752]},"72s":{"weight":1.0,"played":[0.9987,0.0013,0.0],"evs":[0.0,-0.32647,-1.96339]},"73s":{"weight":1.0,"played":[0.9993,7.0E-4,0.0],"evs":[0.0,-0.30399,-1.52493]},"74s":{"weight":1.0,"played":[0.9995,5.0E-4,0.0],"evs":[0.0,-0.17615,-1.42308]},"75s":{"weight":1.0,"played":[0.7069,0.2931,0.0],"evs":[0.0,-0.17427,-1.24188]},"76s":{"weight":1.0,"played":[0.4725,0.5275,0.0],"evs":[0.0,0.0948,-0.92913]},"77":{"weight":1.0,"played":[0.0299,0.9513,0.0188],"evs":[0.0,0.56512,0.29891]},"87o":{"weight":1.0,"played":[1.0,0.0,0.0],"evs":[0.0,-0.37595,-1.52846]},"97o":{"weight":1.0,"played":[1.0,0.0,0.0],"evs":[0.0,-0.30976,-1.42295]},"T7o":{"weight":1.0,"played":[1.0,0.0,0.0],"evs":[0.0,-0.4,-1.84334]},"J7o":{"weight":1.0,"played":[1.0,0.0,0.0],"evs":[0.0,-0.57262,-1.96929]},"Q7o":{"weight":1.0,"played":[1.0,0.0,0.0],"evs":[0.0,-0.6588,-2.15127]},"K7o":{"weight":1.0,"played":[0.9961,0.0039,0.0],"evs":[0.0,-0.21145,-1.31384]},"A7o":{"weight":1.0,"played":[0.9999,0.0,1.0E-4],"evs":[0.0,-0.30618,-1.03385]},"82s":{"weight":1.0,"played":[1.0,0.0,0.0],"evs":[0.0,-0.29244,-1.50364]},"83s":{"weight":1.0,"played":[0.687,0.3129,1.0E-4],"evs":[0.0,-0.03373,-1.22467]},"84s":{"weight":1.0,"played":[0.8753,0.1246,1.0E-4],"evs":[0.0,-0.03237,-1.31113]},"85s":{"weight":1.0,"played":[0.5414,0.4586,0.0],"evs":[0.0,-0.01851,-1.03836]},"86s":{"weight":1.0,"played":[0.5886,0.4113,1.0E-4],"evs":[0.0,0.09641,-1.0306]},"87s":{"weight":1.0,"played":[0.8355,0.1643,2.0E-4],"evs":[0.0,-0.04519,-0.89947]},"88":{"weight":1.0,"played":[3.0E-4,0.8945,0.1052],"evs":[0.0,1.05047,1.11192]},"98o":{"weight":1.0,"played":[0.8535,0.1465,0.0],"evs":[0.0,-0.12318,-1.24568]},"T8o":{"weight":1.0,"played":[1.0,0.0,0.0],"evs":[0.0,-0.42234,-1.55077]},"J8o":{"weight":1.0,"played":[1.0,0.0,0.0],"evs":[0.0,-0.38587,-1.5003]},"Q8o":{"weight":1.0,"played":[1.0,0.0,0.0],"evs":[0.0,-0.3951,-1.64379]},"K8o":{"weight":1.0,"played":[1.0,0.0,0.0],"evs":[0.0,-0.1894,-1.14509]},"A8o":{"weight":1.0,"played":[0.9999,0.0,0.0],"evs":[0.0,-0.1654,-0.71433]},"92s":{"weight":1.0,"played":[0.9374,0.0623,3.0E-4],"evs":[0.0,-0.3651,-1.60194]},"93s":{"weight":1.0,"played":[0.9805,0.0193,1.0E-4],"evs":[0.0,-0.30391,-1.48975]},"94s":{"weight":1.0,"played":[0.9831,0.0167,2.0E-4],"evs":[0.0,-0.14886,-1.35704]},"95s":{"weight":1.0,"played":[0.5478,0.452,1.0E-4],"evs":[0.0,-0.10167,-1.29116]},"96s":{"weight":1.0,"played":[0.7931,0.2068,1.0E-4],"evs":[0.0,0.06223,-0.98892]},"97s":{"weight":1.0,"played":[0.4043,0.5951,6.0E-4],"evs":[0.0,-0.03465,-1.07944]},"98s":{"weight":1.0,"played":[0.0766,0.9234,0.0],"evs":[0.0,0.13577,-0.62996]},"99":{"weight":1.0,"played":[6.0E-4,0.0066,0.9928],"evs":[0.0,1.22718,1.60146]},"T9o":{"weight":1.0,"played":[0.9747,0.0253,0.0],"evs":[0.0,-0.15959,-1.16448]},"J9o":{"weight":1.0,"played":[1.0,0.0,0.0],"evs":[0.0,-0.09294,-1.22773]},"Q9o":{"weight":1.0,"played":[0.8306,0.1694,0.0],"evs":[0.0,-0.07767,-1.24894]},"K9o":{"weight":1.0,"played":[0.0331,0.9669,0.0],"evs":[0.0,0.12355,-0.57921]},"A9o":{"weight":1.0,"played":[1.0,0.0,0.0],"evs":[0.0,-0.09207,-0.5472]},"T2s":{"weight":1.0,"played":[0.9964,0.0036,0.0],"evs":[0.0,-0.45069,-1.75634]},"T3s":{"weight":1.0,"played":[0.9996,4.0E-4,0.0],"evs":[0.0,-0.26046,-1.47284]},"T4s":{"weight":1.0,"played":[1.0,0.0,0.0],"evs":[0.0,-0.22198,-1.39895]},"T5s":{"weight":1.0,"played":[0.8793,0.1207,0.0],"evs":[0.0,-0.23787,-1.53955]},"T6s":{"weight":1.0,"played":[0.9778,0.0221,0.0],"evs":[0.0,-0.1918,-1.36947]},"T7s":{"weight":1.0,"played":[0.6367,0.3633,0.0],"evs":[0.0,0.01298,-1.01602]},"T8s":{"weight":1.0,"played":[0.2137,0.786,3.0E-4],"evs":[0.0,0.27957,-0.58022]},"T9s":{"weight":1.0,"played":[0.0182,0.9696,0.0122],"evs":[0.0,0.27634,-0.57431]},"TT":{"weight":1.0,"played":[1.0E-4,0.0212,0.9787],"evs":[0.0,1.2576,1.64835]},"JTo":{"weight":1.0,"played":[0.9547,0.0453,0.0],"evs":[0.0,-0.1957,-1.24127]},"QTo":{"weight":1.0,"played":[0.8538,0.1462,0.0],"evs":[0.0,-0.11053,-0.95854]},"KTo":{"weight":1.0,"played":[0.3548,0.6451,1.0E-4],"evs":[0.0,0.13381,-0.53837]},"ATo":{"weight":1.0,"played":[0.2727,0.7263,0.001],"evs":[0.0,0.11668,-0.12879]},"J2s":{"weight":1.0,"played":[0.9908,0.0091,0.0],"evs":[0.0,-0.16072,-1.50072]},"J3s":{"weight":1.0,"played":[0.7435,0.2563,2.0E-4],"evs":[0.0,-0.19891,-1.29059]},"J4s":{"weight":1.0,"played":[0.9999,1.0E-4,0.0],"evs":[0.0,-0.16056,-1.36997]},"J5s":{"weight":1.0,"played":[0.9991,9.0E-4,0.0],"evs":[0.0,-0.30483,-1.32327]},"J6s":{"weight":1.0,"played":[0.6698,0.3301,0.0],"evs":[0.0,-0.07489,-1.25429]},"J7s":{"weight":1.0,"played":[0.5072,0.4926,2.0E-4],"evs":[0.0,0.08869,-0.81015]},"J8s":{"weight":1.0,"played":[0.5557,0.4443,0.0],"evs":[0.0,0.09933,-0.68476]},"J9s":{"weight":1.0,"played":[0.0569,0.9428,3.0E-4],"evs":[0.0,0.29347,-0.4903]},"JTs":{"weight":1.0,"played":[0.0506,0.9491,3.0E-4],"evs":[0.0,0.28262,-0.2631]},"JJ":{"weight":1.0,"played":[0.0,0.0074,0.9926],"evs":[0.0,2.16304,2.58699]},"QJo":{"weight":1.0,"played":[0.432,0.568,0.0],"evs":[0.0,0.02653,-0.85232]},"KJo":{"weight":1.0,"played":[0.0408,0.959,2.0E-4],"evs":[0.0,0.22195,-0.31337]},"AJo":{"weight":1.0,"played":[0.0119,0.7544,0.2337],"evs":[0.0,0.48923,0.39151]},"Q2s":{"weight":1.0,"played":[0.9894,0.0106,0.0],"evs":[0.0,-0.12323,-1.28371]},"Q3s":{"weight":1.0,"played":[0.9748,0.025,2.0E-4],"evs":[0.0,-0.1032,-1.33676]},"Q4s":{"weight":1.0,"played":[0.8639,0.1361,0.0],"evs":[0.0,-0.15112,-1.29758]},"Q5s":{"weight":1.0,"played":[0.9997,3.0E-4,0.0],"evs":[0.0,-0.26408,-1.29707]},"Q6s":{"weight":1.0,"played":[0.8257,0.1743,0.0],"evs":[0.0,-0.19644,-1.36906]},"Q7s":{"weight":1.0,"played":[0.8776,0.1219,5.0E-4],"evs":[0.0,-0.12699,-1.25211]},"Q8s":{"weight":1.0,"played":[0.4847,0.5153,0.0],"evs":[0.0,0.16638,-0.79622]},"Q9s":{"weight":1.0,"played":[0.1916,0.8082,2.0E-4],"evs":[0.0,0.15682,-0.81576]},"QTs":{"weight":1.0,"played":[0.001,0.999,0.0],"evs":[0.0,0.28564,-0.5283]},"QJs":{"weight":1.0,"played":[0.1047,0.8951,2.0E-4],"evs":[0.0,0.73437,0.29969]},"QQ":{"weight":1.0,"played":[0.0,4.0E-4,0.9996],"evs":[0.0,2.549,3.28689]},"KQo":{"weight":1.0,"played":[0.016,0.9808,0.0032],"evs":[0.0,0.56972,0.23278]},"AQo":{"weight":1.0,"played":[0.0,2.0E-4,0.9997],"evs":[0.0,0.85559,0.95391]},"K2s":{"weight":1.0,"played":[0.2062,0.7935,3.0E-4],"evs":[0.0,0.1242,-0.81713]},"K3s":{"weight":1.0,"played":[0.4387,0.5607,5.0E-4],"evs":[0.0,0.19854,-0.80083]},"K4s":{"weight":1.0,"played":[0.2986,0.7009,5.0E-4],"evs":[0.0,0.00386,-1.05269]},"K5s":{"weight":1.0,"played":[0.1464,0.8536,0.0],"evs":[0.0,0.27096,-0.69148]},"K6s":{"weight":1.0,"played":[0.2023,0.797,6.0E-4],"evs":[0.0,-0.0664,-1.00018]},"K7s":{"weight":1.0,"played":[0.646,0.3536,5.0E-4],"evs":[0.0,-0.18976,-1.04526]},"K8s":{"weight":1.0,"played":[0.7068,0.2932,0.0],"evs":[0.0,0.12352,-0.48049]},"K9s":{"weight":1.0,"played":[8.0E-4,0.9984,8.0E-4],"evs":[0.0,0.71168,0.21658]},"KTs":{"weight":1.0,"played":[0.0098,0.99,3.0E-4],"evs":[0.0,0.39117,0.03524]},"KJs":{"weight":1.0,"played":[0.0276,0.9724,0.0],"evs":[0.0,0.66327,0.4536]},"KQs":{"weight":1.0,"played":[0.001,0.8684,0.1307],"evs":[0.0,0.76917,0.62927]},"KK":{"weight":1.0,"played":[0.0,0.0,1.0],"evs":[0.0,4.11556,4.83973]},"AKo":{"weight":1.0,"played":[1.0E-4,3.0E-4,0.9996],"evs":[0.0,1.41096,1.47844]},"A2s":{"weight":1.0,"played":[0.7021,0.2979,0.0],"evs":[0.0,-0.0631,-0.62751]},"A3s":{"weight":1.0,"played":[0.1536,0.8464,0.0],"evs":[0.0,0.36822,-0.32643]},"A4s":{"weight":1.0,"played":[0.2487,0.751,3.0E-4],"evs":[0.0,0.07441,-0.49601]},"A5s":{"weight":1.0,"played":[0.6032,0.3834,0.0134],"evs":[0.0,0.09839,-0.30829]},"A6s":{"weight":1.0,"played":[0.7852,0.2148,0.0],"evs":[0.0,0.0083,-0.57449]},"A7s":{"weight":1.0,"played":[0.8303,0.1692,5.0E-4],"evs":[0.0,0.06313,-0.17211]},"A8s":{"weight":1.0,"played":[0.3261,0.5748,0.0991],"evs":[0.0,0.24734,0.07101]},"A9s":{"weight":1.0,"played":[0.0762,0.8718,0.052],"evs":[0.0,0.26572,-0.01808]},"ATs":{"weight":1.0,"played":[0.0276,0.2792,0.6932],"evs":[0.0,0.43268,0.54053]},"AJs":{"weight":1.0,"played":[7.0E-4,0.0792,0.9201],"evs":[0.0,0.99578,1.16319]},"AQs":{"weight":1.0,"played":[3.0E-4,0.0121,0.9876],"evs":[0.0,1.41081,1.5115]},"AKs":{"weight":1.0,"played":[2.0E-4,1.0E-4,0.9996],"evs":[0.0,1.5673,1.91355]},"AA":{"weight":1.0,"played":[0.0,0.0,1.0],"evs":[0.0,6.27435,6.75518]}}}