{"player":5,"street":0,"children":2,"sequence":[{"player":0,"type":"R","amount":5600000,"street":0},{"player":1,"type":"F","amount":0,"street":0},{"player":2,"type":"C","amount":5600000,"street":0},{"player":3,"type":"F","amount":0,"street":0},{"player":4,"type":"F","amount":0,"street":0},{"player":5,"type":"C","amount":4000000,"street":0},{"player":6,"type":"R","amount":11040000,"street":0},{"player":2,"type":"F","amount":0,"street":0}],"actions":[{"type":"F","amount":0},{"type":"C","amount":5440000}],"hands":{"22":{"weight":0.0,"played":[5.0E-4,0.9995],"evs":[0.0,1.36185]},"32o":{"weight":0.0,"played":[0.0026,0.9974],"evs":[0.0,0.49038]},"42o":{"weight":0.0,"played":[0.2057,0.7943],"evs":[0.0,0.29879]},"52o":{"weight":0.0,"played":[0.0861,0.9139],"evs":[0.0,0.33107]},"62o":{"weight":0.0,"played":[0.0832,0.9168],"evs":[0.0,0.00946]},"72o":{"weight":0.0,"played":[0.8998,0.1002],"evs":[0.0,-0.45275]},"82o":{"weight":0.0,"played":[0.4374,0.5626],"evs":[0.0,-0.23803]},"92o":{"weight":0.0,"played":[7.0E-4,0.9993],"evs":[0.0,0.8013]},"T2o":{"weight":0.0,"played":[0.4177,0.5823],"evs":[0.0,0.12777]},"J2o":{"weight":0.0,"played":[0.0168,0.9832],"evs":[0.0,0.75165]},"Q2o":{"weight":0.0,"played":[0.0932,0.9068],"evs":[0.0,0.29255]},"K2o":{"weight":0.0,"played":[0.0134,0.9866],"evs":[0.0,0.6472]},"A2o":{"weight":0.0,"played":[0.4219,0.5781],"evs":[0.0,0.07255]},"32s":{"weight":0.0,"played":[0.0075,0.9925],"evs":[0.0,1.41677]},"33":{"weight":0.0,"played":[0.0,1.0],"evs":[0.0,1.44525]},"43o":{"weight":0.0,"played":[3.0E-4,0.9997],"evs":[0.0,0.64347]},"53o":{"weight":0.0,"played":[0.003,0.997],"evs":[0.0,0.74524]},"63o":{"weight":0.0,"played":[0.1948,0.8052],"evs":[0.0,0.20302]},"73o":{"weight":0.0,"played":[0.5246,0.4754],"evs":[0.0,0.11544]},"83o":{"weight":0.0,"played":[0.4961,0.5039],"evs":[0.0,-0.12187]},"93o":{"weight":0.0,"played":[0.0011,0.9989],"evs":[0.0,0.45974]},"T3o":{"weight":0.0,"played":[0.0777,0.9223],"evs":[0.0,0.88472]},"J3o":{"weight":0.0,"played":[0.0387,0.9613],"evs":[0.0,0.3235]},"Q3o":{"weight":0.0,"played":[0.0011,0.9989],"evs":[0.0,0.8333]},"K3o":{"weight":0.0,"played":[0.0115,0.9885],"evs":[0.0,0.65154]},"A3o":{"weight":0.0,"played":[0.0325,0.9675],"evs":[0.0,0.78143]},"42s":{"weight":0.0,"played":[0.097,0.903],"evs":[0.0,1.06542]},"43s":{"weight":0.0,"played":[0.0097,0.9903],"evs":[0.0,1.65624]},"44":{"weight":0.0,"played":[3.0E-4,0.9997],"evs":[0.0,2.12288]},"54o":{"weight":0.0,"played":[0.0051,0.9949],"evs":[0.0,1.15319]},"64o":{"weight":0.0,"played":[0.015,0.985],"evs":[0.0,0.65956]},"74o":{"weight":0.0,"played":[0.1043,0.8957],"evs":[0.0,0.26849]},"84o":{"weight":0.0,"played":[0.099,0.901],"evs":[0.0,0.1337]},"94o":{"weight":0.0,"played":[0.0116,0.9884],"evs":[0.0,0.31388]},"T4o":{"weight":0.0,"played":[0.3263,0.6737],"evs":[0.0,0.21087]},"J4o":{"weight":0.0,"played":[0.0,1.0],"evs":[0.0,1.12172]},"Q4o":{"weight":0.0,"played":[0.0062,0.9938],"evs":[0.0,0.46443]},"K4o":{"weight":0.0,"played":[0.0,1.0],"evs":[0.0,1.17996]},"A4o":{"weight":0.0,"played":[0.0,1.0],"evs":[0.0,0.67063]},"52s":{"weight":0.0,"played":[0.0063,0.9937],"evs":[0.0,1.4001]},"53s":{"weight":0.0,"played":[0.0312,0.9688],"evs":[0.0,1.1628]},"54s":{"weight":0.0,"played":[0.0666,0.9334],"evs":[0.0,1.20446]},"55":{"weight":0.8467,"played":[8.0E-4,0.9992],"evs":[0.0,2.0783]},"65o":{"weight":0.0,"played":[0.0229,0.9771],"evs":[0.0,0.81613]},"75o":{"weight":0.0,"played":[0.0661,0.9339],"evs":[0.0,0.85364]},"85o":{"weight":0.0,"played":[0.0202,0.9798],"evs":[0.0,0.75586]},"95o":{"weight":0.0,"played":[0.2319,0.7681],"evs":[0.0,0.34233]},"T5o":{"weight":0.0,"played":[0.1737,0.8263],"evs":[0.0,0.14894]},"J5o":{"weight":0.0,"played":[0.0053,0.9947],"evs":[0.0,0.39658]},"Q5o":{"weight":0.0,"played":[0.0,1.0],"evs":[0.0,0.54584]},"K5o":{"weight":0.0,"played":[0.0224,0.9776],"evs":[0.0,0.86951]},"A5o":{"weight":0.0,"played":[0.1276,0.8724],"evs":[0.0,0.37771]},"62s":{"weight":0.0,"played":[0.1606,0.8394],"evs":[0.0,0.13271]},"63s":{"weight":0.0,"played":[0.0,1.0],"evs":[0.0,0.9743]},"64s":{"weight":0.0,"played":[0.0017,0.9983],"evs":[0.0,1.97444]},"65s":{"weight":0.0,"played":[0.0021,0.9979],"evs":[0.0,1.62073]},"66":{"weight":0.6489,"played":[0.0,1.0],"evs":[0.0,1.90581]},"76o":{"weight":0.0,"played":[0.0986,0.9014],"evs":[0.0,0.81612]},"86o":{"weight":0.0,"played":[0.0308,0.9692],"evs":[0.0,0.70943]},"96o":{"weight":0.0,"played":[0.0047,0.9953],"evs":[0.0,0.87499]},"T6o":{"weight":0.0,"played":[0.0148,0.9852],"evs":[0.0,0.64043]},"J6o":{"weight":0.0,"played":[0.0013,0.9987],"evs":[0.0,0.77714]},"Q6o":{"weight":0.0,"played":[0.0,1.0],"evs":[0.0,0.84918]},"K6o":{"weight":0.0,"played":[0.0037,0.9963],"evs":[0.0,0.90625]},"A6o":{"weight":0.0,"played":[0.5562,0.4438],"evs":[0.0,-0.20903]},"72s":{"weight":0.0,"played":[0.0812,0.9188],"evs":[0.0,1.44952]},"73s":{"weight":0.0,"played":[0.0138,0.9862],"evs":[0.0,0.28204]},"74s":{"weight":0.0,"played":[0.0088,0.9912],"evs":[0.0,0.51425]},"75s":{"weight":0.0,"played":[0.0133,0.9867],"evs":[0.0,1.07452]},"76s":{"weight":0.0,"played":[0.0201,0.9799],"evs":[0.0,1.71023]},"77":{"weight":0.9487,"played":[0.0,1.0],"evs":[0.0,1.85564]},"87o":{"weight":0.0,"played":[2.0E-4,0.9998],"evs":[0.0,0.43732]},"97o":{"weight":0.0,"played":[2.0E-4,0.9998],"evs":[0.0,0.56846]},"T7o":{"weight":0.0,"played":[0.0944,0.9056],"evs":[0.0,0.3409]},"J7o":{"weight":0.0,"played":[0.0142,0.9858],"evs":[0.0,0.24122]},"Q7o":{"weight":0.0,"played":[0.0118,0.9882],"evs":[0.0,0.43063]},"K7o":{"weight":0.0,"played":[0.0373,0.9627],"evs":[0.0,0.69195]},"A7o":{"weight":0.0,"played":[0.6511,0.3489],"evs":[0.0,-0.27618]},"82s":{"weight":0.0,"played":[0.2553,0.7447],"evs":[0.0,0.2886]},"83s":{"weight":0.0,"played":[0.1925,0.8075],"evs":[0.0,0.29512]},"84s":{"weight":0.0,"played":[5.0E-4,0.9995],"evs":[0.0,0.81232]},"85s":{"weight":0.0,"played":[0.0018,0.9982],"evs":[0.0,1.86343]},"86s":{"weight":0.0,"played":[0.0013,0.9987],"evs":[0.0,2.4594]},"87s":{"weight":0.0,"played":[7.0E-4,0.9993],"evs":[0.0,0.64917]},"88":{"weight":0.9942,"played":[1.0E-4,0.9999],"evs":[0.0,1.59281]},"98o":{"weight":0.0,"played":[7.0E-4,0.9993],"evs":[0.0,0.38838]},"T8o":{"weight":0.0,"played":[0.0044,0.9956],"evs":[0.0,0.54553]},"J8o":{"weight":0.0,"played":[0.0104,0.9896],"evs":[0.0,1.00351]},"Q8o":{"weight":0.0,"played":[0.086,0.914],"evs":[0.0,-0.03917]},"K8o":{"weight":0.0,"played":[0.0629,0.9371],"evs":[0.0,0.68215]},"A8o":{"weight":0.0,"played":[0.5186,0.4814],"evs":[0.0,0.06198]},"92s":{"weight":0.0,"played":[0.0179,0.9821],"evs":[0.0,1.03839]},"93s":{"weight":0.0,"played":[0.0177,0.9823],"evs":[0.0,0.75576]},"94s":{"weight":0.0,"played":[0.0191,0.9809],"evs":[0.0,0.49833]},"95s":{"weight":0.0,"played":[0.0054,0.9946],"evs":[0.0,1.48503]},"96s":{"weight":0.0,"played":[0.0039,0.9961],"evs":[0.0,1.82586]},"97s":{"weight":0.0,"played":[0.0478,0.9522],"evs":[0.0,1.69019]},"98s":{"weight":0.0,"played":[0.0,1.0],"evs":[0.0,1.77743]},"99":{"weight":1.0E-4,"played":[2.0E-4,0.9998],"evs":[0.0,2.63559]},"T9o":{"weight":0.0,"played":[0.0,1.0],"evs":[0.0,1.27033]},"J9o":{"weight":0.0,"played":[1.0E-4,0.9999],"evs":[0.0,1.11678]},"Q9o":{"weight":0.0,"played":[0.0421,0.9579],"evs":[0.0,0.80839]},"K9o":{"weight":0.0,"played":[3.0E-4,0.9997],"evs":[0.0,1.27414]},"A9o":{"weight":0.0,"played":[0.0732,0.9268],"evs":[0.0,0.34846]},"T2s":{"weight":0.0,"played":[0.0051,0.9949],"evs":[0.0,1.64033]},"T3s":{"weight":0.0,"played":[0.0519,0.9481],"evs":[0.0,0.95868]},"T4s":{"weight":0.0,"played":[0.0113,0.9887],"evs":[0.0,0.88638]},"T5s":{"weight":0.0,"played":[0.0015,0.9985],"evs":[0.0,1.21735]},"T6s":{"weight":0.0,"played":[0.0143,0.9857],"evs":[0.0,0.97339]},"T7s":{"weight":0.0,"played":[0.0049,0.9951],"evs":[0.0,1.63251]},"T8s":{"weight":0.0,"played":[0.0,1.0],"evs":[0.0,0.90224]},"T9s":{"weight":0.0,"played":[0.0,1.0],"evs":[0.0,1.59489]},"TT":{"weight":2.0E-4,"played":[1.0E-4,0.9999],"evs":[0.0,2.58437]},"JTo":{"weight":0.0,"played":[0.0,1.0],"evs":[0.0,1.78698]},"QTo":{"weight":0.0,"played":[0.0073,0.9927],"evs":[0.0,1.35755]},"KTo":{"weight":0.0,"played":[0.0,1.0],"evs":[0.0,1.16816]},"ATo":{"weight":0.9849,"played":[0.0422,0.9578],"evs":[0.0,0.3188]},"J2s":{"weight":0.0,"played":[0.0413,0.9587],"evs":[0.0,1.32717]},"J3s":{"weight":0.0,"played":[0.0017,0.9983],"evs":[0.0,1.06296]},"J4s":{"weight":0.0,"played":[0.0,1.0],"evs":[0.0,1.23754]},"J5s":{"weight":0.0,"played":[0.0,1.0],"evs":[0.0,2.33673]},"J6s":{"weight":0.0,"played":[0.0377,0.9623],"evs":[0.0,1.92384]},"J7s":{"weight":0.0,"played":[0.1295,0.8705],"evs":[0.0,0.98813]},"J8s":{"weight":0.0,"played":[0.0094,0.9906],"evs":[0.0,0.32082]},"J9s":{"weight":0.0,"played":[0.0019,0.9981],"evs":[0.0,2.13965]},"JTs":{"weight":0.0,"played":[0.0033,0.9967],"evs":[0.0,1.27021]},"JJ":{"weight":0.0,"played":[0.0,1.0],"evs":[0.0,4.92503]},"QJo":{"weight":0.0,"played":[3.0E-4,0.9997],"evs":[0.0,1.12683]},"KJo":{"weight":0.0,"played":[2.0E-4,0.9998],"evs":[0.0,1.53491]},"AJo":{"weight":0.889,"played":[0.01,0.99],"evs":[0.0,1.10176]},"Q2s":{"weight":0.0,"played":[0.0292,0.9708],"evs":[0.0,1.40453]},"Q3s":{"weight":0.0,"played":[0.0033,0.9967],"evs":[0.0,1.1004]},"Q4s":{"weight":0.0,"played":[0.0968,0.9032],"evs":[0.0,0.9861]},"Q5s":{"weight":0.0,"played":[0.0019,0.9981],"evs":[0.0,1.31606]},"Q6s":{"weight":0.0,"played":[4.0E-4,0.9996],"evs":[0.0,1.06405]},"Q7s":{"weight":0.0,"played":[0.0557,0.9443],"evs":[0.0,1.11678]},"Q8s":{"weight":0.0,"played":[0.0576,0.9424],"evs":[0.0,0.89352]},"Q9s":{"weight":0.0,"played":[0.0,1.0],"evs":[0.0,0.78286]},"QTs":{"weight":0.0,"played":[0.0145,0.9855],"evs":[0.0,0.86247]},"QJs":{"weight":0.0051,"played":[0.0,1.0],"evs":[0.0,1.9232]},"QQ":{"weight":0.0,"played":[0.0,1.0],"evs":[0.0,5.9329]},"KQo":{"weight":0.3658,"played":[0.0,1.0],"evs":[0.0,1.51139]},"AQo":{"weight":0.5619,"played":[5.0E-4,0.9995],"evs":[0.0,2.52969]},"K2s":{"weight":0.0,"played":[0.0256,0.9744],"evs":[0.0,0.22401]},"K3s":{"weight":0.0,"played":[0.099,0.901],"evs":[0.0,1.21065]},"K4s":{"weight":0.0,"played":[0.0039,0.9961],"evs":[0.0,1.21757]},"K5s":{"weight":0.0,"played":[0.0,1.0],"evs":[0.0,0.97823]},"K6s":{"weight":0.0,"played":[0.0,1.0],"evs":[0.0,2.13372]},"K7s":{"weight":0.0,"played":[0.8658,0.1342],"evs":[0.0,-0.2302]},"K8s":{"weight":0.0,"played":[0.4312,0.5688],"evs":[0.0,-0.3807]},"K9s":{"weight":0.0,"played":[4.0E-4,0.9996],"evs":[0.0,1.77053]},"KTs":{"weight":0.7995,"played":[0.0051,0.9949],"evs":[0.0,2.29059]},"KJs":{"weight":0.9917,"played":[0.0,1.0],"evs":[0.0,1.24741]},"KQs":{"weight":0.678,"played":[0.0,1.0],"evs":[0.0,2.16195]},"KK":{"weight":0.0,"played":[0.0,1.0],"evs":[0.0,6.72477]},"AKo":{"weight":1.0E-4,"played":[0.0,1.0],"evs":[0.0,2.82557]},"A2s":{"weight":0.0,"played":[0.0023,0.9977],"evs":[0.0,1.06841]},"A3s":{"weight":0.0,"played":[0.0,1.0],"evs":[0.0,0.64914]},"A4s":{"weight":0.1112,"played":[0.0247,0.9753],"evs":[0.0,0.5542]},"A5s":{"weight":0.0093,"played":[0.004,0.996],"evs":[0.0,0.81361]},"A6s":{"weight":0.0,"played":[0.364,0.636],"evs":[0.0,-0.0394]},"A7s":{"weight":0.0,"played":[0.4415,0.5585],"evs":[0.0,0.3509]},"A8s":{"weight":0.6307,"played":[0.1986,0.8014],"evs":[0.0,0.37295]},"A9s":{"weight":0.8937,"played":[3.0E-4,0.9997],"evs":[0.0,1.47924]},"ATs":{"weight":0.9855,"played":[0.0,1.0],"evs":[0.0,1.85273]},"AJs":{"weight":0.0,"played":[3.0E-4,0.9997],"evs":[0.0,2.53018]},"AQs":{"weight":0.0961,"played":[0.0,1.0],"evs":[0.0,2.79932]},"AKs":{"weight":0.0,"played":[0.0028,0.9972],"evs":[0.0,2.30459]},"AA":{"weight":0.0,"played":[0.0,1.0],"evs":[0.0,8.48616]}}}