{"player":5,"street":0,"children":2,"sequence":[{"player":0,"type":"R","amount":5600000,"street":0},{"player":1,"type":"F","amount":0,"street":0},{"player":2,"type":"C","amount":5600000,"street":0},{"player":3,"type":"F","amount":0,"street":0},{"player":4,"type":"F","amount":0,"street":0},{"player":5,"type":"C","amount":4000000,"street":0},{"player":6,"type":"R","amount":11040000,"street":0},{"player":2,"type":"R","amount":18080000,"street":0}],"actions":[{"type":"F","amount":0},{"type":"C","amount":12480000}],"hands":{"22":{"weight":0.0,"played":[0.9992,8.0E-4],"evs":[0.0,-0.5375]},"32o":{"weight":0.0,"played":[0.9996,4.0E-4],"evs":[0.0,-2.32077]},"42o":{"weight":0.0,"played":[1.0,0.0],"evs":[0.0,-2.49997]},"52o":{"weight":0.0,"played":[0.9999,1.0E-4],"evs":[0.0,-1.92377]},"62o":{"weight":0.0,"played":[1.0,0.0],"evs":[0.0,-2.40332]},"72o":{"weight":0.0,"played":[0.9998,2.0E-4],"evs":[0.0,-3.43526]},"82o":{"weight":0.0,"played":[1.0,0.0],"evs":[0.0,-2.76636]},"92o":{"weight":0.0,"played":[1.0,0.0],"evs":[0.0,-2.88966]},"T2o":{"weight":0.0,"played":[0.9998,2.0E-4],"evs":[0.0,-2.81337]},"J2o":{"weight":0.0,"played":[1.0,0.0],"evs":[0.0,-2.76955]},"Q2o":{"weight":0.0,"played":[1.0,0.0],"evs":[0.0,-2.62826]},"K2o":{"weight":0.0,"played":[1.0,0.0],"evs":[0.0,-1.79424]},"A2o":{"weight":0.0,"played":[0.9964,0.0036],"evs":[0.0,-1.16304]},"32s":{"weight":0.0,"played":[0.9944,0.0056],"evs":[0.0,-2.73219]},"33":{"weight":0.0,"played":[0.7632,0.2368],"evs":[0.0,-0.03811]},"43o":{"weight":0.0,"played":[1.0,0.0],"evs":[0.0,-1.93617]},"53o":{"weight":0.0,"played":[1.0,0.0],"evs":[0.0,-2.03305]},"63o":{"weight":0.0,"played":[0.9999,1.0E-4],"evs":[0.0,-2.36204]},"73o":{"weight":0.0,"played":[1.0,0.0],"evs":[0.0,-2.47216]},"83o":{"weight":0.0,"played":[1.0,0.0],"evs":[0.0,-3.03536]},"93o":{"weight":0.0,"played":[1.0,0.0],"evs":[0.0,-2.81833]},"T3o":{"weight":0.0,"played":[1.0,0.0],"evs":[0.0,-2.91634]},"J3o":{"weight":0.0,"played":[0.9999,1.0E-4],"evs":[0.0,-2.84166]},"Q3o":{"weight":0.0,"played":[1.0,0.0],"evs":[0.0,-2.75377]},"K3o":{"weight":0.0,"played":[0.9988,0.0012],"evs":[0.0,-1.61111]},"A3o":{"weight":0.0,"played":[0.9964,0.0036],"evs":[0.0,-1.13238]},"42s":{"weight":0.0,"played":[1.0,0.0],"evs":[0.0,-1.89762]},"43s":{"weight":0.0,"played":[0.9944,0.0056],"evs":[0.0,-1.70828]},"44":{"weight":0.0,"played":[0.8527,0.1473],"evs":[0.0,-0.20303]},"54o":{"weight":0.0,"played":[1.0,0.0],"evs":[0.0,-1.50231]},"64o":{"weight":0.0,"played":[1.0,0.0],"evs":[0.0,-2.05421]},"74o":{"weight":0.0,"played":[1.0,0.0],"evs":[0.0,-2.32721]},"84o":{"weight":0.0,"played":[1.0,0.0],"evs":[0.0,-2.65022]},"94o":{"weight":0.0,"played":[0.9999,1.0E-4],"evs":[0.0,-2.85369]},"T4o":{"weight":0.0,"played":[0.9999,1.0E-4],"evs":[0.0,-2.89721]},"J4o":{"weight":0.0,"played":[1.0,0.0],"evs":[0.0,-2.90106]},"Q4o":{"weight":0.0,"played":[1.0,0.0],"evs":[0.0,-2.55623]},"K4o":{"weight":0.0,"played":[0.9987,0.0013],"evs":[0.0,-1.78932]},"A4o":{"weight":0.0,"played":[0.931,0.069],"evs":[0.0,-0.89005]},"52s":{"weight":0.0,"played":[0.9999,1.0E-4],"evs":[0.0,-2.00481]},"53s":{"weight":0.0,"played":[0.9916,0.0084],"evs":[0.0,-1.82691]},"54s":{"weight":0.0,"played":[0.9998,2.0E-4],"evs":[0.0,-0.87539]},"55":{"weight":0.8467,"played":[0.9598,0.0402],"evs":[0.0,-0.65067]},"65o":{"weight":0.0,"played":[0.9994,6.0E-4],"evs":[0.0,-1.97428]},"75o":{"weight":0.0,"played":[0.9999,1.0E-4],"evs":[0.0,-1.81254]},"85o":{"weight":0.0,"played":[1.0,0.0],"evs":[0.0,-2.25002]},"95o":{"weight":0.0,"played":[1.0,0.0],"evs":[0.0,-2.60955]},"T5o":{"weight":0.0,"played":[1.0,0.0],"evs":[0.0,-2.64434]},"J5o":{"weight":0.0,"played":[1.0,0.0],"evs":[0.0,-2.64258]},"Q5o":{"weight":0.0,"played":[0.9998,2.0E-4],"evs":[0.0,-2.35667]},"K5o":{"weight":0.0,"played":[0.9992,8.0E-4],"evs":[0.0,-1.03287]},"A5o":{"weight":0.0,"played":[0.9938,0.0062],"evs":[0.0,-0.69584]},"62s":{"weight":0.0,"played":[1.0,0.0],"evs":[0.0,-2.19097]},"63s":{"weight":0.0,"played":[0.9844,0.0156],"evs":[0.0,-1.41088]},"64s":{"weight":0.0,"played":[0.9994,6.0E-4],"evs":[0.0,-1.02317]},"65s":{"weight":0.0,"played":[0.992,0.008],"evs":[0.0,-1.09439]},"66":{"weight":0.6489,"played":[0.1113,0.8887],"evs":[0.0,0.12036]},"76o":{"weight":0.0,"played":[0.9996,4.0E-4],"evs":[0.0,-1.71985]},"86o":{"weight":0.0,"played":[1.0,0.0],"evs":[0.0,-1.54668]},"96o":{"weight":0.0,"played":[1.0,0.0],"evs":[0.0,-2.37153]},"T6o":{"weight":0.0,"played":[0.9999,1.0E-4],"evs":[0.0,-2.5628]},"J6o":{"weight":0.0,"played":[0.9999,1.0E-4],"evs":[0.0,-2.85139]},"Q6o":{"weight":0.0,"played":[0.9999,1.0E-4],"evs":[0.0,-2.49819]},"K6o":{"weight":0.0,"played":[0.9962,0.0038],"evs":[0.0,-1.1057]},"A6o":{"weight":0.0,"played":[0.9965,0.0035],"evs":[0.0,-0.86812]},"72s":{"weight":0.0,"played":[0.9994,6.0E-4],"evs":[0.0,-1.97491]},"73s":{"weight":0.0,"played":[0.9999,1.0E-4],"evs":[0.0,-1.63015]},"74s":{"weight":0.0,"played":[0.9918,0.0082],"evs":[0.0,-2.24395]},"75s":{"weight":0.0,"played":[1.0,0.0],"evs":[0.0,-1.67965]},"76s":{"weight":0.0,"played":[0.9425,0.0575],"evs":[0.0,-1.31495]},"77":{"weight":0.9487,"played":[0.153,0.847],"evs":[0.0,0.36061]},"87o":{"weight":0.0,"played":[1.0,0.0],"evs":[0.0,-1.95633]},"97o":{"weight":0.0,"played":[0.9991,9.0E-4],"evs":[0.0,-2.02494]},"T7o":{"weight":0.0,"played":[0.9998,2.0E-4],"evs":[0.0,-1.85561]},"J7o":{"weight":0.0,"played":[0.9998,2.0E-4],"evs":[0.0,-2.42403]},"Q7o":{"weight":0.0,"played":[0.9997,3.0E-4],"evs":[0.0,-2.73187]},"K7o":{"weight":0.0,"played":[0.9985,0.0015],"evs":[0.0,-1.50614]},"A7o":{"weight":0.0,"played":[0.9729,0.0271],"evs":[0.0,-0.58324]},"82s":{"weight":0.0,"played":[0.9988,0.0012],"evs":[0.0,-2.87057]},"83s":{"weight":0.0,"played":[0.9995,5.0E-4],"evs":[0.0,-2.011]},"84s":{"weight":0.0,"played":[0.9999,1.0E-4],"evs":[0.0,-1.08912]},"85s":{"weight":0.0,"played":[0.9999,1.0E-4],"evs":[0.0,-1.28992]},"86s":{"weight":0.0,"played":[0.9271,0.0729],"evs":[0.0,-0.58914]},"87s":{"weight":0.0,"played":[0.9992,8.0E-4],"evs":[0.0,-1.05049]},"88":{"weight":0.9942,"played":[5.0E-4,0.9995],"evs":[0.0,0.59962]},"98o":{"weight":0.0,"played":[1.0,0.0],"evs":[0.0,-1.82801]},"T8o":{"weight":0.0,"played":[0.9999,1.0E-4],"evs":[0.0,-1.99186]},"J8o":{"weight":0.0,"played":[0.9995,5.0E-4],"evs":[0.0,-2.32601]},"Q8o":{"weight":0.0,"played":[0.9994,6.0E-4],"evs":[0.0,-2.28413]},"K8o":{"weight":0.0,"played":[1.0,0.0],"evs":[0.0,-0.87544]},"A8o":{"weight":0.0,"played":[0.961,0.039],"evs":[0.0,-0.39461]},"92s":{"weight":0.0,"played":[0.9998,2.0E-4],"evs":[0.0,-2.0729]},"93s":{"weight":0.0,"played":[0.9935,0.0065],"evs":[0.0,-1.95194]},"94s":{"weight":0.0,"played":[0.9999,1.0E-4],"evs":[0.0,-2.17503]},"95s":{"weight":0.0,"played":[0.9482,0.0518],"evs":[0.0,-1.61476]},"96s":{"weight":0.0,"played":[0.9738,0.0262],"evs":[0.0,-1.52756]},"97s":{"weight":0.0,"played":[0.9975,0.0025],"evs":[0.0,-1.29276]},"98s":{"weight":0.0,"played":[0.9455,0.0545],"evs":[0.0,-0.69008]},"99":{"weight":1.0E-4,"played":[1.0E-4,0.9999],"evs":[0.0,0.74469]},"T9o":{"weight":0.0,"played":[0.9982,0.0018],"evs":[0.0,-2.06988]},"J9o":{"weight":0.0,"played":[0.9997,3.0E-4],"evs":[0.0,-2.08147]},"Q9o":{"weight":0.0,"played":[0.9992,8.0E-4],"evs":[0.0,-1.70968]},"K9o":{"weight":0.0,"played":[0.9986,0.0014],"evs":[0.0,-0.89186]},"A9o":{"weight":0.0,"played":[0.921,0.079],"evs":[0.0,-0.3248]},"T2s":{"weight":0.0,"played":[0.9997,3.0E-4],"evs":[0.0,-2.77116]},"T3s":{"weight":0.0,"played":[0.9988,0.0012],"evs":[0.0,-1.75354]},"T4s":{"weight":0.0,"played":[0.9997,3.0E-4],"evs":[0.0,-2.34967]},"T5s":{"weight":0.0,"played":[0.9969,0.0031],"evs":[0.0,-1.99918]},"T6s":{"weight":0.0,"played":[0.9998,2.0E-4],"evs":[0.0,-1.82934]},"T7s":{"weight":0.0,"played":[0.9993,7.0E-4],"evs":[0.0,-1.2306]},"T8s":{"weight":0.0,"played":[0.9938,0.0062],"evs":[0.0,-1.24667]},"T9s":{"weight":0.0,"played":[0.9995,5.0E-4],"evs":[0.0,-1.54771]},"TT":{"weight":2.0E-4,"played":[0.0,1.0],"evs":[0.0,1.37692]},"JTo":{"weight":0.0,"played":[0.9898,0.0102],"evs":[0.0,-1.52711]},"QTo":{"weight":0.0,"played":[0.9999,1.0E-4],"evs":[0.0,-1.66033]},"KTo":{"weight":0.0,"played":[0.8819,0.1181],"evs":[0.0,-0.45617]},"ATo":{"weight":0.9849,"played":[0.6208,0.3792],"evs":[0.0,-0.26371]},"J2s":{"weight":0.0,"played":[0.9997,3.0E-4],"evs":[0.0,-1.68629]},"J3s":{"weight":0.0,"played":[0.9904,0.0096],"evs":[0.0,-2.1312]},"J4s":{"weight":0.0,"played":[0.9978,0.0022],"evs":[0.0,-2.2402]},"J5s":{"weight":0.0,"played":[0.9996,4.0E-4],"evs":[0.0,-1.77333]},"J6s":{"weight":0.0,"played":[0.9997,3.0E-4],"evs":[0.0,-2.27168]},"J7s":{"weight":0.0,"played":[0.9982,0.0018],"evs":[0.0,-1.92823]},"J8s":{"weight":0.0,"played":[0.9999,1.0E-4],"evs":[0.0,-1.11841]},"J9s":{"weight":0.0,"played":[0.9267,0.0733],"evs":[0.0,-1.13564]},"JTs":{"weight":0.0,"played":[0.9987,0.0013],"evs":[0.0,-0.82147]},"JJ":{"weight":0.0,"played":[0.0,1.0],"evs":[0.0,2.25635]},"QJo":{"weight":0.0,"played":[0.9994,6.0E-4],"evs":[0.0,-0.79447]},"KJo":{"weight":0.0,"played":[0.9731,0.0269],"evs":[0.0,-0.11577]},"AJo":{"weight":0.889,"played":[0.3653,0.6347],"evs":[0.0,0.0713]},"Q2s":{"weight":0.0,"played":[0.9991,9.0E-4],"evs":[0.0,-1.7135]},"Q3s":{"weight":0.0,"played":[0.9967,0.0033],"evs":[0.0,-2.4837]},"Q4s":{"weight":0.0,"played":[0.9963,0.0037],"evs":[0.0,-1.134]},"Q5s":{"weight":0.0,"played":[1.0,0.0],"evs":[0.0,-2.37636]},"Q6s":{"weight":0.0,"played":[0.9952,0.0048],"evs":[0.0,-1.70007]},"Q7s":{"weight":0.0,"played":[0.9931,0.0069],"evs":[0.0,-2.44431]},"Q8s":{"weight":0.0,"played":[0.9758,0.0242],"evs":[0.0,-0.62892]},"Q9s":{"weight":0.0,"played":[0.9999,1.0E-4],"evs":[0.0,-1.02142]},"QTs":{"weight":0.0,"played":[0.9996,4.0E-4],"evs":[0.0,-0.43259]},"QJs":{"weight":0.0051,"played":[0.9284,0.0716],"evs":[0.0,-0.5323]},"QQ":{"weight":0.0,"played":[0.0,1.0],"evs":[0.0,2.98151]},"KQo":{"weight":0.3658,"played":[0.6446,0.3554],"evs":[0.0,-0.03016]},"AQo":{"weight":0.5619,"played":[0.0058,0.9942],"evs":[0.0,0.63872]},"K2s":{"weight":0.0,"played":[0.9997,3.0E-4],"evs":[0.0,-0.2085]},"K3s":{"weight":0.0,"played":[0.9956,0.0044],"evs":[0.0,-0.7123]},"K4s":{"weight":0.0,"played":[0.9669,0.0331],"evs":[0.0,-0.8188]},"K5s":{"weight":0.0,"played":[0.9998,2.0E-4],"evs":[0.0,-0.76238]},"K6s":{"weight":0.0,"played":[0.7047,0.2953],"evs":[0.0,0.09792]},"K7s":{"weight":0.0,"played":[0.9324,0.0676],"evs":[0.0,-0.5749]},"K8s":{"weight":0.0,"played":[0.8229,0.1771],"evs":[0.0,-0.70567]},"K9s":{"weight":0.0,"played":[0.4037,0.5963],"evs":[0.0,0.1899]},"KTs":{"weight":0.7995,"played":[0.8925,0.1075],"evs":[0.0,0.20482]},"KJs":{"weight":0.9917,"played":[0.4146,0.5854],"evs":[0.0,0.1203]},"KQs":{"weight":0.678,"played":[0.0545,0.9455],"evs":[0.0,1.0815]},"KK":{"weight":0.0,"played":[0.0,1.0],"evs":[0.0,5.84767]},"AKo":{"weight":1.0E-4,"played":[0.0,1.0],"evs":[0.0,2.05523]},"A2s":{"weight":0.0,"played":[0.4565,0.5435],"evs":[0.0,0.34743]},"A3s":{"weight":0.0,"played":[0.8132,0.1868],"evs":[0.0,-0.06217]},"A4s":{"weight":0.1112,"played":[0.8318,0.1682],"evs":[0.0,-0.27577]},"A5s":{"weight":0.0093,"played":[0.195,0.805],"evs":[0.0,0.09495]},"A6s":{"weight":0.0,"played":[0.499,0.501],"evs":[0.0,-0.32381]},"A7s":{"weight":0.0,"played":[0.8961,0.1039],"evs":[0.0,-0.0475]},"A8s":{"weight":0.6307,"played":[0.2722,0.7278],"evs":[0.0,0.24994]},"A9s":{"weight":0.8937,"played":[0.5468,0.4532],"evs":[0.0,0.17748]},"ATs":{"weight":0.9855,"played":[0.0049,0.9951],"evs":[0.0,1.19487]},"AJs":{"weight":0.0,"played":[0.0376,0.9624],"evs":[0.0,0.95455]},"AQs":{"weight":0.0961,"played":[1.0E-4,0.9999],"evs":[0.0,1.7193]},"AKs":{"weight":0.0,"played":[0.0014,0.9986],"evs":[0.0,1.60547]},"AA":{"weight":0.0,"played":[0.0,1.0],"evs":[0.0,8.5366]}}}