{"player":6,"street":0,"children":2,"sequence":[{"player":0,"type":"R","amount":5600000,"street":0},{"player":1,"type":"F","amount":0,"street":0},{"player":2,"type":"C","amount":5600000,"street":0},{"player":3,"type":"F","amount":0,"street":0},{"player":4,"type":"F","amount":0,"street":0},{"player":5,"type":"R","amount":18080000,"street":0}],"actions":[{"type":"F","amount":0,"node":157},{"type":"C","amount":7840000,"node":158}],"hands":{"22":{"weight":1.0,"played":[1.0,0.0],"evs":[0.0,-1.52384]},"32o":{"weight":1.0,"played":[1.0,0.0],"evs":[0.0,-2.58]},"42o":{"weight":1.0,"played":[1.0,0.0],"evs":[0.0,-2.49176]},"52o":{"weight":1.0,"played":[1.0,0.0],"evs":[0.0,-2.39713]},"62o":{"weight":1.0,"played":[1.0,0.0],"evs":[0.0,-2.63957]},"72o":{"weight":1.0,"played":[1.0,0.0],"evs":[0.0,-3.06116]},"82o":{"weight":1.0,"played":[1.0,0.0],"evs":[0.0,-3.00536]},"92o":{"weight":1.0,"played":[1.0,0.0],"evs":[0.0,-3.01946]},"T2o":{"weight":1.0,"played":[1.0,0.0],"evs":[0.0,-2.96292]},"J2o":{"weight":1.0,"played":[1.0,0.0],"evs":[0.0,-2.75029]},"Q2o":{"weight":1.0,"played":[1.0,0.0],"evs":[0.0,-2.78731]},"K2o":{"weight":1.0,"played":[1.0,0.0],"evs":[0.0,-2.67021]},"A2o":{"weight":1.0,"played":[1.0,0.0],"evs":[0.0,-2.36885]},"32s":{"weight":1.0,"played":[1.0,0.0],"evs":[0.0,-2.09652]},"33":{"weight":1.0,"played":[1.0,0.0],"evs":[0.0,-1.28127]},"43o":{"weight":1.0,"played":[1.0,0.0],"evs":[0.0,-2.25754]},"53o":{"weight":1.0,"played":[1.0,0.0],"evs":[0.0,-2.22256]},"63o":{"weight":1.0,"played":[1.0,0.0],"evs":[0.0,-2.33248]},"73o":{"weight":1.0,"played":[1.0,0.0],"evs":[0.0,-2.74721]},"83o":{"weight":1.0,"played":[1.0,0.0],"evs":[0.0,-3.06143]},"93o":{"weight":1.0,"played":[1.0,0.0],"evs":[0.0,-2.84077]},"T3o":{"weight":1.0,"played":[1.0,0.0],"evs":[0.0,-2.82817]},"J3o":{"weight":1.0,"played":[1.0,0.0],"evs":[0.0,-2.62442]},"Q3o":{"weight":1.0,"played":[1.0,0.0],"evs":[0.0,-2.86104]},"K3o":{"weight":1.0,"played":[1.0,0.0],"evs":[0.0,-2.66727]},"A3o":{"weight":1.0,"played":[1.0,0.0],"evs":[0.0,-2.31958]},"42s":{"weight":1.0,"played":[0.9999,1.0E-4],"evs":[0.0,-1.75332]},"43s":{"weight":1.0,"played":[0.9999,1.0E-4],"evs":[0.0,-1.75429]},"44":{"weight":1.0,"played":[0.9994,6.0E-4],"evs":[0.0,-1.16195]},"54o":{"weight":1.0,"played":[1.0,0.0],"evs":[0.0,-1.95241]},"64o":{"weight":1.0,"played":[1.0,0.0],"evs":[0.0,-2.225]},"74o":{"weight":1.0,"played":[1.0,0.0],"evs":[0.0,-2.56014]},"84o":{"weight":1.0,"played":[1.0,0.0],"evs":[0.0,-2.65715]},"94o":{"weight":1.0,"played":[1.0,0.0],"evs":[0.0,-3.07006]},"T4o":{"weight":1.0,"played":[1.0,0.0],"evs":[0.0,-2.73881]},"J4o":{"weight":1.0,"played":[1.0,0.0],"evs":[0.0,-2.77759]},"Q4o":{"weight":1.0,"played":[1.0,0.0],"evs":[0.0,-2.62382]},"K4o":{"weight":1.0,"played":[1.0,0.0],"evs":[0.0,-2.38563]},"A4o":{"weight":1.0,"played":[1.0,0.0],"evs":[0.0,-2.0469]},"52s":{"weight":1.0,"played":[1.0,0.0],"evs":[0.0,-1.88533]},"53s":{"weight":1.0,"played":[1.0,0.0],"evs":[0.0,-1.61942]},"54s":{"weight":1.0,"played":[1.0,0.0],"evs":[0.0,-1.37898]},"55":{"weight":1.0,"played":[0.9999,1.0E-4],"evs":[0.0,-0.87204]},"65o":{"weight":1.0,"played":[1.0,0.0],"evs":[0.0,-1.77947]},"75o":{"weight":1.0,"played":[1.0,0.0],"evs":[0.0,-2.28401]},"85o":{"weight":1.0,"played":[1.0,0.0],"evs":[0.0,-2.55613]},"95o":{"weight":1.0,"played":[1.0,0.0],"evs":[0.0,-2.65337]},"T5o":{"weight":1.0,"played":[1.0,0.0],"evs":[0.0,-2.59137]},"J5o":{"weight":1.0,"played":[1.0,0.0],"evs":[0.0,-2.56867]},"Q5o":{"weight":1.0,"played":[1.0,0.0],"evs":[0.0,-2.64681]},"K5o":{"weight":1.0,"played":[1.0,0.0],"evs":[0.0,-2.59431]},"A5o":{"weight":1.0,"played":[1.0,0.0],"evs":[0.0,-2.08452]},"62s":{"weight":1.0,"played":[1.0,0.0],"evs":[0.0,-2.20176]},"63s":{"weight":1.0,"played":[1.0,0.0],"evs":[0.0,-1.76528]},"64s":{"weight":1.0,"played":[0.9998,2.0E-4],"evs":[0.0,-1.61906]},"65s":{"weight":1.0,"played":[0.9998,2.0E-4],"evs":[0.0,-1.1412]},"66":{"weight":1.0,"played":[0.9997,3.0E-4],"evs":[0.0,-1.33716]},"76o":{"weight":1.0,"played":[1.0,0.0],"evs":[0.0,-2.04392]},"86o":{"weight":1.0,"played":[1.0,0.0],"evs":[0.0,-2.31931]},"96o":{"weight":1.0,"played":[1.0,0.0],"evs":[0.0,-2.28541]},"T6o":{"weight":1.0,"played":[1.0,0.0],"evs":[0.0,-2.60946]},"J6o":{"weight":1.0,"played":[1.0,0.0],"evs":[0.0,-2.68875]},"Q6o":{"weight":1.0,"played":[1.0,0.0],"evs":[0.0,-2.45793]},"K6o":{"weight":1.0,"played":[1.0,0.0],"evs":[0.0,-2.38138]},"A6o":{"weight":1.0,"played":[1.0,0.0],"evs":[0.0,-2.55933]},"72s":{"weight":1.0,"played":[1.0,0.0],"evs":[0.0,-2.31197]},"73s":{"weight":1.0,"played":[1.0,0.0],"evs":[0.0,-2.23588]},"74s":{"weight":1.0,"played":[0.9996,4.0E-4],"evs":[0.0,-1.87547]},"75s":{"weight":1.0,"played":[1.0,0.0],"evs":[0.0,-1.60895]},"76s":{"weight":1.0,"played":[1.0,0.0],"evs":[0.0,-1.2221]},"77":{"weight":1.0,"played":[0.9973,0.0027],"evs":[0.0,-1.14344]},"87o":{"weight":1.0,"played":[1.0,0.0],"evs":[0.0,-2.19074]},"97o":{"weight":1.0,"played":[1.0,0.0],"evs":[0.0,-2.42042]},"T7o":{"weight":1.0,"played":[1.0,0.0],"evs":[0.0,-2.5399]},"J7o":{"weight":1.0,"played":[1.0,0.0],"evs":[0.0,-2.74302]},"Q7o":{"weight":1.0,"played":[1.0,0.0],"evs":[0.0,-2.66727]},"K7o":{"weight":1.0,"played":[1.0,0.0],"evs":[0.0,-2.58411]},"A7o":{"weight":1.0,"played":[1.0,0.0],"evs":[0.0,-2.40893]},"82s":{"weight":1.0,"played":[1.0,0.0],"evs":[0.0,-2.17143]},"83s":{"weight":1.0,"played":[1.0,0.0],"evs":[0.0,-2.39048]},"84s":{"weight":1.0,"played":[0.9995,5.0E-4],"evs":[0.0,-2.11378]},"85s":{"weight":1.0,"played":[1.0,0.0],"evs":[0.0,-1.88262]},"86s":{"weight":1.0,"played":[0.9993,7.0E-4],"evs":[0.0,-1.80629]},"87s":{"weight":1.0,"played":[1.0,0.0],"evs":[0.0,-1.38519]},"88":{"weight":1.0,"played":[0.9978,0.0022],"evs":[0.0,-0.99863]},"98o":{"weight":1.0,"played":[1.0,0.0],"evs":[0.0,-2.26119]},"T8o":{"weight":1.0,"played":[1.0,0.0],"evs":[0.0,-2.38536]},"J8o":{"weight":1.0,"played":[1.0,0.0],"evs":[0.0,-2.3532]},"Q8o":{"weight":1.0,"played":[1.0,0.0],"evs":[0.0,-2.40903]},"K8o":{"weight":1.0,"played":[1.0,0.0],"evs":[0.0,-2.52763]},"A8o":{"weight":1.0,"played":[1.0,0.0],"evs":[0.0,-2.53952]},"92s":{"weight":1.0,"played":[1.0,0.0],"evs":[0.0,-2.03607]},"93s":{"weight":1.0,"played":[1.0,0.0],"evs":[0.0,-2.40928]},"94s":{"weight":1.0,"played":[1.0,0.0],"evs":[0.0,-2.19498]},"95s":{"weight":1.0,"played":[1.0,0.0],"evs":[0.0,-2.02557]},"96s":{"weight":1.0,"played":[1.0,0.0],"evs":[0.0,-1.41275]},"97s":{"weight":1.0,"played":[0.9999,1.0E-4],"evs":[0.0,-1.79141]},"98s":{"weight":1.0,"played":[1.0,0.0],"evs":[0.0,-1.45478]},"99":{"weight":1.0,"played":[0.9991,9.0E-4],"evs":[0.0,-0.61195]},"T9o":{"weight":1.0,"played":[1.0,0.0],"evs":[0.0,-2.12285]},"J9o":{"weight":1.0,"played":[1.0,0.0],"evs":[0.0,-2.23869]},"Q9o":{"weight":1.0,"played":[1.0,0.0],"evs":[0.0,-2.41791]},"K9o":{"weight":1.0,"played":[1.0,0.0],"evs":[0.0,-2.39938]},"A9o":{"weight":1.0,"played":[1.0,0.0],"evs":[0.0,-2.43641]},"T2s":{"weight":1.0,"played":[0.9999,1.0E-4],"evs":[0.0,-2.1483]},"T3s":{"weight":1.0,"played":[1.0,0.0],"evs":[0.0,-1.93041]},"T4s":{"weight":1.0,"played":[0.9995,5.0E-4],"evs":[0.0,-2.17632]},"T5s":{"weight":1.0,"played":[0.9999,1.0E-4],"evs":[0.0,-2.04017]},"T6s":{"weight":1.0,"played":[1.0,0.0],"evs":[0.0,-1.89235]},"T7s":{"weight":1.0,"played":[1.0,0.0],"evs":[0.0,-1.96928]},"T8s":{"weight":1.0,"played":[0.9998,2.0E-4],"evs":[0.0,-1.75194]},"T9s":{"weight":1.0,"played":[1.0,0.0],"evs":[0.0,-1.6058]},"TT":{"weight":1.0,"played":[0.433,0.567],"evs":[0.0,-0.03166]},"JTo":{"weight":1.0,"played":[1.0,0.0],"evs":[0.0,-2.08295]},"QTo":{"weight":1.0,"played":[1.0,0.0],"evs":[0.0,-2.02799]},"KTo":{"weight":1.0,"played":[1.0,0.0],"evs":[0.0,-1.88132]},"ATo":{"weight":1.0,"played":[1.0,0.0],"evs":[0.0,-2.19127]},"J2s":{"weight":1.0,"played":[1.0,0.0],"evs":[0.0,-2.05149]},"J3s":{"weight":1.0,"played":[1.0,0.0],"evs":[0.0,-2.12496]},"J4s":{"weight":1.0,"played":[1.0,0.0],"evs":[0.0,-1.95477]},"J5s":{"weight":1.0,"played":[1.0,0.0],"evs":[0.0,-1.83951]},"J6s":{"weight":1.0,"played":[0.9999,1.0E-4],"evs":[0.0,-2.1869]},"J7s":{"weight":1.0,"played":[0.9999,1.0E-4],"evs":[0.0,-1.99533]},"J8s":{"weight":1.0,"played":[1.0,0.0],"evs":[0.0,-1.45807]},"J9s":{"weight":1.0,"played":[0.9998,2.0E-4],"evs":[0.0,-1.65872]},"JTs":{"weight":1.0,"played":[1.0,0.0],"evs":[0.0,-1.62288]},"JJ":{"weight":1.0,"played":[0.0,1.0],"evs":[0.0,0.71859]},"QJo":{"weight":1.0,"played":[1.0,0.0],"evs":[0.0,-2.01165]},"KJo":{"weight":1.0,"played":[1.0,0.0],"evs":[0.0,-2.11556]},"AJo":{"weight":1.0,"played":[1.0,0.0],"evs":[0.0,-1.78721]},"Q2s":{"weight":1.0,"played":[1.0,0.0],"evs":[0.0,-2.27269]},"Q3s":{"weight":1.0,"played":[1.0,0.0],"evs":[0.0,-1.80884]},"Q4s":{"weight":1.0,"played":[1.0,0.0],"evs":[0.0,-1.97576]},"Q5s":{"weight":1.0,"played":[1.0,0.0],"evs":[0.0,-2.00441]},"Q6s":{"weight":1.0,"played":[1.0,0.0],"evs":[0.0,-2.21336]},"Q7s":{"weight":1.0,"played":[0.9994,6.0E-4],"evs":[0.0,-2.08606]},"Q8s":{"weight":1.0,"played":[0.9999,1.0E-4],"evs":[0.0,-1.88344]},"Q9s":{"weight":1.0,"played":[1.0,0.0],"evs":[0.0,-1.7839]},"QTs":{"weight":1.0,"played":[0.9994,6.0E-4],"evs":[0.0,-1.49702]},"QJs":{"weight":1.0,"played":[0.9999,1.0E-4],"evs":[0.0,-1.08552]},"QQ":{"weight":1.0,"played":[0.0,1.0],"evs":[0.0,1.48251]},"KQo":{"weight":1.0,"played":[1.0,0.0],"evs":[0.0,-1.66384]},"AQo":{"weight":1.0,"played":[0.9999,1.0E-4],"evs":[0.0,-0.96739]},"K2s":{"weight":1.0,"played":[0.9994,6.0E-4],"evs":[0.0,-1.84626]},"K3s":{"weight":1.0,"played":[1.0,0.0],"evs":[0.0,-1.91969]},"K4s":{"weight":1.0,"played":[0.9994,6.0E-4],"evs":[0.0,-1.78566]},"K5s":{"weight":1.0,"played":[1.0,0.0],"evs":[0.0,-1.66267]},"K6s":{"weight":1.0,"played":[0.9996,4.0E-4],"evs":[0.0,-1.914]},"K7s":{"weight":1.0,"played":[0.9996,4.0E-4],"evs":[0.0,-1.71429]},"K8s":{"weight":1.0,"played":[1.0,0.0],"evs":[0.0,-1.49101]},"K9s":{"weight":1.0,"played":[1.0,0.0],"evs":[0.0,-1.80262]},"KTs":{"weight":1.0,"played":[0.9991,9.0E-4],"evs":[0.0,-1.24981]},"KJs":{"weight":1.0,"played":[0.9996,4.0E-4],"evs":[0.0,-1.21327]},"KQs":{"weight":1.0,"played":[0.9988,0.0012],"evs":[0.0,-1.20695]},"KK":{"weight":1.0,"played":[0.0,1.0],"evs":[0.0,4.05296]},"AKo":{"weight":1.0,"played":[0.865,0.135],"evs":[0.0,-0.08345]},"A2s":{"weight":1.0,"played":[1.0,0.0],"evs":[0.0,-1.84586]},"A3s":{"weight":1.0,"played":[0.9994,6.0E-4],"evs":[0.0,-1.74301]},"A4s":{"weight":1.0,"played":[0.9998,2.0E-4],"evs":[0.0,-1.45702]},"A5s":{"weight":1.0,"played":[0.9993,7.0E-4],"evs":[0.0,-1.60615]},"A6s":{"weight":1.0,"played":[1.0,0.0],"evs":[0.0,-1.53215]},"A7s":{"weight":1.0,"played":[1.0,0.0],"evs":[0.0,-1.81531]},"A8s":{"weight":1.0,"played":[0.9998,2.0E-4],"evs":[0.0,-1.55615]},"A9s":{"weight":1.0,"played":[0.9994,6.0E-4],"evs":[0.0,-1.3204]},"ATs":{"weight":1.0,"played":[0.9999,1.0E-4],"evs":[0.0,-1.42336]},"AJs":{"weight":1.0,"played":[0.9881,0.0119],"evs":[0.0,-0.9278]},"AQs":{"weight":1.0,"played":[0.9982,0.0018],"evs":[0.0,-0.52352]},"AKs":{"weight":1.0,"played":[0.0,1.0],"evs":[0.0,0.93742]},"AA":{"weight":1.0,"played":[0.0,1.0],"evs":[0.0,6.65956]}}}