{"player":2,"street":0,"children":2,"sequence":[{"player":0,"type":"R","amount":5600000,"street":0},{"player":1,"type":"F","amount":0,"street":0},{"player":2,"type":"C","amount":5600000,"street":0},{"player":3,"type":"F","amount":0,"street":0},{"player":4,"type":"R","amount":8480000,"street":0},{"player":5,"type":"R","amount":18080000,"street":0},{"player":6,"type":"C","amount":7840000,"street":0}],"actions":[{"type":"F","amount":0},{"type":"C","amount":12480000}],"hands":{"22":{"weight":0.0,"played":[0.0061,0.9939],"evs":[0.0,0.2898]},"32o":{"weight":0.0,"played":[0.9509,0.0491],"evs":[0.0,-0.78514]},"42o":{"weight":0.0,"played":[0.6058,0.3942],"evs":[0.0,0.29712]},"52o":{"weight":0.0,"played":[0.8193,0.1807],"evs":[0.0,-0.17192]},"62o":{"weight":0.0,"played":[0.3344,0.6656],"evs":[0.0,-0.11483]},"72o":{"weight":0.0,"played":[0.5319,0.4681],"evs":[0.0,-0.16351]},"82o":{"weight":0.0,"played":[0.9972,0.0028],"evs":[0.0,-0.93154]},"92o":{"weight":0.0,"played":[0.959,0.041],"evs":[0.0,-0.21754]},"T2o":{"weight":0.0,"played":[0.965,0.035],"evs":[0.0,-0.79013]},"J2o":{"weight":0.0,"played":[0.9726,0.0274],"evs":[0.0,-0.69611]},"Q2o":{"weight":0.0,"played":[0.4748,0.5252],"evs":[0.0,-0.62795]},"K2o":{"weight":0.0,"played":[0.3381,0.6619],"evs":[0.0,0.26116]},"A2o":{"weight":0.0,"played":[0.2616,0.7384],"evs":[0.0,0.38271]},"32s":{"weight":0.0,"played":[0.9058,0.0942],"evs":[0.0,0.30458]},"33":{"weight":0.0,"played":[0.0026,0.9974],"evs":[0.0,0.43032]},"43o":{"weight":0.0,"played":[0.124,0.876],"evs":[0.0,0.46249]},"53o":{"weight":0.0,"played":[0.7976,0.2024],"evs":[0.0,7.2E-4]},"63o":{"weight":0.0,"played":[0.9045,0.0955],"evs":[0.0,-0.09052]},"73o":{"weight":0.0,"played":[0.5822,0.4178],"evs":[0.0,-0.26394]},"83o":{"weight":0.0,"played":[0.9967,0.0033],"evs":[0.0,-0.50021]},"93o":{"weight":0.0,"played":[0.9162,0.0838],"evs":[0.0,-0.43627]},"T3o":{"weight":0.0,"played":[0.9751,0.0249],"evs":[0.0,-0.82089]},"J3o":{"weight":0.0,"played":[0.7425,0.2575],"evs":[0.0,-0.78281]},"Q3o":{"weight":0.0,"played":[0.6855,0.3145],"evs":[0.0,-0.29106]},"K3o":{"weight":0.0,"played":[0.7458,0.2542],"evs":[0.0,-0.36908]},"A3o":{"weight":0.0,"played":[0.3673,0.6327],"evs":[0.0,-0.13013]},"42s":{"weight":0.0,"played":[0.5443,0.4557],"evs":[0.0,-0.04626]},"43s":{"weight":0.0,"played":[0.1506,0.8494],"evs":[0.0,0.36852]},"44":{"weight":0.0,"played":[2.0E-4,0.9998],"evs":[0.0,0.78757]},"54o":{"weight":0.0,"played":[0.0574,0.9426],"evs":[0.0,0.3748]},"64o":{"weight":0.0,"played":[0.3795,0.6205],"evs":[0.0,0.1138]},"74o":{"weight":0.0,"played":[0.7345,0.2655],"evs":[0.0,-0.18224]},"84o":{"weight":0.0,"played":[0.7403,0.2597],"evs":[0.0,-0.93491]},"94o":{"weight":0.0,"played":[0.7297,0.2703],"evs":[0.0,-0.73017]},"T4o":{"weight":0.0,"played":[0.914,0.086],"evs":[0.0,-0.89144]},"J4o":{"weight":0.0,"played":[0.9171,0.0829],"evs":[0.0,-1.21346]},"Q4o":{"weight":0.0,"played":[0.4083,0.5917],"evs":[0.0,-0.18059]},"K4o":{"weight":0.0,"played":[0.499,0.501],"evs":[0.0,-0.29996]},"A4o":{"weight":0.0,"played":[0.4777,0.5223],"evs":[0.0,0.03696]},"52s":{"weight":0.0,"played":[0.4445,0.5555],"evs":[0.0,0.66168]},"53s":{"weight":0.0,"played":[0.0193,0.9807],"evs":[0.0,0.53837]},"54s":{"weight":0.0,"played":[0.0411,0.9589],"evs":[0.0,0.9767]},"55":{"weight":0.0,"played":[0.0017,0.9983],"evs":[0.0,0.78258]},"65o":{"weight":0.0,"played":[0.0096,0.9904],"evs":[0.0,0.385]},"75o":{"weight":0.0,"played":[9.0E-4,0.9991],"evs":[0.0,0.64953]},"85o":{"weight":0.0,"played":[0.1799,0.8201],"evs":[0.0,0.2595]},"95o":{"weight":0.0,"played":[0.637,0.363],"evs":[0.0,-0.39122]},"T5o":{"weight":0.0,"played":[0.9877,0.0123],"evs":[0.0,-0.58653]},"J5o":{"weight":0.0,"played":[0.799,0.201],"evs":[0.0,-0.18521]},"Q5o":{"weight":0.0,"played":[0.5682,0.4318],"evs":[0.0,-0.23641]},"K5o":{"weight":0.0,"played":[0.4765,0.5235],"evs":[0.0,0.08968]},"A5o":{"weight":2.0E-4,"played":[0.691,0.309],"evs":[0.0,-0.21146]},"62s":{"weight":0.0,"played":[0.0052,0.9948],"evs":[0.0,0.90585]},"63s":{"weight":0.0,"played":[0.0014,0.9986],"evs":[0.0,0.78603]},"64s":{"weight":0.0,"played":[0.0066,0.9934],"evs":[0.0,1.9762]},"65s":{"weight":0.0,"played":[0.0369,0.9631],"evs":[0.0,1.97409]},"66":{"weight":0.0011,"played":[0.0019,0.9981],"evs":[0.0,0.87768]},"76o":{"weight":0.0,"played":[0.0141,0.9859],"evs":[0.0,1.22882]},"86o":{"weight":0.0,"played":[0.4824,0.5176],"evs":[0.0,-0.02246]},"96o":{"weight":0.0,"played":[0.7861,0.2139],"evs":[0.0,-0.47704]},"T6o":{"weight":0.0,"played":[0.6918,0.3082],"evs":[0.0,-0.25935]},"J6o":{"weight":0.0,"played":[0.9716,0.0284],"evs":[0.0,-1.26663]},"Q6o":{"weight":0.0,"played":[0.8757,0.1243],"evs":[0.0,-0.4192]},"K6o":{"weight":0.0,"played":[0.3744,0.6256],"evs":[0.0,0.13489]},"A6o":{"weight":0.0,"played":[0.5453,0.4547],"evs":[0.0,0.08345]},"72s":{"weight":0.0,"played":[0.9537,0.0463],"evs":[0.0,-0.50511]},"73s":{"weight":0.0,"played":[0.3092,0.6908],"evs":[0.0,-0.66843]},"74s":{"weight":0.0,"played":[0.3151,0.6849],"evs":[0.0,-0.12506]},"75s":{"weight":0.0,"played":[0.0232,0.9768],"evs":[0.0,1.87522]},"76s":{"weight":0.9726,"played":[0.0104,0.9896],"evs":[0.0,1.21826]},"77":{"weight":0.0013,"played":[0.011,0.989],"evs":[0.0,1.20858]},"87o":{"weight":0.0,"played":[0.0388,0.9612],"evs":[0.0,0.51001]},"97o":{"weight":0.0,"played":[0.4432,0.5568],"evs":[0.0,-0.08208]},"T7o":{"weight":0.0,"played":[0.6604,0.3396],"evs":[0.0,-0.57581]},"J7o":{"weight":0.0,"played":[0.4432,0.5568],"evs":[0.0,0.19674]},"Q7o":{"weight":0.0,"played":[0.9997,3.0E-4],"evs":[0.0,-0.50601]},"K7o":{"weight":0.0,"played":[0.4808,0.5192],"evs":[0.0,-0.30143]},"A7o":{"weight":0.4824,"played":[0.7754,0.2246],"evs":[0.0,-0.41579]},"82s":{"weight":0.0,"played":[0.6784,0.3216],"evs":[0.0,-0.27067]},"83s":{"weight":0.0,"played":[0.645,0.355],"evs":[0.0,-0.38816]},"84s":{"weight":0.0,"played":[0.0275,0.9725],"evs":[0.0,0.17491]},"85s":{"weight":0.0,"played":[0.5483,0.4517],"evs":[0.0,-0.10923]},"86s":{"weight":0.0,"played":[0.3449,0.6551],"evs":[0.0,0.13885]},"87s":{"weight":0.9969,"played":[0.1181,0.8819],"evs":[0.0,0.68898]},"88":{"weight":0.0,"played":[0.0,1.0],"evs":[0.0,1.37386]},"98o":{"weight":0.0,"played":[0.0678,0.9322],"evs":[0.0,-0.0774]},"T8o":{"weight":0.0,"played":[0.1794,0.8206],"evs":[0.0,0.14734]},"J8o":{"weight":0.0,"played":[0.1283,0.8717],"evs":[0.0,-0.10175]},"Q8o":{"weight":0.0,"played":[0.7954,0.2046],"evs":[0.0,-0.40136]},"K8o":{"weight":0.0,"played":[0.3346,0.6654],"evs":[0.0,0.01735]},"A8o":{"weight":0.464,"played":[0.4315,0.5685],"evs":[0.0,-0.24005]},"92s":{"weight":0.0,"played":[0.4015,0.5985],"evs":[0.0,0.55489]},"93s":{"weight":0.0,"played":[0.1957,0.8043],"evs":[0.0,0.12341]},"94s":{"weight":0.0,"played":[0.7961,0.2039],"evs":[0.0,0.38982]},"95s":{"weight":0.0,"played":[0.6866,0.3134],"evs":[0.0,-0.4514]},"96s":{"weight":0.0,"played":[0.7408,0.2592],"evs":[0.0,-0.12552]},"97s":{"weight":4.0E-4,"played":[6.0E-4,0.9994],"evs":[0.0,0.89955]},"98s":{"weight":0.2419,"played":[0.2102,0.7898],"evs":[0.0,0.54173]},"99":{"weight":0.0,"played":[5.0E-4,0.9995],"evs":[0.0,1.90257]},"T9o":{"weight":0.0,"played":[0.4027,0.5973],"evs":[0.0,-0.08117]},"J9o":{"weight":0.0,"played":[0.6502,0.3498],"evs":[0.0,-0.71456]},"Q9o":{"weight":0.0,"played":[0.2033,0.7967],"evs":[0.0,0.24201]},"K9o":{"weight":0.0,"played":[0.8691,0.1309],"evs":[0.0,-0.5123]},"A9o":{"weight":6.0E-4,"played":[0.3687,0.6313],"evs":[0.0,-0.08243]},"T2s":{"weight":0.0,"played":[0.7746,0.2254],"evs":[0.0,-1.20331]},"T3s":{"weight":0.0,"played":[0.0833,0.9167],"evs":[0.0,0.94557]},"T4s":{"weight":0.0,"played":[0.9669,0.0331],"evs":[0.0,-1.1562]},"T5s":{"weight":0.0,"played":[0.0016,0.9984],"evs":[0.0,0.44973]},"T6s":{"weight":0.0,"played":[0.8732,0.1268],"evs":[0.0,-0.80944]},"T7s":{"weight":0.0,"played":[0.1012,0.8988],"evs":[0.0,0.55377]},"T8s":{"weight":5.0E-4,"played":[0.9349,0.0651],"evs":[0.0,-0.97669]},"T9s":{"weight":0.0,"played":[0.0062,0.9938],"evs":[0.0,1.23234]},"TT":{"weight":0.0,"played":[0.0,1.0],"evs":[0.0,3.23898]},"JTo":{"weight":0.2094,"played":[0.8431,0.1569],"evs":[0.0,-0.4713]},"QTo":{"weight":0.3496,"played":[0.0086,0.9914],"evs":[0.0,0.12353]},"KTo":{"weight":0.1675,"played":[0.6396,0.3604],"evs":[0.0,-0.40893]},"ATo":{"weight":0.0,"played":[0.3029,0.6971],"evs":[0.0,0.25438]},"J2s":{"weight":0.0,"played":[0.377,0.623],"evs":[0.0,0.32645]},"J3s":{"weight":0.0,"played":[0.5415,0.4585],"evs":[0.0,0.68132]},"J4s":{"weight":0.0,"played":[0.4406,0.5594],"evs":[0.0,0.27383]},"J5s":{"weight":0.0,"played":[0.137,0.863],"evs":[0.0,1.99693]},"J6s":{"weight":0.0,"played":[0.2361,0.7639],"evs":[0.0,-0.24386]},"J7s":{"weight":0.0,"played":[0.4919,0.5081],"evs":[0.0,0.19785]},"J8s":{"weight":0.0239,"played":[0.042,0.958],"evs":[0.0,1.357]},"J9s":{"weight":0.0094,"played":[0.4108,0.5892],"evs":[0.0,0.02761]},"JTs":{"weight":0.0,"played":[0.0058,0.9942],"evs":[0.0,1.29577]},"JJ":{"weight":0.0,"played":[0.0,1.0],"evs":[0.0,3.09699]},"QJo":{"weight":0.3826,"played":[0.1277,0.8723],"evs":[0.0,-0.04716]},"KJo":{"weight":0.0,"played":[0.0,1.0],"evs":[0.0,0.46195]},"AJo":{"weight":0.0,"played":[0.3333,0.6667],"evs":[0.0,-0.14969]},"Q2s":{"weight":0.0,"played":[0.0454,0.9546],"evs":[0.0,1.08002]},"Q3s":{"weight":0.0,"played":[0.0233,0.9767],"evs":[0.0,0.6186]},"Q4s":{"weight":0.0,"played":[0.2237,0.7763],"evs":[0.0,0.54868]},"Q5s":{"weight":0.0,"played":[0.3716,0.6284],"evs":[0.0,1.30756]},"Q6s":{"weight":0.0,"played":[0.4204,0.5796],"evs":[0.0,-0.11362]},"Q7s":{"weight":0.0,"played":[0.016,0.984],"evs":[0.0,1.029]},"Q8s":{"weight":0.0015,"played":[0.1507,0.8493],"evs":[0.0,0.01322]},"Q9s":{"weight":0.8724,"played":[0.6533,0.3467],"evs":[0.0,-0.3558]},"QTs":{"weight":0.0,"played":[0.0742,0.9258],"evs":[0.0,0.69202]},"QJs":{"weight":0.0,"played":[0.001,0.999],"evs":[0.0,2.35535]},"QQ":{"weight":2.0E-4,"played":[0.0,1.0],"evs":[0.0,5.04439]},"KQo":{"weight":0.0,"played":[0.655,0.345],"evs":[0.0,0.29233]},"AQo":{"weight":0.0,"played":[1.0E-4,0.9999],"evs":[0.0,1.98626]},"K2s":{"weight":0.0,"played":[0.069,0.931],"evs":[0.0,1.11083]},"K3s":{"weight":0.0,"played":[0.841,0.159],"evs":[0.0,-0.44146]},"K4s":{"weight":0.0,"played":[0.45,0.55],"evs":[0.0,-0.30143]},"K5s":{"weight":0.0,"played":[0.4821,0.5179],"evs":[0.0,-0.17783]},"K6s":{"weight":0.7426,"played":[0.011,0.989],"evs":[0.0,1.64204]},"K7s":{"weight":0.6837,"played":[0.0092,0.9908],"evs":[0.0,1.26116]},"K8s":{"weight":0.0043,"played":[0.2071,0.7929],"evs":[0.0,0.71733]},"K9s":{"weight":0.1972,"played":[0.0497,0.9503],"evs":[0.0,0.17177]},"KTs":{"weight":0.0,"played":[0.5955,0.4045],"evs":[0.0,0.44853]},"KJs":{"weight":0.0015,"played":[0.0021,0.9979],"evs":[0.0,1.05212]},"KQs":{"weight":0.0,"played":[8.0E-4,0.9992],"evs":[0.0,1.4915]},"KK":{"weight":1.0,"played":[1.0E-4,0.9999],"evs":[0.0,7.46613]},"AKo":{"weight":0.0,"played":[0.0,1.0],"evs":[0.0,0.70921]},"A2s":{"weight":0.0,"played":[0.3659,0.6341],"evs":[0.0,0.28554]},"A3s":{"weight":0.0,"played":[0.4384,0.5616],"evs":[0.0,-0.11362]},"A4s":{"weight":1.0E-4,"played":[0.2259,0.7741],"evs":[0.0,0.43873]},"A5s":{"weight":0.0,"played":[0.0582,0.9418],"evs":[0.0,-0.26689]},"A6s":{"weight":1.0E-4,"played":[0.0,1.0],"evs":[0.0,1.29731]},"A7s":{"weight":0.0,"played":[0.8427,0.1573],"evs":[0.0,-0.82874]},"A8s":{"weight":0.0,"played":[0.006,0.994],"evs":[0.0,3.18937]},"A9s":{"weight":0.0,"played":[0.1936,0.8064],"evs":[0.0,1.07038]},"ATs":{"weight":0.0,"played":[1.0E-4,0.9999],"evs":[0.0,1.33285]},"AJs":{"weight":0.0,"played":[0.0066,0.9934],"evs":[0.0,1.82564]},"AQs":{"weight":1.0E-4,"played":[0.0,1.0],"evs":[0.0,2.97876]},"AKs":{"weight":0.0,"played":[0.2753,0.7247],"evs":[0.0,1.0472]},"AA":{"weight":1.0,"played":[0.0,1.0],"evs":[0.0,8.06954]}}}