{"player":2,"street":0,"children":2,"sequence":[{"player":0,"type":"R","amount":5600000,"street":0},{"player":1,"type":"F","amount":0,"street":0},{"player":2,"type":"C","amount":5600000,"street":0},{"player":3,"type":"C","amount":5600000,"street":0},{"player":4,"type":"R","amount":8480000,"street":0},{"player":5,"type":"F","amount":0,"street":0},{"player":6,"type":"F","amount":0,"street":0},{"player":2,"type":"C","amount":2880000,"street":0},{"player":3,"type":"R","amount":27360000,"street":0}],"actions":[{"type":"F","amount":0},{"type":"C","amount":18880000}],"hands":{"22":{"weight":0.0,"played":[0.9874,0.0126],"evs":[0.0,-2.01302]},"32o":{"weight":0.0,"played":[0.9997,3.0E-4],"evs":[0.0,-2.98608]},"42o":{"weight":0.0,"played":[0.9981,0.0019],"evs":[0.0,-2.25287]},"52o":{"weight":0.0,"played":[0.9986,0.0014],"evs":[0.0,-1.88061]},"62o":{"weight":0.0,"played":[0.9989,0.0011],"evs":[0.0,-2.81874]},"72o":{"weight":0.0,"played":[1.0,0.0],"evs":[0.0,-3.35823]},"82o":{"weight":0.0,"played":[0.974,0.026],"evs":[0.0,-2.83855]},"92o":{"weight":0.0,"played":[0.9987,0.0013],"evs":[0.0,-3.85093]},"T2o":{"weight":0.0,"played":[0.9963,0.0037],"evs":[0.0,-1.90651]},"J2o":{"weight":0.0,"played":[0.9751,0.0249],"evs":[0.0,-2.05083]},"Q2o":{"weight":0.0,"played":[0.9935,0.0065],"evs":[0.0,-1.20971]},"K2o":{"weight":0.0,"played":[0.9998,2.0E-4],"evs":[0.0,-1.64877]},"A2o":{"weight":0.0,"played":[0.7746,0.2254],"evs":[0.0,-1.4262]},"32s":{"weight":0.0,"played":[0.2325,0.7675],"evs":[0.0,2.4679]},"33":{"weight":0.0,"played":[0.9496,0.0504],"evs":[0.0,-1.15557]},"43o":{"weight":0.0,"played":[0.9563,0.0437],"evs":[0.0,-0.23716]},"53o":{"weight":0.0,"played":[0.9999,1.0E-4],"evs":[0.0,-0.65061]},"63o":{"weight":0.0,"played":[0.9993,7.0E-4],"evs":[0.0,-3.03416]},"73o":{"weight":0.0,"played":[0.9988,0.0012],"evs":[0.0,-2.20665]},"83o":{"weight":0.0,"played":[0.9743,0.0257],"evs":[0.0,-2.72706]},"93o":{"weight":0.0,"played":[0.9567,0.0433],"evs":[0.0,-3.44572]},"T3o":{"weight":0.0,"played":[0.9999,1.0E-4],"evs":[0.0,-3.11175]},"J3o":{"weight":0.0,"played":[0.9745,0.0255],"evs":[0.0,-2.53079]},"Q3o":{"weight":0.0,"played":[0.9531,0.0469],"evs":[0.0,-1.7592]},"K3o":{"weight":0.0,"played":[0.9752,0.0248],"evs":[0.0,-0.98782]},"A3o":{"weight":0.0,"played":[0.9977,0.0023],"evs":[0.0,-1.06498]},"42s":{"weight":0.0,"played":[0.8267,0.1733],"evs":[0.0,-1.74643]},"43s":{"weight":0.0,"played":[0.8882,0.1118],"evs":[0.0,-1.18161]},"44":{"weight":0.0,"played":[0.9891,0.0109],"evs":[0.0,-1.74126]},"54o":{"weight":0.0,"played":[0.9953,0.0047],"evs":[0.0,-1.30366]},"64o":{"weight":0.0,"played":[0.9982,0.0018],"evs":[0.0,-2.48147]},"74o":{"weight":0.0,"played":[0.9423,0.0577],"evs":[0.0,-0.88391]},"84o":{"weight":0.0,"played":[0.9945,0.0055],"evs":[0.0,-3.1293]},"94o":{"weight":0.0,"played":[0.9746,0.0254],"evs":[0.0,-2.47867]},"T4o":{"weight":0.0,"played":[0.9998,2.0E-4],"evs":[0.0,-1.84276]},"J4o":{"weight":0.0,"played":[0.8834,0.1166],"evs":[0.0,-1.49359]},"Q4o":{"weight":0.0,"played":[0.9911,0.0089],"evs":[0.0,-1.48267]},"K4o":{"weight":0.0,"played":[0.9774,0.0226],"evs":[0.0,-0.70435]},"A4o":{"weight":0.0,"played":[0.9842,0.0158],"evs":[0.0,-1.22663]},"52s":{"weight":0.0,"played":[0.8257,0.1743],"evs":[0.0,-1.72789]},"53s":{"weight":0.0,"played":[0.7613,0.2387],"evs":[0.0,-1.82751]},"54s":{"weight":0.0,"played":[0.9777,0.0223],"evs":[0.0,-2.203]},"55":{"weight":0.0,"played":[0.9452,0.0548],"evs":[0.0,-1.04973]},"65o":{"weight":0.0,"played":[0.9914,0.0086],"evs":[0.0,-1.44897]},"75o":{"weight":0.0,"played":[0.9819,0.0181],"evs":[0.0,-1.18643]},"85o":{"weight":0.0,"played":[0.9853,0.0147],"evs":[0.0,-3.19835]},"95o":{"weight":0.0,"played":[0.9877,0.0123],"evs":[0.0,-3.16543]},"T5o":{"weight":0.0,"played":[0.9997,3.0E-4],"evs":[0.0,-0.9554]},"J5o":{"weight":0.0,"played":[0.999,0.001],"evs":[0.0,-0.56946]},"Q5o":{"weight":0.0,"played":[0.8562,0.1438],"evs":[0.0,-2.91646]},"K5o":{"weight":0.0,"played":[0.999,0.001],"evs":[0.0,-1.45277]},"A5o":{"weight":0.0,"played":[0.7045,0.2955],"evs":[0.0,-1.11162]},"62s":{"weight":0.0,"played":[0.9732,0.0268],"evs":[0.0,-2.71615]},"63s":{"weight":0.0,"played":[0.6878,0.3122],"evs":[0.0,-0.39422]},"64s":{"weight":0.0,"played":[0.9615,0.0385],"evs":[0.0,-1.24892]},"65s":{"weight":0.0,"played":[0.4187,0.5813],"evs":[0.0,-1.38361]},"66":{"weight":3.0E-4,"played":[0.9267,0.0733],"evs":[0.0,-0.57941]},"76o":{"weight":0.0,"played":[0.9923,0.0077],"evs":[0.0,-1.67546]},"86o":{"weight":0.0,"played":[0.9993,7.0E-4],"evs":[0.0,-2.32876]},"96o":{"weight":0.0,"played":[0.9999,1.0E-4],"evs":[0.0,-2.41535]},"T6o":{"weight":0.0,"played":[0.9996,4.0E-4],"evs":[0.0,-2.33018]},"J6o":{"weight":0.0,"played":[0.9863,0.0137],"evs":[0.0,-2.23716]},"Q6o":{"weight":0.0,"played":[0.9282,0.0718],"evs":[0.0,-0.59857]},"K6o":{"weight":0.0,"played":[0.9375,0.0625],"evs":[0.0,-1.62556]},"A6o":{"weight":0.0,"played":[0.9966,0.0034],"evs":[0.0,-1.10375]},"72s":{"weight":0.0,"played":[0.9008,0.0992],"evs":[0.0,-0.516]},"73s":{"weight":0.0,"played":[0.9965,0.0035],"evs":[0.0,-1.92981]},"74s":{"weight":0.0,"played":[0.9406,0.0594],"evs":[0.0,-2.62904]},"75s":{"weight":0.0,"played":[0.9987,0.0013],"evs":[0.0,-1.4716]},"76s":{"weight":0.274,"played":[0.9146,0.0854],"evs":[0.0,-2.28998]},"77":{"weight":8.0E-4,"played":[0.9896,0.0104],"evs":[0.0,-1.62026]},"87o":{"weight":0.0,"played":[0.999,0.001],"evs":[0.0,-1.16537]},"97o":{"weight":0.0,"played":[0.8187,0.1813],"evs":[0.0,-2.38313]},"T7o":{"weight":0.0,"played":[0.9386,0.0614],"evs":[0.0,-0.81398]},"J7o":{"weight":0.0,"played":[0.9949,0.0051],"evs":[0.0,-1.22257]},"Q7o":{"weight":0.0,"played":[0.9693,0.0307],"evs":[0.0,-1.35638]},"K7o":{"weight":0.0,"played":[0.9505,0.0495],"evs":[0.0,-1.8176]},"A7o":{"weight":0.026,"played":[0.7835,0.2165],"evs":[0.0,-0.6027]},"82s":{"weight":0.0,"played":[0.9992,8.0E-4],"evs":[0.0,-0.82041]},"83s":{"weight":0.0,"played":[0.9986,0.0014],"evs":[0.0,-1.62697]},"84s":{"weight":0.0,"played":[0.9975,0.0025],"evs":[0.0,-2.29466]},"85s":{"weight":0.0,"played":[0.9069,0.0931],"evs":[0.0,-1.61797]},"86s":{"weight":0.0,"played":[0.7106,0.2894],"evs":[0.0,-0.29853]},"87s":{"weight":0.581,"played":[0.7523,0.2477],"evs":[0.0,-0.14028]},"88":{"weight":0.0,"played":[0.9644,0.0356],"evs":[0.0,-1.89623]},"98o":{"weight":0.0,"played":[0.9465,0.0535],"evs":[0.0,-1.94367]},"T8o":{"weight":0.0,"played":[0.9975,0.0025],"evs":[0.0,-2.61984]},"J8o":{"weight":0.0,"played":[0.9959,0.0041],"evs":[0.0,-1.02563]},"Q8o":{"weight":0.0,"played":[0.9801,0.0199],"evs":[0.0,-1.21114]},"K8o":{"weight":0.0,"played":[0.835,0.165],"evs":[0.0,-1.40552]},"A8o":{"weight":3.0E-4,"played":[0.8902,0.1098],"evs":[0.0,-1.43047]},"92s":{"weight":0.0,"played":[0.9818,0.0182],"evs":[0.0,-2.68803]},"93s":{"weight":0.0,"played":[0.9952,0.0048],"evs":[0.0,-1.27128]},"94s":{"weight":0.0,"played":[0.9764,0.0236],"evs":[0.0,-3.10748]},"95s":{"weight":0.0,"played":[0.7717,0.2283],"evs":[0.0,-0.76466]},"96s":{"weight":0.0,"played":[0.9933,0.0067],"evs":[0.0,-2.75416]},"97s":{"weight":2.0E-4,"played":[1.0,0.0],"evs":[0.0,-2.05198]},"98s":{"weight":0.0243,"played":[0.807,0.193],"evs":[0.0,-0.93718]},"99":{"weight":0.0,"played":[0.6708,0.3292],"evs":[0.0,-0.23782]},"T9o":{"weight":0.0,"played":[0.9828,0.0172],"evs":[0.0,-1.25904]},"J9o":{"weight":0.0,"played":[0.999,0.001],"evs":[0.0,-0.9244]},"Q9o":{"weight":0.0,"played":[0.9999,1.0E-4],"evs":[0.0,-1.0336]},"K9o":{"weight":0.0,"played":[0.9965,0.0035],"evs":[0.0,-1.69054]},"A9o":{"weight":0.0,"played":[0.7225,0.2775],"evs":[0.0,-0.04003]},"T2s":{"weight":0.0,"played":[0.9981,0.0019],"evs":[0.0,-3.11562]},"T3s":{"weight":0.0,"played":[0.3815,0.6185],"evs":[0.0,0.11557]},"T4s":{"weight":0.0,"played":[0.9784,0.0216],"evs":[0.0,-0.84778]},"T5s":{"weight":0.0,"played":[0.9788,0.0212],"evs":[0.0,-0.64934]},"T6s":{"weight":0.0,"played":[0.9076,0.0924],"evs":[0.0,-1.58714]},"T7s":{"weight":0.0,"played":[0.9756,0.0244],"evs":[0.0,-0.84125]},"T8s":{"weight":2.0E-4,"played":[0.3945,0.6055],"evs":[0.0,1.03121]},"T9s":{"weight":0.0,"played":[0.3526,0.6474],"evs":[0.0,0.06236]},"TT":{"weight":0.0,"played":[0.1122,0.8878],"evs":[0.0,2.52921]},"JTo":{"weight":0.1471,"played":[0.9994,6.0E-4],"evs":[0.0,-1.28191]},"QTo":{"weight":0.2253,"played":[0.8046,0.1954],"evs":[0.0,0.46646]},"KTo":{"weight":0.0718,"played":[0.2142,0.7858],"evs":[0.0,0.59415]},"ATo":{"weight":0.0,"played":[0.9787,0.0213],"evs":[0.0,-1.403]},"J2s":{"weight":0.0,"played":[0.9392,0.0608],"evs":[0.0,-2.49615]},"J3s":{"weight":0.0,"played":[0.9237,0.0763],"evs":[0.0,-2.87321]},"J4s":{"weight":0.0,"played":[0.9872,0.0128],"evs":[0.0,-2.16103]},"J5s":{"weight":0.0,"played":[0.5389,0.4611],"evs":[0.0,-0.2997]},"J6s":{"weight":0.0,"played":[0.9712,0.0288],"evs":[0.0,-1.10991]},"J7s":{"weight":0.0,"played":[0.4249,0.5751],"evs":[0.0,1.07737]},"J8s":{"weight":0.0186,"played":[0.9923,0.0077],"evs":[0.0,-1.48696]},"J9s":{"weight":0.0019,"played":[0.9438,0.0562],"evs":[0.0,-2.63402]},"JTs":{"weight":0.0,"played":[0.2206,0.7794],"evs":[0.0,1.70041]},"JJ":{"weight":0.0,"played":[2.0E-4,0.9998],"evs":[0.0,4.58455]},"QJo":{"weight":0.0764,"played":[0.8211,0.1789],"evs":[0.0,-0.17635]},"KJo":{"weight":0.0,"played":[0.6481,0.3519],"evs":[0.0,0.39622]},"AJo":{"weight":0.0,"played":[0.7124,0.2876],"evs":[0.0,-0.15408]},"Q2s":{"weight":0.0,"played":[0.2062,0.7938],"evs":[0.0,1.38437]},"Q3s":{"weight":0.0,"played":[0.9957,0.0043],"evs":[0.0,-1.61813]},"Q4s":{"weight":0.0,"played":[0.5233,0.4767],"evs":[0.0,-0.30212]},"Q5s":{"weight":0.0,"played":[0.9967,0.0033],"evs":[0.0,-0.82086]},"Q6s":{"weight":0.0,"played":[0.4005,0.5995],"evs":[0.0,0.7861]},"Q7s":{"weight":0.0,"played":[0.9693,0.0307],"evs":[0.0,-3.11218]},"Q8s":{"weight":0.0011,"played":[0.4609,0.5391],"evs":[0.0,-0.55622]},"Q9s":{"weight":0.5008,"played":[0.8473,0.1527],"evs":[0.0,0.4068]},"QTs":{"weight":0.0,"played":[0.1407,0.8593],"evs":[0.0,2.1825]},"QJs":{"weight":0.0,"played":[0.3369,0.6631],"evs":[0.0,0.80607]},"QQ":{"weight":1.0E-4,"played":[3.0E-4,0.9997],"evs":[0.0,8.20915]},"KQo":{"weight":0.0,"played":[0.93,0.07],"evs":[0.0,-1.1976]},"AQo":{"weight":0.0,"played":[0.0813,0.9187],"evs":[0.0,0.9549]},"K2s":{"weight":0.0,"played":[0.6038,0.3962],"evs":[0.0,-1.24073]},"K3s":{"weight":0.0,"played":[0.4737,0.5263],"evs":[0.0,0.19037]},"K4s":{"weight":0.0,"played":[0.9643,0.0357],"evs":[0.0,-2.73177]},"K5s":{"weight":0.0,"played":[0.3327,0.6673],"evs":[0.0,0.10196]},"K6s":{"weight":0.4404,"played":[0.9881,0.0119],"evs":[0.0,-1.37189]},"K7s":{"weight":0.0037,"played":[0.6378,0.3622],"evs":[0.0,-0.09891]},"K8s":{"weight":0.0034,"played":[0.0036,0.9964],"evs":[0.0,1.85856]},"K9s":{"weight":0.003,"played":[0.6443,0.3557],"evs":[0.0,-1.46426]},"KTs":{"weight":0.0,"played":[0.8018,0.1982],"evs":[0.0,0.74111]},"KJs":{"weight":2.0E-4,"played":[0.6333,0.3667],"evs":[0.0,-0.27181]},"KQs":{"weight":0.0,"played":[0.064,0.936],"evs":[0.0,0.16017]},"KK":{"weight":0.0849,"played":[4.0E-4,0.9996],"evs":[0.0,9.31769]},"AKo":{"weight":0.0,"played":[0.011,0.989],"evs":[0.0,2.84605]},"A2s":{"weight":0.0,"played":[0.9219,0.0781],"evs":[0.0,-1.37246]},"A3s":{"weight":0.0,"played":[0.8462,0.1538],"evs":[0.0,-1.25715]},"A4s":{"weight":0.0,"played":[0.8576,0.1424],"evs":[0.0,-0.04523]},"A5s":{"weight":0.0,"played":[0.4124,0.5876],"evs":[0.0,1.36958]},"A6s":{"weight":0.0,"played":[0.4383,0.5617],"evs":[0.0,-0.12071]},"A7s":{"weight":0.0,"played":[0.9973,0.0027],"evs":[0.0,-4.06954]},"A8s":{"weight":0.0,"played":[0.9885,0.0115],"evs":[0.0,-1.47062]},"A9s":{"weight":0.0,"played":[0.6164,0.3836],"evs":[0.0,-0.24766]},"ATs":{"weight":0.0,"played":[0.2542,0.7458],"evs":[0.0,2.00039]},"AJs":{"weight":0.0,"played":[0.0069,0.9931],"evs":[0.0,2.77715]},"AQs":{"weight":0.0,"played":[0.0629,0.9371],"evs":[0.0,1.9587]},"AKs":{"weight":0.0,"played":[0.1379,0.8621],"evs":[0.0,2.80622]},"AA":{"weight":0.7023,"played":[1.0E-4,0.9999],"evs":[0.0,10.89021]}}}