{"player":3,"street":0,"children":2,"sequence":[{"player":0,"type":"R","amount":5600000,"street":0},{"player":1,"type":"F","amount":0,"street":0},{"player":2,"type":"C","amount":5600000,"street":0},{"player":3,"type":"C","amount":5600000,"street":0},{"player":4,"type":"R","amount":8480000,"street":0},{"player":5,"type":"R","amount":18080000,"street":0},{"player":6,"type":"C","amount":7840000,"street":0},{"player":2,"type":"F","amount":0,"street":0}],"actions":[{"type":"F","amount":0},{"type":"C","amount":12480000}],"hands":{"22":{"weight":0.0,"played":[0.2288,0.7712],"evs":[0.0,1.8767]},"32o":{"weight":0.0,"played":[0.535,0.465],"evs":[0.0,-0.71232]},"42o":{"weight":0.0,"played":[0.021,0.979],"evs":[0.0,3.02193]},"52o":{"weight":0.0,"played":[0.7677,0.2323],"evs":[0.0,-1.69898]},"62o":{"weight":0.0,"played":[0.7768,0.2232],"evs":[0.0,-1.92571]},"72o":{"weight":0.0,"played":[0.1104,0.8896],"evs":[0.0,0.86269]},"82o":{"weight":0.0,"played":[0.2901,0.7099],"evs":[0.0,1.29301]},"92o":{"weight":0.0,"played":[0.9976,0.0024],"evs":[0.0,-2.12025]},"T2o":{"weight":0.0,"played":[0.2446,0.7554],"evs":[0.0,-0.53003]},"J2o":{"weight":0.0,"played":[0.2241,0.7759],"evs":[0.0,0.67262]},"Q2o":{"weight":0.0,"played":[0.4258,0.5742],"evs":[0.0,-0.23754]},"K2o":{"weight":0.0,"played":[0.005,0.995],"evs":[0.0,1.79997]},"A2o":{"weight":0.0,"played":[0.0802,0.9198],"evs":[0.0,1.05674]},"32s":{"weight":0.0,"played":[0.9974,0.0026],"evs":[0.0,-3.7664]},"33":{"weight":0.0,"played":[0.3343,0.6657],"evs":[0.0,1.25543]},"43o":{"weight":0.0,"played":[0.7859,0.2141],"evs":[0.0,0.33961]},"53o":{"weight":0.0,"played":[0.2011,0.7989],"evs":[0.0,2.65128]},"63o":{"weight":0.0,"played":[0.6647,0.3353],"evs":[0.0,0.54961]},"73o":{"weight":0.0,"played":[0.3928,0.6072],"evs":[0.0,-0.61375]},"83o":{"weight":0.0,"played":[0.9249,0.0751],"evs":[0.0,-0.72243]},"93o":{"weight":0.0,"played":[0.3829,0.6171],"evs":[0.0,0.8689]},"T3o":{"weight":0.0,"played":[0.3785,0.6215],"evs":[0.0,-0.20655]},"J3o":{"weight":0.0,"played":[0.5142,0.4858],"evs":[0.0,-0.00881]},"Q3o":{"weight":0.0,"played":[0.7748,0.2252],"evs":[0.0,-0.59019]},"K3o":{"weight":0.0,"played":[0.0761,0.9239],"evs":[0.0,2.70558]},"A3o":{"weight":0.0,"played":[0.1015,0.8985],"evs":[0.0,1.74589]},"42s":{"weight":0.0,"played":[0.5782,0.4218],"evs":[0.0,-2.66361]},"43s":{"weight":0.0,"played":[0.7963,0.2037],"evs":[0.0,-2.42238]},"44":{"weight":0.0,"played":[6.0E-4,0.9994],"evs":[0.0,4.46478]},"54o":{"weight":0.0,"played":[0.5724,0.4276],"evs":[0.0,-0.12266]},"64o":{"weight":0.0,"played":[0.2185,0.7815],"evs":[0.0,2.38308]},"74o":{"weight":0.0,"played":[0.5225,0.4775],"evs":[0.0,0.57909]},"84o":{"weight":0.0,"played":[0.0296,0.9704],"evs":[0.0,0.81361]},"94o":{"weight":0.0,"played":[0.2176,0.7824],"evs":[0.0,1.49627]},"T4o":{"weight":0.0,"played":[0.3454,0.6546],"evs":[0.0,0.34932]},"J4o":{"weight":0.0,"played":[0.4419,0.5581],"evs":[0.0,0.24325]},"Q4o":{"weight":0.0,"played":[0.5298,0.4702],"evs":[0.0,0.51588]},"K4o":{"weight":0.0,"played":[0.0661,0.9339],"evs":[0.0,0.66067]},"A4o":{"weight":0.0,"played":[0.0,1.0],"evs":[0.0,0.05014]},"52s":{"weight":0.0,"played":[0.1613,0.8387],"evs":[0.0,2.46782]},"53s":{"weight":0.0,"played":[0.1782,0.8218],"evs":[0.0,1.04204]},"54s":{"weight":0.0,"played":[0.7475,0.2525],"evs":[0.0,1.26871]},"55":{"weight":0.0,"played":[0.0566,0.9434],"evs":[0.0,2.32807]},"65o":{"weight":0.0,"played":[0.1256,0.8744],"evs":[0.0,0.90898]},"75o":{"weight":0.0,"played":[0.5878,0.4122],"evs":[0.0,-0.91591]},"85o":{"weight":0.0,"played":[0.5076,0.4924],"evs":[0.0,-0.64571]},"95o":{"weight":0.0,"played":[0.735,0.265],"evs":[0.0,-0.75295]},"T5o":{"weight":0.0,"played":[0.7832,0.2168],"evs":[0.0,0.96149]},"J5o":{"weight":0.0,"played":[0.4328,0.5672],"evs":[0.0,-0.83627]},"Q5o":{"weight":0.0,"played":[0.1633,0.8367],"evs":[0.0,1.87256]},"K5o":{"weight":0.0,"played":[0.4486,0.5514],"evs":[0.0,0.56316]},"A5o":{"weight":0.0,"played":[0.0654,0.9346],"evs":[0.0,1.34728]},"62s":{"weight":0.0,"played":[0.0573,0.9427],"evs":[0.0,4.22687]},"63s":{"weight":0.0,"played":[0.6139,0.3861],"evs":[0.0,1.30015]},"64s":{"weight":0.0,"played":[0.3474,0.6526],"evs":[0.0,2.06985]},"65s":{"weight":0.0,"played":[0.2357,0.7643],"evs":[0.0,3.52189]},"66":{"weight":0.0483,"played":[5.0E-4,0.9995],"evs":[0.0,4.90998]},"76o":{"weight":0.0,"played":[0.6024,0.3976],"evs":[0.0,1.36181]},"86o":{"weight":0.0,"played":[0.0709,0.9291],"evs":[0.0,1.61801]},"96o":{"weight":0.0,"played":[0.1657,0.8343],"evs":[0.0,2.17845]},"T6o":{"weight":0.0,"played":[0.9009,0.0991],"evs":[0.0,0.21915]},"J6o":{"weight":0.0,"played":[0.6419,0.3581],"evs":[0.0,2.32818]},"Q6o":{"weight":0.0,"played":[0.1016,0.8984],"evs":[0.0,1.36545]},"K6o":{"weight":0.0,"played":[0.6828,0.3172],"evs":[0.0,-0.83223]},"A6o":{"weight":0.0,"played":[0.1946,0.8054],"evs":[0.0,2.20385]},"72s":{"weight":0.0,"played":[0.3738,0.6262],"evs":[0.0,5.56537]},"73s":{"weight":0.0,"played":[0.0,1.0],"evs":[0.0,0.80485]},"74s":{"weight":0.0,"played":[0.0051,0.9949],"evs":[0.0,4.65103]},"75s":{"weight":0.0,"played":[0.2788,0.7212],"evs":[0.0,0.01088]},"76s":{"weight":0.0,"played":[0.3899,0.6101],"evs":[0.0,1.1658]},"77":{"weight":0.0,"played":[0.3559,0.6441],"evs":[0.0,1.06574]},"87o":{"weight":0.0,"played":[0.2893,0.7107],"evs":[0.0,0.18542]},"97o":{"weight":0.0,"played":[0.7772,0.2228],"evs":[0.0,-1.1984]},"T7o":{"weight":0.0,"played":[0.5024,0.4976],"evs":[0.0,-0.3717]},"J7o":{"weight":0.0,"played":[0.7859,0.2141],"evs":[0.0,-0.76494]},"Q7o":{"weight":0.0,"played":[0.0135,0.9865],"evs":[0.0,0.87593]},"K7o":{"weight":0.0,"played":[0.8641,0.1359],"evs":[0.0,-1.33454]},"A7o":{"weight":0.0,"played":[0.3235,0.6765],"evs":[0.0,-1.44267]},"82s":{"weight":0.0,"played":[0.6352,0.3648],"evs":[0.0,3.60501]},"83s":{"weight":0.0,"played":[0.1358,0.8642],"evs":[0.0,-0.73199]},"84s":{"weight":0.0,"played":[0.3584,0.6416],"evs":[0.0,-0.28397]},"85s":{"weight":0.0,"played":[0.1921,0.8079],"evs":[0.0,4.88009]},"86s":{"weight":0.0,"played":[0.579,0.421],"evs":[0.0,2.11778]},"87s":{"weight":0.0,"played":[0.3936,0.6064],"evs":[0.0,2.10661]},"88":{"weight":0.4065,"played":[0.1121,0.8879],"evs":[0.0,4.82788]},"98o":{"weight":0.0,"played":[0.3645,0.6355],"evs":[0.0,-0.24858]},"T8o":{"weight":0.0,"played":[0.1525,0.8475],"evs":[0.0,0.56393]},"J8o":{"weight":0.0,"played":[0.2185,0.7815],"evs":[0.0,3.46349]},"Q8o":{"weight":0.0,"played":[0.0879,0.9121],"evs":[0.0,1.95641]},"K8o":{"weight":0.0,"played":[0.1341,0.8659],"evs":[0.0,0.32198]},"A8o":{"weight":0.0,"played":[0.2728,0.7272],"evs":[0.0,-0.71585]},"92s":{"weight":0.0,"played":[0.3193,0.6807],"evs":[0.0,5.71498]},"93s":{"weight":0.0,"played":[0.8177,0.1823],"evs":[0.0,0.1841]},"94s":{"weight":0.0,"played":[0.4058,0.5942],"evs":[0.0,-0.72663]},"95s":{"weight":0.0,"played":[0.1287,0.8713],"evs":[0.0,0.87082]},"96s":{"weight":0.0,"played":[0.1012,0.8988],"evs":[0.0,6.285]},"97s":{"weight":0.0,"played":[0.1081,0.8919],"evs":[0.0,0.14445]},"98s":{"weight":0.0,"played":[0.4058,0.5942],"evs":[0.0,0.8186]},"99":{"weight":0.8884,"played":[0.0,1.0],"evs":[0.0,3.17726]},"T9o":{"weight":0.0,"played":[0.0945,0.9055],"evs":[0.0,0.11253]},"J9o":{"weight":0.0,"played":[0.0448,0.9552],"evs":[0.0,1.76697]},"Q9o":{"weight":0.0,"played":[0.1107,0.8893],"evs":[0.0,0.41615]},"K9o":{"weight":0.0,"played":[0.0567,0.9433],"evs":[0.0,4.08275]},"A9o":{"weight":0.0,"played":[0.0012,0.9988],"evs":[0.0,1.05391]},"T2s":{"weight":0.0,"played":[0.3024,0.6976],"evs":[0.0,3.11984]},"T3s":{"weight":0.0,"played":[0.2053,0.7947],"evs":[0.0,1.60804]},"T4s":{"weight":0.0,"played":[0.6948,0.3052],"evs":[0.0,0.81042]},"T5s":{"weight":0.0,"played":[0.0035,0.9965],"evs":[0.0,2.56487]},"T6s":{"weight":0.0,"played":[0.2706,0.7294],"evs":[0.0,0.80875]},"T7s":{"weight":0.0,"played":[0.4023,0.5977],"evs":[0.0,0.8444]},"T8s":{"weight":0.0,"played":[0.0148,0.9852],"evs":[0.0,5.51386]},"T9s":{"weight":0.0,"played":[0.6651,0.3349],"evs":[0.0,-2.81836]},"TT":{"weight":0.5378,"played":[0.0166,0.9834],"evs":[0.0,2.9711]},"JTo":{"weight":0.0,"played":[0.3574,0.6426],"evs":[0.0,1.84596]},"QTo":{"weight":0.0,"played":[0.3068,0.6932],"evs":[0.0,1.64956]},"KTo":{"weight":0.0,"played":[0.0,1.0],"evs":[0.0,2.38957]},"ATo":{"weight":0.0,"played":[0.0203,0.9797],"evs":[0.0,1.12604]},"J2s":{"weight":0.0,"played":[0.1435,0.8565],"evs":[0.0,2.02234]},"J3s":{"weight":0.0,"played":[0.1392,0.8608],"evs":[0.0,7.08128]},"J4s":{"weight":0.0,"played":[0.0911,0.9089],"evs":[0.0,3.42115]},"J5s":{"weight":0.0,"played":[0.9388,0.0612],"evs":[0.0,-3.09784]},"J6s":{"weight":0.0,"played":[0.2287,0.7713],"evs":[0.0,-0.63826]},"J7s":{"weight":0.0,"played":[0.278,0.722],"evs":[0.0,4.45288]},"J8s":{"weight":0.0,"played":[0.9484,0.0516],"evs":[0.0,-3.28984]},"J9s":{"weight":0.0,"played":[0.17,0.83],"evs":[0.0,2.08544]},"JTs":{"weight":0.0,"played":[0.2159,0.7841],"evs":[0.0,1.41627]},"JJ":{"weight":0.2163,"played":[0.0018,0.9982],"evs":[0.0,3.93257]},"QJo":{"weight":0.0,"played":[0.2937,0.7063],"evs":[0.0,-0.79377]},"KJo":{"weight":0.0,"played":[0.5792,0.4208],"evs":[0.0,-1.05843]},"AJo":{"weight":0.3723,"played":[0.0117,0.9883],"evs":[0.0,1.91045]},"Q2s":{"weight":0.0,"played":[0.5928,0.4072],"evs":[0.0,-3.84666]},"Q3s":{"weight":0.0,"played":[0.3055,0.6945],"evs":[0.0,-0.21117]},"Q4s":{"weight":0.0,"played":[0.563,0.437],"evs":[0.0,-0.31264]},"Q5s":{"weight":0.0,"played":[0.5095,0.4905],"evs":[0.0,-1.78426]},"Q6s":{"weight":0.0,"played":[0.1057,0.8943],"evs":[0.0,5.29485]},"Q7s":{"weight":0.0,"played":[0.5441,0.4559],"evs":[0.0,-0.80622]},"Q8s":{"weight":0.0,"played":[0.0792,0.9208],"evs":[0.0,8.34029]},"Q9s":{"weight":0.0,"played":[0.0737,0.9263],"evs":[0.0,3.50816]},"QTs":{"weight":0.0,"played":[0.073,0.927],"evs":[0.0,4.06981]},"QJs":{"weight":0.0,"played":[0.0,1.0],"evs":[0.0,10.95685]},"QQ":{"weight":0.8329,"played":[0.0239,0.9761],"evs":[0.0,5.44696]},"KQo":{"weight":0.0,"played":[2.0E-4,0.9998],"evs":[0.0,1.97912]},"AQo":{"weight":0.0037,"played":[0.0433,0.9567],"evs":[0.0,3.04316]},"K2s":{"weight":0.0,"played":[0.1112,0.8888],"evs":[0.0,0.54395]},"K3s":{"weight":0.0,"played":[0.3245,0.6755],"evs":[0.0,1.54114]},"K4s":{"weight":0.0,"played":[0.4518,0.5482],"evs":[0.0,0.7962]},"K5s":{"weight":0.0,"played":[0.1154,0.8846],"evs":[0.0,7.18219]},"K6s":{"weight":0.0,"played":[0.8986,0.1014],"evs":[0.0,-3.71001]},"K7s":{"weight":0.0,"played":[0.0038,0.9962],"evs":[0.0,7.32333]},"K8s":{"weight":0.0,"played":[0.941,0.059],"evs":[0.0,1.8266]},"K9s":{"weight":0.0,"played":[0.1132,0.8868],"evs":[0.0,10.96422]},"KTs":{"weight":0.0,"played":[0.0,1.0],"evs":[0.0,2.43751]},"KJs":{"weight":0.0,"played":[0.0,1.0],"evs":[0.0,4.10267]},"KQs":{"weight":0.3438,"played":[0.4652,0.5348],"evs":[0.0,-0.38102]},"KK":{"weight":3.0E-4,"played":[0.0,1.0],"evs":[0.0,9.24885]},"AKo":{"weight":0.0,"played":[0.0329,0.9671],"evs":[0.0,3.83355]},"A2s":{"weight":0.0,"played":[0.165,0.835],"evs":[0.0,7.75235]},"A3s":{"weight":0.0,"played":[0.195,0.805],"evs":[0.0,0.15032]},"A4s":{"weight":0.0,"played":[0.0047,0.9953],"evs":[0.0,4.27463]},"A5s":{"weight":0.0,"played":[0.5266,0.4734],"evs":[0.0,-0.84155]},"A6s":{"weight":0.0,"played":[0.4493,0.5507],"evs":[0.0,-1.83005]},"A7s":{"weight":0.0,"played":[0.1021,0.8979],"evs":[0.0,6.47264]},"A8s":{"weight":0.0,"played":[0.4079,0.5921],"evs":[0.0,4.42529]},"A9s":{"weight":0.1311,"played":[0.2327,0.7673],"evs":[0.0,6.87238]},"ATs":{"weight":0.5604,"played":[0.2598,0.7402],"evs":[0.0,1.76809]},"AJs":{"weight":0.0854,"played":[0.0335,0.9665],"evs":[0.0,1.69375]},"AQs":{"weight":4.0E-4,"played":[0.4513,0.5487],"evs":[0.0,1.77983]},"AKs":{"weight":1.0E-4,"played":[0.9757,0.0243],"evs":[0.0,-4.47827]},"AA":{"weight":0.0023,"played":[0.0,1.0],"evs":[0.0,14.0301]}}}