{"player":5,"street":0,"children":2,"sequence":[{"player":0,"type":"F","amount":0,"street":0},{"player":1,"type":"F","amount":0,"street":0},{"player":2,"type":"R","amount":27360000,"street":0},{"player":3,"type":"F","amount":0,"street":0},{"player":4,"type":"F","amount":0,"street":0}],"actions":[{"type":"F","amount":0,"node":22},{"type":"C","amount":16480000,"node":23}],"hands":{"22":{"weight":1.0,"played":[1.0,0.0],"evs":[0.0,-1.54418]},"32o":{"weight":1.0,"played":[1.0,0.0],"evs":[0.0,-4.78124]},"42o":{"weight":1.0,"played":[1.0,0.0],"evs":[0.0,-4.66624]},"52o":{"weight":1.0,"played":[1.0,0.0],"evs":[0.0,-4.55744]},"62o":{"weight":1.0,"played":[1.0,0.0],"evs":[0.0,-4.73662]},"72o":{"weight":1.0,"played":[1.0,0.0],"evs":[0.0,-4.84354]},"82o":{"weight":1.0,"played":[1.0,0.0],"evs":[0.0,-4.60568]},"92o":{"weight":1.0,"played":[1.0,0.0],"evs":[0.0,-4.36852]},"T2o":{"weight":1.0,"played":[1.0,0.0],"evs":[0.0,-4.017]},"J2o":{"weight":1.0,"played":[1.0,0.0],"evs":[0.0,-3.61227]},"Q2o":{"weight":1.0,"played":[1.0,0.0],"evs":[0.0,-3.11244]},"K2o":{"weight":1.0,"played":[1.0,0.0],"evs":[0.0,-2.2094]},"A2o":{"weight":1.0,"played":[1.0,0.0],"evs":[0.0,-0.83078]},"32s":{"weight":1.0,"played":[1.0,0.0],"evs":[0.0,-4.07084]},"33":{"weight":1.0,"played":[1.0,0.0],"evs":[0.0,-1.18021]},"43o":{"weight":1.0,"played":[1.0,0.0],"evs":[0.0,-4.37856]},"53o":{"weight":1.0,"played":[1.0,0.0],"evs":[0.0,-4.25784]},"63o":{"weight":1.0,"played":[1.0,0.0],"evs":[0.0,-4.43094]},"73o":{"weight":1.0,"played":[1.0,0.0],"evs":[0.0,-4.53218]},"83o":{"weight":1.0,"played":[1.0,0.0],"evs":[0.0,-4.54865]},"93o":{"weight":1.0,"played":[1.0,0.0],"evs":[0.0,-4.2499]},"T3o":{"weight":1.0,"played":[1.0,0.0],"evs":[0.0,-3.90006]},"J3o":{"weight":1.0,"played":[1.0,0.0],"evs":[0.0,-3.488]},"Q3o":{"weight":1.0,"played":[1.0,0.0],"evs":[0.0,-2.98188]},"K3o":{"weight":1.0,"played":[1.0,0.0],"evs":[0.0,-2.06931]},"A3o":{"weight":1.0,"played":[1.0,0.0],"evs":[0.0,-0.68793]},"42s":{"weight":1.0,"played":[1.0,0.0],"evs":[0.0,-3.95486]},"43s":{"weight":1.0,"played":[1.0,0.0],"evs":[0.0,-3.67815]},"44":{"weight":1.0,"played":[1.0,0.0],"evs":[0.0,-0.78034]},"54o":{"weight":1.0,"played":[1.0,0.0],"evs":[0.0,-3.95403]},"64o":{"weight":1.0,"played":[1.0,0.0],"evs":[0.0,-4.11721]},"74o":{"weight":1.0,"played":[1.0,0.0],"evs":[0.0,-4.21501]},"84o":{"weight":1.0,"played":[1.0,0.0],"evs":[0.0,-4.23312]},"94o":{"weight":1.0,"played":[1.0,0.0],"evs":[0.0,-4.18554]},"T4o":{"weight":1.0,"played":[1.0,0.0],"evs":[0.0,-3.77076]},"J4o":{"weight":1.0,"played":[1.0,0.0],"evs":[0.0,-3.36497]},"Q4o":{"weight":1.0,"played":[1.0,0.0],"evs":[0.0,-2.85245]},"K4o":{"weight":1.0,"played":[1.0,0.0],"evs":[0.0,-1.93356]},"A4o":{"weight":1.0,"played":[1.0,0.0],"evs":[0.0,-0.56085]},"52s":{"weight":1.0,"played":[1.0,0.0],"evs":[0.0,-3.85332]},"53s":{"weight":1.0,"played":[1.0,0.0],"evs":[0.0,-3.56501]},"54s":{"weight":1.0,"played":[1.0,0.0],"evs":[0.0,-3.27565]},"55":{"weight":1.0,"played":[1.0,0.0],"evs":[0.0,-0.33366]},"65o":{"weight":1.0,"played":[1.0,0.0],"evs":[0.0,-3.82095]},"75o":{"weight":1.0,"played":[1.0,0.0],"evs":[0.0,-3.91438]},"85o":{"weight":1.0,"played":[1.0,0.0],"evs":[0.0,-3.92197]},"95o":{"weight":1.0,"played":[1.0,0.0],"evs":[0.0,-3.87425]},"T5o":{"weight":1.0,"played":[1.0,0.0],"evs":[0.0,-3.69979]},"J5o":{"weight":1.0,"played":[1.0,0.0],"evs":[0.0,-3.24159]},"Q5o":{"weight":1.0,"played":[1.0,0.0],"evs":[0.0,-2.69425]},"K5o":{"weight":1.0,"played":[1.0,0.0],"evs":[0.0,-1.74933]},"A5o":{"weight":1.0,"played":[1.0,0.0],"evs":[0.0,-0.38021]},"62s":{"weight":1.0,"played":[1.0,0.0],"evs":[0.0,-4.02015]},"63s":{"weight":1.0,"played":[1.0,0.0],"evs":[0.0,-3.72078]},"64s":{"weight":1.0,"played":[1.0,0.0],"evs":[0.0,-3.43111]},"65s":{"weight":1.0,"played":[1.0,0.0],"evs":[0.0,-3.1453]},"66":{"weight":1.0,"played":[0.0,1.0],"evs":[0.0,0.09853]},"76o":{"weight":1.0,"played":[1.0,0.0],"evs":[0.0,-3.61311]},"86o":{"weight":1.0,"played":[1.0,0.0],"evs":[0.0,-3.6147]},"96o":{"weight":1.0,"played":[1.0,0.0],"evs":[0.0,-3.56275]},"T6o":{"weight":1.0,"played":[1.0,0.0],"evs":[0.0,-3.38959]},"J6o":{"weight":1.0,"played":[1.0,0.0],"evs":[0.0,-3.1602]},"Q6o":{"weight":1.0,"played":[1.0,0.0],"evs":[0.0,-2.52711]},"K6o":{"weight":1.0,"played":[1.0,0.0],"evs":[0.0,-1.56243]},"A6o":{"weight":1.0,"played":[1.0,0.0],"evs":[0.0,-0.35159]},"72s":{"weight":1.0,"played":[1.0,0.0],"evs":[0.0,-4.11087]},"73s":{"weight":1.0,"played":[1.0,0.0],"evs":[0.0,-3.82084]},"74s":{"weight":1.0,"played":[1.0,0.0],"evs":[0.0,-3.51887]},"75s":{"weight":1.0,"played":[1.0,0.0],"evs":[0.0,-3.25015]},"76s":{"weight":1.0,"played":[1.0,0.0],"evs":[0.0,-2.95046]},"77":{"weight":1.0,"played":[0.0,1.0],"evs":[0.0,0.59628]},"87o":{"weight":1.0,"played":[1.0,0.0],"evs":[0.0,-3.33476]},"97o":{"weight":1.0,"played":[1.0,0.0],"evs":[0.0,-3.24213]},"T7o":{"weight":1.0,"played":[1.0,0.0],"evs":[0.0,-3.02394]},"J7o":{"weight":1.0,"played":[1.0,0.0],"evs":[0.0,-2.8162]},"Q7o":{"weight":1.0,"played":[1.0,0.0],"evs":[0.0,-2.34871]},"K7o":{"weight":1.0,"played":[1.0,0.0],"evs":[0.0,-1.30976]},"A7o":{"weight":1.0,"played":[1.0,0.0],"evs":[0.0,-0.04994]},"82s":{"weight":1.0,"played":[1.0,0.0],"evs":[0.0,-3.88914]},"83s":{"weight":1.0,"played":[1.0,0.0],"evs":[0.0,-3.82928]},"84s":{"weight":1.0,"played":[1.0,0.0],"evs":[0.0,-3.52763]},"85s":{"weight":1.0,"played":[1.0,0.0],"evs":[0.0,-3.24356]},"86s":{"weight":1.0,"played":[1.0,0.0],"evs":[0.0,-2.95572]},"87s":{"weight":1.0,"played":[1.0,0.0],"evs":[0.0,-2.69063]},"88":{"weight":1.0,"played":[0.0,1.0],"evs":[0.0,1.19504]},"98o":{"weight":1.0,"played":[1.0,0.0],"evs":[0.0,-2.88655]},"T8o":{"weight":1.0,"played":[1.0,0.0],"evs":[0.0,-2.63819]},"J8o":{"weight":1.0,"played":[1.0,0.0],"evs":[0.0,-2.41745]},"Q8o":{"weight":1.0,"played":[1.0,0.0],"evs":[0.0,-1.91894]},"K8o":{"weight":1.0,"played":[1.0,0.0],"evs":[0.0,-1.06433]},"A8o":{"weight":1.0,"played":[0.0,1.0],"evs":[0.0,0.23258]},"92s":{"weight":1.0,"played":[1.0,0.0],"evs":[0.0,-3.65952]},"93s":{"weight":1.0,"played":[1.0,0.0],"evs":[0.0,-3.55596]},"94s":{"weight":1.0,"played":[1.0,0.0],"evs":[0.0,-3.49328]},"95s":{"weight":1.0,"played":[1.0,0.0],"evs":[0.0,-3.191]},"96s":{"weight":1.0,"played":[1.0,0.0],"evs":[0.0,-2.90568]},"97s":{"weight":1.0,"played":[1.0,0.0],"evs":[0.0,-2.6132]},"98s":{"weight":1.0,"played":[1.0,0.0],"evs":[0.0,-2.28418]},"99":{"weight":1.0,"played":[0.0,1.0],"evs":[0.0,1.81307]},"T9o":{"weight":1.0,"played":[1.0,0.0],"evs":[0.0,-2.22432]},"J9o":{"weight":1.0,"played":[1.0,0.0],"evs":[0.0,-2.0046]},"Q9o":{"weight":1.0,"played":[1.0,0.0],"evs":[0.0,-1.49745]},"K9o":{"weight":1.0,"played":[1.0,0.0],"evs":[0.0,-0.63949]},"A9o":{"weight":1.0,"played":[0.0,1.0],"evs":[0.0,0.47425]},"T2s":{"weight":1.0,"played":[1.0,0.0],"evs":[0.0,-3.33313]},"T3s":{"weight":1.0,"played":[1.0,0.0],"evs":[0.0,-3.21559]},"T4s":{"weight":1.0,"played":[1.0,0.0],"evs":[0.0,-3.1008]},"T5s":{"weight":1.0,"played":[1.0,0.0],"evs":[0.0,-3.04751]},"T6s":{"weight":1.0,"played":[1.0,0.0],"evs":[0.0,-2.73717]},"T7s":{"weight":1.0,"played":[1.0,0.0],"evs":[0.0,-2.40739]},"T8s":{"weight":1.0,"played":[1.0,0.0],"evs":[0.0,-2.03924]},"T9s":{"weight":1.0,"played":[1.0,0.0],"evs":[0.0,-1.65202]},"TT":{"weight":1.0,"played":[0.0,1.0],"evs":[0.0,2.51402]},"JTo":{"weight":1.0,"played":[1.0,0.0],"evs":[0.0,-1.48621]},"QTo":{"weight":1.0,"played":[1.0,0.0],"evs":[0.0,-0.97641]},"KTo":{"weight":1.0,"played":[1.0,0.0],"evs":[0.0,-0.11513]},"ATo":{"weight":1.0,"played":[0.0,1.0],"evs":[0.0,0.988]},"J2s":{"weight":1.0,"played":[1.0,0.0],"evs":[0.0,-2.93918]},"J3s":{"weight":1.0,"played":[1.0,0.0],"evs":[0.0,-2.82326]},"J4s":{"weight":1.0,"played":[1.0,0.0],"evs":[0.0,-2.70352]},"J5s":{"weight":1.0,"played":[1.0,0.0],"evs":[0.0,-2.59068]},"J6s":{"weight":1.0,"played":[1.0,0.0],"evs":[0.0,-2.52378]},"J7s":{"weight":1.0,"played":[1.0,0.0],"evs":[0.0,-2.19268]},"J8s":{"weight":1.0,"played":[1.0,0.0],"evs":[0.0,-1.83186]},"J9s":{"weight":1.0,"played":[1.0,0.0],"evs":[0.0,-1.44334]},"JTs":{"weight":1.0,"played":[1.0,0.0],"evs":[0.0,-0.96776]},"JJ":{"weight":1.0,"played":[0.0,1.0],"evs":[0.0,3.08152]},"QJo":{"weight":1.0,"played":[1.0,0.0],"evs":[0.0,-0.75527]},"KJo":{"weight":1.0,"played":[0.0,1.0],"evs":[0.0,0.1033]},"AJo":{"weight":1.0,"played":[0.0,1.0],"evs":[0.0,1.22998]},"Q2s":{"weight":1.0,"played":[1.0,0.0],"evs":[0.0,-2.45939]},"Q3s":{"weight":1.0,"played":[1.0,0.0],"evs":[0.0,-2.34122]},"Q4s":{"weight":1.0,"played":[1.0,0.0],"evs":[0.0,-2.21936]},"Q5s":{"weight":1.0,"played":[1.0,0.0],"evs":[0.0,-2.08683]},"Q6s":{"weight":1.0,"played":[1.0,0.0],"evs":[0.0,-1.92383]},"Q7s":{"weight":1.0,"played":[1.0,0.0],"evs":[0.0,-1.77143]},"Q8s":{"weight":1.0,"played":[1.0,0.0],"evs":[0.0,-1.34773]},"Q9s":{"weight":1.0,"played":[1.0,0.0],"evs":[0.0,-0.95519]},"QTs":{"weight":1.0,"played":[1.0,0.0],"evs":[0.0,-0.47011]},"QJs":{"weight":1.0,"played":[1.0,0.0],"evs":[0.0,-0.26656]},"QQ":{"weight":1.0,"played":[0.0,1.0],"evs":[0.0,3.73178]},"KQo":{"weight":1.0,"played":[0.0,1.0],"evs":[0.0,0.40446]},"AQo":{"weight":1.0,"played":[0.0,1.0],"evs":[0.0,1.57911]},"K2s":{"weight":1.0,"played":[1.0,0.0],"evs":[0.0,-1.59889]},"K3s":{"weight":1.0,"played":[1.0,0.0],"evs":[0.0,-1.47704]},"K4s":{"weight":1.0,"played":[1.0,0.0],"evs":[0.0,-1.34471]},"K5s":{"weight":1.0,"played":[1.0,0.0],"evs":[0.0,-1.18355]},"K6s":{"weight":1.0,"played":[1.0,0.0],"evs":[0.0,-1.00354]},"K7s":{"weight":1.0,"played":[1.0,0.0],"evs":[0.0,-0.77367]},"K8s":{"weight":1.0,"played":[1.0,0.0],"evs":[0.0,-0.54555]},"K9s":{"weight":1.0,"played":[1.0,0.0],"evs":[0.0,-0.14582]},"KTs":{"weight":1.0,"played":[0.0,1.0],"evs":[0.0,0.34989]},"KJs":{"weight":1.0,"played":[0.0,1.0],"evs":[0.0,0.53947]},"KQs":{"weight":1.0,"played":[0.0,1.0],"evs":[0.0,0.8161]},"KK":{"weight":1.0,"played":[0.0,1.0],"evs":[0.0,4.58854]},"AKo":{"weight":1.0,"played":[0.0,1.0],"evs":[0.0,2.00213]},"A2s":{"weight":1.0,"played":[1.0,0.0],"evs":[0.0,-0.3143]},"A3s":{"weight":1.0,"played":[1.0,0.0],"evs":[0.0,-0.18875]},"A4s":{"weight":1.0,"played":[1.0,0.0],"evs":[0.0,-0.05341]},"A5s":{"weight":1.0,"played":[0.0,1.0],"evs":[0.0,0.11511]},"A6s":{"weight":1.0,"played":[0.0,1.0],"evs":[0.0,0.13791]},"A7s":{"weight":1.0,"played":[0.0,1.0],"evs":[0.0,0.41936]},"A8s":{"weight":1.0,"played":[0.0,1.0],"evs":[0.0,0.66096]},"A9s":{"weight":1.0,"played":[0.0,1.0],"evs":[0.0,0.90077]},"ATs":{"weight":1.0,"played":[0.0,1.0],"evs":[0.0,1.3781]},"AJs":{"weight":1.0,"played":[0.0,1.0],"evs":[0.0,1.59413]},"AQs":{"weight":1.0,"played":[0.0,1.0],"evs":[0.0,1.91847]},"AKs":{"weight":1.0,"played":[0.0,1.0],"evs":[0.0,2.32131]},"AA":{"weight":1.0,"played":[0.0,1.0],"evs":[0.0,5.68379]}}}