{"player":6,"street":0,"children":2,"sequence":[{"player":0,"type":"R","amount":5600000,"street":0},{"player":1,"type":"F","amount":0,"street":0},{"player":2,"type":"C","amount":5600000,"street":0},{"player":3,"type":"R","amount":27360000,"street":0},{"player":4,"type":"C","amount":8480000,"street":0},{"player":5,"type":"C","amount":16480000,"street":0}],"actions":[{"type":"F","amount":0,"node":217},{"type":"C","amount":7840000,"node":218}],"hands":{"22":{"weight":1.0,"played":[0.3491,0.6509],"evs":[0.0,-1.46684]},"32o":{"weight":1.0,"played":[0.5403,0.4597],"evs":[0.0,-3.79024]},"42o":{"weight":1.0,"played":[1.0,0.0],"evs":[0.0,-4.11057]},"52o":{"weight":1.0,"played":[0.7181,0.2819],"evs":[0.0,-0.68858]},"62o":{"weight":1.0,"played":[0.6961,0.3039],"evs":[0.0,-0.37659]},"72o":{"weight":1.0,"played":[0.9909,0.0091],"evs":[0.0,-4.794]},"82o":{"weight":1.0,"played":[0.738,0.262],"evs":[0.0,-3.88016]},"92o":{"weight":1.0,"played":[0.5597,0.4403],"evs":[0.0,-2.57937]},"T2o":{"weight":1.0,"played":[0.9224,0.0776],"evs":[0.0,-5.85711]},"J2o":{"weight":1.0,"played":[1.0,0.0],"evs":[0.0,-7.80341]},"Q2o":{"weight":1.0,"played":[1.0,0.0],"evs":[0.0,-3.63155]},"K2o":{"weight":1.0,"played":[0.738,0.262],"evs":[0.0,-3.94072]},"A2o":{"weight":1.0,"played":[1.0,0.0],"evs":[0.0,-6.08413]},"32s":{"weight":1.0,"played":[0.4216,0.5784],"evs":[0.0,5.34103]},"33":{"weight":1.0,"played":[0.5468,0.4532],"evs":[0.0,-3.27206]},"43o":{"weight":1.0,"played":[1.0,0.0],"evs":[0.0,-6.53797]},"53o":{"weight":1.0,"played":[0.9486,0.0514],"evs":[0.0,-4.73436]},"63o":{"weight":1.0,"played":[0.749,0.251],"evs":[0.0,2.70417]},"73o":{"weight":1.0,"played":[0.7617,0.2383],"evs":[0.0,-2.13376]},"83o":{"weight":1.0,"played":[0.6961,0.3039],"evs":[0.0,-0.70364]},"93o":{"weight":1.0,"played":[1.0,0.0],"evs":[0.0,-5.03463]},"T3o":{"weight":1.0,"played":[0.9172,0.0828],"evs":[0.0,-5.7487]},"J3o":{"weight":1.0,"played":[0.6469,0.3531],"evs":[0.0,-2.51238]},"Q3o":{"weight":1.0,"played":[1.0,0.0],"evs":[0.0,-6.77889]},"K3o":{"weight":1.0,"played":[0.8137,0.1863],"evs":[0.0,-2.07851]},"A3o":{"weight":1.0,"played":[0.3749,0.6251],"evs":[0.0,-2.62747]},"42s":{"weight":1.0,"played":[1.0,0.0],"evs":[0.0,-5.8622]},"43s":{"weight":1.0,"played":[0.6291,0.3709],"evs":[0.0,-5.62713]},"44":{"weight":1.0,"played":[0.9057,0.0943],"evs":[0.0,-0.20605]},"54o":{"weight":1.0,"played":[0.903,0.097],"evs":[0.0,-2.00227]},"64o":{"weight":1.0,"played":[0.6454,0.3546],"evs":[0.0,-0.53696]},"74o":{"weight":1.0,"played":[0.0725,0.9275],"evs":[0.0,2.68098]},"84o":{"weight":1.0,"played":[1.0,0.0],"evs":[0.0,-2.54796]},"94o":{"weight":1.0,"played":[0.2587,0.7413],"evs":[0.0,-0.33745]},"T4o":{"weight":1.0,"played":[1.0,0.0],"evs":[0.0,-2.97057]},"J4o":{"weight":1.0,"played":[0.9446,0.0554],"evs":[0.0,-5.65432]},"Q4o":{"weight":1.0,"played":[1.0,0.0],"evs":[0.0,-5.13273]},"K4o":{"weight":1.0,"played":[0.9961,0.0039],"evs":[0.0,-3.08974]},"A4o":{"weight":1.0,"played":[0.9794,0.0206],"evs":[0.0,-4.95258]},"52s":{"weight":1.0,"played":[1.0,0.0],"evs":[0.0,-6.13827]},"53s":{"weight":1.0,"played":[0.7268,0.2732],"evs":[0.0,0.59424]},"54s":{"weight":1.0,"played":[1.0,0.0],"evs":[0.0,11.86879]},"55":{"weight":1.0,"played":[0.6278,0.3722],"evs":[0.0,-2.83046]},"65o":{"weight":1.0,"played":[0.3938,0.6062],"evs":[0.0,-1.88258]},"75o":{"weight":1.0,"played":[0.9758,0.0242],"evs":[0.0,-3.26452]},"85o":{"weight":1.0,"played":[0.9983,0.0017],"evs":[0.0,-4.26447]},"95o":{"weight":1.0,"played":[0.9941,0.0059],"evs":[0.0,-4.63989]},"T5o":{"weight":1.0,"played":[0.769,0.231],"evs":[0.0,-2.38877]},"J5o":{"weight":1.0,"played":[0.4001,0.5999],"evs":[0.0,6.6562]},"Q5o":{"weight":1.0,"played":[1.0,0.0],"evs":[0.0,-6.24062]},"K5o":{"weight":1.0,"played":[0.223,0.777],"evs":[0.0,-0.16255]},"A5o":{"weight":1.0,"played":[1.0,0.0],"evs":[0.0,-5.76053]},"62s":{"weight":1.0,"played":[1.0,0.0],"evs":[0.0,-6.01391]},"63s":{"weight":1.0,"played":[1.0,0.0],"evs":[0.0,1.60545]},"64s":{"weight":1.0,"played":[0.4025,0.5975],"evs":[0.0,1.50039]},"65s":{"weight":1.0,"played":[1.0,0.0],"evs":[0.0,-5.5674]},"66":{"weight":1.0,"played":[0.6746,0.3254],"evs":[0.0,-1.20658]},"76o":{"weight":1.0,"played":[0.941,0.059],"evs":[0.0,-4.74907]},"86o":{"weight":1.0,"played":[0.7539,0.2461],"evs":[0.0,-3.4601]},"96o":{"weight":1.0,"played":[0.632,0.368],"evs":[0.0,-2.25687]},"T6o":{"weight":1.0,"played":[0.8208,0.1792],"evs":[0.0,-4.58839]},"J6o":{"weight":1.0,"played":[1.0,0.0],"evs":[0.0,-6.37257]},"Q6o":{"weight":1.0,"played":[0.9604,0.0396],"evs":[0.0,-5.20376]},"K6o":{"weight":1.0,"played":[1.0,0.0],"evs":[0.0,-5.91512]},"A6o":{"weight":1.0,"played":[0.93,0.07],"evs":[0.0,-5.41127]},"72s":{"weight":1.0,"played":[1.0,0.0],"evs":[0.0,-6.47933]},"73s":{"weight":1.0,"played":[0.5396,0.4604],"evs":[0.0,2.18656]},"74s":{"weight":1.0,"played":[1.0,0.0],"evs":[0.0,-6.09011]},"75s":{"weight":1.0,"played":[0.5841,0.4159],"evs":[0.0,1.11559]},"76s":{"weight":1.0,"played":[1.0,0.0],"evs":[0.0,-6.42843]},"77":{"weight":1.0,"played":[0.6413,0.3587],"evs":[0.0,0.4451]},"87o":{"weight":1.0,"played":[0.9098,0.0902],"evs":[0.0,-5.81425]},"97o":{"weight":1.0,"played":[1.0,0.0],"evs":[0.0,1.10195]},"T7o":{"weight":1.0,"played":[0.3821,0.6179],"evs":[0.0,2.98706]},"J7o":{"weight":1.0,"played":[1.0,0.0],"evs":[0.0,-6.12463]},"Q7o":{"weight":1.0,"played":[1.0,0.0],"evs":[0.0,-4.64848]},"K7o":{"weight":1.0,"played":[0.948,0.052],"evs":[0.0,2.04092]},"A7o":{"weight":1.0,"played":[0.7151,0.2849],"evs":[0.0,-3.71351]},"82s":{"weight":1.0,"played":[0.5944,0.4056],"evs":[0.0,0.67529]},"83s":{"weight":1.0,"played":[0.1439,0.8561],"evs":[0.0,0.29378]},"84s":{"weight":1.0,"played":[0.9991,9.0E-4],"evs":[0.0,-6.14916]},"85s":{"weight":1.0,"played":[1.0,0.0],"evs":[0.0,-4.83101]},"86s":{"weight":1.0,"played":[0.0,1.0],"evs":[0.0,7.70536]},"87s":{"weight":1.0,"played":[1.0,0.0],"evs":[0.0,-6.15276]},"88":{"weight":1.0,"played":[0.7632,0.2368],"evs":[0.0,-1.6879]},"98o":{"weight":1.0,"played":[0.6503,0.3497],"evs":[0.0,-3.96424]},"T8o":{"weight":1.0,"played":[0.7497,0.2503],"evs":[0.0,1.42487]},"J8o":{"weight":1.0,"played":[1.0,0.0],"evs":[0.0,-0.61601]},"Q8o":{"weight":1.0,"played":[0.0179,0.9821],"evs":[0.0,0.35739]},"K8o":{"weight":1.0,"played":[1.0,0.0],"evs":[0.0,-6.2809]},"A8o":{"weight":1.0,"played":[0.833,0.167],"evs":[0.0,-4.30354]},"92s":{"weight":1.0,"played":[0.9632,0.0368],"evs":[0.0,-8.78976]},"93s":{"weight":1.0,"played":[0.5227,0.4773],"evs":[0.0,-3.09494]},"94s":{"weight":1.0,"played":[1.0,0.0],"evs":[0.0,-7.48551]},"95s":{"weight":1.0,"played":[0.5,0.5],"evs":[0.0,14.75494]},"96s":{"weight":1.0,"played":[0.6887,0.3113],"evs":[0.0,-5.57619]},"97s":{"weight":1.0,"played":[0.6543,0.3457],"evs":[0.0,1.19221]},"98s":{"weight":1.0,"played":[1.0,0.0],"evs":[0.0,-6.39312]},"99":{"weight":1.0,"played":[0.5036,0.4964],"evs":[0.0,-4.49357]},"T9o":{"weight":1.0,"played":[0.7605,0.2395],"evs":[0.0,4.71266]},"J9o":{"weight":1.0,"played":[0.957,0.043],"evs":[0.0,-5.61564]},"Q9o":{"weight":1.0,"played":[0.9967,0.0033],"evs":[0.0,-5.9191]},"K9o":{"weight":1.0,"played":[0.7754,0.2246],"evs":[0.0,-5.41715]},"A9o":{"weight":1.0,"played":[1.0,0.0],"evs":[0.0,-8.03886]},"T2s":{"weight":1.0,"played":[1.0,0.0],"evs":[0.0,-6.06279]},"T3s":{"weight":1.0,"played":[0.4678,0.5322],"evs":[0.0,-1.43552]},"T4s":{"weight":1.0,"played":[0.9652,0.0348],"evs":[0.0,-3.73372]},"T5s":{"weight":1.0,"played":[1.0,0.0],"evs":[0.0,-5.85368]},"T6s":{"weight":1.0,"played":[0.9615,0.0385],"evs":[0.0,-6.13772]},"T7s":{"weight":1.0,"played":[0.387,0.613],"evs":[0.0,-2.45459]},"T8s":{"weight":1.0,"played":[0.9349,0.0651],"evs":[0.0,-7.16705]},"T9s":{"weight":1.0,"played":[1.0,0.0],"evs":[0.0,-5.83829]},"TT":{"weight":1.0,"played":[0.2929,0.7071],"evs":[0.0,-0.29037]},"JTo":{"weight":1.0,"played":[0.3165,0.6835],"evs":[0.0,-0.54025]},"QTo":{"weight":1.0,"played":[0.6187,0.3813],"evs":[0.0,-6.28721]},"KTo":{"weight":1.0,"played":[0.8228,0.1772],"evs":[0.0,-3.4291]},"ATo":{"weight":1.0,"played":[0.8538,0.1462],"evs":[0.0,0.6477]},"J2s":{"weight":1.0,"played":[0.0318,0.9682],"evs":[0.0,-0.29485]},"J3s":{"weight":1.0,"played":[0.5,0.5],"evs":[0.0,-5.13084]},"J4s":{"weight":1.0,"played":[1.0,0.0],"evs":[0.0,-5.79779]},"J5s":{"weight":1.0,"played":[0.7465,0.2535],"evs":[0.0,-4.97341]},"J6s":{"weight":1.0,"played":[1.0,0.0],"evs":[0.0,-6.08953]},"J7s":{"weight":1.0,"played":[1.0,0.0],"evs":[0.0,6.21009]},"J8s":{"weight":1.0,"played":[0.5,0.5],"evs":[0.0,0.0]},"J9s":{"weight":1.0,"played":[0.7601,0.2399],"evs":[0.0,6.64158]},"JTs":{"weight":1.0,"played":[0.5,0.5],"evs":[0.0,0.0]},"JJ":{"weight":1.0,"played":[0.5003,0.4997],"evs":[0.0,-2.83807]},"QJo":{"weight":1.0,"played":[0.6813,0.3187],"evs":[0.0,-0.6242]},"KJo":{"weight":1.0,"played":[0.6734,0.3266],"evs":[0.0,-4.83101]},"AJo":{"weight":1.0,"played":[0.0197,0.9803],"evs":[0.0,-6.13958]},"Q2s":{"weight":1.0,"played":[0.9823,0.0177],"evs":[0.0,-6.15143]},"Q3s":{"weight":1.0,"played":[1.0,0.0],"evs":[0.0,-6.39312]},"Q4s":{"weight":1.0,"played":[0.8499,0.1501],"evs":[0.0,-4.83101]},"Q5s":{"weight":1.0,"played":[1.0,0.0],"evs":[0.0,10.42273]},"Q6s":{"weight":1.0,"played":[1.0,0.0],"evs":[0.0,-6.46167]},"Q7s":{"weight":1.0,"played":[0.5,0.5],"evs":[0.0,17.37909]},"Q8s":{"weight":1.0,"played":[0.6005,0.3995],"evs":[0.0,-4.02544]},"Q9s":{"weight":1.0,"played":[0.3728,0.6272],"evs":[0.0,0.78315]},"QTs":{"weight":1.0,"played":[1.0,0.0],"evs":[0.0,-4.83101]},"QJs":{"weight":1.0,"played":[1.0,0.0],"evs":[0.0,-6.76432]},"QQ":{"weight":1.0,"played":[0.72,0.28],"evs":[0.0,-5.2854]},"KQo":{"weight":1.0,"played":[0.9446,0.0554],"evs":[0.0,-3.85262]},"AQo":{"weight":1.0,"played":[1.0,0.0],"evs":[0.0,-1.96292]},"K2s":{"weight":1.0,"played":[0.6592,0.3408],"evs":[0.0,-6.193]},"K3s":{"weight":1.0,"played":[0.7849,0.2151],"evs":[0.0,-5.58189]},"K4s":{"weight":1.0,"played":[0.5,0.5],"evs":[0.0,1.90084]},"K5s":{"weight":1.0,"played":[0.8364,0.1636],"evs":[0.0,-5.80949]},"K6s":{"weight":1.0,"played":[0.7771,0.2229],"evs":[0.0,-4.91057]},"K7s":{"weight":1.0,"played":[0.9388,0.0612],"evs":[0.0,-1.5053]},"K8s":{"weight":1.0,"played":[0.9043,0.0957],"evs":[0.0,8.17237]},"K9s":{"weight":1.0,"played":[0.0,1.0],"evs":[0.0,-6.08953]},"KTs":{"weight":1.0,"played":[0.4288,0.5712],"evs":[0.0,5.43947]},"KJs":{"weight":1.0,"played":[0.5,0.5],"evs":[0.0,-5.95652]},"KQs":{"weight":1.0,"played":[0.8816,0.1184],"evs":[0.0,-7.90554]},"KK":{"weight":1.0,"played":[0.8061,0.1939],"evs":[0.0,-5.73054]},"AKo":{"weight":1.0,"played":[0.7853,0.2147],"evs":[0.0,-5.0494]},"A2s":{"weight":1.0,"played":[0.9885,0.0115],"evs":[0.0,-6.68691]},"A3s":{"weight":1.0,"played":[0.5,0.5],"evs":[0.0,0.0]},"A4s":{"weight":1.0,"played":[0.9952,0.0048],"evs":[0.0,-2.117]},"A5s":{"weight":1.0,"played":[1.0,0.0],"evs":[0.0,-6.76432]},"A6s":{"weight":1.0,"played":[1.0,0.0],"evs":[0.0,-5.56455]},"A7s":{"weight":1.0,"played":[0.5,0.5],"evs":[0.0,0.0]},"A8s":{"weight":1.0,"played":[0.5,0.5],"evs":[0.0,-4.24451]},"A9s":{"weight":1.0,"played":[0.0,1.0],"evs":[0.0,-1.46619]},"ATs":{"weight":1.0,"played":[0.5535,0.4465],"evs":[0.0,-0.92621]},"AJs":{"weight":1.0,"played":[0.5,0.5],"evs":[0.0,0.0]},"AQs":{"weight":1.0,"played":[0.5,0.5],"evs":[0.0,-6.13958]},"AKs":{"weight":1.0,"played":[0.0217,0.9783],"evs":[0.0,-8.37354]},"AA":{"weight":1.0,"played":[0.5,0.5],"evs":[0.0,16.30175]}}}