{"player":4,"street":0,"children":2,"sequence":[{"player":0,"type":"R","amount":5600000,"street":0},{"player":1,"type":"F","amount":0,"street":0},{"player":2,"type":"R","amount":27360000,"street":0},{"player":3,"type":"F","amount":0,"street":0}],"actions":[{"type":"F","amount":0,"node":221},{"type":"C","amount":8480000,"node":224}],"hands":{"22":{"weight":1.0,"played":[1.0,0.0],"evs":[0.0,-1.28202]},"32o":{"weight":1.0,"played":[1.0,0.0],"evs":[0.0,-2.71625]},"42o":{"weight":1.0,"played":[1.0,0.0],"evs":[0.0,-2.61285]},"52o":{"weight":1.0,"played":[1.0,0.0],"evs":[0.0,-2.53371]},"62o":{"weight":1.0,"played":[1.0,0.0],"evs":[0.0,-2.65815]},"72o":{"weight":1.0,"played":[1.0,0.0],"evs":[0.0,-2.83905]},"82o":{"weight":1.0,"played":[1.0,0.0],"evs":[0.0,-2.76417]},"92o":{"weight":1.0,"played":[1.0,0.0],"evs":[0.0,-2.75568]},"T2o":{"weight":1.0,"played":[1.0,0.0],"evs":[0.0,-2.73474]},"J2o":{"weight":1.0,"played":[1.0,0.0],"evs":[0.0,-2.64863]},"Q2o":{"weight":1.0,"played":[1.0,0.0],"evs":[0.0,-2.45398]},"K2o":{"weight":1.0,"played":[1.0,0.0],"evs":[0.0,-2.36737]},"A2o":{"weight":1.0,"played":[1.0,0.0],"evs":[0.0,-2.04837]},"32s":{"weight":1.0,"played":[1.0,0.0],"evs":[0.0,-2.14944]},"33":{"weight":1.0,"played":[1.0,0.0],"evs":[0.0,-1.05787]},"43o":{"weight":1.0,"played":[1.0,0.0],"evs":[0.0,-2.36648]},"53o":{"weight":1.0,"played":[1.0,0.0],"evs":[0.0,-2.28914]},"63o":{"weight":1.0,"played":[1.0,0.0],"evs":[0.0,-2.40251]},"73o":{"weight":1.0,"played":[1.0,0.0],"evs":[0.0,-2.58214]},"83o":{"weight":1.0,"played":[1.0,0.0],"evs":[0.0,-2.74772]},"93o":{"weight":1.0,"played":[1.0,0.0],"evs":[0.0,-2.68789]},"T3o":{"weight":1.0,"played":[1.0,0.0],"evs":[0.0,-2.66213]},"J3o":{"weight":1.0,"played":[1.0,0.0],"evs":[0.0,-2.5525]},"Q3o":{"weight":1.0,"played":[1.0,0.0],"evs":[0.0,-2.38336]},"K3o":{"weight":1.0,"played":[1.0,0.0],"evs":[0.0,-2.28365]},"A3o":{"weight":1.0,"played":[1.0,0.0],"evs":[0.0,-1.92575]},"42s":{"weight":1.0,"played":[1.0,0.0],"evs":[0.0,-2.05716]},"43s":{"weight":1.0,"played":[1.0,0.0],"evs":[0.0,-1.79859]},"44":{"weight":1.0,"played":[1.0,0.0],"evs":[0.0,-0.85372]},"54o":{"weight":1.0,"played":[1.0,0.0],"evs":[0.0,-2.03336]},"64o":{"weight":1.0,"played":[1.0,0.0],"evs":[0.0,-2.13264]},"74o":{"weight":1.0,"played":[1.0,0.0],"evs":[0.0,-2.31599]},"84o":{"weight":1.0,"played":[1.0,0.0],"evs":[0.0,-2.47545]},"94o":{"weight":1.0,"played":[1.0,0.0],"evs":[0.0,-2.63093]},"T4o":{"weight":1.0,"played":[1.0,0.0],"evs":[0.0,-2.56238]},"J4o":{"weight":1.0,"played":[1.0,0.0],"evs":[0.0,-2.47164]},"Q4o":{"weight":1.0,"played":[1.0,0.0],"evs":[0.0,-2.29542]},"K4o":{"weight":1.0,"played":[1.0,0.0],"evs":[0.0,-2.19097]},"A4o":{"weight":1.0,"played":[1.0,0.0],"evs":[0.0,-1.82881]},"52s":{"weight":1.0,"played":[1.0,0.0],"evs":[0.0,-1.96254]},"53s":{"weight":1.0,"played":[1.0,0.0],"evs":[0.0,-1.73118]},"54s":{"weight":1.0,"played":[1.0,0.0],"evs":[0.0,-1.4974]},"55":{"weight":1.0,"played":[1.0,0.0],"evs":[0.0,-0.60574]},"65o":{"weight":1.0,"played":[1.0,0.0],"evs":[0.0,-1.92357]},"75o":{"weight":1.0,"played":[1.0,0.0],"evs":[0.0,-2.07659]},"85o":{"weight":1.0,"played":[1.0,0.0],"evs":[0.0,-2.2488]},"95o":{"weight":1.0,"played":[1.0,0.0],"evs":[0.0,-2.41064]},"T5o":{"weight":1.0,"played":[1.0,0.0],"evs":[0.0,-2.53821]},"J5o":{"weight":1.0,"played":[1.0,0.0],"evs":[0.0,-2.41061]},"Q5o":{"weight":1.0,"played":[1.0,0.0],"evs":[0.0,-2.22122]},"K5o":{"weight":1.0,"played":[1.0,0.0],"evs":[0.0,-2.12746]},"A5o":{"weight":1.0,"played":[1.0,0.0],"evs":[0.0,-1.7172]},"62s":{"weight":1.0,"played":[1.0,0.0],"evs":[0.0,-2.08391]},"63s":{"weight":1.0,"played":[1.0,0.0],"evs":[0.0,-1.83543]},"64s":{"weight":1.0,"played":[1.0,0.0],"evs":[0.0,-1.57398]},"65s":{"weight":1.0,"played":[1.0,0.0],"evs":[0.0,-1.40296]},"66":{"weight":1.0,"played":[1.0,0.0],"evs":[0.0,-0.30218]},"76o":{"weight":1.0,"played":[1.0,0.0],"evs":[0.0,-1.83763]},"86o":{"weight":1.0,"played":[1.0,0.0],"evs":[0.0,-1.99049]},"96o":{"weight":1.0,"played":[1.0,0.0],"evs":[0.0,-2.13523]},"T6o":{"weight":1.0,"played":[1.0,0.0],"evs":[0.0,-2.25413]},"J6o":{"weight":1.0,"played":[1.0,0.0],"evs":[0.0,-2.33756]},"Q6o":{"weight":1.0,"played":[1.0,0.0],"evs":[0.0,-2.11504]},"K6o":{"weight":1.0,"played":[1.0,0.0],"evs":[0.0,-2.00793]},"A6o":{"weight":1.0,"played":[1.0,0.0],"evs":[0.0,-1.82297]},"72s":{"weight":1.0,"played":[1.0,0.0],"evs":[0.0,-2.24438]},"73s":{"weight":1.0,"played":[1.0,0.0],"evs":[0.0,-1.98651]},"74s":{"weight":1.0,"played":[1.0,0.0],"evs":[0.0,-1.7584]},"75s":{"weight":1.0,"played":[1.0,0.0],"evs":[0.0,-1.53523]},"76s":{"weight":1.0,"played":[1.0,0.0],"evs":[0.0,-1.34142]},"77":{"weight":1.0,"played":[0.9999,1.0E-4],"evs":[0.0,-0.05484]},"87o":{"weight":1.0,"played":[1.0,0.0],"evs":[0.0,-1.82528]},"97o":{"weight":1.0,"played":[1.0,0.0],"evs":[0.0,-1.95606]},"T7o":{"weight":1.0,"played":[1.0,0.0],"evs":[0.0,-2.08183]},"J7o":{"weight":1.0,"played":[1.0,0.0],"evs":[0.0,-2.15324]},"Q7o":{"weight":1.0,"played":[1.0,0.0],"evs":[0.0,-2.12198]},"K7o":{"weight":1.0,"played":[1.0,0.0],"evs":[0.0,-1.98744]},"A7o":{"weight":1.0,"played":[1.0,0.0],"evs":[0.0,-1.66942]},"82s":{"weight":1.0,"played":[1.0,0.0],"evs":[0.0,-2.17354]},"83s":{"weight":1.0,"played":[1.0,0.0],"evs":[0.0,-2.16205]},"84s":{"weight":1.0,"played":[1.0,0.0],"evs":[0.0,-1.89939]},"85s":{"weight":1.0,"played":[1.0,0.0],"evs":[0.0,-1.68679]},"86s":{"weight":1.0,"played":[1.0,0.0],"evs":[0.0,-1.44217]},"87s":{"weight":1.0,"played":[1.0,0.0],"evs":[0.0,-1.29593]},"88":{"weight":1.0,"played":[0.0,1.0],"evs":[0.0,0.2686]},"98o":{"weight":1.0,"played":[1.0,0.0],"evs":[0.0,-1.82039]},"T8o":{"weight":1.0,"played":[1.0,0.0],"evs":[0.0,-1.88786]},"J8o":{"weight":1.0,"played":[1.0,0.0],"evs":[0.0,-1.97551]},"Q8o":{"weight":1.0,"played":[1.0,0.0],"evs":[0.0,-1.97048]},"K8o":{"weight":1.0,"played":[1.0,0.0],"evs":[0.0,-1.99664]},"A8o":{"weight":1.0,"played":[1.0,0.0],"evs":[0.0,-1.47737]},"92s":{"weight":1.0,"played":[1.0,0.0],"evs":[0.0,-2.15712]},"93s":{"weight":1.0,"played":[1.0,0.0],"evs":[0.0,-2.07938]},"94s":{"weight":1.0,"played":[1.0,0.0],"evs":[0.0,-2.04123]},"95s":{"weight":1.0,"played":[1.0,0.0],"evs":[0.0,-1.832]},"96s":{"weight":1.0,"played":[1.0,0.0],"evs":[0.0,-1.55835]},"97s":{"weight":1.0,"played":[1.0,0.0],"evs":[0.0,-1.425]},"98s":{"weight":1.0,"played":[1.0,0.0],"evs":[0.0,-1.2712]},"99":{"weight":1.0,"played":[0.0,1.0],"evs":[0.0,0.73208]},"T9o":{"weight":1.0,"played":[1.0,0.0],"evs":[0.0,-1.67367]},"J9o":{"weight":1.0,"played":[1.0,0.0],"evs":[0.0,-1.77089]},"Q9o":{"weight":1.0,"played":[1.0,0.0],"evs":[0.0,-1.74442]},"K9o":{"weight":1.0,"played":[1.0,0.0],"evs":[0.0,-1.7589]},"A9o":{"weight":1.0,"played":[1.0,0.0],"evs":[0.0,-1.18568]},"T2s":{"weight":1.0,"played":[1.0,0.0],"evs":[0.0,-2.13639]},"T3s":{"weight":1.0,"played":[1.0,0.0],"evs":[0.0,-2.07618]},"T4s":{"weight":1.0,"played":[1.0,0.0],"evs":[0.0,-1.95668]},"T5s":{"weight":1.0,"played":[1.0,0.0],"evs":[0.0,-1.93676]},"T6s":{"weight":1.0,"played":[1.0,0.0],"evs":[0.0,-1.68224]},"T7s":{"weight":1.0,"played":[1.0,0.0],"evs":[0.0,-1.49629]},"T8s":{"weight":1.0,"played":[1.0,0.0],"evs":[0.0,-1.3342]},"T9s":{"weight":1.0,"played":[1.0,0.0],"evs":[0.0,-1.13464]},"TT":{"weight":1.0,"played":[0.0,1.0],"evs":[0.0,1.4074]},"JTo":{"weight":1.0,"played":[1.0,0.0],"evs":[0.0,-1.47481]},"QTo":{"weight":1.0,"played":[1.0,0.0],"evs":[0.0,-1.42604]},"KTo":{"weight":1.0,"played":[1.0,0.0],"evs":[0.0,-1.35731]},"ATo":{"weight":1.0,"played":[1.0,0.0],"evs":[0.0,-0.5707]},"J2s":{"weight":1.0,"played":[1.0,0.0],"evs":[0.0,-2.05869]},"J3s":{"weight":1.0,"played":[1.0,0.0],"evs":[0.0,-1.97758]},"J4s":{"weight":1.0,"played":[1.0,0.0],"evs":[0.0,-1.86098]},"J5s":{"weight":1.0,"played":[1.0,0.0],"evs":[0.0,-1.82967]},"J6s":{"weight":1.0,"played":[1.0,0.0],"evs":[0.0,-1.7692]},"J7s":{"weight":1.0,"played":[1.0,0.0],"evs":[0.0,-1.56893]},"J8s":{"weight":1.0,"played":[1.0,0.0],"evs":[0.0,-1.41191]},"J9s":{"weight":1.0,"played":[1.0,0.0],"evs":[0.0,-1.23322]},"JTs":{"weight":1.0,"played":[1.0,0.0],"evs":[0.0,-0.95231]},"JJ":{"weight":1.0,"played":[0.0,1.0],"evs":[0.0,2.19992]},"QJo":{"weight":1.0,"played":[1.0,0.0],"evs":[0.0,-1.26792]},"KJo":{"weight":1.0,"played":[1.0,0.0],"evs":[0.0,-1.06809]},"AJo":{"weight":1.0,"played":[1.0,0.0],"evs":[0.0,-0.09049]},"Q2s":{"weight":1.0,"played":[1.0,0.0],"evs":[0.0,-1.87054]},"Q3s":{"weight":1.0,"played":[1.0,0.0],"evs":[0.0,-1.78065]},"Q4s":{"weight":1.0,"played":[1.0,0.0],"evs":[0.0,-1.70604]},"Q5s":{"weight":1.0,"played":[1.0,0.0],"evs":[0.0,-1.65017]},"Q6s":{"weight":1.0,"played":[1.0,0.0],"evs":[0.0,-1.52827]},"Q7s":{"weight":1.0,"played":[1.0,0.0],"evs":[0.0,-1.56418]},"Q8s":{"weight":1.0,"played":[1.0,0.0],"evs":[0.0,-1.3758]},"Q9s":{"weight":1.0,"played":[1.0,0.0],"evs":[0.0,-1.20967]},"QTs":{"weight":1.0,"played":[1.0,0.0],"evs":[0.0,-0.89806]},"QJs":{"weight":1.0,"played":[1.0,0.0],"evs":[0.0,-0.73143]},"QQ":{"weight":1.0,"played":[0.0,1.0],"evs":[0.0,3.09065]},"KQo":{"weight":1.0,"played":[1.0,0.0],"evs":[0.0,-0.67392]},"AQo":{"weight":1.0,"played":[0.0,1.0],"evs":[0.0,0.43927]},"K2s":{"weight":1.0,"played":[1.0,0.0],"evs":[0.0,-1.77616]},"K3s":{"weight":1.0,"played":[1.0,0.0],"evs":[0.0,-1.69953]},"K4s":{"weight":1.0,"played":[1.0,0.0],"evs":[0.0,-1.62145]},"K5s":{"weight":1.0,"played":[1.0,0.0],"evs":[0.0,-1.55669]},"K6s":{"weight":1.0,"played":[1.0,0.0],"evs":[0.0,-1.43748]},"K7s":{"weight":1.0,"played":[1.0,0.0],"evs":[0.0,-1.40657]},"K8s":{"weight":1.0,"played":[1.0,0.0],"evs":[0.0,-1.40489]},"K9s":{"weight":1.0,"played":[1.0,0.0],"evs":[0.0,-1.21746]},"KTs":{"weight":1.0,"played":[1.0,0.0],"evs":[0.0,-0.80076]},"KJs":{"weight":1.0,"played":[1.0,0.0],"evs":[0.0,-0.57556]},"KQs":{"weight":1.0,"played":[0.9998,2.0E-4],"evs":[0.0,-0.19255]},"KK":{"weight":1.0,"played":[0.0,1.0],"evs":[0.0,4.00622]},"AKo":{"weight":1.0,"played":[0.0,1.0],"evs":[0.0,1.01229]},"A2s":{"weight":1.0,"played":[1.0,0.0],"evs":[0.0,-1.41679]},"A3s":{"weight":1.0,"played":[1.0,0.0],"evs":[0.0,-1.35367]},"A4s":{"weight":1.0,"played":[1.0,0.0],"evs":[0.0,-1.23116]},"A5s":{"weight":1.0,"played":[1.0,0.0],"evs":[0.0,-1.14785]},"A6s":{"weight":1.0,"played":[1.0,0.0],"evs":[0.0,-1.26567]},"A7s":{"weight":1.0,"played":[1.0,0.0],"evs":[0.0,-1.06645]},"A8s":{"weight":1.0,"played":[1.0,0.0],"evs":[0.0,-0.91594]},"A9s":{"weight":1.0,"played":[1.0,0.0],"evs":[0.0,-0.61733]},"ATs":{"weight":1.0,"played":[0.9999,1.0E-4],"evs":[0.0,-0.0531]},"AJs":{"weight":1.0,"played":[0.0,1.0],"evs":[0.0,0.39424]},"AQs":{"weight":1.0,"played":[0.0,1.0],"evs":[0.0,0.8949]},"AKs":{"weight":1.0,"played":[0.0,1.0],"evs":[0.0,1.42256]},"AA":{"weight":1.0,"played":[0.0,1.0],"evs":[0.0,5.62535]}}}