{"player":5,"street":0,"children":2,"sequence":[{"player":0,"type":"R","amount":5600000,"street":0},{"player":1,"type":"F","amount":0,"street":0},{"player":2,"type":"R","amount":27360000,"street":0},{"player":3,"type":"F","amount":0,"street":0},{"player":4,"type":"F","amount":0,"street":0}],"actions":[{"type":"F","amount":0,"node":222},{"type":"C","amount":16480000,"node":223}],"hands":{"22":{"weight":1.0,"played":[1.0,0.0],"evs":[0.0,-2.0628]},"32o":{"weight":1.0,"played":[1.0,0.0],"evs":[0.0,-4.58768]},"42o":{"weight":1.0,"played":[1.0,0.0],"evs":[0.0,-4.43313]},"52o":{"weight":1.0,"played":[1.0,0.0],"evs":[0.0,-4.33404]},"62o":{"weight":1.0,"played":[1.0,0.0],"evs":[0.0,-4.48176]},"72o":{"weight":1.0,"played":[1.0,0.0],"evs":[0.0,-4.70353]},"82o":{"weight":1.0,"played":[1.0,0.0],"evs":[0.0,-4.6148]},"92o":{"weight":1.0,"played":[1.0,0.0],"evs":[0.0,-4.58478]},"T2o":{"weight":1.0,"played":[1.0,0.0],"evs":[0.0,-4.5524]},"J2o":{"weight":1.0,"played":[1.0,0.0],"evs":[0.0,-4.36329]},"Q2o":{"weight":1.0,"played":[1.0,0.0],"evs":[0.0,-4.05071]},"K2o":{"weight":1.0,"played":[1.0,0.0],"evs":[0.0,-3.82573]},"A2o":{"weight":1.0,"played":[1.0,0.0],"evs":[0.0,-2.97076]},"32s":{"weight":1.0,"played":[1.0,0.0],"evs":[0.0,-3.85012]},"33":{"weight":1.0,"played":[1.0,0.0],"evs":[0.0,-1.69512]},"43o":{"weight":1.0,"played":[1.0,0.0],"evs":[0.0,-4.09998]},"53o":{"weight":1.0,"played":[1.0,0.0],"evs":[0.0,-3.98664]},"63o":{"weight":1.0,"played":[1.0,0.0],"evs":[0.0,-4.14334]},"73o":{"weight":1.0,"played":[1.0,0.0],"evs":[0.0,-4.35993]},"83o":{"weight":1.0,"played":[1.0,0.0],"evs":[0.0,-4.53407]},"93o":{"weight":1.0,"played":[1.0,0.0],"evs":[0.0,-4.46793]},"T3o":{"weight":1.0,"played":[1.0,0.0],"evs":[0.0,-4.42739]},"J3o":{"weight":1.0,"played":[1.0,0.0],"evs":[0.0,-4.24598]},"Q3o":{"weight":1.0,"played":[1.0,0.0],"evs":[0.0,-3.92175]},"K3o":{"weight":1.0,"played":[1.0,0.0],"evs":[0.0,-3.71531]},"A3o":{"weight":1.0,"played":[1.0,0.0],"evs":[0.0,-2.84015]},"42s":{"weight":1.0,"played":[1.0,0.0],"evs":[0.0,-3.69352]},"43s":{"weight":1.0,"played":[1.0,0.0],"evs":[0.0,-3.38855]},"44":{"weight":1.0,"played":[1.0,0.0],"evs":[0.0,-1.30865]},"54o":{"weight":1.0,"played":[1.0,0.0],"evs":[0.0,-3.63734]},"64o":{"weight":1.0,"played":[1.0,0.0],"evs":[0.0,-3.77965]},"74o":{"weight":1.0,"played":[1.0,0.0],"evs":[0.0,-3.9992]},"84o":{"weight":1.0,"played":[1.0,0.0],"evs":[0.0,-4.21479]},"94o":{"weight":1.0,"played":[1.0,0.0],"evs":[0.0,-4.39042]},"T4o":{"weight":1.0,"played":[1.0,0.0],"evs":[0.0,-4.26729]},"J4o":{"weight":1.0,"played":[1.0,0.0],"evs":[0.0,-4.10016]},"Q4o":{"weight":1.0,"played":[1.0,0.0],"evs":[0.0,-3.80119]},"K4o":{"weight":1.0,"played":[1.0,0.0],"evs":[0.0,-3.57535]},"A4o":{"weight":1.0,"played":[1.0,0.0],"evs":[0.0,-2.69017]},"52s":{"weight":1.0,"played":[1.0,0.0],"evs":[0.0,-3.60538]},"53s":{"weight":1.0,"played":[1.0,0.0],"evs":[0.0,-3.25654]},"54s":{"weight":1.0,"played":[1.0,0.0],"evs":[0.0,-2.97768]},"55":{"weight":1.0,"played":[1.0,0.0],"evs":[0.0,-0.92145]},"65o":{"weight":1.0,"played":[1.0,0.0],"evs":[0.0,-3.47674]},"75o":{"weight":1.0,"played":[1.0,0.0],"evs":[0.0,-3.69609]},"85o":{"weight":1.0,"played":[1.0,0.0],"evs":[0.0,-3.89476]},"95o":{"weight":1.0,"played":[1.0,0.0],"evs":[0.0,-4.08736]},"T5o":{"weight":1.0,"played":[1.0,0.0],"evs":[0.0,-4.24366]},"J5o":{"weight":1.0,"played":[1.0,0.0],"evs":[0.0,-4.02112]},"Q5o":{"weight":1.0,"played":[1.0,0.0],"evs":[0.0,-3.71748]},"K5o":{"weight":1.0,"played":[1.0,0.0],"evs":[0.0,-3.49248]},"A5o":{"weight":1.0,"played":[1.0,0.0],"evs":[0.0,-2.54293]},"62s":{"weight":1.0,"played":[1.0,0.0],"evs":[0.0,-3.7161]},"63s":{"weight":1.0,"played":[1.0,0.0],"evs":[0.0,-3.40143]},"64s":{"weight":1.0,"played":[1.0,0.0],"evs":[0.0,-3.08615]},"65s":{"weight":1.0,"played":[1.0,0.0],"evs":[0.0,-2.79568]},"66":{"weight":1.0,"played":[1.0,0.0],"evs":[0.0,-0.51848]},"76o":{"weight":1.0,"played":[1.0,0.0],"evs":[0.0,-3.33498]},"86o":{"weight":1.0,"played":[1.0,0.0],"evs":[0.0,-3.50186]},"96o":{"weight":1.0,"played":[1.0,0.0],"evs":[0.0,-3.72977]},"T6o":{"weight":1.0,"played":[1.0,0.0],"evs":[0.0,-3.87895]},"J6o":{"weight":1.0,"played":[1.0,0.0],"evs":[0.0,-3.91057]},"Q6o":{"weight":1.0,"played":[1.0,0.0],"evs":[0.0,-3.55938]},"K6o":{"weight":1.0,"played":[1.0,0.0],"evs":[0.0,-3.32365]},"A6o":{"weight":1.0,"played":[1.0,0.0],"evs":[0.0,-2.65135]},"72s":{"weight":1.0,"played":[1.0,0.0],"evs":[0.0,-3.93467]},"73s":{"weight":1.0,"played":[1.0,0.0],"evs":[0.0,-3.63416]},"74s":{"weight":1.0,"played":[1.0,0.0],"evs":[0.0,-3.28126]},"75s":{"weight":1.0,"played":[1.0,0.0],"evs":[0.0,-2.9677]},"76s":{"weight":1.0,"played":[1.0,0.0],"evs":[0.0,-2.65972]},"77":{"weight":1.0,"played":[1.0,0.0],"evs":[0.0,-0.12665]},"87o":{"weight":1.0,"played":[1.0,0.0],"evs":[0.0,-3.3248]},"97o":{"weight":1.0,"played":[1.0,0.0],"evs":[0.0,-3.49967]},"T7o":{"weight":1.0,"played":[1.0,0.0],"evs":[0.0,-3.63552]},"J7o":{"weight":1.0,"played":[1.0,0.0],"evs":[0.0,-3.66671]},"Q7o":{"weight":1.0,"played":[1.0,0.0],"evs":[0.0,-3.58181]},"K7o":{"weight":1.0,"played":[1.0,0.0],"evs":[0.0,-3.28427]},"A7o":{"weight":1.0,"played":[1.0,0.0],"evs":[0.0,-2.37705]},"82s":{"weight":1.0,"played":[1.0,0.0],"evs":[0.0,-3.82399]},"83s":{"weight":1.0,"played":[1.0,0.0],"evs":[0.0,-3.79138]},"84s":{"weight":1.0,"played":[1.0,0.0],"evs":[0.0,-3.44913]},"85s":{"weight":1.0,"played":[1.0,0.0],"evs":[0.0,-3.17769]},"86s":{"weight":1.0,"played":[1.0,0.0],"evs":[0.0,-2.83499]},"87s":{"weight":1.0,"played":[1.0,0.0],"evs":[0.0,-2.65215]},"88":{"weight":1.0,"played":[0.0,1.0],"evs":[0.0,0.38299]},"98o":{"weight":1.0,"played":[1.0,0.0],"evs":[0.0,-3.27182]},"T8o":{"weight":1.0,"played":[1.0,0.0],"evs":[0.0,-3.35382]},"J8o":{"weight":1.0,"played":[1.0,0.0],"evs":[0.0,-3.41423]},"Q8o":{"weight":1.0,"played":[1.0,0.0],"evs":[0.0,-3.32323]},"K8o":{"weight":1.0,"played":[1.0,0.0],"evs":[0.0,-3.24969]},"A8o":{"weight":1.0,"played":[1.0,0.0],"evs":[0.0,-2.06771]},"92s":{"weight":1.0,"played":[1.0,0.0],"evs":[0.0,-3.80366]},"93s":{"weight":1.0,"played":[1.0,0.0],"evs":[0.0,-3.70655]},"94s":{"weight":1.0,"played":[1.0,0.0],"evs":[0.0,-3.62789]},"95s":{"weight":1.0,"played":[1.0,0.0],"evs":[0.0,-3.37767]},"96s":{"weight":1.0,"played":[1.0,0.0],"evs":[0.0,-2.97974]},"97s":{"weight":1.0,"played":[1.0,0.0],"evs":[0.0,-2.83659]},"98s":{"weight":1.0,"played":[1.0,0.0],"evs":[0.0,-2.57761]},"99":{"weight":1.0,"played":[0.0,1.0],"evs":[0.0,0.97299]},"T9o":{"weight":1.0,"played":[1.0,0.0],"evs":[0.0,-3.0709]},"J9o":{"weight":1.0,"played":[1.0,0.0],"evs":[0.0,-3.1382]},"Q9o":{"weight":1.0,"played":[1.0,0.0],"evs":[0.0,-3.04137]},"K9o":{"weight":1.0,"played":[1.0,0.0],"evs":[0.0,-2.9288]},"A9o":{"weight":1.0,"played":[1.0,0.0],"evs":[0.0,-1.6191]},"T2s":{"weight":1.0,"played":[1.0,0.0],"evs":[0.0,-3.77221]},"T3s":{"weight":1.0,"played":[1.0,0.0],"evs":[0.0,-3.67232]},"T4s":{"weight":1.0,"played":[1.0,0.0],"evs":[0.0,-3.52624]},"T5s":{"weight":1.0,"played":[1.0,0.0],"evs":[0.0,-3.47782]},"T6s":{"weight":1.0,"played":[1.0,0.0],"evs":[0.0,-3.14396]},"T7s":{"weight":1.0,"played":[1.0,0.0],"evs":[0.0,-2.90335]},"T8s":{"weight":1.0,"played":[1.0,0.0],"evs":[0.0,-2.64887]},"T9s":{"weight":1.0,"played":[1.0,0.0],"evs":[0.0,-2.41592]},"TT":{"weight":1.0,"played":[0.0,1.0],"evs":[0.0,1.90429]},"JTo":{"weight":1.0,"played":[1.0,0.0],"evs":[0.0,-2.73303]},"QTo":{"weight":1.0,"played":[1.0,0.0],"evs":[0.0,-2.61611]},"KTo":{"weight":1.0,"played":[1.0,0.0],"evs":[0.0,-2.29829]},"ATo":{"weight":1.0,"played":[1.0,0.0],"evs":[0.0,-0.71858]},"J2s":{"weight":1.0,"played":[1.0,0.0],"evs":[0.0,-3.61044]},"J3s":{"weight":1.0,"played":[1.0,0.0],"evs":[0.0,-3.43591]},"J4s":{"weight":1.0,"played":[1.0,0.0],"evs":[0.0,-3.34053]},"J5s":{"weight":1.0,"played":[1.0,0.0],"evs":[0.0,-3.29247]},"J6s":{"weight":1.0,"played":[1.0,0.0],"evs":[0.0,-3.14144]},"J7s":{"weight":1.0,"played":[1.0,0.0],"evs":[0.0,-2.9506]},"J8s":{"weight":1.0,"played":[1.0,0.0],"evs":[0.0,-2.70217]},"J9s":{"weight":1.0,"played":[1.0,0.0],"evs":[0.0,-2.43697]},"JTs":{"weight":1.0,"played":[1.0,0.0],"evs":[0.0,-2.04335]},"JJ":{"weight":1.0,"played":[0.0,1.0],"evs":[0.0,2.86741]},"QJo":{"weight":1.0,"played":[1.0,0.0],"evs":[0.0,-2.28565]},"KJo":{"weight":1.0,"played":[1.0,0.0],"evs":[0.0,-1.8576]},"AJo":{"weight":1.0,"played":[1.0,0.0],"evs":[0.0,-0.13555]},"Q2s":{"weight":1.0,"played":[1.0,0.0],"evs":[0.0,-3.29049]},"Q3s":{"weight":1.0,"played":[1.0,0.0],"evs":[0.0,-3.16255]},"Q4s":{"weight":1.0,"played":[1.0,0.0],"evs":[0.0,-3.05561]},"Q5s":{"weight":1.0,"played":[1.0,0.0],"evs":[0.0,-2.99266]},"Q6s":{"weight":1.0,"played":[1.0,0.0],"evs":[0.0,-2.82069]},"Q7s":{"weight":1.0,"played":[1.0,0.0],"evs":[0.0,-2.85879]},"Q8s":{"weight":1.0,"played":[1.0,0.0],"evs":[0.0,-2.60583]},"Q9s":{"weight":1.0,"played":[1.0,0.0],"evs":[0.0,-2.37957]},"QTs":{"weight":1.0,"played":[1.0,0.0],"evs":[0.0,-1.92434]},"QJs":{"weight":1.0,"played":[1.0,0.0],"evs":[0.0,-1.63018]},"QQ":{"weight":1.0,"played":[0.0,1.0],"evs":[0.0,3.8901]},"KQo":{"weight":1.0,"played":[1.0,0.0],"evs":[0.0,-1.29953]},"AQo":{"weight":1.0,"played":[0.0,1.0],"evs":[0.0,0.5237]},"K2s":{"weight":1.0,"played":[1.0,0.0],"evs":[0.0,-3.066]},"K3s":{"weight":1.0,"played":[1.0,0.0],"evs":[0.0,-2.99376]},"K4s":{"weight":1.0,"played":[1.0,0.0],"evs":[0.0,-2.84674]},"K5s":{"weight":1.0,"played":[1.0,0.0],"evs":[0.0,-2.73612]},"K6s":{"weight":1.0,"played":[1.0,0.0],"evs":[0.0,-2.59215]},"K7s":{"weight":1.0,"played":[1.0,0.0],"evs":[0.0,-2.54427]},"K8s":{"weight":1.0,"played":[1.0,0.0],"evs":[0.0,-2.50854]},"K9s":{"weight":1.0,"played":[1.0,0.0],"evs":[0.0,-2.24844]},"KTs":{"weight":1.0,"played":[1.0,0.0],"evs":[0.0,-1.68293]},"KJs":{"weight":1.0,"played":[1.0,0.0],"evs":[0.0,-1.22891]},"KQs":{"weight":1.0,"played":[1.0,0.0],"evs":[0.0,-0.72788]},"KK":{"weight":1.0,"played":[0.0,1.0],"evs":[0.0,4.8201]},"AKo":{"weight":1.0,"played":[0.0,1.0],"evs":[0.0,1.17251]},"A2s":{"weight":1.0,"played":[1.0,0.0],"evs":[0.0,-2.22878]},"A3s":{"weight":1.0,"played":[1.0,0.0],"evs":[0.0,-2.11817]},"A4s":{"weight":1.0,"played":[1.0,0.0],"evs":[0.0,-1.97635]},"A5s":{"weight":1.0,"played":[1.0,0.0],"evs":[0.0,-1.78238]},"A6s":{"weight":1.0,"played":[1.0,0.0],"evs":[0.0,-1.89009]},"A7s":{"weight":1.0,"played":[1.0,0.0],"evs":[0.0,-1.70252]},"A8s":{"weight":1.0,"played":[1.0,0.0],"evs":[0.0,-1.39631]},"A9s":{"weight":1.0,"played":[1.0,0.0],"evs":[0.0,-0.97903]},"ATs":{"weight":1.0,"played":[0.9997,3.0E-4],"evs":[0.0,-0.15683]},"AJs":{"weight":1.0,"played":[0.0,1.0],"evs":[0.0,0.45589]},"AQs":{"weight":1.0,"played":[0.0,1.0],"evs":[0.0,1.00774]},"AKs":{"weight":1.0,"played":[0.0,1.0],"evs":[0.0,1.60813]},"AA":{"weight":1.0,"played":[0.0,1.0],"evs":[0.0,6.54746]}}}