{"player":6,"street":0,"children":2,"sequence":[{"player":0,"type":"R","amount":5600000,"street":0},{"player":1,"type":"F","amount":0,"street":0},{"player":2,"type":"R","amount":27360000,"street":0},{"player":3,"type":"F","amount":0,"street":0},{"player":4,"type":"C","amount":8480000,"street":0},{"player":5,"type":"C","amount":16480000,"street":0}],"actions":[{"type":"F","amount":0},{"type":"C","amount":7840000}],"hands":{"22":{"weight":1.0,"played":[0.9995,5.0E-4],"evs":[0.0,-1.3661]},"32o":{"weight":1.0,"played":[1.0,0.0],"evs":[0.0,-2.44575]},"42o":{"weight":1.0,"played":[1.0,0.0],"evs":[0.0,-2.39863]},"52o":{"weight":1.0,"played":[1.0,0.0],"evs":[0.0,-2.26874]},"62o":{"weight":1.0,"played":[1.0,0.0],"evs":[0.0,-2.36946]},"72o":{"weight":1.0,"played":[0.9999,1.0E-4],"evs":[0.0,-2.7363]},"82o":{"weight":1.0,"played":[0.9998,2.0E-4],"evs":[0.0,-2.70782]},"92o":{"weight":1.0,"played":[0.9999,1.0E-4],"evs":[0.0,-3.04523]},"T2o":{"weight":1.0,"played":[0.9999,1.0E-4],"evs":[0.0,-2.86221]},"J2o":{"weight":1.0,"played":[1.0,0.0],"evs":[0.0,-2.51553]},"Q2o":{"weight":1.0,"played":[1.0,0.0],"evs":[0.0,-2.19655]},"K2o":{"weight":1.0,"played":[1.0,0.0],"evs":[0.0,-2.55434]},"A2o":{"weight":1.0,"played":[0.9998,2.0E-4],"evs":[0.0,-2.18678]},"32s":{"weight":1.0,"played":[0.9995,5.0E-4],"evs":[0.0,-1.80762]},"33":{"weight":1.0,"played":[0.9983,0.0017],"evs":[0.0,-0.99944]},"43o":{"weight":1.0,"played":[1.0,0.0],"evs":[0.0,-2.10557]},"53o":{"weight":1.0,"played":[1.0,0.0],"evs":[0.0,-1.91561]},"63o":{"weight":1.0,"played":[0.9999,1.0E-4],"evs":[0.0,-1.66067]},"73o":{"weight":1.0,"played":[1.0,0.0],"evs":[0.0,-2.53813]},"83o":{"weight":1.0,"played":[1.0,0.0],"evs":[0.0,-2.69021]},"93o":{"weight":1.0,"played":[1.0,0.0],"evs":[0.0,-2.88182]},"T3o":{"weight":1.0,"played":[1.0,0.0],"evs":[0.0,-2.50374]},"J3o":{"weight":1.0,"played":[1.0,0.0],"evs":[0.0,-2.82653]},"Q3o":{"weight":1.0,"played":[1.0,0.0],"evs":[0.0,-2.31212]},"K3o":{"weight":1.0,"played":[1.0,0.0],"evs":[0.0,-2.45702]},"A3o":{"weight":1.0,"played":[0.9999,1.0E-4],"evs":[0.0,-2.0709]},"42s":{"weight":1.0,"played":[1.0,0.0],"evs":[0.0,-1.40768]},"43s":{"weight":1.0,"played":[0.9943,0.0057],"evs":[0.0,-1.53411]},"44":{"weight":1.0,"played":[0.9982,0.0018],"evs":[0.0,-1.77635]},"54o":{"weight":1.0,"played":[1.0,0.0],"evs":[0.0,-1.51414]},"64o":{"weight":1.0,"played":[1.0,0.0],"evs":[0.0,-1.59222]},"74o":{"weight":1.0,"played":[1.0,0.0],"evs":[0.0,-2.2287]},"84o":{"weight":1.0,"played":[1.0,0.0],"evs":[0.0,-2.00938]},"94o":{"weight":1.0,"played":[1.0,0.0],"evs":[0.0,-2.42002]},"T4o":{"weight":1.0,"played":[1.0,0.0],"evs":[0.0,-2.6646]},"J4o":{"weight":1.0,"played":[0.9997,3.0E-4],"evs":[0.0,-2.31681]},"Q4o":{"weight":1.0,"played":[0.9999,1.0E-4],"evs":[0.0,-2.3524]},"K4o":{"weight":1.0,"played":[1.0,0.0],"evs":[0.0,-2.49641]},"A4o":{"weight":1.0,"played":[0.9997,3.0E-4],"evs":[0.0,-2.30222]},"52s":{"weight":1.0,"played":[0.9971,0.0029],"evs":[0.0,-1.54576]},"53s":{"weight":1.0,"played":[1.0,0.0],"evs":[0.0,-0.84936]},"54s":{"weight":1.0,"played":[0.978,0.022],"evs":[0.0,-1.08629]},"55":{"weight":1.0,"played":[0.9983,0.0017],"evs":[0.0,-0.90208]},"65o":{"weight":1.0,"played":[1.0,0.0],"evs":[0.0,-1.59339]},"75o":{"weight":1.0,"played":[1.0,0.0],"evs":[0.0,-1.66545]},"85o":{"weight":1.0,"played":[1.0,0.0],"evs":[0.0,-1.88273]},"95o":{"weight":1.0,"played":[0.9999,1.0E-4],"evs":[0.0,-2.38626]},"T5o":{"weight":1.0,"played":[1.0,0.0],"evs":[0.0,-2.53448]},"J5o":{"weight":1.0,"played":[1.0,0.0],"evs":[0.0,-2.30855]},"Q5o":{"weight":1.0,"played":[0.9999,1.0E-4],"evs":[0.0,-2.4252]},"K5o":{"weight":1.0,"played":[1.0,0.0],"evs":[0.0,-2.30378]},"A5o":{"weight":1.0,"played":[0.9999,1.0E-4],"evs":[0.0,-2.59297]},"62s":{"weight":1.0,"played":[0.9995,5.0E-4],"evs":[0.0,-1.89884]},"63s":{"weight":1.0,"played":[1.0,0.0],"evs":[0.0,-2.09667]},"64s":{"weight":1.0,"played":[0.9831,0.0169],"evs":[0.0,-0.75727]},"65s":{"weight":1.0,"played":[0.9799,0.0201],"evs":[0.0,-1.20144]},"66":{"weight":1.0,"played":[0.9319,0.0681],"evs":[0.0,-0.33337]},"76o":{"weight":1.0,"played":[0.9998,2.0E-4],"evs":[0.0,-1.5513]},"86o":{"weight":1.0,"played":[0.9997,3.0E-4],"evs":[0.0,-1.72448]},"96o":{"weight":1.0,"played":[1.0,0.0],"evs":[0.0,-2.27102]},"T6o":{"weight":1.0,"played":[0.9997,3.0E-4],"evs":[0.0,-2.42254]},"J6o":{"weight":1.0,"played":[1.0,0.0],"evs":[0.0,-2.1438]},"Q6o":{"weight":1.0,"played":[0.9998,2.0E-4],"evs":[0.0,-1.87364]},"K6o":{"weight":1.0,"played":[0.9998,2.0E-4],"evs":[0.0,-2.41243]},"A6o":{"weight":1.0,"played":[1.0,0.0],"evs":[0.0,-2.64453]},"72s":{"weight":1.0,"played":[0.9998,2.0E-4],"evs":[0.0,-1.89103]},"73s":{"weight":1.0,"played":[0.9969,0.0031],"evs":[0.0,-1.08505]},"74s":{"weight":1.0,"played":[0.999,0.001],"evs":[0.0,-1.43281]},"75s":{"weight":1.0,"played":[1.0,0.0],"evs":[0.0,-1.0338]},"76s":{"weight":1.0,"played":[0.9854,0.0146],"evs":[0.0,-0.77499]},"77":{"weight":1.0,"played":[0.9994,6.0E-4],"evs":[0.0,-1.1775]},"87o":{"weight":1.0,"played":[1.0,0.0],"evs":[0.0,-1.9696]},"97o":{"weight":1.0,"played":[1.0,0.0],"evs":[0.0,-2.02427]},"T7o":{"weight":1.0,"played":[1.0,0.0],"evs":[0.0,-2.17739]},"J7o":{"weight":1.0,"played":[1.0,0.0],"evs":[0.0,-2.15273]},"Q7o":{"weight":1.0,"played":[1.0,0.0],"evs":[0.0,-2.26947]},"K7o":{"weight":1.0,"played":[1.0,0.0],"evs":[0.0,-2.44254]},"A7o":{"weight":1.0,"played":[1.0,0.0],"evs":[0.0,-2.84466]},"82s":{"weight":1.0,"played":[1.0,0.0],"evs":[0.0,-2.36662]},"83s":{"weight":1.0,"played":[0.9993,7.0E-4],"evs":[0.0,-1.80887]},"84s":{"weight":1.0,"played":[0.9985,0.0015],"evs":[0.0,-1.24926]},"85s":{"weight":1.0,"played":[0.9969,0.0031],"evs":[0.0,-1.53476]},"86s":{"weight":1.0,"played":[0.9999,1.0E-4],"evs":[0.0,-0.97582]},"87s":{"weight":1.0,"played":[0.9793,0.0207],"evs":[0.0,-1.49939]},"88":{"weight":1.0,"played":[0.9792,0.0208],"evs":[0.0,-1.08412]},"98o":{"weight":1.0,"played":[0.9999,1.0E-4],"evs":[0.0,-1.77271]},"T8o":{"weight":1.0,"played":[1.0,0.0],"evs":[0.0,-1.85232]},"J8o":{"weight":1.0,"played":[1.0,0.0],"evs":[0.0,-2.05173]},"Q8o":{"weight":1.0,"played":[1.0,0.0],"evs":[0.0,-2.37242]},"K8o":{"weight":1.0,"played":[0.9998,2.0E-4],"evs":[0.0,-2.30019]},"A8o":{"weight":1.0,"played":[1.0,0.0],"evs":[0.0,-3.00556]},"92s":{"weight":1.0,"played":[0.9656,0.0344],"evs":[0.0,-1.86064]},"93s":{"weight":1.0,"played":[0.9995,5.0E-4],"evs":[0.0,-1.71176]},"94s":{"weight":1.0,"played":[0.9997,3.0E-4],"evs":[0.0,-1.74813]},"95s":{"weight":1.0,"played":[0.9991,9.0E-4],"evs":[0.0,-1.46947]},"96s":{"weight":1.0,"played":[0.9986,0.0014],"evs":[0.0,-0.65245]},"97s":{"weight":1.0,"played":[0.9993,7.0E-4],"evs":[0.0,-1.35089]},"98s":{"weight":1.0,"played":[0.9804,0.0196],"evs":[0.0,-1.24879]},"99":{"weight":1.0,"played":[0.8318,0.1682],"evs":[0.0,-0.28072]},"T9o":{"weight":1.0,"played":[1.0,0.0],"evs":[0.0,-1.86903]},"J9o":{"weight":1.0,"played":[1.0,0.0],"evs":[0.0,-2.5124]},"Q9o":{"weight":1.0,"played":[1.0,0.0],"evs":[0.0,-2.17058]},"K9o":{"weight":1.0,"played":[0.9997,3.0E-4],"evs":[0.0,-2.28426]},"A9o":{"weight":1.0,"played":[0.9998,2.0E-4],"evs":[0.0,-2.38149]},"T2s":{"weight":1.0,"played":[0.9993,7.0E-4],"evs":[0.0,-2.07505]},"T3s":{"weight":1.0,"played":[0.9999,1.0E-4],"evs":[0.0,-1.56519]},"T4s":{"weight":1.0,"played":[0.9983,0.0017],"evs":[0.0,-1.90536]},"T5s":{"weight":1.0,"played":[0.9921,0.0079],"evs":[0.0,-1.77605]},"T6s":{"weight":1.0,"played":[0.9829,0.0171],"evs":[0.0,-1.39742]},"T7s":{"weight":1.0,"played":[0.9976,0.0024],"evs":[0.0,-1.65804]},"T8s":{"weight":1.0,"played":[0.9247,0.0753],"evs":[0.0,-0.87694]},"T9s":{"weight":1.0,"played":[0.9795,0.0205],"evs":[0.0,-1.14487]},"TT":{"weight":1.0,"played":[0.068,0.932],"evs":[0.0,0.69446]},"JTo":{"weight":1.0,"played":[0.9999,1.0E-4],"evs":[0.0,-1.49022]},"QTo":{"weight":1.0,"played":[0.9998,2.0E-4],"evs":[0.0,-1.62827]},"KTo":{"weight":1.0,"played":[0.9997,3.0E-4],"evs":[0.0,-1.86219]},"ATo":{"weight":1.0,"played":[0.9999,1.0E-4],"evs":[0.0,-2.24157]},"J2s":{"weight":1.0,"played":[0.9996,4.0E-4],"evs":[0.0,-1.79584]},"J3s":{"weight":1.0,"played":[0.9998,2.0E-4],"evs":[0.0,-1.98134]},"J4s":{"weight":1.0,"played":[0.979,0.021],"evs":[0.0,-1.20921]},"J5s":{"weight":1.0,"played":[0.9974,0.0026],"evs":[0.0,-1.34608]},"J6s":{"weight":1.0,"played":[0.9999,1.0E-4],"evs":[0.0,-1.64524]},"J7s":{"weight":1.0,"played":[0.9981,0.0019],"evs":[0.0,-1.58886]},"J8s":{"weight":1.0,"played":[0.9989,0.0011],"evs":[0.0,-1.3675]},"J9s":{"weight":1.0,"played":[0.9998,2.0E-4],"evs":[0.0,-1.2673]},"JTs":{"weight":1.0,"played":[0.9938,0.0062],"evs":[0.0,-1.09179]},"JJ":{"weight":1.0,"played":[0.0017,0.9983],"evs":[0.0,1.08852]},"QJo":{"weight":1.0,"played":[1.0,0.0],"evs":[0.0,-1.48421]},"KJo":{"weight":1.0,"played":[1.0,0.0],"evs":[0.0,-1.3014]},"AJo":{"weight":1.0,"played":[0.9999,1.0E-4],"evs":[0.0,-1.81952]},"Q2s":{"weight":1.0,"played":[0.9997,3.0E-4],"evs":[0.0,-1.66245]},"Q3s":{"weight":1.0,"played":[1.0,0.0],"evs":[0.0,-1.65085]},"Q4s":{"weight":1.0,"played":[0.9979,0.0021],"evs":[0.0,-1.39401]},"Q5s":{"weight":1.0,"played":[0.9999,1.0E-4],"evs":[0.0,-1.20167]},"Q6s":{"weight":1.0,"played":[1.0,0.0],"evs":[0.0,-1.2882]},"Q7s":{"weight":1.0,"played":[0.9999,1.0E-4],"evs":[0.0,-2.20435]},"Q8s":{"weight":1.0,"played":[0.9916,0.0084],"evs":[0.0,-1.66364]},"Q9s":{"weight":1.0,"played":[0.9892,0.0108],"evs":[0.0,-0.94921]},"QTs":{"weight":1.0,"played":[0.9426,0.0574],"evs":[0.0,-1.82374]},"QJs":{"weight":1.0,"played":[0.9675,0.0325],"evs":[0.0,-1.15531]},"QQ":{"weight":1.0,"played":[2.0E-4,0.9998],"evs":[0.0,2.97505]},"KQo":{"weight":1.0,"played":[0.9999,1.0E-4],"evs":[0.0,-1.75262]},"AQo":{"weight":1.0,"played":[0.9999,1.0E-4],"evs":[0.0,-1.41088]},"K2s":{"weight":1.0,"played":[0.9999,1.0E-4],"evs":[0.0,-1.76779]},"K3s":{"weight":1.0,"played":[0.9843,0.0157],"evs":[0.0,-0.86293]},"K4s":{"weight":1.0,"played":[0.9999,1.0E-4],"evs":[0.0,-2.01113]},"K5s":{"weight":1.0,"played":[0.9941,0.0059],"evs":[0.0,-1.98896]},"K6s":{"weight":1.0,"played":[0.9972,0.0028],"evs":[0.0,-1.3385]},"K7s":{"weight":1.0,"played":[0.9998,2.0E-4],"evs":[0.0,-1.39627]},"K8s":{"weight":1.0,"played":[0.9905,0.0095],"evs":[0.0,-1.47939]},"K9s":{"weight":1.0,"played":[0.9994,6.0E-4],"evs":[0.0,-1.58979]},"KTs":{"weight":1.0,"played":[0.9717,0.0283],"evs":[0.0,-0.95264]},"KJs":{"weight":1.0,"played":[0.9993,7.0E-4],"evs":[0.0,-0.98457]},"KQs":{"weight":1.0,"played":[0.5842,0.4158],"evs":[0.0,0.13124]},"KK":{"weight":1.0,"played":[1.0E-4,0.9999],"evs":[0.0,4.93882]},"AKo":{"weight":1.0,"played":[0.9993,7.0E-4],"evs":[0.0,-0.96402]},"A2s":{"weight":1.0,"played":[0.9952,0.0048],"evs":[0.0,-1.70075]},"A3s":{"weight":1.0,"played":[0.9886,0.0114],"evs":[0.0,-1.38261]},"A4s":{"weight":1.0,"played":[0.9985,0.0015],"evs":[0.0,-1.94601]},"A5s":{"weight":1.0,"played":[0.9968,0.0032],"evs":[0.0,-0.94837]},"A6s":{"weight":1.0,"played":[1.0,0.0],"evs":[0.0,-1.86137]},"A7s":{"weight":1.0,"played":[0.9999,1.0E-4],"evs":[0.0,-1.26598]},"A8s":{"weight":1.0,"played":[0.9995,5.0E-4],"evs":[0.0,-2.13904]},"A9s":{"weight":1.0,"played":[1.0,0.0],"evs":[0.0,-1.76307]},"ATs":{"weight":1.0,"played":[0.9514,0.0486],"evs":[0.0,-1.27188]},"AJs":{"weight":1.0,"played":[0.9044,0.0956],"evs":[0.0,-1.21713]},"AQs":{"weight":1.0,"played":[0.9616,0.0384],"evs":[0.0,-1.03367]},"AKs":{"weight":1.0,"played":[0.7273,0.2727],"evs":[0.0,-0.1758]},"AA":{"weight":1.0,"played":[0.0,1.0],"evs":[0.0,7.91558]}}}