{"player":4,"street":0,"children":2,"sequence":[{"player":0,"type":"R","amount":5600000,"street":0},{"player":1,"type":"R","amount":8160000,"street":0},{"player":2,"type":"F","amount":0,"street":0},{"player":3,"type":"R","amount":18080000,"street":0}],"actions":[{"type":"F","amount":0,"node":244},{"type":"C","amount":8480000,"node":247}],"hands":{"22":{"weight":1.0,"played":[1.0,0.0],"evs":[0.0,-1.69458]},"32o":{"weight":1.0,"played":[1.0,0.0],"evs":[0.0,-2.65388]},"42o":{"weight":1.0,"played":[1.0,0.0],"evs":[0.0,-2.65921]},"52o":{"weight":1.0,"played":[1.0,0.0],"evs":[0.0,-2.51725]},"62o":{"weight":1.0,"played":[1.0,0.0],"evs":[0.0,-2.6926]},"72o":{"weight":1.0,"played":[1.0,0.0],"evs":[0.0,-3.0838]},"82o":{"weight":1.0,"played":[1.0,0.0],"evs":[0.0,-2.88501]},"92o":{"weight":1.0,"played":[1.0,0.0],"evs":[0.0,-2.81962]},"T2o":{"weight":1.0,"played":[1.0,0.0],"evs":[0.0,-2.76374]},"J2o":{"weight":1.0,"played":[1.0,0.0],"evs":[0.0,-2.83362]},"Q2o":{"weight":1.0,"played":[1.0,0.0],"evs":[0.0,-2.84397]},"K2o":{"weight":1.0,"played":[1.0,0.0],"evs":[0.0,-2.54532]},"A2o":{"weight":1.0,"played":[1.0,0.0],"evs":[0.0,-2.69448]},"32s":{"weight":1.0,"played":[1.0,0.0],"evs":[0.0,-1.99677]},"33":{"weight":1.0,"played":[1.0,0.0],"evs":[0.0,-1.72716]},"43o":{"weight":1.0,"played":[1.0,0.0],"evs":[0.0,-2.41164]},"53o":{"weight":1.0,"played":[1.0,0.0],"evs":[0.0,-2.23609]},"63o":{"weight":1.0,"played":[1.0,0.0],"evs":[0.0,-2.45283]},"73o":{"weight":1.0,"played":[1.0,0.0],"evs":[0.0,-2.70126]},"83o":{"weight":1.0,"played":[1.0,0.0],"evs":[0.0,-2.84057]},"93o":{"weight":1.0,"played":[1.0,0.0],"evs":[0.0,-2.79296]},"T3o":{"weight":1.0,"played":[1.0,0.0],"evs":[0.0,-2.78699]},"J3o":{"weight":1.0,"played":[1.0,0.0],"evs":[0.0,-2.77046]},"Q3o":{"weight":1.0,"played":[1.0,0.0],"evs":[0.0,-2.75492]},"K3o":{"weight":1.0,"played":[1.0,0.0],"evs":[0.0,-2.5613]},"A3o":{"weight":1.0,"played":[1.0,0.0],"evs":[0.0,-2.66472]},"42s":{"weight":1.0,"played":[1.0,0.0],"evs":[0.0,-1.98015]},"43s":{"weight":1.0,"played":[1.0,0.0],"evs":[0.0,-1.75123]},"44":{"weight":1.0,"played":[1.0,0.0],"evs":[0.0,-1.68049]},"54o":{"weight":1.0,"played":[1.0,0.0],"evs":[0.0,-2.00812]},"64o":{"weight":1.0,"played":[1.0,0.0],"evs":[0.0,-2.1491]},"74o":{"weight":1.0,"played":[1.0,0.0],"evs":[0.0,-2.42001]},"84o":{"weight":1.0,"played":[1.0,0.0],"evs":[0.0,-2.64693]},"94o":{"weight":1.0,"played":[1.0,0.0],"evs":[0.0,-2.72186]},"T4o":{"weight":1.0,"played":[1.0,0.0],"evs":[0.0,-2.67681]},"J4o":{"weight":1.0,"played":[1.0,0.0],"evs":[0.0,-2.80252]},"Q4o":{"weight":1.0,"played":[1.0,0.0],"evs":[0.0,-2.6637]},"K4o":{"weight":1.0,"played":[1.0,0.0],"evs":[0.0,-2.52049]},"A4o":{"weight":1.0,"played":[1.0,0.0],"evs":[0.0,-2.48729]},"52s":{"weight":1.0,"played":[1.0,0.0],"evs":[0.0,-1.90583]},"53s":{"weight":1.0,"played":[1.0,0.0],"evs":[0.0,-1.66136]},"54s":{"weight":1.0,"played":[1.0,0.0],"evs":[0.0,-1.38228]},"55":{"weight":1.0,"played":[1.0,0.0],"evs":[0.0,-1.39578]},"65o":{"weight":1.0,"played":[1.0,0.0],"evs":[0.0,-1.92788]},"75o":{"weight":1.0,"played":[1.0,0.0],"evs":[0.0,-2.16068]},"85o":{"weight":1.0,"played":[1.0,0.0],"evs":[0.0,-2.44788]},"95o":{"weight":1.0,"played":[1.0,0.0],"evs":[0.0,-2.54223]},"T5o":{"weight":1.0,"played":[1.0,0.0],"evs":[0.0,-2.73424]},"J5o":{"weight":1.0,"played":[1.0,0.0],"evs":[0.0,-2.6773]},"Q5o":{"weight":1.0,"played":[1.0,0.0],"evs":[0.0,-2.65323]},"K5o":{"weight":1.0,"played":[1.0,0.0],"evs":[0.0,-2.44599]},"A5o":{"weight":1.0,"played":[1.0,0.0],"evs":[0.0,-2.38655]},"62s":{"weight":1.0,"played":[1.0,0.0],"evs":[0.0,-2.01801]},"63s":{"weight":1.0,"played":[1.0,0.0],"evs":[0.0,-1.91292]},"64s":{"weight":1.0,"played":[1.0,0.0],"evs":[0.0,-1.41764]},"65s":{"weight":1.0,"played":[1.0,0.0],"evs":[0.0,-1.45557]},"66":{"weight":1.0,"played":[1.0,0.0],"evs":[0.0,-1.30993]},"76o":{"weight":1.0,"played":[1.0,0.0],"evs":[0.0,-1.97467]},"86o":{"weight":1.0,"played":[1.0,0.0],"evs":[0.0,-2.15416]},"96o":{"weight":1.0,"played":[1.0,0.0],"evs":[0.0,-2.27622]},"T6o":{"weight":1.0,"played":[1.0,0.0],"evs":[0.0,-2.47109]},"J6o":{"weight":1.0,"played":[1.0,0.0],"evs":[0.0,-2.66577]},"Q6o":{"weight":1.0,"played":[1.0,0.0],"evs":[0.0,-2.5836]},"K6o":{"weight":1.0,"played":[1.0,0.0],"evs":[0.0,-2.38686]},"A6o":{"weight":1.0,"played":[1.0,0.0],"evs":[0.0,-2.7053]},"72s":{"weight":1.0,"played":[1.0,0.0],"evs":[0.0,-2.33318]},"73s":{"weight":1.0,"played":[1.0,0.0],"evs":[0.0,-2.14933]},"74s":{"weight":1.0,"played":[1.0,0.0],"evs":[0.0,-1.83466]},"75s":{"weight":1.0,"played":[1.0,0.0],"evs":[0.0,-1.44804]},"76s":{"weight":1.0,"played":[1.0,0.0],"evs":[0.0,-1.38277]},"77":{"weight":1.0,"played":[1.0,0.0],"evs":[0.0,-1.12358]},"87o":{"weight":1.0,"played":[1.0,0.0],"evs":[0.0,-2.03564]},"97o":{"weight":1.0,"played":[1.0,0.0],"evs":[0.0,-2.05657]},"T7o":{"weight":1.0,"played":[1.0,0.0],"evs":[0.0,-2.27455]},"J7o":{"weight":1.0,"played":[1.0,0.0],"evs":[0.0,-2.52042]},"Q7o":{"weight":1.0,"played":[1.0,0.0],"evs":[0.0,-2.62491]},"K7o":{"weight":1.0,"played":[1.0,0.0],"evs":[0.0,-2.30967]},"A7o":{"weight":1.0,"played":[1.0,0.0],"evs":[0.0,-2.65063]},"82s":{"weight":1.0,"played":[1.0,0.0],"evs":[0.0,-2.26568]},"83s":{"weight":1.0,"played":[1.0,0.0],"evs":[0.0,-2.22745]},"84s":{"weight":1.0,"played":[1.0,0.0],"evs":[0.0,-2.0142]},"85s":{"weight":1.0,"played":[1.0,0.0],"evs":[0.0,-1.69434]},"86s":{"weight":1.0,"played":[1.0,0.0],"evs":[0.0,-1.55436]},"87s":{"weight":1.0,"played":[0.9997,3.0E-4],"evs":[0.0,-1.28831]},"88":{"weight":1.0,"played":[0.9999,1.0E-4],"evs":[0.0,-0.7411]},"98o":{"weight":1.0,"played":[1.0,0.0],"evs":[0.0,-2.03361]},"T8o":{"weight":1.0,"played":[1.0,0.0],"evs":[0.0,-2.0622]},"J8o":{"weight":1.0,"played":[1.0,0.0],"evs":[0.0,-2.25609]},"Q8o":{"weight":1.0,"played":[1.0,0.0],"evs":[0.0,-2.48909]},"K8o":{"weight":1.0,"played":[1.0,0.0],"evs":[0.0,-2.31085]},"A8o":{"weight":1.0,"played":[1.0,0.0],"evs":[0.0,-2.52305]},"92s":{"weight":1.0,"played":[1.0,0.0],"evs":[0.0,-2.19251]},"93s":{"weight":1.0,"played":[1.0,0.0],"evs":[0.0,-2.12019]},"94s":{"weight":1.0,"played":[1.0,0.0],"evs":[0.0,-2.10725]},"95s":{"weight":1.0,"played":[1.0,0.0],"evs":[0.0,-1.93134]},"96s":{"weight":1.0,"played":[1.0,0.0],"evs":[0.0,-1.6238]},"97s":{"weight":1.0,"played":[1.0,0.0],"evs":[0.0,-1.49945]},"98s":{"weight":1.0,"played":[1.0,0.0],"evs":[0.0,-1.23446]},"99":{"weight":1.0,"played":[0.9996,4.0E-4],"evs":[0.0,-0.24705]},"T9o":{"weight":1.0,"played":[1.0,0.0],"evs":[0.0,-1.83445]},"J9o":{"weight":1.0,"played":[1.0,0.0],"evs":[0.0,-2.13711]},"Q9o":{"weight":1.0,"played":[1.0,0.0],"evs":[0.0,-2.26972]},"K9o":{"weight":1.0,"played":[1.0,0.0],"evs":[0.0,-2.11755]},"A9o":{"weight":1.0,"played":[1.0,0.0],"evs":[0.0,-2.45713]},"T2s":{"weight":1.0,"played":[1.0,0.0],"evs":[0.0,-2.09132]},"T3s":{"weight":1.0,"played":[1.0,0.0],"evs":[0.0,-2.2421]},"T4s":{"weight":1.0,"played":[1.0,0.0],"evs":[0.0,-1.98649]},"T5s":{"weight":1.0,"played":[1.0,0.0],"evs":[0.0,-1.96769]},"T6s":{"weight":1.0,"played":[1.0,0.0],"evs":[0.0,-1.71759]},"T7s":{"weight":1.0,"played":[1.0,0.0],"evs":[0.0,-1.40891]},"T8s":{"weight":1.0,"played":[1.0,0.0],"evs":[0.0,-1.46008]},"T9s":{"weight":1.0,"played":[1.0,0.0],"evs":[0.0,-1.18242]},"TT":{"weight":1.0,"played":[0.0041,0.9959],"evs":[0.0,0.20896]},"JTo":{"weight":1.0,"played":[1.0,0.0],"evs":[0.0,-1.82786]},"QTo":{"weight":1.0,"played":[1.0,0.0],"evs":[0.0,-1.85327]},"KTo":{"weight":1.0,"played":[1.0,0.0],"evs":[0.0,-1.82813]},"ATo":{"weight":1.0,"played":[1.0,0.0],"evs":[0.0,-2.03876]},"J2s":{"weight":1.0,"played":[1.0,0.0],"evs":[0.0,-2.07124]},"J3s":{"weight":1.0,"played":[1.0,0.0],"evs":[0.0,-2.0852]},"J4s":{"weight":1.0,"played":[1.0,0.0],"evs":[0.0,-2.0323]},"J5s":{"weight":1.0,"played":[1.0,0.0],"evs":[0.0,-2.06153]},"J6s":{"weight":1.0,"played":[1.0,0.0],"evs":[0.0,-2.08467]},"J7s":{"weight":1.0,"played":[1.0,0.0],"evs":[0.0,-1.83382]},"J8s":{"weight":1.0,"played":[1.0,0.0],"evs":[0.0,-1.54162]},"J9s":{"weight":1.0,"played":[1.0,0.0],"evs":[0.0,-1.44463]},"JTs":{"weight":1.0,"played":[1.0,0.0],"evs":[0.0,-1.26344]},"JJ":{"weight":1.0,"played":[0.0,1.0],"evs":[0.0,1.02166]},"QJo":{"weight":1.0,"played":[1.0,0.0],"evs":[0.0,-1.89048]},"KJo":{"weight":1.0,"played":[1.0,0.0],"evs":[0.0,-1.76754]},"AJo":{"weight":1.0,"played":[1.0,0.0],"evs":[0.0,-1.64627]},"Q2s":{"weight":1.0,"played":[1.0,0.0],"evs":[0.0,-2.06822]},"Q3s":{"weight":1.0,"played":[1.0,0.0],"evs":[0.0,-2.087]},"Q4s":{"weight":1.0,"played":[1.0,0.0],"evs":[0.0,-1.99242]},"Q5s":{"weight":1.0,"played":[1.0,0.0],"evs":[0.0,-1.99181]},"Q6s":{"weight":1.0,"played":[1.0,0.0],"evs":[0.0,-1.91758]},"Q7s":{"weight":1.0,"played":[1.0,0.0],"evs":[0.0,-1.8865]},"Q8s":{"weight":1.0,"played":[1.0,0.0],"evs":[0.0,-1.7763]},"Q9s":{"weight":1.0,"played":[1.0,0.0],"evs":[0.0,-1.41269]},"QTs":{"weight":1.0,"played":[1.0,0.0],"evs":[0.0,-1.27819]},"QJs":{"weight":1.0,"played":[1.0,0.0],"evs":[0.0,-1.29066]},"QQ":{"weight":1.0,"played":[0.0,1.0],"evs":[0.0,2.30694]},"KQo":{"weight":1.0,"played":[1.0,0.0],"evs":[0.0,-1.45084]},"AQo":{"weight":1.0,"played":[1.0,0.0],"evs":[0.0,-1.16849]},"K2s":{"weight":1.0,"played":[1.0,0.0],"evs":[0.0,-2.10139]},"K3s":{"weight":1.0,"played":[1.0,0.0],"evs":[0.0,-1.77102]},"K4s":{"weight":1.0,"played":[1.0,0.0],"evs":[0.0,-1.65515]},"K5s":{"weight":1.0,"played":[1.0,0.0],"evs":[0.0,-1.66828]},"K6s":{"weight":1.0,"played":[1.0,0.0],"evs":[0.0,-1.52052]},"K7s":{"weight":1.0,"played":[1.0,0.0],"evs":[0.0,-1.71183]},"K8s":{"weight":1.0,"played":[1.0,0.0],"evs":[0.0,-1.74259]},"K9s":{"weight":1.0,"played":[1.0,0.0],"evs":[0.0,-1.47865]},"KTs":{"weight":1.0,"played":[1.0,0.0],"evs":[0.0,-1.11661]},"KJs":{"weight":1.0,"played":[0.9998,2.0E-4],"evs":[0.0,-0.98429]},"KQs":{"weight":1.0,"played":[0.9999,1.0E-4],"evs":[0.0,-0.87088]},"KK":{"weight":1.0,"played":[0.0,1.0],"evs":[0.0,3.96262]},"AKo":{"weight":1.0,"played":[0.9989,0.0011],"evs":[0.0,-0.18883]},"A2s":{"weight":1.0,"played":[1.0,0.0],"evs":[0.0,-1.98955]},"A3s":{"weight":1.0,"played":[1.0,0.0],"evs":[0.0,-1.79399]},"A4s":{"weight":1.0,"played":[1.0,0.0],"evs":[0.0,-1.70132]},"A5s":{"weight":1.0,"played":[1.0,0.0],"evs":[0.0,-1.66721]},"A6s":{"weight":1.0,"played":[1.0,0.0],"evs":[0.0,-1.95808]},"A7s":{"weight":1.0,"played":[1.0,0.0],"evs":[0.0,-1.90961]},"A8s":{"weight":1.0,"played":[1.0,0.0],"evs":[0.0,-1.79083]},"A9s":{"weight":1.0,"played":[1.0,0.0],"evs":[0.0,-1.72767]},"ATs":{"weight":1.0,"played":[0.9998,2.0E-4],"evs":[0.0,-1.48831]},"AJs":{"weight":1.0,"played":[1.0,0.0],"evs":[0.0,-0.97882]},"AQs":{"weight":1.0,"played":[0.9971,0.0029],"evs":[0.0,-0.49678]},"AKs":{"weight":1.0,"played":[2.0E-4,0.9998],"evs":[0.0,0.16145]},"AA":{"weight":1.0,"played":[0.0,1.0],"evs":[0.0,6.01408]}}}