{"player":6,"street":0,"children":2,"sequence":[{"player":0,"type":"R","amount":5600000,"street":0},{"player":1,"type":"R","amount":8160000,"street":0},{"player":2,"type":"F","amount":0,"street":0},{"player":3,"type":"R","amount":18080000,"street":0},{"player":4,"type":"F","amount":0,"street":0},{"player":5,"type":"C","amount":16480000,"street":0}],"actions":[{"type":"F","amount":0},{"type":"C","amount":7840000}],"hands":{"22":{"weight":1.0,"played":[0.9986,0.0014],"evs":[0.0,-1.75429]},"32o":{"weight":1.0,"played":[0.9999,1.0E-4],"evs":[0.0,-2.91827]},"42o":{"weight":1.0,"played":[0.9998,2.0E-4],"evs":[0.0,-2.64589]},"52o":{"weight":1.0,"played":[0.9992,8.0E-4],"evs":[0.0,-2.72793]},"62o":{"weight":1.0,"played":[1.0,0.0],"evs":[0.0,-2.98197]},"72o":{"weight":1.0,"played":[0.9999,1.0E-4],"evs":[0.0,-3.07943]},"82o":{"weight":1.0,"played":[1.0,0.0],"evs":[0.0,-3.49998]},"92o":{"weight":1.0,"played":[0.9999,1.0E-4],"evs":[0.0,-3.47332]},"T2o":{"weight":1.0,"played":[1.0,0.0],"evs":[0.0,-3.2585]},"J2o":{"weight":1.0,"played":[0.9998,2.0E-4],"evs":[0.0,-3.7382]},"Q2o":{"weight":1.0,"played":[0.9999,1.0E-4],"evs":[0.0,-3.24687]},"K2o":{"weight":1.0,"played":[1.0,0.0],"evs":[0.0,-2.81978]},"A2o":{"weight":1.0,"played":[0.9987,0.0013],"evs":[0.0,-2.92977]},"32s":{"weight":1.0,"played":[0.9982,0.0018],"evs":[0.0,-2.00262]},"33":{"weight":1.0,"played":[0.9999,1.0E-4],"evs":[0.0,-2.05263]},"43o":{"weight":1.0,"played":[1.0,0.0],"evs":[0.0,-2.23885]},"53o":{"weight":1.0,"played":[1.0,0.0],"evs":[0.0,-2.42771]},"63o":{"weight":1.0,"played":[0.999,0.001],"evs":[0.0,-2.72703]},"73o":{"weight":1.0,"played":[0.9992,8.0E-4],"evs":[0.0,-2.96917]},"83o":{"weight":1.0,"played":[0.9999,1.0E-4],"evs":[0.0,-2.83192]},"93o":{"weight":1.0,"played":[1.0,0.0],"evs":[0.0,-3.27579]},"T3o":{"weight":1.0,"played":[0.9992,8.0E-4],"evs":[0.0,-3.25022]},"J3o":{"weight":1.0,"played":[0.9986,0.0014],"evs":[0.0,-3.2065]},"Q3o":{"weight":1.0,"played":[1.0,0.0],"evs":[0.0,-3.09607]},"K3o":{"weight":1.0,"played":[0.9999,1.0E-4],"evs":[0.0,-3.15031]},"A3o":{"weight":1.0,"played":[0.9976,0.0024],"evs":[0.0,-2.76413]},"42s":{"weight":1.0,"played":[0.9996,4.0E-4],"evs":[0.0,-2.62876]},"43s":{"weight":1.0,"played":[1.0,0.0],"evs":[0.0,-1.93208]},"44":{"weight":1.0,"played":[0.9904,0.0096],"evs":[0.0,-1.84894]},"54o":{"weight":1.0,"played":[1.0,0.0],"evs":[0.0,-2.10588]},"64o":{"weight":1.0,"played":[0.9999,1.0E-4],"evs":[0.0,-2.30257]},"74o":{"weight":1.0,"played":[1.0,0.0],"evs":[0.0,-2.53464]},"84o":{"weight":1.0,"played":[0.9994,6.0E-4],"evs":[0.0,-2.86408]},"94o":{"weight":1.0,"played":[0.9998,2.0E-4],"evs":[0.0,-3.37146]},"T4o":{"weight":1.0,"played":[0.9992,8.0E-4],"evs":[0.0,-3.34965]},"J4o":{"weight":1.0,"played":[0.9995,5.0E-4],"evs":[0.0,-3.19467]},"Q4o":{"weight":1.0,"played":[1.0,0.0],"evs":[0.0,-3.11643]},"K4o":{"weight":1.0,"played":[1.0,0.0],"evs":[0.0,-2.37212]},"A4o":{"weight":1.0,"played":[0.9997,3.0E-4],"evs":[0.0,-2.80631]},"52s":{"weight":1.0,"played":[0.9982,0.0018],"evs":[0.0,-1.17297]},"53s":{"weight":1.0,"played":[0.9997,3.0E-4],"evs":[0.0,-2.93999]},"54s":{"weight":1.0,"played":[0.9996,4.0E-4],"evs":[0.0,-1.29664]},"55":{"weight":1.0,"played":[0.9999,1.0E-4],"evs":[0.0,-2.84951]},"65o":{"weight":1.0,"played":[1.0,0.0],"evs":[0.0,-1.98121]},"75o":{"weight":1.0,"played":[0.9999,1.0E-4],"evs":[0.0,-2.45046]},"85o":{"weight":1.0,"played":[0.9993,7.0E-4],"evs":[0.0,-2.52412]},"95o":{"weight":1.0,"played":[1.0,0.0],"evs":[0.0,-2.49607]},"T5o":{"weight":1.0,"played":[1.0,0.0],"evs":[0.0,-3.12104]},"J5o":{"weight":1.0,"played":[1.0,0.0],"evs":[0.0,-3.30803]},"Q5o":{"weight":1.0,"played":[1.0,0.0],"evs":[0.0,-3.13323]},"K5o":{"weight":1.0,"played":[0.9991,9.0E-4],"evs":[0.0,-2.72429]},"A5o":{"weight":1.0,"played":[0.9997,3.0E-4],"evs":[0.0,-2.78733]},"62s":{"weight":1.0,"played":[0.9988,0.0012],"evs":[0.0,-2.75568]},"63s":{"weight":1.0,"played":[0.9883,0.0117],"evs":[0.0,-2.19859]},"64s":{"weight":1.0,"played":[0.9388,0.0612],"evs":[0.0,-1.45123]},"65s":{"weight":1.0,"played":[0.9588,0.0412],"evs":[0.0,-1.69542]},"66":{"weight":1.0,"played":[0.9992,8.0E-4],"evs":[0.0,-1.70884]},"76o":{"weight":1.0,"played":[0.9997,3.0E-4],"evs":[0.0,-2.26855]},"86o":{"weight":1.0,"played":[0.9999,1.0E-4],"evs":[0.0,-2.60636]},"96o":{"weight":1.0,"played":[0.9993,7.0E-4],"evs":[0.0,-2.87142]},"T6o":{"weight":1.0,"played":[0.9989,0.0011],"evs":[0.0,-3.05122]},"J6o":{"weight":1.0,"played":[0.9991,9.0E-4],"evs":[0.0,-3.58412]},"Q6o":{"weight":1.0,"played":[0.9996,4.0E-4],"evs":[0.0,-2.8726]},"K6o":{"weight":1.0,"played":[1.0,0.0],"evs":[0.0,-2.64894]},"A6o":{"weight":1.0,"played":[0.9993,7.0E-4],"evs":[0.0,-3.13805]},"72s":{"weight":1.0,"played":[0.9999,1.0E-4],"evs":[0.0,-2.57797]},"73s":{"weight":1.0,"played":[0.9996,4.0E-4],"evs":[0.0,-2.89777]},"74s":{"weight":1.0,"played":[0.9996,4.0E-4],"evs":[0.0,-2.8912]},"75s":{"weight":1.0,"played":[0.9806,0.0194],"evs":[0.0,-1.64105]},"76s":{"weight":1.0,"played":[0.7804,0.2196],"evs":[0.0,-2.07228]},"77":{"weight":1.0,"played":[0.9935,0.0065],"evs":[0.0,-2.54697]},"87o":{"weight":1.0,"played":[0.9999,1.0E-4],"evs":[0.0,-2.16209]},"97o":{"weight":1.0,"played":[1.0,0.0],"evs":[0.0,-2.39637]},"T7o":{"weight":1.0,"played":[0.9998,2.0E-4],"evs":[0.0,-3.02401]},"J7o":{"weight":1.0,"played":[0.9998,2.0E-4],"evs":[0.0,-3.19627]},"Q7o":{"weight":1.0,"played":[1.0,0.0],"evs":[0.0,-3.12955]},"K7o":{"weight":1.0,"played":[0.9999,1.0E-4],"evs":[0.0,-3.31399]},"A7o":{"weight":1.0,"played":[0.9984,0.0016],"evs":[0.0,-3.18256]},"82s":{"weight":1.0,"played":[0.9921,0.0079],"evs":[0.0,-2.48619]},"83s":{"weight":1.0,"played":[0.9948,0.0052],"evs":[0.0,-2.92341]},"84s":{"weight":1.0,"played":[0.9994,6.0E-4],"evs":[0.0,-2.20489]},"85s":{"weight":1.0,"played":[0.9924,0.0076],"evs":[0.0,-1.88445]},"86s":{"weight":1.0,"played":[0.9923,0.0077],"evs":[0.0,-1.25184]},"87s":{"weight":1.0,"played":[0.9504,0.0496],"evs":[0.0,-1.0041]},"88":{"weight":1.0,"played":[0.9996,4.0E-4],"evs":[0.0,-2.43038]},"98o":{"weight":1.0,"played":[0.9998,2.0E-4],"evs":[0.0,-2.92103]},"T8o":{"weight":1.0,"played":[0.9963,0.0037],"evs":[0.0,-2.83254]},"J8o":{"weight":1.0,"played":[0.9986,0.0014],"evs":[0.0,-3.00366]},"Q8o":{"weight":1.0,"played":[0.9995,5.0E-4],"evs":[0.0,-2.97145]},"K8o":{"weight":1.0,"played":[0.9985,0.0015],"evs":[0.0,-2.44681]},"A8o":{"weight":1.0,"played":[1.0,0.0],"evs":[0.0,-2.9917]},"92s":{"weight":1.0,"played":[1.0,0.0],"evs":[0.0,-2.00674]},"93s":{"weight":1.0,"played":[0.9953,0.0047],"evs":[0.0,-1.86613]},"94s":{"weight":1.0,"played":[1.0,0.0],"evs":[0.0,-1.39193]},"95s":{"weight":1.0,"played":[0.9988,0.0012],"evs":[0.0,-2.49588]},"96s":{"weight":1.0,"played":[0.9991,9.0E-4],"evs":[0.0,-2.37182]},"97s":{"weight":1.0,"played":[0.9998,2.0E-4],"evs":[0.0,-1.56941]},"98s":{"weight":1.0,"played":[0.9981,0.0019],"evs":[0.0,-1.92803]},"99":{"weight":1.0,"played":[0.9821,0.0179],"evs":[0.0,-1.68718]},"T9o":{"weight":1.0,"played":[0.9998,2.0E-4],"evs":[0.0,-3.17064]},"J9o":{"weight":1.0,"played":[1.0,0.0],"evs":[0.0,-2.93926]},"Q9o":{"weight":1.0,"played":[0.9989,0.0011],"evs":[0.0,-3.05019]},"K9o":{"weight":1.0,"played":[0.9995,5.0E-4],"evs":[0.0,-3.02255]},"A9o":{"weight":1.0,"played":[0.9982,0.0018],"evs":[0.0,-3.15566]},"T2s":{"weight":1.0,"played":[0.9996,4.0E-4],"evs":[0.0,-1.69684]},"T3s":{"weight":1.0,"played":[0.9954,0.0046],"evs":[0.0,-2.94055]},"T4s":{"weight":1.0,"played":[0.9987,0.0013],"evs":[0.0,-2.22557]},"T5s":{"weight":1.0,"played":[0.9805,0.0195],"evs":[0.0,-2.2335]},"T6s":{"weight":1.0,"played":[0.9967,0.0033],"evs":[0.0,-1.55546]},"T7s":{"weight":1.0,"played":[0.961,0.039],"evs":[0.0,-2.30863]},"T8s":{"weight":1.0,"played":[0.9983,0.0017],"evs":[0.0,-1.38978]},"T9s":{"weight":1.0,"played":[0.9992,8.0E-4],"evs":[0.0,-3.13238]},"TT":{"weight":1.0,"played":[0.8142,0.1858],"evs":[0.0,-1.77875]},"JTo":{"weight":1.0,"played":[0.9922,0.0078],"evs":[0.0,-3.13983]},"QTo":{"weight":1.0,"played":[0.9998,2.0E-4],"evs":[0.0,-2.20014]},"KTo":{"weight":1.0,"played":[0.9974,0.0026],"evs":[0.0,-2.31602]},"ATo":{"weight":1.0,"played":[0.9998,2.0E-4],"evs":[0.0,-2.1754]},"J2s":{"weight":1.0,"played":[0.9979,0.0021],"evs":[0.0,-2.40972]},"J3s":{"weight":1.0,"played":[0.9977,0.0023],"evs":[0.0,-2.71157]},"J4s":{"weight":1.0,"played":[0.9923,0.0077],"evs":[0.0,-2.4401]},"J5s":{"weight":1.0,"played":[0.9763,0.0237],"evs":[0.0,-2.32883]},"J6s":{"weight":1.0,"played":[1.0,0.0],"evs":[0.0,-2.48492]},"J7s":{"weight":1.0,"played":[0.979,0.021],"evs":[0.0,-1.73212]},"J8s":{"weight":1.0,"played":[0.9938,0.0062],"evs":[0.0,-2.71826]},"J9s":{"weight":1.0,"played":[0.9431,0.0569],"evs":[0.0,-0.97996]},"JTs":{"weight":1.0,"played":[0.9663,0.0337],"evs":[0.0,-2.62459]},"JJ":{"weight":1.0,"played":[0.8368,0.1632],"evs":[0.0,-0.55646]},"QJo":{"weight":1.0,"played":[0.9937,0.0063],"evs":[0.0,-2.70689]},"KJo":{"weight":1.0,"played":[0.9974,0.0026],"evs":[0.0,-2.3583]},"AJo":{"weight":1.0,"played":[0.9923,0.0077],"evs":[0.0,-2.88524]},"Q2s":{"weight":1.0,"played":[0.9982,0.0018],"evs":[0.0,-1.81855]},"Q3s":{"weight":1.0,"played":[0.9997,3.0E-4],"evs":[0.0,-1.66732]},"Q4s":{"weight":1.0,"played":[0.9871,0.0129],"evs":[0.0,-2.08058]},"Q5s":{"weight":1.0,"played":[0.9986,0.0014],"evs":[0.0,-2.94316]},"Q6s":{"weight":1.0,"played":[0.9984,0.0016],"evs":[0.0,-2.25124]},"Q7s":{"weight":1.0,"played":[0.9931,0.0069],"evs":[0.0,-1.83521]},"Q8s":{"weight":1.0,"played":[0.9999,1.0E-4],"evs":[0.0,-0.74617]},"Q9s":{"weight":1.0,"played":[1.0,0.0],"evs":[0.0,-2.40653]},"QTs":{"weight":1.0,"played":[0.9946,0.0054],"evs":[0.0,-1.51382]},"QJs":{"weight":1.0,"played":[0.9988,0.0012],"evs":[0.0,-2.05209]},"QQ":{"weight":1.0,"played":[0.0572,0.9428],"evs":[0.0,0.59967]},"KQo":{"weight":1.0,"played":[0.9999,1.0E-4],"evs":[0.0,-2.26794]},"AQo":{"weight":1.0,"played":[0.9996,4.0E-4],"evs":[0.0,-1.96467]},"K2s":{"weight":1.0,"played":[0.986,0.014],"evs":[0.0,-2.39498]},"K3s":{"weight":1.0,"played":[0.9991,9.0E-4],"evs":[0.0,-1.30345]},"K4s":{"weight":1.0,"played":[0.9839,0.0161],"evs":[0.0,-1.46735]},"K5s":{"weight":1.0,"played":[0.9951,0.0049],"evs":[0.0,-2.80184]},"K6s":{"weight":1.0,"played":[0.9948,0.0052],"evs":[0.0,-2.41729]},"K7s":{"weight":1.0,"played":[0.9048,0.0952],"evs":[0.0,-2.31806]},"K8s":{"weight":1.0,"played":[0.9943,0.0057],"evs":[0.0,-1.28966]},"K9s":{"weight":1.0,"played":[0.9964,0.0036],"evs":[0.0,-2.88864]},"KTs":{"weight":1.0,"played":[0.996,0.004],"evs":[0.0,-2.29381]},"KJs":{"weight":1.0,"played":[0.9893,0.0107],"evs":[0.0,-1.70835]},"KQs":{"weight":1.0,"played":[0.9839,0.0161],"evs":[0.0,-2.32288]},"KK":{"weight":1.0,"played":[4.0E-4,0.9996],"evs":[0.0,4.5108]},"AKo":{"weight":1.0,"played":[0.707,0.293],"evs":[0.0,0.18772]},"A2s":{"weight":1.0,"played":[0.9922,0.0078],"evs":[0.0,-2.34747]},"A3s":{"weight":1.0,"played":[0.9834,0.0166],"evs":[0.0,-2.07752]},"A4s":{"weight":1.0,"played":[0.9879,0.0121],"evs":[0.0,-0.5556]},"A5s":{"weight":1.0,"played":[0.9821,0.0179],"evs":[0.0,-1.8428]},"A6s":{"weight":1.0,"played":[0.9942,0.0058],"evs":[0.0,-1.39359]},"A7s":{"weight":1.0,"played":[0.9952,0.0048],"evs":[0.0,-2.91223]},"A8s":{"weight":1.0,"played":[0.9886,0.0114],"evs":[0.0,-2.55408]},"A9s":{"weight":1.0,"played":[0.993,0.007],"evs":[0.0,-2.15862]},"ATs":{"weight":1.0,"played":[0.9918,0.0082],"evs":[0.0,-1.66351]},"AJs":{"weight":1.0,"played":[0.9985,0.0015],"evs":[0.0,-2.63148]},"AQs":{"weight":1.0,"played":[0.8554,0.1446],"evs":[0.0,-0.58544]},"AKs":{"weight":1.0,"played":[0.8321,0.1679],"evs":[0.0,-0.77192]},"AA":{"weight":1.0,"played":[0.0,1.0],"evs":[0.0,6.5717]}}}