{"player":6,"street":0,"children":2,"sequence":[{"player":0,"type":"F","amount":0,"street":0},{"player":1,"type":"F","amount":0,"street":0},{"player":2,"type":"R","amount":27360000,"street":0},{"player":3,"type":"F","amount":0,"street":0},{"player":4,"type":"C","amount":8480000,"street":0},{"player":5,"type":"F","amount":0,"street":0}],"actions":[{"type":"F","amount":0},{"type":"C","amount":7840000}],"hands":{"22":{"weight":1.0,"played":[0.0,1.0],"evs":[0.0,0.20982]},"32o":{"weight":1.0,"played":[1.0,0.0],"evs":[0.0,-1.69876]},"42o":{"weight":1.0,"played":[1.0,0.0],"evs":[0.0,-1.59327]},"52o":{"weight":1.0,"played":[1.0,0.0],"evs":[0.0,-1.51246]},"62o":{"weight":1.0,"played":[1.0,0.0],"evs":[0.0,-1.71079]},"72o":{"weight":1.0,"played":[1.0,0.0],"evs":[0.0,-1.87661]},"82o":{"weight":1.0,"played":[1.0,0.0],"evs":[0.0,-1.79238]},"92o":{"weight":1.0,"played":[1.0,0.0],"evs":[0.0,-1.6657]},"T2o":{"weight":1.0,"played":[1.0,0.0],"evs":[0.0,-1.4922]},"J2o":{"weight":1.0,"played":[1.0,0.0],"evs":[0.0,-1.36066]},"Q2o":{"weight":1.0,"played":[1.0,0.0],"evs":[0.0,-1.14913]},"K2o":{"weight":1.0,"played":[1.0,0.0],"evs":[0.0,-0.90571]},"A2o":{"weight":1.0,"played":[1.0,0.0],"evs":[0.0,-0.23006]},"32s":{"weight":1.0,"played":[1.0,0.0],"evs":[0.0,-1.00057]},"33":{"weight":1.0,"played":[0.0,1.0],"evs":[0.0,0.42461]},"43o":{"weight":1.0,"played":[1.0,0.0],"evs":[0.0,-1.3206]},"53o":{"weight":1.0,"played":[1.0,0.0],"evs":[0.0,-1.2335]},"63o":{"weight":1.0,"played":[1.0,0.0],"evs":[0.0,-1.42109]},"73o":{"weight":1.0,"played":[1.0,0.0],"evs":[0.0,-1.59939]},"83o":{"weight":1.0,"played":[1.0,0.0],"evs":[0.0,-1.75988]},"93o":{"weight":1.0,"played":[1.0,0.0],"evs":[0.0,-1.57892]},"T3o":{"weight":1.0,"played":[1.0,0.0],"evs":[0.0,-1.40231]},"J3o":{"weight":1.0,"played":[1.0,0.0],"evs":[0.0,-1.25741]},"Q3o":{"weight":1.0,"played":[1.0,0.0],"evs":[0.0,-1.04416]},"K3o":{"weight":1.0,"played":[1.0,0.0],"evs":[0.0,-0.81878]},"A3o":{"weight":1.0,"played":[1.0,0.0],"evs":[0.0,-0.11544]},"42s":{"weight":1.0,"played":[1.0,0.0],"evs":[0.0,-0.91937]},"43s":{"weight":1.0,"played":[1.0,0.0],"evs":[0.0,-0.64252]},"44":{"weight":1.0,"played":[0.0,1.0],"evs":[0.0,0.67516]},"54o":{"weight":1.0,"played":[1.0,0.0],"evs":[0.0,-0.97171]},"64o":{"weight":1.0,"played":[1.0,0.0],"evs":[0.0,-1.15256]},"74o":{"weight":1.0,"played":[1.0,0.0],"evs":[0.0,-1.30418]},"84o":{"weight":1.0,"played":[1.0,0.0],"evs":[0.0,-1.4673]},"94o":{"weight":1.0,"played":[1.0,0.0],"evs":[0.0,-1.53289]},"T4o":{"weight":1.0,"played":[1.0,0.0],"evs":[0.0,-1.31756]},"J4o":{"weight":1.0,"played":[1.0,0.0],"evs":[0.0,-1.16113]},"Q4o":{"weight":1.0,"played":[1.0,0.0],"evs":[0.0,-0.96254]},"K4o":{"weight":1.0,"played":[1.0,0.0],"evs":[0.0,-0.7111]},"A4o":{"weight":1.0,"played":[0.9424,0.0576],"evs":[0.0,-0.02391]},"52s":{"weight":1.0,"played":[1.0,0.0],"evs":[0.0,-0.82609]},"53s":{"weight":1.0,"played":[1.0,0.0],"evs":[0.0,-0.56369]},"54s":{"weight":1.0,"played":[1.0,0.0],"evs":[0.0,-0.32043]},"55":{"weight":1.0,"played":[0.0,1.0],"evs":[0.0,0.92416]},"65o":{"weight":1.0,"played":[1.0,0.0],"evs":[0.0,-0.9014]},"75o":{"weight":1.0,"played":[1.0,0.0],"evs":[0.0,-1.05072]},"85o":{"weight":1.0,"played":[1.0,0.0],"evs":[0.0,-1.21661]},"95o":{"weight":1.0,"played":[1.0,0.0],"evs":[0.0,-1.27958]},"T5o":{"weight":1.0,"played":[1.0,0.0],"evs":[0.0,-1.28995]},"J5o":{"weight":1.0,"played":[1.0,0.0],"evs":[0.0,-1.11566]},"Q5o":{"weight":1.0,"played":[1.0,0.0],"evs":[0.0,-0.86861]},"K5o":{"weight":1.0,"played":[1.0,0.0],"evs":[0.0,-0.61949]},"A5o":{"weight":1.0,"played":[0.0,1.0],"evs":[0.0,0.09994]},"62s":{"weight":1.0,"played":[1.0,0.0],"evs":[0.0,-1.03544]},"63s":{"weight":1.0,"played":[1.0,0.0],"evs":[0.0,-0.76303]},"64s":{"weight":1.0,"played":[1.0,0.0],"evs":[0.0,-0.48948]},"65s":{"weight":1.0,"played":[1.0,0.0],"evs":[0.0,-0.26875]},"66":{"weight":1.0,"played":[0.0,1.0],"evs":[0.0,1.25234]},"76o":{"weight":1.0,"played":[1.0,0.0],"evs":[0.0,-0.80172]},"86o":{"weight":1.0,"played":[1.0,0.0],"evs":[0.0,-0.94293]},"96o":{"weight":1.0,"played":[1.0,0.0],"evs":[0.0,-1.00823]},"T6o":{"weight":1.0,"played":[1.0,0.0],"evs":[0.0,-1.03884]},"J6o":{"weight":1.0,"played":[1.0,0.0],"evs":[0.0,-1.07464]},"Q6o":{"weight":1.0,"played":[1.0,0.0],"evs":[0.0,-0.79444]},"K6o":{"weight":1.0,"played":[1.0,0.0],"evs":[0.0,-0.52157]},"A6o":{"weight":1.0,"played":[0.7533,0.2467],"evs":[0.0,-0.01408]},"72s":{"weight":1.0,"played":[1.0,0.0],"evs":[0.0,-1.1789]},"73s":{"weight":1.0,"played":[1.0,0.0],"evs":[0.0,-0.88443]},"74s":{"weight":1.0,"played":[1.0,0.0],"evs":[0.0,-0.64017]},"75s":{"weight":1.0,"played":[1.0,0.0],"evs":[0.0,-0.39178]},"76s":{"weight":1.0,"played":[1.0,0.0],"evs":[0.0,-0.14493]},"77":{"weight":1.0,"played":[0.0,1.0],"evs":[0.0,1.63376]},"87o":{"weight":1.0,"played":[1.0,0.0],"evs":[0.0,-0.71886]},"97o":{"weight":1.0,"played":[1.0,0.0],"evs":[0.0,-0.75791]},"T7o":{"weight":1.0,"played":[1.0,0.0],"evs":[0.0,-0.74397]},"J7o":{"weight":1.0,"played":[1.0,0.0],"evs":[0.0,-0.7945]},"Q7o":{"weight":1.0,"played":[1.0,0.0],"evs":[0.0,-0.71679]},"K7o":{"weight":1.0,"played":[1.0,0.0],"evs":[0.0,-0.39845]},"A7o":{"weight":1.0,"played":[0.0,1.0],"evs":[0.0,0.19731]},"82s":{"weight":1.0,"played":[1.0,0.0],"evs":[0.0,-1.09035]},"83s":{"weight":1.0,"played":[1.0,0.0],"evs":[0.0,-1.04568]},"84s":{"weight":1.0,"played":[1.0,0.0],"evs":[0.0,-0.79163]},"85s":{"weight":1.0,"played":[1.0,0.0],"evs":[0.0,-0.54055]},"86s":{"weight":1.0,"played":[1.0,0.0],"evs":[0.0,-0.29454]},"87s":{"weight":1.0,"played":[0.9992,8.0E-4],"evs":[0.0,-0.10296]},"88":{"weight":1.0,"played":[0.0,1.0],"evs":[0.0,2.12549]},"98o":{"weight":1.0,"played":[1.0,0.0],"evs":[0.0,-0.55761]},"T8o":{"weight":1.0,"played":[1.0,0.0],"evs":[0.0,-0.49209]},"J8o":{"weight":1.0,"played":[1.0,0.0],"evs":[0.0,-0.57071]},"Q8o":{"weight":1.0,"played":[1.0,0.0],"evs":[0.0,-0.47649]},"K8o":{"weight":1.0,"played":[1.0,0.0],"evs":[0.0,-0.35685]},"A8o":{"weight":1.0,"played":[0.0,1.0],"evs":[0.0,0.43532]},"92s":{"weight":1.0,"played":[1.0,0.0],"evs":[0.0,-0.94826]},"93s":{"weight":1.0,"played":[1.0,0.0],"evs":[0.0,-0.88582]},"94s":{"weight":1.0,"played":[1.0,0.0],"evs":[0.0,-0.84243]},"95s":{"weight":1.0,"played":[1.0,0.0],"evs":[0.0,-0.60518]},"96s":{"weight":1.0,"played":[1.0,0.0],"evs":[0.0,-0.35097]},"97s":{"weight":1.0,"played":[1.0,0.0],"evs":[0.0,-0.12127]},"98s":{"weight":1.0,"played":[0.0,1.0],"evs":[0.0,0.08817]},"99":{"weight":1.0,"played":[0.0,1.0],"evs":[0.0,2.70216]},"T9o":{"weight":1.0,"played":[1.0,0.0],"evs":[0.0,-0.16756]},"J9o":{"weight":1.0,"played":[1.0,0.0],"evs":[0.0,-0.21177]},"Q9o":{"weight":1.0,"played":[1.0,0.0],"evs":[0.0,-0.11033]},"K9o":{"weight":1.0,"played":[0.3182,0.6818],"evs":[0.0,-0.00613]},"A9o":{"weight":1.0,"played":[0.0,1.0],"evs":[0.0,0.81699]},"T2s":{"weight":1.0,"played":[1.0,0.0],"evs":[0.0,-0.79774]},"T3s":{"weight":1.0,"played":[1.0,0.0],"evs":[0.0,-0.71387]},"T4s":{"weight":1.0,"played":[1.0,0.0],"evs":[0.0,-0.62125]},"T5s":{"weight":1.0,"played":[1.0,0.0],"evs":[0.0,-0.60452]},"T6s":{"weight":1.0,"played":[1.0,0.0],"evs":[0.0,-0.34538]},"T7s":{"weight":1.0,"played":[0.9998,2.0E-4],"evs":[0.0,-0.09649]},"T8s":{"weight":1.0,"played":[0.0,1.0],"evs":[0.0,0.13434]},"T9s":{"weight":1.0,"played":[0.0,1.0],"evs":[0.0,0.44611]},"TT":{"weight":1.0,"played":[0.0,1.0],"evs":[0.0,3.41463]},"JTo":{"weight":1.0,"played":[0.0,1.0],"evs":[0.0,0.20667]},"QTo":{"weight":1.0,"played":[0.0,1.0],"evs":[0.0,0.33527]},"KTo":{"weight":1.0,"played":[0.0,1.0],"evs":[0.0,0.46533]},"ATo":{"weight":1.0,"played":[0.0,1.0],"evs":[0.0,1.49392]},"J2s":{"weight":1.0,"played":[1.0,0.0],"evs":[0.0,-0.65601]},"J3s":{"weight":1.0,"played":[1.0,0.0],"evs":[0.0,-0.55936]},"J4s":{"weight":1.0,"played":[1.0,0.0],"evs":[0.0,-0.49108]},"J5s":{"weight":1.0,"played":[1.0,0.0],"evs":[0.0,-0.43146]},"J6s":{"weight":1.0,"played":[1.0,0.0],"evs":[0.0,-0.38531]},"J7s":{"weight":1.0,"played":[0.9998,2.0E-4],"evs":[0.0,-0.14323]},"J8s":{"weight":1.0,"played":[2.0E-4,0.9998],"evs":[0.0,0.07614]},"J9s":{"weight":1.0,"played":[0.0,1.0],"evs":[0.0,0.40558]},"JTs":{"weight":1.0,"played":[0.0,1.0],"evs":[0.0,0.81077]},"JJ":{"weight":1.0,"played":[0.0,1.0],"evs":[0.0,4.13021]},"QJo":{"weight":1.0,"played":[0.0,1.0],"evs":[0.0,0.45191]},"KJo":{"weight":1.0,"played":[0.0,1.0],"evs":[0.0,0.74164]},"AJo":{"weight":1.0,"played":[0.0,1.0],"evs":[0.0,1.97768]},"Q2s":{"weight":1.0,"played":[1.0,0.0],"evs":[0.0,-0.44925]},"Q3s":{"weight":1.0,"played":[1.0,0.0],"evs":[0.0,-0.36804]},"Q4s":{"weight":1.0,"played":[1.0,0.0],"evs":[0.0,-0.27735]},"Q5s":{"weight":1.0,"played":[1.0,0.0],"evs":[0.0,-0.20266]},"Q6s":{"weight":1.0,"played":[1.0,0.0],"evs":[0.0,-0.12881]},"Q7s":{"weight":1.0,"played":[0.9977,0.0023],"evs":[0.0,-0.0646]},"Q8s":{"weight":1.0,"played":[0.0,1.0],"evs":[0.0,0.18359]},"Q9s":{"weight":1.0,"played":[0.0,1.0],"evs":[0.0,0.52883]},"QTs":{"weight":1.0,"played":[0.0,1.0],"evs":[0.0,0.92675]},"QJs":{"weight":1.0,"played":[0.0,1.0],"evs":[0.0,1.01324]},"QQ":{"weight":1.0,"played":[0.0,1.0],"evs":[0.0,5.01144]},"KQo":{"weight":1.0,"played":[0.0,1.0],"evs":[0.0,1.17942]},"AQo":{"weight":1.0,"played":[0.0,1.0],"evs":[0.0,2.53281]},"K2s":{"weight":1.0,"played":[1.0,0.0],"evs":[0.0,-0.20516]},"K3s":{"weight":1.0,"played":[1.0,0.0],"evs":[0.0,-0.09214]},"K4s":{"weight":1.0,"played":[0.997,0.003],"evs":[0.0,-0.05094]},"K5s":{"weight":1.0,"played":[1.0E-4,0.9999],"evs":[0.0,0.05529]},"K6s":{"weight":1.0,"played":[0.0,1.0],"evs":[0.0,0.15173]},"K7s":{"weight":1.0,"played":[0.0,1.0],"evs":[0.0,0.26479]},"K8s":{"weight":1.0,"played":[0.0,1.0],"evs":[0.0,0.31577]},"K9s":{"weight":1.0,"played":[0.0,1.0],"evs":[0.0,0.62886]},"KTs":{"weight":1.0,"played":[0.0,1.0],"evs":[0.0,1.07809]},"KJs":{"weight":1.0,"played":[0.0,1.0],"evs":[0.0,1.32889]},"KQs":{"weight":1.0,"played":[0.0,1.0],"evs":[0.0,1.70174]},"KK":{"weight":1.0,"played":[0.0,1.0],"evs":[0.0,6.11686]},"AKo":{"weight":1.0,"played":[0.0,1.0],"evs":[0.0,3.19767]},"A2s":{"weight":1.0,"played":[0.0,1.0],"evs":[0.0,0.44562]},"A3s":{"weight":1.0,"played":[0.0,1.0],"evs":[0.0,0.57355]},"A4s":{"weight":1.0,"played":[0.0,1.0],"evs":[0.0,0.64755]},"A5s":{"weight":1.0,"played":[0.0,1.0],"evs":[0.0,0.76252]},"A6s":{"weight":1.0,"played":[0.0,1.0],"evs":[0.0,0.66337]},"A7s":{"weight":1.0,"played":[0.0,1.0],"evs":[0.0,0.83833]},"A8s":{"weight":1.0,"played":[0.0,1.0],"evs":[0.0,1.05815]},"A9s":{"weight":1.0,"played":[0.0,1.0],"evs":[0.0,1.42334]},"ATs":{"weight":1.0,"played":[0.0,1.0],"evs":[0.0,2.05186]},"AJs":{"weight":1.0,"played":[0.0,1.0],"evs":[0.0,2.49504]},"AQs":{"weight":1.0,"played":[0.0,1.0],"evs":[0.0,3.02227]},"AKs":{"weight":1.0,"played":[0.0,1.0],"evs":[0.0,3.61764]},"AA":{"weight":1.0,"played":[0.0,1.0],"evs":[0.0,8.14133]}}}