{"player":5,"street":0,"children":2,"sequence":[{"player":0,"type":"R","amount":5600000,"street":0},{"player":1,"type":"R","amount":8160000,"street":0},{"player":2,"type":"R","amount":27360000,"street":0},{"player":3,"type":"F","amount":0,"street":0},{"player":4,"type":"F","amount":0,"street":0}],"actions":[{"type":"F","amount":0,"node":253},{"type":"C","amount":16480000,"node":254}],"hands":{"22":{"weight":1.0,"played":[1.0,0.0],"evs":[0.0,-2.78849]},"32o":{"weight":1.0,"played":[1.0,0.0],"evs":[0.0,-4.51426]},"42o":{"weight":1.0,"played":[1.0,0.0],"evs":[0.0,-4.36031]},"52o":{"weight":1.0,"played":[1.0,0.0],"evs":[0.0,-4.18918]},"62o":{"weight":1.0,"played":[1.0,0.0],"evs":[0.0,-4.36612]},"72o":{"weight":1.0,"played":[1.0,0.0],"evs":[0.0,-4.70259]},"82o":{"weight":1.0,"played":[1.0,0.0],"evs":[0.0,-4.53757]},"92o":{"weight":1.0,"played":[1.0,0.0],"evs":[0.0,-4.53553]},"T2o":{"weight":1.0,"played":[1.0,0.0],"evs":[0.0,-4.41002]},"J2o":{"weight":1.0,"played":[1.0,0.0],"evs":[0.0,-4.35263]},"Q2o":{"weight":1.0,"played":[1.0,0.0],"evs":[0.0,-4.39243]},"K2o":{"weight":1.0,"played":[1.0,0.0],"evs":[0.0,-4.0772]},"A2o":{"weight":1.0,"played":[1.0,0.0],"evs":[0.0,-3.58323]},"32s":{"weight":1.0,"played":[1.0,0.0],"evs":[0.0,-3.72281]},"33":{"weight":1.0,"played":[1.0,0.0],"evs":[0.0,-2.73905]},"43o":{"weight":1.0,"played":[1.0,0.0],"evs":[0.0,-4.11753]},"53o":{"weight":1.0,"played":[1.0,0.0],"evs":[0.0,-3.87347]},"63o":{"weight":1.0,"played":[1.0,0.0],"evs":[0.0,-4.0853]},"73o":{"weight":1.0,"played":[1.0,0.0],"evs":[0.0,-4.28365]},"83o":{"weight":1.0,"played":[1.0,0.0],"evs":[0.0,-4.53025]},"93o":{"weight":1.0,"played":[1.0,0.0],"evs":[0.0,-4.35106]},"T3o":{"weight":1.0,"played":[1.0,0.0],"evs":[0.0,-4.42887]},"J3o":{"weight":1.0,"played":[1.0,0.0],"evs":[0.0,-4.365]},"Q3o":{"weight":1.0,"played":[1.0,0.0],"evs":[0.0,-4.32376]},"K3o":{"weight":1.0,"played":[1.0,0.0],"evs":[0.0,-3.96873]},"A3o":{"weight":1.0,"played":[1.0,0.0],"evs":[0.0,-3.42073]},"42s":{"weight":1.0,"played":[1.0,0.0],"evs":[0.0,-3.64098]},"43s":{"weight":1.0,"played":[1.0,0.0],"evs":[0.0,-3.29783]},"44":{"weight":1.0,"played":[1.0,0.0],"evs":[0.0,-2.40872]},"54o":{"weight":1.0,"played":[1.0,0.0],"evs":[0.0,-3.52301]},"64o":{"weight":1.0,"played":[1.0,0.0],"evs":[0.0,-3.76059]},"74o":{"weight":1.0,"played":[1.0,0.0],"evs":[0.0,-3.92293]},"84o":{"weight":1.0,"played":[1.0,0.0],"evs":[0.0,-4.0796]},"94o":{"weight":1.0,"played":[1.0,0.0],"evs":[0.0,-4.34403]},"T4o":{"weight":1.0,"played":[1.0,0.0],"evs":[0.0,-4.26788]},"J4o":{"weight":1.0,"played":[1.0,0.0],"evs":[0.0,-4.16401]},"Q4o":{"weight":1.0,"played":[1.0,0.0],"evs":[0.0,-4.23844]},"K4o":{"weight":1.0,"played":[1.0,0.0],"evs":[0.0,-3.91115]},"A4o":{"weight":1.0,"played":[1.0,0.0],"evs":[0.0,-3.36989]},"52s":{"weight":1.0,"played":[1.0,0.0],"evs":[0.0,-3.44663]},"53s":{"weight":1.0,"played":[1.0,0.0],"evs":[0.0,-3.16978]},"54s":{"weight":1.0,"played":[1.0,0.0],"evs":[0.0,-2.68144]},"55":{"weight":1.0,"played":[1.0,0.0],"evs":[0.0,-1.8101]},"65o":{"weight":1.0,"played":[1.0,0.0],"evs":[0.0,-3.25535]},"75o":{"weight":1.0,"played":[1.0,0.0],"evs":[0.0,-3.58846]},"85o":{"weight":1.0,"played":[1.0,0.0],"evs":[0.0,-3.81206]},"95o":{"weight":1.0,"played":[1.0,0.0],"evs":[0.0,-3.90677]},"T5o":{"weight":1.0,"played":[1.0,0.0],"evs":[0.0,-4.23965]},"J5o":{"weight":1.0,"played":[1.0,0.0],"evs":[0.0,-4.07877]},"Q5o":{"weight":1.0,"played":[1.0,0.0],"evs":[0.0,-4.01562]},"K5o":{"weight":1.0,"played":[1.0,0.0],"evs":[0.0,-3.73609]},"A5o":{"weight":1.0,"played":[1.0,0.0],"evs":[0.0,-3.20185]},"62s":{"weight":1.0,"played":[1.0,0.0],"evs":[0.0,-3.59721]},"63s":{"weight":1.0,"played":[1.0,0.0],"evs":[0.0,-3.23897]},"64s":{"weight":1.0,"played":[1.0,0.0],"evs":[0.0,-2.77528]},"65s":{"weight":1.0,"played":[1.0,0.0],"evs":[0.0,-2.48417]},"66":{"weight":1.0,"played":[0.9999,1.0E-4],"evs":[0.0,-1.47904]},"76o":{"weight":1.0,"played":[1.0,0.0],"evs":[0.0,-3.35299]},"86o":{"weight":1.0,"played":[1.0,0.0],"evs":[0.0,-3.42049]},"96o":{"weight":1.0,"played":[1.0,0.0],"evs":[0.0,-3.66512]},"T6o":{"weight":1.0,"played":[1.0,0.0],"evs":[0.0,-3.91725]},"J6o":{"weight":1.0,"played":[1.0,0.0],"evs":[0.0,-4.02965]},"Q6o":{"weight":1.0,"played":[1.0,0.0],"evs":[0.0,-3.97285]},"K6o":{"weight":1.0,"played":[1.0,0.0],"evs":[0.0,-3.60644]},"A6o":{"weight":1.0,"played":[1.0,0.0],"evs":[0.0,-3.49139]},"72s":{"weight":1.0,"played":[1.0,0.0],"evs":[0.0,-3.96051]},"73s":{"weight":1.0,"played":[1.0,0.0],"evs":[0.0,-3.50799]},"74s":{"weight":1.0,"played":[1.0,0.0],"evs":[0.0,-3.22718]},"75s":{"weight":1.0,"played":[1.0,0.0],"evs":[0.0,-2.77538]},"76s":{"weight":1.0,"played":[1.0,0.0],"evs":[0.0,-2.52509]},"77":{"weight":1.0,"played":[0.9998,2.0E-4],"evs":[0.0,-1.12889]},"87o":{"weight":1.0,"played":[1.0,0.0],"evs":[0.0,-3.18017]},"97o":{"weight":1.0,"played":[1.0,0.0],"evs":[0.0,-3.43253]},"T7o":{"weight":1.0,"played":[1.0,0.0],"evs":[0.0,-3.53516]},"J7o":{"weight":1.0,"played":[1.0,0.0],"evs":[0.0,-3.77682]},"Q7o":{"weight":1.0,"played":[1.0,0.0],"evs":[0.0,-3.9119]},"K7o":{"weight":1.0,"played":[1.0,0.0],"evs":[0.0,-3.56284]},"A7o":{"weight":1.0,"played":[1.0,0.0],"evs":[0.0,-3.28388]},"82s":{"weight":1.0,"played":[1.0,0.0],"evs":[0.0,-3.63284]},"83s":{"weight":1.0,"played":[1.0,0.0],"evs":[0.0,-3.78023]},"84s":{"weight":1.0,"played":[1.0,0.0],"evs":[0.0,-3.47878]},"85s":{"weight":1.0,"played":[1.0,0.0],"evs":[0.0,-2.96064]},"86s":{"weight":1.0,"played":[1.0,0.0],"evs":[0.0,-2.71482]},"87s":{"weight":1.0,"played":[0.9999,1.0E-4],"evs":[0.0,-2.46428]},"88":{"weight":1.0,"played":[0.9984,0.0016],"evs":[0.0,-0.59596]},"98o":{"weight":1.0,"played":[1.0,0.0],"evs":[0.0,-3.1364]},"T8o":{"weight":1.0,"played":[1.0,0.0],"evs":[0.0,-3.23826]},"J8o":{"weight":1.0,"played":[1.0,0.0],"evs":[0.0,-3.53368]},"Q8o":{"weight":1.0,"played":[1.0,0.0],"evs":[0.0,-3.6395]},"K8o":{"weight":1.0,"played":[1.0,0.0],"evs":[0.0,-3.42172]},"A8o":{"weight":1.0,"played":[1.0,0.0],"evs":[0.0,-3.13873]},"92s":{"weight":1.0,"played":[1.0,0.0],"evs":[0.0,-3.82908]},"93s":{"weight":1.0,"played":[1.0,0.0],"evs":[0.0,-3.66473]},"94s":{"weight":1.0,"played":[1.0,0.0],"evs":[0.0,-3.59775]},"95s":{"weight":1.0,"played":[1.0,0.0],"evs":[0.0,-3.09016]},"96s":{"weight":1.0,"played":[1.0,0.0],"evs":[0.0,-2.88837]},"97s":{"weight":1.0,"played":[1.0,0.0],"evs":[0.0,-2.61221]},"98s":{"weight":1.0,"played":[1.0,0.0],"evs":[0.0,-2.58849]},"99":{"weight":1.0,"played":[2.0E-4,0.9998],"evs":[0.0,0.20943]},"T9o":{"weight":1.0,"played":[1.0,0.0],"evs":[0.0,-3.09249]},"J9o":{"weight":1.0,"played":[1.0,0.0],"evs":[0.0,-3.20259]},"Q9o":{"weight":1.0,"played":[1.0,0.0],"evs":[0.0,-3.38205]},"K9o":{"weight":1.0,"played":[1.0,0.0],"evs":[0.0,-3.14638]},"A9o":{"weight":1.0,"played":[1.0,0.0],"evs":[0.0,-3.01788]},"T2s":{"weight":1.0,"played":[1.0,0.0],"evs":[0.0,-3.57652]},"T3s":{"weight":1.0,"played":[1.0,0.0],"evs":[0.0,-3.62641]},"T4s":{"weight":1.0,"played":[1.0,0.0],"evs":[0.0,-3.30624]},"T5s":{"weight":1.0,"played":[1.0,0.0],"evs":[0.0,-3.54463]},"T6s":{"weight":1.0,"played":[1.0,0.0],"evs":[0.0,-3.05864]},"T7s":{"weight":1.0,"played":[0.9999,1.0E-4],"evs":[0.0,-2.72989]},"T8s":{"weight":1.0,"played":[0.9999,1.0E-4],"evs":[0.0,-2.44077]},"T9s":{"weight":1.0,"played":[1.0,0.0],"evs":[0.0,-2.40196]},"TT":{"weight":1.0,"played":[0.0,1.0],"evs":[0.0,1.06329]},"JTo":{"weight":1.0,"played":[1.0,0.0],"evs":[0.0,-2.89397]},"QTo":{"weight":1.0,"played":[1.0,0.0],"evs":[0.0,-3.10569]},"KTo":{"weight":1.0,"played":[1.0,0.0],"evs":[0.0,-2.592]},"ATo":{"weight":1.0,"played":[1.0,0.0],"evs":[0.0,-2.45659]},"J2s":{"weight":1.0,"played":[1.0,0.0],"evs":[0.0,-3.57038]},"J3s":{"weight":1.0,"played":[1.0,0.0],"evs":[0.0,-3.44509]},"J4s":{"weight":1.0,"played":[1.0,0.0],"evs":[0.0,-3.31523]},"J5s":{"weight":1.0,"played":[1.0,0.0],"evs":[0.0,-3.18701]},"J6s":{"weight":1.0,"played":[1.0,0.0],"evs":[0.0,-3.17061]},"J7s":{"weight":1.0,"played":[1.0,0.0],"evs":[0.0,-2.89098]},"J8s":{"weight":1.0,"played":[1.0,0.0],"evs":[0.0,-2.67049]},"J9s":{"weight":1.0,"played":[1.0,0.0],"evs":[0.0,-2.44034]},"JTs":{"weight":1.0,"played":[1.0,0.0],"evs":[0.0,-1.95653]},"JJ":{"weight":1.0,"played":[0.0,1.0],"evs":[0.0,1.9734]},"QJo":{"weight":1.0,"played":[1.0,0.0],"evs":[0.0,-2.76495]},"KJo":{"weight":1.0,"played":[1.0,0.0],"evs":[0.0,-2.41499]},"AJo":{"weight":1.0,"played":[1.0,0.0],"evs":[0.0,-2.04344]},"Q2s":{"weight":1.0,"played":[1.0,0.0],"evs":[0.0,-3.45605]},"Q3s":{"weight":1.0,"played":[1.0,0.0],"evs":[0.0,-3.4882]},"Q4s":{"weight":1.0,"played":[1.0,0.0],"evs":[0.0,-3.25116]},"Q5s":{"weight":1.0,"played":[1.0,0.0],"evs":[0.0,-3.17643]},"Q6s":{"weight":1.0,"played":[1.0,0.0],"evs":[0.0,-3.02336]},"Q7s":{"weight":1.0,"played":[1.0,0.0],"evs":[0.0,-3.14271]},"Q8s":{"weight":1.0,"played":[1.0,0.0],"evs":[0.0,-2.83836]},"Q9s":{"weight":1.0,"played":[1.0,0.0],"evs":[0.0,-2.56376]},"QTs":{"weight":1.0,"played":[1.0,0.0],"evs":[0.0,-2.05294]},"QJs":{"weight":1.0,"played":[1.0,0.0],"evs":[0.0,-1.94113]},"QQ":{"weight":1.0,"played":[0.0,1.0],"evs":[0.0,3.48071]},"KQo":{"weight":1.0,"played":[1.0,0.0],"evs":[0.0,-2.06674]},"AQo":{"weight":1.0,"played":[1.0,0.0],"evs":[0.0,-1.35904]},"K2s":{"weight":1.0,"played":[1.0,0.0],"evs":[0.0,-3.16987]},"K3s":{"weight":1.0,"played":[1.0,0.0],"evs":[0.0,-3.19761]},"K4s":{"weight":1.0,"played":[1.0,0.0],"evs":[0.0,-3.0179]},"K5s":{"weight":1.0,"played":[1.0,0.0],"evs":[0.0,-2.94043]},"K6s":{"weight":1.0,"played":[1.0,0.0],"evs":[0.0,-2.76064]},"K7s":{"weight":1.0,"played":[1.0,0.0],"evs":[0.0,-2.74832]},"K8s":{"weight":1.0,"played":[1.0,0.0],"evs":[0.0,-2.50908]},"K9s":{"weight":1.0,"played":[0.9999,1.0E-4],"evs":[0.0,-2.29264]},"KTs":{"weight":1.0,"played":[1.0,0.0],"evs":[0.0,-1.78916]},"KJs":{"weight":1.0,"played":[0.9995,5.0E-4],"evs":[0.0,-1.57857]},"KQs":{"weight":1.0,"played":[0.9999,1.0E-4],"evs":[0.0,-1.41411]},"KK":{"weight":1.0,"played":[0.0,1.0],"evs":[0.0,5.29201]},"AKo":{"weight":1.0,"played":[0.9989,0.0011],"evs":[0.0,-0.29583]},"A2s":{"weight":1.0,"played":[1.0,0.0],"evs":[0.0,-2.79732]},"A3s":{"weight":1.0,"played":[1.0,0.0],"evs":[0.0,-2.49952]},"A4s":{"weight":1.0,"played":[1.0,0.0],"evs":[0.0,-2.57502]},"A5s":{"weight":1.0,"played":[0.9998,2.0E-4],"evs":[0.0,-2.32921]},"A6s":{"weight":1.0,"played":[1.0,0.0],"evs":[0.0,-2.68598]},"A7s":{"weight":1.0,"played":[1.0,0.0],"evs":[0.0,-2.60393]},"A8s":{"weight":1.0,"played":[1.0,0.0],"evs":[0.0,-2.25078]},"A9s":{"weight":1.0,"played":[0.9999,1.0E-4],"evs":[0.0,-2.03199]},"ATs":{"weight":1.0,"played":[0.9996,4.0E-4],"evs":[0.0,-1.6792]},"AJs":{"weight":1.0,"played":[0.9987,0.0013],"evs":[0.0,-1.19367]},"AQs":{"weight":1.0,"played":[0.9982,0.0018],"evs":[0.0,-0.51481]},"AKs":{"weight":1.0,"played":[0.0,1.0],"evs":[0.0,0.15666]},"AA":{"weight":1.0,"played":[0.0,1.0],"evs":[0.0,7.03733]}}}