{"player":5,"street":0,"children":2,"sequence":[{"player":0,"type":"R","amount":5600000,"street":0},{"player":1,"type":"R","amount":8160000,"street":0},{"player":2,"type":"R","amount":27360000,"street":0},{"player":3,"type":"C","amount":27360000,"street":0},{"player":4,"type":"C","amount":8480000,"street":0}],"actions":[{"type":"F","amount":0,"node":263},{"type":"C","amount":16480000,"node":264}],"hands":{"22":{"weight":1.0,"played":[0.9594,0.0406],"evs":[0.0,-7.8245]},"32o":{"weight":1.0,"played":[1.0,0.0],"evs":[0.0,-4.13624]},"42o":{"weight":1.0,"played":[1.0,0.0],"evs":[0.0,-7.39109]},"52o":{"weight":1.0,"played":[0.8779,0.1221],"evs":[0.0,-6.57791]},"62o":{"weight":1.0,"played":[0.9887,0.0113],"evs":[0.0,-1.11572]},"72o":{"weight":1.0,"played":[1.0,0.0],"evs":[0.0,-1.75812]},"82o":{"weight":1.0,"played":[0.9983,0.0017],"evs":[0.0,-4.17969]},"92o":{"weight":1.0,"played":[0.4088,0.5912],"evs":[0.0,-1.37777]},"T2o":{"weight":1.0,"played":[1.0,0.0],"evs":[0.0,-7.26576]},"J2o":{"weight":1.0,"played":[1.0,0.0],"evs":[0.0,-8.06227]},"Q2o":{"weight":1.0,"played":[0.8499,0.1501],"evs":[0.0,-6.19741]},"K2o":{"weight":1.0,"played":[0.99,0.01],"evs":[0.0,-3.9387]},"A2o":{"weight":1.0,"played":[0.8832,0.1168],"evs":[0.0,-2.04879]},"32s":{"weight":1.0,"played":[0.9712,0.0288],"evs":[0.0,-4.14717]},"33":{"weight":1.0,"played":[0.9847,0.0153],"evs":[0.0,-7.60411]},"43o":{"weight":1.0,"played":[1.0,0.0],"evs":[0.0,-3.4929]},"53o":{"weight":1.0,"played":[0.7519,0.2481],"evs":[0.0,2.24483]},"63o":{"weight":1.0,"played":[0.6066,0.3934],"evs":[0.0,-0.27038]},"73o":{"weight":1.0,"played":[0.994,0.006],"evs":[0.0,-2.65486]},"83o":{"weight":1.0,"played":[0.9069,0.0931],"evs":[0.0,-5.48019]},"93o":{"weight":1.0,"played":[0.9279,0.0721],"evs":[0.0,-7.57392]},"T3o":{"weight":1.0,"played":[0.6699,0.3301],"evs":[0.0,-2.39426]},"J3o":{"weight":1.0,"played":[0.9807,0.0193],"evs":[0.0,-7.19546]},"Q3o":{"weight":1.0,"played":[0.9744,0.0256],"evs":[0.0,-6.02335]},"K3o":{"weight":1.0,"played":[0.6474,0.3526],"evs":[0.0,-4.01502]},"A3o":{"weight":1.0,"played":[0.9935,0.0065],"evs":[0.0,-0.01011]},"42s":{"weight":1.0,"played":[1.0,0.0],"evs":[0.0,-8.75322]},"43s":{"weight":1.0,"played":[0.9775,0.0225],"evs":[0.0,-1.89582]},"44":{"weight":1.0,"played":[0.824,0.176],"evs":[0.0,-2.89665]},"54o":{"weight":1.0,"played":[0.6685,0.3315],"evs":[0.0,-2.36068]},"64o":{"weight":1.0,"played":[1.0,0.0],"evs":[0.0,-7.8044]},"74o":{"weight":1.0,"played":[0.9881,0.0119],"evs":[0.0,-6.64321]},"84o":{"weight":1.0,"played":[1.0,0.0],"evs":[0.0,-2.97504]},"94o":{"weight":1.0,"played":[0.2945,0.7055],"evs":[0.0,-1.96625]},"T4o":{"weight":1.0,"played":[0.9975,0.0025],"evs":[0.0,-3.62772]},"J4o":{"weight":1.0,"played":[0.9888,0.0112],"evs":[0.0,-6.51046]},"Q4o":{"weight":1.0,"played":[0.5577,0.4423],"evs":[0.0,-1.81988]},"K4o":{"weight":1.0,"played":[0.7262,0.2738],"evs":[0.0,-1.1897]},"A4o":{"weight":1.0,"played":[0.2887,0.7113],"evs":[0.0,0.36896]},"52s":{"weight":1.0,"played":[0.4163,0.5837],"evs":[0.0,7.11619]},"53s":{"weight":1.0,"played":[0.8646,0.1354],"evs":[0.0,-5.50416]},"54s":{"weight":1.0,"played":[1.0,0.0],"evs":[0.0,-2.79586]},"55":{"weight":1.0,"played":[1.0,0.0],"evs":[0.0,-2.63427]},"65o":{"weight":1.0,"played":[0.9971,0.0029],"evs":[0.0,-4.71097]},"75o":{"weight":1.0,"played":[0.9223,0.0777],"evs":[0.0,-7.10826]},"85o":{"weight":1.0,"played":[0.9352,0.0648],"evs":[0.0,-6.0978]},"95o":{"weight":1.0,"played":[0.655,0.345],"evs":[0.0,-2.80829]},"T5o":{"weight":1.0,"played":[0.8988,0.1012],"evs":[0.0,-5.10884]},"J5o":{"weight":1.0,"played":[0.9799,0.0201],"evs":[0.0,-6.74931]},"Q5o":{"weight":1.0,"played":[0.846,0.154],"evs":[0.0,-4.31571]},"K5o":{"weight":1.0,"played":[1.0,0.0],"evs":[0.0,-4.87401]},"A5o":{"weight":1.0,"played":[0.9263,0.0737],"evs":[0.0,-5.86042]},"62s":{"weight":1.0,"played":[0.2396,0.7604],"evs":[0.0,6.11664]},"63s":{"weight":1.0,"played":[0.4944,0.5056],"evs":[0.0,7.92885]},"64s":{"weight":1.0,"played":[0.7781,0.2219],"evs":[0.0,3.69913]},"65s":{"weight":1.0,"played":[1.0,0.0],"evs":[0.0,-7.43564]},"66":{"weight":1.0,"played":[0.9999,1.0E-4],"evs":[0.0,-7.439]},"76o":{"weight":1.0,"played":[0.9999,1.0E-4],"evs":[0.0,-3.53788]},"86o":{"weight":1.0,"played":[0.9514,0.0486],"evs":[0.0,-6.08872]},"96o":{"weight":1.0,"played":[0.9229,0.0771],"evs":[0.0,-5.05354]},"T6o":{"weight":1.0,"played":[0.9844,0.0156],"evs":[0.0,-5.06134]},"J6o":{"weight":1.0,"played":[1.0,0.0],"evs":[0.0,-5.64573]},"Q6o":{"weight":1.0,"played":[0.9195,0.0805],"evs":[0.0,-7.49148]},"K6o":{"weight":1.0,"played":[0.845,0.155],"evs":[0.0,-5.25775]},"A6o":{"weight":1.0,"played":[0.9719,0.0281],"evs":[0.0,-7.47919]},"72s":{"weight":1.0,"played":[0.4649,0.5351],"evs":[0.0,0.89183]},"73s":{"weight":1.0,"played":[1.0,0.0],"evs":[0.0,-6.69057]},"74s":{"weight":1.0,"played":[0.5294,0.4706],"evs":[0.0,2.45233]},"75s":{"weight":1.0,"played":[0.4754,0.5246],"evs":[0.0,-5.95624]},"76s":{"weight":1.0,"played":[0.8945,0.1055],"evs":[0.0,3.59108]},"77":{"weight":1.0,"played":[1.0,0.0],"evs":[0.0,-7.42607]},"87o":{"weight":1.0,"played":[0.4093,0.5907],"evs":[0.0,-1.85766]},"97o":{"weight":1.0,"played":[0.9736,0.0264],"evs":[0.0,-7.60049]},"T7o":{"weight":1.0,"played":[0.9764,0.0236],"evs":[0.0,-7.74743]},"J7o":{"weight":1.0,"played":[0.9148,0.0852],"evs":[0.0,-5.66334]},"Q7o":{"weight":1.0,"played":[0.9675,0.0325],"evs":[0.0,-3.72179]},"K7o":{"weight":1.0,"played":[0.9849,0.0151],"evs":[0.0,-4.74809]},"A7o":{"weight":1.0,"played":[0.852,0.148],"evs":[0.0,-6.47088]},"82s":{"weight":1.0,"played":[0.9162,0.0838],"evs":[0.0,-7.81129]},"83s":{"weight":1.0,"played":[0.8544,0.1456],"evs":[0.0,-7.85685]},"84s":{"weight":1.0,"played":[0.0218,0.9782],"evs":[0.0,0.03809]},"85s":{"weight":1.0,"played":[0.7087,0.2913],"evs":[0.0,-5.59718]},"86s":{"weight":1.0,"played":[0.7732,0.2268],"evs":[0.0,-5.17288]},"87s":{"weight":1.0,"played":[0.9262,0.0738],"evs":[0.0,-4.36845]},"88":{"weight":1.0,"played":[0.8622,0.1378],"evs":[0.0,-6.09844]},"98o":{"weight":1.0,"played":[0.9698,0.0302],"evs":[0.0,-3.85214]},"T8o":{"weight":1.0,"played":[0.8471,0.1529],"evs":[0.0,3.77797]},"J8o":{"weight":1.0,"played":[1.0,0.0],"evs":[0.0,-5.19203]},"Q8o":{"weight":1.0,"played":[1.0,0.0],"evs":[0.0,-4.86675]},"K8o":{"weight":1.0,"played":[0.792,0.208],"evs":[0.0,-4.43762]},"A8o":{"weight":1.0,"played":[0.9616,0.0384],"evs":[0.0,-8.30586]},"92s":{"weight":1.0,"played":[0.7933,0.2067],"evs":[0.0,3.47374]},"93s":{"weight":1.0,"played":[1.0,0.0],"evs":[0.0,-4.48262]},"94s":{"weight":1.0,"played":[1.0,0.0],"evs":[0.0,-7.3036]},"95s":{"weight":1.0,"played":[1.0,0.0],"evs":[0.0,-8.05714]},"96s":{"weight":1.0,"played":[0.6832,0.3168],"evs":[0.0,0.11833]},"97s":{"weight":1.0,"played":[1.0,0.0],"evs":[0.0,2.28947]},"98s":{"weight":1.0,"played":[0.7948,0.2052],"evs":[0.0,-7.27306]},"99":{"weight":1.0,"played":[0.629,0.371],"evs":[0.0,-5.27605]},"T9o":{"weight":1.0,"played":[0.831,0.169],"evs":[0.0,-5.7693]},"J9o":{"weight":1.0,"played":[0.6377,0.3623],"evs":[0.0,-3.72098]},"Q9o":{"weight":1.0,"played":[1.0,0.0],"evs":[0.0,-4.51784]},"K9o":{"weight":1.0,"played":[0.8928,0.1072],"evs":[0.0,-6.36591]},"A9o":{"weight":1.0,"played":[0.7549,0.2451],"evs":[0.0,-5.79881]},"T2s":{"weight":1.0,"played":[0.8762,0.1238],"evs":[0.0,-7.04866]},"T3s":{"weight":1.0,"played":[0.997,0.003],"evs":[0.0,-8.57171]},"T4s":{"weight":1.0,"played":[0.5138,0.4862],"evs":[0.0,3.60634]},"T5s":{"weight":1.0,"played":[0.2871,0.7129],"evs":[0.0,8.38496]},"T6s":{"weight":1.0,"played":[0.4553,0.5447],"evs":[0.0,10.21464]},"T7s":{"weight":1.0,"played":[0.546,0.454],"evs":[0.0,-0.00435]},"T8s":{"weight":1.0,"played":[0.9341,0.0659],"evs":[0.0,-8.44063]},"T9s":{"weight":1.0,"played":[0.6714,0.3286],"evs":[0.0,1.84721]},"TT":{"weight":1.0,"played":[0.58,0.42],"evs":[0.0,-3.92787]},"JTo":{"weight":1.0,"played":[0.9341,0.0659],"evs":[0.0,-1.44954]},"QTo":{"weight":1.0,"played":[0.7906,0.2094],"evs":[0.0,-6.53682]},"KTo":{"weight":1.0,"played":[0.8783,0.1217],"evs":[0.0,-6.66814]},"ATo":{"weight":1.0,"played":[0.9744,0.0256],"evs":[0.0,-6.7728]},"J2s":{"weight":1.0,"played":[0.601,0.399],"evs":[0.0,0.68777]},"J3s":{"weight":1.0,"played":[0.6405,0.3595],"evs":[0.0,-5.22238]},"J4s":{"weight":1.0,"played":[0.3756,0.6244],"evs":[0.0,-3.15085]},"J5s":{"weight":1.0,"played":[1.0,0.0],"evs":[0.0,-8.00812]},"J6s":{"weight":1.0,"played":[0.0159,0.9841],"evs":[0.0,-0.43448]},"J7s":{"weight":1.0,"played":[0.4805,0.5195],"evs":[0.0,1.52998]},"J8s":{"weight":1.0,"played":[0.5438,0.4562],"evs":[0.0,-1.71011]},"J9s":{"weight":1.0,"played":[0.8608,0.1392],"evs":[0.0,-8.01887]},"JTs":{"weight":1.0,"played":[0.9635,0.0365],"evs":[0.0,-7.22082]},"JJ":{"weight":1.0,"played":[0.7699,0.2301],"evs":[0.0,-6.72375]},"QJo":{"weight":1.0,"played":[0.9147,0.0853],"evs":[0.0,-4.04298]},"KJo":{"weight":1.0,"played":[1.0,0.0],"evs":[0.0,-8.06067]},"AJo":{"weight":1.0,"played":[0.8177,0.1823],"evs":[0.0,-2.90047]},"Q2s":{"weight":1.0,"played":[0.5787,0.4213],"evs":[0.0,-6.26404]},"Q3s":{"weight":1.0,"played":[1.0,0.0],"evs":[0.0,-8.03496]},"Q4s":{"weight":1.0,"played":[0.5761,0.4239],"evs":[0.0,5.32788]},"Q5s":{"weight":1.0,"played":[0.9378,0.0622],"evs":[0.0,-8.49981]},"Q6s":{"weight":1.0,"played":[1.0,0.0],"evs":[0.0,-6.17973]},"Q7s":{"weight":1.0,"played":[0.911,0.089],"evs":[0.0,-7.51702]},"Q8s":{"weight":1.0,"played":[1.0,0.0],"evs":[0.0,-6.61512]},"Q9s":{"weight":1.0,"played":[0.3549,0.6451],"evs":[0.0,-0.88606]},"QTs":{"weight":1.0,"played":[0.1448,0.8552],"evs":[0.0,-1.05987]},"QJs":{"weight":1.0,"played":[0.9826,0.0174],"evs":[0.0,-1.04604]},"QQ":{"weight":1.0,"played":[0.9944,0.0056],"evs":[0.0,0.8753]},"KQo":{"weight":1.0,"played":[0.7881,0.2119],"evs":[0.0,-3.46675]},"AQo":{"weight":1.0,"played":[0.0,1.0],"evs":[0.0,0.51398]},"K2s":{"weight":1.0,"played":[0.8829,0.1171],"evs":[0.0,-8.65417]},"K3s":{"weight":1.0,"played":[0.5377,0.4623],"evs":[0.0,-3.4558]},"K4s":{"weight":1.0,"played":[0.8881,0.1119],"evs":[0.0,0.19142]},"K5s":{"weight":1.0,"played":[0.9124,0.0876],"evs":[0.0,-8.60023]},"K6s":{"weight":1.0,"played":[0.8192,0.1808],"evs":[0.0,-7.48314]},"K7s":{"weight":1.0,"played":[0.9942,0.0058],"evs":[0.0,-5.71386]},"K8s":{"weight":1.0,"played":[0.8956,0.1044],"evs":[0.0,-7.15631]},"K9s":{"weight":1.0,"played":[0.0,1.0],"evs":[0.0,9.87814]},"KTs":{"weight":1.0,"played":[0.5,0.5],"evs":[0.0,-7.26483]},"KJs":{"weight":1.0,"played":[0.4447,0.5553],"evs":[0.0,-0.74881]},"KQs":{"weight":1.0,"played":[0.7195,0.2805],"evs":[0.0,-3.35399]},"KK":{"weight":1.0,"played":[0.8432,0.1568],"evs":[0.0,6.24791]},"AKo":{"weight":1.0,"played":[0.4968,0.5032],"evs":[0.0,-6.66843]},"A2s":{"weight":1.0,"played":[0.5423,0.4577],"evs":[0.0,-5.02826]},"A3s":{"weight":1.0,"played":[0.6355,0.3645],"evs":[0.0,-4.48713]},"A4s":{"weight":1.0,"played":[0.7689,0.2311],"evs":[0.0,-3.14604]},"A5s":{"weight":1.0,"played":[1.0,0.0],"evs":[0.0,-8.06889]},"A6s":{"weight":1.0,"played":[1.0,0.0],"evs":[0.0,-5.80044]},"A7s":{"weight":1.0,"played":[0.5,0.5],"evs":[0.0,-8.08943]},"A8s":{"weight":1.0,"played":[0.032,0.968],"evs":[0.0,-3.37701]},"A9s":{"weight":1.0,"played":[0.9204,0.0796],"evs":[0.0,-8.67582]},"ATs":{"weight":1.0,"played":[0.5127,0.4873],"evs":[0.0,-3.52235]},"AJs":{"weight":1.0,"played":[0.5963,0.4037],"evs":[0.0,10.44393]},"AQs":{"weight":1.0,"played":[0.5,0.5],"evs":[0.0,0.0]},"AKs":{"weight":1.0,"played":[0.7672,0.2328],"evs":[0.0,-4.19752]},"AA":{"weight":1.0,"played":[0.3488,0.6512],"evs":[0.0,1.10796]}}}