{"player":6,"street":0,"children":2,"sequence":[{"player":0,"type":"F","amount":0,"street":0},{"player":1,"type":"F","amount":0,"street":0},{"player":2,"type":"R","amount":27360000,"street":0},{"player":3,"type":"C","amount":27360000,"street":0},{"player":4,"type":"F","amount":0,"street":0},{"player":5,"type":"C","amount":16480000,"street":0}],"actions":[{"type":"F","amount":0},{"type":"C","amount":7840000}],"hands":{"22":{"weight":1.0,"played":[1.0,0.0],"evs":[0.0,-4.14524]},"32o":{"weight":1.0,"played":[1.0,0.0],"evs":[0.0,-4.90226]},"42o":{"weight":1.0,"played":[1.0,0.0],"evs":[0.0,-4.77635]},"52o":{"weight":1.0,"played":[1.0,0.0],"evs":[0.0,-4.79945]},"62o":{"weight":1.0,"played":[1.0,0.0],"evs":[0.0,-5.00904]},"72o":{"weight":1.0,"played":[1.0,0.0],"evs":[0.0,-5.20679]},"82o":{"weight":1.0,"played":[1.0,0.0],"evs":[0.0,-5.26074]},"92o":{"weight":1.0,"played":[1.0,0.0],"evs":[0.0,-5.20547]},"T2o":{"weight":1.0,"played":[1.0,0.0],"evs":[0.0,-5.35201]},"J2o":{"weight":1.0,"played":[1.0,0.0],"evs":[0.0,-5.64029]},"Q2o":{"weight":1.0,"played":[1.0,0.0],"evs":[0.0,-5.71928]},"K2o":{"weight":1.0,"played":[1.0,0.0],"evs":[0.0,-5.14833]},"A2o":{"weight":1.0,"played":[1.0,0.0],"evs":[0.0,-4.78437]},"32s":{"weight":1.0,"played":[1.0,0.0],"evs":[0.0,-4.23292]},"33":{"weight":1.0,"played":[1.0,0.0],"evs":[0.0,-4.02811]},"43o":{"weight":1.0,"played":[1.0,0.0],"evs":[0.0,-4.47065]},"53o":{"weight":1.0,"played":[1.0,0.0],"evs":[0.0,-4.44773]},"63o":{"weight":1.0,"played":[1.0,0.0],"evs":[0.0,-4.61604]},"73o":{"weight":1.0,"played":[1.0,0.0],"evs":[0.0,-4.97093]},"83o":{"weight":1.0,"played":[1.0,0.0],"evs":[0.0,-5.26244]},"93o":{"weight":1.0,"played":[1.0,0.0],"evs":[0.0,-5.33753]},"T3o":{"weight":1.0,"played":[1.0,0.0],"evs":[0.0,-5.35587]},"J3o":{"weight":1.0,"played":[1.0,0.0],"evs":[0.0,-5.2948]},"Q3o":{"weight":1.0,"played":[1.0,0.0],"evs":[0.0,-5.55442]},"K3o":{"weight":1.0,"played":[1.0,0.0],"evs":[0.0,-5.07804]},"A3o":{"weight":1.0,"played":[1.0,0.0],"evs":[0.0,-4.63101]},"42s":{"weight":1.0,"played":[1.0,0.0],"evs":[0.0,-3.98218]},"43s":{"weight":1.0,"played":[1.0,0.0],"evs":[0.0,-3.91259]},"44":{"weight":1.0,"played":[1.0,0.0],"evs":[0.0,-4.06267]},"54o":{"weight":1.0,"played":[1.0,0.0],"evs":[0.0,-3.97839]},"64o":{"weight":1.0,"played":[1.0,0.0],"evs":[0.0,-4.32762]},"74o":{"weight":1.0,"played":[1.0,0.0],"evs":[0.0,-4.6486]},"84o":{"weight":1.0,"played":[1.0,0.0],"evs":[0.0,-4.91629]},"94o":{"weight":1.0,"played":[1.0,0.0],"evs":[0.0,-5.27948]},"T4o":{"weight":1.0,"played":[1.0,0.0],"evs":[0.0,-5.18609]},"J4o":{"weight":1.0,"played":[1.0,0.0],"evs":[0.0,-5.40099]},"Q4o":{"weight":1.0,"played":[1.0,0.0],"evs":[0.0,-5.5037]},"K4o":{"weight":1.0,"played":[1.0,0.0],"evs":[0.0,-4.84984]},"A4o":{"weight":1.0,"played":[1.0,0.0],"evs":[0.0,-4.5286]},"52s":{"weight":1.0,"played":[1.0,0.0],"evs":[0.0,-4.24302]},"53s":{"weight":1.0,"played":[1.0,0.0],"evs":[0.0,-3.64219]},"54s":{"weight":1.0,"played":[1.0,0.0],"evs":[0.0,-3.44024]},"55":{"weight":1.0,"played":[1.0,0.0],"evs":[0.0,-4.07925]},"65o":{"weight":1.0,"played":[1.0,0.0],"evs":[0.0,-4.04749]},"75o":{"weight":1.0,"played":[1.0,0.0],"evs":[0.0,-4.39693]},"85o":{"weight":1.0,"played":[1.0,0.0],"evs":[0.0,-4.60146]},"95o":{"weight":1.0,"played":[1.0,0.0],"evs":[0.0,-4.92193]},"T5o":{"weight":1.0,"played":[1.0,0.0],"evs":[0.0,-5.32282]},"J5o":{"weight":1.0,"played":[1.0,0.0],"evs":[0.0,-5.27539]},"Q5o":{"weight":1.0,"played":[1.0,0.0],"evs":[0.0,-5.37688]},"K5o":{"weight":1.0,"played":[1.0,0.0],"evs":[0.0,-4.95553]},"A5o":{"weight":1.0,"played":[1.0,0.0],"evs":[0.0,-4.3699]},"62s":{"weight":1.0,"played":[1.0,0.0],"evs":[0.0,-4.3223]},"63s":{"weight":1.0,"played":[1.0,0.0],"evs":[0.0,-3.66199]},"64s":{"weight":1.0,"played":[1.0,0.0],"evs":[0.0,-3.48087]},"65s":{"weight":1.0,"played":[1.0,0.0],"evs":[0.0,-3.43398]},"66":{"weight":1.0,"played":[1.0,0.0],"evs":[0.0,-3.98408]},"76o":{"weight":1.0,"played":[1.0,0.0],"evs":[0.0,-4.18228]},"86o":{"weight":1.0,"played":[1.0,0.0],"evs":[0.0,-4.39893]},"96o":{"weight":1.0,"played":[1.0,0.0],"evs":[0.0,-4.60674]},"T6o":{"weight":1.0,"played":[1.0,0.0],"evs":[0.0,-5.00509]},"J6o":{"weight":1.0,"played":[1.0,0.0],"evs":[0.0,-5.17753]},"Q6o":{"weight":1.0,"played":[1.0,0.0],"evs":[0.0,-5.42493]},"K6o":{"weight":1.0,"played":[1.0,0.0],"evs":[0.0,-4.95631]},"A6o":{"weight":1.0,"played":[1.0,0.0],"evs":[0.0,-4.69559]},"72s":{"weight":1.0,"played":[1.0,0.0],"evs":[0.0,-4.56337]},"73s":{"weight":1.0,"played":[1.0,0.0],"evs":[0.0,-4.34232]},"74s":{"weight":1.0,"played":[1.0,0.0],"evs":[0.0,-3.75949]},"75s":{"weight":1.0,"played":[1.0,0.0],"evs":[0.0,-3.74628]},"76s":{"weight":1.0,"played":[1.0,0.0],"evs":[0.0,-3.30702]},"77":{"weight":1.0,"played":[1.0,0.0],"evs":[0.0,-4.09734]},"87o":{"weight":1.0,"played":[1.0,0.0],"evs":[0.0,-4.16835]},"97o":{"weight":1.0,"played":[1.0,0.0],"evs":[0.0,-4.5198]},"T7o":{"weight":1.0,"played":[1.0,0.0],"evs":[0.0,-4.75161]},"J7o":{"weight":1.0,"played":[1.0,0.0],"evs":[0.0,-5.11739]},"Q7o":{"weight":1.0,"played":[1.0,0.0],"evs":[0.0,-5.59823]},"K7o":{"weight":1.0,"played":[1.0,0.0],"evs":[0.0,-5.01185]},"A7o":{"weight":1.0,"played":[1.0,0.0],"evs":[0.0,-4.7123]},"82s":{"weight":1.0,"played":[1.0,0.0],"evs":[0.0,-4.54237]},"83s":{"weight":1.0,"played":[1.0,0.0],"evs":[0.0,-4.48041]},"84s":{"weight":1.0,"played":[1.0,0.0],"evs":[0.0,-4.17545]},"85s":{"weight":1.0,"played":[1.0,0.0],"evs":[0.0,-3.99969]},"86s":{"weight":1.0,"played":[1.0,0.0],"evs":[0.0,-3.84565]},"87s":{"weight":1.0,"played":[1.0,0.0],"evs":[0.0,-3.5006]},"88":{"weight":1.0,"played":[1.0,0.0],"evs":[0.0,-4.0415]},"98o":{"weight":1.0,"played":[1.0,0.0],"evs":[0.0,-4.43032]},"T8o":{"weight":1.0,"played":[1.0,0.0],"evs":[0.0,-4.73186]},"J8o":{"weight":1.0,"played":[1.0,0.0],"evs":[0.0,-4.86379]},"Q8o":{"weight":1.0,"played":[1.0,0.0],"evs":[0.0,-5.41412]},"K8o":{"weight":1.0,"played":[1.0,0.0],"evs":[0.0,-4.96852]},"A8o":{"weight":1.0,"played":[1.0,0.0],"evs":[0.0,-4.76923]},"92s":{"weight":1.0,"played":[1.0,0.0],"evs":[0.0,-4.46533]},"93s":{"weight":1.0,"played":[1.0,0.0],"evs":[0.0,-4.54767]},"94s":{"weight":1.0,"played":[1.0,0.0],"evs":[0.0,-4.65249]},"95s":{"weight":1.0,"played":[1.0,0.0],"evs":[0.0,-4.44499]},"96s":{"weight":1.0,"played":[1.0,0.0],"evs":[0.0,-4.08533]},"97s":{"weight":1.0,"played":[1.0,0.0],"evs":[0.0,-3.7312]},"98s":{"weight":1.0,"played":[1.0,0.0],"evs":[0.0,-3.66492]},"99":{"weight":1.0,"played":[1.0,0.0],"evs":[0.0,-3.83787]},"T9o":{"weight":1.0,"played":[1.0,0.0],"evs":[0.0,-4.54893]},"J9o":{"weight":1.0,"played":[1.0,0.0],"evs":[0.0,-4.87139]},"Q9o":{"weight":1.0,"played":[1.0,0.0],"evs":[0.0,-5.26341]},"K9o":{"weight":1.0,"played":[1.0,0.0],"evs":[0.0,-4.74512]},"A9o":{"weight":1.0,"played":[1.0,0.0],"evs":[0.0,-4.8864]},"T2s":{"weight":1.0,"played":[1.0,0.0],"evs":[0.0,-4.53498]},"T3s":{"weight":1.0,"played":[1.0,0.0],"evs":[0.0,-4.80884]},"T4s":{"weight":1.0,"played":[1.0,0.0],"evs":[0.0,-4.41117]},"T5s":{"weight":1.0,"played":[1.0,0.0],"evs":[0.0,-4.62055]},"T6s":{"weight":1.0,"played":[1.0,0.0],"evs":[0.0,-4.38971]},"T7s":{"weight":1.0,"played":[1.0,0.0],"evs":[0.0,-4.00889]},"T8s":{"weight":1.0,"played":[1.0,0.0],"evs":[0.0,-4.08293]},"T9s":{"weight":1.0,"played":[1.0,0.0],"evs":[0.0,-3.74498]},"TT":{"weight":1.0,"played":[1.0,0.0],"evs":[0.0,-4.07402]},"JTo":{"weight":1.0,"played":[1.0,0.0],"evs":[0.0,-4.88862]},"QTo":{"weight":1.0,"played":[1.0,0.0],"evs":[0.0,-5.09814]},"KTo":{"weight":1.0,"played":[1.0,0.0],"evs":[0.0,-4.63562]},"ATo":{"weight":1.0,"played":[1.0,0.0],"evs":[0.0,-4.57602]},"J2s":{"weight":1.0,"played":[1.0,0.0],"evs":[0.0,-4.60111]},"J3s":{"weight":1.0,"played":[1.0,0.0],"evs":[0.0,-4.55424]},"J4s":{"weight":1.0,"played":[1.0,0.0],"evs":[0.0,-4.39098]},"J5s":{"weight":1.0,"played":[1.0,0.0],"evs":[0.0,-4.47383]},"J6s":{"weight":1.0,"played":[1.0,0.0],"evs":[0.0,-4.5859]},"J7s":{"weight":1.0,"played":[1.0,0.0],"evs":[0.0,-4.26321]},"J8s":{"weight":1.0,"played":[1.0,0.0],"evs":[0.0,-4.19756]},"J9s":{"weight":1.0,"played":[1.0,0.0],"evs":[0.0,-4.04575]},"JTs":{"weight":1.0,"played":[1.0,0.0],"evs":[0.0,-4.09085]},"JJ":{"weight":1.0,"played":[1.0,0.0],"evs":[0.0,-4.27971]},"QJo":{"weight":1.0,"played":[1.0,0.0],"evs":[0.0,-5.2305]},"KJo":{"weight":1.0,"played":[1.0,0.0],"evs":[0.0,-4.88386]},"AJo":{"weight":1.0,"played":[1.0,0.0],"evs":[0.0,-4.50048]},"Q2s":{"weight":1.0,"played":[1.0,0.0],"evs":[0.0,-4.88663]},"Q3s":{"weight":1.0,"played":[1.0,0.0],"evs":[0.0,-4.9172]},"Q4s":{"weight":1.0,"played":[1.0,0.0],"evs":[0.0,-4.74321]},"Q5s":{"weight":1.0,"played":[1.0,0.0],"evs":[0.0,-4.60621]},"Q6s":{"weight":1.0,"played":[1.0,0.0],"evs":[0.0,-4.54202]},"Q7s":{"weight":1.0,"played":[1.0,0.0],"evs":[0.0,-4.59251]},"Q8s":{"weight":1.0,"played":[1.0,0.0],"evs":[0.0,-4.45662]},"Q9s":{"weight":1.0,"played":[1.0,0.0],"evs":[0.0,-4.35404]},"QTs":{"weight":1.0,"played":[1.0,0.0],"evs":[0.0,-4.20629]},"QJs":{"weight":1.0,"played":[1.0,0.0],"evs":[0.0,-4.51262]},"QQ":{"weight":1.0,"played":[1.0,0.0],"evs":[0.0,-3.77368]},"KQo":{"weight":1.0,"played":[1.0,0.0],"evs":[0.0,-5.0086]},"AQo":{"weight":1.0,"played":[1.0,0.0],"evs":[0.0,-4.39312]},"K2s":{"weight":1.0,"played":[1.0,0.0],"evs":[0.0,-4.17779]},"K3s":{"weight":1.0,"played":[1.0,0.0],"evs":[0.0,-4.44522]},"K4s":{"weight":1.0,"played":[1.0,0.0],"evs":[0.0,-3.98726]},"K5s":{"weight":1.0,"played":[1.0,0.0],"evs":[0.0,-3.96782]},"K6s":{"weight":1.0,"played":[1.0,0.0],"evs":[0.0,-3.94314]},"K7s":{"weight":1.0,"played":[1.0,0.0],"evs":[0.0,-4.27557]},"K8s":{"weight":1.0,"played":[1.0,0.0],"evs":[0.0,-4.09302]},"K9s":{"weight":1.0,"played":[1.0,0.0],"evs":[0.0,-3.95757]},"KTs":{"weight":1.0,"played":[1.0,0.0],"evs":[0.0,-3.80782]},"KJs":{"weight":1.0,"played":[1.0,0.0],"evs":[0.0,-3.93637]},"KQs":{"weight":1.0,"played":[1.0,0.0],"evs":[0.0,-4.11593]},"KK":{"weight":1.0,"played":[0.976,0.024],"evs":[0.0,-0.27547]},"AKo":{"weight":1.0,"played":[1.0,0.0],"evs":[0.0,-3.16437]},"A2s":{"weight":1.0,"played":[1.0,0.0],"evs":[0.0,-3.85933]},"A3s":{"weight":1.0,"played":[1.0,0.0],"evs":[0.0,-3.81255]},"A4s":{"weight":1.0,"played":[1.0,0.0],"evs":[0.0,-3.76361]},"A5s":{"weight":1.0,"played":[1.0,0.0],"evs":[0.0,-3.55276]},"A6s":{"weight":1.0,"played":[1.0,0.0],"evs":[0.0,-3.7304]},"A7s":{"weight":1.0,"played":[1.0,0.0],"evs":[0.0,-4.06304]},"A8s":{"weight":1.0,"played":[1.0,0.0],"evs":[0.0,-3.88598]},"A9s":{"weight":1.0,"played":[1.0,0.0],"evs":[0.0,-3.94692]},"ATs":{"weight":1.0,"played":[1.0,0.0],"evs":[0.0,-3.493]},"AJs":{"weight":1.0,"played":[1.0,0.0],"evs":[0.0,-3.60559]},"AQs":{"weight":1.0,"played":[1.0,0.0],"evs":[0.0,-3.51736]},"AKs":{"weight":1.0,"played":[1.0,0.0],"evs":[0.0,-2.69166]},"AA":{"weight":1.0,"played":[0.0,1.0],"evs":[0.0,5.01447]}}}