{"player":6,"street":0,"children":2,"sequence":[{"player":0,"type":"F","amount":0,"street":0},{"player":1,"type":"F","amount":0,"street":0},{"player":2,"type":"R","amount":27360000,"street":0},{"player":3,"type":"C","amount":27360000,"street":0},{"player":4,"type":"C","amount":8480000,"street":0},{"player":5,"type":"C","amount":16480000,"street":0}],"actions":[{"type":"F","amount":0},{"type":"C","amount":7840000}],"hands":{"22":{"weight":1.0,"played":[0.9967,0.0033],"evs":[0.0,-4.11062]},"32o":{"weight":1.0,"played":[1.0,0.0],"evs":[0.0,-4.7652]},"42o":{"weight":1.0,"played":[0.9993,7.0E-4],"evs":[0.0,-4.38964]},"52o":{"weight":1.0,"played":[0.9998,2.0E-4],"evs":[0.0,-3.56128]},"62o":{"weight":1.0,"played":[1.0,0.0],"evs":[0.0,-3.88916]},"72o":{"weight":1.0,"played":[0.9997,3.0E-4],"evs":[0.0,-3.85817]},"82o":{"weight":1.0,"played":[0.9988,0.0012],"evs":[0.0,-4.74612]},"92o":{"weight":1.0,"played":[1.0,0.0],"evs":[0.0,-5.04093]},"T2o":{"weight":1.0,"played":[1.0,0.0],"evs":[0.0,-4.99046]},"J2o":{"weight":1.0,"played":[0.9995,5.0E-4],"evs":[0.0,-4.81851]},"Q2o":{"weight":1.0,"played":[0.9957,0.0043],"evs":[0.0,-5.10076]},"K2o":{"weight":1.0,"played":[1.0,0.0],"evs":[0.0,-5.18942]},"A2o":{"weight":1.0,"played":[0.9997,3.0E-4],"evs":[0.0,-4.48089]},"32s":{"weight":1.0,"played":[0.8646,0.1354],"evs":[0.0,-3.34585]},"33":{"weight":1.0,"played":[0.9945,0.0055],"evs":[0.0,-3.73445]},"43o":{"weight":1.0,"played":[1.0,0.0],"evs":[0.0,-3.54799]},"53o":{"weight":1.0,"played":[1.0,0.0],"evs":[0.0,-4.29522]},"63o":{"weight":1.0,"played":[1.0,0.0],"evs":[0.0,-3.73917]},"73o":{"weight":1.0,"played":[0.9999,1.0E-4],"evs":[0.0,-4.23056]},"83o":{"weight":1.0,"played":[1.0,0.0],"evs":[0.0,-4.08516]},"93o":{"weight":1.0,"played":[0.9977,0.0023],"evs":[0.0,-4.98946]},"T3o":{"weight":1.0,"played":[0.9999,1.0E-4],"evs":[0.0,-4.97288]},"J3o":{"weight":1.0,"played":[0.9979,0.0021],"evs":[0.0,-5.32615]},"Q3o":{"weight":1.0,"played":[0.9998,2.0E-4],"evs":[0.0,-4.48999]},"K3o":{"weight":1.0,"played":[0.9999,1.0E-4],"evs":[0.0,-4.59927]},"A3o":{"weight":1.0,"played":[0.9996,4.0E-4],"evs":[0.0,-4.39403]},"42s":{"weight":1.0,"played":[0.9989,0.0011],"evs":[0.0,-4.29733]},"43s":{"weight":1.0,"played":[1.0,0.0],"evs":[0.0,-2.53897]},"44":{"weight":1.0,"played":[0.9952,0.0048],"evs":[0.0,-1.34584]},"54o":{"weight":1.0,"played":[0.9992,8.0E-4],"evs":[0.0,-2.51466]},"64o":{"weight":1.0,"played":[0.9953,0.0047],"evs":[0.0,-3.90987]},"74o":{"weight":1.0,"played":[0.9991,9.0E-4],"evs":[0.0,-4.39752]},"84o":{"weight":1.0,"played":[0.9999,1.0E-4],"evs":[0.0,-3.50424]},"94o":{"weight":1.0,"played":[1.0,0.0],"evs":[0.0,-3.9757]},"T4o":{"weight":1.0,"played":[1.0,0.0],"evs":[0.0,-4.56151]},"J4o":{"weight":1.0,"played":[1.0,0.0],"evs":[0.0,-4.92233]},"Q4o":{"weight":1.0,"played":[1.0,0.0],"evs":[0.0,-5.81622]},"K4o":{"weight":1.0,"played":[1.0,0.0],"evs":[0.0,-4.5183]},"A4o":{"weight":1.0,"played":[1.0,0.0],"evs":[0.0,-4.37268]},"52s":{"weight":1.0,"played":[0.9997,3.0E-4],"evs":[0.0,-1.02417]},"53s":{"weight":1.0,"played":[0.9969,0.0031],"evs":[0.0,-2.7808]},"54s":{"weight":1.0,"played":[0.9855,0.0145],"evs":[0.0,-3.43575]},"55":{"weight":1.0,"played":[1.0,0.0],"evs":[0.0,-3.58809]},"65o":{"weight":1.0,"played":[0.9991,9.0E-4],"evs":[0.0,-3.2643]},"75o":{"weight":1.0,"played":[0.9989,0.0011],"evs":[0.0,-3.44731]},"85o":{"weight":1.0,"played":[1.0,0.0],"evs":[0.0,-4.74056]},"95o":{"weight":1.0,"played":[1.0,0.0],"evs":[0.0,-4.7064]},"T5o":{"weight":1.0,"played":[1.0,0.0],"evs":[0.0,-5.11197]},"J5o":{"weight":1.0,"played":[0.9985,0.0015],"evs":[0.0,-4.86564]},"Q5o":{"weight":1.0,"played":[1.0,0.0],"evs":[0.0,-5.05254]},"K5o":{"weight":1.0,"played":[1.0,0.0],"evs":[0.0,-5.55861]},"A5o":{"weight":1.0,"played":[0.9993,7.0E-4],"evs":[0.0,-3.57351]},"62s":{"weight":1.0,"played":[1.0,0.0],"evs":[0.0,-4.18551]},"63s":{"weight":1.0,"played":[0.9996,4.0E-4],"evs":[0.0,-1.75175]},"64s":{"weight":1.0,"played":[0.9875,0.0125],"evs":[0.0,-1.5745]},"65s":{"weight":1.0,"played":[0.9987,0.0013],"evs":[0.0,-2.90351]},"66":{"weight":1.0,"played":[0.9948,0.0052],"evs":[0.0,-2.61056]},"76o":{"weight":1.0,"played":[0.9998,2.0E-4],"evs":[0.0,-2.79747]},"86o":{"weight":1.0,"played":[1.0,0.0],"evs":[0.0,-3.59132]},"96o":{"weight":1.0,"played":[1.0,0.0],"evs":[0.0,-3.93658]},"T6o":{"weight":1.0,"played":[1.0,0.0],"evs":[0.0,-4.44333]},"J6o":{"weight":1.0,"played":[1.0,0.0],"evs":[0.0,-6.01643]},"Q6o":{"weight":1.0,"played":[0.9998,2.0E-4],"evs":[0.0,-5.75836]},"K6o":{"weight":1.0,"played":[0.9999,1.0E-4],"evs":[0.0,-4.5222]},"A6o":{"weight":1.0,"played":[0.9993,7.0E-4],"evs":[0.0,-4.40622]},"72s":{"weight":1.0,"played":[0.9933,0.0067],"evs":[0.0,-3.20444]},"73s":{"weight":1.0,"played":[0.999,0.001],"evs":[0.0,-2.87729]},"74s":{"weight":1.0,"played":[1.0,0.0],"evs":[0.0,-2.9743]},"75s":{"weight":1.0,"played":[0.9722,0.0278],"evs":[0.0,-3.59177]},"76s":{"weight":1.0,"played":[0.9505,0.0495],"evs":[0.0,-2.00462]},"77":{"weight":1.0,"played":[0.9915,0.0085],"evs":[0.0,-3.48865]},"87o":{"weight":1.0,"played":[0.9983,0.0017],"evs":[0.0,-3.27528]},"97o":{"weight":1.0,"played":[0.9959,0.0041],"evs":[0.0,-2.59882]},"T7o":{"weight":1.0,"played":[0.9971,0.0029],"evs":[0.0,-4.25794]},"J7o":{"weight":1.0,"played":[0.9995,5.0E-4],"evs":[0.0,-4.95001]},"Q7o":{"weight":1.0,"played":[0.9985,0.0015],"evs":[0.0,-5.60379]},"K7o":{"weight":1.0,"played":[0.9998,2.0E-4],"evs":[0.0,-4.86615]},"A7o":{"weight":1.0,"played":[0.9992,8.0E-4],"evs":[0.0,-4.38531]},"82s":{"weight":1.0,"played":[1.0,0.0],"evs":[0.0,-4.36304]},"83s":{"weight":1.0,"played":[1.0,0.0],"evs":[0.0,-2.42633]},"84s":{"weight":1.0,"played":[0.9731,0.0269],"evs":[0.0,-2.02304]},"85s":{"weight":1.0,"played":[1.0,0.0],"evs":[0.0,-1.88888]},"86s":{"weight":1.0,"played":[0.9877,0.0123],"evs":[0.0,-4.58795]},"87s":{"weight":1.0,"played":[0.9298,0.0702],"evs":[0.0,-1.97619]},"88":{"weight":1.0,"played":[0.9869,0.0131],"evs":[0.0,-1.80826]},"98o":{"weight":1.0,"played":[1.0,0.0],"evs":[0.0,-3.39578]},"T8o":{"weight":1.0,"played":[1.0,0.0],"evs":[0.0,-4.34766]},"J8o":{"weight":1.0,"played":[1.0,0.0],"evs":[0.0,-4.77163]},"Q8o":{"weight":1.0,"played":[1.0,0.0],"evs":[0.0,-4.86924]},"K8o":{"weight":1.0,"played":[1.0,0.0],"evs":[0.0,-4.75876]},"A8o":{"weight":1.0,"played":[1.0,0.0],"evs":[0.0,-4.26106]},"92s":{"weight":1.0,"played":[1.0,0.0],"evs":[0.0,-3.30954]},"93s":{"weight":1.0,"played":[1.0,0.0],"evs":[0.0,-3.52281]},"94s":{"weight":1.0,"played":[1.0,0.0],"evs":[0.0,-4.19151]},"95s":{"weight":1.0,"played":[0.9988,0.0012],"evs":[0.0,-3.19657]},"96s":{"weight":1.0,"played":[0.9919,0.0081],"evs":[0.0,-1.77448]},"97s":{"weight":1.0,"played":[0.9894,0.0106],"evs":[0.0,-3.65751]},"98s":{"weight":1.0,"played":[1.0,0.0],"evs":[0.0,-2.79488]},"99":{"weight":1.0,"played":[0.9991,9.0E-4],"evs":[0.0,-4.13963]},"T9o":{"weight":1.0,"played":[0.9976,0.0024],"evs":[0.0,-4.43047]},"J9o":{"weight":1.0,"played":[1.0,0.0],"evs":[0.0,-4.43569]},"Q9o":{"weight":1.0,"played":[0.9982,0.0018],"evs":[0.0,-4.40144]},"K9o":{"weight":1.0,"played":[0.9985,0.0015],"evs":[0.0,-5.01441]},"A9o":{"weight":1.0,"played":[0.9993,7.0E-4],"evs":[0.0,-4.2462]},"T2s":{"weight":1.0,"played":[1.0,0.0],"evs":[0.0,-2.52983]},"T3s":{"weight":1.0,"played":[0.9987,0.0013],"evs":[0.0,-3.7574]},"T4s":{"weight":1.0,"played":[0.9951,0.0049],"evs":[0.0,-4.41003]},"T5s":{"weight":1.0,"played":[0.9382,0.0618],"evs":[0.0,-3.24638]},"T6s":{"weight":1.0,"played":[0.9997,3.0E-4],"evs":[0.0,-3.96649]},"T7s":{"weight":1.0,"played":[0.9978,0.0022],"evs":[0.0,-2.37176]},"T8s":{"weight":1.0,"played":[0.9864,0.0136],"evs":[0.0,-2.59348]},"T9s":{"weight":1.0,"played":[0.9814,0.0186],"evs":[0.0,-5.19128]},"TT":{"weight":1.0,"played":[0.9955,0.0045],"evs":[0.0,-3.78432]},"JTo":{"weight":1.0,"played":[0.9991,9.0E-4],"evs":[0.0,-4.3029]},"QTo":{"weight":1.0,"played":[1.0,0.0],"evs":[0.0,-5.29873]},"KTo":{"weight":1.0,"played":[0.997,0.003],"evs":[0.0,-4.14831]},"ATo":{"weight":1.0,"played":[0.9999,1.0E-4],"evs":[0.0,-4.1744]},"J2s":{"weight":1.0,"played":[0.9941,0.0059],"evs":[0.0,-4.87197]},"J3s":{"weight":1.0,"played":[1.0,0.0],"evs":[0.0,-4.72712]},"J4s":{"weight":1.0,"played":[0.9837,0.0163],"evs":[0.0,-4.41066]},"J5s":{"weight":1.0,"played":[0.9997,3.0E-4],"evs":[0.0,-3.84011]},"J6s":{"weight":1.0,"played":[1.0,0.0],"evs":[0.0,-4.7101]},"J7s":{"weight":1.0,"played":[1.0,0.0],"evs":[0.0,-2.17515]},"J8s":{"weight":1.0,"played":[0.9779,0.0221],"evs":[0.0,-2.56069]},"J9s":{"weight":1.0,"played":[0.9987,0.0013],"evs":[0.0,-2.01881]},"JTs":{"weight":1.0,"played":[0.9973,0.0027],"evs":[0.0,-4.17611]},"JJ":{"weight":1.0,"played":[0.9999,1.0E-4],"evs":[0.0,-3.87481]},"QJo":{"weight":1.0,"played":[0.999,0.001],"evs":[0.0,-4.28615]},"KJo":{"weight":1.0,"played":[1.0,0.0],"evs":[0.0,-5.09604]},"AJo":{"weight":1.0,"played":[1.0,0.0],"evs":[0.0,-4.99472]},"Q2s":{"weight":1.0,"played":[1.0,0.0],"evs":[0.0,-5.73078]},"Q3s":{"weight":1.0,"played":[0.9982,0.0018],"evs":[0.0,-4.16742]},"Q4s":{"weight":1.0,"played":[0.9895,0.0105],"evs":[0.0,-4.04204]},"Q5s":{"weight":1.0,"played":[0.9985,0.0015],"evs":[0.0,-3.32705]},"Q6s":{"weight":1.0,"played":[0.9963,0.0037],"evs":[0.0,-2.76378]},"Q7s":{"weight":1.0,"played":[1.0,0.0],"evs":[0.0,-1.34471]},"Q8s":{"weight":1.0,"played":[1.0,0.0],"evs":[0.0,-4.95729]},"Q9s":{"weight":1.0,"played":[0.9983,0.0017],"evs":[0.0,-6.8599]},"QTs":{"weight":1.0,"played":[1.0,0.0],"evs":[0.0,-2.05141]},"QJs":{"weight":1.0,"played":[0.9206,0.0794],"evs":[0.0,-4.22453]},"QQ":{"weight":1.0,"played":[0.8768,0.1232],"evs":[0.0,-2.52387]},"KQo":{"weight":1.0,"played":[1.0,0.0],"evs":[0.0,-5.13366]},"AQo":{"weight":1.0,"played":[0.9994,6.0E-4],"evs":[0.0,-3.33587]},"K2s":{"weight":1.0,"played":[0.9627,0.0373],"evs":[0.0,-2.63081]},"K3s":{"weight":1.0,"played":[1.0,0.0],"evs":[0.0,-6.72746]},"K4s":{"weight":1.0,"played":[1.0,0.0],"evs":[0.0,-3.46271]},"K5s":{"weight":1.0,"played":[0.9953,0.0047],"evs":[0.0,-3.5259]},"K6s":{"weight":1.0,"played":[0.9368,0.0632],"evs":[0.0,-2.7106]},"K7s":{"weight":1.0,"played":[0.8832,0.1168],"evs":[0.0,-3.40062]},"K8s":{"weight":1.0,"played":[0.9407,0.0593],"evs":[0.0,-2.06812]},"K9s":{"weight":1.0,"played":[0.9944,0.0056],"evs":[0.0,-2.90521]},"KTs":{"weight":1.0,"played":[0.9849,0.0151],"evs":[0.0,-1.90134]},"KJs":{"weight":1.0,"played":[0.999,0.001],"evs":[0.0,-3.49979]},"KQs":{"weight":1.0,"played":[1.0,0.0],"evs":[0.0,-2.07282]},"KK":{"weight":1.0,"played":[0.682,0.318],"evs":[0.0,-0.2038]},"AKo":{"weight":1.0,"played":[0.9998,2.0E-4],"evs":[0.0,-3.42935]},"A2s":{"weight":1.0,"played":[1.0,0.0],"evs":[0.0,-3.30364]},"A3s":{"weight":1.0,"played":[0.9815,0.0185],"evs":[0.0,-4.56583]},"A4s":{"weight":1.0,"played":[0.9976,0.0024],"evs":[0.0,-3.37413]},"A5s":{"weight":1.0,"played":[0.9977,0.0023],"evs":[0.0,-2.32]},"A6s":{"weight":1.0,"played":[1.0,0.0],"evs":[0.0,-4.12072]},"A7s":{"weight":1.0,"played":[1.0,0.0],"evs":[0.0,-4.71812]},"A8s":{"weight":1.0,"played":[0.9992,8.0E-4],"evs":[0.0,-5.57225]},"A9s":{"weight":1.0,"played":[0.859,0.141],"evs":[0.0,-1.88018]},"ATs":{"weight":1.0,"played":[0.759,0.241],"evs":[0.0,-3.71731]},"AJs":{"weight":1.0,"played":[0.4651,0.5349],"evs":[0.0,-1.42343]},"AQs":{"weight":1.0,"played":[0.9818,0.0182],"evs":[0.0,-4.50847]},"AKs":{"weight":1.0,"played":[0.9579,0.0421],"evs":[0.0,-0.38015]},"AA":{"weight":1.0,"played":[0.002,0.998],"evs":[0.0,7.49858]}}}