{"player":6,"street":0,"children":2,"sequence":[{"player":0,"type":"F","amount":0,"street":0},{"player":1,"type":"R","amount":8160000,"street":0},{"player":2,"type":"F","amount":0,"street":0},{"player":3,"type":"F","amount":0,"street":0},{"player":4,"type":"C","amount":8160000,"street":0},{"player":5,"type":"R","amount":11040000,"street":0}],"actions":[{"type":"F","amount":0,"node":49},{"type":"C","amount":7840000,"node":50}],"hands":{"22":{"weight":1.0,"played":[0.9839,0.0161],"evs":[0.0,-0.26871]},"32o":{"weight":1.0,"played":[1.0,0.0],"evs":[0.0,-1.62089]},"42o":{"weight":1.0,"played":[0.9999,1.0E-4],"evs":[0.0,-1.38267]},"52o":{"weight":1.0,"played":[1.0,0.0],"evs":[0.0,-1.65051]},"62o":{"weight":1.0,"played":[1.0,0.0],"evs":[0.0,-1.75304]},"72o":{"weight":1.0,"played":[1.0,0.0],"evs":[0.0,-1.89781]},"82o":{"weight":1.0,"played":[1.0,0.0],"evs":[0.0,-1.7322]},"92o":{"weight":1.0,"played":[1.0,0.0],"evs":[0.0,-1.79066]},"T2o":{"weight":1.0,"played":[1.0,0.0],"evs":[0.0,-1.58034]},"J2o":{"weight":1.0,"played":[1.0,0.0],"evs":[0.0,-1.7071]},"Q2o":{"weight":1.0,"played":[1.0,0.0],"evs":[0.0,-1.46526]},"K2o":{"weight":1.0,"played":[1.0,0.0],"evs":[0.0,-1.12775]},"A2o":{"weight":1.0,"played":[1.0,0.0],"evs":[0.0,-1.09779]},"32s":{"weight":1.0,"played":[0.9996,4.0E-4],"evs":[0.0,-0.94678]},"33":{"weight":1.0,"played":[0.4802,0.5198],"evs":[0.0,-0.05344]},"43o":{"weight":1.0,"played":[1.0,0.0],"evs":[0.0,-1.19508]},"53o":{"weight":1.0,"played":[0.9999,1.0E-4],"evs":[0.0,-0.95534]},"63o":{"weight":1.0,"played":[0.9999,1.0E-4],"evs":[0.0,-1.43848]},"73o":{"weight":1.0,"played":[1.0,0.0],"evs":[0.0,-1.52202]},"83o":{"weight":1.0,"played":[1.0,0.0],"evs":[0.0,-1.73019]},"93o":{"weight":1.0,"played":[1.0,0.0],"evs":[0.0,-1.60957]},"T3o":{"weight":1.0,"played":[1.0,0.0],"evs":[0.0,-1.50232]},"J3o":{"weight":1.0,"played":[1.0,0.0],"evs":[0.0,-1.53418]},"Q3o":{"weight":1.0,"played":[1.0,0.0],"evs":[0.0,-1.3939]},"K3o":{"weight":1.0,"played":[1.0,0.0],"evs":[0.0,-1.06784]},"A3o":{"weight":1.0,"played":[1.0,0.0],"evs":[0.0,-0.96452]},"42s":{"weight":1.0,"played":[0.999,0.001],"evs":[0.0,-0.7057]},"43s":{"weight":1.0,"played":[0.9956,0.0044],"evs":[0.0,-0.49726]},"44":{"weight":1.0,"played":[0.3959,0.6041],"evs":[0.0,0.09944]},"54o":{"weight":1.0,"played":[1.0,0.0],"evs":[0.0,-0.84371]},"64o":{"weight":1.0,"played":[0.9999,1.0E-4],"evs":[0.0,-0.96549]},"74o":{"weight":1.0,"played":[0.9999,1.0E-4],"evs":[0.0,-1.38479]},"84o":{"weight":1.0,"played":[1.0,0.0],"evs":[0.0,-1.48783]},"94o":{"weight":1.0,"played":[0.9999,1.0E-4],"evs":[0.0,-1.56986]},"T4o":{"weight":1.0,"played":[1.0,0.0],"evs":[0.0,-1.34995]},"J4o":{"weight":1.0,"played":[0.9999,1.0E-4],"evs":[0.0,-1.40773]},"Q4o":{"weight":1.0,"played":[1.0,0.0],"evs":[0.0,-1.26847]},"K4o":{"weight":1.0,"played":[0.9994,6.0E-4],"evs":[0.0,-0.88375]},"A4o":{"weight":1.0,"played":[1.0,0.0],"evs":[0.0,-0.97534]},"52s":{"weight":1.0,"played":[1.0,0.0],"evs":[0.0,-0.95245]},"53s":{"weight":1.0,"played":[0.9993,7.0E-4],"evs":[0.0,-0.60751]},"54s":{"weight":1.0,"played":[0.6805,0.3195],"evs":[0.0,-0.24224]},"55":{"weight":1.0,"played":[1.0E-4,0.9999],"evs":[0.0,0.43253]},"65o":{"weight":1.0,"played":[1.0,0.0],"evs":[0.0,-0.76397]},"75o":{"weight":1.0,"played":[0.9988,0.0012],"evs":[0.0,-0.96591]},"85o":{"weight":1.0,"played":[0.999,0.001],"evs":[0.0,-0.8927]},"95o":{"weight":1.0,"played":[0.9999,1.0E-4],"evs":[0.0,-1.40835]},"T5o":{"weight":1.0,"played":[1.0,0.0],"evs":[0.0,-1.41928]},"J5o":{"weight":1.0,"played":[0.9999,1.0E-4],"evs":[0.0,-1.45803]},"Q5o":{"weight":1.0,"played":[0.9999,1.0E-4],"evs":[0.0,-1.28394]},"K5o":{"weight":1.0,"played":[0.9999,1.0E-4],"evs":[0.0,-0.87193]},"A5o":{"weight":1.0,"played":[0.9999,1.0E-4],"evs":[0.0,-0.76133]},"62s":{"weight":1.0,"played":[0.9992,8.0E-4],"evs":[0.0,-0.8908]},"63s":{"weight":1.0,"played":[0.9928,0.0072],"evs":[0.0,-0.51622]},"64s":{"weight":1.0,"played":[0.9943,0.0057],"evs":[0.0,-0.28198]},"65s":{"weight":1.0,"played":[0.6987,0.3013],"evs":[0.0,-0.31409]},"66":{"weight":1.0,"played":[1.0E-4,0.9999],"evs":[0.0,0.50999]},"76o":{"weight":1.0,"played":[0.9999,1.0E-4],"evs":[0.0,-0.8462]},"86o":{"weight":1.0,"played":[1.0,0.0],"evs":[0.0,-0.90688]},"96o":{"weight":1.0,"played":[0.9994,6.0E-4],"evs":[0.0,-1.05214]},"T6o":{"weight":1.0,"played":[0.9998,2.0E-4],"evs":[0.0,-1.21581]},"J6o":{"weight":1.0,"played":[1.0,0.0],"evs":[0.0,-1.54828]},"Q6o":{"weight":1.0,"played":[1.0,0.0],"evs":[0.0,-1.1089]},"K6o":{"weight":1.0,"played":[1.0,0.0],"evs":[0.0,-0.60754]},"A6o":{"weight":1.0,"played":[1.0,0.0],"evs":[0.0,-1.2482]},"72s":{"weight":1.0,"played":[1.0,0.0],"evs":[0.0,-0.93775]},"73s":{"weight":1.0,"played":[0.997,0.003],"evs":[0.0,-0.7133]},"74s":{"weight":1.0,"played":[0.9994,6.0E-4],"evs":[0.0,-0.49426]},"75s":{"weight":1.0,"played":[0.2063,0.7937],"evs":[0.0,0.05233]},"76s":{"weight":1.0,"played":[0.2848,0.7152],"evs":[0.0,0.01541]},"77":{"weight":1.0,"played":[4.0E-4,0.9996],"evs":[0.0,0.73964]},"87o":{"weight":1.0,"played":[0.9999,1.0E-4],"evs":[0.0,-0.60308]},"97o":{"weight":1.0,"played":[0.9999,1.0E-4],"evs":[0.0,-0.83728]},"T7o":{"weight":1.0,"played":[1.0,0.0],"evs":[0.0,-1.14479]},"J7o":{"weight":1.0,"played":[0.9997,3.0E-4],"evs":[0.0,-1.22685]},"Q7o":{"weight":1.0,"played":[0.9999,1.0E-4],"evs":[0.0,-1.09556]},"K7o":{"weight":1.0,"played":[0.9995,5.0E-4],"evs":[0.0,-0.77667]},"A7o":{"weight":1.0,"played":[0.9988,0.0012],"evs":[0.0,-1.07163]},"82s":{"weight":1.0,"played":[0.9992,8.0E-4],"evs":[0.0,-1.09255]},"83s":{"weight":1.0,"played":[0.9995,5.0E-4],"evs":[0.0,-1.06255]},"84s":{"weight":1.0,"played":[0.9891,0.0109],"evs":[0.0,-0.51784]},"85s":{"weight":1.0,"played":[0.9947,0.0053],"evs":[0.0,-0.49989]},"86s":{"weight":1.0,"played":[0.0851,0.9149],"evs":[0.0,0.27002]},"87s":{"weight":1.0,"played":[0.938,0.062],"evs":[0.0,-0.08688]},"88":{"weight":1.0,"played":[0.0,1.0],"evs":[0.0,1.33266]},"98o":{"weight":1.0,"played":[0.9998,2.0E-4],"evs":[0.0,-0.58324]},"T8o":{"weight":1.0,"played":[0.9992,8.0E-4],"evs":[0.0,-0.53121]},"J8o":{"weight":1.0,"played":[0.9994,6.0E-4],"evs":[0.0,-0.88515]},"Q8o":{"weight":1.0,"played":[0.9998,2.0E-4],"evs":[0.0,-0.67951]},"K8o":{"weight":1.0,"played":[0.9993,7.0E-4],"evs":[0.0,-0.71942]},"A8o":{"weight":1.0,"played":[1.0,0.0],"evs":[0.0,-0.83894]},"92s":{"weight":1.0,"played":[0.9988,0.0012],"evs":[0.0,-0.99505]},"93s":{"weight":1.0,"played":[0.9979,0.0021],"evs":[0.0,-0.80075]},"94s":{"weight":1.0,"played":[0.9997,3.0E-4],"evs":[0.0,-0.94984]},"95s":{"weight":1.0,"played":[1.0,0.0],"evs":[0.0,-0.54787]},"96s":{"weight":1.0,"played":[0.9999,1.0E-4],"evs":[0.0,-0.31077]},"97s":{"weight":1.0,"played":[0.8479,0.1521],"evs":[0.0,-0.27726]},"98s":{"weight":1.0,"played":[0.5444,0.4556],"evs":[0.0,-0.0522]},"99":{"weight":1.0,"played":[0.0,1.0],"evs":[0.0,1.89043]},"T9o":{"weight":1.0,"played":[0.9855,0.0145],"evs":[0.0,-0.50126]},"J9o":{"weight":1.0,"played":[1.0,0.0],"evs":[0.0,-0.53486]},"Q9o":{"weight":1.0,"played":[0.9992,8.0E-4],"evs":[0.0,-0.85809]},"K9o":{"weight":1.0,"played":[0.9977,0.0023],"evs":[0.0,-0.38049]},"A9o":{"weight":1.0,"played":[0.9995,5.0E-4],"evs":[0.0,-0.74574]},"T2s":{"weight":1.0,"played":[0.9989,0.0011],"evs":[0.0,-1.04775]},"T3s":{"weight":1.0,"played":[0.9997,3.0E-4],"evs":[0.0,-0.63784]},"T4s":{"weight":1.0,"played":[0.9999,1.0E-4],"evs":[0.0,-0.81696]},"T5s":{"weight":1.0,"played":[0.9906,0.0094],"evs":[0.0,-0.73971]},"T6s":{"weight":1.0,"played":[0.8583,0.1417],"evs":[0.0,-0.36977]},"T7s":{"weight":1.0,"played":[0.9956,0.0044],"evs":[0.0,-0.19732]},"T8s":{"weight":1.0,"played":[0.9122,0.0878],"evs":[0.0,-0.13956]},"T9s":{"weight":1.0,"played":[0.4749,0.5251],"evs":[0.0,-0.12642]},"TT":{"weight":1.0,"played":[0.0,1.0],"evs":[0.0,2.50807]},"JTo":{"weight":1.0,"played":[0.9846,0.0154],"evs":[0.0,-0.58231]},"QTo":{"weight":1.0,"played":[0.9963,0.0037],"evs":[0.0,-0.20432]},"KTo":{"weight":1.0,"played":[0.2347,0.7653],"evs":[0.0,0.28293]},"ATo":{"weight":1.0,"played":[0.9262,0.0738],"evs":[0.0,-0.41221]},"J2s":{"weight":1.0,"played":[0.9994,6.0E-4],"evs":[0.0,-1.0741]},"J3s":{"weight":1.0,"played":[0.9992,8.0E-4],"evs":[0.0,-0.88249]},"J4s":{"weight":1.0,"played":[0.9984,0.0016],"evs":[0.0,-0.83202]},"J5s":{"weight":1.0,"played":[0.9998,2.0E-4],"evs":[0.0,-0.80301]},"J6s":{"weight":1.0,"played":[0.9998,2.0E-4],"evs":[0.0,-0.46989]},"J7s":{"weight":1.0,"played":[0.9997,3.0E-4],"evs":[0.0,-0.50947]},"J8s":{"weight":1.0,"played":[0.9438,0.0562],"evs":[0.0,-0.26929]},"J9s":{"weight":1.0,"played":[0.9886,0.0114],"evs":[0.0,-0.29452]},"JTs":{"weight":1.0,"played":[0.005,0.995],"evs":[0.0,0.31726]},"JJ":{"weight":1.0,"played":[0.0,1.0],"evs":[0.0,3.33923]},"QJo":{"weight":1.0,"played":[0.9968,0.0032],"evs":[0.0,-0.48243]},"KJo":{"weight":1.0,"played":[0.1667,0.8333],"evs":[0.0,0.1203]},"AJo":{"weight":1.0,"played":[0.5606,0.4394],"evs":[0.0,-0.12324]},"Q2s":{"weight":1.0,"played":[0.9995,5.0E-4],"evs":[0.0,-0.70134]},"Q3s":{"weight":1.0,"played":[0.9998,2.0E-4],"evs":[0.0,-0.5552]},"Q4s":{"weight":1.0,"played":[0.9994,6.0E-4],"evs":[0.0,-0.42042]},"Q5s":{"weight":1.0,"played":[0.965,0.035],"evs":[0.0,-0.61712]},"Q6s":{"weight":1.0,"played":[0.8877,0.1123],"evs":[0.0,-0.43371]},"Q7s":{"weight":1.0,"played":[0.792,0.208],"evs":[0.0,-0.38963]},"Q8s":{"weight":1.0,"played":[0.9336,0.0664],"evs":[0.0,-0.03488]},"Q9s":{"weight":1.0,"played":[0.5058,0.4942],"evs":[0.0,0.11748]},"QTs":{"weight":1.0,"played":[0.0207,0.9793],"evs":[0.0,0.76842]},"QJs":{"weight":1.0,"played":[0.0052,0.9948],"evs":[0.0,0.26655]},"QQ":{"weight":1.0,"played":[0.0,1.0],"evs":[0.0,4.48631]},"KQo":{"weight":1.0,"played":[0.001,0.999],"evs":[0.0,0.50821]},"AQo":{"weight":1.0,"played":[2.0E-4,0.9998],"evs":[0.0,0.81599]},"K2s":{"weight":1.0,"played":[0.9975,0.0025],"evs":[0.0,-0.38545]},"K3s":{"weight":1.0,"played":[0.8846,0.1154],"evs":[0.0,-0.12531]},"K4s":{"weight":1.0,"played":[0.9586,0.0414],"evs":[0.0,-0.24594]},"K5s":{"weight":1.0,"played":[0.0394,0.9606],"evs":[0.0,0.26662]},"K6s":{"weight":1.0,"played":[0.6558,0.3442],"evs":[0.0,-0.2816]},"K7s":{"weight":1.0,"played":[0.2767,0.7233],"evs":[0.0,0.15803]},"K8s":{"weight":1.0,"played":[0.7954,0.2046],"evs":[0.0,-0.0958]},"K9s":{"weight":1.0,"played":[0.0685,0.9315],"evs":[0.0,0.34378]},"KTs":{"weight":1.0,"played":[1.0E-4,0.9999],"evs":[0.0,0.88716]},"KJs":{"weight":1.0,"played":[0.0047,0.9953],"evs":[0.0,1.0144]},"KQs":{"weight":1.0,"played":[1.0E-4,0.9999],"evs":[0.0,0.95081]},"KK":{"weight":1.0,"played":[0.0,1.0],"evs":[0.0,5.54078]},"AKo":{"weight":1.0,"played":[0.0,1.0],"evs":[0.0,1.74035]},"A2s":{"weight":1.0,"played":[0.9823,0.0177],"evs":[0.0,-0.40349]},"A3s":{"weight":1.0,"played":[0.9993,7.0E-4],"evs":[0.0,-0.38497]},"A4s":{"weight":1.0,"played":[0.4575,0.5425],"evs":[0.0,-0.06756]},"A5s":{"weight":1.0,"played":[0.2122,0.7878],"evs":[0.0,-0.02797]},"A6s":{"weight":1.0,"played":[0.9665,0.0335],"evs":[0.0,-0.4508]},"A7s":{"weight":1.0,"played":[0.6102,0.3898],"evs":[0.0,-0.03977]},"A8s":{"weight":1.0,"played":[0.9387,0.0613],"evs":[0.0,-0.36778]},"A9s":{"weight":1.0,"played":[0.6866,0.3134],"evs":[0.0,-0.17507]},"ATs":{"weight":1.0,"played":[0.0083,0.9917],"evs":[0.0,0.34881]},"AJs":{"weight":1.0,"played":[2.0E-4,0.9998],"evs":[0.0,0.76164]},"AQs":{"weight":1.0,"played":[0.0015,0.9985],"evs":[0.0,1.6964]},"AKs":{"weight":1.0,"played":[1.0E-4,0.9999],"evs":[0.0,2.27565]},"AA":{"weight":1.0,"played":[0.0,1.0],"evs":[0.0,7.74799]}}}