{"player":4,"street":0,"children":2,"sequence":[{"player":0,"type":"F","amount":0,"street":0},{"player":1,"type":"R","amount":8160000,"street":0},{"player":2,"type":"F","amount":0,"street":0},{"player":3,"type":"F","amount":0,"street":0},{"player":4,"type":"C","amount":8160000,"street":0},{"player":5,"type":"R","amount":11040000,"street":0},{"player":6,"type":"C","amount":7840000,"street":0}],"actions":[{"type":"F","amount":0},{"type":"C","amount":320000}],"hands":{"22":{"weight":0.0,"played":[0.0,1.0],"evs":[0.0,2.45151]},"32o":{"weight":0.0,"played":[0.0,1.0],"evs":[0.0,1.52854]},"42o":{"weight":0.0,"played":[0.0,1.0],"evs":[0.0,1.58302]},"52o":{"weight":0.0,"played":[0.0,1.0],"evs":[0.0,1.6391]},"62o":{"weight":0.0,"played":[0.0,1.0],"evs":[0.0,1.49122]},"72o":{"weight":0.0,"played":[0.0,1.0],"evs":[0.0,1.31634]},"82o":{"weight":0.0,"played":[0.0,1.0],"evs":[0.0,1.36534]},"92o":{"weight":0.0,"played":[0.0,1.0],"evs":[0.0,1.38078]},"T2o":{"weight":0.0,"played":[0.0,1.0],"evs":[0.0,1.38916]},"J2o":{"weight":0.0,"played":[0.0,1.0],"evs":[0.0,1.47006]},"Q2o":{"weight":0.0,"played":[0.0,1.0],"evs":[0.0,1.49095]},"K2o":{"weight":0.0,"played":[0.0,1.0],"evs":[0.0,1.49208]},"A2o":{"weight":0.0,"played":[0.0,1.0],"evs":[0.0,1.86427]},"32s":{"weight":0.0,"played":[0.0,1.0],"evs":[0.0,2.225]},"33":{"weight":0.0,"played":[0.0,1.0],"evs":[0.0,2.63376]},"43o":{"weight":0.0,"played":[0.0,1.0],"evs":[0.0,1.87457]},"53o":{"weight":0.0,"played":[0.0,1.0],"evs":[0.0,1.95032]},"63o":{"weight":0.0,"played":[0.0,1.0],"evs":[0.0,1.72691]},"73o":{"weight":0.0,"played":[0.0,1.0],"evs":[0.0,1.5423]},"83o":{"weight":0.0,"played":[0.0,1.0],"evs":[0.0,1.37459]},"93o":{"weight":0.0,"played":[0.0,1.0],"evs":[0.0,1.46959]},"T3o":{"weight":0.0,"played":[0.0,1.0],"evs":[0.0,1.46522]},"J3o":{"weight":0.0,"played":[0.0,1.0],"evs":[0.0,1.49931]},"Q3o":{"weight":0.0,"played":[0.0,1.0],"evs":[0.0,1.54703]},"K3o":{"weight":0.0,"played":[0.0,1.0],"evs":[0.0,1.57631]},"A3o":{"weight":0.0,"played":[0.0,1.0],"evs":[0.0,2.07902]},"42s":{"weight":0.0,"played":[0.0,1.0],"evs":[0.0,2.28144]},"43s":{"weight":0.0,"played":[0.0,1.0],"evs":[0.0,2.34838]},"44":{"weight":0.0,"played":[0.0,1.0],"evs":[0.0,2.6544]},"54o":{"weight":0.0,"played":[0.0,1.0],"evs":[0.0,2.13498]},"64o":{"weight":0.0,"played":[0.0,1.0],"evs":[0.0,1.97652]},"74o":{"weight":0.0,"played":[0.0,1.0],"evs":[0.0,1.82671]},"84o":{"weight":0.0,"played":[0.0,1.0],"evs":[0.0,1.6266]},"94o":{"weight":0.0,"played":[0.0,1.0],"evs":[0.0,1.52004]},"T4o":{"weight":0.0,"played":[0.0,1.0],"evs":[0.0,1.47807]},"J4o":{"weight":0.0,"played":[0.0,1.0],"evs":[0.0,1.55792]},"Q4o":{"weight":0.0,"played":[0.0,1.0],"evs":[0.0,1.65046]},"K4o":{"weight":0.0,"played":[0.0,1.0],"evs":[0.0,1.66541]},"A4o":{"weight":0.0,"played":[0.0,1.0],"evs":[0.0,2.06006]},"52s":{"weight":0.0,"played":[0.0,1.0],"evs":[0.0,2.31162]},"53s":{"weight":0.0,"played":[0.0,1.0],"evs":[0.0,2.49774]},"54s":{"weight":0.0,"played":[0.0,1.0],"evs":[0.0,2.82951]},"55":{"weight":0.0,"played":[0.0,1.0],"evs":[0.0,2.94961]},"65o":{"weight":0.0,"played":[0.0,1.0],"evs":[0.0,2.22311]},"75o":{"weight":0.0,"played":[0.0,1.0],"evs":[0.0,2.00822]},"85o":{"weight":0.0,"played":[0.0,1.0],"evs":[0.0,1.87592]},"95o":{"weight":0.0,"played":[0.0,1.0],"evs":[0.0,1.71452]},"T5o":{"weight":0.0,"played":[0.0,1.0],"evs":[0.0,1.46232]},"J5o":{"weight":0.0,"played":[0.0,1.0],"evs":[0.0,1.57209]},"Q5o":{"weight":0.0,"played":[0.0,1.0],"evs":[0.0,1.66477]},"K5o":{"weight":0.0,"played":[0.0,1.0],"evs":[0.0,1.63661]},"A5o":{"weight":0.0,"played":[0.0,1.0],"evs":[0.0,2.10833]},"62s":{"weight":0.0,"played":[0.0,1.0],"evs":[0.0,2.01586]},"63s":{"weight":0.0,"played":[0.0,1.0],"evs":[0.0,2.36653]},"64s":{"weight":0.0,"played":[0.0,1.0],"evs":[0.0,2.60288]},"65s":{"weight":0.0,"played":[0.0,1.0],"evs":[0.0,2.81341]},"66":{"weight":0.0,"played":[0.0,1.0],"evs":[0.0,3.23318]},"76o":{"weight":0.0,"played":[0.0,1.0],"evs":[0.0,2.25549]},"86o":{"weight":0.0,"played":[0.0,1.0],"evs":[0.0,2.12536]},"96o":{"weight":0.0,"played":[0.0,1.0],"evs":[0.0,1.9529]},"T6o":{"weight":0.0,"played":[0.0,1.0],"evs":[0.0,1.79327]},"J6o":{"weight":0.0,"played":[0.0,1.0],"evs":[0.0,1.68462]},"Q6o":{"weight":0.0,"played":[0.0,1.0],"evs":[0.0,1.76881]},"K6o":{"weight":0.0,"played":[0.0,1.0],"evs":[0.0,1.73673]},"A6o":{"weight":0.0,"played":[0.0,1.0],"evs":[0.0,1.989]},"72s":{"weight":0.0,"played":[0.0,1.0],"evs":[0.0,1.90799]},"73s":{"weight":0.0,"played":[0.0,1.0],"evs":[0.0,2.11088]},"74s":{"weight":0.0,"played":[0.0,1.0],"evs":[0.0,2.46582]},"75s":{"weight":0.0,"played":[0.0,1.0],"evs":[0.0,2.71142]},"76s":{"weight":0.0,"played":[0.0,1.0],"evs":[0.0,2.87167]},"77":{"weight":0.0,"played":[0.0,1.0],"evs":[0.0,3.47474]},"87o":{"weight":0.0,"played":[0.0,1.0],"evs":[0.0,2.21096]},"97o":{"weight":0.0,"played":[0.0,1.0],"evs":[0.0,2.16018]},"T7o":{"weight":0.0,"played":[0.0,1.0],"evs":[0.0,1.94185]},"J7o":{"weight":0.0,"played":[0.0,1.0],"evs":[0.0,1.89722]},"Q7o":{"weight":0.0,"played":[0.0,1.0],"evs":[0.0,1.76029]},"K7o":{"weight":0.0,"played":[0.0,1.0],"evs":[0.0,1.7903]},"A7o":{"weight":0.0,"played":[0.0,1.0],"evs":[0.0,2.1133]},"82s":{"weight":0.0,"played":[0.0,1.0],"evs":[0.0,2.02096]},"83s":{"weight":0.0,"played":[0.0,1.0],"evs":[0.0,1.98308]},"84s":{"weight":0.0,"played":[0.0,1.0],"evs":[0.0,2.25467]},"85s":{"weight":0.0,"played":[0.0,1.0],"evs":[0.0,2.56457]},"86s":{"weight":0.0,"played":[0.0,1.0],"evs":[0.0,2.85453]},"87s":{"weight":0.0,"played":[0.0,1.0],"evs":[0.0,2.85497]},"88":{"weight":0.2029,"played":[0.0,1.0],"evs":[0.0,3.73286]},"98o":{"weight":0.0,"played":[0.0,1.0],"evs":[0.0,2.25971]},"T8o":{"weight":0.0,"played":[0.0,1.0],"evs":[0.0,2.24027]},"J8o":{"weight":0.0,"played":[0.0,1.0],"evs":[0.0,2.06109]},"Q8o":{"weight":0.0,"played":[0.0,1.0],"evs":[0.0,2.03185]},"K8o":{"weight":0.0,"played":[0.0,1.0],"evs":[0.0,1.93691]},"A8o":{"weight":0.0,"played":[0.0,1.0],"evs":[0.0,2.24028]},"92s":{"weight":0.0,"played":[0.0,1.0],"evs":[0.0,2.1203]},"93s":{"weight":0.0,"played":[0.0,1.0],"evs":[0.0,2.03099]},"94s":{"weight":0.0,"played":[0.0,1.0],"evs":[0.0,2.19934]},"95s":{"weight":0.0,"played":[0.0,1.0],"evs":[0.0,2.2777]},"96s":{"weight":0.0,"played":[0.0,1.0],"evs":[0.0,2.68116]},"97s":{"weight":0.0,"played":[0.0,1.0],"evs":[0.0,2.84253]},"98s":{"weight":0.0,"played":[0.0,1.0],"evs":[0.0,2.99412]},"99":{"weight":0.301,"played":[0.0,1.0],"evs":[0.0,4.01695]},"T9o":{"weight":0.0,"played":[0.0,1.0],"evs":[0.0,2.40721]},"J9o":{"weight":0.0,"played":[0.0,1.0],"evs":[0.0,2.36375]},"Q9o":{"weight":0.0,"played":[0.0,1.0],"evs":[0.0,2.19342]},"K9o":{"weight":0.0,"played":[0.0,1.0],"evs":[0.0,2.0685]},"A9o":{"weight":0.0,"played":[0.0,1.0],"evs":[0.0,2.39385]},"T2s":{"weight":0.0,"played":[0.0,1.0],"evs":[0.0,1.93492]},"T3s":{"weight":0.0,"played":[0.0,1.0],"evs":[0.0,2.09426]},"T4s":{"weight":0.0,"played":[0.0,1.0],"evs":[0.0,2.00693]},"T5s":{"weight":0.0,"played":[0.0,1.0],"evs":[0.0,2.1521]},"T6s":{"weight":0.0,"played":[0.0,1.0],"evs":[0.0,2.27887]},"T7s":{"weight":0.0,"played":[0.0,1.0],"evs":[0.0,2.63851]},"T8s":{"weight":0.0,"played":[0.0,1.0],"evs":[0.0,2.82333]},"T9s":{"weight":0.0,"played":[0.0,1.0],"evs":[0.0,2.96413]},"TT":{"weight":0.1563,"played":[0.0,1.0],"evs":[0.0,4.7536]},"JTo":{"weight":0.0,"played":[0.0,1.0],"evs":[0.0,2.50538]},"QTo":{"weight":0.0,"played":[0.0,1.0],"evs":[0.0,2.48976]},"KTo":{"weight":0.0,"played":[0.0,1.0],"evs":[0.0,2.49364]},"ATo":{"weight":0.0,"played":[0.0,1.0],"evs":[0.0,2.86766]},"J2s":{"weight":0.0,"played":[0.0,1.0],"evs":[0.0,2.08818]},"J3s":{"weight":0.0,"played":[0.0,1.0],"evs":[0.0,2.12752]},"J4s":{"weight":0.0,"played":[0.0,1.0],"evs":[0.0,2.2156]},"J5s":{"weight":0.0,"played":[0.0,1.0],"evs":[0.0,2.26204]},"J6s":{"weight":0.0,"played":[0.0,1.0],"evs":[0.0,2.44018]},"J7s":{"weight":0.0,"played":[0.0,1.0],"evs":[0.0,2.48461]},"J8s":{"weight":0.0,"played":[0.0,1.0],"evs":[0.0,2.66764]},"J9s":{"weight":0.0,"played":[0.0,1.0],"evs":[0.0,2.95226]},"JTs":{"weight":0.0,"played":[0.0,1.0],"evs":[0.0,3.10569]},"JJ":{"weight":0.2286,"played":[0.0,1.0],"evs":[0.0,5.34126]},"QJo":{"weight":0.0,"played":[0.0,1.0],"evs":[0.0,2.581]},"KJo":{"weight":0.0,"played":[0.0,1.0],"evs":[0.0,2.72134]},"AJo":{"weight":0.1622,"played":[0.0,1.0],"evs":[0.0,3.21857]},"Q2s":{"weight":0.0,"played":[0.0,1.0],"evs":[0.0,2.2541]},"Q3s":{"weight":0.0,"played":[0.0,1.0],"evs":[0.0,2.215]},"Q4s":{"weight":0.0,"played":[0.0,1.0],"evs":[0.0,2.37717]},"Q5s":{"weight":0.0,"played":[0.0,1.0],"evs":[0.0,2.39344]},"Q6s":{"weight":0.0,"played":[0.0,1.0],"evs":[0.0,2.3854]},"Q7s":{"weight":0.0,"played":[0.0,1.0],"evs":[0.0,2.59317]},"Q8s":{"weight":0.0,"played":[0.0,1.0],"evs":[0.0,2.58752]},"Q9s":{"weight":0.0,"played":[0.0,1.0],"evs":[0.0,2.79379]},"QTs":{"weight":0.0,"played":[0.0,1.0],"evs":[0.0,3.08055]},"QJs":{"weight":0.0,"played":[0.0,1.0],"evs":[0.0,3.23034]},"QQ":{"weight":0.142,"played":[0.0,1.0],"evs":[0.0,6.38113]},"KQo":{"weight":0.0,"played":[0.0,1.0],"evs":[0.0,3.00388]},"AQo":{"weight":0.1344,"played":[0.0,1.0],"evs":[0.0,3.67936]},"K2s":{"weight":0.0,"played":[0.0,1.0],"evs":[0.0,2.18282]},"K3s":{"weight":0.0,"played":[0.0,1.0],"evs":[0.0,2.17054]},"K4s":{"weight":0.0,"played":[0.0,1.0],"evs":[0.0,2.36098]},"K5s":{"weight":0.0,"played":[0.0,1.0],"evs":[0.0,2.43015]},"K6s":{"weight":0.0,"played":[0.0,1.0],"evs":[0.0,2.48659]},"K7s":{"weight":0.0,"played":[0.0,1.0],"evs":[0.0,2.54172]},"K8s":{"weight":0.0,"played":[0.0,1.0],"evs":[0.0,2.62405]},"K9s":{"weight":0.0,"played":[0.0,1.0],"evs":[0.0,2.87454]},"KTs":{"weight":0.0,"played":[0.0,1.0],"evs":[0.0,3.27978]},"KJs":{"weight":0.0,"played":[0.0,1.0],"evs":[0.0,3.24402]},"KQs":{"weight":0.0,"played":[0.0,1.0],"evs":[0.0,3.65846]},"KK":{"weight":0.1923,"played":[0.0,1.0],"evs":[0.0,7.76999]},"AKo":{"weight":0.2302,"played":[0.0,1.0],"evs":[0.0,4.35528]},"A2s":{"weight":0.0,"played":[0.0,1.0],"evs":[0.0,2.66393]},"A3s":{"weight":0.0,"played":[0.0,1.0],"evs":[0.0,2.75613]},"A4s":{"weight":0.0,"played":[0.0,1.0],"evs":[0.0,2.88363]},"A5s":{"weight":0.0,"played":[0.0,1.0],"evs":[0.0,2.93126]},"A6s":{"weight":0.0,"played":[0.0,1.0],"evs":[0.0,2.6332]},"A7s":{"weight":0.0,"played":[0.0,1.0],"evs":[0.0,2.8019]},"A8s":{"weight":0.0,"played":[0.0,1.0],"evs":[0.0,3.02029]},"A9s":{"weight":0.0,"played":[0.0,1.0],"evs":[0.0,3.21819]},"ATs":{"weight":0.1998,"played":[0.0,1.0],"evs":[0.0,3.50641]},"AJs":{"weight":0.4827,"played":[0.0,1.0],"evs":[0.0,3.86382]},"AQs":{"weight":0.4557,"played":[0.0,1.0],"evs":[0.0,4.33908]},"AKs":{"weight":0.1718,"played":[0.0,1.0],"evs":[0.0,5.13334]},"AA":{"weight":0.4203,"played":[0.0,1.0],"evs":[0.0,9.96886]}}}