{"player":6,"street":0,"children":3,"sequence":[{"player":0,"type":"F","amount":0,"street":0},{"player":1,"type":"R","amount":8160000,"street":0},{"player":2,"type":"F","amount":0,"street":0},{"player":3,"type":"C","amount":8160000,"street":0},{"player":4,"type":"F","amount":0,"street":0},{"player":5,"type":"F","amount":0,"street":0}],"actions":[{"type":"F","amount":0},{"type":"C","amount":4960000},{"type":"R","amount":11040000,"node":57}],"hands":{"22":{"weight":1.0,"played":[1.0,0.0,0.0],"evs":[0.0,-0.37338,-0.32739]},"32o":{"weight":1.0,"played":[1.0,0.0,0.0],"evs":[0.0,-1.33073,-1.95586]},"42o":{"weight":1.0,"played":[1.0,0.0,0.0],"evs":[0.0,-1.2698,-1.84096]},"52o":{"weight":1.0,"played":[1.0,0.0,0.0],"evs":[0.0,-1.26885,-1.80288]},"62o":{"weight":1.0,"played":[1.0,0.0,0.0],"evs":[0.0,-1.39009,-2.01195]},"72o":{"weight":1.0,"played":[1.0,0.0,0.0],"evs":[0.0,-1.54335,-2.20154]},"82o":{"weight":1.0,"played":[1.0,0.0,0.0],"evs":[0.0,-1.45141,-2.04757]},"92o":{"weight":1.0,"played":[1.0,0.0,0.0],"evs":[0.0,-1.64357,-2.30166]},"T2o":{"weight":1.0,"played":[1.0,0.0,0.0],"evs":[0.0,-1.39709,-1.90286]},"J2o":{"weight":1.0,"played":[1.0,0.0,0.0],"evs":[0.0,-1.29081,-1.74873]},"Q2o":{"weight":1.0,"played":[1.0,0.0,0.0],"evs":[0.0,-1.3137,-1.78296]},"K2o":{"weight":1.0,"played":[1.0,0.0,0.0],"evs":[0.0,-1.19768,-1.56288]},"A2o":{"weight":1.0,"played":[1.0,0.0,0.0],"evs":[0.0,-1.61053,-1.97363]},"32s":{"weight":1.0,"played":[1.0,0.0,0.0],"evs":[0.0,-0.92102,-1.3739]},"33":{"weight":1.0,"played":[0.9999,0.0,1.0E-4],"evs":[0.0,-0.18523,-0.14217]},"43o":{"weight":1.0,"played":[1.0,0.0,0.0],"evs":[0.0,-1.10654,-1.58016]},"53o":{"weight":1.0,"played":[1.0,0.0,0.0],"evs":[0.0,-1.03546,-1.52203]},"63o":{"weight":1.0,"played":[1.0,0.0,0.0],"evs":[0.0,-1.12244,-1.67696]},"73o":{"weight":1.0,"played":[1.0,0.0,0.0],"evs":[0.0,-1.33801,-1.92705]},"83o":{"weight":1.0,"played":[1.0,0.0,0.0],"evs":[0.0,-1.46282,-2.05339]},"93o":{"weight":1.0,"played":[1.0,0.0,0.0],"evs":[0.0,-1.66323,-2.30954]},"T3o":{"weight":1.0,"played":[1.0,0.0,0.0],"evs":[0.0,-1.39466,-1.86428]},"J3o":{"weight":1.0,"played":[1.0,0.0,0.0],"evs":[0.0,-1.33314,-1.75454]},"Q3o":{"weight":1.0,"played":[1.0,0.0,0.0],"evs":[0.0,-1.28024,-1.69395]},"K3o":{"weight":1.0,"played":[1.0,0.0,0.0],"evs":[0.0,-1.14678,-1.47366]},"A3o":{"weight":1.0,"played":[1.0,0.0,0.0],"evs":[0.0,-1.48022,-1.83626]},"42s":{"weight":1.0,"played":[1.0,0.0,0.0],"evs":[0.0,-0.75172,-1.14977]},"43s":{"weight":1.0,"played":[1.0,0.0,0.0],"evs":[0.0,-0.67651,-1.06439]},"44":{"weight":1.0,"played":[0.887,0.0045,0.1085],"evs":[0.0,-0.03095,-0.0093]},"54o":{"weight":1.0,"played":[1.0,0.0,0.0],"evs":[0.0,-0.88296,-1.28925]},"64o":{"weight":1.0,"played":[1.0,0.0,0.0],"evs":[0.0,-0.9256,-1.42243]},"74o":{"weight":1.0,"played":[1.0,0.0,0.0],"evs":[0.0,-1.11775,-1.61731]},"84o":{"weight":1.0,"played":[1.0,0.0,0.0],"evs":[0.0,-1.26441,-1.7965]},"94o":{"weight":1.0,"played":[1.0,0.0,0.0],"evs":[0.0,-1.5947,-2.19447]},"T4o":{"weight":1.0,"played":[1.0,0.0,0.0],"evs":[0.0,-1.33056,-1.75877]},"J4o":{"weight":1.0,"played":[1.0,0.0,0.0],"evs":[0.0,-1.28047,-1.67141]},"Q4o":{"weight":1.0,"played":[1.0,0.0,0.0],"evs":[0.0,-1.23186,-1.62289]},"K4o":{"weight":1.0,"played":[1.0,0.0,0.0],"evs":[0.0,-1.06877,-1.37175]},"A4o":{"weight":1.0,"played":[1.0,0.0,0.0],"evs":[0.0,-1.45173,-1.77332]},"52s":{"weight":1.0,"played":[1.0,0.0,0.0],"evs":[0.0,-0.85673,-1.21371]},"53s":{"weight":1.0,"played":[1.0,0.0,0.0],"evs":[0.0,-0.54939,-0.86829]},"54s":{"weight":1.0,"played":[1.0,0.0,0.0],"evs":[0.0,-0.44498,-0.74908]},"55":{"weight":1.0,"played":[0.01,0.0182,0.9718],"evs":[0.0,0.18788,0.19499]},"65o":{"weight":1.0,"played":[1.0,0.0,0.0],"evs":[0.0,-0.72814,-1.13194]},"75o":{"weight":1.0,"played":[1.0,0.0,0.0],"evs":[0.0,-0.96946,-1.41035]},"85o":{"weight":1.0,"played":[1.0,0.0,0.0],"evs":[0.0,-1.1018,-1.55497]},"95o":{"weight":1.0,"played":[1.0,0.0,0.0],"evs":[0.0,-1.40384,-1.92972]},"T5o":{"weight":1.0,"played":[1.0,0.0,0.0],"evs":[0.0,-1.27091,-1.70128]},"J5o":{"weight":1.0,"played":[1.0,0.0,0.0],"evs":[0.0,-1.19925,-1.56476]},"Q5o":{"weight":1.0,"played":[1.0,0.0,0.0],"evs":[0.0,-1.18771,-1.55827]},"K5o":{"weight":1.0,"played":[1.0,0.0,0.0],"evs":[0.0,-1.07101,-1.35371]},"A5o":{"weight":1.0,"played":[1.0,0.0,0.0],"evs":[0.0,-1.37884,-1.64456]},"62s":{"weight":1.0,"played":[1.0,0.0,0.0],"evs":[0.0,-0.85438,-1.35993]},"63s":{"weight":1.0,"played":[0.9998,1.0E-4,0.0],"evs":[0.0,-0.68002,-1.08875]},"64s":{"weight":1.0,"played":[1.0,0.0,0.0],"evs":[0.0,-0.331,-0.66386]},"65s":{"weight":1.0,"played":[1.0,0.0,0.0],"evs":[0.0,-0.26869,-0.51755]},"66":{"weight":1.0,"played":[9.0E-4,0.2316,0.7675],"evs":[0.0,0.34878,0.34751]},"76o":{"weight":1.0,"played":[1.0,0.0,0.0],"evs":[0.0,-0.82788,-1.21956]},"86o":{"weight":1.0,"played":[1.0,0.0,0.0],"evs":[0.0,-0.9138,-1.32726]},"96o":{"weight":1.0,"played":[1.0,0.0,0.0],"evs":[0.0,-1.22578,-1.7181]},"T6o":{"weight":1.0,"played":[1.0,0.0,0.0],"evs":[0.0,-1.14739,-1.54012]},"J6o":{"weight":1.0,"played":[1.0,0.0,0.0],"evs":[0.0,-1.1925,-1.55938]},"Q6o":{"weight":1.0,"played":[1.0,0.0,0.0],"evs":[0.0,-1.19286,-1.56966]},"K6o":{"weight":1.0,"played":[1.0,0.0,0.0],"evs":[0.0,-1.03816,-1.34734]},"A6o":{"weight":1.0,"played":[1.0,0.0,0.0],"evs":[0.0,-1.57521,-1.92271]},"72s":{"weight":1.0,"played":[1.0,0.0,0.0],"evs":[0.0,-1.06445,-1.5213]},"73s":{"weight":1.0,"played":[1.0,0.0,0.0],"evs":[0.0,-0.92165,-1.36106]},"74s":{"weight":1.0,"played":[1.0,0.0,0.0],"evs":[0.0,-0.64472,-0.99484]},"75s":{"weight":1.0,"played":[1.0,0.0,0.0],"evs":[0.0,-0.48412,-0.78679]},"76s":{"weight":1.0,"played":[0.9999,1.0E-4,0.0],"evs":[0.0,-0.35199,-0.60127]},"77":{"weight":1.0,"played":[0.0,0.0753,0.9247],"evs":[0.0,0.44538,0.44822]},"87o":{"weight":1.0,"played":[1.0,0.0,0.0],"evs":[0.0,-0.77622,-1.11198]},"97o":{"weight":1.0,"played":[1.0,0.0,0.0],"evs":[0.0,-1.08326,-1.51126]},"T7o":{"weight":1.0,"played":[1.0,0.0,0.0],"evs":[0.0,-1.03651,-1.36737]},"J7o":{"weight":1.0,"played":[1.0,0.0,0.0],"evs":[0.0,-1.06509,-1.42351]},"Q7o":{"weight":1.0,"played":[1.0,0.0,0.0],"evs":[0.0,-1.12009,-1.48597]},"K7o":{"weight":1.0,"played":[1.0,0.0,0.0],"evs":[0.0,-1.00501,-1.29961]},"A7o":{"weight":1.0,"played":[1.0,0.0,0.0],"evs":[0.0,-1.57256,-1.8928]},"82s":{"weight":1.0,"played":[1.0,0.0,0.0],"evs":[0.0,-1.01947,-1.46301]},"83s":{"weight":1.0,"played":[1.0,0.0,0.0],"evs":[0.0,-0.95797,-1.38539]},"84s":{"weight":1.0,"played":[1.0,0.0,0.0],"evs":[0.0,-0.78722,-1.18361]},"85s":{"weight":1.0,"played":[1.0,0.0,0.0],"evs":[0.0,-0.62992,-0.93279]},"86s":{"weight":1.0,"played":[0.9997,3.0E-4,0.0],"evs":[0.0,-0.29087,-0.57085]},"87s":{"weight":1.0,"played":[0.9998,1.0E-4,0.0],"evs":[0.0,-0.29771,-0.5798]},"88":{"weight":1.0,"played":[0.0,5.0E-4,0.9995],"evs":[0.0,0.95714,0.95809]},"98o":{"weight":1.0,"played":[1.0,0.0,0.0],"evs":[0.0,-0.91817,-1.26642]},"T8o":{"weight":1.0,"played":[1.0,0.0,0.0],"evs":[0.0,-0.81672,-1.11521]},"J8o":{"weight":1.0,"played":[1.0,0.0,0.0],"evs":[0.0,-0.87966,-1.15357]},"Q8o":{"weight":1.0,"played":[1.0,0.0,0.0],"evs":[0.0,-1.05271,-1.38337]},"K8o":{"weight":1.0,"played":[1.0,0.0,0.0],"evs":[0.0,-1.01267,-1.28122]},"A8o":{"weight":1.0,"played":[1.0,0.0,0.0],"evs":[0.0,-1.52756,-1.76779]},"92s":{"weight":1.0,"played":[1.0,0.0,0.0],"evs":[0.0,-1.13958,-1.58324]},"93s":{"weight":1.0,"played":[1.0,0.0,0.0],"evs":[0.0,-1.15472,-1.61681]},"94s":{"weight":1.0,"played":[1.0,0.0,0.0],"evs":[0.0,-1.15946,-1.57109]},"95s":{"weight":1.0,"played":[1.0,0.0,0.0],"evs":[0.0,-0.91965,-1.30136]},"96s":{"weight":1.0,"played":[1.0,0.0,0.0],"evs":[0.0,-0.76496,-1.11234]},"97s":{"weight":1.0,"played":[1.0,0.0,0.0],"evs":[0.0,-0.63984,-0.94814]},"98s":{"weight":1.0,"played":[1.0,0.0,0.0],"evs":[0.0,-0.45722,-0.71102]},"99":{"weight":1.0,"played":[0.0,0.032,0.968],"evs":[0.0,1.59824,1.60222]},"T9o":{"weight":1.0,"played":[1.0,0.0,0.0],"evs":[0.0,-0.90727,-1.18765]},"J9o":{"weight":1.0,"played":[1.0,0.0,0.0],"evs":[0.0,-0.96829,-1.235]},"Q9o":{"weight":1.0,"played":[1.0,0.0,0.0],"evs":[0.0,-1.11235,-1.39482]},"K9o":{"weight":1.0,"played":[1.0,0.0,0.0],"evs":[0.0,-1.18621,-1.42959]},"A9o":{"weight":1.0,"played":[0.9999,0.0,0.0],"evs":[0.0,-1.15274,-1.16535]},"T2s":{"weight":1.0,"played":[1.0,0.0,0.0],"evs":[0.0,-0.91838,-1.25817]},"T3s":{"weight":1.0,"played":[1.0,0.0,0.0],"evs":[0.0,-0.92239,-1.21969]},"T4s":{"weight":1.0,"played":[1.0,0.0,0.0],"evs":[0.0,-0.89458,-1.19585]},"T5s":{"weight":1.0,"played":[1.0,0.0,0.0],"evs":[0.0,-0.80877,-1.09354]},"T6s":{"weight":1.0,"played":[1.0,0.0,0.0],"evs":[0.0,-0.77873,-1.07135]},"T7s":{"weight":1.0,"played":[1.0,0.0,0.0],"evs":[0.0,-0.48916,-0.7351]},"T8s":{"weight":1.0,"played":[0.9982,0.0018,0.0],"evs":[0.0,-0.32421,-0.52658]},"T9s":{"weight":1.0,"played":[0.9998,1.0E-4,0.0],"evs":[0.0,-0.38935,-0.58056]},"TT":{"weight":1.0,"played":[0.0,0.0363,0.9637],"evs":[0.0,2.4703,2.47602]},"JTo":{"weight":1.0,"played":[1.0,0.0,0.0],"evs":[0.0,-0.51686,-0.62913]},"QTo":{"weight":1.0,"played":[0.9999,0.0,0.0],"evs":[0.0,-0.68733,-0.80483]},"KTo":{"weight":1.0,"played":[1.0,0.0,0.0],"evs":[0.0,-0.54612,-0.61083]},"ATo":{"weight":1.0,"played":[0.9571,0.0019,0.0409],"evs":[0.0,-0.13019,-0.09348]},"J2s":{"weight":1.0,"played":[1.0,0.0,0.0],"evs":[0.0,-0.84049,-1.16541]},"J3s":{"weight":1.0,"played":[1.0,0.0,0.0],"evs":[0.0,-0.69915,-0.99108]},"J4s":{"weight":1.0,"played":[1.0,0.0,0.0],"evs":[0.0,-0.67629,-0.94697]},"J5s":{"weight":1.0,"played":[1.0,0.0,0.0],"evs":[0.0,-0.70161,-0.94]},"J6s":{"weight":1.0,"played":[1.0,0.0,0.0],"evs":[0.0,-0.66961,-0.93341]},"J7s":{"weight":1.0,"played":[1.0,0.0,0.0],"evs":[0.0,-0.46416,-0.68557]},"J8s":{"weight":1.0,"played":[0.9999,0.0,0.0],"evs":[0.0,-0.34952,-0.53974]},"J9s":{"weight":1.0,"played":[0.9999,1.0E-4,0.0],"evs":[0.0,-0.37681,-0.58718]},"JTs":{"weight":1.0,"played":[0.3916,0.6019,0.0065],"evs":[0.0,0.02174,-0.04767]},"JJ":{"weight":1.0,"played":[0.0,0.0028,0.9972],"evs":[0.0,3.11693,3.12118]},"QJo":{"weight":1.0,"played":[1.0,0.0,0.0],"evs":[0.0,-0.48894,-0.57539]},"KJo":{"weight":1.0,"played":[0.9998,1.0E-4,1.0E-4],"evs":[0.0,-0.44596,-0.50972]},"AJo":{"weight":1.0,"played":[0.0,0.0215,0.9785],"evs":[0.0,0.32626,0.36319]},"Q2s":{"weight":1.0,"played":[1.0,0.0,0.0],"evs":[0.0,-0.84021,-1.19304]},"Q3s":{"weight":1.0,"played":[0.9999,1.0E-4,0.0],"evs":[0.0,-0.77179,-1.05679]},"Q4s":{"weight":1.0,"played":[1.0,0.0,0.0],"evs":[0.0,-0.73154,-1.00375]},"Q5s":{"weight":1.0,"played":[1.0,0.0,0.0],"evs":[0.0,-0.62318,-0.9004]},"Q6s":{"weight":1.0,"played":[0.9999,1.0E-4,0.0],"evs":[0.0,-0.59775,-0.83149]},"Q7s":{"weight":1.0,"played":[1.0,0.0,0.0],"evs":[0.0,-0.66567,-0.92323]},"Q8s":{"weight":1.0,"played":[0.9996,3.0E-4,1.0E-4],"evs":[0.0,-0.53202,-0.70032]},"Q9s":{"weight":1.0,"played":[1.0,0.0,0.0],"evs":[0.0,-0.54336,-0.74096]},"QTs":{"weight":1.0,"played":[0.8461,0.1483,0.0056],"evs":[0.0,-0.06263,-0.11946]},"QJs":{"weight":1.0,"played":[0.3363,0.6625,0.0012],"evs":[0.0,0.07943,0.0304]},"QQ":{"weight":1.0,"played":[0.0,1.0E-4,0.9999],"evs":[0.0,3.83169,3.83384]},"KQo":{"weight":1.0,"played":[0.987,0.0027,0.0102],"evs":[0.0,-0.29753,-0.34451]},"AQo":{"weight":1.0,"played":[0.0,0.0,1.0],"evs":[0.0,1.11657,1.13642]},"K2s":{"weight":1.0,"played":[1.0,0.0,0.0],"evs":[0.0,-0.68203,-0.96975]},"K3s":{"weight":1.0,"played":[1.0,0.0,0.0],"evs":[0.0,-0.60333,-0.82226]},"K4s":{"weight":1.0,"played":[0.9999,0.0,0.0],"evs":[0.0,-0.52018,-0.69529]},"K5s":{"weight":1.0,"played":[0.9999,1.0E-4,0.0],"evs":[0.0,-0.51676,-0.7346]},"K6s":{"weight":1.0,"played":[1.0,0.0,0.0],"evs":[0.0,-0.4516,-0.69107]},"K7s":{"weight":1.0,"played":[1.0,0.0,0.0],"evs":[0.0,-0.3796,-0.58453]},"K8s":{"weight":1.0,"played":[0.9999,1.0E-4,0.0],"evs":[0.0,-0.35067,-0.55969]},"K9s":{"weight":1.0,"played":[0.9995,5.0E-4,0.0],"evs":[0.0,-0.50526,-0.69708]},"KTs":{"weight":1.0,"played":[0.3597,0.6114,0.0288],"evs":[0.0,-0.01884,-0.0675]},"KJs":{"weight":1.0,"played":[0.0199,0.9393,0.0409],"evs":[0.0,0.20833,0.14978]},"KQs":{"weight":1.0,"played":[4.0E-4,0.9946,0.0049],"evs":[0.0,0.34032,0.30802]},"KK":{"weight":1.0,"played":[0.0,0.0,1.0],"evs":[0.0,5.0349,5.0393]},"AKo":{"weight":1.0,"played":[0.0,0.0273,0.9727],"evs":[0.0,1.98566,1.9915]},"A2s":{"weight":1.0,"played":[0.9998,1.0E-4,1.0E-4],"evs":[0.0,-0.92923,-1.17258]},"A3s":{"weight":1.0,"played":[1.0,0.0,0.0],"evs":[0.0,-0.8622,-1.08803]},"A4s":{"weight":1.0,"played":[1.0,0.0,0.0],"evs":[0.0,-0.79373,-1.0182]},"A5s":{"weight":1.0,"played":[1.0,0.0,0.0],"evs":[0.0,-0.79795,-0.99666]},"A6s":{"weight":1.0,"played":[0.9999,0.0,0.0],"evs":[0.0,-1.02548,-1.24425]},"A7s":{"weight":1.0,"played":[1.0,0.0,0.0],"evs":[0.0,-0.90571,-1.10992]},"A8s":{"weight":1.0,"played":[0.9988,0.0011,1.0E-4],"evs":[0.0,-0.80862,-0.98676]},"A9s":{"weight":1.0,"played":[0.9483,0.0491,0.0025],"evs":[0.0,-0.5056,-0.55505]},"ATs":{"weight":1.0,"played":[7.0E-4,0.0041,0.9952],"evs":[0.0,0.45681,0.50068]},"AJs":{"weight":1.0,"played":[0.0,1.0E-4,0.9999],"evs":[0.0,0.95848,1.00346]},"AQs":{"weight":1.0,"played":[0.0,2.0E-4,0.9998],"evs":[0.0,1.68852,1.70567]},"AKs":{"weight":1.0,"played":[0.0,0.0,1.0],"evs":[0.0,2.5542,2.5638]},"AA":{"weight":1.0,"played":[0.0,0.0036,0.9964],"evs":[0.0,7.4102,7.41576]}}}