{"player":6,"street":0,"children":3,"sequence":[{"player":0,"type":"F","amount":0,"street":0},{"player":1,"type":"R","amount":8160000,"street":0},{"player":2,"type":"F","amount":0,"street":0},{"player":3,"type":"C","amount":8160000,"street":0},{"player":4,"type":"F","amount":0,"street":0},{"player":5,"type":"C","amount":6560000,"street":0}],"actions":[{"type":"F","amount":0},{"type":"C","amount":4960000},{"type":"R","amount":11040000,"node":59}],"hands":{"22":{"weight":1.0,"played":[0.9845,0.0,0.0155],"evs":[0.0,-1.62763,-1.07041]},"32o":{"weight":1.0,"played":[0.992,0.0023,0.0057],"evs":[0.0,-2.26721,-3.06614]},"42o":{"weight":1.0,"played":[1.0,0.0,0.0],"evs":[0.0,-1.63433,-2.35575]},"52o":{"weight":1.0,"played":[0.9997,1.0E-4,2.0E-4],"evs":[0.0,-1.94891,-2.95008]},"62o":{"weight":1.0,"played":[0.9997,0.0,3.0E-4],"evs":[0.0,-1.35366,-2.16084]},"72o":{"weight":1.0,"played":[0.9997,0.0,3.0E-4],"evs":[0.0,-2.18942,-3.11841]},"82o":{"weight":1.0,"played":[0.9988,7.0E-4,5.0E-4],"evs":[0.0,-1.99545,-3.131]},"92o":{"weight":1.0,"played":[0.9999,0.0,1.0E-4],"evs":[0.0,-2.02059,-2.74987]},"T2o":{"weight":1.0,"played":[0.9987,3.0E-4,0.001],"evs":[0.0,-2.08466,-2.94509]},"J2o":{"weight":1.0,"played":[0.9965,4.0E-4,0.0031],"evs":[0.0,-1.64355,-1.83565]},"Q2o":{"weight":1.0,"played":[0.9982,5.0E-4,0.0013],"evs":[0.0,-1.58088,-2.33366]},"K2o":{"weight":1.0,"played":[0.9985,5.0E-4,0.001],"evs":[0.0,-1.3127,-1.889]},"A2o":{"weight":1.0,"played":[0.9993,0.0,7.0E-4],"evs":[0.0,-2.5148,-3.19673]},"32s":{"weight":1.0,"played":[0.9996,0.0,4.0E-4],"evs":[0.0,-1.1109,-1.53196]},"33":{"weight":1.0,"played":[0.7983,0.0038,0.1979],"evs":[0.0,-1.21431,-0.89419]},"43o":{"weight":1.0,"played":[1.0,0.0,0.0],"evs":[0.0,-1.95215,-2.56931]},"53o":{"weight":1.0,"played":[0.9977,2.0E-4,0.002],"evs":[0.0,-1.51583,-2.01843]},"63o":{"weight":1.0,"played":[0.9966,1.0E-4,0.0033],"evs":[0.0,-1.27479,-1.71554]},"73o":{"weight":1.0,"played":[0.9999,0.0,0.0],"evs":[0.0,-1.63808,-2.07391]},"83o":{"weight":1.0,"played":[0.9998,0.0,2.0E-4],"evs":[0.0,-2.15259,-3.04652]},"93o":{"weight":1.0,"played":[0.9998,1.0E-4,1.0E-4],"evs":[0.0,-1.91624,-2.6522]},"T3o":{"weight":1.0,"played":[0.9996,0.0,4.0E-4],"evs":[0.0,-1.89928,-1.88644]},"J3o":{"weight":1.0,"played":[1.0,0.0,0.0],"evs":[0.0,-1.87897,-2.10232]},"Q3o":{"weight":1.0,"played":[0.9972,1.0E-4,0.0027],"evs":[0.0,-2.44167,-3.23186]},"K3o":{"weight":1.0,"played":[0.9989,9.0E-4,2.0E-4],"evs":[0.0,-1.35845,-2.43245]},"A3o":{"weight":1.0,"played":[0.9973,1.0E-4,0.0026],"evs":[0.0,-2.03658,-2.59982]},"42s":{"weight":1.0,"played":[0.9921,0.0064,0.0015],"evs":[0.0,-1.36489,-1.71789]},"43s":{"weight":1.0,"played":[0.8836,0.0597,0.0568],"evs":[0.0,-1.35226,-1.31526]},"44":{"weight":1.0,"played":[0.4645,0.0539,0.4817],"evs":[0.0,-0.46859,-0.17413]},"54o":{"weight":1.0,"played":[0.9996,2.0E-4,2.0E-4],"evs":[0.0,-1.6064,-2.32277]},"64o":{"weight":1.0,"played":[0.9997,0.0,3.0E-4],"evs":[0.0,-1.60543,-2.02972]},"74o":{"weight":1.0,"played":[1.0,0.0,0.0],"evs":[0.0,-1.39626,-1.70982]},"84o":{"weight":1.0,"played":[0.9995,4.0E-4,0.0],"evs":[0.0,-1.93106,-1.97387]},"94o":{"weight":1.0,"played":[0.9999,0.0,1.0E-4],"evs":[0.0,-1.51815,-2.09641]},"T4o":{"weight":1.0,"played":[0.9999,1.0E-4,0.0],"evs":[0.0,-1.12839,-1.18862]},"J4o":{"weight":1.0,"played":[0.9992,7.0E-4,1.0E-4],"evs":[0.0,-2.01815,-2.81939]},"Q4o":{"weight":1.0,"played":[0.9998,1.0E-4,1.0E-4],"evs":[0.0,-1.45074,-2.23297]},"K4o":{"weight":1.0,"played":[0.9994,0.0,6.0E-4],"evs":[0.0,-1.2127,-1.46683]},"A4o":{"weight":1.0,"played":[1.0,0.0,0.0],"evs":[0.0,-2.28343,-2.79229]},"52s":{"weight":1.0,"played":[0.9951,0.0011,0.0038],"evs":[0.0,-0.66169,-1.17606]},"53s":{"weight":1.0,"played":[0.9804,0.0106,0.009],"evs":[0.0,-1.04732,-1.57657]},"54s":{"weight":1.0,"played":[0.7681,0.1615,0.0704],"evs":[0.0,-0.71277,-0.96502]},"55":{"weight":1.0,"played":[0.3359,0.1028,0.5613],"evs":[0.0,-0.43452,-0.47193]},"65o":{"weight":1.0,"played":[0.9969,1.0E-4,0.003],"evs":[0.0,-1.53377,-2.04181]},"75o":{"weight":1.0,"played":[0.996,0.0033,8.0E-4],"evs":[0.0,-0.96466,-1.7062]},"85o":{"weight":1.0,"played":[0.9995,1.0E-4,4.0E-4],"evs":[0.0,-2.05714,-2.35339]},"95o":{"weight":1.0,"played":[0.9982,2.0E-4,0.0016],"evs":[0.0,-2.02088,-2.70301]},"T5o":{"weight":1.0,"played":[1.0,0.0,0.0],"evs":[0.0,-1.95028,-2.55702]},"J5o":{"weight":1.0,"played":[0.999,1.0E-4,9.0E-4],"evs":[0.0,-1.66712,-2.43941]},"Q5o":{"weight":1.0,"played":[0.9898,0.0,0.0102],"evs":[0.0,-1.80043,-2.35718]},"K5o":{"weight":1.0,"played":[0.9956,0.0025,0.0019],"evs":[0.0,-1.2591,-1.72688]},"A5o":{"weight":1.0,"played":[0.9991,3.0E-4,6.0E-4],"evs":[0.0,-2.03116,-2.6765]},"62s":{"weight":1.0,"played":[0.9745,0.0024,0.0232],"evs":[0.0,-1.30353,-1.54095]},"63s":{"weight":1.0,"played":[0.99,2.0E-4,0.0098],"evs":[0.0,-0.85076,-1.68885]},"64s":{"weight":1.0,"played":[0.9759,0.0086,0.0155],"evs":[0.0,-2.70299,-2.4752]},"65s":{"weight":1.0,"played":[0.7787,0.1225,0.0988],"evs":[0.0,-0.8588,-1.35586]},"66":{"weight":1.0,"played":[0.998,7.0E-4,0.0013],"evs":[0.0,-1.55936,-1.53717]},"76o":{"weight":1.0,"played":[0.9997,1.0E-4,2.0E-4],"evs":[0.0,-1.42882,-1.88583]},"86o":{"weight":1.0,"played":[1.0,0.0,0.0],"evs":[0.0,-1.44221,-1.72026]},"96o":{"weight":1.0,"played":[0.9975,5.0E-4,0.002],"evs":[0.0,-1.88488,-2.53788]},"T6o":{"weight":1.0,"played":[0.9999,1.0E-4,1.0E-4],"evs":[0.0,-1.89892,-2.44111]},"J6o":{"weight":1.0,"played":[0.9934,0.0028,0.0038],"evs":[0.0,-1.37847,-1.73343]},"Q6o":{"weight":1.0,"played":[0.9962,5.0E-4,0.0034],"evs":[0.0,-1.77962,-2.27315]},"K6o":{"weight":1.0,"played":[1.0,0.0,0.0],"evs":[0.0,-1.34274,-1.55956]},"A6o":{"weight":1.0,"played":[0.9992,0.0,8.0E-4],"evs":[0.0,-2.14967,-3.4255]},"72s":{"weight":1.0,"played":[0.9957,2.0E-4,0.0041],"evs":[0.0,-2.23611,-2.89599]},"73s":{"weight":1.0,"played":[0.879,0.0699,0.0511],"evs":[0.0,-1.38372,-1.37788]},"74s":{"weight":1.0,"played":[0.9869,0.002,0.0111],"evs":[0.0,-0.4177,-0.66567]},"75s":{"weight":1.0,"played":[0.7984,0.1942,0.0074],"evs":[0.0,-0.55343,-0.71675]},"76s":{"weight":1.0,"played":[0.999,5.0E-4,5.0E-4],"evs":[0.0,-0.3342,-0.61474]},"77":{"weight":1.0,"played":[0.6862,2.0E-4,0.3136],"evs":[0.0,-0.50578,-0.31866]},"87o":{"weight":1.0,"played":[0.9594,0.001,0.0396],"evs":[0.0,-1.78402,-2.32237]},"97o":{"weight":1.0,"played":[0.9996,4.0E-4,0.0],"evs":[0.0,-1.69264,-2.00819]},"T7o":{"weight":1.0,"played":[0.9993,0.0,7.0E-4],"evs":[0.0,-1.44563,-1.48646]},"J7o":{"weight":1.0,"played":[0.9875,0.0011,0.0115],"evs":[0.0,-1.51377,-2.09943]},"Q7o":{"weight":1.0,"played":[1.0,0.0,0.0],"evs":[0.0,-1.54277,-2.04206]},"K7o":{"weight":1.0,"played":[1.0,0.0,0.0],"evs":[0.0,-1.54969,-1.95201]},"A7o":{"weight":1.0,"played":[0.9999,1.0E-4,0.0],"evs":[0.0,-2.2935,-2.72377]},"82s":{"weight":1.0,"played":[0.9754,0.0102,0.0145],"evs":[0.0,-1.33339,-1.44889]},"83s":{"weight":1.0,"played":[0.9979,7.0E-4,0.0015],"evs":[0.0,-1.64538,-2.40459]},"84s":{"weight":1.0,"played":[0.998,5.0E-4,0.0014],"evs":[0.0,-1.87029,-2.57494]},"85s":{"weight":1.0,"played":[0.9767,0.0018,0.0215],"evs":[0.0,-2.01843,-2.60587]},"86s":{"weight":1.0,"played":[0.9416,1.0E-4,0.0583],"evs":[0.0,-0.5095,-1.17869]},"87s":{"weight":1.0,"played":[0.9471,4.0E-4,0.0525],"evs":[0.0,-1.32294,-0.41625]},"88":{"weight":1.0,"played":[0.0099,0.2183,0.7719],"evs":[0.0,0.52265,0.68612]},"98o":{"weight":1.0,"played":[0.9988,0.0,0.0012],"evs":[0.0,-1.29845,-1.49161]},"T8o":{"weight":1.0,"played":[1.0,0.0,0.0],"evs":[0.0,-1.50909,-1.82491]},"J8o":{"weight":1.0,"played":[0.9989,0.0,0.0011],"evs":[0.0,-2.01548,-2.16957]},"Q8o":{"weight":1.0,"played":[0.9996,2.0E-4,2.0E-4],"evs":[0.0,-1.68267,-2.95153]},"K8o":{"weight":1.0,"played":[0.9999,0.0,1.0E-4],"evs":[0.0,-1.5201,-1.87782]},"A8o":{"weight":1.0,"played":[0.9983,1.0E-4,0.0016],"evs":[0.0,-2.46261,-2.87996]},"92s":{"weight":1.0,"played":[0.9955,6.0E-4,0.0039],"evs":[0.0,-1.25251,-1.63057]},"93s":{"weight":1.0,"played":[0.9869,0.0131,0.0],"evs":[0.0,-1.91184,-2.74248]},"94s":{"weight":1.0,"played":[0.9907,1.0E-4,0.0092],"evs":[0.0,-2.01392,-2.12859]},"95s":{"weight":1.0,"played":[0.7531,0.0017,0.2452],"evs":[0.0,-1.08401,-0.50205]},"96s":{"weight":1.0,"played":[0.9994,6.0E-4,0.0],"evs":[0.0,-0.76947,-1.05881]},"97s":{"weight":1.0,"played":[0.7577,0.1152,0.1271],"evs":[0.0,-0.89822,-0.9666]},"98s":{"weight":1.0,"played":[0.6083,0.0362,0.3555],"evs":[0.0,-1.18901,-0.69532]},"99":{"weight":1.0,"played":[0.0136,1.0E-4,0.9863],"evs":[0.0,0.79817,0.86811]},"T9o":{"weight":1.0,"played":[0.997,0.0012,0.0018],"evs":[0.0,-0.85589,-0.95953]},"J9o":{"weight":1.0,"played":[0.9995,1.0E-4,4.0E-4],"evs":[0.0,-1.46606,-1.86312]},"Q9o":{"weight":1.0,"played":[0.9945,0.0045,0.001],"evs":[0.0,-1.80723,-2.51055]},"K9o":{"weight":1.0,"played":[0.7897,0.0231,0.1872],"evs":[0.0,-0.88525,-0.67354]},"A9o":{"weight":1.0,"played":[1.0,0.0,0.0],"evs":[0.0,-2.68257,-2.99688]},"T2s":{"weight":1.0,"played":[0.9994,6.0E-4,0.0],"evs":[0.0,-1.46,-1.51613]},"T3s":{"weight":1.0,"played":[0.952,0.0292,0.0188],"evs":[0.0,-0.08064,-0.76738]},"T4s":{"weight":1.0,"played":[0.89,0.0069,0.1031],"evs":[0.0,-1.67435,-1.72232]},"T5s":{"weight":1.0,"played":[0.9986,0.0014,0.0],"evs":[0.0,-1.93611,-2.22023]},"T6s":{"weight":1.0,"played":[0.9007,0.0972,0.0021],"evs":[0.0,-1.28365,-2.15928]},"T7s":{"weight":1.0,"played":[0.9983,0.0012,5.0E-4],"evs":[0.0,-1.53446,-1.26908]},"T8s":{"weight":1.0,"played":[0.9822,0.0,0.0178],"evs":[0.0,-0.47651,-0.45212]},"T9s":{"weight":1.0,"played":[0.5627,0.1698,0.2675],"evs":[0.0,0.04388,-0.10258]},"TT":{"weight":1.0,"played":[0.0,0.3921,0.6079],"evs":[0.0,1.54948,1.75223]},"JTo":{"weight":1.0,"played":[0.9823,4.0E-4,0.0173],"evs":[0.0,-1.27371,-1.6927]},"QTo":{"weight":1.0,"played":[0.9983,0.0,0.0017],"evs":[0.0,-1.69738,-1.91241]},"KTo":{"weight":1.0,"played":[0.9843,7.0E-4,0.015],"evs":[0.0,-1.22261,-1.24199]},"ATo":{"weight":1.0,"played":[0.9932,0.002,0.0049],"evs":[0.0,-1.56241,-1.83394]},"J2s":{"weight":1.0,"played":[0.9934,0.0011,0.0055],"evs":[0.0,-0.83498,-1.24836]},"J3s":{"weight":1.0,"played":[0.9945,8.0E-4,0.0047],"evs":[0.0,-2.17973,-2.80763]},"J4s":{"weight":1.0,"played":[0.9923,9.0E-4,0.0068],"evs":[0.0,-1.98237,-2.81893]},"J5s":{"weight":1.0,"played":[0.9964,2.0E-4,0.0034],"evs":[0.0,-1.36432,-1.67113]},"J6s":{"weight":1.0,"played":[0.9984,0.0,0.0016],"evs":[0.0,-1.64831,-1.97832]},"J7s":{"weight":1.0,"played":[0.928,0.0658,0.0062],"evs":[0.0,-0.78873,-1.01724]},"J8s":{"weight":1.0,"played":[0.8958,0.0,0.1042],"evs":[0.0,-1.90346,-1.15566]},"J9s":{"weight":1.0,"played":[0.995,4.0E-4,0.0047],"evs":[0.0,-1.82748,-1.93913]},"JTs":{"weight":1.0,"played":[0.4168,0.1244,0.4588],"evs":[0.0,-0.74717,-0.22106]},"JJ":{"weight":1.0,"played":[1.0E-4,0.2439,0.756],"evs":[0.0,1.36124,1.11592]},"QJo":{"weight":1.0,"played":[0.9954,4.0E-4,0.0042],"evs":[0.0,-1.74744,-1.41741]},"KJo":{"weight":1.0,"played":[0.962,0.0012,0.0369],"evs":[0.0,-0.57673,-0.83764]},"AJo":{"weight":1.0,"played":[0.9991,9.0E-4,1.0E-4],"evs":[0.0,-1.5693,-2.2874]},"Q2s":{"weight":1.0,"played":[0.998,3.0E-4,0.0017],"evs":[0.0,-2.55608,-2.92741]},"Q3s":{"weight":1.0,"played":[0.9955,1.0E-4,0.0044],"evs":[0.0,-2.13969,-3.09648]},"Q4s":{"weight":1.0,"played":[0.9928,0.0013,0.0059],"evs":[0.0,-1.63344,-2.03563]},"Q5s":{"weight":1.0,"played":[0.9971,6.0E-4,0.0023],"evs":[0.0,-1.91338,-2.06215]},"Q6s":{"weight":1.0,"played":[0.9969,7.0E-4,0.0024],"evs":[0.0,-1.60772,-2.22314]},"Q7s":{"weight":1.0,"played":[0.9999,1.0E-4,0.0],"evs":[0.0,-1.69073,-2.10922]},"Q8s":{"weight":1.0,"played":[0.9855,0.0,0.0145],"evs":[0.0,-1.21692,-1.15253]},"Q9s":{"weight":1.0,"played":[0.9976,7.0E-4,0.0017],"evs":[0.0,-0.8374,-1.17689]},"QTs":{"weight":1.0,"played":[0.9947,0.0044,9.0E-4],"evs":[0.0,-1.40669,-0.62109]},"QJs":{"weight":1.0,"played":[0.7751,0.1317,0.0932],"evs":[0.0,-0.62204,-1.11398]},"QQ":{"weight":1.0,"played":[1.0E-4,0.0,0.9999],"evs":[0.0,2.27279,2.47935]},"KQo":{"weight":1.0,"played":[0.9579,0.0127,0.0294],"evs":[0.0,-0.76204,-0.58995]},"AQo":{"weight":1.0,"played":[0.7492,0.0036,0.2472],"evs":[0.0,-1.32469,-1.0315]},"K2s":{"weight":1.0,"played":[0.9667,8.0E-4,0.0325],"evs":[0.0,-1.55391,-2.05173]},"K3s":{"weight":1.0,"played":[0.972,0.0024,0.0256],"evs":[0.0,-1.10183,-1.92753]},"K4s":{"weight":1.0,"played":[0.9928,0.0,0.0072],"evs":[0.0,-1.65896,-2.45208]},"K5s":{"weight":1.0,"played":[0.7516,0.0771,0.1713],"evs":[0.0,-1.09133,-1.00923]},"K6s":{"weight":1.0,"played":[0.6035,0.089,0.3075],"evs":[0.0,-1.06541,-0.96441]},"K7s":{"weight":1.0,"played":[0.9524,0.0051,0.0424],"evs":[0.0,-2.01268,-2.32428]},"K8s":{"weight":1.0,"played":[0.943,0.0121,0.0449],"evs":[0.0,-0.54591,-0.66091]},"K9s":{"weight":1.0,"played":[0.5804,0.1887,0.2309],"evs":[0.0,-0.63065,-1.1367]},"KTs":{"weight":1.0,"played":[0.7142,0.0385,0.2473],"evs":[0.0,0.02219,-0.63098]},"KJs":{"weight":1.0,"played":[0.9904,0.0024,0.0072],"evs":[0.0,-1.7928,-2.31653]},"KQs":{"weight":1.0,"played":[0.3404,0.2555,0.4041],"evs":[0.0,1.02955,1.50241]},"KK":{"weight":1.0,"played":[0.0,0.0,1.0],"evs":[0.0,5.20687,5.56122]},"AKo":{"weight":1.0,"played":[0.0688,0.3607,0.5705],"evs":[0.0,0.72431,0.91275]},"A2s":{"weight":1.0,"played":[0.9803,0.0,0.0197],"evs":[0.0,-2.58996,-2.92577]},"A3s":{"weight":1.0,"played":[0.9908,0.0027,0.0065],"evs":[0.0,-2.13098,-2.11131]},"A4s":{"weight":1.0,"played":[0.9771,0.0034,0.0195],"evs":[0.0,-2.55054,-2.95478]},"A5s":{"weight":1.0,"played":[0.9931,0.0054,0.0015],"evs":[0.0,-1.45722,-1.92367]},"A6s":{"weight":1.0,"played":[0.9998,1.0E-4,0.0],"evs":[0.0,-1.45799,-1.88928]},"A7s":{"weight":1.0,"played":[0.9703,0.0025,0.0272],"evs":[0.0,-1.28819,-1.96297]},"A8s":{"weight":1.0,"played":[0.9739,1.0E-4,0.026],"evs":[0.0,-0.96916,-0.91948]},"A9s":{"weight":1.0,"played":[0.9993,0.0,7.0E-4],"evs":[0.0,-2.00679,-2.31851]},"ATs":{"weight":1.0,"played":[0.9435,0.0048,0.0517],"evs":[0.0,-2.38801,-2.16302]},"AJs":{"weight":1.0,"played":[0.8159,0.0208,0.1633],"evs":[0.0,-1.98278,-1.49148]},"AQs":{"weight":1.0,"played":[0.6526,0.0187,0.3287],"evs":[0.0,-1.38885,-0.59349]},"AKs":{"weight":1.0,"played":[0.3878,0.0504,0.5618],"evs":[0.0,-1.2936,0.37007]},"AA":{"weight":1.0,"played":[0.0,1.0E-4,0.9999],"evs":[0.0,5.90392,7.203]}}}