{"player":6,"street":0,"children":2,"sequence":[{"player":0,"type":"F","amount":0,"street":0},{"player":1,"type":"R","amount":8160000,"street":0},{"player":2,"type":"F","amount":0,"street":0},{"player":3,"type":"C","amount":8160000,"street":0},{"player":4,"type":"F","amount":0,"street":0},{"player":5,"type":"R","amount":18080000,"street":0}],"actions":[{"type":"F","amount":0,"node":63},{"type":"C","amount":7840000,"node":64}],"hands":{"22":{"weight":1.0,"played":[1.0,0.0],"evs":[0.0,-2.26517]},"32o":{"weight":1.0,"played":[1.0,0.0],"evs":[0.0,-3.13228]},"42o":{"weight":1.0,"played":[1.0,0.0],"evs":[0.0,-2.9457]},"52o":{"weight":1.0,"played":[1.0,0.0],"evs":[0.0,-2.9616]},"62o":{"weight":1.0,"played":[1.0,0.0],"evs":[0.0,-3.11457]},"72o":{"weight":1.0,"played":[1.0,0.0],"evs":[0.0,-3.4783]},"82o":{"weight":1.0,"played":[1.0,0.0],"evs":[0.0,-3.56686]},"92o":{"weight":1.0,"played":[1.0,0.0],"evs":[0.0,-3.60965]},"T2o":{"weight":1.0,"played":[1.0,0.0],"evs":[0.0,-3.42786]},"J2o":{"weight":1.0,"played":[1.0,0.0],"evs":[0.0,-3.27503]},"Q2o":{"weight":1.0,"played":[1.0,0.0],"evs":[0.0,-3.09513]},"K2o":{"weight":1.0,"played":[0.9999,1.0E-4],"evs":[0.0,-3.18282]},"A2o":{"weight":1.0,"played":[1.0,0.0],"evs":[0.0,-3.2033]},"32s":{"weight":1.0,"played":[0.9998,2.0E-4],"evs":[0.0,-2.30123]},"33":{"weight":1.0,"played":[1.0,0.0],"evs":[0.0,-2.04344]},"43o":{"weight":1.0,"played":[1.0,0.0],"evs":[0.0,-2.59718]},"53o":{"weight":1.0,"played":[1.0,0.0],"evs":[0.0,-2.72546]},"63o":{"weight":1.0,"played":[1.0,0.0],"evs":[0.0,-2.68465]},"73o":{"weight":1.0,"played":[1.0,0.0],"evs":[0.0,-3.26013]},"83o":{"weight":1.0,"played":[1.0,0.0],"evs":[0.0,-3.50695]},"93o":{"weight":1.0,"played":[1.0,0.0],"evs":[0.0,-3.46577]},"T3o":{"weight":1.0,"played":[1.0,0.0],"evs":[0.0,-3.39761]},"J3o":{"weight":1.0,"played":[1.0,0.0],"evs":[0.0,-3.15071]},"Q3o":{"weight":1.0,"played":[1.0,0.0],"evs":[0.0,-2.96897]},"K3o":{"weight":1.0,"played":[1.0,0.0],"evs":[0.0,-3.14485]},"A3o":{"weight":1.0,"played":[1.0,0.0],"evs":[0.0,-3.23331]},"42s":{"weight":1.0,"played":[1.0,0.0],"evs":[0.0,-2.28457]},"43s":{"weight":1.0,"played":[1.0,0.0],"evs":[0.0,-2.54032]},"44":{"weight":1.0,"played":[1.0,0.0],"evs":[0.0,-2.21245]},"54o":{"weight":1.0,"played":[1.0,0.0],"evs":[0.0,-2.52971]},"64o":{"weight":1.0,"played":[1.0,0.0],"evs":[0.0,-2.36255]},"74o":{"weight":1.0,"played":[1.0,0.0],"evs":[0.0,-2.94982]},"84o":{"weight":1.0,"played":[1.0,0.0],"evs":[0.0,-3.18808]},"94o":{"weight":1.0,"played":[1.0,0.0],"evs":[0.0,-3.60237]},"T4o":{"weight":1.0,"played":[1.0,0.0],"evs":[0.0,-3.18845]},"J4o":{"weight":1.0,"played":[1.0,0.0],"evs":[0.0,-3.09995]},"Q4o":{"weight":1.0,"played":[1.0,0.0],"evs":[0.0,-3.08478]},"K4o":{"weight":1.0,"played":[0.9999,1.0E-4],"evs":[0.0,-2.94439]},"A4o":{"weight":1.0,"played":[1.0,0.0],"evs":[0.0,-2.89332]},"52s":{"weight":1.0,"played":[0.9999,1.0E-4],"evs":[0.0,-2.21037]},"53s":{"weight":1.0,"played":[0.9998,2.0E-4],"evs":[0.0,-2.9549]},"54s":{"weight":1.0,"played":[0.9999,1.0E-4],"evs":[0.0,-1.82068]},"55":{"weight":1.0,"played":[1.0,0.0],"evs":[0.0,-1.94199]},"65o":{"weight":1.0,"played":[1.0,0.0],"evs":[0.0,-2.38955]},"75o":{"weight":1.0,"played":[0.9999,1.0E-4],"evs":[0.0,-2.5957]},"85o":{"weight":1.0,"played":[1.0,0.0],"evs":[0.0,-2.94029]},"95o":{"weight":1.0,"played":[1.0,0.0],"evs":[0.0,-3.37715]},"T5o":{"weight":1.0,"played":[1.0,0.0],"evs":[0.0,-3.08878]},"J5o":{"weight":1.0,"played":[1.0,0.0],"evs":[0.0,-2.95122]},"Q5o":{"weight":1.0,"played":[1.0,0.0],"evs":[0.0,-3.03323]},"K5o":{"weight":1.0,"played":[0.9999,1.0E-4],"evs":[0.0,-2.90821]},"A5o":{"weight":1.0,"played":[1.0,0.0],"evs":[0.0,-2.77379]},"62s":{"weight":1.0,"played":[1.0,0.0],"evs":[0.0,-2.51745]},"63s":{"weight":1.0,"played":[0.9999,1.0E-4],"evs":[0.0,-1.97654]},"64s":{"weight":1.0,"played":[1.0,0.0],"evs":[0.0,-1.98793]},"65s":{"weight":1.0,"played":[0.9942,0.0058],"evs":[0.0,-1.54407]},"66":{"weight":1.0,"played":[1.0,0.0],"evs":[0.0,-1.77643]},"76o":{"weight":1.0,"played":[1.0,0.0],"evs":[0.0,-2.32229]},"86o":{"weight":1.0,"played":[0.9999,1.0E-4],"evs":[0.0,-2.74361]},"96o":{"weight":1.0,"played":[0.9999,1.0E-4],"evs":[0.0,-3.06773]},"T6o":{"weight":1.0,"played":[1.0,0.0],"evs":[0.0,-3.19516]},"J6o":{"weight":1.0,"played":[1.0,0.0],"evs":[0.0,-2.89185]},"Q6o":{"weight":1.0,"played":[1.0,0.0],"evs":[0.0,-2.89131]},"K6o":{"weight":1.0,"played":[1.0,0.0],"evs":[0.0,-3.02124]},"A6o":{"weight":1.0,"played":[1.0,0.0],"evs":[0.0,-3.10481]},"72s":{"weight":1.0,"played":[1.0,0.0],"evs":[0.0,-2.54306]},"73s":{"weight":1.0,"played":[1.0,0.0],"evs":[0.0,-2.94699]},"74s":{"weight":1.0,"played":[1.0,0.0],"evs":[0.0,-1.74491]},"75s":{"weight":1.0,"played":[1.0,0.0],"evs":[0.0,-2.09725]},"76s":{"weight":1.0,"played":[0.9992,8.0E-4],"evs":[0.0,-1.97733]},"77":{"weight":1.0,"played":[0.9998,2.0E-4],"evs":[0.0,-1.97986]},"87o":{"weight":1.0,"played":[1.0,0.0],"evs":[0.0,-2.83897]},"97o":{"weight":1.0,"played":[1.0,0.0],"evs":[0.0,-2.78721]},"T7o":{"weight":1.0,"played":[1.0,0.0],"evs":[0.0,-2.77333]},"J7o":{"weight":1.0,"played":[1.0,0.0],"evs":[0.0,-2.53824]},"Q7o":{"weight":1.0,"played":[1.0,0.0],"evs":[0.0,-2.85472]},"K7o":{"weight":1.0,"played":[1.0,0.0],"evs":[0.0,-2.82714]},"A7o":{"weight":1.0,"played":[1.0,0.0],"evs":[0.0,-3.07844]},"82s":{"weight":1.0,"played":[1.0,0.0],"evs":[0.0,-2.96016]},"83s":{"weight":1.0,"played":[1.0,0.0],"evs":[0.0,-2.69522]},"84s":{"weight":1.0,"played":[0.9999,1.0E-4],"evs":[0.0,-2.21442]},"85s":{"weight":1.0,"played":[1.0,0.0],"evs":[0.0,-2.3503]},"86s":{"weight":1.0,"played":[0.9997,3.0E-4],"evs":[0.0,-1.98578]},"87s":{"weight":1.0,"played":[1.0,0.0],"evs":[0.0,-1.90715]},"88":{"weight":1.0,"played":[0.9993,7.0E-4],"evs":[0.0,-1.95531]},"98o":{"weight":1.0,"played":[1.0,0.0],"evs":[0.0,-2.62113]},"T8o":{"weight":1.0,"played":[1.0,0.0],"evs":[0.0,-2.59237]},"J8o":{"weight":1.0,"played":[1.0,0.0],"evs":[0.0,-2.78896]},"Q8o":{"weight":1.0,"played":[1.0,0.0],"evs":[0.0,-2.91772]},"K8o":{"weight":1.0,"played":[1.0,0.0],"evs":[0.0,-3.19909]},"A8o":{"weight":1.0,"played":[1.0,0.0],"evs":[0.0,-3.3]},"92s":{"weight":1.0,"played":[0.9994,6.0E-4],"evs":[0.0,-2.9494]},"93s":{"weight":1.0,"played":[1.0,0.0],"evs":[0.0,-3.22676]},"94s":{"weight":1.0,"played":[0.9992,8.0E-4],"evs":[0.0,-2.48089]},"95s":{"weight":1.0,"played":[1.0,0.0],"evs":[0.0,-2.54857]},"96s":{"weight":1.0,"played":[0.9995,5.0E-4],"evs":[0.0,-2.20242]},"97s":{"weight":1.0,"played":[0.9999,1.0E-4],"evs":[0.0,-2.64186]},"98s":{"weight":1.0,"played":[0.999,0.001],"evs":[0.0,-2.07677]},"99":{"weight":1.0,"played":[0.9997,3.0E-4],"evs":[0.0,-1.48631]},"T9o":{"weight":1.0,"played":[1.0,0.0],"evs":[0.0,-2.63528]},"J9o":{"weight":1.0,"played":[0.9999,1.0E-4],"evs":[0.0,-2.71794]},"Q9o":{"weight":1.0,"played":[1.0,0.0],"evs":[0.0,-2.91359]},"K9o":{"weight":1.0,"played":[1.0,0.0],"evs":[0.0,-3.1136]},"A9o":{"weight":1.0,"played":[1.0,0.0],"evs":[0.0,-3.22047]},"T2s":{"weight":1.0,"played":[1.0,0.0],"evs":[0.0,-2.46206]},"T3s":{"weight":1.0,"played":[0.9999,1.0E-4],"evs":[0.0,-2.50045]},"T4s":{"weight":1.0,"played":[0.9987,0.0013],"evs":[0.0,-2.47307]},"T5s":{"weight":1.0,"played":[0.9998,2.0E-4],"evs":[0.0,-2.15759]},"T6s":{"weight":1.0,"played":[0.999,0.001],"evs":[0.0,-2.47765]},"T7s":{"weight":1.0,"played":[0.9996,4.0E-4],"evs":[0.0,-2.21581]},"T8s":{"weight":1.0,"played":[0.9997,3.0E-4],"evs":[0.0,-2.60086]},"T9s":{"weight":1.0,"played":[1.0,0.0],"evs":[0.0,-2.41285]},"TT":{"weight":1.0,"played":[0.9856,0.0144],"evs":[0.0,-0.60336]},"JTo":{"weight":1.0,"played":[0.9996,4.0E-4],"evs":[0.0,-2.42889]},"QTo":{"weight":1.0,"played":[1.0,0.0],"evs":[0.0,-2.16679]},"KTo":{"weight":1.0,"played":[1.0,0.0],"evs":[0.0,-2.21614]},"ATo":{"weight":1.0,"played":[1.0,0.0],"evs":[0.0,-2.89241]},"J2s":{"weight":1.0,"played":[1.0,0.0],"evs":[0.0,-2.67303]},"J3s":{"weight":1.0,"played":[0.9995,5.0E-4],"evs":[0.0,-2.50115]},"J4s":{"weight":1.0,"played":[1.0,0.0],"evs":[0.0,-2.69395]},"J5s":{"weight":1.0,"played":[0.9997,3.0E-4],"evs":[0.0,-2.23998]},"J6s":{"weight":1.0,"played":[1.0,0.0],"evs":[0.0,-2.26033]},"J7s":{"weight":1.0,"played":[0.9993,7.0E-4],"evs":[0.0,-2.4954]},"J8s":{"weight":1.0,"played":[1.0,0.0],"evs":[0.0,-2.2102]},"J9s":{"weight":1.0,"played":[0.9999,1.0E-4],"evs":[0.0,-2.36037]},"JTs":{"weight":1.0,"played":[0.9993,7.0E-4],"evs":[0.0,-1.61755]},"JJ":{"weight":1.0,"played":[8.0E-4,0.9992],"evs":[0.0,1.14295]},"QJo":{"weight":1.0,"played":[1.0,0.0],"evs":[0.0,-1.85684]},"KJo":{"weight":1.0,"played":[0.9998,2.0E-4],"evs":[0.0,-2.20624]},"AJo":{"weight":1.0,"played":[0.9998,2.0E-4],"evs":[0.0,-2.07242]},"Q2s":{"weight":1.0,"played":[0.9998,2.0E-4],"evs":[0.0,-3.26685]},"Q3s":{"weight":1.0,"played":[1.0,0.0],"evs":[0.0,-2.45517]},"Q4s":{"weight":1.0,"played":[0.9999,1.0E-4],"evs":[0.0,-2.34834]},"Q5s":{"weight":1.0,"played":[1.0,0.0],"evs":[0.0,-2.18058]},"Q6s":{"weight":1.0,"played":[1.0,0.0],"evs":[0.0,-1.71549]},"Q7s":{"weight":1.0,"played":[0.9993,7.0E-4],"evs":[0.0,-2.27879]},"Q8s":{"weight":1.0,"played":[0.9999,1.0E-4],"evs":[0.0,-2.12135]},"Q9s":{"weight":1.0,"played":[0.9997,3.0E-4],"evs":[0.0,-1.83244]},"QTs":{"weight":1.0,"played":[0.999,0.001],"evs":[0.0,-2.06375]},"QJs":{"weight":1.0,"played":[0.9969,0.0031],"evs":[0.0,-1.20853]},"QQ":{"weight":1.0,"played":[6.0E-4,0.9994],"evs":[0.0,2.25901]},"KQo":{"weight":1.0,"played":[1.0,0.0],"evs":[0.0,-1.80731]},"AQo":{"weight":1.0,"played":[0.9999,1.0E-4],"evs":[0.0,-1.43423]},"K2s":{"weight":1.0,"played":[0.9992,8.0E-4],"evs":[0.0,-2.29817]},"K3s":{"weight":1.0,"played":[0.9999,1.0E-4],"evs":[0.0,-1.99823]},"K4s":{"weight":1.0,"played":[0.9996,4.0E-4],"evs":[0.0,-2.05698]},"K5s":{"weight":1.0,"played":[0.9999,1.0E-4],"evs":[0.0,-2.44204]},"K6s":{"weight":1.0,"played":[0.9996,4.0E-4],"evs":[0.0,-2.29189]},"K7s":{"weight":1.0,"played":[1.0,0.0],"evs":[0.0,-2.09032]},"K8s":{"weight":1.0,"played":[1.0,0.0],"evs":[0.0,-2.0493]},"K9s":{"weight":1.0,"played":[0.9988,0.0012],"evs":[0.0,-1.9756]},"KTs":{"weight":1.0,"played":[0.9993,7.0E-4],"evs":[0.0,-1.75955]},"KJs":{"weight":1.0,"played":[0.9999,1.0E-4],"evs":[0.0,-1.23855]},"KQs":{"weight":1.0,"played":[0.9995,5.0E-4],"evs":[0.0,-1.47419]},"KK":{"weight":1.0,"played":[0.0,1.0],"evs":[0.0,3.76059]},"AKo":{"weight":1.0,"played":[0.9984,0.0016],"evs":[0.0,-0.4615]},"A2s":{"weight":1.0,"played":[1.0,0.0],"evs":[0.0,-2.16267]},"A3s":{"weight":1.0,"played":[0.9992,8.0E-4],"evs":[0.0,-2.07054]},"A4s":{"weight":1.0,"played":[0.9999,1.0E-4],"evs":[0.0,-2.12483]},"A5s":{"weight":1.0,"played":[0.9995,5.0E-4],"evs":[0.0,-2.55426]},"A6s":{"weight":1.0,"played":[0.9999,1.0E-4],"evs":[0.0,-2.7112]},"A7s":{"weight":1.0,"played":[0.9999,1.0E-4],"evs":[0.0,-2.84938]},"A8s":{"weight":1.0,"played":[0.9992,8.0E-4],"evs":[0.0,-2.66382]},"A9s":{"weight":1.0,"played":[0.998,0.002],"evs":[0.0,-2.52676]},"ATs":{"weight":1.0,"played":[0.9999,1.0E-4],"evs":[0.0,-1.55972]},"AJs":{"weight":1.0,"played":[0.9996,4.0E-4],"evs":[0.0,-1.77108]},"AQs":{"weight":1.0,"played":[1.0,0.0],"evs":[0.0,-1.35956]},"AKs":{"weight":1.0,"played":[0.9529,0.0471],"evs":[0.0,-0.01708]},"AA":{"weight":1.0,"played":[0.0,1.0],"evs":[0.0,6.90442]}}}