{"player":3,"street":0,"children":2,"sequence":[{"player":0,"type":"F","amount":0,"street":0},{"player":1,"type":"R","amount":8160000,"street":0},{"player":2,"type":"F","amount":0,"street":0},{"player":3,"type":"C","amount":8160000,"street":0},{"player":4,"type":"F","amount":0,"street":0},{"player":5,"type":"R","amount":18080000,"street":0},{"player":6,"type":"F","amount":0,"street":0}],"actions":[{"type":"F","amount":0},{"type":"C","amount":9920000}],"hands":{"22":{"weight":0.0045,"played":[3.0E-4,0.9997],"evs":[0.0,0.43984]},"32o":{"weight":0.0,"played":[1.0,0.0],"evs":[0.0,-0.84898]},"42o":{"weight":0.0,"played":[1.0,0.0],"evs":[0.0,-0.82802]},"52o":{"weight":0.0,"played":[1.0,0.0],"evs":[0.0,-0.81802]},"62o":{"weight":0.0,"played":[1.0,0.0],"evs":[0.0,-0.9724]},"72o":{"weight":0.0,"played":[1.0,0.0],"evs":[0.0,-1.26302]},"82o":{"weight":0.0,"played":[1.0,0.0],"evs":[0.0,-1.18093]},"92o":{"weight":0.0,"played":[1.0,0.0],"evs":[0.0,-1.12824]},"T2o":{"weight":0.0,"played":[1.0,0.0],"evs":[0.0,-0.86349]},"J2o":{"weight":0.0,"played":[1.0,0.0],"evs":[0.0,-0.60839]},"Q2o":{"weight":0.0,"played":[1.0,0.0],"evs":[0.0,-0.55493]},"K2o":{"weight":0.0,"played":[1.0,0.0],"evs":[0.0,-0.50892]},"A2o":{"weight":0.0,"played":[0.9986,0.0014],"evs":[0.0,-0.27175]},"32s":{"weight":0.0,"played":[0.9968,0.0032],"evs":[0.0,-0.09691]},"33":{"weight":0.1194,"played":[0.0,1.0],"evs":[0.0,0.57682]},"43o":{"weight":0.0,"played":[1.0,0.0],"evs":[0.0,-0.54148]},"53o":{"weight":0.0,"played":[1.0,0.0],"evs":[0.0,-0.44531]},"63o":{"weight":0.0,"played":[1.0,0.0],"evs":[0.0,-0.66623]},"73o":{"weight":0.0,"played":[1.0,0.0],"evs":[0.0,-1.00068]},"83o":{"weight":0.0,"played":[1.0,0.0],"evs":[0.0,-1.22498]},"93o":{"weight":0.0,"played":[1.0,0.0],"evs":[0.0,-0.96836]},"T3o":{"weight":0.0,"played":[1.0,0.0],"evs":[0.0,-0.81231]},"J3o":{"weight":0.0,"played":[1.0,0.0],"evs":[0.0,-0.49955]},"Q3o":{"weight":0.0,"played":[0.9998,2.0E-4],"evs":[0.0,-0.43703]},"K3o":{"weight":0.0,"played":[1.0,0.0],"evs":[0.0,-0.43021]},"A3o":{"weight":0.0,"played":[0.9999,1.0E-4],"evs":[0.0,-0.15981]},"42s":{"weight":0.0,"played":[0.9634,0.0366],"evs":[0.0,-0.02981]},"43s":{"weight":0.0,"played":[1.0E-4,0.9999],"evs":[0.0,0.22509]},"44":{"weight":0.0487,"played":[1.0E-4,0.9999],"evs":[0.0,0.57537]},"54o":{"weight":0.0,"played":[1.0,0.0],"evs":[0.0,-0.1027]},"64o":{"weight":0.0,"played":[1.0,0.0],"evs":[0.0,-0.34675]},"74o":{"weight":0.0,"played":[1.0,0.0],"evs":[0.0,-0.66798]},"84o":{"weight":0.0,"played":[1.0,0.0],"evs":[0.0,-0.90711]},"94o":{"weight":0.0,"played":[1.0,0.0],"evs":[0.0,-0.99976]},"T4o":{"weight":0.0,"played":[1.0,0.0],"evs":[0.0,-0.71387]},"J4o":{"weight":0.0,"played":[1.0,0.0],"evs":[0.0,-0.48586]},"Q4o":{"weight":0.0,"played":[1.0,0.0],"evs":[0.0,-0.35871]},"K4o":{"weight":0.0,"played":[0.9999,1.0E-4],"evs":[0.0,-0.41521]},"A4o":{"weight":0.0,"played":[0.9978,0.0022],"evs":[0.0,-0.07039]},"52s":{"weight":0.0,"played":[0.9411,0.0589],"evs":[0.0,-0.12471]},"53s":{"weight":0.0,"played":[0.003,0.997],"evs":[0.0,0.30894]},"54s":{"weight":0.0,"played":[7.0E-4,0.9993],"evs":[0.0,0.47928]},"55":{"weight":0.0147,"played":[0.0,1.0],"evs":[0.0,0.70317]},"65o":{"weight":0.0,"played":[0.9999,1.0E-4],"evs":[0.0,-0.11875]},"75o":{"weight":0.0,"played":[1.0,0.0],"evs":[0.0,-0.44966]},"85o":{"weight":0.0,"played":[1.0,0.0],"evs":[0.0,-0.64179]},"95o":{"weight":0.0,"played":[1.0,0.0],"evs":[0.0,-0.78308]},"T5o":{"weight":0.0,"played":[1.0,0.0],"evs":[0.0,-0.70732]},"J5o":{"weight":0.0,"played":[1.0,0.0],"evs":[0.0,-0.46785]},"Q5o":{"weight":0.0,"played":[1.0,0.0],"evs":[0.0,-0.2788]},"K5o":{"weight":0.0,"played":[0.9999,1.0E-4],"evs":[0.0,-0.3683]},"A5o":{"weight":0.0,"played":[0.7641,0.2359],"evs":[0.0,-0.05269]},"62s":{"weight":0.0,"played":[0.9999,1.0E-4],"evs":[0.0,-0.32922]},"63s":{"weight":0.0,"played":[0.9839,0.0161],"evs":[0.0,-0.05256]},"64s":{"weight":0.0,"played":[0.0374,0.9626],"evs":[0.0,0.18696]},"65s":{"weight":0.0,"played":[3.0E-4,0.9997],"evs":[0.0,0.4754]},"66":{"weight":0.0492,"played":[0.0,1.0],"evs":[0.0,0.696]},"76o":{"weight":0.0,"played":[1.0,0.0],"evs":[0.0,-0.2475]},"86o":{"weight":0.0,"played":[1.0,0.0],"evs":[0.0,-0.42385]},"96o":{"weight":0.0,"played":[1.0,0.0],"evs":[0.0,-0.51998]},"T6o":{"weight":0.0,"played":[1.0,0.0],"evs":[0.0,-0.48926]},"J6o":{"weight":0.0,"played":[1.0,0.0],"evs":[0.0,-0.45881]},"Q6o":{"weight":0.0,"played":[1.0,0.0],"evs":[0.0,-0.28876]},"K6o":{"weight":0.0,"played":[0.9998,2.0E-4],"evs":[0.0,-0.26592]},"A6o":{"weight":0.0,"played":[0.9994,6.0E-4],"evs":[0.0,-0.37938]},"72s":{"weight":0.0,"played":[0.9998,2.0E-4],"evs":[0.0,-0.51415]},"73s":{"weight":0.0,"played":[1.0,0.0],"evs":[0.0,-0.32303]},"74s":{"weight":0.0,"played":[0.5809,0.4191],"evs":[0.0,-0.06434]},"75s":{"weight":0.0,"played":[0.0494,0.9506],"evs":[0.0,0.25005]},"76s":{"weight":0.0,"played":[0.0,1.0],"evs":[0.0,0.41092]},"77":{"weight":0.0114,"played":[0.0,1.0],"evs":[0.0,0.67662]},"87o":{"weight":0.0,"played":[1.0,0.0],"evs":[0.0,-0.39254]},"97o":{"weight":0.0,"played":[0.9999,1.0E-4],"evs":[0.0,-0.36364]},"T7o":{"weight":0.0,"played":[1.0,0.0],"evs":[0.0,-0.35634]},"J7o":{"weight":0.0,"played":[1.0,0.0],"evs":[0.0,-0.36617]},"Q7o":{"weight":0.0,"played":[1.0,0.0],"evs":[0.0,-0.372]},"K7o":{"weight":0.0,"played":[0.9999,1.0E-4],"evs":[0.0,-0.36971]},"A7o":{"weight":0.0,"played":[0.9958,0.0042],"evs":[0.0,-0.27235]},"82s":{"weight":0.0,"played":[0.9999,1.0E-4],"evs":[0.0,-0.50725]},"83s":{"weight":0.0,"played":[0.9999,1.0E-4],"evs":[0.0,-0.54032]},"84s":{"weight":0.0,"played":[0.9664,0.0336],"evs":[0.0,-0.15845]},"85s":{"weight":0.0,"played":[0.8008,0.1992],"evs":[0.0,-0.01984]},"86s":{"weight":0.0,"played":[0.008,0.992],"evs":[0.0,0.24688]},"87s":{"weight":0.0,"played":[0.0016,0.9984],"evs":[0.0,0.21604]},"88":{"weight":0.5548,"played":[0.0,1.0],"evs":[0.0,1.02432]},"98o":{"weight":0.0,"played":[1.0,0.0],"evs":[0.0,-0.34929]},"T8o":{"weight":0.0,"played":[0.9991,9.0E-4],"evs":[0.0,-0.19004]},"J8o":{"weight":0.0,"played":[1.0,0.0],"evs":[0.0,-0.14885]},"Q8o":{"weight":0.0,"played":[0.9653,0.0347],"evs":[0.0,-0.19226]},"K8o":{"weight":0.0,"played":[1.0,0.0],"evs":[0.0,-0.3327]},"A8o":{"weight":0.0,"played":[0.9978,0.0022],"evs":[0.0,-0.39847]},"92s":{"weight":0.0,"played":[0.9996,4.0E-4],"evs":[0.0,-0.35983]},"93s":{"weight":0.0,"played":[1.0,0.0],"evs":[0.0,-0.26938]},"94s":{"weight":0.0,"played":[1.0,0.0],"evs":[0.0,-0.20854]},"95s":{"weight":0.0,"played":[0.2474,0.7526],"evs":[0.0,0.07764]},"96s":{"weight":0.0,"played":[0.0053,0.9947],"evs":[0.0,0.22843]},"97s":{"weight":0.0,"played":[0.0,1.0],"evs":[0.0,0.38582]},"98s":{"weight":0.0,"played":[2.0E-4,0.9998],"evs":[0.0,0.30961]},"99":{"weight":0.1102,"played":[0.0,1.0],"evs":[0.0,1.87331]},"T9o":{"weight":0.0,"played":[0.1753,0.8247],"evs":[0.0,0.13841]},"J9o":{"weight":0.0,"played":[0.1793,0.8207],"evs":[0.0,0.13131]},"Q9o":{"weight":0.0,"played":[0.1596,0.8404],"evs":[0.0,0.15035]},"K9o":{"weight":0.0,"played":[0.9917,0.0083],"evs":[0.0,-0.07031]},"A9o":{"weight":0.8131,"played":[0.9943,0.0057],"evs":[0.0,-0.09813]},"T2s":{"weight":0.0,"played":[0.9997,3.0E-4],"evs":[0.0,-0.24841]},"T3s":{"weight":0.0,"played":[0.9923,0.0077],"evs":[0.0,-0.14616]},"T4s":{"weight":0.0,"played":[0.6454,0.3546],"evs":[0.0,0.02492]},"T5s":{"weight":0.0,"played":[0.8636,0.1364],"evs":[0.0,-0.01549]},"T6s":{"weight":0.0,"played":[2.0E-4,0.9998],"evs":[0.0,0.09622]},"T7s":{"weight":0.0,"played":[7.0E-4,0.9993],"evs":[0.0,0.34872]},"T8s":{"weight":0.0,"played":[2.0E-4,0.9998],"evs":[0.0,0.38656]},"T9s":{"weight":0.2543,"played":[1.0E-4,0.9999],"evs":[0.0,0.74737]},"TT":{"weight":0.0018,"played":[0.0,1.0],"evs":[0.0,2.86011]},"JTo":{"weight":0.0,"played":[1.0E-4,0.9999],"evs":[0.0,0.56524]},"QTo":{"weight":0.0,"played":[1.0E-4,0.9999],"evs":[0.0,0.60616]},"KTo":{"weight":0.0,"played":[0.0,1.0],"evs":[0.0,0.39204]},"ATo":{"weight":0.0131,"played":[3.0E-4,0.9997],"evs":[0.0,0.38487]},"J2s":{"weight":0.0,"played":[0.5325,0.4675],"evs":[0.0,0.08123]},"J3s":{"weight":0.0,"played":[0.3123,0.6877],"evs":[0.0,0.10553]},"J4s":{"weight":0.0,"played":[0.015,0.985],"evs":[0.0,0.17246]},"J5s":{"weight":0.0,"played":[0.0205,0.9795],"evs":[0.0,0.31457]},"J6s":{"weight":0.0,"played":[5.0E-4,0.9995],"evs":[0.0,0.23819]},"J7s":{"weight":0.0,"played":[7.0E-4,0.9993],"evs":[0.0,0.32711]},"J8s":{"weight":0.0,"played":[0.0,1.0],"evs":[0.0,0.55991]},"J9s":{"weight":0.0,"played":[2.0E-4,0.9998],"evs":[0.0,0.9323]},"JTs":{"weight":0.0578,"played":[0.0,1.0],"evs":[0.0,1.06286]},"JJ":{"weight":0.0862,"played":[0.0,1.0],"evs":[0.0,4.10503]},"QJo":{"weight":0.0,"played":[0.0,1.0],"evs":[0.0,0.81893]},"KJo":{"weight":0.0,"played":[0.0,1.0],"evs":[0.0,0.70245]},"AJo":{"weight":0.0442,"played":[2.0E-4,0.9998],"evs":[0.0,0.75489]},"Q2s":{"weight":0.0,"played":[0.0047,0.9953],"evs":[0.0,0.19126]},"Q3s":{"weight":0.0,"played":[0.0377,0.9623],"evs":[0.0,0.23057]},"Q4s":{"weight":0.0,"played":[1.0E-4,0.9999],"evs":[0.0,0.42688]},"Q5s":{"weight":0.0,"played":[0.0012,0.9988],"evs":[0.0,0.34073]},"Q6s":{"weight":0.0,"played":[1.0E-4,0.9999],"evs":[0.0,0.35664]},"Q7s":{"weight":0.0,"played":[0.0055,0.9945],"evs":[0.0,0.40861]},"Q8s":{"weight":0.0,"played":[0.0036,0.9964],"evs":[0.0,0.47312]},"Q9s":{"weight":0.0,"played":[1.0E-4,0.9999],"evs":[0.0,0.84619]},"QTs":{"weight":0.1251,"played":[1.0E-4,0.9999],"evs":[0.0,1.1061]},"QJs":{"weight":0.0934,"played":[0.0,1.0],"evs":[0.0,1.48291]},"QQ":{"weight":0.0243,"played":[0.0,1.0],"evs":[0.0,5.35988]},"KQo":{"weight":4.0E-4,"played":[0.0,1.0],"evs":[0.0,0.90634]},"AQo":{"weight":0.0864,"played":[0.0,1.0],"evs":[0.0,1.17073]},"K2s":{"weight":0.0,"played":[0.0232,0.9768],"evs":[0.0,0.18301]},"K3s":{"weight":0.0,"played":[0.0022,0.9978],"evs":[0.0,0.16413]},"K4s":{"weight":0.0,"played":[2.0E-4,0.9998],"evs":[0.0,0.31166]},"K5s":{"weight":0.0,"played":[0.0,1.0],"evs":[0.0,0.35813]},"K6s":{"weight":0.0,"played":[1.0E-4,0.9999],"evs":[0.0,0.29149]},"K7s":{"weight":0.0,"played":[7.0E-4,0.9993],"evs":[0.0,0.32143]},"K8s":{"weight":0.0,"played":[0.0023,0.9977],"evs":[0.0,0.37554]},"K9s":{"weight":0.0,"played":[0.0037,0.9963],"evs":[0.0,0.65837]},"KTs":{"weight":0.0633,"played":[0.0,1.0],"evs":[0.0,1.00815]},"KJs":{"weight":0.0187,"played":[0.0,1.0],"evs":[0.0,1.28172]},"KQs":{"weight":0.1135,"played":[0.0,1.0],"evs":[0.0,1.64327]},"KK":{"weight":0.2181,"played":[0.0,1.0],"evs":[0.0,7.37195]},"AKo":{"weight":0.0293,"played":[0.0,1.0],"evs":[0.0,2.52235]},"A2s":{"weight":0.0394,"played":[0.0,1.0],"evs":[0.0,0.48902]},"A3s":{"weight":0.0583,"played":[0.0,1.0],"evs":[0.0,0.53051]},"A4s":{"weight":0.0123,"played":[0.0,1.0],"evs":[0.0,0.72472]},"A5s":{"weight":3.0E-4,"played":[0.0,1.0],"evs":[0.0,0.72172]},"A6s":{"weight":0.0155,"played":[1.0E-4,0.9999],"evs":[0.0,0.41851]},"A7s":{"weight":6.0E-4,"played":[0.003,0.997],"evs":[0.0,0.57646]},"A8s":{"weight":0.1689,"played":[0.0,1.0],"evs":[0.0,0.4821]},"A9s":{"weight":0.0013,"played":[0.0,1.0],"evs":[0.0,0.68974]},"ATs":{"weight":0.5602,"played":[0.0,1.0],"evs":[0.0,1.17597]},"AJs":{"weight":0.4083,"played":[0.0,1.0],"evs":[0.0,1.49405]},"AQs":{"weight":0.7078,"played":[0.0,1.0],"evs":[0.0,1.93181]},"AKs":{"weight":0.7051,"played":[0.0,1.0],"evs":[0.0,3.0557]},"AA":{"weight":0.448,"played":[0.0,1.0],"evs":[0.0,9.79403]}}}