{"player":6,"street":0,"children":3,"sequence":[{"player":0,"type":"F","amount":0,"street":0},{"player":1,"type":"R","amount":8160000,"street":0},{"player":2,"type":"C","amount":8160000,"street":0},{"player":3,"type":"F","amount":0,"street":0},{"player":4,"type":"F","amount":0,"street":0},{"player":5,"type":"F","amount":0,"street":0}],"actions":[{"type":"F","amount":0},{"type":"C","amount":4960000},{"type":"R","amount":11040000,"node":83}],"hands":{"22":{"weight":1.0,"played":[1.0,0.0,0.0],"evs":[0.0,-0.47461,-0.45828]},"32o":{"weight":1.0,"played":[1.0,0.0,0.0],"evs":[0.0,-1.3919,-2.04834]},"42o":{"weight":1.0,"played":[1.0,0.0,0.0],"evs":[0.0,-1.33321,-1.95562]},"52o":{"weight":1.0,"played":[1.0,0.0,0.0],"evs":[0.0,-1.3251,-1.90871]},"62o":{"weight":1.0,"played":[1.0,0.0,0.0],"evs":[0.0,-1.40939,-2.06477]},"72o":{"weight":1.0,"played":[1.0,0.0,0.0],"evs":[0.0,-1.57365,-2.25203]},"82o":{"weight":1.0,"played":[1.0,0.0,0.0],"evs":[0.0,-1.58702,-2.24066]},"92o":{"weight":1.0,"played":[1.0,0.0,0.0],"evs":[0.0,-1.70631,-2.37913]},"T2o":{"weight":1.0,"played":[1.0,0.0,0.0],"evs":[0.0,-1.61482,-2.17388]},"J2o":{"weight":1.0,"played":[1.0,0.0,0.0],"evs":[0.0,-1.36969,-1.81775]},"Q2o":{"weight":1.0,"played":[1.0,0.0,0.0],"evs":[0.0,-1.30687,-1.71463]},"K2o":{"weight":1.0,"played":[1.0,0.0,0.0],"evs":[0.0,-1.27264,-1.62644]},"A2o":{"weight":1.0,"played":[1.0,0.0,0.0],"evs":[0.0,-1.27035,-1.50206]},"32s":{"weight":1.0,"played":[1.0,0.0,0.0],"evs":[0.0,-0.96527,-1.45195]},"33":{"weight":1.0,"played":[1.0,0.0,0.0],"evs":[0.0,-0.16052,-0.14107]},"43o":{"weight":1.0,"played":[1.0,0.0,0.0],"evs":[0.0,-1.11807,-1.64637]},"53o":{"weight":1.0,"played":[1.0,0.0,0.0],"evs":[0.0,-1.06371,-1.55965]},"63o":{"weight":1.0,"played":[1.0,0.0,0.0],"evs":[0.0,-1.14561,-1.70217]},"73o":{"weight":1.0,"played":[1.0,0.0,0.0],"evs":[0.0,-1.31803,-1.89287]},"83o":{"weight":1.0,"played":[1.0,0.0,0.0],"evs":[0.0,-1.48541,-2.0896]},"93o":{"weight":1.0,"played":[1.0,0.0,0.0],"evs":[0.0,-1.62887,-2.22753]},"T3o":{"weight":1.0,"played":[1.0,0.0,0.0],"evs":[0.0,-1.49963,-1.97402]},"J3o":{"weight":1.0,"played":[1.0,0.0,0.0],"evs":[0.0,-1.32735,-1.71797]},"Q3o":{"weight":1.0,"played":[1.0,0.0,0.0],"evs":[0.0,-1.1988,-1.54714]},"K3o":{"weight":1.0,"played":[1.0,0.0,0.0],"evs":[0.0,-1.10692,-1.40721]},"A3o":{"weight":1.0,"played":[1.0,0.0,0.0],"evs":[0.0,-1.12209,-1.32941]},"42s":{"weight":1.0,"played":[1.0,0.0,0.0],"evs":[0.0,-0.84885,-1.27745]},"43s":{"weight":1.0,"played":[1.0,0.0,0.0],"evs":[0.0,-0.61173,-0.99611]},"44":{"weight":1.0,"played":[0.1399,0.0045,0.8555],"evs":[0.0,0.06732,0.08927]},"54o":{"weight":1.0,"played":[1.0,0.0,0.0],"evs":[0.0,-0.84982,-1.26986]},"64o":{"weight":1.0,"played":[1.0,0.0,0.0],"evs":[0.0,-0.96922,-1.46159]},"74o":{"weight":1.0,"played":[1.0,0.0,0.0],"evs":[0.0,-1.09672,-1.59991]},"84o":{"weight":1.0,"played":[1.0,0.0,0.0],"evs":[0.0,-1.30422,-1.82474]},"94o":{"weight":1.0,"played":[1.0,0.0,0.0],"evs":[0.0,-1.57952,-2.17326]},"T4o":{"weight":1.0,"played":[1.0,0.0,0.0],"evs":[0.0,-1.41924,-1.881]},"J4o":{"weight":1.0,"played":[1.0,0.0,0.0],"evs":[0.0,-1.26644,-1.62106]},"Q4o":{"weight":1.0,"played":[1.0,0.0,0.0],"evs":[0.0,-1.12343,-1.43204]},"K4o":{"weight":1.0,"played":[1.0,0.0,0.0],"evs":[0.0,-1.06406,-1.33555]},"A4o":{"weight":1.0,"played":[1.0,0.0,0.0],"evs":[0.0,-1.07916,-1.25178]},"52s":{"weight":1.0,"played":[1.0,0.0,0.0],"evs":[0.0,-0.83576,-1.27482]},"53s":{"weight":1.0,"played":[1.0,0.0,0.0],"evs":[0.0,-0.53282,-0.88459]},"54s":{"weight":1.0,"played":[1.0,0.0,0.0],"evs":[0.0,-0.40745,-0.72109]},"55":{"weight":1.0,"played":[0.0,0.0117,0.9883],"evs":[0.0,0.23634,0.23797]},"65o":{"weight":1.0,"played":[1.0,0.0,0.0],"evs":[0.0,-0.75937,-1.16715]},"75o":{"weight":1.0,"played":[1.0,0.0,0.0],"evs":[0.0,-0.91275,-1.34609]},"85o":{"weight":1.0,"played":[1.0,0.0,0.0],"evs":[0.0,-1.11922,-1.56942]},"95o":{"weight":1.0,"played":[1.0,0.0,0.0],"evs":[0.0,-1.37547,-1.89129]},"T5o":{"weight":1.0,"played":[1.0,0.0,0.0],"evs":[0.0,-1.42597,-1.88041]},"J5o":{"weight":1.0,"played":[1.0,0.0,0.0],"evs":[0.0,-1.23736,-1.58006]},"Q5o":{"weight":1.0,"played":[1.0,0.0,0.0],"evs":[0.0,-1.11411,-1.40075]},"K5o":{"weight":1.0,"played":[1.0,0.0,0.0],"evs":[0.0,-1.03464,-1.27445]},"A5o":{"weight":1.0,"played":[1.0,0.0,0.0],"evs":[0.0,-1.02598,-1.19435]},"62s":{"weight":1.0,"played":[1.0,0.0,0.0],"evs":[0.0,-0.93762,-1.41101]},"63s":{"weight":1.0,"played":[1.0,0.0,0.0],"evs":[0.0,-0.65188,-1.04392]},"64s":{"weight":1.0,"played":[1.0,0.0,0.0],"evs":[0.0,-0.44979,-0.78651]},"65s":{"weight":1.0,"played":[1.0,0.0,0.0],"evs":[0.0,-0.28272,-0.59516]},"66":{"weight":1.0,"played":[0.0,0.1638,0.8362],"evs":[0.0,0.49276,0.49406]},"76o":{"weight":1.0,"played":[1.0,0.0,0.0],"evs":[0.0,-0.75775,-1.13538]},"86o":{"weight":1.0,"played":[1.0,0.0,0.0],"evs":[0.0,-0.96048,-1.37287]},"96o":{"weight":1.0,"played":[1.0,0.0,0.0],"evs":[0.0,-1.23119,-1.70546]},"T6o":{"weight":1.0,"played":[1.0,0.0,0.0],"evs":[0.0,-1.26202,-1.66201]},"J6o":{"weight":1.0,"played":[1.0,0.0,0.0],"evs":[0.0,-1.22869,-1.56365]},"Q6o":{"weight":1.0,"played":[1.0,0.0,0.0],"evs":[0.0,-1.0889,-1.35799]},"K6o":{"weight":1.0,"played":[1.0,0.0,0.0],"evs":[0.0,-0.99221,-1.21764]},"A6o":{"weight":1.0,"played":[1.0,0.0,0.0],"evs":[0.0,-1.17272,-1.33427]},"72s":{"weight":1.0,"played":[1.0,0.0,0.0],"evs":[0.0,-1.06088,-1.55614]},"73s":{"weight":1.0,"played":[1.0,0.0,0.0],"evs":[0.0,-0.84974,-1.27224]},"74s":{"weight":1.0,"played":[1.0,0.0,0.0],"evs":[0.0,-0.58886,-0.94075]},"75s":{"weight":1.0,"played":[1.0,0.0,0.0],"evs":[0.0,-0.41595,-0.7246]},"76s":{"weight":1.0,"played":[0.9994,6.0E-4,0.0],"evs":[0.0,-0.31711,-0.58915]},"77":{"weight":1.0,"played":[0.0,0.1826,0.8174],"evs":[0.0,0.74369,0.74595]},"87o":{"weight":1.0,"played":[1.0,0.0,0.0],"evs":[0.0,-0.80331,-1.13864]},"97o":{"weight":1.0,"played":[1.0,0.0,0.0],"evs":[0.0,-1.06179,-1.47683]},"T7o":{"weight":1.0,"played":[1.0,0.0,0.0],"evs":[0.0,-1.09532,-1.43952]},"J7o":{"weight":1.0,"played":[1.0,0.0,0.0],"evs":[0.0,-1.06028,-1.33467]},"Q7o":{"weight":1.0,"played":[1.0,0.0,0.0],"evs":[0.0,-1.04384,-1.30439]},"K7o":{"weight":1.0,"played":[1.0,0.0,0.0],"evs":[0.0,-0.95028,-1.15451]},"A7o":{"weight":1.0,"played":[1.0,0.0,0.0],"evs":[0.0,-1.05655,-1.15395]},"82s":{"weight":1.0,"played":[1.0,0.0,0.0],"evs":[0.0,-1.07302,-1.53525]},"83s":{"weight":1.0,"played":[1.0,0.0,0.0],"evs":[0.0,-1.05926,-1.51653]},"84s":{"weight":1.0,"played":[1.0,0.0,0.0],"evs":[0.0,-0.78701,-1.16926]},"85s":{"weight":1.0,"played":[1.0,0.0,0.0],"evs":[0.0,-0.64079,-0.96832]},"86s":{"weight":1.0,"played":[0.9999,1.0E-4,0.0],"evs":[0.0,-0.42305,-0.74407]},"87s":{"weight":1.0,"played":[0.9999,1.0E-4,0.0],"evs":[0.0,-0.2412,-0.50852]},"88":{"weight":1.0,"played":[0.0,0.0673,0.9327],"evs":[0.0,1.0496,1.05334]},"98o":{"weight":1.0,"played":[1.0,0.0,0.0],"evs":[0.0,-0.97333,-1.32842]},"T8o":{"weight":1.0,"played":[1.0,0.0,0.0],"evs":[0.0,-0.94238,-1.21908]},"J8o":{"weight":1.0,"played":[1.0,0.0,0.0],"evs":[0.0,-0.88422,-1.09785]},"Q8o":{"weight":1.0,"played":[1.0,0.0,0.0],"evs":[0.0,-0.90616,-1.10665]},"K8o":{"weight":1.0,"played":[1.0,0.0,0.0],"evs":[0.0,-0.95409,-1.14073]},"A8o":{"weight":1.0,"played":[1.0,0.0,0.0],"evs":[0.0,-0.90254,-0.95393]},"92s":{"weight":1.0,"played":[1.0,0.0,0.0],"evs":[0.0,-1.23108,-1.73461]},"93s":{"weight":1.0,"played":[1.0,0.0,0.0],"evs":[0.0,-1.09925,-1.53694]},"94s":{"weight":1.0,"played":[1.0,0.0,0.0],"evs":[0.0,-1.07527,-1.52435]},"95s":{"weight":1.0,"played":[1.0,0.0,0.0],"evs":[0.0,-0.8922,-1.26973]},"96s":{"weight":1.0,"played":[1.0,0.0,0.0],"evs":[0.0,-0.72552,-1.06497]},"97s":{"weight":1.0,"played":[1.0,0.0,0.0],"evs":[0.0,-0.50317,-0.78712]},"98s":{"weight":1.0,"played":[0.9998,2.0E-4,0.0],"evs":[0.0,-0.40767,-0.66143]},"99":{"weight":1.0,"played":[0.0,0.0058,0.9942],"evs":[0.0,1.39658,1.4078]},"T9o":{"weight":1.0,"played":[1.0,0.0,0.0],"evs":[0.0,-0.92186,-1.15567]},"J9o":{"weight":1.0,"played":[1.0,0.0,0.0],"evs":[0.0,-0.90879,-1.09994]},"Q9o":{"weight":1.0,"played":[1.0,0.0,0.0],"evs":[0.0,-0.91839,-1.07261]},"K9o":{"weight":1.0,"played":[1.0,0.0,0.0],"evs":[0.0,-0.9803,-1.08885]},"A9o":{"weight":1.0,"played":[1.0,0.0,0.0],"evs":[0.0,-0.64308,-0.62933]},"T2s":{"weight":1.0,"played":[1.0,0.0,0.0],"evs":[0.0,-1.08711,-1.49116]},"T3s":{"weight":1.0,"played":[1.0,0.0,0.0],"evs":[0.0,-1.01816,-1.35451]},"T4s":{"weight":1.0,"played":[1.0,0.0,0.0],"evs":[0.0,-0.92938,-1.26109]},"T5s":{"weight":1.0,"played":[1.0,0.0,0.0],"evs":[0.0,-0.91054,-1.20893]},"T6s":{"weight":1.0,"played":[1.0,0.0,0.0],"evs":[0.0,-0.76465,-1.03827]},"T7s":{"weight":1.0,"played":[1.0,0.0,0.0],"evs":[0.0,-0.55312,-0.80937]},"T8s":{"weight":1.0,"played":[1.0,0.0,0.0],"evs":[0.0,-0.45101,-0.64338]},"T9s":{"weight":1.0,"played":[0.9998,2.0E-4,1.0E-4],"evs":[0.0,-0.42366,-0.58676]},"TT":{"weight":1.0,"played":[0.0,1.0E-4,0.9999],"evs":[0.0,2.19412,2.20886]},"JTo":{"weight":1.0,"played":[1.0,0.0,0.0],"evs":[0.0,-0.58276,-0.65739]},"QTo":{"weight":1.0,"played":[1.0,0.0,0.0],"evs":[0.0,-0.58036,-0.64552]},"KTo":{"weight":1.0,"played":[1.0,0.0,0.0],"evs":[0.0,-0.61902,-0.65073]},"ATo":{"weight":1.0,"played":[2.0E-4,2.0E-4,0.9997],"evs":[0.0,0.15968,0.19176]},"J2s":{"weight":1.0,"played":[1.0,0.0,0.0],"evs":[0.0,-0.88648,-1.20796]},"J3s":{"weight":1.0,"played":[1.0,0.0,0.0],"evs":[0.0,-0.81586,-1.07728]},"J4s":{"weight":1.0,"played":[1.0,0.0,0.0],"evs":[0.0,-0.7439,-1.00457]},"J5s":{"weight":1.0,"played":[1.0,0.0,0.0],"evs":[0.0,-0.69372,-0.91919]},"J6s":{"weight":1.0,"played":[1.0,0.0,0.0],"evs":[0.0,-0.74953,-0.99753]},"J7s":{"weight":1.0,"played":[1.0,0.0,0.0],"evs":[0.0,-0.46666,-0.65965]},"J8s":{"weight":1.0,"played":[1.0,0.0,0.0],"evs":[0.0,-0.3549,-0.49722]},"J9s":{"weight":1.0,"played":[1.0,0.0,0.0],"evs":[0.0,-0.41531,-0.55254]},"JTs":{"weight":1.0,"played":[0.8593,0.1406,1.0E-4],"evs":[0.0,-0.01393,-0.07857]},"JJ":{"weight":1.0,"played":[0.0,0.0,1.0],"evs":[0.0,2.84902,2.86469]},"QJo":{"weight":1.0,"played":[1.0,0.0,0.0],"evs":[0.0,-0.30396,-0.34527]},"KJo":{"weight":1.0,"played":[1.0,0.0,0.0],"evs":[0.0,-0.29148,-0.31809]},"AJo":{"weight":1.0,"played":[0.0,0.0,1.0],"evs":[0.0,0.66896,0.71425]},"Q2s":{"weight":1.0,"played":[1.0,0.0,0.0],"evs":[0.0,-0.73019,-1.01273]},"Q3s":{"weight":1.0,"played":[1.0,0.0,0.0],"evs":[0.0,-0.6615,-0.91423]},"Q4s":{"weight":1.0,"played":[1.0,0.0,0.0],"evs":[0.0,-0.6078,-0.80844]},"Q5s":{"weight":1.0,"played":[0.9999,1.0E-4,0.0],"evs":[0.0,-0.53429,-0.70875]},"Q6s":{"weight":1.0,"played":[1.0,0.0,0.0],"evs":[0.0,-0.53564,-0.75201]},"Q7s":{"weight":1.0,"played":[1.0,0.0,0.0],"evs":[0.0,-0.50074,-0.6667]},"Q8s":{"weight":1.0,"played":[1.0,0.0,0.0],"evs":[0.0,-0.35814,-0.50674]},"Q9s":{"weight":1.0,"played":[1.0,0.0,0.0],"evs":[0.0,-0.36387,-0.4652]},"QTs":{"weight":1.0,"played":[0.8599,0.1399,2.0E-4],"evs":[0.0,-0.05896,-0.09691]},"QJs":{"weight":1.0,"played":[0.0052,0.9947,0.0],"evs":[0.0,0.20843,0.17507]},"QQ":{"weight":1.0,"played":[0.0,0.0,1.0],"evs":[0.0,3.83169,3.84774]},"KQo":{"weight":1.0,"played":[0.2893,0.686,0.0247],"evs":[0.0,0.01829,-8.6E-4]},"AQo":{"weight":1.0,"played":[0.0,0.0,1.0],"evs":[0.0,1.20652,1.22515]},"K2s":{"weight":1.0,"played":[1.0,0.0,0.0],"evs":[0.0,-0.69277,-0.90226]},"K3s":{"weight":1.0,"played":[1.0,0.0,0.0],"evs":[0.0,-0.55241,-0.7699]},"K4s":{"weight":1.0,"played":[1.0,0.0,0.0],"evs":[0.0,-0.4448,-0.6514]},"K5s":{"weight":1.0,"played":[1.0,0.0,0.0],"evs":[0.0,-0.45869,-0.63389]},"K6s":{"weight":1.0,"played":[1.0,0.0,0.0],"evs":[0.0,-0.42303,-0.58363]},"K7s":{"weight":1.0,"played":[1.0,0.0,0.0],"evs":[0.0,-0.38945,-0.55425]},"K8s":{"weight":1.0,"played":[0.9998,2.0E-4,0.0],"evs":[0.0,-0.40137,-0.54125]},"K9s":{"weight":1.0,"played":[0.9999,1.0E-4,0.0],"evs":[0.0,-0.4208,-0.52089]},"KTs":{"weight":1.0,"played":[0.6992,0.3008,0.0],"evs":[0.0,-0.00982,-0.04009]},"KJs":{"weight":1.0,"played":[6.0E-4,0.9954,0.0039],"evs":[0.0,0.31166,0.28993]},"KQs":{"weight":1.0,"played":[0.0,0.9953,0.0047],"evs":[0.0,0.58165,0.56476]},"KK":{"weight":1.0,"played":[0.0,0.0,1.0],"evs":[0.0,5.04812,5.06378]},"AKo":{"weight":1.0,"played":[0.0,0.0125,0.9875],"evs":[0.0,1.91108,1.9163]},"A2s":{"weight":1.0,"played":[1.0,0.0,0.0],"evs":[0.0,-0.60433,-0.74589]},"A3s":{"weight":1.0,"played":[1.0,0.0,0.0],"evs":[0.0,-0.55569,-0.70241]},"A4s":{"weight":1.0,"played":[1.0,0.0,0.0],"evs":[0.0,-0.44803,-0.55025]},"A5s":{"weight":1.0,"played":[1.0,0.0,0.0],"evs":[0.0,-0.39492,-0.50703]},"A6s":{"weight":1.0,"played":[1.0,0.0,0.0],"evs":[0.0,-0.5026,-0.59948]},"A7s":{"weight":1.0,"played":[1.0,0.0,0.0],"evs":[0.0,-0.36804,-0.44748]},"A8s":{"weight":1.0,"played":[0.9999,0.0,0.0],"evs":[0.0,-0.32913,-0.37479]},"A9s":{"weight":1.0,"played":[0.9826,0.0075,0.0098],"evs":[0.0,-0.0475,-0.03486]},"ATs":{"weight":1.0,"played":[0.0,2.0E-4,0.9998],"evs":[0.0,0.63782,0.66962]},"AJs":{"weight":1.0,"played":[0.0,5.0E-4,0.9995],"evs":[0.0,1.17263,1.21891]},"AQs":{"weight":1.0,"played":[0.0,1.0E-4,0.9999],"evs":[0.0,1.66856,1.69535]},"AKs":{"weight":1.0,"played":[0.0,0.0018,0.9982],"evs":[0.0,2.36469,2.37364]},"AA":{"weight":1.0,"played":[0.0,0.0,1.0],"evs":[0.0,7.25278,7.26302]}}}