{"player":2,"street":0,"children":2,"sequence":[{"player":0,"type":"F","amount":0,"street":0},{"player":1,"type":"R","amount":8160000,"street":0},{"player":2,"type":"C","amount":8160000,"street":0},{"player":3,"type":"F","amount":0,"street":0},{"player":4,"type":"F","amount":0,"street":0},{"player":5,"type":"C","amount":6560000,"street":0},{"player":6,"type":"R","amount":11040000,"street":0}],"actions":[{"type":"F","amount":0,"node":86},{"type":"C","amount":2880000,"node":87}],"hands":{"22":{"weight":0.7328,"played":[0.0015,0.9985],"evs":[0.0,1.2502]},"32o":{"weight":0.0,"played":[0.0036,0.9964],"evs":[0.0,0.51553]},"42o":{"weight":0.0,"played":[5.0E-4,0.9995],"evs":[0.0,0.4594]},"52o":{"weight":0.0,"played":[0.0192,0.9808],"evs":[0.0,0.81347]},"62o":{"weight":0.0,"played":[0.0292,0.9708],"evs":[0.0,0.68378]},"72o":{"weight":0.0,"played":[0.0061,0.9939],"evs":[0.0,0.58124]},"82o":{"weight":0.0,"played":[0.0155,0.9845],"evs":[0.0,0.43457]},"92o":{"weight":0.0,"played":[0.0,1.0],"evs":[0.0,0.44091]},"T2o":{"weight":0.0,"played":[0.0773,0.9227],"evs":[0.0,0.80734]},"J2o":{"weight":0.0,"played":[5.0E-4,0.9995],"evs":[0.0,0.46122]},"Q2o":{"weight":0.0,"played":[0.0031,0.9969],"evs":[0.0,0.54762]},"K2o":{"weight":0.0,"played":[7.0E-4,0.9993],"evs":[0.0,1.81963]},"A2o":{"weight":0.0,"played":[0.0061,0.9939],"evs":[0.0,0.12288]},"32s":{"weight":0.0,"played":[0.0011,0.9989],"evs":[0.0,0.86015]},"33":{"weight":0.4957,"played":[2.0E-4,0.9998],"evs":[0.0,1.34481]},"43o":{"weight":0.0,"played":[0.0094,0.9906],"evs":[0.0,0.9309]},"53o":{"weight":0.0,"played":[0.0506,0.9494],"evs":[0.0,0.88682]},"63o":{"weight":0.0,"played":[1.0E-4,0.9999],"evs":[0.0,1.27173]},"73o":{"weight":0.0,"played":[0.0385,0.9615],"evs":[0.0,1.16402]},"83o":{"weight":0.0,"played":[0.0038,0.9962],"evs":[0.0,0.89114]},"93o":{"weight":0.0,"played":[0.2027,0.7973],"evs":[0.0,0.45741]},"T3o":{"weight":0.0,"played":[0.0061,0.9939],"evs":[0.0,0.73708]},"J3o":{"weight":0.0,"played":[3.0E-4,0.9997],"evs":[0.0,0.51908]},"Q3o":{"weight":0.0,"played":[0.0174,0.9826],"evs":[0.0,0.61846]},"K3o":{"weight":0.0,"played":[0.0071,0.9929],"evs":[0.0,0.86119]},"A3o":{"weight":0.0,"played":[0.299,0.701],"evs":[0.0,0.40341]},"42s":{"weight":0.0,"played":[0.0018,0.9982],"evs":[0.0,1.67421]},"43s":{"weight":0.0,"played":[0.0013,0.9987],"evs":[0.0,1.17097]},"44":{"weight":0.1882,"played":[1.0E-4,0.9999],"evs":[0.0,1.74428]},"54o":{"weight":0.0,"played":[0.002,0.998],"evs":[0.0,1.39033]},"64o":{"weight":0.0,"played":[0.0124,0.9876],"evs":[0.0,1.06609]},"74o":{"weight":0.0,"played":[0.0315,0.9685],"evs":[0.0,1.3425]},"84o":{"weight":0.0,"played":[0.008,0.992],"evs":[0.0,0.50206]},"94o":{"weight":0.0,"played":[0.039,0.961],"evs":[0.0,1.36016]},"T4o":{"weight":0.0,"played":[0.0016,0.9984],"evs":[0.0,0.53055]},"J4o":{"weight":0.0,"played":[0.0266,0.9734],"evs":[0.0,0.48001]},"Q4o":{"weight":0.0,"played":[0.0017,0.9983],"evs":[0.0,0.65885]},"K4o":{"weight":0.0,"played":[0.0502,0.9498],"evs":[0.0,0.77238]},"A4o":{"weight":0.0,"played":[0.0,1.0],"evs":[0.0,0.70392]},"52s":{"weight":0.0,"played":[0.0661,0.9339],"evs":[0.0,1.09714]},"53s":{"weight":0.0,"played":[0.0047,0.9953],"evs":[0.0,1.30871]},"54s":{"weight":0.0,"played":[0.0138,0.9862],"evs":[0.0,1.54369]},"55":{"weight":0.4153,"played":[2.0E-4,0.9998],"evs":[0.0,1.68968]},"65o":{"weight":0.0,"played":[0.0104,0.9896],"evs":[0.0,1.25521]},"75o":{"weight":0.0,"played":[0.0036,0.9964],"evs":[0.0,1.49221]},"85o":{"weight":0.0,"played":[0.0027,0.9973],"evs":[0.0,1.01197]},"95o":{"weight":0.0,"played":[0.0029,0.9971],"evs":[0.0,0.75423]},"T5o":{"weight":0.0,"played":[0.1295,0.8705],"evs":[0.0,0.50017]},"J5o":{"weight":0.0,"played":[0.0788,0.9212],"evs":[0.0,0.26107]},"Q5o":{"weight":0.0,"played":[0.0056,0.9944],"evs":[0.0,0.71133]},"K5o":{"weight":0.0,"played":[0.0272,0.9728],"evs":[0.0,1.05658]},"A5o":{"weight":0.0,"played":[0.2201,0.7799],"evs":[0.0,0.25063]},"62s":{"weight":0.0,"played":[0.0495,0.9505],"evs":[0.0,1.63469]},"63s":{"weight":0.0,"played":[9.0E-4,0.9991],"evs":[0.0,0.56107]},"64s":{"weight":0.0,"played":[0.0078,0.9922],"evs":[0.0,1.48557]},"65s":{"weight":0.0,"played":[0.0,1.0],"evs":[0.0,1.83323]},"66":{"weight":0.389,"played":[3.0E-4,0.9997],"evs":[0.0,2.12092]},"76o":{"weight":0.0,"played":[0.0045,0.9955],"evs":[0.0,1.18193]},"86o":{"weight":0.0,"played":[1.0E-4,0.9999],"evs":[0.0,1.12734]},"96o":{"weight":0.0,"played":[1.0E-4,0.9999],"evs":[0.0,1.02681]},"T6o":{"weight":0.0,"played":[0.0,1.0],"evs":[0.0,0.77596]},"J6o":{"weight":0.0,"played":[2.0E-4,0.9998],"evs":[0.0,0.66148]},"Q6o":{"weight":0.0,"played":[3.0E-4,0.9997],"evs":[0.0,0.68816]},"K6o":{"weight":0.0,"played":[0.002,0.998],"evs":[0.0,0.67457]},"A6o":{"weight":0.0,"played":[0.1183,0.8817],"evs":[0.0,0.14815]},"72s":{"weight":0.0,"played":[0.0082,0.9918],"evs":[0.0,1.63603]},"73s":{"weight":0.0,"played":[0.0764,0.9236],"evs":[0.0,0.77876]},"74s":{"weight":0.0,"played":[8.0E-4,0.9992],"evs":[0.0,0.85529]},"75s":{"weight":0.0,"played":[0.0714,0.9286],"evs":[0.0,0.80197]},"76s":{"weight":0.0,"played":[0.0081,0.9919],"evs":[0.0,1.63471]},"77":{"weight":0.0293,"played":[5.0E-4,0.9995],"evs":[0.0,2.23253]},"87o":{"weight":0.0,"played":[2.0E-4,0.9998],"evs":[0.0,1.19456]},"97o":{"weight":0.0,"played":[0.0011,0.9989],"evs":[0.0,1.1623]},"T7o":{"weight":0.0,"played":[9.0E-4,0.9991],"evs":[0.0,1.38435]},"J7o":{"weight":0.0,"played":[0.0097,0.9903],"evs":[0.0,1.08237]},"Q7o":{"weight":0.0,"played":[0.0018,0.9982],"evs":[0.0,0.8215]},"K7o":{"weight":0.0,"played":[0.0237,0.9763],"evs":[0.0,1.00111]},"A7o":{"weight":0.0,"played":[0.0019,0.9981],"evs":[0.0,0.77741]},"82s":{"weight":0.0,"played":[0.0423,0.9577],"evs":[0.0,0.87397]},"83s":{"weight":0.0,"played":[0.0574,0.9426],"evs":[0.0,1.36122]},"84s":{"weight":0.0,"played":[0.0368,0.9632],"evs":[0.0,1.39022]},"85s":{"weight":0.0,"played":[1.0E-4,0.9999],"evs":[0.0,1.66937]},"86s":{"weight":0.0,"played":[0.0358,0.9642],"evs":[0.0,1.69483]},"87s":{"weight":0.0044,"played":[0.0386,0.9614],"evs":[0.0,1.81629]},"88":{"weight":0.0014,"played":[0.0,1.0],"evs":[0.0,2.71218]},"98o":{"weight":0.0,"played":[1.0E-4,0.9999],"evs":[0.0,1.74122]},"T8o":{"weight":0.0,"played":[0.0015,0.9985],"evs":[0.0,1.40061]},"J8o":{"weight":0.0,"played":[2.0E-4,0.9998],"evs":[0.0,0.57027]},"Q8o":{"weight":0.0,"played":[0.1369,0.8631],"evs":[0.0,0.71665]},"K8o":{"weight":0.0,"played":[2.0E-4,0.9998],"evs":[0.0,1.27444]},"A8o":{"weight":0.0,"played":[0.2193,0.7807],"evs":[0.0,0.87183]},"92s":{"weight":0.0,"played":[0.0114,0.9886],"evs":[0.0,0.53518]},"93s":{"weight":0.0,"played":[6.0E-4,0.9994],"evs":[0.0,1.61024]},"94s":{"weight":0.0,"played":[0.0892,0.9108],"evs":[0.0,1.40244]},"95s":{"weight":0.0,"played":[0.0277,0.9723],"evs":[0.0,0.6754]},"96s":{"weight":0.0,"played":[0.0236,0.9764],"evs":[0.0,1.74562]},"97s":{"weight":0.0,"played":[0.0012,0.9988],"evs":[0.0,0.92232]},"98s":{"weight":0.9998,"played":[0.0,1.0],"evs":[0.0,2.09284]},"99":{"weight":0.0072,"played":[3.0E-4,0.9997],"evs":[0.0,3.11455]},"T9o":{"weight":0.0,"played":[0.0055,0.9945],"evs":[0.0,0.78744]},"J9o":{"weight":0.0,"played":[0.0385,0.9615],"evs":[0.0,1.26498]},"Q9o":{"weight":0.0,"played":[7.0E-4,0.9993],"evs":[0.0,0.69681]},"K9o":{"weight":0.0,"played":[3.0E-4,0.9997],"evs":[0.0,1.68286]},"A9o":{"weight":1.0,"played":[0.0592,0.9408],"evs":[0.0,0.50766]},"T2s":{"weight":0.0,"played":[0.0245,0.9755],"evs":[0.0,1.86839]},"T3s":{"weight":0.0,"played":[0.2186,0.7814],"evs":[0.0,0.58869]},"T4s":{"weight":0.0,"played":[0.131,0.869],"evs":[0.0,1.65899]},"T5s":{"weight":0.0,"played":[0.0608,0.9392],"evs":[0.0,2.0548]},"T6s":{"weight":0.0,"played":[9.0E-4,0.9991],"evs":[0.0,1.73505]},"T7s":{"weight":0.0,"played":[0.0,1.0],"evs":[0.0,1.69708]},"T8s":{"weight":0.9792,"played":[0.0094,0.9906],"evs":[0.0,1.9807]},"T9s":{"weight":0.9999,"played":[0.0112,0.9888],"evs":[0.0,1.61636]},"TT":{"weight":0.0983,"played":[0.0,1.0],"evs":[0.0,4.31656]},"JTo":{"weight":0.0,"played":[1.0E-4,0.9999],"evs":[0.0,1.62254]},"QTo":{"weight":0.0,"played":[0.0,1.0],"evs":[0.0,1.58095]},"KTo":{"weight":0.0,"played":[0.0012,0.9988],"evs":[0.0,1.63799]},"ATo":{"weight":0.9998,"played":[0.0056,0.9944],"evs":[0.0,1.19207]},"J2s":{"weight":0.0,"played":[2.0E-4,0.9998],"evs":[0.0,0.97802]},"J3s":{"weight":0.0,"played":[0.0267,0.9733],"evs":[0.0,1.34177]},"J4s":{"weight":0.0,"played":[0.0284,0.9716],"evs":[0.0,0.85579]},"J5s":{"weight":0.0,"played":[0.0604,0.9396],"evs":[0.0,1.47333]},"J6s":{"weight":0.0,"played":[8.0E-4,0.9992],"evs":[0.0,1.60685]},"J7s":{"weight":0.0,"played":[0.0044,0.9956],"evs":[0.0,1.32121]},"J8s":{"weight":0.4388,"played":[0.0,1.0],"evs":[0.0,1.9383]},"J9s":{"weight":0.3181,"played":[0.0098,0.9902],"evs":[0.0,1.95612]},"JTs":{"weight":1.0E-4,"played":[8.0E-4,0.9992],"evs":[0.0,1.80371]},"JJ":{"weight":0.3161,"played":[0.0,1.0],"evs":[0.0,4.78088]},"QJo":{"weight":3.0E-4,"played":[0.0,1.0],"evs":[0.0,1.32369]},"KJo":{"weight":0.3453,"played":[2.0E-4,0.9998],"evs":[0.0,1.44964]},"AJo":{"weight":0.0773,"played":[0.003,0.997],"evs":[0.0,1.47339]},"Q2s":{"weight":0.0,"played":[7.0E-4,0.9993],"evs":[0.0,0.93099]},"Q3s":{"weight":0.0,"played":[0.0092,0.9908],"evs":[0.0,0.90144]},"Q4s":{"weight":0.0,"played":[0.012,0.988],"evs":[0.0,0.99766]},"Q5s":{"weight":0.0,"played":[0.0018,0.9982],"evs":[0.0,0.61284]},"Q6s":{"weight":0.0,"played":[0.0213,0.9787],"evs":[0.0,0.9285]},"Q7s":{"weight":0.0,"played":[0.0643,0.9357],"evs":[0.0,1.32869]},"Q8s":{"weight":0.0,"played":[5.0E-4,0.9995],"evs":[0.0,0.93732]},"Q9s":{"weight":0.9616,"played":[0.0064,0.9936],"evs":[0.0,1.33237]},"QTs":{"weight":0.0,"played":[0.0604,0.9396],"evs":[0.0,2.11428]},"QJs":{"weight":0.0,"played":[0.0312,0.9688],"evs":[0.0,1.40448]},"QQ":{"weight":1.0,"played":[0.0,1.0],"evs":[0.0,5.04836]},"KQo":{"weight":2.0E-4,"played":[0.0,1.0],"evs":[0.0,1.69406]},"AQo":{"weight":0.0,"played":[0.0,1.0],"evs":[0.0,2.01788]},"K2s":{"weight":0.0,"played":[0.0132,0.9868],"evs":[0.0,1.15788]},"K3s":{"weight":0.0,"played":[0.0235,0.9765],"evs":[0.0,1.85697]},"K4s":{"weight":0.0,"played":[0.0088,0.9912],"evs":[0.0,1.55002]},"K5s":{"weight":0.0,"played":[0.0023,0.9977],"evs":[0.0,1.60825]},"K6s":{"weight":1.0E-4,"played":[0.0341,0.9659],"evs":[0.0,1.25641]},"K7s":{"weight":0.0,"played":[0.035,0.965],"evs":[0.0,1.69418]},"K8s":{"weight":0.005,"played":[0.0054,0.9946],"evs":[0.0,2.37461]},"K9s":{"weight":0.9788,"played":[0.0013,0.9987],"evs":[0.0,2.05254]},"KTs":{"weight":1.0E-4,"played":[0.0,1.0],"evs":[0.0,2.30729]},"KJs":{"weight":0.0,"played":[0.001,0.999],"evs":[0.0,2.20766]},"KQs":{"weight":0.0,"played":[0.0975,0.9025],"evs":[0.0,1.94058]},"KK":{"weight":0.9999,"played":[0.0,1.0],"evs":[0.0,5.90569]},"AKo":{"weight":0.259,"played":[3.0E-4,0.9997],"evs":[0.0,2.51716]},"A2s":{"weight":0.8526,"played":[0.3091,0.6909],"evs":[0.0,0.34742]},"A3s":{"weight":0.0545,"played":[0.0781,0.9219],"evs":[0.0,1.07695]},"A4s":{"weight":0.0382,"played":[0.0192,0.9808],"evs":[0.0,1.64988]},"A5s":{"weight":0.0025,"played":[0.0023,0.9977],"evs":[0.0,1.74836]},"A6s":{"weight":0.997,"played":[0.0,1.0],"evs":[0.0,0.78675]},"A7s":{"weight":0.6089,"played":[0.252,0.748],"evs":[0.0,1.07065]},"A8s":{"weight":0.9138,"played":[0.1746,0.8254],"evs":[0.0,0.82649]},"A9s":{"weight":0.1044,"played":[0.0203,0.9797],"evs":[0.0,1.48722]},"ATs":{"weight":4.0E-4,"played":[0.0124,0.9876],"evs":[0.0,1.56724]},"AJs":{"weight":0.0011,"played":[0.0,1.0],"evs":[0.0,1.58056]},"AQs":{"weight":5.0E-4,"played":[0.0036,0.9964],"evs":[0.0,2.69736]},"AKs":{"weight":0.9193,"played":[0.0019,0.9981],"evs":[0.0,3.44111]},"AA":{"weight":1.0,"played":[0.0,1.0],"evs":[0.0,7.67455]}}}