{"player":6,"street":0,"children":3,"sequence":[{"player":0,"type":"F","amount":0,"street":0},{"player":1,"type":"F","amount":0,"street":0},{"player":2,"type":"F","amount":0,"street":0},{"player":3,"type":"F","amount":0,"street":0},{"player":4,"type":"R","amount":8480000,"street":0},{"player":5,"type":"C","amount":6880000,"street":0}],"actions":[{"type":"F","amount":0},{"type":"C","amount":5280000},{"type":"R","amount":11040000,"node":10}],"hands":{"22":{"weight":1.0,"played":[0.3251,0.0028,0.672],"evs":[0.0,0.10227,0.12951]},"32o":{"weight":1.0,"played":[1.0,0.0,0.0],"evs":[0.0,-1.45829,-1.92323]},"42o":{"weight":1.0,"played":[1.0,0.0,0.0],"evs":[0.0,-1.39158,-1.861]},"52o":{"weight":1.0,"played":[1.0,0.0,0.0],"evs":[0.0,-1.35156,-1.76083]},"62o":{"weight":1.0,"played":[1.0,0.0,0.0],"evs":[0.0,-1.43871,-1.89915]},"72o":{"weight":1.0,"played":[1.0,0.0,0.0],"evs":[0.0,-1.56807,-2.02201]},"82o":{"weight":1.0,"played":[1.0,0.0,0.0],"evs":[0.0,-1.52839,-1.93124]},"92o":{"weight":1.0,"played":[1.0,0.0,0.0],"evs":[0.0,-1.50938,-1.87126]},"T2o":{"weight":1.0,"played":[1.0,0.0,0.0],"evs":[0.0,-1.44933,-1.70591]},"J2o":{"weight":1.0,"played":[1.0,0.0,0.0],"evs":[0.0,-1.34719,-1.53306]},"Q2o":{"weight":1.0,"played":[1.0,0.0,0.0],"evs":[0.0,-1.21627,-1.33418]},"K2o":{"weight":1.0,"played":[1.0,0.0,0.0],"evs":[0.0,-1.06875,-1.08616]},"A2o":{"weight":1.0,"played":[0.6952,3.0E-4,0.3045],"evs":[0.0,0.06564,0.07532]},"32s":{"weight":1.0,"played":[1.0,0.0,0.0],"evs":[0.0,-0.86051,-1.15937]},"33":{"weight":1.0,"played":[0.1257,0.2064,0.6679],"evs":[0.0,0.25894,0.26395]},"43o":{"weight":1.0,"played":[1.0,0.0,0.0],"evs":[0.0,-1.20052,-1.60057]},"53o":{"weight":1.0,"played":[1.0,0.0,0.0],"evs":[0.0,-1.15664,-1.51265]},"63o":{"weight":1.0,"played":[1.0,0.0,0.0],"evs":[0.0,-1.24385,-1.64004]},"73o":{"weight":1.0,"played":[1.0,0.0,0.0],"evs":[0.0,-1.32426,-1.70724]},"83o":{"weight":1.0,"played":[1.0,0.0,0.0],"evs":[0.0,-1.49486,-1.87934]},"93o":{"weight":1.0,"played":[1.0,0.0,0.0],"evs":[0.0,-1.47354,-1.80919]},"T3o":{"weight":1.0,"played":[1.0,0.0,0.0],"evs":[0.0,-1.38737,-1.62663]},"J3o":{"weight":1.0,"played":[1.0,0.0,0.0],"evs":[0.0,-1.29884,-1.47615]},"Q3o":{"weight":1.0,"played":[1.0,0.0,0.0],"evs":[0.0,-1.17732,-1.28795]},"K3o":{"weight":1.0,"played":[1.0,0.0,0.0],"evs":[0.0,-0.92765,-0.94474]},"A3o":{"weight":1.0,"played":[0.4974,1.0E-4,0.5025],"evs":[0.0,0.16448,0.17013]},"42s":{"weight":1.0,"played":[1.0,0.0,0.0],"evs":[0.0,-0.89247,-1.1863]},"43s":{"weight":1.0,"played":[0.9992,8.0E-4,0.0],"evs":[0.0,-0.6043,-0.84917]},"44":{"weight":1.0,"played":[0.0,0.2585,0.7415],"evs":[0.0,0.54594,0.55133]},"54o":{"weight":1.0,"played":[1.0,0.0,0.0],"evs":[0.0,-0.93701,-1.22123]},"64o":{"weight":1.0,"played":[1.0,0.0,0.0],"evs":[0.0,-1.02358,-1.35821]},"74o":{"weight":1.0,"played":[1.0,0.0,0.0],"evs":[0.0,-1.10499,-1.41178]},"84o":{"weight":1.0,"played":[1.0,0.0,0.0],"evs":[0.0,-1.29815,-1.63395]},"94o":{"weight":1.0,"played":[1.0,0.0,0.0],"evs":[0.0,-1.42416,-1.73355]},"T4o":{"weight":1.0,"played":[1.0,0.0,0.0],"evs":[0.0,-1.33939,-1.54725]},"J4o":{"weight":1.0,"played":[1.0,0.0,0.0],"evs":[0.0,-1.24616,-1.41995]},"Q4o":{"weight":1.0,"played":[1.0,0.0,0.0],"evs":[0.0,-1.10118,-1.19578]},"K4o":{"weight":1.0,"played":[1.0,0.0,0.0],"evs":[0.0,-0.8846,-0.90128]},"A4o":{"weight":1.0,"played":[0.2804,0.0017,0.718],"evs":[0.0,0.26135,0.26322]},"52s":{"weight":1.0,"played":[1.0,0.0,0.0],"evs":[0.0,-0.79923,-1.1076]},"53s":{"weight":1.0,"played":[0.9999,0.0,0.0],"evs":[0.0,-0.53689,-0.77657]},"54s":{"weight":1.0,"played":[0.9998,1.0E-4,0.0],"evs":[0.0,-0.44641,-0.66152]},"55":{"weight":1.0,"played":[0.0,0.0013,0.9987],"evs":[0.0,0.80671,0.81272]},"65o":{"weight":1.0,"played":[1.0,0.0,0.0],"evs":[0.0,-0.83361,-1.12595]},"75o":{"weight":1.0,"played":[1.0,0.0,0.0],"evs":[0.0,-0.89584,-1.16968]},"85o":{"weight":1.0,"played":[1.0,0.0,0.0],"evs":[0.0,-1.04905,-1.31882]},"95o":{"weight":1.0,"played":[1.0,0.0,0.0],"evs":[0.0,-1.18518,-1.43716]},"T5o":{"weight":1.0,"played":[1.0,0.0,0.0],"evs":[0.0,-1.29241,-1.49836]},"J5o":{"weight":1.0,"played":[1.0,0.0,0.0],"evs":[0.0,-1.19935,-1.34916]},"Q5o":{"weight":1.0,"played":[1.0,0.0,0.0],"evs":[0.0,-1.00857,-1.09749]},"K5o":{"weight":1.0,"played":[1.0,0.0,0.0],"evs":[0.0,-0.72596,-0.73544]},"A5o":{"weight":1.0,"played":[0.1225,9.0E-4,0.8766],"evs":[0.0,0.40914,0.41702]},"62s":{"weight":1.0,"played":[1.0,0.0,0.0],"evs":[0.0,-0.94576,-1.26889]},"63s":{"weight":1.0,"played":[1.0,0.0,0.0],"evs":[0.0,-0.72476,-0.99805]},"64s":{"weight":1.0,"played":[1.0,0.0,0.0],"evs":[0.0,-0.41085,-0.65738]},"65s":{"weight":1.0,"played":[1.0,0.0,0.0],"evs":[0.0,-0.31532,-0.53428]},"66":{"weight":1.0,"played":[0.0,3.0E-4,0.9997],"evs":[0.0,1.12735,1.13624]},"76o":{"weight":1.0,"played":[1.0,0.0,0.0],"evs":[0.0,-0.68804,-0.91607]},"86o":{"weight":1.0,"played":[1.0,0.0,0.0],"evs":[0.0,-0.81857,-1.0527]},"96o":{"weight":1.0,"played":[1.0,0.0,0.0],"evs":[0.0,-0.88033,-1.09539]},"T6o":{"weight":1.0,"played":[1.0,0.0,0.0],"evs":[0.0,-1.04779,-1.19464]},"J6o":{"weight":1.0,"played":[1.0,0.0,0.0],"evs":[0.0,-1.11977,-1.27505]},"Q6o":{"weight":1.0,"played":[1.0,0.0,0.0],"evs":[0.0,-0.94397,-1.03082]},"K6o":{"weight":1.0,"played":[1.0,0.0,0.0],"evs":[0.0,-0.61689,-0.62375]},"A6o":{"weight":1.0,"played":[0.0024,3.0E-4,0.9973],"evs":[0.0,0.39636,0.40941]},"72s":{"weight":1.0,"played":[1.0,0.0,0.0],"evs":[0.0,-0.9828,-1.27247]},"73s":{"weight":1.0,"played":[1.0,0.0,0.0],"evs":[0.0,-0.76332,-1.01849]},"74s":{"weight":1.0,"played":[1.0,0.0,0.0],"evs":[0.0,-0.59614,-0.80167]},"75s":{"weight":1.0,"played":[0.9999,0.0,0.0],"evs":[0.0,-0.39468,-0.59001]},"76s":{"weight":1.0,"played":[0.9948,0.0052,0.0],"evs":[0.0,-0.14391,-0.30314]},"77":{"weight":1.0,"played":[0.0,0.0017,0.9983],"evs":[0.0,1.53135,1.5383]},"87o":{"weight":1.0,"played":[1.0,0.0,0.0],"evs":[0.0,-0.61158,-0.78531]},"97o":{"weight":1.0,"played":[1.0,0.0,0.0],"evs":[0.0,-0.7207,-0.90583]},"T7o":{"weight":1.0,"played":[1.0,0.0,0.0],"evs":[0.0,-0.83425,-0.96103]},"J7o":{"weight":1.0,"played":[1.0,0.0,0.0],"evs":[0.0,-0.89468,-0.98876]},"Q7o":{"weight":1.0,"played":[1.0,0.0,0.0],"evs":[0.0,-0.86027,-0.91973]},"K7o":{"weight":1.0,"played":[1.0,0.0,0.0],"evs":[0.0,-0.46007,-0.45892]},"A7o":{"weight":1.0,"played":[0.0,0.0,1.0],"evs":[0.0,0.74949,0.7618]},"82s":{"weight":1.0,"played":[1.0,0.0,0.0],"evs":[0.0,-0.96948,-1.26765]},"83s":{"weight":1.0,"played":[1.0,0.0,0.0],"evs":[0.0,-0.90836,-1.16597]},"84s":{"weight":1.0,"played":[1.0,0.0,0.0],"evs":[0.0,-0.66877,-0.91627]},"85s":{"weight":1.0,"played":[1.0,0.0,0.0],"evs":[0.0,-0.49347,-0.67138]},"86s":{"weight":1.0,"played":[1.0,0.0,0.0],"evs":[0.0,-0.21646,-0.38304]},"87s":{"weight":1.0,"played":[0.3783,0.6216,1.0E-4],"evs":[0.0,-0.01347,-0.12849]},"88":{"weight":1.0,"played":[0.0,0.0,1.0],"evs":[0.0,1.9987,2.01157]},"98o":{"weight":1.0,"played":[1.0,0.0,0.0],"evs":[0.0,-0.52746,-0.66089]},"T8o":{"weight":1.0,"played":[1.0,0.0,0.0],"evs":[0.0,-0.56403,-0.64642]},"J8o":{"weight":1.0,"played":[1.0,0.0,0.0],"evs":[0.0,-0.61601,-0.67729]},"Q8o":{"weight":1.0,"played":[1.0,0.0,0.0],"evs":[0.0,-0.58075,-0.60521]},"K8o":{"weight":1.0,"played":[0.9999,0.0,1.0E-4],"evs":[0.0,-0.3002,-0.27765]},"A8o":{"weight":1.0,"played":[0.0,0.0,1.0],"evs":[0.0,1.01385,1.02447]},"92s":{"weight":1.0,"played":[0.9999,0.0,0.0],"evs":[0.0,-0.91889,-1.17041]},"93s":{"weight":1.0,"played":[1.0,0.0,0.0],"evs":[0.0,-0.8737,-1.10288]},"94s":{"weight":1.0,"played":[1.0,0.0,0.0],"evs":[0.0,-0.8288,-1.03183]},"95s":{"weight":1.0,"played":[1.0,0.0,0.0],"evs":[0.0,-0.62737,-0.77682]},"96s":{"weight":1.0,"played":[0.9999,1.0E-4,0.0],"evs":[0.0,-0.40582,-0.57902]},"97s":{"weight":1.0,"played":[0.5545,0.4454,1.0E-4],"evs":[0.0,-0.08999,-0.20001]},"98s":{"weight":1.0,"played":[0.1444,0.8555,1.0E-4],"evs":[0.0,0.04334,-0.05579]},"99":{"weight":1.0,"played":[0.0,0.0,1.0],"evs":[0.0,2.47743,2.49205]},"T9o":{"weight":1.0,"played":[1.0,0.0,0.0],"evs":[0.0,-0.27752,-0.31852]},"J9o":{"weight":1.0,"played":[0.9999,1.0E-4,1.0E-4],"evs":[0.0,-0.38148,-0.42565]},"Q9o":{"weight":1.0,"played":[0.9085,1.0E-4,0.0914],"evs":[0.0,-0.33131,-0.34272]},"K9o":{"weight":1.0,"played":[8.0E-4,0.001,0.9982],"evs":[0.0,0.1233,0.14272]},"A9o":{"weight":1.0,"played":[0.0,0.0,1.0],"evs":[0.0,1.32922,1.3348]},"T2s":{"weight":1.0,"played":[0.9999,1.0E-4,0.0],"evs":[0.0,-0.84945,-1.0196]},"T3s":{"weight":1.0,"played":[1.0,0.0,0.0],"evs":[0.0,-0.74243,-0.89146]},"T4s":{"weight":1.0,"played":[1.0,0.0,0.0],"evs":[0.0,-0.71691,-0.86238]},"T5s":{"weight":1.0,"played":[1.0,0.0,0.0],"evs":[0.0,-0.70679,-0.84957]},"T6s":{"weight":1.0,"played":[1.0,0.0,0.0],"evs":[0.0,-0.51781,-0.62315]},"T7s":{"weight":1.0,"played":[0.9995,3.0E-4,1.0E-4],"evs":[0.0,-0.22394,-0.30776]},"T8s":{"weight":1.0,"played":[0.1199,0.7687,0.1114],"evs":[0.0,0.09198,0.04441]},"T9s":{"weight":1.0,"played":[1.0E-4,0.8091,0.1908],"evs":[0.0,0.28516,0.26185]},"TT":{"weight":1.0,"played":[0.0,0.0,1.0],"evs":[0.0,3.24281,3.25633]},"JTo":{"weight":1.0,"played":[3.0E-4,0.0016,0.9981],"evs":[0.0,0.04609,0.05207]},"QTo":{"weight":1.0,"played":[0.0,0.0,1.0],"evs":[0.0,0.13408,0.14493]},"KTo":{"weight":1.0,"played":[0.0,0.0,1.0],"evs":[0.0,0.74737,0.75841]},"ATo":{"weight":1.0,"played":[0.0,0.0,1.0],"evs":[0.0,2.00501,2.01154]},"J2s":{"weight":1.0,"played":[1.0,0.0,0.0],"evs":[0.0,-0.73939,-0.86725]},"J3s":{"weight":1.0,"played":[1.0,0.0,0.0],"evs":[0.0,-0.63198,-0.73963]},"J4s":{"weight":1.0,"played":[1.0,0.0,0.0],"evs":[0.0,-0.55959,-0.64828]},"J5s":{"weight":1.0,"played":[1.0,0.0,0.0],"evs":[0.0,-0.57747,-0.6581]},"J6s":{"weight":1.0,"played":[1.0,0.0,0.0],"evs":[0.0,-0.49279,-0.5815]},"J7s":{"weight":1.0,"played":[0.9726,0.0185,0.0089],"evs":[0.0,-0.29022,-0.35614]},"J8s":{"weight":1.0,"played":[0.2875,0.6527,0.0597],"evs":[0.0,-0.07322,-0.11888]},"J9s":{"weight":1.0,"played":[1.0E-4,0.4817,0.5182],"evs":[0.0,0.20475,0.19128]},"JTs":{"weight":1.0,"played":[0.0,0.0065,0.9935],"evs":[0.0,0.59731,0.60597]},"JJ":{"weight":1.0,"played":[0.0,0.0,1.0],"evs":[0.0,3.82546,3.83991]},"QJo":{"weight":1.0,"played":[0.0,0.0,1.0],"evs":[0.0,0.42028,0.43322]},"KJo":{"weight":1.0,"played":[0.0,0.0,1.0],"evs":[0.0,1.06919,1.08198]},"AJo":{"weight":1.0,"played":[0.0,3.0E-4,0.9997],"evs":[0.0,2.41918,2.42454]},"Q2s":{"weight":1.0,"played":[1.0,0.0,0.0],"evs":[0.0,-0.56496,-0.64877]},"Q3s":{"weight":1.0,"played":[0.9993,4.0E-4,3.0E-4],"evs":[0.0,-0.46219,-0.5341]},"Q4s":{"weight":1.0,"played":[0.9972,0.001,0.0017],"evs":[0.0,-0.43372,-0.49942]},"Q5s":{"weight":1.0,"played":[0.9999,0.0,1.0E-4],"evs":[0.0,-0.27728,-0.34547]},"Q6s":{"weight":1.0,"played":[0.998,0.0014,5.0E-4],"evs":[0.0,-0.26375,-0.31642]},"Q7s":{"weight":1.0,"played":[0.9998,2.0E-4,0.0],"evs":[0.0,-0.23337,-0.28756]},"Q8s":{"weight":1.0,"played":[2.0E-4,0.6433,0.3565],"evs":[0.0,0.02296,-0.00322]},"Q9s":{"weight":1.0,"played":[0.0,0.5138,0.4862],"evs":[0.0,0.31144,0.30581]},"QTs":{"weight":1.0,"played":[0.0,0.0,1.0],"evs":[0.0,0.76391,0.77372]},"QJs":{"weight":1.0,"played":[0.0,0.0,1.0],"evs":[0.0,1.0757,1.08938]},"QQ":{"weight":1.0,"played":[0.0,2.0E-4,0.9998],"evs":[0.0,4.80702,4.81704]},"KQo":{"weight":1.0,"played":[0.0,0.0,1.0],"evs":[0.0,1.57135,1.58254]},"AQo":{"weight":1.0,"played":[0.0,0.0131,0.9869],"evs":[0.0,2.91872,2.92319]},"K2s":{"weight":1.0,"played":[0.9974,0.0,0.0026],"evs":[0.0,-0.28888,-0.29521]},"K3s":{"weight":1.0,"played":[0.9748,0.0148,0.0104],"evs":[0.0,-0.29942,-0.31107]},"K4s":{"weight":1.0,"played":[0.8161,0.124,0.0599],"evs":[0.0,-0.21723,-0.22428]},"K5s":{"weight":1.0,"played":[0.7238,0.0929,0.1832],"evs":[0.0,-0.07033,-0.07652]},"K6s":{"weight":1.0,"played":[0.4061,0.2719,0.322],"evs":[0.0,0.04922,0.04469]},"K7s":{"weight":1.0,"played":[0.0,0.5641,0.4358],"evs":[0.0,0.17375,0.17069]},"K8s":{"weight":1.0,"played":[2.0E-4,0.0035,0.9963],"evs":[0.0,0.35576,0.3708]},"K9s":{"weight":1.0,"played":[0.0,0.0,1.0],"evs":[0.0,0.84795,0.86105]},"KTs":{"weight":1.0,"played":[0.0,0.0,1.0],"evs":[0.0,1.29689,1.30865]},"KJs":{"weight":1.0,"played":[0.0,1.0E-4,0.9999],"evs":[0.0,1.64287,1.65124]},"KQs":{"weight":1.0,"played":[0.0,0.0,1.0],"evs":[0.0,2.11129,2.12661]},"KK":{"weight":1.0,"played":[0.0,0.0,1.0],"evs":[0.0,6.00766,6.02228]},"AKo":{"weight":1.0,"played":[0.0,0.0054,0.9946],"evs":[0.0,3.60098,3.60624]},"A2s":{"weight":1.0,"played":[0.0,0.0036,0.9964],"evs":[0.0,0.68704,0.70037]},"A3s":{"weight":1.0,"played":[0.0,0.1906,0.8094],"evs":[0.0,0.85237,0.85705]},"A4s":{"weight":1.0,"played":[0.0,0.0393,0.9607],"evs":[0.0,0.94636,0.95318]},"A5s":{"weight":1.0,"played":[0.0,0.0012,0.9988],"evs":[0.0,1.01092,1.01523]},"A6s":{"weight":1.0,"played":[0.0,1.0E-4,0.9999],"evs":[0.0,0.99064,1.00233]},"A7s":{"weight":1.0,"played":[0.0,3.0E-4,0.9997],"evs":[0.0,1.28713,1.29914]},"A8s":{"weight":1.0,"played":[0.0,7.0E-4,0.9993],"evs":[0.0,1.55102,1.56085]},"A9s":{"weight":1.0,"played":[0.0,0.0011,0.9989],"evs":[0.0,1.95907,1.96742]},"ATs":{"weight":1.0,"played":[0.0,7.0E-4,0.9993],"evs":[0.0,2.60875,2.6177]},"AJs":{"weight":1.0,"played":[0.0,6.0E-4,0.9994],"evs":[0.0,2.91824,2.92591]},"AQs":{"weight":1.0,"played":[0.0,1.0E-4,0.9999],"evs":[0.0,3.34397,3.34974]},"AKs":{"weight":1.0,"played":[0.0,2.0E-4,0.9998],"evs":[0.0,3.95666,3.96446]},"AA":{"weight":1.0,"played":[0.0,0.0,1.0],"evs":[0.0,7.96798,7.97849]}}}