{"player":6,"street":0,"children":2,"sequence":[{"player":0,"type":"F","amount":0,"street":0},{"player":1,"type":"R","amount":8160000,"street":0},{"player":2,"type":"C","amount":8160000,"street":0},{"player":3,"type":"F","amount":0,"street":0},{"player":4,"type":"R","amount":8480000,"street":0},{"player":5,"type":"F","amount":0,"street":0}],"actions":[{"type":"F","amount":0,"node":93},{"type":"R","amount":11040000,"node":94}],"hands":{"22":{"weight":1.0,"played":[0.95,0.05],"evs":[0.0,-0.30848]},"32o":{"weight":1.0,"played":[1.0,0.0],"evs":[0.0,-1.68833]},"42o":{"weight":1.0,"played":[1.0,0.0],"evs":[0.0,-1.6333]},"52o":{"weight":1.0,"played":[1.0,0.0],"evs":[0.0,-1.43091]},"62o":{"weight":1.0,"played":[0.9999,1.0E-4],"evs":[0.0,-1.77361]},"72o":{"weight":1.0,"played":[1.0,0.0],"evs":[0.0,-1.93555]},"82o":{"weight":1.0,"played":[1.0,0.0],"evs":[0.0,-2.11809]},"92o":{"weight":1.0,"played":[1.0,0.0],"evs":[0.0,-2.17133]},"T2o":{"weight":1.0,"played":[1.0,0.0],"evs":[0.0,-2.02053]},"J2o":{"weight":1.0,"played":[1.0,0.0],"evs":[0.0,-1.88927]},"Q2o":{"weight":1.0,"played":[0.9999,1.0E-4],"evs":[0.0,-1.73553]},"K2o":{"weight":1.0,"played":[1.0,0.0],"evs":[0.0,-1.9387]},"A2o":{"weight":1.0,"played":[1.0,0.0],"evs":[0.0,-1.68045]},"32s":{"weight":1.0,"played":[0.9974,0.0026],"evs":[0.0,-0.93619]},"33":{"weight":1.0,"played":[0.167,0.833],"evs":[0.0,0.10119]},"43o":{"weight":1.0,"played":[1.0,0.0],"evs":[0.0,-1.12633]},"53o":{"weight":1.0,"played":[1.0,0.0],"evs":[0.0,-1.22983]},"63o":{"weight":1.0,"played":[1.0,0.0],"evs":[0.0,-1.21022]},"73o":{"weight":1.0,"played":[1.0,0.0],"evs":[0.0,-1.7076]},"83o":{"weight":1.0,"played":[1.0,0.0],"evs":[0.0,-1.98952]},"93o":{"weight":1.0,"played":[1.0,0.0],"evs":[0.0,-2.04846]},"T3o":{"weight":1.0,"played":[1.0,0.0],"evs":[0.0,-2.06073]},"J3o":{"weight":1.0,"played":[1.0,0.0],"evs":[0.0,-1.68118]},"Q3o":{"weight":1.0,"played":[1.0,0.0],"evs":[0.0,-1.49244]},"K3o":{"weight":1.0,"played":[1.0,0.0],"evs":[0.0,-1.60975]},"A3o":{"weight":1.0,"played":[1.0,0.0],"evs":[0.0,-1.49961]},"42s":{"weight":1.0,"played":[0.999,0.001],"evs":[0.0,-0.87716]},"43s":{"weight":1.0,"played":[0.9725,0.0275],"evs":[0.0,-0.7249]},"44":{"weight":1.0,"played":[0.0173,0.9827],"evs":[0.0,0.31944]},"54o":{"weight":1.0,"played":[1.0,0.0],"evs":[0.0,-0.84364]},"64o":{"weight":1.0,"played":[1.0,0.0],"evs":[0.0,-0.90305]},"74o":{"weight":1.0,"played":[1.0,0.0],"evs":[0.0,-1.22575]},"84o":{"weight":1.0,"played":[1.0,0.0],"evs":[0.0,-1.7195]},"94o":{"weight":1.0,"played":[1.0,0.0],"evs":[0.0,-2.01605]},"T4o":{"weight":1.0,"played":[1.0,0.0],"evs":[0.0,-1.91739]},"J4o":{"weight":1.0,"played":[1.0,0.0],"evs":[0.0,-1.54464]},"Q4o":{"weight":1.0,"played":[1.0,0.0],"evs":[0.0,-1.42288]},"K4o":{"weight":1.0,"played":[1.0,0.0],"evs":[0.0,-1.39426]},"A4o":{"weight":1.0,"played":[1.0,0.0],"evs":[0.0,-1.34784]},"52s":{"weight":1.0,"played":[0.9956,0.0044],"evs":[0.0,-0.47851]},"53s":{"weight":1.0,"played":[0.9727,0.0273],"evs":[0.0,-0.09823]},"54s":{"weight":1.0,"played":[0.6798,0.3202],"evs":[0.0,0.07209]},"55":{"weight":1.0,"played":[0.0208,0.9792],"evs":[0.0,0.34621]},"65o":{"weight":1.0,"played":[0.9982,0.0018],"evs":[0.0,-0.64696]},"75o":{"weight":1.0,"played":[1.0,0.0],"evs":[0.0,-0.99953]},"85o":{"weight":1.0,"played":[1.0,0.0],"evs":[0.0,-1.46294]},"95o":{"weight":1.0,"played":[1.0,0.0],"evs":[0.0,-1.7373]},"T5o":{"weight":1.0,"played":[1.0,0.0],"evs":[0.0,-1.82071]},"J5o":{"weight":1.0,"played":[1.0,0.0],"evs":[0.0,-1.48108]},"Q5o":{"weight":1.0,"played":[1.0,0.0],"evs":[0.0,-1.23142]},"K5o":{"weight":1.0,"played":[1.0,0.0],"evs":[0.0,-1.4184]},"A5o":{"weight":1.0,"played":[0.9999,1.0E-4],"evs":[0.0,-1.29099]},"62s":{"weight":1.0,"played":[0.9999,1.0E-4],"evs":[0.0,-0.80622]},"63s":{"weight":1.0,"played":[0.9988,0.0012],"evs":[0.0,-0.58894]},"64s":{"weight":1.0,"played":[0.9716,0.0284],"evs":[0.0,-0.19001]},"65s":{"weight":1.0,"played":[0.8618,0.1382],"evs":[0.0,-0.18839]},"66":{"weight":1.0,"played":[0.0089,0.9911],"evs":[0.0,0.30264]},"76o":{"weight":1.0,"played":[0.9992,8.0E-4],"evs":[0.0,-0.55553]},"86o":{"weight":1.0,"played":[0.9994,6.0E-4],"evs":[0.0,-0.9628]},"96o":{"weight":1.0,"played":[1.0,0.0],"evs":[0.0,-1.58933]},"T6o":{"weight":1.0,"played":[1.0,0.0],"evs":[0.0,-1.45137]},"J6o":{"weight":1.0,"played":[1.0,0.0],"evs":[0.0,-1.42463]},"Q6o":{"weight":1.0,"played":[1.0,0.0],"evs":[0.0,-1.34349]},"K6o":{"weight":1.0,"played":[1.0,0.0],"evs":[0.0,-1.36684]},"A6o":{"weight":1.0,"played":[1.0,0.0],"evs":[0.0,-1.81453]},"72s":{"weight":1.0,"played":[1.0,0.0],"evs":[0.0,-1.22335]},"73s":{"weight":1.0,"played":[0.999,0.001],"evs":[0.0,-0.91168]},"74s":{"weight":1.0,"played":[0.9845,0.0155],"evs":[0.0,-0.62606]},"75s":{"weight":1.0,"played":[0.9681,0.0319],"evs":[0.0,-0.29011]},"76s":{"weight":1.0,"played":[0.6414,0.3586],"evs":[0.0,-0.21076]},"77":{"weight":1.0,"played":[0.0,1.0],"evs":[0.0,0.60237]},"87o":{"weight":1.0,"played":[0.9998,2.0E-4],"evs":[0.0,-0.89774]},"97o":{"weight":1.0,"played":[1.0,0.0],"evs":[0.0,-1.46864]},"T7o":{"weight":1.0,"played":[1.0,0.0],"evs":[0.0,-1.25308]},"J7o":{"weight":1.0,"played":[0.9999,1.0E-4],"evs":[0.0,-1.25853]},"Q7o":{"weight":1.0,"played":[1.0,0.0],"evs":[0.0,-1.44543]},"K7o":{"weight":1.0,"played":[1.0,0.0],"evs":[0.0,-1.45912]},"A7o":{"weight":1.0,"played":[0.9996,4.0E-4],"evs":[0.0,-1.42486]},"82s":{"weight":1.0,"played":[1.0,0.0],"evs":[0.0,-1.37097]},"83s":{"weight":1.0,"played":[0.9998,2.0E-4],"evs":[0.0,-1.14748]},"84s":{"weight":1.0,"played":[1.0,0.0],"evs":[0.0,-0.66337]},"85s":{"weight":1.0,"played":[0.9996,4.0E-4],"evs":[0.0,-0.60477]},"86s":{"weight":1.0,"played":[0.911,0.089],"evs":[0.0,-0.14418]},"87s":{"weight":1.0,"played":[0.8907,0.1093],"evs":[0.0,-0.35413]},"88":{"weight":1.0,"played":[1.0E-4,0.9999],"evs":[0.0,0.47051]},"98o":{"weight":1.0,"played":[1.0,0.0],"evs":[0.0,-1.2257]},"T8o":{"weight":1.0,"played":[1.0,0.0],"evs":[0.0,-1.24668]},"J8o":{"weight":1.0,"played":[0.9992,8.0E-4],"evs":[0.0,-1.18693]},"Q8o":{"weight":1.0,"played":[1.0,0.0],"evs":[0.0,-1.23182]},"K8o":{"weight":1.0,"played":[1.0,0.0],"evs":[0.0,-1.60679]},"A8o":{"weight":1.0,"played":[1.0,0.0],"evs":[0.0,-1.41809]},"92s":{"weight":1.0,"played":[0.9999,1.0E-4],"evs":[0.0,-1.41309]},"93s":{"weight":1.0,"played":[0.9986,0.0014],"evs":[0.0,-1.24559]},"94s":{"weight":1.0,"played":[1.0,0.0],"evs":[0.0,-1.18506]},"95s":{"weight":1.0,"played":[0.9808,0.0192],"evs":[0.0,-1.14706]},"96s":{"weight":1.0,"played":[0.987,0.013],"evs":[0.0,-0.24358]},"97s":{"weight":1.0,"played":[0.9959,0.0041],"evs":[0.0,-0.54294]},"98s":{"weight":1.0,"played":[0.9994,6.0E-4],"evs":[0.0,-0.41214]},"99":{"weight":1.0,"played":[5.0E-4,0.9995],"evs":[0.0,0.87016]},"T9o":{"weight":1.0,"played":[0.9999,1.0E-4],"evs":[0.0,-1.16037]},"J9o":{"weight":1.0,"played":[0.9993,7.0E-4],"evs":[0.0,-1.17885]},"Q9o":{"weight":1.0,"played":[1.0,0.0],"evs":[0.0,-1.20136]},"K9o":{"weight":1.0,"played":[1.0,0.0],"evs":[0.0,-1.45562]},"A9o":{"weight":1.0,"played":[0.9999,1.0E-4],"evs":[0.0,-1.34463]},"T2s":{"weight":1.0,"played":[0.9998,2.0E-4],"evs":[0.0,-1.5277]},"T3s":{"weight":1.0,"played":[1.0,0.0],"evs":[0.0,-1.25846]},"T4s":{"weight":1.0,"played":[0.9998,2.0E-4],"evs":[0.0,-0.90708]},"T5s":{"weight":1.0,"played":[0.9999,1.0E-4],"evs":[0.0,-0.9768]},"T6s":{"weight":1.0,"played":[0.9991,9.0E-4],"evs":[0.0,-0.97321]},"T7s":{"weight":1.0,"played":[0.9998,2.0E-4],"evs":[0.0,-0.32967]},"T8s":{"weight":1.0,"played":[0.9982,0.0018],"evs":[0.0,-0.45116]},"T9s":{"weight":1.0,"played":[0.9991,9.0E-4],"evs":[0.0,-0.76634]},"TT":{"weight":1.0,"played":[0.0,1.0],"evs":[0.0,1.1744]},"JTo":{"weight":1.0,"played":[1.0,0.0],"evs":[0.0,-0.84312]},"QTo":{"weight":1.0,"played":[0.9999,1.0E-4],"evs":[0.0,-0.90079]},"KTo":{"weight":1.0,"played":[1.0,0.0],"evs":[0.0,-1.02117]},"ATo":{"weight":1.0,"played":[0.9998,2.0E-4],"evs":[0.0,-0.837]},"J2s":{"weight":1.0,"played":[0.9996,4.0E-4],"evs":[0.0,-0.98364]},"J3s":{"weight":1.0,"played":[1.0,0.0],"evs":[0.0,-1.06012]},"J4s":{"weight":1.0,"played":[1.0,0.0],"evs":[0.0,-0.76022]},"J5s":{"weight":1.0,"played":[0.9993,7.0E-4],"evs":[0.0,-0.98767]},"J6s":{"weight":1.0,"played":[1.0,0.0],"evs":[0.0,-0.9009]},"J7s":{"weight":1.0,"played":[0.9823,0.0177],"evs":[0.0,-0.43879]},"J8s":{"weight":1.0,"played":[0.9998,2.0E-4],"evs":[0.0,-0.38865]},"J9s":{"weight":1.0,"played":[0.999,0.001],"evs":[0.0,-0.36098]},"JTs":{"weight":1.0,"played":[0.1369,0.8631],"evs":[0.0,0.06411]},"JJ":{"weight":1.0,"played":[0.0,1.0],"evs":[0.0,2.4414]},"QJo":{"weight":1.0,"played":[0.9998,2.0E-4],"evs":[0.0,-0.70215]},"KJo":{"weight":1.0,"played":[1.0,0.0],"evs":[0.0,-0.88758]},"AJo":{"weight":1.0,"played":[0.9993,7.0E-4],"evs":[0.0,-0.46763]},"Q2s":{"weight":1.0,"played":[1.0,0.0],"evs":[0.0,-1.00833]},"Q3s":{"weight":1.0,"played":[0.9992,8.0E-4],"evs":[0.0,-0.53263]},"Q4s":{"weight":1.0,"played":[0.9987,0.0013],"evs":[0.0,-0.86042]},"Q5s":{"weight":1.0,"played":[0.9999,1.0E-4],"evs":[0.0,-0.39602]},"Q6s":{"weight":1.0,"played":[0.9884,0.0116],"evs":[0.0,-0.79655]},"Q7s":{"weight":1.0,"played":[1.0,0.0],"evs":[0.0,-0.69982]},"Q8s":{"weight":1.0,"played":[0.8847,0.1153],"evs":[0.0,-0.26977]},"Q9s":{"weight":1.0,"played":[0.9144,0.0856],"evs":[0.0,-0.30756]},"QTs":{"weight":1.0,"played":[0.8485,0.1515],"evs":[0.0,-0.28292]},"QJs":{"weight":1.0,"played":[0.2314,0.7686],"evs":[0.0,0.13793]},"QQ":{"weight":1.0,"played":[0.0,1.0],"evs":[0.0,3.34845]},"KQo":{"weight":1.0,"played":[0.9999,1.0E-4],"evs":[0.0,-0.45935]},"AQo":{"weight":1.0,"played":[0.9379,0.0621],"evs":[0.0,-0.0203]},"K2s":{"weight":1.0,"played":[1.0,0.0],"evs":[0.0,-0.72055]},"K3s":{"weight":1.0,"played":[0.9987,0.0013],"evs":[0.0,-0.73223]},"K4s":{"weight":1.0,"played":[0.9931,0.0069],"evs":[0.0,-0.60657]},"K5s":{"weight":1.0,"played":[1.0,0.0],"evs":[0.0,-0.50158]},"K6s":{"weight":1.0,"played":[0.9972,0.0028],"evs":[0.0,-0.31059]},"K7s":{"weight":1.0,"played":[0.9998,2.0E-4],"evs":[0.0,-0.36982]},"K8s":{"weight":1.0,"played":[0.9567,0.0433],"evs":[0.0,-0.41041]},"K9s":{"weight":1.0,"played":[0.9995,5.0E-4],"evs":[0.0,-0.6989]},"KTs":{"weight":1.0,"played":[0.8823,0.1177],"evs":[0.0,-0.32616]},"KJs":{"weight":1.0,"played":[0.9747,0.0253],"evs":[0.0,0.01642]},"KQs":{"weight":1.0,"played":[7.0E-4,0.9993],"evs":[0.0,0.18838]},"KK":{"weight":1.0,"played":[0.0,1.0],"evs":[0.0,4.99024]},"AKo":{"weight":1.0,"played":[8.0E-4,0.9992],"evs":[0.0,0.8751]},"A2s":{"weight":1.0,"played":[1.0,0.0],"evs":[0.0,-0.87607]},"A3s":{"weight":1.0,"played":[0.9989,0.0011],"evs":[0.0,-0.81061]},"A4s":{"weight":1.0,"played":[0.9971,0.0029],"evs":[0.0,-0.86198]},"A5s":{"weight":1.0,"played":[0.999,0.001],"evs":[0.0,-0.69918]},"A6s":{"weight":1.0,"played":[0.9981,0.0019],"evs":[0.0,-0.37263]},"A7s":{"weight":1.0,"played":[0.9999,1.0E-4],"evs":[0.0,-0.75016]},"A8s":{"weight":1.0,"played":[0.7519,0.2481],"evs":[0.0,-0.47953]},"A9s":{"weight":1.0,"played":[1.0,0.0],"evs":[0.0,-0.70904]},"ATs":{"weight":1.0,"played":[0.9511,0.0489],"evs":[0.0,-0.10456]},"AJs":{"weight":1.0,"played":[0.3769,0.6231],"evs":[0.0,0.21063]},"AQs":{"weight":1.0,"played":[0.0045,0.9955],"evs":[0.0,1.12508]},"AKs":{"weight":1.0,"played":[8.0E-4,0.9992],"evs":[0.0,1.11246]},"AA":{"weight":1.0,"played":[0.0,1.0],"evs":[0.0,8.08821]}}}