{"player":1,"street":0,"children":2,"sequence":[{"player":0,"type":"F","amount":0,"street":0}],"actions":[{"type":"F","amount":0,"node":2},{"type":"R","amount":955000,"node":20}],"hands":{"22":{"weight":1.0,"played":[0.0,1.0],"evs":[0.0,0.33786]},"32o":{"weight":1.0,"played":[1.0,0.0],"evs":[0.0,-2.49912]},"42o":{"weight":1.0,"played":[1.0,0.0],"evs":[0.0,-2.35726]},"52o":{"weight":1.0,"played":[1.0,0.0],"evs":[0.0,-2.23233]},"62o":{"weight":1.0,"played":[1.0,0.0],"evs":[0.0,-2.42893]},"72o":{"weight":1.0,"played":[1.0,0.0],"evs":[0.0,-2.57093]},"82o":{"weight":1.0,"played":[1.0,0.0],"evs":[0.0,-2.41503]},"92o":{"weight":1.0,"played":[1.0,0.0],"evs":[0.0,-2.28436]},"T2o":{"weight":1.0,"played":[1.0,0.0],"evs":[0.0,-2.09069]},"J2o":{"weight":1.0,"played":[1.0,0.0],"evs":[0.0,-1.89555]},"Q2o":{"weight":1.0,"played":[1.0,0.0],"evs":[0.0,-1.57582]},"K2o":{"weight":1.0,"played":[1.0,0.0],"evs":[0.0,-1.08278]},"A2o":{"weight":1.0,"played":[0.0,1.0],"evs":[0.0,0.24229]},"32s":{"weight":1.0,"played":[1.0,0.0],"evs":[0.0,-1.70764]},"33":{"weight":1.0,"played":[0.0,1.0],"evs":[0.0,0.67483]},"43o":{"weight":1.0,"played":[1.0,0.0],"evs":[0.0,-2.02666]},"53o":{"weight":1.0,"played":[1.0,0.0],"evs":[0.0,-1.88667]},"63o":{"weight":1.0,"played":[1.0,0.0],"evs":[0.0,-2.08209]},"73o":{"weight":1.0,"played":[1.0,0.0],"evs":[0.0,-2.2265]},"83o":{"weight":1.0,"played":[1.0,0.0],"evs":[0.0,-2.34967]},"93o":{"weight":1.0,"played":[1.0,0.0],"evs":[0.0,-2.16624]},"T3o":{"weight":1.0,"played":[1.0,0.0],"evs":[0.0,-1.97142]},"J3o":{"weight":1.0,"played":[1.0,0.0],"evs":[0.0,-1.77274]},"Q3o":{"weight":1.0,"played":[1.0,0.0],"evs":[0.0,-1.45347]},"K3o":{"weight":1.0,"played":[1.0,0.0],"evs":[0.0,-0.97141]},"A3o":{"weight":1.0,"played":[0.0,1.0],"evs":[0.0,0.36079]},"42s":{"weight":1.0,"played":[1.0,0.0],"evs":[0.0,-1.57316]},"43s":{"weight":1.0,"played":[1.0,0.0],"evs":[0.0,-1.26254]},"44":{"weight":1.0,"played":[0.0,1.0],"evs":[0.0,1.05088]},"54o":{"weight":1.0,"played":[1.0,0.0],"evs":[0.0,-1.55192]},"64o":{"weight":1.0,"played":[1.0,0.0],"evs":[0.0,-1.73854]},"74o":{"weight":1.0,"played":[1.0,0.0],"evs":[0.0,-1.87924]},"84o":{"weight":1.0,"played":[1.0,0.0],"evs":[0.0,-2.0086]},"94o":{"weight":1.0,"played":[1.0,0.0],"evs":[0.0,-2.09807]},"T4o":{"weight":1.0,"played":[1.0,0.0],"evs":[0.0,-1.84928]},"J4o":{"weight":1.0,"played":[1.0,0.0],"evs":[0.0,-1.64789]},"Q4o":{"weight":1.0,"played":[1.0,0.0],"evs":[0.0,-1.32622]},"K4o":{"weight":1.0,"played":[1.0,0.0],"evs":[0.0,-0.8391]},"A4o":{"weight":1.0,"played":[0.0,1.0],"evs":[0.0,0.49069]},"52s":{"weight":1.0,"played":[1.0,0.0],"evs":[0.0,-1.45467]},"53s":{"weight":1.0,"played":[1.0,0.0],"evs":[0.0,-1.13661]},"54s":{"weight":1.0,"played":[1.0,0.0],"evs":[0.0,-0.82511]},"55":{"weight":1.0,"played":[0.0,1.0],"evs":[0.0,1.47543]},"65o":{"weight":1.0,"played":[1.0,0.0],"evs":[0.0,-1.41112]},"75o":{"weight":1.0,"played":[1.0,0.0],"evs":[0.0,-1.53931]},"85o":{"weight":1.0,"played":[1.0,0.0],"evs":[0.0,-1.65974]},"95o":{"weight":1.0,"played":[1.0,0.0],"evs":[0.0,-1.75264]},"T5o":{"weight":1.0,"played":[1.0,0.0],"evs":[0.0,-1.76852]},"J5o":{"weight":1.0,"played":[1.0,0.0],"evs":[0.0,-1.52297]},"Q5o":{"weight":1.0,"played":[1.0,0.0],"evs":[0.0,-1.19868]},"K5o":{"weight":1.0,"played":[1.0,0.0],"evs":[0.0,-0.70181]},"A5o":{"weight":1.0,"played":[0.0,1.0],"evs":[0.0,0.67727]},"62s":{"weight":1.0,"played":[1.0,0.0],"evs":[0.0,-1.64234]},"63s":{"weight":1.0,"played":[1.0,0.0],"evs":[0.0,-1.31205]},"64s":{"weight":1.0,"played":[1.0,0.0],"evs":[0.0,-0.99672]},"65s":{"weight":1.0,"played":[1.0,0.0],"evs":[0.0,-0.69013]},"66":{"weight":1.0,"played":[0.0,1.0],"evs":[0.0,1.9008]},"76o":{"weight":1.0,"played":[1.0,0.0],"evs":[0.0,-1.2308]},"86o":{"weight":1.0,"played":[1.0,0.0],"evs":[0.0,-1.33941]},"96o":{"weight":1.0,"played":[1.0,0.0],"evs":[0.0,-1.42778]},"T6o":{"weight":1.0,"played":[1.0,0.0],"evs":[0.0,-1.44283]},"J6o":{"weight":1.0,"played":[1.0,0.0],"evs":[0.0,-1.45658]},"Q6o":{"weight":1.0,"played":[1.0,0.0],"evs":[0.0,-1.07689]},"K6o":{"weight":1.0,"played":[1.0,0.0],"evs":[0.0,-0.55298]},"A6o":{"weight":1.0,"played":[0.0,1.0],"evs":[0.0,0.69374]},"72s":{"weight":1.0,"played":[1.0,0.0],"evs":[0.0,-1.7655]},"73s":{"weight":1.0,"played":[1.0,0.0],"evs":[0.0,-1.44257]},"74s":{"weight":1.0,"played":[1.0,0.0],"evs":[0.0,-1.12628]},"75s":{"weight":1.0,"played":[1.0,0.0],"evs":[0.0,-0.80995]},"76s":{"weight":1.0,"played":[1.0,0.0],"evs":[0.0,-0.51845]},"77":{"weight":1.0,"played":[0.0,1.0],"evs":[0.0,2.3387]},"87o":{"weight":1.0,"played":[1.0,0.0],"evs":[0.0,-1.05743]},"97o":{"weight":1.0,"played":[1.0,0.0],"evs":[0.0,-1.13376]},"T7o":{"weight":1.0,"played":[1.0,0.0],"evs":[0.0,-1.14128]},"J7o":{"weight":1.0,"played":[1.0,0.0],"evs":[0.0,-1.15591]},"Q7o":{"weight":1.0,"played":[1.0,0.0],"evs":[0.0,-1.01699]},"K7o":{"weight":1.0,"played":[1.0,0.0],"evs":[0.0,-0.40109]},"A7o":{"weight":1.0,"played":[0.0,1.0],"evs":[0.0,0.98809]},"82s":{"weight":1.0,"played":[1.0,0.0],"evs":[0.0,-1.62253]},"83s":{"weight":1.0,"played":[1.0,0.0],"evs":[0.0,-1.5659]},"84s":{"weight":1.0,"played":[1.0,0.0],"evs":[0.0,-1.23412]},"85s":{"weight":1.0,"played":[1.0,0.0],"evs":[0.0,-0.91513]},"86s":{"weight":1.0,"played":[1.0,0.0],"evs":[0.0,-0.61639]},"87s":{"weight":1.0,"played":[1.0,0.0],"evs":[0.0,-0.36054]},"88":{"weight":1.0,"played":[0.0,1.0],"evs":[0.0,2.84112]},"98o":{"weight":1.0,"played":[1.0,0.0],"evs":[0.0,-0.86164]},"T8o":{"weight":1.0,"played":[1.0,0.0],"evs":[0.0,-0.8329]},"J8o":{"weight":1.0,"played":[1.0,0.0],"evs":[0.0,-0.85268]},"Q8o":{"weight":1.0,"played":[1.0,0.0],"evs":[0.0,-0.69802]},"K8o":{"weight":1.0,"played":[1.0,0.0],"evs":[0.0,-0.25756]},"A8o":{"weight":1.0,"played":[0.0,1.0],"evs":[0.0,1.33411]},"92s":{"weight":1.0,"played":[1.0,0.0],"evs":[0.0,-1.49877]},"93s":{"weight":1.0,"played":[1.0,0.0],"evs":[0.0,-1.39032]},"94s":{"weight":1.0,"played":[1.0,0.0],"evs":[0.0,-1.33473]},"95s":{"weight":1.0,"played":[1.0,0.0],"evs":[0.0,-1.00641]},"96s":{"weight":1.0,"played":[1.0,0.0],"evs":[0.0,-0.70639]},"97s":{"weight":1.0,"played":[1.0,0.0],"evs":[0.0,-0.42077]},"98s":{"weight":1.0,"played":[1.0,0.0],"evs":[0.0,-0.16963]},"99":{"weight":1.0,"played":[0.0,1.0],"evs":[0.0,3.44579]},"T9o":{"weight":1.0,"played":[1.0,0.0],"evs":[0.0,-0.48318]},"J9o":{"weight":1.0,"played":[1.0,0.0],"evs":[0.0,-0.49199]},"Q9o":{"weight":1.0,"played":[1.0,0.0],"evs":[0.0,-0.30403]},"K9o":{"weight":1.0,"played":[0.0,1.0],"evs":[0.0,0.18768]},"A9o":{"weight":1.0,"played":[0.0,1.0],"evs":[0.0,1.78015]},"T2s":{"weight":1.0,"played":[1.0,0.0],"evs":[0.0,-1.3123]},"T3s":{"weight":1.0,"played":[1.0,0.0],"evs":[0.0,-1.19479]},"T4s":{"weight":1.0,"played":[1.0,0.0],"evs":[0.0,-1.08671]},"T5s":{"weight":1.0,"played":[1.0,0.0],"evs":[0.0,-1.02101]},"T6s":{"weight":1.0,"played":[1.0,0.0],"evs":[0.0,-0.71655]},"T7s":{"weight":1.0,"played":[1.0,0.0],"evs":[0.0,-0.43119]},"T8s":{"weight":1.0,"played":[1.0,0.0],"evs":[0.0,-0.14653]},"T9s":{"weight":1.0,"played":[0.0,1.0],"evs":[0.0,0.16885]},"TT":{"weight":1.0,"played":[0.0,1.0],"evs":[0.0,4.26156]},"JTo":{"weight":1.0,"played":[0.0,1.0],"evs":[0.0,0.05297]},"QTo":{"weight":1.0,"played":[0.0,1.0],"evs":[0.0,0.28237]},"KTo":{"weight":1.0,"played":[0.0,1.0],"evs":[0.0,0.82722]},"ATo":{"weight":1.0,"played":[0.0,1.0],"evs":[0.0,2.54521]},"J2s":{"weight":1.0,"played":[1.0,0.0],"evs":[0.0,-1.12767]},"J3s":{"weight":1.0,"played":[1.0,0.0],"evs":[0.0,-1.01084]},"J4s":{"weight":1.0,"played":[1.0,0.0],"evs":[0.0,-0.89657]},"J5s":{"weight":1.0,"played":[1.0,0.0],"evs":[0.0,-0.78062]},"J6s":{"weight":1.0,"played":[1.0,0.0],"evs":[0.0,-0.72344]},"J7s":{"weight":1.0,"played":[1.0,0.0],"evs":[0.0,-0.44136]},"J8s":{"weight":1.0,"played":[1.0,0.0],"evs":[0.0,-0.15941]},"J9s":{"weight":1.0,"played":[0.0,1.0],"evs":[0.0,0.17583]},"JTs":{"weight":1.0,"played":[0.0,1.0],"evs":[0.0,0.67518]},"JJ":{"weight":1.0,"played":[0.0,1.0],"evs":[0.0,4.98674]},"QJo":{"weight":1.0,"played":[0.0,1.0],"evs":[0.0,0.54224]},"KJo":{"weight":1.0,"played":[0.0,1.0],"evs":[0.0,1.14138]},"AJo":{"weight":1.0,"played":[0.0,1.0],"evs":[0.0,2.99834]},"Q2s":{"weight":1.0,"played":[1.0,0.0],"evs":[0.0,-0.81153]},"Q3s":{"weight":1.0,"played":[1.0,0.0],"evs":[0.0,-0.70306]},"Q4s":{"weight":1.0,"played":[1.0,0.0],"evs":[0.0,-0.58672]},"Q5s":{"weight":1.0,"played":[1.0,0.0],"evs":[0.0,-0.4673]},"Q6s":{"weight":1.0,"played":[1.0,0.0],"evs":[0.0,-0.35495]},"Q7s":{"weight":1.0,"played":[1.0,0.0],"evs":[0.0,-0.30533]},"Q8s":{"weight":1.0,"played":[0.9693,0.0307],"evs":[0.0,-0.01261]},"Q9s":{"weight":1.0,"played":[0.0,1.0],"evs":[0.0,0.35401]},"QTs":{"weight":1.0,"played":[0.0,1.0],"evs":[0.0,0.89673]},"QJs":{"weight":1.0,"played":[0.0,1.0],"evs":[0.0,1.14205]},"QQ":{"weight":1.0,"played":[0.0,1.0],"evs":[0.0,5.76615]},"KQo":{"weight":1.0,"played":[0.0,1.0],"evs":[0.0,1.55602]},"AQo":{"weight":1.0,"played":[0.0,1.0],"evs":[0.0,3.49293]},"K2s":{"weight":1.0,"played":[1.0,0.0],"evs":[0.0,-0.34573]},"K3s":{"weight":1.0,"played":[1.0,0.0],"evs":[0.0,-0.24332]},"K4s":{"weight":1.0,"played":[1.0,0.0],"evs":[0.0,-0.11687]},"K5s":{"weight":1.0,"played":[0.126,0.874],"evs":[0.0,0.0064]},"K6s":{"weight":1.0,"played":[0.0,1.0],"evs":[0.0,0.14196]},"K7s":{"weight":1.0,"played":[0.0,1.0],"evs":[0.0,0.28495]},"K8s":{"weight":1.0,"played":[0.0,1.0],"evs":[0.0,0.40309]},"K9s":{"weight":1.0,"played":[0.0,1.0],"evs":[0.0,0.82453]},"KTs":{"weight":1.0,"played":[0.0,1.0],"evs":[0.0,1.40954]},"KJs":{"weight":1.0,"played":[0.0,1.0],"evs":[0.0,1.70967]},"KQs":{"weight":1.0,"played":[0.0,1.0],"evs":[0.0,2.09181]},"KK":{"weight":1.0,"played":[0.0,1.0],"evs":[0.0,6.65067]},"AKo":{"weight":1.0,"played":[0.0,1.0],"evs":[0.0,4.07226]},"A2s":{"weight":1.0,"played":[0.0,1.0],"evs":[0.0,0.89597]},"A3s":{"weight":1.0,"played":[0.0,1.0],"evs":[0.0,0.9996]},"A4s":{"weight":1.0,"played":[0.0,1.0],"evs":[0.0,1.11459]},"A5s":{"weight":1.0,"played":[0.0,1.0],"evs":[0.0,1.28879]},"A6s":{"weight":1.0,"played":[0.0,1.0],"evs":[0.0,1.30165]},"A7s":{"weight":1.0,"played":[0.0,1.0],"evs":[0.0,1.57939]},"A8s":{"weight":1.0,"played":[0.0,1.0],"evs":[0.0,1.9]},"A9s":{"weight":1.0,"played":[0.0,1.0],"evs":[0.0,2.30621]},"ATs":{"weight":1.0,"played":[0.0,1.0],"evs":[0.0,3.0196]},"AJs":{"weight":1.0,"played":[0.0,1.0],"evs":[0.0,3.44016]},"AQs":{"weight":1.0,"played":[0.0,1.0],"evs":[0.0,3.90482]},"AKs":{"weight":1.0,"played":[0.0,1.0],"evs":[0.0,4.43144]},"AA":{"weight":1.0,"played":[0.0,1.0],"evs":[0.0,8.07333]}}}