{"player":4,"street":0,"children":3,"sequence":[{"player":0,"type":"F","amount":0,"street":0},{"player":1,"type":"F","amount":0,"street":0},{"player":2,"type":"R","amount":765000,"street":0},{"player":3,"type":"C","amount":715000,"street":0}],"actions":[{"type":"F","amount":0},{"type":"C","amount":665000},{"type":"R","amount":2115000,"node":18}],"hands":{"22":{"weight":1.0,"played":[1.0,0.0,0.0],"evs":[0.0,-1.35562,-1.48336]},"32o":{"weight":1.0,"played":[1.0,0.0,0.0],"evs":[0.0,-3.59145,-9.43352]},"42o":{"weight":1.0,"played":[1.0,0.0,0.0],"evs":[0.0,-3.43106,-9.09462]},"52o":{"weight":1.0,"played":[1.0,0.0,0.0],"evs":[0.0,-3.37962,-8.9773]},"62o":{"weight":1.0,"played":[1.0,0.0,0.0],"evs":[0.0,-3.62665,-9.59803]},"72o":{"weight":1.0,"played":[1.0,0.0,0.0],"evs":[0.0,-3.96013,-10.38142]},"82o":{"weight":1.0,"played":[1.0,0.0,0.0],"evs":[0.0,-4.05577,-10.4516]},"92o":{"weight":1.0,"played":[1.0,0.0,0.0],"evs":[0.0,-3.92605,-10.22519]},"T2o":{"weight":1.0,"played":[1.0,0.0,0.0],"evs":[0.0,-4.39913,-10.83486]},"J2o":{"weight":1.0,"played":[1.0,0.0,0.0],"evs":[0.0,-4.02992,-9.43551]},"Q2o":{"weight":1.0,"played":[1.0,0.0,0.0],"evs":[0.0,-3.65408,-8.05964]},"K2o":{"weight":1.0,"played":[1.0,0.0,0.0],"evs":[0.0,-3.02674,-5.96875]},"A2o":{"weight":1.0,"played":[1.0,0.0,0.0],"evs":[0.0,-1.6739,-2.62143]},"32s":{"weight":1.0,"played":[1.0,0.0,0.0],"evs":[0.0,-2.323,-6.8674]},"33":{"weight":1.0,"played":[0.1131,0.0,0.8869],"evs":[0.0,-0.21263,0.18296]},"43o":{"weight":1.0,"played":[1.0,0.0,0.0],"evs":[0.0,-2.70028,-7.58053]},"53o":{"weight":1.0,"played":[1.0,0.0,0.0],"evs":[0.0,-2.63556,-7.42463]},"63o":{"weight":1.0,"played":[1.0,0.0,0.0],"evs":[0.0,-2.88377,-8.14298]},"73o":{"weight":1.0,"played":[1.0,0.0,0.0],"evs":[0.0,-3.32196,-8.97759]},"83o":{"weight":1.0,"played":[1.0,0.0,0.0],"evs":[0.0,-3.76469,-9.82416]},"93o":{"weight":1.0,"played":[1.0,0.0,0.0],"evs":[0.0,-3.49803,-9.32713]},"T3o":{"weight":1.0,"played":[1.0,0.0,0.0],"evs":[0.0,-3.9752,-9.89516]},"J3o":{"weight":1.0,"played":[1.0,0.0,0.0],"evs":[0.0,-3.65081,-8.61633]},"Q3o":{"weight":1.0,"played":[1.0,0.0,0.0],"evs":[0.0,-3.2793,-7.29917]},"K3o":{"weight":1.0,"played":[1.0,0.0,0.0],"evs":[0.0,-2.67469,-5.33867]},"A3o":{"weight":1.0,"played":[1.0,0.0,0.0],"evs":[0.0,-1.38549,-2.17299]},"42s":{"weight":1.0,"played":[1.0,0.0,0.0],"evs":[0.0,-2.14917,-6.64514]},"43s":{"weight":1.0,"played":[1.0,0.0,0.0],"evs":[0.0,-1.48351,-5.32359]},"44":{"weight":1.0,"played":[1.0E-4,0.0,0.9999],"evs":[0.0,0.4196,0.75031]},"54o":{"weight":1.0,"played":[1.0,0.0,0.0],"evs":[0.0,-2.08176,-6.48307]},"64o":{"weight":1.0,"played":[1.0,0.0,0.0],"evs":[0.0,-2.38584,-7.17415]},"74o":{"weight":1.0,"played":[1.0,0.0,0.0],"evs":[0.0,-2.82277,-7.91789]},"84o":{"weight":1.0,"played":[1.0,0.0,0.0],"evs":[0.0,-3.2812,-8.84396]},"94o":{"weight":1.0,"played":[1.0,0.0,0.0],"evs":[0.0,-3.35169,-9.20801]},"T4o":{"weight":1.0,"played":[1.0,0.0,0.0],"evs":[0.0,-3.84374,-9.55088]},"J4o":{"weight":1.0,"played":[1.0,0.0,0.0],"evs":[0.0,-3.49965,-8.27431]},"Q4o":{"weight":1.0,"played":[1.0,0.0,0.0],"evs":[0.0,-3.1228,-6.9285]},"K4o":{"weight":1.0,"played":[1.0,0.0,0.0],"evs":[0.0,-2.55179,-5.06411]},"A4o":{"weight":1.0,"played":[1.0,0.0,0.0],"evs":[0.0,-1.23942,-1.85128]},"52s":{"weight":1.0,"played":[1.0,0.0,0.0],"evs":[0.0,-2.05625,-6.44159]},"53s":{"weight":1.0,"played":[1.0,0.0,0.0],"evs":[0.0,-1.34089,-5.14203]},"54s":{"weight":1.0,"played":[1.0,0.0,0.0],"evs":[0.0,-0.90802,-4.38601]},"55":{"weight":1.0,"played":[0.0,0.007,0.993],"evs":[0.0,0.98231,1.38251]},"65o":{"weight":1.0,"played":[1.0,0.0,0.0],"evs":[0.0,-1.94761,-6.40575]},"75o":{"weight":1.0,"played":[1.0,0.0,0.0],"evs":[0.0,-2.35619,-7.12495]},"85o":{"weight":1.0,"played":[1.0,0.0,0.0],"evs":[0.0,-2.91565,-8.16417]},"95o":{"weight":1.0,"played":[1.0,0.0,0.0],"evs":[0.0,-3.056,-8.51401]},"T5o":{"weight":1.0,"played":[1.0,0.0,0.0],"evs":[0.0,-3.91392,-9.74493]},"J5o":{"weight":1.0,"played":[1.0,0.0,0.0],"evs":[0.0,-3.53263,-8.33628]},"Q5o":{"weight":1.0,"played":[1.0,0.0,0.0],"evs":[0.0,-3.16172,-7.06609]},"K5o":{"weight":1.0,"played":[1.0,0.0,0.0],"evs":[0.0,-2.51589,-4.98653]},"A5o":{"weight":1.0,"played":[1.0,0.0,0.0],"evs":[0.0,-0.94022,-1.57098]},"62s":{"weight":1.0,"played":[1.0,0.0,0.0],"evs":[0.0,-2.40075,-7.23215]},"63s":{"weight":1.0,"played":[1.0,0.0,0.0],"evs":[0.0,-1.80084,-6.04993]},"64s":{"weight":1.0,"played":[1.0,0.0,0.0],"evs":[0.0,-1.12743,-4.9235]},"65s":{"weight":1.0,"played":[0.9999,1.0E-4,0.0],"evs":[0.0,-0.71417,-4.28817]},"66":{"weight":1.0,"played":[0.0,0.0,1.0],"evs":[0.0,1.56561,1.97778]},"76o":{"weight":1.0,"played":[1.0,0.0,0.0],"evs":[0.0,-1.88991,-6.31949]},"86o":{"weight":1.0,"played":[1.0,0.0,0.0],"evs":[0.0,-2.29552,-7.08534]},"96o":{"weight":1.0,"played":[1.0,0.0,0.0],"evs":[0.0,-2.56162,-7.65152]},"T6o":{"weight":1.0,"played":[1.0,0.0,0.0],"evs":[0.0,-3.46322,-8.89031]},"J6o":{"weight":1.0,"played":[1.0,0.0,0.0],"evs":[0.0,-3.42898,-8.15659]},"Q6o":{"weight":1.0,"played":[1.0,0.0,0.0],"evs":[0.0,-3.06958,-6.74029]},"K6o":{"weight":1.0,"played":[1.0,0.0,0.0],"evs":[0.0,-2.33346,-4.562]},"A6o":{"weight":1.0,"played":[1.0,0.0,0.0],"evs":[0.0,-1.16587,-1.75431]},"72s":{"weight":1.0,"played":[1.0,0.0,0.0],"evs":[0.0,-2.9331,-8.27647]},"73s":{"weight":1.0,"played":[1.0,0.0,0.0],"evs":[0.0,-2.04039,-6.49935]},"74s":{"weight":1.0,"played":[1.0,0.0,0.0],"evs":[0.0,-1.51131,-5.57351]},"75s":{"weight":1.0,"played":[1.0,0.0,0.0],"evs":[0.0,-1.00187,-4.88111]},"76s":{"weight":1.0,"played":[0.9992,8.0E-4,0.0],"evs":[0.0,-0.69072,-4.12162]},"77":{"weight":1.0,"played":[0.0,0.0,1.0],"evs":[0.0,1.89387,2.75543]},"87o":{"weight":1.0,"played":[1.0,0.0,0.0],"evs":[0.0,-1.96445,-6.42213]},"97o":{"weight":1.0,"played":[1.0,0.0,0.0],"evs":[0.0,-2.14865,-6.87643]},"T7o":{"weight":1.0,"played":[1.0,0.0,0.0],"evs":[0.0,-3.10507,-8.15712]},"J7o":{"weight":1.0,"played":[1.0,0.0,0.0],"evs":[0.0,-3.09005,-7.40548]},"Q7o":{"weight":1.0,"played":[1.0,0.0,0.0],"evs":[0.0,-2.99865,-6.73636]},"K7o":{"weight":1.0,"played":[1.0,0.0,0.0],"evs":[0.0,-2.30328,-4.47288]},"A7o":{"weight":1.0,"played":[0.9996,1.0E-4,2.0E-4],"evs":[0.0,-0.70093,-0.76814]},"82s":{"weight":1.0,"played":[1.0,0.0,0.0],"evs":[0.0,-2.98635,-8.1197]},"83s":{"weight":1.0,"played":[1.0,0.0,0.0],"evs":[0.0,-2.46202,-7.20625]},"84s":{"weight":1.0,"played":[1.0,0.0,0.0],"evs":[0.0,-2.1359,-6.55758]},"85s":{"weight":1.0,"played":[1.0,0.0,0.0],"evs":[0.0,-1.54951,-5.73309]},"86s":{"weight":1.0,"played":[1.0,0.0,0.0],"evs":[0.0,-0.91841,-4.8283]},"87s":{"weight":1.0,"played":[0.9993,7.0E-4,0.0],"evs":[0.0,-0.81861,-4.36568]},"88":{"weight":1.0,"played":[0.0,0.0,1.0],"evs":[0.0,2.68603,3.64874]},"98o":{"weight":1.0,"played":[1.0,0.0,0.0],"evs":[0.0,-2.13975,-6.70624]},"T8o":{"weight":1.0,"played":[1.0,0.0,0.0],"evs":[0.0,-2.63515,-7.08846]},"J8o":{"weight":1.0,"played":[1.0,0.0,0.0],"evs":[0.0,-2.56413,-6.4463]},"Q8o":{"weight":1.0,"played":[1.0,0.0,0.0],"evs":[0.0,-2.53122,-5.43083]},"K8o":{"weight":1.0,"played":[1.0,0.0,0.0],"evs":[0.0,-1.94037,-3.81718]},"A8o":{"weight":1.0,"played":[0.0679,0.0,0.9321],"evs":[0.0,-0.12198,0.50113]},"92s":{"weight":1.0,"played":[1.0,0.0,0.0],"evs":[0.0,-2.5956,-7.71514]},"93s":{"weight":1.0,"played":[1.0,0.0,0.0],"evs":[0.0,-2.26511,-6.94844]},"94s":{"weight":1.0,"played":[1.0,0.0,0.0],"evs":[0.0,-2.28091,-6.94464]},"95s":{"weight":1.0,"played":[1.0,0.0,0.0],"evs":[0.0,-1.79808,-6.23085]},"96s":{"weight":1.0,"played":[1.0,0.0,0.0],"evs":[0.0,-1.33985,-5.42172]},"97s":{"weight":1.0,"played":[0.9999,1.0E-4,0.0],"evs":[0.0,-0.99235,-4.80644]},"98s":{"weight":1.0,"played":[1.0,0.0,0.0],"evs":[0.0,-0.7497,-4.38728]},"99":{"weight":1.0,"played":[0.0,0.0,1.0],"evs":[0.0,3.66543,5.2565]},"T9o":{"weight":1.0,"played":[1.0,0.0,0.0],"evs":[0.0,-1.88247,-5.44582]},"J9o":{"weight":1.0,"played":[1.0,0.0,0.0],"evs":[0.0,-2.00966,-5.2886]},"Q9o":{"weight":1.0,"played":[1.0,0.0,0.0],"evs":[0.0,-1.95904,-4.36767]},"K9o":{"weight":1.0,"played":[1.0,0.0,0.0],"evs":[0.0,-1.57329,-2.86928]},"A9o":{"weight":1.0,"played":[0.0,0.0,1.0],"evs":[0.0,0.36879,1.04723]},"T2s":{"weight":1.0,"played":[1.0,0.0,0.0],"evs":[0.0,-3.09491,-8.14788]},"T3s":{"weight":1.0,"played":[1.0,0.0,0.0],"evs":[0.0,-2.71087,-7.40187]},"T4s":{"weight":1.0,"played":[1.0,0.0,0.0],"evs":[0.0,-2.67135,-7.32265]},"T5s":{"weight":1.0,"played":[1.0,0.0,0.0],"evs":[0.0,-2.61904,-7.27785]},"T6s":{"weight":1.0,"played":[1.0,0.0,0.0],"evs":[0.0,-2.22322,-6.50469]},"T7s":{"weight":1.0,"played":[1.0,0.0,0.0],"evs":[0.0,-1.85581,-5.94422]},"T8s":{"weight":1.0,"played":[1.0,0.0,0.0],"evs":[0.0,-1.19145,-4.65573]},"T9s":{"weight":1.0,"played":[1.0,0.0,0.0],"evs":[0.0,-0.50838,-3.29557]},"TT":{"weight":1.0,"played":[0.0,0.0,1.0],"evs":[0.0,5.10045,7.2599]},"JTo":{"weight":1.0,"played":[1.0,0.0,0.0],"evs":[0.0,-1.72614,-4.20389]},"QTo":{"weight":1.0,"played":[1.0,0.0,0.0],"evs":[0.0,-1.59079,-3.27084]},"KTo":{"weight":1.0,"played":[0.9997,0.0,3.0E-4],"evs":[0.0,-0.79672,-1.01773]},"ATo":{"weight":1.0,"played":[0.0,0.0,1.0],"evs":[0.0,1.65925,3.48604]},"J2s":{"weight":1.0,"played":[1.0,0.0,0.0],"evs":[0.0,-2.74774,-7.01055]},"J3s":{"weight":1.0,"played":[1.0,0.0,0.0],"evs":[0.0,-2.22561,-6.01249]},"J4s":{"weight":1.0,"played":[1.0,0.0,0.0],"evs":[0.0,-2.10062,-5.85947]},"J5s":{"weight":1.0,"played":[1.0,0.0,0.0],"evs":[0.0,-2.05846,-5.71149]},"J6s":{"weight":1.0,"played":[1.0,0.0,0.0],"evs":[0.0,-2.09314,-5.79274]},"J7s":{"weight":1.0,"played":[1.0,0.0,0.0],"evs":[0.0,-1.72203,-5.12458]},"J8s":{"weight":1.0,"played":[1.0,0.0,0.0],"evs":[0.0,-1.25628,-4.27854]},"J9s":{"weight":1.0,"played":[0.9998,2.0E-4,0.0],"evs":[0.0,-0.75339,-3.21315]},"JTs":{"weight":1.0,"played":[0.9847,0.0153,0.0],"evs":[0.0,-0.28433,-2.12481]},"JJ":{"weight":1.0,"played":[0.0,0.0,1.0],"evs":[0.0,7.55274,10.36278]},"QJo":{"weight":1.0,"played":[0.9996,2.0E-4,2.0E-4],"evs":[0.0,-0.64036,-1.18862]},"KJo":{"weight":1.0,"played":[0.0574,1.0E-4,0.9425],"evs":[0.0,-0.07492,0.22309]},"AJo":{"weight":1.0,"played":[0.0,0.0,1.0],"evs":[0.0,2.80912,4.88525]},"Q2s":{"weight":1.0,"played":[0.9999,1.0E-4,0.0],"evs":[0.0,-2.19812,-5.46867]},"Q3s":{"weight":1.0,"played":[1.0,0.0,0.0],"evs":[0.0,-1.87811,-4.94776]},"Q4s":{"weight":1.0,"played":[1.0,0.0,0.0],"evs":[0.0,-1.74284,-4.50847]},"Q5s":{"weight":1.0,"played":[1.0,0.0,0.0],"evs":[0.0,-1.83286,-4.70077]},"Q6s":{"weight":1.0,"played":[0.9999,1.0E-4,0.0],"evs":[0.0,-1.77753,-4.36018]},"Q7s":{"weight":1.0,"played":[1.0,0.0,0.0],"evs":[0.0,-1.74958,-4.54939]},"Q8s":{"weight":1.0,"played":[0.9999,1.0E-4,0.0],"evs":[0.0,-1.12584,-3.27087]},"Q9s":{"weight":1.0,"played":[0.989,0.011,0.0],"evs":[0.0,-0.47449,-2.12806]},"QTs":{"weight":1.0,"played":[0.748,0.2517,3.0E-4],"evs":[0.0,-0.17069,-1.18383]},"QJs":{"weight":1.0,"played":[0.0,0.2057,0.7943],"evs":[0.0,0.81632,0.87329]},"QQ":{"weight":1.0,"played":[0.0,0.0,1.0],"evs":[0.0,9.67352,12.81075]},"KQo":{"weight":1.0,"played":[0.0,0.0,1.0],"evs":[0.0,0.15667,0.45684]},"AQo":{"weight":1.0,"played":[0.0,0.0,1.0],"evs":[0.0,3.5342,5.59326]},"K2s":{"weight":1.0,"played":[1.0,0.0,0.0],"evs":[0.0,-1.62165,-3.66799]},"K3s":{"weight":1.0,"played":[1.0,0.0,0.0],"evs":[0.0,-1.2142,-2.9539]},"K4s":{"weight":1.0,"played":[1.0,0.0,0.0],"evs":[0.0,-1.03242,-2.64481]},"K5s":{"weight":1.0,"played":[1.0,0.0,0.0],"evs":[0.0,-1.10181,-2.53045]},"K6s":{"weight":1.0,"played":[0.9998,2.0E-4,0.0],"evs":[0.0,-0.93925,-2.30575]},"K7s":{"weight":1.0,"played":[0.9989,0.0011,0.0],"evs":[0.0,-0.74609,-2.08452]},"K8s":{"weight":1.0,"played":[1.0,0.0,0.0],"evs":[0.0,-0.4857,-1.46448]},"K9s":{"weight":1.0,"played":[0.4977,0.5023,0.0],"evs":[0.0,-0.01686,-0.482]},"KTs":{"weight":1.0,"played":[0.0,7.0E-4,0.9993],"evs":[0.0,0.53071,0.88579]},"KJs":{"weight":1.0,"played":[0.0,1.0E-4,0.9999],"evs":[0.0,1.29038,2.06464]},"KQs":{"weight":1.0,"played":[0.0,1.0E-4,0.9999],"evs":[0.0,1.49614,2.32111]},"KK":{"weight":1.0,"played":[0.0,0.0,1.0],"evs":[0.0,12.08848,15.44516]},"AKo":{"weight":1.0,"played":[0.0,0.0,1.0],"evs":[0.0,5.47789,7.33266]},"A2s":{"weight":1.0,"played":[0.8352,0.1567,0.0082],"evs":[0.0,-0.28653,-0.5606]},"A3s":{"weight":1.0,"played":[0.1469,0.35,0.5031],"evs":[0.0,0.19693,0.17627]},"A4s":{"weight":1.0,"played":[0.0142,0.4089,0.5769],"evs":[0.0,0.29182,0.31006]},"A5s":{"weight":1.0,"played":[0.0,0.2828,0.7172],"evs":[0.0,0.67103,0.74246]},"A6s":{"weight":1.0,"played":[5.0E-4,0.0119,0.9877],"evs":[0.0,0.41542,0.56181]},"A7s":{"weight":1.0,"played":[0.0,0.0011,0.9989],"evs":[0.0,0.81426,1.40979]},"A8s":{"weight":1.0,"played":[0.0,0.0,1.0],"evs":[0.0,1.48262,2.5281]},"A9s":{"weight":1.0,"played":[0.0,0.0,1.0],"evs":[0.0,1.91785,2.91956]},"ATs":{"weight":1.0,"played":[0.0,0.0,1.0],"evs":[0.0,3.28984,5.34265]},"AJs":{"weight":1.0,"played":[0.0,0.0,1.0],"evs":[0.0,4.42956,6.56108]},"AQs":{"weight":1.0,"played":[0.0,0.0,1.0],"evs":[0.0,5.31316,7.44978]},"AKs":{"weight":1.0,"played":[0.0,0.0,1.0],"evs":[0.0,6.98778,9.00369]},"AA":{"weight":1.0,"played":[0.0,0.0,1.0],"evs":[0.0,21.21256,25.32307]}}}