{"player":2,"street":0,"children":2,"sequence":[{"player":0,"type":"F","amount":0,"street":0},{"player":1,"type":"R","amount":955000,"street":0}],"actions":[{"type":"F","amount":0,"node":21},{"type":"C","amount":765000,"node":26}],"hands":{"22":{"weight":1.0,"played":[1.0,0.0],"evs":[0.0,-1.00068]},"32o":{"weight":1.0,"played":[1.0,0.0],"evs":[0.0,-3.906]},"42o":{"weight":1.0,"played":[1.0,0.0],"evs":[0.0,-3.71439]},"52o":{"weight":1.0,"played":[1.0,0.0],"evs":[0.0,-3.56181]},"62o":{"weight":1.0,"played":[1.0,0.0],"evs":[0.0,-3.81936]},"72o":{"weight":1.0,"played":[1.0,0.0],"evs":[0.0,-4.07411]},"82o":{"weight":1.0,"played":[1.0,0.0],"evs":[0.0,-3.86792]},"92o":{"weight":1.0,"played":[1.0,0.0],"evs":[0.0,-3.86238]},"T2o":{"weight":1.0,"played":[1.0,0.0],"evs":[0.0,-3.7015]},"J2o":{"weight":1.0,"played":[1.0,0.0],"evs":[0.0,-3.48106]},"Q2o":{"weight":1.0,"played":[1.0,0.0],"evs":[0.0,-3.17474]},"K2o":{"weight":1.0,"played":[1.0,0.0],"evs":[0.0,-2.83494]},"A2o":{"weight":1.0,"played":[1.0,0.0],"evs":[0.0,-1.5466]},"32s":{"weight":1.0,"played":[1.0,0.0],"evs":[0.0,-2.78975]},"33":{"weight":1.0,"played":[1.0,0.0],"evs":[0.0,-0.50628]},"43o":{"weight":1.0,"played":[1.0,0.0],"evs":[0.0,-3.23392]},"53o":{"weight":1.0,"played":[1.0,0.0],"evs":[0.0,-3.06146]},"63o":{"weight":1.0,"played":[1.0,0.0],"evs":[0.0,-3.32323]},"73o":{"weight":1.0,"played":[1.0,0.0],"evs":[0.0,-3.57753]},"83o":{"weight":1.0,"played":[1.0,0.0],"evs":[0.0,-3.7789]},"93o":{"weight":1.0,"played":[1.0,0.0],"evs":[0.0,-3.68792]},"T3o":{"weight":1.0,"played":[1.0,0.0],"evs":[0.0,-3.53086]},"J3o":{"weight":1.0,"played":[1.0,0.0],"evs":[0.0,-3.30795]},"Q3o":{"weight":1.0,"played":[1.0,0.0],"evs":[0.0,-3.00025]},"K3o":{"weight":1.0,"played":[1.0,0.0],"evs":[0.0,-2.65508]},"A3o":{"weight":1.0,"played":[1.0,0.0],"evs":[0.0,-1.32838]},"42s":{"weight":1.0,"played":[1.0,0.0],"evs":[0.0,-2.58089]},"43s":{"weight":1.0,"played":[1.0,0.0],"evs":[0.0,-2.15312]},"44":{"weight":1.0,"played":[0.0031,0.9969],"evs":[0.0,0.00581]},"54o":{"weight":1.0,"played":[1.0,0.0],"evs":[0.0,-2.60554]},"64o":{"weight":1.0,"played":[1.0,0.0],"evs":[0.0,-2.83128]},"74o":{"weight":1.0,"played":[1.0,0.0],"evs":[0.0,-3.08021]},"84o":{"weight":1.0,"played":[1.0,0.0],"evs":[0.0,-3.28256]},"94o":{"weight":1.0,"played":[1.0,0.0],"evs":[0.0,-3.58538]},"T4o":{"weight":1.0,"played":[1.0,0.0],"evs":[0.0,-3.35205]},"J4o":{"weight":1.0,"played":[1.0,0.0],"evs":[0.0,-3.11884]},"Q4o":{"weight":1.0,"played":[1.0,0.0],"evs":[0.0,-2.82321]},"K4o":{"weight":1.0,"played":[1.0,0.0],"evs":[0.0,-2.45656]},"A4o":{"weight":1.0,"played":[1.0,0.0],"evs":[0.0,-1.12323]},"52s":{"weight":1.0,"played":[1.0,0.0],"evs":[0.0,-2.45383]},"53s":{"weight":1.0,"played":[1.0,0.0],"evs":[0.0,-1.98983]},"54s":{"weight":1.0,"played":[1.0,0.0],"evs":[0.0,-1.55917]},"55":{"weight":1.0,"played":[0.0,1.0],"evs":[0.0,0.60098]},"65o":{"weight":1.0,"played":[1.0,0.0],"evs":[0.0,-2.41369]},"75o":{"weight":1.0,"played":[1.0,0.0],"evs":[0.0,-2.62069]},"85o":{"weight":1.0,"played":[1.0,0.0],"evs":[0.0,-2.8107]},"95o":{"weight":1.0,"played":[1.0,0.0],"evs":[0.0,-3.11839]},"T5o":{"weight":1.0,"played":[1.0,0.0],"evs":[0.0,-3.27306]},"J5o":{"weight":1.0,"played":[1.0,0.0],"evs":[0.0,-2.98047]},"Q5o":{"weight":1.0,"played":[1.0,0.0],"evs":[0.0,-2.66123]},"K5o":{"weight":1.0,"played":[1.0,0.0],"evs":[0.0,-2.28043]},"A5o":{"weight":1.0,"played":[1.0,0.0],"evs":[0.0,-0.83026]},"62s":{"weight":1.0,"played":[1.0,0.0],"evs":[0.0,-2.69855]},"63s":{"weight":1.0,"played":[1.0,0.0],"evs":[0.0,-2.22256]},"64s":{"weight":1.0,"played":[1.0,0.0],"evs":[0.0,-1.75137]},"65s":{"weight":1.0,"played":[1.0,0.0],"evs":[0.0,-1.37573]},"66":{"weight":1.0,"played":[0.0,1.0],"evs":[0.0,1.16771]},"76o":{"weight":1.0,"played":[1.0,0.0],"evs":[0.0,-2.17165]},"86o":{"weight":1.0,"played":[1.0,0.0],"evs":[0.0,-2.33447]},"96o":{"weight":1.0,"played":[1.0,0.0],"evs":[0.0,-2.6174]},"T6o":{"weight":1.0,"played":[1.0,0.0],"evs":[0.0,-2.78187]},"J6o":{"weight":1.0,"played":[1.0,0.0],"evs":[0.0,-2.8687]},"Q6o":{"weight":1.0,"played":[1.0,0.0],"evs":[0.0,-2.48239]},"K6o":{"weight":1.0,"played":[1.0,0.0],"evs":[0.0,-2.07429]},"A6o":{"weight":1.0,"played":[1.0,0.0],"evs":[0.0,-0.87107]},"72s":{"weight":1.0,"played":[1.0,0.0],"evs":[0.0,-2.92303]},"73s":{"weight":1.0,"played":[1.0,0.0],"evs":[0.0,-2.47086]},"74s":{"weight":1.0,"played":[1.0,0.0],"evs":[0.0,-1.99425]},"75s":{"weight":1.0,"played":[1.0,0.0],"evs":[0.0,-1.57736]},"76s":{"weight":1.0,"played":[1.0,0.0],"evs":[0.0,-1.15184]},"77":{"weight":1.0,"played":[0.0,1.0],"evs":[0.0,1.78459]},"87o":{"weight":1.0,"played":[1.0,0.0],"evs":[0.0,-1.96504]},"97o":{"weight":1.0,"played":[1.0,0.0],"evs":[0.0,-2.22052]},"T7o":{"weight":1.0,"played":[1.0,0.0],"evs":[0.0,-2.35915]},"J7o":{"weight":1.0,"played":[1.0,0.0],"evs":[0.0,-2.45088]},"Q7o":{"weight":1.0,"played":[1.0,0.0],"evs":[0.0,-2.4232]},"K7o":{"weight":1.0,"played":[1.0,0.0],"evs":[0.0,-1.9132]},"A7o":{"weight":1.0,"played":[1.0,0.0],"evs":[0.0,-0.41689]},"82s":{"weight":1.0,"played":[1.0,0.0],"evs":[0.0,-2.72013]},"83s":{"weight":1.0,"played":[1.0,0.0],"evs":[0.0,-2.64158]},"84s":{"weight":1.0,"played":[1.0,0.0],"evs":[0.0,-2.17858]},"85s":{"weight":1.0,"played":[1.0,0.0],"evs":[0.0,-1.75271]},"86s":{"weight":1.0,"played":[1.0,0.0],"evs":[0.0,-1.30554]},"87s":{"weight":1.0,"played":[1.0,0.0],"evs":[0.0,-0.95335]},"88":{"weight":1.0,"played":[0.0,1.0],"evs":[0.0,2.46844]},"98o":{"weight":1.0,"played":[1.0,0.0],"evs":[0.0,-1.80711]},"T8o":{"weight":1.0,"played":[1.0,0.0],"evs":[0.0,-1.89743]},"J8o":{"weight":1.0,"played":[1.0,0.0],"evs":[0.0,-1.99649]},"Q8o":{"weight":1.0,"played":[1.0,0.0],"evs":[0.0,-1.9631]},"K8o":{"weight":1.0,"played":[1.0,0.0],"evs":[0.0,-1.74996]},"A8o":{"weight":1.0,"played":[0.0,1.0],"evs":[0.0,0.06239]},"92s":{"weight":1.0,"played":[1.0,0.0],"evs":[0.0,-2.71264]},"93s":{"weight":1.0,"played":[1.0,0.0],"evs":[0.0,-2.55226]},"94s":{"weight":1.0,"played":[1.0,0.0],"evs":[0.0,-2.46588]},"95s":{"weight":1.0,"played":[1.0,0.0],"evs":[0.0,-2.02655]},"96s":{"weight":1.0,"played":[1.0,0.0],"evs":[0.0,-1.5464]},"97s":{"weight":1.0,"played":[1.0,0.0],"evs":[0.0,-1.17747]},"98s":{"weight":1.0,"played":[1.0,0.0],"evs":[0.0,-0.79959]},"99":{"weight":1.0,"played":[0.0,1.0],"evs":[0.0,3.29577]},"T9o":{"weight":1.0,"played":[1.0,0.0],"evs":[0.0,-1.50635]},"J9o":{"weight":1.0,"played":[1.0,0.0],"evs":[0.0,-1.57957]},"Q9o":{"weight":1.0,"played":[1.0,0.0],"evs":[0.0,-1.52716]},"K9o":{"weight":1.0,"played":[1.0,0.0],"evs":[0.0,-1.16025]},"A9o":{"weight":1.0,"played":[0.0,1.0],"evs":[0.0,0.64717]},"T2s":{"weight":1.0,"played":[1.0,0.0],"evs":[0.0,-2.56706]},"T3s":{"weight":1.0,"played":[1.0,0.0],"evs":[0.0,-2.3991]},"T4s":{"weight":1.0,"played":[1.0,0.0],"evs":[0.0,-2.23612]},"T5s":{"weight":1.0,"played":[1.0,0.0],"evs":[0.0,-2.16205]},"T6s":{"weight":1.0,"played":[1.0,0.0],"evs":[0.0,-1.70051]},"T7s":{"weight":1.0,"played":[1.0,0.0],"evs":[0.0,-1.30006]},"T8s":{"weight":1.0,"played":[1.0,0.0],"evs":[0.0,-0.87156]},"T9s":{"weight":1.0,"played":[1.0,0.0],"evs":[0.0,-0.51116]},"TT":{"weight":1.0,"played":[0.0,1.0],"evs":[0.0,4.52396]},"JTo":{"weight":1.0,"played":[1.0,0.0],"evs":[0.0,-0.87395]},"QTo":{"weight":1.0,"played":[1.0,0.0],"evs":[0.0,-0.73552]},"KTo":{"weight":1.0,"played":[1.0,0.0],"evs":[0.0,-0.1927]},"ATo":{"weight":1.0,"played":[0.0,1.0],"evs":[0.0,1.81997]},"J2s":{"weight":1.0,"played":[1.0,0.0],"evs":[0.0,-2.34061]},"J3s":{"weight":1.0,"played":[1.0,0.0],"evs":[0.0,-2.17482]},"J4s":{"weight":1.0,"played":[1.0,0.0],"evs":[0.0,-2.01529]},"J5s":{"weight":1.0,"played":[1.0,0.0],"evs":[0.0,-1.87405]},"J6s":{"weight":1.0,"played":[1.0,0.0],"evs":[0.0,-1.78696]},"J7s":{"weight":1.0,"played":[1.0,0.0],"evs":[0.0,-1.39417]},"J8s":{"weight":1.0,"played":[1.0,0.0],"evs":[0.0,-0.95779]},"J9s":{"weight":1.0,"played":[1.0,0.0],"evs":[0.0,-0.57343]},"JTs":{"weight":1.0,"played":[0.0,1.0],"evs":[0.0,0.08334]},"JJ":{"weight":1.0,"played":[0.0,1.0],"evs":[0.0,5.72101]},"QJo":{"weight":1.0,"played":[1.0,0.0],"evs":[0.0,-0.30659]},"KJo":{"weight":1.0,"played":[0.0,1.0],"evs":[0.0,0.29317]},"AJo":{"weight":1.0,"played":[0.0,1.0],"evs":[0.0,2.47152]},"Q2s":{"weight":1.0,"played":[1.0,0.0],"evs":[0.0,-2.03299]},"Q3s":{"weight":1.0,"played":[1.0,0.0],"evs":[0.0,-1.86806]},"Q4s":{"weight":1.0,"played":[1.0,0.0],"evs":[0.0,-1.70043]},"Q5s":{"weight":1.0,"played":[1.0,0.0],"evs":[0.0,-1.56615]},"Q6s":{"weight":1.0,"played":[1.0,0.0],"evs":[0.0,-1.39458]},"Q7s":{"weight":1.0,"played":[1.0,0.0],"evs":[0.0,-1.34747]},"Q8s":{"weight":1.0,"played":[1.0,0.0],"evs":[0.0,-0.90536]},"Q9s":{"weight":1.0,"played":[1.0,0.0],"evs":[0.0,-0.51]},"QTs":{"weight":1.0,"played":[0.0,1.0],"evs":[0.0,0.23624]},"QJs":{"weight":1.0,"played":[0.0,1.0],"evs":[0.0,0.63423]},"QQ":{"weight":1.0,"played":[0.0,1.0],"evs":[0.0,6.98459]},"KQo":{"weight":1.0,"played":[0.0,1.0],"evs":[0.0,0.8356]},"AQo":{"weight":1.0,"played":[0.0,1.0],"evs":[0.0,3.19005]},"K2s":{"weight":1.0,"played":[1.0,0.0],"evs":[0.0,-1.67087]},"K3s":{"weight":1.0,"played":[1.0,0.0],"evs":[0.0,-1.50797]},"K4s":{"weight":1.0,"played":[1.0,0.0],"evs":[0.0,-1.31832]},"K5s":{"weight":1.0,"played":[1.0,0.0],"evs":[0.0,-1.16406]},"K6s":{"weight":1.0,"played":[1.0,0.0],"evs":[0.0,-0.9802]},"K7s":{"weight":1.0,"played":[1.0,0.0],"evs":[0.0,-0.82538]},"K8s":{"weight":1.0,"played":[1.0,0.0],"evs":[0.0,-0.68986]},"K9s":{"weight":1.0,"played":[1.0,0.0],"evs":[0.0,-0.12555]},"KTs":{"weight":1.0,"played":[0.0,1.0],"evs":[0.0,0.7716]},"KJs":{"weight":1.0,"played":[0.0,1.0],"evs":[0.0,1.21289]},"KQs":{"weight":1.0,"played":[0.0,1.0],"evs":[0.0,1.73685]},"KK":{"weight":1.0,"played":[0.0,1.0],"evs":[0.0,8.57489]},"AKo":{"weight":1.0,"played":[0.0,1.0],"evs":[0.0,4.09316]},"A2s":{"weight":1.0,"played":[1.0,0.0],"evs":[0.0,-0.42454]},"A3s":{"weight":1.0,"played":[1.0,0.0],"evs":[0.0,-0.2456]},"A4s":{"weight":1.0,"played":[0.9998,2.0E-4],"evs":[0.0,-0.05183]},"A5s":{"weight":1.0,"played":[0.0,1.0],"evs":[0.0,0.22589]},"A6s":{"weight":1.0,"played":[0.0,1.0],"evs":[0.0,0.18182]},"A7s":{"weight":1.0,"played":[0.0,1.0],"evs":[0.0,0.61712]},"A8s":{"weight":1.0,"played":[0.0,1.0],"evs":[0.0,1.05968]},"A9s":{"weight":1.0,"played":[0.0,1.0],"evs":[0.0,1.61053]},"ATs":{"weight":1.0,"played":[0.0,1.0],"evs":[0.0,2.69014]},"AJs":{"weight":1.0,"played":[0.0,1.0],"evs":[0.0,3.31491]},"AQs":{"weight":1.0,"played":[0.0,1.0],"evs":[0.0,3.97575]},"AKs":{"weight":1.0,"played":[0.0,1.0],"evs":[0.0,4.79353]},"AA":{"weight":1.0,"played":[0.0,1.0],"evs":[0.0,11.67858]}}}