{"player":4,"street":0,"children":2,"sequence":[{"player":0,"type":"F","amount":0,"street":0},{"player":1,"type":"R","amount":955000,"street":0},{"player":2,"type":"C","amount":765000,"street":0},{"player":3,"type":"F","amount":0,"street":0}],"actions":[{"type":"F","amount":0},{"type":"C","amount":855000}],"hands":{"22":{"weight":1.0,"played":[0.0,1.0],"evs":[0.0,2.48812]},"32o":{"weight":1.0,"played":[1.0,0.0],"evs":[0.0,-1.78711]},"42o":{"weight":1.0,"played":[1.0,0.0],"evs":[0.0,-1.49958]},"52o":{"weight":1.0,"played":[1.0,0.0],"evs":[0.0,-1.28383]},"62o":{"weight":1.0,"played":[1.0,0.0],"evs":[0.0,-1.64908]},"72o":{"weight":1.0,"played":[1.0,0.0],"evs":[0.0,-1.982]},"82o":{"weight":1.0,"played":[1.0,0.0],"evs":[0.0,-1.84257]},"92o":{"weight":1.0,"played":[1.0,0.0],"evs":[0.0,-1.81385]},"T2o":{"weight":1.0,"played":[1.0,0.0],"evs":[0.0,-1.66643]},"J2o":{"weight":1.0,"played":[1.0,0.0],"evs":[0.0,-1.54672]},"Q2o":{"weight":1.0,"played":[1.0,0.0],"evs":[0.0,-1.07061]},"K2o":{"weight":1.0,"played":[1.0,0.0],"evs":[0.0,-0.78445]},"A2o":{"weight":1.0,"played":[0.0546,0.9454],"evs":[0.0,0.0167]},"32s":{"weight":1.0,"played":[1.0,0.0],"evs":[0.0,-0.17678]},"33":{"weight":1.0,"played":[0.0,1.0],"evs":[0.0,3.03943]},"43o":{"weight":1.0,"played":[1.0,0.0],"evs":[0.0,-0.8261]},"53o":{"weight":1.0,"played":[1.0,0.0],"evs":[0.0,-0.54693]},"63o":{"weight":1.0,"played":[1.0,0.0],"evs":[0.0,-0.93639]},"73o":{"weight":1.0,"played":[1.0,0.0],"evs":[0.0,-1.26367]},"83o":{"weight":1.0,"played":[1.0,0.0],"evs":[0.0,-1.70917]},"93o":{"weight":1.0,"played":[1.0,0.0],"evs":[0.0,-1.5637]},"T3o":{"weight":1.0,"played":[1.0,0.0],"evs":[0.0,-1.43381]},"J3o":{"weight":1.0,"played":[1.0,0.0],"evs":[0.0,-1.29111]},"Q3o":{"weight":1.0,"played":[1.0,0.0],"evs":[0.0,-0.79895]},"K3o":{"weight":1.0,"played":[1.0,0.0],"evs":[0.0,-0.52208]},"A3o":{"weight":1.0,"played":[0.0,1.0],"evs":[0.0,0.28236]},"42s":{"weight":1.0,"played":[0.004,0.996],"evs":[0.0,0.10741]},"43s":{"weight":1.0,"played":[0.0,1.0],"evs":[0.0,0.74299]},"44":{"weight":1.0,"played":[0.0,1.0],"evs":[0.0,3.75187]},"54o":{"weight":1.0,"played":[0.0,1.0],"evs":[0.0,0.16154]},"64o":{"weight":1.0,"played":[0.9995,5.0E-4],"evs":[0.0,-0.1859]},"74o":{"weight":1.0,"played":[1.0,0.0],"evs":[0.0,-0.55679]},"84o":{"weight":1.0,"played":[1.0,0.0],"evs":[0.0,-1.01608]},"94o":{"weight":1.0,"played":[1.0,0.0],"evs":[0.0,-1.43957]},"T4o":{"weight":1.0,"played":[1.0,0.0],"evs":[0.0,-1.20025]},"J4o":{"weight":1.0,"played":[1.0,0.0],"evs":[0.0,-1.04696]},"Q4o":{"weight":1.0,"played":[1.0,0.0],"evs":[0.0,-0.57931]},"K4o":{"weight":1.0,"played":[1.0,0.0],"evs":[0.0,-0.2858]},"A4o":{"weight":1.0,"played":[0.0,1.0],"evs":[0.0,0.57258]},"52s":{"weight":1.0,"played":[0.0,1.0],"evs":[0.0,0.33206]},"53s":{"weight":1.0,"played":[0.0,1.0],"evs":[0.0,0.97293]},"54s":{"weight":1.0,"played":[0.0,1.0],"evs":[0.0,1.64666]},"55":{"weight":1.0,"played":[0.0,1.0],"evs":[0.0,4.5786]},"65o":{"weight":1.0,"played":[0.0,1.0],"evs":[0.0,0.47327]},"75o":{"weight":1.0,"played":[0.0,1.0],"evs":[0.0,0.13277]},"85o":{"weight":1.0,"played":[1.0,0.0],"evs":[0.0,-0.32292]},"95o":{"weight":1.0,"played":[1.0,0.0],"evs":[0.0,-0.73534]},"T5o":{"weight":1.0,"played":[1.0,0.0],"evs":[0.0,-1.06619]},"J5o":{"weight":1.0,"played":[1.0,0.0],"evs":[0.0,-0.82801]},"Q5o":{"weight":1.0,"played":[1.0,0.0],"evs":[0.0,-0.38121]},"K5o":{"weight":1.0,"played":[0.3171,0.6829],"evs":[0.0,0.00961]},"A5o":{"weight":1.0,"played":[0.0,1.0],"evs":[0.0,0.95821]},"62s":{"weight":1.0,"played":[0.6925,0.3075],"evs":[0.0,-0.03684]},"63s":{"weight":1.0,"played":[0.0,1.0],"evs":[0.0,0.65733]},"64s":{"weight":1.0,"played":[0.0,1.0],"evs":[0.0,1.34126]},"65s":{"weight":1.0,"played":[0.0,1.0],"evs":[0.0,1.95539]},"66":{"weight":1.0,"played":[0.0,1.0],"evs":[0.0,5.27848]},"76o":{"weight":1.0,"played":[0.0,1.0],"evs":[0.0,0.77417]},"86o":{"weight":1.0,"played":[0.0,1.0],"evs":[0.0,0.37329]},"96o":{"weight":1.0,"played":[0.9518,0.0482],"evs":[0.0,-0.02996]},"T6o":{"weight":1.0,"played":[1.0,0.0],"evs":[0.0,-0.39186]},"J6o":{"weight":1.0,"played":[1.0,0.0],"evs":[0.0,-0.68372]},"Q6o":{"weight":1.0,"played":[1.0,0.0],"evs":[0.0,-0.13386]},"K6o":{"weight":1.0,"played":[0.0,1.0],"evs":[0.0,0.22057]},"A6o":{"weight":1.0,"played":[0.0,1.0],"evs":[0.0,0.81373]},"72s":{"weight":1.0,"played":[0.9998,2.0E-4],"evs":[0.0,-0.32924]},"73s":{"weight":1.0,"played":[0.0,1.0],"evs":[0.0,0.31975]},"74s":{"weight":1.0,"played":[0.0,1.0],"evs":[0.0,0.97277]},"75s":{"weight":1.0,"played":[0.0,1.0],"evs":[0.0,1.63756]},"76s":{"weight":1.0,"played":[0.0,1.0],"evs":[0.0,2.21011]},"77":{"weight":1.0,"played":[0.0,1.0],"evs":[0.0,6.08214]},"87o":{"weight":1.0,"played":[0.0,1.0],"evs":[0.0,0.8896]},"97o":{"weight":1.0,"played":[0.0,1.0],"evs":[0.0,0.54491]},"T7o":{"weight":1.0,"played":[0.0,1.0],"evs":[0.0,0.25885]},"J7o":{"weight":1.0,"played":[0.9998,2.0E-4],"evs":[0.0,-0.06575]},"Q7o":{"weight":1.0,"played":[0.9992,8.0E-4],"evs":[0.0,-0.06845]},"K7o":{"weight":1.0,"played":[0.0,1.0],"evs":[0.0,0.43459]},"A7o":{"weight":1.0,"played":[0.0,1.0],"evs":[0.0,1.39104]},"82s":{"weight":1.0,"played":[0.9993,7.0E-4],"evs":[0.0,-0.22706]},"83s":{"weight":1.0,"played":[0.9844,0.0156],"evs":[0.0,-0.14071]},"84s":{"weight":1.0,"played":[0.0,1.0],"evs":[0.0,0.53784]},"85s":{"weight":1.0,"played":[0.0,1.0],"evs":[0.0,1.27043]},"86s":{"weight":1.0,"played":[0.0,1.0],"evs":[0.0,1.82706]},"87s":{"weight":1.0,"played":[0.0,1.0],"evs":[0.0,2.34987]},"88":{"weight":1.0,"played":[0.0,1.0],"evs":[0.0,6.9104]},"98o":{"weight":1.0,"played":[0.0,1.0],"evs":[0.0,0.94267]},"T8o":{"weight":1.0,"played":[0.0,1.0],"evs":[0.0,0.75306]},"J8o":{"weight":1.0,"played":[0.0,1.0],"evs":[0.0,0.4211]},"Q8o":{"weight":1.0,"played":[0.0,1.0],"evs":[0.0,0.37256]},"K8o":{"weight":1.0,"played":[0.0,1.0],"evs":[0.0,0.42403]},"A8o":{"weight":1.0,"played":[0.0,1.0],"evs":[0.0,1.99095]},"92s":{"weight":1.0,"played":[0.9991,9.0E-4],"evs":[0.0,-0.16669]},"93s":{"weight":1.0,"played":[0.0273,0.9727],"evs":[0.0,0.08664]},"94s":{"weight":1.0,"played":[0.01,0.99],"evs":[0.0,0.18055]},"95s":{"weight":1.0,"played":[0.0,1.0],"evs":[0.0,0.82817]},"96s":{"weight":1.0,"played":[0.0,1.0],"evs":[0.0,1.45372]},"97s":{"weight":1.0,"played":[0.0,1.0],"evs":[0.0,2.02892]},"98s":{"weight":1.0,"played":[0.0,1.0],"evs":[0.0,2.39355]},"99":{"weight":1.0,"played":[0.0,1.0],"evs":[0.0,8.09507]},"T9o":{"weight":1.0,"played":[0.0,1.0],"evs":[0.0,1.23293]},"J9o":{"weight":1.0,"played":[0.0,1.0],"evs":[0.0,0.96221]},"Q9o":{"weight":1.0,"played":[0.0,1.0],"evs":[0.0,0.99373]},"K9o":{"weight":1.0,"played":[0.0,1.0],"evs":[0.0,1.1358]},"A9o":{"weight":1.0,"played":[0.0,1.0],"evs":[0.0,2.88819]},"T2s":{"weight":1.0,"played":[0.9417,0.0583],"evs":[0.0,-0.03983]},"T3s":{"weight":1.0,"played":[1.0E-4,0.9999],"evs":[0.0,0.19802]},"T4s":{"weight":1.0,"played":[1.0E-4,0.9999],"evs":[0.0,0.41522]},"T5s":{"weight":1.0,"played":[0.0,1.0],"evs":[0.0,0.57612]},"T6s":{"weight":1.0,"played":[0.0,1.0],"evs":[0.0,1.22558]},"T7s":{"weight":1.0,"played":[0.0,1.0],"evs":[0.0,1.76773]},"T8s":{"weight":1.0,"played":[0.0,1.0],"evs":[0.0,2.16778]},"T9s":{"weight":1.0,"played":[0.0,1.0],"evs":[0.0,2.72136]},"TT":{"weight":1.0,"played":[0.0,1.0],"evs":[0.0,9.82601]},"JTo":{"weight":1.0,"played":[0.0,1.0],"evs":[0.0,1.82665]},"QTo":{"weight":1.0,"played":[0.0,1.0],"evs":[0.0,1.95428]},"KTo":{"weight":1.0,"played":[0.0,1.0],"evs":[0.0,2.33269]},"ATo":{"weight":1.0,"played":[0.0,1.0],"evs":[0.0,4.7342]},"J2s":{"weight":1.0,"played":[0.0029,0.9971],"evs":[0.0,0.05677]},"J3s":{"weight":1.0,"played":[0.0,1.0],"evs":[0.0,0.31934]},"J4s":{"weight":1.0,"played":[0.0,1.0],"evs":[0.0,0.54896]},"J5s":{"weight":1.0,"played":[0.0,1.0],"evs":[0.0,0.77037]},"J6s":{"weight":1.0,"played":[0.0,1.0],"evs":[0.0,0.93306]},"J7s":{"weight":1.0,"played":[0.0,1.0],"evs":[0.0,1.47997]},"J8s":{"weight":1.0,"played":[0.0,1.0],"evs":[0.0,1.88827]},"J9s":{"weight":1.0,"played":[0.0,1.0],"evs":[0.0,2.47769]},"JTs":{"weight":1.0,"played":[0.0,1.0],"evs":[0.0,3.16253]},"JJ":{"weight":1.0,"played":[0.0,1.0],"evs":[0.0,11.63518]},"QJo":{"weight":1.0,"played":[0.0,1.0],"evs":[0.0,2.37953]},"KJo":{"weight":1.0,"played":[0.0,1.0],"evs":[0.0,2.92799]},"AJo":{"weight":1.0,"played":[0.0,1.0],"evs":[0.0,5.9424]},"Q2s":{"weight":1.0,"played":[0.0,1.0],"evs":[0.0,0.57693]},"Q3s":{"weight":1.0,"played":[0.0,1.0],"evs":[0.0,0.8193]},"Q4s":{"weight":1.0,"played":[0.0,1.0],"evs":[0.0,0.9725]},"Q5s":{"weight":1.0,"played":[0.0,1.0],"evs":[0.0,1.21971]},"Q6s":{"weight":1.0,"played":[0.0,1.0],"evs":[0.0,1.46646]},"Q7s":{"weight":1.0,"played":[0.0,1.0],"evs":[0.0,1.54087]},"Q8s":{"weight":1.0,"played":[0.0,1.0],"evs":[0.0,1.93689]},"Q9s":{"weight":1.0,"played":[0.0,1.0],"evs":[0.0,2.48507]},"QTs":{"weight":1.0,"played":[0.0,1.0],"evs":[0.0,3.34014]},"QJs":{"weight":1.0,"played":[0.0,1.0],"evs":[0.0,3.70968]},"QQ":{"weight":1.0,"played":[0.0,1.0],"evs":[0.0,13.79713]},"KQo":{"weight":1.0,"played":[0.0,1.0],"evs":[0.0,3.88684]},"AQo":{"weight":1.0,"played":[0.0,1.0],"evs":[0.0,7.39485]},"K2s":{"weight":1.0,"played":[0.0,1.0],"evs":[0.0,0.8716]},"K3s":{"weight":1.0,"played":[0.0,1.0],"evs":[0.0,1.14521]},"K4s":{"weight":1.0,"played":[0.0,1.0],"evs":[0.0,1.32041]},"K5s":{"weight":1.0,"played":[0.0,1.0],"evs":[0.0,1.62106]},"K6s":{"weight":1.0,"played":[0.0,1.0],"evs":[0.0,1.81696]},"K7s":{"weight":1.0,"played":[0.0,1.0],"evs":[0.0,1.94877]},"K8s":{"weight":1.0,"played":[0.0,1.0],"evs":[0.0,1.9959]},"K9s":{"weight":1.0,"played":[0.0,1.0],"evs":[0.0,2.61608]},"KTs":{"weight":1.0,"played":[0.0,1.0],"evs":[0.0,3.73476]},"KJs":{"weight":1.0,"played":[0.0,1.0],"evs":[0.0,4.35117]},"KQs":{"weight":1.0,"played":[0.0,1.0],"evs":[0.0,5.21421]},"KK":{"weight":1.0,"played":[0.0,1.0],"evs":[0.0,16.47116]},"AKo":{"weight":1.0,"played":[0.0,1.0],"evs":[0.0,8.96918]},"A2s":{"weight":1.0,"played":[0.0,1.0],"evs":[0.0,1.77924]},"A3s":{"weight":1.0,"played":[0.0,1.0],"evs":[0.0,1.94115]},"A4s":{"weight":1.0,"played":[0.0,1.0],"evs":[0.0,2.22569]},"A5s":{"weight":1.0,"played":[0.0,1.0],"evs":[0.0,2.58518]},"A6s":{"weight":1.0,"played":[0.0,1.0],"evs":[0.0,2.43494]},"A7s":{"weight":1.0,"played":[0.0,1.0],"evs":[0.0,2.96777]},"A8s":{"weight":1.0,"played":[0.0,1.0],"evs":[0.0,3.5361]},"A9s":{"weight":1.0,"played":[0.0,1.0],"evs":[0.0,4.41678]},"ATs":{"weight":1.0,"played":[0.0,1.0],"evs":[0.0,6.06336]},"AJs":{"weight":1.0,"played":[0.0,1.0],"evs":[0.0,7.24935]},"AQs":{"weight":1.0,"played":[0.0,1.0],"evs":[0.0,8.64465]},"AKs":{"weight":1.0,"played":[0.0,1.0],"evs":[0.0,10.06444]},"AA":{"weight":1.0,"played":[0.0,1.0],"evs":[0.0,21.51103]}}}