{"player":3,"street":0,"children":3,"sequence":[{"player":0,"type":"R","amount":975000,"street":0},{"player":1,"type":"C","amount":955000,"street":0},{"player":2,"type":"F","amount":0,"street":0}],"actions":[{"type":"F","amount":0,"node":45},{"type":"C","amount":925000,"node":46},{"type":"R","amount":2115000,"node":48}],"hands":{"22":{"weight":1.0,"played":[0.0,0.0,1.0],"evs":[0.0,0.96819,0.97239]},"32o":{"weight":1.0,"played":[1.0,0.0,0.0],"evs":[0.0,-3.40326,-3.41522]},"42o":{"weight":1.0,"played":[1.0,0.0,0.0],"evs":[0.0,-3.10394,-3.11331]},"52o":{"weight":1.0,"played":[1.0,0.0,0.0],"evs":[0.0,-2.78972,-2.80133]},"62o":{"weight":1.0,"played":[1.0,0.0,0.0],"evs":[0.0,-3.1761,-3.18722]},"72o":{"weight":1.0,"played":[1.0,0.0,0.0],"evs":[0.0,-3.73479,-3.75136]},"82o":{"weight":1.0,"played":[1.0,0.0,0.0],"evs":[0.0,-3.4357,-3.44965]},"92o":{"weight":1.0,"played":[1.0,0.0,0.0],"evs":[0.0,-3.57274,-3.57936]},"T2o":{"weight":1.0,"played":[1.0,0.0,0.0],"evs":[0.0,-3.46487,-3.47337]},"J2o":{"weight":1.0,"played":[1.0,0.0,0.0],"evs":[0.0,-3.13903,-3.14436]},"Q2o":{"weight":1.0,"played":[1.0,0.0,0.0],"evs":[0.0,-2.91324,-2.91958]},"K2o":{"weight":1.0,"played":[1.0,0.0,0.0],"evs":[0.0,-2.4335,-2.43753]},"A2o":{"weight":1.0,"played":[1.0,0.0,0.0],"evs":[0.0,-2.25431,-2.24441]},"32s":{"weight":1.0,"played":[1.0,0.0,0.0],"evs":[0.0,-1.48992,-1.49731]},"33":{"weight":1.0,"played":[0.0,0.0214,0.9786],"evs":[0.0,1.43676,1.45362]},"43o":{"weight":1.0,"played":[1.0,0.0,0.0],"evs":[0.0,-2.3739,-2.37735]},"53o":{"weight":1.0,"played":[1.0,0.0,0.0],"evs":[0.0,-2.02992,-2.03429]},"63o":{"weight":1.0,"played":[1.0,0.0,0.0],"evs":[0.0,-2.42777,-2.429]},"73o":{"weight":1.0,"played":[1.0,0.0,0.0],"evs":[0.0,-3.0123,-3.0185]},"83o":{"weight":1.0,"played":[1.0,0.0,0.0],"evs":[0.0,-3.44175,-3.45432]},"93o":{"weight":1.0,"played":[1.0,0.0,0.0],"evs":[0.0,-3.39358,-3.39314]},"T3o":{"weight":1.0,"played":[1.0,0.0,0.0],"evs":[0.0,-3.3057,-3.30916]},"J3o":{"weight":1.0,"played":[1.0,0.0,0.0],"evs":[0.0,-2.97715,-2.97424]},"Q3o":{"weight":1.0,"played":[1.0,0.0,0.0],"evs":[0.0,-2.75518,-2.75817]},"K3o":{"weight":1.0,"played":[1.0,0.0,0.0],"evs":[0.0,-2.28706,-2.28639]},"A3o":{"weight":1.0,"played":[1.0,0.0,0.0],"evs":[0.0,-1.97626,-1.96523]},"42s":{"weight":1.0,"played":[1.0,0.0,0.0],"evs":[0.0,-1.19707,-1.19472]},"43s":{"weight":1.0,"played":[1.0,0.0,0.0],"evs":[0.0,-0.52605,-0.52672]},"44":{"weight":1.0,"played":[0.0,0.0,1.0],"evs":[0.0,2.02896,2.06557]},"54o":{"weight":1.0,"played":[1.0,0.0,0.0],"evs":[0.0,-1.22923,-1.22236]},"64o":{"weight":1.0,"played":[1.0,0.0,0.0],"evs":[0.0,-1.59406,-1.58945]},"74o":{"weight":1.0,"played":[1.0,0.0,0.0],"evs":[0.0,-2.16973,-2.16831]},"84o":{"weight":1.0,"played":[1.0,0.0,0.0],"evs":[0.0,-2.61075,-2.61119]},"94o":{"weight":1.0,"played":[1.0,0.0,0.0],"evs":[0.0,-3.25085,-3.24275]},"T4o":{"weight":1.0,"played":[1.0,0.0,0.0],"evs":[0.0,-3.0371,-3.02928]},"J4o":{"weight":1.0,"played":[1.0,0.0,0.0],"evs":[0.0,-2.71308,-2.70311]},"Q4o":{"weight":1.0,"played":[1.0,0.0,0.0],"evs":[0.0,-2.49144,-2.48232]},"K4o":{"weight":1.0,"played":[1.0,0.0,0.0],"evs":[0.0,-2.04532,-2.03549]},"A4o":{"weight":1.0,"played":[1.0,0.0,0.0],"evs":[0.0,-1.7233,-1.71069]},"52s":{"weight":1.0,"played":[1.0,0.0,0.0],"evs":[0.0,-0.88586,-0.88565]},"53s":{"weight":1.0,"played":[0.9999,1.0E-4,0.0],"evs":[0.0,-0.18894,-0.18513]},"54s":{"weight":1.0,"played":[0.0,0.0062,0.9938],"evs":[0.0,0.56712,0.57465]},"55":{"weight":1.0,"played":[0.0,1.0E-4,0.9999],"evs":[0.0,2.89424,2.91932]},"65o":{"weight":1.0,"played":[1.0,0.0,0.0],"evs":[0.0,-0.77975,-0.77267]},"75o":{"weight":1.0,"played":[1.0,0.0,0.0],"evs":[0.0,-1.35354,-1.34939]},"85o":{"weight":1.0,"played":[1.0,0.0,0.0],"evs":[0.0,-1.73131,-1.73416]},"95o":{"weight":1.0,"played":[1.0,0.0,0.0],"evs":[0.0,-2.45374,-2.45116]},"T5o":{"weight":1.0,"played":[1.0,0.0,0.0],"evs":[0.0,-2.89336,-2.89429]},"J5o":{"weight":1.0,"played":[1.0,0.0,0.0],"evs":[0.0,-2.47656,-2.46567]},"Q5o":{"weight":1.0,"played":[1.0,0.0,0.0],"evs":[0.0,-2.22162,-2.21366]},"K5o":{"weight":1.0,"played":[1.0,0.0,0.0],"evs":[0.0,-1.69976,-1.69833]},"A5o":{"weight":1.0,"played":[1.0,0.0,0.0],"evs":[0.0,-1.39706,-1.38201]},"62s":{"weight":1.0,"played":[1.0,0.0,0.0],"evs":[0.0,-1.23574,-1.24975]},"63s":{"weight":1.0,"played":[1.0,0.0,0.0],"evs":[0.0,-0.55709,-0.56138]},"64s":{"weight":1.0,"played":[4.0E-4,0.2696,0.73],"evs":[0.0,0.21757,0.22578]},"65s":{"weight":1.0,"played":[0.0,0.1086,0.8914],"evs":[0.0,1.00256,1.00459]},"66":{"weight":1.0,"played":[0.0,0.0,1.0],"evs":[0.0,3.88616,3.91766]},"76o":{"weight":1.0,"played":[1.0,0.0,0.0],"evs":[0.0,-0.64116,-0.63843]},"86o":{"weight":1.0,"played":[1.0,0.0,0.0],"evs":[0.0,-0.97107,-0.97442]},"96o":{"weight":1.0,"played":[1.0,0.0,0.0],"evs":[0.0,-1.62099,-1.61121]},"T6o":{"weight":1.0,"played":[1.0,0.0,0.0],"evs":[0.0,-2.07239,-2.06724]},"J6o":{"weight":1.0,"played":[1.0,0.0,0.0],"evs":[0.0,-2.28302,-2.27478]},"Q6o":{"weight":1.0,"played":[1.0,0.0,0.0],"evs":[0.0,-1.93295,-1.92925]},"K6o":{"weight":1.0,"played":[1.0,0.0,0.0],"evs":[0.0,-1.43686,-1.43441]},"A6o":{"weight":1.0,"played":[1.0,0.0,0.0],"evs":[0.0,-1.71596,-1.69981]},"72s":{"weight":1.0,"played":[1.0,0.0,0.0],"evs":[0.0,-1.78746,-1.79541]},"73s":{"weight":1.0,"played":[1.0,0.0,0.0],"evs":[0.0,-1.09737,-1.10228]},"74s":{"weight":1.0,"played":[1.0,0.0,0.0],"evs":[0.0,-0.32492,-0.31609]},"75s":{"weight":1.0,"played":[0.0,0.2451,0.7549],"evs":[0.0,0.44903,0.45509]},"76s":{"weight":1.0,"played":[0.0,0.2144,0.7856],"evs":[0.0,1.14682,1.14718]},"77":{"weight":1.0,"played":[0.0,0.0012,0.9988],"evs":[0.0,4.7679,4.79811]},"87o":{"weight":1.0,"played":[1.0,0.0,0.0],"evs":[0.0,-0.44479,-0.44521]},"97o":{"weight":1.0,"played":[1.0,0.0,0.0],"evs":[0.0,-0.97881,-0.97367]},"T7o":{"weight":1.0,"played":[1.0,0.0,0.0],"evs":[0.0,-1.46286,-1.46327]},"J7o":{"weight":1.0,"played":[1.0,0.0,0.0],"evs":[0.0,-1.66867,-1.66271]},"Q7o":{"weight":1.0,"played":[1.0,0.0,0.0],"evs":[0.0,-1.93927,-1.93439]},"K7o":{"weight":1.0,"played":[1.0,0.0,0.0],"evs":[0.0,-1.2734,-1.27594]},"A7o":{"weight":1.0,"played":[1.0,0.0,0.0],"evs":[0.0,-1.20257,-1.19346]},"82s":{"weight":1.0,"played":[1.0,0.0,0.0],"evs":[0.0,-1.47728,-1.48682]},"83s":{"weight":1.0,"played":[1.0,0.0,0.0],"evs":[0.0,-1.49386,-1.50618]},"84s":{"weight":1.0,"played":[1.0,0.0,0.0],"evs":[0.0,-0.71554,-0.71033]},"85s":{"weight":1.0,"played":[0.0019,0.2525,0.7455],"evs":[0.0,0.09925,0.09911]},"86s":{"weight":1.0,"played":[0.0,0.4869,0.5131],"evs":[0.0,0.84677,0.84973]},"87s":{"weight":1.0,"played":[0.0,0.5192,0.4808],"evs":[0.0,1.27268,1.2713]},"88":{"weight":1.0,"played":[0.0,0.0047,0.9953],"evs":[0.0,5.8883,5.91391]},"98o":{"weight":1.0,"played":[1.0,0.0,0.0],"evs":[0.0,-0.4191,-0.41863]},"T8o":{"weight":1.0,"played":[1.0,0.0,0.0],"evs":[0.0,-0.69187,-0.69198]},"J8o":{"weight":1.0,"played":[1.0,0.0,0.0],"evs":[0.0,-0.9289,-0.9278]},"Q8o":{"weight":1.0,"played":[1.0,0.0,0.0],"evs":[0.0,-1.2131,-1.21512]},"K8o":{"weight":1.0,"played":[1.0,0.0,0.0],"evs":[0.0,-1.08117,-1.07321]},"A8o":{"weight":1.0,"played":[1.0,0.0,0.0],"evs":[0.0,-0.62751,-0.60789]},"92s":{"weight":1.0,"played":[1.0,0.0,0.0],"evs":[0.0,-1.57468,-1.57892]},"93s":{"weight":1.0,"played":[1.0,0.0,0.0],"evs":[0.0,-1.43048,-1.42795]},"94s":{"weight":1.0,"played":[1.0,0.0,0.0],"evs":[0.0,-1.3735,-1.36747]},"95s":{"weight":1.0,"played":[1.0,0.0,0.0],"evs":[0.0,-0.53794,-0.52884]},"96s":{"weight":1.0,"played":[0.0,0.0752,0.9248],"evs":[0.0,0.21844,0.22723]},"97s":{"weight":1.0,"played":[0.0,0.1321,0.8679],"evs":[0.0,0.83227,0.83989]},"98s":{"weight":1.0,"played":[0.0,0.0181,0.9819],"evs":[0.0,1.34029,1.34549]},"99":{"weight":1.0,"played":[0.0,0.003,0.997],"evs":[0.0,7.14651,7.17184]},"T9o":{"weight":1.0,"played":[1.0,0.0,0.0],"evs":[0.0,-0.19733,-0.18692]},"J9o":{"weight":1.0,"played":[1.0,0.0,0.0],"evs":[0.0,-0.44909,-0.44187]},"Q9o":{"weight":1.0,"played":[1.0,0.0,0.0],"evs":[0.0,-0.67207,-0.67146]},"K9o":{"weight":1.0,"played":[1.0,0.0,0.0],"evs":[0.0,-0.57445,-0.55998]},"A9o":{"weight":1.0,"played":[0.0117,0.0248,0.9635],"evs":[0.0,0.05269,0.06051]},"T2s":{"weight":1.0,"played":[1.0,0.0,0.0],"evs":[0.0,-1.50976,-1.51298]},"T3s":{"weight":1.0,"played":[1.0,0.0,0.0],"evs":[0.0,-1.37472,-1.37253]},"T4s":{"weight":1.0,"played":[1.0,0.0,0.0],"evs":[0.0,-1.1252,-1.11646]},"T5s":{"weight":1.0,"played":[1.0,0.0,0.0],"evs":[0.0,-0.98258,-0.98124]},"T6s":{"weight":1.0,"played":[1.0,0.0,0.0],"evs":[0.0,-0.1663,-0.16627]},"T7s":{"weight":1.0,"played":[0.0,0.0738,0.9262],"evs":[0.0,0.41835,0.42601]},"T8s":{"weight":1.0,"played":[0.0,0.1911,0.8089],"evs":[0.0,1.05865,1.05967]},"T9s":{"weight":1.0,"played":[0.0,0.0452,0.9548],"evs":[0.0,1.55041,1.56317]},"TT":{"weight":1.0,"played":[0.0,0.1867,0.8133],"evs":[0.0,9.23512,9.24406]},"JTo":{"weight":1.0,"played":[0.0,0.0378,0.9622],"evs":[0.0,0.37616,0.37994]},"QTo":{"weight":1.0,"played":[0.0,5.0E-4,0.9995],"evs":[0.0,0.246,0.24917]},"KTo":{"weight":1.0,"played":[0.0,0.0,1.0],"evs":[0.0,0.52438,0.54038]},"ATo":{"weight":1.0,"played":[0.0,0.0556,0.9444],"evs":[0.0,1.96646,1.97669]},"J2s":{"weight":1.0,"played":[1.0,0.0,0.0],"evs":[0.0,-1.1417,-1.13914]},"J3s":{"weight":1.0,"played":[1.0,0.0,0.0],"evs":[0.0,-1.02179,-1.02009]},"J4s":{"weight":1.0,"played":[1.0,0.0,0.0],"evs":[0.0,-0.83662,-0.83005]},"J5s":{"weight":1.0,"played":[0.9999,1.0E-4,0.0],"evs":[0.0,-0.49645,-0.49559]},"J6s":{"weight":1.0,"played":[1.0,0.0,0.0],"evs":[0.0,-0.32907,-0.31698]},"J7s":{"weight":1.0,"played":[0.0034,0.172,0.8246],"evs":[0.0,0.18882,0.19239]},"J8s":{"weight":1.0,"played":[0.0,0.114,0.886],"evs":[0.0,0.91038,0.91261]},"J9s":{"weight":1.0,"played":[0.0,0.0267,0.9733],"evs":[0.0,1.33211,1.34635]},"JTs":{"weight":1.0,"played":[0.0,0.2042,0.7958],"evs":[0.0,2.11612,2.11917]},"JJ":{"weight":1.0,"played":[0.0,0.1341,0.8659],"evs":[0.0,11.60518,11.62037]},"QJo":{"weight":1.0,"played":[0.0,0.0333,0.9667],"evs":[0.0,0.78155,0.78256]},"KJo":{"weight":1.0,"played":[0.0,9.0E-4,0.9991],"evs":[0.0,1.31767,1.33213]},"AJo":{"weight":1.0,"played":[0.0,0.0075,0.9925],"evs":[0.0,3.61993,3.62133]},"Q2s":{"weight":1.0,"played":[1.0,0.0,0.0],"evs":[0.0,-0.90601,-0.90642]},"Q3s":{"weight":1.0,"played":[1.0,0.0,0.0],"evs":[0.0,-0.76281,-0.76602]},"Q4s":{"weight":1.0,"played":[1.0,0.0,0.0],"evs":[0.0,-0.53402,-0.52367]},"Q5s":{"weight":1.0,"played":[0.9999,0.0,0.0],"evs":[0.0,-0.26265,-0.25524]},"Q6s":{"weight":1.0,"played":[0.3029,0.0911,0.606],"evs":[0.0,-0.01887,-0.01321]},"Q7s":{"weight":1.0,"played":[0.8528,0.0168,0.1304],"evs":[0.0,-0.05887,-0.04865]},"Q8s":{"weight":1.0,"played":[0.0,0.1477,0.8523],"evs":[0.0,0.70092,0.69807]},"Q9s":{"weight":1.0,"played":[0.0,0.0434,0.9566],"evs":[0.0,1.11174,1.1174]},"QTs":{"weight":1.0,"played":[0.0,0.3113,0.6887],"evs":[0.0,2.00827,2.00794]},"QJs":{"weight":1.0,"played":[0.0,0.1182,0.8818],"evs":[0.0,2.5273,2.53179]},"QQ":{"weight":1.0,"played":[0.0,0.1583,0.8417],"evs":[0.0,14.50654,14.5135]},"KQo":{"weight":1.0,"played":[0.0,0.0067,0.9933],"evs":[0.0,2.2785,2.29582]},"AQo":{"weight":1.0,"played":[0.0,0.0109,0.9891],"evs":[0.0,5.48748,5.49386]},"K2s":{"weight":1.0,"played":[0.9999,0.0,1.0E-4],"evs":[0.0,-0.40873,-0.41236]},"K3s":{"weight":1.0,"played":[0.9999,1.0E-4,0.0],"evs":[0.0,-0.28484,-0.28267]},"K4s":{"weight":1.0,"played":[0.6554,0.1105,0.234],"evs":[0.0,-0.01714,-0.00779]},"K5s":{"weight":1.0,"played":[4.0E-4,0.1844,0.8152],"evs":[0.0,0.276,0.28018]},"K6s":{"weight":1.0,"played":[0.0,0.8235,0.1765],"evs":[0.0,0.54598,0.54538]},"K7s":{"weight":1.0,"played":[0.0,0.4367,0.5633],"evs":[0.0,0.60955,0.61202]},"K8s":{"weight":1.0,"played":[0.0,0.6429,0.3571],"evs":[0.0,0.85837,0.86401]},"K9s":{"weight":1.0,"played":[0.0,0.085,0.915],"evs":[0.0,1.29222,1.30516]},"KTs":{"weight":1.0,"played":[0.0,0.4062,0.5938],"evs":[0.0,2.34457,2.35761]},"KJs":{"weight":1.0,"played":[0.0,0.493,0.507],"evs":[0.0,3.00605,3.01447]},"KQs":{"weight":1.0,"played":[0.0,0.1194,0.8806],"evs":[0.0,3.97439,3.99253]},"KK":{"weight":1.0,"played":[0.0,0.5737,0.4263],"evs":[0.0,18.0168,18.01414]},"AKo":{"weight":1.0,"played":[0.0,0.0134,0.9866],"evs":[0.0,7.58066,7.5934]},"A2s":{"weight":1.0,"played":[1.0,0.0,0.0],"evs":[0.0,-0.13817,-0.13696]},"A3s":{"weight":1.0,"played":[0.0,0.6469,0.3531],"evs":[0.0,0.0624,0.06674]},"A4s":{"weight":1.0,"played":[0.0,0.3311,0.6689],"evs":[0.0,0.37657,0.38755]},"A5s":{"weight":1.0,"played":[0.0,0.211,0.789],"evs":[0.0,0.67847,0.6926]},"A6s":{"weight":1.0,"played":[0.0,0.2892,0.7108],"evs":[0.0,0.31359,0.32492]},"A7s":{"weight":1.0,"played":[0.0,0.2161,0.7839],"evs":[0.0,0.83449,0.84722]},"A8s":{"weight":1.0,"played":[0.0,0.0023,0.9977],"evs":[0.0,1.37157,1.38419]},"A9s":{"weight":1.0,"played":[0.0,0.2891,0.7109],"evs":[0.0,1.9784,1.98633]},"ATs":{"weight":1.0,"played":[0.0,0.1915,0.8085],"evs":[0.0,3.8663,3.87388]},"AJs":{"weight":1.0,"played":[0.0,0.0682,0.9318],"evs":[0.0,5.29826,5.30323]},"AQs":{"weight":1.0,"played":[0.0,0.2131,0.7869],"evs":[0.0,7.10643,7.11277]},"AKs":{"weight":1.0,"played":[0.0,0.0387,0.9613],"evs":[0.0,8.95372,8.95718]},"AA":{"weight":1.0,"played":[0.0,0.2902,0.7098],"evs":[0.0,23.57097,23.58518]}}}