{"player":4,"street":0,"children":3,"sequence":[{"player":0,"type":"R","amount":975000,"street":0},{"player":1,"type":"C","amount":955000,"street":0},{"player":2,"type":"F","amount":0,"street":0},{"player":3,"type":"C","amount":925000,"street":0}],"actions":[{"type":"F","amount":0},{"type":"C","amount":875000},{"type":"R","amount":2115000,"node":47}],"hands":{"22":{"weight":1.0,"played":[0.9998,1.0E-4,2.0E-4],"evs":[0.0,-1.57214,-0.85151]},"32o":{"weight":1.0,"played":[1.0,0.0,0.0],"evs":[0.0,-4.34603,-8.42048]},"42o":{"weight":1.0,"played":[1.0,0.0,0.0],"evs":[0.0,-4.09297,-7.92237]},"52o":{"weight":1.0,"played":[1.0,0.0,0.0],"evs":[0.0,-4.02731,-7.67458]},"62o":{"weight":1.0,"played":[1.0,0.0,0.0],"evs":[0.0,-4.65359,-8.71957]},"72o":{"weight":1.0,"played":[1.0,0.0,0.0],"evs":[0.0,-5.26229,-9.44386]},"82o":{"weight":1.0,"played":[1.0,0.0,0.0],"evs":[0.0,-5.04756,-8.69908]},"92o":{"weight":1.0,"played":[1.0,0.0,0.0],"evs":[0.0,-4.83927,-8.06331]},"T2o":{"weight":1.0,"played":[1.0,0.0,0.0],"evs":[0.0,-4.80019,-7.85859]},"J2o":{"weight":1.0,"played":[1.0,0.0,0.0],"evs":[0.0,-4.28467,-7.3344]},"Q2o":{"weight":1.0,"played":[1.0,0.0,0.0],"evs":[0.0,-4.1295,-6.67935]},"K2o":{"weight":1.0,"played":[1.0,0.0,0.0],"evs":[0.0,-4.24046,-6.29354]},"A2o":{"weight":1.0,"played":[1.0,0.0,0.0],"evs":[0.0,-3.55959,-4.06014]},"32s":{"weight":1.0,"played":[1.0,0.0,0.0],"evs":[0.0,-2.45587,-5.48247]},"33":{"weight":1.0,"played":[0.9922,0.0,0.0078],"evs":[0.0,-1.21704,-0.63051]},"43o":{"weight":1.0,"played":[1.0,0.0,0.0],"evs":[0.0,-3.62991,-7.18056]},"53o":{"weight":1.0,"played":[1.0,0.0,0.0],"evs":[0.0,-3.45012,-6.82973]},"63o":{"weight":1.0,"played":[1.0,0.0,0.0],"evs":[0.0,-4.08923,-7.83207]},"73o":{"weight":1.0,"played":[1.0,0.0,0.0],"evs":[0.0,-4.796,-8.49792]},"83o":{"weight":1.0,"played":[1.0,0.0,0.0],"evs":[0.0,-5.13065,-8.89558]},"93o":{"weight":1.0,"played":[1.0,0.0,0.0],"evs":[0.0,-4.93796,-8.16441]},"T3o":{"weight":1.0,"played":[1.0,0.0,0.0],"evs":[0.0,-5.16939,-8.28593]},"J3o":{"weight":1.0,"played":[1.0,0.0,0.0],"evs":[0.0,-4.72913,-7.61989]},"Q3o":{"weight":1.0,"played":[1.0,0.0,0.0],"evs":[0.0,-4.37729,-6.93836]},"K3o":{"weight":1.0,"played":[1.0,0.0,0.0],"evs":[0.0,-4.23338,-6.10931]},"A3o":{"weight":1.0,"played":[1.0,0.0,0.0],"evs":[0.0,-3.24038,-3.49452]},"42s":{"weight":1.0,"played":[1.0,0.0,0.0],"evs":[0.0,-2.23875,-5.20859]},"43s":{"weight":1.0,"played":[1.0,0.0,0.0],"evs":[0.0,-1.60787,-4.38828]},"44":{"weight":1.0,"played":[0.0691,0.0,0.9309],"evs":[0.0,0.11605,0.70038]},"54o":{"weight":1.0,"played":[1.0,0.0,0.0],"evs":[0.0,-2.55515,-5.43262]},"64o":{"weight":1.0,"played":[1.0,0.0,0.0],"evs":[0.0,-3.19538,-6.37356]},"74o":{"weight":1.0,"played":[1.0,0.0,0.0],"evs":[0.0,-3.74536,-6.98649]},"84o":{"weight":1.0,"played":[1.0,0.0,0.0],"evs":[0.0,-4.49313,-7.64047]},"94o":{"weight":1.0,"played":[1.0,0.0,0.0],"evs":[0.0,-4.78973,-7.90564]},"T4o":{"weight":1.0,"played":[1.0,0.0,0.0],"evs":[0.0,-4.8689,-7.6021]},"J4o":{"weight":1.0,"played":[1.0,0.0,0.0],"evs":[0.0,-4.19859,-6.68155]},"Q4o":{"weight":1.0,"played":[1.0,0.0,0.0],"evs":[0.0,-3.99698,-6.11817]},"K4o":{"weight":1.0,"played":[1.0,0.0,0.0],"evs":[0.0,-3.96366,-5.61871]},"A4o":{"weight":1.0,"played":[1.0,0.0,0.0],"evs":[0.0,-2.91816,-2.93962]},"52s":{"weight":1.0,"played":[0.999,0.001,0.0],"evs":[0.0,-2.02228,-4.67358]},"53s":{"weight":1.0,"played":[0.9998,2.0E-4,0.0],"evs":[0.0,-1.703,-4.28184]},"54s":{"weight":1.0,"played":[0.9134,0.0866,0.0],"evs":[0.0,-0.62336,-2.94066]},"55":{"weight":1.0,"played":[0.0,0.0,1.0],"evs":[0.0,0.93554,1.57918]},"65o":{"weight":1.0,"played":[1.0,0.0,0.0],"evs":[0.0,-2.51268,-5.34447]},"75o":{"weight":1.0,"played":[1.0,0.0,0.0],"evs":[0.0,-3.00371,-5.87237]},"85o":{"weight":1.0,"played":[1.0,0.0,0.0],"evs":[0.0,-3.83928,-6.4338]},"95o":{"weight":1.0,"played":[1.0,0.0,0.0],"evs":[0.0,-4.07904,-6.49708]},"T5o":{"weight":1.0,"played":[1.0,0.0,0.0],"evs":[0.0,-4.7112,-7.35661]},"J5o":{"weight":1.0,"played":[1.0,0.0,0.0],"evs":[0.0,-4.10518,-6.4445]},"Q5o":{"weight":1.0,"played":[1.0,0.0,0.0],"evs":[0.0,-3.72265,-5.6936]},"K5o":{"weight":1.0,"played":[1.0,0.0,0.0],"evs":[0.0,-3.92428,-5.07908]},"A5o":{"weight":1.0,"played":[1.0,0.0,0.0],"evs":[0.0,-2.77159,-2.55361]},"62s":{"weight":1.0,"played":[1.0,0.0,0.0],"evs":[0.0,-2.93135,-6.02227]},"63s":{"weight":1.0,"played":[1.0,0.0,0.0],"evs":[0.0,-2.0406,-4.79136]},"64s":{"weight":1.0,"played":[0.9893,0.0107,0.0],"evs":[0.0,-1.16249,-3.40067]},"65s":{"weight":1.0,"played":[0.9493,0.0507,0.0],"evs":[0.0,-0.37951,-2.36226]},"66":{"weight":1.0,"played":[0.0,0.0,1.0],"evs":[0.0,1.83539,2.61768]},"76o":{"weight":1.0,"played":[1.0,0.0,0.0],"evs":[0.0,-2.59468,-5.28916]},"86o":{"weight":1.0,"played":[1.0,0.0,0.0],"evs":[0.0,-2.94705,-5.39881]},"96o":{"weight":1.0,"played":[1.0,0.0,0.0],"evs":[0.0,-3.48603,-5.61717]},"T6o":{"weight":1.0,"played":[1.0,0.0,0.0],"evs":[0.0,-4.20951,-6.43256]},"J6o":{"weight":1.0,"played":[1.0,0.0,0.0],"evs":[0.0,-4.4119,-6.69645]},"Q6o":{"weight":1.0,"played":[1.0,0.0,0.0],"evs":[0.0,-3.82965,-5.70059]},"K6o":{"weight":1.0,"played":[1.0,0.0,0.0],"evs":[0.0,-3.59576,-4.49649]},"A6o":{"weight":1.0,"played":[1.0,0.0,0.0],"evs":[0.0,-3.20344,-2.74907]},"72s":{"weight":1.0,"played":[1.0,0.0,0.0],"evs":[0.0,-3.47982,-6.89024]},"73s":{"weight":1.0,"played":[1.0,0.0,0.0],"evs":[0.0,-2.73566,-5.51392]},"74s":{"weight":1.0,"played":[0.9986,0.0014,0.0],"evs":[0.0,-2.15354,-4.65967]},"75s":{"weight":1.0,"played":[0.9996,4.0E-4,0.0],"evs":[0.0,-1.27915,-3.41035]},"76s":{"weight":1.0,"played":[0.9096,0.0904,0.0],"evs":[0.0,-0.53481,-2.47671]},"77":{"weight":1.0,"played":[0.0,0.0,1.0],"evs":[0.0,3.51689,4.80246]},"87o":{"weight":1.0,"played":[1.0,0.0,0.0],"evs":[0.0,-2.35033,-4.30637]},"97o":{"weight":1.0,"played":[1.0,0.0,0.0],"evs":[0.0,-2.75967,-4.45753]},"T7o":{"weight":1.0,"played":[1.0,0.0,0.0],"evs":[0.0,-3.24751,-5.02554]},"J7o":{"weight":1.0,"played":[1.0,0.0,0.0],"evs":[0.0,-3.44197,-5.18369]},"Q7o":{"weight":1.0,"played":[1.0,0.0,0.0],"evs":[0.0,-3.6965,-5.50992]},"K7o":{"weight":1.0,"played":[1.0,0.0,0.0],"evs":[0.0,-3.24326,-3.69874]},"A7o":{"weight":1.0,"played":[1.0,0.0,0.0],"evs":[0.0,-2.75981,-1.97399]},"82s":{"weight":1.0,"played":[0.9999,1.0E-4,0.0],"evs":[0.0,-3.27049,-5.82488]},"83s":{"weight":1.0,"played":[1.0,0.0,0.0],"evs":[0.0,-3.19032,-5.96306]},"84s":{"weight":1.0,"played":[1.0,0.0,0.0],"evs":[0.0,-2.6045,-4.89114]},"85s":{"weight":1.0,"played":[0.9975,0.0025,0.0],"evs":[0.0,-1.51132,-3.3304]},"86s":{"weight":1.0,"played":[0.9999,1.0E-4,0.0],"evs":[0.0,-1.29232,-2.98828]},"87s":{"weight":1.0,"played":[0.9612,0.0387,1.0E-4],"evs":[0.0,-0.12856,-1.46308]},"88":{"weight":1.0,"played":[0.0,0.0,1.0],"evs":[0.0,5.10467,6.58309]},"98o":{"weight":1.0,"played":[1.0,0.0,0.0],"evs":[0.0,-2.02687,-3.40124]},"T8o":{"weight":1.0,"played":[1.0,0.0,0.0],"evs":[0.0,-2.66767,-4.09378]},"J8o":{"weight":1.0,"played":[1.0,0.0,0.0],"evs":[0.0,-2.93779,-4.18395]},"Q8o":{"weight":1.0,"played":[1.0,0.0,0.0],"evs":[0.0,-2.99895,-4.03163]},"K8o":{"weight":1.0,"played":[0.9999,0.0,1.0E-4],"evs":[0.0,-2.87923,-2.84719]},"A8o":{"weight":1.0,"played":[1.0,0.0,0.0],"evs":[0.0,-2.02358,-0.9956]},"92s":{"weight":1.0,"played":[1.0,0.0,0.0],"evs":[0.0,-3.0957,-5.50196]},"93s":{"weight":1.0,"played":[1.0,0.0,0.0],"evs":[0.0,-3.16462,-5.43683]},"94s":{"weight":1.0,"played":[0.9999,1.0E-4,0.0],"evs":[0.0,-2.85193,-5.06683]},"95s":{"weight":1.0,"played":[1.0,0.0,0.0],"evs":[0.0,-2.3105,-3.95389]},"96s":{"weight":1.0,"played":[0.9998,1.0E-4,0.0],"evs":[0.0,-1.34588,-2.60573]},"97s":{"weight":1.0,"played":[0.9795,0.0205,0.0],"evs":[0.0,-0.35233,-1.43315]},"98s":{"weight":1.0,"played":[0.8601,0.1392,7.0E-4],"evs":[0.0,-0.21031,-0.96104]},"99":{"weight":1.0,"played":[0.0,1.0E-4,0.9999],"evs":[0.0,6.6911,8.25501]},"T9o":{"weight":1.0,"played":[1.0,0.0,0.0],"evs":[0.0,-2.0561,-2.97855]},"J9o":{"weight":1.0,"played":[1.0,0.0,0.0],"evs":[0.0,-1.96725,-2.90319]},"Q9o":{"weight":1.0,"played":[1.0,0.0,0.0],"evs":[0.0,-2.3518,-3.01687]},"K9o":{"weight":1.0,"played":[0.9998,1.0E-4,0.0],"evs":[0.0,-2.53825,-2.15807]},"A9o":{"weight":1.0,"played":[0.9998,0.0,2.0E-4],"evs":[0.0,-1.74173,-0.63385]},"T2s":{"weight":1.0,"played":[1.0,0.0,0.0],"evs":[0.0,-3.02763,-5.27154]},"T3s":{"weight":1.0,"played":[0.9999,0.0,0.0],"evs":[0.0,-2.84298,-4.90312]},"T4s":{"weight":1.0,"played":[0.9998,1.0E-4,1.0E-4],"evs":[0.0,-2.7078,-4.51152]},"T5s":{"weight":1.0,"played":[1.0,0.0,0.0],"evs":[0.0,-2.25808,-4.03282]},"T6s":{"weight":1.0,"played":[0.9993,7.0E-4,0.0],"evs":[0.0,-2.2904,-3.84828]},"T7s":{"weight":1.0,"played":[0.9977,0.0019,4.0E-4],"evs":[0.0,-1.37451,-2.52353]},"T8s":{"weight":1.0,"played":[0.9992,7.0E-4,0.0],"evs":[0.0,-0.64625,-1.47328]},"T9s":{"weight":1.0,"played":[0.037,0.9628,3.0E-4],"evs":[0.0,0.41827,-0.0462]},"TT":{"weight":1.0,"played":[0.0,0.0,1.0],"evs":[0.0,8.85983,10.60597]},"JTo":{"weight":1.0,"played":[1.0,0.0,0.0],"evs":[0.0,-1.61209,-2.07982]},"QTo":{"weight":1.0,"played":[0.9998,0.0,2.0E-4],"evs":[0.0,-1.65171,-1.85957]},"KTo":{"weight":1.0,"played":[0.9379,0.0,0.0621],"evs":[0.0,-1.23029,-0.19279]},"ATo":{"weight":1.0,"played":[0.0071,0.0,0.9929],"evs":[0.0,0.47319,1.86683]},"J2s":{"weight":1.0,"played":[1.0,0.0,0.0],"evs":[0.0,-2.17077,-4.19479]},"J3s":{"weight":1.0,"played":[1.0,0.0,0.0],"evs":[0.0,-2.57876,-4.55777]},"J4s":{"weight":1.0,"played":[0.9998,2.0E-4,0.0],"evs":[0.0,-2.32238,-3.87674]},"J5s":{"weight":1.0,"played":[1.0,0.0,0.0],"evs":[0.0,-2.0808,-3.46076]},"J6s":{"weight":1.0,"played":[1.0,0.0,0.0],"evs":[0.0,-2.20138,-3.77356]},"J7s":{"weight":1.0,"played":[1.0,0.0,0.0],"evs":[0.0,-1.57793,-2.57994]},"J8s":{"weight":1.0,"played":[0.9834,0.0163,3.0E-4],"evs":[0.0,-0.72864,-1.34448]},"J9s":{"weight":1.0,"played":[0.5043,0.4664,0.0293],"evs":[0.0,0.28836,-0.05798]},"JTs":{"weight":1.0,"played":[0.0061,0.0504,0.9435],"evs":[0.0,0.54889,0.81756]},"JJ":{"weight":1.0,"played":[0.0,0.0,1.0],"evs":[0.0,11.90849,13.682]},"QJo":{"weight":1.0,"played":[0.9908,4.0E-4,0.0089],"evs":[0.0,-1.06115,-1.05628]},"KJo":{"weight":1.0,"played":[3.0E-4,6.0E-4,0.9991],"evs":[0.0,0.34235,1.44484]},"AJo":{"weight":1.0,"played":[0.0,0.0,1.0],"evs":[0.0,1.86632,3.23973]},"Q2s":{"weight":1.0,"played":[0.9999,0.0,0.0],"evs":[0.0,-2.04953,-3.87982]},"Q3s":{"weight":1.0,"played":[1.0,0.0,0.0],"evs":[0.0,-2.11143,-3.56114]},"Q4s":{"weight":1.0,"played":[0.9988,0.0011,1.0E-4],"evs":[0.0,-1.74951,-3.02517]},"Q5s":{"weight":1.0,"played":[0.9999,0.0,1.0E-4],"evs":[0.0,-1.57966,-2.67734]},"Q6s":{"weight":1.0,"played":[0.9961,0.003,8.0E-4],"evs":[0.0,-1.36382,-2.57932]},"Q7s":{"weight":1.0,"played":[1.0,0.0,0.0],"evs":[0.0,-1.38728,-2.35187]},"Q8s":{"weight":1.0,"played":[0.9993,4.0E-4,3.0E-4],"evs":[0.0,-0.88607,-1.30432]},"Q9s":{"weight":1.0,"played":[0.6567,0.0128,0.3305],"evs":[0.0,-0.24208,-0.30526]},"QTs":{"weight":1.0,"played":[0.0,0.1652,0.8348],"evs":[0.0,0.43801,0.5658]},"QJs":{"weight":1.0,"played":[2.0E-4,0.0182,0.9816],"evs":[0.0,1.62721,1.7839]},"QQ":{"weight":1.0,"played":[0.0,0.0,1.0],"evs":[0.0,15.6435,17.31662]},"KQo":{"weight":1.0,"played":[0.0,0.0,1.0],"evs":[0.0,1.26946,2.40958]},"AQo":{"weight":1.0,"played":[0.0,0.0,1.0],"evs":[0.0,3.70656,4.90167]},"K2s":{"weight":1.0,"played":[1.0,0.0,0.0],"evs":[0.0,-1.80748,-3.04952]},"K3s":{"weight":1.0,"played":[0.9996,3.0E-4,1.0E-4],"evs":[0.0,-1.56226,-2.70625]},"K4s":{"weight":1.0,"played":[0.9979,0.002,1.0E-4],"evs":[0.0,-1.59577,-2.57866]},"K5s":{"weight":1.0,"played":[0.9999,0.0,1.0E-4],"evs":[0.0,-1.33799,-1.93044]},"K6s":{"weight":1.0,"played":[0.9532,0.0438,0.0031],"evs":[0.0,-1.10561,-1.48621]},"K7s":{"weight":1.0,"played":[0.7568,0.0379,0.2053],"evs":[0.0,-0.50642,-0.25768]},"K8s":{"weight":1.0,"played":[0.5531,0.3515,0.0954],"evs":[0.0,-0.39323,-0.12508]},"K9s":{"weight":1.0,"played":[0.0011,4.0E-4,0.9984],"evs":[0.0,0.24885,1.01477]},"KTs":{"weight":1.0,"played":[0.0,0.0,1.0],"evs":[0.0,1.40665,2.42397]},"KJs":{"weight":1.0,"played":[0.0,0.0,1.0],"evs":[0.0,2.85323,3.95369]},"KQs":{"weight":1.0,"played":[0.0,3.0E-4,0.9997],"evs":[0.0,3.52189,4.53107]},"KK":{"weight":1.0,"played":[0.0,0.0,1.0],"evs":[0.0,22.21709,24.17601]},"AKo":{"weight":1.0,"played":[0.0,0.0,1.0],"evs":[0.0,6.1469,7.41153]},"A2s":{"weight":1.0,"played":[0.999,5.0E-4,5.0E-4],"evs":[0.0,-1.0935,-1.01899]},"A3s":{"weight":1.0,"played":[0.9895,0.0027,0.0078],"evs":[0.0,-0.60296,-0.45691]},"A4s":{"weight":1.0,"played":[0.5571,0.0931,0.3498],"evs":[0.0,-0.07137,0.20356]},"A5s":{"weight":1.0,"played":[0.0999,0.1001,0.8],"evs":[0.0,0.26737,0.77282]},"A6s":{"weight":1.0,"played":[0.9,3.0E-4,0.0997],"evs":[0.0,-0.48843,0.14608]},"A7s":{"weight":1.0,"played":[0.156,0.0,0.844],"evs":[0.0,0.44676,1.27515]},"A8s":{"weight":1.0,"played":[0.0,2.0E-4,0.9998],"evs":[0.0,1.0111,2.06959]},"A9s":{"weight":1.0,"played":[0.0,1.0E-4,0.9999],"evs":[0.0,1.7125,2.67629]},"ATs":{"weight":1.0,"played":[0.0,2.0E-4,0.9998],"evs":[0.0,3.70206,5.21072]},"AJs":{"weight":1.0,"played":[0.0,0.0,1.0],"evs":[0.0,4.76951,6.00693]},"AQs":{"weight":1.0,"played":[0.0,0.0,1.0],"evs":[0.0,6.24175,7.52277]},"AKs":{"weight":1.0,"played":[0.0,0.0,1.0],"evs":[0.0,8.60824,9.95555]},"AA":{"weight":1.0,"played":[0.0,0.0,1.0],"evs":[0.0,30.29203,32.1537]}}}