{"player":4,"street":0,"children":2,"sequence":[{"player":0,"type":"R","amount":975000,"street":0},{"player":1,"type":"C","amount":955000,"street":0},{"player":2,"type":"F","amount":0,"street":0},{"player":3,"type":"R","amount":2115000,"street":0}],"actions":[{"type":"F","amount":0},{"type":"C","amount":2015000}],"hands":{"22":{"weight":1.0,"played":[1.0,0.0],"evs":[0.0,-1.00801]},"32o":{"weight":1.0,"played":[1.0,0.0],"evs":[0.0,-8.17937]},"42o":{"weight":1.0,"played":[1.0,0.0],"evs":[0.0,-7.67804]},"52o":{"weight":1.0,"played":[1.0,0.0],"evs":[0.0,-7.34989]},"62o":{"weight":1.0,"played":[1.0,0.0],"evs":[0.0,-7.92762]},"72o":{"weight":1.0,"played":[1.0,0.0],"evs":[0.0,-8.81357]},"82o":{"weight":1.0,"played":[1.0,0.0],"evs":[0.0,-8.33208]},"92o":{"weight":1.0,"played":[1.0,0.0],"evs":[0.0,-8.45164]},"T2o":{"weight":1.0,"played":[1.0,0.0],"evs":[0.0,-8.49662]},"J2o":{"weight":1.0,"played":[1.0,0.0],"evs":[0.0,-7.78713]},"Q2o":{"weight":1.0,"played":[1.0,0.0],"evs":[0.0,-6.9958]},"K2o":{"weight":1.0,"played":[1.0,0.0],"evs":[0.0,-5.59461]},"A2o":{"weight":1.0,"played":[1.0,0.0],"evs":[0.0,-4.83546]},"32s":{"weight":1.0,"played":[1.0,0.0],"evs":[0.0,-5.24633]},"33":{"weight":1.0,"played":[0.7495,0.2505],"evs":[0.0,-0.00953]},"43o":{"weight":1.0,"played":[1.0,0.0],"evs":[0.0,-6.49042]},"53o":{"weight":1.0,"played":[1.0,0.0],"evs":[0.0,-6.01116]},"63o":{"weight":1.0,"played":[1.0,0.0],"evs":[0.0,-6.48931]},"73o":{"weight":1.0,"played":[1.0,0.0],"evs":[0.0,-7.51873]},"83o":{"weight":1.0,"played":[1.0,0.0],"evs":[0.0,-8.13128]},"93o":{"weight":1.0,"played":[1.0,0.0],"evs":[0.0,-8.01192]},"T3o":{"weight":1.0,"played":[1.0,0.0],"evs":[0.0,-8.04041]},"J3o":{"weight":1.0,"played":[1.0,0.0],"evs":[0.0,-7.271]},"Q3o":{"weight":1.0,"played":[1.0,0.0],"evs":[0.0,-6.53222]},"K3o":{"weight":1.0,"played":[1.0,0.0],"evs":[0.0,-5.13278]},"A3o":{"weight":1.0,"played":[1.0,0.0],"evs":[0.0,-4.31949]},"42s":{"weight":1.0,"played":[1.0,0.0],"evs":[0.0,-4.72974]},"43s":{"weight":1.0,"played":[1.0,0.0],"evs":[0.0,-3.53374]},"44":{"weight":1.0,"played":[0.0,1.0],"evs":[0.0,1.162]},"54o":{"weight":1.0,"played":[1.0,0.0],"evs":[0.0,-4.66219]},"64o":{"weight":1.0,"played":[1.0,0.0],"evs":[0.0,-5.12617]},"74o":{"weight":1.0,"played":[1.0,0.0],"evs":[0.0,-6.17517]},"84o":{"weight":1.0,"played":[1.0,0.0],"evs":[0.0,-6.92076]},"94o":{"weight":1.0,"played":[1.0,0.0],"evs":[0.0,-7.75776]},"T4o":{"weight":1.0,"played":[1.0,0.0],"evs":[0.0,-7.61079]},"J4o":{"weight":1.0,"played":[1.0,0.0],"evs":[0.0,-6.8577]},"Q4o":{"weight":1.0,"played":[1.0,0.0],"evs":[0.0,-6.03819]},"K4o":{"weight":1.0,"played":[1.0,0.0],"evs":[0.0,-4.67769]},"A4o":{"weight":1.0,"played":[1.0,0.0],"evs":[0.0,-3.69174]},"52s":{"weight":1.0,"played":[1.0,0.0],"evs":[0.0,-4.36867]},"53s":{"weight":1.0,"played":[1.0,0.0],"evs":[0.0,-3.06668]},"54s":{"weight":1.0,"played":[0.9999,1.0E-4],"evs":[0.0,-1.64064]},"55":{"weight":1.0,"played":[0.0,1.0],"evs":[0.0,2.58071]},"65o":{"weight":1.0,"played":[1.0,0.0],"evs":[0.0,-3.9573]},"75o":{"weight":1.0,"played":[1.0,0.0],"evs":[0.0,-4.8634]},"85o":{"weight":1.0,"played":[1.0,0.0],"evs":[0.0,-5.36706]},"95o":{"weight":1.0,"played":[1.0,0.0],"evs":[0.0,-6.49765]},"T5o":{"weight":1.0,"played":[1.0,0.0],"evs":[0.0,-7.34692]},"J5o":{"weight":1.0,"played":[1.0,0.0],"evs":[0.0,-6.45938]},"Q5o":{"weight":1.0,"played":[1.0,0.0],"evs":[0.0,-5.72688]},"K5o":{"weight":1.0,"played":[1.0,0.0],"evs":[0.0,-4.16972]},"A5o":{"weight":1.0,"played":[1.0,0.0],"evs":[0.0,-3.08545]},"62s":{"weight":1.0,"played":[1.0,0.0],"evs":[0.0,-4.93708]},"63s":{"weight":1.0,"played":[1.0,0.0],"evs":[0.0,-3.59785]},"64s":{"weight":1.0,"played":[1.0,0.0],"evs":[0.0,-2.49924]},"65s":{"weight":1.0,"played":[0.9999,1.0E-4],"evs":[0.0,-1.28156]},"66":{"weight":1.0,"played":[0.0,1.0],"evs":[0.0,4.27198]},"76o":{"weight":1.0,"played":[1.0,0.0],"evs":[0.0,-3.79317]},"86o":{"weight":1.0,"played":[1.0,0.0],"evs":[0.0,-4.29489]},"96o":{"weight":1.0,"played":[1.0,0.0],"evs":[0.0,-5.23201]},"T6o":{"weight":1.0,"played":[1.0,0.0],"evs":[0.0,-6.0062]},"J6o":{"weight":1.0,"played":[1.0,0.0],"evs":[0.0,-6.2034]},"Q6o":{"weight":1.0,"played":[1.0,0.0],"evs":[0.0,-5.1787]},"K6o":{"weight":1.0,"played":[1.0,0.0],"evs":[0.0,-3.72516]},"A6o":{"weight":1.0,"played":[1.0,0.0],"evs":[0.0,-3.63656]},"72s":{"weight":1.0,"played":[1.0,0.0],"evs":[0.0,-5.68199]},"73s":{"weight":1.0,"played":[1.0,0.0],"evs":[0.0,-4.52126]},"74s":{"weight":1.0,"played":[1.0,0.0],"evs":[0.0,-3.16594]},"75s":{"weight":1.0,"played":[1.0,0.0],"evs":[0.0,-2.00676]},"76s":{"weight":1.0,"played":[0.9998,2.0E-4],"evs":[0.0,-0.97692]},"77":{"weight":1.0,"played":[0.0,1.0],"evs":[0.0,5.70384]},"87o":{"weight":1.0,"played":[1.0,0.0],"evs":[0.0,-3.5306]},"97o":{"weight":1.0,"played":[1.0,0.0],"evs":[0.0,-4.2311]},"T7o":{"weight":1.0,"played":[1.0,0.0],"evs":[0.0,-4.95912]},"J7o":{"weight":1.0,"played":[1.0,0.0],"evs":[0.0,-5.08882]},"Q7o":{"weight":1.0,"played":[1.0,0.0],"evs":[0.0,-5.05388]},"K7o":{"weight":1.0,"played":[1.0,0.0],"evs":[0.0,-3.51087]},"A7o":{"weight":1.0,"played":[1.0,0.0],"evs":[0.0,-3.03328]},"82s":{"weight":1.0,"played":[1.0,0.0],"evs":[0.0,-5.08542]},"83s":{"weight":1.0,"played":[1.0,0.0],"evs":[0.0,-5.11633]},"84s":{"weight":1.0,"played":[1.0,0.0],"evs":[0.0,-3.78527]},"85s":{"weight":1.0,"played":[1.0,0.0],"evs":[0.0,-2.59068]},"86s":{"weight":1.0,"played":[1.0,0.0],"evs":[0.0,-1.3562]},"87s":{"weight":1.0,"played":[0.9764,0.0236],"evs":[0.0,-0.6804]},"88":{"weight":1.0,"played":[0.0,1.0],"evs":[0.0,7.66213]},"98o":{"weight":1.0,"played":[1.0,0.0],"evs":[0.0,-3.27455]},"T8o":{"weight":1.0,"played":[1.0,0.0],"evs":[0.0,-3.8272]},"J8o":{"weight":1.0,"played":[1.0,0.0],"evs":[0.0,-3.94791]},"Q8o":{"weight":1.0,"played":[1.0,0.0],"evs":[0.0,-3.9311]},"K8o":{"weight":1.0,"played":[1.0,0.0],"evs":[0.0,-2.9348]},"A8o":{"weight":1.0,"played":[1.0,0.0],"evs":[0.0,-2.27866]},"92s":{"weight":1.0,"played":[1.0,0.0],"evs":[0.0,-5.3324]},"93s":{"weight":1.0,"played":[1.0,0.0],"evs":[0.0,-4.92336]},"94s":{"weight":1.0,"played":[1.0,0.0],"evs":[0.0,-4.67955]},"95s":{"weight":1.0,"played":[1.0,0.0],"evs":[0.0,-3.57632]},"96s":{"weight":1.0,"played":[1.0,0.0],"evs":[0.0,-2.33866]},"97s":{"weight":1.0,"played":[0.9996,4.0E-4],"evs":[0.0,-1.15736]},"98s":{"weight":1.0,"played":[0.9898,0.0102],"evs":[0.0,-0.55073]},"99":{"weight":1.0,"played":[0.0,1.0],"evs":[0.0,9.62811]},"T9o":{"weight":1.0,"played":[1.0,0.0],"evs":[0.0,-3.05708]},"J9o":{"weight":1.0,"played":[1.0,0.0],"evs":[0.0,-3.21054]},"Q9o":{"weight":1.0,"played":[1.0,0.0],"evs":[0.0,-3.02217]},"K9o":{"weight":1.0,"played":[1.0,0.0],"evs":[0.0,-2.3386]},"A9o":{"weight":1.0,"played":[0.9999,1.0E-4],"evs":[0.0,-1.43025]},"T2s":{"weight":1.0,"played":[1.0,0.0],"evs":[0.0,-5.27975]},"T3s":{"weight":1.0,"played":[1.0,0.0],"evs":[0.0,-5.03363]},"T4s":{"weight":1.0,"played":[1.0,0.0],"evs":[0.0,-4.64644]},"T5s":{"weight":1.0,"played":[1.0,0.0],"evs":[0.0,-4.26872]},"T6s":{"weight":1.0,"played":[1.0,0.0],"evs":[0.0,-3.08785]},"T7s":{"weight":1.0,"played":[1.0,0.0],"evs":[0.0,-2.33141]},"T8s":{"weight":1.0,"played":[1.0,0.0],"evs":[0.0,-1.04626]},"T9s":{"weight":1.0,"played":[0.5923,0.4077],"evs":[0.0,-0.05971]},"TT":{"weight":1.0,"played":[0.0,1.0],"evs":[0.0,12.73059]},"JTo":{"weight":1.0,"played":[1.0,0.0],"evs":[0.0,-1.93856]},"QTo":{"weight":1.0,"played":[1.0,0.0],"evs":[0.0,-1.53582]},"KTo":{"weight":1.0,"played":[0.9885,0.0115],"evs":[0.0,-0.35987]},"ATo":{"weight":1.0,"played":[0.0,1.0],"evs":[0.0,1.26124]},"J2s":{"weight":1.0,"played":[1.0,0.0],"evs":[0.0,-4.46582]},"J3s":{"weight":1.0,"played":[1.0,0.0],"evs":[0.0,-4.17077]},"J4s":{"weight":1.0,"played":[1.0,0.0],"evs":[0.0,-3.76786]},"J5s":{"weight":1.0,"played":[1.0,0.0],"evs":[0.0,-3.38191]},"J6s":{"weight":1.0,"played":[1.0,0.0],"evs":[0.0,-3.235]},"J7s":{"weight":1.0,"played":[1.0,0.0],"evs":[0.0,-2.11183]},"J8s":{"weight":1.0,"played":[0.9999,1.0E-4],"evs":[0.0,-1.05894]},"J9s":{"weight":1.0,"played":[0.8998,0.1002],"evs":[0.0,-0.31256]},"JTs":{"weight":1.0,"played":[1.0E-4,0.9999],"evs":[0.0,0.7813]},"JJ":{"weight":1.0,"played":[0.0,1.0],"evs":[0.0,16.58175]},"QJo":{"weight":1.0,"played":[0.997,0.003],"evs":[0.0,-0.17641]},"KJo":{"weight":1.0,"played":[0.0,1.0],"evs":[0.0,1.07682]},"AJo":{"weight":1.0,"played":[0.0,1.0],"evs":[0.0,3.18854]},"Q2s":{"weight":1.0,"played":[1.0,0.0],"evs":[0.0,-3.81478]},"Q3s":{"weight":1.0,"played":[1.0,0.0],"evs":[0.0,-3.26608]},"Q4s":{"weight":1.0,"played":[1.0,0.0],"evs":[0.0,-2.91657]},"Q5s":{"weight":1.0,"played":[1.0,0.0],"evs":[0.0,-2.47027]},"Q6s":{"weight":1.0,"played":[1.0,0.0],"evs":[0.0,-2.04236]},"Q7s":{"weight":1.0,"played":[1.0,0.0],"evs":[0.0,-2.04853]},"Q8s":{"weight":1.0,"played":[0.9999,1.0E-4],"evs":[0.0,-0.83407]},"Q9s":{"weight":1.0,"played":[0.8154,0.1846],"evs":[0.0,-0.04259]},"QTs":{"weight":1.0,"played":[0.0,1.0],"evs":[0.0,1.17347]},"QJs":{"weight":1.0,"played":[0.0,1.0],"evs":[0.0,2.60976]},"QQ":{"weight":1.0,"played":[0.0,1.0],"evs":[0.0,21.23288]},"KQo":{"weight":1.0,"played":[0.0,1.0],"evs":[0.0,2.81653]},"AQo":{"weight":1.0,"played":[0.0,1.0],"evs":[0.0,5.36802]},"K2s":{"weight":1.0,"played":[1.0,0.0],"evs":[0.0,-2.51999]},"K3s":{"weight":1.0,"played":[1.0,0.0],"evs":[0.0,-2.08041]},"K4s":{"weight":1.0,"played":[1.0,0.0],"evs":[0.0,-1.73563]},"K5s":{"weight":1.0,"played":[1.0,0.0],"evs":[0.0,-1.15291]},"K6s":{"weight":1.0,"played":[1.0,0.0],"evs":[0.0,-0.59751]},"K7s":{"weight":1.0,"played":[0.9968,0.0032],"evs":[0.0,-0.44281]},"K8s":{"weight":1.0,"played":[0.1399,0.8601],"evs":[0.0,-0.03784]},"K9s":{"weight":1.0,"played":[5.0E-4,0.9995],"evs":[0.0,0.71794]},"KTs":{"weight":1.0,"played":[0.0,1.0],"evs":[0.0,2.50505]},"KJs":{"weight":1.0,"played":[0.0,1.0],"evs":[0.0,3.7875]},"KQs":{"weight":1.0,"played":[0.0,1.0],"evs":[0.0,5.38225]},"KK":{"weight":1.0,"played":[0.0,1.0],"evs":[0.0,26.31519]},"AKo":{"weight":1.0,"played":[0.0,1.0],"evs":[0.0,7.53383]},"A2s":{"weight":1.0,"played":[1.0,0.0],"evs":[0.0,-1.39202]},"A3s":{"weight":1.0,"played":[1.0,0.0],"evs":[0.0,-1.00805]},"A4s":{"weight":1.0,"played":[0.9699,0.0301],"evs":[0.0,-0.44086]},"A5s":{"weight":1.0,"played":[0.0012,0.9988],"evs":[0.0,0.16553]},"A6s":{"weight":1.0,"played":[0.9831,0.0169],"evs":[0.0,-0.59247]},"A7s":{"weight":1.0,"played":[0.0012,0.9988],"evs":[0.0,0.22997]},"A8s":{"weight":1.0,"played":[0.0,1.0],"evs":[0.0,1.07824]},"A9s":{"weight":1.0,"played":[0.0,1.0],"evs":[0.0,1.70135]},"ATs":{"weight":1.0,"played":[0.0,1.0],"evs":[0.0,4.09767]},"AJs":{"weight":1.0,"played":[0.0,1.0],"evs":[0.0,6.05524]},"AQs":{"weight":1.0,"played":[0.0,1.0],"evs":[0.0,8.16489]},"AKs":{"weight":1.0,"played":[0.0,1.0],"evs":[0.0,10.2321]},"AA":{"weight":1.0,"played":[0.0,1.0],"evs":[0.0,32.67209]}}}