{"player":4,"street":0,"children":2,"sequence":[{"player":0,"type":"R","amount":975000,"street":0},{"player":1,"type":"C","amount":955000,"street":0},{"player":2,"type":"C","amount":765000,"street":0},{"player":3,"type":"F","amount":0,"street":0}],"actions":[{"type":"F","amount":0},{"type":"C","amount":875000}],"hands":{"22":{"weight":1.0,"played":[1.0E-4,0.9999],"evs":[0.0,1.75079]},"32o":{"weight":1.0,"played":[1.0,0.0],"evs":[0.0,-1.68917]},"42o":{"weight":1.0,"played":[1.0,0.0],"evs":[0.0,-1.40117]},"52o":{"weight":1.0,"played":[1.0,0.0],"evs":[0.0,-1.22923]},"62o":{"weight":1.0,"played":[1.0,0.0],"evs":[0.0,-1.69778]},"72o":{"weight":1.0,"played":[1.0,0.0],"evs":[0.0,-2.40633]},"82o":{"weight":1.0,"played":[1.0,0.0],"evs":[0.0,-2.20643]},"92o":{"weight":1.0,"played":[1.0,0.0],"evs":[0.0,-2.30419]},"T2o":{"weight":1.0,"played":[1.0,0.0],"evs":[0.0,-2.13582]},"J2o":{"weight":1.0,"played":[1.0,0.0],"evs":[0.0,-2.04258]},"Q2o":{"weight":1.0,"played":[1.0,0.0],"evs":[0.0,-1.92981]},"K2o":{"weight":1.0,"played":[1.0,0.0],"evs":[0.0,-1.4001]},"A2o":{"weight":1.0,"played":[1.0,0.0],"evs":[0.0,-1.87996]},"32s":{"weight":1.0,"played":[2.0E-4,0.9998],"evs":[0.0,0.2291]},"33":{"weight":1.0,"played":[0.0,1.0],"evs":[0.0,2.20383]},"43o":{"weight":1.0,"played":[0.9977,0.0023],"evs":[0.0,-0.73846]},"53o":{"weight":1.0,"played":[0.9993,7.0E-4],"evs":[0.0,-0.3049]},"63o":{"weight":1.0,"played":[0.9999,1.0E-4],"evs":[0.0,-0.80236]},"73o":{"weight":1.0,"played":[1.0,0.0],"evs":[0.0,-1.58275]},"83o":{"weight":1.0,"played":[1.0,0.0],"evs":[0.0,-2.06835]},"93o":{"weight":1.0,"played":[1.0,0.0],"evs":[0.0,-1.99453]},"T3o":{"weight":1.0,"played":[1.0,0.0],"evs":[0.0,-1.97258]},"J3o":{"weight":1.0,"played":[1.0,0.0],"evs":[0.0,-1.68527]},"Q3o":{"weight":1.0,"played":[1.0,0.0],"evs":[0.0,-1.76887]},"K3o":{"weight":1.0,"played":[1.0,0.0],"evs":[0.0,-1.18487]},"A3o":{"weight":1.0,"played":[1.0,0.0],"evs":[0.0,-1.46866]},"42s":{"weight":1.0,"played":[4.0E-4,0.9996],"evs":[0.0,0.7505]},"43s":{"weight":1.0,"played":[0.0,1.0],"evs":[0.0,1.37133]},"44":{"weight":1.0,"played":[0.0,1.0],"evs":[0.0,2.85457]},"54o":{"weight":1.0,"played":[0.0,1.0],"evs":[0.0,0.50953]},"64o":{"weight":1.0,"played":[0.0022,0.9978],"evs":[0.0,0.25433]},"74o":{"weight":1.0,"played":[0.9996,4.0E-4],"evs":[0.0,-0.61187]},"84o":{"weight":1.0,"played":[1.0,0.0],"evs":[0.0,-1.19499]},"94o":{"weight":1.0,"played":[1.0,0.0],"evs":[0.0,-1.91735]},"T4o":{"weight":1.0,"played":[1.0,0.0],"evs":[0.0,-1.73603]},"J4o":{"weight":1.0,"played":[1.0,0.0],"evs":[0.0,-1.39852]},"Q4o":{"weight":1.0,"played":[1.0,0.0],"evs":[0.0,-1.57344]},"K4o":{"weight":1.0,"played":[1.0,0.0],"evs":[0.0,-0.95481]},"A4o":{"weight":1.0,"played":[1.0,0.0],"evs":[0.0,-1.30417]},"52s":{"weight":1.0,"played":[0.0,1.0],"evs":[0.0,0.76757]},"53s":{"weight":1.0,"played":[0.0,1.0],"evs":[0.0,1.56872]},"54s":{"weight":1.0,"played":[0.0,1.0],"evs":[0.0,2.29193]},"55":{"weight":1.0,"played":[0.0,1.0],"evs":[0.0,3.42786]},"65o":{"weight":1.0,"played":[0.0,1.0],"evs":[0.0,0.94049]},"75o":{"weight":1.0,"played":[0.0032,0.9968],"evs":[0.0,0.23944]},"85o":{"weight":1.0,"played":[0.9999,1.0E-4],"evs":[0.0,-0.30601]},"95o":{"weight":1.0,"played":[0.9999,1.0E-4],"evs":[0.0,-0.99865]},"T5o":{"weight":1.0,"played":[1.0,0.0],"evs":[0.0,-1.46922]},"J5o":{"weight":1.0,"played":[1.0,0.0],"evs":[0.0,-1.23676]},"Q5o":{"weight":1.0,"played":[1.0,0.0],"evs":[0.0,-1.26281]},"K5o":{"weight":1.0,"played":[0.9994,6.0E-4],"evs":[0.0,-0.71503]},"A5o":{"weight":1.0,"played":[0.9999,1.0E-4],"evs":[0.0,-1.00812]},"62s":{"weight":1.0,"played":[0.0049,0.9951],"evs":[0.0,0.31885]},"63s":{"weight":1.0,"played":[0.0,1.0],"evs":[0.0,1.347]},"64s":{"weight":1.0,"played":[0.0,1.0],"evs":[0.0,2.12734]},"65s":{"weight":1.0,"played":[0.0,1.0],"evs":[0.0,3.01918]},"66":{"weight":1.0,"played":[0.0,1.0],"evs":[0.0,4.08408]},"76o":{"weight":1.0,"played":[0.0,1.0],"evs":[0.0,0.84496]},"86o":{"weight":1.0,"played":[0.0013,0.9987],"evs":[0.0,0.39007]},"96o":{"weight":1.0,"played":[0.9952,0.0048],"evs":[0.0,-0.27709]},"T6o":{"weight":1.0,"played":[1.0,0.0],"evs":[0.0,-0.77412]},"J6o":{"weight":1.0,"played":[1.0,0.0],"evs":[0.0,-1.2012]},"Q6o":{"weight":1.0,"played":[1.0,0.0],"evs":[0.0,-1.23217]},"K6o":{"weight":1.0,"played":[0.9998,2.0E-4],"evs":[0.0,-0.41858]},"A6o":{"weight":1.0,"played":[1.0,0.0],"evs":[0.0,-1.59092]},"72s":{"weight":1.0,"played":[0.9562,0.0438],"evs":[0.0,-0.28335]},"73s":{"weight":1.0,"played":[0.0147,0.9853],"evs":[0.0,0.36309]},"74s":{"weight":1.0,"played":[0.0,1.0],"evs":[0.0,1.33807]},"75s":{"weight":1.0,"played":[0.0,1.0],"evs":[0.0,2.00722]},"76s":{"weight":1.0,"played":[0.0,1.0],"evs":[0.0,2.67943]},"77":{"weight":1.0,"played":[0.0,1.0],"evs":[0.0,4.9534]},"87o":{"weight":1.0,"played":[3.0E-4,0.9997],"evs":[0.0,0.88858]},"97o":{"weight":1.0,"played":[4.0E-4,0.9996],"evs":[0.0,0.32836]},"T7o":{"weight":1.0,"played":[0.9953,0.0047],"evs":[0.0,-0.10105]},"J7o":{"weight":1.0,"played":[0.9983,0.0017],"evs":[0.0,-0.61393]},"Q7o":{"weight":1.0,"played":[0.9998,2.0E-4],"evs":[0.0,-1.046]},"K7o":{"weight":1.0,"played":[0.9985,0.0015],"evs":[0.0,-0.61813]},"A7o":{"weight":1.0,"played":[1.0,0.0],"evs":[0.0,-1.06113]},"82s":{"weight":1.0,"played":[0.8579,0.1421],"evs":[0.0,-0.10752]},"83s":{"weight":1.0,"played":[0.8372,0.1628],"evs":[0.0,0.07094]},"84s":{"weight":1.0,"played":[1.0E-4,0.9999],"evs":[0.0,0.78626]},"85s":{"weight":1.0,"played":[3.0E-4,0.9997],"evs":[0.0,1.82676]},"86s":{"weight":1.0,"played":[0.0,1.0],"evs":[0.0,2.41503]},"87s":{"weight":1.0,"played":[0.0,1.0],"evs":[0.0,2.79597]},"88":{"weight":1.0,"played":[0.0,1.0],"evs":[0.0,5.91162]},"98o":{"weight":1.0,"played":[0.0,1.0],"evs":[0.0,0.77583]},"T8o":{"weight":1.0,"played":[2.0E-4,0.9998],"evs":[0.0,0.48381]},"J8o":{"weight":1.0,"played":[0.0548,0.9452],"evs":[0.0,0.10069]},"Q8o":{"weight":1.0,"played":[0.9987,0.0013],"evs":[0.0,-0.46545]},"K8o":{"weight":1.0,"played":[0.9983,0.0017],"evs":[0.0,-0.10127]},"A8o":{"weight":1.0,"played":[0.9997,3.0E-4],"evs":[0.0,-0.66]},"92s":{"weight":1.0,"played":[0.4661,0.5339],"evs":[0.0,0.07757]},"93s":{"weight":1.0,"played":[0.893,0.107],"evs":[0.0,-0.05865]},"94s":{"weight":1.0,"played":[0.0054,0.9946],"evs":[0.0,0.35531]},"95s":{"weight":1.0,"played":[0.0,1.0],"evs":[0.0,1.10713]},"96s":{"weight":1.0,"played":[1.0E-4,0.9999],"evs":[0.0,1.57899]},"97s":{"weight":1.0,"played":[0.0,1.0],"evs":[0.0,2.32093]},"98s":{"weight":1.0,"played":[0.0,1.0],"evs":[0.0,2.96116]},"99":{"weight":1.0,"played":[0.0,1.0],"evs":[0.0,7.05413]},"T9o":{"weight":1.0,"played":[3.0E-4,0.9997],"evs":[0.0,1.01599]},"J9o":{"weight":1.0,"played":[0.0015,0.9985],"evs":[0.0,0.66497]},"Q9o":{"weight":1.0,"played":[0.1019,0.8981],"evs":[0.0,0.14365]},"K9o":{"weight":1.0,"played":[0.0013,0.9987],"evs":[0.0,0.17371]},"A9o":{"weight":1.0,"played":[0.9897,0.0103],"evs":[0.0,-0.24722]},"T2s":{"weight":1.0,"played":[0.0489,0.9511],"evs":[0.0,0.13755]},"T3s":{"weight":1.0,"played":[0.0446,0.9554],"evs":[0.0,0.23198]},"T4s":{"weight":1.0,"played":[0.0163,0.9837],"evs":[0.0,0.3024]},"T5s":{"weight":1.0,"played":[0.0065,0.9935],"evs":[0.0,0.54933]},"T6s":{"weight":1.0,"played":[0.0,1.0],"evs":[0.0,1.28935]},"T7s":{"weight":1.0,"played":[0.0,1.0],"evs":[0.0,1.83053]},"T8s":{"weight":1.0,"played":[0.0,1.0],"evs":[0.0,2.54963]},"T9s":{"weight":1.0,"played":[0.0,1.0],"evs":[0.0,2.84855]},"TT":{"weight":1.0,"played":[0.0,1.0],"evs":[0.0,9.3079]},"JTo":{"weight":1.0,"played":[2.0E-4,0.9998],"evs":[0.0,1.40578]},"QTo":{"weight":1.0,"played":[0.0,1.0],"evs":[0.0,0.98797]},"KTo":{"weight":1.0,"played":[0.0,1.0],"evs":[0.0,1.42433]},"ATo":{"weight":1.0,"played":[0.0,1.0],"evs":[0.0,1.42141]},"J2s":{"weight":1.0,"played":[0.0252,0.9748],"evs":[0.0,0.39625]},"J3s":{"weight":1.0,"played":[0.0,1.0],"evs":[0.0,0.5561]},"J4s":{"weight":1.0,"played":[0.0034,0.9966],"evs":[0.0,0.65912]},"J5s":{"weight":1.0,"played":[0.0074,0.9926],"evs":[0.0,0.84414]},"J6s":{"weight":1.0,"played":[1.0E-4,0.9999],"evs":[0.0,1.03263]},"J7s":{"weight":1.0,"played":[1.0E-4,0.9999],"evs":[0.0,1.75026]},"J8s":{"weight":1.0,"played":[0.0,1.0],"evs":[0.0,2.40572]},"J9s":{"weight":1.0,"played":[0.0,1.0],"evs":[0.0,2.77026]},"JTs":{"weight":1.0,"played":[0.0,1.0],"evs":[0.0,3.38927]},"JJ":{"weight":1.0,"played":[0.0,1.0],"evs":[0.0,11.85511]},"QJo":{"weight":1.0,"played":[0.0,1.0],"evs":[0.0,1.69314]},"KJo":{"weight":1.0,"played":[0.0,1.0],"evs":[0.0,2.21756]},"AJo":{"weight":1.0,"played":[0.0,1.0],"evs":[0.0,2.91683]},"Q2s":{"weight":1.0,"played":[0.0013,0.9987],"evs":[0.0,0.35718]},"Q3s":{"weight":1.0,"played":[0.0057,0.9943],"evs":[0.0,0.22719]},"Q4s":{"weight":1.0,"played":[0.0037,0.9963],"evs":[0.0,0.57241]},"Q5s":{"weight":1.0,"played":[3.0E-4,0.9997],"evs":[0.0,1.04717]},"Q6s":{"weight":1.0,"played":[0.0,1.0],"evs":[0.0,0.72785]},"Q7s":{"weight":1.0,"played":[0.0,1.0],"evs":[0.0,0.75212]},"Q8s":{"weight":1.0,"played":[1.0E-4,0.9999],"evs":[0.0,1.8159]},"Q9s":{"weight":1.0,"played":[1.0E-4,0.9999],"evs":[0.0,2.13705]},"QTs":{"weight":1.0,"played":[0.0,1.0],"evs":[0.0,3.03115]},"QJs":{"weight":1.0,"played":[0.0,1.0],"evs":[0.0,3.52161]},"QQ":{"weight":1.0,"played":[0.0,1.0],"evs":[0.0,15.04783]},"KQo":{"weight":1.0,"played":[0.0,1.0],"evs":[0.0,2.72084]},"AQo":{"weight":1.0,"played":[0.0,1.0],"evs":[0.0,4.46438]},"K2s":{"weight":1.0,"played":[1.0E-4,0.9999],"evs":[0.0,0.84779]},"K3s":{"weight":1.0,"played":[0.0,1.0],"evs":[0.0,0.99365]},"K4s":{"weight":1.0,"played":[0.0,1.0],"evs":[0.0,1.10587]},"K5s":{"weight":1.0,"played":[0.0,1.0],"evs":[0.0,1.33698]},"K6s":{"weight":1.0,"played":[0.0,1.0],"evs":[0.0,1.93033]},"K7s":{"weight":1.0,"played":[1.0E-4,0.9999],"evs":[0.0,1.7991]},"K8s":{"weight":1.0,"played":[1.0E-4,0.9999],"evs":[0.0,2.10225]},"K9s":{"weight":1.0,"played":[0.0,1.0],"evs":[0.0,2.54857]},"KTs":{"weight":1.0,"played":[0.0,1.0],"evs":[0.0,3.31628]},"KJs":{"weight":1.0,"played":[0.0,1.0],"evs":[0.0,4.15271]},"KQs":{"weight":1.0,"played":[0.0,1.0],"evs":[0.0,4.37968]},"KK":{"weight":1.0,"played":[0.0,1.0],"evs":[0.0,19.93911]},"AKo":{"weight":1.0,"played":[0.0,1.0],"evs":[0.0,6.67915]},"A2s":{"weight":1.0,"played":[3.0E-4,0.9997],"evs":[0.0,0.6384]},"A3s":{"weight":1.0,"played":[0.0,1.0],"evs":[0.0,1.00861]},"A4s":{"weight":1.0,"played":[0.0,1.0],"evs":[0.0,1.19706]},"A5s":{"weight":1.0,"played":[3.0E-4,0.9997],"evs":[0.0,1.7328]},"A6s":{"weight":1.0,"played":[0.0,1.0],"evs":[0.0,0.77113]},"A7s":{"weight":1.0,"played":[1.0E-4,0.9999],"evs":[0.0,1.28794]},"A8s":{"weight":1.0,"played":[0.0,1.0],"evs":[0.0,1.60127]},"A9s":{"weight":1.0,"played":[0.0,1.0],"evs":[0.0,2.21891]},"ATs":{"weight":1.0,"played":[0.0,1.0],"evs":[0.0,3.44458]},"AJs":{"weight":1.0,"played":[0.0,1.0],"evs":[0.0,4.6044]},"AQs":{"weight":1.0,"played":[0.0,1.0],"evs":[0.0,6.39216]},"AKs":{"weight":1.0,"played":[0.0,1.0],"evs":[0.0,8.54389]},"AA":{"weight":1.0,"played":[0.0,1.0],"evs":[0.0,26.11431]}}}