{"player":4,"street":0,"children":2,"sequence":[{"player":0,"type":"R","amount":975000,"street":0},{"player":1,"type":"C","amount":955000,"street":0},{"player":2,"type":"C","amount":765000,"street":0},{"player":3,"type":"R","amount":2115000,"street":0}],"actions":[{"type":"F","amount":0},{"type":"C","amount":2015000}],"hands":{"22":{"weight":1.0,"played":[0.5116,0.4884],"evs":[0.0,0.08236]},"32o":{"weight":1.0,"played":[1.0,0.0],"evs":[0.0,-7.22649]},"42o":{"weight":1.0,"played":[1.0,0.0],"evs":[0.0,-6.6883]},"52o":{"weight":1.0,"played":[1.0,0.0],"evs":[0.0,-6.28219]},"62o":{"weight":1.0,"played":[1.0,0.0],"evs":[0.0,-7.18471]},"72o":{"weight":1.0,"played":[1.0,0.0],"evs":[0.0,-8.1778]},"82o":{"weight":1.0,"played":[1.0,0.0],"evs":[0.0,-7.37176]},"92o":{"weight":1.0,"played":[1.0,0.0],"evs":[0.0,-7.19402]},"T2o":{"weight":1.0,"played":[1.0,0.0],"evs":[0.0,-7.68994]},"J2o":{"weight":1.0,"played":[1.0,0.0],"evs":[0.0,-6.83115]},"Q2o":{"weight":1.0,"played":[1.0,0.0],"evs":[0.0,-6.3915]},"K2o":{"weight":1.0,"played":[1.0,0.0],"evs":[0.0,-5.12957]},"A2o":{"weight":1.0,"played":[1.0,0.0],"evs":[0.0,-4.5227]},"32s":{"weight":1.0,"played":[0.9999,1.0E-4],"evs":[0.0,-4.17221]},"33":{"weight":1.0,"played":[2.0E-4,0.9998],"evs":[0.0,0.72777]},"43o":{"weight":1.0,"played":[1.0,0.0],"evs":[0.0,-5.67405]},"53o":{"weight":1.0,"played":[1.0,0.0],"evs":[0.0,-4.68575]},"63o":{"weight":1.0,"played":[1.0,0.0],"evs":[0.0,-5.6141]},"73o":{"weight":1.0,"played":[1.0,0.0],"evs":[0.0,-6.46353]},"83o":{"weight":1.0,"played":[1.0,0.0],"evs":[0.0,-7.46828]},"93o":{"weight":1.0,"played":[1.0,0.0],"evs":[0.0,-6.95504]},"T3o":{"weight":1.0,"played":[1.0,0.0],"evs":[0.0,-7.10465]},"J3o":{"weight":1.0,"played":[1.0,0.0],"evs":[0.0,-6.5474]},"Q3o":{"weight":1.0,"played":[1.0,0.0],"evs":[0.0,-6.22733]},"K3o":{"weight":1.0,"played":[1.0,0.0],"evs":[0.0,-4.67836]},"A3o":{"weight":1.0,"played":[1.0,0.0],"evs":[0.0,-3.42901]},"42s":{"weight":1.0,"played":[1.0,0.0],"evs":[0.0,-3.61099]},"43s":{"weight":1.0,"played":[0.9996,4.0E-4],"evs":[0.0,-2.19178]},"44":{"weight":1.0,"played":[2.0E-4,0.9998],"evs":[0.0,2.44286]},"54o":{"weight":1.0,"played":[1.0,0.0],"evs":[0.0,-3.51027]},"64o":{"weight":1.0,"played":[1.0,0.0],"evs":[0.0,-3.89239]},"74o":{"weight":1.0,"played":[1.0,0.0],"evs":[0.0,-5.00846]},"84o":{"weight":1.0,"played":[1.0,0.0],"evs":[0.0,-5.7412]},"94o":{"weight":1.0,"played":[1.0,0.0],"evs":[0.0,-6.76685]},"T4o":{"weight":1.0,"played":[1.0,0.0],"evs":[0.0,-6.39922]},"J4o":{"weight":1.0,"played":[1.0,0.0],"evs":[0.0,-5.74757]},"Q4o":{"weight":1.0,"played":[1.0,0.0],"evs":[0.0,-5.59544]},"K4o":{"weight":1.0,"played":[1.0,0.0],"evs":[0.0,-4.27516]},"A4o":{"weight":1.0,"played":[1.0,0.0],"evs":[0.0,-3.1037]},"52s":{"weight":1.0,"played":[1.0,0.0],"evs":[0.0,-3.5367]},"53s":{"weight":1.0,"played":[0.9998,2.0E-4],"evs":[0.0,-1.97025]},"54s":{"weight":1.0,"played":[0.6773,0.3227],"evs":[0.0,0.0776]},"55":{"weight":1.0,"played":[0.0,1.0],"evs":[0.0,3.64215]},"65o":{"weight":1.0,"played":[1.0,0.0],"evs":[0.0,-2.63252]},"75o":{"weight":1.0,"played":[1.0,0.0],"evs":[0.0,-3.64382]},"85o":{"weight":1.0,"played":[1.0,0.0],"evs":[0.0,-4.28146]},"95o":{"weight":1.0,"played":[1.0,0.0],"evs":[0.0,-5.56164]},"T5o":{"weight":1.0,"played":[1.0,0.0],"evs":[0.0,-6.3812]},"J5o":{"weight":1.0,"played":[1.0,0.0],"evs":[0.0,-5.27497]},"Q5o":{"weight":1.0,"played":[1.0,0.0],"evs":[0.0,-5.10636]},"K5o":{"weight":1.0,"played":[0.9999,1.0E-4],"evs":[0.0,-3.26262]},"A5o":{"weight":1.0,"played":[1.0,0.0],"evs":[0.0,-2.33881]},"62s":{"weight":1.0,"played":[1.0,0.0],"evs":[0.0,-3.55703]},"63s":{"weight":1.0,"played":[0.9998,2.0E-4],"evs":[0.0,-2.41532]},"64s":{"weight":1.0,"played":[1.0,0.0],"evs":[0.0,-0.9269]},"65s":{"weight":1.0,"played":[0.0085,0.9915],"evs":[0.0,0.24225]},"66":{"weight":1.0,"played":[0.0,1.0],"evs":[0.0,5.32469]},"76o":{"weight":1.0,"played":[1.0,0.0],"evs":[0.0,-2.17991]},"86o":{"weight":1.0,"played":[1.0,0.0],"evs":[0.0,-3.22821]},"96o":{"weight":1.0,"played":[1.0,0.0],"evs":[0.0,-3.991]},"T6o":{"weight":1.0,"played":[1.0,0.0],"evs":[0.0,-5.39275]},"J6o":{"weight":1.0,"played":[1.0,0.0],"evs":[0.0,-5.24072]},"Q6o":{"weight":1.0,"played":[1.0,0.0],"evs":[0.0,-4.74382]},"K6o":{"weight":1.0,"played":[1.0,0.0],"evs":[0.0,-3.0751]},"A6o":{"weight":1.0,"played":[1.0,0.0],"evs":[0.0,-3.54134]},"72s":{"weight":1.0,"played":[1.0,0.0],"evs":[0.0,-4.72043]},"73s":{"weight":1.0,"played":[1.0,0.0],"evs":[0.0,-3.40536]},"74s":{"weight":1.0,"played":[0.995,0.005],"evs":[0.0,-1.80721]},"75s":{"weight":1.0,"played":[0.9366,0.0634],"evs":[0.0,-0.2212]},"76s":{"weight":1.0,"played":[0.0108,0.9892],"evs":[0.0,0.74884]},"77":{"weight":1.0,"played":[0.0,1.0],"evs":[0.0,7.14988]},"87o":{"weight":1.0,"played":[0.9995,5.0E-4],"evs":[0.0,-2.29028]},"97o":{"weight":1.0,"played":[1.0,0.0],"evs":[0.0,-2.94213]},"T7o":{"weight":1.0,"played":[1.0,0.0],"evs":[0.0,-4.41007]},"J7o":{"weight":1.0,"played":[1.0,0.0],"evs":[0.0,-4.14283]},"Q7o":{"weight":1.0,"played":[1.0,0.0],"evs":[0.0,-4.65882]},"K7o":{"weight":1.0,"played":[0.9999,1.0E-4],"evs":[0.0,-2.58687]},"A7o":{"weight":1.0,"played":[1.0,0.0],"evs":[0.0,-3.02351]},"82s":{"weight":1.0,"played":[1.0,0.0],"evs":[0.0,-3.56221]},"83s":{"weight":1.0,"played":[1.0,0.0],"evs":[0.0,-3.92677]},"84s":{"weight":1.0,"played":[1.0,0.0],"evs":[0.0,-2.06334]},"85s":{"weight":1.0,"played":[0.998,0.002],"evs":[0.0,-1.64461]},"86s":{"weight":1.0,"played":[0.4051,0.5949],"evs":[0.0,0.23801]},"87s":{"weight":1.0,"played":[1.0E-4,0.9999],"evs":[0.0,0.24123]},"88":{"weight":1.0,"played":[0.0,1.0],"evs":[0.0,8.65546]},"98o":{"weight":1.0,"played":[0.9997,3.0E-4],"evs":[0.0,-2.29419]},"T8o":{"weight":1.0,"played":[0.9998,2.0E-4],"evs":[0.0,-2.67529]},"J8o":{"weight":1.0,"played":[1.0,0.0],"evs":[0.0,-3.04103]},"Q8o":{"weight":1.0,"played":[1.0,0.0],"evs":[0.0,-3.24979]},"K8o":{"weight":1.0,"played":[1.0,0.0],"evs":[0.0,-2.00508]},"A8o":{"weight":1.0,"played":[0.9999,1.0E-4],"evs":[0.0,-2.09458]},"92s":{"weight":1.0,"played":[1.0,0.0],"evs":[0.0,-4.31168]},"93s":{"weight":1.0,"played":[1.0,0.0],"evs":[0.0,-3.92907]},"94s":{"weight":1.0,"played":[1.0,0.0],"evs":[0.0,-2.91367]},"95s":{"weight":1.0,"played":[0.9994,6.0E-4],"evs":[0.0,-2.16704]},"96s":{"weight":1.0,"played":[0.9641,0.0359],"evs":[0.0,-0.85147]},"97s":{"weight":1.0,"played":[0.1538,0.8462],"evs":[0.0,0.06738]},"98s":{"weight":1.0,"played":[0.0077,0.9923],"evs":[0.0,1.32127]},"99":{"weight":1.0,"played":[0.0,1.0],"evs":[0.0,10.53982]},"T9o":{"weight":1.0,"played":[0.9999,1.0E-4],"evs":[0.0,-1.81062]},"J9o":{"weight":1.0,"played":[0.9999,1.0E-4],"evs":[0.0,-1.98515]},"Q9o":{"weight":1.0,"played":[0.9999,1.0E-4],"evs":[0.0,-1.92871]},"K9o":{"weight":1.0,"played":[0.9998,2.0E-4],"evs":[0.0,-1.63148]},"A9o":{"weight":1.0,"played":[0.9993,7.0E-4],"evs":[0.0,-1.21097]},"T2s":{"weight":1.0,"played":[1.0,0.0],"evs":[0.0,-3.79094]},"T3s":{"weight":1.0,"played":[1.0,0.0],"evs":[0.0,-4.2489]},"T4s":{"weight":1.0,"played":[1.0,0.0],"evs":[0.0,-3.42948]},"T5s":{"weight":1.0,"played":[0.9997,3.0E-4],"evs":[0.0,-2.92081]},"T6s":{"weight":1.0,"played":[0.9996,4.0E-4],"evs":[0.0,-2.07601]},"T7s":{"weight":1.0,"played":[0.9936,0.0064],"evs":[0.0,-1.01685]},"T8s":{"weight":1.0,"played":[0.02,0.98],"evs":[0.0,0.52305]},"T9s":{"weight":1.0,"played":[0.0018,0.9982],"evs":[0.0,1.15302]},"TT":{"weight":1.0,"played":[0.0,1.0],"evs":[0.0,13.08497]},"JTo":{"weight":1.0,"played":[0.9818,0.0182],"evs":[0.0,-0.90409]},"QTo":{"weight":1.0,"played":[0.9976,0.0024],"evs":[0.0,-1.34587]},"KTo":{"weight":1.0,"played":[0.3251,0.6749],"evs":[0.0,0.07662]},"ATo":{"weight":1.0,"played":[0.0035,0.9965],"evs":[0.0,0.70003]},"J2s":{"weight":1.0,"played":[1.0,0.0],"evs":[0.0,-3.25757]},"J3s":{"weight":1.0,"played":[0.9986,0.0014],"evs":[0.0,-3.02272]},"J4s":{"weight":1.0,"played":[0.998,0.002],"evs":[0.0,-2.25604]},"J5s":{"weight":1.0,"played":[0.9956,0.0044],"evs":[0.0,-1.97498]},"J6s":{"weight":1.0,"played":[1.0,0.0],"evs":[0.0,-1.68745]},"J7s":{"weight":1.0,"played":[0.9678,0.0322],"evs":[0.0,-0.38431]},"J8s":{"weight":1.0,"played":[0.7331,0.2669],"evs":[0.0,0.01717]},"J9s":{"weight":1.0,"played":[0.0029,0.9971],"evs":[0.0,1.47813]},"JTs":{"weight":1.0,"played":[6.0E-4,0.9994],"evs":[0.0,2.09267]},"JJ":{"weight":1.0,"played":[0.0,1.0],"evs":[0.0,17.30478]},"QJo":{"weight":1.0,"played":[0.0901,0.9099],"evs":[0.0,0.36706]},"KJo":{"weight":1.0,"played":[0.0,1.0],"evs":[0.0,1.27363]},"AJo":{"weight":1.0,"played":[0.0,1.0],"evs":[0.0,2.48936]},"Q2s":{"weight":1.0,"played":[0.9997,3.0E-4],"evs":[0.0,-2.62767]},"Q3s":{"weight":1.0,"played":[1.0,0.0],"evs":[0.0,-2.8442]},"Q4s":{"weight":1.0,"played":[0.9834,0.0166],"evs":[0.0,-1.77219]},"Q5s":{"weight":1.0,"played":[0.9994,6.0E-4],"evs":[0.0,-1.61383]},"Q6s":{"weight":1.0,"played":[0.9846,0.0154],"evs":[0.0,-0.88917]},"Q7s":{"weight":1.0,"played":[0.9986,0.0014],"evs":[0.0,-1.01627]},"Q8s":{"weight":1.0,"played":[0.2167,0.7833],"evs":[0.0,0.51661]},"Q9s":{"weight":1.0,"played":[2.0E-4,0.9998],"evs":[0.0,1.212]},"QTs":{"weight":1.0,"played":[0.0,1.0],"evs":[0.0,2.3791]},"QJs":{"weight":1.0,"played":[0.0,1.0],"evs":[0.0,3.43524]},"QQ":{"weight":1.0,"played":[0.0,1.0],"evs":[0.0,21.52119]},"KQo":{"weight":1.0,"played":[0.0,1.0],"evs":[0.0,2.53761]},"AQo":{"weight":1.0,"played":[0.0,1.0],"evs":[0.0,3.391]},"K2s":{"weight":1.0,"played":[0.9967,0.0033],"evs":[0.0,-1.83055]},"K3s":{"weight":1.0,"played":[0.9999,1.0E-4],"evs":[0.0,-1.00848]},"K4s":{"weight":1.0,"played":[0.9917,0.0083],"evs":[0.0,-0.58141]},"K5s":{"weight":1.0,"played":[0.097,0.903],"evs":[0.0,-0.02134]},"K6s":{"weight":1.0,"played":[0.0086,0.9914],"evs":[0.0,0.79013]},"K7s":{"weight":1.0,"played":[6.0E-4,0.9994],"evs":[0.0,0.85379]},"K8s":{"weight":1.0,"played":[0.0,1.0],"evs":[0.0,0.94957]},"K9s":{"weight":1.0,"played":[1.0E-4,0.9999],"evs":[0.0,1.77784]},"KTs":{"weight":1.0,"played":[0.0,1.0],"evs":[0.0,3.34821]},"KJs":{"weight":1.0,"played":[0.0,1.0],"evs":[0.0,4.48638]},"KQs":{"weight":1.0,"played":[0.0,1.0],"evs":[0.0,6.05276]},"KK":{"weight":1.0,"played":[0.0,1.0],"evs":[0.0,28.1428]},"AKo":{"weight":1.0,"played":[0.0,1.0],"evs":[0.0,5.97945]},"A2s":{"weight":1.0,"played":[0.9459,0.0541],"evs":[0.0,-0.43467]},"A3s":{"weight":1.0,"played":[0.6301,0.3699],"evs":[0.0,0.15188]},"A4s":{"weight":1.0,"played":[0.2135,0.7865],"evs":[0.0,0.44274]},"A5s":{"weight":1.0,"played":[0.0159,0.9841],"evs":[0.0,1.19024]},"A6s":{"weight":1.0,"played":[0.028,0.972],"evs":[0.0,0.36904]},"A7s":{"weight":1.0,"played":[0.0042,0.9958],"evs":[0.0,0.95769]},"A8s":{"weight":1.0,"played":[0.0,1.0],"evs":[0.0,1.5561]},"A9s":{"weight":1.0,"played":[1.0E-4,0.9999],"evs":[0.0,2.10646]},"ATs":{"weight":1.0,"played":[0.0,1.0],"evs":[0.0,4.43182]},"AJs":{"weight":1.0,"played":[0.0,1.0],"evs":[0.0,5.40224]},"AQs":{"weight":1.0,"played":[0.0,1.0],"evs":[0.0,7.01407]},"AKs":{"weight":1.0,"played":[0.0,1.0],"evs":[0.0,9.47992]},"AA":{"weight":1.0,"played":[0.0,1.0],"evs":[0.0,34.97057]}}}