{"player":4,"street":0,"children":2,"sequence":[{"player":0,"type":"F","amount":0,"street":0},{"player":1,"type":"F","amount":0,"street":0},{"player":2,"type":"F","amount":0,"street":0},{"player":3,"type":"C","amount":50000,"street":0},{"player":4,"type":"R","amount":300000,"street":0},{"player":3,"type":"R","amount":2115000,"street":0}],"actions":[{"type":"F","amount":0},{"type":"C","amount":1815000}],"hands":{"22":{"weight":0.0,"played":[1.0,0.0],"evs":[0.0,-1.89303]},"32o":{"weight":0.0042,"played":[1.0,0.0],"evs":[0.0,-9.94423]},"42o":{"weight":0.6243,"played":[1.0,0.0],"evs":[0.0,-9.51516]},"52o":{"weight":0.0296,"played":[1.0,0.0],"evs":[0.0,-9.14594]},"62o":{"weight":0.3659,"played":[1.0,0.0],"evs":[0.0,-9.12814]},"72o":{"weight":0.6217,"played":[1.0,0.0],"evs":[0.0,-8.74391]},"82o":{"weight":0.4928,"played":[1.0,0.0],"evs":[0.0,-7.79471]},"92o":{"weight":0.0263,"played":[1.0,0.0],"evs":[0.0,-7.2557]},"T2o":{"weight":0.0369,"played":[1.0,0.0],"evs":[0.0,-6.97241]},"J2o":{"weight":0.2098,"played":[1.0,0.0],"evs":[0.0,-7.03181]},"Q2o":{"weight":0.3092,"played":[1.0,0.0],"evs":[0.0,-7.14373]},"K2o":{"weight":0.0,"played":[1.0,0.0],"evs":[0.0,-5.65541]},"A2o":{"weight":0.0,"played":[1.0,0.0],"evs":[0.0,-3.64183]},"32s":{"weight":0.0,"played":[1.0,0.0],"evs":[0.0,-7.98742]},"33":{"weight":0.0,"played":[1.0,0.0],"evs":[0.0,-0.92576]},"43o":{"weight":0.5142,"played":[1.0,0.0],"evs":[0.0,-8.62471]},"53o":{"weight":0.4125,"played":[1.0,0.0],"evs":[0.0,-8.21969]},"63o":{"weight":0.4422,"played":[1.0,0.0],"evs":[0.0,-8.20134]},"73o":{"weight":0.0062,"played":[1.0,0.0],"evs":[0.0,-7.93397]},"83o":{"weight":0.0232,"played":[1.0,0.0],"evs":[0.0,-7.69988]},"93o":{"weight":0.7214,"played":[1.0,0.0],"evs":[0.0,-6.91665]},"T3o":{"weight":0.9679,"played":[1.0,0.0],"evs":[0.0,-6.67998]},"J3o":{"weight":0.2468,"played":[1.0,0.0],"evs":[0.0,-6.63263]},"Q3o":{"weight":0.0149,"played":[1.0,0.0],"evs":[0.0,-6.70575]},"K3o":{"weight":2.0E-4,"played":[1.0,0.0],"evs":[0.0,-5.26258]},"A3o":{"weight":0.1204,"played":[1.0,0.0],"evs":[0.0,-3.24003]},"42s":{"weight":0.0,"played":[1.0,0.0],"evs":[0.0,-7.41092]},"43s":{"weight":0.0,"played":[1.0,0.0],"evs":[0.0,-6.56972]},"44":{"weight":0.0,"played":[6.0E-4,0.9994],"evs":[0.0,0.50715]},"54o":{"weight":0.0061,"played":[1.0,0.0],"evs":[0.0,-7.35351]},"64o":{"weight":0.4373,"played":[1.0,0.0],"evs":[0.0,-7.38051]},"74o":{"weight":0.4041,"played":[1.0,0.0],"evs":[0.0,-7.00074]},"84o":{"weight":0.7598,"played":[1.0,0.0],"evs":[0.0,-6.82012]},"94o":{"weight":0.455,"played":[1.0,0.0],"evs":[0.0,-6.74427]},"T4o":{"weight":0.6549,"played":[1.0,0.0],"evs":[0.0,-6.35857]},"J4o":{"weight":0.4911,"played":[1.0,0.0],"evs":[0.0,-6.28883]},"Q4o":{"weight":0.0945,"played":[1.0,0.0],"evs":[0.0,-6.53883]},"K4o":{"weight":0.0,"played":[1.0,0.0],"evs":[0.0,-5.02612]},"A4o":{"weight":0.3529,"played":[1.0,0.0],"evs":[0.0,-2.86218]},"52s":{"weight":0.0,"played":[1.0,0.0],"evs":[0.0,-7.05366]},"53s":{"weight":0.0,"played":[1.0,0.0],"evs":[0.0,-6.18742]},"54s":{"weight":0.0,"played":[1.0,0.0],"evs":[0.0,-5.58194]},"55":{"weight":4.0E-4,"played":[0.0,1.0],"evs":[0.0,2.25006]},"65o":{"weight":8.0E-4,"played":[1.0,0.0],"evs":[0.0,-6.43664]},"75o":{"weight":0.7409,"played":[1.0,0.0],"evs":[0.0,-6.19109]},"85o":{"weight":0.9743,"played":[1.0,0.0],"evs":[0.0,-5.94725]},"95o":{"weight":0.4026,"played":[1.0,0.0],"evs":[0.0,-5.87043]},"T5o":{"weight":0.3263,"played":[1.0,0.0],"evs":[0.0,-6.08249]},"J5o":{"weight":0.0152,"played":[1.0,0.0],"evs":[0.0,-5.96042]},"Q5o":{"weight":0.0014,"played":[1.0,0.0],"evs":[0.0,-6.0435]},"K5o":{"weight":8.0E-4,"played":[1.0,0.0],"evs":[0.0,-4.34285]},"A5o":{"weight":0.0331,"played":[1.0,0.0],"evs":[0.0,-1.89979]},"62s":{"weight":0.0,"played":[1.0,0.0],"evs":[0.0,-7.00566]},"63s":{"weight":0.0,"played":[1.0,0.0],"evs":[0.0,-6.2584]},"64s":{"weight":5.0E-4,"played":[1.0,0.0],"evs":[0.0,-5.44293]},"65s":{"weight":0.0,"played":[1.0,0.0],"evs":[0.0,-4.53422]},"66":{"weight":1.0,"played":[0.0,1.0],"evs":[0.0,4.57552]},"76o":{"weight":0.373,"played":[1.0,0.0],"evs":[0.0,-4.85644]},"86o":{"weight":0.4742,"played":[1.0,0.0],"evs":[0.0,-4.5777]},"96o":{"weight":0.4947,"played":[1.0,0.0],"evs":[0.0,-4.47049]},"T6o":{"weight":0.9983,"played":[1.0,0.0],"evs":[0.0,-4.7652]},"J6o":{"weight":0.3706,"played":[1.0,0.0],"evs":[0.0,-5.24743]},"Q6o":{"weight":0.0391,"played":[1.0,0.0],"evs":[0.0,-5.16763]},"K6o":{"weight":0.0914,"played":[1.0,0.0],"evs":[0.0,-3.62318]},"A6o":{"weight":0.0,"played":[1.0,0.0],"evs":[0.0,-1.62252]},"72s":{"weight":0.0,"played":[1.0,0.0],"evs":[0.0,-6.70962]},"73s":{"weight":0.0,"played":[1.0,0.0],"evs":[0.0,-5.96971]},"74s":{"weight":0.0,"played":[1.0,0.0],"evs":[0.0,-5.13959]},"75s":{"weight":0.0,"played":[1.0,0.0],"evs":[0.0,-4.3076]},"76s":{"weight":0.0,"played":[1.0,0.0],"evs":[0.0,-3.08289]},"77":{"weight":1.0,"played":[0.0,1.0],"evs":[0.0,7.30818]},"87o":{"weight":0.001,"played":[1.0,0.0],"evs":[0.0,-3.12493]},"97o":{"weight":0.1473,"played":[1.0,0.0],"evs":[0.0,-3.14011]},"T7o":{"weight":0.3822,"played":[1.0,0.0],"evs":[0.0,-3.46398]},"J7o":{"weight":0.4778,"played":[1.0,0.0],"evs":[0.0,-3.95598]},"Q7o":{"weight":0.7308,"played":[1.0,0.0],"evs":[0.0,-4.54196]},"K7o":{"weight":0.9719,"played":[1.0,0.0],"evs":[0.0,-2.75122]},"A7o":{"weight":0.0,"played":[0.9938,0.0062],"evs":[0.0,-0.30345]},"82s":{"weight":1.0E-4,"played":[1.0,0.0],"evs":[0.0,-5.99519]},"83s":{"weight":2.0E-4,"played":[1.0,0.0],"evs":[0.0,-5.75117]},"84s":{"weight":1.0E-4,"played":[1.0,0.0],"evs":[0.0,-4.88519]},"85s":{"weight":0.0,"played":[1.0,0.0],"evs":[0.0,-3.95339]},"86s":{"weight":1.0E-4,"played":[1.0,0.0],"evs":[0.0,-2.79404]},"87s":{"weight":0.0,"played":[1.0,0.0],"evs":[0.0,-1.47258]},"88":{"weight":1.0,"played":[0.0,1.0],"evs":[0.0,10.11134]},"98o":{"weight":0.1938,"played":[1.0,0.0],"evs":[0.0,-1.90905]},"T8o":{"weight":0.0426,"played":[1.0,0.0],"evs":[0.0,-2.2522]},"J8o":{"weight":0.2018,"played":[1.0,0.0],"evs":[0.0,-2.72096]},"Q8o":{"weight":0.9243,"played":[1.0,0.0],"evs":[0.0,-3.24213]},"K8o":{"weight":1.0,"played":[1.0,0.0],"evs":[0.0,-2.20194]},"A8o":{"weight":0.0,"played":[0.0,1.0],"evs":[0.0,0.83553]},"92s":{"weight":1.0E-4,"played":[1.0,0.0],"evs":[0.0,-5.22729]},"93s":{"weight":0.0,"played":[1.0,0.0],"evs":[0.0,-4.94624]},"94s":{"weight":0.0,"played":[1.0,0.0],"evs":[0.0,-4.84518]},"95s":{"weight":0.0,"played":[1.0,0.0],"evs":[0.0,-4.03091]},"96s":{"weight":0.0,"played":[1.0,0.0],"evs":[0.0,-2.7507]},"97s":{"weight":0.0,"played":[1.0,0.0],"evs":[0.0,-1.28392]},"98s":{"weight":0.0,"played":[0.9959,0.0041],"evs":[0.0,-0.25123]},"99":{"weight":1.0,"played":[0.0,1.0],"evs":[0.0,12.07223]},"T9o":{"weight":1.0E-4,"played":[1.0,0.0],"evs":[0.0,-1.21441]},"J9o":{"weight":0.1347,"played":[1.0,0.0],"evs":[0.0,-1.66225]},"Q9o":{"weight":0.9732,"played":[1.0,0.0],"evs":[0.0,-2.18868]},"K9o":{"weight":0.9997,"played":[1.0,0.0],"evs":[0.0,-1.0713]},"A9o":{"weight":0.0,"played":[0.0,1.0],"evs":[0.0,1.82174]},"T2s":{"weight":0.0,"played":[1.0,0.0],"evs":[0.0,-5.09624]},"T3s":{"weight":0.0,"played":[1.0,0.0],"evs":[0.0,-4.82928]},"T4s":{"weight":9.0E-4,"played":[1.0,0.0],"evs":[0.0,-4.38506]},"T5s":{"weight":0.0,"played":[1.0,0.0],"evs":[0.0,-4.29627]},"T6s":{"weight":7.0E-4,"played":[1.0,0.0],"evs":[0.0,-2.90332]},"T7s":{"weight":0.0,"played":[1.0,0.0],"evs":[0.0,-1.66229]},"T8s":{"weight":1.0E-4,"played":[0.9985,0.0015],"evs":[0.0,-0.62349]},"T9s":{"weight":0.0296,"played":[0.0,1.0],"evs":[0.0,0.36634]},"TT":{"weight":1.0,"played":[0.0,1.0],"evs":[0.0,13.48294]},"JTo":{"weight":0.0,"played":[0.9994,6.0E-4],"evs":[0.0,-0.60075]},"QTo":{"weight":1.0E-4,"played":[1.0,0.0],"evs":[0.0,-1.1059]},"KTo":{"weight":0.5745,"played":[0.4693,0.5307],"evs":[0.0,-0.00467]},"ATo":{"weight":0.1384,"played":[0.0,1.0],"evs":[0.0,3.83044]},"J2s":{"weight":0.0,"played":[1.0,0.0],"evs":[0.0,-5.03415]},"J3s":{"weight":1.0E-4,"played":[1.0,0.0],"evs":[0.0,-4.77042]},"J4s":{"weight":0.0,"played":[1.0,0.0],"evs":[0.0,-4.29622]},"J5s":{"weight":0.0,"played":[1.0,0.0],"evs":[0.0,-4.03851]},"J6s":{"weight":1.0E-4,"played":[1.0,0.0],"evs":[0.0,-3.5056]},"J7s":{"weight":0.0,"played":[1.0,0.0],"evs":[0.0,-2.12843]},"J8s":{"weight":0.0,"played":[0.9993,7.0E-4],"evs":[0.0,-0.91257]},"J9s":{"weight":0.001,"played":[0.3931,0.6069],"evs":[0.0,0.08351]},"JTs":{"weight":0.9994,"played":[0.0,1.0],"evs":[0.0,0.99797]},"JJ":{"weight":1.0,"played":[0.0,1.0],"evs":[0.0,14.04794]},"QJo":{"weight":0.3433,"played":[1.0,0.0],"evs":[0.0,-1.07646]},"KJo":{"weight":0.8073,"played":[0.0807,0.9193],"evs":[0.0,0.07027]},"AJo":{"weight":0.897,"played":[0.0,1.0],"evs":[0.0,5.68238]},"Q2s":{"weight":0.0,"played":[1.0,0.0],"evs":[0.0,-5.15517]},"Q3s":{"weight":0.0,"played":[1.0,0.0],"evs":[0.0,-4.91738]},"Q4s":{"weight":0.0,"played":[1.0,0.0],"evs":[0.0,-4.40963]},"Q5s":{"weight":0.0,"played":[1.0,0.0],"evs":[0.0,-4.21737]},"Q6s":{"weight":0.0,"played":[1.0,0.0],"evs":[0.0,-3.46875]},"Q7s":{"weight":0.0,"played":[1.0,0.0],"evs":[0.0,-2.72255]},"Q8s":{"weight":0.0,"played":[1.0,0.0],"evs":[0.0,-1.55555]},"Q9s":{"weight":3.0E-4,"played":[0.995,0.005],"evs":[0.0,-0.65362]},"QTs":{"weight":0.294,"played":[0.0,1.0],"evs":[0.0,0.34827]},"QJs":{"weight":0.9917,"played":[0.0,1.0],"evs":[0.0,0.4258]},"QQ":{"weight":1.0,"played":[0.0,1.0],"evs":[0.0,15.3209]},"KQo":{"weight":1.0,"played":[0.0464,0.9536],"evs":[0.0,0.01974]},"AQo":{"weight":1.0,"played":[0.0,1.0],"evs":[0.0,8.72591]},"K2s":{"weight":0.0,"played":[1.0,0.0],"evs":[0.0,-3.71728]},"K3s":{"weight":0.0,"played":[1.0,0.0],"evs":[0.0,-3.36222]},"K4s":{"weight":0.0,"played":[1.0,0.0],"evs":[0.0,-3.11355]},"K5s":{"weight":0.0,"played":[1.0,0.0],"evs":[0.0,-2.63749]},"K6s":{"weight":0.0,"played":[1.0,0.0],"evs":[0.0,-1.95719]},"K7s":{"weight":0.0017,"played":[0.9999,1.0E-4],"evs":[0.0,-1.06328]},"K8s":{"weight":0.0,"played":[0.9954,0.0046],"evs":[0.0,-0.51981]},"K9s":{"weight":0.9998,"played":[0.0,1.0],"evs":[0.0,0.46365]},"KTs":{"weight":1.0,"played":[0.0,1.0],"evs":[0.0,1.45745]},"KJs":{"weight":0.9999,"played":[0.0,1.0],"evs":[0.0,1.55284]},"KQs":{"weight":1.0,"played":[0.0,1.0],"evs":[0.0,1.40426]},"KK":{"weight":1.0,"played":[0.0,1.0],"evs":[0.0,15.94713]},"AKo":{"weight":1.0,"played":[0.0,1.0],"evs":[0.0,10.86376]},"A2s":{"weight":0.1314,"played":[1.0,0.0],"evs":[0.0,-1.85526]},"A3s":{"weight":0.0,"played":[1.0,0.0],"evs":[0.0,-1.42011]},"A4s":{"weight":1.0E-4,"played":[0.9998,2.0E-4],"evs":[0.0,-1.00925]},"A5s":{"weight":8.0E-4,"played":[0.9965,0.0035],"evs":[0.0,-0.22514]},"A6s":{"weight":0.0399,"played":[1.0E-4,0.9999],"evs":[0.0,0.18185]},"A7s":{"weight":1.0,"played":[0.0,1.0],"evs":[0.0,1.2724]},"A8s":{"weight":1.0,"played":[0.0,1.0],"evs":[0.0,2.38382]},"A9s":{"weight":1.0,"played":[0.0,1.0],"evs":[0.0,3.25319]},"ATs":{"weight":1.0,"played":[0.0,1.0],"evs":[0.0,5.00691]},"AJs":{"weight":1.0,"played":[0.0,1.0],"evs":[0.0,6.79734]},"AQs":{"weight":1.0,"played":[0.0,1.0],"evs":[0.0,9.80536]},"AKs":{"weight":1.0,"played":[0.0,1.0],"evs":[0.0,11.67738]},"AA":{"weight":1.0,"played":[0.0,1.0],"evs":[0.0,22.76546]}}}