{"player":3,"street":0,"children":2,"sequence":[{"player":0,"type":"F","amount":0,"street":0},{"player":1,"type":"R","amount":985000,"street":0},{"player":2,"type":"F","amount":0,"street":0},{"player":3,"type":"C","amount":985000,"street":0},{"player":4,"type":"R","amount":2985000,"street":0},{"player":5,"type":"C","amount":2885000,"street":0}],"actions":[{"type":"F","amount":0},{"type":"C","amount":1500000}],"hands":{"22":{"weight":0.0,"played":[0.0957,0.9043],"evs":[0.0,0.69665]},"32o":{"weight":0.0,"played":[0.9992,8.0E-4],"evs":[0.0,-3.36589]},"42o":{"weight":0.0,"played":[0.9973,0.0027],"evs":[0.0,-2.16408]},"52o":{"weight":0.0,"played":[0.9999,1.0E-4],"evs":[0.0,-2.30764]},"62o":{"weight":0.0,"played":[1.0,0.0],"evs":[0.0,-3.27569]},"72o":{"weight":0.0,"played":[0.9919,0.0081],"evs":[0.0,-3.83771]},"82o":{"weight":0.0,"played":[0.9967,0.0033],"evs":[0.0,-3.80347]},"92o":{"weight":0.0,"played":[0.9979,0.0021],"evs":[0.0,-4.21019]},"T2o":{"weight":0.0,"played":[0.9983,0.0017],"evs":[0.0,-3.49377]},"J2o":{"weight":0.0,"played":[1.0,0.0],"evs":[0.0,-3.25121]},"Q2o":{"weight":0.0,"played":[0.999,0.001],"evs":[0.0,-2.42695]},"K2o":{"weight":0.0,"played":[0.9989,0.0011],"evs":[0.0,-1.37615]},"A2o":{"weight":0.0,"played":[0.9952,0.0048],"evs":[0.0,-2.81483]},"32s":{"weight":0.0,"played":[0.562,0.438],"evs":[0.0,-0.76613]},"33":{"weight":0.0,"played":[0.0013,0.9987],"evs":[0.0,0.96523]},"43o":{"weight":0.0,"played":[0.9996,4.0E-4],"evs":[0.0,-1.77572]},"53o":{"weight":0.0,"played":[0.9874,0.0126],"evs":[0.0,-0.54656]},"63o":{"weight":0.0,"played":[0.9997,3.0E-4],"evs":[0.0,-2.18192]},"73o":{"weight":0.0,"played":[0.9898,0.0102],"evs":[0.0,-3.24654]},"83o":{"weight":0.0,"played":[0.9942,0.0058],"evs":[0.0,-3.31686]},"93o":{"weight":0.0,"played":[0.9996,4.0E-4],"evs":[0.0,-3.47105]},"T3o":{"weight":0.0,"played":[0.9999,1.0E-4],"evs":[0.0,-3.36201]},"J3o":{"weight":0.0,"played":[0.9993,7.0E-4],"evs":[0.0,-2.64235]},"Q3o":{"weight":0.0,"played":[0.9983,0.0017],"evs":[0.0,-2.81228]},"K3o":{"weight":0.0,"played":[0.9856,0.0144],"evs":[0.0,-2.65922]},"A3o":{"weight":0.0,"played":[0.9941,0.0059],"evs":[0.0,-2.61435]},"42s":{"weight":0.0,"played":[0.7454,0.2546],"evs":[0.0,0.22968]},"43s":{"weight":0.0,"played":[0.2462,0.7538],"evs":[0.0,0.85752]},"44":{"weight":0.1735,"played":[0.0046,0.9954],"evs":[0.0,0.76886]},"54o":{"weight":0.0,"played":[0.4198,0.5802],"evs":[0.0,-0.20031]},"64o":{"weight":0.0,"played":[0.9879,0.0121],"evs":[0.0,-0.51391]},"74o":{"weight":0.0,"played":[0.9841,0.0159],"evs":[0.0,-1.73921]},"84o":{"weight":0.0,"played":[0.9955,0.0045],"evs":[0.0,-2.23655]},"94o":{"weight":0.0,"played":[0.9937,0.0063],"evs":[0.0,-3.57861]},"T4o":{"weight":0.0,"played":[0.9993,7.0E-4],"evs":[0.0,-2.77158]},"J4o":{"weight":0.0,"played":[0.9913,0.0087],"evs":[0.0,-2.97883]},"Q4o":{"weight":0.0,"played":[0.9895,0.0105],"evs":[0.0,-2.62582]},"K4o":{"weight":0.0,"played":[0.9825,0.0175],"evs":[0.0,-1.76072]},"A4o":{"weight":0.0,"played":[0.9944,0.0056],"evs":[0.0,-2.43387]},"52s":{"weight":0.0,"played":[0.5826,0.4174],"evs":[0.0,-0.54874]},"53s":{"weight":0.0,"played":[0.0289,0.9711],"evs":[0.0,2.31739]},"54s":{"weight":0.0,"played":[0.0043,0.9957],"evs":[0.0,1.95998]},"55":{"weight":0.0521,"played":[0.0,1.0],"evs":[0.0,1.79373]},"65o":{"weight":0.0,"played":[0.4836,0.5164],"evs":[0.0,-0.2882]},"75o":{"weight":0.0,"played":[0.9723,0.0277],"evs":[0.0,-1.01849]},"85o":{"weight":0.0,"played":[0.9942,0.0058],"evs":[0.0,-2.036]},"95o":{"weight":0.0,"played":[0.9918,0.0082],"evs":[0.0,-2.20616]},"T5o":{"weight":0.0,"played":[0.9978,0.0022],"evs":[0.0,-2.97374]},"J5o":{"weight":0.0,"played":[0.9974,0.0026],"evs":[0.0,-2.66993]},"Q5o":{"weight":0.0,"played":[0.9946,0.0054],"evs":[0.0,-1.51152]},"K5o":{"weight":0.0,"played":[0.9856,0.0144],"evs":[0.0,-2.10558]},"A5o":{"weight":0.0,"played":[0.9966,0.0034],"evs":[0.0,-2.50273]},"62s":{"weight":0.0,"played":[0.9817,0.0183],"evs":[0.0,-1.44582]},"63s":{"weight":0.0,"played":[0.7103,0.2897],"evs":[0.0,-0.60726]},"64s":{"weight":0.0,"played":[0.0052,0.9948],"evs":[0.0,0.97752]},"65s":{"weight":0.0,"played":[0.0052,0.9948],"evs":[0.0,1.53802]},"66":{"weight":0.0993,"played":[0.0039,0.9961],"evs":[0.0,2.84234]},"76o":{"weight":0.0,"played":[0.9184,0.0816],"evs":[0.0,0.15094]},"86o":{"weight":0.0,"played":[0.9968,0.0032],"evs":[0.0,-1.45499]},"96o":{"weight":0.0,"played":[0.973,0.027],"evs":[0.0,-2.64261]},"T6o":{"weight":0.0,"played":[0.9404,0.0596],"evs":[0.0,-1.98102]},"J6o":{"weight":0.0,"played":[0.9898,0.0102],"evs":[0.0,-2.12141]},"Q6o":{"weight":0.0,"played":[0.994,0.006],"evs":[0.0,-2.13215]},"K6o":{"weight":0.0,"played":[0.9773,0.0227],"evs":[0.0,-0.95556]},"A6o":{"weight":0.0,"played":[0.9934,0.0066],"evs":[0.0,-2.91507]},"72s":{"weight":0.0,"played":[0.8998,0.1002],"evs":[0.0,-1.53006]},"73s":{"weight":0.0,"played":[0.3287,0.6713],"evs":[0.0,0.91139]},"74s":{"weight":0.0,"played":[0.0068,0.9932],"evs":[0.0,1.40501]},"75s":{"weight":0.0,"played":[0.0405,0.9595],"evs":[0.0,1.14651]},"76s":{"weight":0.0,"played":[0.0088,0.9912],"evs":[0.0,1.80115]},"77":{"weight":0.0342,"played":[0.0,1.0],"evs":[0.0,3.3619]},"87o":{"weight":0.0,"played":[0.7614,0.2386],"evs":[0.0,-0.33983]},"97o":{"weight":0.0,"played":[0.4075,0.5925],"evs":[0.0,0.28062]},"T7o":{"weight":0.0,"played":[0.9706,0.0294],"evs":[0.0,-0.86197]},"J7o":{"weight":0.0,"played":[0.9951,0.0049],"evs":[0.0,-1.85871]},"Q7o":{"weight":0.0,"played":[0.9893,0.0107],"evs":[0.0,-1.9434]},"K7o":{"weight":0.0,"played":[0.983,0.017],"evs":[0.0,-1.38852]},"A7o":{"weight":0.0,"played":[0.975,0.025],"evs":[0.0,-3.01021]},"82s":{"weight":0.0,"played":[0.9671,0.0329],"evs":[0.0,-2.33714]},"83s":{"weight":0.0,"played":[0.9678,0.0322],"evs":[0.0,-1.74747]},"84s":{"weight":0.0,"played":[0.4107,0.5893],"evs":[0.0,0.15555]},"85s":{"weight":0.0,"played":[0.0116,0.9884],"evs":[0.0,1.75035]},"86s":{"weight":0.0,"played":[0.498,0.502],"evs":[0.0,2.23254]},"87s":{"weight":0.0,"played":[0.002,0.998],"evs":[0.0,1.82744]},"88":{"weight":2.0E-4,"played":[0.0,1.0],"evs":[0.0,2.60718]},"98o":{"weight":0.0,"played":[0.787,0.213],"evs":[0.0,-0.83845]},"T8o":{"weight":0.0,"played":[0.9808,0.0192],"evs":[0.0,-0.77527]},"J8o":{"weight":0.0,"played":[0.9873,0.0127],"evs":[0.0,-1.00583]},"Q8o":{"weight":0.0,"played":[0.8433,0.1567],"evs":[0.0,-1.41486]},"K8o":{"weight":0.0,"played":[0.8998,0.1002],"evs":[0.0,-0.51829]},"A8o":{"weight":0.0,"played":[0.995,0.005],"evs":[0.0,-2.07187]},"92s":{"weight":0.0,"played":[0.9514,0.0486],"evs":[0.0,-0.76079]},"93s":{"weight":0.0,"played":[0.9872,0.0128],"evs":[0.0,-0.23475]},"94s":{"weight":0.0,"played":[0.8083,0.1917],"evs":[0.0,-1.16729]},"95s":{"weight":0.0,"played":[0.0198,0.9802],"evs":[0.0,1.2296]},"96s":{"weight":0.0,"played":[0.3806,0.6194],"evs":[0.0,0.21038]},"97s":{"weight":0.0,"played":[0.0139,0.9861],"evs":[0.0,1.10207]},"98s":{"weight":0.0,"played":[0.0044,0.9956],"evs":[0.0,2.52099]},"99":{"weight":0.0186,"played":[0.0,1.0],"evs":[0.0,3.57634]},"T9o":{"weight":0.0,"played":[0.0484,0.9516],"evs":[0.0,0.49659]},"J9o":{"weight":0.0,"played":[0.6805,0.3195],"evs":[0.0,-0.22632]},"Q9o":{"weight":0.0,"played":[0.6602,0.3398],"evs":[0.0,-0.13702]},"K9o":{"weight":0.0,"played":[0.9137,0.0863],"evs":[0.0,-1.24167]},"A9o":{"weight":0.6067,"played":[0.9813,0.0187],"evs":[0.0,-2.17033]},"T2s":{"weight":0.0,"played":[0.9838,0.0162],"evs":[0.0,-1.23877]},"T3s":{"weight":0.0,"played":[0.2529,0.7471],"evs":[0.0,-1.14361]},"T4s":{"weight":0.0,"played":[0.0078,0.9922],"evs":[0.0,0.76663]},"T5s":{"weight":0.0,"played":[0.7406,0.2594],"evs":[0.0,-0.4402]},"T6s":{"weight":0.0,"played":[0.0023,0.9977],"evs":[0.0,1.35358]},"T7s":{"weight":0.0,"played":[0.0418,0.9582],"evs":[0.0,0.51142]},"T8s":{"weight":0.0,"played":[0.005,0.995],"evs":[0.0,1.6776]},"T9s":{"weight":0.0,"played":[0.003,0.997],"evs":[0.0,2.57057]},"TT":{"weight":0.4956,"played":[0.0,1.0],"evs":[0.0,7.52987]},"JTo":{"weight":0.0,"played":[0.0022,0.9978],"evs":[0.0,0.80967]},"QTo":{"weight":0.0,"played":[0.0017,0.9983],"evs":[0.0,0.35821]},"KTo":{"weight":0.0,"played":[0.356,0.644],"evs":[0.0,-0.10378]},"ATo":{"weight":0.0594,"played":[0.9291,0.0709],"evs":[0.0,-1.73071]},"J2s":{"weight":0.0,"played":[0.9646,0.0354],"evs":[0.0,-1.65038]},"J3s":{"weight":0.0,"played":[0.943,0.057],"evs":[0.0,-0.54057]},"J4s":{"weight":0.0,"played":[0.0103,0.9897],"evs":[0.0,1.78614]},"J5s":{"weight":0.0,"played":[0.1242,0.8758],"evs":[0.0,0.87545]},"J6s":{"weight":0.0,"played":[0.1223,0.8777],"evs":[0.0,0.4089]},"J7s":{"weight":0.0,"played":[0.7102,0.2898],"evs":[0.0,-0.25381]},"J8s":{"weight":0.0,"played":[0.0576,0.9424],"evs":[0.0,1.12852]},"J9s":{"weight":0.0,"played":[0.0814,0.9186],"evs":[0.0,1.75854]},"JTs":{"weight":0.0,"played":[0.0029,0.9971],"evs":[0.0,3.46992]},"JJ":{"weight":0.0101,"played":[0.0,1.0],"evs":[0.0,10.74366]},"QJo":{"weight":0.0,"played":[0.1489,0.8511],"evs":[0.0,0.43572]},"KJo":{"weight":0.0,"played":[0.0,1.0],"evs":[0.0,0.87728]},"AJo":{"weight":0.368,"played":[0.0,1.0],"evs":[0.0,0.45955]},"Q2s":{"weight":0.0,"played":[0.0471,0.9529],"evs":[0.0,1.42704]},"Q3s":{"weight":0.0,"played":[0.382,0.618],"evs":[0.0,0.25185]},"Q4s":{"weight":0.0,"played":[0.0301,0.9699],"evs":[0.0,1.91512]},"Q5s":{"weight":0.0,"played":[0.1031,0.8969],"evs":[0.0,0.31358]},"Q6s":{"weight":0.0,"played":[0.6486,0.3514],"evs":[0.0,-0.22628]},"Q7s":{"weight":0.0,"played":[0.2382,0.7618],"evs":[0.0,2.1338]},"Q8s":{"weight":0.0,"played":[1.0E-4,0.9999],"evs":[0.0,2.51001]},"Q9s":{"weight":0.0,"played":[0.008,0.992],"evs":[0.0,2.67294]},"QTs":{"weight":0.0,"played":[0.0,1.0],"evs":[0.0,2.1417]},"QJs":{"weight":0.0,"played":[0.0012,0.9988],"evs":[0.0,3.64566]},"QQ":{"weight":0.5946,"played":[0.0,1.0],"evs":[0.0,15.861]},"KQo":{"weight":0.1358,"played":[0.0,1.0],"evs":[0.0,1.79779]},"AQo":{"weight":0.012,"played":[0.0,1.0],"evs":[0.0,1.59765]},"K2s":{"weight":0.0,"played":[0.092,0.908],"evs":[0.0,0.05738]},"K3s":{"weight":0.0,"played":[0.06,0.94],"evs":[0.0,0.29106]},"K4s":{"weight":0.0,"played":[0.0,1.0],"evs":[0.0,0.5689]},"K5s":{"weight":0.0,"played":[0.4217,0.5783],"evs":[0.0,0.15721]},"K6s":{"weight":0.0,"played":[0.5162,0.4838],"evs":[0.0,-0.32656]},"K7s":{"weight":0.0,"played":[0.0048,0.9952],"evs":[0.0,0.90383]},"K8s":{"weight":0.0,"played":[2.0E-4,0.9998],"evs":[0.0,2.89143]},"K9s":{"weight":0.0,"played":[0.0256,0.9744],"evs":[0.0,1.96358]},"KTs":{"weight":0.0096,"played":[0.0,1.0],"evs":[0.0,3.15758]},"KJs":{"weight":0.996,"played":[0.0,1.0],"evs":[0.0,2.48284]},"KQs":{"weight":0.6936,"played":[0.0,1.0],"evs":[0.0,4.0594]},"KK":{"weight":0.2058,"played":[0.0,1.0],"evs":[0.0,21.95598]},"AKo":{"weight":0.0102,"played":[0.0,1.0],"evs":[0.0,4.06268]},"A2s":{"weight":0.0,"played":[0.0601,0.9399],"evs":[0.0,1.20442]},"A3s":{"weight":0.0,"played":[0.1072,0.8928],"evs":[0.0,0.09653]},"A4s":{"weight":0.0,"played":[0.7467,0.2533],"evs":[0.0,0.8587]},"A5s":{"weight":0.0,"played":[0.0236,0.9764],"evs":[0.0,2.26886]},"A6s":{"weight":0.0,"played":[0.2055,0.7945],"evs":[0.0,0.00538]},"A7s":{"weight":0.0029,"played":[0.1852,0.8148],"evs":[0.0,1.64753]},"A8s":{"weight":0.0025,"played":[0.3446,0.6554],"evs":[0.0,-0.64401]},"A9s":{"weight":0.0,"played":[0.1839,0.8161],"evs":[0.0,2.47472]},"ATs":{"weight":0.2319,"played":[1.0E-4,0.9999],"evs":[0.0,1.278]},"AJs":{"weight":0.0112,"played":[0.0011,0.9989],"evs":[0.0,0.88083]},"AQs":{"weight":0.0431,"played":[0.0,1.0],"evs":[0.0,6.74747]},"AKs":{"weight":0.6426,"played":[0.0,1.0],"evs":[0.0,8.19978]},"AA":{"weight":0.4752,"played":[0.0,1.0],"evs":[0.0,32.64005]}}}