{"player":5,"street":0,"children":2,"sequence":[{"player":0,"type":"F","amount":0,"street":0},{"player":1,"type":"R","amount":985000,"street":0},{"player":2,"type":"F","amount":0,"street":0},{"player":3,"type":"R","amount":2485000,"street":0},{"player":4,"type":"F","amount":0,"street":0}],"actions":[{"type":"F","amount":0},{"type":"C","amount":2385000}],"hands":{"22":{"weight":1.0,"played":[1.0,0.0],"evs":[0.0,-2.10689]},"32o":{"weight":1.0,"played":[1.0,0.0],"evs":[0.0,-7.82798]},"42o":{"weight":1.0,"played":[1.0,0.0],"evs":[0.0,-7.52163]},"52o":{"weight":1.0,"played":[1.0,0.0],"evs":[0.0,-7.05882]},"62o":{"weight":1.0,"played":[1.0,0.0],"evs":[0.0,-7.34424]},"72o":{"weight":1.0,"played":[1.0,0.0],"evs":[0.0,-7.93726]},"82o":{"weight":1.0,"played":[1.0,0.0],"evs":[0.0,-7.38975]},"92o":{"weight":1.0,"played":[1.0,0.0],"evs":[0.0,-7.31518]},"T2o":{"weight":1.0,"played":[1.0,0.0],"evs":[0.0,-7.15933]},"J2o":{"weight":1.0,"played":[1.0,0.0],"evs":[0.0,-6.72929]},"Q2o":{"weight":1.0,"played":[1.0,0.0],"evs":[0.0,-6.7236]},"K2o":{"weight":1.0,"played":[1.0,0.0],"evs":[0.0,-6.35035]},"A2o":{"weight":1.0,"played":[1.0,0.0],"evs":[0.0,-6.15454]},"32s":{"weight":1.0,"played":[1.0,0.0],"evs":[0.0,-5.81314]},"33":{"weight":1.0,"played":[1.0,0.0],"evs":[0.0,-1.83415]},"43o":{"weight":1.0,"played":[1.0,0.0],"evs":[0.0,-6.69]},"53o":{"weight":1.0,"played":[1.0,0.0],"evs":[0.0,-6.26661]},"63o":{"weight":1.0,"played":[1.0,0.0],"evs":[0.0,-6.56856]},"73o":{"weight":1.0,"played":[1.0,0.0],"evs":[0.0,-7.13874]},"83o":{"weight":1.0,"played":[1.0,0.0],"evs":[0.0,-7.32001]},"93o":{"weight":1.0,"played":[1.0,0.0],"evs":[0.0,-7.05382]},"T3o":{"weight":1.0,"played":[1.0,0.0],"evs":[0.0,-6.9461]},"J3o":{"weight":1.0,"played":[1.0,0.0],"evs":[0.0,-6.48364]},"Q3o":{"weight":1.0,"played":[1.0,0.0],"evs":[0.0,-6.44335]},"K3o":{"weight":1.0,"played":[1.0,0.0],"evs":[0.0,-5.88849]},"A3o":{"weight":1.0,"played":[1.0,0.0],"evs":[0.0,-5.82982]},"42s":{"weight":1.0,"played":[1.0,0.0],"evs":[0.0,-5.26234]},"43s":{"weight":1.0,"played":[1.0,0.0],"evs":[0.0,-4.73574]},"44":{"weight":1.0,"played":[0.9999,1.0E-4],"evs":[0.0,-0.98384]},"54o":{"weight":1.0,"played":[1.0,0.0],"evs":[0.0,-5.39704]},"64o":{"weight":1.0,"played":[1.0,0.0],"evs":[0.0,-5.65107]},"74o":{"weight":1.0,"played":[1.0,0.0],"evs":[0.0,-6.17373]},"84o":{"weight":1.0,"played":[1.0,0.0],"evs":[0.0,-6.45859]},"94o":{"weight":1.0,"played":[1.0,0.0],"evs":[0.0,-6.96814]},"T4o":{"weight":1.0,"played":[1.0,0.0],"evs":[0.0,-6.65621]},"J4o":{"weight":1.0,"played":[1.0,0.0],"evs":[0.0,-6.20143]},"Q4o":{"weight":1.0,"played":[1.0,0.0],"evs":[0.0,-6.21936]},"K4o":{"weight":1.0,"played":[1.0,0.0],"evs":[0.0,-5.66356]},"A4o":{"weight":1.0,"played":[1.0,0.0],"evs":[0.0,-5.60441]},"52s":{"weight":1.0,"played":[1.0,0.0],"evs":[0.0,-5.0874]},"53s":{"weight":1.0,"played":[1.0,0.0],"evs":[0.0,-4.20431]},"54s":{"weight":1.0,"played":[1.0,0.0],"evs":[0.0,-3.51409]},"55":{"weight":1.0,"played":[0.0,1.0],"evs":[0.0,0.26408]},"65o":{"weight":1.0,"played":[1.0,0.0],"evs":[0.0,-4.79789]},"75o":{"weight":1.0,"played":[1.0,0.0],"evs":[0.0,-5.29169]},"85o":{"weight":1.0,"played":[1.0,0.0],"evs":[0.0,-5.55391]},"95o":{"weight":1.0,"played":[1.0,0.0],"evs":[0.0,-5.90255]},"T5o":{"weight":1.0,"played":[1.0,0.0],"evs":[0.0,-6.46841]},"J5o":{"weight":1.0,"played":[1.0,0.0],"evs":[0.0,-5.96808]},"Q5o":{"weight":1.0,"played":[1.0,0.0],"evs":[0.0,-5.92967]},"K5o":{"weight":1.0,"played":[1.0,0.0],"evs":[0.0,-5.40857]},"A5o":{"weight":1.0,"played":[1.0,0.0],"evs":[0.0,-5.10752]},"62s":{"weight":1.0,"played":[1.0,0.0],"evs":[0.0,-5.17322]},"63s":{"weight":1.0,"played":[1.0,0.0],"evs":[0.0,-4.5458]},"64s":{"weight":1.0,"played":[1.0,0.0],"evs":[0.0,-3.69044]},"65s":{"weight":1.0,"played":[1.0,0.0],"evs":[0.0,-2.75882]},"66":{"weight":1.0,"played":[0.0,1.0],"evs":[0.0,1.68634]},"76o":{"weight":1.0,"played":[1.0,0.0],"evs":[0.0,-4.30352]},"86o":{"weight":1.0,"played":[1.0,0.0],"evs":[0.0,-4.57327]},"96o":{"weight":1.0,"played":[1.0,0.0],"evs":[0.0,-4.95914]},"T6o":{"weight":1.0,"played":[1.0,0.0],"evs":[0.0,-5.39765]},"J6o":{"weight":1.0,"played":[1.0,0.0],"evs":[0.0,-5.57502]},"Q6o":{"weight":1.0,"played":[1.0,0.0],"evs":[0.0,-5.34254]},"K6o":{"weight":1.0,"played":[1.0,0.0],"evs":[0.0,-4.82453]},"A6o":{"weight":1.0,"played":[1.0,0.0],"evs":[0.0,-5.47622]},"72s":{"weight":1.0,"played":[1.0,0.0],"evs":[0.0,-5.91988]},"73s":{"weight":1.0,"played":[1.0,0.0],"evs":[0.0,-5.18611]},"74s":{"weight":1.0,"played":[1.0,0.0],"evs":[0.0,-4.26994]},"75s":{"weight":1.0,"played":[1.0,0.0],"evs":[0.0,-3.11691]},"76s":{"weight":1.0,"played":[1.0,0.0],"evs":[0.0,-2.3556]},"77":{"weight":1.0,"played":[0.0,1.0],"evs":[0.0,3.1436]},"87o":{"weight":1.0,"played":[1.0,0.0],"evs":[0.0,-3.92715]},"97o":{"weight":1.0,"played":[1.0,0.0],"evs":[0.0,-4.35469]},"T7o":{"weight":1.0,"played":[1.0,0.0],"evs":[0.0,-4.75165]},"J7o":{"weight":1.0,"played":[1.0,0.0],"evs":[0.0,-4.78742]},"Q7o":{"weight":1.0,"played":[1.0,0.0],"evs":[0.0,-5.49583]},"K7o":{"weight":1.0,"played":[1.0,0.0],"evs":[0.0,-4.83426]},"A7o":{"weight":1.0,"played":[1.0,0.0],"evs":[0.0,-4.95764]},"82s":{"weight":1.0,"played":[1.0,0.0],"evs":[0.0,-5.26374]},"83s":{"weight":1.0,"played":[1.0,0.0],"evs":[0.0,-5.13949]},"84s":{"weight":1.0,"played":[1.0,0.0],"evs":[0.0,-4.36732]},"85s":{"weight":1.0,"played":[1.0,0.0],"evs":[0.0,-3.34716]},"86s":{"weight":1.0,"played":[1.0,0.0],"evs":[0.0,-2.39228]},"87s":{"weight":1.0,"played":[1.0,0.0],"evs":[0.0,-2.39395]},"88":{"weight":1.0,"played":[0.0,1.0],"evs":[0.0,4.6922]},"98o":{"weight":1.0,"played":[1.0,0.0],"evs":[0.0,-3.6028]},"T8o":{"weight":1.0,"played":[1.0,0.0],"evs":[0.0,-3.75501]},"J8o":{"weight":1.0,"played":[1.0,0.0],"evs":[0.0,-4.00094]},"Q8o":{"weight":1.0,"played":[1.0,0.0],"evs":[0.0,-4.53136]},"K8o":{"weight":1.0,"played":[1.0,0.0],"evs":[0.0,-4.59706]},"A8o":{"weight":1.0,"played":[1.0,0.0],"evs":[0.0,-4.27429]},"92s":{"weight":1.0,"played":[1.0,0.0],"evs":[0.0,-5.0636]},"93s":{"weight":1.0,"played":[1.0,0.0],"evs":[0.0,-5.11741]},"94s":{"weight":1.0,"played":[1.0,0.0],"evs":[0.0,-4.98812]},"95s":{"weight":1.0,"played":[1.0,0.0],"evs":[0.0,-3.92986]},"96s":{"weight":1.0,"played":[1.0,0.0],"evs":[0.0,-2.91989]},"97s":{"weight":1.0,"played":[1.0,0.0],"evs":[0.0,-2.4883]},"98s":{"weight":1.0,"played":[1.0,0.0],"evs":[0.0,-1.50847]},"99":{"weight":1.0,"played":[0.0,1.0],"evs":[0.0,6.65188]},"T9o":{"weight":1.0,"played":[1.0,0.0],"evs":[0.0,-3.03764]},"J9o":{"weight":1.0,"played":[1.0,0.0],"evs":[0.0,-3.28746]},"Q9o":{"weight":1.0,"played":[1.0,0.0],"evs":[0.0,-3.83919]},"K9o":{"weight":1.0,"played":[1.0,0.0],"evs":[0.0,-3.86813]},"A9o":{"weight":1.0,"played":[1.0,0.0],"evs":[0.0,-3.28845]},"T2s":{"weight":1.0,"played":[1.0,0.0],"evs":[0.0,-5.09923]},"T3s":{"weight":1.0,"played":[1.0,0.0],"evs":[0.0,-4.725]},"T4s":{"weight":1.0,"played":[1.0,0.0],"evs":[0.0,-4.53949]},"T5s":{"weight":1.0,"played":[1.0,0.0],"evs":[0.0,-4.24626]},"T6s":{"weight":1.0,"played":[1.0,0.0],"evs":[0.0,-3.54178]},"T7s":{"weight":1.0,"played":[1.0,0.0],"evs":[0.0,-2.88535]},"T8s":{"weight":1.0,"played":[1.0,0.0],"evs":[0.0,-1.87139]},"T9s":{"weight":1.0,"played":[0.9999,1.0E-4],"evs":[0.0,-1.33054]},"TT":{"weight":1.0,"played":[0.0,1.0],"evs":[0.0,8.65612]},"JTo":{"weight":1.0,"played":[1.0,0.0],"evs":[0.0,-2.29442]},"QTo":{"weight":1.0,"played":[1.0,0.0],"evs":[0.0,-2.96469]},"KTo":{"weight":1.0,"played":[1.0,0.0],"evs":[0.0,-2.88879]},"ATo":{"weight":1.0,"played":[0.9997,3.0E-4],"evs":[0.0,-1.14848]},"J2s":{"weight":1.0,"played":[1.0,0.0],"evs":[0.0,-4.67257]},"J3s":{"weight":1.0,"played":[1.0,0.0],"evs":[0.0,-4.33733]},"J4s":{"weight":1.0,"played":[1.0,0.0],"evs":[0.0,-4.35023]},"J5s":{"weight":1.0,"played":[1.0,0.0],"evs":[0.0,-3.72787]},"J6s":{"weight":1.0,"played":[1.0,0.0],"evs":[0.0,-3.47225]},"J7s":{"weight":1.0,"played":[1.0,0.0],"evs":[0.0,-3.01542]},"J8s":{"weight":1.0,"played":[1.0,0.0],"evs":[0.0,-2.13426]},"J9s":{"weight":1.0,"played":[0.9999,1.0E-4],"evs":[0.0,-1.39652]},"JTs":{"weight":1.0,"played":[0.9967,0.0033],"evs":[0.0,-0.45553]},"JJ":{"weight":1.0,"played":[0.0,1.0],"evs":[0.0,11.15405]},"QJo":{"weight":1.0,"played":[1.0,0.0],"evs":[0.0,-2.28101]},"KJo":{"weight":1.0,"played":[1.0,0.0],"evs":[0.0,-2.33335]},"AJo":{"weight":1.0,"played":[0.0,1.0],"evs":[0.0,1.20195]},"Q2s":{"weight":1.0,"played":[1.0,0.0],"evs":[0.0,-4.61356]},"Q3s":{"weight":1.0,"played":[1.0,0.0],"evs":[0.0,-4.30627]},"Q4s":{"weight":1.0,"played":[1.0,0.0],"evs":[0.0,-4.02682]},"Q5s":{"weight":1.0,"played":[1.0,0.0],"evs":[0.0,-3.84128]},"Q6s":{"weight":1.0,"played":[1.0,0.0],"evs":[0.0,-3.6007]},"Q7s":{"weight":1.0,"played":[1.0,0.0],"evs":[0.0,-3.36459]},"Q8s":{"weight":1.0,"played":[1.0,0.0],"evs":[0.0,-2.56558]},"Q9s":{"weight":1.0,"played":[1.0,0.0],"evs":[0.0,-1.7846]},"QTs":{"weight":1.0,"played":[0.9999,1.0E-4],"evs":[0.0,-0.99515]},"QJs":{"weight":1.0,"played":[0.9978,0.0022],"evs":[0.0,-0.48373]},"QQ":{"weight":1.0,"played":[0.0,1.0],"evs":[0.0,14.11304]},"KQo":{"weight":1.0,"played":[1.0,0.0],"evs":[0.0,-1.38925]},"AQo":{"weight":1.0,"played":[0.0,1.0],"evs":[0.0,3.71415]},"K2s":{"weight":1.0,"played":[1.0,0.0],"evs":[0.0,-4.20528]},"K3s":{"weight":1.0,"played":[1.0,0.0],"evs":[0.0,-3.92319]},"K4s":{"weight":1.0,"played":[1.0,0.0],"evs":[0.0,-3.56238]},"K5s":{"weight":1.0,"played":[1.0,0.0],"evs":[0.0,-3.38089]},"K6s":{"weight":1.0,"played":[1.0,0.0],"evs":[0.0,-3.21607]},"K7s":{"weight":1.0,"played":[1.0,0.0],"evs":[0.0,-2.89572]},"K8s":{"weight":1.0,"played":[1.0,0.0],"evs":[0.0,-2.53196]},"K9s":{"weight":1.0,"played":[1.0,0.0],"evs":[0.0,-2.02102]},"KTs":{"weight":1.0,"played":[1.0,0.0],"evs":[0.0,-0.9479]},"KJs":{"weight":1.0,"played":[0.9799,0.0201],"evs":[0.0,-0.18981]},"KQs":{"weight":1.0,"played":[2.0E-4,0.9998],"evs":[0.0,0.55496]},"KK":{"weight":1.0,"played":[0.0,1.0],"evs":[0.0,16.93444]},"AKo":{"weight":1.0,"played":[0.0,1.0],"evs":[0.0,6.35357]},"A2s":{"weight":1.0,"played":[1.0,0.0],"evs":[0.0,-3.99073]},"A3s":{"weight":1.0,"played":[1.0,0.0],"evs":[0.0,-3.94056]},"A4s":{"weight":1.0,"played":[1.0,0.0],"evs":[0.0,-3.42511]},"A5s":{"weight":1.0,"played":[1.0,0.0],"evs":[0.0,-2.91767]},"A6s":{"weight":1.0,"played":[1.0,0.0],"evs":[0.0,-3.29975]},"A7s":{"weight":1.0,"played":[1.0,0.0],"evs":[0.0,-2.80138]},"A8s":{"weight":1.0,"played":[1.0,0.0],"evs":[0.0,-2.17822]},"A9s":{"weight":1.0,"played":[0.9999,1.0E-4],"evs":[0.0,-1.26343]},"ATs":{"weight":1.0,"played":[0.0,1.0],"evs":[0.0,0.83919]},"AJs":{"weight":1.0,"played":[0.0,1.0],"evs":[0.0,2.54026]},"AQs":{"weight":1.0,"played":[0.0,1.0],"evs":[0.0,5.14983]},"AKs":{"weight":1.0,"played":[0.0,1.0],"evs":[0.0,7.86361]},"AA":{"weight":1.0,"played":[0.0,1.0],"evs":[0.0,23.21692]}}}