{"player":3,"street":0,"children":2,"sequence":[{"player":0,"type":"F","amount":0,"street":0},{"player":1,"type":"R","amount":985000,"street":0},{"player":2,"type":"C","amount":985000,"street":0},{"player":3,"type":"C","amount":985000,"street":0},{"player":4,"type":"F","amount":0,"street":0},{"player":5,"type":"R","amount":2485000,"street":0},{"player":2,"type":"C","amount":290000,"street":0}],"actions":[{"type":"F","amount":0},{"type":"C","amount":1500000}],"hands":{"22":{"weight":0.0444,"played":[0.0,1.0],"evs":[0.0,5.91397]},"32o":{"weight":0.0,"played":[0.6127,0.3873],"evs":[0.0,0.16381]},"42o":{"weight":0.0,"played":[0.0845,0.9155],"evs":[0.0,1.11788]},"52o":{"weight":0.0,"played":[7.0E-4,0.9993],"evs":[0.0,1.49996]},"62o":{"weight":0.0,"played":[0.0,1.0],"evs":[0.0,1.00651]},"72o":{"weight":0.0,"played":[0.571,0.429],"evs":[0.0,0.06805]},"82o":{"weight":0.0,"played":[0.0024,0.9976],"evs":[0.0,0.40362]},"92o":{"weight":0.0,"played":[0.3625,0.6375],"evs":[0.0,0.34457]},"T2o":{"weight":0.0,"played":[0.1259,0.8741],"evs":[0.0,0.69996]},"J2o":{"weight":0.0,"played":[0.4098,0.5902],"evs":[0.0,0.29797]},"Q2o":{"weight":0.0,"played":[0.0,1.0],"evs":[0.0,1.0362]},"K2o":{"weight":0.0,"played":[3.0E-4,0.9997],"evs":[0.0,0.76784]},"A2o":{"weight":0.0,"played":[0.0,1.0],"evs":[0.0,1.18222]},"32s":{"weight":0.0,"played":[0.0012,0.9988],"evs":[0.0,2.65675]},"33":{"weight":0.0064,"played":[0.0,1.0],"evs":[0.0,6.29373]},"43o":{"weight":0.0,"played":[0.0015,0.9985],"evs":[0.0,1.86994]},"53o":{"weight":0.0,"played":[0.0,1.0],"evs":[0.0,2.39249]},"63o":{"weight":0.0,"played":[0.0,1.0],"evs":[0.0,1.51854]},"73o":{"weight":0.0,"played":[0.0295,0.9705],"evs":[0.0,0.67773]},"83o":{"weight":0.0,"played":[0.2454,0.7546],"evs":[0.0,0.8539]},"93o":{"weight":0.0,"played":[1.0E-4,0.9999],"evs":[0.0,0.99657]},"T3o":{"weight":0.0,"played":[0.0023,0.9977],"evs":[0.0,0.50679]},"J3o":{"weight":0.0,"played":[0.268,0.732],"evs":[0.0,0.56859]},"Q3o":{"weight":0.0,"played":[0.0,1.0],"evs":[0.0,1.08428]},"K3o":{"weight":0.0,"played":[0.0,1.0],"evs":[0.0,0.92947]},"A3o":{"weight":0.0,"played":[0.0,1.0],"evs":[0.0,2.49882]},"42s":{"weight":0.0,"played":[0.0,1.0],"evs":[0.0,4.35424]},"43s":{"weight":0.0,"played":[0.0,1.0],"evs":[0.0,4.95041]},"44":{"weight":0.0,"played":[0.0,1.0],"evs":[0.0,7.50231]},"54o":{"weight":0.0,"played":[1.0E-4,0.9999],"evs":[0.0,3.8233]},"64o":{"weight":0.0,"played":[1.0E-4,0.9999],"evs":[0.0,2.9777]},"74o":{"weight":0.0,"played":[0.0,1.0],"evs":[0.0,2.82309]},"84o":{"weight":0.0,"played":[1.0E-4,0.9999],"evs":[0.0,1.3014]},"94o":{"weight":0.0,"played":[0.0316,0.9684],"evs":[0.0,0.67133]},"T4o":{"weight":0.0,"played":[0.0111,0.9889],"evs":[0.0,1.27863]},"J4o":{"weight":0.0,"played":[0.0134,0.9866],"evs":[0.0,1.0419]},"Q4o":{"weight":0.0,"played":[0.0,1.0],"evs":[0.0,1.32699]},"K4o":{"weight":0.0,"played":[0.0,1.0],"evs":[0.0,2.41098]},"A4o":{"weight":0.0,"played":[0.0,1.0],"evs":[0.0,2.69656]},"52s":{"weight":0.0,"played":[9.0E-4,0.9991],"evs":[0.0,3.112]},"53s":{"weight":0.0,"played":[0.0,1.0],"evs":[0.0,3.78257]},"54s":{"weight":0.0,"played":[2.0E-4,0.9998],"evs":[0.0,5.51096]},"55":{"weight":0.2183,"played":[0.0,1.0],"evs":[0.0,8.22666]},"65o":{"weight":0.0,"played":[0.0,1.0],"evs":[0.0,3.84479]},"75o":{"weight":0.0,"played":[0.0,1.0],"evs":[0.0,2.7522]},"85o":{"weight":0.0,"played":[0.0,1.0],"evs":[0.0,2.58061]},"95o":{"weight":0.0,"played":[0.0,1.0],"evs":[0.0,2.20674]},"T5o":{"weight":0.0,"played":[0.0601,0.9399],"evs":[0.0,0.6654]},"J5o":{"weight":0.0,"played":[0.0,1.0],"evs":[0.0,1.08313]},"Q5o":{"weight":0.0,"played":[0.0,1.0],"evs":[0.0,1.36693]},"K5o":{"weight":0.0,"played":[0.0,1.0],"evs":[0.0,2.21849]},"A5o":{"weight":0.0,"played":[0.0,1.0],"evs":[0.0,3.1896]},"62s":{"weight":0.0,"played":[1.0E-4,0.9999],"evs":[0.0,1.9532]},"63s":{"weight":0.0,"played":[1.0E-4,0.9999],"evs":[0.0,4.04572]},"64s":{"weight":0.0,"played":[1.0E-4,0.9999],"evs":[0.0,5.52433]},"65s":{"weight":0.23,"played":[4.0E-4,0.9996],"evs":[0.0,6.28346]},"66":{"weight":0.0023,"played":[0.0,1.0],"evs":[0.0,10.73347]},"76o":{"weight":0.0,"played":[0.0,1.0],"evs":[0.0,4.29919]},"86o":{"weight":0.0,"played":[0.0,1.0],"evs":[0.0,3.74422]},"96o":{"weight":0.0,"played":[0.0,1.0],"evs":[0.0,2.26829]},"T6o":{"weight":0.0,"played":[1.0E-4,0.9999],"evs":[0.0,2.1611]},"J6o":{"weight":0.0,"played":[0.0,1.0],"evs":[0.0,1.6596]},"Q6o":{"weight":0.0,"played":[0.0,1.0],"evs":[0.0,1.73457]},"K6o":{"weight":0.0,"played":[0.0,1.0],"evs":[0.0,2.62412]},"A6o":{"weight":0.0,"played":[0.0,1.0],"evs":[0.0,2.3806]},"72s":{"weight":0.0,"played":[1.0E-4,0.9999],"evs":[0.0,2.4194]},"73s":{"weight":0.0,"played":[0.0,1.0],"evs":[0.0,3.70585]},"74s":{"weight":0.0,"played":[0.0,1.0],"evs":[0.0,4.18343]},"75s":{"weight":0.0,"played":[6.0E-4,0.9994],"evs":[0.0,5.08654]},"76s":{"weight":0.3735,"played":[0.0,1.0],"evs":[0.0,6.52061]},"77":{"weight":0.0079,"played":[0.0,1.0],"evs":[0.0,11.19983]},"87o":{"weight":0.0,"played":[0.0,1.0],"evs":[0.0,3.93793]},"97o":{"weight":0.0,"played":[0.0,1.0],"evs":[0.0,3.83491]},"T7o":{"weight":0.0,"played":[1.0E-4,0.9999],"evs":[0.0,2.84145]},"J7o":{"weight":0.0,"played":[0.0,1.0],"evs":[0.0,2.72638]},"Q7o":{"weight":0.0,"played":[0.0,1.0],"evs":[0.0,1.94712]},"K7o":{"weight":0.0,"played":[0.0,1.0],"evs":[0.0,2.63733]},"A7o":{"weight":0.0,"played":[0.0,1.0],"evs":[0.0,3.336]},"82s":{"weight":0.0,"played":[0.0,1.0],"evs":[0.0,4.1202]},"83s":{"weight":0.0,"played":[1.0E-4,0.9999],"evs":[0.0,2.85467]},"84s":{"weight":0.0,"played":[2.0E-4,0.9998],"evs":[0.0,3.69236]},"85s":{"weight":0.0,"played":[0.0,1.0],"evs":[0.0,4.30345]},"86s":{"weight":0.0813,"played":[0.0,1.0],"evs":[0.0,6.20691]},"87s":{"weight":0.6439,"played":[0.0,1.0],"evs":[0.0,7.5281]},"88":{"weight":4.0E-4,"played":[0.0,1.0],"evs":[0.0,12.29018]},"98o":{"weight":0.0,"played":[1.0E-4,0.9999],"evs":[0.0,4.67686]},"T8o":{"weight":0.0,"played":[0.0,1.0],"evs":[0.0,3.80568]},"J8o":{"weight":0.0,"played":[0.0,1.0],"evs":[0.0,3.29193]},"Q8o":{"weight":0.0,"played":[0.0,1.0],"evs":[0.0,2.74476]},"K8o":{"weight":0.0,"played":[2.0E-4,0.9998],"evs":[0.0,2.93845]},"A8o":{"weight":0.0,"played":[0.0,1.0],"evs":[0.0,3.83639]},"92s":{"weight":0.0,"played":[0.0275,0.9725],"evs":[0.0,2.81504]},"93s":{"weight":0.0,"played":[1.0E-4,0.9999],"evs":[0.0,3.66004]},"94s":{"weight":0.0,"played":[2.0E-4,0.9998],"evs":[0.0,3.45145]},"95s":{"weight":0.0,"played":[0.0,1.0],"evs":[0.0,3.76345]},"96s":{"weight":1.0E-4,"played":[0.0,1.0],"evs":[0.0,4.6161]},"97s":{"weight":0.3497,"played":[0.0,1.0],"evs":[0.0,6.93622]},"98s":{"weight":0.2482,"played":[0.0,1.0],"evs":[0.0,6.75137]},"99":{"weight":0.4621,"played":[0.0,1.0],"evs":[0.0,13.88032]},"T9o":{"weight":0.0,"played":[0.0,1.0],"evs":[0.0,3.94219]},"J9o":{"weight":0.0,"played":[0.0,1.0],"evs":[0.0,4.15678]},"Q9o":{"weight":0.0,"played":[0.0,1.0],"evs":[0.0,3.83248]},"K9o":{"weight":0.0,"played":[0.0,1.0],"evs":[0.0,3.52714]},"A9o":{"weight":0.0,"played":[0.0,1.0],"evs":[0.0,4.37708]},"T2s":{"weight":0.0,"played":[0.0,1.0],"evs":[0.0,2.75242]},"T3s":{"weight":0.0,"played":[0.0153,0.9847],"evs":[0.0,2.97978]},"T4s":{"weight":0.0,"played":[0.0,1.0],"evs":[0.0,2.93639]},"T5s":{"weight":0.0,"played":[0.0,1.0],"evs":[0.0,3.44132]},"T6s":{"weight":0.0,"played":[5.0E-4,0.9995],"evs":[0.0,3.93982]},"T7s":{"weight":0.0021,"played":[0.0,1.0],"evs":[0.0,5.37953]},"T8s":{"weight":0.5939,"played":[0.0,1.0],"evs":[0.0,6.4379]},"T9s":{"weight":0.062,"played":[0.0,1.0],"evs":[0.0,7.51072]},"TT":{"weight":0.3506,"played":[0.0,1.0],"evs":[0.0,16.40443]},"JTo":{"weight":3.0E-4,"played":[0.0,1.0],"evs":[0.0,4.54935]},"QTo":{"weight":2.0E-4,"played":[0.0,1.0],"evs":[0.0,4.6773]},"KTo":{"weight":0.0,"played":[0.0,1.0],"evs":[0.0,5.02643]},"ATo":{"weight":0.0018,"played":[0.0,1.0],"evs":[0.0,6.2309]},"J2s":{"weight":0.0,"played":[8.0E-4,0.9992],"evs":[0.0,2.89321]},"J3s":{"weight":0.0,"played":[1.0E-4,0.9999],"evs":[0.0,3.17557]},"J4s":{"weight":0.0,"played":[0.0,1.0],"evs":[0.0,4.12782]},"J5s":{"weight":0.0,"played":[0.0,1.0],"evs":[0.0,3.62582]},"J6s":{"weight":0.0,"played":[1.0E-4,0.9999],"evs":[0.0,3.08609]},"J7s":{"weight":1.0E-4,"played":[0.0,1.0],"evs":[0.0,5.1361]},"J8s":{"weight":0.1841,"played":[0.0,1.0],"evs":[0.0,5.676]},"J9s":{"weight":0.4895,"played":[0.0,1.0],"evs":[0.0,5.30962]},"JTs":{"weight":0.0209,"played":[0.0,1.0],"evs":[0.0,7.31267]},"JJ":{"weight":0.3284,"played":[0.0,1.0],"evs":[0.0,18.97176]},"QJo":{"weight":0.0834,"played":[0.0,1.0],"evs":[0.0,4.96546]},"KJo":{"weight":0.3449,"played":[0.0,1.0],"evs":[0.0,6.4536]},"AJo":{"weight":0.0719,"played":[0.0,1.0],"evs":[0.0,8.87052]},"Q2s":{"weight":0.0,"played":[0.0,1.0],"evs":[0.0,3.31454]},"Q3s":{"weight":0.0,"played":[0.0,1.0],"evs":[0.0,4.01237]},"Q4s":{"weight":0.0,"played":[0.0,1.0],"evs":[0.0,3.9319]},"Q5s":{"weight":0.0,"played":[1.0E-4,0.9999],"evs":[0.0,4.33586]},"Q6s":{"weight":0.0,"played":[1.0E-4,0.9999],"evs":[0.0,5.21506]},"Q7s":{"weight":0.0,"played":[0.0,1.0],"evs":[0.0,3.55334]},"Q8s":{"weight":0.0015,"played":[0.0,1.0],"evs":[0.0,5.4794]},"Q9s":{"weight":0.0958,"played":[0.0,1.0],"evs":[0.0,5.83087]},"QTs":{"weight":0.0047,"played":[0.0,1.0],"evs":[0.0,6.63365]},"QJs":{"weight":0.2825,"played":[0.0,1.0],"evs":[0.0,7.67937]},"QQ":{"weight":0.2224,"played":[0.0,1.0],"evs":[0.0,22.85965]},"KQo":{"weight":0.1226,"played":[0.0,1.0],"evs":[0.0,7.13852]},"AQo":{"weight":0.144,"played":[0.0,1.0],"evs":[0.0,10.63261]},"K2s":{"weight":0.0,"played":[0.0,1.0],"evs":[0.0,3.11206]},"K3s":{"weight":0.0,"played":[0.0,1.0],"evs":[0.0,4.0777]},"K4s":{"weight":0.0,"played":[0.0,1.0],"evs":[0.0,4.48043]},"K5s":{"weight":0.0035,"played":[0.0,1.0],"evs":[0.0,4.41882]},"K6s":{"weight":5.0E-4,"played":[0.0,1.0],"evs":[0.0,4.78327]},"K7s":{"weight":3.0E-4,"played":[0.0,1.0],"evs":[0.0,4.87639]},"K8s":{"weight":0.0501,"played":[0.0,1.0],"evs":[0.0,5.18602]},"K9s":{"weight":0.3023,"played":[0.0,1.0],"evs":[0.0,5.851]},"KTs":{"weight":0.0067,"played":[0.0,1.0],"evs":[0.0,6.08407]},"KJs":{"weight":0.7055,"played":[0.0,1.0],"evs":[0.0,8.2737]},"KQs":{"weight":0.0012,"played":[0.0,1.0],"evs":[0.0,9.82775]},"KK":{"weight":0.1536,"played":[0.0,1.0],"evs":[0.0,27.92801]},"AKo":{"weight":0.0044,"played":[0.0,1.0],"evs":[0.0,12.86544]},"A2s":{"weight":0.0086,"played":[0.0,1.0],"evs":[0.0,4.46893]},"A3s":{"weight":2.0E-4,"played":[0.0,1.0],"evs":[0.0,4.56119]},"A4s":{"weight":0.0137,"played":[0.0,1.0],"evs":[0.0,5.28507]},"A5s":{"weight":0.0121,"played":[0.0,1.0],"evs":[0.0,6.34891]},"A6s":{"weight":0.0186,"played":[0.0,1.0],"evs":[0.0,5.4542]},"A7s":{"weight":0.2043,"played":[0.0,1.0],"evs":[0.0,5.34847]},"A8s":{"weight":0.172,"played":[0.0,1.0],"evs":[0.0,5.83573]},"A9s":{"weight":0.0175,"played":[0.0,1.0],"evs":[0.0,6.88502]},"ATs":{"weight":0.1245,"played":[0.0,1.0],"evs":[0.0,9.13383]},"AJs":{"weight":0.1433,"played":[0.0,1.0],"evs":[0.0,10.17985]},"AQs":{"weight":0.0626,"played":[0.0,1.0],"evs":[0.0,12.66889]},"AKs":{"weight":0.3938,"played":[0.0,1.0],"evs":[0.0,15.27371]},"AA":{"weight":0.3515,"played":[0.0,1.0],"evs":[0.0,34.70657]}}}