{"player":2,"street":0,"children":2,"sequence":[{"player":0,"type":"F","amount":0,"street":0},{"player":1,"type":"R","amount":985000,"street":0},{"player":2,"type":"C","amount":985000,"street":0},{"player":3,"type":"C","amount":985000,"street":0},{"player":4,"type":"R","amount":2985000,"street":0},{"player":5,"type":"F","amount":0,"street":0}],"actions":[{"type":"F","amount":0},{"type":"C","amount":290000,"node":120}],"hands":{"22":{"weight":0.0,"played":[0.0,1.0],"evs":[0.0,6.68757]},"32o":{"weight":0.0,"played":[0.0,1.0],"evs":[0.0,4.01114]},"42o":{"weight":0.0,"played":[0.0,1.0],"evs":[0.0,4.22392]},"52o":{"weight":0.0,"played":[0.0,1.0],"evs":[0.0,4.54021]},"62o":{"weight":0.0,"played":[0.0,1.0],"evs":[0.0,3.67685]},"72o":{"weight":0.0,"played":[0.0,1.0],"evs":[0.0,3.53912]},"82o":{"weight":0.0,"played":[0.0,1.0],"evs":[0.0,3.00659]},"92o":{"weight":0.0,"played":[0.0,1.0],"evs":[0.0,3.13613]},"T2o":{"weight":0.0,"played":[0.0,1.0],"evs":[0.0,3.15128]},"J2o":{"weight":0.0,"played":[0.0,1.0],"evs":[0.0,3.47728]},"Q2o":{"weight":0.0,"played":[0.0,1.0],"evs":[0.0,4.13241]},"K2o":{"weight":0.0,"played":[0.0,1.0],"evs":[0.0,3.69687]},"A2o":{"weight":0.0,"played":[0.0,1.0],"evs":[0.0,4.73393]},"32s":{"weight":0.0,"played":[0.0,1.0],"evs":[0.0,5.71728]},"33":{"weight":0.0,"played":[0.0,1.0],"evs":[0.0,6.23379]},"43o":{"weight":0.0,"played":[0.0,1.0],"evs":[0.0,4.92904]},"53o":{"weight":0.0,"played":[0.0,1.0],"evs":[0.0,4.94803]},"63o":{"weight":0.0,"played":[0.0,1.0],"evs":[0.0,4.80616]},"73o":{"weight":0.0,"played":[0.0,1.0],"evs":[0.0,3.67268]},"83o":{"weight":0.0,"played":[0.0,1.0],"evs":[0.0,3.30475]},"93o":{"weight":0.0,"played":[0.0,1.0],"evs":[0.0,3.02843]},"T3o":{"weight":0.0,"played":[0.0,1.0],"evs":[0.0,3.7961]},"J3o":{"weight":0.0,"played":[0.0,1.0],"evs":[0.0,2.90646]},"Q3o":{"weight":0.0,"played":[0.0,1.0],"evs":[0.0,3.77353]},"K3o":{"weight":0.0,"played":[0.0,1.0],"evs":[0.0,4.25431]},"A3o":{"weight":0.0,"played":[0.0,1.0],"evs":[0.0,5.31054]},"42s":{"weight":0.0,"played":[0.0,1.0],"evs":[0.0,5.67814]},"43s":{"weight":0.0,"played":[0.0,1.0],"evs":[0.0,6.19232]},"44":{"weight":0.5311,"played":[0.0,1.0],"evs":[0.0,7.18672]},"54o":{"weight":0.0,"played":[0.0,1.0],"evs":[0.0,5.63963]},"64o":{"weight":0.0,"played":[0.0,1.0],"evs":[0.0,5.27288]},"74o":{"weight":0.0,"played":[0.0,1.0],"evs":[0.0,4.6801]},"84o":{"weight":0.0,"played":[0.0,1.0],"evs":[0.0,4.22666]},"94o":{"weight":0.0,"played":[0.0,1.0],"evs":[0.0,3.34641]},"T4o":{"weight":0.0,"played":[0.0,1.0],"evs":[0.0,4.16288]},"J4o":{"weight":0.0,"played":[0.0,1.0],"evs":[0.0,3.61131]},"Q4o":{"weight":0.0,"played":[0.0,1.0],"evs":[0.0,4.01639]},"K4o":{"weight":0.0,"played":[0.0,1.0],"evs":[0.0,4.70613]},"A4o":{"weight":0.0,"played":[0.0,1.0],"evs":[0.0,4.7785]},"52s":{"weight":0.0,"played":[0.0,1.0],"evs":[0.0,5.88105]},"53s":{"weight":0.0,"played":[0.0,1.0],"evs":[0.0,6.0765]},"54s":{"weight":0.0,"played":[0.0,1.0],"evs":[0.0,6.61734]},"55":{"weight":0.5112,"played":[0.0,1.0],"evs":[0.0,8.08223]},"65o":{"weight":0.0,"played":[0.0,1.0],"evs":[0.0,5.81577]},"75o":{"weight":0.0,"played":[0.0,1.0],"evs":[0.0,5.28647]},"85o":{"weight":0.0,"played":[0.0,1.0],"evs":[0.0,4.52789]},"95o":{"weight":0.0,"played":[0.0,1.0],"evs":[0.0,4.19158]},"T5o":{"weight":0.0,"played":[0.0,1.0],"evs":[0.0,3.67319]},"J5o":{"weight":0.0,"played":[0.0,1.0],"evs":[0.0,3.65725]},"Q5o":{"weight":0.0,"played":[0.0,1.0],"evs":[0.0,4.33732]},"K5o":{"weight":0.0,"played":[0.0,1.0],"evs":[0.0,4.68806]},"A5o":{"weight":0.0,"played":[0.0,1.0],"evs":[0.0,5.95944]},"62s":{"weight":0.0,"played":[1.0E-4,0.9999],"evs":[0.0,5.71959]},"63s":{"weight":0.0,"played":[0.0,1.0],"evs":[0.0,5.50541]},"64s":{"weight":0.0,"played":[1.0E-4,0.9999],"evs":[0.0,6.0337]},"65s":{"weight":0.0,"played":[0.0,1.0],"evs":[0.0,6.82034]},"66":{"weight":0.4514,"played":[0.0,1.0],"evs":[0.0,8.03374]},"76o":{"weight":0.0,"played":[0.0,1.0],"evs":[0.0,5.72599]},"86o":{"weight":0.0,"played":[0.0,1.0],"evs":[0.0,4.91331]},"96o":{"weight":0.0,"played":[0.0,1.0],"evs":[0.0,4.70496]},"T6o":{"weight":0.0,"played":[0.0,1.0],"evs":[0.0,4.41673]},"J6o":{"weight":0.0,"played":[0.0,1.0],"evs":[0.0,3.34952]},"Q6o":{"weight":0.0,"played":[0.0,1.0],"evs":[0.0,4.66282]},"K6o":{"weight":0.0,"played":[0.0,1.0],"evs":[0.0,4.73351]},"A6o":{"weight":0.0,"played":[0.0,1.0],"evs":[0.0,4.52464]},"72s":{"weight":0.0,"played":[3.0E-4,0.9997],"evs":[0.0,4.47907]},"73s":{"weight":0.0,"played":[0.0,1.0],"evs":[0.0,4.87133]},"74s":{"weight":0.0,"played":[1.0E-4,0.9999],"evs":[0.0,5.79651]},"75s":{"weight":0.0,"played":[1.0E-4,0.9999],"evs":[0.0,6.70093]},"76s":{"weight":0.0,"played":[0.0,1.0],"evs":[0.0,6.5355]},"77":{"weight":0.3202,"played":[0.0,1.0],"evs":[0.0,8.45116]},"87o":{"weight":0.0,"played":[0.0,1.0],"evs":[0.0,5.33575]},"97o":{"weight":0.0,"played":[0.0,1.0],"evs":[0.0,5.0768]},"T7o":{"weight":0.0,"played":[0.0,1.0],"evs":[0.0,4.95356]},"J7o":{"weight":0.0,"played":[0.0,1.0],"evs":[0.0,4.24816]},"Q7o":{"weight":0.0,"played":[0.0,1.0],"evs":[0.0,4.7846]},"K7o":{"weight":0.0,"played":[0.0,1.0],"evs":[0.0,4.60241]},"A7o":{"weight":0.0,"played":[0.0,1.0],"evs":[0.0,5.43519]},"82s":{"weight":0.0,"played":[0.0,1.0],"evs":[0.0,4.35482]},"83s":{"weight":0.0,"played":[0.0,1.0],"evs":[0.0,4.69308]},"84s":{"weight":0.0,"played":[0.0,1.0],"evs":[0.0,5.8677]},"85s":{"weight":0.0,"played":[0.0,1.0],"evs":[0.0,6.21299]},"86s":{"weight":0.0,"played":[0.0,1.0],"evs":[0.0,6.35807]},"87s":{"weight":0.0,"played":[0.0,1.0],"evs":[0.0,6.67036]},"88":{"weight":0.3335,"played":[0.0,1.0],"evs":[0.0,8.44961]},"98o":{"weight":0.0,"played":[0.0,1.0],"evs":[0.0,5.61188]},"T8o":{"weight":0.0,"played":[0.0,1.0],"evs":[0.0,4.90096]},"J8o":{"weight":0.0,"played":[0.0,1.0],"evs":[0.0,4.26505]},"Q8o":{"weight":0.0,"played":[0.0,1.0],"evs":[0.0,4.94856]},"K8o":{"weight":0.0,"played":[0.0,1.0],"evs":[0.0,4.75805]},"A8o":{"weight":0.0,"played":[0.0,1.0],"evs":[0.0,5.21772]},"92s":{"weight":0.0,"played":[0.0,1.0],"evs":[0.0,4.65864]},"93s":{"weight":0.0,"played":[0.0,1.0],"evs":[0.0,4.58819]},"94s":{"weight":0.0,"played":[1.0E-4,0.9999],"evs":[0.0,5.7873]},"95s":{"weight":0.0,"played":[0.0,1.0],"evs":[0.0,5.41984]},"96s":{"weight":0.0,"played":[0.0,1.0],"evs":[0.0,6.47292]},"97s":{"weight":0.0,"played":[0.0,1.0],"evs":[0.0,6.47808]},"98s":{"weight":0.0,"played":[0.0,1.0],"evs":[0.0,6.29516]},"99":{"weight":0.3452,"played":[0.0,1.0],"evs":[0.0,10.06472]},"T9o":{"weight":0.0,"played":[0.0,1.0],"evs":[0.0,6.05119]},"J9o":{"weight":0.0,"played":[0.0,1.0],"evs":[0.0,5.39604]},"Q9o":{"weight":0.0,"played":[0.0,1.0],"evs":[0.0,5.31787]},"K9o":{"weight":0.0,"played":[0.0,1.0],"evs":[0.0,5.28294]},"A9o":{"weight":0.6883,"played":[0.0,1.0],"evs":[0.0,5.98142]},"T2s":{"weight":0.0,"played":[0.0,1.0],"evs":[0.0,5.35871]},"T3s":{"weight":0.0,"played":[0.0,1.0],"evs":[0.0,4.35324]},"T4s":{"weight":0.0,"played":[0.0,1.0],"evs":[0.0,4.78961]},"T5s":{"weight":0.0,"played":[0.0,1.0],"evs":[0.0,6.42701]},"T6s":{"weight":0.0,"played":[0.0,1.0],"evs":[0.0,7.02568]},"T7s":{"weight":0.0,"played":[0.0,1.0],"evs":[0.0,6.32367]},"T8s":{"weight":0.0,"played":[0.0,1.0],"evs":[0.0,6.5987]},"T9s":{"weight":0.0,"played":[0.0,1.0],"evs":[0.0,7.32854]},"TT":{"weight":0.2902,"played":[0.0,1.0],"evs":[0.0,10.76679]},"JTo":{"weight":0.0,"played":[0.0,1.0],"evs":[0.0,6.03004]},"QTo":{"weight":0.0,"played":[0.0,1.0],"evs":[0.0,6.35121]},"KTo":{"weight":0.0,"played":[0.0,1.0],"evs":[0.0,6.36765]},"ATo":{"weight":0.5409,"played":[0.0,1.0],"evs":[0.0,6.94073]},"J2s":{"weight":0.0,"played":[0.0,1.0],"evs":[0.0,4.71191]},"J3s":{"weight":0.0,"played":[0.0,1.0],"evs":[0.0,5.04286]},"J4s":{"weight":0.0,"played":[0.0,1.0],"evs":[0.0,5.38553]},"J5s":{"weight":0.0,"played":[0.0,1.0],"evs":[0.0,5.28019]},"J6s":{"weight":0.0,"played":[0.0,1.0],"evs":[0.0,5.24852]},"J7s":{"weight":0.0,"played":[0.0,1.0],"evs":[0.0,6.0739]},"J8s":{"weight":0.0,"played":[0.0,1.0],"evs":[0.0,6.08212]},"J9s":{"weight":1.0E-4,"played":[0.0,1.0],"evs":[0.0,7.47626]},"JTs":{"weight":0.3495,"played":[0.0,1.0],"evs":[0.0,7.65031]},"JJ":{"weight":0.2365,"played":[0.0,1.0],"evs":[0.0,12.58549]},"QJo":{"weight":0.0,"played":[0.0,1.0],"evs":[0.0,6.13668]},"KJo":{"weight":0.3075,"played":[0.0,1.0],"evs":[0.0,6.99308]},"AJo":{"weight":0.5314,"played":[0.0,1.0],"evs":[0.0,7.95865]},"Q2s":{"weight":0.0,"played":[1.0E-4,0.9999],"evs":[0.0,5.5839]},"Q3s":{"weight":0.0,"played":[0.0,1.0],"evs":[0.0,5.76465]},"Q4s":{"weight":0.0,"played":[0.0,1.0],"evs":[0.0,5.93011]},"Q5s":{"weight":0.0,"played":[0.0,1.0],"evs":[0.0,5.577]},"Q6s":{"weight":0.0,"played":[0.0,1.0],"evs":[0.0,7.10595]},"Q7s":{"weight":0.0,"played":[0.0,1.0],"evs":[0.0,6.00395]},"Q8s":{"weight":0.0,"played":[0.0,1.0],"evs":[0.0,6.14668]},"Q9s":{"weight":0.0,"played":[0.0,1.0],"evs":[0.0,7.44588]},"QTs":{"weight":0.2424,"played":[0.0,1.0],"evs":[0.0,8.54852]},"QJs":{"weight":0.2552,"played":[0.0,1.0],"evs":[0.0,7.88292]},"QQ":{"weight":0.3466,"played":[0.0,1.0],"evs":[0.0,15.92279]},"KQo":{"weight":0.2973,"played":[0.0,1.0],"evs":[0.0,7.48335]},"AQo":{"weight":0.5,"played":[0.0,1.0],"evs":[0.0,9.17881]},"K2s":{"weight":0.0,"played":[0.0,1.0],"evs":[0.0,5.47523]},"K3s":{"weight":0.0,"played":[0.0,1.0],"evs":[0.0,6.71276]},"K4s":{"weight":0.0,"played":[0.0,1.0],"evs":[0.0,6.19024]},"K5s":{"weight":0.0,"played":[0.0,1.0],"evs":[0.0,6.26885]},"K6s":{"weight":0.0,"played":[0.0,1.0],"evs":[0.0,6.25242]},"K7s":{"weight":0.0,"played":[0.0,1.0],"evs":[0.0,6.56158]},"K8s":{"weight":0.0,"played":[0.0,1.0],"evs":[0.0,6.03397]},"K9s":{"weight":1.0E-4,"played":[0.0,1.0],"evs":[0.0,7.0743]},"KTs":{"weight":0.2434,"played":[0.0,1.0],"evs":[0.0,8.41218]},"KJs":{"weight":0.2915,"played":[0.0,1.0],"evs":[0.0,7.81002]},"KQs":{"weight":0.3593,"played":[0.0,1.0],"evs":[0.0,9.79728]},"KK":{"weight":0.2842,"played":[0.0,1.0],"evs":[0.0,18.02661]},"AKo":{"weight":0.5933,"played":[0.0,1.0],"evs":[0.0,10.70533]},"A2s":{"weight":0.0,"played":[0.0,1.0],"evs":[0.0,6.35672]},"A3s":{"weight":0.0,"played":[0.0,1.0],"evs":[0.0,6.9137]},"A4s":{"weight":0.0,"played":[0.0,1.0],"evs":[0.0,6.58612]},"A5s":{"weight":0.2681,"played":[0.0,1.0],"evs":[0.0,7.26709]},"A6s":{"weight":0.1068,"played":[0.0,1.0],"evs":[0.0,7.73382]},"A7s":{"weight":0.2282,"played":[0.0,1.0],"evs":[0.0,7.31971]},"A8s":{"weight":0.2705,"played":[0.0,1.0],"evs":[0.0,7.92973]},"A9s":{"weight":0.3723,"played":[0.0,1.0],"evs":[0.0,7.80983]},"ATs":{"weight":0.4348,"played":[0.0,1.0],"evs":[0.0,9.1237]},"AJs":{"weight":0.396,"played":[0.0,1.0],"evs":[0.0,10.20905]},"AQs":{"weight":0.595,"played":[0.0,1.0],"evs":[0.0,10.60989]},"AKs":{"weight":0.4984,"played":[0.0,1.0],"evs":[0.0,12.04184]},"AA":{"weight":0.3044,"played":[0.0,1.0],"evs":[0.0,23.41139]}}}