{"player":5,"street":0,"children":2,"sequence":[{"player":0,"type":"F","amount":0,"street":0},{"player":1,"type":"R","amount":985000,"street":0},{"player":2,"type":"C","amount":985000,"street":0},{"player":3,"type":"R","amount":2485000,"street":0},{"player":4,"type":"F","amount":0,"street":0}],"actions":[{"type":"F","amount":0,"node":125},{"type":"C","amount":2385000,"node":126}],"hands":{"22":{"weight":1.0,"played":[0.8559,0.1441],"evs":[0.0,0.03189]},"32o":{"weight":1.0,"played":[1.0,0.0],"evs":[0.0,-6.07296]},"42o":{"weight":1.0,"played":[1.0,0.0],"evs":[0.0,-5.28231]},"52o":{"weight":1.0,"played":[1.0,0.0],"evs":[0.0,-4.69081]},"62o":{"weight":1.0,"played":[1.0,0.0],"evs":[0.0,-5.48982]},"72o":{"weight":1.0,"played":[1.0,0.0],"evs":[0.0,-6.09811]},"82o":{"weight":1.0,"played":[1.0,0.0],"evs":[0.0,-5.65625]},"92o":{"weight":1.0,"played":[1.0,0.0],"evs":[0.0,-6.0303]},"T2o":{"weight":1.0,"played":[1.0,0.0],"evs":[0.0,-6.236]},"J2o":{"weight":1.0,"played":[1.0,0.0],"evs":[0.0,-5.52326]},"Q2o":{"weight":1.0,"played":[1.0,0.0],"evs":[0.0,-5.0929]},"K2o":{"weight":1.0,"played":[1.0,0.0],"evs":[0.0,-4.67048]},"A2o":{"weight":1.0,"played":[1.0,0.0],"evs":[0.0,-3.96653]},"32s":{"weight":1.0,"played":[0.9997,3.0E-4],"evs":[0.0,-3.65071]},"33":{"weight":1.0,"played":[0.0227,0.9773],"evs":[0.0,0.91345]},"43o":{"weight":1.0,"played":[1.0,0.0],"evs":[0.0,-4.29884]},"53o":{"weight":1.0,"played":[1.0,0.0],"evs":[0.0,-4.03058]},"63o":{"weight":1.0,"played":[1.0,0.0],"evs":[0.0,-4.37341]},"73o":{"weight":1.0,"played":[1.0,0.0],"evs":[0.0,-4.83372]},"83o":{"weight":1.0,"played":[1.0,0.0],"evs":[0.0,-5.48005]},"93o":{"weight":1.0,"played":[1.0,0.0],"evs":[0.0,-5.84966]},"T3o":{"weight":1.0,"played":[1.0,0.0],"evs":[0.0,-5.73309]},"J3o":{"weight":1.0,"played":[0.9999,1.0E-4],"evs":[0.0,-5.09128]},"Q3o":{"weight":1.0,"played":[1.0,0.0],"evs":[0.0,-4.94191]},"K3o":{"weight":1.0,"played":[0.9999,1.0E-4],"evs":[0.0,-4.0023]},"A3o":{"weight":1.0,"played":[1.0,0.0],"evs":[0.0,-3.92467]},"42s":{"weight":1.0,"played":[0.9987,0.0013],"evs":[0.0,-2.9255]},"43s":{"weight":1.0,"played":[1.0,0.0],"evs":[0.0,-1.65087]},"44":{"weight":1.0,"played":[6.0E-4,0.9994],"evs":[0.0,1.96075]},"54o":{"weight":1.0,"played":[1.0,0.0],"evs":[0.0,-3.0359]},"64o":{"weight":1.0,"played":[1.0,0.0],"evs":[0.0,-3.13528]},"74o":{"weight":1.0,"played":[1.0,0.0],"evs":[0.0,-3.8649]},"84o":{"weight":1.0,"played":[1.0,0.0],"evs":[0.0,-4.78774]},"94o":{"weight":1.0,"played":[1.0,0.0],"evs":[0.0,-5.56584]},"T4o":{"weight":1.0,"played":[1.0,0.0],"evs":[0.0,-5.20074]},"J4o":{"weight":1.0,"played":[1.0,0.0],"evs":[0.0,-5.23961]},"Q4o":{"weight":1.0,"played":[1.0,0.0],"evs":[0.0,-4.11105]},"K4o":{"weight":1.0,"played":[1.0,0.0],"evs":[0.0,-3.55331]},"A4o":{"weight":1.0,"played":[1.0,0.0],"evs":[0.0,-3.24104]},"52s":{"weight":1.0,"played":[0.9997,3.0E-4],"evs":[0.0,-2.84134]},"53s":{"weight":1.0,"played":[0.9992,8.0E-4],"evs":[0.0,-1.94819]},"54s":{"weight":1.0,"played":[0.9594,0.0406],"evs":[0.0,-0.4025]},"55":{"weight":1.0,"played":[4.0E-4,0.9996],"evs":[0.0,3.93713]},"65o":{"weight":1.0,"played":[1.0,0.0],"evs":[0.0,-2.00091]},"75o":{"weight":1.0,"played":[0.9999,1.0E-4],"evs":[0.0,-2.57367]},"85o":{"weight":1.0,"played":[1.0,0.0],"evs":[0.0,-3.49149]},"95o":{"weight":1.0,"played":[1.0,0.0],"evs":[0.0,-4.34646]},"T5o":{"weight":1.0,"played":[1.0,0.0],"evs":[0.0,-5.22452]},"J5o":{"weight":1.0,"played":[1.0,0.0],"evs":[0.0,-4.60057]},"Q5o":{"weight":1.0,"played":[1.0,0.0],"evs":[0.0,-4.13316]},"K5o":{"weight":1.0,"played":[1.0,0.0],"evs":[0.0,-3.34497]},"A5o":{"weight":1.0,"played":[0.9999,1.0E-4],"evs":[0.0,-2.86258]},"62s":{"weight":1.0,"played":[1.0,0.0],"evs":[0.0,-2.75469]},"63s":{"weight":1.0,"played":[0.999,0.001],"evs":[0.0,-1.75357]},"64s":{"weight":1.0,"played":[0.9921,0.0079],"evs":[0.0,-0.64635]},"65s":{"weight":1.0,"played":[0.0647,0.9353],"evs":[0.0,1.30573]},"66":{"weight":1.0,"played":[0.0,1.0],"evs":[0.0,5.22971]},"76o":{"weight":1.0,"played":[1.0,0.0],"evs":[0.0,-1.25833]},"86o":{"weight":1.0,"played":[1.0,0.0],"evs":[0.0,-1.88737]},"96o":{"weight":1.0,"played":[1.0,0.0],"evs":[0.0,-2.87176]},"T6o":{"weight":1.0,"played":[1.0,0.0],"evs":[0.0,-3.73729]},"J6o":{"weight":1.0,"played":[1.0,0.0],"evs":[0.0,-3.94853]},"Q6o":{"weight":1.0,"played":[1.0,0.0],"evs":[0.0,-3.95618]},"K6o":{"weight":1.0,"played":[1.0,0.0],"evs":[0.0,-2.41937]},"A6o":{"weight":1.0,"played":[1.0,0.0],"evs":[0.0,-3.21349]},"72s":{"weight":1.0,"played":[1.0,0.0],"evs":[0.0,-4.18949]},"73s":{"weight":1.0,"played":[0.9988,0.0012],"evs":[0.0,-1.93436]},"74s":{"weight":1.0,"played":[0.9955,0.0045],"evs":[0.0,-1.06197]},"75s":{"weight":1.0,"played":[0.9874,0.0126],"evs":[0.0,-0.5709]},"76s":{"weight":1.0,"played":[0.8649,0.1351],"evs":[0.0,0.15521]},"77":{"weight":1.0,"played":[0.0,1.0],"evs":[0.0,6.28613]},"87o":{"weight":1.0,"played":[0.9999,1.0E-4],"evs":[0.0,-1.23471]},"97o":{"weight":1.0,"played":[1.0,0.0],"evs":[0.0,-2.48131]},"T7o":{"weight":1.0,"played":[0.9998,2.0E-4],"evs":[0.0,-2.91232]},"J7o":{"weight":1.0,"played":[1.0,0.0],"evs":[0.0,-3.19268]},"Q7o":{"weight":1.0,"played":[1.0,0.0],"evs":[0.0,-3.37493]},"K7o":{"weight":1.0,"played":[0.9999,1.0E-4],"evs":[0.0,-2.47939]},"A7o":{"weight":1.0,"played":[0.9993,7.0E-4],"evs":[0.0,-2.6716]},"82s":{"weight":1.0,"played":[0.9995,5.0E-4],"evs":[0.0,-3.43546]},"83s":{"weight":1.0,"played":[0.9999,1.0E-4],"evs":[0.0,-3.47264]},"84s":{"weight":1.0,"played":[1.0,0.0],"evs":[0.0,-1.1431]},"85s":{"weight":1.0,"played":[0.9984,0.0016],"evs":[0.0,-1.07867]},"86s":{"weight":1.0,"played":[0.9904,0.0096],"evs":[0.0,-0.13852]},"87s":{"weight":1.0,"played":[0.7399,0.2601],"evs":[0.0,-0.39833]},"88":{"weight":1.0,"played":[1.0E-4,0.9999],"evs":[0.0,7.9459]},"98o":{"weight":1.0,"played":[0.9996,4.0E-4],"evs":[0.0,-1.94329]},"T8o":{"weight":1.0,"played":[0.9998,2.0E-4],"evs":[0.0,-1.82896]},"J8o":{"weight":1.0,"played":[1.0,0.0],"evs":[0.0,-2.08651]},"Q8o":{"weight":1.0,"played":[1.0,0.0],"evs":[0.0,-2.13002]},"K8o":{"weight":1.0,"played":[1.0,0.0],"evs":[0.0,-2.15846]},"A8o":{"weight":1.0,"played":[0.9973,0.0027],"evs":[0.0,-2.17841]},"92s":{"weight":1.0,"played":[0.9954,0.0046],"evs":[0.0,-3.79569]},"93s":{"weight":1.0,"played":[0.9996,4.0E-4],"evs":[0.0,-3.41067]},"94s":{"weight":1.0,"played":[1.0,0.0],"evs":[0.0,-2.27718]},"95s":{"weight":1.0,"played":[0.9865,0.0135],"evs":[0.0,-1.24129]},"96s":{"weight":1.0,"played":[0.9965,0.0035],"evs":[0.0,-0.52996]},"97s":{"weight":1.0,"played":[0.1975,0.8025],"evs":[0.0,0.68335]},"98s":{"weight":1.0,"played":[0.0066,0.9934],"evs":[0.0,0.94945]},"99":{"weight":1.0,"played":[0.0,1.0],"evs":[0.0,10.13029]},"T9o":{"weight":1.0,"played":[0.9831,0.0169],"evs":[0.0,-1.54551]},"J9o":{"weight":1.0,"played":[0.9998,2.0E-4],"evs":[0.0,-1.60252]},"Q9o":{"weight":1.0,"played":[0.9994,6.0E-4],"evs":[0.0,-1.42042]},"K9o":{"weight":1.0,"played":[0.9997,3.0E-4],"evs":[0.0,-1.82006]},"A9o":{"weight":1.0,"played":[0.9998,2.0E-4],"evs":[0.0,-1.40031]},"T2s":{"weight":1.0,"played":[1.0,0.0],"evs":[0.0,-3.09337]},"T3s":{"weight":1.0,"played":[0.9999,1.0E-4],"evs":[0.0,-2.75527]},"T4s":{"weight":1.0,"played":[0.9981,0.0019],"evs":[0.0,-2.41026]},"T5s":{"weight":1.0,"played":[0.9971,0.0029],"evs":[0.0,-2.51735]},"T6s":{"weight":1.0,"played":[0.9858,0.0142],"evs":[0.0,-1.77297]},"T7s":{"weight":1.0,"played":[0.986,0.014],"evs":[0.0,-1.00601]},"T8s":{"weight":1.0,"played":[0.0766,0.9234],"evs":[0.0,0.66548]},"T9s":{"weight":1.0,"played":[1.0E-4,0.9999],"evs":[0.0,1.32819]},"TT":{"weight":1.0,"played":[0.0,1.0],"evs":[0.0,12.01596]},"JTo":{"weight":1.0,"played":[0.9237,0.0763],"evs":[0.0,-0.30892]},"QTo":{"weight":1.0,"played":[0.966,0.034],"evs":[0.0,-0.57858]},"KTo":{"weight":1.0,"played":[0.9761,0.0239],"evs":[0.0,-0.51913]},"ATo":{"weight":1.0,"played":[0.0063,0.9937],"evs":[0.0,0.33908]},"J2s":{"weight":1.0,"played":[0.9997,3.0E-4],"evs":[0.0,-3.58506]},"J3s":{"weight":1.0,"played":[0.9985,0.0015],"evs":[0.0,-2.81363]},"J4s":{"weight":1.0,"played":[0.9999,1.0E-4],"evs":[0.0,-1.93155]},"J5s":{"weight":1.0,"played":[0.9999,1.0E-4],"evs":[0.0,-2.90394]},"J6s":{"weight":1.0,"played":[0.9906,0.0094],"evs":[0.0,-1.31018]},"J7s":{"weight":1.0,"played":[0.9993,7.0E-4],"evs":[0.0,-1.40309]},"J8s":{"weight":1.0,"played":[0.4797,0.5203],"evs":[0.0,0.45167]},"J9s":{"weight":1.0,"played":[0.168,0.832],"evs":[0.0,-0.04644]},"JTs":{"weight":1.0,"played":[0.1068,0.8932],"evs":[0.0,1.98594]},"JJ":{"weight":1.0,"played":[0.0,1.0],"evs":[0.0,14.24025]},"QJo":{"weight":1.0,"played":[0.9853,0.0147],"evs":[0.0,-0.51164]},"KJo":{"weight":1.0,"played":[0.046,0.954],"evs":[0.0,0.79843]},"AJo":{"weight":1.0,"played":[0.0,1.0],"evs":[0.0,2.31823]},"Q2s":{"weight":1.0,"played":[0.9995,5.0E-4],"evs":[0.0,-2.85884]},"Q3s":{"weight":1.0,"played":[1.0,0.0],"evs":[0.0,-2.195]},"Q4s":{"weight":1.0,"played":[0.9998,2.0E-4],"evs":[0.0,-1.16974]},"Q5s":{"weight":1.0,"played":[0.9996,4.0E-4],"evs":[0.0,-1.46956]},"Q6s":{"weight":1.0,"played":[0.9631,0.0369],"evs":[0.0,-1.29246]},"Q7s":{"weight":1.0,"played":[0.9883,0.0117],"evs":[0.0,-1.4424]},"Q8s":{"weight":1.0,"played":[0.8218,0.1782],"evs":[0.0,-0.65444]},"Q9s":{"weight":1.0,"played":[0.001,0.999],"evs":[0.0,0.92253]},"QTs":{"weight":1.0,"played":[0.0173,0.9827],"evs":[0.0,1.19536]},"QJs":{"weight":1.0,"played":[0.0,1.0],"evs":[0.0,1.91924]},"QQ":{"weight":1.0,"played":[0.0,1.0],"evs":[0.0,18.88423]},"KQo":{"weight":1.0,"played":[0.0,1.0],"evs":[0.0,2.57089]},"AQo":{"weight":1.0,"played":[0.0,1.0],"evs":[0.0,4.78339]},"K2s":{"weight":1.0,"played":[0.9926,0.0074],"evs":[0.0,-1.49052]},"K3s":{"weight":1.0,"played":[0.9645,0.0355],"evs":[0.0,-0.46662]},"K4s":{"weight":1.0,"played":[0.9963,0.0037],"evs":[0.0,-0.76887]},"K5s":{"weight":1.0,"played":[0.9594,0.0406],"evs":[0.0,-0.09294]},"K6s":{"weight":1.0,"played":[0.8981,0.1019],"evs":[0.0,-0.13028]},"K7s":{"weight":1.0,"played":[0.7839,0.2161],"evs":[0.0,-0.10084]},"K8s":{"weight":1.0,"played":[0.6533,0.3467],"evs":[0.0,0.31748]},"K9s":{"weight":1.0,"played":[0.0034,0.9966],"evs":[0.0,0.97815]},"KTs":{"weight":1.0,"played":[0.0052,0.9948],"evs":[0.0,2.00545]},"KJs":{"weight":1.0,"played":[0.0061,0.9939],"evs":[0.0,2.92672]},"KQs":{"weight":1.0,"played":[0.0,1.0],"evs":[0.0,3.81704]},"KK":{"weight":1.0,"played":[0.0,1.0],"evs":[0.0,23.18153]},"AKo":{"weight":1.0,"played":[0.0,1.0],"evs":[0.0,7.3062]},"A2s":{"weight":1.0,"played":[0.9515,0.0485],"evs":[0.0,-2.2824]},"A3s":{"weight":1.0,"played":[0.947,0.053],"evs":[0.0,-1.24242]},"A4s":{"weight":1.0,"played":[0.9924,0.0076],"evs":[0.0,-1.08157]},"A5s":{"weight":1.0,"played":[0.0248,0.9752],"evs":[0.0,0.61011]},"A6s":{"weight":1.0,"played":[0.2592,0.7408],"evs":[0.0,-0.03231]},"A7s":{"weight":1.0,"played":[0.2844,0.7156],"evs":[0.0,-0.00475]},"A8s":{"weight":1.0,"played":[0.029,0.971],"evs":[0.0,0.33809]},"A9s":{"weight":1.0,"played":[0.0,1.0],"evs":[0.0,1.51343]},"ATs":{"weight":1.0,"played":[2.0E-4,0.9998],"evs":[0.0,3.44391]},"AJs":{"weight":1.0,"played":[1.0E-4,0.9999],"evs":[0.0,5.08371]},"AQs":{"weight":1.0,"played":[0.0,1.0],"evs":[0.0,7.71462]},"AKs":{"weight":1.0,"played":[0.0,1.0],"evs":[0.0,9.38544]},"AA":{"weight":1.0,"played":[0.0,1.0],"evs":[0.0,29.11155]}}}