{"player":3,"street":0,"children":2,"sequence":[{"player":0,"type":"F","amount":0,"street":0},{"player":1,"type":"F","amount":0,"street":0},{"player":2,"type":"F","amount":0,"street":0},{"player":3,"type":"R","amount":200000,"street":0},{"player":4,"type":"F","amount":0,"street":0},{"player":5,"type":"R","amount":2485000,"street":0}],"actions":[{"type":"F","amount":0},{"type":"C","amount":2285000}],"hands":{"22":{"weight":1.0E-4,"played":[1.0,0.0],"evs":[0.0,-1.92008]},"32o":{"weight":0.0,"played":[1.0,0.0],"evs":[0.0,-8.2153]},"42o":{"weight":0.0,"played":[1.0,0.0],"evs":[0.0,-7.94091]},"52o":{"weight":0.0,"played":[1.0,0.0],"evs":[0.0,-7.53336]},"62o":{"weight":0.0,"played":[1.0,0.0],"evs":[0.0,-7.88987]},"72o":{"weight":0.0,"played":[1.0,0.0],"evs":[0.0,-8.24722]},"82o":{"weight":0.0,"played":[1.0,0.0],"evs":[0.0,-7.94566]},"92o":{"weight":0.0,"played":[1.0,0.0],"evs":[0.0,-7.61454]},"T2o":{"weight":0.0,"played":[1.0,0.0],"evs":[0.0,-7.27144]},"J2o":{"weight":0.0,"played":[1.0,0.0],"evs":[0.0,-6.81085]},"Q2o":{"weight":0.0,"played":[1.0,0.0],"evs":[0.0,-5.33259]},"K2o":{"weight":0.0,"played":[1.0,0.0],"evs":[0.0,-4.9197]},"A2o":{"weight":3.0E-4,"played":[1.0,0.0],"evs":[0.0,-2.58155]},"32s":{"weight":0.0,"played":[1.0,0.0],"evs":[0.0,-6.55395]},"33":{"weight":0.1854,"played":[1.0,0.0],"evs":[0.0,-0.88102]},"43o":{"weight":0.0,"played":[1.0,0.0],"evs":[0.0,-7.06209]},"53o":{"weight":0.0,"played":[1.0,0.0],"evs":[0.0,-6.75625]},"63o":{"weight":0.0,"played":[1.0,0.0],"evs":[0.0,-7.0354]},"73o":{"weight":0.0,"played":[1.0,0.0],"evs":[0.0,-7.39883]},"83o":{"weight":0.0,"played":[1.0,0.0],"evs":[0.0,-7.6892]},"93o":{"weight":0.0,"played":[1.0,0.0],"evs":[0.0,-7.23297]},"T3o":{"weight":0.0,"played":[1.0,0.0],"evs":[0.0,-6.87232]},"J3o":{"weight":0.0,"played":[1.0,0.0],"evs":[0.0,-6.34644]},"Q3o":{"weight":0.0,"played":[1.0,0.0],"evs":[0.0,-4.96667]},"K3o":{"weight":0.0,"played":[1.0,0.0],"evs":[0.0,-4.55642]},"A3o":{"weight":0.751,"played":[1.0,0.0],"evs":[0.0,-2.33898]},"42s":{"weight":0.0,"played":[1.0,0.0],"evs":[0.0,-6.49084]},"43s":{"weight":0.0,"played":[1.0,0.0],"evs":[0.0,-5.51214]},"44":{"weight":0.8427,"played":[0.1385,0.8615],"evs":[0.0,0.08047]},"54o":{"weight":0.0,"played":[1.0,0.0],"evs":[0.0,-6.03272]},"64o":{"weight":0.0,"played":[1.0,0.0],"evs":[0.0,-6.43077]},"74o":{"weight":0.0,"played":[1.0,0.0],"evs":[0.0,-6.72319]},"84o":{"weight":0.0,"played":[1.0,0.0],"evs":[0.0,-7.02418]},"94o":{"weight":0.0,"played":[1.0,0.0],"evs":[0.0,-7.09664]},"T4o":{"weight":0.0,"played":[1.0,0.0],"evs":[0.0,-6.56054]},"J4o":{"weight":0.0,"played":[1.0,0.0],"evs":[0.0,-6.09323]},"Q4o":{"weight":0.0,"played":[1.0,0.0],"evs":[0.0,-4.7414]},"K4o":{"weight":0.0,"played":[1.0,0.0],"evs":[0.0,-4.30978]},"A4o":{"weight":1.0,"played":[1.0,0.0],"evs":[0.0,-1.96323]},"52s":{"weight":0.0,"played":[1.0,0.0],"evs":[0.0,-5.92627]},"53s":{"weight":1.0E-4,"played":[1.0,0.0],"evs":[0.0,-5.21069]},"54s":{"weight":0.763,"played":[1.0,0.0],"evs":[0.0,-4.58747]},"55":{"weight":1.0,"played":[0.0,1.0],"evs":[0.0,1.07504]},"65o":{"weight":0.0,"played":[1.0,0.0],"evs":[0.0,-5.68742]},"75o":{"weight":0.0,"played":[1.0,0.0],"evs":[0.0,-5.97837]},"85o":{"weight":0.0,"played":[1.0,0.0],"evs":[0.0,-6.28057]},"95o":{"weight":0.0,"played":[1.0,0.0],"evs":[0.0,-6.34092]},"T5o":{"weight":0.0,"played":[1.0,0.0],"evs":[0.0,-6.34707]},"J5o":{"weight":0.0,"played":[1.0,0.0],"evs":[0.0,-5.77471]},"Q5o":{"weight":0.0,"played":[1.0,0.0],"evs":[0.0,-4.47577]},"K5o":{"weight":0.0,"played":[1.0,0.0],"evs":[0.0,-3.95818]},"A5o":{"weight":1.0,"played":[1.0,0.0],"evs":[0.0,-1.48713]},"62s":{"weight":0.0,"played":[1.0,0.0],"evs":[0.0,-6.32095]},"63s":{"weight":0.0,"played":[1.0,0.0],"evs":[0.0,-5.51546]},"64s":{"weight":0.0145,"played":[1.0,0.0],"evs":[0.0,-4.96752]},"65s":{"weight":1.0,"played":[1.0,0.0],"evs":[0.0,-4.23038]},"66":{"weight":1.0,"played":[0.0,1.0],"evs":[0.0,1.83001]},"76o":{"weight":0.0,"played":[1.0,0.0],"evs":[0.0,-5.2117]},"86o":{"weight":0.0,"played":[1.0,0.0],"evs":[0.0,-5.45396]},"96o":{"weight":0.0,"played":[1.0,0.0],"evs":[0.0,-5.53143]},"T6o":{"weight":0.0,"played":[1.0,0.0],"evs":[0.0,-5.58039]},"J6o":{"weight":0.0,"played":[1.0,0.0],"evs":[0.0,-5.52866]},"Q6o":{"weight":0.0,"played":[1.0,0.0],"evs":[0.0,-4.07757]},"K6o":{"weight":0.0,"played":[1.0,0.0],"evs":[0.0,-3.51944]},"A6o":{"weight":1.0,"played":[1.0,0.0],"evs":[0.0,-1.53523]},"72s":{"weight":0.0,"played":[1.0,0.0],"evs":[0.0,-6.71183]},"73s":{"weight":0.0,"played":[1.0,0.0],"evs":[0.0,-5.90572]},"74s":{"weight":1.0E-4,"played":[1.0,0.0],"evs":[0.0,-5.12999]},"75s":{"weight":0.9991,"played":[1.0,0.0],"evs":[0.0,-4.53016]},"76s":{"weight":1.0,"played":[1.0,0.0],"evs":[0.0,-3.76263]},"77":{"weight":1.0,"played":[0.0,1.0],"evs":[0.0,2.75181]},"87o":{"weight":0.0,"played":[1.0,0.0],"evs":[0.0,-4.94092]},"97o":{"weight":0.0,"played":[1.0,0.0],"evs":[0.0,-5.00292]},"T7o":{"weight":0.0,"played":[1.0,0.0],"evs":[0.0,-5.00026]},"J7o":{"weight":0.0,"played":[1.0,0.0],"evs":[0.0,-4.90831]},"Q7o":{"weight":0.0,"played":[1.0,0.0],"evs":[0.0,-3.98579]},"K7o":{"weight":1.0E-4,"played":[1.0,0.0],"evs":[0.0,-3.22393]},"A7o":{"weight":1.0,"played":[1.0,0.0],"evs":[0.0,-0.85644]},"82s":{"weight":0.0,"played":[1.0,0.0],"evs":[0.0,-6.47191]},"83s":{"weight":0.0,"played":[1.0,0.0],"evs":[0.0,-6.16632]},"84s":{"weight":0.0,"played":[1.0,0.0],"evs":[0.0,-5.34973]},"85s":{"weight":0.951,"played":[1.0,0.0],"evs":[0.0,-4.73052]},"86s":{"weight":0.9999,"played":[1.0,0.0],"evs":[0.0,-3.96051]},"87s":{"weight":1.0,"played":[1.0,0.0],"evs":[0.0,-3.55849]},"88":{"weight":1.0,"played":[0.0,1.0],"evs":[0.0,3.9266]},"98o":{"weight":0.0,"played":[1.0,0.0],"evs":[0.0,-4.49922]},"T8o":{"weight":0.0225,"played":[1.0,0.0],"evs":[0.0,-4.37718]},"J8o":{"weight":0.1773,"played":[1.0,0.0],"evs":[0.0,-4.01639]},"Q8o":{"weight":1.0E-4,"played":[1.0,0.0],"evs":[0.0,-3.14823]},"K8o":{"weight":0.0912,"played":[1.0,0.0],"evs":[0.0,-2.72957]},"A8o":{"weight":1.0,"played":[0.9584,0.0416],"evs":[0.0,-0.10129]},"92s":{"weight":0.0,"played":[1.0,0.0],"evs":[0.0,-6.10593]},"93s":{"weight":0.0,"played":[1.0,0.0],"evs":[0.0,-5.57776]},"94s":{"weight":0.0,"played":[1.0,0.0],"evs":[0.0,-5.51]},"95s":{"weight":0.0,"played":[1.0,0.0],"evs":[0.0,-4.87614]},"96s":{"weight":0.845,"played":[1.0,0.0],"evs":[0.0,-4.03101]},"97s":{"weight":0.9998,"played":[1.0,0.0],"evs":[0.0,-3.64835]},"98s":{"weight":1.0,"played":[1.0,0.0],"evs":[0.0,-3.05636]},"99":{"weight":1.0,"played":[0.0,1.0],"evs":[0.0,5.2545]},"T9o":{"weight":1.0,"played":[1.0,0.0],"evs":[0.0,-3.53483]},"J9o":{"weight":0.9997,"played":[1.0,0.0],"evs":[0.0,-3.15845]},"Q9o":{"weight":0.9999,"played":[1.0,0.0],"evs":[0.0,-2.43663]},"K9o":{"weight":1.0,"played":[1.0,0.0],"evs":[0.0,-2.14691]},"A9o":{"weight":0.9226,"played":[0.0,1.0],"evs":[0.0,0.44801]},"T2s":{"weight":0.0,"played":[1.0,0.0],"evs":[0.0,-5.67901]},"T3s":{"weight":0.0,"played":[1.0,0.0],"evs":[0.0,-5.35393]},"T4s":{"weight":0.0,"played":[1.0,0.0],"evs":[0.0,-5.0227]},"T5s":{"weight":2.0E-4,"played":[1.0,0.0],"evs":[0.0,-4.86575]},"T6s":{"weight":0.9996,"played":[1.0,0.0],"evs":[0.0,-4.04727]},"T7s":{"weight":1.0,"played":[1.0,0.0],"evs":[0.0,-3.57511]},"T8s":{"weight":1.0,"played":[1.0,0.0],"evs":[0.0,-2.8911]},"T9s":{"weight":1.0,"played":[1.0,0.0],"evs":[0.0,-2.14678]},"TT":{"weight":1.0,"played":[0.0,1.0],"evs":[0.0,7.03919]},"JTo":{"weight":1.0,"played":[1.0,0.0],"evs":[0.0,-1.80195]},"QTo":{"weight":1.0,"played":[1.0,0.0],"evs":[0.0,-1.37403]},"KTo":{"weight":1.0,"played":[1.0,0.0],"evs":[0.0,-1.04956]},"ATo":{"weight":1.0,"played":[0.0,1.0],"evs":[0.0,2.38871]},"J2s":{"weight":0.0,"played":[1.0,0.0],"evs":[0.0,-5.20876]},"J3s":{"weight":0.0,"played":[1.0,0.0],"evs":[0.0,-4.93455]},"J4s":{"weight":0.0025,"played":[1.0,0.0],"evs":[0.0,-4.595]},"J5s":{"weight":0.9966,"played":[1.0,0.0],"evs":[0.0,-4.25175]},"J6s":{"weight":0.9963,"played":[1.0,0.0],"evs":[0.0,-4.01241]},"J7s":{"weight":0.9999,"played":[1.0,0.0],"evs":[0.0,-3.43154]},"J8s":{"weight":1.0,"played":[1.0,0.0],"evs":[0.0,-2.63252]},"J9s":{"weight":1.0,"played":[1.0,0.0],"evs":[0.0,-1.76947]},"JTs":{"weight":1.0,"played":[0.9994,6.0E-4],"evs":[0.0,-0.53968]},"JJ":{"weight":1.0,"played":[0.0,1.0],"evs":[0.0,8.73304]},"QJo":{"weight":1.0,"played":[1.0,0.0],"evs":[0.0,-1.13285]},"KJo":{"weight":1.0,"played":[1.0,0.0],"evs":[0.0,-0.60672]},"AJo":{"weight":1.0,"played":[0.0,1.0],"evs":[0.0,3.86272]},"Q2s":{"weight":1.0E-4,"played":[1.0,0.0],"evs":[0.0,-3.85414]},"Q3s":{"weight":0.0016,"played":[1.0,0.0],"evs":[0.0,-3.5475]},"Q4s":{"weight":0.9625,"played":[1.0,0.0],"evs":[0.0,-3.30051]},"Q5s":{"weight":1.0,"played":[1.0,0.0],"evs":[0.0,-2.98333]},"Q6s":{"weight":1.0,"played":[1.0,0.0],"evs":[0.0,-2.64415]},"Q7s":{"weight":1.0,"played":[1.0,0.0],"evs":[0.0,-2.57188]},"Q8s":{"weight":1.0,"played":[1.0,0.0],"evs":[0.0,-1.75518]},"Q9s":{"weight":1.0,"played":[1.0,0.0],"evs":[0.0,-1.10925]},"QTs":{"weight":1.0,"played":[0.958,0.042],"evs":[0.0,-0.10399]},"QJs":{"weight":0.9941,"played":[0.1271,0.8729],"evs":[0.0,0.09981]},"QQ":{"weight":1.0,"played":[0.0,1.0],"evs":[0.0,10.32946]},"KQo":{"weight":0.9888,"played":[0.8088,0.1912],"evs":[0.0,-0.00645]},"AQo":{"weight":1.0,"played":[0.0,1.0],"evs":[0.0,5.1255]},"K2s":{"weight":0.8938,"played":[1.0,0.0],"evs":[0.0,-3.39924]},"K3s":{"weight":0.9999,"played":[1.0,0.0],"evs":[0.0,-2.99365]},"K4s":{"weight":1.0,"played":[1.0,0.0],"evs":[0.0,-2.82237]},"K5s":{"weight":1.0,"played":[1.0,0.0],"evs":[0.0,-2.52876]},"K6s":{"weight":1.0,"played":[1.0,0.0],"evs":[0.0,-2.18565]},"K7s":{"weight":1.0,"played":[1.0,0.0],"evs":[0.0,-1.74864]},"K8s":{"weight":1.0,"played":[1.0,0.0],"evs":[0.0,-1.44262]},"K9s":{"weight":1.0,"played":[1.0,0.0],"evs":[0.0,-0.82149]},"KTs":{"weight":0.9951,"played":[0.0105,0.9895],"evs":[0.0,0.18462]},"KJs":{"weight":1.0,"played":[0.0,1.0],"evs":[0.0,0.6597]},"KQs":{"weight":1.0,"played":[0.0,1.0],"evs":[0.0,1.07694]},"KK":{"weight":1.0,"played":[0.0,1.0],"evs":[0.0,11.85712]},"AKo":{"weight":1.0,"played":[0.0,1.0],"evs":[0.0,6.76378]},"A2s":{"weight":1.0,"played":[1.0,0.0],"evs":[0.0,-1.26702]},"A3s":{"weight":1.0,"played":[1.0,0.0],"evs":[0.0,-0.8921]},"A4s":{"weight":1.0,"played":[1.0,0.0],"evs":[0.0,-0.63598]},"A5s":{"weight":0.9677,"played":[0.9978,0.0022],"evs":[0.0,-0.21251]},"A6s":{"weight":1.0,"played":[0.9959,0.0041],"evs":[0.0,-0.22228]},"A7s":{"weight":0.997,"played":[0.0,1.0],"evs":[0.0,0.476]},"A8s":{"weight":1.0,"played":[0.0,1.0],"evs":[0.0,1.01933]},"A9s":{"weight":1.0,"played":[0.0,1.0],"evs":[0.0,1.67743]},"ATs":{"weight":1.0,"played":[0.0,1.0],"evs":[0.0,3.39588]},"AJs":{"weight":1.0,"played":[0.0,1.0],"evs":[0.0,4.83425]},"AQs":{"weight":1.0,"played":[0.0,1.0],"evs":[0.0,5.95472]},"AKs":{"weight":1.0,"played":[0.0,1.0],"evs":[0.0,7.45775]},"AA":{"weight":1.0,"played":[0.0,1.0],"evs":[0.0,16.32959]}}}