{"player":4,"street":0,"children":2,"sequence":[{"player":0,"type":"R","amount":985000,"street":0},{"player":1,"type":"F","amount":0,"street":0},{"player":2,"type":"F","amount":0,"street":0},{"player":3,"type":"F","amount":0,"street":0},{"player":4,"type":"C","amount":935000,"street":0},{"player":5,"type":"R","amount":2985000,"street":0}],"actions":[{"type":"F","amount":0},{"type":"C","amount":2000000}],"hands":{"22":{"weight":0.0306,"played":[0.0,1.0],"evs":[0.0,1.71894]},"32o":{"weight":0.0,"played":[1.0,0.0],"evs":[0.0,-4.35596]},"42o":{"weight":0.0,"played":[1.0,0.0],"evs":[0.0,-3.80431]},"52o":{"weight":0.0,"played":[1.0,0.0],"evs":[0.0,-3.56984]},"62o":{"weight":0.0,"played":[1.0,0.0],"evs":[0.0,-4.27573]},"72o":{"weight":0.0,"played":[1.0,0.0],"evs":[0.0,-4.83832]},"82o":{"weight":0.0,"played":[1.0,0.0],"evs":[0.0,-4.07557]},"92o":{"weight":0.0,"played":[1.0,0.0],"evs":[0.0,-3.75056]},"T2o":{"weight":0.0,"played":[1.0,0.0],"evs":[0.0,-3.30677]},"J2o":{"weight":0.0,"played":[1.0,0.0],"evs":[0.0,-3.57635]},"Q2o":{"weight":0.0,"played":[1.0,0.0],"evs":[0.0,-2.8022]},"K2o":{"weight":0.0,"played":[0.9999,1.0E-4],"evs":[0.0,-1.90727]},"A2o":{"weight":0.0,"played":[0.9999,1.0E-4],"evs":[0.0,-2.6285]},"32s":{"weight":0.0,"played":[1.0,0.0],"evs":[0.0,-1.69183]},"33":{"weight":2.0E-4,"played":[0.0,1.0],"evs":[0.0,1.7745]},"43o":{"weight":0.0,"played":[1.0,0.0],"evs":[0.0,-2.90561]},"53o":{"weight":0.0,"played":[1.0,0.0],"evs":[0.0,-2.55007]},"63o":{"weight":0.0,"played":[1.0,0.0],"evs":[0.0,-3.31143]},"73o":{"weight":0.0,"played":[1.0,0.0],"evs":[0.0,-4.08545]},"83o":{"weight":0.0,"played":[1.0,0.0],"evs":[0.0,-4.20328]},"93o":{"weight":0.0,"played":[1.0,0.0],"evs":[0.0,-3.70541]},"T3o":{"weight":0.0,"played":[1.0,0.0],"evs":[0.0,-3.01925]},"J3o":{"weight":0.0,"played":[1.0,0.0],"evs":[0.0,-3.21957]},"Q3o":{"weight":0.0,"played":[1.0,0.0],"evs":[0.0,-2.67902]},"K3o":{"weight":0.0,"played":[1.0,0.0],"evs":[0.0,-1.76749]},"A3o":{"weight":0.0,"played":[1.0,0.0],"evs":[0.0,-2.30708]},"42s":{"weight":0.0,"played":[0.9998,2.0E-4],"evs":[0.0,-1.53344]},"43s":{"weight":0.0,"played":[0.9756,0.0244],"evs":[0.0,-0.4431]},"44":{"weight":0.0041,"played":[0.0,1.0],"evs":[0.0,2.2531]},"54o":{"weight":0.0,"played":[1.0,0.0],"evs":[0.0,-1.78449]},"64o":{"weight":0.0,"played":[1.0,0.0],"evs":[0.0,-2.43101]},"74o":{"weight":0.0,"played":[1.0,0.0],"evs":[0.0,-3.02811]},"84o":{"weight":0.0,"played":[1.0,0.0],"evs":[0.0,-3.0528]},"94o":{"weight":0.0,"played":[0.9999,1.0E-4],"evs":[0.0,-3.4413]},"T4o":{"weight":0.0,"played":[1.0,0.0],"evs":[0.0,-2.83876]},"J4o":{"weight":0.0,"played":[1.0,0.0],"evs":[0.0,-2.87683]},"Q4o":{"weight":0.0,"played":[1.0,0.0],"evs":[0.0,-2.41755]},"K4o":{"weight":0.0,"played":[1.0,0.0],"evs":[0.0,-1.57934]},"A4o":{"weight":0.0,"played":[0.9999,1.0E-4],"evs":[0.0,-1.98853]},"52s":{"weight":0.0,"played":[0.9984,0.0016],"evs":[0.0,-1.30535]},"53s":{"weight":0.0,"played":[0.9503,0.0497],"evs":[0.0,-0.40992]},"54s":{"weight":0.0,"played":[0.0077,0.9923],"evs":[0.0,0.62298]},"55":{"weight":0.0018,"played":[0.0,1.0],"evs":[0.0,2.6138]},"65o":{"weight":0.0,"played":[0.9999,1.0E-4],"evs":[0.0,-1.58508]},"75o":{"weight":0.0,"played":[1.0,0.0],"evs":[0.0,-1.91699]},"85o":{"weight":0.0,"played":[0.9998,2.0E-4],"evs":[0.0,-1.95613]},"95o":{"weight":0.0,"played":[1.0,0.0],"evs":[0.0,-2.76437]},"T5o":{"weight":0.0,"played":[1.0,0.0],"evs":[0.0,-2.54214]},"J5o":{"weight":0.0,"played":[1.0,0.0],"evs":[0.0,-2.66243]},"Q5o":{"weight":0.0,"played":[1.0,0.0],"evs":[0.0,-1.9366]},"K5o":{"weight":0.0,"played":[0.9999,1.0E-4],"evs":[0.0,-1.14283]},"A5o":{"weight":0.0,"played":[1.0,0.0],"evs":[0.0,-1.72655]},"62s":{"weight":0.0,"played":[1.0,0.0],"evs":[0.0,-1.92361]},"63s":{"weight":0.0,"played":[0.9971,0.0029],"evs":[0.0,-0.87549]},"64s":{"weight":0.0,"played":[0.9998,2.0E-4],"evs":[0.0,-0.49557]},"65s":{"weight":0.0,"played":[3.0E-4,0.9997],"evs":[0.0,0.50119]},"66":{"weight":0.2,"played":[0.0,1.0],"evs":[0.0,3.51648]},"76o":{"weight":0.0,"played":[0.9994,6.0E-4],"evs":[0.0,-0.99799]},"86o":{"weight":0.0,"played":[0.9998,2.0E-4],"evs":[0.0,-1.50084]},"96o":{"weight":0.0,"played":[0.9999,1.0E-4],"evs":[0.0,-1.74592]},"T6o":{"weight":0.0,"played":[1.0,0.0],"evs":[0.0,-2.0892]},"J6o":{"weight":0.0,"played":[1.0,0.0],"evs":[0.0,-2.63563]},"Q6o":{"weight":0.0,"played":[0.9999,1.0E-4],"evs":[0.0,-1.97263]},"K6o":{"weight":0.0,"played":[0.9998,2.0E-4],"evs":[0.0,-1.14755]},"A6o":{"weight":0.0,"played":[0.9999,1.0E-4],"evs":[0.0,-2.67458]},"72s":{"weight":0.0,"played":[0.9999,1.0E-4],"evs":[0.0,-2.22021]},"73s":{"weight":0.0,"played":[1.0,0.0],"evs":[0.0,-1.22971]},"74s":{"weight":0.0,"played":[0.9863,0.0137],"evs":[0.0,-0.47924]},"75s":{"weight":0.0,"played":[0.4238,0.5762],"evs":[0.0,0.05373]},"76s":{"weight":0.0,"played":[0.0,1.0],"evs":[0.0,0.93917]},"77":{"weight":0.0049,"played":[0.0,1.0],"evs":[0.0,5.29903]},"87o":{"weight":0.0,"played":[0.9055,0.0945],"evs":[0.0,-0.30854]},"97o":{"weight":0.0,"played":[0.9996,4.0E-4],"evs":[0.0,-0.99474]},"T7o":{"weight":0.0,"played":[0.9999,1.0E-4],"evs":[0.0,-1.1591]},"J7o":{"weight":0.0,"played":[0.9999,1.0E-4],"evs":[0.0,-1.89433]},"Q7o":{"weight":0.0,"played":[1.0,0.0],"evs":[0.0,-1.65473]},"K7o":{"weight":0.0,"played":[0.9993,7.0E-4],"evs":[0.0,-0.75566]},"A7o":{"weight":0.0,"played":[1.0,0.0],"evs":[0.0,-1.92197]},"82s":{"weight":0.0,"played":[1.0,0.0],"evs":[0.0,-1.7804]},"83s":{"weight":0.0,"played":[0.9998,2.0E-4],"evs":[0.0,-1.34672]},"84s":{"weight":0.0,"played":[0.9924,0.0076],"evs":[0.0,-0.98211]},"85s":{"weight":0.0,"played":[0.4894,0.5106],"evs":[0.0,0.12469]},"86s":{"weight":0.0,"played":[5.0E-4,0.9995],"evs":[0.0,0.80545]},"87s":{"weight":0.0,"played":[1.0E-4,0.9999],"evs":[0.0,1.59203]},"88":{"weight":1.0E-4,"played":[0.0,1.0],"evs":[0.0,7.69896]},"98o":{"weight":0.0,"played":[0.1667,0.8333],"evs":[0.0,0.11286]},"T8o":{"weight":0.0,"played":[0.0151,0.9849],"evs":[0.0,0.25351]},"J8o":{"weight":0.0,"played":[0.9998,2.0E-4],"evs":[0.0,-0.66822]},"Q8o":{"weight":0.0,"played":[0.9993,7.0E-4],"evs":[0.0,-0.66929]},"K8o":{"weight":0.0,"played":[0.9734,0.0266],"evs":[0.0,-0.61331]},"A8o":{"weight":0.9999,"played":[1.0,0.0],"evs":[0.0,-1.32762]},"92s":{"weight":0.0,"played":[0.9999,1.0E-4],"evs":[0.0,-1.26832]},"93s":{"weight":0.0,"played":[0.9326,0.0674],"evs":[0.0,-0.65094]},"94s":{"weight":0.0,"played":[0.9892,0.0108],"evs":[0.0,-1.06696]},"95s":{"weight":0.0,"played":[0.9912,0.0088],"evs":[0.0,-0.21288]},"96s":{"weight":0.0,"played":[0.005,0.995],"evs":[0.0,0.43147]},"97s":{"weight":0.0,"played":[5.0E-4,0.9995],"evs":[0.0,1.54303]},"98s":{"weight":0.0,"played":[0.0,1.0],"evs":[0.0,2.22201]},"99":{"weight":2.0E-4,"played":[0.0,1.0],"evs":[0.0,10.02321]},"T9o":{"weight":0.0,"played":[0.0,1.0],"evs":[0.0,1.42335]},"J9o":{"weight":0.0,"played":[5.0E-4,0.9995],"evs":[0.0,0.52031]},"Q9o":{"weight":0.0,"played":[0.004,0.996],"evs":[0.0,0.22784]},"K9o":{"weight":0.0,"played":[0.0014,0.9986],"evs":[0.0,0.57578]},"A9o":{"weight":0.9995,"played":[0.999,0.001],"evs":[0.0,-1.14144]},"T2s":{"weight":0.0,"played":[0.9927,0.0073],"evs":[0.0,-0.79603]},"T3s":{"weight":0.0,"played":[0.9999,1.0E-4],"evs":[0.0,-0.75246]},"T4s":{"weight":0.0,"played":[0.9711,0.0289],"evs":[0.0,-0.27877]},"T5s":{"weight":0.0,"played":[0.8534,0.1466],"evs":[0.0,-0.1438]},"T6s":{"weight":0.0,"played":[0.3107,0.6893],"evs":[0.0,-0.0389]},"T7s":{"weight":0.0,"played":[0.0,1.0],"evs":[0.0,1.59604]},"T8s":{"weight":0.0,"played":[1.0E-4,0.9999],"evs":[0.0,2.23238]},"T9s":{"weight":0.0,"played":[0.0,1.0],"evs":[0.0,3.41799]},"TT":{"weight":0.1078,"played":[0.0,1.0],"evs":[0.0,12.53284]},"JTo":{"weight":0.0,"played":[0.0,1.0],"evs":[0.0,1.76553]},"QTo":{"weight":0.0,"played":[0.0,1.0],"evs":[0.0,1.76502]},"KTo":{"weight":0.0,"played":[0.0,1.0],"evs":[0.0,2.10515]},"ATo":{"weight":0.3759,"played":[1.0E-4,0.9999],"evs":[0.0,0.35009]},"J2s":{"weight":0.0,"played":[1.0,0.0],"evs":[0.0,-0.71752]},"J3s":{"weight":0.0,"played":[0.9978,0.0022],"evs":[0.0,-0.72601]},"J4s":{"weight":0.0,"played":[0.9992,8.0E-4],"evs":[0.0,-0.48675]},"J5s":{"weight":0.0,"played":[0.8797,0.1203],"evs":[0.0,-0.16029]},"J6s":{"weight":0.0,"played":[0.953,0.047],"evs":[0.0,-0.5979]},"J7s":{"weight":0.0,"played":[3.0E-4,0.9997],"evs":[0.0,0.64748]},"J8s":{"weight":0.0,"played":[3.0E-4,0.9997],"evs":[0.0,1.14315]},"J9s":{"weight":0.0,"played":[0.0,1.0],"evs":[0.0,2.26294]},"JTs":{"weight":0.1585,"played":[0.0,1.0],"evs":[0.0,4.15304]},"JJ":{"weight":0.2582,"played":[0.0,1.0],"evs":[0.0,15.30252]},"QJo":{"weight":0.0,"played":[0.0,1.0],"evs":[0.0,1.65401]},"KJo":{"weight":0.0381,"played":[0.0,1.0],"evs":[0.0,1.73463]},"AJo":{"weight":0.3877,"played":[0.0,1.0],"evs":[0.0,1.8905]},"Q2s":{"weight":0.0,"played":[0.4656,0.5344],"evs":[0.0,-0.30022]},"Q3s":{"weight":0.0,"played":[0.2873,0.7127],"evs":[0.0,0.11643]},"Q4s":{"weight":0.0,"played":[0.0386,0.9614],"evs":[0.0,0.35449]},"Q5s":{"weight":0.0,"played":[0.1003,0.8997],"evs":[0.0,0.28409]},"Q6s":{"weight":0.0,"played":[0.0114,0.9886],"evs":[0.0,0.69988]},"Q7s":{"weight":0.0,"played":[1.0E-4,0.9999],"evs":[0.0,0.82753]},"Q8s":{"weight":0.0,"played":[1.0E-4,0.9999],"evs":[0.0,1.91332]},"Q9s":{"weight":0.0,"played":[0.0,1.0],"evs":[0.0,2.72695]},"QTs":{"weight":0.4909,"played":[0.0,1.0],"evs":[0.0,4.33946]},"QJs":{"weight":0.3793,"played":[0.0,1.0],"evs":[0.0,3.54593]},"QQ":{"weight":0.7809,"played":[0.0,1.0],"evs":[0.0,19.94715]},"KQo":{"weight":1.0E-4,"played":[0.0,1.0],"evs":[0.0,2.67922]},"AQo":{"weight":0.2555,"played":[0.0,1.0],"evs":[0.0,5.66012]},"K2s":{"weight":0.0,"played":[0.1562,0.8438],"evs":[0.0,0.64819]},"K3s":{"weight":0.0,"played":[0.0047,0.9953],"evs":[0.0,0.8736]},"K4s":{"weight":0.0,"played":[0.0,1.0],"evs":[0.0,0.99243]},"K5s":{"weight":0.0,"played":[0.0,1.0],"evs":[0.0,1.39651]},"K6s":{"weight":0.0,"played":[9.0E-4,0.9991],"evs":[0.0,1.25969]},"K7s":{"weight":0.0,"played":[0.0,1.0],"evs":[0.0,1.58433]},"K8s":{"weight":0.0,"played":[0.0021,0.9979],"evs":[0.0,2.05974]},"K9s":{"weight":0.0,"played":[0.0,1.0],"evs":[0.0,2.80171]},"KTs":{"weight":0.337,"played":[0.0,1.0],"evs":[0.0,4.30675]},"KJs":{"weight":0.4478,"played":[0.0,1.0],"evs":[0.0,4.03064]},"KQs":{"weight":0.2988,"played":[0.0,1.0],"evs":[0.0,5.33688]},"KK":{"weight":0.8541,"played":[0.0,1.0],"evs":[0.0,24.58403]},"AKo":{"weight":0.2215,"played":[0.0,1.0],"evs":[0.0,10.22786]},"A2s":{"weight":0.0,"played":[0.9928,0.0072],"evs":[0.0,-0.11644]},"A3s":{"weight":0.0,"played":[0.441,0.559],"evs":[0.0,0.02396]},"A4s":{"weight":0.0612,"played":[0.3633,0.6367],"evs":[0.0,-0.01563]},"A5s":{"weight":0.5915,"played":[7.0E-4,0.9993],"evs":[0.0,0.5333]},"A6s":{"weight":0.218,"played":[0.6784,0.3216],"evs":[0.0,-0.15437]},"A7s":{"weight":0.2439,"played":[0.0048,0.9952],"evs":[0.0,0.68602]},"A8s":{"weight":0.0313,"played":[1.0E-4,0.9999],"evs":[0.0,0.77747]},"A9s":{"weight":0.2439,"played":[0.0,1.0],"evs":[0.0,1.69544]},"ATs":{"weight":0.6436,"played":[0.0,1.0],"evs":[0.0,2.79202]},"AJs":{"weight":0.1344,"played":[0.0,1.0],"evs":[0.0,3.81295]},"AQs":{"weight":0.5468,"played":[0.0,1.0],"evs":[0.0,7.45891]},"AKs":{"weight":0.4515,"played":[0.0,1.0],"evs":[0.0,11.57967]},"AA":{"weight":0.9982,"played":[0.0,1.0],"evs":[0.0,31.75159]}}}