{"player":5,"street":0,"children":3,"sequence":[{"player":0,"type":"F","amount":0,"street":0},{"player":1,"type":"F","amount":0,"street":0},{"player":2,"type":"F","amount":0,"street":0},{"player":3,"type":"R","amount":200000,"street":0},{"player":4,"type":"C","amount":150000,"street":0}],"actions":[{"type":"F","amount":0},{"type":"C","amount":100000},{"type":"R","amount":2985000,"node":16}],"hands":{"22":{"weight":1.0,"played":[0.0,8.0E-4,0.9992],"evs":[0.0,1.25525,1.70292]},"32o":{"weight":1.0,"played":[0.0106,0.9894,0.0],"evs":[0.0,0.1109,-0.94987]},"42o":{"weight":1.0,"played":[0.0053,0.9947,0.0],"evs":[0.0,0.1389,-0.91353]},"52o":{"weight":1.0,"played":[0.0043,0.9957,0.0],"evs":[0.0,0.1368,-0.87786]},"62o":{"weight":1.0,"played":[0.0849,0.9151,0.0],"evs":[0.0,0.0216,-1.09964]},"72o":{"weight":1.0,"played":[1.0,0.0,0.0],"evs":[0.0,-0.08437,-1.3797]},"82o":{"weight":1.0,"played":[1.0,0.0,0.0],"evs":[0.0,-0.01499,-1.17709]},"92o":{"weight":1.0,"played":[1.0,0.0,0.0],"evs":[0.0,-0.04576,-1.10525]},"T2o":{"weight":1.0,"played":[1.0,0.0,0.0],"evs":[0.0,-0.03243,-0.96659]},"J2o":{"weight":1.0,"played":[0.1145,0.8855,0.0],"evs":[0.0,0.02883,-0.72432]},"Q2o":{"weight":1.0,"played":[0.0235,0.9765,0.0],"evs":[0.0,0.07248,-0.66761]},"K2o":{"weight":1.0,"played":[0.0083,0.9917,0.0],"evs":[0.0,0.08971,-0.48556]},"A2o":{"weight":1.0,"played":[3.0E-4,7.0E-4,0.999],"evs":[0.0,0.41958,0.57591]},"32s":{"weight":1.0,"played":[2.0E-4,0.9998,0.0],"evs":[0.0,0.42005,-0.30614]},"33":{"weight":1.0,"played":[0.0,0.0,1.0],"evs":[0.0,1.29392,1.74332]},"43o":{"weight":1.0,"played":[0.0012,0.9988,0.0],"evs":[0.0,0.26229,-0.66689]},"53o":{"weight":1.0,"played":[7.0E-4,0.9993,0.0],"evs":[0.0,0.25122,-0.65923]},"63o":{"weight":1.0,"played":[0.0021,0.9979,0.0],"evs":[0.0,0.13712,-0.81137]},"73o":{"weight":1.0,"played":[0.509,0.491,0.0],"evs":[0.0,0.00112,-1.12985]},"83o":{"weight":1.0,"played":[1.0,0.0,0.0],"evs":[0.0,-0.01066,-1.1156]},"93o":{"weight":1.0,"played":[1.0,0.0,0.0],"evs":[0.0,-0.03974,-1.06073]},"T3o":{"weight":1.0,"played":[1.0,0.0,0.0],"evs":[0.0,-0.01322,-0.87899]},"J3o":{"weight":1.0,"played":[0.1739,0.8261,0.0],"evs":[0.0,0.04086,-0.72649]},"Q3o":{"weight":1.0,"played":[0.0322,0.9678,0.0],"evs":[0.0,0.07674,-0.60334]},"K3o":{"weight":1.0,"played":[0.0146,0.9854,0.0],"evs":[0.0,0.09384,-0.4977]},"A3o":{"weight":1.0,"played":[1.0E-4,0.1572,0.8427],"evs":[0.0,0.46985,0.58732]},"42s":{"weight":1.0,"played":[2.0E-4,0.9997,0.0],"evs":[0.0,0.48281,-0.11489]},"43s":{"weight":1.0,"played":[0.0,1.0,0.0],"evs":[0.0,0.62246,0.05016]},"44":{"weight":1.0,"played":[0.0,0.0,1.0],"evs":[0.0,1.29329,1.89169]},"54o":{"weight":1.0,"played":[8.0E-4,0.9992,0.0],"evs":[0.0,0.32061,-0.3588]},"64o":{"weight":1.0,"played":[0.0012,0.9988,0.0],"evs":[0.0,0.26201,-0.53147]},"74o":{"weight":1.0,"played":[0.0013,0.9987,0.0],"evs":[0.0,0.07375,-0.78533]},"84o":{"weight":1.0,"played":[0.0238,0.9762,0.0],"evs":[0.0,0.06121,-0.82039]},"94o":{"weight":1.0,"played":[0.9791,0.0209,0.0],"evs":[0.0,-0.02944,-1.11475]},"T4o":{"weight":1.0,"played":[0.4503,0.5497,0.0],"evs":[0.0,0.02566,-0.81629]},"J4o":{"weight":1.0,"played":[0.0476,0.9524,0.0],"evs":[0.0,0.03516,-0.66665]},"Q4o":{"weight":1.0,"played":[0.0092,0.9908,0.0],"evs":[0.0,0.08736,-0.56314]},"K4o":{"weight":1.0,"played":[8.0E-4,0.9991,1.0E-4],"evs":[0.0,0.12327,-0.39022]},"A4o":{"weight":1.0,"played":[0.0,0.0,1.0],"evs":[0.0,0.53789,0.64946]},"52s":{"weight":1.0,"played":[1.0E-4,0.9999,0.0],"evs":[0.0,0.4083,-0.11027]},"53s":{"weight":1.0,"played":[1.0E-4,0.9981,0.0017],"evs":[0.0,0.56046,0.07218]},"54s":{"weight":1.0,"played":[1.0E-4,0.9976,0.0023],"evs":[0.0,0.64174,0.30276]},"55":{"weight":1.0,"played":[0.0,1.0E-4,0.9999],"evs":[0.0,1.32903,2.29408]},"65o":{"weight":1.0,"played":[6.0E-4,0.9994,0.0],"evs":[0.0,0.36257,-0.23923]},"75o":{"weight":1.0,"played":[0.0021,0.9979,0.0],"evs":[0.0,0.19552,-0.54224]},"85o":{"weight":1.0,"played":[0.0109,0.9891,0.0],"evs":[0.0,0.16641,-0.58558]},"95o":{"weight":1.0,"played":[0.0279,0.9721,0.0],"evs":[0.0,0.04339,-0.88705]},"T5o":{"weight":1.0,"played":[1.0,0.0,0.0],"evs":[0.0,-0.03592,-0.87616]},"J5o":{"weight":1.0,"played":[0.064,0.936,0.0],"evs":[0.0,0.0328,-0.72096]},"Q5o":{"weight":1.0,"played":[0.0116,0.9884,0.0],"evs":[0.0,0.04442,-0.58485]},"K5o":{"weight":1.0,"played":[0.0094,0.9906,0.0],"evs":[0.0,0.08406,-0.44178]},"A5o":{"weight":1.0,"played":[0.0,0.0027,0.9973],"evs":[0.0,0.59615,0.76014]},"62s":{"weight":1.0,"played":[6.0E-4,0.9994,0.0],"evs":[0.0,0.35386,-0.36084]},"63s":{"weight":1.0,"played":[2.0E-4,0.9998,0.0],"evs":[0.0,0.4759,-0.03654]},"64s":{"weight":1.0,"played":[1.0E-4,0.9999,0.0],"evs":[0.0,0.68594,0.25666]},"65s":{"weight":1.0,"played":[1.0E-4,0.9999,0.0],"evs":[0.0,0.72752,0.48097]},"66":{"weight":1.0,"played":[0.0,0.0,1.0],"evs":[0.0,1.40825,2.76783]},"76o":{"weight":1.0,"played":[4.0E-4,0.9996,0.0],"evs":[0.0,0.276,-0.21976]},"86o":{"weight":1.0,"played":[0.0014,0.9986,0.0],"evs":[0.0,0.29375,-0.27681]},"96o":{"weight":1.0,"played":[0.0161,0.9839,0.0],"evs":[0.0,0.14982,-0.44783]},"T6o":{"weight":1.0,"played":[0.02,0.98,0.0],"evs":[0.0,0.11929,-0.54462]},"J6o":{"weight":1.0,"played":[0.0247,0.9753,0.0],"evs":[0.0,0.07509,-0.61637]},"Q6o":{"weight":1.0,"played":[0.0061,0.9939,0.0],"evs":[0.0,0.10433,-0.42578]},"K6o":{"weight":1.0,"played":[0.0037,0.9963,0.0],"evs":[0.0,0.208,-0.25585]},"A6o":{"weight":1.0,"played":[0.0,0.832,0.168],"evs":[0.0,0.57195,0.56123]},"72s":{"weight":1.0,"played":[8.0E-4,0.9992,0.0],"evs":[0.0,0.30424,-0.63895]},"73s":{"weight":1.0,"played":[7.0E-4,0.9993,0.0],"evs":[0.0,0.41939,-0.31883]},"74s":{"weight":1.0,"played":[5.0E-4,0.9995,0.0],"evs":[0.0,0.45003,-0.09861]},"75s":{"weight":1.0,"played":[2.0E-4,0.9998,0.0],"evs":[0.0,0.5729,0.06424]},"76s":{"weight":1.0,"played":[0.0,0.923,0.077],"evs":[0.0,0.7365,0.62052]},"77":{"weight":1.0,"played":[0.0,0.0,1.0],"evs":[0.0,1.48792,3.06061]},"87o":{"weight":1.0,"played":[0.0016,0.9984,0.0],"evs":[0.0,0.3155,-0.06657]},"97o":{"weight":1.0,"played":[8.0E-4,0.9992,0.0],"evs":[0.0,0.21073,-0.36482]},"T7o":{"weight":1.0,"played":[0.0054,0.9946,0.0],"evs":[0.0,0.1626,-0.35862]},"J7o":{"weight":1.0,"played":[0.003,0.997,0.0],"evs":[0.0,0.10939,-0.42933]},"Q7o":{"weight":1.0,"played":[0.003,0.997,0.0],"evs":[0.0,0.10371,-0.50171]},"K7o":{"weight":1.0,"played":[0.0015,0.9985,0.0],"evs":[0.0,0.21245,-0.24082]},"A7o":{"weight":1.0,"played":[1.0E-4,0.8403,0.1597],"evs":[0.0,0.65188,0.58757]},"82s":{"weight":1.0,"played":[0.002,0.998,0.0],"evs":[0.0,0.39232,-0.30213]},"83s":{"weight":1.0,"played":[9.0E-4,0.9991,0.0],"evs":[0.0,0.38291,-0.32276]},"84s":{"weight":1.0,"played":[6.0E-4,0.9994,0.0],"evs":[0.0,0.45597,-0.06589]},"85s":{"weight":1.0,"played":[0.0,1.0,0.0],"evs":[0.0,0.53002,0.18338]},"86s":{"weight":1.0,"played":[5.0E-4,0.9992,3.0E-4],"evs":[0.0,0.6868,0.43345]},"87s":{"weight":1.0,"played":[2.0E-4,0.9695,0.0303],"evs":[0.0,0.79767,0.70379]},"88":{"weight":1.0,"played":[0.0,0.0,1.0],"evs":[0.0,1.66765,3.52346]},"98o":{"weight":1.0,"played":[0.0013,0.9985,3.0E-4],"evs":[0.0,0.37289,0.03665]},"T8o":{"weight":1.0,"played":[0.0024,0.9976,0.0],"evs":[0.0,0.3212,0.03134]},"J8o":{"weight":1.0,"played":[0.0036,0.9964,0.0],"evs":[0.0,0.28334,-0.10848]},"Q8o":{"weight":1.0,"played":[0.0014,0.9986,0.0],"evs":[0.0,0.26576,-0.13542]},"K8o":{"weight":1.0,"played":[4.0E-4,0.9996,0.0],"evs":[0.0,0.32877,-0.16895]},"A8o":{"weight":1.0,"played":[0.0,2.0E-4,0.9998],"evs":[0.0,0.79402,0.99365]},"92s":{"weight":1.0,"played":[0.0013,0.9985,1.0E-4],"evs":[0.0,0.34564,-0.36666]},"93s":{"weight":1.0,"played":[0.0027,0.9973,0.0],"evs":[0.0,0.33793,-0.25845]},"94s":{"weight":1.0,"played":[1.0E-4,0.9999,0.0],"evs":[0.0,0.35157,-0.27609]},"95s":{"weight":1.0,"played":[3.0E-4,0.9997,0.0],"evs":[0.0,0.41041,-0.15071]},"96s":{"weight":1.0,"played":[2.0E-4,0.9993,5.0E-4],"evs":[0.0,0.51969,0.13485]},"97s":{"weight":1.0,"played":[1.0E-4,0.881,0.1189],"evs":[0.0,0.68674,0.4942]},"98s":{"weight":1.0,"played":[5.0E-4,0.7289,0.2705],"evs":[0.0,0.78764,0.79543]},"99":{"weight":1.0,"played":[0.0,0.0,1.0],"evs":[0.0,1.81986,4.19138]},"T9o":{"weight":1.0,"played":[0.0015,0.9977,8.0E-4],"evs":[0.0,0.45187,0.157]},"J9o":{"weight":1.0,"played":[2.0E-4,0.9998,0.0],"evs":[0.0,0.35874,0.19581]},"Q9o":{"weight":1.0,"played":[1.0E-4,0.9999,0.0],"evs":[0.0,0.38225,0.01414]},"K9o":{"weight":1.0,"played":[0.0,1.0,0.0],"evs":[0.0,0.4159,-0.06958]},"A9o":{"weight":1.0,"played":[0.0,0.0,1.0],"evs":[0.0,1.02118,1.83638]},"T2s":{"weight":1.0,"played":[1.0E-4,0.9999,0.0],"evs":[0.0,0.33013,-0.18026]},"T3s":{"weight":1.0,"played":[0.0,1.0,0.0],"evs":[0.0,0.36241,-0.10412]},"T4s":{"weight":1.0,"played":[5.0E-4,0.9994,1.0E-4],"evs":[0.0,0.40533,-0.0109]},"T5s":{"weight":1.0,"played":[0.0013,0.9987,0.0],"evs":[0.0,0.36605,-0.20044]},"T6s":{"weight":1.0,"played":[1.0E-4,0.9999,0.0],"evs":[0.0,0.45116,0.28776]},"T7s":{"weight":1.0,"played":[0.0,0.8491,0.1509],"evs":[0.0,0.53499,0.43442]},"T8s":{"weight":1.0,"played":[0.0,0.1349,0.865],"evs":[0.0,0.84225,0.86968]},"T9s":{"weight":1.0,"played":[0.0,0.5872,0.4128],"evs":[0.0,0.86802,0.79626]},"TT":{"weight":1.0,"played":[0.0,0.0,1.0],"evs":[0.0,2.13611,5.18465]},"JTo":{"weight":1.0,"played":[0.0,0.3726,0.6274],"evs":[0.0,0.64435,0.63934]},"QTo":{"weight":1.0,"played":[1.0E-4,0.6531,0.3469],"evs":[0.0,0.63607,0.64347]},"KTo":{"weight":1.0,"played":[0.0,1.0,0.0],"evs":[0.0,0.80764,0.5891]},"ATo":{"weight":1.0,"played":[0.0,0.0,1.0],"evs":[0.0,1.48713,3.07394]},"J2s":{"weight":1.0,"played":[0.0018,0.9982,0.0],"evs":[0.0,0.4679,0.11291]},"J3s":{"weight":1.0,"played":[4.0E-4,0.9996,0.0],"evs":[0.0,0.44368,0.0809]},"J4s":{"weight":1.0,"played":[7.0E-4,0.9993,0.0],"evs":[0.0,0.43054,0.09745]},"J5s":{"weight":1.0,"played":[1.0E-4,0.9998,1.0E-4],"evs":[0.0,0.50784,0.14313]},"J6s":{"weight":1.0,"played":[0.0,0.9894,0.0106],"evs":[0.0,0.59094,0.27353]},"J7s":{"weight":1.0,"played":[0.0,0.9938,0.0062],"evs":[0.0,0.55188,0.30509]},"J8s":{"weight":1.0,"played":[1.0E-4,0.9557,0.0443],"evs":[0.0,0.81589,0.69935]},"J9s":{"weight":1.0,"played":[0.0,0.264,0.736],"evs":[0.0,0.91211,0.89965]},"JTs":{"weight":1.0,"played":[0.0,0.0185,0.9815],"evs":[0.0,1.13192,1.43039]},"JJ":{"weight":1.0,"played":[0.0,0.0,1.0],"evs":[0.0,2.69784,6.00663]},"QJo":{"weight":1.0,"played":[0.0,0.9874,0.0126],"evs":[0.0,0.88116,0.80381]},"KJo":{"weight":1.0,"played":[0.0,0.9992,8.0E-4],"evs":[0.0,1.11076,1.04808]},"AJo":{"weight":1.0,"played":[0.0,0.0,1.0],"evs":[0.0,1.81474,3.96607]},"Q2s":{"weight":1.0,"played":[0.0017,0.9983,0.0],"evs":[0.0,0.49259,0.13025]},"Q3s":{"weight":1.0,"played":[2.0E-4,0.9998,0.0],"evs":[0.0,0.56558,0.1206]},"Q4s":{"weight":1.0,"played":[4.0E-4,0.9995,1.0E-4],"evs":[0.0,0.56729,0.12988]},"Q5s":{"weight":1.0,"played":[0.0,0.9996,4.0E-4],"evs":[0.0,0.51952,0.35543]},"Q6s":{"weight":1.0,"played":[0.0,0.9999,1.0E-4],"evs":[0.0,0.56471,0.28731]},"Q7s":{"weight":1.0,"played":[2.0E-4,0.9998,0.0],"evs":[0.0,0.60105,0.32902]},"Q8s":{"weight":1.0,"played":[0.0,0.8904,0.1095],"evs":[0.0,0.80732,0.70387]},"Q9s":{"weight":1.0,"played":[0.0,0.9904,0.0096],"evs":[0.0,0.86983,0.73727]},"QTs":{"weight":1.0,"played":[0.0,0.5455,0.4545],"evs":[0.0,1.2096,1.16606]},"QJs":{"weight":1.0,"played":[0.0,0.7353,0.2647],"evs":[0.0,1.36807,1.40345]},"QQ":{"weight":1.0,"played":[0.0,0.0,1.0],"evs":[0.0,3.64927,6.70473]},"KQo":{"weight":1.0,"played":[0.0,0.9969,0.0031],"evs":[0.0,1.409,1.3581]},"AQo":{"weight":1.0,"played":[0.0,0.0,1.0],"evs":[0.0,2.11937,4.57629]},"K2s":{"weight":1.0,"played":[2.0E-4,0.9997,1.0E-4],"evs":[0.0,0.65397,0.27136]},"K3s":{"weight":1.0,"played":[0.0,0.9974,0.0026],"evs":[0.0,0.70476,0.31871]},"K4s":{"weight":1.0,"played":[0.0,0.999,0.001],"evs":[0.0,0.66635,0.43729]},"K5s":{"weight":1.0,"played":[1.0E-4,0.9979,0.0021],"evs":[0.0,0.73721,0.55619]},"K6s":{"weight":1.0,"played":[0.0,0.9985,0.0015],"evs":[0.0,0.71186,0.50091]},"K7s":{"weight":1.0,"played":[1.0E-4,0.9956,0.0043],"evs":[0.0,0.74535,0.39938]},"K8s":{"weight":1.0,"played":[0.0,0.9988,0.0012],"evs":[0.0,0.90905,0.54589]},"K9s":{"weight":1.0,"played":[0.0,0.9998,2.0E-4],"evs":[0.0,1.06841,0.62085]},"KTs":{"weight":1.0,"played":[0.0,0.8911,0.1089],"evs":[0.0,1.44949,1.32132]},"KJs":{"weight":1.0,"played":[0.0,0.6205,0.3795],"evs":[0.0,1.70872,1.72841]},"KQs":{"weight":1.0,"played":[0.0,0.2048,0.7952],"evs":[0.0,1.93589,2.07497]},"KK":{"weight":1.0,"played":[0.0,0.0,1.0],"evs":[0.0,4.84641,7.55368]},"AKo":{"weight":1.0,"played":[0.0,0.0,1.0],"evs":[0.0,2.59087,5.42371]},"A2s":{"weight":1.0,"played":[0.0,0.0756,0.9244],"evs":[0.0,1.0794,1.20514]},"A3s":{"weight":1.0,"played":[0.0,0.1202,0.8798],"evs":[0.0,1.20393,1.26202]},"A4s":{"weight":1.0,"played":[0.0,0.4725,0.5275],"evs":[0.0,1.24654,1.31652]},"A5s":{"weight":1.0,"played":[0.0,0.1257,0.8743],"evs":[0.0,1.30112,1.39359]},"A6s":{"weight":1.0,"played":[0.0,0.6535,0.3465],"evs":[0.0,1.19411,1.18522]},"A7s":{"weight":1.0,"played":[0.0,0.9302,0.0698],"evs":[0.0,1.3574,1.35008]},"A8s":{"weight":1.0,"played":[0.0,0.0038,0.9962],"evs":[0.0,1.48655,1.74172]},"A9s":{"weight":1.0,"played":[0.0,1.0E-4,0.9999],"evs":[0.0,1.67047,2.46539]},"ATs":{"weight":1.0,"played":[0.0,0.0,1.0],"evs":[0.0,2.31947,3.72893]},"AJs":{"weight":1.0,"played":[0.0,0.0,1.0],"evs":[0.0,2.40785,4.42554]},"AQs":{"weight":1.0,"played":[0.0,0.0,1.0],"evs":[0.0,2.76516,5.03149]},"AKs":{"weight":1.0,"played":[0.0,0.0,1.0],"evs":[0.0,3.16589,5.79305]},"AA":{"weight":1.0,"played":[0.0,0.0,1.0],"evs":[0.0,7.24996,9.70665]}}}