{"player":5,"street":0,"children":2,"sequence":[{"player":0,"type":"R","amount":985000,"street":0},{"player":1,"type":"F","amount":0,"street":0},{"player":2,"type":"F","amount":0,"street":0},{"player":3,"type":"C","amount":985000,"street":0},{"player":4,"type":"R","amount":2985000,"street":0}],"actions":[{"type":"F","amount":0,"node":153},{"type":"C","amount":2885000,"node":154}],"hands":{"22":{"weight":1.0,"played":[1.0,0.0],"evs":[0.0,-8.36313]},"32o":{"weight":1.0,"played":[1.0,0.0],"evs":[0.0,-12.45512]},"42o":{"weight":1.0,"played":[0.9999,1.0E-4],"evs":[0.0,-11.05308]},"52o":{"weight":1.0,"played":[1.0,0.0],"evs":[0.0,-11.10642]},"62o":{"weight":1.0,"played":[1.0,0.0],"evs":[0.0,-12.22903]},"72o":{"weight":1.0,"played":[0.9999,1.0E-4],"evs":[0.0,-12.37497]},"82o":{"weight":1.0,"played":[1.0,0.0],"evs":[0.0,-11.82785]},"92o":{"weight":1.0,"played":[1.0,0.0],"evs":[0.0,-12.76149]},"T2o":{"weight":1.0,"played":[1.0,0.0],"evs":[0.0,-11.50132]},"J2o":{"weight":1.0,"played":[1.0,0.0],"evs":[0.0,-11.43134]},"Q2o":{"weight":1.0,"played":[1.0,0.0],"evs":[0.0,-11.87808]},"K2o":{"weight":1.0,"played":[1.0,0.0],"evs":[0.0,-12.76918]},"A2o":{"weight":1.0,"played":[1.0,0.0],"evs":[0.0,-10.84939]},"32s":{"weight":1.0,"played":[1.0,0.0],"evs":[0.0,-8.57679]},"33":{"weight":1.0,"played":[0.9995,5.0E-4],"evs":[0.0,-6.45765]},"43o":{"weight":1.0,"played":[1.0,0.0],"evs":[0.0,-9.89206]},"53o":{"weight":1.0,"played":[0.9999,1.0E-4],"evs":[0.0,-10.10105]},"63o":{"weight":1.0,"played":[1.0,0.0],"evs":[0.0,-10.4415]},"73o":{"weight":1.0,"played":[1.0,0.0],"evs":[0.0,-11.64242]},"83o":{"weight":1.0,"played":[0.9999,1.0E-4],"evs":[0.0,-12.21336]},"93o":{"weight":1.0,"played":[1.0,0.0],"evs":[0.0,-11.85939]},"T3o":{"weight":1.0,"played":[1.0,0.0],"evs":[0.0,-11.60117]},"J3o":{"weight":1.0,"played":[1.0,0.0],"evs":[0.0,-11.88835]},"Q3o":{"weight":1.0,"played":[1.0,0.0],"evs":[0.0,-12.46916]},"K3o":{"weight":1.0,"played":[1.0,0.0],"evs":[0.0,-11.72536]},"A3o":{"weight":1.0,"played":[0.9999,1.0E-4],"evs":[0.0,-9.09738]},"42s":{"weight":1.0,"played":[0.9996,4.0E-4],"evs":[0.0,-8.03614]},"43s":{"weight":1.0,"played":[0.9997,3.0E-4],"evs":[0.0,-8.06073]},"44":{"weight":1.0,"played":[0.9997,3.0E-4],"evs":[0.0,-7.17941]},"54o":{"weight":1.0,"played":[1.0,0.0],"evs":[0.0,-8.23551]},"64o":{"weight":1.0,"played":[1.0,0.0],"evs":[0.0,-9.49681]},"74o":{"weight":1.0,"played":[1.0,0.0],"evs":[0.0,-10.32959]},"84o":{"weight":1.0,"played":[0.9997,3.0E-4],"evs":[0.0,-10.86386]},"94o":{"weight":1.0,"played":[1.0,0.0],"evs":[0.0,-12.06006]},"T4o":{"weight":1.0,"played":[0.9996,4.0E-4],"evs":[0.0,-10.54685]},"J4o":{"weight":1.0,"played":[1.0,0.0],"evs":[0.0,-11.70697]},"Q4o":{"weight":1.0,"played":[1.0,0.0],"evs":[0.0,-11.32432]},"K4o":{"weight":1.0,"played":[0.9999,1.0E-4],"evs":[0.0,-12.14554]},"A4o":{"weight":1.0,"played":[0.9997,3.0E-4],"evs":[0.0,-10.52739]},"52s":{"weight":1.0,"played":[0.9996,4.0E-4],"evs":[0.0,-8.96023]},"53s":{"weight":1.0,"played":[0.9987,0.0013],"evs":[0.0,-6.58267]},"54s":{"weight":1.0,"played":[1.0,0.0],"evs":[0.0,-6.92213]},"55":{"weight":1.0,"played":[0.9998,2.0E-4],"evs":[0.0,-6.63248]},"65o":{"weight":1.0,"played":[0.9997,3.0E-4],"evs":[0.0,-7.4887]},"75o":{"weight":1.0,"played":[0.9998,2.0E-4],"evs":[0.0,-8.85188]},"85o":{"weight":1.0,"played":[0.9999,1.0E-4],"evs":[0.0,-9.70844]},"95o":{"weight":1.0,"played":[1.0,0.0],"evs":[0.0,-11.04649]},"T5o":{"weight":1.0,"played":[1.0,0.0],"evs":[0.0,-11.15137]},"J5o":{"weight":1.0,"played":[0.9998,2.0E-4],"evs":[0.0,-11.50139]},"Q5o":{"weight":1.0,"played":[0.9999,1.0E-4],"evs":[0.0,-9.73289]},"K5o":{"weight":1.0,"played":[0.9999,1.0E-4],"evs":[0.0,-10.98203]},"A5o":{"weight":1.0,"played":[0.9997,3.0E-4],"evs":[0.0,-9.33688]},"62s":{"weight":1.0,"played":[0.9985,0.0015],"evs":[0.0,-8.64236]},"63s":{"weight":1.0,"played":[0.9995,5.0E-4],"evs":[0.0,-7.9976]},"64s":{"weight":1.0,"played":[0.9686,0.0314],"evs":[0.0,-6.03165]},"65s":{"weight":1.0,"played":[0.9982,0.0018],"evs":[0.0,-4.76205]},"66":{"weight":1.0,"played":[0.9934,0.0066],"evs":[0.0,-4.57635]},"76o":{"weight":1.0,"played":[0.9998,2.0E-4],"evs":[0.0,-8.27786]},"86o":{"weight":1.0,"played":[0.9998,2.0E-4],"evs":[0.0,-8.39551]},"96o":{"weight":1.0,"played":[1.0,0.0],"evs":[0.0,-9.09314]},"T6o":{"weight":1.0,"played":[0.9999,1.0E-4],"evs":[0.0,-9.51242]},"J6o":{"weight":1.0,"played":[1.0,0.0],"evs":[0.0,-12.25064]},"Q6o":{"weight":1.0,"played":[0.9998,2.0E-4],"evs":[0.0,-11.22545]},"K6o":{"weight":1.0,"played":[0.9999,1.0E-4],"evs":[0.0,-9.97497]},"A6o":{"weight":1.0,"played":[0.9997,3.0E-4],"evs":[0.0,-9.63462]},"72s":{"weight":1.0,"played":[0.9999,1.0E-4],"evs":[0.0,-9.18608]},"73s":{"weight":1.0,"played":[0.9999,1.0E-4],"evs":[0.0,-8.41642]},"74s":{"weight":1.0,"played":[0.9999,1.0E-4],"evs":[0.0,-6.30492]},"75s":{"weight":1.0,"played":[0.9953,0.0047],"evs":[0.0,-6.53895]},"76s":{"weight":1.0,"played":[0.9974,0.0026],"evs":[0.0,-6.15829]},"77":{"weight":1.0,"played":[0.9998,2.0E-4],"evs":[0.0,-2.16811]},"87o":{"weight":1.0,"played":[0.9999,1.0E-4],"evs":[0.0,-7.25278]},"97o":{"weight":1.0,"played":[0.9999,1.0E-4],"evs":[0.0,-8.12]},"T7o":{"weight":1.0,"played":[1.0,0.0],"evs":[0.0,-9.01814]},"J7o":{"weight":1.0,"played":[1.0,0.0],"evs":[0.0,-10.67506]},"Q7o":{"weight":1.0,"played":[1.0,0.0],"evs":[0.0,-9.81299]},"K7o":{"weight":1.0,"played":[0.9999,1.0E-4],"evs":[0.0,-9.82875]},"A7o":{"weight":1.0,"played":[0.9999,1.0E-4],"evs":[0.0,-10.36117]},"82s":{"weight":1.0,"played":[0.9993,7.0E-4],"evs":[0.0,-10.34662]},"83s":{"weight":1.0,"played":[1.0,0.0],"evs":[0.0,-10.84491]},"84s":{"weight":1.0,"played":[0.9976,0.0024],"evs":[0.0,-7.56321]},"85s":{"weight":1.0,"played":[0.9995,5.0E-4],"evs":[0.0,-7.53772]},"86s":{"weight":1.0,"played":[0.9994,6.0E-4],"evs":[0.0,-4.31257]},"87s":{"weight":1.0,"played":[1.0,0.0],"evs":[0.0,-5.14238]},"88":{"weight":1.0,"played":[0.9866,0.0134],"evs":[0.0,-1.73886]},"98o":{"weight":1.0,"played":[0.9943,0.0057],"evs":[0.0,-6.38404]},"T8o":{"weight":1.0,"played":[0.9999,1.0E-4],"evs":[0.0,-7.99524]},"J8o":{"weight":1.0,"played":[0.9998,2.0E-4],"evs":[0.0,-8.81631]},"Q8o":{"weight":1.0,"played":[1.0,0.0],"evs":[0.0,-9.5714]},"K8o":{"weight":1.0,"played":[0.9999,1.0E-4],"evs":[0.0,-9.43922]},"A8o":{"weight":1.0,"played":[1.0,0.0],"evs":[0.0,-9.4345]},"92s":{"weight":1.0,"played":[0.9999,1.0E-4],"evs":[0.0,-8.93395]},"93s":{"weight":1.0,"played":[0.9997,3.0E-4],"evs":[0.0,-9.1487]},"94s":{"weight":1.0,"played":[0.9999,1.0E-4],"evs":[0.0,-6.06483]},"95s":{"weight":1.0,"played":[0.9998,2.0E-4],"evs":[0.0,-7.74363]},"96s":{"weight":1.0,"played":[0.9957,0.0043],"evs":[0.0,-6.45545]},"97s":{"weight":1.0,"played":[0.9998,2.0E-4],"evs":[0.0,-5.86875]},"98s":{"weight":1.0,"played":[0.9937,0.0063],"evs":[0.0,-5.57934]},"99":{"weight":1.0,"played":[0.5171,0.4829],"evs":[0.0,0.22472]},"T9o":{"weight":1.0,"played":[0.9999,1.0E-4],"evs":[0.0,-6.84006]},"J9o":{"weight":1.0,"played":[0.9996,4.0E-4],"evs":[0.0,-9.24919]},"Q9o":{"weight":1.0,"played":[0.999,0.001],"evs":[0.0,-9.41731]},"K9o":{"weight":1.0,"played":[0.9994,6.0E-4],"evs":[0.0,-8.10168]},"A9o":{"weight":1.0,"played":[0.9997,3.0E-4],"evs":[0.0,-9.61029]},"T2s":{"weight":1.0,"played":[0.9944,0.0056],"evs":[0.0,-9.11879]},"T3s":{"weight":1.0,"played":[0.9995,5.0E-4],"evs":[0.0,-9.56576]},"T4s":{"weight":1.0,"played":[1.0,0.0],"evs":[0.0,-11.08126]},"T5s":{"weight":1.0,"played":[0.9998,2.0E-4],"evs":[0.0,-7.6588]},"T6s":{"weight":1.0,"played":[0.9999,1.0E-4],"evs":[0.0,-8.82993]},"T7s":{"weight":1.0,"played":[0.9998,2.0E-4],"evs":[0.0,-5.47455]},"T8s":{"weight":1.0,"played":[0.9988,0.0012],"evs":[0.0,-6.15542]},"T9s":{"weight":1.0,"played":[0.9999,1.0E-4],"evs":[0.0,-2.26508]},"TT":{"weight":1.0,"played":[2.0E-4,0.9998],"evs":[0.0,1.80575]},"JTo":{"weight":1.0,"played":[1.0,0.0],"evs":[0.0,-7.34191]},"QTo":{"weight":1.0,"played":[0.9997,3.0E-4],"evs":[0.0,-6.84682]},"KTo":{"weight":1.0,"played":[0.9999,1.0E-4],"evs":[0.0,-7.70745]},"ATo":{"weight":1.0,"played":[0.9999,1.0E-4],"evs":[0.0,-8.49986]},"J2s":{"weight":1.0,"played":[0.9993,7.0E-4],"evs":[0.0,-6.98047]},"J3s":{"weight":1.0,"played":[0.9998,2.0E-4],"evs":[0.0,-7.68435]},"J4s":{"weight":1.0,"played":[0.9996,4.0E-4],"evs":[0.0,-8.48902]},"J5s":{"weight":1.0,"played":[0.9998,2.0E-4],"evs":[0.0,-8.86651]},"J6s":{"weight":1.0,"played":[0.9999,1.0E-4],"evs":[0.0,-8.8586]},"J7s":{"weight":1.0,"played":[1.0,0.0],"evs":[0.0,-6.9946]},"J8s":{"weight":1.0,"played":[0.9966,0.0034],"evs":[0.0,-6.87785]},"J9s":{"weight":1.0,"played":[0.9938,0.0062],"evs":[0.0,-4.13262]},"JTs":{"weight":1.0,"played":[0.9918,0.0082],"evs":[0.0,-3.29062]},"JJ":{"weight":1.0,"played":[9.0E-4,0.9991],"evs":[0.0,5.92783]},"QJo":{"weight":1.0,"played":[0.9998,2.0E-4],"evs":[0.0,-8.50749]},"KJo":{"weight":1.0,"played":[0.9976,0.0024],"evs":[0.0,-7.56058]},"AJo":{"weight":1.0,"played":[1.0,0.0],"evs":[0.0,-6.09069]},"Q2s":{"weight":1.0,"played":[0.9999,1.0E-4],"evs":[0.0,-8.2618]},"Q3s":{"weight":1.0,"played":[0.9992,8.0E-4],"evs":[0.0,-8.20582]},"Q4s":{"weight":1.0,"played":[0.9999,1.0E-4],"evs":[0.0,-6.71484]},"Q5s":{"weight":1.0,"played":[1.0,0.0],"evs":[0.0,-8.84771]},"Q6s":{"weight":1.0,"played":[0.9954,0.0046],"evs":[0.0,-8.12437]},"Q7s":{"weight":1.0,"played":[0.9983,0.0017],"evs":[0.0,-8.78548]},"Q8s":{"weight":1.0,"played":[0.9944,0.0056],"evs":[0.0,-4.11918]},"Q9s":{"weight":1.0,"played":[0.9994,6.0E-4],"evs":[0.0,-4.7344]},"QTs":{"weight":1.0,"played":[0.9988,0.0012],"evs":[0.0,-4.05206]},"QJs":{"weight":1.0,"played":[0.9957,0.0043],"evs":[0.0,-6.14131]},"QQ":{"weight":1.0,"played":[3.0E-4,0.9997],"evs":[0.0,9.34698]},"KQo":{"weight":1.0,"played":[0.9996,4.0E-4],"evs":[0.0,-5.57253]},"AQo":{"weight":1.0,"played":[0.9952,0.0048],"evs":[0.0,-3.19029]},"K2s":{"weight":1.0,"played":[1.0,0.0],"evs":[0.0,-9.50327]},"K3s":{"weight":1.0,"played":[0.999,0.001],"evs":[0.0,-10.25868]},"K4s":{"weight":1.0,"played":[0.9994,6.0E-4],"evs":[0.0,-6.39093]},"K5s":{"weight":1.0,"played":[0.9959,0.0041],"evs":[0.0,-7.85301]},"K6s":{"weight":1.0,"played":[0.9966,0.0034],"evs":[0.0,-7.56358]},"K7s":{"weight":1.0,"played":[0.9999,1.0E-4],"evs":[0.0,-6.95023]},"K8s":{"weight":1.0,"played":[1.0,0.0],"evs":[0.0,-7.92849]},"K9s":{"weight":1.0,"played":[0.9879,0.0121],"evs":[0.0,-7.32717]},"KTs":{"weight":1.0,"played":[0.9978,0.0022],"evs":[0.0,-4.28645]},"KJs":{"weight":1.0,"played":[0.999,0.001],"evs":[0.0,-4.99235]},"KQs":{"weight":1.0,"played":[0.959,0.041],"evs":[0.0,-4.3396]},"KK":{"weight":1.0,"played":[1.0E-4,0.9999],"evs":[0.0,17.51725]},"AKo":{"weight":1.0,"played":[0.8057,0.1943],"evs":[0.0,-0.71877]},"A2s":{"weight":1.0,"played":[0.9997,3.0E-4],"evs":[0.0,-7.99989]},"A3s":{"weight":1.0,"played":[0.9989,0.0011],"evs":[0.0,-8.19686]},"A4s":{"weight":1.0,"played":[0.9982,0.0018],"evs":[0.0,-8.36485]},"A5s":{"weight":1.0,"played":[1.0,0.0],"evs":[0.0,-8.16285]},"A6s":{"weight":1.0,"played":[0.9995,5.0E-4],"evs":[0.0,-6.61762]},"A7s":{"weight":1.0,"played":[0.999,0.001],"evs":[0.0,-7.29943]},"A8s":{"weight":1.0,"played":[0.9883,0.0117],"evs":[0.0,-3.7411]},"A9s":{"weight":1.0,"played":[0.9945,0.0055],"evs":[0.0,-7.2151]},"ATs":{"weight":1.0,"played":[0.9925,0.0075],"evs":[0.0,-4.50231]},"AJs":{"weight":1.0,"played":[0.9877,0.0123],"evs":[0.0,-4.92287]},"AQs":{"weight":1.0,"played":[0.8314,0.1686],"evs":[0.0,-4.27234]},"AKs":{"weight":1.0,"played":[0.0317,0.9683],"evs":[0.0,2.20535]},"AA":{"weight":1.0,"played":[0.0,1.0],"evs":[0.0,27.58222]}}}