{"player":2,"street":0,"children":2,"sequence":[{"player":0,"type":"R","amount":985000,"street":0},{"player":1,"type":"F","amount":0,"street":0},{"player":2,"type":"C","amount":985000,"street":0},{"player":3,"type":"F","amount":0,"street":0},{"player":4,"type":"F","amount":0,"street":0},{"player":5,"type":"R","amount":1275000,"street":0}],"actions":[{"type":"F","amount":0},{"type":"C","amount":290000}],"hands":{"22":{"weight":0.0,"played":[0.0,1.0],"evs":[0.0,6.98522]},"32o":{"weight":0.0,"played":[0.0,1.0],"evs":[0.0,4.10583]},"42o":{"weight":0.0,"played":[0.0,1.0],"evs":[0.0,4.32931]},"52o":{"weight":0.0,"played":[0.0,1.0],"evs":[0.0,4.50476]},"62o":{"weight":0.0,"played":[0.0,1.0],"evs":[0.0,4.2578]},"72o":{"weight":0.0,"played":[0.0,1.0],"evs":[0.0,3.85875]},"82o":{"weight":0.0,"played":[0.0,1.0],"evs":[0.0,3.99733]},"92o":{"weight":0.0,"played":[0.0,1.0],"evs":[0.0,3.92336]},"T2o":{"weight":0.0,"played":[0.0,1.0],"evs":[0.0,4.02991]},"J2o":{"weight":0.0,"played":[0.0,1.0],"evs":[0.0,4.46408]},"Q2o":{"weight":0.0,"played":[0.0,1.0],"evs":[0.0,4.64957]},"K2o":{"weight":0.0,"played":[0.0,1.0],"evs":[0.0,5.01028]},"A2o":{"weight":0.0,"played":[0.0,1.0],"evs":[0.0,5.99255]},"32s":{"weight":0.0,"played":[0.0,1.0],"evs":[0.0,5.37366]},"33":{"weight":0.0,"played":[0.0,1.0],"evs":[0.0,7.56109]},"43o":{"weight":0.0,"played":[0.0,1.0],"evs":[0.0,4.83314]},"53o":{"weight":0.0,"played":[0.0,1.0],"evs":[0.0,5.11571]},"63o":{"weight":0.0,"played":[0.0,1.0],"evs":[0.0,4.7804]},"73o":{"weight":0.0,"played":[0.0,1.0],"evs":[0.0,4.40602]},"83o":{"weight":0.0,"played":[0.0,1.0],"evs":[0.0,4.15253]},"93o":{"weight":0.0,"played":[0.0,1.0],"evs":[0.0,4.12813]},"T3o":{"weight":0.0,"played":[0.0,1.0],"evs":[0.0,4.26788]},"J3o":{"weight":0.0,"played":[0.0,1.0],"evs":[0.0,4.59838]},"Q3o":{"weight":0.0,"played":[0.0,1.0],"evs":[0.0,4.82229]},"K3o":{"weight":0.0,"played":[0.0,1.0],"evs":[0.0,5.2074]},"A3o":{"weight":0.0,"played":[0.0,1.0],"evs":[0.0,6.17344]},"42s":{"weight":0.0,"played":[0.0,1.0],"evs":[0.0,5.58686]},"43s":{"weight":0.0,"played":[0.0,1.0],"evs":[0.0,5.92162]},"44":{"weight":0.0927,"played":[0.0,1.0],"evs":[0.0,8.02837]},"54o":{"weight":0.0,"played":[0.0,1.0],"evs":[0.0,5.60281]},"64o":{"weight":0.0,"played":[0.0,1.0],"evs":[0.0,5.27401]},"74o":{"weight":0.0,"played":[0.0,1.0],"evs":[0.0,4.94106]},"84o":{"weight":0.0,"played":[0.0,1.0],"evs":[0.0,4.68471]},"94o":{"weight":0.0,"played":[0.0,1.0],"evs":[0.0,4.28077]},"T4o":{"weight":0.0,"played":[0.0,1.0],"evs":[0.0,4.49912]},"J4o":{"weight":0.0,"played":[0.0,1.0],"evs":[0.0,4.90168]},"Q4o":{"weight":0.0,"played":[0.0,1.0],"evs":[0.0,5.08395]},"K4o":{"weight":0.0,"played":[0.0,1.0],"evs":[0.0,5.41]},"A4o":{"weight":0.0,"played":[0.0,1.0],"evs":[0.0,6.38445]},"52s":{"weight":0.0,"played":[0.0,1.0],"evs":[0.0,5.71977]},"53s":{"weight":0.0,"played":[0.0,1.0],"evs":[0.0,6.19916]},"54s":{"weight":0.0,"played":[0.0,1.0],"evs":[0.0,6.86336]},"55":{"weight":0.4028,"played":[0.0,1.0],"evs":[0.0,8.60309]},"65o":{"weight":0.0,"played":[0.0,1.0],"evs":[0.0,5.82546]},"75o":{"weight":0.0,"played":[0.0,1.0],"evs":[0.0,5.57194]},"85o":{"weight":0.0,"played":[0.0,1.0],"evs":[0.0,5.21949]},"95o":{"weight":0.0,"played":[0.0,1.0],"evs":[0.0,4.76612]},"T5o":{"weight":0.0,"played":[0.0,1.0],"evs":[0.0,4.64077]},"J5o":{"weight":0.0,"played":[0.0,1.0],"evs":[0.0,5.01894]},"Q5o":{"weight":0.0,"played":[0.0,1.0],"evs":[0.0,5.19783]},"K5o":{"weight":0.0,"played":[0.0,1.0],"evs":[0.0,5.67199]},"A5o":{"weight":0.0,"played":[0.0,1.0],"evs":[0.0,6.59681]},"62s":{"weight":0.0,"played":[0.0,1.0],"evs":[0.0,5.42822]},"63s":{"weight":0.0,"played":[0.0,1.0],"evs":[0.0,6.01579]},"64s":{"weight":0.0,"played":[0.0,1.0],"evs":[0.0,6.26119]},"65s":{"weight":0.0,"played":[0.0,1.0],"evs":[0.0,6.97673]},"66":{"weight":0.3845,"played":[0.0,1.0],"evs":[0.0,9.27884]},"76o":{"weight":0.0,"played":[0.0,1.0],"evs":[0.0,5.97062]},"86o":{"weight":0.0,"played":[0.0,1.0],"evs":[0.0,5.70676]},"96o":{"weight":0.0,"played":[0.0,1.0],"evs":[0.0,5.34998]},"T6o":{"weight":0.0,"played":[0.0,1.0],"evs":[0.0,5.16108]},"J6o":{"weight":0.0,"played":[0.0,1.0],"evs":[0.0,5.14814]},"Q6o":{"weight":0.0,"played":[0.0,1.0],"evs":[0.0,5.42728]},"K6o":{"weight":0.0,"played":[0.0,1.0],"evs":[0.0,5.94429]},"A6o":{"weight":0.0,"played":[0.0,1.0],"evs":[0.0,6.47848]},"72s":{"weight":0.0,"played":[0.0,1.0],"evs":[0.0,5.17639]},"73s":{"weight":0.0,"played":[0.0,1.0],"evs":[0.0,5.57472]},"74s":{"weight":0.0,"played":[0.0,1.0],"evs":[0.0,6.23163]},"75s":{"weight":0.0,"played":[0.0,1.0],"evs":[0.0,6.72473]},"76s":{"weight":0.0,"played":[0.0,1.0],"evs":[0.0,7.19893]},"77":{"weight":0.4801,"played":[0.0,1.0],"evs":[0.0,9.82331]},"87o":{"weight":0.0,"played":[0.0,1.0],"evs":[0.0,6.09928]},"97o":{"weight":0.0,"played":[0.0,1.0],"evs":[0.0,5.72495]},"T7o":{"weight":0.0,"played":[0.0,1.0],"evs":[0.0,5.592]},"J7o":{"weight":0.0,"played":[0.0,1.0],"evs":[0.0,5.52586]},"Q7o":{"weight":0.0,"played":[0.0,1.0],"evs":[0.0,5.53277]},"K7o":{"weight":0.0,"played":[0.0,1.0],"evs":[0.0,5.8989]},"A7o":{"weight":0.0,"played":[0.0,1.0],"evs":[0.0,6.69562]},"82s":{"weight":0.0,"played":[0.0,1.0],"evs":[0.0,5.3178]},"83s":{"weight":0.0,"played":[0.0,1.0],"evs":[0.0,5.27305]},"84s":{"weight":0.0,"played":[0.0,1.0],"evs":[0.0,5.8502]},"85s":{"weight":0.0,"played":[0.0,1.0],"evs":[0.0,6.3273]},"86s":{"weight":0.0,"played":[0.0,1.0],"evs":[0.0,6.89928]},"87s":{"weight":0.0,"played":[0.0,1.0],"evs":[0.0,7.16214]},"88":{"weight":0.5748,"played":[0.0,1.0],"evs":[0.0,10.56093]},"98o":{"weight":0.0,"played":[0.0,1.0],"evs":[0.0,6.10396]},"T8o":{"weight":0.0,"played":[0.0,1.0],"evs":[0.0,6.05167]},"J8o":{"weight":0.0,"played":[0.0,1.0],"evs":[0.0,5.98754]},"Q8o":{"weight":0.0,"played":[0.0,1.0],"evs":[0.0,5.90187]},"K8o":{"weight":0.0,"played":[0.0,1.0],"evs":[0.0,6.1035]},"A8o":{"weight":0.0,"played":[0.0,1.0],"evs":[0.0,7.13018]},"92s":{"weight":0.0,"played":[0.0,1.0],"evs":[0.0,5.19304]},"93s":{"weight":0.0,"played":[0.0,1.0],"evs":[0.0,5.25329]},"94s":{"weight":0.0,"played":[0.0,1.0],"evs":[0.0,5.43835]},"95s":{"weight":0.0,"played":[0.0,1.0],"evs":[0.0,6.0762]},"96s":{"weight":0.0,"played":[0.0,1.0],"evs":[0.0,6.59053]},"97s":{"weight":0.0,"played":[0.0,1.0],"evs":[0.0,6.94133]},"98s":{"weight":0.0,"played":[0.0,1.0],"evs":[0.0,7.3332]},"99":{"weight":0.6001,"played":[0.0,1.0],"evs":[0.0,11.48796]},"T9o":{"weight":0.0,"played":[0.0,1.0],"evs":[0.0,6.37118]},"J9o":{"weight":0.0,"played":[0.0,1.0],"evs":[0.0,6.33336]},"Q9o":{"weight":0.0,"played":[0.0,1.0],"evs":[0.0,6.26718]},"K9o":{"weight":0.0,"played":[0.0,1.0],"evs":[0.0,6.52962]},"A9o":{"weight":0.002,"played":[0.0,1.0],"evs":[0.0,7.67252]},"T2s":{"weight":0.0,"played":[0.0,1.0],"evs":[0.0,5.49339]},"T3s":{"weight":0.0,"played":[0.0,1.0],"evs":[0.0,5.51977]},"T4s":{"weight":0.0,"played":[0.0,1.0],"evs":[0.0,5.8417]},"T5s":{"weight":0.0,"played":[0.0,1.0],"evs":[0.0,5.83557]},"T6s":{"weight":0.0,"played":[0.0,1.0],"evs":[0.0,6.41928]},"T7s":{"weight":0.0,"played":[0.0,1.0],"evs":[0.0,6.70137]},"T8s":{"weight":0.0,"played":[0.0,1.0],"evs":[0.0,7.24396]},"T9s":{"weight":0.0,"played":[0.0,1.0],"evs":[0.0,7.41613]},"TT":{"weight":0.5058,"played":[0.0,1.0],"evs":[0.0,12.96008]},"JTo":{"weight":0.0,"played":[0.0,1.0],"evs":[0.0,7.09957]},"QTo":{"weight":0.0,"played":[0.0,1.0],"evs":[0.0,7.06035]},"KTo":{"weight":0.0,"played":[0.0,1.0],"evs":[0.0,7.44757]},"ATo":{"weight":0.4832,"played":[0.0,1.0],"evs":[0.0,9.03039]},"J2s":{"weight":0.0,"played":[0.0,1.0],"evs":[0.0,5.88682]},"J3s":{"weight":0.0,"played":[0.0,1.0],"evs":[0.0,5.80546]},"J4s":{"weight":0.0,"played":[0.0,1.0],"evs":[0.0,6.15236]},"J5s":{"weight":0.0,"played":[0.0,1.0],"evs":[0.0,6.37498]},"J6s":{"weight":0.0,"played":[0.0,1.0],"evs":[0.0,6.44113]},"J7s":{"weight":0.0,"played":[0.0,1.0],"evs":[0.0,6.70688]},"J8s":{"weight":0.0,"played":[0.0,1.0],"evs":[0.0,7.07306]},"J9s":{"weight":0.0,"played":[0.0,1.0],"evs":[0.0,7.46641]},"JTs":{"weight":0.0058,"played":[0.0,1.0],"evs":[0.0,7.99638]},"JJ":{"weight":0.4541,"played":[0.0,1.0],"evs":[0.0,14.50369]},"QJo":{"weight":0.0,"played":[0.0,1.0],"evs":[0.0,7.55923]},"KJo":{"weight":0.0,"played":[0.0,1.0],"evs":[0.0,8.03711]},"AJo":{"weight":0.2643,"played":[0.0,1.0],"evs":[0.0,9.91573]},"Q2s":{"weight":0.0,"played":[0.0,1.0],"evs":[0.0,6.06488]},"Q3s":{"weight":0.0,"played":[0.0,1.0],"evs":[0.0,6.03024]},"Q4s":{"weight":0.0,"played":[0.0,1.0],"evs":[0.0,6.28851]},"Q5s":{"weight":0.0,"played":[0.0,1.0],"evs":[0.0,6.56343]},"Q6s":{"weight":0.0,"played":[0.0,1.0],"evs":[0.0,6.71283]},"Q7s":{"weight":0.0,"played":[0.0,1.0],"evs":[0.0,6.60106]},"Q8s":{"weight":0.0,"played":[0.0,1.0],"evs":[0.0,7.0777]},"Q9s":{"weight":0.0,"played":[0.0,1.0],"evs":[0.0,7.46005]},"QTs":{"weight":0.655,"played":[0.0,1.0],"evs":[0.0,8.09583]},"QJs":{"weight":0.595,"played":[0.0,1.0],"evs":[0.0,8.7054]},"QQ":{"weight":0.4421,"played":[0.0,1.0],"evs":[0.0,16.21569]},"KQo":{"weight":0.466,"played":[0.0,1.0],"evs":[0.0,8.74068]},"AQo":{"weight":0.3372,"played":[0.0,1.0],"evs":[0.0,10.91522]},"K2s":{"weight":0.0,"played":[0.0,1.0],"evs":[0.0,6.35992]},"K3s":{"weight":0.0,"played":[0.0,1.0],"evs":[0.0,6.45952]},"K4s":{"weight":0.0,"played":[0.0,1.0],"evs":[0.0,6.68231]},"K5s":{"weight":0.0,"played":[0.0,1.0],"evs":[0.0,6.88259]},"K6s":{"weight":0.0,"played":[0.0,1.0],"evs":[0.0,7.15678]},"K7s":{"weight":0.0,"played":[0.0,1.0],"evs":[0.0,7.13161]},"K8s":{"weight":0.0,"played":[0.0,1.0],"evs":[0.0,7.22756]},"K9s":{"weight":0.0,"played":[0.0,1.0],"evs":[0.0,7.59013]},"KTs":{"weight":0.3641,"played":[0.0,1.0],"evs":[0.0,8.50633]},"KJs":{"weight":0.4797,"played":[0.0,1.0],"evs":[0.0,9.11081]},"KQs":{"weight":0.4732,"played":[0.0,1.0],"evs":[0.0,9.62259]},"KK":{"weight":0.4893,"played":[0.0,1.0],"evs":[0.0,18.31325]},"AKo":{"weight":0.2745,"played":[0.0,1.0],"evs":[0.0,12.14612]},"A2s":{"weight":0.0,"played":[0.0,1.0],"evs":[0.0,7.17696]},"A3s":{"weight":0.0,"played":[0.0,1.0],"evs":[0.0,7.41221]},"A4s":{"weight":0.0,"played":[0.0,1.0],"evs":[0.0,7.74976]},"A5s":{"weight":1.0E-4,"played":[0.0,1.0],"evs":[0.0,7.99236]},"A6s":{"weight":0.0,"played":[0.0,1.0],"evs":[0.0,7.703]},"A7s":{"weight":0.031,"played":[0.0,1.0],"evs":[0.0,7.9824]},"A8s":{"weight":0.5618,"played":[0.0,1.0],"evs":[0.0,8.27009]},"A9s":{"weight":0.5304,"played":[0.0,1.0],"evs":[0.0,8.87859]},"ATs":{"weight":0.2885,"played":[0.0,1.0],"evs":[0.0,10.08971]},"AJs":{"weight":0.5447,"played":[0.0,1.0],"evs":[0.0,10.93941]},"AQs":{"weight":0.3354,"played":[0.0,1.0],"evs":[0.0,11.82623]},"AKs":{"weight":0.4686,"played":[0.0,1.0],"evs":[0.0,12.97284]},"AA":{"weight":0.4904,"played":[0.0,1.0],"evs":[0.0,21.76548]}}}