{"player":4,"street":0,"children":2,"sequence":[{"player":0,"type":"R","amount":985000,"street":0},{"player":1,"type":"F","amount":0,"street":0},{"player":2,"type":"C","amount":985000,"street":0},{"player":3,"type":"F","amount":0,"street":0},{"player":4,"type":"C","amount":935000,"street":0},{"player":5,"type":"R","amount":2985000,"street":0},{"player":2,"type":"C","amount":290000,"street":0}],"actions":[{"type":"F","amount":0},{"type":"C","amount":2000000}],"hands":{"22":{"weight":0.0385,"played":[0.0,1.0],"evs":[0.0,5.84266]},"32o":{"weight":0.0,"played":[0.9998,2.0E-4],"evs":[0.0,-2.26933]},"42o":{"weight":0.0,"played":[0.8543,0.1457],"evs":[0.0,-1.32709]},"52o":{"weight":0.0,"played":[0.8226,0.1774],"evs":[0.0,-0.73779]},"62o":{"weight":0.0,"played":[0.9574,0.0426],"evs":[0.0,-1.8169]},"72o":{"weight":0.0,"played":[0.9992,8.0E-4],"evs":[0.0,-3.2357]},"82o":{"weight":0.0,"played":[0.9635,0.0365],"evs":[0.0,-2.07508]},"92o":{"weight":0.0,"played":[0.9993,7.0E-4],"evs":[0.0,-1.19699]},"T2o":{"weight":0.0,"played":[0.9891,0.0109],"evs":[0.0,-1.2651]},"J2o":{"weight":0.0,"played":[0.9698,0.0302],"evs":[0.0,-2.29242]},"Q2o":{"weight":0.0,"played":[0.9489,0.0511],"evs":[0.0,-1.3021]},"K2o":{"weight":0.0,"played":[0.9551,0.0449],"evs":[0.0,-1.24419]},"A2o":{"weight":0.0,"played":[0.6693,0.3307],"evs":[0.0,-0.25434]},"32s":{"weight":0.0,"played":[0.0013,0.9987],"evs":[0.0,1.87069]},"33":{"weight":0.105,"played":[0.0,1.0],"evs":[0.0,5.27917]},"43o":{"weight":0.0,"played":[0.8148,0.1852],"evs":[0.0,-0.69804]},"53o":{"weight":0.0,"played":[0.0398,0.9602],"evs":[0.0,0.28002]},"63o":{"weight":0.0,"played":[0.9578,0.0422],"evs":[0.0,-0.41263]},"73o":{"weight":0.0,"played":[0.9331,0.0669],"evs":[0.0,-1.737]},"83o":{"weight":0.0,"played":[0.9547,0.0453],"evs":[0.0,-2.09273]},"93o":{"weight":0.0,"played":[0.9877,0.0123],"evs":[0.0,-2.07654]},"T3o":{"weight":0.0,"played":[0.9495,0.0505],"evs":[0.0,-2.23111]},"J3o":{"weight":0.0,"played":[0.9875,0.0125],"evs":[0.0,-2.28164]},"Q3o":{"weight":0.0,"played":[0.981,0.019],"evs":[0.0,-2.11735]},"K3o":{"weight":0.0,"played":[0.9745,0.0255],"evs":[0.0,-0.75323]},"A3o":{"weight":0.0,"played":[0.4795,0.5205],"evs":[0.0,0.62665]},"42s":{"weight":0.0,"played":[0.0057,0.9943],"evs":[0.0,1.94985]},"43s":{"weight":1.0E-4,"played":[0.0209,0.9791],"evs":[0.0,2.21077]},"44":{"weight":0.159,"played":[0.0,1.0],"evs":[0.0,5.47521]},"54o":{"weight":0.0,"played":[0.1532,0.8468],"evs":[0.0,0.03993]},"64o":{"weight":0.0,"played":[2.0E-4,0.9998],"evs":[0.0,0.24538]},"74o":{"weight":0.0,"played":[0.1106,0.8894],"evs":[0.0,-0.17189]},"84o":{"weight":0.0,"played":[0.951,0.049],"evs":[0.0,-0.71513]},"94o":{"weight":0.0,"played":[0.9859,0.0141],"evs":[0.0,-1.53288]},"T4o":{"weight":0.0,"played":[0.9129,0.0871],"evs":[0.0,-1.34556]},"J4o":{"weight":0.0,"played":[0.9597,0.0403],"evs":[0.0,-1.08411]},"Q4o":{"weight":0.0,"played":[0.9797,0.0203],"evs":[0.0,-2.26271]},"K4o":{"weight":0.0,"played":[0.4136,0.5864],"evs":[0.0,-0.63627]},"A4o":{"weight":0.0,"played":[0.0097,0.9903],"evs":[0.0,0.46252]},"52s":{"weight":6.0E-4,"played":[7.0E-4,0.9993],"evs":[0.0,2.18291]},"53s":{"weight":2.0E-4,"played":[2.0E-4,0.9998],"evs":[0.0,3.60816]},"54s":{"weight":0.2015,"played":[0.0016,0.9984],"evs":[0.0,3.62593]},"55":{"weight":0.0651,"played":[1.0E-4,0.9999],"evs":[0.0,4.91751]},"65o":{"weight":0.0,"played":[1.0E-4,0.9999],"evs":[0.0,1.54092]},"75o":{"weight":0.0,"played":[0.0,1.0],"evs":[0.0,1.00117]},"85o":{"weight":0.0,"played":[0.4863,0.5137],"evs":[0.0,-0.03671]},"95o":{"weight":0.0,"played":[0.8735,0.1265],"evs":[0.0,-0.41681]},"T5o":{"weight":0.0,"played":[0.8741,0.1259],"evs":[0.0,-0.94482]},"J5o":{"weight":0.0,"played":[0.9047,0.0953],"evs":[0.0,-1.32684]},"Q5o":{"weight":0.0,"played":[0.8702,0.1298],"evs":[0.0,-1.17247]},"K5o":{"weight":0.0,"played":[0.5343,0.4657],"evs":[0.0,-0.04946]},"A5o":{"weight":0.0,"played":[0.4311,0.5689],"evs":[0.0,0.42611]},"62s":{"weight":0.0,"played":[0.0106,0.9894],"evs":[0.0,1.72833]},"63s":{"weight":0.0,"played":[0.0231,0.9769],"evs":[0.0,2.80709]},"64s":{"weight":0.3599,"played":[1.0E-4,0.9999],"evs":[0.0,4.33974]},"65s":{"weight":0.8913,"played":[0.0,1.0],"evs":[0.0,3.95199]},"66":{"weight":0.0196,"played":[0.0,1.0],"evs":[0.0,8.04204]},"76o":{"weight":0.0,"played":[0.0,1.0],"evs":[0.0,2.39261]},"86o":{"weight":0.0,"played":[0.0015,0.9985],"evs":[0.0,1.5152]},"96o":{"weight":0.0,"played":[0.0062,0.9938],"evs":[0.0,1.3631]},"T6o":{"weight":0.0,"played":[0.5903,0.4097],"evs":[0.0,-0.47007]},"J6o":{"weight":0.0,"played":[0.6024,0.3976],"evs":[0.0,-0.43672]},"Q6o":{"weight":0.0,"played":[0.309,0.691],"evs":[0.0,-0.39262]},"K6o":{"weight":0.0,"played":[1.0E-4,0.9999],"evs":[0.0,0.98353]},"A6o":{"weight":0.0,"played":[0.529,0.471],"evs":[0.0,0.75205]},"72s":{"weight":0.0,"played":[0.0305,0.9695],"evs":[0.0,0.6827]},"73s":{"weight":0.0,"played":[0.0039,0.9961],"evs":[0.0,0.44196]},"74s":{"weight":0.0,"played":[0.1727,0.8273],"evs":[0.0,2.14142]},"75s":{"weight":0.0093,"played":[0.0024,0.9976],"evs":[0.0,4.41874]},"76s":{"weight":0.0592,"played":[0.0,1.0],"evs":[0.0,5.59937]},"77":{"weight":0.0047,"played":[0.0,1.0],"evs":[0.0,9.43492]},"87o":{"weight":0.0,"played":[0.0,1.0],"evs":[0.0,2.48044]},"97o":{"weight":0.0,"played":[0.0047,0.9953],"evs":[0.0,2.34196]},"T7o":{"weight":0.0,"played":[0.0,1.0],"evs":[0.0,0.81732]},"J7o":{"weight":0.0,"played":[0.1665,0.8335],"evs":[0.0,-0.33777]},"Q7o":{"weight":0.0,"played":[0.5146,0.4854],"evs":[0.0,-0.30914]},"K7o":{"weight":0.0,"played":[1.0E-4,0.9999],"evs":[0.0,0.69248]},"A7o":{"weight":1.0E-4,"played":[0.092,0.908],"evs":[0.0,0.71533]},"82s":{"weight":0.0,"played":[0.028,0.972],"evs":[0.0,3.0078]},"83s":{"weight":0.0,"played":[3.0E-4,0.9997],"evs":[0.0,0.33875]},"84s":{"weight":0.0,"played":[1.0E-4,0.9999],"evs":[0.0,1.69176]},"85s":{"weight":0.0069,"played":[0.0376,0.9624],"evs":[0.0,-0.2905]},"86s":{"weight":0.0796,"played":[0.0,1.0],"evs":[0.0,3.51278]},"87s":{"weight":0.0787,"played":[0.0,1.0],"evs":[0.0,5.09015]},"88":{"weight":0.1331,"played":[0.0,1.0],"evs":[0.0,10.76783]},"98o":{"weight":0.0,"played":[2.0E-4,0.9998],"evs":[0.0,2.55157]},"T8o":{"weight":0.0,"played":[0.0,1.0],"evs":[0.0,3.22861]},"J8o":{"weight":2.0E-4,"played":[0.0,1.0],"evs":[0.0,1.04995]},"Q8o":{"weight":0.0,"played":[5.0E-4,0.9995],"evs":[0.0,1.16858]},"K8o":{"weight":0.0,"played":[0.0017,0.9983],"evs":[0.0,0.71406]},"A8o":{"weight":0.0012,"played":[0.0,1.0],"evs":[0.0,0.87726]},"92s":{"weight":0.0,"played":[0.0023,0.9977],"evs":[0.0,1.0265]},"93s":{"weight":2.0E-4,"played":[2.0E-4,0.9998],"evs":[0.0,2.76155]},"94s":{"weight":0.0,"played":[0.0287,0.9713],"evs":[0.0,3.82201]},"95s":{"weight":0.0012,"played":[1.0E-4,0.9999],"evs":[0.0,2.37018]},"96s":{"weight":0.2479,"played":[2.0E-4,0.9998],"evs":[0.0,2.35421]},"97s":{"weight":0.4444,"played":[4.0E-4,0.9996],"evs":[0.0,5.09197]},"98s":{"weight":0.0476,"played":[0.0,1.0],"evs":[0.0,5.80178]},"99":{"weight":0.853,"played":[0.0,1.0],"evs":[0.0,13.74878]},"T9o":{"weight":2.0E-4,"played":[0.0,1.0],"evs":[0.0,1.54787]},"J9o":{"weight":0.0,"played":[0.0019,0.9981],"evs":[0.0,0.88285]},"Q9o":{"weight":0.0,"played":[0.0242,0.9758],"evs":[0.0,0.80306]},"K9o":{"weight":0.0,"played":[3.0E-4,0.9997],"evs":[0.0,2.24522]},"A9o":{"weight":5.0E-4,"played":[0.0,1.0],"evs":[0.0,2.39369]},"T2s":{"weight":0.0,"played":[0.1746,0.8254],"evs":[0.0,0.72349]},"T3s":{"weight":0.0,"played":[0.053,0.947],"evs":[0.0,0.96598]},"T4s":{"weight":0.0,"played":[0.0205,0.9795],"evs":[0.0,1.14417]},"T5s":{"weight":0.0,"played":[0.2376,0.7624],"evs":[0.0,0.23182]},"T6s":{"weight":8.0E-4,"played":[2.0E-4,0.9998],"evs":[0.0,2.65271]},"T7s":{"weight":0.1146,"played":[4.0E-4,0.9996],"evs":[0.0,3.70307]},"T8s":{"weight":0.6865,"played":[0.0,1.0],"evs":[0.0,3.69991]},"T9s":{"weight":0.0267,"played":[0.0,1.0],"evs":[0.0,5.68104]},"TT":{"weight":0.4437,"played":[0.0,1.0],"evs":[0.0,16.83366]},"JTo":{"weight":0.2093,"played":[6.0E-4,0.9994],"evs":[0.0,3.08859]},"QTo":{"weight":0.0022,"played":[0.0,1.0],"evs":[0.0,2.79295]},"KTo":{"weight":0.0154,"played":[0.0,1.0],"evs":[0.0,1.47365]},"ATo":{"weight":0.0533,"played":[0.0,1.0],"evs":[0.0,2.73809]},"J2s":{"weight":0.0,"played":[0.2024,0.7976],"evs":[0.0,0.69773]},"J3s":{"weight":0.0,"played":[0.0142,0.9858],"evs":[0.0,1.35986]},"J4s":{"weight":1.0E-4,"played":[0.0034,0.9966],"evs":[0.0,1.54355]},"J5s":{"weight":1.0E-4,"played":[0.1328,0.8672],"evs":[0.0,1.33523]},"J6s":{"weight":0.0,"played":[3.0E-4,0.9997],"evs":[0.0,2.68212]},"J7s":{"weight":0.0929,"played":[0.001,0.999],"evs":[0.0,2.54433]},"J8s":{"weight":0.565,"played":[0.0066,0.9934],"evs":[0.0,4.27454]},"J9s":{"weight":0.077,"played":[2.0E-4,0.9998],"evs":[0.0,5.21562]},"JTs":{"weight":0.0181,"played":[0.0,1.0],"evs":[0.0,5.51986]},"JJ":{"weight":0.0793,"played":[0.0,1.0],"evs":[0.0,19.41454]},"QJo":{"weight":0.0739,"played":[0.0,1.0],"evs":[0.0,3.15649]},"KJo":{"weight":0.1668,"played":[0.0,1.0],"evs":[0.0,2.97597]},"AJo":{"weight":0.1622,"played":[0.0,1.0],"evs":[0.0,5.68722]},"Q2s":{"weight":1.0E-4,"played":[0.0074,0.9926],"evs":[0.0,3.67276]},"Q3s":{"weight":0.0,"played":[1.0E-4,0.9999],"evs":[0.0,1.46132]},"Q4s":{"weight":0.0022,"played":[0.0,1.0],"evs":[0.0,3.58223]},"Q5s":{"weight":0.0,"played":[0.001,0.999],"evs":[0.0,0.45982]},"Q6s":{"weight":2.0E-4,"played":[0.0064,0.9936],"evs":[0.0,2.77052]},"Q7s":{"weight":1.0E-4,"played":[0.0189,0.9811],"evs":[0.0,1.2075]},"Q8s":{"weight":0.1776,"played":[0.001,0.999],"evs":[0.0,3.37219]},"Q9s":{"weight":0.0617,"played":[0.0012,0.9988],"evs":[0.0,3.49743]},"QTs":{"weight":0.2049,"played":[0.0,1.0],"evs":[0.0,4.89841]},"QJs":{"weight":0.4983,"played":[0.0,1.0],"evs":[0.0,5.29923]},"QQ":{"weight":0.7278,"played":[0.0,1.0],"evs":[0.0,24.38842]},"KQo":{"weight":0.0015,"played":[0.0,1.0],"evs":[0.0,3.95785]},"AQo":{"weight":0.0031,"played":[0.0,1.0],"evs":[0.0,8.98378]},"K2s":{"weight":8.0E-4,"played":[0.0101,0.9899],"evs":[0.0,2.13676]},"K3s":{"weight":0.0032,"played":[0.0,1.0],"evs":[0.0,3.49892]},"K4s":{"weight":0.0697,"played":[1.0E-4,0.9999],"evs":[0.0,3.17412]},"K5s":{"weight":0.0781,"played":[0.0,1.0],"evs":[0.0,1.95944]},"K6s":{"weight":0.0326,"played":[0.0,1.0],"evs":[0.0,2.90757]},"K7s":{"weight":0.162,"played":[0.0164,0.9836],"evs":[0.0,2.47341]},"K8s":{"weight":0.2779,"played":[1.0E-4,0.9999],"evs":[0.0,4.12547]},"K9s":{"weight":0.2911,"played":[0.0,1.0],"evs":[0.0,3.26798]},"KTs":{"weight":0.0495,"played":[0.0,1.0],"evs":[0.0,5.49544]},"KJs":{"weight":0.7709,"played":[2.0E-4,0.9998],"evs":[0.0,5.44948]},"KQs":{"weight":0.629,"played":[1.0E-4,0.9999],"evs":[0.0,6.40028]},"KK":{"weight":0.2117,"played":[0.0,1.0],"evs":[0.0,31.52063]},"AKo":{"weight":0.0137,"played":[0.0,1.0],"evs":[0.0,12.20506]},"A2s":{"weight":0.0516,"played":[3.0E-4,0.9997],"evs":[0.0,2.96054]},"A3s":{"weight":0.0308,"played":[1.0E-4,0.9999],"evs":[0.0,4.89895]},"A4s":{"weight":0.0947,"played":[0.0,1.0],"evs":[0.0,2.48554]},"A5s":{"weight":0.0154,"played":[0.0,1.0],"evs":[0.0,4.28263]},"A6s":{"weight":0.4803,"played":[0.0,1.0],"evs":[0.0,4.16288]},"A7s":{"weight":0.1328,"played":[0.0,1.0],"evs":[0.0,4.00064]},"A8s":{"weight":0.0769,"played":[0.0,1.0],"evs":[0.0,2.96641]},"A9s":{"weight":0.3391,"played":[0.0,1.0],"evs":[0.0,5.85133]},"ATs":{"weight":0.317,"played":[0.0,1.0],"evs":[0.0,6.84387]},"AJs":{"weight":0.1425,"played":[0.0,1.0],"evs":[0.0,6.62707]},"AQs":{"weight":0.5713,"played":[0.0,1.0],"evs":[0.0,13.07387]},"AKs":{"weight":0.8602,"played":[0.0,1.0],"evs":[0.0,15.69776]},"AA":{"weight":0.6782,"played":[0.0,1.0],"evs":[0.0,38.45243]}}}