{"player":4,"street":0,"children":2,"sequence":[{"player":0,"type":"R","amount":985000,"street":0},{"player":1,"type":"F","amount":0,"street":0},{"player":2,"type":"C","amount":985000,"street":0},{"player":3,"type":"C","amount":985000,"street":0}],"actions":[{"type":"F","amount":0,"node":169},{"type":"R","amount":2985000,"node":172}],"hands":{"22":{"weight":1.0,"played":[0.911,0.089],"evs":[0.0,-3.61148]},"32o":{"weight":1.0,"played":[1.0,0.0],"evs":[0.0,-7.65872]},"42o":{"weight":1.0,"played":[0.9999,1.0E-4],"evs":[0.0,-6.94043]},"52o":{"weight":1.0,"played":[0.9999,1.0E-4],"evs":[0.0,-7.24078]},"62o":{"weight":1.0,"played":[1.0,0.0],"evs":[0.0,-7.34903]},"72o":{"weight":1.0,"played":[1.0,0.0],"evs":[0.0,-7.91599]},"82o":{"weight":1.0,"played":[1.0,0.0],"evs":[0.0,-7.32235]},"92o":{"weight":1.0,"played":[1.0,0.0],"evs":[0.0,-8.14649]},"T2o":{"weight":1.0,"played":[0.9999,1.0E-4],"evs":[0.0,-7.526]},"J2o":{"weight":1.0,"played":[0.9992,8.0E-4],"evs":[0.0,-6.7572]},"Q2o":{"weight":1.0,"played":[1.0,0.0],"evs":[0.0,-6.57204]},"K2o":{"weight":1.0,"played":[1.0,0.0],"evs":[0.0,-6.10792]},"A2o":{"weight":1.0,"played":[0.9997,3.0E-4],"evs":[0.0,-5.14123]},"32s":{"weight":1.0,"played":[0.989,0.011],"evs":[0.0,-6.53801]},"33":{"weight":1.0,"played":[0.8459,0.1541],"evs":[0.0,-1.5706]},"43o":{"weight":1.0,"played":[1.0,0.0],"evs":[0.0,-6.54159]},"53o":{"weight":1.0,"played":[0.9999,1.0E-4],"evs":[0.0,-5.80953]},"63o":{"weight":1.0,"played":[0.9999,1.0E-4],"evs":[0.0,-6.21674]},"73o":{"weight":1.0,"played":[0.9999,1.0E-4],"evs":[0.0,-7.30459]},"83o":{"weight":1.0,"played":[0.9999,1.0E-4],"evs":[0.0,-7.65811]},"93o":{"weight":1.0,"played":[0.9999,1.0E-4],"evs":[0.0,-6.90892]},"T3o":{"weight":1.0,"played":[1.0,0.0],"evs":[0.0,-7.88903]},"J3o":{"weight":1.0,"played":[1.0,0.0],"evs":[0.0,-6.92554]},"Q3o":{"weight":1.0,"played":[0.9999,1.0E-4],"evs":[0.0,-6.30728]},"K3o":{"weight":1.0,"played":[0.9995,5.0E-4],"evs":[0.0,-5.24998]},"A3o":{"weight":1.0,"played":[1.0,0.0],"evs":[0.0,-4.73805]},"42s":{"weight":1.0,"played":[0.9975,0.0025],"evs":[0.0,-4.75216]},"43s":{"weight":1.0,"played":[0.9998,2.0E-4],"evs":[0.0,-3.94185]},"44":{"weight":1.0,"played":[0.97,0.03],"evs":[0.0,-2.27323]},"54o":{"weight":1.0,"played":[0.9997,3.0E-4],"evs":[0.0,-4.41208]},"64o":{"weight":1.0,"played":[1.0,0.0],"evs":[0.0,-4.83107]},"74o":{"weight":1.0,"played":[1.0,0.0],"evs":[0.0,-5.53581]},"84o":{"weight":1.0,"played":[0.9998,2.0E-4],"evs":[0.0,-5.67161]},"94o":{"weight":1.0,"played":[1.0,0.0],"evs":[0.0,-6.73883]},"T4o":{"weight":1.0,"played":[1.0,0.0],"evs":[0.0,-6.80776]},"J4o":{"weight":1.0,"played":[0.9999,1.0E-4],"evs":[0.0,-6.74029]},"Q4o":{"weight":1.0,"played":[1.0,0.0],"evs":[0.0,-5.55637]},"K4o":{"weight":1.0,"played":[0.9999,1.0E-4],"evs":[0.0,-4.69235]},"A4o":{"weight":1.0,"played":[0.9954,0.0046],"evs":[0.0,-3.7955]},"52s":{"weight":1.0,"played":[0.9999,1.0E-4],"evs":[0.0,-4.16804]},"53s":{"weight":1.0,"played":[0.9991,9.0E-4],"evs":[0.0,-3.62827]},"54s":{"weight":1.0,"played":[0.7216,0.2784],"evs":[0.0,-0.84929]},"55":{"weight":1.0,"played":[0.0106,0.9894],"evs":[0.0,0.17077]},"65o":{"weight":1.0,"played":[0.9991,9.0E-4],"evs":[0.0,-3.63778]},"75o":{"weight":1.0,"played":[0.9984,0.0016],"evs":[0.0,-4.99808]},"85o":{"weight":1.0,"played":[0.9995,5.0E-4],"evs":[0.0,-5.68709]},"95o":{"weight":1.0,"played":[0.9997,3.0E-4],"evs":[0.0,-5.55387]},"T5o":{"weight":1.0,"played":[0.9998,2.0E-4],"evs":[0.0,-6.46486]},"J5o":{"weight":1.0,"played":[1.0,0.0],"evs":[0.0,-5.89795]},"Q5o":{"weight":1.0,"played":[0.9995,5.0E-4],"evs":[0.0,-5.51335]},"K5o":{"weight":1.0,"played":[0.9993,7.0E-4],"evs":[0.0,-4.64711]},"A5o":{"weight":1.0,"played":[0.9959,0.0041],"evs":[0.0,-3.69572]},"62s":{"weight":1.0,"played":[0.9994,6.0E-4],"evs":[0.0,-5.30228]},"63s":{"weight":1.0,"played":[1.0,0.0],"evs":[0.0,-4.4237]},"64s":{"weight":1.0,"played":[0.9973,0.0027],"evs":[0.0,-2.60917]},"65s":{"weight":1.0,"played":[0.9017,0.0983],"evs":[0.0,-0.6881]},"66":{"weight":1.0,"played":[1.0E-4,0.9999],"evs":[0.0,2.13082]},"76o":{"weight":1.0,"played":[0.9999,1.0E-4],"evs":[0.0,-3.20782]},"86o":{"weight":1.0,"played":[1.0,0.0],"evs":[0.0,-4.73367]},"96o":{"weight":1.0,"played":[0.9997,3.0E-4],"evs":[0.0,-4.1946]},"T6o":{"weight":1.0,"played":[1.0,0.0],"evs":[0.0,-5.25514]},"J6o":{"weight":1.0,"played":[1.0,0.0],"evs":[0.0,-5.36056]},"Q6o":{"weight":1.0,"played":[1.0,0.0],"evs":[0.0,-4.34319]},"K6o":{"weight":1.0,"played":[0.9999,1.0E-4],"evs":[0.0,-3.32909]},"A6o":{"weight":1.0,"played":[0.9995,5.0E-4],"evs":[0.0,-5.65474]},"72s":{"weight":1.0,"played":[0.9997,3.0E-4],"evs":[0.0,-6.04454]},"73s":{"weight":1.0,"played":[0.9998,2.0E-4],"evs":[0.0,-4.40792]},"74s":{"weight":1.0,"played":[0.9997,3.0E-4],"evs":[0.0,-3.31128]},"75s":{"weight":1.0,"played":[0.9771,0.0229],"evs":[0.0,-1.57951]},"76s":{"weight":1.0,"played":[0.9321,0.0679],"evs":[0.0,-1.14737]},"77":{"weight":1.0,"played":[0.0,1.0],"evs":[0.0,2.9466]},"87o":{"weight":1.0,"played":[0.9998,2.0E-4],"evs":[0.0,-3.81117]},"97o":{"weight":1.0,"played":[1.0,0.0],"evs":[0.0,-4.48776]},"T7o":{"weight":1.0,"played":[0.9997,3.0E-4],"evs":[0.0,-4.21134]},"J7o":{"weight":1.0,"played":[0.9998,2.0E-4],"evs":[0.0,-4.80687]},"Q7o":{"weight":1.0,"played":[0.9999,1.0E-4],"evs":[0.0,-4.51391]},"K7o":{"weight":1.0,"played":[0.9996,4.0E-4],"evs":[0.0,-3.47618]},"A7o":{"weight":1.0,"played":[0.9996,4.0E-4],"evs":[0.0,-4.26443]},"82s":{"weight":1.0,"played":[0.9997,3.0E-4],"evs":[0.0,-4.65235]},"83s":{"weight":1.0,"played":[0.9998,2.0E-4],"evs":[0.0,-4.7267]},"84s":{"weight":1.0,"played":[1.0,0.0],"evs":[0.0,-3.16511]},"85s":{"weight":1.0,"played":[0.9955,0.0045],"evs":[0.0,-4.36466]},"86s":{"weight":1.0,"played":[0.9909,0.0091],"evs":[0.0,-2.72096]},"87s":{"weight":1.0,"played":[0.4827,0.5173],"evs":[0.0,-0.65404]},"88":{"weight":1.0,"played":[0.0,1.0],"evs":[0.0,6.7279]},"98o":{"weight":1.0,"played":[0.9998,2.0E-4],"evs":[0.0,-3.13432]},"T8o":{"weight":1.0,"played":[0.9999,1.0E-4],"evs":[0.0,-3.64821]},"J8o":{"weight":1.0,"played":[0.9975,0.0025],"evs":[0.0,-3.14909]},"Q8o":{"weight":1.0,"played":[0.9995,5.0E-4],"evs":[0.0,-4.28308]},"K8o":{"weight":1.0,"played":[0.9993,7.0E-4],"evs":[0.0,-3.70468]},"A8o":{"weight":1.0,"played":[0.9973,0.0027],"evs":[0.0,-3.54682]},"92s":{"weight":1.0,"played":[1.0,0.0],"evs":[0.0,-4.73645]},"93s":{"weight":1.0,"played":[1.0,0.0],"evs":[0.0,-4.23009]},"94s":{"weight":1.0,"played":[0.9998,2.0E-4],"evs":[0.0,-5.06015]},"95s":{"weight":1.0,"played":[0.9231,0.0769],"evs":[0.0,-3.60786]},"96s":{"weight":1.0,"played":[0.9719,0.0281],"evs":[0.0,-2.16179]},"97s":{"weight":1.0,"played":[0.3272,0.6728],"evs":[0.0,-0.26659]},"98s":{"weight":1.0,"played":[0.8895,0.1105],"evs":[0.0,-1.09758]},"99":{"weight":1.0,"played":[0.0,1.0],"evs":[0.0,6.50443]},"T9o":{"weight":1.0,"played":[0.9527,0.0473],"evs":[0.0,-1.38106]},"J9o":{"weight":1.0,"played":[0.9998,2.0E-4],"evs":[0.0,-2.64852]},"Q9o":{"weight":1.0,"played":[0.9998,2.0E-4],"evs":[0.0,-2.47386]},"K9o":{"weight":1.0,"played":[0.9998,2.0E-4],"evs":[0.0,-2.48884]},"A9o":{"weight":1.0,"played":[0.9912,0.0088],"evs":[0.0,-3.09872]},"T2s":{"weight":1.0,"played":[1.0,0.0],"evs":[0.0,-4.97307]},"T3s":{"weight":1.0,"played":[0.999,0.001],"evs":[0.0,-4.12728]},"T4s":{"weight":1.0,"played":[0.9964,0.0036],"evs":[0.0,-4.88771]},"T5s":{"weight":1.0,"played":[0.9985,0.0015],"evs":[0.0,-4.21865]},"T6s":{"weight":1.0,"played":[0.9999,1.0E-4],"evs":[0.0,-2.69841]},"T7s":{"weight":1.0,"played":[0.5746,0.4254],"evs":[0.0,-0.25354]},"T8s":{"weight":1.0,"played":[0.8236,0.1764],"evs":[0.0,-0.55714]},"T9s":{"weight":1.0,"played":[0.4851,0.5149],"evs":[0.0,-0.1777]},"TT":{"weight":1.0,"played":[0.0,1.0],"evs":[0.0,8.73178]},"JTo":{"weight":1.0,"played":[0.9999,1.0E-4],"evs":[0.0,-1.85663]},"QTo":{"weight":1.0,"played":[0.9997,3.0E-4],"evs":[0.0,-1.63526]},"KTo":{"weight":1.0,"played":[0.9982,0.0018],"evs":[0.0,-2.14138]},"ATo":{"weight":1.0,"played":[0.8334,0.1666],"evs":[0.0,-1.21843]},"J2s":{"weight":1.0,"played":[0.9999,1.0E-4],"evs":[0.0,-3.02029]},"J3s":{"weight":1.0,"played":[0.9995,5.0E-4],"evs":[0.0,-4.18733]},"J4s":{"weight":1.0,"played":[0.9917,0.0083],"evs":[0.0,-3.07045]},"J5s":{"weight":1.0,"played":[0.9806,0.0194],"evs":[0.0,-1.80553]},"J6s":{"weight":1.0,"played":[0.996,0.004],"evs":[0.0,-3.36864]},"J7s":{"weight":1.0,"played":[0.9867,0.0133],"evs":[0.0,-1.97945]},"J8s":{"weight":1.0,"played":[0.4347,0.5653],"evs":[0.0,-0.49036]},"J9s":{"weight":1.0,"played":[0.7935,0.2065],"evs":[0.0,-1.24654]},"JTs":{"weight":1.0,"played":[0.9201,0.0799],"evs":[0.0,-0.37742]},"JJ":{"weight":1.0,"played":[0.0,1.0],"evs":[0.0,13.49018]},"QJo":{"weight":1.0,"played":[0.9922,0.0078],"evs":[0.0,-1.44243]},"KJo":{"weight":1.0,"played":[0.6347,0.3653],"evs":[0.0,-0.11708]},"AJo":{"weight":1.0,"played":[0.0,1.0],"evs":[0.0,0.23209]},"Q2s":{"weight":1.0,"played":[0.9993,7.0E-4],"evs":[0.0,-4.20985]},"Q3s":{"weight":1.0,"played":[0.9777,0.0223],"evs":[0.0,-3.5667]},"Q4s":{"weight":1.0,"played":[0.9995,5.0E-4],"evs":[0.0,-4.01354]},"Q5s":{"weight":1.0,"played":[0.9999,1.0E-4],"evs":[0.0,-3.2298]},"Q6s":{"weight":1.0,"played":[0.9572,0.0428],"evs":[0.0,-2.18864]},"Q7s":{"weight":1.0,"played":[1.0,0.0],"evs":[0.0,-2.91885]},"Q8s":{"weight":1.0,"played":[0.7386,0.2614],"evs":[0.0,-0.70112]},"Q9s":{"weight":1.0,"played":[0.602,0.398],"evs":[0.0,-0.05246]},"QTs":{"weight":1.0,"played":[0.4512,0.5488],"evs":[0.0,0.27527]},"QJs":{"weight":1.0,"played":[0.5492,0.4508],"evs":[0.0,-0.95596]},"QQ":{"weight":1.0,"played":[0.0,1.0],"evs":[0.0,14.22238]},"KQo":{"weight":1.0,"played":[0.2709,0.7291],"evs":[0.0,0.50621]},"AQo":{"weight":1.0,"played":[7.0E-4,0.9993],"evs":[0.0,1.71019]},"K2s":{"weight":1.0,"played":[0.9995,5.0E-4],"evs":[0.0,-3.17648]},"K3s":{"weight":1.0,"played":[0.9882,0.0118],"evs":[0.0,-2.49667]},"K4s":{"weight":1.0,"played":[0.9854,0.0146],"evs":[0.0,-2.60404]},"K5s":{"weight":1.0,"played":[0.9994,6.0E-4],"evs":[0.0,-2.74137]},"K6s":{"weight":1.0,"played":[0.9348,0.0652],"evs":[0.0,-2.24948]},"K7s":{"weight":1.0,"played":[0.1531,0.8469],"evs":[0.0,-0.45539]},"K8s":{"weight":1.0,"played":[0.6342,0.3658],"evs":[0.0,-1.14223]},"K9s":{"weight":1.0,"played":[0.8502,0.1498],"evs":[0.0,-1.71111]},"KTs":{"weight":1.0,"played":[0.0289,0.9711],"evs":[0.0,3.10966]},"KJs":{"weight":1.0,"played":[0.0031,0.9969],"evs":[0.0,1.80658]},"KQs":{"weight":1.0,"played":[0.0047,0.9953],"evs":[0.0,2.65404]},"KK":{"weight":1.0,"played":[0.0,1.0],"evs":[0.0,21.53155]},"AKo":{"weight":1.0,"played":[1.0E-4,0.9999],"evs":[0.0,4.70242]},"A2s":{"weight":1.0,"played":[0.5422,0.4578],"evs":[0.0,-1.56316]},"A3s":{"weight":1.0,"played":[0.7219,0.2781],"evs":[0.0,-0.51209]},"A4s":{"weight":1.0,"played":[0.6807,0.3193],"evs":[0.0,-2.59042]},"A5s":{"weight":1.0,"played":[0.8374,0.1626],"evs":[0.0,-1.14241]},"A6s":{"weight":1.0,"played":[0.9535,0.0465],"evs":[0.0,-1.41905]},"A7s":{"weight":1.0,"played":[0.7757,0.2243],"evs":[0.0,-2.50645]},"A8s":{"weight":1.0,"played":[0.8944,0.1056],"evs":[0.0,-0.9324]},"A9s":{"weight":1.0,"played":[0.3029,0.6971],"evs":[0.0,-1.3205]},"ATs":{"weight":1.0,"played":[8.0E-4,0.9992],"evs":[0.0,2.54756]},"AJs":{"weight":1.0,"played":[1.0E-4,0.9999],"evs":[0.0,3.13809]},"AQs":{"weight":1.0,"played":[0.0039,0.9961],"evs":[0.0,3.90127]},"AKs":{"weight":1.0,"played":[0.0,1.0],"evs":[0.0,7.09783]},"AA":{"weight":1.0,"played":[0.0,1.0],"evs":[0.0,28.35443]}}}