{"player":3,"street":0,"children":2,"sequence":[{"player":0,"type":"R","amount":985000,"street":0},{"player":1,"type":"F","amount":0,"street":0},{"player":2,"type":"R","amount":1275000,"street":0}],"actions":[{"type":"F","amount":0,"node":185},{"type":"R","amount":2485000,"node":188}],"hands":{"22":{"weight":1.0,"played":[0.9314,0.0686],"evs":[0.0,-0.08952]},"32o":{"weight":1.0,"played":[1.0,0.0],"evs":[0.0,-3.89846]},"42o":{"weight":1.0,"played":[1.0,0.0],"evs":[0.0,-3.70688]},"52o":{"weight":1.0,"played":[1.0,0.0],"evs":[0.0,-3.35461]},"62o":{"weight":1.0,"played":[1.0,0.0],"evs":[0.0,-3.74604]},"72o":{"weight":1.0,"played":[1.0,0.0],"evs":[0.0,-4.22437]},"82o":{"weight":1.0,"played":[1.0,0.0],"evs":[0.0,-3.88671]},"92o":{"weight":1.0,"played":[1.0,0.0],"evs":[0.0,-3.82294]},"T2o":{"weight":1.0,"played":[1.0,0.0],"evs":[0.0,-3.9407]},"J2o":{"weight":1.0,"played":[1.0,0.0],"evs":[0.0,-3.92565]},"Q2o":{"weight":1.0,"played":[1.0,0.0],"evs":[0.0,-3.64255]},"K2o":{"weight":1.0,"played":[1.0,0.0],"evs":[0.0,-3.1179]},"A2o":{"weight":1.0,"played":[1.0,0.0],"evs":[0.0,-2.80277]},"32s":{"weight":1.0,"played":[1.0,0.0],"evs":[0.0,-2.09571]},"33":{"weight":1.0,"played":[0.3969,0.6031],"evs":[0.0,0.32323]},"43o":{"weight":1.0,"played":[1.0,0.0],"evs":[0.0,-3.0318]},"53o":{"weight":1.0,"played":[1.0,0.0],"evs":[0.0,-2.63682]},"63o":{"weight":1.0,"played":[1.0,0.0],"evs":[0.0,-3.0146]},"73o":{"weight":1.0,"played":[1.0,0.0],"evs":[0.0,-3.47762]},"83o":{"weight":1.0,"played":[1.0,0.0],"evs":[0.0,-3.93117]},"93o":{"weight":1.0,"played":[1.0,0.0],"evs":[0.0,-3.72697]},"T3o":{"weight":1.0,"played":[1.0,0.0],"evs":[0.0,-3.73144]},"J3o":{"weight":1.0,"played":[1.0,0.0],"evs":[0.0,-3.67601]},"Q3o":{"weight":1.0,"played":[1.0,0.0],"evs":[0.0,-3.38843]},"K3o":{"weight":1.0,"played":[1.0,0.0],"evs":[0.0,-2.87165]},"A3o":{"weight":1.0,"played":[1.0,0.0],"evs":[0.0,-2.57852]},"42s":{"weight":1.0,"played":[1.0,0.0],"evs":[0.0,-2.12092]},"43s":{"weight":1.0,"played":[1.0,0.0],"evs":[0.0,-1.45604]},"44":{"weight":1.0,"played":[6.0E-4,0.9994],"evs":[0.0,0.67898]},"54o":{"weight":1.0,"played":[1.0,0.0],"evs":[0.0,-2.05486]},"64o":{"weight":1.0,"played":[1.0,0.0],"evs":[0.0,-2.37168]},"74o":{"weight":1.0,"played":[1.0,0.0],"evs":[0.0,-2.84656]},"84o":{"weight":1.0,"played":[1.0,0.0],"evs":[0.0,-3.16717]},"94o":{"weight":1.0,"played":[1.0,0.0],"evs":[0.0,-3.61493]},"T4o":{"weight":1.0,"played":[1.0,0.0],"evs":[0.0,-3.60735]},"J4o":{"weight":1.0,"played":[1.0,0.0],"evs":[0.0,-3.53535]},"Q4o":{"weight":1.0,"played":[1.0,0.0],"evs":[0.0,-3.13207]},"K4o":{"weight":1.0,"played":[1.0,0.0],"evs":[0.0,-2.73184]},"A4o":{"weight":1.0,"played":[1.0,0.0],"evs":[0.0,-2.36543]},"52s":{"weight":1.0,"played":[1.0,0.0],"evs":[0.0,-1.65295]},"53s":{"weight":1.0,"played":[1.0,0.0],"evs":[0.0,-1.24531]},"54s":{"weight":1.0,"played":[0.999,0.001],"evs":[0.0,-0.63163]},"55":{"weight":1.0,"played":[0.0,1.0],"evs":[0.0,1.40765]},"65o":{"weight":1.0,"played":[1.0,0.0],"evs":[0.0,-1.67309]},"75o":{"weight":1.0,"played":[1.0,0.0],"evs":[0.0,-2.08999]},"85o":{"weight":1.0,"played":[1.0,0.0],"evs":[0.0,-2.38451]},"95o":{"weight":1.0,"played":[1.0,0.0],"evs":[0.0,-2.7975]},"T5o":{"weight":1.0,"played":[1.0,0.0],"evs":[0.0,-3.42293]},"J5o":{"weight":1.0,"played":[1.0,0.0],"evs":[0.0,-3.25605]},"Q5o":{"weight":1.0,"played":[1.0,0.0],"evs":[0.0,-2.97005]},"K5o":{"weight":1.0,"played":[1.0,0.0],"evs":[0.0,-2.47991]},"A5o":{"weight":1.0,"played":[1.0,0.0],"evs":[0.0,-2.08226]},"62s":{"weight":1.0,"played":[1.0,0.0],"evs":[0.0,-1.87656]},"63s":{"weight":1.0,"played":[1.0,0.0],"evs":[0.0,-1.3992]},"64s":{"weight":1.0,"played":[0.9988,0.0012],"evs":[0.0,-0.75125]},"65s":{"weight":1.0,"played":[1.0,0.0],"evs":[0.0,-0.04312]},"66":{"weight":1.0,"played":[0.0,1.0],"evs":[0.0,2.46805]},"76o":{"weight":1.0,"played":[1.0,0.0],"evs":[0.0,-1.48509]},"86o":{"weight":1.0,"played":[1.0,0.0],"evs":[0.0,-1.81448]},"96o":{"weight":1.0,"played":[1.0,0.0],"evs":[0.0,-2.11938]},"T6o":{"weight":1.0,"played":[1.0,0.0],"evs":[0.0,-2.62712]},"J6o":{"weight":1.0,"played":[1.0,0.0],"evs":[0.0,-2.99223]},"Q6o":{"weight":1.0,"played":[1.0,0.0],"evs":[0.0,-2.5968]},"K6o":{"weight":1.0,"played":[1.0,0.0],"evs":[0.0,-2.19486]},"A6o":{"weight":1.0,"played":[1.0,0.0],"evs":[0.0,-2.50957]},"72s":{"weight":1.0,"played":[1.0,0.0],"evs":[0.0,-2.56564]},"73s":{"weight":1.0,"played":[1.0,0.0],"evs":[0.0,-1.85593]},"74s":{"weight":1.0,"played":[1.0,0.0],"evs":[0.0,-1.10668]},"75s":{"weight":1.0,"played":[0.9999,1.0E-4],"evs":[0.0,-0.47153]},"76s":{"weight":1.0,"played":[0.5139,0.4861],"evs":[0.0,0.17004]},"77":{"weight":1.0,"played":[0.0,1.0],"evs":[0.0,3.18101]},"87o":{"weight":1.0,"played":[1.0,0.0],"evs":[0.0,-1.32115]},"97o":{"weight":1.0,"played":[1.0,0.0],"evs":[0.0,-1.71222]},"T7o":{"weight":1.0,"played":[1.0,0.0],"evs":[0.0,-2.12855]},"J7o":{"weight":1.0,"played":[1.0,0.0],"evs":[0.0,-2.53412]},"Q7o":{"weight":1.0,"played":[1.0,0.0],"evs":[0.0,-2.6553]},"K7o":{"weight":1.0,"played":[1.0,0.0],"evs":[0.0,-2.20376]},"A7o":{"weight":1.0,"played":[0.9999,1.0E-4],"evs":[0.0,-2.10266]},"82s":{"weight":1.0,"played":[1.0,0.0],"evs":[0.0,-2.29133]},"83s":{"weight":1.0,"played":[1.0,0.0],"evs":[0.0,-2.28895]},"84s":{"weight":1.0,"played":[1.0,0.0],"evs":[0.0,-1.57208]},"85s":{"weight":1.0,"played":[0.9999,1.0E-4],"evs":[0.0,-0.78092]},"86s":{"weight":1.0,"played":[0.9993,7.0E-4],"evs":[0.0,-0.22724]},"87s":{"weight":1.0,"played":[0.3037,0.6963],"evs":[0.0,0.26056]},"88":{"weight":1.0,"played":[0.0,1.0],"evs":[0.0,4.25187]},"98o":{"weight":1.0,"played":[1.0,0.0],"evs":[0.0,-1.12386]},"T8o":{"weight":1.0,"played":[1.0,0.0],"evs":[0.0,-1.49249]},"J8o":{"weight":1.0,"played":[1.0,0.0],"evs":[0.0,-1.94887]},"Q8o":{"weight":1.0,"played":[1.0,0.0],"evs":[0.0,-2.25471]},"K8o":{"weight":1.0,"played":[1.0,0.0],"evs":[0.0,-1.9583]},"A8o":{"weight":1.0,"played":[1.0,0.0],"evs":[0.0,-1.81094]},"92s":{"weight":1.0,"played":[1.0,0.0],"evs":[0.0,-2.03066]},"93s":{"weight":1.0,"played":[1.0,0.0],"evs":[0.0,-1.99211]},"94s":{"weight":1.0,"played":[1.0,0.0],"evs":[0.0,-1.81514]},"95s":{"weight":1.0,"played":[0.9997,3.0E-4],"evs":[0.0,-1.16408]},"96s":{"weight":1.0,"played":[0.9998,2.0E-4],"evs":[0.0,-0.6528]},"97s":{"weight":1.0,"played":[0.9555,0.0445],"evs":[0.0,-0.12169]},"98s":{"weight":1.0,"played":[0.5726,0.4274],"evs":[0.0,0.41492]},"99":{"weight":1.0,"played":[0.0,1.0],"evs":[0.0,5.28233]},"T9o":{"weight":1.0,"played":[1.0,0.0],"evs":[0.0,-1.05335]},"J9o":{"weight":1.0,"played":[1.0,0.0],"evs":[0.0,-1.27614]},"Q9o":{"weight":1.0,"played":[1.0,0.0],"evs":[0.0,-1.5651]},"K9o":{"weight":1.0,"played":[1.0,0.0],"evs":[0.0,-1.47996]},"A9o":{"weight":1.0,"played":[0.9997,3.0E-4],"evs":[0.0,-1.26993]},"T2s":{"weight":1.0,"played":[1.0,0.0],"evs":[0.0,-2.41879]},"T3s":{"weight":1.0,"played":[1.0,0.0],"evs":[0.0,-1.9625]},"T4s":{"weight":1.0,"played":[1.0,0.0],"evs":[0.0,-1.76198]},"T5s":{"weight":1.0,"played":[1.0,0.0],"evs":[0.0,-1.71754]},"T6s":{"weight":1.0,"played":[0.9999,1.0E-4],"evs":[0.0,-1.10665]},"T7s":{"weight":1.0,"played":[0.9993,7.0E-4],"evs":[0.0,-0.56792]},"T8s":{"weight":1.0,"played":[0.9972,0.0028],"evs":[0.0,-0.10461]},"T9s":{"weight":1.0,"played":[0.0059,0.9941],"evs":[0.0,0.57411]},"TT":{"weight":1.0,"played":[0.0,1.0],"evs":[0.0,6.95722]},"JTo":{"weight":1.0,"played":[0.9998,2.0E-4],"evs":[0.0,-0.75774]},"QTo":{"weight":1.0,"played":[0.9998,2.0E-4],"evs":[0.0,-0.97194]},"KTo":{"weight":1.0,"played":[0.9993,7.0E-4],"evs":[0.0,-0.81507]},"ATo":{"weight":1.0,"played":[0.3526,0.6474],"evs":[0.0,-0.0359]},"J2s":{"weight":1.0,"played":[1.0,0.0],"evs":[0.0,-2.0512]},"J3s":{"weight":1.0,"played":[1.0,0.0],"evs":[0.0,-2.15825]},"J4s":{"weight":1.0,"played":[1.0,0.0],"evs":[0.0,-1.67559]},"J5s":{"weight":1.0,"played":[1.0,0.0],"evs":[0.0,-1.45106]},"J6s":{"weight":1.0,"played":[0.9999,1.0E-4],"evs":[0.0,-1.55851]},"J7s":{"weight":1.0,"played":[0.998,0.002],"evs":[0.0,-0.81557]},"J8s":{"weight":1.0,"played":[0.9948,0.0052],"evs":[0.0,-0.14971]},"J9s":{"weight":1.0,"played":[0.3093,0.6907],"evs":[0.0,0.47163]},"JTs":{"weight":1.0,"played":[2.0E-4,0.9998],"evs":[0.0,0.69376]},"JJ":{"weight":1.0,"played":[0.0,1.0],"evs":[0.0,8.92273]},"QJo":{"weight":1.0,"played":[0.9997,3.0E-4],"evs":[0.0,-0.66392]},"KJo":{"weight":1.0,"played":[0.9548,0.0452],"evs":[0.0,-0.41318]},"AJo":{"weight":1.0,"played":[0.0,1.0],"evs":[0.0,1.28418]},"Q2s":{"weight":1.0,"played":[1.0,0.0],"evs":[0.0,-1.60752]},"Q3s":{"weight":1.0,"played":[1.0,0.0],"evs":[0.0,-1.77288]},"Q4s":{"weight":1.0,"played":[1.0,0.0],"evs":[0.0,-1.6346]},"Q5s":{"weight":1.0,"played":[0.9998,2.0E-4],"evs":[0.0,-1.28869]},"Q6s":{"weight":1.0,"played":[1.0,0.0],"evs":[0.0,-0.99735]},"Q7s":{"weight":1.0,"played":[0.9992,8.0E-4],"evs":[0.0,-0.80479]},"Q8s":{"weight":1.0,"played":[0.9987,0.0013],"evs":[0.0,-0.28833]},"Q9s":{"weight":1.0,"played":[0.4611,0.5389],"evs":[0.0,0.04817]},"QTs":{"weight":1.0,"played":[1.0E-4,0.9999],"evs":[0.0,0.72949]},"QJs":{"weight":1.0,"played":[4.0E-4,0.9996],"evs":[0.0,0.71634]},"QQ":{"weight":1.0,"played":[0.0,1.0],"evs":[0.0,11.93]},"KQo":{"weight":1.0,"played":[0.0,1.0],"evs":[0.0,0.60064]},"AQo":{"weight":1.0,"played":[0.0,1.0],"evs":[0.0,3.36461]},"K2s":{"weight":1.0,"played":[1.0,0.0],"evs":[0.0,-1.16101]},"K3s":{"weight":1.0,"played":[0.9994,6.0E-4],"evs":[0.0,-1.12016]},"K4s":{"weight":1.0,"played":[0.9999,1.0E-4],"evs":[0.0,-0.97957]},"K5s":{"weight":1.0,"played":[1.0,0.0],"evs":[0.0,-0.6977]},"K6s":{"weight":1.0,"played":[0.9994,6.0E-4],"evs":[0.0,-0.48256]},"K7s":{"weight":1.0,"played":[0.9477,0.0523],"evs":[0.0,-0.30953]},"K8s":{"weight":1.0,"played":[0.9992,8.0E-4],"evs":[0.0,-0.36563]},"K9s":{"weight":1.0,"played":[0.1751,0.8249],"evs":[0.0,0.16005]},"KTs":{"weight":1.0,"played":[0.0,1.0],"evs":[0.0,0.68076]},"KJs":{"weight":1.0,"played":[0.0,1.0],"evs":[0.0,1.10015]},"KQs":{"weight":1.0,"played":[0.0,1.0],"evs":[0.0,2.04486]},"KK":{"weight":1.0,"played":[0.0,1.0],"evs":[0.0,15.40556]},"AKo":{"weight":1.0,"played":[0.0,1.0],"evs":[0.0,5.52781]},"A2s":{"weight":1.0,"played":[0.9996,4.0E-4],"evs":[0.0,-1.14461]},"A3s":{"weight":1.0,"played":[0.9971,0.0029],"evs":[0.0,-0.94476]},"A4s":{"weight":1.0,"played":[0.9969,0.0031],"evs":[0.0,-0.65115]},"A5s":{"weight":1.0,"played":[0.8716,0.1284],"evs":[0.0,-0.3375]},"A6s":{"weight":1.0,"played":[0.9984,0.0016],"evs":[0.0,-0.60428]},"A7s":{"weight":1.0,"played":[0.8848,0.1152],"evs":[0.0,-0.41442]},"A8s":{"weight":1.0,"played":[0.4488,0.5512],"evs":[0.0,0.00201]},"A9s":{"weight":1.0,"played":[0.0,1.0],"evs":[0.0,0.48214]},"ATs":{"weight":1.0,"played":[0.0,1.0],"evs":[0.0,1.40186]},"AJs":{"weight":1.0,"played":[0.0,1.0],"evs":[0.0,3.10566]},"AQs":{"weight":1.0,"played":[0.0,1.0],"evs":[0.0,5.12832]},"AKs":{"weight":1.0,"played":[0.0,1.0],"evs":[0.0,6.95515]},"AA":{"weight":1.0,"played":[0.0,1.0],"evs":[0.0,19.96058]}}}