{"player":5,"street":0,"children":2,"sequence":[{"player":0,"type":"R","amount":985000,"street":0},{"player":1,"type":"F","amount":0,"street":0},{"player":2,"type":"R","amount":1275000,"street":0},{"player":3,"type":"F","amount":0,"street":0},{"player":4,"type":"R","amount":2985000,"street":0}],"actions":[{"type":"F","amount":0},{"type":"C","amount":2885000}],"hands":{"22":{"weight":1.0,"played":[0.9987,0.0013],"evs":[0.0,-2.01899]},"32o":{"weight":1.0,"played":[1.0,0.0],"evs":[0.0,-8.66649]},"42o":{"weight":1.0,"played":[1.0,0.0],"evs":[0.0,-8.10507]},"52o":{"weight":1.0,"played":[1.0,0.0],"evs":[0.0,-7.71028]},"62o":{"weight":1.0,"played":[1.0,0.0],"evs":[0.0,-8.51032]},"72o":{"weight":1.0,"played":[1.0,0.0],"evs":[0.0,-9.07543]},"82o":{"weight":1.0,"played":[1.0,0.0],"evs":[0.0,-8.48502]},"92o":{"weight":1.0,"played":[1.0,0.0],"evs":[0.0,-8.49159]},"T2o":{"weight":1.0,"played":[1.0,0.0],"evs":[0.0,-8.12733]},"J2o":{"weight":1.0,"played":[1.0,0.0],"evs":[0.0,-7.95655]},"Q2o":{"weight":1.0,"played":[1.0,0.0],"evs":[0.0,-7.71597]},"K2o":{"weight":1.0,"played":[1.0,0.0],"evs":[0.0,-6.47937]},"A2o":{"weight":1.0,"played":[1.0,0.0],"evs":[0.0,-5.60836]},"32s":{"weight":1.0,"played":[1.0,0.0],"evs":[0.0,-6.00553]},"33":{"weight":1.0,"played":[0.9999,1.0E-4],"evs":[0.0,-1.27904]},"43o":{"weight":1.0,"played":[1.0,0.0],"evs":[0.0,-6.83107]},"53o":{"weight":1.0,"played":[1.0,0.0],"evs":[0.0,-6.52993]},"63o":{"weight":1.0,"played":[1.0,0.0],"evs":[0.0,-7.18405]},"73o":{"weight":1.0,"played":[1.0,0.0],"evs":[0.0,-8.05708]},"83o":{"weight":1.0,"played":[1.0,0.0],"evs":[0.0,-8.27391]},"93o":{"weight":1.0,"played":[1.0,0.0],"evs":[0.0,-7.72628]},"T3o":{"weight":1.0,"played":[1.0,0.0],"evs":[0.0,-7.95827]},"J3o":{"weight":1.0,"played":[1.0,0.0],"evs":[0.0,-7.40968]},"Q3o":{"weight":1.0,"played":[1.0,0.0],"evs":[0.0,-6.72445]},"K3o":{"weight":1.0,"played":[1.0,0.0],"evs":[0.0,-6.36607]},"A3o":{"weight":1.0,"played":[0.9998,2.0E-4],"evs":[0.0,-4.82306]},"42s":{"weight":1.0,"played":[0.9999,1.0E-4],"evs":[0.0,-5.78684]},"43s":{"weight":1.0,"played":[0.9999,1.0E-4],"evs":[0.0,-4.58638]},"44":{"weight":1.0,"played":[0.5252,0.4748],"evs":[0.0,0.12404]},"54o":{"weight":1.0,"played":[1.0,0.0],"evs":[0.0,-5.35655]},"64o":{"weight":1.0,"played":[1.0,0.0],"evs":[0.0,-6.14167]},"74o":{"weight":1.0,"played":[1.0,0.0],"evs":[0.0,-6.81309]},"84o":{"weight":1.0,"played":[1.0,0.0],"evs":[0.0,-7.33662]},"94o":{"weight":1.0,"played":[1.0,0.0],"evs":[0.0,-7.31457]},"T4o":{"weight":1.0,"played":[1.0,0.0],"evs":[0.0,-7.52904]},"J4o":{"weight":1.0,"played":[1.0,0.0],"evs":[0.0,-7.04065]},"Q4o":{"weight":1.0,"played":[1.0,0.0],"evs":[0.0,-6.54768]},"K4o":{"weight":1.0,"played":[1.0,0.0],"evs":[0.0,-6.07563]},"A4o":{"weight":1.0,"played":[1.0,0.0],"evs":[0.0,-4.45566]},"52s":{"weight":1.0,"played":[1.0,0.0],"evs":[0.0,-4.80925]},"53s":{"weight":1.0,"played":[0.9999,1.0E-4],"evs":[0.0,-3.74097]},"54s":{"weight":1.0,"played":[0.9999,1.0E-4],"evs":[0.0,-2.94897]},"55":{"weight":1.0,"played":[0.0,1.0],"evs":[0.0,1.36177]},"65o":{"weight":1.0,"played":[1.0,0.0],"evs":[0.0,-4.74748]},"75o":{"weight":1.0,"played":[1.0,0.0],"evs":[0.0,-5.4349]},"85o":{"weight":1.0,"played":[1.0,0.0],"evs":[0.0,-6.11346]},"95o":{"weight":1.0,"played":[1.0,0.0],"evs":[0.0,-6.36376]},"T5o":{"weight":1.0,"played":[1.0,0.0],"evs":[0.0,-7.52085]},"J5o":{"weight":1.0,"played":[1.0,0.0],"evs":[0.0,-6.85822]},"Q5o":{"weight":1.0,"played":[1.0,0.0],"evs":[0.0,-6.38523]},"K5o":{"weight":1.0,"played":[1.0,0.0],"evs":[0.0,-5.14798]},"A5o":{"weight":1.0,"played":[1.0,0.0],"evs":[0.0,-3.65685]},"62s":{"weight":1.0,"played":[1.0,0.0],"evs":[0.0,-5.74362]},"63s":{"weight":1.0,"played":[0.9999,1.0E-4],"evs":[0.0,-4.57749]},"64s":{"weight":1.0,"played":[0.9999,1.0E-4],"evs":[0.0,-3.25954]},"65s":{"weight":1.0,"played":[0.9998,2.0E-4],"evs":[0.0,-2.50623]},"66":{"weight":1.0,"played":[1.0E-4,0.9999],"evs":[0.0,2.93171]},"76o":{"weight":1.0,"played":[1.0,0.0],"evs":[0.0,-4.54666]},"86o":{"weight":1.0,"played":[1.0,0.0],"evs":[0.0,-4.88852]},"96o":{"weight":1.0,"played":[1.0,0.0],"evs":[0.0,-5.49052]},"T6o":{"weight":1.0,"played":[1.0,0.0],"evs":[0.0,-5.84173]},"J6o":{"weight":1.0,"played":[1.0,0.0],"evs":[0.0,-6.61651]},"Q6o":{"weight":1.0,"played":[1.0,0.0],"evs":[0.0,-5.84434]},"K6o":{"weight":1.0,"played":[1.0,0.0],"evs":[0.0,-4.75917]},"A6o":{"weight":1.0,"played":[0.9999,1.0E-4],"evs":[0.0,-4.44329]},"72s":{"weight":1.0,"played":[1.0,0.0],"evs":[0.0,-6.08006]},"73s":{"weight":1.0,"played":[1.0,0.0],"evs":[0.0,-5.05392]},"74s":{"weight":1.0,"played":[0.9999,1.0E-4],"evs":[0.0,-3.37022]},"75s":{"weight":1.0,"played":[0.9999,1.0E-4],"evs":[0.0,-3.3672]},"76s":{"weight":1.0,"played":[0.9999,1.0E-4],"evs":[0.0,-2.35981]},"77":{"weight":1.0,"played":[0.0,1.0],"evs":[0.0,4.12787]},"87o":{"weight":1.0,"played":[1.0,0.0],"evs":[0.0,-4.23161]},"97o":{"weight":1.0,"played":[1.0,0.0],"evs":[0.0,-4.56886]},"T7o":{"weight":1.0,"played":[0.9999,1.0E-4],"evs":[0.0,-5.42616]},"J7o":{"weight":1.0,"played":[1.0,0.0],"evs":[0.0,-5.80237]},"Q7o":{"weight":1.0,"played":[1.0,0.0],"evs":[0.0,-5.73737]},"K7o":{"weight":1.0,"played":[1.0,0.0],"evs":[0.0,-4.56267]},"A7o":{"weight":1.0,"played":[1.0,0.0],"evs":[0.0,-3.39969]},"82s":{"weight":1.0,"played":[1.0,0.0],"evs":[0.0,-5.74561]},"83s":{"weight":1.0,"played":[1.0,0.0],"evs":[0.0,-5.97835]},"84s":{"weight":1.0,"played":[0.9997,3.0E-4],"evs":[0.0,-4.83459]},"85s":{"weight":1.0,"played":[0.9999,1.0E-4],"evs":[0.0,-3.18587]},"86s":{"weight":1.0,"played":[1.0,0.0],"evs":[0.0,-3.08242]},"87s":{"weight":1.0,"played":[0.9946,0.0054],"evs":[0.0,-2.35683]},"88":{"weight":1.0,"played":[0.0,1.0],"evs":[0.0,5.96125]},"98o":{"weight":1.0,"played":[1.0,0.0],"evs":[0.0,-3.73719]},"T8o":{"weight":1.0,"played":[0.9998,2.0E-4],"evs":[0.0,-4.29189]},"J8o":{"weight":1.0,"played":[1.0,0.0],"evs":[0.0,-4.75983]},"Q8o":{"weight":1.0,"played":[1.0,0.0],"evs":[0.0,-4.77883]},"K8o":{"weight":1.0,"played":[1.0,0.0],"evs":[0.0,-3.95318]},"A8o":{"weight":1.0,"played":[0.9999,1.0E-4],"evs":[0.0,-3.18449]},"92s":{"weight":1.0,"played":[1.0,0.0],"evs":[0.0,-5.87278]},"93s":{"weight":1.0,"played":[0.9998,2.0E-4],"evs":[0.0,-5.65109]},"94s":{"weight":1.0,"played":[0.9999,1.0E-4],"evs":[0.0,-4.96347]},"95s":{"weight":1.0,"played":[0.9999,1.0E-4],"evs":[0.0,-4.76917]},"96s":{"weight":1.0,"played":[0.9996,4.0E-4],"evs":[0.0,-2.83489]},"97s":{"weight":1.0,"played":[0.9976,0.0024],"evs":[0.0,-2.59218]},"98s":{"weight":1.0,"played":[0.9998,2.0E-4],"evs":[0.0,-1.19862]},"99":{"weight":1.0,"played":[0.0,1.0],"evs":[0.0,7.62844]},"T9o":{"weight":1.0,"played":[0.9999,1.0E-4],"evs":[0.0,-2.96911]},"J9o":{"weight":1.0,"played":[1.0,0.0],"evs":[0.0,-3.54641]},"Q9o":{"weight":1.0,"played":[0.9999,1.0E-4],"evs":[0.0,-3.80681]},"K9o":{"weight":1.0,"played":[0.9996,4.0E-4],"evs":[0.0,-2.85959]},"A9o":{"weight":1.0,"played":[0.9974,0.0026],"evs":[0.0,-2.05523]},"T2s":{"weight":1.0,"played":[0.9999,1.0E-4],"evs":[0.0,-5.41545]},"T3s":{"weight":1.0,"played":[1.0,0.0],"evs":[0.0,-5.0062]},"T4s":{"weight":1.0,"played":[1.0,0.0],"evs":[0.0,-4.92516]},"T5s":{"weight":1.0,"played":[1.0,0.0],"evs":[0.0,-4.29112]},"T6s":{"weight":1.0,"played":[0.9999,1.0E-4],"evs":[0.0,-3.71591]},"T7s":{"weight":1.0,"played":[0.9996,4.0E-4],"evs":[0.0,-2.58479]},"T8s":{"weight":1.0,"played":[0.9952,0.0048],"evs":[0.0,-1.62481]},"T9s":{"weight":1.0,"played":[0.9362,0.0638],"evs":[0.0,-1.05995]},"TT":{"weight":1.0,"played":[0.0,1.0],"evs":[0.0,10.46012]},"JTo":{"weight":1.0,"played":[0.9998,2.0E-4],"evs":[0.0,-2.65842]},"QTo":{"weight":1.0,"played":[0.9999,1.0E-4],"evs":[0.0,-2.80348]},"KTo":{"weight":1.0,"played":[0.9985,0.0015],"evs":[0.0,-1.65457]},"ATo":{"weight":1.0,"played":[0.8138,0.1862],"evs":[0.0,-0.71614]},"J2s":{"weight":1.0,"played":[0.9999,1.0E-4],"evs":[0.0,-5.39701]},"J3s":{"weight":1.0,"played":[0.9999,1.0E-4],"evs":[0.0,-5.09964]},"J4s":{"weight":1.0,"played":[1.0,0.0],"evs":[0.0,-4.51077]},"J5s":{"weight":1.0,"played":[0.9997,3.0E-4],"evs":[0.0,-3.76748]},"J6s":{"weight":1.0,"played":[0.9998,2.0E-4],"evs":[0.0,-4.02376]},"J7s":{"weight":1.0,"played":[1.0,0.0],"evs":[0.0,-3.86594]},"J8s":{"weight":1.0,"played":[0.9997,3.0E-4],"evs":[0.0,-2.19743]},"J9s":{"weight":1.0,"played":[0.9958,0.0042],"evs":[0.0,-1.25052]},"JTs":{"weight":1.0,"played":[0.9821,0.0179],"evs":[0.0,-0.42701]},"JJ":{"weight":1.0,"played":[0.0,1.0],"evs":[0.0,13.77725]},"QJo":{"weight":1.0,"played":[0.9999,1.0E-4],"evs":[0.0,-2.31783]},"KJo":{"weight":1.0,"played":[0.9891,0.0109],"evs":[0.0,-0.7515]},"AJo":{"weight":1.0,"played":[0.0,1.0],"evs":[0.0,1.21505]},"Q2s":{"weight":1.0,"played":[0.9994,6.0E-4],"evs":[0.0,-3.97158]},"Q3s":{"weight":1.0,"played":[0.9995,5.0E-4],"evs":[0.0,-4.28388]},"Q4s":{"weight":1.0,"played":[0.9968,0.0032],"evs":[0.0,-3.35964]},"Q5s":{"weight":1.0,"played":[0.9995,5.0E-4],"evs":[0.0,-3.54471]},"Q6s":{"weight":1.0,"played":[0.9992,8.0E-4],"evs":[0.0,-2.43023]},"Q7s":{"weight":1.0,"played":[0.9959,0.0041],"evs":[0.0,-2.82504]},"Q8s":{"weight":1.0,"played":[0.9993,7.0E-4],"evs":[0.0,-1.92927]},"Q9s":{"weight":1.0,"played":[0.9978,0.0022],"evs":[0.0,-0.87437]},"QTs":{"weight":1.0,"played":[0.8976,0.1024],"evs":[0.0,-0.34898]},"QJs":{"weight":1.0,"played":[0.1159,0.8841],"evs":[0.0,0.4857]},"QQ":{"weight":1.0,"played":[0.0,1.0],"evs":[0.0,17.68819]},"KQo":{"weight":1.0,"played":[3.0E-4,0.9997],"evs":[0.0,0.64523]},"AQo":{"weight":1.0,"played":[0.0,1.0],"evs":[0.0,3.25993]},"K2s":{"weight":1.0,"played":[0.9996,4.0E-4],"evs":[0.0,-3.40287]},"K3s":{"weight":1.0,"played":[0.9996,4.0E-4],"evs":[0.0,-3.95419]},"K4s":{"weight":1.0,"played":[1.0,0.0],"evs":[0.0,-3.05651]},"K5s":{"weight":1.0,"played":[0.9993,7.0E-4],"evs":[0.0,-2.46522]},"K6s":{"weight":1.0,"played":[0.9999,1.0E-4],"evs":[0.0,-2.1942]},"K7s":{"weight":1.0,"played":[1.0,0.0],"evs":[0.0,-2.01375]},"K8s":{"weight":1.0,"played":[1.0,0.0],"evs":[0.0,-1.48685]},"K9s":{"weight":1.0,"played":[0.9888,0.0112],"evs":[0.0,-0.75497]},"KTs":{"weight":1.0,"played":[6.0E-4,0.9994],"evs":[0.0,1.9693]},"KJs":{"weight":1.0,"played":[0.0,1.0],"evs":[0.0,1.54711]},"KQs":{"weight":1.0,"played":[2.0E-4,0.9998],"evs":[0.0,2.04439]},"KK":{"weight":1.0,"played":[0.0,1.0],"evs":[0.0,22.47805]},"AKo":{"weight":1.0,"played":[0.0,1.0],"evs":[0.0,5.80011]},"A2s":{"weight":1.0,"played":[0.9995,5.0E-4],"evs":[0.0,-1.91309]},"A3s":{"weight":1.0,"played":[0.995,0.005],"evs":[0.0,-1.4939]},"A4s":{"weight":1.0,"played":[0.9981,0.0019],"evs":[0.0,-0.91782]},"A5s":{"weight":1.0,"played":[0.9343,0.0657],"evs":[0.0,-0.81552]},"A6s":{"weight":1.0,"played":[0.9909,0.0091],"evs":[0.0,-1.56193]},"A7s":{"weight":1.0,"played":[0.9956,0.0044],"evs":[0.0,-0.7139]},"A8s":{"weight":1.0,"played":[0.7747,0.2253],"evs":[0.0,-0.63248]},"A9s":{"weight":1.0,"played":[0.0619,0.9381],"evs":[0.0,0.40384]},"ATs":{"weight":1.0,"played":[0.0,1.0],"evs":[0.0,2.61102]},"AJs":{"weight":1.0,"played":[0.0,1.0],"evs":[0.0,3.90927]},"AQs":{"weight":1.0,"played":[0.0,1.0],"evs":[0.0,5.69652]},"AKs":{"weight":1.0,"played":[0.0,1.0],"evs":[0.0,8.25596]},"AA":{"weight":1.0,"played":[0.0,1.0],"evs":[0.0,29.10847]}}}