{"player":3,"street":0,"children":3,"sequence":[{"player":0,"type":"R","amount":985000,"street":0},{"player":1,"type":"C","amount":985000,"street":0},{"player":2,"type":"F","amount":0,"street":0}],"actions":[{"type":"F","amount":0,"node":193},{"type":"C","amount":985000,"node":198},{"type":"R","amount":2485000,"node":204}],"hands":{"22":{"weight":1.0,"played":[1.0,0.0,0.0],"evs":[0.0,-1.20223,-1.20694]},"32o":{"weight":1.0,"played":[1.0,0.0,0.0],"evs":[0.0,-3.40588,-3.66634]},"42o":{"weight":1.0,"played":[1.0,0.0,0.0],"evs":[0.0,-3.23969,-3.46566]},"52o":{"weight":1.0,"played":[1.0,0.0,0.0],"evs":[0.0,-3.12095,-3.31602]},"62o":{"weight":1.0,"played":[1.0,0.0,0.0],"evs":[0.0,-3.26717,-3.52762]},"72o":{"weight":1.0,"played":[1.0,0.0,0.0],"evs":[0.0,-3.58699,-3.95032]},"82o":{"weight":1.0,"played":[1.0,0.0,0.0],"evs":[0.0,-3.47939,-3.77583]},"92o":{"weight":1.0,"played":[1.0,0.0,0.0],"evs":[0.0,-3.38121,-3.6535]},"T2o":{"weight":1.0,"played":[1.0,0.0,0.0],"evs":[0.0,-3.451,-3.70497]},"J2o":{"weight":1.0,"played":[1.0,0.0,0.0],"evs":[0.0,-3.27303,-3.48927]},"Q2o":{"weight":1.0,"played":[1.0,0.0,0.0],"evs":[0.0,-3.21806,-3.45083]},"K2o":{"weight":1.0,"played":[1.0,0.0,0.0],"evs":[0.0,-2.9084,-3.01674]},"A2o":{"weight":1.0,"played":[1.0,0.0,0.0],"evs":[0.0,-2.87453,-3.02053]},"32s":{"weight":1.0,"played":[1.0,0.0,0.0],"evs":[0.0,-2.43218,-2.39525]},"33":{"weight":1.0,"played":[0.9999,0.0,1.0E-4],"evs":[0.0,-1.01329,-1.01515]},"43o":{"weight":1.0,"played":[1.0,0.0,0.0],"evs":[0.0,-2.86295,-2.98889]},"53o":{"weight":1.0,"played":[1.0,0.0,0.0],"evs":[0.0,-2.6397,-2.73185]},"63o":{"weight":1.0,"played":[1.0,0.0,0.0],"evs":[0.0,-2.85787,-3.00221]},"73o":{"weight":1.0,"played":[1.0,0.0,0.0],"evs":[0.0,-3.17827,-3.4502]},"83o":{"weight":1.0,"played":[1.0,0.0,0.0],"evs":[0.0,-3.42788,-3.71547]},"93o":{"weight":1.0,"played":[1.0,0.0,0.0],"evs":[0.0,-3.27206,-3.52835]},"T3o":{"weight":1.0,"played":[1.0,0.0,0.0],"evs":[0.0,-3.3088,-3.54315]},"J3o":{"weight":1.0,"played":[1.0,0.0,0.0],"evs":[0.0,-3.2169,-3.39432]},"Q3o":{"weight":1.0,"played":[1.0,0.0,0.0],"evs":[0.0,-3.04225,-3.24801]},"K3o":{"weight":1.0,"played":[1.0,0.0,0.0],"evs":[0.0,-2.80512,-2.91991]},"A3o":{"weight":1.0,"played":[1.0,0.0,0.0],"evs":[0.0,-2.73461,-2.85867]},"42s":{"weight":1.0,"played":[1.0,0.0,0.0],"evs":[0.0,-2.15455,-2.15941]},"43s":{"weight":1.0,"played":[1.0,0.0,0.0],"evs":[0.0,-1.70471,-1.7157]},"44":{"weight":1.0,"played":[1.0,0.0,0.0],"evs":[0.0,-0.50791,-0.51691]},"54o":{"weight":1.0,"played":[1.0,0.0,0.0],"evs":[0.0,-2.18375,-2.18897]},"64o":{"weight":1.0,"played":[1.0,0.0,0.0],"evs":[0.0,-2.48276,-2.4964]},"74o":{"weight":1.0,"played":[1.0,0.0,0.0],"evs":[0.0,-2.71091,-2.85829]},"84o":{"weight":1.0,"played":[1.0,0.0,0.0],"evs":[0.0,-3.00329,-3.20558]},"94o":{"weight":1.0,"played":[1.0,0.0,0.0],"evs":[0.0,-3.22411,-3.49192]},"T4o":{"weight":1.0,"played":[1.0,0.0,0.0],"evs":[0.0,-3.18255,-3.35901]},"J4o":{"weight":1.0,"played":[1.0,0.0,0.0],"evs":[0.0,-3.09336,-3.2495]},"Q4o":{"weight":1.0,"played":[1.0,0.0,0.0],"evs":[0.0,-2.89146,-3.06507]},"K4o":{"weight":1.0,"played":[1.0,0.0,0.0],"evs":[0.0,-2.63113,-2.74066]},"A4o":{"weight":1.0,"played":[1.0,0.0,0.0],"evs":[0.0,-2.60627,-2.70633]},"52s":{"weight":1.0,"played":[1.0,0.0,0.0],"evs":[0.0,-2.00675,-2.00181]},"53s":{"weight":1.0,"played":[1.0,0.0,0.0],"evs":[0.0,-1.51093,-1.53147]},"54s":{"weight":1.0,"played":[1.0,0.0,0.0],"evs":[0.0,-1.02152,-1.02213]},"55":{"weight":1.0,"played":[0.7364,0.0782,0.1854],"evs":[0.0,-0.00971,-0.01253]},"65o":{"weight":1.0,"played":[1.0,0.0,0.0],"evs":[0.0,-1.93386,-1.93723]},"75o":{"weight":1.0,"played":[1.0,0.0,0.0],"evs":[0.0,-2.29225,-2.32074]},"85o":{"weight":1.0,"played":[1.0,0.0,0.0],"evs":[0.0,-2.48227,-2.57588]},"95o":{"weight":1.0,"played":[1.0,0.0,0.0],"evs":[0.0,-2.72534,-2.84547]},"T5o":{"weight":1.0,"played":[1.0,0.0,0.0],"evs":[0.0,-3.10631,-3.27089]},"J5o":{"weight":1.0,"played":[1.0,0.0,0.0],"evs":[0.0,-2.85419,-2.98685]},"Q5o":{"weight":1.0,"played":[1.0,0.0,0.0],"evs":[0.0,-2.75852,-2.8823]},"K5o":{"weight":1.0,"played":[1.0,0.0,0.0],"evs":[0.0,-2.4033,-2.46572]},"A5o":{"weight":1.0,"played":[1.0,0.0,0.0],"evs":[0.0,-2.30551,-2.32332]},"62s":{"weight":1.0,"played":[1.0,0.0,0.0],"evs":[0.0,-2.19534,-2.20617]},"63s":{"weight":1.0,"played":[1.0,0.0,0.0],"evs":[0.0,-1.79454,-1.78796]},"64s":{"weight":1.0,"played":[1.0,0.0,0.0],"evs":[0.0,-1.18679,-1.19207]},"65s":{"weight":1.0,"played":[1.0,0.0,0.0],"evs":[0.0,-0.69954,-0.7174]},"66":{"weight":1.0,"played":[0.0,0.1903,0.8097],"evs":[0.0,0.48733,0.49295]},"76o":{"weight":1.0,"played":[1.0,0.0,0.0],"evs":[0.0,-1.8191,-1.81554]},"86o":{"weight":1.0,"played":[1.0,0.0,0.0],"evs":[0.0,-2.03554,-2.01631]},"96o":{"weight":1.0,"played":[1.0,0.0,0.0],"evs":[0.0,-2.29633,-2.32513]},"T6o":{"weight":1.0,"played":[1.0,0.0,0.0],"evs":[0.0,-2.60921,-2.69778]},"J6o":{"weight":1.0,"played":[1.0,0.0,0.0],"evs":[0.0,-2.77029,-2.92372]},"Q6o":{"weight":1.0,"played":[1.0,0.0,0.0],"evs":[0.0,-2.58052,-2.69713]},"K6o":{"weight":1.0,"played":[1.0,0.0,0.0],"evs":[0.0,-2.27597,-2.29576]},"A6o":{"weight":1.0,"played":[1.0,0.0,0.0],"evs":[0.0,-2.60237,-2.77184]},"72s":{"weight":1.0,"played":[1.0,0.0,0.0],"evs":[0.0,-2.47142,-2.52005]},"73s":{"weight":1.0,"played":[1.0,0.0,0.0],"evs":[0.0,-2.15663,-2.15249]},"74s":{"weight":1.0,"played":[1.0,0.0,0.0],"evs":[0.0,-1.65276,-1.6312]},"75s":{"weight":1.0,"played":[1.0,0.0,0.0],"evs":[0.0,-1.07017,-1.06859]},"76s":{"weight":1.0,"played":[0.9999,0.0,1.0E-4],"evs":[0.0,-0.66504,-0.65174]},"77":{"weight":1.0,"played":[0.0,0.1284,0.8716],"evs":[0.0,1.08411,1.10045]},"87o":{"weight":1.0,"played":[1.0,0.0,0.0],"evs":[0.0,-1.75589,-1.75498]},"97o":{"weight":1.0,"played":[1.0,0.0,0.0],"evs":[0.0,-1.93007,-1.93704]},"T7o":{"weight":1.0,"played":[1.0,0.0,0.0],"evs":[0.0,-2.30364,-2.33088]},"J7o":{"weight":1.0,"played":[1.0,0.0,0.0],"evs":[0.0,-2.48023,-2.55079]},"Q7o":{"weight":1.0,"played":[1.0,0.0,0.0],"evs":[0.0,-2.56926,-2.66372]},"K7o":{"weight":1.0,"played":[1.0,0.0,0.0],"evs":[0.0,-2.29978,-2.33424]},"A7o":{"weight":1.0,"played":[1.0,0.0,0.0],"evs":[0.0,-2.41612,-2.5211]},"82s":{"weight":1.0,"played":[1.0,0.0,0.0],"evs":[0.0,-2.2847,-2.35418]},"83s":{"weight":1.0,"played":[1.0,0.0,0.0],"evs":[0.0,-2.35685,-2.36325]},"84s":{"weight":1.0,"played":[1.0,0.0,0.0],"evs":[0.0,-1.92403,-1.93964]},"85s":{"weight":1.0,"played":[1.0,0.0,0.0],"evs":[0.0,-1.2756,-1.2746]},"86s":{"weight":1.0,"played":[0.9998,0.0,2.0E-4],"evs":[0.0,-1.0912,-1.08472]},"87s":{"weight":1.0,"played":[1.0,0.0,0.0],"evs":[0.0,-0.63305,-0.63575]},"88":{"weight":1.0,"played":[0.0,0.0168,0.9832],"evs":[0.0,1.8929,1.92069]},"98o":{"weight":1.0,"played":[1.0,0.0,0.0],"evs":[0.0,-1.60806,-1.61578]},"T8o":{"weight":1.0,"played":[1.0,0.0,0.0],"evs":[0.0,-1.86641,-1.85959]},"J8o":{"weight":1.0,"played":[1.0,0.0,0.0],"evs":[0.0,-2.02153,-2.0218]},"Q8o":{"weight":1.0,"played":[1.0,0.0,0.0],"evs":[0.0,-2.20746,-2.26403]},"K8o":{"weight":1.0,"played":[1.0,0.0,0.0],"evs":[0.0,-2.14825,-2.15247]},"A8o":{"weight":1.0,"played":[1.0,0.0,0.0],"evs":[0.0,-2.12172,-2.16382]},"92s":{"weight":1.0,"played":[1.0,0.0,0.0],"evs":[0.0,-2.39826,-2.40667]},"93s":{"weight":1.0,"played":[1.0,0.0,0.0],"evs":[0.0,-2.1732,-2.18122]},"94s":{"weight":1.0,"played":[1.0,0.0,0.0],"evs":[0.0,-2.20944,-2.1955]},"95s":{"weight":1.0,"played":[1.0,0.0,0.0],"evs":[0.0,-1.61969,-1.60527]},"96s":{"weight":1.0,"played":[1.0,0.0,0.0],"evs":[0.0,-1.18767,-1.19756]},"97s":{"weight":1.0,"played":[1.0,0.0,0.0],"evs":[0.0,-0.753,-0.74541]},"98s":{"weight":1.0,"played":[0.9999,1.0E-4,1.0E-4],"evs":[0.0,-0.38076,-0.38044]},"99":{"weight":1.0,"played":[0.0,0.072,0.928],"evs":[0.0,2.83254,2.85302]},"T9o":{"weight":1.0,"played":[1.0,0.0,0.0],"evs":[0.0,-1.40162,-1.39579]},"J9o":{"weight":1.0,"played":[1.0,0.0,0.0],"evs":[0.0,-1.54816,-1.55713]},"Q9o":{"weight":1.0,"played":[1.0,0.0,0.0],"evs":[0.0,-1.79527,-1.79888]},"K9o":{"weight":1.0,"played":[1.0,0.0,0.0],"evs":[0.0,-1.73656,-1.7333]},"A9o":{"weight":1.0,"played":[1.0,0.0,0.0],"evs":[0.0,-1.76263,-1.76064]},"T2s":{"weight":1.0,"played":[1.0,0.0,0.0],"evs":[0.0,-2.35895,-2.36564]},"T3s":{"weight":1.0,"played":[1.0,0.0,0.0],"evs":[0.0,-2.20019,-2.22233]},"T4s":{"weight":1.0,"played":[1.0,0.0,0.0],"evs":[0.0,-2.09649,-2.06898]},"T5s":{"weight":1.0,"played":[1.0,0.0,0.0],"evs":[0.0,-1.97277,-1.95325]},"T6s":{"weight":1.0,"played":[1.0,0.0,0.0],"evs":[0.0,-1.45596,-1.47702]},"T7s":{"weight":1.0,"played":[1.0,0.0,0.0],"evs":[0.0,-1.12876,-1.12807]},"T8s":{"weight":1.0,"played":[0.9999,0.0,0.0],"evs":[0.0,-0.59681,-0.59295]},"T9s":{"weight":1.0,"played":[0.9992,7.0E-4,1.0E-4],"evs":[0.0,-0.11145,-0.11507]},"TT":{"weight":1.0,"played":[0.0,0.3045,0.6955],"evs":[0.0,4.27238,4.28583]},"JTo":{"weight":1.0,"played":[1.0,0.0,0.0],"evs":[0.0,-1.13652,-1.13055]},"QTo":{"weight":1.0,"played":[1.0,0.0,0.0],"evs":[0.0,-1.26374,-1.27805]},"KTo":{"weight":1.0,"played":[1.0,0.0,0.0],"evs":[0.0,-1.16471,-1.16539]},"ATo":{"weight":1.0,"played":[0.9999,0.0,1.0E-4],"evs":[0.0,-0.72435,-0.7188]},"J2s":{"weight":1.0,"played":[1.0,0.0,0.0],"evs":[0.0,-2.20967,-2.20358]},"J3s":{"weight":1.0,"played":[1.0,0.0,0.0],"evs":[0.0,-2.06978,-2.07638]},"J4s":{"weight":1.0,"played":[1.0,0.0,0.0],"evs":[0.0,-2.00648,-1.99756]},"J5s":{"weight":1.0,"played":[1.0,0.0,0.0],"evs":[0.0,-1.71851,-1.71578]},"J6s":{"weight":1.0,"played":[1.0,0.0,0.0],"evs":[0.0,-1.68688,-1.67808]},"J7s":{"weight":1.0,"played":[1.0,0.0,0.0],"evs":[0.0,-1.31784,-1.31412]},"J8s":{"weight":1.0,"played":[0.9992,3.0E-4,5.0E-4],"evs":[0.0,-0.8541,-0.84873]},"J9s":{"weight":1.0,"played":[0.9991,0.0,9.0E-4],"evs":[0.0,-0.37058,-0.37008]},"JTs":{"weight":1.0,"played":[0.0029,0.2057,0.7915],"evs":[0.0,0.13199,0.14057]},"JJ":{"weight":1.0,"played":[0.0,0.7358,0.2642],"evs":[0.0,5.73929,5.742]},"QJo":{"weight":1.0,"played":[1.0,0.0,0.0],"evs":[0.0,-0.93264,-0.94478]},"KJo":{"weight":1.0,"played":[1.0,0.0,0.0],"evs":[0.0,-0.74345,-0.74574]},"AJo":{"weight":1.0,"played":[0.0,0.3525,0.6475],"evs":[0.0,0.22041,0.21838]},"Q2s":{"weight":1.0,"played":[1.0,0.0,0.0],"evs":[0.0,-2.05459,-2.06896]},"Q3s":{"weight":1.0,"played":[1.0,0.0,0.0],"evs":[0.0,-1.90069,-1.91706]},"Q4s":{"weight":1.0,"played":[1.0,0.0,0.0],"evs":[0.0,-1.74994,-1.75888]},"Q5s":{"weight":1.0,"played":[1.0,0.0,0.0],"evs":[0.0,-1.55566,-1.5724]},"Q6s":{"weight":1.0,"played":[1.0,0.0,0.0],"evs":[0.0,-1.45003,-1.45197]},"Q7s":{"weight":1.0,"played":[1.0,0.0,0.0],"evs":[0.0,-1.4256,-1.4369]},"Q8s":{"weight":1.0,"played":[1.0,0.0,0.0],"evs":[0.0,-1.05148,-1.05718]},"Q9s":{"weight":1.0,"played":[0.9998,1.0E-4,1.0E-4],"evs":[0.0,-0.47234,-0.48255]},"QTs":{"weight":1.0,"played":[0.8108,0.1288,0.0604],"evs":[0.0,-0.12861,-0.12742]},"QJs":{"weight":1.0,"played":[7.0E-4,0.9018,0.0975],"evs":[0.0,0.12359,0.10755]},"QQ":{"weight":1.0,"played":[0.0,0.312,0.688],"evs":[0.0,7.91307,7.90766]},"KQo":{"weight":1.0,"played":[0.9567,0.0011,0.0423],"evs":[0.0,-0.1122,-0.09407]},"AQo":{"weight":1.0,"played":[0.0,0.0131,0.9869],"evs":[0.0,1.58104,1.59129]},"K2s":{"weight":1.0,"played":[1.0,0.0,0.0],"evs":[0.0,-1.6219,-1.63629]},"K3s":{"weight":1.0,"played":[1.0,0.0,0.0],"evs":[0.0,-1.53511,-1.52806]},"K4s":{"weight":1.0,"played":[1.0,0.0,0.0],"evs":[0.0,-1.39583,-1.39962]},"K5s":{"weight":1.0,"played":[0.9999,1.0E-4,0.0],"evs":[0.0,-1.25916,-1.2574]},"K6s":{"weight":1.0,"played":[1.0,0.0,0.0],"evs":[0.0,-0.94417,-0.94436]},"K7s":{"weight":1.0,"played":[1.0,0.0,0.0],"evs":[0.0,-0.98471,-0.99383]},"K8s":{"weight":1.0,"played":[1.0,0.0,0.0],"evs":[0.0,-0.93003,-0.9348]},"K9s":{"weight":1.0,"played":[0.9997,2.0E-4,1.0E-4],"evs":[0.0,-0.51584,-0.51715]},"KTs":{"weight":1.0,"played":[0.6481,0.2764,0.0755],"evs":[0.0,-4.2E-4,-0.00967]},"KJs":{"weight":1.0,"played":[0.0,0.3867,0.6133],"evs":[0.0,0.42188,0.42315]},"KQs":{"weight":1.0,"played":[0.0,0.7083,0.2917],"evs":[0.0,0.98627,0.98818]},"KK":{"weight":1.0,"played":[0.0,0.1988,0.8012],"evs":[0.0,10.55327,10.57278]},"AKo":{"weight":1.0,"played":[0.0,0.2669,0.7331],"evs":[0.0,3.18476,3.18447]},"A2s":{"weight":1.0,"played":[1.0,0.0,0.0],"evs":[0.0,-1.6454,-1.63397]},"A3s":{"weight":1.0,"played":[1.0,0.0,0.0],"evs":[0.0,-1.46925,-1.46369]},"A4s":{"weight":1.0,"played":[0.9997,0.0,3.0E-4],"evs":[0.0,-1.26713,-1.26616]},"A5s":{"weight":1.0,"played":[0.9999,0.0,0.0],"evs":[0.0,-1.00985,-0.99402]},"A6s":{"weight":1.0,"played":[1.0,0.0,0.0],"evs":[0.0,-1.41428,-1.40835]},"A7s":{"weight":1.0,"played":[1.0,0.0,0.0],"evs":[0.0,-1.08797,-1.07407]},"A8s":{"weight":1.0,"played":[1.0,0.0,0.0],"evs":[0.0,-0.90189,-0.87762]},"A9s":{"weight":1.0,"played":[0.998,0.002,0.0],"evs":[0.0,-0.4557,-0.43973]},"ATs":{"weight":1.0,"played":[0.0,0.1867,0.8133],"evs":[0.0,0.49588,0.51381]},"AJs":{"weight":1.0,"played":[0.0,0.408,0.592],"evs":[0.0,1.45244,1.45415]},"AQs":{"weight":1.0,"played":[0.0,0.3861,0.6139],"evs":[0.0,2.62418,2.62017]},"AKs":{"weight":1.0,"played":[0.0,0.6837,0.3163],"evs":[0.0,4.21402,4.2019]},"AA":{"weight":1.0,"played":[0.0,0.5811,0.4189],"evs":[0.0,14.55797,14.57049]}}}