{"player":5,"street":0,"children":2,"sequence":[{"player":0,"type":"R","amount":985000,"street":0},{"player":1,"type":"C","amount":985000,"street":0},{"player":2,"type":"F","amount":0,"street":0},{"player":3,"type":"C","amount":985000,"street":0},{"player":4,"type":"R","amount":2985000,"street":0}],"actions":[{"type":"F","amount":0,"node":202},{"type":"C","amount":2885000,"node":203}],"hands":{"22":{"weight":1.0,"played":[0.8814,0.1186],"evs":[0.0,-0.8345]},"32o":{"weight":1.0,"played":[0.9999,1.0E-4],"evs":[0.0,-11.67533]},"42o":{"weight":1.0,"played":[0.9992,8.0E-4],"evs":[0.0,-9.15377]},"52o":{"weight":1.0,"played":[0.9996,4.0E-4],"evs":[0.0,-9.71234]},"62o":{"weight":1.0,"played":[0.9997,3.0E-4],"evs":[0.0,-11.52157]},"72o":{"weight":1.0,"played":[0.9999,1.0E-4],"evs":[0.0,-11.63343]},"82o":{"weight":1.0,"played":[0.9992,8.0E-4],"evs":[0.0,-12.18721]},"92o":{"weight":1.0,"played":[0.9995,5.0E-4],"evs":[0.0,-11.49131]},"T2o":{"weight":1.0,"played":[0.9992,8.0E-4],"evs":[0.0,-12.73482]},"J2o":{"weight":1.0,"played":[0.9999,1.0E-4],"evs":[0.0,-10.69777]},"Q2o":{"weight":1.0,"played":[0.9996,4.0E-4],"evs":[0.0,-12.41188]},"K2o":{"weight":1.0,"played":[0.9988,0.0012],"evs":[0.0,-10.91162]},"A2o":{"weight":1.0,"played":[0.9971,0.0029],"evs":[0.0,-10.66571]},"32s":{"weight":1.0,"played":[1.0,0.0],"evs":[0.0,-7.76592]},"33":{"weight":1.0,"played":[0.8977,0.1023],"evs":[0.0,-7.34824]},"43o":{"weight":1.0,"played":[0.9998,2.0E-4],"evs":[0.0,-6.61143]},"53o":{"weight":1.0,"played":[0.9947,0.0053],"evs":[0.0,-9.3915]},"63o":{"weight":1.0,"played":[0.9984,0.0016],"evs":[0.0,-8.96745]},"73o":{"weight":1.0,"played":[0.9991,9.0E-4],"evs":[0.0,-10.85011]},"83o":{"weight":1.0,"played":[1.0,0.0],"evs":[0.0,-12.14075]},"93o":{"weight":1.0,"played":[0.9997,3.0E-4],"evs":[0.0,-13.03372]},"T3o":{"weight":1.0,"played":[0.9998,2.0E-4],"evs":[0.0,-11.15733]},"J3o":{"weight":1.0,"played":[0.9999,1.0E-4],"evs":[0.0,-14.64846]},"Q3o":{"weight":1.0,"played":[0.995,0.005],"evs":[0.0,-10.17929]},"K3o":{"weight":1.0,"played":[0.9997,3.0E-4],"evs":[0.0,-11.22597]},"A3o":{"weight":1.0,"played":[0.9973,0.0027],"evs":[0.0,-11.47811]},"42s":{"weight":1.0,"played":[0.9962,0.0038],"evs":[0.0,-4.4294]},"43s":{"weight":1.0,"played":[0.9672,0.0328],"evs":[0.0,-8.9152]},"44":{"weight":1.0,"played":[0.9959,0.0041],"evs":[0.0,-6.61961]},"54o":{"weight":1.0,"played":[0.9808,0.0192],"evs":[0.0,-7.87048]},"64o":{"weight":1.0,"played":[0.9983,0.0017],"evs":[0.0,-8.68596]},"74o":{"weight":1.0,"played":[0.9987,0.0013],"evs":[0.0,-10.02813]},"84o":{"weight":1.0,"played":[0.9873,0.0127],"evs":[0.0,-8.33863]},"94o":{"weight":1.0,"played":[0.9993,7.0E-4],"evs":[0.0,-11.64281]},"T4o":{"weight":1.0,"played":[0.9969,0.0031],"evs":[0.0,-9.03874]},"J4o":{"weight":1.0,"played":[0.9996,4.0E-4],"evs":[0.0,-11.93125]},"Q4o":{"weight":1.0,"played":[1.0,0.0],"evs":[0.0,-11.38002]},"K4o":{"weight":1.0,"played":[0.9988,0.0012],"evs":[0.0,-11.78263]},"A4o":{"weight":1.0,"played":[0.9973,0.0027],"evs":[0.0,-11.46846]},"52s":{"weight":1.0,"played":[0.6266,0.3734],"evs":[0.0,-4.87376]},"53s":{"weight":1.0,"played":[1.0,0.0],"evs":[0.0,-6.68179]},"54s":{"weight":1.0,"played":[0.986,0.014],"evs":[0.0,-3.62535]},"55":{"weight":1.0,"played":[0.9754,0.0246],"evs":[0.0,-4.04215]},"65o":{"weight":1.0,"played":[0.9997,3.0E-4],"evs":[0.0,-8.75857]},"75o":{"weight":1.0,"played":[0.9995,5.0E-4],"evs":[0.0,-9.61244]},"85o":{"weight":1.0,"played":[1.0,0.0],"evs":[0.0,-9.70438]},"95o":{"weight":1.0,"played":[0.999,0.001],"evs":[0.0,-11.22298]},"T5o":{"weight":1.0,"played":[0.9957,0.0043],"evs":[0.0,-11.84832]},"J5o":{"weight":1.0,"played":[0.9993,7.0E-4],"evs":[0.0,-13.8052]},"Q5o":{"weight":1.0,"played":[0.9985,0.0015],"evs":[0.0,-9.62665]},"K5o":{"weight":1.0,"played":[0.9978,0.0022],"evs":[0.0,-11.82899]},"A5o":{"weight":1.0,"played":[0.9998,2.0E-4],"evs":[0.0,-8.54627]},"62s":{"weight":1.0,"played":[0.9603,0.0397],"evs":[0.0,-9.31145]},"63s":{"weight":1.0,"played":[0.963,0.037],"evs":[0.0,-2.15235]},"64s":{"weight":1.0,"played":[0.9684,0.0316],"evs":[0.0,-6.88356]},"65s":{"weight":1.0,"played":[0.9967,0.0033],"evs":[0.0,-3.29922]},"66":{"weight":1.0,"played":[0.9707,0.0293],"evs":[0.0,-5.53115]},"76o":{"weight":1.0,"played":[0.9901,0.0099],"evs":[0.0,-6.39703]},"86o":{"weight":1.0,"played":[0.9987,0.0013],"evs":[0.0,-8.05896]},"96o":{"weight":1.0,"played":[0.9906,0.0094],"evs":[0.0,-8.52055]},"T6o":{"weight":1.0,"played":[0.9994,6.0E-4],"evs":[0.0,-11.19266]},"J6o":{"weight":1.0,"played":[0.9996,4.0E-4],"evs":[0.0,-9.63398]},"Q6o":{"weight":1.0,"played":[0.9963,0.0037],"evs":[0.0,-6.9512]},"K6o":{"weight":1.0,"played":[0.9999,1.0E-4],"evs":[0.0,-7.9094]},"A6o":{"weight":1.0,"played":[0.9858,0.0142],"evs":[0.0,-11.96224]},"72s":{"weight":1.0,"played":[0.9928,0.0072],"evs":[0.0,-9.92114]},"73s":{"weight":1.0,"played":[0.9939,0.0061],"evs":[0.0,-8.89372]},"74s":{"weight":1.0,"played":[0.9411,0.0589],"evs":[0.0,-7.58768]},"75s":{"weight":1.0,"played":[0.9593,0.0407],"evs":[0.0,-6.58145]},"76s":{"weight":1.0,"played":[0.758,0.242],"evs":[0.0,-0.07441]},"77":{"weight":1.0,"played":[0.7816,0.2184],"evs":[0.0,-2.78999]},"87o":{"weight":1.0,"played":[0.9992,8.0E-4],"evs":[0.0,-8.9847]},"97o":{"weight":1.0,"played":[0.9983,0.0017],"evs":[0.0,-6.34688]},"T7o":{"weight":1.0,"played":[0.9969,0.0031],"evs":[0.0,-7.71367]},"J7o":{"weight":1.0,"played":[0.9962,0.0038],"evs":[0.0,-9.19702]},"Q7o":{"weight":1.0,"played":[1.0,0.0],"evs":[0.0,-10.24993]},"K7o":{"weight":1.0,"played":[0.9976,0.0024],"evs":[0.0,-12.01472]},"A7o":{"weight":1.0,"played":[0.9989,0.0011],"evs":[0.0,-11.07348]},"82s":{"weight":1.0,"played":[0.9835,0.0165],"evs":[0.0,-6.22472]},"83s":{"weight":1.0,"played":[0.9011,0.0989],"evs":[0.0,-6.18586]},"84s":{"weight":1.0,"played":[0.949,0.051],"evs":[0.0,-6.49447]},"85s":{"weight":1.0,"played":[0.7834,0.2166],"evs":[0.0,-7.45369]},"86s":{"weight":1.0,"played":[0.9679,0.0321],"evs":[0.0,-8.20816]},"87s":{"weight":1.0,"played":[0.7707,0.2293],"evs":[0.0,-0.73737]},"88":{"weight":1.0,"played":[0.7619,0.2381],"evs":[0.0,-1.49788]},"98o":{"weight":1.0,"played":[0.9979,0.0021],"evs":[0.0,-7.20511]},"T8o":{"weight":1.0,"played":[0.9712,0.0288],"evs":[0.0,-5.97629]},"J8o":{"weight":1.0,"played":[0.9826,0.0174],"evs":[0.0,-10.32801]},"Q8o":{"weight":1.0,"played":[0.9989,0.0011],"evs":[0.0,-11.73378]},"K8o":{"weight":1.0,"played":[0.9962,0.0038],"evs":[0.0,-9.97959]},"A8o":{"weight":1.0,"played":[0.9969,0.0031],"evs":[0.0,-10.1272]},"92s":{"weight":1.0,"played":[0.9916,0.0084],"evs":[0.0,-6.37774]},"93s":{"weight":1.0,"played":[0.9392,0.0608],"evs":[0.0,-7.79072]},"94s":{"weight":1.0,"played":[0.9209,0.0791],"evs":[0.0,-7.25936]},"95s":{"weight":1.0,"played":[0.9882,0.0118],"evs":[0.0,-3.52313]},"96s":{"weight":1.0,"played":[0.8059,0.1941],"evs":[0.0,-7.08792]},"97s":{"weight":1.0,"played":[1.0,0.0],"evs":[0.0,-5.61756]},"98s":{"weight":1.0,"played":[0.6805,0.3195],"evs":[0.0,-5.57329]},"99":{"weight":1.0,"played":[0.142,0.858],"evs":[0.0,0.36707]},"T9o":{"weight":1.0,"played":[0.994,0.006],"evs":[0.0,-10.805]},"J9o":{"weight":1.0,"played":[0.9997,3.0E-4],"evs":[0.0,-5.27978]},"Q9o":{"weight":1.0,"played":[0.9972,0.0028],"evs":[0.0,-9.64122]},"K9o":{"weight":1.0,"played":[0.9882,0.0118],"evs":[0.0,-8.91379]},"A9o":{"weight":1.0,"played":[0.9959,0.0041],"evs":[0.0,-12.28862]},"T2s":{"weight":1.0,"played":[0.9982,0.0018],"evs":[0.0,-9.33574]},"T3s":{"weight":1.0,"played":[0.9916,0.0084],"evs":[0.0,-10.18737]},"T4s":{"weight":1.0,"played":[0.9961,0.0039],"evs":[0.0,-6.48731]},"T5s":{"weight":1.0,"played":[0.9984,0.0016],"evs":[0.0,-9.98659]},"T6s":{"weight":1.0,"played":[0.8421,0.1579],"evs":[0.0,-9.29656]},"T7s":{"weight":1.0,"played":[0.937,0.063],"evs":[0.0,-9.97884]},"T8s":{"weight":1.0,"played":[0.9192,0.0808],"evs":[0.0,-7.53756]},"T9s":{"weight":1.0,"played":[0.5966,0.4034],"evs":[0.0,-4.41199]},"TT":{"weight":1.0,"played":[0.2757,0.7243],"evs":[0.0,0.37516]},"JTo":{"weight":1.0,"played":[0.999,0.001],"evs":[0.0,-7.04355]},"QTo":{"weight":1.0,"played":[0.9972,0.0028],"evs":[0.0,-9.98424]},"KTo":{"weight":1.0,"played":[0.9784,0.0216],"evs":[0.0,-9.23315]},"ATo":{"weight":1.0,"played":[0.9842,0.0158],"evs":[0.0,-5.9615]},"J2s":{"weight":1.0,"played":[1.0,0.0],"evs":[0.0,-11.09027]},"J3s":{"weight":1.0,"played":[0.8409,0.1591],"evs":[0.0,-11.78438]},"J4s":{"weight":1.0,"played":[0.9789,0.0211],"evs":[0.0,-4.42924]},"J5s":{"weight":1.0,"played":[0.8895,0.1105],"evs":[0.0,-10.57396]},"J6s":{"weight":1.0,"played":[0.9639,0.0361],"evs":[0.0,-9.85531]},"J7s":{"weight":1.0,"played":[0.9367,0.0633],"evs":[0.0,-8.83053]},"J8s":{"weight":1.0,"played":[0.9981,0.0019],"evs":[0.0,-2.54463]},"J9s":{"weight":1.0,"played":[0.997,0.003],"evs":[0.0,-9.30769]},"JTs":{"weight":1.0,"played":[0.6727,0.3273],"evs":[0.0,-3.45762]},"JJ":{"weight":1.0,"played":[0.0,1.0],"evs":[0.0,3.99231]},"QJo":{"weight":1.0,"played":[0.9938,0.0062],"evs":[0.0,-9.20241]},"KJo":{"weight":1.0,"played":[0.9359,0.0641],"evs":[0.0,-7.76199]},"AJo":{"weight":1.0,"played":[0.9807,0.0193],"evs":[0.0,-4.11508]},"Q2s":{"weight":1.0,"played":[0.9822,0.0178],"evs":[0.0,-8.65801]},"Q3s":{"weight":1.0,"played":[0.9902,0.0098],"evs":[0.0,-5.33447]},"Q4s":{"weight":1.0,"played":[0.991,0.009],"evs":[0.0,-6.71064]},"Q5s":{"weight":1.0,"played":[0.9991,9.0E-4],"evs":[0.0,-5.83913]},"Q6s":{"weight":1.0,"played":[0.9451,0.0549],"evs":[0.0,-7.45233]},"Q7s":{"weight":1.0,"played":[0.9646,0.0354],"evs":[0.0,-7.6766]},"Q8s":{"weight":1.0,"played":[0.9002,0.0998],"evs":[0.0,-5.84713]},"Q9s":{"weight":1.0,"played":[0.9098,0.0902],"evs":[0.0,-4.68653]},"QTs":{"weight":1.0,"played":[0.9429,0.0571],"evs":[0.0,-6.04147]},"QJs":{"weight":1.0,"played":[0.904,0.096],"evs":[0.0,-5.67694]},"QQ":{"weight":1.0,"played":[0.0,1.0],"evs":[0.0,13.46581]},"KQo":{"weight":1.0,"played":[0.9233,0.0767],"evs":[0.0,-4.45385]},"AQo":{"weight":1.0,"played":[0.9461,0.0539],"evs":[0.0,-4.27854]},"K2s":{"weight":1.0,"played":[0.9913,0.0087],"evs":[0.0,-6.78656]},"K3s":{"weight":1.0,"played":[0.9991,9.0E-4],"evs":[0.0,-8.40584]},"K4s":{"weight":1.0,"played":[0.8883,0.1117],"evs":[0.0,-7.90225]},"K5s":{"weight":1.0,"played":[0.8894,0.1106],"evs":[0.0,-10.47823]},"K6s":{"weight":1.0,"played":[0.9945,0.0055],"evs":[0.0,-6.23516]},"K7s":{"weight":1.0,"played":[0.9884,0.0116],"evs":[0.0,-5.83239]},"K8s":{"weight":1.0,"played":[0.929,0.071],"evs":[0.0,-5.76525]},"K9s":{"weight":1.0,"played":[0.6795,0.3205],"evs":[0.0,-1.0017]},"KTs":{"weight":1.0,"played":[0.861,0.139],"evs":[0.0,-1.37621]},"KJs":{"weight":1.0,"played":[0.6666,0.3334],"evs":[0.0,-0.62821]},"KQs":{"weight":1.0,"played":[0.8863,0.1137],"evs":[0.0,-6.98667]},"KK":{"weight":1.0,"played":[0.0015,0.9985],"evs":[0.0,16.46599]},"AKo":{"weight":1.0,"played":[0.8777,0.1223],"evs":[0.0,-2.66241]},"A2s":{"weight":1.0,"played":[0.9812,0.0188],"evs":[0.0,-2.26784]},"A3s":{"weight":1.0,"played":[0.9891,0.0109],"evs":[0.0,-6.41249]},"A4s":{"weight":1.0,"played":[0.9697,0.0303],"evs":[0.0,-8.20561]},"A5s":{"weight":1.0,"played":[0.9949,0.0051],"evs":[0.0,-5.50372]},"A6s":{"weight":1.0,"played":[0.8838,0.1162],"evs":[0.0,-10.13936]},"A7s":{"weight":1.0,"played":[0.9974,0.0026],"evs":[0.0,-7.24203]},"A8s":{"weight":1.0,"played":[0.8848,0.1152],"evs":[0.0,-9.09299]},"A9s":{"weight":1.0,"played":[0.9964,0.0036],"evs":[0.0,-9.34101]},"ATs":{"weight":1.0,"played":[0.8466,0.1534],"evs":[0.0,-5.85303]},"AJs":{"weight":1.0,"played":[0.6729,0.3271],"evs":[0.0,-4.81085]},"AQs":{"weight":1.0,"played":[0.1335,0.8665],"evs":[0.0,2.66587]},"AKs":{"weight":1.0,"played":[0.4894,0.5106],"evs":[0.0,4.5615]},"AA":{"weight":1.0,"played":[0.0,1.0],"evs":[0.0,36.89583]}}}