{"player":3,"street":0,"children":2,"sequence":[{"player":0,"type":"R","amount":985000,"street":0},{"player":1,"type":"C","amount":985000,"street":0},{"player":2,"type":"F","amount":0,"street":0},{"player":3,"type":"C","amount":985000,"street":0},{"player":4,"type":"R","amount":2985000,"street":0},{"player":5,"type":"C","amount":2885000,"street":0}],"actions":[{"type":"F","amount":0},{"type":"C","amount":1500000}],"hands":{"22":{"weight":0.0,"played":[0.0205,0.9795],"evs":[0.0,1.12002]},"32o":{"weight":0.0,"played":[0.9323,0.0677],"evs":[0.0,-1.117]},"42o":{"weight":0.0,"played":[0.8113,0.1887],"evs":[0.0,-0.78325]},"52o":{"weight":0.0,"played":[0.9963,0.0037],"evs":[0.0,-1.74987]},"62o":{"weight":0.0,"played":[0.4479,0.5521],"evs":[0.0,-0.52141]},"72o":{"weight":0.0,"played":[0.8592,0.1408],"evs":[0.0,-2.48647]},"82o":{"weight":0.0,"played":[0.9853,0.0147],"evs":[0.0,-0.89582]},"92o":{"weight":0.0,"played":[0.8748,0.1252],"evs":[0.0,-5.41365]},"T2o":{"weight":0.0,"played":[0.8404,0.1596],"evs":[0.0,-4.62326]},"J2o":{"weight":0.0,"played":[0.8088,0.1912],"evs":[0.0,-2.11894]},"Q2o":{"weight":0.0,"played":[0.9548,0.0452],"evs":[0.0,-3.31455]},"K2o":{"weight":0.0,"played":[0.8443,0.1557],"evs":[0.0,-1.85812]},"A2o":{"weight":0.0,"played":[0.6865,0.3135],"evs":[0.0,-1.14446]},"32s":{"weight":0.0,"played":[0.778,0.222],"evs":[0.0,-0.01274]},"33":{"weight":0.0,"played":[0.004,0.996],"evs":[0.0,0.03798]},"43o":{"weight":0.0,"played":[0.0455,0.9545],"evs":[0.0,0.27008]},"53o":{"weight":0.0,"played":[0.9211,0.0789],"evs":[0.0,-1.48638]},"63o":{"weight":0.0,"played":[0.6415,0.3585],"evs":[0.0,0.05771]},"73o":{"weight":0.0,"played":[0.9901,0.0099],"evs":[0.0,-3.47663]},"83o":{"weight":0.0,"played":[0.8747,0.1253],"evs":[0.0,-2.77884]},"93o":{"weight":0.0,"played":[0.9649,0.0351],"evs":[0.0,-3.30612]},"T3o":{"weight":0.0,"played":[0.9101,0.0899],"evs":[0.0,-1.91163]},"J3o":{"weight":0.0,"played":[0.91,0.09],"evs":[0.0,-1.39679]},"Q3o":{"weight":0.0,"played":[0.9854,0.0146],"evs":[0.0,-2.77694]},"K3o":{"weight":0.0,"played":[0.5515,0.4485],"evs":[0.0,-1.28363]},"A3o":{"weight":0.0,"played":[0.0689,0.9311],"evs":[0.0,0.67898]},"42s":{"weight":0.0,"played":[0.1366,0.8634],"evs":[0.0,3.56847]},"43s":{"weight":0.0,"played":[0.5026,0.4974],"evs":[0.0,-0.36679]},"44":{"weight":0.0,"played":[0.0,1.0],"evs":[0.0,3.99636]},"54o":{"weight":0.0,"played":[8.0E-4,0.9992],"evs":[0.0,0.75133]},"64o":{"weight":0.0,"played":[0.245,0.755],"evs":[0.0,1.25973]},"74o":{"weight":0.0,"played":[0.0503,0.9497],"evs":[0.0,0.0281]},"84o":{"weight":0.0,"played":[0.6032,0.3968],"evs":[0.0,-1.32052]},"94o":{"weight":0.0,"played":[0.6861,0.3139],"evs":[0.0,-1.92302]},"T4o":{"weight":0.0,"played":[0.8998,0.1002],"evs":[0.0,-1.72621]},"J4o":{"weight":0.0,"played":[0.661,0.339],"evs":[0.0,-0.99443]},"Q4o":{"weight":0.0,"played":[0.7928,0.2072],"evs":[0.0,-1.74753]},"K4o":{"weight":0.0,"played":[0.6187,0.3813],"evs":[0.0,-1.06291]},"A4o":{"weight":0.0,"played":[0.0552,0.9448],"evs":[0.0,0.7125]},"52s":{"weight":0.0,"played":[0.8939,0.1061],"evs":[0.0,-0.66616]},"53s":{"weight":0.0,"played":[0.0806,0.9194],"evs":[0.0,1.5621]},"54s":{"weight":0.0,"played":[0.1582,0.8418],"evs":[0.0,-0.24654]},"55":{"weight":0.0782,"played":[0.001,0.999],"evs":[0.0,3.22277]},"65o":{"weight":0.0,"played":[0.2675,0.7325],"evs":[0.0,0.58564]},"75o":{"weight":0.0,"played":[0.8879,0.1121],"evs":[0.0,-1.47296]},"85o":{"weight":0.0,"played":[0.77,0.23],"evs":[0.0,-2.43645]},"95o":{"weight":0.0,"played":[0.7702,0.2298],"evs":[0.0,-0.25339]},"T5o":{"weight":0.0,"played":[0.9161,0.0839],"evs":[0.0,-2.16605]},"J5o":{"weight":0.0,"played":[0.9964,0.0036],"evs":[0.0,-3.32296]},"Q5o":{"weight":0.0,"played":[0.7044,0.2956],"evs":[0.0,-1.70069]},"K5o":{"weight":0.0,"played":[0.5199,0.4801],"evs":[0.0,-0.98659]},"A5o":{"weight":0.0,"played":[0.3084,0.6916],"evs":[0.0,-0.06173]},"62s":{"weight":0.0,"played":[0.0834,0.9166],"evs":[0.0,3.65537]},"63s":{"weight":0.0,"played":[0.4653,0.5347],"evs":[0.0,0.95663]},"64s":{"weight":0.0,"played":[0.4545,0.5455],"evs":[0.0,0.81166]},"65s":{"weight":0.0,"played":[0.0091,0.9909],"evs":[0.0,3.37432]},"66":{"weight":0.1903,"played":[1.0E-4,0.9999],"evs":[0.0,2.90467]},"76o":{"weight":0.0,"played":[3.0E-4,0.9997],"evs":[0.0,1.3605]},"86o":{"weight":0.0,"played":[0.4067,0.5933],"evs":[0.0,-0.80109]},"96o":{"weight":0.0,"played":[0.6668,0.3332],"evs":[0.0,-0.39671]},"T6o":{"weight":0.0,"played":[0.9956,0.0044],"evs":[0.0,-0.19737]},"J6o":{"weight":0.0,"played":[0.8184,0.1816],"evs":[0.0,-2.41435]},"Q6o":{"weight":0.0,"played":[0.4774,0.5226],"evs":[0.0,-1.33382]},"K6o":{"weight":0.0,"played":[0.0846,0.9154],"evs":[0.0,-0.09778]},"A6o":{"weight":0.0,"played":[0.6967,0.3033],"evs":[0.0,-2.11327]},"72s":{"weight":0.0,"played":[0.4372,0.5628],"evs":[0.0,-0.98902]},"73s":{"weight":0.0,"played":[0.0411,0.9589],"evs":[0.0,1.56207]},"74s":{"weight":0.0,"played":[0.0023,0.9977],"evs":[0.0,1.482]},"75s":{"weight":0.0,"played":[0.0373,0.9627],"evs":[0.0,5.42147]},"76s":{"weight":0.0,"played":[0.0047,0.9953],"evs":[0.0,3.76061]},"77":{"weight":0.1284,"played":[2.0E-4,0.9998],"evs":[0.0,6.58431]},"87o":{"weight":0.0,"played":[0.003,0.997],"evs":[0.0,0.15638]},"97o":{"weight":0.0,"played":[0.536,0.464],"evs":[0.0,-0.10289]},"T7o":{"weight":0.0,"played":[0.3396,0.6604],"evs":[0.0,0.17362]},"J7o":{"weight":0.0,"played":[0.6437,0.3563],"evs":[0.0,-2.22552]},"Q7o":{"weight":0.0,"played":[0.737,0.263],"evs":[0.0,-1.83496]},"K7o":{"weight":0.0,"played":[0.9163,0.0837],"evs":[0.0,-2.4766]},"A7o":{"weight":0.0,"played":[0.7583,0.2417],"evs":[0.0,0.08709]},"82s":{"weight":0.0,"played":[0.5035,0.4965],"evs":[0.0,-1.15525]},"83s":{"weight":0.0,"played":[0.9722,0.0278],"evs":[0.0,-2.86338]},"84s":{"weight":0.0,"played":[0.139,0.861],"evs":[0.0,4.74954]},"85s":{"weight":0.0,"played":[0.0052,0.9948],"evs":[0.0,5.91703]},"86s":{"weight":0.0,"played":[0.3501,0.6499],"evs":[0.0,1.22311]},"87s":{"weight":0.0,"played":[0.062,0.938],"evs":[0.0,2.4491]},"88":{"weight":0.0168,"played":[2.0E-4,0.9998],"evs":[0.0,2.14836]},"98o":{"weight":0.0,"played":[0.1039,0.8961],"evs":[0.0,-0.24148]},"T8o":{"weight":0.0,"played":[0.3328,0.6672],"evs":[0.0,-0.55909]},"J8o":{"weight":0.0,"played":[0.6641,0.3359],"evs":[0.0,-1.44167]},"Q8o":{"weight":0.0,"played":[0.7611,0.2389],"evs":[0.0,-2.19018]},"K8o":{"weight":0.0,"played":[0.3873,0.6127],"evs":[0.0,-0.39029]},"A8o":{"weight":0.0,"played":[0.5335,0.4665],"evs":[0.0,-0.61595]},"92s":{"weight":0.0,"played":[0.8621,0.1379],"evs":[0.0,-2.08101]},"93s":{"weight":0.0,"played":[0.0105,0.9895],"evs":[0.0,1.03549]},"94s":{"weight":0.0,"played":[0.2297,0.7703],"evs":[0.0,-0.49554]},"95s":{"weight":0.0,"played":[0.0012,0.9988],"evs":[0.0,5.51071]},"96s":{"weight":0.0,"played":[0.0874,0.9126],"evs":[0.0,1.09125]},"97s":{"weight":0.0,"played":[0.0817,0.9183],"evs":[0.0,-0.33355]},"98s":{"weight":1.0E-4,"played":[0.0225,0.9775],"evs":[0.0,1.47662]},"99":{"weight":0.072,"played":[2.0E-4,0.9998],"evs":[0.0,7.51952]},"T9o":{"weight":0.0,"played":[0.3003,0.6997],"evs":[0.0,-1.11148]},"J9o":{"weight":0.0,"played":[0.2376,0.7624],"evs":[0.0,-2.2065]},"Q9o":{"weight":0.0,"played":[1.0E-4,0.9999],"evs":[0.0,1.35976]},"K9o":{"weight":0.0,"played":[0.3458,0.6542],"evs":[0.0,-1.86467]},"A9o":{"weight":0.0,"played":[0.0873,0.9127],"evs":[0.0,-0.37635]},"T2s":{"weight":0.0,"played":[0.164,0.836],"evs":[0.0,2.53588]},"T3s":{"weight":0.0,"played":[0.1754,0.8246],"evs":[0.0,2.23644]},"T4s":{"weight":0.0,"played":[0.0978,0.9022],"evs":[0.0,2.74842]},"T5s":{"weight":0.0,"played":[0.4579,0.5421],"evs":[0.0,2.4078]},"T6s":{"weight":0.0,"played":[0.0062,0.9938],"evs":[0.0,0.4975]},"T7s":{"weight":0.0,"played":[0.8364,0.1636],"evs":[0.0,-2.52818]},"T8s":{"weight":0.0,"played":[0.1334,0.8666],"evs":[0.0,0.24552]},"T9s":{"weight":7.0E-4,"played":[0.0041,0.9959],"evs":[0.0,6.43487]},"TT":{"weight":0.3045,"played":[1.0E-4,0.9999],"evs":[0.0,9.95857]},"JTo":{"weight":0.0,"played":[0.0894,0.9106],"evs":[0.0,0.15482]},"QTo":{"weight":0.0,"played":[0.0019,0.9981],"evs":[0.0,1.55328]},"KTo":{"weight":0.0,"played":[0.0013,0.9987],"evs":[0.0,4.39207]},"ATo":{"weight":0.0,"played":[0.2589,0.7411],"evs":[0.0,-0.40176]},"J2s":{"weight":0.0,"played":[0.4516,0.5484],"evs":[0.0,-0.67537]},"J3s":{"weight":0.0,"played":[0.1451,0.8549],"evs":[0.0,0.9279]},"J4s":{"weight":0.0,"played":[0.0147,0.9853],"evs":[0.0,4.82407]},"J5s":{"weight":0.0,"played":[0.5656,0.4344],"evs":[0.0,-2.911]},"J6s":{"weight":0.0,"played":[0.2288,0.7712],"evs":[0.0,0.52129]},"J7s":{"weight":0.0,"played":[0.0811,0.9189],"evs":[0.0,3.07975]},"J8s":{"weight":3.0E-4,"played":[5.0E-4,0.9995],"evs":[0.0,4.18313]},"J9s":{"weight":0.0,"played":[0.0016,0.9984],"evs":[0.0,3.3578]},"JTs":{"weight":0.2057,"played":[0.0023,0.9977],"evs":[0.0,7.05723]},"JJ":{"weight":0.7358,"played":[0.0,1.0],"evs":[0.0,12.61209]},"QJo":{"weight":0.0,"played":[0.0214,0.9786],"evs":[0.0,1.98699]},"KJo":{"weight":0.0,"played":[0.0,1.0],"evs":[0.0,1.88822]},"AJo":{"weight":0.3525,"played":[0.0,1.0],"evs":[0.0,1.13641]},"Q2s":{"weight":0.0,"played":[0.1756,0.8244],"evs":[0.0,2.63851]},"Q3s":{"weight":0.0,"played":[0.5186,0.4814],"evs":[0.0,0.84951]},"Q4s":{"weight":0.0,"played":[0.0228,0.9772],"evs":[0.0,1.42362]},"Q5s":{"weight":0.0,"played":[0.608,0.392],"evs":[0.0,2.35999]},"Q6s":{"weight":0.0,"played":[0.592,0.408],"evs":[0.0,0.07066]},"Q7s":{"weight":0.0,"played":[0.0406,0.9594],"evs":[0.0,0.397]},"Q8s":{"weight":0.0,"played":[0.2544,0.7456],"evs":[0.0,1.7002]},"Q9s":{"weight":1.0E-4,"played":[8.0E-4,0.9992],"evs":[0.0,6.06461]},"QTs":{"weight":0.1288,"played":[1.0E-4,0.9999],"evs":[0.0,5.96234]},"QJs":{"weight":0.9018,"played":[7.0E-4,0.9993],"evs":[0.0,3.72494]},"QQ":{"weight":0.312,"played":[2.0E-4,0.9998],"evs":[0.0,20.48348]},"KQo":{"weight":0.0011,"played":[3.0E-4,0.9997],"evs":[0.0,2.85949]},"AQo":{"weight":0.0131,"played":[0.0,1.0],"evs":[0.0,4.7709]},"K2s":{"weight":0.0,"played":[0.2447,0.7553],"evs":[0.0,1.3425]},"K3s":{"weight":0.0,"played":[0.06,0.94],"evs":[0.0,6.37645]},"K4s":{"weight":0.0,"played":[0.3812,0.6188],"evs":[0.0,0.52201]},"K5s":{"weight":1.0E-4,"played":[1.0E-4,0.9999],"evs":[0.0,3.15094]},"K6s":{"weight":0.0,"played":[0.0077,0.9923],"evs":[0.0,3.75068]},"K7s":{"weight":0.0,"played":[0.0875,0.9125],"evs":[0.0,0.10466]},"K8s":{"weight":0.0,"played":[0.0429,0.9571],"evs":[0.0,0.24728]},"K9s":{"weight":2.0E-4,"played":[0.002,0.998],"evs":[0.0,8.45514]},"KTs":{"weight":0.2764,"played":[0.0258,0.9742],"evs":[0.0,5.56624]},"KJs":{"weight":0.3867,"played":[0.0134,0.9866],"evs":[0.0,6.16222]},"KQs":{"weight":0.7083,"played":[0.0015,0.9985],"evs":[0.0,6.08485]},"KK":{"weight":0.1988,"played":[0.0,1.0],"evs":[0.0,24.29693]},"AKo":{"weight":0.2669,"played":[0.0,1.0],"evs":[0.0,5.59153]},"A2s":{"weight":0.0,"played":[0.0163,0.9837],"evs":[0.0,3.63765]},"A3s":{"weight":0.0,"played":[0.865,0.135],"evs":[0.0,-3.75633]},"A4s":{"weight":0.0,"played":[0.1222,0.8778],"evs":[0.0,3.16672]},"A5s":{"weight":0.0,"played":[0.2366,0.7634],"evs":[0.0,-0.65759]},"A6s":{"weight":0.0,"played":[0.0193,0.9807],"evs":[0.0,4.85434]},"A7s":{"weight":0.0,"played":[0.0065,0.9935],"evs":[0.0,0.26099]},"A8s":{"weight":0.0,"played":[0.1965,0.8035],"evs":[0.0,0.49484]},"A9s":{"weight":0.002,"played":[4.0E-4,0.9996],"evs":[0.0,5.35907]},"ATs":{"weight":0.1867,"played":[0.0743,0.9257],"evs":[0.0,2.66958]},"AJs":{"weight":0.408,"played":[3.0E-4,0.9997],"evs":[0.0,2.1704]},"AQs":{"weight":0.3861,"played":[0.0028,0.9972],"evs":[0.0,5.91698]},"AKs":{"weight":0.6837,"played":[0.0,1.0],"evs":[0.0,10.49137]},"AA":{"weight":0.5811,"played":[0.0,1.0],"evs":[0.0,30.32818]}}}