{"player":5,"street":0,"children":2,"sequence":[{"player":0,"type":"R","amount":985000,"street":0},{"player":1,"type":"C","amount":985000,"street":0},{"player":2,"type":"F","amount":0,"street":0},{"player":3,"type":"R","amount":2485000,"street":0},{"player":4,"type":"F","amount":0,"street":0}],"actions":[{"type":"F","amount":0},{"type":"C","amount":2385000}],"hands":{"22":{"weight":1.0,"played":[0.9999,1.0E-4],"evs":[0.0,-3.03873]},"32o":{"weight":1.0,"played":[1.0,0.0],"evs":[0.0,-8.21757]},"42o":{"weight":1.0,"played":[1.0,0.0],"evs":[0.0,-7.62105]},"52o":{"weight":1.0,"played":[0.9999,1.0E-4],"evs":[0.0,-7.07655]},"62o":{"weight":1.0,"played":[1.0,0.0],"evs":[0.0,-7.88337]},"72o":{"weight":1.0,"played":[1.0,0.0],"evs":[0.0,-8.14377]},"82o":{"weight":1.0,"played":[1.0,0.0],"evs":[0.0,-7.81072]},"92o":{"weight":1.0,"played":[1.0,0.0],"evs":[0.0,-7.6176]},"T2o":{"weight":1.0,"played":[1.0,0.0],"evs":[0.0,-7.55033]},"J2o":{"weight":1.0,"played":[1.0,0.0],"evs":[0.0,-7.45901]},"Q2o":{"weight":1.0,"played":[1.0,0.0],"evs":[0.0,-7.1135]},"K2o":{"weight":1.0,"played":[1.0,0.0],"evs":[0.0,-6.49288]},"A2o":{"weight":1.0,"played":[1.0,0.0],"evs":[0.0,-6.58276]},"32s":{"weight":1.0,"played":[0.9999,1.0E-4],"evs":[0.0,-5.6091]},"33":{"weight":1.0,"played":[0.9969,0.0031],"evs":[0.0,-2.71073]},"43o":{"weight":1.0,"played":[1.0,0.0],"evs":[0.0,-6.57058]},"53o":{"weight":1.0,"played":[1.0,0.0],"evs":[0.0,-6.50767]},"63o":{"weight":1.0,"played":[1.0,0.0],"evs":[0.0,-6.42275]},"73o":{"weight":1.0,"played":[1.0,0.0],"evs":[0.0,-7.70376]},"83o":{"weight":1.0,"played":[1.0,0.0],"evs":[0.0,-7.7389]},"93o":{"weight":1.0,"played":[1.0,0.0],"evs":[0.0,-7.09383]},"T3o":{"weight":1.0,"played":[1.0,0.0],"evs":[0.0,-7.34348]},"J3o":{"weight":1.0,"played":[1.0,0.0],"evs":[0.0,-7.50267]},"Q3o":{"weight":1.0,"played":[1.0,0.0],"evs":[0.0,-7.06071]},"K3o":{"weight":1.0,"played":[1.0,0.0],"evs":[0.0,-6.06383]},"A3o":{"weight":1.0,"played":[0.9998,2.0E-4],"evs":[0.0,-6.73789]},"42s":{"weight":1.0,"played":[0.9999,1.0E-4],"evs":[0.0,-5.23708]},"43s":{"weight":1.0,"played":[0.9995,5.0E-4],"evs":[0.0,-4.84614]},"44":{"weight":1.0,"played":[0.9921,0.0079],"evs":[0.0,-2.49311]},"54o":{"weight":1.0,"played":[1.0,0.0],"evs":[0.0,-5.6024]},"64o":{"weight":1.0,"played":[1.0,0.0],"evs":[0.0,-5.92397]},"74o":{"weight":1.0,"played":[1.0,0.0],"evs":[0.0,-6.65794]},"84o":{"weight":1.0,"played":[1.0,0.0],"evs":[0.0,-6.73595]},"94o":{"weight":1.0,"played":[1.0,0.0],"evs":[0.0,-7.10216]},"T4o":{"weight":1.0,"played":[1.0,0.0],"evs":[0.0,-7.31428]},"J4o":{"weight":1.0,"played":[1.0,0.0],"evs":[0.0,-7.43063]},"Q4o":{"weight":1.0,"played":[1.0,0.0],"evs":[0.0,-7.15531]},"K4o":{"weight":1.0,"played":[0.9999,1.0E-4],"evs":[0.0,-5.72931]},"A4o":{"weight":1.0,"played":[0.9999,1.0E-4],"evs":[0.0,-5.88343]},"52s":{"weight":1.0,"played":[1.0,0.0],"evs":[0.0,-4.48538]},"53s":{"weight":1.0,"played":[1.0,0.0],"evs":[0.0,-4.50377]},"54s":{"weight":1.0,"played":[0.9999,1.0E-4],"evs":[0.0,-3.15975]},"55":{"weight":1.0,"played":[0.9625,0.0375],"evs":[0.0,-1.94046]},"65o":{"weight":1.0,"played":[1.0,0.0],"evs":[0.0,-5.10781]},"75o":{"weight":1.0,"played":[1.0,0.0],"evs":[0.0,-5.35507]},"85o":{"weight":1.0,"played":[0.9999,1.0E-4],"evs":[0.0,-6.05962]},"95o":{"weight":1.0,"played":[1.0,0.0],"evs":[0.0,-6.20215]},"T5o":{"weight":1.0,"played":[1.0,0.0],"evs":[0.0,-6.85378]},"J5o":{"weight":1.0,"played":[1.0,0.0],"evs":[0.0,-6.6351]},"Q5o":{"weight":1.0,"played":[1.0,0.0],"evs":[0.0,-6.45261]},"K5o":{"weight":1.0,"played":[1.0,0.0],"evs":[0.0,-5.89308]},"A5o":{"weight":1.0,"played":[1.0,0.0],"evs":[0.0,-6.05959]},"62s":{"weight":1.0,"played":[0.9999,1.0E-4],"evs":[0.0,-6.01517]},"63s":{"weight":1.0,"played":[0.9995,5.0E-4],"evs":[0.0,-4.97671]},"64s":{"weight":1.0,"played":[0.9996,4.0E-4],"evs":[0.0,-3.38622]},"65s":{"weight":1.0,"played":[0.9956,0.0044],"evs":[0.0,-3.19447]},"66":{"weight":1.0,"played":[0.1505,0.8495],"evs":[0.0,0.1145]},"76o":{"weight":1.0,"played":[0.9998,2.0E-4],"evs":[0.0,-4.72361]},"86o":{"weight":1.0,"played":[0.9999,1.0E-4],"evs":[0.0,-4.60178]},"96o":{"weight":1.0,"played":[1.0,0.0],"evs":[0.0,-5.27159]},"T6o":{"weight":1.0,"played":[1.0,0.0],"evs":[0.0,-6.1746]},"J6o":{"weight":1.0,"played":[1.0,0.0],"evs":[0.0,-6.54203]},"Q6o":{"weight":1.0,"played":[1.0,0.0],"evs":[0.0,-6.08007]},"K6o":{"weight":1.0,"played":[1.0,0.0],"evs":[0.0,-5.39735]},"A6o":{"weight":1.0,"played":[1.0,0.0],"evs":[0.0,-7.11999]},"72s":{"weight":1.0,"played":[1.0,0.0],"evs":[0.0,-6.5679]},"73s":{"weight":1.0,"played":[0.9999,1.0E-4],"evs":[0.0,-4.67909]},"74s":{"weight":1.0,"played":[1.0,0.0],"evs":[0.0,-3.81815]},"75s":{"weight":1.0,"played":[0.9989,0.0011],"evs":[0.0,-3.72531]},"76s":{"weight":1.0,"played":[1.0,0.0],"evs":[0.0,-1.67726]},"77":{"weight":1.0,"played":[1.0E-4,0.9999],"evs":[0.0,1.24391]},"87o":{"weight":1.0,"played":[0.999,0.001],"evs":[0.0,-4.64294]},"97o":{"weight":1.0,"played":[1.0,0.0],"evs":[0.0,-3.97544]},"T7o":{"weight":1.0,"played":[1.0,0.0],"evs":[0.0,-5.49834]},"J7o":{"weight":1.0,"played":[1.0,0.0],"evs":[0.0,-6.03992]},"Q7o":{"weight":1.0,"played":[1.0,0.0],"evs":[0.0,-6.17408]},"K7o":{"weight":1.0,"played":[1.0,0.0],"evs":[0.0,-4.98666]},"A7o":{"weight":1.0,"played":[1.0,0.0],"evs":[0.0,-6.41322]},"82s":{"weight":1.0,"played":[0.9999,1.0E-4],"evs":[0.0,-5.69969]},"83s":{"weight":1.0,"played":[1.0,0.0],"evs":[0.0,-5.29562]},"84s":{"weight":1.0,"played":[0.9996,4.0E-4],"evs":[0.0,-4.01525]},"85s":{"weight":1.0,"played":[0.9989,0.0011],"evs":[0.0,-3.62146]},"86s":{"weight":1.0,"played":[1.0,0.0],"evs":[0.0,-2.69434]},"87s":{"weight":1.0,"played":[0.9992,8.0E-4],"evs":[0.0,-1.87965]},"88":{"weight":1.0,"played":[0.0,1.0],"evs":[0.0,3.44167]},"98o":{"weight":1.0,"played":[1.0,0.0],"evs":[0.0,-3.13689]},"T8o":{"weight":1.0,"played":[1.0,0.0],"evs":[0.0,-4.47043]},"J8o":{"weight":1.0,"played":[1.0,0.0],"evs":[0.0,-5.2734]},"Q8o":{"weight":1.0,"played":[1.0,0.0],"evs":[0.0,-4.99551]},"K8o":{"weight":1.0,"played":[1.0,0.0],"evs":[0.0,-5.00023]},"A8o":{"weight":1.0,"played":[1.0,0.0],"evs":[0.0,-6.11729]},"92s":{"weight":1.0,"played":[1.0,0.0],"evs":[0.0,-5.49986]},"93s":{"weight":1.0,"played":[0.9996,4.0E-4],"evs":[0.0,-4.35831]},"94s":{"weight":1.0,"played":[1.0,0.0],"evs":[0.0,-5.37451]},"95s":{"weight":1.0,"played":[1.0,0.0],"evs":[0.0,-3.88633]},"96s":{"weight":1.0,"played":[0.9998,2.0E-4],"evs":[0.0,-2.69321]},"97s":{"weight":1.0,"played":[1.0,0.0],"evs":[0.0,-2.34328]},"98s":{"weight":1.0,"played":[0.9997,3.0E-4],"evs":[0.0,-0.78591]},"99":{"weight":1.0,"played":[0.0,1.0],"evs":[0.0,5.17039]},"T9o":{"weight":1.0,"played":[1.0,0.0],"evs":[0.0,-3.22107]},"J9o":{"weight":1.0,"played":[1.0,0.0],"evs":[0.0,-4.02187]},"Q9o":{"weight":1.0,"played":[1.0,0.0],"evs":[0.0,-4.00239]},"K9o":{"weight":1.0,"played":[1.0,0.0],"evs":[0.0,-3.93948]},"A9o":{"weight":1.0,"played":[0.9998,2.0E-4],"evs":[0.0,-5.06318]},"T2s":{"weight":1.0,"played":[1.0,0.0],"evs":[0.0,-5.42048]},"T3s":{"weight":1.0,"played":[0.9999,1.0E-4],"evs":[0.0,-4.94575]},"T4s":{"weight":1.0,"played":[1.0,0.0],"evs":[0.0,-4.87646]},"T5s":{"weight":1.0,"played":[0.9996,4.0E-4],"evs":[0.0,-4.70936]},"T6s":{"weight":1.0,"played":[0.9999,1.0E-4],"evs":[0.0,-3.78242]},"T7s":{"weight":1.0,"played":[1.0,0.0],"evs":[0.0,-2.70873]},"T8s":{"weight":1.0,"played":[0.9999,1.0E-4],"evs":[0.0,-2.3033]},"T9s":{"weight":1.0,"played":[0.9759,0.0241],"evs":[0.0,-1.5867]},"TT":{"weight":1.0,"played":[0.0,1.0],"evs":[0.0,8.32529]},"JTo":{"weight":1.0,"played":[0.9998,2.0E-4],"evs":[0.0,-3.01112]},"QTo":{"weight":1.0,"played":[0.9999,1.0E-4],"evs":[0.0,-3.276]},"KTo":{"weight":1.0,"played":[0.9996,4.0E-4],"evs":[0.0,-2.38614]},"ATo":{"weight":1.0,"played":[0.9997,3.0E-4],"evs":[0.0,-3.63335]},"J2s":{"weight":1.0,"played":[1.0,0.0],"evs":[0.0,-4.90454]},"J3s":{"weight":1.0,"played":[1.0,0.0],"evs":[0.0,-4.93225]},"J4s":{"weight":1.0,"played":[1.0,0.0],"evs":[0.0,-5.33557]},"J5s":{"weight":1.0,"played":[1.0,0.0],"evs":[0.0,-4.09801]},"J6s":{"weight":1.0,"played":[0.9996,4.0E-4],"evs":[0.0,-4.2419]},"J7s":{"weight":1.0,"played":[0.9994,6.0E-4],"evs":[0.0,-3.36839]},"J8s":{"weight":1.0,"played":[0.9997,3.0E-4],"evs":[0.0,-2.79757]},"J9s":{"weight":1.0,"played":[0.9975,0.0025],"evs":[0.0,-2.02078]},"JTs":{"weight":1.0,"played":[0.9899,0.0101],"evs":[0.0,-1.68969]},"JJ":{"weight":1.0,"played":[0.0,1.0],"evs":[0.0,9.94898]},"QJo":{"weight":1.0,"played":[0.9995,5.0E-4],"evs":[0.0,-3.55094]},"KJo":{"weight":1.0,"played":[0.9998,2.0E-4],"evs":[0.0,-2.4971]},"AJo":{"weight":1.0,"played":[0.9917,0.0083],"evs":[0.0,-2.14385]},"Q2s":{"weight":1.0,"played":[0.9997,3.0E-4],"evs":[0.0,-5.19496]},"Q3s":{"weight":1.0,"played":[0.9999,1.0E-4],"evs":[0.0,-5.3058]},"Q4s":{"weight":1.0,"played":[0.9999,1.0E-4],"evs":[0.0,-4.95845]},"Q5s":{"weight":1.0,"played":[0.9994,6.0E-4],"evs":[0.0,-4.57043]},"Q6s":{"weight":1.0,"played":[0.9997,3.0E-4],"evs":[0.0,-4.00512]},"Q7s":{"weight":1.0,"played":[1.0,0.0],"evs":[0.0,-3.62785]},"Q8s":{"weight":1.0,"played":[0.9997,3.0E-4],"evs":[0.0,-2.33286]},"Q9s":{"weight":1.0,"played":[0.9904,0.0096],"evs":[0.0,-1.65216]},"QTs":{"weight":1.0,"played":[0.9981,0.0019],"evs":[0.0,-0.55041]},"QJs":{"weight":1.0,"played":[0.8583,0.1417],"evs":[0.0,-0.08965]},"QQ":{"weight":1.0,"played":[0.0,1.0],"evs":[0.0,15.33237]},"KQo":{"weight":1.0,"played":[0.9976,0.0024],"evs":[0.0,-1.68898]},"AQo":{"weight":1.0,"played":[0.0064,0.9936],"evs":[0.0,0.41931]},"K2s":{"weight":1.0,"played":[0.9999,1.0E-4],"evs":[0.0,-3.938]},"K3s":{"weight":1.0,"played":[0.9988,0.0012],"evs":[0.0,-3.43966]},"K4s":{"weight":1.0,"played":[1.0,0.0],"evs":[0.0,-2.89691]},"K5s":{"weight":1.0,"played":[0.9999,1.0E-4],"evs":[0.0,-3.69716]},"K6s":{"weight":1.0,"played":[0.9975,0.0025],"evs":[0.0,-2.32912]},"K7s":{"weight":1.0,"played":[0.9978,0.0022],"evs":[0.0,-2.4581]},"K8s":{"weight":1.0,"played":[0.9992,8.0E-4],"evs":[0.0,-2.80805]},"K9s":{"weight":1.0,"played":[0.9743,0.0257],"evs":[0.0,-1.22791]},"KTs":{"weight":1.0,"played":[0.9972,0.0028],"evs":[0.0,-0.4059]},"KJs":{"weight":1.0,"played":[0.6976,0.3024],"evs":[0.0,-0.35034]},"KQs":{"weight":1.0,"played":[0.1416,0.8584],"evs":[0.0,0.37163]},"KK":{"weight":1.0,"played":[0.0,1.0],"evs":[0.0,19.82889]},"AKo":{"weight":1.0,"played":[0.0,1.0],"evs":[0.0,3.31177]},"A2s":{"weight":1.0,"played":[0.9999,1.0E-4],"evs":[0.0,-4.00941]},"A3s":{"weight":1.0,"played":[0.9972,0.0028],"evs":[0.0,-4.11662]},"A4s":{"weight":1.0,"played":[0.9995,5.0E-4],"evs":[0.0,-2.90868]},"A5s":{"weight":1.0,"played":[0.9994,6.0E-4],"evs":[0.0,-3.43698]},"A6s":{"weight":1.0,"played":[0.9997,3.0E-4],"evs":[0.0,-4.8211]},"A7s":{"weight":1.0,"played":[0.9996,4.0E-4],"evs":[0.0,-2.33305]},"A8s":{"weight":1.0,"played":[0.999,0.001],"evs":[0.0,-3.23535]},"A9s":{"weight":1.0,"played":[0.9979,0.0021],"evs":[0.0,-2.65238]},"ATs":{"weight":1.0,"played":[0.9973,0.0027],"evs":[0.0,-0.83716]},"AJs":{"weight":1.0,"played":[0.2277,0.7723],"evs":[0.0,0.19596]},"AQs":{"weight":1.0,"played":[5.0E-4,0.9995],"evs":[0.0,2.31926]},"AKs":{"weight":1.0,"played":[0.0,1.0],"evs":[0.0,5.86999]},"AA":{"weight":1.0,"played":[0.0,1.0],"evs":[0.0,25.59436]}}}