{"player":5,"street":0,"children":2,"sequence":[{"player":0,"type":"R","amount":985000,"street":0},{"player":1,"type":"C","amount":985000,"street":0},{"player":2,"type":"C","amount":985000,"street":0},{"player":3,"type":"F","amount":0,"street":0},{"player":4,"type":"R","amount":2985000,"street":0}],"actions":[{"type":"F","amount":0,"node":212},{"type":"C","amount":2885000,"node":213}],"hands":{"22":{"weight":1.0,"played":[0.995,0.005],"evs":[0.0,-0.67914]},"32o":{"weight":1.0,"played":[1.0,0.0],"evs":[0.0,-7.72216]},"42o":{"weight":1.0,"played":[1.0,0.0],"evs":[0.0,-6.95317]},"52o":{"weight":1.0,"played":[1.0,0.0],"evs":[0.0,-7.00659]},"62o":{"weight":1.0,"played":[1.0,0.0],"evs":[0.0,-7.40005]},"72o":{"weight":1.0,"played":[1.0,0.0],"evs":[0.0,-9.04791]},"82o":{"weight":1.0,"played":[0.9999,1.0E-4],"evs":[0.0,-8.21927]},"92o":{"weight":1.0,"played":[1.0,0.0],"evs":[0.0,-8.17625]},"T2o":{"weight":1.0,"played":[1.0,0.0],"evs":[0.0,-7.49621]},"J2o":{"weight":1.0,"played":[1.0,0.0],"evs":[0.0,-7.35225]},"Q2o":{"weight":1.0,"played":[1.0,0.0],"evs":[0.0,-7.13103]},"K2o":{"weight":1.0,"played":[0.9996,4.0E-4],"evs":[0.0,-6.04652]},"A2o":{"weight":1.0,"played":[0.9993,7.0E-4],"evs":[0.0,-5.05562]},"32s":{"weight":1.0,"played":[0.9995,5.0E-4],"evs":[0.0,-6.5957]},"33":{"weight":1.0,"played":[0.1012,0.8988],"evs":[0.0,0.73051]},"43o":{"weight":1.0,"played":[1.0,0.0],"evs":[0.0,-5.3529]},"53o":{"weight":1.0,"played":[1.0,0.0],"evs":[0.0,-5.54187]},"63o":{"weight":1.0,"played":[1.0,0.0],"evs":[0.0,-5.87353]},"73o":{"weight":1.0,"played":[0.9998,2.0E-4],"evs":[0.0,-6.78654]},"83o":{"weight":1.0,"played":[1.0,0.0],"evs":[0.0,-7.1864]},"93o":{"weight":1.0,"played":[1.0,0.0],"evs":[0.0,-7.50194]},"T3o":{"weight":1.0,"played":[0.9999,1.0E-4],"evs":[0.0,-7.34135]},"J3o":{"weight":1.0,"played":[1.0,0.0],"evs":[0.0,-6.66235]},"Q3o":{"weight":1.0,"played":[1.0,0.0],"evs":[0.0,-6.73805]},"K3o":{"weight":1.0,"played":[0.9998,2.0E-4],"evs":[0.0,-5.46259]},"A3o":{"weight":1.0,"played":[0.9998,2.0E-4],"evs":[0.0,-4.02867]},"42s":{"weight":1.0,"played":[1.0,0.0],"evs":[0.0,-5.19768]},"43s":{"weight":1.0,"played":[0.9998,2.0E-4],"evs":[0.0,-2.46261]},"44":{"weight":1.0,"played":[0.0036,0.9964],"evs":[0.0,2.00665]},"54o":{"weight":1.0,"played":[1.0,0.0],"evs":[0.0,-4.33874]},"64o":{"weight":1.0,"played":[1.0,0.0],"evs":[0.0,-5.43307]},"74o":{"weight":1.0,"played":[0.9997,3.0E-4],"evs":[0.0,-5.71343]},"84o":{"weight":1.0,"played":[1.0,0.0],"evs":[0.0,-5.9248]},"94o":{"weight":1.0,"played":[0.9998,2.0E-4],"evs":[0.0,-6.59014]},"T4o":{"weight":1.0,"played":[1.0,0.0],"evs":[0.0,-7.28738]},"J4o":{"weight":1.0,"played":[1.0,0.0],"evs":[0.0,-7.26815]},"Q4o":{"weight":1.0,"played":[0.9998,2.0E-4],"evs":[0.0,-5.75242]},"K4o":{"weight":1.0,"played":[0.9999,1.0E-4],"evs":[0.0,-5.07212]},"A4o":{"weight":1.0,"played":[0.9997,3.0E-4],"evs":[0.0,-3.31047]},"52s":{"weight":1.0,"played":[0.9981,0.0019],"evs":[0.0,-5.75505]},"53s":{"weight":1.0,"played":[0.9992,8.0E-4],"evs":[0.0,-4.54385]},"54s":{"weight":1.0,"played":[0.9364,0.0636],"evs":[0.0,-2.31145]},"55":{"weight":1.0,"played":[0.0092,0.9908],"evs":[0.0,1.23456]},"65o":{"weight":1.0,"played":[0.9998,2.0E-4],"evs":[0.0,-3.92511]},"75o":{"weight":1.0,"played":[0.9999,1.0E-4],"evs":[0.0,-4.64344]},"85o":{"weight":1.0,"played":[0.9999,1.0E-4],"evs":[0.0,-4.74799]},"95o":{"weight":1.0,"played":[0.9999,1.0E-4],"evs":[0.0,-5.4564]},"T5o":{"weight":1.0,"played":[0.9998,2.0E-4],"evs":[0.0,-7.41284]},"J5o":{"weight":1.0,"played":[0.9999,1.0E-4],"evs":[0.0,-5.38868]},"Q5o":{"weight":1.0,"played":[0.9997,3.0E-4],"evs":[0.0,-5.24456]},"K5o":{"weight":1.0,"played":[0.9999,1.0E-4],"evs":[0.0,-4.31884]},"A5o":{"weight":1.0,"played":[0.9987,0.0013],"evs":[0.0,-2.17423]},"62s":{"weight":1.0,"played":[1.0,0.0],"evs":[0.0,-5.03198]},"63s":{"weight":1.0,"played":[0.9852,0.0148],"evs":[0.0,-3.78896]},"64s":{"weight":1.0,"played":[0.9075,0.0925],"evs":[0.0,-0.48189]},"65s":{"weight":1.0,"played":[0.9976,0.0024],"evs":[0.0,-1.18076]},"66":{"weight":1.0,"played":[5.0E-4,0.9995],"evs":[0.0,3.34268]},"76o":{"weight":1.0,"played":[0.9995,5.0E-4],"evs":[0.0,-3.3112]},"86o":{"weight":1.0,"played":[0.9999,1.0E-4],"evs":[0.0,-3.24943]},"96o":{"weight":1.0,"played":[1.0,0.0],"evs":[0.0,-4.20458]},"T6o":{"weight":1.0,"played":[0.9999,1.0E-4],"evs":[0.0,-5.0801]},"J6o":{"weight":1.0,"played":[0.9997,3.0E-4],"evs":[0.0,-5.64462]},"Q6o":{"weight":1.0,"played":[0.9982,0.0018],"evs":[0.0,-5.50866]},"K6o":{"weight":1.0,"played":[0.9985,0.0015],"evs":[0.0,-3.5131]},"A6o":{"weight":1.0,"played":[0.9966,0.0034],"evs":[0.0,-3.82937]},"72s":{"weight":1.0,"played":[1.0,0.0],"evs":[0.0,-4.52497]},"73s":{"weight":1.0,"played":[0.9987,0.0013],"evs":[0.0,-2.80247]},"74s":{"weight":1.0,"played":[0.9997,3.0E-4],"evs":[0.0,-1.64053]},"75s":{"weight":1.0,"played":[0.9851,0.0149],"evs":[0.0,-1.90698]},"76s":{"weight":1.0,"played":[0.9794,0.0206],"evs":[0.0,-0.68406]},"77":{"weight":1.0,"played":[3.0E-4,0.9997],"evs":[0.0,5.08135]},"87o":{"weight":1.0,"played":[1.0,0.0],"evs":[0.0,-2.98136]},"97o":{"weight":1.0,"played":[0.9994,6.0E-4],"evs":[0.0,-3.35695]},"T7o":{"weight":1.0,"played":[0.9994,6.0E-4],"evs":[0.0,-4.39516]},"J7o":{"weight":1.0,"played":[0.9997,3.0E-4],"evs":[0.0,-4.93388]},"Q7o":{"weight":1.0,"played":[0.9981,0.0019],"evs":[0.0,-5.92653]},"K7o":{"weight":1.0,"played":[0.9972,0.0028],"evs":[0.0,-3.33369]},"A7o":{"weight":1.0,"played":[0.9984,0.0016],"evs":[0.0,-2.77993]},"82s":{"weight":1.0,"played":[0.9997,3.0E-4],"evs":[0.0,-5.3168]},"83s":{"weight":1.0,"played":[1.0,0.0],"evs":[0.0,-4.43703]},"84s":{"weight":1.0,"played":[0.981,0.019],"evs":[0.0,-3.69123]},"85s":{"weight":1.0,"played":[0.963,0.037],"evs":[0.0,-3.47673]},"86s":{"weight":1.0,"played":[0.9997,3.0E-4],"evs":[0.0,-1.1047]},"87s":{"weight":1.0,"played":[0.1678,0.8322],"evs":[0.0,1.32745]},"88":{"weight":1.0,"played":[0.0,1.0],"evs":[0.0,7.77888]},"98o":{"weight":1.0,"played":[0.9998,2.0E-4],"evs":[0.0,-2.53964]},"T8o":{"weight":1.0,"played":[0.9987,0.0013],"evs":[0.0,-3.21194]},"J8o":{"weight":1.0,"played":[1.0,0.0],"evs":[0.0,-3.01088]},"Q8o":{"weight":1.0,"played":[0.9992,8.0E-4],"evs":[0.0,-3.80732]},"K8o":{"weight":1.0,"played":[0.997,0.003],"evs":[0.0,-3.24611]},"A8o":{"weight":1.0,"played":[0.9992,8.0E-4],"evs":[0.0,-2.90031]},"92s":{"weight":1.0,"played":[0.9994,6.0E-4],"evs":[0.0,-3.31058]},"93s":{"weight":1.0,"played":[0.9906,0.0094],"evs":[0.0,-4.94296]},"94s":{"weight":1.0,"played":[0.9998,2.0E-4],"evs":[0.0,-3.81718]},"95s":{"weight":1.0,"played":[0.9867,0.0133],"evs":[0.0,-3.44246]},"96s":{"weight":1.0,"played":[0.9989,0.0011],"evs":[0.0,-1.09654]},"97s":{"weight":1.0,"played":[0.8349,0.1651],"evs":[0.0,-0.01248]},"98s":{"weight":1.0,"played":[0.5756,0.4244],"evs":[0.0,-0.57063]},"99":{"weight":1.0,"played":[0.0,1.0],"evs":[0.0,9.73475]},"T9o":{"weight":1.0,"played":[0.9953,0.0047],"evs":[0.0,-2.36798]},"J9o":{"weight":1.0,"played":[1.0,0.0],"evs":[0.0,-2.75353]},"Q9o":{"weight":1.0,"played":[1.0,0.0],"evs":[0.0,-2.80308]},"K9o":{"weight":1.0,"played":[0.9993,7.0E-4],"evs":[0.0,-2.62543]},"A9o":{"weight":1.0,"played":[0.9899,0.0101],"evs":[0.0,-2.21625]},"T2s":{"weight":1.0,"played":[0.9992,8.0E-4],"evs":[0.0,-4.30143]},"T3s":{"weight":1.0,"played":[0.9961,0.0039],"evs":[0.0,-4.40444]},"T4s":{"weight":1.0,"played":[0.9997,3.0E-4],"evs":[0.0,-3.21361]},"T5s":{"weight":1.0,"played":[0.9999,1.0E-4],"evs":[0.0,-3.08325]},"T6s":{"weight":1.0,"played":[0.9965,0.0035],"evs":[0.0,-4.24635]},"T7s":{"weight":1.0,"played":[0.9757,0.0243],"evs":[0.0,-2.05487]},"T8s":{"weight":1.0,"played":[0.6269,0.3731],"evs":[0.0,-0.17439]},"T9s":{"weight":1.0,"played":[0.0333,0.9667],"evs":[0.0,1.77853]},"TT":{"weight":1.0,"played":[0.0,1.0],"evs":[0.0,10.911]},"JTo":{"weight":1.0,"played":[0.9966,0.0034],"evs":[0.0,-2.38192]},"QTo":{"weight":1.0,"played":[0.9542,0.0458],"evs":[0.0,-2.33193]},"KTo":{"weight":1.0,"played":[0.997,0.003],"evs":[0.0,-1.30575]},"ATo":{"weight":1.0,"played":[0.3362,0.6638],"evs":[0.0,1.17369]},"J2s":{"weight":1.0,"played":[0.9967,0.0033],"evs":[0.0,-5.09205]},"J3s":{"weight":1.0,"played":[0.9977,0.0023],"evs":[0.0,-4.34152]},"J4s":{"weight":1.0,"played":[0.9999,1.0E-4],"evs":[0.0,-3.69921]},"J5s":{"weight":1.0,"played":[0.9848,0.0152],"evs":[0.0,-2.78628]},"J6s":{"weight":1.0,"played":[0.9925,0.0075],"evs":[0.0,-2.99712]},"J7s":{"weight":1.0,"played":[0.7914,0.2086],"evs":[0.0,-0.64217]},"J8s":{"weight":1.0,"played":[0.3639,0.6361],"evs":[0.0,0.75165]},"J9s":{"weight":1.0,"played":[0.6372,0.3628],"evs":[0.0,-0.29688]},"JTs":{"weight":1.0,"played":[0.2611,0.7389],"evs":[0.0,0.77149]},"JJ":{"weight":1.0,"played":[0.0,1.0],"evs":[0.0,13.4799]},"QJo":{"weight":1.0,"played":[0.9788,0.0212],"evs":[0.0,-1.54829]},"KJo":{"weight":1.0,"played":[0.9164,0.0836],"evs":[0.0,-1.21878]},"AJo":{"weight":1.0,"played":[2.0E-4,0.9998],"evs":[0.0,0.552]},"Q2s":{"weight":1.0,"played":[0.9995,5.0E-4],"evs":[0.0,-4.9479]},"Q3s":{"weight":1.0,"played":[0.8534,0.1466],"evs":[0.0,-2.10138]},"Q4s":{"weight":1.0,"played":[0.9999,1.0E-4],"evs":[0.0,-3.35021]},"Q5s":{"weight":1.0,"played":[0.9753,0.0247],"evs":[0.0,-2.77595]},"Q6s":{"weight":1.0,"played":[0.6842,0.3158],"evs":[0.0,-0.96796]},"Q7s":{"weight":1.0,"played":[0.9946,0.0054],"evs":[0.0,-1.85368]},"Q8s":{"weight":1.0,"played":[0.9967,0.0033],"evs":[0.0,-2.48505]},"Q9s":{"weight":1.0,"played":[0.4147,0.5853],"evs":[0.0,-0.32978]},"QTs":{"weight":1.0,"played":[0.2516,0.7484],"evs":[0.0,0.53815]},"QJs":{"weight":1.0,"played":[0.1332,0.8668],"evs":[0.0,2.61491]},"QQ":{"weight":1.0,"played":[0.0,1.0],"evs":[0.0,17.6232]},"KQo":{"weight":1.0,"played":[0.0078,0.9922],"evs":[0.0,1.0052]},"AQo":{"weight":1.0,"played":[1.0E-4,0.9999],"evs":[0.0,3.37787]},"K2s":{"weight":1.0,"played":[0.9996,4.0E-4],"evs":[0.0,-1.50308]},"K3s":{"weight":1.0,"played":[0.9822,0.0178],"evs":[0.0,-2.88191]},"K4s":{"weight":1.0,"played":[0.8943,0.1057],"evs":[0.0,-3.17298]},"K5s":{"weight":1.0,"played":[0.9325,0.0675],"evs":[0.0,-1.27543]},"K6s":{"weight":1.0,"played":[0.8117,0.1883],"evs":[0.0,-0.03016]},"K7s":{"weight":1.0,"played":[0.7135,0.2865],"evs":[0.0,-0.35065]},"K8s":{"weight":1.0,"played":[0.6021,0.3979],"evs":[0.0,-2.36507]},"K9s":{"weight":1.0,"played":[0.0499,0.9501],"evs":[0.0,0.49808]},"KTs":{"weight":1.0,"played":[0.033,0.967],"evs":[0.0,2.83746]},"KJs":{"weight":1.0,"played":[2.0E-4,0.9998],"evs":[0.0,4.04482]},"KQs":{"weight":1.0,"played":[3.0E-4,0.9997],"evs":[0.0,4.54427]},"KK":{"weight":1.0,"played":[0.0,1.0],"evs":[0.0,23.08632]},"AKo":{"weight":1.0,"played":[0.0,1.0],"evs":[0.0,6.46733]},"A2s":{"weight":1.0,"played":[0.9975,0.0025],"evs":[0.0,-1.69589]},"A3s":{"weight":1.0,"played":[0.7505,0.2495],"evs":[0.0,0.69018]},"A4s":{"weight":1.0,"played":[0.9477,0.0523],"evs":[0.0,-0.9268]},"A5s":{"weight":1.0,"played":[0.2076,0.7924],"evs":[0.0,0.20215]},"A6s":{"weight":1.0,"played":[0.8449,0.1551],"evs":[0.0,0.48242]},"A7s":{"weight":1.0,"played":[0.281,0.719],"evs":[0.0,0.42064]},"A8s":{"weight":1.0,"played":[0.0812,0.9188],"evs":[0.0,1.91138]},"A9s":{"weight":1.0,"played":[0.0542,0.9458],"evs":[0.0,1.83146]},"ATs":{"weight":1.0,"played":[0.0196,0.9804],"evs":[0.0,1.87433]},"AJs":{"weight":1.0,"played":[0.0257,0.9743],"evs":[0.0,3.65563]},"AQs":{"weight":1.0,"played":[0.0,1.0],"evs":[0.0,5.83509]},"AKs":{"weight":1.0,"played":[0.0,1.0],"evs":[0.0,6.36708]},"AA":{"weight":1.0,"played":[0.0,1.0],"evs":[0.0,28.16299]}}}