{"player":2,"street":0,"children":2,"sequence":[{"player":0,"type":"R","amount":985000,"street":0},{"player":1,"type":"C","amount":985000,"street":0},{"player":2,"type":"C","amount":985000,"street":0},{"player":3,"type":"F","amount":0,"street":0},{"player":4,"type":"R","amount":2985000,"street":0},{"player":5,"type":"F","amount":0,"street":0}],"actions":[{"type":"F","amount":0},{"type":"C","amount":290000}],"hands":{"22":{"weight":0.0,"played":[0.0,1.0],"evs":[0.0,6.8533]},"32o":{"weight":0.0,"played":[0.0,1.0],"evs":[0.0,4.29291]},"42o":{"weight":0.0,"played":[0.0,1.0],"evs":[0.0,4.42538]},"52o":{"weight":0.0,"played":[0.0,1.0],"evs":[0.0,4.92096]},"62o":{"weight":0.0,"played":[0.0,1.0],"evs":[0.0,4.45686]},"72o":{"weight":0.0,"played":[0.0,1.0],"evs":[0.0,3.81456]},"82o":{"weight":0.0,"played":[0.0,1.0],"evs":[0.0,4.36579]},"92o":{"weight":0.0,"played":[0.0,1.0],"evs":[0.0,4.2627]},"T2o":{"weight":0.0,"played":[0.0,1.0],"evs":[0.0,4.25165]},"J2o":{"weight":0.0,"played":[0.0,1.0],"evs":[0.0,4.33555]},"Q2o":{"weight":0.0,"played":[0.0,1.0],"evs":[0.0,4.5408]},"K2o":{"weight":0.0,"played":[0.0,1.0],"evs":[0.0,4.78941]},"A2o":{"weight":0.0,"played":[0.0,1.0],"evs":[0.0,5.05966]},"32s":{"weight":0.0,"played":[0.0,1.0],"evs":[0.0,5.73077]},"33":{"weight":0.0,"played":[0.0,1.0],"evs":[0.0,7.50443]},"43o":{"weight":0.0,"played":[0.0,1.0],"evs":[0.0,5.08008]},"53o":{"weight":0.0,"played":[0.0,1.0],"evs":[0.0,5.34671]},"63o":{"weight":0.0,"played":[0.0,1.0],"evs":[0.0,5.07969]},"73o":{"weight":0.0,"played":[0.0,1.0],"evs":[0.0,4.5327]},"83o":{"weight":0.0,"played":[0.0,1.0],"evs":[0.0,4.36217]},"93o":{"weight":0.0,"played":[0.0,1.0],"evs":[0.0,4.53052]},"T3o":{"weight":0.0,"played":[0.0,1.0],"evs":[0.0,4.47441]},"J3o":{"weight":0.0,"played":[0.0,1.0],"evs":[0.0,4.57907]},"Q3o":{"weight":0.0,"played":[0.0,1.0],"evs":[0.0,4.71858]},"K3o":{"weight":0.0,"played":[0.0,1.0],"evs":[0.0,5.22952]},"A3o":{"weight":0.0,"played":[0.0,1.0],"evs":[0.0,5.12722]},"42s":{"weight":0.0,"played":[0.0,1.0],"evs":[0.0,6.24989]},"43s":{"weight":0.0,"played":[0.0,1.0],"evs":[0.0,6.70328]},"44":{"weight":5.0E-4,"played":[0.0,1.0],"evs":[0.0,7.80849]},"54o":{"weight":0.0,"played":[0.0,1.0],"evs":[0.0,6.07848]},"64o":{"weight":0.0,"played":[0.0,1.0],"evs":[0.0,5.81506]},"74o":{"weight":0.0,"played":[0.0,1.0],"evs":[0.0,5.30687]},"84o":{"weight":0.0,"played":[0.0,1.0],"evs":[0.0,4.80093]},"94o":{"weight":0.0,"played":[0.0,1.0],"evs":[0.0,4.61867]},"T4o":{"weight":0.0,"played":[0.0,1.0],"evs":[0.0,4.30762]},"J4o":{"weight":0.0,"played":[0.0,1.0],"evs":[0.0,4.60907]},"Q4o":{"weight":0.0,"played":[0.0,1.0],"evs":[0.0,4.81997]},"K4o":{"weight":0.0,"played":[0.0,1.0],"evs":[0.0,5.24392]},"A4o":{"weight":0.0,"played":[0.0,1.0],"evs":[0.0,5.5886]},"52s":{"weight":0.0,"played":[0.0,1.0],"evs":[0.0,6.12619]},"53s":{"weight":0.0,"played":[0.0,1.0],"evs":[0.0,7.11121]},"54s":{"weight":2.0E-4,"played":[0.0,1.0],"evs":[0.0,7.45402]},"55":{"weight":0.9718,"played":[0.0,1.0],"evs":[0.0,8.72996]},"65o":{"weight":0.0,"played":[0.0,1.0],"evs":[0.0,6.44544]},"75o":{"weight":0.0,"played":[0.0,1.0],"evs":[0.0,5.96721]},"85o":{"weight":0.0,"played":[0.0,1.0],"evs":[0.0,5.58587]},"95o":{"weight":0.0,"played":[0.0,1.0],"evs":[0.0,5.23534]},"T5o":{"weight":0.0,"played":[0.0,1.0],"evs":[0.0,4.6962]},"J5o":{"weight":0.0,"played":[0.0,1.0],"evs":[0.0,4.81559]},"Q5o":{"weight":0.0,"played":[0.0,1.0],"evs":[0.0,5.13506]},"K5o":{"weight":0.0,"played":[0.0,1.0],"evs":[0.0,5.61315]},"A5o":{"weight":0.0,"played":[0.0,1.0],"evs":[0.0,5.95268]},"62s":{"weight":0.0,"played":[0.0,1.0],"evs":[0.0,6.2395]},"63s":{"weight":0.0,"played":[0.0,1.0],"evs":[0.0,6.50802]},"64s":{"weight":0.0,"played":[0.0,1.0],"evs":[0.0,7.30388]},"65s":{"weight":0.0029,"played":[0.0,1.0],"evs":[0.0,7.57783]},"66":{"weight":0.3533,"played":[0.0,1.0],"evs":[0.0,9.22513]},"76o":{"weight":0.0,"played":[0.0,1.0],"evs":[0.0,6.50237]},"86o":{"weight":0.0,"played":[0.0,1.0],"evs":[0.0,5.96376]},"96o":{"weight":0.0,"played":[0.0,1.0],"evs":[0.0,5.91484]},"T6o":{"weight":0.0,"played":[0.0,1.0],"evs":[0.0,5.30391]},"J6o":{"weight":0.0,"played":[0.0,1.0],"evs":[0.0,5.16576]},"Q6o":{"weight":0.0,"played":[0.0,1.0],"evs":[0.0,5.2603]},"K6o":{"weight":0.0,"played":[0.0,1.0],"evs":[0.0,5.86686]},"A6o":{"weight":0.0,"played":[0.0,1.0],"evs":[0.0,5.49601]},"72s":{"weight":0.0,"played":[0.0,1.0],"evs":[0.0,5.15552]},"73s":{"weight":0.0,"played":[0.0,1.0],"evs":[0.0,6.18471]},"74s":{"weight":0.0,"played":[0.0,1.0],"evs":[0.0,6.9233]},"75s":{"weight":0.0,"played":[0.0,1.0],"evs":[0.0,7.55959]},"76s":{"weight":9.0E-4,"played":[0.0,1.0],"evs":[0.0,7.881]},"77":{"weight":0.9231,"played":[0.0,1.0],"evs":[0.0,10.11568]},"87o":{"weight":0.0,"played":[0.0,1.0],"evs":[0.0,6.53474]},"97o":{"weight":0.0,"played":[0.0,1.0],"evs":[0.0,6.29257]},"T7o":{"weight":0.0,"played":[0.0,1.0],"evs":[0.0,5.97156]},"J7o":{"weight":0.0,"played":[0.0,1.0],"evs":[0.0,5.56211]},"Q7o":{"weight":0.0,"played":[0.0,1.0],"evs":[0.0,5.44403]},"K7o":{"weight":0.0,"played":[0.0,1.0],"evs":[0.0,6.03609]},"A7o":{"weight":0.0,"played":[0.0,1.0],"evs":[0.0,5.80079]},"82s":{"weight":0.0,"played":[0.0,1.0],"evs":[0.0,5.91057]},"83s":{"weight":0.0,"played":[0.0,1.0],"evs":[0.0,5.64719]},"84s":{"weight":0.0,"played":[0.0,1.0],"evs":[0.0,6.51973]},"85s":{"weight":0.0,"played":[0.0,1.0],"evs":[0.0,6.81786]},"86s":{"weight":0.0,"played":[0.0,1.0],"evs":[0.0,7.89505]},"87s":{"weight":0.0,"played":[0.0,1.0],"evs":[0.0,7.62002]},"88":{"weight":0.6517,"played":[0.0,1.0],"evs":[0.0,10.72953]},"98o":{"weight":0.0,"played":[0.0,1.0],"evs":[0.0,6.70031]},"T8o":{"weight":0.0,"played":[0.0,1.0],"evs":[0.0,6.32759]},"J8o":{"weight":0.0,"played":[0.0,1.0],"evs":[0.0,6.02365]},"Q8o":{"weight":0.0,"played":[0.0,1.0],"evs":[0.0,5.84189]},"K8o":{"weight":0.0,"played":[0.0,1.0],"evs":[0.0,5.8905]},"A8o":{"weight":0.0,"played":[0.0,1.0],"evs":[0.0,6.26402]},"92s":{"weight":0.0,"played":[0.0,1.0],"evs":[0.0,5.81251]},"93s":{"weight":0.0,"played":[0.0,1.0],"evs":[0.0,6.26398]},"94s":{"weight":0.0,"played":[0.0,1.0],"evs":[0.0,6.18129]},"95s":{"weight":0.0,"played":[0.0,1.0],"evs":[0.0,6.63165]},"96s":{"weight":0.0,"played":[0.0,1.0],"evs":[0.0,7.68597]},"97s":{"weight":0.0,"played":[0.0,1.0],"evs":[0.0,8.05299]},"98s":{"weight":0.0155,"played":[0.0,1.0],"evs":[0.0,8.4754]},"99":{"weight":0.9629,"played":[0.0,1.0],"evs":[0.0,11.71868]},"T9o":{"weight":0.0,"played":[0.0,1.0],"evs":[0.0,6.73754]},"J9o":{"weight":0.0,"played":[0.0,1.0],"evs":[0.0,6.46146]},"Q9o":{"weight":0.0,"played":[0.0,1.0],"evs":[0.0,6.59907]},"K9o":{"weight":0.0,"played":[0.0,1.0],"evs":[0.0,6.62537]},"A9o":{"weight":0.0,"played":[0.0,1.0],"evs":[0.0,6.66953]},"T2s":{"weight":0.0,"played":[0.0,1.0],"evs":[0.0,5.83133]},"T3s":{"weight":0.0,"played":[0.0,1.0],"evs":[0.0,6.31397]},"T4s":{"weight":0.0,"played":[0.0,1.0],"evs":[0.0,5.83753]},"T5s":{"weight":0.0,"played":[0.0,1.0],"evs":[0.0,6.4133]},"T6s":{"weight":0.0,"played":[0.0,1.0],"evs":[0.0,6.63463]},"T7s":{"weight":0.0,"played":[0.0,1.0],"evs":[0.0,7.33392]},"T8s":{"weight":0.0025,"played":[0.0,1.0],"evs":[0.0,8.15257]},"T9s":{"weight":0.9665,"played":[0.0,1.0],"evs":[0.0,8.24193]},"TT":{"weight":0.5663,"played":[0.0,1.0],"evs":[0.0,12.89014]},"JTo":{"weight":0.0,"played":[0.0,1.0],"evs":[0.0,7.0353]},"QTo":{"weight":1.0E-4,"played":[0.0,1.0],"evs":[0.0,7.00262]},"KTo":{"weight":0.0,"played":[0.0,1.0],"evs":[0.0,7.24902]},"ATo":{"weight":3.0E-4,"played":[0.0,1.0],"evs":[0.0,7.72148]},"J2s":{"weight":0.0,"played":[0.0,1.0],"evs":[0.0,5.75932]},"J3s":{"weight":0.0,"played":[0.0,1.0],"evs":[0.0,5.83234]},"J4s":{"weight":0.0,"played":[0.0,1.0],"evs":[0.0,6.44626]},"J5s":{"weight":0.0,"played":[0.0,1.0],"evs":[0.0,6.59163]},"J6s":{"weight":0.0,"played":[0.0,1.0],"evs":[0.0,6.64852]},"J7s":{"weight":0.0,"played":[0.0,1.0],"evs":[0.0,7.15832]},"J8s":{"weight":6.0E-4,"played":[0.0,1.0],"evs":[0.0,7.89993]},"J9s":{"weight":0.0183,"played":[0.0,1.0],"evs":[0.0,8.06182]},"JTs":{"weight":0.9666,"played":[0.0,1.0],"evs":[0.0,8.68995]},"JJ":{"weight":0.7377,"played":[0.0,1.0],"evs":[0.0,14.79681]},"QJo":{"weight":1.0E-4,"played":[0.0,1.0],"evs":[0.0,7.43545]},"KJo":{"weight":2.0E-4,"played":[0.0,1.0],"evs":[0.0,7.82785]},"AJo":{"weight":0.8526,"played":[0.0,1.0],"evs":[0.0,8.6049]},"Q2s":{"weight":0.0,"played":[0.0,1.0],"evs":[0.0,6.55688]},"Q3s":{"weight":0.0,"played":[0.0,1.0],"evs":[0.0,6.40663]},"Q4s":{"weight":0.0,"played":[0.0,1.0],"evs":[0.0,6.18905]},"Q5s":{"weight":0.0,"played":[0.0,1.0],"evs":[0.0,6.88229]},"Q6s":{"weight":0.0,"played":[0.0,1.0],"evs":[0.0,7.25389]},"Q7s":{"weight":0.0,"played":[0.0,1.0],"evs":[0.0,7.00624]},"Q8s":{"weight":0.0,"played":[0.0,1.0],"evs":[0.0,7.43819]},"Q9s":{"weight":0.007,"played":[0.0,1.0],"evs":[0.0,7.689]},"QTs":{"weight":0.9719,"played":[0.0,1.0],"evs":[0.0,8.3082]},"QJs":{"weight":0.6721,"played":[0.0,1.0],"evs":[0.0,8.99196]},"QQ":{"weight":0.6785,"played":[0.0,1.0],"evs":[0.0,17.33911]},"KQo":{"weight":0.8798,"played":[0.0,1.0],"evs":[0.0,8.75883]},"AQo":{"weight":0.8054,"played":[0.0,1.0],"evs":[0.0,9.94542]},"K2s":{"weight":0.0,"played":[0.0,1.0],"evs":[0.0,6.95229]},"K3s":{"weight":0.0,"played":[0.0,1.0],"evs":[0.0,6.71378]},"K4s":{"weight":0.0,"played":[0.0,1.0],"evs":[0.0,6.67037]},"K5s":{"weight":2.0E-4,"played":[0.0,1.0],"evs":[0.0,7.01218]},"K6s":{"weight":1.0E-4,"played":[0.0,1.0],"evs":[0.0,7.14765]},"K7s":{"weight":0.0,"played":[0.0,1.0],"evs":[0.0,7.52548]},"K8s":{"weight":2.0E-4,"played":[0.0,1.0],"evs":[0.0,7.44427]},"K9s":{"weight":0.1027,"played":[0.0,1.0],"evs":[0.0,8.04701]},"KTs":{"weight":0.7602,"played":[0.0,1.0],"evs":[0.0,9.00239]},"KJs":{"weight":0.6925,"played":[0.0,1.0],"evs":[0.0,9.34047]},"KQs":{"weight":0.6513,"played":[0.0,1.0],"evs":[0.0,9.9606]},"KK":{"weight":0.9439,"played":[0.0,1.0],"evs":[0.0,20.47624]},"AKo":{"weight":0.5853,"played":[0.0,1.0],"evs":[0.0,11.11034]},"A2s":{"weight":0.0,"played":[0.0,1.0],"evs":[0.0,6.97231]},"A3s":{"weight":0.0,"played":[0.0,1.0],"evs":[0.0,6.9735]},"A4s":{"weight":1.0E-4,"played":[0.0,1.0],"evs":[0.0,7.48786]},"A5s":{"weight":4.0E-4,"played":[0.0,1.0],"evs":[0.0,8.139]},"A6s":{"weight":0.0,"played":[0.0,1.0],"evs":[0.0,7.23733]},"A7s":{"weight":3.0E-4,"played":[0.0,1.0],"evs":[0.0,7.56035]},"A8s":{"weight":0.0014,"played":[0.0,1.0],"evs":[0.0,7.92929]},"A9s":{"weight":0.5179,"played":[0.0,1.0],"evs":[0.0,8.26287]},"ATs":{"weight":0.9666,"played":[0.0,1.0],"evs":[0.0,9.2359]},"AJs":{"weight":0.937,"played":[0.0,1.0],"evs":[0.0,10.2878]},"AQs":{"weight":0.9935,"played":[0.0,1.0],"evs":[0.0,11.25921]},"AKs":{"weight":0.9253,"played":[0.0,1.0],"evs":[0.0,12.51886]},"AA":{"weight":0.901,"played":[0.0,1.0],"evs":[0.0,24.70313]}}}