{"player":2,"street":0,"children":2,"sequence":[{"player":0,"type":"R","amount":985000,"street":0},{"player":1,"type":"C","amount":985000,"street":0},{"player":2,"type":"C","amount":985000,"street":0},{"player":3,"type":"R","amount":2485000,"street":0},{"player":4,"type":"F","amount":0,"street":0},{"player":5,"type":"C","amount":2385000,"street":0}],"actions":[{"type":"F","amount":0},{"type":"C","amount":290000}],"hands":{"22":{"weight":0.0,"played":[0.0,1.0],"evs":[0.0,7.20057]},"32o":{"weight":0.0,"played":[0.0,1.0],"evs":[0.0,3.89625]},"42o":{"weight":0.0,"played":[0.0,1.0],"evs":[0.0,4.20781]},"52o":{"weight":0.0,"played":[0.0,1.0],"evs":[0.0,4.32678]},"62o":{"weight":0.0,"played":[0.0,1.0],"evs":[0.0,4.35444]},"72o":{"weight":0.0,"played":[0.0,1.0],"evs":[0.0,3.78932]},"82o":{"weight":0.0,"played":[0.0,1.0],"evs":[0.0,3.83786]},"92o":{"weight":0.0,"played":[0.0,1.0],"evs":[0.0,3.27722]},"T2o":{"weight":0.0,"played":[0.0,1.0],"evs":[0.0,3.63827]},"J2o":{"weight":0.0,"played":[0.0,1.0],"evs":[0.0,3.43741]},"Q2o":{"weight":0.0,"played":[1.0E-4,0.9999],"evs":[0.0,4.11878]},"K2o":{"weight":0.0,"played":[0.0,1.0],"evs":[0.0,3.58831]},"A2o":{"weight":0.0,"played":[0.0,1.0],"evs":[0.0,4.46823]},"32s":{"weight":0.0,"played":[3.0E-4,0.9997],"evs":[0.0,7.49357]},"33":{"weight":0.0,"played":[0.0,1.0],"evs":[0.0,6.92098]},"43o":{"weight":0.0,"played":[0.0,1.0],"evs":[0.0,5.13177]},"53o":{"weight":0.0,"played":[0.0,1.0],"evs":[0.0,5.40864]},"63o":{"weight":0.0,"played":[0.0,1.0],"evs":[0.0,5.05135]},"73o":{"weight":0.0,"played":[0.0,1.0],"evs":[0.0,3.74534]},"83o":{"weight":0.0,"played":[0.0,1.0],"evs":[0.0,3.61791]},"93o":{"weight":0.0,"played":[0.0,1.0],"evs":[0.0,3.73518]},"T3o":{"weight":0.0,"played":[0.0,1.0],"evs":[0.0,3.54174]},"J3o":{"weight":0.0,"played":[0.0,1.0],"evs":[0.0,3.65658]},"Q3o":{"weight":0.0,"played":[0.0,1.0],"evs":[0.0,3.77073]},"K3o":{"weight":0.0,"played":[0.0,1.0],"evs":[0.0,4.20661]},"A3o":{"weight":0.0,"played":[0.0,1.0],"evs":[0.0,3.91843]},"42s":{"weight":0.0,"played":[0.0,1.0],"evs":[0.0,5.63822]},"43s":{"weight":0.0,"played":[0.0,1.0],"evs":[0.0,5.63217]},"44":{"weight":5.0E-4,"played":[0.0,1.0],"evs":[0.0,7.72448]},"54o":{"weight":0.0,"played":[0.0,1.0],"evs":[0.0,5.85405]},"64o":{"weight":0.0,"played":[0.0,1.0],"evs":[0.0,5.51201]},"74o":{"weight":0.0,"played":[0.0,1.0],"evs":[0.0,4.69278]},"84o":{"weight":0.0,"played":[0.0,1.0],"evs":[0.0,4.31062]},"94o":{"weight":0.0,"played":[0.0,1.0],"evs":[0.0,3.75328]},"T4o":{"weight":0.0,"played":[0.0,1.0],"evs":[0.0,3.82859]},"J4o":{"weight":0.0,"played":[0.0,1.0],"evs":[0.0,4.23317]},"Q4o":{"weight":0.0,"played":[0.0,1.0],"evs":[0.0,4.18642]},"K4o":{"weight":0.0,"played":[0.0,1.0],"evs":[0.0,4.08603]},"A4o":{"weight":0.0,"played":[0.0,1.0],"evs":[0.0,4.58452]},"52s":{"weight":0.0,"played":[1.0E-4,0.9999],"evs":[0.0,6.78652]},"53s":{"weight":0.0,"played":[0.0,1.0],"evs":[0.0,6.56653]},"54s":{"weight":2.0E-4,"played":[0.0,1.0],"evs":[0.0,7.48025]},"55":{"weight":0.9718,"played":[0.0,1.0],"evs":[0.0,8.1887]},"65o":{"weight":0.0,"played":[0.0,1.0],"evs":[0.0,6.49698]},"75o":{"weight":0.0,"played":[0.0,1.0],"evs":[0.0,5.54893]},"85o":{"weight":0.0,"played":[0.0,1.0],"evs":[0.0,4.92486]},"95o":{"weight":0.0,"played":[0.0,1.0],"evs":[0.0,4.87179]},"T5o":{"weight":0.0,"played":[0.0,1.0],"evs":[0.0,3.70942]},"J5o":{"weight":0.0,"played":[0.0,1.0],"evs":[0.0,4.26606]},"Q5o":{"weight":0.0,"played":[0.0,1.0],"evs":[0.0,4.22527]},"K5o":{"weight":0.0,"played":[0.0,1.0],"evs":[0.0,4.51878]},"A5o":{"weight":0.0,"played":[0.0,1.0],"evs":[0.0,4.70554]},"62s":{"weight":0.0,"played":[3.0E-4,0.9997],"evs":[0.0,5.9817]},"63s":{"weight":0.0,"played":[4.0E-4,0.9996],"evs":[0.0,7.08398]},"64s":{"weight":0.0,"played":[2.0E-4,0.9998],"evs":[0.0,8.06672]},"65s":{"weight":0.0029,"played":[0.0,1.0],"evs":[0.0,7.4976]},"66":{"weight":0.3533,"played":[1.0E-4,0.9999],"evs":[0.0,9.27269]},"76o":{"weight":0.0,"played":[0.0,1.0],"evs":[0.0,5.90769]},"86o":{"weight":0.0,"played":[0.0,1.0],"evs":[0.0,6.01208]},"96o":{"weight":0.0,"played":[0.0,1.0],"evs":[0.0,5.16331]},"T6o":{"weight":0.0,"played":[0.0,1.0],"evs":[0.0,4.46564]},"J6o":{"weight":0.0,"played":[0.0,1.0],"evs":[0.0,4.28311]},"Q6o":{"weight":0.0,"played":[0.0,1.0],"evs":[0.0,4.41481]},"K6o":{"weight":0.0,"played":[0.0,1.0],"evs":[0.0,4.75862]},"A6o":{"weight":0.0,"played":[0.0,1.0],"evs":[0.0,3.85519]},"72s":{"weight":0.0,"played":[0.0,1.0],"evs":[0.0,5.31654]},"73s":{"weight":0.0,"played":[1.0E-4,0.9999],"evs":[0.0,6.86011]},"74s":{"weight":0.0,"played":[0.0,1.0],"evs":[0.0,7.26144]},"75s":{"weight":0.0,"played":[0.0,1.0],"evs":[0.0,7.33236]},"76s":{"weight":9.0E-4,"played":[0.0,1.0],"evs":[0.0,8.59304]},"77":{"weight":0.9231,"played":[0.0,1.0],"evs":[0.0,9.43507]},"87o":{"weight":0.0,"played":[0.0,1.0],"evs":[0.0,6.07017]},"97o":{"weight":0.0,"played":[0.0,1.0],"evs":[0.0,5.84808]},"T7o":{"weight":0.0,"played":[0.0,1.0],"evs":[0.0,5.23671]},"J7o":{"weight":0.0,"played":[0.0,1.0],"evs":[0.0,4.7377]},"Q7o":{"weight":0.0,"played":[0.0,1.0],"evs":[0.0,4.43071]},"K7o":{"weight":0.0,"played":[0.0,1.0],"evs":[0.0,4.61065]},"A7o":{"weight":0.0,"played":[0.0,1.0],"evs":[0.0,4.69784]},"82s":{"weight":0.0,"played":[1.0E-4,0.9999],"evs":[0.0,5.25929]},"83s":{"weight":0.0,"played":[0.0,1.0],"evs":[0.0,6.12508]},"84s":{"weight":0.0,"played":[0.0,1.0],"evs":[0.0,6.11569]},"85s":{"weight":0.0,"played":[0.0,1.0],"evs":[0.0,7.60416]},"86s":{"weight":0.0,"played":[0.0,1.0],"evs":[0.0,6.95916]},"87s":{"weight":0.0,"played":[0.0,1.0],"evs":[0.0,7.75172]},"88":{"weight":0.6517,"played":[0.0,1.0],"evs":[0.0,9.75612]},"98o":{"weight":0.0,"played":[0.0,1.0],"evs":[0.0,5.87714]},"T8o":{"weight":0.0,"played":[0.0,1.0],"evs":[0.0,5.80011]},"J8o":{"weight":0.0,"played":[0.0,1.0],"evs":[0.0,5.09293]},"Q8o":{"weight":0.0,"played":[0.0,1.0],"evs":[0.0,5.16953]},"K8o":{"weight":0.0,"played":[0.0,1.0],"evs":[0.0,4.66963]},"A8o":{"weight":0.0,"played":[0.0,1.0],"evs":[0.0,4.68087]},"92s":{"weight":0.0,"played":[0.0,1.0],"evs":[0.0,6.59688]},"93s":{"weight":0.0,"played":[0.0,1.0],"evs":[0.0,6.05987]},"94s":{"weight":0.0,"played":[0.0,1.0],"evs":[0.0,4.78294]},"95s":{"weight":0.0,"played":[1.0E-4,0.9999],"evs":[0.0,8.01562]},"96s":{"weight":0.0,"played":[0.0,1.0],"evs":[0.0,6.96311]},"97s":{"weight":0.0,"played":[0.0,1.0],"evs":[0.0,7.10018]},"98s":{"weight":0.0155,"played":[0.0,1.0],"evs":[0.0,8.27672]},"99":{"weight":0.9629,"played":[0.0,1.0],"evs":[0.0,10.98316]},"T9o":{"weight":0.0,"played":[0.0,1.0],"evs":[0.0,6.42511]},"J9o":{"weight":0.0,"played":[0.0,1.0],"evs":[0.0,6.43118]},"Q9o":{"weight":0.0,"played":[0.0,1.0],"evs":[0.0,5.99367]},"K9o":{"weight":0.0,"played":[0.0,1.0],"evs":[0.0,5.63569]},"A9o":{"weight":0.0,"played":[0.0,1.0],"evs":[0.0,5.12823]},"T2s":{"weight":0.0,"played":[0.0,1.0],"evs":[0.0,4.9933]},"T3s":{"weight":0.0,"played":[0.0,1.0],"evs":[0.0,6.83743]},"T4s":{"weight":0.0,"played":[0.0,1.0],"evs":[0.0,6.00799]},"T5s":{"weight":0.0,"played":[0.0,1.0],"evs":[0.0,6.36803]},"T6s":{"weight":0.0,"played":[0.0,1.0],"evs":[0.0,6.85315]},"T7s":{"weight":0.0,"played":[0.0,1.0],"evs":[0.0,7.82427]},"T8s":{"weight":0.0025,"played":[0.0,1.0],"evs":[0.0,8.00619]},"T9s":{"weight":0.9665,"played":[0.0,1.0],"evs":[0.0,8.13285]},"TT":{"weight":0.5663,"played":[0.0,1.0],"evs":[0.0,12.97351]},"JTo":{"weight":0.0,"played":[0.0,1.0],"evs":[0.0,6.52387]},"QTo":{"weight":1.0E-4,"played":[0.0,1.0],"evs":[0.0,6.0133]},"KTo":{"weight":0.0,"played":[0.0,1.0],"evs":[0.0,6.18421]},"ATo":{"weight":3.0E-4,"played":[0.0,1.0],"evs":[0.0,6.08758]},"J2s":{"weight":0.0,"played":[0.0,1.0],"evs":[0.0,5.98884]},"J3s":{"weight":0.0,"played":[0.0,1.0],"evs":[0.0,4.82453]},"J4s":{"weight":0.0,"played":[0.0,1.0],"evs":[0.0,4.98384]},"J5s":{"weight":0.0,"played":[0.0,1.0],"evs":[0.0,6.03539]},"J6s":{"weight":0.0,"played":[0.0,1.0],"evs":[0.0,6.0897]},"J7s":{"weight":0.0,"played":[0.0,1.0],"evs":[0.0,5.6441]},"J8s":{"weight":6.0E-4,"played":[0.0,1.0],"evs":[0.0,5.88126]},"J9s":{"weight":0.0183,"played":[0.0,1.0],"evs":[0.0,7.46854]},"JTs":{"weight":0.9666,"played":[0.0,1.0],"evs":[0.0,8.38445]},"JJ":{"weight":0.7377,"played":[0.0,1.0],"evs":[0.0,15.12502]},"QJo":{"weight":1.0E-4,"played":[0.0,1.0],"evs":[0.0,6.85448]},"KJo":{"weight":2.0E-4,"played":[0.0,1.0],"evs":[0.0,7.23633]},"AJo":{"weight":0.8526,"played":[0.0,1.0],"evs":[0.0,7.57539]},"Q2s":{"weight":0.0,"played":[4.0E-4,0.9996],"evs":[0.0,5.96986]},"Q3s":{"weight":0.0,"played":[0.0,1.0],"evs":[0.0,5.42892]},"Q4s":{"weight":0.0,"played":[0.0,1.0],"evs":[0.0,5.66755]},"Q5s":{"weight":0.0,"played":[0.0,1.0],"evs":[0.0,5.58737]},"Q6s":{"weight":0.0,"played":[0.0,1.0],"evs":[0.0,6.18109]},"Q7s":{"weight":0.0,"played":[0.0,1.0],"evs":[0.0,6.88246]},"Q8s":{"weight":0.0,"played":[1.0E-4,0.9999],"evs":[0.0,6.94846]},"Q9s":{"weight":0.007,"played":[0.0,1.0],"evs":[0.0,8.60505]},"QTs":{"weight":0.9719,"played":[0.0,1.0],"evs":[0.0,8.34422]},"QJs":{"weight":0.6721,"played":[0.0,1.0],"evs":[0.0,7.5868]},"QQ":{"weight":0.6785,"played":[0.0,1.0],"evs":[0.0,17.47092]},"KQo":{"weight":0.8798,"played":[0.0,1.0],"evs":[0.0,7.94992]},"AQo":{"weight":0.8054,"played":[0.0,1.0],"evs":[0.0,8.37101]},"K2s":{"weight":0.0,"played":[1.0E-4,0.9999],"evs":[0.0,6.36121]},"K3s":{"weight":0.0,"played":[0.0,1.0],"evs":[0.0,6.20641]},"K4s":{"weight":0.0,"played":[1.0E-4,0.9999],"evs":[0.0,6.18748]},"K5s":{"weight":2.0E-4,"played":[0.0,1.0],"evs":[0.0,6.77983]},"K6s":{"weight":1.0E-4,"played":[1.0E-4,0.9999],"evs":[0.0,6.95133]},"K7s":{"weight":0.0,"played":[1.0E-4,0.9999],"evs":[0.0,6.96405]},"K8s":{"weight":2.0E-4,"played":[0.0,1.0],"evs":[0.0,7.4156]},"K9s":{"weight":0.1027,"played":[0.0,1.0],"evs":[0.0,8.05388]},"KTs":{"weight":0.7602,"played":[0.0,1.0],"evs":[0.0,8.102]},"KJs":{"weight":0.6925,"played":[0.0,1.0],"evs":[0.0,8.67794]},"KQs":{"weight":0.6513,"played":[0.0,1.0],"evs":[0.0,8.90572]},"KK":{"weight":0.9439,"played":[0.0,1.0],"evs":[0.0,20.85459]},"AKo":{"weight":0.5853,"played":[0.0,1.0],"evs":[0.0,10.10866]},"A2s":{"weight":0.0,"played":[0.0,1.0],"evs":[0.0,6.60608]},"A3s":{"weight":0.0,"played":[0.0,1.0],"evs":[0.0,6.14172]},"A4s":{"weight":1.0E-4,"played":[0.0,1.0],"evs":[0.0,8.21738]},"A5s":{"weight":4.0E-4,"played":[0.0,1.0],"evs":[0.0,7.16839]},"A6s":{"weight":0.0,"played":[0.0,1.0],"evs":[0.0,7.63351]},"A7s":{"weight":3.0E-4,"played":[0.0,1.0],"evs":[0.0,6.03688]},"A8s":{"weight":0.0014,"played":[0.0,1.0],"evs":[0.0,7.17565]},"A9s":{"weight":0.5179,"played":[0.0,1.0],"evs":[0.0,8.14121]},"ATs":{"weight":0.9666,"played":[0.0,1.0],"evs":[0.0,7.80667]},"AJs":{"weight":0.937,"played":[0.0,1.0],"evs":[0.0,8.35006]},"AQs":{"weight":0.9935,"played":[0.0,1.0],"evs":[0.0,10.31084]},"AKs":{"weight":0.9253,"played":[0.0,1.0],"evs":[0.0,12.0092]},"AA":{"weight":0.901,"played":[0.0,1.0],"evs":[0.0,26.55459]}}}