{"player":2,"street":0,"children":2,"sequence":[{"player":0,"type":"R","amount":985000,"street":0},{"player":1,"type":"C","amount":985000,"street":0},{"player":2,"type":"C","amount":985000,"street":0},{"player":3,"type":"R","amount":2485000,"street":0},{"player":4,"type":"R","amount":3035000,"street":0},{"player":5,"type":"C","amount":2885000,"street":0}],"actions":[{"type":"F","amount":0},{"type":"C","amount":290000}],"hands":{"22":{"weight":0.0,"played":[8.0E-4,0.9992],"evs":[0.0,8.19347]},"32o":{"weight":0.0,"played":[3.0E-4,0.9997],"evs":[0.0,3.77631]},"42o":{"weight":0.0,"played":[0.0,1.0],"evs":[0.0,4.96019]},"52o":{"weight":0.0,"played":[8.0E-4,0.9992],"evs":[0.0,4.29693]},"62o":{"weight":0.0,"played":[0.0,1.0],"evs":[0.0,3.40776]},"72o":{"weight":0.0,"played":[0.0,1.0],"evs":[0.0,3.66196]},"82o":{"weight":0.0,"played":[6.0E-4,0.9994],"evs":[0.0,2.90904]},"92o":{"weight":0.0,"played":[2.0E-4,0.9998],"evs":[0.0,3.26216]},"T2o":{"weight":0.0,"played":[2.0E-4,0.9998],"evs":[0.0,3.67102]},"J2o":{"weight":0.0,"played":[1.0E-4,0.9999],"evs":[0.0,3.61867]},"Q2o":{"weight":0.0,"played":[1.0E-4,0.9999],"evs":[0.0,3.53909]},"K2o":{"weight":0.0,"played":[0.0,1.0],"evs":[0.0,4.29042]},"A2o":{"weight":0.0,"played":[1.0E-4,0.9999],"evs":[0.0,4.14568]},"32s":{"weight":0.0,"played":[3.0E-4,0.9997],"evs":[0.0,5.57173]},"33":{"weight":0.0,"played":[1.0E-4,0.9999],"evs":[0.0,6.18787]},"43o":{"weight":0.0,"played":[5.0E-4,0.9995],"evs":[0.0,5.58842]},"53o":{"weight":0.0,"played":[0.0,1.0],"evs":[0.0,5.08581]},"63o":{"weight":0.0,"played":[0.0,1.0],"evs":[0.0,4.90118]},"73o":{"weight":0.0,"played":[1.0E-4,0.9999],"evs":[0.0,3.93601]},"83o":{"weight":0.0,"played":[0.0015,0.9985],"evs":[0.0,2.65788]},"93o":{"weight":0.0,"played":[3.0E-4,0.9997],"evs":[0.0,4.14132]},"T3o":{"weight":0.0,"played":[1.0E-4,0.9999],"evs":[0.0,3.41058]},"J3o":{"weight":0.0,"played":[2.0E-4,0.9998],"evs":[0.0,4.12001]},"Q3o":{"weight":0.0,"played":[0.0,1.0],"evs":[0.0,3.559]},"K3o":{"weight":0.0,"played":[5.0E-4,0.9995],"evs":[0.0,4.48787]},"A3o":{"weight":0.0,"played":[5.0E-4,0.9995],"evs":[0.0,4.06207]},"42s":{"weight":0.0,"played":[5.0E-4,0.9995],"evs":[0.0,5.87871]},"43s":{"weight":0.0,"played":[6.0E-4,0.9994],"evs":[0.0,6.54372]},"44":{"weight":5.0E-4,"played":[1.0E-4,0.9999],"evs":[0.0,8.19354]},"54o":{"weight":0.0,"played":[0.0,1.0],"evs":[0.0,4.47467]},"64o":{"weight":0.0,"played":[2.0E-4,0.9998],"evs":[0.0,5.2154]},"74o":{"weight":0.0,"played":[0.0,1.0],"evs":[0.0,5.02398]},"84o":{"weight":0.0,"played":[2.0E-4,0.9998],"evs":[0.0,4.69983]},"94o":{"weight":0.0,"played":[9.0E-4,0.9991],"evs":[0.0,3.42297]},"T4o":{"weight":0.0,"played":[0.0,1.0],"evs":[0.0,2.41607]},"J4o":{"weight":0.0,"played":[1.0E-4,0.9999],"evs":[0.0,4.49991]},"Q4o":{"weight":0.0,"played":[0.0,1.0],"evs":[0.0,3.31072]},"K4o":{"weight":0.0,"played":[1.0E-4,0.9999],"evs":[0.0,4.0878]},"A4o":{"weight":0.0,"played":[2.0E-4,0.9998],"evs":[0.0,3.74035]},"52s":{"weight":0.0,"played":[2.0E-4,0.9998],"evs":[0.0,6.65727]},"53s":{"weight":0.0,"played":[0.0016,0.9984],"evs":[0.0,6.22558]},"54s":{"weight":2.0E-4,"played":[0.0015,0.9985],"evs":[0.0,8.7002]},"55":{"weight":0.9718,"played":[1.0E-4,0.9999],"evs":[0.0,6.80387]},"65o":{"weight":0.0,"played":[0.0,1.0],"evs":[0.0,7.41589]},"75o":{"weight":0.0,"played":[0.0,1.0],"evs":[0.0,5.57909]},"85o":{"weight":0.0,"played":[0.0,1.0],"evs":[0.0,3.85887]},"95o":{"weight":0.0,"played":[6.0E-4,0.9994],"evs":[0.0,3.36131]},"T5o":{"weight":0.0,"played":[0.0,1.0],"evs":[0.0,4.1861]},"J5o":{"weight":0.0,"played":[0.0,1.0],"evs":[0.0,4.09047]},"Q5o":{"weight":0.0,"played":[4.0E-4,0.9996],"evs":[0.0,4.8208]},"K5o":{"weight":0.0,"played":[0.0,1.0],"evs":[0.0,4.25963]},"A5o":{"weight":0.0,"played":[0.0,1.0],"evs":[0.0,5.04485]},"62s":{"weight":0.0,"played":[6.0E-4,0.9994],"evs":[0.0,4.97628]},"63s":{"weight":0.0,"played":[0.0191,0.9809],"evs":[0.0,4.46114]},"64s":{"weight":0.0,"played":[6.0E-4,0.9994],"evs":[0.0,7.51907]},"65s":{"weight":0.0029,"played":[8.0E-4,0.9992],"evs":[0.0,8.18602]},"66":{"weight":0.3533,"played":[3.0E-4,0.9997],"evs":[0.0,8.53176]},"76o":{"weight":0.0,"played":[0.0,1.0],"evs":[0.0,6.2316]},"86o":{"weight":0.0,"played":[2.0E-4,0.9998],"evs":[0.0,6.33642]},"96o":{"weight":0.0,"played":[0.0,1.0],"evs":[0.0,5.12456]},"T6o":{"weight":0.0,"played":[0.0,1.0],"evs":[0.0,4.19855]},"J6o":{"weight":0.0,"played":[0.0,1.0],"evs":[0.0,4.74148]},"Q6o":{"weight":0.0,"played":[0.0,1.0],"evs":[0.0,4.24088]},"K6o":{"weight":0.0,"played":[1.0E-4,0.9999],"evs":[0.0,4.59261]},"A6o":{"weight":0.0,"played":[0.0,1.0],"evs":[0.0,3.84971]},"72s":{"weight":0.0,"played":[0.0031,0.9969],"evs":[0.0,5.98382]},"73s":{"weight":0.0,"played":[0.0112,0.9888],"evs":[0.0,3.4625]},"74s":{"weight":0.0,"played":[0.0045,0.9955],"evs":[0.0,5.78409]},"75s":{"weight":0.0,"played":[1.0E-4,0.9999],"evs":[0.0,6.34061]},"76s":{"weight":9.0E-4,"played":[1.0E-4,0.9999],"evs":[0.0,7.36547]},"77":{"weight":0.9231,"played":[0.0,1.0],"evs":[0.0,10.61827]},"87o":{"weight":0.0,"played":[1.0E-4,0.9999],"evs":[0.0,6.19338]},"97o":{"weight":0.0,"played":[1.0E-4,0.9999],"evs":[0.0,5.31691]},"T7o":{"weight":0.0,"played":[0.0,1.0],"evs":[0.0,4.0671]},"J7o":{"weight":0.0,"played":[0.0,1.0],"evs":[0.0,4.68453]},"Q7o":{"weight":0.0,"played":[5.0E-4,0.9995],"evs":[0.0,3.92307]},"K7o":{"weight":0.0,"played":[0.0,1.0],"evs":[0.0,4.54634]},"A7o":{"weight":0.0,"played":[1.0E-4,0.9999],"evs":[0.0,4.05]},"82s":{"weight":0.0,"played":[1.0E-4,0.9999],"evs":[0.0,3.55384]},"83s":{"weight":0.0,"played":[0.0,1.0],"evs":[0.0,5.65379]},"84s":{"weight":0.0,"played":[7.0E-4,0.9993],"evs":[0.0,6.63268]},"85s":{"weight":0.0,"played":[9.0E-4,0.9991],"evs":[0.0,8.30934]},"86s":{"weight":0.0,"played":[0.0,1.0],"evs":[0.0,4.87414]},"87s":{"weight":0.0,"played":[9.0E-4,0.9991],"evs":[0.0,8.00797]},"88":{"weight":0.6517,"played":[0.0,1.0],"evs":[0.0,9.00018]},"98o":{"weight":0.0,"played":[0.0,1.0],"evs":[0.0,5.73914]},"T8o":{"weight":0.0,"played":[4.0E-4,0.9996],"evs":[0.0,5.21572]},"J8o":{"weight":0.0,"played":[0.0,1.0],"evs":[0.0,4.45224]},"Q8o":{"weight":0.0,"played":[0.0,1.0],"evs":[0.0,4.9676]},"K8o":{"weight":0.0,"played":[1.0E-4,0.9999],"evs":[0.0,6.33593]},"A8o":{"weight":0.0,"played":[3.0E-4,0.9997],"evs":[0.0,5.11186]},"92s":{"weight":0.0,"played":[0.0013,0.9987],"evs":[0.0,6.55169]},"93s":{"weight":0.0,"played":[0.0,1.0],"evs":[0.0,6.4593]},"94s":{"weight":0.0,"played":[0.0,1.0],"evs":[0.0,5.67629]},"95s":{"weight":0.0,"played":[0.0032,0.9968],"evs":[0.0,6.95347]},"96s":{"weight":0.0,"played":[1.0E-4,0.9999],"evs":[0.0,8.48272]},"97s":{"weight":0.0,"played":[9.0E-4,0.9991],"evs":[0.0,7.36444]},"98s":{"weight":0.0155,"played":[0.0046,0.9954],"evs":[0.0,7.43437]},"99":{"weight":0.9629,"played":[1.0E-4,0.9999],"evs":[0.0,9.73112]},"T9o":{"weight":0.0,"played":[0.0,1.0],"evs":[0.0,5.45367]},"J9o":{"weight":0.0,"played":[0.0,1.0],"evs":[0.0,4.95092]},"Q9o":{"weight":0.0,"played":[1.0E-4,0.9999],"evs":[0.0,4.99814]},"K9o":{"weight":0.0,"played":[0.0,1.0],"evs":[0.0,6.03984]},"A9o":{"weight":0.0,"played":[3.0E-4,0.9997],"evs":[0.0,5.43073]},"T2s":{"weight":0.0,"played":[0.0,1.0],"evs":[0.0,4.96768]},"T3s":{"weight":0.0,"played":[0.0051,0.9949],"evs":[0.0,6.45496]},"T4s":{"weight":0.0,"played":[0.0,1.0],"evs":[0.0,5.98359]},"T5s":{"weight":0.0,"played":[2.0E-4,0.9998],"evs":[0.0,5.48143]},"T6s":{"weight":0.0,"played":[2.0E-4,0.9998],"evs":[0.0,5.62531]},"T7s":{"weight":0.0,"played":[0.0,1.0],"evs":[0.0,5.97161]},"T8s":{"weight":0.0025,"played":[2.0E-4,0.9998],"evs":[0.0,6.23213]},"T9s":{"weight":0.9665,"played":[0.0025,0.9975],"evs":[0.0,8.87725]},"TT":{"weight":0.5663,"played":[0.0,1.0],"evs":[0.0,10.89804]},"JTo":{"weight":0.0,"played":[0.0,1.0],"evs":[0.0,6.9013]},"QTo":{"weight":1.0E-4,"played":[0.0,1.0],"evs":[0.0,5.23215]},"KTo":{"weight":0.0,"played":[1.0E-4,0.9999],"evs":[0.0,6.45698]},"ATo":{"weight":3.0E-4,"played":[1.0E-4,0.9999],"evs":[0.0,6.07992]},"J2s":{"weight":0.0,"played":[3.0E-4,0.9997],"evs":[0.0,3.8405]},"J3s":{"weight":0.0,"played":[0.001,0.999],"evs":[0.0,3.96214]},"J4s":{"weight":0.0,"played":[0.0027,0.9973],"evs":[0.0,5.56541]},"J5s":{"weight":0.0,"played":[8.0E-4,0.9992],"evs":[0.0,4.72498]},"J6s":{"weight":0.0,"played":[0.0,1.0],"evs":[0.0,7.02807]},"J7s":{"weight":0.0,"played":[0.0011,0.9989],"evs":[0.0,5.05676]},"J8s":{"weight":6.0E-4,"played":[4.0E-4,0.9996],"evs":[0.0,6.59764]},"J9s":{"weight":0.0183,"played":[0.0013,0.9987],"evs":[0.0,8.38703]},"JTs":{"weight":0.9666,"played":[0.0,1.0],"evs":[0.0,8.10762]},"JJ":{"weight":0.7377,"played":[0.0,1.0],"evs":[0.0,16.14469]},"QJo":{"weight":1.0E-4,"played":[0.0,1.0],"evs":[0.0,6.44169]},"KJo":{"weight":2.0E-4,"played":[0.0,1.0],"evs":[0.0,7.20186]},"AJo":{"weight":0.8526,"played":[0.0,1.0],"evs":[0.0,6.68392]},"Q2s":{"weight":0.0,"played":[3.0E-4,0.9997],"evs":[0.0,6.11956]},"Q3s":{"weight":0.0,"played":[0.0022,0.9978],"evs":[0.0,7.41541]},"Q4s":{"weight":0.0,"played":[5.0E-4,0.9995],"evs":[0.0,6.06634]},"Q5s":{"weight":0.0,"played":[1.0E-4,0.9999],"evs":[0.0,5.99066]},"Q6s":{"weight":0.0,"played":[1.0E-4,0.9999],"evs":[0.0,7.99589]},"Q7s":{"weight":0.0,"played":[1.0E-4,0.9999],"evs":[0.0,5.49773]},"Q8s":{"weight":0.0,"played":[2.0E-4,0.9998],"evs":[0.0,6.1944]},"Q9s":{"weight":0.007,"played":[0.0,1.0],"evs":[0.0,6.95424]},"QTs":{"weight":0.9719,"played":[1.0E-4,0.9999],"evs":[0.0,6.87603]},"QJs":{"weight":0.6721,"played":[0.0,1.0],"evs":[0.0,7.44691]},"QQ":{"weight":0.6785,"played":[0.0,1.0],"evs":[0.0,18.10251]},"KQo":{"weight":0.8798,"played":[0.0,1.0],"evs":[0.0,7.05721]},"AQo":{"weight":0.8054,"played":[0.0,1.0],"evs":[0.0,8.52365]},"K2s":{"weight":0.0,"played":[0.0016,0.9984],"evs":[0.0,6.36196]},"K3s":{"weight":0.0,"played":[0.0,1.0],"evs":[0.0,7.91605]},"K4s":{"weight":0.0,"played":[0.0068,0.9932],"evs":[0.0,4.42064]},"K5s":{"weight":2.0E-4,"played":[0.0,1.0],"evs":[0.0,8.24271]},"K6s":{"weight":1.0E-4,"played":[1.0E-4,0.9999],"evs":[0.0,8.26981]},"K7s":{"weight":0.0,"played":[6.0E-4,0.9994],"evs":[0.0,5.3836]},"K8s":{"weight":2.0E-4,"played":[0.0,1.0],"evs":[0.0,5.31898]},"K9s":{"weight":0.1027,"played":[8.0E-4,0.9992],"evs":[0.0,7.4136]},"KTs":{"weight":0.7602,"played":[0.0,1.0],"evs":[0.0,7.27006]},"KJs":{"weight":0.6925,"played":[0.0,1.0],"evs":[0.0,7.81791]},"KQs":{"weight":0.6513,"played":[2.0E-4,0.9998],"evs":[0.0,9.03304]},"KK":{"weight":0.9439,"played":[0.0,1.0],"evs":[0.0,21.08511]},"AKo":{"weight":0.5853,"played":[0.0,1.0],"evs":[0.0,8.68624]},"A2s":{"weight":0.0,"played":[1.0E-4,0.9999],"evs":[0.0,7.93889]},"A3s":{"weight":0.0,"played":[0.0055,0.9945],"evs":[0.0,5.1212]},"A4s":{"weight":1.0E-4,"played":[6.0E-4,0.9994],"evs":[0.0,6.31371]},"A5s":{"weight":4.0E-4,"played":[0.0,1.0],"evs":[0.0,8.76644]},"A6s":{"weight":0.0,"played":[4.0E-4,0.9996],"evs":[0.0,7.57978]},"A7s":{"weight":3.0E-4,"played":[0.0,1.0],"evs":[0.0,5.0228]},"A8s":{"weight":0.0014,"played":[0.0,1.0],"evs":[0.0,5.04178]},"A9s":{"weight":0.5179,"played":[0.0,1.0],"evs":[0.0,7.40015]},"ATs":{"weight":0.9666,"played":[1.0E-4,0.9999],"evs":[0.0,7.22302]},"AJs":{"weight":0.937,"played":[0.0,1.0],"evs":[0.0,7.61418]},"AQs":{"weight":0.9935,"played":[0.0,1.0],"evs":[0.0,11.81055]},"AKs":{"weight":0.9253,"played":[0.0,1.0],"evs":[0.0,12.16349]},"AA":{"weight":0.901,"played":[1.0E-4,0.9999],"evs":[0.0,25.2876]}}}