{"player":5,"street":0,"children":2,"sequence":[{"player":0,"type":"R","amount":985000,"street":0},{"player":1,"type":"C","amount":985000,"street":0},{"player":2,"type":"R","amount":1275000,"street":0},{"player":3,"type":"F","amount":0,"street":0},{"player":4,"type":"R","amount":2985000,"street":0}],"actions":[{"type":"F","amount":0},{"type":"C","amount":2885000}],"hands":{"22":{"weight":1.0,"played":[0.9954,0.0046],"evs":[0.0,-2.38243]},"32o":{"weight":1.0,"played":[0.9998,2.0E-4],"evs":[0.0,-7.37783]},"42o":{"weight":1.0,"played":[0.9998,2.0E-4],"evs":[0.0,-7.90155]},"52o":{"weight":1.0,"played":[1.0,0.0],"evs":[0.0,-7.17664]},"62o":{"weight":1.0,"played":[0.9997,3.0E-4],"evs":[0.0,-8.41412]},"72o":{"weight":1.0,"played":[1.0,0.0],"evs":[0.0,-8.2879]},"82o":{"weight":1.0,"played":[1.0,0.0],"evs":[0.0,-7.75806]},"92o":{"weight":1.0,"played":[0.9984,0.0016],"evs":[0.0,-8.24603]},"T2o":{"weight":1.0,"played":[1.0,0.0],"evs":[0.0,-7.02524]},"J2o":{"weight":1.0,"played":[0.9999,1.0E-4],"evs":[0.0,-6.86186]},"Q2o":{"weight":1.0,"played":[0.9999,1.0E-4],"evs":[0.0,-6.59037]},"K2o":{"weight":1.0,"played":[0.9994,6.0E-4],"evs":[0.0,-5.36152]},"A2o":{"weight":1.0,"played":[0.9804,0.0196],"evs":[0.0,-4.79946]},"32s":{"weight":1.0,"played":[0.9995,5.0E-4],"evs":[0.0,-5.91986]},"33":{"weight":1.0,"played":[0.0319,0.9681],"evs":[0.0,0.60077]},"43o":{"weight":1.0,"played":[1.0,0.0],"evs":[0.0,-6.33976]},"53o":{"weight":1.0,"played":[1.0,0.0],"evs":[0.0,-5.58982]},"63o":{"weight":1.0,"played":[0.9991,9.0E-4],"evs":[0.0,-5.98395]},"73o":{"weight":1.0,"played":[1.0,0.0],"evs":[0.0,-6.45819]},"83o":{"weight":1.0,"played":[1.0,0.0],"evs":[0.0,-8.65957]},"93o":{"weight":1.0,"played":[1.0,0.0],"evs":[0.0,-6.42903]},"T3o":{"weight":1.0,"played":[0.9999,1.0E-4],"evs":[0.0,-6.8876]},"J3o":{"weight":1.0,"played":[0.9998,2.0E-4],"evs":[0.0,-7.16085]},"Q3o":{"weight":1.0,"played":[0.9976,0.0024],"evs":[0.0,-6.08019]},"K3o":{"weight":1.0,"played":[1.0,0.0],"evs":[0.0,-5.76221]},"A3o":{"weight":1.0,"played":[0.9908,0.0092],"evs":[0.0,-3.12464]},"42s":{"weight":1.0,"played":[0.9956,0.0044],"evs":[0.0,-2.81239]},"43s":{"weight":1.0,"played":[0.9983,0.0017],"evs":[0.0,-1.66937]},"44":{"weight":1.0,"played":[0.4988,0.5012],"evs":[0.0,-0.04096]},"54o":{"weight":1.0,"played":[0.9994,6.0E-4],"evs":[0.0,-4.48636]},"64o":{"weight":1.0,"played":[1.0,0.0],"evs":[0.0,-4.45455]},"74o":{"weight":1.0,"played":[0.9999,1.0E-4],"evs":[0.0,-5.70544]},"84o":{"weight":1.0,"played":[1.0,0.0],"evs":[0.0,-6.45407]},"94o":{"weight":1.0,"played":[1.0,0.0],"evs":[0.0,-7.28571]},"T4o":{"weight":1.0,"played":[0.9999,1.0E-4],"evs":[0.0,-7.14149]},"J4o":{"weight":1.0,"played":[1.0,0.0],"evs":[0.0,-6.57267]},"Q4o":{"weight":1.0,"played":[0.9994,6.0E-4],"evs":[0.0,-5.78956]},"K4o":{"weight":1.0,"played":[1.0,0.0],"evs":[0.0,-5.81685]},"A4o":{"weight":1.0,"played":[0.9928,0.0072],"evs":[0.0,-3.18932]},"52s":{"weight":1.0,"played":[0.9924,0.0076],"evs":[0.0,-3.8965]},"53s":{"weight":1.0,"played":[0.9615,0.0385],"evs":[0.0,-3.66542]},"54s":{"weight":1.0,"played":[0.9143,0.0857],"evs":[0.0,-2.37833]},"55":{"weight":1.0,"played":[0.0029,0.9971],"evs":[0.0,3.49599]},"65o":{"weight":1.0,"played":[0.9859,0.0141],"evs":[0.0,-3.80491]},"75o":{"weight":1.0,"played":[0.9966,0.0034],"evs":[0.0,-5.2095]},"85o":{"weight":1.0,"played":[0.9997,3.0E-4],"evs":[0.0,-5.39788]},"95o":{"weight":1.0,"played":[0.9949,0.0051],"evs":[0.0,-6.12981]},"T5o":{"weight":1.0,"played":[1.0,0.0],"evs":[0.0,-5.53896]},"J5o":{"weight":1.0,"played":[0.9998,2.0E-4],"evs":[0.0,-6.56253]},"Q5o":{"weight":1.0,"played":[0.9999,1.0E-4],"evs":[0.0,-6.49089]},"K5o":{"weight":1.0,"played":[0.9998,2.0E-4],"evs":[0.0,-3.78981]},"A5o":{"weight":1.0,"played":[0.9665,0.0335],"evs":[0.0,-2.86695]},"62s":{"weight":1.0,"played":[0.9963,0.0037],"evs":[0.0,-4.49664]},"63s":{"weight":1.0,"played":[0.9997,3.0E-4],"evs":[0.0,-2.2495]},"64s":{"weight":1.0,"played":[0.9967,0.0033],"evs":[0.0,-2.36498]},"65s":{"weight":1.0,"played":[0.8276,0.1724],"evs":[0.0,-2.08697]},"66":{"weight":1.0,"played":[6.0E-4,0.9994],"evs":[0.0,4.08926]},"76o":{"weight":1.0,"played":[0.9802,0.0198],"evs":[0.0,-4.8403]},"86o":{"weight":1.0,"played":[1.0,0.0],"evs":[0.0,-3.15267]},"96o":{"weight":1.0,"played":[0.9999,1.0E-4],"evs":[0.0,-4.61814]},"T6o":{"weight":1.0,"played":[0.9998,2.0E-4],"evs":[0.0,-5.04333]},"J6o":{"weight":1.0,"played":[0.9981,0.0019],"evs":[0.0,-5.04476]},"Q6o":{"weight":1.0,"played":[0.9979,0.0021],"evs":[0.0,-4.80258]},"K6o":{"weight":1.0,"played":[0.9928,0.0072],"evs":[0.0,-4.47854]},"A6o":{"weight":1.0,"played":[0.9828,0.0172],"evs":[0.0,-3.33932]},"72s":{"weight":1.0,"played":[0.9999,1.0E-4],"evs":[0.0,-6.72297]},"73s":{"weight":1.0,"played":[0.9956,0.0044],"evs":[0.0,-5.37194]},"74s":{"weight":1.0,"played":[0.9979,0.0021],"evs":[0.0,-4.89244]},"75s":{"weight":1.0,"played":[0.9444,0.0556],"evs":[0.0,-2.01074]},"76s":{"weight":1.0,"played":[0.1706,0.8294],"evs":[0.0,-0.46769]},"77":{"weight":1.0,"played":[0.0,1.0],"evs":[0.0,5.05064]},"87o":{"weight":1.0,"played":[0.9997,3.0E-4],"evs":[0.0,-2.84345]},"97o":{"weight":1.0,"played":[0.9949,0.0051],"evs":[0.0,-3.40299]},"T7o":{"weight":1.0,"played":[0.9984,0.0016],"evs":[0.0,-3.69188]},"J7o":{"weight":1.0,"played":[0.9995,5.0E-4],"evs":[0.0,-5.56728]},"Q7o":{"weight":1.0,"played":[0.9999,1.0E-4],"evs":[0.0,-4.57423]},"K7o":{"weight":1.0,"played":[0.9994,6.0E-4],"evs":[0.0,-3.52308]},"A7o":{"weight":1.0,"played":[0.9764,0.0236],"evs":[0.0,-2.71274]},"82s":{"weight":1.0,"played":[0.9942,0.0058],"evs":[0.0,-5.44629]},"83s":{"weight":1.0,"played":[0.9864,0.0136],"evs":[0.0,-4.80474]},"84s":{"weight":1.0,"played":[0.9802,0.0198],"evs":[0.0,-1.97133]},"85s":{"weight":1.0,"played":[0.999,0.001],"evs":[0.0,-4.8126]},"86s":{"weight":1.0,"played":[0.989,0.011],"evs":[0.0,-3.58688]},"87s":{"weight":1.0,"played":[0.9302,0.0698],"evs":[0.0,-1.68066]},"88":{"weight":1.0,"played":[0.0,1.0],"evs":[0.0,6.80229]},"98o":{"weight":1.0,"played":[0.9995,5.0E-4],"evs":[0.0,-1.98356]},"T8o":{"weight":1.0,"played":[1.0,0.0],"evs":[0.0,-2.70851]},"J8o":{"weight":1.0,"played":[0.9996,4.0E-4],"evs":[0.0,-2.53563]},"Q8o":{"weight":1.0,"played":[0.9977,0.0023],"evs":[0.0,-5.00966]},"K8o":{"weight":1.0,"played":[0.9783,0.0217],"evs":[0.0,-4.3131]},"A8o":{"weight":1.0,"played":[0.9707,0.0293],"evs":[0.0,-1.57435]},"92s":{"weight":1.0,"played":[0.9988,0.0012],"evs":[0.0,-3.94223]},"93s":{"weight":1.0,"played":[0.9997,3.0E-4],"evs":[0.0,-4.01212]},"94s":{"weight":1.0,"played":[0.9956,0.0044],"evs":[0.0,-6.31899]},"95s":{"weight":1.0,"played":[0.9659,0.0341],"evs":[0.0,-2.75461]},"96s":{"weight":1.0,"played":[0.9659,0.0341],"evs":[0.0,-2.13427]},"97s":{"weight":1.0,"played":[0.2207,0.7793],"evs":[0.0,-0.43886]},"98s":{"weight":1.0,"played":[0.4719,0.5281],"evs":[0.0,0.13661]},"99":{"weight":1.0,"played":[0.0,1.0],"evs":[0.0,8.5416]},"T9o":{"weight":1.0,"played":[0.9961,0.0039],"evs":[0.0,-1.42157]},"J9o":{"weight":1.0,"played":[0.9899,0.0101],"evs":[0.0,-3.48368]},"Q9o":{"weight":1.0,"played":[0.9386,0.0614],"evs":[0.0,-2.16783]},"K9o":{"weight":1.0,"played":[0.9186,0.0814],"evs":[0.0,-2.24704]},"A9o":{"weight":1.0,"played":[0.9149,0.0851],"evs":[0.0,-1.58823]},"T2s":{"weight":1.0,"played":[0.9984,0.0016],"evs":[0.0,-4.72472]},"T3s":{"weight":1.0,"played":[0.9954,0.0046],"evs":[0.0,-5.98739]},"T4s":{"weight":1.0,"played":[0.956,0.044],"evs":[0.0,-4.59824]},"T5s":{"weight":1.0,"played":[0.9798,0.0202],"evs":[0.0,-4.07421]},"T6s":{"weight":1.0,"played":[0.9328,0.0672],"evs":[0.0,-1.90148]},"T7s":{"weight":1.0,"played":[0.8996,0.1004],"evs":[0.0,-1.05259]},"T8s":{"weight":1.0,"played":[0.5317,0.4683],"evs":[0.0,-0.17345]},"T9s":{"weight":1.0,"played":[0.3809,0.6191],"evs":[0.0,0.23327]},"TT":{"weight":1.0,"played":[0.0,1.0],"evs":[0.0,11.28971]},"JTo":{"weight":1.0,"played":[0.9982,0.0018],"evs":[0.0,-0.52236]},"QTo":{"weight":1.0,"played":[0.9063,0.0937],"evs":[0.0,-2.1273]},"KTo":{"weight":1.0,"played":[0.9758,0.0242],"evs":[0.0,-2.07003]},"ATo":{"weight":1.0,"played":[0.0014,0.9986],"evs":[0.0,0.52553]},"J2s":{"weight":1.0,"played":[0.9969,0.0031],"evs":[0.0,-3.37575]},"J3s":{"weight":1.0,"played":[0.9898,0.0102],"evs":[0.0,-3.78897]},"J4s":{"weight":1.0,"played":[0.9993,7.0E-4],"evs":[0.0,-3.69459]},"J5s":{"weight":1.0,"played":[0.9901,0.0099],"evs":[0.0,-2.49913]},"J6s":{"weight":1.0,"played":[0.6677,0.3323],"evs":[0.0,0.82656]},"J7s":{"weight":1.0,"played":[0.7951,0.2049],"evs":[0.0,-1.22065]},"J8s":{"weight":1.0,"played":[0.363,0.637],"evs":[0.0,-0.24525]},"J9s":{"weight":1.0,"played":[0.9261,0.0739],"evs":[0.0,0.08542]},"JTs":{"weight":1.0,"played":[0.0014,0.9986],"evs":[0.0,3.73793]},"JJ":{"weight":1.0,"played":[1.0E-4,0.9999],"evs":[0.0,16.07834]},"QJo":{"weight":1.0,"played":[0.847,0.153],"evs":[0.0,-0.70937]},"KJo":{"weight":1.0,"played":[0.8429,0.1571],"evs":[0.0,-0.91493]},"AJo":{"weight":1.0,"played":[0.3733,0.6267],"evs":[0.0,0.60546]},"Q2s":{"weight":1.0,"played":[0.9889,0.0111],"evs":[0.0,-3.97615]},"Q3s":{"weight":1.0,"played":[0.9295,0.0705],"evs":[0.0,-2.2176]},"Q4s":{"weight":1.0,"played":[0.9999,1.0E-4],"evs":[0.0,-4.24413]},"Q5s":{"weight":1.0,"played":[0.989,0.011],"evs":[0.0,-2.7126]},"Q6s":{"weight":1.0,"played":[0.3983,0.6017],"evs":[0.0,-1.06813]},"Q7s":{"weight":1.0,"played":[0.6874,0.3126],"evs":[0.0,-2.20083]},"Q8s":{"weight":1.0,"played":[0.7073,0.2927],"evs":[0.0,-1.71377]},"Q9s":{"weight":1.0,"played":[0.6684,0.3316],"evs":[0.0,-1.39063]},"QTs":{"weight":1.0,"played":[0.0831,0.9169],"evs":[0.0,2.37858]},"QJs":{"weight":1.0,"played":[0.0811,0.9189],"evs":[0.0,2.6589]},"QQ":{"weight":1.0,"played":[0.0,1.0],"evs":[0.0,17.06884]},"KQo":{"weight":1.0,"played":[0.4479,0.5521],"evs":[0.0,0.82725]},"AQo":{"weight":1.0,"played":[0.0,1.0],"evs":[0.0,2.16639]},"K2s":{"weight":1.0,"played":[0.8162,0.1838],"evs":[0.0,-1.42861]},"K3s":{"weight":1.0,"played":[0.9288,0.0712],"evs":[0.0,-5.63932]},"K4s":{"weight":1.0,"played":[0.5791,0.4209],"evs":[0.0,-0.73154]},"K5s":{"weight":1.0,"played":[0.9194,0.0806],"evs":[0.0,-3.14844]},"K6s":{"weight":1.0,"played":[0.9519,0.0481],"evs":[0.0,-2.37857]},"K7s":{"weight":1.0,"played":[0.1821,0.8179],"evs":[0.0,2.04093]},"K8s":{"weight":1.0,"played":[0.1996,0.8004],"evs":[0.0,0.66219]},"K9s":{"weight":1.0,"played":[0.0027,0.9973],"evs":[0.0,0.06687]},"KTs":{"weight":1.0,"played":[0.2376,0.7624],"evs":[0.0,0.74986]},"KJs":{"weight":1.0,"played":[8.0E-4,0.9992],"evs":[0.0,3.34375]},"KQs":{"weight":1.0,"played":[2.0E-4,0.9998],"evs":[0.0,3.79495]},"KK":{"weight":1.0,"played":[0.0,1.0],"evs":[0.0,22.51833]},"AKo":{"weight":1.0,"played":[0.0,1.0],"evs":[0.0,4.39518]},"A2s":{"weight":1.0,"played":[0.8658,0.1342],"evs":[0.0,-1.55972]},"A3s":{"weight":1.0,"played":[0.83,0.17],"evs":[0.0,-1.47553]},"A4s":{"weight":1.0,"played":[0.915,0.085],"evs":[0.0,-1.14283]},"A5s":{"weight":1.0,"played":[0.5882,0.4118],"evs":[0.0,-2.13916]},"A6s":{"weight":1.0,"played":[0.3975,0.6025],"evs":[0.0,0.58409]},"A7s":{"weight":1.0,"played":[0.5484,0.4516],"evs":[0.0,-1.95973]},"A8s":{"weight":1.0,"played":[8.0E-4,0.9992],"evs":[0.0,0.6239]},"A9s":{"weight":1.0,"played":[2.0E-4,0.9998],"evs":[0.0,2.59775]},"ATs":{"weight":1.0,"played":[0.0069,0.9931],"evs":[0.0,3.61882]},"AJs":{"weight":1.0,"played":[0.0162,0.9838],"evs":[0.0,4.06956]},"AQs":{"weight":1.0,"played":[0.0,1.0],"evs":[0.0,4.94613]},"AKs":{"weight":1.0,"played":[0.0,1.0],"evs":[0.0,6.86608]},"AA":{"weight":1.0,"played":[0.0,1.0],"evs":[0.0,31.65106]}}}