{"player":3,"street":0,"children":3,"sequence":[{"player":0,"type":"F","amount":0,"street":0},{"player":1,"type":"F","amount":0,"street":0},{"player":2,"type":"R","amount":200000,"street":0}],"actions":[{"type":"F","amount":0,"node":28},{"type":"C","amount":200000,"node":38},{"type":"R","amount":2485000,"node":58}],"hands":{"22":{"weight":1.0,"played":[0.9981,8.0E-4,0.0011],"evs":[0.0,-0.17028,-0.84653]},"32o":{"weight":1.0,"played":[1.0,0.0,0.0],"evs":[0.0,-0.70257,-2.94421]},"42o":{"weight":1.0,"played":[1.0,0.0,0.0],"evs":[0.0,-0.66418,-2.45505]},"52o":{"weight":1.0,"played":[1.0,0.0,0.0],"evs":[0.0,-0.62273,-2.52009]},"62o":{"weight":1.0,"played":[1.0,0.0,0.0],"evs":[0.0,-0.79913,-2.71152]},"72o":{"weight":1.0,"played":[1.0,0.0,0.0],"evs":[0.0,-0.86623,-3.05631]},"82o":{"weight":1.0,"played":[1.0,0.0,0.0],"evs":[0.0,-0.79713,-2.64987]},"92o":{"weight":1.0,"played":[1.0,0.0,0.0],"evs":[0.0,-0.80519,-2.63385]},"T2o":{"weight":1.0,"played":[1.0,0.0,0.0],"evs":[0.0,-0.7752,-2.73444]},"J2o":{"weight":1.0,"played":[1.0,0.0,0.0],"evs":[0.0,-0.71394,-2.5982]},"Q2o":{"weight":1.0,"played":[1.0,0.0,0.0],"evs":[0.0,-0.68271,-1.85022]},"K2o":{"weight":1.0,"played":[1.0,0.0,0.0],"evs":[0.0,-0.6447,-1.70384]},"A2o":{"weight":1.0,"played":[0.9987,0.0,0.0012],"evs":[0.0,-0.29555,-0.57894]},"32s":{"weight":1.0,"played":[1.0,0.0,0.0],"evs":[0.0,-0.49811,-2.15221]},"33":{"weight":1.0,"played":[0.9988,5.0E-4,7.0E-4],"evs":[0.0,-0.21696,-0.57259]},"43o":{"weight":1.0,"played":[1.0,0.0,0.0],"evs":[0.0,-0.52086,-2.24]},"53o":{"weight":1.0,"played":[1.0,0.0,0.0],"evs":[0.0,-0.5408,-2.35992]},"63o":{"weight":1.0,"played":[1.0,0.0,0.0],"evs":[0.0,-0.5468,-2.49847]},"73o":{"weight":1.0,"played":[1.0,0.0,0.0],"evs":[0.0,-0.77738,-2.69078]},"83o":{"weight":1.0,"played":[1.0,0.0,0.0],"evs":[0.0,-0.79687,-2.7774]},"93o":{"weight":1.0,"played":[1.0,0.0,0.0],"evs":[0.0,-0.8495,-2.54279]},"T3o":{"weight":1.0,"played":[1.0,0.0,0.0],"evs":[0.0,-0.80475,-2.63702]},"J3o":{"weight":1.0,"played":[1.0,0.0,0.0],"evs":[0.0,-0.76926,-2.57019]},"Q3o":{"weight":1.0,"played":[1.0,0.0,0.0],"evs":[0.0,-0.75581,-1.79255]},"K3o":{"weight":1.0,"played":[0.9999,0.0,0.0],"evs":[0.0,-0.69105,-1.62856]},"A3o":{"weight":1.0,"played":[0.9975,8.0E-4,0.0017],"evs":[0.0,-0.22353,-0.40556]},"42s":{"weight":1.0,"played":[1.0,0.0,0.0],"evs":[0.0,-0.22181,-2.09004]},"43s":{"weight":1.0,"played":[0.9994,6.0E-4,0.0],"evs":[0.0,-0.03288,-1.36274]},"44":{"weight":1.0,"played":[0.3913,0.454,0.1547],"evs":[0.0,-0.0431,-0.20245]},"54o":{"weight":1.0,"played":[1.0,0.0,0.0],"evs":[0.0,-0.42072,-1.84569]},"64o":{"weight":1.0,"played":[1.0,0.0,0.0],"evs":[0.0,-0.51196,-2.01986]},"74o":{"weight":1.0,"played":[1.0,0.0,0.0],"evs":[0.0,-0.54785,-2.15606]},"84o":{"weight":1.0,"played":[1.0,0.0,0.0],"evs":[0.0,-0.60254,-2.21415]},"94o":{"weight":1.0,"played":[1.0,0.0,0.0],"evs":[0.0,-0.7711,-2.49448]},"T4o":{"weight":1.0,"played":[1.0,0.0,0.0],"evs":[0.0,-0.67326,-2.27135]},"J4o":{"weight":1.0,"played":[1.0,0.0,0.0],"evs":[0.0,-0.60207,-2.2475]},"Q4o":{"weight":1.0,"played":[1.0,0.0,0.0],"evs":[0.0,-0.54861,-1.43256]},"K4o":{"weight":1.0,"played":[1.0,0.0,0.0],"evs":[0.0,-0.52768,-1.17969]},"A4o":{"weight":1.0,"played":[0.8802,3.0E-4,0.1195],"evs":[0.0,-0.18974,-0.04816]},"52s":{"weight":1.0,"played":[0.9999,1.0E-4,0.0],"evs":[0.0,-0.17988,-1.68805]},"53s":{"weight":1.0,"played":[1.0,0.0,0.0],"evs":[0.0,-0.12621,-1.61759]},"54s":{"weight":1.0,"played":[0.9999,0.0,0.0],"evs":[0.0,-0.09404,-0.95968]},"55":{"weight":1.0,"played":[0.6109,0.005,0.3841],"evs":[0.0,-0.04736,0.07049]},"65o":{"weight":1.0,"played":[1.0,0.0,0.0],"evs":[0.0,-0.44577,-1.75632]},"75o":{"weight":1.0,"played":[1.0,0.0,0.0],"evs":[0.0,-0.53829,-2.06987]},"85o":{"weight":1.0,"played":[1.0,0.0,0.0],"evs":[0.0,-0.5694,-1.83897]},"95o":{"weight":1.0,"played":[1.0,0.0,0.0],"evs":[0.0,-0.68312,-2.17531]},"T5o":{"weight":1.0,"played":[1.0,0.0,0.0],"evs":[0.0,-0.67015,-2.47669]},"J5o":{"weight":1.0,"played":[1.0,0.0,0.0],"evs":[0.0,-0.83032,-2.27278]},"Q5o":{"weight":1.0,"played":[1.0,0.0,0.0],"evs":[0.0,-0.61552,-1.60181]},"K5o":{"weight":1.0,"played":[0.9995,3.0E-4,2.0E-4],"evs":[0.0,-0.58098,-1.32847]},"A5o":{"weight":1.0,"played":[0.8668,3.0E-4,0.1329],"evs":[0.0,-0.17055,-0.13392]},"62s":{"weight":1.0,"played":[1.0,0.0,0.0],"evs":[0.0,-0.46682,-2.12934]},"63s":{"weight":1.0,"played":[0.9996,2.0E-4,2.0E-4],"evs":[0.0,-0.21288,-1.57192]},"64s":{"weight":1.0,"played":[0.9999,0.0,1.0E-4],"evs":[0.0,-0.29335,-1.37961]},"65s":{"weight":1.0,"played":[0.9979,0.0016,5.0E-4],"evs":[0.0,-0.11386,-1.26425]},"66":{"weight":1.0,"played":[0.0654,0.5832,0.3514],"evs":[0.0,0.2222,0.10465]},"76o":{"weight":1.0,"played":[1.0,0.0,0.0],"evs":[0.0,-0.27736,-1.44128]},"86o":{"weight":1.0,"played":[1.0,0.0,0.0],"evs":[0.0,-0.46599,-1.65027]},"96o":{"weight":1.0,"played":[1.0,0.0,0.0],"evs":[0.0,-0.47574,-1.80206]},"T6o":{"weight":1.0,"played":[1.0,0.0,0.0],"evs":[0.0,-0.65862,-2.05263]},"J6o":{"weight":1.0,"played":[1.0,0.0,0.0],"evs":[0.0,-0.75843,-2.38249]},"Q6o":{"weight":1.0,"played":[1.0,0.0,0.0],"evs":[0.0,-0.67635,-1.42239]},"K6o":{"weight":1.0,"played":[1.0,0.0,0.0],"evs":[0.0,-0.64291,-1.33857]},"A6o":{"weight":1.0,"played":[0.9984,8.0E-4,8.0E-4],"evs":[0.0,-0.25912,-0.34841]},"72s":{"weight":1.0,"played":[1.0,0.0,0.0],"evs":[0.0,-0.45088,-1.95195]},"73s":{"weight":1.0,"played":[1.0,0.0,0.0],"evs":[0.0,-0.23397,-1.81319]},"74s":{"weight":1.0,"played":[1.0,0.0,0.0],"evs":[0.0,-0.3274,-1.66093]},"75s":{"weight":1.0,"played":[1.0,0.0,0.0],"evs":[0.0,-0.19706,-0.72748]},"76s":{"weight":1.0,"played":[0.9999,0.0,1.0E-4],"evs":[0.0,-0.23853,-1.12483]},"77":{"weight":1.0,"played":[0.0,0.1227,0.8773],"evs":[0.0,0.36007,0.39805]},"87o":{"weight":1.0,"played":[1.0,0.0,0.0],"evs":[0.0,-0.3416,-1.32291]},"97o":{"weight":1.0,"played":[1.0,0.0,0.0],"evs":[0.0,-0.50338,-1.5305]},"T7o":{"weight":1.0,"played":[1.0,0.0,0.0],"evs":[0.0,-0.55897,-1.81533]},"J7o":{"weight":1.0,"played":[0.9999,0.0,0.0],"evs":[0.0,-0.72815,-1.9193]},"Q7o":{"weight":1.0,"played":[1.0,0.0,0.0],"evs":[0.0,-0.58852,-1.37299]},"K7o":{"weight":1.0,"played":[0.9996,3.0E-4,0.0],"evs":[0.0,-0.56865,-1.19906]},"A7o":{"weight":1.0,"played":[0.3032,0.6891,0.0077],"evs":[0.0,-0.00715,-0.14367]},"82s":{"weight":1.0,"played":[0.9997,0.0,3.0E-4],"evs":[0.0,-0.49929,-1.65618]},"83s":{"weight":1.0,"played":[1.0,0.0,0.0],"evs":[0.0,-0.50319,-1.65264]},"84s":{"weight":1.0,"played":[0.9996,4.0E-4,0.0],"evs":[0.0,-0.1861,-1.4087]},"85s":{"weight":1.0,"played":[0.9999,0.0,0.0],"evs":[0.0,-0.17784,-0.88675]},"86s":{"weight":1.0,"played":[0.9992,8.0E-4,0.0],"evs":[0.0,-0.10031,-0.5862]},"87s":{"weight":1.0,"played":[0.0604,0.9391,5.0E-4],"evs":[0.0,0.17465,-0.67801]},"88":{"weight":1.0,"played":[0.0,0.4615,0.5385],"evs":[0.0,1.13551,1.19032]},"98o":{"weight":1.0,"played":[0.9999,0.0,0.0],"evs":[0.0,-0.29035,-1.24472]},"T8o":{"weight":1.0,"played":[1.0,0.0,0.0],"evs":[0.0,-0.3579,-1.354]},"J8o":{"weight":1.0,"played":[0.9999,0.0,1.0E-4],"evs":[0.0,-0.38958,-1.56267]},"Q8o":{"weight":1.0,"played":[0.9995,5.0E-4,0.0],"evs":[0.0,-0.3868,-1.08858]},"K8o":{"weight":1.0,"played":[0.9999,0.0,1.0E-4],"evs":[0.0,-0.43838,-0.98868]},"A8o":{"weight":1.0,"played":[0.0,0.8851,0.1149],"evs":[0.0,0.21223,-0.14354]},"92s":{"weight":1.0,"played":[0.9992,6.0E-4,2.0E-4],"evs":[0.0,-0.54065,-2.036]},"93s":{"weight":1.0,"played":[0.9999,0.0,1.0E-4],"evs":[0.0,-0.39549,-1.68712]},"94s":{"weight":1.0,"played":[1.0,0.0,0.0],"evs":[0.0,-0.43109,-1.74932]},"95s":{"weight":1.0,"played":[1.0,0.0,0.0],"evs":[0.0,-0.41817,-1.31867]},"96s":{"weight":1.0,"played":[1.0,0.0,0.0],"evs":[0.0,-0.31639,-1.08819]},"97s":{"weight":1.0,"played":[0.231,0.7688,1.0E-4],"evs":[0.0,-0.01597,-0.91463]},"98s":{"weight":1.0,"played":[0.8516,0.1484,0.0],"evs":[0.0,-0.04239,-0.49539]},"99":{"weight":1.0,"played":[0.0,0.0137,0.9863],"evs":[0.0,1.45275,1.64962]},"T9o":{"weight":1.0,"played":[0.9999,0.0,0.0],"evs":[0.0,-0.35095,-1.31306]},"J9o":{"weight":1.0,"played":[1.0,0.0,0.0],"evs":[0.0,-0.38862,-1.29877]},"Q9o":{"weight":1.0,"played":[0.9999,1.0E-4,0.0],"evs":[0.0,-0.3634,-0.6663]},"K9o":{"weight":1.0,"played":[0.9995,4.0E-4,1.0E-4],"evs":[0.0,-0.39751,-0.69832]},"A9o":{"weight":1.0,"played":[0.0,0.8623,0.1377],"evs":[0.0,0.30913,0.13057]},"T2s":{"weight":1.0,"played":[1.0,0.0,0.0],"evs":[0.0,-0.5264,-1.9098]},"T3s":{"weight":1.0,"played":[0.9999,0.0,1.0E-4],"evs":[0.0,-0.32813,-1.72453]},"T4s":{"weight":1.0,"played":[0.9997,3.0E-4,0.0],"evs":[0.0,-0.28232,-1.53754]},"T5s":{"weight":1.0,"played":[1.0,0.0,0.0],"evs":[0.0,-0.36451,-1.89568]},"T6s":{"weight":1.0,"played":[0.9999,0.0,1.0E-4],"evs":[0.0,-0.50406,-1.59024]},"T7s":{"weight":1.0,"played":[1.0,0.0,0.0],"evs":[0.0,-0.17482,-0.9577]},"T8s":{"weight":1.0,"played":[0.9974,9.0E-4,0.0017],"evs":[0.0,-0.28681,-0.65416]},"T9s":{"weight":1.0,"played":[0.1694,0.7914,0.0392],"evs":[0.0,0.13396,-0.22531]},"TT":{"weight":1.0,"played":[0.0,0.0849,0.9151],"evs":[0.0,2.18616,2.33678]},"JTo":{"weight":1.0,"played":[0.9971,0.0026,2.0E-4],"evs":[0.0,-0.27336,-0.71247]},"QTo":{"weight":1.0,"played":[0.9294,0.0685,0.0022],"evs":[0.0,-0.03117,-0.08339]},"KTo":{"weight":1.0,"played":[0.8647,0.1328,0.0025],"evs":[0.0,-0.08161,-0.20576]},"ATo":{"weight":1.0,"played":[0.0,0.1094,0.8906],"evs":[0.0,0.77001,0.85846]},"J2s":{"weight":1.0,"played":[1.0,0.0,0.0],"evs":[0.0,-0.40256,-1.64784]},"J3s":{"weight":1.0,"played":[1.0,0.0,0.0],"evs":[0.0,-0.46005,-1.79891]},"J4s":{"weight":1.0,"played":[0.9998,2.0E-4,0.0],"evs":[0.0,-0.3685,-1.27516]},"J5s":{"weight":1.0,"played":[0.9997,0.0,2.0E-4],"evs":[0.0,-0.20972,-1.38977]},"J6s":{"weight":1.0,"played":[0.9997,2.0E-4,0.0],"evs":[0.0,-0.4349,-1.41182]},"J7s":{"weight":1.0,"played":[0.9994,3.0E-4,3.0E-4],"evs":[0.0,-0.37293,-1.07137]},"J8s":{"weight":1.0,"played":[0.9907,0.0053,0.0039],"evs":[0.0,-0.04084,-0.77747]},"J9s":{"weight":1.0,"played":[0.3986,0.6004,9.0E-4],"evs":[0.0,0.0892,-0.6426]},"JTs":{"weight":1.0,"played":[0.3003,0.4048,0.2949],"evs":[0.0,0.07222,0.00933]},"JJ":{"weight":1.0,"played":[0.0,0.7289,0.2711],"evs":[0.0,2.93148,2.91064]},"QJo":{"weight":1.0,"played":[0.4952,0.4492,0.0556],"evs":[0.0,-0.01989,0.01349]},"KJo":{"weight":1.0,"played":[0.4305,0.3424,0.227],"evs":[0.0,0.07938,-0.05016]},"AJo":{"weight":1.0,"played":[0.0,0.0165,0.9835],"evs":[0.0,1.04416,1.1697]},"Q2s":{"weight":1.0,"played":[0.9997,2.0E-4,1.0E-4],"evs":[0.0,-0.32929,-1.22117]},"Q3s":{"weight":1.0,"played":[0.999,2.0E-4,8.0E-4],"evs":[0.0,-0.34512,-0.82653]},"Q4s":{"weight":1.0,"played":[0.9999,1.0E-4,0.0],"evs":[0.0,-0.15679,-0.77856]},"Q5s":{"weight":1.0,"played":[0.9987,0.0011,2.0E-4],"evs":[0.0,-0.23605,-0.73371]},"Q6s":{"weight":1.0,"played":[0.9949,0.0051,0.0],"evs":[0.0,-0.34789,-0.69422]},"Q7s":{"weight":1.0,"played":[0.8549,0.1442,9.0E-4],"evs":[0.0,-0.08706,-0.41054]},"Q8s":{"weight":1.0,"played":[0.4923,0.4367,0.071],"evs":[0.0,-0.09507,-0.35688]},"Q9s":{"weight":1.0,"played":[0.6701,0.0112,0.3187],"evs":[0.0,-0.10789,0.12882]},"QTs":{"weight":1.0,"played":[6.0E-4,0.712,0.2874],"evs":[0.0,0.36322,0.52377]},"QJs":{"weight":1.0,"played":[0.001,0.1674,0.8316],"evs":[0.0,0.266,0.52631]},"QQ":{"weight":1.0,"played":[0.0,0.1504,0.8496],"evs":[0.0,3.93187,3.97786]},"KQo":{"weight":1.0,"played":[0.2073,0.7047,0.088],"evs":[0.0,0.02621,0.04781]},"AQo":{"weight":1.0,"played":[0.0,0.3177,0.6823],"evs":[0.0,1.60382,1.71463]},"K2s":{"weight":1.0,"played":[0.9992,0.0,8.0E-4],"evs":[0.0,-0.18968,-0.9854]},"K3s":{"weight":1.0,"played":[0.9989,0.0011,0.0],"evs":[0.0,-0.16371,-0.57129]},"K4s":{"weight":1.0,"played":[0.8971,0.1021,9.0E-4],"evs":[0.0,-0.0573,-0.5053]},"K5s":{"weight":1.0,"played":[0.9693,0.0252,0.0055],"evs":[0.0,-0.04289,-0.43573]},"K6s":{"weight":1.0,"played":[0.9954,0.0045,2.0E-4],"evs":[0.0,-0.08441,-0.42788]},"K7s":{"weight":1.0,"played":[0.9971,1.0E-4,0.0027],"evs":[0.0,-0.17555,-0.23792]},"K8s":{"weight":1.0,"played":[0.7698,0.2053,0.0248],"evs":[0.0,-0.05191,-0.123]},"K9s":{"weight":1.0,"played":[0.1465,0.6699,0.1836],"evs":[0.0,0.01459,0.03897]},"KTs":{"weight":1.0,"played":[0.011,0.1351,0.854],"evs":[0.0,0.25617,0.453]},"KJs":{"weight":1.0,"played":[0.0,0.1631,0.8369],"evs":[0.0,0.43816,0.52239]},"KQs":{"weight":1.0,"played":[0.0,0.4882,0.5118],"evs":[0.0,0.6632,0.60804]},"KK":{"weight":1.0,"played":[0.0,0.9326,0.0674],"evs":[0.0,4.98667,4.60481]},"AKo":{"weight":1.0,"played":[0.0,0.3257,0.6743],"evs":[0.0,2.10854,2.18199]},"A2s":{"weight":1.0,"played":[0.3317,0.0055,0.6628],"evs":[0.0,0.05025,0.17577]},"A3s":{"weight":1.0,"played":[0.0,0.0,1.0],"evs":[0.0,0.25084,0.61621]},"A4s":{"weight":1.0,"played":[6.0E-4,1.0E-4,0.9993],"evs":[0.0,0.33227,0.42157]},"A5s":{"weight":1.0,"played":[0.0019,0.0276,0.9705],"evs":[0.0,0.29294,0.59725]},"A6s":{"weight":1.0,"played":[0.0718,0.273,0.6552],"evs":[0.0,0.06195,0.00541]},"A7s":{"weight":1.0,"played":[5.0E-4,0.5662,0.4333],"evs":[0.0,0.47027,0.41675]},"A8s":{"weight":1.0,"played":[0.0,0.1636,0.8364],"evs":[0.0,0.60609,0.6109]},"A9s":{"weight":1.0,"played":[0.0,0.5579,0.4421],"evs":[0.0,0.82394,0.51953]},"ATs":{"weight":1.0,"played":[0.0,0.5113,0.4887],"evs":[0.0,1.31447,1.30409]},"AJs":{"weight":1.0,"played":[0.0,0.0786,0.9214],"evs":[0.0,1.50449,1.86141]},"AQs":{"weight":1.0,"played":[0.0,0.6513,0.3487],"evs":[0.0,2.3282,2.36965]},"AKs":{"weight":1.0,"played":[0.0,0.8768,0.1232],"evs":[0.0,2.68595,2.60146]},"AA":{"weight":1.0,"played":[0.0,0.9904,0.0096],"evs":[0.0,9.53522,8.08897]}}}