{"player":2,"street":0,"children":2,"sequence":[{"player":0,"type":"F","amount":0,"street":0},{"player":1,"type":"F","amount":0,"street":0},{"player":2,"type":"R","amount":200000,"street":0},{"player":3,"type":"F","amount":0,"street":0},{"player":4,"type":"F","amount":0,"street":0},{"player":5,"type":"R","amount":1275000,"street":0}],"actions":[{"type":"F","amount":0},{"type":"C","amount":1075000}],"hands":{"22":{"weight":0.0,"played":[0.0,1.0],"evs":[0.0,0.42137]},"32o":{"weight":0.0,"played":[1.0,0.0],"evs":[0.0,-3.00989]},"42o":{"weight":0.0,"played":[1.0,0.0],"evs":[0.0,-2.906]},"52o":{"weight":0.0,"played":[1.0,0.0],"evs":[0.0,-2.76908]},"62o":{"weight":0.0,"played":[1.0,0.0],"evs":[0.0,-3.00046]},"72o":{"weight":0.0,"played":[1.0,0.0],"evs":[0.0,-3.08394]},"82o":{"weight":0.0,"played":[1.0,0.0],"evs":[0.0,-2.89055]},"92o":{"weight":0.0,"played":[1.0,0.0],"evs":[0.0,-2.80973]},"T2o":{"weight":0.0,"played":[1.0,0.0],"evs":[0.0,-2.75152]},"J2o":{"weight":0.0,"played":[1.0,0.0],"evs":[0.0,-2.54697]},"Q2o":{"weight":0.0,"played":[1.0,0.0],"evs":[0.0,-2.52916]},"K2o":{"weight":0.0,"played":[1.0,0.0],"evs":[0.0,-1.851]},"A2o":{"weight":0.0,"played":[0.9999,1.0E-4],"evs":[0.0,-0.45496]},"32s":{"weight":0.0,"played":[1.0,0.0],"evs":[0.0,-2.1629]},"33":{"weight":0.0119,"played":[0.0,1.0],"evs":[0.0,0.85056]},"43o":{"weight":0.0,"played":[1.0,0.0],"evs":[0.0,-2.53397]},"53o":{"weight":0.0,"played":[1.0,0.0],"evs":[0.0,-2.37883]},"63o":{"weight":0.0,"played":[1.0,0.0],"evs":[0.0,-2.5948]},"73o":{"weight":0.0,"played":[1.0,0.0],"evs":[0.0,-2.72902]},"83o":{"weight":0.0,"played":[1.0,0.0],"evs":[0.0,-2.83354]},"93o":{"weight":0.0,"played":[1.0,0.0],"evs":[0.0,-2.68954]},"T3o":{"weight":0.0,"played":[1.0,0.0],"evs":[0.0,-2.61401]},"J3o":{"weight":0.0,"played":[1.0,0.0],"evs":[0.0,-2.45758]},"Q3o":{"weight":0.0,"played":[1.0,0.0],"evs":[0.0,-2.36903]},"K3o":{"weight":0.0,"played":[1.0,0.0],"evs":[0.0,-1.7198]},"A3o":{"weight":0.0,"played":[0.998,0.002],"evs":[0.0,-0.28341]},"42s":{"weight":0.0,"played":[1.0,0.0],"evs":[0.0,-2.0673]},"43s":{"weight":0.0,"played":[1.0,0.0],"evs":[0.0,-1.68288]},"44":{"weight":0.0,"played":[0.0,1.0],"evs":[0.0,1.29342]},"54o":{"weight":0.0,"played":[1.0,0.0],"evs":[0.0,-2.06421]},"64o":{"weight":0.0,"played":[1.0,0.0],"evs":[0.0,-2.27828]},"74o":{"weight":0.0,"played":[1.0,0.0],"evs":[0.0,-2.37649]},"84o":{"weight":0.0,"played":[1.0,0.0],"evs":[0.0,-2.51682]},"94o":{"weight":0.0,"played":[1.0,0.0],"evs":[0.0,-2.69477]},"T4o":{"weight":0.0,"played":[1.0,0.0],"evs":[0.0,-2.5627]},"J4o":{"weight":0.0,"played":[1.0,0.0],"evs":[0.0,-2.36046]},"Q4o":{"weight":0.0,"played":[1.0,0.0],"evs":[0.0,-2.274]},"K4o":{"weight":0.0,"played":[1.0,0.0],"evs":[0.0,-1.62023]},"A4o":{"weight":0.0,"played":[0.6369,0.3631],"evs":[0.0,-0.09735]},"52s":{"weight":0.0,"played":[1.0,0.0],"evs":[0.0,-1.88717]},"53s":{"weight":0.0,"played":[1.0,0.0],"evs":[0.0,-1.54933]},"54s":{"weight":0.0,"played":[1.0,0.0],"evs":[0.0,-1.24742]},"55":{"weight":0.0,"played":[0.0,1.0],"evs":[0.0,1.86278]},"65o":{"weight":0.0,"played":[1.0,0.0],"evs":[0.0,-1.87792]},"75o":{"weight":0.0,"played":[1.0,0.0],"evs":[0.0,-1.99065]},"85o":{"weight":0.0,"played":[1.0,0.0],"evs":[0.0,-2.13091]},"95o":{"weight":0.0,"played":[1.0,0.0],"evs":[0.0,-2.24418]},"T5o":{"weight":0.0,"played":[1.0,0.0],"evs":[0.0,-2.44054]},"J5o":{"weight":0.0,"played":[1.0,0.0],"evs":[0.0,-2.18894]},"Q5o":{"weight":0.0,"played":[1.0,0.0],"evs":[0.0,-2.14272]},"K5o":{"weight":0.0,"played":[1.0,0.0],"evs":[0.0,-1.49978]},"A5o":{"weight":0.0136,"played":[0.0,1.0],"evs":[0.0,0.15336]},"62s":{"weight":0.0,"played":[1.0,0.0],"evs":[0.0,-2.11787]},"63s":{"weight":0.0,"played":[1.0,0.0],"evs":[0.0,-1.79606]},"64s":{"weight":0.0,"played":[1.0,0.0],"evs":[0.0,-1.40193]},"65s":{"weight":0.0,"played":[1.0,0.0],"evs":[0.0,-1.08616]},"66":{"weight":0.0,"played":[0.0,1.0],"evs":[0.0,2.33634]},"76o":{"weight":0.0,"played":[1.0,0.0],"evs":[0.0,-1.67112]},"86o":{"weight":0.0,"played":[1.0,0.0],"evs":[0.0,-1.75394]},"96o":{"weight":0.0,"played":[1.0,0.0],"evs":[0.0,-1.87638]},"T6o":{"weight":0.0,"played":[1.0,0.0],"evs":[0.0,-2.04698]},"J6o":{"weight":0.0,"played":[1.0,0.0],"evs":[0.0,-2.15006]},"Q6o":{"weight":0.0,"played":[1.0,0.0],"evs":[0.0,-1.99076]},"K6o":{"weight":0.0,"played":[1.0,0.0],"evs":[0.0,-1.35688]},"A6o":{"weight":0.0211,"played":[0.0,1.0],"evs":[0.0,0.17465]},"72s":{"weight":0.0,"played":[1.0,0.0],"evs":[0.0,-2.20616]},"73s":{"weight":0.0,"played":[1.0,0.0],"evs":[0.0,-1.85622]},"74s":{"weight":0.0,"played":[1.0,0.0],"evs":[0.0,-1.56814]},"75s":{"weight":0.0,"played":[1.0,0.0],"evs":[0.0,-1.19468]},"76s":{"weight":0.0,"played":[1.0,0.0],"evs":[0.0,-0.90571]},"77":{"weight":0.0,"played":[0.0,1.0],"evs":[0.0,2.79975]},"87o":{"weight":0.0,"played":[1.0,0.0],"evs":[0.0,-1.41149]},"97o":{"weight":0.0,"played":[1.0,0.0],"evs":[0.0,-1.57443]},"T7o":{"weight":0.0,"played":[1.0,0.0],"evs":[0.0,-1.67181]},"J7o":{"weight":0.0,"played":[1.0,0.0],"evs":[0.0,-1.78189]},"Q7o":{"weight":0.0,"played":[1.0,0.0],"evs":[0.0,-1.94377]},"K7o":{"weight":0.0,"played":[1.0,0.0],"evs":[0.0,-1.21425]},"A7o":{"weight":0.0083,"played":[0.0,1.0],"evs":[0.0,0.66691]},"82s":{"weight":0.0,"played":[1.0,0.0],"evs":[0.0,-2.00912]},"83s":{"weight":0.0,"played":[1.0,0.0],"evs":[0.0,-1.96591]},"84s":{"weight":0.0,"played":[1.0,0.0],"evs":[0.0,-1.64786]},"85s":{"weight":0.0,"played":[1.0,0.0],"evs":[0.0,-1.28687]},"86s":{"weight":0.0,"played":[1.0,0.0],"evs":[0.0,-0.92737]},"87s":{"weight":0.0,"played":[1.0,0.0],"evs":[0.0,-0.6567]},"88":{"weight":0.0154,"played":[0.0,1.0],"evs":[0.0,3.30748]},"98o":{"weight":0.0,"played":[1.0,0.0],"evs":[0.0,-1.17843]},"T8o":{"weight":0.0,"played":[1.0,0.0],"evs":[0.0,-1.34625]},"J8o":{"weight":0.0,"played":[1.0,0.0],"evs":[0.0,-1.45124]},"Q8o":{"weight":0.0,"played":[1.0,0.0],"evs":[0.0,-1.6003]},"K8o":{"weight":0.0,"played":[1.0,0.0],"evs":[0.0,-1.16373]},"A8o":{"weight":0.0,"played":[0.0,1.0],"evs":[0.0,1.23768]},"92s":{"weight":0.0,"played":[1.0,0.0],"evs":[0.0,-1.98912]},"93s":{"weight":0.0,"played":[1.0,0.0],"evs":[0.0,-1.77994]},"94s":{"weight":0.0,"played":[1.0,0.0],"evs":[0.0,-1.77261]},"95s":{"weight":0.0,"played":[1.0,0.0],"evs":[0.0,-1.46962]},"96s":{"weight":0.0,"played":[1.0,0.0],"evs":[0.0,-1.092]},"97s":{"weight":0.0,"played":[1.0,0.0],"evs":[0.0,-0.80123]},"98s":{"weight":0.0,"played":[1.0,0.0],"evs":[0.0,-0.42947]},"99":{"weight":0.0,"played":[0.0,1.0],"evs":[0.0,3.84573]},"T9o":{"weight":0.0,"played":[1.0,0.0],"evs":[0.0,-1.02203]},"J9o":{"weight":0.0,"played":[1.0,0.0],"evs":[0.0,-1.09689]},"Q9o":{"weight":0.0,"played":[1.0,0.0],"evs":[0.0,-1.23662]},"K9o":{"weight":0.0,"played":[1.0,0.0],"evs":[0.0,-0.78706]},"A9o":{"weight":0.0,"played":[0.0,1.0],"evs":[0.0,1.8607]},"T2s":{"weight":0.0,"played":[1.0,0.0],"evs":[0.0,-1.93542]},"T3s":{"weight":0.0,"played":[1.0,0.0],"evs":[0.0,-1.77744]},"T4s":{"weight":0.0,"played":[1.0,0.0],"evs":[0.0,-1.65799]},"T5s":{"weight":0.0,"played":[1.0,0.0],"evs":[0.0,-1.59304]},"T6s":{"weight":0.0,"played":[1.0,0.0],"evs":[0.0,-1.25741]},"T7s":{"weight":0.0,"played":[1.0,0.0],"evs":[0.0,-0.90696]},"T8s":{"weight":0.0,"played":[1.0,0.0],"evs":[0.0,-0.56387]},"T9s":{"weight":0.0,"played":[0.9999,1.0E-4],"evs":[0.0,-0.25089]},"TT":{"weight":0.0,"played":[0.0,1.0],"evs":[0.0,4.64825]},"JTo":{"weight":0.0,"played":[1.0,0.0],"evs":[0.0,-0.71083]},"QTo":{"weight":0.0,"played":[1.0,0.0],"evs":[0.0,-0.63056]},"KTo":{"weight":0.0092,"played":[0.9691,0.0309],"evs":[0.0,-0.06422]},"ATo":{"weight":0.0,"played":[0.0,1.0],"evs":[0.0,2.97513]},"J2s":{"weight":0.0,"played":[1.0,0.0],"evs":[0.0,-1.71621]},"J3s":{"weight":0.0,"played":[1.0,0.0],"evs":[0.0,-1.61889]},"J4s":{"weight":0.0,"played":[1.0,0.0],"evs":[0.0,-1.49818]},"J5s":{"weight":0.0,"played":[1.0,0.0],"evs":[0.0,-1.41503]},"J6s":{"weight":0.0,"played":[1.0,0.0],"evs":[0.0,-1.32851]},"J7s":{"weight":0.0,"played":[1.0,0.0],"evs":[0.0,-0.96968]},"J8s":{"weight":0.0,"played":[1.0,0.0],"evs":[0.0,-0.62855]},"J9s":{"weight":0.0,"played":[1.0,0.0],"evs":[0.0,-0.30059]},"JTs":{"weight":0.0638,"played":[0.0447,0.9553],"evs":[0.0,0.02239]},"JJ":{"weight":0.0,"played":[0.0,1.0],"evs":[0.0,5.47184]},"QJo":{"weight":0.0143,"played":[1.0,0.0],"evs":[0.0,-0.13177]},"KJo":{"weight":0.0,"played":[0.0,1.0],"evs":[0.0,0.34254]},"AJo":{"weight":0.0,"played":[0.0,1.0],"evs":[0.0,3.65647]},"Q2s":{"weight":0.0,"played":[1.0,0.0],"evs":[0.0,-1.68859]},"Q3s":{"weight":0.0,"played":[1.0,0.0],"evs":[0.0,-1.53871]},"Q4s":{"weight":0.0,"played":[1.0,0.0],"evs":[0.0,-1.47127]},"Q5s":{"weight":0.0,"played":[1.0,0.0],"evs":[0.0,-1.29402]},"Q6s":{"weight":0.0,"played":[1.0,0.0],"evs":[0.0,-1.18224]},"Q7s":{"weight":0.0,"played":[1.0,0.0],"evs":[0.0,-1.08046]},"Q8s":{"weight":0.0,"played":[0.9999,1.0E-4],"evs":[0.0,-0.79425]},"Q9s":{"weight":0.0383,"played":[0.9998,2.0E-4],"evs":[0.0,-0.44063]},"QTs":{"weight":0.004,"played":[1.0E-4,0.9999],"evs":[0.0,0.04693]},"QJs":{"weight":0.0,"played":[0.0,1.0],"evs":[0.0,0.64042]},"QQ":{"weight":0.0,"played":[0.0,1.0],"evs":[0.0,6.2646]},"KQo":{"weight":0.0,"played":[0.0,1.0],"evs":[0.0,0.78834]},"AQo":{"weight":0.0,"played":[0.0,1.0],"evs":[0.0,4.52965]},"K2s":{"weight":0.0,"played":[1.0,0.0],"evs":[0.0,-1.0057]},"K3s":{"weight":0.0,"played":[1.0,0.0],"evs":[0.0,-0.89163]},"K4s":{"weight":0.0,"played":[1.0,0.0],"evs":[0.0,-0.82028]},"K5s":{"weight":0.0,"played":[1.0,0.0],"evs":[0.0,-0.69278]},"K6s":{"weight":0.0,"played":[1.0,0.0],"evs":[0.0,-0.55929]},"K7s":{"weight":0.0,"played":[1.0,0.0],"evs":[0.0,-0.47376]},"K8s":{"weight":0.0,"played":[1.0,0.0],"evs":[0.0,-0.41721]},"K9s":{"weight":0.0174,"played":[0.7817,0.2183],"evs":[0.0,0.01471]},"KTs":{"weight":0.0,"played":[0.0,1.0],"evs":[0.0,0.64651]},"KJs":{"weight":0.0,"played":[0.0,1.0],"evs":[0.0,1.03594]},"KQs":{"weight":0.0,"played":[0.0,1.0],"evs":[0.0,1.4064]},"KK":{"weight":1.0E-4,"played":[0.0,1.0],"evs":[0.0,7.14539]},"AKo":{"weight":0.0,"played":[0.0,1.0],"evs":[0.0,5.21639]},"A2s":{"weight":0.0,"played":[0.0,1.0],"evs":[0.0,0.35996]},"A3s":{"weight":0.0,"played":[0.0,1.0],"evs":[0.0,0.41782]},"A4s":{"weight":0.0,"played":[0.0,1.0],"evs":[0.0,0.62791]},"A5s":{"weight":0.0,"played":[0.0,1.0],"evs":[0.0,0.77745]},"A6s":{"weight":0.0,"played":[0.0,1.0],"evs":[0.0,0.86665]},"A7s":{"weight":0.0,"played":[0.0,1.0],"evs":[0.0,1.33449]},"A8s":{"weight":0.0,"played":[0.0,1.0],"evs":[0.0,1.84017]},"A9s":{"weight":0.0,"played":[0.0,1.0],"evs":[0.0,2.4178]},"ATs":{"weight":0.0,"played":[0.0,1.0],"evs":[0.0,3.48352]},"AJs":{"weight":0.0,"played":[0.0,1.0],"evs":[0.0,4.1438]},"AQs":{"weight":0.0,"played":[0.0,1.0],"evs":[0.0,4.94463]},"AKs":{"weight":0.0,"played":[0.0,1.0],"evs":[0.0,5.59593]},"AA":{"weight":0.0735,"played":[0.0,1.0],"evs":[0.0,10.29069]}}}