{"player":4,"street":0,"children":2,"sequence":[{"player":0,"type":"F","amount":0,"street":0},{"player":1,"type":"F","amount":0,"street":0},{"player":2,"type":"R","amount":200000,"street":0},{"player":3,"type":"F","amount":0,"street":0},{"player":4,"type":"C","amount":150000,"street":0},{"player":5,"type":"R","amount":2985000,"street":0},{"player":2,"type":"F","amount":0,"street":0}],"actions":[{"type":"F","amount":0},{"type":"C","amount":2785000}],"hands":{"22":{"weight":0.0789,"played":[0.1502,0.8498],"evs":[0.0,0.66085]},"32o":{"weight":0.0,"played":[0.9929,0.0071],"evs":[0.0,-7.4648]},"42o":{"weight":0.0,"played":[0.9913,0.0087],"evs":[0.0,-6.20595]},"52o":{"weight":0.0015,"played":[0.9999,1.0E-4],"evs":[0.0,-4.35885]},"62o":{"weight":0.0,"played":[0.9998,2.0E-4],"evs":[0.0,-7.05028]},"72o":{"weight":0.0,"played":[0.9999,1.0E-4],"evs":[0.0,-9.86015]},"82o":{"weight":0.0,"played":[0.9877,0.0123],"evs":[0.0,-8.97138]},"92o":{"weight":0.0,"played":[0.9992,8.0E-4],"evs":[0.0,-7.59259]},"T2o":{"weight":0.0,"played":[0.9999,1.0E-4],"evs":[0.0,-2.1534]},"J2o":{"weight":0.0,"played":[0.9966,0.0034],"evs":[0.0,-9.44728]},"Q2o":{"weight":0.0,"played":[1.0,0.0],"evs":[0.0,-9.4661]},"K2o":{"weight":4.0E-4,"played":[0.9568,0.0432],"evs":[0.0,-6.07022]},"A2o":{"weight":0.2455,"played":[0.4063,0.5937],"evs":[0.0,0.90908]},"32s":{"weight":0.0012,"played":[0.9883,0.0117],"evs":[0.0,-0.06074]},"33":{"weight":0.3965,"played":[0.0236,0.9764],"evs":[0.0,1.1116]},"43o":{"weight":0.0,"played":[0.9951,0.0049],"evs":[0.0,-6.91601]},"53o":{"weight":0.0,"played":[0.9965,0.0035],"evs":[0.0,-5.29074]},"63o":{"weight":0.0,"played":[0.9976,0.0024],"evs":[0.0,-8.14651]},"73o":{"weight":0.0,"played":[0.9978,0.0022],"evs":[0.0,-9.04115]},"83o":{"weight":0.0,"played":[1.0,0.0],"evs":[0.0,-6.14088]},"93o":{"weight":0.0,"played":[0.9832,0.0168],"evs":[0.0,-8.63291]},"T3o":{"weight":0.0,"played":[0.999,0.001],"evs":[0.0,-5.73414]},"J3o":{"weight":3.0E-4,"played":[0.9997,3.0E-4],"evs":[0.0,-11.95339]},"Q3o":{"weight":0.0,"played":[0.9801,0.0199],"evs":[0.0,-8.25129]},"K3o":{"weight":0.0023,"played":[0.9853,0.0147],"evs":[0.0,-7.22502]},"A3o":{"weight":0.0936,"played":[0.286,0.714],"evs":[0.0,0.16273]},"42s":{"weight":0.1565,"played":[0.6089,0.3911],"evs":[0.0,-2.05499]},"43s":{"weight":0.2371,"played":[0.9694,0.0306],"evs":[0.0,-1.56616]},"44":{"weight":0.0,"played":[0.3788,0.6212],"evs":[0.0,0.04585]},"54o":{"weight":0.0,"played":[0.9272,0.0728],"evs":[0.0,-0.41426]},"64o":{"weight":0.0,"played":[0.9935,0.0065],"evs":[0.0,-4.6798]},"74o":{"weight":2.0E-4,"played":[1.0,0.0],"evs":[0.0,-6.34402]},"84o":{"weight":0.0,"played":[0.9999,1.0E-4],"evs":[0.0,-6.12354]},"94o":{"weight":0.0,"played":[0.9946,0.0054],"evs":[0.0,-6.74432]},"T4o":{"weight":0.0,"played":[0.9662,0.0338],"evs":[0.0,-6.56635]},"J4o":{"weight":0.0,"played":[0.9854,0.0146],"evs":[0.0,-5.37135]},"Q4o":{"weight":0.0,"played":[0.9986,0.0014],"evs":[0.0,-10.3583]},"K4o":{"weight":0.0,"played":[0.9977,0.0023],"evs":[0.0,-7.13447]},"A4o":{"weight":0.2185,"played":[0.7643,0.2357],"evs":[0.0,-1.60031]},"52s":{"weight":0.0833,"played":[0.9969,0.0031],"evs":[0.0,-4.30198]},"53s":{"weight":0.0324,"played":[0.9001,0.0999],"evs":[0.0,-4.17285]},"54s":{"weight":0.0563,"played":[0.9342,0.0658],"evs":[0.0,-3.481]},"55":{"weight":0.0502,"played":[0.0039,0.9961],"evs":[0.0,7.11142]},"65o":{"weight":0.0,"played":[0.9515,0.0485],"evs":[0.0,-1.78307]},"75o":{"weight":0.0,"played":[0.9893,0.0107],"evs":[0.0,-3.42176]},"85o":{"weight":3.0E-4,"played":[0.985,0.015],"evs":[0.0,-5.83854]},"95o":{"weight":1.0E-4,"played":[0.9697,0.0303],"evs":[0.0,-4.26427]},"T5o":{"weight":0.0,"played":[1.0,0.0],"evs":[0.0,-6.40418]},"J5o":{"weight":0.0,"played":[0.9996,4.0E-4],"evs":[0.0,-5.47736]},"Q5o":{"weight":0.0,"played":[0.9963,0.0037],"evs":[0.0,-7.83003]},"K5o":{"weight":0.0013,"played":[0.9887,0.0113],"evs":[0.0,-2.85041]},"A5o":{"weight":0.0642,"played":[0.683,0.317],"evs":[0.0,0.04748]},"62s":{"weight":0.0,"played":[0.9998,2.0E-4],"evs":[0.0,-3.58809]},"63s":{"weight":0.0017,"played":[0.9445,0.0555],"evs":[0.0,-6.08782]},"64s":{"weight":0.2366,"played":[0.5176,0.4824],"evs":[0.0,-2.48479]},"65s":{"weight":0.0017,"played":[0.7281,0.2719],"evs":[0.0,-0.5685]},"66":{"weight":1.0E-4,"played":[0.0073,0.9927],"evs":[0.0,4.83963]},"76o":{"weight":1.0E-4,"played":[0.9746,0.0254],"evs":[0.0,-6.5951]},"86o":{"weight":3.0E-4,"played":[0.9957,0.0043],"evs":[0.0,-3.79163]},"96o":{"weight":0.0,"played":[0.998,0.002],"evs":[0.0,-6.3089]},"T6o":{"weight":0.0,"played":[0.9914,0.0086],"evs":[0.0,-7.15713]},"J6o":{"weight":0.0,"played":[0.9926,0.0074],"evs":[0.0,-5.784]},"Q6o":{"weight":2.0E-4,"played":[0.9986,0.0014],"evs":[0.0,-3.76751]},"K6o":{"weight":0.0,"played":[0.9687,0.0313],"evs":[0.0,-3.98985]},"A6o":{"weight":0.01,"played":[0.2583,0.7417],"evs":[0.0,3.22533]},"72s":{"weight":0.0,"played":[1.0,0.0],"evs":[0.0,-4.26863]},"73s":{"weight":3.0E-4,"played":[0.4671,0.5329],"evs":[0.0,0.68338]},"74s":{"weight":0.0087,"played":[0.8178,0.1822],"evs":[0.0,-1.40208]},"75s":{"weight":2.0E-4,"played":[0.9597,0.0403],"evs":[0.0,-6.10749]},"76s":{"weight":0.1111,"played":[0.3448,0.6552],"evs":[0.0,0.03463]},"77":{"weight":2.0E-4,"played":[0.0049,0.9951],"evs":[0.0,8.61096]},"87o":{"weight":1.0E-4,"played":[1.0,0.0],"evs":[0.0,-4.83256]},"97o":{"weight":0.0,"played":[0.9722,0.0278],"evs":[0.0,-3.81533]},"T7o":{"weight":0.0027,"played":[0.9998,2.0E-4],"evs":[0.0,-5.32723]},"J7o":{"weight":0.0,"played":[0.8849,0.1151],"evs":[0.0,-3.52662]},"Q7o":{"weight":0.0,"played":[0.9946,0.0054],"evs":[0.0,-7.14161]},"K7o":{"weight":3.0E-4,"played":[0.9746,0.0254],"evs":[0.0,-4.31839]},"A7o":{"weight":0.0018,"played":[0.4307,0.5693],"evs":[0.0,2.09271]},"82s":{"weight":1.0E-4,"played":[0.7875,0.2125],"evs":[0.0,-1.70066]},"83s":{"weight":1.0E-4,"played":[0.9811,0.0189],"evs":[0.0,-7.71021]},"84s":{"weight":0.0,"played":[0.8844,0.1156],"evs":[0.0,-0.46145]},"85s":{"weight":0.0283,"played":[0.9166,0.0834],"evs":[0.0,-4.29146]},"86s":{"weight":0.5607,"played":[0.3177,0.6823],"evs":[0.0,-1.12928]},"87s":{"weight":0.914,"played":[0.7343,0.2657],"evs":[0.0,-2.63027]},"88":{"weight":0.0011,"played":[0.0686,0.9314],"evs":[0.0,9.76287]},"98o":{"weight":0.0137,"played":[0.9514,0.0486],"evs":[0.0,-4.68152]},"T8o":{"weight":2.0E-4,"played":[0.9976,0.0024],"evs":[0.0,-2.89854]},"J8o":{"weight":2.0E-4,"played":[0.9319,0.0681],"evs":[0.0,-5.6999]},"Q8o":{"weight":0.0,"played":[0.999,0.001],"evs":[0.0,-3.77709]},"K8o":{"weight":0.0026,"played":[0.9992,8.0E-4],"evs":[0.0,-5.48638]},"A8o":{"weight":7.0E-4,"played":[0.2028,0.7972],"evs":[0.0,3.37595]},"92s":{"weight":0.0,"played":[1.0,0.0],"evs":[0.0,-3.96573]},"93s":{"weight":0.0021,"played":[0.8828,0.1172],"evs":[0.0,-4.30272]},"94s":{"weight":1.0E-4,"played":[0.2966,0.7034],"evs":[0.0,1.29193]},"95s":{"weight":0.0016,"played":[0.9993,7.0E-4],"evs":[0.0,-10.25729]},"96s":{"weight":0.4129,"played":[0.6797,0.3203],"evs":[0.0,-2.97521]},"97s":{"weight":0.1561,"played":[0.9888,0.0112],"evs":[0.0,-2.79297]},"98s":{"weight":0.8747,"played":[0.9648,0.0352],"evs":[0.0,-0.62155]},"99":{"weight":0.0019,"played":[5.0E-4,0.9995],"evs":[0.0,11.79822]},"T9o":{"weight":0.0195,"played":[0.9472,0.0528],"evs":[0.0,-5.71984]},"J9o":{"weight":0.0016,"played":[0.971,0.029],"evs":[0.0,-4.82997]},"Q9o":{"weight":0.0018,"played":[0.9986,0.0014],"evs":[0.0,-6.90362]},"K9o":{"weight":0.009,"played":[0.9889,0.0111],"evs":[0.0,-3.40099]},"A9o":{"weight":1.0E-4,"played":[0.0092,0.9908],"evs":[0.0,6.12493]},"T2s":{"weight":8.0E-4,"played":[0.9883,0.0117],"evs":[0.0,-7.38059]},"T3s":{"weight":1.0E-4,"played":[0.996,0.004],"evs":[0.0,-9.90022]},"T4s":{"weight":8.0E-4,"played":[0.9712,0.0288],"evs":[0.0,-9.34697]},"T5s":{"weight":0.0068,"played":[0.9805,0.0195],"evs":[0.0,-7.6913]},"T6s":{"weight":0.0,"played":[0.9948,0.0052],"evs":[0.0,-7.14631]},"T7s":{"weight":0.0045,"played":[0.8637,0.1363],"evs":[0.0,-4.29921]},"T8s":{"weight":0.273,"played":[0.9651,0.0349],"evs":[0.0,-5.76512]},"T9s":{"weight":0.8427,"played":[0.7788,0.2212],"evs":[0.0,-4.0377]},"TT":{"weight":0.0135,"played":[2.0E-4,0.9998],"evs":[0.0,7.77385]},"JTo":{"weight":0.1006,"played":[0.9862,0.0138],"evs":[0.0,-3.98559]},"QTo":{"weight":0.1601,"played":[0.9813,0.0187],"evs":[0.0,-2.97376]},"KTo":{"weight":0.2089,"played":[0.9753,0.0247],"evs":[0.0,-0.95989]},"ATo":{"weight":1.0E-4,"played":[0.0,1.0],"evs":[0.0,5.27221]},"J2s":{"weight":0.1337,"played":[0.9851,0.0149],"evs":[0.0,-9.01361]},"J3s":{"weight":0.0439,"played":[0.923,0.077],"evs":[0.0,-4.75237]},"J4s":{"weight":1.0E-4,"played":[0.6514,0.3486],"evs":[0.0,1.03502]},"J5s":{"weight":9.0E-4,"played":[0.6624,0.3376],"evs":[0.0,-3.68107]},"J6s":{"weight":0.0,"played":[0.6632,0.3368],"evs":[0.0,-0.10978]},"J7s":{"weight":0.1285,"played":[0.8359,0.1641],"evs":[0.0,-2.40676]},"J8s":{"weight":0.5383,"played":[0.7564,0.2436],"evs":[0.0,-0.36037]},"J9s":{"weight":0.6646,"played":[0.9854,0.0146],"evs":[0.0,-2.69729]},"JTs":{"weight":0.37,"played":[0.4131,0.5869],"evs":[0.0,3.3151]},"JJ":{"weight":6.0E-4,"played":[0.0013,0.9987],"evs":[0.0,10.7814]},"QJo":{"weight":0.1571,"played":[0.9214,0.0786],"evs":[0.0,-0.39674]},"KJo":{"weight":0.0249,"played":[0.5085,0.4915],"evs":[0.0,-1.56851]},"AJo":{"weight":0.0,"played":[0.0044,0.9956],"evs":[0.0,7.83761]},"Q2s":{"weight":0.0042,"played":[0.9231,0.0769],"evs":[0.0,-10.23735]},"Q3s":{"weight":0.0078,"played":[0.901,0.099],"evs":[0.0,-10.63072]},"Q4s":{"weight":0.2217,"played":[0.9943,0.0057],"evs":[0.0,-5.00609]},"Q5s":{"weight":0.0021,"played":[0.9982,0.0018],"evs":[0.0,-5.3112]},"Q6s":{"weight":0.0018,"played":[0.8877,0.1123],"evs":[0.0,-8.87712]},"Q7s":{"weight":0.2815,"played":[0.8848,0.1152],"evs":[0.0,-2.20229]},"Q8s":{"weight":0.119,"played":[0.9445,0.0555],"evs":[0.0,-4.24916]},"Q9s":{"weight":0.5503,"played":[0.9972,0.0028],"evs":[0.0,-2.20668]},"QTs":{"weight":0.1002,"played":[0.875,0.125],"evs":[0.0,-0.22884]},"QJs":{"weight":0.0,"played":[0.7961,0.2039],"evs":[0.0,-0.5993]},"QQ":{"weight":0.0419,"played":[4.0E-4,0.9996],"evs":[0.0,16.56586]},"KQo":{"weight":0.6147,"played":[0.8256,0.1744],"evs":[0.0,-2.22609]},"AQo":{"weight":0.0013,"played":[0.0011,0.9989],"evs":[0.0,6.86609]},"K2s":{"weight":0.6697,"played":[0.9998,2.0E-4],"evs":[0.0,-9.66056]},"K3s":{"weight":0.0327,"played":[0.9964,0.0036],"evs":[0.0,-6.0713]},"K4s":{"weight":0.3789,"played":[0.8753,0.1247],"evs":[0.0,-0.93287]},"K5s":{"weight":0.0786,"played":[0.3507,0.6493],"evs":[0.0,-0.70136]},"K6s":{"weight":0.1365,"played":[0.3744,0.6256],"evs":[0.0,-0.5594]},"K7s":{"weight":0.7285,"played":[0.967,0.033],"evs":[0.0,-3.31638]},"K8s":{"weight":0.4709,"played":[0.9958,0.0042],"evs":[0.0,-0.79618]},"K9s":{"weight":0.005,"played":[0.88,0.12],"evs":[0.0,-3.93285]},"KTs":{"weight":0.1877,"played":[0.7109,0.2891],"evs":[0.0,0.1978]},"KJs":{"weight":0.0073,"played":[0.8771,0.1229],"evs":[0.0,-1.73686]},"KQs":{"weight":0.0853,"played":[0.7095,0.2905],"evs":[0.0,0.27451]},"KK":{"weight":0.1112,"played":[0.0015,0.9985],"evs":[0.0,17.9964]},"AKo":{"weight":0.0,"played":[8.0E-4,0.9992],"evs":[0.0,11.95631]},"A2s":{"weight":0.0146,"played":[0.2826,0.7174],"evs":[0.0,0.26494]},"A3s":{"weight":0.1007,"played":[0.1069,0.8931],"evs":[0.0,4.63839]},"A4s":{"weight":1.0E-4,"played":[0.0325,0.9675],"evs":[0.0,0.6615]},"A5s":{"weight":0.0015,"played":[0.0446,0.9554],"evs":[0.0,6.45523]},"A6s":{"weight":3.0E-4,"played":[0.0518,0.9482],"evs":[0.0,7.33877]},"A7s":{"weight":6.0E-4,"played":[0.0392,0.9608],"evs":[0.0,4.14929]},"A8s":{"weight":1.0E-4,"played":[0.0122,0.9878],"evs":[0.0,9.26127]},"A9s":{"weight":1.0E-4,"played":[0.0361,0.9639],"evs":[0.0,10.21528]},"ATs":{"weight":3.0E-4,"played":[0.0031,0.9969],"evs":[0.0,12.08211]},"AJs":{"weight":0.0039,"played":[0.0055,0.9945],"evs":[0.0,8.46432]},"AQs":{"weight":0.0091,"played":[0.0123,0.9877],"evs":[0.0,12.78631]},"AKs":{"weight":0.0057,"played":[1.0E-4,0.9999],"evs":[0.0,8.96881]},"AA":{"weight":0.1241,"played":[0.0,1.0],"evs":[0.0,23.53845]}}}