{"player":2,"street":0,"children":2,"sequence":[{"player":0,"type":"F","amount":0,"street":0},{"player":1,"type":"F","amount":0,"street":0},{"player":2,"type":"R","amount":200000,"street":0},{"player":3,"type":"C","amount":200000,"street":0},{"player":4,"type":"C","amount":150000,"street":0},{"player":5,"type":"R","amount":2985000,"street":0}],"actions":[{"type":"F","amount":0,"node":45},{"type":"C","amount":1075000,"node":48}],"hands":{"22":{"weight":0.0,"played":[0.4319,0.5681],"evs":[0.0,-0.39283]},"32o":{"weight":0.0,"played":[1.0,0.0],"evs":[0.0,-3.36604]},"42o":{"weight":0.0,"played":[0.9998,2.0E-4],"evs":[0.0,-2.77317]},"52o":{"weight":0.0,"played":[1.0,0.0],"evs":[0.0,-2.09681]},"62o":{"weight":0.0,"played":[0.9998,2.0E-4],"evs":[0.0,-2.14923]},"72o":{"weight":0.0,"played":[1.0,0.0],"evs":[0.0,-3.0315]},"82o":{"weight":0.0,"played":[0.9989,0.0011],"evs":[0.0,-3.28919]},"92o":{"weight":0.0,"played":[0.9998,2.0E-4],"evs":[0.0,-3.05205]},"T2o":{"weight":0.0,"played":[0.9994,6.0E-4],"evs":[0.0,-3.20282]},"J2o":{"weight":0.0,"played":[0.9999,1.0E-4],"evs":[0.0,-2.45422]},"Q2o":{"weight":0.0,"played":[0.9994,6.0E-4],"evs":[0.0,-2.66897]},"K2o":{"weight":0.0,"played":[0.9934,0.0066],"evs":[0.0,-1.31712]},"A2o":{"weight":0.0,"played":[0.9892,0.0108],"evs":[0.0,-1.83203]},"32s":{"weight":0.0,"played":[0.9989,0.0011],"evs":[0.0,-2.03172]},"33":{"weight":0.0119,"played":[0.0362,0.9638],"evs":[0.0,1.16104]},"43o":{"weight":0.0,"played":[0.9999,1.0E-4],"evs":[0.0,-2.17834]},"53o":{"weight":0.0,"played":[0.9334,0.0666],"evs":[0.0,-1.50629]},"63o":{"weight":0.0,"played":[0.9974,0.0026],"evs":[0.0,-1.90517]},"73o":{"weight":0.0,"played":[0.9999,1.0E-4],"evs":[0.0,-2.5614]},"83o":{"weight":0.0,"played":[1.0,0.0],"evs":[0.0,-3.26869]},"93o":{"weight":0.0,"played":[1.0,0.0],"evs":[0.0,-2.49385]},"T3o":{"weight":0.0,"played":[0.9999,1.0E-4],"evs":[0.0,-3.04032]},"J3o":{"weight":0.0,"played":[1.0,0.0],"evs":[0.0,-2.83651]},"Q3o":{"weight":0.0,"played":[0.9977,0.0023],"evs":[0.0,-2.18048]},"K3o":{"weight":0.0,"played":[0.9998,2.0E-4],"evs":[0.0,-1.13468]},"A3o":{"weight":0.0,"played":[0.9908,0.0092],"evs":[0.0,-1.69232]},"42s":{"weight":0.0,"played":[0.9955,0.0045],"evs":[0.0,-1.49739]},"43s":{"weight":0.0,"played":[0.5117,0.4883],"evs":[0.0,-0.43729]},"44":{"weight":0.0,"played":[0.0239,0.9761],"evs":[0.0,1.01015]},"54o":{"weight":0.0,"played":[0.9996,4.0E-4],"evs":[0.0,-1.73123]},"64o":{"weight":0.0,"played":[0.9988,0.0012],"evs":[0.0,-1.00941]},"74o":{"weight":0.0,"played":[0.992,0.008],"evs":[0.0,-2.24525]},"84o":{"weight":0.0,"played":[1.0,0.0],"evs":[0.0,-2.58085]},"94o":{"weight":0.0,"played":[1.0,0.0],"evs":[0.0,-2.36472]},"T4o":{"weight":0.0,"played":[1.0,0.0],"evs":[0.0,-2.56488]},"J4o":{"weight":0.0,"played":[0.9992,8.0E-4],"evs":[0.0,-2.40009]},"Q4o":{"weight":0.0,"played":[0.9999,1.0E-4],"evs":[0.0,-2.36239]},"K4o":{"weight":0.0,"played":[0.9336,0.0664],"evs":[0.0,-1.27752]},"A4o":{"weight":0.0,"played":[0.995,0.005],"evs":[0.0,-2.14129]},"52s":{"weight":0.0,"played":[0.9755,0.0245],"evs":[0.0,-0.67549]},"53s":{"weight":0.0,"played":[0.9522,0.0478],"evs":[0.0,-1.53629]},"54s":{"weight":0.0,"played":[0.2017,0.7983],"evs":[0.0,1.26962]},"55":{"weight":0.0,"played":[4.0E-4,0.9996],"evs":[0.0,0.33469]},"65o":{"weight":0.0,"played":[0.9987,0.0013],"evs":[0.0,-0.67569]},"75o":{"weight":0.0,"played":[0.9994,6.0E-4],"evs":[0.0,-1.48317]},"85o":{"weight":0.0,"played":[0.9999,1.0E-4],"evs":[0.0,-1.47916]},"95o":{"weight":0.0,"played":[1.0,0.0],"evs":[0.0,-2.28736]},"T5o":{"weight":0.0,"played":[1.0,0.0],"evs":[0.0,-1.84338]},"J5o":{"weight":0.0,"played":[0.9994,6.0E-4],"evs":[0.0,-2.05902]},"Q5o":{"weight":0.0,"played":[0.9997,3.0E-4],"evs":[0.0,-2.46719]},"K5o":{"weight":0.0,"played":[0.9917,0.0083],"evs":[0.0,-0.6698]},"A5o":{"weight":0.0136,"played":[0.9865,0.0135],"evs":[0.0,-1.2784]},"62s":{"weight":0.0,"played":[0.8261,0.1739],"evs":[0.0,-1.89247]},"63s":{"weight":0.0,"played":[0.9963,0.0037],"evs":[0.0,-1.00238]},"64s":{"weight":0.0,"played":[0.9302,0.0698],"evs":[0.0,-1.19085]},"65s":{"weight":0.0,"played":[0.995,0.005],"evs":[0.0,-0.74569]},"66":{"weight":0.0,"played":[4.0E-4,0.9996],"evs":[0.0,2.2278]},"76o":{"weight":0.0,"played":[1.0,0.0],"evs":[0.0,-0.97179]},"86o":{"weight":0.0,"played":[0.9875,0.0125],"evs":[0.0,-1.03201]},"96o":{"weight":0.0,"played":[0.9999,1.0E-4],"evs":[0.0,-0.79454]},"T6o":{"weight":0.0,"played":[0.9999,1.0E-4],"evs":[0.0,-2.32971]},"J6o":{"weight":0.0,"played":[0.9999,1.0E-4],"evs":[0.0,-2.19869]},"Q6o":{"weight":0.0,"played":[0.9967,0.0033],"evs":[0.0,-1.93766]},"K6o":{"weight":0.0,"played":[0.9931,0.0069],"evs":[0.0,-0.68743]},"A6o":{"weight":0.0211,"played":[0.9901,0.0099],"evs":[0.0,-2.28765]},"72s":{"weight":0.0,"played":[1.0,0.0],"evs":[0.0,-1.67889]},"73s":{"weight":0.0,"played":[0.9999,1.0E-4],"evs":[0.0,-0.90234]},"74s":{"weight":0.0,"played":[0.9964,0.0036],"evs":[0.0,-1.50328]},"75s":{"weight":0.0,"played":[0.2831,0.7169],"evs":[0.0,0.24537]},"76s":{"weight":0.0,"played":[0.3996,0.6004],"evs":[0.0,0.09694]},"77":{"weight":0.0,"played":[0.0,1.0],"evs":[0.0,2.20205]},"87o":{"weight":0.0,"played":[0.9803,0.0197],"evs":[0.0,-0.81908]},"97o":{"weight":0.0,"played":[0.9993,7.0E-4],"evs":[0.0,-1.48758]},"T7o":{"weight":0.0,"played":[0.9987,0.0013],"evs":[0.0,-1.88679]},"J7o":{"weight":0.0,"played":[0.9983,0.0017],"evs":[0.0,-1.5882]},"Q7o":{"weight":0.0,"played":[0.9968,0.0032],"evs":[0.0,-2.09833]},"K7o":{"weight":0.0,"played":[0.999,0.001],"evs":[0.0,-0.64029]},"A7o":{"weight":0.0083,"played":[0.9902,0.0098],"evs":[0.0,-1.84775]},"82s":{"weight":0.0,"played":[1.0,0.0],"evs":[0.0,-2.08935]},"83s":{"weight":0.0,"played":[0.9839,0.0161],"evs":[0.0,-2.31009]},"84s":{"weight":0.0,"played":[1.0,0.0],"evs":[0.0,-1.4801]},"85s":{"weight":0.0,"played":[0.6451,0.3549],"evs":[0.0,-0.2118]},"86s":{"weight":0.0,"played":[0.9326,0.0674],"evs":[0.0,0.07792]},"87s":{"weight":0.0,"played":[0.0291,0.9709],"evs":[0.0,1.55577]},"88":{"weight":0.0154,"played":[1.0E-4,0.9999],"evs":[0.0,3.95637]},"98o":{"weight":0.0,"played":[0.9933,0.0067],"evs":[0.0,-0.45058]},"T8o":{"weight":0.0,"played":[0.9994,6.0E-4],"evs":[0.0,-1.1578]},"J8o":{"weight":0.0,"played":[0.9941,0.0059],"evs":[0.0,-0.92561]},"Q8o":{"weight":0.0,"played":[0.9978,0.0022],"evs":[0.0,-1.38271]},"K8o":{"weight":0.0,"played":[0.9992,8.0E-4],"evs":[0.0,-1.0134]},"A8o":{"weight":0.0,"played":[0.9289,0.0711],"evs":[0.0,-0.97417]},"92s":{"weight":0.0,"played":[0.973,0.027],"evs":[0.0,-1.44841]},"93s":{"weight":0.0,"played":[0.9449,0.0551],"evs":[0.0,-1.48255]},"94s":{"weight":0.0,"played":[0.6072,0.3928],"evs":[0.0,-0.03631]},"95s":{"weight":0.0,"played":[0.9998,2.0E-4],"evs":[0.0,-1.64455]},"96s":{"weight":0.0,"played":[0.5078,0.4922],"evs":[0.0,-0.02218]},"97s":{"weight":0.0,"played":[0.5452,0.4548],"evs":[0.0,0.31753]},"98s":{"weight":0.0,"played":[0.1505,0.8495],"evs":[0.0,0.40652]},"99":{"weight":0.0,"played":[1.0E-4,0.9999],"evs":[0.0,3.96491]},"T9o":{"weight":0.0,"played":[0.9646,0.0354],"evs":[0.0,-0.94457]},"J9o":{"weight":0.0,"played":[0.8718,0.1282],"evs":[0.0,-1.01846]},"Q9o":{"weight":0.0,"played":[0.9562,0.0438],"evs":[0.0,-0.52626]},"K9o":{"weight":0.0,"played":[0.5135,0.4865],"evs":[0.0,-0.30253]},"A9o":{"weight":0.0,"played":[0.9424,0.0576],"evs":[0.0,-1.39143]},"T2s":{"weight":0.0,"played":[0.9882,0.0118],"evs":[0.0,-1.4717]},"T3s":{"weight":0.0,"played":[0.9085,0.0915],"evs":[0.0,-0.63238]},"T4s":{"weight":0.0,"played":[0.9283,0.0717],"evs":[0.0,-1.32536]},"T5s":{"weight":0.0,"played":[0.9557,0.0443],"evs":[0.0,-1.4248]},"T6s":{"weight":0.0,"played":[0.0769,0.9231],"evs":[0.0,0.70493]},"T7s":{"weight":0.0,"played":[0.0271,0.9729],"evs":[0.0,0.50367]},"T8s":{"weight":0.0,"played":[0.0216,0.9784],"evs":[0.0,0.64595]},"T9s":{"weight":0.0,"played":[0.0513,0.9487],"evs":[0.0,0.86497]},"TT":{"weight":0.0,"played":[0.0,1.0],"evs":[0.0,5.72028]},"JTo":{"weight":0.0,"played":[0.816,0.184],"evs":[0.0,-0.32361]},"QTo":{"weight":0.0,"played":[0.8031,0.1969],"evs":[0.0,-0.04166]},"KTo":{"weight":0.0092,"played":[0.1372,0.8628],"evs":[0.0,-0.29131]},"ATo":{"weight":0.0,"played":[0.626,0.374],"evs":[0.0,-0.37554]},"J2s":{"weight":0.0,"played":[0.9596,0.0404],"evs":[0.0,-1.26745]},"J3s":{"weight":0.0,"played":[0.9926,0.0074],"evs":[0.0,-1.51073]},"J4s":{"weight":0.0,"played":[0.8693,0.1307],"evs":[0.0,-1.30158]},"J5s":{"weight":0.0,"played":[0.9122,0.0878],"evs":[0.0,-0.32084]},"J6s":{"weight":0.0,"played":[0.7273,0.2727],"evs":[0.0,-1.13981]},"J7s":{"weight":0.0,"played":[0.8147,0.1853],"evs":[0.0,-0.69824]},"J8s":{"weight":0.0,"played":[0.4198,0.5802],"evs":[0.0,-0.03911]},"J9s":{"weight":0.0,"played":[0.0688,0.9312],"evs":[0.0,0.02293]},"JTs":{"weight":0.0638,"played":[0.005,0.995],"evs":[0.0,1.01376]},"JJ":{"weight":0.0,"played":[0.0,1.0],"evs":[0.0,6.79442]},"QJo":{"weight":0.0143,"played":[0.4202,0.5798],"evs":[0.0,-0.3984]},"KJo":{"weight":0.0,"played":[0.0372,0.9628],"evs":[0.0,0.90897]},"AJo":{"weight":0.0,"played":[0.0,1.0],"evs":[0.0,0.6836]},"Q2s":{"weight":0.0,"played":[0.9781,0.0219],"evs":[0.0,-0.82219]},"Q3s":{"weight":0.0,"played":[0.9052,0.0948],"evs":[0.0,-1.52069]},"Q4s":{"weight":0.0,"played":[0.689,0.311],"evs":[0.0,-0.63275]},"Q5s":{"weight":0.0,"played":[0.8877,0.1123],"evs":[0.0,-0.69988]},"Q6s":{"weight":0.0,"played":[0.6253,0.3747],"evs":[0.0,-0.12965]},"Q7s":{"weight":0.0,"played":[0.7825,0.2175],"evs":[0.0,0.08415]},"Q8s":{"weight":0.0,"played":[0.9563,0.0437],"evs":[0.0,-0.70836]},"Q9s":{"weight":0.0383,"played":[0.5279,0.4721],"evs":[0.0,0.51819]},"QTs":{"weight":0.004,"played":[0.1711,0.8289],"evs":[0.0,1.31021]},"QJs":{"weight":0.0,"played":[0.0,1.0],"evs":[0.0,0.43878]},"QQ":{"weight":0.0,"played":[0.0,1.0],"evs":[0.0,8.20191]},"KQo":{"weight":0.0,"played":[7.0E-4,0.9993],"evs":[0.0,1.24234]},"AQo":{"weight":0.0,"played":[3.0E-4,0.9997],"evs":[0.0,2.10625]},"K2s":{"weight":0.0,"played":[0.9934,0.0066],"evs":[0.0,-1.09855]},"K3s":{"weight":0.0,"played":[0.6306,0.3694],"evs":[0.0,-0.17845]},"K4s":{"weight":0.0,"played":[0.3589,0.6411],"evs":[0.0,0.34913]},"K5s":{"weight":0.0,"played":[0.7852,0.2148],"evs":[0.0,-0.37435]},"K6s":{"weight":0.0,"played":[0.442,0.558],"evs":[0.0,0.04407]},"K7s":{"weight":0.0,"played":[0.4852,0.5148],"evs":[0.0,0.30782]},"K8s":{"weight":0.0,"played":[0.1245,0.8755],"evs":[0.0,0.80183]},"K9s":{"weight":0.0174,"played":[0.1173,0.8827],"evs":[0.0,0.52601]},"KTs":{"weight":0.0,"played":[0.0406,0.9594],"evs":[0.0,1.67618]},"KJs":{"weight":0.0,"played":[0.0024,0.9976],"evs":[0.0,2.86323]},"KQs":{"weight":0.0,"played":[0.0,1.0],"evs":[0.0,2.54153]},"KK":{"weight":1.0E-4,"played":[0.0,1.0],"evs":[0.0,10.65755]},"AKo":{"weight":0.0,"played":[0.0,1.0],"evs":[0.0,3.9975]},"A2s":{"weight":0.0,"played":[0.9481,0.0519],"evs":[0.0,-1.00006]},"A3s":{"weight":0.0,"played":[0.6245,0.3755],"evs":[0.0,-0.59213]},"A4s":{"weight":0.0,"played":[0.582,0.418],"evs":[0.0,-0.83316]},"A5s":{"weight":0.0,"played":[0.6935,0.3065],"evs":[0.0,-0.85917]},"A6s":{"weight":0.0,"played":[0.9605,0.0395],"evs":[0.0,-1.88013]},"A7s":{"weight":0.0,"played":[0.8317,0.1683],"evs":[0.0,-0.1302]},"A8s":{"weight":0.0,"played":[0.7799,0.2201],"evs":[0.0,-0.62039]},"A9s":{"weight":0.0,"played":[0.5913,0.4087],"evs":[0.0,-0.7968]},"ATs":{"weight":0.0,"played":[0.0019,0.9981],"evs":[0.0,2.05927]},"AJs":{"weight":0.0,"played":[0.0,1.0],"evs":[0.0,1.58408]},"AQs":{"weight":0.0,"played":[0.0063,0.9937],"evs":[0.0,3.71365]},"AKs":{"weight":0.0,"played":[0.0,1.0],"evs":[0.0,5.20858]},"AA":{"weight":0.0735,"played":[0.0,1.0],"evs":[0.0,15.23364]}}}