{"player":2,"street":0,"children":2,"sequence":[{"player":0,"type":"F","amount":0,"street":0},{"player":1,"type":"F","amount":0,"street":0},{"player":2,"type":"R","amount":200000,"street":0},{"player":3,"type":"C","amount":200000,"street":0},{"player":4,"type":"R","amount":2985000,"street":0},{"player":5,"type":"F","amount":0,"street":0}],"actions":[{"type":"F","amount":0,"node":53},{"type":"C","amount":1075000,"node":54}],"hands":{"22":{"weight":0.0,"played":[0.9804,0.0196],"evs":[0.0,-0.33054]},"32o":{"weight":0.0,"played":[1.0,0.0],"evs":[0.0,-3.24119]},"42o":{"weight":0.0,"played":[1.0,0.0],"evs":[0.0,-2.97876]},"52o":{"weight":0.0,"played":[1.0,0.0],"evs":[0.0,-2.87985]},"62o":{"weight":0.0,"played":[1.0,0.0],"evs":[0.0,-3.22934]},"72o":{"weight":0.0,"played":[1.0,0.0],"evs":[0.0,-3.42001]},"82o":{"weight":0.0,"played":[1.0,0.0],"evs":[0.0,-3.23905]},"92o":{"weight":0.0,"played":[1.0,0.0],"evs":[0.0,-3.1215]},"T2o":{"weight":0.0,"played":[1.0,0.0],"evs":[0.0,-2.79285]},"J2o":{"weight":0.0,"played":[1.0,0.0],"evs":[0.0,-2.73454]},"Q2o":{"weight":0.0,"played":[1.0,0.0],"evs":[0.0,-2.21386]},"K2o":{"weight":0.0,"played":[1.0,0.0],"evs":[0.0,-2.33437]},"A2o":{"weight":0.0,"played":[1.0,0.0],"evs":[0.0,-0.9741]},"32s":{"weight":0.0,"played":[1.0,0.0],"evs":[0.0,-2.36942]},"33":{"weight":0.0119,"played":[0.3519,0.6481],"evs":[0.0,-0.06878]},"43o":{"weight":0.0,"played":[1.0,0.0],"evs":[0.0,-2.66513]},"53o":{"weight":0.0,"played":[1.0,0.0],"evs":[0.0,-2.28755]},"63o":{"weight":0.0,"played":[1.0,0.0],"evs":[0.0,-2.75873]},"73o":{"weight":0.0,"played":[1.0,0.0],"evs":[0.0,-3.08569]},"83o":{"weight":0.0,"played":[1.0,0.0],"evs":[0.0,-3.12536]},"93o":{"weight":0.0,"played":[1.0,0.0],"evs":[0.0,-2.94364]},"T3o":{"weight":0.0,"played":[1.0,0.0],"evs":[0.0,-2.58505]},"J3o":{"weight":0.0,"played":[1.0,0.0],"evs":[0.0,-2.51758]},"Q3o":{"weight":0.0,"played":[1.0,0.0],"evs":[0.0,-2.05406]},"K3o":{"weight":0.0,"played":[1.0,0.0],"evs":[0.0,-2.17856]},"A3o":{"weight":0.0,"played":[0.9998,2.0E-4],"evs":[0.0,-0.90095]},"42s":{"weight":0.0,"played":[0.9999,1.0E-4],"evs":[0.0,-1.81458]},"43s":{"weight":0.0,"played":[1.0,0.0],"evs":[0.0,-1.71947]},"44":{"weight":0.0,"played":[0.0024,0.9976],"evs":[0.0,0.23494]},"54o":{"weight":0.0,"played":[1.0,0.0],"evs":[0.0,-1.99783]},"64o":{"weight":0.0,"played":[1.0,0.0],"evs":[0.0,-2.28554]},"74o":{"weight":0.0,"played":[1.0,0.0],"evs":[0.0,-2.73254]},"84o":{"weight":0.0,"played":[1.0,0.0],"evs":[0.0,-2.88307]},"94o":{"weight":0.0,"played":[1.0,0.0],"evs":[0.0,-3.07486]},"T4o":{"weight":0.0,"played":[1.0,0.0],"evs":[0.0,-2.5035]},"J4o":{"weight":0.0,"played":[1.0,0.0],"evs":[0.0,-2.46189]},"Q4o":{"weight":0.0,"played":[1.0,0.0],"evs":[0.0,-2.00848]},"K4o":{"weight":0.0,"played":[0.9999,1.0E-4],"evs":[0.0,-1.99561]},"A4o":{"weight":0.0,"played":[0.9998,2.0E-4],"evs":[0.0,-0.78092]},"52s":{"weight":0.0,"played":[1.0,0.0],"evs":[0.0,-2.03141]},"53s":{"weight":0.0,"played":[1.0,0.0],"evs":[0.0,-1.4617]},"54s":{"weight":0.0,"played":[0.9997,3.0E-4],"evs":[0.0,-1.26324]},"55":{"weight":0.0,"played":[0.0,1.0],"evs":[0.0,0.89524]},"65o":{"weight":0.0,"played":[1.0,0.0],"evs":[0.0,-1.7106]},"75o":{"weight":0.0,"played":[1.0,0.0],"evs":[0.0,-2.08505]},"85o":{"weight":0.0,"played":[1.0,0.0],"evs":[0.0,-2.27379]},"95o":{"weight":0.0,"played":[1.0,0.0],"evs":[0.0,-2.55468]},"T5o":{"weight":0.0,"played":[1.0,0.0],"evs":[0.0,-2.31866]},"J5o":{"weight":0.0,"played":[1.0,0.0],"evs":[0.0,-2.18808]},"Q5o":{"weight":0.0,"played":[1.0,0.0],"evs":[0.0,-1.76281]},"K5o":{"weight":0.0,"played":[1.0,0.0],"evs":[0.0,-1.75284]},"A5o":{"weight":0.0136,"played":[0.9998,2.0E-4],"evs":[0.0,-0.41299]},"62s":{"weight":0.0,"played":[1.0,0.0],"evs":[0.0,-1.85121]},"63s":{"weight":0.0,"played":[0.9999,1.0E-4],"evs":[0.0,-1.65811]},"64s":{"weight":0.0,"played":[0.9993,7.0E-4],"evs":[0.0,-1.27988]},"65s":{"weight":0.0,"played":[1.0,0.0],"evs":[0.0,-0.6332]},"66":{"weight":0.0,"played":[0.0,1.0],"evs":[0.0,1.68143]},"76o":{"weight":0.0,"played":[1.0,0.0],"evs":[0.0,-1.71344]},"86o":{"weight":0.0,"played":[1.0,0.0],"evs":[0.0,-1.78437]},"96o":{"weight":0.0,"played":[1.0,0.0],"evs":[0.0,-2.11978]},"T6o":{"weight":0.0,"played":[1.0,0.0],"evs":[0.0,-1.97474]},"J6o":{"weight":0.0,"played":[1.0,0.0],"evs":[0.0,-2.16555]},"Q6o":{"weight":0.0,"played":[1.0,0.0],"evs":[0.0,-1.61583]},"K6o":{"weight":0.0,"played":[1.0,0.0],"evs":[0.0,-1.51559]},"A6o":{"weight":0.0211,"played":[0.9999,1.0E-4],"evs":[0.0,-0.72122]},"72s":{"weight":0.0,"played":[1.0,0.0],"evs":[0.0,-2.4777]},"73s":{"weight":0.0,"played":[1.0,0.0],"evs":[0.0,-2.03596]},"74s":{"weight":0.0,"played":[0.9997,3.0E-4],"evs":[0.0,-1.629]},"75s":{"weight":0.0,"played":[0.9997,3.0E-4],"evs":[0.0,-1.27875]},"76s":{"weight":0.0,"played":[0.9999,1.0E-4],"evs":[0.0,-0.89848]},"77":{"weight":0.0,"played":[0.0,1.0],"evs":[0.0,1.87206]},"87o":{"weight":0.0,"played":[1.0,0.0],"evs":[0.0,-1.50578]},"97o":{"weight":0.0,"played":[1.0,0.0],"evs":[0.0,-1.87675]},"T7o":{"weight":0.0,"played":[1.0,0.0],"evs":[0.0,-1.79026]},"J7o":{"weight":0.0,"played":[1.0,0.0],"evs":[0.0,-1.99077]},"Q7o":{"weight":0.0,"played":[1.0,0.0],"evs":[0.0,-1.78423]},"K7o":{"weight":0.0,"played":[1.0,0.0],"evs":[0.0,-1.65396]},"A7o":{"weight":0.0083,"played":[0.9998,2.0E-4],"evs":[0.0,-0.40967]},"82s":{"weight":0.0,"played":[1.0,0.0],"evs":[0.0,-2.23315]},"83s":{"weight":0.0,"played":[1.0,0.0],"evs":[0.0,-2.24338]},"84s":{"weight":0.0,"played":[1.0,0.0],"evs":[0.0,-1.94556]},"85s":{"weight":0.0,"played":[1.0,0.0],"evs":[0.0,-1.34988]},"86s":{"weight":0.0,"played":[0.9997,3.0E-4],"evs":[0.0,-0.93415]},"87s":{"weight":0.0,"played":[0.9998,2.0E-4],"evs":[0.0,-0.79037]},"88":{"weight":0.0154,"played":[0.0,1.0],"evs":[0.0,2.60322]},"98o":{"weight":0.0,"played":[1.0,0.0],"evs":[0.0,-1.58418]},"T8o":{"weight":0.0,"played":[1.0,0.0],"evs":[0.0,-1.34177]},"J8o":{"weight":0.0,"played":[1.0,0.0],"evs":[0.0,-1.57485]},"Q8o":{"weight":0.0,"played":[1.0,0.0],"evs":[0.0,-1.45115]},"K8o":{"weight":0.0,"played":[1.0,0.0],"evs":[0.0,-1.51572]},"A8o":{"weight":0.0,"played":[0.9997,3.0E-4],"evs":[0.0,-0.08139]},"92s":{"weight":0.0,"played":[1.0,0.0],"evs":[0.0,-2.19336]},"93s":{"weight":0.0,"played":[0.9999,1.0E-4],"evs":[0.0,-2.12421]},"94s":{"weight":0.0,"played":[1.0,0.0],"evs":[0.0,-2.08335]},"95s":{"weight":0.0,"played":[1.0,0.0],"evs":[0.0,-1.4368]},"96s":{"weight":0.0,"played":[0.9999,1.0E-4],"evs":[0.0,-1.0962]},"97s":{"weight":0.0,"played":[0.9998,2.0E-4],"evs":[0.0,-0.66089]},"98s":{"weight":0.0,"played":[0.9997,3.0E-4],"evs":[0.0,-0.56287]},"99":{"weight":0.0,"played":[0.0,1.0],"evs":[0.0,3.3314]},"T9o":{"weight":0.0,"played":[1.0,0.0],"evs":[0.0,-1.09259]},"J9o":{"weight":0.0,"played":[1.0,0.0],"evs":[0.0,-1.27467]},"Q9o":{"weight":0.0,"played":[0.9999,1.0E-4],"evs":[0.0,-1.08978]},"K9o":{"weight":0.0,"played":[1.0,0.0],"evs":[0.0,-1.32366]},"A9o":{"weight":0.0,"played":[0.065,0.935],"evs":[0.0,0.6052]},"T2s":{"weight":0.0,"played":[1.0,0.0],"evs":[0.0,-1.66041]},"T3s":{"weight":0.0,"played":[1.0,0.0],"evs":[0.0,-1.64679]},"T4s":{"weight":0.0,"played":[1.0,0.0],"evs":[0.0,-1.39992]},"T5s":{"weight":0.0,"played":[0.9999,1.0E-4],"evs":[0.0,-1.34395]},"T6s":{"weight":0.0,"played":[1.0,0.0],"evs":[0.0,-0.94173]},"T7s":{"weight":0.0,"played":[0.9998,2.0E-4],"evs":[0.0,-0.89914]},"T8s":{"weight":0.0,"played":[0.9996,4.0E-4],"evs":[0.0,-0.40806]},"T9s":{"weight":0.0,"played":[0.0095,0.9905],"evs":[0.0,0.08114]},"TT":{"weight":0.0,"played":[0.0,1.0],"evs":[0.0,4.36493]},"JTo":{"weight":0.0,"played":[0.9997,3.0E-4],"evs":[0.0,-0.527]},"QTo":{"weight":0.0,"played":[0.9999,1.0E-4],"evs":[0.0,-0.42929]},"KTo":{"weight":0.0092,"played":[0.9991,9.0E-4],"evs":[0.0,-0.46754]},"ATo":{"weight":0.0,"played":[0.0,1.0],"evs":[0.0,1.52822]},"J2s":{"weight":0.0,"played":[1.0,0.0],"evs":[0.0,-1.7726]},"J3s":{"weight":0.0,"played":[1.0,0.0],"evs":[0.0,-1.56807]},"J4s":{"weight":0.0,"played":[0.9999,1.0E-4],"evs":[0.0,-1.43809]},"J5s":{"weight":0.0,"played":[0.9999,1.0E-4],"evs":[0.0,-1.06601]},"J6s":{"weight":0.0,"played":[0.9995,5.0E-4],"evs":[0.0,-1.34768]},"J7s":{"weight":0.0,"played":[0.9995,5.0E-4],"evs":[0.0,-0.92086]},"J8s":{"weight":0.0,"played":[0.9991,9.0E-4],"evs":[0.0,-0.60259]},"J9s":{"weight":0.0,"played":[0.8947,0.1053],"evs":[0.0,-0.37625]},"JTs":{"weight":0.0638,"played":[0.0039,0.9961],"evs":[0.0,0.50558]},"JJ":{"weight":0.0,"played":[0.0,1.0],"evs":[0.0,5.44468]},"QJo":{"weight":0.0143,"played":[0.9839,0.0161],"evs":[0.0,-0.15166]},"KJo":{"weight":0.0,"played":[0.0042,0.9958],"evs":[0.0,0.24878]},"AJo":{"weight":0.0,"played":[0.0,1.0],"evs":[0.0,2.17237]},"Q2s":{"weight":0.0,"played":[1.0,0.0],"evs":[0.0,-1.25196]},"Q3s":{"weight":0.0,"played":[0.9999,1.0E-4],"evs":[0.0,-1.22102]},"Q4s":{"weight":0.0,"played":[0.9998,2.0E-4],"evs":[0.0,-1.13873]},"Q5s":{"weight":0.0,"played":[1.0,0.0],"evs":[0.0,-0.73455]},"Q6s":{"weight":0.0,"played":[1.0,0.0],"evs":[0.0,-0.80729]},"Q7s":{"weight":0.0,"played":[0.9998,2.0E-4],"evs":[0.0,-0.76261]},"Q8s":{"weight":0.0,"played":[0.9998,2.0E-4],"evs":[0.0,-0.39725]},"Q9s":{"weight":0.0383,"played":[0.9443,0.0557],"evs":[0.0,-0.3594]},"QTs":{"weight":0.004,"played":[0.0196,0.9804],"evs":[0.0,0.545]},"QJs":{"weight":0.0,"played":[0.0034,0.9966],"evs":[0.0,0.59983]},"QQ":{"weight":0.0,"played":[0.0,1.0],"evs":[0.0,6.69022]},"KQo":{"weight":0.0,"played":[0.0097,0.9903],"evs":[0.0,0.85919]},"AQo":{"weight":0.0,"played":[0.0,1.0],"evs":[0.0,2.58784]},"K2s":{"weight":0.0,"played":[0.9998,2.0E-4],"evs":[0.0,-1.11272]},"K3s":{"weight":0.0,"played":[1.0,0.0],"evs":[0.0,-1.05949]},"K4s":{"weight":0.0,"played":[0.9995,5.0E-4],"evs":[0.0,-1.03178]},"K5s":{"weight":0.0,"played":[0.9943,0.0057],"evs":[0.0,-0.78615]},"K6s":{"weight":0.0,"played":[0.9949,0.0051],"evs":[0.0,-0.809]},"K7s":{"weight":0.0,"played":[0.9986,0.0014],"evs":[0.0,-0.53818]},"K8s":{"weight":0.0,"played":[0.9928,0.0072],"evs":[0.0,-0.30582]},"K9s":{"weight":0.0174,"played":[0.6882,0.3118],"evs":[0.0,-0.13439]},"KTs":{"weight":0.0,"played":[0.0027,0.9973],"evs":[0.0,0.34836]},"KJs":{"weight":0.0,"played":[0.0,1.0],"evs":[0.0,1.03622]},"KQs":{"weight":0.0,"played":[0.0,1.0],"evs":[0.0,1.64158]},"KK":{"weight":1.0E-4,"played":[0.0,1.0],"evs":[0.0,8.56614]},"AKo":{"weight":0.0,"played":[0.0,1.0],"evs":[0.0,3.84092]},"A2s":{"weight":0.0,"played":[0.4852,0.5148],"evs":[0.0,0.01133]},"A3s":{"weight":0.0,"played":[0.0653,0.9347],"evs":[0.0,0.03876]},"A4s":{"weight":0.0,"played":[0.2297,0.7703],"evs":[0.0,0.35361]},"A5s":{"weight":0.0,"played":[0.0196,0.9804],"evs":[0.0,0.17192]},"A6s":{"weight":0.0,"played":[0.1251,0.8749],"evs":[0.0,0.05474]},"A7s":{"weight":0.0,"played":[0.0333,0.9667],"evs":[0.0,0.56441]},"A8s":{"weight":0.0,"played":[0.0175,0.9825],"evs":[0.0,0.84496]},"A9s":{"weight":0.0,"played":[0.0,1.0],"evs":[0.0,1.44779]},"ATs":{"weight":0.0,"played":[0.0,1.0],"evs":[0.0,2.2934]},"AJs":{"weight":0.0,"played":[0.0,1.0],"evs":[0.0,2.90485]},"AQs":{"weight":0.0,"played":[0.0,1.0],"evs":[0.0,3.3058]},"AKs":{"weight":0.0,"played":[0.0,1.0],"evs":[0.0,4.30579]},"AA":{"weight":0.0735,"played":[0.0,1.0],"evs":[0.0,12.14575]}}}