{"player":3,"street":0,"children":2,"sequence":[{"player":0,"type":"F","amount":0,"street":0},{"player":1,"type":"F","amount":0,"street":0},{"player":2,"type":"R","amount":200000,"street":0},{"player":3,"type":"C","amount":200000,"street":0},{"player":4,"type":"R","amount":2985000,"street":0},{"player":5,"type":"F","amount":0,"street":0},{"player":2,"type":"F","amount":0,"street":0}],"actions":[{"type":"F","amount":0},{"type":"C","amount":2285000}],"hands":{"22":{"weight":8.0E-4,"played":[0.9264,0.0736],"evs":[0.0,-1.98417]},"32o":{"weight":0.0,"played":[0.9994,6.0E-4],"evs":[0.0,-8.67559]},"42o":{"weight":0.0,"played":[0.9994,6.0E-4],"evs":[0.0,-8.55454]},"52o":{"weight":0.0,"played":[0.9999,1.0E-4],"evs":[0.0,-7.28457]},"62o":{"weight":0.0,"played":[0.9993,7.0E-4],"evs":[0.0,-8.64493]},"72o":{"weight":0.0,"played":[0.9998,2.0E-4],"evs":[0.0,-8.33413]},"82o":{"weight":0.0,"played":[0.9947,0.0053],"evs":[0.0,-8.24905]},"92o":{"weight":0.0,"played":[0.9999,1.0E-4],"evs":[0.0,-7.20886]},"T2o":{"weight":0.0,"played":[0.9989,0.0011],"evs":[0.0,-6.477]},"J2o":{"weight":0.0,"played":[0.9999,1.0E-4],"evs":[0.0,-7.65875]},"Q2o":{"weight":0.0,"played":[0.9998,2.0E-4],"evs":[0.0,-7.51035]},"K2o":{"weight":0.0,"played":[0.9989,0.0011],"evs":[0.0,-5.85425]},"A2o":{"weight":0.0,"played":[0.9988,0.0012],"evs":[0.0,-4.13659]},"32s":{"weight":0.0,"played":[0.9942,0.0058],"evs":[0.0,-9.03122]},"33":{"weight":5.0E-4,"played":[0.3231,0.6769],"evs":[0.0,0.55306]},"43o":{"weight":0.0,"played":[0.9999,1.0E-4],"evs":[0.0,-7.39648]},"53o":{"weight":0.0,"played":[0.9957,0.0043],"evs":[0.0,-6.18984]},"63o":{"weight":0.0,"played":[0.9999,1.0E-4],"evs":[0.0,-7.99597]},"73o":{"weight":0.0,"played":[1.0,0.0],"evs":[0.0,-7.28154]},"83o":{"weight":0.0,"played":[0.9999,1.0E-4],"evs":[0.0,-9.01707]},"93o":{"weight":0.0,"played":[0.9974,0.0026],"evs":[0.0,-6.73261]},"T3o":{"weight":0.0,"played":[0.9985,0.0015],"evs":[0.0,-7.10359]},"J3o":{"weight":0.0,"played":[0.9996,4.0E-4],"evs":[0.0,-5.98901]},"Q3o":{"weight":0.0,"played":[0.9995,5.0E-4],"evs":[0.0,-4.42667]},"K3o":{"weight":0.0,"played":[0.9976,0.0024],"evs":[0.0,-5.10766]},"A3o":{"weight":8.0E-4,"played":[0.9973,0.0027],"evs":[0.0,-2.43156]},"42s":{"weight":0.0,"played":[0.996,0.004],"evs":[0.0,-6.82106]},"43s":{"weight":6.0E-4,"played":[0.9917,0.0083],"evs":[0.0,-7.67548]},"44":{"weight":0.454,"played":[0.2732,0.7268],"evs":[0.0,-0.47731]},"54o":{"weight":0.0,"played":[1.0,0.0],"evs":[0.0,-5.72651]},"64o":{"weight":0.0,"played":[0.9999,1.0E-4],"evs":[0.0,-6.79786]},"74o":{"weight":0.0,"played":[0.9991,9.0E-4],"evs":[0.0,-7.75255]},"84o":{"weight":0.0,"played":[0.9997,3.0E-4],"evs":[0.0,-7.34763]},"94o":{"weight":0.0,"played":[1.0,0.0],"evs":[0.0,-6.66963]},"T4o":{"weight":0.0,"played":[0.9994,6.0E-4],"evs":[0.0,-5.41988]},"J4o":{"weight":0.0,"played":[0.9973,0.0027],"evs":[0.0,-6.06624]},"Q4o":{"weight":0.0,"played":[1.0,0.0],"evs":[0.0,-4.68317]},"K4o":{"weight":0.0,"played":[0.9974,0.0026],"evs":[0.0,-5.78412]},"A4o":{"weight":3.0E-4,"played":[0.9812,0.0188],"evs":[0.0,-1.07539]},"52s":{"weight":1.0E-4,"played":[0.9061,0.0939],"evs":[0.0,-4.52442]},"53s":{"weight":0.0,"played":[0.9764,0.0236],"evs":[0.0,-5.16463]},"54s":{"weight":0.0,"played":[0.9956,0.0044],"evs":[0.0,-3.0917]},"55":{"weight":0.005,"played":[0.7502,0.2498],"evs":[0.0,0.07238]},"65o":{"weight":0.0,"played":[0.9997,3.0E-4],"evs":[0.0,-2.88951]},"75o":{"weight":0.0,"played":[0.9956,0.0044],"evs":[0.0,-6.08139]},"85o":{"weight":0.0,"played":[0.9992,8.0E-4],"evs":[0.0,-3.98542]},"95o":{"weight":0.0,"played":[0.9999,1.0E-4],"evs":[0.0,-6.52795]},"T5o":{"weight":0.0,"played":[0.995,0.005],"evs":[0.0,-6.69501]},"J5o":{"weight":0.0,"played":[0.9995,5.0E-4],"evs":[0.0,-5.49558]},"Q5o":{"weight":0.0,"played":[0.9999,1.0E-4],"evs":[0.0,-6.00744]},"K5o":{"weight":3.0E-4,"played":[0.9985,0.0015],"evs":[0.0,-4.85148]},"A5o":{"weight":3.0E-4,"played":[0.8799,0.1201],"evs":[0.0,-1.51488]},"62s":{"weight":0.0,"played":[0.9968,0.0032],"evs":[0.0,-9.48007]},"63s":{"weight":2.0E-4,"played":[0.984,0.016],"evs":[0.0,-4.35438]},"64s":{"weight":0.0,"played":[0.9984,0.0016],"evs":[0.0,-3.51542]},"65s":{"weight":0.0016,"played":[0.9775,0.0225],"evs":[0.0,-3.05771]},"66":{"weight":0.5832,"played":[0.1034,0.8966],"evs":[0.0,1.96292]},"76o":{"weight":0.0,"played":[0.9999,1.0E-4],"evs":[0.0,-6.02681]},"86o":{"weight":0.0,"played":[0.9996,4.0E-4],"evs":[0.0,-5.64081]},"96o":{"weight":0.0,"played":[0.9984,0.0016],"evs":[0.0,-6.5863]},"T6o":{"weight":0.0,"played":[0.9994,6.0E-4],"evs":[0.0,-4.33289]},"J6o":{"weight":0.0,"played":[1.0,0.0],"evs":[0.0,-4.50231]},"Q6o":{"weight":0.0,"played":[0.9996,4.0E-4],"evs":[0.0,-5.36521]},"K6o":{"weight":0.0,"played":[0.998,0.002],"evs":[0.0,-2.62088]},"A6o":{"weight":8.0E-4,"played":[0.9527,0.0473],"evs":[0.0,-2.92375]},"72s":{"weight":0.0,"played":[0.98,0.02],"evs":[0.0,-7.59591]},"73s":{"weight":0.0,"played":[1.0,0.0],"evs":[0.0,-5.20054]},"74s":{"weight":0.0,"played":[0.9998,2.0E-4],"evs":[0.0,-8.54274]},"75s":{"weight":0.0,"played":[0.9982,0.0018],"evs":[0.0,-3.76547]},"76s":{"weight":0.0,"played":[0.98,0.02],"evs":[0.0,-3.82877]},"77":{"weight":0.1227,"played":[0.3875,0.6125],"evs":[0.0,1.44352]},"87o":{"weight":0.0,"played":[0.9823,0.0177],"evs":[0.0,-6.17239]},"97o":{"weight":0.0,"played":[0.9991,9.0E-4],"evs":[0.0,-4.65186]},"T7o":{"weight":0.0,"played":[0.9998,2.0E-4],"evs":[0.0,-5.44655]},"J7o":{"weight":0.0,"played":[0.9936,0.0064],"evs":[0.0,-3.85802]},"Q7o":{"weight":0.0,"played":[0.9584,0.0416],"evs":[0.0,-5.39849]},"K7o":{"weight":3.0E-4,"played":[0.9994,6.0E-4],"evs":[0.0,-4.65884]},"A7o":{"weight":0.6891,"played":[0.9938,0.0062],"evs":[0.0,-2.09181]},"82s":{"weight":0.0,"played":[0.9968,0.0032],"evs":[0.0,-8.10687]},"83s":{"weight":0.0,"played":[0.9752,0.0248],"evs":[0.0,-6.42453]},"84s":{"weight":4.0E-4,"played":[0.9998,2.0E-4],"evs":[0.0,-5.67143]},"85s":{"weight":0.0,"played":[0.9685,0.0315],"evs":[0.0,-2.18044]},"86s":{"weight":8.0E-4,"played":[0.9352,0.0648],"evs":[0.0,-2.90328]},"87s":{"weight":0.9391,"played":[0.9981,0.0019],"evs":[0.0,-1.8954]},"88":{"weight":0.4615,"played":[0.0157,0.9843],"evs":[0.0,4.45776]},"98o":{"weight":0.0,"played":[0.9994,6.0E-4],"evs":[0.0,-3.39743]},"T8o":{"weight":0.0,"played":[0.9999,1.0E-4],"evs":[0.0,-4.52849]},"J8o":{"weight":0.0,"played":[0.9968,0.0032],"evs":[0.0,-3.26602]},"Q8o":{"weight":5.0E-4,"played":[0.9941,0.0059],"evs":[0.0,-4.86286]},"K8o":{"weight":0.0,"played":[0.9627,0.0373],"evs":[0.0,-4.08461]},"A8o":{"weight":0.8851,"played":[0.9896,0.0104],"evs":[0.0,-2.10366]},"92s":{"weight":6.0E-4,"played":[1.0,0.0],"evs":[0.0,-9.92832]},"93s":{"weight":0.0,"played":[0.9997,3.0E-4],"evs":[0.0,-5.96187]},"94s":{"weight":0.0,"played":[0.9561,0.0439],"evs":[0.0,-4.18234]},"95s":{"weight":0.0,"played":[0.9997,3.0E-4],"evs":[0.0,-7.30789]},"96s":{"weight":0.0,"played":[0.8987,0.1013],"evs":[0.0,-3.64302]},"97s":{"weight":0.7688,"played":[0.9824,0.0176],"evs":[0.0,-4.82827]},"98s":{"weight":0.1484,"played":[0.9401,0.0599],"evs":[0.0,-4.50518]},"99":{"weight":0.0137,"played":[0.0362,0.9638],"evs":[0.0,3.22214]},"T9o":{"weight":0.0,"played":[0.9941,0.0059],"evs":[0.0,-3.33489]},"J9o":{"weight":0.0,"played":[0.9954,0.0046],"evs":[0.0,-3.40999]},"Q9o":{"weight":1.0E-4,"played":[0.9808,0.0192],"evs":[0.0,-3.44983]},"K9o":{"weight":4.0E-4,"played":[0.9993,7.0E-4],"evs":[0.0,-3.01403]},"A9o":{"weight":0.8623,"played":[0.9874,0.0126],"evs":[0.0,-1.0403]},"T2s":{"weight":0.0,"played":[0.8794,0.1206],"evs":[0.0,-3.40571]},"T3s":{"weight":0.0,"played":[0.9268,0.0732],"evs":[0.0,-4.58989]},"T4s":{"weight":3.0E-4,"played":[0.9851,0.0149],"evs":[0.0,-5.1875]},"T5s":{"weight":0.0,"played":[1.0,0.0],"evs":[0.0,-2.85042]},"T6s":{"weight":0.0,"played":[0.9263,0.0737],"evs":[0.0,-2.16813]},"T7s":{"weight":0.0,"played":[1.0,0.0],"evs":[0.0,-4.64028]},"T8s":{"weight":9.0E-4,"played":[0.9961,0.0039],"evs":[0.0,-3.90321]},"T9s":{"weight":0.7914,"played":[0.8393,0.1607],"evs":[0.0,-2.79806]},"TT":{"weight":0.0849,"played":[2.0E-4,0.9998],"evs":[0.0,6.12871]},"JTo":{"weight":0.0026,"played":[0.9063,0.0937],"evs":[0.0,-2.77701]},"QTo":{"weight":0.0685,"played":[0.9918,0.0082],"evs":[0.0,-1.43252]},"KTo":{"weight":0.1328,"played":[0.9232,0.0768],"evs":[0.0,-0.75109]},"ATo":{"weight":0.1094,"played":[0.6965,0.3035],"evs":[0.0,0.41076]},"J2s":{"weight":0.0,"played":[0.9582,0.0418],"evs":[0.0,-2.89798]},"J3s":{"weight":0.0,"played":[0.9951,0.0049],"evs":[0.0,-6.43812]},"J4s":{"weight":2.0E-4,"played":[0.9486,0.0514],"evs":[0.0,-2.60223]},"J5s":{"weight":0.0,"played":[0.9917,0.0083],"evs":[0.0,-4.0752]},"J6s":{"weight":2.0E-4,"played":[0.9973,0.0027],"evs":[0.0,-3.04144]},"J7s":{"weight":3.0E-4,"played":[0.9006,0.0994],"evs":[0.0,-0.29983]},"J8s":{"weight":0.0053,"played":[0.9488,0.0512],"evs":[0.0,-3.37392]},"J9s":{"weight":0.6004,"played":[0.902,0.098],"evs":[0.0,-2.24851]},"JTs":{"weight":0.4048,"played":[0.9275,0.0725],"evs":[0.0,0.1785]},"JJ":{"weight":0.7289,"played":[0.0,1.0],"evs":[0.0,9.09535]},"QJo":{"weight":0.4492,"played":[0.9956,0.0044],"evs":[0.0,-2.10602]},"KJo":{"weight":0.3424,"played":[0.8302,0.1698],"evs":[0.0,-1.20885]},"AJo":{"weight":0.0165,"played":[0.5873,0.4127],"evs":[0.0,0.30941]},"Q2s":{"weight":2.0E-4,"played":[0.9987,0.0013],"evs":[0.0,-7.78792]},"Q3s":{"weight":2.0E-4,"played":[0.9889,0.0111],"evs":[0.0,-4.25738]},"Q4s":{"weight":1.0E-4,"played":[0.9963,0.0037],"evs":[0.0,-3.07728]},"Q5s":{"weight":0.0011,"played":[0.9563,0.0437],"evs":[0.0,-4.81552]},"Q6s":{"weight":0.0051,"played":[0.9992,8.0E-4],"evs":[0.0,-5.43754]},"Q7s":{"weight":0.1442,"played":[0.9948,0.0052],"evs":[0.0,-2.30332]},"Q8s":{"weight":0.4367,"played":[0.9127,0.0873],"evs":[0.0,-2.68251]},"Q9s":{"weight":0.0112,"played":[0.8917,0.1083],"evs":[0.0,-2.66333]},"QTs":{"weight":0.712,"played":[0.9955,0.0045],"evs":[0.0,-0.49273]},"QJs":{"weight":0.1674,"played":[0.9092,0.0908],"evs":[0.0,-0.87624]},"QQ":{"weight":0.1504,"played":[0.0,1.0],"evs":[0.0,10.98375]},"KQo":{"weight":0.7047,"played":[0.864,0.136],"evs":[0.0,-0.73935]},"AQo":{"weight":0.3177,"played":[0.0,1.0],"evs":[0.0,4.40407]},"K2s":{"weight":0.0,"played":[0.9572,0.0428],"evs":[0.0,-5.20066]},"K3s":{"weight":0.0011,"played":[0.9646,0.0354],"evs":[0.0,-3.51716]},"K4s":{"weight":0.1021,"played":[0.9702,0.0298],"evs":[0.0,-2.53322]},"K5s":{"weight":0.0252,"played":[0.9759,0.0241],"evs":[0.0,-1.16253]},"K6s":{"weight":0.0045,"played":[0.8979,0.1021],"evs":[0.0,-5.3964]},"K7s":{"weight":1.0E-4,"played":[0.8657,0.1343],"evs":[0.0,-3.30918]},"K8s":{"weight":0.2053,"played":[0.3234,0.6766],"evs":[0.0,-0.31525]},"K9s":{"weight":0.6699,"played":[0.9604,0.0396],"evs":[0.0,-4.37412]},"KTs":{"weight":0.1351,"played":[0.5427,0.4573],"evs":[0.0,-1.71133]},"KJs":{"weight":0.1631,"played":[0.1218,0.8782],"evs":[0.0,2.77037]},"KQs":{"weight":0.4882,"played":[0.0744,0.9256],"evs":[0.0,3.45316]},"KK":{"weight":0.9326,"played":[0.0,1.0],"evs":[0.0,15.68759]},"AKo":{"weight":0.3257,"played":[1.0E-4,0.9999],"evs":[0.0,5.71728]},"A2s":{"weight":0.0055,"played":[0.8049,0.1951],"evs":[0.0,-1.18734]},"A3s":{"weight":0.0,"played":[0.9772,0.0228],"evs":[0.0,-1.7032]},"A4s":{"weight":1.0E-4,"played":[0.5163,0.4837],"evs":[0.0,-0.02804]},"A5s":{"weight":0.0276,"played":[0.4168,0.5832],"evs":[0.0,0.55117]},"A6s":{"weight":0.273,"played":[0.416,0.584],"evs":[0.0,-0.88049]},"A7s":{"weight":0.5662,"played":[0.7541,0.2459],"evs":[0.0,-1.3596]},"A8s":{"weight":0.1636,"played":[0.4228,0.5772],"evs":[0.0,1.79733]},"A9s":{"weight":0.5579,"played":[0.2504,0.7496],"evs":[0.0,-0.16361]},"ATs":{"weight":0.5113,"played":[0.3281,0.6719],"evs":[0.0,1.53359]},"AJs":{"weight":0.0786,"played":[0.3172,0.6828],"evs":[0.0,0.31631]},"AQs":{"weight":0.6513,"played":[8.0E-4,0.9992],"evs":[0.0,1.6983]},"AKs":{"weight":0.8768,"played":[0.0,1.0],"evs":[0.0,5.75533]},"AA":{"weight":0.9904,"played":[0.0,1.0],"evs":[0.0,16.89869]}}}