{"player":5,"street":0,"children":2,"sequence":[{"player":0,"type":"F","amount":0,"street":0},{"player":1,"type":"F","amount":0,"street":0},{"player":2,"type":"R","amount":200000,"street":0},{"player":3,"type":"R","amount":2485000,"street":0},{"player":4,"type":"R","amount":3035000,"street":0}],"actions":[{"type":"F","amount":0,"node":63},{"type":"C","amount":2885000,"node":64}],"hands":{"22":{"weight":1.0,"played":[0.9888,0.0112],"evs":[0.0,-4.63893]},"32o":{"weight":1.0,"played":[1.0,0.0],"evs":[0.0,-12.81113]},"42o":{"weight":1.0,"played":[0.9902,0.0098],"evs":[0.0,-9.33255]},"52o":{"weight":1.0,"played":[0.9992,8.0E-4],"evs":[0.0,-7.48252]},"62o":{"weight":1.0,"played":[0.9974,0.0026],"evs":[0.0,-8.99144]},"72o":{"weight":1.0,"played":[0.9992,8.0E-4],"evs":[0.0,-10.06566]},"82o":{"weight":1.0,"played":[1.0,0.0],"evs":[0.0,-11.22853]},"92o":{"weight":1.0,"played":[0.9995,5.0E-4],"evs":[0.0,-10.55308]},"T2o":{"weight":1.0,"played":[0.9974,0.0026],"evs":[0.0,-10.39995]},"J2o":{"weight":1.0,"played":[0.9995,5.0E-4],"evs":[0.0,-12.80099]},"Q2o":{"weight":1.0,"played":[0.9924,0.0076],"evs":[0.0,-8.14658]},"K2o":{"weight":1.0,"played":[0.9727,0.0273],"evs":[0.0,-8.25355]},"A2o":{"weight":1.0,"played":[0.9814,0.0186],"evs":[0.0,-10.09941]},"32s":{"weight":1.0,"played":[0.9722,0.0278],"evs":[0.0,-4.31017]},"33":{"weight":1.0,"played":[0.9693,0.0307],"evs":[0.0,-2.60276]},"43o":{"weight":1.0,"played":[0.9996,4.0E-4],"evs":[0.0,-8.7675]},"53o":{"weight":1.0,"played":[0.9967,0.0033],"evs":[0.0,-8.06612]},"63o":{"weight":1.0,"played":[0.9998,2.0E-4],"evs":[0.0,-9.30828]},"73o":{"weight":1.0,"played":[0.9887,0.0113],"evs":[0.0,-6.85345]},"83o":{"weight":1.0,"played":[0.9995,5.0E-4],"evs":[0.0,-10.96436]},"93o":{"weight":1.0,"played":[0.997,0.003],"evs":[0.0,-6.4002]},"T3o":{"weight":1.0,"played":[0.9994,6.0E-4],"evs":[0.0,-9.85794]},"J3o":{"weight":1.0,"played":[0.9975,0.0025],"evs":[0.0,-8.96372]},"Q3o":{"weight":1.0,"played":[0.996,0.004],"evs":[0.0,-6.54613]},"K3o":{"weight":1.0,"played":[0.995,0.005],"evs":[0.0,-9.02727]},"A3o":{"weight":1.0,"played":[0.9972,0.0028],"evs":[0.0,-11.61815]},"42s":{"weight":1.0,"played":[0.9546,0.0454],"evs":[0.0,-7.86916]},"43s":{"weight":1.0,"played":[0.8378,0.1622],"evs":[0.0,-4.62732]},"44":{"weight":1.0,"played":[0.9604,0.0396],"evs":[0.0,-5.55123]},"54o":{"weight":1.0,"played":[0.9969,0.0031],"evs":[0.0,-8.52854]},"64o":{"weight":1.0,"played":[0.9722,0.0278],"evs":[0.0,-6.20691]},"74o":{"weight":1.0,"played":[0.998,0.002],"evs":[0.0,-8.93624]},"84o":{"weight":1.0,"played":[0.9997,3.0E-4],"evs":[0.0,-7.14085]},"94o":{"weight":1.0,"played":[0.9984,0.0016],"evs":[0.0,-7.8026]},"T4o":{"weight":1.0,"played":[0.9987,0.0013],"evs":[0.0,-8.41378]},"J4o":{"weight":1.0,"played":[0.9985,0.0015],"evs":[0.0,-11.03701]},"Q4o":{"weight":1.0,"played":[0.999,0.001],"evs":[0.0,-7.80012]},"K4o":{"weight":1.0,"played":[0.9999,1.0E-4],"evs":[0.0,-8.91734]},"A4o":{"weight":1.0,"played":[0.9413,0.0587],"evs":[0.0,-8.41088]},"52s":{"weight":1.0,"played":[0.9928,0.0072],"evs":[0.0,-6.67367]},"53s":{"weight":1.0,"played":[0.7171,0.2829],"evs":[0.0,-2.97947]},"54s":{"weight":1.0,"played":[0.8426,0.1574],"evs":[0.0,-2.71864]},"55":{"weight":1.0,"played":[0.6344,0.3656],"evs":[0.0,-0.36037]},"65o":{"weight":1.0,"played":[0.9998,2.0E-4],"evs":[0.0,-5.23857]},"75o":{"weight":1.0,"played":[0.9756,0.0244],"evs":[0.0,-9.66255]},"85o":{"weight":1.0,"played":[0.9999,1.0E-4],"evs":[0.0,-8.41198]},"95o":{"weight":1.0,"played":[0.9999,1.0E-4],"evs":[0.0,-6.79769]},"T5o":{"weight":1.0,"played":[0.977,0.023],"evs":[0.0,-11.12298]},"J5o":{"weight":1.0,"played":[1.0,0.0],"evs":[0.0,-8.4968]},"Q5o":{"weight":1.0,"played":[0.9797,0.0203],"evs":[0.0,-7.09864]},"K5o":{"weight":1.0,"played":[0.9946,0.0054],"evs":[0.0,-8.3777]},"A5o":{"weight":1.0,"played":[0.9686,0.0314],"evs":[0.0,-6.86851]},"62s":{"weight":1.0,"played":[0.9997,3.0E-4],"evs":[0.0,-9.49055]},"63s":{"weight":1.0,"played":[0.9873,0.0127],"evs":[0.0,-8.77171]},"64s":{"weight":1.0,"played":[0.9235,0.0765],"evs":[0.0,-3.35833]},"65s":{"weight":1.0,"played":[0.9957,0.0043],"evs":[0.0,-0.32728]},"66":{"weight":1.0,"played":[0.7215,0.2785],"evs":[0.0,-0.90315]},"76o":{"weight":1.0,"played":[0.9906,0.0094],"evs":[0.0,-6.96964]},"86o":{"weight":1.0,"played":[0.993,0.007],"evs":[0.0,-11.17333]},"96o":{"weight":1.0,"played":[0.9986,0.0014],"evs":[0.0,-9.22656]},"T6o":{"weight":1.0,"played":[0.9936,0.0064],"evs":[0.0,-6.53102]},"J6o":{"weight":1.0,"played":[0.9965,0.0035],"evs":[0.0,-7.37544]},"Q6o":{"weight":1.0,"played":[0.9887,0.0113],"evs":[0.0,-8.22667]},"K6o":{"weight":1.0,"played":[0.9999,1.0E-4],"evs":[0.0,-9.75756]},"A6o":{"weight":1.0,"played":[0.9292,0.0708],"evs":[0.0,-9.93156]},"72s":{"weight":1.0,"played":[0.9979,0.0021],"evs":[0.0,-13.69499]},"73s":{"weight":1.0,"played":[0.9571,0.0429],"evs":[0.0,-4.88508]},"74s":{"weight":1.0,"played":[0.9565,0.0435],"evs":[0.0,-3.57622]},"75s":{"weight":1.0,"played":[0.9629,0.0371],"evs":[0.0,-10.24]},"76s":{"weight":1.0,"played":[0.413,0.587],"evs":[0.0,-1.0269]},"77":{"weight":1.0,"played":[0.3433,0.6567],"evs":[0.0,1.10726]},"87o":{"weight":1.0,"played":[0.9998,2.0E-4],"evs":[0.0,-6.1107]},"97o":{"weight":1.0,"played":[0.981,0.019],"evs":[0.0,-4.01784]},"T7o":{"weight":1.0,"played":[0.973,0.027],"evs":[0.0,-4.73012]},"J7o":{"weight":1.0,"played":[0.9769,0.0231],"evs":[0.0,-7.3325]},"Q7o":{"weight":1.0,"played":[0.9934,0.0066],"evs":[0.0,-4.89127]},"K7o":{"weight":1.0,"played":[0.9209,0.0791],"evs":[0.0,-5.92565]},"A7o":{"weight":1.0,"played":[0.9605,0.0395],"evs":[0.0,-8.22165]},"82s":{"weight":1.0,"played":[0.7387,0.2613],"evs":[0.0,-10.37736]},"83s":{"weight":1.0,"played":[0.9722,0.0278],"evs":[0.0,-6.92772]},"84s":{"weight":1.0,"played":[0.8958,0.1042],"evs":[0.0,-7.36977]},"85s":{"weight":1.0,"played":[0.9508,0.0492],"evs":[0.0,-12.56303]},"86s":{"weight":1.0,"played":[0.6365,0.3635],"evs":[0.0,-3.21639]},"87s":{"weight":1.0,"played":[0.9237,0.0763],"evs":[0.0,-3.24629]},"88":{"weight":1.0,"played":[0.0024,0.9976],"evs":[0.0,5.2986]},"98o":{"weight":1.0,"played":[0.9972,0.0028],"evs":[0.0,-7.68396]},"T8o":{"weight":1.0,"played":[0.9599,0.0401],"evs":[0.0,-6.29988]},"J8o":{"weight":1.0,"played":[0.993,0.007],"evs":[0.0,-7.34252]},"Q8o":{"weight":1.0,"played":[0.9612,0.0388],"evs":[0.0,-4.12503]},"K8o":{"weight":1.0,"played":[0.8668,0.1332],"evs":[0.0,-3.98592]},"A8o":{"weight":1.0,"played":[0.916,0.084],"evs":[0.0,-8.10142]},"92s":{"weight":1.0,"played":[0.9616,0.0384],"evs":[0.0,-3.1009]},"93s":{"weight":1.0,"played":[0.9885,0.0115],"evs":[0.0,-5.25565]},"94s":{"weight":1.0,"played":[0.9984,0.0016],"evs":[0.0,-7.4405]},"95s":{"weight":1.0,"played":[0.9359,0.0641],"evs":[0.0,-6.99933]},"96s":{"weight":1.0,"played":[0.9174,0.0826],"evs":[0.0,-4.06705]},"97s":{"weight":1.0,"played":[0.9939,0.0061],"evs":[0.0,-7.62691]},"98s":{"weight":1.0,"played":[0.7746,0.2254],"evs":[0.0,-6.45181]},"99":{"weight":1.0,"played":[0.0799,0.9201],"evs":[0.0,3.64239]},"T9o":{"weight":1.0,"played":[0.9765,0.0235],"evs":[0.0,-7.1553]},"J9o":{"weight":1.0,"played":[0.9998,2.0E-4],"evs":[0.0,-4.12308]},"Q9o":{"weight":1.0,"played":[0.9965,0.0035],"evs":[0.0,-8.68755]},"K9o":{"weight":1.0,"played":[0.8999,0.1001],"evs":[0.0,-4.08063]},"A9o":{"weight":1.0,"played":[0.6378,0.3622],"evs":[0.0,-4.86805]},"T2s":{"weight":1.0,"played":[0.997,0.003],"evs":[0.0,-12.79314]},"T3s":{"weight":1.0,"played":[0.8362,0.1638],"evs":[0.0,-5.8221]},"T4s":{"weight":1.0,"played":[0.9046,0.0954],"evs":[0.0,-11.36532]},"T5s":{"weight":1.0,"played":[0.9114,0.0886],"evs":[0.0,-9.20955]},"T6s":{"weight":1.0,"played":[0.9457,0.0543],"evs":[0.0,-6.15582]},"T7s":{"weight":1.0,"played":[0.7149,0.2851],"evs":[0.0,-3.2979]},"T8s":{"weight":1.0,"played":[0.9825,0.0175],"evs":[0.0,-5.84761]},"T9s":{"weight":1.0,"played":[0.7744,0.2256],"evs":[0.0,2.72741]},"TT":{"weight":1.0,"played":[1.0E-4,0.9999],"evs":[0.0,1.21548]},"JTo":{"weight":1.0,"played":[0.9998,2.0E-4],"evs":[0.0,-3.525]},"QTo":{"weight":1.0,"played":[0.9677,0.0323],"evs":[0.0,-9.07559]},"KTo":{"weight":1.0,"played":[0.798,0.202],"evs":[0.0,-3.30881]},"ATo":{"weight":1.0,"played":[0.7593,0.2407],"evs":[0.0,-6.61449]},"J2s":{"weight":1.0,"played":[0.9232,0.0768],"evs":[0.0,-9.48037]},"J3s":{"weight":1.0,"played":[0.9707,0.0293],"evs":[0.0,-4.79296]},"J4s":{"weight":1.0,"played":[0.9833,0.0167],"evs":[0.0,-10.23867]},"J5s":{"weight":1.0,"played":[0.9981,0.0019],"evs":[0.0,-2.34681]},"J6s":{"weight":1.0,"played":[0.8556,0.1444],"evs":[0.0,-6.05111]},"J7s":{"weight":1.0,"played":[0.9486,0.0514],"evs":[0.0,-6.63317]},"J8s":{"weight":1.0,"played":[0.9493,0.0507],"evs":[0.0,-4.17018]},"J9s":{"weight":1.0,"played":[0.6329,0.3671],"evs":[0.0,0.05333]},"JTs":{"weight":1.0,"played":[0.7065,0.2935],"evs":[0.0,-1.0827]},"JJ":{"weight":1.0,"played":[3.0E-4,0.9997],"evs":[0.0,12.16335]},"QJo":{"weight":1.0,"played":[0.5451,0.4549],"evs":[0.0,-2.90567]},"KJo":{"weight":1.0,"played":[0.8955,0.1045],"evs":[0.0,-4.42501]},"AJo":{"weight":1.0,"played":[0.8489,0.1511],"evs":[0.0,-7.10023]},"Q2s":{"weight":1.0,"played":[0.9931,0.0069],"evs":[0.0,-3.71949]},"Q3s":{"weight":1.0,"played":[0.8427,0.1573],"evs":[0.0,-5.02625]},"Q4s":{"weight":1.0,"played":[1.0,0.0],"evs":[0.0,-7.69638]},"Q5s":{"weight":1.0,"played":[1.0,0.0],"evs":[0.0,-1.72189]},"Q6s":{"weight":1.0,"played":[0.6815,0.3185],"evs":[0.0,-2.0727]},"Q7s":{"weight":1.0,"played":[0.9163,0.0837],"evs":[0.0,-7.57565]},"Q8s":{"weight":1.0,"played":[0.9785,0.0215],"evs":[0.0,-9.73557]},"Q9s":{"weight":1.0,"played":[0.0126,0.9874],"evs":[0.0,1.4818]},"QTs":{"weight":1.0,"played":[0.6726,0.3274],"evs":[0.0,-5.24388]},"QJs":{"weight":1.0,"played":[0.959,0.041],"evs":[0.0,-5.91146]},"QQ":{"weight":1.0,"played":[0.0,1.0],"evs":[0.0,14.40984]},"KQo":{"weight":1.0,"played":[0.2313,0.7687],"evs":[0.0,0.29961]},"AQo":{"weight":1.0,"played":[0.0063,0.9937],"evs":[0.0,0.5192]},"K2s":{"weight":1.0,"played":[0.9575,0.0425],"evs":[0.0,-10.01613]},"K3s":{"weight":1.0,"played":[0.9659,0.0341],"evs":[0.0,-10.71733]},"K4s":{"weight":1.0,"played":[0.0958,0.9042],"evs":[0.0,5.33316]},"K5s":{"weight":1.0,"played":[0.9122,0.0878],"evs":[0.0,-11.24556]},"K6s":{"weight":1.0,"played":[0.9488,0.0512],"evs":[0.0,-4.99055]},"K7s":{"weight":1.0,"played":[0.9275,0.0725],"evs":[0.0,-5.07801]},"K8s":{"weight":1.0,"played":[0.2091,0.7909],"evs":[0.0,0.0254]},"K9s":{"weight":1.0,"played":[0.1071,0.8929],"evs":[0.0,1.31795]},"KTs":{"weight":1.0,"played":[0.1409,0.8591],"evs":[0.0,7.52617]},"KJs":{"weight":1.0,"played":[0.8179,0.1821],"evs":[0.0,-7.41638]},"KQs":{"weight":1.0,"played":[0.9022,0.0978],"evs":[0.0,-1.70188]},"KK":{"weight":1.0,"played":[0.0,1.0],"evs":[0.0,21.67034]},"AKo":{"weight":1.0,"played":[0.0049,0.9951],"evs":[0.0,9.77712]},"A2s":{"weight":1.0,"played":[0.5154,0.4846],"evs":[0.0,3.70214]},"A3s":{"weight":1.0,"played":[0.7808,0.2192],"evs":[0.0,-5.39828]},"A4s":{"weight":1.0,"played":[0.6462,0.3538],"evs":[0.0,0.0643]},"A5s":{"weight":1.0,"played":[0.7521,0.2479],"evs":[0.0,-3.71679]},"A6s":{"weight":1.0,"played":[0.9468,0.0532],"evs":[0.0,-0.40357]},"A7s":{"weight":1.0,"played":[0.8274,0.1726],"evs":[0.0,-6.15091]},"A8s":{"weight":1.0,"played":[0.9364,0.0636],"evs":[0.0,-4.40988]},"A9s":{"weight":1.0,"played":[0.9287,0.0713],"evs":[0.0,-7.79317]},"ATs":{"weight":1.0,"played":[0.7462,0.2538],"evs":[0.0,-4.94537]},"AJs":{"weight":1.0,"played":[0.9887,0.0113],"evs":[0.0,-3.96084]},"AQs":{"weight":1.0,"played":[0.2842,0.7158],"evs":[0.0,-0.19518]},"AKs":{"weight":1.0,"played":[0.0082,0.9918],"evs":[0.0,3.19545]},"AA":{"weight":1.0,"played":[0.0,1.0],"evs":[0.0,30.79248]}}}