{"player":2,"street":0,"children":2,"sequence":[{"player":0,"type":"F","amount":0,"street":0},{"player":1,"type":"F","amount":0,"street":0},{"player":2,"type":"R","amount":200000,"street":0},{"player":3,"type":"R","amount":2485000,"street":0},{"player":4,"type":"R","amount":3035000,"street":0},{"player":5,"type":"C","amount":2885000,"street":0}],"actions":[{"type":"F","amount":0},{"type":"C","amount":1075000}],"hands":{"22":{"weight":0.0,"played":[0.9948,0.0052],"evs":[0.0,-1.84136]},"32o":{"weight":0.0,"played":[1.0,0.0],"evs":[0.0,-3.18952]},"42o":{"weight":0.0,"played":[1.0,0.0],"evs":[0.0,-3.38297]},"52o":{"weight":0.0,"played":[1.0,0.0],"evs":[0.0,-3.01174]},"62o":{"weight":0.0,"played":[0.9997,3.0E-4],"evs":[0.0,-3.2177]},"72o":{"weight":0.0,"played":[1.0,0.0],"evs":[0.0,-3.74663]},"82o":{"weight":0.0,"played":[1.0,0.0],"evs":[0.0,-4.04302]},"92o":{"weight":0.0,"played":[0.9999,1.0E-4],"evs":[0.0,-4.02182]},"T2o":{"weight":0.0,"played":[0.999,0.001],"evs":[0.0,-4.26785]},"J2o":{"weight":0.0,"played":[1.0,0.0],"evs":[0.0,-3.47542]},"Q2o":{"weight":0.0,"played":[0.9998,2.0E-4],"evs":[0.0,-4.03907]},"K2o":{"weight":0.0,"played":[1.0,0.0],"evs":[0.0,-3.92003]},"A2o":{"weight":0.0,"played":[0.9999,1.0E-4],"evs":[0.0,-4.03814]},"32s":{"weight":0.0,"played":[0.9991,9.0E-4],"evs":[0.0,-1.73957]},"33":{"weight":0.0119,"played":[0.9582,0.0418],"evs":[0.0,-1.05382]},"43o":{"weight":0.0,"played":[0.9987,0.0013],"evs":[0.0,-2.8399]},"53o":{"weight":0.0,"played":[0.9998,2.0E-4],"evs":[0.0,-1.86962]},"63o":{"weight":0.0,"played":[0.9999,1.0E-4],"evs":[0.0,-2.7495]},"73o":{"weight":0.0,"played":[0.9999,1.0E-4],"evs":[0.0,-3.1062]},"83o":{"weight":0.0,"played":[1.0,0.0],"evs":[0.0,-3.42541]},"93o":{"weight":0.0,"played":[0.9998,2.0E-4],"evs":[0.0,-3.76795]},"T3o":{"weight":0.0,"played":[1.0,0.0],"evs":[0.0,-3.59112]},"J3o":{"weight":0.0,"played":[1.0,0.0],"evs":[0.0,-3.20312]},"Q3o":{"weight":0.0,"played":[0.9995,5.0E-4],"evs":[0.0,-3.57495]},"K3o":{"weight":0.0,"played":[0.9999,1.0E-4],"evs":[0.0,-3.31008]},"A3o":{"weight":0.0,"played":[0.9989,0.0011],"evs":[0.0,-3.49288]},"42s":{"weight":0.0,"played":[0.9997,3.0E-4],"evs":[0.0,-1.01303]},"43s":{"weight":0.0,"played":[0.9596,0.0404],"evs":[0.0,-0.77614]},"44":{"weight":0.0,"played":[0.9073,0.0927],"evs":[0.0,-0.67864]},"54o":{"weight":0.0,"played":[0.9994,6.0E-4],"evs":[0.0,-1.91114]},"64o":{"weight":0.0,"played":[0.9998,2.0E-4],"evs":[0.0,-2.3991]},"74o":{"weight":0.0,"played":[1.0,0.0],"evs":[0.0,-2.4591]},"84o":{"weight":0.0,"played":[0.9994,6.0E-4],"evs":[0.0,-2.92976]},"94o":{"weight":0.0,"played":[1.0,0.0],"evs":[0.0,-3.97817]},"T4o":{"weight":0.0,"played":[0.9992,8.0E-4],"evs":[0.0,-3.49686]},"J4o":{"weight":0.0,"played":[1.0,0.0],"evs":[0.0,-3.67762]},"Q4o":{"weight":0.0,"played":[0.9999,1.0E-4],"evs":[0.0,-3.36569]},"K4o":{"weight":0.0,"played":[0.9997,3.0E-4],"evs":[0.0,-3.01764]},"A4o":{"weight":0.0,"played":[0.9931,0.0069],"evs":[0.0,-2.93204]},"52s":{"weight":0.0,"played":[0.9995,5.0E-4],"evs":[0.0,-1.71975]},"53s":{"weight":0.0,"played":[0.9782,0.0218],"evs":[0.0,-0.51639]},"54s":{"weight":0.0,"played":[0.7474,0.2526],"evs":[0.0,-0.79777]},"55":{"weight":0.0,"played":[0.6518,0.3482],"evs":[0.0,0.04625]},"65o":{"weight":0.0,"played":[0.9988,0.0012],"evs":[0.0,-1.48005]},"75o":{"weight":0.0,"played":[0.9997,3.0E-4],"evs":[0.0,-1.92471]},"85o":{"weight":0.0,"played":[1.0,0.0],"evs":[0.0,-2.9526]},"95o":{"weight":0.0,"played":[0.9999,1.0E-4],"evs":[0.0,-3.01956]},"T5o":{"weight":0.0,"played":[0.9996,4.0E-4],"evs":[0.0,-3.74941]},"J5o":{"weight":0.0,"played":[0.9999,1.0E-4],"evs":[0.0,-3.57892]},"Q5o":{"weight":0.0,"played":[0.9995,5.0E-4],"evs":[0.0,-3.34268]},"K5o":{"weight":0.0,"played":[0.9997,3.0E-4],"evs":[0.0,-2.54022]},"A5o":{"weight":0.0136,"played":[0.999,0.001],"evs":[0.0,-3.13232]},"62s":{"weight":0.0,"played":[0.9985,0.0015],"evs":[0.0,-1.87901]},"63s":{"weight":0.0,"played":[0.9995,5.0E-4],"evs":[0.0,-1.94488]},"64s":{"weight":0.0,"played":[0.9973,0.0027],"evs":[0.0,-0.70315]},"65s":{"weight":0.0,"played":[0.7455,0.2545],"evs":[0.0,-0.23333]},"66":{"weight":0.0,"played":[0.9251,0.0749],"evs":[0.0,-0.23432]},"76o":{"weight":0.0,"played":[0.9957,0.0043],"evs":[0.0,-1.41367]},"86o":{"weight":0.0,"played":[0.9984,0.0016],"evs":[0.0,-1.96004]},"96o":{"weight":0.0,"played":[0.9994,6.0E-4],"evs":[0.0,-1.97487]},"T6o":{"weight":0.0,"played":[0.9994,6.0E-4],"evs":[0.0,-2.71724]},"J6o":{"weight":0.0,"played":[0.9996,4.0E-4],"evs":[0.0,-2.86723]},"Q6o":{"weight":0.0,"played":[0.9986,0.0014],"evs":[0.0,-3.14541]},"K6o":{"weight":0.0,"played":[0.9999,1.0E-4],"evs":[0.0,-3.09758]},"A6o":{"weight":0.0211,"played":[0.9995,5.0E-4],"evs":[0.0,-3.92468]},"72s":{"weight":0.0,"played":[0.9993,7.0E-4],"evs":[0.0,-1.08356]},"73s":{"weight":0.0,"played":[0.9974,0.0026],"evs":[0.0,-1.90471]},"74s":{"weight":0.0,"played":[0.9984,0.0016],"evs":[0.0,-0.62461]},"75s":{"weight":0.0,"played":[0.8217,0.1783],"evs":[0.0,-0.95129]},"76s":{"weight":0.0,"played":[0.0243,0.9757],"evs":[0.0,0.40374]},"77":{"weight":0.0,"played":[0.5281,0.4719],"evs":[0.0,0.0307]},"87o":{"weight":0.0,"played":[0.9997,3.0E-4],"evs":[0.0,-1.88034]},"97o":{"weight":0.0,"played":[0.9969,0.0031],"evs":[0.0,-1.89104]},"T7o":{"weight":0.0,"played":[1.0,0.0],"evs":[0.0,-2.20145]},"J7o":{"weight":0.0,"played":[0.9989,0.0011],"evs":[0.0,-2.37408]},"Q7o":{"weight":0.0,"played":[0.9998,2.0E-4],"evs":[0.0,-3.03447]},"K7o":{"weight":0.0,"played":[0.9972,0.0028],"evs":[0.0,-2.4262]},"A7o":{"weight":0.0083,"played":[0.9983,0.0017],"evs":[0.0,-3.57888]},"82s":{"weight":0.0,"played":[0.9979,0.0021],"evs":[0.0,-2.45547]},"83s":{"weight":0.0,"played":[0.9954,0.0046],"evs":[0.0,-3.08669]},"84s":{"weight":0.0,"played":[1.0,0.0],"evs":[0.0,-1.97325]},"85s":{"weight":0.0,"played":[0.9262,0.0738],"evs":[0.0,-0.26711]},"86s":{"weight":0.0,"played":[0.4107,0.5893],"evs":[0.0,-0.40459]},"87s":{"weight":0.0,"played":[0.9982,0.0018],"evs":[0.0,-0.62523]},"88":{"weight":0.0154,"played":[0.0058,0.9942],"evs":[0.0,1.53424]},"98o":{"weight":0.0,"played":[0.9993,7.0E-4],"evs":[0.0,-1.72953]},"T8o":{"weight":0.0,"played":[0.9929,0.0071],"evs":[0.0,-1.79023]},"J8o":{"weight":0.0,"played":[1.0,0.0],"evs":[0.0,-2.21953]},"Q8o":{"weight":0.0,"played":[0.9998,2.0E-4],"evs":[0.0,-2.38469]},"K8o":{"weight":0.0,"played":[0.9988,0.0012],"evs":[0.0,-2.78693]},"A8o":{"weight":0.0,"played":[0.9981,0.0019],"evs":[0.0,-3.34323]},"92s":{"weight":0.0,"played":[0.9999,1.0E-4],"evs":[0.0,-2.58615]},"93s":{"weight":0.0,"played":[0.9997,3.0E-4],"evs":[0.0,-2.31338]},"94s":{"weight":0.0,"played":[0.9999,1.0E-4],"evs":[0.0,-2.24669]},"95s":{"weight":0.0,"played":[0.7145,0.2855],"evs":[0.0,-0.8313]},"96s":{"weight":0.0,"played":[0.9939,0.0061],"evs":[0.0,-1.03159]},"97s":{"weight":0.0,"played":[0.9006,0.0994],"evs":[0.0,-1.03737]},"98s":{"weight":0.0,"played":[0.8262,0.1738],"evs":[0.0,-0.58848]},"99":{"weight":0.0,"played":[0.0,1.0],"evs":[0.0,2.32424]},"T9o":{"weight":0.0,"played":[0.9772,0.0228],"evs":[0.0,-1.7818]},"J9o":{"weight":0.0,"played":[0.9984,0.0016],"evs":[0.0,-1.54749]},"Q9o":{"weight":0.0,"played":[0.9815,0.0185],"evs":[0.0,-1.82718]},"K9o":{"weight":0.0,"played":[0.9995,5.0E-4],"evs":[0.0,-2.10243]},"A9o":{"weight":0.0,"played":[0.9993,7.0E-4],"evs":[0.0,-2.91364]},"T2s":{"weight":0.0,"played":[0.9942,0.0058],"evs":[0.0,-2.79458]},"T3s":{"weight":0.0,"played":[0.9894,0.0106],"evs":[0.0,-1.58628]},"T4s":{"weight":0.0,"played":[0.9976,0.0024],"evs":[0.0,-1.4993]},"T5s":{"weight":0.0,"played":[0.9988,0.0012],"evs":[0.0,-1.89949]},"T6s":{"weight":0.0,"played":[0.8778,0.1222],"evs":[0.0,-1.46532]},"T7s":{"weight":0.0,"played":[0.9796,0.0204],"evs":[0.0,-0.86087]},"T8s":{"weight":0.0,"played":[0.4315,0.5685],"evs":[0.0,0.38154]},"T9s":{"weight":0.0,"played":[0.0989,0.9011],"evs":[0.0,0.11872]},"TT":{"weight":0.0,"played":[0.0,1.0],"evs":[0.0,3.37247]},"JTo":{"weight":0.0,"played":[0.9986,0.0014],"evs":[0.0,-0.97112]},"QTo":{"weight":0.0,"played":[0.9714,0.0286],"evs":[0.0,-1.93404]},"KTo":{"weight":0.0092,"played":[0.9953,0.0047],"evs":[0.0,-1.65233]},"ATo":{"weight":0.0,"played":[0.9773,0.0227],"evs":[0.0,-2.23224]},"J2s":{"weight":0.0,"played":[0.9485,0.0515],"evs":[0.0,-1.80881]},"J3s":{"weight":0.0,"played":[0.983,0.017],"evs":[0.0,-2.19203]},"J4s":{"weight":0.0,"played":[0.9898,0.0102],"evs":[0.0,-1.732]},"J5s":{"weight":0.0,"played":[0.9972,0.0028],"evs":[0.0,-1.81695]},"J6s":{"weight":0.0,"played":[0.9979,0.0021],"evs":[0.0,-0.84206]},"J7s":{"weight":0.0,"played":[0.9835,0.0165],"evs":[0.0,-1.22319]},"J8s":{"weight":0.0,"played":[0.9328,0.0672],"evs":[0.0,-0.85115]},"J9s":{"weight":0.0,"played":[0.4342,0.5658],"evs":[0.0,-0.23982]},"JTs":{"weight":0.0638,"played":[0.5185,0.4815],"evs":[0.0,0.09939]},"JJ":{"weight":0.0,"played":[0.0,1.0],"evs":[0.0,5.55232]},"QJo":{"weight":0.0143,"played":[0.9931,0.0069],"evs":[0.0,-1.44058]},"KJo":{"weight":0.0,"played":[0.8686,0.1314],"evs":[0.0,-0.67942]},"AJo":{"weight":0.0,"played":[0.9693,0.0307],"evs":[0.0,-0.94538]},"Q2s":{"weight":0.0,"played":[0.9972,0.0028],"evs":[0.0,-2.4133]},"Q3s":{"weight":0.0,"played":[0.9817,0.0183],"evs":[0.0,-2.46839]},"Q4s":{"weight":0.0,"played":[0.9511,0.0489],"evs":[0.0,-1.2775]},"Q5s":{"weight":0.0,"played":[0.9843,0.0157],"evs":[0.0,-2.10345]},"Q6s":{"weight":0.0,"played":[0.9992,8.0E-4],"evs":[0.0,-1.5125]},"Q7s":{"weight":0.0,"played":[0.9814,0.0186],"evs":[0.0,-2.04076]},"Q8s":{"weight":0.0,"played":[0.9453,0.0547],"evs":[0.0,-1.81207]},"Q9s":{"weight":0.0383,"played":[0.478,0.522],"evs":[0.0,-0.30428]},"QTs":{"weight":0.004,"played":[0.2999,0.7001],"evs":[0.0,0.25994]},"QJs":{"weight":0.0,"played":[0.1183,0.8817],"evs":[0.0,0.85099]},"QQ":{"weight":0.0,"played":[0.0,1.0],"evs":[0.0,8.3513]},"KQo":{"weight":0.0,"played":[0.8508,0.1492],"evs":[0.0,-0.74555]},"AQo":{"weight":0.0,"played":[1.0E-4,0.9999],"evs":[0.0,0.38145]},"K2s":{"weight":0.0,"played":[0.954,0.046],"evs":[0.0,-1.20122]},"K3s":{"weight":0.0,"played":[0.8519,0.1481],"evs":[0.0,-1.83124]},"K4s":{"weight":0.0,"played":[0.5276,0.4724],"evs":[0.0,-0.49915]},"K5s":{"weight":0.0,"played":[0.9569,0.0431],"evs":[0.0,-0.85427]},"K6s":{"weight":0.0,"played":[0.9461,0.0539],"evs":[0.0,-0.80956]},"K7s":{"weight":0.0,"played":[0.9055,0.0945],"evs":[0.0,-0.40671]},"K8s":{"weight":0.0,"played":[0.7306,0.2694],"evs":[0.0,-0.58529]},"K9s":{"weight":0.0174,"played":[0.9343,0.0657],"evs":[0.0,-1.04062]},"KTs":{"weight":0.0,"played":[0.788,0.212],"evs":[0.0,-0.30785]},"KJs":{"weight":0.0,"played":[0.2694,0.7306],"evs":[0.0,0.77123]},"KQs":{"weight":0.0,"played":[5.0E-4,0.9995],"evs":[0.0,0.84171]},"KK":{"weight":1.0E-4,"played":[0.0,1.0],"evs":[0.0,11.8339]},"AKo":{"weight":0.0,"played":[0.0,1.0],"evs":[0.0,1.95953]},"A2s":{"weight":0.0,"played":[0.9953,0.0047],"evs":[0.0,-2.26377]},"A3s":{"weight":0.0,"played":[0.9998,2.0E-4],"evs":[0.0,-1.31508]},"A4s":{"weight":0.0,"played":[0.9657,0.0343],"evs":[0.0,-2.12868]},"A5s":{"weight":0.0,"played":[0.9036,0.0964],"evs":[0.0,-1.86297]},"A6s":{"weight":0.0,"played":[0.9889,0.0111],"evs":[0.0,-2.61977]},"A7s":{"weight":0.0,"played":[0.9868,0.0132],"evs":[0.0,-1.31771]},"A8s":{"weight":0.0,"played":[0.9797,0.0203],"evs":[0.0,-1.9655]},"A9s":{"weight":0.0,"played":[0.9716,0.0284],"evs":[0.0,-2.21269]},"ATs":{"weight":0.0,"played":[0.6276,0.3724],"evs":[0.0,-0.8208]},"AJs":{"weight":0.0,"played":[0.0264,0.9736],"evs":[0.0,1.27999]},"AQs":{"weight":0.0,"played":[4.0E-4,0.9996],"evs":[0.0,2.22549]},"AKs":{"weight":0.0,"played":[0.0,1.0],"evs":[0.0,3.90628]},"AA":{"weight":0.0735,"played":[0.0,1.0],"evs":[0.0,17.04124]}}}