{"player":3,"street":0,"children":2,"sequence":[{"player":0,"type":"F","amount":0,"street":0},{"player":1,"type":"F","amount":0,"street":0},{"player":2,"type":"R","amount":1275000,"street":0},{"player":3,"type":"C","amount":1275000,"street":0},{"player":4,"type":"F","amount":0,"street":0},{"player":5,"type":"R","amount":2485000,"street":0}],"actions":[{"type":"F","amount":0},{"type":"C","amount":1210000}],"hands":{"22":{"weight":0.1036,"played":[0.0,1.0],"evs":[0.0,6.38924]},"32o":{"weight":0.0,"played":[0.0,1.0],"evs":[0.0,1.40817]},"42o":{"weight":0.0,"played":[0.0,1.0],"evs":[0.0,1.90901]},"52o":{"weight":0.0,"played":[0.0,1.0],"evs":[0.0,2.26845]},"62o":{"weight":0.0,"played":[0.0,1.0],"evs":[0.0,1.70696]},"72o":{"weight":0.0,"played":[0.0,1.0],"evs":[0.0,1.29622]},"82o":{"weight":0.0,"played":[0.0,1.0],"evs":[0.0,1.6863]},"92o":{"weight":0.0,"played":[0.0,1.0],"evs":[0.0,1.7628]},"T2o":{"weight":0.0,"played":[0.0,1.0],"evs":[0.0,1.75356]},"J2o":{"weight":0.0,"played":[0.0,1.0],"evs":[0.0,2.21787]},"Q2o":{"weight":0.0,"played":[0.0,1.0],"evs":[0.0,2.43096]},"K2o":{"weight":0.0,"played":[0.0,1.0],"evs":[0.0,2.62234]},"A2o":{"weight":0.0,"played":[0.0,1.0],"evs":[0.0,3.48152]},"32s":{"weight":0.0,"played":[0.0,1.0],"evs":[0.0,3.67537]},"33":{"weight":0.0406,"played":[0.0,1.0],"evs":[0.0,7.21279]},"43o":{"weight":0.0,"played":[0.0,1.0],"evs":[0.0,2.71816]},"53o":{"weight":0.0,"played":[0.0,1.0],"evs":[0.0,3.11304]},"63o":{"weight":0.0,"played":[0.0,1.0],"evs":[0.0,2.6724]},"73o":{"weight":0.0,"played":[0.0,1.0],"evs":[0.0,2.06853]},"83o":{"weight":0.0,"played":[0.0,1.0],"evs":[0.0,1.75412]},"93o":{"weight":0.0,"played":[0.0,1.0],"evs":[0.0,2.09787]},"T3o":{"weight":0.0,"played":[0.0,1.0],"evs":[0.0,1.8855]},"J3o":{"weight":0.0,"played":[0.0,1.0],"evs":[0.0,2.57295]},"Q3o":{"weight":0.0,"played":[0.0,1.0],"evs":[0.0,2.67549]},"K3o":{"weight":0.0,"played":[0.0,1.0],"evs":[0.0,3.04302]},"A3o":{"weight":0.0,"played":[0.0,1.0],"evs":[0.0,3.8364]},"42s":{"weight":0.0,"played":[0.0,1.0],"evs":[0.0,3.83722]},"43s":{"weight":0.0,"played":[0.0,1.0],"evs":[0.0,4.79541]},"44":{"weight":0.0,"played":[0.0,1.0],"evs":[0.0,8.40811]},"54o":{"weight":0.0,"played":[0.0,1.0],"evs":[0.0,4.14112]},"64o":{"weight":0.0,"played":[0.0,1.0],"evs":[0.0,3.77798]},"74o":{"weight":0.0,"played":[0.0,1.0],"evs":[0.0,3.10074]},"84o":{"weight":0.0,"played":[0.0,1.0],"evs":[0.0,2.77765]},"94o":{"weight":0.0,"played":[0.0,1.0],"evs":[0.0,2.3233]},"T4o":{"weight":0.0,"played":[0.0,1.0],"evs":[0.0,2.6033]},"J4o":{"weight":0.0,"played":[0.0,1.0],"evs":[0.0,2.82952]},"Q4o":{"weight":0.0,"played":[0.0,1.0],"evs":[0.0,3.05955]},"K4o":{"weight":0.0,"played":[0.0,1.0],"evs":[0.0,3.45582]},"A4o":{"weight":0.0,"played":[0.0,1.0],"evs":[0.0,4.30585]},"52s":{"weight":0.0,"played":[0.0,1.0],"evs":[0.0,4.37449]},"53s":{"weight":0.0,"played":[0.0,1.0],"evs":[0.0,5.35706]},"54s":{"weight":0.0,"played":[0.0,1.0],"evs":[0.0,5.98356]},"55":{"weight":0.0703,"played":[0.0,1.0],"evs":[0.0,9.42552]},"65o":{"weight":0.0,"played":[0.0,1.0],"evs":[0.0,4.64945]},"75o":{"weight":0.0,"played":[0.0,1.0],"evs":[0.0,4.20678]},"85o":{"weight":0.0,"played":[0.0,1.0],"evs":[0.0,3.7177]},"95o":{"weight":0.0,"played":[0.0,1.0],"evs":[0.0,3.38581]},"T5o":{"weight":0.0,"played":[0.0,1.0],"evs":[0.0,2.64856]},"J5o":{"weight":0.0,"played":[0.0,1.0],"evs":[0.0,3.09084]},"Q5o":{"weight":0.0,"played":[0.0,1.0],"evs":[0.0,3.51795]},"K5o":{"weight":0.0,"played":[0.0,1.0],"evs":[0.0,3.82575]},"A5o":{"weight":0.0,"played":[0.0,1.0],"evs":[0.0,4.73501]},"62s":{"weight":0.0,"played":[0.0,1.0],"evs":[0.0,4.03062]},"63s":{"weight":0.0,"played":[0.0,1.0],"evs":[0.0,4.78319]},"64s":{"weight":0.0,"played":[0.0,1.0],"evs":[0.0,5.71799]},"65s":{"weight":0.0,"played":[0.0,1.0],"evs":[0.0,6.66214]},"66":{"weight":0.0011,"played":[0.0,1.0],"evs":[0.0,10.51551]},"76o":{"weight":0.0,"played":[0.0,1.0],"evs":[0.0,5.17687]},"86o":{"weight":0.0,"played":[0.0,1.0],"evs":[0.0,4.59344]},"96o":{"weight":0.0,"played":[0.0,1.0],"evs":[0.0,4.22642]},"T6o":{"weight":0.0,"played":[0.0,1.0],"evs":[0.0,3.60918]},"J6o":{"weight":0.0,"played":[0.0,1.0],"evs":[0.0,3.36143]},"Q6o":{"weight":0.0,"played":[0.0,1.0],"evs":[0.0,3.71599]},"K6o":{"weight":0.0,"played":[0.0,1.0],"evs":[0.0,4.15611]},"A6o":{"weight":0.0,"played":[0.0,1.0],"evs":[0.0,4.29688]},"72s":{"weight":0.0,"played":[0.0,1.0],"evs":[0.0,3.62611]},"73s":{"weight":0.0,"played":[0.0,1.0],"evs":[0.0,4.50139]},"74s":{"weight":0.0,"played":[0.0,1.0],"evs":[0.0,5.50222]},"75s":{"weight":0.0,"played":[0.0,1.0],"evs":[0.0,6.20795]},"76s":{"weight":0.0,"played":[0.0,1.0],"evs":[0.0,7.12541]},"77":{"weight":0.0019,"played":[0.0,1.0],"evs":[0.0,12.06117]},"87o":{"weight":0.0,"played":[0.0,1.0],"evs":[0.0,5.42778]},"97o":{"weight":0.0,"played":[0.0,1.0],"evs":[0.0,5.06717]},"T7o":{"weight":0.0,"played":[0.0,1.0],"evs":[0.0,4.45104]},"J7o":{"weight":0.0,"played":[0.0,1.0],"evs":[0.0,4.3514]},"Q7o":{"weight":0.0,"played":[0.0,1.0],"evs":[0.0,3.85355]},"K7o":{"weight":0.0,"played":[0.0,1.0],"evs":[0.0,4.49333]},"A7o":{"weight":0.0,"played":[0.0,1.0],"evs":[0.0,4.86298]},"82s":{"weight":0.0,"played":[0.0,1.0],"evs":[0.0,3.79884]},"83s":{"weight":0.0,"played":[0.0,1.0],"evs":[0.0,3.86241]},"84s":{"weight":0.0,"played":[0.0,1.0],"evs":[0.0,4.82594]},"85s":{"weight":0.0,"played":[0.0,1.0],"evs":[0.0,5.95741]},"86s":{"weight":0.0,"played":[0.0,1.0],"evs":[0.0,6.72447]},"87s":{"weight":0.0,"played":[0.0,1.0],"evs":[0.0,7.48531]},"88":{"weight":4.0E-4,"played":[0.0,1.0],"evs":[0.0,13.31537]},"98o":{"weight":0.0,"played":[0.0,1.0],"evs":[0.0,5.72179]},"T8o":{"weight":0.0,"played":[0.0,1.0],"evs":[0.0,5.07379]},"J8o":{"weight":0.0,"played":[0.0,1.0],"evs":[0.0,4.95756]},"Q8o":{"weight":0.0,"played":[0.0,1.0],"evs":[0.0,4.55069]},"K8o":{"weight":0.0,"played":[0.0,1.0],"evs":[0.0,4.61102]},"A8o":{"weight":0.1509,"played":[0.0,1.0],"evs":[0.0,5.54043]},"92s":{"weight":0.0,"played":[0.0,1.0],"evs":[0.0,4.27569]},"93s":{"weight":0.0,"played":[0.0,1.0],"evs":[0.0,4.38888]},"94s":{"weight":0.0,"played":[0.0,1.0],"evs":[0.0,4.33504]},"95s":{"weight":0.0,"played":[0.0,1.0],"evs":[0.0,5.47568]},"96s":{"weight":0.0,"played":[0.0,1.0],"evs":[0.0,6.42519]},"97s":{"weight":0.0,"played":[0.0,1.0],"evs":[0.0,7.04092]},"98s":{"weight":0.0,"played":[0.0,1.0],"evs":[0.0,7.67582]},"99":{"weight":0.4886,"played":[0.0,1.0],"evs":[0.0,14.96135]},"T9o":{"weight":0.0,"played":[0.0,1.0],"evs":[0.0,6.02194]},"J9o":{"weight":0.0,"played":[0.0,1.0],"evs":[0.0,5.82156]},"Q9o":{"weight":0.0,"played":[0.0,1.0],"evs":[0.0,5.54155]},"K9o":{"weight":0.0,"played":[0.0,1.0],"evs":[0.0,5.43257]},"A9o":{"weight":0.0439,"played":[0.0,1.0],"evs":[0.0,6.22817]},"T2s":{"weight":0.0,"played":[0.0,1.0],"evs":[0.0,3.83842]},"T3s":{"weight":0.0,"played":[0.0,1.0],"evs":[0.0,4.17966]},"T4s":{"weight":0.0,"played":[0.0,1.0],"evs":[0.0,4.4936]},"T5s":{"weight":0.0,"played":[0.0,1.0],"evs":[0.0,4.75367]},"T6s":{"weight":0.0,"played":[0.0,1.0],"evs":[0.0,5.56774]},"T7s":{"weight":0.0,"played":[0.0,1.0],"evs":[0.0,6.70676]},"T8s":{"weight":0.0,"played":[0.0,1.0],"evs":[0.0,7.34256]},"T9s":{"weight":0.001,"played":[0.0,1.0],"evs":[0.0,7.8052]},"TT":{"weight":0.015,"played":[0.0,1.0],"evs":[0.0,17.019]},"JTo":{"weight":0.0,"played":[0.0,1.0],"evs":[0.0,6.62765]},"QTo":{"weight":0.0,"played":[0.0,1.0],"evs":[0.0,6.24053]},"KTo":{"weight":0.0,"played":[0.0,1.0],"evs":[0.0,6.30069]},"ATo":{"weight":4.0E-4,"played":[0.0,1.0],"evs":[0.0,8.08936]},"J2s":{"weight":0.0,"played":[0.0,1.0],"evs":[0.0,4.21772]},"J3s":{"weight":0.0,"played":[0.0,1.0],"evs":[0.0,4.60666]},"J4s":{"weight":0.0,"played":[0.0,1.0],"evs":[0.0,4.98195]},"J5s":{"weight":0.0,"played":[0.0,1.0],"evs":[0.0,5.34536]},"J6s":{"weight":0.0,"played":[0.0,1.0],"evs":[0.0,5.34675]},"J7s":{"weight":0.0,"played":[0.0,1.0],"evs":[0.0,6.53285]},"J8s":{"weight":0.0,"played":[0.0,1.0],"evs":[0.0,7.31203]},"J9s":{"weight":1.0E-4,"played":[0.0,1.0],"evs":[0.0,7.95974]},"JTs":{"weight":0.4728,"played":[0.0,1.0],"evs":[0.0,8.3887]},"JJ":{"weight":0.0,"played":[0.0,1.0],"evs":[0.0,19.66496]},"QJo":{"weight":0.0,"played":[0.0,1.0],"evs":[0.0,6.89655]},"KJo":{"weight":8.0E-4,"played":[0.0,1.0],"evs":[0.0,7.16617]},"AJo":{"weight":0.0609,"played":[0.0,1.0],"evs":[0.0,10.31829]},"Q2s":{"weight":0.0,"played":[0.0,1.0],"evs":[0.0,4.68731]},"Q3s":{"weight":0.0,"played":[0.0,1.0],"evs":[0.0,4.6863]},"Q4s":{"weight":0.0,"played":[0.0,1.0],"evs":[0.0,5.42092]},"Q5s":{"weight":0.0,"played":[0.0,1.0],"evs":[0.0,5.57049]},"Q6s":{"weight":0.0,"played":[0.0,1.0],"evs":[0.0,5.59599]},"Q7s":{"weight":0.0,"played":[0.0,1.0],"evs":[0.0,5.94419]},"Q8s":{"weight":0.0,"played":[0.0,1.0],"evs":[0.0,6.72767]},"Q9s":{"weight":0.0,"played":[0.0,1.0],"evs":[0.0,7.18196]},"QTs":{"weight":0.1857,"played":[0.0,1.0],"evs":[0.0,8.34644]},"QJs":{"weight":0.0133,"played":[0.0,1.0],"evs":[0.0,8.77754]},"QQ":{"weight":0.0137,"played":[0.0,1.0],"evs":[0.0,23.16108]},"KQo":{"weight":0.0769,"played":[0.0,1.0],"evs":[0.0,8.54692]},"AQo":{"weight":0.034,"played":[0.0,1.0],"evs":[0.0,12.98013]},"K2s":{"weight":0.0,"played":[0.0,1.0],"evs":[0.0,5.15917]},"K3s":{"weight":0.0,"played":[0.0,1.0],"evs":[0.0,5.39836]},"K4s":{"weight":0.0,"played":[0.0,1.0],"evs":[0.0,5.73073]},"K5s":{"weight":0.0,"played":[0.0,1.0],"evs":[0.0,5.99123]},"K6s":{"weight":0.0,"played":[0.0,1.0],"evs":[0.0,6.32286]},"K7s":{"weight":0.0,"played":[0.0,1.0],"evs":[0.0,6.84863]},"K8s":{"weight":0.0,"played":[0.0,1.0],"evs":[0.0,6.65666]},"K9s":{"weight":1.0E-4,"played":[0.0,1.0],"evs":[0.0,7.34109]},"KTs":{"weight":0.0479,"played":[0.0,1.0],"evs":[0.0,8.08953]},"KJs":{"weight":0.1097,"played":[0.0,1.0],"evs":[0.0,9.08428]},"KQs":{"weight":0.0032,"played":[0.0,1.0],"evs":[0.0,10.56293]},"KK":{"weight":0.2667,"played":[0.0,1.0],"evs":[0.0,27.05986]},"AKo":{"weight":0.0795,"played":[0.0,1.0],"evs":[0.0,15.52691]},"A2s":{"weight":0.0,"played":[0.0,1.0],"evs":[0.0,5.92826]},"A3s":{"weight":4.0E-4,"played":[0.0,1.0],"evs":[0.0,6.08919]},"A4s":{"weight":0.2977,"played":[0.0,1.0],"evs":[0.0,6.28662]},"A5s":{"weight":0.1287,"played":[0.0,1.0],"evs":[0.0,7.07996]},"A6s":{"weight":0.1149,"played":[0.0,1.0],"evs":[0.0,6.40748]},"A7s":{"weight":0.211,"played":[0.0,1.0],"evs":[0.0,7.1055]},"A8s":{"weight":0.1572,"played":[0.0,1.0],"evs":[0.0,7.63018]},"A9s":{"weight":0.0154,"played":[0.0,1.0],"evs":[0.0,8.53132]},"ATs":{"weight":0.0024,"played":[0.0,1.0],"evs":[0.0,10.5371]},"AJs":{"weight":0.4344,"played":[0.0,1.0],"evs":[0.0,12.22949]},"AQs":{"weight":0.0222,"played":[0.0,1.0],"evs":[0.0,14.50957]},"AKs":{"weight":0.091,"played":[0.0,1.0],"evs":[0.0,16.97144]},"AA":{"weight":0.3023,"played":[0.0,1.0],"evs":[0.0,33.70625]}}}