{"player":4,"street":0,"children":2,"sequence":[{"player":0,"type":"F","amount":0,"street":0},{"player":1,"type":"F","amount":0,"street":0},{"player":2,"type":"R","amount":1275000,"street":0},{"player":3,"type":"C","amount":1275000,"street":0},{"player":4,"type":"C","amount":1225000,"street":0},{"player":5,"type":"R","amount":2985000,"street":0},{"player":3,"type":"F","amount":0,"street":0}],"actions":[{"type":"F","amount":0},{"type":"C","amount":1710000}],"hands":{"22":{"weight":0.0,"played":[0.5,0.5],"evs":[0.0,0.0]},"32o":{"weight":0.0,"played":[0.0136,0.9864],"evs":[0.0,5.63655]},"42o":{"weight":0.0,"played":[0.0,1.0],"evs":[0.0,3.9681]},"52o":{"weight":0.0,"played":[0.5579,0.4421],"evs":[0.0,-1.43377]},"62o":{"weight":0.0,"played":[0.0076,0.9924],"evs":[0.0,27.27617]},"72o":{"weight":0.0,"played":[0.6818,0.3182],"evs":[0.0,9.81087]},"82o":{"weight":0.0,"played":[0.2356,0.7644],"evs":[0.0,3.14393]},"92o":{"weight":0.0,"played":[0.6256,0.3744],"evs":[0.0,-6.76635]},"T2o":{"weight":0.0,"played":[0.3581,0.6419],"evs":[0.0,-2.11625]},"J2o":{"weight":0.0,"played":[0.1995,0.8005],"evs":[0.0,2.97649]},"Q2o":{"weight":0.0,"played":[0.3253,0.6747],"evs":[0.0,7.84238]},"K2o":{"weight":0.0,"played":[0.0324,0.9676],"evs":[0.0,13.51814]},"A2o":{"weight":0.0,"played":[0.252,0.748],"evs":[0.0,17.50465]},"32s":{"weight":0.0,"played":[0.1922,0.8078],"evs":[0.0,45.30872]},"33":{"weight":3.0E-4,"played":[0.155,0.845],"evs":[0.0,18.71507]},"43o":{"weight":0.0,"played":[0.3561,0.6439],"evs":[0.0,40.37527]},"53o":{"weight":0.0,"played":[0.7046,0.2954],"evs":[0.0,-10.88378]},"63o":{"weight":0.0,"played":[0.1079,0.8921],"evs":[0.0,25.44647]},"73o":{"weight":0.0,"played":[0.3945,0.6055],"evs":[0.0,16.45473]},"83o":{"weight":0.0,"played":[0.8607,0.1393],"evs":[0.0,-13.29689]},"93o":{"weight":0.0,"played":[0.3545,0.6455],"evs":[0.0,1.28405]},"T3o":{"weight":0.0,"played":[0.2298,0.7702],"evs":[0.0,11.33686]},"J3o":{"weight":0.0,"played":[0.8277,0.1723],"evs":[0.0,-6.78085]},"Q3o":{"weight":0.0,"played":[0.2334,0.7666],"evs":[0.0,-3.86931]},"K3o":{"weight":0.0,"played":[0.6058,0.3942],"evs":[0.0,0.36787]},"A3o":{"weight":0.0,"played":[0.9092,0.0908],"evs":[0.0,26.61145]},"42s":{"weight":6.0E-4,"played":[0.018,0.982],"evs":[0.0,25.77931]},"43s":{"weight":2.0E-4,"played":[0.0103,0.9897],"evs":[0.0,0.92819]},"44":{"weight":0.021,"played":[0.8428,0.1572],"evs":[0.0,4.55319]},"54o":{"weight":0.0,"played":[0.8605,0.1395],"evs":[0.0,-10.50155]},"64o":{"weight":0.0,"played":[0.7878,0.2122],"evs":[0.0,0.32085]},"74o":{"weight":0.0,"played":[0.483,0.517],"evs":[0.0,-9.08947]},"84o":{"weight":0.0,"played":[0.5006,0.4994],"evs":[0.0,-0.50205]},"94o":{"weight":0.0,"played":[0.0,1.0],"evs":[0.0,21.17044]},"T4o":{"weight":0.0,"played":[0.3421,0.6579],"evs":[0.0,8.51326]},"J4o":{"weight":0.0,"played":[0.9146,0.0854],"evs":[0.0,-14.52127]},"Q4o":{"weight":0.0,"played":[0.5882,0.4118],"evs":[0.0,18.70724]},"K4o":{"weight":0.0,"played":[0.6044,0.3956],"evs":[0.0,-5.572]},"A4o":{"weight":0.0,"played":[0.1595,0.8405],"evs":[0.0,27.83544]},"52s":{"weight":0.0,"played":[0.592,0.408],"evs":[0.0,9.09698]},"53s":{"weight":0.0,"played":[1.0,0.0],"evs":[0.0,26.68984]},"54s":{"weight":1.0E-4,"played":[0.3892,0.6108],"evs":[0.0,20.70076]},"55":{"weight":0.002,"played":[0.0,1.0],"evs":[0.0,27.59701]},"65o":{"weight":0.0,"played":[0.1198,0.8802],"evs":[0.0,19.66657]},"75o":{"weight":0.0,"played":[0.5511,0.4489],"evs":[0.0,2.92393]},"85o":{"weight":0.0,"played":[0.3018,0.6982],"evs":[0.0,17.27561]},"95o":{"weight":0.0,"played":[0.1651,0.8349],"evs":[0.0,-2.59768]},"T5o":{"weight":0.0,"played":[0.1364,0.8636],"evs":[0.0,13.46619]},"J5o":{"weight":0.0,"played":[0.7028,0.2972],"evs":[0.0,-1.95116]},"Q5o":{"weight":0.0,"played":[0.96,0.04],"evs":[0.0,-10.69018]},"K5o":{"weight":0.0,"played":[0.5189,0.4811],"evs":[0.0,7.78523]},"A5o":{"weight":6.0E-4,"played":[0.2763,0.7237],"evs":[0.0,-7.76377]},"62s":{"weight":0.0,"played":[0.0,1.0],"evs":[0.0,-14.54156]},"63s":{"weight":3.0E-4,"played":[1.0,0.0],"evs":[0.0,1.41332]},"64s":{"weight":0.0,"played":[0.4736,0.5264],"evs":[0.0,20.62589]},"65s":{"weight":0.0043,"played":[0.0,1.0],"evs":[0.0,-14.54156]},"66":{"weight":0.0024,"played":[0.149,0.851],"evs":[0.0,37.45145]},"76o":{"weight":0.0,"played":[0.5445,0.4555],"evs":[0.0,4.85912]},"86o":{"weight":0.0,"played":[0.1498,0.8502],"evs":[0.0,10.29322]},"96o":{"weight":0.0,"played":[0.6316,0.3684],"evs":[0.0,6.89021]},"T6o":{"weight":0.0,"played":[0.2387,0.7613],"evs":[0.0,-6.38331]},"J6o":{"weight":0.0,"played":[0.2651,0.7349],"evs":[0.0,9.00646]},"Q6o":{"weight":0.0,"played":[0.0253,0.9747],"evs":[0.0,-2.59145]},"K6o":{"weight":0.0,"played":[0.1154,0.8846],"evs":[0.0,38.78735]},"A6o":{"weight":1.0E-4,"played":[0.3147,0.6853],"evs":[0.0,33.15096]},"72s":{"weight":0.0,"played":[0.7628,0.2372],"evs":[0.0,-14.52668]},"73s":{"weight":1.0E-4,"played":[0.1189,0.8811],"evs":[0.0,3.84851]},"74s":{"weight":0.0011,"played":[0.5767,0.4233],"evs":[0.0,-14.5253]},"75s":{"weight":0.0,"played":[0.1554,0.8446],"evs":[0.0,9.47168]},"76s":{"weight":8.0E-4,"played":[0.0,1.0],"evs":[0.0,20.67811]},"77":{"weight":0.02,"played":[0.2798,0.7202],"evs":[0.0,5.73437]},"87o":{"weight":0.0,"played":[0.3555,0.6445],"evs":[0.0,-4.55909]},"97o":{"weight":0.0,"played":[0.4822,0.5178],"evs":[0.0,-7.36593]},"T7o":{"weight":0.0,"played":[0.1532,0.8468],"evs":[0.0,9.1257]},"J7o":{"weight":0.0,"played":[0.2187,0.7813],"evs":[0.0,22.94952]},"Q7o":{"weight":0.0,"played":[0.0608,0.9392],"evs":[0.0,4.16074]},"K7o":{"weight":0.0,"played":[0.7562,0.2438],"evs":[0.0,-13.20052]},"A7o":{"weight":0.0,"played":[0.0206,0.9794],"evs":[0.0,-2.23312]},"82s":{"weight":0.0,"played":[1.0,0.0],"evs":[0.0,-14.54156]},"83s":{"weight":0.0,"played":[0.0,1.0],"evs":[0.0,-14.54156]},"84s":{"weight":1.0E-4,"played":[0.0751,0.9249],"evs":[0.0,13.60794]},"85s":{"weight":0.0,"played":[1.0,0.0],"evs":[0.0,-14.51336]},"86s":{"weight":1.0E-4,"played":[0.6475,0.3525],"evs":[0.0,-8.98202]},"87s":{"weight":0.001,"played":[0.9997,3.0E-4],"evs":[0.0,-14.52263]},"88":{"weight":0.213,"played":[0.0699,0.9301],"evs":[0.0,24.55381]},"98o":{"weight":1.0E-4,"played":[0.5535,0.4465],"evs":[0.0,-4.04324]},"T8o":{"weight":0.0,"played":[0.1103,0.8897],"evs":[0.0,27.04298]},"J8o":{"weight":1.0E-4,"played":[0.5221,0.4779],"evs":[0.0,15.57129]},"Q8o":{"weight":0.0,"played":[0.3035,0.6965],"evs":[0.0,-6.61084]},"K8o":{"weight":0.0,"played":[0.2101,0.7899],"evs":[0.0,14.96087]},"A8o":{"weight":0.0,"played":[0.0,1.0],"evs":[0.0,15.02089]},"92s":{"weight":0.0,"played":[0.5,0.5],"evs":[0.0,0.0]},"93s":{"weight":0.0,"played":[0.1201,0.8799],"evs":[0.0,4.02282]},"94s":{"weight":0.0,"played":[0.5294,0.4706],"evs":[0.0,11.38476]},"95s":{"weight":0.0,"played":[0.0,1.0],"evs":[0.0,13.47955]},"96s":{"weight":0.0,"played":[0.7569,0.2431],"evs":[0.0,-8.53806]},"97s":{"weight":0.0015,"played":[0.0,1.0],"evs":[0.0,-6.62619]},"98s":{"weight":0.1106,"played":[0.5,0.5],"evs":[0.0,62.68584]},"99":{"weight":8.0E-4,"played":[0.0054,0.9946],"evs":[0.0,40.29654]},"T9o":{"weight":0.0,"played":[0.4842,0.5158],"evs":[0.0,-6.17752]},"J9o":{"weight":0.0,"played":[0.1071,0.8929],"evs":[0.0,33.8316]},"Q9o":{"weight":0.0,"played":[0.2304,0.7696],"evs":[0.0,42.85994]},"K9o":{"weight":1.0E-4,"played":[0.0855,0.9145],"evs":[0.0,16.86352]},"A9o":{"weight":2.0E-4,"played":[0.0031,0.9969],"evs":[0.0,39.36296]},"T2s":{"weight":1.0E-4,"played":[1.0,0.0],"evs":[0.0,-14.52581]},"T3s":{"weight":0.0,"played":[0.5,0.5],"evs":[0.0,62.7145]},"T4s":{"weight":0.0,"played":[0.0108,0.9892],"evs":[0.0,6.22661]},"T5s":{"weight":0.0,"played":[0.0459,0.9541],"evs":[0.0,30.31056]},"T6s":{"weight":0.0,"played":[0.6511,0.3489],"evs":[0.0,-11.05323]},"T7s":{"weight":1.0E-4,"played":[0.9769,0.0231],"evs":[0.0,-14.54156]},"T8s":{"weight":0.0546,"played":[0.4233,0.5767],"evs":[0.0,10.05653]},"T9s":{"weight":0.2159,"played":[0.0,1.0],"evs":[0.0,62.68584]},"TT":{"weight":8.0E-4,"played":[0.1856,0.8144],"evs":[0.0,19.423]},"JTo":{"weight":0.0,"played":[0.1831,0.8169],"evs":[0.0,-4.80014]},"QTo":{"weight":1.0E-4,"played":[0.5325,0.4675],"evs":[0.0,31.58065]},"KTo":{"weight":3.0E-4,"played":[0.2106,0.7894],"evs":[0.0,21.31629]},"ATo":{"weight":1.0E-4,"played":[8.0E-4,0.9992],"evs":[0.0,49.43755]},"J2s":{"weight":3.0E-4,"played":[0.0467,0.9533],"evs":[0.0,24.33445]},"J3s":{"weight":1.0E-4,"played":[0.7826,0.2174],"evs":[0.0,29.12491]},"J4s":{"weight":0.0,"played":[0.4364,0.5636],"evs":[0.0,3.36228]},"J5s":{"weight":0.0,"played":[1.0,0.0],"evs":[0.0,17.46913]},"J6s":{"weight":0.0,"played":[0.4917,0.5083],"evs":[0.0,23.44623]},"J7s":{"weight":0.0,"played":[0.0071,0.9929],"evs":[0.0,23.37427]},"J8s":{"weight":0.0108,"played":[0.0,1.0],"evs":[0.0,1.19879]},"J9s":{"weight":0.0,"played":[0.5,0.5],"evs":[0.0,-14.51336]},"JTs":{"weight":0.9433,"played":[0.7195,0.2805],"evs":[0.0,62.7145]},"JJ":{"weight":0.0032,"played":[0.0,1.0],"evs":[0.0,24.11068]},"QJo":{"weight":4.0E-4,"played":[0.1466,0.8534],"evs":[0.0,18.17459]},"KJo":{"weight":0.0036,"played":[0.0041,0.9959],"evs":[0.0,14.29949]},"AJo":{"weight":0.0584,"played":[0.0798,0.9202],"evs":[0.0,0.31459]},"Q2s":{"weight":0.0,"played":[0.0,1.0],"evs":[0.0,62.68584]},"Q3s":{"weight":0.0,"played":[0.5162,0.4838],"evs":[0.0,-2.93398]},"Q4s":{"weight":4.0E-4,"played":[1.0,0.0],"evs":[0.0,-14.51336]},"Q5s":{"weight":0.0,"played":[0.7505,0.2495],"evs":[0.0,-14.54156]},"Q6s":{"weight":0.0,"played":[0.7313,0.2687],"evs":[0.0,15.60313]},"Q7s":{"weight":0.0025,"played":[0.0,1.0],"evs":[0.0,62.68584]},"Q8s":{"weight":0.003,"played":[1.0,0.0],"evs":[0.0,17.46913]},"Q9s":{"weight":0.0326,"played":[0.7551,0.2449],"evs":[0.0,-14.52088]},"QTs":{"weight":0.6938,"played":[0.1287,0.8713],"evs":[0.0,10.7523]},"QJs":{"weight":0.6617,"played":[0.052,0.948],"evs":[0.0,2.3261]},"QQ":{"weight":3.0E-4,"played":[0.238,0.762],"evs":[0.0,62.70086]},"KQo":{"weight":0.0366,"played":[0.3034,0.6966],"evs":[0.0,11.14442]},"AQo":{"weight":0.0,"played":[0.0,1.0],"evs":[0.0,4.41744]},"K2s":{"weight":0.0,"played":[0.5,0.5],"evs":[0.0,-14.51336]},"K3s":{"weight":3.0E-4,"played":[0.8687,0.1313],"evs":[0.0,-14.5229]},"K4s":{"weight":0.0,"played":[0.3398,0.6602],"evs":[0.0,-6.65366]},"K5s":{"weight":5.0E-4,"played":[0.0,1.0],"evs":[0.0,-14.54156]},"K6s":{"weight":0.0037,"played":[0.0,1.0],"evs":[0.0,17.46913]},"K7s":{"weight":8.0E-4,"played":[0.5422,0.4578],"evs":[0.0,8.41812]},"K8s":{"weight":1.0E-4,"played":[0.4672,0.5328],"evs":[0.0,25.93628]},"K9s":{"weight":0.0162,"played":[0.0,1.0],"evs":[0.0,-14.54156]},"KTs":{"weight":0.0214,"played":[0.36,0.64],"evs":[0.0,23.37497]},"KJs":{"weight":0.0856,"played":[0.4475,0.5525],"evs":[0.0,20.02938]},"KQs":{"weight":0.1397,"played":[0.0952,0.9048],"evs":[0.0,62.42185]},"KK":{"weight":0.0,"played":[0.0,1.0],"evs":[0.0,34.9288]},"AKo":{"weight":1.0E-4,"played":[0.4002,0.5998],"evs":[0.0,15.59072]},"A2s":{"weight":3.0E-4,"played":[0.9832,0.0168],"evs":[0.0,-14.51336]},"A3s":{"weight":0.0,"played":[0.8284,0.1716],"evs":[0.0,6.4932]},"A4s":{"weight":0.0024,"played":[0.1526,0.8474],"evs":[0.0,5.75332]},"A5s":{"weight":7.0E-4,"played":[0.5818,0.4182],"evs":[0.0,-9.89635]},"A6s":{"weight":0.0261,"played":[0.325,0.675],"evs":[0.0,-4.11905]},"A7s":{"weight":0.0063,"played":[0.6447,0.3553],"evs":[0.0,1.72892]},"A8s":{"weight":0.015,"played":[0.1325,0.8675],"evs":[0.0,16.68281]},"A9s":{"weight":0.0464,"played":[0.9059,0.0941],"evs":[0.0,8.61692]},"ATs":{"weight":1.0E-4,"played":[0.2324,0.7676],"evs":[0.0,23.43671]},"AJs":{"weight":0.041,"played":[0.0,1.0],"evs":[0.0,-7.10246]},"AQs":{"weight":0.0336,"played":[0.2805,0.7195],"evs":[0.0,10.5522]},"AKs":{"weight":0.0355,"played":[0.0,1.0],"evs":[0.0,17.46913]},"AA":{"weight":2.0E-4,"played":[0.0,1.0],"evs":[0.0,25.0508]}}}