{"player":2,"street":0,"children":3,"sequence":[{"player":0,"type":"F","amount":0,"street":0},{"player":1,"type":"R","amount":985000,"street":0}],"actions":[{"type":"F","amount":0,"node":85},{"type":"C","amount":985000,"node":104},{"type":"R","amount":1275000,"node":130}],"hands":{"22":{"weight":1.0,"played":[1.0,0.0,0.0],"evs":[0.0,-0.84643,-0.85796]},"32o":{"weight":1.0,"played":[1.0,0.0,0.0],"evs":[0.0,-3.79176,-3.83685]},"42o":{"weight":1.0,"played":[1.0,0.0,0.0],"evs":[0.0,-3.59676,-3.63544]},"52o":{"weight":1.0,"played":[1.0,0.0,0.0],"evs":[0.0,-3.48172,-3.51072]},"62o":{"weight":1.0,"played":[1.0,0.0,0.0],"evs":[0.0,-3.68614,-3.71505]},"72o":{"weight":1.0,"played":[1.0,0.0,0.0],"evs":[0.0,-3.99986,-4.0212]},"82o":{"weight":1.0,"played":[1.0,0.0,0.0],"evs":[0.0,-3.80156,-3.80515]},"92o":{"weight":1.0,"played":[1.0,0.0,0.0],"evs":[0.0,-3.71865,-3.71966]},"T2o":{"weight":1.0,"played":[1.0,0.0,0.0],"evs":[0.0,-3.63183,-3.61769]},"J2o":{"weight":1.0,"played":[1.0,0.0,0.0],"evs":[0.0,-3.4182,-3.39882]},"Q2o":{"weight":1.0,"played":[1.0,0.0,0.0],"evs":[0.0,-3.11227,-3.09949]},"K2o":{"weight":1.0,"played":[1.0,0.0,0.0],"evs":[0.0,-2.68425,-2.68165]},"A2o":{"weight":1.0,"played":[1.0,0.0,0.0],"evs":[0.0,-1.68399,-1.70034]},"32s":{"weight":1.0,"played":[1.0,0.0,0.0],"evs":[0.0,-2.6515,-2.68887]},"33":{"weight":1.0,"played":[1.0,0.0,0.0],"evs":[0.0,-0.39102,-0.37839]},"43o":{"weight":1.0,"played":[1.0,0.0,0.0],"evs":[0.0,-3.11376,-3.14639]},"53o":{"weight":1.0,"played":[1.0,0.0,0.0],"evs":[0.0,-2.96785,-2.99057]},"63o":{"weight":1.0,"played":[1.0,0.0,0.0],"evs":[0.0,-3.19337,-3.2147]},"73o":{"weight":1.0,"played":[1.0,0.0,0.0],"evs":[0.0,-3.51702,-3.52906]},"83o":{"weight":1.0,"played":[1.0,0.0,0.0],"evs":[0.0,-3.70341,-3.70185]},"93o":{"weight":1.0,"played":[1.0,0.0,0.0],"evs":[0.0,-3.54591,-3.54614]},"T3o":{"weight":1.0,"played":[1.0,0.0,0.0],"evs":[0.0,-3.45704,-3.44192]},"J3o":{"weight":1.0,"played":[1.0,0.0,0.0],"evs":[0.0,-3.24952,-3.22321]},"Q3o":{"weight":1.0,"played":[1.0,0.0,0.0],"evs":[0.0,-2.94077,-2.92319]},"K3o":{"weight":1.0,"played":[1.0,0.0,0.0],"evs":[0.0,-2.50653,-2.49714]},"A3o":{"weight":1.0,"played":[1.0,0.0,0.0],"evs":[0.0,-1.4867,-1.49202]},"42s":{"weight":1.0,"played":[1.0,0.0,0.0],"evs":[0.0,-2.4664,-2.49512]},"43s":{"weight":1.0,"played":[1.0,0.0,0.0],"evs":[0.0,-2.05324,-2.0839]},"44":{"weight":1.0,"played":[0.0,0.5311,0.4689],"evs":[0.0,0.0959,0.13073]},"54o":{"weight":1.0,"played":[1.0,0.0,0.0],"evs":[0.0,-2.51137,-2.52958]},"64o":{"weight":1.0,"played":[1.0,0.0,0.0],"evs":[0.0,-2.70572,-2.71825]},"74o":{"weight":1.0,"played":[1.0,0.0,0.0],"evs":[0.0,-3.01711,-3.02717]},"84o":{"weight":1.0,"played":[1.0,0.0,0.0],"evs":[0.0,-3.24174,-3.2326]},"94o":{"weight":1.0,"played":[1.0,0.0,0.0],"evs":[0.0,-3.46316,-3.45239]},"T4o":{"weight":1.0,"played":[1.0,0.0,0.0],"evs":[0.0,-3.27152,-3.24827]},"J4o":{"weight":1.0,"played":[1.0,0.0,0.0],"evs":[0.0,-3.05681,-3.02732]},"Q4o":{"weight":1.0,"played":[1.0,0.0,0.0],"evs":[0.0,-2.74658,-2.72848]},"K4o":{"weight":1.0,"played":[1.0,0.0,0.0],"evs":[0.0,-2.33313,-2.32817]},"A4o":{"weight":1.0,"played":[1.0,0.0,0.0],"evs":[0.0,-1.27711,-1.27786]},"52s":{"weight":1.0,"played":[1.0,0.0,0.0],"evs":[0.0,-2.35803,-2.38799]},"53s":{"weight":1.0,"played":[1.0,0.0,0.0],"evs":[0.0,-1.905,-1.92791]},"54s":{"weight":1.0,"played":[1.0,0.0,0.0],"evs":[0.0,-1.44878,-1.46275]},"55":{"weight":1.0,"played":[0.0,0.5112,0.4888],"evs":[0.0,0.63796,0.66934]},"65o":{"weight":1.0,"played":[1.0,0.0,0.0],"evs":[0.0,-2.30038,-2.30818]},"75o":{"weight":1.0,"played":[1.0,0.0,0.0],"evs":[0.0,-2.58006,-2.57903]},"85o":{"weight":1.0,"played":[1.0,0.0,0.0],"evs":[0.0,-2.79451,-2.77778]},"95o":{"weight":1.0,"played":[1.0,0.0,0.0],"evs":[0.0,-3.02791,-3.01741]},"T5o":{"weight":1.0,"played":[1.0,0.0,0.0],"evs":[0.0,-3.24276,-3.21634]},"J5o":{"weight":1.0,"played":[1.0,0.0,0.0],"evs":[0.0,-2.95723,-2.92325]},"Q5o":{"weight":1.0,"played":[1.0,0.0,0.0],"evs":[0.0,-2.65897,-2.62983]},"K5o":{"weight":1.0,"played":[1.0,0.0,0.0],"evs":[0.0,-2.19758,-2.19263]},"A5o":{"weight":1.0,"played":[1.0,0.0,0.0],"evs":[0.0,-1.04405,-1.05256]},"62s":{"weight":1.0,"played":[1.0,0.0,0.0],"evs":[0.0,-2.56241,-2.58623]},"63s":{"weight":1.0,"played":[1.0,0.0,0.0],"evs":[0.0,-2.10955,-2.12687]},"64s":{"weight":1.0,"played":[1.0,0.0,0.0],"evs":[0.0,-1.61616,-1.62531]},"65s":{"weight":1.0,"played":[1.0,0.0,0.0],"evs":[0.0,-1.27898,-1.27776]},"66":{"weight":1.0,"played":[0.0,0.4514,0.5486],"evs":[0.0,1.21427,1.26045]},"76o":{"weight":1.0,"played":[1.0,0.0,0.0],"evs":[0.0,-2.08656,-2.08155]},"86o":{"weight":1.0,"played":[1.0,0.0,0.0],"evs":[0.0,-2.27299,-2.24878]},"96o":{"weight":1.0,"played":[1.0,0.0,0.0],"evs":[0.0,-2.45735,-2.43461]},"T6o":{"weight":1.0,"played":[1.0,0.0,0.0],"evs":[0.0,-2.67124,-2.63753]},"J6o":{"weight":1.0,"played":[1.0,0.0,0.0],"evs":[0.0,-2.77712,-2.73638]},"Q6o":{"weight":1.0,"played":[1.0,0.0,0.0],"evs":[0.0,-2.39027,-2.36247]},"K6o":{"weight":1.0,"played":[1.0,0.0,0.0],"evs":[0.0,-1.94018,-1.92069]},"A6o":{"weight":1.0,"played":[1.0,0.0,0.0],"evs":[0.0,-1.11815,-1.10908]},"72s":{"weight":1.0,"played":[1.0,0.0,0.0],"evs":[0.0,-2.82411,-2.84088]},"73s":{"weight":1.0,"played":[1.0,0.0,0.0],"evs":[0.0,-2.3822,-2.39017]},"74s":{"weight":1.0,"played":[1.0,0.0,0.0],"evs":[0.0,-1.92306,-1.92537]},"75s":{"weight":1.0,"played":[1.0,0.0,0.0],"evs":[0.0,-1.48833,-1.4894]},"76s":{"weight":1.0,"played":[1.0,0.0,0.0],"evs":[0.0,-1.05746,-1.04969]},"77":{"weight":1.0,"played":[0.0,0.3202,0.6798],"evs":[0.0,1.79049,1.84954]},"87o":{"weight":1.0,"played":[1.0,0.0,0.0],"evs":[0.0,-1.97378,-1.95118]},"97o":{"weight":1.0,"played":[1.0,0.0,0.0],"evs":[0.0,-2.15538,-2.13248]},"T7o":{"weight":1.0,"played":[1.0,0.0,0.0],"evs":[0.0,-2.33385,-2.30392]},"J7o":{"weight":1.0,"played":[1.0,0.0,0.0],"evs":[0.0,-2.43463,-2.3961]},"Q7o":{"weight":1.0,"played":[1.0,0.0,0.0],"evs":[0.0,-2.41284,-2.38517]},"K7o":{"weight":1.0,"played":[1.0,0.0,0.0],"evs":[0.0,-1.8891,-1.87484]},"A7o":{"weight":1.0,"played":[1.0,0.0,0.0],"evs":[0.0,-0.79199,-0.78905]},"82s":{"weight":1.0,"played":[1.0,0.0,0.0],"evs":[0.0,-2.66367,-2.66197]},"83s":{"weight":1.0,"played":[1.0,0.0,0.0],"evs":[0.0,-2.58218,-2.57878]},"84s":{"weight":1.0,"played":[1.0,0.0,0.0],"evs":[0.0,-2.10142,-2.09478]},"85s":{"weight":1.0,"played":[1.0,0.0,0.0],"evs":[0.0,-1.67693,-1.66553]},"86s":{"weight":1.0,"played":[1.0,0.0,0.0],"evs":[0.0,-1.20522,-1.18877]},"87s":{"weight":1.0,"played":[1.0,0.0,0.0],"evs":[0.0,-0.96337,-0.94396]},"88":{"weight":1.0,"played":[0.0,0.3335,0.6665],"evs":[0.0,2.52603,2.56491]},"98o":{"weight":1.0,"played":[1.0,0.0,0.0],"evs":[0.0,-1.77205,-1.73549]},"T8o":{"weight":1.0,"played":[1.0,0.0,0.0],"evs":[0.0,-1.87256,-1.83381]},"J8o":{"weight":1.0,"played":[1.0,0.0,0.0],"evs":[0.0,-1.9795,-1.9305]},"Q8o":{"weight":1.0,"played":[1.0,0.0,0.0],"evs":[0.0,-1.94458,-1.91744]},"K8o":{"weight":1.0,"played":[1.0,0.0,0.0],"evs":[0.0,-1.76776,-1.75242]},"A8o":{"weight":1.0,"played":[1.0,0.0,0.0],"evs":[0.0,-0.28912,-0.29731]},"92s":{"weight":1.0,"played":[1.0,0.0,0.0],"evs":[0.0,-2.56157,-2.55026]},"93s":{"weight":1.0,"played":[1.0,0.0,0.0],"evs":[0.0,-2.39415,-2.3926]},"94s":{"weight":1.0,"played":[1.0,0.0,0.0],"evs":[0.0,-2.32567,-2.31633]},"95s":{"weight":1.0,"played":[1.0,0.0,0.0],"evs":[0.0,-1.93291,-1.92139]},"96s":{"weight":1.0,"played":[1.0,0.0,0.0],"evs":[0.0,-1.43667,-1.41804]},"97s":{"weight":1.0,"played":[1.0,0.0,0.0],"evs":[0.0,-1.09161,-1.07557]},"98s":{"weight":1.0,"played":[1.0,0.0,0.0],"evs":[0.0,-0.71586,-0.68613]},"99":{"weight":1.0,"played":[0.0,0.3452,0.6548],"evs":[0.0,3.44877,3.48018]},"T9o":{"weight":1.0,"played":[1.0,0.0,0.0],"evs":[0.0,-1.43406,-1.40462]},"J9o":{"weight":1.0,"played":[1.0,0.0,0.0],"evs":[0.0,-1.54975,-1.52115]},"Q9o":{"weight":1.0,"played":[1.0,0.0,0.0],"evs":[0.0,-1.4881,-1.46553]},"K9o":{"weight":1.0,"played":[1.0,0.0,0.0],"evs":[0.0,-1.23726,-1.23483]},"A9o":{"weight":1.0,"played":[0.0,0.6883,0.3117],"evs":[0.0,0.2858,0.28536]},"T2s":{"weight":1.0,"played":[1.0,0.0,0.0],"evs":[0.0,-2.47384,-2.4622]},"T3s":{"weight":1.0,"played":[1.0,0.0,0.0],"evs":[0.0,-2.25926,-2.24331]},"T4s":{"weight":1.0,"played":[1.0,0.0,0.0],"evs":[0.0,-2.14956,-2.13182]},"T5s":{"weight":1.0,"played":[1.0,0.0,0.0],"evs":[0.0,-2.14758,-2.11933]},"T6s":{"weight":1.0,"played":[1.0,0.0,0.0],"evs":[0.0,-1.57983,-1.55797]},"T7s":{"weight":1.0,"played":[1.0,0.0,0.0],"evs":[0.0,-1.23477,-1.21168]},"T8s":{"weight":1.0,"played":[1.0,0.0,0.0],"evs":[0.0,-0.85284,-0.8174]},"T9s":{"weight":1.0,"played":[1.0,0.0,0.0],"evs":[0.0,-0.41271,-0.39154]},"TT":{"weight":1.0,"played":[0.0,0.2902,0.7098],"evs":[0.0,4.61474,4.65486]},"JTo":{"weight":1.0,"played":[1.0,0.0,0.0],"evs":[0.0,-0.93985,-0.90581]},"QTo":{"weight":1.0,"played":[1.0,0.0,0.0],"evs":[0.0,-0.83656,-0.82465]},"KTo":{"weight":1.0,"played":[1.0,0.0,0.0],"evs":[0.0,-0.44423,-0.44513]},"ATo":{"weight":1.0,"played":[0.0,0.5409,0.4591],"evs":[0.0,1.40389,1.40076]},"J2s":{"weight":1.0,"played":[1.0,0.0,0.0],"evs":[0.0,-2.25216,-2.22715]},"J3s":{"weight":1.0,"played":[1.0,0.0,0.0],"evs":[0.0,-2.08718,-2.06362]},"J4s":{"weight":1.0,"played":[1.0,0.0,0.0],"evs":[0.0,-1.93359,-1.90124]},"J5s":{"weight":1.0,"played":[1.0,0.0,0.0],"evs":[0.0,-1.83561,-1.81194]},"J6s":{"weight":1.0,"played":[1.0,0.0,0.0],"evs":[0.0,-1.62664,-1.59672]},"J7s":{"weight":1.0,"played":[1.0,0.0,0.0],"evs":[0.0,-1.37668,-1.35439]},"J8s":{"weight":1.0,"played":[1.0,0.0,0.0],"evs":[0.0,-0.92629,-0.88963]},"J9s":{"weight":1.0,"played":[0.9998,1.0E-4,1.0E-4],"evs":[0.0,-0.49917,-0.47419]},"JTs":{"weight":1.0,"played":[0.0,0.3495,0.6505],"evs":[0.0,0.05636,0.07318]},"JJ":{"weight":1.0,"played":[0.0,0.2365,0.7635],"evs":[0.0,5.96955,5.98104]},"QJo":{"weight":1.0,"played":[1.0,0.0,0.0],"evs":[0.0,-0.43942,-0.43278]},"KJo":{"weight":1.0,"played":[0.0,0.3075,0.6925],"evs":[0.0,0.15398,0.13921]},"AJo":{"weight":1.0,"played":[0.0,0.5314,0.4686],"evs":[0.0,2.25875,2.24557]},"Q2s":{"weight":1.0,"played":[1.0,0.0,0.0],"evs":[0.0,-1.97656,-1.96247]},"Q3s":{"weight":1.0,"played":[1.0,0.0,0.0],"evs":[0.0,-1.78338,-1.77355]},"Q4s":{"weight":1.0,"played":[1.0,0.0,0.0],"evs":[0.0,-1.60222,-1.58727]},"Q5s":{"weight":1.0,"played":[1.0,0.0,0.0],"evs":[0.0,-1.5366,-1.51784]},"Q6s":{"weight":1.0,"played":[1.0,0.0,0.0],"evs":[0.0,-1.29752,-1.27422]},"Q7s":{"weight":1.0,"played":[1.0,0.0,0.0],"evs":[0.0,-1.31977,-1.30006]},"Q8s":{"weight":1.0,"played":[1.0,0.0,0.0],"evs":[0.0,-0.8698,-0.8385]},"Q9s":{"weight":1.0,"played":[1.0,0.0,0.0],"evs":[0.0,-0.447,-0.42822]},"QTs":{"weight":1.0,"played":[0.0,0.2424,0.7576],"evs":[0.0,0.13869,0.15563]},"QJs":{"weight":1.0,"played":[0.0,0.2552,0.7448],"evs":[0.0,0.48788,0.49243]},"QQ":{"weight":1.0,"played":[0.0,0.3466,0.6534],"evs":[0.0,7.41948,7.39361]},"KQo":{"weight":1.0,"played":[0.0,0.2973,0.7027],"evs":[0.0,0.81655,0.79123]},"AQo":{"weight":1.0,"played":[0.0,0.5,0.5],"evs":[0.0,3.17131,3.16019]},"K2s":{"weight":1.0,"played":[1.0,0.0,0.0],"evs":[0.0,-1.51018,-1.50871]},"K3s":{"weight":1.0,"played":[1.0,0.0,0.0],"evs":[0.0,-1.33443,-1.33681]},"K4s":{"weight":1.0,"played":[1.0,0.0,0.0],"evs":[0.0,-1.19905,-1.19561]},"K5s":{"weight":1.0,"played":[1.0,0.0,0.0],"evs":[0.0,-1.0716,-1.06909]},"K6s":{"weight":1.0,"played":[1.0,0.0,0.0],"evs":[0.0,-0.82336,-0.81681]},"K7s":{"weight":1.0,"played":[1.0,0.0,0.0],"evs":[0.0,-0.79832,-0.78947]},"K8s":{"weight":1.0,"played":[1.0,0.0,0.0],"evs":[0.0,-0.6676,-0.65925]},"K9s":{"weight":1.0,"played":[0.9999,1.0E-4,0.0],"evs":[0.0,-0.17935,-0.17778]},"KTs":{"weight":1.0,"played":[0.0,0.2434,0.7566],"evs":[0.0,0.53056,0.5303]},"KJs":{"weight":1.0,"played":[0.0,0.2915,0.7085],"evs":[0.0,1.11535,1.09556]},"KQs":{"weight":1.0,"played":[0.0,0.3593,0.6407],"evs":[0.0,1.73746,1.69854]},"KK":{"weight":1.0,"played":[0.0,0.2842,0.7158],"evs":[0.0,9.12381,9.09832]},"AKo":{"weight":1.0,"played":[0.0,0.5933,0.4067],"evs":[0.0,4.16947,4.15053]},"A2s":{"weight":1.0,"played":[1.0,0.0,0.0],"evs":[0.0,-0.5261,-0.54092]},"A3s":{"weight":1.0,"played":[1.0,0.0,0.0],"evs":[0.0,-0.35179,-0.37426]},"A4s":{"weight":1.0,"played":[1.0,0.0,0.0],"evs":[0.0,-0.17061,-0.18408]},"A5s":{"weight":1.0,"played":[0.0041,0.2681,0.7278],"evs":[0.0,0.0494,0.03513]},"A6s":{"weight":1.0,"played":[0.6776,0.1068,0.2155],"evs":[0.0,-0.04317,-0.04883]},"A7s":{"weight":1.0,"played":[0.0,0.2282,0.7718],"evs":[0.0,0.26271,0.25854]},"A8s":{"weight":1.0,"played":[0.0,0.2705,0.7295],"evs":[0.0,0.70998,0.70537]},"A9s":{"weight":1.0,"played":[0.0,0.3723,0.6277],"evs":[0.0,1.25562,1.24837]},"ATs":{"weight":1.0,"played":[0.0,0.4348,0.5652],"evs":[0.0,2.34841,2.34171]},"AJs":{"weight":1.0,"played":[0.0,0.396,0.604],"evs":[0.0,3.10539,3.09255]},"AQs":{"weight":1.0,"played":[0.0,0.595,0.405],"evs":[0.0,3.99557,3.97441]},"AKs":{"weight":1.0,"played":[0.0,0.4984,0.5016],"evs":[0.0,4.92521,4.90484]},"AA":{"weight":1.0,"played":[0.0,0.3044,0.6956],"evs":[0.0,12.20347,12.15951]}}}