{"player":5,"street":0,"children":3,"sequence":[{"player":0,"type":"F","amount":0,"street":0},{"player":1,"type":"R","amount":985000,"street":0},{"player":2,"type":"F","amount":0,"street":0},{"player":3,"type":"F","amount":0,"street":0},{"player":4,"type":"C","amount":935000,"street":0}],"actions":[{"type":"F","amount":0},{"type":"C","amount":885000},{"type":"R","amount":2985000,"node":89}],"hands":{"22":{"weight":1.0,"played":[1.0,0.0,0.0],"evs":[0.0,-1.23471,-1.56206]},"32o":{"weight":1.0,"played":[1.0,0.0,0.0],"evs":[0.0,-3.24798,-7.36944]},"42o":{"weight":1.0,"played":[1.0,0.0,0.0],"evs":[0.0,-3.1864,-7.2183]},"52o":{"weight":1.0,"played":[1.0,0.0,0.0],"evs":[0.0,-3.09938,-6.95754]},"62o":{"weight":1.0,"played":[1.0,0.0,0.0],"evs":[0.0,-3.18737,-7.42249]},"72o":{"weight":1.0,"played":[1.0,0.0,0.0],"evs":[0.0,-3.9316,-8.39017]},"82o":{"weight":1.0,"played":[1.0,0.0,0.0],"evs":[0.0,-3.72377,-8.19289]},"92o":{"weight":1.0,"played":[1.0,0.0,0.0],"evs":[0.0,-3.46707,-7.96699]},"T2o":{"weight":1.0,"played":[1.0,0.0,0.0],"evs":[0.0,-3.72785,-8.34237]},"J2o":{"weight":1.0,"played":[1.0,0.0,0.0],"evs":[0.0,-3.62068,-8.05517]},"Q2o":{"weight":1.0,"played":[1.0,0.0,0.0],"evs":[0.0,-3.10906,-7.02491]},"K2o":{"weight":1.0,"played":[1.0,0.0,0.0],"evs":[0.0,-3.03805,-6.55994]},"A2o":{"weight":1.0,"played":[1.0,0.0,0.0],"evs":[0.0,-3.0906,-4.70242]},"32s":{"weight":1.0,"played":[1.0,0.0,0.0],"evs":[0.0,-2.19161,-5.57728]},"33":{"weight":1.0,"played":[1.0,0.0,0.0],"evs":[0.0,-0.83313,-1.05075]},"43o":{"weight":1.0,"played":[1.0,0.0,0.0],"evs":[0.0,-2.77351,-6.4558]},"53o":{"weight":1.0,"played":[1.0,0.0,0.0],"evs":[0.0,-2.52356,-6.17533]},"63o":{"weight":1.0,"played":[1.0,0.0,0.0],"evs":[0.0,-2.7492,-6.59062]},"73o":{"weight":1.0,"played":[1.0,0.0,0.0],"evs":[0.0,-3.45501,-7.54678]},"83o":{"weight":1.0,"played":[1.0,0.0,0.0],"evs":[0.0,-3.69091,-8.09138]},"93o":{"weight":1.0,"played":[1.0,0.0,0.0],"evs":[0.0,-3.38118,-7.64816]},"T3o":{"weight":1.0,"played":[1.0,0.0,0.0],"evs":[0.0,-3.6182,-8.18888]},"J3o":{"weight":1.0,"played":[1.0,0.0,0.0],"evs":[0.0,-3.52299,-7.8444]},"Q3o":{"weight":1.0,"played":[1.0,0.0,0.0],"evs":[0.0,-2.96283,-6.8631]},"K3o":{"weight":1.0,"played":[1.0,0.0,0.0],"evs":[0.0,-2.80914,-6.26401]},"A3o":{"weight":1.0,"played":[1.0,0.0,0.0],"evs":[0.0,-2.89221,-4.3965]},"42s":{"weight":1.0,"played":[1.0,0.0,0.0],"evs":[0.0,-2.07939,-5.29018]},"43s":{"weight":1.0,"played":[1.0,0.0,0.0],"evs":[0.0,-1.64542,-4.49877]},"44":{"weight":1.0,"played":[0.9918,0.0,0.0082],"evs":[0.0,-0.38869,-0.38786]},"54o":{"weight":1.0,"played":[1.0,0.0,0.0],"evs":[0.0,-2.08858,-5.33119]},"64o":{"weight":1.0,"played":[1.0,0.0,0.0],"evs":[0.0,-2.22849,-5.71824]},"74o":{"weight":1.0,"played":[1.0,0.0,0.0],"evs":[0.0,-2.98629,-6.81394]},"84o":{"weight":1.0,"played":[1.0,0.0,0.0],"evs":[0.0,-3.284,-7.28842]},"94o":{"weight":1.0,"played":[1.0,0.0,0.0],"evs":[0.0,-3.31686,-7.67861]},"T4o":{"weight":1.0,"played":[1.0,0.0,0.0],"evs":[0.0,-3.52531,-7.87454]},"J4o":{"weight":1.0,"played":[1.0,0.0,0.0],"evs":[0.0,-3.40297,-7.5507]},"Q4o":{"weight":1.0,"played":[1.0,0.0,0.0],"evs":[0.0,-2.79587,-6.50049]},"K4o":{"weight":1.0,"played":[1.0,0.0,0.0],"evs":[0.0,-2.73096,-6.00916]},"A4o":{"weight":1.0,"played":[1.0,0.0,0.0],"evs":[0.0,-2.70627,-4.08552]},"52s":{"weight":1.0,"played":[1.0,0.0,0.0],"evs":[0.0,-2.13962,-5.22778]},"53s":{"weight":1.0,"played":[1.0,0.0,0.0],"evs":[0.0,-1.33119,-4.2196]},"54s":{"weight":1.0,"played":[1.0,0.0,0.0],"evs":[0.0,-1.18479,-3.79417]},"55":{"weight":1.0,"played":[0.0238,0.0051,0.971],"evs":[0.0,0.27526,0.43522]},"65o":{"weight":1.0,"played":[1.0,0.0,0.0],"evs":[0.0,-1.87897,-5.16516]},"75o":{"weight":1.0,"played":[1.0,0.0,0.0],"evs":[0.0,-2.45503,-5.94091]},"85o":{"weight":1.0,"played":[1.0,0.0,0.0],"evs":[0.0,-2.71517,-6.46096]},"95o":{"weight":1.0,"played":[1.0,0.0,0.0],"evs":[0.0,-2.99084,-6.97008]},"T5o":{"weight":1.0,"played":[1.0,0.0,0.0],"evs":[0.0,-3.38421,-7.68914]},"J5o":{"weight":1.0,"played":[1.0,0.0,0.0],"evs":[0.0,-3.29865,-7.40731]},"Q5o":{"weight":1.0,"played":[1.0,0.0,0.0],"evs":[0.0,-2.76169,-6.36272]},"K5o":{"weight":1.0,"played":[1.0,0.0,0.0],"evs":[0.0,-2.77868,-6.00836]},"A5o":{"weight":1.0,"played":[1.0,0.0,0.0],"evs":[0.0,-2.57699,-3.97141]},"62s":{"weight":1.0,"played":[1.0,0.0,0.0],"evs":[0.0,-2.11165,-5.42072]},"63s":{"weight":1.0,"played":[1.0,0.0,0.0],"evs":[0.0,-1.68872,-4.65802]},"64s":{"weight":1.0,"played":[1.0,0.0,0.0],"evs":[0.0,-1.14478,-3.94553]},"65s":{"weight":1.0,"played":[1.0,0.0,0.0],"evs":[0.0,-0.89683,-3.51349]},"66":{"weight":1.0,"played":[1.0E-4,0.0,0.9999],"evs":[0.0,0.67799,0.91635]},"76o":{"weight":1.0,"played":[1.0,0.0,0.0],"evs":[0.0,-1.89035,-5.21843]},"86o":{"weight":1.0,"played":[1.0,0.0,0.0],"evs":[0.0,-2.15832,-5.55177]},"96o":{"weight":1.0,"played":[1.0,0.0,0.0],"evs":[0.0,-2.38693,-6.09015]},"T6o":{"weight":1.0,"played":[1.0,0.0,0.0],"evs":[0.0,-3.0191,-7.06764]},"J6o":{"weight":1.0,"played":[1.0,0.0,0.0],"evs":[0.0,-3.17702,-7.28298]},"Q6o":{"weight":1.0,"played":[1.0,0.0,0.0],"evs":[0.0,-2.56299,-6.06611]},"K6o":{"weight":1.0,"played":[1.0,0.0,0.0],"evs":[0.0,-2.52013,-5.65003]},"A6o":{"weight":1.0,"played":[1.0,0.0,0.0],"evs":[0.0,-2.66961,-4.16241]},"72s":{"weight":1.0,"played":[1.0,0.0,0.0],"evs":[0.0,-2.73806,-6.31652]},"73s":{"weight":1.0,"played":[1.0,0.0,0.0],"evs":[0.0,-2.43284,-5.5963]},"74s":{"weight":1.0,"played":[1.0,0.0,0.0],"evs":[0.0,-1.9862,-5.04954]},"75s":{"weight":1.0,"played":[1.0,0.0,0.0],"evs":[0.0,-1.37182,-4.15547]},"76s":{"weight":1.0,"played":[1.0,0.0,0.0],"evs":[0.0,-0.93444,-3.44891]},"77":{"weight":1.0,"played":[0.0,0.016,0.984],"evs":[0.0,0.71424,0.84203]},"87o":{"weight":1.0,"played":[1.0,0.0,0.0],"evs":[0.0,-2.31836,-5.58508]},"97o":{"weight":1.0,"played":[1.0,0.0,0.0],"evs":[0.0,-2.36982,-5.87176]},"T7o":{"weight":1.0,"played":[1.0,0.0,0.0],"evs":[0.0,-3.05233,-6.79383]},"J7o":{"weight":1.0,"played":[1.0,0.0,0.0],"evs":[0.0,-3.318,-7.15838]},"Q7o":{"weight":1.0,"played":[1.0,0.0,0.0],"evs":[0.0,-2.99244,-6.60787]},"K7o":{"weight":1.0,"played":[1.0,0.0,0.0],"evs":[0.0,-2.89508,-5.90991]},"A7o":{"weight":1.0,"played":[1.0,0.0,0.0],"evs":[0.0,-2.64837,-4.01472]},"82s":{"weight":1.0,"played":[1.0,0.0,0.0],"evs":[0.0,-2.80166,-6.30537]},"83s":{"weight":1.0,"played":[1.0,0.0,0.0],"evs":[0.0,-2.66423,-6.17828]},"84s":{"weight":1.0,"played":[1.0,0.0,0.0],"evs":[0.0,-2.10588,-5.27695]},"85s":{"weight":1.0,"played":[1.0,0.0,0.0],"evs":[0.0,-1.77838,-4.58451]},"86s":{"weight":1.0,"played":[1.0,0.0,0.0],"evs":[0.0,-0.98365,-3.51045]},"87s":{"weight":1.0,"played":[1.0,0.0,0.0],"evs":[0.0,-1.48899,-4.01218]},"88":{"weight":1.0,"played":[0.0,0.0618,0.9382],"evs":[0.0,1.66675,1.70669]},"98o":{"weight":1.0,"played":[1.0,0.0,0.0],"evs":[0.0,-2.15269,-5.45071]},"T8o":{"weight":1.0,"played":[1.0,0.0,0.0],"evs":[0.0,-2.55409,-6.0483]},"J8o":{"weight":1.0,"played":[1.0,0.0,0.0],"evs":[0.0,-2.90479,-6.50612]},"Q8o":{"weight":1.0,"played":[1.0,0.0,0.0],"evs":[0.0,-2.62392,-5.91344]},"K8o":{"weight":1.0,"played":[1.0,0.0,0.0],"evs":[0.0,-2.89304,-6.07761]},"A8o":{"weight":1.0,"played":[1.0,0.0,0.0],"evs":[0.0,-1.96331,-3.58812]},"92s":{"weight":1.0,"played":[1.0,0.0,0.0],"evs":[0.0,-2.61549,-6.21818]},"93s":{"weight":1.0,"played":[1.0,0.0,0.0],"evs":[0.0,-2.3409,-5.80331]},"94s":{"weight":1.0,"played":[1.0,0.0,0.0],"evs":[0.0,-2.2524,-5.84346]},"95s":{"weight":1.0,"played":[1.0,0.0,0.0],"evs":[0.0,-2.05175,-5.266]},"96s":{"weight":1.0,"played":[1.0,0.0,0.0],"evs":[0.0,-1.19281,-4.08124]},"97s":{"weight":1.0,"played":[1.0,0.0,0.0],"evs":[0.0,-1.4815,-4.20751]},"98s":{"weight":1.0,"played":[1.0,0.0,0.0],"evs":[0.0,-0.98699,-3.6309]},"99":{"weight":1.0,"played":[0.0,0.0,1.0],"evs":[0.0,2.0098,2.37405]},"T9o":{"weight":1.0,"played":[1.0,0.0,0.0],"evs":[0.0,-2.02784,-5.53697]},"J9o":{"weight":1.0,"played":[1.0,0.0,0.0],"evs":[0.0,-2.22511,-5.76478]},"Q9o":{"weight":1.0,"played":[1.0,0.0,0.0],"evs":[0.0,-1.96704,-5.15456]},"K9o":{"weight":1.0,"played":[1.0,0.0,0.0],"evs":[0.0,-2.26837,-5.2686]},"A9o":{"weight":1.0,"played":[1.0,0.0,0.0],"evs":[0.0,-1.47777,-3.13127]},"T2s":{"weight":1.0,"played":[1.0,0.0,0.0],"evs":[0.0,-2.67529,-6.38754]},"T3s":{"weight":1.0,"played":[1.0,0.0,0.0],"evs":[0.0,-2.55028,-6.01194]},"T4s":{"weight":1.0,"played":[1.0,0.0,0.0],"evs":[0.0,-2.44066,-5.95054]},"T5s":{"weight":1.0,"played":[1.0,0.0,0.0],"evs":[0.0,-2.34572,-5.84585]},"T6s":{"weight":1.0,"played":[1.0,0.0,0.0],"evs":[0.0,-1.83008,-5.02071]},"T7s":{"weight":1.0,"played":[1.0,0.0,0.0],"evs":[0.0,-1.89986,-4.9996]},"T8s":{"weight":1.0,"played":[1.0,0.0,0.0],"evs":[0.0,-1.33207,-4.18626]},"T9s":{"weight":1.0,"played":[0.9977,0.0023,0.0],"evs":[0.0,-0.86684,-3.68591]},"TT":{"weight":1.0,"played":[0.0,0.0,1.0],"evs":[0.0,2.87573,4.05863]},"JTo":{"weight":1.0,"played":[1.0,0.0,0.0],"evs":[0.0,-2.12214,-5.38051]},"QTo":{"weight":1.0,"played":[1.0,0.0,0.0],"evs":[0.0,-1.87261,-4.77519]},"KTo":{"weight":1.0,"played":[1.0,0.0,0.0],"evs":[0.0,-2.04339,-4.46608]},"ATo":{"weight":1.0,"played":[0.9975,0.0012,0.0013],"evs":[0.0,-0.64985,-1.00331]},"J2s":{"weight":1.0,"played":[1.0,0.0,0.0],"evs":[0.0,-2.45898,-6.0396]},"J3s":{"weight":1.0,"played":[1.0,0.0,0.0],"evs":[0.0,-2.52293,-5.90713]},"J4s":{"weight":1.0,"played":[1.0,0.0,0.0],"evs":[0.0,-2.29427,-5.5433]},"J5s":{"weight":1.0,"played":[1.0,0.0,0.0],"evs":[0.0,-2.43664,-5.84926]},"J6s":{"weight":1.0,"played":[1.0,0.0,0.0],"evs":[0.0,-1.97022,-5.1467]},"J7s":{"weight":1.0,"played":[1.0,0.0,0.0],"evs":[0.0,-2.27518,-5.28296]},"J8s":{"weight":1.0,"played":[1.0,0.0,0.0],"evs":[0.0,-1.78794,-4.61587]},"J9s":{"weight":1.0,"played":[1.0,0.0,0.0],"evs":[0.0,-0.9243,-3.79604]},"JTs":{"weight":1.0,"played":[0.9999,1.0E-4,0.0],"evs":[0.0,-1.00798,-3.54855]},"JJ":{"weight":1.0,"played":[0.0,0.0,1.0],"evs":[0.0,4.8595,6.51125]},"QJo":{"weight":1.0,"played":[1.0,0.0,0.0],"evs":[0.0,-1.54556,-3.96696]},"KJo":{"weight":1.0,"played":[1.0,0.0,0.0],"evs":[0.0,-1.44915,-3.0017]},"AJo":{"weight":1.0,"played":[0.0,0.0034,0.9966],"evs":[0.0,0.65339,1.43444]},"Q2s":{"weight":1.0,"played":[1.0,0.0,0.0],"evs":[0.0,-1.9875,-5.1496]},"Q3s":{"weight":1.0,"played":[1.0,0.0,0.0],"evs":[0.0,-1.95183,-5.04998]},"Q4s":{"weight":1.0,"played":[1.0,0.0,0.0],"evs":[0.0,-1.76182,-4.68901]},"Q5s":{"weight":1.0,"played":[1.0,0.0,0.0],"evs":[0.0,-1.65045,-4.40423]},"Q6s":{"weight":1.0,"played":[1.0,0.0,0.0],"evs":[0.0,-1.44144,-4.11308]},"Q7s":{"weight":1.0,"played":[1.0,0.0,0.0],"evs":[0.0,-2.02107,-4.94991]},"Q8s":{"weight":1.0,"played":[1.0,0.0,0.0],"evs":[0.0,-1.48577,-3.97592]},"Q9s":{"weight":1.0,"played":[1.0,0.0,0.0],"evs":[0.0,-0.96576,-3.54382]},"QTs":{"weight":1.0,"played":[0.9995,5.0E-4,0.0],"evs":[0.0,-0.67427,-2.83888]},"QJs":{"weight":1.0,"played":[0.9048,0.0952,0.0],"evs":[0.0,-0.4118,-2.43677]},"QQ":{"weight":1.0,"played":[0.0,0.0,1.0],"evs":[0.0,7.97629,9.95476]},"KQo":{"weight":1.0,"played":[0.9999,1.0E-4,0.0],"evs":[0.0,-0.42435,-0.72123]},"AQo":{"weight":1.0,"played":[0.0,0.0,1.0],"evs":[0.0,1.92314,3.30286]},"K2s":{"weight":1.0,"played":[1.0,0.0,0.0],"evs":[0.0,-1.89503,-4.69153]},"K3s":{"weight":1.0,"played":[1.0,0.0,0.0],"evs":[0.0,-1.61635,-4.3377]},"K4s":{"weight":1.0,"played":[0.9999,1.0E-4,0.0],"evs":[0.0,-1.57913,-4.02567]},"K5s":{"weight":1.0,"played":[1.0,0.0,0.0],"evs":[0.0,-1.72902,-4.1767]},"K6s":{"weight":1.0,"played":[1.0,0.0,0.0],"evs":[0.0,-1.09098,-3.27064]},"K7s":{"weight":1.0,"played":[1.0,0.0,0.0],"evs":[0.0,-1.8073,-4.04258]},"K8s":{"weight":1.0,"played":[0.9999,1.0E-4,0.0],"evs":[0.0,-1.65591,-4.07112]},"K9s":{"weight":1.0,"played":[1.0,0.0,0.0],"evs":[0.0,-0.97405,-3.10823]},"KTs":{"weight":1.0,"played":[0.9946,0.0054,0.0],"evs":[0.0,-0.93128,-2.85395]},"KJs":{"weight":1.0,"played":[0.8854,0.1141,5.0E-4],"evs":[0.0,-0.39976,-1.50516]},"KQs":{"weight":1.0,"played":[0.0021,0.0606,0.9373],"evs":[0.0,0.65241,0.90658]},"KK":{"weight":1.0,"played":[0.0,0.0,1.0],"evs":[0.0,11.9438,14.00414]},"AKo":{"weight":1.0,"played":[0.0,0.0,1.0],"evs":[0.0,4.08511,6.17483]},"A2s":{"weight":1.0,"played":[1.0,0.0,0.0],"evs":[0.0,-1.85944,-2.81683]},"A3s":{"weight":1.0,"played":[1.0,0.0,0.0],"evs":[0.0,-1.69902,-2.5865]},"A4s":{"weight":1.0,"played":[1.0,0.0,0.0],"evs":[0.0,-1.53309,-2.35841]},"A5s":{"weight":1.0,"played":[1.0,0.0,0.0],"evs":[0.0,-1.24057,-1.92971]},"A6s":{"weight":1.0,"played":[1.0,0.0,0.0],"evs":[0.0,-1.3937,-2.33305]},"A7s":{"weight":1.0,"played":[0.9999,1.0E-4,0.0],"evs":[0.0,-1.2022,-2.01528]},"A8s":{"weight":1.0,"played":[0.9999,1.0E-4,0.0],"evs":[0.0,-0.56151,-1.58063]},"A9s":{"weight":1.0,"played":[0.4663,0.5313,0.0024],"evs":[0.0,0.02186,-1.0212]},"ATs":{"weight":1.0,"played":[0.0,0.1714,0.8286],"evs":[0.0,0.4719,0.53835]},"AJs":{"weight":1.0,"played":[0.0,0.0031,0.9969],"evs":[0.0,2.46198,3.46999]},"AQs":{"weight":1.0,"played":[0.0,0.0,1.0],"evs":[0.0,3.40678,4.82072]},"AKs":{"weight":1.0,"played":[0.0,0.0,1.0],"evs":[0.0,5.66581,7.6371]},"AA":{"weight":1.0,"played":[0.0,0.0027,0.9973],"evs":[0.0,19.36421,21.2399]}}}