{"player":5,"street":0,"children":3,"sequence":[{"player":0,"type":"F","amount":0,"street":0},{"player":1,"type":"F","amount":0,"street":0},{"player":2,"type":"F","amount":0,"street":0},{"player":3,"type":"F","amount":0,"street":0},{"player":4,"type":"R","amount":350000,"street":0}],"actions":[{"type":"F","amount":0},{"type":"C","amount":250000},{"type":"R","amount":2985000,"node":10}],"hands":{"22":{"weight":1.0,"played":[0.0,1.0E-4,0.9999],"evs":[0.0,0.86642,1.17487]},"32o":{"weight":1.0,"played":[1.0,0.0,0.0],"evs":[0.0,-0.33256,-0.88633]},"42o":{"weight":1.0,"played":[1.0,0.0,0.0],"evs":[0.0,-0.30199,-0.82486]},"52o":{"weight":1.0,"played":[1.0,0.0,0.0],"evs":[0.0,-0.25712,-0.76058]},"62o":{"weight":1.0,"played":[1.0,0.0,0.0],"evs":[0.0,-0.45823,-0.9982]},"72o":{"weight":1.0,"played":[1.0,0.0,0.0],"evs":[0.0,-0.65058,-1.19833]},"82o":{"weight":1.0,"played":[1.0,0.0,0.0],"evs":[0.0,-0.54365,-1.06286]},"92o":{"weight":1.0,"played":[1.0,0.0,0.0],"evs":[0.0,-0.47527,-0.89769]},"T2o":{"weight":1.0,"played":[1.0,0.0,0.0],"evs":[0.0,-0.33274,-0.69309]},"J2o":{"weight":1.0,"played":[1.0,0.0,0.0],"evs":[0.0,-0.23014,-0.50445]},"Q2o":{"weight":1.0,"played":[1.0,0.0,0.0],"evs":[0.0,-0.12038,-0.26125]},"K2o":{"weight":1.0,"played":[0.9999,0.0,1.0E-4],"evs":[0.0,-0.05746,-0.09004]},"A2o":{"weight":1.0,"played":[0.0,0.0,1.0],"evs":[0.0,0.75776,0.87355]},"32s":{"weight":1.0,"played":[2.0E-4,0.9998,0.0],"evs":[0.0,0.22728,-0.29595]},"33":{"weight":1.0,"played":[0.0,0.0,1.0],"evs":[0.0,1.02844,1.25948]},"43o":{"weight":1.0,"played":[1.0,0.0,0.0],"evs":[0.0,-0.10599,-0.62719]},"53o":{"weight":1.0,"played":[0.9973,0.0027,0.0],"evs":[0.0,-0.08031,-0.55827]},"63o":{"weight":1.0,"played":[1.0,0.0,0.0],"evs":[0.0,-0.29581,-0.78005]},"73o":{"weight":1.0,"played":[1.0,0.0,0.0],"evs":[0.0,-0.47053,-0.93431]},"83o":{"weight":1.0,"played":[1.0,0.0,0.0],"evs":[0.0,-0.52841,-1.04007]},"93o":{"weight":1.0,"played":[1.0,0.0,0.0],"evs":[0.0,-0.42305,-0.83883]},"T3o":{"weight":1.0,"played":[1.0,0.0,0.0],"evs":[0.0,-0.29331,-0.6588]},"J3o":{"weight":1.0,"played":[1.0,0.0,0.0],"evs":[0.0,-0.18409,-0.44096]},"Q3o":{"weight":1.0,"played":[1.0,0.0,0.0],"evs":[0.0,-0.08267,-0.19673]},"K3o":{"weight":1.0,"played":[0.4895,0.4713,0.0393],"evs":[0.0,0.00739,-0.03564]},"A3o":{"weight":1.0,"played":[0.0,0.0055,0.9945],"evs":[0.0,0.88223,0.94204]},"42s":{"weight":1.0,"played":[1.0E-4,0.9999,0.0],"evs":[0.0,0.3072,-0.26556]},"43s":{"weight":1.0,"played":[0.0,1.0,0.0],"evs":[0.0,0.48773,-0.04651]},"44":{"weight":1.0,"played":[0.0,7.0E-4,0.9993],"evs":[0.0,1.18766,1.27517]},"54o":{"weight":1.0,"played":[0.0077,0.9923,0.0],"evs":[0.0,0.08527,-0.36994]},"64o":{"weight":1.0,"played":[1.0,0.0,0.0],"evs":[0.0,-0.09685,-0.58821]},"74o":{"weight":1.0,"played":[1.0,0.0,0.0],"evs":[0.0,-0.29547,-0.76319]},"84o":{"weight":1.0,"played":[1.0,0.0,0.0],"evs":[0.0,-0.38168,-0.83334]},"94o":{"weight":1.0,"played":[1.0,0.0,0.0],"evs":[0.0,-0.41777,-0.86298]},"T4o":{"weight":1.0,"played":[1.0,0.0,0.0],"evs":[0.0,-0.28521,-0.616]},"J4o":{"weight":1.0,"played":[1.0,0.0,0.0],"evs":[0.0,-0.15836,-0.41398]},"Q4o":{"weight":1.0,"played":[0.9998,2.0E-4,0.0],"evs":[0.0,-0.04033,-0.17154]},"K4o":{"weight":1.0,"played":[0.0053,0.8759,0.1187],"evs":[0.0,0.02911,-0.00981]},"A4o":{"weight":1.0,"played":[0.0,0.3311,0.6689],"evs":[0.0,0.95599,0.96034]},"52s":{"weight":1.0,"played":[0.0,1.0,0.0],"evs":[0.0,0.3189,-0.22267]},"53s":{"weight":1.0,"played":[1.0E-4,0.9999,0.0],"evs":[0.0,0.50747,0.01667]},"54s":{"weight":1.0,"played":[0.0,1.0,0.0],"evs":[0.0,0.66062,0.18109]},"55":{"weight":1.0,"played":[0.0,0.0494,0.9506],"evs":[0.0,1.40757,1.44575]},"65o":{"weight":1.0,"played":[2.0E-4,0.9998,0.0],"evs":[0.0,0.11405,-0.31784]},"75o":{"weight":1.0,"played":[1.0,0.0,0.0],"evs":[0.0,-0.06084,-0.49597]},"85o":{"weight":1.0,"played":[1.0,0.0,0.0],"evs":[0.0,-0.19346,-0.57308]},"95o":{"weight":1.0,"played":[1.0,0.0,0.0],"evs":[0.0,-0.26989,-0.59836]},"T5o":{"weight":1.0,"played":[1.0,0.0,0.0],"evs":[0.0,-0.26336,-0.58328]},"J5o":{"weight":1.0,"played":[1.0,0.0,0.0],"evs":[0.0,-0.14057,-0.34209]},"Q5o":{"weight":1.0,"played":[0.8801,0.1184,0.0016],"evs":[0.0,0.00191,-0.10395]},"K5o":{"weight":1.0,"played":[3.0E-4,0.8738,0.1259],"evs":[0.0,0.07785,0.05704]},"A5o":{"weight":1.0,"played":[0.0,0.9826,0.0174],"evs":[0.0,1.07169,1.03282]},"62s":{"weight":1.0,"played":[0.0258,0.9742,0.0],"evs":[0.0,0.08501,-0.41668]},"63s":{"weight":1.0,"played":[6.0E-4,0.9994,0.0],"evs":[0.0,0.30356,-0.1875]},"64s":{"weight":1.0,"played":[0.0,1.0,0.0],"evs":[0.0,0.50834,-0.02967]},"65s":{"weight":1.0,"played":[0.0,0.9999,1.0E-4],"evs":[0.0,0.67316,0.23471]},"66":{"weight":1.0,"played":[0.0,0.3557,0.6443],"evs":[0.0,1.55774,1.59309]},"76o":{"weight":1.0,"played":[6.0E-4,0.9994,0.0],"evs":[0.0,0.0371,-0.35799]},"86o":{"weight":1.0,"played":[0.9888,0.0112,0.0],"evs":[0.0,-0.01716,-0.44971]},"96o":{"weight":1.0,"played":[1.0,0.0,0.0],"evs":[0.0,-0.10939,-0.44036]},"T6o":{"weight":1.0,"played":[1.0,0.0,0.0],"evs":[0.0,-0.13755,-0.44105]},"J6o":{"weight":1.0,"played":[1.0,0.0,0.0],"evs":[0.0,-0.15191,-0.38387]},"Q6o":{"weight":1.0,"played":[0.6287,0.3713,0.0],"evs":[0.0,0.00351,-0.1145]},"K6o":{"weight":1.0,"played":[0.0,0.451,0.549],"evs":[0.0,0.09423,0.08728]},"A6o":{"weight":1.0,"played":[0.0,0.8678,0.1322],"evs":[0.0,0.91962,0.91249]},"72s":{"weight":1.0,"played":[0.9866,0.0134,0.0],"evs":[0.0,-0.0791,-0.58715]},"73s":{"weight":1.0,"played":[1.0E-4,0.9999,0.0],"evs":[0.0,0.16046,-0.33064]},"74s":{"weight":1.0,"played":[1.0E-4,0.9999,0.0],"evs":[0.0,0.35708,-0.1775]},"75s":{"weight":1.0,"played":[0.0,1.0,0.0],"evs":[0.0,0.53305,0.09071]},"76s":{"weight":1.0,"played":[0.0,1.0,0.0],"evs":[0.0,0.69987,0.24565]},"77":{"weight":1.0,"played":[0.0,0.4424,0.5576],"evs":[0.0,1.76145,1.7898]},"87o":{"weight":1.0,"played":[4.0E-4,0.9996,0.0],"evs":[0.0,0.09781,-0.30055]},"97o":{"weight":1.0,"played":[0.0068,0.9932,0.0],"evs":[0.0,0.05989,-0.28207]},"T7o":{"weight":1.0,"played":[0.0034,0.9966,0.0],"evs":[0.0,0.04743,-0.28989]},"J7o":{"weight":1.0,"played":[0.0569,0.9431,0.0],"evs":[0.0,0.01634,-0.24008]},"Q7o":{"weight":1.0,"played":[0.0464,0.9536,0.0],"evs":[0.0,0.03455,-0.16986]},"K7o":{"weight":1.0,"played":[0.0,1.0,0.0],"evs":[0.0,0.12281,0.04625]},"A7o":{"weight":1.0,"played":[0.0,0.9996,4.0E-4],"evs":[0.0,1.1083,0.9941]},"82s":{"weight":1.0,"played":[0.1185,0.8815,0.0],"evs":[0.0,0.03485,-0.47553]},"83s":{"weight":1.0,"played":[0.0013,0.9987,0.0],"evs":[0.0,0.09706,-0.42636]},"84s":{"weight":1.0,"played":[0.0024,0.9976,0.0],"evs":[0.0,0.23954,-0.24958]},"85s":{"weight":1.0,"played":[0.0,1.0,0.0],"evs":[0.0,0.45764,-0.06653]},"86s":{"weight":1.0,"played":[0.0,1.0,0.0],"evs":[0.0,0.61063,0.11942]},"87s":{"weight":1.0,"played":[0.0,1.0,0.0],"evs":[0.0,0.69124,0.28476]},"88":{"weight":1.0,"played":[0.0,0.0962,0.9038],"evs":[0.0,2.1165,2.1337]},"98o":{"weight":1.0,"played":[1.0E-4,0.9999,0.0],"evs":[0.0,0.27921,-0.09635]},"T8o":{"weight":1.0,"played":[0.0,1.0,0.0],"evs":[0.0,0.31832,-0.02017]},"J8o":{"weight":1.0,"played":[0.0,1.0,0.0],"evs":[0.0,0.25468,-0.00623]},"Q8o":{"weight":1.0,"played":[0.0,1.0,0.0],"evs":[0.0,0.22303,0.07723]},"K8o":{"weight":1.0,"played":[0.0,1.0,0.0],"evs":[0.0,0.24129,0.1217]},"A8o":{"weight":1.0,"played":[0.0,0.9976,0.0024],"evs":[0.0,1.33398,1.27114]},"92s":{"weight":1.0,"played":[0.0022,0.9978,0.0],"evs":[0.0,0.11754,-0.26243]},"93s":{"weight":1.0,"played":[0.0022,0.9978,0.0],"evs":[0.0,0.13584,-0.2521]},"94s":{"weight":1.0,"played":[0.0012,0.9988,0.0],"evs":[0.0,0.14393,-0.28404]},"95s":{"weight":1.0,"played":[0.0,1.0,0.0],"evs":[0.0,0.33301,-0.07204]},"96s":{"weight":1.0,"played":[0.0,1.0,0.0],"evs":[0.0,0.53012,0.17411]},"97s":{"weight":1.0,"played":[0.0,0.9999,0.0],"evs":[0.0,0.68968,0.2919]},"98s":{"weight":1.0,"played":[0.0,1.0,0.0],"evs":[0.0,0.85896,0.41317]},"99":{"weight":1.0,"played":[0.0,0.4433,0.5567],"evs":[0.0,2.63533,2.61682]},"T9o":{"weight":1.0,"played":[0.0,1.0,0.0],"evs":[0.0,0.64184,0.32278]},"J9o":{"weight":1.0,"played":[0.0,1.0,0.0],"evs":[0.0,0.55227,0.31598]},"Q9o":{"weight":1.0,"played":[0.0,1.0,0.0],"evs":[0.0,0.57846,0.42621]},"K9o":{"weight":1.0,"played":[0.0,1.0,0.0],"evs":[0.0,0.62708,0.40794]},"A9o":{"weight":1.0,"played":[0.0,0.3357,0.6643],"evs":[0.0,1.66425,1.66718]},"T2s":{"weight":1.0,"played":[3.0E-4,0.9997,0.0],"evs":[0.0,0.23821,-0.08439]},"T3s":{"weight":1.0,"played":[0.0,1.0,0.0],"evs":[0.0,0.2943,-0.09821]},"T4s":{"weight":1.0,"played":[3.0E-4,0.9997,0.0],"evs":[0.0,0.31001,-0.07747]},"T5s":{"weight":1.0,"played":[0.0,1.0,0.0],"evs":[0.0,0.37213,-0.01728]},"T6s":{"weight":1.0,"played":[0.0,1.0,0.0],"evs":[0.0,0.54433,0.1398]},"T7s":{"weight":1.0,"played":[0.0,0.9999,0.0],"evs":[0.0,0.72465,0.3279]},"T8s":{"weight":1.0,"played":[0.0,1.0,0.0],"evs":[0.0,0.99243,0.47686]},"T9s":{"weight":1.0,"played":[0.0,1.0,0.0],"evs":[0.0,1.29459,0.83891]},"TT":{"weight":1.0,"played":[0.0,0.0672,0.9328],"evs":[0.0,3.43324,3.46239]},"JTo":{"weight":1.0,"played":[0.0,1.0,0.0],"evs":[0.0,1.02588,0.76397]},"QTo":{"weight":1.0,"played":[0.0,1.0,0.0],"evs":[0.0,1.08904,0.82045]},"KTo":{"weight":1.0,"played":[0.0,1.0,0.0],"evs":[0.0,1.20588,0.93054]},"ATo":{"weight":1.0,"played":[0.0,0.0142,0.9858],"evs":[0.0,2.22746,2.25874]},"J2s":{"weight":1.0,"played":[0.0,1.0,0.0],"evs":[0.0,0.37191,0.07319]},"J3s":{"weight":1.0,"played":[0.0,0.9999,1.0E-4],"evs":[0.0,0.37433,0.11385]},"J4s":{"weight":1.0,"played":[0.0,0.9999,1.0E-4],"evs":[0.0,0.44349,0.15839]},"J5s":{"weight":1.0,"played":[0.0,1.0,0.0],"evs":[0.0,0.46496,0.22185]},"J6s":{"weight":1.0,"played":[0.0,0.9996,4.0E-4],"evs":[0.0,0.48065,0.19242]},"J7s":{"weight":1.0,"played":[0.0,0.9999,1.0E-4],"evs":[0.0,0.69704,0.31706]},"J8s":{"weight":1.0,"played":[0.0,1.0,0.0],"evs":[0.0,0.94848,0.51468]},"J9s":{"weight":1.0,"played":[0.0,1.0,0.0],"evs":[0.0,1.23535,0.80484]},"JTs":{"weight":1.0,"played":[0.0,1.0,0.0],"evs":[0.0,1.68847,1.24758]},"JJ":{"weight":1.0,"played":[0.0,0.5207,0.4793],"evs":[0.0,4.19502,4.21868]},"QJo":{"weight":1.0,"played":[0.0,1.0,0.0],"evs":[0.0,1.2642,0.93256]},"KJo":{"weight":1.0,"played":[0.0,1.0,0.0],"evs":[0.0,1.44525,1.20732]},"AJo":{"weight":1.0,"played":[0.0,0.0,1.0],"evs":[0.0,2.58955,2.76777]},"Q2s":{"weight":1.0,"played":[0.0,0.9999,0.0],"evs":[0.0,0.48615,0.26992]},"Q3s":{"weight":1.0,"played":[0.0,1.0,0.0],"evs":[0.0,0.57213,0.36761]},"Q4s":{"weight":1.0,"played":[0.0,1.0,0.0],"evs":[0.0,0.58054,0.34988]},"Q5s":{"weight":1.0,"played":[0.0,0.9998,2.0E-4],"evs":[0.0,0.63508,0.43095]},"Q6s":{"weight":1.0,"played":[0.0,1.0,0.0],"evs":[0.0,0.67555,0.43747]},"Q7s":{"weight":1.0,"played":[0.0,1.0,0.0],"evs":[0.0,0.69167,0.39354]},"Q8s":{"weight":1.0,"played":[0.0,1.0,0.0],"evs":[0.0,0.9345,0.60348]},"Q9s":{"weight":1.0,"played":[0.0,1.0,0.0],"evs":[0.0,1.23572,0.88283]},"QTs":{"weight":1.0,"played":[0.0,1.0,0.0],"evs":[0.0,1.76774,1.32417]},"QJs":{"weight":1.0,"played":[0.0,1.0,0.0],"evs":[0.0,1.90787,1.44058]},"QQ":{"weight":1.0,"played":[0.0,1.0,0.0],"evs":[0.0,5.35642,5.06636]},"KQo":{"weight":1.0,"played":[0.0,0.9998,2.0E-4],"evs":[0.0,1.85395,1.55806]},"AQo":{"weight":1.0,"played":[0.0,0.0,1.0],"evs":[0.0,3.10557,3.35735]},"K2s":{"weight":1.0,"played":[0.0,1.0,0.0],"evs":[0.0,0.5677,0.48993]},"K3s":{"weight":1.0,"played":[0.0,1.0,0.0],"evs":[0.0,0.64246,0.5144]},"K4s":{"weight":1.0,"played":[0.0,1.0,0.0],"evs":[0.0,0.7011,0.55286]},"K5s":{"weight":1.0,"played":[0.0,0.9999,0.0],"evs":[0.0,0.79705,0.58039]},"K6s":{"weight":1.0,"played":[0.0,1.0,0.0],"evs":[0.0,0.8017,0.64326]},"K7s":{"weight":1.0,"played":[0.0,1.0,0.0],"evs":[0.0,0.85273,0.53281]},"K8s":{"weight":1.0,"played":[0.0,0.9999,1.0E-4],"evs":[0.0,0.95754,0.69578]},"K9s":{"weight":1.0,"played":[0.0,1.0,0.0],"evs":[0.0,1.32136,0.89917]},"KTs":{"weight":1.0,"played":[0.0,1.0,0.0],"evs":[0.0,1.90068,1.43025]},"KJs":{"weight":1.0,"played":[0.0,0.9999,1.0E-4],"evs":[0.0,2.13252,1.64799]},"KQs":{"weight":1.0,"played":[0.0,1.0,0.0],"evs":[0.0,2.5113,2.00835]},"KK":{"weight":1.0,"played":[0.0,1.0,0.0],"evs":[0.0,6.90182,6.01434]},"AKo":{"weight":1.0,"played":[0.0,0.0,1.0],"evs":[0.0,3.82996,4.29802]},"A2s":{"weight":1.0,"played":[0.0,0.9997,3.0E-4],"evs":[0.0,1.48195,1.38171]},"A3s":{"weight":1.0,"played":[0.0,0.9999,1.0E-4],"evs":[0.0,1.55029,1.43391]},"A4s":{"weight":1.0,"played":[0.0,0.9995,5.0E-4],"evs":[0.0,1.67096,1.43787]},"A5s":{"weight":1.0,"played":[0.0,0.9999,1.0E-4],"evs":[0.0,1.81572,1.54173]},"A6s":{"weight":1.0,"played":[0.0,1.0,0.0],"evs":[0.0,1.61472,1.39711]},"A7s":{"weight":1.0,"played":[0.0,1.0,0.0],"evs":[0.0,1.81255,1.46434]},"A8s":{"weight":1.0,"played":[0.0,1.0,0.0],"evs":[0.0,2.06263,1.73671]},"A9s":{"weight":1.0,"played":[0.0,0.9999,1.0E-4],"evs":[0.0,2.33038,2.0657]},"ATs":{"weight":1.0,"played":[0.0,0.9998,2.0E-4],"evs":[0.0,2.8231,2.61119]},"AJs":{"weight":1.0,"played":[0.0,0.999,0.001],"evs":[0.0,3.24809,3.11462]},"AQs":{"weight":1.0,"played":[0.0,0.7028,0.2972],"evs":[0.0,3.67084,3.66413]},"AKs":{"weight":1.0,"played":[0.0,3.0E-4,0.9997],"evs":[0.0,4.35564,4.53691]},"AA":{"weight":1.0,"played":[0.0,1.0,0.0],"evs":[0.0,9.41844,7.60891]}}}