{"player":5,"street":0,"children":2,"sequence":[{"player":0,"type":"F","amount":0,"street":0},{"player":1,"type":"R","amount":985000,"street":0},{"player":2,"type":"F","amount":0,"street":0},{"player":3,"type":"F","amount":0,"street":0},{"player":4,"type":"R","amount":2985000,"street":0}],"actions":[{"type":"F","amount":0},{"type":"C","amount":2885000}],"hands":{"22":{"weight":1.0,"played":[1.0,0.0],"evs":[0.0,-4.23237]},"32o":{"weight":1.0,"played":[1.0,0.0],"evs":[0.0,-10.8279]},"42o":{"weight":1.0,"played":[1.0,0.0],"evs":[0.0,-10.26116]},"52o":{"weight":1.0,"played":[1.0,0.0],"evs":[0.0,-9.88297]},"62o":{"weight":1.0,"played":[1.0,0.0],"evs":[0.0,-10.06491]},"72o":{"weight":1.0,"played":[1.0,0.0],"evs":[0.0,-10.58791]},"82o":{"weight":1.0,"played":[1.0,0.0],"evs":[0.0,-9.89837]},"92o":{"weight":1.0,"played":[1.0,0.0],"evs":[0.0,-9.96362]},"T2o":{"weight":1.0,"played":[1.0,0.0],"evs":[0.0,-9.61129]},"J2o":{"weight":1.0,"played":[1.0,0.0],"evs":[0.0,-9.24949]},"Q2o":{"weight":1.0,"played":[1.0,0.0],"evs":[0.0,-9.11252]},"K2o":{"weight":1.0,"played":[1.0,0.0],"evs":[0.0,-8.56804]},"A2o":{"weight":1.0,"played":[1.0,0.0],"evs":[0.0,-7.09626]},"32s":{"weight":1.0,"played":[1.0,0.0],"evs":[0.0,-8.64224]},"33":{"weight":1.0,"played":[1.0,0.0],"evs":[0.0,-2.70806]},"43o":{"weight":1.0,"played":[1.0,0.0],"evs":[0.0,-9.11314]},"53o":{"weight":1.0,"played":[1.0,0.0],"evs":[0.0,-8.52029]},"63o":{"weight":1.0,"played":[1.0,0.0],"evs":[0.0,-8.88767]},"73o":{"weight":1.0,"played":[1.0,0.0],"evs":[0.0,-9.20379]},"83o":{"weight":1.0,"played":[1.0,0.0],"evs":[0.0,-9.71248]},"93o":{"weight":1.0,"played":[1.0,0.0],"evs":[0.0,-9.45909]},"T3o":{"weight":1.0,"played":[1.0,0.0],"evs":[0.0,-8.89493]},"J3o":{"weight":1.0,"played":[1.0,0.0],"evs":[0.0,-8.78811]},"Q3o":{"weight":1.0,"played":[1.0,0.0],"evs":[0.0,-8.53939]},"K3o":{"weight":1.0,"played":[1.0,0.0],"evs":[0.0,-8.11924]},"A3o":{"weight":1.0,"played":[1.0,0.0],"evs":[0.0,-6.44895]},"42s":{"weight":1.0,"played":[1.0,0.0],"evs":[0.0,-8.12513]},"43s":{"weight":1.0,"played":[1.0,0.0],"evs":[0.0,-6.98385]},"44":{"weight":1.0,"played":[1.0,0.0],"evs":[0.0,-1.01677]},"54o":{"weight":1.0,"played":[1.0,0.0],"evs":[0.0,-7.4568]},"64o":{"weight":1.0,"played":[1.0,0.0],"evs":[0.0,-7.71281]},"74o":{"weight":1.0,"played":[1.0,0.0],"evs":[0.0,-7.99876]},"84o":{"weight":1.0,"played":[1.0,0.0],"evs":[0.0,-8.3892]},"94o":{"weight":1.0,"played":[1.0,0.0],"evs":[0.0,-8.84878]},"T4o":{"weight":1.0,"played":[1.0,0.0],"evs":[0.0,-8.31232]},"J4o":{"weight":1.0,"played":[1.0,0.0],"evs":[0.0,-8.28832]},"Q4o":{"weight":1.0,"played":[1.0,0.0],"evs":[0.0,-7.94181]},"K4o":{"weight":1.0,"played":[1.0,0.0],"evs":[0.0,-7.4772]},"A4o":{"weight":1.0,"played":[1.0,0.0],"evs":[0.0,-6.02756]},"52s":{"weight":1.0,"played":[1.0,0.0],"evs":[0.0,-7.62575]},"53s":{"weight":1.0,"played":[1.0,0.0],"evs":[0.0,-6.56818]},"54s":{"weight":1.0,"played":[1.0,0.0],"evs":[0.0,-5.30287]},"55":{"weight":1.0,"played":[0.0364,0.9636],"evs":[0.0,0.41525]},"65o":{"weight":1.0,"played":[1.0,0.0],"evs":[0.0,-6.66467]},"75o":{"weight":1.0,"played":[1.0,0.0],"evs":[0.0,-7.13188]},"85o":{"weight":1.0,"played":[1.0,0.0],"evs":[0.0,-7.3816]},"95o":{"weight":1.0,"played":[1.0,0.0],"evs":[0.0,-7.86962]},"T5o":{"weight":1.0,"played":[1.0,0.0],"evs":[0.0,-8.15088]},"J5o":{"weight":1.0,"played":[1.0,0.0],"evs":[0.0,-7.86335]},"Q5o":{"weight":1.0,"played":[1.0,0.0],"evs":[0.0,-7.51333]},"K5o":{"weight":1.0,"played":[1.0,0.0],"evs":[0.0,-6.95843]},"A5o":{"weight":1.0,"played":[1.0,0.0],"evs":[0.0,-5.33028]},"62s":{"weight":1.0,"played":[1.0,0.0],"evs":[0.0,-7.89054]},"63s":{"weight":1.0,"played":[1.0,0.0],"evs":[0.0,-6.71766]},"64s":{"weight":1.0,"played":[1.0,0.0],"evs":[0.0,-5.85332]},"65s":{"weight":1.0,"played":[1.0,0.0],"evs":[0.0,-4.63294]},"66":{"weight":1.0,"played":[1.0E-4,0.9999],"evs":[0.0,2.05525]},"76o":{"weight":1.0,"played":[1.0,0.0],"evs":[0.0,-6.01202]},"86o":{"weight":1.0,"played":[1.0,0.0],"evs":[0.0,-6.24143]},"96o":{"weight":1.0,"played":[1.0,0.0],"evs":[0.0,-6.76615]},"T6o":{"weight":1.0,"played":[1.0,0.0],"evs":[0.0,-6.93988]},"J6o":{"weight":1.0,"played":[1.0,0.0],"evs":[0.0,-7.31036]},"Q6o":{"weight":1.0,"played":[1.0,0.0],"evs":[0.0,-7.00277]},"K6o":{"weight":1.0,"played":[1.0,0.0],"evs":[0.0,-6.5818]},"A6o":{"weight":1.0,"played":[1.0,0.0],"evs":[0.0,-5.31786]},"72s":{"weight":1.0,"played":[1.0,0.0],"evs":[0.0,-8.15695]},"73s":{"weight":1.0,"played":[1.0,0.0],"evs":[0.0,-7.3011]},"74s":{"weight":1.0,"played":[1.0,0.0],"evs":[0.0,-5.8915]},"75s":{"weight":1.0,"played":[1.0,0.0],"evs":[0.0,-4.88786]},"76s":{"weight":1.0,"played":[1.0,0.0],"evs":[0.0,-3.94035]},"77":{"weight":1.0,"played":[0.0,1.0],"evs":[0.0,3.28669]},"87o":{"weight":1.0,"played":[1.0,0.0],"evs":[0.0,-5.41543]},"97o":{"weight":1.0,"played":[1.0,0.0],"evs":[0.0,-5.98892]},"T7o":{"weight":1.0,"played":[1.0,0.0],"evs":[0.0,-6.09004]},"J7o":{"weight":1.0,"played":[1.0,0.0],"evs":[0.0,-6.47998]},"Q7o":{"weight":1.0,"played":[1.0,0.0],"evs":[0.0,-6.86055]},"K7o":{"weight":1.0,"played":[1.0,0.0],"evs":[0.0,-6.16351]},"A7o":{"weight":1.0,"played":[1.0,0.0],"evs":[0.0,-4.59754]},"82s":{"weight":1.0,"played":[1.0,0.0],"evs":[0.0,-7.69808]},"83s":{"weight":1.0,"played":[1.0,0.0],"evs":[0.0,-7.58938]},"84s":{"weight":1.0,"played":[1.0,0.0],"evs":[0.0,-6.37461]},"85s":{"weight":1.0,"played":[1.0,0.0],"evs":[0.0,-5.4791]},"86s":{"weight":1.0,"played":[1.0,0.0],"evs":[0.0,-4.20979]},"87s":{"weight":1.0,"played":[1.0,0.0],"evs":[0.0,-3.53341]},"88":{"weight":1.0,"played":[0.0,1.0],"evs":[0.0,5.07546]},"98o":{"weight":1.0,"played":[1.0,0.0],"evs":[0.0,-5.06271]},"T8o":{"weight":1.0,"played":[1.0,0.0],"evs":[0.0,-5.16872]},"J8o":{"weight":1.0,"played":[1.0,0.0],"evs":[0.0,-5.61127]},"Q8o":{"weight":1.0,"played":[1.0,0.0],"evs":[0.0,-5.981]},"K8o":{"weight":1.0,"played":[1.0,0.0],"evs":[0.0,-6.10281]},"A8o":{"weight":1.0,"played":[1.0,0.0],"evs":[0.0,-3.82606]},"92s":{"weight":1.0,"played":[1.0,0.0],"evs":[0.0,-7.6998]},"93s":{"weight":1.0,"played":[1.0,0.0],"evs":[0.0,-7.26445]},"94s":{"weight":1.0,"played":[1.0,0.0],"evs":[0.0,-6.8234]},"95s":{"weight":1.0,"played":[1.0,0.0],"evs":[0.0,-5.8658]},"96s":{"weight":1.0,"played":[1.0,0.0],"evs":[0.0,-4.61721]},"97s":{"weight":1.0,"played":[1.0,0.0],"evs":[0.0,-3.89001]},"98s":{"weight":1.0,"played":[1.0,0.0],"evs":[0.0,-3.14371]},"99":{"weight":1.0,"played":[0.0,1.0],"evs":[0.0,7.10983]},"T9o":{"weight":1.0,"played":[1.0,0.0],"evs":[0.0,-4.42424]},"J9o":{"weight":1.0,"played":[1.0,0.0],"evs":[0.0,-4.95693]},"Q9o":{"weight":1.0,"played":[1.0,0.0],"evs":[0.0,-5.34602]},"K9o":{"weight":1.0,"played":[1.0,0.0],"evs":[0.0,-5.31048]},"A9o":{"weight":1.0,"played":[1.0,0.0],"evs":[0.0,-2.53531]},"T2s":{"weight":1.0,"played":[1.0,0.0],"evs":[0.0,-7.0477]},"T3s":{"weight":1.0,"played":[1.0,0.0],"evs":[0.0,-6.59396]},"T4s":{"weight":1.0,"played":[1.0,0.0],"evs":[0.0,-6.306]},"T5s":{"weight":1.0,"played":[1.0,0.0],"evs":[0.0,-5.78181]},"T6s":{"weight":1.0,"played":[1.0,0.0],"evs":[0.0,-4.85393]},"T7s":{"weight":1.0,"played":[1.0,0.0],"evs":[0.0,-3.98697]},"T8s":{"weight":1.0,"played":[1.0,0.0],"evs":[0.0,-3.13136]},"T9s":{"weight":1.0,"played":[1.0,0.0],"evs":[0.0,-2.64548]},"TT":{"weight":1.0,"played":[0.0,1.0],"evs":[0.0,9.69275]},"JTo":{"weight":1.0,"played":[1.0,0.0],"evs":[0.0,-3.58681]},"QTo":{"weight":1.0,"played":[1.0,0.0],"evs":[0.0,-3.89807]},"KTo":{"weight":1.0,"played":[1.0,0.0],"evs":[0.0,-3.69629]},"ATo":{"weight":1.0,"played":[0.9932,0.0068],"evs":[0.0,-0.04309]},"J2s":{"weight":1.0,"played":[1.0,0.0],"evs":[0.0,-7.13883]},"J3s":{"weight":1.0,"played":[1.0,0.0],"evs":[0.0,-6.59024]},"J4s":{"weight":1.0,"played":[1.0,0.0],"evs":[0.0,-6.13753]},"J5s":{"weight":1.0,"played":[1.0,0.0],"evs":[0.0,-5.69667]},"J6s":{"weight":1.0,"played":[1.0,0.0],"evs":[0.0,-5.41705]},"J7s":{"weight":1.0,"played":[1.0,0.0],"evs":[0.0,-4.65374]},"J8s":{"weight":1.0,"played":[1.0,0.0],"evs":[0.0,-3.78032]},"J9s":{"weight":1.0,"played":[1.0,0.0],"evs":[0.0,-3.16072]},"JTs":{"weight":1.0,"played":[1.0,0.0],"evs":[0.0,-1.86939]},"JJ":{"weight":1.0,"played":[0.0,1.0],"evs":[0.0,12.01051]},"QJo":{"weight":1.0,"played":[1.0,0.0],"evs":[0.0,-3.38557]},"KJo":{"weight":1.0,"played":[1.0,0.0],"evs":[0.0,-2.96686]},"AJo":{"weight":1.0,"played":[0.0,1.0],"evs":[0.0,1.59218]},"Q2s":{"weight":1.0,"played":[1.0,0.0],"evs":[0.0,-6.95948]},"Q3s":{"weight":1.0,"played":[1.0,0.0],"evs":[0.0,-6.14629]},"Q4s":{"weight":1.0,"played":[1.0,0.0],"evs":[0.0,-5.78812]},"Q5s":{"weight":1.0,"played":[1.0,0.0],"evs":[0.0,-5.3786]},"Q6s":{"weight":1.0,"played":[1.0,0.0],"evs":[0.0,-4.72956]},"Q7s":{"weight":1.0,"played":[1.0,0.0],"evs":[0.0,-4.67618]},"Q8s":{"weight":1.0,"played":[1.0,0.0],"evs":[0.0,-4.04724]},"Q9s":{"weight":1.0,"played":[1.0,0.0],"evs":[0.0,-3.30083]},"QTs":{"weight":1.0,"played":[1.0,0.0],"evs":[0.0,-1.99747]},"QJs":{"weight":1.0,"played":[1.0,0.0],"evs":[0.0,-1.82804]},"QQ":{"weight":1.0,"played":[0.0,1.0],"evs":[0.0,14.65466]},"KQo":{"weight":1.0,"played":[1.0,0.0],"evs":[0.0,-1.6134]},"AQo":{"weight":1.0,"played":[0.0,1.0],"evs":[0.0,3.79023]},"K2s":{"weight":1.0,"played":[1.0,0.0],"evs":[0.0,-6.13747]},"K3s":{"weight":1.0,"played":[1.0,0.0],"evs":[0.0,-5.92866]},"K4s":{"weight":1.0,"played":[1.0,0.0],"evs":[0.0,-5.25084]},"K5s":{"weight":1.0,"played":[1.0,0.0],"evs":[0.0,-4.75355]},"K6s":{"weight":1.0,"played":[1.0,0.0],"evs":[0.0,-4.36611]},"K7s":{"weight":1.0,"played":[1.0,0.0],"evs":[0.0,-4.37749]},"K8s":{"weight":1.0,"played":[1.0,0.0],"evs":[0.0,-3.77293]},"K9s":{"weight":1.0,"played":[1.0,0.0],"evs":[0.0,-3.20678]},"KTs":{"weight":1.0,"played":[1.0,0.0],"evs":[0.0,-1.83459]},"KJs":{"weight":1.0,"played":[0.9971,0.0029],"evs":[0.0,-1.02606]},"KQs":{"weight":1.0,"played":[0.0097,0.9903],"evs":[0.0,0.29361]},"KK":{"weight":1.0,"played":[0.0,1.0],"evs":[0.0,16.98167]},"AKo":{"weight":1.0,"played":[0.0,1.0],"evs":[0.0,5.78607]},"A2s":{"weight":1.0,"played":[1.0,0.0],"evs":[0.0,-4.84017]},"A3s":{"weight":1.0,"played":[1.0,0.0],"evs":[0.0,-4.3176]},"A4s":{"weight":1.0,"played":[1.0,0.0],"evs":[0.0,-3.8397]},"A5s":{"weight":1.0,"played":[1.0,0.0],"evs":[0.0,-3.2496]},"A6s":{"weight":1.0,"played":[1.0,0.0],"evs":[0.0,-3.45112]},"A7s":{"weight":1.0,"played":[1.0,0.0],"evs":[0.0,-2.52897]},"A8s":{"weight":1.0,"played":[1.0,0.0],"evs":[0.0,-1.96242]},"A9s":{"weight":1.0,"played":[1.0,0.0],"evs":[0.0,-0.80491]},"ATs":{"weight":1.0,"played":[1.0E-4,0.9999],"evs":[0.0,1.64889]},"AJs":{"weight":1.0,"played":[0.0,1.0],"evs":[0.0,3.41153]},"AQs":{"weight":1.0,"played":[0.0,1.0],"evs":[0.0,5.12028]},"AKs":{"weight":1.0,"played":[0.0,1.0],"evs":[0.0,6.92709]},"AA":{"weight":1.0,"played":[0.0,1.0],"evs":[0.0,22.41813]}}}