{"player":1,"street":0,"children":3,"sequence":[{"player":0,"type":"F","amount":0,"street":0}],"actions":[{"type":"F","amount":0},{"type":"C","amount":1600000},{"type":"R","amount":9120000,"node":2}],"hands":{"22":{"weight":1.0,"played":[0.0,0.0158,0.9842],"evs":[0.0,0.4879,0.49113]},"32o":{"weight":1.0,"played":[1.0,0.0,0.0],"evs":[0.0,-0.56484,-1.18467]},"42o":{"weight":1.0,"played":[1.0,0.0,0.0],"evs":[0.0,-0.54844,-1.10319]},"52o":{"weight":1.0,"played":[1.0,0.0,0.0],"evs":[0.0,-0.5275,-1.01186]},"62o":{"weight":1.0,"played":[1.0,0.0,0.0],"evs":[0.0,-0.52695,-1.02515]},"72o":{"weight":1.0,"played":[1.0,0.0,0.0],"evs":[0.0,-0.50488,-0.97373]},"82o":{"weight":1.0,"played":[1.0,0.0,0.0],"evs":[0.0,-0.45866,-0.77228]},"92o":{"weight":1.0,"played":[1.0,0.0,0.0],"evs":[0.0,-0.43807,-0.55788]},"T2o":{"weight":1.0,"played":[1.0,0.0,0.0],"evs":[0.0,-0.29403,-0.30792]},"J2o":{"weight":1.0,"played":[1.0,0.0,0.0],"evs":[0.0,-0.05679,-0.05779]},"Q2o":{"weight":1.0,"played":[0.0,0.0,1.0],"evs":[0.0,0.20835,0.21822]},"K2o":{"weight":1.0,"played":[0.0,0.0,1.0],"evs":[0.0,0.52331,0.54261]},"A2o":{"weight":1.0,"played":[0.0,0.0,1.0],"evs":[0.0,0.93799,0.96593]},"32s":{"weight":1.0,"played":[1.0,0.0,0.0],"evs":[0.0,-0.53691,-0.84054]},"33":{"weight":1.0,"played":[0.0,0.0,1.0],"evs":[0.0,0.76051,0.79007]},"43o":{"weight":1.0,"played":[1.0,0.0,0.0],"evs":[0.0,-0.51022,-0.92678]},"53o":{"weight":1.0,"played":[1.0,0.0,0.0],"evs":[0.0,-0.48549,-0.83001]},"63o":{"weight":1.0,"played":[1.0,0.0,0.0],"evs":[0.0,-0.4856,-0.85019]},"73o":{"weight":1.0,"played":[1.0,0.0,0.0],"evs":[0.0,-0.46522,-0.79317]},"83o":{"weight":1.0,"played":[1.0,0.0,0.0],"evs":[0.0,-0.43794,-0.71585]},"93o":{"weight":1.0,"played":[1.0,0.0,0.0],"evs":[0.0,-0.41068,-0.47026]},"T3o":{"weight":1.0,"played":[1.0,0.0,0.0],"evs":[0.0,-0.21662,-0.21634]},"J3o":{"weight":1.0,"played":[5.0E-4,0.0,0.9995],"evs":[0.0,0.0199,0.02572]},"Q3o":{"weight":1.0,"played":[0.0,0.0,1.0],"evs":[0.0,0.28866,0.30264]},"K3o":{"weight":1.0,"played":[0.0,0.0,1.0],"evs":[0.0,0.6076,0.62799]},"A3o":{"weight":1.0,"played":[0.0,0.0,1.0],"evs":[0.0,1.01889,1.04828]},"42s":{"weight":1.0,"played":[1.0,0.0,0.0],"evs":[0.0,-0.52357,-0.76314]},"43s":{"weight":1.0,"played":[1.0,0.0,0.0],"evs":[0.0,-0.44742,-0.59293]},"44":{"weight":1.0,"played":[0.0,0.0,1.0],"evs":[0.0,1.03689,1.0877]},"54o":{"weight":1.0,"played":[1.0,0.0,0.0],"evs":[0.0,-0.45539,-0.6464]},"64o":{"weight":1.0,"played":[1.0,0.0,0.0],"evs":[0.0,-0.45567,-0.66861]},"74o":{"weight":1.0,"played":[1.0,0.0,0.0],"evs":[0.0,-0.43673,-0.6164]},"84o":{"weight":1.0,"played":[1.0,0.0,0.0],"evs":[0.0,-0.403,-0.52601]},"94o":{"weight":1.0,"played":[1.0,0.0,0.0],"evs":[0.0,-0.39997,-0.41902]},"T4o":{"weight":1.0,"played":[1.0,0.0,0.0],"evs":[0.0,-0.14795,-0.14107]},"J4o":{"weight":1.0,"played":[0.0,0.0,1.0],"evs":[0.0,0.09684,0.11011]},"Q4o":{"weight":1.0,"played":[0.0,0.0,1.0],"evs":[0.0,0.35387,0.37182]},"K4o":{"weight":1.0,"played":[0.0,0.0,1.0],"evs":[0.0,0.682,0.70461]},"A4o":{"weight":1.0,"played":[0.0,0.0,1.0],"evs":[0.0,1.0941,1.12887]},"52s":{"weight":1.0,"played":[1.0,0.0,0.0],"evs":[0.0,-0.50114,-0.66976]},"53s":{"weight":1.0,"played":[1.0,0.0,0.0],"evs":[0.0,-0.37598,-0.49844]},"54s":{"weight":1.0,"played":[1.0,0.0,0.0],"evs":[0.0,-0.2261,-0.33703]},"55":{"weight":1.0,"played":[0.0,0.0,1.0],"evs":[0.0,1.31907,1.38997]},"65o":{"weight":1.0,"played":[1.0,0.0,0.0],"evs":[0.0,-0.42924,-0.49688]},"75o":{"weight":1.0,"played":[1.0,0.0,0.0],"evs":[0.0,-0.40321,-0.44413]},"85o":{"weight":1.0,"played":[1.0,0.0,0.0],"evs":[0.0,-0.36056,-0.35538]},"95o":{"weight":1.0,"played":[1.0,0.0,0.0],"evs":[0.0,-0.23955,-0.2326]},"T5o":{"weight":1.0,"played":[1.0,0.0,0.0],"evs":[0.0,-0.0885,-0.07602]},"J5o":{"weight":1.0,"played":[0.0,0.0,1.0],"evs":[0.0,0.17582,0.19407]},"Q5o":{"weight":1.0,"played":[0.0,0.0,1.0],"evs":[0.0,0.44979,0.473]},"K5o":{"weight":1.0,"played":[0.0,0.0,1.0],"evs":[0.0,0.76789,0.79609]},"A5o":{"weight":1.0,"played":[0.0,0.0,1.0],"evs":[0.0,1.17301,1.21085]},"62s":{"weight":1.0,"played":[1.0,0.0,0.0],"evs":[0.0,-0.49428,-0.69566]},"63s":{"weight":1.0,"played":[1.0,0.0,0.0],"evs":[0.0,-0.45482,-0.52826]},"64s":{"weight":1.0,"played":[1.0,0.0,0.0],"evs":[0.0,-0.29614,-0.36221]},"65s":{"weight":1.0,"played":[1.0,0.0,0.0],"evs":[0.0,-0.15125,-0.20734]},"66":{"weight":1.0,"played":[0.0,0.0,1.0],"evs":[0.0,1.57345,1.65876]},"76o":{"weight":1.0,"played":[1.0,0.0,0.0],"evs":[0.0,-0.27543,-0.27022]},"86o":{"weight":1.0,"played":[1.0,0.0,0.0],"evs":[0.0,-0.19819,-0.18614]},"96o":{"weight":1.0,"played":[1.0,0.0,0.0],"evs":[0.0,-0.07785,-0.06604]},"T6o":{"weight":1.0,"played":[0.0,0.0,1.0],"evs":[0.0,0.071,0.08676]},"J6o":{"weight":1.0,"played":[0.0,0.0,1.0],"evs":[0.0,0.24378,0.26197]},"Q6o":{"weight":1.0,"played":[0.0,0.0,1.0],"evs":[0.0,0.53053,0.55661]},"K6o":{"weight":1.0,"played":[0.0,0.0,1.0],"evs":[0.0,0.84513,0.87585]},"A6o":{"weight":1.0,"played":[0.0,0.0,1.0],"evs":[0.0,1.17725,1.21373]},"72s":{"weight":1.0,"played":[1.0,0.0,0.0],"evs":[0.0,-0.47617,-0.64651]},"73s":{"weight":1.0,"played":[1.0,0.0,0.0],"evs":[0.0,-0.43368,-0.47137]},"74s":{"weight":1.0,"played":[1.0,0.0,0.0],"evs":[0.0,-0.29874,-0.31124]},"75s":{"weight":1.0,"played":[1.0,0.0,0.0],"evs":[0.0,-0.15008,-0.14917]},"76s":{"weight":1.0,"played":[0.0285,0.0286,0.943],"evs":[0.0,1.0E-5,0.01736]},"77":{"weight":1.0,"played":[0.0,0.0,1.0],"evs":[0.0,1.84156,1.93796]},"87o":{"weight":1.0,"played":[0.9999,0.0,0.0],"evs":[0.0,-0.03795,-0.02374]},"97o":{"weight":1.0,"played":[0.0,0.0,1.0],"evs":[0.0,0.08953,0.10253]},"T7o":{"weight":1.0,"played":[0.0,0.0,1.0],"evs":[0.0,0.24813,0.2645]},"J7o":{"weight":1.0,"played":[0.0,0.0,1.0],"evs":[0.0,0.39947,0.41837]},"Q7o":{"weight":1.0,"played":[0.0,0.0,1.0],"evs":[0.0,0.60106,0.62435]},"K7o":{"weight":1.0,"played":[0.0,0.0,1.0],"evs":[0.0,0.9328,0.96434]},"A7o":{"weight":1.0,"played":[0.0,0.0,1.0],"evs":[0.0,1.27612,1.31667]},"82s":{"weight":1.0,"played":[1.0,0.0,0.0],"evs":[0.0,-0.42067,-0.44265]},"83s":{"weight":1.0,"played":[1.0,0.0,0.0],"evs":[0.0,-0.38807,-0.39184]},"84s":{"weight":1.0,"played":[1.0,0.0,0.0],"evs":[0.0,-0.23269,-0.2263]},"85s":{"weight":1.0,"played":[0.9999,1.0E-4,1.0E-4],"evs":[0.0,-0.07139,-0.05693]},"86s":{"weight":1.0,"played":[0.0,0.0,1.0],"evs":[0.0,0.07131,0.09109]},"87s":{"weight":1.0,"played":[0.0,0.0,1.0],"evs":[0.0,0.23147,0.25606]},"88":{"weight":1.0,"played":[0.0,0.0,1.0],"evs":[0.0,2.09873,2.20813]},"98o":{"weight":1.0,"played":[0.0,0.0,1.0],"evs":[0.0,0.25939,0.27054]},"T8o":{"weight":1.0,"played":[0.0,0.0,1.0],"evs":[0.0,0.41429,0.4293]},"J8o":{"weight":1.0,"played":[0.0,0.0,1.0],"evs":[0.0,0.57643,0.59]},"Q8o":{"weight":1.0,"played":[0.0,0.0,1.0],"evs":[0.0,0.77663,0.79468]},"K8o":{"weight":1.0,"played":[0.0,0.0,1.0],"evs":[0.0,1.01697,1.04185]},"A8o":{"weight":1.0,"played":[0.0,0.0,1.0],"evs":[0.0,1.38938,1.42666]},"92s":{"weight":1.0,"played":[1.0,0.0,0.0],"evs":[0.0,-0.2328,-0.24359]},"93s":{"weight":1.0,"played":[1.0,0.0,0.0],"evs":[0.0,-0.16631,-0.16411]},"94s":{"weight":1.0,"played":[1.0,0.0,0.0],"evs":[0.0,-0.12764,-0.12128]},"95s":{"weight":1.0,"played":[2.0E-4,2.0E-4,0.9996],"evs":[0.0,0.03776,0.05396]},"96s":{"weight":1.0,"played":[0.0,0.0,1.0],"evs":[0.0,0.19441,0.21411]},"97s":{"weight":1.0,"played":[0.0,0.0,1.0],"evs":[0.0,0.33653,0.3603]},"98s":{"weight":1.0,"played":[0.0,0.0,1.0],"evs":[0.0,0.51078,0.5323]},"99":{"weight":1.0,"played":[0.0,0.0,1.0],"evs":[0.0,2.35955,2.47308]},"T9o":{"weight":1.0,"played":[0.0,0.0,1.0],"evs":[0.0,0.58599,0.60234]},"J9o":{"weight":1.0,"played":[0.0,0.0,1.0],"evs":[0.0,0.74734,0.76371]},"Q9o":{"weight":1.0,"played":[0.0,0.0,1.0],"evs":[0.0,0.94027,0.95906]},"K9o":{"weight":1.0,"played":[0.0,0.0,1.0],"evs":[0.0,1.18301,1.21285]},"A9o":{"weight":1.0,"played":[0.0,0.0,1.0],"evs":[0.0,1.46755,1.50379]},"T2s":{"weight":1.0,"played":[0.9801,0.0023,0.0176],"evs":[0.0,-0.00478,-0.00456]},"T3s":{"weight":1.0,"played":[0.0,0.0,1.0],"evs":[0.0,0.05768,0.06862]},"T4s":{"weight":1.0,"played":[0.0,0.0,1.0],"evs":[0.0,0.11778,0.13065]},"T5s":{"weight":1.0,"played":[0.0,0.0,1.0],"evs":[0.0,0.17997,0.19965]},"T6s":{"weight":1.0,"played":[0.0,0.0,1.0],"evs":[0.0,0.34573,0.37154]},"T7s":{"weight":1.0,"played":[0.0,0.0,1.0],"evs":[0.0,0.49024,0.5162]},"T8s":{"weight":1.0,"played":[0.0,0.0,1.0],"evs":[0.0,0.63911,0.66228]},"T9s":{"weight":1.0,"played":[0.0,0.0,1.0],"evs":[0.0,0.80567,0.82991]},"TT":{"weight":1.0,"played":[0.0,0.0,1.0],"evs":[0.0,2.64569,2.76339]},"JTo":{"weight":1.0,"played":[0.0,0.0,1.0],"evs":[0.0,0.93635,0.95625]},"QTo":{"weight":1.0,"played":[0.0,0.0,1.0],"evs":[0.0,1.12223,1.14613]},"KTo":{"weight":1.0,"played":[0.0,0.0,1.0],"evs":[0.0,1.36603,1.3994]},"ATo":{"weight":1.0,"played":[0.0,0.0,1.0],"evs":[0.0,1.6546,1.69418]},"J2s":{"weight":1.0,"played":[0.0,0.0,1.0],"evs":[0.0,0.20931,0.21712]},"J3s":{"weight":1.0,"played":[0.0,0.0,1.0],"evs":[0.0,0.27709,0.29315]},"J4s":{"weight":1.0,"played":[0.0,0.0,1.0],"evs":[0.0,0.36272,0.3835]},"J5s":{"weight":1.0,"played":[0.0,0.0,1.0],"evs":[0.0,0.42307,0.44947]},"J6s":{"weight":1.0,"played":[0.0,0.0,1.0],"evs":[0.0,0.49751,0.52231]},"J7s":{"weight":1.0,"played":[0.0,0.0,1.0],"evs":[0.0,0.63957,0.66545]},"J8s":{"weight":1.0,"played":[0.0,0.0,1.0],"evs":[0.0,0.79859,0.82363]},"J9s":{"weight":1.0,"played":[0.0,0.0,1.0],"evs":[0.0,0.95719,0.9848]},"JTs":{"weight":1.0,"played":[0.0,0.0,1.0],"evs":[0.0,1.12671,1.15829]},"JJ":{"weight":1.0,"played":[0.0,0.0,1.0],"evs":[0.0,2.87446,2.99262]},"QJo":{"weight":1.0,"played":[0.0,0.0,1.0],"evs":[0.0,1.20545,1.22727]},"KJo":{"weight":1.0,"played":[0.0,0.0,1.0],"evs":[0.0,1.43714,1.4694]},"AJo":{"weight":1.0,"played":[0.0,0.0,1.0],"evs":[0.0,1.73561,1.77281]},"Q2s":{"weight":1.0,"played":[0.0,0.0,1.0],"evs":[0.0,0.46381,0.48288]},"Q3s":{"weight":1.0,"played":[0.0,0.0,1.0],"evs":[0.0,0.53116,0.55368]},"Q4s":{"weight":1.0,"played":[0.0,0.0,1.0],"evs":[0.0,0.62276,0.65073]},"Q5s":{"weight":1.0,"played":[0.0,0.0,1.0],"evs":[0.0,0.68338,0.7152]},"Q6s":{"weight":1.0,"played":[0.0,0.0,1.0],"evs":[0.0,0.7543,0.79065]},"Q7s":{"weight":1.0,"played":[0.0,0.0,1.0],"evs":[0.0,0.81641,0.84567]},"Q8s":{"weight":1.0,"played":[0.0,0.0,1.0],"evs":[0.0,0.9887,1.01952]},"Q9s":{"weight":1.0,"played":[0.0,0.0,1.0],"evs":[0.0,1.13762,1.16854]},"QTs":{"weight":1.0,"played":[0.0,0.0,1.0],"evs":[0.0,1.32893,1.36043]},"QJs":{"weight":1.0,"played":[0.0,0.0,1.0],"evs":[0.0,1.39388,1.4248]},"QQ":{"weight":1.0,"played":[0.0,0.0,1.0],"evs":[0.0,3.10775,3.22698]},"KQo":{"weight":1.0,"played":[0.0,0.0,1.0],"evs":[0.0,1.52118,1.55429]},"AQo":{"weight":1.0,"played":[0.0,0.0,1.0],"evs":[0.0,1.81588,1.85258]},"K2s":{"weight":1.0,"played":[0.0,0.0,1.0],"evs":[0.0,0.75699,0.78151]},"K3s":{"weight":1.0,"played":[0.0,0.0,1.0],"evs":[0.0,0.83847,0.86662]},"K4s":{"weight":1.0,"played":[0.0,0.0,1.0],"evs":[0.0,0.91673,0.94704]},"K5s":{"weight":1.0,"played":[0.0,0.0,1.0],"evs":[0.0,0.97811,1.01079]},"K6s":{"weight":1.0,"played":[0.0,0.0,1.0],"evs":[0.0,1.04366,1.08235]},"K7s":{"weight":1.0,"played":[0.0,0.0,1.0],"evs":[0.0,1.14014,1.18038]},"K8s":{"weight":1.0,"played":[0.0,0.0,1.0],"evs":[0.0,1.2164,1.25134]},"K9s":{"weight":1.0,"played":[0.0,0.0,1.0],"evs":[0.0,1.37405,1.41161]},"KTs":{"weight":1.0,"played":[0.0,0.0,1.0],"evs":[0.0,1.54871,1.58593]},"KJs":{"weight":1.0,"played":[0.0,0.0,1.0],"evs":[0.0,1.63524,1.67405]},"KQs":{"weight":1.0,"played":[0.0,0.0,1.0],"evs":[0.0,1.70111,1.74362]},"KK":{"weight":1.0,"played":[0.0,0.0,1.0],"evs":[0.0,3.35399,3.47169]},"AKo":{"weight":1.0,"played":[0.0,0.0,1.0],"evs":[0.0,1.91304,1.95407]},"A2s":{"weight":1.0,"played":[0.0,0.0,1.0],"evs":[0.0,1.15555,1.18858]},"A3s":{"weight":1.0,"played":[0.0,0.0,1.0],"evs":[0.0,1.23116,1.26927]},"A4s":{"weight":1.0,"played":[0.0,0.0,1.0],"evs":[0.0,1.29913,1.33874]},"A5s":{"weight":1.0,"played":[0.0,0.0,1.0],"evs":[0.0,1.37732,1.41889]},"A6s":{"weight":1.0,"played":[0.0,0.0,1.0],"evs":[0.0,1.379,1.42172]},"A7s":{"weight":1.0,"played":[0.0,0.0,1.0],"evs":[0.0,1.47549,1.52072]},"A8s":{"weight":1.0,"played":[0.0,0.0,1.0],"evs":[0.0,1.56006,1.60382]},"A9s":{"weight":1.0,"played":[0.0,0.0,1.0],"evs":[0.0,1.64998,1.69087]},"ATs":{"weight":1.0,"played":[0.0,0.0,1.0],"evs":[0.0,1.81646,1.86448]},"AJs":{"weight":1.0,"played":[0.0,0.0,1.0],"evs":[0.0,1.89145,1.93538]},"AQs":{"weight":1.0,"played":[0.0,0.0,1.0],"evs":[0.0,1.97369,2.01878]},"AKs":{"weight":1.0,"played":[0.0,0.0,1.0],"evs":[0.0,2.067,2.11289]},"AA":{"weight":1.0,"played":[0.0,0.0,1.0],"evs":[0.0,3.62927,3.7541]}}}