{"player":2,"street":0,"children":2,"sequence":[{"player":0,"type":"F","amount":0,"street":0},{"player":1,"type":"F","amount":0,"street":0},{"player":2,"type":"R","amount":200000,"street":0},{"player":3,"type":"R","amount":1785000,"street":0},{"player":4,"type":"F","amount":0,"street":0}],"actions":[{"type":"F","amount":0},{"type":"C","amount":1585000}],"hands":{"22":{"weight":0.0,"played":[0.0,1.0],"evs":[0.0,3.243]},"32o":{"weight":0.0,"played":[1.0,0.0],"evs":[0.0,-6.29324]},"42o":{"weight":0.0,"played":[1.0,0.0],"evs":[0.0,-5.84039]},"52o":{"weight":0.0,"played":[1.0,0.0],"evs":[0.0,-5.36612]},"62o":{"weight":0.0,"played":[1.0,0.0],"evs":[0.0,-5.86311]},"72o":{"weight":0.0,"played":[1.0,0.0],"evs":[0.0,-6.58341]},"82o":{"weight":0.0,"played":[1.0,0.0],"evs":[0.0,-6.12763]},"92o":{"weight":0.0,"played":[1.0,0.0],"evs":[0.0,-5.79577]},"T2o":{"weight":0.0,"played":[1.0,0.0],"evs":[0.0,-5.49037]},"J2o":{"weight":0.0,"played":[1.0,0.0],"evs":[0.0,-5.47536]},"Q2o":{"weight":0.0,"played":[1.0,0.0],"evs":[0.0,-5.06507]},"K2o":{"weight":0.0,"played":[1.0,0.0],"evs":[0.0,-4.18237]},"A2o":{"weight":0.0,"played":[1.0,0.0],"evs":[0.0,-0.89483]},"32s":{"weight":0.0,"played":[1.0,0.0],"evs":[0.0,-4.07322]},"33":{"weight":0.0,"played":[0.0,1.0],"evs":[0.0,4.26515]},"43o":{"weight":0.0,"played":[1.0,0.0],"evs":[0.0,-4.91783]},"53o":{"weight":0.0,"played":[1.0,0.0],"evs":[0.0,-4.43815]},"63o":{"weight":0.0,"played":[1.0,0.0],"evs":[0.0,-4.92975]},"73o":{"weight":0.0,"played":[1.0,0.0],"evs":[0.0,-5.65423]},"83o":{"weight":0.0,"played":[1.0,0.0],"evs":[0.0,-5.99471]},"93o":{"weight":0.0,"played":[1.0,0.0],"evs":[0.0,-5.47565]},"T3o":{"weight":0.0,"played":[1.0,0.0],"evs":[0.0,-5.20189]},"J3o":{"weight":0.0,"played":[1.0,0.0],"evs":[0.0,-5.14806]},"Q3o":{"weight":0.0,"played":[1.0,0.0],"evs":[0.0,-4.76037]},"K3o":{"weight":0.0,"played":[1.0,0.0],"evs":[0.0,-3.8807]},"A3o":{"weight":0.0,"played":[1.0,0.0],"evs":[0.0,-0.44732]},"42s":{"weight":0.0,"played":[1.0,0.0],"evs":[0.0,-3.69144]},"43s":{"weight":0.0,"played":[1.0,0.0],"evs":[0.0,-2.75021]},"44":{"weight":0.0,"played":[0.0,1.0],"evs":[0.0,5.76069]},"54o":{"weight":0.0,"played":[1.0,0.0],"evs":[0.0,-3.3645]},"64o":{"weight":0.0,"played":[1.0,0.0],"evs":[0.0,-3.95914]},"74o":{"weight":0.0,"played":[1.0,0.0],"evs":[0.0,-4.62209]},"84o":{"weight":0.0,"played":[1.0,0.0],"evs":[0.0,-4.99299]},"94o":{"weight":0.0,"played":[1.0,0.0],"evs":[0.0,-5.27381]},"T4o":{"weight":0.0,"played":[1.0,0.0],"evs":[0.0,-4.74193]},"J4o":{"weight":0.0,"played":[1.0,0.0],"evs":[0.0,-4.80805]},"Q4o":{"weight":0.0,"played":[1.0,0.0],"evs":[0.0,-4.36098]},"K4o":{"weight":0.0,"played":[1.0,0.0],"evs":[0.0,-3.47505]},"A4o":{"weight":0.0,"played":[0.9982,0.0018],"evs":[0.0,-0.01273]},"52s":{"weight":0.0,"played":[1.0,0.0],"evs":[0.0,-3.14601]},"53s":{"weight":0.0,"played":[1.0,0.0],"evs":[0.0,-2.37353]},"54s":{"weight":0.9994,"played":[1.0,0.0],"evs":[0.0,-1.43545]},"55":{"weight":0.0805,"played":[0.0,1.0],"evs":[0.0,7.10877]},"65o":{"weight":0.0,"played":[1.0,0.0],"evs":[0.0,-2.84584]},"75o":{"weight":0.0,"played":[1.0,0.0],"evs":[0.0,-3.5397]},"85o":{"weight":0.0,"played":[1.0,0.0],"evs":[0.0,-3.84815]},"95o":{"weight":0.0,"played":[1.0,0.0],"evs":[0.0,-4.08294]},"T5o":{"weight":0.0,"played":[1.0,0.0],"evs":[0.0,-4.39612]},"J5o":{"weight":0.0,"played":[1.0,0.0],"evs":[0.0,-4.23679]},"Q5o":{"weight":0.0,"played":[1.0,0.0],"evs":[0.0,-3.83498]},"K5o":{"weight":0.0,"played":[1.0,0.0],"evs":[0.0,-2.93981]},"A5o":{"weight":0.0,"played":[0.0,1.0],"evs":[0.0,0.82935]},"62s":{"weight":0.0,"played":[1.0,0.0],"evs":[0.0,-3.62644]},"63s":{"weight":0.0,"played":[1.0,0.0],"evs":[0.0,-2.90015]},"64s":{"weight":0.0,"played":[1.0,0.0],"evs":[0.0,-1.85419]},"65s":{"weight":0.9041,"played":[1.0,0.0],"evs":[0.0,-0.84567]},"66":{"weight":0.2468,"played":[0.0,1.0],"evs":[0.0,7.57811]},"76o":{"weight":0.0,"played":[1.0,0.0],"evs":[0.0,-2.50604]},"86o":{"weight":0.0,"played":[1.0,0.0],"evs":[0.0,-2.79243]},"96o":{"weight":0.0,"played":[1.0,0.0],"evs":[0.0,-3.07639]},"T6o":{"weight":0.0,"played":[1.0,0.0],"evs":[0.0,-3.38927]},"J6o":{"weight":0.0,"played":[1.0,0.0],"evs":[0.0,-3.86244]},"Q6o":{"weight":0.0,"played":[1.0,0.0],"evs":[0.0,-3.38813]},"K6o":{"weight":0.3294,"played":[1.0,0.0],"evs":[0.0,-2.50694]},"A6o":{"weight":0.0,"played":[0.0,1.0],"evs":[0.0,0.91041]},"72s":{"weight":0.0,"played":[1.0,0.0],"evs":[0.0,-4.25586]},"73s":{"weight":0.0,"played":[1.0,0.0],"evs":[0.0,-3.42196]},"74s":{"weight":0.0,"played":[1.0,0.0],"evs":[0.0,-2.48548]},"75s":{"weight":0.9998,"played":[1.0,0.0],"evs":[0.0,-1.52165]},"76s":{"weight":2.0E-4,"played":[1.0,0.0],"evs":[0.0,-0.50076]},"77":{"weight":0.5939,"played":[0.0,1.0],"evs":[0.0,8.09149]},"87o":{"weight":0.0,"played":[1.0,0.0],"evs":[0.0,-2.36742]},"97o":{"weight":0.0,"played":[1.0,0.0],"evs":[0.0,-2.59746]},"T7o":{"weight":0.0,"played":[1.0,0.0],"evs":[0.0,-2.90315]},"J7o":{"weight":0.0,"played":[1.0,0.0],"evs":[0.0,-3.43326]},"Q7o":{"weight":0.0,"played":[1.0,0.0],"evs":[0.0,-3.64712]},"K7o":{"weight":1.0,"played":[1.0,0.0],"evs":[0.0,-2.61596]},"A7o":{"weight":0.0,"played":[0.0,1.0],"evs":[0.0,2.01361]},"82s":{"weight":0.0,"played":[1.0,0.0],"evs":[0.0,-3.9708]},"83s":{"weight":0.0,"played":[1.0,0.0],"evs":[0.0,-3.72131]},"84s":{"weight":0.0,"played":[1.0,0.0],"evs":[0.0,-2.83671]},"85s":{"weight":5.0E-4,"played":[1.0,0.0],"evs":[0.0,-1.76071]},"86s":{"weight":0.1294,"played":[1.0,0.0],"evs":[0.0,-0.82873]},"87s":{"weight":0.0,"played":[0.9997,3.0E-4],"evs":[0.0,-0.35795]},"88":{"weight":1.0,"played":[0.0,1.0],"evs":[0.0,9.3368]},"98o":{"weight":0.0036,"played":[1.0,0.0],"evs":[0.0,-1.83283]},"T8o":{"weight":0.5833,"played":[1.0,0.0],"evs":[0.0,-2.10973]},"J8o":{"weight":0.3422,"played":[1.0,0.0],"evs":[0.0,-2.65011]},"Q8o":{"weight":0.6486,"played":[1.0,0.0],"evs":[0.0,-2.85922]},"K8o":{"weight":1.0,"played":[1.0,0.0],"evs":[0.0,-2.54386]},"A8o":{"weight":0.0,"played":[0.0,1.0],"evs":[0.0,3.72801]},"92s":{"weight":0.0,"played":[1.0,0.0],"evs":[0.0,-3.58679]},"93s":{"weight":0.0,"played":[1.0,0.0],"evs":[0.0,-3.39903]},"94s":{"weight":0.0,"played":[1.0,0.0],"evs":[0.0,-3.10328]},"95s":{"weight":0.0,"played":[1.0,0.0],"evs":[0.0,-2.01575]},"96s":{"weight":0.987,"played":[1.0,0.0],"evs":[0.0,-1.02205]},"97s":{"weight":3.0E-4,"played":[0.9999,1.0E-4],"evs":[0.0,-0.67799]},"98s":{"weight":0.0,"played":[0.1592,0.8408],"evs":[0.0,0.11795]},"99":{"weight":1.0,"played":[0.0,1.0],"evs":[0.0,10.73737]},"T9o":{"weight":1.0,"played":[1.0,0.0],"evs":[0.0,-1.10828]},"J9o":{"weight":1.0,"played":[1.0,0.0],"evs":[0.0,-1.62686]},"Q9o":{"weight":1.0,"played":[1.0,0.0],"evs":[0.0,-1.84526]},"K9o":{"weight":1.0,"played":[1.0,0.0],"evs":[0.0,-1.57682]},"A9o":{"weight":0.0,"played":[0.0,1.0],"evs":[0.0,5.45563]},"T2s":{"weight":0.0,"played":[1.0,0.0],"evs":[0.0,-3.27594]},"T3s":{"weight":0.0,"played":[1.0,0.0],"evs":[0.0,-3.15462]},"T4s":{"weight":0.0,"played":[1.0,0.0],"evs":[0.0,-2.74633]},"T5s":{"weight":0.0,"played":[1.0,0.0],"evs":[0.0,-2.29775]},"T6s":{"weight":1.0,"played":[1.0,0.0],"evs":[0.0,-1.35803]},"T7s":{"weight":0.073,"played":[0.9999,1.0E-4],"evs":[0.0,-0.84816]},"T8s":{"weight":0.0,"played":[0.9501,0.0499],"evs":[0.0,-0.15977]},"T9s":{"weight":4.0E-4,"played":[0.0,1.0],"evs":[0.0,0.77487]},"TT":{"weight":1.0,"played":[0.0,1.0],"evs":[0.0,12.68812]},"JTo":{"weight":0.0515,"played":[0.9999,1.0E-4],"evs":[0.0,-0.51752]},"QTo":{"weight":0.0011,"played":[1.0,0.0],"evs":[0.0,-0.68223]},"KTo":{"weight":0.0,"played":[0.9984,0.0016],"evs":[0.0,-0.2812]},"ATo":{"weight":0.0,"played":[0.0,1.0],"evs":[0.0,7.9382]},"J2s":{"weight":0.0,"played":[1.0,0.0],"evs":[0.0,-3.32855]},"J3s":{"weight":0.0,"played":[1.0,0.0],"evs":[0.0,-3.00339]},"J4s":{"weight":5.0E-4,"played":[1.0,0.0],"evs":[0.0,-2.63303]},"J5s":{"weight":0.9957,"played":[1.0,0.0],"evs":[0.0,-2.12768]},"J6s":{"weight":0.9999,"played":[1.0,0.0],"evs":[0.0,-1.73818]},"J7s":{"weight":0.9992,"played":[1.0,0.0],"evs":[0.0,-1.44302]},"J8s":{"weight":3.0E-4,"played":[1.0,0.0],"evs":[0.0,-0.68312]},"J9s":{"weight":0.0,"played":[0.0,1.0],"evs":[0.0,0.32068]},"JTs":{"weight":1.0,"played":[0.0,1.0],"evs":[0.0,1.37624]},"JJ":{"weight":1.0,"played":[0.0,1.0],"evs":[0.0,14.64046]},"QJo":{"weight":0.0,"played":[0.997,0.003],"evs":[0.0,-0.22229]},"KJo":{"weight":0.0,"played":[0.0,1.0],"evs":[0.0,0.57877]},"AJo":{"weight":0.0,"played":[0.0,1.0],"evs":[0.0,10.54693]},"Q2s":{"weight":1.0E-4,"played":[1.0,0.0],"evs":[0.0,-2.89152]},"Q3s":{"weight":0.0657,"played":[1.0,0.0],"evs":[0.0,-2.66924]},"Q4s":{"weight":0.9998,"played":[1.0,0.0],"evs":[0.0,-2.21948]},"Q5s":{"weight":1.0,"played":[1.0,0.0],"evs":[0.0,-1.71376]},"Q6s":{"weight":0.992,"played":[1.0,0.0],"evs":[0.0,-1.3074]},"Q7s":{"weight":0.9999,"played":[1.0,0.0],"evs":[0.0,-1.5168]},"Q8s":{"weight":0.0019,"played":[1.0,0.0],"evs":[0.0,-0.8798]},"Q9s":{"weight":0.0,"played":[7.0E-4,0.9993],"evs":[0.0,0.07115]},"QTs":{"weight":0.9142,"played":[0.0,1.0],"evs":[0.0,1.24484]},"QJs":{"weight":1.0,"played":[0.0,1.0],"evs":[0.0,1.53952]},"QQ":{"weight":1.0,"played":[0.0,1.0],"evs":[0.0,16.79371]},"KQo":{"weight":0.0,"played":[0.0,1.0],"evs":[0.0,1.83608]},"AQo":{"weight":0.9037,"played":[0.0,1.0],"evs":[0.0,12.76976]},"K2s":{"weight":0.9998,"played":[1.0,0.0],"evs":[0.0,-2.11708]},"K3s":{"weight":0.9996,"played":[1.0,0.0],"evs":[0.0,-1.8383]},"K4s":{"weight":0.4854,"played":[1.0,0.0],"evs":[0.0,-1.43926]},"K5s":{"weight":0.6421,"played":[1.0,0.0],"evs":[0.0,-0.97167]},"K6s":{"weight":1.0E-4,"played":[1.0,0.0],"evs":[0.0,-0.42943]},"K7s":{"weight":0.0,"played":[0.9999,1.0E-4],"evs":[0.0,-0.59088]},"K8s":{"weight":0.1021,"played":[0.9996,4.0E-4],"evs":[0.0,-0.5344]},"K9s":{"weight":0.1053,"played":[0.0,1.0],"evs":[0.0,0.34822]},"KTs":{"weight":0.9999,"played":[0.0,1.0],"evs":[0.0,1.56746]},"KJs":{"weight":1.0,"played":[0.0,1.0],"evs":[0.0,2.33312]},"KQs":{"weight":1.0,"played":[0.0,1.0],"evs":[0.0,3.56977]},"KK":{"weight":1.0,"played":[0.0,1.0],"evs":[0.0,19.11818]},"AKo":{"weight":0.5088,"played":[0.0,1.0],"evs":[0.0,15.02578]},"A2s":{"weight":0.0,"played":[0.0,1.0],"evs":[0.0,0.98307]},"A3s":{"weight":0.0,"played":[0.0,1.0],"evs":[0.0,1.35851]},"A4s":{"weight":0.0,"played":[0.0,1.0],"evs":[0.0,1.83774]},"A5s":{"weight":0.2179,"played":[0.0,1.0],"evs":[0.0,2.6556]},"A6s":{"weight":1.0E-4,"played":[0.0,1.0],"evs":[0.0,2.67444]},"A7s":{"weight":0.0317,"played":[0.0,1.0],"evs":[0.0,3.7524]},"A8s":{"weight":0.5096,"played":[0.0,1.0],"evs":[0.0,5.35256]},"A9s":{"weight":0.0802,"played":[0.0,1.0],"evs":[0.0,7.00837]},"ATs":{"weight":1.0,"played":[0.0,1.0],"evs":[0.0,9.25958]},"AJs":{"weight":1.0,"played":[0.0,1.0],"evs":[0.0,11.66288]},"AQs":{"weight":1.0,"played":[0.0,1.0],"evs":[0.0,13.77173]},"AKs":{"weight":1.0,"played":[0.0,1.0],"evs":[0.0,15.90614]},"AA":{"weight":1.0,"played":[0.0,1.0],"evs":[0.0,27.5625]}}}