{"player":2,"street":0,"children":2,"sequence":[{"player":0,"type":"F","amount":0,"street":0},{"player":1,"type":"F","amount":0,"street":0},{"player":2,"type":"R","amount":200000,"street":0},{"player":3,"type":"R","amount":1785000,"street":0},{"player":4,"type":"C","amount":855000,"street":0}],"actions":[{"type":"F","amount":0},{"type":"C","amount":1585000}],"hands":{"22":{"weight":0.0,"played":[0.0,1.0],"evs":[0.0,2.29291]},"32o":{"weight":0.0,"played":[1.0,0.0],"evs":[0.0,-5.82191]},"42o":{"weight":0.0,"played":[1.0,0.0],"evs":[0.0,-5.35568]},"52o":{"weight":0.0,"played":[1.0,0.0],"evs":[0.0,-4.86629]},"62o":{"weight":0.0,"played":[1.0,0.0],"evs":[0.0,-5.28522]},"72o":{"weight":0.0,"played":[1.0,0.0],"evs":[0.0,-6.17649]},"82o":{"weight":0.0,"played":[1.0,0.0],"evs":[0.0,-5.64328]},"92o":{"weight":0.0,"played":[1.0,0.0],"evs":[0.0,-5.53918]},"T2o":{"weight":0.0,"played":[1.0,0.0],"evs":[0.0,-5.33033]},"J2o":{"weight":0.0,"played":[1.0,0.0],"evs":[0.0,-5.24228]},"Q2o":{"weight":0.0,"played":[1.0,0.0],"evs":[0.0,-4.69646]},"K2o":{"weight":0.0,"played":[1.0,0.0],"evs":[0.0,-3.76738]},"A2o":{"weight":0.0,"played":[1.0,0.0],"evs":[0.0,-3.65269]},"32s":{"weight":0.0,"played":[1.0,0.0],"evs":[0.0,-3.11821]},"33":{"weight":0.0,"played":[0.0,1.0],"evs":[0.0,3.61067]},"43o":{"weight":0.0,"played":[1.0,0.0],"evs":[0.0,-4.29907]},"53o":{"weight":0.0,"played":[1.0,0.0],"evs":[0.0,-3.627]},"63o":{"weight":0.0,"played":[1.0,0.0],"evs":[0.0,-4.04274]},"73o":{"weight":0.0,"played":[1.0,0.0],"evs":[0.0,-5.12097]},"83o":{"weight":0.0,"played":[1.0,0.0],"evs":[0.0,-5.43018]},"93o":{"weight":0.0,"played":[1.0,0.0],"evs":[0.0,-5.1814]},"T3o":{"weight":0.0,"played":[1.0,0.0],"evs":[0.0,-4.89647]},"J3o":{"weight":0.0,"played":[1.0,0.0],"evs":[0.0,-4.78914]},"Q3o":{"weight":0.0,"played":[1.0,0.0],"evs":[0.0,-4.5493]},"K3o":{"weight":0.0,"played":[1.0,0.0],"evs":[0.0,-3.41885]},"A3o":{"weight":0.0,"played":[1.0,0.0],"evs":[0.0,-3.12012]},"42s":{"weight":0.0,"played":[1.0,0.0],"evs":[0.0,-2.60717]},"43s":{"weight":0.0,"played":[1.0,0.0],"evs":[0.0,-1.42186]},"44":{"weight":0.0,"played":[0.0,1.0],"evs":[0.0,5.41748]},"54o":{"weight":0.0,"played":[1.0,0.0],"evs":[0.0,-2.26926]},"64o":{"weight":0.0,"played":[1.0,0.0],"evs":[0.0,-2.78307]},"74o":{"weight":0.0,"played":[1.0,0.0],"evs":[0.0,-3.68436]},"84o":{"weight":0.0,"played":[1.0,0.0],"evs":[0.0,-4.24756]},"94o":{"weight":0.0,"played":[1.0,0.0],"evs":[0.0,-4.84131]},"T4o":{"weight":0.0,"played":[1.0,0.0],"evs":[0.0,-4.37739]},"J4o":{"weight":0.0,"played":[1.0,0.0],"evs":[0.0,-4.25366]},"Q4o":{"weight":0.0,"played":[1.0,0.0],"evs":[0.0,-3.94808]},"K4o":{"weight":0.0,"played":[1.0,0.0],"evs":[0.0,-2.94905]},"A4o":{"weight":0.0,"played":[1.0,0.0],"evs":[0.0,-2.41896]},"52s":{"weight":0.0,"played":[1.0,0.0],"evs":[0.0,-1.97387]},"53s":{"weight":0.0,"played":[0.9983,0.0017],"evs":[0.0,-0.90812]},"54s":{"weight":0.9994,"played":[0.0195,0.9805],"evs":[0.0,0.26953]},"55":{"weight":0.0805,"played":[0.0,1.0],"evs":[0.0,6.96246]},"65o":{"weight":0.0,"played":[1.0,0.0],"evs":[0.0,-1.42687]},"75o":{"weight":0.0,"played":[1.0,0.0],"evs":[0.0,-2.35583]},"85o":{"weight":0.0,"played":[1.0,0.0],"evs":[0.0,-2.91879]},"95o":{"weight":0.0,"played":[1.0,0.0],"evs":[0.0,-3.56044]},"T5o":{"weight":0.0,"played":[1.0,0.0],"evs":[0.0,-4.06122]},"J5o":{"weight":0.0,"played":[1.0,0.0],"evs":[0.0,-3.7881]},"Q5o":{"weight":0.0,"played":[1.0,0.0],"evs":[0.0,-3.37676]},"K5o":{"weight":0.0,"played":[1.0,0.0],"evs":[0.0,-2.30381]},"A5o":{"weight":0.0,"played":[1.0,0.0],"evs":[0.0,-1.46182]},"62s":{"weight":0.0,"played":[1.0,0.0],"evs":[0.0,-2.52653]},"63s":{"weight":0.0,"played":[1.0,0.0],"evs":[0.0,-1.396]},"64s":{"weight":0.0,"played":[0.6349,0.3651],"evs":[0.0,0.1201]},"65s":{"weight":0.9041,"played":[0.0,1.0],"evs":[0.0,1.09467]},"66":{"weight":0.2468,"played":[0.0,1.0],"evs":[0.0,7.8248]},"76o":{"weight":0.0,"played":[1.0,0.0],"evs":[0.0,-0.99143]},"86o":{"weight":0.0,"played":[1.0,0.0],"evs":[0.0,-1.43548]},"96o":{"weight":0.0,"played":[1.0,0.0],"evs":[0.0,-1.94256]},"T6o":{"weight":0.0,"played":[1.0,0.0],"evs":[0.0,-2.5606]},"J6o":{"weight":0.0,"played":[1.0,0.0],"evs":[0.0,-3.24208]},"Q6o":{"weight":0.0,"played":[1.0,0.0],"evs":[0.0,-2.68543]},"K6o":{"weight":0.3294,"played":[1.0,0.0],"evs":[0.0,-1.78571]},"A6o":{"weight":0.0,"played":[1.0,0.0],"evs":[0.0,-1.81318]},"72s":{"weight":0.0,"played":[1.0,0.0],"evs":[0.0,-3.18015]},"73s":{"weight":0.0,"played":[1.0,0.0],"evs":[0.0,-2.18662]},"74s":{"weight":0.0,"played":[0.9988,0.0012],"evs":[0.0,-1.21698]},"75s":{"weight":0.9998,"played":[0.0139,0.9861],"evs":[0.0,0.2713]},"76s":{"weight":2.0E-4,"played":[5.0E-4,0.9995],"evs":[0.0,1.22165]},"77":{"weight":0.5939,"played":[0.0,1.0],"evs":[0.0,8.77582]},"87o":{"weight":0.0,"played":[1.0,0.0],"evs":[0.0,-0.91261]},"97o":{"weight":0.0,"played":[1.0,0.0],"evs":[0.0,-1.50426]},"T7o":{"weight":0.0,"played":[1.0,0.0],"evs":[0.0,-1.94705]},"J7o":{"weight":0.0,"played":[1.0,0.0],"evs":[0.0,-2.64014]},"Q7o":{"weight":0.0,"played":[1.0,0.0],"evs":[0.0,-2.9086]},"K7o":{"weight":1.0,"played":[1.0,0.0],"evs":[0.0,-1.87167]},"A7o":{"weight":0.0,"played":[0.9993,7.0E-4],"evs":[0.0,-0.86898]},"82s":{"weight":0.0,"played":[1.0,0.0],"evs":[0.0,-2.88774]},"83s":{"weight":0.0,"played":[1.0,0.0],"evs":[0.0,-2.89971]},"84s":{"weight":0.0,"played":[0.9993,7.0E-4],"evs":[0.0,-1.37125]},"85s":{"weight":5.0E-4,"played":[0.9894,0.0106],"evs":[0.0,-0.45706]},"86s":{"weight":0.1294,"played":[7.0E-4,0.9993],"evs":[0.0,1.17089]},"87s":{"weight":0.0,"played":[0.0,1.0],"evs":[0.0,1.44539]},"88":{"weight":1.0,"played":[0.0,1.0],"evs":[0.0,10.33602]},"98o":{"weight":0.0036,"played":[0.9993,7.0E-4],"evs":[0.0,-0.57166]},"T8o":{"weight":0.5833,"played":[1.0,0.0],"evs":[0.0,-0.87837]},"J8o":{"weight":0.3422,"played":[1.0,0.0],"evs":[0.0,-1.53352]},"Q8o":{"weight":0.6486,"played":[1.0,0.0],"evs":[0.0,-1.90904]},"K8o":{"weight":1.0,"played":[1.0,0.0],"evs":[0.0,-1.65042]},"A8o":{"weight":0.0,"played":[0.0062,0.9938],"evs":[0.0,0.42347]},"92s":{"weight":0.0,"played":[1.0,0.0],"evs":[0.0,-2.81559]},"93s":{"weight":0.0,"played":[1.0,0.0],"evs":[0.0,-2.51235]},"94s":{"weight":0.0,"played":[1.0,0.0],"evs":[0.0,-1.8992]},"95s":{"weight":0.0,"played":[0.9998,2.0E-4],"evs":[0.0,-0.89352]},"96s":{"weight":0.987,"played":[0.006,0.994],"evs":[0.0,0.55668]},"97s":{"weight":3.0E-4,"played":[0.0,1.0],"evs":[0.0,0.8144]},"98s":{"weight":0.0,"played":[0.0,1.0],"evs":[0.0,2.16811]},"99":{"weight":1.0,"played":[0.0,1.0],"evs":[0.0,12.09566]},"T9o":{"weight":1.0,"played":[0.0413,0.9587],"evs":[0.0,0.0686]},"J9o":{"weight":1.0,"played":[1.0,0.0],"evs":[0.0,-0.56838]},"Q9o":{"weight":1.0,"played":[1.0,0.0],"evs":[0.0,-0.93944]},"K9o":{"weight":1.0,"played":[1.0,0.0],"evs":[0.0,-0.78206]},"A9o":{"weight":0.0,"played":[0.0,1.0],"evs":[0.0,2.0917]},"T2s":{"weight":0.0,"played":[1.0,0.0],"evs":[0.0,-2.47269]},"T3s":{"weight":0.0,"played":[0.9999,1.0E-4],"evs":[0.0,-2.14452]},"T4s":{"weight":0.0,"played":[1.0,0.0],"evs":[0.0,-1.86041]},"T5s":{"weight":0.0,"played":[0.9998,2.0E-4],"evs":[0.0,-1.19601]},"T6s":{"weight":1.0,"played":[0.315,0.685],"evs":[0.0,0.02004]},"T7s":{"weight":0.073,"played":[0.0013,0.9987],"evs":[0.0,0.88405]},"T8s":{"weight":0.0,"played":[0.0,1.0],"evs":[0.0,1.56256]},"T9s":{"weight":4.0E-4,"played":[0.0,1.0],"evs":[0.0,2.67792]},"TT":{"weight":1.0,"played":[0.0,1.0],"evs":[0.0,14.81761]},"JTo":{"weight":0.0515,"played":[4.0E-4,0.9996],"evs":[0.0,0.72807]},"QTo":{"weight":0.0011,"played":[0.0,1.0],"evs":[0.0,0.24976]},"KTo":{"weight":0.0,"played":[0.0,1.0],"evs":[0.0,0.69107]},"ATo":{"weight":0.0,"played":[0.0,1.0],"evs":[0.0,5.10679]},"J2s":{"weight":0.0,"played":[1.0,0.0],"evs":[0.0,-2.39988]},"J3s":{"weight":0.0,"played":[1.0,0.0],"evs":[0.0,-2.21413]},"J4s":{"weight":5.0E-4,"played":[1.0,0.0],"evs":[0.0,-1.422]},"J5s":{"weight":0.9957,"played":[1.0,0.0],"evs":[0.0,-0.92659]},"J6s":{"weight":0.9999,"played":[1.0,0.0],"evs":[0.0,-0.45504]},"J7s":{"weight":0.9992,"played":[0.4712,0.5288],"evs":[0.0,-0.10298]},"J8s":{"weight":3.0E-4,"played":[1.0E-4,0.9999],"evs":[0.0,1.10172]},"J9s":{"weight":0.0,"played":[0.0,1.0],"evs":[0.0,1.77317]},"JTs":{"weight":1.0,"played":[0.0,1.0],"evs":[0.0,2.93361]},"JJ":{"weight":1.0,"played":[0.0,1.0],"evs":[0.0,17.75505]},"QJo":{"weight":0.0,"played":[0.0,1.0],"evs":[0.0,0.9275]},"KJo":{"weight":0.0,"played":[0.0,1.0],"evs":[0.0,1.53014]},"AJo":{"weight":0.0,"played":[0.0,1.0],"evs":[0.0,7.78805]},"Q2s":{"weight":1.0E-4,"played":[1.0,0.0],"evs":[0.0,-2.12885]},"Q3s":{"weight":0.0657,"played":[0.9999,1.0E-4],"evs":[0.0,-1.52797]},"Q4s":{"weight":0.9998,"played":[1.0,0.0],"evs":[0.0,-1.18049]},"Q5s":{"weight":1.0,"played":[0.9956,0.0044],"evs":[0.0,-0.70212]},"Q6s":{"weight":0.992,"played":[0.6849,0.3151],"evs":[0.0,0.00825]},"Q7s":{"weight":0.9999,"played":[0.9804,0.0196],"evs":[0.0,-0.27501]},"Q8s":{"weight":0.0019,"played":[0.0014,0.9986],"evs":[0.0,0.8227]},"Q9s":{"weight":0.0,"played":[0.0,1.0],"evs":[0.0,1.73435]},"QTs":{"weight":0.9142,"played":[0.0,1.0],"evs":[0.0,2.73163]},"QJs":{"weight":1.0,"played":[0.0,1.0],"evs":[0.0,3.25759]},"QQ":{"weight":1.0,"played":[0.0,1.0],"evs":[0.0,21.42162]},"KQo":{"weight":0.0,"played":[0.0,1.0],"evs":[0.0,2.71797]},"AQo":{"weight":0.9037,"played":[0.0,1.0],"evs":[0.0,10.50526]},"K2s":{"weight":0.9998,"played":[0.9999,1.0E-4],"evs":[0.0,-1.21932]},"K3s":{"weight":0.9996,"played":[0.9993,7.0E-4],"evs":[0.0,-0.70273]},"K4s":{"weight":0.4854,"played":[0.8979,0.1021],"evs":[0.0,-0.42321]},"K5s":{"weight":0.6421,"played":[0.0067,0.9933],"evs":[0.0,0.36604]},"K6s":{"weight":1.0E-4,"played":[3.0E-4,0.9997],"evs":[0.0,0.88201]},"K7s":{"weight":0.0,"played":[1.0E-4,0.9999],"evs":[0.0,0.72275]},"K8s":{"weight":0.1021,"played":[0.0,1.0],"evs":[0.0,0.79846]},"K9s":{"weight":0.1053,"played":[0.0,1.0],"evs":[0.0,1.81678]},"KTs":{"weight":0.9999,"played":[0.0,1.0],"evs":[0.0,3.11374]},"KJs":{"weight":1.0,"played":[0.0,1.0],"evs":[0.0,3.96556]},"KQs":{"weight":1.0,"played":[0.0,1.0],"evs":[0.0,5.06559]},"KK":{"weight":1.0,"played":[0.0,1.0],"evs":[0.0,25.37347]},"AKo":{"weight":0.5088,"played":[0.0,1.0],"evs":[0.0,13.55911]},"A2s":{"weight":0.0,"played":[0.9999,1.0E-4],"evs":[0.0,-0.80597]},"A3s":{"weight":0.0,"played":[0.9997,3.0E-4],"evs":[0.0,-0.45567]},"A4s":{"weight":0.0,"played":[0.1553,0.8447],"evs":[0.0,0.06379]},"A5s":{"weight":0.2179,"played":[0.0,1.0],"evs":[0.0,1.09664]},"A6s":{"weight":1.0E-4,"played":[0.0,1.0],"evs":[0.0,1.03782]},"A7s":{"weight":0.0317,"played":[2.0E-4,0.9998],"evs":[0.0,1.74137]},"A8s":{"weight":0.5096,"played":[0.0,1.0],"evs":[0.0,3.15115]},"A9s":{"weight":0.0802,"played":[0.0,1.0],"evs":[0.0,4.58568]},"ATs":{"weight":1.0,"played":[0.0,1.0],"evs":[0.0,7.12615]},"AJs":{"weight":1.0,"played":[0.0,1.0],"evs":[0.0,9.85605]},"AQs":{"weight":1.0,"played":[0.0,1.0],"evs":[0.0,12.38022]},"AKs":{"weight":1.0,"played":[0.0,1.0],"evs":[0.0,15.22964]},"AA":{"weight":1.0,"played":[0.0,1.0],"evs":[0.0,34.5634]}}}