{"player":2,"street":0,"children":3,"sequence":[{"player":0,"type":"F","amount":0,"street":0},{"player":1,"type":"F","amount":0,"street":0}],"actions":[{"type":"F","amount":0,"node":3},{"type":"R","amount":200000,"node":7},{"type":"R","amount":1785000,"node":19}],"hands":{"22":{"weight":1.0,"played":[0.0,0.0,1.0],"evs":[0.0,1.23429,1.48374]},"32o":{"weight":1.0,"played":[1.0,0.0,0.0],"evs":[0.0,-0.61669,-1.8577]},"42o":{"weight":1.0,"played":[1.0,0.0,0.0],"evs":[0.0,-0.56167,-1.70515]},"52o":{"weight":1.0,"played":[1.0,0.0,0.0],"evs":[0.0,-0.52723,-1.57117]},"62o":{"weight":1.0,"played":[1.0,0.0,0.0],"evs":[0.0,-0.58826,-1.78375]},"72o":{"weight":1.0,"played":[1.0,0.0,0.0],"evs":[0.0,-0.60922,-1.93149]},"82o":{"weight":1.0,"played":[1.0,0.0,0.0],"evs":[0.0,-0.57208,-1.75545]},"92o":{"weight":1.0,"played":[1.0,0.0,0.0],"evs":[0.0,-0.55394,-1.67617]},"T2o":{"weight":1.0,"played":[1.0,0.0,0.0],"evs":[0.0,-0.49805,-1.50244]},"J2o":{"weight":1.0,"played":[1.0,0.0,0.0],"evs":[0.0,-0.43625,-1.35198]},"Q2o":{"weight":1.0,"played":[1.0,0.0,0.0],"evs":[0.0,-0.35205,-1.1339]},"K2o":{"weight":1.0,"played":[1.0,0.0,0.0],"evs":[0.0,-0.21759,-0.77085]},"A2o":{"weight":1.0,"played":[0.0,0.0,1.0],"evs":[0.0,0.75971,0.88454]},"32s":{"weight":1.0,"played":[1.0,0.0,0.0],"evs":[0.0,-0.42029,-0.99172]},"33":{"weight":1.0,"played":[0.0,0.0,1.0],"evs":[0.0,1.65723,1.9034]},"43o":{"weight":1.0,"played":[1.0,0.0,0.0],"evs":[0.0,-0.4614,-1.33106]},"53o":{"weight":1.0,"played":[1.0,0.0,0.0],"evs":[0.0,-0.41581,-1.18419]},"63o":{"weight":1.0,"played":[1.0,0.0,0.0],"evs":[0.0,-0.47558,-1.3975]},"73o":{"weight":1.0,"played":[1.0,0.0,0.0],"evs":[0.0,-0.50623,-1.561]},"83o":{"weight":1.0,"played":[1.0,0.0,0.0],"evs":[0.0,-0.53032,-1.68422]},"93o":{"weight":1.0,"played":[1.0,0.0,0.0],"evs":[0.0,-0.50417,-1.53642]},"T3o":{"weight":1.0,"played":[1.0,0.0,0.0],"evs":[0.0,-0.45002,-1.36645]},"J3o":{"weight":1.0,"played":[1.0,0.0,0.0],"evs":[0.0,-0.38176,-1.20516]},"Q3o":{"weight":1.0,"played":[1.0,0.0,0.0],"evs":[0.0,-0.30076,-0.99123]},"K3o":{"weight":1.0,"played":[1.0,0.0,0.0],"evs":[0.0,-0.16734,-0.62976]},"A3o":{"weight":1.0,"played":[0.0,0.0,1.0],"evs":[0.0,0.85947,1.01335]},"42s":{"weight":1.0,"played":[1.0,0.0,0.0],"evs":[0.0,-0.36372,-0.8522]},"43s":{"weight":1.0,"played":[1.0,0.0,0.0],"evs":[0.0,-0.23358,-0.48693]},"44":{"weight":1.0,"played":[0.0,0.0,1.0],"evs":[0.0,2.21565,2.35447]},"54o":{"weight":1.0,"played":[1.0,0.0,0.0],"evs":[0.0,-0.33001,-0.80198]},"64o":{"weight":1.0,"played":[1.0,0.0,0.0],"evs":[0.0,-0.37725,-1.01159]},"74o":{"weight":1.0,"played":[1.0,0.0,0.0],"evs":[0.0,-0.4006,-1.1648]},"84o":{"weight":1.0,"played":[1.0,0.0,0.0],"evs":[0.0,-0.42911,-1.30294]},"94o":{"weight":1.0,"played":[1.0,0.0,0.0],"evs":[0.0,-0.46438,-1.45899]},"T4o":{"weight":1.0,"played":[1.0,0.0,0.0],"evs":[0.0,-0.39974,-1.22519]},"J4o":{"weight":1.0,"played":[1.0,0.0,0.0],"evs":[0.0,-0.32744,-1.07116]},"Q4o":{"weight":1.0,"played":[1.0,0.0,0.0],"evs":[0.0,-0.25099,-0.86197]},"K4o":{"weight":1.0,"played":[1.0,0.0,0.0],"evs":[0.0,-0.10731,-0.49597]},"A4o":{"weight":1.0,"played":[0.0,0.0,1.0],"evs":[0.0,0.96261,1.14499]},"52s":{"weight":1.0,"played":[1.0,0.0,0.0],"evs":[0.0,-0.33592,-0.71244]},"53s":{"weight":1.0,"played":[1.0,0.0,0.0],"evs":[0.0,-0.14974,-0.35028]},"54s":{"weight":1.0,"played":[6.0E-4,0.9994,0.0],"evs":[0.0,0.04041,-0.00718]},"55":{"weight":1.0,"played":[0.0,0.0805,0.9195],"evs":[0.0,2.82717,2.83463]},"65o":{"weight":1.0,"played":[1.0,0.0,0.0],"evs":[0.0,-0.29502,-0.66178]},"75o":{"weight":1.0,"played":[1.0,0.0,0.0],"evs":[0.0,-0.3106,-0.81197]},"85o":{"weight":1.0,"played":[1.0,0.0,0.0],"evs":[0.0,-0.32422,-0.9493]},"95o":{"weight":1.0,"played":[1.0,0.0,0.0],"evs":[0.0,-0.37054,-1.1029]},"T5o":{"weight":1.0,"played":[1.0,0.0,0.0],"evs":[0.0,-0.35791,-1.16781]},"J5o":{"weight":1.0,"played":[1.0,0.0,0.0],"evs":[0.0,-0.27638,-0.96418]},"Q5o":{"weight":1.0,"played":[1.0,0.0,0.0],"evs":[0.0,-0.19113,-0.74107]},"K5o":{"weight":1.0,"played":[1.0,0.0,0.0],"evs":[0.0,-0.04712,-0.37817]},"A5o":{"weight":1.0,"played":[0.0,0.0,1.0],"evs":[0.0,1.22649,1.34554]},"62s":{"weight":1.0,"played":[1.0,0.0,0.0],"evs":[0.0,-0.3891,-0.88966]},"63s":{"weight":1.0,"played":[1.0,0.0,0.0],"evs":[0.0,-0.27706,-0.57572]},"64s":{"weight":1.0,"played":[1.0,0.0,0.0],"evs":[0.0,-0.08488,-0.18562]},"65s":{"weight":1.0,"played":[0.0,0.9041,0.0959],"evs":[0.0,0.13825,0.13106]},"66":{"weight":1.0,"played":[0.0,0.2468,0.7532],"evs":[0.0,3.30219,3.30508]},"76o":{"weight":1.0,"played":[1.0,0.0,0.0],"evs":[0.0,-0.22565,-0.45294]},"86o":{"weight":1.0,"played":[1.0,0.0,0.0],"evs":[0.0,-0.24986,-0.57868]},"96o":{"weight":1.0,"played":[1.0,0.0,0.0],"evs":[0.0,-0.29308,-0.7381]},"T6o":{"weight":1.0,"played":[1.0,0.0,0.0],"evs":[0.0,-0.28638,-0.80892]},"J6o":{"weight":1.0,"played":[1.0,0.0,0.0],"evs":[0.0,-0.25425,-0.88754]},"Q6o":{"weight":1.0,"played":[1.0,0.0,0.0],"evs":[0.0,-0.16294,-0.61699]},"K6o":{"weight":1.0,"played":[0.6706,0.3294,0.0],"evs":[0.0,-0.00162,-0.24575]},"A6o":{"weight":1.0,"played":[0.0,0.0,1.0],"evs":[0.0,1.21718,1.36832]},"72s":{"weight":1.0,"played":[1.0,0.0,0.0],"evs":[0.0,-0.41253,-1.05363]},"73s":{"weight":1.0,"played":[1.0,0.0,0.0],"evs":[0.0,-0.3115,-0.69267]},"74s":{"weight":1.0,"played":[1.0,0.0,0.0],"evs":[0.0,-0.1518,-0.33946]},"75s":{"weight":1.0,"played":[0.0,0.9998,2.0E-4],"evs":[0.0,0.06126,-0.00992]},"76s":{"weight":1.0,"played":[0.0,2.0E-4,0.9998],"evs":[0.0,0.26742,0.31626]},"77":{"weight":1.0,"played":[0.0,0.5939,0.4061],"evs":[0.0,3.76768,3.76315]},"87o":{"weight":1.0,"played":[1.0,0.0,0.0],"evs":[0.0,-0.10085,-0.27586]},"97o":{"weight":1.0,"played":[1.0,0.0,0.0],"evs":[0.0,-0.17031,-0.4016]},"T7o":{"weight":1.0,"played":[1.0,0.0,0.0],"evs":[0.0,-0.1785,-0.48371]},"J7o":{"weight":1.0,"played":[1.0,0.0,0.0],"evs":[0.0,-0.14974,-0.5748]},"Q7o":{"weight":1.0,"played":[1.0,0.0,0.0],"evs":[0.0,-0.11299,-0.58645]},"K7o":{"weight":1.0,"played":[0.0,1.0,0.0],"evs":[0.0,0.08385,-0.13887]},"A7o":{"weight":1.0,"played":[0.0,0.0,1.0],"evs":[0.0,1.60873,1.77781]},"82s":{"weight":1.0,"played":[1.0,0.0,0.0],"evs":[0.0,-0.36279,-0.89178]},"83s":{"weight":1.0,"played":[1.0,0.0,0.0],"evs":[0.0,-0.32643,-0.81314]},"84s":{"weight":1.0,"played":[1.0,0.0,0.0],"evs":[0.0,-0.22108,-0.47573]},"85s":{"weight":1.0,"played":[0.9995,5.0E-4,0.0],"evs":[0.0,-0.01855,-0.12659]},"86s":{"weight":1.0,"played":[0.0,0.1294,0.8706],"evs":[0.0,0.19215,0.20177]},"87s":{"weight":1.0,"played":[0.0,0.0,1.0],"evs":[0.0,0.41262,0.50949]},"88":{"weight":1.0,"played":[0.0,1.0,0.0],"evs":[0.0,4.3927,4.278]},"98o":{"weight":1.0,"played":[0.9964,0.0036,0.0],"evs":[0.0,-0.00592,-0.1163]},"T8o":{"weight":1.0,"played":[0.4167,0.5833,0.0],"evs":[0.0,0.00101,-0.15263]},"J8o":{"weight":1.0,"played":[0.6578,0.3422,0.0],"evs":[0.0,-0.00119,-0.23218]},"Q8o":{"weight":1.0,"played":[0.3514,0.6486,0.0],"evs":[0.0,0.00194,-0.23803]},"K8o":{"weight":1.0,"played":[0.0,1.0,0.0],"evs":[0.0,0.19519,-0.04233]},"A8o":{"weight":1.0,"played":[0.0,0.0,1.0],"evs":[0.0,2.07179,2.2394]},"92s":{"weight":1.0,"played":[1.0,0.0,0.0],"evs":[0.0,-0.3479,-0.814]},"93s":{"weight":1.0,"played":[1.0,0.0,0.0],"evs":[0.0,-0.30534,-0.6825]},"94s":{"weight":1.0,"played":[1.0,0.0,0.0],"evs":[0.0,-0.26779,-0.61147]},"95s":{"weight":1.0,"played":[1.0,0.0,0.0],"evs":[0.0,-0.10767,-0.28806]},"96s":{"weight":1.0,"played":[0.0,0.987,0.013],"evs":[0.0,0.09435,0.06413]},"97s":{"weight":1.0,"played":[0.0,3.0E-4,0.9997],"evs":[0.0,0.31124,0.36505]},"98s":{"weight":1.0,"played":[0.0,0.0,1.0],"evs":[0.0,0.54,0.64504]},"99":{"weight":1.0,"played":[0.0,1.0,0.0],"evs":[0.0,5.08345,4.8331]},"T9o":{"weight":1.0,"played":[0.0,1.0,0.0],"evs":[0.0,0.18195,0.17447]},"J9o":{"weight":1.0,"played":[0.0,1.0,0.0],"evs":[0.0,0.19567,0.10275]},"Q9o":{"weight":1.0,"played":[0.0,1.0,0.0],"evs":[0.0,0.20911,0.10293]},"K9o":{"weight":1.0,"played":[0.0,1.0,0.0],"evs":[0.0,0.47841,0.3469]},"A9o":{"weight":1.0,"played":[0.0,0.0,1.0],"evs":[0.0,2.60482,2.78482]},"T2s":{"weight":1.0,"played":[1.0,0.0,0.0],"evs":[0.0,-0.29435,-0.66421]},"T3s":{"weight":1.0,"played":[1.0,0.0,0.0],"evs":[0.0,-0.20793,-0.51314]},"T4s":{"weight":1.0,"played":[1.0,0.0,0.0],"evs":[0.0,-0.14323,-0.39381]},"T5s":{"weight":1.0,"played":[1.0,0.0,0.0],"evs":[0.0,-0.08903,-0.34188]},"T6s":{"weight":1.0,"played":[0.0,1.0,0.0],"evs":[0.0,0.06833,-0.01695]},"T7s":{"weight":1.0,"played":[0.0,0.073,0.927],"evs":[0.0,0.29239,0.30601]},"T8s":{"weight":1.0,"played":[0.0,0.0,1.0],"evs":[0.0,0.50242,0.59289]},"T9s":{"weight":1.0,"played":[0.0,4.0E-4,0.9996],"evs":[0.0,0.85614,0.896]},"TT":{"weight":1.0,"played":[0.0,1.0,0.0],"evs":[0.0,6.03831,5.63767]},"JTo":{"weight":1.0,"played":[0.0,0.0515,0.9485],"evs":[0.0,0.60152,0.61026]},"QTo":{"weight":1.0,"played":[0.0,0.0011,0.9989],"evs":[0.0,0.64241,0.67968]},"KTo":{"weight":1.0,"played":[0.0,0.0,1.0],"evs":[0.0,0.99897,1.1108]},"ATo":{"weight":1.0,"played":[0.0,0.0,1.0],"evs":[0.0,3.57326,3.71806]},"J2s":{"weight":1.0,"played":[1.0,0.0,0.0],"evs":[0.0,-0.19878,-0.50566]},"J3s":{"weight":1.0,"played":[1.0,0.0,0.0],"evs":[0.0,-0.11813,-0.36983]},"J4s":{"weight":1.0,"played":[0.9995,5.0E-4,0.0],"evs":[0.0,-0.04533,-0.24379]},"J5s":{"weight":1.0,"played":[0.0043,0.9957,0.0],"evs":[0.0,0.02295,-0.14996]},"J6s":{"weight":1.0,"played":[1.0E-4,0.9999,0.0],"evs":[0.0,0.06728,-0.06153]},"J7s":{"weight":1.0,"played":[0.0,0.9992,8.0E-4],"evs":[0.0,0.26143,0.20973]},"J8s":{"weight":1.0,"played":[0.0,3.0E-4,0.9997],"evs":[0.0,0.49684,0.52603]},"J9s":{"weight":1.0,"played":[0.0,0.0,1.0],"evs":[0.0,0.78211,0.84776]},"JTs":{"weight":1.0,"played":[0.0,1.0,0.0],"evs":[0.0,1.34988,1.3163]},"JJ":{"weight":1.0,"played":[0.0,1.0,0.0],"evs":[0.0,6.95302,6.39746]},"QJo":{"weight":1.0,"played":[0.0,0.0,1.0],"evs":[0.0,0.90306,0.96973]},"KJo":{"weight":1.0,"played":[0.0,0.0,1.0],"evs":[0.0,1.43373,1.58843]},"AJo":{"weight":1.0,"played":[0.0,0.0,1.0],"evs":[0.0,4.25639,4.29975]},"Q2s":{"weight":1.0,"played":[0.9999,1.0E-4,0.0],"evs":[0.0,-0.08193,-0.29333]},"Q3s":{"weight":1.0,"played":[0.9343,0.0657,0.0],"evs":[0.0,-0.01807,-0.18109]},"Q4s":{"weight":1.0,"played":[2.0E-4,0.9998,0.0],"evs":[0.0,0.06274,-0.03234]},"Q5s":{"weight":1.0,"played":[0.0,1.0,0.0],"evs":[0.0,0.14362,0.06018]},"Q6s":{"weight":1.0,"played":[0.0,0.992,0.008],"evs":[0.0,0.2144,0.18264]},"Q7s":{"weight":1.0,"played":[0.0,0.9999,1.0E-4],"evs":[0.0,0.26656,0.21602]},"Q8s":{"weight":1.0,"played":[0.0,0.0019,0.9981],"evs":[0.0,0.49279,0.52314]},"Q9s":{"weight":1.0,"played":[0.0,0.0,1.0],"evs":[0.0,0.75147,0.84623]},"QTs":{"weight":1.0,"played":[0.0,0.9142,0.0858],"evs":[0.0,1.38291,1.37987]},"QJs":{"weight":1.0,"played":[0.0,1.0,0.0],"evs":[0.0,1.66918,1.63557]},"QQ":{"weight":1.0,"played":[0.0,1.0,0.0],"evs":[0.0,7.99536,7.14658]},"KQo":{"weight":1.0,"played":[0.0,0.0,1.0],"evs":[0.0,1.9383,2.08076]},"AQo":{"weight":1.0,"played":[0.0,0.9037,0.0963],"evs":[0.0,4.90367,4.89855]},"K2s":{"weight":1.0,"played":[0.0,0.9998,2.0E-4],"evs":[0.0,0.12099,0.03348]},"K3s":{"weight":1.0,"played":[0.0,0.9996,4.0E-4],"evs":[0.0,0.19546,0.16541]},"K4s":{"weight":1.0,"played":[0.0,0.4854,0.5146],"evs":[0.0,0.28415,0.27757]},"K5s":{"weight":1.0,"played":[0.0,0.6421,0.3579],"evs":[0.0,0.39021,0.39706]},"K6s":{"weight":1.0,"played":[0.0,1.0E-4,0.9999],"evs":[0.0,0.4938,0.53569]},"K7s":{"weight":1.0,"played":[0.0,0.0,1.0],"evs":[0.0,0.58382,0.62663]},"K8s":{"weight":1.0,"played":[0.0,0.1021,0.8979],"evs":[0.0,0.69704,0.71373]},"K9s":{"weight":1.0,"played":[0.0,0.1053,0.8947],"evs":[0.0,1.08292,1.08822]},"KTs":{"weight":1.0,"played":[0.0,0.9999,1.0E-4],"evs":[0.0,1.79907,1.78474]},"KJs":{"weight":1.0,"played":[0.0,1.0,0.0],"evs":[0.0,2.22431,2.20049]},"KQs":{"weight":1.0,"played":[0.0,1.0,0.0],"evs":[0.0,2.71122,2.6829]},"KK":{"weight":1.0,"played":[0.0,1.0,0.0],"evs":[0.0,9.11051,7.9673]},"AKo":{"weight":1.0,"played":[0.0,0.5088,0.4912],"evs":[0.0,5.58703,5.58485]},"A2s":{"weight":1.0,"played":[0.0,0.0,1.0],"evs":[0.0,1.40677,1.56139]},"A3s":{"weight":1.0,"played":[0.0,0.0,1.0],"evs":[0.0,1.55184,1.68161]},"A4s":{"weight":1.0,"played":[0.0,0.0,1.0],"evs":[0.0,1.71781,1.80603]},"A5s":{"weight":1.0,"played":[0.0,0.2179,0.7821],"evs":[0.0,1.98737,1.98937]},"A6s":{"weight":1.0,"played":[0.0,1.0E-4,0.9999],"evs":[0.0,1.98025,2.01276]},"A7s":{"weight":1.0,"played":[0.0,0.0317,0.9683],"evs":[0.0,2.36609,2.37915]},"A8s":{"weight":1.0,"played":[0.0,0.5096,0.4904],"evs":[0.0,2.83637,2.83186]},"A9s":{"weight":1.0,"played":[0.0,0.0802,0.9198],"evs":[0.0,3.33441,3.33744]},"ATs":{"weight":1.0,"played":[0.0,1.0,0.0],"evs":[0.0,4.21774,4.19313]},"AJs":{"weight":1.0,"played":[0.0,1.0,0.0],"evs":[0.0,4.84254,4.71815]},"AQs":{"weight":1.0,"played":[0.0,1.0,0.0],"evs":[0.0,5.46908,5.29094]},"AKs":{"weight":1.0,"played":[0.0,1.0,0.0],"evs":[0.0,6.08871,5.90035]},"AA":{"weight":1.0,"played":[0.0,1.0,0.0],"evs":[0.0,10.74657,9.39151]}}}