{"player":2,"street":0,"children":3,"sequence":[{"player":0,"type":"F","amount":0,"street":0},{"player":1,"type":"R","amount":975000,"street":0}],"actions":[{"type":"F","amount":0,"node":23},{"type":"C","amount":975000,"node":26},{"type":"R","amount":1785000,"node":32}],"hands":{"22":{"weight":1.0,"played":[0.0,0.3629,0.6371],"evs":[0.0,0.69516,0.68035]},"32o":{"weight":1.0,"played":[1.0,0.0,0.0],"evs":[0.0,-4.70231,-4.73464]},"42o":{"weight":1.0,"played":[1.0,0.0,0.0],"evs":[0.0,-4.40844,-4.43133]},"52o":{"weight":1.0,"played":[1.0,0.0,0.0],"evs":[0.0,-4.12045,-4.14255]},"62o":{"weight":1.0,"played":[1.0,0.0,0.0],"evs":[0.0,-4.52728,-4.55467]},"72o":{"weight":1.0,"played":[1.0,0.0,0.0],"evs":[0.0,-4.83982,-4.87281]},"82o":{"weight":1.0,"played":[1.0,0.0,0.0],"evs":[0.0,-4.61005,-4.64154]},"92o":{"weight":1.0,"played":[1.0,0.0,0.0],"evs":[0.0,-4.51814,-4.54779]},"T2o":{"weight":1.0,"played":[1.0,0.0,0.0],"evs":[0.0,-4.453,-4.48323]},"J2o":{"weight":1.0,"played":[1.0,0.0,0.0],"evs":[0.0,-4.07831,-4.10682]},"Q2o":{"weight":1.0,"played":[1.0,0.0,0.0],"evs":[0.0,-3.57922,-3.60112]},"K2o":{"weight":1.0,"played":[1.0,0.0,0.0],"evs":[0.0,-2.80905,-2.8128]},"A2o":{"weight":1.0,"played":[1.0,0.0,0.0],"evs":[0.0,-0.81097,-0.80977]},"32s":{"weight":1.0,"played":[1.0,0.0,0.0],"evs":[0.0,-3.1336,-3.15531]},"33":{"weight":1.0,"played":[0.0,0.3143,0.6857],"evs":[0.0,1.36419,1.35661]},"43o":{"weight":1.0,"played":[1.0,0.0,0.0],"evs":[0.0,-3.74714,-3.76655]},"53o":{"weight":1.0,"played":[1.0,0.0,0.0],"evs":[0.0,-3.44055,-3.45811]},"63o":{"weight":1.0,"played":[1.0,0.0,0.0],"evs":[0.0,-3.81236,-3.83326]},"73o":{"weight":1.0,"played":[1.0,0.0,0.0],"evs":[0.0,-4.14679,-4.17294]},"83o":{"weight":1.0,"played":[1.0,0.0,0.0],"evs":[0.0,-4.4858,-4.5143]},"93o":{"weight":1.0,"played":[1.0,0.0,0.0],"evs":[0.0,-4.27134,-4.2982]},"T3o":{"weight":1.0,"played":[1.0,0.0,0.0],"evs":[0.0,-4.20806,-4.2375]},"J3o":{"weight":1.0,"played":[1.0,0.0,0.0],"evs":[0.0,-3.84128,-3.86923]},"Q3o":{"weight":1.0,"played":[1.0,0.0,0.0],"evs":[0.0,-3.31992,-3.34286]},"K3o":{"weight":1.0,"played":[1.0,0.0,0.0],"evs":[0.0,-2.58316,-2.58354]},"A3o":{"weight":1.0,"played":[1.0,0.0,0.0],"evs":[0.0,-0.55467,-0.55093]},"42s":{"weight":1.0,"played":[1.0,0.0,0.0],"evs":[0.0,-2.85205,-2.86393]},"43s":{"weight":1.0,"played":[1.0,0.0,0.0],"evs":[0.0,-2.27331,-2.28157]},"44":{"weight":1.0,"played":[0.0,0.6116,0.3884],"evs":[0.0,2.10068,2.10418]},"54o":{"weight":1.0,"played":[1.0,0.0,0.0],"evs":[0.0,-2.74743,-2.75729]},"64o":{"weight":1.0,"played":[1.0,0.0,0.0],"evs":[0.0,-3.11662,-3.12892]},"74o":{"weight":1.0,"played":[1.0,0.0,0.0],"evs":[0.0,-3.45102,-3.46675]},"84o":{"weight":1.0,"played":[1.0,0.0,0.0],"evs":[0.0,-3.78569,-3.80419]},"94o":{"weight":1.0,"played":[1.0,0.0,0.0],"evs":[0.0,-4.11929,-4.13984]},"T4o":{"weight":1.0,"played":[1.0,0.0,0.0],"evs":[0.0,-3.93318,-3.95634]},"J4o":{"weight":1.0,"played":[1.0,0.0,0.0],"evs":[0.0,-3.57687,-3.5978]},"Q4o":{"weight":1.0,"played":[1.0,0.0,0.0],"evs":[0.0,-3.07165,-3.08872]},"K4o":{"weight":1.0,"played":[1.0,0.0,0.0],"evs":[0.0,-2.32472,-2.32152]},"A4o":{"weight":1.0,"played":[1.0,0.0,0.0],"evs":[0.0,-0.28246,-0.27381]},"52s":{"weight":1.0,"played":[1.0,0.0,0.0],"evs":[0.0,-2.62675,-2.63412]},"53s":{"weight":1.0,"played":[1.0,0.0,0.0],"evs":[0.0,-1.98514,-1.99183]},"54s":{"weight":1.0,"played":[1.0,0.0,0.0],"evs":[0.0,-1.35157,-1.35216]},"55":{"weight":1.0,"played":[0.0,0.5079,0.4921],"evs":[0.0,2.97227,2.98312]},"65o":{"weight":1.0,"played":[1.0,0.0,0.0],"evs":[0.0,-2.46809,-2.47434]},"75o":{"weight":1.0,"played":[1.0,0.0,0.0],"evs":[0.0,-2.75168,-2.76379]},"85o":{"weight":1.0,"played":[1.0,0.0,0.0],"evs":[0.0,-3.06712,-3.07964]},"95o":{"weight":1.0,"played":[1.0,0.0,0.0],"evs":[0.0,-3.41537,-3.42958]},"T5o":{"weight":1.0,"played":[1.0,0.0,0.0],"evs":[0.0,-3.76307,-3.7824]},"J5o":{"weight":1.0,"played":[1.0,0.0,0.0],"evs":[0.0,-3.30397,-3.32211]},"Q5o":{"weight":1.0,"played":[1.0,0.0,0.0],"evs":[0.0,-2.79476,-2.80662]},"K5o":{"weight":1.0,"played":[1.0,0.0,0.0],"evs":[0.0,-2.06026,-2.05303]},"A5o":{"weight":1.0,"played":[0.0,0.452,0.548],"evs":[0.0,0.14053,0.14706]},"62s":{"weight":1.0,"played":[1.0,0.0,0.0],"evs":[0.0,-2.98212,-2.99484]},"63s":{"weight":1.0,"played":[1.0,0.0,0.0],"evs":[0.0,-2.33573,-2.34664]},"64s":{"weight":1.0,"played":[1.0,0.0,0.0],"evs":[0.0,-1.68068,-1.68413]},"65s":{"weight":1.0,"played":[1.0,0.0,0.0],"evs":[0.0,-1.04258,-1.03941]},"66":{"weight":1.0,"played":[0.0,0.597,0.403],"evs":[0.0,3.69483,3.70497]},"76o":{"weight":1.0,"played":[1.0,0.0,0.0],"evs":[0.0,-2.14686,-2.15738]},"86o":{"weight":1.0,"played":[1.0,0.0,0.0],"evs":[0.0,-2.44149,-2.45222]},"96o":{"weight":1.0,"played":[1.0,0.0,0.0],"evs":[0.0,-2.78157,-2.79504]},"T6o":{"weight":1.0,"played":[1.0,0.0,0.0],"evs":[0.0,-3.12581,-3.14376]},"J6o":{"weight":1.0,"played":[1.0,0.0,0.0],"evs":[0.0,-3.20023,-3.22113]},"Q6o":{"weight":1.0,"played":[1.0,0.0,0.0],"evs":[0.0,-2.58065,-2.59417]},"K6o":{"weight":1.0,"played":[1.0,0.0,0.0],"evs":[0.0,-1.80652,-1.80218]},"A6o":{"weight":1.0,"played":[0.0,0.4128,0.5872],"evs":[0.0,0.1167,0.12185]},"72s":{"weight":1.0,"played":[1.0,0.0,0.0],"evs":[0.0,-3.27999,-3.30186]},"73s":{"weight":1.0,"played":[1.0,0.0,0.0],"evs":[0.0,-2.63729,-2.65374]},"74s":{"weight":1.0,"played":[1.0,0.0,0.0],"evs":[0.0,-1.9743,-1.98182]},"75s":{"weight":1.0,"played":[1.0,0.0,0.0],"evs":[0.0,-1.32322,-1.32288]},"76s":{"weight":1.0,"played":[1.0,0.0,0.0],"evs":[0.0,-0.7577,-0.757]},"77":{"weight":1.0,"played":[0.0,0.2869,0.7131],"evs":[0.0,4.49107,4.50455]},"87o":{"weight":1.0,"played":[1.0,0.0,0.0],"evs":[0.0,-1.94109,-1.94688]},"97o":{"weight":1.0,"played":[1.0,0.0,0.0],"evs":[0.0,-2.2279,-2.23485]},"T7o":{"weight":1.0,"played":[1.0,0.0,0.0],"evs":[0.0,-2.55865,-2.56847]},"J7o":{"weight":1.0,"played":[1.0,0.0,0.0],"evs":[0.0,-2.63395,-2.64747]},"Q7o":{"weight":1.0,"played":[1.0,0.0,0.0],"evs":[0.0,-2.52951,-2.54251]},"K7o":{"weight":1.0,"played":[1.0,0.0,0.0],"evs":[0.0,-1.60389,-1.59719]},"A7o":{"weight":1.0,"played":[0.0,0.4817,0.5183],"evs":[0.0,0.77331,0.7779]},"82s":{"weight":1.0,"played":[1.0,0.0,0.0],"evs":[0.0,-3.03947,-3.05362]},"83s":{"weight":1.0,"played":[1.0,0.0,0.0],"evs":[0.0,-2.92171,-2.93785]},"84s":{"weight":1.0,"played":[1.0,0.0,0.0],"evs":[0.0,-2.29121,-2.29953]},"85s":{"weight":1.0,"played":[1.0,0.0,0.0],"evs":[0.0,-1.60972,-1.61221]},"86s":{"weight":1.0,"played":[1.0,0.0,0.0],"evs":[0.0,-1.04338,-1.04476]},"87s":{"weight":1.0,"played":[1.0,0.0,0.0],"evs":[0.0,-0.52449,-0.52346]},"88":{"weight":1.0,"played":[0.0,0.5082,0.4918],"evs":[0.0,5.39129,5.40933]},"98o":{"weight":1.0,"played":[1.0,0.0,0.0],"evs":[0.0,-1.72327,-1.72692]},"T8o":{"weight":1.0,"played":[1.0,0.0,0.0],"evs":[0.0,-1.94287,-1.95023]},"J8o":{"weight":1.0,"played":[1.0,0.0,0.0],"evs":[0.0,-2.04246,-2.04949]},"Q8o":{"weight":1.0,"played":[1.0,0.0,0.0],"evs":[0.0,-1.94249,-1.94859]},"K8o":{"weight":1.0,"played":[1.0,0.0,0.0],"evs":[0.0,-1.41131,-1.40544]},"A8o":{"weight":1.0,"played":[0.0,0.4412,0.5588],"evs":[0.0,1.52719,1.53429]},"92s":{"weight":1.0,"played":[1.0,0.0,0.0],"evs":[0.0,-2.96166,-2.97827]},"93s":{"weight":1.0,"played":[1.0,0.0,0.0],"evs":[0.0,-2.69963,-2.71492]},"94s":{"weight":1.0,"played":[1.0,0.0,0.0],"evs":[0.0,-2.5984,-2.60568]},"95s":{"weight":1.0,"played":[1.0,0.0,0.0],"evs":[0.0,-1.93669,-1.93798]},"96s":{"weight":1.0,"played":[1.0,0.0,0.0],"evs":[0.0,-1.33811,-1.33997]},"97s":{"weight":1.0,"played":[1.0,0.0,0.0],"evs":[0.0,-0.82158,-0.8198]},"98s":{"weight":1.0,"played":[1.0,0.0,0.0],"evs":[0.0,-0.327,-0.3242]},"99":{"weight":1.0,"played":[0.0,0.6094,0.3906],"evs":[0.0,6.46445,6.48632]},"T9o":{"weight":1.0,"played":[1.0,0.0,0.0],"evs":[0.0,-1.37509,-1.37685]},"J9o":{"weight":1.0,"played":[1.0,0.0,0.0],"evs":[0.0,-1.45853,-1.46209]},"Q9o":{"weight":1.0,"played":[1.0,0.0,0.0],"evs":[0.0,-1.32101,-1.32267]},"K9o":{"weight":1.0,"played":[1.0,0.0,0.0],"evs":[0.0,-0.71121,-0.69746]},"A9o":{"weight":1.0,"played":[0.0,0.1465,0.8535],"evs":[0.0,2.40097,2.40523]},"T2s":{"weight":1.0,"played":[1.0,0.0,0.0],"evs":[0.0,-2.89258,-2.91257]},"T3s":{"weight":1.0,"played":[1.0,0.0,0.0],"evs":[0.0,-2.66815,-2.68346]},"T4s":{"weight":1.0,"played":[1.0,0.0,0.0],"evs":[0.0,-2.41576,-2.42615]},"T5s":{"weight":1.0,"played":[1.0,0.0,0.0],"evs":[0.0,-2.27731,-2.28302]},"T6s":{"weight":1.0,"played":[1.0,0.0,0.0],"evs":[0.0,-1.66921,-1.67316]},"T7s":{"weight":1.0,"played":[1.0,0.0,0.0],"evs":[0.0,-1.13939,-1.14332]},"T8s":{"weight":1.0,"played":[1.0,0.0,0.0],"evs":[0.0,-0.56935,-0.56829]},"T9s":{"weight":1.0,"played":[0.2153,0.5347,0.25],"evs":[0.0,-0.01087,-0.00231]},"TT":{"weight":1.0,"played":[0.0,0.563,0.437],"evs":[0.0,8.07768,8.10782]},"JTo":{"weight":1.0,"played":[1.0,0.0,0.0],"evs":[0.0,-0.6684,-0.66756]},"QTo":{"weight":1.0,"played":[1.0,0.0,0.0],"evs":[0.0,-0.38293,-0.38314]},"KTo":{"weight":1.0,"played":[0.0,0.5427,0.4573],"evs":[0.0,0.40395,0.42029]},"ATo":{"weight":1.0,"played":[0.0,0.3398,0.6602],"evs":[0.0,4.11226,4.11695]},"J2s":{"weight":1.0,"played":[1.0,0.0,0.0],"evs":[0.0,-2.53635,-2.55299]},"J3s":{"weight":1.0,"played":[1.0,0.0,0.0],"evs":[0.0,-2.30091,-2.31568]},"J4s":{"weight":1.0,"played":[1.0,0.0,0.0],"evs":[0.0,-2.07099,-2.08219]},"J5s":{"weight":1.0,"played":[1.0,0.0,0.0],"evs":[0.0,-1.78428,-1.78977]},"J6s":{"weight":1.0,"played":[1.0,0.0,0.0],"evs":[0.0,-1.69671,-1.70337]},"J7s":{"weight":1.0,"played":[1.0,0.0,0.0],"evs":[0.0,-1.17442,-1.17837]},"J8s":{"weight":1.0,"played":[1.0,0.0,0.0],"evs":[0.0,-0.60107,-0.59993]},"J9s":{"weight":1.0,"played":[0.9992,4.0E-4,4.0E-4],"evs":[0.0,-0.09945,-0.09434]},"JTs":{"weight":1.0,"played":[0.0,0.4186,0.5814],"evs":[0.0,0.63275,0.64079]},"JJ":{"weight":1.0,"played":[0.0,0.6232,0.3768],"evs":[0.0,9.76824,9.80685]},"QJo":{"weight":1.0,"played":[0.0,0.615,0.385],"evs":[0.0,0.26266,0.27052]},"KJo":{"weight":1.0,"played":[0.0,0.5314,0.4686],"evs":[0.0,1.12017,1.14619]},"AJo":{"weight":1.0,"played":[0.0,0.5644,0.4356],"evs":[0.0,5.29179,5.30012]},"Q2s":{"weight":1.0,"played":[1.0,0.0,0.0],"evs":[0.0,-2.05766,-2.07305]},"Q3s":{"weight":1.0,"played":[1.0,0.0,0.0],"evs":[0.0,-1.78312,-1.7925]},"Q4s":{"weight":1.0,"played":[1.0,0.0,0.0],"evs":[0.0,-1.57746,-1.58333]},"Q5s":{"weight":1.0,"played":[1.0,0.0,0.0],"evs":[0.0,-1.32194,-1.326]},"Q6s":{"weight":1.0,"played":[1.0,0.0,0.0],"evs":[0.0,-1.11783,-1.12047]},"Q7s":{"weight":1.0,"played":[1.0,0.0,0.0],"evs":[0.0,-1.05846,-1.05907]},"Q8s":{"weight":1.0,"played":[1.0,0.0,0.0],"evs":[0.0,-0.53589,-0.5341]},"Q9s":{"weight":1.0,"played":[0.0,0.7879,0.212],"evs":[0.0,0.04129,0.04464]},"QTs":{"weight":1.0,"played":[0.0,0.6962,0.3038],"evs":[0.0,0.92559,0.92917]},"QJs":{"weight":1.0,"played":[0.0,0.5687,0.4313],"evs":[0.0,1.51912,1.53782]},"QQ":{"weight":1.0,"played":[0.0,0.5708,0.4292],"evs":[0.0,11.50762,11.56186]},"KQo":{"weight":1.0,"played":[0.0,0.5734,0.4266],"evs":[0.0,1.99709,2.02242]},"AQo":{"weight":1.0,"played":[0.0,0.3842,0.6158],"evs":[0.0,6.54033,6.5515]},"K2s":{"weight":1.0,"played":[1.0,0.0,0.0],"evs":[0.0,-1.30884,-1.30308]},"K3s":{"weight":1.0,"played":[1.0,0.0,0.0],"evs":[0.0,-1.11712,-1.11091]},"K4s":{"weight":1.0,"played":[1.0,0.0,0.0],"evs":[0.0,-0.86406,-0.85141]},"K5s":{"weight":1.0,"played":[1.0,0.0,0.0],"evs":[0.0,-0.59287,-0.57848]},"K6s":{"weight":1.0,"played":[1.0,0.0,0.0],"evs":[0.0,-0.34612,-0.33023]},"K7s":{"weight":1.0,"played":[1.0,0.0,0.0],"evs":[0.0,-0.1816,-0.16542]},"K8s":{"weight":1.0,"played":[0.0473,0.5383,0.4143],"evs":[0.0,0.02277,0.03613]},"K9s":{"weight":1.0,"played":[0.0,0.5844,0.4156],"evs":[0.0,0.65901,0.67631]},"KTs":{"weight":1.0,"played":[0.0,0.5638,0.4362],"evs":[0.0,1.70363,1.72299]},"KJs":{"weight":1.0,"played":[0.0,0.5605,0.4395],"evs":[0.0,2.35535,2.38637]},"KQs":{"weight":1.0,"played":[0.0,0.5898,0.4102],"evs":[0.0,3.16467,3.19333]},"KK":{"weight":1.0,"played":[0.0,0.5524,0.4476],"evs":[0.0,13.48991,13.558]},"AKo":{"weight":1.0,"played":[0.0,0.4601,0.5399],"evs":[0.0,7.88309,7.893]},"A2s":{"weight":1.0,"played":[0.0,0.465,0.535],"evs":[0.0,0.60062,0.60884]},"A3s":{"weight":1.0,"played":[0.0,0.5864,0.4136],"evs":[0.0,0.829,0.83856]},"A4s":{"weight":1.0,"played":[0.0,0.5212,0.4788],"evs":[0.0,1.10742,1.12446]},"A5s":{"weight":1.0,"played":[0.0,0.5506,0.4494],"evs":[0.0,1.46012,1.47275]},"A6s":{"weight":1.0,"played":[0.0,0.57,0.43],"evs":[0.0,1.45119,1.46057]},"A7s":{"weight":1.0,"played":[0.0,0.5583,0.4417],"evs":[0.0,2.08135,2.09223]},"A8s":{"weight":1.0,"played":[0.0,0.5786,0.4214],"evs":[0.0,2.7958,2.80727]},"A9s":{"weight":1.0,"played":[0.0,0.5715,0.4285],"evs":[0.0,3.57549,3.58507]},"ATs":{"weight":1.0,"played":[0.0,0.5565,0.4435],"evs":[0.0,5.19526,5.20856]},"AJs":{"weight":1.0,"played":[0.0,0.5697,0.4303],"evs":[0.0,6.27909,6.29564]},"AQs":{"weight":1.0,"played":[0.0,0.5119,0.4881],"evs":[0.0,7.43227,7.45124]},"AKs":{"weight":1.0,"played":[0.0,0.5327,0.4673],"evs":[0.0,8.69172,8.70795]},"AA":{"weight":1.0,"played":[0.0,0.577,0.423],"evs":[0.0,17.58692,17.66632]}}}