{"player":4,"street":0,"children":2,"sequence":[{"player":0,"type":"F","amount":0,"street":0},{"player":1,"type":"R","amount":975000,"street":0},{"player":2,"type":"F","amount":0,"street":0},{"player":3,"type":"C","amount":925000,"street":0}],"actions":[{"type":"F","amount":0},{"type":"C","amount":855000}],"hands":{"22":{"weight":1.0,"played":[1.0,0.0],"evs":[0.0,-0.57749]},"32o":{"weight":1.0,"played":[1.0,0.0],"evs":[0.0,-4.28792]},"42o":{"weight":1.0,"played":[1.0,0.0],"evs":[0.0,-3.97011]},"52o":{"weight":1.0,"played":[1.0,0.0],"evs":[0.0,-3.74631]},"62o":{"weight":1.0,"played":[1.0,0.0],"evs":[0.0,-4.10495]},"72o":{"weight":1.0,"played":[1.0,0.0],"evs":[0.0,-4.46644]},"82o":{"weight":1.0,"played":[1.0,0.0],"evs":[0.0,-4.27506]},"92o":{"weight":1.0,"played":[1.0,0.0],"evs":[0.0,-4.2684]},"T2o":{"weight":1.0,"played":[1.0,0.0],"evs":[0.0,-4.23771]},"J2o":{"weight":1.0,"played":[1.0,0.0],"evs":[0.0,-3.91671]},"Q2o":{"weight":1.0,"played":[1.0,0.0],"evs":[0.0,-3.56472]},"K2o":{"weight":1.0,"played":[1.0,0.0],"evs":[0.0,-3.24679]},"A2o":{"weight":1.0,"played":[1.0,0.0],"evs":[0.0,-2.39238]},"32s":{"weight":1.0,"played":[1.0,0.0],"evs":[0.0,-2.68987]},"33":{"weight":1.0,"played":[0.0057,0.9943],"evs":[0.0,0.16841]},"43o":{"weight":1.0,"played":[1.0,0.0],"evs":[0.0,-3.26234]},"53o":{"weight":1.0,"played":[1.0,0.0],"evs":[0.0,-3.00568]},"63o":{"weight":1.0,"played":[1.0,0.0],"evs":[0.0,-3.35005]},"73o":{"weight":1.0,"played":[1.0,0.0],"evs":[0.0,-3.73242]},"83o":{"weight":1.0,"played":[1.0,0.0],"evs":[0.0,-4.15051]},"93o":{"weight":1.0,"played":[1.0,0.0],"evs":[0.0,-3.99125]},"T3o":{"weight":1.0,"played":[1.0,0.0],"evs":[0.0,-3.95093]},"J3o":{"weight":1.0,"played":[1.0,0.0],"evs":[0.0,-3.65475]},"Q3o":{"weight":1.0,"played":[1.0,0.0],"evs":[0.0,-3.31729]},"K3o":{"weight":1.0,"played":[1.0,0.0],"evs":[0.0,-2.96141]},"A3o":{"weight":1.0,"played":[1.0,0.0],"evs":[0.0,-2.06887]},"42s":{"weight":1.0,"played":[1.0,0.0],"evs":[0.0,-2.47361]},"43s":{"weight":1.0,"played":[1.0,0.0],"evs":[0.0,-1.76526]},"44":{"weight":1.0,"played":[0.0,1.0],"evs":[0.0,0.9011]},"54o":{"weight":1.0,"played":[1.0,0.0],"evs":[0.0,-2.33451]},"64o":{"weight":1.0,"played":[1.0,0.0],"evs":[0.0,-2.63307]},"74o":{"weight":1.0,"played":[1.0,0.0],"evs":[0.0,-3.02636]},"84o":{"weight":1.0,"played":[1.0,0.0],"evs":[0.0,-3.41386]},"94o":{"weight":1.0,"played":[1.0,0.0],"evs":[0.0,-3.84485]},"T4o":{"weight":1.0,"played":[1.0,0.0],"evs":[0.0,-3.68446]},"J4o":{"weight":1.0,"played":[1.0,0.0],"evs":[0.0,-3.36579]},"Q4o":{"weight":1.0,"played":[1.0,0.0],"evs":[0.0,-3.04386]},"K4o":{"weight":1.0,"played":[1.0,0.0],"evs":[0.0,-2.69374]},"A4o":{"weight":1.0,"played":[1.0,0.0],"evs":[0.0,-1.7533]},"52s":{"weight":1.0,"played":[1.0,0.0],"evs":[0.0,-2.17446]},"53s":{"weight":1.0,"played":[1.0,0.0],"evs":[0.0,-1.46295]},"54s":{"weight":1.0,"played":[1.0,0.0],"evs":[0.0,-0.89687]},"55":{"weight":1.0,"played":[0.0,1.0],"evs":[0.0,1.66972]},"65o":{"weight":1.0,"played":[1.0,0.0],"evs":[0.0,-1.99122]},"75o":{"weight":1.0,"played":[1.0,0.0],"evs":[0.0,-2.33772]},"85o":{"weight":1.0,"played":[1.0,0.0],"evs":[0.0,-2.71029]},"95o":{"weight":1.0,"played":[1.0,0.0],"evs":[0.0,-3.12708]},"T5o":{"weight":1.0,"played":[1.0,0.0],"evs":[0.0,-3.53195]},"J5o":{"weight":1.0,"played":[1.0,0.0],"evs":[0.0,-3.13202]},"Q5o":{"weight":1.0,"played":[1.0,0.0],"evs":[0.0,-2.77402]},"K5o":{"weight":1.0,"played":[1.0,0.0],"evs":[0.0,-2.39543]},"A5o":{"weight":1.0,"played":[1.0,0.0],"evs":[0.0,-1.33888]},"62s":{"weight":1.0,"played":[1.0,0.0],"evs":[0.0,-2.51002]},"63s":{"weight":1.0,"played":[1.0,0.0],"evs":[0.0,-1.81108]},"64s":{"weight":1.0,"played":[1.0,0.0],"evs":[0.0,-1.16352]},"65s":{"weight":1.0,"played":[1.0,0.0],"evs":[0.0,-0.55342]},"66":{"weight":1.0,"played":[0.0,1.0],"evs":[0.0,2.39276]},"76o":{"weight":1.0,"played":[1.0,0.0],"evs":[0.0,-1.70864]},"86o":{"weight":1.0,"played":[1.0,0.0],"evs":[0.0,-2.0443]},"96o":{"weight":1.0,"played":[1.0,0.0],"evs":[0.0,-2.48398]},"T6o":{"weight":1.0,"played":[1.0,0.0],"evs":[0.0,-2.8811]},"J6o":{"weight":1.0,"played":[1.0,0.0],"evs":[0.0,-2.98643]},"Q6o":{"weight":1.0,"played":[1.0,0.0],"evs":[0.0,-2.56789]},"K6o":{"weight":1.0,"played":[1.0,0.0],"evs":[0.0,-2.1334]},"A6o":{"weight":1.0,"played":[1.0,0.0],"evs":[0.0,-1.45424]},"72s":{"weight":1.0,"played":[1.0,0.0],"evs":[0.0,-2.85763]},"73s":{"weight":1.0,"played":[1.0,0.0],"evs":[0.0,-2.18087]},"74s":{"weight":1.0,"played":[1.0,0.0],"evs":[0.0,-1.53159]},"75s":{"weight":1.0,"played":[1.0,0.0],"evs":[0.0,-0.89614]},"76s":{"weight":1.0,"played":[0.9994,6.0E-4],"evs":[0.0,-0.32164]},"77":{"weight":1.0,"played":[0.0,1.0],"evs":[0.0,3.11206]},"87o":{"weight":1.0,"played":[1.0,0.0],"evs":[0.0,-1.57795]},"97o":{"weight":1.0,"played":[1.0,0.0],"evs":[0.0,-1.9382]},"T7o":{"weight":1.0,"played":[1.0,0.0],"evs":[0.0,-2.28495]},"J7o":{"weight":1.0,"played":[1.0,0.0],"evs":[0.0,-2.44496]},"Q7o":{"weight":1.0,"played":[1.0,0.0],"evs":[0.0,-2.49402]},"K7o":{"weight":1.0,"played":[1.0,0.0],"evs":[0.0,-1.9585]},"A7o":{"weight":1.0,"played":[1.0,0.0],"evs":[0.0,-0.82197]},"82s":{"weight":1.0,"played":[1.0,0.0],"evs":[0.0,-2.69965]},"83s":{"weight":1.0,"played":[1.0,0.0],"evs":[0.0,-2.54438]},"84s":{"weight":1.0,"played":[1.0,0.0],"evs":[0.0,-1.83812]},"85s":{"weight":1.0,"played":[1.0,0.0],"evs":[0.0,-1.24099]},"86s":{"weight":1.0,"played":[1.0,0.0],"evs":[0.0,-0.62848]},"87s":{"weight":1.0,"played":[0.9987,0.0013],"evs":[0.0,-0.13754]},"88":{"weight":1.0,"played":[0.0,1.0],"evs":[0.0,3.99994]},"98o":{"weight":1.0,"played":[1.0,0.0],"evs":[0.0,-1.46416]},"T8o":{"weight":1.0,"played":[1.0,0.0],"evs":[0.0,-1.71763]},"J8o":{"weight":1.0,"played":[1.0,0.0],"evs":[0.0,-1.86194]},"Q8o":{"weight":1.0,"played":[1.0,0.0],"evs":[0.0,-1.9397]},"K8o":{"weight":1.0,"played":[1.0,0.0],"evs":[0.0,-1.83473]},"A8o":{"weight":1.0,"played":[0.9999,1.0E-4],"evs":[0.0,-0.13899]},"92s":{"weight":1.0,"played":[1.0,0.0],"evs":[0.0,-2.67491]},"93s":{"weight":1.0,"played":[1.0,0.0],"evs":[0.0,-2.38888]},"94s":{"weight":1.0,"played":[1.0,0.0],"evs":[0.0,-2.29224]},"95s":{"weight":1.0,"played":[1.0,0.0],"evs":[0.0,-1.58488]},"96s":{"weight":1.0,"played":[1.0,0.0],"evs":[0.0,-0.94093]},"97s":{"weight":1.0,"played":[1.0,0.0],"evs":[0.0,-0.44611]},"98s":{"weight":1.0,"played":[0.9812,0.0188],"evs":[0.0,-0.07587]},"99":{"weight":1.0,"played":[0.0,1.0],"evs":[0.0,5.14397]},"T9o":{"weight":1.0,"played":[1.0,0.0],"evs":[0.0,-1.12292]},"J9o":{"weight":1.0,"played":[1.0,0.0],"evs":[0.0,-1.29493]},"Q9o":{"weight":1.0,"played":[1.0,0.0],"evs":[0.0,-1.35067]},"K9o":{"weight":1.0,"played":[1.0,0.0],"evs":[0.0,-1.10927]},"A9o":{"weight":1.0,"played":[0.0,1.0],"evs":[0.0,0.60572]},"T2s":{"weight":1.0,"played":[1.0,0.0],"evs":[0.0,-2.62386]},"T3s":{"weight":1.0,"played":[1.0,0.0],"evs":[0.0,-2.3727]},"T4s":{"weight":1.0,"played":[1.0,0.0],"evs":[0.0,-2.11695]},"T5s":{"weight":1.0,"played":[1.0,0.0],"evs":[0.0,-1.97064]},"T6s":{"weight":1.0,"played":[1.0,0.0],"evs":[0.0,-1.35652]},"T7s":{"weight":1.0,"played":[1.0,0.0],"evs":[0.0,-0.79958]},"T8s":{"weight":1.0,"played":[1.0,0.0],"evs":[0.0,-0.20624]},"T9s":{"weight":1.0,"played":[2.0E-4,0.9998],"evs":[0.0,0.30019]},"TT":{"weight":1.0,"played":[0.0,1.0],"evs":[0.0,6.78147]},"JTo":{"weight":1.0,"played":[1.0,0.0],"evs":[0.0,-0.51228]},"QTo":{"weight":1.0,"played":[1.0,0.0],"evs":[0.0,-0.43858]},"KTo":{"weight":1.0,"played":[0.9995,5.0E-4],"evs":[0.0,-0.06169]},"ATo":{"weight":1.0,"played":[0.0,1.0],"evs":[0.0,2.32574]},"J2s":{"weight":1.0,"played":[1.0,0.0],"evs":[0.0,-2.32345]},"J3s":{"weight":1.0,"played":[1.0,0.0],"evs":[0.0,-2.05395]},"J4s":{"weight":1.0,"played":[1.0,0.0],"evs":[0.0,-1.81496]},"J5s":{"weight":1.0,"played":[1.0,0.0],"evs":[0.0,-1.5763]},"J6s":{"weight":1.0,"played":[1.0,0.0],"evs":[0.0,-1.46255]},"J7s":{"weight":1.0,"played":[1.0,0.0],"evs":[0.0,-0.90767]},"J8s":{"weight":1.0,"played":[1.0,0.0],"evs":[0.0,-0.39475]},"J9s":{"weight":1.0,"played":[0.0,1.0],"evs":[0.0,0.128]},"JTs":{"weight":1.0,"played":[0.0,1.0],"evs":[0.0,0.8771]},"JJ":{"weight":1.0,"played":[0.0,1.0],"evs":[0.0,8.62105]},"QJo":{"weight":1.0,"played":[0.0,1.0],"evs":[0.0,0.10252]},"KJo":{"weight":1.0,"played":[0.0,1.0],"evs":[0.0,0.64463]},"AJo":{"weight":1.0,"played":[0.0,1.0],"evs":[0.0,3.40769]},"Q2s":{"weight":1.0,"played":[1.0,0.0],"evs":[0.0,-1.94694]},"Q3s":{"weight":1.0,"played":[1.0,0.0],"evs":[0.0,-1.73915]},"Q4s":{"weight":1.0,"played":[1.0,0.0],"evs":[0.0,-1.45606]},"Q5s":{"weight":1.0,"played":[1.0,0.0],"evs":[0.0,-1.20328]},"Q6s":{"weight":1.0,"played":[1.0,0.0],"evs":[0.0,-1.03037]},"Q7s":{"weight":1.0,"played":[1.0,0.0],"evs":[0.0,-0.96299]},"Q8s":{"weight":1.0,"played":[1.0,0.0],"evs":[0.0,-0.4652]},"Q9s":{"weight":1.0,"played":[3.0E-4,0.9997],"evs":[0.0,0.12705]},"QTs":{"weight":1.0,"played":[0.0,1.0],"evs":[0.0,0.93354]},"QJs":{"weight":1.0,"played":[0.0,1.0],"evs":[0.0,1.50381]},"QQ":{"weight":1.0,"played":[0.0,1.0],"evs":[0.0,10.55855]},"KQo":{"weight":1.0,"played":[0.0,1.0],"evs":[0.0,1.43592]},"AQo":{"weight":1.0,"played":[0.0,1.0],"evs":[0.0,4.51157]},"K2s":{"weight":1.0,"played":[1.0,0.0],"evs":[0.0,-1.58425]},"K3s":{"weight":1.0,"played":[1.0,0.0],"evs":[0.0,-1.31786]},"K4s":{"weight":1.0,"played":[1.0,0.0],"evs":[0.0,-1.13372]},"K5s":{"weight":1.0,"played":[1.0,0.0],"evs":[0.0,-0.84536]},"K6s":{"weight":1.0,"played":[1.0,0.0],"evs":[0.0,-0.59097]},"K7s":{"weight":1.0,"played":[0.9999,1.0E-4],"evs":[0.0,-0.37607]},"K8s":{"weight":1.0,"played":[0.9962,0.0038],"evs":[0.0,-0.31462]},"K9s":{"weight":1.0,"played":[0.0,1.0],"evs":[0.0,0.34069]},"KTs":{"weight":1.0,"played":[0.0,1.0],"evs":[0.0,1.37198]},"KJs":{"weight":1.0,"played":[0.0,1.0],"evs":[0.0,2.00745]},"KQs":{"weight":1.0,"played":[0.0,1.0],"evs":[0.0,2.81791]},"KK":{"weight":1.0,"played":[0.0,1.0],"evs":[0.0,12.93857]},"AKo":{"weight":1.0,"played":[0.0,1.0],"evs":[0.0,5.86849]},"A2s":{"weight":1.0,"played":[1.0,0.0],"evs":[0.0,-0.68854]},"A3s":{"weight":1.0,"played":[0.9999,1.0E-4],"evs":[0.0,-0.4648]},"A4s":{"weight":1.0,"played":[0.9994,6.0E-4],"evs":[0.0,-0.18816]},"A5s":{"weight":1.0,"played":[0.0,1.0],"evs":[0.0,0.17735]},"A6s":{"weight":1.0,"played":[0.0015,0.9985],"evs":[0.0,0.12114]},"A7s":{"weight":1.0,"played":[0.0,1.0],"evs":[0.0,0.72635]},"A8s":{"weight":1.0,"played":[0.0,1.0],"evs":[0.0,1.40046]},"A9s":{"weight":1.0,"played":[0.0,1.0],"evs":[0.0,2.05239]},"ATs":{"weight":1.0,"played":[0.0,1.0],"evs":[0.0,3.67126]},"AJs":{"weight":1.0,"played":[0.0,1.0],"evs":[0.0,4.6415]},"AQs":{"weight":1.0,"played":[0.0,1.0],"evs":[0.0,5.74816]},"AKs":{"weight":1.0,"played":[0.0,1.0],"evs":[0.0,6.97945]},"AA":{"weight":1.0,"played":[0.0,1.0],"evs":[0.0,17.85901]}}}