{"player":4,"street":0,"children":2,"sequence":[{"player":0,"type":"F","amount":0,"street":0},{"player":1,"type":"R","amount":975000,"street":0},{"player":2,"type":"C","amount":975000,"street":0},{"player":3,"type":"R","amount":1785000,"street":0}],"actions":[{"type":"F","amount":0,"node":30},{"type":"C","amount":855000,"node":31}],"hands":{"22":{"weight":1.0,"played":[1.0,0.0],"evs":[0.0,-1.49425]},"32o":{"weight":1.0,"played":[1.0,0.0],"evs":[0.0,-4.42735]},"42o":{"weight":1.0,"played":[1.0,0.0],"evs":[0.0,-4.22419]},"52o":{"weight":1.0,"played":[1.0,0.0],"evs":[0.0,-4.04471]},"62o":{"weight":1.0,"played":[1.0,0.0],"evs":[0.0,-4.4079]},"72o":{"weight":1.0,"played":[1.0,0.0],"evs":[0.0,-4.84732]},"82o":{"weight":1.0,"played":[1.0,0.0],"evs":[0.0,-4.61044]},"92o":{"weight":1.0,"played":[1.0,0.0],"evs":[0.0,-4.68904]},"T2o":{"weight":1.0,"played":[1.0,0.0],"evs":[0.0,-4.90621]},"J2o":{"weight":1.0,"played":[1.0,0.0],"evs":[0.0,-4.71822]},"Q2o":{"weight":1.0,"played":[1.0,0.0],"evs":[0.0,-4.63425]},"K2o":{"weight":1.0,"played":[1.0,0.0],"evs":[0.0,-4.18252]},"A2o":{"weight":1.0,"played":[1.0,0.0],"evs":[0.0,-4.74573]},"32s":{"weight":1.0,"played":[1.0,0.0],"evs":[0.0,-2.38601]},"33":{"weight":1.0,"played":[0.9997,3.0E-4],"evs":[0.0,-0.75411]},"43o":{"weight":1.0,"played":[1.0,0.0],"evs":[0.0,-3.34661]},"53o":{"weight":1.0,"played":[1.0,0.0],"evs":[0.0,-3.11082]},"63o":{"weight":1.0,"played":[1.0,0.0],"evs":[0.0,-3.59398]},"73o":{"weight":1.0,"played":[1.0,0.0],"evs":[0.0,-4.05087]},"83o":{"weight":1.0,"played":[1.0,0.0],"evs":[0.0,-4.60538]},"93o":{"weight":1.0,"played":[1.0,0.0],"evs":[0.0,-4.51862]},"T3o":{"weight":1.0,"played":[1.0,0.0],"evs":[0.0,-4.72234]},"J3o":{"weight":1.0,"played":[1.0,0.0],"evs":[0.0,-4.50739]},"Q3o":{"weight":1.0,"played":[1.0,0.0],"evs":[0.0,-4.18949]},"K3o":{"weight":1.0,"played":[1.0,0.0],"evs":[0.0,-4.00469]},"A3o":{"weight":1.0,"played":[1.0,0.0],"evs":[0.0,-4.30917]},"42s":{"weight":1.0,"played":[1.0,0.0],"evs":[0.0,-2.15889]},"43s":{"weight":1.0,"played":[1.0,0.0],"evs":[0.0,-1.45554]},"44":{"weight":1.0,"played":[0.9951,0.0049],"evs":[0.0,-0.47555]},"54o":{"weight":1.0,"played":[1.0,0.0],"evs":[0.0,-2.13638]},"64o":{"weight":1.0,"played":[1.0,0.0],"evs":[0.0,-2.6852]},"74o":{"weight":1.0,"played":[1.0,0.0],"evs":[0.0,-3.24214]},"84o":{"weight":1.0,"played":[1.0,0.0],"evs":[0.0,-3.81196]},"94o":{"weight":1.0,"played":[1.0,0.0],"evs":[0.0,-4.25933]},"T4o":{"weight":1.0,"played":[1.0,0.0],"evs":[0.0,-4.60108]},"J4o":{"weight":1.0,"played":[1.0,0.0],"evs":[0.0,-4.31894]},"Q4o":{"weight":1.0,"played":[1.0,0.0],"evs":[0.0,-4.04117]},"K4o":{"weight":1.0,"played":[1.0,0.0],"evs":[0.0,-3.75379]},"A4o":{"weight":1.0,"played":[1.0,0.0],"evs":[0.0,-4.17502]},"52s":{"weight":1.0,"played":[1.0,0.0],"evs":[0.0,-1.71757]},"53s":{"weight":1.0,"played":[0.9991,9.0E-4],"evs":[0.0,-1.24307]},"54s":{"weight":1.0,"played":[0.9735,0.0265],"evs":[0.0,-0.3852]},"55":{"weight":1.0,"played":[8.0E-4,0.9992],"evs":[0.0,0.45918]},"65o":{"weight":1.0,"played":[1.0,0.0],"evs":[0.0,-1.87618]},"75o":{"weight":1.0,"played":[1.0,0.0],"evs":[0.0,-2.45412]},"85o":{"weight":1.0,"played":[1.0,0.0],"evs":[0.0,-3.08484]},"95o":{"weight":1.0,"played":[1.0,0.0],"evs":[0.0,-3.68423]},"T5o":{"weight":1.0,"played":[1.0,0.0],"evs":[0.0,-4.47498]},"J5o":{"weight":1.0,"played":[1.0,0.0],"evs":[0.0,-4.08128]},"Q5o":{"weight":1.0,"played":[1.0,0.0],"evs":[0.0,-3.84098]},"K5o":{"weight":1.0,"played":[1.0,0.0],"evs":[0.0,-3.46671]},"A5o":{"weight":1.0,"played":[1.0,0.0],"evs":[0.0,-3.70843]},"62s":{"weight":1.0,"played":[1.0,0.0],"evs":[0.0,-2.27165]},"63s":{"weight":1.0,"played":[0.9999,1.0E-4],"evs":[0.0,-1.62806]},"64s":{"weight":1.0,"played":[0.9457,0.0543],"evs":[0.0,-0.40003]},"65s":{"weight":1.0,"played":[0.0583,0.9417],"evs":[0.0,0.05522]},"66":{"weight":1.0,"played":[0.0,1.0],"evs":[0.0,1.089]},"76o":{"weight":1.0,"played":[1.0,0.0],"evs":[0.0,-1.79879]},"86o":{"weight":1.0,"played":[1.0,0.0],"evs":[0.0,-2.1494]},"96o":{"weight":1.0,"played":[1.0,0.0],"evs":[0.0,-2.76389]},"T6o":{"weight":1.0,"played":[1.0,0.0],"evs":[0.0,-3.43904]},"J6o":{"weight":1.0,"played":[1.0,0.0],"evs":[0.0,-3.87559]},"Q6o":{"weight":1.0,"played":[1.0,0.0],"evs":[0.0,-3.58969]},"K6o":{"weight":1.0,"played":[1.0,0.0],"evs":[0.0,-3.23495]},"A6o":{"weight":1.0,"played":[1.0,0.0],"evs":[0.0,-4.29979]},"72s":{"weight":1.0,"played":[1.0,0.0],"evs":[0.0,-3.05988]},"73s":{"weight":1.0,"played":[1.0,0.0],"evs":[0.0,-2.19936]},"74s":{"weight":1.0,"played":[1.0,0.0],"evs":[0.0,-1.41749]},"75s":{"weight":1.0,"played":[1.0,0.0],"evs":[0.0,-0.3576]},"76s":{"weight":1.0,"played":[0.0267,0.9733],"evs":[0.0,0.0646]},"77":{"weight":1.0,"played":[0.0,1.0],"evs":[0.0,1.89749]},"87o":{"weight":1.0,"played":[1.0,0.0],"evs":[0.0,-1.73655]},"97o":{"weight":1.0,"played":[1.0,0.0],"evs":[0.0,-2.26172]},"T7o":{"weight":1.0,"played":[1.0,0.0],"evs":[0.0,-2.75157]},"J7o":{"weight":1.0,"played":[1.0,0.0],"evs":[0.0,-3.19813]},"Q7o":{"weight":1.0,"played":[1.0,0.0],"evs":[0.0,-3.47002]},"K7o":{"weight":1.0,"played":[1.0,0.0],"evs":[0.0,-3.04617]},"A7o":{"weight":1.0,"played":[1.0,0.0],"evs":[0.0,-3.71153]},"82s":{"weight":1.0,"played":[1.0,0.0],"evs":[0.0,-2.82852]},"83s":{"weight":1.0,"played":[1.0,0.0],"evs":[0.0,-2.84677]},"84s":{"weight":1.0,"played":[0.9996,4.0E-4],"evs":[0.0,-1.90697]},"85s":{"weight":1.0,"played":[1.0,0.0],"evs":[0.0,-0.70126]},"86s":{"weight":1.0,"played":[0.6445,0.3555],"evs":[0.0,-0.34806]},"87s":{"weight":1.0,"played":[0.6513,0.3487],"evs":[0.0,-0.40363]},"88":{"weight":1.0,"played":[0.0,1.0],"evs":[0.0,2.70073]},"98o":{"weight":1.0,"played":[1.0,0.0],"evs":[0.0,-1.77529]},"T8o":{"weight":1.0,"played":[1.0,0.0],"evs":[0.0,-2.27209]},"J8o":{"weight":1.0,"played":[1.0,0.0],"evs":[0.0,-2.50684]},"Q8o":{"weight":1.0,"played":[1.0,0.0],"evs":[0.0,-2.97227]},"K8o":{"weight":1.0,"played":[1.0,0.0],"evs":[0.0,-2.87126]},"A8o":{"weight":1.0,"played":[1.0,0.0],"evs":[0.0,-3.44132]},"92s":{"weight":1.0,"played":[1.0,0.0],"evs":[0.0,-2.73005]},"93s":{"weight":1.0,"played":[1.0,0.0],"evs":[0.0,-2.56823]},"94s":{"weight":1.0,"played":[1.0,0.0],"evs":[0.0,-2.3966]},"95s":{"weight":1.0,"played":[1.0,0.0],"evs":[0.0,-1.6782]},"96s":{"weight":1.0,"played":[0.9923,0.0077],"evs":[0.0,-0.73711]},"97s":{"weight":1.0,"played":[0.4313,0.5687],"evs":[0.0,-0.03736]},"98s":{"weight":1.0,"played":[0.0015,0.9985],"evs":[0.0,0.32436]},"99":{"weight":1.0,"played":[0.0,1.0],"evs":[0.0,3.73309]},"T9o":{"weight":1.0,"played":[1.0,0.0],"evs":[0.0,-1.56631]},"J9o":{"weight":1.0,"played":[1.0,0.0],"evs":[0.0,-1.89513]},"Q9o":{"weight":1.0,"played":[1.0,0.0],"evs":[0.0,-2.11882]},"K9o":{"weight":1.0,"played":[1.0,0.0],"evs":[0.0,-2.19933]},"A9o":{"weight":1.0,"played":[1.0,0.0],"evs":[0.0,-2.94313]},"T2s":{"weight":1.0,"played":[1.0,0.0],"evs":[0.0,-2.99492]},"T3s":{"weight":1.0,"played":[1.0,0.0],"evs":[0.0,-2.71273]},"T4s":{"weight":1.0,"played":[1.0,0.0],"evs":[0.0,-2.58665]},"T5s":{"weight":1.0,"played":[0.9999,1.0E-4],"evs":[0.0,-1.99609]},"T6s":{"weight":1.0,"played":[0.9987,0.0013],"evs":[0.0,-1.59135]},"T7s":{"weight":1.0,"played":[0.9997,3.0E-4],"evs":[0.0,-0.92389]},"T8s":{"weight":1.0,"played":[0.7518,0.2482],"evs":[0.0,-0.37643]},"T9s":{"weight":1.0,"played":[0.0034,0.9966],"evs":[0.0,0.52645]},"TT":{"weight":1.0,"played":[0.0,1.0],"evs":[0.0,5.25923]},"JTo":{"weight":1.0,"played":[0.9999,1.0E-4],"evs":[0.0,-1.35081]},"QTo":{"weight":1.0,"played":[1.0,0.0],"evs":[0.0,-1.60664]},"KTo":{"weight":1.0,"played":[1.0,0.0],"evs":[0.0,-1.30963]},"ATo":{"weight":1.0,"played":[1.0,0.0],"evs":[0.0,-1.64089]},"J2s":{"weight":1.0,"played":[1.0,0.0],"evs":[0.0,-2.87359]},"J3s":{"weight":1.0,"played":[1.0,0.0],"evs":[0.0,-2.56633]},"J4s":{"weight":1.0,"played":[1.0,0.0],"evs":[0.0,-2.32812]},"J5s":{"weight":1.0,"played":[1.0,0.0],"evs":[0.0,-2.18742]},"J6s":{"weight":1.0,"played":[1.0,0.0],"evs":[0.0,-1.87349]},"J7s":{"weight":1.0,"played":[0.9997,3.0E-4],"evs":[0.0,-1.1303]},"J8s":{"weight":1.0,"played":[0.9922,0.0078],"evs":[0.0,-0.53804]},"J9s":{"weight":1.0,"played":[0.092,0.908],"evs":[0.0,0.23857]},"JTs":{"weight":1.0,"played":[0.0,1.0],"evs":[0.0,0.60593]},"JJ":{"weight":1.0,"played":[0.0,1.0],"evs":[0.0,7.57549]},"QJo":{"weight":1.0,"played":[1.0,0.0],"evs":[0.0,-1.04594]},"KJo":{"weight":1.0,"played":[0.999,0.001],"evs":[0.0,-0.80808]},"AJo":{"weight":1.0,"played":[0.9996,4.0E-4],"evs":[0.0,-0.47067]},"Q2s":{"weight":1.0,"played":[1.0,0.0],"evs":[0.0,-2.32349]},"Q3s":{"weight":1.0,"played":[1.0,0.0],"evs":[0.0,-2.36271]},"Q4s":{"weight":1.0,"played":[0.9999,1.0E-4],"evs":[0.0,-2.14246]},"Q5s":{"weight":1.0,"played":[0.9998,2.0E-4],"evs":[0.0,-1.7404]},"Q6s":{"weight":1.0,"played":[0.9999,1.0E-4],"evs":[0.0,-1.30769]},"Q7s":{"weight":1.0,"played":[0.9998,2.0E-4],"evs":[0.0,-1.44474]},"Q8s":{"weight":1.0,"played":[0.9998,2.0E-4],"evs":[0.0,-1.0401]},"Q9s":{"weight":1.0,"played":[0.0734,0.9266],"evs":[0.0,0.05751]},"QTs":{"weight":1.0,"played":[0.0297,0.9703],"evs":[0.0,0.34572]},"QJs":{"weight":1.0,"played":[1.0E-4,0.9999],"evs":[0.0,1.00693]},"QQ":{"weight":1.0,"played":[0.0,1.0],"evs":[0.0,11.18474]},"KQo":{"weight":1.0,"played":[0.0354,0.9646],"evs":[0.0,0.34126]},"AQo":{"weight":1.0,"played":[0.0,1.0],"evs":[0.0,1.51296]},"K2s":{"weight":1.0,"played":[1.0,0.0],"evs":[0.0,-2.04591]},"K3s":{"weight":1.0,"played":[1.0,0.0],"evs":[0.0,-1.93591]},"K4s":{"weight":1.0,"played":[0.9998,2.0E-4],"evs":[0.0,-1.71802]},"K5s":{"weight":1.0,"played":[1.0,0.0],"evs":[0.0,-1.34439]},"K6s":{"weight":1.0,"played":[0.9999,1.0E-4],"evs":[0.0,-1.19352]},"K7s":{"weight":1.0,"played":[0.9989,0.0011],"evs":[0.0,-0.8589]},"K8s":{"weight":1.0,"played":[0.9982,0.0018],"evs":[0.0,-0.91656]},"K9s":{"weight":1.0,"played":[0.015,0.985],"evs":[0.0,0.10469]},"KTs":{"weight":1.0,"played":[0.0133,0.9867],"evs":[0.0,0.86679]},"KJs":{"weight":1.0,"played":[1.0E-4,0.9999],"evs":[0.0,1.18962]},"KQs":{"weight":1.0,"played":[0.0,1.0],"evs":[0.0,2.81813]},"KK":{"weight":1.0,"played":[0.0,1.0],"evs":[0.0,15.50443]},"AKo":{"weight":1.0,"played":[0.0,1.0],"evs":[0.0,3.06839]},"A2s":{"weight":1.0,"played":[1.0,0.0],"evs":[0.0,-2.192]},"A3s":{"weight":1.0,"played":[1.0,0.0],"evs":[0.0,-2.27797]},"A4s":{"weight":1.0,"played":[0.9999,1.0E-4],"evs":[0.0,-1.56874]},"A5s":{"weight":1.0,"played":[0.9999,1.0E-4],"evs":[0.0,-1.27467]},"A6s":{"weight":1.0,"played":[1.0,0.0],"evs":[0.0,-1.79863]},"A7s":{"weight":1.0,"played":[1.0,0.0],"evs":[0.0,-1.2388]},"A8s":{"weight":1.0,"played":[0.9999,1.0E-4],"evs":[0.0,-0.93891]},"A9s":{"weight":1.0,"played":[0.9999,1.0E-4],"evs":[0.0,-0.44991]},"ATs":{"weight":1.0,"played":[9.0E-4,0.9991],"evs":[0.0,0.43434]},"AJs":{"weight":1.0,"played":[0.0,1.0],"evs":[0.0,1.44921]},"AQs":{"weight":1.0,"played":[0.0,1.0],"evs":[0.0,3.24942]},"AKs":{"weight":1.0,"played":[0.0,1.0],"evs":[0.0,4.92744]},"AA":{"weight":1.0,"played":[0.0,1.0],"evs":[0.0,21.05284]}}}