{"player":1,"street":0,"children":2,"sequence":[{"player":0,"type":"R","amount":1125000,"street":0}],"actions":[{"type":"F","amount":0,"node":36},{"type":"C","amount":975000,"node":49}],"hands":{"22":{"weight":1.0,"played":[1.0,0.0],"evs":[0.0,-1.53874]},"32o":{"weight":1.0,"played":[1.0,0.0],"evs":[0.0,-5.48708]},"42o":{"weight":1.0,"played":[1.0,0.0],"evs":[0.0,-5.25151]},"52o":{"weight":1.0,"played":[1.0,0.0],"evs":[0.0,-5.09376]},"62o":{"weight":1.0,"played":[1.0,0.0],"evs":[0.0,-5.45397]},"72o":{"weight":1.0,"played":[1.0,0.0],"evs":[0.0,-5.76176]},"82o":{"weight":1.0,"played":[1.0,0.0],"evs":[0.0,-5.52961]},"92o":{"weight":1.0,"played":[1.0,0.0],"evs":[0.0,-5.48862]},"T2o":{"weight":1.0,"played":[1.0,0.0],"evs":[0.0,-5.35025]},"J2o":{"weight":1.0,"played":[1.0,0.0],"evs":[0.0,-5.1864]},"Q2o":{"weight":1.0,"played":[1.0,0.0],"evs":[0.0,-4.79363]},"K2o":{"weight":1.0,"played":[1.0,0.0],"evs":[0.0,-4.25143]},"A2o":{"weight":1.0,"played":[1.0,0.0],"evs":[0.0,-2.83965]},"32s":{"weight":1.0,"played":[1.0,0.0],"evs":[0.0,-4.0927]},"33":{"weight":1.0,"played":[1.0,0.0],"evs":[0.0,-0.9701]},"43o":{"weight":1.0,"played":[1.0,0.0],"evs":[0.0,-4.65269]},"53o":{"weight":1.0,"played":[1.0,0.0],"evs":[0.0,-4.47269]},"63o":{"weight":1.0,"played":[1.0,0.0],"evs":[0.0,-4.80294]},"73o":{"weight":1.0,"played":[1.0,0.0],"evs":[0.0,-5.14471]},"83o":{"weight":1.0,"played":[1.0,0.0],"evs":[0.0,-5.42543]},"93o":{"weight":1.0,"played":[1.0,0.0],"evs":[0.0,-5.25552]},"T3o":{"weight":1.0,"played":[1.0,0.0],"evs":[0.0,-5.12519]},"J3o":{"weight":1.0,"played":[1.0,0.0],"evs":[0.0,-4.9459]},"Q3o":{"weight":1.0,"played":[1.0,0.0],"evs":[0.0,-4.55578]},"K3o":{"weight":1.0,"played":[1.0,0.0],"evs":[0.0,-4.03659]},"A3o":{"weight":1.0,"played":[1.0,0.0],"evs":[0.0,-2.59396]},"42s":{"weight":1.0,"played":[1.0,0.0],"evs":[0.0,-3.87809]},"43s":{"weight":1.0,"played":[1.0,0.0],"evs":[0.0,-3.32535]},"44":{"weight":1.0,"played":[1.0,0.0],"evs":[0.0,-0.38292]},"54o":{"weight":1.0,"played":[1.0,0.0],"evs":[0.0,-3.87777]},"64o":{"weight":1.0,"played":[1.0,0.0],"evs":[0.0,-4.20882]},"74o":{"weight":1.0,"played":[1.0,0.0],"evs":[0.0,-4.52667]},"84o":{"weight":1.0,"played":[1.0,0.0],"evs":[0.0,-4.80231]},"94o":{"weight":1.0,"played":[1.0,0.0],"evs":[0.0,-5.15856]},"T4o":{"weight":1.0,"played":[1.0,0.0],"evs":[0.0,-4.90542]},"J4o":{"weight":1.0,"played":[1.0,0.0],"evs":[0.0,-4.73315]},"Q4o":{"weight":1.0,"played":[1.0,0.0],"evs":[0.0,-4.35974]},"K4o":{"weight":1.0,"played":[1.0,0.0],"evs":[0.0,-3.82817]},"A4o":{"weight":1.0,"played":[1.0,0.0],"evs":[0.0,-2.35745]},"52s":{"weight":1.0,"played":[1.0,0.0],"evs":[0.0,-3.71563]},"53s":{"weight":1.0,"played":[1.0,0.0],"evs":[0.0,-3.12761]},"54s":{"weight":1.0,"played":[1.0,0.0],"evs":[0.0,-2.56892]},"55":{"weight":1.0,"played":[0.0,1.0],"evs":[0.0,0.27758]},"65o":{"weight":1.0,"played":[1.0,0.0],"evs":[0.0,-3.6997]},"75o":{"weight":1.0,"played":[1.0,0.0],"evs":[0.0,-4.00981]},"85o":{"weight":1.0,"played":[1.0,0.0],"evs":[0.0,-4.26585]},"95o":{"weight":1.0,"played":[1.0,0.0],"evs":[0.0,-4.63921]},"T5o":{"weight":1.0,"played":[1.0,0.0],"evs":[0.0,-4.90101]},"J5o":{"weight":1.0,"played":[1.0,0.0],"evs":[0.0,-4.61774]},"Q5o":{"weight":1.0,"played":[1.0,0.0],"evs":[0.0,-4.2314]},"K5o":{"weight":1.0,"played":[1.0,0.0],"evs":[0.0,-3.69392]},"A5o":{"weight":1.0,"played":[1.0,0.0],"evs":[0.0,-2.07402]},"62s":{"weight":1.0,"played":[1.0,0.0],"evs":[0.0,-4.0405]},"63s":{"weight":1.0,"played":[1.0,0.0],"evs":[0.0,-3.45443]},"64s":{"weight":1.0,"played":[1.0,0.0],"evs":[0.0,-2.87379]},"65s":{"weight":1.0,"played":[1.0,0.0],"evs":[0.0,-2.40445]},"66":{"weight":1.0,"played":[0.0,1.0],"evs":[0.0,0.98165]},"76o":{"weight":1.0,"played":[1.0,0.0],"evs":[0.0,-3.47958]},"86o":{"weight":1.0,"played":[1.0,0.0],"evs":[0.0,-3.70946]},"96o":{"weight":1.0,"played":[1.0,0.0],"evs":[0.0,-4.04611]},"T6o":{"weight":1.0,"played":[1.0,0.0],"evs":[0.0,-4.29827]},"J6o":{"weight":1.0,"played":[1.0,0.0],"evs":[0.0,-4.50955]},"Q6o":{"weight":1.0,"played":[1.0,0.0],"evs":[0.0,-4.04029]},"K6o":{"weight":1.0,"played":[1.0,0.0],"evs":[0.0,-3.47535]},"A6o":{"weight":1.0,"played":[1.0,0.0],"evs":[0.0,-2.19848]},"72s":{"weight":1.0,"played":[1.0,0.0],"evs":[0.0,-4.35017]},"73s":{"weight":1.0,"played":[1.0,0.0],"evs":[0.0,-3.77566]},"74s":{"weight":1.0,"played":[1.0,0.0],"evs":[0.0,-3.15589]},"75s":{"weight":1.0,"played":[1.0,0.0],"evs":[0.0,-2.67378]},"76s":{"weight":1.0,"played":[1.0,0.0],"evs":[0.0,-2.2272]},"77":{"weight":1.0,"played":[0.0,1.0],"evs":[0.0,1.73695]},"87o":{"weight":1.0,"played":[1.0,0.0],"evs":[0.0,-3.24614]},"97o":{"weight":1.0,"played":[1.0,0.0],"evs":[0.0,-3.55057]},"T7o":{"weight":1.0,"played":[1.0,0.0],"evs":[0.0,-3.77369]},"J7o":{"weight":1.0,"played":[1.0,0.0],"evs":[0.0,-4.00763]},"Q7o":{"weight":1.0,"played":[1.0,0.0],"evs":[0.0,-3.98562]},"K7o":{"weight":1.0,"played":[1.0,0.0],"evs":[0.0,-3.33787]},"A7o":{"weight":1.0,"played":[1.0,0.0],"evs":[0.0,-1.62835]},"82s":{"weight":1.0,"played":[1.0,0.0],"evs":[0.0,-4.12235]},"83s":{"weight":1.0,"played":[1.0,0.0],"evs":[0.0,-3.99938]},"84s":{"weight":1.0,"played":[1.0,0.0],"evs":[0.0,-3.44351]},"85s":{"weight":1.0,"played":[1.0,0.0],"evs":[0.0,-2.93739]},"86s":{"weight":1.0,"played":[1.0,0.0],"evs":[0.0,-2.41292]},"87s":{"weight":1.0,"played":[1.0,0.0],"evs":[0.0,-1.97922]},"88":{"weight":1.0,"played":[0.0,1.0],"evs":[0.0,2.57977]},"98o":{"weight":1.0,"played":[1.0,0.0],"evs":[0.0,-3.04707]},"T8o":{"weight":1.0,"played":[1.0,0.0],"evs":[0.0,-3.20886]},"J8o":{"weight":1.0,"played":[1.0,0.0],"evs":[0.0,-3.42231]},"Q8o":{"weight":1.0,"played":[1.0,0.0],"evs":[0.0,-3.43921]},"K8o":{"weight":1.0,"played":[1.0,0.0],"evs":[0.0,-3.18964]},"A8o":{"weight":1.0,"played":[1.0,0.0],"evs":[0.0,-1.02261]},"92s":{"weight":1.0,"played":[1.0,0.0],"evs":[0.0,-4.04376]},"93s":{"weight":1.0,"played":[1.0,0.0],"evs":[0.0,-3.84718]},"94s":{"weight":1.0,"played":[1.0,0.0],"evs":[0.0,-3.74562]},"95s":{"weight":1.0,"played":[1.0,0.0],"evs":[0.0,-3.27056]},"96s":{"weight":1.0,"played":[1.0,0.0],"evs":[0.0,-2.71866]},"97s":{"weight":1.0,"played":[1.0,0.0],"evs":[0.0,-2.2288]},"98s":{"weight":1.0,"played":[1.0,0.0],"evs":[0.0,-1.79093]},"99":{"weight":1.0,"played":[0.0,1.0],"evs":[0.0,3.61143]},"T9o":{"weight":1.0,"played":[1.0,0.0],"evs":[0.0,-2.7199]},"J9o":{"weight":1.0,"played":[1.0,0.0],"evs":[0.0,-2.87724]},"Q9o":{"weight":1.0,"played":[1.0,0.0],"evs":[0.0,-2.84823]},"K9o":{"weight":1.0,"played":[1.0,0.0],"evs":[0.0,-2.57101]},"A9o":{"weight":1.0,"played":[1.0,0.0],"evs":[0.0,-0.26227]},"T2s":{"weight":1.0,"played":[1.0,0.0],"evs":[0.0,-3.93781]},"T3s":{"weight":1.0,"played":[1.0,0.0],"evs":[0.0,-3.72944]},"T4s":{"weight":1.0,"played":[1.0,0.0],"evs":[0.0,-3.52295]},"T5s":{"weight":1.0,"played":[1.0,0.0],"evs":[0.0,-3.51183]},"T6s":{"weight":1.0,"played":[1.0,0.0],"evs":[0.0,-2.9428]},"T7s":{"weight":1.0,"played":[1.0,0.0],"evs":[0.0,-2.4674]},"T8s":{"weight":1.0,"played":[1.0,0.0],"evs":[0.0,-1.93432]},"T9s":{"weight":1.0,"played":[1.0,0.0],"evs":[0.0,-1.45093]},"TT":{"weight":1.0,"played":[0.0,1.0],"evs":[0.0,5.07]},"JTo":{"weight":1.0,"played":[1.0,0.0],"evs":[0.0,-2.15838]},"QTo":{"weight":1.0,"played":[1.0,0.0],"evs":[0.0,-2.09458]},"KTo":{"weight":1.0,"played":[1.0,0.0],"evs":[0.0,-1.57656]},"ATo":{"weight":1.0,"played":[0.0,1.0],"evs":[0.0,1.11597]},"J2s":{"weight":1.0,"played":[1.0,0.0],"evs":[0.0,-3.73156]},"J3s":{"weight":1.0,"played":[1.0,0.0],"evs":[0.0,-3.53513]},"J4s":{"weight":1.0,"played":[1.0,0.0],"evs":[0.0,-3.33404]},"J5s":{"weight":1.0,"played":[1.0,0.0],"evs":[0.0,-3.21869]},"J6s":{"weight":1.0,"played":[1.0,0.0],"evs":[0.0,-3.12206]},"J7s":{"weight":1.0,"played":[1.0,0.0],"evs":[0.0,-2.66263]},"J8s":{"weight":1.0,"played":[1.0,0.0],"evs":[0.0,-2.1111]},"J9s":{"weight":1.0,"played":[1.0,0.0],"evs":[0.0,-1.61131]},"JTs":{"weight":1.0,"played":[1.0,0.0],"evs":[0.0,-0.94613]},"JJ":{"weight":1.0,"played":[0.0,1.0],"evs":[0.0,6.68432]},"QJo":{"weight":1.0,"played":[1.0,0.0],"evs":[0.0,-1.62457]},"KJo":{"weight":1.0,"played":[1.0,0.0],"evs":[0.0,-0.83055]},"AJo":{"weight":1.0,"played":[0.0,1.0],"evs":[0.0,2.20978]},"Q2s":{"weight":1.0,"played":[1.0,0.0],"evs":[0.0,-3.35375]},"Q3s":{"weight":1.0,"played":[1.0,0.0],"evs":[0.0,-3.14356]},"Q4s":{"weight":1.0,"played":[1.0,0.0],"evs":[0.0,-2.95511]},"Q5s":{"weight":1.0,"played":[1.0,0.0],"evs":[0.0,-2.85362]},"Q6s":{"weight":1.0,"played":[1.0,0.0],"evs":[0.0,-2.67121]},"Q7s":{"weight":1.0,"played":[1.0,0.0],"evs":[0.0,-2.61568]},"Q8s":{"weight":1.0,"played":[1.0,0.0],"evs":[0.0,-2.09631]},"Q9s":{"weight":1.0,"played":[1.0,0.0],"evs":[0.0,-1.5514]},"QTs":{"weight":1.0,"played":[1.0,0.0],"evs":[0.0,-0.87143]},"QJs":{"weight":1.0,"played":[0.9999,1.0E-4],"evs":[0.0,-0.40748]},"QQ":{"weight":1.0,"played":[0.0,1.0],"evs":[0.0,8.49076]},"KQo":{"weight":1.0,"played":[0.3198,0.6802],"evs":[0.0,0.0199]},"AQo":{"weight":1.0,"played":[0.0,1.0],"evs":[0.0,3.35939]},"K2s":{"weight":1.0,"played":[1.0,0.0],"evs":[0.0,-2.83073]},"K3s":{"weight":1.0,"played":[1.0,0.0],"evs":[0.0,-2.5889]},"K4s":{"weight":1.0,"played":[1.0,0.0],"evs":[0.0,-2.41055]},"K5s":{"weight":1.0,"played":[1.0,0.0],"evs":[0.0,-2.2947]},"K6s":{"weight":1.0,"played":[1.0,0.0],"evs":[0.0,-2.12398]},"K7s":{"weight":1.0,"played":[1.0,0.0],"evs":[0.0,-1.96948]},"K8s":{"weight":1.0,"played":[1.0,0.0],"evs":[0.0,-1.83194]},"K9s":{"weight":1.0,"played":[1.0,0.0],"evs":[0.0,-1.27743]},"KTs":{"weight":1.0,"played":[1.0,0.0],"evs":[0.0,-0.34528]},"KJs":{"weight":1.0,"played":[0.0,1.0],"evs":[0.0,0.34771]},"KQs":{"weight":1.0,"played":[0.0,1.0],"evs":[0.0,1.16374]},"KK":{"weight":1.0,"played":[0.0,1.0],"evs":[0.0,10.59126]},"AKo":{"weight":1.0,"played":[0.0,1.0],"evs":[0.0,4.65702]},"A2s":{"weight":1.0,"played":[1.0,0.0],"evs":[0.0,-1.4435]},"A3s":{"weight":1.0,"played":[1.0,0.0],"evs":[0.0,-1.2044]},"A4s":{"weight":1.0,"played":[1.0,0.0],"evs":[0.0,-1.02405]},"A5s":{"weight":1.0,"played":[1.0,0.0],"evs":[0.0,-0.78019]},"A6s":{"weight":1.0,"played":[1.0,0.0],"evs":[0.0,-0.84508]},"A7s":{"weight":1.0,"played":[1.0,0.0],"evs":[0.0,-0.3369]},"A8s":{"weight":1.0,"played":[0.0,1.0],"evs":[0.0,0.23723]},"A9s":{"weight":1.0,"played":[0.0,1.0],"evs":[0.0,0.92889]},"ATs":{"weight":1.0,"played":[0.0,1.0],"evs":[0.0,2.22691]},"AJs":{"weight":1.0,"played":[0.0,1.0],"evs":[0.0,3.28112]},"AQs":{"weight":1.0,"played":[0.0,1.0],"evs":[0.0,4.30996]},"AKs":{"weight":1.0,"played":[0.0,1.0],"evs":[0.0,5.54578]},"AA":{"weight":1.0,"played":[0.0,1.0],"evs":[0.0,14.52387]}}}