{"player":3,"street":0,"children":2,"sequence":[{"player":0,"type":"R","amount":1125000,"street":0},{"player":1,"type":"F","amount":0,"street":0},{"player":2,"type":"F","amount":0,"street":0}],"actions":[{"type":"F","amount":0,"node":38},{"type":"C","amount":1075000,"node":39}],"hands":{"22":{"weight":1.0,"played":[0.0,1.0],"evs":[0.0,1.57264]},"32o":{"weight":1.0,"played":[1.0,0.0],"evs":[0.0,-4.06483]},"42o":{"weight":1.0,"played":[1.0,0.0],"evs":[0.0,-3.79767]},"52o":{"weight":1.0,"played":[1.0,0.0],"evs":[0.0,-3.63453]},"62o":{"weight":1.0,"played":[1.0,0.0],"evs":[0.0,-4.01494]},"72o":{"weight":1.0,"played":[1.0,0.0],"evs":[0.0,-4.29284]},"82o":{"weight":1.0,"played":[1.0,0.0],"evs":[0.0,-3.99706]},"92o":{"weight":1.0,"played":[1.0,0.0],"evs":[0.0,-3.95504]},"T2o":{"weight":1.0,"played":[1.0,0.0],"evs":[0.0,-3.76853]},"J2o":{"weight":1.0,"played":[1.0,0.0],"evs":[0.0,-3.51004]},"Q2o":{"weight":1.0,"played":[1.0,0.0],"evs":[0.0,-3.06071]},"K2o":{"weight":1.0,"played":[1.0,0.0],"evs":[0.0,-2.32837]},"A2o":{"weight":1.0,"played":[1.0,0.0],"evs":[0.0,-0.15224]},"32s":{"weight":1.0,"played":[1.0,0.0],"evs":[0.0,-2.51964]},"33":{"weight":1.0,"played":[0.0,1.0],"evs":[0.0,2.3374]},"43o":{"weight":1.0,"played":[1.0,0.0],"evs":[0.0,-3.09941]},"53o":{"weight":1.0,"played":[1.0,0.0],"evs":[0.0,-2.93803]},"63o":{"weight":1.0,"played":[1.0,0.0],"evs":[0.0,-3.30543]},"73o":{"weight":1.0,"played":[1.0,0.0],"evs":[0.0,-3.60934]},"83o":{"weight":1.0,"played":[1.0,0.0],"evs":[0.0,-3.88465]},"93o":{"weight":1.0,"played":[1.0,0.0],"evs":[0.0,-3.70456]},"T3o":{"weight":1.0,"played":[1.0,0.0],"evs":[0.0,-3.49523]},"J3o":{"weight":1.0,"played":[1.0,0.0],"evs":[0.0,-3.26217]},"Q3o":{"weight":1.0,"played":[1.0,0.0],"evs":[0.0,-2.7905]},"K3o":{"weight":1.0,"played":[1.0,0.0],"evs":[0.0,-2.09105]},"A3o":{"weight":1.0,"played":[0.0076,0.9924],"evs":[0.0,0.11036]},"42s":{"weight":1.0,"played":[1.0,0.0],"evs":[0.0,-2.22717]},"43s":{"weight":1.0,"played":[1.0,0.0],"evs":[0.0,-1.61834]},"44":{"weight":1.0,"played":[0.0,1.0],"evs":[0.0,3.06391]},"54o":{"weight":1.0,"played":[1.0,0.0],"evs":[0.0,-2.25749]},"64o":{"weight":1.0,"played":[1.0,0.0],"evs":[0.0,-2.61993]},"74o":{"weight":1.0,"played":[1.0,0.0],"evs":[0.0,-2.91772]},"84o":{"weight":1.0,"played":[1.0,0.0],"evs":[0.0,-3.2001]},"94o":{"weight":1.0,"played":[1.0,0.0],"evs":[0.0,-3.5702]},"T4o":{"weight":1.0,"played":[1.0,0.0],"evs":[0.0,-3.26538]},"J4o":{"weight":1.0,"played":[1.0,0.0],"evs":[0.0,-3.0124]},"Q4o":{"weight":1.0,"played":[1.0,0.0],"evs":[0.0,-2.53296]},"K4o":{"weight":1.0,"played":[1.0,0.0],"evs":[0.0,-1.84361]},"A4o":{"weight":1.0,"played":[0.0,1.0],"evs":[0.0,0.35878]},"52s":{"weight":1.0,"played":[1.0,0.0],"evs":[0.0,-2.09667]},"53s":{"weight":1.0,"played":[1.0,0.0],"evs":[0.0,-1.43316]},"54s":{"weight":1.0,"played":[1.0,0.0],"evs":[0.0,-0.82239]},"55":{"weight":1.0,"played":[0.0,1.0],"evs":[0.0,3.82927]},"65o":{"weight":1.0,"played":[1.0,0.0],"evs":[0.0,-2.08082]},"75o":{"weight":1.0,"played":[1.0,0.0],"evs":[0.0,-2.34017]},"85o":{"weight":1.0,"played":[1.0,0.0],"evs":[0.0,-2.61527]},"95o":{"weight":1.0,"played":[1.0,0.0],"evs":[0.0,-3.01409]},"T5o":{"weight":1.0,"played":[1.0,0.0],"evs":[0.0,-3.25334]},"J5o":{"weight":1.0,"played":[1.0,0.0],"evs":[0.0,-2.90491]},"Q5o":{"weight":1.0,"played":[1.0,0.0],"evs":[0.0,-2.42858]},"K5o":{"weight":1.0,"played":[1.0,0.0],"evs":[0.0,-1.71486]},"A5o":{"weight":1.0,"played":[0.0,1.0],"evs":[0.0,0.6446]},"62s":{"weight":1.0,"played":[1.0,0.0],"evs":[0.0,-2.4145]},"63s":{"weight":1.0,"played":[1.0,0.0],"evs":[0.0,-1.80189]},"64s":{"weight":1.0,"played":[1.0,0.0],"evs":[0.0,-1.17467]},"65s":{"weight":1.0,"played":[1.0,0.0],"evs":[0.0,-0.65234]},"66":{"weight":1.0,"played":[0.0,1.0],"evs":[0.0,4.7349]},"76o":{"weight":1.0,"played":[1.0,0.0],"evs":[0.0,-1.72702]},"86o":{"weight":1.0,"played":[1.0,0.0],"evs":[0.0,-1.97771]},"96o":{"weight":1.0,"played":[1.0,0.0],"evs":[0.0,-2.34991]},"T6o":{"weight":1.0,"played":[1.0,0.0],"evs":[0.0,-2.59374]},"J6o":{"weight":1.0,"played":[1.0,0.0],"evs":[0.0,-2.74874]},"Q6o":{"weight":1.0,"played":[1.0,0.0],"evs":[0.0,-2.19072]},"K6o":{"weight":1.0,"played":[1.0,0.0],"evs":[0.0,-1.48033]},"A6o":{"weight":1.0,"played":[0.0,1.0],"evs":[0.0,0.65297]},"72s":{"weight":1.0,"played":[1.0,0.0],"evs":[0.0,-2.68998]},"73s":{"weight":1.0,"played":[1.0,0.0],"evs":[0.0,-2.04043]},"74s":{"weight":1.0,"played":[1.0,0.0],"evs":[0.0,-1.46304]},"75s":{"weight":1.0,"played":[1.0,0.0],"evs":[0.0,-0.90261]},"76s":{"weight":1.0,"played":[0.9999,1.0E-4],"evs":[0.0,-0.30569]},"77":{"weight":1.0,"played":[0.0,1.0],"evs":[0.0,5.58166]},"87o":{"weight":1.0,"played":[1.0,0.0],"evs":[0.0,-1.4111]},"97o":{"weight":1.0,"played":[1.0,0.0],"evs":[0.0,-1.7709]},"T7o":{"weight":1.0,"played":[1.0,0.0],"evs":[0.0,-1.97452]},"J7o":{"weight":1.0,"played":[1.0,0.0],"evs":[0.0,-2.16309]},"Q7o":{"weight":1.0,"played":[1.0,0.0],"evs":[0.0,-2.11456]},"K7o":{"weight":1.0,"played":[1.0,0.0],"evs":[0.0,-1.27732]},"A7o":{"weight":1.0,"played":[0.0,1.0],"evs":[0.0,1.42739]},"82s":{"weight":1.0,"played":[1.0,0.0],"evs":[0.0,-2.46188]},"83s":{"weight":1.0,"played":[1.0,0.0],"evs":[0.0,-2.31469]},"84s":{"weight":1.0,"played":[1.0,0.0],"evs":[0.0,-1.71493]},"85s":{"weight":1.0,"played":[1.0,0.0],"evs":[0.0,-1.17596]},"86s":{"weight":1.0,"played":[1.0,0.0],"evs":[0.0,-0.54564]},"87s":{"weight":1.0,"played":[0.9858,0.0142],"evs":[0.0,-0.03071]},"88":{"weight":1.0,"played":[0.0,1.0],"evs":[0.0,6.52]},"98o":{"weight":1.0,"played":[1.0,0.0],"evs":[0.0,-1.19191]},"T8o":{"weight":1.0,"played":[1.0,0.0],"evs":[0.0,-1.35284]},"J8o":{"weight":1.0,"played":[1.0,0.0],"evs":[0.0,-1.55509]},"Q8o":{"weight":1.0,"played":[1.0,0.0],"evs":[0.0,-1.50796]},"K8o":{"weight":1.0,"played":[1.0,0.0],"evs":[0.0,-1.15225]},"A8o":{"weight":1.0,"played":[0.0,1.0],"evs":[0.0,2.2985]},"92s":{"weight":1.0,"played":[1.0,0.0],"evs":[0.0,-2.37966]},"93s":{"weight":1.0,"played":[1.0,0.0],"evs":[0.0,-2.161]},"94s":{"weight":1.0,"played":[1.0,0.0],"evs":[0.0,-2.03859]},"95s":{"weight":1.0,"played":[1.0,0.0],"evs":[0.0,-1.52392]},"96s":{"weight":1.0,"played":[1.0,0.0],"evs":[0.0,-0.85936]},"97s":{"weight":1.0,"played":[1.0,0.0],"evs":[0.0,-0.32044]},"98s":{"weight":1.0,"played":[0.0,1.0],"evs":[0.0,0.21167]},"99":{"weight":1.0,"played":[0.0,1.0],"evs":[0.0,7.63119]},"T9o":{"weight":1.0,"played":[1.0,0.0],"evs":[0.0,-0.82676]},"J9o":{"weight":1.0,"played":[1.0,0.0],"evs":[0.0,-0.97752]},"Q9o":{"weight":1.0,"played":[1.0,0.0],"evs":[0.0,-0.88382]},"K9o":{"weight":1.0,"played":[1.0,0.0],"evs":[0.0,-0.45495]},"A9o":{"weight":1.0,"played":[0.0,1.0],"evs":[0.0,3.40568]},"T2s":{"weight":1.0,"played":[1.0,0.0],"evs":[0.0,-2.18829]},"T3s":{"weight":1.0,"played":[1.0,0.0],"evs":[0.0,-1.97261]},"T4s":{"weight":1.0,"played":[1.0,0.0],"evs":[0.0,-1.75253]},"T5s":{"weight":1.0,"played":[1.0,0.0],"evs":[0.0,-1.70953]},"T6s":{"weight":1.0,"played":[1.0,0.0],"evs":[0.0,-1.11568]},"T7s":{"weight":1.0,"played":[1.0,0.0],"evs":[0.0,-0.52588]},"T8s":{"weight":1.0,"played":[0.5668,0.4332],"evs":[0.0,0.01468]},"T9s":{"weight":1.0,"played":[0.0,1.0],"evs":[0.0,0.5267]},"TT":{"weight":1.0,"played":[0.0,1.0],"evs":[0.0,9.24756]},"JTo":{"weight":1.0,"played":[0.9998,2.0E-4],"evs":[0.0,-0.1093]},"QTo":{"weight":1.0,"played":[0.7786,0.2214],"evs":[0.0,0.00522]},"KTo":{"weight":1.0,"played":[0.0,1.0],"evs":[0.0,0.71312]},"ATo":{"weight":1.0,"played":[0.0,1.0],"evs":[0.0,5.13141]},"J2s":{"weight":1.0,"played":[1.0,0.0],"evs":[0.0,-1.96672]},"J3s":{"weight":1.0,"played":[1.0,0.0],"evs":[0.0,-1.72525]},"J4s":{"weight":1.0,"played":[1.0,0.0],"evs":[0.0,-1.47026]},"J5s":{"weight":1.0,"played":[1.0,0.0],"evs":[0.0,-1.40896]},"J6s":{"weight":1.0,"played":[1.0,0.0],"evs":[0.0,-1.23621]},"J7s":{"weight":1.0,"played":[1.0,0.0],"evs":[0.0,-0.68795]},"J8s":{"weight":1.0,"played":[0.9996,4.0E-4],"evs":[0.0,-0.12541]},"J9s":{"weight":1.0,"played":[0.0,1.0],"evs":[0.0,0.42667]},"JTs":{"weight":1.0,"played":[0.0,1.0],"evs":[0.0,1.24474]},"JJ":{"weight":1.0,"played":[0.0,1.0],"evs":[0.0,10.88608]},"QJo":{"weight":1.0,"played":[0.0,1.0],"evs":[0.0,0.56945]},"KJo":{"weight":1.0,"played":[0.0,1.0],"evs":[0.0,1.6786]},"AJo":{"weight":1.0,"played":[0.0,1.0],"evs":[0.0,6.50813]},"Q2s":{"weight":1.0,"played":[1.0,0.0],"evs":[0.0,-1.49502]},"Q3s":{"weight":1.0,"played":[1.0,0.0],"evs":[0.0,-1.31066]},"Q4s":{"weight":1.0,"played":[1.0,0.0],"evs":[0.0,-1.04578]},"Q5s":{"weight":1.0,"played":[1.0,0.0],"evs":[0.0,-0.92743]},"Q6s":{"weight":1.0,"played":[1.0,0.0],"evs":[0.0,-0.71427]},"Q7s":{"weight":1.0,"played":[1.0,0.0],"evs":[0.0,-0.63199]},"Q8s":{"weight":1.0,"played":[0.9754,0.0246],"evs":[0.0,-0.06982]},"Q9s":{"weight":1.0,"played":[0.0,1.0],"evs":[0.0,0.50177]},"QTs":{"weight":1.0,"played":[0.0,1.0],"evs":[0.0,1.34549]},"QJs":{"weight":1.0,"played":[0.0,1.0],"evs":[0.0,1.86211]},"QQ":{"weight":1.0,"played":[0.0,1.0],"evs":[0.0,12.59828]},"KQo":{"weight":1.0,"played":[0.0,1.0],"evs":[0.0,2.68528]},"AQo":{"weight":1.0,"played":[0.0,1.0],"evs":[0.0,7.76665]},"K2s":{"weight":1.0,"played":[1.0,0.0],"evs":[0.0,-0.7608]},"K3s":{"weight":1.0,"played":[1.0,0.0],"evs":[0.0,-0.55597]},"K4s":{"weight":1.0,"played":[1.0,0.0],"evs":[0.0,-0.34589]},"K5s":{"weight":1.0,"played":[1.0,0.0],"evs":[0.0,-0.22312]},"K6s":{"weight":1.0,"played":[0.7536,0.2464],"evs":[0.0,0.01278]},"K7s":{"weight":1.0,"played":[0.0,1.0],"evs":[0.0,0.17601]},"K8s":{"weight":1.0,"played":[0.0,1.0],"evs":[0.0,0.28364]},"K9s":{"weight":1.0,"played":[0.0,1.0],"evs":[0.0,0.93247]},"KTs":{"weight":1.0,"played":[0.0,1.0],"evs":[0.0,2.01307]},"KJs":{"weight":1.0,"played":[0.0,1.0],"evs":[0.0,2.88864]},"KQs":{"weight":1.0,"played":[0.0,1.0],"evs":[0.0,3.85347]},"KK":{"weight":1.0,"played":[0.0,1.0],"evs":[0.0,14.48985]},"AKo":{"weight":1.0,"played":[0.0,1.0],"evs":[0.0,9.23947]},"A2s":{"weight":1.0,"played":[0.0,1.0],"evs":[0.0,1.24942]},"A3s":{"weight":1.0,"played":[0.0,1.0],"evs":[0.0,1.48007]},"A4s":{"weight":1.0,"played":[0.0,1.0],"evs":[0.0,1.70484]},"A5s":{"weight":1.0,"played":[0.0,1.0],"evs":[0.0,2.01573]},"A6s":{"weight":1.0,"played":[0.0,1.0],"evs":[0.0,2.02248]},"A7s":{"weight":1.0,"played":[0.0,1.0],"evs":[0.0,2.6849]},"A8s":{"weight":1.0,"played":[0.0,1.0],"evs":[0.0,3.52974]},"A9s":{"weight":1.0,"played":[0.0,1.0],"evs":[0.0,4.54429]},"ATs":{"weight":1.0,"played":[0.0,1.0],"evs":[0.0,6.16279]},"AJs":{"weight":1.0,"played":[0.0,1.0],"evs":[0.0,7.49342]},"AQs":{"weight":1.0,"played":[0.0,1.0],"evs":[0.0,8.64375]},"AKs":{"weight":1.0,"played":[0.0,1.0],"evs":[0.0,9.98574]},"AA":{"weight":1.0,"played":[0.0,1.0],"evs":[0.0,19.02476]}}}