{"player":4,"street":0,"children":2,"sequence":[{"player":0,"type":"R","amount":1125000,"street":0},{"player":1,"type":"F","amount":0,"street":0},{"player":2,"type":"C","amount":1125000,"street":0},{"player":3,"type":"C","amount":1075000,"street":0}],"actions":[{"type":"F","amount":0},{"type":"C","amount":855000}],"hands":{"22":{"weight":1.0,"played":[0.9899,0.0101],"evs":[0.0,-1.12893]},"32o":{"weight":1.0,"played":[1.0,0.0],"evs":[0.0,-4.49973]},"42o":{"weight":1.0,"played":[1.0,0.0],"evs":[0.0,-4.00734]},"52o":{"weight":1.0,"played":[0.9999,1.0E-4],"evs":[0.0,-3.90626]},"62o":{"weight":1.0,"played":[1.0,0.0],"evs":[0.0,-4.83495]},"72o":{"weight":1.0,"played":[1.0,0.0],"evs":[0.0,-5.19241]},"82o":{"weight":1.0,"played":[1.0,0.0],"evs":[0.0,-4.65751]},"92o":{"weight":1.0,"played":[1.0,0.0],"evs":[0.0,-4.91803]},"T2o":{"weight":1.0,"played":[1.0,0.0],"evs":[0.0,-5.53547]},"J2o":{"weight":1.0,"played":[1.0,0.0],"evs":[0.0,-5.52166]},"Q2o":{"weight":1.0,"played":[1.0,0.0],"evs":[0.0,-4.81122]},"K2o":{"weight":1.0,"played":[0.9999,1.0E-4],"evs":[0.0,-4.37015]},"A2o":{"weight":1.0,"played":[0.9998,2.0E-4],"evs":[0.0,-2.83612]},"32s":{"weight":1.0,"played":[0.9993,7.0E-4],"evs":[0.0,-2.7639]},"33":{"weight":1.0,"played":[0.9846,0.0154],"evs":[0.0,-0.94261]},"43o":{"weight":1.0,"played":[0.9998,2.0E-4],"evs":[0.0,-3.50692]},"53o":{"weight":1.0,"played":[1.0,0.0],"evs":[0.0,-2.97921]},"63o":{"weight":1.0,"played":[0.9995,5.0E-4],"evs":[0.0,-3.59884]},"73o":{"weight":1.0,"played":[1.0,0.0],"evs":[0.0,-4.0302]},"83o":{"weight":1.0,"played":[1.0,0.0],"evs":[0.0,-4.73327]},"93o":{"weight":1.0,"played":[1.0,0.0],"evs":[0.0,-4.48438]},"T3o":{"weight":1.0,"played":[1.0,0.0],"evs":[0.0,-5.09759]},"J3o":{"weight":1.0,"played":[1.0,0.0],"evs":[0.0,-5.52289]},"Q3o":{"weight":1.0,"played":[1.0,0.0],"evs":[0.0,-4.75846]},"K3o":{"weight":1.0,"played":[0.9999,1.0E-4],"evs":[0.0,-4.43013]},"A3o":{"weight":1.0,"played":[1.0,0.0],"evs":[0.0,-3.27073]},"42s":{"weight":1.0,"played":[0.996,0.004],"evs":[0.0,-1.98018]},"43s":{"weight":1.0,"played":[0.9377,0.0623],"evs":[0.0,-0.50613]},"44":{"weight":1.0,"played":[0.998,0.002],"evs":[0.0,-0.87261]},"54o":{"weight":1.0,"played":[0.9986,0.0014],"evs":[0.0,-2.28705]},"64o":{"weight":1.0,"played":[0.9999,1.0E-4],"evs":[0.0,-2.94929]},"74o":{"weight":1.0,"played":[1.0,0.0],"evs":[0.0,-3.43004]},"84o":{"weight":1.0,"played":[1.0,0.0],"evs":[0.0,-3.94301]},"94o":{"weight":1.0,"played":[1.0,0.0],"evs":[0.0,-4.47382]},"T4o":{"weight":1.0,"played":[1.0,0.0],"evs":[0.0,-4.81354]},"J4o":{"weight":1.0,"played":[1.0,0.0],"evs":[0.0,-4.71041]},"Q4o":{"weight":1.0,"played":[1.0,0.0],"evs":[0.0,-4.65561]},"K4o":{"weight":1.0,"played":[0.9998,2.0E-4],"evs":[0.0,-3.5376]},"A4o":{"weight":1.0,"played":[0.9999,1.0E-4],"evs":[0.0,-2.72454]},"52s":{"weight":1.0,"played":[0.9924,0.0076],"evs":[0.0,-1.72711]},"53s":{"weight":1.0,"played":[0.8257,0.1743],"evs":[0.0,-1.34832]},"54s":{"weight":1.0,"played":[0.41,0.59],"evs":[0.0,0.21755]},"55":{"weight":1.0,"played":[0.4107,0.5893],"evs":[0.0,-0.03202]},"65o":{"weight":1.0,"played":[0.9985,0.0015],"evs":[0.0,-2.49048]},"75o":{"weight":1.0,"played":[0.9997,3.0E-4],"evs":[0.0,-2.69345]},"85o":{"weight":1.0,"played":[1.0,0.0],"evs":[0.0,-3.0677]},"95o":{"weight":1.0,"played":[1.0,0.0],"evs":[0.0,-3.58011]},"T5o":{"weight":1.0,"played":[1.0,0.0],"evs":[0.0,-4.93502]},"J5o":{"weight":1.0,"played":[1.0,0.0],"evs":[0.0,-4.51184]},"Q5o":{"weight":1.0,"played":[1.0,0.0],"evs":[0.0,-3.78683]},"K5o":{"weight":1.0,"played":[1.0,0.0],"evs":[0.0,-3.88807]},"A5o":{"weight":1.0,"played":[0.9999,1.0E-4],"evs":[0.0,-2.43052]},"62s":{"weight":1.0,"played":[0.9999,1.0E-4],"evs":[0.0,-2.88883]},"63s":{"weight":1.0,"played":[1.0,0.0],"evs":[0.0,-2.04463]},"64s":{"weight":1.0,"played":[0.8106,0.1894],"evs":[0.0,-0.03523]},"65s":{"weight":1.0,"played":[0.8298,0.1702],"evs":[0.0,-0.59834]},"66":{"weight":1.0,"played":[0.1256,0.8744],"evs":[0.0,0.84556]},"76o":{"weight":1.0,"played":[0.9907,0.0093],"evs":[0.0,-2.22096]},"86o":{"weight":1.0,"played":[0.9977,0.0023],"evs":[0.0,-2.40264]},"96o":{"weight":1.0,"played":[1.0,0.0],"evs":[0.0,-3.05445]},"T6o":{"weight":1.0,"played":[0.9999,1.0E-4],"evs":[0.0,-4.28656]},"J6o":{"weight":1.0,"played":[0.9999,1.0E-4],"evs":[0.0,-5.20061]},"Q6o":{"weight":1.0,"played":[0.9998,2.0E-4],"evs":[0.0,-3.63745]},"K6o":{"weight":1.0,"played":[1.0,0.0],"evs":[0.0,-3.25744]},"A6o":{"weight":1.0,"played":[1.0,0.0],"evs":[0.0,-3.14424]},"72s":{"weight":1.0,"played":[0.9956,0.0044],"evs":[0.0,-4.45467]},"73s":{"weight":1.0,"played":[0.9991,9.0E-4],"evs":[0.0,-2.67995]},"74s":{"weight":1.0,"played":[0.9967,0.0033],"evs":[0.0,-1.76867]},"75s":{"weight":1.0,"played":[0.999,0.001],"evs":[0.0,-1.77311]},"76s":{"weight":1.0,"played":[0.8922,0.1078],"evs":[0.0,-1.53429]},"77":{"weight":1.0,"played":[0.0352,0.9648],"evs":[0.0,1.11985]},"87o":{"weight":1.0,"played":[0.9999,1.0E-4],"evs":[0.0,-1.48739]},"97o":{"weight":1.0,"played":[1.0,0.0],"evs":[0.0,-2.41957]},"T7o":{"weight":1.0,"played":[0.9999,1.0E-4],"evs":[0.0,-3.60651]},"J7o":{"weight":1.0,"played":[0.9995,5.0E-4],"evs":[0.0,-4.25913]},"Q7o":{"weight":1.0,"played":[0.9997,3.0E-4],"evs":[0.0,-4.05703]},"K7o":{"weight":1.0,"played":[1.0,0.0],"evs":[0.0,-3.00705]},"A7o":{"weight":1.0,"played":[0.9999,1.0E-4],"evs":[0.0,-2.68222]},"82s":{"weight":1.0,"played":[0.9994,6.0E-4],"evs":[0.0,-3.16896]},"83s":{"weight":1.0,"played":[1.0,0.0],"evs":[0.0,-2.19279]},"84s":{"weight":1.0,"played":[0.9786,0.0214],"evs":[0.0,-2.63476]},"85s":{"weight":1.0,"played":[0.9999,1.0E-4],"evs":[0.0,-1.66879]},"86s":{"weight":1.0,"played":[0.3069,0.6931],"evs":[0.0,-0.42119]},"87s":{"weight":1.0,"played":[0.9565,0.0435],"evs":[0.0,-1.23008]},"88":{"weight":1.0,"played":[3.0E-4,0.9997],"evs":[0.0,2.68619]},"98o":{"weight":1.0,"played":[0.9999,1.0E-4],"evs":[0.0,-2.01502]},"T8o":{"weight":1.0,"played":[1.0,0.0],"evs":[0.0,-3.07628]},"J8o":{"weight":1.0,"played":[0.9999,1.0E-4],"evs":[0.0,-3.68709]},"Q8o":{"weight":1.0,"played":[0.9998,2.0E-4],"evs":[0.0,-3.60576]},"K8o":{"weight":1.0,"played":[0.9998,2.0E-4],"evs":[0.0,-3.14945]},"A8o":{"weight":1.0,"played":[0.9999,1.0E-4],"evs":[0.0,-2.71439]},"92s":{"weight":1.0,"played":[0.9995,5.0E-4],"evs":[0.0,-2.46718]},"93s":{"weight":1.0,"played":[1.0,0.0],"evs":[0.0,-2.08371]},"94s":{"weight":1.0,"played":[0.9956,0.0044],"evs":[0.0,-2.90617]},"95s":{"weight":1.0,"played":[0.9783,0.0217],"evs":[0.0,-1.52794]},"96s":{"weight":1.0,"played":[0.5313,0.4687],"evs":[0.0,-0.19016]},"97s":{"weight":1.0,"played":[0.9006,0.0994],"evs":[0.0,-1.13725]},"98s":{"weight":1.0,"played":[0.2745,0.7255],"evs":[0.0,0.32133]},"99":{"weight":1.0,"played":[0.0,1.0],"evs":[0.0,4.26785]},"T9o":{"weight":1.0,"played":[0.9983,0.0017],"evs":[0.0,-2.12271]},"J9o":{"weight":1.0,"played":[1.0,0.0],"evs":[0.0,-2.75178]},"Q9o":{"weight":1.0,"played":[0.9981,0.0019],"evs":[0.0,-2.70628]},"K9o":{"weight":1.0,"played":[0.9993,7.0E-4],"evs":[0.0,-2.54846]},"A9o":{"weight":1.0,"played":[0.9965,0.0035],"evs":[0.0,-2.06632]},"T2s":{"weight":1.0,"played":[1.0,0.0],"evs":[0.0,-3.0424]},"T3s":{"weight":1.0,"played":[0.9978,0.0022],"evs":[0.0,-2.67503]},"T4s":{"weight":1.0,"played":[0.9999,1.0E-4],"evs":[0.0,-2.2846]},"T5s":{"weight":1.0,"played":[0.9999,1.0E-4],"evs":[0.0,-3.35216]},"T6s":{"weight":1.0,"played":[0.9999,1.0E-4],"evs":[0.0,-1.97903]},"T7s":{"weight":1.0,"played":[0.9943,0.0057],"evs":[0.0,-2.31316]},"T8s":{"weight":1.0,"played":[0.8591,0.1409],"evs":[0.0,-0.09763]},"T9s":{"weight":1.0,"played":[0.5262,0.4738],"evs":[0.0,-0.36243]},"TT":{"weight":1.0,"played":[0.0,1.0],"evs":[0.0,6.30139]},"JTo":{"weight":1.0,"played":[0.9998,2.0E-4],"evs":[0.0,-3.08513]},"QTo":{"weight":1.0,"played":[0.9988,0.0012],"evs":[0.0,-2.1126]},"KTo":{"weight":1.0,"played":[0.9977,0.0023],"evs":[0.0,-1.45992]},"ATo":{"weight":1.0,"played":[0.8656,0.1344],"evs":[0.0,0.18815]},"J2s":{"weight":1.0,"played":[0.9937,0.0063],"evs":[0.0,-2.78262]},"J3s":{"weight":1.0,"played":[0.9941,0.0059],"evs":[0.0,-3.42853]},"J4s":{"weight":1.0,"played":[0.9986,0.0014],"evs":[0.0,-2.29481]},"J5s":{"weight":1.0,"played":[0.9937,0.0063],"evs":[0.0,-3.34222]},"J6s":{"weight":1.0,"played":[0.9997,3.0E-4],"evs":[0.0,-3.05094]},"J7s":{"weight":1.0,"played":[0.9988,0.0012],"evs":[0.0,-1.95588]},"J8s":{"weight":1.0,"played":[0.9899,0.0101],"evs":[0.0,-2.19347]},"J9s":{"weight":1.0,"played":[0.9232,0.0768],"evs":[0.0,-1.42693]},"JTs":{"weight":1.0,"played":[0.0566,0.9434],"evs":[0.0,0.13691]},"JJ":{"weight":1.0,"played":[0.0,1.0],"evs":[0.0,8.2206]},"QJo":{"weight":1.0,"played":[0.9999,1.0E-4],"evs":[0.0,-1.35681]},"KJo":{"weight":1.0,"played":[0.9382,0.0618],"evs":[0.0,-0.68114]},"AJo":{"weight":1.0,"played":[0.2832,0.7168],"evs":[0.0,1.25746]},"Q2s":{"weight":1.0,"played":[0.9995,5.0E-4],"evs":[0.0,-2.85745]},"Q3s":{"weight":1.0,"played":[0.9801,0.0199],"evs":[0.0,-2.25882]},"Q4s":{"weight":1.0,"played":[0.9989,0.0011],"evs":[0.0,-2.57646]},"Q5s":{"weight":1.0,"played":[0.9999,1.0E-4],"evs":[0.0,-1.77056]},"Q6s":{"weight":1.0,"played":[0.9984,0.0016],"evs":[0.0,-2.7009]},"Q7s":{"weight":1.0,"played":[0.9998,2.0E-4],"evs":[0.0,-1.27224]},"Q8s":{"weight":1.0,"played":[0.9945,0.0055],"evs":[0.0,-1.75591]},"Q9s":{"weight":1.0,"played":[0.5256,0.4744],"evs":[0.0,-0.32546]},"QTs":{"weight":1.0,"played":[0.9896,0.0104],"evs":[0.0,-0.64055]},"QJs":{"weight":1.0,"played":[0.5664,0.4336],"evs":[0.0,-0.29242]},"QQ":{"weight":1.0,"played":[0.0,1.0],"evs":[0.0,11.06509]},"KQo":{"weight":1.0,"played":[0.0452,0.9548],"evs":[0.0,0.65394]},"AQo":{"weight":1.0,"played":[3.0E-4,0.9997],"evs":[0.0,2.11195]},"K2s":{"weight":1.0,"played":[0.9998,2.0E-4],"evs":[0.0,-2.11327]},"K3s":{"weight":1.0,"played":[0.9651,0.0349],"evs":[0.0,-0.76196]},"K4s":{"weight":1.0,"played":[0.9987,0.0013],"evs":[0.0,-1.81039]},"K5s":{"weight":1.0,"played":[0.9992,8.0E-4],"evs":[0.0,-1.92206]},"K6s":{"weight":1.0,"played":[0.9945,0.0055],"evs":[0.0,-1.97152]},"K7s":{"weight":1.0,"played":[0.9654,0.0346],"evs":[0.0,-1.54667]},"K8s":{"weight":1.0,"played":[0.9988,0.0012],"evs":[0.0,-1.13153]},"K9s":{"weight":1.0,"played":[0.9573,0.0427],"evs":[0.0,-0.51262]},"KTs":{"weight":1.0,"played":[0.9146,0.0854],"evs":[0.0,-0.65715]},"KJs":{"weight":1.0,"played":[0.0,1.0],"evs":[0.0,1.06057]},"KQs":{"weight":1.0,"played":[0.0,1.0],"evs":[0.0,3.17177]},"KK":{"weight":1.0,"played":[0.0,1.0],"evs":[0.0,15.23199]},"AKo":{"weight":1.0,"played":[0.0,1.0],"evs":[0.0,4.3067]},"A2s":{"weight":1.0,"played":[0.9874,0.0126],"evs":[0.0,-1.08756]},"A3s":{"weight":1.0,"played":[0.9967,0.0033],"evs":[0.0,-0.97278]},"A4s":{"weight":1.0,"played":[0.9983,0.0017],"evs":[0.0,-0.90479]},"A5s":{"weight":1.0,"played":[0.4093,0.5907],"evs":[0.0,-0.20873]},"A6s":{"weight":1.0,"played":[0.9966,0.0034],"evs":[0.0,-1.33656]},"A7s":{"weight":1.0,"played":[0.8722,0.1278],"evs":[0.0,-1.20645]},"A8s":{"weight":1.0,"played":[0.3011,0.6989],"evs":[0.0,-0.07796]},"A9s":{"weight":1.0,"played":[0.239,0.761],"evs":[0.0,0.38572]},"ATs":{"weight":1.0,"played":[9.0E-4,0.9991],"evs":[0.0,2.82759]},"AJs":{"weight":1.0,"played":[0.0,1.0],"evs":[0.0,3.04214]},"AQs":{"weight":1.0,"played":[1.0E-4,0.9999],"evs":[0.0,3.33539]},"AKs":{"weight":1.0,"played":[0.0,1.0],"evs":[0.0,5.25599]},"AA":{"weight":1.0,"played":[0.0,1.0],"evs":[0.0,19.74214]}}}