{"player":3,"street":0,"children":2,"sequence":[{"player":0,"type":"R","amount":1125000,"street":0},{"player":1,"type":"C","amount":975000,"street":0},{"player":2,"type":"F","amount":0,"street":0}],"actions":[{"type":"F","amount":0,"node":51},{"type":"C","amount":1075000,"node":52}],"hands":{"22":{"weight":1.0,"played":[0.0,1.0],"evs":[0.0,0.97468]},"32o":{"weight":1.0,"played":[1.0,0.0],"evs":[0.0,-3.8546]},"42o":{"weight":1.0,"played":[1.0,0.0],"evs":[0.0,-3.50562]},"52o":{"weight":1.0,"played":[1.0,0.0],"evs":[0.0,-3.30406]},"62o":{"weight":1.0,"played":[1.0,0.0],"evs":[0.0,-3.73687]},"72o":{"weight":1.0,"played":[1.0,0.0],"evs":[0.0,-4.28311]},"82o":{"weight":1.0,"played":[1.0,0.0],"evs":[0.0,-3.99386]},"92o":{"weight":1.0,"played":[1.0,0.0],"evs":[0.0,-3.8749]},"T2o":{"weight":1.0,"played":[1.0,0.0],"evs":[0.0,-3.94667]},"J2o":{"weight":1.0,"played":[1.0,0.0],"evs":[0.0,-3.64198]},"Q2o":{"weight":1.0,"played":[1.0,0.0],"evs":[0.0,-3.29947]},"K2o":{"weight":1.0,"played":[1.0,0.0],"evs":[0.0,-2.74534]},"A2o":{"weight":1.0,"played":[1.0,0.0],"evs":[0.0,-2.74632]},"32s":{"weight":1.0,"played":[1.0,0.0],"evs":[0.0,-1.69886]},"33":{"weight":1.0,"played":[0.0,1.0],"evs":[0.0,1.56163]},"43o":{"weight":1.0,"played":[1.0,0.0],"evs":[0.0,-2.66643]},"53o":{"weight":1.0,"played":[1.0,0.0],"evs":[0.0,-2.34814]},"63o":{"weight":1.0,"played":[1.0,0.0],"evs":[0.0,-2.78392]},"73o":{"weight":1.0,"played":[1.0,0.0],"evs":[0.0,-3.3174]},"83o":{"weight":1.0,"played":[1.0,0.0],"evs":[0.0,-3.85424]},"93o":{"weight":1.0,"played":[1.0,0.0],"evs":[0.0,-3.56645]},"T3o":{"weight":1.0,"played":[1.0,0.0],"evs":[0.0,-3.61216]},"J3o":{"weight":1.0,"played":[1.0,0.0],"evs":[0.0,-3.33013]},"Q3o":{"weight":1.0,"played":[1.0,0.0],"evs":[0.0,-3.01087]},"K3o":{"weight":1.0,"played":[1.0,0.0],"evs":[0.0,-2.41033]},"A3o":{"weight":1.0,"played":[1.0,0.0],"evs":[0.0,-2.34389]},"42s":{"weight":1.0,"played":[1.0,0.0],"evs":[0.0,-1.37759]},"43s":{"weight":1.0,"played":[0.9999,1.0E-4],"evs":[0.0,-0.59359]},"44":{"weight":1.0,"played":[0.0,1.0],"evs":[0.0,2.26392]},"54o":{"weight":1.0,"played":[1.0,0.0],"evs":[0.0,-1.49603]},"64o":{"weight":1.0,"played":[1.0,0.0],"evs":[0.0,-1.92028]},"74o":{"weight":1.0,"played":[1.0,0.0],"evs":[0.0,-2.43275]},"84o":{"weight":1.0,"played":[1.0,0.0],"evs":[0.0,-2.98318]},"94o":{"weight":1.0,"played":[1.0,0.0],"evs":[0.0,-3.40721]},"T4o":{"weight":1.0,"played":[1.0,0.0],"evs":[0.0,-3.34507]},"J4o":{"weight":1.0,"played":[1.0,0.0],"evs":[0.0,-3.02087]},"Q4o":{"weight":1.0,"played":[1.0,0.0],"evs":[0.0,-2.72072]},"K4o":{"weight":1.0,"played":[1.0,0.0],"evs":[0.0,-2.14243]},"A4o":{"weight":1.0,"played":[1.0,0.0],"evs":[0.0,-2.04207]},"52s":{"weight":1.0,"played":[1.0,0.0],"evs":[0.0,-1.12172]},"53s":{"weight":1.0,"played":[0.9989,0.0011],"evs":[0.0,-0.36618]},"54s":{"weight":1.0,"played":[1.0E-4,0.9999],"evs":[0.0,0.6239]},"55":{"weight":1.0,"played":[0.0,1.0],"evs":[0.0,2.93853]},"65o":{"weight":1.0,"played":[1.0,0.0],"evs":[0.0,-1.12017]},"75o":{"weight":1.0,"played":[1.0,0.0],"evs":[0.0,-1.62019]},"85o":{"weight":1.0,"played":[1.0,0.0],"evs":[0.0,-2.14556]},"95o":{"weight":1.0,"played":[1.0,0.0],"evs":[0.0,-2.7097]},"T5o":{"weight":1.0,"played":[1.0,0.0],"evs":[0.0,-3.32836]},"J5o":{"weight":1.0,"played":[1.0,0.0],"evs":[0.0,-2.90787]},"Q5o":{"weight":1.0,"played":[1.0,0.0],"evs":[0.0,-2.57424]},"K5o":{"weight":1.0,"played":[1.0,0.0],"evs":[0.0,-2.05185]},"A5o":{"weight":1.0,"played":[1.0,0.0],"evs":[0.0,-1.78321]},"62s":{"weight":1.0,"played":[1.0,0.0],"evs":[0.0,-1.57991]},"63s":{"weight":1.0,"played":[1.0,0.0],"evs":[0.0,-0.69508]},"64s":{"weight":1.0,"played":[0.0073,0.9927],"evs":[0.0,0.10315]},"65s":{"weight":1.0,"played":[0.0,1.0],"evs":[0.0,0.83757]},"66":{"weight":1.0,"played":[0.0,1.0],"evs":[0.0,4.07359]},"76o":{"weight":1.0,"played":[1.0,0.0],"evs":[0.0,-0.73515]},"86o":{"weight":1.0,"played":[1.0,0.0],"evs":[0.0,-1.22002]},"96o":{"weight":1.0,"played":[1.0,0.0],"evs":[0.0,-1.78387]},"T6o":{"weight":1.0,"played":[1.0,0.0],"evs":[0.0,-2.35081]},"J6o":{"weight":1.0,"played":[1.0,0.0],"evs":[0.0,-2.71732]},"Q6o":{"weight":1.0,"played":[1.0,0.0],"evs":[0.0,-2.20869]},"K6o":{"weight":1.0,"played":[1.0,0.0],"evs":[0.0,-1.73408]},"A6o":{"weight":1.0,"played":[1.0,0.0],"evs":[0.0,-2.20969]},"72s":{"weight":1.0,"played":[1.0,0.0],"evs":[0.0,-2.1055]},"73s":{"weight":1.0,"played":[1.0,0.0],"evs":[0.0,-1.26326]},"74s":{"weight":1.0,"played":[1.0,0.0],"evs":[0.0,-0.44424]},"75s":{"weight":1.0,"played":[1.0E-4,0.9999],"evs":[0.0,0.42086]},"76s":{"weight":1.0,"played":[0.0,1.0],"evs":[0.0,1.12914]},"77":{"weight":1.0,"played":[0.0,1.0],"evs":[0.0,5.24775]},"87o":{"weight":1.0,"played":[1.0,0.0],"evs":[0.0,-0.6253]},"97o":{"weight":1.0,"played":[1.0,0.0],"evs":[0.0,-0.99912]},"T7o":{"weight":1.0,"played":[1.0,0.0],"evs":[0.0,-1.49988]},"J7o":{"weight":1.0,"played":[1.0,0.0],"evs":[0.0,-1.92928]},"Q7o":{"weight":1.0,"played":[1.0,0.0],"evs":[0.0,-2.13419]},"K7o":{"weight":1.0,"played":[1.0,0.0],"evs":[0.0,-1.49468]},"A7o":{"weight":1.0,"played":[1.0,0.0],"evs":[0.0,-1.50359]},"82s":{"weight":1.0,"played":[1.0,0.0],"evs":[0.0,-1.78865]},"83s":{"weight":1.0,"played":[1.0,0.0],"evs":[0.0,-1.79774]},"84s":{"weight":1.0,"played":[0.9999,1.0E-4],"evs":[0.0,-0.89846]},"85s":{"weight":1.0,"played":[0.0812,0.9188],"evs":[0.0,0.08262]},"86s":{"weight":1.0,"played":[0.0,1.0],"evs":[0.0,0.92954]},"87s":{"weight":1.0,"played":[0.0,1.0],"evs":[0.0,1.32587]},"88":{"weight":1.0,"played":[0.0,1.0],"evs":[0.0,6.52934]},"98o":{"weight":1.0,"played":[1.0,0.0],"evs":[0.0,-0.38415]},"T8o":{"weight":1.0,"played":[1.0,0.0],"evs":[0.0,-0.74718]},"J8o":{"weight":1.0,"played":[1.0,0.0],"evs":[0.0,-1.10984]},"Q8o":{"weight":1.0,"played":[1.0,0.0],"evs":[0.0,-1.36282]},"K8o":{"weight":1.0,"played":[1.0,0.0],"evs":[0.0,-1.37526]},"A8o":{"weight":1.0,"played":[1.0,0.0],"evs":[0.0,-0.87653]},"92s":{"weight":1.0,"played":[1.0,0.0],"evs":[0.0,-1.649]},"93s":{"weight":1.0,"played":[1.0,0.0],"evs":[0.0,-1.33233]},"94s":{"weight":1.0,"played":[1.0,0.0],"evs":[0.0,-1.28101]},"95s":{"weight":1.0,"played":[1.0,0.0],"evs":[0.0,-0.6097]},"96s":{"weight":1.0,"played":[1.0E-4,0.9999],"evs":[0.0,0.36992]},"97s":{"weight":1.0,"played":[0.0,1.0],"evs":[0.0,1.0837]},"98s":{"weight":1.0,"played":[0.0,1.0],"evs":[0.0,1.58198]},"99":{"weight":1.0,"played":[0.0,1.0],"evs":[0.0,7.99463]},"T9o":{"weight":1.0,"played":[0.8904,0.1096],"evs":[0.0,-0.02314]},"J9o":{"weight":1.0,"played":[0.9999,1.0E-4],"evs":[0.0,-0.38906]},"Q9o":{"weight":1.0,"played":[1.0,0.0],"evs":[0.0,-0.55282]},"K9o":{"weight":1.0,"played":[1.0,0.0],"evs":[0.0,-0.51577]},"A9o":{"weight":1.0,"played":[0.7232,0.2768],"evs":[0.0,-0.05743]},"T2s":{"weight":1.0,"played":[1.0,0.0],"evs":[0.0,-1.67607]},"T3s":{"weight":1.0,"played":[1.0,0.0],"evs":[0.0,-1.36871]},"T4s":{"weight":1.0,"played":[1.0,0.0],"evs":[0.0,-1.23897]},"T5s":{"weight":1.0,"played":[1.0,0.0],"evs":[0.0,-1.17896]},"T6s":{"weight":1.0,"played":[0.9966,0.0034],"evs":[0.0,-0.2127]},"T7s":{"weight":1.0,"played":[0.0,1.0],"evs":[0.0,0.51975]},"T8s":{"weight":1.0,"played":[0.0,1.0],"evs":[0.0,1.22128]},"T9s":{"weight":1.0,"played":[0.0,1.0],"evs":[0.0,1.90013]},"TT":{"weight":1.0,"played":[0.0,1.0],"evs":[0.0,10.08646]},"JTo":{"weight":1.0,"played":[0.0,1.0],"evs":[0.0,0.43875]},"QTo":{"weight":1.0,"played":[4.0E-4,0.9996],"evs":[0.0,0.24232]},"KTo":{"weight":1.0,"played":[0.0,1.0],"evs":[0.0,0.4189]},"ATo":{"weight":1.0,"played":[0.0,1.0],"evs":[0.0,1.74045]},"J2s":{"weight":1.0,"played":[1.0,0.0],"evs":[0.0,-1.44522]},"J3s":{"weight":1.0,"played":[1.0,0.0],"evs":[0.0,-1.09865]},"J4s":{"weight":1.0,"played":[1.0,0.0],"evs":[0.0,-0.89288]},"J5s":{"weight":1.0,"played":[1.0,0.0],"evs":[0.0,-0.81185]},"J6s":{"weight":1.0,"played":[1.0,0.0],"evs":[0.0,-0.54991]},"J7s":{"weight":1.0,"played":[0.0,1.0],"evs":[0.0,0.22589]},"J8s":{"weight":1.0,"played":[1.0E-4,0.9999],"evs":[0.0,0.93517]},"J9s":{"weight":1.0,"played":[0.0,1.0],"evs":[0.0,1.73492]},"JTs":{"weight":1.0,"played":[0.0,1.0],"evs":[0.0,2.4243]},"JJ":{"weight":1.0,"played":[0.0,1.0],"evs":[0.0,12.88322]},"QJo":{"weight":1.0,"played":[0.0,1.0],"evs":[0.0,0.70357]},"KJo":{"weight":1.0,"played":[0.0,1.0],"evs":[0.0,1.24292]},"AJo":{"weight":1.0,"played":[0.0,1.0],"evs":[0.0,3.67834]},"Q2s":{"weight":1.0,"played":[1.0,0.0],"evs":[0.0,-1.09218]},"Q3s":{"weight":1.0,"played":[1.0,0.0],"evs":[0.0,-0.71591]},"Q4s":{"weight":1.0,"played":[1.0,0.0],"evs":[0.0,-0.5267]},"Q5s":{"weight":1.0,"played":[0.9972,0.0028],"evs":[0.0,-0.33691]},"Q6s":{"weight":1.0,"played":[0.9906,0.0094],"evs":[0.0,-0.21667]},"Q7s":{"weight":1.0,"played":[0.2314,0.7686],"evs":[0.0,-0.02179]},"Q8s":{"weight":1.0,"played":[1.0E-4,0.9999],"evs":[0.0,0.72689]},"Q9s":{"weight":1.0,"played":[0.0,1.0],"evs":[0.0,1.40623]},"QTs":{"weight":1.0,"played":[0.0,1.0],"evs":[0.0,2.15023]},"QJs":{"weight":1.0,"played":[0.0,1.0],"evs":[0.0,2.6514]},"QQ":{"weight":1.0,"played":[0.0,1.0],"evs":[0.0,16.09384]},"KQo":{"weight":1.0,"played":[0.0,1.0],"evs":[0.0,2.25302]},"AQo":{"weight":1.0,"played":[0.0,1.0],"evs":[0.0,5.87141]},"K2s":{"weight":1.0,"played":[1.0,0.0],"evs":[0.0,-0.46811]},"K3s":{"weight":1.0,"played":[0.9859,0.0141],"evs":[0.0,-0.31633]},"K4s":{"weight":1.0,"played":[0.1488,0.8512],"evs":[0.0,0.0637]},"K5s":{"weight":1.0,"played":[0.3156,0.6844],"evs":[0.0,0.0948]},"K6s":{"weight":1.0,"played":[0.0,1.0],"evs":[0.0,0.56013]},"K7s":{"weight":1.0,"played":[0.0,1.0],"evs":[0.0,0.65091]},"K8s":{"weight":1.0,"played":[0.0,1.0],"evs":[0.0,0.78816]},"K9s":{"weight":1.0,"played":[0.0,1.0],"evs":[0.0,1.55558]},"KTs":{"weight":1.0,"played":[0.0,1.0],"evs":[0.0,2.40818]},"KJs":{"weight":1.0,"played":[0.0,1.0],"evs":[0.0,3.19393]},"KQs":{"weight":1.0,"played":[0.0,1.0],"evs":[0.0,4.30769]},"KK":{"weight":1.0,"played":[0.0,1.0],"evs":[0.0,20.19545]},"AKo":{"weight":1.0,"played":[0.0,1.0],"evs":[0.0,8.34972]},"A2s":{"weight":1.0,"played":[0.9997,3.0E-4],"evs":[0.0,-0.41]},"A3s":{"weight":1.0,"played":[0.8798,0.1202],"evs":[0.0,-0.11583]},"A4s":{"weight":1.0,"played":[0.0,1.0],"evs":[0.0,0.1352]},"A5s":{"weight":1.0,"played":[0.0,1.0],"evs":[0.0,0.44769]},"A6s":{"weight":1.0,"played":[0.2497,0.7503],"evs":[0.0,0.17743]},"A7s":{"weight":1.0,"played":[0.0,1.0],"evs":[0.0,0.7281]},"A8s":{"weight":1.0,"played":[0.0,1.0],"evs":[0.0,1.27436]},"A9s":{"weight":1.0,"played":[0.0,1.0],"evs":[0.0,2.06503]},"ATs":{"weight":1.0,"played":[0.0,1.0],"evs":[0.0,3.74975]},"AJs":{"weight":1.0,"played":[0.0,1.0],"evs":[0.0,5.50863]},"AQs":{"weight":1.0,"played":[0.0,1.0],"evs":[0.0,7.71145]},"AKs":{"weight":1.0,"played":[0.0,1.0],"evs":[0.0,9.85552]},"AA":{"weight":1.0,"played":[0.0,1.0],"evs":[0.0,26.717]}}}