{"player":4,"street":0,"children":2,"sequence":[{"player":0,"type":"R","amount":1125000,"street":0},{"player":1,"type":"C","amount":975000,"street":0},{"player":2,"type":"C","amount":1125000,"street":0},{"player":3,"type":"F","amount":0,"street":0}],"actions":[{"type":"F","amount":0},{"type":"C","amount":855000}],"hands":{"22":{"weight":1.0,"played":[0.9997,3.0E-4],"evs":[0.0,-1.57482]},"32o":{"weight":1.0,"played":[1.0,0.0],"evs":[0.0,-4.41814]},"42o":{"weight":1.0,"played":[1.0,0.0],"evs":[0.0,-4.27392]},"52o":{"weight":1.0,"played":[1.0,0.0],"evs":[0.0,-4.0623]},"62o":{"weight":1.0,"played":[1.0,0.0],"evs":[0.0,-4.55748]},"72o":{"weight":1.0,"played":[1.0,0.0],"evs":[0.0,-5.14476]},"82o":{"weight":1.0,"played":[1.0,0.0],"evs":[0.0,-4.87226]},"92o":{"weight":1.0,"played":[1.0,0.0],"evs":[0.0,-4.76997]},"T2o":{"weight":1.0,"played":[1.0,0.0],"evs":[0.0,-5.11758]},"J2o":{"weight":1.0,"played":[1.0,0.0],"evs":[0.0,-5.12815]},"Q2o":{"weight":1.0,"played":[1.0,0.0],"evs":[0.0,-4.66138]},"K2o":{"weight":1.0,"played":[1.0,0.0],"evs":[0.0,-4.40371]},"A2o":{"weight":1.0,"played":[1.0,0.0],"evs":[0.0,-4.80525]},"32s":{"weight":1.0,"played":[1.0,0.0],"evs":[0.0,-2.4776]},"33":{"weight":1.0,"played":[1.0,0.0],"evs":[0.0,-1.11453]},"43o":{"weight":1.0,"played":[1.0,0.0],"evs":[0.0,-3.40072]},"53o":{"weight":1.0,"played":[1.0,0.0],"evs":[0.0,-3.09173]},"63o":{"weight":1.0,"played":[1.0,0.0],"evs":[0.0,-3.65242]},"73o":{"weight":1.0,"played":[1.0,0.0],"evs":[0.0,-4.22518]},"83o":{"weight":1.0,"played":[1.0,0.0],"evs":[0.0,-4.87558]},"93o":{"weight":1.0,"played":[1.0,0.0],"evs":[0.0,-4.60318]},"T3o":{"weight":1.0,"played":[1.0,0.0],"evs":[0.0,-4.85001]},"J3o":{"weight":1.0,"played":[1.0,0.0],"evs":[0.0,-4.71472]},"Q3o":{"weight":1.0,"played":[1.0,0.0],"evs":[0.0,-4.34218]},"K3o":{"weight":1.0,"played":[1.0,0.0],"evs":[0.0,-4.35531]},"A3o":{"weight":1.0,"played":[1.0,0.0],"evs":[0.0,-4.54325]},"42s":{"weight":1.0,"played":[1.0,0.0],"evs":[0.0,-2.38883]},"43s":{"weight":1.0,"played":[0.9989,0.0011],"evs":[0.0,-1.35118]},"44":{"weight":1.0,"played":[0.999,0.001],"evs":[0.0,-0.96541]},"54o":{"weight":1.0,"played":[1.0,0.0],"evs":[0.0,-2.28448]},"64o":{"weight":1.0,"played":[1.0,0.0],"evs":[0.0,-2.72967]},"74o":{"weight":1.0,"played":[1.0,0.0],"evs":[0.0,-3.43998]},"84o":{"weight":1.0,"played":[1.0,0.0],"evs":[0.0,-4.19807]},"94o":{"weight":1.0,"played":[1.0,0.0],"evs":[0.0,-4.42143]},"T4o":{"weight":1.0,"played":[1.0,0.0],"evs":[0.0,-4.48949]},"J4o":{"weight":1.0,"played":[1.0,0.0],"evs":[0.0,-4.52629]},"Q4o":{"weight":1.0,"played":[1.0,0.0],"evs":[0.0,-3.94424]},"K4o":{"weight":1.0,"played":[1.0,0.0],"evs":[0.0,-3.937]},"A4o":{"weight":1.0,"played":[1.0,0.0],"evs":[0.0,-4.10239]},"52s":{"weight":1.0,"played":[1.0,0.0],"evs":[0.0,-2.29909]},"53s":{"weight":1.0,"played":[1.0,0.0],"evs":[0.0,-1.22851]},"54s":{"weight":1.0,"played":[1.0,0.0],"evs":[0.0,-0.62001]},"55":{"weight":1.0,"played":[0.8929,0.1071],"evs":[0.0,-0.06562]},"65o":{"weight":1.0,"played":[0.9999,1.0E-4],"evs":[0.0,-2.14683]},"75o":{"weight":1.0,"played":[1.0,0.0],"evs":[0.0,-2.66954]},"85o":{"weight":1.0,"played":[1.0,0.0],"evs":[0.0,-3.38819]},"95o":{"weight":1.0,"played":[1.0,0.0],"evs":[0.0,-3.67574]},"T5o":{"weight":1.0,"played":[1.0,0.0],"evs":[0.0,-4.53097]},"J5o":{"weight":1.0,"played":[1.0,0.0],"evs":[0.0,-4.47542]},"Q5o":{"weight":1.0,"played":[1.0,0.0],"evs":[0.0,-3.94264]},"K5o":{"weight":1.0,"played":[1.0,0.0],"evs":[0.0,-3.78922]},"A5o":{"weight":1.0,"played":[1.0,0.0],"evs":[0.0,-3.96425]},"62s":{"weight":1.0,"played":[0.9999,1.0E-4],"evs":[0.0,-2.74739]},"63s":{"weight":1.0,"played":[1.0,0.0],"evs":[0.0,-1.61409]},"64s":{"weight":1.0,"played":[0.9998,2.0E-4],"evs":[0.0,-0.81048]},"65s":{"weight":1.0,"played":[0.9982,0.0018],"evs":[0.0,-0.14408]},"66":{"weight":1.0,"played":[0.0053,0.9947],"evs":[0.0,0.43255]},"76o":{"weight":1.0,"played":[1.0,0.0],"evs":[0.0,-2.06197]},"86o":{"weight":1.0,"played":[1.0,0.0],"evs":[0.0,-2.53961]},"96o":{"weight":1.0,"played":[1.0,0.0],"evs":[0.0,-2.99237]},"T6o":{"weight":1.0,"played":[1.0,0.0],"evs":[0.0,-3.70982]},"J6o":{"weight":1.0,"played":[1.0,0.0],"evs":[0.0,-4.22917]},"Q6o":{"weight":1.0,"played":[1.0,0.0],"evs":[0.0,-3.76531]},"K6o":{"weight":1.0,"played":[1.0,0.0],"evs":[0.0,-3.60082]},"A6o":{"weight":1.0,"played":[1.0,0.0],"evs":[0.0,-4.33183]},"72s":{"weight":1.0,"played":[1.0,0.0],"evs":[0.0,-3.15137]},"73s":{"weight":1.0,"played":[1.0,0.0],"evs":[0.0,-2.23272]},"74s":{"weight":1.0,"played":[1.0,0.0],"evs":[0.0,-1.61624]},"75s":{"weight":1.0,"played":[1.0,0.0],"evs":[0.0,-0.74978]},"76s":{"weight":1.0,"played":[0.8381,0.1619],"evs":[0.0,-0.1247]},"77":{"weight":1.0,"played":[0.0,1.0],"evs":[0.0,1.41333]},"87o":{"weight":1.0,"played":[1.0,0.0],"evs":[0.0,-2.26924]},"97o":{"weight":1.0,"played":[1.0,0.0],"evs":[0.0,-2.33816]},"T7o":{"weight":1.0,"played":[1.0,0.0],"evs":[0.0,-3.17797]},"J7o":{"weight":1.0,"played":[1.0,0.0],"evs":[0.0,-3.41299]},"Q7o":{"weight":1.0,"played":[1.0,0.0],"evs":[0.0,-3.43696]},"K7o":{"weight":1.0,"played":[1.0,0.0],"evs":[0.0,-3.35525]},"A7o":{"weight":1.0,"played":[1.0,0.0],"evs":[0.0,-4.06301]},"82s":{"weight":1.0,"played":[1.0,0.0],"evs":[0.0,-2.95801]},"83s":{"weight":1.0,"played":[1.0,0.0],"evs":[0.0,-2.89707]},"84s":{"weight":1.0,"played":[1.0,0.0],"evs":[0.0,-2.37435]},"85s":{"weight":1.0,"played":[0.9987,0.0013],"evs":[0.0,-1.5276]},"86s":{"weight":1.0,"played":[0.9907,0.0093],"evs":[0.0,-0.7487]},"87s":{"weight":1.0,"played":[0.8759,0.1241],"evs":[0.0,-0.29235]},"88":{"weight":1.0,"played":[0.0,1.0],"evs":[0.0,2.04538]},"98o":{"weight":1.0,"played":[1.0,0.0],"evs":[0.0,-2.12709]},"T8o":{"weight":1.0,"played":[1.0,0.0],"evs":[0.0,-2.46925]},"J8o":{"weight":1.0,"played":[1.0,0.0],"evs":[0.0,-3.14813]},"Q8o":{"weight":1.0,"played":[1.0,0.0],"evs":[0.0,-3.08025]},"K8o":{"weight":1.0,"played":[1.0,0.0],"evs":[0.0,-3.34013]},"A8o":{"weight":1.0,"played":[1.0,0.0],"evs":[0.0,-3.83525]},"92s":{"weight":1.0,"played":[0.9999,1.0E-4],"evs":[0.0,-3.07586]},"93s":{"weight":1.0,"played":[1.0,0.0],"evs":[0.0,-2.57326]},"94s":{"weight":1.0,"played":[1.0,0.0],"evs":[0.0,-2.65363]},"95s":{"weight":1.0,"played":[0.9996,4.0E-4],"evs":[0.0,-1.77607]},"96s":{"weight":1.0,"played":[1.0,0.0],"evs":[0.0,-1.04583]},"97s":{"weight":1.0,"played":[0.9965,0.0035],"evs":[0.0,-0.53587]},"98s":{"weight":1.0,"played":[0.9253,0.0747],"evs":[0.0,-0.14423]},"99":{"weight":1.0,"played":[0.0,1.0],"evs":[0.0,3.11288]},"T9o":{"weight":1.0,"played":[1.0,0.0],"evs":[0.0,-1.89076]},"J9o":{"weight":1.0,"played":[1.0,0.0],"evs":[0.0,-2.30145]},"Q9o":{"weight":1.0,"played":[1.0,0.0],"evs":[0.0,-2.35957]},"K9o":{"weight":1.0,"played":[1.0,0.0],"evs":[0.0,-2.69326]},"A9o":{"weight":1.0,"played":[1.0,0.0],"evs":[0.0,-3.37404]},"T2s":{"weight":1.0,"played":[1.0,0.0],"evs":[0.0,-3.10826]},"T3s":{"weight":1.0,"played":[1.0,0.0],"evs":[0.0,-2.76412]},"T4s":{"weight":1.0,"played":[1.0,0.0],"evs":[0.0,-2.58044]},"T5s":{"weight":1.0,"played":[1.0,0.0],"evs":[0.0,-2.67706]},"T6s":{"weight":1.0,"played":[1.0,0.0],"evs":[0.0,-1.75605]},"T7s":{"weight":1.0,"played":[0.999,0.001],"evs":[0.0,-1.07339]},"T8s":{"weight":1.0,"played":[0.998,0.002],"evs":[0.0,-0.52406]},"T9s":{"weight":1.0,"played":[0.4186,0.5814],"evs":[0.0,0.25312]},"TT":{"weight":1.0,"played":[0.0,1.0],"evs":[0.0,4.62765]},"JTo":{"weight":1.0,"played":[1.0,0.0],"evs":[0.0,-1.55146]},"QTo":{"weight":1.0,"played":[1.0,0.0],"evs":[0.0,-1.80023]},"KTo":{"weight":1.0,"played":[1.0,0.0],"evs":[0.0,-1.90273]},"ATo":{"weight":1.0,"played":[1.0,0.0],"evs":[0.0,-2.20194]},"J2s":{"weight":1.0,"played":[1.0,0.0],"evs":[0.0,-2.87373]},"J3s":{"weight":1.0,"played":[1.0,0.0],"evs":[0.0,-2.88653]},"J4s":{"weight":1.0,"played":[1.0,0.0],"evs":[0.0,-2.0438]},"J5s":{"weight":1.0,"played":[1.0,0.0],"evs":[0.0,-2.05492]},"J6s":{"weight":1.0,"played":[0.9999,1.0E-4],"evs":[0.0,-2.19563]},"J7s":{"weight":1.0,"played":[0.9995,5.0E-4],"evs":[0.0,-1.50325]},"J8s":{"weight":1.0,"played":[0.9999,1.0E-4],"evs":[0.0,-1.13823]},"J9s":{"weight":1.0,"played":[0.7574,0.2426],"evs":[0.0,-0.28209]},"JTs":{"weight":1.0,"played":[0.1904,0.8096],"evs":[0.0,0.19364]},"JJ":{"weight":1.0,"played":[0.0,1.0],"evs":[0.0,7.37847]},"QJo":{"weight":1.0,"played":[0.9999,1.0E-4],"evs":[0.0,-1.53509]},"KJo":{"weight":1.0,"played":[0.9999,1.0E-4],"evs":[0.0,-1.13289]},"AJo":{"weight":1.0,"played":[0.9991,9.0E-4],"evs":[0.0,-0.78293]},"Q2s":{"weight":1.0,"played":[1.0,0.0],"evs":[0.0,-2.47483]},"Q3s":{"weight":1.0,"played":[1.0,0.0],"evs":[0.0,-2.35397]},"Q4s":{"weight":1.0,"played":[1.0,0.0],"evs":[0.0,-2.13965]},"Q5s":{"weight":1.0,"played":[0.9999,1.0E-4],"evs":[0.0,-1.94059]},"Q6s":{"weight":1.0,"played":[0.9999,1.0E-4],"evs":[0.0,-1.40026]},"Q7s":{"weight":1.0,"played":[0.9998,2.0E-4],"evs":[0.0,-1.78771]},"Q8s":{"weight":1.0,"played":[0.9978,0.0022],"evs":[0.0,-1.13268]},"Q9s":{"weight":1.0,"played":[0.9676,0.0324],"evs":[0.0,-0.33001]},"QTs":{"weight":1.0,"played":[0.405,0.595],"evs":[0.0,0.13257]},"QJs":{"weight":1.0,"played":[6.0E-4,0.9994],"evs":[0.0,0.11234]},"QQ":{"weight":1.0,"played":[0.0,1.0],"evs":[0.0,10.23638]},"KQo":{"weight":1.0,"played":[0.6595,0.3405],"evs":[0.0,-0.2069]},"AQo":{"weight":1.0,"played":[0.0,1.0],"evs":[0.0,1.02521]},"K2s":{"weight":1.0,"played":[0.9997,3.0E-4],"evs":[0.0,-2.27755]},"K3s":{"weight":1.0,"played":[1.0,0.0],"evs":[0.0,-2.15384]},"K4s":{"weight":1.0,"played":[1.0,0.0],"evs":[0.0,-1.63225]},"K5s":{"weight":1.0,"played":[0.9995,5.0E-4],"evs":[0.0,-1.68028]},"K6s":{"weight":1.0,"played":[0.9999,1.0E-4],"evs":[0.0,-1.49482]},"K7s":{"weight":1.0,"played":[0.9999,1.0E-4],"evs":[0.0,-1.23835]},"K8s":{"weight":1.0,"played":[1.0,0.0],"evs":[0.0,-1.17216]},"K9s":{"weight":1.0,"played":[0.9884,0.0116],"evs":[0.0,-0.45005]},"KTs":{"weight":1.0,"played":[0.5305,0.4695],"evs":[0.0,0.27203]},"KJs":{"weight":1.0,"played":[1.0E-4,0.9999],"evs":[0.0,0.41801]},"KQs":{"weight":1.0,"played":[0.0,1.0],"evs":[0.0,1.82497]},"KK":{"weight":1.0,"played":[0.0,1.0],"evs":[0.0,15.14199]},"AKo":{"weight":1.0,"played":[0.0,1.0],"evs":[0.0,2.66832]},"A2s":{"weight":1.0,"played":[1.0,0.0],"evs":[0.0,-2.25527]},"A3s":{"weight":1.0,"played":[1.0,0.0],"evs":[0.0,-1.76357]},"A4s":{"weight":1.0,"played":[0.9993,7.0E-4],"evs":[0.0,-2.08492]},"A5s":{"weight":1.0,"played":[0.9997,3.0E-4],"evs":[0.0,-1.42507]},"A6s":{"weight":1.0,"played":[1.0,0.0],"evs":[0.0,-2.28407]},"A7s":{"weight":1.0,"played":[1.0,0.0],"evs":[0.0,-1.45902]},"A8s":{"weight":1.0,"played":[1.0,0.0],"evs":[0.0,-1.68397]},"A9s":{"weight":1.0,"played":[0.9999,1.0E-4],"evs":[0.0,-0.97052]},"ATs":{"weight":1.0,"played":[0.38,0.62],"evs":[0.0,-0.04268]},"AJs":{"weight":1.0,"played":[0.0,1.0],"evs":[0.0,1.37653]},"AQs":{"weight":1.0,"played":[0.0,1.0],"evs":[0.0,2.82849]},"AKs":{"weight":1.0,"played":[0.0,1.0],"evs":[0.0,4.35062]},"AA":{"weight":1.0,"played":[0.0,1.0],"evs":[0.0,21.05322]}}}