{"player":4,"street":0,"children":2,"sequence":[{"player":0,"type":"F","amount":0,"street":0},{"player":1,"type":"F","amount":0,"street":0},{"player":2,"type":"F","amount":0,"street":0},{"player":3,"type":"R","amount":955000,"street":0}],"actions":[{"type":"F","amount":0},{"type":"C","amount":855000}],"hands":{"22":{"weight":1.0,"played":[0.0,1.0],"evs":[0.0,1.56031]},"32o":{"weight":1.0,"played":[1.0,0.0],"evs":[0.0,-3.54609]},"42o":{"weight":1.0,"played":[1.0,0.0],"evs":[0.0,-3.38524]},"52o":{"weight":1.0,"played":[1.0,0.0],"evs":[0.0,-3.20082]},"62o":{"weight":1.0,"played":[1.0,0.0],"evs":[0.0,-3.43582]},"72o":{"weight":1.0,"played":[1.0,0.0],"evs":[0.0,-3.37524]},"82o":{"weight":1.0,"played":[1.0,0.0],"evs":[0.0,-2.93621]},"92o":{"weight":1.0,"played":[1.0,0.0],"evs":[0.0,-2.48614]},"T2o":{"weight":1.0,"played":[1.0,0.0],"evs":[0.0,-1.90753]},"J2o":{"weight":1.0,"played":[1.0,0.0],"evs":[0.0,-1.32023]},"Q2o":{"weight":1.0,"played":[1.0,0.0],"evs":[0.0,-0.41674]},"K2o":{"weight":1.0,"played":[0.0,1.0],"evs":[0.0,0.86633]},"A2o":{"weight":1.0,"played":[0.0,1.0],"evs":[0.0,2.69269]},"32s":{"weight":1.0,"played":[1.0,0.0],"evs":[0.0,-2.47343]},"33":{"weight":1.0,"played":[0.0,1.0],"evs":[0.0,2.13704]},"43o":{"weight":1.0,"played":[1.0,0.0],"evs":[0.0,-2.97634]},"53o":{"weight":1.0,"played":[1.0,0.0],"evs":[0.0,-2.7624]},"63o":{"weight":1.0,"played":[1.0,0.0],"evs":[0.0,-2.99052]},"73o":{"weight":1.0,"played":[1.0,0.0],"evs":[0.0,-2.947]},"83o":{"weight":1.0,"played":[1.0,0.0],"evs":[0.0,-2.84633]},"93o":{"weight":1.0,"played":[1.0,0.0],"evs":[0.0,-2.32648]},"T3o":{"weight":1.0,"played":[1.0,0.0],"evs":[0.0,-1.73637]},"J3o":{"weight":1.0,"played":[1.0,0.0],"evs":[0.0,-1.11601]},"Q3o":{"weight":1.0,"played":[1.0,0.0],"evs":[0.0,-0.20914]},"K3o":{"weight":1.0,"played":[0.0,1.0],"evs":[0.0,1.06743]},"A3o":{"weight":1.0,"played":[0.0,1.0],"evs":[0.0,2.89575]},"42s":{"weight":1.0,"played":[1.0,0.0],"evs":[0.0,-2.36152]},"43s":{"weight":1.0,"played":[1.0,0.0],"evs":[0.0,-1.9506]},"44":{"weight":1.0,"played":[0.0,1.0],"evs":[0.0,2.7734]},"54o":{"weight":1.0,"played":[1.0,0.0],"evs":[0.0,-2.35608]},"64o":{"weight":1.0,"played":[1.0,0.0],"evs":[0.0,-2.55553]},"74o":{"weight":1.0,"played":[1.0,0.0],"evs":[0.0,-2.48814]},"84o":{"weight":1.0,"played":[1.0,0.0],"evs":[0.0,-2.39052]},"94o":{"weight":1.0,"played":[1.0,0.0],"evs":[0.0,-2.20219]},"T4o":{"weight":1.0,"played":[1.0,0.0],"evs":[0.0,-1.54926]},"J4o":{"weight":1.0,"played":[1.0,0.0],"evs":[0.0,-0.91826]},"Q4o":{"weight":1.0,"played":[0.3902,0.6098],"evs":[0.0,0.00572]},"K4o":{"weight":1.0,"played":[0.0,1.0],"evs":[0.0,1.28849]},"A4o":{"weight":1.0,"played":[0.0,1.0],"evs":[0.0,3.1291]},"52s":{"weight":1.0,"played":[1.0,0.0],"evs":[0.0,-2.18015]},"53s":{"weight":1.0,"played":[1.0,0.0],"evs":[0.0,-1.76767]},"54s":{"weight":1.0,"played":[1.0,0.0],"evs":[0.0,-1.36405]},"55":{"weight":1.0,"played":[0.0,1.0],"evs":[0.0,3.54647]},"65o":{"weight":1.0,"played":[1.0,0.0],"evs":[0.0,-2.07497]},"75o":{"weight":1.0,"played":[1.0,0.0],"evs":[0.0,-2.01365]},"85o":{"weight":1.0,"played":[1.0,0.0],"evs":[0.0,-1.90506]},"95o":{"weight":1.0,"played":[1.0,0.0],"evs":[0.0,-1.70597]},"T5o":{"weight":1.0,"played":[1.0,0.0],"evs":[0.0,-1.38952]},"J5o":{"weight":1.0,"played":[1.0,0.0],"evs":[0.0,-0.66959]},"Q5o":{"weight":1.0,"played":[0.0,1.0],"evs":[0.0,0.31708]},"K5o":{"weight":1.0,"played":[0.0,1.0],"evs":[0.0,1.60348]},"A5o":{"weight":1.0,"played":[0.0,1.0],"evs":[0.0,3.42969]},"62s":{"weight":1.0,"played":[1.0,0.0],"evs":[0.0,-2.37151]},"63s":{"weight":1.0,"played":[1.0,0.0],"evs":[0.0,-1.96573]},"64s":{"weight":1.0,"played":[1.0,0.0],"evs":[0.0,-1.562]},"65s":{"weight":1.0,"played":[1.0,0.0],"evs":[0.0,-1.12026]},"66":{"weight":1.0,"played":[0.0,1.0],"evs":[0.0,4.41616]},"76o":{"weight":1.0,"played":[1.0,0.0],"evs":[0.0,-1.58567]},"86o":{"weight":1.0,"played":[1.0,0.0],"evs":[0.0,-1.44344]},"96o":{"weight":1.0,"played":[1.0,0.0],"evs":[0.0,-1.21904]},"T6o":{"weight":1.0,"played":[1.0,0.0],"evs":[0.0,-0.86693]},"J6o":{"weight":1.0,"played":[1.0,0.0],"evs":[0.0,-0.42879]},"Q6o":{"weight":1.0,"played":[0.0,1.0],"evs":[0.0,0.6597]},"K6o":{"weight":1.0,"played":[0.0,1.0],"evs":[0.0,1.97186]},"A6o":{"weight":1.0,"played":[0.0,1.0],"evs":[0.0,3.59812]},"72s":{"weight":1.0,"played":[1.0,0.0],"evs":[0.0,-2.33124]},"73s":{"weight":1.0,"played":[1.0,0.0],"evs":[0.0,-1.92141]},"74s":{"weight":1.0,"played":[1.0,0.0],"evs":[0.0,-1.51497]},"75s":{"weight":1.0,"played":[1.0,0.0],"evs":[0.0,-1.02816]},"76s":{"weight":1.0,"played":[1.0,0.0],"evs":[0.0,-0.65318]},"77":{"weight":1.0,"played":[0.0,1.0],"evs":[0.0,5.29847]},"87o":{"weight":1.0,"played":[1.0,0.0],"evs":[0.0,-0.90156]},"97o":{"weight":1.0,"played":[1.0,0.0],"evs":[0.0,-0.67554]},"T7o":{"weight":1.0,"played":[1.0,0.0],"evs":[0.0,-0.31169]},"J7o":{"weight":1.0,"played":[0.0,1.0],"evs":[0.0,0.11576]},"Q7o":{"weight":1.0,"played":[0.0,1.0],"evs":[0.0,0.90442]},"K7o":{"weight":1.0,"played":[0.0,1.0],"evs":[0.0,2.25731]},"A7o":{"weight":1.0,"played":[0.0,1.0],"evs":[0.0,3.94466]},"82s":{"weight":1.0,"played":[1.0,0.0],"evs":[0.0,-1.90723]},"83s":{"weight":1.0,"played":[1.0,0.0],"evs":[0.0,-1.82348]},"84s":{"weight":1.0,"played":[1.0,0.0],"evs":[0.0,-1.42353]},"85s":{"weight":1.0,"played":[1.0,0.0],"evs":[0.0,-0.94475]},"86s":{"weight":1.0,"played":[1.0,0.0],"evs":[0.0,-0.50667]},"87s":{"weight":1.0,"played":[0.7594,0.2406],"evs":[0.0,-0.00726]},"88":{"weight":1.0,"played":[0.0,1.0],"evs":[0.0,6.15375]},"98o":{"weight":1.0,"played":[0.9999,1.0E-4],"evs":[0.0,-0.11258]},"T8o":{"weight":1.0,"played":[0.0,1.0],"evs":[0.0,0.25497]},"J8o":{"weight":1.0,"played":[0.0,1.0],"evs":[0.0,0.70323]},"Q8o":{"weight":1.0,"played":[0.0,1.0],"evs":[0.0,1.50902]},"K8o":{"weight":1.0,"played":[0.0,1.0],"evs":[0.0,2.56525]},"A8o":{"weight":1.0,"played":[0.0,1.0],"evs":[0.0,4.30118]},"92s":{"weight":1.0,"played":[1.0,0.0],"evs":[0.0,-1.48228]},"93s":{"weight":1.0,"played":[1.0,0.0],"evs":[0.0,-1.30148]},"94s":{"weight":1.0,"played":[1.0,0.0],"evs":[0.0,-1.22752]},"95s":{"weight":1.0,"played":[1.0,0.0],"evs":[0.0,-0.75637]},"96s":{"weight":1.0,"played":[1.0,0.0],"evs":[0.0,-0.32464]},"97s":{"weight":1.0,"played":[0.0,1.0],"evs":[0.0,0.20036]},"98s":{"weight":1.0,"played":[0.0,1.0],"evs":[0.0,0.736]},"99":{"weight":1.0,"played":[0.0,1.0],"evs":[0.0,7.01382]},"T9o":{"weight":1.0,"played":[0.0,1.0],"evs":[0.0,0.83654]},"J9o":{"weight":1.0,"played":[0.0,1.0],"evs":[0.0,1.28674]},"Q9o":{"weight":1.0,"played":[0.0,1.0],"evs":[0.0,2.14817]},"K9o":{"weight":1.0,"played":[0.0,1.0],"evs":[0.0,3.21089]},"A9o":{"weight":1.0,"played":[0.0,1.0],"evs":[0.0,4.69859]},"T2s":{"weight":1.0,"played":[1.0,0.0],"evs":[0.0,-0.92924]},"T3s":{"weight":1.0,"played":[1.0,0.0],"evs":[0.0,-0.78918]},"T4s":{"weight":1.0,"played":[1.0,0.0],"evs":[0.0,-0.58942]},"T5s":{"weight":1.0,"played":[1.0,0.0],"evs":[0.0,-0.45973]},"T6s":{"weight":1.0,"played":[0.003,0.997],"evs":[0.0,0.04559]},"T7s":{"weight":1.0,"played":[0.0,1.0],"evs":[0.0,0.54188]},"T8s":{"weight":1.0,"played":[0.0,1.0],"evs":[0.0,1.0738]},"T9s":{"weight":1.0,"played":[0.0,1.0],"evs":[0.0,1.63213]},"TT":{"weight":1.0,"played":[0.0,1.0],"evs":[0.0,7.92055]},"JTo":{"weight":1.0,"played":[0.0,1.0],"evs":[0.0,2.04909]},"QTo":{"weight":1.0,"played":[0.0,1.0],"evs":[0.0,2.87858]},"KTo":{"weight":1.0,"played":[0.0,1.0],"evs":[0.0,3.95102]},"ATo":{"weight":1.0,"played":[0.0,1.0],"evs":[0.0,5.41063]},"J2s":{"weight":1.0,"played":[1.0,0.0],"evs":[0.0,-0.39436]},"J3s":{"weight":1.0,"played":[1.0,0.0],"evs":[0.0,-0.17839]},"J4s":{"weight":1.0,"played":[0.9998,2.0E-4],"evs":[0.0,-0.01838]},"J5s":{"weight":1.0,"played":[0.0,1.0],"evs":[0.0,0.21804]},"J6s":{"weight":1.0,"played":[0.0,1.0],"evs":[0.0,0.44972]},"J7s":{"weight":1.0,"played":[0.0,1.0],"evs":[0.0,0.97576]},"J8s":{"weight":1.0,"played":[0.0,1.0],"evs":[0.0,1.48932]},"J9s":{"weight":1.0,"played":[0.0,1.0],"evs":[0.0,2.02998]},"JTs":{"weight":1.0,"played":[0.0,1.0],"evs":[0.0,2.74821]},"JJ":{"weight":1.0,"played":[0.0,1.0],"evs":[0.0,8.59299]},"QJo":{"weight":1.0,"played":[0.0,1.0],"evs":[0.0,3.18452]},"KJo":{"weight":1.0,"played":[0.0,1.0],"evs":[0.0,4.25869]},"AJo":{"weight":1.0,"played":[0.0,1.0],"evs":[0.0,5.77739]},"Q2s":{"weight":1.0,"played":[0.0,1.0],"evs":[0.0,0.47151]},"Q3s":{"weight":1.0,"played":[0.0,1.0],"evs":[0.0,0.64017]},"Q4s":{"weight":1.0,"played":[0.0,1.0],"evs":[0.0,0.8672]},"Q5s":{"weight":1.0,"played":[0.0,1.0],"evs":[0.0,1.14753]},"Q6s":{"weight":1.0,"played":[0.0,1.0],"evs":[0.0,1.44879]},"Q7s":{"weight":1.0,"played":[0.0,1.0],"evs":[0.0,1.68654]},"Q8s":{"weight":1.0,"played":[0.0,1.0],"evs":[0.0,2.27523]},"Q9s":{"weight":1.0,"played":[0.0,1.0],"evs":[0.0,2.86409]},"QTs":{"weight":1.0,"played":[0.0,1.0],"evs":[0.0,3.54753]},"QJs":{"weight":1.0,"played":[0.0,1.0],"evs":[0.0,3.80803]},"QQ":{"weight":1.0,"played":[0.0,1.0],"evs":[0.0,9.4463]},"KQo":{"weight":1.0,"played":[0.0,1.0],"evs":[0.0,4.67091]},"AQo":{"weight":1.0,"played":[0.0,1.0],"evs":[0.0,6.22166]},"K2s":{"weight":1.0,"played":[0.0,1.0],"evs":[0.0,1.67167]},"K3s":{"weight":1.0,"played":[0.0,1.0],"evs":[0.0,1.87304]},"K4s":{"weight":1.0,"played":[0.0,1.0],"evs":[0.0,2.08858]},"K5s":{"weight":1.0,"played":[0.0,1.0],"evs":[0.0,2.35839]},"K6s":{"weight":1.0,"played":[0.0,1.0],"evs":[0.0,2.70856]},"K7s":{"weight":1.0,"played":[0.0,1.0],"evs":[0.0,2.98381]},"K8s":{"weight":1.0,"played":[0.0,1.0],"evs":[0.0,3.26693]},"K9s":{"weight":1.0,"played":[0.0,1.0],"evs":[0.0,3.85406]},"KTs":{"weight":1.0,"played":[0.0,1.0],"evs":[0.0,4.54267]},"KJs":{"weight":1.0,"played":[0.0,1.0],"evs":[0.0,4.84053]},"KQs":{"weight":1.0,"played":[0.0,1.0],"evs":[0.0,5.21957]},"KK":{"weight":1.0,"played":[0.0,1.0],"evs":[0.0,10.42493]},"AKo":{"weight":1.0,"played":[0.0,1.0],"evs":[0.0,6.65441]},"A2s":{"weight":1.0,"played":[0.0,1.0],"evs":[0.0,3.41464]},"A3s":{"weight":1.0,"played":[0.0,1.0],"evs":[0.0,3.59478]},"A4s":{"weight":1.0,"played":[0.0,1.0],"evs":[0.0,3.79735]},"A5s":{"weight":1.0,"played":[0.0,1.0],"evs":[0.0,4.0882]},"A6s":{"weight":1.0,"played":[0.0,1.0],"evs":[0.0,4.22428]},"A7s":{"weight":1.0,"played":[0.0,1.0],"evs":[0.0,4.56375]},"A8s":{"weight":1.0,"played":[0.0,1.0],"evs":[0.0,4.88588]},"A9s":{"weight":1.0,"played":[0.0,1.0],"evs":[0.0,5.25718]},"ATs":{"weight":1.0,"played":[0.0,1.0],"evs":[0.0,5.92536]},"AJs":{"weight":1.0,"played":[0.0,1.0],"evs":[0.0,6.24906]},"AQs":{"weight":1.0,"played":[0.0,1.0],"evs":[0.0,6.6919]},"AKs":{"weight":1.0,"played":[0.0,1.0],"evs":[0.0,7.08371]},"AA":{"weight":1.0,"played":[0.0,1.0],"evs":[0.0,11.65723]}}}