{"player":4,"street":0,"children":3,"sequence":[{"player":0,"type":"F","amount":0,"street":0},{"player":1,"type":"F","amount":0,"street":0},{"player":2,"type":"R","amount":200000,"street":0},{"player":3,"type":"F","amount":0,"street":0}],"actions":[{"type":"F","amount":0},{"type":"C","amount":100000},{"type":"R","amount":955000,"node":9}],"hands":{"22":{"weight":1.0,"played":[0.0,1.0,0.0],"evs":[0.0,0.998,0.45684]},"32o":{"weight":1.0,"played":[1.0,0.0,0.0],"evs":[0.0,-0.03754,-3.73313]},"42o":{"weight":1.0,"played":[0.9803,0.0197,0.0],"evs":[0.0,-0.0213,-3.6506]},"52o":{"weight":1.0,"played":[0.2771,0.7229,0.0],"evs":[0.0,0.00466,-3.58686]},"62o":{"weight":1.0,"played":[1.0,0.0,0.0],"evs":[0.0,-0.18713,-3.95102]},"72o":{"weight":1.0,"played":[1.0,0.0,0.0],"evs":[0.0,-0.29756,-4.11201]},"82o":{"weight":1.0,"played":[1.0,0.0,0.0],"evs":[0.0,-0.26475,-3.9378]},"92o":{"weight":1.0,"played":[1.0,0.0,0.0],"evs":[0.0,-0.21172,-3.7417]},"T2o":{"weight":1.0,"played":[0.6969,0.3031,0.0],"evs":[0.0,-0.00241,-3.13481]},"J2o":{"weight":1.0,"played":[0.0,1.0,0.0],"evs":[0.0,0.10585,-2.42495]},"Q2o":{"weight":1.0,"played":[0.0,1.0,0.0],"evs":[0.0,0.19888,-1.57916]},"K2o":{"weight":1.0,"played":[0.0,1.0,0.0],"evs":[0.0,0.57123,-0.31169]},"A2o":{"weight":1.0,"played":[0.0,0.0,1.0],"evs":[0.0,1.69347,1.81718]},"32s":{"weight":1.0,"played":[0.0,1.0,0.0],"evs":[0.0,0.39451,-2.6976]},"33":{"weight":1.0,"played":[0.0,1.0,0.0],"evs":[0.0,1.05312,0.67146]},"43o":{"weight":1.0,"played":[0.0,1.0,0.0],"evs":[0.0,0.10647,-3.28105]},"53o":{"weight":1.0,"played":[0.0,1.0,0.0],"evs":[0.0,0.13906,-3.20362]},"63o":{"weight":1.0,"played":[0.9987,0.0013,0.0],"evs":[0.0,-0.03804,-3.54544]},"73o":{"weight":1.0,"played":[1.0,0.0,0.0],"evs":[0.0,-0.16204,-3.72129]},"83o":{"weight":1.0,"played":[1.0,0.0,0.0],"evs":[0.0,-0.27228,-3.90006]},"93o":{"weight":1.0,"played":[1.0,0.0,0.0],"evs":[0.0,-0.20599,-3.64467]},"T3o":{"weight":1.0,"played":[0.9832,0.0168,0.0],"evs":[0.0,-0.01355,-3.05216]},"J3o":{"weight":1.0,"played":[0.0,1.0,0.0],"evs":[0.0,0.10803,-2.33142]},"Q3o":{"weight":1.0,"played":[0.0,1.0,0.0],"evs":[0.0,0.22332,-1.47585]},"K3o":{"weight":1.0,"played":[0.0,1.0,0.0],"evs":[0.0,0.59449,-0.21581]},"A3o":{"weight":1.0,"played":[0.0,0.0,1.0],"evs":[0.0,1.73973,1.91304]},"42s":{"weight":1.0,"played":[0.0,1.0,0.0],"evs":[0.0,0.4118,-2.65906]},"43s":{"weight":1.0,"played":[0.0,1.0,0.0],"evs":[0.0,0.56033,-2.28276]},"44":{"weight":1.0,"played":[0.0,1.0,0.0],"evs":[0.0,1.13835,0.95236]},"54o":{"weight":1.0,"played":[0.0,1.0,0.0],"evs":[0.0,0.26495,-2.86952]},"64o":{"weight":1.0,"played":[0.0012,0.9988,0.0],"evs":[0.0,0.0854,-3.18558]},"74o":{"weight":1.0,"played":[0.9994,6.0E-4,0.0],"evs":[0.0,-0.03166,-3.33496]},"84o":{"weight":1.0,"played":[1.0,0.0,0.0],"evs":[0.0,-0.14043,-3.50179]},"94o":{"weight":1.0,"played":[1.0,0.0,0.0],"evs":[0.0,-0.20153,-3.6051]},"T4o":{"weight":1.0,"played":[0.1179,0.8821,0.0],"evs":[0.0,0.00769,-2.95429]},"J4o":{"weight":1.0,"played":[0.0,1.0,0.0],"evs":[0.0,0.11326,-2.24608]},"Q4o":{"weight":1.0,"played":[0.0,1.0,0.0],"evs":[0.0,0.23359,-1.35177]},"K4o":{"weight":1.0,"played":[0.0,1.0,0.0],"evs":[0.0,0.63923,-0.04675]},"A4o":{"weight":1.0,"played":[0.0,0.0,1.0],"evs":[0.0,1.80298,2.02931]},"52s":{"weight":1.0,"played":[1.0E-4,0.9999,0.0],"evs":[0.0,0.43296,-2.57273]},"53s":{"weight":1.0,"played":[0.0,1.0,0.0],"evs":[0.0,0.61118,-2.16348]},"54s":{"weight":1.0,"played":[0.0,1.0,0.0],"evs":[0.0,0.72103,-1.87145]},"55":{"weight":1.0,"played":[0.0,0.3978,0.6022],"evs":[0.0,1.29128,1.286]},"65o":{"weight":1.0,"played":[0.0,1.0,0.0],"evs":[0.0,0.22404,-2.83625]},"75o":{"weight":1.0,"played":[0.0,1.0,0.0],"evs":[0.0,0.10976,-2.98549]},"85o":{"weight":1.0,"played":[0.6375,0.3625,0.0],"evs":[0.0,0.00263,-3.1371]},"95o":{"weight":1.0,"played":[1.0,0.0,0.0],"evs":[0.0,-0.07834,-3.24999]},"T5o":{"weight":1.0,"played":[0.251,0.749,0.0],"evs":[0.0,0.00252,-2.94336]},"J5o":{"weight":1.0,"played":[0.0,1.0,0.0],"evs":[0.0,0.1453,-2.0878]},"Q5o":{"weight":1.0,"played":[0.0,1.0,0.0],"evs":[0.0,0.27527,-1.17792]},"K5o":{"weight":1.0,"played":[0.0,1.0,0.0],"evs":[0.0,0.69607,0.16491]},"A5o":{"weight":1.0,"played":[0.0,0.0,1.0],"evs":[0.0,1.90401,2.2376]},"62s":{"weight":1.0,"played":[0.0,1.0,0.0],"evs":[0.0,0.25359,-2.86139]},"63s":{"weight":1.0,"played":[0.0,1.0,0.0],"evs":[0.0,0.38722,-2.56842]},"64s":{"weight":1.0,"played":[0.0,1.0,0.0],"evs":[0.0,0.54202,-2.18673]},"65s":{"weight":1.0,"played":[0.0,1.0,0.0],"evs":[0.0,0.66312,-1.8709]},"66":{"weight":1.0,"played":[0.0,0.0,1.0],"evs":[0.0,1.45256,1.81838]},"76o":{"weight":1.0,"played":[0.0,1.0,0.0],"evs":[0.0,0.20699,-2.68349]},"86o":{"weight":1.0,"played":[0.0,1.0,0.0],"evs":[0.0,0.11928,-2.86018]},"96o":{"weight":1.0,"played":[0.0022,0.9978,0.0],"evs":[0.0,0.0489,-2.90603]},"T6o":{"weight":1.0,"played":[0.0,1.0,0.0],"evs":[0.0,0.1175,-2.60006]},"J6o":{"weight":1.0,"played":[0.0,1.0,0.0],"evs":[0.0,0.14002,-2.0521]},"Q6o":{"weight":1.0,"played":[0.0,1.0,0.0],"evs":[0.0,0.30476,-0.99077]},"K6o":{"weight":1.0,"played":[0.0,1.0,0.0],"evs":[0.0,0.72758,0.36015]},"A6o":{"weight":1.0,"played":[0.0,0.0,1.0],"evs":[0.0,1.77495,2.15538]},"72s":{"weight":1.0,"played":[0.0,1.0,0.0],"evs":[0.0,0.14056,-3.03814]},"73s":{"weight":1.0,"played":[0.0,1.0,0.0],"evs":[0.0,0.29632,-2.66629]},"74s":{"weight":1.0,"played":[0.0,1.0,0.0],"evs":[0.0,0.41657,-2.32541]},"75s":{"weight":1.0,"played":[0.0,1.0,0.0],"evs":[0.0,0.59721,-1.97411]},"76s":{"weight":1.0,"played":[0.0,1.0,0.0],"evs":[0.0,0.67407,-1.70632]},"77":{"weight":1.0,"played":[0.0,0.0,1.0],"evs":[0.0,1.71883,2.44531]},"87o":{"weight":1.0,"played":[0.0,1.0,0.0],"evs":[0.0,0.24914,-2.51989]},"97o":{"weight":1.0,"played":[0.0,1.0,0.0],"evs":[0.0,0.19076,-2.56346]},"T7o":{"weight":1.0,"played":[0.0,1.0,0.0],"evs":[0.0,0.27709,-2.24908]},"J7o":{"weight":1.0,"played":[0.0,1.0,0.0],"evs":[0.0,0.28572,-1.67042]},"Q7o":{"weight":1.0,"played":[0.0,1.0,0.0],"evs":[0.0,0.30053,-0.95132]},"K7o":{"weight":1.0,"played":[0.0,1.0,0.0],"evs":[0.0,0.81814,0.64098]},"A7o":{"weight":1.0,"played":[0.0,0.0,1.0],"evs":[0.0,1.88183,2.37922]},"82s":{"weight":1.0,"played":[0.0,1.0,0.0],"evs":[0.0,0.17803,-2.87181]},"83s":{"weight":1.0,"played":[0.0,1.0,0.0],"evs":[0.0,0.1564,-2.87902]},"84s":{"weight":1.0,"played":[0.0,1.0,0.0],"evs":[0.0,0.31826,-2.47914]},"85s":{"weight":1.0,"played":[0.0,1.0,0.0],"evs":[0.0,0.43022,-2.17529]},"86s":{"weight":1.0,"played":[0.0,1.0,0.0],"evs":[0.0,0.59117,-1.87407]},"87s":{"weight":1.0,"played":[0.0,1.0,0.0],"evs":[0.0,0.71682,-1.54266]},"88":{"weight":1.0,"played":[0.0,0.0,1.0],"evs":[0.0,2.20407,3.27919]},"98o":{"weight":1.0,"played":[0.0,1.0,0.0],"evs":[0.0,0.3107,-2.26973]},"T8o":{"weight":1.0,"played":[0.0,1.0,0.0],"evs":[0.0,0.45408,-1.78783]},"J8o":{"weight":1.0,"played":[0.0,1.0,0.0],"evs":[0.0,0.46918,-1.16131]},"Q8o":{"weight":1.0,"played":[0.0,1.0,0.0],"evs":[0.0,0.52169,-0.44024]},"K8o":{"weight":1.0,"played":[0.0,0.0,1.0],"evs":[0.0,1.0141,1.11125]},"A8o":{"weight":1.0,"played":[0.0,0.0,1.0],"evs":[0.0,2.03306,2.62]},"92s":{"weight":1.0,"played":[0.0,1.0,0.0],"evs":[0.0,0.24196,-2.70717]},"93s":{"weight":1.0,"played":[0.0,1.0,0.0],"evs":[0.0,0.24998,-2.61125]},"94s":{"weight":1.0,"played":[0.0,1.0,0.0],"evs":[0.0,0.25263,-2.62285]},"95s":{"weight":1.0,"played":[0.0,1.0,0.0],"evs":[0.0,0.3873,-2.26531]},"96s":{"weight":1.0,"played":[0.0,1.0,0.0],"evs":[0.0,0.51634,-1.93185]},"97s":{"weight":1.0,"played":[0.0,1.0,0.0],"evs":[0.0,0.67023,-1.59891]},"98s":{"weight":1.0,"played":[0.0,1.0,0.0],"evs":[0.0,0.79383,-1.32523]},"99":{"weight":1.0,"played":[0.0,0.0,1.0],"evs":[0.0,2.99346,4.53305]},"T9o":{"weight":1.0,"played":[0.0,1.0,0.0],"evs":[0.0,0.6876,-1.11557]},"J9o":{"weight":1.0,"played":[0.0,1.0,0.0],"evs":[0.0,0.78012,-0.36973]},"Q9o":{"weight":1.0,"played":[0.0,1.0,0.0],"evs":[0.0,0.92944,0.44563]},"K9o":{"weight":1.0,"played":[0.0,0.0,1.0],"evs":[0.0,1.60964,2.3182]},"A9o":{"weight":1.0,"played":[0.0,0.0,1.0],"evs":[0.0,2.25887,3.1015]},"T2s":{"weight":1.0,"played":[0.0,1.0,0.0],"evs":[0.0,0.43721,-2.14194]},"T3s":{"weight":1.0,"played":[0.0,1.0,0.0],"evs":[0.0,0.44643,-2.046]},"T4s":{"weight":1.0,"played":[0.0,1.0,0.0],"evs":[0.0,0.469,-1.94439]},"T5s":{"weight":1.0,"played":[0.0,1.0,0.0],"evs":[0.0,0.48476,-1.95914]},"T6s":{"weight":1.0,"played":[0.0,1.0,0.0],"evs":[0.0,0.60306,-1.61917]},"T7s":{"weight":1.0,"played":[0.0,1.0,0.0],"evs":[0.0,0.74712,-1.32237]},"T8s":{"weight":1.0,"played":[0.0,1.0,0.0],"evs":[0.0,0.95716,-0.86095]},"T9s":{"weight":1.0,"played":[0.0,1.0,0.0],"evs":[0.0,1.20849,-0.24601]},"TT":{"weight":1.0,"played":[0.0,0.0,1.0],"evs":[0.0,4.13148,5.94035]},"JTo":{"weight":1.0,"played":[0.0,1.0,0.0],"evs":[0.0,1.34091,0.75729]},"QTo":{"weight":1.0,"played":[0.0,0.9984,0.0016],"evs":[0.0,1.57573,1.47633]},"KTo":{"weight":1.0,"played":[0.0,0.0,1.0],"evs":[0.0,2.30918,3.21573]},"ATo":{"weight":1.0,"played":[0.0,0.0,1.0],"evs":[0.0,2.688,3.68452]},"J2s":{"weight":1.0,"played":[0.0,1.0,0.0],"evs":[0.0,0.5838,-1.43741]},"J3s":{"weight":1.0,"played":[0.0,1.0,0.0],"evs":[0.0,0.60297,-1.34918]},"J4s":{"weight":1.0,"played":[0.0,1.0,0.0],"evs":[0.0,0.6251,-1.26867]},"J5s":{"weight":1.0,"played":[0.0,1.0,0.0],"evs":[0.0,0.64649,-1.11325]},"J6s":{"weight":1.0,"played":[0.0,1.0,0.0],"evs":[0.0,0.64865,-1.07644]},"J7s":{"weight":1.0,"played":[0.0,1.0,0.0],"evs":[0.0,0.7925,-0.76506]},"J8s":{"weight":1.0,"played":[0.0,1.0,0.0],"evs":[0.0,0.99756,-0.24606]},"J9s":{"weight":1.0,"played":[0.0,1.0,0.0],"evs":[0.0,1.29909,0.41159]},"JTs":{"weight":1.0,"played":[0.0,1.0,0.0],"evs":[0.0,1.87913,1.52732]},"JJ":{"weight":1.0,"played":[0.0,0.0,1.0],"evs":[0.0,5.13556,7.10317]},"QJo":{"weight":1.0,"played":[0.0,0.055,0.945],"evs":[0.0,1.84419,1.84433]},"KJo":{"weight":1.0,"played":[0.0,0.0,1.0],"evs":[0.0,2.65349,3.61276]},"AJo":{"weight":1.0,"played":[0.0,0.0,1.0],"evs":[0.0,2.97276,4.05871]},"Q2s":{"weight":1.0,"played":[0.0,1.0,0.0],"evs":[0.0,0.73237,-0.62589]},"Q3s":{"weight":1.0,"played":[0.0,1.0,0.0],"evs":[0.0,0.73251,-0.54725]},"Q4s":{"weight":1.0,"played":[0.0,1.0,0.0],"evs":[0.0,0.76801,-0.41796]},"Q5s":{"weight":1.0,"played":[0.0,1.0,0.0],"evs":[0.0,0.81984,-0.24522]},"Q6s":{"weight":1.0,"played":[0.0,1.0,0.0],"evs":[0.0,0.86778,-0.09332]},"Q7s":{"weight":1.0,"played":[0.0,1.0,0.0],"evs":[0.0,0.86138,-0.0478]},"Q8s":{"weight":1.0,"played":[0.0,1.0,0.0],"evs":[0.0,1.11279,0.45038]},"Q9s":{"weight":1.0,"played":[0.0,0.9999,1.0E-4],"evs":[0.0,1.55554,1.28234]},"QTs":{"weight":1.0,"played":[0.0,0.0,1.0],"evs":[0.0,2.16176,2.25298]},"QJs":{"weight":1.0,"played":[0.0,0.0,1.0],"evs":[0.0,2.4091,2.59886]},"QQ":{"weight":1.0,"played":[0.0,0.0,1.0],"evs":[0.0,6.47835,8.56018]},"KQo":{"weight":1.0,"played":[0.0,0.0,1.0],"evs":[0.0,3.02717,3.99523]},"AQo":{"weight":1.0,"played":[0.0,0.0,1.0],"evs":[0.0,3.51882,4.72042]},"K2s":{"weight":1.0,"played":[0.0,1.0,0.0],"evs":[0.0,1.15856,0.60371]},"K3s":{"weight":1.0,"played":[0.0,1.0,0.0],"evs":[0.0,1.20005,0.71318]},"K4s":{"weight":1.0,"played":[0.0,1.0,0.0],"evs":[0.0,1.21652,0.79523]},"K5s":{"weight":1.0,"played":[0.0,1.0,0.0],"evs":[0.0,1.29526,0.98811]},"K6s":{"weight":1.0,"played":[0.0,1.0,0.0],"evs":[0.0,1.33065,1.17587]},"K7s":{"weight":1.0,"played":[0.0,0.3046,0.6954],"evs":[0.0,1.45359,1.46812]},"K8s":{"weight":1.0,"played":[0.0,0.0,1.0],"evs":[0.0,1.69824,1.94959]},"K9s":{"weight":1.0,"played":[0.0,0.0,1.0],"evs":[0.0,2.25865,3.02593]},"KTs":{"weight":1.0,"played":[0.0,0.0,1.0],"evs":[0.0,2.8992,3.85292]},"KJs":{"weight":1.0,"played":[0.0,0.0,1.0],"evs":[0.0,3.18962,4.21855]},"KQs":{"weight":1.0,"played":[0.0,0.0,1.0],"evs":[0.0,3.53834,4.57765]},"KK":{"weight":1.0,"played":[0.0,0.0,1.0],"evs":[0.0,8.20964,10.27079]},"AKo":{"weight":1.0,"played":[0.0,0.0,1.0],"evs":[0.0,4.33938,5.79191]},"A2s":{"weight":1.0,"played":[0.0,0.0,1.0],"evs":[0.0,2.28448,2.60091]},"A3s":{"weight":1.0,"played":[0.0,0.0,1.0],"evs":[0.0,2.33528,2.70378]},"A4s":{"weight":1.0,"played":[0.0,0.0,1.0],"evs":[0.0,2.41964,2.8138]},"A5s":{"weight":1.0,"played":[0.0,0.0,1.0],"evs":[0.0,2.47735,2.96494]},"A6s":{"weight":1.0,"played":[0.0,0.0,1.0],"evs":[0.0,2.40532,2.95429]},"A7s":{"weight":1.0,"played":[0.0,0.0,1.0],"evs":[0.0,2.48389,3.09268]},"A8s":{"weight":1.0,"played":[0.0,0.0,1.0],"evs":[0.0,2.65054,3.36996]},"A9s":{"weight":1.0,"played":[0.0,0.0,1.0],"evs":[0.0,2.88702,3.80293]},"ATs":{"weight":1.0,"played":[0.0,0.0,1.0],"evs":[0.0,3.25231,4.32604]},"AJs":{"weight":1.0,"played":[0.0,0.0,1.0],"evs":[0.0,3.53018,4.67624]},"AQs":{"weight":1.0,"played":[0.0,0.0,1.0],"evs":[0.0,4.04656,5.30175]},"AKs":{"weight":1.0,"played":[0.0,0.0,1.0],"evs":[0.0,4.80686,6.28608]},"AA":{"weight":1.0,"played":[0.0,0.0,1.0],"evs":[0.0,9.51058,11.57787]}}}