{"player":4,"street":0,"children":2,"sequence":[{"player":0,"type":"R","amount":200000,"street":0},{"player":1,"type":"C","amount":200000,"street":0},{"player":2,"type":"C","amount":200000,"street":0},{"player":3,"type":"R","amount":2575000,"street":0}],"actions":[{"type":"F","amount":0,"node":105},{"type":"C","amount":2475000,"node":112}],"hands":{"22":{"weight":1.0,"played":[0.0475,0.9525],"evs":[0.0,9.11578]},"32o":{"weight":1.0,"played":[0.9255,0.0745],"evs":[0.0,-6.78237]},"42o":{"weight":1.0,"played":[0.9384,0.0616],"evs":[0.0,-8.32333]},"52o":{"weight":1.0,"played":[0.887,0.113],"evs":[0.0,-5.09603]},"62o":{"weight":1.0,"played":[0.9047,0.0953],"evs":[0.0,-5.41677]},"72o":{"weight":1.0,"played":[0.7,0.3],"evs":[0.0,-4.41289]},"82o":{"weight":1.0,"played":[0.9789,0.0211],"evs":[0.0,-9.52377]},"92o":{"weight":1.0,"played":[0.9951,0.0049],"evs":[0.0,-4.9234]},"T2o":{"weight":1.0,"played":[0.978,0.022],"evs":[0.0,-2.26209]},"J2o":{"weight":1.0,"played":[0.4722,0.5278],"evs":[0.0,-0.00831]},"Q2o":{"weight":1.0,"played":[0.7565,0.2435],"evs":[0.0,-4.17567]},"K2o":{"weight":1.0,"played":[0.2144,0.7856],"evs":[0.0,0.92486]},"A2o":{"weight":1.0,"played":[0.7477,0.2523],"evs":[0.0,-2.81814]},"32s":{"weight":1.0,"played":[0.3699,0.6301],"evs":[0.0,-1.92835]},"33":{"weight":1.0,"played":[8.0E-4,0.9992],"evs":[0.0,11.62862]},"43o":{"weight":1.0,"played":[0.9825,0.0175],"evs":[0.0,-9.15028]},"53o":{"weight":1.0,"played":[0.9982,0.0018],"evs":[0.0,-5.11589]},"63o":{"weight":1.0,"played":[0.5893,0.4107],"evs":[0.0,-1.88279]},"73o":{"weight":1.0,"played":[0.9741,0.0259],"evs":[0.0,-7.4722]},"83o":{"weight":1.0,"played":[0.9135,0.0865],"evs":[0.0,-3.95551]},"93o":{"weight":1.0,"played":[0.6612,0.3388],"evs":[0.0,-3.01017]},"T3o":{"weight":1.0,"played":[0.7126,0.2874],"evs":[0.0,-4.16041]},"J3o":{"weight":1.0,"played":[0.7326,0.2674],"evs":[0.0,-3.27432]},"Q3o":{"weight":1.0,"played":[0.8749,0.1251],"evs":[0.0,-4.04694]},"K3o":{"weight":1.0,"played":[0.7585,0.2415],"evs":[0.0,-3.70687]},"A3o":{"weight":1.0,"played":[0.1601,0.8399],"evs":[0.0,2.44162]},"42s":{"weight":1.0,"played":[0.3254,0.6746],"evs":[0.0,4.05664]},"43s":{"weight":1.0,"played":[0.9444,0.0556],"evs":[0.0,-12.68447]},"44":{"weight":1.0,"played":[0.0411,0.9589],"evs":[0.0,9.59957]},"54o":{"weight":1.0,"played":[0.8283,0.1717],"evs":[0.0,-7.61589]},"64o":{"weight":1.0,"played":[0.9919,0.0081],"evs":[0.0,-11.74666]},"74o":{"weight":1.0,"played":[0.5774,0.4226],"evs":[0.0,-4.9309]},"84o":{"weight":1.0,"played":[0.9847,0.0153],"evs":[0.0,-5.94305]},"94o":{"weight":1.0,"played":[0.9998,2.0E-4],"evs":[0.0,-7.91323]},"T4o":{"weight":1.0,"played":[0.9387,0.0613],"evs":[0.0,-5.14513]},"J4o":{"weight":1.0,"played":[0.742,0.258],"evs":[0.0,-6.3576]},"Q4o":{"weight":1.0,"played":[0.9612,0.0388],"evs":[0.0,-6.837]},"K4o":{"weight":1.0,"played":[0.6278,0.3722],"evs":[0.0,0.6652]},"A4o":{"weight":1.0,"played":[0.3133,0.6867],"evs":[0.0,-2.38092]},"52s":{"weight":1.0,"played":[0.344,0.656],"evs":[0.0,8.45272]},"53s":{"weight":1.0,"played":[0.4831,0.5169],"evs":[0.0,-3.31295]},"54s":{"weight":1.0,"played":[0.3251,0.6749],"evs":[0.0,10.19534]},"55":{"weight":1.0,"played":[0.0479,0.9521],"evs":[0.0,19.17817]},"65o":{"weight":1.0,"played":[0.6325,0.3675],"evs":[0.0,-1.80625]},"75o":{"weight":1.0,"played":[0.0841,0.9159],"evs":[0.0,3.2176]},"85o":{"weight":1.0,"played":[0.704,0.296],"evs":[0.0,-2.79587]},"95o":{"weight":1.0,"played":[0.9997,3.0E-4],"evs":[0.0,-4.67563]},"T5o":{"weight":1.0,"played":[0.7734,0.2266],"evs":[0.0,-0.65852]},"J5o":{"weight":1.0,"played":[0.4372,0.5628],"evs":[0.0,-3.50548]},"Q5o":{"weight":1.0,"played":[0.9574,0.0426],"evs":[0.0,-10.00372]},"K5o":{"weight":1.0,"played":[0.7308,0.2692],"evs":[0.0,-6.45295]},"A5o":{"weight":1.0,"played":[0.202,0.798],"evs":[0.0,7.63691]},"62s":{"weight":1.0,"played":[0.4828,0.5172],"evs":[0.0,0.98363]},"63s":{"weight":1.0,"played":[0.2933,0.7067],"evs":[0.0,-1.0836]},"64s":{"weight":1.0,"played":[0.4868,0.5132],"evs":[0.0,1.24978]},"65s":{"weight":1.0,"played":[0.4436,0.5564],"evs":[0.0,-7.41285]},"66":{"weight":1.0,"played":[0.0249,0.9751],"evs":[0.0,1.01529]},"76o":{"weight":1.0,"played":[0.8831,0.1169],"evs":[0.0,-0.44603]},"86o":{"weight":1.0,"played":[0.0721,0.9279],"evs":[0.0,-1.43196]},"96o":{"weight":1.0,"played":[0.8655,0.1345],"evs":[0.0,2.74275]},"T6o":{"weight":1.0,"played":[0.4123,0.5877],"evs":[0.0,4.77079]},"J6o":{"weight":1.0,"played":[0.8392,0.1608],"evs":[0.0,-6.9681]},"Q6o":{"weight":1.0,"played":[0.6219,0.3781],"evs":[0.0,0.11596]},"K6o":{"weight":1.0,"played":[0.2343,0.7657],"evs":[0.0,2.07945]},"A6o":{"weight":1.0,"played":[0.3858,0.6142],"evs":[0.0,-1.45669]},"72s":{"weight":1.0,"played":[0.71,0.29],"evs":[0.0,-1.37028]},"73s":{"weight":1.0,"played":[0.8887,0.1113],"evs":[0.0,-3.69396]},"74s":{"weight":1.0,"played":[0.9997,3.0E-4],"evs":[0.0,-4.73453]},"75s":{"weight":1.0,"played":[0.6478,0.3522],"evs":[0.0,1.3123]},"76s":{"weight":1.0,"played":[0.7675,0.2325],"evs":[0.0,-1.43672]},"77":{"weight":1.0,"played":[0.1778,0.8222],"evs":[0.0,9.10609]},"87o":{"weight":1.0,"played":[0.3294,0.6706],"evs":[0.0,2.11388]},"97o":{"weight":1.0,"played":[0.3034,0.6966],"evs":[0.0,0.50485]},"T7o":{"weight":1.0,"played":[0.3106,0.6894],"evs":[0.0,-2.9297]},"J7o":{"weight":1.0,"played":[0.7733,0.2267],"evs":[0.0,-3.01346]},"Q7o":{"weight":1.0,"played":[0.9488,0.0512],"evs":[0.0,-4.34903]},"K7o":{"weight":1.0,"played":[0.8256,0.1744],"evs":[0.0,-1.99101]},"A7o":{"weight":1.0,"played":[0.6311,0.3689],"evs":[0.0,-5.99276]},"82s":{"weight":1.0,"played":[0.885,0.115],"evs":[0.0,-11.69328]},"83s":{"weight":1.0,"played":[0.8665,0.1335],"evs":[0.0,-13.89715]},"84s":{"weight":1.0,"played":[0.7278,0.2722],"evs":[0.0,-5.96657]},"85s":{"weight":1.0,"played":[0.633,0.367],"evs":[0.0,4.52325]},"86s":{"weight":1.0,"played":[0.8184,0.1816],"evs":[0.0,3.75196]},"87s":{"weight":1.0,"played":[0.5912,0.4088],"evs":[0.0,2.0062]},"88":{"weight":1.0,"played":[0.0439,0.9561],"evs":[0.0,9.5399]},"98o":{"weight":1.0,"played":[0.6412,0.3588],"evs":[0.0,-7.9154]},"T8o":{"weight":1.0,"played":[0.8549,0.1451],"evs":[0.0,-7.78945]},"J8o":{"weight":1.0,"played":[0.3111,0.6889],"evs":[0.0,4.35767]},"Q8o":{"weight":1.0,"played":[0.8769,0.1231],"evs":[0.0,-4.87189]},"K8o":{"weight":1.0,"played":[0.157,0.843],"evs":[0.0,2.80768]},"A8o":{"weight":1.0,"played":[0.0626,0.9374],"evs":[0.0,6.8007]},"92s":{"weight":1.0,"played":[0.6174,0.3826],"evs":[0.0,-3.65326]},"93s":{"weight":1.0,"played":[0.5207,0.4793],"evs":[0.0,2.03566]},"94s":{"weight":1.0,"played":[0.9047,0.0953],"evs":[0.0,-15.77587]},"95s":{"weight":1.0,"played":[0.6111,0.3889],"evs":[0.0,1.69964]},"96s":{"weight":1.0,"played":[0.6692,0.3308],"evs":[0.0,-6.63423]},"97s":{"weight":1.0,"played":[0.2451,0.7549],"evs":[0.0,12.1478]},"98s":{"weight":1.0,"played":[0.0304,0.9696],"evs":[0.0,3.77272]},"99":{"weight":1.0,"played":[0.0115,0.9885],"evs":[0.0,2.44989]},"T9o":{"weight":1.0,"played":[0.1338,0.8662],"evs":[0.0,1.93357]},"J9o":{"weight":1.0,"played":[0.8289,0.1711],"evs":[0.0,-7.29849]},"Q9o":{"weight":1.0,"played":[0.4827,0.5173],"evs":[0.0,12.9643]},"K9o":{"weight":1.0,"played":[0.014,0.986],"evs":[0.0,7.76292]},"A9o":{"weight":1.0,"played":[0.0906,0.9094],"evs":[0.0,1.03565]},"T2s":{"weight":1.0,"played":[0.9032,0.0968],"evs":[0.0,-13.19962]},"T3s":{"weight":1.0,"played":[0.207,0.793],"evs":[0.0,5.33248]},"T4s":{"weight":1.0,"played":[0.5871,0.4129],"evs":[0.0,-4.84564]},"T5s":{"weight":1.0,"played":[0.6141,0.3859],"evs":[0.0,-2.01136]},"T6s":{"weight":1.0,"played":[0.2934,0.7066],"evs":[0.0,-4.82737]},"T7s":{"weight":1.0,"played":[0.9502,0.0498],"evs":[0.0,-6.13595]},"T8s":{"weight":1.0,"played":[0.0756,0.9244],"evs":[0.0,5.65902]},"T9s":{"weight":1.0,"played":[0.9693,0.0307],"evs":[0.0,0.49813]},"TT":{"weight":1.0,"played":[0.0483,0.9517],"evs":[0.0,23.74479]},"JTo":{"weight":1.0,"played":[0.3116,0.6884],"evs":[0.0,14.07661]},"QTo":{"weight":1.0,"played":[0.6944,0.3056],"evs":[0.0,-2.13621]},"KTo":{"weight":1.0,"played":[0.0267,0.9733],"evs":[0.0,8.30588]},"ATo":{"weight":1.0,"played":[0.0986,0.9014],"evs":[0.0,1.94446]},"J2s":{"weight":1.0,"played":[0.8456,0.1544],"evs":[0.0,-13.8297]},"J3s":{"weight":1.0,"played":[0.8597,0.1403],"evs":[0.0,-4.2978]},"J4s":{"weight":1.0,"played":[0.9942,0.0058],"evs":[0.0,-10.18798]},"J5s":{"weight":1.0,"played":[0.7076,0.2924],"evs":[0.0,-10.94627]},"J6s":{"weight":1.0,"played":[0.416,0.584],"evs":[0.0,5.77269]},"J7s":{"weight":1.0,"played":[0.9787,0.0213],"evs":[0.0,-14.7509]},"J8s":{"weight":1.0,"played":[0.8212,0.1788],"evs":[0.0,-4.7778]},"J9s":{"weight":1.0,"played":[0.4742,0.5258],"evs":[0.0,-1.47788]},"JTs":{"weight":1.0,"played":[0.1653,0.8347],"evs":[0.0,-1.06215]},"JJ":{"weight":1.0,"played":[5.0E-4,0.9995],"evs":[0.0,10.29438]},"QJo":{"weight":1.0,"played":[0.0013,0.9987],"evs":[0.0,7.76024]},"KJo":{"weight":1.0,"played":[0.0497,0.9503],"evs":[0.0,6.05309]},"AJo":{"weight":1.0,"played":[0.0091,0.9909],"evs":[0.0,9.97762]},"Q2s":{"weight":1.0,"played":[0.47,0.53],"evs":[0.0,-4.15379]},"Q3s":{"weight":1.0,"played":[0.9327,0.0673],"evs":[0.0,-2.54838]},"Q4s":{"weight":1.0,"played":[0.3785,0.6215],"evs":[0.0,4.81703]},"Q5s":{"weight":1.0,"played":[0.6995,0.3005],"evs":[0.0,-3.84218]},"Q6s":{"weight":1.0,"played":[0.9887,0.0113],"evs":[0.0,-1.34161]},"Q7s":{"weight":1.0,"played":[0.4916,0.5084],"evs":[0.0,-2.84987]},"Q8s":{"weight":1.0,"played":[0.0344,0.9656],"evs":[0.0,27.03546]},"Q9s":{"weight":1.0,"played":[0.2509,0.7491],"evs":[0.0,9.32724]},"QTs":{"weight":1.0,"played":[0.3986,0.6014],"evs":[0.0,-6.71621]},"QJs":{"weight":1.0,"played":[0.0112,0.9888],"evs":[0.0,26.04376]},"QQ":{"weight":1.0,"played":[0.0151,0.9849],"evs":[0.0,15.1056]},"KQo":{"weight":1.0,"played":[0.3719,0.6281],"evs":[0.0,-2.9223]},"AQo":{"weight":1.0,"played":[0.0056,0.9944],"evs":[0.0,21.2875]},"K2s":{"weight":1.0,"played":[0.4907,0.5093],"evs":[0.0,6.18521]},"K3s":{"weight":1.0,"played":[0.5698,0.4302],"evs":[0.0,-8.1849]},"K4s":{"weight":1.0,"played":[0.3361,0.6639],"evs":[0.0,17.35148]},"K5s":{"weight":1.0,"played":[0.5236,0.4764],"evs":[0.0,6.66217]},"K6s":{"weight":1.0,"played":[0.4185,0.5815],"evs":[0.0,-2.11404]},"K7s":{"weight":1.0,"played":[0.0441,0.9559],"evs":[0.0,1.70987]},"K8s":{"weight":1.0,"played":[0.3779,0.6221],"evs":[0.0,-0.36962]},"K9s":{"weight":1.0,"played":[0.9669,0.0331],"evs":[0.0,-8.67515]},"KTs":{"weight":1.0,"played":[0.0611,0.9389],"evs":[0.0,13.16875]},"KJs":{"weight":1.0,"played":[0.2306,0.7694],"evs":[0.0,18.15844]},"KQs":{"weight":1.0,"played":[0.2128,0.7872],"evs":[0.0,13.00684]},"KK":{"weight":1.0,"played":[8.0E-4,0.9992],"evs":[0.0,29.74089]},"AKo":{"weight":1.0,"played":[0.0605,0.9395],"evs":[0.0,8.85735]},"A2s":{"weight":1.0,"played":[0.5919,0.4081],"evs":[0.0,2.90096]},"A3s":{"weight":1.0,"played":[0.5475,0.4525],"evs":[0.0,4.64836]},"A4s":{"weight":1.0,"played":[0.9641,0.0359],"evs":[0.0,-6.18748]},"A5s":{"weight":1.0,"played":[0.4596,0.5404],"evs":[0.0,-6.15782]},"A6s":{"weight":1.0,"played":[0.4703,0.5297],"evs":[0.0,9.40025]},"A7s":{"weight":1.0,"played":[0.1465,0.8535],"evs":[0.0,10.17553]},"A8s":{"weight":1.0,"played":[0.3015,0.6985],"evs":[0.0,11.99311]},"A9s":{"weight":1.0,"played":[0.0344,0.9656],"evs":[0.0,14.14961]},"ATs":{"weight":1.0,"played":[0.3514,0.6486],"evs":[0.0,9.3223]},"AJs":{"weight":1.0,"played":[0.67,0.33],"evs":[0.0,4.07745]},"AQs":{"weight":1.0,"played":[0.1097,0.8903],"evs":[0.0,22.91757]},"AKs":{"weight":1.0,"played":[0.0772,0.9228],"evs":[0.0,20.66456]},"AA":{"weight":1.0,"played":[0.001,0.999],"evs":[0.0,21.20602]}}}