{"player":2,"street":0,"children":2,"sequence":[{"player":0,"type":"R","amount":200000,"street":0},{"player":1,"type":"C","amount":200000,"street":0},{"player":2,"type":"C","amount":200000,"street":0},{"player":3,"type":"R","amount":2575000,"street":0},{"player":4,"type":"F","amount":0,"street":0},{"player":0,"type":"C","amount":965000,"street":0},{"player":1,"type":"F","amount":0,"street":0}],"actions":[{"type":"F","amount":0},{"type":"C","amount":1095000}],"hands":{"22":{"weight":0.0074,"played":[0.971,0.029],"evs":[0.0,-9.96597]},"32o":{"weight":0.0,"played":[0.7249,0.2751],"evs":[0.0,-6.09077]},"42o":{"weight":0.0,"played":[0.7003,0.2997],"evs":[0.0,6.22288]},"52o":{"weight":0.0,"played":[0.0015,0.9985],"evs":[0.0,6.17368]},"62o":{"weight":3.0E-4,"played":[0.9792,0.0208],"evs":[0.0,-10.63003]},"72o":{"weight":0.0,"played":[0.9922,0.0078],"evs":[0.0,6.54294]},"82o":{"weight":0.0,"played":[0.8393,0.1607],"evs":[0.0,0.74965]},"92o":{"weight":1.0E-4,"played":[0.1918,0.8082],"evs":[0.0,8.67552]},"T2o":{"weight":0.0,"played":[0.0385,0.9615],"evs":[0.0,14.82527]},"J2o":{"weight":0.0,"played":[0.9975,0.0025],"evs":[0.0,-10.79796]},"Q2o":{"weight":0.0,"played":[0.9397,0.0603],"evs":[0.0,-5.31487]},"K2o":{"weight":0.0,"played":[0.0806,0.9194],"evs":[0.0,0.97009]},"A2o":{"weight":0.0,"played":[0.6125,0.3875],"evs":[0.0,-7.75893]},"32s":{"weight":0.0,"played":[0.5,0.5],"evs":[0.0,32.34785]},"33":{"weight":4.0E-4,"played":[0.6036,0.3964],"evs":[0.0,-4.63398]},"43o":{"weight":1.0E-4,"played":[0.4084,0.5916],"evs":[0.0,1.27486]},"53o":{"weight":0.0,"played":[0.212,0.788],"evs":[0.0,9.36003]},"63o":{"weight":3.0E-4,"played":[0.1837,0.8163],"evs":[0.0,8.38273]},"73o":{"weight":0.0,"played":[0.2313,0.7687],"evs":[0.0,12.95805]},"83o":{"weight":1.0E-4,"played":[0.8604,0.1396],"evs":[0.0,-8.82132]},"93o":{"weight":4.0E-4,"played":[0.7407,0.2593],"evs":[0.0,-8.56322]},"T3o":{"weight":0.0,"played":[0.3831,0.6169],"evs":[0.0,0.1512]},"J3o":{"weight":1.0E-4,"played":[0.6752,0.3248],"evs":[0.0,-5.96373]},"Q3o":{"weight":0.0,"played":[0.4474,0.5526],"evs":[0.0,-2.17186]},"K3o":{"weight":0.0,"played":[0.9921,0.0079],"evs":[0.0,9.9223]},"A3o":{"weight":1.0E-4,"played":[0.5508,0.4492],"evs":[0.0,-0.41769]},"42s":{"weight":0.0031,"played":[0.9194,0.0806],"evs":[0.0,-11.23824]},"43s":{"weight":5.0E-4,"played":[0.6581,0.3419],"evs":[0.0,-7.07417]},"44":{"weight":0.0596,"played":[0.177,0.823],"evs":[0.0,4.47203]},"54o":{"weight":0.0,"played":[0.5654,0.4346],"evs":[0.0,15.89156]},"64o":{"weight":0.0,"played":[0.8231,0.1769],"evs":[0.0,3.45566]},"74o":{"weight":0.0,"played":[0.5548,0.4452],"evs":[0.0,-2.96274]},"84o":{"weight":2.0E-4,"played":[0.7904,0.2096],"evs":[0.0,-7.06724]},"94o":{"weight":0.0,"played":[0.6058,0.3942],"evs":[0.0,-2.56498]},"T4o":{"weight":0.0,"played":[0.6497,0.3503],"evs":[0.0,-6.70263]},"J4o":{"weight":0.0,"played":[0.327,0.673],"evs":[0.0,3.97401]},"Q4o":{"weight":0.0,"played":[0.9197,0.0803],"evs":[0.0,-9.25995]},"K4o":{"weight":0.0,"played":[0.945,0.055],"evs":[0.0,-10.02271]},"A4o":{"weight":9.0E-4,"played":[0.0379,0.9621],"evs":[0.0,18.75405]},"52s":{"weight":0.0027,"played":[0.8914,0.1086],"evs":[0.0,-10.23089]},"53s":{"weight":1.0E-4,"played":[0.9993,7.0E-4],"evs":[0.0,-11.2353]},"54s":{"weight":0.002,"played":[0.8948,0.1052],"evs":[0.0,23.17546]},"55":{"weight":0.0,"played":[0.6849,0.3151],"evs":[0.0,1.54459]},"65o":{"weight":2.0E-4,"played":[0.9824,0.0176],"evs":[0.0,-10.2167]},"75o":{"weight":0.0,"played":[0.9966,0.0034],"evs":[0.0,-3.11642]},"85o":{"weight":0.0,"played":[0.8927,0.1073],"evs":[0.0,-10.22987]},"95o":{"weight":0.0,"played":[0.3195,0.6805],"evs":[0.0,0.99675]},"T5o":{"weight":0.0,"played":[0.582,0.418],"evs":[0.0,15.01951]},"J5o":{"weight":0.0,"played":[0.878,0.122],"evs":[0.0,-9.46213]},"Q5o":{"weight":0.0,"played":[0.9851,0.0149],"evs":[0.0,-3.37649]},"K5o":{"weight":1.0E-4,"played":[0.9993,7.0E-4],"evs":[0.0,-10.35109]},"A5o":{"weight":0.0181,"played":[0.0372,0.9628],"evs":[0.0,10.7343]},"62s":{"weight":8.0E-4,"played":[0.9488,0.0512],"evs":[0.0,1.69586]},"63s":{"weight":4.0E-4,"played":[0.9385,0.0615],"evs":[0.0,-11.24213]},"64s":{"weight":1.0E-4,"played":[0.0695,0.9305],"evs":[0.0,17.64096]},"65s":{"weight":8.0E-4,"played":[0.9392,0.0608],"evs":[0.0,-5.47862]},"66":{"weight":0.0722,"played":[0.9924,0.0076],"evs":[0.0,-8.58845]},"76o":{"weight":0.0,"played":[0.4347,0.5653],"evs":[0.0,2.78837]},"86o":{"weight":1.0E-4,"played":[0.4453,0.5547],"evs":[0.0,-0.62543]},"96o":{"weight":1.0E-4,"played":[0.5184,0.4816],"evs":[0.0,-2.14745]},"T6o":{"weight":2.0E-4,"played":[0.2261,0.7739],"evs":[0.0,9.46037]},"J6o":{"weight":0.0,"played":[0.9937,0.0063],"evs":[0.0,6.19188]},"Q6o":{"weight":1.0E-4,"played":[0.5603,0.4397],"evs":[0.0,-5.55053]},"K6o":{"weight":5.0E-4,"played":[0.6454,0.3546],"evs":[0.0,1.51233]},"A6o":{"weight":3.0E-4,"played":[0.0084,0.9916],"evs":[0.0,15.82508]},"72s":{"weight":1.0E-4,"played":[0.7707,0.2293],"evs":[0.0,-11.239]},"73s":{"weight":0.0012,"played":[0.0531,0.9469],"evs":[0.0,32.34712]},"74s":{"weight":0.0169,"played":[0.6438,0.3562],"evs":[0.0,-0.37975]},"75s":{"weight":0.0025,"played":[0.3112,0.6888],"evs":[0.0,12.012]},"76s":{"weight":0.0044,"played":[0.141,0.859],"evs":[0.0,1.05503]},"77":{"weight":0.6119,"played":[0.5145,0.4855],"evs":[0.0,-2.02314]},"87o":{"weight":1.0E-4,"played":[0.9781,0.0219],"evs":[0.0,-10.91641]},"97o":{"weight":6.0E-4,"played":[0.5064,0.4936],"evs":[0.0,0.20647]},"T7o":{"weight":2.0E-4,"played":[0.1592,0.8408],"evs":[0.0,-2.55099]},"J7o":{"weight":0.0,"played":[0.2006,0.7994],"evs":[0.0,-1.94749]},"Q7o":{"weight":2.0E-4,"played":[0.6537,0.3463],"evs":[0.0,-3.34853]},"K7o":{"weight":1.0E-4,"played":[0.248,0.752],"evs":[0.0,10.26221]},"A7o":{"weight":0.0041,"played":[0.9989,0.0011],"evs":[0.0,-5.85657]},"82s":{"weight":4.0E-4,"played":[0.3216,0.6784],"evs":[0.0,10.3581]},"83s":{"weight":3.0E-4,"played":[0.4723,0.5277],"evs":[0.0,-9.97991]},"84s":{"weight":1.0E-4,"played":[0.044,0.956],"evs":[0.0,-4.95059]},"85s":{"weight":1.0E-4,"played":[0.9519,0.0481],"evs":[0.0,-10.54596]},"86s":{"weight":2.0E-4,"played":[0.4332,0.5668],"evs":[0.0,5.70274]},"87s":{"weight":1.0E-4,"played":[0.8714,0.1286],"evs":[0.0,-1.09181]},"88":{"weight":0.7183,"played":[0.0342,0.9658],"evs":[0.0,32.34694]},"98o":{"weight":0.0,"played":[0.3904,0.6096],"evs":[0.0,14.00264]},"T8o":{"weight":6.0E-4,"played":[0.8583,0.1417],"evs":[0.0,-0.52723]},"J8o":{"weight":0.0,"played":[0.4028,0.5972],"evs":[0.0,-3.19543]},"Q8o":{"weight":0.0,"played":[0.9307,0.0693],"evs":[0.0,-9.97025]},"K8o":{"weight":0.0,"played":[0.1778,0.8222],"evs":[0.0,0.49465]},"A8o":{"weight":0.0341,"played":[0.6073,0.3927],"evs":[0.0,-6.43544]},"92s":{"weight":0.0,"played":[0.6005,0.3995],"evs":[0.0,19.50958]},"93s":{"weight":1.0E-4,"played":[0.6921,0.3079],"evs":[0.0,-6.0613]},"94s":{"weight":0.0019,"played":[0.9667,0.0333],"evs":[0.0,-9.209]},"95s":{"weight":0.0,"played":[0.3701,0.6299],"evs":[0.0,7.64114]},"96s":{"weight":0.0,"played":[0.7532,0.2468],"evs":[0.0,-10.57606]},"97s":{"weight":0.0104,"played":[0.9836,0.0164],"evs":[0.0,-10.44348]},"98s":{"weight":0.0016,"played":[0.5,0.5],"evs":[0.0,-11.24213]},"99":{"weight":0.85,"played":[0.9598,0.0402],"evs":[0.0,-9.81595]},"T9o":{"weight":1.0E-4,"played":[0.8366,0.1634],"evs":[0.0,7.87723]},"J9o":{"weight":0.0,"played":[0.237,0.763],"evs":[0.0,7.94782]},"Q9o":{"weight":5.0E-4,"played":[0.7199,0.2801],"evs":[0.0,-5.7825]},"K9o":{"weight":0.0021,"played":[0.0325,0.9675],"evs":[0.0,7.63928]},"A9o":{"weight":0.1321,"played":[0.5862,0.4138],"evs":[0.0,4.17425]},"T2s":{"weight":4.0E-4,"played":[0.7527,0.2473],"evs":[0.0,10.7825]},"T3s":{"weight":1.0E-4,"played":[0.1124,0.8876],"evs":[0.0,0.29448]},"T4s":{"weight":4.0E-4,"played":[0.9927,0.0073],"evs":[0.0,-10.44794]},"T5s":{"weight":0.0,"played":[0.0283,0.9717],"evs":[0.0,32.34361]},"T6s":{"weight":9.0E-4,"played":[0.0856,0.9144],"evs":[0.0,32.34429]},"T7s":{"weight":1.0E-4,"played":[0.9427,0.0573],"evs":[0.0,-5.52247]},"T8s":{"weight":1.0E-4,"played":[0.9452,0.0548],"evs":[0.0,-11.24214]},"T9s":{"weight":0.0183,"played":[0.3519,0.6481],"evs":[0.0,-5.26733]},"TT":{"weight":0.0176,"played":[0.3833,0.6167],"evs":[0.0,3.55969]},"JTo":{"weight":4.0E-4,"played":[0.2224,0.7776],"evs":[0.0,8.29119]},"QTo":{"weight":0.0093,"played":[0.4002,0.5998],"evs":[0.0,8.99169]},"KTo":{"weight":0.0059,"played":[0.2675,0.7325],"evs":[0.0,8.67423]},"ATo":{"weight":0.322,"played":[0.546,0.454],"evs":[0.0,4.5297]},"J2s":{"weight":6.0E-4,"played":[0.9459,0.0541],"evs":[0.0,-10.60816]},"J3s":{"weight":4.0E-4,"played":[0.5,0.5],"evs":[0.0,0.0]},"J4s":{"weight":0.014,"played":[0.1799,0.8201],"evs":[0.0,4.91124]},"J5s":{"weight":0.0039,"played":[0.5,0.5],"evs":[0.0,-8.54736]},"J6s":{"weight":0.0014,"played":[0.5,0.5],"evs":[0.0,-11.2353]},"J7s":{"weight":0.0022,"played":[0.1304,0.8696],"evs":[0.0,-1.76431]},"J8s":{"weight":0.0045,"played":[0.8539,0.1461],"evs":[0.0,19.61629]},"J9s":{"weight":0.305,"played":[0.8504,0.1496],"evs":[0.0,19.29878]},"JTs":{"weight":0.0639,"played":[0.5,0.5],"evs":[0.0,-11.2353]},"JJ":{"weight":0.0,"played":[0.2727,0.7273],"evs":[0.0,29.53478]},"QJo":{"weight":0.0,"played":[0.9398,0.0602],"evs":[0.0,-4.05671]},"KJo":{"weight":0.0388,"played":[0.3998,0.6002],"evs":[0.0,-4.64343]},"AJo":{"weight":5.0E-4,"played":[0.9748,0.0252],"evs":[0.0,1.66998]},"Q2s":{"weight":0.0251,"played":[0.9568,0.0432],"evs":[0.0,-10.40888]},"Q3s":{"weight":0.0029,"played":[0.5,0.5],"evs":[0.0,0.0]},"Q4s":{"weight":5.0E-4,"played":[0.5,0.5],"evs":[0.0,0.0]},"Q5s":{"weight":0.0028,"played":[0.3387,0.6613],"evs":[0.0,2.61248]},"Q6s":{"weight":0.0023,"played":[0.8209,0.1791],"evs":[0.0,-2.44331]},"Q7s":{"weight":0.0188,"played":[0.1038,0.8962],"evs":[0.0,17.95051]},"Q8s":{"weight":0.0047,"played":[0.9966,0.0034],"evs":[0.0,13.05384]},"Q9s":{"weight":0.0121,"played":[0.8918,0.1082],"evs":[0.0,-10.38823]},"QTs":{"weight":0.6401,"played":[0.4769,0.5231],"evs":[0.0,-6.91118]},"QJs":{"weight":0.2817,"played":[0.5113,0.4887],"evs":[0.0,3.4308]},"QQ":{"weight":0.0,"played":[9.0E-4,0.9991],"evs":[0.0,19.85854]},"KQo":{"weight":0.0,"played":[0.7155,0.2845],"evs":[0.0,-2.63187]},"AQo":{"weight":0.2003,"played":[0.3421,0.6579],"evs":[0.0,-1.68003]},"K2s":{"weight":4.0E-4,"played":[0.9259,0.0741],"evs":[0.0,-7.19842]},"K3s":{"weight":0.0,"played":[0.2702,0.7298],"evs":[0.0,3.59047]},"K4s":{"weight":3.0E-4,"played":[0.9112,0.0888],"evs":[0.0,-11.23985]},"K5s":{"weight":0.053,"played":[0.4673,0.5327],"evs":[0.0,-3.4651]},"K6s":{"weight":1.0E-4,"played":[0.5,0.5],"evs":[0.0,0.0]},"K7s":{"weight":0.0114,"played":[0.4973,0.5027],"evs":[0.0,-3.78227]},"K8s":{"weight":0.0414,"played":[0.9763,0.0237],"evs":[0.0,-11.1143]},"K9s":{"weight":0.931,"played":[0.7666,0.2334],"evs":[0.0,-9.80552]},"KTs":{"weight":0.2931,"played":[0.0687,0.9313],"evs":[0.0,-5.25127]},"KJs":{"weight":0.0065,"played":[0.5,0.5],"evs":[0.0,32.34107]},"KQs":{"weight":0.3944,"played":[0.2667,0.7333],"evs":[0.0,28.00998]},"KK":{"weight":0.3036,"played":[0.0382,0.9618],"evs":[0.0,11.64741]},"AKo":{"weight":0.2635,"played":[0.8392,0.1608],"evs":[0.0,18.3327]},"A2s":{"weight":0.0514,"played":[0.0655,0.9345],"evs":[0.0,-3.59873]},"A3s":{"weight":0.4246,"played":[0.3748,0.6252],"evs":[0.0,-3.00278]},"A4s":{"weight":0.1035,"played":[0.2161,0.7839],"evs":[0.0,-0.6955]},"A5s":{"weight":0.4274,"played":[0.373,0.627],"evs":[0.0,19.7249]},"A6s":{"weight":0.2653,"played":[0.0265,0.9735],"evs":[0.0,14.10413]},"A7s":{"weight":0.0115,"played":[0.82,0.18],"evs":[0.0,-11.2353]},"A8s":{"weight":0.4599,"played":[0.0867,0.9133],"evs":[0.0,21.91803]},"A9s":{"weight":7.0E-4,"played":[0.4035,0.5965],"evs":[0.0,-7.42093]},"ATs":{"weight":0.3343,"played":[0.439,0.561],"evs":[0.0,16.34217]},"AJs":{"weight":0.9361,"played":[0.0561,0.9439],"evs":[0.0,-0.03475]},"AQs":{"weight":0.0026,"played":[0.8946,0.1054],"evs":[0.0,-8.54736]},"AKs":{"weight":0.0,"played":[0.1561,0.8439],"evs":[0.0,2.36626]},"AA":{"weight":0.0748,"played":[0.3532,0.6468],"evs":[0.0,25.41315]}}}