{"player":2,"street":0,"children":2,"sequence":[{"player":0,"type":"R","amount":200000,"street":0},{"player":1,"type":"C","amount":200000,"street":0},{"player":2,"type":"C","amount":200000,"street":0},{"player":3,"type":"R","amount":2575000,"street":0},{"player":4,"type":"C","amount":2475000,"street":0},{"player":0,"type":"F","amount":0,"street":0},{"player":1,"type":"C","amount":375000,"street":0}],"actions":[{"type":"F","amount":0},{"type":"C","amount":1095000}],"hands":{"22":{"weight":0.0074,"played":[0.7569,0.2431],"evs":[0.0,-2.96214]},"32o":{"weight":0.0,"played":[0.9994,6.0E-4],"evs":[0.0,-4.64722]},"42o":{"weight":0.0,"played":[0.6312,0.3688],"evs":[0.0,-1.26395]},"52o":{"weight":0.0,"played":[0.7705,0.2295],"evs":[0.0,-2.31778]},"62o":{"weight":3.0E-4,"played":[0.9235,0.0765],"evs":[0.0,-5.8489]},"72o":{"weight":0.0,"played":[0.8365,0.1635],"evs":[0.0,-4.10177]},"82o":{"weight":0.0,"played":[0.9577,0.0423],"evs":[0.0,-4.68835]},"92o":{"weight":1.0E-4,"played":[0.451,0.549],"evs":[0.0,1.35284]},"T2o":{"weight":0.0,"played":[0.5148,0.4852],"evs":[0.0,-1.43641]},"J2o":{"weight":0.0,"played":[0.9989,0.0011],"evs":[0.0,0.41764]},"Q2o":{"weight":0.0,"played":[0.6943,0.3057],"evs":[0.0,-3.2885]},"K2o":{"weight":0.0,"played":[0.6399,0.3601],"evs":[0.0,0.35365]},"A2o":{"weight":0.0,"played":[0.3243,0.6757],"evs":[0.0,3.28281]},"32s":{"weight":0.0,"played":[0.989,0.011],"evs":[0.0,-5.81221]},"33":{"weight":4.0E-4,"played":[0.0908,0.9092],"evs":[0.0,2.86434]},"43o":{"weight":1.0E-4,"played":[0.7813,0.2187],"evs":[0.0,-3.75332]},"53o":{"weight":0.0,"played":[1.0,0.0],"evs":[0.0,-6.34805]},"63o":{"weight":3.0E-4,"played":[0.6126,0.3874],"evs":[0.0,0.81602]},"73o":{"weight":0.0,"played":[0.9738,0.0262],"evs":[0.0,-2.04744]},"83o":{"weight":1.0E-4,"played":[0.9893,0.0107],"evs":[0.0,-2.58568]},"93o":{"weight":4.0E-4,"played":[0.6345,0.3655],"evs":[0.0,-1.97307]},"T3o":{"weight":0.0,"played":[0.9942,0.0058],"evs":[0.0,-5.18412]},"J3o":{"weight":1.0E-4,"played":[0.238,0.762],"evs":[0.0,-0.62296]},"Q3o":{"weight":0.0,"played":[0.9036,0.0964],"evs":[0.0,-1.6329]},"K3o":{"weight":0.0,"played":[0.4209,0.5791],"evs":[0.0,-0.14915]},"A3o":{"weight":1.0E-4,"played":[0.3341,0.6659],"evs":[0.0,2.3037]},"42s":{"weight":0.0031,"played":[0.8267,0.1733],"evs":[0.0,-1.71617]},"43s":{"weight":5.0E-4,"played":[0.4219,0.5781],"evs":[0.0,-0.16071]},"44":{"weight":0.0596,"played":[0.7307,0.2693],"evs":[0.0,1.24946]},"54o":{"weight":0.0,"played":[0.9217,0.0783],"evs":[0.0,-3.589]},"64o":{"weight":0.0,"played":[0.6549,0.3451],"evs":[0.0,-2.2488]},"74o":{"weight":0.0,"played":[0.83,0.17],"evs":[0.0,1.02384]},"84o":{"weight":2.0E-4,"played":[0.8158,0.1842],"evs":[0.0,-2.38281]},"94o":{"weight":0.0,"played":[0.5102,0.4898],"evs":[0.0,3.5195]},"T4o":{"weight":0.0,"played":[0.9122,0.0878],"evs":[0.0,-1.8154]},"J4o":{"weight":0.0,"played":[0.9463,0.0537],"evs":[0.0,0.51331]},"Q4o":{"weight":0.0,"played":[0.7045,0.2955],"evs":[0.0,-4.22508]},"K4o":{"weight":0.0,"played":[0.5844,0.4156],"evs":[0.0,1.96889]},"A4o":{"weight":9.0E-4,"played":[0.5801,0.4199],"evs":[0.0,0.27143]},"52s":{"weight":0.0027,"played":[0.2364,0.7636],"evs":[0.0,3.67335]},"53s":{"weight":1.0E-4,"played":[0.9432,0.0568],"evs":[0.0,-3.33629]},"54s":{"weight":0.002,"played":[0.8512,0.1488],"evs":[0.0,-4.57289]},"55":{"weight":0.0,"played":[0.9533,0.0467],"evs":[0.0,-1.82813]},"65o":{"weight":2.0E-4,"played":[0.8148,0.1852],"evs":[0.0,-5.7069]},"75o":{"weight":0.0,"played":[0.9468,0.0532],"evs":[0.0,-2.10542]},"85o":{"weight":0.0,"played":[0.7716,0.2284],"evs":[0.0,1.12838]},"95o":{"weight":0.0,"played":[0.9932,0.0068],"evs":[0.0,-3.95984]},"T5o":{"weight":0.0,"played":[0.9869,0.0131],"evs":[0.0,-3.81679]},"J5o":{"weight":0.0,"played":[0.9992,8.0E-4],"evs":[0.0,-4.60606]},"Q5o":{"weight":0.0,"played":[0.8952,0.1048],"evs":[0.0,-2.21297]},"K5o":{"weight":1.0E-4,"played":[0.6652,0.3348],"evs":[0.0,-2.53081]},"A5o":{"weight":0.0181,"played":[0.1581,0.8419],"evs":[0.0,3.5747]},"62s":{"weight":8.0E-4,"played":[0.9032,0.0968],"evs":[0.0,-2.09565]},"63s":{"weight":4.0E-4,"played":[0.233,0.767],"evs":[0.0,0.2698]},"64s":{"weight":1.0E-4,"played":[0.7579,0.2421],"evs":[0.0,2.25148]},"65s":{"weight":8.0E-4,"played":[0.2954,0.7046],"evs":[0.0,0.58836]},"66":{"weight":0.0722,"played":[0.1659,0.8341],"evs":[0.0,5.3559]},"76o":{"weight":0.0,"played":[0.3995,0.6005],"evs":[0.0,3.09243]},"86o":{"weight":1.0E-4,"played":[0.479,0.521],"evs":[0.0,0.24688]},"96o":{"weight":1.0E-4,"played":[0.8116,0.1884],"evs":[0.0,-4.95444]},"T6o":{"weight":2.0E-4,"played":[0.0638,0.9362],"evs":[0.0,3.45794]},"J6o":{"weight":0.0,"played":[0.457,0.543],"evs":[0.0,0.77937]},"Q6o":{"weight":1.0E-4,"played":[0.9178,0.0822],"evs":[0.0,-4.08134]},"K6o":{"weight":5.0E-4,"played":[0.157,0.843],"evs":[0.0,1.11266]},"A6o":{"weight":3.0E-4,"played":[0.9728,0.0272],"evs":[0.0,-3.5827]},"72s":{"weight":1.0E-4,"played":[0.3065,0.6935],"evs":[0.0,5.39546]},"73s":{"weight":0.0012,"played":[0.2184,0.7816],"evs":[0.0,-1.87919]},"74s":{"weight":0.0169,"played":[0.0845,0.9155],"evs":[0.0,0.20337]},"75s":{"weight":0.0025,"played":[0.029,0.971],"evs":[0.0,3.31771]},"76s":{"weight":0.0044,"played":[0.3113,0.6887],"evs":[0.0,7.05094]},"77":{"weight":0.6119,"played":[0.011,0.989],"evs":[0.0,10.35595]},"87o":{"weight":1.0E-4,"played":[0.1417,0.8583],"evs":[0.0,1.35948]},"97o":{"weight":6.0E-4,"played":[0.4153,0.5847],"evs":[0.0,2.62531]},"T7o":{"weight":2.0E-4,"played":[0.2296,0.7704],"evs":[0.0,-1.03533]},"J7o":{"weight":0.0,"played":[0.5586,0.4414],"evs":[0.0,0.78111]},"Q7o":{"weight":2.0E-4,"played":[0.753,0.247],"evs":[0.0,0.05189]},"K7o":{"weight":1.0E-4,"played":[0.985,0.015],"evs":[0.0,-1.3661]},"A7o":{"weight":0.0041,"played":[0.3775,0.6225],"evs":[0.0,2.11679]},"82s":{"weight":4.0E-4,"played":[0.0427,0.9573],"evs":[0.0,6.85865]},"83s":{"weight":3.0E-4,"played":[0.8826,0.1174],"evs":[0.0,-1.53172]},"84s":{"weight":1.0E-4,"played":[0.5237,0.4763],"evs":[0.0,-4.50765]},"85s":{"weight":1.0E-4,"played":[0.001,0.999],"evs":[0.0,8.29294]},"86s":{"weight":2.0E-4,"played":[0.1258,0.8742],"evs":[0.0,-0.80758]},"87s":{"weight":1.0E-4,"played":[0.2211,0.7789],"evs":[0.0,1.97613]},"88":{"weight":0.7183,"played":[0.1152,0.8848],"evs":[0.0,4.34984]},"98o":{"weight":0.0,"played":[0.5538,0.4462],"evs":[0.0,-1.01771]},"T8o":{"weight":6.0E-4,"played":[0.7775,0.2225],"evs":[0.0,-0.76637]},"J8o":{"weight":0.0,"played":[0.6856,0.3144],"evs":[0.0,0.87193]},"Q8o":{"weight":0.0,"played":[0.5001,0.4999],"evs":[0.0,1.1932]},"K8o":{"weight":0.0,"played":[0.1021,0.8979],"evs":[0.0,2.27019]},"A8o":{"weight":0.0341,"played":[0.9087,0.0913],"evs":[0.0,-2.5312]},"92s":{"weight":0.0,"played":[0.3297,0.6703],"evs":[0.0,6.58112]},"93s":{"weight":1.0E-4,"played":[0.8468,0.1532],"evs":[0.0,2.12193]},"94s":{"weight":0.0019,"played":[0.4676,0.5324],"evs":[0.0,-2.57802]},"95s":{"weight":0.0,"played":[0.7786,0.2214],"evs":[0.0,-3.2279]},"96s":{"weight":0.0,"played":[0.0452,0.9548],"evs":[0.0,2.04439]},"97s":{"weight":0.0104,"played":[0.6243,0.3757],"evs":[0.0,-3.91591]},"98s":{"weight":0.0016,"played":[0.1197,0.8803],"evs":[0.0,11.9689]},"99":{"weight":0.85,"played":[0.0522,0.9478],"evs":[0.0,15.35103]},"T9o":{"weight":1.0E-4,"played":[0.7261,0.2739],"evs":[0.0,-0.45874]},"J9o":{"weight":0.0,"played":[0.5828,0.4172],"evs":[0.0,0.13675]},"Q9o":{"weight":5.0E-4,"played":[0.5281,0.4719],"evs":[0.0,3.70537]},"K9o":{"weight":0.0021,"played":[0.5764,0.4236],"evs":[0.0,0.30379]},"A9o":{"weight":0.1321,"played":[1.0E-4,0.9999],"evs":[0.0,5.10084]},"T2s":{"weight":4.0E-4,"played":[0.0459,0.9541],"evs":[0.0,16.78901]},"T3s":{"weight":1.0E-4,"played":[0.9982,0.0018],"evs":[0.0,-2.29346]},"T4s":{"weight":4.0E-4,"played":[0.795,0.205],"evs":[0.0,-3.6673]},"T5s":{"weight":0.0,"played":[0.7695,0.2305],"evs":[0.0,0.06542]},"T6s":{"weight":9.0E-4,"played":[0.562,0.438],"evs":[0.0,-2.01006]},"T7s":{"weight":1.0E-4,"played":[0.0682,0.9318],"evs":[0.0,5.7937]},"T8s":{"weight":1.0E-4,"played":[0.3662,0.6338],"evs":[0.0,1.67536]},"T9s":{"weight":0.0183,"played":[0.6192,0.3808],"evs":[0.0,-5.42347]},"TT":{"weight":0.0176,"played":[0.5396,0.4604],"evs":[0.0,9.42233]},"JTo":{"weight":4.0E-4,"played":[0.0343,0.9657],"evs":[0.0,5.87468]},"QTo":{"weight":0.0093,"played":[0.0024,0.9976],"evs":[0.0,2.83414]},"KTo":{"weight":0.0059,"played":[0.5486,0.4514],"evs":[0.0,5.35896]},"ATo":{"weight":0.322,"played":[2.0E-4,0.9998],"evs":[0.0,5.13169]},"J2s":{"weight":6.0E-4,"played":[0.1618,0.8382],"evs":[0.0,1.24421]},"J3s":{"weight":4.0E-4,"played":[0.1772,0.8228],"evs":[0.0,2.19913]},"J4s":{"weight":0.014,"played":[0.3183,0.6817],"evs":[0.0,11.08006]},"J5s":{"weight":0.0039,"played":[0.5501,0.4499],"evs":[0.0,-5.21194]},"J6s":{"weight":0.0014,"played":[0.6328,0.3672],"evs":[0.0,-0.27366]},"J7s":{"weight":0.0022,"played":[0.3,0.7],"evs":[0.0,4.59162]},"J8s":{"weight":0.0045,"played":[0.3319,0.6681],"evs":[0.0,3.73691]},"J9s":{"weight":0.305,"played":[0.0183,0.9817],"evs":[0.0,12.47549]},"JTs":{"weight":0.0639,"played":[0.0617,0.9383],"evs":[0.0,6.07478]},"JJ":{"weight":0.0,"played":[0.0202,0.9798],"evs":[0.0,15.72066]},"QJo":{"weight":0.0,"played":[0.6666,0.3334],"evs":[0.0,-0.27227]},"KJo":{"weight":0.0388,"played":[0.2095,0.7905],"evs":[0.0,5.24565]},"AJo":{"weight":5.0E-4,"played":[0.1972,0.8028],"evs":[0.0,1.69291]},"Q2s":{"weight":0.0251,"played":[0.3273,0.6727],"evs":[0.0,-1.75642]},"Q3s":{"weight":0.0029,"played":[0.9997,3.0E-4],"evs":[0.0,-6.02278]},"Q4s":{"weight":5.0E-4,"played":[0.0834,0.9166],"evs":[0.0,3.3049]},"Q5s":{"weight":0.0028,"played":[0.3421,0.6579],"evs":[0.0,-3.45906]},"Q6s":{"weight":0.0023,"played":[0.2841,0.7159],"evs":[0.0,-0.05811]},"Q7s":{"weight":0.0188,"played":[0.6894,0.3106],"evs":[0.0,-4.96529]},"Q8s":{"weight":0.0047,"played":[0.2316,0.7684],"evs":[0.0,3.63993]},"Q9s":{"weight":0.0121,"played":[0.0898,0.9102],"evs":[0.0,8.01692]},"QTs":{"weight":0.6401,"played":[0.9833,0.0167],"evs":[0.0,-3.65356]},"QJs":{"weight":0.2817,"played":[0.2751,0.7249],"evs":[0.0,-1.93914]},"QQ":{"weight":0.0,"played":[0.0034,0.9966],"evs":[0.0,21.78653]},"KQo":{"weight":0.0,"played":[0.1684,0.8316],"evs":[0.0,3.00425]},"AQo":{"weight":0.2003,"played":[0.1143,0.8857],"evs":[0.0,6.98624]},"K2s":{"weight":4.0E-4,"played":[0.7705,0.2295],"evs":[0.0,1.10416]},"K3s":{"weight":0.0,"played":[0.3348,0.6652],"evs":[0.0,-0.5839]},"K4s":{"weight":3.0E-4,"played":[0.175,0.825],"evs":[0.0,6.15851]},"K5s":{"weight":0.053,"played":[0.7821,0.2179],"evs":[0.0,7.01028]},"K6s":{"weight":1.0E-4,"played":[0.9818,0.0182],"evs":[0.0,-6.57573]},"K7s":{"weight":0.0114,"played":[0.4372,0.5628],"evs":[0.0,-0.31955]},"K8s":{"weight":0.0414,"played":[0.2083,0.7917],"evs":[0.0,1.41828]},"K9s":{"weight":0.931,"played":[0.0337,0.9663],"evs":[0.0,5.02842]},"KTs":{"weight":0.2931,"played":[0.9956,0.0044],"evs":[0.0,-1.82417]},"KJs":{"weight":0.0065,"played":[0.31,0.69],"evs":[0.0,9.0264]},"KQs":{"weight":0.3944,"played":[0.7697,0.2303],"evs":[0.0,4.20821]},"KK":{"weight":0.3036,"played":[0.0037,0.9963],"evs":[0.0,13.37117]},"AKo":{"weight":0.2635,"played":[0.5552,0.4448],"evs":[0.0,2.17003]},"A2s":{"weight":0.0514,"played":[0.4757,0.5243],"evs":[0.0,-2.46575]},"A3s":{"weight":0.4246,"played":[0.0943,0.9057],"evs":[0.0,6.78243]},"A4s":{"weight":0.1035,"played":[0.2955,0.7045],"evs":[0.0,9.22829]},"A5s":{"weight":0.4274,"played":[0.0891,0.9109],"evs":[0.0,1.65132]},"A6s":{"weight":0.2653,"played":[0.3471,0.6529],"evs":[0.0,-2.20939]},"A7s":{"weight":0.0115,"played":[0.9979,0.0021],"evs":[0.0,-3.27084]},"A8s":{"weight":0.4599,"played":[0.6719,0.3281],"evs":[0.0,-0.64367]},"A9s":{"weight":7.0E-4,"played":[0.6893,0.3107],"evs":[0.0,7.15035]},"ATs":{"weight":0.3343,"played":[0.1722,0.8278],"evs":[0.0,10.24185]},"AJs":{"weight":0.9361,"played":[0.822,0.178],"evs":[0.0,-1.47518]},"AQs":{"weight":0.0026,"played":[0.0142,0.9858],"evs":[0.0,4.94559]},"AKs":{"weight":0.0,"played":[0.7333,0.2667],"evs":[0.0,0.3552]},"AA":{"weight":0.0748,"played":[1.0E-4,0.9999],"evs":[0.0,16.74609]}}}