{"player":3,"street":0,"children":2,"sequence":[{"player":0,"type":"R","amount":200000,"street":0},{"player":1,"type":"C","amount":200000,"street":0},{"player":2,"type":"R","amount":1295000,"street":0}],"actions":[{"type":"F","amount":0,"node":120},{"type":"R","amount":2575000,"node":127}],"hands":{"22":{"weight":1.0,"played":[0.0352,0.9648],"evs":[0.0,0.87848]},"32o":{"weight":1.0,"played":[0.9975,0.0025],"evs":[0.0,-5.09282]},"42o":{"weight":1.0,"played":[0.9949,0.0051],"evs":[0.0,-6.34529]},"52o":{"weight":1.0,"played":[0.9575,0.0425],"evs":[0.0,-3.71593]},"62o":{"weight":1.0,"played":[0.9996,4.0E-4],"evs":[0.0,-3.50074]},"72o":{"weight":1.0,"played":[0.9831,0.0169],"evs":[0.0,-5.45578]},"82o":{"weight":1.0,"played":[0.9958,0.0042],"evs":[0.0,-5.87067]},"92o":{"weight":1.0,"played":[0.9927,0.0073],"evs":[0.0,-4.7465]},"T2o":{"weight":1.0,"played":[0.9974,0.0026],"evs":[0.0,-5.19841]},"J2o":{"weight":1.0,"played":[0.9917,0.0083],"evs":[0.0,-3.95753]},"Q2o":{"weight":1.0,"played":[0.9934,0.0066],"evs":[0.0,-3.81492]},"K2o":{"weight":1.0,"played":[0.9985,0.0015],"evs":[0.0,-3.37777]},"A2o":{"weight":1.0,"played":[0.6146,0.3854],"evs":[0.0,-1.31842]},"32s":{"weight":1.0,"played":[0.9858,0.0142],"evs":[0.0,-3.21804]},"33":{"weight":1.0,"played":[0.0805,0.9195],"evs":[0.0,3.24831]},"43o":{"weight":1.0,"played":[0.9999,1.0E-4],"evs":[0.0,-3.60272]},"53o":{"weight":1.0,"played":[0.9996,4.0E-4],"evs":[0.0,-3.94042]},"63o":{"weight":1.0,"played":[0.9968,0.0032],"evs":[0.0,-3.70361]},"73o":{"weight":1.0,"played":[0.9999,1.0E-4],"evs":[0.0,-3.72263]},"83o":{"weight":1.0,"played":[0.9999,1.0E-4],"evs":[0.0,-3.47541]},"93o":{"weight":1.0,"played":[0.996,0.004],"evs":[0.0,-3.86435]},"T3o":{"weight":1.0,"played":[0.9979,0.0021],"evs":[0.0,-4.85978]},"J3o":{"weight":1.0,"played":[0.9734,0.0266],"evs":[0.0,-4.86985]},"Q3o":{"weight":1.0,"played":[0.99,0.01],"evs":[0.0,-4.16304]},"K3o":{"weight":1.0,"played":[0.8858,0.1142],"evs":[0.0,-2.98839]},"A3o":{"weight":1.0,"played":[0.9673,0.0327],"evs":[0.0,-2.94927]},"42s":{"weight":1.0,"played":[0.6894,0.3106],"evs":[0.0,-3.32953]},"43s":{"weight":1.0,"played":[0.749,0.251],"evs":[0.0,-1.16029]},"44":{"weight":1.0,"played":[0.1198,0.8802],"evs":[0.0,1.69319]},"54o":{"weight":1.0,"played":[0.8594,0.1406],"evs":[0.0,-2.36355]},"64o":{"weight":1.0,"played":[0.9987,0.0013],"evs":[0.0,-2.60768]},"74o":{"weight":1.0,"played":[0.9999,1.0E-4],"evs":[0.0,-3.94813]},"84o":{"weight":1.0,"played":[0.9996,4.0E-4],"evs":[0.0,-4.00378]},"94o":{"weight":1.0,"played":[0.9971,0.0029],"evs":[0.0,-5.02196]},"T4o":{"weight":1.0,"played":[0.9962,0.0038],"evs":[0.0,-4.5045]},"J4o":{"weight":1.0,"played":[0.9993,7.0E-4],"evs":[0.0,-3.89978]},"Q4o":{"weight":1.0,"played":[0.9664,0.0336],"evs":[0.0,-4.16462]},"K4o":{"weight":1.0,"played":[0.9407,0.0593],"evs":[0.0,-1.30918]},"A4o":{"weight":1.0,"played":[0.0279,0.9721],"evs":[0.0,1.02419]},"52s":{"weight":1.0,"played":[0.8493,0.1507],"evs":[0.0,-1.89837]},"53s":{"weight":1.0,"played":[0.89,0.11],"evs":[0.0,-3.95112]},"54s":{"weight":1.0,"played":[0.3115,0.6885],"evs":[0.0,2.06129]},"55":{"weight":1.0,"played":[0.0233,0.9767],"evs":[0.0,4.15228]},"65o":{"weight":1.0,"played":[0.8988,0.1012],"evs":[0.0,-2.71529]},"75o":{"weight":1.0,"played":[0.9658,0.0342],"evs":[0.0,-0.83768]},"85o":{"weight":1.0,"played":[0.9706,0.0294],"evs":[0.0,-2.88929]},"95o":{"weight":1.0,"played":[0.9547,0.0453],"evs":[0.0,-3.37045]},"T5o":{"weight":1.0,"played":[0.9797,0.0203],"evs":[0.0,-2.1841]},"J5o":{"weight":1.0,"played":[0.998,0.002],"evs":[0.0,-4.3119]},"Q5o":{"weight":1.0,"played":[0.9959,0.0041],"evs":[0.0,-3.69645]},"K5o":{"weight":1.0,"played":[0.9836,0.0164],"evs":[0.0,-1.88862]},"A5o":{"weight":1.0,"played":[0.5203,0.4797],"evs":[0.0,0.15554]},"62s":{"weight":1.0,"played":[0.9305,0.0695],"evs":[0.0,-2.8747]},"63s":{"weight":1.0,"played":[0.5816,0.4184],"evs":[0.0,0.48717]},"64s":{"weight":1.0,"played":[0.9652,0.0348],"evs":[0.0,-3.70028]},"65s":{"weight":1.0,"played":[0.4709,0.5291],"evs":[0.0,1.72438]},"66":{"weight":1.0,"played":[0.0221,0.9779],"evs":[0.0,2.29856]},"76o":{"weight":1.0,"played":[0.8187,0.1813],"evs":[0.0,-0.31065]},"86o":{"weight":1.0,"played":[1.0,0.0],"evs":[0.0,-2.23131]},"96o":{"weight":1.0,"played":[0.9801,0.0199],"evs":[0.0,-3.29548]},"T6o":{"weight":1.0,"played":[0.99,0.01],"evs":[0.0,-4.19381]},"J6o":{"weight":1.0,"played":[0.991,0.009],"evs":[0.0,-4.68512]},"Q6o":{"weight":1.0,"played":[0.9862,0.0138],"evs":[0.0,-2.81438]},"K6o":{"weight":1.0,"played":[0.7704,0.2296],"evs":[0.0,-1.60617]},"A6o":{"weight":1.0,"played":[0.9796,0.0204],"evs":[0.0,-2.89462]},"72s":{"weight":1.0,"played":[0.9134,0.0866],"evs":[0.0,-6.63618]},"73s":{"weight":1.0,"played":[0.984,0.016],"evs":[0.0,-1.25631]},"74s":{"weight":1.0,"played":[0.3337,0.6663],"evs":[0.0,0.2141]},"75s":{"weight":1.0,"played":[0.5907,0.4093],"evs":[0.0,-0.30581]},"76s":{"weight":1.0,"played":[0.6711,0.3289],"evs":[0.0,-1.93143]},"77":{"weight":1.0,"played":[8.0E-4,0.9992],"evs":[0.0,3.39147]},"87o":{"weight":1.0,"played":[0.996,0.004],"evs":[0.0,-3.42606]},"97o":{"weight":1.0,"played":[0.9962,0.0038],"evs":[0.0,-2.52993]},"T7o":{"weight":1.0,"played":[0.9973,0.0027],"evs":[0.0,-4.32725]},"J7o":{"weight":1.0,"played":[0.9908,0.0092],"evs":[0.0,-4.50755]},"Q7o":{"weight":1.0,"played":[0.9394,0.0606],"evs":[0.0,-2.02091]},"K7o":{"weight":1.0,"played":[0.8676,0.1324],"evs":[0.0,-3.02387]},"A7o":{"weight":1.0,"played":[0.8947,0.1053],"evs":[0.0,-1.37726]},"82s":{"weight":1.0,"played":[0.9695,0.0305],"evs":[0.0,-0.64362]},"83s":{"weight":1.0,"played":[0.9612,0.0388],"evs":[0.0,-2.10739]},"84s":{"weight":1.0,"played":[0.8099,0.1901],"evs":[0.0,-3.67185]},"85s":{"weight":1.0,"played":[0.3486,0.6514],"evs":[0.0,2.04288]},"86s":{"weight":1.0,"played":[0.709,0.291],"evs":[0.0,0.11186]},"87s":{"weight":1.0,"played":[0.3139,0.6861],"evs":[0.0,0.54746]},"88":{"weight":1.0,"played":[0.0538,0.9462],"evs":[0.0,4.80891]},"98o":{"weight":1.0,"played":[0.953,0.047],"evs":[0.0,-2.20771]},"T8o":{"weight":1.0,"played":[0.9728,0.0272],"evs":[0.0,-1.62893]},"J8o":{"weight":1.0,"played":[0.9901,0.0099],"evs":[0.0,-1.83413]},"Q8o":{"weight":1.0,"played":[0.9896,0.0104],"evs":[0.0,-1.30186]},"K8o":{"weight":1.0,"played":[0.9704,0.0296],"evs":[0.0,-0.60328]},"A8o":{"weight":1.0,"played":[0.3081,0.6919],"evs":[0.0,-0.60155]},"92s":{"weight":1.0,"played":[0.8624,0.1376],"evs":[0.0,-2.81196]},"93s":{"weight":1.0,"played":[0.8241,0.1759],"evs":[0.0,-2.33771]},"94s":{"weight":1.0,"played":[0.987,0.013],"evs":[0.0,-4.19662]},"95s":{"weight":1.0,"played":[0.7971,0.2029],"evs":[0.0,-3.65722]},"96s":{"weight":1.0,"played":[1.0,0.0],"evs":[0.0,-1.96986]},"97s":{"weight":1.0,"played":[0.4087,0.5913],"evs":[0.0,1.53878]},"98s":{"weight":1.0,"played":[0.7258,0.2742],"evs":[0.0,-0.01848]},"99":{"weight":1.0,"played":[2.0E-4,0.9998],"evs":[0.0,8.74882]},"T9o":{"weight":1.0,"played":[0.8587,0.1413],"evs":[0.0,-1.30919]},"J9o":{"weight":1.0,"played":[0.9997,3.0E-4],"evs":[0.0,-2.61651]},"Q9o":{"weight":1.0,"played":[0.7477,0.2523],"evs":[0.0,-1.08678]},"K9o":{"weight":1.0,"played":[0.7457,0.2543],"evs":[0.0,-1.83119]},"A9o":{"weight":1.0,"played":[0.0028,0.9972],"evs":[0.0,0.4104]},"T2s":{"weight":1.0,"played":[0.7115,0.2885],"evs":[0.0,-0.85504]},"T3s":{"weight":1.0,"played":[0.2351,0.7649],"evs":[0.0,-0.58371]},"T4s":{"weight":1.0,"played":[0.9976,0.0024],"evs":[0.0,-3.78617]},"T5s":{"weight":1.0,"played":[0.8581,0.1419],"evs":[0.0,-2.22636]},"T6s":{"weight":1.0,"played":[0.9073,0.0927],"evs":[0.0,-5.00186]},"T7s":{"weight":1.0,"played":[0.4897,0.5103],"evs":[0.0,-0.40444]},"T8s":{"weight":1.0,"played":[0.4735,0.5265],"evs":[0.0,-0.41293]},"T9s":{"weight":1.0,"played":[0.6497,0.3503],"evs":[0.0,1.16084]},"TT":{"weight":1.0,"played":[0.0,1.0],"evs":[0.0,4.69413]},"JTo":{"weight":1.0,"played":[0.5488,0.4512],"evs":[0.0,-0.71114]},"QTo":{"weight":1.0,"played":[0.8421,0.1579],"evs":[0.0,-1.66876]},"KTo":{"weight":1.0,"played":[0.1517,0.8483],"evs":[0.0,0.17698]},"ATo":{"weight":1.0,"played":[0.0,1.0],"evs":[0.0,2.08026]},"J2s":{"weight":1.0,"played":[0.844,0.156],"evs":[0.0,-0.14093]},"J3s":{"weight":1.0,"played":[0.9321,0.0679],"evs":[0.0,-2.67775]},"J4s":{"weight":1.0,"played":[0.9504,0.0496],"evs":[0.0,-3.83405]},"J5s":{"weight":1.0,"played":[0.9683,0.0317],"evs":[0.0,-2.69951]},"J6s":{"weight":1.0,"played":[0.0769,0.9231],"evs":[0.0,1.79878]},"J7s":{"weight":1.0,"played":[0.2893,0.7107],"evs":[0.0,1.46339]},"J8s":{"weight":1.0,"played":[0.8909,0.1091],"evs":[0.0,-1.50286]},"J9s":{"weight":1.0,"played":[0.5433,0.4567],"evs":[0.0,-2.25906]},"JTs":{"weight":1.0,"played":[0.5181,0.4819],"evs":[0.0,-0.80645]},"JJ":{"weight":1.0,"played":[0.0,1.0],"evs":[0.0,12.47403]},"QJo":{"weight":1.0,"played":[0.7669,0.2331],"evs":[0.0,-0.48054]},"KJo":{"weight":1.0,"played":[0.2258,0.7742],"evs":[0.0,0.23578]},"AJo":{"weight":1.0,"played":[0.1323,0.8677],"evs":[0.0,0.39146]},"Q2s":{"weight":1.0,"played":[0.887,0.113],"evs":[0.0,-2.63813]},"Q3s":{"weight":1.0,"played":[0.1523,0.8477],"evs":[0.0,0.8325]},"Q4s":{"weight":1.0,"played":[0.8051,0.1949],"evs":[0.0,-0.31606]},"Q5s":{"weight":1.0,"played":[0.7391,0.2609],"evs":[0.0,-1.75206]},"Q6s":{"weight":1.0,"played":[0.8062,0.1938],"evs":[0.0,-4.97691]},"Q7s":{"weight":1.0,"played":[0.9784,0.0216],"evs":[0.0,-2.21101]},"Q8s":{"weight":1.0,"played":[0.6951,0.3049],"evs":[0.0,-1.22527]},"Q9s":{"weight":1.0,"played":[0.9333,0.0667],"evs":[0.0,-2.55428]},"QTs":{"weight":1.0,"played":[0.0283,0.9717],"evs":[0.0,1.4798]},"QJs":{"weight":1.0,"played":[0.0023,0.9977],"evs":[0.0,7.7618]},"QQ":{"weight":1.0,"played":[0.0,1.0],"evs":[0.0,12.53002]},"KQo":{"weight":1.0,"played":[0.5206,0.4794],"evs":[0.0,-0.90165]},"AQo":{"weight":1.0,"played":[0.0,1.0],"evs":[0.0,6.21702]},"K2s":{"weight":1.0,"played":[0.5456,0.4544],"evs":[0.0,0.82893]},"K3s":{"weight":1.0,"played":[0.8972,0.1028],"evs":[0.0,-2.35963]},"K4s":{"weight":1.0,"played":[0.4797,0.5203],"evs":[0.0,-1.16699]},"K5s":{"weight":1.0,"played":[0.9777,0.0223],"evs":[0.0,-2.04784]},"K6s":{"weight":1.0,"played":[0.4937,0.5063],"evs":[0.0,-1.56795]},"K7s":{"weight":1.0,"played":[0.1834,0.8166],"evs":[0.0,0.05285]},"K8s":{"weight":1.0,"played":[0.7381,0.2619],"evs":[0.0,-0.42904]},"K9s":{"weight":1.0,"played":[0.1692,0.8308],"evs":[0.0,-0.65053]},"KTs":{"weight":1.0,"played":[0.0926,0.9074],"evs":[0.0,1.12816]},"KJs":{"weight":1.0,"played":[0.1798,0.8202],"evs":[0.0,3.50241]},"KQs":{"weight":1.0,"played":[0.0185,0.9815],"evs":[0.0,8.11348]},"KK":{"weight":1.0,"played":[0.0,1.0],"evs":[0.0,16.57229]},"AKo":{"weight":1.0,"played":[6.0E-4,0.9994],"evs":[0.0,6.19438]},"A2s":{"weight":1.0,"played":[0.6191,0.3809],"evs":[0.0,-2.92121]},"A3s":{"weight":1.0,"played":[0.719,0.281],"evs":[0.0,0.95323]},"A4s":{"weight":1.0,"played":[0.6103,0.3897],"evs":[0.0,-0.39194]},"A5s":{"weight":1.0,"played":[0.0231,0.9769],"evs":[0.0,3.74394]},"A6s":{"weight":1.0,"played":[0.002,0.998],"evs":[0.0,0.55648]},"A7s":{"weight":1.0,"played":[0.0011,0.9989],"evs":[0.0,3.03079]},"A8s":{"weight":1.0,"played":[0.0,1.0],"evs":[0.0,3.76829]},"A9s":{"weight":1.0,"played":[0.0016,0.9984],"evs":[0.0,2.10567]},"ATs":{"weight":1.0,"played":[2.0E-4,0.9998],"evs":[0.0,7.07956]},"AJs":{"weight":1.0,"played":[0.2649,0.7351],"evs":[0.0,3.78886]},"AQs":{"weight":1.0,"played":[0.0308,0.9692],"evs":[0.0,7.20873]},"AKs":{"weight":1.0,"played":[0.2305,0.7695],"evs":[0.0,9.06707]},"AA":{"weight":1.0,"played":[0.0,1.0],"evs":[0.0,21.31313]}}}