{"player":1,"street":0,"children":2,"sequence":[{"player":0,"type":"R","amount":200000,"street":0},{"player":1,"type":"C","amount":200000,"street":0},{"player":2,"type":"R","amount":1295000,"street":0},{"player":3,"type":"F","amount":0,"street":0},{"player":4,"type":"F","amount":0,"street":0},{"player":0,"type":"C","amount":965000,"street":0}],"actions":[{"type":"F","amount":0},{"type":"C","amount":375000}],"hands":{"22":{"weight":0.0,"played":[5.0E-4,0.9995],"evs":[0.0,0.26638]},"32o":{"weight":0.0,"played":[0.9967,0.0033],"evs":[0.0,-0.81664]},"42o":{"weight":0.0,"played":[0.9988,0.0012],"evs":[0.0,-0.85637]},"52o":{"weight":0.0,"played":[0.9911,0.0089],"evs":[0.0,-0.62988]},"62o":{"weight":0.0,"played":[0.9997,3.0E-4],"evs":[0.0,-0.91685]},"72o":{"weight":0.0,"played":[1.0,0.0],"evs":[0.0,-1.05422]},"82o":{"weight":0.0,"played":[0.9959,0.0041],"evs":[0.0,-1.201]},"92o":{"weight":0.0,"played":[0.9993,7.0E-4],"evs":[0.0,-1.28983]},"T2o":{"weight":0.0,"played":[0.9987,0.0013],"evs":[0.0,-1.07621]},"J2o":{"weight":0.0,"played":[0.9965,0.0035],"evs":[0.0,-1.06585]},"Q2o":{"weight":0.0,"played":[0.9998,2.0E-4],"evs":[0.0,-0.79397]},"K2o":{"weight":0.0,"played":[0.9929,0.0071],"evs":[0.0,-0.89377]},"A2o":{"weight":0.0,"played":[0.3197,0.6803],"evs":[0.0,-0.15625]},"32s":{"weight":0.0,"played":[0.6584,0.3416],"evs":[0.0,-0.30909]},"33":{"weight":0.0,"played":[0.0,1.0],"evs":[0.0,0.69854]},"43o":{"weight":0.0,"played":[0.9848,0.0152],"evs":[0.0,-0.2359]},"53o":{"weight":0.0,"played":[0.7484,0.2516],"evs":[0.0,-0.24628]},"63o":{"weight":0.0,"played":[0.9962,0.0038],"evs":[0.0,-0.45822]},"73o":{"weight":0.0,"played":[0.9994,6.0E-4],"evs":[0.0,-0.69753]},"83o":{"weight":0.0,"played":[0.9996,4.0E-4],"evs":[0.0,-0.85408]},"93o":{"weight":0.0,"played":[0.9996,4.0E-4],"evs":[0.0,-1.13379]},"T3o":{"weight":0.0,"played":[0.9897,0.0103],"evs":[0.0,-1.08668]},"J3o":{"weight":0.0,"played":[0.9977,0.0023],"evs":[0.0,-0.6773]},"Q3o":{"weight":0.0,"played":[0.9765,0.0235],"evs":[0.0,-0.55981]},"K3o":{"weight":0.0,"played":[0.9925,0.0075],"evs":[0.0,-0.72932]},"A3o":{"weight":0.0,"played":[0.0,1.0],"evs":[0.0,0.31747]},"42s":{"weight":0.0,"played":[0.0106,0.9894],"evs":[0.0,0.06353]},"43s":{"weight":0.0,"played":[0.0117,0.9883],"evs":[0.0,0.75318]},"44":{"weight":0.0,"played":[0.0055,0.9945],"evs":[0.0,0.71729]},"54o":{"weight":0.0,"played":[0.0247,0.9753],"evs":[0.0,0.18896]},"64o":{"weight":0.0,"played":[0.8048,0.1952],"evs":[0.0,-0.19321]},"74o":{"weight":0.0,"played":[0.9966,0.0034],"evs":[0.0,-0.35776]},"84o":{"weight":0.0,"played":[0.988,0.012],"evs":[0.0,-0.79505]},"94o":{"weight":0.0,"played":[0.9948,0.0052],"evs":[0.0,-0.931]},"T4o":{"weight":0.0,"played":[0.999,0.001],"evs":[0.0,-0.94602]},"J4o":{"weight":0.0,"played":[0.9959,0.0041],"evs":[0.0,-0.93317]},"Q4o":{"weight":0.0,"played":[0.9304,0.0696],"evs":[0.0,-0.49603]},"K4o":{"weight":0.0,"played":[0.9941,0.0059],"evs":[0.0,-0.56151]},"A4o":{"weight":0.0,"played":[0.0016,0.9984],"evs":[0.0,0.07369]},"52s":{"weight":0.0,"played":[0.0057,0.9943],"evs":[0.0,0.17107]},"53s":{"weight":0.0,"played":[3.0E-4,0.9997],"evs":[0.0,0.26655]},"54s":{"weight":0.0,"played":[1.0E-4,0.9999],"evs":[0.0,0.78665]},"55":{"weight":0.001,"played":[0.0,1.0],"evs":[0.0,1.0486]},"65o":{"weight":0.0,"played":[0.0012,0.9988],"evs":[0.0,0.36802]},"75o":{"weight":0.0,"played":[0.543,0.457],"evs":[0.0,-0.03312]},"85o":{"weight":0.0,"played":[0.9161,0.0839],"evs":[0.0,-0.2317]},"95o":{"weight":0.0,"played":[0.9961,0.0039],"evs":[0.0,-0.46783]},"T5o":{"weight":0.0,"played":[0.9935,0.0065],"evs":[0.0,-0.83398]},"J5o":{"weight":0.0,"played":[0.9994,6.0E-4],"evs":[0.0,-0.67237]},"Q5o":{"weight":0.0,"played":[0.9862,0.0138],"evs":[0.0,-0.73736]},"K5o":{"weight":0.0,"played":[0.9989,0.0011],"evs":[0.0,-0.42672]},"A5o":{"weight":0.0,"played":[1.0E-4,0.9999],"evs":[0.0,0.38343]},"62s":{"weight":0.0,"played":[0.2531,0.7469],"evs":[0.0,0.22471]},"63s":{"weight":0.0,"played":[0.1809,0.8191],"evs":[0.0,0.14361]},"64s":{"weight":0.0,"played":[5.0E-4,0.9995],"evs":[0.0,0.97533]},"65s":{"weight":0.0,"played":[0.0038,0.9962],"evs":[0.0,0.81954]},"66":{"weight":0.4056,"played":[0.0,1.0],"evs":[0.0,1.23857]},"76o":{"weight":0.0,"played":[5.0E-4,0.9995],"evs":[0.0,0.22537]},"86o":{"weight":0.0,"played":[0.276,0.724],"evs":[0.0,-0.14114]},"96o":{"weight":0.0,"played":[0.713,0.287],"evs":[0.0,-0.52813]},"T6o":{"weight":0.0,"played":[0.9995,5.0E-4],"evs":[0.0,-0.58745]},"J6o":{"weight":0.0,"played":[0.9977,0.0023],"evs":[0.0,-0.8357]},"Q6o":{"weight":0.0,"played":[1.0,0.0],"evs":[0.0,-0.40121]},"K6o":{"weight":0.0,"played":[0.9951,0.0049],"evs":[0.0,-0.48372]},"A6o":{"weight":0.0,"played":[3.0E-4,0.9997],"evs":[0.0,0.12656]},"72s":{"weight":0.0,"played":[0.8514,0.1486],"evs":[0.0,-0.43622]},"73s":{"weight":0.0,"played":[0.6406,0.3594],"evs":[0.0,-0.16512]},"74s":{"weight":0.0,"played":[0.008,0.992],"evs":[0.0,0.22207]},"75s":{"weight":0.0,"played":[0.0041,0.9959],"evs":[0.0,0.37864]},"76s":{"weight":0.0,"played":[0.0013,0.9987],"evs":[0.0,0.40028]},"77":{"weight":0.2444,"played":[0.0,1.0],"evs":[0.0,1.11968]},"87o":{"weight":0.0,"played":[0.2505,0.7495],"evs":[0.0,-0.08504]},"97o":{"weight":0.0,"played":[0.9198,0.0802],"evs":[0.0,-0.29734]},"T7o":{"weight":0.0,"played":[0.9871,0.0129],"evs":[0.0,-0.4609]},"J7o":{"weight":0.0,"played":[0.9329,0.0671],"evs":[0.0,-0.56025]},"Q7o":{"weight":0.0,"played":[0.9874,0.0126],"evs":[0.0,-0.47118]},"K7o":{"weight":0.0,"played":[0.987,0.013],"evs":[0.0,-0.53123]},"A7o":{"weight":0.0,"played":[0.1927,0.8073],"evs":[0.0,-0.00886]},"82s":{"weight":0.0,"played":[0.0994,0.9006],"evs":[0.0,-0.20603]},"83s":{"weight":0.0,"played":[0.6088,0.3912],"evs":[0.0,-0.33758]},"84s":{"weight":0.0,"played":[0.5122,0.4878],"evs":[0.0,-0.02546]},"85s":{"weight":0.0,"played":[0.0199,0.9801],"evs":[0.0,0.412]},"86s":{"weight":0.0,"played":[2.0E-4,0.9998],"evs":[0.0,0.79064]},"87s":{"weight":0.0,"played":[2.0E-4,0.9998],"evs":[0.0,1.12621]},"88":{"weight":0.0061,"played":[1.0E-4,0.9999],"evs":[0.0,0.9044]},"98o":{"weight":0.0,"played":[0.8016,0.1984],"evs":[0.0,-0.25156]},"T8o":{"weight":0.0,"played":[0.9116,0.0884],"evs":[0.0,-0.26661]},"J8o":{"weight":0.0,"played":[0.9865,0.0135],"evs":[0.0,-0.3693]},"Q8o":{"weight":0.0,"played":[0.9054,0.0946],"evs":[0.0,-0.41644]},"K8o":{"weight":0.0,"played":[0.8333,0.1667],"evs":[0.0,-0.30461]},"A8o":{"weight":7.0E-4,"played":[5.0E-4,0.9995],"evs":[0.0,0.19593]},"92s":{"weight":0.0,"played":[0.8543,0.1457],"evs":[0.0,-0.61835]},"93s":{"weight":0.0,"played":[0.9846,0.0154],"evs":[0.0,-0.2991]},"94s":{"weight":0.0,"played":[0.5582,0.4418],"evs":[0.0,-0.13215]},"95s":{"weight":0.0,"played":[0.21,0.79],"evs":[0.0,0.03061]},"96s":{"weight":0.0,"played":[0.0298,0.9702],"evs":[0.0,0.76069]},"97s":{"weight":0.0,"played":[0.0278,0.9722],"evs":[0.0,0.11059]},"98s":{"weight":0.0,"played":[2.0E-4,0.9998],"evs":[0.0,0.79715]},"99":{"weight":4.0E-4,"played":[0.0,1.0],"evs":[0.0,0.97272]},"T9o":{"weight":0.0,"played":[0.6728,0.3272],"evs":[0.0,-0.13522]},"J9o":{"weight":0.0,"played":[0.6848,0.3152],"evs":[0.0,-0.20758]},"Q9o":{"weight":0.0,"played":[0.9601,0.0399],"evs":[0.0,-0.17595]},"K9o":{"weight":0.0,"played":[0.9792,0.0208],"evs":[0.0,-0.3492]},"A9o":{"weight":0.0,"played":[0.0,1.0],"evs":[0.0,0.13736]},"T2s":{"weight":0.0,"played":[0.9077,0.0923],"evs":[0.0,-0.5855]},"T3s":{"weight":0.0,"played":[0.8325,0.1675],"evs":[0.0,-0.15562]},"T4s":{"weight":0.0,"played":[0.8297,0.1703],"evs":[0.0,-0.46596]},"T5s":{"weight":0.0,"played":[0.2613,0.7387],"evs":[0.0,0.09216]},"T6s":{"weight":0.0,"played":[0.4039,0.5961],"evs":[0.0,0.13935]},"T7s":{"weight":0.0,"played":[0.0041,0.9959],"evs":[0.0,0.30047]},"T8s":{"weight":0.0,"played":[0.0105,0.9895],"evs":[0.0,0.68117]},"T9s":{"weight":0.0,"played":[8.0E-4,0.9992],"evs":[0.0,1.04778]},"TT":{"weight":0.0101,"played":[0.0,1.0],"evs":[0.0,1.90506]},"JTo":{"weight":0.0,"played":[0.001,0.999],"evs":[0.0,0.29009]},"QTo":{"weight":0.0,"played":[0.0,1.0],"evs":[0.0,0.18193]},"KTo":{"weight":1.0E-4,"played":[0.0,1.0],"evs":[0.0,0.06765]},"ATo":{"weight":0.0,"played":[0.0,1.0],"evs":[0.0,0.8646]},"J2s":{"weight":0.0,"played":[0.7654,0.2346],"evs":[0.0,-0.45385]},"J3s":{"weight":0.0,"played":[0.9907,0.0093],"evs":[0.0,-0.26842]},"J4s":{"weight":0.0,"played":[0.0417,0.9583],"evs":[0.0,0.28121]},"J5s":{"weight":0.0,"played":[0.121,0.879],"evs":[0.0,0.20037]},"J6s":{"weight":0.0,"played":[0.0833,0.9167],"evs":[0.0,0.10342]},"J7s":{"weight":0.0,"played":[0.1213,0.8787],"evs":[0.0,0.21421]},"J8s":{"weight":0.0,"played":[4.0E-4,0.9996],"evs":[0.0,0.36616]},"J9s":{"weight":0.0,"played":[0.1678,0.8322],"evs":[0.0,0.1957]},"JTs":{"weight":2.0E-4,"played":[0.0,1.0],"evs":[0.0,1.09709]},"JJ":{"weight":0.0028,"played":[0.0,1.0],"evs":[0.0,3.2201]},"QJo":{"weight":2.0E-4,"played":[0.0,1.0],"evs":[0.0,0.31661]},"KJo":{"weight":6.0E-4,"played":[0.0,1.0],"evs":[0.0,0.43775]},"AJo":{"weight":2.0E-4,"played":[0.0,1.0],"evs":[0.0,1.39332]},"Q2s":{"weight":0.0,"played":[0.7973,0.2027],"evs":[0.0,-0.35769]},"Q3s":{"weight":0.0,"played":[1.0E-4,0.9999],"evs":[0.0,0.16196]},"Q4s":{"weight":0.0,"played":[0.1783,0.8217],"evs":[0.0,0.24271]},"Q5s":{"weight":0.0,"played":[0.0021,0.9979],"evs":[0.0,0.61231]},"Q6s":{"weight":0.0,"played":[2.0E-4,0.9998],"evs":[0.0,0.55108]},"Q7s":{"weight":0.0,"played":[0.0058,0.9942],"evs":[0.0,0.52496]},"Q8s":{"weight":0.0,"played":[0.0235,0.9765],"evs":[0.0,0.33994]},"Q9s":{"weight":2.0E-4,"played":[0.0,1.0],"evs":[0.0,0.50747]},"QTs":{"weight":0.003,"played":[0.0,1.0],"evs":[0.0,0.80055]},"QJs":{"weight":0.8212,"played":[0.0,1.0],"evs":[0.0,1.27658]},"QQ":{"weight":2.0E-4,"played":[0.0,1.0],"evs":[0.0,3.8902]},"KQo":{"weight":8.0E-4,"played":[0.0,1.0],"evs":[0.0,0.7583]},"AQo":{"weight":0.0017,"played":[0.0,1.0],"evs":[0.0,2.02083]},"K2s":{"weight":0.0,"played":[0.2997,0.7003],"evs":[0.0,-0.01205]},"K3s":{"weight":0.0,"played":[1.0E-4,0.9999],"evs":[0.0,0.13655]},"K4s":{"weight":0.0,"played":[0.0065,0.9935],"evs":[0.0,0.70542]},"K5s":{"weight":0.0,"played":[0.0335,0.9665],"evs":[0.0,0.49107]},"K6s":{"weight":0.0,"played":[0.1414,0.8586],"evs":[0.0,0.01757]},"K7s":{"weight":0.0,"played":[1.0E-4,0.9999],"evs":[0.0,0.47441]},"K8s":{"weight":0.0,"played":[0.0085,0.9915],"evs":[0.0,0.73614]},"K9s":{"weight":7.0E-4,"played":[0.003,0.997],"evs":[0.0,0.4506]},"KTs":{"weight":0.5555,"played":[0.0,1.0],"evs":[0.0,0.70117]},"KJs":{"weight":0.0045,"played":[1.0E-4,0.9999],"evs":[0.0,1.0352]},"KQs":{"weight":0.01,"played":[0.0,1.0],"evs":[0.0,1.70233]},"KK":{"weight":0.0,"played":[0.0,1.0],"evs":[0.0,5.55608]},"AKo":{"weight":3.0E-4,"played":[0.0,1.0],"evs":[0.0,2.80359]},"A2s":{"weight":4.0E-4,"played":[1.0E-4,0.9999],"evs":[0.0,0.55485]},"A3s":{"weight":0.0154,"played":[0.0,1.0],"evs":[0.0,0.46446]},"A4s":{"weight":0.1112,"played":[4.0E-4,0.9996],"evs":[0.0,0.86702]},"A5s":{"weight":0.309,"played":[0.0,1.0],"evs":[0.0,0.92389]},"A6s":{"weight":0.0369,"played":[6.0E-4,0.9994],"evs":[0.0,1.1372]},"A7s":{"weight":0.0015,"played":[4.0E-4,0.9996],"evs":[0.0,1.04757]},"A8s":{"weight":5.0E-4,"played":[0.0,1.0],"evs":[0.0,0.87995]},"A9s":{"weight":2.0E-4,"played":[0.0,1.0],"evs":[0.0,1.43332]},"ATs":{"weight":9.0E-4,"played":[0.0,1.0],"evs":[0.0,1.3009]},"AJs":{"weight":0.0025,"played":[0.0,1.0],"evs":[0.0,2.37562]},"AQs":{"weight":0.0512,"played":[0.0,1.0],"evs":[0.0,2.41578]},"AKs":{"weight":0.124,"played":[0.0,1.0],"evs":[0.0,2.96028]},"AA":{"weight":0.2648,"played":[0.0,1.0],"evs":[0.0,10.46988]}}}