{"player":1,"street":0,"children":2,"sequence":[{"player":0,"type":"R","amount":200000,"street":0},{"player":1,"type":"C","amount":200000,"street":0},{"player":2,"type":"R","amount":1295000,"street":0},{"player":3,"type":"F","amount":0,"street":0},{"player":4,"type":"C","amount":1195000,"street":0},{"player":0,"type":"F","amount":0,"street":0}],"actions":[{"type":"F","amount":0},{"type":"C","amount":375000}],"hands":{"22":{"weight":0.0,"played":[0.0,1.0],"evs":[0.0,2.24429]},"32o":{"weight":0.0,"played":[0.1296,0.8704],"evs":[0.0,0.00161]},"42o":{"weight":0.0,"played":[0.8492,0.1508],"evs":[0.0,-0.49725]},"52o":{"weight":0.0,"played":[0.0696,0.9304],"evs":[0.0,0.604]},"62o":{"weight":0.0,"played":[0.2957,0.7043],"evs":[0.0,-0.06919]},"72o":{"weight":0.0,"played":[0.8627,0.1373],"evs":[0.0,-0.2996]},"82o":{"weight":0.0,"played":[0.2546,0.7454],"evs":[0.0,0.38361]},"92o":{"weight":0.0,"played":[0.0073,0.9927],"evs":[0.0,0.26821]},"T2o":{"weight":0.0,"played":[0.0021,0.9979],"evs":[0.0,0.16343]},"J2o":{"weight":0.0,"played":[0.4784,0.5216],"evs":[0.0,-0.10645]},"Q2o":{"weight":0.0,"played":[1.0E-4,0.9999],"evs":[0.0,0.68764]},"K2o":{"weight":0.0,"played":[0.0013,0.9987],"evs":[0.0,0.35388]},"A2o":{"weight":0.0,"played":[0.0129,0.9871],"evs":[0.0,0.8518]},"32s":{"weight":0.0,"played":[0.0246,0.9754],"evs":[0.0,0.52961]},"33":{"weight":0.0,"played":[3.0E-4,0.9997],"evs":[0.0,1.63943]},"43o":{"weight":0.0,"played":[0.1084,0.8916],"evs":[0.0,0.51323]},"53o":{"weight":0.0,"played":[0.0192,0.9808],"evs":[0.0,0.85723]},"63o":{"weight":0.0,"played":[0.5092,0.4908],"evs":[0.0,0.00781]},"73o":{"weight":0.0,"played":[0.4603,0.5397],"evs":[0.0,0.08639]},"83o":{"weight":0.0,"played":[0.4008,0.5992],"evs":[0.0,0.06504]},"93o":{"weight":0.0,"played":[0.6131,0.3869],"evs":[0.0,0.12353]},"T3o":{"weight":0.0,"played":[0.2263,0.7737],"evs":[0.0,0.35884]},"J3o":{"weight":0.0,"played":[0.021,0.979],"evs":[0.0,0.66127]},"Q3o":{"weight":0.0,"played":[0.0,1.0],"evs":[0.0,0.81579]},"K3o":{"weight":0.0,"played":[0.0042,0.9958],"evs":[0.0,0.76938]},"A3o":{"weight":0.0,"played":[0.0,1.0],"evs":[0.0,0.37531]},"42s":{"weight":0.0,"played":[0.0882,0.9118],"evs":[0.0,1.84317]},"43s":{"weight":0.0,"played":[0.0519,0.9481],"evs":[0.0,1.28752]},"44":{"weight":0.0,"played":[2.0E-4,0.9998],"evs":[0.0,2.49227]},"54o":{"weight":0.0,"played":[0.003,0.997],"evs":[0.0,0.43786]},"64o":{"weight":0.0,"played":[0.2146,0.7854],"evs":[0.0,0.21547]},"74o":{"weight":0.0,"played":[0.0024,0.9976],"evs":[0.0,0.50801]},"84o":{"weight":0.0,"played":[0.1065,0.8935],"evs":[0.0,0.3772]},"94o":{"weight":0.0,"played":[0.5088,0.4912],"evs":[0.0,0.20745]},"T4o":{"weight":0.0,"played":[0.3674,0.6326],"evs":[0.0,0.12504]},"J4o":{"weight":0.0,"played":[0.4003,0.5997],"evs":[0.0,0.0612]},"Q4o":{"weight":0.0,"played":[0.0016,0.9984],"evs":[0.0,0.82089]},"K4o":{"weight":0.0,"played":[0.0021,0.9979],"evs":[0.0,0.34146]},"A4o":{"weight":0.0,"played":[1.0E-4,0.9999],"evs":[0.0,1.04302]},"52s":{"weight":0.0,"played":[0.0433,0.9567],"evs":[0.0,1.39628]},"53s":{"weight":0.0,"played":[0.0011,0.9989],"evs":[0.0,1.17803]},"54s":{"weight":0.0,"played":[0.0034,0.9966],"evs":[0.0,1.07644]},"55":{"weight":0.001,"played":[2.0E-4,0.9998],"evs":[0.0,2.88946]},"65o":{"weight":0.0,"played":[0.0011,0.9989],"evs":[0.0,0.47314]},"75o":{"weight":0.0,"played":[0.0245,0.9755],"evs":[0.0,0.68957]},"85o":{"weight":0.0,"played":[0.0014,0.9986],"evs":[0.0,0.76982]},"95o":{"weight":0.0,"played":[0.1173,0.8827],"evs":[0.0,-0.03683]},"T5o":{"weight":0.0,"played":[0.1619,0.8381],"evs":[0.0,0.64347]},"J5o":{"weight":0.0,"played":[0.0129,0.9871],"evs":[0.0,0.05235]},"Q5o":{"weight":0.0,"played":[7.0E-4,0.9993],"evs":[0.0,1.0613]},"K5o":{"weight":0.0,"played":[1.0E-4,0.9999],"evs":[0.0,1.16479]},"A5o":{"weight":0.0,"played":[1.0E-4,0.9999],"evs":[0.0,0.701]},"62s":{"weight":0.0,"played":[0.0168,0.9832],"evs":[0.0,0.46201]},"63s":{"weight":0.0,"played":[2.0E-4,0.9998],"evs":[0.0,1.03058]},"64s":{"weight":0.0,"played":[0.0292,0.9708],"evs":[0.0,1.334]},"65s":{"weight":0.0,"played":[0.0014,0.9986],"evs":[0.0,1.66507]},"66":{"weight":0.4056,"played":[4.0E-4,0.9996],"evs":[0.0,3.58572]},"76o":{"weight":0.0,"played":[0.0135,0.9865],"evs":[0.0,0.95402]},"86o":{"weight":0.0,"played":[0.0039,0.9961],"evs":[0.0,0.74559]},"96o":{"weight":0.0,"played":[0.0015,0.9985],"evs":[0.0,0.72941]},"T6o":{"weight":0.0,"played":[0.0,1.0],"evs":[0.0,0.24093]},"J6o":{"weight":0.0,"played":[4.0E-4,0.9996],"evs":[0.0,0.54171]},"Q6o":{"weight":0.0,"played":[0.0146,0.9854],"evs":[0.0,0.70846]},"K6o":{"weight":0.0,"played":[0.01,0.99],"evs":[0.0,1.23514]},"A6o":{"weight":0.0,"played":[2.0E-4,0.9998],"evs":[0.0,0.71932]},"72s":{"weight":0.0,"played":[0.0117,0.9883],"evs":[0.0,1.11568]},"73s":{"weight":0.0,"played":[0.0209,0.9791],"evs":[0.0,1.42921]},"74s":{"weight":0.0,"played":[0.0033,0.9967],"evs":[0.0,1.43426]},"75s":{"weight":0.0,"played":[3.0E-4,0.9997],"evs":[0.0,1.11644]},"76s":{"weight":0.0,"played":[3.0E-4,0.9997],"evs":[0.0,2.28266]},"77":{"weight":0.2444,"played":[0.0,1.0],"evs":[0.0,3.14725]},"87o":{"weight":0.0,"played":[0.0035,0.9965],"evs":[0.0,1.64232]},"97o":{"weight":0.0,"played":[8.0E-4,0.9992],"evs":[0.0,1.31959]},"T7o":{"weight":0.0,"played":[3.0E-4,0.9997],"evs":[0.0,1.09064]},"J7o":{"weight":0.0,"played":[0.0018,0.9982],"evs":[0.0,1.08796]},"Q7o":{"weight":0.0,"played":[5.0E-4,0.9995],"evs":[0.0,1.16971]},"K7o":{"weight":0.0,"played":[0.0,1.0],"evs":[0.0,1.80276]},"A7o":{"weight":0.0,"played":[1.0E-4,0.9999],"evs":[0.0,1.29129]},"82s":{"weight":0.0,"played":[0.0838,0.9162],"evs":[0.0,1.41185]},"83s":{"weight":0.0,"played":[0.0134,0.9866],"evs":[0.0,0.67642]},"84s":{"weight":0.0,"played":[0.0058,0.9942],"evs":[0.0,1.87558]},"85s":{"weight":0.0,"played":[1.0E-4,0.9999],"evs":[0.0,0.57179]},"86s":{"weight":0.0,"played":[0.0019,0.9981],"evs":[0.0,2.08109]},"87s":{"weight":0.0,"played":[0.006,0.994],"evs":[0.0,1.79155]},"88":{"weight":0.0061,"played":[0.0,1.0],"evs":[0.0,3.70741]},"98o":{"weight":0.0,"played":[0.0016,0.9984],"evs":[0.0,1.72654]},"T8o":{"weight":0.0,"played":[6.0E-4,0.9994],"evs":[0.0,1.19112]},"J8o":{"weight":0.0,"played":[0.0016,0.9984],"evs":[0.0,1.07346]},"Q8o":{"weight":0.0,"played":[0.0024,0.9976],"evs":[0.0,1.52504]},"K8o":{"weight":0.0,"played":[2.0E-4,0.9998],"evs":[0.0,0.9519]},"A8o":{"weight":7.0E-4,"played":[0.0,1.0],"evs":[0.0,1.30104]},"92s":{"weight":0.0,"played":[0.0567,0.9433],"evs":[0.0,0.32663]},"93s":{"weight":0.0,"played":[0.0298,0.9702],"evs":[0.0,0.6404]},"94s":{"weight":0.0,"played":[7.0E-4,0.9993],"evs":[0.0,0.72051]},"95s":{"weight":0.0,"played":[0.004,0.996],"evs":[0.0,0.80054]},"96s":{"weight":0.0,"played":[2.0E-4,0.9998],"evs":[0.0,1.43948]},"97s":{"weight":0.0,"played":[3.0E-4,0.9997],"evs":[0.0,0.87134]},"98s":{"weight":0.0,"played":[0.0046,0.9954],"evs":[0.0,3.00085]},"99":{"weight":4.0E-4,"played":[0.0,1.0],"evs":[0.0,4.14586]},"T9o":{"weight":0.0,"played":[0.0,1.0],"evs":[0.0,1.94042]},"J9o":{"weight":0.0,"played":[7.0E-4,0.9993],"evs":[0.0,1.75734]},"Q9o":{"weight":0.0,"played":[0.0,1.0],"evs":[0.0,1.19313]},"K9o":{"weight":0.0,"played":[0.0,1.0],"evs":[0.0,1.86389]},"A9o":{"weight":0.0,"played":[1.0E-4,0.9999],"evs":[0.0,0.84797]},"T2s":{"weight":0.0,"played":[0.0409,0.9591],"evs":[0.0,1.20461]},"T3s":{"weight":0.0,"played":[0.0387,0.9613],"evs":[0.0,1.11376]},"T4s":{"weight":0.0,"played":[0.0,1.0],"evs":[0.0,1.08033]},"T5s":{"weight":0.0,"played":[0.1893,0.8107],"evs":[0.0,0.99692]},"T6s":{"weight":0.0,"played":[6.0E-4,0.9994],"evs":[0.0,1.44335]},"T7s":{"weight":0.0,"played":[0.0317,0.9683],"evs":[0.0,1.48442]},"T8s":{"weight":0.0,"played":[0.0281,0.9719],"evs":[0.0,1.93741]},"T9s":{"weight":0.0,"played":[2.0E-4,0.9998],"evs":[0.0,3.06485]},"TT":{"weight":0.0101,"played":[0.0,1.0],"evs":[0.0,4.87034]},"JTo":{"weight":0.0,"played":[0.0,1.0],"evs":[0.0,2.01403]},"QTo":{"weight":0.0,"played":[1.0E-4,0.9999],"evs":[0.0,1.86874]},"KTo":{"weight":1.0E-4,"played":[0.0,1.0],"evs":[0.0,1.86572]},"ATo":{"weight":0.0,"played":[1.0E-4,0.9999],"evs":[0.0,2.36459]},"J2s":{"weight":0.0,"played":[0.0043,0.9957],"evs":[0.0,1.76645]},"J3s":{"weight":0.0,"played":[0.0083,0.9917],"evs":[0.0,0.5966]},"J4s":{"weight":0.0,"played":[6.0E-4,0.9994],"evs":[0.0,0.90102]},"J5s":{"weight":0.0,"played":[0.0298,0.9702],"evs":[0.0,0.25517]},"J6s":{"weight":0.0,"played":[2.0E-4,0.9998],"evs":[0.0,0.48536]},"J7s":{"weight":0.0,"played":[0.0014,0.9986],"evs":[0.0,1.40915]},"J8s":{"weight":0.0,"played":[5.0E-4,0.9995],"evs":[0.0,2.94991]},"J9s":{"weight":0.0,"played":[7.0E-4,0.9993],"evs":[0.0,1.23153]},"JTs":{"weight":2.0E-4,"played":[7.0E-4,0.9993],"evs":[0.0,2.76269]},"JJ":{"weight":0.0028,"played":[0.0,1.0],"evs":[0.0,6.21399]},"QJo":{"weight":2.0E-4,"played":[0.0,1.0],"evs":[0.0,2.09375]},"KJo":{"weight":6.0E-4,"played":[0.0,1.0],"evs":[0.0,1.87281]},"AJo":{"weight":2.0E-4,"played":[0.0,1.0],"evs":[0.0,3.09217]},"Q2s":{"weight":0.0,"played":[4.0E-4,0.9996],"evs":[0.0,1.33522]},"Q3s":{"weight":0.0,"played":[1.0E-4,0.9999],"evs":[0.0,1.46174]},"Q4s":{"weight":0.0,"played":[0.0,1.0],"evs":[0.0,2.06535]},"Q5s":{"weight":0.0,"played":[3.0E-4,0.9997],"evs":[0.0,1.33901]},"Q6s":{"weight":0.0,"played":[4.0E-4,0.9996],"evs":[0.0,1.32839]},"Q7s":{"weight":0.0,"played":[0.027,0.973],"evs":[0.0,1.76921]},"Q8s":{"weight":0.0,"played":[4.0E-4,0.9996],"evs":[0.0,2.23364]},"Q9s":{"weight":2.0E-4,"played":[0.0,1.0],"evs":[0.0,2.08129]},"QTs":{"weight":0.003,"played":[0.0039,0.9961],"evs":[0.0,4.03386]},"QJs":{"weight":0.8212,"played":[1.0E-4,0.9999],"evs":[0.0,3.03535]},"QQ":{"weight":2.0E-4,"played":[0.0,1.0],"evs":[0.0,6.67086]},"KQo":{"weight":8.0E-4,"played":[0.0,1.0],"evs":[0.0,3.01148]},"AQo":{"weight":0.0017,"played":[0.0,1.0],"evs":[0.0,3.62782]},"K2s":{"weight":0.0,"played":[5.0E-4,0.9995],"evs":[0.0,1.74776]},"K3s":{"weight":0.0,"played":[0.0066,0.9934],"evs":[0.0,1.72096]},"K4s":{"weight":0.0,"played":[0.0,1.0],"evs":[0.0,1.22016]},"K5s":{"weight":0.0,"played":[0.0091,0.9909],"evs":[0.0,1.8975]},"K6s":{"weight":0.0,"played":[0.0835,0.9165],"evs":[0.0,1.32781]},"K7s":{"weight":0.0,"played":[0.0092,0.9908],"evs":[0.0,2.00626]},"K8s":{"weight":0.0,"played":[1.0E-4,0.9999],"evs":[0.0,1.85251]},"K9s":{"weight":7.0E-4,"played":[0.0,1.0],"evs":[0.0,2.60928]},"KTs":{"weight":0.5555,"played":[1.0E-4,0.9999],"evs":[0.0,2.63156]},"KJs":{"weight":0.0045,"played":[0.0,1.0],"evs":[0.0,3.02667]},"KQs":{"weight":0.01,"played":[0.0,1.0],"evs":[0.0,3.80085]},"KK":{"weight":0.0,"played":[1.0E-4,0.9999],"evs":[0.0,9.26559]},"AKo":{"weight":3.0E-4,"played":[0.0,1.0],"evs":[0.0,4.58447]},"A2s":{"weight":4.0E-4,"played":[0.0056,0.9944],"evs":[0.0,1.40545]},"A3s":{"weight":0.0154,"played":[0.0,1.0],"evs":[0.0,1.49427]},"A4s":{"weight":0.1112,"played":[0.1004,0.8996],"evs":[0.0,1.72629]},"A5s":{"weight":0.309,"played":[1.0E-4,0.9999],"evs":[0.0,1.97967]},"A6s":{"weight":0.0369,"played":[0.0124,0.9876],"evs":[0.0,0.81448]},"A7s":{"weight":0.0015,"played":[0.0752,0.9248],"evs":[0.0,2.30393]},"A8s":{"weight":5.0E-4,"played":[3.0E-4,0.9997],"evs":[0.0,1.81147]},"A9s":{"weight":2.0E-4,"played":[1.0E-4,0.9999],"evs":[0.0,1.88089]},"ATs":{"weight":9.0E-4,"played":[0.0082,0.9918],"evs":[0.0,3.32212]},"AJs":{"weight":0.0025,"played":[1.0E-4,0.9999],"evs":[0.0,4.377]},"AQs":{"weight":0.0512,"played":[2.0E-4,0.9998],"evs":[0.0,4.85247]},"AKs":{"weight":0.124,"played":[2.0E-4,0.9998],"evs":[0.0,5.23931]},"AA":{"weight":0.2648,"played":[0.0,1.0],"evs":[0.0,9.92952]}}}