{"player":0,"street":0,"children":2,"sequence":[{"player":0,"type":"R","amount":200000,"street":0},{"player":1,"type":"C","amount":200000,"street":0},{"player":2,"type":"R","amount":1295000,"street":0},{"player":3,"type":"R","amount":2575000,"street":0},{"player":4,"type":"F","amount":0,"street":0}],"actions":[{"type":"F","amount":0,"node":129},{"type":"C","amount":965000,"node":130}],"hands":{"22":{"weight":0.3426,"played":[0.7036,0.2964],"evs":[0.0,0.0567]},"32o":{"weight":0.0,"played":[0.9998,2.0E-4],"evs":[0.0,-3.15659]},"42o":{"weight":0.0,"played":[1.0,0.0],"evs":[0.0,-2.50197]},"52o":{"weight":0.0,"played":[0.9963,0.0037],"evs":[0.0,-2.86443]},"62o":{"weight":0.0,"played":[0.9984,0.0016],"evs":[0.0,-1.6694]},"72o":{"weight":0.0,"played":[0.9936,0.0064],"evs":[0.0,-3.42668]},"82o":{"weight":0.0,"played":[0.9999,1.0E-4],"evs":[0.0,-3.01178]},"92o":{"weight":0.0,"played":[1.0,0.0],"evs":[0.0,-3.23562]},"T2o":{"weight":0.0,"played":[0.9998,2.0E-4],"evs":[0.0,-3.71353]},"J2o":{"weight":0.0,"played":[0.9985,0.0015],"evs":[0.0,-2.92882]},"Q2o":{"weight":0.0,"played":[0.9962,0.0038],"evs":[0.0,-3.01528]},"K2o":{"weight":0.0,"played":[0.997,0.003],"evs":[0.0,-3.56397]},"A2o":{"weight":0.0,"played":[0.9722,0.0278],"evs":[0.0,-2.59201]},"32s":{"weight":0.0,"played":[0.8418,0.1582],"evs":[0.0,-1.89114]},"33":{"weight":0.0312,"played":[0.822,0.178],"evs":[0.0,-0.38303]},"43o":{"weight":0.0,"played":[0.9968,0.0032],"evs":[0.0,-2.04999]},"53o":{"weight":0.0,"played":[1.0,0.0],"evs":[0.0,-1.09724]},"63o":{"weight":0.0,"played":[0.9995,5.0E-4],"evs":[0.0,-1.97416]},"73o":{"weight":0.0,"played":[0.9989,0.0011],"evs":[0.0,-2.72982]},"83o":{"weight":0.0,"played":[0.9987,0.0013],"evs":[0.0,-3.43996]},"93o":{"weight":0.0,"played":[0.9991,9.0E-4],"evs":[0.0,-3.41818]},"T3o":{"weight":0.0,"played":[0.9942,0.0058],"evs":[0.0,-3.22368]},"J3o":{"weight":0.0,"played":[0.9981,0.0019],"evs":[0.0,-2.20007]},"Q3o":{"weight":0.0,"played":[0.9999,1.0E-4],"evs":[0.0,-2.71918]},"K3o":{"weight":0.0,"played":[0.9914,0.0086],"evs":[0.0,-2.70492]},"A3o":{"weight":0.0,"played":[0.9872,0.0128],"evs":[0.0,-2.38146]},"42s":{"weight":0.0,"played":[0.327,0.673],"evs":[0.0,0.57497]},"43s":{"weight":0.0,"played":[0.9852,0.0148],"evs":[0.0,-1.38985]},"44":{"weight":0.0,"played":[0.0528,0.9472],"evs":[0.0,0.12366]},"54o":{"weight":0.0,"played":[0.9989,0.0011],"evs":[0.0,-1.76852]},"64o":{"weight":0.0,"played":[0.9851,0.0149],"evs":[0.0,-0.92002]},"74o":{"weight":0.0,"played":[0.9904,0.0096],"evs":[0.0,-2.34325]},"84o":{"weight":0.0,"played":[1.0,0.0],"evs":[0.0,-2.45032]},"94o":{"weight":0.0,"played":[0.9988,0.0012],"evs":[0.0,-2.87373]},"T4o":{"weight":0.0,"played":[0.999,0.001],"evs":[0.0,-3.01034]},"J4o":{"weight":0.0,"played":[0.9889,0.0111],"evs":[0.0,-3.05398]},"Q4o":{"weight":0.0,"played":[1.0,0.0],"evs":[0.0,-2.54888]},"K4o":{"weight":0.0,"played":[0.997,0.003],"evs":[0.0,-2.30194]},"A4o":{"weight":0.0917,"played":[0.9551,0.0449],"evs":[0.0,-1.79874]},"52s":{"weight":0.0,"played":[0.8253,0.1747],"evs":[0.0,-2.00271]},"53s":{"weight":0.0,"played":[0.3207,0.6793],"evs":[0.0,1.75126]},"54s":{"weight":0.0,"played":[0.7708,0.2292],"evs":[0.0,-0.07375]},"55":{"weight":0.0,"played":[4.0E-4,0.9996],"evs":[0.0,0.97478]},"65o":{"weight":0.0,"played":[0.7423,0.2577],"evs":[0.0,-0.33739]},"75o":{"weight":0.0,"played":[0.9811,0.0189],"evs":[0.0,-1.19336]},"85o":{"weight":0.0,"played":[0.9591,0.0409],"evs":[0.0,-1.25366]},"95o":{"weight":0.0,"played":[0.9966,0.0034],"evs":[0.0,-1.54975]},"T5o":{"weight":0.0,"played":[0.9993,7.0E-4],"evs":[0.0,-2.54646]},"J5o":{"weight":0.0,"played":[0.9999,1.0E-4],"evs":[0.0,-2.05258]},"Q5o":{"weight":0.0,"played":[0.9996,4.0E-4],"evs":[0.0,-2.14043]},"K5o":{"weight":0.0,"played":[0.9999,1.0E-4],"evs":[0.0,-1.6476]},"A5o":{"weight":0.1138,"played":[0.9571,0.0429],"evs":[0.0,-1.58973]},"62s":{"weight":0.0,"played":[0.4582,0.5418],"evs":[0.0,-0.44981]},"63s":{"weight":0.0,"played":[0.9681,0.0319],"evs":[0.0,-2.58363]},"64s":{"weight":0.0,"played":[0.7178,0.2822],"evs":[0.0,0.28254]},"65s":{"weight":0.0,"played":[0.2852,0.7148],"evs":[0.0,1.18324]},"66":{"weight":0.0,"played":[6.0E-4,0.9994],"evs":[0.0,2.82106]},"76o":{"weight":0.0,"played":[0.9232,0.0768],"evs":[0.0,-1.0029]},"86o":{"weight":0.0,"played":[0.9651,0.0349],"evs":[0.0,-0.59937]},"96o":{"weight":0.0,"played":[0.9907,0.0093],"evs":[0.0,-1.42916]},"T6o":{"weight":0.0,"played":[0.9774,0.0226],"evs":[0.0,-2.70643]},"J6o":{"weight":0.0,"played":[0.9853,0.0147],"evs":[0.0,-2.43527]},"Q6o":{"weight":0.0,"played":[0.9996,4.0E-4],"evs":[0.0,-1.13545]},"K6o":{"weight":0.0,"played":[0.9775,0.0225],"evs":[0.0,-2.29094]},"A6o":{"weight":0.3798,"played":[0.987,0.013],"evs":[0.0,-1.38049]},"72s":{"weight":0.0,"played":[0.9942,0.0058],"evs":[0.0,-1.08868]},"73s":{"weight":0.0,"played":[0.3596,0.6404],"evs":[0.0,-0.64147]},"74s":{"weight":0.0,"played":[0.5089,0.4911],"evs":[0.0,-1.25178]},"75s":{"weight":0.0,"played":[0.6721,0.3279],"evs":[0.0,0.07319]},"76s":{"weight":0.0,"played":[0.1592,0.8408],"evs":[0.0,0.62282]},"77":{"weight":0.0,"played":[0.0,1.0],"evs":[0.0,4.30306]},"87o":{"weight":0.0,"played":[0.7867,0.2133],"evs":[0.0,-0.14222]},"97o":{"weight":0.0,"played":[0.9997,3.0E-4],"evs":[0.0,-1.68158]},"T7o":{"weight":0.0,"played":[0.9897,0.0103],"evs":[0.0,-1.13672]},"J7o":{"weight":0.0,"played":[0.9988,0.0012],"evs":[0.0,-2.20031]},"Q7o":{"weight":0.0,"played":[0.9961,0.0039],"evs":[0.0,-1.61342]},"K7o":{"weight":0.0,"played":[0.9709,0.0291],"evs":[0.0,-2.67136]},"A7o":{"weight":0.0749,"played":[0.9029,0.0971],"evs":[0.0,-1.72415]},"82s":{"weight":0.0,"played":[0.9323,0.0677],"evs":[0.0,-1.27714]},"83s":{"weight":0.0,"played":[0.9658,0.0342],"evs":[0.0,-1.5158]},"84s":{"weight":0.0,"played":[0.8399,0.1601],"evs":[0.0,0.23136]},"85s":{"weight":0.0,"played":[0.5803,0.4197],"evs":[0.0,-0.33595]},"86s":{"weight":0.0,"played":[0.0275,0.9725],"evs":[0.0,1.31547]},"87s":{"weight":0.0,"played":[0.4435,0.5565],"evs":[0.0,0.29366]},"88":{"weight":0.0352,"played":[0.0,1.0],"evs":[0.0,3.59429]},"98o":{"weight":0.0,"played":[0.8811,0.1189],"evs":[0.0,-1.2176]},"T8o":{"weight":0.0,"played":[0.8873,0.1127],"evs":[0.0,-1.61336]},"J8o":{"weight":0.0,"played":[0.9868,0.0132],"evs":[0.0,-0.82674]},"Q8o":{"weight":0.0,"played":[0.9975,0.0025],"evs":[0.0,-1.49995]},"K8o":{"weight":0.0,"played":[0.9989,0.0011],"evs":[0.0,-1.39123]},"A8o":{"weight":0.0398,"played":[0.5969,0.4031],"evs":[0.0,-0.68387]},"92s":{"weight":0.0,"played":[0.8727,0.1273],"evs":[0.0,-1.53981]},"93s":{"weight":0.0,"played":[0.4106,0.5894],"evs":[0.0,0.27535]},"94s":{"weight":0.0,"played":[0.9991,9.0E-4],"evs":[0.0,-2.30442]},"95s":{"weight":0.0,"played":[0.9099,0.0901],"evs":[0.0,-0.96294]},"96s":{"weight":0.0,"played":[0.3628,0.6372],"evs":[0.0,-1.12062]},"97s":{"weight":0.0,"played":[0.3566,0.6434],"evs":[0.0,0.81339]},"98s":{"weight":0.0184,"played":[0.0341,0.9659],"evs":[0.0,1.3001]},"99":{"weight":0.0633,"played":[0.0,1.0],"evs":[0.0,4.09971]},"T9o":{"weight":0.0,"played":[0.91,0.09],"evs":[0.0,-1.07958]},"J9o":{"weight":0.0,"played":[0.9416,0.0584],"evs":[0.0,-0.35372]},"Q9o":{"weight":0.0,"played":[0.9592,0.0408],"evs":[0.0,-0.52891]},"K9o":{"weight":0.0,"played":[0.8724,0.1276],"evs":[0.0,-0.96079]},"A9o":{"weight":0.0497,"played":[0.5699,0.4301],"evs":[0.0,-0.34219]},"T2s":{"weight":0.0,"played":[0.8669,0.1331],"evs":[0.0,-0.99708]},"T3s":{"weight":0.0,"played":[0.8674,0.1326],"evs":[0.0,-0.46841]},"T4s":{"weight":0.0,"played":[0.9285,0.0715],"evs":[0.0,-0.10506]},"T5s":{"weight":0.0,"played":[0.9414,0.0586],"evs":[0.0,-1.18175]},"T6s":{"weight":0.0,"played":[0.8625,0.1375],"evs":[0.0,-0.31655]},"T7s":{"weight":0.0,"played":[0.001,0.999],"evs":[0.0,0.56818]},"T8s":{"weight":0.0012,"played":[0.1198,0.8802],"evs":[0.0,0.83485]},"T9s":{"weight":0.0742,"played":[0.0083,0.9917],"evs":[0.0,1.57155]},"TT":{"weight":0.36,"played":[0.0,1.0],"evs":[0.0,5.80159]},"JTo":{"weight":0.0543,"played":[0.5424,0.4576],"evs":[0.0,0.07992]},"QTo":{"weight":0.0263,"played":[0.8671,0.1329],"evs":[0.0,-1.0222]},"KTo":{"weight":0.3486,"played":[0.7353,0.2647],"evs":[0.0,-0.61425]},"ATo":{"weight":0.0,"played":[1.0E-4,0.9999],"evs":[0.0,0.05679]},"J2s":{"weight":0.0,"played":[0.9701,0.0299],"evs":[0.0,-2.86786]},"J3s":{"weight":0.0,"played":[0.7459,0.2541],"evs":[0.0,-0.99738]},"J4s":{"weight":0.0,"played":[0.6876,0.3124],"evs":[0.0,-0.26691]},"J5s":{"weight":0.0,"played":[0.8448,0.1552],"evs":[0.0,-0.85975]},"J6s":{"weight":0.0,"played":[0.8989,0.1011],"evs":[0.0,-1.74596]},"J7s":{"weight":0.0,"played":[0.7582,0.2418],"evs":[0.0,-0.86559]},"J8s":{"weight":1.0E-4,"played":[0.0806,0.9194],"evs":[0.0,0.60711]},"J9s":{"weight":0.6265,"played":[0.0157,0.9843],"evs":[0.0,1.09573]},"JTs":{"weight":0.0015,"played":[0.0012,0.9988],"evs":[0.0,2.24994]},"JJ":{"weight":0.1825,"played":[0.0,1.0],"evs":[0.0,7.73748]},"QJo":{"weight":0.1907,"played":[0.3851,0.6149],"evs":[0.0,0.04672]},"KJo":{"weight":0.0,"played":[5.0E-4,0.9995],"evs":[0.0,0.56991]},"AJo":{"weight":0.0,"played":[0.0,1.0],"evs":[0.0,2.4516]},"Q2s":{"weight":0.0,"played":[0.6584,0.3416],"evs":[0.0,0.66176]},"Q3s":{"weight":0.0,"played":[0.4499,0.5501],"evs":[0.0,0.37337]},"Q4s":{"weight":0.0,"played":[0.9966,0.0034],"evs":[0.0,-2.69915]},"Q5s":{"weight":0.0,"played":[0.7368,0.2632],"evs":[0.0,-0.39163]},"Q6s":{"weight":0.0,"played":[0.1754,0.8246],"evs":[0.0,-0.33091]},"Q7s":{"weight":0.0,"played":[0.8975,0.1025],"evs":[0.0,-0.4722]},"Q8s":{"weight":0.0,"played":[0.0133,0.9867],"evs":[0.0,1.77911]},"Q9s":{"weight":0.377,"played":[0.2186,0.7814],"evs":[0.0,0.24955]},"QTs":{"weight":0.0,"played":[4.0E-4,0.9996],"evs":[0.0,1.72282]},"QJs":{"weight":0.0,"played":[0.0368,0.9632],"evs":[0.0,1.24924]},"QQ":{"weight":0.0769,"played":[0.0,1.0],"evs":[0.0,10.51084]},"KQo":{"weight":0.0,"played":[0.0,1.0],"evs":[0.0,1.76197]},"AQo":{"weight":0.0,"played":[6.0E-4,0.9994],"evs":[0.0,3.79145]},"K2s":{"weight":0.0,"played":[0.8457,0.1543],"evs":[0.0,-0.72971]},"K3s":{"weight":0.0,"played":[0.9914,0.0086],"evs":[0.0,-2.11573]},"K4s":{"weight":0.0,"played":[0.7335,0.2665],"evs":[0.0,-0.86511]},"K5s":{"weight":0.0,"played":[0.6304,0.3696],"evs":[0.0,0.09851]},"K6s":{"weight":0.0,"played":[0.7789,0.2211],"evs":[0.0,-1.23166]},"K7s":{"weight":4.0E-4,"played":[0.5045,0.4955],"evs":[0.0,-0.61097]},"K8s":{"weight":0.3865,"played":[0.6351,0.3649],"evs":[0.0,-0.17377]},"K9s":{"weight":5.0E-4,"played":[0.0816,0.9184],"evs":[0.0,0.94378]},"KTs":{"weight":0.0,"played":[0.0,1.0],"evs":[0.0,2.16144]},"KJs":{"weight":1.0E-4,"played":[0.0023,0.9977],"evs":[0.0,2.37871]},"KQs":{"weight":0.0,"played":[0.0153,0.9847],"evs":[0.0,2.96949]},"KK":{"weight":0.3616,"played":[0.0,1.0],"evs":[0.0,12.76308]},"AKo":{"weight":1.0E-4,"played":[0.0,1.0],"evs":[0.0,3.71784]},"A2s":{"weight":0.0,"played":[0.6533,0.3467],"evs":[0.0,-0.255]},"A3s":{"weight":0.0,"played":[0.5114,0.4886],"evs":[0.0,-0.58284]},"A4s":{"weight":0.0,"played":[0.0869,0.9131],"evs":[0.0,0.69442]},"A5s":{"weight":0.0,"played":[0.7784,0.2216],"evs":[0.0,-1.51654]},"A6s":{"weight":0.0,"played":[0.67,0.33],"evs":[0.0,-0.55002]},"A7s":{"weight":0.0,"played":[0.1169,0.8831],"evs":[0.0,0.08617]},"A8s":{"weight":0.0,"played":[0.3096,0.6904],"evs":[0.0,0.95162]},"A9s":{"weight":0.0,"played":[0.6314,0.3686],"evs":[0.0,-0.22263]},"ATs":{"weight":0.0,"played":[0.0264,0.9736],"evs":[0.0,0.49802]},"AJs":{"weight":0.0,"played":[8.0E-4,0.9992],"evs":[0.0,2.66004]},"AQs":{"weight":2.0E-4,"played":[5.0E-4,0.9995],"evs":[0.0,3.91597]},"AKs":{"weight":0.0374,"played":[2.0E-4,0.9998],"evs":[0.0,5.27893]},"AA":{"weight":1.0,"played":[0.0,1.0],"evs":[0.0,18.60757]}}}