{"player":1,"street":0,"children":2,"sequence":[{"player":0,"type":"R","amount":200000,"street":0},{"player":1,"type":"C","amount":200000,"street":0},{"player":2,"type":"R","amount":1295000,"street":0},{"player":3,"type":"R","amount":2575000,"street":0},{"player":4,"type":"C","amount":2475000,"street":0},{"player":0,"type":"C","amount":965000,"street":0}],"actions":[{"type":"F","amount":0},{"type":"C","amount":375000}],"hands":{"22":{"weight":0.0,"played":[0.0687,0.9313],"evs":[0.0,0.62873]},"32o":{"weight":0.0,"played":[0.9982,0.0018],"evs":[0.0,-0.65187]},"42o":{"weight":0.0,"played":[0.9053,0.0947],"evs":[0.0,-0.27858]},"52o":{"weight":0.0,"played":[0.9235,0.0765],"evs":[0.0,0.00579]},"62o":{"weight":0.0,"played":[0.5728,0.4272],"evs":[0.0,-0.20905]},"72o":{"weight":0.0,"played":[0.9914,0.0086],"evs":[0.0,-0.55946]},"82o":{"weight":0.0,"played":[0.9776,0.0224],"evs":[0.0,-0.92547]},"92o":{"weight":0.0,"played":[0.9983,0.0017],"evs":[0.0,-0.89209]},"T2o":{"weight":0.0,"played":[0.9999,1.0E-4],"evs":[0.0,-0.91181]},"J2o":{"weight":0.0,"played":[0.891,0.109],"evs":[0.0,-1.01]},"Q2o":{"weight":0.0,"played":[0.987,0.013],"evs":[0.0,-0.5473]},"K2o":{"weight":0.0,"played":[0.9734,0.0266],"evs":[0.0,-1.35198]},"A2o":{"weight":0.0,"played":[0.8354,0.1646],"evs":[0.0,-0.23808]},"32s":{"weight":0.0,"played":[0.8404,0.1596],"evs":[0.0,-0.83233]},"33":{"weight":0.0,"played":[0.0661,0.9339],"evs":[0.0,0.70418]},"43o":{"weight":0.0,"played":[0.0027,0.9973],"evs":[0.0,0.75657]},"53o":{"weight":0.0,"played":[0.9397,0.0603],"evs":[0.0,-0.14281]},"63o":{"weight":0.0,"played":[0.0342,0.9658],"evs":[0.0,0.34081]},"73o":{"weight":0.0,"played":[0.994,0.006],"evs":[0.0,-0.46141]},"83o":{"weight":0.0,"played":[0.7092,0.2908],"evs":[0.0,-0.58463]},"93o":{"weight":0.0,"played":[0.9981,0.0019],"evs":[0.0,-1.01403]},"T3o":{"weight":0.0,"played":[0.9967,0.0033],"evs":[0.0,-1.34641]},"J3o":{"weight":0.0,"played":[0.9644,0.0356],"evs":[0.0,-0.69537]},"Q3o":{"weight":0.0,"played":[1.0,0.0],"evs":[0.0,-1.06806]},"K3o":{"weight":0.0,"played":[0.9876,0.0124],"evs":[0.0,-0.66033]},"A3o":{"weight":0.0,"played":[0.6154,0.3846],"evs":[0.0,-0.20002]},"42s":{"weight":0.0,"played":[0.0065,0.9935],"evs":[0.0,0.88797]},"43s":{"weight":0.0,"played":[0.0872,0.9128],"evs":[0.0,1.28514]},"44":{"weight":0.0,"played":[0.0106,0.9894],"evs":[0.0,1.7233]},"54o":{"weight":0.0,"played":[0.0265,0.9735],"evs":[0.0,0.11512]},"64o":{"weight":0.0,"played":[0.0683,0.9317],"evs":[0.0,0.56605]},"74o":{"weight":0.0,"played":[0.0691,0.9309],"evs":[0.0,0.43014]},"84o":{"weight":0.0,"played":[0.9719,0.0281],"evs":[0.0,-0.83552]},"94o":{"weight":0.0,"played":[0.9994,6.0E-4],"evs":[0.0,-0.47729]},"T4o":{"weight":0.0,"played":[0.9974,0.0026],"evs":[0.0,-0.9558]},"J4o":{"weight":0.0,"played":[0.8808,0.1192],"evs":[0.0,-0.40507]},"Q4o":{"weight":0.0,"played":[0.9895,0.0105],"evs":[0.0,-0.73928]},"K4o":{"weight":0.0,"played":[0.9727,0.0273],"evs":[0.0,-0.57792]},"A4o":{"weight":0.0,"played":[0.2634,0.7366],"evs":[0.0,0.04541]},"52s":{"weight":0.0,"played":[5.0E-4,0.9995],"evs":[0.0,1.38114]},"53s":{"weight":0.0,"played":[0.3427,0.6573],"evs":[0.0,0.48396]},"54s":{"weight":0.0,"played":[0.0051,0.9949],"evs":[0.0,2.22355]},"55":{"weight":0.001,"played":[0.0078,0.9922],"evs":[0.0,1.14656]},"65o":{"weight":0.0,"played":[0.0117,0.9883],"evs":[0.0,0.9092]},"75o":{"weight":0.0,"played":[0.148,0.852],"evs":[0.0,0.59088]},"85o":{"weight":0.0,"played":[0.3604,0.6396],"evs":[0.0,0.09544]},"95o":{"weight":0.0,"played":[0.5569,0.4431],"evs":[0.0,-0.35006]},"T5o":{"weight":0.0,"played":[0.9999,1.0E-4],"evs":[0.0,-0.91359]},"J5o":{"weight":0.0,"played":[0.9906,0.0094],"evs":[0.0,-0.9817]},"Q5o":{"weight":0.0,"played":[0.9201,0.0799],"evs":[0.0,-0.58054]},"K5o":{"weight":0.0,"played":[0.9606,0.0394],"evs":[0.0,-0.87174]},"A5o":{"weight":0.0,"played":[0.0499,0.9501],"evs":[0.0,0.58524]},"62s":{"weight":0.0,"played":[0.0927,0.9073],"evs":[0.0,0.66444]},"63s":{"weight":0.0,"played":[0.1026,0.8974],"evs":[0.0,0.62401]},"64s":{"weight":0.0,"played":[0.0016,0.9984],"evs":[0.0,1.19605]},"65s":{"weight":0.0,"played":[0.0,1.0],"evs":[0.0,1.98492]},"66":{"weight":0.4056,"played":[0.0019,0.9981],"evs":[0.0,1.61371]},"76o":{"weight":0.0,"played":[0.009,0.991],"evs":[0.0,1.06917]},"86o":{"weight":0.0,"played":[0.1009,0.8991],"evs":[0.0,0.11834]},"96o":{"weight":0.0,"played":[0.0044,0.9956],"evs":[0.0,0.22752]},"T6o":{"weight":0.0,"played":[0.9725,0.0275],"evs":[0.0,-0.64104]},"J6o":{"weight":0.0,"played":[0.8039,0.1961],"evs":[0.0,-0.46791]},"Q6o":{"weight":0.0,"played":[0.9954,0.0046],"evs":[0.0,-0.81695]},"K6o":{"weight":0.0,"played":[0.4042,0.5958],"evs":[0.0,0.05065]},"A6o":{"weight":0.0,"played":[0.2503,0.7497],"evs":[0.0,0.02676]},"72s":{"weight":0.0,"played":[0.3086,0.6914],"evs":[0.0,0.17984]},"73s":{"weight":0.0,"played":[0.643,0.357],"evs":[0.0,-0.04181]},"74s":{"weight":0.0,"played":[2.0E-4,0.9998],"evs":[0.0,1.32239]},"75s":{"weight":0.0,"played":[0.0315,0.9685],"evs":[0.0,1.7143]},"76s":{"weight":0.0,"played":[0.0095,0.9905],"evs":[0.0,1.76621]},"77":{"weight":0.2444,"played":[6.0E-4,0.9994],"evs":[0.0,1.77389]},"87o":{"weight":0.0,"played":[4.0E-4,0.9996],"evs":[0.0,0.75463]},"97o":{"weight":0.0,"played":[0.7408,0.2592],"evs":[0.0,-0.07532]},"T7o":{"weight":0.0,"played":[0.7751,0.2249],"evs":[0.0,-0.10432]},"J7o":{"weight":0.0,"played":[0.7513,0.2487],"evs":[0.0,-0.31075]},"Q7o":{"weight":0.0,"played":[0.6545,0.3455],"evs":[0.0,-0.20997]},"K7o":{"weight":0.0,"played":[0.9755,0.0245],"evs":[0.0,-0.61062]},"A7o":{"weight":0.0,"played":[0.4395,0.5605],"evs":[0.0,-0.36397]},"82s":{"weight":0.0,"played":[0.8669,0.1331],"evs":[0.0,-0.20957]},"83s":{"weight":0.0,"played":[0.2398,0.7602],"evs":[0.0,-0.11524]},"84s":{"weight":0.0,"played":[0.016,0.984],"evs":[0.0,1.68254]},"85s":{"weight":0.0,"played":[0.0054,0.9946],"evs":[0.0,2.20803]},"86s":{"weight":0.0,"played":[0.0038,0.9962],"evs":[0.0,1.52681]},"87s":{"weight":0.0,"played":[0.0062,0.9938],"evs":[0.0,3.55735]},"88":{"weight":0.0061,"played":[4.0E-4,0.9996],"evs":[0.0,2.23047]},"98o":{"weight":0.0,"played":[0.8631,0.1369],"evs":[0.0,-0.05523]},"T8o":{"weight":0.0,"played":[0.0,1.0],"evs":[0.0,0.54925]},"J8o":{"weight":0.0,"played":[0.8284,0.1716],"evs":[0.0,-0.29469]},"Q8o":{"weight":0.0,"played":[0.9725,0.0275],"evs":[0.0,-0.4947]},"K8o":{"weight":0.0,"played":[0.9317,0.0683],"evs":[0.0,-0.54304]},"A8o":{"weight":7.0E-4,"played":[0.0115,0.9885],"evs":[0.0,0.26634]},"92s":{"weight":0.0,"played":[0.1513,0.8487],"evs":[0.0,-0.21266]},"93s":{"weight":0.0,"played":[0.8794,0.1206],"evs":[0.0,-0.40085]},"94s":{"weight":0.0,"played":[0.6046,0.3954],"evs":[0.0,-0.44595]},"95s":{"weight":0.0,"played":[0.1215,0.8785],"evs":[0.0,0.94341]},"96s":{"weight":0.0,"played":[0.0417,0.9583],"evs":[0.0,0.60009]},"97s":{"weight":0.0,"played":[0.0495,0.9505],"evs":[0.0,1.26509]},"98s":{"weight":0.0,"played":[0.0105,0.9895],"evs":[0.0,2.52173]},"99":{"weight":4.0E-4,"played":[2.0E-4,0.9998],"evs":[0.0,1.97543]},"T9o":{"weight":0.0,"played":[0.5633,0.4367],"evs":[0.0,0.20581]},"J9o":{"weight":0.0,"played":[0.8403,0.1597],"evs":[0.0,-0.14208]},"Q9o":{"weight":0.0,"played":[0.2289,0.7711],"evs":[0.0,-0.02336]},"K9o":{"weight":0.0,"played":[0.8893,0.1107],"evs":[0.0,0.08069]},"A9o":{"weight":0.0,"played":[0.8064,0.1936],"evs":[0.0,-0.35656]},"T2s":{"weight":0.0,"played":[0.9403,0.0597],"evs":[0.0,-0.43857]},"T3s":{"weight":0.0,"played":[0.9556,0.0444],"evs":[0.0,-0.72103]},"T4s":{"weight":0.0,"played":[0.3231,0.6769],"evs":[0.0,0.47773]},"T5s":{"weight":0.0,"played":[0.2171,0.7829],"evs":[0.0,-0.28759]},"T6s":{"weight":0.0,"played":[0.0052,0.9948],"evs":[0.0,1.94318]},"T7s":{"weight":0.0,"played":[0.0637,0.9363],"evs":[0.0,1.70825]},"T8s":{"weight":0.0,"played":[0.0331,0.9669],"evs":[0.0,0.03603]},"T9s":{"weight":0.0,"played":[0.0011,0.9989],"evs":[0.0,1.47447]},"TT":{"weight":0.0101,"played":[4.0E-4,0.9996],"evs":[0.0,2.51372]},"JTo":{"weight":0.0,"played":[0.0,1.0],"evs":[0.0,0.59595]},"QTo":{"weight":0.0,"played":[0.2272,0.7728],"evs":[0.0,0.14067]},"KTo":{"weight":1.0E-4,"played":[0.0383,0.9617],"evs":[0.0,0.27158]},"ATo":{"weight":0.0,"played":[7.0E-4,0.9993],"evs":[0.0,0.86974]},"J2s":{"weight":0.0,"played":[0.8006,0.1994],"evs":[0.0,-0.45723]},"J3s":{"weight":0.0,"played":[0.0211,0.9789],"evs":[0.0,0.6559]},"J4s":{"weight":0.0,"played":[0.6907,0.3093],"evs":[0.0,-0.1941]},"J5s":{"weight":0.0,"played":[0.2073,0.7927],"evs":[0.0,-0.00851]},"J6s":{"weight":0.0,"played":[0.3811,0.6189],"evs":[0.0,0.66084]},"J7s":{"weight":0.0,"played":[0.0089,0.9911],"evs":[0.0,1.72483]},"J8s":{"weight":0.0,"played":[0.0378,0.9622],"evs":[0.0,0.60117]},"J9s":{"weight":0.0,"played":[0.0048,0.9952],"evs":[0.0,1.26992]},"JTs":{"weight":2.0E-4,"played":[3.0E-4,0.9997],"evs":[0.0,0.98271]},"JJ":{"weight":0.0028,"played":[0.0,1.0],"evs":[0.0,3.70669]},"QJo":{"weight":2.0E-4,"played":[0.0,1.0],"evs":[0.0,0.48463]},"KJo":{"weight":6.0E-4,"played":[3.0E-4,0.9997],"evs":[0.0,0.55987]},"AJo":{"weight":2.0E-4,"played":[0.0746,0.9254],"evs":[0.0,0.46552]},"Q2s":{"weight":0.0,"played":[0.4948,0.5052],"evs":[0.0,0.18597]},"Q3s":{"weight":0.0,"played":[0.2333,0.7667],"evs":[0.0,1.02861]},"Q4s":{"weight":0.0,"played":[0.2643,0.7357],"evs":[0.0,1.12018]},"Q5s":{"weight":0.0,"played":[0.148,0.852],"evs":[0.0,1.48855]},"Q6s":{"weight":0.0,"played":[0.0303,0.9697],"evs":[0.0,0.78863]},"Q7s":{"weight":0.0,"played":[0.0485,0.9515],"evs":[0.0,1.33383]},"Q8s":{"weight":0.0,"played":[0.193,0.807],"evs":[0.0,1.40618]},"Q9s":{"weight":2.0E-4,"played":[0.0028,0.9972],"evs":[0.0,1.01165]},"QTs":{"weight":0.003,"played":[1.0E-4,0.9999],"evs":[0.0,1.53475]},"QJs":{"weight":0.8212,"played":[5.0E-4,0.9995],"evs":[0.0,1.93017]},"QQ":{"weight":2.0E-4,"played":[0.0,1.0],"evs":[0.0,5.34291]},"KQo":{"weight":8.0E-4,"played":[0.0039,0.9961],"evs":[0.0,1.26692]},"AQo":{"weight":0.0017,"played":[7.0E-4,0.9993],"evs":[0.0,1.774]},"K2s":{"weight":0.0,"played":[0.7795,0.2205],"evs":[0.0,-0.11775]},"K3s":{"weight":0.0,"played":[1.0E-4,0.9999],"evs":[0.0,0.42988]},"K4s":{"weight":0.0,"played":[0.1557,0.8443],"evs":[0.0,0.97606]},"K5s":{"weight":0.0,"played":[0.6756,0.3244],"evs":[0.0,0.82452]},"K6s":{"weight":0.0,"played":[0.0018,0.9982],"evs":[0.0,1.28977]},"K7s":{"weight":0.0,"played":[0.0019,0.9981],"evs":[0.0,2.3937]},"K8s":{"weight":0.0,"played":[0.0471,0.9529],"evs":[0.0,0.72365]},"K9s":{"weight":7.0E-4,"played":[0.0741,0.9259],"evs":[0.0,0.58097]},"KTs":{"weight":0.5555,"played":[0.0,1.0],"evs":[0.0,1.23912]},"KJs":{"weight":0.0045,"played":[0.0,1.0],"evs":[0.0,2.65815]},"KQs":{"weight":0.01,"played":[0.003,0.997],"evs":[0.0,2.69012]},"KK":{"weight":0.0,"played":[0.0,1.0],"evs":[0.0,8.66336]},"AKo":{"weight":3.0E-4,"played":[0.0,1.0],"evs":[0.0,2.15595]},"A2s":{"weight":4.0E-4,"played":[0.1231,0.8769],"evs":[0.0,0.49388]},"A3s":{"weight":0.0154,"played":[0.1794,0.8206],"evs":[0.0,0.75505]},"A4s":{"weight":0.1112,"played":[0.0054,0.9946],"evs":[0.0,0.42312]},"A5s":{"weight":0.309,"played":[2.0E-4,0.9998],"evs":[0.0,1.53969]},"A6s":{"weight":0.0369,"played":[7.0E-4,0.9993],"evs":[0.0,0.65778]},"A7s":{"weight":0.0015,"played":[0.0617,0.9383],"evs":[0.0,1.24593]},"A8s":{"weight":5.0E-4,"played":[0.1264,0.8736],"evs":[0.0,1.44223]},"A9s":{"weight":2.0E-4,"played":[0.0031,0.9969],"evs":[0.0,0.73262]},"ATs":{"weight":9.0E-4,"played":[0.0,1.0],"evs":[0.0,1.65704]},"AJs":{"weight":0.0025,"played":[3.0E-4,0.9997],"evs":[0.0,1.67532]},"AQs":{"weight":0.0512,"played":[0.0015,0.9985],"evs":[0.0,3.17188]},"AKs":{"weight":0.124,"played":[0.0,1.0],"evs":[0.0,4.67533]},"AA":{"weight":0.2648,"played":[0.0,1.0],"evs":[0.0,10.48886]}}}