{"player":4,"street":0,"children":2,"sequence":[{"player":0,"type":"R","amount":200000,"street":0},{"player":1,"type":"R","amount":575000,"street":0},{"player":2,"type":"F","amount":0,"street":0},{"player":3,"type":"R","amount":2575000,"street":0}],"actions":[{"type":"F","amount":0,"node":140},{"type":"C","amount":2475000,"node":141}],"hands":{"22":{"weight":1.0,"played":[0.9963,0.0037],"evs":[0.0,-3.92845]},"32o":{"weight":1.0,"played":[1.0,0.0],"evs":[0.0,-8.79724]},"42o":{"weight":1.0,"played":[0.9998,2.0E-4],"evs":[0.0,-9.46677]},"52o":{"weight":1.0,"played":[1.0,0.0],"evs":[0.0,-7.84347]},"62o":{"weight":1.0,"played":[0.9999,1.0E-4],"evs":[0.0,-9.57227]},"72o":{"weight":1.0,"played":[1.0,0.0],"evs":[0.0,-10.0403]},"82o":{"weight":1.0,"played":[0.9999,1.0E-4],"evs":[0.0,-8.98803]},"92o":{"weight":1.0,"played":[1.0,0.0],"evs":[0.0,-9.16612]},"T2o":{"weight":1.0,"played":[1.0,0.0],"evs":[0.0,-10.27853]},"J2o":{"weight":1.0,"played":[0.9999,1.0E-4],"evs":[0.0,-9.19749]},"Q2o":{"weight":1.0,"played":[1.0,0.0],"evs":[0.0,-7.74208]},"K2o":{"weight":1.0,"played":[1.0,0.0],"evs":[0.0,-8.56612]},"A2o":{"weight":1.0,"played":[0.9999,1.0E-4],"evs":[0.0,-6.74431]},"32s":{"weight":1.0,"played":[0.9979,0.0021],"evs":[0.0,-6.61889]},"33":{"weight":1.0,"played":[0.9967,0.0033],"evs":[0.0,-2.56315]},"43o":{"weight":1.0,"played":[1.0,0.0],"evs":[0.0,-7.64113]},"53o":{"weight":1.0,"played":[1.0,0.0],"evs":[0.0,-7.6399]},"63o":{"weight":1.0,"played":[1.0,0.0],"evs":[0.0,-7.67072]},"73o":{"weight":1.0,"played":[1.0,0.0],"evs":[0.0,-8.47218]},"83o":{"weight":1.0,"played":[1.0,0.0],"evs":[0.0,-9.34981]},"93o":{"weight":1.0,"played":[1.0,0.0],"evs":[0.0,-8.30486]},"T3o":{"weight":1.0,"played":[1.0,0.0],"evs":[0.0,-8.70306]},"J3o":{"weight":1.0,"played":[1.0,0.0],"evs":[0.0,-9.09407]},"Q3o":{"weight":1.0,"played":[0.9999,1.0E-4],"evs":[0.0,-7.88187]},"K3o":{"weight":1.0,"played":[1.0,0.0],"evs":[0.0,-8.09995]},"A3o":{"weight":1.0,"played":[1.0,0.0],"evs":[0.0,-6.72036]},"42s":{"weight":1.0,"played":[0.9992,8.0E-4],"evs":[0.0,-5.28975]},"43s":{"weight":1.0,"played":[0.9998,2.0E-4],"evs":[0.0,-5.34837]},"44":{"weight":1.0,"played":[0.9686,0.0314],"evs":[0.0,-2.42745]},"54o":{"weight":1.0,"played":[0.9999,1.0E-4],"evs":[0.0,-6.13202]},"64o":{"weight":1.0,"played":[0.9995,5.0E-4],"evs":[0.0,-7.00896]},"74o":{"weight":1.0,"played":[0.9999,1.0E-4],"evs":[0.0,-7.19505]},"84o":{"weight":1.0,"played":[1.0,0.0],"evs":[0.0,-8.5992]},"94o":{"weight":1.0,"played":[1.0,0.0],"evs":[0.0,-8.75429]},"T4o":{"weight":1.0,"played":[1.0,0.0],"evs":[0.0,-8.92017]},"J4o":{"weight":1.0,"played":[1.0,0.0],"evs":[0.0,-8.41077]},"Q4o":{"weight":1.0,"played":[0.9999,1.0E-4],"evs":[0.0,-7.86634]},"K4o":{"weight":1.0,"played":[1.0,0.0],"evs":[0.0,-8.07203]},"A4o":{"weight":1.0,"played":[0.9985,0.0015],"evs":[0.0,-6.60584]},"52s":{"weight":1.0,"played":[0.9979,0.0021],"evs":[0.0,-5.47521]},"53s":{"weight":1.0,"played":[0.9965,0.0035],"evs":[0.0,-5.31528]},"54s":{"weight":1.0,"played":[0.9993,7.0E-4],"evs":[0.0,-4.63991]},"55":{"weight":1.0,"played":[0.5512,0.4488],"evs":[0.0,-0.14818]},"65o":{"weight":1.0,"played":[0.9999,1.0E-4],"evs":[0.0,-5.75325]},"75o":{"weight":1.0,"played":[0.9998,2.0E-4],"evs":[0.0,-6.22316]},"85o":{"weight":1.0,"played":[1.0,0.0],"evs":[0.0,-7.42558]},"95o":{"weight":1.0,"played":[0.9999,1.0E-4],"evs":[0.0,-7.74229]},"T5o":{"weight":1.0,"played":[1.0,0.0],"evs":[0.0,-8.47077]},"J5o":{"weight":1.0,"played":[1.0,0.0],"evs":[0.0,-7.88881]},"Q5o":{"weight":1.0,"played":[1.0,0.0],"evs":[0.0,-7.05371]},"K5o":{"weight":1.0,"played":[1.0,0.0],"evs":[0.0,-6.99011]},"A5o":{"weight":1.0,"played":[0.9992,8.0E-4],"evs":[0.0,-5.61234]},"62s":{"weight":1.0,"played":[1.0,0.0],"evs":[0.0,-6.15619]},"63s":{"weight":1.0,"played":[0.9999,1.0E-4],"evs":[0.0,-5.61419]},"64s":{"weight":1.0,"played":[0.9984,0.0016],"evs":[0.0,-3.76996]},"65s":{"weight":1.0,"played":[0.9996,4.0E-4],"evs":[0.0,-3.73069]},"66":{"weight":1.0,"played":[0.016,0.984],"evs":[0.0,0.85187]},"76o":{"weight":1.0,"played":[1.0,0.0],"evs":[0.0,-5.50721]},"86o":{"weight":1.0,"played":[0.9999,1.0E-4],"evs":[0.0,-5.78921]},"96o":{"weight":1.0,"played":[1.0,0.0],"evs":[0.0,-6.96666]},"T6o":{"weight":1.0,"played":[1.0,0.0],"evs":[0.0,-8.51874]},"J6o":{"weight":1.0,"played":[1.0,0.0],"evs":[0.0,-8.0146]},"Q6o":{"weight":1.0,"played":[1.0,0.0],"evs":[0.0,-7.37716]},"K6o":{"weight":1.0,"played":[0.9999,1.0E-4],"evs":[0.0,-6.14949]},"A6o":{"weight":1.0,"played":[0.999,0.001],"evs":[0.0,-6.77492]},"72s":{"weight":1.0,"played":[1.0,0.0],"evs":[0.0,-7.88959]},"73s":{"weight":1.0,"played":[0.9997,3.0E-4],"evs":[0.0,-6.95965]},"74s":{"weight":1.0,"played":[0.9958,0.0042],"evs":[0.0,-4.63881]},"75s":{"weight":1.0,"played":[0.993,0.007],"evs":[0.0,-2.27776]},"76s":{"weight":1.0,"played":[0.9786,0.0214],"evs":[0.0,-2.88405]},"77":{"weight":1.0,"played":[0.0012,0.9988],"evs":[0.0,2.6272]},"87o":{"weight":1.0,"played":[0.9998,2.0E-4],"evs":[0.0,-5.61715]},"97o":{"weight":1.0,"played":[0.9995,5.0E-4],"evs":[0.0,-6.02554]},"T7o":{"weight":1.0,"played":[0.9995,5.0E-4],"evs":[0.0,-7.00778]},"J7o":{"weight":1.0,"played":[1.0,0.0],"evs":[0.0,-7.00856]},"Q7o":{"weight":1.0,"played":[0.9998,2.0E-4],"evs":[0.0,-6.85829]},"K7o":{"weight":1.0,"played":[0.9997,3.0E-4],"evs":[0.0,-6.43606]},"A7o":{"weight":1.0,"played":[0.9978,0.0022],"evs":[0.0,-6.23721]},"82s":{"weight":1.0,"played":[0.9995,5.0E-4],"evs":[0.0,-7.12974]},"83s":{"weight":1.0,"played":[1.0,0.0],"evs":[0.0,-6.58825]},"84s":{"weight":1.0,"played":[0.9979,0.0021],"evs":[0.0,-5.65491]},"85s":{"weight":1.0,"played":[0.9924,0.0076],"evs":[0.0,-4.58276]},"86s":{"weight":1.0,"played":[1.0,0.0],"evs":[0.0,-4.31953]},"87s":{"weight":1.0,"played":[1.0,0.0],"evs":[0.0,-1.74985]},"88":{"weight":1.0,"played":[0.0,1.0],"evs":[0.0,3.5235]},"98o":{"weight":1.0,"played":[0.9999,1.0E-4],"evs":[0.0,-5.20052]},"T8o":{"weight":1.0,"played":[0.9998,2.0E-4],"evs":[0.0,-5.55656]},"J8o":{"weight":1.0,"played":[0.9996,4.0E-4],"evs":[0.0,-6.08591]},"Q8o":{"weight":1.0,"played":[0.9983,0.0017],"evs":[0.0,-6.10214]},"K8o":{"weight":1.0,"played":[0.999,0.001],"evs":[0.0,-6.72297]},"A8o":{"weight":1.0,"played":[0.9953,0.0047],"evs":[0.0,-5.17398]},"92s":{"weight":1.0,"played":[0.9999,1.0E-4],"evs":[0.0,-6.16001]},"93s":{"weight":1.0,"played":[0.9992,8.0E-4],"evs":[0.0,-6.90279]},"94s":{"weight":1.0,"played":[0.9997,3.0E-4],"evs":[0.0,-6.53814]},"95s":{"weight":1.0,"played":[0.9999,1.0E-4],"evs":[0.0,-5.41678]},"96s":{"weight":1.0,"played":[0.9995,5.0E-4],"evs":[0.0,-4.6764]},"97s":{"weight":1.0,"played":[0.9987,0.0013],"evs":[0.0,-3.56529]},"98s":{"weight":1.0,"played":[0.9956,0.0044],"evs":[0.0,-1.77008]},"99":{"weight":1.0,"played":[0.0,1.0],"evs":[0.0,6.36154]},"T9o":{"weight":1.0,"played":[0.9999,1.0E-4],"evs":[0.0,-4.11895]},"J9o":{"weight":1.0,"played":[0.9999,1.0E-4],"evs":[0.0,-5.59684]},"Q9o":{"weight":1.0,"played":[0.9997,3.0E-4],"evs":[0.0,-6.2898]},"K9o":{"weight":1.0,"played":[0.9996,4.0E-4],"evs":[0.0,-6.18201]},"A9o":{"weight":1.0,"played":[0.9994,6.0E-4],"evs":[0.0,-5.07182]},"T2s":{"weight":1.0,"played":[0.9966,0.0034],"evs":[0.0,-8.436]},"T3s":{"weight":1.0,"played":[1.0,0.0],"evs":[0.0,-6.6065]},"T4s":{"weight":1.0,"played":[1.0,0.0],"evs":[0.0,-6.75058]},"T5s":{"weight":1.0,"played":[0.9998,2.0E-4],"evs":[0.0,-7.4402]},"T6s":{"weight":1.0,"played":[0.9942,0.0058],"evs":[0.0,-5.48534]},"T7s":{"weight":1.0,"played":[0.9999,1.0E-4],"evs":[0.0,-3.3968]},"T8s":{"weight":1.0,"played":[0.9992,8.0E-4],"evs":[0.0,-3.46692]},"T9s":{"weight":1.0,"played":[0.9946,0.0054],"evs":[0.0,-2.99688]},"TT":{"weight":1.0,"played":[0.0,1.0],"evs":[0.0,7.42539]},"JTo":{"weight":1.0,"played":[0.9997,3.0E-4],"evs":[0.0,-5.56357]},"QTo":{"weight":1.0,"played":[0.9983,0.0017],"evs":[0.0,-5.50917]},"KTo":{"weight":1.0,"played":[0.999,0.001],"evs":[0.0,-4.91556]},"ATo":{"weight":1.0,"played":[0.9885,0.0115],"evs":[0.0,-2.96525]},"J2s":{"weight":1.0,"played":[0.998,0.002],"evs":[0.0,-6.09224]},"J3s":{"weight":1.0,"played":[0.9992,8.0E-4],"evs":[0.0,-5.77428]},"J4s":{"weight":1.0,"played":[0.9995,5.0E-4],"evs":[0.0,-5.71535]},"J5s":{"weight":1.0,"played":[0.9981,0.0019],"evs":[0.0,-5.15351]},"J6s":{"weight":1.0,"played":[0.9993,7.0E-4],"evs":[0.0,-5.38351]},"J7s":{"weight":1.0,"played":[0.9972,0.0028],"evs":[0.0,-5.11323]},"J8s":{"weight":1.0,"played":[0.9834,0.0166],"evs":[0.0,-3.46659]},"J9s":{"weight":1.0,"played":[0.9997,3.0E-4],"evs":[0.0,-2.99374]},"JTs":{"weight":1.0,"played":[0.9938,0.0062],"evs":[0.0,-3.23298]},"JJ":{"weight":1.0,"played":[0.0,1.0],"evs":[0.0,11.96762]},"QJo":{"weight":1.0,"played":[1.0,0.0],"evs":[0.0,-4.04481]},"KJo":{"weight":1.0,"played":[0.9993,7.0E-4],"evs":[0.0,-3.86053]},"AJo":{"weight":1.0,"played":[0.9831,0.0169],"evs":[0.0,-1.81857]},"Q2s":{"weight":1.0,"played":[0.9996,4.0E-4],"evs":[0.0,-5.23975]},"Q3s":{"weight":1.0,"played":[0.9988,0.0012],"evs":[0.0,-6.17335]},"Q4s":{"weight":1.0,"played":[0.9999,1.0E-4],"evs":[0.0,-5.54917]},"Q5s":{"weight":1.0,"played":[0.9996,4.0E-4],"evs":[0.0,-5.08092]},"Q6s":{"weight":1.0,"played":[0.9966,0.0034],"evs":[0.0,-5.48144]},"Q7s":{"weight":1.0,"played":[0.9992,8.0E-4],"evs":[0.0,-5.3506]},"Q8s":{"weight":1.0,"played":[0.9994,6.0E-4],"evs":[0.0,-4.35725]},"Q9s":{"weight":1.0,"played":[0.9893,0.0107],"evs":[0.0,-3.14497]},"QTs":{"weight":1.0,"played":[0.9991,9.0E-4],"evs":[0.0,-3.23601]},"QJs":{"weight":1.0,"played":[0.8081,0.1919],"evs":[0.0,-0.96656]},"QQ":{"weight":1.0,"played":[0.0,1.0],"evs":[0.0,14.30297]},"KQo":{"weight":1.0,"played":[0.9915,0.0085],"evs":[0.0,-2.00468]},"AQo":{"weight":1.0,"played":[0.0,1.0],"evs":[0.0,1.45958]},"K2s":{"weight":1.0,"played":[0.9999,1.0E-4],"evs":[0.0,-5.2963]},"K3s":{"weight":1.0,"played":[0.9956,0.0044],"evs":[0.0,-4.02854]},"K4s":{"weight":1.0,"played":[1.0,0.0],"evs":[0.0,-4.48507]},"K5s":{"weight":1.0,"played":[0.9998,2.0E-4],"evs":[0.0,-5.2355]},"K6s":{"weight":1.0,"played":[0.9972,0.0028],"evs":[0.0,-5.46993]},"K7s":{"weight":1.0,"played":[0.9966,0.0034],"evs":[0.0,-5.58078]},"K8s":{"weight":1.0,"played":[0.9968,0.0032],"evs":[0.0,-3.82406]},"K9s":{"weight":1.0,"played":[0.9988,0.0012],"evs":[0.0,-2.4075]},"KTs":{"weight":1.0,"played":[0.9824,0.0176],"evs":[0.0,-3.87017]},"KJs":{"weight":1.0,"played":[0.9192,0.0808],"evs":[0.0,-1.29266]},"KQs":{"weight":1.0,"played":[0.0508,0.9492],"evs":[0.0,0.48229]},"KK":{"weight":1.0,"played":[0.0,1.0],"evs":[0.0,18.60922]},"AKo":{"weight":1.0,"played":[0.0,1.0],"evs":[0.0,4.92577]},"A2s":{"weight":1.0,"played":[0.9829,0.0171],"evs":[0.0,-3.64222]},"A3s":{"weight":1.0,"played":[0.996,0.004],"evs":[0.0,-4.28581]},"A4s":{"weight":1.0,"played":[0.9878,0.0122],"evs":[0.0,-4.28467]},"A5s":{"weight":1.0,"played":[0.9904,0.0096],"evs":[0.0,-3.6028]},"A6s":{"weight":1.0,"played":[0.9994,6.0E-4],"evs":[0.0,-3.71362]},"A7s":{"weight":1.0,"played":[0.9891,0.0109],"evs":[0.0,-3.67457]},"A8s":{"weight":1.0,"played":[0.99,0.01],"evs":[0.0,-2.95258]},"A9s":{"weight":1.0,"played":[0.9968,0.0032],"evs":[0.0,-3.56547]},"ATs":{"weight":1.0,"played":[0.4275,0.5725],"evs":[0.0,-0.98184]},"AJs":{"weight":1.0,"played":[3.0E-4,0.9997],"evs":[0.0,1.13676]},"AQs":{"weight":1.0,"played":[0.0,1.0],"evs":[0.0,4.36314]},"AKs":{"weight":1.0,"played":[0.0,1.0],"evs":[0.0,5.72933]},"AA":{"weight":1.0,"played":[0.0,1.0],"evs":[0.0,26.75055]}}}