{"player":2,"street":0,"children":2,"sequence":[{"player":0,"type":"R","amount":1165000,"street":0},{"player":1,"type":"F","amount":0,"street":0},{"player":2,"type":"C","amount":1165000,"street":0},{"player":3,"type":"C","amount":1115000,"street":0},{"player":4,"type":"R","amount":2575000,"street":0}],"actions":[{"type":"F","amount":0},{"type":"C","amount":130000,"node":161}],"hands":{"22":{"weight":0.0,"played":[0.0,1.0],"evs":[0.0,9.96348]},"32o":{"weight":0.0,"played":[0.0,1.0],"evs":[0.0,6.75547]},"42o":{"weight":0.0,"played":[0.0,1.0],"evs":[0.0,6.90898]},"52o":{"weight":0.0,"played":[0.0,1.0],"evs":[0.0,6.9827]},"62o":{"weight":0.0,"played":[0.0,1.0],"evs":[0.0,6.34479]},"72o":{"weight":0.0,"played":[0.0,1.0],"evs":[0.0,5.66765]},"82o":{"weight":0.0,"played":[0.0,1.0],"evs":[0.0,5.86888]},"92o":{"weight":0.0,"played":[0.0,1.0],"evs":[0.0,5.63415]},"T2o":{"weight":0.0,"played":[0.0,1.0],"evs":[0.0,5.49863]},"J2o":{"weight":0.0,"played":[0.0,1.0],"evs":[0.0,5.87181]},"Q2o":{"weight":0.0,"played":[0.0,1.0],"evs":[0.0,6.17887]},"K2o":{"weight":0.0,"played":[0.0,1.0],"evs":[0.0,6.53922]},"A2o":{"weight":0.0,"played":[0.0,1.0],"evs":[0.0,7.37913]},"32s":{"weight":0.0,"played":[0.0,1.0],"evs":[0.0,7.94624]},"33":{"weight":0.0,"played":[0.0,1.0],"evs":[0.0,9.66957]},"43o":{"weight":0.0,"played":[0.0,1.0],"evs":[0.0,7.55651]},"53o":{"weight":0.0,"played":[0.0,1.0],"evs":[0.0,7.91337]},"63o":{"weight":0.0,"played":[0.0,1.0],"evs":[0.0,7.32505]},"73o":{"weight":0.0,"played":[0.0,1.0],"evs":[0.0,6.03427]},"83o":{"weight":0.0,"played":[0.0,1.0],"evs":[0.0,5.99748]},"93o":{"weight":0.0,"played":[0.0,1.0],"evs":[0.0,6.05467]},"T3o":{"weight":0.0,"played":[0.0,1.0],"evs":[0.0,5.7485]},"J3o":{"weight":0.0,"played":[0.0,1.0],"evs":[0.0,6.19982]},"Q3o":{"weight":0.0,"played":[0.0,1.0],"evs":[0.0,6.76936]},"K3o":{"weight":0.0,"played":[0.0,1.0],"evs":[0.0,6.68303]},"A3o":{"weight":0.0,"played":[0.0,1.0],"evs":[0.0,7.69875]},"42s":{"weight":0.0,"played":[0.0,1.0],"evs":[0.0,8.26636]},"43s":{"weight":0.0,"played":[0.0,1.0],"evs":[0.0,9.3902]},"44":{"weight":0.4072,"played":[0.0,1.0],"evs":[0.0,10.77759]},"54o":{"weight":0.0,"played":[0.0,1.0],"evs":[0.0,8.23756]},"64o":{"weight":0.0,"played":[0.0,1.0],"evs":[0.0,8.12389]},"74o":{"weight":0.0,"played":[0.0,1.0],"evs":[0.0,7.56534]},"84o":{"weight":0.0,"played":[0.0,1.0],"evs":[0.0,7.04372]},"94o":{"weight":0.0,"played":[0.0,1.0],"evs":[0.0,6.26018]},"T4o":{"weight":0.0,"played":[0.0,1.0],"evs":[0.0,5.92719]},"J4o":{"weight":0.0,"played":[0.0,1.0],"evs":[0.0,6.44779]},"Q4o":{"weight":0.0,"played":[0.0,1.0],"evs":[0.0,6.56773]},"K4o":{"weight":0.0,"played":[0.0,1.0],"evs":[0.0,6.88784]},"A4o":{"weight":0.0,"played":[0.0,1.0],"evs":[0.0,8.02091]},"52s":{"weight":0.0,"played":[0.0,1.0],"evs":[0.0,8.62201]},"53s":{"weight":0.0,"played":[0.0,1.0],"evs":[0.0,9.46029]},"54s":{"weight":0.0,"played":[0.0,1.0],"evs":[0.0,9.92647]},"55":{"weight":0.4461,"played":[0.0,1.0],"evs":[0.0,10.93513]},"65o":{"weight":0.0,"played":[0.0,1.0],"evs":[0.0,8.34518]},"75o":{"weight":0.0,"played":[0.0,1.0],"evs":[0.0,8.15076]},"85o":{"weight":0.0,"played":[0.0,1.0],"evs":[0.0,7.30469]},"95o":{"weight":0.0,"played":[0.0,1.0],"evs":[0.0,7.24635]},"T5o":{"weight":0.0,"played":[0.0,1.0],"evs":[0.0,6.1103]},"J5o":{"weight":0.0,"played":[0.0,1.0],"evs":[0.0,6.33065]},"Q5o":{"weight":0.0,"played":[0.0,1.0],"evs":[0.0,6.79191]},"K5o":{"weight":0.0,"played":[0.0,1.0],"evs":[0.0,7.02852]},"A5o":{"weight":0.0,"played":[0.0,1.0],"evs":[0.0,8.42589]},"62s":{"weight":0.0,"played":[0.0,1.0],"evs":[0.0,8.16607]},"63s":{"weight":0.0,"played":[0.0,1.0],"evs":[0.0,9.39658]},"64s":{"weight":0.0,"played":[0.0,1.0],"evs":[0.0,9.99336]},"65s":{"weight":0.0,"played":[0.0,1.0],"evs":[0.0,10.3347]},"66":{"weight":0.345,"played":[0.0,1.0],"evs":[0.0,11.94226]},"76o":{"weight":0.0,"played":[0.0,1.0],"evs":[0.0,8.73407]},"86o":{"weight":0.0,"played":[0.0,1.0],"evs":[0.0,8.23811]},"96o":{"weight":0.0,"played":[0.0,1.0],"evs":[0.0,7.42784]},"T6o":{"weight":0.0,"played":[0.0,1.0],"evs":[0.0,6.64726]},"J6o":{"weight":0.0,"played":[0.0,1.0],"evs":[0.0,6.53179]},"Q6o":{"weight":0.0,"played":[0.0,1.0],"evs":[0.0,7.07684]},"K6o":{"weight":0.0,"played":[0.0,1.0],"evs":[0.0,7.45497]},"A6o":{"weight":0.0,"played":[0.0,1.0],"evs":[0.0,8.07937]},"72s":{"weight":0.0,"played":[0.0,1.0],"evs":[0.0,6.73812]},"73s":{"weight":0.0,"played":[0.0,1.0],"evs":[0.0,7.84121]},"74s":{"weight":0.0,"played":[0.0,1.0],"evs":[0.0,9.38659]},"75s":{"weight":0.0,"played":[0.0,1.0],"evs":[0.0,9.75867]},"76s":{"weight":0.0,"played":[0.0,1.0],"evs":[0.0,10.56255]},"77":{"weight":0.4656,"played":[0.0,1.0],"evs":[0.0,12.34459]},"87o":{"weight":0.0,"played":[0.0,1.0],"evs":[0.0,8.21227]},"97o":{"weight":0.0,"played":[0.0,1.0],"evs":[0.0,7.81569]},"T7o":{"weight":0.0,"played":[0.0,1.0],"evs":[0.0,7.43131]},"J7o":{"weight":0.0,"played":[0.0,1.0],"evs":[0.0,6.9653]},"Q7o":{"weight":0.0,"played":[0.0,1.0],"evs":[0.0,7.1447]},"K7o":{"weight":0.0,"played":[0.0,1.0],"evs":[0.0,7.62881]},"A7o":{"weight":0.0,"played":[0.0,1.0],"evs":[0.0,8.28363]},"82s":{"weight":0.0,"played":[0.0,1.0],"evs":[0.0,7.58062]},"83s":{"weight":0.0,"played":[0.0,1.0],"evs":[0.0,7.61509]},"84s":{"weight":0.0,"played":[0.0,1.0],"evs":[0.0,8.58115]},"85s":{"weight":0.0,"played":[0.0,1.0],"evs":[0.0,9.58857]},"86s":{"weight":0.0,"played":[0.0,1.0],"evs":[0.0,10.14769]},"87s":{"weight":0.0,"played":[0.0,1.0],"evs":[0.0,10.37202]},"88":{"weight":0.3075,"played":[0.0,1.0],"evs":[0.0,13.47859]},"98o":{"weight":0.0,"played":[0.0,1.0],"evs":[0.0,8.80754]},"T8o":{"weight":0.0,"played":[0.0,1.0],"evs":[0.0,7.78083]},"J8o":{"weight":0.0,"played":[0.0,1.0],"evs":[0.0,8.18659]},"Q8o":{"weight":0.0,"played":[0.0,1.0],"evs":[0.0,7.67589]},"K8o":{"weight":0.0,"played":[0.0,1.0],"evs":[0.0,7.8315]},"A8o":{"weight":0.0,"played":[0.0,1.0],"evs":[0.0,8.87978]},"92s":{"weight":0.0,"played":[0.0,1.0],"evs":[0.0,8.32794]},"93s":{"weight":0.0,"played":[0.0,1.0],"evs":[0.0,7.84412]},"94s":{"weight":0.0,"played":[0.0,1.0],"evs":[0.0,8.33803]},"95s":{"weight":0.0,"played":[0.0,1.0],"evs":[0.0,8.65152]},"96s":{"weight":0.0,"played":[0.0,1.0],"evs":[0.0,10.15298]},"97s":{"weight":0.0,"played":[0.0,1.0],"evs":[0.0,10.21563]},"98s":{"weight":0.0,"played":[0.0,1.0],"evs":[0.0,9.95416]},"99":{"weight":0.4019,"played":[0.0,1.0],"evs":[0.0,14.917]},"T9o":{"weight":0.0,"played":[0.0,1.0],"evs":[0.0,8.82868]},"J9o":{"weight":0.0,"played":[0.0,1.0],"evs":[0.0,8.56616]},"Q9o":{"weight":0.0,"played":[0.0,1.0],"evs":[0.0,7.98572]},"K9o":{"weight":0.0,"played":[0.0,1.0],"evs":[0.0,8.41858]},"A9o":{"weight":0.3998,"played":[0.0,1.0],"evs":[0.0,9.25742]},"T2s":{"weight":0.0,"played":[0.0,1.0],"evs":[0.0,7.38023]},"T3s":{"weight":0.0,"played":[0.0,1.0],"evs":[0.0,7.70224]},"T4s":{"weight":0.0,"played":[0.0,1.0],"evs":[0.0,7.96694]},"T5s":{"weight":0.0,"played":[0.0,1.0],"evs":[0.0,8.13361]},"T6s":{"weight":0.0,"played":[0.0,1.0],"evs":[0.0,8.37627]},"T7s":{"weight":0.0,"played":[0.0,1.0],"evs":[0.0,9.02702]},"T8s":{"weight":0.0,"played":[0.0,1.0],"evs":[0.0,9.81105]},"T9s":{"weight":1.0E-4,"played":[0.0,1.0],"evs":[0.0,10.91377]},"TT":{"weight":0.4153,"played":[0.0,1.0],"evs":[0.0,16.27776]},"JTo":{"weight":0.0,"played":[0.0,1.0],"evs":[0.0,8.539]},"QTo":{"weight":0.0,"played":[0.0,1.0],"evs":[0.0,9.00527]},"KTo":{"weight":0.0,"played":[0.0,1.0],"evs":[0.0,9.45909]},"ATo":{"weight":0.5856,"played":[0.0,1.0],"evs":[0.0,10.46769]},"J2s":{"weight":0.0,"played":[0.0,1.0],"evs":[0.0,8.05745]},"J3s":{"weight":0.0,"played":[0.0,1.0],"evs":[0.0,8.30588]},"J4s":{"weight":0.0,"played":[0.0,1.0],"evs":[0.0,8.64303]},"J5s":{"weight":0.0,"played":[0.0,1.0],"evs":[0.0,8.9649]},"J6s":{"weight":0.0,"played":[0.0,1.0],"evs":[0.0,8.8682]},"J7s":{"weight":0.0,"played":[0.0,1.0],"evs":[0.0,9.68352]},"J8s":{"weight":0.0,"played":[0.0,1.0],"evs":[0.0,10.36425]},"J9s":{"weight":0.0,"played":[0.0,1.0],"evs":[0.0,10.22469]},"JTs":{"weight":0.1365,"played":[0.0,1.0],"evs":[0.0,10.26881]},"JJ":{"weight":0.573,"played":[0.0,1.0],"evs":[0.0,18.72106]},"QJo":{"weight":0.0,"played":[0.0,1.0],"evs":[0.0,9.97284]},"KJo":{"weight":0.5755,"played":[0.0,1.0],"evs":[0.0,10.35229]},"AJo":{"weight":0.6113,"played":[0.0,1.0],"evs":[0.0,11.64642]},"Q2s":{"weight":0.0,"played":[0.0,1.0],"evs":[0.0,8.49959]},"Q3s":{"weight":0.0,"played":[0.0,1.0],"evs":[0.0,8.45278]},"Q4s":{"weight":0.0,"played":[0.0,1.0],"evs":[0.0,9.1853]},"Q5s":{"weight":0.0,"played":[0.0,1.0],"evs":[0.0,9.19834]},"Q6s":{"weight":0.0,"played":[0.0,1.0],"evs":[0.0,8.64349]},"Q7s":{"weight":0.0,"played":[0.0,1.0],"evs":[0.0,9.19128]},"Q8s":{"weight":0.0,"played":[0.0,1.0],"evs":[0.0,9.80069]},"Q9s":{"weight":0.0,"played":[0.0,1.0],"evs":[0.0,9.92008]},"QTs":{"weight":0.5556,"played":[0.0,1.0],"evs":[0.0,11.27222]},"QJs":{"weight":0.5497,"played":[0.0,1.0],"evs":[0.0,12.11147]},"QQ":{"weight":0.5279,"played":[0.0,1.0],"evs":[0.0,21.68944]},"KQo":{"weight":0.5317,"played":[0.0,1.0],"evs":[0.0,11.31968]},"AQo":{"weight":0.4301,"played":[0.0,1.0],"evs":[0.0,13.29653]},"K2s":{"weight":0.0,"played":[0.0,1.0],"evs":[0.0,9.3033]},"K3s":{"weight":0.0,"played":[0.0,1.0],"evs":[0.0,9.32569]},"K4s":{"weight":0.0,"played":[0.0,1.0],"evs":[0.0,8.5884]},"K5s":{"weight":0.0,"played":[0.0,1.0],"evs":[0.0,9.50634]},"K6s":{"weight":0.0,"played":[0.0,1.0],"evs":[0.0,9.14827]},"K7s":{"weight":0.0,"played":[0.0,1.0],"evs":[0.0,9.61407]},"K8s":{"weight":0.0,"played":[0.0,1.0],"evs":[0.0,9.49335]},"K9s":{"weight":3.0E-4,"played":[0.0,1.0],"evs":[0.0,10.63972]},"KTs":{"weight":0.5296,"played":[0.0,1.0],"evs":[0.0,11.41734]},"KJs":{"weight":0.5384,"played":[0.0,1.0],"evs":[0.0,11.93933]},"KQs":{"weight":0.5548,"played":[0.0,1.0],"evs":[0.0,13.00263]},"KK":{"weight":0.5536,"played":[0.0,1.0],"evs":[0.0,25.40167]},"AKo":{"weight":0.6454,"played":[0.0,1.0],"evs":[0.0,15.02112]},"A2s":{"weight":0.0,"played":[0.0,1.0],"evs":[0.0,9.83703]},"A3s":{"weight":0.0,"played":[0.0,1.0],"evs":[0.0,9.30856]},"A4s":{"weight":1.0E-4,"played":[0.0,1.0],"evs":[0.0,9.87093]},"A5s":{"weight":0.2176,"played":[0.0,1.0],"evs":[0.0,10.5431]},"A6s":{"weight":0.0,"played":[0.0,1.0],"evs":[0.0,9.93623]},"A7s":{"weight":0.4258,"played":[0.0,1.0],"evs":[0.0,11.0291]},"A8s":{"weight":0.4099,"played":[0.0,1.0],"evs":[0.0,10.38548]},"A9s":{"weight":0.5703,"played":[0.0,1.0],"evs":[0.0,12.22152]},"ATs":{"weight":0.648,"played":[0.0,1.0],"evs":[0.0,12.78945]},"AJs":{"weight":0.6701,"played":[0.0,1.0],"evs":[0.0,13.21885]},"AQs":{"weight":0.913,"played":[0.0,1.0],"evs":[0.0,15.30865]},"AKs":{"weight":0.8398,"played":[0.0,1.0],"evs":[0.0,16.38711]},"AA":{"weight":0.5702,"played":[0.0,1.0],"evs":[0.0,31.49844]}}}