{"player":4,"street":0,"children":2,"sequence":[{"player":0,"type":"R","amount":1165000,"street":0},{"player":1,"type":"F","amount":0,"street":0},{"player":2,"type":"R","amount":1295000,"street":0},{"player":3,"type":"F","amount":0,"street":0}],"actions":[{"type":"F","amount":0},{"type":"C","amount":1195000}],"hands":{"22":{"weight":1.0,"played":[0.0,1.0],"evs":[0.0,1.08488]},"32o":{"weight":1.0,"played":[1.0,0.0],"evs":[0.0,-2.69253]},"42o":{"weight":1.0,"played":[1.0,0.0],"evs":[0.0,-2.31667]},"52o":{"weight":1.0,"played":[1.0,0.0],"evs":[0.0,-2.17213]},"62o":{"weight":1.0,"played":[1.0,0.0],"evs":[0.0,-2.35976]},"72o":{"weight":1.0,"played":[1.0,0.0],"evs":[0.0,-2.90716]},"82o":{"weight":1.0,"played":[1.0,0.0],"evs":[0.0,-2.62302]},"92o":{"weight":1.0,"played":[1.0,0.0],"evs":[0.0,-2.55211]},"T2o":{"weight":1.0,"played":[1.0,0.0],"evs":[0.0,-2.32813]},"J2o":{"weight":1.0,"played":[1.0,0.0],"evs":[0.0,-2.2488]},"Q2o":{"weight":1.0,"played":[1.0,0.0],"evs":[0.0,-1.84564]},"K2o":{"weight":1.0,"played":[1.0,0.0],"evs":[0.0,-1.45414]},"A2o":{"weight":1.0,"played":[0.9998,2.0E-4],"evs":[0.0,-0.97829]},"32s":{"weight":1.0,"played":[0.9997,3.0E-4],"evs":[0.0,-0.97916]},"33":{"weight":1.0,"played":[0.0,1.0],"evs":[0.0,1.61791]},"43o":{"weight":1.0,"played":[1.0,0.0],"evs":[0.0,-1.64997]},"53o":{"weight":1.0,"played":[1.0,0.0],"evs":[0.0,-1.36848]},"63o":{"weight":1.0,"played":[1.0,0.0],"evs":[0.0,-1.63553]},"73o":{"weight":1.0,"played":[1.0,0.0],"evs":[0.0,-2.23931]},"83o":{"weight":1.0,"played":[1.0,0.0],"evs":[0.0,-2.50549]},"93o":{"weight":1.0,"played":[1.0,0.0],"evs":[0.0,-2.30127]},"T3o":{"weight":1.0,"played":[1.0,0.0],"evs":[0.0,-2.20172]},"J3o":{"weight":1.0,"played":[1.0,0.0],"evs":[0.0,-2.11272]},"Q3o":{"weight":1.0,"played":[1.0,0.0],"evs":[0.0,-1.65327]},"K3o":{"weight":1.0,"played":[1.0,0.0],"evs":[0.0,-1.27727]},"A3o":{"weight":1.0,"played":[0.9997,3.0E-4],"evs":[0.0,-0.65627]},"42s":{"weight":1.0,"played":[0.9993,7.0E-4],"evs":[0.0,-0.72126]},"43s":{"weight":1.0,"played":[0.3974,0.6026],"evs":[0.0,-0.24423]},"44":{"weight":1.0,"played":[0.0,1.0],"evs":[0.0,2.19213]},"54o":{"weight":1.0,"played":[0.9999,1.0E-4],"evs":[0.0,-0.70066]},"64o":{"weight":1.0,"played":[1.0,0.0],"evs":[0.0,-0.89776]},"74o":{"weight":1.0,"played":[1.0,0.0],"evs":[0.0,-1.5138]},"84o":{"weight":1.0,"played":[1.0,0.0],"evs":[0.0,-1.80598]},"94o":{"weight":1.0,"played":[1.0,0.0],"evs":[0.0,-2.29693]},"T4o":{"weight":1.0,"played":[1.0,0.0],"evs":[0.0,-1.95418]},"J4o":{"weight":1.0,"played":[1.0,0.0],"evs":[0.0,-1.87312]},"Q4o":{"weight":1.0,"played":[1.0,0.0],"evs":[0.0,-1.32558]},"K4o":{"weight":1.0,"played":[1.0,0.0],"evs":[0.0,-1.15475]},"A4o":{"weight":1.0,"played":[0.9999,1.0E-4],"evs":[0.0,-0.61164]},"52s":{"weight":1.0,"played":[0.9594,0.0406],"evs":[0.0,-0.48522]},"53s":{"weight":1.0,"played":[0.0459,0.9541],"evs":[0.0,0.14669]},"54s":{"weight":1.0,"played":[0.0,1.0],"evs":[0.0,0.7905]},"55":{"weight":1.0,"played":[0.0,1.0],"evs":[0.0,3.0739]},"65o":{"weight":1.0,"played":[0.5508,0.4492],"evs":[0.0,-0.23552]},"75o":{"weight":1.0,"played":[0.9979,0.0021],"evs":[0.0,-0.72046]},"85o":{"weight":1.0,"played":[0.9999,1.0E-4],"evs":[0.0,-1.05666]},"95o":{"weight":1.0,"played":[1.0,0.0],"evs":[0.0,-1.62875]},"T5o":{"weight":1.0,"played":[1.0,0.0],"evs":[0.0,-1.91794]},"J5o":{"weight":1.0,"played":[1.0,0.0],"evs":[0.0,-1.57561]},"Q5o":{"weight":1.0,"played":[1.0,0.0],"evs":[0.0,-1.21586]},"K5o":{"weight":1.0,"played":[1.0,0.0],"evs":[0.0,-0.79891]},"A5o":{"weight":1.0,"played":[0.6173,0.3827],"evs":[0.0,-0.17315]},"62s":{"weight":1.0,"played":[0.863,0.137],"evs":[0.0,-0.58741]},"63s":{"weight":1.0,"played":[0.0357,0.9643],"evs":[0.0,0.06168]},"64s":{"weight":1.0,"played":[4.0E-4,0.9996],"evs":[0.0,0.70997]},"65s":{"weight":1.0,"played":[0.0,1.0],"evs":[0.0,1.37325]},"66":{"weight":1.0,"played":[0.0,1.0],"evs":[0.0,4.18736]},"76o":{"weight":1.0,"played":[0.361,0.639],"evs":[0.0,0.01034]},"86o":{"weight":1.0,"played":[0.5345,0.4655],"evs":[0.0,-0.10721]},"96o":{"weight":1.0,"played":[0.9997,3.0E-4],"evs":[0.0,-0.74206]},"T6o":{"weight":1.0,"played":[1.0,0.0],"evs":[0.0,-0.96752]},"J6o":{"weight":1.0,"played":[1.0,0.0],"evs":[0.0,-1.3359]},"Q6o":{"weight":1.0,"played":[1.0,0.0],"evs":[0.0,-0.79337]},"K6o":{"weight":1.0,"played":[0.9997,3.0E-4],"evs":[0.0,-0.4909]},"A6o":{"weight":1.0,"played":[0.9997,3.0E-4],"evs":[0.0,-0.37895]},"72s":{"weight":1.0,"played":[0.9976,0.0024],"evs":[0.0,-1.17149]},"73s":{"weight":1.0,"played":[0.9592,0.0408],"evs":[0.0,-0.43162]},"74s":{"weight":1.0,"played":[0.0225,0.9775],"evs":[0.0,0.10566]},"75s":{"weight":1.0,"played":[0.0,1.0],"evs":[0.0,0.81692]},"76s":{"weight":1.0,"played":[0.0,1.0],"evs":[0.0,1.50521]},"77":{"weight":1.0,"played":[0.0,1.0],"evs":[0.0,5.09319]},"87o":{"weight":1.0,"played":[3.0E-4,0.9997],"evs":[0.0,0.19367]},"97o":{"weight":1.0,"played":[0.7004,0.2996],"evs":[0.0,-0.20492]},"T7o":{"weight":1.0,"played":[0.9982,0.0018],"evs":[0.0,-0.4556]},"J7o":{"weight":1.0,"played":[1.0,0.0],"evs":[0.0,-0.78187]},"Q7o":{"weight":1.0,"played":[0.9999,1.0E-4],"evs":[0.0,-0.9243]},"K7o":{"weight":1.0,"played":[0.9998,2.0E-4],"evs":[0.0,-0.39714]},"A7o":{"weight":1.0,"played":[0.433,0.567],"evs":[0.0,0.01656]},"82s":{"weight":1.0,"played":[0.9999,1.0E-4],"evs":[0.0,-0.81449]},"83s":{"weight":1.0,"played":[0.9978,0.0022],"evs":[0.0,-0.76002]},"84s":{"weight":1.0,"played":[0.5926,0.4074],"evs":[0.0,-0.04486]},"85s":{"weight":1.0,"played":[0.0041,0.9959],"evs":[0.0,0.60671]},"86s":{"weight":1.0,"played":[0.0,1.0],"evs":[0.0,1.36018]},"87s":{"weight":1.0,"played":[0.0,1.0],"evs":[0.0,1.86628]},"88":{"weight":1.0,"played":[0.0,1.0],"evs":[0.0,6.25913]},"98o":{"weight":1.0,"played":[2.0E-4,0.9998],"evs":[0.0,0.36855]},"T8o":{"weight":1.0,"played":[0.2295,0.7705],"evs":[0.0,0.27808]},"J8o":{"weight":1.0,"played":[0.8399,0.1601],"evs":[0.0,-0.0792]},"Q8o":{"weight":1.0,"played":[0.9113,0.0887],"evs":[0.0,-0.14062]},"K8o":{"weight":1.0,"played":[0.9507,0.0493],"evs":[0.0,-0.24553]},"A8o":{"weight":1.0,"played":[0.0,1.0],"evs":[0.0,0.47314]},"92s":{"weight":1.0,"played":[0.9999,1.0E-4],"evs":[0.0,-0.8994]},"93s":{"weight":1.0,"played":[0.9996,4.0E-4],"evs":[0.0,-0.58501]},"94s":{"weight":1.0,"played":[0.9998,2.0E-4],"evs":[0.0,-0.46903]},"95s":{"weight":1.0,"played":[0.2459,0.7541],"evs":[0.0,0.01237]},"96s":{"weight":1.0,"played":[4.0E-4,0.9996],"evs":[0.0,0.87382]},"97s":{"weight":1.0,"played":[0.0,1.0],"evs":[0.0,1.29205]},"98s":{"weight":1.0,"played":[0.0,1.0],"evs":[0.0,1.9092]},"99":{"weight":1.0,"played":[0.0,1.0],"evs":[0.0,7.75701]},"T9o":{"weight":1.0,"played":[0.0,1.0],"evs":[0.0,0.84074]},"J9o":{"weight":1.0,"played":[0.1966,0.8034],"evs":[0.0,0.47651]},"Q9o":{"weight":1.0,"played":[0.2193,0.7807],"evs":[0.0,0.32434]},"K9o":{"weight":1.0,"played":[0.7232,0.2768],"evs":[0.0,0.10587]},"A9o":{"weight":1.0,"played":[0.0,1.0],"evs":[0.0,1.19552]},"T2s":{"weight":1.0,"played":[0.9965,0.0035],"evs":[0.0,-0.60404]},"T3s":{"weight":1.0,"played":[0.9974,0.0026],"evs":[0.0,-0.29773]},"T4s":{"weight":1.0,"played":[0.8181,0.1819],"evs":[0.0,-0.03966]},"T5s":{"weight":1.0,"played":[0.9167,0.0833],"evs":[0.0,-0.25231]},"T6s":{"weight":1.0,"played":[0.0,1.0],"evs":[0.0,0.77969]},"T7s":{"weight":1.0,"played":[1.0E-4,0.9999],"evs":[0.0,1.07318]},"T8s":{"weight":1.0,"played":[0.0,1.0],"evs":[0.0,1.91154]},"T9s":{"weight":1.0,"played":[0.0,1.0],"evs":[0.0,2.2915]},"TT":{"weight":1.0,"played":[0.0,1.0],"evs":[0.0,9.61333]},"JTo":{"weight":1.0,"played":[0.0,1.0],"evs":[0.0,1.32108]},"QTo":{"weight":1.0,"played":[0.0,1.0],"evs":[0.0,1.34701]},"KTo":{"weight":1.0,"played":[0.0,1.0],"evs":[0.0,1.48323]},"ATo":{"weight":1.0,"played":[0.0,1.0],"evs":[0.0,3.17856]},"J2s":{"weight":1.0,"played":[0.9989,0.0011],"evs":[0.0,-0.56994]},"J3s":{"weight":1.0,"played":[0.8694,0.1306],"evs":[0.0,-0.21245]},"J4s":{"weight":1.0,"played":[0.292,0.708],"evs":[0.0,0.22756]},"J5s":{"weight":1.0,"played":[0.4553,0.5447],"evs":[0.0,0.02352]},"J6s":{"weight":1.0,"played":[0.09,0.91],"evs":[0.0,0.29107]},"J7s":{"weight":1.0,"played":[0.0,1.0],"evs":[0.0,0.89545]},"J8s":{"weight":1.0,"played":[0.0,1.0],"evs":[0.0,1.62728]},"J9s":{"weight":1.0,"played":[1.0E-4,0.9999],"evs":[0.0,1.987]},"JTs":{"weight":1.0,"played":[0.0,1.0],"evs":[0.0,2.85265]},"JJ":{"weight":1.0,"played":[0.0,1.0],"evs":[0.0,12.10872]},"QJo":{"weight":1.0,"played":[0.0,1.0],"evs":[0.0,1.61069]},"KJo":{"weight":1.0,"played":[0.0,1.0],"evs":[0.0,2.04247]},"AJo":{"weight":1.0,"played":[0.0,1.0],"evs":[0.0,4.70242]},"Q2s":{"weight":1.0,"played":[0.7932,0.2068],"evs":[0.0,-0.07034]},"Q3s":{"weight":1.0,"played":[0.3455,0.6545],"evs":[0.0,0.02917]},"Q4s":{"weight":1.0,"played":[0.106,0.894],"evs":[0.0,0.18915]},"Q5s":{"weight":1.0,"played":[3.0E-4,0.9997],"evs":[0.0,0.49734]},"Q6s":{"weight":1.0,"played":[0.0,1.0],"evs":[0.0,0.94259]},"Q7s":{"weight":1.0,"played":[0.0,1.0],"evs":[0.0,0.61948]},"Q8s":{"weight":1.0,"played":[0.0,1.0],"evs":[0.0,1.50284]},"Q9s":{"weight":1.0,"played":[0.0,1.0],"evs":[0.0,1.75282]},"QTs":{"weight":1.0,"played":[0.0,1.0],"evs":[0.0,2.89428]},"QJs":{"weight":1.0,"played":[0.0,1.0],"evs":[0.0,3.18129]},"QQ":{"weight":1.0,"played":[0.0,1.0],"evs":[0.0,14.51441]},"KQo":{"weight":1.0,"played":[0.0,1.0],"evs":[0.0,3.18758]},"AQo":{"weight":1.0,"played":[0.0,1.0],"evs":[0.0,6.36504]},"K2s":{"weight":1.0,"played":[0.0373,0.9627],"evs":[0.0,0.30287]},"K3s":{"weight":1.0,"played":[0.0023,0.9977],"evs":[0.0,0.31451]},"K4s":{"weight":1.0,"played":[1.0E-4,0.9999],"evs":[0.0,0.65554]},"K5s":{"weight":1.0,"played":[0.0,1.0],"evs":[0.0,0.8591]},"K6s":{"weight":1.0,"played":[0.0,1.0],"evs":[0.0,1.25758]},"K7s":{"weight":1.0,"played":[3.0E-4,0.9997],"evs":[0.0,1.27735]},"K8s":{"weight":1.0,"played":[0.0,1.0],"evs":[0.0,1.40759]},"K9s":{"weight":1.0,"played":[0.0,1.0],"evs":[0.0,1.70984]},"KTs":{"weight":1.0,"played":[0.0,1.0],"evs":[0.0,2.96882]},"KJs":{"weight":1.0,"played":[0.0,1.0],"evs":[0.0,3.59653]},"KQs":{"weight":1.0,"played":[0.0,1.0],"evs":[0.0,4.50505]},"KK":{"weight":1.0,"played":[0.0,1.0],"evs":[0.0,17.36463]},"AKo":{"weight":1.0,"played":[0.0,1.0],"evs":[0.0,8.16966]},"A2s":{"weight":1.0,"played":[2.0E-4,0.9998],"evs":[0.0,0.81744]},"A3s":{"weight":1.0,"played":[0.0,1.0],"evs":[0.0,0.94048]},"A4s":{"weight":1.0,"played":[3.0E-4,0.9997],"evs":[0.0,1.26723]},"A5s":{"weight":1.0,"played":[0.0,1.0],"evs":[0.0,1.44468]},"A6s":{"weight":1.0,"played":[0.0,1.0],"evs":[0.0,1.49097]},"A7s":{"weight":1.0,"played":[0.0,1.0],"evs":[0.0,1.56244]},"A8s":{"weight":1.0,"played":[0.0,1.0],"evs":[0.0,2.31084]},"A9s":{"weight":1.0,"played":[0.0,1.0],"evs":[0.0,3.01052]},"ATs":{"weight":1.0,"played":[0.0,1.0],"evs":[0.0,4.84628]},"AJs":{"weight":1.0,"played":[0.0,1.0],"evs":[0.0,6.28551]},"AQs":{"weight":1.0,"played":[0.0,1.0],"evs":[0.0,7.61439]},"AKs":{"weight":1.0,"played":[0.0,1.0],"evs":[0.0,9.45964]},"AA":{"weight":1.0,"played":[0.0,1.0],"evs":[0.0,22.38519]}}}