{"player":4,"street":0,"children":2,"sequence":[{"player":0,"type":"R","amount":1165000,"street":0},{"player":1,"type":"C","amount":575000,"street":0},{"player":2,"type":"F","amount":0,"street":0},{"player":3,"type":"F","amount":0,"street":0}],"actions":[{"type":"F","amount":0},{"type":"C","amount":1065000}],"hands":{"22":{"weight":1.0,"played":[0.0,1.0],"evs":[0.0,1.0624]},"32o":{"weight":1.0,"played":[1.0,0.0],"evs":[0.0,-2.5706]},"42o":{"weight":1.0,"played":[1.0,0.0],"evs":[0.0,-2.33508]},"52o":{"weight":1.0,"played":[1.0,0.0],"evs":[0.0,-2.15899]},"62o":{"weight":1.0,"played":[1.0,0.0],"evs":[0.0,-2.3997]},"72o":{"weight":1.0,"played":[1.0,0.0],"evs":[0.0,-2.76268]},"82o":{"weight":1.0,"played":[1.0,0.0],"evs":[0.0,-2.43512]},"92o":{"weight":1.0,"played":[1.0,0.0],"evs":[0.0,-2.5033]},"T2o":{"weight":1.0,"played":[1.0,0.0],"evs":[0.0,-2.45591]},"J2o":{"weight":1.0,"played":[1.0,0.0],"evs":[0.0,-2.24614]},"Q2o":{"weight":1.0,"played":[1.0,0.0],"evs":[0.0,-2.01583]},"K2o":{"weight":1.0,"played":[1.0,0.0],"evs":[0.0,-1.57715]},"A2o":{"weight":1.0,"played":[1.0,0.0],"evs":[0.0,-1.12257]},"32s":{"weight":1.0,"played":[1.0,0.0],"evs":[0.0,-1.28652]},"33":{"weight":1.0,"played":[0.0,1.0],"evs":[0.0,1.46017]},"43o":{"weight":1.0,"played":[1.0,0.0],"evs":[0.0,-1.80712]},"53o":{"weight":1.0,"played":[1.0,0.0],"evs":[0.0,-1.60063]},"63o":{"weight":1.0,"played":[1.0,0.0],"evs":[0.0,-1.77157]},"73o":{"weight":1.0,"played":[1.0,0.0],"evs":[0.0,-2.21867]},"83o":{"weight":1.0,"played":[1.0,0.0],"evs":[0.0,-2.359]},"93o":{"weight":1.0,"played":[1.0,0.0],"evs":[0.0,-2.33247]},"T3o":{"weight":1.0,"played":[1.0,0.0],"evs":[0.0,-2.22852]},"J3o":{"weight":1.0,"played":[1.0,0.0],"evs":[0.0,-2.09955]},"Q3o":{"weight":1.0,"played":[1.0,0.0],"evs":[0.0,-1.82399]},"K3o":{"weight":1.0,"played":[1.0,0.0],"evs":[0.0,-1.47698]},"A3o":{"weight":1.0,"played":[1.0,0.0],"evs":[0.0,-0.88039]},"42s":{"weight":1.0,"played":[1.0,0.0],"evs":[0.0,-1.04648]},"43s":{"weight":1.0,"played":[0.9997,3.0E-4],"evs":[0.0,-0.56556]},"44":{"weight":1.0,"played":[0.0,1.0],"evs":[0.0,2.10174]},"54o":{"weight":1.0,"played":[1.0,0.0],"evs":[0.0,-1.01106]},"64o":{"weight":1.0,"played":[1.0,0.0],"evs":[0.0,-1.17173]},"74o":{"weight":1.0,"played":[1.0,0.0],"evs":[0.0,-1.59662]},"84o":{"weight":1.0,"played":[1.0,0.0],"evs":[0.0,-1.83237]},"94o":{"weight":1.0,"played":[1.0,0.0],"evs":[0.0,-2.25011]},"T4o":{"weight":1.0,"played":[1.0,0.0],"evs":[0.0,-2.05331]},"J4o":{"weight":1.0,"played":[1.0,0.0],"evs":[0.0,-1.8644]},"Q4o":{"weight":1.0,"played":[1.0,0.0],"evs":[0.0,-1.72221]},"K4o":{"weight":1.0,"played":[1.0,0.0],"evs":[0.0,-1.21832]},"A4o":{"weight":1.0,"played":[1.0,0.0],"evs":[0.0,-0.67541]},"52s":{"weight":1.0,"played":[1.0,0.0],"evs":[0.0,-0.94754]},"53s":{"weight":1.0,"played":[0.9998,2.0E-4],"evs":[0.0,-0.31402]},"54s":{"weight":1.0,"played":[4.0E-4,0.9996],"evs":[0.0,0.1121]},"55":{"weight":1.0,"played":[0.0,1.0],"evs":[0.0,2.86258]},"65o":{"weight":1.0,"played":[1.0,0.0],"evs":[0.0,-0.70118]},"75o":{"weight":1.0,"played":[1.0,0.0],"evs":[0.0,-1.08692]},"85o":{"weight":1.0,"played":[1.0,0.0],"evs":[0.0,-1.3333]},"95o":{"weight":1.0,"played":[1.0,0.0],"evs":[0.0,-1.77788]},"T5o":{"weight":1.0,"played":[1.0,0.0],"evs":[0.0,-1.96273]},"J5o":{"weight":1.0,"played":[1.0,0.0],"evs":[0.0,-1.73324]},"Q5o":{"weight":1.0,"played":[1.0,0.0],"evs":[0.0,-1.56311]},"K5o":{"weight":1.0,"played":[1.0,0.0],"evs":[0.0,-1.1058]},"A5o":{"weight":1.0,"played":[0.9999,1.0E-4],"evs":[0.0,-0.40214]},"62s":{"weight":1.0,"played":[1.0,0.0],"evs":[0.0,-1.01926]},"63s":{"weight":1.0,"played":[0.9999,1.0E-4],"evs":[0.0,-0.45845]},"64s":{"weight":1.0,"played":[0.5825,0.4175],"evs":[0.0,-0.02435]},"65s":{"weight":1.0,"played":[0.0,1.0],"evs":[0.0,0.47169]},"66":{"weight":1.0,"played":[0.0,1.0],"evs":[0.0,3.49536]},"76o":{"weight":1.0,"played":[0.9999,1.0E-4],"evs":[0.0,-0.51909]},"86o":{"weight":1.0,"played":[1.0,0.0],"evs":[0.0,-0.70088]},"96o":{"weight":1.0,"played":[1.0,0.0],"evs":[0.0,-1.02125]},"T6o":{"weight":1.0,"played":[1.0,0.0],"evs":[0.0,-1.32394]},"J6o":{"weight":1.0,"played":[1.0,0.0],"evs":[0.0,-1.51304]},"Q6o":{"weight":1.0,"played":[1.0,0.0],"evs":[0.0,-1.18749]},"K6o":{"weight":1.0,"played":[1.0,0.0],"evs":[0.0,-0.81099]},"A6o":{"weight":1.0,"played":[1.0,0.0],"evs":[0.0,-0.53026]},"72s":{"weight":1.0,"played":[1.0,0.0],"evs":[0.0,-1.43785]},"73s":{"weight":1.0,"played":[0.9999,1.0E-4],"evs":[0.0,-0.96901]},"74s":{"weight":1.0,"played":[0.999,0.001],"evs":[0.0,-0.36414]},"75s":{"weight":1.0,"played":[0.0292,0.9708],"evs":[0.0,0.06311]},"76s":{"weight":1.0,"played":[0.0,1.0],"evs":[0.0,0.70315]},"77":{"weight":1.0,"played":[0.0,1.0],"evs":[0.0,4.14623]},"87o":{"weight":1.0,"played":[1.0,0.0],"evs":[0.0,-0.40198]},"97o":{"weight":1.0,"played":[1.0,0.0],"evs":[0.0,-0.75076]},"T7o":{"weight":1.0,"played":[1.0,0.0],"evs":[0.0,-0.96132]},"J7o":{"weight":1.0,"played":[1.0,0.0],"evs":[0.0,-1.202]},"Q7o":{"weight":1.0,"played":[1.0,0.0],"evs":[0.0,-1.31511]},"K7o":{"weight":1.0,"played":[1.0,0.0],"evs":[0.0,-0.7848]},"A7o":{"weight":1.0,"played":[0.9729,0.0271],"evs":[0.0,-0.1454]},"82s":{"weight":1.0,"played":[1.0,0.0],"evs":[0.0,-1.19843]},"83s":{"weight":1.0,"played":[1.0,0.0],"evs":[0.0,-1.23931]},"84s":{"weight":1.0,"played":[1.0,0.0],"evs":[0.0,-0.60897]},"85s":{"weight":1.0,"played":[0.968,0.032],"evs":[0.0,-0.12544]},"86s":{"weight":1.0,"played":[0.0,1.0],"evs":[0.0,0.54275]},"87s":{"weight":1.0,"played":[0.0,1.0],"evs":[0.0,0.69348]},"88":{"weight":1.0,"played":[0.0,1.0],"evs":[0.0,4.8572]},"98o":{"weight":1.0,"played":[0.9998,2.0E-4],"evs":[0.0,-0.23839]},"T8o":{"weight":1.0,"played":[1.0,0.0],"evs":[0.0,-0.4531]},"J8o":{"weight":1.0,"played":[1.0,0.0],"evs":[0.0,-0.60866]},"Q8o":{"weight":1.0,"played":[1.0,0.0],"evs":[0.0,-0.82258]},"K8o":{"weight":1.0,"played":[1.0,0.0],"evs":[0.0,-0.68391]},"A8o":{"weight":1.0,"played":[0.0,1.0],"evs":[0.0,0.34815]},"92s":{"weight":1.0,"played":[1.0,0.0],"evs":[0.0,-1.26825]},"93s":{"weight":1.0,"played":[1.0,0.0],"evs":[0.0,-1.00467]},"94s":{"weight":1.0,"played":[1.0,0.0],"evs":[0.0,-0.99992]},"95s":{"weight":1.0,"played":[0.9997,3.0E-4],"evs":[0.0,-0.4943]},"96s":{"weight":1.0,"played":[1.0E-4,0.9999],"evs":[0.0,0.16068]},"97s":{"weight":1.0,"played":[0.0,1.0],"evs":[0.0,0.39386]},"98s":{"weight":1.0,"played":[0.0,1.0],"evs":[0.0,0.87273]},"99":{"weight":1.0,"played":[0.0,1.0],"evs":[0.0,5.85379]},"T9o":{"weight":1.0,"played":[0.9753,0.0247],"evs":[0.0,-0.11632]},"J9o":{"weight":1.0,"played":[0.9999,1.0E-4],"evs":[0.0,-0.30707]},"Q9o":{"weight":1.0,"played":[1.0,0.0],"evs":[0.0,-0.4253]},"K9o":{"weight":1.0,"played":[1.0,0.0],"evs":[0.0,-0.29134]},"A9o":{"weight":1.0,"played":[0.0,1.0],"evs":[0.0,1.08085]},"T2s":{"weight":1.0,"played":[1.0,0.0],"evs":[0.0,-1.18402]},"T3s":{"weight":1.0,"played":[1.0,0.0],"evs":[0.0,-0.89259]},"T4s":{"weight":1.0,"played":[0.9999,1.0E-4],"evs":[0.0,-0.698]},"T5s":{"weight":1.0,"played":[0.9999,1.0E-4],"evs":[0.0,-0.73159]},"T6s":{"weight":1.0,"played":[0.9999,1.0E-4],"evs":[0.0,-0.11811]},"T7s":{"weight":1.0,"played":[0.002,0.998],"evs":[0.0,0.3069]},"T8s":{"weight":1.0,"played":[0.0,1.0],"evs":[0.0,0.78789]},"T9s":{"weight":1.0,"played":[0.0,1.0],"evs":[0.0,1.05374]},"TT":{"weight":1.0,"played":[0.0,1.0],"evs":[0.0,7.24428]},"JTo":{"weight":1.0,"played":[0.0,1.0],"evs":[0.0,0.34722]},"QTo":{"weight":1.0,"played":[1.0E-4,0.9999],"evs":[0.0,0.25703]},"KTo":{"weight":1.0,"played":[1.0E-4,0.9999],"evs":[0.0,0.57715]},"ATo":{"weight":1.0,"played":[0.0,1.0],"evs":[0.0,2.34504]},"J2s":{"weight":1.0,"played":[1.0,0.0],"evs":[0.0,-0.9402]},"J3s":{"weight":1.0,"played":[1.0,0.0],"evs":[0.0,-0.78485]},"J4s":{"weight":1.0,"played":[0.9999,1.0E-4],"evs":[0.0,-0.61538]},"J5s":{"weight":1.0,"played":[1.0,0.0],"evs":[0.0,-0.48073]},"J6s":{"weight":1.0,"played":[0.9885,0.0115],"evs":[0.0,-0.32072]},"J7s":{"weight":1.0,"played":[0.572,0.428],"evs":[0.0,-0.02709]},"J8s":{"weight":1.0,"played":[2.0E-4,0.9998],"evs":[0.0,0.55043]},"J9s":{"weight":1.0,"played":[0.0,1.0],"evs":[0.0,0.92238]},"JTs":{"weight":1.0,"played":[0.0,1.0],"evs":[0.0,1.43561]},"JJ":{"weight":1.0,"played":[0.0,1.0],"evs":[0.0,8.71775]},"QJo":{"weight":1.0,"played":[0.0,1.0],"evs":[0.0,0.63077]},"KJo":{"weight":1.0,"played":[0.0,1.0],"evs":[0.0,1.17456]},"AJo":{"weight":1.0,"played":[0.0,1.0],"evs":[0.0,3.61961]},"Q2s":{"weight":1.0,"played":[0.9999,1.0E-4],"evs":[0.0,-0.64444]},"Q3s":{"weight":1.0,"played":[0.9997,3.0E-4],"evs":[0.0,-0.57645]},"Q4s":{"weight":1.0,"played":[0.9898,0.0102],"evs":[0.0,-0.39532]},"Q5s":{"weight":1.0,"played":[1.0,0.0],"evs":[0.0,-0.28449]},"Q6s":{"weight":1.0,"played":[0.7961,0.2039],"evs":[0.0,-0.01149]},"Q7s":{"weight":1.0,"played":[0.8897,0.1103],"evs":[0.0,-0.10735]},"Q8s":{"weight":1.0,"played":[1.0E-4,0.9999],"evs":[0.0,0.35597]},"Q9s":{"weight":1.0,"played":[1.0E-4,0.9999],"evs":[0.0,0.75724]},"QTs":{"weight":1.0,"played":[0.0,1.0],"evs":[0.0,1.44931]},"QJs":{"weight":1.0,"played":[0.0,1.0],"evs":[0.0,1.72056]},"QQ":{"weight":1.0,"played":[0.0,1.0],"evs":[0.0,10.4444]},"KQo":{"weight":1.0,"played":[0.0,1.0],"evs":[0.0,1.93438]},"AQo":{"weight":1.0,"played":[0.0,1.0],"evs":[0.0,4.72084]},"K2s":{"weight":1.0,"played":[1.0,0.0],"evs":[0.0,-0.39332]},"K3s":{"weight":1.0,"played":[0.8758,0.1242],"evs":[0.0,-0.08336]},"K4s":{"weight":1.0,"played":[0.4015,0.5985],"evs":[0.0,0.03565]},"K5s":{"weight":1.0,"played":[0.0055,0.9945],"evs":[0.0,0.21105]},"K6s":{"weight":1.0,"played":[1.0E-4,0.9999],"evs":[0.0,0.52794]},"K7s":{"weight":1.0,"played":[7.0E-4,0.9993],"evs":[0.0,0.45229]},"K8s":{"weight":1.0,"played":[1.0E-4,0.9999],"evs":[0.0,0.5554]},"K9s":{"weight":1.0,"played":[0.0,1.0],"evs":[0.0,0.93842]},"KTs":{"weight":1.0,"played":[0.0,1.0],"evs":[0.0,1.55942]},"KJs":{"weight":1.0,"played":[0.0,1.0],"evs":[0.0,2.22602]},"KQs":{"weight":1.0,"played":[0.0,1.0],"evs":[0.0,2.93326]},"KK":{"weight":1.0,"played":[0.0,1.0],"evs":[0.0,12.55189]},"AKo":{"weight":1.0,"played":[0.0,1.0],"evs":[0.0,6.02096]},"A2s":{"weight":1.0,"played":[0.0232,0.9768],"evs":[0.0,0.19459]},"A3s":{"weight":1.0,"played":[0.0,1.0],"evs":[0.0,0.3612]},"A4s":{"weight":1.0,"played":[0.0,1.0],"evs":[0.0,0.6179]},"A5s":{"weight":1.0,"played":[0.0,1.0],"evs":[0.0,0.72313]},"A6s":{"weight":1.0,"played":[0.0,1.0],"evs":[0.0,0.66817]},"A7s":{"weight":1.0,"played":[0.0,1.0],"evs":[0.0,1.05746]},"A8s":{"weight":1.0,"played":[0.0,1.0],"evs":[0.0,1.52391]},"A9s":{"weight":1.0,"played":[0.0,1.0],"evs":[0.0,2.187]},"ATs":{"weight":1.0,"played":[0.0,1.0],"evs":[0.0,3.56595]},"AJs":{"weight":1.0,"played":[0.0,1.0],"evs":[0.0,4.53185]},"AQs":{"weight":1.0,"played":[0.0,1.0],"evs":[0.0,5.61824]},"AKs":{"weight":1.0,"played":[0.0,1.0],"evs":[0.0,6.89119]},"AA":{"weight":1.0,"played":[0.0,1.0],"evs":[0.0,15.88087]}}}