{"player":2,"street":0,"children":2,"sequence":[{"player":0,"type":"R","amount":1165000,"street":0},{"player":1,"type":"C","amount":575000,"street":0},{"player":2,"type":"C","amount":1165000,"street":0},{"player":3,"type":"F","amount":0,"street":0},{"player":4,"type":"R","amount":1295000,"street":0}],"actions":[{"type":"F","amount":0},{"type":"C","amount":130000}],"hands":{"22":{"weight":0.0,"played":[0.0,1.0],"evs":[0.0,10.87676]},"32o":{"weight":0.0,"played":[0.0,1.0],"evs":[0.0,7.35006]},"42o":{"weight":0.0,"played":[0.0,1.0],"evs":[0.0,7.58326]},"52o":{"weight":0.0,"played":[0.0,1.0],"evs":[0.0,7.90481]},"62o":{"weight":0.0,"played":[0.0,1.0],"evs":[0.0,7.39224]},"72o":{"weight":0.0,"played":[0.0,1.0],"evs":[0.0,6.81179]},"82o":{"weight":0.0,"played":[0.0,1.0],"evs":[0.0,7.10948]},"92o":{"weight":0.0,"played":[0.0,1.0],"evs":[0.0,7.1313]},"T2o":{"weight":0.0,"played":[0.0,1.0],"evs":[0.0,7.53818]},"J2o":{"weight":0.0,"played":[0.0,1.0],"evs":[0.0,7.76152]},"Q2o":{"weight":0.0,"played":[0.0,1.0],"evs":[0.0,8.16513]},"K2o":{"weight":0.0,"played":[0.0,1.0],"evs":[0.0,8.56412]},"A2o":{"weight":0.0,"played":[0.0,1.0],"evs":[0.0,9.04725]},"32s":{"weight":0.0,"played":[0.0,1.0],"evs":[0.0,8.88422]},"33":{"weight":0.0014,"played":[0.0,1.0],"evs":[0.0,11.24464]},"43o":{"weight":0.0,"played":[0.0,1.0],"evs":[0.0,8.24688]},"53o":{"weight":0.0,"played":[0.0,1.0],"evs":[0.0,8.46361]},"63o":{"weight":0.0,"played":[0.0,1.0],"evs":[0.0,8.19768]},"73o":{"weight":0.0,"played":[0.0,1.0],"evs":[0.0,7.4082]},"83o":{"weight":0.0,"played":[0.0,1.0],"evs":[0.0,7.17987]},"93o":{"weight":0.0,"played":[0.0,1.0],"evs":[0.0,7.28028]},"T3o":{"weight":0.0,"played":[0.0,1.0],"evs":[0.0,7.55208]},"J3o":{"weight":0.0,"played":[0.0,1.0],"evs":[0.0,8.01199]},"Q3o":{"weight":0.0,"played":[0.0,1.0],"evs":[0.0,8.31954]},"K3o":{"weight":0.0,"played":[0.0,1.0],"evs":[0.0,8.66728]},"A3o":{"weight":0.0,"played":[0.0,1.0],"evs":[0.0,9.18565]},"42s":{"weight":0.0,"played":[0.0,1.0],"evs":[0.0,9.2075]},"43s":{"weight":0.0,"played":[0.0,1.0],"evs":[0.0,9.80064]},"44":{"weight":0.2408,"played":[0.0,1.0],"evs":[0.0,12.08557]},"54o":{"weight":0.0,"played":[0.0,1.0],"evs":[0.0,9.18343]},"64o":{"weight":0.0,"played":[0.0,1.0],"evs":[0.0,8.91268]},"74o":{"weight":0.0,"played":[0.0,1.0],"evs":[0.0,8.23578]},"84o":{"weight":0.0,"played":[0.0,1.0],"evs":[0.0,8.03721]},"94o":{"weight":0.0,"played":[0.0,1.0],"evs":[0.0,7.5893]},"T4o":{"weight":0.0,"played":[0.0,1.0],"evs":[0.0,7.88664]},"J4o":{"weight":0.0,"played":[0.0,1.0],"evs":[0.0,8.23162]},"Q4o":{"weight":0.0,"played":[0.0,1.0],"evs":[0.0,8.48502]},"K4o":{"weight":0.0,"played":[0.0,1.0],"evs":[0.0,8.9256]},"A4o":{"weight":0.0,"played":[0.0,1.0],"evs":[0.0,9.63242]},"52s":{"weight":0.0,"played":[0.0,1.0],"evs":[0.0,9.16122]},"53s":{"weight":0.0,"played":[0.0,1.0],"evs":[0.0,10.14952]},"54s":{"weight":0.0,"played":[0.0,1.0],"evs":[0.0,10.97248]},"55":{"weight":0.4915,"played":[0.0,1.0],"evs":[0.0,12.85681]},"65o":{"weight":0.0,"played":[0.0,1.0],"evs":[0.0,9.56625]},"75o":{"weight":0.0,"played":[0.0,1.0],"evs":[0.0,8.96108]},"85o":{"weight":0.0,"played":[0.0,1.0],"evs":[0.0,8.94831]},"95o":{"weight":0.0,"played":[0.0,1.0],"evs":[0.0,8.37587]},"T5o":{"weight":0.0,"played":[0.0,1.0],"evs":[0.0,8.13777]},"J5o":{"weight":0.0,"played":[0.0,1.0],"evs":[0.0,8.49504]},"Q5o":{"weight":0.0,"played":[0.0,1.0],"evs":[0.0,8.75057]},"K5o":{"weight":0.0,"played":[0.0,1.0],"evs":[0.0,9.27388]},"A5o":{"weight":0.0,"played":[0.0,1.0],"evs":[0.0,9.89727]},"62s":{"weight":0.0,"played":[0.0,1.0],"evs":[0.0,9.06128]},"63s":{"weight":0.0,"played":[0.0,1.0],"evs":[0.0,9.80958]},"64s":{"weight":1.0E-4,"played":[0.0,1.0],"evs":[0.0,10.72028]},"65s":{"weight":0.0022,"played":[0.0,1.0],"evs":[0.0,11.27651]},"66":{"weight":0.2945,"played":[0.0,1.0],"evs":[0.0,13.89638]},"76o":{"weight":0.0,"played":[0.0,1.0],"evs":[0.0,9.62404]},"86o":{"weight":0.0,"played":[0.0,1.0],"evs":[0.0,9.42685]},"96o":{"weight":0.0,"played":[0.0,1.0],"evs":[0.0,9.16142]},"T6o":{"weight":0.0,"played":[0.0,1.0],"evs":[0.0,8.87369]},"J6o":{"weight":0.0,"played":[0.0,1.0],"evs":[0.0,8.77859]},"Q6o":{"weight":0.0,"played":[0.0,1.0],"evs":[0.0,9.33718]},"K6o":{"weight":0.0,"played":[0.0,1.0],"evs":[0.0,9.65581]},"A6o":{"weight":0.0,"played":[0.0,1.0],"evs":[0.0,9.63914]},"72s":{"weight":0.0,"played":[0.0,1.0],"evs":[0.0,8.76051]},"73s":{"weight":0.0,"played":[0.0,1.0],"evs":[0.0,9.75726]},"74s":{"weight":0.0,"played":[0.0,1.0],"evs":[0.0,10.26735]},"75s":{"weight":0.0,"played":[0.0,1.0],"evs":[0.0,10.7403]},"76s":{"weight":0.0054,"played":[0.0,1.0],"evs":[0.0,11.5641]},"77":{"weight":0.3462,"played":[0.0,1.0],"evs":[0.0,14.97534]},"87o":{"weight":0.0,"played":[0.0,1.0],"evs":[0.0,9.96902]},"97o":{"weight":0.0,"played":[0.0,1.0],"evs":[0.0,9.57218]},"T7o":{"weight":0.0,"played":[0.0,1.0],"evs":[0.0,9.29644]},"J7o":{"weight":0.0,"played":[0.0,1.0],"evs":[0.0,9.24476]},"Q7o":{"weight":0.0,"played":[0.0,1.0],"evs":[0.0,9.11157]},"K7o":{"weight":0.0,"played":[0.0,1.0],"evs":[0.0,9.6928]},"A7o":{"weight":0.0,"played":[0.0,1.0],"evs":[0.0,9.76872]},"82s":{"weight":0.0,"played":[0.0,1.0],"evs":[0.0,8.84686]},"83s":{"weight":0.0,"played":[0.0,1.0],"evs":[0.0,8.80542]},"84s":{"weight":0.0,"played":[0.0,1.0],"evs":[0.0,9.76014]},"85s":{"weight":0.0,"played":[0.0,1.0],"evs":[0.0,10.23488]},"86s":{"weight":1.0E-4,"played":[0.0,1.0],"evs":[0.0,11.35293]},"87s":{"weight":0.0014,"played":[0.0,1.0],"evs":[0.0,11.58512]},"88":{"weight":0.4968,"played":[0.0,1.0],"evs":[0.0,16.03776]},"98o":{"weight":0.0,"played":[0.0,1.0],"evs":[0.0,10.08501]},"T8o":{"weight":0.0,"played":[0.0,1.0],"evs":[0.0,10.1832]},"J8o":{"weight":0.0,"played":[0.0,1.0],"evs":[0.0,9.90378]},"Q8o":{"weight":0.0,"played":[0.0,1.0],"evs":[0.0,9.71691]},"K8o":{"weight":0.0,"played":[0.0,1.0],"evs":[0.0,9.99406]},"A8o":{"weight":0.0,"played":[0.0,1.0],"evs":[0.0,10.63843]},"92s":{"weight":0.0,"played":[0.0,1.0],"evs":[0.0,9.05142]},"93s":{"weight":0.0,"played":[0.0,1.0],"evs":[0.0,9.32879]},"94s":{"weight":0.0,"played":[0.0,1.0],"evs":[0.0,9.27028]},"95s":{"weight":0.0,"played":[0.0,1.0],"evs":[0.0,9.56977]},"96s":{"weight":0.0,"played":[0.0,1.0],"evs":[0.0,10.83275]},"97s":{"weight":0.0012,"played":[0.0,1.0],"evs":[0.0,11.4049]},"98s":{"weight":0.178,"played":[0.0,1.0],"evs":[0.0,12.03691]},"99":{"weight":0.2332,"played":[0.0,1.0],"evs":[0.0,17.49263]},"T9o":{"weight":0.0,"played":[0.0,1.0],"evs":[0.0,10.89054]},"J9o":{"weight":0.0,"played":[0.0,1.0],"evs":[0.0,10.55131]},"Q9o":{"weight":0.0,"played":[0.0,1.0],"evs":[0.0,10.56406]},"K9o":{"weight":0.0,"played":[0.0,1.0],"evs":[0.0,10.66002]},"A9o":{"weight":0.0012,"played":[0.0,1.0],"evs":[0.0,11.36177]},"T2s":{"weight":0.0,"played":[0.0,1.0],"evs":[0.0,9.44302]},"T3s":{"weight":0.0,"played":[0.0,1.0],"evs":[0.0,9.53002]},"T4s":{"weight":0.0,"played":[0.0,1.0],"evs":[0.0,9.60763]},"T5s":{"weight":0.0,"played":[0.0,1.0],"evs":[0.0,9.60982]},"T6s":{"weight":0.0,"played":[0.0,1.0],"evs":[0.0,10.80176]},"T7s":{"weight":0.0011,"played":[0.0,1.0],"evs":[0.0,11.30406]},"T8s":{"weight":0.0011,"played":[0.0,1.0],"evs":[0.0,11.66837]},"T9s":{"weight":0.2784,"played":[0.0,1.0],"evs":[0.0,12.30732]},"TT":{"weight":0.3422,"played":[0.0,1.0],"evs":[0.0,19.44763]},"JTo":{"weight":2.0E-4,"played":[0.0,1.0],"evs":[0.0,11.35324]},"QTo":{"weight":1.0E-4,"played":[0.0,1.0],"evs":[0.0,11.47674]},"KTo":{"weight":4.0E-4,"played":[0.0,1.0],"evs":[0.0,11.87313]},"ATo":{"weight":0.5845,"played":[0.0,1.0],"evs":[0.0,13.02313]},"J2s":{"weight":0.0,"played":[0.0,1.0],"evs":[0.0,9.66108]},"J3s":{"weight":0.0,"played":[0.0,1.0],"evs":[0.0,9.70748]},"J4s":{"weight":0.0,"played":[0.0,1.0],"evs":[0.0,9.98837]},"J5s":{"weight":0.0,"played":[0.0,1.0],"evs":[0.0,10.43974]},"J6s":{"weight":0.0,"played":[0.0,1.0],"evs":[0.0,10.34704]},"J7s":{"weight":0.0,"played":[0.0,1.0],"evs":[0.0,11.29843]},"J8s":{"weight":5.0E-4,"played":[0.0,1.0],"evs":[0.0,11.7105]},"J9s":{"weight":0.2756,"played":[0.0,1.0],"evs":[0.0,12.0869]},"JTs":{"weight":0.1539,"played":[0.0,1.0],"evs":[0.0,13.40246]},"JJ":{"weight":0.4983,"played":[0.0,1.0],"evs":[0.0,21.67891]},"QJo":{"weight":0.0033,"played":[0.0,1.0],"evs":[0.0,12.17195]},"KJo":{"weight":0.3414,"played":[0.0,1.0],"evs":[0.0,12.83116]},"AJo":{"weight":0.3354,"played":[0.0,1.0],"evs":[0.0,13.83128]},"Q2s":{"weight":0.0,"played":[0.0,1.0],"evs":[0.0,9.90699]},"Q3s":{"weight":0.0,"played":[0.0,1.0],"evs":[0.0,10.32499]},"Q4s":{"weight":0.0,"played":[0.0,1.0],"evs":[0.0,10.40441]},"Q5s":{"weight":0.0,"played":[0.0,1.0],"evs":[0.0,10.66023]},"Q6s":{"weight":0.0,"played":[0.0,1.0],"evs":[0.0,11.2857]},"Q7s":{"weight":1.0E-4,"played":[0.0,1.0],"evs":[0.0,11.13369]},"Q8s":{"weight":0.0017,"played":[0.0,1.0],"evs":[0.0,11.3362]},"Q9s":{"weight":0.5392,"played":[0.0,1.0],"evs":[0.0,12.45903]},"QTs":{"weight":0.4502,"played":[0.0,1.0],"evs":[0.0,13.27025]},"QJs":{"weight":0.2958,"played":[0.0,1.0],"evs":[0.0,13.54935]},"QQ":{"weight":0.1476,"played":[0.0,1.0],"evs":[0.0,24.17042]},"KQo":{"weight":0.4844,"played":[0.0,1.0],"evs":[0.0,13.69749]},"AQo":{"weight":0.2099,"played":[0.0,1.0],"evs":[0.0,15.04528]},"K2s":{"weight":0.0,"played":[0.0,1.0],"evs":[0.0,10.60699]},"K3s":{"weight":0.0,"played":[0.0,1.0],"evs":[0.0,10.75052]},"K4s":{"weight":0.0,"played":[0.0,1.0],"evs":[0.0,10.8383]},"K5s":{"weight":0.0,"played":[0.0,1.0],"evs":[0.0,11.03214]},"K6s":{"weight":0.0,"played":[0.0,1.0],"evs":[0.0,11.67389]},"K7s":{"weight":0.0062,"played":[0.0,1.0],"evs":[0.0,11.42346]},"K8s":{"weight":0.0055,"played":[0.0,1.0],"evs":[0.0,11.98717]},"K9s":{"weight":0.4097,"played":[0.0,1.0],"evs":[0.0,12.6157]},"KTs":{"weight":0.1713,"played":[0.0,1.0],"evs":[0.0,13.56225]},"KJs":{"weight":0.1574,"played":[0.0,1.0],"evs":[0.0,14.22949]},"KQs":{"weight":0.3642,"played":[0.0,1.0],"evs":[0.0,15.08105]},"KK":{"weight":0.2775,"played":[0.0,1.0],"evs":[0.0,27.15529]},"AKo":{"weight":0.641,"played":[0.0,1.0],"evs":[0.0,16.44098]},"A2s":{"weight":0.0,"played":[0.0,1.0],"evs":[0.0,11.03353]},"A3s":{"weight":0.0,"played":[0.0,1.0],"evs":[0.0,11.05762]},"A4s":{"weight":0.0011,"played":[0.0,1.0],"evs":[0.0,11.60052]},"A5s":{"weight":2.0E-4,"played":[0.0,1.0],"evs":[0.0,11.61835]},"A6s":{"weight":0.001,"played":[0.0,1.0],"evs":[0.0,11.58235]},"A7s":{"weight":0.0176,"played":[0.0,1.0],"evs":[0.0,11.99632]},"A8s":{"weight":0.4589,"played":[0.0,1.0],"evs":[0.0,12.28785]},"A9s":{"weight":0.658,"played":[0.0,1.0],"evs":[0.0,13.06152]},"ATs":{"weight":0.7031,"played":[0.0,1.0],"evs":[0.0,14.90165]},"AJs":{"weight":0.7163,"played":[0.0,1.0],"evs":[0.0,15.78966]},"AQs":{"weight":0.9448,"played":[0.0,1.0],"evs":[0.0,16.88818]},"AKs":{"weight":0.8291,"played":[0.0,1.0],"evs":[0.0,17.82571]},"AA":{"weight":0.3608,"played":[0.0,1.0],"evs":[0.0,31.51419]}}}