{"player":4,"street":0,"children":2,"sequence":[{"player":0,"type":"F","amount":0,"street":0},{"player":1,"type":"F","amount":0,"street":0},{"player":2,"type":"R","amount":1295000,"street":0},{"player":3,"type":"F","amount":0,"street":0}],"actions":[{"type":"F","amount":0},{"type":"C","amount":1195000}],"hands":{"22":{"weight":1.0,"played":[0.0,1.0],"evs":[0.0,2.4511]},"32o":{"weight":1.0,"played":[1.0,0.0],"evs":[0.0,-2.72555]},"42o":{"weight":1.0,"played":[1.0,0.0],"evs":[0.0,-2.47252]},"52o":{"weight":1.0,"played":[1.0,0.0],"evs":[0.0,-2.24842]},"62o":{"weight":1.0,"played":[1.0,0.0],"evs":[0.0,-2.56868]},"72o":{"weight":1.0,"played":[1.0,0.0],"evs":[0.0,-2.77702]},"82o":{"weight":1.0,"played":[1.0,0.0],"evs":[0.0,-2.51551]},"92o":{"weight":1.0,"played":[1.0,0.0],"evs":[0.0,-2.41917]},"T2o":{"weight":1.0,"played":[1.0,0.0],"evs":[0.0,-2.31427]},"J2o":{"weight":1.0,"played":[1.0,0.0],"evs":[0.0,-2.13246]},"Q2o":{"weight":1.0,"played":[1.0,0.0],"evs":[0.0,-1.94146]},"K2o":{"weight":1.0,"played":[1.0,0.0],"evs":[0.0,-1.08172]},"A2o":{"weight":1.0,"played":[0.0,1.0],"evs":[0.0,1.1237]},"32s":{"weight":1.0,"played":[1.0,0.0],"evs":[0.0,-1.45529]},"33":{"weight":1.0,"played":[0.0,1.0],"evs":[0.0,3.15385]},"43o":{"weight":1.0,"played":[1.0,0.0],"evs":[0.0,-1.89809]},"53o":{"weight":1.0,"played":[1.0,0.0],"evs":[0.0,-1.70114]},"63o":{"weight":1.0,"played":[1.0,0.0],"evs":[0.0,-1.99185]},"73o":{"weight":1.0,"played":[1.0,0.0],"evs":[0.0,-2.19188]},"83o":{"weight":1.0,"played":[1.0,0.0],"evs":[0.0,-2.41266]},"93o":{"weight":1.0,"played":[1.0,0.0],"evs":[0.0,-2.16496]},"T3o":{"weight":1.0,"played":[1.0,0.0],"evs":[0.0,-2.07846]},"J3o":{"weight":1.0,"played":[1.0,0.0],"evs":[0.0,-1.9165]},"Q3o":{"weight":1.0,"played":[1.0,0.0],"evs":[0.0,-1.73211]},"K3o":{"weight":1.0,"played":[1.0,0.0],"evs":[0.0,-0.87301]},"A3o":{"weight":1.0,"played":[0.0,1.0],"evs":[0.0,1.30848]},"42s":{"weight":1.0,"played":[1.0,0.0],"evs":[0.0,-1.25459]},"43s":{"weight":1.0,"played":[1.0,0.0],"evs":[0.0,-0.73754]},"44":{"weight":1.0,"played":[0.0,1.0],"evs":[0.0,3.88204]},"54o":{"weight":1.0,"played":[1.0,0.0],"evs":[0.0,-1.14143]},"64o":{"weight":1.0,"played":[1.0,0.0],"evs":[0.0,-1.44021]},"74o":{"weight":1.0,"played":[1.0,0.0],"evs":[0.0,-1.67443]},"84o":{"weight":1.0,"played":[1.0,0.0],"evs":[0.0,-1.82286]},"94o":{"weight":1.0,"played":[1.0,0.0],"evs":[0.0,-2.04656]},"T4o":{"weight":1.0,"played":[1.0,0.0],"evs":[0.0,-1.8801]},"J4o":{"weight":1.0,"played":[1.0,0.0],"evs":[0.0,-1.69121]},"Q4o":{"weight":1.0,"played":[1.0,0.0],"evs":[0.0,-1.47294]},"K4o":{"weight":1.0,"played":[1.0,0.0],"evs":[0.0,-0.64947]},"A4o":{"weight":1.0,"played":[0.0,1.0],"evs":[0.0,1.57041]},"52s":{"weight":1.0,"played":[1.0,0.0],"evs":[0.0,-1.00925]},"53s":{"weight":1.0,"played":[1.0,0.0],"evs":[0.0,-0.52534]},"54s":{"weight":1.0,"played":[0.2249,0.7751],"evs":[0.0,0.03324]},"55":{"weight":1.0,"played":[0.0,1.0],"evs":[0.0,4.58562]},"65o":{"weight":1.0,"played":[1.0,0.0],"evs":[0.0,-0.88134]},"75o":{"weight":1.0,"played":[1.0,0.0],"evs":[0.0,-1.09917]},"85o":{"weight":1.0,"played":[1.0,0.0],"evs":[0.0,-1.24753]},"95o":{"weight":1.0,"played":[1.0,0.0],"evs":[0.0,-1.48637]},"T5o":{"weight":1.0,"played":[1.0,0.0],"evs":[0.0,-1.72699]},"J5o":{"weight":1.0,"played":[1.0,0.0],"evs":[0.0,-1.44733]},"Q5o":{"weight":1.0,"played":[1.0,0.0],"evs":[0.0,-1.25552]},"K5o":{"weight":1.0,"played":[1.0,0.0],"evs":[0.0,-0.42811]},"A5o":{"weight":1.0,"played":[0.0,1.0],"evs":[0.0,1.91576]},"62s":{"weight":1.0,"played":[1.0,0.0],"evs":[0.0,-1.37991]},"63s":{"weight":1.0,"played":[1.0,0.0],"evs":[0.0,-0.81281]},"64s":{"weight":1.0,"played":[0.9998,2.0E-4],"evs":[0.0,-0.2725]},"65s":{"weight":1.0,"played":[0.0,1.0],"evs":[0.0,0.24505]},"66":{"weight":1.0,"played":[0.0,1.0],"evs":[0.0,5.14575]},"76o":{"weight":1.0,"played":[1.0,0.0],"evs":[0.0,-0.59907]},"86o":{"weight":1.0,"played":[1.0,0.0],"evs":[0.0,-0.72047]},"96o":{"weight":1.0,"played":[1.0,0.0],"evs":[0.0,-0.9794]},"T6o":{"weight":1.0,"played":[1.0,0.0],"evs":[0.0,-1.18375]},"J6o":{"weight":1.0,"played":[1.0,0.0],"evs":[0.0,-1.35493]},"Q6o":{"weight":1.0,"played":[1.0,0.0],"evs":[0.0,-1.08866]},"K6o":{"weight":1.0,"played":[1.0,0.0],"evs":[0.0,-0.26195]},"A6o":{"weight":1.0,"played":[0.0,1.0],"evs":[0.0,2.07741]},"72s":{"weight":1.0,"played":[1.0,0.0],"evs":[0.0,-1.5089]},"73s":{"weight":1.0,"played":[1.0,0.0],"evs":[0.0,-0.96783]},"74s":{"weight":1.0,"played":[1.0,0.0],"evs":[0.0,-0.49464]},"75s":{"weight":1.0,"played":[1.0E-4,0.9999],"evs":[0.0,0.02392]},"76s":{"weight":1.0,"played":[0.0,1.0],"evs":[0.0,0.47957]},"77":{"weight":1.0,"played":[0.0,1.0],"evs":[0.0,5.81564]},"87o":{"weight":1.0,"played":[1.0,0.0],"evs":[0.0,-0.32829]},"97o":{"weight":1.0,"played":[1.0,0.0],"evs":[0.0,-0.51658]},"T7o":{"weight":1.0,"played":[1.0,0.0],"evs":[0.0,-0.7613]},"J7o":{"weight":1.0,"played":[1.0,0.0],"evs":[0.0,-0.92716]},"Q7o":{"weight":1.0,"played":[1.0,0.0],"evs":[0.0,-1.04489]},"K7o":{"weight":1.0,"played":[0.9999,1.0E-4],"evs":[0.0,-0.10169]},"A7o":{"weight":1.0,"played":[0.0,1.0],"evs":[0.0,2.78894]},"82s":{"weight":1.0,"played":[1.0,0.0],"evs":[0.0,-1.24669]},"83s":{"weight":1.0,"played":[1.0,0.0],"evs":[0.0,-1.14026]},"84s":{"weight":1.0,"played":[1.0,0.0],"evs":[0.0,-0.63116]},"85s":{"weight":1.0,"played":[0.9977,0.0023],"evs":[0.0,-0.12309]},"86s":{"weight":1.0,"played":[2.0E-4,0.9998],"evs":[0.0,0.34042]},"87s":{"weight":1.0,"played":[0.0,1.0],"evs":[0.0,0.71331]},"88":{"weight":1.0,"played":[0.0,1.0],"evs":[0.0,6.43524]},"98o":{"weight":1.0,"played":[0.9999,1.0E-4],"evs":[0.0,-0.08327]},"T8o":{"weight":1.0,"played":[1.0,0.0],"evs":[0.0,-0.26406]},"J8o":{"weight":1.0,"played":[1.0,0.0],"evs":[0.0,-0.44223]},"Q8o":{"weight":1.0,"played":[1.0,0.0],"evs":[0.0,-0.58342]},"K8o":{"weight":1.0,"played":[0.1183,0.8817],"evs":[0.0,0.03019]},"A8o":{"weight":1.0,"played":[0.0,1.0],"evs":[0.0,3.62733]},"92s":{"weight":1.0,"played":[1.0,0.0],"evs":[0.0,-1.20596]},"93s":{"weight":1.0,"played":[1.0,0.0],"evs":[0.0,-0.96494]},"94s":{"weight":1.0,"played":[1.0,0.0],"evs":[0.0,-0.87231]},"95s":{"weight":1.0,"played":[1.0,0.0],"evs":[0.0,-0.31354]},"96s":{"weight":1.0,"played":[0.0,1.0],"evs":[0.0,0.16709]},"97s":{"weight":1.0,"played":[0.0,1.0],"evs":[0.0,0.58084]},"98s":{"weight":1.0,"played":[0.0,1.0],"evs":[0.0,1.00846]},"99":{"weight":1.0,"played":[0.0,1.0],"evs":[0.0,7.19626]},"T9o":{"weight":1.0,"played":[0.0,1.0],"evs":[0.0,0.19264]},"J9o":{"weight":1.0,"played":[0.0026,0.9974],"evs":[0.0,0.04646]},"Q9o":{"weight":1.0,"played":[0.9999,1.0E-4],"evs":[0.0,-0.07754]},"K9o":{"weight":1.0,"played":[0.0,1.0],"evs":[0.0,0.66303]},"A9o":{"weight":1.0,"played":[0.0,1.0],"evs":[0.0,4.49478]},"T2s":{"weight":1.0,"played":[1.0,0.0],"evs":[0.0,-1.08944]},"T3s":{"weight":1.0,"played":[1.0,0.0],"evs":[0.0,-0.90274]},"T4s":{"weight":1.0,"played":[1.0,0.0],"evs":[0.0,-0.70153]},"T5s":{"weight":1.0,"played":[0.9999,1.0E-4],"evs":[0.0,-0.556]},"T6s":{"weight":1.0,"played":[0.9909,0.0091],"evs":[0.0,-0.08014]},"T7s":{"weight":1.0,"played":[0.0,1.0],"evs":[0.0,0.38094]},"T8s":{"weight":1.0,"played":[0.0,1.0],"evs":[0.0,0.79601]},"T9s":{"weight":1.0,"played":[0.0,1.0],"evs":[0.0,1.22893]},"TT":{"weight":1.0,"played":[0.0,1.0],"evs":[0.0,8.39349]},"JTo":{"weight":1.0,"played":[0.0,1.0],"evs":[0.0,0.64209]},"QTo":{"weight":1.0,"played":[0.0,1.0],"evs":[0.0,0.77616]},"KTo":{"weight":1.0,"played":[0.0,1.0],"evs":[0.0,1.65675]},"ATo":{"weight":1.0,"played":[0.0,1.0],"evs":[0.0,6.02531]},"J2s":{"weight":1.0,"played":[1.0,0.0],"evs":[0.0,-0.90784]},"J3s":{"weight":1.0,"played":[1.0,0.0],"evs":[0.0,-0.7157]},"J4s":{"weight":1.0,"played":[1.0,0.0],"evs":[0.0,-0.53072]},"J5s":{"weight":1.0,"played":[1.0,0.0],"evs":[0.0,-0.29267]},"J6s":{"weight":1.0,"played":[0.9986,0.0014],"evs":[0.0,-0.22431]},"J7s":{"weight":1.0,"played":[5.0E-4,0.9995],"evs":[0.0,0.23531]},"J8s":{"weight":1.0,"played":[0.0,1.0],"evs":[0.0,0.7001]},"J9s":{"weight":1.0,"played":[0.0,1.0],"evs":[0.0,1.10818]},"JTs":{"weight":1.0,"played":[0.0,1.0],"evs":[0.0,1.6493]},"JJ":{"weight":1.0,"played":[0.0,1.0],"evs":[0.0,9.4373]},"QJo":{"weight":1.0,"played":[0.0,1.0],"evs":[0.0,1.392]},"KJo":{"weight":1.0,"played":[0.0,1.0],"evs":[0.0,2.31087]},"AJo":{"weight":1.0,"played":[0.0,1.0],"evs":[0.0,6.99564]},"Q2s":{"weight":1.0,"played":[1.0,0.0],"evs":[0.0,-0.69617]},"Q3s":{"weight":1.0,"played":[0.9999,1.0E-4],"evs":[0.0,-0.47641]},"Q4s":{"weight":1.0,"played":[0.9999,1.0E-4],"evs":[0.0,-0.33476]},"Q5s":{"weight":1.0,"played":[0.9718,0.0282],"evs":[0.0,-0.12944]},"Q6s":{"weight":1.0,"played":[0.0155,0.9845],"evs":[0.0,0.07318]},"Q7s":{"weight":1.0,"played":[2.0E-4,0.9998],"evs":[0.0,0.09918]},"Q8s":{"weight":1.0,"played":[0.0,1.0],"evs":[0.0,0.51677]},"Q9s":{"weight":1.0,"played":[0.0,1.0],"evs":[0.0,1.04182]},"QTs":{"weight":1.0,"played":[0.0,1.0],"evs":[0.0,1.77124]},"QJs":{"weight":1.0,"played":[0.0,1.0],"evs":[0.0,2.38757]},"QQ":{"weight":1.0,"played":[0.0,1.0],"evs":[0.0,10.54406]},"KQo":{"weight":1.0,"played":[0.0,1.0],"evs":[0.0,3.06911]},"AQo":{"weight":1.0,"played":[0.0,1.0],"evs":[0.0,8.00828]},"K2s":{"weight":1.0,"played":[0.0403,0.9597],"evs":[0.0,0.06783]},"K3s":{"weight":1.0,"played":[0.0,1.0],"evs":[0.0,0.29328]},"K4s":{"weight":1.0,"played":[0.0,1.0],"evs":[0.0,0.51]},"K5s":{"weight":1.0,"played":[0.0,1.0],"evs":[0.0,0.71984]},"K6s":{"weight":1.0,"played":[0.0,1.0],"evs":[0.0,0.83546]},"K7s":{"weight":1.0,"played":[0.0,1.0],"evs":[0.0,1.01547]},"K8s":{"weight":1.0,"played":[0.0,1.0],"evs":[0.0,1.1543]},"K9s":{"weight":1.0,"played":[0.0,1.0],"evs":[0.0,1.71496]},"KTs":{"weight":1.0,"played":[0.0,1.0],"evs":[0.0,2.66017]},"KJs":{"weight":1.0,"played":[0.0,1.0],"evs":[0.0,3.25706]},"KQs":{"weight":1.0,"played":[0.0,1.0],"evs":[0.0,3.95603]},"KK":{"weight":1.0,"played":[0.0,1.0],"evs":[0.0,11.98325]},"AKo":{"weight":1.0,"played":[0.0,1.0],"evs":[0.0,9.09113]},"A2s":{"weight":1.0,"played":[0.0,1.0],"evs":[0.0,2.17245]},"A3s":{"weight":1.0,"played":[0.0,1.0],"evs":[0.0,2.33965]},"A4s":{"weight":1.0,"played":[0.0,1.0],"evs":[0.0,2.62287]},"A5s":{"weight":1.0,"played":[0.0,1.0],"evs":[0.0,2.92541]},"A6s":{"weight":1.0,"played":[0.0,1.0],"evs":[0.0,3.07305]},"A7s":{"weight":1.0,"played":[0.0,1.0],"evs":[0.0,3.68559]},"A8s":{"weight":1.0,"played":[0.0,1.0],"evs":[0.0,4.50243]},"A9s":{"weight":1.0,"played":[0.0,1.0],"evs":[0.0,5.35327]},"ATs":{"weight":1.0,"played":[0.0,1.0],"evs":[0.0,6.72149]},"AJs":{"weight":1.0,"played":[0.0,1.0],"evs":[0.0,7.65811]},"AQs":{"weight":1.0,"played":[0.0,1.0],"evs":[0.0,8.6652]},"AKs":{"weight":1.0,"played":[0.0,1.0],"evs":[0.0,9.63253]},"AA":{"weight":1.0,"played":[0.0,1.0],"evs":[0.0,16.05765]}}}