{"player":3,"street":0,"children":2,"sequence":[{"player":0,"type":"F","amount":0,"street":0},{"player":1,"type":"F","amount":0,"street":0},{"player":2,"type":"R","amount":1295000,"street":0},{"player":3,"type":"C","amount":1245000,"street":0},{"player":4,"type":"R","amount":2575000,"street":0}],"actions":[{"type":"F","amount":0},{"type":"C","amount":1280000}],"hands":{"22":{"weight":4.0E-4,"played":[0.0,1.0],"evs":[0.0,9.39212]},"32o":{"weight":0.0,"played":[0.0,1.0],"evs":[0.0,2.00084]},"42o":{"weight":0.0,"played":[0.0,1.0],"evs":[0.0,2.63885]},"52o":{"weight":0.0,"played":[0.0,1.0],"evs":[0.0,3.11723]},"62o":{"weight":0.0,"played":[0.0,1.0],"evs":[0.0,2.59023]},"72o":{"weight":0.0,"played":[0.0,1.0],"evs":[0.0,1.79481]},"82o":{"weight":0.0,"played":[0.0,1.0],"evs":[0.0,2.18998]},"92o":{"weight":0.0,"played":[0.0,1.0],"evs":[0.0,2.29329]},"T2o":{"weight":0.0,"played":[0.0,1.0],"evs":[0.0,2.46367]},"J2o":{"weight":0.0,"played":[0.0,1.0],"evs":[0.0,2.62853]},"Q2o":{"weight":0.0,"played":[0.0,1.0],"evs":[0.0,3.25485]},"K2o":{"weight":0.0,"played":[0.0,1.0],"evs":[0.0,4.40875]},"A2o":{"weight":0.0,"played":[0.0,1.0],"evs":[0.0,5.58908]},"32s":{"weight":0.0,"played":[0.0,1.0],"evs":[0.0,4.79342]},"33":{"weight":3.0E-4,"played":[0.0,1.0],"evs":[0.0,10.56569]},"43o":{"weight":0.0,"played":[0.0,1.0],"evs":[0.0,3.74348]},"53o":{"weight":0.0,"played":[0.0,1.0],"evs":[0.0,4.28273]},"63o":{"weight":0.0,"played":[0.0,1.0],"evs":[0.0,3.72063]},"73o":{"weight":0.0,"played":[0.0,1.0],"evs":[0.0,3.14062]},"83o":{"weight":0.0,"played":[0.0,1.0],"evs":[0.0,2.21664]},"93o":{"weight":0.0,"played":[0.0,1.0],"evs":[0.0,2.7341]},"T3o":{"weight":0.0,"played":[0.0,1.0],"evs":[0.0,2.8552]},"J3o":{"weight":0.0,"played":[0.0,1.0],"evs":[0.0,3.08975]},"Q3o":{"weight":0.0,"played":[0.0,1.0],"evs":[0.0,3.78234]},"K3o":{"weight":0.0,"played":[0.0,1.0],"evs":[0.0,4.75939]},"A3o":{"weight":2.0E-4,"played":[0.0,1.0],"evs":[0.0,6.16175]},"42s":{"weight":0.0,"played":[0.0,1.0],"evs":[0.0,5.35225]},"43s":{"weight":0.0,"played":[0.0,1.0],"evs":[0.0,6.12757]},"44":{"weight":0.007,"played":[0.0,1.0],"evs":[0.0,11.83219]},"54o":{"weight":0.0,"played":[0.0,1.0],"evs":[0.0,5.50037]},"64o":{"weight":0.0,"played":[0.0,1.0],"evs":[0.0,4.98528]},"74o":{"weight":0.0,"played":[0.0,1.0],"evs":[0.0,4.46851]},"84o":{"weight":0.0,"played":[0.0,1.0],"evs":[0.0,3.46304]},"94o":{"weight":0.0,"played":[0.0,1.0],"evs":[0.0,3.04788]},"T4o":{"weight":0.0,"played":[0.0,1.0],"evs":[0.0,3.25734]},"J4o":{"weight":0.0,"played":[0.0,1.0],"evs":[0.0,3.45274]},"Q4o":{"weight":0.0,"played":[0.0,1.0],"evs":[0.0,4.14767]},"K4o":{"weight":0.0,"played":[0.0,1.0],"evs":[0.0,5.22235]},"A4o":{"weight":0.1263,"played":[0.0,1.0],"evs":[0.0,6.70194]},"52s":{"weight":0.0,"played":[0.0,1.0],"evs":[0.0,5.67524]},"53s":{"weight":0.0,"played":[0.0,1.0],"evs":[0.0,6.9126]},"54s":{"weight":0.0,"played":[0.0,1.0],"evs":[0.0,7.85046]},"55":{"weight":0.014,"played":[0.0,1.0],"evs":[0.0,13.10148]},"65o":{"weight":0.0,"played":[0.0,1.0],"evs":[0.0,6.08649]},"75o":{"weight":0.0,"played":[0.0,1.0],"evs":[0.0,5.53342]},"85o":{"weight":0.0,"played":[0.0,1.0],"evs":[0.0,4.75884]},"95o":{"weight":0.0,"played":[0.0,1.0],"evs":[0.0,4.28896]},"T5o":{"weight":0.0,"played":[0.0,1.0],"evs":[0.0,3.66604]},"J5o":{"weight":0.0,"played":[0.0,1.0],"evs":[0.0,4.02359]},"Q5o":{"weight":0.0,"played":[0.0,1.0],"evs":[0.0,4.39084]},"K5o":{"weight":0.0,"played":[0.0,1.0],"evs":[0.0,5.55698]},"A5o":{"weight":0.1014,"played":[0.0,1.0],"evs":[0.0,7.36727]},"62s":{"weight":0.0,"played":[0.0,1.0],"evs":[0.0,5.19007]},"63s":{"weight":0.0,"played":[0.0,1.0],"evs":[0.0,6.28833]},"64s":{"weight":0.0,"played":[0.0,1.0],"evs":[0.0,7.47601]},"65s":{"weight":0.0,"played":[0.0,1.0],"evs":[0.0,8.38629]},"66":{"weight":0.0305,"played":[0.0,1.0],"evs":[0.0,14.3969]},"76o":{"weight":0.0,"played":[0.0,1.0],"evs":[0.0,6.39461]},"86o":{"weight":0.0,"played":[0.0,1.0],"evs":[0.0,5.80245]},"96o":{"weight":0.0,"played":[0.0,1.0],"evs":[0.0,5.32154]},"T6o":{"weight":0.0,"played":[0.0,1.0],"evs":[0.0,4.69123]},"J6o":{"weight":0.0,"played":[0.0,1.0],"evs":[0.0,4.29606]},"Q6o":{"weight":0.0,"played":[0.0,1.0],"evs":[0.0,4.96579]},"K6o":{"weight":0.0,"played":[0.0,1.0],"evs":[0.0,6.08532]},"A6o":{"weight":1.0E-4,"played":[0.0,1.0],"evs":[0.0,6.94652]},"72s":{"weight":0.0,"played":[0.0,1.0],"evs":[0.0,4.29669]},"73s":{"weight":0.0,"played":[0.0,1.0],"evs":[0.0,5.41779]},"74s":{"weight":0.0,"played":[0.0,1.0],"evs":[0.0,6.6982]},"75s":{"weight":0.0,"played":[0.0,1.0],"evs":[0.0,7.88288]},"76s":{"weight":0.0,"played":[0.0,1.0],"evs":[0.0,8.97344]},"77":{"weight":0.0959,"played":[0.0,1.0],"evs":[0.0,15.52816]},"87o":{"weight":0.0,"played":[0.0,1.0],"evs":[0.0,6.80936]},"97o":{"weight":0.0,"played":[0.0,1.0],"evs":[0.0,6.14405]},"T7o":{"weight":0.0,"played":[0.0,1.0],"evs":[0.0,5.80384]},"J7o":{"weight":0.0,"played":[0.0,1.0],"evs":[0.0,5.22551]},"Q7o":{"weight":0.0,"played":[0.0,1.0],"evs":[0.0,5.03694]},"K7o":{"weight":0.0,"played":[0.0,1.0],"evs":[0.0,6.323]},"A7o":{"weight":0.0515,"played":[0.0,1.0],"evs":[0.0,7.61188]},"82s":{"weight":0.0,"played":[0.0,1.0],"evs":[0.0,5.00338]},"83s":{"weight":0.0,"played":[0.0,1.0],"evs":[0.0,5.00226]},"84s":{"weight":0.0,"played":[0.0,1.0],"evs":[0.0,6.20169]},"85s":{"weight":0.0,"played":[0.0,1.0],"evs":[0.0,7.08135]},"86s":{"weight":0.0,"played":[0.0,1.0],"evs":[0.0,8.41499]},"87s":{"weight":0.0,"played":[0.0,1.0],"evs":[0.0,9.35193]},"88":{"weight":0.0227,"played":[0.0,1.0],"evs":[0.0,17.48584]},"98o":{"weight":0.0,"played":[0.0,1.0],"evs":[0.0,6.90864]},"T8o":{"weight":0.0,"played":[0.0,1.0],"evs":[0.0,6.48068]},"J8o":{"weight":0.0,"played":[0.0,1.0],"evs":[0.0,6.01173]},"Q8o":{"weight":0.0,"played":[0.0,1.0],"evs":[0.0,5.7824]},"K8o":{"weight":0.0,"played":[0.0,1.0],"evs":[0.0,6.20695]},"A8o":{"weight":1.0E-4,"played":[0.0,1.0],"evs":[0.0,8.63136]},"92s":{"weight":0.0,"played":[0.0,1.0],"evs":[0.0,4.9894]},"93s":{"weight":0.0,"played":[0.0,1.0],"evs":[0.0,5.31231]},"94s":{"weight":0.0,"played":[0.0,1.0],"evs":[0.0,5.76205]},"95s":{"weight":0.0,"played":[0.0,1.0],"evs":[0.0,6.76841]},"96s":{"weight":0.0,"played":[0.0,1.0],"evs":[0.0,8.10163]},"97s":{"weight":0.0,"played":[0.0,1.0],"evs":[0.0,8.7847]},"98s":{"weight":0.7795,"played":[0.0,1.0],"evs":[0.0,9.42388]},"99":{"weight":0.001,"played":[0.0,1.0],"evs":[0.0,19.37464]},"T9o":{"weight":0.0,"played":[0.0,1.0],"evs":[0.0,7.3656]},"J9o":{"weight":0.0,"played":[0.0,1.0],"evs":[0.0,6.77137]},"Q9o":{"weight":0.0,"played":[0.0,1.0],"evs":[0.0,6.78795]},"K9o":{"weight":0.0,"played":[0.0,1.0],"evs":[0.0,7.29237]},"A9o":{"weight":1.0E-4,"played":[0.0,1.0],"evs":[0.0,10.17886]},"T2s":{"weight":0.0,"played":[0.0,1.0],"evs":[0.0,5.15175]},"T3s":{"weight":0.0,"played":[0.0,1.0],"evs":[0.0,5.30948]},"T4s":{"weight":0.0,"played":[0.0,1.0],"evs":[0.0,6.06018]},"T5s":{"weight":0.0,"played":[0.0,1.0],"evs":[0.0,6.12569]},"T6s":{"weight":0.0,"played":[0.0,1.0],"evs":[0.0,7.28334]},"T7s":{"weight":0.0,"played":[0.0,1.0],"evs":[0.0,8.09667]},"T8s":{"weight":8.0E-4,"played":[0.0,1.0],"evs":[0.0,9.26089]},"T9s":{"weight":0.4374,"played":[0.0,1.0],"evs":[0.0,10.03622]},"TT":{"weight":0.0621,"played":[0.0,1.0],"evs":[0.0,21.82834]},"JTo":{"weight":0.0,"played":[0.0,1.0],"evs":[0.0,8.35247]},"QTo":{"weight":2.0E-4,"played":[0.0,1.0],"evs":[0.0,8.31276]},"KTo":{"weight":0.0,"played":[0.0,1.0],"evs":[0.0,9.11542]},"ATo":{"weight":0.2802,"played":[0.0,1.0],"evs":[0.0,13.09414]},"J2s":{"weight":0.0,"played":[0.0,1.0],"evs":[0.0,5.32428]},"J3s":{"weight":0.0,"played":[0.0,1.0],"evs":[0.0,5.7865]},"J4s":{"weight":0.0,"played":[0.0,1.0],"evs":[0.0,6.08762]},"J5s":{"weight":0.0,"played":[0.0,1.0],"evs":[0.0,6.62361]},"J6s":{"weight":0.0,"played":[0.0,1.0],"evs":[0.0,6.86233]},"J7s":{"weight":0.0,"played":[0.0,1.0],"evs":[0.0,7.60949]},"J8s":{"weight":0.0,"played":[0.0,1.0],"evs":[0.0,8.3313]},"J9s":{"weight":0.0593,"played":[0.0,1.0],"evs":[0.0,9.18541]},"JTs":{"weight":0.0089,"played":[0.0,1.0],"evs":[0.0,10.57985]},"JJ":{"weight":0.063,"played":[0.0,1.0],"evs":[0.0,24.94708]},"QJo":{"weight":0.1196,"played":[0.0,1.0],"evs":[0.0,9.11203]},"KJo":{"weight":0.0222,"played":[0.0,1.0],"evs":[0.0,10.41164]},"AJo":{"weight":0.0083,"played":[0.0,1.0],"evs":[0.0,15.3848]},"Q2s":{"weight":0.0,"played":[0.0,1.0],"evs":[0.0,5.83428]},"Q3s":{"weight":0.0,"played":[0.0,1.0],"evs":[0.0,6.25615]},"Q4s":{"weight":0.0,"played":[0.0,1.0],"evs":[0.0,6.51924]},"Q5s":{"weight":0.0,"played":[0.0,1.0],"evs":[0.0,7.29566]},"Q6s":{"weight":0.0,"played":[0.0,1.0],"evs":[0.0,7.51455]},"Q7s":{"weight":0.0,"played":[0.0,1.0],"evs":[0.0,7.67039]},"Q8s":{"weight":0.0,"played":[0.0,1.0],"evs":[0.0,8.22553]},"Q9s":{"weight":0.0072,"played":[0.0,1.0],"evs":[0.0,9.10381]},"QTs":{"weight":0.0025,"played":[0.0,1.0],"evs":[0.0,10.4016]},"QJs":{"weight":9.0E-4,"played":[0.0,1.0],"evs":[0.0,11.22155]},"QQ":{"weight":2.0E-4,"played":[0.0,1.0],"evs":[0.0,28.53976]},"KQo":{"weight":0.1018,"played":[0.0,1.0],"evs":[0.0,12.20825]},"AQo":{"weight":0.0119,"played":[0.0,1.0],"evs":[0.0,17.7863]},"K2s":{"weight":0.0,"played":[0.0,1.0],"evs":[0.0,7.03773]},"K3s":{"weight":0.0,"played":[0.0,1.0],"evs":[0.0,7.50235]},"K4s":{"weight":0.0,"played":[0.0,1.0],"evs":[0.0,7.76371]},"K5s":{"weight":0.0,"played":[0.0,1.0],"evs":[0.0,8.09639]},"K6s":{"weight":0.0,"played":[0.0,1.0],"evs":[0.0,8.6076]},"K7s":{"weight":0.0039,"played":[0.0,1.0],"evs":[0.0,8.75574]},"K8s":{"weight":0.0737,"played":[0.0,1.0],"evs":[0.0,9.03922]},"K9s":{"weight":0.0407,"played":[0.0,1.0],"evs":[0.0,9.84371]},"KTs":{"weight":9.0E-4,"played":[0.0,1.0],"evs":[0.0,11.4062]},"KJs":{"weight":0.071,"played":[0.0,1.0],"evs":[0.0,12.68761]},"KQs":{"weight":0.1082,"played":[0.0,1.0],"evs":[0.0,14.15157]},"KK":{"weight":0.0136,"played":[0.0,1.0],"evs":[0.0,33.38545]},"AKo":{"weight":0.0536,"played":[0.0,1.0],"evs":[0.0,20.69897]},"A2s":{"weight":0.1313,"played":[0.0,1.0],"evs":[0.0,8.44392]},"A3s":{"weight":0.1402,"played":[0.0,1.0],"evs":[0.0,8.83889]},"A4s":{"weight":0.0805,"played":[0.0,1.0],"evs":[0.0,9.4144]},"A5s":{"weight":0.2303,"played":[0.0,1.0],"evs":[0.0,10.04579]},"A6s":{"weight":0.0412,"played":[0.0,1.0],"evs":[0.0,9.66055]},"A7s":{"weight":0.247,"played":[0.0,1.0],"evs":[0.0,10.36565]},"A8s":{"weight":0.0924,"played":[0.0,1.0],"evs":[0.0,11.37894]},"A9s":{"weight":0.0098,"played":[0.0,1.0],"evs":[0.0,12.49527]},"ATs":{"weight":0.5575,"played":[0.0,1.0],"evs":[0.0,15.18573]},"AJs":{"weight":0.0036,"played":[0.0,1.0],"evs":[0.0,17.76106]},"AQs":{"weight":0.1869,"played":[0.0,1.0],"evs":[0.0,19.73167]},"AKs":{"weight":0.0354,"played":[0.0,1.0],"evs":[0.0,22.25806]},"AA":{"weight":0.3408,"played":[0.0,1.0],"evs":[0.0,40.79472]}}}