{"player":2,"street":0,"children":3,"sequence":[{"player":0,"type":"R","amount":200000,"street":0},{"player":1,"type":"F","amount":0,"street":0}],"actions":[{"type":"F","amount":0,"node":37},{"type":"C","amount":200000,"node":47},{"type":"R","amount":1295000,"node":67}],"hands":{"22":{"weight":1.0,"played":[1.0,0.0,0.0],"evs":[0.0,-0.32708,-0.95131]},"32o":{"weight":1.0,"played":[1.0,0.0,0.0],"evs":[0.0,-0.91832,-2.36914]},"42o":{"weight":1.0,"played":[1.0,0.0,0.0],"evs":[0.0,-0.88486,-2.31993]},"52o":{"weight":1.0,"played":[1.0,0.0,0.0],"evs":[0.0,-0.83627,-2.24292]},"62o":{"weight":1.0,"played":[1.0,0.0,0.0],"evs":[0.0,-0.94889,-2.46834]},"72o":{"weight":1.0,"played":[1.0,0.0,0.0],"evs":[0.0,-1.0128,-2.6098]},"82o":{"weight":1.0,"played":[1.0,0.0,0.0],"evs":[0.0,-0.98258,-2.50986]},"92o":{"weight":1.0,"played":[1.0,0.0,0.0],"evs":[0.0,-1.02858,-2.62267]},"T2o":{"weight":1.0,"played":[1.0,0.0,0.0],"evs":[0.0,-0.99379,-2.36221]},"J2o":{"weight":1.0,"played":[1.0,0.0,0.0],"evs":[0.0,-0.95764,-2.17032]},"Q2o":{"weight":1.0,"played":[1.0,0.0,0.0],"evs":[0.0,-0.88463,-1.93742]},"K2o":{"weight":1.0,"played":[1.0,0.0,0.0],"evs":[0.0,-0.82582,-1.67416]},"A2o":{"weight":1.0,"played":[1.0,0.0,0.0],"evs":[0.0,-0.37746,-0.53267]},"32s":{"weight":1.0,"played":[1.0,0.0,0.0],"evs":[0.0,-0.59537,-1.70075]},"33":{"weight":1.0,"played":[1.0,0.0,0.0],"evs":[0.0,-0.19845,-0.34194]},"43o":{"weight":1.0,"played":[1.0,0.0,0.0],"evs":[0.0,-0.71806,-1.85325]},"53o":{"weight":1.0,"played":[1.0,0.0,0.0],"evs":[0.0,-0.6983,-1.80249]},"63o":{"weight":1.0,"played":[1.0,0.0,0.0],"evs":[0.0,-0.78851,-2.05491]},"73o":{"weight":1.0,"played":[1.0,0.0,0.0],"evs":[0.0,-0.84293,-2.14982]},"83o":{"weight":1.0,"played":[1.0,0.0,0.0],"evs":[0.0,-0.94774,-2.39874]},"93o":{"weight":1.0,"played":[1.0,0.0,0.0],"evs":[0.0,-0.97067,-2.35191]},"T3o":{"weight":1.0,"played":[1.0,0.0,0.0],"evs":[0.0,-0.94161,-2.12924]},"J3o":{"weight":1.0,"played":[1.0,0.0,0.0],"evs":[0.0,-0.88783,-1.95455]},"Q3o":{"weight":1.0,"played":[1.0,0.0,0.0],"evs":[0.0,-0.83725,-1.72707]},"K3o":{"weight":1.0,"played":[1.0,0.0,0.0],"evs":[0.0,-0.74362,-1.44321]},"A3o":{"weight":1.0,"played":[1.0,0.0,0.0],"evs":[0.0,-0.28087,-0.30154]},"42s":{"weight":1.0,"played":[1.0,0.0,0.0],"evs":[0.0,-0.56422,-1.55126]},"43s":{"weight":1.0,"played":[1.0,0.0,0.0],"evs":[0.0,-0.40856,-1.11372]},"44":{"weight":1.0,"played":[0.9763,4.0E-4,0.0232],"evs":[0.0,-0.12517,-0.12745]},"54o":{"weight":1.0,"played":[1.0,0.0,0.0],"evs":[0.0,-0.57468,-1.48952]},"64o":{"weight":1.0,"played":[1.0,0.0,0.0],"evs":[0.0,-0.67208,-1.7296]},"74o":{"weight":1.0,"played":[1.0,0.0,0.0],"evs":[0.0,-0.71889,-1.83563]},"84o":{"weight":1.0,"played":[1.0,0.0,0.0],"evs":[0.0,-0.84757,-2.07799]},"94o":{"weight":1.0,"played":[1.0,0.0,0.0],"evs":[0.0,-0.97422,-2.34047]},"T4o":{"weight":1.0,"played":[1.0,0.0,0.0],"evs":[0.0,-0.89718,-2.04649]},"J4o":{"weight":1.0,"played":[1.0,0.0,0.0],"evs":[0.0,-0.85003,-1.87179]},"Q4o":{"weight":1.0,"played":[1.0,0.0,0.0],"evs":[0.0,-0.78133,-1.64749]},"K4o":{"weight":1.0,"played":[1.0,0.0,0.0],"evs":[0.0,-0.74349,-1.36316]},"A4o":{"weight":1.0,"played":[0.9995,0.0,5.0E-4],"evs":[0.0,-0.21721,-0.2347]},"52s":{"weight":1.0,"played":[1.0,0.0,0.0],"evs":[0.0,-0.50468,-1.39558]},"53s":{"weight":1.0,"played":[1.0,0.0,0.0],"evs":[0.0,-0.32813,-1.0128]},"54s":{"weight":1.0,"played":[1.0,0.0,0.0],"evs":[0.0,-0.25721,-0.78968]},"55":{"weight":1.0,"played":[0.0071,0.5626,0.4303],"evs":[0.0,0.04812,0.03585]},"65o":{"weight":1.0,"played":[1.0,0.0,0.0],"evs":[0.0,-0.56127,-1.42785]},"75o":{"weight":1.0,"played":[1.0,0.0,0.0],"evs":[0.0,-0.59744,-1.53329]},"85o":{"weight":1.0,"played":[1.0,0.0,0.0],"evs":[0.0,-0.70397,-1.72886]},"95o":{"weight":1.0,"played":[1.0,0.0,0.0],"evs":[0.0,-0.84688,-2.05516]},"T5o":{"weight":1.0,"played":[1.0,0.0,0.0],"evs":[0.0,-0.88534,-2.05811]},"J5o":{"weight":1.0,"played":[1.0,0.0,0.0],"evs":[0.0,-0.81194,-1.77139]},"Q5o":{"weight":1.0,"played":[1.0,0.0,0.0],"evs":[0.0,-0.76238,-1.54351]},"K5o":{"weight":1.0,"played":[1.0,0.0,0.0],"evs":[0.0,-0.70013,-1.25993]},"A5o":{"weight":1.0,"played":[0.9995,0.0,5.0E-4],"evs":[0.0,-0.15667,-0.13331]},"62s":{"weight":1.0,"played":[1.0,0.0,0.0],"evs":[0.0,-0.63562,-1.71541]},"63s":{"weight":1.0,"played":[1.0,0.0,0.0],"evs":[0.0,-0.44726,-1.32157]},"64s":{"weight":1.0,"played":[1.0,0.0,0.0],"evs":[0.0,-0.31598,-0.95312]},"65s":{"weight":1.0,"played":[1.0,0.0,0.0],"evs":[0.0,-0.23916,-0.66236]},"66":{"weight":1.0,"played":[4.0E-4,0.1163,0.8834],"evs":[0.0,0.16226,0.14328]},"76o":{"weight":1.0,"played":[1.0,0.0,0.0],"evs":[0.0,-0.52872,-1.35193]},"86o":{"weight":1.0,"played":[1.0,0.0,0.0],"evs":[0.0,-0.64644,-1.56346]},"96o":{"weight":1.0,"played":[1.0,0.0,0.0],"evs":[0.0,-0.77981,-1.83206]},"T6o":{"weight":1.0,"played":[1.0,0.0,0.0],"evs":[0.0,-0.82072,-1.845]},"J6o":{"weight":1.0,"played":[1.0,0.0,0.0],"evs":[0.0,-0.85645,-1.87966]},"Q6o":{"weight":1.0,"played":[1.0,0.0,0.0],"evs":[0.0,-0.78631,-1.54859]},"K6o":{"weight":1.0,"played":[1.0,0.0,0.0],"evs":[0.0,-0.75587,-1.32171]},"A6o":{"weight":1.0,"played":[1.0,0.0,0.0],"evs":[0.0,-0.26421,-0.35881]},"72s":{"weight":1.0,"played":[1.0,0.0,0.0],"evs":[0.0,-0.65981,-1.87223]},"73s":{"weight":1.0,"played":[1.0,0.0,0.0],"evs":[0.0,-0.51974,-1.43814]},"74s":{"weight":1.0,"played":[1.0,0.0,0.0],"evs":[0.0,-0.37319,-1.0431]},"75s":{"weight":1.0,"played":[1.0,0.0,0.0],"evs":[0.0,-0.25194,-0.82473]},"76s":{"weight":1.0,"played":[1.0,0.0,0.0],"evs":[0.0,-0.22587,-0.64477]},"77":{"weight":1.0,"played":[0.0,0.3182,0.6818],"evs":[0.0,0.39857,0.40658]},"87o":{"weight":1.0,"played":[1.0,0.0,0.0],"evs":[0.0,-0.50559,-1.29886]},"97o":{"weight":1.0,"played":[1.0,0.0,0.0],"evs":[0.0,-0.60687,-1.52797]},"T7o":{"weight":1.0,"played":[1.0,0.0,0.0],"evs":[0.0,-0.66728,-1.4529]},"J7o":{"weight":1.0,"played":[1.0,0.0,0.0],"evs":[0.0,-0.68614,-1.49898]},"Q7o":{"weight":1.0,"played":[1.0,0.0,0.0],"evs":[0.0,-0.71243,-1.47371]},"K7o":{"weight":1.0,"played":[1.0,0.0,0.0],"evs":[0.0,-0.66061,-1.17823]},"A7o":{"weight":1.0,"played":[0.9984,1.0E-4,0.0015],"evs":[0.0,-0.14184,-0.2211]},"82s":{"weight":1.0,"played":[1.0,0.0,0.0],"evs":[0.0,-0.65187,-1.79615]},"83s":{"weight":1.0,"played":[1.0,0.0,0.0],"evs":[0.0,-0.58924,-1.63023]},"84s":{"weight":1.0,"played":[1.0,0.0,0.0],"evs":[0.0,-0.47763,-1.34486]},"85s":{"weight":1.0,"played":[1.0,0.0,0.0],"evs":[0.0,-0.36949,-1.01042]},"86s":{"weight":1.0,"played":[1.0,0.0,0.0],"evs":[0.0,-0.2474,-0.8017]},"87s":{"weight":1.0,"played":[1.0,0.0,0.0],"evs":[0.0,-0.16815,-0.53083]},"88":{"weight":1.0,"played":[0.0,0.2106,0.7894],"evs":[0.0,0.59736,0.62343]},"98o":{"weight":1.0,"played":[1.0,0.0,0.0],"evs":[0.0,-0.56315,-1.36859]},"T8o":{"weight":1.0,"played":[1.0,0.0,0.0],"evs":[0.0,-0.5942,-1.29433]},"J8o":{"weight":1.0,"played":[1.0,0.0,0.0],"evs":[0.0,-0.63236,-1.30125]},"Q8o":{"weight":1.0,"played":[1.0,0.0,0.0],"evs":[0.0,-0.67053,-1.28206]},"K8o":{"weight":1.0,"played":[1.0,0.0,0.0],"evs":[0.0,-0.63374,-1.20728]},"A8o":{"weight":1.0,"played":[0.9596,0.038,0.0024],"evs":[0.0,-0.07644,-0.16009]},"92s":{"weight":1.0,"played":[1.0,0.0,0.0],"evs":[0.0,-0.74065,-1.85424]},"93s":{"weight":1.0,"played":[1.0,0.0,0.0],"evs":[0.0,-0.68129,-1.62154]},"94s":{"weight":1.0,"played":[1.0,0.0,0.0],"evs":[0.0,-0.65383,-1.52013]},"95s":{"weight":1.0,"played":[1.0,0.0,0.0],"evs":[0.0,-0.49296,-1.27876]},"96s":{"weight":1.0,"played":[1.0,0.0,0.0],"evs":[0.0,-0.44052,-1.12871]},"97s":{"weight":1.0,"played":[1.0,0.0,0.0],"evs":[0.0,-0.28151,-0.78127]},"98s":{"weight":1.0,"played":[1.0,0.0,0.0],"evs":[0.0,-0.18044,-0.56071]},"99":{"weight":1.0,"played":[0.0,0.0095,0.9905],"evs":[0.0,0.83683,0.91911]},"T9o":{"weight":1.0,"played":[1.0,0.0,0.0],"evs":[0.0,-0.55587,-1.09993]},"J9o":{"weight":1.0,"played":[1.0,0.0,0.0],"evs":[0.0,-0.55431,-1.13437]},"Q9o":{"weight":1.0,"played":[1.0,0.0,0.0],"evs":[0.0,-0.57579,-1.1485]},"K9o":{"weight":1.0,"played":[1.0,0.0,0.0],"evs":[0.0,-0.59027,-1.0098]},"A9o":{"weight":1.0,"played":[0.0227,0.719,0.2583],"evs":[0.0,0.00514,-0.00559]},"T2s":{"weight":1.0,"played":[1.0,0.0,0.0],"evs":[0.0,-0.64673,-1.58495]},"T3s":{"weight":1.0,"played":[1.0,0.0,0.0],"evs":[0.0,-0.54823,-1.28736]},"T4s":{"weight":1.0,"played":[1.0,0.0,0.0],"evs":[0.0,-0.55612,-1.31135]},"T5s":{"weight":1.0,"played":[1.0,0.0,0.0],"evs":[0.0,-0.57952,-1.22234]},"T6s":{"weight":1.0,"played":[1.0,0.0,0.0],"evs":[0.0,-0.48913,-1.0987]},"T7s":{"weight":1.0,"played":[1.0,0.0,0.0],"evs":[0.0,-0.34012,-0.7189]},"T8s":{"weight":1.0,"played":[1.0,0.0,0.0],"evs":[0.0,-0.26491,-0.60701]},"T9s":{"weight":1.0,"played":[0.9998,1.0E-4,1.0E-4],"evs":[0.0,-0.18659,-0.43069]},"TT":{"weight":1.0,"played":[0.0,0.001,0.999],"evs":[0.0,1.51941,1.79849]},"JTo":{"weight":1.0,"played":[1.0,0.0,0.0],"evs":[0.0,-0.41538,-0.69585]},"QTo":{"weight":1.0,"played":[1.0,0.0,0.0],"evs":[0.0,-0.46027,-0.69146]},"KTo":{"weight":1.0,"played":[0.9998,1.0E-4,1.0E-4],"evs":[0.0,-0.35691,-0.54194]},"ATo":{"weight":1.0,"played":[0.0,0.2113,0.7887],"evs":[0.0,0.54256,0.59895]},"J2s":{"weight":1.0,"played":[1.0,0.0,0.0],"evs":[0.0,-0.54367,-1.38304]},"J3s":{"weight":1.0,"played":[1.0,0.0,0.0],"evs":[0.0,-0.48048,-1.1904]},"J4s":{"weight":1.0,"played":[1.0,0.0,0.0],"evs":[0.0,-0.4302,-1.12868]},"J5s":{"weight":1.0,"played":[1.0,0.0,0.0],"evs":[0.0,-0.48248,-1.09548]},"J6s":{"weight":1.0,"played":[1.0,0.0,0.0],"evs":[0.0,-0.5124,-1.1544]},"J7s":{"weight":1.0,"played":[1.0,0.0,0.0],"evs":[0.0,-0.34907,-0.79673]},"J8s":{"weight":1.0,"played":[1.0,0.0,0.0],"evs":[0.0,-0.24798,-0.60161]},"J9s":{"weight":1.0,"played":[0.9998,2.0E-4,1.0E-4],"evs":[0.0,-0.16364,-0.41233]},"JTs":{"weight":1.0,"played":[0.1392,0.5177,0.3432],"evs":[0.0,0.05601,0.05754]},"JJ":{"weight":1.0,"played":[0.0,0.0023,0.9977],"evs":[0.0,2.44888,2.83024]},"QJo":{"weight":1.0,"played":[1.0,0.0,0.0],"evs":[0.0,-0.27131,-0.40589]},"KJo":{"weight":1.0,"played":[0.9967,0.0,0.0033],"evs":[0.0,-0.13164,-0.29139]},"AJo":{"weight":1.0,"played":[0.0,0.0,1.0],"evs":[0.0,0.94925,1.06531]},"Q2s":{"weight":1.0,"played":[1.0,0.0,0.0],"evs":[0.0,-0.49394,-1.1586]},"Q3s":{"weight":1.0,"played":[1.0,0.0,0.0],"evs":[0.0,-0.40311,-0.9305]},"Q4s":{"weight":1.0,"played":[1.0,0.0,0.0],"evs":[0.0,-0.41949,-0.90278]},"Q5s":{"weight":1.0,"played":[1.0,0.0,0.0],"evs":[0.0,-0.38559,-0.78298]},"Q6s":{"weight":1.0,"played":[1.0,0.0,0.0],"evs":[0.0,-0.47285,-0.90728]},"Q7s":{"weight":1.0,"played":[1.0,0.0,0.0],"evs":[0.0,-0.353,-0.84318]},"Q8s":{"weight":1.0,"played":[1.0,0.0,0.0],"evs":[0.0,-0.32483,-0.58125]},"Q9s":{"weight":1.0,"played":[1.0,0.0,0.0],"evs":[0.0,-0.15449,-0.33879]},"QTs":{"weight":1.0,"played":[0.6553,0.1546,0.1901],"evs":[0.0,-0.01551,0.00174]},"QJs":{"weight":1.0,"played":[0.0024,0.7779,0.2196],"evs":[0.0,0.21894,0.18836]},"QQ":{"weight":1.0,"played":[0.0,6.0E-4,0.9994],"evs":[0.0,3.27689,3.64695]},"KQo":{"weight":1.0,"played":[0.227,0.3741,0.3989],"evs":[0.0,-0.01449,-0.02154]},"AQo":{"weight":1.0,"played":[0.0,0.0,1.0],"evs":[0.0,1.21568,1.44881]},"K2s":{"weight":1.0,"played":[1.0,0.0,0.0],"evs":[0.0,-0.46439,-0.94604]},"K3s":{"weight":1.0,"played":[1.0,0.0,0.0],"evs":[0.0,-0.38999,-0.75214]},"K4s":{"weight":1.0,"played":[0.9999,0.0,1.0E-4],"evs":[0.0,-0.32817,-0.58101]},"K5s":{"weight":1.0,"played":[1.0,0.0,0.0],"evs":[0.0,-0.31113,-0.50241]},"K6s":{"weight":1.0,"played":[1.0,0.0,0.0],"evs":[0.0,-0.38868,-0.59637]},"K7s":{"weight":1.0,"played":[1.0,0.0,0.0],"evs":[0.0,-0.29755,-0.45446]},"K8s":{"weight":1.0,"played":[0.9999,1.0E-4,1.0E-4],"evs":[0.0,-0.19768,-0.41616]},"K9s":{"weight":1.0,"played":[0.9988,0.0,0.0012],"evs":[0.0,-0.19424,-0.35163]},"KTs":{"weight":1.0,"played":[0.0,0.1572,0.8428],"evs":[0.0,0.16257,0.15878]},"KJs":{"weight":1.0,"played":[0.0,0.0338,0.9662],"evs":[0.0,0.30442,0.35756]},"KQs":{"weight":1.0,"played":[0.0,4.0E-4,0.9996],"evs":[0.0,0.47453,0.65294]},"KK":{"weight":1.0,"played":[0.0,0.0146,0.9854],"evs":[0.0,4.50234,4.7135]},"AKo":{"weight":1.0,"played":[0.0,0.0045,0.9955],"evs":[0.0,1.79662,1.88032]},"A2s":{"weight":1.0,"played":[0.0039,0.0,0.9961],"evs":[0.0,0.06292,0.16649]},"A3s":{"weight":1.0,"played":[0.0,0.0,1.0],"evs":[0.0,0.13686,0.32391]},"A4s":{"weight":1.0,"played":[1.0E-4,0.0,0.9999],"evs":[0.0,0.1555,0.41309]},"A5s":{"weight":1.0,"played":[0.0,2.0E-4,0.9998],"evs":[0.0,0.27401,0.58892]},"A6s":{"weight":1.0,"played":[0.0,0.0052,0.9948],"evs":[0.0,0.20111,0.31874]},"A7s":{"weight":1.0,"played":[0.0,0.0,1.0],"evs":[0.0,0.33175,0.47034]},"A8s":{"weight":1.0,"played":[0.0,0.0059,0.9941],"evs":[0.0,0.51034,0.58689]},"A9s":{"weight":1.0,"played":[0.0,0.0024,0.9976],"evs":[0.0,0.65056,0.73551]},"ATs":{"weight":1.0,"played":[0.0,1.0E-4,0.9999],"evs":[0.0,1.25597,1.29221]},"AJs":{"weight":1.0,"played":[0.0,0.017,0.983],"evs":[0.0,1.53362,1.6612]},"AQs":{"weight":1.0,"played":[0.0,0.0,1.0],"evs":[0.0,1.81628,1.9183]},"AKs":{"weight":1.0,"played":[0.0,0.0757,0.9243],"evs":[0.0,2.40023,2.45968]},"AA":{"weight":1.0,"played":[0.0,0.9999,1.0E-4],"evs":[0.0,8.54278,8.23207]}}}