{"player":4,"street":0,"children":3,"sequence":[{"player":0,"type":"R","amount":200000,"street":0},{"player":1,"type":"F","amount":0,"street":0},{"player":2,"type":"C","amount":200000,"street":0},{"player":3,"type":"F","amount":0,"street":0}],"actions":[{"type":"F","amount":0},{"type":"C","amount":100000},{"type":"R","amount":1295000,"node":49}],"hands":{"22":{"weight":1.0,"played":[0.0398,0.9559,0.0043],"evs":[0.0,1.01488,-0.45203]},"32o":{"weight":1.0,"played":[1.0,0.0,0.0],"evs":[0.0,-0.28847,-3.57415]},"42o":{"weight":1.0,"played":[0.9996,4.0E-4,0.0],"evs":[0.0,-0.22949,-3.64052]},"52o":{"weight":1.0,"played":[0.9997,2.0E-4,0.0],"evs":[0.0,-0.25893,-3.21853]},"62o":{"weight":1.0,"played":[1.0,0.0,0.0],"evs":[0.0,-0.27201,-3.20903]},"72o":{"weight":1.0,"played":[1.0,0.0,0.0],"evs":[0.0,-0.48779,-3.67521]},"82o":{"weight":1.0,"played":[0.9999,0.0,1.0E-4],"evs":[0.0,-0.53758,-3.65726]},"92o":{"weight":1.0,"played":[1.0,0.0,0.0],"evs":[0.0,-0.63393,-4.09305]},"T2o":{"weight":1.0,"played":[1.0,0.0,0.0],"evs":[0.0,-0.34451,-3.25418]},"J2o":{"weight":1.0,"played":[1.0,0.0,0.0],"evs":[0.0,-0.42847,-3.26619]},"Q2o":{"weight":1.0,"played":[0.9995,5.0E-4,0.0],"evs":[0.0,-0.40956,-3.59058]},"K2o":{"weight":1.0,"played":[0.9987,0.0012,0.0],"evs":[0.0,-0.26444,-2.68668]},"A2o":{"weight":1.0,"played":[0.691,0.309,0.0],"evs":[0.0,0.04761,-0.61838]},"32s":{"weight":1.0,"played":[0.075,0.9237,0.0013],"evs":[0.0,0.09899,-2.56366]},"33":{"weight":1.0,"played":[0.0094,0.9408,0.0498],"evs":[0.0,0.94092,0.17798]},"43o":{"weight":1.0,"played":[0.9696,0.0304,0.0],"evs":[0.0,-0.00335,-2.87888]},"53o":{"weight":1.0,"played":[0.9983,0.0015,2.0E-4],"evs":[0.0,-0.11647,-2.66536]},"63o":{"weight":1.0,"played":[0.9997,3.0E-4,0.0],"evs":[0.0,-0.42941,-3.02188]},"73o":{"weight":1.0,"played":[1.0,0.0,0.0],"evs":[0.0,-0.23503,-3.11922]},"83o":{"weight":1.0,"played":[1.0,0.0,0.0],"evs":[0.0,-0.49445,-3.45921]},"93o":{"weight":1.0,"played":[1.0,0.0,0.0],"evs":[0.0,-0.46177,-3.82965]},"T3o":{"weight":1.0,"played":[0.9999,1.0E-4,0.0],"evs":[0.0,-0.47764,-3.05417]},"J3o":{"weight":1.0,"played":[0.9989,0.0011,0.0],"evs":[0.0,-0.35009,-2.93942]},"Q3o":{"weight":1.0,"played":[0.9999,1.0E-4,0.0],"evs":[0.0,-0.31644,-2.83558]},"K3o":{"weight":1.0,"played":[0.6659,0.3341,0.0],"evs":[0.0,-0.06487,-1.96377]},"A3o":{"weight":1.0,"played":[0.1427,0.7149,0.1424],"evs":[0.0,0.16446,-0.18937]},"42s":{"weight":1.0,"played":[0.7841,0.2152,7.0E-4],"evs":[0.0,0.08854,-2.58757]},"43s":{"weight":1.0,"played":[0.3302,0.6696,3.0E-4],"evs":[0.0,0.16234,-1.98897]},"44":{"weight":1.0,"played":[0.0067,0.6729,0.3204],"evs":[0.0,1.05998,0.23528]},"54o":{"weight":1.0,"played":[0.9999,0.0,1.0E-4],"evs":[0.0,-0.05502,-2.31796]},"64o":{"weight":1.0,"played":[0.999,8.0E-4,2.0E-4],"evs":[0.0,-0.03245,-2.52647]},"74o":{"weight":1.0,"played":[0.9765,0.0234,1.0E-4],"evs":[0.0,-0.02953,-2.61499]},"84o":{"weight":1.0,"played":[0.9999,0.0,1.0E-4],"evs":[0.0,-0.36608,-2.89]},"94o":{"weight":1.0,"played":[0.9999,1.0E-4,0.0],"evs":[0.0,-0.46478,-3.56706]},"T4o":{"weight":1.0,"played":[1.0,0.0,0.0],"evs":[0.0,-0.34776,-2.6208]},"J4o":{"weight":1.0,"played":[0.9998,1.0E-4,1.0E-4],"evs":[0.0,-0.25232,-3.1304]},"Q4o":{"weight":1.0,"played":[1.0,0.0,0.0],"evs":[0.0,-0.1964,-2.32027]},"K4o":{"weight":1.0,"played":[1.0,0.0,0.0],"evs":[0.0,-0.1441,-2.24229]},"A4o":{"weight":1.0,"played":[0.1066,0.8858,0.0077],"evs":[0.0,-0.05456,-0.8647]},"52s":{"weight":1.0,"played":[0.3552,0.638,0.0068],"evs":[0.0,-0.09617,-2.18577]},"53s":{"weight":1.0,"played":[0.2869,0.7131,0.0],"evs":[0.0,0.24523,-1.75582]},"54s":{"weight":1.0,"played":[0.0524,0.9464,0.0011],"evs":[0.0,0.73044,-0.65592]},"55":{"weight":1.0,"played":[2.0E-4,0.2207,0.7791],"evs":[0.0,0.95061,1.06483]},"65o":{"weight":1.0,"played":[0.1812,0.8187,1.0E-4],"evs":[0.0,0.13519,-1.78814]},"75o":{"weight":1.0,"played":[0.51,0.49,0.0],"evs":[0.0,0.07502,-2.15193]},"85o":{"weight":1.0,"played":[0.9995,4.0E-4,1.0E-4],"evs":[0.0,-0.09575,-2.44614]},"95o":{"weight":1.0,"played":[0.9999,0.0,0.0],"evs":[0.0,-0.36669,-3.4932]},"T5o":{"weight":1.0,"played":[1.0,0.0,0.0],"evs":[0.0,-0.55328,-3.23862]},"J5o":{"weight":1.0,"played":[0.9994,6.0E-4,0.0],"evs":[0.0,-0.49853,-2.91239]},"Q5o":{"weight":1.0,"played":[0.9115,0.0884,0.0],"evs":[0.0,-0.05494,-2.10941]},"K5o":{"weight":1.0,"played":[0.9999,1.0E-4,0.0],"evs":[0.0,-0.0342,-1.86166]},"A5o":{"weight":1.0,"played":[0.187,0.5065,0.3065],"evs":[0.0,0.15968,0.1151]},"62s":{"weight":1.0,"played":[0.6179,0.3819,2.0E-4],"evs":[0.0,0.30827,-1.95534]},"63s":{"weight":1.0,"played":[0.5264,0.473,6.0E-4],"evs":[0.0,0.0921,-1.70346]},"64s":{"weight":1.0,"played":[0.0407,0.9571,0.0023],"evs":[0.0,0.37573,-1.02603]},"65s":{"weight":1.0,"played":[0.1368,0.8609,0.0023],"evs":[0.0,0.66234,-0.57934]},"66":{"weight":1.0,"played":[1.0E-4,0.0014,0.9986],"evs":[0.0,0.98003,2.21432]},"76o":{"weight":1.0,"played":[0.6106,0.3894,1.0E-4],"evs":[0.0,0.08606,-1.85741]},"86o":{"weight":1.0,"played":[0.9998,2.0E-4,0.0],"evs":[0.0,-0.15609,-1.77059]},"96o":{"weight":1.0,"played":[1.0,0.0,0.0],"evs":[0.0,-0.37082,-2.87815]},"T6o":{"weight":1.0,"played":[0.9998,2.0E-4,0.0],"evs":[0.0,-0.43915,-2.73857]},"J6o":{"weight":1.0,"played":[0.9999,0.0,0.0],"evs":[0.0,-0.40302,-3.05612]},"Q6o":{"weight":1.0,"played":[0.9982,0.0017,0.0],"evs":[0.0,-0.44582,-2.32497]},"K6o":{"weight":1.0,"played":[0.9835,0.0143,0.0022],"evs":[0.0,-0.01983,-1.78143]},"A6o":{"weight":1.0,"played":[0.5311,0.309,0.1599],"evs":[0.0,0.02047,-0.50398]},"72s":{"weight":1.0,"played":[0.9639,0.0361,0.0],"evs":[0.0,-0.12054,-3.15193]},"73s":{"weight":1.0,"played":[0.1962,0.8037,1.0E-4],"evs":[0.0,0.26404,-2.06007]},"74s":{"weight":1.0,"played":[0.2532,0.7454,0.0014],"evs":[0.0,0.37232,-1.88142]},"75s":{"weight":1.0,"played":[0.162,0.83,0.0081],"evs":[0.0,0.56009,-0.55157]},"76s":{"weight":1.0,"played":[0.0178,0.9655,0.0167],"evs":[0.0,0.52376,-0.25994]},"77":{"weight":1.0,"played":[1.0E-4,1.0E-4,0.9998],"evs":[0.0,1.13826,2.82669]},"87o":{"weight":1.0,"played":[0.049,0.9508,2.0E-4],"evs":[0.0,0.0916,-1.38105]},"97o":{"weight":1.0,"played":[0.9999,1.0E-4,0.0],"evs":[0.0,-0.09567,-2.27235]},"T7o":{"weight":1.0,"played":[1.0,0.0,0.0],"evs":[0.0,-0.26038,-2.14694]},"J7o":{"weight":1.0,"played":[0.9983,0.0017,0.0],"evs":[0.0,-0.13784,-2.30772]},"Q7o":{"weight":1.0,"played":[1.0,0.0,0.0],"evs":[0.0,-0.1346,-2.03505]},"K7o":{"weight":1.0,"played":[0.9991,9.0E-4,0.0],"evs":[0.0,-0.32415,-1.51455]},"A7o":{"weight":1.0,"played":[0.1251,0.8735,0.0014],"evs":[0.0,0.22402,-0.13969]},"82s":{"weight":1.0,"played":[0.6031,0.3969,0.0],"evs":[0.0,0.13403,-2.04107]},"83s":{"weight":1.0,"played":[0.8245,0.175,5.0E-4],"evs":[0.0,0.02031,-2.32635]},"84s":{"weight":1.0,"played":[0.1527,0.8445,0.0028],"evs":[0.0,0.21839,-1.34096]},"85s":{"weight":1.0,"played":[0.2837,0.7143,0.002],"evs":[0.0,0.53993,-1.37205]},"86s":{"weight":1.0,"played":[0.1665,0.8331,3.0E-4],"evs":[0.0,0.36448,-0.67005]},"87s":{"weight":1.0,"played":[0.0228,0.9536,0.0236],"evs":[0.0,0.56514,-0.30981]},"88":{"weight":1.0,"played":[0.0,0.0,1.0],"evs":[0.0,1.27233,3.24264]},"98o":{"weight":1.0,"played":[0.2094,0.7905,1.0E-4],"evs":[0.0,0.27902,-1.57036]},"T8o":{"weight":1.0,"played":[0.7669,0.2329,2.0E-4],"evs":[0.0,-0.02988,-1.59246]},"J8o":{"weight":1.0,"played":[0.9994,6.0E-4,0.0],"evs":[0.0,-0.10485,-1.56397]},"Q8o":{"weight":1.0,"played":[1.0,0.0,0.0],"evs":[0.0,-0.0492,-1.45782]},"K8o":{"weight":1.0,"played":[0.3468,0.6532,0.0],"evs":[0.0,0.01335,-1.56814]},"A8o":{"weight":1.0,"played":[0.0427,0.3029,0.6545],"evs":[0.0,0.16208,-0.05192]},"92s":{"weight":1.0,"played":[0.991,0.009,0.0],"evs":[0.0,-0.23895,-3.02147]},"93s":{"weight":1.0,"played":[0.5714,0.4283,2.0E-4],"evs":[0.0,-0.13241,-2.99027]},"94s":{"weight":1.0,"played":[0.919,0.0809,1.0E-4],"evs":[0.0,-0.06768,-2.90165]},"95s":{"weight":1.0,"played":[0.0107,0.9892,1.0E-4],"evs":[0.0,0.22072,-1.93781]},"96s":{"weight":1.0,"played":[0.2767,0.7232,1.0E-4],"evs":[0.0,0.47621,-1.77231]},"97s":{"weight":1.0,"played":[0.0558,0.9404,0.0038],"evs":[0.0,0.61552,-0.82565]},"98s":{"weight":1.0,"played":[0.0071,0.9903,0.0025],"evs":[0.0,0.51772,-0.44917]},"99":{"weight":1.0,"played":[0.0,0.0,1.0],"evs":[0.0,0.8963,3.19967]},"T9o":{"weight":1.0,"played":[0.9996,2.0E-4,2.0E-4],"evs":[0.0,-0.02743,-1.71397]},"J9o":{"weight":1.0,"played":[0.725,0.2747,3.0E-4],"evs":[0.0,-0.23589,-2.0449]},"Q9o":{"weight":1.0,"played":[0.9667,0.0333,0.0],"evs":[0.0,-0.23186,-1.67017]},"K9o":{"weight":1.0,"played":[0.9863,0.0136,1.0E-4],"evs":[0.0,-0.17958,-1.44645]},"A9o":{"weight":1.0,"played":[1.0E-4,0.0044,0.9955],"evs":[0.0,0.30058,0.59605]},"T2s":{"weight":1.0,"played":[0.7802,0.2197,1.0E-4],"evs":[0.0,0.04424,-2.14964]},"T3s":{"weight":1.0,"played":[0.3389,0.6593,0.0018],"evs":[0.0,0.26098,-1.24844]},"T4s":{"weight":1.0,"played":[0.9999,1.0E-4,1.0E-4],"evs":[0.0,-0.06862,-2.20681]},"T5s":{"weight":1.0,"played":[0.8012,0.1987,1.0E-4],"evs":[0.0,0.04286,-1.68774]},"T6s":{"weight":1.0,"played":[0.1313,0.8682,5.0E-4],"evs":[0.0,0.14636,-1.39001]},"T7s":{"weight":1.0,"played":[0.2418,0.7572,9.0E-4],"evs":[0.0,0.56703,-0.64142]},"T8s":{"weight":1.0,"played":[0.0627,0.9284,0.0089],"evs":[0.0,0.49668,-0.44828]},"T9s":{"weight":1.0,"played":[0.0176,0.9801,0.0023],"evs":[0.0,0.60851,-0.73018]},"TT":{"weight":1.0,"played":[0.0,0.0,1.0],"evs":[0.0,1.69335,4.94744]},"JTo":{"weight":1.0,"played":[0.9047,0.0939,0.0013],"evs":[0.0,0.01119,-1.24367]},"QTo":{"weight":1.0,"played":[0.2034,0.7912,0.0054],"evs":[0.0,0.24512,-1.40825]},"KTo":{"weight":1.0,"played":[0.7048,0.2746,0.0206],"evs":[0.0,0.11787,-0.55169]},"ATo":{"weight":1.0,"played":[0.0,0.0,1.0],"evs":[0.0,0.96155,2.85037]},"J2s":{"weight":1.0,"played":[0.3227,0.6773,1.0E-4],"evs":[0.0,0.31886,-2.20755]},"J3s":{"weight":1.0,"played":[0.1139,0.8851,0.001],"evs":[0.0,-0.04168,-2.49485]},"J4s":{"weight":1.0,"played":[0.1542,0.8447,0.0011],"evs":[0.0,0.37583,-1.7014]},"J5s":{"weight":1.0,"played":[0.9136,0.0853,0.0011],"evs":[0.0,-0.09464,-1.93212]},"J6s":{"weight":1.0,"played":[0.0557,0.9318,0.0124],"evs":[0.0,0.31082,-1.22918]},"J7s":{"weight":1.0,"played":[0.8229,0.1748,0.0023],"evs":[0.0,0.13243,-0.78038]},"J8s":{"weight":1.0,"played":[0.0641,0.9354,5.0E-4],"evs":[0.0,0.32762,-0.71258]},"J9s":{"weight":1.0,"played":[0.0466,0.8982,0.0552],"evs":[0.0,0.06608,-0.72326]},"JTs":{"weight":1.0,"played":[0.0742,0.8198,0.106],"evs":[0.0,0.56016,0.0984]},"JJ":{"weight":1.0,"played":[0.0,0.0,1.0],"evs":[0.0,2.26211,6.13243]},"QJo":{"weight":1.0,"played":[0.0367,0.9612,0.002],"evs":[0.0,0.55374,-0.50437]},"KJo":{"weight":1.0,"played":[0.0062,0.9477,0.0461],"evs":[0.0,0.49636,0.09507]},"AJo":{"weight":1.0,"played":[0.0,0.0,1.0],"evs":[0.0,1.58805,3.99483]},"Q2s":{"weight":1.0,"played":[0.0334,0.966,5.0E-4],"evs":[0.0,0.27761,-1.79879]},"Q3s":{"weight":1.0,"played":[0.0338,0.966,2.0E-4],"evs":[0.0,0.25481,-1.16911]},"Q4s":{"weight":1.0,"played":[0.2732,0.7228,0.0041],"evs":[0.0,-0.04563,-1.45793]},"Q5s":{"weight":1.0,"played":[0.0345,0.9133,0.0523],"evs":[0.0,0.33999,-0.50289]},"Q6s":{"weight":1.0,"played":[0.2202,0.7161,0.0637],"evs":[0.0,0.385,-1.04675]},"Q7s":{"weight":1.0,"played":[0.001,0.9978,0.0012],"evs":[0.0,0.64023,-0.91763]},"Q8s":{"weight":1.0,"played":[0.0423,0.951,0.0067],"evs":[0.0,0.59276,-0.95277]},"Q9s":{"weight":1.0,"played":[0.0069,0.9716,0.0215],"evs":[0.0,0.79579,-0.41408]},"QTs":{"weight":1.0,"played":[0.2407,0.7353,0.0241],"evs":[0.0,0.33395,-0.42824]},"QJs":{"weight":1.0,"played":[0.0015,0.7837,0.2149],"evs":[0.0,0.62731,0.62511]},"QQ":{"weight":1.0,"played":[0.0,0.0,1.0],"evs":[0.0,2.83882,6.74952]},"KQo":{"weight":1.0,"played":[4.0E-4,0.4939,0.5057],"evs":[0.0,0.8267,0.67816]},"AQo":{"weight":1.0,"played":[0.0,0.0,1.0],"evs":[0.0,1.79025,4.09195]},"K2s":{"weight":1.0,"played":[0.5975,0.3863,0.0162],"evs":[0.0,0.13327,-0.92765]},"K3s":{"weight":1.0,"played":[0.2603,0.7397,0.0],"evs":[0.0,-0.02013,-0.92021]},"K4s":{"weight":1.0,"played":[0.3838,0.5965,0.0198],"evs":[0.0,0.45033,-0.75796]},"K5s":{"weight":1.0,"played":[0.0026,0.9966,9.0E-4],"evs":[0.0,0.60665,-0.60447]},"K6s":{"weight":1.0,"played":[0.0049,0.9651,0.03],"evs":[0.0,0.90359,-0.38158]},"K7s":{"weight":1.0,"played":[0.3963,0.6029,7.0E-4],"evs":[0.0,0.18442,-0.64826]},"K8s":{"weight":1.0,"played":[0.0572,0.5481,0.3947],"evs":[0.0,0.75098,0.24322]},"K9s":{"weight":1.0,"played":[0.0167,0.8726,0.1107],"evs":[0.0,0.67592,-0.00338]},"KTs":{"weight":1.0,"played":[0.0683,0.3489,0.5828],"evs":[0.0,0.88916,1.27939]},"KJs":{"weight":1.0,"played":[2.0E-4,0.8208,0.179],"evs":[0.0,1.15019,0.54935]},"KQs":{"weight":1.0,"played":[0.0,0.1617,0.8383],"evs":[0.0,1.89461,1.90985]},"KK":{"weight":1.0,"played":[0.0,0.0,1.0],"evs":[0.0,4.59587,8.21405]},"AKo":{"weight":1.0,"played":[0.0,0.0,1.0],"evs":[0.0,1.79159,3.88938]},"A2s":{"weight":1.0,"played":[0.0555,0.6624,0.2821],"evs":[0.0,0.73111,0.16405]},"A3s":{"weight":1.0,"played":[0.0013,0.4497,0.549],"evs":[0.0,0.78084,0.45611]},"A4s":{"weight":1.0,"played":[0.0284,0.1535,0.8181],"evs":[0.0,0.41869,0.61]},"A5s":{"weight":1.0,"played":[0.0295,0.5818,0.3887],"evs":[0.0,0.92892,0.6917]},"A6s":{"weight":1.0,"played":[0.001,0.0604,0.9385],"evs":[0.0,0.50746,0.97451]},"A7s":{"weight":1.0,"played":[0.0023,0.005,0.9927],"evs":[0.0,0.99107,1.44593]},"A8s":{"weight":1.0,"played":[0.0038,6.0E-4,0.9956],"evs":[0.0,0.69908,1.08721]},"A9s":{"weight":1.0,"played":[7.0E-4,4.0E-4,0.999],"evs":[0.0,1.18323,1.89896]},"ATs":{"weight":1.0,"played":[1.0E-4,0.0,0.9999],"evs":[0.0,1.44783,3.40055]},"AJs":{"weight":1.0,"played":[0.0,5.0E-4,0.9995],"evs":[0.0,2.19993,3.72362]},"AQs":{"weight":1.0,"played":[0.0,0.0,1.0],"evs":[0.0,2.26013,4.42655]},"AKs":{"weight":1.0,"played":[0.0,2.0E-4,0.9998],"evs":[0.0,2.5587,4.86845]},"AA":{"weight":1.0,"played":[0.0,0.0,1.0],"evs":[0.0,10.04156,14.79455]}}}