{"player":2,"street":0,"children":2,"sequence":[{"player":0,"type":"R","amount":200000,"street":0},{"player":1,"type":"F","amount":0,"street":0},{"player":2,"type":"C","amount":200000,"street":0},{"player":3,"type":"F","amount":0,"street":0},{"player":4,"type":"R","amount":1295000,"street":0},{"player":0,"type":"F","amount":0,"street":0}],"actions":[{"type":"F","amount":0},{"type":"C","amount":1095000}],"hands":{"22":{"weight":0.0,"played":[1.0E-4,0.9999],"evs":[0.0,0.97885]},"32o":{"weight":0.0,"played":[1.0,0.0],"evs":[0.0,-3.08093]},"42o":{"weight":0.0,"played":[1.0,0.0],"evs":[0.0,-2.98074]},"52o":{"weight":0.0,"played":[1.0,0.0],"evs":[0.0,-2.70478]},"62o":{"weight":0.0,"played":[1.0,0.0],"evs":[0.0,-3.1065]},"72o":{"weight":0.0,"played":[1.0,0.0],"evs":[0.0,-3.07153]},"82o":{"weight":0.0,"played":[1.0,0.0],"evs":[0.0,-3.04986]},"92o":{"weight":0.0,"played":[1.0,0.0],"evs":[0.0,-2.9125]},"T2o":{"weight":0.0,"played":[1.0,0.0],"evs":[0.0,-2.94045]},"J2o":{"weight":0.0,"played":[0.9998,2.0E-4],"evs":[0.0,-2.58564]},"Q2o":{"weight":0.0,"played":[0.9993,7.0E-4],"evs":[0.0,-2.27329]},"K2o":{"weight":0.0,"played":[0.9963,0.0037],"evs":[0.0,-2.16496]},"A2o":{"weight":0.0,"played":[0.9887,0.0113],"evs":[0.0,-1.40759]},"32s":{"weight":0.0,"played":[1.0,0.0],"evs":[0.0,-2.33765]},"33":{"weight":0.0,"played":[0.0,1.0],"evs":[0.0,1.06091]},"43o":{"weight":0.0,"played":[1.0,0.0],"evs":[0.0,-2.79935]},"53o":{"weight":0.0,"played":[0.9999,1.0E-4],"evs":[0.0,-2.50007]},"63o":{"weight":0.0,"played":[1.0,0.0],"evs":[0.0,-2.79765]},"73o":{"weight":0.0,"played":[1.0,0.0],"evs":[0.0,-2.80236]},"83o":{"weight":0.0,"played":[1.0,0.0],"evs":[0.0,-3.28437]},"93o":{"weight":0.0,"played":[0.9994,6.0E-4],"evs":[0.0,-3.04627]},"T3o":{"weight":0.0,"played":[0.9999,1.0E-4],"evs":[0.0,-2.72381]},"J3o":{"weight":0.0,"played":[0.9999,1.0E-4],"evs":[0.0,-2.6436]},"Q3o":{"weight":0.0,"played":[0.9976,0.0024],"evs":[0.0,-2.3254]},"K3o":{"weight":0.0,"played":[0.9999,1.0E-4],"evs":[0.0,-1.98906]},"A3o":{"weight":0.0,"played":[0.8835,0.1165],"evs":[0.0,-1.22803]},"42s":{"weight":0.0,"played":[0.9994,6.0E-4],"evs":[0.0,-1.94858]},"43s":{"weight":0.0,"played":[0.9978,0.0022],"evs":[0.0,-0.99986]},"44":{"weight":4.0E-4,"played":[0.0,1.0],"evs":[0.0,1.25509]},"54o":{"weight":0.0,"played":[1.0,0.0],"evs":[0.0,-2.18226]},"64o":{"weight":0.0,"played":[0.9999,1.0E-4],"evs":[0.0,-2.15073]},"74o":{"weight":0.0,"played":[0.9999,1.0E-4],"evs":[0.0,-2.28256]},"84o":{"weight":0.0,"played":[1.0,0.0],"evs":[0.0,-2.97788]},"94o":{"weight":0.0,"played":[1.0,0.0],"evs":[0.0,-2.88999]},"T4o":{"weight":0.0,"played":[1.0,0.0],"evs":[0.0,-2.71506]},"J4o":{"weight":0.0,"played":[0.9997,3.0E-4],"evs":[0.0,-2.64533]},"Q4o":{"weight":0.0,"played":[0.9997,3.0E-4],"evs":[0.0,-2.22124]},"K4o":{"weight":0.0,"played":[0.9992,8.0E-4],"evs":[0.0,-1.89109]},"A4o":{"weight":0.0,"played":[0.9411,0.0589],"evs":[0.0,-1.30661]},"52s":{"weight":0.0,"played":[0.9996,4.0E-4],"evs":[0.0,-1.41529]},"53s":{"weight":0.0,"played":[0.9987,0.0013],"evs":[0.0,-1.42097]},"54s":{"weight":0.0,"played":[0.9717,0.0283],"evs":[0.0,-0.69839]},"55":{"weight":0.5626,"played":[0.0,1.0],"evs":[0.0,2.13456]},"65o":{"weight":0.0,"played":[0.9997,3.0E-4],"evs":[0.0,-1.65077]},"75o":{"weight":0.0,"played":[1.0,0.0],"evs":[0.0,-2.07383]},"85o":{"weight":0.0,"played":[1.0,0.0],"evs":[0.0,-2.13976]},"95o":{"weight":0.0,"played":[1.0,0.0],"evs":[0.0,-2.57757]},"T5o":{"weight":0.0,"played":[0.9999,1.0E-4],"evs":[0.0,-2.6652]},"J5o":{"weight":0.0,"played":[0.9994,6.0E-4],"evs":[0.0,-2.57417]},"Q5o":{"weight":0.0,"played":[0.9998,2.0E-4],"evs":[0.0,-2.15364]},"K5o":{"weight":0.0,"played":[0.9963,0.0037],"evs":[0.0,-1.86651]},"A5o":{"weight":0.0,"played":[0.9371,0.0629],"evs":[0.0,-1.21077]},"62s":{"weight":0.0,"played":[0.9999,1.0E-4],"evs":[0.0,-2.27225]},"63s":{"weight":0.0,"played":[0.9996,4.0E-4],"evs":[0.0,-1.92732]},"64s":{"weight":0.0,"played":[0.9985,0.0015],"evs":[0.0,-1.54604]},"65s":{"weight":0.0,"played":[0.9903,0.0097],"evs":[0.0,-0.83994]},"66":{"weight":0.1163,"played":[0.0,1.0],"evs":[0.0,2.48775]},"76o":{"weight":0.0,"played":[0.9999,1.0E-4],"evs":[0.0,-1.50872]},"86o":{"weight":0.0,"played":[0.9998,2.0E-4],"evs":[0.0,-2.07664]},"96o":{"weight":0.0,"played":[0.9991,9.0E-4],"evs":[0.0,-2.18322]},"T6o":{"weight":0.0,"played":[0.9999,1.0E-4],"evs":[0.0,-2.49158]},"J6o":{"weight":0.0,"played":[0.9995,5.0E-4],"evs":[0.0,-2.39792]},"Q6o":{"weight":0.0,"played":[0.9996,4.0E-4],"evs":[0.0,-2.10824]},"K6o":{"weight":0.0,"played":[0.9993,7.0E-4],"evs":[0.0,-1.87685]},"A6o":{"weight":0.0,"played":[0.8783,0.1217],"evs":[0.0,-1.19306]},"72s":{"weight":0.0,"played":[0.9997,3.0E-4],"evs":[0.0,-2.13812]},"73s":{"weight":0.0,"played":[0.9934,0.0066],"evs":[0.0,-2.11163]},"74s":{"weight":0.0,"played":[0.999,0.001],"evs":[0.0,-1.0369]},"75s":{"weight":0.0,"played":[0.9948,0.0052],"evs":[0.0,-0.73627]},"76s":{"weight":0.0,"played":[0.8665,0.1335],"evs":[0.0,-0.40222]},"77":{"weight":0.3182,"played":[0.0,1.0],"evs":[0.0,3.18958]},"87o":{"weight":0.0,"played":[0.9982,0.0018],"evs":[0.0,-1.42581]},"97o":{"weight":0.0,"played":[0.9965,0.0035],"evs":[0.0,-1.47008]},"T7o":{"weight":0.0,"played":[0.994,0.006],"evs":[0.0,-1.71439]},"J7o":{"weight":0.0,"played":[0.9999,1.0E-4],"evs":[0.0,-1.56979]},"Q7o":{"weight":0.0,"played":[0.9974,0.0026],"evs":[0.0,-1.65711]},"K7o":{"weight":0.0,"played":[0.9991,9.0E-4],"evs":[0.0,-1.59994]},"A7o":{"weight":1.0E-4,"played":[0.8167,0.1833],"evs":[0.0,-0.59527]},"82s":{"weight":0.0,"played":[0.9998,2.0E-4],"evs":[0.0,-2.24904]},"83s":{"weight":0.0,"played":[0.9992,8.0E-4],"evs":[0.0,-2.25741]},"84s":{"weight":0.0,"played":[0.9998,2.0E-4],"evs":[0.0,-1.6792]},"85s":{"weight":0.0,"played":[0.9792,0.0208],"evs":[0.0,-1.17821]},"86s":{"weight":0.0,"played":[0.9897,0.0103],"evs":[0.0,-1.27242]},"87s":{"weight":0.0,"played":[0.6201,0.3799],"evs":[0.0,-0.17355]},"88":{"weight":0.2106,"played":[0.0,1.0],"evs":[0.0,4.37516]},"98o":{"weight":0.0,"played":[0.993,0.007],"evs":[0.0,-1.4738]},"T8o":{"weight":0.0,"played":[1.0,0.0],"evs":[0.0,-1.43225]},"J8o":{"weight":0.0,"played":[0.9992,8.0E-4],"evs":[0.0,-1.59433]},"Q8o":{"weight":0.0,"played":[0.9908,0.0092],"evs":[0.0,-1.56555]},"K8o":{"weight":0.0,"played":[0.9877,0.0123],"evs":[0.0,-1.46908]},"A8o":{"weight":0.038,"played":[0.1051,0.8949],"evs":[0.0,-0.06972]},"92s":{"weight":0.0,"played":[0.9999,1.0E-4],"evs":[0.0,-1.98305]},"93s":{"weight":0.0,"played":[1.0,0.0],"evs":[0.0,-1.55748]},"94s":{"weight":0.0,"played":[0.9982,0.0018],"evs":[0.0,-2.08317]},"95s":{"weight":0.0,"played":[0.9996,4.0E-4],"evs":[0.0,-1.64407]},"96s":{"weight":0.0,"played":[0.9998,2.0E-4],"evs":[0.0,-0.89288]},"97s":{"weight":0.0,"played":[0.8893,0.1107],"evs":[0.0,-0.7063]},"98s":{"weight":0.0,"played":[0.7559,0.2441],"evs":[0.0,-0.1945]},"99":{"weight":0.0095,"played":[0.0,1.0],"evs":[0.0,5.17169]},"T9o":{"weight":0.0,"played":[0.9931,0.0069],"evs":[0.0,-0.93526]},"J9o":{"weight":0.0,"played":[0.9897,0.0103],"evs":[0.0,-1.10559]},"Q9o":{"weight":0.0,"played":[0.9533,0.0467],"evs":[0.0,-0.8483]},"K9o":{"weight":0.0,"played":[0.9594,0.0406],"evs":[0.0,-1.04005]},"A9o":{"weight":0.719,"played":[0.0,1.0],"evs":[0.0,0.50039]},"T2s":{"weight":0.0,"played":[0.9972,0.0028],"evs":[0.0,-1.74936]},"T3s":{"weight":0.0,"played":[0.9931,0.0069],"evs":[0.0,-2.18051]},"T4s":{"weight":0.0,"played":[0.9984,0.0016],"evs":[0.0,-1.27639]},"T5s":{"weight":0.0,"played":[0.9977,0.0023],"evs":[0.0,-1.88312]},"T6s":{"weight":0.0,"played":[0.9984,0.0016],"evs":[0.0,-1.57274]},"T7s":{"weight":0.0,"played":[0.9336,0.0664],"evs":[0.0,-0.88772]},"T8s":{"weight":0.0,"played":[0.9846,0.0154],"evs":[0.0,-0.54898]},"T9s":{"weight":1.0E-4,"played":[0.0206,0.9794],"evs":[0.0,0.18104]},"TT":{"weight":0.001,"played":[0.0,1.0],"evs":[0.0,6.44076]},"JTo":{"weight":0.0,"played":[0.8308,0.1692],"evs":[0.0,-0.25075]},"QTo":{"weight":0.0,"played":[0.8647,0.1353],"evs":[0.0,-0.50571]},"KTo":{"weight":1.0E-4,"played":[0.952,0.048],"evs":[0.0,-0.7475]},"ATo":{"weight":0.2113,"played":[0.0,1.0],"evs":[0.0,2.2706]},"J2s":{"weight":0.0,"played":[0.9998,2.0E-4],"evs":[0.0,-1.88472]},"J3s":{"weight":0.0,"played":[0.9939,0.0061],"evs":[0.0,-1.9293]},"J4s":{"weight":0.0,"played":[0.9968,0.0032],"evs":[0.0,-1.52625]},"J5s":{"weight":0.0,"played":[0.9998,2.0E-4],"evs":[0.0,-1.49939]},"J6s":{"weight":0.0,"played":[0.9995,5.0E-4],"evs":[0.0,-1.57762]},"J7s":{"weight":0.0,"played":[0.9865,0.0135],"evs":[0.0,-0.90123]},"J8s":{"weight":0.0,"played":[0.971,0.029],"evs":[0.0,-0.56937]},"J9s":{"weight":2.0E-4,"played":[0.0012,0.9988],"evs":[0.0,0.22618]},"JTs":{"weight":0.5177,"played":[0.0038,0.9962],"evs":[0.0,0.70334]},"JJ":{"weight":0.0023,"played":[0.0,1.0],"evs":[0.0,7.41373]},"QJo":{"weight":0.0,"played":[0.6938,0.3062],"evs":[0.0,-0.45849]},"KJo":{"weight":0.0,"played":[0.5471,0.4529],"evs":[0.0,-0.18085]},"AJo":{"weight":0.0,"played":[0.0,1.0],"evs":[0.0,3.53682]},"Q2s":{"weight":0.0,"played":[0.9938,0.0062],"evs":[0.0,-1.09019]},"Q3s":{"weight":0.0,"played":[0.9993,7.0E-4],"evs":[0.0,-1.17595]},"Q4s":{"weight":0.0,"played":[0.9813,0.0187],"evs":[0.0,-1.17152]},"Q5s":{"weight":0.0,"played":[0.9957,0.0043],"evs":[0.0,-1.40668]},"Q6s":{"weight":0.0,"played":[0.9829,0.0171],"evs":[0.0,-1.77426]},"Q7s":{"weight":0.0,"played":[0.967,0.033],"evs":[0.0,-1.17765]},"Q8s":{"weight":0.0,"played":[0.7379,0.2621],"evs":[0.0,-0.62517]},"Q9s":{"weight":0.0,"played":[0.4506,0.5494],"evs":[0.0,-0.24702]},"QTs":{"weight":0.1546,"played":[0.0,1.0],"evs":[0.0,0.24127]},"QJs":{"weight":0.7779,"played":[0.0,1.0],"evs":[0.0,0.74039]},"QQ":{"weight":6.0E-4,"played":[0.0,1.0],"evs":[0.0,8.68944]},"KQo":{"weight":0.3741,"played":[0.0,1.0],"evs":[0.0,0.42078]},"AQo":{"weight":0.0,"played":[0.0,1.0],"evs":[0.0,4.64115]},"K2s":{"weight":0.0,"played":[0.9923,0.0077],"evs":[0.0,-1.4787]},"K3s":{"weight":0.0,"played":[0.9847,0.0153],"evs":[0.0,-1.30674]},"K4s":{"weight":0.0,"played":[0.9861,0.0139],"evs":[0.0,-0.87767]},"K5s":{"weight":0.0,"played":[0.9727,0.0273],"evs":[0.0,-1.07848]},"K6s":{"weight":0.0,"played":[0.9852,0.0148],"evs":[0.0,-0.89815]},"K7s":{"weight":0.0,"played":[0.7456,0.2544],"evs":[0.0,-0.20555]},"K8s":{"weight":1.0E-4,"played":[0.4348,0.5652],"evs":[0.0,0.00595]},"K9s":{"weight":0.0,"played":[0.1363,0.8637],"evs":[0.0,-0.12513]},"KTs":{"weight":0.1572,"played":[0.0,1.0],"evs":[0.0,0.46904]},"KJs":{"weight":0.0338,"played":[0.0,1.0],"evs":[0.0,0.18898]},"KQs":{"weight":4.0E-4,"played":[0.0,1.0],"evs":[0.0,1.28342]},"KK":{"weight":0.0146,"played":[0.0,1.0],"evs":[0.0,10.26698]},"AKo":{"weight":0.0045,"played":[0.0,1.0],"evs":[0.0,6.2413]},"A2s":{"weight":0.0,"played":[0.9464,0.0536],"evs":[0.0,-0.22577]},"A3s":{"weight":0.0,"played":[0.3685,0.6315],"evs":[0.0,-0.20471]},"A4s":{"weight":0.0,"played":[0.4285,0.5715],"evs":[0.0,-0.40861]},"A5s":{"weight":2.0E-4,"played":[0.1417,0.8583],"evs":[0.0,0.01571]},"A6s":{"weight":0.0052,"played":[0.1862,0.8138],"evs":[0.0,-0.4301]},"A7s":{"weight":0.0,"played":[0.0,1.0],"evs":[0.0,0.66383]},"A8s":{"weight":0.0059,"played":[0.001,0.999],"evs":[0.0,1.11433]},"A9s":{"weight":0.0024,"played":[0.0,1.0],"evs":[0.0,1.69472]},"ATs":{"weight":1.0E-4,"played":[0.0,1.0],"evs":[0.0,3.12499]},"AJs":{"weight":0.017,"played":[0.0,1.0],"evs":[0.0,3.82927]},"AQs":{"weight":0.0,"played":[0.0,1.0],"evs":[0.0,5.21488]},"AKs":{"weight":0.0757,"played":[0.0,1.0],"evs":[0.0,6.38037]},"AA":{"weight":0.9999,"played":[0.0,1.0],"evs":[0.0,13.82424]}}}