{"player":3,"street":0,"children":2,"sequence":[{"player":0,"type":"R","amount":200000,"street":0},{"player":1,"type":"F","amount":0,"street":0},{"player":2,"type":"R","amount":1295000,"street":0}],"actions":[{"type":"F","amount":0,"node":68},{"type":"R","amount":2575000,"node":71}],"hands":{"22":{"weight":1.0,"played":[0.4702,0.5298],"evs":[0.0,-0.10943]},"32o":{"weight":1.0,"played":[1.0,0.0],"evs":[0.0,-4.46882]},"42o":{"weight":1.0,"played":[1.0,0.0],"evs":[0.0,-4.29359]},"52o":{"weight":1.0,"played":[1.0,0.0],"evs":[0.0,-3.96458]},"62o":{"weight":1.0,"played":[1.0,0.0],"evs":[0.0,-4.46955]},"72o":{"weight":1.0,"played":[1.0,0.0],"evs":[0.0,-4.83028]},"82o":{"weight":1.0,"played":[1.0,0.0],"evs":[0.0,-4.52497]},"92o":{"weight":1.0,"played":[1.0,0.0],"evs":[0.0,-4.72655]},"T2o":{"weight":1.0,"played":[1.0,0.0],"evs":[0.0,-4.60462]},"J2o":{"weight":1.0,"played":[1.0,0.0],"evs":[0.0,-4.21863]},"Q2o":{"weight":1.0,"played":[1.0,0.0],"evs":[0.0,-3.66675]},"K2o":{"weight":1.0,"played":[1.0,0.0],"evs":[0.0,-3.29011]},"A2o":{"weight":1.0,"played":[1.0,0.0],"evs":[0.0,-2.805]},"32s":{"weight":1.0,"played":[1.0,0.0],"evs":[0.0,-2.45967]},"33":{"weight":1.0,"played":[0.0,1.0],"evs":[0.0,0.35411]},"43o":{"weight":1.0,"played":[1.0,0.0],"evs":[0.0,-3.47481]},"53o":{"weight":1.0,"played":[1.0,0.0],"evs":[0.0,-3.2609]},"63o":{"weight":1.0,"played":[1.0,0.0],"evs":[0.0,-3.51197]},"73o":{"weight":1.0,"played":[1.0,0.0],"evs":[0.0,-3.84249]},"83o":{"weight":1.0,"played":[1.0,0.0],"evs":[0.0,-4.34052]},"93o":{"weight":1.0,"played":[1.0,0.0],"evs":[0.0,-4.47463]},"T3o":{"weight":1.0,"played":[1.0,0.0],"evs":[0.0,-4.31911]},"J3o":{"weight":1.0,"played":[1.0,0.0],"evs":[0.0,-3.97729]},"Q3o":{"weight":1.0,"played":[1.0,0.0],"evs":[0.0,-3.55309]},"K3o":{"weight":1.0,"played":[1.0,0.0],"evs":[0.0,-3.0475]},"A3o":{"weight":1.0,"played":[1.0,0.0],"evs":[0.0,-2.26366]},"42s":{"weight":1.0,"played":[1.0,0.0],"evs":[0.0,-2.74124]},"43s":{"weight":1.0,"played":[1.0,0.0],"evs":[0.0,-2.22496]},"44":{"weight":1.0,"played":[6.0E-4,0.9994],"evs":[0.0,0.88825]},"54o":{"weight":1.0,"played":[1.0,0.0],"evs":[0.0,-2.61509]},"64o":{"weight":1.0,"played":[1.0,0.0],"evs":[0.0,-2.88201]},"74o":{"weight":1.0,"played":[1.0,0.0],"evs":[0.0,-3.24712]},"84o":{"weight":1.0,"played":[1.0,0.0],"evs":[0.0,-3.81884]},"94o":{"weight":1.0,"played":[1.0,0.0],"evs":[0.0,-4.39414]},"T4o":{"weight":1.0,"played":[1.0,0.0],"evs":[0.0,-4.04522]},"J4o":{"weight":1.0,"played":[1.0,0.0],"evs":[0.0,-3.78059]},"Q4o":{"weight":1.0,"played":[1.0,0.0],"evs":[0.0,-3.13564]},"K4o":{"weight":1.0,"played":[0.9999,1.0E-4],"evs":[0.0,-2.81042]},"A4o":{"weight":1.0,"played":[1.0,0.0],"evs":[0.0,-1.95208]},"52s":{"weight":1.0,"played":[0.9999,1.0E-4],"evs":[0.0,-2.35667]},"53s":{"weight":1.0,"played":[1.0,0.0],"evs":[0.0,-1.7936]},"54s":{"weight":1.0,"played":[0.9989,0.0011],"evs":[0.0,-0.89096]},"55":{"weight":1.0,"played":[0.0,1.0],"evs":[0.0,1.09223]},"65o":{"weight":1.0,"played":[1.0,0.0],"evs":[0.0,-2.22091]},"75o":{"weight":1.0,"played":[1.0,0.0],"evs":[0.0,-2.56101]},"85o":{"weight":1.0,"played":[1.0,0.0],"evs":[0.0,-3.1467]},"95o":{"weight":1.0,"played":[1.0,0.0],"evs":[0.0,-3.56298]},"T5o":{"weight":1.0,"played":[1.0,0.0],"evs":[0.0,-4.0553]},"J5o":{"weight":1.0,"played":[1.0,0.0],"evs":[0.0,-3.6353]},"Q5o":{"weight":1.0,"played":[1.0,0.0],"evs":[0.0,-2.9781]},"K5o":{"weight":1.0,"played":[1.0,0.0],"evs":[0.0,-2.71886]},"A5o":{"weight":1.0,"played":[1.0,0.0],"evs":[0.0,-1.88903]},"62s":{"weight":1.0,"played":[0.9999,1.0E-4],"evs":[0.0,-3.0509]},"63s":{"weight":1.0,"played":[1.0,0.0],"evs":[0.0,-2.0451]},"64s":{"weight":1.0,"played":[0.9962,0.0038],"evs":[0.0,-1.48347]},"65s":{"weight":1.0,"played":[0.9996,4.0E-4],"evs":[0.0,-0.82338]},"66":{"weight":1.0,"played":[0.0,1.0],"evs":[0.0,1.76956]},"76o":{"weight":1.0,"played":[0.9999,1.0E-4],"evs":[0.0,-2.03951]},"86o":{"weight":1.0,"played":[1.0,0.0],"evs":[0.0,-2.6157]},"96o":{"weight":1.0,"played":[1.0,0.0],"evs":[0.0,-2.86796]},"T6o":{"weight":1.0,"played":[1.0,0.0],"evs":[0.0,-3.36136]},"J6o":{"weight":1.0,"played":[1.0,0.0],"evs":[0.0,-3.6074]},"Q6o":{"weight":1.0,"played":[1.0,0.0],"evs":[0.0,-2.88993]},"K6o":{"weight":1.0,"played":[1.0,0.0],"evs":[0.0,-2.66027]},"A6o":{"weight":1.0,"played":[0.9998,2.0E-4],"evs":[0.0,-2.126]},"72s":{"weight":1.0,"played":[1.0,0.0],"evs":[0.0,-3.18709]},"73s":{"weight":1.0,"played":[1.0,0.0],"evs":[0.0,-2.24673]},"74s":{"weight":1.0,"played":[0.9993,7.0E-4],"evs":[0.0,-1.79459]},"75s":{"weight":1.0,"played":[0.9931,0.0069],"evs":[0.0,-1.33592]},"76s":{"weight":1.0,"played":[0.994,0.006],"evs":[0.0,-0.74228]},"77":{"weight":1.0,"played":[0.0,1.0],"evs":[0.0,2.73587]},"87o":{"weight":1.0,"played":[1.0,0.0],"evs":[0.0,-1.91336]},"97o":{"weight":1.0,"played":[1.0,0.0],"evs":[0.0,-2.41615]},"T7o":{"weight":1.0,"played":[0.9999,1.0E-4],"evs":[0.0,-2.76904]},"J7o":{"weight":1.0,"played":[1.0,0.0],"evs":[0.0,-3.00809]},"Q7o":{"weight":1.0,"played":[1.0,0.0],"evs":[0.0,-2.65481]},"K7o":{"weight":1.0,"played":[0.9999,1.0E-4],"evs":[0.0,-2.34813]},"A7o":{"weight":1.0,"played":[0.9998,2.0E-4],"evs":[0.0,-1.61234]},"82s":{"weight":1.0,"played":[1.0,0.0],"evs":[0.0,-2.96734]},"83s":{"weight":1.0,"played":[1.0,0.0],"evs":[0.0,-2.75848]},"84s":{"weight":1.0,"played":[0.9994,6.0E-4],"evs":[0.0,-2.28514]},"85s":{"weight":1.0,"played":[1.0,0.0],"evs":[0.0,-1.52855]},"86s":{"weight":1.0,"played":[0.9911,0.0089],"evs":[0.0,-0.80622]},"87s":{"weight":1.0,"played":[0.9997,3.0E-4],"evs":[0.0,-0.35169]},"88":{"weight":1.0,"played":[0.0,1.0],"evs":[0.0,3.42569]},"98o":{"weight":1.0,"played":[0.9998,2.0E-4],"evs":[0.0,-2.01649]},"T8o":{"weight":1.0,"played":[1.0,0.0],"evs":[0.0,-2.12776]},"J8o":{"weight":1.0,"played":[0.9999,1.0E-4],"evs":[0.0,-2.26987]},"Q8o":{"weight":1.0,"played":[1.0,0.0],"evs":[0.0,-2.39414]},"K8o":{"weight":1.0,"played":[1.0,0.0],"evs":[0.0,-2.20157]},"A8o":{"weight":1.0,"played":[0.9989,0.0011],"evs":[0.0,-1.41134]},"92s":{"weight":1.0,"played":[1.0,0.0],"evs":[0.0,-3.07166]},"93s":{"weight":1.0,"played":[1.0,0.0],"evs":[0.0,-2.73629]},"94s":{"weight":1.0,"played":[1.0,0.0],"evs":[0.0,-2.67548]},"95s":{"weight":1.0,"played":[0.9991,9.0E-4],"evs":[0.0,-2.18403]},"96s":{"weight":1.0,"played":[0.9996,4.0E-4],"evs":[0.0,-1.53473]},"97s":{"weight":1.0,"played":[0.9822,0.0178],"evs":[0.0,-0.62908]},"98s":{"weight":1.0,"played":[0.9925,0.0075],"evs":[0.0,-0.63192]},"99":{"weight":1.0,"played":[0.0,1.0],"evs":[0.0,4.15045]},"T9o":{"weight":1.0,"played":[1.0,0.0],"evs":[0.0,-1.79866]},"J9o":{"weight":1.0,"played":[1.0,0.0],"evs":[0.0,-1.90968]},"Q9o":{"weight":1.0,"played":[0.9998,2.0E-4],"evs":[0.0,-1.84637]},"K9o":{"weight":1.0,"played":[0.9999,1.0E-4],"evs":[0.0,-1.667]},"A9o":{"weight":1.0,"played":[0.9958,0.0042],"evs":[0.0,-0.85133]},"T2s":{"weight":1.0,"played":[1.0,0.0],"evs":[0.0,-2.75521]},"T3s":{"weight":1.0,"played":[1.0,0.0],"evs":[0.0,-2.46944]},"T4s":{"weight":1.0,"played":[1.0,0.0],"evs":[0.0,-2.61195]},"T5s":{"weight":1.0,"played":[1.0,0.0],"evs":[0.0,-2.38609]},"T6s":{"weight":1.0,"played":[1.0,0.0],"evs":[0.0,-1.95268]},"T7s":{"weight":1.0,"played":[0.9995,5.0E-4],"evs":[0.0,-0.69369]},"T8s":{"weight":1.0,"played":[0.9994,6.0E-4],"evs":[0.0,-0.42849]},"T9s":{"weight":1.0,"played":[0.981,0.019],"evs":[0.0,-0.33273]},"TT":{"weight":1.0,"played":[0.0,1.0],"evs":[0.0,6.26646]},"JTo":{"weight":1.0,"played":[0.9999,1.0E-4],"evs":[0.0,-1.3469]},"QTo":{"weight":1.0,"played":[0.9969,0.0031],"evs":[0.0,-1.14519]},"KTo":{"weight":1.0,"played":[0.9997,3.0E-4],"evs":[0.0,-1.32649]},"ATo":{"weight":1.0,"played":[0.0,1.0],"evs":[0.0,0.43951]},"J2s":{"weight":1.0,"played":[0.9989,0.0011],"evs":[0.0,-2.35723]},"J3s":{"weight":1.0,"played":[0.9997,3.0E-4],"evs":[0.0,-2.14431]},"J4s":{"weight":1.0,"played":[1.0,0.0],"evs":[0.0,-2.15563]},"J5s":{"weight":1.0,"played":[1.0,0.0],"evs":[0.0,-2.1062]},"J6s":{"weight":1.0,"played":[1.0,0.0],"evs":[0.0,-2.17004]},"J7s":{"weight":1.0,"played":[0.9996,4.0E-4],"evs":[0.0,-1.4342]},"J8s":{"weight":1.0,"played":[0.9998,2.0E-4],"evs":[0.0,-0.98552]},"J9s":{"weight":1.0,"played":[0.9976,0.0024],"evs":[0.0,-0.63574]},"JTs":{"weight":1.0,"played":[0.2634,0.7366],"evs":[0.0,0.11527]},"JJ":{"weight":1.0,"played":[0.0,1.0],"evs":[0.0,8.26778]},"QJo":{"weight":1.0,"played":[0.9973,0.0027],"evs":[0.0,-0.94214]},"KJo":{"weight":1.0,"played":[0.9895,0.0105],"evs":[0.0,-0.78519]},"AJo":{"weight":1.0,"played":[0.0,1.0],"evs":[0.0,2.1974]},"Q2s":{"weight":1.0,"played":[1.0,0.0],"evs":[0.0,-2.19]},"Q3s":{"weight":1.0,"played":[0.9999,1.0E-4],"evs":[0.0,-1.80789]},"Q4s":{"weight":1.0,"played":[1.0,0.0],"evs":[0.0,-1.42253]},"Q5s":{"weight":1.0,"played":[0.9999,1.0E-4],"evs":[0.0,-1.45229]},"Q6s":{"weight":1.0,"played":[0.9977,0.0023],"evs":[0.0,-1.22462]},"Q7s":{"weight":1.0,"played":[0.9994,6.0E-4],"evs":[0.0,-1.29528]},"Q8s":{"weight":1.0,"played":[0.9978,0.0022],"evs":[0.0,-0.8427]},"Q9s":{"weight":1.0,"played":[0.9921,0.0079],"evs":[0.0,-0.20344]},"QTs":{"weight":1.0,"played":[0.1311,0.8689],"evs":[0.0,0.24688]},"QJs":{"weight":1.0,"played":[0.0025,0.9975],"evs":[0.0,0.91585]},"QQ":{"weight":1.0,"played":[0.0,1.0],"evs":[0.0,10.75775]},"KQo":{"weight":1.0,"played":[0.1264,0.8736],"evs":[0.0,0.21508]},"AQo":{"weight":1.0,"played":[0.0,1.0],"evs":[0.0,4.01284]},"K2s":{"weight":1.0,"played":[0.9974,0.0026],"evs":[0.0,-1.57985]},"K3s":{"weight":1.0,"played":[0.9989,0.0011],"evs":[0.0,-1.38488]},"K4s":{"weight":1.0,"played":[0.9992,8.0E-4],"evs":[0.0,-1.11942]},"K5s":{"weight":1.0,"played":[0.9978,0.0022],"evs":[0.0,-1.08538]},"K6s":{"weight":1.0,"played":[0.997,0.003],"evs":[0.0,-0.99621]},"K7s":{"weight":1.0,"played":[0.9999,1.0E-4],"evs":[0.0,-0.51266]},"K8s":{"weight":1.0,"played":[0.999,0.001],"evs":[0.0,-0.71342]},"K9s":{"weight":1.0,"played":[0.9939,0.0061],"evs":[0.0,-0.21811]},"KTs":{"weight":1.0,"played":[1.0E-4,0.9999],"evs":[0.0,0.43167]},"KJs":{"weight":1.0,"played":[0.0,1.0],"evs":[0.0,0.97659]},"KQs":{"weight":1.0,"played":[1.0E-4,0.9999],"evs":[0.0,1.47229]},"KK":{"weight":1.0,"played":[0.0,1.0],"evs":[0.0,12.96503]},"AKo":{"weight":1.0,"played":[0.0,1.0],"evs":[0.0,5.80952]},"A2s":{"weight":1.0,"played":[0.9988,0.0012],"evs":[0.0,-1.14369]},"A3s":{"weight":1.0,"played":[0.9981,0.0019],"evs":[0.0,-0.71654]},"A4s":{"weight":1.0,"played":[0.9938,0.0062],"evs":[0.0,-0.19194]},"A5s":{"weight":1.0,"played":[0.6439,0.3561],"evs":[0.0,-0.05221]},"A6s":{"weight":1.0,"played":[0.9358,0.0642],"evs":[0.0,-0.5593]},"A7s":{"weight":1.0,"played":[0.0516,0.9484],"evs":[0.0,0.4441]},"A8s":{"weight":1.0,"played":[0.0,1.0],"evs":[0.0,0.5459]},"A9s":{"weight":1.0,"played":[0.0,1.0],"evs":[0.0,1.03671]},"ATs":{"weight":1.0,"played":[0.0,1.0],"evs":[0.0,2.20975]},"AJs":{"weight":1.0,"played":[0.0,1.0],"evs":[0.0,3.83731]},"AQs":{"weight":1.0,"played":[0.0,1.0],"evs":[0.0,5.56355]},"AKs":{"weight":1.0,"played":[0.0,1.0],"evs":[0.0,6.96582]},"AA":{"weight":1.0,"played":[0.0,1.0],"evs":[0.0,19.70636]}}}