{"player":0,"street":0,"children":2,"sequence":[{"player":0,"type":"R","amount":200000,"street":0},{"player":1,"type":"F","amount":0,"street":0},{"player":2,"type":"R","amount":1295000,"street":0},{"player":3,"type":"F","amount":0,"street":0},{"player":4,"type":"F","amount":0,"street":0}],"actions":[{"type":"F","amount":0},{"type":"C","amount":965000}],"hands":{"22":{"weight":0.3426,"played":[0.0,1.0],"evs":[0.0,0.65367]},"32o":{"weight":0.0,"played":[1.0,0.0],"evs":[0.0,-3.11172]},"42o":{"weight":0.0,"played":[1.0,0.0],"evs":[0.0,-2.9275]},"52o":{"weight":0.0,"played":[1.0,0.0],"evs":[0.0,-2.82534]},"62o":{"weight":0.0,"played":[1.0,0.0],"evs":[0.0,-3.0529]},"72o":{"weight":0.0,"played":[1.0,0.0],"evs":[0.0,-3.24262]},"82o":{"weight":0.0,"played":[1.0,0.0],"evs":[0.0,-3.05439]},"92o":{"weight":0.0,"played":[1.0,0.0],"evs":[0.0,-2.97742]},"T2o":{"weight":0.0,"played":[1.0,0.0],"evs":[0.0,-2.89879]},"J2o":{"weight":0.0,"played":[1.0,0.0],"evs":[0.0,-2.7146]},"Q2o":{"weight":0.0,"played":[1.0,0.0],"evs":[0.0,-2.47887]},"K2o":{"weight":0.0,"played":[1.0,0.0],"evs":[0.0,-2.20254]},"A2o":{"weight":0.0,"played":[1.0,0.0],"evs":[0.0,-1.17807]},"32s":{"weight":0.0,"played":[1.0,0.0],"evs":[0.0,-2.10918]},"33":{"weight":0.0312,"played":[0.0,1.0],"evs":[0.0,0.88517]},"43o":{"weight":0.0,"played":[1.0,0.0],"evs":[0.0,-2.56819]},"53o":{"weight":0.0,"played":[1.0,0.0],"evs":[0.0,-2.45717]},"63o":{"weight":0.0,"played":[1.0,0.0],"evs":[0.0,-2.68097]},"73o":{"weight":0.0,"played":[1.0,0.0],"evs":[0.0,-2.87083]},"83o":{"weight":0.0,"played":[1.0,0.0],"evs":[0.0,-3.01108]},"93o":{"weight":0.0,"played":[1.0,0.0],"evs":[0.0,-2.86083]},"T3o":{"weight":0.0,"played":[1.0,0.0],"evs":[0.0,-2.78191]},"J3o":{"weight":0.0,"played":[1.0,0.0],"evs":[0.0,-2.5957]},"Q3o":{"weight":0.0,"played":[1.0,0.0],"evs":[0.0,-2.32858]},"K3o":{"weight":0.0,"played":[1.0,0.0],"evs":[0.0,-2.09096]},"A3o":{"weight":0.0,"played":[1.0,0.0],"evs":[0.0,-1.09021]},"42s":{"weight":0.0,"played":[1.0,0.0],"evs":[0.0,-1.94623]},"43s":{"weight":0.0,"played":[1.0,0.0],"evs":[0.0,-1.63693]},"44":{"weight":0.0,"played":[0.0,1.0],"evs":[0.0,1.14403]},"54o":{"weight":0.0,"played":[1.0,0.0],"evs":[0.0,-2.08521]},"64o":{"weight":0.0,"played":[1.0,0.0],"evs":[0.0,-2.29776]},"74o":{"weight":0.0,"played":[1.0,0.0],"evs":[0.0,-2.47179]},"84o":{"weight":0.0,"played":[1.0,0.0],"evs":[0.0,-2.62739]},"94o":{"weight":0.0,"played":[1.0,0.0],"evs":[0.0,-2.79782]},"T4o":{"weight":0.0,"played":[1.0,0.0],"evs":[0.0,-2.68743]},"J4o":{"weight":0.0,"played":[1.0,0.0],"evs":[0.0,-2.46418]},"Q4o":{"weight":0.0,"played":[1.0,0.0],"evs":[0.0,-2.21609]},"K4o":{"weight":0.0,"played":[1.0,0.0],"evs":[0.0,-1.97016]},"A4o":{"weight":0.0917,"played":[1.0,0.0],"evs":[0.0,-0.96269]},"52s":{"weight":0.0,"played":[1.0,0.0],"evs":[0.0,-1.84541]},"53s":{"weight":0.0,"played":[1.0,0.0],"evs":[0.0,-1.49371]},"54s":{"weight":0.0,"played":[1.0,0.0],"evs":[0.0,-1.11884]},"55":{"weight":0.0,"played":[0.0,1.0],"evs":[0.0,1.46751]},"65o":{"weight":0.0,"played":[1.0,0.0],"evs":[0.0,-1.93562]},"75o":{"weight":0.0,"played":[1.0,0.0],"evs":[0.0,-2.0838]},"85o":{"weight":0.0,"played":[1.0,0.0],"evs":[0.0,-2.26294]},"95o":{"weight":0.0,"played":[1.0,0.0],"evs":[0.0,-2.43398]},"T5o":{"weight":0.0,"played":[1.0,0.0],"evs":[0.0,-2.63699]},"J5o":{"weight":0.0,"played":[1.0,0.0],"evs":[0.0,-2.40517]},"Q5o":{"weight":0.0,"played":[1.0,0.0],"evs":[0.0,-2.11971]},"K5o":{"weight":0.0,"played":[1.0,0.0],"evs":[0.0,-1.86782]},"A5o":{"weight":0.1138,"played":[0.9999,1.0E-4],"evs":[0.0,-0.76402]},"62s":{"weight":0.0,"played":[1.0,0.0],"evs":[0.0,-2.09696]},"63s":{"weight":0.0,"played":[1.0,0.0],"evs":[0.0,-1.78228]},"64s":{"weight":0.0,"played":[1.0,0.0],"evs":[0.0,-1.38046]},"65s":{"weight":0.0,"played":[1.0,0.0],"evs":[0.0,-1.0456]},"66":{"weight":0.0,"played":[0.0,1.0],"evs":[0.0,1.99596]},"76o":{"weight":0.0,"played":[1.0,0.0],"evs":[0.0,-1.74656]},"86o":{"weight":0.0,"played":[1.0,0.0],"evs":[0.0,-1.8308]},"96o":{"weight":0.0,"played":[1.0,0.0],"evs":[0.0,-2.04016]},"T6o":{"weight":0.0,"played":[1.0,0.0],"evs":[0.0,-2.23175]},"J6o":{"weight":0.0,"played":[1.0,0.0],"evs":[0.0,-2.30952]},"Q6o":{"weight":0.0,"played":[1.0,0.0],"evs":[0.0,-2.00697]},"K6o":{"weight":0.0,"played":[1.0,0.0],"evs":[0.0,-1.73934]},"A6o":{"weight":0.3798,"played":[1.0,0.0],"evs":[0.0,-0.84878]},"72s":{"weight":0.0,"played":[1.0,0.0],"evs":[0.0,-2.25945]},"73s":{"weight":0.0,"played":[1.0,0.0],"evs":[0.0,-1.95865]},"74s":{"weight":0.0,"played":[1.0,0.0],"evs":[0.0,-1.62771]},"75s":{"weight":0.0,"played":[1.0,0.0],"evs":[0.0,-1.193]},"76s":{"weight":0.0,"played":[1.0,0.0],"evs":[0.0,-0.81639]},"77":{"weight":0.0,"played":[0.0,1.0],"evs":[0.0,2.61021]},"87o":{"weight":0.0,"played":[1.0,0.0],"evs":[0.0,-1.4725]},"97o":{"weight":0.0,"played":[1.0,0.0],"evs":[0.0,-1.63311]},"T7o":{"weight":0.0,"played":[1.0,0.0],"evs":[0.0,-1.80404]},"J7o":{"weight":0.0,"played":[1.0,0.0],"evs":[0.0,-1.92192]},"Q7o":{"weight":0.0,"played":[1.0,0.0],"evs":[0.0,-1.94628]},"K7o":{"weight":0.0,"played":[1.0,0.0],"evs":[0.0,-1.60701]},"A7o":{"weight":0.0749,"played":[0.9999,1.0E-4],"evs":[0.0,-0.46355]},"82s":{"weight":0.0,"played":[1.0,0.0],"evs":[0.0,-2.07129]},"83s":{"weight":0.0,"played":[1.0,0.0],"evs":[0.0,-2.02824]},"84s":{"weight":0.0,"played":[1.0,0.0],"evs":[0.0,-1.72719]},"85s":{"weight":0.0,"played":[1.0,0.0],"evs":[0.0,-1.34935]},"86s":{"weight":0.0,"played":[1.0,0.0],"evs":[0.0,-0.94049]},"87s":{"weight":0.0,"played":[1.0,0.0],"evs":[0.0,-0.61452]},"88":{"weight":0.0352,"played":[0.0,1.0],"evs":[0.0,3.18238]},"98o":{"weight":0.0,"played":[1.0,0.0],"evs":[0.0,-1.30657]},"T8o":{"weight":0.0,"played":[1.0,0.0],"evs":[0.0,-1.45516]},"J8o":{"weight":0.0,"played":[1.0,0.0],"evs":[0.0,-1.49844]},"Q8o":{"weight":0.0,"played":[1.0,0.0],"evs":[0.0,-1.56981]},"K8o":{"weight":0.0,"played":[1.0,0.0],"evs":[0.0,-1.53675]},"A8o":{"weight":0.0398,"played":[0.6222,0.3778],"evs":[0.0,-0.06557]},"92s":{"weight":0.0,"played":[1.0,0.0],"evs":[0.0,-2.02382]},"93s":{"weight":0.0,"played":[1.0,0.0],"evs":[0.0,-1.92549]},"94s":{"weight":0.0,"played":[1.0,0.0],"evs":[0.0,-1.83648]},"95s":{"weight":0.0,"played":[1.0,0.0],"evs":[0.0,-1.44828]},"96s":{"weight":0.0,"played":[1.0,0.0],"evs":[0.0,-1.0825]},"97s":{"weight":0.0,"played":[1.0,0.0],"evs":[0.0,-0.72637]},"98s":{"weight":0.0184,"played":[0.9997,3.0E-4],"evs":[0.0,-0.4435]},"99":{"weight":0.0633,"played":[0.0,1.0],"evs":[0.0,3.94574]},"T9o":{"weight":0.0,"played":[1.0,0.0],"evs":[0.0,-1.07771]},"J9o":{"weight":0.0,"played":[1.0,0.0],"evs":[0.0,-1.17686]},"Q9o":{"weight":0.0,"played":[1.0,0.0],"evs":[0.0,-1.20121]},"K9o":{"weight":0.0,"played":[1.0,0.0],"evs":[0.0,-1.19844]},"A9o":{"weight":0.0497,"played":[0.0,1.0],"evs":[0.0,0.36111]},"T2s":{"weight":0.0,"played":[1.0,0.0],"evs":[0.0,-1.91619]},"T3s":{"weight":0.0,"played":[1.0,0.0],"evs":[0.0,-1.77328]},"T4s":{"weight":0.0,"played":[1.0,0.0],"evs":[0.0,-1.72766]},"T5s":{"weight":0.0,"played":[1.0,0.0],"evs":[0.0,-1.7207]},"T6s":{"weight":0.0,"played":[1.0,0.0],"evs":[0.0,-1.22368]},"T7s":{"weight":0.0,"played":[1.0,0.0],"evs":[0.0,-0.96515]},"T8s":{"weight":0.0012,"played":[1.0,0.0],"evs":[0.0,-0.60797]},"T9s":{"weight":0.0742,"played":[0.9959,0.0041],"evs":[0.0,-0.15619]},"TT":{"weight":0.36,"played":[0.0,1.0],"evs":[0.0,5.06501]},"JTo":{"weight":0.0543,"played":[1.0,0.0],"evs":[0.0,-0.74391]},"QTo":{"weight":0.0263,"played":[1.0,0.0],"evs":[0.0,-0.72863]},"KTo":{"weight":0.3486,"played":[1.0,0.0],"evs":[0.0,-0.66641]},"ATo":{"weight":0.0,"played":[0.0,1.0],"evs":[0.0,1.5921]},"J2s":{"weight":0.0,"played":[1.0,0.0],"evs":[0.0,-1.7466]},"J3s":{"weight":0.0,"played":[1.0,0.0],"evs":[0.0,-1.57962]},"J4s":{"weight":0.0,"played":[1.0,0.0],"evs":[0.0,-1.53743]},"J5s":{"weight":0.0,"played":[1.0,0.0],"evs":[0.0,-1.4362]},"J6s":{"weight":0.0,"played":[1.0,0.0],"evs":[0.0,-1.37808]},"J7s":{"weight":0.0,"played":[1.0,0.0],"evs":[0.0,-0.97568]},"J8s":{"weight":1.0E-4,"played":[1.0,0.0],"evs":[0.0,-0.6401]},"J9s":{"weight":0.6265,"played":[0.9996,4.0E-4],"evs":[0.0,-0.31188]},"JTs":{"weight":0.0015,"played":[0.0022,0.9978],"evs":[0.0,0.0987]},"JJ":{"weight":0.1825,"played":[0.0,1.0],"evs":[0.0,6.26374]},"QJo":{"weight":0.1907,"played":[1.0,0.0],"evs":[0.0,-0.54353]},"KJo":{"weight":0.0,"played":[0.9998,2.0E-4],"evs":[0.0,-0.25988]},"AJo":{"weight":0.0,"played":[0.0,1.0],"evs":[0.0,2.81386]},"Q2s":{"weight":0.0,"played":[1.0,0.0],"evs":[0.0,-1.44685]},"Q3s":{"weight":0.0,"played":[1.0,0.0],"evs":[0.0,-1.34879]},"Q4s":{"weight":0.0,"played":[1.0,0.0],"evs":[0.0,-1.28047]},"Q5s":{"weight":0.0,"played":[1.0,0.0],"evs":[0.0,-1.17465]},"Q6s":{"weight":0.0,"played":[1.0,0.0],"evs":[0.0,-1.11586]},"Q7s":{"weight":0.0,"played":[1.0,0.0],"evs":[0.0,-1.03885]},"Q8s":{"weight":0.0,"played":[1.0,0.0],"evs":[0.0,-0.62959]},"Q9s":{"weight":0.377,"played":[1.0,0.0],"evs":[0.0,-0.34299]},"QTs":{"weight":0.0,"played":[0.0095,0.9905],"evs":[0.0,0.10134]},"QJs":{"weight":0.0,"played":[1.0E-4,0.9999],"evs":[0.0,0.26871]},"QQ":{"weight":0.0769,"played":[0.0,1.0],"evs":[0.0,7.52779]},"KQo":{"weight":0.0,"played":[0.0,1.0],"evs":[0.0,0.3263]},"AQo":{"weight":0.0,"played":[0.0,1.0],"evs":[0.0,4.29389]},"K2s":{"weight":0.0,"played":[1.0,0.0],"evs":[0.0,-1.22161]},"K3s":{"weight":0.0,"played":[1.0,0.0],"evs":[0.0,-1.15372]},"K4s":{"weight":0.0,"played":[1.0,0.0],"evs":[0.0,-1.05564]},"K5s":{"weight":0.0,"played":[1.0,0.0],"evs":[0.0,-0.92363]},"K6s":{"weight":0.0,"played":[1.0,0.0],"evs":[0.0,-0.79308]},"K7s":{"weight":4.0E-4,"played":[1.0,0.0],"evs":[0.0,-0.65141]},"K8s":{"weight":0.3865,"played":[1.0,0.0],"evs":[0.0,-0.65081]},"K9s":{"weight":5.0E-4,"played":[0.9999,1.0E-4],"evs":[0.0,-0.29404]},"KTs":{"weight":0.0,"played":[1.0E-4,0.9999],"evs":[0.0,0.24221]},"KJs":{"weight":1.0E-4,"played":[0.0,1.0],"evs":[0.0,0.57674]},"KQs":{"weight":0.0,"played":[0.0,1.0],"evs":[0.0,1.19344]},"KK":{"weight":0.3616,"played":[0.0,1.0],"evs":[0.0,8.92118]},"AKo":{"weight":1.0E-4,"played":[0.0,1.0],"evs":[0.0,5.82926]},"A2s":{"weight":0.0,"played":[0.9864,0.0136],"evs":[0.0,-0.24181]},"A3s":{"weight":0.0,"played":[0.9312,0.0688],"evs":[0.0,-0.08645]},"A4s":{"weight":0.0,"played":[0.2788,0.7212],"evs":[0.0,-0.01252]},"A5s":{"weight":0.0,"played":[0.0,1.0],"evs":[0.0,0.16321]},"A6s":{"weight":0.0,"played":[0.0,1.0],"evs":[0.0,0.05731]},"A7s":{"weight":0.0,"played":[0.0,1.0],"evs":[0.0,0.44954]},"A8s":{"weight":0.0,"played":[0.0,1.0],"evs":[0.0,0.74644]},"A9s":{"weight":0.0,"played":[0.0,1.0],"evs":[0.0,1.21288]},"ATs":{"weight":0.0,"played":[0.0,1.0],"evs":[0.0,2.34603]},"AJs":{"weight":0.0,"played":[0.0,1.0],"evs":[0.0,3.5273]},"AQs":{"weight":2.0E-4,"played":[0.0,1.0],"evs":[0.0,4.86752]},"AKs":{"weight":0.0374,"played":[0.0,1.0],"evs":[0.0,6.3018]},"AA":{"weight":1.0,"played":[0.0,1.0],"evs":[0.0,12.13882]}}}