{"player":4,"street":0,"children":2,"sequence":[{"player":0,"type":"R","amount":200000,"street":0},{"player":1,"type":"F","amount":0,"street":0},{"player":2,"type":"R","amount":1295000,"street":0},{"player":3,"type":"R","amount":2575000,"street":0}],"actions":[{"type":"F","amount":0,"node":72},{"type":"C","amount":2475000,"node":73}],"hands":{"22":{"weight":1.0,"played":[0.9742,0.0258],"evs":[0.0,-2.02592]},"32o":{"weight":1.0,"played":[1.0,0.0],"evs":[0.0,-8.69326]},"42o":{"weight":1.0,"played":[0.9999,1.0E-4],"evs":[0.0,-8.02645]},"52o":{"weight":1.0,"played":[1.0,0.0],"evs":[0.0,-7.1304]},"62o":{"weight":1.0,"played":[1.0,0.0],"evs":[0.0,-8.16507]},"72o":{"weight":1.0,"played":[1.0,0.0],"evs":[0.0,-9.61897]},"82o":{"weight":1.0,"played":[1.0,0.0],"evs":[0.0,-8.52697]},"92o":{"weight":1.0,"played":[1.0,0.0],"evs":[0.0,-8.45341]},"T2o":{"weight":1.0,"played":[1.0,0.0],"evs":[0.0,-9.47698]},"J2o":{"weight":1.0,"played":[1.0,0.0],"evs":[0.0,-9.31304]},"Q2o":{"weight":1.0,"played":[0.9997,3.0E-4],"evs":[0.0,-7.24328]},"K2o":{"weight":1.0,"played":[1.0,0.0],"evs":[0.0,-7.91731]},"A2o":{"weight":1.0,"played":[0.9973,0.0027],"evs":[0.0,-7.11393]},"32s":{"weight":1.0,"played":[0.9991,9.0E-4],"evs":[0.0,-6.27164]},"33":{"weight":1.0,"played":[0.8675,0.1325],"evs":[0.0,-1.58001]},"43o":{"weight":1.0,"played":[1.0,0.0],"evs":[0.0,-6.65494]},"53o":{"weight":1.0,"played":[0.9993,7.0E-4],"evs":[0.0,-5.95289]},"63o":{"weight":1.0,"played":[0.9999,1.0E-4],"evs":[0.0,-6.73761]},"73o":{"weight":1.0,"played":[1.0,0.0],"evs":[0.0,-6.69859]},"83o":{"weight":1.0,"played":[1.0,0.0],"evs":[0.0,-7.65433]},"93o":{"weight":1.0,"played":[1.0,0.0],"evs":[0.0,-7.44772]},"T3o":{"weight":1.0,"played":[0.9999,1.0E-4],"evs":[0.0,-8.60099]},"J3o":{"weight":1.0,"played":[1.0,0.0],"evs":[0.0,-8.0023]},"Q3o":{"weight":1.0,"played":[1.0,0.0],"evs":[0.0,-7.60956]},"K3o":{"weight":1.0,"played":[0.9999,1.0E-4],"evs":[0.0,-6.76023]},"A3o":{"weight":1.0,"played":[0.9997,3.0E-4],"evs":[0.0,-6.75936]},"42s":{"weight":1.0,"played":[1.0,0.0],"evs":[0.0,-4.27713]},"43s":{"weight":1.0,"played":[0.9994,6.0E-4],"evs":[0.0,-5.32954]},"44":{"weight":1.0,"played":[0.3101,0.6899],"evs":[0.0,0.44587]},"54o":{"weight":1.0,"played":[0.9975,0.0025],"evs":[0.0,-5.46753]},"64o":{"weight":1.0,"played":[1.0,0.0],"evs":[0.0,-5.73671]},"74o":{"weight":1.0,"played":[1.0,0.0],"evs":[0.0,-6.0046]},"84o":{"weight":1.0,"played":[1.0,0.0],"evs":[0.0,-6.58112]},"94o":{"weight":1.0,"played":[1.0,0.0],"evs":[0.0,-7.52944]},"T4o":{"weight":1.0,"played":[0.9999,1.0E-4],"evs":[0.0,-7.74373]},"J4o":{"weight":1.0,"played":[0.9999,1.0E-4],"evs":[0.0,-7.82494]},"Q4o":{"weight":1.0,"played":[0.9996,4.0E-4],"evs":[0.0,-7.06611]},"K4o":{"weight":1.0,"played":[0.9999,1.0E-4],"evs":[0.0,-6.37964]},"A4o":{"weight":1.0,"played":[0.9945,0.0055],"evs":[0.0,-5.40789]},"52s":{"weight":1.0,"played":[0.9925,0.0075],"evs":[0.0,-3.4354]},"53s":{"weight":1.0,"played":[0.9903,0.0097],"evs":[0.0,-3.07296]},"54s":{"weight":1.0,"played":[0.9962,0.0038],"evs":[0.0,-3.53631]},"55":{"weight":1.0,"played":[0.2966,0.7034],"evs":[0.0,1.67632]},"65o":{"weight":1.0,"played":[0.9996,4.0E-4],"evs":[0.0,-3.50048]},"75o":{"weight":1.0,"played":[0.9998,2.0E-4],"evs":[0.0,-4.40288]},"85o":{"weight":1.0,"played":[0.9995,5.0E-4],"evs":[0.0,-5.25902]},"95o":{"weight":1.0,"played":[1.0,0.0],"evs":[0.0,-5.43994]},"T5o":{"weight":1.0,"played":[1.0,0.0],"evs":[0.0,-7.63927]},"J5o":{"weight":1.0,"played":[0.9999,1.0E-4],"evs":[0.0,-6.2994]},"Q5o":{"weight":1.0,"played":[0.9989,0.0011],"evs":[0.0,-6.4961]},"K5o":{"weight":1.0,"played":[0.9994,6.0E-4],"evs":[0.0,-6.56512]},"A5o":{"weight":1.0,"played":[0.9954,0.0046],"evs":[0.0,-4.64289]},"62s":{"weight":1.0,"played":[1.0,0.0],"evs":[0.0,-4.94294]},"63s":{"weight":1.0,"played":[0.9995,5.0E-4],"evs":[0.0,-4.86519]},"64s":{"weight":1.0,"played":[0.9661,0.0339],"evs":[0.0,-3.09672]},"65s":{"weight":1.0,"played":[0.9865,0.0135],"evs":[0.0,-2.16545]},"66":{"weight":1.0,"played":[5.0E-4,0.9995],"evs":[0.0,2.03365]},"76o":{"weight":1.0,"played":[0.9995,5.0E-4],"evs":[0.0,-3.22433]},"86o":{"weight":1.0,"played":[1.0,0.0],"evs":[0.0,-4.71496]},"96o":{"weight":1.0,"played":[1.0,0.0],"evs":[0.0,-4.64681]},"T6o":{"weight":1.0,"played":[1.0,0.0],"evs":[0.0,-7.21077]},"J6o":{"weight":1.0,"played":[0.9998,2.0E-4],"evs":[0.0,-6.42236]},"Q6o":{"weight":1.0,"played":[1.0,0.0],"evs":[0.0,-6.19856]},"K6o":{"weight":1.0,"played":[0.9994,6.0E-4],"evs":[0.0,-5.71732]},"A6o":{"weight":1.0,"played":[0.9982,0.0018],"evs":[0.0,-7.29585]},"72s":{"weight":1.0,"played":[0.9999,1.0E-4],"evs":[0.0,-5.16745]},"73s":{"weight":1.0,"played":[0.9999,1.0E-4],"evs":[0.0,-4.6463]},"74s":{"weight":1.0,"played":[0.9971,0.0029],"evs":[0.0,-2.54433]},"75s":{"weight":1.0,"played":[0.9881,0.0119],"evs":[0.0,-3.03069]},"76s":{"weight":1.0,"played":[0.549,0.451],"evs":[0.0,-0.08623]},"77":{"weight":1.0,"played":[1.0E-4,0.9999],"evs":[0.0,5.00259]},"87o":{"weight":1.0,"played":[0.9994,6.0E-4],"evs":[0.0,-3.82083]},"97o":{"weight":1.0,"played":[0.9985,0.0015],"evs":[0.0,-4.44402]},"T7o":{"weight":1.0,"played":[0.9995,5.0E-4],"evs":[0.0,-5.02421]},"J7o":{"weight":1.0,"played":[0.9991,9.0E-4],"evs":[0.0,-4.6723]},"Q7o":{"weight":1.0,"played":[1.0,0.0],"evs":[0.0,-4.74081]},"K7o":{"weight":1.0,"played":[0.9991,9.0E-4],"evs":[0.0,-5.1943]},"A7o":{"weight":1.0,"played":[0.9957,0.0043],"evs":[0.0,-5.82936]},"82s":{"weight":1.0,"played":[0.9996,4.0E-4],"evs":[0.0,-6.49315]},"83s":{"weight":1.0,"played":[0.9987,0.0013],"evs":[0.0,-5.9879]},"84s":{"weight":1.0,"played":[0.9988,0.0012],"evs":[0.0,-2.75927]},"85s":{"weight":1.0,"played":[0.9988,0.0012],"evs":[0.0,-3.5106]},"86s":{"weight":1.0,"played":[0.9414,0.0586],"evs":[0.0,-0.2183]},"87s":{"weight":1.0,"played":[0.1018,0.8982],"evs":[0.0,0.69343]},"88":{"weight":1.0,"played":[0.0,1.0],"evs":[0.0,7.05019]},"98o":{"weight":1.0,"played":[0.9953,0.0047],"evs":[0.0,-4.12759]},"T8o":{"weight":1.0,"played":[0.9994,6.0E-4],"evs":[0.0,-4.23783]},"J8o":{"weight":1.0,"played":[0.9998,2.0E-4],"evs":[0.0,-5.02891]},"Q8o":{"weight":1.0,"played":[0.9996,4.0E-4],"evs":[0.0,-4.86253]},"K8o":{"weight":1.0,"played":[0.9997,3.0E-4],"evs":[0.0,-5.68845]},"A8o":{"weight":1.0,"played":[0.998,0.002],"evs":[0.0,-4.56269]},"92s":{"weight":1.0,"played":[0.9995,5.0E-4],"evs":[0.0,-5.57059]},"93s":{"weight":1.0,"played":[0.994,0.006],"evs":[0.0,-5.56376]},"94s":{"weight":1.0,"played":[0.9994,6.0E-4],"evs":[0.0,-5.28505]},"95s":{"weight":1.0,"played":[0.9903,0.0097],"evs":[0.0,-2.25264]},"96s":{"weight":1.0,"played":[0.8452,0.1548],"evs":[0.0,-1.73166]},"97s":{"weight":1.0,"played":[0.8388,0.1612],"evs":[0.0,-1.40294]},"98s":{"weight":1.0,"played":[0.298,0.702],"evs":[0.0,0.35885]},"99":{"weight":1.0,"played":[0.0,1.0],"evs":[0.0,7.91963]},"T9o":{"weight":1.0,"played":[0.9995,5.0E-4],"evs":[0.0,-3.66666]},"J9o":{"weight":1.0,"played":[0.9989,0.0011],"evs":[0.0,-3.84673]},"Q9o":{"weight":1.0,"played":[0.9973,0.0027],"evs":[0.0,-4.49029]},"K9o":{"weight":1.0,"played":[0.9998,2.0E-4],"evs":[0.0,-4.43774]},"A9o":{"weight":1.0,"played":[0.995,0.005],"evs":[0.0,-3.73061]},"T2s":{"weight":1.0,"played":[0.9963,0.0037],"evs":[0.0,-6.303]},"T3s":{"weight":1.0,"played":[0.9965,0.0035],"evs":[0.0,-5.9755]},"T4s":{"weight":1.0,"played":[0.9869,0.0131],"evs":[0.0,-6.28495]},"T5s":{"weight":1.0,"played":[0.9997,3.0E-4],"evs":[0.0,-4.94225]},"T6s":{"weight":1.0,"played":[0.9988,0.0012],"evs":[0.0,-5.05211]},"T7s":{"weight":1.0,"played":[0.9575,0.0425],"evs":[0.0,-1.56681]},"T8s":{"weight":1.0,"played":[0.9592,0.0408],"evs":[0.0,-1.30015]},"T9s":{"weight":1.0,"played":[0.7803,0.2197],"evs":[0.0,-0.95277]},"TT":{"weight":1.0,"played":[0.0,1.0],"evs":[0.0,9.67107]},"JTo":{"weight":1.0,"played":[0.9988,0.0012],"evs":[0.0,-4.15]},"QTo":{"weight":1.0,"played":[0.9994,6.0E-4],"evs":[0.0,-2.92079]},"KTo":{"weight":1.0,"played":[0.99,0.01],"evs":[0.0,-3.80834]},"ATo":{"weight":1.0,"played":[0.9047,0.0953],"evs":[0.0,-2.44183]},"J2s":{"weight":1.0,"played":[0.9998,2.0E-4],"evs":[0.0,-5.52737]},"J3s":{"weight":1.0,"played":[0.9977,0.0023],"evs":[0.0,-4.71738]},"J4s":{"weight":1.0,"played":[0.9995,5.0E-4],"evs":[0.0,-3.75208]},"J5s":{"weight":1.0,"played":[0.9961,0.0039],"evs":[0.0,-5.92569]},"J6s":{"weight":1.0,"played":[0.9993,7.0E-4],"evs":[0.0,-3.34246]},"J7s":{"weight":1.0,"played":[0.9776,0.0224],"evs":[0.0,-4.12793]},"J8s":{"weight":1.0,"played":[0.9357,0.0643],"evs":[0.0,-2.82836]},"J9s":{"weight":1.0,"played":[0.9915,0.0085],"evs":[0.0,-2.38209]},"JTs":{"weight":1.0,"played":[0.2467,0.7533],"evs":[0.0,0.14686]},"JJ":{"weight":1.0,"played":[0.0,1.0],"evs":[0.0,12.9138]},"QJo":{"weight":1.0,"played":[0.9877,0.0123],"evs":[0.0,-1.77257]},"KJo":{"weight":1.0,"played":[0.9798,0.0202],"evs":[0.0,-2.04197]},"AJo":{"weight":1.0,"played":[0.1926,0.8074],"evs":[0.0,0.04596]},"Q2s":{"weight":1.0,"played":[0.9986,0.0014],"evs":[0.0,-5.26102]},"Q3s":{"weight":1.0,"played":[0.9974,0.0026],"evs":[0.0,-3.76541]},"Q4s":{"weight":1.0,"played":[0.9958,0.0042],"evs":[0.0,-4.85197]},"Q5s":{"weight":1.0,"played":[0.9537,0.0463],"evs":[0.0,-4.68364]},"Q6s":{"weight":1.0,"played":[0.999,0.001],"evs":[0.0,-1.97582]},"Q7s":{"weight":1.0,"played":[0.9786,0.0214],"evs":[0.0,-2.42643]},"Q8s":{"weight":1.0,"played":[0.9432,0.0568],"evs":[0.0,-2.25073]},"Q9s":{"weight":1.0,"played":[0.9803,0.0197],"evs":[0.0,-0.87427]},"QTs":{"weight":1.0,"played":[0.6257,0.3743],"evs":[0.0,-0.73234]},"QJs":{"weight":1.0,"played":[0.1001,0.8999],"evs":[0.0,0.2906]},"QQ":{"weight":1.0,"played":[0.0,1.0],"evs":[0.0,17.83203]},"KQo":{"weight":1.0,"played":[0.8892,0.1108],"evs":[0.0,0.02089]},"AQo":{"weight":1.0,"played":[0.0,1.0],"evs":[0.0,3.51343]},"K2s":{"weight":1.0,"played":[0.9987,0.0013],"evs":[0.0,-3.83028]},"K3s":{"weight":1.0,"played":[0.9965,0.0035],"evs":[0.0,-5.0073]},"K4s":{"weight":1.0,"played":[0.9968,0.0032],"evs":[0.0,-4.29729]},"K5s":{"weight":1.0,"played":[0.9471,0.0529],"evs":[0.0,-0.76126]},"K6s":{"weight":1.0,"played":[0.9711,0.0289],"evs":[0.0,-1.60584]},"K7s":{"weight":1.0,"played":[0.916,0.084],"evs":[0.0,-2.00526]},"K8s":{"weight":1.0,"played":[0.922,0.078],"evs":[0.0,-2.2646]},"K9s":{"weight":1.0,"played":[0.9769,0.0231],"evs":[0.0,-1.29425]},"KTs":{"weight":1.0,"played":[0.7046,0.2954],"evs":[0.0,0.28459]},"KJs":{"weight":1.0,"played":[0.4617,0.5383],"evs":[0.0,0.7011]},"KQs":{"weight":1.0,"played":[3.0E-4,0.9997],"evs":[0.0,2.46154]},"KK":{"weight":1.0,"played":[0.0,1.0],"evs":[0.0,23.87674]},"AKo":{"weight":1.0,"played":[0.0,1.0],"evs":[0.0,6.24672]},"A2s":{"weight":1.0,"played":[0.9936,0.0064],"evs":[0.0,-3.35377]},"A3s":{"weight":1.0,"played":[0.9548,0.0452],"evs":[0.0,-2.35855]},"A4s":{"weight":1.0,"played":[0.9883,0.0117],"evs":[0.0,-1.48567]},"A5s":{"weight":1.0,"played":[0.9882,0.0118],"evs":[0.0,-1.72058]},"A6s":{"weight":1.0,"played":[0.9303,0.0697],"evs":[0.0,-2.07046]},"A7s":{"weight":1.0,"played":[0.9925,0.0075],"evs":[0.0,-3.19647]},"A8s":{"weight":1.0,"played":[0.9684,0.0316],"evs":[0.0,-1.02986]},"A9s":{"weight":1.0,"played":[0.9562,0.0438],"evs":[0.0,-1.79715]},"ATs":{"weight":1.0,"played":[0.6464,0.3536],"evs":[0.0,-1.27314]},"AJs":{"weight":1.0,"played":[0.0599,0.9401],"evs":[0.0,1.587]},"AQs":{"weight":1.0,"played":[0.0,1.0],"evs":[0.0,4.72082]},"AKs":{"weight":1.0,"played":[1.0E-4,0.9999],"evs":[0.0,11.19047]},"AA":{"weight":1.0,"played":[0.0,1.0],"evs":[0.0,32.59232]}}}