{"player":3,"street":0,"children":3,"sequence":[{"player":0,"type":"R","amount":200000,"street":0},{"player":1,"type":"C","amount":200000,"street":0},{"player":2,"type":"F","amount":0,"street":0}],"actions":[{"type":"F","amount":0,"node":76},{"type":"C","amount":150000,"node":80},{"type":"R","amount":2575000,"node":88}],"hands":{"22":{"weight":1.0,"played":[0.9835,0.0127,0.0038],"evs":[0.0,-0.50096,-1.92896]},"32o":{"weight":1.0,"played":[1.0,0.0,0.0],"evs":[0.0,-1.1253,-4.18647]},"42o":{"weight":1.0,"played":[1.0,0.0,0.0],"evs":[0.0,-1.23626,-4.01381]},"52o":{"weight":1.0,"played":[0.9999,1.0E-4,0.0],"evs":[0.0,-1.32049,-3.77178]},"62o":{"weight":1.0,"played":[0.9998,2.0E-4,0.0],"evs":[0.0,-1.48118,-4.41314]},"72o":{"weight":1.0,"played":[0.9999,0.0,0.0],"evs":[0.0,-1.75783,-4.53702]},"82o":{"weight":1.0,"played":[0.9998,1.0E-4,1.0E-4],"evs":[0.0,-1.52322,-3.94056]},"92o":{"weight":1.0,"played":[0.9999,0.0,0.0],"evs":[0.0,-1.40233,-4.15351]},"T2o":{"weight":1.0,"played":[1.0,0.0,0.0],"evs":[0.0,-1.49961,-4.3062]},"J2o":{"weight":1.0,"played":[0.9995,3.0E-4,2.0E-4],"evs":[0.0,-1.21515,-3.76655]},"Q2o":{"weight":1.0,"played":[1.0,0.0,0.0],"evs":[0.0,-1.05352,-3.52289]},"K2o":{"weight":1.0,"played":[0.9991,9.0E-4,0.0],"evs":[0.0,-0.96105,-2.45624]},"A2o":{"weight":1.0,"played":[0.9996,3.0E-4,1.0E-4],"evs":[0.0,-1.01357,-1.75835]},"32s":{"weight":1.0,"played":[0.9997,2.0E-4,1.0E-4],"evs":[0.0,-0.71338,-2.70989]},"33":{"weight":1.0,"played":[0.9799,0.017,0.0031],"evs":[0.0,-0.47762,-0.79937]},"43o":{"weight":1.0,"played":[1.0,0.0,0.0],"evs":[0.0,-1.4447,-3.43921]},"53o":{"weight":1.0,"played":[1.0,0.0,0.0],"evs":[0.0,-1.14885,-3.45028]},"63o":{"weight":1.0,"played":[1.0,0.0,0.0],"evs":[0.0,-1.32102,-3.7881]},"73o":{"weight":1.0,"played":[0.9999,1.0E-4,0.0],"evs":[0.0,-1.35321,-3.73267]},"83o":{"weight":1.0,"played":[0.9999,1.0E-4,0.0],"evs":[0.0,-1.40845,-3.67377]},"93o":{"weight":1.0,"played":[0.9997,3.0E-4,0.0],"evs":[0.0,-1.20891,-3.92181]},"T3o":{"weight":1.0,"played":[0.9997,2.0E-4,1.0E-4],"evs":[0.0,-1.2517,-3.85607]},"J3o":{"weight":1.0,"played":[0.9999,1.0E-4,0.0],"evs":[0.0,-1.30136,-3.43053]},"Q3o":{"weight":1.0,"played":[0.9999,0.0,1.0E-4],"evs":[0.0,-1.19374,-3.80457]},"K3o":{"weight":1.0,"played":[0.9947,0.0048,5.0E-4],"evs":[0.0,-1.07161,-2.52481]},"A3o":{"weight":1.0,"played":[0.9835,0.0059,0.0106],"evs":[0.0,-0.49866,-0.78219]},"42s":{"weight":1.0,"played":[0.9998,2.0E-4,0.0],"evs":[0.0,-1.16102,-3.42044]},"43s":{"weight":1.0,"played":[0.996,0.0016,0.0024],"evs":[0.0,-0.67515,-2.93505]},"44":{"weight":1.0,"played":[0.6818,0.1127,0.2055],"evs":[0.0,-0.46349,-0.68371]},"54o":{"weight":1.0,"played":[0.9998,0.0,2.0E-4],"evs":[0.0,-1.29044,-3.27821]},"64o":{"weight":1.0,"played":[0.9999,0.0,1.0E-4],"evs":[0.0,-1.22604,-2.94474]},"74o":{"weight":1.0,"played":[1.0,0.0,0.0],"evs":[0.0,-1.37075,-3.26217]},"84o":{"weight":1.0,"played":[0.9999,0.0,1.0E-4],"evs":[0.0,-1.26033,-3.51288]},"94o":{"weight":1.0,"played":[1.0,0.0,0.0],"evs":[0.0,-1.48875,-3.79768]},"T4o":{"weight":1.0,"played":[1.0,0.0,0.0],"evs":[0.0,-1.38475,-3.73097]},"J4o":{"weight":1.0,"played":[0.9999,0.0,1.0E-4],"evs":[0.0,-1.0033,-3.54469]},"Q4o":{"weight":1.0,"played":[0.9985,0.0014,1.0E-4],"evs":[0.0,-1.01352,-3.40292]},"K4o":{"weight":1.0,"played":[0.9997,2.0E-4,1.0E-4],"evs":[0.0,-1.05578,-2.50028]},"A4o":{"weight":1.0,"played":[0.8544,0.1456,1.0E-4],"evs":[0.0,-0.27779,-0.65114]},"52s":{"weight":1.0,"played":[0.9999,1.0E-4,1.0E-4],"evs":[0.0,-1.24552,-2.52918]},"53s":{"weight":1.0,"played":[0.9957,0.0018,0.0025],"evs":[0.0,-0.94123,-2.47493]},"54s":{"weight":1.0,"played":[0.9582,0.0363,0.0055],"evs":[0.0,-0.74787,-1.63996]},"55":{"weight":1.0,"played":[0.6051,0.2165,0.1784],"evs":[0.0,-0.21452,-0.73303]},"65o":{"weight":1.0,"played":[1.0,0.0,0.0],"evs":[0.0,-1.03456,-2.6652]},"75o":{"weight":1.0,"played":[0.9996,3.0E-4,0.0],"evs":[0.0,-1.04487,-2.8958]},"85o":{"weight":1.0,"played":[0.9999,0.0,1.0E-4],"evs":[0.0,-1.13205,-3.1521]},"95o":{"weight":1.0,"played":[1.0,0.0,0.0],"evs":[0.0,-1.2007,-3.3265]},"T5o":{"weight":1.0,"played":[0.9999,0.0,1.0E-4],"evs":[0.0,-1.46531,-3.8803]},"J5o":{"weight":1.0,"played":[0.9999,0.0,1.0E-4],"evs":[0.0,-1.32507,-3.82298]},"Q5o":{"weight":1.0,"played":[1.0,0.0,0.0],"evs":[0.0,-0.88982,-3.13498]},"K5o":{"weight":1.0,"played":[0.9995,0.0,5.0E-4],"evs":[0.0,-0.74928,-2.27514]},"A5o":{"weight":1.0,"played":[0.2868,0.0209,0.6923],"evs":[0.0,-0.23414,0.09032]},"62s":{"weight":1.0,"played":[0.9996,2.0E-4,2.0E-4],"evs":[0.0,-1.39714,-3.36464]},"63s":{"weight":1.0,"played":[0.9955,1.0E-4,0.0044],"evs":[0.0,-1.00833,-2.76279]},"64s":{"weight":1.0,"played":[0.9969,1.0E-4,0.003],"evs":[0.0,-0.81402,-2.13392]},"65s":{"weight":1.0,"played":[0.9981,4.0E-4,0.0015],"evs":[0.0,-1.38753,-1.53947]},"66":{"weight":1.0,"played":[0.0324,0.5077,0.46],"evs":[0.0,-0.03548,-0.02427]},"76o":{"weight":1.0,"played":[0.9997,1.0E-4,2.0E-4],"evs":[0.0,-0.82842,-1.97219]},"86o":{"weight":1.0,"played":[0.9998,0.0,2.0E-4],"evs":[0.0,-1.18822,-2.70003]},"96o":{"weight":1.0,"played":[1.0,0.0,0.0],"evs":[0.0,-1.32592,-3.39271]},"T6o":{"weight":1.0,"played":[1.0,0.0,0.0],"evs":[0.0,-1.14562,-3.10651]},"J6o":{"weight":1.0,"played":[1.0,0.0,0.0],"evs":[0.0,-0.97407,-3.26798]},"Q6o":{"weight":1.0,"played":[0.9997,2.0E-4,1.0E-4],"evs":[0.0,-1.32371,-3.58603]},"K6o":{"weight":1.0,"played":[0.9899,0.0037,0.0065],"evs":[0.0,-1.77816,-2.49613]},"A6o":{"weight":1.0,"played":[0.9957,0.0021,0.0022],"evs":[0.0,-0.59108,-1.23181]},"72s":{"weight":1.0,"played":[0.998,8.0E-4,0.0012],"evs":[0.0,-1.44183,-3.61463]},"73s":{"weight":1.0,"played":[0.9999,0.0,0.0],"evs":[0.0,-0.9621,-2.38111]},"74s":{"weight":1.0,"played":[0.9992,0.0,8.0E-4],"evs":[0.0,-1.25037,-2.46587]},"75s":{"weight":1.0,"played":[0.9964,0.0,0.0036],"evs":[0.0,-1.0954,-1.53669]},"76s":{"weight":1.0,"played":[0.8898,0.1087,0.0015],"evs":[0.0,-1.04688,-2.55707]},"77":{"weight":1.0,"played":[6.0E-4,0.6697,0.3298],"evs":[0.0,1.83303,1.73478]},"87o":{"weight":1.0,"played":[0.9991,5.0E-4,4.0E-4],"evs":[0.0,-0.76742,-1.74975]},"97o":{"weight":1.0,"played":[0.9988,0.001,2.0E-4],"evs":[0.0,-0.61062,-2.37782]},"T7o":{"weight":1.0,"played":[0.9992,3.0E-4,6.0E-4],"evs":[0.0,-1.29016,-2.94881]},"J7o":{"weight":1.0,"played":[0.9992,7.0E-4,1.0E-4],"evs":[0.0,-0.98623,-2.70525]},"Q7o":{"weight":1.0,"played":[0.9996,3.0E-4,2.0E-4],"evs":[0.0,-0.91242,-2.86194]},"K7o":{"weight":1.0,"played":[0.9969,0.0017,0.0015],"evs":[0.0,-1.1303,-1.61156]},"A7o":{"weight":1.0,"played":[0.8441,0.1174,0.0385],"evs":[0.0,0.0047,-0.0182]},"82s":{"weight":1.0,"played":[0.9995,4.0E-4,1.0E-4],"evs":[0.0,-1.1215,-2.86481]},"83s":{"weight":1.0,"played":[0.9981,6.0E-4,0.0014],"evs":[0.0,-1.22599,-2.21725]},"84s":{"weight":1.0,"played":[0.999,6.0E-4,4.0E-4],"evs":[0.0,-1.88788,-2.92847]},"85s":{"weight":1.0,"played":[0.9953,0.0038,9.0E-4],"evs":[0.0,-0.72901,-1.62395]},"86s":{"weight":1.0,"played":[0.9843,0.0049,0.0108],"evs":[0.0,-0.20077,-1.01391]},"87s":{"weight":1.0,"played":[0.9919,0.0054,0.0026],"evs":[0.0,-0.66211,-0.84827]},"88":{"weight":1.0,"played":[0.0,0.0018,0.9982],"evs":[0.0,0.89524,2.34212]},"98o":{"weight":1.0,"played":[0.9993,7.0E-4,0.0],"evs":[0.0,-0.73665,-1.76064]},"T8o":{"weight":1.0,"played":[0.9997,0.0,3.0E-4],"evs":[0.0,-0.55054,-1.819]},"J8o":{"weight":1.0,"played":[0.9976,0.0022,1.0E-4],"evs":[0.0,-1.17973,-2.2699]},"Q8o":{"weight":1.0,"played":[0.9938,0.0056,6.0E-4],"evs":[0.0,-1.01256,-2.68423]},"K8o":{"weight":1.0,"played":[0.9984,6.0E-4,0.0011],"evs":[0.0,-0.59112,-1.52407]},"A8o":{"weight":1.0,"played":[0.2835,0.4828,0.2337],"evs":[0.0,0.21516,0.0393]},"92s":{"weight":1.0,"played":[0.9957,0.0037,6.0E-4],"evs":[0.0,-1.06423,-2.51883]},"93s":{"weight":1.0,"played":[0.9913,0.0085,2.0E-4],"evs":[0.0,-1.13742,-2.78646]},"94s":{"weight":1.0,"played":[0.9996,1.0E-4,3.0E-4],"evs":[0.0,-1.54778,-3.06185]},"95s":{"weight":1.0,"played":[0.993,2.0E-4,0.0069],"evs":[0.0,-1.29981,-3.04859]},"96s":{"weight":1.0,"played":[0.9171,0.0787,0.0041],"evs":[0.0,-0.83418,-1.06]},"97s":{"weight":1.0,"played":[0.6276,0.3504,0.022],"evs":[0.0,-0.06515,-1.17577]},"98s":{"weight":1.0,"played":[0.9477,0.0359,0.0164],"evs":[0.0,-0.45994,-0.57717]},"99":{"weight":1.0,"played":[1.0E-4,0.2064,0.7935],"evs":[0.0,2.58478,2.71768]},"T9o":{"weight":1.0,"played":[0.9931,0.0067,2.0E-4],"evs":[0.0,-0.87214,-2.12821]},"J9o":{"weight":1.0,"played":[0.9982,0.0011,7.0E-4],"evs":[0.0,-0.56804,-2.02908]},"Q9o":{"weight":1.0,"played":[0.9995,3.0E-4,2.0E-4],"evs":[0.0,-0.6192,-1.73534]},"K9o":{"weight":1.0,"played":[0.9869,0.0064,0.0067],"evs":[0.0,-0.6186,-0.93095]},"A9o":{"weight":1.0,"played":[0.074,0.5604,0.3655],"evs":[0.0,0.28047,0.26338]},"T2s":{"weight":1.0,"played":[0.9991,7.0E-4,2.0E-4],"evs":[0.0,-0.80199,-2.71306]},"T3s":{"weight":1.0,"played":[0.9884,0.0036,0.008],"evs":[0.0,-1.32035,-2.73369]},"T4s":{"weight":1.0,"played":[1.0,0.0,0.0],"evs":[0.0,-1.05243,-2.02914]},"T5s":{"weight":1.0,"played":[0.9994,2.0E-4,4.0E-4],"evs":[0.0,-1.21871,-3.08223]},"T6s":{"weight":1.0,"played":[0.9971,0.002,9.0E-4],"evs":[0.0,-1.38526,-2.362]},"T7s":{"weight":1.0,"played":[0.9954,0.003,0.0016],"evs":[0.0,-0.54016,-0.88859]},"T8s":{"weight":1.0,"played":[0.9882,9.0E-4,0.0109],"evs":[0.0,-0.83526,-1.46217]},"T9s":{"weight":1.0,"played":[0.9966,0.0015,0.0019],"evs":[0.0,-0.33377,-1.13869]},"TT":{"weight":1.0,"played":[1.0E-4,0.2767,0.7232],"evs":[0.0,2.40317,3.34247]},"JTo":{"weight":1.0,"played":[0.9998,2.0E-4,1.0E-4],"evs":[0.0,-0.61047,-1.47923]},"QTo":{"weight":1.0,"played":[0.9907,0.0086,7.0E-4],"evs":[0.0,-0.66822,-1.75625]},"KTo":{"weight":1.0,"played":[0.8438,0.0556,0.1006],"evs":[0.0,-0.23428,-0.13925]},"ATo":{"weight":1.0,"played":[0.0,0.0142,0.9858],"evs":[0.0,0.814,1.11823]},"J2s":{"weight":1.0,"played":[0.9932,0.0066,3.0E-4],"evs":[0.0,-1.38874,-2.95361]},"J3s":{"weight":1.0,"played":[0.9958,0.0031,0.0011],"evs":[0.0,-0.67707,-2.68241]},"J4s":{"weight":1.0,"played":[0.9978,0.0017,5.0E-4],"evs":[0.0,-0.53584,-1.98537]},"J5s":{"weight":1.0,"played":[0.9878,0.0121,1.0E-4],"evs":[0.0,-1.20661,-3.03839]},"J6s":{"weight":1.0,"played":[0.9925,0.0051,0.0025],"evs":[0.0,-0.46541,-1.67227]},"J7s":{"weight":1.0,"played":[0.998,0.0011,0.001],"evs":[0.0,-0.74636,-1.37016]},"J8s":{"weight":1.0,"played":[0.9914,0.0053,0.0034],"evs":[0.0,-0.71401,-1.43008]},"J9s":{"weight":1.0,"played":[0.7422,0.1447,0.1132],"evs":[0.0,-0.34502,-0.89556]},"JTs":{"weight":1.0,"played":[0.3905,0.2096,0.3999],"evs":[0.0,-0.34549,-0.3924]},"JJ":{"weight":1.0,"played":[0.0,0.0955,0.9045],"evs":[0.0,5.02094,5.71717]},"QJo":{"weight":1.0,"played":[0.9999,0.0,0.0],"evs":[0.0,-0.36837,-0.53078]},"KJo":{"weight":1.0,"played":[0.0066,0.0731,0.9203],"evs":[0.0,0.18615,0.48042]},"AJo":{"weight":1.0,"played":[0.0,0.0247,0.9753],"evs":[0.0,1.31386,1.72569]},"Q2s":{"weight":1.0,"played":[0.9989,0.001,2.0E-4],"evs":[0.0,-0.65256,-2.81029]},"Q3s":{"weight":1.0,"played":[0.9961,0.0025,0.0013],"evs":[0.0,-0.58801,-1.65599]},"Q4s":{"weight":1.0,"played":[0.993,0.0043,0.0027],"evs":[0.0,-1.47261,-2.41892]},"Q5s":{"weight":1.0,"played":[0.9547,0.0433,0.002],"evs":[0.0,-0.64277,-2.8281]},"Q6s":{"weight":1.0,"played":[0.9975,7.0E-4,0.0018],"evs":[0.0,-0.99331,-1.89881]},"Q7s":{"weight":1.0,"played":[0.9612,0.0327,0.0061],"evs":[0.0,-0.40345,-1.38566]},"Q8s":{"weight":1.0,"played":[0.8373,0.1561,0.0066],"evs":[0.0,-0.69124,-0.85029]},"Q9s":{"weight":1.0,"played":[0.917,0.0592,0.0238],"evs":[0.0,-0.20241,-1.36835]},"QTs":{"weight":1.0,"played":[0.6191,0.1751,0.2058],"evs":[0.0,-0.15699,-0.83565]},"QJs":{"weight":1.0,"played":[0.2515,0.3942,0.3543],"evs":[0.0,-0.01568,0.17413]},"QQ":{"weight":1.0,"played":[0.0,0.2023,0.7977],"evs":[0.0,5.63029,6.78209]},"KQo":{"weight":1.0,"played":[0.0,0.0,1.0],"evs":[0.0,0.60717,1.1865]},"AQo":{"weight":1.0,"played":[1.0E-4,6.0E-4,0.9994],"evs":[0.0,1.56601,1.94343]},"K2s":{"weight":1.0,"played":[0.9822,0.0175,3.0E-4],"evs":[0.0,-0.71491,-1.39075]},"K3s":{"weight":1.0,"played":[0.9741,0.0204,0.0055],"evs":[0.0,-1.01421,-2.37072]},"K4s":{"weight":1.0,"played":[0.5386,0.2881,0.1734],"evs":[0.0,-0.15795,-0.46645]},"K5s":{"weight":1.0,"played":[0.9965,0.0027,8.0E-4],"evs":[0.0,-0.99421,-1.8308]},"K6s":{"weight":1.0,"played":[0.8566,0.0405,0.1029],"evs":[0.0,-0.72279,-0.98865]},"K7s":{"weight":1.0,"played":[0.5758,0.0531,0.3711],"evs":[0.0,-0.79243,-0.53315]},"K8s":{"weight":1.0,"played":[0.9172,0.0628,0.02],"evs":[0.0,-0.56365,-0.45372]},"K9s":{"weight":1.0,"played":[0.0392,0.6026,0.3582],"evs":[0.0,-0.05959,0.51414]},"KTs":{"weight":1.0,"played":[0.007,0.5597,0.4333],"evs":[0.0,0.40931,0.72852]},"KJs":{"weight":1.0,"played":[0.0023,0.1735,0.8242],"evs":[0.0,0.54813,0.54426]},"KQs":{"weight":1.0,"played":[0.0,0.0011,0.9989],"evs":[0.0,0.77871,1.73459]},"KK":{"weight":1.0,"played":[0.0,0.0,1.0],"evs":[0.0,7.10465,7.80627]},"AKo":{"weight":1.0,"played":[0.0,0.0691,0.9309],"evs":[0.0,2.381,2.54035]},"A2s":{"weight":1.0,"played":[0.1502,0.2823,0.5675],"evs":[0.0,0.3381,0.34653]},"A3s":{"weight":1.0,"played":[0.435,0.2757,0.2893],"evs":[0.0,0.10968,-0.27416]},"A4s":{"weight":1.0,"played":[0.6642,0.1974,0.1384],"evs":[0.0,-0.27529,-0.16509]},"A5s":{"weight":1.0,"played":[0.0407,0.0358,0.9234],"evs":[0.0,0.32405,0.90301]},"A6s":{"weight":1.0,"played":[0.2533,0.5574,0.1893],"evs":[0.0,-0.1292,-0.27848]},"A7s":{"weight":1.0,"played":[0.1388,0.2821,0.5791],"evs":[0.0,-0.41596,-0.0137]},"A8s":{"weight":1.0,"played":[0.0039,0.2055,0.7905],"evs":[0.0,0.66522,0.91368]},"A9s":{"weight":1.0,"played":[3.0E-4,0.4141,0.5856],"evs":[0.0,0.89618,0.76116]},"ATs":{"weight":1.0,"played":[1.0E-4,2.0E-4,0.9998],"evs":[0.0,1.14238,1.67845]},"AJs":{"weight":1.0,"played":[8.0E-4,9.0E-4,0.9982],"evs":[0.0,2.14902,2.80009]},"AQs":{"weight":1.0,"played":[0.0,0.808,0.192],"evs":[0.0,2.20151,1.38771]},"AKs":{"weight":1.0,"played":[0.0,0.0,1.0],"evs":[0.0,2.95778,4.44028]},"AA":{"weight":1.0,"played":[0.0,0.0207,0.9793],"evs":[0.0,12.06458,13.07252]}}}