{"player":4,"street":0,"children":3,"sequence":[{"player":0,"type":"R","amount":200000,"street":0},{"player":1,"type":"C","amount":200000,"street":0},{"player":2,"type":"F","amount":0,"street":0},{"player":3,"type":"F","amount":0,"street":0}],"actions":[{"type":"F","amount":0},{"type":"C","amount":100000},{"type":"R","amount":1165000,"node":77}],"hands":{"22":{"weight":1.0,"played":[0.1775,0.4997,0.3228],"evs":[0.0,0.37271,-0.15789]},"32o":{"weight":1.0,"played":[0.9972,0.0027,1.0E-4],"evs":[0.0,-0.59411,-3.36994]},"42o":{"weight":1.0,"played":[0.9892,0.0107,1.0E-4],"evs":[0.0,-0.63316,-3.0955]},"52o":{"weight":1.0,"played":[0.9998,1.0E-4,1.0E-4],"evs":[0.0,-0.4048,-2.78997]},"62o":{"weight":1.0,"played":[0.9992,7.0E-4,1.0E-4],"evs":[0.0,-0.88126,-3.46419]},"72o":{"weight":1.0,"played":[1.0,0.0,0.0],"evs":[0.0,-0.69909,-3.42132]},"82o":{"weight":1.0,"played":[0.9984,0.0014,2.0E-4],"evs":[0.0,-0.75999,-3.59983]},"92o":{"weight":1.0,"played":[1.0,0.0,0.0],"evs":[0.0,-0.7355,-3.76527]},"T2o":{"weight":1.0,"played":[1.0,0.0,0.0],"evs":[0.0,-0.91552,-3.81672]},"J2o":{"weight":1.0,"played":[0.996,0.0039,1.0E-4],"evs":[0.0,-0.58922,-2.70874]},"Q2o":{"weight":1.0,"played":[0.9981,0.0019,1.0E-4],"evs":[0.0,-0.42447,-2.73154]},"K2o":{"weight":1.0,"played":[0.9998,0.0,2.0E-4],"evs":[0.0,-0.36824,-2.03462]},"A2o":{"weight":1.0,"played":[0.4613,0.5163,0.0223],"evs":[0.0,0.05997,-0.31808]},"32s":{"weight":1.0,"played":[0.7903,0.2096,1.0E-4],"evs":[0.0,-0.35116,-2.17985]},"33":{"weight":1.0,"played":[0.3648,0.4463,0.1889],"evs":[0.0,0.04459,-0.23689]},"43o":{"weight":1.0,"played":[0.9997,2.0E-4,1.0E-4],"evs":[0.0,-0.73838,-2.99825]},"53o":{"weight":1.0,"played":[1.0,0.0,0.0],"evs":[0.0,-0.41234,-2.27153]},"63o":{"weight":1.0,"played":[0.9971,0.0022,7.0E-4],"evs":[0.0,-0.43722,-2.38154]},"73o":{"weight":1.0,"played":[1.0,0.0,0.0],"evs":[0.0,-0.4622,-2.77896]},"83o":{"weight":1.0,"played":[0.9993,7.0E-4,0.0],"evs":[0.0,-0.84072,-3.37613]},"93o":{"weight":1.0,"played":[1.0,0.0,0.0],"evs":[0.0,-0.60711,-3.28863]},"T3o":{"weight":1.0,"played":[0.9999,1.0E-4,0.0],"evs":[0.0,-0.6032,-3.48173]},"J3o":{"weight":1.0,"played":[0.9999,1.0E-4,1.0E-4],"evs":[0.0,-0.60161,-3.05532]},"Q3o":{"weight":1.0,"played":[1.0,0.0,0.0],"evs":[0.0,-0.29225,-2.67188]},"K3o":{"weight":1.0,"played":[0.9962,0.003,7.0E-4],"evs":[0.0,-0.32453,-1.73786]},"A3o":{"weight":1.0,"played":[0.0116,2.0E-4,0.9882],"evs":[0.0,0.40299,1.28406]},"42s":{"weight":1.0,"played":[0.6451,0.3535,0.0014],"evs":[0.0,-0.10091,-2.0533]},"43s":{"weight":1.0,"played":[0.1639,0.8326,0.0035],"evs":[0.0,0.4748,-1.42965]},"44":{"weight":1.0,"played":[0.2018,0.2462,0.552],"evs":[0.0,0.4317,0.48516]},"54o":{"weight":1.0,"played":[0.9987,3.0E-4,0.001],"evs":[0.0,-0.32419,-2.38327]},"64o":{"weight":1.0,"played":[0.998,0.0016,3.0E-4],"evs":[0.0,-0.63209,-2.37936]},"74o":{"weight":1.0,"played":[0.9975,0.0023,2.0E-4],"evs":[0.0,-0.75093,-2.94335]},"84o":{"weight":1.0,"played":[0.9977,0.0022,1.0E-4],"evs":[0.0,-0.43734,-2.51302]},"94o":{"weight":1.0,"played":[1.0,0.0,0.0],"evs":[0.0,-0.7381,-3.18161]},"T4o":{"weight":1.0,"played":[0.999,0.001,0.0],"evs":[0.0,-0.75295,-3.13063]},"J4o":{"weight":1.0,"played":[0.9999,1.0E-4,1.0E-4],"evs":[0.0,-0.52929,-2.67437]},"Q4o":{"weight":1.0,"played":[0.9969,0.0022,9.0E-4],"evs":[0.0,-0.33509,-2.20505]},"K4o":{"weight":1.0,"played":[0.9947,0.0042,0.0011],"evs":[0.0,-0.48908,-1.97944]},"A4o":{"weight":1.0,"played":[0.0223,0.0115,0.9662],"evs":[0.0,0.579,0.71637]},"52s":{"weight":1.0,"played":[0.9351,0.0647,2.0E-4],"evs":[0.0,-0.13254,-1.85994]},"53s":{"weight":1.0,"played":[0.6515,0.342,0.0066],"evs":[0.0,0.13628,-0.7666]},"54s":{"weight":1.0,"played":[0.5537,0.4388,0.0075],"evs":[0.0,0.32185,-1.3746]},"55":{"weight":1.0,"played":[0.2844,0.0711,0.6445],"evs":[0.0,-0.29529,-0.29983]},"65o":{"weight":1.0,"played":[0.9992,3.0E-4,5.0E-4],"evs":[0.0,-0.19644,-2.17003]},"75o":{"weight":1.0,"played":[0.9951,0.0046,3.0E-4],"evs":[0.0,-0.42591,-2.27438]},"85o":{"weight":1.0,"played":[0.9996,3.0E-4,1.0E-4],"evs":[0.0,-0.59526,-2.81274]},"95o":{"weight":1.0,"played":[0.9988,8.0E-4,4.0E-4],"evs":[0.0,-0.34882,-2.54372]},"T5o":{"weight":1.0,"played":[0.9991,9.0E-4,0.0],"evs":[0.0,-0.62136,-3.31248]},"J5o":{"weight":1.0,"played":[0.9996,4.0E-4,1.0E-4],"evs":[0.0,-0.52525,-2.75595]},"Q5o":{"weight":1.0,"played":[0.9837,0.0151,0.0012],"evs":[0.0,-0.3566,-2.23706]},"K5o":{"weight":1.0,"played":[0.9866,0.0133,1.0E-4],"evs":[0.0,-0.45753,-1.81595]},"A5o":{"weight":1.0,"played":[4.0E-4,0.0031,0.9965],"evs":[0.0,0.34195,0.66796]},"62s":{"weight":1.0,"played":[0.9957,0.0017,0.0026],"evs":[0.0,-0.38019,-2.35915]},"63s":{"weight":1.0,"played":[0.9843,0.0145,0.0012],"evs":[0.0,-0.4486,-2.24379]},"64s":{"weight":1.0,"played":[0.9498,0.0469,0.0032],"evs":[0.0,-0.3109,-1.26124]},"65s":{"weight":1.0,"played":[0.9749,0.023,0.0021],"evs":[0.0,-0.26845,-1.31072]},"66":{"weight":1.0,"played":[0.0052,0.1072,0.8875],"evs":[0.0,0.54915,0.84236]},"76o":{"weight":1.0,"played":[0.9887,0.0112,2.0E-4],"evs":[0.0,-0.35457,-1.95545]},"86o":{"weight":1.0,"played":[0.9996,2.0E-4,1.0E-4],"evs":[0.0,-0.44642,-2.1017]},"96o":{"weight":1.0,"played":[0.9995,4.0E-4,1.0E-4],"evs":[0.0,-0.70481,-2.52694]},"T6o":{"weight":1.0,"played":[0.9988,0.001,2.0E-4],"evs":[0.0,-0.312,-2.38344]},"J6o":{"weight":1.0,"played":[0.9989,0.0011,0.0],"evs":[0.0,-0.43035,-2.47526]},"Q6o":{"weight":1.0,"played":[0.9805,0.0195,0.0],"evs":[0.0,-0.60655,-2.66519]},"K6o":{"weight":1.0,"played":[0.9993,6.0E-4,1.0E-4],"evs":[0.0,-0.35208,-1.65026]},"A6o":{"weight":1.0,"played":[9.0E-4,0.0518,0.9473],"evs":[0.0,0.54151,0.71914]},"72s":{"weight":1.0,"played":[0.989,0.007,0.0041],"evs":[0.0,-0.56386,-2.76969]},"73s":{"weight":1.0,"played":[0.9917,0.0042,0.004],"evs":[0.0,-0.59375,-2.06322]},"74s":{"weight":1.0,"played":[0.5699,0.4148,0.0153],"evs":[0.0,-0.01023,-1.33547]},"75s":{"weight":1.0,"played":[0.2036,0.7532,0.0432],"evs":[0.0,0.48821,-0.59854]},"76s":{"weight":1.0,"played":[0.6294,0.3559,0.0148],"evs":[0.0,-0.18813,-1.06559]},"77":{"weight":1.0,"played":[2.0E-4,0.0038,0.996],"evs":[0.0,0.72106,1.77408]},"87o":{"weight":1.0,"played":[0.999,9.0E-4,1.0E-4],"evs":[0.0,-0.40717,-1.43624]},"97o":{"weight":1.0,"played":[0.9992,7.0E-4,1.0E-4],"evs":[0.0,-0.31332,-2.13142]},"T7o":{"weight":1.0,"played":[0.9998,2.0E-4,0.0],"evs":[0.0,-0.25523,-2.08425]},"J7o":{"weight":1.0,"played":[0.9991,8.0E-4,0.0],"evs":[0.0,-0.16571,-2.1689]},"Q7o":{"weight":1.0,"played":[0.9976,0.0023,0.0],"evs":[0.0,-0.27104,-2.27086]},"K7o":{"weight":1.0,"played":[0.9974,0.0024,2.0E-4],"evs":[0.0,-0.08716,-1.16873]},"A7o":{"weight":1.0,"played":[0.0117,0.0354,0.9528],"evs":[0.0,1.0098,1.45141]},"82s":{"weight":1.0,"played":[0.9814,0.0174,0.0012],"evs":[0.0,-0.38309,-2.62188]},"83s":{"weight":1.0,"played":[0.9615,0.0383,2.0E-4],"evs":[0.0,-0.35686,-2.02077]},"84s":{"weight":1.0,"played":[0.9996,0.0,4.0E-4],"evs":[0.0,-0.49889,-1.89521]},"85s":{"weight":1.0,"played":[0.9951,4.0E-4,0.0045],"evs":[0.0,-0.25336,-1.59373]},"86s":{"weight":1.0,"played":[0.7457,0.2308,0.0235],"evs":[0.0,-0.02902,-1.03633]},"87s":{"weight":1.0,"played":[0.0945,0.9052,4.0E-4],"evs":[0.0,0.34292,-0.04099]},"88":{"weight":1.0,"played":[1.0E-4,0.005,0.9949],"evs":[0.0,1.18745,2.69965]},"98o":{"weight":1.0,"played":[0.9995,5.0E-4,0.0],"evs":[0.0,-0.35701,-1.94255]},"T8o":{"weight":1.0,"played":[0.9989,4.0E-4,7.0E-4],"evs":[0.0,-0.1161,-1.7781]},"J8o":{"weight":1.0,"played":[0.67,0.33,1.0E-4],"evs":[0.0,0.11185,-1.58634]},"Q8o":{"weight":1.0,"played":[0.9979,0.0021,0.0],"evs":[0.0,-0.19753,-1.45374]},"K8o":{"weight":1.0,"played":[0.8112,0.1858,0.003],"evs":[0.0,-0.11912,-0.80897]},"A8o":{"weight":1.0,"played":[0.0,4.0E-4,0.9996],"evs":[0.0,1.0043,1.58313]},"92s":{"weight":1.0,"played":[0.9918,0.0082,0.0],"evs":[0.0,-0.08643,-2.05519]},"93s":{"weight":1.0,"played":[0.1593,0.8342,0.0066],"evs":[0.0,0.51435,-1.14044]},"94s":{"weight":1.0,"played":[0.9977,0.0023,0.0],"evs":[0.0,-0.10463,-1.89892]},"95s":{"weight":1.0,"played":[0.9624,0.0365,0.0011],"evs":[0.0,-0.42833,-1.86369]},"96s":{"weight":1.0,"played":[0.9976,0.0013,0.0012],"evs":[0.0,-0.24789,-1.37291]},"97s":{"weight":1.0,"played":[0.5032,0.4658,0.031],"evs":[0.0,-0.12741,-1.10493]},"98s":{"weight":1.0,"played":[0.3662,0.2662,0.3676],"evs":[0.0,0.04156,-0.27169]},"99":{"weight":1.0,"played":[0.0011,0.001,0.9979],"evs":[0.0,1.29987,3.09613]},"T9o":{"weight":1.0,"played":[0.7978,0.2014,9.0E-4],"evs":[0.0,-0.07092,-1.26661]},"J9o":{"weight":1.0,"played":[0.6183,0.3801,0.0016],"evs":[0.0,0.02266,-1.13118]},"Q9o":{"weight":1.0,"played":[0.9118,0.0878,4.0E-4],"evs":[0.0,-0.04833,-0.93473]},"K9o":{"weight":1.0,"played":[0.6237,0.3704,0.0059],"evs":[0.0,0.08837,-0.22539]},"A9o":{"weight":1.0,"played":[5.0E-4,1.0E-4,0.9994],"evs":[0.0,1.05339,2.00755]},"T2s":{"weight":1.0,"played":[0.8607,0.1392,1.0E-4],"evs":[0.0,0.20983,-2.33085]},"T3s":{"weight":1.0,"played":[0.998,0.002,0.0],"evs":[0.0,-0.32597,-2.27455]},"T4s":{"weight":1.0,"played":[0.9804,0.0196,0.0],"evs":[0.0,-0.27739,-2.10698]},"T5s":{"weight":1.0,"played":[0.8227,0.1772,0.0],"evs":[0.0,-0.4128,-1.59763]},"T6s":{"weight":1.0,"played":[0.9403,0.0596,1.0E-4],"evs":[0.0,0.03296,-1.17319]},"T7s":{"weight":1.0,"played":[0.7924,0.2076,0.0],"evs":[0.0,0.30168,-0.2982]},"T8s":{"weight":1.0,"played":[0.0284,0.9716,0.0],"evs":[0.0,0.44777,-0.47682]},"T9s":{"weight":1.0,"played":[0.0421,0.7913,0.1666],"evs":[0.0,0.74729,-0.03311]},"TT":{"weight":1.0,"played":[0.0,0.0011,0.9989],"evs":[0.0,1.15147,3.61703]},"JTo":{"weight":1.0,"played":[0.0638,0.9124,0.0238],"evs":[0.0,0.09127,-0.76749]},"QTo":{"weight":1.0,"played":[0.8983,0.087,0.0147],"evs":[0.0,-0.07345,-1.05997]},"KTo":{"weight":1.0,"played":[0.0806,0.0524,0.867],"evs":[0.0,0.03763,0.52976]},"ATo":{"weight":1.0,"played":[0.0,1.0E-4,0.9999],"evs":[0.0,1.30421,2.54941]},"J2s":{"weight":1.0,"played":[0.9994,5.0E-4,1.0E-4],"evs":[0.0,-0.24757,-1.84161]},"J3s":{"weight":1.0,"played":[0.9275,0.052,0.0205],"evs":[0.0,-0.27319,-1.49831]},"J4s":{"weight":1.0,"played":[0.8353,0.1638,9.0E-4],"evs":[0.0,-0.09466,-1.27756]},"J5s":{"weight":1.0,"played":[0.6621,0.3241,0.0138],"evs":[0.0,-0.08893,-1.66032]},"J6s":{"weight":1.0,"played":[0.9941,0.0056,4.0E-4],"evs":[0.0,-0.34311,-2.2136]},"J7s":{"weight":1.0,"played":[0.3074,0.6821,0.0106],"evs":[0.0,0.08858,-1.00945]},"J8s":{"weight":1.0,"played":[0.1795,0.797,0.0235],"evs":[0.0,0.30131,-0.76588]},"J9s":{"weight":1.0,"played":[0.0874,0.9111,0.0015],"evs":[0.0,0.74353,-0.29801]},"JTs":{"weight":1.0,"played":[0.0387,0.8385,0.1228],"evs":[0.0,0.70642,0.04776]},"JJ":{"weight":1.0,"played":[0.0,0.0,1.0],"evs":[0.0,2.98408,5.63184]},"QJo":{"weight":1.0,"played":[0.1762,0.7041,0.1197],"evs":[0.0,0.69735,0.57361]},"KJo":{"weight":1.0,"played":[0.0121,0.001,0.9869],"evs":[0.0,0.58201,1.66164]},"AJo":{"weight":1.0,"played":[0.0,0.0,1.0],"evs":[0.0,1.56217,2.97569]},"Q2s":{"weight":1.0,"played":[0.6014,0.3973,0.0013],"evs":[0.0,0.37136,-1.3996]},"Q3s":{"weight":1.0,"played":[0.0682,0.8795,0.0523],"evs":[0.0,0.49838,-0.4983]},"Q4s":{"weight":1.0,"played":[0.4643,0.5328,0.0028],"evs":[0.0,-0.01072,-1.26484]},"Q5s":{"weight":1.0,"played":[0.8566,0.1402,0.0032],"evs":[0.0,-0.08974,-1.10797]},"Q6s":{"weight":1.0,"played":[0.9207,0.0649,0.0145],"evs":[0.0,-0.49363,-1.93606]},"Q7s":{"weight":1.0,"played":[0.5328,0.4669,4.0E-4],"evs":[0.0,0.20268,-1.32835]},"Q8s":{"weight":1.0,"played":[0.8373,0.1493,0.0135],"evs":[0.0,-0.08035,-0.98886]},"Q9s":{"weight":1.0,"played":[0.0575,0.6162,0.3262],"evs":[0.0,1.0145,0.49312]},"QTs":{"weight":1.0,"played":[0.1909,0.6291,0.18],"evs":[0.0,0.03886,-0.21199]},"QJs":{"weight":1.0,"played":[0.1477,0.0024,0.8499],"evs":[0.0,0.14952,0.3472]},"QQ":{"weight":1.0,"played":[0.0,0.0,1.0],"evs":[0.0,2.98207,6.17573]},"KQo":{"weight":1.0,"played":[0.0,0.0088,0.9912],"evs":[0.0,0.79188,2.20148]},"AQo":{"weight":1.0,"played":[0.0,1.0E-4,0.9999],"evs":[0.0,1.33707,3.03688]},"K2s":{"weight":1.0,"played":[0.3952,0.5503,0.0545],"evs":[0.0,0.14348,-0.43843]},"K3s":{"weight":1.0,"played":[0.5573,0.4415,0.0012],"evs":[0.0,0.14575,-0.91162]},"K4s":{"weight":1.0,"played":[0.4868,0.4736,0.0396],"evs":[0.0,0.16066,-0.73125]},"K5s":{"weight":1.0,"played":[0.1235,0.6986,0.1779],"evs":[0.0,0.2819,-0.21743]},"K6s":{"weight":1.0,"played":[0.4586,0.0451,0.4963],"evs":[0.0,-0.12474,0.17109]},"K7s":{"weight":1.0,"played":[0.3772,0.2807,0.3421],"evs":[0.0,-0.07738,0.02841]},"K8s":{"weight":1.0,"played":[0.0451,0.6737,0.2812],"evs":[0.0,0.9194,0.80995]},"K9s":{"weight":1.0,"played":[0.0155,0.4234,0.5611],"evs":[0.0,0.33157,0.47819]},"KTs":{"weight":1.0,"played":[0.0025,0.016,0.9815],"evs":[0.0,0.17102,1.16176]},"KJs":{"weight":1.0,"played":[1.0E-4,1.0E-4,0.9998],"evs":[0.0,0.75226,2.60709]},"KQs":{"weight":1.0,"played":[8.0E-4,0.0,0.9991],"evs":[0.0,1.40674,3.31394]},"KK":{"weight":1.0,"played":[0.0,0.0,1.0],"evs":[0.0,4.76199,8.2867]},"AKo":{"weight":1.0,"played":[0.0,0.0,1.0],"evs":[0.0,2.00526,3.44513]},"A2s":{"weight":1.0,"played":[2.0E-4,0.0881,0.9117],"evs":[0.0,0.54757,1.49053]},"A3s":{"weight":1.0,"played":[3.0E-4,0.0,0.9997],"evs":[0.0,0.30386,0.9807]},"A4s":{"weight":1.0,"played":[0.0022,0.1001,0.8977],"evs":[0.0,1.108,1.75263]},"A5s":{"weight":1.0,"played":[0.0021,0.4019,0.596],"evs":[0.0,1.26155,1.94659]},"A6s":{"weight":1.0,"played":[0.0,0.0099,0.9901],"evs":[0.0,0.98248,1.66301]},"A7s":{"weight":1.0,"played":[1.0E-4,2.0E-4,0.9997],"evs":[0.0,1.43759,1.85716]},"A8s":{"weight":1.0,"played":[1.0E-4,0.0112,0.9887],"evs":[0.0,1.09751,1.98661]},"A9s":{"weight":1.0,"played":[1.0E-4,0.0,0.9999],"evs":[0.0,0.92752,1.84624]},"ATs":{"weight":1.0,"played":[0.0,1.0E-4,0.9999],"evs":[0.0,1.69955,3.14593]},"AJs":{"weight":1.0,"played":[0.0,0.0035,0.9965],"evs":[0.0,1.98873,3.79885]},"AQs":{"weight":1.0,"played":[0.0,0.0025,0.9974],"evs":[0.0,2.13919,3.66517]},"AKs":{"weight":1.0,"played":[0.0,0.0,1.0],"evs":[0.0,2.15748,4.22758]},"AA":{"weight":1.0,"played":[0.0,0.0,1.0],"evs":[0.0,9.40825,14.10193]}}}