{"player":3,"street":0,"children":2,"sequence":[{"player":0,"type":"R","amount":200000,"street":0},{"player":1,"type":"C","amount":200000,"street":0},{"player":2,"type":"F","amount":0,"street":0},{"player":3,"type":"C","amount":150000,"street":0},{"player":4,"type":"R","amount":2575000,"street":0},{"player":0,"type":"F","amount":0,"street":0},{"player":1,"type":"C","amount":375000,"street":0}],"actions":[{"type":"F","amount":0},{"type":"C","amount":2375000}],"hands":{"22":{"weight":0.0127,"played":[0.347,0.653],"evs":[0.0,0.78311]},"32o":{"weight":0.0,"played":[0.9983,0.0017],"evs":[0.0,-10.97799]},"42o":{"weight":0.0,"played":[0.9998,2.0E-4],"evs":[0.0,-6.35855]},"52o":{"weight":1.0E-4,"played":[0.8865,0.1135],"evs":[0.0,-13.00134]},"62o":{"weight":2.0E-4,"played":[0.9951,0.0049],"evs":[0.0,-8.81578]},"72o":{"weight":0.0,"played":[0.8479,0.1521],"evs":[0.0,-10.57372]},"82o":{"weight":1.0E-4,"played":[0.8706,0.1294],"evs":[0.0,-3.14041]},"92o":{"weight":0.0,"played":[0.9512,0.0488],"evs":[0.0,-6.17376]},"T2o":{"weight":0.0,"played":[0.9977,0.0023],"evs":[0.0,-1.54924]},"J2o":{"weight":3.0E-4,"played":[0.7337,0.2663],"evs":[0.0,-6.27297]},"Q2o":{"weight":0.0,"played":[0.9892,0.0108],"evs":[0.0,-8.91901]},"K2o":{"weight":9.0E-4,"played":[0.9791,0.0209],"evs":[0.0,-7.67513]},"A2o":{"weight":3.0E-4,"played":[0.04,0.96],"evs":[0.0,0.10808]},"32s":{"weight":2.0E-4,"played":[0.2686,0.7314],"evs":[0.0,0.89364]},"33":{"weight":0.017,"played":[0.413,0.587],"evs":[0.0,-1.22942]},"43o":{"weight":0.0,"played":[0.9613,0.0387],"evs":[0.0,-3.77349]},"53o":{"weight":0.0,"played":[0.95,0.05],"evs":[0.0,-6.89593]},"63o":{"weight":0.0,"played":[0.6944,0.3056],"evs":[0.0,-0.19933]},"73o":{"weight":1.0E-4,"played":[0.6857,0.3143],"evs":[0.0,-1.02361]},"83o":{"weight":1.0E-4,"played":[0.6961,0.3039],"evs":[0.0,-3.4947]},"93o":{"weight":3.0E-4,"played":[0.9956,0.0044],"evs":[0.0,-3.19909]},"T3o":{"weight":2.0E-4,"played":[0.9866,0.0134],"evs":[0.0,-8.96848]},"J3o":{"weight":1.0E-4,"played":[0.9332,0.0668],"evs":[0.0,-6.29584]},"Q3o":{"weight":0.0,"played":[0.9824,0.0176],"evs":[0.0,-5.23341]},"K3o":{"weight":0.0048,"played":[0.9248,0.0752],"evs":[0.0,-6.32106]},"A3o":{"weight":0.0059,"played":[0.5341,0.4659],"evs":[0.0,-0.2199]},"42s":{"weight":2.0E-4,"played":[0.9393,0.0607],"evs":[0.0,-9.44285]},"43s":{"weight":0.0016,"played":[0.6923,0.3077],"evs":[0.0,-0.42362]},"44":{"weight":0.1127,"played":[0.7006,0.2994],"evs":[0.0,-3.01657]},"54o":{"weight":0.0,"played":[0.8602,0.1398],"evs":[0.0,-1.72802]},"64o":{"weight":0.0,"played":[0.9895,0.0105],"evs":[0.0,-10.53923]},"74o":{"weight":0.0,"played":[0.5244,0.4756],"evs":[0.0,-6.26857]},"84o":{"weight":0.0,"played":[0.9976,0.0024],"evs":[0.0,-8.77988]},"94o":{"weight":0.0,"played":[0.9998,2.0E-4],"evs":[0.0,-7.44408]},"T4o":{"weight":0.0,"played":[0.8496,0.1504],"evs":[0.0,-2.43096]},"J4o":{"weight":0.0,"played":[0.7244,0.2756],"evs":[0.0,-7.08141]},"Q4o":{"weight":0.0014,"played":[0.9999,1.0E-4],"evs":[0.0,-10.59362]},"K4o":{"weight":2.0E-4,"played":[0.8442,0.1558],"evs":[0.0,-2.53633]},"A4o":{"weight":0.1456,"played":[0.7226,0.2774],"evs":[0.0,-7.05274]},"52s":{"weight":1.0E-4,"played":[0.6857,0.3143],"evs":[0.0,-9.55613]},"53s":{"weight":0.0018,"played":[0.921,0.079],"evs":[0.0,-3.75497]},"54s":{"weight":0.0363,"played":[0.4816,0.5184],"evs":[0.0,-5.94235]},"55":{"weight":0.2165,"played":[0.9426,0.0574],"evs":[0.0,-2.38362]},"65o":{"weight":0.0,"played":[0.7956,0.2044],"evs":[0.0,-2.42708]},"75o":{"weight":3.0E-4,"played":[0.9914,0.0086],"evs":[0.0,-12.63614]},"85o":{"weight":0.0,"played":[0.9955,0.0045],"evs":[0.0,-5.80057]},"95o":{"weight":0.0,"played":[0.941,0.059],"evs":[0.0,-11.26575]},"T5o":{"weight":0.0,"played":[0.9847,0.0153],"evs":[0.0,-7.37835]},"J5o":{"weight":0.0,"played":[0.6593,0.3407],"evs":[0.0,-2.18403]},"Q5o":{"weight":0.0,"played":[0.8687,0.1313],"evs":[0.0,-6.73736]},"K5o":{"weight":0.0,"played":[0.3283,0.6717],"evs":[0.0,3.64229]},"A5o":{"weight":0.0209,"played":[0.76,0.24],"evs":[0.0,-3.6925]},"62s":{"weight":2.0E-4,"played":[0.9917,0.0083],"evs":[0.0,-18.32566]},"63s":{"weight":1.0E-4,"played":[0.7224,0.2776],"evs":[0.0,1.21132]},"64s":{"weight":1.0E-4,"played":[0.6879,0.3121],"evs":[0.0,-7.21285]},"65s":{"weight":4.0E-4,"played":[0.5837,0.4163],"evs":[0.0,-3.18371]},"66":{"weight":0.5077,"played":[0.466,0.534],"evs":[0.0,2.48864]},"76o":{"weight":1.0E-4,"played":[0.974,0.026],"evs":[0.0,-4.40222]},"86o":{"weight":0.0,"played":[0.9035,0.0965],"evs":[0.0,-1.31804]},"96o":{"weight":0.0,"played":[0.6809,0.3191],"evs":[0.0,-4.17755]},"T6o":{"weight":0.0,"played":[0.873,0.127],"evs":[0.0,-5.57924]},"J6o":{"weight":0.0,"played":[0.568,0.432],"evs":[0.0,-1.3212]},"Q6o":{"weight":2.0E-4,"played":[0.8505,0.1495],"evs":[0.0,-10.33813]},"K6o":{"weight":0.0037,"played":[0.8506,0.1494],"evs":[0.0,-0.32312]},"A6o":{"weight":0.0021,"played":[0.4279,0.5721],"evs":[0.0,-4.457]},"72s":{"weight":8.0E-4,"played":[0.8274,0.1726],"evs":[0.0,-10.87626]},"73s":{"weight":0.0,"played":[0.9975,0.0025],"evs":[0.0,-5.44172]},"74s":{"weight":0.0,"played":[0.5104,0.4896],"evs":[0.0,8.60029]},"75s":{"weight":0.0,"played":[0.9376,0.0624],"evs":[0.0,-7.84952]},"76s":{"weight":0.1087,"played":[0.5814,0.4186],"evs":[0.0,6.1832]},"77":{"weight":0.6697,"played":[0.0152,0.9848],"evs":[0.0,1.77423]},"87o":{"weight":5.0E-4,"played":[0.9419,0.0581],"evs":[0.0,-3.75166]},"97o":{"weight":0.001,"played":[0.6892,0.3108],"evs":[0.0,5.34823]},"T7o":{"weight":3.0E-4,"played":[0.7987,0.2013],"evs":[0.0,-1.78092]},"J7o":{"weight":7.0E-4,"played":[0.8121,0.1879],"evs":[0.0,-6.65274]},"Q7o":{"weight":3.0E-4,"played":[0.961,0.039],"evs":[0.0,-5.99534]},"K7o":{"weight":0.0017,"played":[0.7976,0.2024],"evs":[0.0,-5.38384]},"A7o":{"weight":0.1174,"played":[0.1889,0.8111],"evs":[0.0,-1.37713]},"82s":{"weight":4.0E-4,"played":[0.8659,0.1341],"evs":[0.0,-9.414]},"83s":{"weight":6.0E-4,"played":[0.772,0.228],"evs":[0.0,-3.32637]},"84s":{"weight":6.0E-4,"played":[0.2539,0.7461],"evs":[0.0,-1.67307]},"85s":{"weight":0.0038,"played":[0.7124,0.2876],"evs":[0.0,-4.50729]},"86s":{"weight":0.0049,"played":[0.8037,0.1963],"evs":[0.0,-3.67212]},"87s":{"weight":0.0054,"played":[0.4555,0.5445],"evs":[0.0,-3.86381]},"88":{"weight":0.0018,"played":[6.0E-4,0.9994],"evs":[0.0,9.32499]},"98o":{"weight":7.0E-4,"played":[0.4231,0.5769],"evs":[0.0,3.08225]},"T8o":{"weight":0.0,"played":[0.7963,0.2037],"evs":[0.0,-6.29465]},"J8o":{"weight":0.0022,"played":[0.8138,0.1862],"evs":[0.0,-0.58412]},"Q8o":{"weight":0.0056,"played":[0.6529,0.3471],"evs":[0.0,-4.76726]},"K8o":{"weight":6.0E-4,"played":[0.6512,0.3488],"evs":[0.0,-1.43769]},"A8o":{"weight":0.4828,"played":[0.0678,0.9322],"evs":[0.0,3.33801]},"92s":{"weight":0.0037,"played":[0.6883,0.3117],"evs":[0.0,-11.03729]},"93s":{"weight":0.0085,"played":[0.6002,0.3998],"evs":[0.0,-7.09789]},"94s":{"weight":1.0E-4,"played":[0.8847,0.1153],"evs":[0.0,-15.05513]},"95s":{"weight":2.0E-4,"played":[0.3543,0.6457],"evs":[0.0,5.89785]},"96s":{"weight":0.0787,"played":[0.8379,0.1621],"evs":[0.0,-0.82276]},"97s":{"weight":0.3504,"played":[0.6687,0.3313],"evs":[0.0,7.38168]},"98s":{"weight":0.0359,"played":[0.3251,0.6749],"evs":[0.0,5.19787]},"99":{"weight":0.2064,"played":[0.0641,0.9359],"evs":[0.0,8.48625]},"T9o":{"weight":0.0067,"played":[0.5646,0.4354],"evs":[0.0,1.57928]},"J9o":{"weight":0.0011,"played":[0.4516,0.5484],"evs":[0.0,-2.72698]},"Q9o":{"weight":3.0E-4,"played":[0.6823,0.3177],"evs":[0.0,-5.51057]},"K9o":{"weight":0.0064,"played":[0.9897,0.0103],"evs":[0.0,-1.36694]},"A9o":{"weight":0.5604,"played":[0.5942,0.4058],"evs":[0.0,1.41213]},"T2s":{"weight":7.0E-4,"played":[0.9509,0.0491],"evs":[0.0,-2.54834]},"T3s":{"weight":0.0036,"played":[0.0645,0.9355],"evs":[0.0,-1.35889]},"T4s":{"weight":0.0,"played":[0.526,0.474],"evs":[0.0,0.4973]},"T5s":{"weight":2.0E-4,"played":[0.9462,0.0538],"evs":[0.0,-7.31891]},"T6s":{"weight":0.002,"played":[0.3177,0.6823],"evs":[0.0,-3.95719]},"T7s":{"weight":0.003,"played":[0.0584,0.9416],"evs":[0.0,5.62977]},"T8s":{"weight":9.0E-4,"played":[0.8943,0.1057],"evs":[0.0,-7.13604]},"T9s":{"weight":0.0015,"played":[0.5692,0.4308],"evs":[0.0,-5.74155]},"TT":{"weight":0.2767,"played":[0.0124,0.9876],"evs":[0.0,17.60845]},"JTo":{"weight":2.0E-4,"played":[0.9887,0.0113],"evs":[0.0,-8.40026]},"QTo":{"weight":0.0086,"played":[0.392,0.608],"evs":[0.0,-2.74586]},"KTo":{"weight":0.0556,"played":[0.0168,0.9832],"evs":[0.0,5.8009]},"ATo":{"weight":0.0142,"played":[9.0E-4,0.9991],"evs":[0.0,10.45087]},"J2s":{"weight":0.0066,"played":[0.9949,0.0051],"evs":[0.0,-5.25522]},"J3s":{"weight":0.0031,"played":[0.9576,0.0424],"evs":[0.0,-6.89243]},"J4s":{"weight":0.0017,"played":[0.8349,0.1651],"evs":[0.0,-10.94251]},"J5s":{"weight":0.0121,"played":[0.9695,0.0305],"evs":[0.0,-6.11689]},"J6s":{"weight":0.0051,"played":[0.4075,0.5925],"evs":[0.0,11.05588]},"J7s":{"weight":0.0011,"played":[0.5884,0.4116],"evs":[0.0,-0.43981]},"J8s":{"weight":0.0053,"played":[0.3461,0.6539],"evs":[0.0,-2.04694]},"J9s":{"weight":0.1447,"played":[0.5239,0.4761],"evs":[0.0,-5.42941]},"JTs":{"weight":0.2096,"played":[0.8859,0.1141],"evs":[0.0,-1.7753]},"JJ":{"weight":0.0955,"played":[0.0175,0.9825],"evs":[0.0,27.17593]},"QJo":{"weight":0.0,"played":[0.7967,0.2033],"evs":[0.0,-4.10367]},"KJo":{"weight":0.0731,"played":[0.2682,0.7318],"evs":[0.0,-1.88839]},"AJo":{"weight":0.0247,"played":[0.0177,0.9823],"evs":[0.0,3.62965]},"Q2s":{"weight":0.001,"played":[0.2083,0.7917],"evs":[0.0,2.19268]},"Q3s":{"weight":0.0025,"played":[0.2276,0.7724],"evs":[0.0,9.2312]},"Q4s":{"weight":0.0043,"played":[0.2507,0.7493],"evs":[0.0,-3.49644]},"Q5s":{"weight":0.0433,"played":[0.8743,0.1257],"evs":[0.0,-7.97266]},"Q6s":{"weight":7.0E-4,"played":[0.7252,0.2748],"evs":[0.0,-5.21561]},"Q7s":{"weight":0.0327,"played":[0.6668,0.3332],"evs":[0.0,-13.37097]},"Q8s":{"weight":0.1561,"played":[0.9684,0.0316],"evs":[0.0,-10.93286]},"Q9s":{"weight":0.0592,"played":[0.1106,0.8894],"evs":[0.0,9.09226]},"QTs":{"weight":0.1751,"played":[0.071,0.929],"evs":[0.0,8.04182]},"QJs":{"weight":0.3942,"played":[0.7144,0.2856],"evs":[0.0,-5.56599]},"QQ":{"weight":0.2023,"played":[0.0921,0.9079],"evs":[0.0,21.14526]},"KQo":{"weight":0.0,"played":[0.0808,0.9192],"evs":[0.0,3.06921]},"AQo":{"weight":6.0E-4,"played":[0.022,0.978],"evs":[0.0,1.01071]},"K2s":{"weight":0.0175,"played":[0.6128,0.3872],"evs":[0.0,-0.26823]},"K3s":{"weight":0.0204,"played":[0.3054,0.6946],"evs":[0.0,0.38156]},"K4s":{"weight":0.2881,"played":[0.8074,0.1926],"evs":[0.0,-4.80468]},"K5s":{"weight":0.0027,"played":[0.9621,0.0379],"evs":[0.0,-12.37625]},"K6s":{"weight":0.0405,"played":[0.249,0.751],"evs":[0.0,1.12158]},"K7s":{"weight":0.0531,"played":[0.0417,0.9583],"evs":[0.0,5.41736]},"K8s":{"weight":0.0628,"played":[0.2963,0.7037],"evs":[0.0,4.84639]},"K9s":{"weight":0.6026,"played":[0.8477,0.1523],"evs":[0.0,1.70908]},"KTs":{"weight":0.5597,"played":[0.2638,0.7362],"evs":[0.0,0.70957]},"KJs":{"weight":0.1735,"played":[0.2112,0.7888],"evs":[0.0,6.38551]},"KQs":{"weight":0.0011,"played":[0.2956,0.7044],"evs":[0.0,-0.35094]},"KK":{"weight":0.0,"played":[0.0016,0.9984],"evs":[0.0,16.40849]},"AKo":{"weight":0.0691,"played":[0.1884,0.8116],"evs":[0.0,5.49717]},"A2s":{"weight":0.2823,"played":[0.3555,0.6445],"evs":[0.0,-3.85312]},"A3s":{"weight":0.2757,"played":[0.1159,0.8841],"evs":[0.0,10.86321]},"A4s":{"weight":0.1974,"played":[0.6875,0.3125],"evs":[0.0,-6.19958]},"A5s":{"weight":0.0358,"played":[2.0E-4,0.9998],"evs":[0.0,8.90486]},"A6s":{"weight":0.5574,"played":[0.859,0.141],"evs":[0.0,-9.39463]},"A7s":{"weight":0.2821,"played":[0.2191,0.7809],"evs":[0.0,11.67993]},"A8s":{"weight":0.2055,"played":[0.7292,0.2708],"evs":[0.0,-8.52193]},"A9s":{"weight":0.4141,"played":[0.0374,0.9626],"evs":[0.0,11.88366]},"ATs":{"weight":2.0E-4,"played":[0.8576,0.1424],"evs":[0.0,-17.02729]},"AJs":{"weight":9.0E-4,"played":[0.0084,0.9916],"evs":[0.0,32.23396]},"AQs":{"weight":0.808,"played":[0.1734,0.8266],"evs":[0.0,2.74657]},"AKs":{"weight":0.0,"played":[0.0031,0.9969],"evs":[0.0,4.25979]},"AA":{"weight":0.0207,"played":[1.0E-4,0.9999],"evs":[0.0,16.18611]}}}