{"player":3,"street":0,"children":2,"sequence":[{"player":0,"type":"R","amount":200000,"street":0},{"player":1,"type":"C","amount":200000,"street":0},{"player":2,"type":"F","amount":0,"street":0},{"player":3,"type":"C","amount":150000,"street":0},{"player":4,"type":"R","amount":2575000,"street":0},{"player":0,"type":"C","amount":965000,"street":0},{"player":1,"type":"C","amount":375000,"street":0}],"actions":[{"type":"F","amount":0},{"type":"C","amount":2375000}],"hands":{"22":{"weight":0.0127,"played":[0.6071,0.3929],"evs":[0.0,-1.1643]},"32o":{"weight":0.0,"played":[0.9968,0.0032],"evs":[0.0,-11.68805]},"42o":{"weight":0.0,"played":[1.0,0.0],"evs":[0.0,-8.47859]},"52o":{"weight":1.0E-4,"played":[0.9985,0.0015],"evs":[0.0,-7.89838]},"62o":{"weight":2.0E-4,"played":[0.9136,0.0864],"evs":[0.0,-7.28663]},"72o":{"weight":0.0,"played":[0.9996,4.0E-4],"evs":[0.0,-6.04521]},"82o":{"weight":1.0E-4,"played":[0.9994,6.0E-4],"evs":[0.0,-10.1157]},"92o":{"weight":0.0,"played":[0.9996,4.0E-4],"evs":[0.0,-8.33696]},"T2o":{"weight":0.0,"played":[1.0,0.0],"evs":[0.0,-10.23214]},"J2o":{"weight":3.0E-4,"played":[0.9998,2.0E-4],"evs":[0.0,-8.82155]},"Q2o":{"weight":0.0,"played":[1.0,0.0],"evs":[0.0,-7.74324]},"K2o":{"weight":9.0E-4,"played":[0.9872,0.0128],"evs":[0.0,-8.52707]},"A2o":{"weight":3.0E-4,"played":[0.6689,0.3311],"evs":[0.0,-0.40345]},"32s":{"weight":2.0E-4,"played":[1.0,0.0],"evs":[0.0,-5.25421]},"33":{"weight":0.017,"played":[0.8578,0.1422],"evs":[0.0,-3.26636]},"43o":{"weight":0.0,"played":[0.9999,1.0E-4],"evs":[0.0,-7.46033]},"53o":{"weight":0.0,"played":[0.9687,0.0313],"evs":[0.0,-7.74396]},"63o":{"weight":0.0,"played":[1.0,0.0],"evs":[0.0,-8.5553]},"73o":{"weight":1.0E-4,"played":[1.0,0.0],"evs":[0.0,-10.43641]},"83o":{"weight":1.0E-4,"played":[0.9997,3.0E-4],"evs":[0.0,-9.23834]},"93o":{"weight":3.0E-4,"played":[0.9991,9.0E-4],"evs":[0.0,-8.55533]},"T3o":{"weight":2.0E-4,"played":[0.9929,0.0071],"evs":[0.0,-7.75248]},"J3o":{"weight":1.0E-4,"played":[0.9969,0.0031],"evs":[0.0,-7.72686]},"Q3o":{"weight":0.0,"played":[0.9951,0.0049],"evs":[0.0,-8.05281]},"K3o":{"weight":0.0048,"played":[0.9655,0.0345],"evs":[0.0,-9.26585]},"A3o":{"weight":0.0059,"played":[0.9767,0.0233],"evs":[0.0,-1.16068]},"42s":{"weight":2.0E-4,"played":[0.8531,0.1469],"evs":[0.0,-4.85333]},"43s":{"weight":0.0016,"played":[0.9885,0.0115],"evs":[0.0,-4.98197]},"44":{"weight":0.1127,"played":[0.0714,0.9286],"evs":[0.0,-0.68482]},"54o":{"weight":0.0,"played":[0.8911,0.1089],"evs":[0.0,-5.97711]},"64o":{"weight":0.0,"played":[0.9542,0.0458],"evs":[0.0,-4.30398]},"74o":{"weight":0.0,"played":[0.9998,2.0E-4],"evs":[0.0,-6.49577]},"84o":{"weight":0.0,"played":[0.9974,0.0026],"evs":[0.0,-7.85916]},"94o":{"weight":0.0,"played":[0.9998,2.0E-4],"evs":[0.0,-5.87477]},"T4o":{"weight":0.0,"played":[0.9995,5.0E-4],"evs":[0.0,-9.20546]},"J4o":{"weight":0.0,"played":[0.9951,0.0049],"evs":[0.0,-6.40417]},"Q4o":{"weight":0.0014,"played":[0.9985,0.0015],"evs":[0.0,-5.41496]},"K4o":{"weight":2.0E-4,"played":[0.9921,0.0079],"evs":[0.0,-6.70442]},"A4o":{"weight":0.1456,"played":[0.7148,0.2852],"evs":[0.0,-1.46317]},"52s":{"weight":1.0E-4,"played":[0.9574,0.0426],"evs":[0.0,-4.92732]},"53s":{"weight":0.0018,"played":[0.9879,0.0121],"evs":[0.0,-6.03856]},"54s":{"weight":0.0363,"played":[0.6046,0.3954],"evs":[0.0,-2.5585]},"55":{"weight":0.2165,"played":[0.6834,0.3166],"evs":[0.0,-1.48956]},"65o":{"weight":0.0,"played":[0.9973,0.0027],"evs":[0.0,-3.49057]},"75o":{"weight":3.0E-4,"played":[0.9923,0.0077],"evs":[0.0,-8.13486]},"85o":{"weight":0.0,"played":[1.0,0.0],"evs":[0.0,-9.71715]},"95o":{"weight":0.0,"played":[0.9944,0.0056],"evs":[0.0,-8.87102]},"T5o":{"weight":0.0,"played":[0.9992,8.0E-4],"evs":[0.0,-8.15265]},"J5o":{"weight":0.0,"played":[0.996,0.004],"evs":[0.0,-8.11762]},"Q5o":{"weight":0.0,"played":[0.979,0.021],"evs":[0.0,-7.21167]},"K5o":{"weight":0.0,"played":[0.9961,0.0039],"evs":[0.0,-7.47741]},"A5o":{"weight":0.0209,"played":[0.6026,0.3974],"evs":[0.0,-0.36461]},"62s":{"weight":2.0E-4,"played":[0.9979,0.0021],"evs":[0.0,-7.73695]},"63s":{"weight":1.0E-4,"played":[0.9974,0.0026],"evs":[0.0,-2.80086]},"64s":{"weight":1.0E-4,"played":[0.9644,0.0356],"evs":[0.0,-4.3271]},"65s":{"weight":4.0E-4,"played":[0.4398,0.5602],"evs":[0.0,-1.61918]},"66":{"weight":0.5077,"played":[0.3396,0.6604],"evs":[0.0,0.75727]},"76o":{"weight":1.0E-4,"played":[0.9994,6.0E-4],"evs":[0.0,-2.58938]},"86o":{"weight":0.0,"played":[0.9997,3.0E-4],"evs":[0.0,-6.11704]},"96o":{"weight":0.0,"played":[0.9909,0.0091],"evs":[0.0,-7.4915]},"T6o":{"weight":0.0,"played":[0.9945,0.0055],"evs":[0.0,-6.78532]},"J6o":{"weight":0.0,"played":[0.9997,3.0E-4],"evs":[0.0,-8.83698]},"Q6o":{"weight":2.0E-4,"played":[0.9995,5.0E-4],"evs":[0.0,-6.18458]},"K6o":{"weight":0.0037,"played":[0.5622,0.4378],"evs":[0.0,-1.94255]},"A6o":{"weight":0.0021,"played":[0.8291,0.1709],"evs":[0.0,-3.77169]},"72s":{"weight":8.0E-4,"played":[0.9987,0.0013],"evs":[0.0,-5.48813]},"73s":{"weight":0.0,"played":[0.9892,0.0108],"evs":[0.0,-8.04628]},"74s":{"weight":0.0,"played":[0.9336,0.0664],"evs":[0.0,-8.66056]},"75s":{"weight":0.0,"played":[0.8549,0.1451],"evs":[0.0,1.29456]},"76s":{"weight":0.1087,"played":[0.4123,0.5877],"evs":[0.0,-0.46545]},"77":{"weight":0.6697,"played":[0.0022,0.9978],"evs":[0.0,6.21427]},"87o":{"weight":5.0E-4,"played":[0.9606,0.0394],"evs":[0.0,-5.06924]},"97o":{"weight":0.001,"played":[0.9738,0.0262],"evs":[0.0,-4.62908]},"T7o":{"weight":3.0E-4,"played":[0.7191,0.2809],"evs":[0.0,-3.5749]},"J7o":{"weight":7.0E-4,"played":[0.9698,0.0302],"evs":[0.0,-5.53839]},"Q7o":{"weight":3.0E-4,"played":[0.9997,3.0E-4],"evs":[0.0,-6.14932]},"K7o":{"weight":0.0017,"played":[0.6355,0.3645],"evs":[0.0,-3.51982]},"A7o":{"weight":0.1174,"played":[0.6116,0.3884],"evs":[0.0,-0.79167]},"82s":{"weight":4.0E-4,"played":[0.9974,0.0026],"evs":[0.0,-7.81393]},"83s":{"weight":6.0E-4,"played":[0.8926,0.1074],"evs":[0.0,-7.47647]},"84s":{"weight":6.0E-4,"played":[0.487,0.513],"evs":[0.0,-1.5045]},"85s":{"weight":0.0038,"played":[0.9889,0.0111],"evs":[0.0,-8.22097]},"86s":{"weight":0.0049,"played":[0.9533,0.0467],"evs":[0.0,-6.70907]},"87s":{"weight":0.0054,"played":[0.7583,0.2417],"evs":[0.0,-1.38282]},"88":{"weight":0.0018,"played":[0.0078,0.9922],"evs":[0.0,3.05528]},"98o":{"weight":7.0E-4,"played":[0.962,0.038],"evs":[0.0,-5.23047]},"T8o":{"weight":0.0,"played":[0.9971,0.0029],"evs":[0.0,-1.51894]},"J8o":{"weight":0.0022,"played":[0.9652,0.0348],"evs":[0.0,-4.52844]},"Q8o":{"weight":0.0056,"played":[0.8581,0.1419],"evs":[0.0,-4.7365]},"K8o":{"weight":6.0E-4,"played":[0.9999,1.0E-4],"evs":[0.0,-3.02532]},"A8o":{"weight":0.4828,"played":[0.975,0.025],"evs":[0.0,-3.58554]},"92s":{"weight":0.0037,"played":[0.9985,0.0015],"evs":[0.0,-9.79148]},"93s":{"weight":0.0085,"played":[0.9527,0.0473],"evs":[0.0,-5.4518]},"94s":{"weight":1.0E-4,"played":[0.8994,0.1006],"evs":[0.0,-7.3844]},"95s":{"weight":2.0E-4,"played":[0.8708,0.1292],"evs":[0.0,-7.48011]},"96s":{"weight":0.0787,"played":[0.3543,0.6457],"evs":[0.0,-1.1646]},"97s":{"weight":0.3504,"played":[0.4293,0.5707],"evs":[0.0,-0.97859]},"98s":{"weight":0.0359,"played":[0.6131,0.3869],"evs":[0.0,-1.73888]},"99":{"weight":0.2064,"played":[4.0E-4,0.9996],"evs":[0.0,7.92893]},"T9o":{"weight":0.0067,"played":[0.937,0.063],"evs":[0.0,-4.72879]},"J9o":{"weight":0.0011,"played":[0.8387,0.1613],"evs":[0.0,-3.40432]},"Q9o":{"weight":3.0E-4,"played":[0.9931,0.0069],"evs":[0.0,-5.34356]},"K9o":{"weight":0.0064,"played":[0.9176,0.0824],"evs":[0.0,-4.43847]},"A9o":{"weight":0.5604,"played":[0.5852,0.4148],"evs":[0.0,-0.78341]},"T2s":{"weight":7.0E-4,"played":[0.9707,0.0293],"evs":[0.0,-8.11942]},"T3s":{"weight":0.0036,"played":[0.9758,0.0242],"evs":[0.0,-5.82446]},"T4s":{"weight":0.0,"played":[0.9586,0.0414],"evs":[0.0,-4.58893]},"T5s":{"weight":2.0E-4,"played":[0.9916,0.0084],"evs":[0.0,-7.5864]},"T6s":{"weight":0.002,"played":[0.9577,0.0423],"evs":[0.0,-4.3809]},"T7s":{"weight":0.003,"played":[0.9966,0.0034],"evs":[0.0,-1.17041]},"T8s":{"weight":9.0E-4,"played":[0.9221,0.0779],"evs":[0.0,-4.47915]},"T9s":{"weight":0.0015,"played":[0.95,0.05],"evs":[0.0,-4.51597]},"TT":{"weight":0.2767,"played":[1.0E-4,0.9999],"evs":[0.0,5.52174]},"JTo":{"weight":2.0E-4,"played":[0.9938,0.0062],"evs":[0.0,-2.91299]},"QTo":{"weight":0.0086,"played":[0.8391,0.1609],"evs":[0.0,-3.9524]},"KTo":{"weight":0.0556,"played":[0.4985,0.5015],"evs":[0.0,-0.67191]},"ATo":{"weight":0.0142,"played":[0.9094,0.0906],"evs":[0.0,-1.42046]},"J2s":{"weight":0.0066,"played":[0.9525,0.0475],"evs":[0.0,-4.43921]},"J3s":{"weight":0.0031,"played":[0.9867,0.0133],"evs":[0.0,-6.75875]},"J4s":{"weight":0.0017,"played":[0.9887,0.0113],"evs":[0.0,-5.12505]},"J5s":{"weight":0.0121,"played":[0.4246,0.5754],"evs":[0.0,-2.87115]},"J6s":{"weight":0.0051,"played":[0.9949,0.0051],"evs":[0.0,-2.71509]},"J7s":{"weight":0.0011,"played":[0.3542,0.6458],"evs":[0.0,0.59391]},"J8s":{"weight":0.0053,"played":[0.9711,0.0289],"evs":[0.0,-5.73547]},"J9s":{"weight":0.1447,"played":[0.6464,0.3536],"evs":[0.0,-5.49448]},"JTs":{"weight":0.2096,"played":[0.9569,0.0431],"evs":[0.0,-2.30219]},"JJ":{"weight":0.0955,"played":[9.0E-4,0.9991],"evs":[0.0,11.42236]},"QJo":{"weight":0.0,"played":[0.2965,0.7035],"evs":[0.0,0.10588]},"KJo":{"weight":0.0731,"played":[0.0812,0.9188],"evs":[0.0,0.75631]},"AJo":{"weight":0.0247,"played":[2.0E-4,0.9998],"evs":[0.0,6.50164]},"Q2s":{"weight":0.001,"played":[0.9991,9.0E-4],"evs":[0.0,-8.32116]},"Q3s":{"weight":0.0025,"played":[0.974,0.026],"evs":[0.0,-1.82228]},"Q4s":{"weight":0.0043,"played":[0.7521,0.2479],"evs":[0.0,-4.88169]},"Q5s":{"weight":0.0433,"played":[0.992,0.008],"evs":[0.0,-2.80082]},"Q6s":{"weight":7.0E-4,"played":[0.9099,0.0901],"evs":[0.0,-4.68237]},"Q7s":{"weight":0.0327,"played":[0.8984,0.1016],"evs":[0.0,-5.19928]},"Q8s":{"weight":0.1561,"played":[0.005,0.995],"evs":[0.0,2.00126]},"Q9s":{"weight":0.0592,"played":[0.9298,0.0702],"evs":[0.0,-1.97311]},"QTs":{"weight":0.1751,"played":[0.7399,0.2601],"evs":[0.0,-4.46627]},"QJs":{"weight":0.3942,"played":[0.256,0.744],"evs":[0.0,0.13861]},"QQ":{"weight":0.2023,"played":[1.0E-4,0.9999],"evs":[0.0,16.72203]},"KQo":{"weight":0.0,"played":[0.7037,0.2963],"evs":[0.0,-1.2028]},"AQo":{"weight":6.0E-4,"played":[7.0E-4,0.9993],"evs":[0.0,6.77613]},"K2s":{"weight":0.0175,"played":[0.8888,0.1112],"evs":[0.0,-1.46227]},"K3s":{"weight":0.0204,"played":[0.8859,0.1141],"evs":[0.0,-7.71624]},"K4s":{"weight":0.2881,"played":[0.3416,0.6584],"evs":[0.0,-2.15569]},"K5s":{"weight":0.0027,"played":[0.7274,0.2726],"evs":[0.0,-3.91697]},"K6s":{"weight":0.0405,"played":[0.568,0.432],"evs":[0.0,0.87544]},"K7s":{"weight":0.0531,"played":[0.5456,0.4544],"evs":[0.0,-1.20738]},"K8s":{"weight":0.0628,"played":[0.393,0.607],"evs":[0.0,1.20844]},"K9s":{"weight":0.6026,"played":[0.659,0.341],"evs":[0.0,1.92044]},"KTs":{"weight":0.5597,"played":[0.0121,0.9879],"evs":[0.0,2.85881]},"KJs":{"weight":0.1735,"played":[0.4913,0.5087],"evs":[0.0,-4.44535]},"KQs":{"weight":0.0011,"played":[0.071,0.929],"evs":[0.0,0.74869]},"KK":{"weight":0.0,"played":[7.0E-4,0.9993],"evs":[0.0,18.27234]},"AKo":{"weight":0.0691,"played":[8.0E-4,0.9992],"evs":[0.0,7.68612]},"A2s":{"weight":0.2823,"played":[0.3098,0.6902],"evs":[0.0,5.59543]},"A3s":{"weight":0.2757,"played":[0.9688,0.0312],"evs":[0.0,-2.81796]},"A4s":{"weight":0.1974,"played":[0.9096,0.0904],"evs":[0.0,-0.44207]},"A5s":{"weight":0.0358,"played":[0.446,0.554],"evs":[0.0,2.26526]},"A6s":{"weight":0.5574,"played":[0.3469,0.6531],"evs":[0.0,0.24682]},"A7s":{"weight":0.2821,"played":[0.5485,0.4515],"evs":[0.0,0.89507]},"A8s":{"weight":0.2055,"played":[0.5013,0.4987],"evs":[0.0,-1.5539]},"A9s":{"weight":0.4141,"played":[0.0231,0.9769],"evs":[0.0,1.87323]},"ATs":{"weight":2.0E-4,"played":[0.227,0.773],"evs":[0.0,1.56457]},"AJs":{"weight":9.0E-4,"played":[0.4084,0.5916],"evs":[0.0,7.11626]},"AQs":{"weight":0.808,"played":[0.0042,0.9958],"evs":[0.0,7.85807]},"AKs":{"weight":0.0,"played":[0.115,0.885],"evs":[0.0,9.52684]},"AA":{"weight":0.0207,"played":[0.0,1.0],"evs":[0.0,25.66882]}}}