{"player":1,"street":0,"children":2,"sequence":[{"player":0,"type":"R","amount":200000,"street":0},{"player":1,"type":"C","amount":200000,"street":0},{"player":2,"type":"F","amount":0,"street":0},{"player":3,"type":"R","amount":2575000,"street":0},{"player":4,"type":"F","amount":0,"street":0},{"player":0,"type":"F","amount":0,"street":0}],"actions":[{"type":"F","amount":0},{"type":"C","amount":375000}],"hands":{"22":{"weight":0.0,"played":[0.0,1.0],"evs":[0.0,2.84271]},"32o":{"weight":0.0,"played":[0.0021,0.9979],"evs":[0.0,0.7627]},"42o":{"weight":0.0,"played":[2.0E-4,0.9998],"evs":[0.0,0.57554]},"52o":{"weight":0.0,"played":[0.0034,0.9966],"evs":[0.0,0.69325]},"62o":{"weight":0.0,"played":[8.0E-4,0.9992],"evs":[0.0,0.57929]},"72o":{"weight":0.0,"played":[4.0E-4,0.9996],"evs":[0.0,0.39343]},"82o":{"weight":0.0,"played":[0.0,1.0],"evs":[0.0,0.54499]},"92o":{"weight":0.0,"played":[0.0,1.0],"evs":[0.0,0.66192]},"T2o":{"weight":0.0,"played":[1.0E-4,0.9999],"evs":[0.0,0.43712]},"J2o":{"weight":0.0,"played":[0.0,1.0],"evs":[0.0,0.58661]},"Q2o":{"weight":0.0,"played":[0.0,1.0],"evs":[0.0,0.73718]},"K2o":{"weight":0.0,"played":[1.0E-4,0.9999],"evs":[0.0,0.75617]},"A2o":{"weight":0.0,"played":[0.0,1.0],"evs":[0.0,1.85739]},"32s":{"weight":0.0,"played":[0.0,1.0],"evs":[0.0,1.28455]},"33":{"weight":0.0,"played":[0.0,1.0],"evs":[0.0,3.31081]},"43o":{"weight":0.0,"played":[0.0,1.0],"evs":[0.0,1.18467]},"53o":{"weight":0.0,"played":[0.0,1.0],"evs":[0.0,1.06442]},"63o":{"weight":0.0,"played":[0.0,1.0],"evs":[0.0,0.76175]},"73o":{"weight":0.0,"played":[0.0,1.0],"evs":[0.0,0.74612]},"83o":{"weight":0.0,"played":[1.0E-4,0.9999],"evs":[0.0,0.63774]},"93o":{"weight":0.0,"played":[0.0018,0.9982],"evs":[0.0,0.65342]},"T3o":{"weight":0.0,"played":[0.0014,0.9986],"evs":[0.0,0.43273]},"J3o":{"weight":0.0,"played":[2.0E-4,0.9998],"evs":[0.0,0.49707]},"Q3o":{"weight":0.0,"played":[0.0,1.0],"evs":[0.0,0.74865]},"K3o":{"weight":0.0,"played":[0.0,1.0],"evs":[0.0,0.75408]},"A3o":{"weight":0.0,"played":[0.0,1.0],"evs":[0.0,1.98287]},"42s":{"weight":0.0,"played":[0.0015,0.9985],"evs":[0.0,1.45678]},"43s":{"weight":0.0,"played":[0.0,1.0],"evs":[0.0,1.44922]},"44":{"weight":0.0,"played":[0.0,1.0],"evs":[0.0,3.20845]},"54o":{"weight":0.0,"played":[0.0,1.0],"evs":[0.0,1.15907]},"64o":{"weight":0.0,"played":[1.0E-4,0.9999],"evs":[0.0,0.98125]},"74o":{"weight":0.0,"played":[0.0,1.0],"evs":[0.0,1.03899]},"84o":{"weight":0.0,"played":[0.0,1.0],"evs":[0.0,0.7141]},"94o":{"weight":0.0,"played":[0.0,1.0],"evs":[0.0,0.70923]},"T4o":{"weight":0.0,"played":[0.0034,0.9966],"evs":[0.0,0.45127]},"J4o":{"weight":0.0,"played":[0.0,1.0],"evs":[0.0,0.61886]},"Q4o":{"weight":0.0,"played":[0.0,1.0],"evs":[0.0,0.93868]},"K4o":{"weight":0.0,"played":[0.0,1.0],"evs":[0.0,0.92051]},"A4o":{"weight":0.0,"played":[0.0,1.0],"evs":[0.0,2.17216]},"52s":{"weight":0.0,"played":[0.0,1.0],"evs":[0.0,1.16377]},"53s":{"weight":0.0,"played":[0.0,1.0],"evs":[0.0,1.47862]},"54s":{"weight":0.0,"played":[0.0,1.0],"evs":[0.0,1.54027]},"55":{"weight":0.001,"played":[0.0,1.0],"evs":[0.0,3.14831]},"65o":{"weight":0.0,"played":[0.0,1.0],"evs":[0.0,1.26375]},"75o":{"weight":0.0,"played":[1.0E-4,0.9999],"evs":[0.0,1.17885]},"85o":{"weight":0.0,"played":[3.0E-4,0.9997],"evs":[0.0,0.93281]},"95o":{"weight":0.0,"played":[0.0,1.0],"evs":[0.0,0.64524]},"T5o":{"weight":0.0,"played":[8.0E-4,0.9992],"evs":[0.0,0.46233]},"J5o":{"weight":0.0,"played":[0.0067,0.9933],"evs":[0.0,0.67685]},"Q5o":{"weight":0.0,"played":[1.0E-4,0.9999],"evs":[0.0,0.85052]},"K5o":{"weight":0.0,"played":[0.0,1.0],"evs":[0.0,0.79707]},"A5o":{"weight":0.0,"played":[0.0,1.0],"evs":[0.0,2.28863]},"62s":{"weight":0.0,"played":[8.0E-4,0.9992],"evs":[0.0,1.23557]},"63s":{"weight":0.0,"played":[2.0E-4,0.9998],"evs":[0.0,1.55909]},"64s":{"weight":0.0,"played":[0.0,1.0],"evs":[0.0,1.7448]},"65s":{"weight":0.0,"played":[0.0,1.0],"evs":[0.0,1.68229]},"66":{"weight":0.4056,"played":[0.0,1.0],"evs":[0.0,3.35259]},"76o":{"weight":0.0,"played":[0.0,1.0],"evs":[0.0,1.29003]},"86o":{"weight":0.0,"played":[1.0E-4,0.9999],"evs":[0.0,1.32018]},"96o":{"weight":0.0,"played":[0.0,1.0],"evs":[0.0,1.01742]},"T6o":{"weight":0.0,"played":[1.0E-4,0.9999],"evs":[0.0,0.77738]},"J6o":{"weight":0.0,"played":[0.0013,0.9987],"evs":[0.0,0.8434]},"Q6o":{"weight":0.0,"played":[0.0,1.0],"evs":[0.0,0.92881]},"K6o":{"weight":0.0,"played":[1.0E-4,0.9999],"evs":[0.0,1.04189]},"A6o":{"weight":0.0,"played":[0.0,1.0],"evs":[0.0,2.10434]},"72s":{"weight":0.0,"played":[3.0E-4,0.9997],"evs":[0.0,1.17041]},"73s":{"weight":0.0,"played":[1.0E-4,0.9999],"evs":[0.0,1.35583]},"74s":{"weight":0.0,"played":[5.0E-4,0.9995],"evs":[0.0,1.59053]},"75s":{"weight":0.0,"played":[9.0E-4,0.9991],"evs":[0.0,1.40603]},"76s":{"weight":0.0,"played":[1.0E-4,0.9999],"evs":[0.0,1.77527]},"77":{"weight":0.2444,"played":[0.0,1.0],"evs":[0.0,3.80004]},"87o":{"weight":0.0,"played":[0.0,1.0],"evs":[0.0,1.37754]},"97o":{"weight":0.0,"played":[0.0,1.0],"evs":[0.0,1.32266]},"T7o":{"weight":0.0,"played":[0.0,1.0],"evs":[0.0,1.0842]},"J7o":{"weight":0.0,"played":[1.0E-4,0.9999],"evs":[0.0,0.96275]},"Q7o":{"weight":0.0,"played":[0.0,1.0],"evs":[0.0,1.00472]},"K7o":{"weight":0.0,"played":[0.0,1.0],"evs":[0.0,1.10254]},"A7o":{"weight":0.0,"played":[0.0,1.0],"evs":[0.0,2.22885]},"82s":{"weight":0.0,"played":[0.0069,0.9931],"evs":[0.0,1.47347]},"83s":{"weight":0.0,"played":[0.0,1.0],"evs":[0.0,1.07778]},"84s":{"weight":0.0,"played":[2.0E-4,0.9998],"evs":[0.0,1.23212]},"85s":{"weight":0.0,"played":[4.0E-4,0.9996],"evs":[0.0,1.84499]},"86s":{"weight":0.0,"played":[0.0,1.0],"evs":[0.0,1.59515]},"87s":{"weight":0.0,"played":[0.0,1.0],"evs":[0.0,1.78992]},"88":{"weight":0.0061,"played":[0.0,1.0],"evs":[0.0,4.01228]},"98o":{"weight":0.0,"played":[1.0E-4,0.9999],"evs":[0.0,1.3556]},"T8o":{"weight":0.0,"played":[1.0E-4,0.9999],"evs":[0.0,1.24362]},"J8o":{"weight":0.0,"played":[0.0,1.0],"evs":[0.0,1.11652]},"Q8o":{"weight":0.0,"played":[0.0,1.0],"evs":[0.0,1.14749]},"K8o":{"weight":0.0,"played":[0.0,1.0],"evs":[0.0,1.15675]},"A8o":{"weight":7.0E-4,"played":[0.0,1.0],"evs":[0.0,2.52216]},"92s":{"weight":0.0,"played":[0.0018,0.9982],"evs":[0.0,1.23539]},"93s":{"weight":0.0,"played":[5.0E-4,0.9995],"evs":[0.0,1.31312]},"94s":{"weight":0.0,"played":[4.0E-4,0.9996],"evs":[0.0,1.11152]},"95s":{"weight":0.0,"played":[7.0E-4,0.9993],"evs":[0.0,1.39185]},"96s":{"weight":0.0,"played":[0.0,1.0],"evs":[0.0,1.69528]},"97s":{"weight":0.0,"played":[0.0,1.0],"evs":[0.0,1.74129]},"98s":{"weight":0.0,"played":[1.0E-4,0.9999],"evs":[0.0,1.99569]},"99":{"weight":4.0E-4,"played":[0.0,1.0],"evs":[0.0,4.46414]},"T9o":{"weight":0.0,"played":[0.0,1.0],"evs":[0.0,1.44115]},"J9o":{"weight":0.0,"played":[0.0,1.0],"evs":[0.0,1.41596]},"Q9o":{"weight":0.0,"played":[0.0,1.0],"evs":[0.0,1.4883]},"K9o":{"weight":0.0,"played":[0.0,1.0],"evs":[0.0,1.22917]},"A9o":{"weight":0.0,"played":[0.0,1.0],"evs":[0.0,2.85018]},"T2s":{"weight":0.0,"played":[1.0E-4,0.9999],"evs":[0.0,1.03906]},"T3s":{"weight":0.0,"played":[0.0,1.0],"evs":[0.0,1.22806]},"T4s":{"weight":0.0,"played":[0.0,1.0],"evs":[0.0,0.72216]},"T5s":{"weight":0.0,"played":[4.0E-4,0.9996],"evs":[0.0,0.79758]},"T6s":{"weight":0.0,"played":[0.0052,0.9948],"evs":[0.0,1.20909]},"T7s":{"weight":0.0,"played":[0.0,1.0],"evs":[0.0,1.71221]},"T8s":{"weight":0.0,"played":[0.0,1.0],"evs":[0.0,1.67143]},"T9s":{"weight":0.0,"played":[0.0,1.0],"evs":[0.0,2.04421]},"TT":{"weight":0.0101,"played":[0.0,1.0],"evs":[0.0,5.43143]},"JTo":{"weight":0.0,"played":[0.0,1.0],"evs":[0.0,1.64418]},"QTo":{"weight":0.0,"played":[0.0,1.0],"evs":[0.0,1.44794]},"KTo":{"weight":1.0E-4,"played":[0.0,1.0],"evs":[0.0,1.57195]},"ATo":{"weight":0.0,"played":[0.0,1.0],"evs":[0.0,3.22796]},"J2s":{"weight":0.0,"played":[0.0,1.0],"evs":[0.0,1.47462]},"J3s":{"weight":0.0,"played":[0.0,1.0],"evs":[0.0,1.14864]},"J4s":{"weight":0.0,"played":[1.0E-4,0.9999],"evs":[0.0,1.40463]},"J5s":{"weight":0.0,"played":[0.0092,0.9908],"evs":[0.0,1.35641]},"J6s":{"weight":0.0,"played":[3.0E-4,0.9997],"evs":[0.0,1.27139]},"J7s":{"weight":0.0,"played":[1.0E-4,0.9999],"evs":[0.0,1.76264]},"J8s":{"weight":0.0,"played":[0.0,1.0],"evs":[0.0,1.66561]},"J9s":{"weight":0.0,"played":[0.0,1.0],"evs":[0.0,2.1612]},"JTs":{"weight":2.0E-4,"played":[0.0,1.0],"evs":[0.0,2.16762]},"JJ":{"weight":0.0028,"played":[0.0,1.0],"evs":[0.0,5.86627]},"QJo":{"weight":2.0E-4,"played":[0.0,1.0],"evs":[0.0,1.70529]},"KJo":{"weight":6.0E-4,"played":[0.0,1.0],"evs":[0.0,2.11486]},"AJo":{"weight":2.0E-4,"played":[0.0,1.0],"evs":[0.0,4.22644]},"Q2s":{"weight":0.0,"played":[0.0018,0.9982],"evs":[0.0,1.4781]},"Q3s":{"weight":0.0,"played":[0.0,1.0],"evs":[0.0,1.74181]},"Q4s":{"weight":0.0,"played":[0.0,1.0],"evs":[0.0,1.45434]},"Q5s":{"weight":0.0,"played":[0.0,1.0],"evs":[0.0,1.29295]},"Q6s":{"weight":0.0,"played":[1.0E-4,0.9999],"evs":[0.0,1.64891]},"Q7s":{"weight":0.0,"played":[3.0E-4,0.9997],"evs":[0.0,1.52885]},"Q8s":{"weight":0.0,"played":[0.0,1.0],"evs":[0.0,1.85537]},"Q9s":{"weight":2.0E-4,"played":[0.0,1.0],"evs":[0.0,2.13101]},"QTs":{"weight":0.003,"played":[0.0,1.0],"evs":[0.0,2.33642]},"QJs":{"weight":0.8212,"played":[2.0E-4,0.9998],"evs":[0.0,2.22339]},"QQ":{"weight":2.0E-4,"played":[0.0,1.0],"evs":[0.0,6.69269]},"KQo":{"weight":8.0E-4,"played":[0.0,1.0],"evs":[0.0,2.71586]},"AQo":{"weight":0.0017,"played":[0.0,1.0],"evs":[0.0,4.907]},"K2s":{"weight":0.0,"played":[1.0E-4,0.9999],"evs":[0.0,1.52096]},"K3s":{"weight":0.0,"played":[0.0,1.0],"evs":[0.0,1.39828]},"K4s":{"weight":0.0,"played":[4.0E-4,0.9996],"evs":[0.0,1.49986]},"K5s":{"weight":0.0,"played":[0.0,1.0],"evs":[0.0,1.02838]},"K6s":{"weight":0.0,"played":[0.0,1.0],"evs":[0.0,1.45269]},"K7s":{"weight":0.0,"played":[0.0,1.0],"evs":[0.0,1.71047]},"K8s":{"weight":0.0,"played":[0.0,1.0],"evs":[0.0,1.56191]},"K9s":{"weight":7.0E-4,"played":[1.0E-4,0.9999],"evs":[0.0,1.72827]},"KTs":{"weight":0.5555,"played":[0.0,1.0],"evs":[0.0,2.04497]},"KJs":{"weight":0.0045,"played":[0.0,1.0],"evs":[0.0,2.4595]},"KQs":{"weight":0.01,"played":[0.0,1.0],"evs":[0.0,3.1599]},"KK":{"weight":0.0,"played":[0.0,1.0],"evs":[0.0,7.75844]},"AKo":{"weight":3.0E-4,"played":[0.0,1.0],"evs":[0.0,5.50461]},"A2s":{"weight":4.0E-4,"played":[0.0,1.0],"evs":[0.0,2.58528]},"A3s":{"weight":0.0154,"played":[0.0,1.0],"evs":[0.0,2.65904]},"A4s":{"weight":0.1112,"played":[0.0,1.0],"evs":[0.0,2.607]},"A5s":{"weight":0.309,"played":[0.0,1.0],"evs":[0.0,2.72201]},"A6s":{"weight":0.0369,"played":[1.0E-4,0.9999],"evs":[0.0,2.30736]},"A7s":{"weight":0.0015,"played":[0.0,1.0],"evs":[0.0,2.82634]},"A8s":{"weight":5.0E-4,"played":[0.0,1.0],"evs":[0.0,3.33823]},"A9s":{"weight":2.0E-4,"played":[0.0,1.0],"evs":[0.0,2.92344]},"ATs":{"weight":9.0E-4,"played":[0.0,1.0],"evs":[0.0,3.57827]},"AJs":{"weight":0.0025,"played":[0.0,1.0],"evs":[0.0,4.78022]},"AQs":{"weight":0.0512,"played":[0.0,1.0],"evs":[0.0,5.45759]},"AKs":{"weight":0.124,"played":[0.0,1.0],"evs":[0.0,5.76255]},"AA":{"weight":0.2648,"played":[0.0,1.0],"evs":[0.0,9.55752]}}}