{"player":1,"street":0,"children":2,"sequence":[{"player":0,"type":"R","amount":200000,"street":0},{"player":1,"type":"C","amount":200000,"street":0},{"player":2,"type":"F","amount":0,"street":0},{"player":3,"type":"R","amount":2575000,"street":0},{"player":4,"type":"C","amount":2475000,"street":0},{"player":0,"type":"F","amount":0,"street":0}],"actions":[{"type":"F","amount":0},{"type":"C","amount":375000}],"hands":{"22":{"weight":0.0,"played":[0.0128,0.9872],"evs":[0.0,1.43677]},"32o":{"weight":0.0,"played":[0.998,0.002],"evs":[0.0,-0.27566]},"42o":{"weight":0.0,"played":[0.8649,0.1351],"evs":[0.0,-0.60755]},"52o":{"weight":0.0,"played":[0.0518,0.9482],"evs":[0.0,0.02903]},"62o":{"weight":0.0,"played":[0.9257,0.0743],"evs":[0.0,-0.72664]},"72o":{"weight":0.0,"played":[0.9542,0.0458],"evs":[0.0,-0.4016]},"82o":{"weight":0.0,"played":[0.1326,0.8674],"evs":[0.0,0.14594]},"92o":{"weight":0.0,"played":[0.5397,0.4603],"evs":[0.0,0.06239]},"T2o":{"weight":0.0,"played":[0.9945,0.0055],"evs":[0.0,-0.52959]},"J2o":{"weight":0.0,"played":[0.8375,0.1625],"evs":[0.0,-0.25104]},"Q2o":{"weight":0.0,"played":[0.0533,0.9467],"evs":[0.0,0.58828]},"K2o":{"weight":0.0,"played":[0.0025,0.9975],"evs":[0.0,0.28781]},"A2o":{"weight":0.0,"played":[0.9402,0.0598],"evs":[0.0,-0.0185]},"32s":{"weight":0.0,"played":[0.3992,0.6008],"evs":[0.0,0.21851]},"33":{"weight":0.0,"played":[7.0E-4,0.9993],"evs":[0.0,1.69284]},"43o":{"weight":0.0,"played":[0.0684,0.9316],"evs":[0.0,0.663]},"53o":{"weight":0.0,"played":[0.0017,0.9983],"evs":[0.0,0.24629]},"63o":{"weight":0.0,"played":[6.0E-4,0.9994],"evs":[0.0,0.95706]},"73o":{"weight":0.0,"played":[0.6955,0.3045],"evs":[0.0,-0.29578]},"83o":{"weight":0.0,"played":[0.9871,0.0129],"evs":[0.0,-0.27871]},"93o":{"weight":0.0,"played":[0.9223,0.0777],"evs":[0.0,-0.18203]},"T3o":{"weight":0.0,"played":[0.9832,0.0168],"evs":[0.0,-0.22774]},"J3o":{"weight":0.0,"played":[0.0559,0.9441],"evs":[0.0,-0.01536]},"Q3o":{"weight":0.0,"played":[0.024,0.976],"evs":[0.0,0.48611]},"K3o":{"weight":0.0,"played":[0.4835,0.5165],"evs":[0.0,0.15836]},"A3o":{"weight":0.0,"played":[0.1419,0.8581],"evs":[0.0,0.22027]},"42s":{"weight":0.0,"played":[0.192,0.808],"evs":[0.0,0.7229]},"43s":{"weight":0.0,"played":[1.0E-4,0.9999],"evs":[0.0,1.28185]},"44":{"weight":0.0,"played":[5.0E-4,0.9995],"evs":[0.0,2.67347]},"54o":{"weight":0.0,"played":[2.0E-4,0.9998],"evs":[0.0,0.33927]},"64o":{"weight":0.0,"played":[0.0336,0.9664],"evs":[0.0,0.63319]},"74o":{"weight":0.0,"played":[0.0153,0.9847],"evs":[0.0,0.89294]},"84o":{"weight":0.0,"played":[0.3453,0.6547],"evs":[0.0,0.20229]},"94o":{"weight":0.0,"played":[0.266,0.734],"evs":[0.0,-0.16134]},"T4o":{"weight":0.0,"played":[0.1623,0.8377],"evs":[0.0,0.16097]},"J4o":{"weight":0.0,"played":[0.4261,0.5739],"evs":[0.0,-0.03489]},"Q4o":{"weight":0.0,"played":[0.0219,0.9781],"evs":[0.0,0.61489]},"K4o":{"weight":0.0,"played":[0.0805,0.9195],"evs":[0.0,0.60563]},"A4o":{"weight":0.0,"played":[0.0832,0.9168],"evs":[0.0,0.38774]},"52s":{"weight":0.0,"played":[0.026,0.974],"evs":[0.0,0.31197]},"53s":{"weight":0.0,"played":[4.0E-4,0.9996],"evs":[0.0,0.85279]},"54s":{"weight":0.0,"played":[8.0E-4,0.9992],"evs":[0.0,1.28274]},"55":{"weight":0.001,"played":[0.0,1.0],"evs":[0.0,2.19058]},"65o":{"weight":0.0,"played":[0.0302,0.9698],"evs":[0.0,0.94852]},"75o":{"weight":0.0,"played":[0.0048,0.9952],"evs":[0.0,0.14699]},"85o":{"weight":0.0,"played":[0.0295,0.9705],"evs":[0.0,1.24733]},"95o":{"weight":0.0,"played":[0.3466,0.6534],"evs":[0.0,0.09397]},"T5o":{"weight":0.0,"played":[0.8377,0.1623],"evs":[0.0,-0.58925]},"J5o":{"weight":0.0,"played":[0.9884,0.0116],"evs":[0.0,-0.09088]},"Q5o":{"weight":0.0,"played":[0.1614,0.8386],"evs":[0.0,0.20498]},"K5o":{"weight":0.0,"played":[0.1649,0.8351],"evs":[0.0,0.07495]},"A5o":{"weight":0.0,"played":[0.4596,0.5404],"evs":[0.0,0.15135]},"62s":{"weight":0.0,"played":[0.0253,0.9747],"evs":[0.0,0.70699]},"63s":{"weight":0.0,"played":[0.0723,0.9277],"evs":[0.0,1.5712]},"64s":{"weight":0.0,"played":[0.0062,0.9938],"evs":[0.0,1.43887]},"65s":{"weight":0.0,"played":[0.0024,0.9976],"evs":[0.0,1.86623]},"66":{"weight":0.4056,"played":[0.0,1.0],"evs":[0.0,2.399]},"76o":{"weight":0.0,"played":[0.0071,0.9929],"evs":[0.0,1.13772]},"86o":{"weight":0.0,"played":[2.0E-4,0.9998],"evs":[0.0,0.90903]},"96o":{"weight":0.0,"played":[0.0222,0.9778],"evs":[0.0,0.9456]},"T6o":{"weight":0.0,"played":[0.0069,0.9931],"evs":[0.0,0.34467]},"J6o":{"weight":0.0,"played":[0.1184,0.8816],"evs":[0.0,0.06513]},"Q6o":{"weight":0.0,"played":[0.0967,0.9033],"evs":[0.0,0.91138]},"K6o":{"weight":0.0,"played":[0.0028,0.9972],"evs":[0.0,0.86285]},"A6o":{"weight":0.0,"played":[0.2875,0.7125],"evs":[0.0,-0.07734]},"72s":{"weight":0.0,"played":[4.0E-4,0.9996],"evs":[0.0,0.61537]},"73s":{"weight":0.0,"played":[0.0489,0.9511],"evs":[0.0,0.58118]},"74s":{"weight":0.0,"played":[0.0237,0.9763],"evs":[0.0,1.54202]},"75s":{"weight":0.0,"played":[0.0047,0.9953],"evs":[0.0,2.93581]},"76s":{"weight":0.0,"played":[4.0E-4,0.9996],"evs":[0.0,1.33925]},"77":{"weight":0.2444,"played":[0.0,1.0],"evs":[0.0,1.84944]},"87o":{"weight":0.0,"played":[0.0034,0.9966],"evs":[0.0,0.89393]},"97o":{"weight":0.0,"played":[0.0502,0.9498],"evs":[0.0,0.98534]},"T7o":{"weight":0.0,"played":[0.0403,0.9597],"evs":[0.0,0.30801]},"J7o":{"weight":0.0,"played":[0.1219,0.8781],"evs":[0.0,0.18873]},"Q7o":{"weight":0.0,"played":[0.0047,0.9953],"evs":[0.0,0.33289]},"K7o":{"weight":0.0,"played":[0.0192,0.9808],"evs":[0.0,0.56569]},"A7o":{"weight":0.0,"played":[0.0,1.0],"evs":[0.0,0.09037]},"82s":{"weight":0.0,"played":[0.1902,0.8098],"evs":[0.0,1.79193]},"83s":{"weight":0.0,"played":[4.0E-4,0.9996],"evs":[0.0,0.54581]},"84s":{"weight":0.0,"played":[0.0331,0.9669],"evs":[0.0,0.62735]},"85s":{"weight":0.0,"played":[0.3677,0.6323],"evs":[0.0,1.51908]},"86s":{"weight":0.0,"played":[1.0E-4,0.9999],"evs":[0.0,1.14968]},"87s":{"weight":0.0,"played":[0.0106,0.9894],"evs":[0.0,0.81322]},"88":{"weight":0.0061,"played":[0.0,1.0],"evs":[0.0,2.97625]},"98o":{"weight":0.0,"played":[1.0E-4,0.9999],"evs":[0.0,1.06785]},"T8o":{"weight":0.0,"played":[9.0E-4,0.9991],"evs":[0.0,0.92347]},"J8o":{"weight":0.0,"played":[0.0718,0.9282],"evs":[0.0,0.57736]},"Q8o":{"weight":0.0,"played":[0.0039,0.9961],"evs":[0.0,0.58801]},"K8o":{"weight":0.0,"played":[0.0508,0.9492],"evs":[0.0,0.56193]},"A8o":{"weight":7.0E-4,"played":[0.2399,0.7601],"evs":[0.0,0.29489]},"92s":{"weight":0.0,"played":[0.0308,0.9692],"evs":[0.0,1.05312]},"93s":{"weight":0.0,"played":[0.1318,0.8682],"evs":[0.0,0.1409]},"94s":{"weight":0.0,"played":[0.0297,0.9703],"evs":[0.0,0.86023]},"95s":{"weight":0.0,"played":[0.0061,0.9939],"evs":[0.0,0.57471]},"96s":{"weight":0.0,"played":[9.0E-4,0.9991],"evs":[0.0,1.57166]},"97s":{"weight":0.0,"played":[0.02,0.98],"evs":[0.0,1.82579]},"98s":{"weight":0.0,"played":[0.0502,0.9498],"evs":[0.0,0.30315]},"99":{"weight":4.0E-4,"played":[0.0,1.0],"evs":[0.0,3.01327]},"T9o":{"weight":0.0,"played":[0.0,1.0],"evs":[0.0,1.05018]},"J9o":{"weight":0.0,"played":[0.0283,0.9717],"evs":[0.0,1.24437]},"Q9o":{"weight":0.0,"played":[0.0058,0.9942],"evs":[0.0,0.90002]},"K9o":{"weight":0.0,"played":[0.0,1.0],"evs":[0.0,1.00792]},"A9o":{"weight":0.0,"played":[0.0035,0.9965],"evs":[0.0,0.52678]},"T2s":{"weight":0.0,"played":[0.1375,0.8625],"evs":[0.0,0.42252]},"T3s":{"weight":0.0,"played":[0.0176,0.9824],"evs":[0.0,0.76078]},"T4s":{"weight":0.0,"played":[0.4075,0.5925],"evs":[0.0,0.01623]},"T5s":{"weight":0.0,"played":[2.0E-4,0.9998],"evs":[0.0,0.69707]},"T6s":{"weight":0.0,"played":[0.0036,0.9964],"evs":[0.0,0.77544]},"T7s":{"weight":0.0,"played":[2.0E-4,0.9998],"evs":[0.0,2.05332]},"T8s":{"weight":0.0,"played":[2.0E-4,0.9998],"evs":[0.0,1.58304]},"T9s":{"weight":0.0,"played":[0.0,1.0],"evs":[0.0,1.92123]},"TT":{"weight":0.0101,"played":[0.0,1.0],"evs":[0.0,4.61507]},"JTo":{"weight":0.0,"played":[0.0689,0.9311],"evs":[0.0,0.77451]},"QTo":{"weight":0.0,"played":[0.0,1.0],"evs":[0.0,1.30442]},"KTo":{"weight":1.0E-4,"played":[0.0,1.0],"evs":[0.0,1.20096]},"ATo":{"weight":0.0,"played":[0.0,1.0],"evs":[0.0,1.44181]},"J2s":{"weight":0.0,"played":[0.8551,0.1449],"evs":[0.0,-0.86802]},"J3s":{"weight":0.0,"played":[0.0122,0.9878],"evs":[0.0,0.55441]},"J4s":{"weight":0.0,"played":[0.4242,0.5758],"evs":[0.0,0.18551]},"J5s":{"weight":0.0,"played":[1.0E-4,0.9999],"evs":[0.0,0.83084]},"J6s":{"weight":0.0,"played":[0.0175,0.9825],"evs":[0.0,1.7335]},"J7s":{"weight":0.0,"played":[1.0E-4,0.9999],"evs":[0.0,0.9988]},"J8s":{"weight":0.0,"played":[2.0E-4,0.9998],"evs":[0.0,1.4345]},"J9s":{"weight":0.0,"played":[0.0054,0.9946],"evs":[0.0,0.98765]},"JTs":{"weight":2.0E-4,"played":[0.0034,0.9966],"evs":[0.0,1.92988]},"JJ":{"weight":0.0028,"played":[0.0,1.0],"evs":[0.0,4.01065]},"QJo":{"weight":2.0E-4,"played":[1.0E-4,0.9999],"evs":[0.0,1.82168]},"KJo":{"weight":6.0E-4,"played":[0.0,1.0],"evs":[0.0,1.23617]},"AJo":{"weight":2.0E-4,"played":[0.0,1.0],"evs":[0.0,2.30232]},"Q2s":{"weight":0.0,"played":[0.0389,0.9611],"evs":[0.0,0.73209]},"Q3s":{"weight":0.0,"played":[0.0386,0.9614],"evs":[0.0,0.6078]},"Q4s":{"weight":0.0,"played":[0.0054,0.9946],"evs":[0.0,1.51358]},"Q5s":{"weight":0.0,"played":[2.0E-4,0.9998],"evs":[0.0,0.7112]},"Q6s":{"weight":0.0,"played":[0.0,1.0],"evs":[0.0,1.00863]},"Q7s":{"weight":0.0,"played":[0.005,0.995],"evs":[0.0,1.28038]},"Q8s":{"weight":0.0,"played":[0.0449,0.9551],"evs":[0.0,1.39965]},"Q9s":{"weight":2.0E-4,"played":[0.0,1.0],"evs":[0.0,1.77164]},"QTs":{"weight":0.003,"played":[0.0,1.0],"evs":[0.0,2.95436]},"QJs":{"weight":0.8212,"played":[0.0,1.0],"evs":[0.0,1.80302]},"QQ":{"weight":2.0E-4,"played":[0.0,1.0],"evs":[0.0,6.67876]},"KQo":{"weight":8.0E-4,"played":[0.0,1.0],"evs":[0.0,1.69734]},"AQo":{"weight":0.0017,"played":[4.0E-4,0.9996],"evs":[0.0,3.05752]},"K2s":{"weight":0.0,"played":[0.0014,0.9986],"evs":[0.0,0.53587]},"K3s":{"weight":0.0,"played":[0.0166,0.9834],"evs":[0.0,2.07815]},"K4s":{"weight":0.0,"played":[0.0306,0.9694],"evs":[0.0,0.42951]},"K5s":{"weight":0.0,"played":[2.0E-4,0.9998],"evs":[0.0,1.73699]},"K6s":{"weight":0.0,"played":[0.0158,0.9842],"evs":[0.0,1.69316]},"K7s":{"weight":0.0,"played":[0.0448,0.9552],"evs":[0.0,1.41553]},"K8s":{"weight":0.0,"played":[7.0E-4,0.9993],"evs":[0.0,2.04749]},"K9s":{"weight":7.0E-4,"played":[2.0E-4,0.9998],"evs":[0.0,1.27602]},"KTs":{"weight":0.5555,"played":[1.0E-4,0.9999],"evs":[0.0,1.38272]},"KJs":{"weight":0.0045,"played":[0.011,0.989],"evs":[0.0,2.58752]},"KQs":{"weight":0.01,"played":[0.0,1.0],"evs":[0.0,2.25466]},"KK":{"weight":0.0,"played":[0.0,1.0],"evs":[0.0,7.67605]},"AKo":{"weight":3.0E-4,"played":[0.0,1.0],"evs":[0.0,2.86289]},"A2s":{"weight":4.0E-4,"played":[0.3941,0.6059],"evs":[0.0,-0.53076]},"A3s":{"weight":0.0154,"played":[0.0539,0.9461],"evs":[0.0,0.27654]},"A4s":{"weight":0.1112,"played":[0.112,0.888],"evs":[0.0,0.40463]},"A5s":{"weight":0.309,"played":[0.0,1.0],"evs":[0.0,1.68342]},"A6s":{"weight":0.0369,"played":[0.0,1.0],"evs":[0.0,0.62472]},"A7s":{"weight":0.0015,"played":[0.0031,0.9969],"evs":[0.0,1.66732]},"A8s":{"weight":5.0E-4,"played":[0.0,1.0],"evs":[0.0,1.59849]},"A9s":{"weight":2.0E-4,"played":[0.0,1.0],"evs":[0.0,1.4015]},"ATs":{"weight":9.0E-4,"played":[0.0,1.0],"evs":[0.0,1.03955]},"AJs":{"weight":0.0025,"played":[0.0,1.0],"evs":[0.0,2.83881]},"AQs":{"weight":0.0512,"played":[1.0E-4,0.9999],"evs":[0.0,1.78881]},"AKs":{"weight":0.124,"played":[0.0,1.0],"evs":[0.0,5.59884]},"AA":{"weight":0.2648,"played":[0.0,1.0],"evs":[0.0,9.98184]}}}