{"player":0,"street":0,"children":2,"sequence":[{"player":0,"type":"R","amount":200000,"street":0},{"player":1,"type":"C","amount":200000,"street":0},{"player":2,"type":"C","amount":200000,"street":0},{"player":3,"type":"F","amount":0,"street":0},{"player":4,"type":"R","amount":1295000,"street":0}],"actions":[{"type":"F","amount":0,"node":98},{"type":"C","amount":965000,"node":101}],"hands":{"22":{"weight":0.3426,"played":[0.9195,0.0805],"evs":[0.0,-0.09824]},"32o":{"weight":0.0,"played":[1.0,0.0],"evs":[0.0,-3.62471]},"42o":{"weight":0.0,"played":[1.0,0.0],"evs":[0.0,-2.00725]},"52o":{"weight":0.0,"played":[0.9995,5.0E-4],"evs":[0.0,-2.95796]},"62o":{"weight":0.0,"played":[0.994,0.006],"evs":[0.0,-3.51677]},"72o":{"weight":0.0,"played":[0.9992,8.0E-4],"evs":[0.0,-3.18424]},"82o":{"weight":0.0,"played":[0.9996,4.0E-4],"evs":[0.0,-3.46371]},"92o":{"weight":0.0,"played":[0.9941,0.0059],"evs":[0.0,-3.13674]},"T2o":{"weight":0.0,"played":[0.9859,0.0141],"evs":[0.0,-2.37132]},"J2o":{"weight":0.0,"played":[0.9072,0.0928],"evs":[0.0,-1.91026]},"Q2o":{"weight":0.0,"played":[0.9317,0.0683],"evs":[0.0,-0.92649]},"K2o":{"weight":0.0,"played":[0.9864,0.0136],"evs":[0.0,-3.05554]},"A2o":{"weight":0.0,"played":[0.9677,0.0323],"evs":[0.0,-1.89448]},"32s":{"weight":0.0,"played":[0.5176,0.4824],"evs":[0.0,-1.93159]},"33":{"weight":0.0312,"played":[0.2371,0.7629],"evs":[0.0,0.97753]},"43o":{"weight":0.0,"played":[0.9977,0.0023],"evs":[0.0,-1.45533]},"53o":{"weight":0.0,"played":[0.9935,0.0065],"evs":[0.0,-2.65787]},"63o":{"weight":0.0,"played":[0.9555,0.0445],"evs":[0.0,-3.32232]},"73o":{"weight":0.0,"played":[0.9987,0.0013],"evs":[0.0,-1.99388]},"83o":{"weight":0.0,"played":[0.9975,0.0025],"evs":[0.0,-2.18009]},"93o":{"weight":0.0,"played":[1.0,0.0],"evs":[0.0,-2.89484]},"T3o":{"weight":0.0,"played":[0.993,0.007],"evs":[0.0,-4.09929]},"J3o":{"weight":0.0,"played":[0.9984,0.0016],"evs":[0.0,-1.7252]},"Q3o":{"weight":0.0,"played":[0.8849,0.1151],"evs":[0.0,-2.81589]},"K3o":{"weight":0.0,"played":[0.9977,0.0023],"evs":[0.0,-1.81611]},"A3o":{"weight":0.0,"played":[0.6824,0.3176],"evs":[0.0,-1.52186]},"42s":{"weight":0.0,"played":[0.8536,0.1464],"evs":[0.0,-0.69223]},"43s":{"weight":0.0,"played":[0.958,0.042],"evs":[0.0,-1.72313]},"44":{"weight":0.0,"played":[0.0828,0.9172],"evs":[0.0,0.91099]},"54o":{"weight":0.0,"played":[0.9972,0.0028],"evs":[0.0,-2.06564]},"64o":{"weight":0.0,"played":[0.9855,0.0145],"evs":[0.0,-1.45338]},"74o":{"weight":0.0,"played":[0.9802,0.0198],"evs":[0.0,-2.03381]},"84o":{"weight":0.0,"played":[0.9764,0.0236],"evs":[0.0,-3.0128]},"94o":{"weight":0.0,"played":[0.9601,0.0399],"evs":[0.0,-2.30778]},"T4o":{"weight":0.0,"played":[0.9994,6.0E-4],"evs":[0.0,-1.34565]},"J4o":{"weight":0.0,"played":[0.9268,0.0732],"evs":[0.0,-2.92655]},"Q4o":{"weight":0.0,"played":[0.9884,0.0116],"evs":[0.0,-2.1044]},"K4o":{"weight":0.0,"played":[0.933,0.067],"evs":[0.0,-0.78092]},"A4o":{"weight":0.0917,"played":[0.862,0.138],"evs":[0.0,-1.21179]},"52s":{"weight":0.0,"played":[0.748,0.252],"evs":[0.0,-0.76278]},"53s":{"weight":0.0,"played":[0.8652,0.1348],"evs":[0.0,-0.24525]},"54s":{"weight":0.0,"played":[0.7988,0.2012],"evs":[0.0,-1.95649]},"55":{"weight":0.0,"played":[0.8433,0.1567],"evs":[0.0,-1.46856]},"65o":{"weight":0.0,"played":[0.9889,0.0111],"evs":[0.0,-1.5339]},"75o":{"weight":0.0,"played":[0.979,0.021],"evs":[0.0,-2.35475]},"85o":{"weight":0.0,"played":[0.7205,0.2795],"evs":[0.0,-0.88996]},"95o":{"weight":0.0,"played":[0.9716,0.0284],"evs":[0.0,-2.70572]},"T5o":{"weight":0.0,"played":[0.9992,8.0E-4],"evs":[0.0,-2.98617]},"J5o":{"weight":0.0,"played":[0.9992,8.0E-4],"evs":[0.0,-1.74166]},"Q5o":{"weight":0.0,"played":[0.9674,0.0326],"evs":[0.0,-2.36387]},"K5o":{"weight":0.0,"played":[0.8972,0.1028],"evs":[0.0,-0.8116]},"A5o":{"weight":0.1138,"played":[0.4745,0.5255],"evs":[0.0,0.0708]},"62s":{"weight":0.0,"played":[0.9984,0.0016],"evs":[0.0,-0.84089]},"63s":{"weight":0.0,"played":[0.4568,0.5432],"evs":[0.0,0.91264]},"64s":{"weight":0.0,"played":[0.8297,0.1703],"evs":[0.0,-1.80951]},"65s":{"weight":0.0,"played":[0.4964,0.5036],"evs":[0.0,-0.5047]},"66":{"weight":0.0,"played":[0.0,1.0],"evs":[0.0,1.66524]},"76o":{"weight":0.0,"played":[0.7743,0.2257],"evs":[0.0,-1.19728]},"86o":{"weight":0.0,"played":[0.9776,0.0224],"evs":[0.0,-1.03893]},"96o":{"weight":0.0,"played":[0.9348,0.0652],"evs":[0.0,-1.81723]},"T6o":{"weight":0.0,"played":[0.9988,0.0012],"evs":[0.0,-2.01152]},"J6o":{"weight":0.0,"played":[0.9384,0.0616],"evs":[0.0,-2.07306]},"Q6o":{"weight":0.0,"played":[0.9399,0.0601],"evs":[0.0,-2.00335]},"K6o":{"weight":0.0,"played":[0.9532,0.0468],"evs":[0.0,-2.09948]},"A6o":{"weight":0.3798,"played":[0.9026,0.0974],"evs":[0.0,-1.01229]},"72s":{"weight":0.0,"played":[0.7213,0.2787],"evs":[0.0,-1.36926]},"73s":{"weight":0.0,"played":[0.9738,0.0262],"evs":[0.0,-0.85433]},"74s":{"weight":0.0,"played":[0.1393,0.8607],"evs":[0.0,-0.73368]},"75s":{"weight":0.0,"played":[0.3112,0.6888],"evs":[0.0,0.04958]},"76s":{"weight":0.0,"played":[0.1791,0.8209],"evs":[0.0,-0.96799]},"77":{"weight":0.0,"played":[7.0E-4,0.9993],"evs":[0.0,3.88349]},"87o":{"weight":0.0,"played":[0.892,0.108],"evs":[0.0,-0.68762]},"97o":{"weight":0.0,"played":[0.9364,0.0636],"evs":[0.0,-1.1539]},"T7o":{"weight":0.0,"played":[0.9986,0.0014],"evs":[0.0,-0.59742]},"J7o":{"weight":0.0,"played":[0.9868,0.0132],"evs":[0.0,-2.17743]},"Q7o":{"weight":0.0,"played":[0.9511,0.0489],"evs":[0.0,-1.97808]},"K7o":{"weight":0.0,"played":[0.9294,0.0706],"evs":[0.0,-1.21401]},"A7o":{"weight":0.0749,"played":[0.3815,0.6185],"evs":[0.0,-0.51666]},"82s":{"weight":0.0,"played":[0.9171,0.0829],"evs":[0.0,-3.12163]},"83s":{"weight":0.0,"played":[0.9929,0.0071],"evs":[0.0,-2.19201]},"84s":{"weight":0.0,"played":[0.6412,0.3588],"evs":[0.0,-1.50677]},"85s":{"weight":0.0,"played":[0.2005,0.7995],"evs":[0.0,0.61741]},"86s":{"weight":0.0,"played":[0.4991,0.5009],"evs":[0.0,-0.36731]},"87s":{"weight":0.0,"played":[0.1014,0.8986],"evs":[0.0,0.2258]},"88":{"weight":0.0352,"played":[1.0E-4,0.9999],"evs":[0.0,3.30543]},"98o":{"weight":0.0,"played":[0.3808,0.6192],"evs":[0.0,-0.48489]},"T8o":{"weight":0.0,"played":[0.1544,0.8456],"evs":[0.0,0.90972]},"J8o":{"weight":0.0,"played":[0.2712,0.7288],"evs":[0.0,0.48778]},"Q8o":{"weight":0.0,"played":[0.3109,0.6891],"evs":[0.0,0.13708]},"K8o":{"weight":0.0,"played":[0.4013,0.5987],"evs":[0.0,-0.42705]},"A8o":{"weight":0.0398,"played":[0.2689,0.7311],"evs":[0.0,-0.06633]},"92s":{"weight":0.0,"played":[0.407,0.593],"evs":[0.0,-0.64418]},"93s":{"weight":0.0,"played":[0.759,0.241],"evs":[0.0,-2.818]},"94s":{"weight":0.0,"played":[0.9902,0.0098],"evs":[0.0,-1.98255]},"95s":{"weight":0.0,"played":[0.5099,0.4901],"evs":[0.0,0.17212]},"96s":{"weight":0.0,"played":[0.015,0.985],"evs":[0.0,1.52577]},"97s":{"weight":0.0,"played":[0.5767,0.4233],"evs":[0.0,-0.12647]},"98s":{"weight":0.0184,"played":[0.0133,0.9867],"evs":[0.0,2.01256]},"99":{"weight":0.0633,"played":[0.0,1.0],"evs":[0.0,6.74387]},"T9o":{"weight":0.0,"played":[0.5457,0.4543],"evs":[0.0,0.00497]},"J9o":{"weight":0.0,"played":[0.4911,0.5089],"evs":[0.0,0.55408]},"Q9o":{"weight":0.0,"played":[0.5442,0.4558],"evs":[0.0,-0.09987]},"K9o":{"weight":0.0,"played":[0.6128,0.3872],"evs":[0.0,-0.672]},"A9o":{"weight":0.0497,"played":[0.0221,0.9779],"evs":[0.0,0.91853]},"T2s":{"weight":0.0,"played":[0.4886,0.5114],"evs":[0.0,0.43329]},"T3s":{"weight":0.0,"played":[0.5631,0.4369],"evs":[0.0,1.02835]},"T4s":{"weight":0.0,"played":[0.515,0.485],"evs":[0.0,-1.01947]},"T5s":{"weight":0.0,"played":[0.6945,0.3055],"evs":[0.0,-1.97812]},"T6s":{"weight":0.0,"played":[0.3184,0.6816],"evs":[0.0,0.71709]},"T7s":{"weight":0.0,"played":[0.2904,0.7096],"evs":[0.0,-0.18169]},"T8s":{"weight":0.0012,"played":[0.2385,0.7615],"evs":[0.0,0.71463]},"T9s":{"weight":0.0742,"played":[0.1418,0.8582],"evs":[0.0,2.32161]},"TT":{"weight":0.36,"played":[1.0E-4,0.9999],"evs":[0.0,7.12782]},"JTo":{"weight":0.0543,"played":[0.3628,0.6372],"evs":[0.0,0.88104]},"QTo":{"weight":0.0263,"played":[0.1052,0.8948],"evs":[0.0,2.13808]},"KTo":{"weight":0.3486,"played":[3.0E-4,0.9997],"evs":[0.0,1.63929]},"ATo":{"weight":0.0,"played":[0.0,1.0],"evs":[0.0,3.3842]},"J2s":{"weight":0.0,"played":[0.7901,0.2099],"evs":[0.0,0.17196]},"J3s":{"weight":0.0,"played":[0.9324,0.0676],"evs":[0.0,-1.38369]},"J4s":{"weight":0.0,"played":[0.9641,0.0359],"evs":[0.0,-1.0479]},"J5s":{"weight":0.0,"played":[0.8708,0.1292],"evs":[0.0,-0.94606]},"J6s":{"weight":0.0,"played":[0.6513,0.3487],"evs":[0.0,0.81444]},"J7s":{"weight":0.0,"played":[0.7065,0.2935],"evs":[0.0,-1.97822]},"J8s":{"weight":1.0E-4,"played":[0.0414,0.9586],"evs":[0.0,1.90423]},"J9s":{"weight":0.6265,"played":[3.0E-4,0.9997],"evs":[0.0,0.77241]},"JTs":{"weight":0.0015,"played":[0.0167,0.9833],"evs":[0.0,4.16677]},"JJ":{"weight":0.1825,"played":[0.0,1.0],"evs":[0.0,9.55377]},"QJo":{"weight":0.1907,"played":[0.0291,0.9709],"evs":[0.0,1.742]},"KJo":{"weight":0.0,"played":[0.0306,0.9694],"evs":[0.0,1.03412]},"AJo":{"weight":0.0,"played":[0.0,1.0],"evs":[0.0,5.1496]},"Q2s":{"weight":0.0,"played":[0.2238,0.7762],"evs":[0.0,-0.60976]},"Q3s":{"weight":0.0,"played":[0.6694,0.3306],"evs":[0.0,-0.3694]},"Q4s":{"weight":0.0,"played":[0.7488,0.2512],"evs":[0.0,-0.7757]},"Q5s":{"weight":0.0,"played":[0.8325,0.1675],"evs":[0.0,-1.64958]},"Q6s":{"weight":0.0,"played":[0.8521,0.1479],"evs":[0.0,-1.37329]},"Q7s":{"weight":0.0,"played":[0.0597,0.9403],"evs":[0.0,0.73653]},"Q8s":{"weight":0.0,"played":[0.3497,0.6503],"evs":[0.0,0.92391]},"Q9s":{"weight":0.377,"played":[0.3773,0.6227],"evs":[0.0,-0.92802]},"QTs":{"weight":0.0,"played":[0.3869,0.6131],"evs":[0.0,1.40788]},"QJs":{"weight":0.0,"played":[0.0049,0.9951],"evs":[0.0,0.99735]},"QQ":{"weight":0.0769,"played":[0.0,1.0],"evs":[0.0,10.57324]},"KQo":{"weight":0.0,"played":[1.0E-4,0.9999],"evs":[0.0,3.11564]},"AQo":{"weight":0.0,"played":[0.0,1.0],"evs":[0.0,4.90253]},"K2s":{"weight":0.0,"played":[0.0,1.0],"evs":[0.0,2.75517]},"K3s":{"weight":0.0,"played":[0.9218,0.0782],"evs":[0.0,-1.67061]},"K4s":{"weight":0.0,"played":[0.0022,0.9978],"evs":[0.0,2.48389]},"K5s":{"weight":0.0,"played":[0.037,0.963],"evs":[0.0,0.45599]},"K6s":{"weight":0.0,"played":[0.0022,0.9978],"evs":[0.0,1.35521]},"K7s":{"weight":4.0E-4,"played":[0.4843,0.5157],"evs":[0.0,1.18889]},"K8s":{"weight":0.3865,"played":[0.1412,0.8588],"evs":[0.0,1.58633]},"K9s":{"weight":5.0E-4,"played":[0.372,0.628],"evs":[0.0,-0.2804]},"KTs":{"weight":0.0,"played":[0.1233,0.8767],"evs":[0.0,4.59208]},"KJs":{"weight":1.0E-4,"played":[4.0E-4,0.9996],"evs":[0.0,3.02647]},"KQs":{"weight":0.0,"played":[0.0015,0.9985],"evs":[0.0,2.41856]},"KK":{"weight":0.3616,"played":[1.0E-4,0.9999],"evs":[0.0,14.22524]},"AKo":{"weight":1.0E-4,"played":[0.0,1.0],"evs":[0.0,2.89062]},"A2s":{"weight":0.0,"played":[0.3985,0.6015],"evs":[0.0,0.14416]},"A3s":{"weight":0.0,"played":[0.3695,0.6305],"evs":[0.0,-0.53639]},"A4s":{"weight":0.0,"played":[0.1465,0.8535],"evs":[0.0,2.69668]},"A5s":{"weight":0.0,"played":[0.2711,0.7289],"evs":[0.0,0.35984]},"A6s":{"weight":0.0,"played":[0.5338,0.4662],"evs":[0.0,-0.98997]},"A7s":{"weight":0.0,"played":[0.2245,0.7755],"evs":[0.0,1.30378]},"A8s":{"weight":0.0,"played":[0.0013,0.9987],"evs":[0.0,3.86939]},"A9s":{"weight":0.0,"played":[0.187,0.813],"evs":[0.0,1.295]},"ATs":{"weight":0.0,"played":[0.0019,0.9981],"evs":[0.0,2.98145]},"AJs":{"weight":0.0,"played":[0.0172,0.9828],"evs":[0.0,6.57721]},"AQs":{"weight":2.0E-4,"played":[0.0046,0.9954],"evs":[0.0,6.61981]},"AKs":{"weight":0.0374,"played":[1.0E-4,0.9999],"evs":[0.0,6.98108]},"AA":{"weight":1.0,"played":[0.0,1.0],"evs":[0.0,19.51455]}}}