{"player":5,"street":0,"children":2,"sequence":[{"player":0,"type":"C","amount":3250000,"street":0},{"player":1,"type":"R","amount":31750000,"street":0},{"player":2,"type":"C","amount":31750000,"street":0},{"player":3,"type":"C","amount":31750000,"street":0},{"player":4,"type":"F","amount":0,"street":0}],"actions":[{"type":"F","amount":0},{"type":"C","amount":23750000}],"hands":{"22":{"weight":1.0,"played":[1.0,0.0],"evs":[0.0,-4.05154]},"32o":{"weight":1.0,"played":[1.0,0.0],"evs":[0.0,-4.99119]},"42o":{"weight":1.0,"played":[1.0,0.0],"evs":[0.0,-4.81507]},"52o":{"weight":1.0,"played":[1.0,0.0],"evs":[0.0,-4.8621]},"62o":{"weight":1.0,"played":[1.0,0.0],"evs":[0.0,-5.10584]},"72o":{"weight":1.0,"played":[1.0,0.0],"evs":[0.0,-5.5458]},"82o":{"weight":1.0,"played":[1.0,0.0],"evs":[0.0,-5.14205]},"92o":{"weight":1.0,"played":[1.0,0.0],"evs":[0.0,-5.33771]},"T2o":{"weight":1.0,"played":[1.0,0.0],"evs":[0.0,-5.52609]},"J2o":{"weight":1.0,"played":[1.0,0.0],"evs":[0.0,-5.26343]},"Q2o":{"weight":1.0,"played":[1.0,0.0],"evs":[0.0,-5.40887]},"K2o":{"weight":1.0,"played":[1.0,0.0],"evs":[0.0,-5.02763]},"A2o":{"weight":1.0,"played":[1.0,0.0],"evs":[0.0,-5.09321]},"32s":{"weight":1.0,"played":[1.0,0.0],"evs":[0.0,-4.38995]},"33":{"weight":1.0,"played":[1.0,0.0],"evs":[0.0,-3.57659]},"43o":{"weight":1.0,"played":[1.0,0.0],"evs":[0.0,-4.62934]},"53o":{"weight":1.0,"played":[1.0,0.0],"evs":[0.0,-4.29072]},"63o":{"weight":1.0,"played":[1.0,0.0],"evs":[0.0,-4.81875]},"73o":{"weight":1.0,"played":[1.0,0.0],"evs":[0.0,-4.96904]},"83o":{"weight":1.0,"played":[1.0,0.0],"evs":[0.0,-5.24133]},"93o":{"weight":1.0,"played":[1.0,0.0],"evs":[0.0,-5.17861]},"T3o":{"weight":1.0,"played":[1.0,0.0],"evs":[0.0,-5.43463]},"J3o":{"weight":1.0,"played":[1.0,0.0],"evs":[0.0,-5.21671]},"Q3o":{"weight":1.0,"played":[1.0,0.0],"evs":[0.0,-5.30037]},"K3o":{"weight":1.0,"played":[1.0,0.0],"evs":[0.0,-4.93995]},"A3o":{"weight":1.0,"played":[1.0,0.0],"evs":[0.0,-5.26477]},"42s":{"weight":1.0,"played":[1.0,0.0],"evs":[0.0,-3.96261]},"43s":{"weight":1.0,"played":[1.0,0.0],"evs":[0.0,-3.83712]},"44":{"weight":1.0,"played":[1.0,0.0],"evs":[0.0,-3.60793]},"54o":{"weight":1.0,"played":[1.0,0.0],"evs":[0.0,-4.22043]},"64o":{"weight":1.0,"played":[1.0,0.0],"evs":[0.0,-4.41257]},"74o":{"weight":1.0,"played":[1.0,0.0],"evs":[0.0,-4.71244]},"84o":{"weight":1.0,"played":[1.0,0.0],"evs":[0.0,-4.87284]},"94o":{"weight":1.0,"played":[1.0,0.0],"evs":[0.0,-5.16711]},"T4o":{"weight":1.0,"played":[1.0,0.0],"evs":[0.0,-5.32419]},"J4o":{"weight":1.0,"played":[1.0,0.0],"evs":[0.0,-5.11585]},"Q4o":{"weight":1.0,"played":[1.0,0.0],"evs":[0.0,-5.24524]},"K4o":{"weight":1.0,"played":[1.0,0.0],"evs":[0.0,-5.19047]},"A4o":{"weight":1.0,"played":[1.0,0.0],"evs":[0.0,-4.77439]},"52s":{"weight":1.0,"played":[1.0,0.0],"evs":[0.0,-4.23762]},"53s":{"weight":1.0,"played":[1.0,0.0],"evs":[0.0,-3.7777]},"54s":{"weight":1.0,"played":[1.0,0.0],"evs":[0.0,-3.27716]},"55":{"weight":1.0,"played":[1.0,0.0],"evs":[0.0,-2.87892]},"65o":{"weight":1.0,"played":[1.0,0.0],"evs":[0.0,-4.08248]},"75o":{"weight":1.0,"played":[1.0,0.0],"evs":[0.0,-4.41756]},"85o":{"weight":1.0,"played":[1.0,0.0],"evs":[0.0,-4.66499]},"95o":{"weight":1.0,"played":[1.0,0.0],"evs":[0.0,-4.8386]},"T5o":{"weight":1.0,"played":[1.0,0.0],"evs":[0.0,-5.16641]},"J5o":{"weight":1.0,"played":[1.0,0.0],"evs":[0.0,-5.15664]},"Q5o":{"weight":1.0,"played":[1.0,0.0],"evs":[0.0,-5.19693]},"K5o":{"weight":1.0,"played":[1.0,0.0],"evs":[0.0,-4.83846]},"A5o":{"weight":1.0,"played":[1.0,0.0],"evs":[0.0,-4.8585]},"62s":{"weight":1.0,"played":[1.0,0.0],"evs":[0.0,-3.96871]},"63s":{"weight":1.0,"played":[1.0,0.0],"evs":[0.0,-3.87665]},"64s":{"weight":1.0,"played":[1.0,0.0],"evs":[0.0,-3.41459]},"65s":{"weight":1.0,"played":[1.0,0.0],"evs":[0.0,-2.96023]},"66":{"weight":1.0,"played":[1.0,0.0],"evs":[0.0,-2.61172]},"76o":{"weight":1.0,"played":[1.0,0.0],"evs":[0.0,-3.97892]},"86o":{"weight":1.0,"played":[1.0,0.0],"evs":[0.0,-4.31102]},"96o":{"weight":1.0,"played":[1.0,0.0],"evs":[0.0,-4.55513]},"T6o":{"weight":1.0,"played":[1.0,0.0],"evs":[0.0,-4.88147]},"J6o":{"weight":1.0,"played":[1.0,0.0],"evs":[0.0,-4.96891]},"Q6o":{"weight":1.0,"played":[1.0,0.0],"evs":[0.0,-5.04754]},"K6o":{"weight":1.0,"played":[1.0,0.0],"evs":[0.0,-4.70542]},"A6o":{"weight":1.0,"played":[1.0,0.0],"evs":[0.0,-5.45174]},"72s":{"weight":1.0,"played":[1.0,0.0],"evs":[0.0,-4.66229]},"73s":{"weight":1.0,"played":[1.0,0.0],"evs":[0.0,-4.26512]},"74s":{"weight":1.0,"played":[1.0,0.0],"evs":[0.0,-3.46318]},"75s":{"weight":1.0,"played":[1.0,0.0],"evs":[0.0,-3.39917]},"76s":{"weight":1.0,"played":[1.0,0.0],"evs":[0.0,-2.85616]},"77":{"weight":1.0,"played":[1.0,0.0],"evs":[0.0,-2.32339]},"87o":{"weight":1.0,"played":[1.0,0.0],"evs":[0.0,-4.05997]},"97o":{"weight":1.0,"played":[1.0,0.0],"evs":[0.0,-4.24174]},"T7o":{"weight":1.0,"played":[1.0,0.0],"evs":[0.0,-4.68046]},"J7o":{"weight":1.0,"played":[1.0,0.0],"evs":[0.0,-4.69529]},"Q7o":{"weight":1.0,"played":[1.0,0.0],"evs":[0.0,-5.12023]},"K7o":{"weight":1.0,"played":[1.0,0.0],"evs":[0.0,-4.73695]},"A7o":{"weight":1.0,"played":[1.0,0.0],"evs":[0.0,-5.15368]},"82s":{"weight":1.0,"played":[1.0,0.0],"evs":[0.0,-4.36839]},"83s":{"weight":1.0,"played":[1.0,0.0],"evs":[0.0,-4.17537]},"84s":{"weight":1.0,"played":[1.0,0.0],"evs":[0.0,-4.01857]},"85s":{"weight":1.0,"played":[1.0,0.0],"evs":[0.0,-3.62199]},"86s":{"weight":1.0,"played":[1.0,0.0],"evs":[0.0,-3.34407]},"87s":{"weight":1.0,"played":[1.0,0.0],"evs":[0.0,-3.04581]},"88":{"weight":1.0,"played":[0.9998,2.0E-4],"evs":[0.0,-1.63937]},"98o":{"weight":1.0,"played":[1.0,0.0],"evs":[0.0,-3.98138]},"T8o":{"weight":1.0,"played":[1.0,0.0],"evs":[0.0,-4.23121]},"J8o":{"weight":1.0,"played":[1.0,0.0],"evs":[0.0,-4.32117]},"Q8o":{"weight":1.0,"played":[1.0,0.0],"evs":[0.0,-4.76572]},"K8o":{"weight":1.0,"played":[1.0,0.0],"evs":[0.0,-4.34187]},"A8o":{"weight":1.0,"played":[1.0,0.0],"evs":[0.0,-5.04524]},"92s":{"weight":1.0,"played":[1.0,0.0],"evs":[0.0,-4.41846]},"93s":{"weight":1.0,"played":[1.0,0.0],"evs":[0.0,-4.00346]},"94s":{"weight":1.0,"played":[1.0,0.0],"evs":[0.0,-4.16371]},"95s":{"weight":1.0,"played":[1.0,0.0],"evs":[0.0,-3.94329]},"96s":{"weight":1.0,"played":[1.0,0.0],"evs":[0.0,-3.76641]},"97s":{"weight":1.0,"played":[1.0,0.0],"evs":[0.0,-3.38194]},"98s":{"weight":1.0,"played":[1.0,0.0],"evs":[0.0,-3.11409]},"99":{"weight":1.0,"played":[1.0,0.0],"evs":[0.0,-1.60624]},"T9o":{"weight":1.0,"played":[1.0,0.0],"evs":[0.0,-4.04072]},"J9o":{"weight":1.0,"played":[1.0,0.0],"evs":[0.0,-4.19037]},"Q9o":{"weight":1.0,"played":[1.0,0.0],"evs":[0.0,-4.59067]},"K9o":{"weight":1.0,"played":[1.0,0.0],"evs":[0.0,-4.29693]},"A9o":{"weight":1.0,"played":[1.0,0.0],"evs":[0.0,-4.36177]},"T2s":{"weight":1.0,"played":[1.0,0.0],"evs":[0.0,-4.41066]},"T3s":{"weight":1.0,"played":[0.9999,1.0E-4],"evs":[0.0,-4.43322]},"T4s":{"weight":1.0,"played":[1.0,0.0],"evs":[0.0,-4.36618]},"T5s":{"weight":1.0,"played":[0.9999,1.0E-4],"evs":[0.0,-3.96845]},"T6s":{"weight":1.0,"played":[1.0,0.0],"evs":[0.0,-4.14623]},"T7s":{"weight":1.0,"played":[1.0,0.0],"evs":[0.0,-3.96902]},"T8s":{"weight":1.0,"played":[1.0,0.0],"evs":[0.0,-3.23719]},"T9s":{"weight":1.0,"played":[1.0,0.0],"evs":[0.0,-3.25998]},"TT":{"weight":1.0,"played":[0.9997,3.0E-4],"evs":[0.0,-0.6252]},"JTo":{"weight":1.0,"played":[1.0,0.0],"evs":[0.0,-3.88275]},"QTo":{"weight":1.0,"played":[1.0,0.0],"evs":[0.0,-4.25993]},"KTo":{"weight":1.0,"played":[1.0,0.0],"evs":[0.0,-4.06018]},"ATo":{"weight":1.0,"played":[1.0,0.0],"evs":[0.0,-4.1412]},"J2s":{"weight":1.0,"played":[1.0,0.0],"evs":[0.0,-4.29544]},"J3s":{"weight":1.0,"played":[0.9999,1.0E-4],"evs":[0.0,-4.11463]},"J4s":{"weight":1.0,"played":[1.0,0.0],"evs":[0.0,-4.0357]},"J5s":{"weight":1.0,"played":[1.0,0.0],"evs":[0.0,-4.13886]},"J6s":{"weight":1.0,"played":[1.0,0.0],"evs":[0.0,-3.87626]},"J7s":{"weight":1.0,"played":[0.9999,1.0E-4],"evs":[0.0,-3.74499]},"J8s":{"weight":1.0,"played":[1.0,0.0],"evs":[0.0,-3.53395]},"J9s":{"weight":1.0,"played":[0.9998,2.0E-4],"evs":[0.0,-3.36822]},"JTs":{"weight":1.0,"played":[1.0,0.0],"evs":[0.0,-3.02384]},"JJ":{"weight":1.0,"played":[0.0111,0.9889],"evs":[0.0,0.78065]},"QJo":{"weight":1.0,"played":[1.0,0.0],"evs":[0.0,-3.81698]},"KJo":{"weight":1.0,"played":[1.0,0.0],"evs":[0.0,-3.56928]},"AJo":{"weight":1.0,"played":[1.0,0.0],"evs":[0.0,-3.4297]},"Q2s":{"weight":1.0,"played":[1.0,0.0],"evs":[0.0,-4.27645]},"Q3s":{"weight":1.0,"played":[1.0,0.0],"evs":[0.0,-4.18408]},"Q4s":{"weight":1.0,"played":[1.0,0.0],"evs":[0.0,-4.49069]},"Q5s":{"weight":1.0,"played":[1.0,0.0],"evs":[0.0,-4.02334]},"Q6s":{"weight":1.0,"played":[1.0,0.0],"evs":[0.0,-3.93822]},"Q7s":{"weight":1.0,"played":[1.0,0.0],"evs":[0.0,-4.25511]},"Q8s":{"weight":1.0,"played":[1.0,0.0],"evs":[0.0,-4.11827]},"Q9s":{"weight":1.0,"played":[1.0,0.0],"evs":[0.0,-3.4288]},"QTs":{"weight":1.0,"played":[1.0,0.0],"evs":[0.0,-3.33934]},"QJs":{"weight":1.0,"played":[0.9999,1.0E-4],"evs":[0.0,-2.72408]},"QQ":{"weight":1.0,"played":[1.0E-4,0.9999],"evs":[0.0,1.94376]},"KQo":{"weight":1.0,"played":[0.9999,1.0E-4],"evs":[0.0,-3.40144]},"AQo":{"weight":1.0,"played":[1.0,0.0],"evs":[0.0,-2.81855]},"K2s":{"weight":1.0,"played":[1.0,0.0],"evs":[0.0,-3.9591]},"K3s":{"weight":1.0,"played":[1.0,0.0],"evs":[0.0,-4.3697]},"K4s":{"weight":1.0,"played":[1.0,0.0],"evs":[0.0,-4.10571]},"K5s":{"weight":1.0,"played":[1.0,0.0],"evs":[0.0,-3.61251]},"K6s":{"weight":1.0,"played":[1.0,0.0],"evs":[0.0,-3.72221]},"K7s":{"weight":1.0,"played":[0.9996,4.0E-4],"evs":[0.0,-3.74099]},"K8s":{"weight":1.0,"played":[1.0,0.0],"evs":[0.0,-3.43456]},"K9s":{"weight":1.0,"played":[0.9999,1.0E-4],"evs":[0.0,-3.35546]},"KTs":{"weight":1.0,"played":[1.0,0.0],"evs":[0.0,-3.2958]},"KJs":{"weight":1.0,"played":[1.0,0.0],"evs":[0.0,-2.79515]},"KQs":{"weight":1.0,"played":[0.9996,4.0E-4],"evs":[0.0,-2.30677]},"KK":{"weight":1.0,"played":[0.0,1.0],"evs":[0.0,4.20417]},"AKo":{"weight":1.0,"played":[0.9998,2.0E-4],"evs":[0.0,-1.90645]},"A2s":{"weight":1.0,"played":[0.9998,2.0E-4],"evs":[0.0,-4.07819]},"A3s":{"weight":1.0,"played":[0.9999,1.0E-4],"evs":[0.0,-4.22925]},"A4s":{"weight":1.0,"played":[1.0,0.0],"evs":[0.0,-4.15295]},"A5s":{"weight":1.0,"played":[1.0,0.0],"evs":[0.0,-4.05423]},"A6s":{"weight":1.0,"played":[1.0,0.0],"evs":[0.0,-4.122]},"A7s":{"weight":1.0,"played":[1.0,0.0],"evs":[0.0,-4.08424]},"A8s":{"weight":1.0,"played":[1.0,0.0],"evs":[0.0,-4.20518]},"A9s":{"weight":1.0,"played":[0.9999,1.0E-4],"evs":[0.0,-3.55183]},"ATs":{"weight":1.0,"played":[1.0,0.0],"evs":[0.0,-2.96934]},"AJs":{"weight":1.0,"played":[0.9972,0.0028],"evs":[0.0,-2.20494]},"AQs":{"weight":1.0,"played":[0.9998,2.0E-4],"evs":[0.0,-2.00011]},"AKs":{"weight":1.0,"played":[0.9948,0.0052],"evs":[0.0,-1.01419]},"AA":{"weight":1.0,"played":[0.0,1.0],"evs":[0.0,6.85613]}}}