{"player":2,"street":0,"children":2,"sequence":[{"player":0,"type":"C","amount":3250000,"street":0},{"player":1,"type":"R","amount":31750000,"street":0},{"player":2,"type":"C","amount":31750000,"street":0},{"player":3,"type":"C","amount":31750000,"street":0},{"player":4,"type":"R","amount":53750000,"street":0},{"player":5,"type":"C","amount":23750000,"street":0}],"actions":[{"type":"F","amount":0,"node":111},{"type":"C","amount":3000000,"node":112}],"hands":{"22":{"weight":0.0,"played":[0.7766,0.2234],"evs":[0.0,-0.25436]},"32o":{"weight":0.0,"played":[0.8025,0.1975],"evs":[0.0,-0.07093]},"42o":{"weight":0.0,"played":[0.1962,0.8038],"evs":[0.0,2.49843]},"52o":{"weight":0.0,"played":[0.4542,0.5458],"evs":[0.0,1.04708]},"62o":{"weight":0.0,"played":[0.007,0.993],"evs":[0.0,1.92161]},"72o":{"weight":0.0,"played":[0.0341,0.9659],"evs":[0.0,1.30647]},"82o":{"weight":0.0,"played":[0.0382,0.9618],"evs":[0.0,1.74629]},"92o":{"weight":0.0,"played":[0.2174,0.7826],"evs":[0.0,0.5181]},"T2o":{"weight":0.0,"played":[0.1071,0.8929],"evs":[0.0,2.05021]},"J2o":{"weight":0.0,"played":[0.9818,0.0182],"evs":[0.0,-0.42622]},"Q2o":{"weight":0.0,"played":[0.1903,0.8097],"evs":[0.0,2.7677]},"K2o":{"weight":0.0,"played":[0.0817,0.9183],"evs":[0.0,0.60331]},"A2o":{"weight":0.0,"played":[0.1004,0.8996],"evs":[0.0,2.64614]},"32s":{"weight":0.0,"played":[0.1233,0.8767],"evs":[0.0,1.21169]},"33":{"weight":0.0,"played":[0.0141,0.9859],"evs":[0.0,3.64759]},"43o":{"weight":0.0,"played":[0.2195,0.7805],"evs":[0.0,0.09261]},"53o":{"weight":0.0,"played":[0.0722,0.9278],"evs":[0.0,3.39532]},"63o":{"weight":0.0,"played":[0.0549,0.9451],"evs":[0.0,3.43975]},"73o":{"weight":0.0,"played":[0.074,0.926],"evs":[0.0,1.05877]},"83o":{"weight":0.0,"played":[0.1425,0.8575],"evs":[0.0,1.58164]},"93o":{"weight":0.0,"played":[0.1483,0.8517],"evs":[0.0,1.612]},"T3o":{"weight":0.0,"played":[0.0016,0.9984],"evs":[0.0,1.07423]},"J3o":{"weight":0.0,"played":[0.6588,0.3412],"evs":[0.0,-1.14368]},"Q3o":{"weight":0.0,"played":[0.2282,0.7718],"evs":[0.0,0.68989]},"K3o":{"weight":0.0,"played":[0.0037,0.9963],"evs":[0.0,1.80941]},"A3o":{"weight":0.0,"played":[0.004,0.996],"evs":[0.0,0.50117]},"42s":{"weight":0.0,"played":[0.5363,0.4637],"evs":[0.0,-0.69253]},"43s":{"weight":0.0,"played":[0.1123,0.8877],"evs":[0.0,4.10595]},"44":{"weight":0.0,"played":[0.0014,0.9986],"evs":[0.0,3.44706]},"54o":{"weight":0.0,"played":[0.0086,0.9914],"evs":[0.0,3.58824]},"64o":{"weight":0.0,"played":[0.0386,0.9614],"evs":[0.0,3.43673]},"74o":{"weight":0.0,"played":[0.04,0.96],"evs":[0.0,1.07696]},"84o":{"weight":0.0,"played":[0.5441,0.4559],"evs":[0.0,0.30655]},"94o":{"weight":0.0,"played":[0.0361,0.9639],"evs":[0.0,2.99561]},"T4o":{"weight":0.0,"played":[0.0865,0.9135],"evs":[0.0,3.15377]},"J4o":{"weight":0.0,"played":[0.2364,0.7636],"evs":[0.0,0.92445]},"Q4o":{"weight":0.0,"played":[0.7564,0.2436],"evs":[0.0,-0.78079]},"K4o":{"weight":0.0,"played":[0.7254,0.2746],"evs":[0.0,-0.05526]},"A4o":{"weight":0.0,"played":[0.0197,0.9803],"evs":[0.0,2.21572]},"52s":{"weight":0.0,"played":[0.0519,0.9481],"evs":[0.0,0.99481]},"53s":{"weight":0.0,"played":[0.2182,0.7818],"evs":[0.0,3.05833]},"54s":{"weight":0.0,"played":[0.3365,0.6635],"evs":[0.0,3.59189]},"55":{"weight":0.4306,"played":[0.0,1.0],"evs":[0.0,5.06988]},"65o":{"weight":0.0,"played":[0.0189,0.9811],"evs":[0.0,0.58011]},"75o":{"weight":0.0,"played":[0.1558,0.8442],"evs":[0.0,2.21839]},"85o":{"weight":0.0,"played":[0.1799,0.8201],"evs":[0.0,2.67663]},"95o":{"weight":0.0,"played":[0.4586,0.5414],"evs":[0.0,0.56927]},"T5o":{"weight":0.0,"played":[0.4637,0.5363],"evs":[0.0,1.2985]},"J5o":{"weight":0.0,"played":[0.1942,0.8058],"evs":[0.0,1.52016]},"Q5o":{"weight":0.0,"played":[0.8195,0.1805],"evs":[0.0,-0.09281]},"K5o":{"weight":0.0,"played":[0.0458,0.9542],"evs":[0.0,0.78653]},"A5o":{"weight":0.0,"played":[0.9742,0.0258],"evs":[0.0,-1.0178]},"62s":{"weight":0.0,"played":[0.0137,0.9863],"evs":[0.0,2.65532]},"63s":{"weight":0.0,"played":[0.2967,0.7033],"evs":[0.0,4.36882]},"64s":{"weight":0.0,"played":[0.0249,0.9751],"evs":[0.0,5.33418]},"65s":{"weight":0.0,"played":[0.1638,0.8362],"evs":[0.0,3.59248]},"66":{"weight":0.4343,"played":[7.0E-4,0.9993],"evs":[0.0,2.37651]},"76o":{"weight":0.0,"played":[0.019,0.981],"evs":[0.0,1.61463]},"86o":{"weight":0.0,"played":[7.0E-4,0.9993],"evs":[0.0,1.44176]},"96o":{"weight":0.0,"played":[0.0462,0.9538],"evs":[0.0,1.05574]},"T6o":{"weight":0.0,"played":[0.4768,0.5232],"evs":[0.0,-0.28176]},"J6o":{"weight":0.0,"played":[0.2583,0.7417],"evs":[0.0,-0.26137]},"Q6o":{"weight":0.0,"played":[0.0017,0.9983],"evs":[0.0,1.95654]},"K6o":{"weight":0.0,"played":[0.6873,0.3127],"evs":[0.0,0.12889]},"A6o":{"weight":0.0,"played":[0.1081,0.8919],"evs":[0.0,-0.24483]},"72s":{"weight":0.0,"played":[0.017,0.983],"evs":[0.0,5.09671]},"73s":{"weight":0.0,"played":[0.0109,0.9891],"evs":[0.0,2.21611]},"74s":{"weight":0.0,"played":[0.0117,0.9883],"evs":[0.0,4.42109]},"75s":{"weight":0.0,"played":[0.134,0.866],"evs":[0.0,1.45971]},"76s":{"weight":0.0,"played":[0.0348,0.9652],"evs":[0.0,4.74146]},"77":{"weight":0.431,"played":[0.0084,0.9916],"evs":[0.0,2.31448]},"87o":{"weight":0.0,"played":[0.1659,0.8341],"evs":[0.0,3.34444]},"97o":{"weight":0.0,"played":[0.0247,0.9753],"evs":[0.0,1.18013]},"T7o":{"weight":0.0,"played":[0.0067,0.9933],"evs":[0.0,1.19494]},"J7o":{"weight":0.0,"played":[0.5656,0.4344],"evs":[0.0,-0.56509]},"Q7o":{"weight":0.0,"played":[0.1915,0.8085],"evs":[0.0,0.27942]},"K7o":{"weight":0.0,"played":[0.0082,0.9918],"evs":[0.0,4.35454]},"A7o":{"weight":0.0,"played":[0.5593,0.4407],"evs":[0.0,-1.0754]},"82s":{"weight":0.0,"played":[0.9856,0.0144],"evs":[0.0,-1.52537]},"83s":{"weight":0.0,"played":[0.6677,0.3323],"evs":[0.0,-1.4205]},"84s":{"weight":0.0,"played":[0.1796,0.8204],"evs":[0.0,2.31121]},"85s":{"weight":0.0,"played":[0.2877,0.7123],"evs":[0.0,0.04744]},"86s":{"weight":0.0,"played":[0.1784,0.8216],"evs":[0.0,4.60719]},"87s":{"weight":0.0,"played":[0.0436,0.9564],"evs":[0.0,0.19066]},"88":{"weight":0.107,"played":[8.0E-4,0.9992],"evs":[0.0,7.03605]},"98o":{"weight":0.0,"played":[0.0649,0.9351],"evs":[0.0,2.26486]},"T8o":{"weight":0.0,"played":[0.0076,0.9924],"evs":[0.0,3.79948]},"J8o":{"weight":0.0,"played":[0.0049,0.9951],"evs":[0.0,2.58477]},"Q8o":{"weight":0.0,"played":[0.1043,0.8957],"evs":[0.0,0.06146]},"K8o":{"weight":0.0,"played":[0.3321,0.6679],"evs":[0.0,1.69307]},"A8o":{"weight":0.0,"played":[0.0065,0.9935],"evs":[0.0,0.50941]},"92s":{"weight":0.0,"played":[0.3444,0.6556],"evs":[0.0,3.23754]},"93s":{"weight":0.0,"played":[0.0184,0.9816],"evs":[0.0,5.04777]},"94s":{"weight":0.0,"played":[0.7245,0.2755],"evs":[0.0,-0.23693]},"95s":{"weight":0.0,"played":[0.0439,0.9561],"evs":[0.0,2.30617]},"96s":{"weight":0.0,"played":[0.4189,0.5811],"evs":[0.0,5.39929]},"97s":{"weight":0.0,"played":[0.5421,0.4579],"evs":[0.0,2.65095]},"98s":{"weight":0.0,"played":[0.0,1.0],"evs":[0.0,1.49451]},"99":{"weight":0.4673,"played":[0.0,1.0],"evs":[0.0,3.26665]},"T9o":{"weight":0.0,"played":[0.2073,0.7927],"evs":[0.0,1.24202]},"J9o":{"weight":0.0,"played":[0.1707,0.8293],"evs":[0.0,0.25343]},"Q9o":{"weight":0.0,"played":[0.0,1.0],"evs":[0.0,1.94391]},"K9o":{"weight":0.0,"played":[0.0027,0.9973],"evs":[0.0,1.52749]},"A9o":{"weight":0.3065,"played":[0.0016,0.9984],"evs":[0.0,0.34813]},"T2s":{"weight":0.0,"played":[0.0042,0.9958],"evs":[0.0,2.20184]},"T3s":{"weight":0.0,"played":[0.4473,0.5527],"evs":[0.0,0.44643]},"T4s":{"weight":0.0,"played":[0.2851,0.7149],"evs":[0.0,0.61311]},"T5s":{"weight":0.0,"played":[0.3253,0.6747],"evs":[0.0,0.54284]},"T6s":{"weight":0.0,"played":[0.3127,0.6873],"evs":[0.0,2.90318]},"T7s":{"weight":0.0,"played":[0.1189,0.8811],"evs":[0.0,2.32526]},"T8s":{"weight":0.0,"played":[0.5962,0.4038],"evs":[0.0,-0.97324]},"T9s":{"weight":0.0,"played":[0.0559,0.9441],"evs":[0.0,4.08026]},"TT":{"weight":0.3585,"played":[0.0208,0.9792],"evs":[0.0,3.02079]},"JTo":{"weight":0.0,"played":[0.0065,0.9935],"evs":[0.0,3.43081]},"QTo":{"weight":0.0,"played":[0.1163,0.8837],"evs":[0.0,1.19313]},"KTo":{"weight":0.0,"played":[0.0323,0.9677],"evs":[0.0,1.56588]},"ATo":{"weight":0.2815,"played":[0.0107,0.9893],"evs":[0.0,2.59858]},"J2s":{"weight":0.0,"played":[0.6495,0.3505],"evs":[0.0,-0.99867]},"J3s":{"weight":0.0,"played":[0.0285,0.9715],"evs":[0.0,0.35045]},"J4s":{"weight":0.0,"played":[0.1368,0.8632],"evs":[0.0,0.73573]},"J5s":{"weight":0.0,"played":[0.009,0.991],"evs":[0.0,5.77654]},"J6s":{"weight":0.0,"played":[0.0267,0.9733],"evs":[0.0,1.91853]},"J7s":{"weight":0.0,"played":[0.858,0.142],"evs":[0.0,-1.92909]},"J8s":{"weight":0.0,"played":[0.8374,0.1626],"evs":[0.0,0.6524]},"J9s":{"weight":0.0,"played":[0.2792,0.7208],"evs":[0.0,3.40923]},"JTs":{"weight":0.0,"played":[0.2549,0.7451],"evs":[0.0,4.41979]},"JJ":{"weight":0.6252,"played":[0.0,1.0],"evs":[0.0,2.65071]},"QJo":{"weight":0.0,"played":[0.2,0.8],"evs":[0.0,1.64846]},"KJo":{"weight":0.0,"played":[0.0044,0.9956],"evs":[0.0,1.14256]},"AJo":{"weight":0.3377,"played":[0.0219,0.9781],"evs":[0.0,4.52528]},"Q2s":{"weight":0.0,"played":[0.3162,0.6838],"evs":[0.0,4.31904]},"Q3s":{"weight":0.0,"played":[0.0589,0.9411],"evs":[0.0,4.44235]},"Q4s":{"weight":0.0,"played":[0.2932,0.7068],"evs":[0.0,2.91217]},"Q5s":{"weight":0.0,"played":[0.6084,0.3916],"evs":[0.0,-0.49211]},"Q6s":{"weight":0.0,"played":[0.0025,0.9975],"evs":[0.0,1.53618]},"Q7s":{"weight":0.0,"played":[0.0231,0.9769],"evs":[0.0,3.74647]},"Q8s":{"weight":0.0,"played":[0.5239,0.4761],"evs":[0.0,4.1744]},"Q9s":{"weight":0.0,"played":[0.0,1.0],"evs":[0.0,5.20314]},"QTs":{"weight":0.0,"played":[0.0127,0.9873],"evs":[0.0,4.34281]},"QJs":{"weight":0.0,"played":[0.0073,0.9927],"evs":[0.0,6.60787]},"QQ":{"weight":0.601,"played":[0.0031,0.9969],"evs":[0.0,6.46854]},"KQo":{"weight":0.0025,"played":[0.0,1.0],"evs":[0.0,2.95359]},"AQo":{"weight":0.4245,"played":[0.4287,0.5713],"evs":[0.0,-0.39311]},"K2s":{"weight":0.0,"played":[0.5077,0.4923],"evs":[0.0,-0.76567]},"K3s":{"weight":0.0,"played":[0.564,0.436],"evs":[0.0,-1.2674]},"K4s":{"weight":0.0,"played":[0.6922,0.3078],"evs":[0.0,2.43396]},"K5s":{"weight":0.0,"played":[0.0011,0.9989],"evs":[0.0,2.5987]},"K6s":{"weight":0.0,"played":[0.1324,0.8676],"evs":[0.0,3.13602]},"K7s":{"weight":0.0,"played":[0.0535,0.9465],"evs":[0.0,8.86551]},"K8s":{"weight":0.0,"played":[0.5867,0.4133],"evs":[0.0,0.29082]},"K9s":{"weight":0.0,"played":[0.061,0.939],"evs":[0.0,4.62624]},"KTs":{"weight":0.0,"played":[0.0105,0.9895],"evs":[0.0,2.07849]},"KJs":{"weight":0.4118,"played":[0.4426,0.5574],"evs":[0.0,-0.4381]},"KQs":{"weight":0.8886,"played":[0.0047,0.9953],"evs":[0.0,9.37962]},"KK":{"weight":0.3516,"played":[0.0,1.0],"evs":[0.0,11.87631]},"AKo":{"weight":0.4551,"played":[0.0035,0.9965],"evs":[0.0,2.18731]},"A2s":{"weight":0.0,"played":[0.0546,0.9454],"evs":[0.0,4.07222]},"A3s":{"weight":0.0,"played":[0.1879,0.8121],"evs":[0.0,3.56403]},"A4s":{"weight":0.0,"played":[0.9986,0.0014],"evs":[0.0,-1.87092]},"A5s":{"weight":0.0,"played":[0.158,0.842],"evs":[0.0,0.62102]},"A6s":{"weight":0.0,"played":[0.179,0.821],"evs":[0.0,6.1429]},"A7s":{"weight":0.273,"played":[0.5713,0.4287],"evs":[0.0,0.18594]},"A8s":{"weight":0.5307,"played":[0.7944,0.2056],"evs":[0.0,1.13426]},"A9s":{"weight":0.3716,"played":[0.1931,0.8069],"evs":[0.0,4.00859]},"ATs":{"weight":0.2044,"played":[0.0174,0.9826],"evs":[0.0,7.24065]},"AJs":{"weight":0.528,"played":[0.0219,0.9781],"evs":[0.0,4.03234]},"AQs":{"weight":0.523,"played":[0.0688,0.9312],"evs":[0.0,3.63061]},"AKs":{"weight":0.3246,"played":[0.0527,0.9473],"evs":[0.0,3.23568]},"AA":{"weight":0.0261,"played":[0.0,1.0],"evs":[0.0,16.13854]}}}