{"player":5,"street":0,"children":2,"sequence":[{"player":0,"type":"C","amount":3250000,"street":0},{"player":1,"type":"R","amount":31750000,"street":0},{"player":2,"type":"C","amount":31750000,"street":0},{"player":3,"type":"R","amount":54750000,"street":0},{"player":4,"type":"F","amount":0,"street":0}],"actions":[{"type":"F","amount":0,"node":115},{"type":"C","amount":23750000,"node":116}],"hands":{"22":{"weight":1.0,"played":[1.0,0.0],"evs":[0.0,-3.49166]},"32o":{"weight":1.0,"played":[1.0,0.0],"evs":[0.0,-5.03083]},"42o":{"weight":1.0,"played":[1.0,0.0],"evs":[0.0,-4.8535]},"52o":{"weight":1.0,"played":[1.0,0.0],"evs":[0.0,-4.79371]},"62o":{"weight":1.0,"played":[1.0,0.0],"evs":[0.0,-5.06926]},"72o":{"weight":1.0,"played":[1.0,0.0],"evs":[0.0,-5.3458]},"82o":{"weight":1.0,"played":[1.0,0.0],"evs":[0.0,-5.25053]},"92o":{"weight":1.0,"played":[1.0,0.0],"evs":[0.0,-5.19968]},"T2o":{"weight":1.0,"played":[1.0,0.0],"evs":[0.0,-5.2338]},"J2o":{"weight":1.0,"played":[1.0,0.0],"evs":[0.0,-5.47331]},"Q2o":{"weight":1.0,"played":[1.0,0.0],"evs":[0.0,-5.26128]},"K2o":{"weight":1.0,"played":[1.0,0.0],"evs":[0.0,-5.0926]},"A2o":{"weight":1.0,"played":[1.0,0.0],"evs":[0.0,-5.30002]},"32s":{"weight":1.0,"played":[1.0,0.0],"evs":[0.0,-4.17386]},"33":{"weight":1.0,"played":[1.0,0.0],"evs":[0.0,-3.59829]},"43o":{"weight":1.0,"played":[1.0,0.0],"evs":[0.0,-4.61565]},"53o":{"weight":1.0,"played":[1.0,0.0],"evs":[0.0,-4.36719]},"63o":{"weight":1.0,"played":[1.0,0.0],"evs":[0.0,-4.70875]},"73o":{"weight":1.0,"played":[1.0,0.0],"evs":[0.0,-4.92844]},"83o":{"weight":1.0,"played":[1.0,0.0],"evs":[0.0,-5.26229]},"93o":{"weight":1.0,"played":[1.0,0.0],"evs":[0.0,-5.25479]},"T3o":{"weight":1.0,"played":[1.0,0.0],"evs":[0.0,-5.13599]},"J3o":{"weight":1.0,"played":[1.0,0.0],"evs":[0.0,-5.39578]},"Q3o":{"weight":1.0,"played":[1.0,0.0],"evs":[0.0,-5.03741]},"K3o":{"weight":1.0,"played":[1.0,0.0],"evs":[0.0,-4.97802]},"A3o":{"weight":1.0,"played":[1.0,0.0],"evs":[0.0,-5.18999]},"42s":{"weight":1.0,"played":[1.0,0.0],"evs":[0.0,-3.97098]},"43s":{"weight":1.0,"played":[1.0,0.0],"evs":[0.0,-3.6276]},"44":{"weight":1.0,"played":[0.9999,1.0E-4],"evs":[0.0,-3.37477]},"54o":{"weight":1.0,"played":[1.0,0.0],"evs":[0.0,-4.09278]},"64o":{"weight":1.0,"played":[1.0,0.0],"evs":[0.0,-4.11229]},"74o":{"weight":1.0,"played":[1.0,0.0],"evs":[0.0,-4.78405]},"84o":{"weight":1.0,"played":[1.0,0.0],"evs":[0.0,-4.88735]},"94o":{"weight":1.0,"played":[1.0,0.0],"evs":[0.0,-5.1652]},"T4o":{"weight":1.0,"played":[1.0,0.0],"evs":[0.0,-5.19141]},"J4o":{"weight":1.0,"played":[1.0,0.0],"evs":[0.0,-5.35928]},"Q4o":{"weight":1.0,"played":[1.0,0.0],"evs":[0.0,-5.10597]},"K4o":{"weight":1.0,"played":[1.0,0.0],"evs":[0.0,-4.86955]},"A4o":{"weight":1.0,"played":[1.0,0.0],"evs":[0.0,-4.97594]},"52s":{"weight":1.0,"played":[1.0,0.0],"evs":[0.0,-3.6621]},"53s":{"weight":1.0,"played":[1.0,0.0],"evs":[0.0,-3.57833]},"54s":{"weight":1.0,"played":[1.0,0.0],"evs":[0.0,-3.11597]},"55":{"weight":1.0,"played":[1.0,0.0],"evs":[0.0,-3.05814]},"65o":{"weight":1.0,"played":[1.0,0.0],"evs":[0.0,-3.8999]},"75o":{"weight":1.0,"played":[1.0,0.0],"evs":[0.0,-4.04599]},"85o":{"weight":1.0,"played":[1.0,0.0],"evs":[0.0,-4.49234]},"95o":{"weight":1.0,"played":[1.0,0.0],"evs":[0.0,-4.91766]},"T5o":{"weight":1.0,"played":[1.0,0.0],"evs":[0.0,-5.12263]},"J5o":{"weight":1.0,"played":[1.0,0.0],"evs":[0.0,-5.12659]},"Q5o":{"weight":1.0,"played":[1.0,0.0],"evs":[0.0,-5.02151]},"K5o":{"weight":1.0,"played":[1.0,0.0],"evs":[0.0,-4.81992]},"A5o":{"weight":1.0,"played":[1.0,0.0],"evs":[0.0,-4.92038]},"62s":{"weight":1.0,"played":[1.0,0.0],"evs":[0.0,-3.99109]},"63s":{"weight":1.0,"played":[1.0,0.0],"evs":[0.0,-3.83159]},"64s":{"weight":1.0,"played":[1.0,0.0],"evs":[0.0,-3.24702]},"65s":{"weight":1.0,"played":[0.9999,1.0E-4],"evs":[0.0,-3.29376]},"66":{"weight":1.0,"played":[1.0,0.0],"evs":[0.0,-2.78879]},"76o":{"weight":1.0,"played":[1.0,0.0],"evs":[0.0,-3.73986]},"86o":{"weight":1.0,"played":[1.0,0.0],"evs":[0.0,-4.15898]},"96o":{"weight":1.0,"played":[1.0,0.0],"evs":[0.0,-4.48968]},"T6o":{"weight":1.0,"played":[1.0,0.0],"evs":[0.0,-4.70452]},"J6o":{"weight":1.0,"played":[1.0,0.0],"evs":[0.0,-5.03282]},"Q6o":{"weight":1.0,"played":[1.0,0.0],"evs":[0.0,-4.97689]},"K6o":{"weight":1.0,"played":[1.0,0.0],"evs":[0.0,-4.77675]},"A6o":{"weight":1.0,"played":[1.0,0.0],"evs":[0.0,-5.28828]},"72s":{"weight":1.0,"played":[1.0,0.0],"evs":[0.0,-4.3725]},"73s":{"weight":1.0,"played":[1.0,0.0],"evs":[0.0,-4.15088]},"74s":{"weight":1.0,"played":[1.0,0.0],"evs":[0.0,-3.52142]},"75s":{"weight":1.0,"played":[1.0,0.0],"evs":[0.0,-3.41412]},"76s":{"weight":1.0,"played":[1.0,0.0],"evs":[0.0,-3.2436]},"77":{"weight":1.0,"played":[0.9999,1.0E-4],"evs":[0.0,-2.27229]},"87o":{"weight":1.0,"played":[1.0,0.0],"evs":[0.0,-3.93407]},"97o":{"weight":1.0,"played":[1.0,0.0],"evs":[0.0,-4.13029]},"T7o":{"weight":1.0,"played":[1.0,0.0],"evs":[0.0,-4.45329]},"J7o":{"weight":1.0,"played":[1.0,0.0],"evs":[0.0,-4.89634]},"Q7o":{"weight":1.0,"played":[1.0,0.0],"evs":[0.0,-4.76694]},"K7o":{"weight":1.0,"played":[1.0,0.0],"evs":[0.0,-4.61913]},"A7o":{"weight":1.0,"played":[1.0,0.0],"evs":[0.0,-5.1449]},"82s":{"weight":1.0,"played":[1.0,0.0],"evs":[0.0,-4.13663]},"83s":{"weight":1.0,"played":[1.0,0.0],"evs":[0.0,-4.23437]},"84s":{"weight":1.0,"played":[1.0,0.0],"evs":[0.0,-3.84108]},"85s":{"weight":1.0,"played":[1.0,0.0],"evs":[0.0,-3.41733]},"86s":{"weight":1.0,"played":[1.0,0.0],"evs":[0.0,-3.2195]},"87s":{"weight":1.0,"played":[1.0,0.0],"evs":[0.0,-2.88858]},"88":{"weight":1.0,"played":[1.0,0.0],"evs":[0.0,-2.03005]},"98o":{"weight":1.0,"played":[1.0,0.0],"evs":[0.0,-4.00431]},"T8o":{"weight":1.0,"played":[1.0,0.0],"evs":[0.0,-4.224]},"J8o":{"weight":1.0,"played":[1.0,0.0],"evs":[0.0,-4.56218]},"Q8o":{"weight":1.0,"played":[1.0,0.0],"evs":[0.0,-4.55191]},"K8o":{"weight":1.0,"played":[1.0,0.0],"evs":[0.0,-4.49537]},"A8o":{"weight":1.0,"played":[1.0,0.0],"evs":[0.0,-5.06003]},"92s":{"weight":1.0,"played":[1.0,0.0],"evs":[0.0,-4.56551]},"93s":{"weight":1.0,"played":[1.0,0.0],"evs":[0.0,-4.19104]},"94s":{"weight":1.0,"played":[1.0,0.0],"evs":[0.0,-4.23749]},"95s":{"weight":1.0,"played":[1.0,0.0],"evs":[0.0,-3.8952]},"96s":{"weight":1.0,"played":[1.0,0.0],"evs":[0.0,-3.52667]},"97s":{"weight":1.0,"played":[1.0,0.0],"evs":[0.0,-3.19881]},"98s":{"weight":1.0,"played":[1.0,0.0],"evs":[0.0,-3.30797]},"99":{"weight":1.0,"played":[0.9999,1.0E-4],"evs":[0.0,-1.61126]},"T9o":{"weight":1.0,"played":[1.0,0.0],"evs":[0.0,-3.7936]},"J9o":{"weight":1.0,"played":[1.0,0.0],"evs":[0.0,-4.30497]},"Q9o":{"weight":1.0,"played":[1.0,0.0],"evs":[0.0,-4.37508]},"K9o":{"weight":1.0,"played":[1.0,0.0],"evs":[0.0,-4.35292]},"A9o":{"weight":1.0,"played":[1.0,0.0],"evs":[0.0,-4.79874]},"T2s":{"weight":1.0,"played":[1.0,0.0],"evs":[0.0,-4.01786]},"T3s":{"weight":1.0,"played":[1.0,0.0],"evs":[0.0,-4.32563]},"T4s":{"weight":1.0,"played":[1.0,0.0],"evs":[0.0,-4.13432]},"T5s":{"weight":1.0,"played":[1.0,0.0],"evs":[0.0,-3.91698]},"T6s":{"weight":1.0,"played":[1.0,0.0],"evs":[0.0,-3.833]},"T7s":{"weight":1.0,"played":[1.0,0.0],"evs":[0.0,-3.46612]},"T8s":{"weight":1.0,"played":[1.0,0.0],"evs":[0.0,-3.06322]},"T9s":{"weight":1.0,"played":[1.0,0.0],"evs":[0.0,-3.0039]},"TT":{"weight":1.0,"played":[0.9998,2.0E-4],"evs":[0.0,-0.91849]},"JTo":{"weight":1.0,"played":[1.0,0.0],"evs":[0.0,-3.74583]},"QTo":{"weight":1.0,"played":[1.0,0.0],"evs":[0.0,-3.83944]},"KTo":{"weight":1.0,"played":[1.0,0.0],"evs":[0.0,-3.95874]},"ATo":{"weight":1.0,"played":[1.0,0.0],"evs":[0.0,-4.11732]},"J2s":{"weight":1.0,"played":[1.0,0.0],"evs":[0.0,-4.3492]},"J3s":{"weight":1.0,"played":[1.0,0.0],"evs":[0.0,-4.2458]},"J4s":{"weight":1.0,"played":[1.0,0.0],"evs":[0.0,-4.16555]},"J5s":{"weight":1.0,"played":[1.0,0.0],"evs":[0.0,-4.01684]},"J6s":{"weight":1.0,"played":[1.0,0.0],"evs":[0.0,-4.02003]},"J7s":{"weight":1.0,"played":[1.0,0.0],"evs":[0.0,-3.90231]},"J8s":{"weight":1.0,"played":[1.0,0.0],"evs":[0.0,-3.39923]},"J9s":{"weight":1.0,"played":[1.0,0.0],"evs":[0.0,-3.08602]},"JTs":{"weight":1.0,"played":[1.0,0.0],"evs":[0.0,-2.97873]},"JJ":{"weight":1.0,"played":[0.0188,0.9812],"evs":[0.0,0.47058]},"QJo":{"weight":1.0,"played":[1.0,0.0],"evs":[0.0,-3.86201]},"KJo":{"weight":1.0,"played":[1.0,0.0],"evs":[0.0,-3.88583]},"AJo":{"weight":1.0,"played":[1.0,0.0],"evs":[0.0,-3.92808]},"Q2s":{"weight":1.0,"played":[1.0,0.0],"evs":[0.0,-4.29728]},"Q3s":{"weight":1.0,"played":[1.0,0.0],"evs":[0.0,-4.2074]},"Q4s":{"weight":1.0,"played":[1.0,0.0],"evs":[0.0,-4.11924]},"Q5s":{"weight":1.0,"played":[1.0,0.0],"evs":[0.0,-3.99808]},"Q6s":{"weight":1.0,"played":[1.0,0.0],"evs":[0.0,-3.69324]},"Q7s":{"weight":1.0,"played":[1.0,0.0],"evs":[0.0,-3.86188]},"Q8s":{"weight":1.0,"played":[1.0,0.0],"evs":[0.0,-3.49143]},"Q9s":{"weight":1.0,"played":[1.0,0.0],"evs":[0.0,-3.45119]},"QTs":{"weight":1.0,"played":[1.0,0.0],"evs":[0.0,-2.96816]},"QJs":{"weight":1.0,"played":[0.9998,2.0E-4],"evs":[0.0,-2.85303]},"QQ":{"weight":1.0,"played":[0.0,1.0],"evs":[0.0,2.4789]},"KQo":{"weight":1.0,"played":[1.0,0.0],"evs":[0.0,-3.25089]},"AQo":{"weight":1.0,"played":[1.0,0.0],"evs":[0.0,-2.9485]},"K2s":{"weight":1.0,"played":[1.0,0.0],"evs":[0.0,-4.05951]},"K3s":{"weight":1.0,"played":[1.0,0.0],"evs":[0.0,-3.99073]},"K4s":{"weight":1.0,"played":[1.0,0.0],"evs":[0.0,-3.99869]},"K5s":{"weight":1.0,"played":[1.0,0.0],"evs":[0.0,-3.70379]},"K6s":{"weight":1.0,"played":[1.0,0.0],"evs":[0.0,-3.77403]},"K7s":{"weight":1.0,"played":[1.0,0.0],"evs":[0.0,-3.42295]},"K8s":{"weight":1.0,"played":[0.9999,1.0E-4],"evs":[0.0,-3.53516]},"K9s":{"weight":1.0,"played":[1.0,0.0],"evs":[0.0,-3.47489]},"KTs":{"weight":1.0,"played":[1.0,0.0],"evs":[0.0,-2.65405]},"KJs":{"weight":1.0,"played":[1.0,0.0],"evs":[0.0,-2.97348]},"KQs":{"weight":1.0,"played":[1.0,0.0],"evs":[0.0,-1.94319]},"KK":{"weight":1.0,"played":[0.0,1.0],"evs":[0.0,5.03033]},"AKo":{"weight":1.0,"played":[1.0,0.0],"evs":[0.0,-1.76616]},"A2s":{"weight":1.0,"played":[1.0,0.0],"evs":[0.0,-4.14033]},"A3s":{"weight":1.0,"played":[1.0,0.0],"evs":[0.0,-4.02739]},"A4s":{"weight":1.0,"played":[1.0,0.0],"evs":[0.0,-4.16586]},"A5s":{"weight":1.0,"played":[1.0,0.0],"evs":[0.0,-3.55846]},"A6s":{"weight":1.0,"played":[1.0,0.0],"evs":[0.0,-4.28532]},"A7s":{"weight":1.0,"played":[1.0,0.0],"evs":[0.0,-3.81484]},"A8s":{"weight":1.0,"played":[1.0,0.0],"evs":[0.0,-3.84133]},"A9s":{"weight":1.0,"played":[1.0,0.0],"evs":[0.0,-3.79329]},"ATs":{"weight":1.0,"played":[1.0,0.0],"evs":[0.0,-2.96454]},"AJs":{"weight":1.0,"played":[1.0,0.0],"evs":[0.0,-2.51477]},"AQs":{"weight":1.0,"played":[0.9996,4.0E-4],"evs":[0.0,-2.21157]},"AKs":{"weight":1.0,"played":[0.9611,0.0389],"evs":[0.0,-0.88085]},"AA":{"weight":1.0,"played":[0.0,1.0],"evs":[0.0,7.33593]}}}