{"player":2,"street":0,"children":2,"sequence":[{"player":0,"type":"C","amount":3250000,"street":0},{"player":1,"type":"R","amount":31750000,"street":0},{"player":2,"type":"C","amount":31750000,"street":0},{"player":3,"type":"R","amount":54750000,"street":0},{"player":4,"type":"F","amount":0,"street":0},{"player":5,"type":"C","amount":23750000,"street":0}],"actions":[{"type":"F","amount":0},{"type":"C","amount":3000000}],"hands":{"22":{"weight":0.0,"played":[0.0,1.0],"evs":[0.0,4.46715]},"32o":{"weight":0.0,"played":[0.0,1.0],"evs":[0.0,3.26129]},"42o":{"weight":0.0,"played":[0.0,1.0],"evs":[0.0,3.16963]},"52o":{"weight":0.0,"played":[0.0,1.0],"evs":[0.0,3.36673]},"62o":{"weight":0.0,"played":[0.0,1.0],"evs":[0.0,3.08635]},"72o":{"weight":0.0,"played":[0.0,1.0],"evs":[0.0,2.45186]},"82o":{"weight":0.0,"played":[0.0,1.0],"evs":[0.0,2.60554]},"92o":{"weight":0.0,"played":[0.0,1.0],"evs":[0.0,2.53301]},"T2o":{"weight":0.0,"played":[0.0,1.0],"evs":[0.0,2.8336]},"J2o":{"weight":0.0,"played":[0.0,1.0],"evs":[0.0,1.98218]},"Q2o":{"weight":0.0,"played":[0.0,1.0],"evs":[0.0,2.868]},"K2o":{"weight":0.0,"played":[0.0,1.0],"evs":[0.0,3.03382]},"A2o":{"weight":0.0,"played":[0.0,1.0],"evs":[0.0,3.78443]},"32s":{"weight":0.0,"played":[0.0,1.0],"evs":[0.0,4.147]},"33":{"weight":0.0,"played":[0.0,1.0],"evs":[0.0,4.68941]},"43o":{"weight":0.0,"played":[0.0,1.0],"evs":[0.0,3.82451]},"53o":{"weight":0.0,"played":[0.0,1.0],"evs":[0.0,3.73584]},"63o":{"weight":0.0,"played":[0.0,1.0],"evs":[0.0,3.41555]},"73o":{"weight":0.0,"played":[0.0,1.0],"evs":[0.0,3.34743]},"83o":{"weight":0.0,"played":[0.0,1.0],"evs":[0.0,2.85492]},"93o":{"weight":0.0,"played":[0.0,1.0],"evs":[0.0,3.0887]},"T3o":{"weight":0.0,"played":[0.0,1.0],"evs":[0.0,2.5835]},"J3o":{"weight":0.0,"played":[0.0,1.0],"evs":[0.0,2.31132]},"Q3o":{"weight":0.0,"played":[0.0,1.0],"evs":[0.0,2.38179]},"K3o":{"weight":0.0,"played":[0.0,1.0],"evs":[0.0,3.10928]},"A3o":{"weight":0.0,"played":[0.0,1.0],"evs":[0.0,3.6592]},"42s":{"weight":0.0,"played":[0.0,1.0],"evs":[0.0,4.95455]},"43s":{"weight":0.0,"played":[0.0,1.0],"evs":[0.0,4.20264]},"44":{"weight":0.0,"played":[0.0,1.0],"evs":[0.0,4.77702]},"54o":{"weight":0.0,"played":[0.0,1.0],"evs":[0.0,4.10139]},"64o":{"weight":0.0,"played":[0.0,1.0],"evs":[0.0,3.84728]},"74o":{"weight":0.0,"played":[0.0,1.0],"evs":[0.0,3.54839]},"84o":{"weight":0.0,"played":[0.0,1.0],"evs":[0.0,3.1453]},"94o":{"weight":0.0,"played":[0.0,1.0],"evs":[0.0,2.67391]},"T4o":{"weight":0.0,"played":[0.0,1.0],"evs":[0.0,2.95252]},"J4o":{"weight":0.0,"played":[0.0,1.0],"evs":[0.0,2.51419]},"Q4o":{"weight":0.0,"played":[0.0,1.0],"evs":[0.0,2.69843]},"K4o":{"weight":0.0,"played":[0.0,1.0],"evs":[0.0,3.07734]},"A4o":{"weight":0.0,"played":[0.0,1.0],"evs":[0.0,3.54272]},"52s":{"weight":0.0,"played":[0.0,1.0],"evs":[0.0,4.20877]},"53s":{"weight":0.0,"played":[1.0E-4,0.9999],"evs":[0.0,5.20404]},"54s":{"weight":0.0,"played":[0.0,1.0],"evs":[0.0,5.19046]},"55":{"weight":0.4306,"played":[0.0,1.0],"evs":[0.0,5.13242]},"65o":{"weight":0.0,"played":[0.0,1.0],"evs":[0.0,4.58451]},"75o":{"weight":0.0,"played":[0.0,1.0],"evs":[0.0,4.06286]},"85o":{"weight":0.0,"played":[0.0,1.0],"evs":[0.0,3.32208]},"95o":{"weight":0.0,"played":[0.0,1.0],"evs":[0.0,3.11]},"T5o":{"weight":0.0,"played":[0.0,1.0],"evs":[0.0,2.76427]},"J5o":{"weight":0.0,"played":[0.0,1.0],"evs":[0.0,2.32855]},"Q5o":{"weight":0.0,"played":[0.0,1.0],"evs":[0.0,2.86851]},"K5o":{"weight":0.0,"played":[0.0,1.0],"evs":[0.0,3.40877]},"A5o":{"weight":0.0,"played":[0.0,1.0],"evs":[0.0,4.1993]},"62s":{"weight":0.0,"played":[1.0E-4,0.9999],"evs":[0.0,4.19075]},"63s":{"weight":0.0,"played":[0.0,1.0],"evs":[0.0,4.78493]},"64s":{"weight":0.0,"played":[0.0,1.0],"evs":[0.0,5.12405]},"65s":{"weight":0.0,"played":[0.0,1.0],"evs":[0.0,5.40492]},"66":{"weight":0.4343,"played":[0.0,1.0],"evs":[0.0,5.37796]},"76o":{"weight":0.0,"played":[0.0,1.0],"evs":[0.0,4.4024]},"86o":{"weight":0.0,"played":[0.0,1.0],"evs":[0.0,3.97534]},"96o":{"weight":0.0,"played":[0.0,1.0],"evs":[0.0,3.51416]},"T6o":{"weight":0.0,"played":[0.0,1.0],"evs":[0.0,3.14668]},"J6o":{"weight":0.0,"played":[0.0,1.0],"evs":[0.0,2.32676]},"Q6o":{"weight":0.0,"played":[0.0,1.0],"evs":[0.0,3.15344]},"K6o":{"weight":0.0,"played":[0.0,1.0],"evs":[0.0,3.1065]},"A6o":{"weight":0.0,"played":[0.0,1.0],"evs":[0.0,3.51973]},"72s":{"weight":0.0,"played":[1.0E-4,0.9999],"evs":[0.0,3.42157]},"73s":{"weight":0.0,"played":[0.0,1.0],"evs":[0.0,4.11203]},"74s":{"weight":0.0,"played":[0.0,1.0],"evs":[0.0,4.36207]},"75s":{"weight":0.0,"played":[1.0E-4,0.9999],"evs":[0.0,4.73693]},"76s":{"weight":0.0,"played":[0.0,1.0],"evs":[0.0,5.82607]},"77":{"weight":0.431,"played":[0.0,1.0],"evs":[0.0,5.49333]},"87o":{"weight":0.0,"played":[0.0,1.0],"evs":[0.0,4.3507]},"97o":{"weight":0.0,"played":[0.0,1.0],"evs":[0.0,3.58808]},"T7o":{"weight":0.0,"played":[0.0,1.0],"evs":[0.0,3.70823]},"J7o":{"weight":0.0,"played":[0.0,1.0],"evs":[0.0,2.86113]},"Q7o":{"weight":0.0,"played":[0.0,1.0],"evs":[0.0,3.02612]},"K7o":{"weight":0.0,"played":[0.0,1.0],"evs":[0.0,3.41711]},"A7o":{"weight":0.0,"played":[0.0,1.0],"evs":[0.0,3.32297]},"82s":{"weight":0.0,"played":[0.0,1.0],"evs":[0.0,3.92841]},"83s":{"weight":0.0,"played":[0.0,1.0],"evs":[0.0,3.73243]},"84s":{"weight":0.0,"played":[0.0,1.0],"evs":[0.0,3.98089]},"85s":{"weight":0.0,"played":[0.0,1.0],"evs":[0.0,4.28376]},"86s":{"weight":0.0,"played":[0.0,1.0],"evs":[0.0,5.03114]},"87s":{"weight":0.0,"played":[0.0,1.0],"evs":[0.0,5.23996]},"88":{"weight":0.107,"played":[0.0,1.0],"evs":[0.0,5.62583]},"98o":{"weight":0.0,"played":[0.0,1.0],"evs":[0.0,4.06682]},"T8o":{"weight":0.0,"played":[0.0,1.0],"evs":[0.0,3.74551]},"J8o":{"weight":0.0,"played":[0.0,1.0],"evs":[0.0,3.14519]},"Q8o":{"weight":0.0,"played":[0.0,1.0],"evs":[0.0,2.71946]},"K8o":{"weight":0.0,"played":[0.0,1.0],"evs":[0.0,3.48568]},"A8o":{"weight":0.0,"played":[0.0,1.0],"evs":[0.0,3.46657]},"92s":{"weight":0.0,"played":[0.0,1.0],"evs":[0.0,4.29783]},"93s":{"weight":0.0,"played":[0.0,1.0],"evs":[0.0,3.64806]},"94s":{"weight":0.0,"played":[0.0,1.0],"evs":[0.0,4.52443]},"95s":{"weight":0.0,"played":[0.0,1.0],"evs":[0.0,4.6922]},"96s":{"weight":0.0,"played":[0.0,1.0],"evs":[0.0,4.38805]},"97s":{"weight":0.0,"played":[0.0,1.0],"evs":[0.0,4.39559]},"98s":{"weight":0.0,"played":[0.0,1.0],"evs":[0.0,5.22519]},"99":{"weight":0.4673,"played":[0.0,1.0],"evs":[0.0,5.76718]},"T9o":{"weight":0.0,"played":[0.0,1.0],"evs":[0.0,3.89579]},"J9o":{"weight":0.0,"played":[0.0,1.0],"evs":[0.0,3.24803]},"Q9o":{"weight":0.0,"played":[0.0,1.0],"evs":[0.0,3.27947]},"K9o":{"weight":0.0,"played":[0.0,1.0],"evs":[0.0,3.54229]},"A9o":{"weight":0.3065,"played":[0.0,1.0],"evs":[0.0,3.81303]},"T2s":{"weight":0.0,"played":[0.0,1.0],"evs":[0.0,3.73089]},"T3s":{"weight":0.0,"played":[1.0E-4,0.9999],"evs":[0.0,3.68699]},"T4s":{"weight":0.0,"played":[0.0,1.0],"evs":[0.0,4.25975]},"T5s":{"weight":0.0,"played":[1.0E-4,0.9999],"evs":[0.0,4.30145]},"T6s":{"weight":0.0,"played":[0.0,1.0],"evs":[0.0,4.52007]},"T7s":{"weight":0.0,"played":[0.0,1.0],"evs":[0.0,4.67467]},"T8s":{"weight":0.0,"played":[0.0,1.0],"evs":[0.0,4.69649]},"T9s":{"weight":0.0,"played":[0.0,1.0],"evs":[0.0,5.04551]},"TT":{"weight":0.3585,"played":[0.0,1.0],"evs":[0.0,5.81572]},"JTo":{"weight":0.0,"played":[0.0,1.0],"evs":[0.0,3.6077]},"QTo":{"weight":0.0,"played":[0.0,1.0],"evs":[0.0,3.27326]},"KTo":{"weight":0.0,"played":[0.0,1.0],"evs":[0.0,3.59292]},"ATo":{"weight":0.2815,"played":[0.0,1.0],"evs":[0.0,3.96758]},"J2s":{"weight":0.0,"played":[0.0,1.0],"evs":[0.0,3.38887]},"J3s":{"weight":0.0,"played":[0.0,1.0],"evs":[0.0,3.4438]},"J4s":{"weight":0.0,"played":[0.0,1.0],"evs":[0.0,3.78758]},"J5s":{"weight":0.0,"played":[2.0E-4,0.9998],"evs":[0.0,3.94894]},"J6s":{"weight":0.0,"played":[0.0,1.0],"evs":[0.0,3.59435]},"J7s":{"weight":0.0,"played":[0.0,1.0],"evs":[0.0,3.70242]},"J8s":{"weight":0.0,"played":[0.0,1.0],"evs":[0.0,3.79849]},"J9s":{"weight":0.0,"played":[0.0,1.0],"evs":[0.0,4.47536]},"JTs":{"weight":0.0,"played":[0.0,1.0],"evs":[0.0,4.24049]},"JJ":{"weight":0.6252,"played":[0.0,1.0],"evs":[0.0,6.10884]},"QJo":{"weight":0.0,"played":[0.0,1.0],"evs":[0.0,3.37346]},"KJo":{"weight":0.0,"played":[0.0,1.0],"evs":[0.0,3.12568]},"AJo":{"weight":0.3377,"played":[0.0,1.0],"evs":[0.0,4.18047]},"Q2s":{"weight":0.0,"played":[0.0,1.0],"evs":[0.0,3.88166]},"Q3s":{"weight":0.0,"played":[0.0,1.0],"evs":[0.0,3.81931]},"Q4s":{"weight":0.0,"played":[0.0,1.0],"evs":[0.0,4.25906]},"Q5s":{"weight":0.0,"played":[0.0,1.0],"evs":[0.0,3.55235]},"Q6s":{"weight":0.0,"played":[0.0,1.0],"evs":[0.0,4.74186]},"Q7s":{"weight":0.0,"played":[1.0E-4,0.9999],"evs":[0.0,4.3576]},"Q8s":{"weight":0.0,"played":[0.0,1.0],"evs":[0.0,3.70695]},"Q9s":{"weight":0.0,"played":[0.0,1.0],"evs":[0.0,4.45342]},"QTs":{"weight":0.0,"played":[0.0,1.0],"evs":[0.0,4.12754]},"QJs":{"weight":0.0,"played":[0.0,1.0],"evs":[0.0,3.9747]},"QQ":{"weight":0.601,"played":[0.0,1.0],"evs":[0.0,8.55509]},"KQo":{"weight":0.0025,"played":[0.0,1.0],"evs":[0.0,4.35229]},"AQo":{"weight":0.4245,"played":[0.0,1.0],"evs":[0.0,5.18645]},"K2s":{"weight":0.0,"played":[0.0,1.0],"evs":[0.0,4.41944]},"K3s":{"weight":0.0,"played":[0.0,1.0],"evs":[0.0,4.29844]},"K4s":{"weight":0.0,"played":[0.0,1.0],"evs":[0.0,3.93467]},"K5s":{"weight":0.0,"played":[0.0,1.0],"evs":[0.0,4.62401]},"K6s":{"weight":0.0,"played":[0.0,1.0],"evs":[0.0,4.75883]},"K7s":{"weight":0.0,"played":[0.0,1.0],"evs":[0.0,4.80199]},"K8s":{"weight":0.0,"played":[0.0,1.0],"evs":[0.0,4.68804]},"K9s":{"weight":0.0,"played":[0.0,1.0],"evs":[0.0,4.75464]},"KTs":{"weight":0.0,"played":[0.0,1.0],"evs":[0.0,4.67527]},"KJs":{"weight":0.4118,"played":[0.0,1.0],"evs":[0.0,4.13973]},"KQs":{"weight":0.8886,"played":[0.0,1.0],"evs":[0.0,5.27161]},"KK":{"weight":0.3516,"played":[0.0,1.0],"evs":[0.0,12.13233]},"AKo":{"weight":0.4551,"played":[0.0,1.0],"evs":[0.0,6.19828]},"A2s":{"weight":0.0,"played":[0.0,1.0],"evs":[0.0,4.78318]},"A3s":{"weight":0.0,"played":[0.0,1.0],"evs":[0.0,4.85413]},"A4s":{"weight":0.0,"played":[0.0,1.0],"evs":[0.0,4.62101]},"A5s":{"weight":0.0,"played":[0.0,1.0],"evs":[0.0,5.50802]},"A6s":{"weight":0.0,"played":[0.0,1.0],"evs":[0.0,3.81358]},"A7s":{"weight":0.273,"played":[0.0,1.0],"evs":[0.0,4.86789]},"A8s":{"weight":0.5307,"played":[0.0,1.0],"evs":[0.0,4.59283]},"A9s":{"weight":0.3716,"played":[0.0,1.0],"evs":[0.0,5.11856]},"ATs":{"weight":0.2044,"played":[0.0,1.0],"evs":[0.0,5.58016]},"AJs":{"weight":0.528,"played":[0.0,1.0],"evs":[0.0,4.90131]},"AQs":{"weight":0.523,"played":[0.0,1.0],"evs":[0.0,5.98619]},"AKs":{"weight":0.3246,"played":[0.0,1.0],"evs":[0.0,7.20521]},"AA":{"weight":0.0261,"played":[0.0,1.0],"evs":[0.0,16.89552]}}}