{"player":5,"street":0,"children":2,"sequence":[{"player":0,"type":"C","amount":3250000,"street":0},{"player":1,"type":"R","amount":31750000,"street":0},{"player":2,"type":"C","amount":31750000,"street":0},{"player":3,"type":"R","amount":54750000,"street":0},{"player":4,"type":"C","amount":51250000,"street":0}],"actions":[{"type":"F","amount":0,"node":118},{"type":"C","amount":23750000,"node":119}],"hands":{"22":{"weight":1.0,"played":[1.0,0.0],"evs":[0.0,-6.66471]},"32o":{"weight":1.0,"played":[1.0,0.0],"evs":[0.0,-6.81696]},"42o":{"weight":1.0,"played":[1.0,0.0],"evs":[0.0,-7.45172]},"52o":{"weight":1.0,"played":[0.9999,1.0E-4],"evs":[0.0,-7.00064]},"62o":{"weight":1.0,"played":[1.0,0.0],"evs":[0.0,-8.0731]},"72o":{"weight":1.0,"played":[1.0,0.0],"evs":[0.0,-7.99416]},"82o":{"weight":1.0,"played":[1.0,0.0],"evs":[0.0,-8.16305]},"92o":{"weight":1.0,"played":[1.0,0.0],"evs":[0.0,-8.48118]},"T2o":{"weight":1.0,"played":[1.0,0.0],"evs":[0.0,-8.11476]},"J2o":{"weight":1.0,"played":[1.0,0.0],"evs":[0.0,-8.12718]},"Q2o":{"weight":1.0,"played":[1.0,0.0],"evs":[0.0,-7.84486]},"K2o":{"weight":1.0,"played":[1.0,0.0],"evs":[0.0,-8.34375]},"A2o":{"weight":1.0,"played":[1.0,0.0],"evs":[0.0,-8.03859]},"32s":{"weight":1.0,"played":[0.9999,1.0E-4],"evs":[0.0,-5.86343]},"33":{"weight":1.0,"played":[1.0,0.0],"evs":[0.0,-6.70368]},"43o":{"weight":1.0,"played":[0.9997,3.0E-4],"evs":[0.0,-7.64106]},"53o":{"weight":1.0,"played":[1.0,0.0],"evs":[0.0,-6.86114]},"63o":{"weight":1.0,"played":[1.0,0.0],"evs":[0.0,-7.0064]},"73o":{"weight":1.0,"played":[1.0,0.0],"evs":[0.0,-7.67384]},"83o":{"weight":1.0,"played":[1.0,0.0],"evs":[0.0,-8.09024]},"93o":{"weight":1.0,"played":[1.0,0.0],"evs":[0.0,-7.95162]},"T3o":{"weight":1.0,"played":[1.0,0.0],"evs":[0.0,-8.0565]},"J3o":{"weight":1.0,"played":[1.0,0.0],"evs":[0.0,-8.08029]},"Q3o":{"weight":1.0,"played":[0.9999,1.0E-4],"evs":[0.0,-7.70338]},"K3o":{"weight":1.0,"played":[1.0,0.0],"evs":[0.0,-8.23831]},"A3o":{"weight":1.0,"played":[1.0,0.0],"evs":[0.0,-7.5174]},"42s":{"weight":1.0,"played":[0.9999,1.0E-4],"evs":[0.0,-5.23973]},"43s":{"weight":1.0,"played":[0.9999,1.0E-4],"evs":[0.0,-5.34983]},"44":{"weight":1.0,"played":[0.9999,1.0E-4],"evs":[0.0,-5.56069]},"54o":{"weight":1.0,"played":[0.9999,1.0E-4],"evs":[0.0,-5.93414]},"64o":{"weight":1.0,"played":[1.0,0.0],"evs":[0.0,-6.62301]},"74o":{"weight":1.0,"played":[1.0,0.0],"evs":[0.0,-6.97641]},"84o":{"weight":1.0,"played":[1.0,0.0],"evs":[0.0,-8.09183]},"94o":{"weight":1.0,"played":[1.0,0.0],"evs":[0.0,-8.26278]},"T4o":{"weight":1.0,"played":[1.0,0.0],"evs":[0.0,-8.01894]},"J4o":{"weight":1.0,"played":[1.0,0.0],"evs":[0.0,-7.73133]},"Q4o":{"weight":1.0,"played":[1.0,0.0],"evs":[0.0,-6.73073]},"K4o":{"weight":1.0,"played":[1.0,0.0],"evs":[0.0,-7.38435]},"A4o":{"weight":1.0,"played":[0.9999,1.0E-4],"evs":[0.0,-8.58258]},"52s":{"weight":1.0,"played":[0.9996,4.0E-4],"evs":[0.0,-6.27682]},"53s":{"weight":1.0,"played":[1.0,0.0],"evs":[0.0,-5.99865]},"54s":{"weight":1.0,"played":[0.9999,1.0E-4],"evs":[0.0,-5.16554]},"55":{"weight":1.0,"played":[1.0,0.0],"evs":[0.0,-6.12832]},"65o":{"weight":1.0,"played":[1.0,0.0],"evs":[0.0,-6.38471]},"75o":{"weight":1.0,"played":[1.0,0.0],"evs":[0.0,-7.05706]},"85o":{"weight":1.0,"played":[1.0,0.0],"evs":[0.0,-6.71434]},"95o":{"weight":1.0,"played":[0.9998,2.0E-4],"evs":[0.0,-8.22143]},"T5o":{"weight":1.0,"played":[1.0,0.0],"evs":[0.0,-8.0274]},"J5o":{"weight":1.0,"played":[1.0,0.0],"evs":[0.0,-7.59582]},"Q5o":{"weight":1.0,"played":[1.0,0.0],"evs":[0.0,-7.07295]},"K5o":{"weight":1.0,"played":[0.9999,1.0E-4],"evs":[0.0,-7.47939]},"A5o":{"weight":1.0,"played":[1.0,0.0],"evs":[0.0,-7.47301]},"62s":{"weight":1.0,"played":[0.9994,6.0E-4],"evs":[0.0,-7.7448]},"63s":{"weight":1.0,"played":[1.0,0.0],"evs":[0.0,-6.2029]},"64s":{"weight":1.0,"played":[0.9999,1.0E-4],"evs":[0.0,-5.97866]},"65s":{"weight":1.0,"played":[1.0,0.0],"evs":[0.0,-6.2994]},"66":{"weight":1.0,"played":[0.9999,1.0E-4],"evs":[0.0,-6.62679]},"76o":{"weight":1.0,"played":[1.0,0.0],"evs":[0.0,-6.57266]},"86o":{"weight":1.0,"played":[0.9999,1.0E-4],"evs":[0.0,-6.67032]},"96o":{"weight":1.0,"played":[0.9999,1.0E-4],"evs":[0.0,-7.23597]},"T6o":{"weight":1.0,"played":[0.9999,1.0E-4],"evs":[0.0,-7.89075]},"J6o":{"weight":1.0,"played":[1.0,0.0],"evs":[0.0,-8.06921]},"Q6o":{"weight":1.0,"played":[0.9999,1.0E-4],"evs":[0.0,-8.07102]},"K6o":{"weight":1.0,"played":[1.0,0.0],"evs":[0.0,-7.61837]},"A6o":{"weight":1.0,"played":[1.0,0.0],"evs":[0.0,-7.04626]},"72s":{"weight":1.0,"played":[1.0,0.0],"evs":[0.0,-6.42745]},"73s":{"weight":1.0,"played":[1.0,0.0],"evs":[0.0,-7.07642]},"74s":{"weight":1.0,"played":[1.0,0.0],"evs":[0.0,-6.53677]},"75s":{"weight":1.0,"played":[1.0,0.0],"evs":[0.0,-7.06621]},"76s":{"weight":1.0,"played":[0.9993,7.0E-4],"evs":[0.0,-6.23859]},"77":{"weight":1.0,"played":[0.9999,1.0E-4],"evs":[0.0,-6.7527]},"87o":{"weight":1.0,"played":[1.0,0.0],"evs":[0.0,-7.15078]},"97o":{"weight":1.0,"played":[1.0,0.0],"evs":[0.0,-7.7264]},"T7o":{"weight":1.0,"played":[1.0,0.0],"evs":[0.0,-7.54674]},"J7o":{"weight":1.0,"played":[1.0,0.0],"evs":[0.0,-8.18269]},"Q7o":{"weight":1.0,"played":[1.0,0.0],"evs":[0.0,-7.84403]},"K7o":{"weight":1.0,"played":[0.9999,1.0E-4],"evs":[0.0,-7.62313]},"A7o":{"weight":1.0,"played":[0.9994,6.0E-4],"evs":[0.0,-8.01617]},"82s":{"weight":1.0,"played":[1.0,0.0],"evs":[0.0,-6.70622]},"83s":{"weight":1.0,"played":[1.0,0.0],"evs":[0.0,-6.73529]},"84s":{"weight":1.0,"played":[1.0,0.0],"evs":[0.0,-6.00516]},"85s":{"weight":1.0,"played":[0.9996,4.0E-4],"evs":[0.0,-6.19995]},"86s":{"weight":1.0,"played":[0.9999,1.0E-4],"evs":[0.0,-5.94794]},"87s":{"weight":1.0,"played":[0.9995,5.0E-4],"evs":[0.0,-4.4588]},"88":{"weight":1.0,"played":[1.0,0.0],"evs":[0.0,-5.63576]},"98o":{"weight":1.0,"played":[1.0,0.0],"evs":[0.0,-6.86045]},"T8o":{"weight":1.0,"played":[0.9999,1.0E-4],"evs":[0.0,-7.50956]},"J8o":{"weight":1.0,"played":[1.0,0.0],"evs":[0.0,-7.24762]},"Q8o":{"weight":1.0,"played":[1.0,0.0],"evs":[0.0,-7.75297]},"K8o":{"weight":1.0,"played":[1.0,0.0],"evs":[0.0,-7.86454]},"A8o":{"weight":1.0,"played":[1.0,0.0],"evs":[0.0,-8.01616]},"92s":{"weight":1.0,"played":[0.9989,0.0011],"evs":[0.0,-6.46167]},"93s":{"weight":1.0,"played":[0.9996,4.0E-4],"evs":[0.0,-6.81294]},"94s":{"weight":1.0,"played":[0.9988,0.0012],"evs":[0.0,-6.83102]},"95s":{"weight":1.0,"played":[1.0,0.0],"evs":[0.0,-7.04782]},"96s":{"weight":1.0,"played":[0.9989,0.0011],"evs":[0.0,-7.26468]},"97s":{"weight":1.0,"played":[0.9991,9.0E-4],"evs":[0.0,-5.72939]},"98s":{"weight":1.0,"played":[0.9999,1.0E-4],"evs":[0.0,-7.08769]},"99":{"weight":1.0,"played":[1.0,0.0],"evs":[0.0,-5.29192]},"T9o":{"weight":1.0,"played":[1.0,0.0],"evs":[0.0,-6.92621]},"J9o":{"weight":1.0,"played":[1.0,0.0],"evs":[0.0,-7.45412]},"Q9o":{"weight":1.0,"played":[1.0,0.0],"evs":[0.0,-7.23945]},"K9o":{"weight":1.0,"played":[1.0,0.0],"evs":[0.0,-7.06486]},"A9o":{"weight":1.0,"played":[0.9999,1.0E-4],"evs":[0.0,-8.13059]},"T2s":{"weight":1.0,"played":[1.0,0.0],"evs":[0.0,-6.07382]},"T3s":{"weight":1.0,"played":[0.9998,2.0E-4],"evs":[0.0,-7.49987]},"T4s":{"weight":1.0,"played":[1.0,0.0],"evs":[0.0,-7.15037]},"T5s":{"weight":1.0,"played":[0.9997,3.0E-4],"evs":[0.0,-7.35512]},"T6s":{"weight":1.0,"played":[1.0,0.0],"evs":[0.0,-6.93034]},"T7s":{"weight":1.0,"played":[1.0,0.0],"evs":[0.0,-6.42668]},"T8s":{"weight":1.0,"played":[0.9995,5.0E-4],"evs":[0.0,-5.95963]},"T9s":{"weight":1.0,"played":[1.0,0.0],"evs":[0.0,-5.86148]},"TT":{"weight":1.0,"played":[0.9988,0.0012],"evs":[0.0,-4.68955]},"JTo":{"weight":1.0,"played":[1.0,0.0],"evs":[0.0,-7.32448]},"QTo":{"weight":1.0,"played":[1.0,0.0],"evs":[0.0,-6.97571]},"KTo":{"weight":1.0,"played":[1.0,0.0],"evs":[0.0,-7.06378]},"ATo":{"weight":1.0,"played":[0.9998,2.0E-4],"evs":[0.0,-7.78309]},"J2s":{"weight":1.0,"played":[1.0,0.0],"evs":[0.0,-6.64771]},"J3s":{"weight":1.0,"played":[1.0,0.0],"evs":[0.0,-6.91673]},"J4s":{"weight":1.0,"played":[0.9998,2.0E-4],"evs":[0.0,-6.19526]},"J5s":{"weight":1.0,"played":[1.0,0.0],"evs":[0.0,-6.99055]},"J6s":{"weight":1.0,"played":[0.9997,3.0E-4],"evs":[0.0,-7.48315]},"J7s":{"weight":1.0,"played":[0.9999,1.0E-4],"evs":[0.0,-7.23148]},"J8s":{"weight":1.0,"played":[1.0,0.0],"evs":[0.0,-5.53287]},"J9s":{"weight":1.0,"played":[0.9983,0.0017],"evs":[0.0,-6.79955]},"JTs":{"weight":1.0,"played":[0.9998,2.0E-4],"evs":[0.0,-5.26677]},"JJ":{"weight":1.0,"played":[0.9908,0.0092],"evs":[0.0,-4.4542]},"QJo":{"weight":1.0,"played":[1.0,0.0],"evs":[0.0,-6.60356]},"KJo":{"weight":1.0,"played":[0.9982,0.0018],"evs":[0.0,-6.59512]},"AJo":{"weight":1.0,"played":[1.0,0.0],"evs":[0.0,-6.86302]},"Q2s":{"weight":1.0,"played":[0.9997,3.0E-4],"evs":[0.0,-7.46079]},"Q3s":{"weight":1.0,"played":[0.9997,3.0E-4],"evs":[0.0,-6.63839]},"Q4s":{"weight":1.0,"played":[0.9958,0.0042],"evs":[0.0,-7.66513]},"Q5s":{"weight":1.0,"played":[1.0,0.0],"evs":[0.0,-6.03082]},"Q6s":{"weight":1.0,"played":[1.0,0.0],"evs":[0.0,-6.77002]},"Q7s":{"weight":1.0,"played":[1.0,0.0],"evs":[0.0,-6.30147]},"Q8s":{"weight":1.0,"played":[0.9997,3.0E-4],"evs":[0.0,-6.3759]},"Q9s":{"weight":1.0,"played":[0.9998,2.0E-4],"evs":[0.0,-6.12083]},"QTs":{"weight":1.0,"played":[1.0,0.0],"evs":[0.0,-6.70074]},"QJs":{"weight":1.0,"played":[0.9952,0.0048],"evs":[0.0,-6.26927]},"QQ":{"weight":1.0,"played":[0.9943,0.0057],"evs":[0.0,-0.68224]},"KQo":{"weight":1.0,"played":[0.9998,2.0E-4],"evs":[0.0,-7.16719]},"AQo":{"weight":1.0,"played":[1.0,0.0],"evs":[0.0,-7.46712]},"K2s":{"weight":1.0,"played":[0.9999,1.0E-4],"evs":[0.0,-7.50222]},"K3s":{"weight":1.0,"played":[1.0,0.0],"evs":[0.0,-6.86983]},"K4s":{"weight":1.0,"played":[0.9999,1.0E-4],"evs":[0.0,-7.06847]},"K5s":{"weight":1.0,"played":[0.9999,1.0E-4],"evs":[0.0,-7.44678]},"K6s":{"weight":1.0,"played":[1.0,0.0],"evs":[0.0,-6.9713]},"K7s":{"weight":1.0,"played":[1.0,0.0],"evs":[0.0,-4.93075]},"K8s":{"weight":1.0,"played":[0.9989,0.0011],"evs":[0.0,-7.31243]},"K9s":{"weight":1.0,"played":[0.9979,0.0021],"evs":[0.0,-7.46047]},"KTs":{"weight":1.0,"played":[0.9993,7.0E-4],"evs":[0.0,-6.52709]},"KJs":{"weight":1.0,"played":[0.9994,6.0E-4],"evs":[0.0,-6.06367]},"KQs":{"weight":1.0,"played":[1.0,0.0],"evs":[0.0,-5.12915]},"KK":{"weight":1.0,"played":[0.3844,0.6156],"evs":[0.0,1.60631]},"AKo":{"weight":1.0,"played":[1.0,0.0],"evs":[0.0,-4.4399]},"A2s":{"weight":1.0,"played":[1.0,0.0],"evs":[0.0,-7.0664]},"A3s":{"weight":1.0,"played":[1.0,0.0],"evs":[0.0,-6.92122]},"A4s":{"weight":1.0,"played":[0.9999,1.0E-4],"evs":[0.0,-6.22878]},"A5s":{"weight":1.0,"played":[1.0,0.0],"evs":[0.0,-7.72111]},"A6s":{"weight":1.0,"played":[0.9999,1.0E-4],"evs":[0.0,-7.79134]},"A7s":{"weight":1.0,"played":[0.9997,3.0E-4],"evs":[0.0,-6.59817]},"A8s":{"weight":1.0,"played":[0.9985,0.0015],"evs":[0.0,-7.83602]},"A9s":{"weight":1.0,"played":[1.0,0.0],"evs":[0.0,-7.65994]},"ATs":{"weight":1.0,"played":[1.0,0.0],"evs":[0.0,-7.22555]},"AJs":{"weight":1.0,"played":[0.9992,8.0E-4],"evs":[0.0,-5.54627]},"AQs":{"weight":1.0,"played":[0.9962,0.0038],"evs":[0.0,-4.54625]},"AKs":{"weight":1.0,"played":[0.9995,5.0E-4],"evs":[0.0,-4.34836]},"AA":{"weight":1.0,"played":[0.0058,0.9942],"evs":[0.0,2.63312]}}}