{"player":5,"street":0,"children":2,"sequence":[{"player":0,"type":"F","amount":0,"street":0},{"player":1,"type":"F","amount":0,"street":0},{"player":2,"type":"R","amount":34750000,"street":0},{"player":3,"type":"F","amount":0,"street":0},{"player":4,"type":"C","amount":32250000,"street":0}],"actions":[{"type":"F","amount":0},{"type":"C","amount":23750000}],"hands":{"22":{"weight":1.0,"played":[1.0,0.0],"evs":[0.0,-3.72057]},"32o":{"weight":1.0,"played":[1.0,0.0],"evs":[0.0,-5.53811]},"42o":{"weight":1.0,"played":[1.0,0.0],"evs":[0.0,-5.36831]},"52o":{"weight":1.0,"played":[1.0,0.0],"evs":[0.0,-5.22213]},"62o":{"weight":1.0,"played":[1.0,0.0],"evs":[0.0,-5.32666]},"72o":{"weight":1.0,"played":[1.0,0.0],"evs":[0.0,-5.56804]},"82o":{"weight":1.0,"played":[1.0,0.0],"evs":[0.0,-5.39773]},"92o":{"weight":1.0,"played":[1.0,0.0],"evs":[0.0,-5.33867]},"T2o":{"weight":1.0,"played":[1.0,0.0],"evs":[0.0,-5.31738]},"J2o":{"weight":1.0,"played":[1.0,0.0],"evs":[0.0,-5.22949]},"Q2o":{"weight":1.0,"played":[1.0,0.0],"evs":[0.0,-5.02166]},"K2o":{"weight":1.0,"played":[1.0,0.0],"evs":[0.0,-4.85476]},"A2o":{"weight":1.0,"played":[1.0,0.0],"evs":[0.0,-4.81742]},"32s":{"weight":1.0,"played":[1.0,0.0],"evs":[0.0,-4.66723]},"33":{"weight":1.0,"played":[1.0,0.0],"evs":[0.0,-3.42417]},"43o":{"weight":1.0,"played":[1.0,0.0],"evs":[0.0,-5.05613]},"53o":{"weight":1.0,"played":[1.0,0.0],"evs":[0.0,-4.87442]},"63o":{"weight":1.0,"played":[1.0,0.0],"evs":[0.0,-4.99415]},"73o":{"weight":1.0,"played":[1.0,0.0],"evs":[0.0,-5.22427]},"83o":{"weight":1.0,"played":[1.0,0.0],"evs":[0.0,-5.39911]},"93o":{"weight":1.0,"played":[1.0,0.0],"evs":[0.0,-5.27917]},"T3o":{"weight":1.0,"played":[1.0,0.0],"evs":[0.0,-5.23242]},"J3o":{"weight":1.0,"played":[1.0,0.0],"evs":[0.0,-5.18284]},"Q3o":{"weight":1.0,"played":[1.0,0.0],"evs":[0.0,-4.94739]},"K3o":{"weight":1.0,"played":[1.0,0.0],"evs":[0.0,-4.78283]},"A3o":{"weight":1.0,"played":[1.0,0.0],"evs":[0.0,-4.70424]},"42s":{"weight":1.0,"played":[1.0,0.0],"evs":[0.0,-4.51384]},"43s":{"weight":1.0,"played":[1.0,0.0],"evs":[0.0,-4.24386]},"44":{"weight":1.0,"played":[1.0,0.0],"evs":[0.0,-3.03182]},"54o":{"weight":1.0,"played":[1.0,0.0],"evs":[0.0,-4.50026]},"64o":{"weight":1.0,"played":[1.0,0.0],"evs":[0.0,-4.61548]},"74o":{"weight":1.0,"played":[1.0,0.0],"evs":[0.0,-4.88401]},"84o":{"weight":1.0,"played":[1.0,0.0],"evs":[0.0,-5.03256]},"94o":{"weight":1.0,"played":[1.0,0.0],"evs":[0.0,-5.23482]},"T4o":{"weight":1.0,"played":[1.0,0.0],"evs":[0.0,-5.12161]},"J4o":{"weight":1.0,"played":[1.0,0.0],"evs":[0.0,-5.04883]},"Q4o":{"weight":1.0,"played":[1.0,0.0],"evs":[0.0,-4.81241]},"K4o":{"weight":1.0,"played":[1.0,0.0],"evs":[0.0,-4.61512]},"A4o":{"weight":1.0,"played":[1.0,0.0],"evs":[0.0,-4.54595]},"52s":{"weight":1.0,"played":[1.0,0.0],"evs":[0.0,-4.39462]},"53s":{"weight":1.0,"played":[1.0,0.0],"evs":[0.0,-4.04033]},"54s":{"weight":1.0,"played":[1.0,0.0],"evs":[0.0,-3.69163]},"55":{"weight":1.0,"played":[1.0,0.0],"evs":[0.0,-2.65163]},"65o":{"weight":1.0,"played":[1.0,0.0],"evs":[0.0,-4.27609]},"75o":{"weight":1.0,"played":[1.0,0.0],"evs":[0.0,-4.45503]},"85o":{"weight":1.0,"played":[1.0,0.0],"evs":[0.0,-4.59177]},"95o":{"weight":1.0,"played":[1.0,0.0],"evs":[0.0,-4.79232]},"T5o":{"weight":1.0,"played":[1.0,0.0],"evs":[0.0,-4.9929]},"J5o":{"weight":1.0,"played":[1.0,0.0],"evs":[0.0,-4.87709]},"Q5o":{"weight":1.0,"played":[1.0,0.0],"evs":[0.0,-4.64488]},"K5o":{"weight":1.0,"played":[1.0,0.0],"evs":[0.0,-4.45786]},"A5o":{"weight":1.0,"played":[1.0,0.0],"evs":[0.0,-4.35642]},"62s":{"weight":1.0,"played":[1.0,0.0],"evs":[0.0,-4.48734]},"63s":{"weight":1.0,"played":[1.0,0.0],"evs":[0.0,-4.16236]},"64s":{"weight":1.0,"played":[1.0,0.0],"evs":[0.0,-3.84889]},"65s":{"weight":1.0,"played":[1.0,0.0],"evs":[0.0,-3.46383]},"66":{"weight":1.0,"played":[1.0,0.0],"evs":[0.0,-2.13823]},"76o":{"weight":1.0,"played":[1.0,0.0],"evs":[0.0,-4.11406]},"86o":{"weight":1.0,"played":[1.0,0.0],"evs":[0.0,-4.21873]},"96o":{"weight":1.0,"played":[1.0,0.0],"evs":[0.0,-4.36121]},"T6o":{"weight":1.0,"played":[1.0,0.0],"evs":[0.0,-4.58408]},"J6o":{"weight":1.0,"played":[1.0,0.0],"evs":[0.0,-4.72523]},"Q6o":{"weight":1.0,"played":[1.0,0.0],"evs":[0.0,-4.44164]},"K6o":{"weight":1.0,"played":[1.0,0.0],"evs":[0.0,-4.26393]},"A6o":{"weight":1.0,"played":[1.0,0.0],"evs":[0.0,-4.35973]},"72s":{"weight":1.0,"played":[1.0,0.0],"evs":[0.0,-4.68729]},"73s":{"weight":1.0,"played":[1.0,0.0],"evs":[0.0,-4.42439]},"74s":{"weight":1.0,"played":[1.0,0.0],"evs":[0.0,-4.01538]},"75s":{"weight":1.0,"played":[1.0,0.0],"evs":[0.0,-3.6976]},"76s":{"weight":1.0,"played":[1.0,0.0],"evs":[0.0,-3.35882]},"77":{"weight":1.0,"played":[1.0,0.0],"evs":[0.0,-1.75902]},"87o":{"weight":1.0,"played":[1.0,0.0],"evs":[0.0,-4.01837]},"97o":{"weight":1.0,"played":[1.0,0.0],"evs":[0.0,-4.18004]},"T7o":{"weight":1.0,"played":[1.0,0.0],"evs":[0.0,-4.30024]},"J7o":{"weight":1.0,"played":[1.0,0.0],"evs":[0.0,-4.5033]},"Q7o":{"weight":1.0,"played":[1.0,0.0],"evs":[0.0,-4.4989]},"K7o":{"weight":1.0,"played":[1.0,0.0],"evs":[0.0,-4.27377]},"A7o":{"weight":1.0,"played":[1.0,0.0],"evs":[0.0,-4.11573]},"82s":{"weight":1.0,"played":[1.0,0.0],"evs":[0.0,-4.5523]},"83s":{"weight":1.0,"played":[1.0,0.0],"evs":[0.0,-4.54103]},"84s":{"weight":1.0,"played":[1.0,0.0],"evs":[0.0,-4.16991]},"85s":{"weight":1.0,"played":[1.0,0.0],"evs":[0.0,-3.80338]},"86s":{"weight":1.0,"played":[1.0,0.0],"evs":[0.0,-3.48798]},"87s":{"weight":1.0,"played":[1.0,0.0],"evs":[0.0,-3.29181]},"88":{"weight":1.0,"played":[1.0,0.0],"evs":[0.0,-1.28739]},"98o":{"weight":1.0,"played":[1.0,0.0],"evs":[0.0,-3.86791]},"T8o":{"weight":1.0,"played":[1.0,0.0],"evs":[0.0,-3.97916]},"J8o":{"weight":1.0,"played":[1.0,0.0],"evs":[0.0,-4.15663]},"Q8o":{"weight":1.0,"played":[1.0,0.0],"evs":[0.0,-4.17581]},"K8o":{"weight":1.0,"played":[1.0,0.0],"evs":[0.0,-4.22524]},"A8o":{"weight":1.0,"played":[1.0,0.0],"evs":[0.0,-3.73847]},"92s":{"weight":1.0,"played":[1.0,0.0],"evs":[0.0,-4.48386]},"93s":{"weight":1.0,"played":[1.0,0.0],"evs":[0.0,-4.39979]},"94s":{"weight":1.0,"played":[1.0,0.0],"evs":[0.0,-4.38535]},"95s":{"weight":1.0,"played":[1.0,0.0],"evs":[0.0,-3.9448]},"96s":{"weight":1.0,"played":[1.0,0.0],"evs":[0.0,-3.59176]},"97s":{"weight":1.0,"played":[1.0,0.0],"evs":[0.0,-3.34467]},"98s":{"weight":1.0,"played":[1.0,0.0],"evs":[0.0,-3.15439]},"99":{"weight":1.0,"played":[1.0,0.0],"evs":[0.0,-0.68024]},"T9o":{"weight":1.0,"played":[1.0,0.0],"evs":[0.0,-3.65277]},"J9o":{"weight":1.0,"played":[1.0,0.0],"evs":[0.0,-3.79083]},"Q9o":{"weight":1.0,"played":[1.0,0.0],"evs":[0.0,-3.79972]},"K9o":{"weight":1.0,"played":[1.0,0.0],"evs":[0.0,-3.87435]},"A9o":{"weight":1.0,"played":[1.0,0.0],"evs":[0.0,-3.27065]},"T2s":{"weight":1.0,"played":[1.0,0.0],"evs":[0.0,-4.44002]},"T3s":{"weight":1.0,"played":[1.0,0.0],"evs":[0.0,-4.39124]},"T4s":{"weight":1.0,"played":[1.0,0.0],"evs":[0.0,-4.2664]},"T5s":{"weight":1.0,"played":[1.0,0.0],"evs":[0.0,-4.14773]},"T6s":{"weight":1.0,"played":[1.0,0.0],"evs":[0.0,-3.72812]},"T7s":{"weight":1.0,"played":[1.0,0.0],"evs":[0.0,-3.50715]},"T8s":{"weight":1.0,"played":[1.0,0.0],"evs":[0.0,-3.22387]},"T9s":{"weight":1.0,"played":[1.0,0.0],"evs":[0.0,-2.89759]},"TT":{"weight":1.0,"played":[0.0016,0.9984],"evs":[0.0,0.1937]},"JTo":{"weight":1.0,"played":[1.0,0.0],"evs":[0.0,-3.38068]},"QTo":{"weight":1.0,"played":[1.0,0.0],"evs":[0.0,-3.35692]},"KTo":{"weight":1.0,"played":[1.0,0.0],"evs":[0.0,-3.35265]},"ATo":{"weight":1.0,"played":[1.0,0.0],"evs":[0.0,-2.40549]},"J2s":{"weight":1.0,"played":[1.0,0.0],"evs":[0.0,-4.38566]},"J3s":{"weight":1.0,"played":[1.0,0.0],"evs":[0.0,-4.3186]},"J4s":{"weight":1.0,"played":[1.0,0.0],"evs":[0.0,-4.18857]},"J5s":{"weight":1.0,"played":[1.0,0.0],"evs":[0.0,-4.0031]},"J6s":{"weight":1.0,"played":[1.0,0.0],"evs":[0.0,-3.87666]},"J7s":{"weight":1.0,"played":[1.0,0.0],"evs":[0.0,-3.69689]},"J8s":{"weight":1.0,"played":[1.0,0.0],"evs":[0.0,-3.40681]},"J9s":{"weight":1.0,"played":[1.0,0.0],"evs":[0.0,-3.06115]},"JTs":{"weight":1.0,"played":[1.0,0.0],"evs":[0.0,-2.6511]},"JJ":{"weight":1.0,"played":[0.0,1.0],"evs":[0.0,1.14496]},"QJo":{"weight":1.0,"played":[1.0,0.0],"evs":[0.0,-3.18801]},"KJo":{"weight":1.0,"played":[1.0,0.0],"evs":[0.0,-2.98301]},"AJo":{"weight":1.0,"played":[1.0,0.0],"evs":[0.0,-1.72187]},"Q2s":{"weight":1.0,"played":[1.0,0.0],"evs":[0.0,-4.12773]},"Q3s":{"weight":1.0,"played":[1.0,0.0],"evs":[0.0,-4.05435]},"Q4s":{"weight":1.0,"played":[1.0,0.0],"evs":[0.0,-3.94918]},"Q5s":{"weight":1.0,"played":[1.0,0.0],"evs":[0.0,-3.79968]},"Q6s":{"weight":1.0,"played":[1.0,0.0],"evs":[0.0,-3.6186]},"Q7s":{"weight":1.0,"played":[1.0,0.0],"evs":[0.0,-3.67556]},"Q8s":{"weight":1.0,"played":[1.0,0.0],"evs":[0.0,-3.37786]},"Q9s":{"weight":1.0,"played":[1.0,0.0],"evs":[0.0,-3.06309]},"QTs":{"weight":1.0,"played":[1.0,0.0],"evs":[0.0,-2.57008]},"QJs":{"weight":1.0,"played":[1.0,0.0],"evs":[0.0,-2.46059]},"QQ":{"weight":1.0,"played":[0.0,1.0],"evs":[0.0,2.39905]},"KQo":{"weight":1.0,"played":[1.0,0.0],"evs":[0.0,-2.50491]},"AQo":{"weight":1.0,"played":[1.0,0.0],"evs":[0.0,-0.84189]},"K2s":{"weight":1.0,"played":[1.0,0.0],"evs":[0.0,-4.00792]},"K3s":{"weight":1.0,"played":[1.0,0.0],"evs":[0.0,-3.91323]},"K4s":{"weight":1.0,"played":[1.0,0.0],"evs":[0.0,-3.78834]},"K5s":{"weight":1.0,"played":[1.0,0.0],"evs":[0.0,-3.65927]},"K6s":{"weight":1.0,"played":[1.0,0.0],"evs":[0.0,-3.45199]},"K7s":{"weight":1.0,"played":[1.0,0.0],"evs":[0.0,-3.43913]},"K8s":{"weight":1.0,"played":[1.0,0.0],"evs":[0.0,-3.39606]},"K9s":{"weight":1.0,"played":[1.0,0.0],"evs":[0.0,-3.06162]},"KTs":{"weight":1.0,"played":[1.0,0.0],"evs":[0.0,-2.54417]},"KJs":{"weight":1.0,"played":[1.0,0.0],"evs":[0.0,-2.21234]},"KQs":{"weight":1.0,"played":[1.0,0.0],"evs":[0.0,-1.77018]},"KK":{"weight":1.0,"played":[0.0,1.0],"evs":[0.0,3.77384]},"AKo":{"weight":1.0,"played":[0.1294,0.8706],"evs":[0.0,0.05578]},"A2s":{"weight":1.0,"played":[1.0,0.0],"evs":[0.0,-3.92755]},"A3s":{"weight":1.0,"played":[1.0,0.0],"evs":[0.0,-3.79789]},"A4s":{"weight":1.0,"played":[1.0,0.0],"evs":[0.0,-3.60033]},"A5s":{"weight":1.0,"played":[1.0,0.0],"evs":[0.0,-3.45138]},"A6s":{"weight":1.0,"played":[1.0,0.0],"evs":[0.0,-3.52846]},"A7s":{"weight":1.0,"played":[1.0,0.0],"evs":[0.0,-3.15895]},"A8s":{"weight":1.0,"played":[1.0,0.0],"evs":[0.0,-2.91616]},"A9s":{"weight":1.0,"played":[1.0,0.0],"evs":[0.0,-2.42818]},"ATs":{"weight":1.0,"played":[1.0,0.0],"evs":[0.0,-1.63722]},"AJs":{"weight":1.0,"played":[1.0,0.0],"evs":[0.0,-0.97415]},"AQs":{"weight":1.0,"played":[0.9999,1.0E-4],"evs":[0.0,-0.22042]},"AKs":{"weight":1.0,"played":[0.0,1.0],"evs":[0.0,0.60733]},"AA":{"weight":1.0,"played":[0.0,1.0],"evs":[0.0,6.69115]}}}