{"player":3,"street":0,"children":2,"sequence":[{"player":0,"type":"F","amount":0,"street":0},{"player":1,"type":"F","amount":0,"street":0},{"player":2,"type":"R","amount":34750000,"street":0},{"player":3,"type":"C","amount":34750000,"street":0},{"player":4,"type":"R","amount":53750000,"street":0},{"player":5,"type":"C","amount":23750000,"street":0}],"actions":[{"type":"F","amount":0},{"type":"C","amount":19000000}],"hands":{"22":{"weight":0.0,"played":[0.0808,0.9192],"evs":[0.0,1.90867]},"32o":{"weight":0.0,"played":[0.9935,0.0065],"evs":[0.0,-1.75729]},"42o":{"weight":0.0,"played":[0.9693,0.0307],"evs":[0.0,-0.54719]},"52o":{"weight":0.0,"played":[0.9417,0.0583],"evs":[0.0,-1.53981]},"62o":{"weight":0.0,"played":[0.9656,0.0344],"evs":[0.0,-1.77117]},"72o":{"weight":0.0,"played":[0.992,0.008],"evs":[0.0,-2.10884]},"82o":{"weight":0.0,"played":[0.9968,0.0032],"evs":[0.0,-1.84102]},"92o":{"weight":0.0,"played":[0.9994,6.0E-4],"evs":[0.0,-2.23621]},"T2o":{"weight":0.0,"played":[0.9993,7.0E-4],"evs":[0.0,-2.0011]},"J2o":{"weight":0.0,"played":[0.9979,0.0021],"evs":[0.0,-1.02257]},"Q2o":{"weight":0.0,"played":[0.9932,0.0068],"evs":[0.0,-0.52669]},"K2o":{"weight":0.0,"played":[0.8949,0.1051],"evs":[0.0,-2.24288]},"A2o":{"weight":0.0,"played":[0.9555,0.0445],"evs":[0.0,-0.12233]},"32s":{"weight":0.0,"played":[0.5327,0.4673],"evs":[0.0,0.37829]},"33":{"weight":0.0,"played":[0.1633,0.8367],"evs":[0.0,1.46734]},"43o":{"weight":0.0,"played":[0.9676,0.0324],"evs":[0.0,-0.46916]},"53o":{"weight":0.0,"played":[0.7144,0.2856],"evs":[0.0,-0.4628]},"63o":{"weight":0.0,"played":[0.9564,0.0436],"evs":[0.0,-0.92389]},"73o":{"weight":0.0,"played":[0.9909,0.0091],"evs":[0.0,-1.49991]},"83o":{"weight":0.0,"played":[0.9987,0.0013],"evs":[0.0,-2.13346]},"93o":{"weight":0.0,"played":[0.984,0.016],"evs":[0.0,-1.13644]},"T3o":{"weight":0.0,"played":[0.9979,0.0021],"evs":[0.0,-1.56351]},"J3o":{"weight":0.0,"played":[0.9527,0.0473],"evs":[0.0,-0.38337]},"Q3o":{"weight":0.0,"played":[0.783,0.217],"evs":[0.0,-0.08077]},"K3o":{"weight":0.0,"played":[0.9941,0.0059],"evs":[0.0,-1.37799]},"A3o":{"weight":0.0,"played":[0.4166,0.5834],"evs":[0.0,-0.58064]},"42s":{"weight":0.0,"played":[0.7595,0.2405],"evs":[0.0,-0.57021]},"43s":{"weight":0.0,"played":[0.004,0.996],"evs":[0.0,0.40786]},"44":{"weight":0.0,"played":[0.2361,0.7639],"evs":[0.0,-0.02114]},"54o":{"weight":0.0,"played":[0.4822,0.5178],"evs":[0.0,-0.30193]},"64o":{"weight":0.0,"played":[0.4655,0.5345],"evs":[0.0,-0.47328]},"74o":{"weight":0.0,"played":[0.4751,0.5249],"evs":[0.0,0.22203]},"84o":{"weight":0.0,"played":[0.9954,0.0046],"evs":[0.0,-1.50497]},"94o":{"weight":0.0,"played":[0.9928,0.0072],"evs":[0.0,-1.44943]},"T4o":{"weight":0.0,"played":[0.9869,0.0131],"evs":[0.0,-1.65862]},"J4o":{"weight":0.0,"played":[0.8857,0.1143],"evs":[0.0,-1.3583]},"Q4o":{"weight":0.0,"played":[0.9445,0.0555],"evs":[0.0,-0.87735]},"K4o":{"weight":0.0,"played":[0.9372,0.0628],"evs":[0.0,-1.0841]},"A4o":{"weight":0.0,"played":[0.8137,0.1863],"evs":[0.0,-0.95323]},"52s":{"weight":0.0,"played":[0.3306,0.6694],"evs":[0.0,-0.34795]},"53s":{"weight":0.0,"played":[0.9187,0.0813],"evs":[0.0,-1.46455]},"54s":{"weight":0.0,"played":[0.0593,0.9407],"evs":[0.0,1.82938]},"55":{"weight":0.224,"played":[0.4197,0.5803],"evs":[0.0,-0.36607]},"65o":{"weight":0.0,"played":[0.0381,0.9619],"evs":[0.0,0.95062]},"75o":{"weight":0.0,"played":[0.5717,0.4283],"evs":[0.0,0.6348]},"85o":{"weight":0.0,"played":[0.7875,0.2125],"evs":[0.0,-0.61187]},"95o":{"weight":0.0,"played":[0.9091,0.0909],"evs":[0.0,-0.55057]},"T5o":{"weight":0.0,"played":[0.7717,0.2283],"evs":[0.0,-0.539]},"J5o":{"weight":0.0,"played":[0.6356,0.3644],"evs":[0.0,0.01167]},"Q5o":{"weight":0.0,"played":[0.866,0.134],"evs":[0.0,0.04882]},"K5o":{"weight":0.0,"played":[0.9882,0.0118],"evs":[0.0,-2.18339]},"A5o":{"weight":0.0,"played":[0.5583,0.4417],"evs":[0.0,0.62304]},"62s":{"weight":0.0,"played":[0.5274,0.4726],"evs":[0.0,-0.63379]},"63s":{"weight":0.0,"played":[0.1711,0.8289],"evs":[0.0,-0.39499]},"64s":{"weight":0.0,"played":[0.0063,0.9937],"evs":[0.0,1.63791]},"65s":{"weight":0.0,"played":[0.0397,0.9603],"evs":[0.0,0.23582]},"66":{"weight":0.011,"played":[0.0011,0.9989],"evs":[0.0,1.15132]},"76o":{"weight":0.0,"played":[0.5428,0.4572],"evs":[0.0,-0.20927]},"86o":{"weight":0.0,"played":[0.1254,0.8746],"evs":[0.0,1.64854]},"96o":{"weight":0.0,"played":[0.9846,0.0154],"evs":[0.0,-1.04571]},"T6o":{"weight":0.0,"played":[0.7968,0.2032],"evs":[0.0,0.01894]},"J6o":{"weight":0.0,"played":[0.9991,9.0E-4],"evs":[0.0,-0.27946]},"Q6o":{"weight":0.0,"played":[0.4864,0.5136],"evs":[0.0,-0.02629]},"K6o":{"weight":0.0,"played":[0.981,0.019],"evs":[0.0,-1.51537]},"A6o":{"weight":0.0,"played":[0.3609,0.6391],"evs":[0.0,-0.27453]},"72s":{"weight":0.0,"played":[0.8023,0.1977],"evs":[0.0,-0.78205]},"73s":{"weight":0.0,"played":[0.6,0.4],"evs":[0.0,-0.1525]},"74s":{"weight":0.0,"played":[0.0397,0.9603],"evs":[0.0,1.94728]},"75s":{"weight":0.0,"played":[0.0981,0.9019],"evs":[0.0,1.08742]},"76s":{"weight":0.0,"played":[0.0,1.0],"evs":[0.0,2.66425]},"77":{"weight":0.0317,"played":[0.01,0.99],"evs":[0.0,1.86438]},"87o":{"weight":0.0,"played":[0.0839,0.9161],"evs":[0.0,0.03077]},"97o":{"weight":0.0,"played":[0.0343,0.9657],"evs":[0.0,0.54684]},"T7o":{"weight":0.0,"played":[0.8016,0.1984],"evs":[0.0,-0.49093]},"J7o":{"weight":0.0,"played":[0.8242,0.1758],"evs":[0.0,-0.82199]},"Q7o":{"weight":0.0,"played":[0.6554,0.3446],"evs":[0.0,-0.40125]},"K7o":{"weight":0.0,"played":[0.8151,0.1849],"evs":[0.0,-0.96647]},"A7o":{"weight":0.0,"played":[0.9934,0.0066],"evs":[0.0,-0.26376]},"82s":{"weight":0.0,"played":[0.7449,0.2551],"evs":[0.0,-0.29]},"83s":{"weight":0.0,"played":[0.8472,0.1528],"evs":[0.0,-0.4096]},"84s":{"weight":0.0,"played":[0.6323,0.3677],"evs":[0.0,-0.27471]},"85s":{"weight":0.0,"played":[0.3875,0.6125],"evs":[0.0,1.83438]},"86s":{"weight":0.0,"played":[2.0E-4,0.9998],"evs":[0.0,2.41356]},"87s":{"weight":0.0,"played":[0.2473,0.7527],"evs":[0.0,1.77353]},"88":{"weight":0.1843,"played":[0.0011,0.9989],"evs":[0.0,1.76167]},"98o":{"weight":0.0,"played":[0.8738,0.1262],"evs":[0.0,-0.84228]},"T8o":{"weight":0.0,"played":[0.1316,0.8684],"evs":[0.0,0.10359]},"J8o":{"weight":0.0,"played":[0.1087,0.8913],"evs":[0.0,0.41234]},"Q8o":{"weight":0.0,"played":[0.0896,0.9104],"evs":[0.0,0.28675]},"K8o":{"weight":0.0,"played":[0.9426,0.0574],"evs":[0.0,-1.12885]},"A8o":{"weight":0.1275,"played":[0.9879,0.0121],"evs":[0.0,-0.85617]},"92s":{"weight":0.0,"played":[0.833,0.167],"evs":[0.0,-0.66782]},"93s":{"weight":0.0,"played":[0.318,0.682],"evs":[0.0,0.3845]},"94s":{"weight":0.0,"played":[0.5183,0.4817],"evs":[0.0,-0.25875]},"95s":{"weight":0.0,"played":[0.6108,0.3892],"evs":[0.0,-0.10292]},"96s":{"weight":0.0,"played":[0.0266,0.9734],"evs":[0.0,-0.00923]},"97s":{"weight":0.0,"played":[0.0265,0.9735],"evs":[0.0,0.60549]},"98s":{"weight":0.0,"played":[0.0754,0.9246],"evs":[0.0,1.82092]},"99":{"weight":0.2276,"played":[0.0057,0.9943],"evs":[0.0,1.44393]},"T9o":{"weight":0.0,"played":[0.8352,0.1648],"evs":[0.0,-1.00851]},"J9o":{"weight":0.0,"played":[0.7786,0.2214],"evs":[0.0,0.02796]},"Q9o":{"weight":0.0,"played":[0.5758,0.4242],"evs":[0.0,-0.30154]},"K9o":{"weight":0.0,"played":[0.2448,0.7552],"evs":[0.0,0.05112]},"A9o":{"weight":0.9487,"played":[0.9664,0.0336],"evs":[0.0,-0.99411]},"T2s":{"weight":0.0,"played":[0.582,0.418],"evs":[0.0,-0.99383]},"T3s":{"weight":0.0,"played":[0.9748,0.0252],"evs":[0.0,-1.58]},"T4s":{"weight":0.0,"played":[0.9382,0.0618],"evs":[0.0,-1.48836]},"T5s":{"weight":0.0,"played":[0.4563,0.5437],"evs":[0.0,-0.51152]},"T6s":{"weight":0.0,"played":[0.2817,0.7183],"evs":[0.0,0.03033]},"T7s":{"weight":0.0,"played":[0.1225,0.8775],"evs":[0.0,0.59741]},"T8s":{"weight":0.0,"played":[0.0395,0.9605],"evs":[0.0,0.7278]},"T9s":{"weight":0.0,"played":[0.001,0.999],"evs":[0.0,1.8288]},"TT":{"weight":0.4107,"played":[0.0743,0.9257],"evs":[0.0,2.59402]},"JTo":{"weight":0.0,"played":[0.4043,0.5957],"evs":[0.0,0.2291]},"QTo":{"weight":0.0,"played":[0.4562,0.5438],"evs":[0.0,0.04901]},"KTo":{"weight":0.0,"played":[0.2628,0.7372],"evs":[0.0,0.09678]},"ATo":{"weight":0.0272,"played":[0.0376,0.9624],"evs":[0.0,0.85592]},"J2s":{"weight":0.0,"played":[0.7095,0.2905],"evs":[0.0,0.3386]},"J3s":{"weight":0.0,"played":[0.983,0.017],"evs":[0.0,-1.25323]},"J4s":{"weight":0.0,"played":[0.2792,0.7208],"evs":[0.0,1.20896]},"J5s":{"weight":0.0,"played":[0.7733,0.2267],"evs":[0.0,-0.79691]},"J6s":{"weight":0.0,"played":[0.9875,0.0125],"evs":[0.0,-0.64455]},"J7s":{"weight":0.0,"played":[0.0,1.0],"evs":[0.0,1.07869]},"J8s":{"weight":0.0,"played":[0.2617,0.7383],"evs":[0.0,0.3526]},"J9s":{"weight":0.0,"played":[0.2047,0.7953],"evs":[0.0,0.88041]},"JTs":{"weight":0.0,"played":[0.1632,0.8368],"evs":[0.0,1.48397]},"JJ":{"weight":0.3829,"played":[0.0,1.0],"evs":[0.0,3.87649]},"QJo":{"weight":0.0,"played":[0.0018,0.9982],"evs":[0.0,0.99266]},"KJo":{"weight":0.0,"played":[0.9948,0.0052],"evs":[0.0,-1.39974]},"AJo":{"weight":0.1274,"played":[0.7786,0.2214],"evs":[0.0,-1.45843]},"Q2s":{"weight":0.0,"played":[0.1715,0.8285],"evs":[0.0,2.12906]},"Q3s":{"weight":0.0,"played":[0.2366,0.7634],"evs":[0.0,0.77237]},"Q4s":{"weight":0.0,"played":[0.1597,0.8403],"evs":[0.0,1.41323]},"Q5s":{"weight":0.0,"played":[0.4961,0.5039],"evs":[0.0,-0.62124]},"Q6s":{"weight":0.0,"played":[0.9906,0.0094],"evs":[0.0,-0.06996]},"Q7s":{"weight":0.0,"played":[0.0509,0.9491],"evs":[0.0,2.34901]},"Q8s":{"weight":0.0,"played":[0.0433,0.9567],"evs":[0.0,0.92042]},"Q9s":{"weight":0.0,"played":[0.0063,0.9937],"evs":[0.0,1.14353]},"QTs":{"weight":0.0,"played":[0.0642,0.9358],"evs":[0.0,3.34016]},"QJs":{"weight":0.0,"played":[0.0973,0.9027],"evs":[0.0,1.62611]},"QQ":{"weight":0.5561,"played":[0.0,1.0],"evs":[0.0,6.73716]},"KQo":{"weight":0.1892,"played":[0.5019,0.4981],"evs":[0.0,-0.1427]},"AQo":{"weight":0.2325,"played":[0.0,1.0],"evs":[0.0,2.11561]},"K2s":{"weight":0.0,"played":[0.7907,0.2093],"evs":[0.0,-0.12275]},"K3s":{"weight":0.0,"played":[0.9596,0.0404],"evs":[0.0,-1.08881]},"K4s":{"weight":0.0,"played":[0.5674,0.4326],"evs":[0.0,-1.70979]},"K5s":{"weight":0.0,"played":[0.4566,0.5434],"evs":[0.0,0.44459]},"K6s":{"weight":0.0,"played":[0.1455,0.8545],"evs":[0.0,2.53502]},"K7s":{"weight":0.0,"played":[0.751,0.249],"evs":[0.0,-0.85766]},"K8s":{"weight":0.0,"played":[0.7546,0.2454],"evs":[0.0,-0.46932]},"K9s":{"weight":0.0,"played":[0.3138,0.6862],"evs":[0.0,1.85387]},"KTs":{"weight":0.0,"played":[0.2239,0.7761],"evs":[0.0,0.65171]},"KJs":{"weight":0.0355,"played":[0.2039,0.7961],"evs":[0.0,-0.2043]},"KQs":{"weight":0.082,"played":[0.4863,0.5137],"evs":[0.0,1.09441]},"KK":{"weight":0.0204,"played":[0.0,1.0],"evs":[0.0,9.23765]},"AKo":{"weight":0.3552,"played":[0.0089,0.9911],"evs":[0.0,1.29527]},"A2s":{"weight":0.0,"played":[0.7819,0.2181],"evs":[0.0,-1.00621]},"A3s":{"weight":0.0,"played":[0.2005,0.7995],"evs":[0.0,2.11157]},"A4s":{"weight":0.0,"played":[0.3214,0.6786],"evs":[0.0,1.4756]},"A5s":{"weight":0.0,"played":[0.7109,0.2891],"evs":[0.0,0.61533]},"A6s":{"weight":0.0,"played":[0.1546,0.8454],"evs":[0.0,1.34513]},"A7s":{"weight":0.2924,"played":[0.0649,0.9351],"evs":[0.0,2.65035]},"A8s":{"weight":0.0602,"played":[0.1416,0.8584],"evs":[0.0,1.6892]},"A9s":{"weight":0.1581,"played":[0.9347,0.0653],"evs":[0.0,-0.44465]},"ATs":{"weight":0.1679,"played":[0.0428,0.9572],"evs":[0.0,1.75616]},"AJs":{"weight":0.1533,"played":[0.3064,0.6936],"evs":[0.0,1.78189]},"AQs":{"weight":0.0662,"played":[0.0416,0.9584],"evs":[0.0,2.00783]},"AKs":{"weight":0.5295,"played":[4.0E-4,0.9996],"evs":[0.0,2.92629]},"AA":{"weight":0.819,"played":[0.0,1.0],"evs":[0.0,17.58681]}}}