{"player":5,"street":0,"children":2,"sequence":[{"player":0,"type":"F","amount":0,"street":0},{"player":1,"type":"F","amount":0,"street":0},{"player":2,"type":"R","amount":34750000,"street":0},{"player":3,"type":"R","amount":54750000,"street":0},{"player":4,"type":"C","amount":51250000,"street":0}],"actions":[{"type":"F","amount":0},{"type":"C","amount":23750000}],"hands":{"22":{"weight":1.0,"played":[1.0,0.0],"evs":[0.0,-7.08102]},"32o":{"weight":1.0,"played":[1.0,0.0],"evs":[0.0,-8.14094]},"42o":{"weight":1.0,"played":[1.0,0.0],"evs":[0.0,-7.91327]},"52o":{"weight":1.0,"played":[1.0,0.0],"evs":[0.0,-7.63124]},"62o":{"weight":1.0,"played":[1.0,0.0],"evs":[0.0,-7.96289]},"72o":{"weight":1.0,"played":[1.0,0.0],"evs":[0.0,-8.61857]},"82o":{"weight":1.0,"played":[1.0,0.0],"evs":[0.0,-8.34211]},"92o":{"weight":1.0,"played":[1.0,0.0],"evs":[0.0,-8.30993]},"T2o":{"weight":1.0,"played":[1.0,0.0],"evs":[0.0,-8.55168]},"J2o":{"weight":1.0,"played":[1.0,0.0],"evs":[0.0,-8.2266]},"Q2o":{"weight":1.0,"played":[1.0,0.0],"evs":[0.0,-7.96079]},"K2o":{"weight":1.0,"played":[1.0,0.0],"evs":[0.0,-8.12396]},"A2o":{"weight":1.0,"played":[1.0,0.0],"evs":[0.0,-8.19014]},"32s":{"weight":1.0,"played":[1.0,0.0],"evs":[0.0,-6.87694]},"33":{"weight":1.0,"played":[1.0,0.0],"evs":[0.0,-6.64156]},"43o":{"weight":1.0,"played":[1.0,0.0],"evs":[0.0,-7.62369]},"53o":{"weight":1.0,"played":[1.0,0.0],"evs":[0.0,-7.35502]},"63o":{"weight":1.0,"played":[1.0,0.0],"evs":[0.0,-7.53743]},"73o":{"weight":1.0,"played":[1.0,0.0],"evs":[0.0,-7.97637]},"83o":{"weight":1.0,"played":[1.0,0.0],"evs":[0.0,-8.23333]},"93o":{"weight":1.0,"played":[1.0,0.0],"evs":[0.0,-8.15249]},"T3o":{"weight":1.0,"played":[1.0,0.0],"evs":[0.0,-8.4465]},"J3o":{"weight":1.0,"played":[1.0,0.0],"evs":[0.0,-8.12221]},"Q3o":{"weight":1.0,"played":[1.0,0.0],"evs":[0.0,-7.89153]},"K3o":{"weight":1.0,"played":[1.0,0.0],"evs":[0.0,-8.17288]},"A3o":{"weight":1.0,"played":[1.0,0.0],"evs":[0.0,-8.07109]},"42s":{"weight":1.0,"played":[1.0,0.0],"evs":[0.0,-7.07462]},"43s":{"weight":1.0,"played":[1.0,0.0],"evs":[0.0,-6.58755]},"44":{"weight":1.0,"played":[1.0,0.0],"evs":[0.0,-6.50344]},"54o":{"weight":1.0,"played":[1.0,0.0],"evs":[0.0,-7.05492]},"64o":{"weight":1.0,"played":[1.0,0.0],"evs":[0.0,-7.11468]},"74o":{"weight":1.0,"played":[1.0,0.0],"evs":[0.0,-7.41324]},"84o":{"weight":1.0,"played":[1.0,0.0],"evs":[0.0,-7.68303]},"94o":{"weight":1.0,"played":[1.0,0.0],"evs":[0.0,-8.24405]},"T4o":{"weight":1.0,"played":[1.0,0.0],"evs":[0.0,-8.25121]},"J4o":{"weight":1.0,"played":[1.0,0.0],"evs":[0.0,-8.07504]},"Q4o":{"weight":1.0,"played":[1.0,0.0],"evs":[0.0,-8.00076]},"K4o":{"weight":1.0,"played":[1.0,0.0],"evs":[0.0,-7.9447]},"A4o":{"weight":1.0,"played":[1.0,0.0],"evs":[0.0,-7.85228]},"52s":{"weight":1.0,"played":[1.0,0.0],"evs":[0.0,-7.08535]},"53s":{"weight":1.0,"played":[1.0,0.0],"evs":[0.0,-6.67392]},"54s":{"weight":1.0,"played":[1.0,0.0],"evs":[0.0,-5.8136]},"55":{"weight":1.0,"played":[1.0,0.0],"evs":[0.0,-6.23831]},"65o":{"weight":1.0,"played":[1.0,0.0],"evs":[0.0,-6.63111]},"75o":{"weight":1.0,"played":[1.0,0.0],"evs":[0.0,-7.16222]},"85o":{"weight":1.0,"played":[1.0,0.0],"evs":[0.0,-7.26862]},"95o":{"weight":1.0,"played":[1.0,0.0],"evs":[0.0,-7.71968]},"T5o":{"weight":1.0,"played":[1.0,0.0],"evs":[0.0,-8.08063]},"J5o":{"weight":1.0,"played":[1.0,0.0],"evs":[0.0,-8.17538]},"Q5o":{"weight":1.0,"played":[1.0,0.0],"evs":[0.0,-7.59296]},"K5o":{"weight":1.0,"played":[1.0,0.0],"evs":[0.0,-8.03235]},"A5o":{"weight":1.0,"played":[1.0,0.0],"evs":[0.0,-7.97998]},"62s":{"weight":1.0,"played":[1.0,0.0],"evs":[0.0,-6.9257]},"63s":{"weight":1.0,"played":[1.0,0.0],"evs":[0.0,-6.557]},"64s":{"weight":1.0,"played":[1.0,0.0],"evs":[0.0,-6.41459]},"65s":{"weight":1.0,"played":[1.0,0.0],"evs":[0.0,-6.00028]},"66":{"weight":1.0,"played":[1.0,0.0],"evs":[0.0,-5.80194]},"76o":{"weight":1.0,"played":[1.0,0.0],"evs":[0.0,-6.81335]},"86o":{"weight":1.0,"played":[1.0,0.0],"evs":[0.0,-7.00538]},"96o":{"weight":1.0,"played":[1.0,0.0],"evs":[0.0,-7.39916]},"T6o":{"weight":1.0,"played":[1.0,0.0],"evs":[0.0,-7.79268]},"J6o":{"weight":1.0,"played":[1.0,0.0],"evs":[0.0,-7.93319]},"Q6o":{"weight":1.0,"played":[1.0,0.0],"evs":[0.0,-7.78441]},"K6o":{"weight":1.0,"played":[1.0,0.0],"evs":[0.0,-7.80774]},"A6o":{"weight":1.0,"played":[1.0,0.0],"evs":[0.0,-8.21025]},"72s":{"weight":1.0,"played":[1.0,0.0],"evs":[0.0,-7.40872]},"73s":{"weight":1.0,"played":[1.0,0.0],"evs":[0.0,-6.66242]},"74s":{"weight":1.0,"played":[1.0,0.0],"evs":[0.0,-6.51268]},"75s":{"weight":1.0,"played":[1.0,0.0],"evs":[0.0,-6.39575]},"76s":{"weight":1.0,"played":[1.0,0.0],"evs":[0.0,-5.8154]},"77":{"weight":1.0,"played":[1.0,0.0],"evs":[0.0,-5.82421]},"87o":{"weight":1.0,"played":[1.0,0.0],"evs":[0.0,-6.81002]},"97o":{"weight":1.0,"played":[1.0,0.0],"evs":[0.0,-7.21872]},"T7o":{"weight":1.0,"played":[1.0,0.0],"evs":[0.0,-7.56873]},"J7o":{"weight":1.0,"played":[1.0,0.0],"evs":[0.0,-7.42022]},"Q7o":{"weight":1.0,"played":[1.0,0.0],"evs":[0.0,-7.54678]},"K7o":{"weight":1.0,"played":[1.0,0.0],"evs":[0.0,-7.66441]},"A7o":{"weight":1.0,"played":[1.0,0.0],"evs":[0.0,-8.11404]},"82s":{"weight":1.0,"played":[1.0,0.0],"evs":[0.0,-7.17321]},"83s":{"weight":1.0,"played":[1.0,0.0],"evs":[0.0,-7.24796]},"84s":{"weight":1.0,"played":[1.0,0.0],"evs":[0.0,-6.73083]},"85s":{"weight":1.0,"played":[1.0,0.0],"evs":[0.0,-6.42722]},"86s":{"weight":1.0,"played":[1.0,0.0],"evs":[0.0,-6.13115]},"87s":{"weight":1.0,"played":[1.0,0.0],"evs":[0.0,-6.00051]},"88":{"weight":1.0,"played":[1.0,0.0],"evs":[0.0,-5.66133]},"98o":{"weight":1.0,"played":[1.0,0.0],"evs":[0.0,-7.43272]},"T8o":{"weight":1.0,"played":[1.0,0.0],"evs":[0.0,-7.08026]},"J8o":{"weight":1.0,"played":[1.0,0.0],"evs":[0.0,-7.47755]},"Q8o":{"weight":1.0,"played":[1.0,0.0],"evs":[0.0,-7.50001]},"K8o":{"weight":1.0,"played":[1.0,0.0],"evs":[0.0,-7.675]},"A8o":{"weight":1.0,"played":[1.0,0.0],"evs":[0.0,-7.93259]},"92s":{"weight":1.0,"played":[1.0,0.0],"evs":[0.0,-7.34999]},"93s":{"weight":1.0,"played":[1.0,0.0],"evs":[0.0,-6.99191]},"94s":{"weight":1.0,"played":[1.0,0.0],"evs":[0.0,-7.41074]},"95s":{"weight":1.0,"played":[1.0,0.0],"evs":[0.0,-6.45981]},"96s":{"weight":1.0,"played":[1.0,0.0],"evs":[0.0,-6.6079]},"97s":{"weight":1.0,"played":[1.0,0.0],"evs":[0.0,-6.37716]},"98s":{"weight":1.0,"played":[1.0,0.0],"evs":[0.0,-6.04472]},"99":{"weight":1.0,"played":[1.0,0.0],"evs":[0.0,-4.97239]},"T9o":{"weight":1.0,"played":[1.0,0.0],"evs":[0.0,-7.06828]},"J9o":{"weight":1.0,"played":[1.0,0.0],"evs":[0.0,-7.084]},"Q9o":{"weight":1.0,"played":[1.0,0.0],"evs":[0.0,-7.30579]},"K9o":{"weight":1.0,"played":[1.0,0.0],"evs":[0.0,-7.72031]},"A9o":{"weight":1.0,"played":[1.0,0.0],"evs":[0.0,-7.9105]},"T2s":{"weight":1.0,"played":[1.0,0.0],"evs":[0.0,-7.50426]},"T3s":{"weight":1.0,"played":[1.0,0.0],"evs":[0.0,-7.37875]},"T4s":{"weight":1.0,"played":[1.0,0.0],"evs":[0.0,-7.38841]},"T5s":{"weight":1.0,"played":[1.0,0.0],"evs":[0.0,-7.07506]},"T6s":{"weight":1.0,"played":[1.0,0.0],"evs":[0.0,-6.57198]},"T7s":{"weight":1.0,"played":[1.0,0.0],"evs":[0.0,-6.10573]},"T8s":{"weight":1.0,"played":[1.0,0.0],"evs":[0.0,-6.02463]},"T9s":{"weight":1.0,"played":[1.0,0.0],"evs":[0.0,-6.09661]},"TT":{"weight":1.0,"played":[1.0,0.0],"evs":[0.0,-5.46172]},"JTo":{"weight":1.0,"played":[1.0,0.0],"evs":[0.0,-6.9251]},"QTo":{"weight":1.0,"played":[1.0,0.0],"evs":[0.0,-6.87169]},"KTo":{"weight":1.0,"played":[1.0,0.0],"evs":[0.0,-7.45436]},"ATo":{"weight":1.0,"played":[1.0,0.0],"evs":[0.0,-7.70672]},"J2s":{"weight":1.0,"played":[1.0,0.0],"evs":[0.0,-7.06642]},"J3s":{"weight":1.0,"played":[1.0,0.0],"evs":[0.0,-7.30485]},"J4s":{"weight":1.0,"played":[1.0,0.0],"evs":[0.0,-6.64221]},"J5s":{"weight":1.0,"played":[1.0,0.0],"evs":[0.0,-6.59048]},"J6s":{"weight":1.0,"played":[1.0,0.0],"evs":[0.0,-6.93688]},"J7s":{"weight":1.0,"played":[1.0,0.0],"evs":[0.0,-6.39355]},"J8s":{"weight":1.0,"played":[1.0,0.0],"evs":[0.0,-6.39568]},"J9s":{"weight":1.0,"played":[1.0,0.0],"evs":[0.0,-6.36937]},"JTs":{"weight":1.0,"played":[1.0,0.0],"evs":[0.0,-6.27989]},"JJ":{"weight":1.0,"played":[1.0,0.0],"evs":[0.0,-3.95003]},"QJo":{"weight":1.0,"played":[1.0,0.0],"evs":[0.0,-6.95662]},"KJo":{"weight":1.0,"played":[1.0,0.0],"evs":[0.0,-7.07333]},"AJo":{"weight":1.0,"played":[1.0,0.0],"evs":[0.0,-7.40624]},"Q2s":{"weight":1.0,"played":[1.0,0.0],"evs":[0.0,-7.20942]},"Q3s":{"weight":1.0,"played":[1.0,0.0],"evs":[0.0,-7.20547]},"Q4s":{"weight":1.0,"played":[1.0,0.0],"evs":[0.0,-7.14281]},"Q5s":{"weight":1.0,"played":[1.0,0.0],"evs":[0.0,-6.57181]},"Q6s":{"weight":1.0,"played":[1.0,0.0],"evs":[0.0,-6.7746]},"Q7s":{"weight":1.0,"played":[1.0,0.0],"evs":[0.0,-6.65078]},"Q8s":{"weight":1.0,"played":[1.0,0.0],"evs":[0.0,-6.34772]},"Q9s":{"weight":1.0,"played":[1.0,0.0],"evs":[0.0,-6.52868]},"QTs":{"weight":1.0,"played":[1.0,0.0],"evs":[0.0,-6.59202]},"QJs":{"weight":1.0,"played":[1.0,0.0],"evs":[0.0,-6.11324]},"QQ":{"weight":1.0,"played":[0.9995,5.0E-4],"evs":[0.0,-2.00988]},"KQo":{"weight":1.0,"played":[1.0,0.0],"evs":[0.0,-6.48284]},"AQo":{"weight":1.0,"played":[1.0,0.0],"evs":[0.0,-6.29793]},"K2s":{"weight":1.0,"played":[1.0,0.0],"evs":[0.0,-6.74406]},"K3s":{"weight":1.0,"played":[1.0,0.0],"evs":[0.0,-7.22767]},"K4s":{"weight":1.0,"played":[1.0,0.0],"evs":[0.0,-7.47107]},"K5s":{"weight":1.0,"played":[1.0,0.0],"evs":[0.0,-6.56874]},"K6s":{"weight":1.0,"played":[1.0,0.0],"evs":[0.0,-6.74196]},"K7s":{"weight":1.0,"played":[1.0,0.0],"evs":[0.0,-6.99201]},"K8s":{"weight":1.0,"played":[1.0,0.0],"evs":[0.0,-6.81263]},"K9s":{"weight":1.0,"played":[1.0,0.0],"evs":[0.0,-6.81857]},"KTs":{"weight":1.0,"played":[1.0,0.0],"evs":[0.0,-6.62825]},"KJs":{"weight":1.0,"played":[1.0,0.0],"evs":[0.0,-6.1428]},"KQs":{"weight":1.0,"played":[1.0,0.0],"evs":[0.0,-6.05978]},"KK":{"weight":1.0,"played":[0.0049,0.9951],"evs":[0.0,0.87789]},"AKo":{"weight":1.0,"played":[1.0,0.0],"evs":[0.0,-4.7472]},"A2s":{"weight":1.0,"played":[1.0,0.0],"evs":[0.0,-6.7244]},"A3s":{"weight":1.0,"played":[1.0,0.0],"evs":[0.0,-7.51478]},"A4s":{"weight":1.0,"played":[1.0,0.0],"evs":[0.0,-6.8425]},"A5s":{"weight":1.0,"played":[1.0,0.0],"evs":[0.0,-7.00334]},"A6s":{"weight":1.0,"played":[1.0,0.0],"evs":[0.0,-7.23277]},"A7s":{"weight":1.0,"played":[1.0,0.0],"evs":[0.0,-6.91428]},"A8s":{"weight":1.0,"played":[1.0,0.0],"evs":[0.0,-7.01416]},"A9s":{"weight":1.0,"played":[1.0,0.0],"evs":[0.0,-6.73626]},"ATs":{"weight":1.0,"played":[1.0,0.0],"evs":[0.0,-6.22097]},"AJs":{"weight":1.0,"played":[1.0,0.0],"evs":[0.0,-6.57681]},"AQs":{"weight":1.0,"played":[1.0,0.0],"evs":[0.0,-4.82522]},"AKs":{"weight":1.0,"played":[1.0,0.0],"evs":[0.0,-3.7493]},"AA":{"weight":1.0,"played":[1.0E-4,0.9999],"evs":[0.0,4.05972]}}}