{"player":5,"street":0,"children":2,"sequence":[{"player":0,"type":"F","amount":0,"street":0},{"player":1,"type":"R","amount":31750000,"street":0},{"player":2,"type":"F","amount":0,"street":0},{"player":3,"type":"C","amount":31750000,"street":0},{"player":4,"type":"F","amount":0,"street":0}],"actions":[{"type":"F","amount":0},{"type":"C","amount":23750000}],"hands":{"22":{"weight":1.0,"played":[1.0,0.0],"evs":[0.0,-3.94352]},"32o":{"weight":1.0,"played":[1.0,0.0],"evs":[0.0,-5.57151]},"42o":{"weight":1.0,"played":[1.0,0.0],"evs":[0.0,-5.49751]},"52o":{"weight":1.0,"played":[1.0,0.0],"evs":[0.0,-5.3516]},"62o":{"weight":1.0,"played":[1.0,0.0],"evs":[0.0,-5.5104]},"72o":{"weight":1.0,"played":[1.0,0.0],"evs":[0.0,-5.80063]},"82o":{"weight":1.0,"played":[1.0,0.0],"evs":[0.0,-5.66776]},"92o":{"weight":1.0,"played":[1.0,0.0],"evs":[0.0,-5.91506]},"T2o":{"weight":1.0,"played":[1.0,0.0],"evs":[0.0,-5.69413]},"J2o":{"weight":1.0,"played":[1.0,0.0],"evs":[0.0,-5.37005]},"Q2o":{"weight":1.0,"played":[1.0,0.0],"evs":[0.0,-5.22748]},"K2o":{"weight":1.0,"played":[1.0,0.0],"evs":[0.0,-4.81135]},"A2o":{"weight":1.0,"played":[1.0,0.0],"evs":[0.0,-5.36058]},"32s":{"weight":1.0,"played":[1.0,0.0],"evs":[0.0,-4.71131]},"33":{"weight":1.0,"played":[1.0,0.0],"evs":[0.0,-3.77637]},"43o":{"weight":1.0,"played":[1.0,0.0],"evs":[0.0,-5.17759]},"53o":{"weight":1.0,"played":[1.0,0.0],"evs":[0.0,-4.98178]},"63o":{"weight":1.0,"played":[1.0,0.0],"evs":[0.0,-5.1386]},"73o":{"weight":1.0,"played":[1.0,0.0],"evs":[0.0,-5.44844]},"83o":{"weight":1.0,"played":[1.0,0.0],"evs":[0.0,-5.60516]},"93o":{"weight":1.0,"played":[1.0,0.0],"evs":[0.0,-5.7467]},"T3o":{"weight":1.0,"played":[1.0,0.0],"evs":[0.0,-5.51614]},"J3o":{"weight":1.0,"played":[1.0,0.0],"evs":[0.0,-5.21313]},"Q3o":{"weight":1.0,"played":[1.0,0.0],"evs":[0.0,-5.00979]},"K3o":{"weight":1.0,"played":[1.0,0.0],"evs":[0.0,-4.71862]},"A3o":{"weight":1.0,"played":[1.0,0.0],"evs":[0.0,-5.25058]},"42s":{"weight":1.0,"played":[1.0,0.0],"evs":[0.0,-4.61425]},"43s":{"weight":1.0,"played":[1.0,0.0],"evs":[0.0,-4.32026]},"44":{"weight":1.0,"played":[1.0,0.0],"evs":[0.0,-3.66014]},"54o":{"weight":1.0,"played":[1.0,0.0],"evs":[0.0,-4.68732]},"64o":{"weight":1.0,"played":[1.0,0.0],"evs":[0.0,-4.75569]},"74o":{"weight":1.0,"played":[1.0,0.0],"evs":[0.0,-5.09181]},"84o":{"weight":1.0,"played":[1.0,0.0],"evs":[0.0,-5.33477]},"94o":{"weight":1.0,"played":[1.0,0.0],"evs":[0.0,-5.72648]},"T4o":{"weight":1.0,"played":[1.0,0.0],"evs":[0.0,-5.44988]},"J4o":{"weight":1.0,"played":[1.0,0.0],"evs":[0.0,-5.21243]},"Q4o":{"weight":1.0,"played":[1.0,0.0],"evs":[0.0,-4.97819]},"K4o":{"weight":1.0,"played":[1.0,0.0],"evs":[0.0,-4.62268]},"A4o":{"weight":1.0,"played":[1.0,0.0],"evs":[0.0,-5.15407]},"52s":{"weight":1.0,"played":[1.0,0.0],"evs":[0.0,-4.49416]},"53s":{"weight":1.0,"played":[1.0,0.0],"evs":[0.0,-4.15015]},"54s":{"weight":1.0,"played":[1.0,0.0],"evs":[0.0,-3.91596]},"55":{"weight":1.0,"played":[1.0,0.0],"evs":[0.0,-3.37716]},"65o":{"weight":1.0,"played":[1.0,0.0],"evs":[0.0,-4.45877]},"75o":{"weight":1.0,"played":[1.0,0.0],"evs":[0.0,-4.70146]},"85o":{"weight":1.0,"played":[1.0,0.0],"evs":[0.0,-4.92753]},"95o":{"weight":1.0,"played":[1.0,0.0],"evs":[0.0,-5.32455]},"T5o":{"weight":1.0,"played":[1.0,0.0],"evs":[0.0,-5.36467]},"J5o":{"weight":1.0,"played":[1.0,0.0],"evs":[0.0,-5.03509]},"Q5o":{"weight":1.0,"played":[1.0,0.0],"evs":[0.0,-4.85356]},"K5o":{"weight":1.0,"played":[1.0,0.0],"evs":[0.0,-4.52271]},"A5o":{"weight":1.0,"played":[1.0,0.0],"evs":[0.0,-4.96885]},"62s":{"weight":1.0,"played":[1.0,0.0],"evs":[0.0,-4.5964]},"63s":{"weight":1.0,"played":[1.0,0.0],"evs":[0.0,-4.22265]},"64s":{"weight":1.0,"played":[1.0,0.0],"evs":[0.0,-3.97633]},"65s":{"weight":1.0,"played":[1.0,0.0],"evs":[0.0,-3.67914]},"66":{"weight":1.0,"played":[1.0,0.0],"evs":[0.0,-2.89419]},"76o":{"weight":1.0,"played":[1.0,0.0],"evs":[0.0,-4.3802]},"86o":{"weight":1.0,"played":[1.0,0.0],"evs":[0.0,-4.54243]},"96o":{"weight":1.0,"played":[1.0,0.0],"evs":[0.0,-4.90163]},"T6o":{"weight":1.0,"played":[1.0,0.0],"evs":[0.0,-4.96131]},"J6o":{"weight":1.0,"played":[1.0,0.0],"evs":[0.0,-4.94385]},"Q6o":{"weight":1.0,"played":[1.0,0.0],"evs":[0.0,-4.673]},"K6o":{"weight":1.0,"played":[1.0,0.0],"evs":[0.0,-4.33954]},"A6o":{"weight":1.0,"played":[1.0,0.0],"evs":[0.0,-5.19892]},"72s":{"weight":1.0,"played":[1.0,0.0],"evs":[0.0,-4.94411]},"73s":{"weight":1.0,"played":[1.0,0.0],"evs":[0.0,-4.51816]},"74s":{"weight":1.0,"played":[1.0,0.0],"evs":[0.0,-4.2534]},"75s":{"weight":1.0,"played":[1.0,0.0],"evs":[0.0,-3.79353]},"76s":{"weight":1.0,"played":[1.0,0.0],"evs":[0.0,-3.59998]},"77":{"weight":1.0,"played":[1.0,0.0],"evs":[0.0,-2.76221]},"87o":{"weight":1.0,"played":[1.0,0.0],"evs":[0.0,-4.41777]},"97o":{"weight":1.0,"played":[1.0,0.0],"evs":[0.0,-4.71809]},"T7o":{"weight":1.0,"played":[1.0,0.0],"evs":[0.0,-4.77144]},"J7o":{"weight":1.0,"played":[1.0,0.0],"evs":[0.0,-4.75463]},"Q7o":{"weight":1.0,"played":[1.0,0.0],"evs":[0.0,-4.71734]},"K7o":{"weight":1.0,"played":[1.0,0.0],"evs":[0.0,-4.31772]},"A7o":{"weight":1.0,"played":[1.0,0.0],"evs":[0.0,-5.01405]},"82s":{"weight":1.0,"played":[1.0,0.0],"evs":[0.0,-4.76679]},"83s":{"weight":1.0,"played":[1.0,0.0],"evs":[0.0,-4.7291]},"84s":{"weight":1.0,"played":[1.0,0.0],"evs":[0.0,-4.43756]},"85s":{"weight":1.0,"played":[1.0,0.0],"evs":[0.0,-4.10706]},"86s":{"weight":1.0,"played":[1.0,0.0],"evs":[0.0,-3.7787]},"87s":{"weight":1.0,"played":[1.0,0.0],"evs":[0.0,-3.52325]},"88":{"weight":1.0,"played":[1.0,0.0],"evs":[0.0,-2.29055]},"98o":{"weight":1.0,"played":[1.0,0.0],"evs":[0.0,-4.45182]},"T8o":{"weight":1.0,"played":[1.0,0.0],"evs":[0.0,-4.4579]},"J8o":{"weight":1.0,"played":[1.0,0.0],"evs":[0.0,-4.47275]},"Q8o":{"weight":1.0,"played":[1.0,0.0],"evs":[0.0,-4.51117]},"K8o":{"weight":1.0,"played":[1.0,0.0],"evs":[0.0,-4.34951]},"A8o":{"weight":1.0,"played":[1.0,0.0],"evs":[0.0,-4.89547]},"92s":{"weight":1.0,"played":[1.0,0.0],"evs":[0.0,-5.02416]},"93s":{"weight":1.0,"played":[1.0,0.0],"evs":[0.0,-4.81388]},"94s":{"weight":1.0,"played":[1.0,0.0],"evs":[0.0,-4.77507]},"95s":{"weight":1.0,"played":[1.0,0.0],"evs":[0.0,-4.34539]},"96s":{"weight":1.0,"played":[1.0,0.0],"evs":[0.0,-4.16846]},"97s":{"weight":1.0,"played":[1.0,0.0],"evs":[0.0,-3.83764]},"98s":{"weight":1.0,"played":[1.0,0.0],"evs":[0.0,-3.64322]},"99":{"weight":1.0,"played":[1.0,0.0],"evs":[0.0,-1.75563]},"T9o":{"weight":1.0,"played":[1.0,0.0],"evs":[0.0,-4.38707]},"J9o":{"weight":1.0,"played":[1.0,0.0],"evs":[0.0,-4.37299]},"Q9o":{"weight":1.0,"played":[1.0,0.0],"evs":[0.0,-4.41542]},"K9o":{"weight":1.0,"played":[1.0,0.0],"evs":[0.0,-4.28852]},"A9o":{"weight":1.0,"played":[1.0,0.0],"evs":[0.0,-4.51144]},"T2s":{"weight":1.0,"played":[1.0,0.0],"evs":[0.0,-4.7867]},"T3s":{"weight":1.0,"played":[1.0,0.0],"evs":[0.0,-4.6764]},"T4s":{"weight":1.0,"played":[1.0,0.0],"evs":[0.0,-4.5314]},"T5s":{"weight":1.0,"played":[1.0,0.0],"evs":[0.0,-4.51034]},"T6s":{"weight":1.0,"played":[1.0,0.0],"evs":[0.0,-4.13254]},"T7s":{"weight":1.0,"played":[1.0,0.0],"evs":[0.0,-3.95848]},"T8s":{"weight":1.0,"played":[1.0,0.0],"evs":[0.0,-3.59159]},"T9s":{"weight":1.0,"played":[1.0,0.0],"evs":[0.0,-3.51716]},"TT":{"weight":1.0,"played":[1.0,0.0],"evs":[0.0,-0.39348]},"JTo":{"weight":1.0,"played":[1.0,0.0],"evs":[0.0,-3.81553]},"QTo":{"weight":1.0,"played":[1.0,0.0],"evs":[0.0,-3.83245]},"KTo":{"weight":1.0,"played":[1.0,0.0],"evs":[0.0,-3.70023]},"ATo":{"weight":1.0,"played":[1.0,0.0],"evs":[0.0,-3.22805]},"J2s":{"weight":1.0,"played":[1.0,0.0],"evs":[0.0,-4.5172]},"J3s":{"weight":1.0,"played":[1.0,0.0],"evs":[0.0,-4.41726]},"J4s":{"weight":1.0,"played":[1.0,0.0],"evs":[0.0,-4.26973]},"J5s":{"weight":1.0,"played":[1.0,0.0],"evs":[0.0,-4.23451]},"J6s":{"weight":1.0,"played":[1.0,0.0],"evs":[0.0,-4.04021]},"J7s":{"weight":1.0,"played":[1.0,0.0],"evs":[0.0,-3.88216]},"J8s":{"weight":1.0,"played":[1.0,0.0],"evs":[0.0,-3.74105]},"J9s":{"weight":1.0,"played":[1.0,0.0],"evs":[0.0,-3.61647]},"JTs":{"weight":1.0,"played":[1.0,0.0],"evs":[0.0,-3.07076]},"JJ":{"weight":1.0,"played":[0.0,1.0],"evs":[0.0,0.69734]},"QJo":{"weight":1.0,"played":[1.0,0.0],"evs":[0.0,-3.41121]},"KJo":{"weight":1.0,"played":[1.0,0.0],"evs":[0.0,-3.1787]},"AJo":{"weight":1.0,"played":[1.0,0.0],"evs":[0.0,-2.38169]},"Q2s":{"weight":1.0,"played":[1.0,0.0],"evs":[0.0,-4.28009]},"Q3s":{"weight":1.0,"played":[1.0,0.0],"evs":[0.0,-4.12204]},"Q4s":{"weight":1.0,"played":[1.0,0.0],"evs":[0.0,-4.06948]},"Q5s":{"weight":1.0,"played":[1.0,0.0],"evs":[0.0,-3.98121]},"Q6s":{"weight":1.0,"played":[1.0,0.0],"evs":[0.0,-3.76952]},"Q7s":{"weight":1.0,"played":[1.0,0.0],"evs":[0.0,-3.86635]},"Q8s":{"weight":1.0,"played":[1.0,0.0],"evs":[0.0,-3.70267]},"Q9s":{"weight":1.0,"played":[1.0,0.0],"evs":[0.0,-3.64567]},"QTs":{"weight":1.0,"played":[1.0,0.0],"evs":[0.0,-2.98809]},"QJs":{"weight":1.0,"played":[1.0,0.0],"evs":[0.0,-2.61497]},"QQ":{"weight":1.0,"played":[0.0,1.0],"evs":[0.0,2.00463]},"KQo":{"weight":1.0,"played":[1.0,0.0],"evs":[0.0,-2.81593]},"AQo":{"weight":1.0,"played":[1.0,0.0],"evs":[0.0,-1.53913]},"K2s":{"weight":1.0,"played":[1.0,0.0],"evs":[0.0,-3.9582]},"K3s":{"weight":1.0,"played":[1.0,0.0],"evs":[0.0,-3.85293]},"K4s":{"weight":1.0,"played":[1.0,0.0],"evs":[0.0,-3.5996]},"K5s":{"weight":1.0,"played":[1.0,0.0],"evs":[0.0,-3.56655]},"K6s":{"weight":1.0,"played":[1.0,0.0],"evs":[0.0,-3.38975]},"K7s":{"weight":1.0,"played":[1.0,0.0],"evs":[0.0,-3.45731]},"K8s":{"weight":1.0,"played":[1.0,0.0],"evs":[0.0,-3.51298]},"K9s":{"weight":1.0,"played":[1.0,0.0],"evs":[0.0,-3.47246]},"KTs":{"weight":1.0,"played":[1.0,0.0],"evs":[0.0,-2.81629]},"KJs":{"weight":1.0,"played":[1.0,0.0],"evs":[0.0,-2.42471]},"KQs":{"weight":1.0,"played":[1.0,0.0],"evs":[0.0,-1.92104]},"KK":{"weight":1.0,"played":[0.0,1.0],"evs":[0.0,3.70561]},"AKo":{"weight":1.0,"played":[0.9995,5.0E-4],"evs":[0.0,-0.42897]},"A2s":{"weight":1.0,"played":[1.0,0.0],"evs":[0.0,-4.41892]},"A3s":{"weight":1.0,"played":[1.0,0.0],"evs":[0.0,-4.25404]},"A4s":{"weight":1.0,"played":[1.0,0.0],"evs":[0.0,-4.19925]},"A5s":{"weight":1.0,"played":[1.0,0.0],"evs":[0.0,-4.09013]},"A6s":{"weight":1.0,"played":[1.0,0.0],"evs":[0.0,-4.15309]},"A7s":{"weight":1.0,"played":[1.0,0.0],"evs":[0.0,-4.18327]},"A8s":{"weight":1.0,"played":[1.0,0.0],"evs":[0.0,-3.99248]},"A9s":{"weight":1.0,"played":[1.0,0.0],"evs":[0.0,-3.60673]},"ATs":{"weight":1.0,"played":[1.0,0.0],"evs":[0.0,-2.46843]},"AJs":{"weight":1.0,"played":[1.0,0.0],"evs":[0.0,-1.59543]},"AQs":{"weight":1.0,"played":[1.0,0.0],"evs":[0.0,-0.86634]},"AKs":{"weight":1.0,"played":[0.0933,0.9067],"evs":[0.0,0.23126]},"AA":{"weight":1.0,"played":[0.0,1.0],"evs":[0.0,6.76099]}}}