{"player":5,"street":0,"children":2,"sequence":[{"player":0,"type":"F","amount":0,"street":0},{"player":1,"type":"R","amount":31750000,"street":0},{"player":2,"type":"F","amount":0,"street":0},{"player":3,"type":"R","amount":54750000,"street":0},{"player":4,"type":"F","amount":0,"street":0}],"actions":[{"type":"F","amount":0},{"type":"C","amount":23750000}],"hands":{"22":{"weight":1.0,"played":[1.0,0.0],"evs":[0.0,-3.60388]},"32o":{"weight":1.0,"played":[1.0,0.0],"evs":[0.0,-5.36325]},"42o":{"weight":1.0,"played":[1.0,0.0],"evs":[0.0,-5.31644]},"52o":{"weight":1.0,"played":[1.0,0.0],"evs":[0.0,-5.13713]},"62o":{"weight":1.0,"played":[1.0,0.0],"evs":[0.0,-5.27073]},"72o":{"weight":1.0,"played":[1.0,0.0],"evs":[0.0,-5.48937]},"82o":{"weight":1.0,"played":[1.0,0.0],"evs":[0.0,-5.37619]},"92o":{"weight":1.0,"played":[1.0,0.0],"evs":[0.0,-5.35806]},"T2o":{"weight":1.0,"played":[1.0,0.0],"evs":[0.0,-5.27366]},"J2o":{"weight":1.0,"played":[1.0,0.0],"evs":[0.0,-5.33739]},"Q2o":{"weight":1.0,"played":[1.0,0.0],"evs":[0.0,-5.12455]},"K2o":{"weight":1.0,"played":[1.0,0.0],"evs":[0.0,-4.93302]},"A2o":{"weight":1.0,"played":[1.0,0.0],"evs":[0.0,-5.08951]},"32s":{"weight":1.0,"played":[1.0,0.0],"evs":[0.0,-4.56878]},"33":{"weight":1.0,"played":[1.0,0.0],"evs":[0.0,-3.42477]},"43o":{"weight":1.0,"played":[1.0,0.0],"evs":[0.0,-4.92528]},"53o":{"weight":1.0,"played":[1.0,0.0],"evs":[0.0,-4.8175]},"63o":{"weight":1.0,"played":[1.0,0.0],"evs":[0.0,-4.87647]},"73o":{"weight":1.0,"played":[1.0,0.0],"evs":[0.0,-5.14925]},"83o":{"weight":1.0,"played":[1.0,0.0],"evs":[0.0,-5.29002]},"93o":{"weight":1.0,"played":[1.0,0.0],"evs":[0.0,-5.25463]},"T3o":{"weight":1.0,"played":[1.0,0.0],"evs":[0.0,-5.15182]},"J3o":{"weight":1.0,"played":[1.0,0.0],"evs":[0.0,-5.17104]},"Q3o":{"weight":1.0,"played":[1.0,0.0],"evs":[0.0,-5.02653]},"K3o":{"weight":1.0,"played":[1.0,0.0],"evs":[0.0,-4.81055]},"A3o":{"weight":1.0,"played":[1.0,0.0],"evs":[0.0,-4.95123]},"42s":{"weight":1.0,"played":[1.0,0.0],"evs":[0.0,-4.48348]},"43s":{"weight":1.0,"played":[1.0,0.0],"evs":[0.0,-4.18759]},"44":{"weight":1.0,"played":[1.0,0.0],"evs":[0.0,-3.28307]},"54o":{"weight":1.0,"played":[1.0,0.0],"evs":[0.0,-4.45345]},"64o":{"weight":1.0,"played":[1.0,0.0],"evs":[0.0,-4.58056]},"74o":{"weight":1.0,"played":[1.0,0.0],"evs":[0.0,-4.76698]},"84o":{"weight":1.0,"played":[1.0,0.0],"evs":[0.0,-4.95991]},"94o":{"weight":1.0,"played":[1.0,0.0],"evs":[0.0,-5.21104]},"T4o":{"weight":1.0,"played":[1.0,0.0],"evs":[0.0,-4.98071]},"J4o":{"weight":1.0,"played":[1.0,0.0],"evs":[0.0,-5.10515]},"Q4o":{"weight":1.0,"played":[1.0,0.0],"evs":[0.0,-4.97646]},"K4o":{"weight":1.0,"played":[1.0,0.0],"evs":[0.0,-4.73127]},"A4o":{"weight":1.0,"played":[1.0,0.0],"evs":[0.0,-4.85557]},"52s":{"weight":1.0,"played":[1.0,0.0],"evs":[0.0,-4.32257]},"53s":{"weight":1.0,"played":[1.0,0.0],"evs":[0.0,-4.00339]},"54s":{"weight":1.0,"played":[1.0,0.0],"evs":[0.0,-3.67452]},"55":{"weight":1.0,"played":[1.0,0.0],"evs":[0.0,-2.98553]},"65o":{"weight":1.0,"played":[1.0,0.0],"evs":[0.0,-4.22027]},"75o":{"weight":1.0,"played":[1.0,0.0],"evs":[0.0,-4.43342]},"85o":{"weight":1.0,"played":[1.0,0.0],"evs":[0.0,-4.55674]},"95o":{"weight":1.0,"played":[1.0,0.0],"evs":[0.0,-4.84963]},"T5o":{"weight":1.0,"played":[1.0,0.0],"evs":[0.0,-4.98876]},"J5o":{"weight":1.0,"played":[1.0,0.0],"evs":[0.0,-4.98765]},"Q5o":{"weight":1.0,"played":[1.0,0.0],"evs":[0.0,-4.85098]},"K5o":{"weight":1.0,"played":[1.0,0.0],"evs":[0.0,-4.57569]},"A5o":{"weight":1.0,"played":[1.0,0.0],"evs":[0.0,-4.75328]},"62s":{"weight":1.0,"played":[1.0,0.0],"evs":[0.0,-4.43356]},"63s":{"weight":1.0,"played":[1.0,0.0],"evs":[0.0,-4.09781]},"64s":{"weight":1.0,"played":[1.0,0.0],"evs":[0.0,-3.81532]},"65s":{"weight":1.0,"played":[1.0,0.0],"evs":[0.0,-3.39533]},"66":{"weight":1.0,"played":[1.0,0.0],"evs":[0.0,-2.39443]},"76o":{"weight":1.0,"played":[1.0,0.0],"evs":[0.0,-4.03691]},"86o":{"weight":1.0,"played":[1.0,0.0],"evs":[0.0,-4.18877]},"96o":{"weight":1.0,"played":[1.0,0.0],"evs":[0.0,-4.41306]},"T6o":{"weight":1.0,"played":[1.0,0.0],"evs":[0.0,-4.5837]},"J6o":{"weight":1.0,"played":[1.0,0.0],"evs":[0.0,-4.85853]},"Q6o":{"weight":1.0,"played":[1.0,0.0],"evs":[0.0,-4.64565]},"K6o":{"weight":1.0,"played":[1.0,0.0],"evs":[0.0,-4.40362]},"A6o":{"weight":1.0,"played":[1.0,0.0],"evs":[0.0,-4.90769]},"72s":{"weight":1.0,"played":[1.0,0.0],"evs":[0.0,-4.6168]},"73s":{"weight":1.0,"played":[1.0,0.0],"evs":[0.0,-4.33418]},"74s":{"weight":1.0,"played":[1.0,0.0],"evs":[0.0,-3.97591]},"75s":{"weight":1.0,"played":[1.0,0.0],"evs":[0.0,-3.57481]},"76s":{"weight":1.0,"played":[1.0,0.0],"evs":[0.0,-3.29219]},"77":{"weight":1.0,"played":[1.0,0.0],"evs":[0.0,-1.91838]},"87o":{"weight":1.0,"played":[1.0,0.0],"evs":[0.0,-4.05205]},"97o":{"weight":1.0,"played":[1.0,0.0],"evs":[0.0,-4.15318]},"T7o":{"weight":1.0,"played":[1.0,0.0],"evs":[0.0,-4.30268]},"J7o":{"weight":1.0,"played":[1.0,0.0],"evs":[0.0,-4.61063]},"Q7o":{"weight":1.0,"played":[1.0,0.0],"evs":[0.0,-4.69656]},"K7o":{"weight":1.0,"played":[1.0,0.0],"evs":[0.0,-4.40652]},"A7o":{"weight":1.0,"played":[1.0,0.0],"evs":[0.0,-4.69969]},"82s":{"weight":1.0,"played":[1.0,0.0],"evs":[0.0,-4.51623]},"83s":{"weight":1.0,"played":[1.0,0.0],"evs":[0.0,-4.43709]},"84s":{"weight":1.0,"played":[1.0,0.0],"evs":[0.0,-4.21377]},"85s":{"weight":1.0,"played":[1.0,0.0],"evs":[0.0,-3.74286]},"86s":{"weight":1.0,"played":[1.0,0.0],"evs":[0.0,-3.36344]},"87s":{"weight":1.0,"played":[1.0,0.0],"evs":[0.0,-3.26582]},"88":{"weight":1.0,"played":[1.0,0.0],"evs":[0.0,-1.39341]},"98o":{"weight":1.0,"played":[1.0,0.0],"evs":[0.0,-3.95623]},"T8o":{"weight":1.0,"played":[1.0,0.0],"evs":[0.0,-4.00021]},"J8o":{"weight":1.0,"played":[1.0,0.0],"evs":[0.0,-4.26308]},"Q8o":{"weight":1.0,"played":[1.0,0.0],"evs":[0.0,-4.39462]},"K8o":{"weight":1.0,"played":[1.0,0.0],"evs":[0.0,-4.37482]},"A8o":{"weight":1.0,"played":[1.0,0.0],"evs":[0.0,-4.40215]},"92s":{"weight":1.0,"played":[1.0,0.0],"evs":[0.0,-4.55193]},"93s":{"weight":1.0,"played":[1.0,0.0],"evs":[0.0,-4.33001]},"94s":{"weight":1.0,"played":[1.0,0.0],"evs":[0.0,-4.47486]},"95s":{"weight":1.0,"played":[1.0,0.0],"evs":[0.0,-4.00452]},"96s":{"weight":1.0,"played":[1.0,0.0],"evs":[0.0,-3.58111]},"97s":{"weight":1.0,"played":[1.0,0.0],"evs":[0.0,-3.4326]},"98s":{"weight":1.0,"played":[1.0,0.0],"evs":[0.0,-3.10782]},"99":{"weight":1.0,"played":[1.0,0.0],"evs":[0.0,-0.89529]},"T9o":{"weight":1.0,"played":[1.0,0.0],"evs":[0.0,-3.75122]},"J9o":{"weight":1.0,"played":[1.0,0.0],"evs":[0.0,-4.00849]},"Q9o":{"weight":1.0,"played":[1.0,0.0],"evs":[0.0,-4.09833]},"K9o":{"weight":1.0,"played":[1.0,0.0],"evs":[0.0,-3.99918]},"A9o":{"weight":1.0,"played":[1.0,0.0],"evs":[0.0,-4.09563]},"T2s":{"weight":1.0,"played":[1.0,0.0],"evs":[0.0,-4.37057]},"T3s":{"weight":1.0,"played":[1.0,0.0],"evs":[0.0,-4.3253]},"T4s":{"weight":1.0,"played":[1.0,0.0],"evs":[0.0,-4.20014]},"T5s":{"weight":1.0,"played":[1.0,0.0],"evs":[0.0,-4.08646]},"T6s":{"weight":1.0,"played":[1.0,0.0],"evs":[0.0,-3.78586]},"T7s":{"weight":1.0,"played":[1.0,0.0],"evs":[0.0,-3.5124]},"T8s":{"weight":1.0,"played":[1.0,0.0],"evs":[0.0,-3.2319]},"T9s":{"weight":1.0,"played":[1.0,0.0],"evs":[0.0,-2.97129]},"TT":{"weight":1.0,"played":[0.9498,0.0502],"evs":[0.0,-0.20596]},"JTo":{"weight":1.0,"played":[1.0,0.0],"evs":[0.0,-3.48586]},"QTo":{"weight":1.0,"played":[1.0,0.0],"evs":[0.0,-3.58123]},"KTo":{"weight":1.0,"played":[1.0,0.0],"evs":[0.0,-3.5318]},"ATo":{"weight":1.0,"played":[1.0,0.0],"evs":[0.0,-3.39703]},"J2s":{"weight":1.0,"played":[1.0,0.0],"evs":[0.0,-4.46659]},"J3s":{"weight":1.0,"played":[1.0,0.0],"evs":[0.0,-4.38152]},"J4s":{"weight":1.0,"played":[1.0,0.0],"evs":[0.0,-4.33306]},"J5s":{"weight":1.0,"played":[1.0,0.0],"evs":[0.0,-4.16501]},"J6s":{"weight":1.0,"played":[1.0,0.0],"evs":[0.0,-3.99354]},"J7s":{"weight":1.0,"played":[1.0,0.0],"evs":[0.0,-3.76508]},"J8s":{"weight":1.0,"played":[1.0,0.0],"evs":[0.0,-3.5995]},"J9s":{"weight":1.0,"played":[1.0,0.0],"evs":[0.0,-3.1734]},"JTs":{"weight":1.0,"played":[1.0,0.0],"evs":[0.0,-2.86742]},"JJ":{"weight":1.0,"played":[0.0,1.0],"evs":[0.0,0.8591]},"QJo":{"weight":1.0,"played":[1.0,0.0],"evs":[0.0,-3.55266]},"KJo":{"weight":1.0,"played":[1.0,0.0],"evs":[0.0,-3.47851]},"AJo":{"weight":1.0,"played":[1.0,0.0],"evs":[0.0,-2.68858]},"Q2s":{"weight":1.0,"played":[1.0,0.0],"evs":[0.0,-4.286]},"Q3s":{"weight":1.0,"played":[1.0,0.0],"evs":[0.0,-4.14268]},"Q4s":{"weight":1.0,"played":[1.0,0.0],"evs":[0.0,-4.1863]},"Q5s":{"weight":1.0,"played":[1.0,0.0],"evs":[0.0,-3.98668]},"Q6s":{"weight":1.0,"played":[1.0,0.0],"evs":[0.0,-3.79704]},"Q7s":{"weight":1.0,"played":[1.0,0.0],"evs":[0.0,-3.83726]},"Q8s":{"weight":1.0,"played":[1.0,0.0],"evs":[0.0,-3.64787]},"Q9s":{"weight":1.0,"played":[1.0,0.0],"evs":[0.0,-3.3442]},"QTs":{"weight":1.0,"played":[1.0,0.0],"evs":[0.0,-2.77297]},"QJs":{"weight":1.0,"played":[1.0,0.0],"evs":[0.0,-2.79763]},"QQ":{"weight":1.0,"played":[0.0,1.0],"evs":[0.0,2.50659]},"KQo":{"weight":1.0,"played":[1.0,0.0],"evs":[0.0,-2.91863]},"AQo":{"weight":1.0,"played":[1.0,0.0],"evs":[0.0,-1.48632]},"K2s":{"weight":1.0,"played":[1.0,0.0],"evs":[0.0,-4.03425]},"K3s":{"weight":1.0,"played":[1.0,0.0],"evs":[0.0,-3.92492]},"K4s":{"weight":1.0,"played":[1.0,0.0],"evs":[0.0,-3.7827]},"K5s":{"weight":1.0,"played":[1.0,0.0],"evs":[0.0,-3.7108]},"K6s":{"weight":1.0,"played":[1.0,0.0],"evs":[0.0,-3.56359]},"K7s":{"weight":1.0,"played":[1.0,0.0],"evs":[0.0,-3.51148]},"K8s":{"weight":1.0,"played":[1.0,0.0],"evs":[0.0,-3.55923]},"K9s":{"weight":1.0,"played":[1.0,0.0],"evs":[0.0,-3.2395]},"KTs":{"weight":1.0,"played":[1.0,0.0],"evs":[0.0,-2.80486]},"KJs":{"weight":1.0,"played":[1.0,0.0],"evs":[0.0,-2.66529]},"KQs":{"weight":1.0,"played":[1.0,0.0],"evs":[0.0,-2.30466]},"KK":{"weight":1.0,"played":[0.0,1.0],"evs":[0.0,4.174]},"AKo":{"weight":1.0,"played":[0.9996,4.0E-4],"evs":[0.0,-0.27597]},"A2s":{"weight":1.0,"played":[1.0,0.0],"evs":[0.0,-4.12108]},"A3s":{"weight":1.0,"played":[1.0,0.0],"evs":[0.0,-4.05668]},"A4s":{"weight":1.0,"played":[1.0,0.0],"evs":[0.0,-3.9595]},"A5s":{"weight":1.0,"played":[1.0,0.0],"evs":[0.0,-3.84199]},"A6s":{"weight":1.0,"played":[1.0,0.0],"evs":[0.0,-3.92374]},"A7s":{"weight":1.0,"played":[1.0,0.0],"evs":[0.0,-3.90076]},"A8s":{"weight":1.0,"played":[1.0,0.0],"evs":[0.0,-3.46102]},"A9s":{"weight":1.0,"played":[1.0,0.0],"evs":[0.0,-3.21197]},"ATs":{"weight":1.0,"played":[1.0,0.0],"evs":[0.0,-2.58223]},"AJs":{"weight":1.0,"played":[1.0,0.0],"evs":[0.0,-1.90107]},"AQs":{"weight":1.0,"played":[0.9999,1.0E-4],"evs":[0.0,-0.79319]},"AKs":{"weight":1.0,"played":[1.0E-4,0.9999],"evs":[0.0,0.44021]},"AA":{"weight":1.0,"played":[0.0,1.0],"evs":[0.0,6.76938]}}}