{"player":3,"street":0,"children":3,"sequence":[{"player":0,"type":"F","amount":0,"street":0},{"player":1,"type":"R","amount":31750000,"street":0},{"player":2,"type":"C","amount":31750000,"street":0}],"actions":[{"type":"F","amount":0,"node":35},{"type":"C","amount":31750000,"node":41},{"type":"R","amount":54750000,"node":50}],"hands":{"22":{"weight":1.0,"played":[1.0,0.0,0.0],"evs":[0.0,-1.40951,-1.4094]},"32o":{"weight":1.0,"played":[1.0,0.0,0.0],"evs":[0.0,-3.09769,-3.2172]},"42o":{"weight":1.0,"played":[1.0,0.0,0.0],"evs":[0.0,-2.97832,-3.08713]},"52o":{"weight":1.0,"played":[1.0,0.0,0.0],"evs":[0.0,-2.85127,-2.96897]},"62o":{"weight":1.0,"played":[1.0,0.0,0.0],"evs":[0.0,-2.93778,-3.04563]},"72o":{"weight":1.0,"played":[1.0,0.0,0.0],"evs":[0.0,-3.22964,-3.36102]},"82o":{"weight":1.0,"played":[1.0,0.0,0.0],"evs":[0.0,-3.25049,-3.37541]},"92o":{"weight":1.0,"played":[1.0,0.0,0.0],"evs":[0.0,-3.22294,-3.35263]},"T2o":{"weight":1.0,"played":[1.0,0.0,0.0],"evs":[0.0,-3.13864,-3.24144]},"J2o":{"weight":1.0,"played":[1.0,0.0,0.0],"evs":[0.0,-3.36484,-3.47017]},"Q2o":{"weight":1.0,"played":[1.0,0.0,0.0],"evs":[0.0,-2.81306,-2.89496]},"K2o":{"weight":1.0,"played":[1.0,0.0,0.0],"evs":[0.0,-2.77633,-2.84609]},"A2o":{"weight":1.0,"played":[1.0,0.0,0.0],"evs":[0.0,-3.17656,-3.2713]},"32s":{"weight":1.0,"played":[1.0,0.0,0.0],"evs":[0.0,-2.36463,-2.45277]},"33":{"weight":1.0,"played":[1.0,0.0,0.0],"evs":[0.0,-1.2174,-1.21891]},"43o":{"weight":1.0,"played":[1.0,0.0,0.0],"evs":[0.0,-2.54594,-2.63303]},"53o":{"weight":1.0,"played":[1.0,0.0,0.0],"evs":[0.0,-2.46071,-2.54981]},"63o":{"weight":1.0,"played":[1.0,0.0,0.0],"evs":[0.0,-2.62282,-2.71659]},"73o":{"weight":1.0,"played":[1.0,0.0,0.0],"evs":[0.0,-2.88653,-2.99011]},"83o":{"weight":1.0,"played":[1.0,0.0,0.0],"evs":[0.0,-3.18957,-3.309]},"93o":{"weight":1.0,"played":[1.0,0.0,0.0],"evs":[0.0,-3.14048,-3.25986]},"T3o":{"weight":1.0,"played":[1.0,0.0,0.0],"evs":[0.0,-2.96977,-3.07612]},"J3o":{"weight":1.0,"played":[1.0,0.0,0.0],"evs":[0.0,-3.18943,-3.29318]},"Q3o":{"weight":1.0,"played":[1.0,0.0,0.0],"evs":[0.0,-2.77105,-2.85067]},"K3o":{"weight":1.0,"played":[1.0,0.0,0.0],"evs":[0.0,-2.71347,-2.77064]},"A3o":{"weight":1.0,"played":[1.0,0.0,0.0],"evs":[0.0,-3.0356,-3.13389]},"42s":{"weight":1.0,"played":[1.0,0.0,0.0],"evs":[0.0,-2.23863,-2.2809]},"43s":{"weight":1.0,"played":[1.0,0.0,0.0],"evs":[0.0,-1.75185,-1.81083]},"44":{"weight":1.0,"played":[1.0,0.0,0.0],"evs":[0.0,-1.0106,-1.02504]},"54o":{"weight":1.0,"played":[1.0,0.0,0.0],"evs":[0.0,-2.15417,-2.21601]},"64o":{"weight":1.0,"played":[1.0,0.0,0.0],"evs":[0.0,-2.29646,-2.37486]},"74o":{"weight":1.0,"played":[1.0,0.0,0.0],"evs":[0.0,-2.58243,-2.67498]},"84o":{"weight":1.0,"played":[1.0,0.0,0.0],"evs":[0.0,-2.85801,-2.96035]},"94o":{"weight":1.0,"played":[1.0,0.0,0.0],"evs":[0.0,-2.99652,-3.1138]},"T4o":{"weight":1.0,"played":[1.0,0.0,0.0],"evs":[0.0,-2.91838,-3.01844]},"J4o":{"weight":1.0,"played":[1.0,0.0,0.0],"evs":[0.0,-3.09801,-3.21248]},"Q4o":{"weight":1.0,"played":[1.0,0.0,0.0],"evs":[0.0,-2.59911,-2.67449]},"K4o":{"weight":1.0,"played":[1.0,0.0,0.0],"evs":[0.0,-2.57467,-2.63012]},"A4o":{"weight":1.0,"played":[1.0,0.0,0.0],"evs":[0.0,-2.93604,-3.01942]},"52s":{"weight":1.0,"played":[1.0,0.0,0.0],"evs":[0.0,-2.01382,-2.06595]},"53s":{"weight":1.0,"played":[1.0,0.0,0.0],"evs":[0.0,-1.68465,-1.74153]},"54s":{"weight":1.0,"played":[0.9999,0.0,1.0E-4],"evs":[0.0,-1.37191,-1.41812]},"55":{"weight":1.0,"played":[1.0,0.0,0.0],"evs":[0.0,-0.90356,-0.91901]},"65o":{"weight":1.0,"played":[1.0,0.0,0.0],"evs":[0.0,-1.99421,-2.05754]},"75o":{"weight":1.0,"played":[1.0,0.0,0.0],"evs":[0.0,-2.2408,-2.31347]},"85o":{"weight":1.0,"played":[1.0,0.0,0.0],"evs":[0.0,-2.47353,-2.55079]},"95o":{"weight":1.0,"played":[1.0,0.0,0.0],"evs":[0.0,-2.65185,-2.75154]},"T5o":{"weight":1.0,"played":[1.0,0.0,0.0],"evs":[0.0,-2.85822,-2.93326]},"J5o":{"weight":1.0,"played":[1.0,0.0,0.0],"evs":[0.0,-3.00742,-3.10357]},"Q5o":{"weight":1.0,"played":[1.0,0.0,0.0],"evs":[0.0,-2.4963,-2.57339]},"K5o":{"weight":1.0,"played":[1.0,0.0,0.0],"evs":[0.0,-2.42316,-2.47474]},"A5o":{"weight":1.0,"played":[1.0,0.0,0.0],"evs":[0.0,-2.82925,-2.89613]},"62s":{"weight":1.0,"played":[1.0,0.0,0.0],"evs":[0.0,-2.21939,-2.29589]},"63s":{"weight":1.0,"played":[1.0,0.0,0.0],"evs":[0.0,-1.95762,-2.03963]},"64s":{"weight":1.0,"played":[1.0,0.0,0.0],"evs":[0.0,-1.54147,-1.60742]},"65s":{"weight":1.0,"played":[1.0,0.0,0.0],"evs":[0.0,-1.22725,-1.25762]},"66":{"weight":1.0,"played":[1.0,0.0,0.0],"evs":[0.0,-0.62472,-0.62581]},"76o":{"weight":1.0,"played":[1.0,0.0,0.0],"evs":[0.0,-1.98755,-2.05155]},"86o":{"weight":1.0,"played":[1.0,0.0,0.0],"evs":[0.0,-2.20699,-2.29294]},"96o":{"weight":1.0,"played":[1.0,0.0,0.0],"evs":[0.0,-2.36777,-2.44395]},"T6o":{"weight":1.0,"played":[1.0,0.0,0.0],"evs":[0.0,-2.50191,-2.59323]},"J6o":{"weight":1.0,"played":[1.0,0.0,0.0],"evs":[0.0,-2.94737,-3.05347]},"Q6o":{"weight":1.0,"played":[1.0,0.0,0.0],"evs":[0.0,-2.35727,-2.42806]},"K6o":{"weight":1.0,"played":[1.0,0.0,0.0],"evs":[0.0,-2.33533,-2.39208]},"A6o":{"weight":1.0,"played":[1.0,0.0,0.0],"evs":[0.0,-2.97639,-3.07143]},"72s":{"weight":1.0,"played":[1.0,0.0,0.0],"evs":[0.0,-2.54068,-2.62051]},"73s":{"weight":1.0,"played":[1.0,0.0,0.0],"evs":[0.0,-2.06759,-2.1529]},"74s":{"weight":1.0,"played":[1.0,0.0,0.0],"evs":[0.0,-1.80724,-1.84742]},"75s":{"weight":1.0,"played":[1.0,0.0,0.0],"evs":[0.0,-1.48629,-1.5214]},"76s":{"weight":1.0,"played":[1.0,0.0,0.0],"evs":[0.0,-1.41286,-1.45182]},"77":{"weight":1.0,"played":[0.9999,0.0,0.0],"evs":[0.0,-0.53559,-0.53019]},"87o":{"weight":1.0,"played":[1.0,0.0,0.0],"evs":[0.0,-2.08291,-2.15639]},"97o":{"weight":1.0,"played":[1.0,0.0,0.0],"evs":[0.0,-2.19753,-2.26419]},"T7o":{"weight":1.0,"played":[1.0,0.0,0.0],"evs":[0.0,-2.3929,-2.46147]},"J7o":{"weight":1.0,"played":[1.0,0.0,0.0],"evs":[0.0,-2.78452,-2.87652]},"Q7o":{"weight":1.0,"played":[1.0,0.0,0.0],"evs":[0.0,-2.5158,-2.60154]},"K7o":{"weight":1.0,"played":[1.0,0.0,0.0],"evs":[0.0,-2.35797,-2.42963]},"A7o":{"weight":1.0,"played":[1.0,0.0,0.0],"evs":[0.0,-2.92285,-3.0176]},"82s":{"weight":1.0,"played":[1.0,0.0,0.0],"evs":[0.0,-2.33766,-2.44085]},"83s":{"weight":1.0,"played":[1.0,0.0,0.0],"evs":[0.0,-2.34415,-2.42894]},"84s":{"weight":1.0,"played":[1.0,0.0,0.0],"evs":[0.0,-2.02385,-2.08998]},"85s":{"weight":1.0,"played":[1.0,0.0,0.0],"evs":[0.0,-1.80047,-1.83285]},"86s":{"weight":1.0,"played":[1.0,0.0,0.0],"evs":[0.0,-1.47099,-1.50826]},"87s":{"weight":1.0,"played":[1.0,0.0,0.0],"evs":[0.0,-1.39752,-1.43902]},"88":{"weight":1.0,"played":[0.9992,6.0E-4,2.0E-4],"evs":[0.0,-0.34544,-0.33968]},"98o":{"weight":1.0,"played":[1.0,0.0,0.0],"evs":[0.0,-2.04704,-2.12783]},"T8o":{"weight":1.0,"played":[1.0,0.0,0.0],"evs":[0.0,-2.17965,-2.25822]},"J8o":{"weight":1.0,"played":[1.0,0.0,0.0],"evs":[0.0,-2.54503,-2.62365]},"Q8o":{"weight":1.0,"played":[1.0,0.0,0.0],"evs":[0.0,-2.34592,-2.41434]},"K8o":{"weight":1.0,"played":[1.0,0.0,0.0],"evs":[0.0,-2.46908,-2.53233]},"A8o":{"weight":1.0,"played":[1.0,0.0,0.0],"evs":[0.0,-2.88376,-2.98887]},"92s":{"weight":1.0,"played":[1.0,0.0,0.0],"evs":[0.0,-2.28718,-2.35137]},"93s":{"weight":1.0,"played":[1.0,0.0,0.0],"evs":[0.0,-2.30329,-2.36456]},"94s":{"weight":1.0,"played":[1.0,0.0,0.0],"evs":[0.0,-2.31147,-2.39773]},"95s":{"weight":1.0,"played":[1.0,0.0,0.0],"evs":[0.0,-2.01895,-2.0805]},"96s":{"weight":1.0,"played":[1.0,0.0,0.0],"evs":[0.0,-1.62096,-1.68273]},"97s":{"weight":1.0,"played":[1.0,0.0,0.0],"evs":[0.0,-1.38647,-1.42698]},"98s":{"weight":1.0,"played":[1.0,0.0,0.0],"evs":[0.0,-1.32643,-1.37607]},"99":{"weight":1.0,"played":[0.0042,0.58,0.4159],"evs":[0.0,0.27091,0.26629]},"T9o":{"weight":1.0,"played":[1.0,0.0,0.0],"evs":[0.0,-1.8439,-1.91406]},"J9o":{"weight":1.0,"played":[1.0,0.0,0.0],"evs":[0.0,-2.26503,-2.34505]},"Q9o":{"weight":1.0,"played":[1.0,0.0,0.0],"evs":[0.0,-2.05748,-2.12529]},"K9o":{"weight":1.0,"played":[1.0,0.0,0.0],"evs":[0.0,-2.24186,-2.29802]},"A9o":{"weight":1.0,"played":[1.0,0.0,0.0],"evs":[0.0,-2.83824,-2.94736]},"T2s":{"weight":1.0,"played":[1.0,0.0,0.0],"evs":[0.0,-2.28265,-2.34364]},"T3s":{"weight":1.0,"played":[1.0,0.0,0.0],"evs":[0.0,-2.10957,-2.16722]},"T4s":{"weight":1.0,"played":[1.0,0.0,0.0],"evs":[0.0,-2.05204,-2.11507]},"T5s":{"weight":1.0,"played":[1.0,0.0,0.0],"evs":[0.0,-2.05346,-2.11553]},"T6s":{"weight":1.0,"played":[1.0,0.0,0.0],"evs":[0.0,-1.75298,-1.8011]},"T7s":{"weight":1.0,"played":[1.0,0.0,0.0],"evs":[0.0,-1.4923,-1.54482]},"T8s":{"weight":1.0,"played":[1.0,0.0,0.0],"evs":[0.0,-1.335,-1.37923]},"T9s":{"weight":1.0,"played":[1.0,0.0,0.0],"evs":[0.0,-1.12458,-1.16418]},"TT":{"weight":1.0,"played":[0.0,0.2431,0.7569],"evs":[0.0,1.17075,1.17248]},"JTo":{"weight":1.0,"played":[1.0,0.0,0.0],"evs":[0.0,-1.94209,-2.024]},"QTo":{"weight":1.0,"played":[1.0,0.0,0.0],"evs":[0.0,-1.62858,-1.68078]},"KTo":{"weight":1.0,"played":[1.0,0.0,0.0],"evs":[0.0,-1.76937,-1.81818]},"ATo":{"weight":1.0,"played":[1.0,0.0,0.0],"evs":[0.0,-2.20608,-2.29998]},"J2s":{"weight":1.0,"played":[1.0,0.0,0.0],"evs":[0.0,-2.55847,-2.63776]},"J3s":{"weight":1.0,"played":[1.0,0.0,0.0],"evs":[0.0,-2.41949,-2.4789]},"J4s":{"weight":1.0,"played":[1.0,0.0,0.0],"evs":[0.0,-2.33488,-2.38998]},"J5s":{"weight":1.0,"played":[1.0,0.0,0.0],"evs":[0.0,-2.24457,-2.29593]},"J6s":{"weight":1.0,"played":[1.0,0.0,0.0],"evs":[0.0,-2.10107,-2.15894]},"J7s":{"weight":1.0,"played":[1.0,0.0,0.0],"evs":[0.0,-1.95977,-2.03342]},"J8s":{"weight":1.0,"played":[1.0,0.0,0.0],"evs":[0.0,-1.71576,-1.78417]},"J9s":{"weight":1.0,"played":[1.0,0.0,0.0],"evs":[0.0,-1.51715,-1.56676]},"JTs":{"weight":1.0,"played":[1.0,0.0,0.0],"evs":[0.0,-1.132,-1.1938]},"JJ":{"weight":1.0,"played":[0.0,0.7756,0.2244],"evs":[0.0,2.13224,2.13573]},"QJo":{"weight":1.0,"played":[1.0,0.0,0.0],"evs":[0.0,-1.8172,-1.88667]},"KJo":{"weight":1.0,"played":[1.0,0.0,0.0],"evs":[0.0,-1.87405,-1.93376]},"AJo":{"weight":1.0,"played":[1.0,0.0,0.0],"evs":[0.0,-1.57232,-1.60634]},"Q2s":{"weight":1.0,"played":[1.0,0.0,0.0],"evs":[0.0,-2.08121,-2.13249]},"Q3s":{"weight":1.0,"played":[1.0,0.0,0.0],"evs":[0.0,-1.9458,-1.99963]},"Q4s":{"weight":1.0,"played":[1.0,0.0,0.0],"evs":[0.0,-1.88358,-1.9475]},"Q5s":{"weight":1.0,"played":[1.0,0.0,0.0],"evs":[0.0,-1.73268,-1.77307]},"Q6s":{"weight":1.0,"played":[1.0,0.0,0.0],"evs":[0.0,-1.61809,-1.67646]},"Q7s":{"weight":1.0,"played":[1.0,0.0,0.0],"evs":[0.0,-1.85544,-1.90351]},"Q8s":{"weight":1.0,"played":[1.0,0.0,0.0],"evs":[0.0,-1.56769,-1.61236]},"Q9s":{"weight":1.0,"played":[1.0,0.0,0.0],"evs":[0.0,-1.33183,-1.37005]},"QTs":{"weight":1.0,"played":[1.0,0.0,0.0],"evs":[0.0,-0.89711,-0.93828]},"QJs":{"weight":1.0,"played":[1.0,0.0,0.0],"evs":[0.0,-1.1137,-1.15164]},"QQ":{"weight":1.0,"played":[0.0,0.4561,0.5439],"evs":[0.0,3.32264,3.32185]},"KQo":{"weight":1.0,"played":[1.0,0.0,0.0],"evs":[0.0,-1.20203,-1.25031]},"AQo":{"weight":1.0,"played":[0.9963,0.0021,0.0016],"evs":[0.0,-0.14201,-0.13277]},"K2s":{"weight":1.0,"played":[1.0,0.0,0.0],"evs":[0.0,-2.0465,-2.07114]},"K3s":{"weight":1.0,"played":[1.0,0.0,0.0],"evs":[0.0,-1.8225,-1.85306]},"K4s":{"weight":1.0,"played":[1.0,0.0,0.0],"evs":[0.0,-1.7862,-1.81362]},"K5s":{"weight":1.0,"played":[1.0,0.0,0.0],"evs":[0.0,-1.66946,-1.71272]},"K6s":{"weight":1.0,"played":[1.0,0.0,0.0],"evs":[0.0,-1.60519,-1.64991]},"K7s":{"weight":1.0,"played":[1.0,0.0,0.0],"evs":[0.0,-1.55159,-1.60618]},"K8s":{"weight":1.0,"played":[1.0,0.0,0.0],"evs":[0.0,-1.56822,-1.61566]},"K9s":{"weight":1.0,"played":[1.0,0.0,0.0],"evs":[0.0,-1.51276,-1.56054]},"KTs":{"weight":1.0,"played":[1.0,0.0,0.0],"evs":[0.0,-0.98626,-1.01481]},"KJs":{"weight":1.0,"played":[1.0,0.0,0.0],"evs":[0.0,-1.06695,-1.10941]},"KQs":{"weight":1.0,"played":[0.9996,1.0E-4,3.0E-4],"evs":[0.0,-0.63426,-0.68161]},"KK":{"weight":1.0,"played":[0.0,0.4139,0.5861],"evs":[0.0,5.09041,5.08896]},"AKo":{"weight":1.0,"played":[0.0,0.0067,0.9933],"evs":[0.0,1.15508,1.17339]},"A2s":{"weight":1.0,"played":[1.0,0.0,0.0],"evs":[0.0,-2.27182,-2.34063]},"A3s":{"weight":1.0,"played":[1.0,0.0,0.0],"evs":[0.0,-2.19674,-2.27031]},"A4s":{"weight":1.0,"played":[1.0,0.0,0.0],"evs":[0.0,-2.10693,-2.16886]},"A5s":{"weight":1.0,"played":[1.0,0.0,0.0],"evs":[0.0,-1.88121,-1.9381]},"A6s":{"weight":1.0,"played":[1.0,0.0,0.0],"evs":[0.0,-2.20789,-2.27066]},"A7s":{"weight":1.0,"played":[1.0,0.0,0.0],"evs":[0.0,-2.10838,-2.17842]},"A8s":{"weight":1.0,"played":[1.0,0.0,0.0],"evs":[0.0,-1.91534,-1.97544]},"A9s":{"weight":1.0,"played":[1.0,0.0,0.0],"evs":[0.0,-1.99854,-2.063]},"ATs":{"weight":1.0,"played":[1.0,0.0,0.0],"evs":[0.0,-1.34006,-1.41009]},"AJs":{"weight":1.0,"played":[0.9996,2.0E-4,2.0E-4],"evs":[0.0,-0.90473,-0.9158]},"AQs":{"weight":1.0,"played":[3.0E-4,0.4033,0.5965],"evs":[0.0,0.64285,0.65704]},"AKs":{"weight":1.0,"played":[0.0,0.0309,0.9691],"evs":[0.0,1.64171,1.65982]},"AA":{"weight":1.0,"played":[0.0,0.0,1.0],"evs":[0.0,8.60323,8.62371]}}}