{"player":5,"street":0,"children":2,"sequence":[{"player":0,"type":"F","amount":0,"street":0},{"player":1,"type":"R","amount":31750000,"street":0},{"player":2,"type":"C","amount":31750000,"street":0},{"player":3,"type":"F","amount":0,"street":0},{"player":4,"type":"R","amount":53750000,"street":0}],"actions":[{"type":"F","amount":0,"node":39},{"type":"C","amount":23750000,"node":40}],"hands":{"22":{"weight":1.0,"played":[1.0,0.0],"evs":[0.0,-5.38661]},"32o":{"weight":1.0,"played":[1.0,0.0],"evs":[0.0,-7.20354]},"42o":{"weight":1.0,"played":[1.0,0.0],"evs":[0.0,-6.80148]},"52o":{"weight":1.0,"played":[1.0,0.0],"evs":[0.0,-6.83377]},"62o":{"weight":1.0,"played":[1.0,0.0],"evs":[0.0,-6.74673]},"72o":{"weight":1.0,"played":[1.0,0.0],"evs":[0.0,-7.35682]},"82o":{"weight":1.0,"played":[1.0,0.0],"evs":[0.0,-7.33644]},"92o":{"weight":1.0,"played":[1.0,0.0],"evs":[0.0,-7.24021]},"T2o":{"weight":1.0,"played":[1.0,0.0],"evs":[0.0,-6.87775]},"J2o":{"weight":1.0,"played":[1.0,0.0],"evs":[0.0,-7.31978]},"Q2o":{"weight":1.0,"played":[1.0,0.0],"evs":[0.0,-7.3164]},"K2o":{"weight":1.0,"played":[1.0,0.0],"evs":[0.0,-7.48904]},"A2o":{"weight":1.0,"played":[1.0,0.0],"evs":[0.0,-8.07515]},"32s":{"weight":1.0,"played":[1.0,0.0],"evs":[0.0,-5.51782]},"33":{"weight":1.0,"played":[1.0,0.0],"evs":[0.0,-5.96155]},"43o":{"weight":1.0,"played":[1.0,0.0],"evs":[0.0,-6.30509]},"53o":{"weight":1.0,"played":[1.0,0.0],"evs":[0.0,-6.60102]},"63o":{"weight":1.0,"played":[1.0,0.0],"evs":[0.0,-6.08032]},"73o":{"weight":1.0,"played":[1.0,0.0],"evs":[0.0,-6.73316]},"83o":{"weight":1.0,"played":[1.0,0.0],"evs":[0.0,-6.65823]},"93o":{"weight":1.0,"played":[1.0,0.0],"evs":[0.0,-7.16847]},"T3o":{"weight":1.0,"played":[1.0,0.0],"evs":[0.0,-6.9835]},"J3o":{"weight":1.0,"played":[1.0,0.0],"evs":[0.0,-7.40714]},"Q3o":{"weight":1.0,"played":[1.0,0.0],"evs":[0.0,-6.80008]},"K3o":{"weight":1.0,"played":[0.9999,1.0E-4],"evs":[0.0,-7.19835]},"A3o":{"weight":1.0,"played":[1.0,0.0],"evs":[0.0,-7.864]},"42s":{"weight":1.0,"played":[0.9997,3.0E-4],"evs":[0.0,-5.95056]},"43s":{"weight":1.0,"played":[1.0,0.0],"evs":[0.0,-5.98666]},"44":{"weight":1.0,"played":[1.0,0.0],"evs":[0.0,-5.16628]},"54o":{"weight":1.0,"played":[1.0,0.0],"evs":[0.0,-5.51213]},"64o":{"weight":1.0,"played":[1.0,0.0],"evs":[0.0,-6.31292]},"74o":{"weight":1.0,"played":[1.0,0.0],"evs":[0.0,-6.30661]},"84o":{"weight":1.0,"played":[1.0,0.0],"evs":[0.0,-6.85359]},"94o":{"weight":1.0,"played":[1.0,0.0],"evs":[0.0,-7.07847]},"T4o":{"weight":1.0,"played":[1.0,0.0],"evs":[0.0,-6.78148]},"J4o":{"weight":1.0,"played":[1.0,0.0],"evs":[0.0,-7.10681]},"Q4o":{"weight":1.0,"played":[1.0,0.0],"evs":[0.0,-6.95998]},"K4o":{"weight":1.0,"played":[1.0,0.0],"evs":[0.0,-7.18226]},"A4o":{"weight":1.0,"played":[1.0,0.0],"evs":[0.0,-7.53513]},"52s":{"weight":1.0,"played":[1.0,0.0],"evs":[0.0,-5.83333]},"53s":{"weight":1.0,"played":[0.9998,2.0E-4],"evs":[0.0,-5.12588]},"54s":{"weight":1.0,"played":[0.9999,1.0E-4],"evs":[0.0,-4.42535]},"55":{"weight":1.0,"played":[1.0,0.0],"evs":[0.0,-4.92268]},"65o":{"weight":1.0,"played":[1.0,0.0],"evs":[0.0,-5.5655]},"75o":{"weight":1.0,"played":[1.0,0.0],"evs":[0.0,-6.00935]},"85o":{"weight":1.0,"played":[1.0,0.0],"evs":[0.0,-6.45369]},"95o":{"weight":1.0,"played":[1.0,0.0],"evs":[0.0,-6.67934]},"T5o":{"weight":1.0,"played":[1.0,0.0],"evs":[0.0,-6.80132]},"J5o":{"weight":1.0,"played":[1.0,0.0],"evs":[0.0,-7.04499]},"Q5o":{"weight":1.0,"played":[1.0,0.0],"evs":[0.0,-6.90202]},"K5o":{"weight":1.0,"played":[1.0,0.0],"evs":[0.0,-7.03562]},"A5o":{"weight":1.0,"played":[1.0,0.0],"evs":[0.0,-7.44809]},"62s":{"weight":1.0,"played":[1.0,0.0],"evs":[0.0,-5.83759]},"63s":{"weight":1.0,"played":[1.0,0.0],"evs":[0.0,-5.10776]},"64s":{"weight":1.0,"played":[1.0,0.0],"evs":[0.0,-5.89161]},"65s":{"weight":1.0,"played":[1.0,0.0],"evs":[0.0,-5.53946]},"66":{"weight":1.0,"played":[1.0,0.0],"evs":[0.0,-4.50368]},"76o":{"weight":1.0,"played":[1.0,0.0],"evs":[0.0,-5.94393]},"86o":{"weight":1.0,"played":[1.0,0.0],"evs":[0.0,-6.06119]},"96o":{"weight":1.0,"played":[1.0,0.0],"evs":[0.0,-6.1675]},"T6o":{"weight":1.0,"played":[1.0,0.0],"evs":[0.0,-6.33926]},"J6o":{"weight":1.0,"played":[1.0,0.0],"evs":[0.0,-6.83431]},"Q6o":{"weight":1.0,"played":[1.0,0.0],"evs":[0.0,-6.80004]},"K6o":{"weight":1.0,"played":[1.0,0.0],"evs":[0.0,-6.63618]},"A6o":{"weight":1.0,"played":[1.0,0.0],"evs":[0.0,-7.91923]},"72s":{"weight":1.0,"played":[1.0,0.0],"evs":[0.0,-6.47158]},"73s":{"weight":1.0,"played":[1.0,0.0],"evs":[0.0,-5.39574]},"74s":{"weight":1.0,"played":[1.0,0.0],"evs":[0.0,-5.21137]},"75s":{"weight":1.0,"played":[1.0,0.0],"evs":[0.0,-4.80055]},"76s":{"weight":1.0,"played":[1.0,0.0],"evs":[0.0,-4.47929]},"77":{"weight":1.0,"played":[1.0,0.0],"evs":[0.0,-5.21689]},"87o":{"weight":1.0,"played":[1.0,0.0],"evs":[0.0,-5.67508]},"97o":{"weight":1.0,"played":[1.0,0.0],"evs":[0.0,-6.15594]},"T7o":{"weight":1.0,"played":[1.0,0.0],"evs":[0.0,-6.43082]},"J7o":{"weight":1.0,"played":[1.0,0.0],"evs":[0.0,-6.97442]},"Q7o":{"weight":1.0,"played":[1.0,0.0],"evs":[0.0,-7.17363]},"K7o":{"weight":1.0,"played":[1.0,0.0],"evs":[0.0,-6.91979]},"A7o":{"weight":1.0,"played":[1.0,0.0],"evs":[0.0,-7.25934]},"82s":{"weight":1.0,"played":[1.0,0.0],"evs":[0.0,-6.16878]},"83s":{"weight":1.0,"played":[1.0,0.0],"evs":[0.0,-6.64461]},"84s":{"weight":1.0,"played":[1.0,0.0],"evs":[0.0,-5.66719]},"85s":{"weight":1.0,"played":[1.0,0.0],"evs":[0.0,-6.20469]},"86s":{"weight":1.0,"played":[1.0,0.0],"evs":[0.0,-5.0045]},"87s":{"weight":1.0,"played":[1.0,0.0],"evs":[0.0,-5.0905]},"88":{"weight":1.0,"played":[1.0,0.0],"evs":[0.0,-4.53364]},"98o":{"weight":1.0,"played":[1.0,0.0],"evs":[0.0,-6.38656]},"T8o":{"weight":1.0,"played":[1.0,0.0],"evs":[0.0,-6.0441]},"J8o":{"weight":1.0,"played":[1.0,0.0],"evs":[0.0,-6.84953]},"Q8o":{"weight":1.0,"played":[1.0,0.0],"evs":[0.0,-6.53261]},"K8o":{"weight":1.0,"played":[0.9999,1.0E-4],"evs":[0.0,-6.58745]},"A8o":{"weight":1.0,"played":[1.0,0.0],"evs":[0.0,-7.78685]},"92s":{"weight":1.0,"played":[1.0,0.0],"evs":[0.0,-6.35511]},"93s":{"weight":1.0,"played":[1.0,0.0],"evs":[0.0,-6.23259]},"94s":{"weight":1.0,"played":[0.9998,2.0E-4],"evs":[0.0,-6.46148]},"95s":{"weight":1.0,"played":[1.0,0.0],"evs":[0.0,-6.42942]},"96s":{"weight":1.0,"played":[1.0,0.0],"evs":[0.0,-6.35294]},"97s":{"weight":1.0,"played":[1.0,0.0],"evs":[0.0,-5.2847]},"98s":{"weight":1.0,"played":[0.9999,1.0E-4],"evs":[0.0,-5.01652]},"99":{"weight":1.0,"played":[1.0,0.0],"evs":[0.0,-3.62144]},"T9o":{"weight":1.0,"played":[1.0,0.0],"evs":[0.0,-5.92524]},"J9o":{"weight":1.0,"played":[1.0,0.0],"evs":[0.0,-6.56324]},"Q9o":{"weight":1.0,"played":[1.0,0.0],"evs":[0.0,-6.4915]},"K9o":{"weight":1.0,"played":[1.0,0.0],"evs":[0.0,-6.75414]},"A9o":{"weight":1.0,"played":[1.0,0.0],"evs":[0.0,-7.84046]},"T2s":{"weight":1.0,"played":[1.0,0.0],"evs":[0.0,-6.42317]},"T3s":{"weight":1.0,"played":[1.0,0.0],"evs":[0.0,-6.49416]},"T4s":{"weight":1.0,"played":[0.9999,1.0E-4],"evs":[0.0,-5.79528]},"T5s":{"weight":1.0,"played":[1.0,0.0],"evs":[0.0,-5.25166]},"T6s":{"weight":1.0,"played":[1.0,0.0],"evs":[0.0,-5.32042]},"T7s":{"weight":1.0,"played":[0.9999,1.0E-4],"evs":[0.0,-4.70826]},"T8s":{"weight":1.0,"played":[0.9994,6.0E-4],"evs":[0.0,-5.42437]},"T9s":{"weight":1.0,"played":[1.0,0.0],"evs":[0.0,-5.15751]},"TT":{"weight":1.0,"played":[0.9999,1.0E-4],"evs":[0.0,-3.89647]},"JTo":{"weight":1.0,"played":[1.0,0.0],"evs":[0.0,-6.31096]},"QTo":{"weight":1.0,"played":[1.0,0.0],"evs":[0.0,-6.29243]},"KTo":{"weight":1.0,"played":[1.0,0.0],"evs":[0.0,-6.62924]},"ATo":{"weight":1.0,"played":[1.0,0.0],"evs":[0.0,-7.04773]},"J2s":{"weight":1.0,"played":[1.0,0.0],"evs":[0.0,-6.46613]},"J3s":{"weight":1.0,"played":[0.9999,1.0E-4],"evs":[0.0,-6.07414]},"J4s":{"weight":1.0,"played":[1.0,0.0],"evs":[0.0,-6.037]},"J5s":{"weight":1.0,"played":[1.0,0.0],"evs":[0.0,-6.10058]},"J6s":{"weight":1.0,"played":[0.9999,1.0E-4],"evs":[0.0,-5.99325]},"J7s":{"weight":1.0,"played":[1.0,0.0],"evs":[0.0,-5.56583]},"J8s":{"weight":1.0,"played":[1.0,0.0],"evs":[0.0,-6.69435]},"J9s":{"weight":1.0,"played":[1.0,0.0],"evs":[0.0,-5.22872]},"JTs":{"weight":1.0,"played":[0.9995,5.0E-4],"evs":[0.0,-5.21338]},"JJ":{"weight":1.0,"played":[1.0,0.0],"evs":[0.0,-2.13382]},"QJo":{"weight":1.0,"played":[1.0,0.0],"evs":[0.0,-6.48981]},"KJo":{"weight":1.0,"played":[1.0,0.0],"evs":[0.0,-5.93591]},"AJo":{"weight":1.0,"played":[0.9999,1.0E-4],"evs":[0.0,-6.77633]},"Q2s":{"weight":1.0,"played":[1.0,0.0],"evs":[0.0,-5.61468]},"Q3s":{"weight":1.0,"played":[0.9999,1.0E-4],"evs":[0.0,-6.42146]},"Q4s":{"weight":1.0,"played":[1.0,0.0],"evs":[0.0,-6.10854]},"Q5s":{"weight":1.0,"played":[1.0,0.0],"evs":[0.0,-5.33108]},"Q6s":{"weight":1.0,"played":[1.0,0.0],"evs":[0.0,-5.70656]},"Q7s":{"weight":1.0,"played":[1.0,0.0],"evs":[0.0,-5.65476]},"Q8s":{"weight":1.0,"played":[1.0,0.0],"evs":[0.0,-5.77138]},"Q9s":{"weight":1.0,"played":[1.0,0.0],"evs":[0.0,-5.30408]},"QTs":{"weight":1.0,"played":[1.0,0.0],"evs":[0.0,-5.52091]},"QJs":{"weight":1.0,"played":[0.9986,0.0014],"evs":[0.0,-5.91039]},"QQ":{"weight":1.0,"played":[0.947,0.053],"evs":[0.0,-1.14909]},"KQo":{"weight":1.0,"played":[1.0,0.0],"evs":[0.0,-6.06553]},"AQo":{"weight":1.0,"played":[1.0,0.0],"evs":[0.0,-5.81232]},"K2s":{"weight":1.0,"played":[0.9998,2.0E-4],"evs":[0.0,-5.69937]},"K3s":{"weight":1.0,"played":[0.9999,1.0E-4],"evs":[0.0,-5.85369]},"K4s":{"weight":1.0,"played":[0.9999,1.0E-4],"evs":[0.0,-5.27857]},"K5s":{"weight":1.0,"played":[0.9999,1.0E-4],"evs":[0.0,-6.3727]},"K6s":{"weight":1.0,"played":[0.9996,4.0E-4],"evs":[0.0,-5.50104]},"K7s":{"weight":1.0,"played":[1.0,0.0],"evs":[0.0,-6.05055]},"K8s":{"weight":1.0,"played":[1.0,0.0],"evs":[0.0,-5.36118]},"K9s":{"weight":1.0,"played":[1.0,0.0],"evs":[0.0,-6.23729]},"KTs":{"weight":1.0,"played":[1.0,0.0],"evs":[0.0,-5.712]},"KJs":{"weight":1.0,"played":[1.0,0.0],"evs":[0.0,-5.71381]},"KQs":{"weight":1.0,"played":[0.9998,2.0E-4],"evs":[0.0,-5.12316]},"KK":{"weight":1.0,"played":[0.0033,0.9967],"evs":[0.0,0.07486]},"AKo":{"weight":1.0,"played":[1.0,0.0],"evs":[0.0,-4.9913]},"A2s":{"weight":1.0,"played":[1.0,0.0],"evs":[0.0,-6.36208]},"A3s":{"weight":1.0,"played":[0.9999,1.0E-4],"evs":[0.0,-6.57524]},"A4s":{"weight":1.0,"played":[0.9999,1.0E-4],"evs":[0.0,-6.09863]},"A5s":{"weight":1.0,"played":[1.0,0.0],"evs":[0.0,-6.0196]},"A6s":{"weight":1.0,"played":[0.999,0.001],"evs":[0.0,-6.31114]},"A7s":{"weight":1.0,"played":[0.9999,1.0E-4],"evs":[0.0,-6.5127]},"A8s":{"weight":1.0,"played":[1.0,0.0],"evs":[0.0,-6.53702]},"A9s":{"weight":1.0,"played":[0.9997,3.0E-4],"evs":[0.0,-6.5962]},"ATs":{"weight":1.0,"played":[1.0,0.0],"evs":[0.0,-5.4527]},"AJs":{"weight":1.0,"played":[1.0,0.0],"evs":[0.0,-5.39939]},"AQs":{"weight":1.0,"played":[0.9996,4.0E-4],"evs":[0.0,-4.15463]},"AKs":{"weight":1.0,"played":[0.9966,0.0034],"evs":[0.0,-2.70261]},"AA":{"weight":1.0,"played":[6.0E-4,0.9994],"evs":[0.0,5.959]}}}