{"player":2,"street":0,"children":2,"sequence":[{"player":0,"type":"F","amount":0,"street":0},{"player":1,"type":"R","amount":31750000,"street":0},{"player":2,"type":"C","amount":31750000,"street":0},{"player":3,"type":"F","amount":0,"street":0},{"player":4,"type":"R","amount":53750000,"street":0},{"player":5,"type":"F","amount":0,"street":0}],"actions":[{"type":"F","amount":0},{"type":"C","amount":3000000}],"hands":{"22":{"weight":0.0,"played":[0.0,1.0],"evs":[0.0,4.29272]},"32o":{"weight":0.0,"played":[0.0,1.0],"evs":[0.0,2.45295]},"42o":{"weight":0.0,"played":[0.0,1.0],"evs":[0.0,2.55954]},"52o":{"weight":0.0,"played":[0.0,1.0],"evs":[0.0,2.64436]},"62o":{"weight":0.0,"played":[0.0,1.0],"evs":[0.0,2.57344]},"72o":{"weight":0.0,"played":[0.0,1.0],"evs":[0.0,2.0776]},"82o":{"weight":0.0,"played":[0.0,1.0],"evs":[0.0,2.16777]},"92o":{"weight":0.0,"played":[0.0,1.0],"evs":[0.0,2.23648]},"T2o":{"weight":0.0,"played":[0.0,1.0],"evs":[0.0,2.33149]},"J2o":{"weight":0.0,"played":[0.0,1.0],"evs":[0.0,2.37955]},"Q2o":{"weight":0.0,"played":[0.0,1.0],"evs":[0.0,2.3563]},"K2o":{"weight":0.0,"played":[0.0,1.0],"evs":[0.0,2.71114]},"A2o":{"weight":0.0,"played":[0.0,1.0],"evs":[0.0,2.52812]},"32s":{"weight":0.0,"played":[0.0,1.0],"evs":[0.0,3.45553]},"33":{"weight":0.0,"played":[0.0,1.0],"evs":[0.0,4.67776]},"43o":{"weight":0.0,"played":[0.0,1.0],"evs":[0.0,2.93545]},"53o":{"weight":0.0,"played":[0.0,1.0],"evs":[0.0,3.0912]},"63o":{"weight":0.0,"played":[0.0,1.0],"evs":[0.0,2.87715]},"73o":{"weight":0.0,"played":[0.0,1.0],"evs":[0.0,2.47769]},"83o":{"weight":0.0,"played":[0.0,1.0],"evs":[0.0,2.25478]},"93o":{"weight":0.0,"played":[0.0,1.0],"evs":[0.0,2.45695]},"T3o":{"weight":0.0,"played":[0.0,1.0],"evs":[0.0,2.46618]},"J3o":{"weight":0.0,"played":[0.0,1.0],"evs":[0.0,2.53943]},"Q3o":{"weight":0.0,"played":[0.0,1.0],"evs":[0.0,2.42854]},"K3o":{"weight":0.0,"played":[0.0,1.0],"evs":[0.0,2.93477]},"A3o":{"weight":0.0,"played":[0.0,1.0],"evs":[0.0,2.56016]},"42s":{"weight":0.0,"played":[0.0,1.0],"evs":[0.0,3.43519]},"43s":{"weight":0.0,"played":[0.0,1.0],"evs":[0.0,3.83716]},"44":{"weight":0.0,"played":[0.0,1.0],"evs":[0.0,4.79528]},"54o":{"weight":0.0,"played":[0.0,1.0],"evs":[0.0,3.48003]},"64o":{"weight":0.0,"played":[0.0,1.0],"evs":[0.0,3.36505]},"74o":{"weight":0.0,"played":[0.0,1.0],"evs":[0.0,2.93007]},"84o":{"weight":0.0,"played":[0.0,1.0],"evs":[0.0,2.69662]},"94o":{"weight":0.0,"played":[0.0,1.0],"evs":[0.0,2.42847]},"T4o":{"weight":0.0,"played":[0.0,1.0],"evs":[0.0,2.67646]},"J4o":{"weight":0.0,"played":[0.0,1.0],"evs":[0.0,2.66344]},"Q4o":{"weight":0.0,"played":[0.0,1.0],"evs":[0.0,2.56513]},"K4o":{"weight":0.0,"played":[0.0,1.0],"evs":[0.0,2.9985]},"A4o":{"weight":0.0,"played":[0.0,1.0],"evs":[0.0,2.68639]},"52s":{"weight":0.0,"played":[0.0,1.0],"evs":[0.0,3.60656]},"53s":{"weight":0.0,"played":[0.0,1.0],"evs":[0.0,4.05619]},"54s":{"weight":0.0,"played":[0.0,1.0],"evs":[0.0,4.32121]},"55":{"weight":0.0,"played":[0.0,1.0],"evs":[0.0,5.0649]},"65o":{"weight":0.0,"played":[0.0,1.0],"evs":[0.0,3.70764]},"75o":{"weight":0.0,"played":[0.0,1.0],"evs":[0.0,3.29364]},"85o":{"weight":0.0,"played":[0.0,1.0],"evs":[0.0,3.08093]},"95o":{"weight":0.0,"played":[0.0,1.0],"evs":[0.0,2.865]},"T5o":{"weight":0.0,"played":[0.0,1.0],"evs":[0.0,2.70091]},"J5o":{"weight":0.0,"played":[0.0,1.0],"evs":[0.0,2.87788]},"Q5o":{"weight":0.0,"played":[0.0,1.0],"evs":[0.0,2.74957]},"K5o":{"weight":0.0,"played":[0.0,1.0],"evs":[0.0,3.12318]},"A5o":{"weight":0.0,"played":[0.0,1.0],"evs":[0.0,2.87172]},"62s":{"weight":0.0,"played":[0.0,1.0],"evs":[0.0,3.27863]},"63s":{"weight":0.0,"played":[0.0,1.0],"evs":[0.0,3.86875]},"64s":{"weight":0.0,"played":[0.0,1.0],"evs":[0.0,4.28796]},"65s":{"weight":0.0,"played":[0.0,1.0],"evs":[0.0,4.58566]},"66":{"weight":0.0,"played":[0.0,1.0],"evs":[0.0,5.33335]},"76o":{"weight":0.0,"played":[0.0,1.0],"evs":[0.0,3.72956]},"86o":{"weight":0.0,"played":[0.0,1.0],"evs":[0.0,3.52589]},"96o":{"weight":0.0,"played":[0.0,1.0],"evs":[0.0,3.21326]},"T6o":{"weight":0.0,"played":[0.0,1.0],"evs":[0.0,3.09994]},"J6o":{"weight":0.0,"played":[0.0,1.0],"evs":[0.0,2.88104]},"Q6o":{"weight":0.0,"played":[0.0,1.0],"evs":[0.0,2.89695]},"K6o":{"weight":0.0,"played":[0.0,1.0],"evs":[0.0,3.27945]},"A6o":{"weight":0.0,"played":[0.0,1.0],"evs":[0.0,2.66089]},"72s":{"weight":0.0,"played":[0.0,1.0],"evs":[0.0,3.11744]},"73s":{"weight":0.0,"played":[0.0,1.0],"evs":[0.0,3.58655]},"74s":{"weight":0.0,"played":[0.0,1.0],"evs":[0.0,3.9878]},"75s":{"weight":0.0,"played":[0.0,1.0],"evs":[0.0,4.3037]},"76s":{"weight":0.0,"played":[0.0,1.0],"evs":[0.0,4.67369]},"77":{"weight":0.0,"played":[0.0,1.0],"evs":[0.0,5.39927]},"87o":{"weight":0.0,"played":[0.0,1.0],"evs":[0.0,3.60198]},"97o":{"weight":0.0,"played":[0.0,1.0],"evs":[0.0,3.43]},"T7o":{"weight":0.0,"played":[0.0,1.0],"evs":[0.0,3.35206]},"J7o":{"weight":0.0,"played":[0.0,1.0],"evs":[0.0,3.03489]},"Q7o":{"weight":0.0,"played":[0.0,1.0],"evs":[0.0,2.7095]},"K7o":{"weight":0.0,"played":[0.0,1.0],"evs":[0.0,3.14554]},"A7o":{"weight":0.0,"played":[0.0,1.0],"evs":[0.0,2.73982]},"82s":{"weight":0.0,"played":[0.0,1.0],"evs":[0.0,3.16644]},"83s":{"weight":0.0,"played":[0.0,1.0],"evs":[0.0,3.36854]},"84s":{"weight":0.0,"played":[0.0,1.0],"evs":[0.0,3.6037]},"85s":{"weight":0.0,"played":[0.0,1.0],"evs":[0.0,4.06816]},"86s":{"weight":0.0,"played":[0.0,1.0],"evs":[0.0,4.3504]},"87s":{"weight":0.0,"played":[0.0,1.0],"evs":[0.0,4.59446]},"88":{"weight":0.0599,"played":[0.0,1.0],"evs":[0.0,5.62838]},"98o":{"weight":0.0,"played":[0.0,1.0],"evs":[0.0,3.53638]},"T8o":{"weight":0.0,"played":[0.0,1.0],"evs":[0.0,3.64958]},"J8o":{"weight":0.0,"played":[0.0,1.0],"evs":[0.0,3.36873]},"Q8o":{"weight":0.0,"played":[0.0,1.0],"evs":[0.0,3.0585]},"K8o":{"weight":0.0,"played":[0.0,1.0],"evs":[0.0,3.1801]},"A8o":{"weight":0.0,"played":[0.0,1.0],"evs":[0.0,2.68088]},"92s":{"weight":0.0,"played":[0.0,1.0],"evs":[0.0,3.28044]},"93s":{"weight":0.0,"played":[0.0,1.0],"evs":[0.0,3.23448]},"94s":{"weight":0.0,"played":[0.0,1.0],"evs":[0.0,3.43062]},"95s":{"weight":0.0,"played":[0.0,1.0],"evs":[0.0,3.61693]},"96s":{"weight":0.0,"played":[0.0,1.0],"evs":[0.0,4.14459]},"97s":{"weight":0.0,"played":[0.0,1.0],"evs":[0.0,4.14645]},"98s":{"weight":0.0,"played":[0.0,1.0],"evs":[0.0,4.54381]},"99":{"weight":0.8088,"played":[0.0,1.0],"evs":[0.0,6.45384]},"T9o":{"weight":0.0,"played":[0.0,1.0],"evs":[0.0,3.8071]},"J9o":{"weight":0.0,"played":[0.0,1.0],"evs":[0.0,3.72837]},"Q9o":{"weight":0.0,"played":[0.0,1.0],"evs":[0.0,3.33385]},"K9o":{"weight":0.0,"played":[0.0,1.0],"evs":[0.0,3.46699]},"A9o":{"weight":0.0,"played":[0.0,1.0],"evs":[0.0,2.87307]},"T2s":{"weight":0.0,"played":[0.0,1.0],"evs":[0.0,3.61716]},"T3s":{"weight":0.0,"played":[0.0,1.0],"evs":[0.0,3.579]},"T4s":{"weight":0.0,"played":[0.0,1.0],"evs":[0.0,3.52298]},"T5s":{"weight":0.0,"played":[0.0,1.0],"evs":[0.0,3.69143]},"T6s":{"weight":0.0,"played":[0.0,1.0],"evs":[0.0,4.03143]},"T7s":{"weight":0.0,"played":[0.0,1.0],"evs":[0.0,4.22438]},"T8s":{"weight":0.0,"played":[0.0,1.0],"evs":[0.0,4.38919]},"T9s":{"weight":0.0,"played":[0.0,1.0],"evs":[0.0,4.65794]},"TT":{"weight":0.2224,"played":[0.0,1.0],"evs":[0.0,7.2645]},"JTo":{"weight":0.0,"played":[0.0,1.0],"evs":[0.0,4.165]},"QTo":{"weight":0.0,"played":[0.0,1.0],"evs":[0.0,3.95859]},"KTo":{"weight":0.0,"played":[0.0,1.0],"evs":[0.0,4.10554]},"ATo":{"weight":0.0,"played":[0.0,1.0],"evs":[0.0,3.54514]},"J2s":{"weight":0.0,"played":[0.0,1.0],"evs":[0.0,3.36022]},"J3s":{"weight":0.0,"played":[0.0,1.0],"evs":[0.0,3.53661]},"J4s":{"weight":0.0,"played":[0.0,1.0],"evs":[0.0,3.49733]},"J5s":{"weight":0.0,"played":[0.0,1.0],"evs":[0.0,3.88307]},"J6s":{"weight":0.0,"played":[0.0,1.0],"evs":[0.0,3.82332]},"J7s":{"weight":0.0,"played":[0.0,1.0],"evs":[0.0,4.03435]},"J8s":{"weight":0.0,"played":[0.0,1.0],"evs":[0.0,4.18698]},"J9s":{"weight":0.0,"played":[0.0,1.0],"evs":[0.0,4.65108]},"JTs":{"weight":0.0,"played":[0.0,1.0],"evs":[0.0,4.99659]},"JJ":{"weight":0.4235,"played":[0.0,1.0],"evs":[0.0,8.25974]},"QJo":{"weight":0.0,"played":[0.0,1.0],"evs":[0.0,4.0075]},"KJo":{"weight":0.0,"played":[0.0,1.0],"evs":[0.0,4.24942]},"AJo":{"weight":0.5432,"played":[0.0,1.0],"evs":[0.0,3.72633]},"Q2s":{"weight":0.0,"played":[0.0,1.0],"evs":[0.0,3.41454]},"Q3s":{"weight":0.0,"played":[0.0,1.0],"evs":[0.0,3.45466]},"Q4s":{"weight":0.0,"played":[0.0,1.0],"evs":[0.0,3.41737]},"Q5s":{"weight":0.0,"played":[0.0,1.0],"evs":[0.0,3.6951]},"Q6s":{"weight":0.0,"played":[0.0,1.0],"evs":[0.0,3.83045]},"Q7s":{"weight":0.0,"played":[0.0,1.0],"evs":[0.0,3.71186]},"Q8s":{"weight":0.0,"played":[0.0,1.0],"evs":[0.0,3.98955]},"Q9s":{"weight":0.0,"played":[0.0,1.0],"evs":[0.0,4.27678]},"QTs":{"weight":0.0,"played":[0.0,1.0],"evs":[0.0,4.86168]},"QJs":{"weight":0.0,"played":[0.0,1.0],"evs":[0.0,4.83937]},"QQ":{"weight":0.0249,"played":[0.0,1.0],"evs":[0.0,10.5343]},"KQo":{"weight":0.0,"played":[0.0,1.0],"evs":[0.0,4.20096]},"AQo":{"weight":0.2659,"played":[0.0,1.0],"evs":[0.0,5.1055]},"K2s":{"weight":0.0,"played":[0.0,1.0],"evs":[0.0,3.74742]},"K3s":{"weight":0.0,"played":[0.0,1.0],"evs":[0.0,3.88823]},"K4s":{"weight":0.0,"played":[0.0,1.0],"evs":[0.0,3.95291]},"K5s":{"weight":0.0,"played":[0.0,1.0],"evs":[0.0,4.15557]},"K6s":{"weight":0.0,"played":[0.0,1.0],"evs":[0.0,4.11589]},"K7s":{"weight":0.0,"played":[0.0,1.0],"evs":[0.0,4.06473]},"K8s":{"weight":0.0,"played":[0.0,1.0],"evs":[0.0,4.29945]},"K9s":{"weight":0.0,"played":[0.0,1.0],"evs":[0.0,4.42266]},"KTs":{"weight":0.0,"played":[0.0,1.0],"evs":[0.0,4.91803]},"KJs":{"weight":0.0,"played":[0.0,1.0],"evs":[0.0,5.23267]},"KQs":{"weight":0.0,"played":[0.0,1.0],"evs":[0.0,5.13942]},"KK":{"weight":0.5553,"played":[0.0,1.0],"evs":[0.0,12.73647]},"AKo":{"weight":0.5761,"played":[0.0,1.0],"evs":[0.0,7.4837]},"A2s":{"weight":0.0,"played":[0.0,1.0],"evs":[0.0,3.46308]},"A3s":{"weight":0.0,"played":[0.0,1.0],"evs":[0.0,3.56587]},"A4s":{"weight":0.0,"played":[0.0,1.0],"evs":[0.0,3.81397]},"A5s":{"weight":0.0,"played":[0.0,1.0],"evs":[0.0,4.01076]},"A6s":{"weight":0.0,"played":[0.0,1.0],"evs":[0.0,3.69167]},"A7s":{"weight":0.0,"played":[0.0,1.0],"evs":[0.0,3.71888]},"A8s":{"weight":0.0,"played":[0.0,1.0],"evs":[0.0,3.76738]},"A9s":{"weight":0.0,"played":[0.0,1.0],"evs":[0.0,4.10562]},"ATs":{"weight":0.5831,"played":[0.0,1.0],"evs":[0.0,4.45441]},"AJs":{"weight":0.7508,"played":[0.0,1.0],"evs":[0.0,4.67471]},"AQs":{"weight":0.1956,"played":[0.0,1.0],"evs":[0.0,5.87769]},"AKs":{"weight":0.1579,"played":[0.0,1.0],"evs":[0.0,8.20359]},"AA":{"weight":0.7879,"played":[0.0,1.0],"evs":[0.0,16.42525]}}}