{"player":3,"street":0,"children":2,"sequence":[{"player":0,"type":"F","amount":0,"street":0},{"player":1,"type":"R","amount":31750000,"street":0},{"player":2,"type":"C","amount":31750000,"street":0},{"player":3,"type":"C","amount":31750000,"street":0},{"player":4,"type":"R","amount":53750000,"street":0},{"player":5,"type":"F","amount":0,"street":0},{"player":2,"type":"C","amount":3000000,"street":0}],"actions":[{"type":"F","amount":0},{"type":"C","amount":22000000}],"hands":{"22":{"weight":0.0,"played":[0.7676,0.2324],"evs":[0.0,-1.31353]},"32o":{"weight":0.0,"played":[0.984,0.016],"evs":[0.0,-2.62979]},"42o":{"weight":0.0,"played":[0.9925,0.0075],"evs":[0.0,-2.71321]},"52o":{"weight":0.0,"played":[0.9751,0.0249],"evs":[0.0,-2.69634]},"62o":{"weight":0.0,"played":[0.9944,0.0056],"evs":[0.0,-2.23872]},"72o":{"weight":0.0,"played":[0.9937,0.0063],"evs":[0.0,-3.10428]},"82o":{"weight":0.0,"played":[0.9916,0.0084],"evs":[0.0,-3.06223]},"92o":{"weight":0.0,"played":[0.9982,0.0018],"evs":[0.0,-3.58189]},"T2o":{"weight":0.0,"played":[0.994,0.006],"evs":[0.0,-3.00924]},"J2o":{"weight":0.0,"played":[0.9869,0.0131],"evs":[0.0,-3.23726]},"Q2o":{"weight":0.0,"played":[0.9539,0.0461],"evs":[0.0,-3.46746]},"K2o":{"weight":0.0,"played":[0.9792,0.0208],"evs":[0.0,-2.38979]},"A2o":{"weight":0.0,"played":[0.7156,0.2844],"evs":[0.0,-1.04233]},"32s":{"weight":0.0,"played":[0.8567,0.1433],"evs":[0.0,-2.74378]},"33":{"weight":0.0,"played":[0.6703,0.3297],"evs":[0.0,-0.76418]},"43o":{"weight":0.0,"played":[0.9873,0.0127],"evs":[0.0,-1.39697]},"53o":{"weight":0.0,"played":[0.8399,0.1601],"evs":[0.0,-1.83987]},"63o":{"weight":0.0,"played":[0.8789,0.1211],"evs":[0.0,-1.25457]},"73o":{"weight":0.0,"played":[0.9995,5.0E-4],"evs":[0.0,-2.45648]},"83o":{"weight":0.0,"played":[0.9927,0.0073],"evs":[0.0,-2.83004]},"93o":{"weight":0.0,"played":[0.9888,0.0112],"evs":[0.0,-2.70858]},"T3o":{"weight":0.0,"played":[0.9951,0.0049],"evs":[0.0,-3.48172]},"J3o":{"weight":0.0,"played":[0.9806,0.0194],"evs":[0.0,-3.45121]},"Q3o":{"weight":0.0,"played":[0.8722,0.1278],"evs":[0.0,-1.99202]},"K3o":{"weight":0.0,"played":[0.6974,0.3026],"evs":[0.0,-0.81046]},"A3o":{"weight":0.0,"played":[0.7136,0.2864],"evs":[0.0,-1.32211]},"42s":{"weight":0.0,"played":[0.1025,0.8975],"evs":[0.0,-0.04631]},"43s":{"weight":0.0,"played":[0.7449,0.2551],"evs":[0.0,-0.18051]},"44":{"weight":0.0,"played":[0.948,0.052],"evs":[0.0,-1.34694]},"54o":{"weight":0.0,"played":[0.8419,0.1581],"evs":[0.0,-2.16812]},"64o":{"weight":0.0,"played":[0.8763,0.1237],"evs":[0.0,-1.27241]},"74o":{"weight":0.0,"played":[0.9364,0.0636],"evs":[0.0,-1.78458]},"84o":{"weight":0.0,"played":[0.9878,0.0122],"evs":[0.0,-2.68061]},"94o":{"weight":0.0,"played":[0.994,0.006],"evs":[0.0,-2.93529]},"T4o":{"weight":0.0,"played":[0.9894,0.0106],"evs":[0.0,-2.33174]},"J4o":{"weight":0.0,"played":[0.995,0.005],"evs":[0.0,-2.55751]},"Q4o":{"weight":0.0,"played":[0.9335,0.0665],"evs":[0.0,-3.17092]},"K4o":{"weight":0.0,"played":[0.8864,0.1136],"evs":[0.0,-1.78552]},"A4o":{"weight":0.0,"played":[0.7053,0.2947],"evs":[0.0,-1.15763]},"52s":{"weight":0.0,"played":[0.4288,0.5712],"evs":[0.0,0.12681]},"53s":{"weight":0.0,"played":[0.9817,0.0183],"evs":[0.0,-0.51689]},"54s":{"weight":0.0,"played":[0.2902,0.7098],"evs":[0.0,1.15857]},"55":{"weight":0.0,"played":[0.8465,0.1535],"evs":[0.0,-1.89659]},"65o":{"weight":0.0,"played":[0.9303,0.0697],"evs":[0.0,-0.35881]},"75o":{"weight":0.0,"played":[0.9631,0.0369],"evs":[0.0,-0.61559]},"85o":{"weight":0.0,"played":[0.9758,0.0242],"evs":[0.0,-2.22193]},"95o":{"weight":0.0,"played":[0.9358,0.0642],"evs":[0.0,-2.22749]},"T5o":{"weight":0.0,"played":[0.965,0.035],"evs":[0.0,-1.97943]},"J5o":{"weight":0.0,"played":[0.9838,0.0162],"evs":[0.0,-3.5363]},"Q5o":{"weight":0.0,"played":[0.9777,0.0223],"evs":[0.0,-2.38029]},"K5o":{"weight":0.0,"played":[0.6894,0.3106],"evs":[0.0,-0.7608]},"A5o":{"weight":0.0,"played":[0.2614,0.7386],"evs":[0.0,-0.18755]},"62s":{"weight":0.0,"played":[0.7423,0.2577],"evs":[0.0,-0.61676]},"63s":{"weight":0.0,"played":[0.7982,0.2018],"evs":[0.0,-0.92465]},"64s":{"weight":0.0,"played":[0.9597,0.0403],"evs":[0.0,-0.87195]},"65s":{"weight":0.0,"played":[0.3087,0.6913],"evs":[0.0,0.40731]},"66":{"weight":0.0,"played":[0.3059,0.6941],"evs":[0.0,-0.08454]},"76o":{"weight":0.0,"played":[0.8652,0.1348],"evs":[0.0,-0.79621]},"86o":{"weight":0.0,"played":[0.9033,0.0967],"evs":[0.0,-1.64663]},"96o":{"weight":0.0,"played":[0.6884,0.3116],"evs":[0.0,-0.83865]},"T6o":{"weight":0.0,"played":[0.9378,0.0622],"evs":[0.0,-2.72323]},"J6o":{"weight":0.0,"played":[0.9865,0.0135],"evs":[0.0,-2.97331]},"Q6o":{"weight":0.0,"played":[0.8288,0.1712],"evs":[0.0,-1.48621]},"K6o":{"weight":0.0,"played":[0.6891,0.3109],"evs":[0.0,-0.95439]},"A6o":{"weight":0.0,"played":[0.9079,0.0921],"evs":[0.0,-1.25269]},"72s":{"weight":0.0,"played":[0.9163,0.0837],"evs":[0.0,-3.38388]},"73s":{"weight":0.0,"played":[0.9519,0.0481],"evs":[0.0,-1.16908]},"74s":{"weight":0.0,"played":[0.8346,0.1654],"evs":[0.0,-0.21676]},"75s":{"weight":0.0,"played":[0.1175,0.8825],"evs":[0.0,0.01119]},"76s":{"weight":0.0,"played":[0.8586,0.1414],"evs":[0.0,-0.6352]},"77":{"weight":0.0,"played":[0.0,1.0],"evs":[0.0,0.3863]},"87o":{"weight":0.0,"played":[0.9557,0.0443],"evs":[0.0,-0.98829]},"97o":{"weight":0.0,"played":[0.9002,0.0998],"evs":[0.0,-0.50725]},"T7o":{"weight":0.0,"played":[0.8586,0.1414],"evs":[0.0,-1.56194]},"J7o":{"weight":0.0,"played":[0.8484,0.1516],"evs":[0.0,-2.60192]},"Q7o":{"weight":0.0,"played":[0.9774,0.0226],"evs":[0.0,-3.08845]},"K7o":{"weight":0.0,"played":[0.8268,0.1732],"evs":[0.0,-1.51431]},"A7o":{"weight":0.0,"played":[0.9487,0.0513],"evs":[0.0,-1.13044]},"82s":{"weight":0.0,"played":[0.98,0.02],"evs":[0.0,-2.09363]},"83s":{"weight":0.0,"played":[0.9742,0.0258],"evs":[0.0,-2.1235]},"84s":{"weight":0.0,"played":[0.9294,0.0706],"evs":[0.0,-1.93431]},"85s":{"weight":0.0,"played":[0.4168,0.5832],"evs":[0.0,-0.46662]},"86s":{"weight":0.0,"played":[0.3267,0.6733],"evs":[0.0,1.33694]},"87s":{"weight":0.0,"played":[0.0207,0.9793],"evs":[0.0,0.15545]},"88":{"weight":6.0E-4,"played":[0.2341,0.7659],"evs":[0.0,0.39322]},"98o":{"weight":0.0,"played":[0.9834,0.0166],"evs":[0.0,-1.60171]},"T8o":{"weight":0.0,"played":[0.9021,0.0979],"evs":[0.0,-2.06479]},"J8o":{"weight":0.0,"played":[0.9307,0.0693],"evs":[0.0,-2.21648]},"Q8o":{"weight":0.0,"played":[0.8938,0.1062],"evs":[0.0,-1.55582]},"K8o":{"weight":0.0,"played":[0.9101,0.0899],"evs":[0.0,-1.30985]},"A8o":{"weight":0.0,"played":[0.9969,0.0031],"evs":[0.0,-0.92685]},"92s":{"weight":0.0,"played":[0.8057,0.1943],"evs":[0.0,-1.27503]},"93s":{"weight":0.0,"played":[0.6338,0.3662],"evs":[0.0,-0.17924]},"94s":{"weight":0.0,"played":[0.9674,0.0326],"evs":[0.0,-1.69437]},"95s":{"weight":0.0,"played":[0.9865,0.0135],"evs":[0.0,-1.69242]},"96s":{"weight":0.0,"played":[0.7933,0.2067],"evs":[0.0,-0.84369]},"97s":{"weight":0.0,"played":[0.0157,0.9843],"evs":[0.0,0.5745]},"98s":{"weight":0.0,"played":[0.1319,0.8681],"evs":[0.0,0.41663]},"99":{"weight":0.58,"played":[0.6872,0.3128],"evs":[0.0,-0.3566]},"T9o":{"weight":0.0,"played":[0.9172,0.0828],"evs":[0.0,-1.62905]},"J9o":{"weight":0.0,"played":[0.872,0.128],"evs":[0.0,-2.21534]},"Q9o":{"weight":0.0,"played":[0.955,0.045],"evs":[0.0,-1.33905]},"K9o":{"weight":0.0,"played":[0.5876,0.4124],"evs":[0.0,-0.7975]},"A9o":{"weight":0.0,"played":[0.6817,0.3183],"evs":[0.0,-1.78124]},"T2s":{"weight":0.0,"played":[0.9557,0.0443],"evs":[0.0,-1.68368]},"T3s":{"weight":0.0,"played":[0.9217,0.0783],"evs":[0.0,-1.61706]},"T4s":{"weight":0.0,"played":[0.8739,0.1261],"evs":[0.0,-1.38657]},"T5s":{"weight":0.0,"played":[0.777,0.223],"evs":[0.0,-1.91112]},"T6s":{"weight":0.0,"played":[0.9888,0.0112],"evs":[0.0,-1.2614]},"T7s":{"weight":0.0,"played":[0.5814,0.4186],"evs":[0.0,0.40783]},"T8s":{"weight":0.0,"played":[0.8449,0.1551],"evs":[0.0,-0.98661]},"T9s":{"weight":0.0,"played":[0.0,1.0],"evs":[0.0,0.92588]},"TT":{"weight":0.2431,"played":[1.0E-4,0.9999],"evs":[0.0,0.72526]},"JTo":{"weight":0.0,"played":[0.9279,0.0721],"evs":[0.0,-2.66139]},"QTo":{"weight":0.0,"played":[0.7672,0.2328],"evs":[0.0,-1.89715]},"KTo":{"weight":0.0,"played":[0.766,0.234],"evs":[0.0,-0.65672]},"ATo":{"weight":0.0,"played":[0.6843,0.3157],"evs":[0.0,-1.0215]},"J2s":{"weight":0.0,"played":[0.9705,0.0295],"evs":[0.0,-1.48852]},"J3s":{"weight":0.0,"played":[0.6981,0.3019],"evs":[0.0,-0.16867]},"J4s":{"weight":0.0,"played":[0.6476,0.3524],"evs":[0.0,-0.40569]},"J5s":{"weight":0.0,"played":[0.7203,0.2797],"evs":[0.0,-1.08167]},"J6s":{"weight":0.0,"played":[0.5478,0.4522],"evs":[0.0,-0.01992]},"J7s":{"weight":0.0,"played":[0.8399,0.1601],"evs":[0.0,-1.62264]},"J8s":{"weight":0.0,"played":[0.6464,0.3536],"evs":[0.0,-1.62485]},"J9s":{"weight":0.0,"played":[0.154,0.846],"evs":[0.0,-0.64049]},"JTs":{"weight":0.0,"played":[0.7241,0.2759],"evs":[0.0,-1.54703]},"JJ":{"weight":0.7756,"played":[0.1415,0.8585],"evs":[0.0,0.4682]},"QJo":{"weight":0.0,"played":[0.9423,0.0577],"evs":[0.0,-1.83416]},"KJo":{"weight":0.0,"played":[0.8768,0.1232],"evs":[0.0,-0.78017]},"AJo":{"weight":0.0,"played":[0.8016,0.1984],"evs":[0.0,-0.72198]},"Q2s":{"weight":0.0,"played":[0.9794,0.0206],"evs":[0.0,-2.14968]},"Q3s":{"weight":0.0,"played":[0.9622,0.0378],"evs":[0.0,-2.6624]},"Q4s":{"weight":0.0,"played":[0.7577,0.2423],"evs":[0.0,-1.88117]},"Q5s":{"weight":0.0,"played":[0.4619,0.5381],"evs":[0.0,-0.90698]},"Q6s":{"weight":0.0,"played":[0.796,0.204],"evs":[0.0,-2.12889]},"Q7s":{"weight":0.0,"played":[0.6643,0.3357],"evs":[0.0,-0.60484]},"Q8s":{"weight":0.0,"played":[0.8587,0.1413],"evs":[0.0,-1.04437]},"Q9s":{"weight":0.0,"played":[0.0715,0.9285],"evs":[0.0,-0.30336]},"QTs":{"weight":0.0,"played":[0.675,0.325],"evs":[0.0,-1.12653]},"QJs":{"weight":0.0,"played":[0.0193,0.9807],"evs":[0.0,1.32122]},"QQ":{"weight":0.4561,"played":[1.0E-4,0.9999],"evs":[0.0,2.8769]},"KQo":{"weight":0.0,"played":[0.4524,0.5476],"evs":[0.0,-0.47254]},"AQo":{"weight":0.0021,"played":[0.2719,0.7281],"evs":[0.0,-0.05964]},"K2s":{"weight":0.0,"played":[0.4337,0.5663],"evs":[0.0,0.05867]},"K3s":{"weight":0.0,"played":[0.1431,0.8569],"evs":[0.0,0.45356]},"K4s":{"weight":0.0,"played":[0.4349,0.5651],"evs":[0.0,-0.72536]},"K5s":{"weight":0.0,"played":[0.0112,0.9888],"evs":[0.0,0.98805]},"K6s":{"weight":0.0,"played":[0.4068,0.5932],"evs":[0.0,-0.77649]},"K7s":{"weight":0.0,"played":[0.6808,0.3192],"evs":[0.0,-0.68437]},"K8s":{"weight":0.0,"played":[0.9443,0.0557],"evs":[0.0,-0.55266]},"K9s":{"weight":0.0,"played":[3.0E-4,0.9997],"evs":[0.0,2.06294]},"KTs":{"weight":0.0,"played":[0.4247,0.5753],"evs":[0.0,-1.21916]},"KJs":{"weight":0.0,"played":[0.0077,0.9923],"evs":[0.0,0.38332]},"KQs":{"weight":1.0E-4,"played":[0.0,1.0],"evs":[0.0,1.51491]},"KK":{"weight":0.4139,"played":[0.0,1.0],"evs":[0.0,10.40479]},"AKo":{"weight":0.0067,"played":[0.0,1.0],"evs":[0.0,2.88205]},"A2s":{"weight":0.0,"played":[0.0044,0.9956],"evs":[0.0,1.17407]},"A3s":{"weight":0.0,"played":[0.3337,0.6663],"evs":[0.0,-0.35962]},"A4s":{"weight":0.0,"played":[0.8809,0.1191],"evs":[0.0,-1.25417]},"A5s":{"weight":0.0,"played":[0.2936,0.7064],"evs":[0.0,1.21146]},"A6s":{"weight":0.0,"played":[0.0643,0.9357],"evs":[0.0,-0.26796]},"A7s":{"weight":0.0,"played":[0.029,0.971],"evs":[0.0,0.88819]},"A8s":{"weight":0.0,"played":[0.7777,0.2223],"evs":[0.0,0.37973]},"A9s":{"weight":0.0,"played":[0.2887,0.7113],"evs":[0.0,1.3241]},"ATs":{"weight":0.0,"played":[0.2883,0.7117],"evs":[0.0,0.5816]},"AJs":{"weight":2.0E-4,"played":[0.3973,0.6027],"evs":[0.0,-0.27186]},"AQs":{"weight":0.4033,"played":[0.0,1.0],"evs":[0.0,0.98727]},"AKs":{"weight":0.0309,"played":[8.0E-4,0.9992],"evs":[0.0,2.60719]},"AA":{"weight":0.0,"played":[2.0E-4,0.9998],"evs":[0.0,14.89661]}}}