{"player":5,"street":0,"children":2,"sequence":[{"player":0,"type":"F","amount":0,"street":0},{"player":1,"type":"F","amount":0,"street":0},{"player":2,"type":"F","amount":0,"street":0},{"player":3,"type":"F","amount":0,"street":0},{"player":4,"type":"R","amount":28750000,"street":0}],"actions":[{"type":"F","amount":0},{"type":"C","amount":23750000}],"hands":{"22":{"weight":1.0,"played":[1.0,0.0],"evs":[0.0,-0.37355]},"32o":{"weight":1.0,"played":[1.0,0.0],"evs":[0.0,-3.60275]},"42o":{"weight":1.0,"played":[1.0,0.0],"evs":[0.0,-3.44581]},"52o":{"weight":1.0,"played":[1.0,0.0],"evs":[0.0,-3.25602]},"62o":{"weight":1.0,"played":[1.0,0.0],"evs":[0.0,-3.23776]},"72o":{"weight":1.0,"played":[1.0,0.0],"evs":[0.0,-3.06374]},"82o":{"weight":1.0,"played":[1.0,0.0],"evs":[0.0,-2.68203]},"92o":{"weight":1.0,"played":[1.0,0.0],"evs":[0.0,-2.2551]},"T2o":{"weight":1.0,"played":[1.0,0.0],"evs":[0.0,-1.78864]},"J2o":{"weight":1.0,"played":[1.0,0.0],"evs":[0.0,-1.29058]},"Q2o":{"weight":1.0,"played":[1.0,0.0],"evs":[0.0,-0.71342]},"K2o":{"weight":1.0,"played":[1.0,0.0],"evs":[0.0,-0.06726]},"A2o":{"weight":1.0,"played":[0.0,1.0],"evs":[0.0,0.80029]},"32s":{"weight":1.0,"played":[1.0,0.0],"evs":[0.0,-2.94917]},"33":{"weight":1.0,"played":[0.0,1.0],"evs":[0.0,0.11943]},"43o":{"weight":1.0,"played":[1.0,0.0],"evs":[0.0,-3.12539]},"53o":{"weight":1.0,"played":[1.0,0.0],"evs":[0.0,-2.94182]},"63o":{"weight":1.0,"played":[1.0,0.0],"evs":[0.0,-2.8981]},"73o":{"weight":1.0,"played":[1.0,0.0],"evs":[0.0,-2.73098]},"83o":{"weight":1.0,"played":[1.0,0.0],"evs":[0.0,-2.55495]},"93o":{"weight":1.0,"played":[1.0,0.0],"evs":[0.0,-2.10128]},"T3o":{"weight":1.0,"played":[1.0,0.0],"evs":[0.0,-1.6122]},"J3o":{"weight":1.0,"played":[1.0,0.0],"evs":[0.0,-1.12933]},"Q3o":{"weight":1.0,"played":[1.0,0.0],"evs":[0.0,-0.56935]},"K3o":{"weight":1.0,"played":[0.0,1.0],"evs":[0.0,0.06098]},"A3o":{"weight":1.0,"played":[0.0,1.0],"evs":[0.0,0.94345]},"42s":{"weight":1.0,"played":[1.0,0.0],"evs":[0.0,-2.81177]},"43s":{"weight":1.0,"played":[1.0,0.0],"evs":[0.0,-2.48088]},"44":{"weight":1.0,"played":[0.0,1.0],"evs":[0.0,0.64191]},"54o":{"weight":1.0,"played":[1.0,0.0],"evs":[0.0,-2.61989]},"64o":{"weight":1.0,"played":[1.0,0.0],"evs":[0.0,-2.58511]},"74o":{"weight":1.0,"played":[1.0,0.0],"evs":[0.0,-2.42648]},"84o":{"weight":1.0,"played":[1.0,0.0],"evs":[0.0,-2.23175]},"94o":{"weight":1.0,"played":[1.0,0.0],"evs":[0.0,-1.97377]},"T4o":{"weight":1.0,"played":[1.0,0.0],"evs":[0.0,-1.45963]},"J4o":{"weight":1.0,"played":[1.0,0.0],"evs":[0.0,-0.9891]},"Q4o":{"weight":1.0,"played":[1.0,0.0],"evs":[0.0,-0.41971]},"K4o":{"weight":1.0,"played":[0.0,1.0],"evs":[0.0,0.20235]},"A4o":{"weight":1.0,"played":[0.0,1.0],"evs":[0.0,1.06477]},"52s":{"weight":1.0,"played":[1.0,0.0],"evs":[0.0,-2.62703]},"53s":{"weight":1.0,"played":[1.0,0.0],"evs":[0.0,-2.31443]},"54s":{"weight":1.0,"played":[1.0,0.0],"evs":[0.0,-2.02214]},"55":{"weight":1.0,"played":[0.0,1.0],"evs":[0.0,1.17101]},"65o":{"weight":1.0,"played":[1.0,0.0],"evs":[0.0,-2.25021]},"75o":{"weight":1.0,"played":[1.0,0.0],"evs":[0.0,-2.08308]},"85o":{"weight":1.0,"played":[1.0,0.0],"evs":[0.0,-1.89043]},"95o":{"weight":1.0,"played":[1.0,0.0],"evs":[0.0,-1.62239]},"T5o":{"weight":1.0,"played":[1.0,0.0],"evs":[0.0,-1.32653]},"J5o":{"weight":1.0,"played":[1.0,0.0],"evs":[0.0,-0.8091]},"Q5o":{"weight":1.0,"played":[1.0,0.0],"evs":[0.0,-0.24825]},"K5o":{"weight":1.0,"played":[0.0,1.0],"evs":[0.0,0.38223]},"A5o":{"weight":1.0,"played":[0.0,1.0],"evs":[0.0,1.22724]},"62s":{"weight":1.0,"played":[1.0,0.0],"evs":[0.0,-2.58737]},"63s":{"weight":1.0,"played":[1.0,0.0],"evs":[0.0,-2.29012]},"64s":{"weight":1.0,"played":[1.0,0.0],"evs":[0.0,-1.99573]},"65s":{"weight":1.0,"played":[1.0,0.0],"evs":[0.0,-1.68196]},"66":{"weight":1.0,"played":[0.0,1.0],"evs":[0.0,1.6986]},"76o":{"weight":1.0,"played":[1.0,0.0],"evs":[0.0,-1.72602]},"86o":{"weight":1.0,"played":[1.0,0.0],"evs":[0.0,-1.53323]},"96o":{"weight":1.0,"played":[1.0,0.0],"evs":[0.0,-1.27574]},"T6o":{"weight":1.0,"played":[1.0,0.0],"evs":[0.0,-0.96145]},"J6o":{"weight":1.0,"played":[1.0,0.0],"evs":[0.0,-0.65811]},"Q6o":{"weight":1.0,"played":[0.9999,1.0E-4],"evs":[0.0,-0.05439]},"K6o":{"weight":1.0,"played":[0.0,1.0],"evs":[0.0,0.56858]},"A6o":{"weight":1.0,"played":[0.0,1.0],"evs":[0.0,1.3052]},"72s":{"weight":1.0,"played":[1.0,0.0],"evs":[0.0,-2.43598]},"73s":{"weight":1.0,"played":[1.0,0.0],"evs":[0.0,-2.13433]},"74s":{"weight":1.0,"played":[1.0,0.0],"evs":[0.0,-1.85514]},"75s":{"weight":1.0,"played":[1.0,0.0],"evs":[0.0,-1.52919]},"76s":{"weight":1.0,"played":[1.0,0.0],"evs":[0.0,-1.20813]},"77":{"weight":1.0,"played":[0.0,1.0],"evs":[0.0,2.24006]},"87o":{"weight":1.0,"played":[1.0,0.0],"evs":[0.0,-1.20394]},"97o":{"weight":1.0,"played":[1.0,0.0],"evs":[0.0,-0.94971]},"T7o":{"weight":1.0,"played":[1.0,0.0],"evs":[0.0,-0.62449]},"J7o":{"weight":1.0,"played":[1.0,0.0],"evs":[0.0,-0.30353]},"Q7o":{"weight":1.0,"played":[0.0,1.0],"evs":[0.0,0.1004]},"K7o":{"weight":1.0,"played":[0.0,1.0],"evs":[0.0,0.75198]},"A7o":{"weight":1.0,"played":[0.0,1.0],"evs":[0.0,1.50595]},"82s":{"weight":1.0,"played":[1.0,0.0],"evs":[0.0,-2.07155]},"83s":{"weight":1.0,"played":[1.0,0.0],"evs":[0.0,-1.95796]},"84s":{"weight":1.0,"played":[1.0,0.0],"evs":[0.0,-1.67826]},"85s":{"weight":1.0,"played":[1.0,0.0],"evs":[0.0,-1.34664]},"86s":{"weight":1.0,"played":[1.0,0.0],"evs":[0.0,-1.01303]},"87s":{"weight":1.0,"played":[1.0,0.0],"evs":[0.0,-0.70616]},"88":{"weight":1.0,"played":[0.0,1.0],"evs":[0.0,2.75914]},"98o":{"weight":1.0,"played":[1.0,0.0],"evs":[0.0,-0.61928]},"T8o":{"weight":1.0,"played":[1.0,0.0],"evs":[0.0,-0.28774]},"J8o":{"weight":1.0,"played":[0.0,1.0],"evs":[0.0,0.02008]},"Q8o":{"weight":1.0,"played":[0.0,1.0],"evs":[0.0,0.42629]},"K8o":{"weight":1.0,"played":[0.0,1.0],"evs":[0.0,0.90751]},"A8o":{"weight":1.0,"played":[0.0,1.0],"evs":[0.0,1.71213]},"92s":{"weight":1.0,"played":[1.0,0.0],"evs":[0.0,-1.68717]},"93s":{"weight":1.0,"played":[1.0,0.0],"evs":[0.0,-1.53925]},"94s":{"weight":1.0,"played":[1.0,0.0],"evs":[0.0,-1.42997]},"95s":{"weight":1.0,"played":[1.0,0.0],"evs":[0.0,-1.09662]},"96s":{"weight":1.0,"played":[1.0,0.0],"evs":[0.0,-0.78942]},"97s":{"weight":1.0,"played":[1.0,0.0],"evs":[0.0,-0.46404]},"98s":{"weight":1.0,"played":[1.0,0.0],"evs":[0.0,-0.17246]},"99":{"weight":1.0,"played":[0.0,1.0],"evs":[0.0,3.29018]},"T9o":{"weight":1.0,"played":[1.0E-4,0.9999],"evs":[0.0,0.05187]},"J9o":{"weight":1.0,"played":[0.0,1.0],"evs":[0.0,0.34997]},"Q9o":{"weight":1.0,"played":[0.0,1.0],"evs":[0.0,0.76524]},"K9o":{"weight":1.0,"played":[0.0,1.0],"evs":[0.0,1.251]},"A9o":{"weight":1.0,"played":[0.0,1.0],"evs":[0.0,1.88145]},"T2s":{"weight":1.0,"played":[1.0,0.0],"evs":[0.0,-1.23222]},"T3s":{"weight":1.0,"played":[1.0,0.0],"evs":[0.0,-1.08012]},"T4s":{"weight":1.0,"played":[1.0,0.0],"evs":[0.0,-0.93728]},"T5s":{"weight":1.0,"played":[1.0,0.0],"evs":[0.0,-0.8]},"T6s":{"weight":1.0,"played":[1.0,0.0],"evs":[0.0,-0.48867]},"T7s":{"weight":1.0,"played":[1.0,0.0],"evs":[0.0,-0.17383]},"T8s":{"weight":1.0,"played":[0.0,1.0],"evs":[0.0,0.1333]},"T9s":{"weight":1.0,"played":[0.0,1.0],"evs":[0.0,0.46467]},"TT":{"weight":1.0,"played":[0.0,1.0],"evs":[0.0,3.84473]},"JTo":{"weight":1.0,"played":[0.0,1.0],"evs":[0.0,0.77473]},"QTo":{"weight":1.0,"played":[0.0,1.0],"evs":[0.0,1.17543]},"KTo":{"weight":1.0,"played":[0.0,1.0],"evs":[0.0,1.64344]},"ATo":{"weight":1.0,"played":[0.0,1.0],"evs":[0.0,2.27857]},"J2s":{"weight":1.0,"played":[1.0,0.0],"evs":[0.0,-0.76937]},"J3s":{"weight":1.0,"played":[1.0,0.0],"evs":[0.0,-0.61357]},"J4s":{"weight":1.0,"played":[1.0,0.0],"evs":[0.0,-0.48569]},"J5s":{"weight":1.0,"played":[1.0,0.0],"evs":[0.0,-0.32437]},"J6s":{"weight":1.0,"played":[1.0,0.0],"evs":[0.0,-0.18596]},"J7s":{"weight":1.0,"played":[0.0,1.0],"evs":[0.0,0.12062]},"J8s":{"weight":1.0,"played":[0.0,1.0],"evs":[0.0,0.43366]},"J9s":{"weight":1.0,"played":[0.0,1.0],"evs":[0.0,0.73943]},"JTs":{"weight":1.0,"played":[0.0,1.0],"evs":[0.0,1.18583]},"JJ":{"weight":1.0,"played":[0.0,1.0],"evs":[0.0,4.30053]},"QJo":{"weight":1.0,"played":[0.0,1.0],"evs":[0.0,1.3335]},"KJo":{"weight":1.0,"played":[0.0,1.0],"evs":[0.0,1.80761]},"AJo":{"weight":1.0,"played":[0.0,1.0],"evs":[0.0,2.44761]},"Q2s":{"weight":1.0,"played":[1.0,0.0],"evs":[0.0,-0.21367]},"Q3s":{"weight":1.0,"played":[1.0,0.0],"evs":[0.0,-0.07194]},"Q4s":{"weight":1.0,"played":[0.0013,0.9987],"evs":[0.0,0.05515]},"Q5s":{"weight":1.0,"played":[0.0,1.0],"evs":[0.0,0.18369]},"Q6s":{"weight":1.0,"played":[0.0,1.0],"evs":[0.0,0.39405]},"Q7s":{"weight":1.0,"played":[0.0,1.0],"evs":[0.0,0.50643]},"Q8s":{"weight":1.0,"played":[0.0,1.0],"evs":[0.0,0.81533]},"Q9s":{"weight":1.0,"played":[0.0,1.0],"evs":[0.0,1.16491]},"QTs":{"weight":1.0,"played":[0.0,1.0],"evs":[0.0,1.52378]},"QJs":{"weight":1.0,"played":[0.0,1.0],"evs":[0.0,1.67723]},"QQ":{"weight":1.0,"played":[0.0,1.0],"evs":[0.0,4.77055]},"KQo":{"weight":1.0,"played":[0.0,1.0],"evs":[0.0,2.00989]},"AQo":{"weight":1.0,"played":[0.0,1.0],"evs":[0.0,2.65768]},"K2s":{"weight":1.0,"played":[0.0,1.0],"evs":[0.0,0.38094]},"K3s":{"weight":1.0,"played":[0.0,1.0],"evs":[0.0,0.51732]},"K4s":{"weight":1.0,"played":[0.0,1.0],"evs":[0.0,0.61186]},"K5s":{"weight":1.0,"played":[0.0,1.0],"evs":[0.0,0.78649]},"K6s":{"weight":1.0,"played":[0.0,1.0],"evs":[0.0,0.97734]},"K7s":{"weight":1.0,"played":[0.0,1.0],"evs":[0.0,1.14873]},"K8s":{"weight":1.0,"played":[0.0,1.0],"evs":[0.0,1.29508]},"K9s":{"weight":1.0,"played":[0.0,1.0],"evs":[0.0,1.60678]},"KTs":{"weight":1.0,"played":[0.0,1.0],"evs":[0.0,1.97617]},"KJs":{"weight":1.0,"played":[0.0,1.0],"evs":[0.0,2.11255]},"KQs":{"weight":1.0,"played":[0.0,1.0],"evs":[0.0,2.30681]},"KK":{"weight":1.0,"played":[0.0,1.0],"evs":[0.0,5.25661]},"AKo":{"weight":1.0,"played":[0.0,1.0],"evs":[0.0,2.87201]},"A2s":{"weight":1.0,"played":[0.0,1.0],"evs":[0.0,1.20296]},"A3s":{"weight":1.0,"played":[0.0,1.0],"evs":[0.0,1.33183]},"A4s":{"weight":1.0,"played":[0.0,1.0],"evs":[0.0,1.44504]},"A5s":{"weight":1.0,"played":[0.0,1.0],"evs":[0.0,1.60692]},"A6s":{"weight":1.0,"played":[0.0,1.0],"evs":[0.0,1.6494]},"A7s":{"weight":1.0,"played":[0.0,1.0],"evs":[0.0,1.8507]},"A8s":{"weight":1.0,"played":[0.0,1.0],"evs":[0.0,2.02742]},"A9s":{"weight":1.0,"played":[0.0,1.0],"evs":[0.0,2.19589]},"ATs":{"weight":1.0,"played":[0.0,1.0],"evs":[0.0,2.56924]},"AJs":{"weight":1.0,"played":[0.0,1.0],"evs":[0.0,2.73462]},"AQs":{"weight":1.0,"played":[0.0,1.0],"evs":[0.0,2.90608]},"AKs":{"weight":1.0,"played":[0.0,1.0],"evs":[0.0,3.12709]},"AA":{"weight":1.0,"played":[0.0,1.0],"evs":[0.0,5.88919]}}}