{"player":4,"street":0,"children":2,"sequence":[{"player":0,"type":"F","amount":0,"street":0},{"player":1,"type":"R","amount":31750000,"street":0},{"player":2,"type":"C","amount":31750000,"street":0},{"player":3,"type":"R","amount":54750000,"street":0}],"actions":[{"type":"F","amount":0,"node":51},{"type":"C","amount":51250000,"node":54}],"hands":{"22":{"weight":1.0,"played":[1.0,0.0],"evs":[0.0,-5.44867]},"32o":{"weight":1.0,"played":[1.0,0.0],"evs":[0.0,-7.20046]},"42o":{"weight":1.0,"played":[1.0,0.0],"evs":[0.0,-7.8303]},"52o":{"weight":1.0,"played":[1.0,0.0],"evs":[0.0,-7.66243]},"62o":{"weight":1.0,"played":[1.0,0.0],"evs":[0.0,-7.18634]},"72o":{"weight":1.0,"played":[1.0,0.0],"evs":[0.0,-8.30471]},"82o":{"weight":1.0,"played":[1.0,0.0],"evs":[0.0,-8.08591]},"92o":{"weight":1.0,"played":[1.0,0.0],"evs":[0.0,-8.06535]},"T2o":{"weight":1.0,"played":[0.9999,1.0E-4],"evs":[0.0,-8.11559]},"J2o":{"weight":1.0,"played":[1.0,0.0],"evs":[0.0,-7.8962]},"Q2o":{"weight":1.0,"played":[1.0,0.0],"evs":[0.0,-7.86651]},"K2o":{"weight":1.0,"played":[1.0,0.0],"evs":[0.0,-8.47653]},"A2o":{"weight":1.0,"played":[1.0,0.0],"evs":[0.0,-7.97376]},"32s":{"weight":1.0,"played":[0.9999,1.0E-4],"evs":[0.0,-5.71067]},"33":{"weight":1.0,"played":[0.9999,1.0E-4],"evs":[0.0,-5.18092]},"43o":{"weight":1.0,"played":[1.0,0.0],"evs":[0.0,-6.91545]},"53o":{"weight":1.0,"played":[1.0,0.0],"evs":[0.0,-6.76788]},"63o":{"weight":1.0,"played":[1.0,0.0],"evs":[0.0,-6.82458]},"73o":{"weight":1.0,"played":[1.0,0.0],"evs":[0.0,-7.58997]},"83o":{"weight":1.0,"played":[1.0,0.0],"evs":[0.0,-7.95224]},"93o":{"weight":1.0,"played":[1.0,0.0],"evs":[0.0,-7.98414]},"T3o":{"weight":1.0,"played":[0.9999,1.0E-4],"evs":[0.0,-8.22846]},"J3o":{"weight":1.0,"played":[1.0,0.0],"evs":[0.0,-7.90829]},"Q3o":{"weight":1.0,"played":[1.0,0.0],"evs":[0.0,-7.35057]},"K3o":{"weight":1.0,"played":[1.0,0.0],"evs":[0.0,-7.60272]},"A3o":{"weight":1.0,"played":[1.0,0.0],"evs":[0.0,-7.85383]},"42s":{"weight":1.0,"played":[0.9998,2.0E-4],"evs":[0.0,-5.9663]},"43s":{"weight":1.0,"played":[0.9997,3.0E-4],"evs":[0.0,-5.33534]},"44":{"weight":1.0,"played":[0.9998,2.0E-4],"evs":[0.0,-4.21564]},"54o":{"weight":1.0,"played":[1.0,0.0],"evs":[0.0,-5.50061]},"64o":{"weight":1.0,"played":[1.0,0.0],"evs":[0.0,-6.35515]},"74o":{"weight":1.0,"played":[1.0,0.0],"evs":[0.0,-7.02462]},"84o":{"weight":1.0,"played":[1.0,0.0],"evs":[0.0,-6.80252]},"94o":{"weight":1.0,"played":[1.0,0.0],"evs":[0.0,-7.75539]},"T4o":{"weight":1.0,"played":[1.0,0.0],"evs":[0.0,-7.44451]},"J4o":{"weight":1.0,"played":[1.0,0.0],"evs":[0.0,-7.55903]},"Q4o":{"weight":1.0,"played":[1.0,0.0],"evs":[0.0,-6.99152]},"K4o":{"weight":1.0,"played":[1.0,0.0],"evs":[0.0,-7.69688]},"A4o":{"weight":1.0,"played":[1.0,0.0],"evs":[0.0,-6.90664]},"52s":{"weight":1.0,"played":[0.9999,1.0E-4],"evs":[0.0,-6.23474]},"53s":{"weight":1.0,"played":[0.9995,5.0E-4],"evs":[0.0,-5.23397]},"54s":{"weight":1.0,"played":[0.9974,0.0026],"evs":[0.0,-4.88759]},"55":{"weight":1.0,"played":[1.0,0.0],"evs":[0.0,-4.20561]},"65o":{"weight":1.0,"played":[1.0,0.0],"evs":[0.0,-6.07781]},"75o":{"weight":1.0,"played":[1.0,0.0],"evs":[0.0,-6.06217]},"85o":{"weight":1.0,"played":[1.0,0.0],"evs":[0.0,-6.57069]},"95o":{"weight":1.0,"played":[1.0,0.0],"evs":[0.0,-7.20154]},"T5o":{"weight":1.0,"played":[1.0,0.0],"evs":[0.0,-8.12343]},"J5o":{"weight":1.0,"played":[1.0,0.0],"evs":[0.0,-7.58254]},"Q5o":{"weight":1.0,"played":[1.0,0.0],"evs":[0.0,-6.63477]},"K5o":{"weight":1.0,"played":[1.0,0.0],"evs":[0.0,-7.57753]},"A5o":{"weight":1.0,"played":[1.0,0.0],"evs":[0.0,-7.63412]},"62s":{"weight":1.0,"played":[0.9998,2.0E-4],"evs":[0.0,-7.08711]},"63s":{"weight":1.0,"played":[1.0,0.0],"evs":[0.0,-5.37312]},"64s":{"weight":1.0,"played":[1.0,0.0],"evs":[0.0,-5.57037]},"65s":{"weight":1.0,"played":[1.0,0.0],"evs":[0.0,-4.11248]},"66":{"weight":1.0,"played":[0.9998,2.0E-4],"evs":[0.0,-4.26425]},"76o":{"weight":1.0,"played":[1.0,0.0],"evs":[0.0,-5.91502]},"86o":{"weight":1.0,"played":[0.9999,1.0E-4],"evs":[0.0,-6.51074]},"96o":{"weight":1.0,"played":[1.0,0.0],"evs":[0.0,-6.74955]},"T6o":{"weight":1.0,"played":[1.0,0.0],"evs":[0.0,-6.522]},"J6o":{"weight":1.0,"played":[1.0,0.0],"evs":[0.0,-6.92844]},"Q6o":{"weight":1.0,"played":[1.0,0.0],"evs":[0.0,-6.4426]},"K6o":{"weight":1.0,"played":[1.0,0.0],"evs":[0.0,-7.54082]},"A6o":{"weight":1.0,"played":[1.0,0.0],"evs":[0.0,-7.88001]},"72s":{"weight":1.0,"played":[1.0,0.0],"evs":[0.0,-7.03571]},"73s":{"weight":1.0,"played":[1.0,0.0],"evs":[0.0,-6.34875]},"74s":{"weight":1.0,"played":[1.0,0.0],"evs":[0.0,-5.43646]},"75s":{"weight":1.0,"played":[1.0,0.0],"evs":[0.0,-4.93543]},"76s":{"weight":1.0,"played":[0.9988,0.0012],"evs":[0.0,-4.4082]},"77":{"weight":1.0,"played":[0.9991,9.0E-4],"evs":[0.0,-3.73171]},"87o":{"weight":1.0,"played":[0.9999,1.0E-4],"evs":[0.0,-6.4903]},"97o":{"weight":1.0,"played":[1.0,0.0],"evs":[0.0,-5.89546]},"T7o":{"weight":1.0,"played":[1.0,0.0],"evs":[0.0,-7.10499]},"J7o":{"weight":1.0,"played":[1.0,0.0],"evs":[0.0,-6.76413]},"Q7o":{"weight":1.0,"played":[1.0,0.0],"evs":[0.0,-6.33544]},"K7o":{"weight":1.0,"played":[0.9999,1.0E-4],"evs":[0.0,-7.35303]},"A7o":{"weight":1.0,"played":[1.0,0.0],"evs":[0.0,-7.72143]},"82s":{"weight":1.0,"played":[1.0,0.0],"evs":[0.0,-6.7837]},"83s":{"weight":1.0,"played":[0.9999,1.0E-4],"evs":[0.0,-6.36826]},"84s":{"weight":1.0,"played":[0.9999,1.0E-4],"evs":[0.0,-5.14887]},"85s":{"weight":1.0,"played":[1.0,0.0],"evs":[0.0,-6.39359]},"86s":{"weight":1.0,"played":[1.0,0.0],"evs":[0.0,-4.63603]},"87s":{"weight":1.0,"played":[1.0,0.0],"evs":[0.0,-3.83841]},"88":{"weight":1.0,"played":[0.9992,8.0E-4],"evs":[0.0,-4.9975]},"98o":{"weight":1.0,"played":[1.0,0.0],"evs":[0.0,-6.84694]},"T8o":{"weight":1.0,"played":[1.0,0.0],"evs":[0.0,-6.76369]},"J8o":{"weight":1.0,"played":[1.0,0.0],"evs":[0.0,-6.8586]},"Q8o":{"weight":1.0,"played":[1.0,0.0],"evs":[0.0,-7.01528]},"K8o":{"weight":1.0,"played":[0.9999,1.0E-4],"evs":[0.0,-8.29591]},"A8o":{"weight":1.0,"played":[1.0,0.0],"evs":[0.0,-7.84684]},"92s":{"weight":1.0,"played":[1.0,0.0],"evs":[0.0,-6.83966]},"93s":{"weight":1.0,"played":[1.0,0.0],"evs":[0.0,-7.32598]},"94s":{"weight":1.0,"played":[1.0,0.0],"evs":[0.0,-6.66931]},"95s":{"weight":1.0,"played":[1.0,0.0],"evs":[0.0,-6.07339]},"96s":{"weight":1.0,"played":[1.0,0.0],"evs":[0.0,-4.87849]},"97s":{"weight":1.0,"played":[0.9997,3.0E-4],"evs":[0.0,-5.26783]},"98s":{"weight":1.0,"played":[0.9999,1.0E-4],"evs":[0.0,-5.75058]},"99":{"weight":1.0,"played":[0.9996,4.0E-4],"evs":[0.0,-3.97334]},"T9o":{"weight":1.0,"played":[1.0,0.0],"evs":[0.0,-5.4999]},"J9o":{"weight":1.0,"played":[1.0,0.0],"evs":[0.0,-6.36384]},"Q9o":{"weight":1.0,"played":[1.0,0.0],"evs":[0.0,-6.49841]},"K9o":{"weight":1.0,"played":[0.9999,1.0E-4],"evs":[0.0,-7.45553]},"A9o":{"weight":1.0,"played":[1.0,0.0],"evs":[0.0,-8.04423]},"T2s":{"weight":1.0,"played":[0.9999,1.0E-4],"evs":[0.0,-6.6081]},"T3s":{"weight":1.0,"played":[1.0,0.0],"evs":[0.0,-6.07034]},"T4s":{"weight":1.0,"played":[0.9999,1.0E-4],"evs":[0.0,-6.00331]},"T5s":{"weight":1.0,"played":[1.0,0.0],"evs":[0.0,-5.83488]},"T6s":{"weight":1.0,"played":[0.9999,1.0E-4],"evs":[0.0,-5.7294]},"T7s":{"weight":1.0,"played":[0.9998,2.0E-4],"evs":[0.0,-5.48192]},"T8s":{"weight":1.0,"played":[1.0,0.0],"evs":[0.0,-4.59243]},"T9s":{"weight":1.0,"played":[0.9999,1.0E-4],"evs":[0.0,-5.71182]},"TT":{"weight":1.0,"played":[0.9979,0.0021],"evs":[0.0,-1.25345]},"JTo":{"weight":1.0,"played":[0.9997,3.0E-4],"evs":[0.0,-5.99425]},"QTo":{"weight":1.0,"played":[1.0,0.0],"evs":[0.0,-6.45898]},"KTo":{"weight":1.0,"played":[0.9999,1.0E-4],"evs":[0.0,-7.03286]},"ATo":{"weight":1.0,"played":[1.0,0.0],"evs":[0.0,-7.91565]},"J2s":{"weight":1.0,"played":[1.0,0.0],"evs":[0.0,-6.63939]},"J3s":{"weight":1.0,"played":[1.0,0.0],"evs":[0.0,-5.91707]},"J4s":{"weight":1.0,"played":[0.9999,1.0E-4],"evs":[0.0,-5.3542]},"J5s":{"weight":1.0,"played":[0.9996,4.0E-4],"evs":[0.0,-5.90074]},"J6s":{"weight":1.0,"played":[0.9989,0.0011],"evs":[0.0,-6.29632]},"J7s":{"weight":1.0,"played":[1.0,0.0],"evs":[0.0,-6.96131]},"J8s":{"weight":1.0,"played":[0.9989,0.0011],"evs":[0.0,-5.44026]},"J9s":{"weight":1.0,"played":[0.9998,2.0E-4],"evs":[0.0,-4.97128]},"JTs":{"weight":1.0,"played":[1.0,0.0],"evs":[0.0,-5.13581]},"JJ":{"weight":1.0,"played":[0.908,0.092],"evs":[0.0,-0.63927]},"QJo":{"weight":1.0,"played":[1.0,0.0],"evs":[0.0,-5.5683]},"KJo":{"weight":1.0,"played":[1.0,0.0],"evs":[0.0,-7.17595]},"AJo":{"weight":1.0,"played":[0.9999,1.0E-4],"evs":[0.0,-6.87945]},"Q2s":{"weight":1.0,"played":[1.0,0.0],"evs":[0.0,-6.48817]},"Q3s":{"weight":1.0,"played":[1.0,0.0],"evs":[0.0,-5.34691]},"Q4s":{"weight":1.0,"played":[1.0,0.0],"evs":[0.0,-5.53536]},"Q5s":{"weight":1.0,"played":[1.0,0.0],"evs":[0.0,-6.07302]},"Q6s":{"weight":1.0,"played":[0.9999,1.0E-4],"evs":[0.0,-5.41374]},"Q7s":{"weight":1.0,"played":[0.9999,1.0E-4],"evs":[0.0,-5.68196]},"Q8s":{"weight":1.0,"played":[1.0,0.0],"evs":[0.0,-4.98718]},"Q9s":{"weight":1.0,"played":[1.0,0.0],"evs":[0.0,-5.73671]},"QTs":{"weight":1.0,"played":[0.9998,2.0E-4],"evs":[0.0,-4.58607]},"QJs":{"weight":1.0,"played":[1.0,0.0],"evs":[0.0,-5.71123]},"QQ":{"weight":1.0,"played":[0.0,1.0],"evs":[0.0,2.40462]},"KQo":{"weight":1.0,"played":[0.9998,2.0E-4],"evs":[0.0,-5.5357]},"AQo":{"weight":1.0,"played":[0.9995,5.0E-4],"evs":[0.0,-6.10858]},"K2s":{"weight":1.0,"played":[0.9999,1.0E-4],"evs":[0.0,-6.69843]},"K3s":{"weight":1.0,"played":[0.9999,1.0E-4],"evs":[0.0,-6.98538]},"K4s":{"weight":1.0,"played":[0.9993,7.0E-4],"evs":[0.0,-6.88422]},"K5s":{"weight":1.0,"played":[0.9999,1.0E-4],"evs":[0.0,-5.99077]},"K6s":{"weight":1.0,"played":[1.0,0.0],"evs":[0.0,-5.46327]},"K7s":{"weight":1.0,"played":[0.9997,3.0E-4],"evs":[0.0,-5.72431]},"K8s":{"weight":1.0,"played":[0.9999,1.0E-4],"evs":[0.0,-7.38282]},"K9s":{"weight":1.0,"played":[0.9999,1.0E-4],"evs":[0.0,-7.02306]},"KTs":{"weight":1.0,"played":[0.9999,1.0E-4],"evs":[0.0,-6.34557]},"KJs":{"weight":1.0,"played":[0.9996,4.0E-4],"evs":[0.0,-4.74134]},"KQs":{"weight":1.0,"played":[0.9999,1.0E-4],"evs":[0.0,-5.24745]},"KK":{"weight":1.0,"played":[2.0E-4,0.9998],"evs":[0.0,4.83649]},"AKo":{"weight":1.0,"played":[0.9999,1.0E-4],"evs":[0.0,-2.67424]},"A2s":{"weight":1.0,"played":[1.0,0.0],"evs":[0.0,-6.31431]},"A3s":{"weight":1.0,"played":[1.0,0.0],"evs":[0.0,-6.39059]},"A4s":{"weight":1.0,"played":[0.9998,2.0E-4],"evs":[0.0,-6.3713]},"A5s":{"weight":1.0,"played":[1.0,0.0],"evs":[0.0,-6.04294]},"A6s":{"weight":1.0,"played":[0.9999,1.0E-4],"evs":[0.0,-7.35595]},"A7s":{"weight":1.0,"played":[1.0,0.0],"evs":[0.0,-6.53976]},"A8s":{"weight":1.0,"played":[0.9983,0.0017],"evs":[0.0,-6.96823]},"A9s":{"weight":1.0,"played":[0.9999,1.0E-4],"evs":[0.0,-5.66691]},"ATs":{"weight":1.0,"played":[0.9995,5.0E-4],"evs":[0.0,-6.09975]},"AJs":{"weight":1.0,"played":[0.999,0.001],"evs":[0.0,-5.24491]},"AQs":{"weight":1.0,"played":[0.9968,0.0032],"evs":[0.0,-4.99581]},"AKs":{"weight":1.0,"played":[0.9998,2.0E-4],"evs":[0.0,-1.44768]},"AA":{"weight":1.0,"played":[0.0,1.0],"evs":[0.0,11.37724]}}}