{"player":4,"street":0,"children":2,"sequence":[{"player":0,"type":"F","amount":0,"street":0},{"player":1,"type":"R","amount":31750000,"street":0},{"player":2,"type":"R","amount":34750000,"street":0},{"player":3,"type":"F","amount":0,"street":0}],"actions":[{"type":"F","amount":0,"node":59},{"type":"C","amount":32250000,"node":60}],"hands":{"22":{"weight":1.0,"played":[1.0,0.0],"evs":[0.0,-1.13418]},"32o":{"weight":1.0,"played":[1.0,0.0],"evs":[0.0,-2.82015]},"42o":{"weight":1.0,"played":[1.0,0.0],"evs":[0.0,-2.71562]},"52o":{"weight":1.0,"played":[1.0,0.0],"evs":[0.0,-2.63744]},"62o":{"weight":1.0,"played":[1.0,0.0],"evs":[0.0,-2.81687]},"72o":{"weight":1.0,"played":[1.0,0.0],"evs":[0.0,-3.12741]},"82o":{"weight":1.0,"played":[1.0,0.0],"evs":[0.0,-3.01938]},"92o":{"weight":1.0,"played":[1.0,0.0],"evs":[0.0,-2.89796]},"T2o":{"weight":1.0,"played":[1.0,0.0],"evs":[0.0,-2.8195]},"J2o":{"weight":1.0,"played":[1.0,0.0],"evs":[0.0,-2.83987]},"Q2o":{"weight":1.0,"played":[1.0,0.0],"evs":[0.0,-2.70738]},"K2o":{"weight":1.0,"played":[1.0,0.0],"evs":[0.0,-2.19035]},"A2o":{"weight":1.0,"played":[1.0,0.0],"evs":[0.0,-2.68795]},"32s":{"weight":1.0,"played":[1.0,0.0],"evs":[0.0,-1.99496]},"33":{"weight":1.0,"played":[1.0,0.0],"evs":[0.0,-1.04717]},"43o":{"weight":1.0,"played":[1.0,0.0],"evs":[0.0,-2.36261]},"53o":{"weight":1.0,"played":[1.0,0.0],"evs":[0.0,-2.26469]},"63o":{"weight":1.0,"played":[1.0,0.0],"evs":[0.0,-2.46783]},"73o":{"weight":1.0,"played":[1.0,0.0],"evs":[0.0,-2.76359]},"83o":{"weight":1.0,"played":[1.0,0.0],"evs":[0.0,-3.00711]},"93o":{"weight":1.0,"played":[1.0,0.0],"evs":[0.0,-2.80953]},"T3o":{"weight":1.0,"played":[1.0,0.0],"evs":[0.0,-2.80069]},"J3o":{"weight":1.0,"played":[1.0,0.0],"evs":[0.0,-2.76684]},"Q3o":{"weight":1.0,"played":[1.0,0.0],"evs":[0.0,-2.62263]},"K3o":{"weight":1.0,"played":[1.0,0.0],"evs":[0.0,-2.05403]},"A3o":{"weight":1.0,"played":[1.0,0.0],"evs":[0.0,-2.57137]},"42s":{"weight":1.0,"played":[1.0,0.0],"evs":[0.0,-1.92779]},"43s":{"weight":1.0,"played":[1.0,0.0],"evs":[0.0,-1.67439]},"44":{"weight":1.0,"played":[1.0,0.0],"evs":[0.0,-0.84359]},"54o":{"weight":1.0,"played":[1.0,0.0],"evs":[0.0,-1.9523]},"64o":{"weight":1.0,"played":[1.0,0.0],"evs":[0.0,-2.13535]},"74o":{"weight":1.0,"played":[1.0,0.0],"evs":[0.0,-2.40394]},"84o":{"weight":1.0,"played":[1.0,0.0],"evs":[0.0,-2.6014]},"94o":{"weight":1.0,"played":[1.0,0.0],"evs":[0.0,-2.72818]},"T4o":{"weight":1.0,"played":[1.0,0.0],"evs":[0.0,-2.67153]},"J4o":{"weight":1.0,"played":[1.0,0.0],"evs":[0.0,-2.69301]},"Q4o":{"weight":1.0,"played":[1.0,0.0],"evs":[0.0,-2.51398]},"K4o":{"weight":1.0,"played":[1.0,0.0],"evs":[0.0,-1.94873]},"A4o":{"weight":1.0,"played":[1.0,0.0],"evs":[0.0,-2.4552]},"52s":{"weight":1.0,"played":[1.0,0.0],"evs":[0.0,-1.9153]},"53s":{"weight":1.0,"played":[1.0,0.0],"evs":[0.0,-1.48268]},"54s":{"weight":1.0,"played":[1.0,0.0],"evs":[0.0,-1.17427]},"55":{"weight":1.0,"played":[1.0,0.0],"evs":[0.0,-0.65246]},"65o":{"weight":1.0,"played":[1.0,0.0],"evs":[0.0,-1.77101]},"75o":{"weight":1.0,"played":[1.0,0.0],"evs":[0.0,-2.11541]},"85o":{"weight":1.0,"played":[1.0,0.0],"evs":[0.0,-2.25694]},"95o":{"weight":1.0,"played":[1.0,0.0],"evs":[0.0,-2.39562]},"T5o":{"weight":1.0,"played":[1.0,0.0],"evs":[0.0,-2.60572]},"J5o":{"weight":1.0,"played":[1.0,0.0],"evs":[0.0,-2.53867]},"Q5o":{"weight":1.0,"played":[1.0,0.0],"evs":[0.0,-2.39524]},"K5o":{"weight":1.0,"played":[1.0,0.0],"evs":[0.0,-1.86501]},"A5o":{"weight":1.0,"played":[1.0,0.0],"evs":[0.0,-2.28815]},"62s":{"weight":1.0,"played":[1.0,0.0],"evs":[0.0,-1.98115]},"63s":{"weight":1.0,"played":[1.0,0.0],"evs":[0.0,-1.65914]},"64s":{"weight":1.0,"played":[1.0,0.0],"evs":[0.0,-1.3445]},"65s":{"weight":1.0,"played":[1.0,0.0],"evs":[0.0,-1.13929]},"66":{"weight":1.0,"played":[0.9975,0.0025],"evs":[0.0,-0.43872]},"76o":{"weight":1.0,"played":[1.0,0.0],"evs":[0.0,-1.89011]},"86o":{"weight":1.0,"played":[1.0,0.0],"evs":[0.0,-1.94298]},"96o":{"weight":1.0,"played":[1.0,0.0],"evs":[0.0,-2.09778]},"T6o":{"weight":1.0,"played":[1.0,0.0],"evs":[0.0,-2.24689]},"J6o":{"weight":1.0,"played":[1.0,0.0],"evs":[0.0,-2.48019]},"Q6o":{"weight":1.0,"played":[1.0,0.0],"evs":[0.0,-2.32962]},"K6o":{"weight":1.0,"played":[1.0,0.0],"evs":[0.0,-1.75489]},"A6o":{"weight":1.0,"played":[1.0,0.0],"evs":[0.0,-2.47716]},"72s":{"weight":1.0,"played":[1.0,0.0],"evs":[0.0,-2.20995]},"73s":{"weight":1.0,"played":[1.0,0.0],"evs":[0.0,-1.92503]},"74s":{"weight":1.0,"played":[1.0,0.0],"evs":[0.0,-1.6648]},"75s":{"weight":1.0,"played":[1.0,0.0],"evs":[0.0,-1.31527]},"76s":{"weight":1.0,"played":[1.0,0.0],"evs":[0.0,-1.15348]},"77":{"weight":1.0,"played":[0.9956,0.0044],"evs":[0.0,-0.33777]},"87o":{"weight":1.0,"played":[1.0,0.0],"evs":[0.0,-1.85601]},"97o":{"weight":1.0,"played":[1.0,0.0],"evs":[0.0,-2.01836]},"T7o":{"weight":1.0,"played":[1.0,0.0],"evs":[0.0,-2.10943]},"J7o":{"weight":1.0,"played":[1.0,0.0],"evs":[0.0,-2.33562]},"Q7o":{"weight":1.0,"played":[1.0,0.0],"evs":[0.0,-2.38765]},"K7o":{"weight":1.0,"played":[1.0,0.0],"evs":[0.0,-1.82892]},"A7o":{"weight":1.0,"played":[1.0,0.0],"evs":[0.0,-2.47843]},"82s":{"weight":1.0,"played":[1.0,0.0],"evs":[0.0,-2.1347]},"83s":{"weight":1.0,"played":[1.0,0.0],"evs":[0.0,-2.15797]},"84s":{"weight":1.0,"played":[1.0,0.0],"evs":[0.0,-1.89642]},"85s":{"weight":1.0,"played":[1.0,0.0],"evs":[0.0,-1.51159]},"86s":{"weight":1.0,"played":[1.0,0.0],"evs":[0.0,-1.15755]},"87s":{"weight":1.0,"played":[1.0,0.0],"evs":[0.0,-1.05766]},"88":{"weight":1.0,"played":[0.3816,0.6184],"evs":[0.0,0.0439]},"98o":{"weight":1.0,"played":[1.0,0.0],"evs":[0.0,-1.75472]},"T8o":{"weight":1.0,"played":[1.0,0.0],"evs":[0.0,-1.90125]},"J8o":{"weight":1.0,"played":[1.0,0.0],"evs":[0.0,-2.15869]},"Q8o":{"weight":1.0,"played":[1.0,0.0],"evs":[0.0,-2.21119]},"K8o":{"weight":1.0,"played":[1.0,0.0],"evs":[0.0,-1.77964]},"A8o":{"weight":1.0,"played":[1.0,0.0],"evs":[0.0,-2.4023]},"92s":{"weight":1.0,"played":[1.0,0.0],"evs":[0.0,-2.01599]},"93s":{"weight":1.0,"played":[1.0,0.0],"evs":[0.0,-1.95385]},"94s":{"weight":1.0,"played":[1.0,0.0],"evs":[0.0,-1.99354]},"95s":{"weight":1.0,"played":[1.0,0.0],"evs":[0.0,-1.64799]},"96s":{"weight":1.0,"played":[1.0,0.0],"evs":[0.0,-1.35346]},"97s":{"weight":1.0,"played":[1.0,0.0],"evs":[0.0,-1.22052]},"98s":{"weight":1.0,"played":[1.0,0.0],"evs":[0.0,-0.97111]},"99":{"weight":1.0,"played":[0.0,1.0],"evs":[0.0,0.70585]},"T9o":{"weight":1.0,"played":[1.0,0.0],"evs":[0.0,-1.53206]},"J9o":{"weight":1.0,"played":[1.0,0.0],"evs":[0.0,-1.79743]},"Q9o":{"weight":1.0,"played":[1.0,0.0],"evs":[0.0,-1.85661]},"K9o":{"weight":1.0,"played":[1.0,0.0],"evs":[0.0,-1.42117]},"A9o":{"weight":1.0,"played":[1.0,0.0],"evs":[0.0,-2.15115]},"T2s":{"weight":1.0,"played":[1.0,0.0],"evs":[0.0,-2.02585]},"T3s":{"weight":1.0,"played":[1.0,0.0],"evs":[0.0,-1.93173]},"T4s":{"weight":1.0,"played":[1.0,0.0],"evs":[0.0,-1.79773]},"T5s":{"weight":1.0,"played":[1.0,0.0],"evs":[0.0,-1.77745]},"T6s":{"weight":1.0,"played":[1.0,0.0],"evs":[0.0,-1.5266]},"T7s":{"weight":1.0,"played":[1.0,0.0],"evs":[0.0,-1.37272]},"T8s":{"weight":1.0,"played":[0.9998,2.0E-4],"evs":[0.0,-1.07865]},"T9s":{"weight":1.0,"played":[1.0,0.0],"evs":[0.0,-0.82765]},"TT":{"weight":1.0,"played":[0.0,1.0],"evs":[0.0,1.4574]},"JTo":{"weight":1.0,"played":[1.0,0.0],"evs":[0.0,-1.38249]},"QTo":{"weight":1.0,"played":[1.0,0.0],"evs":[0.0,-1.42039]},"KTo":{"weight":1.0,"played":[1.0,0.0],"evs":[0.0,-1.09221]},"ATo":{"weight":1.0,"played":[1.0,0.0],"evs":[0.0,-1.74387]},"J2s":{"weight":1.0,"played":[1.0,0.0],"evs":[0.0,-2.05219]},"J3s":{"weight":1.0,"played":[1.0,0.0],"evs":[0.0,-1.96674]},"J4s":{"weight":1.0,"played":[1.0,0.0],"evs":[0.0,-1.86657]},"J5s":{"weight":1.0,"played":[1.0,0.0],"evs":[0.0,-1.70732]},"J6s":{"weight":1.0,"played":[1.0,0.0],"evs":[0.0,-1.59795]},"J7s":{"weight":1.0,"played":[1.0,0.0],"evs":[0.0,-1.53644]},"J8s":{"weight":1.0,"played":[1.0,0.0],"evs":[0.0,-1.23874]},"J9s":{"weight":1.0,"played":[1.0,0.0],"evs":[0.0,-0.97415]},"JTs":{"weight":1.0,"played":[0.9999,1.0E-4],"evs":[0.0,-0.58873]},"JJ":{"weight":1.0,"played":[0.0,1.0],"evs":[0.0,2.54469]},"QJo":{"weight":1.0,"played":[1.0,0.0],"evs":[0.0,-1.38121]},"KJo":{"weight":1.0,"played":[1.0,0.0],"evs":[0.0,-1.01168]},"AJo":{"weight":1.0,"played":[1.0,0.0],"evs":[0.0,-1.20274]},"Q2s":{"weight":1.0,"played":[1.0,0.0],"evs":[0.0,-1.86703]},"Q3s":{"weight":1.0,"played":[1.0,0.0],"evs":[0.0,-1.76358]},"Q4s":{"weight":1.0,"played":[1.0,0.0],"evs":[0.0,-1.61863]},"Q5s":{"weight":1.0,"played":[1.0,0.0],"evs":[0.0,-1.66849]},"Q6s":{"weight":1.0,"played":[1.0,0.0],"evs":[0.0,-1.56067]},"Q7s":{"weight":1.0,"played":[1.0,0.0],"evs":[0.0,-1.58998]},"Q8s":{"weight":1.0,"played":[1.0,0.0],"evs":[0.0,-1.38224]},"Q9s":{"weight":1.0,"played":[1.0,0.0],"evs":[0.0,-0.97926]},"QTs":{"weight":1.0,"played":[0.9991,9.0E-4],"evs":[0.0,-0.60481]},"QJs":{"weight":1.0,"played":[0.9999,1.0E-4],"evs":[0.0,-0.65503]},"QQ":{"weight":1.0,"played":[0.0,1.0],"evs":[0.0,4.50632]},"KQo":{"weight":1.0,"played":[1.0,0.0],"evs":[0.0,-0.78524]},"AQo":{"weight":1.0,"played":[0.031,0.969],"evs":[0.0,0.08561]},"K2s":{"weight":1.0,"played":[1.0,0.0],"evs":[0.0,-1.29609]},"K3s":{"weight":1.0,"played":[1.0,0.0],"evs":[0.0,-1.2549]},"K4s":{"weight":1.0,"played":[1.0,0.0],"evs":[0.0,-1.10987]},"K5s":{"weight":1.0,"played":[1.0,0.0],"evs":[0.0,-1.05232]},"K6s":{"weight":1.0,"played":[1.0,0.0],"evs":[0.0,-0.90228]},"K7s":{"weight":1.0,"played":[1.0,0.0],"evs":[0.0,-0.91557]},"K8s":{"weight":1.0,"played":[1.0,0.0],"evs":[0.0,-1.05326]},"K9s":{"weight":1.0,"played":[1.0,0.0],"evs":[0.0,-0.65534]},"KTs":{"weight":1.0,"played":[1.0,0.0],"evs":[0.0,-0.38281]},"KJs":{"weight":1.0,"played":[0.9998,2.0E-4],"evs":[0.0,-0.27202]},"KQs":{"weight":1.0,"played":[0.9817,0.0183],"evs":[0.0,-0.02271]},"KK":{"weight":1.0,"played":[0.0,1.0],"evs":[0.0,6.40747]},"AKo":{"weight":1.0,"played":[0.0,1.0],"evs":[0.0,1.83579]},"A2s":{"weight":1.0,"played":[1.0,0.0],"evs":[0.0,-1.81298]},"A3s":{"weight":1.0,"played":[1.0,0.0],"evs":[0.0,-1.5457]},"A4s":{"weight":1.0,"played":[1.0,0.0],"evs":[0.0,-1.54968]},"A5s":{"weight":1.0,"played":[1.0,0.0],"evs":[0.0,-1.48332]},"A6s":{"weight":1.0,"played":[1.0,0.0],"evs":[0.0,-1.73302]},"A7s":{"weight":1.0,"played":[1.0,0.0],"evs":[0.0,-1.6511]},"A8s":{"weight":1.0,"played":[1.0,0.0],"evs":[0.0,-1.60978]},"A9s":{"weight":1.0,"played":[1.0,0.0],"evs":[0.0,-1.29645]},"ATs":{"weight":1.0,"played":[1.0,0.0],"evs":[0.0,-0.95447]},"AJs":{"weight":1.0,"played":[0.9972,0.0028],"evs":[0.0,-0.31756]},"AQs":{"weight":1.0,"played":[0.0,1.0],"evs":[0.0,0.74802]},"AKs":{"weight":1.0,"played":[0.0,1.0],"evs":[0.0,2.28848]},"AA":{"weight":1.0,"played":[0.0,1.0],"evs":[0.0,8.79483]}}}