{"player":5,"street":0,"children":2,"sequence":[{"player":0,"type":"F","amount":0,"street":0},{"player":1,"type":"R","amount":31750000,"street":0},{"player":2,"type":"R","amount":34750000,"street":0},{"player":3,"type":"F","amount":0,"street":0},{"player":4,"type":"C","amount":32250000,"street":0}],"actions":[{"type":"F","amount":0},{"type":"C","amount":23750000}],"hands":{"22":{"weight":1.0,"played":[1.0,0.0],"evs":[0.0,-5.57652]},"32o":{"weight":1.0,"played":[1.0,0.0],"evs":[0.0,-7.05483]},"42o":{"weight":1.0,"played":[1.0,0.0],"evs":[0.0,-7.02503]},"52o":{"weight":1.0,"played":[1.0,0.0],"evs":[0.0,-6.90662]},"62o":{"weight":1.0,"played":[1.0,0.0],"evs":[0.0,-7.04608]},"72o":{"weight":1.0,"played":[1.0,0.0],"evs":[0.0,-7.44608]},"82o":{"weight":1.0,"played":[1.0,0.0],"evs":[0.0,-7.56022]},"92o":{"weight":1.0,"played":[1.0,0.0],"evs":[0.0,-7.81619]},"T2o":{"weight":1.0,"played":[1.0,0.0],"evs":[0.0,-7.47232]},"J2o":{"weight":1.0,"played":[1.0,0.0],"evs":[0.0,-7.15475]},"Q2o":{"weight":1.0,"played":[1.0,0.0],"evs":[0.0,-7.75323]},"K2o":{"weight":1.0,"played":[1.0,0.0],"evs":[0.0,-7.18145]},"A2o":{"weight":1.0,"played":[1.0,0.0],"evs":[0.0,-7.50198]},"32s":{"weight":1.0,"played":[1.0,0.0],"evs":[0.0,-6.20774]},"33":{"weight":1.0,"played":[0.9999,1.0E-4],"evs":[0.0,-5.92686]},"43o":{"weight":1.0,"played":[1.0,0.0],"evs":[0.0,-6.55658]},"53o":{"weight":1.0,"played":[1.0,0.0],"evs":[0.0,-6.4262]},"63o":{"weight":1.0,"played":[1.0,0.0],"evs":[0.0,-6.64135]},"73o":{"weight":1.0,"played":[1.0,0.0],"evs":[0.0,-7.09484]},"83o":{"weight":1.0,"played":[1.0,0.0],"evs":[0.0,-7.53254]},"93o":{"weight":1.0,"played":[1.0,0.0],"evs":[0.0,-7.45764]},"T3o":{"weight":1.0,"played":[1.0,0.0],"evs":[0.0,-7.13846]},"J3o":{"weight":1.0,"played":[1.0,0.0],"evs":[0.0,-7.45565]},"Q3o":{"weight":1.0,"played":[1.0,0.0],"evs":[0.0,-7.70356]},"K3o":{"weight":1.0,"played":[1.0,0.0],"evs":[0.0,-6.81701]},"A3o":{"weight":1.0,"played":[1.0,0.0],"evs":[0.0,-7.7251]},"42s":{"weight":1.0,"played":[1.0,0.0],"evs":[0.0,-5.99257]},"43s":{"weight":1.0,"played":[1.0,0.0],"evs":[0.0,-5.81509]},"44":{"weight":1.0,"played":[1.0,0.0],"evs":[0.0,-5.39691]},"54o":{"weight":1.0,"played":[1.0,0.0],"evs":[0.0,-6.01798]},"64o":{"weight":1.0,"played":[1.0,0.0],"evs":[0.0,-6.07682]},"74o":{"weight":1.0,"played":[1.0,0.0],"evs":[0.0,-6.78235]},"84o":{"weight":1.0,"played":[1.0,0.0],"evs":[0.0,-7.12776]},"94o":{"weight":1.0,"played":[1.0,0.0],"evs":[0.0,-7.2303]},"T4o":{"weight":1.0,"played":[1.0,0.0],"evs":[0.0,-7.11425]},"J4o":{"weight":1.0,"played":[1.0,0.0],"evs":[0.0,-7.08562]},"Q4o":{"weight":1.0,"played":[1.0,0.0],"evs":[0.0,-7.36456]},"K4o":{"weight":1.0,"played":[1.0,0.0],"evs":[0.0,-7.16798]},"A4o":{"weight":1.0,"played":[1.0,0.0],"evs":[0.0,-7.40411]},"52s":{"weight":1.0,"played":[1.0,0.0],"evs":[0.0,-5.48118]},"53s":{"weight":1.0,"played":[1.0,0.0],"evs":[0.0,-5.52864]},"54s":{"weight":1.0,"played":[1.0,0.0],"evs":[0.0,-5.14815]},"55":{"weight":1.0,"played":[1.0,0.0],"evs":[0.0,-5.51634]},"65o":{"weight":1.0,"played":[1.0,0.0],"evs":[0.0,-5.76885]},"75o":{"weight":1.0,"played":[1.0,0.0],"evs":[0.0,-6.283]},"85o":{"weight":1.0,"played":[1.0,0.0],"evs":[0.0,-6.77099]},"95o":{"weight":1.0,"played":[1.0,0.0],"evs":[0.0,-7.04695]},"T5o":{"weight":1.0,"played":[1.0,0.0],"evs":[0.0,-7.2404]},"J5o":{"weight":1.0,"played":[1.0,0.0],"evs":[0.0,-7.19245]},"Q5o":{"weight":1.0,"played":[1.0,0.0],"evs":[0.0,-7.24194]},"K5o":{"weight":1.0,"played":[1.0,0.0],"evs":[0.0,-6.79026]},"A5o":{"weight":1.0,"played":[1.0,0.0],"evs":[0.0,-7.14396]},"62s":{"weight":1.0,"played":[1.0,0.0],"evs":[0.0,-6.01448]},"63s":{"weight":1.0,"played":[1.0,0.0],"evs":[0.0,-6.04757]},"64s":{"weight":1.0,"played":[1.0,0.0],"evs":[0.0,-5.38325]},"65s":{"weight":1.0,"played":[0.9999,1.0E-4],"evs":[0.0,-5.1053]},"66":{"weight":1.0,"played":[1.0,0.0],"evs":[0.0,-5.22393]},"76o":{"weight":1.0,"played":[1.0,0.0],"evs":[0.0,-6.05868]},"86o":{"weight":1.0,"played":[1.0,0.0],"evs":[0.0,-6.18696]},"96o":{"weight":1.0,"played":[1.0,0.0],"evs":[0.0,-6.74501]},"T6o":{"weight":1.0,"played":[1.0,0.0],"evs":[0.0,-6.90984]},"J6o":{"weight":1.0,"played":[1.0,0.0],"evs":[0.0,-6.9598]},"Q6o":{"weight":1.0,"played":[1.0,0.0],"evs":[0.0,-7.28408]},"K6o":{"weight":1.0,"played":[1.0,0.0],"evs":[0.0,-6.45277]},"A6o":{"weight":1.0,"played":[1.0,0.0],"evs":[0.0,-7.6851]},"72s":{"weight":1.0,"played":[1.0,0.0],"evs":[0.0,-6.50411]},"73s":{"weight":1.0,"played":[1.0,0.0],"evs":[0.0,-6.61384]},"74s":{"weight":1.0,"played":[1.0,0.0],"evs":[0.0,-5.45059]},"75s":{"weight":1.0,"played":[1.0,0.0],"evs":[0.0,-5.44098]},"76s":{"weight":1.0,"played":[1.0,0.0],"evs":[0.0,-5.1125]},"77":{"weight":1.0,"played":[1.0,0.0],"evs":[0.0,-5.74619]},"87o":{"weight":1.0,"played":[1.0,0.0],"evs":[0.0,-6.23736]},"97o":{"weight":1.0,"played":[1.0,0.0],"evs":[0.0,-6.4053]},"T7o":{"weight":1.0,"played":[1.0,0.0],"evs":[0.0,-6.62654]},"J7o":{"weight":1.0,"played":[1.0,0.0],"evs":[0.0,-7.04959]},"Q7o":{"weight":1.0,"played":[1.0,0.0],"evs":[0.0,-7.55507]},"K7o":{"weight":1.0,"played":[1.0,0.0],"evs":[0.0,-6.63199]},"A7o":{"weight":1.0,"played":[1.0,0.0],"evs":[0.0,-7.66159]},"82s":{"weight":1.0,"played":[1.0,0.0],"evs":[0.0,-6.23838]},"83s":{"weight":1.0,"played":[1.0,0.0],"evs":[0.0,-6.66272]},"84s":{"weight":1.0,"played":[1.0,0.0],"evs":[0.0,-6.34555]},"85s":{"weight":1.0,"played":[1.0,0.0],"evs":[0.0,-5.55549]},"86s":{"weight":1.0,"played":[1.0,0.0],"evs":[0.0,-5.59849]},"87s":{"weight":1.0,"played":[1.0,0.0],"evs":[0.0,-5.147]},"88":{"weight":1.0,"played":[1.0,0.0],"evs":[0.0,-5.46225]},"98o":{"weight":1.0,"played":[1.0,0.0],"evs":[0.0,-6.77603]},"T8o":{"weight":1.0,"played":[1.0,0.0],"evs":[0.0,-6.41654]},"J8o":{"weight":1.0,"played":[1.0,0.0],"evs":[0.0,-6.62841]},"Q8o":{"weight":1.0,"played":[1.0,0.0],"evs":[0.0,-7.27049]},"K8o":{"weight":1.0,"played":[1.0,0.0],"evs":[0.0,-6.56984]},"A8o":{"weight":1.0,"played":[1.0,0.0],"evs":[0.0,-7.5613]},"92s":{"weight":1.0,"played":[1.0,0.0],"evs":[0.0,-6.49879]},"93s":{"weight":1.0,"played":[1.0,0.0],"evs":[0.0,-6.37581]},"94s":{"weight":1.0,"played":[1.0,0.0],"evs":[0.0,-6.44518]},"95s":{"weight":1.0,"played":[1.0,0.0],"evs":[0.0,-6.3403]},"96s":{"weight":1.0,"played":[1.0,0.0],"evs":[0.0,-5.79015]},"97s":{"weight":1.0,"played":[1.0,0.0],"evs":[0.0,-5.62388]},"98s":{"weight":1.0,"played":[1.0,0.0],"evs":[0.0,-5.77339]},"99":{"weight":1.0,"played":[1.0,0.0],"evs":[0.0,-4.75309]},"T9o":{"weight":1.0,"played":[1.0,0.0],"evs":[0.0,-6.32604]},"J9o":{"weight":1.0,"played":[1.0,0.0],"evs":[0.0,-6.80412]},"Q9o":{"weight":1.0,"played":[1.0,0.0],"evs":[0.0,-7.22767]},"K9o":{"weight":1.0,"played":[1.0,0.0],"evs":[0.0,-6.22207]},"A9o":{"weight":1.0,"played":[1.0,0.0],"evs":[0.0,-7.10143]},"T2s":{"weight":1.0,"played":[1.0,0.0],"evs":[0.0,-5.93906]},"T3s":{"weight":1.0,"played":[1.0,0.0],"evs":[0.0,-6.31785]},"T4s":{"weight":1.0,"played":[1.0,0.0],"evs":[0.0,-6.59233]},"T5s":{"weight":1.0,"played":[0.9999,1.0E-4],"evs":[0.0,-6.33957]},"T6s":{"weight":1.0,"played":[1.0,0.0],"evs":[0.0,-5.78434]},"T7s":{"weight":1.0,"played":[1.0,0.0],"evs":[0.0,-5.86434]},"T8s":{"weight":1.0,"played":[1.0,0.0],"evs":[0.0,-5.57591]},"T9s":{"weight":1.0,"played":[1.0,0.0],"evs":[0.0,-5.31331]},"TT":{"weight":1.0,"played":[1.0,0.0],"evs":[0.0,-4.05606]},"JTo":{"weight":1.0,"played":[1.0,0.0],"evs":[0.0,-6.02579]},"QTo":{"weight":1.0,"played":[1.0,0.0],"evs":[0.0,-6.18083]},"KTo":{"weight":1.0,"played":[1.0,0.0],"evs":[0.0,-5.92174]},"ATo":{"weight":1.0,"played":[1.0,0.0],"evs":[0.0,-7.05738]},"J2s":{"weight":1.0,"played":[1.0,0.0],"evs":[0.0,-6.3751]},"J3s":{"weight":1.0,"played":[1.0,0.0],"evs":[0.0,-6.53021]},"J4s":{"weight":1.0,"played":[1.0,0.0],"evs":[0.0,-6.19043]},"J5s":{"weight":1.0,"played":[1.0,0.0],"evs":[0.0,-6.07652]},"J6s":{"weight":1.0,"played":[1.0,0.0],"evs":[0.0,-6.00463]},"J7s":{"weight":1.0,"played":[1.0,0.0],"evs":[0.0,-6.02573]},"J8s":{"weight":1.0,"played":[1.0,0.0],"evs":[0.0,-5.14555]},"J9s":{"weight":1.0,"played":[1.0,0.0],"evs":[0.0,-5.18502]},"JTs":{"weight":1.0,"played":[1.0,0.0],"evs":[0.0,-5.76382]},"JJ":{"weight":1.0,"played":[0.9998,2.0E-4],"evs":[0.0,-2.61883]},"QJo":{"weight":1.0,"played":[1.0,0.0],"evs":[0.0,-6.36765]},"KJo":{"weight":1.0,"played":[1.0,0.0],"evs":[0.0,-5.90595]},"AJo":{"weight":1.0,"played":[1.0,0.0],"evs":[0.0,-6.46647]},"Q2s":{"weight":1.0,"played":[1.0,0.0],"evs":[0.0,-6.67036]},"Q3s":{"weight":1.0,"played":[1.0,0.0],"evs":[0.0,-6.16029]},"Q4s":{"weight":1.0,"played":[1.0,0.0],"evs":[0.0,-6.1448]},"Q5s":{"weight":1.0,"played":[1.0,0.0],"evs":[0.0,-6.4526]},"Q6s":{"weight":1.0,"played":[1.0,0.0],"evs":[0.0,-6.69832]},"Q7s":{"weight":1.0,"played":[1.0,0.0],"evs":[0.0,-6.29641]},"Q8s":{"weight":1.0,"played":[1.0,0.0],"evs":[0.0,-6.36288]},"Q9s":{"weight":1.0,"played":[1.0,0.0],"evs":[0.0,-5.56186]},"QTs":{"weight":1.0,"played":[1.0,0.0],"evs":[0.0,-5.76112]},"QJs":{"weight":1.0,"played":[1.0,0.0],"evs":[0.0,-5.60429]},"QQ":{"weight":1.0,"played":[0.9981,0.0019],"evs":[0.0,-1.14447]},"KQo":{"weight":1.0,"played":[1.0,0.0],"evs":[0.0,-6.11004]},"AQo":{"weight":1.0,"played":[1.0,0.0],"evs":[0.0,-5.9349]},"K2s":{"weight":1.0,"played":[1.0,0.0],"evs":[0.0,-6.18733]},"K3s":{"weight":1.0,"played":[1.0,0.0],"evs":[0.0,-5.87781]},"K4s":{"weight":1.0,"played":[1.0,0.0],"evs":[0.0,-5.8274]},"K5s":{"weight":1.0,"played":[1.0,0.0],"evs":[0.0,-5.91303]},"K6s":{"weight":1.0,"played":[1.0,0.0],"evs":[0.0,-5.58143]},"K7s":{"weight":1.0,"played":[1.0,0.0],"evs":[0.0,-5.95829]},"K8s":{"weight":1.0,"played":[1.0,0.0],"evs":[0.0,-5.38689]},"K9s":{"weight":1.0,"played":[1.0,0.0],"evs":[0.0,-5.64824]},"KTs":{"weight":1.0,"played":[1.0,0.0],"evs":[0.0,-5.17003]},"KJs":{"weight":1.0,"played":[1.0,0.0],"evs":[0.0,-4.43797]},"KQs":{"weight":1.0,"played":[1.0,0.0],"evs":[0.0,-4.53843]},"KK":{"weight":1.0,"played":[4.0E-4,0.9996],"evs":[0.0,1.95944]},"AKo":{"weight":1.0,"played":[1.0,0.0],"evs":[0.0,-3.87955]},"A2s":{"weight":1.0,"played":[1.0,0.0],"evs":[0.0,-6.27641]},"A3s":{"weight":1.0,"played":[0.9999,1.0E-4],"evs":[0.0,-6.84378]},"A4s":{"weight":1.0,"played":[1.0,0.0],"evs":[0.0,-6.5518]},"A5s":{"weight":1.0,"played":[1.0,0.0],"evs":[0.0,-6.29078]},"A6s":{"weight":1.0,"played":[0.9999,1.0E-4],"evs":[0.0,-6.59872]},"A7s":{"weight":1.0,"played":[1.0,0.0],"evs":[0.0,-6.12245]},"A8s":{"weight":1.0,"played":[1.0,0.0],"evs":[0.0,-6.50801]},"A9s":{"weight":1.0,"played":[0.9999,1.0E-4],"evs":[0.0,-6.36309]},"ATs":{"weight":1.0,"played":[1.0,0.0],"evs":[0.0,-5.86305]},"AJs":{"weight":1.0,"played":[1.0,0.0],"evs":[0.0,-5.46204]},"AQs":{"weight":1.0,"played":[0.9994,6.0E-4],"evs":[0.0,-4.01859]},"AKs":{"weight":1.0,"played":[0.9998,2.0E-4],"evs":[0.0,-2.70011]},"AA":{"weight":1.0,"played":[0.0,1.0],"evs":[0.0,4.92308]}}}