{"player":4,"street":0,"children":2,"sequence":[{"player":0,"type":"F","amount":0,"street":0},{"player":1,"type":"R","amount":31750000,"street":0},{"player":2,"type":"R","amount":34750000,"street":0},{"player":3,"type":"R","amount":54750000,"street":0}],"actions":[{"type":"F","amount":0,"node":62},{"type":"C","amount":51250000,"node":63}],"hands":{"22":{"weight":1.0,"played":[1.0,0.0],"evs":[0.0,-5.47288]},"32o":{"weight":1.0,"played":[1.0,0.0],"evs":[0.0,-7.48925]},"42o":{"weight":1.0,"played":[1.0,0.0],"evs":[0.0,-7.8035]},"52o":{"weight":1.0,"played":[1.0,0.0],"evs":[0.0,-7.34535]},"62o":{"weight":1.0,"played":[1.0,0.0],"evs":[0.0,-7.442]},"72o":{"weight":1.0,"played":[1.0,0.0],"evs":[0.0,-8.67848]},"82o":{"weight":1.0,"played":[1.0,0.0],"evs":[0.0,-8.25928]},"92o":{"weight":1.0,"played":[1.0,0.0],"evs":[0.0,-8.21938]},"T2o":{"weight":1.0,"played":[1.0,0.0],"evs":[0.0,-8.19167]},"J2o":{"weight":1.0,"played":[1.0,0.0],"evs":[0.0,-8.0998]},"Q2o":{"weight":1.0,"played":[1.0,0.0],"evs":[0.0,-7.87028]},"K2o":{"weight":1.0,"played":[1.0,0.0],"evs":[0.0,-7.41891]},"A2o":{"weight":1.0,"played":[1.0,0.0],"evs":[0.0,-7.88362]},"32s":{"weight":1.0,"played":[1.0,0.0],"evs":[0.0,-6.3339]},"33":{"weight":1.0,"played":[1.0,0.0],"evs":[0.0,-5.64546]},"43o":{"weight":1.0,"played":[1.0,0.0],"evs":[0.0,-7.44643]},"53o":{"weight":1.0,"played":[1.0,0.0],"evs":[0.0,-6.79833]},"63o":{"weight":1.0,"played":[1.0,0.0],"evs":[0.0,-6.71554]},"73o":{"weight":1.0,"played":[1.0,0.0],"evs":[0.0,-7.56021]},"83o":{"weight":1.0,"played":[1.0,0.0],"evs":[0.0,-8.4957]},"93o":{"weight":1.0,"played":[1.0,0.0],"evs":[0.0,-7.97363]},"T3o":{"weight":1.0,"played":[1.0,0.0],"evs":[0.0,-7.81269]},"J3o":{"weight":1.0,"played":[1.0,0.0],"evs":[0.0,-8.03347]},"Q3o":{"weight":1.0,"played":[1.0,0.0],"evs":[0.0,-7.50119]},"K3o":{"weight":1.0,"played":[1.0,0.0],"evs":[0.0,-7.30711]},"A3o":{"weight":1.0,"played":[1.0,0.0],"evs":[0.0,-7.65052]},"42s":{"weight":1.0,"played":[1.0,0.0],"evs":[0.0,-6.16997]},"43s":{"weight":1.0,"played":[1.0,0.0],"evs":[0.0,-5.8522]},"44":{"weight":1.0,"played":[1.0,0.0],"evs":[0.0,-5.17676]},"54o":{"weight":1.0,"played":[1.0,0.0],"evs":[0.0,-6.10708]},"64o":{"weight":1.0,"played":[1.0,0.0],"evs":[0.0,-6.77186]},"74o":{"weight":1.0,"played":[1.0,0.0],"evs":[0.0,-6.90051]},"84o":{"weight":1.0,"played":[1.0,0.0],"evs":[0.0,-7.69038]},"94o":{"weight":1.0,"played":[1.0,0.0],"evs":[0.0,-7.84672]},"T4o":{"weight":1.0,"played":[1.0,0.0],"evs":[0.0,-7.62729]},"J4o":{"weight":1.0,"played":[1.0,0.0],"evs":[0.0,-7.76293]},"Q4o":{"weight":1.0,"played":[1.0,0.0],"evs":[0.0,-7.72411]},"K4o":{"weight":1.0,"played":[1.0,0.0],"evs":[0.0,-7.07397]},"A4o":{"weight":1.0,"played":[1.0,0.0],"evs":[0.0,-7.20279]},"52s":{"weight":1.0,"played":[0.9999,1.0E-4],"evs":[0.0,-6.07001]},"53s":{"weight":1.0,"played":[1.0,0.0],"evs":[0.0,-6.07536]},"54s":{"weight":1.0,"played":[1.0,0.0],"evs":[0.0,-5.12597]},"55":{"weight":1.0,"played":[1.0,0.0],"evs":[0.0,-5.28038]},"65o":{"weight":1.0,"played":[1.0,0.0],"evs":[0.0,-5.9911]},"75o":{"weight":1.0,"played":[1.0,0.0],"evs":[0.0,-6.43792]},"85o":{"weight":1.0,"played":[1.0,0.0],"evs":[0.0,-6.69755]},"95o":{"weight":1.0,"played":[1.0,0.0],"evs":[0.0,-7.73676]},"T5o":{"weight":1.0,"played":[1.0,0.0],"evs":[0.0,-7.93707]},"J5o":{"weight":1.0,"played":[1.0,0.0],"evs":[0.0,-7.46834]},"Q5o":{"weight":1.0,"played":[1.0,0.0],"evs":[0.0,-7.34912]},"K5o":{"weight":1.0,"played":[1.0,0.0],"evs":[0.0,-6.68477]},"A5o":{"weight":1.0,"played":[1.0,0.0],"evs":[0.0,-6.90708]},"62s":{"weight":1.0,"played":[1.0,0.0],"evs":[0.0,-6.53499]},"63s":{"weight":1.0,"played":[1.0,0.0],"evs":[0.0,-5.95607]},"64s":{"weight":1.0,"played":[1.0,0.0],"evs":[0.0,-5.52588]},"65s":{"weight":1.0,"played":[0.9999,1.0E-4],"evs":[0.0,-5.07672]},"66":{"weight":1.0,"played":[1.0,0.0],"evs":[0.0,-4.86812]},"76o":{"weight":1.0,"played":[1.0,0.0],"evs":[0.0,-6.34498]},"86o":{"weight":1.0,"played":[0.9999,1.0E-4],"evs":[0.0,-6.82593]},"96o":{"weight":1.0,"played":[1.0,0.0],"evs":[0.0,-7.22362]},"T6o":{"weight":1.0,"played":[1.0,0.0],"evs":[0.0,-7.1898]},"J6o":{"weight":1.0,"played":[1.0,0.0],"evs":[0.0,-7.26012]},"Q6o":{"weight":1.0,"played":[1.0,0.0],"evs":[0.0,-7.02063]},"K6o":{"weight":1.0,"played":[1.0,0.0],"evs":[0.0,-6.62362]},"A6o":{"weight":1.0,"played":[1.0,0.0],"evs":[0.0,-7.69973]},"72s":{"weight":1.0,"played":[1.0,0.0],"evs":[0.0,-7.07871]},"73s":{"weight":1.0,"played":[0.9999,1.0E-4],"evs":[0.0,-6.58054]},"74s":{"weight":1.0,"played":[1.0,0.0],"evs":[0.0,-6.50138]},"75s":{"weight":1.0,"played":[1.0,0.0],"evs":[0.0,-5.3163]},"76s":{"weight":1.0,"played":[1.0,0.0],"evs":[0.0,-5.57754]},"77":{"weight":1.0,"played":[0.9998,2.0E-4],"evs":[0.0,-5.12002]},"87o":{"weight":1.0,"played":[1.0,0.0],"evs":[0.0,-6.61662]},"97o":{"weight":1.0,"played":[1.0,0.0],"evs":[0.0,-6.60138]},"T7o":{"weight":1.0,"played":[1.0,0.0],"evs":[0.0,-6.91548]},"J7o":{"weight":1.0,"played":[1.0,0.0],"evs":[0.0,-7.28469]},"Q7o":{"weight":1.0,"played":[1.0,0.0],"evs":[0.0,-7.00129]},"K7o":{"weight":1.0,"played":[1.0,0.0],"evs":[0.0,-6.71621]},"A7o":{"weight":1.0,"played":[1.0,0.0],"evs":[0.0,-7.65875]},"82s":{"weight":1.0,"played":[0.9999,1.0E-4],"evs":[0.0,-7.02705]},"83s":{"weight":1.0,"played":[0.9995,5.0E-4],"evs":[0.0,-7.46374]},"84s":{"weight":1.0,"played":[1.0,0.0],"evs":[0.0,-6.24839]},"85s":{"weight":1.0,"played":[1.0,0.0],"evs":[0.0,-5.5324]},"86s":{"weight":1.0,"played":[0.9999,1.0E-4],"evs":[0.0,-5.22183]},"87s":{"weight":1.0,"played":[0.9999,1.0E-4],"evs":[0.0,-5.71235]},"88":{"weight":1.0,"played":[0.9999,1.0E-4],"evs":[0.0,-5.04436]},"98o":{"weight":1.0,"played":[1.0,0.0],"evs":[0.0,-6.83571]},"T8o":{"weight":1.0,"played":[1.0,0.0],"evs":[0.0,-7.16818]},"J8o":{"weight":1.0,"played":[1.0,0.0],"evs":[0.0,-6.56386]},"Q8o":{"weight":1.0,"played":[1.0,0.0],"evs":[0.0,-7.54627]},"K8o":{"weight":1.0,"played":[1.0,0.0],"evs":[0.0,-7.12026]},"A8o":{"weight":1.0,"played":[1.0,0.0],"evs":[0.0,-7.50799]},"92s":{"weight":1.0,"played":[1.0,0.0],"evs":[0.0,-6.48778]},"93s":{"weight":1.0,"played":[1.0,0.0],"evs":[0.0,-6.98333]},"94s":{"weight":1.0,"played":[1.0,0.0],"evs":[0.0,-6.88131]},"95s":{"weight":1.0,"played":[1.0,0.0],"evs":[0.0,-6.19299]},"96s":{"weight":1.0,"played":[1.0,0.0],"evs":[0.0,-5.24777]},"97s":{"weight":1.0,"played":[0.9997,3.0E-4],"evs":[0.0,-5.4701]},"98s":{"weight":1.0,"played":[1.0,0.0],"evs":[0.0,-5.33094]},"99":{"weight":1.0,"played":[1.0,0.0],"evs":[0.0,-4.30644]},"T9o":{"weight":1.0,"played":[1.0,0.0],"evs":[0.0,-6.91658]},"J9o":{"weight":1.0,"played":[1.0,0.0],"evs":[0.0,-6.76323]},"Q9o":{"weight":1.0,"played":[1.0,0.0],"evs":[0.0,-6.89505]},"K9o":{"weight":1.0,"played":[1.0,0.0],"evs":[0.0,-6.98577]},"A9o":{"weight":1.0,"played":[1.0,0.0],"evs":[0.0,-7.65013]},"T2s":{"weight":1.0,"played":[1.0,0.0],"evs":[0.0,-6.76397]},"T3s":{"weight":1.0,"played":[1.0,0.0],"evs":[0.0,-6.8089]},"T4s":{"weight":1.0,"played":[0.9999,1.0E-4],"evs":[0.0,-6.81472]},"T5s":{"weight":1.0,"played":[1.0,0.0],"evs":[0.0,-6.94922]},"T6s":{"weight":1.0,"played":[0.9999,1.0E-4],"evs":[0.0,-6.00004]},"T7s":{"weight":1.0,"played":[0.9999,1.0E-4],"evs":[0.0,-5.6515]},"T8s":{"weight":1.0,"played":[1.0,0.0],"evs":[0.0,-5.23817]},"T9s":{"weight":1.0,"played":[1.0,0.0],"evs":[0.0,-5.43639]},"TT":{"weight":1.0,"played":[0.9995,5.0E-4],"evs":[0.0,-2.29647]},"JTo":{"weight":1.0,"played":[1.0,0.0],"evs":[0.0,-6.15851]},"QTo":{"weight":1.0,"played":[0.9999,1.0E-4],"evs":[0.0,-6.11395]},"KTo":{"weight":1.0,"played":[1.0,0.0],"evs":[0.0,-5.45542]},"ATo":{"weight":1.0,"played":[1.0,0.0],"evs":[0.0,-6.45857]},"J2s":{"weight":1.0,"played":[1.0,0.0],"evs":[0.0,-7.10083]},"J3s":{"weight":1.0,"played":[1.0,0.0],"evs":[0.0,-7.16662]},"J4s":{"weight":1.0,"played":[1.0,0.0],"evs":[0.0,-6.5299]},"J5s":{"weight":1.0,"played":[1.0,0.0],"evs":[0.0,-5.43672]},"J6s":{"weight":1.0,"played":[1.0,0.0],"evs":[0.0,-5.94089]},"J7s":{"weight":1.0,"played":[1.0,0.0],"evs":[0.0,-5.8931]},"J8s":{"weight":1.0,"played":[1.0,0.0],"evs":[0.0,-5.60264]},"J9s":{"weight":1.0,"played":[1.0,0.0],"evs":[0.0,-5.73232]},"JTs":{"weight":1.0,"played":[0.9996,4.0E-4],"evs":[0.0,-4.67508]},"JJ":{"weight":1.0,"played":[0.9269,0.0731],"evs":[0.0,-1.02119]},"QJo":{"weight":1.0,"played":[1.0,0.0],"evs":[0.0,-5.6403]},"KJo":{"weight":1.0,"played":[1.0,0.0],"evs":[0.0,-5.87713]},"AJo":{"weight":1.0,"played":[1.0,0.0],"evs":[0.0,-6.64387]},"Q2s":{"weight":1.0,"played":[1.0,0.0],"evs":[0.0,-6.68791]},"Q3s":{"weight":1.0,"played":[1.0,0.0],"evs":[0.0,-5.62088]},"Q4s":{"weight":1.0,"played":[0.9998,2.0E-4],"evs":[0.0,-6.45499]},"Q5s":{"weight":1.0,"played":[0.9999,1.0E-4],"evs":[0.0,-5.68056]},"Q6s":{"weight":1.0,"played":[0.9998,2.0E-4],"evs":[0.0,-5.09882]},"Q7s":{"weight":1.0,"played":[1.0,0.0],"evs":[0.0,-5.80522]},"Q8s":{"weight":1.0,"played":[1.0,0.0],"evs":[0.0,-6.17994]},"Q9s":{"weight":1.0,"played":[1.0,0.0],"evs":[0.0,-5.73547]},"QTs":{"weight":1.0,"played":[0.9999,1.0E-4],"evs":[0.0,-4.55109]},"QJs":{"weight":1.0,"played":[0.9999,1.0E-4],"evs":[0.0,-4.8382]},"QQ":{"weight":1.0,"played":[0.0015,0.9985],"evs":[0.0,2.07935]},"KQo":{"weight":1.0,"played":[0.9999,1.0E-4],"evs":[0.0,-5.86259]},"AQo":{"weight":1.0,"played":[1.0,0.0],"evs":[0.0,-5.46376]},"K2s":{"weight":1.0,"played":[1.0,0.0],"evs":[0.0,-6.96626]},"K3s":{"weight":1.0,"played":[1.0,0.0],"evs":[0.0,-6.52444]},"K4s":{"weight":1.0,"played":[0.9998,2.0E-4],"evs":[0.0,-5.62347]},"K5s":{"weight":1.0,"played":[1.0,0.0],"evs":[0.0,-6.38761]},"K6s":{"weight":1.0,"played":[1.0,0.0],"evs":[0.0,-5.59923]},"K7s":{"weight":1.0,"played":[1.0,0.0],"evs":[0.0,-5.30031]},"K8s":{"weight":1.0,"played":[0.9999,1.0E-4],"evs":[0.0,-6.42379]},"K9s":{"weight":1.0,"played":[1.0,0.0],"evs":[0.0,-5.22143]},"KTs":{"weight":1.0,"played":[1.0,0.0],"evs":[0.0,-5.21604]},"KJs":{"weight":1.0,"played":[0.9999,1.0E-4],"evs":[0.0,-4.67725]},"KQs":{"weight":1.0,"played":[0.9999,1.0E-4],"evs":[0.0,-4.43585]},"KK":{"weight":1.0,"played":[0.0,1.0],"evs":[0.0,6.20121]},"AKo":{"weight":1.0,"played":[0.9999,1.0E-4],"evs":[0.0,-2.59795]},"A2s":{"weight":1.0,"played":[0.9998,2.0E-4],"evs":[0.0,-5.63709]},"A3s":{"weight":1.0,"played":[0.9999,1.0E-4],"evs":[0.0,-5.86189]},"A4s":{"weight":1.0,"played":[1.0,0.0],"evs":[0.0,-5.7886]},"A5s":{"weight":1.0,"played":[1.0,0.0],"evs":[0.0,-6.7752]},"A6s":{"weight":1.0,"played":[1.0,0.0],"evs":[0.0,-5.40942]},"A7s":{"weight":1.0,"played":[1.0,0.0],"evs":[0.0,-5.91626]},"A8s":{"weight":1.0,"played":[1.0,0.0],"evs":[0.0,-5.99342]},"A9s":{"weight":1.0,"played":[0.9998,2.0E-4],"evs":[0.0,-6.37186]},"ATs":{"weight":1.0,"played":[0.9998,2.0E-4],"evs":[0.0,-6.29034]},"AJs":{"weight":1.0,"played":[0.9997,3.0E-4],"evs":[0.0,-5.05746]},"AQs":{"weight":1.0,"played":[0.9976,0.0024],"evs":[0.0,-4.31864]},"AKs":{"weight":1.0,"played":[0.9882,0.0118],"evs":[0.0,-1.75333]},"AA":{"weight":1.0,"played":[0.0,1.0],"evs":[0.0,9.78823]}}}