{"player":5,"street":0,"children":2,"sequence":[{"player":0,"type":"F","amount":0,"street":0},{"player":1,"type":"R","amount":31750000,"street":0},{"player":2,"type":"R","amount":34750000,"street":0},{"player":3,"type":"R","amount":54750000,"street":0},{"player":4,"type":"F","amount":0,"street":0}],"actions":[{"type":"F","amount":0},{"type":"C","amount":23750000}],"hands":{"22":{"weight":1.0,"played":[1.0,0.0],"evs":[0.0,-6.47056]},"32o":{"weight":1.0,"played":[1.0,0.0],"evs":[0.0,-7.19801]},"42o":{"weight":1.0,"played":[1.0,0.0],"evs":[0.0,-6.9587]},"52o":{"weight":1.0,"played":[1.0,0.0],"evs":[0.0,-6.88464]},"62o":{"weight":1.0,"played":[1.0,0.0],"evs":[0.0,-7.18449]},"72o":{"weight":1.0,"played":[1.0,0.0],"evs":[0.0,-7.72444]},"82o":{"weight":1.0,"played":[1.0,0.0],"evs":[0.0,-7.58225]},"92o":{"weight":1.0,"played":[1.0,0.0],"evs":[0.0,-7.979]},"T2o":{"weight":1.0,"played":[1.0,0.0],"evs":[0.0,-7.80652]},"J2o":{"weight":1.0,"played":[1.0,0.0],"evs":[0.0,-7.72007]},"Q2o":{"weight":1.0,"played":[1.0,0.0],"evs":[0.0,-7.53146]},"K2o":{"weight":1.0,"played":[1.0,0.0],"evs":[0.0,-7.30401]},"A2o":{"weight":1.0,"played":[1.0,0.0],"evs":[0.0,-7.76718]},"32s":{"weight":1.0,"played":[1.0,0.0],"evs":[0.0,-6.39406]},"33":{"weight":1.0,"played":[1.0,0.0],"evs":[0.0,-5.97329]},"43o":{"weight":1.0,"played":[1.0,0.0],"evs":[0.0,-6.37531]},"53o":{"weight":1.0,"played":[1.0,0.0],"evs":[0.0,-6.69228]},"63o":{"weight":1.0,"played":[1.0,0.0],"evs":[0.0,-6.70077]},"73o":{"weight":1.0,"played":[1.0,0.0],"evs":[0.0,-7.15742]},"83o":{"weight":1.0,"played":[1.0,0.0],"evs":[0.0,-7.52322]},"93o":{"weight":1.0,"played":[1.0,0.0],"evs":[0.0,-7.84109]},"T3o":{"weight":1.0,"played":[1.0,0.0],"evs":[0.0,-7.76119]},"J3o":{"weight":1.0,"played":[1.0,0.0],"evs":[0.0,-7.60058]},"Q3o":{"weight":1.0,"played":[1.0,0.0],"evs":[0.0,-7.62908]},"K3o":{"weight":1.0,"played":[1.0,0.0],"evs":[0.0,-7.00652]},"A3o":{"weight":1.0,"played":[1.0,0.0],"evs":[0.0,-7.45444]},"42s":{"weight":1.0,"played":[1.0,0.0],"evs":[0.0,-6.37189]},"43s":{"weight":1.0,"played":[1.0,0.0],"evs":[0.0,-5.46768]},"44":{"weight":1.0,"played":[1.0,0.0],"evs":[0.0,-5.92388]},"54o":{"weight":1.0,"played":[1.0,0.0],"evs":[0.0,-6.54656]},"64o":{"weight":1.0,"played":[1.0,0.0],"evs":[0.0,-6.14829]},"74o":{"weight":1.0,"played":[1.0,0.0],"evs":[0.0,-6.80361]},"84o":{"weight":1.0,"played":[1.0,0.0],"evs":[0.0,-7.34072]},"94o":{"weight":1.0,"played":[1.0,0.0],"evs":[0.0,-7.53915]},"T4o":{"weight":1.0,"played":[1.0,0.0],"evs":[0.0,-7.41754]},"J4o":{"weight":1.0,"played":[1.0,0.0],"evs":[0.0,-7.31379]},"Q4o":{"weight":1.0,"played":[1.0,0.0],"evs":[0.0,-7.37303]},"K4o":{"weight":1.0,"played":[1.0,0.0],"evs":[0.0,-6.98016]},"A4o":{"weight":1.0,"played":[1.0,0.0],"evs":[0.0,-7.29154]},"52s":{"weight":1.0,"played":[1.0,0.0],"evs":[0.0,-5.69027]},"53s":{"weight":1.0,"played":[1.0,0.0],"evs":[0.0,-5.74757]},"54s":{"weight":1.0,"played":[1.0,0.0],"evs":[0.0,-4.81961]},"55":{"weight":1.0,"played":[1.0,0.0],"evs":[0.0,-5.63468]},"65o":{"weight":1.0,"played":[1.0,0.0],"evs":[0.0,-5.96309]},"75o":{"weight":1.0,"played":[1.0,0.0],"evs":[0.0,-6.41555]},"85o":{"weight":1.0,"played":[1.0,0.0],"evs":[0.0,-6.56809]},"95o":{"weight":1.0,"played":[1.0,0.0],"evs":[0.0,-6.9894]},"T5o":{"weight":1.0,"played":[1.0,0.0],"evs":[0.0,-7.54008]},"J5o":{"weight":1.0,"played":[1.0,0.0],"evs":[0.0,-7.33848]},"Q5o":{"weight":1.0,"played":[1.0,0.0],"evs":[0.0,-7.37928]},"K5o":{"weight":1.0,"played":[1.0,0.0],"evs":[0.0,-7.13593]},"A5o":{"weight":1.0,"played":[1.0,0.0],"evs":[0.0,-7.0301]},"62s":{"weight":1.0,"played":[1.0,0.0],"evs":[0.0,-6.29394]},"63s":{"weight":1.0,"played":[1.0,0.0],"evs":[0.0,-5.50703]},"64s":{"weight":1.0,"played":[1.0,0.0],"evs":[0.0,-5.08094]},"65s":{"weight":1.0,"played":[1.0,0.0],"evs":[0.0,-5.06853]},"66":{"weight":1.0,"played":[1.0,0.0],"evs":[0.0,-5.27699]},"76o":{"weight":1.0,"played":[1.0,0.0],"evs":[0.0,-6.34498]},"86o":{"weight":1.0,"played":[1.0,0.0],"evs":[0.0,-6.35699]},"96o":{"weight":1.0,"played":[1.0,0.0],"evs":[0.0,-6.92084]},"T6o":{"weight":1.0,"played":[1.0,0.0],"evs":[0.0,-7.02558]},"J6o":{"weight":1.0,"played":[1.0,0.0],"evs":[0.0,-7.02043]},"Q6o":{"weight":1.0,"played":[1.0,0.0],"evs":[0.0,-6.89794]},"K6o":{"weight":1.0,"played":[1.0,0.0],"evs":[0.0,-6.98591]},"A6o":{"weight":1.0,"played":[1.0,0.0],"evs":[0.0,-7.63008]},"72s":{"weight":1.0,"played":[1.0,0.0],"evs":[0.0,-6.73796]},"73s":{"weight":1.0,"played":[1.0,0.0],"evs":[0.0,-6.5643]},"74s":{"weight":1.0,"played":[1.0,0.0],"evs":[0.0,-5.77632]},"75s":{"weight":1.0,"played":[1.0,0.0],"evs":[0.0,-5.2274]},"76s":{"weight":1.0,"played":[1.0,0.0],"evs":[0.0,-5.08684]},"77":{"weight":1.0,"played":[1.0,0.0],"evs":[0.0,-5.58736]},"87o":{"weight":1.0,"played":[1.0,0.0],"evs":[0.0,-6.44145]},"97o":{"weight":1.0,"played":[1.0,0.0],"evs":[0.0,-6.68824]},"T7o":{"weight":1.0,"played":[1.0,0.0],"evs":[0.0,-6.72797]},"J7o":{"weight":1.0,"played":[1.0,0.0],"evs":[0.0,-7.26602]},"Q7o":{"weight":1.0,"played":[1.0,0.0],"evs":[0.0,-7.19708]},"K7o":{"weight":1.0,"played":[1.0,0.0],"evs":[0.0,-7.08857]},"A7o":{"weight":1.0,"played":[1.0,0.0],"evs":[0.0,-7.66986]},"82s":{"weight":1.0,"played":[1.0,0.0],"evs":[0.0,-7.06574]},"83s":{"weight":1.0,"played":[1.0,0.0],"evs":[0.0,-7.22744]},"84s":{"weight":1.0,"played":[1.0,0.0],"evs":[0.0,-6.30305]},"85s":{"weight":1.0,"played":[1.0,0.0],"evs":[0.0,-5.73714]},"86s":{"weight":1.0,"played":[1.0,0.0],"evs":[0.0,-5.35657]},"87s":{"weight":1.0,"played":[1.0,0.0],"evs":[0.0,-5.77952]},"88":{"weight":1.0,"played":[1.0,0.0],"evs":[0.0,-5.57624]},"98o":{"weight":1.0,"played":[1.0,0.0],"evs":[0.0,-6.41809]},"T8o":{"weight":1.0,"played":[1.0,0.0],"evs":[0.0,-6.56938]},"J8o":{"weight":1.0,"played":[1.0,0.0],"evs":[0.0,-7.20981]},"Q8o":{"weight":1.0,"played":[1.0,0.0],"evs":[0.0,-7.35712]},"K8o":{"weight":1.0,"played":[1.0,0.0],"evs":[0.0,-7.02834]},"A8o":{"weight":1.0,"played":[1.0,0.0],"evs":[0.0,-7.85262]},"92s":{"weight":1.0,"played":[1.0,0.0],"evs":[0.0,-6.75729]},"93s":{"weight":1.0,"played":[1.0,0.0],"evs":[0.0,-6.8691]},"94s":{"weight":1.0,"played":[1.0,0.0],"evs":[0.0,-6.49963]},"95s":{"weight":1.0,"played":[1.0,0.0],"evs":[0.0,-6.33491]},"96s":{"weight":1.0,"played":[1.0,0.0],"evs":[0.0,-6.10064]},"97s":{"weight":1.0,"played":[0.9999,1.0E-4],"evs":[0.0,-5.66744]},"98s":{"weight":1.0,"played":[0.9997,3.0E-4],"evs":[0.0,-5.14984]},"99":{"weight":1.0,"played":[1.0,0.0],"evs":[0.0,-5.21114]},"T9o":{"weight":1.0,"played":[1.0,0.0],"evs":[0.0,-6.44946]},"J9o":{"weight":1.0,"played":[1.0,0.0],"evs":[0.0,-6.77638]},"Q9o":{"weight":1.0,"played":[1.0,0.0],"evs":[0.0,-6.96854]},"K9o":{"weight":1.0,"played":[1.0,0.0],"evs":[0.0,-6.74536]},"A9o":{"weight":1.0,"played":[1.0,0.0],"evs":[0.0,-7.6524]},"T2s":{"weight":1.0,"played":[1.0,0.0],"evs":[0.0,-7.05969]},"T3s":{"weight":1.0,"played":[1.0,0.0],"evs":[0.0,-6.1101]},"T4s":{"weight":1.0,"played":[1.0,0.0],"evs":[0.0,-6.50467]},"T5s":{"weight":1.0,"played":[1.0,0.0],"evs":[0.0,-5.89123]},"T6s":{"weight":1.0,"played":[1.0,0.0],"evs":[0.0,-6.31112]},"T7s":{"weight":1.0,"played":[1.0,0.0],"evs":[0.0,-5.59645]},"T8s":{"weight":1.0,"played":[1.0,0.0],"evs":[0.0,-6.16415]},"T9s":{"weight":1.0,"played":[1.0,0.0],"evs":[0.0,-6.40911]},"TT":{"weight":1.0,"played":[1.0,0.0],"evs":[0.0,-3.87051]},"JTo":{"weight":1.0,"played":[1.0,0.0],"evs":[0.0,-6.40511]},"QTo":{"weight":1.0,"played":[1.0,0.0],"evs":[0.0,-6.32609]},"KTo":{"weight":1.0,"played":[1.0,0.0],"evs":[0.0,-6.45388]},"ATo":{"weight":1.0,"played":[1.0,0.0],"evs":[0.0,-7.09135]},"J2s":{"weight":1.0,"played":[1.0,0.0],"evs":[0.0,-6.5779]},"J3s":{"weight":1.0,"played":[1.0,0.0],"evs":[0.0,-6.59382]},"J4s":{"weight":1.0,"played":[1.0,0.0],"evs":[0.0,-6.38763]},"J5s":{"weight":1.0,"played":[1.0,0.0],"evs":[0.0,-5.75348]},"J6s":{"weight":1.0,"played":[1.0,0.0],"evs":[0.0,-6.29476]},"J7s":{"weight":1.0,"played":[1.0,0.0],"evs":[0.0,-5.94364]},"J8s":{"weight":1.0,"played":[1.0,0.0],"evs":[0.0,-5.51215]},"J9s":{"weight":1.0,"played":[1.0,0.0],"evs":[0.0,-6.27049]},"JTs":{"weight":1.0,"played":[1.0,0.0],"evs":[0.0,-4.94473]},"JJ":{"weight":1.0,"played":[1.0,0.0],"evs":[0.0,-3.44282]},"QJo":{"weight":1.0,"played":[1.0,0.0],"evs":[0.0,-6.5729]},"KJo":{"weight":1.0,"played":[1.0,0.0],"evs":[0.0,-6.50559]},"AJo":{"weight":1.0,"played":[1.0,0.0],"evs":[0.0,-6.70932]},"Q2s":{"weight":1.0,"played":[1.0,0.0],"evs":[0.0,-6.72323]},"Q3s":{"weight":1.0,"played":[1.0,0.0],"evs":[0.0,-6.26341]},"Q4s":{"weight":1.0,"played":[1.0,0.0],"evs":[0.0,-6.14298]},"Q5s":{"weight":1.0,"played":[1.0,0.0],"evs":[0.0,-5.94654]},"Q6s":{"weight":1.0,"played":[1.0,0.0],"evs":[0.0,-6.11717]},"Q7s":{"weight":1.0,"played":[1.0,0.0],"evs":[0.0,-6.55181]},"Q8s":{"weight":1.0,"played":[1.0,0.0],"evs":[0.0,-6.13027]},"Q9s":{"weight":1.0,"played":[1.0,0.0],"evs":[0.0,-5.65613]},"QTs":{"weight":1.0,"played":[0.9999,1.0E-4],"evs":[0.0,-6.16074]},"QJs":{"weight":1.0,"played":[1.0,0.0],"evs":[0.0,-5.70136]},"QQ":{"weight":1.0,"played":[0.9988,0.0012],"evs":[0.0,-1.24182]},"KQo":{"weight":1.0,"played":[1.0,0.0],"evs":[0.0,-6.07035]},"AQo":{"weight":1.0,"played":[1.0,0.0],"evs":[0.0,-5.62982]},"K2s":{"weight":1.0,"played":[1.0,0.0],"evs":[0.0,-6.29915]},"K3s":{"weight":1.0,"played":[1.0,0.0],"evs":[0.0,-6.62287]},"K4s":{"weight":1.0,"played":[1.0,0.0],"evs":[0.0,-6.08777]},"K5s":{"weight":1.0,"played":[1.0,0.0],"evs":[0.0,-6.03107]},"K6s":{"weight":1.0,"played":[1.0,0.0],"evs":[0.0,-6.56375]},"K7s":{"weight":1.0,"played":[1.0,0.0],"evs":[0.0,-5.67421]},"K8s":{"weight":1.0,"played":[1.0,0.0],"evs":[0.0,-6.03828]},"K9s":{"weight":1.0,"played":[1.0,0.0],"evs":[0.0,-6.02563]},"KTs":{"weight":1.0,"played":[1.0,0.0],"evs":[0.0,-5.31676]},"KJs":{"weight":1.0,"played":[1.0,0.0],"evs":[0.0,-5.6405]},"KQs":{"weight":1.0,"played":[1.0,0.0],"evs":[0.0,-5.4063]},"KK":{"weight":1.0,"played":[2.0E-4,0.9998],"evs":[0.0,2.09057]},"AKo":{"weight":1.0,"played":[0.9999,1.0E-4],"evs":[0.0,-5.00444]},"A2s":{"weight":1.0,"played":[1.0,0.0],"evs":[0.0,-5.7136]},"A3s":{"weight":1.0,"played":[1.0,0.0],"evs":[0.0,-6.25794]},"A4s":{"weight":1.0,"played":[1.0,0.0],"evs":[0.0,-6.30538]},"A5s":{"weight":1.0,"played":[1.0,0.0],"evs":[0.0,-6.10396]},"A6s":{"weight":1.0,"played":[1.0,0.0],"evs":[0.0,-6.10141]},"A7s":{"weight":1.0,"played":[1.0,0.0],"evs":[0.0,-6.45175]},"A8s":{"weight":1.0,"played":[1.0,0.0],"evs":[0.0,-6.96861]},"A9s":{"weight":1.0,"played":[1.0,0.0],"evs":[0.0,-6.42298]},"ATs":{"weight":1.0,"played":[1.0,0.0],"evs":[0.0,-5.94907]},"AJs":{"weight":1.0,"played":[1.0,0.0],"evs":[0.0,-5.46322]},"AQs":{"weight":1.0,"played":[1.0,0.0],"evs":[0.0,-4.67836]},"AKs":{"weight":1.0,"played":[1.0,0.0],"evs":[0.0,-3.22045]},"AA":{"weight":1.0,"played":[3.0E-4,0.9997],"evs":[0.0,5.06453]}}}