{"player":3,"street":0,"children":2,"sequence":[{"player":0,"type":"C","amount":3250000,"street":0},{"player":1,"type":"F","amount":0,"street":0},{"player":2,"type":"F","amount":0,"street":0}],"actions":[{"type":"F","amount":0,"node":67},{"type":"R","amount":53750000,"node":69}],"hands":{"22":{"weight":1.0,"played":[0.0,1.0],"evs":[0.0,1.06801]},"32o":{"weight":1.0,"played":[1.0,0.0],"evs":[0.0,-1.13655]},"42o":{"weight":1.0,"played":[1.0,0.0],"evs":[0.0,-1.05547]},"52o":{"weight":1.0,"played":[1.0,0.0],"evs":[0.0,-0.96251]},"62o":{"weight":1.0,"played":[1.0,0.0],"evs":[0.0,-1.13266]},"72o":{"weight":1.0,"played":[1.0,0.0],"evs":[0.0,-1.21943]},"82o":{"weight":1.0,"played":[1.0,0.0],"evs":[0.0,-1.08996]},"92o":{"weight":1.0,"played":[1.0,0.0],"evs":[0.0,-0.98895]},"T2o":{"weight":1.0,"played":[1.0,0.0],"evs":[0.0,-0.83105]},"J2o":{"weight":1.0,"played":[1.0,0.0],"evs":[0.0,-0.68574]},"Q2o":{"weight":1.0,"played":[1.0,0.0],"evs":[0.0,-0.47137]},"K2o":{"weight":1.0,"played":[1.0,0.0],"evs":[0.0,-0.05839]},"A2o":{"weight":1.0,"played":[0.0,1.0],"evs":[0.0,1.13383]},"32s":{"weight":1.0,"played":[1.0,0.0],"evs":[0.0,-0.57546]},"33":{"weight":1.0,"played":[0.0,1.0],"evs":[0.0,1.28132]},"43o":{"weight":1.0,"played":[1.0,0.0],"evs":[0.0,-0.83774]},"53o":{"weight":1.0,"played":[1.0,0.0],"evs":[0.0,-0.74026]},"63o":{"weight":1.0,"played":[1.0,0.0],"evs":[0.0,-0.90896]},"73o":{"weight":1.0,"played":[1.0,0.0],"evs":[0.0,-0.99823]},"83o":{"weight":1.0,"played":[1.0,0.0],"evs":[0.0,-1.06649]},"93o":{"weight":1.0,"played":[1.0,0.0],"evs":[0.0,-0.91922]},"T3o":{"weight":1.0,"played":[1.0,0.0],"evs":[0.0,-0.76601]},"J3o":{"weight":1.0,"played":[1.0,0.0],"evs":[0.0,-0.61854]},"Q3o":{"weight":1.0,"played":[1.0,0.0],"evs":[0.0,-0.39814]},"K3o":{"weight":1.0,"played":[0.0396,0.9604],"evs":[0.0,0.01504]},"A3o":{"weight":1.0,"played":[0.0,1.0],"evs":[0.0,1.21419]},"42s":{"weight":1.0,"played":[1.0,0.0],"evs":[0.0,-0.49749]},"43s":{"weight":1.0,"played":[1.0,0.0],"evs":[0.0,-0.3054]},"44":{"weight":1.0,"played":[0.0,1.0],"evs":[0.0,1.51716]},"54o":{"weight":1.0,"played":[1.0,0.0],"evs":[0.0,-0.52468]},"64o":{"weight":1.0,"played":[1.0,0.0],"evs":[0.0,-0.68154]},"74o":{"weight":1.0,"played":[1.0,0.0],"evs":[0.0,-0.76896]},"84o":{"weight":1.0,"played":[1.0,0.0],"evs":[0.0,-0.83427]},"94o":{"weight":1.0,"played":[1.0,0.0],"evs":[0.0,-0.88473]},"T4o":{"weight":1.0,"played":[1.0,0.0],"evs":[0.0,-0.68803]},"J4o":{"weight":1.0,"played":[1.0,0.0],"evs":[0.0,-0.54257]},"Q4o":{"weight":1.0,"played":[1.0,0.0],"evs":[0.0,-0.32239]},"K4o":{"weight":1.0,"played":[0.0,1.0],"evs":[0.0,0.10388]},"A4o":{"weight":1.0,"played":[0.0,1.0],"evs":[0.0,1.29792]},"52s":{"weight":1.0,"played":[1.0,0.0],"evs":[0.0,-0.41688]},"53s":{"weight":1.0,"played":[1.0,0.0],"evs":[0.0,-0.21306]},"54s":{"weight":1.0,"played":[0.1481,0.8519],"evs":[0.0,-0.00262]},"55":{"weight":1.0,"played":[0.0,1.0],"evs":[0.0,1.81269]},"65o":{"weight":1.0,"played":[1.0,0.0],"evs":[0.0,-0.45655]},"75o":{"weight":1.0,"played":[1.0,0.0],"evs":[0.0,-0.53382]},"85o":{"weight":1.0,"played":[1.0,0.0],"evs":[0.0,-0.59987]},"95o":{"weight":1.0,"played":[1.0,0.0],"evs":[0.0,-0.6482]},"T5o":{"weight":1.0,"played":[1.0,0.0],"evs":[0.0,-0.64478]},"J5o":{"weight":1.0,"played":[1.0,0.0],"evs":[0.0,-0.45743]},"Q5o":{"weight":1.0,"played":[1.0,0.0],"evs":[0.0,-0.22624]},"K5o":{"weight":1.0,"played":[0.0,1.0],"evs":[0.0,0.2115]},"A5o":{"weight":1.0,"played":[0.0,1.0],"evs":[0.0,1.42882]},"62s":{"weight":1.0,"played":[1.0,0.0],"evs":[0.0,-0.57663]},"63s":{"weight":1.0,"played":[1.0,0.0],"evs":[0.0,-0.36615]},"64s":{"weight":1.0,"played":[1.0,0.0],"evs":[0.0,-0.1607]},"65s":{"weight":1.0,"played":[0.0,1.0],"evs":[0.0,0.05908]},"66":{"weight":1.0,"played":[0.0,1.0],"evs":[0.0,2.12776]},"76o":{"weight":1.0,"played":[1.0,0.0],"evs":[0.0,-0.33844]},"86o":{"weight":1.0,"played":[1.0,0.0],"evs":[0.0,-0.39643]},"96o":{"weight":1.0,"played":[1.0,0.0],"evs":[0.0,-0.443]},"T6o":{"weight":1.0,"played":[1.0,0.0],"evs":[0.0,-0.43202]},"J6o":{"weight":1.0,"played":[1.0,0.0],"evs":[0.0,-0.42667]},"Q6o":{"weight":1.0,"played":[1.0,0.0],"evs":[0.0,-0.1495]},"K6o":{"weight":1.0,"played":[0.0,1.0],"evs":[0.0,0.31645]},"A6o":{"weight":1.0,"played":[0.0,1.0],"evs":[0.0,1.44294]},"72s":{"weight":1.0,"played":[1.0,0.0],"evs":[0.0,-0.65451]},"73s":{"weight":1.0,"played":[1.0,0.0],"evs":[0.0,-0.45054]},"74s":{"weight":1.0,"played":[1.0,0.0],"evs":[0.0,-0.23281]},"75s":{"weight":1.0,"played":[0.7108,0.2892],"evs":[0.0,-0.01733]},"76s":{"weight":1.0,"played":[0.0,1.0],"evs":[0.0,0.16968]},"77":{"weight":1.0,"played":[0.0,1.0],"evs":[0.0,2.48264]},"87o":{"weight":1.0,"played":[1.0,0.0],"evs":[0.0,-0.18171]},"97o":{"weight":1.0,"played":[1.0,0.0],"evs":[0.0,-0.22079]},"T7o":{"weight":1.0,"played":[1.0,0.0],"evs":[0.0,-0.20837]},"J7o":{"weight":1.0,"played":[1.0,0.0],"evs":[0.0,-0.19168]},"Q7o":{"weight":1.0,"played":[1.0,0.0],"evs":[0.0,-0.08964]},"K7o":{"weight":1.0,"played":[0.0,1.0],"evs":[0.0,0.44252]},"A7o":{"weight":1.0,"played":[0.0,1.0],"evs":[0.0,1.67896]},"82s":{"weight":1.0,"played":[1.0,0.0],"evs":[0.0,-0.53054]},"83s":{"weight":1.0,"played":[1.0,0.0],"evs":[0.0,-0.50645]},"84s":{"weight":1.0,"played":[1.0,0.0],"evs":[0.0,-0.29915]},"85s":{"weight":1.0,"played":[1.0,0.0],"evs":[0.0,-0.07781]},"86s":{"weight":1.0,"played":[0.0,1.0],"evs":[0.0,0.11803]},"87s":{"weight":1.0,"played":[0.0,1.0],"evs":[0.0,0.30732]},"88":{"weight":1.0,"played":[0.0,1.0],"evs":[0.0,2.86462]},"98o":{"weight":1.0,"played":[0.122,0.878],"evs":[0.0,0.00166]},"T8o":{"weight":1.0,"played":[0.0,1.0],"evs":[0.0,0.03856]},"J8o":{"weight":1.0,"played":[0.0,1.0],"evs":[0.0,0.05253]},"Q8o":{"weight":1.0,"played":[0.0,1.0],"evs":[0.0,0.18274]},"K8o":{"weight":1.0,"played":[0.0,1.0],"evs":[0.0,0.57726]},"A8o":{"weight":1.0,"played":[0.0,1.0],"evs":[0.0,1.95563]},"92s":{"weight":1.0,"played":[1.0,0.0],"evs":[0.0,-0.4374]},"93s":{"weight":1.0,"played":[1.0,0.0],"evs":[0.0,-0.37095]},"94s":{"weight":1.0,"played":[1.0,0.0],"evs":[0.0,-0.33977]},"95s":{"weight":1.0,"played":[1.0,0.0],"evs":[0.0,-0.12426]},"96s":{"weight":1.0,"played":[2.0E-4,0.9998],"evs":[0.0,0.06705]},"97s":{"weight":1.0,"played":[0.0,1.0],"evs":[0.0,0.27902]},"98s":{"weight":1.0,"played":[0.0,1.0],"evs":[0.0,0.48055]},"99":{"weight":1.0,"played":[0.0,1.0],"evs":[0.0,3.30704]},"T9o":{"weight":1.0,"played":[0.0,1.0],"evs":[0.0,0.28854]},"J9o":{"weight":1.0,"played":[0.0,1.0],"evs":[0.0,0.32963]},"Q9o":{"weight":1.0,"played":[0.0,1.0],"evs":[0.0,0.48527]},"K9o":{"weight":1.0,"played":[0.0,1.0],"evs":[0.0,0.90716]},"A9o":{"weight":1.0,"played":[0.0,1.0],"evs":[0.0,2.26845]},"T2s":{"weight":1.0,"played":[1.0,0.0],"evs":[0.0,-0.2839]},"T3s":{"weight":1.0,"played":[1.0,0.0],"evs":[0.0,-0.2316]},"T4s":{"weight":1.0,"played":[1.0,0.0],"evs":[0.0,-0.16297]},"T5s":{"weight":1.0,"played":[1.0,0.0],"evs":[0.0,-0.1153]},"T6s":{"weight":1.0,"played":[0.0,1.0],"evs":[0.0,0.07698]},"T7s":{"weight":1.0,"played":[0.0,1.0],"evs":[0.0,0.29602]},"T8s":{"weight":1.0,"played":[0.0,1.0],"evs":[0.0,0.51742]},"T9s":{"weight":1.0,"played":[0.0,1.0],"evs":[0.0,0.75572]},"TT":{"weight":1.0,"played":[0.0,1.0],"evs":[0.0,3.85272]},"JTo":{"weight":1.0,"played":[0.0,1.0],"evs":[0.0,0.70661]},"QTo":{"weight":1.0,"played":[0.0,1.0],"evs":[0.0,0.86786]},"KTo":{"weight":1.0,"played":[0.0,1.0],"evs":[0.0,1.36513]},"ATo":{"weight":1.0,"played":[0.0,1.0],"evs":[0.0,2.78384]},"J2s":{"weight":1.0,"played":[1.0,0.0],"evs":[0.0,-0.14119]},"J3s":{"weight":1.0,"played":[1.0,0.0],"evs":[0.0,-0.0828]},"J4s":{"weight":1.0,"played":[0.9125,0.0875],"evs":[0.0,-0.0207]},"J5s":{"weight":1.0,"played":[0.0,1.0],"evs":[0.0,0.06091]},"J6s":{"weight":1.0,"played":[0.0,1.0],"evs":[0.0,0.091]},"J7s":{"weight":1.0,"played":[0.0,1.0],"evs":[0.0,0.31196]},"J8s":{"weight":1.0,"played":[0.0,1.0],"evs":[0.0,0.53977]},"J9s":{"weight":1.0,"played":[0.0,1.0],"evs":[0.0,0.79636]},"JTs":{"weight":1.0,"played":[0.0,1.0],"evs":[0.0,1.14783]},"JJ":{"weight":1.0,"played":[0.0,1.0],"evs":[0.0,4.31634]},"QJo":{"weight":1.0,"played":[0.0,1.0],"evs":[0.0,1.04038]},"KJo":{"weight":1.0,"played":[0.0,1.0],"evs":[0.0,1.65057]},"AJo":{"weight":1.0,"played":[0.0,1.0],"evs":[0.0,3.11349]},"Q2s":{"weight":1.0,"played":[0.0,1.0],"evs":[0.0,0.05921]},"Q3s":{"weight":1.0,"played":[0.0,1.0],"evs":[0.0,0.12701]},"Q4s":{"weight":1.0,"played":[0.0,1.0],"evs":[0.0,0.19074]},"Q5s":{"weight":1.0,"played":[0.0,1.0],"evs":[0.0,0.2783]},"Q6s":{"weight":1.0,"played":[0.0,1.0],"evs":[0.0,0.35851]},"Q7s":{"weight":1.0,"played":[0.0,1.0],"evs":[0.0,0.40974]},"Q8s":{"weight":1.0,"played":[0.0,1.0],"evs":[0.0,0.66877]},"Q9s":{"weight":1.0,"played":[0.0,1.0],"evs":[0.0,0.94591]},"QTs":{"weight":1.0,"played":[0.0,1.0],"evs":[0.0,1.29858]},"QJs":{"weight":1.0,"played":[0.0,1.0],"evs":[0.0,1.46187]},"QQ":{"weight":1.0,"played":[0.0,1.0],"evs":[0.0,4.83229]},"KQo":{"weight":1.0,"played":[0.0,1.0],"evs":[0.0,1.94576]},"AQo":{"weight":1.0,"played":[0.0,1.0],"evs":[0.0,3.45563]},"K2s":{"weight":1.0,"played":[0.0,1.0],"evs":[0.0,0.45382]},"K3s":{"weight":1.0,"played":[0.0,1.0],"evs":[0.0,0.51743]},"K4s":{"weight":1.0,"played":[0.0,1.0],"evs":[0.0,0.60165]},"K5s":{"weight":1.0,"played":[0.0,1.0],"evs":[0.0,0.69768]},"K6s":{"weight":1.0,"played":[0.0,1.0],"evs":[0.0,0.79716]},"K7s":{"weight":1.0,"played":[0.0,1.0],"evs":[0.0,0.91405]},"K8s":{"weight":1.0,"played":[0.0,1.0],"evs":[0.0,1.03798]},"K9s":{"weight":1.0,"played":[0.0,1.0],"evs":[0.0,1.34073]},"KTs":{"weight":1.0,"played":[0.0,1.0],"evs":[0.0,1.76872]},"KJs":{"weight":1.0,"played":[0.0,1.0],"evs":[0.0,2.03441]},"KQs":{"weight":1.0,"played":[0.0,1.0],"evs":[0.0,2.31233]},"KK":{"weight":1.0,"played":[0.0,1.0],"evs":[0.0,5.49416]},"AKo":{"weight":1.0,"played":[0.0,1.0],"evs":[0.0,3.9192]},"A2s":{"weight":1.0,"played":[0.0,1.0],"evs":[0.0,1.56688]},"A3s":{"weight":1.0,"played":[0.0,1.0],"evs":[0.0,1.63438]},"A4s":{"weight":1.0,"played":[0.0,1.0],"evs":[0.0,1.71696]},"A5s":{"weight":1.0,"played":[0.0,1.0],"evs":[0.0,1.84031]},"A6s":{"weight":1.0,"played":[0.0,1.0],"evs":[0.0,1.84579]},"A7s":{"weight":1.0,"played":[0.0,1.0],"evs":[0.0,2.07541]},"A8s":{"weight":1.0,"played":[0.0,1.0],"evs":[0.0,2.33133]},"A9s":{"weight":1.0,"played":[0.0,1.0],"evs":[0.0,2.61691]},"ATs":{"weight":1.0,"played":[0.0,1.0],"evs":[0.0,3.1008]},"AJs":{"weight":1.0,"played":[0.0,1.0],"evs":[0.0,3.39859]},"AQs":{"weight":1.0,"played":[0.0,1.0],"evs":[0.0,3.72394]},"AKs":{"weight":1.0,"played":[0.0,1.0],"evs":[0.0,4.14522]},"AA":{"weight":1.0,"played":[0.0,1.0],"evs":[0.0,6.65923]}}}