{"player":4,"street":0,"children":3,"sequence":[{"player":0,"type":"C","amount":3250000,"street":0},{"player":1,"type":"F","amount":0,"street":0},{"player":2,"type":"F","amount":0,"street":0},{"player":3,"type":"F","amount":0,"street":0}],"actions":[{"type":"F","amount":0},{"type":"C","amount":2500000},{"type":"R","amount":28750000,"node":68}],"hands":{"22":{"weight":1.0,"played":[0.0,0.0,1.0],"evs":[0.0,1.59763,1.95113]},"32o":{"weight":1.0,"played":[1.0,0.0,0.0],"evs":[0.0,-0.06229,-0.19516]},"42o":{"weight":1.0,"played":[1.0,0.0,0.0],"evs":[0.0,-0.01803,-0.1043]},"52o":{"weight":1.0,"played":[0.9946,0.0054,0.0],"evs":[0.0,-0.00765,-0.02831]},"62o":{"weight":1.0,"played":[1.0,0.0,0.0],"evs":[0.0,-0.0432,-0.18579]},"72o":{"weight":1.0,"played":[1.0,0.0,0.0],"evs":[0.0,-0.05233,-0.24544]},"82o":{"weight":1.0,"played":[1.0,0.0,0.0],"evs":[0.0,-0.01406,-0.0927]},"92o":{"weight":1.0,"played":[0.0,0.003,0.997],"evs":[0.0,0.02849,0.0322]},"T2o":{"weight":1.0,"played":[0.0,0.0,1.0],"evs":[0.0,0.15788,0.26688]},"J2o":{"weight":1.0,"played":[0.0,0.0,1.0],"evs":[0.0,0.34675,0.56765]},"Q2o":{"weight":1.0,"played":[0.0,0.0,1.0],"evs":[0.0,0.73847,0.99685]},"K2o":{"weight":1.0,"played":[0.0,0.0,1.0],"evs":[0.0,1.30063,1.61799]},"A2o":{"weight":1.0,"played":[0.0,0.0,1.0],"evs":[0.0,2.12004,2.47275]},"32s":{"weight":1.0,"played":[0.0,0.0,1.0],"evs":[0.0,0.1482,0.32049]},"33":{"weight":1.0,"played":[0.0,0.0,1.0],"evs":[0.0,1.88131,2.22117]},"43o":{"weight":1.0,"played":[0.0,0.0,1.0],"evs":[0.0,0.02278,0.09624]},"53o":{"weight":1.0,"played":[0.0,0.0,1.0],"evs":[0.0,0.0401,0.18408]},"63o":{"weight":1.0,"played":[0.0,4.0E-4,0.9996],"evs":[0.0,0.00499,0.02783]},"73o":{"weight":1.0,"played":[0.9977,0.0022,1.0E-4],"evs":[0.0,-0.00915,-0.03169]},"83o":{"weight":1.0,"played":[0.9937,0.0063,0.0],"evs":[0.0,-0.00631,-0.04658]},"93o":{"weight":1.0,"played":[0.0,0.0,1.0],"evs":[0.0,0.04211,0.10725]},"T3o":{"weight":1.0,"played":[0.0,0.0,1.0],"evs":[0.0,0.17409,0.3399]},"J3o":{"weight":1.0,"played":[0.0,0.0,1.0],"evs":[0.0,0.44286,0.64465]},"Q3o":{"weight":1.0,"played":[0.0,0.0,1.0],"evs":[0.0,0.8337,1.0826]},"K3o":{"weight":1.0,"played":[0.0,0.0,1.0],"evs":[0.0,1.38088,1.69427]},"A3o":{"weight":1.0,"played":[0.0,0.0,1.0],"evs":[0.0,2.21617,2.55084]},"42s":{"weight":1.0,"played":[0.0,0.0,1.0],"evs":[0.0,0.21972,0.3966]},"43s":{"weight":1.0,"played":[0.0,0.0,1.0],"evs":[0.0,0.42387,0.59193]},"44":{"weight":1.0,"played":[0.0,0.0,1.0],"evs":[0.0,2.19134,2.49568]},"54o":{"weight":1.0,"played":[0.0,0.0,1.0],"evs":[0.0,0.23601,0.39125]},"64o":{"weight":1.0,"played":[0.0,0.0,1.0],"evs":[0.0,0.10369,0.24636]},"74o":{"weight":1.0,"played":[0.0,0.0,1.0],"evs":[0.0,0.09177,0.18666]},"84o":{"weight":1.0,"played":[0.0,0.0,1.0],"evs":[0.0,0.08961,0.16588]},"94o":{"weight":1.0,"played":[0.0,0.0,1.0],"evs":[0.0,0.09568,0.14943]},"T4o":{"weight":1.0,"played":[0.0,0.0,1.0],"evs":[0.0,0.26085,0.41994]},"J4o":{"weight":1.0,"played":[0.0,0.0,1.0],"evs":[0.0,0.53902,0.73477]},"Q4o":{"weight":1.0,"played":[0.0,0.0,1.0],"evs":[0.0,0.94326,1.17704]},"K4o":{"weight":1.0,"played":[0.0,0.0,1.0],"evs":[0.0,1.49423,1.78805]},"A4o":{"weight":1.0,"played":[0.0,0.0,1.0],"evs":[0.0,2.33382,2.64651]},"52s":{"weight":1.0,"played":[0.0,0.0,1.0],"evs":[0.0,0.31034,0.4754]},"53s":{"weight":1.0,"played":[0.0,0.0,1.0],"evs":[0.0,0.51322,0.66038]},"54s":{"weight":1.0,"played":[0.0,0.0,1.0],"evs":[0.0,0.71322,0.86784]},"55":{"weight":1.0,"played":[0.0,0.0,1.0],"evs":[0.0,2.58339,2.79708]},"65o":{"weight":1.0,"played":[0.0,0.0,1.0],"evs":[0.0,0.33307,0.45419]},"75o":{"weight":1.0,"played":[0.0,0.0,1.0],"evs":[0.0,0.30374,0.40294]},"85o":{"weight":1.0,"played":[0.0,0.0,1.0],"evs":[0.0,0.29578,0.37668]},"95o":{"weight":1.0,"played":[0.0,0.0,1.0],"evs":[0.0,0.27503,0.36899]},"T5o":{"weight":1.0,"played":[0.0,0.0,1.0],"evs":[0.0,0.32585,0.47429]},"J5o":{"weight":1.0,"played":[0.0,0.0,1.0],"evs":[0.0,0.63731,0.83011]},"Q5o":{"weight":1.0,"played":[0.0,0.0,1.0],"evs":[0.0,1.05445,1.29374]},"K5o":{"weight":1.0,"played":[0.0,0.0,1.0],"evs":[0.0,1.61335,1.90479]},"A5o":{"weight":1.0,"played":[0.0,0.0,1.0],"evs":[0.0,2.45188,2.75917]},"62s":{"weight":1.0,"played":[0.0,0.0,1.0],"evs":[0.0,0.17253,0.32229]},"63s":{"weight":1.0,"played":[0.0,0.0,1.0],"evs":[0.0,0.38949,0.52279]},"64s":{"weight":1.0,"played":[0.0,0.0,1.0],"evs":[0.0,0.59268,0.73166]},"65s":{"weight":1.0,"played":[0.0,0.0,1.0],"evs":[0.0,0.80338,0.91742]},"66":{"weight":1.0,"played":[0.0,0.0,1.0],"evs":[0.0,2.92415,3.09891]},"76o":{"weight":1.0,"played":[0.0,0.0,1.0],"evs":[0.0,0.50539,0.58145]},"86o":{"weight":1.0,"played":[0.0,0.0,1.0],"evs":[0.0,0.50843,0.56741]},"96o":{"weight":1.0,"played":[0.0,0.0,1.0],"evs":[0.0,0.49535,0.56597]},"T6o":{"weight":1.0,"played":[0.0,0.0,1.0],"evs":[0.0,0.55882,0.69546]},"J6o":{"weight":1.0,"played":[0.0,0.0,1.0],"evs":[0.0,0.71058,0.90995]},"Q6o":{"weight":1.0,"played":[0.0,0.0,1.0],"evs":[0.0,1.16137,1.42217]},"K6o":{"weight":1.0,"played":[0.0,0.0,1.0],"evs":[0.0,1.73026,2.04426]},"A6o":{"weight":1.0,"played":[0.0,0.0,1.0],"evs":[0.0,2.45277,2.79452]},"72s":{"weight":1.0,"played":[0.0,0.0,1.0],"evs":[0.0,0.1369,0.26826]},"73s":{"weight":1.0,"played":[0.0,0.0,1.0],"evs":[0.0,0.34513,0.46625]},"74s":{"weight":1.0,"played":[0.0,0.0,1.0],"evs":[0.0,0.55853,0.67848]},"75s":{"weight":1.0,"played":[0.0,0.0,1.0],"evs":[0.0,0.771,0.86643]},"76s":{"weight":1.0,"played":[0.0,0.0,1.0],"evs":[0.0,0.97478,1.04109]},"77":{"weight":1.0,"played":[0.0,0.0,1.0],"evs":[0.0,3.31101,3.44252]},"87o":{"weight":1.0,"played":[0.0,0.0,1.0],"evs":[0.0,0.74859,0.77852]},"97o":{"weight":1.0,"played":[0.0,0.0,1.0],"evs":[0.0,0.74678,0.80015]},"T7o":{"weight":1.0,"played":[0.0,0.0,1.0],"evs":[0.0,0.8273,0.95242]},"J7o":{"weight":1.0,"played":[0.0,0.0,1.0],"evs":[0.0,0.98572,1.17449]},"Q7o":{"weight":1.0,"played":[0.0,0.0,1.0],"evs":[0.0,1.26848,1.54204]},"K7o":{"weight":1.0,"played":[0.0,0.0,1.0],"evs":[0.0,1.87929,2.19969]},"A7o":{"weight":1.0,"played":[0.0,0.0,1.0],"evs":[0.0,2.63483,2.98136]},"82s":{"weight":1.0,"played":[0.0,0.0,1.0],"evs":[0.0,0.30454,0.42141]},"83s":{"weight":1.0,"played":[0.0,0.0,1.0],"evs":[0.0,0.35837,0.46037]},"84s":{"weight":1.0,"played":[0.0,0.0,1.0],"evs":[0.0,0.55518,0.65393]},"85s":{"weight":1.0,"played":[0.0,0.0,1.0],"evs":[0.0,0.78634,0.85649]},"86s":{"weight":1.0,"played":[0.0,0.0,1.0],"evs":[0.0,0.98748,1.03235]},"87s":{"weight":1.0,"played":[0.0,0.0028,0.9972],"evs":[0.0,1.21376,1.23119]},"88":{"weight":1.0,"played":[0.0,0.0,1.0],"evs":[0.0,3.76375,3.83928]},"98o":{"weight":1.0,"played":[0.0,0.0,1.0],"evs":[0.0,1.01849,1.06962]},"T8o":{"weight":1.0,"played":[0.0,0.0,1.0],"evs":[0.0,1.12574,1.23913]},"J8o":{"weight":1.0,"played":[0.0,0.0,1.0],"evs":[0.0,1.31283,1.47847]},"Q8o":{"weight":1.0,"played":[0.0,0.0,1.0],"evs":[0.0,1.58647,1.84833]},"K8o":{"weight":1.0,"played":[0.0,0.0,1.0],"evs":[0.0,2.04372,2.36147]},"A8o":{"weight":1.0,"played":[0.0,0.0,1.0],"evs":[0.0,2.84226,3.17974]},"92s":{"weight":1.0,"played":[0.0,0.0,1.0],"evs":[0.0,0.41057,0.53467]},"93s":{"weight":1.0,"played":[0.0,0.0,1.0],"evs":[0.0,0.4917,0.5941]},"94s":{"weight":1.0,"played":[0.0,0.0,1.0],"evs":[0.0,0.53651,0.64356]},"95s":{"weight":1.0,"played":[0.0,0.0,1.0],"evs":[0.0,0.76098,0.83715]},"96s":{"weight":1.0,"played":[0.0,0.0,1.0],"evs":[0.0,0.96898,1.02008]},"97s":{"weight":1.0,"played":[0.0,0.0,1.0],"evs":[0.0,1.21033,1.24913]},"98s":{"weight":1.0,"played":[0.0,2.0E-4,0.9998],"evs":[0.0,1.45775,1.49199]},"99":{"weight":1.0,"played":[0.0,0.0,1.0],"evs":[0.0,4.23045,4.24542]},"T9o":{"weight":1.0,"played":[0.0,0.0,1.0],"evs":[0.0,1.41095,1.53375]},"J9o":{"weight":1.0,"played":[0.0,0.0,1.0],"evs":[0.0,1.60411,1.76922]},"Q9o":{"weight":1.0,"played":[0.0,0.0,1.0],"evs":[0.0,1.89179,2.15485]},"K9o":{"weight":1.0,"played":[0.0,0.0,1.0],"evs":[0.0,2.35635,2.67331]},"A9o":{"weight":1.0,"played":[0.0,0.0,1.0],"evs":[0.0,3.02365,3.36905]},"T2s":{"weight":1.0,"played":[0.0,0.0,1.0],"evs":[0.0,0.59914,0.7587]},"T3s":{"weight":1.0,"played":[0.0,0.0,1.0],"evs":[0.0,0.68248,0.8276]},"T4s":{"weight":1.0,"played":[0.0,0.0,1.0],"evs":[0.0,0.75727,0.89515]},"T5s":{"weight":1.0,"played":[0.0,0.0,1.0],"evs":[0.0,0.81382,0.93914]},"T6s":{"weight":1.0,"played":[0.0,0.0,1.0],"evs":[0.0,1.03107,1.14461]},"T7s":{"weight":1.0,"played":[0.0,0.0,1.0],"evs":[0.0,1.27912,1.3792]},"T8s":{"weight":1.0,"played":[0.0,0.0,1.0],"evs":[0.0,1.56955,1.66236]},"T9s":{"weight":1.0,"played":[0.0,0.0,1.0],"evs":[0.0,1.82103,1.91915]},"TT":{"weight":1.0,"played":[0.0,9.0E-4,0.9991],"evs":[0.0,4.71188,4.72294]},"JTo":{"weight":1.0,"played":[0.0,0.0,1.0],"evs":[0.0,1.99498,2.15959]},"QTo":{"weight":1.0,"played":[0.0,0.0,1.0],"evs":[0.0,2.28451,2.53913]},"KTo":{"weight":1.0,"played":[0.0,0.0,1.0],"evs":[0.0,2.75582,3.062]},"ATo":{"weight":1.0,"played":[0.0,0.0,1.0],"evs":[0.0,3.41427,3.75645]},"J2s":{"weight":1.0,"played":[0.0,0.0,1.0],"evs":[0.0,0.84175,1.03763]},"J3s":{"weight":1.0,"played":[0.0,0.0,1.0],"evs":[0.0,0.93004,1.11198]},"J4s":{"weight":1.0,"played":[0.0,0.0,1.0],"evs":[0.0,1.01157,1.18613]},"J5s":{"weight":1.0,"played":[0.0,0.0,1.0],"evs":[0.0,1.10727,1.27375]},"J6s":{"weight":1.0,"played":[0.0,0.0,1.0],"evs":[0.0,1.17794,1.35396]},"J7s":{"weight":1.0,"played":[0.0,0.0,1.0],"evs":[0.0,1.4318,1.59114]},"J8s":{"weight":1.0,"played":[0.0,0.0,1.0],"evs":[0.0,1.72635,1.87056]},"J9s":{"weight":1.0,"played":[0.0,0.0,1.0],"evs":[0.0,2.02274,2.16254]},"JTs":{"weight":1.0,"played":[0.0,0.0,1.0],"evs":[0.0,2.37643,2.51547]},"JJ":{"weight":1.0,"played":[0.0,7.0E-4,0.9993],"evs":[0.0,5.14603,5.15085]},"QJo":{"weight":1.0,"played":[0.0,0.0,1.0],"evs":[0.0,2.45095,2.71592]},"KJo":{"weight":1.0,"played":[0.0,0.0,1.0],"evs":[0.0,2.93452,3.25157]},"AJo":{"weight":1.0,"played":[0.0,0.0,1.0],"evs":[0.0,3.60757,3.96321]},"Q2s":{"weight":1.0,"played":[0.0,0.0,1.0],"evs":[0.0,1.2196,1.45053]},"Q3s":{"weight":1.0,"played":[0.0,0.0,1.0],"evs":[0.0,1.30368,1.52983]},"Q4s":{"weight":1.0,"played":[0.0,0.0,1.0],"evs":[0.0,1.40386,1.61621]},"Q5s":{"weight":1.0,"played":[0.0,0.0,1.0],"evs":[0.0,1.50191,1.71297]},"Q6s":{"weight":1.0,"played":[0.0,0.0,1.0],"evs":[0.0,1.59784,1.8308]},"Q7s":{"weight":1.0,"played":[0.0,0.0,1.0],"evs":[0.0,1.70147,1.947]},"Q8s":{"weight":1.0,"played":[0.0,0.0,1.0],"evs":[0.0,2.00128,2.23133]},"Q9s":{"weight":1.0,"played":[0.0,0.0,1.0],"evs":[0.0,2.28927,2.52247]},"QTs":{"weight":1.0,"played":[0.0,0.0,1.0],"evs":[0.0,2.65129,2.87239]},"QJs":{"weight":1.0,"played":[0.0,0.0,1.0],"evs":[0.0,2.79801,3.03036]},"QQ":{"weight":1.0,"played":[0.0,0.0064,0.9936],"evs":[0.0,5.64634,5.64818]},"KQo":{"weight":1.0,"played":[0.0,0.0,1.0],"evs":[0.0,3.13179,3.46128]},"AQo":{"weight":1.0,"played":[0.0,0.0,1.0],"evs":[0.0,3.81354,4.19218]},"K2s":{"weight":1.0,"played":[0.0,0.0,1.0],"evs":[0.0,1.74513,2.03408]},"K3s":{"weight":1.0,"played":[0.0,0.0,1.0],"evs":[0.0,1.83088,2.11249]},"K4s":{"weight":1.0,"played":[0.0,0.0,1.0],"evs":[0.0,1.92642,2.19159]},"K5s":{"weight":1.0,"played":[0.0,0.0,1.0],"evs":[0.0,2.03133,2.29605]},"K6s":{"weight":1.0,"played":[0.0,0.0,1.0],"evs":[0.0,2.14063,2.41862]},"K7s":{"weight":1.0,"played":[0.0,0.0,1.0],"evs":[0.0,2.28679,2.57119]},"K8s":{"weight":1.0,"played":[0.0,0.0,1.0],"evs":[0.0,2.43567,2.71987]},"K9s":{"weight":1.0,"played":[0.0,0.0,1.0],"evs":[0.0,2.72917,3.01114]},"KTs":{"weight":1.0,"played":[0.0,0.0,1.0],"evs":[0.0,3.10373,3.37079]},"KJs":{"weight":1.0,"played":[0.0,0.0,1.0],"evs":[0.0,3.25578,3.53545]},"KQs":{"weight":1.0,"played":[0.0,0.0,1.0],"evs":[0.0,3.44295,3.73684]},"KK":{"weight":1.0,"played":[0.0,0.0,1.0],"evs":[0.0,6.22082,6.24745]},"AKo":{"weight":1.0,"played":[0.0,0.0,1.0],"evs":[0.0,4.07315,4.45825]},"A2s":{"weight":1.0,"played":[0.0,0.0,1.0],"evs":[0.0,2.52588,2.84229]},"A3s":{"weight":1.0,"played":[0.0,0.0,1.0],"evs":[0.0,2.62116,2.92239]},"A4s":{"weight":1.0,"played":[0.0,0.0,1.0],"evs":[0.0,2.71481,2.9941]},"A5s":{"weight":1.0,"played":[0.0,0.0,1.0],"evs":[0.0,2.8263,3.10023]},"A6s":{"weight":1.0,"played":[0.0,0.0,1.0],"evs":[0.0,2.82955,3.13365]},"A7s":{"weight":1.0,"played":[0.0,0.0,1.0],"evs":[0.0,2.99939,3.3067]},"A8s":{"weight":1.0,"played":[0.0,0.0,1.0],"evs":[0.0,3.18758,3.48625]},"A9s":{"weight":1.0,"played":[0.0,0.0,1.0],"evs":[0.0,3.36171,3.66438]},"ATs":{"weight":1.0,"played":[0.0,0.0,1.0],"evs":[0.0,3.71841,4.02109]},"AJs":{"weight":1.0,"played":[0.0,0.0,1.0],"evs":[0.0,3.89629,4.21503]},"AQs":{"weight":1.0,"played":[0.0,0.0,1.0],"evs":[0.0,4.0812,4.41856]},"AKs":{"weight":1.0,"played":[0.0,0.0,1.0],"evs":[0.0,4.33157,4.67856]},"AA":{"weight":1.0,"played":[0.0,0.0,1.0],"evs":[0.0,6.93032,6.95974]}}}