{"player":5,"street":0,"children":2,"sequence":[{"player":0,"type":"C","amount":3250000,"street":0},{"player":1,"type":"F","amount":0,"street":0},{"player":2,"type":"F","amount":0,"street":0},{"player":3,"type":"F","amount":0,"street":0},{"player":4,"type":"R","amount":28750000,"street":0}],"actions":[{"type":"F","amount":0},{"type":"C","amount":23750000}],"hands":{"22":{"weight":1.0,"played":[0.0,1.0],"evs":[0.0,1.09069]},"32o":{"weight":1.0,"played":[1.0,0.0],"evs":[0.0,-2.01034]},"42o":{"weight":1.0,"played":[1.0,0.0],"evs":[0.0,-1.88153]},"52o":{"weight":1.0,"played":[1.0,0.0],"evs":[0.0,-1.72483]},"62o":{"weight":1.0,"played":[1.0,0.0],"evs":[0.0,-1.8746]},"72o":{"weight":1.0,"played":[1.0,0.0],"evs":[0.0,-1.85026]},"82o":{"weight":1.0,"played":[1.0,0.0],"evs":[0.0,-1.50212]},"92o":{"weight":1.0,"played":[1.0,0.0],"evs":[0.0,-1.14712]},"T2o":{"weight":1.0,"played":[1.0,0.0],"evs":[0.0,-0.66581]},"J2o":{"weight":1.0,"played":[1.0,0.0],"evs":[0.0,-0.17956]},"Q2o":{"weight":1.0,"played":[0.0,1.0],"evs":[0.0,0.3537]},"K2o":{"weight":1.0,"played":[0.0,1.0],"evs":[0.0,1.0556]},"A2o":{"weight":1.0,"played":[0.0,1.0],"evs":[0.0,2.08122]},"32s":{"weight":1.0,"played":[1.0,0.0],"evs":[0.0,-1.26651]},"33":{"weight":1.0,"played":[0.0,1.0],"evs":[0.0,1.56885]},"43o":{"weight":1.0,"played":[1.0,0.0],"evs":[0.0,-1.58621]},"53o":{"weight":1.0,"played":[1.0,0.0],"evs":[0.0,-1.4144]},"63o":{"weight":1.0,"played":[1.0,0.0],"evs":[0.0,-1.542]},"73o":{"weight":1.0,"played":[1.0,0.0],"evs":[0.0,-1.52428]},"83o":{"weight":1.0,"played":[1.0,0.0],"evs":[0.0,-1.41073]},"93o":{"weight":1.0,"played":[1.0,0.0],"evs":[0.0,-1.01308]},"T3o":{"weight":1.0,"played":[1.0,0.0],"evs":[0.0,-0.52245]},"J3o":{"weight":1.0,"played":[1.0,0.0],"evs":[0.0,-0.0231]},"Q3o":{"weight":1.0,"played":[0.0,1.0],"evs":[0.0,0.52475]},"K3o":{"weight":1.0,"played":[0.0,1.0],"evs":[0.0,1.22655]},"A3o":{"weight":1.0,"played":[0.0,1.0],"evs":[0.0,2.25754]},"42s":{"weight":1.0,"played":[1.0,0.0],"evs":[0.0,-1.14675]},"43s":{"weight":1.0,"played":[1.0,0.0],"evs":[0.0,-0.88312]},"44":{"weight":1.0,"played":[0.0,1.0],"evs":[0.0,2.10776]},"54o":{"weight":1.0,"played":[1.0,0.0],"evs":[0.0,-1.10027]},"64o":{"weight":1.0,"played":[1.0,0.0],"evs":[0.0,-1.22421]},"74o":{"weight":1.0,"played":[1.0,0.0],"evs":[0.0,-1.17273]},"84o":{"weight":1.0,"played":[1.0,0.0],"evs":[0.0,-1.06722]},"94o":{"weight":1.0,"played":[1.0,0.0],"evs":[0.0,-0.89584]},"T4o":{"weight":1.0,"played":[1.0,0.0],"evs":[0.0,-0.3569]},"J4o":{"weight":1.0,"played":[0.0,1.0],"evs":[0.0,0.13131]},"Q4o":{"weight":1.0,"played":[0.0,1.0],"evs":[0.0,0.69567]},"K4o":{"weight":1.0,"played":[0.0,1.0],"evs":[0.0,1.39515]},"A4o":{"weight":1.0,"played":[0.0,1.0],"evs":[0.0,2.43179]},"52s":{"weight":1.0,"played":[1.0,0.0],"evs":[0.0,-0.99652]},"53s":{"weight":1.0,"played":[1.0,0.0],"evs":[0.0,-0.71278]},"54s":{"weight":1.0,"played":[1.0,0.0],"evs":[0.0,-0.42842]},"55":{"weight":1.0,"played":[0.0,1.0],"evs":[0.0,2.68497]},"65o":{"weight":1.0,"played":[1.0,0.0],"evs":[0.0,-0.87679]},"75o":{"weight":1.0,"played":[1.0,0.0],"evs":[0.0,-0.83234]},"85o":{"weight":1.0,"played":[1.0,0.0],"evs":[0.0,-0.71883]},"95o":{"weight":1.0,"played":[1.0,0.0],"evs":[0.0,-0.53771]},"T5o":{"weight":1.0,"played":[1.0,0.0],"evs":[0.0,-0.23962]},"J5o":{"weight":1.0,"played":[0.0,1.0],"evs":[0.0,0.30351]},"Q5o":{"weight":1.0,"played":[0.0,1.0],"evs":[0.0,0.85863]},"K5o":{"weight":1.0,"played":[0.0,1.0],"evs":[0.0,1.57521]},"A5o":{"weight":1.0,"played":[0.0,1.0],"evs":[0.0,2.60294]},"62s":{"weight":1.0,"played":[1.0,0.0],"evs":[0.0,-1.15078]},"63s":{"weight":1.0,"played":[1.0,0.0],"evs":[0.0,-0.82976]},"64s":{"weight":1.0,"played":[1.0,0.0],"evs":[0.0,-0.53301]},"65s":{"weight":1.0,"played":[1.0,0.0],"evs":[0.0,-0.20736]},"66":{"weight":1.0,"played":[0.0,1.0],"evs":[0.0,3.21478]},"76o":{"weight":1.0,"played":[1.0,0.0],"evs":[0.0,-0.52353]},"86o":{"weight":1.0,"played":[1.0,0.0],"evs":[0.0,-0.40062]},"96o":{"weight":1.0,"played":[1.0,0.0],"evs":[0.0,-0.21467]},"T6o":{"weight":1.0,"played":[0.0,1.0],"evs":[0.0,0.09543]},"J6o":{"weight":1.0,"played":[0.0,1.0],"evs":[0.0,0.4037]},"Q6o":{"weight":1.0,"played":[0.0,1.0],"evs":[0.0,1.02025]},"K6o":{"weight":1.0,"played":[0.0,1.0],"evs":[0.0,1.73526]},"A6o":{"weight":1.0,"played":[0.0,1.0],"evs":[0.0,2.60799]},"72s":{"weight":1.0,"played":[1.0,0.0],"evs":[0.0,-1.11032]},"73s":{"weight":1.0,"played":[1.0,0.0],"evs":[0.0,-0.8071]},"74s":{"weight":1.0,"played":[1.0,0.0],"evs":[0.0,-0.49665]},"75s":{"weight":1.0,"played":[1.0,0.0],"evs":[0.0,-0.18033]},"76s":{"weight":1.0,"played":[0.0,1.0],"evs":[0.0,0.1194]},"77":{"weight":1.0,"played":[0.0,1.0],"evs":[0.0,3.76126]},"87o":{"weight":1.0,"played":[1.0,0.0],"evs":[0.0,-0.05022]},"97o":{"weight":1.0,"played":[0.0,1.0],"evs":[0.0,0.14721]},"T7o":{"weight":1.0,"played":[0.0,1.0],"evs":[0.0,0.45082]},"J7o":{"weight":1.0,"played":[0.0,1.0],"evs":[0.0,0.76427]},"Q7o":{"weight":1.0,"played":[0.0,1.0],"evs":[0.0,1.15317]},"K7o":{"weight":1.0,"played":[0.0,1.0],"evs":[0.0,1.90973]},"A7o":{"weight":1.0,"played":[0.0,1.0],"evs":[0.0,2.83048]},"82s":{"weight":1.0,"played":[1.0,0.0],"evs":[0.0,-0.79467]},"83s":{"weight":1.0,"played":[1.0,0.0],"evs":[0.0,-0.70543]},"84s":{"weight":1.0,"played":[1.0,0.0],"evs":[0.0,-0.3837]},"85s":{"weight":1.0,"played":[0.9999,1.0E-4],"evs":[0.0,-0.05184]},"86s":{"weight":1.0,"played":[0.0,1.0],"evs":[0.0,0.22448]},"87s":{"weight":1.0,"played":[0.0,1.0],"evs":[0.0,0.56818]},"88":{"weight":1.0,"played":[0.0,1.0],"evs":[0.0,4.36779]},"98o":{"weight":1.0,"played":[0.0,1.0],"evs":[0.0,0.53014]},"T8o":{"weight":1.0,"played":[0.0,1.0],"evs":[0.0,0.85086]},"J8o":{"weight":1.0,"played":[0.0,1.0],"evs":[0.0,1.16774]},"Q8o":{"weight":1.0,"played":[0.0,1.0],"evs":[0.0,1.56293]},"K8o":{"weight":1.0,"played":[0.0,1.0],"evs":[0.0,2.11934]},"A8o":{"weight":1.0,"played":[0.0,1.0],"evs":[0.0,3.07413]},"92s":{"weight":1.0,"played":[1.0,0.0],"evs":[0.0,-0.452]},"93s":{"weight":1.0,"played":[1.0,0.0],"evs":[0.0,-0.32482]},"94s":{"weight":1.0,"played":[1.0,0.0],"evs":[0.0,-0.23111]},"95s":{"weight":1.0,"played":[0.0,1.0],"evs":[0.0,0.10401]},"96s":{"weight":1.0,"played":[0.0,1.0],"evs":[0.0,0.4082]},"97s":{"weight":1.0,"played":[0.0,1.0],"evs":[0.0,0.7402]},"98s":{"weight":1.0,"played":[0.0,1.0],"evs":[0.0,1.09201]},"99":{"weight":1.0,"played":[0.0,1.0],"evs":[0.0,4.96641]},"T9o":{"weight":1.0,"played":[0.0,1.0],"evs":[0.0,1.23518]},"J9o":{"weight":1.0,"played":[0.0,1.0],"evs":[0.0,1.55738]},"Q9o":{"weight":1.0,"played":[0.0,1.0],"evs":[0.0,1.9567]},"K9o":{"weight":1.0,"played":[0.0,1.0],"evs":[0.0,2.5244]},"A9o":{"weight":1.0,"played":[0.0,1.0],"evs":[0.0,3.31372]},"T2s":{"weight":1.0,"played":[0.3683,0.6317],"evs":[0.0,0.00578]},"T3s":{"weight":1.0,"played":[0.0,1.0],"evs":[0.0,0.13694]},"T4s":{"weight":1.0,"played":[0.0,1.0],"evs":[0.0,0.27864]},"T5s":{"weight":1.0,"played":[0.0,1.0],"evs":[0.0,0.38977]},"T6s":{"weight":1.0,"played":[0.0,1.0],"evs":[0.0,0.70559]},"T7s":{"weight":1.0,"played":[0.0,1.0],"evs":[0.0,1.03088]},"T8s":{"weight":1.0,"played":[0.0,1.0],"evs":[0.0,1.41021]},"T9s":{"weight":1.0,"played":[0.0,1.0],"evs":[0.0,1.77134]},"TT":{"weight":1.0,"played":[0.0,1.0],"evs":[0.0,5.66966]},"JTo":{"weight":1.0,"played":[0.0,1.0],"evs":[0.0,2.04832]},"QTo":{"weight":1.0,"played":[0.0,1.0],"evs":[0.0,2.44536]},"KTo":{"weight":1.0,"played":[0.0,1.0],"evs":[0.0,3.00304]},"ATo":{"weight":1.0,"played":[0.0,1.0],"evs":[0.0,3.78389]},"J2s":{"weight":1.0,"played":[0.0,1.0],"evs":[0.0,0.45634]},"J3s":{"weight":1.0,"played":[0.0,1.0],"evs":[0.0,0.60014]},"J4s":{"weight":1.0,"played":[0.0,1.0],"evs":[0.0,0.75616]},"J5s":{"weight":1.0,"played":[0.0,1.0],"evs":[0.0,0.92151]},"J6s":{"weight":1.0,"played":[0.0,1.0],"evs":[0.0,0.99905]},"J7s":{"weight":1.0,"played":[0.0,1.0],"evs":[0.0,1.33865]},"J8s":{"weight":1.0,"played":[0.0,1.0],"evs":[0.0,1.70698]},"J9s":{"weight":1.0,"played":[0.0,1.0],"evs":[0.0,2.07582]},"JTs":{"weight":1.0,"played":[0.0,1.0],"evs":[0.0,2.52954]},"JJ":{"weight":1.0,"played":[0.0,1.0],"evs":[0.0,6.24179]},"QJo":{"weight":1.0,"played":[0.0,1.0],"evs":[0.0,2.64062]},"KJo":{"weight":1.0,"played":[0.0,1.0],"evs":[0.0,3.21476]},"AJo":{"weight":1.0,"played":[0.0,1.0],"evs":[0.0,4.00952]},"Q2s":{"weight":1.0,"played":[0.0,1.0],"evs":[0.0,0.98359]},"Q3s":{"weight":1.0,"played":[0.0,1.0],"evs":[0.0,1.12026]},"Q4s":{"weight":1.0,"played":[0.0,1.0],"evs":[0.0,1.28663]},"Q5s":{"weight":1.0,"played":[0.0,1.0],"evs":[0.0,1.43972]},"Q6s":{"weight":1.0,"played":[0.0,1.0],"evs":[0.0,1.58188]},"Q7s":{"weight":1.0,"played":[0.0,1.0],"evs":[0.0,1.71681]},"Q8s":{"weight":1.0,"played":[0.0,1.0],"evs":[0.0,2.089]},"Q9s":{"weight":1.0,"played":[0.0,1.0],"evs":[0.0,2.45801]},"QTs":{"weight":1.0,"played":[0.0,1.0],"evs":[0.0,2.91426]},"QJs":{"weight":1.0,"played":[0.0,1.0],"evs":[0.0,3.09422]},"QQ":{"weight":1.0,"played":[0.0,1.0],"evs":[0.0,6.84305]},"KQo":{"weight":1.0,"played":[0.0,1.0],"evs":[0.0,3.43121]},"AQo":{"weight":1.0,"played":[0.0,1.0],"evs":[0.0,4.2364]},"K2s":{"weight":1.0,"played":[0.0,1.0],"evs":[0.0,1.64395]},"K3s":{"weight":1.0,"played":[0.0,1.0],"evs":[0.0,1.79252]},"K4s":{"weight":1.0,"played":[0.0,1.0],"evs":[0.0,1.9514]},"K5s":{"weight":1.0,"played":[0.0,1.0],"evs":[0.0,2.12212]},"K6s":{"weight":1.0,"played":[0.0,1.0],"evs":[0.0,2.25998]},"K7s":{"weight":1.0,"played":[0.0,1.0],"evs":[0.0,2.42853]},"K8s":{"weight":1.0,"played":[0.0,1.0],"evs":[0.0,2.61242]},"K9s":{"weight":1.0,"played":[0.0,1.0],"evs":[0.0,2.98637]},"KTs":{"weight":1.0,"played":[0.0,1.0],"evs":[0.0,3.44457]},"KJs":{"weight":1.0,"played":[0.0,1.0],"evs":[0.0,3.63428]},"KQs":{"weight":1.0,"played":[0.0,1.0],"evs":[0.0,3.82759]},"KK":{"weight":1.0,"played":[0.0,1.0],"evs":[0.0,7.52411]},"AKo":{"weight":1.0,"played":[0.0,1.0],"evs":[0.0,4.54042]},"A2s":{"weight":1.0,"played":[0.0,1.0],"evs":[0.0,2.60805]},"A3s":{"weight":1.0,"played":[0.0,1.0],"evs":[0.0,2.7706]},"A4s":{"weight":1.0,"played":[0.0,1.0],"evs":[0.0,2.93276]},"A5s":{"weight":1.0,"played":[0.0,1.0],"evs":[0.0,3.08257]},"A6s":{"weight":1.0,"played":[0.0,1.0],"evs":[0.0,3.07725]},"A7s":{"weight":1.0,"played":[0.0,1.0],"evs":[0.0,3.29152]},"A8s":{"weight":1.0,"played":[0.0,1.0],"evs":[0.0,3.51453]},"A9s":{"weight":1.0,"played":[0.0,1.0],"evs":[0.0,3.72668]},"ATs":{"weight":1.0,"played":[0.0,1.0],"evs":[0.0,4.18036]},"AJs":{"weight":1.0,"played":[0.0,1.0],"evs":[0.0,4.37951]},"AQs":{"weight":1.0,"played":[0.0,1.0],"evs":[0.0,4.60006]},"AKs":{"weight":1.0,"played":[0.0,1.0],"evs":[0.0,4.8914]},"AA":{"weight":1.0,"played":[0.0,1.0],"evs":[0.0,8.37208]}}}