{"player":3,"street":0,"children":2,"sequence":[{"player":0,"type":"C","amount":3250000,"street":0},{"player":1,"type":"F","amount":0,"street":0},{"player":2,"type":"R","amount":34750000,"street":0},{"player":3,"type":"C","amount":34750000,"street":0},{"player":4,"type":"R","amount":53750000,"street":0},{"player":5,"type":"F","amount":0,"street":0}],"actions":[{"type":"F","amount":0},{"type":"C","amount":19000000}],"hands":{"22":{"weight":0.0095,"played":[0.0,1.0],"evs":[0.0,3.27682]},"32o":{"weight":0.0,"played":[0.0,1.0],"evs":[0.0,0.63311]},"42o":{"weight":0.0,"played":[0.0,1.0],"evs":[0.0,0.77151]},"52o":{"weight":0.0,"played":[0.0,1.0],"evs":[0.0,0.8452]},"62o":{"weight":0.0,"played":[0.0,1.0],"evs":[0.0,0.57673]},"72o":{"weight":0.0,"played":[0.0014,0.9986],"evs":[0.0,0.26116]},"82o":{"weight":0.0,"played":[0.0,1.0],"evs":[0.0,0.62143]},"92o":{"weight":0.0,"played":[0.0,1.0],"evs":[0.0,0.71752]},"T2o":{"weight":0.0,"played":[0.0,1.0],"evs":[0.0,0.76321]},"J2o":{"weight":0.0,"played":[0.0,1.0],"evs":[0.0,0.80436]},"Q2o":{"weight":0.0,"played":[0.0,1.0],"evs":[0.0,1.08837]},"K2o":{"weight":0.0,"played":[0.0,1.0],"evs":[0.0,1.41069]},"A2o":{"weight":0.0,"played":[0.0,1.0],"evs":[0.0,1.09595]},"32s":{"weight":0.0,"played":[0.0,1.0],"evs":[0.0,1.91587]},"33":{"weight":0.4921,"played":[0.0,1.0],"evs":[0.0,3.53585]},"43o":{"weight":0.0,"played":[0.0,1.0],"evs":[0.0,1.24567]},"53o":{"weight":0.0,"played":[0.0,1.0],"evs":[0.0,1.36112]},"63o":{"weight":0.0,"played":[0.0,1.0],"evs":[0.0,1.00808]},"73o":{"weight":0.0,"played":[0.0,1.0],"evs":[0.0,0.78574]},"83o":{"weight":0.0,"played":[0.0,1.0],"evs":[0.0,0.61192]},"93o":{"weight":0.0,"played":[0.0,1.0],"evs":[0.0,0.88986]},"T3o":{"weight":0.0,"played":[0.0,1.0],"evs":[0.0,0.9733]},"J3o":{"weight":0.0,"played":[0.0,1.0],"evs":[0.0,0.90915]},"Q3o":{"weight":0.0,"played":[0.0,1.0],"evs":[0.0,1.22521]},"K3o":{"weight":0.0,"played":[0.0,1.0],"evs":[0.0,1.53593]},"A3o":{"weight":0.0,"played":[0.0,1.0],"evs":[0.0,1.29562]},"42s":{"weight":0.0,"played":[0.0,1.0],"evs":[0.0,1.98625]},"43s":{"weight":0.0,"played":[0.0,1.0],"evs":[0.0,2.36606]},"44":{"weight":0.0142,"played":[0.0,1.0],"evs":[0.0,3.72315]},"54o":{"weight":0.0,"played":[0.0,1.0],"evs":[0.0,1.8179]},"64o":{"weight":0.0,"played":[0.0,1.0],"evs":[0.0,1.49627]},"74o":{"weight":0.0,"played":[0.0,1.0],"evs":[0.0,1.23505]},"84o":{"weight":0.0,"played":[0.0,1.0],"evs":[0.0,1.11704]},"94o":{"weight":0.0,"played":[0.0,1.0],"evs":[0.0,0.9021]},"T4o":{"weight":0.0,"played":[0.0,1.0],"evs":[0.0,1.06547]},"J4o":{"weight":0.0,"played":[0.0,1.0],"evs":[0.0,1.01078]},"Q4o":{"weight":0.0,"played":[0.0,1.0],"evs":[0.0,1.40004]},"K4o":{"weight":0.0,"played":[0.0,1.0],"evs":[0.0,1.72358]},"A4o":{"weight":0.0,"played":[0.0,1.0],"evs":[0.0,1.43405]},"52s":{"weight":0.0,"played":[0.0,1.0],"evs":[0.0,2.06984]},"53s":{"weight":0.0,"played":[0.0,1.0],"evs":[0.0,2.54095]},"54s":{"weight":0.0,"played":[0.0,1.0],"evs":[0.0,2.84209]},"55":{"weight":0.2058,"played":[0.0,1.0],"evs":[0.0,4.00146]},"65o":{"weight":0.0,"played":[0.0,1.0],"evs":[0.0,1.9595]},"75o":{"weight":0.0,"played":[0.0,1.0],"evs":[0.0,1.71314]},"85o":{"weight":0.0,"played":[0.0,1.0],"evs":[0.0,1.47304]},"95o":{"weight":0.0,"played":[0.0,1.0],"evs":[0.0,1.36483]},"T5o":{"weight":0.0,"played":[0.0,1.0],"evs":[0.0,1.10926]},"J5o":{"weight":0.0,"played":[0.0,1.0],"evs":[0.0,1.17819]},"Q5o":{"weight":0.0,"played":[0.0,1.0],"evs":[0.0,1.48369]},"K5o":{"weight":0.0,"played":[0.0,1.0],"evs":[0.0,1.77401]},"A5o":{"weight":0.0,"played":[0.0,1.0],"evs":[0.0,1.52809]},"62s":{"weight":0.0,"played":[0.0,1.0],"evs":[0.0,1.67314]},"63s":{"weight":0.0,"played":[0.0,1.0],"evs":[0.0,2.22772]},"64s":{"weight":0.0,"played":[0.0,1.0],"evs":[0.0,2.66679]},"65s":{"weight":0.0,"played":[0.0,1.0],"evs":[0.0,3.03826]},"66":{"weight":0.0124,"played":[0.0,1.0],"evs":[0.0,4.32983]},"76o":{"weight":0.0,"played":[0.0,1.0],"evs":[0.0,2.02014]},"86o":{"weight":0.0,"played":[0.0,1.0],"evs":[0.0,1.9278]},"96o":{"weight":0.0,"played":[0.0,1.0],"evs":[0.0,1.68924]},"T6o":{"weight":0.0,"played":[0.0,1.0],"evs":[0.0,1.47203]},"J6o":{"weight":0.0,"played":[0.0,1.0],"evs":[0.0,1.15851]},"Q6o":{"weight":0.0,"played":[0.0,1.0],"evs":[0.0,1.50238]},"K6o":{"weight":0.0,"played":[0.0,1.0],"evs":[0.0,1.89924]},"A6o":{"weight":1.0E-4,"played":[0.0,1.0],"evs":[0.0,1.05381]},"72s":{"weight":0.0,"played":[0.0,1.0],"evs":[0.0,1.48726]},"73s":{"weight":0.0,"played":[0.0,1.0],"evs":[0.0,1.96072]},"74s":{"weight":0.0,"played":[0.0,1.0],"evs":[0.0,2.42354]},"75s":{"weight":0.0,"played":[0.0,1.0],"evs":[0.0,2.83372]},"76s":{"weight":0.0,"played":[0.0,1.0],"evs":[0.0,3.21035]},"77":{"weight":0.2953,"played":[0.0,1.0],"evs":[0.0,5.21398]},"87o":{"weight":0.0,"played":[0.0,1.0],"evs":[0.0,2.40868]},"97o":{"weight":0.0,"played":[0.0,1.0],"evs":[0.0,2.16276]},"T7o":{"weight":0.0,"played":[0.0,1.0],"evs":[0.0,1.98311]},"J7o":{"weight":0.0,"played":[0.0,1.0],"evs":[0.0,1.62698]},"Q7o":{"weight":0.0,"played":[0.0,1.0],"evs":[0.0,1.644]},"K7o":{"weight":0.0,"played":[0.0,1.0],"evs":[0.0,2.10102]},"A7o":{"weight":0.4506,"played":[0.0,1.0],"evs":[0.0,1.39365]},"82s":{"weight":0.0,"played":[0.0,1.0],"evs":[0.0,1.78432]},"83s":{"weight":0.0,"played":[0.0,1.0],"evs":[0.0,1.85819]},"84s":{"weight":0.0,"played":[0.0,1.0],"evs":[0.0,2.18883]},"85s":{"weight":0.0,"played":[0.0,1.0],"evs":[0.0,2.7115]},"86s":{"weight":0.0,"played":[0.0,1.0],"evs":[0.0,3.04009]},"87s":{"weight":0.0,"played":[0.0,1.0],"evs":[0.0,3.46378]},"88":{"weight":0.3791,"played":[0.0,1.0],"evs":[0.0,6.34354]},"98o":{"weight":0.0,"played":[0.0,1.0],"evs":[0.0,2.68242]},"T8o":{"weight":0.0,"played":[0.0,1.0],"evs":[0.0,2.5366]},"J8o":{"weight":0.0,"played":[0.0,1.0],"evs":[0.0,2.20761]},"Q8o":{"weight":0.0,"played":[0.0,1.0],"evs":[0.0,2.14952]},"K8o":{"weight":0.0,"played":[0.0,1.0],"evs":[0.0,2.2682]},"A8o":{"weight":0.5703,"played":[0.0,1.0],"evs":[0.0,1.70489]},"92s":{"weight":0.0,"played":[0.0,1.0],"evs":[0.0,1.9654]},"93s":{"weight":0.0,"played":[0.0,1.0],"evs":[0.0,2.06463]},"94s":{"weight":0.0,"played":[0.0,1.0],"evs":[0.0,2.05168]},"95s":{"weight":0.0,"played":[0.0,1.0],"evs":[0.0,2.41137]},"96s":{"weight":0.0,"played":[0.0,1.0],"evs":[0.0,2.88756]},"97s":{"weight":0.0,"played":[0.0,1.0],"evs":[0.0,3.30803]},"98s":{"weight":0.0,"played":[0.0,1.0],"evs":[0.0,3.6864]},"99":{"weight":0.8268,"played":[0.0,1.0],"evs":[0.0,7.31985]},"T9o":{"weight":0.0,"played":[0.0,1.0],"evs":[0.0,2.9948]},"J9o":{"weight":0.0,"played":[0.0,1.0],"evs":[0.0,2.64003]},"Q9o":{"weight":0.0,"played":[0.0,1.0],"evs":[0.0,2.65662]},"K9o":{"weight":0.0,"played":[0.0,1.0],"evs":[0.0,2.72682]},"A9o":{"weight":0.4391,"played":[0.0,1.0],"evs":[0.0,2.02536]},"T2s":{"weight":0.0,"played":[0.0,1.0],"evs":[0.0,2.02467]},"T3s":{"weight":0.0,"played":[0.0,1.0],"evs":[0.0,2.06313]},"T4s":{"weight":0.0,"played":[0.0,1.0],"evs":[0.0,2.34169]},"T5s":{"weight":0.0,"played":[0.0,1.0],"evs":[0.0,2.28474]},"T6s":{"weight":0.0,"played":[0.0,1.0],"evs":[0.0,2.66538]},"T7s":{"weight":0.0,"played":[0.0,1.0],"evs":[0.0,3.15538]},"T8s":{"weight":0.0,"played":[0.0,1.0],"evs":[0.0,3.66378]},"T9s":{"weight":0.0,"played":[0.0,1.0],"evs":[0.0,4.16585]},"TT":{"weight":0.4246,"played":[0.0,1.0],"evs":[0.0,8.58772]},"JTo":{"weight":0.0,"played":[0.0,1.0],"evs":[0.0,3.23992]},"QTo":{"weight":0.0,"played":[0.0,1.0],"evs":[0.0,3.22926]},"KTo":{"weight":0.1962,"played":[0.0,1.0],"evs":[0.0,3.35517]},"ATo":{"weight":0.562,"played":[0.0,1.0],"evs":[0.0,2.70518]},"J2s":{"weight":0.0,"played":[0.0,1.0],"evs":[0.0,1.9849]},"J3s":{"weight":0.0,"played":[0.0,1.0],"evs":[0.0,2.09256]},"J4s":{"weight":0.0,"played":[0.0,1.0],"evs":[0.0,2.23268]},"J5s":{"weight":0.0,"played":[0.0,1.0],"evs":[0.0,2.38562]},"J6s":{"weight":0.0,"played":[0.0,1.0],"evs":[0.0,2.32222]},"J7s":{"weight":0.0,"played":[0.0,1.0],"evs":[0.0,2.78762]},"J8s":{"weight":0.0,"played":[0.0,1.0],"evs":[0.0,3.38115]},"J9s":{"weight":0.0,"played":[0.0,1.0],"evs":[0.0,3.79301]},"JTs":{"weight":0.3104,"played":[0.0,1.0],"evs":[0.0,4.39496]},"JJ":{"weight":0.3218,"played":[0.0,1.0],"evs":[0.0,10.23295]},"QJo":{"weight":0.0,"played":[0.0,1.0],"evs":[0.0,3.25589]},"KJo":{"weight":0.0745,"played":[0.0,1.0],"evs":[0.0,3.34916]},"AJo":{"weight":0.4803,"played":[0.0,1.0],"evs":[0.0,3.82934]},"Q2s":{"weight":0.0,"played":[0.0,1.0],"evs":[0.0,2.36179]},"Q3s":{"weight":0.0,"played":[0.0,1.0],"evs":[0.0,2.36298]},"Q4s":{"weight":0.0,"played":[0.0,1.0],"evs":[0.0,2.52945]},"Q5s":{"weight":0.0,"played":[0.0,1.0],"evs":[0.0,2.75428]},"Q6s":{"weight":0.0,"played":[0.0,1.0],"evs":[0.0,2.7708]},"Q7s":{"weight":0.0,"played":[0.0,1.0],"evs":[0.0,2.8689]},"Q8s":{"weight":0.0,"played":[0.0,1.0],"evs":[0.0,3.30865]},"Q9s":{"weight":0.0,"played":[0.0,1.0],"evs":[0.0,3.7712]},"QTs":{"weight":0.0898,"played":[0.0,1.0],"evs":[0.0,4.31647]},"QJs":{"weight":0.1292,"played":[0.0,1.0],"evs":[0.0,4.35188]},"QQ":{"weight":0.1639,"played":[0.0,1.0],"evs":[0.0,12.14798]},"KQo":{"weight":0.3646,"played":[0.0,1.0],"evs":[0.0,3.77795]},"AQo":{"weight":0.5348,"played":[0.0,1.0],"evs":[0.0,5.57777]},"K2s":{"weight":0.0,"played":[0.0,1.0],"evs":[0.0,2.70795]},"K3s":{"weight":0.0,"played":[0.0,1.0],"evs":[0.0,2.74688]},"K4s":{"weight":0.0,"played":[0.0,1.0],"evs":[0.0,2.94881]},"K5s":{"weight":0.0,"played":[0.0,1.0],"evs":[0.0,3.00923]},"K6s":{"weight":0.0,"played":[0.0,1.0],"evs":[0.0,3.05076]},"K7s":{"weight":0.0,"played":[0.0,1.0],"evs":[0.0,3.22387]},"K8s":{"weight":0.0,"played":[0.0,1.0],"evs":[0.0,3.38399]},"K9s":{"weight":0.068,"played":[0.0,1.0],"evs":[0.0,3.92515]},"KTs":{"weight":0.3028,"played":[0.0,1.0],"evs":[0.0,4.47167]},"KJs":{"weight":0.1022,"played":[0.0,1.0],"evs":[0.0,4.48504]},"KQs":{"weight":0.588,"played":[0.0,1.0],"evs":[0.0,4.83718]},"KK":{"weight":0.3274,"played":[0.0,1.0],"evs":[0.0,14.29168]},"AKo":{"weight":0.1914,"played":[0.0,1.0],"evs":[0.0,7.46487]},"A2s":{"weight":0.9953,"played":[0.0,1.0],"evs":[0.0,2.40159]},"A3s":{"weight":0.8866,"played":[0.0,1.0],"evs":[0.0,2.5362]},"A4s":{"weight":0.0297,"played":[0.0,1.0],"evs":[0.0,2.71821]},"A5s":{"weight":0.4475,"played":[0.0,1.0],"evs":[0.0,2.79273]},"A6s":{"weight":0.7165,"played":[0.0,1.0],"evs":[0.0,2.33339]},"A7s":{"weight":0.2521,"played":[0.0,1.0],"evs":[0.0,2.66634]},"A8s":{"weight":0.2355,"played":[0.0,1.0],"evs":[0.0,2.91903]},"A9s":{"weight":0.103,"played":[0.0,1.0],"evs":[0.0,3.16317]},"ATs":{"weight":0.7027,"played":[0.0,1.0],"evs":[0.0,3.89905]},"AJs":{"weight":0.0141,"played":[0.0,1.0],"evs":[0.0,4.91927]},"AQs":{"weight":0.5419,"played":[0.0,1.0],"evs":[0.0,6.50067]},"AKs":{"weight":0.1016,"played":[0.0,1.0],"evs":[0.0,8.38687]},"AA":{"weight":0.441,"played":[0.0,1.0],"evs":[0.0,17.95727]}}}