{"player":4,"street":0,"children":2,"sequence":[{"player":0,"type":"C","amount":3250000,"street":0},{"player":1,"type":"R","amount":31750000,"street":0},{"player":2,"type":"F","amount":0,"street":0},{"player":3,"type":"F","amount":0,"street":0}],"actions":[{"type":"F","amount":0,"node":87},{"type":"C","amount":29250000,"node":88}],"hands":{"22":{"weight":1.0,"played":[0.0,1.0],"evs":[0.0,0.82735]},"32o":{"weight":1.0,"played":[1.0,0.0],"evs":[0.0,-1.55215]},"42o":{"weight":1.0,"played":[1.0,0.0],"evs":[0.0,-1.46975]},"52o":{"weight":1.0,"played":[1.0,0.0],"evs":[0.0,-1.33891]},"62o":{"weight":1.0,"played":[1.0,0.0],"evs":[0.0,-1.53514]},"72o":{"weight":1.0,"played":[1.0,0.0],"evs":[0.0,-1.65759]},"82o":{"weight":1.0,"played":[1.0,0.0],"evs":[0.0,-1.52895]},"92o":{"weight":1.0,"played":[1.0,0.0],"evs":[0.0,-1.46551]},"T2o":{"weight":1.0,"played":[1.0,0.0],"evs":[0.0,-1.41485]},"J2o":{"weight":1.0,"played":[1.0,0.0],"evs":[0.0,-1.34193]},"Q2o":{"weight":1.0,"played":[1.0,0.0],"evs":[0.0,-1.21908]},"K2o":{"weight":1.0,"played":[1.0,0.0],"evs":[0.0,-0.92259]},"A2o":{"weight":1.0,"played":[0.0,1.0],"evs":[0.0,0.12873]},"32s":{"weight":1.0,"played":[1.0,0.0],"evs":[0.0,-0.8518]},"33":{"weight":1.0,"played":[0.0,1.0],"evs":[0.0,1.05806]},"43o":{"weight":1.0,"played":[1.0,0.0],"evs":[0.0,-1.20898]},"53o":{"weight":1.0,"played":[1.0,0.0],"evs":[0.0,-1.06965]},"63o":{"weight":1.0,"played":[1.0,0.0],"evs":[0.0,-1.26753]},"73o":{"weight":1.0,"played":[1.0,0.0],"evs":[0.0,-1.39788]},"83o":{"weight":1.0,"played":[1.0,0.0],"evs":[0.0,-1.52958]},"93o":{"weight":1.0,"played":[1.0,0.0],"evs":[0.0,-1.41095]},"T3o":{"weight":1.0,"played":[1.0,0.0],"evs":[0.0,-1.34331]},"J3o":{"weight":1.0,"played":[1.0,0.0],"evs":[0.0,-1.27993]},"Q3o":{"weight":1.0,"played":[1.0,0.0],"evs":[0.0,-1.15274]},"K3o":{"weight":1.0,"played":[1.0,0.0],"evs":[0.0,-0.86065]},"A3o":{"weight":1.0,"played":[0.0,1.0],"evs":[0.0,0.22219]},"42s":{"weight":1.0,"played":[1.0,0.0],"evs":[0.0,-0.76463]},"43s":{"weight":1.0,"played":[1.0,0.0],"evs":[0.0,-0.53471]},"44":{"weight":1.0,"played":[0.0,1.0],"evs":[0.0,1.40551]},"54o":{"weight":1.0,"played":[1.0,0.0],"evs":[0.0,-0.81761]},"64o":{"weight":1.0,"played":[1.0,0.0],"evs":[0.0,-1.00254]},"74o":{"weight":1.0,"played":[1.0,0.0],"evs":[0.0,-1.13778]},"84o":{"weight":1.0,"played":[1.0,0.0],"evs":[0.0,-1.26659]},"94o":{"weight":1.0,"played":[1.0,0.0],"evs":[0.0,-1.40241]},"T4o":{"weight":1.0,"played":[1.0,0.0],"evs":[0.0,-1.29341]},"J4o":{"weight":1.0,"played":[1.0,0.0],"evs":[0.0,-1.23161]},"Q4o":{"weight":1.0,"played":[1.0,0.0],"evs":[0.0,-1.09861]},"K4o":{"weight":1.0,"played":[1.0,0.0],"evs":[0.0,-0.79853]},"A4o":{"weight":1.0,"played":[0.0,1.0],"evs":[0.0,0.34247]},"52s":{"weight":1.0,"played":[1.0,0.0],"evs":[0.0,-0.65746]},"53s":{"weight":1.0,"played":[1.0,0.0],"evs":[0.0,-0.40115]},"54s":{"weight":1.0,"played":[1.0,0.0],"evs":[0.0,-0.17108]},"55":{"weight":1.0,"played":[0.0,1.0],"evs":[0.0,1.82614]},"65o":{"weight":1.0,"played":[1.0,0.0],"evs":[0.0,-0.69535]},"75o":{"weight":1.0,"played":[1.0,0.0],"evs":[0.0,-0.81192]},"85o":{"weight":1.0,"played":[1.0,0.0],"evs":[0.0,-0.94325]},"95o":{"weight":1.0,"played":[1.0,0.0],"evs":[0.0,-1.08086]},"T5o":{"weight":1.0,"played":[1.0,0.0],"evs":[0.0,-1.22318]},"J5o":{"weight":1.0,"played":[1.0,0.0],"evs":[0.0,-1.10165]},"Q5o":{"weight":1.0,"played":[1.0,0.0],"evs":[0.0,-0.97431]},"K5o":{"weight":1.0,"played":[1.0,0.0],"evs":[0.0,-0.67013]},"A5o":{"weight":1.0,"played":[0.0,1.0],"evs":[0.0,0.53455]},"62s":{"weight":1.0,"played":[1.0,0.0],"evs":[0.0,-0.84142]},"63s":{"weight":1.0,"played":[1.0,0.0],"evs":[0.0,-0.57389]},"64s":{"weight":1.0,"played":[1.0,0.0],"evs":[0.0,-0.34106]},"65s":{"weight":1.0,"played":[0.9971,0.0029],"evs":[0.0,-0.03292]},"66":{"weight":1.0,"played":[0.0,1.0],"evs":[0.0,2.19333]},"76o":{"weight":1.0,"played":[1.0,0.0],"evs":[0.0,-0.55698]},"86o":{"weight":1.0,"played":[1.0,0.0],"evs":[0.0,-0.66847]},"96o":{"weight":1.0,"played":[1.0,0.0],"evs":[0.0,-0.8003]},"T6o":{"weight":1.0,"played":[1.0,0.0],"evs":[0.0,-0.93108]},"J6o":{"weight":1.0,"played":[1.0,0.0],"evs":[0.0,-1.06067]},"Q6o":{"weight":1.0,"played":[1.0,0.0],"evs":[0.0,-0.88231]},"K6o":{"weight":1.0,"played":[1.0,0.0],"evs":[0.0,-0.57555]},"A6o":{"weight":1.0,"played":[0.0,1.0],"evs":[0.0,0.51146]},"72s":{"weight":1.0,"played":[1.0,0.0],"evs":[0.0,-0.95477]},"73s":{"weight":1.0,"played":[1.0,0.0],"evs":[0.0,-0.70749]},"74s":{"weight":1.0,"played":[1.0,0.0],"evs":[0.0,-0.46934]},"75s":{"weight":1.0,"played":[1.0,0.0],"evs":[0.0,-0.17928]},"76s":{"weight":1.0,"played":[2.0E-4,0.9998],"evs":[0.0,0.0887]},"77":{"weight":1.0,"played":[0.0,1.0],"evs":[0.0,2.61053]},"87o":{"weight":1.0,"played":[1.0,0.0],"evs":[0.0,-0.39704]},"97o":{"weight":1.0,"played":[1.0,0.0],"evs":[0.0,-0.52105]},"T7o":{"weight":1.0,"played":[1.0,0.0],"evs":[0.0,-0.64748]},"J7o":{"weight":1.0,"played":[1.0,0.0],"evs":[0.0,-0.77348]},"Q7o":{"weight":1.0,"played":[1.0,0.0],"evs":[0.0,-0.84106]},"K7o":{"weight":1.0,"played":[1.0,0.0],"evs":[0.0,-0.47544]},"A7o":{"weight":1.0,"played":[0.0,1.0],"evs":[0.0,0.87097]},"82s":{"weight":1.0,"played":[1.0,0.0],"evs":[0.0,-0.82701]},"83s":{"weight":1.0,"played":[1.0,0.0],"evs":[0.0,-0.81764]},"84s":{"weight":1.0,"played":[1.0,0.0],"evs":[0.0,-0.57005]},"85s":{"weight":1.0,"played":[1.0,0.0],"evs":[0.0,-0.27851]},"86s":{"weight":1.0,"played":[0.9997,3.0E-4],"evs":[0.0,-0.02665]},"87s":{"weight":1.0,"played":[0.0,1.0],"evs":[0.0,0.23004]},"88":{"weight":1.0,"played":[0.0,1.0],"evs":[0.0,3.0539]},"98o":{"weight":1.0,"played":[1.0,0.0],"evs":[0.0,-0.28085]},"T8o":{"weight":1.0,"played":[1.0,0.0],"evs":[0.0,-0.36771]},"J8o":{"weight":1.0,"played":[1.0,0.0],"evs":[0.0,-0.49919]},"Q8o":{"weight":1.0,"played":[1.0,0.0],"evs":[0.0,-0.56327]},"K8o":{"weight":1.0,"played":[1.0,0.0],"evs":[0.0,-0.39127]},"A8o":{"weight":1.0,"played":[0.0,1.0],"evs":[0.0,1.25926]},"92s":{"weight":1.0,"played":[1.0,0.0],"evs":[0.0,-0.76856]},"93s":{"weight":1.0,"played":[1.0,0.0],"evs":[0.0,-0.71139]},"94s":{"weight":1.0,"played":[1.0,0.0],"evs":[0.0,-0.71365]},"95s":{"weight":1.0,"played":[1.0,0.0],"evs":[0.0,-0.39964]},"96s":{"weight":1.0,"played":[1.0,0.0],"evs":[0.0,-0.1316]},"97s":{"weight":1.0,"played":[0.0,1.0],"evs":[0.0,0.1118]},"98s":{"weight":1.0,"played":[0.0,1.0],"evs":[0.0,0.35295]},"99":{"weight":1.0,"played":[0.0,1.0],"evs":[0.0,3.57043]},"T9o":{"weight":1.0,"played":[1.0,0.0],"evs":[0.0,-0.10283]},"J9o":{"weight":1.0,"played":[1.0,0.0],"evs":[0.0,-0.22997]},"Q9o":{"weight":1.0,"played":[1.0,0.0],"evs":[0.0,-0.25855]},"K9o":{"weight":1.0,"played":[0.9997,3.0E-4],"evs":[0.0,-0.04616]},"A9o":{"weight":1.0,"played":[0.0,1.0],"evs":[0.0,1.69998]},"T2s":{"weight":1.0,"played":[1.0,0.0],"evs":[0.0,-0.70195]},"T3s":{"weight":1.0,"played":[1.0,0.0],"evs":[0.0,-0.64866]},"T4s":{"weight":1.0,"played":[1.0,0.0],"evs":[0.0,-0.59951]},"T5s":{"weight":1.0,"played":[1.0,0.0],"evs":[0.0,-0.53831]},"T6s":{"weight":1.0,"played":[1.0,0.0],"evs":[0.0,-0.25487]},"T7s":{"weight":1.0,"played":[0.0812,0.9188],"evs":[0.0,0.00725]},"T8s":{"weight":1.0,"played":[0.0,1.0],"evs":[0.0,0.26475]},"T9s":{"weight":1.0,"played":[0.0,1.0],"evs":[0.0,0.51739]},"TT":{"weight":1.0,"played":[0.0,1.0],"evs":[0.0,4.22279]},"JTo":{"weight":1.0,"played":[0.0,1.0],"evs":[0.0,0.12282]},"QTo":{"weight":1.0,"played":[0.0,1.0],"evs":[0.0,0.14476]},"KTo":{"weight":1.0,"played":[0.0,1.0],"evs":[0.0,0.48459]},"ATo":{"weight":1.0,"played":[0.0,1.0],"evs":[0.0,2.46227]},"J2s":{"weight":1.0,"played":[1.0,0.0],"evs":[0.0,-0.64359]},"J3s":{"weight":1.0,"played":[1.0,0.0],"evs":[0.0,-0.57735]},"J4s":{"weight":1.0,"played":[1.0,0.0],"evs":[0.0,-0.54392]},"J5s":{"weight":1.0,"played":[1.0,0.0],"evs":[0.0,-0.41373]},"J6s":{"weight":1.0,"played":[1.0,0.0],"evs":[0.0,-0.3846]},"J7s":{"weight":1.0,"played":[1.0,0.0],"evs":[0.0,-0.10142]},"J8s":{"weight":1.0,"played":[0.0,1.0],"evs":[0.0,0.14826]},"J9s":{"weight":1.0,"played":[0.0,1.0],"evs":[0.0,0.40428]},"JTs":{"weight":1.0,"played":[0.0,1.0],"evs":[0.0,0.73991]},"JJ":{"weight":1.0,"played":[0.0,1.0],"evs":[0.0,4.91986]},"QJo":{"weight":1.0,"played":[0.0,1.0],"evs":[0.0,0.38746]},"KJo":{"weight":1.0,"played":[0.0,1.0],"evs":[0.0,0.89178]},"AJo":{"weight":1.0,"played":[0.0,1.0],"evs":[0.0,3.02673]},"Q2s":{"weight":1.0,"played":[1.0,0.0],"evs":[0.0,-0.51934]},"Q3s":{"weight":1.0,"played":[1.0,0.0],"evs":[0.0,-0.45077]},"Q4s":{"weight":1.0,"played":[1.0,0.0],"evs":[0.0,-0.40592]},"Q5s":{"weight":1.0,"played":[1.0,0.0],"evs":[0.0,-0.28969]},"Q6s":{"weight":1.0,"played":[1.0,0.0],"evs":[0.0,-0.19174]},"Q7s":{"weight":1.0,"played":[0.9999,1.0E-4],"evs":[0.0,-0.16211]},"Q8s":{"weight":1.0,"played":[0.0,1.0],"evs":[0.0,0.09122]},"Q9s":{"weight":1.0,"played":[0.0,1.0],"evs":[0.0,0.3912]},"QTs":{"weight":1.0,"played":[0.0,1.0],"evs":[0.0,0.75011]},"QJs":{"weight":1.0,"played":[0.0,1.0],"evs":[0.0,0.98902]},"QQ":{"weight":1.0,"played":[0.0,1.0],"evs":[0.0,5.67578]},"KQo":{"weight":1.0,"played":[0.0,1.0],"evs":[0.0,1.28702]},"AQo":{"weight":1.0,"played":[0.0,1.0],"evs":[0.0,3.57556]},"K2s":{"weight":1.0,"played":[1.0,0.0],"evs":[0.0,-0.22184]},"K3s":{"weight":1.0,"played":[1.0,0.0],"evs":[0.0,-0.16122]},"K4s":{"weight":1.0,"played":[1.0,0.0],"evs":[0.0,-0.13481]},"K5s":{"weight":1.0,"played":[0.185,0.815],"evs":[0.0,0.01147]},"K6s":{"weight":1.0,"played":[0.0,1.0],"evs":[0.0,0.10123]},"K7s":{"weight":1.0,"played":[0.0,1.0],"evs":[0.0,0.18928]},"K8s":{"weight":1.0,"played":[0.0,1.0],"evs":[0.0,0.26946]},"K9s":{"weight":1.0,"played":[0.0,1.0],"evs":[0.0,0.58709]},"KTs":{"weight":1.0,"played":[0.0,1.0],"evs":[0.0,1.08039]},"KJs":{"weight":1.0,"played":[0.0,1.0],"evs":[0.0,1.46915]},"KQs":{"weight":1.0,"played":[0.0,1.0],"evs":[0.0,1.83469]},"KK":{"weight":1.0,"played":[0.0,1.0],"evs":[0.0,6.58817]},"AKo":{"weight":1.0,"played":[0.0,1.0],"evs":[0.0,4.21029]},"A2s":{"weight":1.0,"played":[0.0,1.0],"evs":[0.0,0.78469]},"A3s":{"weight":1.0,"played":[0.0,1.0],"evs":[0.0,0.873]},"A4s":{"weight":1.0,"played":[0.0,1.0],"evs":[0.0,0.9522]},"A5s":{"weight":1.0,"played":[0.0,1.0],"evs":[0.0,1.14713]},"A6s":{"weight":1.0,"played":[0.0,1.0],"evs":[0.0,1.1265]},"A7s":{"weight":1.0,"played":[0.0,1.0],"evs":[0.0,1.45983]},"A8s":{"weight":1.0,"played":[0.0,1.0],"evs":[0.0,1.83436]},"A9s":{"weight":1.0,"played":[0.0,1.0],"evs":[0.0,2.23544]},"ATs":{"weight":1.0,"played":[0.0,1.0],"evs":[0.0,2.94701]},"AJs":{"weight":1.0,"played":[0.0,1.0],"evs":[0.0,3.47271]},"AQs":{"weight":1.0,"played":[0.0,1.0],"evs":[0.0,4.00108]},"AKs":{"weight":1.0,"played":[0.0,1.0],"evs":[0.0,4.57834]},"AA":{"weight":1.0,"played":[0.0,1.0],"evs":[0.0,8.76696]}}}