{"player":5,"street":0,"children":2,"sequence":[{"player":0,"type":"C","amount":3250000,"street":0},{"player":1,"type":"R","amount":31750000,"street":0},{"player":2,"type":"F","amount":0,"street":0},{"player":3,"type":"F","amount":0,"street":0},{"player":4,"type":"C","amount":29250000,"street":0}],"actions":[{"type":"F","amount":0},{"type":"C","amount":23750000}],"hands":{"22":{"weight":1.0,"played":[1.0,0.0],"evs":[0.0,-1.35993]},"32o":{"weight":1.0,"played":[1.0,0.0],"evs":[0.0,-3.30754]},"42o":{"weight":1.0,"played":[1.0,0.0],"evs":[0.0,-3.16311]},"52o":{"weight":1.0,"played":[1.0,0.0],"evs":[0.0,-3.04268]},"62o":{"weight":1.0,"played":[1.0,0.0],"evs":[0.0,-3.24422]},"72o":{"weight":1.0,"played":[1.0,0.0],"evs":[0.0,-3.46834]},"82o":{"weight":1.0,"played":[1.0,0.0],"evs":[0.0,-3.34047]},"92o":{"weight":1.0,"played":[1.0,0.0],"evs":[0.0,-3.28056]},"T2o":{"weight":1.0,"played":[1.0,0.0],"evs":[0.0,-3.27678]},"J2o":{"weight":1.0,"played":[1.0,0.0],"evs":[0.0,-3.14751]},"Q2o":{"weight":1.0,"played":[1.0,0.0],"evs":[0.0,-2.9967]},"K2o":{"weight":1.0,"played":[1.0,0.0],"evs":[0.0,-2.84196]},"A2o":{"weight":1.0,"played":[1.0,0.0],"evs":[0.0,-2.49451]},"32s":{"weight":1.0,"played":[1.0,0.0],"evs":[0.0,-2.41351]},"33":{"weight":1.0,"played":[1.0,0.0],"evs":[0.0,-1.05076]},"43o":{"weight":1.0,"played":[1.0,0.0],"evs":[0.0,-2.80369]},"53o":{"weight":1.0,"played":[1.0,0.0],"evs":[0.0,-2.64599]},"63o":{"weight":1.0,"played":[1.0,0.0],"evs":[0.0,-2.86771]},"73o":{"weight":1.0,"played":[1.0,0.0],"evs":[0.0,-3.10341]},"83o":{"weight":1.0,"played":[1.0,0.0],"evs":[0.0,-3.28951]},"93o":{"weight":1.0,"played":[1.0,0.0],"evs":[0.0,-3.15978]},"T3o":{"weight":1.0,"played":[1.0,0.0],"evs":[0.0,-3.15936]},"J3o":{"weight":1.0,"played":[1.0,0.0],"evs":[0.0,-3.03656]},"Q3o":{"weight":1.0,"played":[1.0,0.0],"evs":[0.0,-2.87758]},"K3o":{"weight":1.0,"played":[1.0,0.0],"evs":[0.0,-2.72221]},"A3o":{"weight":1.0,"played":[1.0,0.0],"evs":[0.0,-2.33548]},"42s":{"weight":1.0,"played":[1.0,0.0],"evs":[0.0,-2.32155]},"43s":{"weight":1.0,"played":[1.0,0.0],"evs":[0.0,-1.96937]},"44":{"weight":1.0,"played":[1.0,0.0],"evs":[0.0,-0.64808]},"54o":{"weight":1.0,"played":[1.0,0.0],"evs":[0.0,-2.30358]},"64o":{"weight":1.0,"played":[1.0,0.0],"evs":[0.0,-2.49055]},"74o":{"weight":1.0,"played":[1.0,0.0],"evs":[0.0,-2.74172]},"84o":{"weight":1.0,"played":[1.0,0.0],"evs":[0.0,-2.92925]},"94o":{"weight":1.0,"played":[1.0,0.0],"evs":[0.0,-3.14053]},"T4o":{"weight":1.0,"played":[1.0,0.0],"evs":[0.0,-3.07623]},"J4o":{"weight":1.0,"played":[1.0,0.0],"evs":[0.0,-2.94398]},"Q4o":{"weight":1.0,"played":[1.0,0.0],"evs":[0.0,-2.77395]},"K4o":{"weight":1.0,"played":[1.0,0.0],"evs":[0.0,-2.62712]},"A4o":{"weight":1.0,"played":[1.0,0.0],"evs":[0.0,-2.15488]},"52s":{"weight":1.0,"played":[1.0,0.0],"evs":[0.0,-2.17494]},"53s":{"weight":1.0,"played":[1.0,0.0],"evs":[0.0,-1.81858]},"54s":{"weight":1.0,"played":[1.0,0.0],"evs":[0.0,-1.47404]},"55":{"weight":1.0,"played":[1.0,0.0],"evs":[0.0,-0.2085]},"65o":{"weight":1.0,"played":[1.0,0.0],"evs":[0.0,-2.12119]},"75o":{"weight":1.0,"played":[1.0,0.0],"evs":[0.0,-2.35282]},"85o":{"weight":1.0,"played":[1.0,0.0],"evs":[0.0,-2.54411]},"95o":{"weight":1.0,"played":[1.0,0.0],"evs":[0.0,-2.74379]},"T5o":{"weight":1.0,"played":[1.0,0.0],"evs":[0.0,-2.9665]},"J5o":{"weight":1.0,"played":[1.0,0.0],"evs":[0.0,-2.79692]},"Q5o":{"weight":1.0,"played":[1.0,0.0],"evs":[0.0,-2.63566]},"K5o":{"weight":1.0,"played":[1.0,0.0],"evs":[0.0,-2.47139]},"A5o":{"weight":1.0,"played":[1.0,0.0],"evs":[0.0,-1.94465]},"62s":{"weight":1.0,"played":[1.0,0.0],"evs":[0.0,-2.37551]},"63s":{"weight":1.0,"played":[1.0,0.0],"evs":[0.0,-2.0318]},"64s":{"weight":1.0,"played":[1.0,0.0],"evs":[0.0,-1.66485]},"65s":{"weight":1.0,"played":[1.0,0.0],"evs":[0.0,-1.31486]},"66":{"weight":1.0,"played":[0.0,1.0],"evs":[0.0,0.17803]},"76o":{"weight":1.0,"played":[1.0,0.0],"evs":[0.0,-2.03079]},"86o":{"weight":1.0,"played":[1.0,0.0],"evs":[0.0,-2.17581]},"96o":{"weight":1.0,"played":[1.0,0.0],"evs":[0.0,-2.37286]},"T6o":{"weight":1.0,"played":[1.0,0.0],"evs":[0.0,-2.61025]},"J6o":{"weight":1.0,"played":[1.0,0.0],"evs":[0.0,-2.72198]},"Q6o":{"weight":1.0,"played":[1.0,0.0],"evs":[0.0,-2.54411]},"K6o":{"weight":1.0,"played":[1.0,0.0],"evs":[0.0,-2.34047]},"A6o":{"weight":1.0,"played":[1.0,0.0],"evs":[0.0,-2.06498]},"72s":{"weight":1.0,"played":[1.0,0.0],"evs":[0.0,-2.57265]},"73s":{"weight":1.0,"played":[1.0,0.0],"evs":[0.0,-2.22799]},"74s":{"weight":1.0,"played":[1.0,0.0],"evs":[0.0,-1.88284]},"75s":{"weight":1.0,"played":[1.0,0.0],"evs":[0.0,-1.52301]},"76s":{"weight":1.0,"played":[1.0,0.0],"evs":[0.0,-1.22503]},"77":{"weight":1.0,"played":[0.0,1.0],"evs":[0.0,0.67388]},"87o":{"weight":1.0,"played":[1.0,0.0],"evs":[0.0,-1.91052]},"97o":{"weight":1.0,"played":[1.0,0.0],"evs":[0.0,-2.0617]},"T7o":{"weight":1.0,"played":[1.0,0.0],"evs":[0.0,-2.24273]},"J7o":{"weight":1.0,"played":[1.0,0.0],"evs":[0.0,-2.38934]},"Q7o":{"weight":1.0,"played":[1.0,0.0],"evs":[0.0,-2.47612]},"K7o":{"weight":1.0,"played":[1.0,0.0],"evs":[0.0,-2.23424]},"A7o":{"weight":1.0,"played":[1.0,0.0],"evs":[0.0,-1.72485]},"82s":{"weight":1.0,"played":[1.0,0.0],"evs":[0.0,-2.45328]},"83s":{"weight":1.0,"played":[1.0,0.0],"evs":[0.0,-2.40453]},"84s":{"weight":1.0,"played":[1.0,0.0],"evs":[0.0,-2.06317]},"85s":{"weight":1.0,"played":[1.0,0.0],"evs":[0.0,-1.70081]},"86s":{"weight":1.0,"played":[1.0,0.0],"evs":[0.0,-1.36499]},"87s":{"weight":1.0,"played":[1.0,0.0],"evs":[0.0,-1.10466]},"88":{"weight":1.0,"played":[0.0,1.0],"evs":[0.0,1.2271]},"98o":{"weight":1.0,"played":[1.0,0.0],"evs":[0.0,-1.77614]},"T8o":{"weight":1.0,"played":[1.0,0.0],"evs":[0.0,-1.92446]},"J8o":{"weight":1.0,"played":[1.0,0.0],"evs":[0.0,-2.0677]},"Q8o":{"weight":1.0,"played":[1.0,0.0],"evs":[0.0,-2.13185]},"K8o":{"weight":1.0,"played":[1.0,0.0],"evs":[0.0,-2.12571]},"A8o":{"weight":1.0,"played":[1.0,0.0],"evs":[0.0,-1.33805]},"92s":{"weight":1.0,"played":[1.0,0.0],"evs":[0.0,-2.37032]},"93s":{"weight":1.0,"played":[1.0,0.0],"evs":[0.0,-2.28345]},"94s":{"weight":1.0,"played":[1.0,0.0],"evs":[0.0,-2.25941]},"95s":{"weight":1.0,"played":[1.0,0.0],"evs":[0.0,-1.85915]},"96s":{"weight":1.0,"played":[1.0,0.0],"evs":[0.0,-1.54459]},"97s":{"weight":1.0,"played":[1.0,0.0],"evs":[0.0,-1.22382]},"98s":{"weight":1.0,"played":[1.0,0.0],"evs":[0.0,-0.96421]},"99":{"weight":1.0,"played":[0.0,1.0],"evs":[0.0,1.84411]},"T9o":{"weight":1.0,"played":[1.0,0.0],"evs":[0.0,-1.55329]},"J9o":{"weight":1.0,"played":[1.0,0.0],"evs":[0.0,-1.69009]},"Q9o":{"weight":1.0,"played":[1.0,0.0],"evs":[0.0,-1.75757]},"K9o":{"weight":1.0,"played":[1.0,0.0],"evs":[0.0,-1.75124]},"A9o":{"weight":1.0,"played":[1.0,0.0],"evs":[0.0,-0.93658]},"T2s":{"weight":1.0,"played":[1.0,0.0],"evs":[0.0,-2.37211]},"T3s":{"weight":1.0,"played":[1.0,0.0],"evs":[0.0,-2.24486]},"T4s":{"weight":1.0,"played":[1.0,0.0],"evs":[0.0,-2.15385]},"T5s":{"weight":1.0,"played":[1.0,0.0],"evs":[0.0,-2.10691]},"T6s":{"weight":1.0,"played":[1.0,0.0],"evs":[0.0,-1.72885]},"T7s":{"weight":1.0,"played":[1.0,0.0],"evs":[0.0,-1.39284]},"T8s":{"weight":1.0,"played":[1.0,0.0],"evs":[0.0,-1.11035]},"T9s":{"weight":1.0,"played":[1.0,0.0],"evs":[0.0,-0.78437]},"TT":{"weight":1.0,"played":[0.0,1.0],"evs":[0.0,2.70133]},"JTo":{"weight":1.0,"played":[1.0,0.0],"evs":[0.0,-1.3144]},"QTo":{"weight":1.0,"played":[1.0,0.0],"evs":[0.0,-1.33993]},"KTo":{"weight":1.0,"played":[1.0,0.0],"evs":[0.0,-1.1801]},"ATo":{"weight":1.0,"played":[0.9985,0.0015],"evs":[0.0,-0.0702]},"J2s":{"weight":1.0,"played":[1.0,0.0],"evs":[0.0,-2.24068]},"J3s":{"weight":1.0,"played":[1.0,0.0],"evs":[0.0,-2.12358]},"J4s":{"weight":1.0,"played":[1.0,0.0],"evs":[0.0,-2.07712]},"J5s":{"weight":1.0,"played":[1.0,0.0],"evs":[0.0,-1.92217]},"J6s":{"weight":1.0,"played":[1.0,0.0],"evs":[0.0,-1.83534]},"J7s":{"weight":1.0,"played":[1.0,0.0],"evs":[0.0,-1.53945]},"J8s":{"weight":1.0,"played":[1.0,0.0],"evs":[0.0,-1.20507]},"J9s":{"weight":1.0,"played":[1.0,0.0],"evs":[0.0,-0.88663]},"JTs":{"weight":1.0,"played":[1.0,0.0],"evs":[0.0,-0.52823]},"JJ":{"weight":1.0,"played":[0.0,1.0],"evs":[0.0,3.7251]},"QJo":{"weight":1.0,"played":[1.0,0.0],"evs":[0.0,-1.04126]},"KJo":{"weight":1.0,"played":[1.0,0.0],"evs":[0.0,-0.81216]},"AJo":{"weight":1.0,"played":[0.0,1.0],"evs":[0.0,0.54295]},"Q2s":{"weight":1.0,"played":[1.0,0.0],"evs":[0.0,-2.10328]},"Q3s":{"weight":1.0,"played":[1.0,0.0],"evs":[0.0,-1.97382]},"Q4s":{"weight":1.0,"played":[1.0,0.0],"evs":[0.0,-1.87639]},"Q5s":{"weight":1.0,"played":[1.0,0.0],"evs":[0.0,-1.74879]},"Q6s":{"weight":1.0,"played":[1.0,0.0],"evs":[0.0,-1.65149]},"Q7s":{"weight":1.0,"played":[1.0,0.0],"evs":[0.0,-1.61798]},"Q8s":{"weight":1.0,"played":[1.0,0.0],"evs":[0.0,-1.27056]},"Q9s":{"weight":1.0,"played":[1.0,0.0],"evs":[0.0,-0.88853]},"QTs":{"weight":1.0,"played":[1.0,0.0],"evs":[0.0,-0.54945]},"QJs":{"weight":1.0,"played":[1.0,0.0],"evs":[0.0,-0.26628]},"QQ":{"weight":1.0,"played":[0.0,1.0],"evs":[0.0,4.80445]},"KQo":{"weight":1.0,"played":[1.0,0.0],"evs":[0.0,-0.40346]},"AQo":{"weight":1.0,"played":[0.0,1.0],"evs":[0.0,1.14741]},"K2s":{"weight":1.0,"played":[1.0,0.0],"evs":[0.0,-1.91384]},"K3s":{"weight":1.0,"played":[1.0,0.0],"evs":[0.0,-1.80827]},"K4s":{"weight":1.0,"played":[1.0,0.0],"evs":[0.0,-1.73592]},"K5s":{"weight":1.0,"played":[1.0,0.0],"evs":[0.0,-1.58365]},"K6s":{"weight":1.0,"played":[1.0,0.0],"evs":[0.0,-1.452]},"K7s":{"weight":1.0,"played":[1.0,0.0],"evs":[0.0,-1.35306]},"K8s":{"weight":1.0,"played":[1.0,0.0],"evs":[0.0,-1.26814]},"K9s":{"weight":1.0,"played":[1.0,0.0],"evs":[0.0,-0.89365]},"KTs":{"weight":1.0,"played":[1.0,0.0],"evs":[0.0,-0.36267]},"KJs":{"weight":1.0,"played":[0.6688,0.3312],"evs":[0.0,0.00141]},"KQs":{"weight":1.0,"played":[0.0,1.0],"evs":[0.0,0.38763]},"KK":{"weight":1.0,"played":[0.0,1.0],"evs":[0.0,6.19125]},"AKo":{"weight":1.0,"played":[0.0,1.0],"evs":[0.0,1.89744]},"A2s":{"weight":1.0,"played":[1.0,0.0],"evs":[0.0,-1.52631]},"A3s":{"weight":1.0,"played":[1.0,0.0],"evs":[0.0,-1.39916]},"A4s":{"weight":1.0,"played":[1.0,0.0],"evs":[0.0,-1.22216]},"A5s":{"weight":1.0,"played":[1.0,0.0],"evs":[0.0,-1.00166]},"A6s":{"weight":1.0,"played":[1.0,0.0],"evs":[0.0,-1.12153]},"A7s":{"weight":1.0,"played":[1.0,0.0],"evs":[0.0,-0.81359]},"A8s":{"weight":1.0,"played":[1.0,0.0],"evs":[0.0,-0.47242]},"A9s":{"weight":1.0,"played":[0.9977,0.0023],"evs":[0.0,-0.08793]},"ATs":{"weight":1.0,"played":[0.0,1.0],"evs":[0.0,0.70009]},"AJs":{"weight":1.0,"played":[0.0,1.0],"evs":[0.0,1.31216]},"AQs":{"weight":1.0,"played":[0.0,1.0],"evs":[0.0,1.92127]},"AKs":{"weight":1.0,"played":[0.0,1.0],"evs":[0.0,2.51442]},"AA":{"weight":1.0,"played":[0.0,1.0],"evs":[0.0,8.8932]}}}