{"player":4,"street":0,"children":2,"sequence":[{"player":0,"type":"F","amount":0,"street":0},{"player":1,"type":"F","amount":0,"street":0},{"player":2,"type":"F","amount":0,"street":0},{"player":3,"type":"R","amount":2055000,"street":0}],"actions":[{"type":"F","amount":0},{"type":"C","amount":1955000}],"hands":{"22":{"weight":1.0,"played":[0.0011,0.9989],"evs":[0.0,0.36026]},"32o":{"weight":1.0,"played":[1.0,0.0],"evs":[0.0,-9.03042]},"42o":{"weight":1.0,"played":[1.0,0.0],"evs":[0.0,-8.63481]},"52o":{"weight":1.0,"played":[1.0,0.0],"evs":[0.0,-8.26367]},"62o":{"weight":1.0,"played":[1.0,0.0],"evs":[0.0,-8.84479]},"72o":{"weight":1.0,"played":[1.0,0.0],"evs":[0.0,-9.05095]},"82o":{"weight":1.0,"played":[1.0,0.0],"evs":[0.0,-8.20792]},"92o":{"weight":1.0,"played":[1.0,0.0],"evs":[0.0,-7.19497]},"T2o":{"weight":1.0,"played":[1.0,0.0],"evs":[0.0,-5.71778]},"J2o":{"weight":1.0,"played":[1.0,0.0],"evs":[0.0,-5.54795]},"Q2o":{"weight":1.0,"played":[1.0,0.0],"evs":[0.0,-5.25877]},"K2o":{"weight":1.0,"played":[1.0,0.0],"evs":[0.0,-4.62536]},"A2o":{"weight":1.0,"played":[1.0,0.0],"evs":[0.0,-1.74254]},"32s":{"weight":1.0,"played":[1.0,0.0],"evs":[0.0,-7.06069]},"33":{"weight":1.0,"played":[0.0,1.0],"evs":[0.0,1.99329]},"43o":{"weight":1.0,"played":[1.0,0.0],"evs":[0.0,-7.67125]},"53o":{"weight":1.0,"played":[1.0,0.0],"evs":[0.0,-7.23098]},"63o":{"weight":1.0,"played":[1.0,0.0],"evs":[0.0,-7.87623]},"73o":{"weight":1.0,"played":[1.0,0.0],"evs":[0.0,-8.04653]},"83o":{"weight":1.0,"played":[1.0,0.0],"evs":[0.0,-7.96421]},"93o":{"weight":1.0,"played":[1.0,0.0],"evs":[0.0,-6.73049]},"T3o":{"weight":1.0,"played":[1.0,0.0],"evs":[0.0,-5.44501]},"J3o":{"weight":1.0,"played":[1.0,0.0],"evs":[0.0,-5.23832]},"Q3o":{"weight":1.0,"played":[1.0,0.0],"evs":[0.0,-4.83788]},"K3o":{"weight":1.0,"played":[1.0,0.0],"evs":[0.0,-4.15248]},"A3o":{"weight":1.0,"played":[0.9998,2.0E-4],"evs":[0.0,-1.13148]},"42s":{"weight":1.0,"played":[1.0,0.0],"evs":[0.0,-6.82888]},"43s":{"weight":1.0,"played":[1.0,0.0],"evs":[0.0,-5.68776]},"44":{"weight":1.0,"played":[0.0,1.0],"evs":[0.0,3.58626]},"54o":{"weight":1.0,"played":[1.0,0.0],"evs":[0.0,-6.28552]},"64o":{"weight":1.0,"played":[1.0,0.0],"evs":[0.0,-6.96689]},"74o":{"weight":1.0,"played":[1.0,0.0],"evs":[0.0,-7.0952]},"84o":{"weight":1.0,"played":[1.0,0.0],"evs":[0.0,-7.1403]},"94o":{"weight":1.0,"played":[1.0,0.0],"evs":[0.0,-6.51525]},"T4o":{"weight":1.0,"played":[1.0,0.0],"evs":[0.0,-4.90065]},"J4o":{"weight":1.0,"played":[1.0,0.0],"evs":[0.0,-4.84866]},"Q4o":{"weight":1.0,"played":[1.0,0.0],"evs":[0.0,-4.4673]},"K4o":{"weight":1.0,"played":[1.0,0.0],"evs":[0.0,-3.73101]},"A4o":{"weight":1.0,"played":[0.9999,1.0E-4],"evs":[0.0,-0.61474]},"52s":{"weight":1.0,"played":[1.0,0.0],"evs":[0.0,-6.37255]},"53s":{"weight":1.0,"played":[1.0,0.0],"evs":[0.0,-5.32242]},"54s":{"weight":1.0,"played":[1.0,0.0],"evs":[0.0,-4.62254]},"55":{"weight":1.0,"played":[0.0,1.0],"evs":[0.0,4.88644]},"65o":{"weight":1.0,"played":[1.0,0.0],"evs":[0.0,-5.88961]},"75o":{"weight":1.0,"played":[1.0,0.0],"evs":[0.0,-6.12703]},"85o":{"weight":1.0,"played":[1.0,0.0],"evs":[0.0,-6.10948]},"95o":{"weight":1.0,"played":[1.0,0.0],"evs":[0.0,-5.5744]},"T5o":{"weight":1.0,"played":[1.0,0.0],"evs":[0.0,-4.70663]},"J5o":{"weight":1.0,"played":[1.0,0.0],"evs":[0.0,-4.45627]},"Q5o":{"weight":1.0,"played":[1.0,0.0],"evs":[0.0,-4.06]},"K5o":{"weight":1.0,"played":[1.0,0.0],"evs":[0.0,-3.32585]},"A5o":{"weight":1.0,"played":[0.0177,0.9823],"evs":[0.0,0.14886]},"62s":{"weight":1.0,"played":[1.0,0.0],"evs":[0.0,-6.81959]},"63s":{"weight":1.0,"played":[1.0,0.0],"evs":[0.0,-6.06567]},"64s":{"weight":1.0,"played":[1.0,0.0],"evs":[0.0,-5.055]},"65s":{"weight":1.0,"played":[1.0,0.0],"evs":[0.0,-4.17649]},"66":{"weight":1.0,"played":[0.0,1.0],"evs":[0.0,5.84367]},"76o":{"weight":1.0,"played":[1.0,0.0],"evs":[0.0,-5.48314]},"86o":{"weight":1.0,"played":[1.0,0.0],"evs":[0.0,-5.23113]},"96o":{"weight":1.0,"played":[1.0,0.0],"evs":[0.0,-4.66666]},"T6o":{"weight":1.0,"played":[1.0,0.0],"evs":[0.0,-3.91039]},"J6o":{"weight":1.0,"played":[1.0,0.0],"evs":[0.0,-4.05133]},"Q6o":{"weight":1.0,"played":[1.0,0.0],"evs":[0.0,-3.60245]},"K6o":{"weight":1.0,"played":[1.0,0.0],"evs":[0.0,-2.87224]},"A6o":{"weight":1.0,"played":[0.0,1.0],"evs":[0.0,0.86727]},"72s":{"weight":1.0,"played":[1.0,0.0],"evs":[0.0,-7.14729]},"73s":{"weight":1.0,"played":[1.0,0.0],"evs":[0.0,-6.2399]},"74s":{"weight":1.0,"played":[1.0,0.0],"evs":[0.0,-5.33039]},"75s":{"weight":1.0,"played":[1.0,0.0],"evs":[0.0,-4.41668]},"76s":{"weight":1.0,"played":[1.0,0.0],"evs":[0.0,-3.65044]},"77":{"weight":1.0,"played":[0.0,1.0],"evs":[0.0,7.28969]},"87o":{"weight":1.0,"played":[1.0,0.0],"evs":[0.0,-4.25107]},"97o":{"weight":1.0,"played":[1.0,0.0],"evs":[0.0,-3.65109]},"T7o":{"weight":1.0,"played":[1.0,0.0],"evs":[0.0,-2.81778]},"J7o":{"weight":1.0,"played":[1.0,0.0],"evs":[0.0,-3.10247]},"Q7o":{"weight":1.0,"played":[1.0,0.0],"evs":[0.0,-3.39581]},"K7o":{"weight":1.0,"played":[1.0,0.0],"evs":[0.0,-2.34043]},"A7o":{"weight":1.0,"played":[0.0,1.0],"evs":[0.0,2.44885]},"82s":{"weight":1.0,"played":[1.0,0.0],"evs":[0.0,-6.36136]},"83s":{"weight":1.0,"played":[1.0,0.0],"evs":[0.0,-5.94896]},"84s":{"weight":1.0,"played":[1.0,0.0],"evs":[0.0,-5.23361]},"85s":{"weight":1.0,"played":[1.0,0.0],"evs":[0.0,-4.38513]},"86s":{"weight":1.0,"played":[1.0,0.0],"evs":[0.0,-3.51037]},"87s":{"weight":1.0,"played":[1.0,0.0],"evs":[0.0,-2.58457]},"88":{"weight":1.0,"played":[0.0,1.0],"evs":[0.0,9.06241]},"98o":{"weight":1.0,"played":[1.0,0.0],"evs":[0.0,-2.43921]},"T8o":{"weight":1.0,"played":[1.0,0.0],"evs":[0.0,-1.74428]},"J8o":{"weight":1.0,"played":[1.0,0.0],"evs":[0.0,-2.12768]},"Q8o":{"weight":1.0,"played":[1.0,0.0],"evs":[0.0,-2.20235]},"K8o":{"weight":1.0,"played":[1.0,0.0],"evs":[0.0,-1.95896]},"A8o":{"weight":1.0,"played":[0.0,1.0],"evs":[0.0,4.34657]},"92s":{"weight":1.0,"played":[1.0,0.0],"evs":[0.0,-5.23267]},"93s":{"weight":1.0,"played":[1.0,0.0],"evs":[0.0,-4.94289]},"94s":{"weight":1.0,"played":[1.0,0.0],"evs":[0.0,-4.74111]},"95s":{"weight":1.0,"played":[1.0,0.0],"evs":[0.0,-3.81298]},"96s":{"weight":1.0,"played":[1.0,0.0],"evs":[0.0,-2.86709]},"97s":{"weight":1.0,"played":[1.0,0.0],"evs":[0.0,-1.89592]},"98s":{"weight":1.0,"played":[1.0,0.0],"evs":[0.0,-0.72748]},"99":{"weight":1.0,"played":[0.0,1.0],"evs":[0.0,10.44329]},"T9o":{"weight":1.0,"played":[1.0,0.0],"evs":[0.0,-1.01502]},"J9o":{"weight":1.0,"played":[1.0,0.0],"evs":[0.0,-1.3066]},"Q9o":{"weight":1.0,"played":[1.0,0.0],"evs":[0.0,-1.52998]},"K9o":{"weight":1.0,"played":[0.9999,1.0E-4],"evs":[0.0,-1.11738]},"A9o":{"weight":1.0,"played":[0.0,1.0],"evs":[0.0,6.12021]},"T2s":{"weight":1.0,"played":[1.0,0.0],"evs":[0.0,-3.94297]},"T3s":{"weight":1.0,"played":[1.0,0.0],"evs":[0.0,-3.65195]},"T4s":{"weight":1.0,"played":[1.0,0.0],"evs":[0.0,-3.25332]},"T5s":{"weight":1.0,"played":[1.0,0.0],"evs":[0.0,-3.00617]},"T6s":{"weight":1.0,"played":[1.0,0.0],"evs":[0.0,-2.11384]},"T7s":{"weight":1.0,"played":[1.0,0.0],"evs":[0.0,-1.19346]},"T8s":{"weight":1.0,"played":[0.9999,1.0E-4],"evs":[0.0,-0.43982]},"T9s":{"weight":1.0,"played":[0.0199,0.9801],"evs":[0.0,0.52309]},"TT":{"weight":1.0,"played":[0.0,1.0],"evs":[0.0,11.69865]},"JTo":{"weight":1.0,"played":[0.8106,0.1894],"evs":[0.0,-0.13239]},"QTo":{"weight":1.0,"played":[0.9719,0.0281],"evs":[0.0,-0.27562]},"KTo":{"weight":1.0,"played":[0.5078,0.4922],"evs":[0.0,0.01518]},"ATo":{"weight":1.0,"played":[0.0,1.0],"evs":[0.0,7.90825]},"J2s":{"weight":1.0,"played":[1.0,0.0],"evs":[0.0,-3.703]},"J3s":{"weight":1.0,"played":[1.0,0.0],"evs":[0.0,-3.43836]},"J4s":{"weight":1.0,"played":[1.0,0.0],"evs":[0.0,-3.16533]},"J5s":{"weight":1.0,"played":[1.0,0.0],"evs":[0.0,-2.63195]},"J6s":{"weight":1.0,"played":[1.0,0.0],"evs":[0.0,-2.48447]},"J7s":{"weight":1.0,"played":[1.0,0.0],"evs":[0.0,-1.50309]},"J8s":{"weight":1.0,"played":[1.0,0.0],"evs":[0.0,-0.48326]},"J9s":{"weight":1.0,"played":[0.0506,0.9494],"evs":[0.0,0.33394]},"JTs":{"weight":1.0,"played":[0.0,1.0],"evs":[0.0,1.32047]},"JJ":{"weight":1.0,"played":[0.0,1.0],"evs":[0.0,12.27567]},"QJo":{"weight":1.0,"played":[0.4488,0.5512],"evs":[0.0,-0.01523]},"KJo":{"weight":1.0,"played":[0.0132,0.9868],"evs":[0.0,0.05294]},"AJo":{"weight":1.0,"played":[0.0,1.0],"evs":[0.0,9.24649]},"Q2s":{"weight":1.0,"played":[1.0,0.0],"evs":[0.0,-3.50472]},"Q3s":{"weight":1.0,"played":[1.0,0.0],"evs":[0.0,-3.09665]},"Q4s":{"weight":1.0,"played":[1.0,0.0],"evs":[0.0,-2.72947]},"Q5s":{"weight":1.0,"played":[1.0,0.0],"evs":[0.0,-2.3394]},"Q6s":{"weight":1.0,"played":[1.0,0.0],"evs":[0.0,-1.91766]},"Q7s":{"weight":1.0,"played":[1.0,0.0],"evs":[0.0,-1.74501]},"Q8s":{"weight":1.0,"played":[0.9991,9.0E-4],"evs":[0.0,-0.80152]},"Q9s":{"weight":1.0,"played":[0.1154,0.8846],"evs":[0.0,0.13014]},"QTs":{"weight":1.0,"played":[0.0,1.0],"evs":[0.0,1.23763]},"QJs":{"weight":1.0,"played":[0.0,1.0],"evs":[0.0,1.42272]},"QQ":{"weight":1.0,"played":[0.0,1.0],"evs":[0.0,12.80601]},"KQo":{"weight":1.0,"played":[0.0,1.0],"evs":[0.0,0.81026]},"AQo":{"weight":1.0,"played":[0.0,1.0],"evs":[0.0,10.4395]},"K2s":{"weight":1.0,"played":[1.0,0.0],"evs":[0.0,-2.64814]},"K3s":{"weight":1.0,"played":[1.0,0.0],"evs":[0.0,-2.37465]},"K4s":{"weight":1.0,"played":[1.0,0.0],"evs":[0.0,-2.09241]},"K5s":{"weight":1.0,"played":[1.0,0.0],"evs":[0.0,-1.6106]},"K6s":{"weight":1.0,"played":[0.9999,1.0E-4],"evs":[0.0,-1.07156]},"K7s":{"weight":1.0,"played":[0.9999,1.0E-4],"evs":[0.0,-0.88792]},"K8s":{"weight":1.0,"played":[0.9984,0.0016],"evs":[0.0,-0.2546]},"K9s":{"weight":1.0,"played":[0.0018,0.9982],"evs":[0.0,0.24951]},"KTs":{"weight":1.0,"played":[0.0,1.0],"evs":[0.0,1.41953]},"KJs":{"weight":1.0,"played":[0.0,1.0],"evs":[0.0,1.34847]},"KQs":{"weight":1.0,"played":[0.0,1.0],"evs":[0.0,2.11638]},"KK":{"weight":1.0,"played":[0.0,1.0],"evs":[0.0,13.16961]},"AKo":{"weight":1.0,"played":[0.0,1.0],"evs":[0.0,10.68281]},"A2s":{"weight":1.0,"played":[0.7803,0.2197],"evs":[0.0,-0.13961]},"A3s":{"weight":1.0,"played":[0.0082,0.9918],"evs":[0.0,0.35702]},"A4s":{"weight":1.0,"played":[0.0,1.0],"evs":[0.0,0.82254]},"A5s":{"weight":1.0,"played":[0.0,1.0],"evs":[0.0,1.44289]},"A6s":{"weight":1.0,"played":[0.0,1.0],"evs":[0.0,2.28454]},"A7s":{"weight":1.0,"played":[0.0,1.0],"evs":[0.0,3.56426]},"A8s":{"weight":1.0,"played":[0.0,1.0],"evs":[0.0,5.4171]},"A9s":{"weight":1.0,"played":[0.0,1.0],"evs":[0.0,7.13399]},"ATs":{"weight":1.0,"played":[0.0,1.0],"evs":[0.0,8.85517]},"AJs":{"weight":1.0,"played":[0.0,1.0],"evs":[0.0,10.2801]},"AQs":{"weight":1.0,"played":[0.0,1.0],"evs":[0.0,11.10753]},"AKs":{"weight":1.0,"played":[0.0,1.0],"evs":[0.0,11.27388]},"AA":{"weight":1.0,"played":[0.0,1.0],"evs":[0.0,19.72387]}}}