{"player":4,"street":0,"children":3,"sequence":[{"player":0,"type":"R","amount":200000,"street":0},{"player":1,"type":"C","amount":200000,"street":0},{"player":2,"type":"C","amount":200000,"street":0},{"player":3,"type":"F","amount":0,"street":0}],"actions":[{"type":"F","amount":0},{"type":"C","amount":100000},{"type":"R","amount":1995000,"node":105}],"hands":{"22":{"weight":1.0,"played":[0.0,0.9776,0.0224],"evs":[0.0,2.02901,1.19309]},"32o":{"weight":1.0,"played":[0.6268,0.3732,0.0],"evs":[0.0,0.03401,-4.92857]},"42o":{"weight":1.0,"played":[0.9459,0.0541,0.0],"evs":[0.0,0.01498,-4.74026]},"52o":{"weight":1.0,"played":[0.2169,0.7831,0.0],"evs":[0.0,0.17356,-3.85181]},"62o":{"weight":1.0,"played":[0.8912,0.1088,0.0],"evs":[0.0,0.03978,-4.20953]},"72o":{"weight":1.0,"played":[1.0,0.0,0.0],"evs":[0.0,-0.1766,-4.90439]},"82o":{"weight":1.0,"played":[1.0,0.0,0.0],"evs":[0.0,-0.12424,-4.59037]},"92o":{"weight":1.0,"played":[1.0,0.0,0.0],"evs":[0.0,-0.40933,-4.85315]},"T2o":{"weight":1.0,"played":[0.9993,7.0E-4,0.0],"evs":[0.0,-0.46013,-4.70249]},"J2o":{"weight":1.0,"played":[1.0,0.0,0.0],"evs":[0.0,-0.35322,-4.5456]},"Q2o":{"weight":1.0,"played":[0.3813,0.6187,0.0],"evs":[0.0,0.1079,-3.72046]},"K2o":{"weight":1.0,"played":[0.3538,0.6461,0.0],"evs":[0.0,0.03589,-3.47308]},"A2o":{"weight":1.0,"played":[0.0458,0.9542,0.0],"evs":[0.0,0.50075,-1.05942]},"32s":{"weight":1.0,"played":[0.0025,0.9973,2.0E-4],"evs":[0.0,0.64183,-3.00982]},"33":{"weight":1.0,"played":[7.0E-4,0.6371,0.3622],"evs":[0.0,1.85618,1.4287]},"43o":{"weight":1.0,"played":[0.1257,0.8743,0.0],"evs":[0.0,0.23384,-4.03362]},"53o":{"weight":1.0,"played":[0.2255,0.7745,0.0],"evs":[0.0,0.29069,-3.43659]},"63o":{"weight":1.0,"played":[0.1225,0.8775,0.0],"evs":[0.0,0.09839,-3.89638]},"73o":{"weight":1.0,"played":[1.0,0.0,0.0],"evs":[0.0,-0.20766,-4.38015]},"83o":{"weight":1.0,"played":[0.9998,2.0E-4,0.0],"evs":[0.0,-0.13783,-4.59751]},"93o":{"weight":1.0,"played":[0.9998,2.0E-4,0.0],"evs":[0.0,-0.32191,-4.90345]},"T3o":{"weight":1.0,"played":[1.0,0.0,0.0],"evs":[0.0,-0.14307,-4.43593]},"J3o":{"weight":1.0,"played":[1.0,0.0,0.0],"evs":[0.0,-0.36197,-5.0636]},"Q3o":{"weight":1.0,"played":[0.5405,0.4595,0.0],"evs":[0.0,0.05917,-3.80961]},"K3o":{"weight":1.0,"played":[0.3615,0.6385,0.0],"evs":[0.0,0.04102,-3.43596]},"A3o":{"weight":1.0,"played":[0.0073,0.9924,2.0E-4],"evs":[0.0,0.5734,-0.77083]},"42s":{"weight":1.0,"played":[0.0909,0.9087,4.0E-4],"evs":[0.0,0.54106,-2.67599]},"43s":{"weight":1.0,"played":[0.0187,0.9807,6.0E-4],"evs":[0.0,1.05549,-1.83457]},"44":{"weight":1.0,"played":[0.0,0.3481,0.6519],"evs":[0.0,1.79766,2.25116]},"54o":{"weight":1.0,"played":[0.0588,0.9412,0.0],"evs":[0.0,0.6006,-2.20138]},"64o":{"weight":1.0,"played":[0.0159,0.9841,0.0],"evs":[0.0,0.53279,-2.79182]},"74o":{"weight":1.0,"played":[0.4006,0.5994,0.0],"evs":[0.0,0.11932,-3.15701]},"84o":{"weight":1.0,"played":[0.9071,0.0929,0.0],"evs":[0.0,0.01457,-3.55449]},"94o":{"weight":1.0,"played":[1.0,0.0,0.0],"evs":[0.0,-0.22797,-4.98569]},"T4o":{"weight":1.0,"played":[0.9996,4.0E-4,0.0],"evs":[0.0,-0.4272,-4.69554]},"J4o":{"weight":1.0,"played":[0.9997,3.0E-4,0.0],"evs":[0.0,-0.48671,-4.84179]},"Q4o":{"weight":1.0,"played":[0.3101,0.6899,0.0],"evs":[0.0,0.21617,-3.47564]},"K4o":{"weight":1.0,"played":[0.0915,0.9085,0.0],"evs":[0.0,0.19374,-2.82789]},"A4o":{"weight":1.0,"played":[0.0085,0.9906,9.0E-4],"evs":[0.0,0.61105,0.01876]},"52s":{"weight":1.0,"played":[0.083,0.9168,2.0E-4],"evs":[0.0,0.77939,-2.08355]},"53s":{"weight":1.0,"played":[0.0401,0.9598,1.0E-4],"evs":[0.0,0.83684,-1.45048]},"54s":{"weight":1.0,"played":[0.0042,0.994,0.0018],"evs":[0.0,1.18646,-1.06821]},"55":{"weight":1.0,"played":[0.0,0.0,0.9999],"evs":[0.0,2.13458,4.12666]},"65o":{"weight":1.0,"played":[0.0024,0.9976,0.0],"evs":[0.0,0.79386,-1.49884]},"75o":{"weight":1.0,"played":[0.0773,0.9227,0.0],"evs":[0.0,0.41538,-1.89824]},"85o":{"weight":1.0,"played":[0.1508,0.8492,0.0],"evs":[0.0,0.23496,-2.6187]},"95o":{"weight":1.0,"played":[1.0,0.0,0.0],"evs":[0.0,-0.21914,-4.08102]},"T5o":{"weight":1.0,"played":[1.0,0.0,0.0],"evs":[0.0,-0.32368,-3.99001]},"J5o":{"weight":1.0,"played":[0.9859,0.0141,0.0],"evs":[0.0,-0.26889,-3.93069]},"Q5o":{"weight":1.0,"played":[0.3018,0.6982,0.0],"evs":[0.0,0.22166,-2.86407]},"K5o":{"weight":1.0,"played":[0.3437,0.6563,0.0],"evs":[0.0,0.0518,-2.46682]},"A5o":{"weight":1.0,"played":[0.0347,0.6178,0.3476],"evs":[0.0,0.44461,0.25733]},"62s":{"weight":1.0,"played":[0.092,0.908,0.0],"evs":[0.0,0.35686,-2.55291]},"63s":{"weight":1.0,"played":[0.0533,0.9467,0.0],"evs":[0.0,0.84861,-1.86574]},"64s":{"weight":1.0,"played":[0.0012,0.9988,0.0],"evs":[0.0,0.89876,-1.23142]},"65s":{"weight":1.0,"played":[0.0011,0.9749,0.024],"evs":[0.0,1.47683,0.25049]},"66":{"weight":1.0,"played":[0.0,0.0,1.0],"evs":[0.0,2.4359,6.37836]},"76o":{"weight":1.0,"played":[0.0256,0.9743,1.0E-4],"evs":[0.0,0.41139,-1.66859]},"86o":{"weight":1.0,"played":[0.0813,0.9187,0.0],"evs":[0.0,0.53821,-1.79183]},"96o":{"weight":1.0,"played":[0.3943,0.6057,0.0],"evs":[0.0,0.15592,-2.65721]},"T6o":{"weight":1.0,"played":[0.9974,0.0026,0.0],"evs":[0.0,-0.10685,-3.30664]},"J6o":{"weight":1.0,"played":[1.0,0.0,0.0],"evs":[0.0,-0.20554,-3.476]},"Q6o":{"weight":1.0,"played":[0.0138,0.9862,0.0],"evs":[0.0,0.24347,-2.30848]},"K6o":{"weight":1.0,"played":[0.0039,0.9961,0.0],"evs":[0.0,0.26695,-2.15503]},"A6o":{"weight":1.0,"played":[0.0168,0.983,3.0E-4],"evs":[0.0,0.75995,0.47318]},"72s":{"weight":1.0,"played":[0.0511,0.9488,0.0],"evs":[0.0,0.28071,-2.33984]},"73s":{"weight":1.0,"played":[0.091,0.9089,1.0E-4],"evs":[0.0,0.67502,-2.56835]},"74s":{"weight":1.0,"played":[9.0E-4,0.999,1.0E-4],"evs":[0.0,0.49549,-1.74736]},"75s":{"weight":1.0,"played":[0.0011,0.987,0.0119],"evs":[0.0,0.85453,-0.6296]},"76s":{"weight":1.0,"played":[0.001,0.97,0.029],"evs":[0.0,1.68381,0.8474]},"77":{"weight":1.0,"played":[0.0,0.0,0.9999],"evs":[0.0,2.46283,6.43774]},"87o":{"weight":1.0,"played":[0.0107,0.9892,1.0E-4],"evs":[0.0,0.57141,-1.07216]},"97o":{"weight":1.0,"played":[0.0571,0.9429,0.0],"evs":[0.0,0.17001,-2.05838]},"T7o":{"weight":1.0,"played":[0.3142,0.6858,0.0],"evs":[0.0,0.03408,-2.32666]},"J7o":{"weight":1.0,"played":[0.9182,0.0818,0.0],"evs":[0.0,-0.04536,-2.61743]},"Q7o":{"weight":1.0,"played":[0.1871,0.8129,0.0],"evs":[0.0,0.30395,-2.4546]},"K7o":{"weight":1.0,"played":[0.0149,0.9851,0.0],"evs":[0.0,0.36057,-1.4652]},"A7o":{"weight":1.0,"played":[9.0E-4,0.3817,0.6174],"evs":[0.0,0.60425,0.73992]},"82s":{"weight":1.0,"played":[0.0726,0.9264,9.0E-4],"evs":[0.0,0.65827,-2.7484]},"83s":{"weight":1.0,"played":[0.139,0.8609,1.0E-4],"evs":[0.0,0.47565,-2.65968]},"84s":{"weight":1.0,"played":[0.1229,0.8771,1.0E-4],"evs":[0.0,0.72619,-1.51366]},"85s":{"weight":1.0,"played":[0.0036,0.9926,0.0039],"evs":[0.0,0.88052,-0.96179]},"86s":{"weight":1.0,"played":[0.0062,0.9821,0.0117],"evs":[0.0,1.26516,0.39224]},"87s":{"weight":1.0,"played":[0.0019,0.9669,0.0312],"evs":[0.0,1.81898,1.63192]},"88":{"weight":1.0,"played":[0.0,0.0,1.0],"evs":[0.0,2.87304,7.7764]},"98o":{"weight":1.0,"played":[0.1192,0.8807,1.0E-4],"evs":[0.0,0.58169,-1.16423]},"T8o":{"weight":1.0,"played":[0.1269,0.8731,0.0],"evs":[0.0,0.25299,-1.85732]},"J8o":{"weight":1.0,"played":[0.5424,0.4576,0.0],"evs":[0.0,0.01296,-2.40905]},"Q8o":{"weight":1.0,"played":[0.0142,0.9858,0.0],"evs":[0.0,0.56363,-1.80815]},"K8o":{"weight":1.0,"played":[0.0122,0.9878,0.0],"evs":[0.0,0.37114,-1.48162]},"A8o":{"weight":1.0,"played":[0.0,0.5969,0.4031],"evs":[0.0,1.02867,0.81503]},"92s":{"weight":1.0,"played":[0.006,0.9939,0.0],"evs":[0.0,0.47531,-3.08267]},"93s":{"weight":1.0,"played":[0.1284,0.8716,0.0],"evs":[0.0,0.10604,-3.16879]},"94s":{"weight":1.0,"played":[0.361,0.639,0.0],"evs":[0.0,0.26841,-3.05754]},"95s":{"weight":1.0,"played":[0.1786,0.8214,0.0],"evs":[0.0,0.59038,-1.42677]},"96s":{"weight":1.0,"played":[0.0102,0.9892,5.0E-4],"evs":[0.0,0.65446,-0.94769]},"97s":{"weight":1.0,"played":[0.0034,0.976,0.0207],"evs":[0.0,1.25342,-0.17352]},"98s":{"weight":1.0,"played":[0.0057,0.8258,0.1686],"evs":[0.0,1.26062,0.79349]},"99":{"weight":1.0,"played":[0.0,0.0,1.0],"evs":[0.0,3.09743,8.98134]},"T9o":{"weight":1.0,"played":[0.0085,0.9915,0.0],"evs":[0.0,0.31861,-1.35699]},"J9o":{"weight":1.0,"played":[0.0018,0.9982,0.0],"evs":[0.0,0.06338,-2.29699]},"Q9o":{"weight":1.0,"played":[6.0E-4,0.9993,1.0E-4],"evs":[0.0,0.48494,-1.92855]},"K9o":{"weight":1.0,"played":[0.0275,0.9724,1.0E-4],"evs":[0.0,0.40712,-1.45431]},"A9o":{"weight":1.0,"played":[1.0E-4,0.0014,0.9985],"evs":[0.0,1.25977,2.04146]},"T2s":{"weight":1.0,"played":[0.2263,0.7736,0.0],"evs":[0.0,0.24952,-2.4795]},"T3s":{"weight":1.0,"played":[0.0622,0.9378,0.0],"evs":[0.0,0.56509,-3.03755]},"T4s":{"weight":1.0,"played":[0.0026,0.9974,0.0],"evs":[0.0,0.21072,-3.28243]},"T5s":{"weight":1.0,"played":[0.0598,0.9402,0.0],"evs":[0.0,0.45268,-2.25101]},"T6s":{"weight":1.0,"played":[0.0028,0.997,2.0E-4],"evs":[0.0,0.57716,-1.40738]},"T7s":{"weight":1.0,"played":[0.0221,0.9779,0.0],"evs":[0.0,1.13024,0.1511]},"T8s":{"weight":1.0,"played":[1.0E-4,0.9977,0.0021],"evs":[0.0,1.21614,0.36977]},"T9s":{"weight":1.0,"played":[0.0068,0.9928,4.0E-4],"evs":[0.0,1.07219,-0.07347]},"TT":{"weight":1.0,"played":[0.0,0.0,1.0],"evs":[0.0,3.76078,10.76856]},"JTo":{"weight":1.0,"played":[3.0E-4,0.9987,0.001],"evs":[0.0,0.52126,-1.15363]},"QTo":{"weight":1.0,"played":[1.0E-4,0.9999,0.0],"evs":[0.0,0.92296,-0.70849]},"KTo":{"weight":1.0,"played":[0.0025,0.9967,8.0E-4],"evs":[0.0,1.17296,0.20787]},"ATo":{"weight":1.0,"played":[0.0,0.0,1.0],"evs":[0.0,2.37795,4.87012]},"J2s":{"weight":1.0,"played":[0.1195,0.8805,0.0],"evs":[0.0,0.31237,-3.03176]},"J3s":{"weight":1.0,"played":[0.0252,0.9745,3.0E-4],"evs":[0.0,0.67375,-2.36137]},"J4s":{"weight":1.0,"played":[0.0601,0.939,8.0E-4],"evs":[0.0,0.35188,-2.72822]},"J5s":{"weight":1.0,"played":[0.0107,0.9889,4.0E-4],"evs":[0.0,0.39112,-1.94354]},"J6s":{"weight":1.0,"played":[0.012,0.9876,5.0E-4],"evs":[0.0,0.48433,-1.4729]},"J7s":{"weight":1.0,"played":[7.0E-4,0.9978,0.0015],"evs":[0.0,0.80174,-1.34189]},"J8s":{"weight":1.0,"played":[0.0031,0.9391,0.0578],"evs":[0.0,0.40131,-0.44133]},"J9s":{"weight":1.0,"played":[0.0147,0.9837,0.0015],"evs":[0.0,1.06755,0.29654]},"JTs":{"weight":1.0,"played":[0.0017,0.91,0.0884],"evs":[0.0,1.18281,1.08888]},"JJ":{"weight":1.0,"played":[0.0,0.0,1.0],"evs":[0.0,6.10893,13.57369]},"QJo":{"weight":1.0,"played":[6.0E-4,0.9983,0.0011],"evs":[0.0,1.15249,0.11451]},"KJo":{"weight":1.0,"played":[0.0,0.9958,0.0042],"evs":[0.0,1.74026,1.34343]},"AJo":{"weight":1.0,"played":[0.0,0.0,1.0],"evs":[0.0,3.07613,6.49988]},"Q2s":{"weight":1.0,"played":[0.0118,0.9882,1.0E-4],"evs":[0.0,0.65076,-2.06537]},"Q3s":{"weight":1.0,"played":[0.004,0.9958,2.0E-4],"evs":[0.0,0.53552,-1.84891]},"Q4s":{"weight":1.0,"played":[0.0137,0.9863,0.0],"evs":[0.0,1.06702,-1.17805]},"Q5s":{"weight":1.0,"played":[0.0248,0.9746,6.0E-4],"evs":[0.0,0.914,-0.94278]},"Q6s":{"weight":1.0,"played":[2.0E-4,0.9995,3.0E-4],"evs":[0.0,0.8999,-0.7149]},"Q7s":{"weight":1.0,"played":[2.0E-4,0.9987,0.0011],"evs":[0.0,0.73323,-0.98913]},"Q8s":{"weight":1.0,"played":[0.0106,0.9885,8.0E-4],"evs":[0.0,1.03175,0.19432]},"Q9s":{"weight":1.0,"played":[2.0E-4,0.999,8.0E-4],"evs":[0.0,0.91223,0.09233]},"QTs":{"weight":1.0,"played":[7.0E-4,0.6684,0.3309],"evs":[0.0,1.47685,1.39785]},"QJs":{"weight":1.0,"played":[0.0014,0.3958,0.6028],"evs":[0.0,1.74971,1.74277]},"QQ":{"weight":1.0,"played":[0.0,0.0,1.0],"evs":[0.0,8.6128,16.19188]},"KQo":{"weight":1.0,"played":[3.0E-4,0.298,0.7017],"evs":[0.0,2.57732,2.31969]},"AQo":{"weight":1.0,"played":[0.0,0.0,1.0],"evs":[0.0,3.6989,7.86991]},"K2s":{"weight":1.0,"played":[0.055,0.9449,1.0E-4],"evs":[0.0,0.87748,-1.56847]},"K3s":{"weight":1.0,"played":[0.0049,0.9941,0.001],"evs":[0.0,0.86321,-1.08293]},"K4s":{"weight":1.0,"played":[0.0015,0.9926,0.0058],"evs":[0.0,0.9131,-0.7167]},"K5s":{"weight":1.0,"played":[0.0013,0.9987,0.0],"evs":[0.0,0.83502,-1.04177]},"K6s":{"weight":1.0,"played":[0.0029,0.986,0.0111],"evs":[0.0,0.89311,0.22544]},"K7s":{"weight":1.0,"played":[0.0088,0.8905,0.1007],"evs":[0.0,1.18129,0.26735]},"K8s":{"weight":1.0,"played":[6.0E-4,0.9926,0.0069],"evs":[0.0,0.96869,0.35323]},"K9s":{"weight":1.0,"played":[7.0E-4,0.9993,0.0],"evs":[0.0,1.17424,0.30025]},"KTs":{"weight":1.0,"played":[9.0E-4,0.7334,0.2657],"evs":[0.0,1.67095,1.46508]},"KJs":{"weight":1.0,"played":[0.0016,0.0269,0.9716],"evs":[0.0,2.49436,3.08468]},"KQs":{"weight":1.0,"played":[0.0,0.0034,0.9966],"evs":[0.0,3.60012,4.59414]},"KK":{"weight":1.0,"played":[0.0,0.0,1.0],"evs":[0.0,10.87959,18.55898]},"AKo":{"weight":1.0,"played":[0.0,0.0,1.0],"evs":[0.0,4.2257,9.48119]},"A2s":{"weight":1.0,"played":[0.0033,0.6594,0.3373],"evs":[0.0,1.5691,1.49584]},"A3s":{"weight":1.0,"played":[0.0017,0.9899,0.0084],"evs":[0.0,1.35971,0.70455]},"A4s":{"weight":1.0,"played":[0.0022,5.0E-4,0.9973],"evs":[0.0,1.38126,1.84883]},"A5s":{"weight":1.0,"played":[1.0E-4,0.1272,0.8727],"evs":[0.0,1.73052,1.71185]},"A6s":{"weight":1.0,"played":[0.0019,0.2892,0.7089],"evs":[0.0,1.78244,2.23001]},"A7s":{"weight":1.0,"played":[3.0E-4,0.1095,0.8902],"evs":[0.0,1.91039,2.39229]},"A8s":{"weight":1.0,"played":[0.0,0.0,1.0],"evs":[0.0,2.34657,3.58723]},"A9s":{"weight":1.0,"played":[0.0,0.0017,0.9983],"evs":[0.0,2.46502,4.10471]},"ATs":{"weight":1.0,"played":[0.0,1.0E-4,0.9999],"evs":[0.0,3.91603,7.23001]},"AJs":{"weight":1.0,"played":[0.0,0.0,1.0],"evs":[0.0,3.54117,7.20856]},"AQs":{"weight":1.0,"played":[0.0,0.0,1.0],"evs":[0.0,4.51868,9.16509]},"AKs":{"weight":1.0,"played":[0.0,0.0,1.0],"evs":[0.0,5.4462,10.28064]},"AA":{"weight":1.0,"played":[0.0,0.0,1.0],"evs":[0.0,16.35593,24.1517]}}}