{"player":1,"street":0,"children":2,"sequence":[{"player":0,"type":"R","amount":200000,"street":0},{"player":1,"type":"C","amount":200000,"street":0},{"player":2,"type":"C","amount":200000,"street":0},{"player":3,"type":"F","amount":0,"street":0},{"player":4,"type":"R","amount":1995000,"street":0},{"player":0,"type":"C","amount":1795000,"street":0}],"actions":[{"type":"F","amount":0},{"type":"C","amount":105000,"node":109}],"hands":{"22":{"weight":0.0,"played":[0.0,1.0],"evs":[0.0,2.49919]},"32o":{"weight":0.0,"played":[0.0,1.0],"evs":[0.0,1.20874]},"42o":{"weight":0.0,"played":[0.0,1.0],"evs":[0.0,1.28283]},"52o":{"weight":0.0,"played":[0.0,1.0],"evs":[0.0,1.23366]},"62o":{"weight":0.0,"played":[0.0,1.0],"evs":[0.0,1.46944]},"72o":{"weight":0.0,"played":[0.0,1.0],"evs":[0.0,1.04398]},"82o":{"weight":0.0,"played":[6.0E-4,0.9994],"evs":[0.0,1.20945]},"92o":{"weight":0.0,"played":[0.0,1.0],"evs":[0.0,1.36515]},"T2o":{"weight":0.0,"played":[0.0,1.0],"evs":[0.0,1.12459]},"J2o":{"weight":0.0,"played":[0.0,1.0],"evs":[0.0,1.45971]},"Q2o":{"weight":0.0,"played":[0.0,1.0],"evs":[0.0,1.34891]},"K2o":{"weight":0.0,"played":[0.0,1.0],"evs":[0.0,1.64362]},"A2o":{"weight":0.0,"played":[0.0,1.0],"evs":[0.0,1.16977]},"32s":{"weight":0.0,"played":[0.0,1.0],"evs":[0.0,1.95971]},"33":{"weight":0.0,"played":[0.0,1.0],"evs":[0.0,2.41141]},"43o":{"weight":0.0,"played":[0.0,1.0],"evs":[0.0,1.52368]},"53o":{"weight":0.0,"played":[0.0,1.0],"evs":[0.0,1.8927]},"63o":{"weight":0.0,"played":[0.0,1.0],"evs":[0.0,1.61581]},"73o":{"weight":0.0,"played":[6.0E-4,0.9994],"evs":[0.0,1.27472]},"83o":{"weight":0.0,"played":[0.0,1.0],"evs":[0.0,1.35645]},"93o":{"weight":0.0,"played":[0.0,1.0],"evs":[0.0,1.26164]},"T3o":{"weight":0.0,"played":[4.0E-4,0.9996],"evs":[0.0,1.19314]},"J3o":{"weight":0.0,"played":[0.0,1.0],"evs":[0.0,1.2298]},"Q3o":{"weight":0.0,"played":[0.0,1.0],"evs":[0.0,1.38717]},"K3o":{"weight":0.0,"played":[0.0,1.0],"evs":[0.0,1.48628]},"A3o":{"weight":1.0E-4,"played":[0.0,1.0],"evs":[0.0,1.34159]},"42s":{"weight":0.0,"played":[0.0,1.0],"evs":[0.0,1.49149]},"43s":{"weight":0.0,"played":[1.0E-4,0.9999],"evs":[0.0,2.27153]},"44":{"weight":0.0,"played":[0.0,1.0],"evs":[0.0,2.76082]},"54o":{"weight":0.0,"played":[0.0,1.0],"evs":[0.0,1.85199]},"64o":{"weight":0.0,"played":[0.0,1.0],"evs":[0.0,1.64235]},"74o":{"weight":0.0,"played":[1.0E-4,0.9999],"evs":[0.0,1.65075]},"84o":{"weight":0.0,"played":[0.0,1.0],"evs":[0.0,1.30993]},"94o":{"weight":0.0,"played":[2.0E-4,0.9998],"evs":[0.0,1.38777]},"T4o":{"weight":0.0,"played":[0.0,1.0],"evs":[0.0,1.18927]},"J4o":{"weight":0.0,"played":[0.0,1.0],"evs":[0.0,1.17819]},"Q4o":{"weight":0.0,"played":[0.0,1.0],"evs":[0.0,1.29515]},"K4o":{"weight":0.0,"played":[0.0,1.0],"evs":[0.0,1.63819]},"A4o":{"weight":0.0,"played":[0.0,1.0],"evs":[0.0,1.40268]},"52s":{"weight":0.0,"played":[2.0E-4,0.9998],"evs":[0.0,2.02653]},"53s":{"weight":0.0,"played":[0.0,1.0],"evs":[0.0,2.45561]},"54s":{"weight":0.992,"played":[0.0,1.0],"evs":[0.0,2.15459]},"55":{"weight":0.9691,"played":[0.0,1.0],"evs":[0.0,2.90833]},"65o":{"weight":0.0,"played":[0.0,1.0],"evs":[0.0,2.15857]},"75o":{"weight":0.0,"played":[0.0,1.0],"evs":[0.0,1.90686]},"85o":{"weight":0.0,"played":[0.0,1.0],"evs":[0.0,1.57293]},"95o":{"weight":0.0,"played":[0.0,1.0],"evs":[0.0,1.55037]},"T5o":{"weight":0.0,"played":[0.0,1.0],"evs":[0.0,1.45443]},"J5o":{"weight":0.0,"played":[0.0,1.0],"evs":[0.0,1.36801]},"Q5o":{"weight":0.0,"played":[0.0,1.0],"evs":[0.0,1.53723]},"K5o":{"weight":0.0,"played":[0.0,1.0],"evs":[0.0,1.80885]},"A5o":{"weight":4.0E-4,"played":[2.0E-4,0.9998],"evs":[0.0,1.24378]},"62s":{"weight":0.0,"played":[4.0E-4,0.9996],"evs":[0.0,1.71393]},"63s":{"weight":0.0,"played":[0.0,1.0],"evs":[0.0,1.87803]},"64s":{"weight":2.0E-4,"played":[0.0,1.0],"evs":[0.0,2.38254]},"65s":{"weight":0.9999,"played":[0.0,1.0],"evs":[0.0,2.67994]},"66":{"weight":1.0,"played":[0.0,1.0],"evs":[0.0,3.21485]},"76o":{"weight":0.0,"played":[1.0E-4,0.9999],"evs":[0.0,1.95879]},"86o":{"weight":0.0,"played":[0.0,1.0],"evs":[0.0,2.17108]},"96o":{"weight":0.0,"played":[0.0011,0.9989],"evs":[0.0,1.75003]},"T6o":{"weight":0.0,"played":[2.0E-4,0.9998],"evs":[0.0,1.54555]},"J6o":{"weight":0.0,"played":[0.0,1.0],"evs":[0.0,1.51892]},"Q6o":{"weight":0.0,"played":[1.0E-4,0.9999],"evs":[0.0,1.70661]},"K6o":{"weight":0.0,"played":[0.0,1.0],"evs":[0.0,1.89667]},"A6o":{"weight":4.0E-4,"played":[0.0,1.0],"evs":[0.0,0.91576]},"72s":{"weight":0.0,"played":[0.0,1.0],"evs":[0.0,2.19472]},"73s":{"weight":0.0,"played":[0.0011,0.9989],"evs":[0.0,1.51197]},"74s":{"weight":0.0,"played":[1.0E-4,0.9999],"evs":[0.0,2.24283]},"75s":{"weight":0.9557,"played":[0.0,1.0],"evs":[0.0,2.3673]},"76s":{"weight":0.9998,"played":[1.0E-4,0.9999],"evs":[0.0,2.47135]},"77":{"weight":1.0,"played":[0.0,1.0],"evs":[0.0,3.32152]},"87o":{"weight":0.0,"played":[0.0,1.0],"evs":[0.0,2.24211]},"97o":{"weight":0.0,"played":[0.0,1.0],"evs":[0.0,1.86835]},"T7o":{"weight":0.0,"played":[0.0,1.0],"evs":[0.0,1.72488]},"J7o":{"weight":0.0,"played":[0.0,1.0],"evs":[0.0,1.53036]},"Q7o":{"weight":0.0,"played":[0.0,1.0],"evs":[0.0,1.38196]},"K7o":{"weight":0.0,"played":[0.0,1.0],"evs":[0.0,1.64129]},"A7o":{"weight":1.0E-4,"played":[0.0,1.0],"evs":[0.0,1.48164]},"82s":{"weight":0.0,"played":[2.0E-4,0.9998],"evs":[0.0,1.58594]},"83s":{"weight":0.0,"played":[0.0,1.0],"evs":[0.0,2.20555]},"84s":{"weight":0.0,"played":[0.0,1.0],"evs":[0.0,1.93075]},"85s":{"weight":0.0,"played":[0.0,1.0],"evs":[0.0,2.2556]},"86s":{"weight":0.9995,"played":[0.0,1.0],"evs":[0.0,2.68368]},"87s":{"weight":1.0,"played":[0.0,1.0],"evs":[0.0,2.54504]},"88":{"weight":1.0,"played":[0.0,1.0],"evs":[0.0,3.69828]},"98o":{"weight":0.0,"played":[0.0,1.0],"evs":[0.0,1.89325]},"T8o":{"weight":0.0,"played":[0.0,1.0],"evs":[0.0,2.08669]},"J8o":{"weight":0.0,"played":[0.0,1.0],"evs":[0.0,1.76963]},"Q8o":{"weight":0.0,"played":[0.0,1.0],"evs":[0.0,1.80766]},"K8o":{"weight":0.0,"played":[0.0,1.0],"evs":[0.0,1.8343]},"A8o":{"weight":0.0187,"played":[0.0,1.0],"evs":[0.0,1.8827]},"92s":{"weight":0.0,"played":[1.0E-4,0.9999],"evs":[0.0,2.01761]},"93s":{"weight":0.0,"played":[0.0,1.0],"evs":[0.0,1.8426]},"94s":{"weight":0.0,"played":[1.0E-4,0.9999],"evs":[0.0,1.90919]},"95s":{"weight":0.0,"played":[4.0E-4,0.9996],"evs":[0.0,2.07925]},"96s":{"weight":0.9972,"played":[2.0E-4,0.9998],"evs":[0.0,2.39796]},"97s":{"weight":0.9999,"played":[0.0,1.0],"evs":[0.0,2.4356]},"98s":{"weight":1.0,"played":[0.0,1.0],"evs":[0.0,2.97344]},"99":{"weight":1.0,"played":[0.0,1.0],"evs":[0.0,3.90448]},"T9o":{"weight":0.9468,"played":[1.0E-4,0.9999],"evs":[0.0,2.20396]},"J9o":{"weight":0.0,"played":[0.0,1.0],"evs":[0.0,2.12731]},"Q9o":{"weight":0.2361,"played":[0.0,1.0],"evs":[0.0,2.0099]},"K9o":{"weight":1.0,"played":[0.0,1.0],"evs":[0.0,2.05759]},"A9o":{"weight":5.0E-4,"played":[0.0,1.0],"evs":[0.0,1.56722]},"T2s":{"weight":0.0,"played":[6.0E-4,0.9994],"evs":[0.0,1.61595]},"T3s":{"weight":0.0,"played":[7.0E-4,0.9993],"evs":[0.0,1.71219]},"T4s":{"weight":0.0,"played":[0.0,1.0],"evs":[0.0,1.68264]},"T5s":{"weight":0.0,"played":[0.0,1.0],"evs":[0.0,2.3503]},"T6s":{"weight":0.0,"played":[0.0,1.0],"evs":[0.0,2.43152]},"T7s":{"weight":1.0,"played":[0.0,1.0],"evs":[0.0,2.35788]},"T8s":{"weight":1.0,"played":[0.0,1.0],"evs":[0.0,2.37543]},"T9s":{"weight":1.0,"played":[0.0,1.0],"evs":[0.0,2.85053]},"TT":{"weight":1.0,"played":[0.0,1.0],"evs":[0.0,4.61143]},"JTo":{"weight":1.0,"played":[0.0,1.0],"evs":[0.0,2.35752]},"QTo":{"weight":1.0,"played":[0.0,1.0],"evs":[0.0,2.19586]},"KTo":{"weight":1.0,"played":[0.0,1.0],"evs":[0.0,2.21943]},"ATo":{"weight":0.0,"played":[0.0,1.0],"evs":[0.0,2.00252]},"J2s":{"weight":0.0,"played":[5.0E-4,0.9995],"evs":[0.0,1.66621]},"J3s":{"weight":0.0,"played":[2.0E-4,0.9998],"evs":[0.0,1.80567]},"J4s":{"weight":0.0,"played":[0.0017,0.9983],"evs":[0.0,1.83896]},"J5s":{"weight":0.0,"played":[0.0,1.0],"evs":[0.0,2.30464]},"J6s":{"weight":0.0,"played":[2.0E-4,0.9998],"evs":[0.0,1.85496]},"J7s":{"weight":0.9998,"played":[0.0,1.0],"evs":[0.0,2.12015]},"J8s":{"weight":1.0,"played":[0.0,1.0],"evs":[0.0,2.42324]},"J9s":{"weight":1.0,"played":[1.0E-4,0.9999],"evs":[0.0,2.72068]},"JTs":{"weight":1.0,"played":[0.0,1.0],"evs":[0.0,3.00544]},"JJ":{"weight":1.0,"played":[0.0,1.0],"evs":[0.0,5.26943]},"QJo":{"weight":1.0,"played":[0.0,1.0],"evs":[0.0,2.26743]},"KJo":{"weight":1.0,"played":[0.0,1.0],"evs":[0.0,2.60083]},"AJo":{"weight":0.0,"played":[0.0,1.0],"evs":[0.0,2.56446]},"Q2s":{"weight":0.0,"played":[0.0,1.0],"evs":[0.0,1.79066]},"Q3s":{"weight":0.0,"played":[0.0,1.0],"evs":[0.0,1.98058]},"Q4s":{"weight":0.0,"played":[1.0E-4,0.9999],"evs":[0.0,2.1616]},"Q5s":{"weight":0.0,"played":[1.0E-4,0.9999],"evs":[0.0,2.18556]},"Q6s":{"weight":0.9981,"played":[0.0,1.0],"evs":[0.0,2.22686]},"Q7s":{"weight":0.997,"played":[0.0,1.0],"evs":[0.0,2.16489]},"Q8s":{"weight":1.0,"played":[0.0,1.0],"evs":[0.0,2.29771]},"Q9s":{"weight":1.0,"played":[0.0,1.0],"evs":[0.0,2.57156]},"QTs":{"weight":1.0,"played":[0.0,1.0],"evs":[0.0,2.89219]},"QJs":{"weight":1.0,"played":[0.0,1.0],"evs":[0.0,3.16237]},"QQ":{"weight":1.0,"played":[0.0,1.0],"evs":[0.0,6.39191]},"KQo":{"weight":0.3608,"played":[0.0,1.0],"evs":[0.0,2.78224]},"AQo":{"weight":0.0,"played":[0.0,1.0],"evs":[0.0,3.08572]},"K2s":{"weight":0.9805,"played":[3.0E-4,0.9997],"evs":[0.0,2.0233]},"K3s":{"weight":0.9985,"played":[0.0,1.0],"evs":[0.0,2.2337]},"K4s":{"weight":0.9997,"played":[0.0,1.0],"evs":[0.0,2.12791]},"K5s":{"weight":1.0,"played":[1.0E-4,0.9999],"evs":[0.0,2.06241]},"K6s":{"weight":1.0,"played":[5.0E-4,0.9995],"evs":[0.0,2.52828]},"K7s":{"weight":1.0,"played":[0.0,1.0],"evs":[0.0,2.55871]},"K8s":{"weight":1.0,"played":[0.0,1.0],"evs":[0.0,2.18525]},"K9s":{"weight":1.0,"played":[0.0,1.0],"evs":[0.0,2.51249]},"KTs":{"weight":1.0,"played":[0.0,1.0],"evs":[0.0,3.16411]},"KJs":{"weight":1.0,"played":[0.0,1.0],"evs":[0.0,2.96766]},"KQs":{"weight":1.0,"played":[1.0E-4,0.9999],"evs":[0.0,3.3553]},"KK":{"weight":1.0,"played":[0.0,1.0],"evs":[0.0,7.2442]},"AKo":{"weight":0.0,"played":[0.0,1.0],"evs":[0.0,3.80152]},"A2s":{"weight":1.0E-4,"played":[0.0,1.0],"evs":[0.0,1.91315]},"A3s":{"weight":7.0E-4,"played":[3.0E-4,0.9997],"evs":[0.0,1.34352]},"A4s":{"weight":0.1659,"played":[1.0E-4,0.9999],"evs":[0.0,1.99485]},"A5s":{"weight":0.9982,"played":[0.0,1.0],"evs":[0.0,2.00349]},"A6s":{"weight":0.9997,"played":[0.0,1.0],"evs":[0.0,2.30183]},"A7s":{"weight":1.0,"played":[1.0E-4,0.9999],"evs":[0.0,2.34479]},"A8s":{"weight":1.0,"played":[0.0,1.0],"evs":[0.0,2.04286]},"A9s":{"weight":0.9992,"played":[0.0,1.0],"evs":[0.0,2.34309]},"ATs":{"weight":0.9876,"played":[0.0,1.0],"evs":[0.0,2.70834]},"AJs":{"weight":0.9905,"played":[0.0,1.0],"evs":[0.0,3.13381]},"AQs":{"weight":0.9994,"played":[1.0E-4,0.9999],"evs":[0.0,3.88494]},"AKs":{"weight":0.9953,"played":[0.0,1.0],"evs":[0.0,4.69418]},"AA":{"weight":1.0,"played":[0.0,1.0],"evs":[0.0,8.9461]}}}