{"player":2,"street":0,"children":2,"sequence":[{"player":0,"type":"R","amount":200000,"street":0},{"player":1,"type":"C","amount":200000,"street":0},{"player":2,"type":"C","amount":200000,"street":0},{"player":3,"type":"F","amount":0,"street":0},{"player":4,"type":"R","amount":1995000,"street":0},{"player":0,"type":"C","amount":1795000,"street":0},{"player":1,"type":"C","amount":105000,"street":0}],"actions":[{"type":"F","amount":0},{"type":"C","amount":1365000}],"hands":{"22":{"weight":0.0,"played":[0.997,0.003],"evs":[0.0,-1.52625]},"32o":{"weight":0.0,"played":[1.0,0.0],"evs":[0.0,-5.97562]},"42o":{"weight":0.0,"played":[1.0,0.0],"evs":[0.0,-5.59848]},"52o":{"weight":0.0,"played":[1.0,0.0],"evs":[0.0,-5.08001]},"62o":{"weight":0.0,"played":[1.0,0.0],"evs":[0.0,-5.73552]},"72o":{"weight":0.0,"played":[1.0,0.0],"evs":[0.0,-7.17089]},"82o":{"weight":0.0,"played":[1.0,0.0],"evs":[0.0,-6.17485]},"92o":{"weight":0.0,"played":[1.0,0.0],"evs":[0.0,-6.18539]},"T2o":{"weight":0.0,"played":[1.0,0.0],"evs":[0.0,-6.71009]},"J2o":{"weight":0.0,"played":[1.0,0.0],"evs":[0.0,-6.09202]},"Q2o":{"weight":0.0,"played":[1.0,0.0],"evs":[0.0,-5.83857]},"K2o":{"weight":0.0,"played":[1.0,0.0],"evs":[0.0,-5.13727]},"A2o":{"weight":0.0,"played":[1.0,0.0],"evs":[0.0,-5.95674]},"32s":{"weight":0.0,"played":[1.0,0.0],"evs":[0.0,-3.36431]},"33":{"weight":0.0,"played":[0.9842,0.0158],"evs":[0.0,-1.11327]},"43o":{"weight":0.0,"played":[1.0,0.0],"evs":[0.0,-4.84427]},"53o":{"weight":0.0,"played":[1.0,0.0],"evs":[0.0,-4.04159]},"63o":{"weight":0.0,"played":[0.9999,1.0E-4],"evs":[0.0,-4.61469]},"73o":{"weight":0.0,"played":[1.0,0.0],"evs":[0.0,-6.18115]},"83o":{"weight":0.0,"played":[1.0,0.0],"evs":[0.0,-6.27076]},"93o":{"weight":0.0,"played":[1.0,0.0],"evs":[0.0,-6.21651]},"T3o":{"weight":0.0,"played":[1.0,0.0],"evs":[0.0,-6.13411]},"J3o":{"weight":0.0,"played":[1.0,0.0],"evs":[0.0,-5.66281]},"Q3o":{"weight":0.0,"played":[1.0,0.0],"evs":[0.0,-5.39806]},"K3o":{"weight":0.0,"played":[1.0,0.0],"evs":[0.0,-4.79704]},"A3o":{"weight":0.0,"played":[1.0,0.0],"evs":[0.0,-5.77226]},"42s":{"weight":0.0,"played":[1.0,0.0],"evs":[0.0,-3.35455]},"43s":{"weight":0.0,"played":[0.9998,2.0E-4],"evs":[0.0,-2.34432]},"44":{"weight":0.9861,"played":[0.9701,0.0299],"evs":[0.0,-0.8894]},"54o":{"weight":0.0,"played":[1.0,0.0],"evs":[0.0,-3.23738]},"64o":{"weight":0.0,"played":[1.0,0.0],"evs":[0.0,-3.50238]},"74o":{"weight":0.0,"played":[1.0,0.0],"evs":[0.0,-5.02035]},"84o":{"weight":0.0,"played":[1.0,0.0],"evs":[0.0,-5.26285]},"94o":{"weight":0.0,"played":[1.0,0.0],"evs":[0.0,-6.03006]},"T4o":{"weight":0.0,"played":[1.0,0.0],"evs":[0.0,-5.54324]},"J4o":{"weight":0.0,"played":[0.9999,1.0E-4],"evs":[0.0,-5.33968]},"Q4o":{"weight":0.0,"played":[1.0,0.0],"evs":[0.0,-5.1374]},"K4o":{"weight":0.0,"played":[0.9999,1.0E-4],"evs":[0.0,-4.31632]},"A4o":{"weight":0.0,"played":[0.9999,1.0E-4],"evs":[0.0,-5.96433]},"52s":{"weight":0.0,"played":[0.9992,8.0E-4],"evs":[0.0,-2.80865]},"53s":{"weight":0.0,"played":[0.9927,0.0073],"evs":[0.0,-1.86817]},"54s":{"weight":0.0,"played":[0.993,0.007],"evs":[0.0,-0.90009]},"55":{"weight":0.4621,"played":[0.2628,0.7372],"evs":[0.0,0.16469]},"65o":{"weight":0.0,"played":[0.9997,3.0E-4],"evs":[0.0,-3.01133]},"75o":{"weight":0.0,"played":[1.0,0.0],"evs":[0.0,-3.89141]},"85o":{"weight":0.0,"played":[1.0,0.0],"evs":[0.0,-4.24342]},"95o":{"weight":0.0,"played":[1.0,0.0],"evs":[0.0,-5.40311]},"T5o":{"weight":0.0,"played":[1.0,0.0],"evs":[0.0,-5.99347]},"J5o":{"weight":0.0,"played":[1.0,0.0],"evs":[0.0,-5.7324]},"Q5o":{"weight":0.0,"played":[0.9998,2.0E-4],"evs":[0.0,-4.8403]},"K5o":{"weight":0.0,"played":[1.0,0.0],"evs":[0.0,-4.08999]},"A5o":{"weight":0.0,"played":[1.0,0.0],"evs":[0.0,-4.80233]},"62s":{"weight":0.0,"played":[1.0,0.0],"evs":[0.0,-2.90386]},"63s":{"weight":0.0,"played":[1.0,0.0],"evs":[0.0,-2.62926]},"64s":{"weight":0.0,"played":[0.9931,0.0069],"evs":[0.0,-2.12308]},"65s":{"weight":0.0,"played":[0.9703,0.0297],"evs":[0.0,-1.14992]},"66":{"weight":0.0049,"played":[1.0E-4,0.9999],"evs":[0.0,0.87978]},"76o":{"weight":0.0,"played":[0.9999,1.0E-4],"evs":[0.0,-2.9934]},"86o":{"weight":0.0,"played":[1.0,0.0],"evs":[0.0,-3.6025]},"96o":{"weight":0.0,"played":[0.9996,4.0E-4],"evs":[0.0,-3.80065]},"T6o":{"weight":0.0,"played":[1.0,0.0],"evs":[0.0,-5.07893]},"J6o":{"weight":0.0,"played":[1.0,0.0],"evs":[0.0,-4.97104]},"Q6o":{"weight":0.0,"played":[1.0,0.0],"evs":[0.0,-4.77509]},"K6o":{"weight":0.0,"played":[0.9999,1.0E-4],"evs":[0.0,-3.91965]},"A6o":{"weight":0.0,"played":[1.0,0.0],"evs":[0.0,-5.76385]},"72s":{"weight":0.0,"played":[0.9997,3.0E-4],"evs":[0.0,-3.45571]},"73s":{"weight":0.0,"played":[0.9997,3.0E-4],"evs":[0.0,-4.514]},"74s":{"weight":0.0,"played":[0.9993,7.0E-4],"evs":[0.0,-2.38623]},"75s":{"weight":0.0,"played":[0.9993,7.0E-4],"evs":[0.0,-1.81007]},"76s":{"weight":0.0,"played":[0.9998,2.0E-4],"evs":[0.0,-1.22354]},"77":{"weight":2.0E-4,"played":[0.0,1.0],"evs":[0.0,2.62386]},"87o":{"weight":0.0,"played":[0.9997,3.0E-4],"evs":[0.0,-3.1331]},"97o":{"weight":0.0,"played":[1.0,0.0],"evs":[0.0,-4.03844]},"T7o":{"weight":0.0,"played":[0.9998,2.0E-4],"evs":[0.0,-3.83352]},"J7o":{"weight":0.0,"played":[0.9999,1.0E-4],"evs":[0.0,-4.4425]},"Q7o":{"weight":0.0,"played":[0.9997,3.0E-4],"evs":[0.0,-4.52063]},"K7o":{"weight":0.0,"played":[1.0,0.0],"evs":[0.0,-4.26156]},"A7o":{"weight":0.0,"played":[0.9971,0.0029],"evs":[0.0,-5.57949]},"82s":{"weight":0.0,"played":[0.9997,3.0E-4],"evs":[0.0,-4.04716]},"83s":{"weight":0.0,"played":[0.9998,2.0E-4],"evs":[0.0,-3.97146]},"84s":{"weight":0.0,"played":[0.9975,0.0025],"evs":[0.0,-3.33055]},"85s":{"weight":0.0,"played":[0.9934,0.0066],"evs":[0.0,-2.10351]},"86s":{"weight":0.0,"played":[0.9058,0.0942],"evs":[0.0,-0.98575]},"87s":{"weight":0.0,"played":[0.9967,0.0033],"evs":[0.0,-0.75575]},"88":{"weight":0.0,"played":[2.0E-4,0.9998],"evs":[0.0,3.50907]},"98o":{"weight":0.0,"played":[0.9998,2.0E-4],"evs":[0.0,-2.66056]},"T8o":{"weight":0.0,"played":[1.0,0.0],"evs":[0.0,-3.52591]},"J8o":{"weight":0.0,"played":[0.9998,2.0E-4],"evs":[0.0,-3.58088]},"Q8o":{"weight":0.0,"played":[1.0,0.0],"evs":[0.0,-3.82436]},"K8o":{"weight":0.0,"played":[0.9998,2.0E-4],"evs":[0.0,-3.65573]},"A8o":{"weight":0.0164,"played":[0.9999,1.0E-4],"evs":[0.0,-4.74535]},"92s":{"weight":0.0,"played":[0.9995,5.0E-4],"evs":[0.0,-3.42332]},"93s":{"weight":0.0,"played":[1.0,0.0],"evs":[0.0,-2.91217]},"94s":{"weight":0.0,"played":[1.0,0.0],"evs":[0.0,-3.94087]},"95s":{"weight":0.0,"played":[0.9998,2.0E-4],"evs":[0.0,-3.37547]},"96s":{"weight":0.0,"played":[0.9993,7.0E-4],"evs":[0.0,-2.09626]},"97s":{"weight":0.0,"played":[0.9998,2.0E-4],"evs":[0.0,-1.96389]},"98s":{"weight":2.0E-4,"played":[0.9817,0.0183],"evs":[0.0,-1.3533]},"99":{"weight":4.0E-4,"played":[0.0,1.0],"evs":[0.0,4.95264]},"T9o":{"weight":0.0,"played":[0.9999,1.0E-4],"evs":[0.0,-2.66521]},"J9o":{"weight":0.0,"played":[0.9995,5.0E-4],"evs":[0.0,-2.92899]},"Q9o":{"weight":0.0,"played":[0.9996,4.0E-4],"evs":[0.0,-3.44509]},"K9o":{"weight":0.0,"played":[0.9994,6.0E-4],"evs":[0.0,-3.08723]},"A9o":{"weight":0.9988,"played":[0.9993,7.0E-4],"evs":[0.0,-3.97439]},"T2s":{"weight":0.0,"played":[0.9993,7.0E-4],"evs":[0.0,-3.97885]},"T3s":{"weight":0.0,"played":[0.9961,0.0039],"evs":[0.0,-3.54361]},"T4s":{"weight":0.0,"played":[0.9996,4.0E-4],"evs":[0.0,-3.22354]},"T5s":{"weight":0.0,"played":[0.9995,5.0E-4],"evs":[0.0,-4.16495]},"T6s":{"weight":0.0,"played":[0.9995,5.0E-4],"evs":[0.0,-2.31486]},"T7s":{"weight":0.0,"played":[1.0,0.0],"evs":[0.0,-1.9506]},"T8s":{"weight":0.0,"played":[0.9978,0.0022],"evs":[0.0,-1.72769]},"T9s":{"weight":0.0021,"played":[0.6587,0.3413],"evs":[0.0,-0.52567]},"TT":{"weight":0.0,"played":[0.0,1.0],"evs":[0.0,7.5878]},"JTo":{"weight":0.0,"played":[0.9872,0.0128],"evs":[0.0,-1.96851]},"QTo":{"weight":1.0E-4,"played":[0.9965,0.0035],"evs":[0.0,-1.85183]},"KTo":{"weight":0.0,"played":[0.9989,0.0011],"evs":[0.0,-2.23779]},"ATo":{"weight":0.0034,"played":[0.9913,0.0087],"evs":[0.0,-2.02983]},"J2s":{"weight":0.0,"played":[0.9989,0.0011],"evs":[0.0,-3.26913]},"J3s":{"weight":0.0,"played":[0.9947,0.0053],"evs":[0.0,-3.0378]},"J4s":{"weight":0.0,"played":[0.9997,3.0E-4],"evs":[0.0,-3.11386]},"J5s":{"weight":0.0,"played":[0.9977,0.0023],"evs":[0.0,-2.77388]},"J6s":{"weight":0.0,"played":[1.0,0.0],"evs":[0.0,-2.16367]},"J7s":{"weight":0.0,"played":[0.9979,0.0021],"evs":[0.0,-2.28819]},"J8s":{"weight":0.0,"played":[0.9787,0.0213],"evs":[0.0,-1.26671]},"J9s":{"weight":1.0E-4,"played":[0.9502,0.0498],"evs":[0.0,-0.80142]},"JTs":{"weight":0.5751,"played":[0.3222,0.6778],"evs":[0.0,0.11005]},"JJ":{"weight":1.0E-4,"played":[0.0,1.0],"evs":[0.0,10.10243]},"QJo":{"weight":0.0,"played":[0.9975,0.0025],"evs":[0.0,-1.41461]},"KJo":{"weight":0.9818,"played":[0.9822,0.0178],"evs":[0.0,-1.6895]},"AJo":{"weight":0.0,"played":[0.9408,0.0592],"evs":[0.0,-0.91928]},"Q2s":{"weight":0.0,"played":[1.0,0.0],"evs":[0.0,-3.15933]},"Q3s":{"weight":0.0,"played":[0.9883,0.0117],"evs":[0.0,-2.62567]},"Q4s":{"weight":0.0,"played":[0.9986,0.0014],"evs":[0.0,-3.12196]},"Q5s":{"weight":0.0,"played":[0.9999,1.0E-4],"evs":[0.0,-2.5866]},"Q6s":{"weight":0.0,"played":[0.9997,3.0E-4],"evs":[0.0,-1.9894]},"Q7s":{"weight":0.0,"played":[1.0,0.0],"evs":[0.0,-2.46401]},"Q8s":{"weight":0.0,"played":[0.9747,0.0253],"evs":[0.0,-1.42664]},"Q9s":{"weight":1.0E-4,"played":[0.8417,0.1583],"evs":[0.0,-0.68621]},"QTs":{"weight":0.9993,"played":[0.0647,0.9353],"evs":[0.0,0.57491]},"QJs":{"weight":0.9999,"played":[0.008,0.992],"evs":[0.0,0.36655]},"QQ":{"weight":0.0,"played":[0.0,1.0],"evs":[0.0,14.71552]},"KQo":{"weight":0.0119,"played":[0.9492,0.0508],"evs":[0.0,-0.8823]},"AQo":{"weight":0.0,"played":[0.0,1.0],"evs":[0.0,1.84319]},"K2s":{"weight":0.0,"played":[0.9999,1.0E-4],"evs":[0.0,-2.91763]},"K3s":{"weight":0.0,"played":[0.9997,3.0E-4],"evs":[0.0,-1.99011]},"K4s":{"weight":0.0,"played":[0.9954,0.0046],"evs":[0.0,-2.60793]},"K5s":{"weight":0.0,"played":[0.9989,0.0011],"evs":[0.0,-2.0449]},"K6s":{"weight":0.0,"played":[0.9987,0.0013],"evs":[0.0,-1.73164]},"K7s":{"weight":0.0,"played":[0.9977,0.0023],"evs":[0.0,-1.86638]},"K8s":{"weight":0.0,"played":[0.9937,0.0063],"evs":[0.0,-1.74436]},"K9s":{"weight":0.033,"played":[0.9892,0.0108],"evs":[0.0,-1.26367]},"KTs":{"weight":0.8731,"played":[0.4756,0.5244],"evs":[0.0,-0.14748]},"KJs":{"weight":0.7958,"played":[0.0,1.0],"evs":[0.0,0.63602]},"KQs":{"weight":0.2469,"played":[0.0,1.0],"evs":[0.0,1.86768]},"KK":{"weight":6.0E-4,"played":[0.0,1.0],"evs":[0.0,18.83253]},"AKo":{"weight":0.0,"played":[0.0,1.0],"evs":[0.0,4.76786]},"A2s":{"weight":0.2091,"played":[0.9997,3.0E-4],"evs":[0.0,-3.49324]},"A3s":{"weight":0.9986,"played":[0.9969,0.0031],"evs":[0.0,-3.3867]},"A4s":{"weight":0.9927,"played":[0.9847,0.0153],"evs":[0.0,-2.99597]},"A5s":{"weight":0.6419,"played":[0.9851,0.0149],"evs":[0.0,-2.14336]},"A6s":{"weight":0.9837,"played":[0.9954,0.0046],"evs":[0.0,-3.04345]},"A7s":{"weight":0.0696,"played":[0.9774,0.0226],"evs":[0.0,-2.06205]},"A8s":{"weight":0.2853,"played":[0.9915,0.0085],"evs":[0.0,-1.82464]},"A9s":{"weight":0.1617,"played":[0.8541,0.1459],"evs":[0.0,-2.23033]},"ATs":{"weight":0.0037,"played":[0.1661,0.8339],"evs":[0.0,-0.07003]},"AJs":{"weight":0.002,"played":[0.0,1.0],"evs":[0.0,2.00865]},"AQs":{"weight":0.0,"played":[1.0E-4,0.9999],"evs":[0.0,4.58476]},"AKs":{"weight":0.0,"played":[1.0E-4,0.9999],"evs":[0.0,7.25628]},"AA":{"weight":0.373,"played":[0.0,1.0],"evs":[0.0,26.69379]}}}