{"player":0,"street":0,"children":2,"sequence":[{"player":0,"type":"R","amount":200000,"street":0},{"player":1,"type":"C","amount":200000,"street":0},{"player":2,"type":"C","amount":200000,"street":0},{"player":3,"type":"R","amount":2055000,"street":0},{"player":4,"type":"F","amount":0,"street":0}],"actions":[{"type":"F","amount":0,"node":112},{"type":"C","amount":1795000,"node":114}],"hands":{"22":{"weight":0.0,"played":[0.9767,0.0233],"evs":[0.0,-1.30365]},"32o":{"weight":0.0,"played":[1.0,0.0],"evs":[0.0,-7.58282]},"42o":{"weight":0.0,"played":[1.0,0.0],"evs":[0.0,-7.31751]},"52o":{"weight":0.0,"played":[1.0,0.0],"evs":[0.0,-6.0782]},"62o":{"weight":0.0,"played":[0.9999,1.0E-4],"evs":[0.0,-6.39542]},"72o":{"weight":0.0,"played":[1.0,0.0],"evs":[0.0,-7.31945]},"82o":{"weight":0.0,"played":[1.0,0.0],"evs":[0.0,-6.80409]},"92o":{"weight":0.0,"played":[1.0,0.0],"evs":[0.0,-7.46736]},"T2o":{"weight":0.0,"played":[1.0,0.0],"evs":[0.0,-7.83975]},"J2o":{"weight":0.0,"played":[1.0,0.0],"evs":[0.0,-6.91703]},"Q2o":{"weight":0.0,"played":[1.0,0.0],"evs":[0.0,-5.70632]},"K2o":{"weight":0.0,"played":[0.9999,1.0E-4],"evs":[0.0,-6.27529]},"A2o":{"weight":0.0,"played":[0.9998,2.0E-4],"evs":[0.0,-3.5671]},"32s":{"weight":0.0,"played":[0.9964,0.0036],"evs":[0.0,-4.50013]},"33":{"weight":0.9994,"played":[0.9609,0.0391],"evs":[0.0,-0.00692]},"43o":{"weight":0.0,"played":[1.0,0.0],"evs":[0.0,-6.02531]},"53o":{"weight":0.0,"played":[1.0,0.0],"evs":[0.0,-5.26425]},"63o":{"weight":0.0,"played":[1.0,0.0],"evs":[0.0,-5.85689]},"73o":{"weight":0.0,"played":[1.0,0.0],"evs":[0.0,-6.32783]},"83o":{"weight":0.0,"played":[1.0,0.0],"evs":[0.0,-7.25987]},"93o":{"weight":0.0,"played":[1.0,0.0],"evs":[0.0,-7.06076]},"T3o":{"weight":0.0,"played":[0.9998,2.0E-4],"evs":[0.0,-6.85044]},"J3o":{"weight":0.0,"played":[1.0,0.0],"evs":[0.0,-7.09367]},"Q3o":{"weight":0.0,"played":[1.0,0.0],"evs":[0.0,-5.21021]},"K3o":{"weight":0.0,"played":[0.9999,1.0E-4],"evs":[0.0,-5.4837]},"A3o":{"weight":0.0,"played":[0.9985,0.0015],"evs":[0.0,-3.09262]},"42s":{"weight":0.0,"played":[1.0,0.0],"evs":[0.0,-5.62571]},"43s":{"weight":0.0,"played":[0.9999,1.0E-4],"evs":[0.0,-3.54077]},"44":{"weight":0.8448,"played":[0.0026,0.9974],"evs":[0.0,1.02896]},"54o":{"weight":0.0,"played":[1.0,0.0],"evs":[0.0,-4.22018]},"64o":{"weight":0.0,"played":[0.9998,2.0E-4],"evs":[0.0,-4.82837]},"74o":{"weight":0.0,"played":[1.0,0.0],"evs":[0.0,-5.71285]},"84o":{"weight":0.0,"played":[1.0,0.0],"evs":[0.0,-5.74138]},"94o":{"weight":0.0,"played":[1.0,0.0],"evs":[0.0,-6.84277]},"T4o":{"weight":0.0,"played":[1.0,0.0],"evs":[0.0,-6.8426]},"J4o":{"weight":0.0,"played":[1.0,0.0],"evs":[0.0,-6.6327]},"Q4o":{"weight":0.0,"played":[0.9998,2.0E-4],"evs":[0.0,-5.65426]},"K4o":{"weight":0.0,"played":[0.9994,6.0E-4],"evs":[0.0,-5.1303]},"A4o":{"weight":0.0,"played":[0.9997,3.0E-4],"evs":[0.0,-2.81232]},"52s":{"weight":0.0,"played":[0.9995,5.0E-4],"evs":[0.0,-3.77254]},"53s":{"weight":0.0,"played":[1.0,0.0],"evs":[0.0,-2.74652]},"54s":{"weight":0.0,"played":[0.9941,0.0059],"evs":[0.0,-2.45345]},"55":{"weight":0.9218,"played":[1.0E-4,0.9999],"evs":[0.0,2.92084]},"65o":{"weight":0.0,"played":[1.0,0.0],"evs":[0.0,-3.74518]},"75o":{"weight":0.0,"played":[1.0,0.0],"evs":[0.0,-3.69099]},"85o":{"weight":0.0,"played":[0.9999,1.0E-4],"evs":[0.0,-4.446]},"95o":{"weight":0.0,"played":[0.9999,1.0E-4],"evs":[0.0,-5.48526]},"T5o":{"weight":0.0,"played":[1.0,0.0],"evs":[0.0,-6.2151]},"J5o":{"weight":0.0,"played":[1.0,0.0],"evs":[0.0,-5.63642]},"Q5o":{"weight":0.0,"played":[0.9999,1.0E-4],"evs":[0.0,-4.38947]},"K5o":{"weight":0.0,"played":[0.9997,3.0E-4],"evs":[0.0,-5.01754]},"A5o":{"weight":0.7777,"played":[0.9979,0.0021],"evs":[0.0,-1.54383]},"62s":{"weight":0.0,"played":[0.9999,1.0E-4],"evs":[0.0,-5.0057]},"63s":{"weight":0.0,"played":[0.9999,1.0E-4],"evs":[0.0,-3.08863]},"64s":{"weight":0.0,"played":[0.9933,0.0067],"evs":[0.0,-2.61247]},"65s":{"weight":0.0,"played":[0.899,0.101],"evs":[0.0,-0.93351]},"66":{"weight":0.8752,"played":[8.0E-4,0.9992],"evs":[0.0,4.42217]},"76o":{"weight":0.0,"played":[0.9998,2.0E-4],"evs":[0.0,-2.99127]},"86o":{"weight":0.0,"played":[1.0,0.0],"evs":[0.0,-3.31276]},"96o":{"weight":0.0,"played":[1.0,0.0],"evs":[0.0,-4.497]},"T6o":{"weight":0.0,"played":[1.0,0.0],"evs":[0.0,-4.64032]},"J6o":{"weight":0.0,"played":[1.0,0.0],"evs":[0.0,-5.58159]},"Q6o":{"weight":0.0,"played":[1.0,0.0],"evs":[0.0,-4.07922]},"K6o":{"weight":0.0,"played":[1.0,0.0],"evs":[0.0,-4.17544]},"A6o":{"weight":0.0055,"played":[0.9996,4.0E-4],"evs":[0.0,-2.12171]},"72s":{"weight":0.0,"played":[0.9997,3.0E-4],"evs":[0.0,-5.09346]},"73s":{"weight":0.0,"played":[0.9999,1.0E-4],"evs":[0.0,-4.50792]},"74s":{"weight":0.0,"played":[0.9939,0.0061],"evs":[0.0,-2.54983]},"75s":{"weight":0.0,"played":[1.0,0.0],"evs":[0.0,-1.6365]},"76s":{"weight":0.0,"played":[0.9999,1.0E-4],"evs":[0.0,-1.3699]},"77":{"weight":0.9998,"played":[0.0,1.0],"evs":[0.0,6.12]},"87o":{"weight":0.0,"played":[0.9969,0.0031],"evs":[0.0,-3.56683]},"97o":{"weight":0.0,"played":[1.0,0.0],"evs":[0.0,-4.00387]},"T7o":{"weight":0.0,"played":[0.9987,0.0013],"evs":[0.0,-4.0847]},"J7o":{"weight":0.0,"played":[0.9999,1.0E-4],"evs":[0.0,-5.21684]},"Q7o":{"weight":0.0,"played":[0.9999,1.0E-4],"evs":[0.0,-4.17211]},"K7o":{"weight":0.0,"played":[0.9981,0.0019],"evs":[0.0,-3.80426]},"A7o":{"weight":1.0,"played":[0.9994,6.0E-4],"evs":[0.0,-1.54788]},"82s":{"weight":0.0,"played":[0.9977,0.0023],"evs":[0.0,-4.28176]},"83s":{"weight":0.0,"played":[0.9999,1.0E-4],"evs":[0.0,-4.29275]},"84s":{"weight":0.0,"played":[0.9994,6.0E-4],"evs":[0.0,-4.18183]},"85s":{"weight":0.0,"played":[0.999,0.001],"evs":[0.0,-2.09552]},"86s":{"weight":0.0,"played":[0.9907,0.0093],"evs":[0.0,-1.13666]},"87s":{"weight":0.0,"played":[0.9991,9.0E-4],"evs":[0.0,-1.63355]},"88":{"weight":1.0,"played":[0.0,1.0],"evs":[0.0,7.6557]},"98o":{"weight":0.0,"played":[0.9979,0.0021],"evs":[0.0,-2.37869]},"T8o":{"weight":0.0,"played":[0.9999,1.0E-4],"evs":[0.0,-3.30646]},"J8o":{"weight":0.0,"played":[1.0,0.0],"evs":[0.0,-4.04262]},"Q8o":{"weight":0.0,"played":[1.0,0.0],"evs":[0.0,-3.66726]},"K8o":{"weight":0.0,"played":[0.9998,2.0E-4],"evs":[0.0,-3.71999]},"A8o":{"weight":1.0,"played":[0.9677,0.0323],"evs":[0.0,-0.1679]},"92s":{"weight":0.0,"played":[0.9998,2.0E-4],"evs":[0.0,-4.80817]},"93s":{"weight":0.0,"played":[0.9999,1.0E-4],"evs":[0.0,-5.38264]},"94s":{"weight":0.0,"played":[0.9996,4.0E-4],"evs":[0.0,-3.1983]},"95s":{"weight":0.0,"played":[1.0,0.0],"evs":[0.0,-3.7009]},"96s":{"weight":0.0,"played":[0.9786,0.0214],"evs":[0.0,-1.83375]},"97s":{"weight":0.0,"played":[0.9581,0.0419],"evs":[0.0,-1.78165]},"98s":{"weight":0.974,"played":[1.0,0.0],"evs":[0.0,-0.75547]},"99":{"weight":1.0,"played":[0.0,1.0],"evs":[0.0,8.92187]},"T9o":{"weight":0.0,"played":[0.9995,5.0E-4],"evs":[0.0,-2.63764]},"J9o":{"weight":0.0,"played":[0.9981,0.0019],"evs":[0.0,-3.48977]},"Q9o":{"weight":0.0,"played":[0.9981,0.0019],"evs":[0.0,-2.56347]},"K9o":{"weight":0.0,"played":[0.9981,0.0019],"evs":[0.0,-3.69416]},"A9o":{"weight":0.9308,"played":[0.093,0.907],"evs":[0.0,0.51112]},"T2s":{"weight":0.0,"played":[0.9999,1.0E-4],"evs":[0.0,-4.48127]},"T3s":{"weight":0.0,"played":[0.9999,1.0E-4],"evs":[0.0,-4.52108]},"T4s":{"weight":0.0,"played":[1.0,0.0],"evs":[0.0,-4.45679]},"T5s":{"weight":0.0,"played":[0.9989,0.0011],"evs":[0.0,-3.24849]},"T6s":{"weight":0.0,"played":[1.0,0.0],"evs":[0.0,-2.15027]},"T7s":{"weight":0.0,"played":[0.9861,0.0139],"evs":[0.0,-3.39311]},"T8s":{"weight":0.9461,"played":[0.9157,0.0843],"evs":[0.0,-0.79103]},"T9s":{"weight":1.0,"played":[0.9891,0.0109],"evs":[0.0,-0.55991]},"TT":{"weight":1.0,"played":[0.0,1.0],"evs":[0.0,11.79004]},"JTo":{"weight":0.9934,"played":[0.9962,0.0038],"evs":[0.0,-2.1246]},"QTo":{"weight":0.9999,"played":[0.9918,0.0082],"evs":[0.0,-1.58013]},"KTo":{"weight":1.0,"played":[0.992,0.008],"evs":[0.0,-1.94779]},"ATo":{"weight":0.8385,"played":[0.0,1.0],"evs":[0.0,3.25216]},"J2s":{"weight":0.0,"played":[0.9987,0.0013],"evs":[0.0,-4.31677]},"J3s":{"weight":0.0,"played":[0.9994,6.0E-4],"evs":[0.0,-3.71428]},"J4s":{"weight":0.0,"played":[0.9955,0.0045],"evs":[0.0,-5.06849]},"J5s":{"weight":0.0,"played":[0.9993,7.0E-4],"evs":[0.0,-3.57012]},"J6s":{"weight":0.0,"played":[0.9986,0.0014],"evs":[0.0,-3.38478]},"J7s":{"weight":0.0,"played":[0.9809,0.0191],"evs":[0.0,-2.87446]},"J8s":{"weight":0.6296,"played":[0.9759,0.0241],"evs":[0.0,-1.94247]},"J9s":{"weight":1.0,"played":[0.9794,0.0206],"evs":[0.0,-0.99227]},"JTs":{"weight":0.9706,"played":[0.3177,0.6823],"evs":[0.0,0.04866]},"JJ":{"weight":1.0,"played":[0.0,1.0],"evs":[0.0,14.08693]},"QJo":{"weight":1.0,"played":[0.9995,5.0E-4],"evs":[0.0,-1.26721]},"KJo":{"weight":1.0,"played":[0.9911,0.0089],"evs":[0.0,-1.46223]},"AJo":{"weight":0.9496,"played":[0.0,1.0],"evs":[0.0,4.62822]},"Q2s":{"weight":0.0,"played":[0.9995,5.0E-4],"evs":[0.0,-3.64624]},"Q3s":{"weight":0.0,"played":[0.9998,2.0E-4],"evs":[0.0,-3.98223]},"Q4s":{"weight":0.0,"played":[0.9945,0.0055],"evs":[0.0,-3.74279]},"Q5s":{"weight":0.0,"played":[0.9988,0.0012],"evs":[0.0,-2.44561]},"Q6s":{"weight":0.0,"played":[0.9974,0.0026],"evs":[0.0,-2.0211]},"Q7s":{"weight":0.0,"played":[1.0,0.0],"evs":[0.0,-1.61758]},"Q8s":{"weight":0.9951,"played":[0.9891,0.0109],"evs":[0.0,-1.57493]},"Q9s":{"weight":0.9999,"played":[0.988,0.012],"evs":[0.0,-1.16979]},"QTs":{"weight":1.0,"played":[0.5295,0.4705],"evs":[0.0,0.53431]},"QJs":{"weight":0.9759,"played":[0.1213,0.8787],"evs":[0.0,0.35303]},"QQ":{"weight":1.0,"played":[0.0,1.0],"evs":[0.0,17.38953]},"KQo":{"weight":0.9064,"played":[0.0,1.0],"evs":[0.0,0.70417]},"AQo":{"weight":0.9841,"played":[0.0,1.0],"evs":[0.0,6.5371]},"K2s":{"weight":0.0,"played":[0.9972,0.0028],"evs":[0.0,-3.96563]},"K3s":{"weight":0.0,"played":[0.9992,8.0E-4],"evs":[0.0,-2.84204]},"K4s":{"weight":0.0,"played":[0.9973,0.0027],"evs":[0.0,-3.04316]},"K5s":{"weight":0.0,"played":[0.993,0.007],"evs":[0.0,-2.00492]},"K6s":{"weight":0.9724,"played":[0.9996,4.0E-4],"evs":[0.0,-2.11314]},"K7s":{"weight":0.9991,"played":[0.9975,0.0025],"evs":[0.0,-1.39038]},"K8s":{"weight":1.0,"played":[0.9993,7.0E-4],"evs":[0.0,-1.96279]},"K9s":{"weight":0.9999,"played":[0.9499,0.0501],"evs":[0.0,-1.64872]},"KTs":{"weight":0.932,"played":[0.6309,0.3691],"evs":[0.0,-0.57412]},"KJs":{"weight":0.9998,"played":[0.0,1.0],"evs":[0.0,1.64688]},"KQs":{"weight":0.9995,"played":[1.0E-4,0.9999],"evs":[0.0,3.10272]},"KK":{"weight":1.0,"played":[0.0,1.0],"evs":[0.0,20.59714]},"AKo":{"weight":1.0,"played":[0.0,1.0],"evs":[0.0,8.39518]},"A2s":{"weight":1.0,"played":[0.9915,0.0085],"evs":[0.0,-0.96306]},"A3s":{"weight":1.0,"played":[0.9864,0.0136],"evs":[0.0,-1.20614]},"A4s":{"weight":1.0,"played":[0.8144,0.1856],"evs":[0.0,-0.74712]},"A5s":{"weight":0.9283,"played":[0.0775,0.9225],"evs":[0.0,0.702]},"A6s":{"weight":1.0,"played":[0.8688,0.1312],"evs":[0.0,-0.54362]},"A7s":{"weight":0.9732,"played":[0.0045,0.9955],"evs":[0.0,1.25664]},"A8s":{"weight":0.9989,"played":[0.0092,0.9908],"evs":[0.0,1.49444]},"A9s":{"weight":1.0,"played":[0.0,1.0],"evs":[0.0,3.43888]},"ATs":{"weight":0.9999,"played":[0.0,1.0],"evs":[0.0,5.15199]},"AJs":{"weight":0.9999,"played":[0.0,1.0],"evs":[0.0,6.28917]},"AQs":{"weight":1.0,"played":[0.0,1.0],"evs":[0.0,9.03755]},"AKs":{"weight":0.9999,"played":[0.0,1.0],"evs":[0.0,8.84063]},"AA":{"weight":1.0,"played":[0.0,1.0],"evs":[0.0,27.71527]}}}