{"player":2,"street":0,"children":2,"sequence":[{"player":0,"type":"R","amount":200000,"street":0},{"player":1,"type":"C","amount":200000,"street":0},{"player":2,"type":"C","amount":200000,"street":0},{"player":3,"type":"R","amount":2055000,"street":0},{"player":4,"type":"C","amount":1955000,"street":0},{"player":0,"type":"C","amount":1795000,"street":0},{"player":1,"type":"F","amount":0,"street":0}],"actions":[{"type":"F","amount":0},{"type":"C","amount":1365000}],"hands":{"22":{"weight":0.0,"played":[0.5016,0.4984],"evs":[0.0,-8.50507]},"32o":{"weight":0.0,"played":[0.7832,0.2168],"evs":[0.0,-3.81799]},"42o":{"weight":0.0,"played":[0.4524,0.5476],"evs":[0.0,4.90085]},"52o":{"weight":0.0,"played":[0.8234,0.1766],"evs":[0.0,-12.52093]},"62o":{"weight":0.0,"played":[0.5762,0.4238],"evs":[0.0,-7.23528]},"72o":{"weight":0.0,"played":[0.9178,0.0822],"evs":[0.0,-13.91466]},"82o":{"weight":0.0,"played":[0.8345,0.1655],"evs":[0.0,-11.20873]},"92o":{"weight":0.0,"played":[0.2329,0.7671],"evs":[0.0,8.58884]},"T2o":{"weight":0.0,"played":[0.4005,0.5995],"evs":[0.0,3.9904]},"J2o":{"weight":0.0,"played":[0.7374,0.2626],"evs":[0.0,-0.3361]},"Q2o":{"weight":0.0,"played":[0.979,0.021],"evs":[0.0,-12.26171]},"K2o":{"weight":0.0,"played":[0.9045,0.0955],"evs":[0.0,-7.99944]},"A2o":{"weight":0.0,"played":[0.5693,0.4307],"evs":[0.0,5.88983]},"32s":{"weight":0.0,"played":[1.0,0.0],"evs":[0.0,-16.85169]},"33":{"weight":0.0,"played":[0.5114,0.4886],"evs":[0.0,-5.02789]},"43o":{"weight":0.0,"played":[1.0,0.0],"evs":[0.0,-10.0487]},"53o":{"weight":0.0,"played":[0.7006,0.2994],"evs":[0.0,-10.51746]},"63o":{"weight":0.0,"played":[0.6868,0.3132],"evs":[0.0,-9.98446]},"73o":{"weight":0.0,"played":[1.0,0.0],"evs":[0.0,-4.61841]},"83o":{"weight":0.0,"played":[0.6635,0.3365],"evs":[0.0,6.04344]},"93o":{"weight":0.0,"played":[0.7687,0.2313],"evs":[0.0,-11.37978]},"T3o":{"weight":0.0,"played":[0.4919,0.5081],"evs":[0.0,6.71733]},"J3o":{"weight":0.0,"played":[0.9116,0.0884],"evs":[0.0,-4.95013]},"Q3o":{"weight":0.0,"played":[0.7674,0.2326],"evs":[0.0,-13.55008]},"K3o":{"weight":0.0,"played":[0.64,0.36],"evs":[0.0,-9.89317]},"A3o":{"weight":0.0,"played":[0.9941,0.0059],"evs":[0.0,-16.85324]},"42s":{"weight":0.0,"played":[0.8841,0.1159],"evs":[0.0,-16.10151]},"43s":{"weight":0.0,"played":[0.099,0.901],"evs":[0.0,6.23215]},"44":{"weight":0.9861,"played":[1.0,0.0],"evs":[0.0,-9.44982]},"54o":{"weight":0.0,"played":[0.5235,0.4765],"evs":[0.0,11.92083]},"64o":{"weight":0.0,"played":[0.0348,0.9652],"evs":[0.0,4.28527]},"74o":{"weight":0.0,"played":[1.0,0.0],"evs":[0.0,-16.85463]},"84o":{"weight":0.0,"played":[0.8726,0.1274],"evs":[0.0,0.41688]},"94o":{"weight":0.0,"played":[0.7039,0.2961],"evs":[0.0,-12.33907]},"T4o":{"weight":0.0,"played":[0.0826,0.9174],"evs":[0.0,11.80598]},"J4o":{"weight":0.0,"played":[0.8724,0.1276],"evs":[0.0,-9.27246]},"Q4o":{"weight":0.0,"played":[1.0,0.0],"evs":[0.0,-16.8603]},"K4o":{"weight":0.0,"played":[0.6363,0.3637],"evs":[0.0,4.61334]},"A4o":{"weight":0.0,"played":[0.3332,0.6668],"evs":[0.0,-1.74472]},"52s":{"weight":0.0,"played":[1.0,0.0],"evs":[0.0,-2.00324]},"53s":{"weight":0.0,"played":[1.0,0.0],"evs":[0.0,-16.84115]},"54s":{"weight":0.0,"played":[0.9775,0.0225],"evs":[0.0,-16.86973]},"55":{"weight":0.4621,"played":[0.981,0.019],"evs":[0.0,-2.3117]},"65o":{"weight":0.0,"played":[0.9551,0.0449],"evs":[0.0,-16.17071]},"75o":{"weight":0.0,"played":[0.8814,0.1186],"evs":[0.0,-5.46416]},"85o":{"weight":0.0,"played":[0.1414,0.8586],"evs":[0.0,18.21957]},"95o":{"weight":0.0,"played":[0.898,0.102],"evs":[0.0,-13.48746]},"T5o":{"weight":0.0,"played":[0.9937,0.0063],"evs":[0.0,-16.63122]},"J5o":{"weight":0.0,"played":[1.0,0.0],"evs":[0.0,-16.84447]},"Q5o":{"weight":0.0,"played":[0.9906,0.0094],"evs":[0.0,-16.85417]},"K5o":{"weight":0.0,"played":[0.4111,0.5889],"evs":[0.0,-7.96023]},"A5o":{"weight":0.0,"played":[0.2733,0.7267],"evs":[0.0,10.88275]},"62s":{"weight":0.0,"played":[1.0,0.0],"evs":[0.0,-16.85055]},"63s":{"weight":0.0,"played":[1.0,0.0],"evs":[0.0,-16.84974]},"64s":{"weight":0.0,"played":[0.4889,0.5111],"evs":[0.0,-9.72822]},"65s":{"weight":0.0,"played":[1.0,0.0],"evs":[0.0,-16.88075]},"66":{"weight":0.0049,"played":[1.0,0.0],"evs":[0.0,-16.84851]},"76o":{"weight":0.0,"played":[0.6913,0.3087],"evs":[0.0,-6.77973]},"86o":{"weight":0.0,"played":[0.8396,0.1604],"evs":[0.0,-3.74115]},"96o":{"weight":0.0,"played":[0.6203,0.3797],"evs":[0.0,3.26811]},"T6o":{"weight":0.0,"played":[1.0,0.0],"evs":[0.0,-16.84897]},"J6o":{"weight":0.0,"played":[0.7296,0.2704],"evs":[0.0,6.08588]},"Q6o":{"weight":0.0,"played":[0.9406,0.0594],"evs":[0.0,-8.15249]},"K6o":{"weight":0.0,"played":[0.4344,0.5656],"evs":[0.0,-1.06223]},"A6o":{"weight":0.0,"played":[0.4984,0.5016],"evs":[0.0,-8.90769]},"72s":{"weight":0.0,"played":[0.8234,0.1766],"evs":[0.0,-14.44624]},"73s":{"weight":0.0,"played":[0.7018,0.2982],"evs":[0.0,-3.70077]},"74s":{"weight":0.0,"played":[0.7356,0.2644],"evs":[0.0,-16.84653]},"75s":{"weight":0.0,"played":[0.2433,0.7567],"evs":[0.0,0.09724]},"76s":{"weight":0.0,"played":[0.7473,0.2527],"evs":[0.0,1.45119]},"77":{"weight":2.0E-4,"played":[0.578,0.422],"evs":[0.0,14.93996]},"87o":{"weight":0.0,"played":[0.9732,0.0268],"evs":[0.0,-10.037]},"97o":{"weight":0.0,"played":[0.3624,0.6376],"evs":[0.0,21.49065]},"T7o":{"weight":0.0,"played":[0.639,0.361],"evs":[0.0,5.8866]},"J7o":{"weight":0.0,"played":[0.7753,0.2247],"evs":[0.0,-7.95961]},"Q7o":{"weight":0.0,"played":[0.9929,0.0071],"evs":[0.0,-16.86326]},"K7o":{"weight":0.0,"played":[0.9983,0.0017],"evs":[0.0,-11.06878]},"A7o":{"weight":0.0,"played":[0.2431,0.7569],"evs":[0.0,-2.05777]},"82s":{"weight":0.0,"played":[0.552,0.448],"evs":[0.0,40.04781]},"83s":{"weight":0.0,"played":[0.7542,0.2458],"evs":[0.0,-13.55975]},"84s":{"weight":0.0,"played":[0.5857,0.4143],"evs":[0.0,-9.84733]},"85s":{"weight":0.0,"played":[1.0,0.0],"evs":[0.0,-16.85378]},"86s":{"weight":0.0,"played":[0.439,0.561],"evs":[0.0,12.19088]},"87s":{"weight":0.0,"played":[0.2409,0.7591],"evs":[0.0,12.54791]},"88":{"weight":0.0,"played":[0.725,0.275],"evs":[0.0,-12.48507]},"98o":{"weight":0.0,"played":[0.9651,0.0349],"evs":[0.0,-9.64097]},"T8o":{"weight":0.0,"played":[0.8988,0.1012],"evs":[0.0,-2.10649]},"J8o":{"weight":0.0,"played":[0.9387,0.0613],"evs":[0.0,-5.51253]},"Q8o":{"weight":0.0,"played":[0.1585,0.8415],"evs":[0.0,12.35162]},"K8o":{"weight":0.0,"played":[1.0,0.0],"evs":[0.0,-16.83762]},"A8o":{"weight":0.0164,"played":[0.7141,0.2859],"evs":[0.0,-3.55752]},"92s":{"weight":0.0,"played":[0.4552,0.5448],"evs":[0.0,17.78995]},"93s":{"weight":0.0,"played":[0.5739,0.4261],"evs":[0.0,-8.10339]},"94s":{"weight":0.0,"played":[0.0,1.0],"evs":[0.0,7.13331]},"95s":{"weight":0.0,"played":[1.0,0.0],"evs":[0.0,-16.84]},"96s":{"weight":0.0,"played":[0.6845,0.3155],"evs":[0.0,27.24208]},"97s":{"weight":0.0,"played":[0.3178,0.6822],"evs":[0.0,-5.66128]},"98s":{"weight":2.0E-4,"played":[0.6606,0.3394],"evs":[0.0,3.31128]},"99":{"weight":4.0E-4,"played":[0.8142,0.1858],"evs":[0.0,-2.28798]},"T9o":{"weight":0.0,"played":[0.5556,0.4444],"evs":[0.0,-7.16734]},"J9o":{"weight":0.0,"played":[0.2775,0.7225],"evs":[0.0,6.0885]},"Q9o":{"weight":0.0,"played":[0.475,0.525],"evs":[0.0,1.64594]},"K9o":{"weight":0.0,"played":[0.6837,0.3163],"evs":[0.0,-11.13137]},"A9o":{"weight":0.9988,"played":[0.4144,0.5856],"evs":[0.0,5.04391]},"T2s":{"weight":0.0,"played":[1.0,0.0],"evs":[0.0,-0.66965]},"T3s":{"weight":0.0,"played":[0.9155,0.0845],"evs":[0.0,-16.84794]},"T4s":{"weight":0.0,"played":[0.9815,0.0185],"evs":[0.0,-16.85144]},"T5s":{"weight":0.0,"played":[0.7371,0.2629],"evs":[0.0,-13.69312]},"T6s":{"weight":0.0,"played":[1.0,0.0],"evs":[0.0,-16.8496]},"T7s":{"weight":0.0,"played":[0.1341,0.8659],"evs":[0.0,-6.63403]},"T8s":{"weight":0.0,"played":[0.6602,0.3398],"evs":[0.0,-9.64952]},"T9s":{"weight":0.0021,"played":[0.0,1.0],"evs":[0.0,-1.48415]},"TT":{"weight":0.0,"played":[0.7223,0.2777],"evs":[0.0,0.21169]},"JTo":{"weight":0.0,"played":[0.6548,0.3452],"evs":[0.0,-4.09477]},"QTo":{"weight":1.0E-4,"played":[0.9364,0.0636],"evs":[0.0,-11.68707]},"KTo":{"weight":0.0,"played":[0.7586,0.2414],"evs":[0.0,-12.76286]},"ATo":{"weight":0.0034,"played":[0.5782,0.4218],"evs":[0.0,-10.21799]},"J2s":{"weight":0.0,"played":[0.5998,0.4002],"evs":[0.0,18.2]},"J3s":{"weight":0.0,"played":[0.8409,0.1591],"evs":[0.0,-15.70134]},"J4s":{"weight":0.0,"played":[1.0,0.0],"evs":[0.0,-16.84648]},"J5s":{"weight":0.0,"played":[0.5792,0.4208],"evs":[0.0,-9.10518]},"J6s":{"weight":0.0,"played":[0.824,0.176],"evs":[0.0,-16.86886]},"J7s":{"weight":0.0,"played":[0.9075,0.0925],"evs":[0.0,18.65487]},"J8s":{"weight":0.0,"played":[0.621,0.379],"evs":[0.0,-8.17747]},"J9s":{"weight":1.0E-4,"played":[1.0,0.0],"evs":[0.0,-16.85384]},"JTs":{"weight":0.5751,"played":[1.0,0.0],"evs":[0.0,-16.85334]},"JJ":{"weight":1.0E-4,"played":[0.1151,0.8849],"evs":[0.0,1.37115]},"QJo":{"weight":0.0,"played":[0.4999,0.5001],"evs":[0.0,-3.80152]},"KJo":{"weight":0.9818,"played":[0.6204,0.3796],"evs":[0.0,-5.96215]},"AJo":{"weight":0.0,"played":[0.4414,0.5586],"evs":[0.0,18.50816]},"Q2s":{"weight":0.0,"played":[0.9667,0.0333],"evs":[0.0,-16.84399]},"Q3s":{"weight":0.0,"played":[1.0,0.0],"evs":[0.0,-16.85341]},"Q4s":{"weight":0.0,"played":[0.9838,0.0162],"evs":[0.0,-3.26266]},"Q5s":{"weight":0.0,"played":[0.1122,0.8878],"evs":[0.0,10.4395]},"Q6s":{"weight":0.0,"played":[0.7466,0.2534],"evs":[0.0,-1.58105]},"Q7s":{"weight":0.0,"played":[0.6956,0.3044],"evs":[0.0,-13.05477]},"Q8s":{"weight":0.0,"played":[0.0,1.0],"evs":[0.0,-6.07303]},"Q9s":{"weight":1.0E-4,"played":[0.0363,0.9637],"evs":[0.0,34.40919]},"QTs":{"weight":0.9993,"played":[0.5495,0.4505],"evs":[0.0,1.187]},"QJs":{"weight":0.9999,"played":[0.5806,0.4194],"evs":[0.0,-8.53645]},"QQ":{"weight":0.0,"played":[0.0574,0.9426],"evs":[0.0,0.45085]},"KQo":{"weight":0.0119,"played":[0.2427,0.7573],"evs":[0.0,-0.81947]},"AQo":{"weight":0.0,"played":[0.7637,0.2363],"evs":[0.0,-2.38773]},"K2s":{"weight":0.0,"played":[0.6861,0.3139],"evs":[0.0,-16.84652]},"K3s":{"weight":0.0,"played":[0.0,1.0],"evs":[0.0,-16.82969]},"K4s":{"weight":0.0,"played":[0.6213,0.3787],"evs":[0.0,-6.31982]},"K5s":{"weight":0.0,"played":[0.9859,0.0141],"evs":[0.0,-16.86557]},"K6s":{"weight":0.0,"played":[0.9344,0.0656],"evs":[0.0,-16.87477]},"K7s":{"weight":0.0,"played":[0.7431,0.2569],"evs":[0.0,-0.99011]},"K8s":{"weight":0.0,"played":[1.0,0.0],"evs":[0.0,-16.84875]},"K9s":{"weight":0.033,"played":[0.3963,0.6037],"evs":[0.0,3.29944]},"KTs":{"weight":0.8731,"played":[0.4277,0.5723],"evs":[0.0,-7.63102]},"KJs":{"weight":0.7958,"played":[0.1428,0.8572],"evs":[0.0,18.86201]},"KQs":{"weight":0.2469,"played":[0.0,1.0],"evs":[0.0,11.18586]},"KK":{"weight":6.0E-4,"played":[0.1133,0.8867],"evs":[0.0,31.93212]},"AKo":{"weight":0.0,"played":[0.063,0.937],"evs":[0.0,11.28882]},"A2s":{"weight":0.2091,"played":[0.3116,0.6884],"evs":[0.0,14.03853]},"A3s":{"weight":0.9986,"played":[0.6983,0.3017],"evs":[0.0,-11.24307]},"A4s":{"weight":0.9927,"played":[0.5973,0.4027],"evs":[0.0,-9.37434]},"A5s":{"weight":0.6419,"played":[0.7982,0.2018],"evs":[0.0,20.05741]},"A6s":{"weight":0.9837,"played":[0.7294,0.2706],"evs":[0.0,-3.90854]},"A7s":{"weight":0.0696,"played":[0.0014,0.9986],"evs":[0.0,23.81113]},"A8s":{"weight":0.2853,"played":[0.3918,0.6082],"evs":[0.0,-10.62315]},"A9s":{"weight":0.1617,"played":[0.8313,0.1687],"evs":[0.0,-11.38149]},"ATs":{"weight":0.0037,"played":[0.4997,0.5003],"evs":[0.0,13.13998]},"AJs":{"weight":0.002,"played":[0.2764,0.7236],"evs":[0.0,-3.564]},"AQs":{"weight":0.0,"played":[0.2753,0.7247],"evs":[0.0,4.06425]},"AKs":{"weight":0.0,"played":[0.0,1.0],"evs":[0.0,4.38511]},"AA":{"weight":0.373,"played":[0.1278,0.8722],"evs":[0.0,21.26622]}}}