{"player":3,"street":0,"children":2,"sequence":[{"player":0,"type":"R","amount":200000,"street":0},{"player":1,"type":"C","amount":200000,"street":0},{"player":2,"type":"R","amount":1565000,"street":0}],"actions":[{"type":"F","amount":0,"node":123},{"type":"R","amount":2155000,"node":130}],"hands":{"22":{"weight":1.0,"played":[1.0,0.0],"evs":[0.0,-1.18436]},"32o":{"weight":1.0,"played":[1.0,0.0],"evs":[0.0,-6.60073]},"42o":{"weight":1.0,"played":[1.0,0.0],"evs":[0.0,-6.23115]},"52o":{"weight":1.0,"played":[1.0,0.0],"evs":[0.0,-6.16789]},"62o":{"weight":1.0,"played":[1.0,0.0],"evs":[0.0,-6.55649]},"72o":{"weight":1.0,"played":[1.0,0.0],"evs":[0.0,-7.42974]},"82o":{"weight":1.0,"played":[1.0,0.0],"evs":[0.0,-7.00933]},"92o":{"weight":1.0,"played":[1.0,0.0],"evs":[0.0,-6.69653]},"T2o":{"weight":1.0,"played":[1.0,0.0],"evs":[0.0,-7.27322]},"J2o":{"weight":1.0,"played":[1.0,0.0],"evs":[0.0,-6.77552]},"Q2o":{"weight":1.0,"played":[1.0,0.0],"evs":[0.0,-6.72265]},"K2o":{"weight":1.0,"played":[1.0,0.0],"evs":[0.0,-5.98383]},"A2o":{"weight":1.0,"played":[1.0,0.0],"evs":[0.0,-4.72566]},"32s":{"weight":1.0,"played":[1.0,0.0],"evs":[0.0,-4.24457]},"33":{"weight":1.0,"played":[0.9967,0.0033],"evs":[0.0,-1.09837]},"43o":{"weight":1.0,"played":[1.0,0.0],"evs":[0.0,-5.36813]},"53o":{"weight":1.0,"played":[1.0,0.0],"evs":[0.0,-5.15555]},"63o":{"weight":1.0,"played":[1.0,0.0],"evs":[0.0,-5.88719]},"73o":{"weight":1.0,"played":[1.0,0.0],"evs":[0.0,-6.68705]},"83o":{"weight":1.0,"played":[1.0,0.0],"evs":[0.0,-7.07407]},"93o":{"weight":1.0,"played":[1.0,0.0],"evs":[0.0,-6.68358]},"T3o":{"weight":1.0,"played":[1.0,0.0],"evs":[0.0,-6.94975]},"J3o":{"weight":1.0,"played":[1.0,0.0],"evs":[0.0,-6.34886]},"Q3o":{"weight":1.0,"played":[1.0,0.0],"evs":[0.0,-6.40317]},"K3o":{"weight":1.0,"played":[1.0,0.0],"evs":[0.0,-5.86671]},"A3o":{"weight":1.0,"played":[1.0,0.0],"evs":[0.0,-4.47761]},"42s":{"weight":1.0,"played":[0.9998,2.0E-4],"evs":[0.0,-3.96847]},"43s":{"weight":1.0,"played":[0.9994,6.0E-4],"evs":[0.0,-3.28228]},"44":{"weight":1.0,"played":[0.9332,0.0668],"evs":[0.0,-0.76918]},"54o":{"weight":1.0,"played":[1.0,0.0],"evs":[0.0,-4.37594]},"64o":{"weight":1.0,"played":[1.0,0.0],"evs":[0.0,-5.00134]},"74o":{"weight":1.0,"played":[1.0,0.0],"evs":[0.0,-5.77709]},"84o":{"weight":1.0,"played":[1.0,0.0],"evs":[0.0,-6.23233]},"94o":{"weight":1.0,"played":[1.0,0.0],"evs":[0.0,-6.81062]},"T4o":{"weight":1.0,"played":[1.0,0.0],"evs":[0.0,-6.59533]},"J4o":{"weight":1.0,"played":[1.0,0.0],"evs":[0.0,-6.17758]},"Q4o":{"weight":1.0,"played":[1.0,0.0],"evs":[0.0,-6.0717]},"K4o":{"weight":1.0,"played":[1.0,0.0],"evs":[0.0,-5.42313]},"A4o":{"weight":1.0,"played":[1.0,0.0],"evs":[0.0,-4.39981]},"52s":{"weight":1.0,"played":[1.0,0.0],"evs":[0.0,-3.86936]},"53s":{"weight":1.0,"played":[1.0,0.0],"evs":[0.0,-3.05743]},"54s":{"weight":1.0,"played":[0.9985,0.0015],"evs":[0.0,-2.23526]},"55":{"weight":1.0,"played":[0.7853,0.2147],"evs":[0.0,-0.05634]},"65o":{"weight":1.0,"played":[1.0,0.0],"evs":[0.0,-4.20174]},"75o":{"weight":1.0,"played":[1.0,0.0],"evs":[0.0,-4.93046]},"85o":{"weight":1.0,"played":[1.0,0.0],"evs":[0.0,-5.51472]},"95o":{"weight":1.0,"played":[1.0,0.0],"evs":[0.0,-6.10232]},"T5o":{"weight":1.0,"played":[1.0,0.0],"evs":[0.0,-6.82181]},"J5o":{"weight":1.0,"played":[1.0,0.0],"evs":[0.0,-6.31606]},"Q5o":{"weight":1.0,"played":[1.0,0.0],"evs":[0.0,-6.02477]},"K5o":{"weight":1.0,"played":[1.0,0.0],"evs":[0.0,-5.63082]},"A5o":{"weight":1.0,"played":[0.9999,1.0E-4],"evs":[0.0,-4.32223]},"62s":{"weight":1.0,"played":[1.0,0.0],"evs":[0.0,-4.8456]},"63s":{"weight":1.0,"played":[0.9972,0.0028],"evs":[0.0,-3.43671]},"64s":{"weight":1.0,"played":[0.9999,1.0E-4],"evs":[0.0,-2.90866]},"65s":{"weight":1.0,"played":[1.0,0.0],"evs":[0.0,-2.26602]},"66":{"weight":1.0,"played":[0.0,1.0],"evs":[0.0,0.95728]},"76o":{"weight":1.0,"played":[1.0,0.0],"evs":[0.0,-4.14741]},"86o":{"weight":1.0,"played":[1.0,0.0],"evs":[0.0,-4.51958]},"96o":{"weight":1.0,"played":[1.0,0.0],"evs":[0.0,-5.02239]},"T6o":{"weight":1.0,"played":[1.0,0.0],"evs":[0.0,-6.11243]},"J6o":{"weight":1.0,"played":[1.0,0.0],"evs":[0.0,-6.12241]},"Q6o":{"weight":1.0,"played":[1.0,0.0],"evs":[0.0,-5.55608]},"K6o":{"weight":1.0,"played":[1.0,0.0],"evs":[0.0,-5.45099]},"A6o":{"weight":1.0,"played":[1.0,0.0],"evs":[0.0,-5.05877]},"72s":{"weight":1.0,"played":[1.0,0.0],"evs":[0.0,-5.55009]},"73s":{"weight":1.0,"played":[1.0,0.0],"evs":[0.0,-4.22986]},"74s":{"weight":1.0,"played":[0.9997,3.0E-4],"evs":[0.0,-3.65771]},"75s":{"weight":1.0,"played":[0.9994,6.0E-4],"evs":[0.0,-2.932]},"76s":{"weight":1.0,"played":[0.9985,0.0015],"evs":[0.0,-2.11388]},"77":{"weight":1.0,"played":[0.0,1.0],"evs":[0.0,2.09911]},"87o":{"weight":1.0,"played":[0.9999,1.0E-4],"evs":[0.0,-4.31581]},"97o":{"weight":1.0,"played":[1.0,0.0],"evs":[0.0,-4.43015]},"T7o":{"weight":1.0,"played":[1.0,0.0],"evs":[0.0,-5.15078]},"J7o":{"weight":1.0,"played":[1.0,0.0],"evs":[0.0,-5.44224]},"Q7o":{"weight":1.0,"played":[1.0,0.0],"evs":[0.0,-5.81554]},"K7o":{"weight":1.0,"played":[1.0,0.0],"evs":[0.0,-5.05791]},"A7o":{"weight":1.0,"played":[1.0,0.0],"evs":[0.0,-4.48504]},"82s":{"weight":1.0,"played":[1.0,0.0],"evs":[0.0,-5.26955]},"83s":{"weight":1.0,"played":[1.0,0.0],"evs":[0.0,-4.81452]},"84s":{"weight":1.0,"played":[1.0,0.0],"evs":[0.0,-3.93958]},"85s":{"weight":1.0,"played":[0.9999,1.0E-4],"evs":[0.0,-3.42432]},"86s":{"weight":1.0,"played":[0.9999,1.0E-4],"evs":[0.0,-2.50655]},"87s":{"weight":1.0,"played":[0.9998,2.0E-4],"evs":[0.0,-2.02674]},"88":{"weight":1.0,"played":[0.0,1.0],"evs":[0.0,3.91099]},"98o":{"weight":1.0,"played":[1.0,0.0],"evs":[0.0,-3.69556]},"T8o":{"weight":1.0,"played":[1.0,0.0],"evs":[0.0,-4.55226]},"J8o":{"weight":1.0,"played":[1.0,0.0],"evs":[0.0,-4.6169]},"Q8o":{"weight":1.0,"played":[1.0,0.0],"evs":[0.0,-4.64446]},"K8o":{"weight":1.0,"played":[1.0,0.0],"evs":[0.0,-4.78586]},"A8o":{"weight":1.0,"played":[1.0,0.0],"evs":[0.0,-3.91127]},"92s":{"weight":1.0,"played":[0.9999,1.0E-4],"evs":[0.0,-4.52273]},"93s":{"weight":1.0,"played":[1.0,0.0],"evs":[0.0,-4.67914]},"94s":{"weight":1.0,"played":[1.0,0.0],"evs":[0.0,-4.50094]},"95s":{"weight":1.0,"played":[1.0,0.0],"evs":[0.0,-3.78569]},"96s":{"weight":1.0,"played":[0.9997,3.0E-4],"evs":[0.0,-2.56959]},"97s":{"weight":1.0,"played":[1.0,0.0],"evs":[0.0,-2.17924]},"98s":{"weight":1.0,"played":[0.9999,1.0E-4],"evs":[0.0,-2.13067]},"99":{"weight":1.0,"played":[0.0,1.0],"evs":[0.0,5.88852]},"T9o":{"weight":1.0,"played":[1.0,0.0],"evs":[0.0,-3.37926]},"J9o":{"weight":1.0,"played":[1.0,0.0],"evs":[0.0,-3.60769]},"Q9o":{"weight":1.0,"played":[1.0,0.0],"evs":[0.0,-4.26073]},"K9o":{"weight":1.0,"played":[1.0,0.0],"evs":[0.0,-3.96581]},"A9o":{"weight":1.0,"played":[0.9996,4.0E-4],"evs":[0.0,-3.09589]},"T2s":{"weight":1.0,"played":[1.0,0.0],"evs":[0.0,-4.83719]},"T3s":{"weight":1.0,"played":[1.0,0.0],"evs":[0.0,-4.8969]},"T4s":{"weight":1.0,"played":[1.0,0.0],"evs":[0.0,-4.1472]},"T5s":{"weight":1.0,"played":[1.0,0.0],"evs":[0.0,-4.69852]},"T6s":{"weight":1.0,"played":[1.0,0.0],"evs":[0.0,-3.64001]},"T7s":{"weight":1.0,"played":[0.9998,2.0E-4],"evs":[0.0,-3.60409]},"T8s":{"weight":1.0,"played":[0.9967,0.0033],"evs":[0.0,-2.44157]},"T9s":{"weight":1.0,"played":[0.9998,2.0E-4],"evs":[0.0,-1.67813]},"TT":{"weight":1.0,"played":[0.0,1.0],"evs":[0.0,7.79001]},"JTo":{"weight":1.0,"played":[1.0,0.0],"evs":[0.0,-3.10101]},"QTo":{"weight":1.0,"played":[0.9999,1.0E-4],"evs":[0.0,-3.61245]},"KTo":{"weight":1.0,"played":[0.9999,1.0E-4],"evs":[0.0,-3.30366]},"ATo":{"weight":1.0,"played":[0.9997,3.0E-4],"evs":[0.0,-1.59181]},"J2s":{"weight":1.0,"played":[1.0,0.0],"evs":[0.0,-4.40979]},"J3s":{"weight":1.0,"played":[1.0,0.0],"evs":[0.0,-3.66362]},"J4s":{"weight":1.0,"played":[1.0,0.0],"evs":[0.0,-4.13487]},"J5s":{"weight":1.0,"played":[0.9999,1.0E-4],"evs":[0.0,-3.48667]},"J6s":{"weight":1.0,"played":[0.9999,1.0E-4],"evs":[0.0,-3.64815]},"J7s":{"weight":1.0,"played":[1.0,0.0],"evs":[0.0,-3.01046]},"J8s":{"weight":1.0,"played":[0.9997,3.0E-4],"evs":[0.0,-2.06681]},"J9s":{"weight":1.0,"played":[0.9997,3.0E-4],"evs":[0.0,-1.28632]},"JTs":{"weight":1.0,"played":[0.9357,0.0643],"evs":[0.0,-0.83869]},"JJ":{"weight":1.0,"played":[0.0,1.0],"evs":[0.0,11.39876]},"QJo":{"weight":1.0,"played":[0.9998,2.0E-4],"evs":[0.0,-2.89745]},"KJo":{"weight":1.0,"played":[0.9991,9.0E-4],"evs":[0.0,-2.60658]},"AJo":{"weight":1.0,"played":[0.0,1.0],"evs":[0.0,0.58816]},"Q2s":{"weight":1.0,"played":[1.0,0.0],"evs":[0.0,-4.03909]},"Q3s":{"weight":1.0,"played":[1.0,0.0],"evs":[0.0,-4.05267]},"Q4s":{"weight":1.0,"played":[1.0,0.0],"evs":[0.0,-3.58591]},"Q5s":{"weight":1.0,"played":[1.0,0.0],"evs":[0.0,-3.70194]},"Q6s":{"weight":1.0,"played":[0.9999,1.0E-4],"evs":[0.0,-3.63319]},"Q7s":{"weight":1.0,"played":[0.9996,4.0E-4],"evs":[0.0,-3.72015]},"Q8s":{"weight":1.0,"played":[0.9991,9.0E-4],"evs":[0.0,-2.98144]},"Q9s":{"weight":1.0,"played":[0.9979,0.0021],"evs":[0.0,-1.91473]},"QTs":{"weight":1.0,"played":[0.9982,0.0018],"evs":[0.0,-1.44131]},"QJs":{"weight":1.0,"played":[0.9217,0.0783],"evs":[0.0,-0.4552]},"QQ":{"weight":1.0,"played":[0.0,1.0],"evs":[0.0,14.8846]},"KQo":{"weight":1.0,"played":[0.9944,0.0056],"evs":[0.0,-1.51686]},"AQo":{"weight":1.0,"played":[0.0,1.0],"evs":[0.0,3.30739]},"K2s":{"weight":1.0,"played":[1.0,0.0],"evs":[0.0,-3.61061]},"K3s":{"weight":1.0,"played":[0.9998,2.0E-4],"evs":[0.0,-3.39525]},"K4s":{"weight":1.0,"played":[1.0,0.0],"evs":[0.0,-3.1818]},"K5s":{"weight":1.0,"played":[0.9999,1.0E-4],"evs":[0.0,-3.49802]},"K6s":{"weight":1.0,"played":[0.9999,1.0E-4],"evs":[0.0,-2.82311]},"K7s":{"weight":1.0,"played":[0.9999,1.0E-4],"evs":[0.0,-3.34748]},"K8s":{"weight":1.0,"played":[0.9999,1.0E-4],"evs":[0.0,-2.78318]},"K9s":{"weight":1.0,"played":[0.9975,0.0025],"evs":[0.0,-1.83558]},"KTs":{"weight":1.0,"played":[0.9729,0.0271],"evs":[0.0,-1.21357]},"KJs":{"weight":1.0,"played":[0.9941,0.0059],"evs":[0.0,-0.97902]},"KQs":{"weight":1.0,"played":[0.0035,0.9965],"evs":[0.0,0.64132]},"KK":{"weight":1.0,"played":[0.0,1.0],"evs":[0.0,19.18237]},"AKo":{"weight":1.0,"played":[0.0,1.0],"evs":[0.0,6.53719]},"A2s":{"weight":1.0,"played":[0.9998,2.0E-4],"evs":[0.0,-2.10992]},"A3s":{"weight":1.0,"played":[0.9996,4.0E-4],"evs":[0.0,-1.79965]},"A4s":{"weight":1.0,"played":[1.0,0.0],"evs":[0.0,-1.6529]},"A5s":{"weight":1.0,"played":[0.9999,1.0E-4],"evs":[0.0,-1.51336]},"A6s":{"weight":1.0,"played":[0.9994,6.0E-4],"evs":[0.0,-2.37211]},"A7s":{"weight":1.0,"played":[0.9974,0.0026],"evs":[0.0,-1.7483]},"A8s":{"weight":1.0,"played":[0.9991,9.0E-4],"evs":[0.0,-1.83853]},"A9s":{"weight":1.0,"played":[0.9948,0.0052],"evs":[0.0,-0.58621]},"ATs":{"weight":1.0,"played":[0.3895,0.6105],"evs":[0.0,0.14348]},"AJs":{"weight":1.0,"played":[0.0,1.0],"evs":[0.0,2.61524]},"AQs":{"weight":1.0,"played":[0.0,1.0],"evs":[0.0,5.27892]},"AKs":{"weight":1.0,"played":[0.0,1.0],"evs":[0.0,7.82281]},"AA":{"weight":1.0,"played":[0.0,1.0],"evs":[0.0,26.36321]}}}