{"player":1,"street":0,"children":2,"sequence":[{"player":0,"type":"R","amount":200000,"street":0},{"player":1,"type":"C","amount":200000,"street":0},{"player":2,"type":"R","amount":1565000,"street":0},{"player":3,"type":"F","amount":0,"street":0},{"player":4,"type":"F","amount":0,"street":0},{"player":0,"type":"C","amount":1365000,"street":0}],"actions":[{"type":"F","amount":0},{"type":"C","amount":105000}],"hands":{"22":{"weight":0.0,"played":[0.0,1.0],"evs":[0.0,2.2117]},"32o":{"weight":0.0,"played":[0.0,1.0],"evs":[0.0,1.15554]},"42o":{"weight":0.0,"played":[0.0,1.0],"evs":[0.0,1.25563]},"52o":{"weight":0.0,"played":[0.0,1.0],"evs":[0.0,1.28971]},"62o":{"weight":0.0,"played":[0.0,1.0],"evs":[0.0,1.18922]},"72o":{"weight":0.0,"played":[0.0,1.0],"evs":[0.0,1.01932]},"82o":{"weight":0.0,"played":[0.0,1.0],"evs":[0.0,1.09891]},"92o":{"weight":0.0,"played":[0.0,1.0],"evs":[0.0,1.16312]},"T2o":{"weight":0.0,"played":[0.0,1.0],"evs":[0.0,1.11937]},"J2o":{"weight":0.0,"played":[0.0,1.0],"evs":[0.0,1.20169]},"Q2o":{"weight":0.0,"played":[0.0,1.0],"evs":[0.0,1.16923]},"K2o":{"weight":0.0,"played":[0.0,1.0],"evs":[0.0,1.41755]},"A2o":{"weight":0.0,"played":[0.0,1.0],"evs":[0.0,1.3076]},"32s":{"weight":0.0,"played":[0.0,1.0],"evs":[0.0,1.67737]},"33":{"weight":0.0,"played":[0.0,1.0],"evs":[0.0,2.28227]},"43o":{"weight":0.0,"played":[0.0,1.0],"evs":[0.0,1.47435]},"53o":{"weight":0.0,"played":[0.0,1.0],"evs":[0.0,1.57559]},"63o":{"weight":0.0,"played":[0.0,1.0],"evs":[0.0,1.42251]},"73o":{"weight":0.0,"played":[0.0,1.0],"evs":[0.0,1.18298]},"83o":{"weight":0.0,"played":[0.0,1.0],"evs":[0.0,1.10911]},"93o":{"weight":0.0,"played":[0.0,1.0],"evs":[0.0,1.17198]},"T3o":{"weight":0.0,"played":[0.0,1.0],"evs":[0.0,1.14466]},"J3o":{"weight":0.0,"played":[0.0,1.0],"evs":[0.0,1.26328]},"Q3o":{"weight":0.0,"played":[0.0,1.0],"evs":[0.0,1.25627]},"K3o":{"weight":0.0,"played":[0.0,1.0],"evs":[0.0,1.44265]},"A3o":{"weight":1.0E-4,"played":[0.0,1.0],"evs":[0.0,1.38196]},"42s":{"weight":0.0,"played":[0.0,1.0],"evs":[0.0,1.67127]},"43s":{"weight":0.0,"played":[0.0,1.0],"evs":[0.0,1.97095]},"44":{"weight":0.0,"played":[0.0,1.0],"evs":[0.0,2.4578]},"54o":{"weight":0.0,"played":[0.0,1.0],"evs":[0.0,1.76296]},"64o":{"weight":0.0,"played":[0.0,1.0],"evs":[0.0,1.66787]},"74o":{"weight":0.0,"played":[0.0,1.0],"evs":[0.0,1.46634]},"84o":{"weight":0.0,"played":[0.0,1.0],"evs":[0.0,1.36312]},"94o":{"weight":0.0,"played":[0.0,1.0],"evs":[0.0,1.24557]},"T4o":{"weight":0.0,"played":[0.0,1.0],"evs":[0.0,1.20694]},"J4o":{"weight":0.0,"played":[0.0,1.0],"evs":[0.0,1.3347]},"Q4o":{"weight":0.0,"played":[0.0,1.0],"evs":[0.0,1.3742]},"K4o":{"weight":0.0,"played":[0.0,1.0],"evs":[0.0,1.48359]},"A4o":{"weight":0.0,"played":[0.0,1.0],"evs":[0.0,1.50997]},"52s":{"weight":0.0,"played":[0.0,1.0],"evs":[0.0,1.87174]},"53s":{"weight":0.0,"played":[0.0,1.0],"evs":[0.0,2.00753]},"54s":{"weight":0.992,"played":[0.0,1.0],"evs":[0.0,2.22396]},"55":{"weight":0.9691,"played":[0.0,1.0],"evs":[0.0,2.60074]},"65o":{"weight":0.0,"played":[0.0,1.0],"evs":[0.0,1.84209]},"75o":{"weight":0.0,"played":[0.0,1.0],"evs":[0.0,1.6852]},"85o":{"weight":0.0,"played":[0.0,1.0],"evs":[0.0,1.56981]},"95o":{"weight":0.0,"played":[0.0,1.0],"evs":[0.0,1.4436]},"T5o":{"weight":0.0,"played":[0.0,1.0],"evs":[0.0,1.25194]},"J5o":{"weight":0.0,"played":[0.0,1.0],"evs":[0.0,1.37076]},"Q5o":{"weight":0.0,"played":[0.0,1.0],"evs":[0.0,1.40811]},"K5o":{"weight":0.0,"played":[0.0,1.0],"evs":[0.0,1.57896]},"A5o":{"weight":4.0E-4,"played":[0.0,1.0],"evs":[0.0,1.60958]},"62s":{"weight":0.0,"played":[0.0,1.0],"evs":[0.0,1.58349]},"63s":{"weight":0.0,"played":[0.0,1.0],"evs":[0.0,1.90734]},"64s":{"weight":2.0E-4,"played":[0.0,1.0],"evs":[0.0,2.1873]},"65s":{"weight":0.9999,"played":[0.0,1.0],"evs":[0.0,2.29268]},"66":{"weight":1.0,"played":[0.0,1.0],"evs":[0.0,2.79467]},"76o":{"weight":0.0,"played":[0.0,1.0],"evs":[0.0,1.90019]},"86o":{"weight":0.0,"played":[0.0,1.0],"evs":[0.0,1.8347]},"96o":{"weight":0.0,"played":[0.0,1.0],"evs":[0.0,1.6432]},"T6o":{"weight":0.0,"played":[0.0,1.0],"evs":[0.0,1.44188]},"J6o":{"weight":0.0,"played":[0.0,1.0],"evs":[0.0,1.4595]},"Q6o":{"weight":0.0,"played":[0.0,1.0],"evs":[0.0,1.50102]},"K6o":{"weight":0.0,"played":[0.0,1.0],"evs":[0.0,1.64587]},"A6o":{"weight":4.0E-4,"played":[0.0,1.0],"evs":[0.0,1.43078]},"72s":{"weight":0.0,"played":[0.0,1.0],"evs":[0.0,1.58188]},"73s":{"weight":0.0,"played":[0.0,1.0],"evs":[0.0,1.76206]},"74s":{"weight":0.0,"played":[0.0,1.0],"evs":[0.0,1.98928]},"75s":{"weight":0.9557,"played":[0.0,1.0],"evs":[0.0,2.1761]},"76s":{"weight":0.9998,"played":[0.0,1.0],"evs":[0.0,2.32751]},"77":{"weight":1.0,"played":[0.0,1.0],"evs":[0.0,3.03148]},"87o":{"weight":0.0,"played":[0.0,1.0],"evs":[0.0,1.91244]},"97o":{"weight":0.0,"played":[0.0,1.0],"evs":[0.0,1.79745]},"T7o":{"weight":0.0,"played":[0.0,1.0],"evs":[0.0,1.63722]},"J7o":{"weight":0.0,"played":[0.0,1.0],"evs":[0.0,1.60554]},"Q7o":{"weight":0.0,"played":[0.0,1.0],"evs":[0.0,1.47323]},"K7o":{"weight":0.0,"played":[0.0,1.0],"evs":[0.0,1.707]},"A7o":{"weight":1.0E-4,"played":[0.0,1.0],"evs":[0.0,1.51137]},"82s":{"weight":0.0,"played":[0.0,1.0],"evs":[0.0,1.71683]},"83s":{"weight":0.0,"played":[0.0,1.0],"evs":[0.0,1.71364]},"84s":{"weight":0.0,"played":[0.0,1.0],"evs":[0.0,1.93193]},"85s":{"weight":0.0,"played":[0.0,1.0],"evs":[0.0,2.12542]},"86s":{"weight":0.9995,"played":[0.0,1.0],"evs":[0.0,2.29916]},"87s":{"weight":1.0,"played":[0.0,1.0],"evs":[0.0,2.41578]},"88":{"weight":1.0,"played":[0.0,1.0],"evs":[0.0,3.38113]},"98o":{"weight":0.0,"played":[0.0,1.0],"evs":[0.0,1.96388]},"T8o":{"weight":0.0,"played":[0.0,1.0],"evs":[0.0,1.84926]},"J8o":{"weight":0.0,"played":[0.0,1.0],"evs":[0.0,1.82765]},"Q8o":{"weight":0.0,"played":[0.0,1.0],"evs":[0.0,1.63115]},"K8o":{"weight":0.0,"played":[0.0,1.0],"evs":[0.0,1.77728]},"A8o":{"weight":0.0187,"played":[0.0,1.0],"evs":[0.0,1.57435]},"92s":{"weight":0.0,"played":[0.0,1.0],"evs":[0.0,1.66341]},"93s":{"weight":0.0,"played":[0.0,1.0],"evs":[0.0,1.83802]},"94s":{"weight":0.0,"played":[0.0,1.0],"evs":[0.0,1.76389]},"95s":{"weight":0.0,"played":[0.0,1.0],"evs":[0.0,1.85]},"96s":{"weight":0.9972,"played":[0.0,1.0],"evs":[0.0,2.1993]},"97s":{"weight":0.9999,"played":[0.0,1.0],"evs":[0.0,2.31914]},"98s":{"weight":1.0,"played":[0.0,1.0],"evs":[0.0,2.50593]},"99":{"weight":1.0,"played":[0.0,1.0],"evs":[0.0,3.73915]},"T9o":{"weight":0.9468,"played":[0.0,1.0],"evs":[0.0,2.0486]},"J9o":{"weight":0.0,"played":[0.0,1.0],"evs":[0.0,2.00763]},"Q9o":{"weight":0.2361,"played":[0.0,1.0],"evs":[0.0,1.89652]},"K9o":{"weight":1.0,"played":[0.0,1.0],"evs":[0.0,1.93042]},"A9o":{"weight":5.0E-4,"played":[0.0,1.0],"evs":[0.0,1.732]},"T2s":{"weight":0.0,"played":[0.0,1.0],"evs":[0.0,1.6393]},"T3s":{"weight":0.0,"played":[0.0,1.0],"evs":[0.0,1.66199]},"T4s":{"weight":0.0,"played":[0.0,1.0],"evs":[0.0,1.85125]},"T5s":{"weight":0.0,"played":[0.0,1.0],"evs":[0.0,1.8233]},"T6s":{"weight":0.0,"played":[0.0,1.0],"evs":[0.0,2.03467]},"T7s":{"weight":1.0,"played":[0.0,1.0],"evs":[0.0,2.15894]},"T8s":{"weight":1.0,"played":[0.0,1.0],"evs":[0.0,2.33888]},"T9s":{"weight":1.0,"played":[0.0,1.0],"evs":[0.0,2.53747]},"TT":{"weight":1.0,"played":[0.0,1.0],"evs":[0.0,4.22911]},"JTo":{"weight":1.0,"played":[0.0,1.0],"evs":[0.0,2.14736]},"QTo":{"weight":1.0,"played":[0.0,1.0],"evs":[0.0,2.02951]},"KTo":{"weight":1.0,"played":[0.0,1.0],"evs":[0.0,2.10312]},"ATo":{"weight":0.0,"played":[0.0,1.0],"evs":[0.0,2.13711]},"J2s":{"weight":0.0,"played":[0.0,1.0],"evs":[0.0,1.73499]},"J3s":{"weight":0.0,"played":[0.0,1.0],"evs":[0.0,1.77907]},"J4s":{"weight":0.0,"played":[0.0,1.0],"evs":[0.0,1.79829]},"J5s":{"weight":0.0,"played":[0.0,1.0],"evs":[0.0,1.91308]},"J6s":{"weight":0.0,"played":[0.0,1.0],"evs":[0.0,1.98068]},"J7s":{"weight":0.9998,"played":[0.0,1.0],"evs":[0.0,2.04647]},"J8s":{"weight":1.0,"played":[0.0,1.0],"evs":[0.0,2.26419]},"J9s":{"weight":1.0,"played":[0.0,1.0],"evs":[0.0,2.48005]},"JTs":{"weight":1.0,"played":[0.0,1.0],"evs":[0.0,2.62952]},"JJ":{"weight":1.0,"played":[0.0,1.0],"evs":[0.0,4.88766]},"QJo":{"weight":1.0,"played":[0.0,1.0],"evs":[0.0,2.19989]},"KJo":{"weight":1.0,"played":[0.0,1.0],"evs":[0.0,2.29271]},"AJo":{"weight":0.0,"played":[0.0,1.0],"evs":[0.0,2.62329]},"Q2s":{"weight":0.0,"played":[0.0,1.0],"evs":[0.0,1.70289]},"Q3s":{"weight":0.0,"played":[0.0,1.0],"evs":[0.0,1.72258]},"Q4s":{"weight":0.0,"played":[0.0,1.0],"evs":[0.0,1.93231]},"Q5s":{"weight":0.0,"played":[0.0,1.0],"evs":[0.0,2.01168]},"Q6s":{"weight":0.9981,"played":[0.0,1.0],"evs":[0.0,1.98598]},"Q7s":{"weight":0.997,"played":[0.0,1.0],"evs":[0.0,1.93344]},"Q8s":{"weight":1.0,"played":[0.0,1.0],"evs":[0.0,2.15384]},"Q9s":{"weight":1.0,"played":[0.0,1.0],"evs":[0.0,2.39187]},"QTs":{"weight":1.0,"played":[0.0,1.0],"evs":[0.0,2.54007]},"QJs":{"weight":1.0,"played":[0.0,1.0],"evs":[0.0,2.65005]},"QQ":{"weight":1.0,"played":[0.0,1.0],"evs":[0.0,5.77316]},"KQo":{"weight":0.3608,"played":[0.0,1.0],"evs":[0.0,2.45311]},"AQo":{"weight":0.0,"played":[0.0,1.0],"evs":[0.0,3.28089]},"K2s":{"weight":0.9805,"played":[0.0,1.0],"evs":[0.0,1.89348]},"K3s":{"weight":0.9985,"played":[0.0,1.0],"evs":[0.0,1.98104]},"K4s":{"weight":0.9997,"played":[0.0,1.0],"evs":[0.0,2.06124]},"K5s":{"weight":1.0,"played":[0.0,1.0],"evs":[0.0,2.09935]},"K6s":{"weight":1.0,"played":[0.0,1.0],"evs":[0.0,2.15174]},"K7s":{"weight":1.0,"played":[0.0,1.0],"evs":[0.0,2.18864]},"K8s":{"weight":1.0,"played":[0.0,1.0],"evs":[0.0,2.21131]},"K9s":{"weight":1.0,"played":[0.0,1.0],"evs":[0.0,2.44707]},"KTs":{"weight":1.0,"played":[0.0,1.0],"evs":[0.0,2.53142]},"KJs":{"weight":1.0,"played":[0.0,1.0],"evs":[0.0,2.77714]},"KQs":{"weight":1.0,"played":[0.0,1.0],"evs":[0.0,2.93144]},"KK":{"weight":1.0,"played":[0.0,1.0],"evs":[0.0,7.03855]},"AKo":{"weight":0.0,"played":[0.0,1.0],"evs":[0.0,3.93477]},"A2s":{"weight":1.0E-4,"played":[0.0,1.0],"evs":[0.0,1.9151]},"A3s":{"weight":7.0E-4,"played":[0.0,1.0],"evs":[0.0,1.96677]},"A4s":{"weight":0.1659,"played":[0.0,1.0],"evs":[0.0,1.97917]},"A5s":{"weight":0.9982,"played":[0.0,1.0],"evs":[0.0,2.1106]},"A6s":{"weight":0.9997,"played":[0.0,1.0],"evs":[0.0,1.95523]},"A7s":{"weight":1.0,"played":[0.0,1.0],"evs":[0.0,2.03091]},"A8s":{"weight":1.0,"played":[0.0,1.0],"evs":[0.0,2.18802]},"A9s":{"weight":0.9992,"played":[0.0,1.0],"evs":[0.0,2.37437]},"ATs":{"weight":0.9876,"played":[0.0,1.0],"evs":[0.0,2.64557]},"AJs":{"weight":0.9905,"played":[0.0,1.0],"evs":[0.0,3.07396]},"AQs":{"weight":0.9994,"played":[0.0,1.0],"evs":[0.0,3.70342]},"AKs":{"weight":0.9953,"played":[0.0,1.0],"evs":[0.0,4.31791]},"AA":{"weight":1.0,"played":[0.0,1.0],"evs":[0.0,8.83909]}}}