{"player":1,"street":0,"children":2,"sequence":[{"player":0,"type":"R","amount":200000,"street":0},{"player":1,"type":"C","amount":200000,"street":0},{"player":2,"type":"R","amount":1565000,"street":0},{"player":3,"type":"R","amount":2155000,"street":0},{"player":4,"type":"C","amount":1955000,"street":0},{"player":0,"type":"F","amount":0,"street":0}],"actions":[{"type":"F","amount":0},{"type":"C","amount":105000}],"hands":{"22":{"weight":0.0,"played":[0.0035,0.9965],"evs":[0.0,1.83102]},"32o":{"weight":0.0,"played":[0.0057,0.9943],"evs":[0.0,1.09869]},"42o":{"weight":0.0,"played":[0.0024,0.9976],"evs":[0.0,1.11816]},"52o":{"weight":0.0,"played":[3.0E-4,0.9997],"evs":[0.0,1.04588]},"62o":{"weight":0.0,"played":[0.0016,0.9984],"evs":[0.0,1.65935]},"72o":{"weight":0.0,"played":[0.0393,0.9607],"evs":[0.0,1.01692]},"82o":{"weight":0.0,"played":[0.0085,0.9915],"evs":[0.0,0.33048]},"92o":{"weight":0.0,"played":[0.0176,0.9824],"evs":[0.0,0.99587]},"T2o":{"weight":0.0,"played":[5.0E-4,0.9995],"evs":[0.0,0.77759]},"J2o":{"weight":0.0,"played":[7.0E-4,0.9993],"evs":[0.0,0.52713]},"Q2o":{"weight":0.0,"played":[2.0E-4,0.9998],"evs":[0.0,1.08815]},"K2o":{"weight":0.0,"played":[0.0,1.0],"evs":[0.0,0.746]},"A2o":{"weight":0.0,"played":[0.3097,0.6903],"evs":[0.0,0.21992]},"32s":{"weight":0.0,"played":[0.0049,0.9951],"evs":[0.0,2.72073]},"33":{"weight":0.0,"played":[0.0024,0.9976],"evs":[0.0,1.41688]},"43o":{"weight":0.0,"played":[0.0337,0.9663],"evs":[0.0,1.8649]},"53o":{"weight":0.0,"played":[0.0065,0.9935],"evs":[0.0,1.73165]},"63o":{"weight":0.0,"played":[0.0044,0.9956],"evs":[0.0,1.00896]},"73o":{"weight":0.0,"played":[0.0011,0.9989],"evs":[0.0,0.73994]},"83o":{"weight":0.0,"played":[0.0146,0.9854],"evs":[0.0,0.87794]},"93o":{"weight":0.0,"played":[3.0E-4,0.9997],"evs":[0.0,0.60243]},"T3o":{"weight":0.0,"played":[2.0E-4,0.9998],"evs":[0.0,0.48934]},"J3o":{"weight":0.0,"played":[0.0753,0.9247],"evs":[0.0,0.60538]},"Q3o":{"weight":0.0,"played":[2.0E-4,0.9998],"evs":[0.0,1.89042]},"K3o":{"weight":0.0,"played":[3.0E-4,0.9997],"evs":[0.0,1.67493]},"A3o":{"weight":1.0E-4,"played":[0.0343,0.9657],"evs":[0.0,1.04366]},"42s":{"weight":0.0,"played":[0.0358,0.9642],"evs":[0.0,1.6303]},"43s":{"weight":0.0,"played":[0.0084,0.9916],"evs":[0.0,2.35784]},"44":{"weight":0.0,"played":[8.0E-4,0.9992],"evs":[0.0,2.92975]},"54o":{"weight":0.0,"played":[2.0E-4,0.9998],"evs":[0.0,2.43834]},"64o":{"weight":0.0,"played":[2.0E-4,0.9998],"evs":[0.0,1.54553]},"74o":{"weight":0.0,"played":[0.0013,0.9987],"evs":[0.0,1.02068]},"84o":{"weight":0.0,"played":[5.0E-4,0.9995],"evs":[0.0,1.41229]},"94o":{"weight":0.0,"played":[2.0E-4,0.9998],"evs":[0.0,0.52863]},"T4o":{"weight":0.0,"played":[7.0E-4,0.9993],"evs":[0.0,0.86447]},"J4o":{"weight":0.0,"played":[0.0133,0.9867],"evs":[0.0,0.87955]},"Q4o":{"weight":0.0,"played":[3.0E-4,0.9997],"evs":[0.0,1.92264]},"K4o":{"weight":0.0,"played":[0.0115,0.9885],"evs":[0.0,1.11359]},"A4o":{"weight":0.0,"played":[1.0E-4,0.9999],"evs":[0.0,1.80382]},"52s":{"weight":0.0,"played":[0.0036,0.9964],"evs":[0.0,1.27743]},"53s":{"weight":0.0,"played":[0.0114,0.9886],"evs":[0.0,2.85755]},"54s":{"weight":0.992,"played":[2.0E-4,0.9998],"evs":[0.0,2.05943]},"55":{"weight":0.9691,"played":[0.0,1.0],"evs":[0.0,2.01335]},"65o":{"weight":0.0,"played":[6.0E-4,0.9994],"evs":[0.0,2.00534]},"75o":{"weight":0.0,"played":[4.0E-4,0.9996],"evs":[0.0,1.77433]},"85o":{"weight":0.0,"played":[0.0,1.0],"evs":[0.0,1.52274]},"95o":{"weight":0.0,"played":[0.0,1.0],"evs":[0.0,1.21039]},"T5o":{"weight":0.0,"played":[0.0035,0.9965],"evs":[0.0,1.7058]},"J5o":{"weight":0.0,"played":[2.0E-4,0.9998],"evs":[0.0,0.46984]},"Q5o":{"weight":0.0,"played":[0.0126,0.9874],"evs":[0.0,1.52331]},"K5o":{"weight":0.0,"played":[0.0033,0.9967],"evs":[0.0,1.28085]},"A5o":{"weight":4.0E-4,"played":[0.0021,0.9979],"evs":[0.0,0.82959]},"62s":{"weight":0.0,"played":[7.0E-4,0.9993],"evs":[0.0,2.89024]},"63s":{"weight":0.0,"played":[0.0,1.0],"evs":[0.0,2.02015]},"64s":{"weight":2.0E-4,"played":[0.0013,0.9987],"evs":[0.0,2.89894]},"65s":{"weight":0.9999,"played":[2.0E-4,0.9998],"evs":[0.0,2.71215]},"66":{"weight":1.0,"played":[0.0,1.0],"evs":[0.0,2.18181]},"76o":{"weight":0.0,"played":[6.0E-4,0.9994],"evs":[0.0,1.33454]},"86o":{"weight":0.0,"played":[8.0E-4,0.9992],"evs":[0.0,1.92564]},"96o":{"weight":0.0,"played":[4.0E-4,0.9996],"evs":[0.0,1.11256]},"T6o":{"weight":0.0,"played":[0.0037,0.9963],"evs":[0.0,1.50169]},"J6o":{"weight":0.0,"played":[0.0165,0.9835],"evs":[0.0,0.93959]},"Q6o":{"weight":0.0,"played":[2.0E-4,0.9998],"evs":[0.0,0.65643]},"K6o":{"weight":0.0,"played":[0.0015,0.9985],"evs":[0.0,1.29081]},"A6o":{"weight":4.0E-4,"played":[8.0E-4,0.9992],"evs":[0.0,0.54873]},"72s":{"weight":0.0,"played":[1.0E-4,0.9999],"evs":[0.0,1.13825]},"73s":{"weight":0.0,"played":[0.0034,0.9966],"evs":[0.0,2.11914]},"74s":{"weight":0.0,"played":[0.0094,0.9906],"evs":[0.0,1.41092]},"75s":{"weight":0.9557,"played":[0.002,0.998],"evs":[0.0,1.60879]},"76s":{"weight":0.9998,"played":[0.0038,0.9962],"evs":[0.0,1.83987]},"77":{"weight":1.0,"played":[6.0E-4,0.9994],"evs":[0.0,2.61427]},"87o":{"weight":0.0,"played":[6.0E-4,0.9994],"evs":[0.0,1.46914]},"97o":{"weight":0.0,"played":[0.0025,0.9975],"evs":[0.0,1.64858]},"T7o":{"weight":0.0,"played":[0.0015,0.9985],"evs":[0.0,1.63404]},"J7o":{"weight":0.0,"played":[3.0E-4,0.9997],"evs":[0.0,1.23242]},"Q7o":{"weight":0.0,"played":[5.0E-4,0.9995],"evs":[0.0,1.29682]},"K7o":{"weight":0.0,"played":[0.0,1.0],"evs":[0.0,1.30964]},"A7o":{"weight":1.0E-4,"played":[0.2172,0.7828],"evs":[0.0,0.26125]},"82s":{"weight":0.0,"played":[0.0,1.0],"evs":[0.0,1.61728]},"83s":{"weight":0.0,"played":[0.0059,0.9941],"evs":[0.0,1.94458]},"84s":{"weight":0.0,"played":[0.0016,0.9984],"evs":[0.0,1.21379]},"85s":{"weight":0.0,"played":[0.0053,0.9947],"evs":[0.0,2.17305]},"86s":{"weight":0.9995,"played":[0.0032,0.9968],"evs":[0.0,3.18134]},"87s":{"weight":1.0,"played":[0.0072,0.9928],"evs":[0.0,2.94146]},"88":{"weight":1.0,"played":[1.0E-4,0.9999],"evs":[0.0,2.98939]},"98o":{"weight":0.0,"played":[8.0E-4,0.9992],"evs":[0.0,1.91208]},"T8o":{"weight":0.0,"played":[0.0,1.0],"evs":[0.0,1.59512]},"J8o":{"weight":0.0,"played":[0.001,0.999],"evs":[0.0,0.81288]},"Q8o":{"weight":0.0,"played":[0.0,1.0],"evs":[0.0,1.20172]},"K8o":{"weight":0.0,"played":[0.0023,0.9977],"evs":[0.0,1.12696]},"A8o":{"weight":0.0187,"played":[0.0015,0.9985],"evs":[0.0,0.55305]},"92s":{"weight":0.0,"played":[3.0E-4,0.9997],"evs":[0.0,2.14289]},"93s":{"weight":0.0,"played":[1.0E-4,0.9999],"evs":[0.0,1.68936]},"94s":{"weight":0.0,"played":[0.0012,0.9988],"evs":[0.0,1.401]},"95s":{"weight":0.0,"played":[0.0021,0.9979],"evs":[0.0,2.47051]},"96s":{"weight":0.9972,"played":[0.0066,0.9934],"evs":[0.0,1.94366]},"97s":{"weight":0.9999,"played":[0.0,1.0],"evs":[0.0,2.04064]},"98s":{"weight":1.0,"played":[0.0011,0.9989],"evs":[0.0,1.41107]},"99":{"weight":1.0,"played":[1.0E-4,0.9999],"evs":[0.0,2.95125]},"T9o":{"weight":0.9468,"played":[9.0E-4,0.9991],"evs":[0.0,1.84764]},"J9o":{"weight":0.0,"played":[3.0E-4,0.9997],"evs":[0.0,1.17276]},"Q9o":{"weight":0.2361,"played":[1.0E-4,0.9999],"evs":[0.0,1.31155]},"K9o":{"weight":1.0,"played":[0.0,1.0],"evs":[0.0,1.60671]},"A9o":{"weight":5.0E-4,"played":[0.0,1.0],"evs":[0.0,0.32402]},"T2s":{"weight":0.0,"played":[0.0175,0.9825],"evs":[0.0,2.04082]},"T3s":{"weight":0.0,"played":[1.0E-4,0.9999],"evs":[0.0,1.34224]},"T4s":{"weight":0.0,"played":[0.0223,0.9777],"evs":[0.0,1.72501]},"T5s":{"weight":0.0,"played":[0.0014,0.9986],"evs":[0.0,2.80644]},"T6s":{"weight":0.0,"played":[0.0013,0.9987],"evs":[0.0,2.38063]},"T7s":{"weight":1.0,"played":[0.0017,0.9983],"evs":[0.0,1.57477]},"T8s":{"weight":1.0,"played":[0.0047,0.9953],"evs":[0.0,1.74395]},"T9s":{"weight":1.0,"played":[0.0,1.0],"evs":[0.0,2.43237]},"TT":{"weight":1.0,"played":[0.0,1.0],"evs":[0.0,3.75651]},"JTo":{"weight":1.0,"played":[0.0,1.0],"evs":[0.0,1.6492]},"QTo":{"weight":1.0,"played":[0.0,1.0],"evs":[0.0,2.18156]},"KTo":{"weight":1.0,"played":[0.0,1.0],"evs":[0.0,1.80371]},"ATo":{"weight":0.0,"played":[0.0011,0.9989],"evs":[0.0,1.57591]},"J2s":{"weight":0.0,"played":[0.0069,0.9931],"evs":[0.0,1.25152]},"J3s":{"weight":0.0,"played":[0.0216,0.9784],"evs":[0.0,2.37595]},"J4s":{"weight":0.0,"played":[0.0156,0.9844],"evs":[0.0,1.72981]},"J5s":{"weight":0.0,"played":[0.0535,0.9465],"evs":[0.0,0.66959]},"J6s":{"weight":0.0,"played":[2.0E-4,0.9998],"evs":[0.0,2.38964]},"J7s":{"weight":0.9998,"played":[5.0E-4,0.9995],"evs":[0.0,2.04291]},"J8s":{"weight":1.0,"played":[0.0015,0.9985],"evs":[0.0,1.71178]},"J9s":{"weight":1.0,"played":[0.0067,0.9933],"evs":[0.0,2.26558]},"JTs":{"weight":1.0,"played":[0.004,0.996],"evs":[0.0,2.09002]},"JJ":{"weight":1.0,"played":[1.0E-4,0.9999],"evs":[0.0,4.36757]},"QJo":{"weight":1.0,"played":[1.0E-4,0.9999],"evs":[0.0,1.30548]},"KJo":{"weight":1.0,"played":[0.0,1.0],"evs":[0.0,2.22474]},"AJo":{"weight":0.0,"played":[1.0E-4,0.9999],"evs":[0.0,1.08931]},"Q2s":{"weight":0.0,"played":[0.0115,0.9885],"evs":[0.0,2.97309]},"Q3s":{"weight":0.0,"played":[7.0E-4,0.9993],"evs":[0.0,1.09142]},"Q4s":{"weight":0.0,"played":[3.0E-4,0.9997],"evs":[0.0,1.36108]},"Q5s":{"weight":0.0,"played":[0.0084,0.9916],"evs":[0.0,2.01012]},"Q6s":{"weight":0.9981,"played":[5.0E-4,0.9995],"evs":[0.0,2.19616]},"Q7s":{"weight":0.997,"played":[0.0016,0.9984],"evs":[0.0,2.2479]},"Q8s":{"weight":1.0,"played":[0.0013,0.9987],"evs":[0.0,2.39093]},"Q9s":{"weight":1.0,"played":[0.0,1.0],"evs":[0.0,1.52036]},"QTs":{"weight":1.0,"played":[0.0034,0.9966],"evs":[0.0,2.08131]},"QJs":{"weight":1.0,"played":[0.004,0.996],"evs":[0.0,2.60133]},"QQ":{"weight":1.0,"played":[0.0,1.0],"evs":[0.0,5.70194]},"KQo":{"weight":0.3608,"played":[4.0E-4,0.9996],"evs":[0.0,1.74597]},"AQo":{"weight":0.0,"played":[1.0E-4,0.9999],"evs":[0.0,2.57749]},"K2s":{"weight":0.9805,"played":[6.0E-4,0.9994],"evs":[0.0,2.30262]},"K3s":{"weight":0.9985,"played":[1.0E-4,0.9999],"evs":[0.0,1.61153]},"K4s":{"weight":0.9997,"played":[0.0064,0.9936],"evs":[0.0,1.21678]},"K5s":{"weight":1.0,"played":[0.0057,0.9943],"evs":[0.0,1.95301]},"K6s":{"weight":1.0,"played":[0.0148,0.9852],"evs":[0.0,1.75138]},"K7s":{"weight":1.0,"played":[0.0019,0.9981],"evs":[0.0,1.68251]},"K8s":{"weight":1.0,"played":[0.0041,0.9959],"evs":[0.0,1.48148]},"K9s":{"weight":1.0,"played":[0.002,0.998],"evs":[0.0,1.78942]},"KTs":{"weight":1.0,"played":[0.0018,0.9982],"evs":[0.0,1.80152]},"KJs":{"weight":1.0,"played":[3.0E-4,0.9997],"evs":[0.0,2.07269]},"KQs":{"weight":1.0,"played":[0.0029,0.9971],"evs":[0.0,2.60096]},"KK":{"weight":1.0,"played":[0.0,1.0],"evs":[0.0,8.26479]},"AKo":{"weight":0.0,"played":[1.0E-4,0.9999],"evs":[0.0,2.34544]},"A2s":{"weight":1.0E-4,"played":[0.0,1.0],"evs":[0.0,1.1484]},"A3s":{"weight":7.0E-4,"played":[0.0022,0.9978],"evs":[0.0,2.12155]},"A4s":{"weight":0.1659,"played":[0.0143,0.9857],"evs":[0.0,1.38788]},"A5s":{"weight":0.9982,"played":[0.0,1.0],"evs":[0.0,2.46646]},"A6s":{"weight":0.9997,"played":[8.0E-4,0.9992],"evs":[0.0,2.01963]},"A7s":{"weight":1.0,"played":[3.0E-4,0.9997],"evs":[0.0,2.09088]},"A8s":{"weight":1.0,"played":[0.0035,0.9965],"evs":[0.0,1.94266]},"A9s":{"weight":0.9992,"played":[0.001,0.999],"evs":[0.0,1.76423]},"ATs":{"weight":0.9876,"played":[5.0E-4,0.9995],"evs":[0.0,2.22425]},"AJs":{"weight":0.9905,"played":[4.0E-4,0.9996],"evs":[0.0,3.1226]},"AQs":{"weight":0.9994,"played":[0.01,0.99],"evs":[0.0,1.88684]},"AKs":{"weight":0.9953,"played":[1.0E-4,0.9999],"evs":[0.0,3.91741]},"AA":{"weight":1.0,"played":[1.0E-4,0.9999],"evs":[0.0,8.2193]}}}