{"player":4,"street":0,"children":2,"sequence":[{"player":0,"type":"R","amount":200000,"street":0},{"player":1,"type":"R","amount":305000,"street":0},{"player":2,"type":"R","amount":1565000,"street":0},{"player":3,"type":"F","amount":0,"street":0}],"actions":[{"type":"F","amount":0,"node":147},{"type":"R","amount":2055000,"node":148}],"hands":{"22":{"weight":1.0,"played":[0.9923,0.0077],"evs":[0.0,-0.71377]},"32o":{"weight":1.0,"played":[1.0,0.0],"evs":[0.0,-6.29895]},"42o":{"weight":1.0,"played":[1.0,0.0],"evs":[0.0,-6.68884]},"52o":{"weight":1.0,"played":[1.0,0.0],"evs":[0.0,-5.62286]},"62o":{"weight":1.0,"played":[1.0,0.0],"evs":[0.0,-5.99453]},"72o":{"weight":1.0,"played":[1.0,0.0],"evs":[0.0,-6.56575]},"82o":{"weight":1.0,"played":[1.0,0.0],"evs":[0.0,-6.2867]},"92o":{"weight":1.0,"played":[1.0,0.0],"evs":[0.0,-5.79785]},"T2o":{"weight":1.0,"played":[1.0,0.0],"evs":[0.0,-6.32357]},"J2o":{"weight":1.0,"played":[1.0,0.0],"evs":[0.0,-6.04829]},"Q2o":{"weight":1.0,"played":[1.0,0.0],"evs":[0.0,-5.57754]},"K2o":{"weight":1.0,"played":[1.0,0.0],"evs":[0.0,-4.91219]},"A2o":{"weight":1.0,"played":[1.0,0.0],"evs":[0.0,-4.76774]},"32s":{"weight":1.0,"played":[1.0,0.0],"evs":[0.0,-4.66601]},"33":{"weight":1.0,"played":[0.2495,0.7505],"evs":[0.0,0.63369]},"43o":{"weight":1.0,"played":[1.0,0.0],"evs":[0.0,-5.53457]},"53o":{"weight":1.0,"played":[1.0,0.0],"evs":[0.0,-4.8657]},"63o":{"weight":1.0,"played":[1.0,0.0],"evs":[0.0,-4.70843]},"73o":{"weight":1.0,"played":[1.0,0.0],"evs":[0.0,-5.27671]},"83o":{"weight":1.0,"played":[1.0,0.0],"evs":[0.0,-6.30939]},"93o":{"weight":1.0,"played":[1.0,0.0],"evs":[0.0,-5.61207]},"T3o":{"weight":1.0,"played":[1.0,0.0],"evs":[0.0,-6.03345]},"J3o":{"weight":1.0,"played":[1.0,0.0],"evs":[0.0,-5.93526]},"Q3o":{"weight":1.0,"played":[1.0,0.0],"evs":[0.0,-5.16739]},"K3o":{"weight":1.0,"played":[1.0,0.0],"evs":[0.0,-4.84148]},"A3o":{"weight":1.0,"played":[1.0,0.0],"evs":[0.0,-4.30446]},"42s":{"weight":1.0,"played":[1.0,0.0],"evs":[0.0,-4.06211]},"43s":{"weight":1.0,"played":[0.9999,1.0E-4],"evs":[0.0,-2.97205]},"44":{"weight":1.0,"played":[0.0213,0.9787],"evs":[0.0,0.8115]},"54o":{"weight":1.0,"played":[0.9999,1.0E-4],"evs":[0.0,-3.74868]},"64o":{"weight":1.0,"played":[1.0,0.0],"evs":[0.0,-4.25188]},"74o":{"weight":1.0,"played":[1.0,0.0],"evs":[0.0,-4.23903]},"84o":{"weight":1.0,"played":[1.0,0.0],"evs":[0.0,-5.33832]},"94o":{"weight":1.0,"played":[1.0,0.0],"evs":[0.0,-5.9021]},"T4o":{"weight":1.0,"played":[1.0,0.0],"evs":[0.0,-5.67531]},"J4o":{"weight":1.0,"played":[1.0,0.0],"evs":[0.0,-5.31116]},"Q4o":{"weight":1.0,"played":[1.0,0.0],"evs":[0.0,-5.00937]},"K4o":{"weight":1.0,"played":[1.0,0.0],"evs":[0.0,-4.7439]},"A4o":{"weight":1.0,"played":[1.0,0.0],"evs":[0.0,-4.12602]},"52s":{"weight":1.0,"played":[1.0,0.0],"evs":[0.0,-3.40652]},"53s":{"weight":1.0,"played":[0.9996,4.0E-4],"evs":[0.0,-1.9487]},"54s":{"weight":1.0,"played":[0.9997,3.0E-4],"evs":[0.0,-1.41062]},"55":{"weight":1.0,"played":[0.0,1.0],"evs":[0.0,2.12889]},"65o":{"weight":1.0,"played":[1.0,0.0],"evs":[0.0,-2.53165]},"75o":{"weight":1.0,"played":[1.0,0.0],"evs":[0.0,-3.05014]},"85o":{"weight":1.0,"played":[1.0,0.0],"evs":[0.0,-3.64979]},"95o":{"weight":1.0,"played":[1.0,0.0],"evs":[0.0,-4.3801]},"T5o":{"weight":1.0,"played":[1.0,0.0],"evs":[0.0,-5.48053]},"J5o":{"weight":1.0,"played":[1.0,0.0],"evs":[0.0,-4.96531]},"Q5o":{"weight":1.0,"played":[1.0,0.0],"evs":[0.0,-4.60467]},"K5o":{"weight":1.0,"played":[1.0,0.0],"evs":[0.0,-3.6638]},"A5o":{"weight":1.0,"played":[1.0,0.0],"evs":[0.0,-3.55745]},"62s":{"weight":1.0,"played":[0.9998,2.0E-4],"evs":[0.0,-3.33777]},"63s":{"weight":1.0,"played":[0.9975,0.0025],"evs":[0.0,-2.59933]},"64s":{"weight":1.0,"played":[0.9983,0.0017],"evs":[0.0,-1.39332]},"65s":{"weight":1.0,"played":[0.7638,0.2362],"evs":[0.0,-0.18315]},"66":{"weight":1.0,"played":[0.0,1.0],"evs":[0.0,3.6434]},"76o":{"weight":1.0,"played":[1.0,0.0],"evs":[0.0,-2.17227]},"86o":{"weight":1.0,"played":[1.0,0.0],"evs":[0.0,-2.60764]},"96o":{"weight":1.0,"played":[1.0,0.0],"evs":[0.0,-3.13531]},"T6o":{"weight":1.0,"played":[1.0,0.0],"evs":[0.0,-4.00188]},"J6o":{"weight":1.0,"played":[1.0,0.0],"evs":[0.0,-4.60322]},"Q6o":{"weight":1.0,"played":[1.0,0.0],"evs":[0.0,-3.8049]},"K6o":{"weight":1.0,"played":[1.0,0.0],"evs":[0.0,-3.57755]},"A6o":{"weight":1.0,"played":[0.9999,1.0E-4],"evs":[0.0,-3.71359]},"72s":{"weight":1.0,"played":[0.9997,3.0E-4],"evs":[0.0,-4.33314]},"73s":{"weight":1.0,"played":[1.0,0.0],"evs":[0.0,-3.04819]},"74s":{"weight":1.0,"played":[0.9993,7.0E-4],"evs":[0.0,-2.30406]},"75s":{"weight":1.0,"played":[0.9793,0.0207],"evs":[0.0,-1.22538]},"76s":{"weight":1.0,"played":[0.9675,0.0325],"evs":[0.0,-0.23352]},"77":{"weight":1.0,"played":[0.0,1.0],"evs":[0.0,4.97376]},"87o":{"weight":1.0,"played":[1.0,0.0],"evs":[0.0,-1.75353]},"97o":{"weight":1.0,"played":[1.0,0.0],"evs":[0.0,-2.08668]},"T7o":{"weight":1.0,"played":[0.9999,1.0E-4],"evs":[0.0,-3.05133]},"J7o":{"weight":1.0,"played":[1.0,0.0],"evs":[0.0,-3.62496]},"Q7o":{"weight":1.0,"played":[1.0,0.0],"evs":[0.0,-3.65]},"K7o":{"weight":1.0,"played":[1.0,0.0],"evs":[0.0,-3.419]},"A7o":{"weight":1.0,"played":[0.9999,1.0E-4],"evs":[0.0,-3.12176]},"82s":{"weight":1.0,"played":[1.0,0.0],"evs":[0.0,-3.76399]},"83s":{"weight":1.0,"played":[1.0,0.0],"evs":[0.0,-3.68068]},"84s":{"weight":1.0,"played":[1.0,0.0],"evs":[0.0,-2.87363]},"85s":{"weight":1.0,"played":[0.9941,0.0059],"evs":[0.0,-1.70638]},"86s":{"weight":1.0,"played":[0.9303,0.0697],"evs":[0.0,-0.81239]},"87s":{"weight":1.0,"played":[0.186,0.814],"evs":[0.0,0.16792]},"88":{"weight":1.0,"played":[0.0,1.0],"evs":[0.0,6.5711]},"98o":{"weight":1.0,"played":[1.0,0.0],"evs":[0.0,-1.46128]},"T8o":{"weight":1.0,"played":[1.0,0.0],"evs":[0.0,-2.12352]},"J8o":{"weight":1.0,"played":[1.0,0.0],"evs":[0.0,-2.97636]},"Q8o":{"weight":1.0,"played":[1.0,0.0],"evs":[0.0,-3.37687]},"K8o":{"weight":1.0,"played":[1.0,0.0],"evs":[0.0,-3.30241]},"A8o":{"weight":1.0,"played":[1.0,0.0],"evs":[0.0,-2.61369]},"92s":{"weight":1.0,"played":[1.0,0.0],"evs":[0.0,-3.08862]},"93s":{"weight":1.0,"played":[0.9997,3.0E-4],"evs":[0.0,-2.73801]},"94s":{"weight":1.0,"played":[0.9979,0.0021],"evs":[0.0,-3.65179]},"95s":{"weight":1.0,"played":[0.9997,3.0E-4],"evs":[0.0,-1.39385]},"96s":{"weight":1.0,"played":[0.9742,0.0258],"evs":[0.0,-0.68296]},"97s":{"weight":1.0,"played":[0.2496,0.7504],"evs":[0.0,0.03495]},"98s":{"weight":1.0,"played":[0.005,0.995],"evs":[0.0,0.67341]},"99":{"weight":1.0,"played":[0.0,1.0],"evs":[0.0,8.52563]},"T9o":{"weight":1.0,"played":[1.0,0.0],"evs":[0.0,-1.16918]},"J9o":{"weight":1.0,"played":[1.0,0.0],"evs":[0.0,-1.91764]},"Q9o":{"weight":1.0,"played":[1.0,0.0],"evs":[0.0,-2.11906]},"K9o":{"weight":1.0,"played":[0.9999,1.0E-4],"evs":[0.0,-2.06121]},"A9o":{"weight":1.0,"played":[1.0,0.0],"evs":[0.0,-1.97804]},"T2s":{"weight":1.0,"played":[1.0,0.0],"evs":[0.0,-3.73382]},"T3s":{"weight":1.0,"played":[1.0,0.0],"evs":[0.0,-3.3821]},"T4s":{"weight":1.0,"played":[0.9999,1.0E-4],"evs":[0.0,-3.27574]},"T5s":{"weight":1.0,"played":[0.9995,5.0E-4],"evs":[0.0,-2.90783]},"T6s":{"weight":1.0,"played":[0.9996,4.0E-4],"evs":[0.0,-2.13679]},"T7s":{"weight":1.0,"played":[0.9863,0.0137],"evs":[0.0,-1.25587]},"T8s":{"weight":1.0,"played":[0.2742,0.7258],"evs":[0.0,0.01511]},"T9s":{"weight":1.0,"played":[0.011,0.989],"evs":[0.0,1.4594]},"TT":{"weight":1.0,"played":[0.0,1.0],"evs":[0.0,11.16773]},"JTo":{"weight":1.0,"played":[0.9997,3.0E-4],"evs":[0.0,-1.28047]},"QTo":{"weight":1.0,"played":[0.9996,4.0E-4],"evs":[0.0,-1.21238]},"KTo":{"weight":1.0,"played":[0.9939,0.0061],"evs":[0.0,-1.11903]},"ATo":{"weight":1.0,"played":[0.9348,0.0652],"evs":[0.0,-0.29807]},"J2s":{"weight":1.0,"played":[0.9997,3.0E-4],"evs":[0.0,-4.35283]},"J3s":{"weight":1.0,"played":[1.0,0.0],"evs":[0.0,-3.30106]},"J4s":{"weight":1.0,"played":[1.0,0.0],"evs":[0.0,-3.03473]},"J5s":{"weight":1.0,"played":[0.9998,2.0E-4],"evs":[0.0,-2.1223]},"J6s":{"weight":1.0,"played":[1.0,0.0],"evs":[0.0,-2.21971]},"J7s":{"weight":1.0,"played":[0.9976,0.0024],"evs":[0.0,-1.53557]},"J8s":{"weight":1.0,"played":[0.9531,0.0469],"evs":[0.0,-0.29986]},"J9s":{"weight":1.0,"played":[0.2573,0.7427],"evs":[0.0,0.31555]},"JTs":{"weight":1.0,"played":[0.0215,0.9785],"evs":[0.0,0.66729]},"JJ":{"weight":1.0,"played":[0.0,1.0],"evs":[0.0,14.50505]},"QJo":{"weight":1.0,"played":[0.9998,2.0E-4],"evs":[0.0,-0.78549]},"KJo":{"weight":1.0,"played":[0.99,0.01],"evs":[0.0,-0.44417]},"AJo":{"weight":1.0,"played":[0.0,1.0],"evs":[0.0,2.08928]},"Q2s":{"weight":1.0,"played":[1.0,0.0],"evs":[0.0,-2.88615]},"Q3s":{"weight":1.0,"played":[1.0,0.0],"evs":[0.0,-2.64524]},"Q4s":{"weight":1.0,"played":[0.9998,2.0E-4],"evs":[0.0,-2.37404]},"Q5s":{"weight":1.0,"played":[0.9999,1.0E-4],"evs":[0.0,-1.18714]},"Q6s":{"weight":1.0,"played":[0.9818,0.0182],"evs":[0.0,-1.78723]},"Q7s":{"weight":1.0,"played":[0.9318,0.0682],"evs":[0.0,-0.82397]},"Q8s":{"weight":1.0,"played":[0.9998,2.0E-4],"evs":[0.0,-0.46096]},"Q9s":{"weight":1.0,"played":[0.1392,0.8608],"evs":[0.0,0.25469]},"QTs":{"weight":1.0,"played":[0.004,0.996],"evs":[0.0,1.83871]},"QJs":{"weight":1.0,"played":[0.0,1.0],"evs":[0.0,0.60162]},"QQ":{"weight":1.0,"played":[0.0,1.0],"evs":[0.0,18.7823]},"KQo":{"weight":1.0,"played":[0.0,1.0],"evs":[0.0,2.06967]},"AQo":{"weight":1.0,"played":[0.0,1.0],"evs":[0.0,4.41288]},"K2s":{"weight":1.0,"played":[1.0,0.0],"evs":[0.0,-2.65257]},"K3s":{"weight":1.0,"played":[1.0,0.0],"evs":[0.0,-1.89205]},"K4s":{"weight":1.0,"played":[0.9961,0.0039],"evs":[0.0,-1.75508]},"K5s":{"weight":1.0,"played":[0.9997,3.0E-4],"evs":[0.0,-1.93603]},"K6s":{"weight":1.0,"played":[0.9994,6.0E-4],"evs":[0.0,-1.28897]},"K7s":{"weight":1.0,"played":[0.9411,0.0589],"evs":[0.0,-0.84194]},"K8s":{"weight":1.0,"played":[0.9526,0.0474],"evs":[0.0,-0.31357]},"K9s":{"weight":1.0,"played":[0.0231,0.9769],"evs":[0.0,0.37087]},"KTs":{"weight":1.0,"played":[0.0037,0.9963],"evs":[0.0,1.37719]},"KJs":{"weight":1.0,"played":[1.0E-4,0.9999],"evs":[0.0,2.10215]},"KQs":{"weight":1.0,"played":[0.0,1.0],"evs":[0.0,4.02183]},"KK":{"weight":1.0,"played":[0.0,1.0],"evs":[0.0,23.96277]},"AKo":{"weight":1.0,"played":[0.0,1.0],"evs":[0.0,6.96775]},"A2s":{"weight":1.0,"played":[0.9999,1.0E-4],"evs":[0.0,-2.46714]},"A3s":{"weight":1.0,"played":[0.9999,1.0E-4],"evs":[0.0,-1.94329]},"A4s":{"weight":1.0,"played":[0.9752,0.0248],"evs":[0.0,-1.34279]},"A5s":{"weight":1.0,"played":[1.0,0.0],"evs":[0.0,-0.94735]},"A6s":{"weight":1.0,"played":[0.9014,0.0986],"evs":[0.0,-1.3953]},"A7s":{"weight":1.0,"played":[0.9873,0.0127],"evs":[0.0,-0.7788]},"A8s":{"weight":1.0,"played":[0.375,0.625],"evs":[0.0,0.0321]},"A9s":{"weight":1.0,"played":[0.0219,0.9781],"evs":[0.0,0.96754]},"ATs":{"weight":1.0,"played":[0.0,1.0],"evs":[0.0,2.07156]},"AJs":{"weight":1.0,"played":[0.0,1.0],"evs":[0.0,4.58962]},"AQs":{"weight":1.0,"played":[0.0,1.0],"evs":[0.0,6.64534]},"AKs":{"weight":1.0,"played":[0.0,1.0],"evs":[0.0,8.97323]},"AA":{"weight":1.0,"played":[0.0,1.0],"evs":[0.0,28.41735]}}}