{"player":0,"street":0,"children":2,"sequence":[{"player":0,"type":"R","amount":200000,"street":0},{"player":1,"type":"R","amount":305000,"street":0},{"player":2,"type":"R","amount":1565000,"street":0},{"player":3,"type":"F","amount":0,"street":0},{"player":4,"type":"R","amount":2055000,"street":0}],"actions":[{"type":"F","amount":0},{"type":"C","amount":1795000}],"hands":{"22":{"weight":0.0,"played":[0.9992,8.0E-4],"evs":[0.0,-3.73919]},"32o":{"weight":0.0,"played":[1.0,0.0],"evs":[0.0,-8.7043]},"42o":{"weight":0.0,"played":[1.0,0.0],"evs":[0.0,-7.77744]},"52o":{"weight":0.0,"played":[1.0,0.0],"evs":[0.0,-7.40452]},"62o":{"weight":0.0,"played":[1.0,0.0],"evs":[0.0,-7.28552]},"72o":{"weight":0.0,"played":[1.0,0.0],"evs":[0.0,-8.96519]},"82o":{"weight":0.0,"played":[1.0,0.0],"evs":[0.0,-7.88561]},"92o":{"weight":0.0,"played":[1.0,0.0],"evs":[0.0,-7.7283]},"T2o":{"weight":0.0,"played":[1.0,0.0],"evs":[0.0,-8.10758]},"J2o":{"weight":0.0,"played":[1.0,0.0],"evs":[0.0,-7.75799]},"Q2o":{"weight":0.0,"played":[1.0,0.0],"evs":[0.0,-7.72886]},"K2o":{"weight":0.0,"played":[0.9999,1.0E-4],"evs":[0.0,-6.31398]},"A2o":{"weight":0.0,"played":[1.0,0.0],"evs":[0.0,-6.73877]},"32s":{"weight":0.0,"played":[0.9999,1.0E-4],"evs":[0.0,-4.77381]},"33":{"weight":0.9994,"played":[0.9959,0.0041],"evs":[0.0,-2.72171]},"43o":{"weight":0.0,"played":[1.0,0.0],"evs":[0.0,-7.23339]},"53o":{"weight":0.0,"played":[0.9999,1.0E-4],"evs":[0.0,-6.44098]},"63o":{"weight":0.0,"played":[1.0,0.0],"evs":[0.0,-7.06218]},"73o":{"weight":0.0,"played":[1.0,0.0],"evs":[0.0,-7.48227]},"83o":{"weight":0.0,"played":[1.0,0.0],"evs":[0.0,-7.81803]},"93o":{"weight":0.0,"played":[1.0,0.0],"evs":[0.0,-8.03098]},"T3o":{"weight":0.0,"played":[1.0,0.0],"evs":[0.0,-7.67508]},"J3o":{"weight":0.0,"played":[1.0,0.0],"evs":[0.0,-8.00212]},"Q3o":{"weight":0.0,"played":[0.9999,1.0E-4],"evs":[0.0,-6.93195]},"K3o":{"weight":0.0,"played":[0.9998,2.0E-4],"evs":[0.0,-6.36231]},"A3o":{"weight":0.0,"played":[1.0,0.0],"evs":[0.0,-6.1142]},"42s":{"weight":0.0,"played":[0.9995,5.0E-4],"evs":[0.0,-4.65815]},"43s":{"weight":0.0,"played":[0.9954,0.0046],"evs":[0.0,-5.18456]},"44":{"weight":0.8448,"played":[0.9964,0.0036],"evs":[0.0,-1.58281]},"54o":{"weight":0.0,"played":[0.9998,2.0E-4],"evs":[0.0,-5.38613]},"64o":{"weight":0.0,"played":[1.0,0.0],"evs":[0.0,-5.30267]},"74o":{"weight":0.0,"played":[1.0,0.0],"evs":[0.0,-6.64039]},"84o":{"weight":0.0,"played":[1.0,0.0],"evs":[0.0,-7.22472]},"94o":{"weight":0.0,"played":[1.0,0.0],"evs":[0.0,-7.36536]},"T4o":{"weight":0.0,"played":[1.0,0.0],"evs":[0.0,-7.56518]},"J4o":{"weight":0.0,"played":[1.0,0.0],"evs":[0.0,-7.80526]},"Q4o":{"weight":0.0,"played":[0.9998,2.0E-4],"evs":[0.0,-6.742]},"K4o":{"weight":0.0,"played":[0.9998,2.0E-4],"evs":[0.0,-5.9417]},"A4o":{"weight":0.0,"played":[0.9993,7.0E-4],"evs":[0.0,-5.78313]},"52s":{"weight":0.0,"played":[1.0,0.0],"evs":[0.0,-5.336]},"53s":{"weight":0.0,"played":[0.9998,2.0E-4],"evs":[0.0,-3.82815]},"54s":{"weight":0.0,"played":[0.9932,0.0068],"evs":[0.0,-1.83026]},"55":{"weight":0.9218,"played":[0.4138,0.5862],"evs":[0.0,-0.10054]},"65o":{"weight":0.0,"played":[0.9999,1.0E-4],"evs":[0.0,-3.68473]},"75o":{"weight":0.0,"played":[1.0,0.0],"evs":[0.0,-4.95848]},"85o":{"weight":0.0,"played":[1.0,0.0],"evs":[0.0,-5.51763]},"95o":{"weight":0.0,"played":[1.0,0.0],"evs":[0.0,-6.35936]},"T5o":{"weight":0.0,"played":[1.0,0.0],"evs":[0.0,-6.31399]},"J5o":{"weight":0.0,"played":[1.0,0.0],"evs":[0.0,-6.92563]},"Q5o":{"weight":0.0,"played":[1.0,0.0],"evs":[0.0,-5.64031]},"K5o":{"weight":0.0,"played":[0.9998,2.0E-4],"evs":[0.0,-5.11891]},"A5o":{"weight":0.7777,"played":[0.9995,5.0E-4],"evs":[0.0,-4.75112]},"62s":{"weight":0.0,"played":[1.0,0.0],"evs":[0.0,-4.45352]},"63s":{"weight":0.0,"played":[0.9997,3.0E-4],"evs":[0.0,-4.63899]},"64s":{"weight":0.0,"played":[0.9999,1.0E-4],"evs":[0.0,-2.55603]},"65s":{"weight":0.0,"played":[0.9386,0.0614],"evs":[0.0,-0.56501]},"66":{"weight":0.8752,"played":[0.0,1.0],"evs":[0.0,1.98176]},"76o":{"weight":0.0,"played":[1.0,0.0],"evs":[0.0,-3.61285]},"86o":{"weight":0.0,"played":[1.0,0.0],"evs":[0.0,-4.86429]},"96o":{"weight":0.0,"played":[0.9999,1.0E-4],"evs":[0.0,-4.40552]},"T6o":{"weight":0.0,"played":[0.9999,1.0E-4],"evs":[0.0,-5.25826]},"J6o":{"weight":0.0,"played":[1.0,0.0],"evs":[0.0,-5.71047]},"Q6o":{"weight":0.0,"played":[0.9999,1.0E-4],"evs":[0.0,-5.55437]},"K6o":{"weight":0.0,"played":[0.9994,6.0E-4],"evs":[0.0,-4.41206]},"A6o":{"weight":0.0055,"played":[0.9994,6.0E-4],"evs":[0.0,-5.83494]},"72s":{"weight":0.0,"played":[0.9989,0.0011],"evs":[0.0,-5.50208]},"73s":{"weight":0.0,"played":[1.0,0.0],"evs":[0.0,-4.50525]},"74s":{"weight":0.0,"played":[0.9943,0.0057],"evs":[0.0,-3.16615]},"75s":{"weight":0.0,"played":[0.9835,0.0165],"evs":[0.0,-2.06235]},"76s":{"weight":0.0,"played":[0.8763,0.1237],"evs":[0.0,-0.34489]},"77":{"weight":0.9998,"played":[0.0,1.0],"evs":[0.0,3.39857]},"87o":{"weight":0.0,"played":[0.999,0.001],"evs":[0.0,-2.66733]},"97o":{"weight":0.0,"played":[0.9996,4.0E-4],"evs":[0.0,-3.87486]},"T7o":{"weight":0.0,"played":[1.0,0.0],"evs":[0.0,-4.14379]},"J7o":{"weight":0.0,"played":[0.9997,3.0E-4],"evs":[0.0,-4.96267]},"Q7o":{"weight":0.0,"played":[1.0,0.0],"evs":[0.0,-4.94755]},"K7o":{"weight":0.0,"played":[0.9994,6.0E-4],"evs":[0.0,-4.15663]},"A7o":{"weight":1.0,"played":[0.9989,0.0011],"evs":[0.0,-5.11507]},"82s":{"weight":0.0,"played":[0.9997,3.0E-4],"evs":[0.0,-5.8262]},"83s":{"weight":0.0,"played":[1.0,0.0],"evs":[0.0,-5.1105]},"84s":{"weight":0.0,"played":[0.9986,0.0014],"evs":[0.0,-4.89456]},"85s":{"weight":0.0,"played":[0.9998,2.0E-4],"evs":[0.0,-2.40695]},"86s":{"weight":0.0,"played":[0.9599,0.0401],"evs":[0.0,-1.55011]},"87s":{"weight":0.0,"played":[0.3547,0.6453],"evs":[0.0,-0.40269]},"88":{"weight":1.0,"played":[0.0,1.0],"evs":[0.0,5.38275]},"98o":{"weight":0.0,"played":[0.9999,1.0E-4],"evs":[0.0,-3.1339]},"T8o":{"weight":0.0,"played":[0.9994,6.0E-4],"evs":[0.0,-3.39145]},"J8o":{"weight":0.0,"played":[1.0,0.0],"evs":[0.0,-4.05298]},"Q8o":{"weight":0.0,"played":[1.0,0.0],"evs":[0.0,-3.77495]},"K8o":{"weight":0.0,"played":[0.9999,1.0E-4],"evs":[0.0,-4.57772]},"A8o":{"weight":1.0,"played":[0.9997,3.0E-4],"evs":[0.0,-4.63219]},"92s":{"weight":0.0,"played":[0.9999,1.0E-4],"evs":[0.0,-5.26734]},"93s":{"weight":0.0,"played":[0.9996,4.0E-4],"evs":[0.0,-4.66716]},"94s":{"weight":0.0,"played":[1.0,0.0],"evs":[0.0,-3.73507]},"95s":{"weight":0.0,"played":[0.9966,0.0034],"evs":[0.0,-4.01499]},"96s":{"weight":0.0,"played":[0.988,0.012],"evs":[0.0,-1.93569]},"97s":{"weight":0.0,"played":[0.9935,0.0065],"evs":[0.0,-1.34831]},"98s":{"weight":0.974,"played":[0.7621,0.2379],"evs":[0.0,-0.22999]},"99":{"weight":1.0,"played":[0.0,1.0],"evs":[0.0,8.35481]},"T9o":{"weight":0.0,"played":[0.9993,7.0E-4],"evs":[0.0,-2.41181]},"J9o":{"weight":0.0,"played":[0.9997,3.0E-4],"evs":[0.0,-3.30027]},"Q9o":{"weight":0.0,"played":[0.9973,0.0027],"evs":[0.0,-3.78783]},"K9o":{"weight":0.0,"played":[0.9956,0.0044],"evs":[0.0,-3.29676]},"A9o":{"weight":0.9308,"played":[0.9983,0.0017],"evs":[0.0,-3.78281]},"T2s":{"weight":0.0,"played":[0.9989,0.0011],"evs":[0.0,-5.00219]},"T3s":{"weight":0.0,"played":[1.0,0.0],"evs":[0.0,-5.11224]},"T4s":{"weight":0.0,"played":[0.9998,2.0E-4],"evs":[0.0,-4.35663]},"T5s":{"weight":0.0,"played":[1.0,0.0],"evs":[0.0,-3.64905]},"T6s":{"weight":0.0,"played":[0.999,0.001],"evs":[0.0,-3.32192]},"T7s":{"weight":0.0,"played":[0.9912,0.0088],"evs":[0.0,-1.09879]},"T8s":{"weight":0.9461,"played":[0.9577,0.0423],"evs":[0.0,-0.69282]},"T9s":{"weight":1.0,"played":[0.1345,0.8655],"evs":[0.0,0.4823]},"TT":{"weight":1.0,"played":[0.0,1.0],"evs":[0.0,10.01982]},"JTo":{"weight":0.9934,"played":[0.9982,0.0018],"evs":[0.0,-1.60496]},"QTo":{"weight":0.9999,"played":[0.9982,0.0018],"evs":[0.0,-1.92855]},"KTo":{"weight":1.0,"played":[0.9967,0.0033],"evs":[0.0,-1.20823]},"ATo":{"weight":0.8385,"played":[0.9796,0.0204],"evs":[0.0,-1.04348]},"J2s":{"weight":0.0,"played":[0.9997,3.0E-4],"evs":[0.0,-3.8972]},"J3s":{"weight":0.0,"played":[0.9996,4.0E-4],"evs":[0.0,-4.03021]},"J4s":{"weight":0.0,"played":[0.9999,1.0E-4],"evs":[0.0,-4.6702]},"J5s":{"weight":0.0,"played":[0.9997,3.0E-4],"evs":[0.0,-3.32737]},"J6s":{"weight":0.0,"played":[0.9994,6.0E-4],"evs":[0.0,-2.95663]},"J7s":{"weight":0.0,"played":[0.9766,0.0234],"evs":[0.0,-2.1409]},"J8s":{"weight":0.6296,"played":[0.9975,0.0025],"evs":[0.0,-1.30845]},"J9s":{"weight":1.0,"played":[0.4831,0.5169],"evs":[0.0,0.60263]},"JTs":{"weight":0.9706,"played":[0.0,1.0],"evs":[0.0,0.52134]},"JJ":{"weight":1.0,"played":[0.0,1.0],"evs":[0.0,13.91313]},"QJo":{"weight":1.0,"played":[0.996,0.004],"evs":[0.0,-1.72034]},"KJo":{"weight":1.0,"played":[0.9711,0.0289],"evs":[0.0,-0.6444]},"AJo":{"weight":0.9496,"played":[0.1001,0.8999],"evs":[0.0,0.11248]},"Q2s":{"weight":0.0,"played":[0.9994,6.0E-4],"evs":[0.0,-5.12835]},"Q3s":{"weight":0.0,"played":[0.9998,2.0E-4],"evs":[0.0,-5.62091]},"Q4s":{"weight":0.0,"played":[1.0,0.0],"evs":[0.0,-3.52082]},"Q5s":{"weight":0.0,"played":[0.9795,0.0205],"evs":[0.0,-2.72684]},"Q6s":{"weight":0.0,"played":[0.9393,0.0607],"evs":[0.0,-2.6544]},"Q7s":{"weight":0.0,"played":[0.994,0.006],"evs":[0.0,-2.31901]},"Q8s":{"weight":0.9951,"played":[0.9958,0.0042],"evs":[0.0,-1.56067]},"Q9s":{"weight":0.9999,"played":[0.9675,0.0325],"evs":[0.0,-1.41606]},"QTs":{"weight":1.0,"played":[0.2206,0.7794],"evs":[0.0,0.32156]},"QJs":{"weight":0.9759,"played":[0.0028,0.9972],"evs":[0.0,0.34617]},"QQ":{"weight":1.0,"played":[0.0,1.0],"evs":[0.0,18.88368]},"KQo":{"weight":0.9064,"played":[0.0,1.0],"evs":[0.0,1.17713]},"AQo":{"weight":0.9841,"played":[0.0,1.0],"evs":[0.0,2.55707]},"K2s":{"weight":0.0,"played":[0.9977,0.0023],"evs":[0.0,-3.42997]},"K3s":{"weight":0.0,"played":[0.9865,0.0135],"evs":[0.0,-3.78903]},"K4s":{"weight":0.0,"played":[0.9954,0.0046],"evs":[0.0,-3.05662]},"K5s":{"weight":0.0,"played":[0.9989,0.0011],"evs":[0.0,-3.00295]},"K6s":{"weight":0.9724,"played":[0.9998,2.0E-4],"evs":[0.0,-2.16543]},"K7s":{"weight":0.9991,"played":[0.9882,0.0118],"evs":[0.0,-1.79595]},"K8s":{"weight":1.0,"played":[0.8517,0.1483],"evs":[0.0,-1.10674]},"K9s":{"weight":0.9999,"played":[0.6744,0.3256],"evs":[0.0,0.07259]},"KTs":{"weight":0.932,"played":[0.0022,0.9978],"evs":[0.0,1.13873]},"KJs":{"weight":0.9998,"played":[1.0E-4,0.9999],"evs":[0.0,1.6743]},"KQs":{"weight":0.9995,"played":[1.0E-4,0.9999],"evs":[0.0,3.24293]},"KK":{"weight":1.0,"played":[0.0,1.0],"evs":[0.0,25.42033]},"AKo":{"weight":1.0,"played":[0.0,1.0],"evs":[0.0,4.90489]},"A2s":{"weight":1.0,"played":[0.9994,6.0E-4],"evs":[0.0,-3.15118]},"A3s":{"weight":1.0,"played":[0.9997,3.0E-4],"evs":[0.0,-3.22749]},"A4s":{"weight":1.0,"played":[0.9775,0.0225],"evs":[0.0,-2.72257]},"A5s":{"weight":0.9283,"played":[0.9938,0.0062],"evs":[0.0,-1.81376]},"A6s":{"weight":1.0,"played":[0.9991,9.0E-4],"evs":[0.0,-2.77117]},"A7s":{"weight":0.9732,"played":[0.999,0.001],"evs":[0.0,-2.63321]},"A8s":{"weight":0.9989,"played":[0.9963,0.0037],"evs":[0.0,-1.5206]},"A9s":{"weight":1.0,"played":[0.2725,0.7275],"evs":[0.0,-0.54894]},"ATs":{"weight":0.9999,"played":[0.0017,0.9983],"evs":[0.0,1.67009]},"AJs":{"weight":0.9999,"played":[1.0E-4,0.9999],"evs":[0.0,3.51137]},"AQs":{"weight":1.0,"played":[1.0E-4,0.9999],"evs":[0.0,5.69967]},"AKs":{"weight":0.9999,"played":[0.0,1.0],"evs":[0.0,6.60117]},"AA":{"weight":1.0,"played":[0.0,1.0],"evs":[0.0,30.68729]}}}