{"player":3,"street":0,"children":3,"sequence":[{"player":0,"type":"R","amount":1995000,"street":0},{"player":1,"type":"F","amount":0,"street":0},{"player":2,"type":"F","amount":0,"street":0}],"actions":[{"type":"F","amount":0,"node":155},{"type":"C","amount":1945000,"node":156},{"type":"R","amount":2155000,"node":158}],"hands":{"22":{"weight":1.0,"played":[0.9042,0.0508,0.045],"evs":[0.0,-0.78399,-0.81149]},"32o":{"weight":1.0,"played":[1.0,0.0,0.0],"evs":[0.0,-8.75539,-8.76395]},"42o":{"weight":1.0,"played":[1.0,0.0,0.0],"evs":[0.0,-7.87412,-7.90077]},"52o":{"weight":1.0,"played":[1.0,0.0,0.0],"evs":[0.0,-7.28714,-7.31522]},"62o":{"weight":1.0,"played":[1.0,0.0,0.0],"evs":[0.0,-7.01316,-7.01799]},"72o":{"weight":1.0,"played":[1.0,0.0,0.0],"evs":[0.0,-7.20091,-7.20546]},"82o":{"weight":1.0,"played":[1.0,0.0,0.0],"evs":[0.0,-6.74777,-6.75508]},"92o":{"weight":1.0,"played":[1.0,0.0,0.0],"evs":[0.0,-7.32035,-7.30922]},"T2o":{"weight":1.0,"played":[1.0,0.0,0.0],"evs":[0.0,-7.46779,-7.47924]},"J2o":{"weight":1.0,"played":[1.0,0.0,0.0],"evs":[0.0,-6.50033,-6.47626]},"Q2o":{"weight":1.0,"played":[1.0,0.0,0.0],"evs":[0.0,-6.41977,-6.41336]},"K2o":{"weight":1.0,"played":[1.0,0.0,0.0],"evs":[0.0,-5.72794,-5.71786]},"A2o":{"weight":1.0,"played":[0.9997,1.0E-4,2.0E-4],"evs":[0.0,-4.09058,-4.08723]},"32s":{"weight":1.0,"played":[1.0,0.0,0.0],"evs":[0.0,-6.49716,-6.54293]},"33":{"weight":1.0,"played":[0.1928,0.4459,0.3613],"evs":[0.0,-0.17858,-0.19469]},"43o":{"weight":1.0,"played":[1.0,0.0,0.0],"evs":[0.0,-7.11019,-7.13185]},"53o":{"weight":1.0,"played":[1.0,0.0,0.0],"evs":[0.0,-6.4097,-6.41991]},"63o":{"weight":1.0,"played":[1.0,0.0,0.0],"evs":[0.0,-6.16347,-6.20195]},"73o":{"weight":1.0,"played":[1.0,0.0,0.0],"evs":[0.0,-6.23127,-6.26166]},"83o":{"weight":1.0,"played":[1.0,0.0,0.0],"evs":[0.0,-6.89992,-6.91134]},"93o":{"weight":1.0,"played":[1.0,0.0,0.0],"evs":[0.0,-6.95888,-6.95979]},"T3o":{"weight":1.0,"played":[1.0,0.0,0.0],"evs":[0.0,-7.37128,-7.36268]},"J3o":{"weight":1.0,"played":[1.0,0.0,0.0],"evs":[0.0,-6.35537,-6.35842]},"Q3o":{"weight":1.0,"played":[1.0,0.0,0.0],"evs":[0.0,-6.0773,-6.06019]},"K3o":{"weight":1.0,"played":[1.0,0.0,0.0],"evs":[0.0,-5.83294,-5.84635]},"A3o":{"weight":1.0,"played":[1.0,0.0,0.0],"evs":[0.0,-3.39667,-3.43414]},"42s":{"weight":1.0,"played":[1.0,0.0,0.0],"evs":[0.0,-5.22692,-5.28884]},"43s":{"weight":1.0,"played":[1.0,0.0,0.0],"evs":[0.0,-4.84607,-4.83796]},"44":{"weight":1.0,"played":[1.0E-4,0.8497,0.1502],"evs":[0.0,1.89374,1.80222]},"54o":{"weight":1.0,"played":[1.0,0.0,0.0],"evs":[0.0,-5.19752,-5.21197]},"64o":{"weight":1.0,"played":[1.0,0.0,0.0],"evs":[0.0,-5.29711,-5.26513]},"74o":{"weight":1.0,"played":[1.0,0.0,0.0],"evs":[0.0,-5.71969,-5.70946]},"84o":{"weight":1.0,"played":[1.0,0.0,0.0],"evs":[0.0,-5.91978,-5.97128]},"94o":{"weight":1.0,"played":[1.0,0.0,0.0],"evs":[0.0,-6.74252,-6.74118]},"T4o":{"weight":1.0,"played":[1.0,0.0,0.0],"evs":[0.0,-7.09746,-7.12201]},"J4o":{"weight":1.0,"played":[1.0,0.0,0.0],"evs":[0.0,-5.93524,-5.95325]},"Q4o":{"weight":1.0,"played":[1.0,0.0,0.0],"evs":[0.0,-5.73926,-5.75281]},"K4o":{"weight":1.0,"played":[1.0,0.0,0.0],"evs":[0.0,-5.35734,-5.39314]},"A4o":{"weight":1.0,"played":[1.0,0.0,0.0],"evs":[0.0,-2.98933,-3.00053]},"52s":{"weight":1.0,"played":[1.0,0.0,0.0],"evs":[0.0,-4.7642,-4.77208]},"53s":{"weight":1.0,"played":[1.0,0.0,0.0],"evs":[0.0,-3.8638,-3.88811]},"54s":{"weight":1.0,"played":[0.9998,2.0E-4,0.0],"evs":[0.0,-3.2366,-3.26768]},"55":{"weight":1.0,"played":[0.0,0.619,0.381],"evs":[0.0,5.3823,5.32198]},"65o":{"weight":1.0,"played":[1.0,0.0,0.0],"evs":[0.0,-3.6555,-3.69278]},"75o":{"weight":1.0,"played":[1.0,0.0,0.0],"evs":[0.0,-4.05137,-4.06913]},"85o":{"weight":1.0,"played":[1.0,0.0,0.0],"evs":[0.0,-4.18907,-4.18143]},"95o":{"weight":1.0,"played":[1.0,0.0,0.0],"evs":[0.0,-5.3386,-5.32214]},"T5o":{"weight":1.0,"played":[1.0,0.0,0.0],"evs":[0.0,-6.2542,-6.21071]},"J5o":{"weight":1.0,"played":[1.0,0.0,0.0],"evs":[0.0,-5.11246,-5.13758]},"Q5o":{"weight":1.0,"played":[1.0,0.0,0.0],"evs":[0.0,-4.94566,-4.94572]},"K5o":{"weight":1.0,"played":[1.0,0.0,0.0],"evs":[0.0,-4.55402,-4.52728]},"A5o":{"weight":1.0,"played":[1.0,0.0,0.0],"evs":[0.0,-2.05115,-2.04315]},"62s":{"weight":1.0,"played":[1.0,0.0,0.0],"evs":[0.0,-4.5456,-4.49924]},"63s":{"weight":1.0,"played":[1.0,0.0,0.0],"evs":[0.0,-4.01598,-4.07049]},"64s":{"weight":1.0,"played":[1.0,0.0,0.0],"evs":[0.0,-2.75549,-2.76279]},"65s":{"weight":1.0,"played":[1.0,0.0,0.0],"evs":[0.0,-1.51628,-1.50922]},"66":{"weight":1.0,"played":[0.0,0.1847,0.8153],"evs":[0.0,8.28567,8.30587]},"76o":{"weight":1.0,"played":[1.0,0.0,0.0],"evs":[0.0,-2.25876,-2.2439]},"86o":{"weight":1.0,"played":[1.0,0.0,0.0],"evs":[0.0,-2.72082,-2.67556]},"96o":{"weight":1.0,"played":[1.0,0.0,0.0],"evs":[0.0,-3.71243,-3.67632]},"T6o":{"weight":1.0,"played":[1.0,0.0,0.0],"evs":[0.0,-4.88585,-4.83163]},"J6o":{"weight":1.0,"played":[1.0,0.0,0.0],"evs":[0.0,-4.31765,-4.30177]},"Q6o":{"weight":1.0,"played":[1.0,0.0,0.0],"evs":[0.0,-4.10634,-4.10435]},"K6o":{"weight":1.0,"played":[1.0,0.0,0.0],"evs":[0.0,-3.54822,-3.53985]},"A6o":{"weight":1.0,"played":[1.0,0.0,0.0],"evs":[0.0,-1.91071,-1.92518]},"72s":{"weight":1.0,"played":[1.0,0.0,0.0],"evs":[0.0,-4.91874,-4.92333]},"73s":{"weight":1.0,"played":[1.0,0.0,0.0],"evs":[0.0,-4.51205,-4.54071]},"74s":{"weight":1.0,"played":[1.0,0.0,0.0],"evs":[0.0,-3.18948,-3.17703]},"75s":{"weight":1.0,"played":[0.9998,1.0E-4,1.0E-4],"evs":[0.0,-2.00225,-2.00675]},"76s":{"weight":1.0,"played":[0.9885,0.0068,0.0047],"evs":[0.0,-0.40143,-0.39018]},"77":{"weight":1.0,"played":[0.0,0.7248,0.2752],"evs":[0.0,9.79777,9.83063]},"87o":{"weight":1.0,"played":[1.0,0.0,0.0],"evs":[0.0,-2.01856,-1.98759]},"97o":{"weight":1.0,"played":[1.0,0.0,0.0],"evs":[0.0,-2.66022,-2.61412]},"T7o":{"weight":1.0,"played":[1.0,0.0,0.0],"evs":[0.0,-3.41387,-3.40842]},"J7o":{"weight":1.0,"played":[1.0,0.0,0.0],"evs":[0.0,-3.12552,-3.09904]},"Q7o":{"weight":1.0,"played":[1.0,0.0,0.0],"evs":[0.0,-3.8167,-3.82165]},"K7o":{"weight":1.0,"played":[1.0,0.0,0.0],"evs":[0.0,-3.14704,-3.12818]},"A7o":{"weight":1.0,"played":[0.9996,2.0E-4,1.0E-4],"evs":[0.0,-1.00131,-0.98324]},"82s":{"weight":1.0,"played":[1.0,0.0,0.0],"evs":[0.0,-4.72404,-4.72063]},"83s":{"weight":1.0,"played":[1.0,0.0,0.0],"evs":[0.0,-4.08612,-4.06422]},"84s":{"weight":1.0,"played":[1.0,0.0,0.0],"evs":[0.0,-3.72267,-3.69873]},"85s":{"weight":1.0,"played":[1.0,0.0,0.0],"evs":[0.0,-2.33033,-2.31004]},"86s":{"weight":1.0,"played":[1.0,0.0,0.0],"evs":[0.0,-1.31407,-1.19661]},"87s":{"weight":1.0,"played":[0.9619,0.0134,0.0247],"evs":[0.0,-0.10553,-0.04919]},"88":{"weight":1.0,"played":[0.0,0.2235,0.7765],"evs":[0.0,10.46276,10.48355]},"98o":{"weight":1.0,"played":[1.0,0.0,0.0],"evs":[0.0,-2.13236,-2.07291]},"T8o":{"weight":1.0,"played":[0.9999,0.0,0.0],"evs":[0.0,-2.61605,-2.56957]},"J8o":{"weight":1.0,"played":[1.0,0.0,0.0],"evs":[0.0,-2.7572,-2.72275]},"Q8o":{"weight":1.0,"played":[1.0,0.0,0.0],"evs":[0.0,-2.87019,-2.86452]},"K8o":{"weight":1.0,"played":[1.0,0.0,0.0],"evs":[0.0,-3.03418,-3.05349]},"A8o":{"weight":1.0,"played":[0.9863,0.0133,4.0E-4],"evs":[0.0,-0.60178,-0.59974]},"92s":{"weight":1.0,"played":[1.0,0.0,0.0],"evs":[0.0,-4.94444,-4.96842]},"93s":{"weight":1.0,"played":[1.0,0.0,0.0],"evs":[0.0,-4.64424,-4.70399]},"94s":{"weight":1.0,"played":[0.9999,0.0,0.0],"evs":[0.0,-4.63012,-4.62705]},"95s":{"weight":1.0,"played":[1.0,0.0,0.0],"evs":[0.0,-3.17574,-3.22343]},"96s":{"weight":1.0,"played":[0.9999,1.0E-4,1.0E-4],"evs":[0.0,-1.97876,-1.95858]},"97s":{"weight":1.0,"played":[0.9983,9.0E-4,7.0E-4],"evs":[0.0,-0.48437,-0.51268]},"98s":{"weight":1.0,"played":[0.1702,0.4372,0.3925],"evs":[0.0,0.04195,0.06835]},"99":{"weight":1.0,"played":[0.0,0.0227,0.9773],"evs":[0.0,11.32586,11.47972]},"T9o":{"weight":1.0,"played":[0.9999,1.0E-4,0.0],"evs":[0.0,-2.51999,-2.50875]},"J9o":{"weight":1.0,"played":[1.0,0.0,0.0],"evs":[0.0,-2.33207,-2.3191]},"Q9o":{"weight":1.0,"played":[1.0,0.0,0.0],"evs":[0.0,-2.8049,-2.7671]},"K9o":{"weight":1.0,"played":[1.0,0.0,0.0],"evs":[0.0,-2.91908,-2.88661]},"A9o":{"weight":1.0,"played":[0.0787,0.2769,0.6444],"evs":[0.0,0.10643,0.11443]},"T2s":{"weight":1.0,"played":[1.0,0.0,0.0],"evs":[0.0,-5.59644,-5.61153]},"T3s":{"weight":1.0,"played":[1.0,0.0,0.0],"evs":[0.0,-4.84349,-4.86001]},"T4s":{"weight":1.0,"played":[1.0,0.0,0.0],"evs":[0.0,-4.64274,-4.66198]},"T5s":{"weight":1.0,"played":[1.0,0.0,0.0],"evs":[0.0,-4.38036,-4.46853]},"T6s":{"weight":1.0,"played":[0.9998,0.0,1.0E-4],"evs":[0.0,-2.62344,-2.61721]},"T7s":{"weight":1.0,"played":[0.9997,2.0E-4,1.0E-4],"evs":[0.0,-1.44228,-1.34741]},"T8s":{"weight":1.0,"played":[0.9997,2.0E-4,1.0E-4],"evs":[0.0,-0.50993,-0.44675]},"T9s":{"weight":1.0,"played":[0.8387,0.0481,0.1132],"evs":[0.0,-0.65023,-0.58618]},"TT":{"weight":1.0,"played":[0.0,0.5762,0.4238],"evs":[0.0,14.67276,14.71883]},"JTo":{"weight":1.0,"played":[0.9999,1.0E-4,0.0],"evs":[0.0,-1.63576,-1.63834]},"QTo":{"weight":1.0,"played":[1.0,0.0,0.0],"evs":[0.0,-2.49674,-2.48732]},"KTo":{"weight":1.0,"played":[0.9998,2.0E-4,0.0],"evs":[0.0,-2.10802,-2.10945]},"ATo":{"weight":1.0,"played":[0.0,0.3368,0.6632],"evs":[0.0,4.29525,4.33097]},"J2s":{"weight":1.0,"played":[1.0,0.0,0.0],"evs":[0.0,-4.23279,-4.24185]},"J3s":{"weight":1.0,"played":[1.0,0.0,0.0],"evs":[0.0,-4.20497,-4.16807]},"J4s":{"weight":1.0,"played":[0.9999,1.0E-4,0.0],"evs":[0.0,-3.73359,-3.71332]},"J5s":{"weight":1.0,"played":[1.0,0.0,0.0],"evs":[0.0,-2.84979,-2.87249]},"J6s":{"weight":1.0,"played":[1.0,0.0,0.0],"evs":[0.0,-2.42611,-2.39147]},"J7s":{"weight":1.0,"played":[0.9999,0.0,0.0],"evs":[0.0,-1.65985,-1.58872]},"J8s":{"weight":1.0,"played":[0.9931,0.0044,0.0025],"evs":[0.0,-0.10939,-0.03937]},"J9s":{"weight":1.0,"played":[0.9888,0.0101,0.0011],"evs":[0.0,-0.62548,-0.60429]},"JTs":{"weight":1.0,"played":[0.0114,0.9416,0.047],"evs":[0.0,0.18858,0.16997]},"JJ":{"weight":1.0,"played":[0.0,0.4333,0.5667],"evs":[0.0,15.89426,15.89991]},"QJo":{"weight":1.0,"played":[0.9996,1.0E-4,3.0E-4],"evs":[0.0,-1.10735,-1.07889]},"KJo":{"weight":1.0,"played":[0.9949,0.0042,9.0E-4],"evs":[0.0,-0.57241,-0.5563]},"AJo":{"weight":1.0,"played":[0.0,0.2535,0.7465],"evs":[0.0,8.34372,8.34196]},"Q2s":{"weight":1.0,"played":[1.0,0.0,0.0],"evs":[0.0,-3.90133,-3.92165]},"Q3s":{"weight":1.0,"played":[1.0,0.0,0.0],"evs":[0.0,-3.96082,-3.89528]},"Q4s":{"weight":1.0,"played":[1.0,0.0,0.0],"evs":[0.0,-3.63501,-3.61725]},"Q5s":{"weight":1.0,"played":[1.0,0.0,0.0],"evs":[0.0,-2.90743,-2.9075]},"Q6s":{"weight":1.0,"played":[1.0,0.0,0.0],"evs":[0.0,-2.32754,-2.32871]},"Q7s":{"weight":1.0,"played":[0.9984,7.0E-4,8.0E-4],"evs":[0.0,-1.82371,-1.76507]},"Q8s":{"weight":1.0,"played":[0.9999,0.0,0.0],"evs":[0.0,-0.97152,-0.98039]},"Q9s":{"weight":1.0,"played":[0.9952,0.002,0.0029],"evs":[0.0,-0.58558,-0.55546]},"QTs":{"weight":1.0,"played":[0.9993,5.0E-4,3.0E-4],"evs":[0.0,-0.65257,-0.58923]},"QJs":{"weight":1.0,"played":[0.0,0.5689,0.4311],"evs":[0.0,1.03365,1.03831]},"QQ":{"weight":1.0,"played":[0.0,0.3696,0.6304],"evs":[0.0,17.89123,17.95466]},"KQo":{"weight":1.0,"played":[6.0E-4,0.2786,0.7208],"evs":[0.0,1.02833,1.04782]},"AQo":{"weight":1.0,"played":[0.0,0.4954,0.5046],"evs":[0.0,11.19221,11.17706]},"K2s":{"weight":1.0,"played":[1.0,0.0,0.0],"evs":[0.0,-3.80582,-3.8554]},"K3s":{"weight":1.0,"played":[1.0,0.0,0.0],"evs":[0.0,-3.86292,-3.85785]},"K4s":{"weight":1.0,"played":[1.0,0.0,0.0],"evs":[0.0,-3.08329,-3.0949]},"K5s":{"weight":1.0,"played":[1.0,0.0,0.0],"evs":[0.0,-2.78808,-2.78195]},"K6s":{"weight":1.0,"played":[0.9995,1.0E-4,4.0E-4],"evs":[0.0,-1.35988,-1.33311]},"K7s":{"weight":1.0,"played":[0.9678,0.0168,0.0154],"evs":[0.0,-1.10404,-1.08242]},"K8s":{"weight":1.0,"played":[0.9895,0.0062,0.0043],"evs":[0.0,-1.00216,-1.00512]},"K9s":{"weight":1.0,"played":[0.9967,0.0027,6.0E-4],"evs":[0.0,-1.06903,-0.97243]},"KTs":{"weight":1.0,"played":[0.1258,0.5254,0.3488],"evs":[0.0,-0.03529,-0.02063]},"KJs":{"weight":1.0,"played":[6.0E-4,0.2886,0.7108],"evs":[0.0,1.55015,1.54162]},"KQs":{"weight":1.0,"played":[0.0,0.2285,0.7715],"evs":[0.0,2.85546,2.91907]},"KK":{"weight":1.0,"played":[0.0,0.2999,0.7001],"evs":[0.0,19.58097,19.6558]},"AKo":{"weight":1.0,"played":[0.0,0.4042,0.5958],"evs":[0.0,12.18909,12.18661]},"A2s":{"weight":1.0,"played":[0.999,6.0E-4,4.0E-4],"evs":[0.0,-1.72325,-1.66811]},"A3s":{"weight":1.0,"played":[0.9984,6.0E-4,0.001],"evs":[0.0,-1.59833,-1.60427]},"A4s":{"weight":1.0,"played":[0.998,2.0E-4,0.0017],"evs":[0.0,-0.94479,-1.01794]},"A5s":{"weight":1.0,"played":[0.2861,0.3241,0.3898],"evs":[0.0,-0.02227,-0.02488]},"A6s":{"weight":1.0,"played":[0.9883,0.0029,0.0088],"evs":[0.0,-0.43097,-0.41527]},"A7s":{"weight":1.0,"played":[9.0E-4,0.2292,0.7699],"evs":[0.0,0.83492,0.8617]},"A8s":{"weight":1.0,"played":[0.0,0.0018,0.9982],"evs":[0.0,1.28867,1.31519]},"A9s":{"weight":1.0,"played":[0.0,0.6283,0.3717],"evs":[0.0,1.99094,1.9657]},"ATs":{"weight":1.0,"played":[0.0,0.2367,0.7633],"evs":[0.0,6.22968,6.27652]},"AJs":{"weight":1.0,"played":[0.0,0.0862,0.9138],"evs":[0.0,9.93656,9.97943]},"AQs":{"weight":1.0,"played":[0.0,0.757,0.243],"evs":[0.0,12.11253,12.09637]},"AKs":{"weight":1.0,"played":[0.0,0.4624,0.5376],"evs":[0.0,13.07363,13.04851]},"AA":{"weight":1.0,"played":[0.0,0.1684,0.8316],"evs":[0.0,25.55084,25.63185]}}}