{"player":3,"street":0,"children":2,"sequence":[{"player":0,"type":"F","amount":0,"street":0},{"player":1,"type":"F","amount":0,"street":0},{"player":2,"type":"R","amount":200000,"street":0},{"player":3,"type":"C","amount":150000,"street":0},{"player":4,"type":"R","amount":2055000,"street":0},{"player":2,"type":"F","amount":0,"street":0}],"actions":[{"type":"F","amount":0},{"type":"C","amount":1855000}],"hands":{"22":{"weight":4.0E-4,"played":[0.0011,0.9989],"evs":[0.0,1.21071]},"32o":{"weight":0.0,"played":[1.0,0.0],"evs":[0.0,-7.22934]},"42o":{"weight":0.0,"played":[1.0,0.0],"evs":[0.0,-6.73092]},"52o":{"weight":0.0,"played":[1.0,0.0],"evs":[0.0,-6.69941]},"62o":{"weight":0.0,"played":[1.0,0.0],"evs":[0.0,-7.08961]},"72o":{"weight":0.0,"played":[1.0,0.0],"evs":[0.0,-7.68489]},"82o":{"weight":0.0,"played":[1.0,0.0],"evs":[0.0,-7.19424]},"92o":{"weight":0.0,"played":[1.0,0.0],"evs":[0.0,-7.13759]},"T2o":{"weight":0.0,"played":[1.0,0.0],"evs":[0.0,-6.74959]},"J2o":{"weight":0.0,"played":[1.0,0.0],"evs":[0.0,-5.66905]},"Q2o":{"weight":0.0,"played":[1.0,0.0],"evs":[0.0,-5.25]},"K2o":{"weight":0.0,"played":[1.0,0.0],"evs":[0.0,-4.29813]},"A2o":{"weight":0.0065,"played":[1.0,0.0],"evs":[0.0,-2.58763]},"32s":{"weight":0.0,"played":[1.0,0.0],"evs":[0.0,-5.22864]},"33":{"weight":0.0049,"played":[0.0,1.0],"evs":[0.0,1.40991]},"43o":{"weight":0.0,"played":[1.0,0.0],"evs":[0.0,-6.23248]},"53o":{"weight":0.0,"played":[1.0,0.0],"evs":[0.0,-5.79741]},"63o":{"weight":0.0,"played":[1.0,0.0],"evs":[0.0,-6.42518]},"73o":{"weight":0.0,"played":[1.0,0.0],"evs":[0.0,-6.76227]},"83o":{"weight":0.0,"played":[1.0,0.0],"evs":[0.0,-7.41446]},"93o":{"weight":0.0,"played":[1.0,0.0],"evs":[0.0,-7.18098]},"T3o":{"weight":0.0,"played":[1.0,0.0],"evs":[0.0,-6.48077]},"J3o":{"weight":0.0,"played":[1.0,0.0],"evs":[0.0,-5.98767]},"Q3o":{"weight":0.0,"played":[1.0,0.0],"evs":[0.0,-4.86064]},"K3o":{"weight":0.0,"played":[1.0,0.0],"evs":[0.0,-4.18913]},"A3o":{"weight":0.1394,"played":[0.9999,1.0E-4],"evs":[0.0,-2.46331]},"42s":{"weight":0.0,"played":[1.0,0.0],"evs":[0.0,-4.3874]},"43s":{"weight":0.0,"played":[0.9999,1.0E-4],"evs":[0.0,-4.54851]},"44":{"weight":0.0334,"played":[1.0E-4,0.9999],"evs":[0.0,2.43293]},"54o":{"weight":0.0,"played":[1.0,0.0],"evs":[0.0,-5.1551]},"64o":{"weight":0.0,"played":[1.0,0.0],"evs":[0.0,-5.14526]},"74o":{"weight":0.0,"played":[1.0,0.0],"evs":[0.0,-5.91029]},"84o":{"weight":0.0,"played":[1.0,0.0],"evs":[0.0,-6.09569]},"94o":{"weight":0.0,"played":[1.0,0.0],"evs":[0.0,-6.74654]},"T4o":{"weight":0.0,"played":[1.0,0.0],"evs":[0.0,-6.1513]},"J4o":{"weight":0.0,"played":[1.0,0.0],"evs":[0.0,-5.30889]},"Q4o":{"weight":0.0,"played":[1.0,0.0],"evs":[0.0,-4.5904]},"K4o":{"weight":0.0,"played":[1.0,0.0],"evs":[0.0,-3.9219]},"A4o":{"weight":1.0E-4,"played":[0.9998,2.0E-4],"evs":[0.0,-2.10569]},"52s":{"weight":0.0,"played":[1.0,0.0],"evs":[0.0,-4.58336]},"53s":{"weight":0.0,"played":[0.9998,2.0E-4],"evs":[0.0,-3.41313]},"54s":{"weight":0.6765,"played":[1.0,0.0],"evs":[0.0,-2.9877]},"55":{"weight":0.0012,"played":[0.0,1.0],"evs":[0.0,3.72221]},"65o":{"weight":0.0,"played":[1.0,0.0],"evs":[0.0,-4.61653]},"75o":{"weight":0.0,"played":[1.0,0.0],"evs":[0.0,-4.79025]},"85o":{"weight":0.0,"played":[1.0,0.0],"evs":[0.0,-5.35393]},"95o":{"weight":0.0,"played":[1.0,0.0],"evs":[0.0,-6.08305]},"T5o":{"weight":0.0,"played":[1.0,0.0],"evs":[0.0,-6.21953]},"J5o":{"weight":0.0,"played":[1.0,0.0],"evs":[0.0,-5.02317]},"Q5o":{"weight":0.0,"played":[1.0,0.0],"evs":[0.0,-4.2324]},"K5o":{"weight":0.0,"played":[1.0,0.0],"evs":[0.0,-3.80888]},"A5o":{"weight":0.066,"played":[0.9973,0.0027],"evs":[0.0,-1.30749]},"62s":{"weight":0.0,"played":[1.0,0.0],"evs":[0.0,-5.47377]},"63s":{"weight":0.0,"played":[1.0,0.0],"evs":[0.0,-4.40006]},"64s":{"weight":4.0E-4,"played":[1.0,0.0],"evs":[0.0,-3.59767]},"65s":{"weight":0.2965,"played":[0.9998,2.0E-4],"evs":[0.0,-2.64461]},"66":{"weight":0.2882,"played":[0.0,1.0],"evs":[0.0,4.931]},"76o":{"weight":0.0,"played":[1.0,0.0],"evs":[0.0,-4.21541]},"86o":{"weight":0.0,"played":[1.0,0.0],"evs":[0.0,-4.55516]},"96o":{"weight":0.0,"played":[1.0,0.0],"evs":[0.0,-4.98029]},"T6o":{"weight":0.0,"played":[1.0,0.0],"evs":[0.0,-5.48886]},"J6o":{"weight":0.0,"played":[1.0,0.0],"evs":[0.0,-5.33863]},"Q6o":{"weight":0.0,"played":[1.0,0.0],"evs":[0.0,-4.10036]},"K6o":{"weight":0.0,"played":[1.0,0.0],"evs":[0.0,-3.24703]},"A6o":{"weight":0.214,"played":[0.9995,5.0E-4],"evs":[0.0,-1.36497]},"72s":{"weight":0.0,"played":[1.0,0.0],"evs":[0.0,-5.04644]},"73s":{"weight":0.0,"played":[0.9999,1.0E-4],"evs":[0.0,-4.94267]},"74s":{"weight":0.0,"played":[1.0,0.0],"evs":[0.0,-4.29014]},"75s":{"weight":0.005,"played":[1.0,0.0],"evs":[0.0,-3.1386]},"76s":{"weight":0.0445,"played":[0.9999,1.0E-4],"evs":[0.0,-1.82716]},"77":{"weight":1.0E-4,"played":[0.0,1.0],"evs":[0.0,6.43554]},"87o":{"weight":0.0,"played":[1.0,0.0],"evs":[0.0,-3.8064]},"97o":{"weight":0.0,"played":[1.0,0.0],"evs":[0.0,-4.10489]},"T7o":{"weight":0.0,"played":[1.0,0.0],"evs":[0.0,-4.38786]},"J7o":{"weight":0.0,"played":[1.0,0.0],"evs":[0.0,-4.33161]},"Q7o":{"weight":0.0,"played":[1.0,0.0],"evs":[0.0,-3.97365]},"K7o":{"weight":0.0,"played":[1.0,0.0],"evs":[0.0,-3.13114]},"A7o":{"weight":0.0997,"played":[0.1468,0.8532],"evs":[0.0,0.0871]},"82s":{"weight":0.0,"played":[1.0,0.0],"evs":[0.0,-4.28082]},"83s":{"weight":0.0,"played":[1.0,0.0],"evs":[0.0,-5.23731]},"84s":{"weight":0.0,"played":[1.0,0.0],"evs":[0.0,-4.62199]},"85s":{"weight":9.0E-4,"played":[1.0,0.0],"evs":[0.0,-3.36401]},"86s":{"weight":0.0972,"played":[0.9999,1.0E-4],"evs":[0.0,-2.60363]},"87s":{"weight":0.5142,"played":[0.9995,5.0E-4],"evs":[0.0,-1.80999]},"88":{"weight":0.0,"played":[0.0,1.0],"evs":[0.0,8.19392]},"98o":{"weight":0.0,"played":[1.0,0.0],"evs":[0.0,-3.29155]},"T8o":{"weight":0.0,"played":[1.0,0.0],"evs":[0.0,-3.55919]},"J8o":{"weight":0.0,"played":[1.0,0.0],"evs":[0.0,-3.26764]},"Q8o":{"weight":0.0,"played":[1.0,0.0],"evs":[0.0,-3.29905]},"K8o":{"weight":0.0,"played":[1.0,0.0],"evs":[0.0,-3.03892]},"A8o":{"weight":0.0723,"played":[1.0E-4,0.9999],"evs":[0.0,1.82857]},"92s":{"weight":0.0,"played":[1.0,0.0],"evs":[0.0,-5.31633]},"93s":{"weight":0.0,"played":[1.0,0.0],"evs":[0.0,-5.03251]},"94s":{"weight":0.0,"played":[1.0,0.0],"evs":[0.0,-4.43986]},"95s":{"weight":0.0,"played":[0.9998,2.0E-4],"evs":[0.0,-3.55679]},"96s":{"weight":0.0012,"played":[1.0,0.0],"evs":[0.0,-3.38078]},"97s":{"weight":0.1013,"played":[0.9997,3.0E-4],"evs":[0.0,-2.20271]},"98s":{"weight":0.2245,"played":[0.9985,0.0015],"evs":[0.0,-1.53028]},"99":{"weight":0.0,"played":[0.0,1.0],"evs":[0.0,9.12015]},"T9o":{"weight":0.0,"played":[1.0,0.0],"evs":[0.0,-2.71106]},"J9o":{"weight":0.0,"played":[1.0,0.0],"evs":[0.0,-2.61849]},"Q9o":{"weight":0.0,"played":[1.0,0.0],"evs":[0.0,-2.06846]},"K9o":{"weight":2.0E-4,"played":[0.9999,1.0E-4],"evs":[0.0,-2.03725]},"A9o":{"weight":0.0048,"played":[0.0,1.0],"evs":[0.0,3.36762]},"T2s":{"weight":0.0,"played":[1.0,0.0],"evs":[0.0,-4.55179]},"T3s":{"weight":0.0,"played":[0.9998,2.0E-4],"evs":[0.0,-4.39865]},"T4s":{"weight":0.0,"played":[0.9997,3.0E-4],"evs":[0.0,-3.96013]},"T5s":{"weight":0.0,"played":[0.9998,2.0E-4],"evs":[0.0,-3.94701]},"T6s":{"weight":0.0,"played":[0.9999,1.0E-4],"evs":[0.0,-3.61441]},"T7s":{"weight":0.0032,"played":[0.9999,1.0E-4],"evs":[0.0,-2.7592]},"T8s":{"weight":0.7966,"played":[1.0,0.0],"evs":[0.0,-1.39249]},"T9s":{"weight":0.0029,"played":[0.8799,0.1201],"evs":[0.0,-0.73455]},"TT":{"weight":0.0,"played":[0.0,1.0],"evs":[0.0,11.49811]},"JTo":{"weight":0.0567,"played":[0.9998,2.0E-4],"evs":[0.0,-1.07506]},"QTo":{"weight":0.4586,"played":[0.9993,7.0E-4],"evs":[0.0,-0.82519]},"KTo":{"weight":0.2429,"played":[0.9983,0.0017],"evs":[0.0,-0.73215]},"ATo":{"weight":3.0E-4,"played":[0.0,1.0],"evs":[0.0,6.31344]},"J2s":{"weight":0.0,"played":[1.0,0.0],"evs":[0.0,-4.04358]},"J3s":{"weight":0.0,"played":[0.9999,1.0E-4],"evs":[0.0,-3.71861]},"J4s":{"weight":0.0,"played":[1.0,0.0],"evs":[0.0,-2.98315]},"J5s":{"weight":0.0,"played":[1.0,0.0],"evs":[0.0,-3.32145]},"J6s":{"weight":0.0,"played":[1.0,0.0],"evs":[0.0,-3.31716]},"J7s":{"weight":0.0,"played":[1.0,0.0],"evs":[0.0,-2.4414]},"J8s":{"weight":0.9795,"played":[1.0,0.0],"evs":[0.0,-1.85167]},"J9s":{"weight":1.0E-4,"played":[0.9984,0.0016],"evs":[0.0,-0.56856]},"JTs":{"weight":1.0E-4,"played":[0.0059,0.9941],"evs":[0.0,0.55004]},"JJ":{"weight":0.0,"played":[0.0,1.0],"evs":[0.0,13.76189]},"QJo":{"weight":0.148,"played":[1.0,0.0],"evs":[0.0,-0.14976]},"KJo":{"weight":0.0,"played":[0.9524,0.0476],"evs":[0.0,-0.42829]},"AJo":{"weight":0.0,"played":[0.0,1.0],"evs":[0.0,8.23328]},"Q2s":{"weight":0.0,"played":[0.9998,2.0E-4],"evs":[0.0,-2.76058]},"Q3s":{"weight":0.0,"played":[0.9999,1.0E-4],"evs":[0.0,-2.92519]},"Q4s":{"weight":4.0E-4,"played":[1.0,0.0],"evs":[0.0,-2.04685]},"Q5s":{"weight":0.0018,"played":[1.0,0.0],"evs":[0.0,-1.84292]},"Q6s":{"weight":3.0E-4,"played":[1.0,0.0],"evs":[0.0,-1.92478]},"Q7s":{"weight":5.0E-4,"played":[0.9995,5.0E-4],"evs":[0.0,-2.05962]},"Q8s":{"weight":0.7818,"played":[1.0,0.0],"evs":[0.0,-0.87073]},"Q9s":{"weight":0.0037,"played":[0.9697,0.0303],"evs":[0.0,-0.61682]},"QTs":{"weight":0.0147,"played":[8.0E-4,0.9992],"evs":[0.0,0.9834]},"QJs":{"weight":0.0297,"played":[0.0066,0.9934],"evs":[0.0,1.22757]},"QQ":{"weight":0.0,"played":[0.0,1.0],"evs":[0.0,15.19703]},"KQo":{"weight":0.0,"played":[0.0025,0.9975],"evs":[0.0,0.15201]},"AQo":{"weight":0.0,"played":[0.0,1.0],"evs":[0.0,10.27674]},"K2s":{"weight":2.0E-4,"played":[1.0,0.0],"evs":[0.0,-2.01279]},"K3s":{"weight":0.0042,"played":[0.9996,4.0E-4],"evs":[0.0,-2.22223]},"K4s":{"weight":0.0245,"played":[0.9996,4.0E-4],"evs":[0.0,-2.15572]},"K5s":{"weight":0.6471,"played":[0.9999,1.0E-4],"evs":[0.0,-2.23956]},"K6s":{"weight":0.3402,"played":[0.9983,0.0017],"evs":[0.0,-1.44929]},"K7s":{"weight":0.1504,"played":[0.9831,0.0169],"evs":[0.0,-1.44931]},"K8s":{"weight":0.0735,"played":[0.9994,6.0E-4],"evs":[0.0,-0.62894]},"K9s":{"weight":0.4148,"played":[0.9996,4.0E-4],"evs":[0.0,-0.16032]},"KTs":{"weight":0.0046,"played":[0.0051,0.9949],"evs":[0.0,1.43253]},"KJs":{"weight":0.0,"played":[0.0,1.0],"evs":[0.0,1.16366]},"KQs":{"weight":2.0E-4,"played":[4.0E-4,0.9996],"evs":[0.0,1.41618]},"KK":{"weight":0.0029,"played":[0.0,1.0],"evs":[0.0,17.22602]},"AKo":{"weight":0.0,"played":[0.0,1.0],"evs":[0.0,12.29041]},"A2s":{"weight":8.0E-4,"played":[0.9512,0.0488],"evs":[0.0,-1.24472]},"A3s":{"weight":4.0E-4,"played":[0.995,0.005],"evs":[0.0,-0.16933]},"A4s":{"weight":0.0,"played":[0.9026,0.0974],"evs":[0.0,-0.36376]},"A5s":{"weight":0.0012,"played":[0.2792,0.7208],"evs":[0.0,0.31009]},"A6s":{"weight":0.0056,"played":[3.0E-4,0.9997],"evs":[0.0,0.14186]},"A7s":{"weight":0.0413,"played":[0.0,1.0],"evs":[0.0,1.70094]},"A8s":{"weight":0.0212,"played":[1.0E-4,0.9999],"evs":[0.0,3.47078]},"A9s":{"weight":0.3874,"played":[0.0,1.0],"evs":[0.0,4.54478]},"ATs":{"weight":0.0193,"played":[0.0,1.0],"evs":[0.0,7.86618]},"AJs":{"weight":4.0E-4,"played":[0.0,1.0],"evs":[0.0,9.30003]},"AQs":{"weight":0.0,"played":[0.0,1.0],"evs":[0.0,10.95042]},"AKs":{"weight":0.0,"played":[0.0,1.0],"evs":[0.0,12.96866]},"AA":{"weight":0.4837,"played":[0.0,1.0],"evs":[0.0,25.34021]}}}