{"player":3,"street":0,"children":2,"sequence":[{"player":0,"type":"R","amount":1995000,"street":0},{"player":1,"type":"F","amount":0,"street":0},{"player":2,"type":"C","amount":1565000,"street":0},{"player":3,"type":"C","amount":1945000,"street":0},{"player":4,"type":"R","amount":2055000,"street":0}],"actions":[{"type":"F","amount":0},{"type":"C","amount":60000}],"hands":{"22":{"weight":0.0028,"played":[1.0E-4,0.9999],"evs":[0.0,21.91284]},"32o":{"weight":0.0,"played":[0.0,1.0],"evs":[0.0,16.26649]},"42o":{"weight":0.0,"played":[0.0,1.0],"evs":[0.0,13.9294]},"52o":{"weight":0.0,"played":[1.0E-4,0.9999],"evs":[0.0,16.63396]},"62o":{"weight":0.0,"played":[1.0E-4,0.9999],"evs":[0.0,16.60795]},"72o":{"weight":0.0,"played":[1.0E-4,0.9999],"evs":[0.0,14.20888]},"82o":{"weight":0.0,"played":[0.0,1.0],"evs":[0.0,15.32638]},"92o":{"weight":0.0,"played":[0.0012,0.9988],"evs":[0.0,14.56162]},"T2o":{"weight":0.0,"played":[1.0E-4,0.9999],"evs":[0.0,14.62285]},"J2o":{"weight":0.0,"played":[0.0,1.0],"evs":[0.0,13.82045]},"Q2o":{"weight":0.0,"played":[0.0,1.0],"evs":[0.0,18.02247]},"K2o":{"weight":0.0,"played":[2.0E-4,0.9998],"evs":[0.0,14.81857]},"A2o":{"weight":0.0,"played":[0.0,1.0],"evs":[0.0,18.54403]},"32s":{"weight":0.0,"played":[6.0E-4,0.9994],"evs":[0.0,18.79493]},"33":{"weight":0.0368,"played":[0.0,1.0],"evs":[0.0,18.53628]},"43o":{"weight":0.0,"played":[0.0,1.0],"evs":[0.0,14.44804]},"53o":{"weight":3.0E-4,"played":[0.0,1.0],"evs":[0.0,16.92491]},"63o":{"weight":0.0,"played":[1.0E-4,0.9999],"evs":[0.0,18.29285]},"73o":{"weight":0.0,"played":[3.0E-4,0.9997],"evs":[0.0,15.14061]},"83o":{"weight":0.0,"played":[1.0E-4,0.9999],"evs":[0.0,18.20558]},"93o":{"weight":1.0E-4,"played":[1.0E-4,0.9999],"evs":[0.0,15.35379]},"T3o":{"weight":0.0,"played":[1.0E-4,0.9999],"evs":[0.0,16.99952]},"J3o":{"weight":0.0,"played":[0.0,1.0],"evs":[0.0,15.55193]},"Q3o":{"weight":0.0,"played":[0.0,1.0],"evs":[0.0,18.3769]},"K3o":{"weight":0.0,"played":[1.0E-4,0.9999],"evs":[0.0,13.91424]},"A3o":{"weight":0.0,"played":[0.0,1.0],"evs":[0.0,16.62428]},"42s":{"weight":0.0014,"played":[9.0E-4,0.9991],"evs":[0.0,16.59339]},"43s":{"weight":0.0,"played":[2.0E-4,0.9998],"evs":[0.0,18.86009]},"44":{"weight":0.4367,"played":[0.0,1.0],"evs":[0.0,22.74547]},"54o":{"weight":0.0,"played":[0.0,1.0],"evs":[0.0,19.81948]},"64o":{"weight":2.0E-4,"played":[0.0,1.0],"evs":[0.0,14.62774]},"74o":{"weight":0.0,"played":[0.0,1.0],"evs":[0.0,17.31595]},"84o":{"weight":0.0,"played":[3.0E-4,0.9997],"evs":[0.0,14.23232]},"94o":{"weight":0.0,"played":[3.0E-4,0.9997],"evs":[0.0,14.28061]},"T4o":{"weight":0.0,"played":[2.0E-4,0.9998],"evs":[0.0,15.42567]},"J4o":{"weight":1.0E-4,"played":[1.0E-4,0.9999],"evs":[0.0,14.6222]},"Q4o":{"weight":0.0,"played":[0.0,1.0],"evs":[0.0,16.41838]},"K4o":{"weight":1.0E-4,"played":[0.0,1.0],"evs":[0.0,19.32183]},"A4o":{"weight":0.0,"played":[0.0,1.0],"evs":[0.0,18.24164]},"52s":{"weight":1.0E-4,"played":[1.0E-4,0.9999],"evs":[0.0,20.81478]},"53s":{"weight":4.0E-4,"played":[0.0,1.0],"evs":[0.0,20.93732]},"54s":{"weight":0.0047,"played":[4.0E-4,0.9996],"evs":[0.0,26.44663]},"55":{"weight":0.6622,"played":[0.0,1.0],"evs":[0.0,26.94922]},"65o":{"weight":6.0E-4,"played":[2.0E-4,0.9998],"evs":[0.0,20.12684]},"75o":{"weight":0.0,"played":[1.0E-4,0.9999],"evs":[0.0,20.91345]},"85o":{"weight":0.0,"played":[6.0E-4,0.9994],"evs":[0.0,18.08733]},"95o":{"weight":0.0,"played":[1.0E-4,0.9999],"evs":[0.0,14.56209]},"T5o":{"weight":0.0,"played":[0.0,1.0],"evs":[0.0,10.92466]},"J5o":{"weight":1.0E-4,"played":[0.0,1.0],"evs":[0.0,14.41696]},"Q5o":{"weight":0.0,"played":[0.0,1.0],"evs":[0.0,18.83418]},"K5o":{"weight":0.0,"played":[1.0E-4,0.9999],"evs":[0.0,15.80202]},"A5o":{"weight":0.0,"played":[0.0,1.0],"evs":[0.0,21.44149]},"62s":{"weight":0.0,"played":[0.0,1.0],"evs":[0.0,18.39503]},"63s":{"weight":3.0E-4,"played":[3.0E-4,0.9997],"evs":[0.0,24.13963]},"64s":{"weight":0.0,"played":[5.0E-4,0.9995],"evs":[0.0,20.24952]},"65s":{"weight":0.3225,"played":[1.0E-4,0.9999],"evs":[0.0,22.72726]},"66":{"weight":0.5207,"played":[0.0,1.0],"evs":[0.0,29.9348]},"76o":{"weight":0.0,"played":[0.0,1.0],"evs":[0.0,23.9872]},"86o":{"weight":0.0,"played":[1.0E-4,0.9999],"evs":[0.0,16.73688]},"96o":{"weight":1.0E-4,"played":[0.0,1.0],"evs":[0.0,21.301]},"T6o":{"weight":7.0E-4,"played":[0.0,1.0],"evs":[0.0,13.65304]},"J6o":{"weight":0.0,"played":[1.0E-4,0.9999],"evs":[0.0,21.03705]},"Q6o":{"weight":2.0E-4,"played":[1.0E-4,0.9999],"evs":[0.0,18.78374]},"K6o":{"weight":3.0E-4,"played":[1.0E-4,0.9999],"evs":[0.0,18.78342]},"A6o":{"weight":2.0E-4,"played":[0.0,1.0],"evs":[0.0,19.44952]},"72s":{"weight":5.0E-4,"played":[0.0,1.0],"evs":[0.0,15.42017]},"73s":{"weight":0.0,"played":[5.0E-4,0.9995],"evs":[0.0,15.00275]},"74s":{"weight":0.0095,"played":[0.0012,0.9988],"evs":[0.0,25.07953]},"75s":{"weight":0.1042,"played":[0.0,1.0],"evs":[0.0,22.89487]},"76s":{"weight":0.3725,"played":[0.0,1.0],"evs":[0.0,22.75648]},"77":{"weight":0.9999,"played":[0.0,1.0],"evs":[0.0,27.3211]},"87o":{"weight":0.0,"played":[0.0,1.0],"evs":[0.0,21.09194]},"97o":{"weight":6.0E-4,"played":[0.0,1.0],"evs":[0.0,18.37414]},"T7o":{"weight":2.0E-4,"played":[0.0,1.0],"evs":[0.0,20.1293]},"J7o":{"weight":0.0,"played":[1.0E-4,0.9999],"evs":[0.0,19.414]},"Q7o":{"weight":0.0,"played":[0.0,1.0],"evs":[0.0,18.22524]},"K7o":{"weight":2.0E-4,"played":[0.0,1.0],"evs":[0.0,24.35484]},"A7o":{"weight":1.0E-4,"played":[0.0,1.0],"evs":[0.0,16.76103]},"82s":{"weight":2.0E-4,"played":[0.0,1.0],"evs":[0.0,17.56721]},"83s":{"weight":1.0E-4,"played":[1.0E-4,0.9999],"evs":[0.0,19.22321]},"84s":{"weight":0.0023,"played":[7.0E-4,0.9993],"evs":[0.0,22.23356]},"85s":{"weight":4.0E-4,"played":[8.0E-4,0.9992],"evs":[0.0,21.70531]},"86s":{"weight":0.2111,"played":[3.0E-4,0.9997],"evs":[0.0,20.44775]},"87s":{"weight":0.8707,"played":[5.0E-4,0.9995],"evs":[0.0,22.36434]},"88":{"weight":0.4047,"played":[1.0E-4,0.9999],"evs":[0.0,32.92111]},"98o":{"weight":0.0,"played":[1.0E-4,0.9999],"evs":[0.0,21.29681]},"T8o":{"weight":0.0078,"played":[0.0,1.0],"evs":[0.0,20.55793]},"J8o":{"weight":0.0,"played":[0.0,1.0],"evs":[0.0,23.19611]},"Q8o":{"weight":1.0E-4,"played":[1.0E-4,0.9999],"evs":[0.0,17.89313]},"K8o":{"weight":1.0E-4,"played":[0.0,1.0],"evs":[0.0,21.17038]},"A8o":{"weight":0.0,"played":[0.0,1.0],"evs":[0.0,16.31159]},"92s":{"weight":1.0E-4,"played":[0.0,1.0],"evs":[0.0,27.70941]},"93s":{"weight":1.0E-4,"played":[0.0,1.0],"evs":[0.0,19.87831]},"94s":{"weight":1.0E-4,"played":[0.0,1.0],"evs":[0.0,22.96546]},"95s":{"weight":0.001,"played":[3.0E-4,0.9997],"evs":[0.0,19.94392]},"96s":{"weight":0.1634,"played":[0.0,1.0],"evs":[0.0,18.50866]},"97s":{"weight":0.6774,"played":[0.002,0.998],"evs":[0.0,26.25088]},"98s":{"weight":0.658,"played":[0.0,1.0],"evs":[0.0,24.78192]},"99":{"weight":0.704,"played":[0.0,1.0],"evs":[0.0,38.43288]},"T9o":{"weight":0.0021,"played":[0.0,1.0],"evs":[0.0,19.8533]},"J9o":{"weight":1.0E-4,"played":[0.0,1.0],"evs":[0.0,19.79892]},"Q9o":{"weight":2.0E-4,"played":[0.0,1.0],"evs":[0.0,19.96144]},"K9o":{"weight":0.0138,"played":[0.0,1.0],"evs":[0.0,21.06035]},"A9o":{"weight":0.0017,"played":[0.0,1.0],"evs":[0.0,18.28414]},"T2s":{"weight":4.0E-4,"played":[3.0E-4,0.9997],"evs":[0.0,22.26383]},"T3s":{"weight":0.0014,"played":[0.0033,0.9967],"evs":[0.0,19.74476]},"T4s":{"weight":0.005,"played":[3.0E-4,0.9997],"evs":[0.0,16.08702]},"T5s":{"weight":2.0E-4,"played":[0.0022,0.9978],"evs":[0.0,20.90876]},"T6s":{"weight":0.012,"played":[4.0E-4,0.9996],"evs":[0.0,23.54394]},"T7s":{"weight":0.0141,"played":[0.0,1.0],"evs":[0.0,18.33936]},"T8s":{"weight":0.1313,"played":[0.0,1.0],"evs":[0.0,31.24361]},"T9s":{"weight":0.1193,"played":[6.0E-4,0.9994],"evs":[0.0,27.89579]},"TT":{"weight":0.8054,"played":[0.0,1.0],"evs":[0.0,35.72766]},"JTo":{"weight":0.0153,"played":[0.0,1.0],"evs":[0.0,23.26331]},"QTo":{"weight":0.0094,"played":[0.0,1.0],"evs":[0.0,23.64804]},"KTo":{"weight":0.0634,"played":[0.0,1.0],"evs":[0.0,25.04108]},"ATo":{"weight":2.0E-4,"played":[1.0E-4,0.9999],"evs":[0.0,24.11332]},"J2s":{"weight":0.0,"played":[0.0,1.0],"evs":[0.0,18.54992]},"J3s":{"weight":0.0034,"played":[0.0,1.0],"evs":[0.0,18.90627]},"J4s":{"weight":3.0E-4,"played":[0.0,1.0],"evs":[0.0,21.48799]},"J5s":{"weight":0.0114,"played":[4.0E-4,0.9996],"evs":[0.0,27.00712]},"J6s":{"weight":1.0E-4,"played":[0.0011,0.9989],"evs":[0.0,23.27295]},"J7s":{"weight":0.0029,"played":[4.0E-4,0.9996],"evs":[0.0,20.89391]},"J8s":{"weight":0.2676,"played":[1.0E-4,0.9999],"evs":[0.0,18.50877]},"J9s":{"weight":0.7512,"played":[0.0,1.0],"evs":[0.0,26.81435]},"JTs":{"weight":0.8815,"played":[1.0E-4,0.9999],"evs":[0.0,28.99446]},"JJ":{"weight":0.8669,"played":[0.0,1.0],"evs":[0.0,41.41148]},"QJo":{"weight":0.3654,"played":[0.0,1.0],"evs":[0.0,25.72016]},"KJo":{"weight":0.3019,"played":[0.0,1.0],"evs":[0.0,26.24031]},"AJo":{"weight":0.6275,"played":[0.0,1.0],"evs":[0.0,24.80735]},"Q2s":{"weight":2.0E-4,"played":[0.0,1.0],"evs":[0.0,18.06989]},"Q3s":{"weight":5.0E-4,"played":[2.0E-4,0.9998],"evs":[0.0,20.3582]},"Q4s":{"weight":0.0146,"played":[0.0,1.0],"evs":[0.0,17.91263]},"Q5s":{"weight":0.009,"played":[3.0E-4,0.9997],"evs":[0.0,20.80836]},"Q6s":{"weight":0.075,"played":[0.0,1.0],"evs":[0.0,24.6936]},"Q7s":{"weight":0.0342,"played":[3.0E-4,0.9997],"evs":[0.0,23.61607]},"Q8s":{"weight":0.3381,"played":[0.0,1.0],"evs":[0.0,25.88837]},"Q9s":{"weight":0.1164,"played":[0.0,1.0],"evs":[0.0,25.81215]},"QTs":{"weight":0.6356,"played":[0.0,1.0],"evs":[0.0,22.93235]},"QJs":{"weight":0.6932,"played":[0.0,1.0],"evs":[0.0,29.51408]},"QQ":{"weight":0.2583,"played":[0.0,1.0],"evs":[0.0,48.27641]},"KQo":{"weight":0.0162,"played":[0.0,1.0],"evs":[0.0,26.75074]},"AQo":{"weight":0.1075,"played":[0.0,1.0],"evs":[0.0,27.93093]},"K2s":{"weight":0.0575,"played":[0.0,1.0],"evs":[0.0,23.69864]},"K3s":{"weight":0.0183,"played":[1.0E-4,0.9999],"evs":[0.0,20.31839]},"K4s":{"weight":0.0057,"played":[0.0,1.0],"evs":[0.0,17.788]},"K5s":{"weight":0.0,"played":[0.0,1.0],"evs":[0.0,25.02628]},"K6s":{"weight":0.0329,"played":[5.0E-4,0.9995],"evs":[0.0,21.03827]},"K7s":{"weight":0.0072,"played":[0.0,1.0],"evs":[0.0,23.89957]},"K8s":{"weight":0.1396,"played":[0.0,1.0],"evs":[0.0,23.63225]},"K9s":{"weight":0.1884,"played":[2.0E-4,0.9998],"evs":[0.0,24.86583]},"KTs":{"weight":0.3053,"played":[0.0,1.0],"evs":[0.0,23.34504]},"KJs":{"weight":0.4534,"played":[0.001,0.999],"evs":[0.0,24.09275]},"KQs":{"weight":0.0451,"played":[4.0E-4,0.9996],"evs":[0.0,27.48205]},"KK":{"weight":0.0,"played":[0.0,1.0],"evs":[0.0,54.89123]},"AKo":{"weight":0.8624,"played":[1.0E-4,0.9999],"evs":[0.0,36.071]},"A2s":{"weight":0.0059,"played":[0.0,1.0],"evs":[0.0,18.14646]},"A3s":{"weight":0.0036,"played":[7.0E-4,0.9993],"evs":[0.0,21.01105]},"A4s":{"weight":0.0033,"played":[0.0,1.0],"evs":[0.0,20.06321]},"A5s":{"weight":0.0083,"played":[0.0,1.0],"evs":[0.0,14.14732]},"A6s":{"weight":0.0051,"played":[7.0E-4,0.9993],"evs":[0.0,16.33331]},"A7s":{"weight":0.2194,"played":[1.0E-4,0.9999],"evs":[0.0,18.81823]},"A8s":{"weight":0.0827,"played":[5.0E-4,0.9995],"evs":[0.0,22.58958]},"A9s":{"weight":0.3252,"played":[1.0E-4,0.9999],"evs":[0.0,23.70987]},"ATs":{"weight":0.2491,"played":[0.0,1.0],"evs":[0.0,27.3193]},"AJs":{"weight":0.2821,"played":[0.0,1.0],"evs":[0.0,36.95679]},"AQs":{"weight":0.2121,"played":[0.0,1.0],"evs":[0.0,32.5289]},"AKs":{"weight":0.8352,"played":[0.0,1.0],"evs":[0.0,34.63243]},"AA":{"weight":0.5325,"played":[0.0,1.0],"evs":[0.0,63.1343]}}}