{"player":2,"street":0,"children":2,"sequence":[{"player":0,"type":"R","amount":1995000,"street":0},{"player":1,"type":"C","amount":305000,"street":0}],"actions":[{"type":"F","amount":0,"node":165},{"type":"C","amount":1565000,"node":170}],"hands":{"22":{"weight":1.0,"played":[1.0,0.0],"evs":[0.0,-2.45635]},"32o":{"weight":1.0,"played":[1.0,0.0],"evs":[0.0,-7.94088]},"42o":{"weight":1.0,"played":[1.0,0.0],"evs":[0.0,-7.40239]},"52o":{"weight":1.0,"played":[1.0,0.0],"evs":[0.0,-6.86361]},"62o":{"weight":1.0,"played":[1.0,0.0],"evs":[0.0,-6.85772]},"72o":{"weight":1.0,"played":[1.0,0.0],"evs":[0.0,-7.24058]},"82o":{"weight":1.0,"played":[1.0,0.0],"evs":[0.0,-6.99988]},"92o":{"weight":1.0,"played":[1.0,0.0],"evs":[0.0,-6.9884]},"T2o":{"weight":1.0,"played":[1.0,0.0],"evs":[0.0,-7.42068]},"J2o":{"weight":1.0,"played":[1.0,0.0],"evs":[0.0,-6.7356]},"Q2o":{"weight":1.0,"played":[1.0,0.0],"evs":[0.0,-6.51901]},"K2o":{"weight":1.0,"played":[1.0,0.0],"evs":[0.0,-6.13041]},"A2o":{"weight":1.0,"played":[1.0,0.0],"evs":[0.0,-5.06601]},"32s":{"weight":1.0,"played":[1.0,0.0],"evs":[0.0,-5.91007]},"33":{"weight":1.0,"played":[0.9999,1.0E-4],"evs":[0.0,-1.87877]},"43o":{"weight":1.0,"played":[1.0,0.0],"evs":[0.0,-6.44507]},"53o":{"weight":1.0,"played":[1.0,0.0],"evs":[0.0,-6.26701]},"63o":{"weight":1.0,"played":[1.0,0.0],"evs":[0.0,-5.9888]},"73o":{"weight":1.0,"played":[1.0,0.0],"evs":[0.0,-6.42126]},"83o":{"weight":1.0,"played":[1.0,0.0],"evs":[0.0,-6.68924]},"93o":{"weight":1.0,"played":[1.0,0.0],"evs":[0.0,-6.91671]},"T3o":{"weight":1.0,"played":[1.0,0.0],"evs":[0.0,-7.40314]},"J3o":{"weight":1.0,"played":[1.0,0.0],"evs":[0.0,-6.37176]},"Q3o":{"weight":1.0,"played":[1.0,0.0],"evs":[0.0,-6.61449]},"K3o":{"weight":1.0,"played":[1.0,0.0],"evs":[0.0,-5.9689]},"A3o":{"weight":1.0,"played":[1.0,0.0],"evs":[0.0,-5.11663]},"42s":{"weight":1.0,"played":[0.9999,1.0E-4],"evs":[0.0,-5.52578]},"43s":{"weight":1.0,"played":[1.0,0.0],"evs":[0.0,-4.63606]},"44":{"weight":1.0,"played":[0.768,0.232],"evs":[0.0,-0.44668]},"54o":{"weight":1.0,"played":[1.0,0.0],"evs":[0.0,-5.21623]},"64o":{"weight":1.0,"played":[1.0,0.0],"evs":[0.0,-5.04727]},"74o":{"weight":1.0,"played":[1.0,0.0],"evs":[0.0,-5.80429]},"84o":{"weight":1.0,"played":[1.0,0.0],"evs":[0.0,-5.87513]},"94o":{"weight":1.0,"played":[1.0,0.0],"evs":[0.0,-6.66372]},"T4o":{"weight":1.0,"played":[1.0,0.0],"evs":[0.0,-6.82216]},"J4o":{"weight":1.0,"played":[1.0,0.0],"evs":[0.0,-6.28884]},"Q4o":{"weight":1.0,"played":[1.0,0.0],"evs":[0.0,-6.229]},"K4o":{"weight":1.0,"played":[1.0,0.0],"evs":[0.0,-5.5702]},"A4o":{"weight":1.0,"played":[1.0,0.0],"evs":[0.0,-4.43765]},"52s":{"weight":1.0,"played":[1.0,0.0],"evs":[0.0,-4.61492]},"53s":{"weight":1.0,"played":[1.0,0.0],"evs":[0.0,-4.01547]},"54s":{"weight":1.0,"played":[0.9999,1.0E-4],"evs":[0.0,-2.90996]},"55":{"weight":1.0,"played":[3.0E-4,0.9997],"evs":[0.0,1.86079]},"65o":{"weight":1.0,"played":[1.0,0.0],"evs":[0.0,-3.95782]},"75o":{"weight":1.0,"played":[1.0,0.0],"evs":[0.0,-4.56869]},"85o":{"weight":1.0,"played":[1.0,0.0],"evs":[0.0,-4.69725]},"95o":{"weight":1.0,"played":[1.0,0.0],"evs":[0.0,-5.55681]},"T5o":{"weight":1.0,"played":[1.0,0.0],"evs":[0.0,-6.70959]},"J5o":{"weight":1.0,"played":[1.0,0.0],"evs":[0.0,-5.5257]},"Q5o":{"weight":1.0,"played":[1.0,0.0],"evs":[0.0,-5.37405]},"K5o":{"weight":1.0,"played":[1.0,0.0],"evs":[0.0,-4.93877]},"A5o":{"weight":1.0,"played":[0.9999,1.0E-4],"evs":[0.0,-3.62721]},"62s":{"weight":1.0,"played":[1.0,0.0],"evs":[0.0,-4.89861]},"63s":{"weight":1.0,"played":[1.0,0.0],"evs":[0.0,-4.07433]},"64s":{"weight":1.0,"played":[0.9998,2.0E-4],"evs":[0.0,-3.14593]},"65s":{"weight":1.0,"played":[0.9997,3.0E-4],"evs":[0.0,-2.02374]},"66":{"weight":1.0,"played":[1.0E-4,0.9999],"evs":[0.0,3.96183]},"76o":{"weight":1.0,"played":[1.0,0.0],"evs":[0.0,-3.11037]},"86o":{"weight":1.0,"played":[1.0,0.0],"evs":[0.0,-3.57523]},"96o":{"weight":1.0,"played":[1.0,0.0],"evs":[0.0,-3.95937]},"T6o":{"weight":1.0,"played":[1.0,0.0],"evs":[0.0,-5.0826]},"J6o":{"weight":1.0,"played":[1.0,0.0],"evs":[0.0,-5.13285]},"Q6o":{"weight":1.0,"played":[1.0,0.0],"evs":[0.0,-4.61358]},"K6o":{"weight":1.0,"played":[1.0,0.0],"evs":[0.0,-4.48374]},"A6o":{"weight":1.0,"played":[1.0,0.0],"evs":[0.0,-3.747]},"72s":{"weight":1.0,"played":[1.0,0.0],"evs":[0.0,-4.99511]},"73s":{"weight":1.0,"played":[0.9999,1.0E-4],"evs":[0.0,-4.61922]},"74s":{"weight":1.0,"played":[1.0,0.0],"evs":[0.0,-3.8363]},"75s":{"weight":1.0,"played":[1.0,0.0],"evs":[0.0,-2.244]},"76s":{"weight":1.0,"played":[1.0,0.0],"evs":[0.0,-1.268]},"77":{"weight":1.0,"played":[0.0,1.0],"evs":[0.0,5.81926]},"87o":{"weight":1.0,"played":[1.0,0.0],"evs":[0.0,-3.03585]},"97o":{"weight":1.0,"played":[1.0,0.0],"evs":[0.0,-3.2005]},"T7o":{"weight":1.0,"played":[1.0,0.0],"evs":[0.0,-4.03028]},"J7o":{"weight":1.0,"played":[1.0,0.0],"evs":[0.0,-3.88329]},"Q7o":{"weight":1.0,"played":[1.0,0.0],"evs":[0.0,-4.34997]},"K7o":{"weight":1.0,"played":[1.0,0.0],"evs":[0.0,-3.7716]},"A7o":{"weight":1.0,"played":[1.0,0.0],"evs":[0.0,-2.7614]},"82s":{"weight":1.0,"played":[1.0,0.0],"evs":[0.0,-5.18087]},"83s":{"weight":1.0,"played":[1.0,0.0],"evs":[0.0,-4.39861]},"84s":{"weight":1.0,"played":[1.0,0.0],"evs":[0.0,-4.13221]},"85s":{"weight":1.0,"played":[1.0,0.0],"evs":[0.0,-2.51556]},"86s":{"weight":1.0,"played":[0.9999,1.0E-4],"evs":[0.0,-1.77808]},"87s":{"weight":1.0,"played":[0.9999,1.0E-4],"evs":[0.0,-1.1052]},"88":{"weight":1.0,"played":[0.0,1.0],"evs":[0.0,6.37976]},"98o":{"weight":1.0,"played":[1.0,0.0],"evs":[0.0,-3.13545]},"T8o":{"weight":1.0,"played":[1.0,0.0],"evs":[0.0,-3.39967]},"J8o":{"weight":1.0,"played":[1.0,0.0],"evs":[0.0,-3.62704]},"Q8o":{"weight":1.0,"played":[1.0,0.0],"evs":[0.0,-3.83752]},"K8o":{"weight":1.0,"played":[1.0,0.0],"evs":[0.0,-3.88222]},"A8o":{"weight":1.0,"played":[0.9999,1.0E-4],"evs":[0.0,-3.00919]},"92s":{"weight":1.0,"played":[0.9998,2.0E-4],"evs":[0.0,-5.51076]},"93s":{"weight":1.0,"played":[1.0,0.0],"evs":[0.0,-5.08403]},"94s":{"weight":1.0,"played":[0.9999,1.0E-4],"evs":[0.0,-5.24175]},"95s":{"weight":1.0,"played":[1.0,0.0],"evs":[0.0,-3.10679]},"96s":{"weight":1.0,"played":[0.9999,1.0E-4],"evs":[0.0,-2.08603]},"97s":{"weight":1.0,"played":[1.0,0.0],"evs":[0.0,-1.85806]},"98s":{"weight":1.0,"played":[0.9939,0.0061],"evs":[0.0,-1.17792]},"99":{"weight":1.0,"played":[0.0,1.0],"evs":[0.0,7.51508]},"T9o":{"weight":1.0,"played":[0.9999,1.0E-4],"evs":[0.0,-3.30789]},"J9o":{"weight":1.0,"played":[0.9999,1.0E-4],"evs":[0.0,-3.21266]},"Q9o":{"weight":1.0,"played":[0.9999,1.0E-4],"evs":[0.0,-3.2231]},"K9o":{"weight":1.0,"played":[0.9999,1.0E-4],"evs":[0.0,-3.31326]},"A9o":{"weight":1.0,"played":[0.9998,2.0E-4],"evs":[0.0,-2.06347]},"T2s":{"weight":1.0,"played":[1.0,0.0],"evs":[0.0,-4.70734]},"T3s":{"weight":1.0,"played":[1.0,0.0],"evs":[0.0,-4.58296]},"T4s":{"weight":1.0,"played":[1.0,0.0],"evs":[0.0,-4.87336]},"T5s":{"weight":1.0,"played":[1.0,0.0],"evs":[0.0,-4.58447]},"T6s":{"weight":1.0,"played":[1.0,0.0],"evs":[0.0,-3.04558]},"T7s":{"weight":1.0,"played":[1.0,0.0],"evs":[0.0,-2.30439]},"T8s":{"weight":1.0,"played":[0.9959,0.0041],"evs":[0.0,-1.0248]},"T9s":{"weight":1.0,"played":[0.9985,0.0015],"evs":[0.0,-0.75804]},"TT":{"weight":1.0,"played":[0.0,1.0],"evs":[0.0,9.52018]},"JTo":{"weight":1.0,"played":[0.9991,9.0E-4],"evs":[0.0,-2.44578]},"QTo":{"weight":1.0,"played":[1.0,0.0],"evs":[0.0,-3.32404]},"KTo":{"weight":1.0,"played":[0.9998,2.0E-4],"evs":[0.0,-2.83161]},"ATo":{"weight":1.0,"played":[0.1193,0.8807],"evs":[0.0,0.76945]},"J2s":{"weight":1.0,"played":[1.0,0.0],"evs":[0.0,-4.43285]},"J3s":{"weight":1.0,"played":[1.0,0.0],"evs":[0.0,-4.74328]},"J4s":{"weight":1.0,"played":[1.0,0.0],"evs":[0.0,-4.44468]},"J5s":{"weight":1.0,"played":[0.9998,2.0E-4],"evs":[0.0,-4.11998]},"J6s":{"weight":1.0,"played":[0.9999,1.0E-4],"evs":[0.0,-2.70672]},"J7s":{"weight":1.0,"played":[1.0,0.0],"evs":[0.0,-2.5953]},"J8s":{"weight":1.0,"played":[0.9996,4.0E-4],"evs":[0.0,-1.26776]},"J9s":{"weight":1.0,"played":[0.9962,0.0038],"evs":[0.0,-1.1716]},"JTs":{"weight":1.0,"played":[0.9764,0.0236],"evs":[0.0,-0.382]},"JJ":{"weight":1.0,"played":[0.0,1.0],"evs":[0.0,11.32012]},"QJo":{"weight":1.0,"played":[0.9996,4.0E-4],"evs":[0.0,-2.01186]},"KJo":{"weight":1.0,"played":[0.9919,0.0081],"evs":[0.0,-1.648]},"AJo":{"weight":1.0,"played":[6.0E-4,0.9994],"evs":[0.0,3.11108]},"Q2s":{"weight":1.0,"played":[1.0,0.0],"evs":[0.0,-4.47692]},"Q3s":{"weight":1.0,"played":[0.9999,1.0E-4],"evs":[0.0,-4.54892]},"Q4s":{"weight":1.0,"played":[1.0,0.0],"evs":[0.0,-4.12461]},"Q5s":{"weight":1.0,"played":[1.0,0.0],"evs":[0.0,-3.61602]},"Q6s":{"weight":1.0,"played":[0.9996,4.0E-4],"evs":[0.0,-2.7567]},"Q7s":{"weight":1.0,"played":[0.9998,2.0E-4],"evs":[0.0,-3.10537]},"Q8s":{"weight":1.0,"played":[0.9994,6.0E-4],"evs":[0.0,-1.61811]},"Q9s":{"weight":1.0,"played":[1.0,0.0],"evs":[0.0,-1.39992]},"QTs":{"weight":1.0,"played":[0.9922,0.0078],"evs":[0.0,-0.88832]},"QJs":{"weight":1.0,"played":[0.9653,0.0347],"evs":[0.0,-0.36761]},"QQ":{"weight":1.0,"played":[0.0,1.0],"evs":[0.0,13.95773]},"KQo":{"weight":1.0,"played":[0.9678,0.0322],"evs":[0.0,-0.46737]},"AQo":{"weight":1.0,"played":[0.0,1.0],"evs":[0.0,5.38352]},"K2s":{"weight":1.0,"played":[1.0,0.0],"evs":[0.0,-4.20615]},"K3s":{"weight":1.0,"played":[0.9999,1.0E-4],"evs":[0.0,-4.2097]},"K4s":{"weight":1.0,"played":[1.0,0.0],"evs":[0.0,-2.98725]},"K5s":{"weight":1.0,"played":[0.9978,0.0022],"evs":[0.0,-3.03393]},"K6s":{"weight":1.0,"played":[0.9931,0.0069],"evs":[0.0,-1.68961]},"K7s":{"weight":1.0,"played":[1.0,0.0],"evs":[0.0,-2.46295]},"K8s":{"weight":1.0,"played":[1.0,0.0],"evs":[0.0,-1.62641]},"K9s":{"weight":1.0,"played":[0.9996,4.0E-4],"evs":[0.0,-1.52305]},"KTs":{"weight":1.0,"played":[0.8728,0.1272],"evs":[0.0,-0.64482]},"KJs":{"weight":1.0,"played":[0.6352,0.3648],"evs":[0.0,-0.05776]},"KQs":{"weight":1.0,"played":[0.0,1.0],"evs":[0.0,1.44159]},"KK":{"weight":1.0,"played":[0.0,1.0],"evs":[0.0,15.99423]},"AKo":{"weight":1.0,"played":[0.0,1.0],"evs":[0.0,6.31625]},"A2s":{"weight":1.0,"played":[0.9996,4.0E-4],"evs":[0.0,-2.93697]},"A3s":{"weight":1.0,"played":[1.0,0.0],"evs":[0.0,-2.69842]},"A4s":{"weight":1.0,"played":[0.9997,3.0E-4],"evs":[0.0,-2.33903]},"A5s":{"weight":1.0,"played":[0.9998,2.0E-4],"evs":[0.0,-1.92956]},"A6s":{"weight":1.0,"played":[0.9985,0.0015],"evs":[0.0,-1.21476]},"A7s":{"weight":1.0,"played":[0.9361,0.0639],"evs":[0.0,-1.38114]},"A8s":{"weight":1.0,"played":[0.9234,0.0766],"evs":[0.0,-0.55401]},"A9s":{"weight":1.0,"played":[0.2095,0.7905],"evs":[0.0,0.10757]},"ATs":{"weight":1.0,"played":[0.0,1.0],"evs":[0.0,2.41428]},"AJs":{"weight":1.0,"played":[0.0,1.0],"evs":[0.0,4.63058]},"AQs":{"weight":1.0,"played":[0.0,1.0],"evs":[0.0,6.38596]},"AKs":{"weight":1.0,"played":[0.0,1.0],"evs":[0.0,7.73758]},"AA":{"weight":1.0,"played":[0.0,1.0],"evs":[0.0,20.89869]}}}