{"player":2,"street":0,"children":2,"sequence":[{"player":0,"type":"F","amount":0,"street":0},{"player":1,"type":"F","amount":0,"street":0},{"player":2,"type":"R","amount":200000,"street":0},{"player":3,"type":"R","amount":2055000,"street":0},{"player":4,"type":"F","amount":0,"street":0}],"actions":[{"type":"F","amount":0},{"type":"C","amount":1365000}],"hands":{"22":{"weight":0.0,"played":[0.0,1.0],"evs":[0.0,0.29938]},"32o":{"weight":0.0,"played":[1.0,0.0],"evs":[0.0,-5.94299]},"42o":{"weight":0.0,"played":[1.0,0.0],"evs":[0.0,-5.6517]},"52o":{"weight":0.0,"played":[1.0,0.0],"evs":[0.0,-5.30157]},"62o":{"weight":0.0,"played":[1.0,0.0],"evs":[0.0,-5.64029]},"72o":{"weight":0.0,"played":[1.0,0.0],"evs":[0.0,-5.94995]},"82o":{"weight":0.0,"played":[1.0,0.0],"evs":[0.0,-5.65175]},"92o":{"weight":0.0,"played":[1.0,0.0],"evs":[0.0,-5.47239]},"T2o":{"weight":0.0,"played":[1.0,0.0],"evs":[0.0,-5.25798]},"J2o":{"weight":0.0,"played":[1.0,0.0],"evs":[0.0,-4.9837]},"Q2o":{"weight":0.0,"played":[1.0,0.0],"evs":[0.0,-4.40002]},"K2o":{"weight":0.0,"played":[1.0,0.0],"evs":[0.0,-3.59267]},"A2o":{"weight":0.9981,"played":[1.0,0.0],"evs":[0.0,-0.66354]},"32s":{"weight":0.0,"played":[1.0,0.0],"evs":[0.0,-4.40323]},"33":{"weight":0.0,"played":[0.0,1.0],"evs":[0.0,1.17026]},"43o":{"weight":0.0,"played":[1.0,0.0],"evs":[0.0,-5.07912]},"53o":{"weight":0.0,"played":[1.0,0.0],"evs":[0.0,-4.78555]},"63o":{"weight":0.0,"played":[1.0,0.0],"evs":[0.0,-5.0997]},"73o":{"weight":0.0,"played":[1.0,0.0],"evs":[0.0,-5.44529]},"83o":{"weight":0.0,"played":[1.0,0.0],"evs":[0.0,-5.64553]},"93o":{"weight":0.0,"played":[1.0,0.0],"evs":[0.0,-5.40004]},"T3o":{"weight":0.0,"played":[1.0,0.0],"evs":[0.0,-5.06128]},"J3o":{"weight":0.0,"played":[1.0,0.0],"evs":[0.0,-4.85994]},"Q3o":{"weight":0.0,"played":[1.0,0.0],"evs":[0.0,-4.26242]},"K3o":{"weight":0.0,"played":[1.0,0.0],"evs":[0.0,-3.38631]},"A3o":{"weight":1.0,"played":[1.0,0.0],"evs":[0.0,-0.43264]},"42s":{"weight":0.0,"played":[1.0,0.0],"evs":[0.0,-4.16368]},"43s":{"weight":0.0,"played":[1.0,0.0],"evs":[0.0,-3.73721]},"44":{"weight":0.0,"played":[0.0,1.0],"evs":[0.0,1.94321]},"54o":{"weight":0.0,"played":[1.0,0.0],"evs":[0.0,-4.11339]},"64o":{"weight":0.0,"played":[1.0,0.0],"evs":[0.0,-4.41299]},"74o":{"weight":0.0,"played":[1.0,0.0],"evs":[0.0,-4.78846]},"84o":{"weight":0.0,"played":[1.0,0.0],"evs":[0.0,-4.88886]},"94o":{"weight":0.0,"played":[1.0,0.0],"evs":[0.0,-5.21761]},"T4o":{"weight":0.0,"played":[1.0,0.0],"evs":[0.0,-4.80794]},"J4o":{"weight":0.0,"played":[1.0,0.0],"evs":[0.0,-4.58563]},"Q4o":{"weight":0.0,"played":[1.0,0.0],"evs":[0.0,-4.05494]},"K4o":{"weight":0.0,"played":[1.0,0.0],"evs":[0.0,-3.20188]},"A4o":{"weight":0.0353,"played":[1.0,0.0],"evs":[0.0,-0.15573]},"52s":{"weight":0.0,"played":[1.0,0.0],"evs":[0.0,-3.86905]},"53s":{"weight":0.0,"played":[1.0,0.0],"evs":[0.0,-3.28423]},"54s":{"weight":0.0,"played":[1.0,0.0],"evs":[0.0,-2.76186]},"55":{"weight":0.0,"played":[0.0,1.0],"evs":[0.0,2.86117]},"65o":{"weight":0.0,"played":[1.0,0.0],"evs":[0.0,-3.68904]},"75o":{"weight":0.0,"played":[1.0,0.0],"evs":[0.0,-4.06441]},"85o":{"weight":0.0,"played":[1.0,0.0],"evs":[0.0,-4.21389]},"95o":{"weight":0.0,"played":[1.0,0.0],"evs":[0.0,-4.48776]},"T5o":{"weight":0.0,"played":[1.0,0.0],"evs":[0.0,-4.64908]},"J5o":{"weight":0.0,"played":[1.0,0.0],"evs":[0.0,-4.2715]},"Q5o":{"weight":0.0,"played":[1.0,0.0],"evs":[0.0,-3.76742]},"K5o":{"weight":0.0,"played":[1.0,0.0],"evs":[0.0,-2.94609]},"A5o":{"weight":0.0,"played":[0.0034,0.9966],"evs":[0.0,0.30198]},"62s":{"weight":0.0,"played":[1.0,0.0],"evs":[0.0,-4.08283]},"63s":{"weight":0.0,"played":[1.0,0.0],"evs":[0.0,-3.53907]},"64s":{"weight":0.0,"played":[1.0,0.0],"evs":[0.0,-2.93713]},"65s":{"weight":0.0,"played":[1.0,0.0],"evs":[0.0,-2.31741]},"66":{"weight":0.0026,"played":[0.0,1.0],"evs":[0.0,3.57436]},"76o":{"weight":0.0,"played":[1.0,0.0],"evs":[0.0,-3.31527]},"86o":{"weight":0.0,"played":[1.0,0.0],"evs":[0.0,-3.39476]},"96o":{"weight":0.0,"played":[1.0,0.0],"evs":[0.0,-3.67592]},"T6o":{"weight":0.0,"played":[1.0,0.0],"evs":[0.0,-3.84967]},"J6o":{"weight":0.0,"played":[1.0,0.0],"evs":[0.0,-3.962]},"Q6o":{"weight":0.0,"played":[1.0,0.0],"evs":[0.0,-3.39528]},"K6o":{"weight":0.0,"played":[1.0,0.0],"evs":[0.0,-2.52492]},"A6o":{"weight":0.0,"played":[0.0013,0.9987],"evs":[0.0,0.36985]},"72s":{"weight":0.0,"played":[1.0,0.0],"evs":[0.0,-4.50237]},"73s":{"weight":0.0,"played":[1.0,0.0],"evs":[0.0,-3.96341]},"74s":{"weight":0.0,"played":[1.0,0.0],"evs":[0.0,-3.4218]},"75s":{"weight":0.0,"played":[1.0,0.0],"evs":[0.0,-2.6633]},"76s":{"weight":0.0205,"played":[1.0,0.0],"evs":[0.0,-1.911]},"77":{"weight":1.0,"played":[0.0,1.0],"evs":[0.0,4.3388]},"87o":{"weight":0.0,"played":[1.0,0.0],"evs":[0.0,-3.05641]},"97o":{"weight":0.0,"played":[1.0,0.0],"evs":[0.0,-3.26137]},"T7o":{"weight":0.0,"played":[1.0,0.0],"evs":[0.0,-3.41274]},"J7o":{"weight":0.0,"played":[1.0,0.0],"evs":[0.0,-3.55966]},"Q7o":{"weight":0.0,"played":[1.0,0.0],"evs":[0.0,-3.4658]},"K7o":{"weight":2.0E-4,"played":[1.0,0.0],"evs":[0.0,-2.39458]},"A7o":{"weight":0.0,"played":[0.0,1.0],"evs":[0.0,1.02287]},"82s":{"weight":0.0,"played":[1.0,0.0],"evs":[0.0,-4.04538]},"83s":{"weight":0.0,"played":[1.0,0.0],"evs":[0.0,-4.15487]},"84s":{"weight":0.0,"played":[1.0,0.0],"evs":[0.0,-3.51369]},"85s":{"weight":0.0,"played":[1.0,0.0],"evs":[0.0,-2.81312]},"86s":{"weight":0.0,"played":[1.0,0.0],"evs":[0.0,-2.0821]},"87s":{"weight":0.9752,"played":[1.0,0.0],"evs":[0.0,-1.75662]},"88":{"weight":1.0,"played":[0.0,1.0],"evs":[0.0,5.33596]},"98o":{"weight":0.0,"played":[1.0,0.0],"evs":[0.0,-2.66082]},"T8o":{"weight":0.0,"played":[1.0,0.0],"evs":[0.0,-2.73249]},"J8o":{"weight":0.0,"played":[1.0,0.0],"evs":[0.0,-2.84231]},"Q8o":{"weight":0.0,"played":[1.0,0.0],"evs":[0.0,-2.80121]},"K8o":{"weight":4.0E-4,"played":[1.0,0.0],"evs":[0.0,-1.9995]},"A8o":{"weight":0.0,"played":[0.0,1.0],"evs":[0.0,1.94312]},"92s":{"weight":0.0,"played":[1.0,0.0],"evs":[0.0,-4.02194]},"93s":{"weight":0.0,"played":[1.0,0.0],"evs":[0.0,-3.81342]},"94s":{"weight":0.0,"played":[1.0,0.0],"evs":[0.0,-3.54509]},"95s":{"weight":0.0,"played":[1.0,0.0],"evs":[0.0,-3.02547]},"96s":{"weight":1.0E-4,"played":[1.0,0.0],"evs":[0.0,-2.36321]},"97s":{"weight":0.0975,"played":[1.0,0.0],"evs":[0.0,-1.93737]},"98s":{"weight":0.9993,"played":[1.0,0.0],"evs":[0.0,-1.27744]},"99":{"weight":1.0,"played":[0.0,1.0],"evs":[0.0,6.40724]},"T9o":{"weight":1.0E-4,"played":[1.0,0.0],"evs":[0.0,-2.06648]},"J9o":{"weight":5.0E-4,"played":[1.0,0.0],"evs":[0.0,-2.19399]},"Q9o":{"weight":0.3564,"played":[1.0,0.0],"evs":[0.0,-2.08113]},"K9o":{"weight":0.9999,"played":[1.0,0.0],"evs":[0.0,-1.29122]},"A9o":{"weight":1.0E-4,"played":[0.0,1.0],"evs":[0.0,3.01455]},"T2s":{"weight":0.0,"played":[1.0,0.0],"evs":[0.0,-3.79488]},"T3s":{"weight":0.0,"played":[1.0,0.0],"evs":[0.0,-3.5887]},"T4s":{"weight":0.0,"played":[1.0,0.0],"evs":[0.0,-3.24768]},"T5s":{"weight":0.0,"played":[1.0,0.0],"evs":[0.0,-3.17755]},"T6s":{"weight":0.0,"played":[1.0,0.0],"evs":[0.0,-2.43306]},"T7s":{"weight":0.3703,"played":[1.0,0.0],"evs":[0.0,-1.93905]},"T8s":{"weight":0.9998,"played":[1.0,0.0],"evs":[0.0,-1.41056]},"T9s":{"weight":0.7239,"played":[1.0,0.0],"evs":[0.0,-0.86155]},"TT":{"weight":1.0,"played":[0.0,1.0],"evs":[0.0,7.99814]},"JTo":{"weight":1.0,"played":[1.0,0.0],"evs":[0.0,-1.27039]},"QTo":{"weight":1.0,"played":[1.0,0.0],"evs":[0.0,-1.0168]},"KTo":{"weight":0.5876,"played":[0.734,0.266],"evs":[0.0,-0.01304]},"ATo":{"weight":3.0E-4,"played":[0.0,1.0],"evs":[0.0,4.72992]},"J2s":{"weight":0.0,"played":[1.0,0.0],"evs":[0.0,-3.54593]},"J3s":{"weight":0.0,"played":[1.0,0.0],"evs":[0.0,-3.34611]},"J4s":{"weight":0.0,"played":[1.0,0.0],"evs":[0.0,-3.08194]},"J5s":{"weight":0.0,"played":[1.0,0.0],"evs":[0.0,-2.79124]},"J6s":{"weight":1.0E-4,"played":[1.0,0.0],"evs":[0.0,-2.5092]},"J7s":{"weight":0.6532,"played":[1.0,0.0],"evs":[0.0,-2.16107]},"J8s":{"weight":1.0,"played":[1.0,0.0],"evs":[0.0,-1.49808]},"J9s":{"weight":0.9983,"played":[1.0,0.0],"evs":[0.0,-0.89296]},"JTs":{"weight":1.0E-4,"played":[0.2144,0.7856],"evs":[0.0,0.05544]},"JJ":{"weight":1.0,"played":[0.0,1.0],"evs":[0.0,9.51076]},"QJo":{"weight":0.627,"played":[0.9996,4.0E-4],"evs":[0.0,-0.48127]},"KJo":{"weight":0.0875,"played":[0.0,1.0],"evs":[0.0,0.81654]},"AJo":{"weight":0.0,"played":[0.0,1.0],"evs":[0.0,6.02544]},"Q2s":{"weight":0.0,"played":[1.0,0.0],"evs":[0.0,-2.96596]},"Q3s":{"weight":0.0,"played":[1.0,0.0],"evs":[0.0,-2.85987]},"Q4s":{"weight":3.0E-4,"played":[1.0,0.0],"evs":[0.0,-2.4918]},"Q5s":{"weight":7.0E-4,"played":[1.0,0.0],"evs":[0.0,-2.34432]},"Q6s":{"weight":0.0142,"played":[1.0,0.0],"evs":[0.0,-2.00637]},"Q7s":{"weight":0.9987,"played":[1.0,0.0],"evs":[0.0,-2.04825]},"Q8s":{"weight":0.9998,"played":[1.0,0.0],"evs":[0.0,-1.4526]},"Q9s":{"weight":0.9997,"played":[1.0,0.0],"evs":[0.0,-0.74303]},"QTs":{"weight":0.005,"played":[4.0E-4,0.9996],"evs":[0.0,0.11474]},"QJs":{"weight":0.7251,"played":[0.0,1.0],"evs":[0.0,0.74796]},"QQ":{"weight":1.0,"played":[0.0,1.0],"evs":[0.0,10.99544]},"KQo":{"weight":3.0E-4,"played":[0.0,1.0],"evs":[0.0,1.84819]},"AQo":{"weight":0.4478,"played":[0.0,1.0],"evs":[0.0,7.30657]},"K2s":{"weight":7.0E-4,"played":[1.0,0.0],"evs":[0.0,-2.00387]},"K3s":{"weight":0.0,"played":[1.0,0.0],"evs":[0.0,-1.91348]},"K4s":{"weight":0.3217,"played":[1.0,0.0],"evs":[0.0,-1.64948]},"K5s":{"weight":0.9993,"played":[1.0,0.0],"evs":[0.0,-1.46224]},"K6s":{"weight":1.0,"played":[1.0,0.0],"evs":[0.0,-1.11828]},"K7s":{"weight":0.9998,"played":[1.0,0.0],"evs":[0.0,-0.94953]},"K8s":{"weight":1.0,"played":[1.0,0.0],"evs":[0.0,-0.67423]},"K9s":{"weight":0.4162,"played":[0.3239,0.6761],"evs":[0.0,0.01722]},"KTs":{"weight":0.9961,"played":[0.0,1.0],"evs":[0.0,1.20027]},"KJs":{"weight":1.0,"played":[0.0,1.0],"evs":[0.0,2.05637]},"KQs":{"weight":0.9999,"played":[0.0,1.0],"evs":[0.0,2.83807]},"KK":{"weight":1.0,"played":[0.0,1.0],"evs":[0.0,12.89143]},"AKo":{"weight":1.0,"played":[0.0,1.0],"evs":[0.0,8.7151]},"A2s":{"weight":0.0,"played":[0.0,1.0],"evs":[0.0,0.65962]},"A3s":{"weight":1.0E-4,"played":[0.0,1.0],"evs":[0.0,0.88058]},"A4s":{"weight":4.0E-4,"played":[1.0E-4,0.9999],"evs":[0.0,1.12987]},"A5s":{"weight":0.0174,"played":[0.0,1.0],"evs":[0.0,1.43912]},"A6s":{"weight":5.0E-4,"played":[0.0,1.0],"evs":[0.0,1.63576]},"A7s":{"weight":0.0349,"played":[0.0,1.0],"evs":[0.0,2.14067]},"A8s":{"weight":0.9718,"played":[0.0,1.0],"evs":[0.0,3.1033]},"A9s":{"weight":0.9996,"played":[0.0,1.0],"evs":[0.0,4.06745]},"ATs":{"weight":1.0,"played":[0.0,1.0],"evs":[0.0,5.63052]},"AJs":{"weight":0.9999,"played":[0.0,1.0],"evs":[0.0,6.9233]},"AQs":{"weight":1.0,"played":[0.0,1.0],"evs":[0.0,8.02043]},"AKs":{"weight":1.0,"played":[0.0,1.0],"evs":[0.0,9.29735]},"AA":{"weight":1.0,"played":[0.0,1.0],"evs":[0.0,17.25213]}}}