{"player":3,"street":0,"children":3,"sequence":[{"player":0,"type":"F","amount":0,"street":0},{"player":1,"type":"F","amount":0,"street":0},{"player":2,"type":"R","amount":1565000,"street":0}],"actions":[{"type":"F","amount":0,"node":22},{"type":"C","amount":1515000,"node":23},{"type":"R","amount":2155000,"node":25}],"hands":{"22":{"weight":1.0,"played":[0.0,0.28,0.72],"evs":[0.0,0.78074,0.7963]},"32o":{"weight":1.0,"played":[1.0,0.0,0.0],"evs":[0.0,-6.56085,-6.57864]},"42o":{"weight":1.0,"played":[1.0,0.0,0.0],"evs":[0.0,-6.32216,-6.32978]},"52o":{"weight":1.0,"played":[1.0,0.0,0.0],"evs":[0.0,-5.83966,-5.84549]},"62o":{"weight":1.0,"played":[1.0,0.0,0.0],"evs":[0.0,-6.09321,-6.10047]},"72o":{"weight":1.0,"played":[1.0,0.0,0.0],"evs":[0.0,-6.28517,-6.29453]},"82o":{"weight":1.0,"played":[1.0,0.0,0.0],"evs":[0.0,-5.72027,-5.72885]},"92o":{"weight":1.0,"played":[1.0,0.0,0.0],"evs":[0.0,-5.68882,-5.70425]},"T2o":{"weight":1.0,"played":[1.0,0.0,0.0],"evs":[0.0,-5.62791,-5.63682]},"J2o":{"weight":1.0,"played":[1.0,0.0,0.0],"evs":[0.0,-5.48026,-5.49493]},"Q2o":{"weight":1.0,"played":[1.0,0.0,0.0],"evs":[0.0,-4.93393,-4.94289]},"K2o":{"weight":1.0,"played":[1.0,0.0,0.0],"evs":[0.0,-4.37264,-4.36493]},"A2o":{"weight":1.0,"played":[1.0,0.0,0.0],"evs":[0.0,-1.98112,-1.98077]},"32s":{"weight":1.0,"played":[1.0,0.0,0.0],"evs":[0.0,-4.66318,-4.65876]},"33":{"weight":1.0,"played":[0.0,0.5739,0.4261],"evs":[0.0,1.8528,1.8484]},"43o":{"weight":1.0,"played":[1.0,0.0,0.0],"evs":[0.0,-5.54017,-5.54601]},"53o":{"weight":1.0,"played":[1.0,0.0,0.0],"evs":[0.0,-4.92237,-4.93044]},"63o":{"weight":1.0,"played":[1.0,0.0,0.0],"evs":[0.0,-5.27359,-5.28681]},"73o":{"weight":1.0,"played":[1.0,0.0,0.0],"evs":[0.0,-5.47788,-5.48172]},"83o":{"weight":1.0,"played":[1.0,0.0,0.0],"evs":[0.0,-5.51694,-5.52299]},"93o":{"weight":1.0,"played":[1.0,0.0,0.0],"evs":[0.0,-5.35163,-5.36518]},"T3o":{"weight":1.0,"played":[1.0,0.0,0.0],"evs":[0.0,-5.27857,-5.28866]},"J3o":{"weight":1.0,"played":[1.0,0.0,0.0],"evs":[0.0,-5.11093,-5.12632]},"Q3o":{"weight":1.0,"played":[1.0,0.0,0.0],"evs":[0.0,-4.66736,-4.67337]},"K3o":{"weight":1.0,"played":[1.0,0.0,0.0],"evs":[0.0,-4.08006,-4.07486]},"A3o":{"weight":1.0,"played":[1.0,0.0,0.0],"evs":[0.0,-1.53128,-1.5322]},"42s":{"weight":1.0,"played":[1.0,0.0,0.0],"evs":[0.0,-4.4497,-4.46731]},"43s":{"weight":1.0,"played":[1.0,0.0,0.0],"evs":[0.0,-3.81923,-3.82716]},"44":{"weight":1.0,"played":[0.0,0.578,0.422],"evs":[0.0,3.18029,3.18307]},"54o":{"weight":1.0,"played":[1.0,0.0,0.0],"evs":[0.0,-4.38784,-4.39051]},"64o":{"weight":1.0,"played":[1.0,0.0,0.0],"evs":[0.0,-4.55856,-4.56724]},"74o":{"weight":1.0,"played":[1.0,0.0,0.0],"evs":[0.0,-4.80949,-4.81131]},"84o":{"weight":1.0,"played":[1.0,0.0,0.0],"evs":[0.0,-4.97949,-4.99097]},"94o":{"weight":1.0,"played":[1.0,0.0,0.0],"evs":[0.0,-5.39485,-5.40626]},"T4o":{"weight":1.0,"played":[1.0,0.0,0.0],"evs":[0.0,-5.1979,-5.20279]},"J4o":{"weight":1.0,"played":[1.0,0.0,0.0],"evs":[0.0,-4.98344,-4.98646]},"Q4o":{"weight":1.0,"played":[1.0,0.0,0.0],"evs":[0.0,-4.51245,-4.5157]},"K4o":{"weight":1.0,"played":[1.0,0.0,0.0],"evs":[0.0,-3.89606,-3.89379]},"A4o":{"weight":1.0,"played":[1.0,0.0,0.0],"evs":[0.0,-1.16574,-1.16545]},"52s":{"weight":1.0,"played":[1.0,0.0,0.0],"evs":[0.0,-4.02509,-4.02902]},"53s":{"weight":1.0,"played":[1.0,0.0,0.0],"evs":[0.0,-3.36746,-3.37026]},"54s":{"weight":1.0,"played":[1.0,0.0,0.0],"evs":[0.0,-2.66375,-2.66858]},"55":{"weight":1.0,"played":[0.0,0.5376,0.4624],"evs":[0.0,4.66675,4.67431]},"65o":{"weight":1.0,"played":[1.0,0.0,0.0],"evs":[0.0,-3.67228,-3.68056]},"75o":{"weight":1.0,"played":[1.0,0.0,0.0],"evs":[0.0,-3.78201,-3.79419]},"85o":{"weight":1.0,"played":[1.0,0.0,0.0],"evs":[0.0,-3.92101,-3.92799]},"95o":{"weight":1.0,"played":[1.0,0.0,0.0],"evs":[0.0,-4.42562,-4.43415]},"T5o":{"weight":1.0,"played":[1.0,0.0,0.0],"evs":[0.0,-4.87536,-4.88107]},"J5o":{"weight":1.0,"played":[1.0,0.0,0.0],"evs":[0.0,-4.57138,-4.58005]},"Q5o":{"weight":1.0,"played":[1.0,0.0,0.0],"evs":[0.0,-4.07704,-4.07989]},"K5o":{"weight":1.0,"played":[1.0,0.0,0.0],"evs":[0.0,-3.45822,-3.45244]},"A5o":{"weight":1.0,"played":[1.0,0.0,0.0],"evs":[0.0,-0.5351,-0.53292]},"62s":{"weight":1.0,"played":[1.0,0.0,0.0],"evs":[0.0,-4.18635,-4.19725]},"63s":{"weight":1.0,"played":[1.0,0.0,0.0],"evs":[0.0,-3.50462,-3.5059]},"64s":{"weight":1.0,"played":[1.0,0.0,0.0],"evs":[0.0,-2.86018,-2.86384]},"65s":{"weight":1.0,"played":[1.0,0.0,0.0],"evs":[0.0,-1.98793,-1.99665]},"66":{"weight":1.0,"played":[0.0,0.9147,0.0853],"evs":[0.0,6.19108,6.18521]},"76o":{"weight":1.0,"played":[1.0,0.0,0.0],"evs":[0.0,-2.96298,-2.97175]},"86o":{"weight":1.0,"played":[1.0,0.0,0.0],"evs":[0.0,-3.09417,-3.09498]},"96o":{"weight":1.0,"played":[1.0,0.0,0.0],"evs":[0.0,-3.48975,-3.50329]},"T6o":{"weight":1.0,"played":[1.0,0.0,0.0],"evs":[0.0,-3.93863,-3.94142]},"J6o":{"weight":1.0,"played":[1.0,0.0,0.0],"evs":[0.0,-4.3165,-4.32467]},"Q6o":{"weight":1.0,"played":[1.0,0.0,0.0],"evs":[0.0,-3.65102,-3.66241]},"K6o":{"weight":1.0,"played":[1.0,0.0,0.0],"evs":[0.0,-3.06484,-3.05626]},"A6o":{"weight":1.0,"played":[0.8629,0.0449,0.0922],"evs":[0.0,-0.04637,-0.04488]},"72s":{"weight":1.0,"played":[1.0,0.0,0.0],"evs":[0.0,-4.34744,-4.34885]},"73s":{"weight":1.0,"played":[1.0,0.0,0.0],"evs":[0.0,-3.66227,-3.65771]},"74s":{"weight":1.0,"played":[1.0,0.0,0.0],"evs":[0.0,-3.17252,-3.17858]},"75s":{"weight":1.0,"played":[1.0,0.0,0.0],"evs":[0.0,-2.24754,-2.25213]},"76s":{"weight":1.0,"played":[0.9999,1.0E-4,0.0],"evs":[0.0,-1.30432,-1.30535]},"77":{"weight":1.0,"played":[0.0,0.2062,0.7938],"evs":[0.0,7.13895,7.1431]},"87o":{"weight":1.0,"played":[1.0,0.0,0.0],"evs":[0.0,-2.42868,-2.42937]},"97o":{"weight":1.0,"played":[1.0,0.0,0.0],"evs":[0.0,-2.6817,-2.69039]},"T7o":{"weight":1.0,"played":[1.0,0.0,0.0],"evs":[0.0,-3.05132,-3.05694]},"J7o":{"weight":1.0,"played":[1.0,0.0,0.0],"evs":[0.0,-3.40045,-3.40623]},"Q7o":{"weight":1.0,"played":[1.0,0.0,0.0],"evs":[0.0,-3.50636,-3.51133]},"K7o":{"weight":1.0,"played":[1.0,0.0,0.0],"evs":[0.0,-2.74461,-2.73659]},"A7o":{"weight":1.0,"played":[0.0,0.47,0.53],"evs":[0.0,1.1295,1.12894]},"82s":{"weight":1.0,"played":[1.0,0.0,0.0],"evs":[0.0,-3.97691,-3.98384]},"83s":{"weight":1.0,"played":[1.0,0.0,0.0],"evs":[0.0,-3.66727,-3.68575]},"84s":{"weight":1.0,"played":[1.0,0.0,0.0],"evs":[0.0,-3.25499,-3.25843]},"85s":{"weight":1.0,"played":[1.0,0.0,0.0],"evs":[0.0,-2.25074,-2.26717]},"86s":{"weight":1.0,"played":[1.0,0.0,0.0],"evs":[0.0,-1.57596,-1.58633]},"87s":{"weight":1.0,"played":[0.9999,0.0,1.0E-4],"evs":[0.0,-0.80984,-0.81152]},"88":{"weight":1.0,"played":[0.0,0.6115,0.3885],"evs":[0.0,8.00858,8.00765]},"98o":{"weight":1.0,"played":[1.0,0.0,0.0],"evs":[0.0,-1.97498,-1.9756]},"T8o":{"weight":1.0,"played":[1.0,0.0,0.0],"evs":[0.0,-2.23083,-2.23505]},"J8o":{"weight":1.0,"played":[1.0,0.0,0.0],"evs":[0.0,-2.7022,-2.71032]},"Q8o":{"weight":1.0,"played":[1.0,0.0,0.0],"evs":[0.0,-2.66537,-2.66829]},"K8o":{"weight":1.0,"played":[1.0,0.0,0.0],"evs":[0.0,-2.52574,-2.51935]},"A8o":{"weight":1.0,"played":[0.0,0.7414,0.2586],"evs":[0.0,2.60833,2.60514]},"92s":{"weight":1.0,"played":[1.0,0.0,0.0],"evs":[0.0,-3.95741,-3.97722]},"93s":{"weight":1.0,"played":[1.0,0.0,0.0],"evs":[0.0,-3.65452,-3.65869]},"94s":{"weight":1.0,"played":[1.0,0.0,0.0],"evs":[0.0,-3.64832,-3.65506]},"95s":{"weight":1.0,"played":[1.0,0.0,0.0],"evs":[0.0,-2.63041,-2.63498]},"96s":{"weight":1.0,"played":[1.0,0.0,0.0],"evs":[0.0,-1.84201,-1.84533]},"97s":{"weight":1.0,"played":[1.0,0.0,0.0],"evs":[0.0,-1.19808,-1.19649]},"98s":{"weight":1.0,"played":[1.0,0.0,0.0],"evs":[0.0,-0.45209,-0.4612]},"99":{"weight":1.0,"played":[0.0,0.8357,0.1643],"evs":[0.0,8.68711,8.68814]},"T9o":{"weight":1.0,"played":[1.0,0.0,0.0],"evs":[0.0,-1.5577,-1.56549]},"J9o":{"weight":1.0,"played":[1.0,0.0,0.0],"evs":[0.0,-2.0056,-2.01451]},"Q9o":{"weight":1.0,"played":[1.0,0.0,0.0],"evs":[0.0,-2.02143,-2.02749]},"K9o":{"weight":1.0,"played":[1.0,0.0,0.0],"evs":[0.0,-1.83437,-1.83105]},"A9o":{"weight":1.0,"played":[0.0,0.555,0.445],"evs":[0.0,3.78995,3.78215]},"T2s":{"weight":1.0,"played":[1.0,0.0,0.0],"evs":[0.0,-3.7124,-3.71523]},"T3s":{"weight":1.0,"played":[1.0,0.0,0.0],"evs":[0.0,-3.5743,-3.58687]},"T4s":{"weight":1.0,"played":[1.0,0.0,0.0],"evs":[0.0,-3.35219,-3.35288]},"T5s":{"weight":1.0,"played":[1.0,0.0,0.0],"evs":[0.0,-3.21551,-3.21875]},"T6s":{"weight":1.0,"played":[1.0,0.0,0.0],"evs":[0.0,-2.1672,-2.178]},"T7s":{"weight":1.0,"played":[1.0,0.0,0.0],"evs":[0.0,-1.45164,-1.45724]},"T8s":{"weight":1.0,"played":[0.9999,1.0E-4,0.0],"evs":[0.0,-0.65435,-0.66253]},"T9s":{"weight":1.0,"played":[0.9556,0.0207,0.0237],"evs":[0.0,-0.10205,-0.10791]},"TT":{"weight":1.0,"played":[0.0,0.4294,0.5706],"evs":[0.0,10.15035,10.14934]},"JTo":{"weight":1.0,"played":[1.0,0.0,0.0],"evs":[0.0,-0.98462,-0.99148]},"QTo":{"weight":1.0,"played":[1.0,0.0,0.0],"evs":[0.0,-0.97459,-0.97062]},"KTo":{"weight":1.0,"played":[0.9996,2.0E-4,1.0E-4],"evs":[0.0,-0.54055,-0.53833]},"ATo":{"weight":1.0,"played":[0.0,0.5677,0.4323],"evs":[0.0,6.17658,6.17576]},"J2s":{"weight":1.0,"played":[1.0,0.0,0.0],"evs":[0.0,-3.62293,-3.63033]},"J3s":{"weight":1.0,"played":[1.0,0.0,0.0],"evs":[0.0,-3.31554,-3.32501]},"J4s":{"weight":1.0,"played":[1.0,0.0,0.0],"evs":[0.0,-3.23841,-3.24429]},"J5s":{"weight":1.0,"played":[1.0,0.0,0.0],"evs":[0.0,-2.82214,-2.83555]},"J6s":{"weight":1.0,"played":[1.0,0.0,0.0],"evs":[0.0,-2.49798,-2.50667]},"J7s":{"weight":1.0,"played":[1.0,0.0,0.0],"evs":[0.0,-1.7763,-1.78909]},"J8s":{"weight":1.0,"played":[1.0,0.0,0.0],"evs":[0.0,-1.03487,-1.03488]},"J9s":{"weight":1.0,"played":[0.9988,4.0E-4,8.0E-4],"evs":[0.0,-0.47341,-0.48034]},"JTs":{"weight":1.0,"played":[0.0,0.4982,0.5017],"evs":[0.0,0.40888,0.39884]},"JJ":{"weight":1.0,"played":[0.0,0.3469,0.6531],"evs":[0.0,11.49774,11.4983]},"QJo":{"weight":1.0,"played":[1.0,0.0,0.0],"evs":[0.0,-0.5809,-0.57754]},"KJo":{"weight":1.0,"played":[0.0122,0.6909,0.2969],"evs":[0.0,0.19527,0.19188]},"AJo":{"weight":1.0,"played":[0.0,0.4004,0.5996],"evs":[0.0,7.92474,7.92589]},"Q2s":{"weight":1.0,"played":[1.0,0.0,0.0],"evs":[0.0,-3.19952,-3.21463]},"Q3s":{"weight":1.0,"played":[1.0,0.0,0.0],"evs":[0.0,-2.87771,-2.88407]},"Q4s":{"weight":1.0,"played":[1.0,0.0,0.0],"evs":[0.0,-2.76881,-2.77288]},"Q5s":{"weight":1.0,"played":[1.0,0.0,0.0],"evs":[0.0,-2.45981,-2.46787]},"Q6s":{"weight":1.0,"played":[1.0,0.0,0.0],"evs":[0.0,-1.98101,-1.98511]},"Q7s":{"weight":1.0,"played":[1.0,0.0,0.0],"evs":[0.0,-1.77843,-1.78084]},"Q8s":{"weight":1.0,"played":[1.0,0.0,0.0],"evs":[0.0,-1.00966,-1.01069]},"Q9s":{"weight":1.0,"played":[0.9995,3.0E-4,2.0E-4],"evs":[0.0,-0.4993,-0.50105]},"QTs":{"weight":1.0,"played":[4.0E-4,0.9954,0.0041],"evs":[0.0,0.50127,0.49264]},"QJs":{"weight":1.0,"played":[0.0,0.3346,0.6654],"evs":[0.0,0.83446,0.83918]},"QQ":{"weight":1.0,"played":[0.0,0.6671,0.3329],"evs":[0.0,12.92616,12.92408]},"KQo":{"weight":1.0,"played":[0.0,0.0564,0.9436],"evs":[0.0,1.39959,1.40138]},"AQo":{"weight":1.0,"played":[0.0,0.4712,0.5288],"evs":[0.0,9.55073,9.55387]},"K2s":{"weight":1.0,"played":[1.0,0.0,0.0],"evs":[0.0,-2.56875,-2.56353]},"K3s":{"weight":1.0,"played":[1.0,0.0,0.0],"evs":[0.0,-2.36489,-2.36121]},"K4s":{"weight":1.0,"played":[1.0,0.0,0.0],"evs":[0.0,-2.16023,-2.16258]},"K5s":{"weight":1.0,"played":[1.0,0.0,0.0],"evs":[0.0,-1.73686,-1.73029]},"K6s":{"weight":1.0,"played":[1.0,0.0,0.0],"evs":[0.0,-1.39624,-1.39279]},"K7s":{"weight":1.0,"played":[1.0,0.0,0.0],"evs":[0.0,-1.19784,-1.17555]},"K8s":{"weight":1.0,"played":[0.9999,0.0,1.0E-4],"evs":[0.0,-1.02771,-1.01265]},"K9s":{"weight":1.0,"played":[0.9992,3.0E-4,6.0E-4],"evs":[0.0,-0.20421,-0.20438]},"KTs":{"weight":1.0,"played":[0.0,0.18,0.82],"evs":[0.0,0.81468,0.82506]},"KJs":{"weight":1.0,"played":[0.0,0.2574,0.7426],"evs":[0.0,1.61694,1.6174]},"KQs":{"weight":1.0,"played":[0.0,0.6949,0.3051],"evs":[0.0,2.73745,2.73049]},"KK":{"weight":1.0,"played":[0.0,0.4081,0.5919],"evs":[0.0,14.16998,14.16438]},"AKo":{"weight":1.0,"played":[0.0,0.7754,0.2246],"evs":[0.0,10.59421,10.59056]},"A2s":{"weight":1.0,"played":[0.9958,1.0E-4,0.0041],"evs":[0.0,-0.32296,-0.31056]},"A3s":{"weight":1.0,"played":[0.9906,0.0049,0.0045],"evs":[0.0,-0.0761,-0.06825]},"A4s":{"weight":1.0,"played":[1.0E-4,0.0013,0.9987],"evs":[0.0,0.34702,0.35572]},"A5s":{"weight":1.0,"played":[0.0,0.0916,0.9084],"evs":[0.0,0.8961,0.89928]},"A6s":{"weight":1.0,"played":[0.0,0.6943,0.3057],"evs":[0.0,1.4158,1.41493]},"A7s":{"weight":1.0,"played":[0.0,0.7774,0.2226],"evs":[0.0,2.59628,2.58372]},"A8s":{"weight":1.0,"played":[0.0,0.5473,0.4527],"evs":[0.0,3.78102,3.78028]},"A9s":{"weight":1.0,"played":[0.0,0.8672,0.1328],"evs":[0.0,5.0862,5.07845]},"ATs":{"weight":1.0,"played":[0.0,0.677,0.323],"evs":[0.0,7.20186,7.19743]},"AJs":{"weight":1.0,"played":[0.0,0.3335,0.6665],"evs":[0.0,8.87989,8.88397]},"AQs":{"weight":1.0,"played":[0.0,0.3634,0.6366],"evs":[0.0,10.39209,10.40599]},"AKs":{"weight":1.0,"played":[0.0,0.3088,0.6912],"evs":[0.0,11.28443,11.2833]},"AA":{"weight":1.0,"played":[0.0,0.5055,0.4945],"evs":[0.0,20.21098,20.21217]}}}