{"player":4,"street":0,"children":3,"sequence":[{"player":0,"type":"F","amount":0,"street":0},{"player":1,"type":"R","amount":305000,"street":0},{"player":2,"type":"F","amount":0,"street":0},{"player":3,"type":"C","amount":255000,"street":0}],"actions":[{"type":"F","amount":0},{"type":"C","amount":205000},{"type":"R","amount":2055000,"node":30}],"hands":{"22":{"weight":1.0,"played":[0.0,0.9997,3.0E-4],"evs":[0.0,1.88115,1.67158]},"32o":{"weight":1.0,"played":[0.736,0.264,0.0],"evs":[0.0,0.01372,-1.6387]},"42o":{"weight":1.0,"played":[0.1826,0.8174,0.0],"evs":[0.0,-0.00242,-1.57354]},"52o":{"weight":1.0,"played":[0.002,0.998,0.0],"evs":[0.0,0.04842,-1.41795]},"62o":{"weight":1.0,"played":[1.0,0.0,0.0],"evs":[0.0,-0.20661,-1.80016]},"72o":{"weight":1.0,"played":[1.0,0.0,0.0],"evs":[0.0,-0.34246,-1.98958]},"82o":{"weight":1.0,"played":[1.0,0.0,0.0],"evs":[0.0,-0.46581,-2.16796]},"92o":{"weight":1.0,"played":[1.0,0.0,0.0],"evs":[0.0,-0.34681,-1.99396]},"T2o":{"weight":1.0,"played":[1.0,0.0,0.0],"evs":[0.0,-0.13238,-1.47838]},"J2o":{"weight":1.0,"played":[1.0,0.0,0.0],"evs":[0.0,-0.1401,-1.03551]},"Q2o":{"weight":1.0,"played":[5.0E-4,0.9995,0.0],"evs":[0.0,0.13902,-0.25974]},"K2o":{"weight":1.0,"played":[0.0,1.0,0.0],"evs":[0.0,1.00468,0.94429]},"A2o":{"weight":1.0,"played":[0.0,0.0,1.0],"evs":[0.0,2.75817,3.00131]},"32s":{"weight":1.0,"played":[2.0E-4,0.9998,0.0],"evs":[0.0,0.63423,-0.67652]},"33":{"weight":1.0,"played":[0.0,0.9996,4.0E-4],"evs":[0.0,2.04302,1.92759]},"43o":{"weight":1.0,"played":[2.0E-4,0.9998,0.0],"evs":[0.0,0.25336,-1.13781]},"53o":{"weight":1.0,"played":[3.0E-4,0.9997,0.0],"evs":[0.0,0.34671,-1.02911]},"63o":{"weight":1.0,"played":[0.0416,0.9584,0.0],"evs":[0.0,0.05626,-1.38879]},"73o":{"weight":1.0,"played":[1.0,0.0,0.0],"evs":[0.0,-0.12015,-1.63698]},"83o":{"weight":1.0,"played":[1.0,0.0,0.0],"evs":[0.0,-0.46225,-2.14881]},"93o":{"weight":1.0,"played":[1.0,0.0,0.0],"evs":[0.0,-0.34342,-1.85759]},"T3o":{"weight":1.0,"played":[1.0,0.0,0.0],"evs":[0.0,-0.09479,-1.38566]},"J3o":{"weight":1.0,"played":[0.9942,0.0058,0.0],"evs":[0.0,-0.04901,-0.90813]},"Q3o":{"weight":1.0,"played":[2.0E-4,0.9998,0.0],"evs":[0.0,0.17035,-0.14276]},"K3o":{"weight":1.0,"played":[0.0,0.8068,0.1932],"evs":[0.0,1.09671,1.0725]},"A3o":{"weight":1.0,"played":[0.0,0.0,1.0],"evs":[0.0,2.85238,3.1337]},"42s":{"weight":1.0,"played":[2.0E-4,0.9998,0.0],"evs":[0.0,0.69956,-0.55253]},"43s":{"weight":1.0,"played":[1.0E-4,0.9999,0.0],"evs":[0.0,0.95549,-0.20075]},"44":{"weight":1.0,"played":[0.0,0.9794,0.0206],"evs":[0.0,2.21947,2.16071]},"54o":{"weight":1.0,"played":[0.0,1.0,0.0],"evs":[0.0,0.54022,-0.67156]},"64o":{"weight":1.0,"played":[1.0E-4,0.9999,0.0],"evs":[0.0,0.34223,-0.99338]},"74o":{"weight":1.0,"played":[0.1084,0.8916,0.0],"evs":[0.0,0.07266,-1.27345]},"84o":{"weight":1.0,"played":[1.0,0.0,0.0],"evs":[0.0,-0.23379,-1.8062]},"94o":{"weight":1.0,"played":[1.0,0.0,0.0],"evs":[0.0,-0.30367,-1.86459]},"T4o":{"weight":1.0,"played":[1.0,0.0,0.0],"evs":[0.0,-0.07266,-1.29253]},"J4o":{"weight":1.0,"played":[0.6381,0.3619,0.0],"evs":[0.0,-0.01371,-0.83003]},"Q4o":{"weight":1.0,"played":[1.0E-4,0.9999,0.0],"evs":[0.0,0.22755,-0.06574]},"K4o":{"weight":1.0,"played":[0.0,0.922,0.078],"evs":[0.0,1.18962,1.15949]},"A4o":{"weight":1.0,"played":[0.0,0.001,0.999],"evs":[0.0,2.94084,3.21447]},"52s":{"weight":1.0,"played":[1.0E-4,0.9999,0.0],"evs":[0.0,0.79028,-0.42142]},"53s":{"weight":1.0,"played":[0.0,1.0,0.0],"evs":[0.0,0.99215,-0.14127]},"54s":{"weight":1.0,"played":[0.0,1.0,0.0],"evs":[0.0,1.25043,0.27314]},"55":{"weight":1.0,"played":[0.0,0.32,0.68],"evs":[0.0,2.46689,2.49246]},"65o":{"weight":1.0,"played":[1.0E-4,0.9999,0.0],"evs":[0.0,0.57078,-0.68047]},"75o":{"weight":1.0,"played":[1.0E-4,0.9999,0.0],"evs":[0.0,0.3942,-0.83923]},"85o":{"weight":1.0,"played":[0.0651,0.9349,0.0],"evs":[0.0,0.02671,-1.33054]},"95o":{"weight":1.0,"played":[0.9184,0.0816,0.0],"evs":[0.0,-0.03721,-1.44393]},"T5o":{"weight":1.0,"played":[0.2745,0.7255,0.0],"evs":[0.0,0.01978,-1.21089]},"J5o":{"weight":1.0,"played":[0.0046,0.9954,0.0],"evs":[0.0,0.08496,-0.66653]},"Q5o":{"weight":1.0,"played":[0.0,1.0,0.0],"evs":[0.0,0.31767,0.06324]},"K5o":{"weight":1.0,"played":[0.0,0.9836,0.0164],"evs":[0.0,1.28772,1.2578]},"A5o":{"weight":1.0,"played":[0.0,0.0,1.0],"evs":[0.0,3.00127,3.32663]},"62s":{"weight":1.0,"played":[2.0E-4,0.9998,0.0],"evs":[0.0,0.4375,-0.81108]},"63s":{"weight":1.0,"played":[0.0,1.0,0.0],"evs":[0.0,0.75134,-0.40157]},"64s":{"weight":1.0,"played":[0.0,1.0,0.0],"evs":[0.0,0.98447,-0.08118]},"65s":{"weight":1.0,"played":[0.0,1.0,0.0],"evs":[0.0,1.31653,0.33384]},"66":{"weight":1.0,"played":[0.0,0.0023,0.9977],"evs":[0.0,2.733,2.82154]},"76o":{"weight":1.0,"played":[0.0,1.0,0.0],"evs":[0.0,0.54193,-0.5656]},"86o":{"weight":1.0,"played":[3.0E-4,0.9997,0.0],"evs":[0.0,0.18814,-1.07221]},"96o":{"weight":1.0,"played":[4.0E-4,0.9996,0.0],"evs":[0.0,0.15269,-1.11458]},"T6o":{"weight":1.0,"played":[0.0042,0.9958,0.0],"evs":[0.0,0.16995,-0.87484]},"J6o":{"weight":1.0,"played":[0.005,0.995,0.0],"evs":[0.0,0.136,-0.66331]},"Q6o":{"weight":1.0,"played":[0.0,1.0,0.0],"evs":[0.0,0.37121,0.18277]},"K6o":{"weight":1.0,"played":[0.0,0.9791,0.0209],"evs":[0.0,1.47756,1.42932]},"A6o":{"weight":1.0,"played":[0.0,0.0,1.0],"evs":[0.0,2.92991,3.27629]},"72s":{"weight":1.0,"played":[5.0E-4,0.9995,0.0],"evs":[0.0,0.35023,-1.04993]},"73s":{"weight":1.0,"played":[1.0E-4,0.9999,0.0],"evs":[0.0,0.57386,-0.70894]},"74s":{"weight":1.0,"played":[1.0E-4,0.9999,0.0],"evs":[0.0,0.84134,-0.37239]},"75s":{"weight":1.0,"played":[0.0,1.0,0.0],"evs":[0.0,1.11694,0.05786]},"76s":{"weight":1.0,"played":[0.0,1.0,0.0],"evs":[0.0,1.24337,0.20168]},"77":{"weight":1.0,"played":[0.0,0.0,1.0],"evs":[0.0,2.93065,3.21725]},"87o":{"weight":1.0,"played":[1.0E-4,0.9999,0.0],"evs":[0.0,0.42848,-0.72258]},"97o":{"weight":1.0,"played":[5.0E-4,0.9995,0.0],"evs":[0.0,0.38607,-0.78752]},"T7o":{"weight":1.0,"played":[1.0E-4,0.9999,0.0],"evs":[0.0,0.4115,-0.48265]},"J7o":{"weight":1.0,"played":[2.0E-4,0.9998,0.0],"evs":[0.0,0.35429,-0.30864]},"Q7o":{"weight":1.0,"played":[0.0,1.0,0.0],"evs":[0.0,0.53226,0.29943]},"K7o":{"weight":1.0,"played":[0.0,0.9999,1.0E-4],"evs":[0.0,1.73589,1.65509]},"A7o":{"weight":1.0,"played":[0.0,0.0,1.0],"evs":[0.0,3.07698,3.5716]},"82s":{"weight":1.0,"played":[0.0,1.0,0.0],"evs":[0.0,0.22015,-1.15288]},"83s":{"weight":1.0,"played":[9.0E-4,0.9991,0.0],"evs":[0.0,0.24359,-1.23765]},"84s":{"weight":1.0,"played":[2.0E-4,0.9998,0.0],"evs":[0.0,0.41469,-0.845]},"85s":{"weight":1.0,"played":[0.0,1.0,0.0],"evs":[0.0,0.77502,-0.43257]},"86s":{"weight":1.0,"played":[0.0,1.0,0.0],"evs":[0.0,0.94962,-0.13468]},"87s":{"weight":1.0,"played":[0.0,1.0,0.0],"evs":[0.0,1.21959,0.25269]},"88":{"weight":1.0,"played":[0.0,0.0,1.0],"evs":[0.0,3.12616,3.29136]},"98o":{"weight":1.0,"played":[0.0,1.0,0.0],"evs":[0.0,0.42075,-0.61757]},"T8o":{"weight":1.0,"played":[0.0,1.0,0.0],"evs":[0.0,0.58199,-0.38637]},"J8o":{"weight":1.0,"played":[0.0,1.0,0.0],"evs":[0.0,0.66024,-0.10391]},"Q8o":{"weight":1.0,"played":[0.0,1.0,0.0],"evs":[0.0,0.98177,0.6015]},"K8o":{"weight":1.0,"played":[0.0,1.0,0.0],"evs":[0.0,2.04798,1.66399]},"A8o":{"weight":1.0,"played":[0.0,0.0,1.0],"evs":[0.0,3.39467,3.76378]},"92s":{"weight":1.0,"played":[0.0014,0.9986,0.0],"evs":[0.0,0.29987,-1.01346]},"93s":{"weight":1.0,"played":[3.0E-4,0.9997,0.0],"evs":[0.0,0.39704,-0.84706]},"94s":{"weight":1.0,"played":[0.0,1.0,0.0],"evs":[0.0,0.38162,-0.86189]},"95s":{"weight":1.0,"played":[1.0E-4,0.9999,0.0],"evs":[0.0,0.67417,-0.47931]},"96s":{"weight":1.0,"played":[0.0,1.0,0.0],"evs":[0.0,0.87534,-0.17258]},"97s":{"weight":1.0,"played":[0.0,1.0,0.0],"evs":[0.0,1.14531,0.19086]},"98s":{"weight":1.0,"played":[0.0,1.0,0.0],"evs":[0.0,1.16688,0.25984]},"99":{"weight":1.0,"played":[0.0,0.0,1.0],"evs":[0.0,3.75166,4.14545]},"T9o":{"weight":1.0,"played":[0.0,1.0,0.0],"evs":[0.0,0.94088,0.09168]},"J9o":{"weight":1.0,"played":[0.0,1.0,0.0],"evs":[0.0,1.11171,0.53222]},"Q9o":{"weight":1.0,"played":[0.0,0.9998,2.0E-4],"evs":[0.0,1.53763,1.30696]},"K9o":{"weight":1.0,"played":[0.0,1.0,0.0],"evs":[0.0,2.51423,2.45091]},"A9o":{"weight":1.0,"played":[0.0,0.0,1.0],"evs":[0.0,3.55505,4.27656]},"T2s":{"weight":1.0,"played":[2.0E-4,0.9998,0.0],"evs":[0.0,0.58515,-0.45296]},"T3s":{"weight":1.0,"played":[1.0E-4,0.9999,0.0],"evs":[0.0,0.61859,-0.43364]},"T4s":{"weight":1.0,"played":[0.0,1.0,0.0],"evs":[0.0,0.60993,-0.39033]},"T5s":{"weight":1.0,"played":[3.0E-4,0.9997,0.0],"evs":[0.0,0.71918,-0.27819]},"T6s":{"weight":1.0,"played":[0.0,1.0,0.0],"evs":[0.0,0.88971,0.06989]},"T7s":{"weight":1.0,"played":[0.0,1.0,0.0],"evs":[0.0,1.12464,0.36904]},"T8s":{"weight":1.0,"played":[0.0,1.0,0.0],"evs":[0.0,1.32789,0.5138]},"T9s":{"weight":1.0,"played":[0.0,1.0,0.0],"evs":[0.0,1.70944,0.98947]},"TT":{"weight":1.0,"played":[0.0,0.0,1.0],"evs":[0.0,4.55999,5.5074]},"JTo":{"weight":1.0,"played":[0.0,1.0,0.0],"evs":[0.0,1.77975,1.44209]},"QTo":{"weight":1.0,"played":[0.0,0.9743,0.0257],"evs":[0.0,2.3252,2.29172]},"KTo":{"weight":1.0,"played":[0.0,0.0034,0.9966],"evs":[0.0,3.18513,3.23909]},"ATo":{"weight":1.0,"played":[0.0,0.0,1.0],"evs":[0.0,3.98474,5.03683]},"J2s":{"weight":1.0,"played":[0.0,1.0,0.0],"evs":[0.0,0.66745,-0.02111]},"J3s":{"weight":1.0,"played":[0.0,1.0,0.0],"evs":[0.0,0.65844,0.04014]},"J4s":{"weight":1.0,"played":[0.0,1.0,0.0],"evs":[0.0,0.80193,0.15263]},"J5s":{"weight":1.0,"played":[0.0,1.0,0.0],"evs":[0.0,0.84905,0.23889]},"J6s":{"weight":1.0,"played":[0.0,1.0,0.0],"evs":[0.0,0.91129,0.34311]},"J7s":{"weight":1.0,"played":[0.0,1.0,0.0],"evs":[0.0,1.11378,0.66388]},"J8s":{"weight":1.0,"played":[0.0,1.0,0.0],"evs":[0.0,1.45165,0.81267]},"J9s":{"weight":1.0,"played":[0.0,0.9998,2.0E-4],"evs":[0.0,1.90816,1.39796]},"JTs":{"weight":1.0,"played":[0.0,0.9996,4.0E-4],"evs":[0.0,2.61972,2.31507]},"JJ":{"weight":1.0,"played":[0.0,0.0,1.0],"evs":[0.0,6.17668,7.09143]},"QJo":{"weight":1.0,"played":[0.0,0.0033,0.9967],"evs":[0.0,2.78933,2.87797]},"KJo":{"weight":1.0,"played":[0.0,0.0514,0.9486],"evs":[0.0,3.72528,3.7811]},"AJo":{"weight":1.0,"played":[0.0,0.0,1.0],"evs":[0.0,4.45334,5.52965]},"Q2s":{"weight":1.0,"played":[0.0,1.0,0.0],"evs":[0.0,0.94524,0.76825]},"Q3s":{"weight":1.0,"played":[0.0,1.0,0.0],"evs":[0.0,0.93227,0.73631]},"Q4s":{"weight":1.0,"played":[0.0,0.9985,0.0015],"evs":[0.0,1.03512,0.93537]},"Q5s":{"weight":1.0,"played":[0.0,0.999,0.001],"evs":[0.0,1.13853,0.93881]},"Q6s":{"weight":1.0,"played":[0.0,0.9973,0.0027],"evs":[0.0,1.24761,1.1058]},"Q7s":{"weight":1.0,"played":[0.0,0.9976,0.0024],"evs":[0.0,1.3876,1.16774]},"Q8s":{"weight":1.0,"played":[0.0,1.0,0.0],"evs":[0.0,1.81253,1.4659]},"Q9s":{"weight":1.0,"played":[0.0,0.9993,7.0E-4],"evs":[0.0,2.45714,2.23611]},"QTs":{"weight":1.0,"played":[0.0,0.9471,0.0529],"evs":[0.0,3.09201,3.0448]},"QJs":{"weight":1.0,"played":[0.0,0.0225,0.9775],"evs":[0.0,3.51729,3.57919]},"QQ":{"weight":1.0,"played":[0.0,0.0,1.0],"evs":[0.0,8.7706,8.96812]},"KQo":{"weight":1.0,"played":[0.0,0.0774,0.9226],"evs":[0.0,4.43099,4.45432]},"AQo":{"weight":1.0,"played":[0.0,0.0,1.0],"evs":[0.0,5.07458,6.00446]},"K2s":{"weight":1.0,"played":[0.0,0.8145,0.1855],"evs":[0.0,1.8869,1.85508]},"K3s":{"weight":1.0,"played":[0.0,0.6054,0.3946],"evs":[0.0,1.93418,1.92583]},"K4s":{"weight":1.0,"played":[0.0,0.7004,0.2996],"evs":[0.0,2.04321,2.01138]},"K5s":{"weight":1.0,"played":[0.0,0.3752,0.6248],"evs":[0.0,2.15666,2.15037]},"K6s":{"weight":1.0,"played":[0.0,0.6434,0.3566],"evs":[0.0,2.42299,2.45331]},"K7s":{"weight":1.0,"played":[0.0,0.9999,1.0E-4],"evs":[0.0,2.58991,2.54557]},"K8s":{"weight":1.0,"played":[0.0,0.9999,1.0E-4],"evs":[0.0,2.86792,2.59179]},"K9s":{"weight":1.0,"played":[0.0,0.9928,0.0072],"evs":[0.0,3.36164,3.15636]},"KTs":{"weight":1.0,"played":[0.0,0.6042,0.3958],"evs":[0.0,4.13148,4.10529]},"KJs":{"weight":1.0,"played":[0.0,0.2348,0.7652],"evs":[0.0,4.42534,4.42682]},"KQs":{"weight":1.0,"played":[0.0,0.8115,0.1885],"evs":[0.0,5.09411,5.08401]},"KK":{"weight":1.0,"played":[0.0,0.9999,1.0E-4],"evs":[0.0,11.96532,10.98994]},"AKo":{"weight":1.0,"played":[0.0,0.0,1.0],"evs":[0.0,5.68347,6.43395]},"A2s":{"weight":1.0,"played":[0.0,0.001,0.999],"evs":[0.0,3.57584,3.81528]},"A3s":{"weight":1.0,"played":[0.0,9.0E-4,0.9991],"evs":[0.0,3.6792,3.97168]},"A4s":{"weight":1.0,"played":[0.0,0.0,1.0],"evs":[0.0,3.6989,4.00183]},"A5s":{"weight":1.0,"played":[0.0,3.0E-4,0.9997],"evs":[0.0,3.84724,4.09726]},"A6s":{"weight":1.0,"played":[0.0,3.0E-4,0.9997],"evs":[0.0,3.69298,4.07819]},"A7s":{"weight":1.0,"played":[0.0,2.0E-4,0.9998],"evs":[0.0,3.92797,4.35619]},"A8s":{"weight":1.0,"played":[0.0,1.0E-4,0.9999],"evs":[0.0,4.16046,4.53198]},"A9s":{"weight":1.0,"played":[0.0,0.0,1.0],"evs":[0.0,4.36507,4.93948]},"ATs":{"weight":1.0,"played":[0.0,0.0,1.0],"evs":[0.0,4.88068,5.82933]},"AJs":{"weight":1.0,"played":[0.0,0.0,1.0],"evs":[0.0,5.16722,6.09407]},"AQs":{"weight":1.0,"played":[0.0,0.0,1.0],"evs":[0.0,5.6953,6.52679]},"AKs":{"weight":1.0,"played":[0.0,0.0,1.0],"evs":[0.0,6.4631,7.04524]},"AA":{"weight":1.0,"played":[0.0,0.9999,1.0E-4],"evs":[0.0,14.07359,12.85756]}}}