{"player":3,"street":0,"children":2,"sequence":[{"player":0,"type":"F","amount":0,"street":0},{"player":1,"type":"R","amount":305000,"street":0},{"player":2,"type":"C","amount":305000,"street":0},{"player":3,"type":"C","amount":255000,"street":0},{"player":4,"type":"R","amount":2055000,"street":0},{"player":2,"type":"F","amount":0,"street":0}],"actions":[{"type":"F","amount":0},{"type":"C","amount":1750000}],"hands":{"22":{"weight":0.0,"played":[0.5365,0.4635],"evs":[0.0,-0.19931]},"32o":{"weight":0.0,"played":[0.9706,0.0294],"evs":[0.0,-6.73263]},"42o":{"weight":0.0,"played":[0.9248,0.0752],"evs":[0.0,-3.57803]},"52o":{"weight":0.0,"played":[0.985,0.015],"evs":[0.0,-3.50818]},"62o":{"weight":0.0,"played":[0.9979,0.0021],"evs":[0.0,-8.34233]},"72o":{"weight":1.0E-4,"played":[0.9812,0.0188],"evs":[0.0,-6.59977]},"82o":{"weight":0.0,"played":[0.9977,0.0023],"evs":[0.0,-4.55161]},"92o":{"weight":0.0,"played":[0.9659,0.0341],"evs":[0.0,-4.75165]},"T2o":{"weight":0.0,"played":[0.6542,0.3458],"evs":[0.0,-4.22699]},"J2o":{"weight":0.0,"played":[0.9777,0.0223],"evs":[0.0,-2.55527]},"Q2o":{"weight":1.0E-4,"played":[0.5705,0.4295],"evs":[0.0,-3.15927]},"K2o":{"weight":1.0E-4,"played":[0.9345,0.0655],"evs":[0.0,-2.47289]},"A2o":{"weight":0.0028,"played":[0.8067,0.1933],"evs":[0.0,-2.50953]},"32s":{"weight":2.0E-4,"played":[0.2013,0.7987],"evs":[0.0,0.23791]},"33":{"weight":0.1267,"played":[0.0598,0.9402],"evs":[0.0,4.85872]},"43o":{"weight":0.0,"played":[0.9934,0.0066],"evs":[0.0,-3.88087]},"53o":{"weight":0.0,"played":[0.2591,0.7409],"evs":[0.0,0.52944]},"63o":{"weight":0.0,"played":[0.7052,0.2948],"evs":[0.0,-2.63079]},"73o":{"weight":0.0,"played":[0.9523,0.0477],"evs":[0.0,-2.4909]},"83o":{"weight":0.0,"played":[0.9973,0.0027],"evs":[0.0,-3.70491]},"93o":{"weight":0.0,"played":[0.9751,0.0249],"evs":[0.0,-4.3553]},"T3o":{"weight":0.0,"played":[0.8853,0.1147],"evs":[0.0,-0.5772]},"J3o":{"weight":0.0,"played":[0.5664,0.4336],"evs":[0.0,-2.99508]},"Q3o":{"weight":1.0E-4,"played":[0.992,0.008],"evs":[0.0,-2.53578]},"K3o":{"weight":0.0,"played":[0.3313,0.6687],"evs":[0.0,0.59555]},"A3o":{"weight":0.0015,"played":[4.0E-4,0.9996],"evs":[0.0,3.57947]},"42s":{"weight":0.0,"played":[0.5531,0.4469],"evs":[0.0,3.31236]},"43s":{"weight":0.0056,"played":[0.5702,0.4298],"evs":[0.0,-1.55442]},"44":{"weight":0.1604,"played":[0.2299,0.7701],"evs":[0.0,6.2985]},"54o":{"weight":0.0,"played":[0.4794,0.5206],"evs":[0.0,-1.4329]},"64o":{"weight":0.0,"played":[0.8244,0.1756],"evs":[0.0,-3.84917]},"74o":{"weight":0.0,"played":[0.9911,0.0089],"evs":[0.0,-1.94692]},"84o":{"weight":0.0,"played":[0.805,0.195],"evs":[0.0,-6.96075]},"94o":{"weight":0.0,"played":[0.8785,0.1215],"evs":[0.0,-2.7297]},"T4o":{"weight":0.0,"played":[0.4938,0.5062],"evs":[0.0,-1.32682]},"J4o":{"weight":0.0,"played":[0.9839,0.0161],"evs":[0.0,-1.97707]},"Q4o":{"weight":0.0,"played":[0.3825,0.6175],"evs":[0.0,-1.84156]},"K4o":{"weight":1.0E-4,"played":[0.9463,0.0537],"evs":[0.0,-4.22312]},"A4o":{"weight":0.0124,"played":[0.5426,0.4574],"evs":[0.0,1.55756]},"52s":{"weight":4.0E-4,"played":[0.7348,0.2652],"evs":[0.0,1.58818]},"53s":{"weight":5.0E-4,"played":[0.6313,0.3687],"evs":[0.0,0.1091]},"54s":{"weight":0.1323,"played":[0.3904,0.6096],"evs":[0.0,1.13253]},"55":{"weight":0.1307,"played":[0.0047,0.9953],"evs":[0.0,6.28213]},"65o":{"weight":0.0,"played":[0.2424,0.7576],"evs":[0.0,0.01151]},"75o":{"weight":1.0E-4,"played":[0.8952,0.1048],"evs":[0.0,-5.2125]},"85o":{"weight":0.0,"played":[0.6837,0.3163],"evs":[0.0,0.07575]},"95o":{"weight":0.0,"played":[0.6089,0.3911],"evs":[0.0,-3.38958]},"T5o":{"weight":0.0,"played":[0.9996,4.0E-4],"evs":[0.0,-2.55789]},"J5o":{"weight":1.0E-4,"played":[0.9901,0.0099],"evs":[0.0,-2.85018]},"Q5o":{"weight":0.0,"played":[0.5796,0.4204],"evs":[0.0,-1.80485]},"K5o":{"weight":3.0E-4,"played":[0.0991,0.9009],"evs":[0.0,1.76965]},"A5o":{"weight":0.0016,"played":[0.5134,0.4866],"evs":[0.0,0.90398]},"62s":{"weight":1.0E-4,"played":[0.843,0.157],"evs":[0.0,-1.51248]},"63s":{"weight":0.0043,"played":[0.6297,0.3703],"evs":[0.0,0.39458]},"64s":{"weight":0.0034,"played":[0.2754,0.7246],"evs":[0.0,-2.26094]},"65s":{"weight":0.0067,"played":[0.7252,0.2748],"evs":[0.0,-5.14331]},"66":{"weight":0.3459,"played":[0.0086,0.9914],"evs":[0.0,9.61494]},"76o":{"weight":0.0,"played":[0.4898,0.5102],"evs":[0.0,1.29935]},"86o":{"weight":1.0E-4,"played":[0.9011,0.0989],"evs":[0.0,-2.72867]},"96o":{"weight":0.0,"played":[0.6967,0.3033],"evs":[0.0,-0.63541]},"T6o":{"weight":3.0E-4,"played":[0.0186,0.9814],"evs":[0.0,3.49085]},"J6o":{"weight":0.0,"played":[0.6902,0.3098],"evs":[0.0,-2.67229]},"Q6o":{"weight":0.0,"played":[0.3107,0.6893],"evs":[0.0,1.04143]},"K6o":{"weight":1.0E-4,"played":[0.092,0.908],"evs":[0.0,3.29587]},"A6o":{"weight":0.0059,"played":[0.9963,0.0037],"evs":[0.0,-2.20073]},"72s":{"weight":0.0,"played":[0.9783,0.0217],"evs":[0.0,-6.18758]},"73s":{"weight":3.0E-4,"played":[0.7366,0.2634],"evs":[0.0,-0.53543]},"74s":{"weight":1.0E-4,"played":[0.9894,0.0106],"evs":[0.0,-4.99995]},"75s":{"weight":0.0045,"played":[0.6736,0.3264],"evs":[0.0,0.53001]},"76s":{"weight":0.2779,"played":[0.3105,0.6895],"evs":[0.0,1.34035]},"77":{"weight":0.0118,"played":[0.0352,0.9648],"evs":[0.0,6.77769]},"87o":{"weight":0.0,"played":[0.1218,0.8782],"evs":[0.0,3.92386]},"97o":{"weight":1.0E-4,"played":[0.8744,0.1256],"evs":[0.0,-0.87704]},"T7o":{"weight":3.0E-4,"played":[0.5717,0.4283],"evs":[0.0,0.34408]},"J7o":{"weight":0.0,"played":[0.1789,0.8211],"evs":[0.0,1.41052]},"Q7o":{"weight":2.0E-4,"played":[0.4918,0.5082],"evs":[0.0,-5.47634]},"K7o":{"weight":0.0,"played":[0.3742,0.6258],"evs":[0.0,-0.74372]},"A7o":{"weight":0.0072,"played":[0.2091,0.7909],"evs":[0.0,5.91088]},"82s":{"weight":0.0,"played":[0.9891,0.0109],"evs":[0.0,-10.22781]},"83s":{"weight":0.0,"played":[0.7872,0.2128],"evs":[0.0,-3.69771]},"84s":{"weight":7.0E-4,"played":[0.992,0.008],"evs":[0.0,-3.14197]},"85s":{"weight":0.0024,"played":[0.408,0.592],"evs":[0.0,4.45639]},"86s":{"weight":0.001,"played":[0.9961,0.0039],"evs":[0.0,-1.5707]},"87s":{"weight":0.0417,"played":[0.0473,0.9527],"evs":[0.0,11.99094]},"88":{"weight":0.0164,"played":[0.0,1.0],"evs":[0.0,15.70937]},"98o":{"weight":1.0E-4,"played":[0.6501,0.3499],"evs":[0.0,-3.30397]},"T8o":{"weight":7.0E-4,"played":[0.4483,0.5517],"evs":[0.0,-0.27135]},"J8o":{"weight":0.0,"played":[0.2413,0.7587],"evs":[0.0,-0.27381]},"Q8o":{"weight":0.0019,"played":[0.256,0.744],"evs":[0.0,-0.945]},"K8o":{"weight":0.0,"played":[0.0035,0.9965],"evs":[0.0,3.86801]},"A8o":{"weight":0.0,"played":[6.0E-4,0.9994],"evs":[0.0,6.25445]},"92s":{"weight":1.0E-4,"played":[0.9111,0.0889],"evs":[0.0,-5.93417]},"93s":{"weight":0.0019,"played":[0.6151,0.3849],"evs":[0.0,0.37636]},"94s":{"weight":4.0E-4,"played":[0.5801,0.4199],"evs":[0.0,-2.03988]},"95s":{"weight":0.0,"played":[0.5117,0.4883],"evs":[0.0,-5.56338]},"96s":{"weight":5.0E-4,"played":[0.9473,0.0527],"evs":[0.0,-4.11784]},"97s":{"weight":0.0045,"played":[0.9055,0.0945],"evs":[0.0,-3.3666]},"98s":{"weight":0.0026,"played":[0.3869,0.6131],"evs":[0.0,1.85992]},"99":{"weight":4.0E-4,"played":[0.0,1.0],"evs":[0.0,17.40139]},"T9o":{"weight":0.0,"played":[0.0732,0.9268],"evs":[0.0,1.3223]},"J9o":{"weight":0.0,"played":[0.6826,0.3174],"evs":[0.0,0.02175]},"Q9o":{"weight":0.0016,"played":[0.096,0.904],"evs":[0.0,0.41535]},"K9o":{"weight":0.0033,"played":[0.3938,0.6062],"evs":[0.0,3.41138]},"A9o":{"weight":0.0,"played":[0.0141,0.9859],"evs":[0.0,4.54934]},"T2s":{"weight":0.0013,"played":[0.629,0.371],"evs":[0.0,1.53081]},"T3s":{"weight":1.0E-4,"played":[0.9692,0.0308],"evs":[0.0,-5.18746]},"T4s":{"weight":0.0,"played":[0.0221,0.9779],"evs":[0.0,9.70878]},"T5s":{"weight":0.0058,"played":[0.1278,0.8722],"evs":[0.0,1.82703]},"T6s":{"weight":0.0019,"played":[0.4673,0.5327],"evs":[0.0,5.10863]},"T7s":{"weight":4.0E-4,"played":[0.5172,0.4828],"evs":[0.0,-3.75001]},"T8s":{"weight":0.0068,"played":[0.3898,0.6102],"evs":[0.0,-4.04378]},"T9s":{"weight":0.0446,"played":[0.1457,0.8543],"evs":[0.0,3.70097]},"TT":{"weight":2.0E-4,"played":[0.0,1.0],"evs":[0.0,17.96953]},"JTo":{"weight":0.0023,"played":[0.0079,0.9921],"evs":[0.0,2.00499]},"QTo":{"weight":0.0092,"played":[0.0,1.0],"evs":[0.0,4.33955]},"KTo":{"weight":0.0017,"played":[0.0079,0.9921],"evs":[0.0,3.72681]},"ATo":{"weight":0.0,"played":[0.0014,0.9986],"evs":[0.0,7.75597]},"J2s":{"weight":0.0,"played":[0.3851,0.6149],"evs":[0.0,-0.50896]},"J3s":{"weight":4.0E-4,"played":[0.099,0.901],"evs":[0.0,-0.88983]},"J4s":{"weight":1.0E-4,"played":[0.4058,0.5942],"evs":[0.0,-4.26639]},"J5s":{"weight":0.0061,"played":[0.1926,0.8074],"evs":[0.0,-0.84293]},"J6s":{"weight":0.0093,"played":[0.0425,0.9575],"evs":[0.0,3.54171]},"J7s":{"weight":0.0642,"played":[0.5523,0.4477],"evs":[0.0,0.95721]},"J8s":{"weight":0.05,"played":[0.3958,0.6042],"evs":[0.0,-0.78303]},"J9s":{"weight":0.2839,"played":[0.385,0.615],"evs":[0.0,2.61564]},"JTs":{"weight":0.118,"played":[0.1349,0.8651],"evs":[0.0,6.10006]},"JJ":{"weight":0.0,"played":[9.0E-4,0.9991],"evs":[0.0,19.64934]},"QJo":{"weight":0.2323,"played":[0.0254,0.9746],"evs":[0.0,4.49951]},"KJo":{"weight":0.0119,"played":[0.0159,0.9841],"evs":[0.0,2.03514]},"AJo":{"weight":0.0,"played":[0.0,1.0],"evs":[0.0,10.73564]},"Q2s":{"weight":0.001,"played":[0.1098,0.8902],"evs":[0.0,-0.87488]},"Q3s":{"weight":0.0068,"played":[0.4207,0.5793],"evs":[0.0,-1.83046]},"Q4s":{"weight":0.0012,"played":[0.9423,0.0577],"evs":[0.0,-0.60514]},"Q5s":{"weight":0.0073,"played":[0.5971,0.4029],"evs":[0.0,-1.99579]},"Q6s":{"weight":0.0085,"played":[0.0017,0.9983],"evs":[0.0,7.90234]},"Q7s":{"weight":0.0018,"played":[0.7284,0.2716],"evs":[0.0,2.37188]},"Q8s":{"weight":0.6973,"played":[0.1681,0.8319],"evs":[0.0,6.65091]},"Q9s":{"weight":0.0595,"played":[0.0134,0.9866],"evs":[0.0,4.32742]},"QTs":{"weight":0.1005,"played":[0.0093,0.9907],"evs":[0.0,8.20584]},"QJs":{"weight":0.0041,"played":[0.1286,0.8714],"evs":[0.0,-0.70197]},"QQ":{"weight":0.0,"played":[7.0E-4,0.9993],"evs":[0.0,23.52303]},"KQo":{"weight":0.425,"played":[2.0E-4,0.9998],"evs":[0.0,2.87133]},"AQo":{"weight":0.0,"played":[0.0,1.0],"evs":[0.0,13.22455]},"K2s":{"weight":0.0279,"played":[0.7981,0.2019],"evs":[0.0,-0.35271]},"K3s":{"weight":0.0052,"played":[0.4074,0.5926],"evs":[0.0,0.88361]},"K4s":{"weight":0.0082,"played":[0.513,0.487],"evs":[0.0,-2.12749]},"K5s":{"weight":0.0277,"played":[0.0926,0.9074],"evs":[0.0,5.06016]},"K6s":{"weight":0.4668,"played":[0.4079,0.5921],"evs":[0.0,2.61645]},"K7s":{"weight":0.5112,"played":[0.2704,0.7296],"evs":[0.0,2.60733]},"K8s":{"weight":0.0543,"played":[0.0388,0.9612],"evs":[0.0,2.08192]},"K9s":{"weight":0.3407,"played":[0.0464,0.9536],"evs":[0.0,3.42527]},"KTs":{"weight":0.0011,"played":[0.0367,0.9633],"evs":[0.0,8.22518]},"KJs":{"weight":1.0E-4,"played":[0.0,1.0],"evs":[0.0,3.44512]},"KQs":{"weight":0.2698,"played":[0.0021,0.9979],"evs":[0.0,10.38311]},"KK":{"weight":0.0,"played":[0.0,1.0],"evs":[0.0,27.06251]},"AKo":{"weight":0.0,"played":[4.0E-4,0.9996],"evs":[0.0,14.28306]},"A2s":{"weight":0.0021,"played":[0.6438,0.3562],"evs":[0.0,5.91836]},"A3s":{"weight":0.0028,"played":[0.0451,0.9549],"evs":[0.0,4.95881]},"A4s":{"weight":0.0,"played":[0.1106,0.8894],"evs":[0.0,5.43267]},"A5s":{"weight":0.0016,"played":[0.0685,0.9315],"evs":[0.0,4.80658]},"A6s":{"weight":0.0127,"played":[0.0119,0.9881],"evs":[0.0,8.72791]},"A7s":{"weight":0.0026,"played":[0.3169,0.6831],"evs":[0.0,1.33153]},"A8s":{"weight":0.013,"played":[0.0,1.0],"evs":[0.0,8.1755]},"A9s":{"weight":7.0E-4,"played":[0.0137,0.9863],"evs":[0.0,3.84414]},"ATs":{"weight":2.0E-4,"played":[1.0E-4,0.9999],"evs":[0.0,11.84619]},"AJs":{"weight":0.0,"played":[0.0652,0.9348],"evs":[0.0,10.93975]},"AQs":{"weight":0.0,"played":[0.0958,0.9042],"evs":[0.0,15.3824]},"AKs":{"weight":0.0,"played":[0.0,1.0],"evs":[0.0,19.28263]},"AA":{"weight":0.0,"played":[0.0,1.0],"evs":[0.0,27.57534]}}}