{"player":2,"street":0,"children":2,"sequence":[{"player":0,"type":"F","amount":0,"street":0},{"player":1,"type":"R","amount":305000,"street":0},{"player":2,"type":"C","amount":305000,"street":0},{"player":3,"type":"R","amount":2055000,"street":0},{"player":4,"type":"C","amount":1955000,"street":0}],"actions":[{"type":"F","amount":0},{"type":"C","amount":1260000}],"hands":{"22":{"weight":0.027,"played":[0.38,0.62],"evs":[0.0,-0.13138]},"32o":{"weight":0.0,"played":[1.0,0.0],"evs":[0.0,-4.64541]},"42o":{"weight":0.0,"played":[1.0,0.0],"evs":[0.0,-4.30618]},"52o":{"weight":0.0,"played":[1.0,0.0],"evs":[0.0,-3.94216]},"62o":{"weight":0.0,"played":[1.0,0.0],"evs":[0.0,-4.23562]},"72o":{"weight":0.0,"played":[1.0,0.0],"evs":[0.0,-5.12084]},"82o":{"weight":0.0,"played":[1.0,0.0],"evs":[0.0,-4.7143]},"92o":{"weight":0.0,"played":[1.0,0.0],"evs":[0.0,-4.64867]},"T2o":{"weight":0.0,"played":[1.0,0.0],"evs":[0.0,-4.7266]},"J2o":{"weight":0.0,"played":[1.0,0.0],"evs":[0.0,-4.35158]},"Q2o":{"weight":0.0,"played":[1.0,0.0],"evs":[0.0,-4.01961]},"K2o":{"weight":0.0,"played":[1.0,0.0],"evs":[0.0,-3.35708]},"A2o":{"weight":0.0288,"played":[1.0,0.0],"evs":[0.0,-4.82232]},"32s":{"weight":0.0,"played":[0.9999,1.0E-4],"evs":[0.0,-2.1064]},"33":{"weight":0.0,"played":[0.0,1.0],"evs":[0.0,0.36013]},"43o":{"weight":0.0,"played":[1.0,0.0],"evs":[0.0,-3.40066]},"53o":{"weight":0.0,"played":[1.0,0.0],"evs":[0.0,-3.10813]},"63o":{"weight":0.0,"played":[1.0,0.0],"evs":[0.0,-3.50189]},"73o":{"weight":0.0,"played":[1.0,0.0],"evs":[0.0,-4.07266]},"83o":{"weight":0.0,"played":[1.0,0.0],"evs":[0.0,-4.79127]},"93o":{"weight":0.0,"played":[1.0,0.0],"evs":[0.0,-4.34123]},"T3o":{"weight":0.0,"played":[1.0,0.0],"evs":[0.0,-4.71082]},"J3o":{"weight":0.0,"played":[1.0,0.0],"evs":[0.0,-4.12453]},"Q3o":{"weight":0.0,"played":[1.0,0.0],"evs":[0.0,-3.76858]},"K3o":{"weight":0.0,"played":[1.0,0.0],"evs":[0.0,-3.36415]},"A3o":{"weight":8.0E-4,"played":[0.9999,1.0E-4],"evs":[0.0,-4.6343]},"42s":{"weight":0.0,"played":[0.9998,2.0E-4],"evs":[0.0,-1.85963]},"43s":{"weight":0.0,"played":[0.9859,0.0141],"evs":[0.0,-1.1377]},"44":{"weight":0.0,"played":[0.0,1.0],"evs":[0.0,1.06358]},"54o":{"weight":0.0,"played":[0.9991,9.0E-4],"evs":[0.0,-1.95708]},"64o":{"weight":0.0,"played":[1.0,0.0],"evs":[0.0,-2.36288]},"74o":{"weight":0.0,"played":[1.0,0.0],"evs":[0.0,-3.09009]},"84o":{"weight":0.0,"played":[1.0,0.0],"evs":[0.0,-3.8032]},"94o":{"weight":0.0,"played":[1.0,0.0],"evs":[0.0,-4.07573]},"T4o":{"weight":0.0,"played":[1.0,0.0],"evs":[0.0,-4.23037]},"J4o":{"weight":0.0,"played":[1.0,0.0],"evs":[0.0,-3.9614]},"Q4o":{"weight":0.0,"played":[0.9999,1.0E-4],"evs":[0.0,-3.45821]},"K4o":{"weight":0.0,"played":[0.9999,1.0E-4],"evs":[0.0,-3.01856]},"A4o":{"weight":0.0,"played":[0.9999,1.0E-4],"evs":[0.0,-4.24023]},"52s":{"weight":0.0,"played":[1.0,0.0],"evs":[0.0,-1.48359]},"53s":{"weight":0.0,"played":[0.9596,0.0404],"evs":[0.0,-0.47132]},"54s":{"weight":0.0,"played":[0.914,0.086],"evs":[0.0,-0.45655]},"55":{"weight":0.0,"played":[0.0,1.0],"evs":[0.0,1.73073]},"65o":{"weight":0.0,"played":[1.0,0.0],"evs":[0.0,-1.18633]},"75o":{"weight":0.0,"played":[0.9999,1.0E-4],"evs":[0.0,-2.02801]},"85o":{"weight":0.0,"played":[1.0,0.0],"evs":[0.0,-2.80249]},"95o":{"weight":0.0,"played":[1.0,0.0],"evs":[0.0,-3.20135]},"T5o":{"weight":0.0,"played":[1.0,0.0],"evs":[0.0,-3.98363]},"J5o":{"weight":0.0,"played":[1.0,0.0],"evs":[0.0,-3.61442]},"Q5o":{"weight":0.0,"played":[1.0,0.0],"evs":[0.0,-3.13343]},"K5o":{"weight":0.0,"played":[0.9999,1.0E-4],"evs":[0.0,-2.73572]},"A5o":{"weight":2.0E-4,"played":[0.9999,1.0E-4],"evs":[0.0,-3.69562]},"62s":{"weight":0.0,"played":[0.9984,0.0016],"evs":[0.0,-1.86162]},"63s":{"weight":0.0,"played":[0.9993,7.0E-4],"evs":[0.0,-1.02409]},"64s":{"weight":0.0,"played":[0.8414,0.1586],"evs":[0.0,-0.75704]},"65s":{"weight":0.0,"played":[0.1182,0.8818],"evs":[0.0,1.29904]},"66":{"weight":0.0,"played":[0.0,1.0],"evs":[0.0,2.7671]},"76o":{"weight":0.0,"played":[1.0,0.0],"evs":[0.0,-1.14536]},"86o":{"weight":0.0,"played":[1.0,0.0],"evs":[0.0,-1.60004]},"96o":{"weight":0.0,"played":[1.0,0.0],"evs":[0.0,-2.38821]},"T6o":{"weight":0.0,"played":[1.0,0.0],"evs":[0.0,-3.01708]},"J6o":{"weight":0.0,"played":[1.0,0.0],"evs":[0.0,-3.2613]},"Q6o":{"weight":0.0,"played":[0.9999,1.0E-4],"evs":[0.0,-2.72138]},"K6o":{"weight":0.0,"played":[1.0,0.0],"evs":[0.0,-2.4046]},"A6o":{"weight":6.0E-4,"played":[0.9999,1.0E-4],"evs":[0.0,-4.41542]},"72s":{"weight":0.0,"played":[1.0,0.0],"evs":[0.0,-3.06024]},"73s":{"weight":0.0,"played":[1.0,0.0],"evs":[0.0,-1.61313]},"74s":{"weight":0.0,"played":[0.9922,0.0078],"evs":[0.0,-0.88444]},"75s":{"weight":0.0,"played":[0.7954,0.2046],"evs":[0.0,-0.42767]},"76s":{"weight":0.0,"played":[9.0E-4,0.9991],"evs":[0.0,0.92301]},"77":{"weight":0.0,"played":[0.0,1.0],"evs":[0.0,4.35178]},"87o":{"weight":0.0,"played":[1.0,0.0],"evs":[0.0,-1.43587]},"97o":{"weight":0.0,"played":[0.9999,1.0E-4],"evs":[0.0,-1.73215]},"T7o":{"weight":0.0,"played":[1.0,0.0],"evs":[0.0,-2.33671]},"J7o":{"weight":0.0,"played":[1.0,0.0],"evs":[0.0,-2.53719]},"Q7o":{"weight":0.0,"played":[1.0,0.0],"evs":[0.0,-2.54129]},"K7o":{"weight":0.0,"played":[0.9999,1.0E-4],"evs":[0.0,-1.97437]},"A7o":{"weight":0.0,"played":[0.9999,1.0E-4],"evs":[0.0,-3.84568]},"82s":{"weight":0.0,"played":[0.9999,1.0E-4],"evs":[0.0,-2.25906]},"83s":{"weight":0.0,"played":[0.9997,3.0E-4],"evs":[0.0,-2.79788]},"84s":{"weight":0.0,"played":[0.9992,8.0E-4],"evs":[0.0,-1.81373]},"85s":{"weight":0.0,"played":[0.9664,0.0336],"evs":[0.0,-1.23195]},"86s":{"weight":0.0,"played":[3.0E-4,0.9997],"evs":[0.0,0.5066]},"87s":{"weight":0.0,"played":[3.0E-4,0.9997],"evs":[0.0,1.09332]},"88":{"weight":1.0E-4,"played":[0.0,1.0],"evs":[0.0,5.93497]},"98o":{"weight":0.0,"played":[0.9987,0.0013],"evs":[0.0,-0.8803]},"T8o":{"weight":0.0,"played":[0.9994,6.0E-4],"evs":[0.0,-1.39538]},"J8o":{"weight":0.0,"played":[1.0,0.0],"evs":[0.0,-1.60151]},"Q8o":{"weight":0.0,"played":[0.9991,9.0E-4],"evs":[0.0,-1.72906]},"K8o":{"weight":0.0,"played":[0.9999,1.0E-4],"evs":[0.0,-1.72648]},"A8o":{"weight":0.0,"played":[0.9998,2.0E-4],"evs":[0.0,-3.48036]},"92s":{"weight":0.0,"played":[1.0,0.0],"evs":[0.0,-2.22506]},"93s":{"weight":0.0,"played":[0.9994,6.0E-4],"evs":[0.0,-1.96143]},"94s":{"weight":0.0,"played":[0.9999,1.0E-4],"evs":[0.0,-1.85589]},"95s":{"weight":0.0,"played":[0.9984,0.0016],"evs":[0.0,-1.12851]},"96s":{"weight":0.0,"played":[0.1003,0.8997],"evs":[0.0,-0.11319]},"97s":{"weight":0.0,"played":[0.0249,0.9751],"evs":[0.0,1.18146]},"98s":{"weight":0.0,"played":[0.0041,0.9959],"evs":[0.0,1.29233]},"99":{"weight":0.0,"played":[0.0,1.0],"evs":[0.0,7.22864]},"T9o":{"weight":0.0,"played":[0.9789,0.0211],"evs":[0.0,-0.51714]},"J9o":{"weight":0.0,"played":[0.9955,0.0045],"evs":[0.0,-0.83421]},"Q9o":{"weight":0.0,"played":[0.9999,1.0E-4],"evs":[0.0,-0.61906]},"K9o":{"weight":0.0097,"played":[0.9985,0.0015],"evs":[0.0,-0.98885]},"A9o":{"weight":0.0,"played":[0.9988,0.0012],"evs":[0.0,-2.51733]},"T2s":{"weight":0.0,"played":[1.0,0.0],"evs":[0.0,-2.14408]},"T3s":{"weight":0.0,"played":[0.9986,0.0014],"evs":[0.0,-2.28474]},"T4s":{"weight":0.0,"played":[0.9997,3.0E-4],"evs":[0.0,-1.71687]},"T5s":{"weight":0.0,"played":[1.0,0.0],"evs":[0.0,-1.51166]},"T6s":{"weight":0.0,"played":[0.9978,0.0022],"evs":[0.0,-0.83808]},"T7s":{"weight":0.0,"played":[0.3509,0.6491],"evs":[0.0,-0.15489]},"T8s":{"weight":0.0,"played":[3.0E-4,0.9997],"evs":[0.0,1.02496]},"T9s":{"weight":0.2388,"played":[8.0E-4,0.9992],"evs":[0.0,1.44229]},"TT":{"weight":0.0,"played":[0.0,1.0],"evs":[0.0,9.45243]},"JTo":{"weight":0.0044,"played":[0.8222,0.1778],"evs":[0.0,-0.21263]},"QTo":{"weight":8.0E-4,"played":[0.6811,0.3189],"evs":[0.0,-0.37992]},"KTo":{"weight":0.0,"played":[0.465,0.535],"evs":[0.0,-0.12122]},"ATo":{"weight":0.0,"played":[0.9837,0.0163],"evs":[0.0,-0.74812]},"J2s":{"weight":0.0,"played":[1.0,0.0],"evs":[0.0,-1.97782]},"J3s":{"weight":0.0,"played":[0.9968,0.0032],"evs":[0.0,-1.99413]},"J4s":{"weight":0.0,"played":[0.9998,2.0E-4],"evs":[0.0,-1.62389]},"J5s":{"weight":0.0,"played":[0.9864,0.0136],"evs":[0.0,-1.29817]},"J6s":{"weight":0.0,"played":[0.9983,0.0017],"evs":[0.0,-1.24296]},"J7s":{"weight":0.0,"played":[0.8878,0.1122],"evs":[0.0,-0.39199]},"J8s":{"weight":1.0E-4,"played":[0.2682,0.7318],"evs":[0.0,0.23422]},"J9s":{"weight":0.015,"played":[1.0E-4,0.9999],"evs":[0.0,1.2112]},"JTs":{"weight":0.0026,"played":[1.0E-4,0.9999],"evs":[0.0,2.04572]},"JJ":{"weight":0.0,"played":[0.0,1.0],"evs":[0.0,13.46263]},"QJo":{"weight":0.0,"played":[0.0015,0.9985],"evs":[0.0,0.4401]},"KJo":{"weight":0.0,"played":[0.0118,0.9882],"evs":[0.0,0.54443]},"AJo":{"weight":0.0,"played":[0.0,1.0],"evs":[0.0,1.31229]},"Q2s":{"weight":0.0,"played":[0.9998,2.0E-4],"evs":[0.0,-1.22287]},"Q3s":{"weight":0.0,"played":[0.9995,5.0E-4],"evs":[0.0,-1.27082]},"Q4s":{"weight":0.0,"played":[0.8943,0.1057],"evs":[0.0,-0.68222]},"Q5s":{"weight":0.0,"played":[0.9853,0.0147],"evs":[0.0,-0.68094]},"Q6s":{"weight":0.0,"played":[0.9441,0.0559],"evs":[0.0,-0.48714]},"Q7s":{"weight":0.0,"played":[0.9602,0.0398],"evs":[0.0,-0.38389]},"Q8s":{"weight":3.0E-4,"played":[0.5822,0.4178],"evs":[0.0,0.42286]},"Q9s":{"weight":0.0045,"played":[4.0E-4,0.9996],"evs":[0.0,1.10241]},"QTs":{"weight":0.0206,"played":[0.0,1.0],"evs":[0.0,1.90047]},"QJs":{"weight":0.0188,"played":[2.0E-4,0.9998],"evs":[0.0,2.90937]},"QQ":{"weight":0.0,"played":[0.0,1.0],"evs":[0.0,16.47886]},"KQo":{"weight":0.0,"played":[0.0,1.0],"evs":[0.0,1.74952]},"AQo":{"weight":0.0,"played":[0.0,1.0],"evs":[0.0,3.97397]},"K2s":{"weight":0.0,"played":[0.9866,0.0134],"evs":[0.0,-0.8717]},"K3s":{"weight":0.0,"played":[0.9999,1.0E-4],"evs":[0.0,-0.79408]},"K4s":{"weight":0.0,"played":[0.9858,0.0142],"evs":[0.0,-0.25759]},"K5s":{"weight":0.0,"played":[0.443,0.557],"evs":[0.0,-0.13183]},"K6s":{"weight":0.015,"played":[0.299,0.701],"evs":[0.0,0.32608]},"K7s":{"weight":0.0231,"played":[0.0249,0.9751],"evs":[0.0,0.52524]},"K8s":{"weight":5.0E-4,"played":[0.0082,0.9918],"evs":[0.0,0.05967]},"K9s":{"weight":1.0E-4,"played":[0.0025,0.9975],"evs":[0.0,1.44064]},"KTs":{"weight":0.0122,"played":[0.0025,0.9975],"evs":[0.0,2.18956]},"KJs":{"weight":0.0,"played":[0.0,1.0],"evs":[0.0,2.83518]},"KQs":{"weight":0.0,"played":[0.0,1.0],"evs":[0.0,3.7847]},"KK":{"weight":3.0E-4,"played":[0.0,1.0],"evs":[0.0,20.77527]},"AKo":{"weight":0.0,"played":[0.0,1.0],"evs":[0.0,6.80489]},"A2s":{"weight":0.0024,"played":[0.9998,2.0E-4],"evs":[0.0,-1.96989]},"A3s":{"weight":0.0,"played":[0.9995,5.0E-4],"evs":[0.0,-2.21148]},"A4s":{"weight":0.0,"played":[0.9956,0.0044],"evs":[0.0,-2.13109]},"A5s":{"weight":0.0,"played":[0.992,0.008],"evs":[0.0,-0.96809]},"A6s":{"weight":0.0,"played":[0.9717,0.0283],"evs":[0.0,-1.93134]},"A7s":{"weight":0.0,"played":[0.9985,0.0015],"evs":[0.0,-2.16315]},"A8s":{"weight":0.0,"played":[0.9665,0.0335],"evs":[0.0,-0.71426]},"A9s":{"weight":0.0,"played":[0.0621,0.9379],"evs":[0.0,-0.06811]},"ATs":{"weight":0.0,"played":[0.0,1.0],"evs":[0.0,1.69164]},"AJs":{"weight":0.0,"played":[0.0,1.0],"evs":[0.0,4.20145]},"AQs":{"weight":0.0,"played":[0.0,1.0],"evs":[0.0,5.98607]},"AKs":{"weight":0.0,"played":[0.0,1.0],"evs":[0.0,8.33602]},"AA":{"weight":0.1407,"played":[0.0,1.0],"evs":[0.0,28.20726]}}}