{"player":4,"street":0,"children":2,"sequence":[{"player":0,"type":"F","amount":0,"street":0},{"player":1,"type":"R","amount":305000,"street":0},{"player":2,"type":"R","amount":1565000,"street":0},{"player":3,"type":"F","amount":0,"street":0}],"actions":[{"type":"F","amount":0},{"type":"C","amount":1465000}],"hands":{"22":{"weight":1.0,"played":[0.0,1.0],"evs":[0.0,1.74061]},"32o":{"weight":1.0,"played":[1.0,0.0],"evs":[0.0,-5.04467]},"42o":{"weight":1.0,"played":[1.0,0.0],"evs":[0.0,-4.72997]},"52o":{"weight":1.0,"played":[1.0,0.0],"evs":[0.0,-4.32877]},"62o":{"weight":1.0,"played":[1.0,0.0],"evs":[0.0,-4.92515]},"72o":{"weight":1.0,"played":[1.0,0.0],"evs":[0.0,-5.22746]},"82o":{"weight":1.0,"played":[1.0,0.0],"evs":[0.0,-5.03104]},"92o":{"weight":1.0,"played":[1.0,0.0],"evs":[0.0,-5.0191]},"T2o":{"weight":1.0,"played":[1.0,0.0],"evs":[0.0,-4.70925]},"J2o":{"weight":1.0,"played":[1.0,0.0],"evs":[0.0,-4.39301]},"Q2o":{"weight":1.0,"played":[1.0,0.0],"evs":[0.0,-4.0279]},"K2o":{"weight":1.0,"played":[1.0,0.0],"evs":[0.0,-3.17607]},"A2o":{"weight":1.0,"played":[0.0055,0.9945],"evs":[0.0,0.0941]},"32s":{"weight":1.0,"played":[1.0,0.0],"evs":[0.0,-3.24808]},"33":{"weight":1.0,"played":[0.0,1.0],"evs":[0.0,2.7048]},"43o":{"weight":1.0,"played":[1.0,0.0],"evs":[0.0,-3.86249]},"53o":{"weight":1.0,"played":[1.0,0.0],"evs":[0.0,-3.44622]},"63o":{"weight":1.0,"played":[1.0,0.0],"evs":[0.0,-4.01051]},"73o":{"weight":1.0,"played":[1.0,0.0],"evs":[0.0,-4.40871]},"83o":{"weight":1.0,"played":[1.0,0.0],"evs":[0.0,-4.91264]},"93o":{"weight":1.0,"played":[1.0,0.0],"evs":[0.0,-4.70231]},"T3o":{"weight":1.0,"played":[1.0,0.0],"evs":[0.0,-4.3651]},"J3o":{"weight":1.0,"played":[1.0,0.0],"evs":[0.0,-4.11261]},"Q3o":{"weight":1.0,"played":[1.0,0.0],"evs":[0.0,-3.7438]},"K3o":{"weight":1.0,"played":[1.0,0.0],"evs":[0.0,-2.88128]},"A3o":{"weight":1.0,"played":[0.0,1.0],"evs":[0.0,0.47909]},"42s":{"weight":1.0,"played":[1.0,0.0],"evs":[0.0,-2.83412]},"43s":{"weight":1.0,"played":[1.0,0.0],"evs":[0.0,-2.03783]},"44":{"weight":1.0,"played":[0.0,1.0],"evs":[0.0,3.72994]},"54o":{"weight":1.0,"played":[1.0,0.0],"evs":[0.0,-2.64082]},"64o":{"weight":1.0,"played":[1.0,0.0],"evs":[0.0,-3.14802]},"74o":{"weight":1.0,"played":[1.0,0.0],"evs":[0.0,-3.59085]},"84o":{"weight":1.0,"played":[1.0,0.0],"evs":[0.0,-3.99246]},"94o":{"weight":1.0,"played":[1.0,0.0],"evs":[0.0,-4.54075]},"T4o":{"weight":1.0,"played":[1.0,0.0],"evs":[0.0,-4.1037]},"J4o":{"weight":1.0,"played":[1.0,0.0],"evs":[0.0,-3.75948]},"Q4o":{"weight":1.0,"played":[1.0,0.0],"evs":[0.0,-3.43674]},"K4o":{"weight":1.0,"played":[1.0,0.0],"evs":[0.0,-2.56122]},"A4o":{"weight":1.0,"played":[0.0,1.0],"evs":[0.0,0.79923]},"52s":{"weight":1.0,"played":[1.0,0.0],"evs":[0.0,-2.56678]},"53s":{"weight":1.0,"played":[1.0,0.0],"evs":[0.0,-1.74075]},"54s":{"weight":1.0,"played":[1.0,0.0],"evs":[0.0,-1.00982]},"55":{"weight":1.0,"played":[0.0,1.0],"evs":[0.0,4.73857]},"65o":{"weight":1.0,"played":[1.0,0.0],"evs":[0.0,-2.34402]},"75o":{"weight":1.0,"played":[1.0,0.0],"evs":[0.0,-2.72509]},"85o":{"weight":1.0,"played":[1.0,0.0],"evs":[0.0,-3.15961]},"95o":{"weight":1.0,"played":[1.0,0.0],"evs":[0.0,-3.64382]},"T5o":{"weight":1.0,"played":[1.0,0.0],"evs":[0.0,-3.87202]},"J5o":{"weight":1.0,"played":[1.0,0.0],"evs":[0.0,-3.45314]},"Q5o":{"weight":1.0,"played":[1.0,0.0],"evs":[0.0,-3.08357]},"K5o":{"weight":1.0,"played":[1.0,0.0],"evs":[0.0,-2.19718]},"A5o":{"weight":1.0,"played":[0.0,1.0],"evs":[0.0,1.36186]},"62s":{"weight":1.0,"played":[1.0,0.0],"evs":[0.0,-3.07312]},"63s":{"weight":1.0,"played":[1.0,0.0],"evs":[0.0,-2.2323]},"64s":{"weight":1.0,"played":[1.0,0.0],"evs":[0.0,-1.27912]},"65s":{"weight":1.0,"played":[1.0,0.0],"evs":[0.0,-0.60005]},"66":{"weight":1.0,"played":[0.0,1.0],"evs":[0.0,5.72614]},"76o":{"weight":1.0,"played":[1.0,0.0],"evs":[0.0,-1.98536]},"86o":{"weight":1.0,"played":[1.0,0.0],"evs":[0.0,-2.359]},"96o":{"weight":1.0,"played":[1.0,0.0],"evs":[0.0,-2.94451]},"T6o":{"weight":1.0,"played":[1.0,0.0],"evs":[0.0,-3.14896]},"J6o":{"weight":1.0,"played":[1.0,0.0],"evs":[0.0,-3.37395]},"Q6o":{"weight":1.0,"played":[1.0,0.0],"evs":[0.0,-2.79306]},"K6o":{"weight":1.0,"played":[1.0,0.0],"evs":[0.0,-1.91888]},"A6o":{"weight":1.0,"played":[0.0,1.0],"evs":[0.0,1.4237]},"72s":{"weight":1.0,"played":[1.0,0.0],"evs":[0.0,-3.39674]},"73s":{"weight":1.0,"played":[1.0,0.0],"evs":[0.0,-2.58867]},"74s":{"weight":1.0,"played":[1.0,0.0],"evs":[0.0,-1.80236]},"75s":{"weight":1.0,"played":[1.0,0.0],"evs":[0.0,-0.95788]},"76s":{"weight":1.0,"played":[0.9952,0.0048],"evs":[0.0,-0.31994]},"77":{"weight":1.0,"played":[0.0,1.0],"evs":[0.0,6.68284]},"87o":{"weight":1.0,"played":[1.0,0.0],"evs":[0.0,-1.72434]},"97o":{"weight":1.0,"played":[1.0,0.0],"evs":[0.0,-2.17111]},"T7o":{"weight":1.0,"played":[1.0,0.0],"evs":[0.0,-2.44855]},"J7o":{"weight":1.0,"played":[1.0,0.0],"evs":[0.0,-2.63142]},"Q7o":{"weight":1.0,"played":[1.0,0.0],"evs":[0.0,-2.77751]},"K7o":{"weight":1.0,"played":[1.0,0.0],"evs":[0.0,-1.61946]},"A7o":{"weight":1.0,"played":[0.0,1.0],"evs":[0.0,2.34897]},"82s":{"weight":1.0,"played":[1.0,0.0],"evs":[0.0,-3.15426]},"83s":{"weight":1.0,"played":[1.0,0.0],"evs":[0.0,-3.07408]},"84s":{"weight":1.0,"played":[1.0,0.0],"evs":[0.0,-2.14954]},"85s":{"weight":1.0,"played":[1.0,0.0],"evs":[0.0,-1.29694]},"86s":{"weight":1.0,"played":[1.0,0.0],"evs":[0.0,-0.63028]},"87s":{"weight":1.0,"played":[0.9606,0.0394],"evs":[0.0,-0.10716]},"88":{"weight":1.0,"played":[0.0,1.0],"evs":[0.0,7.69259]},"98o":{"weight":1.0,"played":[1.0,0.0],"evs":[0.0,-1.61205]},"T8o":{"weight":1.0,"played":[1.0,0.0],"evs":[0.0,-1.78091]},"J8o":{"weight":1.0,"played":[1.0,0.0],"evs":[0.0,-1.93954]},"Q8o":{"weight":1.0,"played":[1.0,0.0],"evs":[0.0,-2.04926]},"K8o":{"weight":1.0,"played":[1.0,0.0],"evs":[0.0,-1.37142]},"A8o":{"weight":1.0,"played":[0.0,1.0],"evs":[0.0,3.26509]},"92s":{"weight":1.0,"played":[1.0,0.0],"evs":[0.0,-3.06548]},"93s":{"weight":1.0,"played":[1.0,0.0],"evs":[0.0,-2.90028]},"94s":{"weight":1.0,"played":[1.0,0.0],"evs":[0.0,-2.57987]},"95s":{"weight":1.0,"played":[1.0,0.0],"evs":[0.0,-1.89611]},"96s":{"weight":1.0,"played":[0.9998,2.0E-4],"evs":[0.0,-1.17869]},"97s":{"weight":1.0,"played":[0.9995,5.0E-4],"evs":[0.0,-0.53549]},"98s":{"weight":1.0,"played":[0.0018,0.9982],"evs":[0.0,0.05289]},"99":{"weight":1.0,"played":[0.0,1.0],"evs":[0.0,9.16221]},"T9o":{"weight":1.0,"played":[1.0,0.0],"evs":[0.0,-1.21087]},"J9o":{"weight":1.0,"played":[1.0,0.0],"evs":[0.0,-1.32382]},"Q9o":{"weight":1.0,"played":[1.0,0.0],"evs":[0.0,-1.34292]},"K9o":{"weight":1.0,"played":[0.9999,1.0E-4],"evs":[0.0,-0.31932]},"A9o":{"weight":1.0,"played":[0.0,1.0],"evs":[0.0,4.58398]},"T2s":{"weight":1.0,"played":[1.0,0.0],"evs":[0.0,-2.85305]},"T3s":{"weight":1.0,"played":[1.0,0.0],"evs":[0.0,-2.48702]},"T4s":{"weight":1.0,"played":[1.0,0.0],"evs":[0.0,-2.29915]},"T5s":{"weight":1.0,"played":[1.0,0.0],"evs":[0.0,-1.99535]},"T6s":{"weight":1.0,"played":[1.0,0.0],"evs":[0.0,-1.39052]},"T7s":{"weight":1.0,"played":[0.9999,1.0E-4],"evs":[0.0,-0.72918]},"T8s":{"weight":1.0,"played":[0.7399,0.2601],"evs":[0.0,-0.08136]},"T9s":{"weight":1.0,"played":[0.0,1.0],"evs":[0.0,0.58611]},"TT":{"weight":1.0,"played":[0.0,1.0],"evs":[0.0,11.04669]},"JTo":{"weight":1.0,"played":[0.9999,1.0E-4],"evs":[0.0,-0.1704]},"QTo":{"weight":1.0,"played":[0.6666,0.3334],"evs":[0.0,0.01863]},"KTo":{"weight":1.0,"played":[0.0,1.0],"evs":[0.0,1.39039]},"ATo":{"weight":1.0,"played":[0.0,1.0],"evs":[0.0,6.56204]},"J2s":{"weight":1.0,"played":[1.0,0.0],"evs":[0.0,-2.52895]},"J3s":{"weight":1.0,"played":[1.0,0.0],"evs":[0.0,-2.26]},"J4s":{"weight":1.0,"played":[1.0,0.0],"evs":[0.0,-1.88992]},"J5s":{"weight":1.0,"played":[1.0,0.0],"evs":[0.0,-1.6455]},"J6s":{"weight":1.0,"played":[1.0,0.0],"evs":[0.0,-1.56585]},"J7s":{"weight":1.0,"played":[1.0,0.0],"evs":[0.0,-0.81792]},"J8s":{"weight":1.0,"played":[0.9561,0.0439],"evs":[0.0,-0.19092]},"J9s":{"weight":1.0,"played":[0.0,1.0],"evs":[0.0,0.39712]},"JTs":{"weight":1.0,"played":[0.0,1.0],"evs":[0.0,1.39789]},"JJ":{"weight":1.0,"played":[0.0,1.0],"evs":[0.0,12.825]},"QJo":{"weight":1.0,"played":[0.0,1.0],"evs":[0.0,0.85302]},"KJo":{"weight":1.0,"played":[0.0,1.0],"evs":[0.0,2.3316]},"AJo":{"weight":1.0,"played":[0.0,1.0],"evs":[0.0,7.78901]},"Q2s":{"weight":1.0,"played":[1.0,0.0],"evs":[0.0,-2.19824]},"Q3s":{"weight":1.0,"played":[1.0,0.0],"evs":[0.0,-1.90243]},"Q4s":{"weight":1.0,"played":[1.0,0.0],"evs":[0.0,-1.61844]},"Q5s":{"weight":1.0,"played":[0.9999,1.0E-4],"evs":[0.0,-1.3236]},"Q6s":{"weight":1.0,"played":[1.0,0.0],"evs":[0.0,-1.05834]},"Q7s":{"weight":1.0,"played":[1.0,0.0],"evs":[0.0,-1.03135]},"Q8s":{"weight":1.0,"played":[0.9992,8.0E-4],"evs":[0.0,-0.3087]},"Q9s":{"weight":1.0,"played":[0.0089,0.9911],"evs":[0.0,0.23732]},"QTs":{"weight":1.0,"played":[0.0,1.0],"evs":[0.0,1.60366]},"QJs":{"weight":1.0,"played":[0.0,1.0],"evs":[0.0,2.3862]},"QQ":{"weight":1.0,"played":[0.0,1.0],"evs":[0.0,14.7078]},"KQo":{"weight":1.0,"played":[0.0,1.0],"evs":[0.0,3.32007]},"AQo":{"weight":1.0,"played":[0.0,1.0],"evs":[0.0,9.08938]},"K2s":{"weight":1.0,"played":[1.0,0.0],"evs":[0.0,-1.39219]},"K3s":{"weight":1.0,"played":[1.0,0.0],"evs":[0.0,-1.04242]},"K4s":{"weight":1.0,"played":[1.0,0.0],"evs":[0.0,-0.72193]},"K5s":{"weight":1.0,"played":[0.9992,8.0E-4],"evs":[0.0,-0.36561]},"K6s":{"weight":1.0,"played":[0.9948,0.0052],"evs":[0.0,-0.10235]},"K7s":{"weight":1.0,"played":[0.002,0.998],"evs":[0.0,0.23656]},"K8s":{"weight":1.0,"played":[3.0E-4,0.9997],"evs":[0.0,0.39082]},"K9s":{"weight":1.0,"played":[0.0,1.0],"evs":[0.0,1.38782]},"KTs":{"weight":1.0,"played":[0.0,1.0],"evs":[0.0,2.89751]},"KJs":{"weight":1.0,"played":[0.0,1.0],"evs":[0.0,3.87405]},"KQs":{"weight":1.0,"played":[0.0,1.0],"evs":[0.0,4.77657]},"KK":{"weight":1.0,"played":[0.0,1.0],"evs":[0.0,17.07538]},"AKo":{"weight":1.0,"played":[0.0,1.0],"evs":[0.0,10.56596]},"A2s":{"weight":1.0,"played":[0.0,1.0],"evs":[0.0,1.88865]},"A3s":{"weight":1.0,"played":[0.0,1.0],"evs":[0.0,2.1982]},"A4s":{"weight":1.0,"played":[0.0,1.0],"evs":[0.0,2.39899]},"A5s":{"weight":1.0,"played":[0.0,1.0],"evs":[0.0,2.94251]},"A6s":{"weight":1.0,"played":[0.0,1.0],"evs":[0.0,3.02464]},"A7s":{"weight":1.0,"played":[0.0,1.0],"evs":[0.0,3.92826]},"A8s":{"weight":1.0,"played":[0.0,1.0],"evs":[0.0,4.7437]},"A9s":{"weight":1.0,"played":[0.0,1.0],"evs":[0.0,5.95977]},"ATs":{"weight":1.0,"played":[0.0,1.0],"evs":[0.0,7.76038]},"AJs":{"weight":1.0,"played":[0.0,1.0],"evs":[0.0,9.04978]},"AQs":{"weight":1.0,"played":[0.0,1.0],"evs":[0.0,10.08429]},"AKs":{"weight":1.0,"played":[0.0,1.0],"evs":[0.0,11.48028]},"AA":{"weight":1.0,"played":[0.0,1.0],"evs":[0.0,22.4491]}}}