{"player":4,"street":0,"children":3,"sequence":[{"player":0,"type":"R","amount":200000,"street":0},{"player":1,"type":"F","amount":0,"street":0},{"player":2,"type":"C","amount":200000,"street":0},{"player":3,"type":"F","amount":0,"street":0}],"actions":[{"type":"F","amount":0},{"type":"C","amount":100000},{"type":"R","amount":1995000,"node":59}],"hands":{"22":{"weight":1.0,"played":[5.0E-4,0.9947,0.0048],"evs":[0.0,1.48516,0.72802]},"32o":{"weight":1.0,"played":[1.0,0.0,0.0],"evs":[0.0,-0.05603,-3.09988]},"42o":{"weight":1.0,"played":[1.0,0.0,0.0],"evs":[0.0,-0.07323,-2.93485]},"52o":{"weight":1.0,"played":[1.0,0.0,0.0],"evs":[0.0,-0.08703,-2.48287]},"62o":{"weight":1.0,"played":[1.0,0.0,0.0],"evs":[0.0,-0.14294,-2.75699]},"72o":{"weight":1.0,"played":[1.0,0.0,0.0],"evs":[0.0,-0.2727,-2.79699]},"82o":{"weight":1.0,"played":[1.0,0.0,0.0],"evs":[0.0,-0.25512,-2.67271]},"92o":{"weight":1.0,"played":[1.0,0.0,0.0],"evs":[0.0,-0.32934,-2.81042]},"T2o":{"weight":1.0,"played":[1.0,0.0,0.0],"evs":[0.0,-0.43734,-3.02604]},"J2o":{"weight":1.0,"played":[1.0,0.0,0.0],"evs":[0.0,-0.41555,-2.78484]},"Q2o":{"weight":1.0,"played":[1.0,0.0,0.0],"evs":[0.0,-0.24864,-2.20116]},"K2o":{"weight":1.0,"played":[0.9974,0.0026,0.0],"evs":[0.0,-0.07554,-1.50548]},"A2o":{"weight":1.0,"played":[0.5512,0.4488,0.0],"evs":[0.0,-0.00891,-0.36311]},"32s":{"weight":1.0,"played":[0.0785,0.9215,0.0],"evs":[0.0,0.39874,-1.85719]},"33":{"weight":1.0,"played":[0.0,0.9969,0.0031],"evs":[0.0,1.63037,0.94557]},"43o":{"weight":1.0,"played":[0.4468,0.5532,0.0],"evs":[0.0,0.03195,-2.2209]},"53o":{"weight":1.0,"played":[0.0516,0.9484,0.0],"evs":[0.0,0.20136,-2.03154]},"63o":{"weight":1.0,"played":[0.1645,0.8355,0.0],"evs":[0.0,0.12674,-1.989]},"73o":{"weight":1.0,"played":[1.0,0.0,0.0],"evs":[0.0,-0.07835,-2.50871]},"83o":{"weight":1.0,"played":[1.0,0.0,0.0],"evs":[0.0,-0.26162,-2.86008]},"93o":{"weight":1.0,"played":[1.0,0.0,0.0],"evs":[0.0,-0.29088,-2.67781]},"T3o":{"weight":1.0,"played":[1.0,0.0,0.0],"evs":[0.0,-0.46222,-3.05532]},"J3o":{"weight":1.0,"played":[1.0,0.0,0.0],"evs":[0.0,-0.38831,-2.6844]},"Q3o":{"weight":1.0,"played":[1.0,0.0,0.0],"evs":[0.0,-0.19419,-2.28581]},"K3o":{"weight":1.0,"played":[1.0,0.0,0.0],"evs":[0.0,-0.17135,-1.67884]},"A3o":{"weight":1.0,"played":[0.0148,0.9852,0.0],"evs":[0.0,0.02882,-0.44157]},"42s":{"weight":1.0,"played":[0.0164,0.9829,7.0E-4],"evs":[0.0,0.32464,-1.52579]},"43s":{"weight":1.0,"played":[0.0359,0.964,1.0E-4],"evs":[0.0,0.62936,-0.8407]},"44":{"weight":1.0,"played":[2.0E-4,0.7814,0.2184],"evs":[0.0,1.73746,1.68735]},"54o":{"weight":1.0,"played":[0.0456,0.9544,0.0],"evs":[0.0,0.33245,-1.54072]},"64o":{"weight":1.0,"played":[0.0084,0.9916,0.0],"evs":[0.0,0.22278,-1.50269]},"74o":{"weight":1.0,"played":[0.5236,0.4764,0.0],"evs":[0.0,-0.02506,-2.02132]},"84o":{"weight":1.0,"played":[1.0,0.0,0.0],"evs":[0.0,-0.13146,-2.20611]},"94o":{"weight":1.0,"played":[1.0,0.0,0.0],"evs":[0.0,-0.27967,-2.69751]},"T4o":{"weight":1.0,"played":[1.0,0.0,0.0],"evs":[0.0,-0.51879,-2.83113]},"J4o":{"weight":1.0,"played":[1.0,0.0,0.0],"evs":[0.0,-0.38153,-2.64282]},"Q4o":{"weight":1.0,"played":[0.9745,0.0255,0.0],"evs":[0.0,-0.20613,-2.10271]},"K4o":{"weight":1.0,"played":[1.0,0.0,0.0],"evs":[0.0,-0.10839,-1.4693]},"A4o":{"weight":1.0,"played":[0.0114,0.9886,0.0],"evs":[0.0,0.09813,-0.33089]},"52s":{"weight":1.0,"played":[0.0742,0.9257,0.0],"evs":[0.0,0.3014,-1.21213]},"53s":{"weight":1.0,"played":[0.0122,0.9878,0.0],"evs":[0.0,0.5697,-1.03519]},"54s":{"weight":1.0,"played":[0.0044,0.9956,0.0],"evs":[0.0,0.85123,-0.10679]},"55":{"weight":1.0,"played":[0.0,2.0E-4,0.9998],"evs":[0.0,1.68974,2.60694]},"65o":{"weight":1.0,"played":[0.0106,0.9894,0.0],"evs":[0.0,0.51761,-0.93578]},"75o":{"weight":1.0,"played":[0.0386,0.9614,0.0],"evs":[0.0,0.26915,-1.03561]},"85o":{"weight":1.0,"played":[0.1126,0.8874,0.0],"evs":[0.0,0.04459,-1.73906]},"95o":{"weight":1.0,"played":[1.0,0.0,0.0],"evs":[0.0,-0.13557,-1.89338]},"T5o":{"weight":1.0,"played":[0.999,0.001,0.0],"evs":[0.0,-0.41066,-2.59106]},"J5o":{"weight":1.0,"played":[1.0,0.0,0.0],"evs":[0.0,-0.39967,-2.528]},"Q5o":{"weight":1.0,"played":[0.7758,0.2242,0.0],"evs":[0.0,-0.07613,-1.69094]},"K5o":{"weight":1.0,"played":[0.9898,0.0102,0.0],"evs":[0.0,-0.07,-1.28441]},"A5o":{"weight":1.0,"played":[0.0392,0.9002,0.0606],"evs":[0.0,0.14865,8.3E-4]},"62s":{"weight":1.0,"played":[0.0055,0.9944,0.0],"evs":[0.0,0.40393,-1.47163]},"63s":{"weight":1.0,"played":[0.01,0.99,0.0],"evs":[0.0,0.45474,-1.01132]},"64s":{"weight":1.0,"played":[7.0E-4,0.9989,4.0E-4],"evs":[0.0,0.87915,-0.38791]},"65s":{"weight":1.0,"played":[0.0026,0.9773,0.0202],"evs":[0.0,0.88223,0.23686]},"66":{"weight":1.0,"played":[0.0,1.0E-4,0.9999],"evs":[0.0,1.7351,3.31264]},"76o":{"weight":1.0,"played":[0.0029,0.9971,0.0],"evs":[0.0,0.35012,-0.61896]},"86o":{"weight":1.0,"played":[0.0192,0.9808,0.0],"evs":[0.0,0.2306,-1.02348]},"96o":{"weight":1.0,"played":[0.1112,0.8888,0.0],"evs":[0.0,0.05323,-1.17072]},"T6o":{"weight":1.0,"played":[0.9979,0.0021,0.0],"evs":[0.0,-0.22281,-1.76427]},"J6o":{"weight":1.0,"played":[1.0,0.0,0.0],"evs":[0.0,-0.33894,-1.90637]},"Q6o":{"weight":1.0,"played":[0.4189,0.5811,0.0],"evs":[0.0,0.05818,-1.24827]},"K6o":{"weight":1.0,"played":[0.9925,0.0075,0.0],"evs":[0.0,-0.01025,-0.91745]},"A6o":{"weight":1.0,"played":[6.0E-4,0.9993,0.0],"evs":[0.0,0.0753,-0.19008]},"72s":{"weight":1.0,"played":[0.0163,0.9837,0.0],"evs":[0.0,0.28677,-1.45046]},"73s":{"weight":1.0,"played":[0.0391,0.9609,0.0],"evs":[0.0,0.37853,-1.08652]},"74s":{"weight":1.0,"played":[0.0484,0.9515,1.0E-4],"evs":[0.0,0.52045,-0.16527]},"75s":{"weight":1.0,"played":[0.0082,0.9918,0.0],"evs":[0.0,0.60229,-0.21158]},"76s":{"weight":1.0,"played":[6.0E-4,0.9981,0.0013],"evs":[0.0,0.7413,0.14057]},"77":{"weight":1.0,"played":[0.0,1.0E-4,0.9999],"evs":[0.0,1.75463,3.91899]},"87o":{"weight":1.0,"played":[0.0017,0.9983,0.0],"evs":[0.0,0.25096,-0.47175]},"97o":{"weight":1.0,"played":[0.2543,0.7457,0.0],"evs":[0.0,0.17396,-0.66218]},"T7o":{"weight":1.0,"played":[0.9939,0.0061,0.0],"evs":[0.0,-0.0411,-1.30141]},"J7o":{"weight":1.0,"played":[0.9987,0.0013,0.0],"evs":[0.0,-0.12056,-1.53774]},"Q7o":{"weight":1.0,"played":[0.7045,0.2955,0.0],"evs":[0.0,-0.0661,-1.57645]},"K7o":{"weight":1.0,"played":[0.5197,0.4803,0.0],"evs":[0.0,0.00138,-0.69287]},"A7o":{"weight":1.0,"played":[0.0025,0.9743,0.0232],"evs":[0.0,0.24952,0.18536]},"82s":{"weight":1.0,"played":[0.0336,0.9664,0.0],"evs":[0.0,0.20022,-1.30938]},"83s":{"weight":1.0,"played":[0.0262,0.9738,0.0],"evs":[0.0,0.2583,-1.30409]},"84s":{"weight":1.0,"played":[0.0684,0.9316,0.0],"evs":[0.0,0.1934,-1.05003]},"85s":{"weight":1.0,"played":[0.0206,0.9792,3.0E-4],"evs":[0.0,0.49968,-0.56589]},"86s":{"weight":1.0,"played":[0.0044,0.995,6.0E-4],"evs":[0.0,0.79087,0.19535]},"87s":{"weight":1.0,"played":[0.0035,0.9855,0.011],"evs":[0.0,0.77854,0.49303]},"88":{"weight":1.0,"played":[0.0,0.0,1.0],"evs":[0.0,2.09803,4.66004]},"98o":{"weight":1.0,"played":[0.072,0.928,0.0],"evs":[0.0,0.21883,-0.4405]},"T8o":{"weight":1.0,"played":[0.6742,0.3258,0.0],"evs":[0.0,-0.02679,-0.83]},"J8o":{"weight":1.0,"played":[0.8372,0.1628,0.0],"evs":[0.0,-0.05448,-1.33261]},"Q8o":{"weight":1.0,"played":[0.7632,0.2368,0.0],"evs":[0.0,-0.03896,-1.07717]},"K8o":{"weight":1.0,"played":[0.2975,0.7025,0.0],"evs":[0.0,0.0125,-0.83815]},"A8o":{"weight":1.0,"played":[0.0,0.5244,0.4756],"evs":[0.0,0.38769,0.47211]},"92s":{"weight":1.0,"played":[0.1163,0.8837,0.0],"evs":[0.0,0.17801,-1.4991]},"93s":{"weight":1.0,"played":[0.0367,0.9633,0.0],"evs":[0.0,0.29633,-1.43321]},"94s":{"weight":1.0,"played":[0.128,0.872,0.0],"evs":[0.0,0.1652,-1.55761]},"95s":{"weight":1.0,"played":[0.0016,0.9984,0.0],"evs":[0.0,0.50235,-0.61289]},"96s":{"weight":1.0,"played":[0.0314,0.9638,0.0048],"evs":[0.0,0.59743,-0.10482]},"97s":{"weight":1.0,"played":[0.0099,0.9578,0.0322],"evs":[0.0,0.82842,0.47973]},"98s":{"weight":1.0,"played":[6.0E-4,0.3756,0.6238],"evs":[0.0,0.81254,1.12539]},"99":{"weight":1.0,"played":[0.0,0.0,1.0],"evs":[0.0,2.09705,5.80234]},"T9o":{"weight":1.0,"played":[0.702,0.298,0.0],"evs":[0.0,0.02166,-0.67679]},"J9o":{"weight":1.0,"played":[0.0867,0.9133,0.0],"evs":[0.0,-0.00341,-0.79741]},"Q9o":{"weight":1.0,"played":[0.0125,0.9875,0.0],"evs":[0.0,0.10193,-0.81062]},"K9o":{"weight":1.0,"played":[0.0439,0.9561,0.0],"evs":[0.0,0.06644,-0.48856]},"A9o":{"weight":1.0,"played":[2.0E-4,0.3268,0.673],"evs":[0.0,0.71353,0.82257]},"T2s":{"weight":1.0,"played":[0.3204,0.6796,0.0],"evs":[0.0,0.08932,-1.53381]},"T3s":{"weight":1.0,"played":[0.5962,0.4038,0.0],"evs":[0.0,0.0684,-1.51812]},"T4s":{"weight":1.0,"played":[0.1867,0.8133,0.0],"evs":[0.0,0.20309,-1.34187]},"T5s":{"weight":1.0,"played":[0.0431,0.9569,0.0],"evs":[0.0,0.2504,-1.33425]},"T6s":{"weight":1.0,"played":[0.0357,0.9643,0.0],"evs":[0.0,0.28011,-0.67666]},"T7s":{"weight":1.0,"played":[0.0012,0.9988,0.0],"evs":[0.0,0.4016,-0.11101]},"T8s":{"weight":1.0,"played":[5.0E-4,0.999,5.0E-4],"evs":[0.0,0.53751,0.11927]},"T9s":{"weight":1.0,"played":[0.0063,0.5318,0.462],"evs":[0.0,0.73216,0.62464]},"TT":{"weight":1.0,"played":[0.0,0.0,1.0],"evs":[0.0,2.2155,6.38639]},"JTo":{"weight":1.0,"played":[0.1656,0.8344,0.0],"evs":[0.0,0.07575,-0.48883]},"QTo":{"weight":1.0,"played":[0.0276,0.9724,0.0],"evs":[0.0,0.46109,-0.43295]},"KTo":{"weight":1.0,"played":[0.0027,0.9923,0.005],"evs":[0.0,0.42932,-0.18354]},"ATo":{"weight":1.0,"played":[0.0,0.0015,0.9985],"evs":[0.0,1.25171,2.11161]},"J2s":{"weight":1.0,"played":[0.0119,0.988,1.0E-4],"evs":[0.0,0.31576,-1.43762]},"J3s":{"weight":1.0,"played":[0.0638,0.9362,0.0],"evs":[0.0,0.1497,-1.30719]},"J4s":{"weight":1.0,"played":[0.0832,0.9168,0.0],"evs":[0.0,0.13801,-1.24937]},"J5s":{"weight":1.0,"played":[0.0568,0.9384,0.0048],"evs":[0.0,0.20196,-0.63889]},"J6s":{"weight":1.0,"played":[0.0196,0.9803,0.0],"evs":[0.0,0.42212,-0.4559]},"J7s":{"weight":1.0,"played":[0.0153,0.9845,2.0E-4],"evs":[0.0,0.37284,-0.24334]},"J8s":{"weight":1.0,"played":[4.0E-4,0.9995,0.0],"evs":[0.0,0.4654,0.31501]},"J9s":{"weight":1.0,"played":[2.0E-4,0.9872,0.0125],"evs":[0.0,0.503,0.36941]},"JTs":{"weight":1.0,"played":[3.0E-4,0.5838,0.4159],"evs":[0.0,0.9528,1.09566]},"JJ":{"weight":1.0,"played":[0.0,0.0,1.0],"evs":[0.0,3.40546,8.01726]},"QJo":{"weight":1.0,"played":[0.001,0.999,0.0],"evs":[0.0,0.69831,-0.03978]},"KJo":{"weight":1.0,"played":[0.0,0.9961,0.0039],"evs":[0.0,0.95746,0.66218]},"AJo":{"weight":1.0,"played":[0.0,4.0E-4,0.9996],"evs":[0.0,2.19241,3.96646]},"Q2s":{"weight":1.0,"played":[0.0031,0.9968,0.0],"evs":[0.0,0.58022,-0.77501]},"Q3s":{"weight":1.0,"played":[0.0058,0.9942,0.0],"evs":[0.0,0.39266,-0.82199]},"Q4s":{"weight":1.0,"played":[0.0059,0.994,0.0],"evs":[0.0,0.42066,-0.38675]},"Q5s":{"weight":1.0,"played":[0.0152,0.9848,0.0],"evs":[0.0,0.44558,-0.30255]},"Q6s":{"weight":1.0,"played":[0.0116,0.9884,0.0],"evs":[0.0,0.48635,-0.21094]},"Q7s":{"weight":1.0,"played":[8.0E-4,0.9992,0.0],"evs":[0.0,0.5875,-0.13698]},"Q8s":{"weight":1.0,"played":[0.0023,0.9977,0.0],"evs":[0.0,0.69992,0.1433]},"Q9s":{"weight":1.0,"played":[0.0054,0.7842,0.2104],"evs":[0.0,0.86965,0.56211]},"QTs":{"weight":1.0,"played":[7.0E-4,0.9922,0.0071],"evs":[0.0,1.28628,0.97879]},"QJs":{"weight":1.0,"played":[1.0E-4,0.3672,0.6327],"evs":[0.0,1.46353,1.39749]},"QQ":{"weight":1.0,"played":[0.0,0.0,1.0],"evs":[0.0,5.06269,9.67208]},"KQo":{"weight":1.0,"played":[0.0,0.9999,1.0E-4],"evs":[0.0,1.6835,1.41886]},"AQo":{"weight":1.0,"played":[0.0,0.0,1.0],"evs":[0.0,2.26974,5.0043]},"K2s":{"weight":1.0,"played":[0.0011,0.9989,0.0],"evs":[0.0,0.44834,-0.3073]},"K3s":{"weight":1.0,"played":[0.0032,0.9968,0.0],"evs":[0.0,0.75468,0.34646]},"K4s":{"weight":1.0,"played":[0.0227,0.977,4.0E-4],"evs":[0.0,0.48461,-0.272]},"K5s":{"weight":1.0,"played":[1.0E-4,0.9999,0.0],"evs":[0.0,0.69779,0.13261]},"K6s":{"weight":1.0,"played":[0.0058,0.9937,5.0E-4],"evs":[0.0,0.50337,0.07464]},"K7s":{"weight":1.0,"played":[5.0E-4,0.9726,0.0269],"evs":[0.0,0.49207,0.38104]},"K8s":{"weight":1.0,"played":[7.0E-4,0.9583,0.041],"evs":[0.0,0.72132,0.40624]},"K9s":{"weight":1.0,"played":[0.0192,0.9747,0.0061],"evs":[0.0,0.56436,0.29759]},"KTs":{"weight":1.0,"played":[1.0E-4,0.1539,0.846],"evs":[0.0,1.26478,1.55058]},"KJs":{"weight":1.0,"played":[3.0E-4,0.044,0.9556],"evs":[0.0,1.49826,1.66314]},"KQs":{"weight":1.0,"played":[0.0,0.0425,0.9575],"evs":[0.0,2.41259,2.79164]},"KK":{"weight":1.0,"played":[0.0,0.0,1.0],"evs":[0.0,7.06625,10.91621]},"AKo":{"weight":1.0,"played":[0.0,0.0,1.0],"evs":[0.0,3.11339,6.30763]},"A2s":{"weight":1.0,"played":[0.0013,0.5272,0.4715],"evs":[0.0,0.86906,0.86435]},"A3s":{"weight":1.0,"played":[6.0E-4,0.6427,0.3567],"evs":[0.0,0.96451,0.82399]},"A4s":{"weight":1.0,"played":[0.0018,0.3474,0.6507],"evs":[0.0,1.31753,1.41652]},"A5s":{"weight":1.0,"played":[3.0E-4,0.4347,0.565],"evs":[0.0,1.23624,1.40187]},"A6s":{"weight":1.0,"played":[0.001,0.0124,0.9866],"evs":[0.0,1.03293,1.40139]},"A7s":{"weight":1.0,"played":[1.0E-4,0.0345,0.9654],"evs":[0.0,1.14233,1.90521]},"A8s":{"weight":1.0,"played":[0.0,0.0142,0.9857],"evs":[0.0,1.25513,1.61692]},"A9s":{"weight":1.0,"played":[0.0,0.0884,0.9116],"evs":[0.0,1.44536,1.61528]},"ATs":{"weight":1.0,"played":[0.0,0.0,1.0],"evs":[0.0,2.22445,3.19615]},"AJs":{"weight":1.0,"played":[0.0,3.0E-4,0.9997],"evs":[0.0,2.91479,4.94078]},"AQs":{"weight":1.0,"played":[0.0,0.0,1.0],"evs":[0.0,3.46119,5.72073]},"AKs":{"weight":1.0,"played":[0.0,0.0,1.0],"evs":[0.0,4.09684,7.25304]},"AA":{"weight":1.0,"played":[0.0,0.0,1.0],"evs":[0.0,13.03196,16.32588]}}}