{"player":2,"street":0,"children":2,"sequence":[{"player":0,"type":"R","amount":200000,"street":0},{"player":1,"type":"F","amount":0,"street":0},{"player":2,"type":"C","amount":200000,"street":0},{"player":3,"type":"F","amount":0,"street":0},{"player":4,"type":"R","amount":1995000,"street":0},{"player":0,"type":"C","amount":1795000,"street":0}],"actions":[{"type":"F","amount":0},{"type":"C","amount":1365000}],"hands":{"22":{"weight":0.0,"played":[0.9998,2.0E-4],"evs":[0.0,-3.22697]},"32o":{"weight":0.0,"played":[1.0,0.0],"evs":[0.0,-7.36243]},"42o":{"weight":0.0,"played":[1.0,0.0],"evs":[0.0,-6.9748]},"52o":{"weight":0.0,"played":[1.0,0.0],"evs":[0.0,-6.76727]},"62o":{"weight":0.0,"played":[1.0,0.0],"evs":[0.0,-7.40796]},"72o":{"weight":0.0,"played":[1.0,0.0],"evs":[0.0,-7.79226]},"82o":{"weight":0.0,"played":[1.0,0.0],"evs":[0.0,-7.58829]},"92o":{"weight":0.0,"played":[1.0,0.0],"evs":[0.0,-7.313]},"T2o":{"weight":0.0,"played":[1.0,0.0],"evs":[0.0,-7.08986]},"J2o":{"weight":0.0,"played":[1.0,0.0],"evs":[0.0,-6.90326]},"Q2o":{"weight":0.0,"played":[1.0,0.0],"evs":[0.0,-6.46488]},"K2o":{"weight":0.0,"played":[1.0,0.0],"evs":[0.0,-5.6209]},"A2o":{"weight":0.0,"played":[1.0,0.0],"evs":[0.0,-7.6179]},"32s":{"weight":0.0,"played":[1.0,0.0],"evs":[0.0,-5.5006]},"33":{"weight":0.0,"played":[0.9999,1.0E-4],"evs":[0.0,-3.56997]},"43o":{"weight":0.0,"played":[1.0,0.0],"evs":[0.0,-6.42766]},"53o":{"weight":0.0,"played":[1.0,0.0],"evs":[0.0,-5.74955]},"63o":{"weight":0.0,"played":[1.0,0.0],"evs":[0.0,-6.52671]},"73o":{"weight":0.0,"played":[1.0,0.0],"evs":[0.0,-7.27331]},"83o":{"weight":0.0,"played":[1.0,0.0],"evs":[0.0,-7.73597]},"93o":{"weight":0.0,"played":[1.0,0.0],"evs":[0.0,-6.99585]},"T3o":{"weight":0.0,"played":[1.0,0.0],"evs":[0.0,-6.94101]},"J3o":{"weight":0.0,"played":[1.0,0.0],"evs":[0.0,-6.66958]},"Q3o":{"weight":0.0,"played":[1.0,0.0],"evs":[0.0,-6.25981]},"K3o":{"weight":0.0,"played":[1.0,0.0],"evs":[0.0,-5.15028]},"A3o":{"weight":0.0,"played":[1.0,0.0],"evs":[0.0,-7.43395]},"42s":{"weight":0.0,"played":[1.0,0.0],"evs":[0.0,-5.04214]},"43s":{"weight":0.0,"played":[1.0,0.0],"evs":[0.0,-4.05223]},"44":{"weight":0.3459,"played":[1.0,0.0],"evs":[0.0,-2.83069]},"54o":{"weight":0.0,"played":[1.0,0.0],"evs":[0.0,-5.19955]},"64o":{"weight":0.0,"played":[1.0,0.0],"evs":[0.0,-5.3991]},"74o":{"weight":0.0,"played":[1.0,0.0],"evs":[0.0,-6.33914]},"84o":{"weight":0.0,"played":[1.0,0.0],"evs":[0.0,-6.65223]},"94o":{"weight":0.0,"played":[1.0,0.0],"evs":[0.0,-6.82683]},"T4o":{"weight":0.0,"played":[1.0,0.0],"evs":[0.0,-6.84886]},"J4o":{"weight":0.0,"played":[1.0,0.0],"evs":[0.0,-6.63153]},"Q4o":{"weight":0.0,"played":[1.0,0.0],"evs":[0.0,-5.94937]},"K4o":{"weight":0.0,"played":[1.0,0.0],"evs":[0.0,-5.14469]},"A4o":{"weight":0.0,"played":[0.9999,1.0E-4],"evs":[0.0,-6.98451]},"52s":{"weight":0.0,"played":[1.0,0.0],"evs":[0.0,-5.04666]},"53s":{"weight":0.0,"played":[0.9998,2.0E-4],"evs":[0.0,-3.90019]},"54s":{"weight":0.0,"played":[1.0,0.0],"evs":[0.0,-2.76023]},"55":{"weight":0.389,"played":[0.9999,1.0E-4],"evs":[0.0,-2.41089]},"65o":{"weight":0.0,"played":[1.0,0.0],"evs":[0.0,-4.98046]},"75o":{"weight":0.0,"played":[1.0,0.0],"evs":[0.0,-5.5847]},"85o":{"weight":0.0,"played":[1.0,0.0],"evs":[0.0,-6.04012]},"95o":{"weight":0.0,"played":[1.0,0.0],"evs":[0.0,-6.0756]},"T5o":{"weight":0.0,"played":[1.0,0.0],"evs":[0.0,-6.70544]},"J5o":{"weight":0.0,"played":[1.0,0.0],"evs":[0.0,-6.30311]},"Q5o":{"weight":0.0,"played":[1.0,0.0],"evs":[0.0,-5.70035]},"K5o":{"weight":0.0,"played":[1.0,0.0],"evs":[0.0,-5.25035]},"A5o":{"weight":0.0,"played":[1.0,0.0],"evs":[0.0,-6.82703]},"62s":{"weight":0.0,"played":[1.0,0.0],"evs":[0.0,-5.19673]},"63s":{"weight":0.0,"played":[1.0,0.0],"evs":[0.0,-4.37485]},"64s":{"weight":0.0,"played":[1.0,0.0],"evs":[0.0,-4.15011]},"65s":{"weight":9.0E-4,"played":[0.9999,1.0E-4],"evs":[0.0,-2.67612]},"66":{"weight":0.0014,"played":[0.9997,3.0E-4],"evs":[0.0,-1.30062]},"76o":{"weight":0.0,"played":[1.0,0.0],"evs":[0.0,-4.74566]},"86o":{"weight":0.0,"played":[1.0,0.0],"evs":[0.0,-5.19882]},"96o":{"weight":0.0,"played":[1.0,0.0],"evs":[0.0,-5.74471]},"T6o":{"weight":0.0,"played":[1.0,0.0],"evs":[0.0,-5.57483]},"J6o":{"weight":0.0,"played":[1.0,0.0],"evs":[0.0,-6.67617]},"Q6o":{"weight":0.0,"played":[1.0,0.0],"evs":[0.0,-5.5686]},"K6o":{"weight":0.0,"played":[1.0,0.0],"evs":[0.0,-4.81861]},"A6o":{"weight":0.0,"played":[1.0,0.0],"evs":[0.0,-7.68604]},"72s":{"weight":0.0,"played":[1.0,0.0],"evs":[0.0,-5.24775]},"73s":{"weight":0.0,"played":[1.0,0.0],"evs":[0.0,-4.20931]},"74s":{"weight":0.0,"played":[0.9999,1.0E-4],"evs":[0.0,-3.84218]},"75s":{"weight":0.0,"played":[1.0,0.0],"evs":[0.0,-3.42923]},"76s":{"weight":0.0,"played":[0.9999,1.0E-4],"evs":[0.0,-2.66816]},"77":{"weight":0.0,"played":[0.6121,0.3879],"evs":[0.0,-0.05488]},"87o":{"weight":0.0,"played":[1.0,0.0],"evs":[0.0,-4.56415]},"97o":{"weight":0.0,"played":[1.0,0.0],"evs":[0.0,-4.77572]},"T7o":{"weight":0.0,"played":[1.0,0.0],"evs":[0.0,-5.26315]},"J7o":{"weight":0.0,"played":[1.0,0.0],"evs":[0.0,-5.98099]},"Q7o":{"weight":0.0,"played":[1.0,0.0],"evs":[0.0,-5.39015]},"K7o":{"weight":0.0,"played":[1.0,0.0],"evs":[0.0,-4.60331]},"A7o":{"weight":0.0,"played":[1.0,0.0],"evs":[0.0,-6.54902]},"82s":{"weight":0.0,"played":[0.9999,1.0E-4],"evs":[0.0,-5.33712]},"83s":{"weight":0.0,"played":[1.0,0.0],"evs":[0.0,-5.30369]},"84s":{"weight":0.0,"played":[0.9998,2.0E-4],"evs":[0.0,-4.80797]},"85s":{"weight":0.0,"played":[1.0,0.0],"evs":[0.0,-3.46388]},"86s":{"weight":0.0,"played":[0.9999,1.0E-4],"evs":[0.0,-2.72589]},"87s":{"weight":0.0,"played":[0.9998,2.0E-4],"evs":[0.0,-2.4841]},"88":{"weight":0.0,"played":[0.0405,0.9595],"evs":[0.0,0.43717]},"98o":{"weight":0.0,"played":[1.0,0.0],"evs":[0.0,-4.38654]},"T8o":{"weight":0.0,"played":[1.0,0.0],"evs":[0.0,-4.10338]},"J8o":{"weight":0.0,"played":[1.0,0.0],"evs":[0.0,-4.86032]},"Q8o":{"weight":0.0,"played":[1.0,0.0],"evs":[0.0,-5.03733]},"K8o":{"weight":0.0,"played":[1.0,0.0],"evs":[0.0,-4.80174]},"A8o":{"weight":0.0,"played":[0.9999,1.0E-4],"evs":[0.0,-6.6271]},"92s":{"weight":0.0,"played":[1.0,0.0],"evs":[0.0,-4.89788]},"93s":{"weight":0.0,"played":[1.0,0.0],"evs":[0.0,-4.96062]},"94s":{"weight":0.0,"played":[1.0,0.0],"evs":[0.0,-4.47393]},"95s":{"weight":0.0,"played":[1.0,0.0],"evs":[0.0,-4.80984]},"96s":{"weight":0.0,"played":[0.9999,1.0E-4],"evs":[0.0,-2.86679]},"97s":{"weight":0.0,"played":[0.9997,3.0E-4],"evs":[0.0,-3.02628]},"98s":{"weight":0.0192,"played":[0.9999,1.0E-4],"evs":[0.0,-1.95587]},"99":{"weight":1.0E-4,"played":[0.0,1.0],"evs":[0.0,2.91617]},"T9o":{"weight":0.0,"played":[1.0,0.0],"evs":[0.0,-3.60384]},"J9o":{"weight":0.0,"played":[1.0,0.0],"evs":[0.0,-4.05704]},"Q9o":{"weight":0.0,"played":[0.9997,3.0E-4],"evs":[0.0,-3.78331]},"K9o":{"weight":0.0,"played":[1.0,0.0],"evs":[0.0,-3.99149]},"A9o":{"weight":0.0072,"played":[1.0,0.0],"evs":[0.0,-5.9323]},"T2s":{"weight":0.0,"played":[0.9999,1.0E-4],"evs":[0.0,-4.69284]},"T3s":{"weight":0.0,"played":[1.0,0.0],"evs":[0.0,-4.35712]},"T4s":{"weight":0.0,"played":[1.0,0.0],"evs":[0.0,-4.53371]},"T5s":{"weight":0.0,"played":[0.9999,1.0E-4],"evs":[0.0,-4.53524]},"T6s":{"weight":0.0,"played":[1.0,0.0],"evs":[0.0,-3.78329]},"T7s":{"weight":2.0E-4,"played":[0.9994,6.0E-4],"evs":[0.0,-3.184]},"T8s":{"weight":1.0E-4,"played":[0.9998,2.0E-4],"evs":[0.0,-2.36084]},"T9s":{"weight":0.1698,"played":[0.9999,1.0E-4],"evs":[0.0,-1.42714]},"TT":{"weight":0.0,"played":[0.0,1.0],"evs":[0.0,5.11691]},"JTo":{"weight":0.0,"played":[0.9999,1.0E-4],"evs":[0.0,-3.018]},"QTo":{"weight":0.0,"played":[0.9999,1.0E-4],"evs":[0.0,-2.91925]},"KTo":{"weight":2.0E-4,"played":[0.9999,1.0E-4],"evs":[0.0,-2.5997]},"ATo":{"weight":0.1932,"played":[0.9999,1.0E-4],"evs":[0.0,-4.2617]},"J2s":{"weight":0.0,"played":[0.9999,1.0E-4],"evs":[0.0,-5.09165]},"J3s":{"weight":0.0,"played":[1.0,0.0],"evs":[0.0,-4.73623]},"J4s":{"weight":0.0,"played":[0.9998,2.0E-4],"evs":[0.0,-3.82691]},"J5s":{"weight":0.0,"played":[0.9999,1.0E-4],"evs":[0.0,-4.57081]},"J6s":{"weight":0.0,"played":[1.0,0.0],"evs":[0.0,-4.54248]},"J7s":{"weight":0.0,"played":[0.9999,1.0E-4],"evs":[0.0,-3.65945]},"J8s":{"weight":0.0,"played":[1.0,0.0],"evs":[0.0,-2.9311]},"J9s":{"weight":0.0,"played":[0.9994,6.0E-4],"evs":[0.0,-1.64687]},"JTs":{"weight":0.8878,"played":[0.9947,0.0053],"evs":[0.0,-1.07352]},"JJ":{"weight":0.0,"played":[0.0,1.0],"evs":[0.0,7.26936]},"QJo":{"weight":0.0013,"played":[0.9995,5.0E-4],"evs":[0.0,-2.60654]},"KJo":{"weight":0.3196,"played":[0.9998,2.0E-4],"evs":[0.0,-2.47484]},"AJo":{"weight":0.0,"played":[0.9996,4.0E-4],"evs":[0.0,-2.92152]},"Q2s":{"weight":0.0,"played":[1.0,0.0],"evs":[0.0,-4.13777]},"Q3s":{"weight":0.0,"played":[0.9999,1.0E-4],"evs":[0.0,-3.53502]},"Q4s":{"weight":0.0,"played":[1.0,0.0],"evs":[0.0,-3.55271]},"Q5s":{"weight":0.0,"played":[0.9999,1.0E-4],"evs":[0.0,-4.11726]},"Q6s":{"weight":0.0,"played":[1.0,0.0],"evs":[0.0,-3.79434]},"Q7s":{"weight":0.0,"played":[0.9999,1.0E-4],"evs":[0.0,-3.18946]},"Q8s":{"weight":0.0,"played":[0.9999,1.0E-4],"evs":[0.0,-2.878]},"Q9s":{"weight":8.0E-4,"played":[0.9993,7.0E-4],"evs":[0.0,-2.21771]},"QTs":{"weight":0.9962,"played":[1.0,0.0],"evs":[0.0,-1.36218]},"QJs":{"weight":0.9516,"played":[0.9897,0.0103],"evs":[0.0,-1.20887]},"QQ":{"weight":0.0011,"played":[0.0,1.0],"evs":[0.0,11.24336]},"KQo":{"weight":0.0027,"played":[0.9995,5.0E-4],"evs":[0.0,-1.77227]},"AQo":{"weight":1.0E-4,"played":[0.5065,0.4935],"evs":[0.0,-0.21086]},"K2s":{"weight":0.0,"played":[0.9997,3.0E-4],"evs":[0.0,-3.95622]},"K3s":{"weight":0.0,"played":[1.0,0.0],"evs":[0.0,-3.31824]},"K4s":{"weight":0.0,"played":[0.9993,7.0E-4],"evs":[0.0,-3.01001]},"K5s":{"weight":0.0,"played":[1.0,0.0],"evs":[0.0,-2.58355]},"K6s":{"weight":0.0,"played":[0.999,0.001],"evs":[0.0,-3.01864]},"K7s":{"weight":0.0,"played":[1.0,0.0],"evs":[0.0,-2.41456]},"K8s":{"weight":0.0,"played":[1.0,0.0],"evs":[0.0,-2.40069]},"K9s":{"weight":0.303,"played":[0.9997,3.0E-4],"evs":[0.0,-1.2602]},"KTs":{"weight":0.6075,"played":[0.9973,0.0027],"evs":[0.0,-0.73931]},"KJs":{"weight":0.8462,"played":[0.9973,0.0027],"evs":[0.0,-0.72472]},"KQs":{"weight":0.0019,"played":[0.763,0.237],"evs":[0.0,-0.04202]},"KK":{"weight":0.0191,"played":[0.0,1.0],"evs":[0.0,15.39625]},"AKo":{"weight":0.0,"played":[0.0,1.0],"evs":[0.0,3.49276]},"A2s":{"weight":0.0,"played":[0.9998,2.0E-4],"evs":[0.0,-5.50861]},"A3s":{"weight":0.0095,"played":[1.0,0.0],"evs":[0.0,-4.53765]},"A4s":{"weight":0.571,"played":[1.0,0.0],"evs":[0.0,-4.6436]},"A5s":{"weight":0.52,"played":[0.9997,3.0E-4],"evs":[0.0,-4.44353]},"A6s":{"weight":0.5908,"played":[0.9998,2.0E-4],"evs":[0.0,-5.52311]},"A7s":{"weight":0.2004,"played":[0.9978,0.0022],"evs":[0.0,-4.72869]},"A8s":{"weight":0.4322,"played":[0.9998,2.0E-4],"evs":[0.0,-3.8959]},"A9s":{"weight":0.9998,"played":[0.9999,1.0E-4],"evs":[0.0,-3.54359]},"ATs":{"weight":0.4344,"played":[0.9998,2.0E-4],"evs":[0.0,-1.57061]},"AJs":{"weight":0.0021,"played":[0.7949,0.2051],"evs":[0.0,-0.59545]},"AQs":{"weight":4.0E-4,"played":[1.0E-4,0.9999],"evs":[0.0,2.37605]},"AKs":{"weight":3.0E-4,"played":[0.0,1.0],"evs":[0.0,5.34205]},"AA":{"weight":1.0,"played":[0.0,1.0],"evs":[0.0,24.0399]}}}