{"player":0,"street":0,"children":2,"sequence":[{"player":0,"type":"R","amount":200000,"street":0},{"player":1,"type":"F","amount":0,"street":0},{"player":2,"type":"C","amount":200000,"street":0},{"player":3,"type":"C","amount":150000,"street":0},{"player":4,"type":"R","amount":2055000,"street":0}],"actions":[{"type":"F","amount":0,"node":64},{"type":"C","amount":1795000,"node":67}],"hands":{"22":{"weight":0.0,"played":[0.7431,0.2569],"evs":[0.0,-1.68275]},"32o":{"weight":0.0,"played":[0.9969,0.0031],"evs":[0.0,-8.9718]},"42o":{"weight":0.0,"played":[1.0,0.0],"evs":[0.0,-8.11333]},"52o":{"weight":0.0,"played":[0.9999,1.0E-4],"evs":[0.0,-7.32988]},"62o":{"weight":0.0,"played":[1.0,0.0],"evs":[0.0,-8.55643]},"72o":{"weight":0.0,"played":[0.9998,2.0E-4],"evs":[0.0,-9.04897]},"82o":{"weight":0.0,"played":[1.0,0.0],"evs":[0.0,-8.75111]},"92o":{"weight":0.0,"played":[1.0,0.0],"evs":[0.0,-9.1441]},"T2o":{"weight":0.0,"played":[0.9999,1.0E-4],"evs":[0.0,-7.94355]},"J2o":{"weight":0.0,"played":[1.0,0.0],"evs":[0.0,-6.0808]},"Q2o":{"weight":0.0,"played":[0.9989,0.0011],"evs":[0.0,-8.11002]},"K2o":{"weight":0.0,"played":[0.999,0.001],"evs":[0.0,-6.26349]},"A2o":{"weight":0.0,"played":[0.9958,0.0042],"evs":[0.0,-6.39866]},"32s":{"weight":0.0,"played":[0.9302,0.0698],"evs":[0.0,-5.40557]},"33":{"weight":0.9994,"played":[0.9995,5.0E-4],"evs":[0.0,-2.5557]},"43o":{"weight":0.0,"played":[0.9997,3.0E-4],"evs":[0.0,-6.32242]},"53o":{"weight":0.0,"played":[0.9983,0.0017],"evs":[0.0,-5.9129]},"63o":{"weight":0.0,"played":[0.9999,1.0E-4],"evs":[0.0,-6.89161]},"73o":{"weight":0.0,"played":[1.0,0.0],"evs":[0.0,-8.47304]},"83o":{"weight":0.0,"played":[0.9988,0.0012],"evs":[0.0,-8.32067]},"93o":{"weight":0.0,"played":[0.9997,3.0E-4],"evs":[0.0,-9.76513]},"T3o":{"weight":0.0,"played":[1.0,0.0],"evs":[0.0,-6.5482]},"J3o":{"weight":0.0,"played":[0.9995,5.0E-4],"evs":[0.0,-9.49606]},"Q3o":{"weight":0.0,"played":[0.9995,5.0E-4],"evs":[0.0,-8.36077]},"K3o":{"weight":0.0,"played":[0.9999,1.0E-4],"evs":[0.0,-6.51684]},"A3o":{"weight":0.0,"played":[0.9898,0.0102],"evs":[0.0,-4.49256]},"42s":{"weight":0.0,"played":[0.9903,0.0097],"evs":[0.0,-5.70328]},"43s":{"weight":0.0,"played":[0.9653,0.0347],"evs":[0.0,-4.1841]},"44":{"weight":0.8448,"played":[0.9515,0.0485],"evs":[0.0,-0.82864]},"54o":{"weight":0.0,"played":[0.998,0.002],"evs":[0.0,-5.51341]},"64o":{"weight":0.0,"played":[0.9947,0.0053],"evs":[0.0,-7.09329]},"74o":{"weight":0.0,"played":[1.0,0.0],"evs":[0.0,-6.76747]},"84o":{"weight":0.0,"played":[1.0,0.0],"evs":[0.0,-6.51022]},"94o":{"weight":0.0,"played":[0.9999,1.0E-4],"evs":[0.0,-7.24439]},"T4o":{"weight":0.0,"played":[0.9989,0.0011],"evs":[0.0,-7.47446]},"J4o":{"weight":0.0,"played":[0.9997,3.0E-4],"evs":[0.0,-7.17608]},"Q4o":{"weight":0.0,"played":[0.9993,7.0E-4],"evs":[0.0,-6.19552]},"K4o":{"weight":0.0,"played":[0.9937,0.0063],"evs":[0.0,-7.90889]},"A4o":{"weight":0.0,"played":[0.992,0.008],"evs":[0.0,-2.8366]},"52s":{"weight":0.0,"played":[0.9949,0.0051],"evs":[0.0,-6.24584]},"53s":{"weight":0.0,"played":[0.9895,0.0105],"evs":[0.0,-4.37067]},"54s":{"weight":0.0,"played":[0.9822,0.0178],"evs":[0.0,-1.94765]},"55":{"weight":0.9218,"played":[0.6617,0.3383],"evs":[0.0,0.27116]},"65o":{"weight":0.0,"played":[0.9989,0.0011],"evs":[0.0,-5.68907]},"75o":{"weight":0.0,"played":[0.9998,2.0E-4],"evs":[0.0,-4.67951]},"85o":{"weight":0.0,"played":[0.9998,2.0E-4],"evs":[0.0,-4.64804]},"95o":{"weight":0.0,"played":[1.0,0.0],"evs":[0.0,-7.00604]},"T5o":{"weight":0.0,"played":[0.9998,2.0E-4],"evs":[0.0,-8.28135]},"J5o":{"weight":0.0,"played":[0.9993,7.0E-4],"evs":[0.0,-6.54414]},"Q5o":{"weight":0.0,"played":[0.9999,1.0E-4],"evs":[0.0,-8.46211]},"K5o":{"weight":0.0,"played":[0.9987,0.0013],"evs":[0.0,-5.66068]},"A5o":{"weight":0.7777,"played":[0.9808,0.0192],"evs":[0.0,-3.91848]},"62s":{"weight":0.0,"played":[0.9986,0.0014],"evs":[0.0,-6.44934]},"63s":{"weight":0.0,"played":[0.9947,0.0053],"evs":[0.0,-3.00546]},"64s":{"weight":0.0,"played":[0.9998,2.0E-4],"evs":[0.0,-4.72262]},"65s":{"weight":0.0,"played":[0.8448,0.1552],"evs":[0.0,-0.22478]},"66":{"weight":0.8752,"played":[8.0E-4,0.9992],"evs":[0.0,1.55796]},"76o":{"weight":0.0,"played":[0.994,0.006],"evs":[0.0,-4.20992]},"86o":{"weight":0.0,"played":[0.9995,5.0E-4],"evs":[0.0,-4.76821]},"96o":{"weight":0.0,"played":[0.9988,0.0012],"evs":[0.0,-4.1981]},"T6o":{"weight":0.0,"played":[1.0,0.0],"evs":[0.0,-7.64358]},"J6o":{"weight":0.0,"played":[1.0,0.0],"evs":[0.0,-7.36003]},"Q6o":{"weight":0.0,"played":[0.9998,2.0E-4],"evs":[0.0,-6.04671]},"K6o":{"weight":0.0,"played":[0.9928,0.0072],"evs":[0.0,-5.94618]},"A6o":{"weight":0.0055,"played":[0.9991,9.0E-4],"evs":[0.0,-6.15804]},"72s":{"weight":0.0,"played":[0.9999,1.0E-4],"evs":[0.0,-10.75197]},"73s":{"weight":0.0,"played":[0.9973,0.0027],"evs":[0.0,-4.43219]},"74s":{"weight":0.0,"played":[0.9975,0.0025],"evs":[0.0,-1.21549]},"75s":{"weight":0.0,"played":[0.9948,0.0052],"evs":[0.0,-3.46382]},"76s":{"weight":0.0,"played":[0.9945,0.0055],"evs":[0.0,-5.12195]},"77":{"weight":0.9998,"played":[0.0023,0.9977],"evs":[0.0,2.84343]},"87o":{"weight":0.0,"played":[1.0,0.0],"evs":[0.0,-4.0651]},"97o":{"weight":0.0,"played":[0.9881,0.0119],"evs":[0.0,-4.69411]},"T7o":{"weight":0.0,"played":[0.9979,0.0021],"evs":[0.0,-4.20482]},"J7o":{"weight":0.0,"played":[1.0,0.0],"evs":[0.0,-6.03139]},"Q7o":{"weight":0.0,"played":[0.9996,4.0E-4],"evs":[0.0,-6.67048]},"K7o":{"weight":0.0,"played":[0.9923,0.0077],"evs":[0.0,-5.07302]},"A7o":{"weight":1.0,"played":[0.9981,0.0019],"evs":[0.0,-2.72372]},"82s":{"weight":0.0,"played":[0.9909,0.0091],"evs":[0.0,-6.21909]},"83s":{"weight":0.0,"played":[0.9986,0.0014],"evs":[0.0,-5.98773]},"84s":{"weight":0.0,"played":[0.9546,0.0454],"evs":[0.0,-4.66646]},"85s":{"weight":0.0,"played":[0.9961,0.0039],"evs":[0.0,-4.56601]},"86s":{"weight":0.0,"played":[0.9955,0.0045],"evs":[0.0,-2.1108]},"87s":{"weight":0.0,"played":[0.753,0.247],"evs":[0.0,-3.28849]},"88":{"weight":1.0,"played":[2.0E-4,0.9998],"evs":[0.0,4.80498]},"98o":{"weight":0.0,"played":[0.9994,6.0E-4],"evs":[0.0,-4.44824]},"T8o":{"weight":0.0,"played":[0.9984,0.0016],"evs":[0.0,-4.52224]},"J8o":{"weight":0.0,"played":[0.999,0.001],"evs":[0.0,-5.5462]},"Q8o":{"weight":0.0,"played":[0.9921,0.0079],"evs":[0.0,-3.92542]},"K8o":{"weight":0.0,"played":[0.9994,6.0E-4],"evs":[0.0,-4.96352]},"A8o":{"weight":1.0,"played":[0.9955,0.0045],"evs":[0.0,-2.29547]},"92s":{"weight":0.0,"played":[0.9998,2.0E-4],"evs":[0.0,-6.51777]},"93s":{"weight":0.0,"played":[0.9998,2.0E-4],"evs":[0.0,-5.70303]},"94s":{"weight":0.0,"played":[0.9985,0.0015],"evs":[0.0,-4.99101]},"95s":{"weight":0.0,"played":[0.9966,0.0034],"evs":[0.0,-3.19666]},"96s":{"weight":0.0,"played":[0.8856,0.1144],"evs":[0.0,-1.04357]},"97s":{"weight":0.0,"played":[0.8419,0.1581],"evs":[0.0,-3.0253]},"98s":{"weight":0.974,"played":[0.9183,0.0817],"evs":[0.0,-2.4779]},"99":{"weight":1.0,"played":[0.0065,0.9935],"evs":[0.0,6.19183]},"T9o":{"weight":0.0,"played":[0.9942,0.0058],"evs":[0.0,-3.2793]},"J9o":{"weight":0.0,"played":[0.9956,0.0044],"evs":[0.0,-5.07902]},"Q9o":{"weight":0.0,"played":[0.9985,0.0015],"evs":[0.0,-5.12878]},"K9o":{"weight":0.0,"played":[0.9999,1.0E-4],"evs":[0.0,-4.42457]},"A9o":{"weight":0.9308,"played":[0.9994,6.0E-4],"evs":[0.0,-2.68412]},"T2s":{"weight":0.0,"played":[0.9977,0.0023],"evs":[0.0,-6.77521]},"T3s":{"weight":0.0,"played":[0.9994,6.0E-4],"evs":[0.0,-3.51031]},"T4s":{"weight":0.0,"played":[0.9856,0.0144],"evs":[0.0,-3.05493]},"T5s":{"weight":0.0,"played":[0.9999,1.0E-4],"evs":[0.0,-4.59201]},"T6s":{"weight":0.0,"played":[0.9977,0.0023],"evs":[0.0,-4.34756]},"T7s":{"weight":0.0,"played":[0.9979,0.0021],"evs":[0.0,-1.98858]},"T8s":{"weight":0.9461,"played":[0.9936,0.0064],"evs":[0.0,-0.73646]},"T9s":{"weight":1.0,"played":[0.8158,0.1842],"evs":[0.0,-2.41022]},"TT":{"weight":1.0,"played":[2.0E-4,0.9998],"evs":[0.0,7.97159]},"JTo":{"weight":0.9934,"played":[0.9971,0.0029],"evs":[0.0,-2.96808]},"QTo":{"weight":0.9999,"played":[0.9961,0.0039],"evs":[0.0,-5.07253]},"KTo":{"weight":1.0,"played":[0.998,0.002],"evs":[0.0,-3.22934]},"ATo":{"weight":0.8385,"played":[0.1149,0.8851],"evs":[0.0,1.63702]},"J2s":{"weight":0.0,"played":[0.9952,0.0048],"evs":[0.0,-3.85953]},"J3s":{"weight":0.0,"played":[0.9784,0.0216],"evs":[0.0,-6.23475]},"J4s":{"weight":0.0,"played":[0.9988,0.0012],"evs":[0.0,-6.79414]},"J5s":{"weight":0.0,"played":[0.9513,0.0487],"evs":[0.0,-4.62487]},"J6s":{"weight":0.0,"played":[0.9967,0.0033],"evs":[0.0,-5.77885]},"J7s":{"weight":0.0,"played":[0.9969,0.0031],"evs":[0.0,-1.84705]},"J8s":{"weight":0.6296,"played":[0.8482,0.1518],"evs":[0.0,-2.48618]},"J9s":{"weight":1.0,"played":[0.9791,0.0209],"evs":[0.0,-1.89102]},"JTs":{"weight":0.9706,"played":[0.4192,0.5808],"evs":[0.0,0.86762]},"JJ":{"weight":1.0,"played":[0.0,1.0],"evs":[0.0,11.30767]},"QJo":{"weight":1.0,"played":[0.9954,0.0046],"evs":[0.0,-2.82678]},"KJo":{"weight":1.0,"played":[0.9888,0.0112],"evs":[0.0,-2.59605]},"AJo":{"weight":0.9496,"played":[0.0029,0.9971],"evs":[0.0,2.57955]},"Q2s":{"weight":0.0,"played":[0.9281,0.0719],"evs":[0.0,-2.66283]},"Q3s":{"weight":0.0,"played":[0.9612,0.0388],"evs":[0.0,-3.65235]},"Q4s":{"weight":0.0,"played":[0.994,0.006],"evs":[0.0,-5.40107]},"Q5s":{"weight":0.0,"played":[0.977,0.023],"evs":[0.0,-4.34224]},"Q6s":{"weight":0.0,"played":[0.9948,0.0052],"evs":[0.0,-1.95234]},"Q7s":{"weight":0.0,"played":[0.9923,0.0077],"evs":[0.0,-4.43123]},"Q8s":{"weight":0.9951,"played":[0.9906,0.0094],"evs":[0.0,-1.21866]},"Q9s":{"weight":0.9999,"played":[0.9406,0.0594],"evs":[0.0,-2.17353]},"QTs":{"weight":1.0,"played":[0.8759,0.1241],"evs":[0.0,-0.39519]},"QJs":{"weight":0.9759,"played":[0.6467,0.3533],"evs":[0.0,-1.702]},"QQ":{"weight":1.0,"played":[0.0,1.0],"evs":[0.0,12.7258]},"KQo":{"weight":0.9064,"played":[0.8628,0.1372],"evs":[0.0,-1.22118]},"AQo":{"weight":0.9841,"played":[0.0023,0.9977],"evs":[0.0,4.55942]},"K2s":{"weight":0.0,"played":[0.9999,1.0E-4],"evs":[0.0,-3.97502]},"K3s":{"weight":0.0,"played":[0.9971,0.0029],"evs":[0.0,-3.61236]},"K4s":{"weight":0.0,"played":[0.9941,0.0059],"evs":[0.0,-2.91858]},"K5s":{"weight":0.0,"played":[0.9945,0.0055],"evs":[0.0,-3.77885]},"K6s":{"weight":0.9724,"played":[0.993,0.007],"evs":[0.0,-4.69099]},"K7s":{"weight":0.9991,"played":[0.9798,0.0202],"evs":[0.0,-3.30762]},"K8s":{"weight":1.0,"played":[0.9989,0.0011],"evs":[0.0,-2.7558]},"K9s":{"weight":0.9999,"played":[0.9724,0.0276],"evs":[0.0,-2.61083]},"KTs":{"weight":0.932,"played":[0.7878,0.2122],"evs":[0.0,-2.57298]},"KJs":{"weight":0.9998,"played":[0.7052,0.2948],"evs":[0.0,-1.7347]},"KQs":{"weight":0.9995,"played":[0.1533,0.8467],"evs":[0.0,1.76837]},"KK":{"weight":1.0,"played":[0.0,1.0],"evs":[0.0,18.7656]},"AKo":{"weight":1.0,"played":[0.0,1.0],"evs":[0.0,8.56123]},"A2s":{"weight":1.0,"played":[0.9312,0.0688],"evs":[0.0,-2.01003]},"A3s":{"weight":1.0,"played":[0.9289,0.0711],"evs":[0.0,-2.06712]},"A4s":{"weight":1.0,"played":[0.9932,0.0068],"evs":[0.0,-1.82851]},"A5s":{"weight":0.9283,"played":[0.6166,0.3834],"evs":[0.0,-0.36921]},"A6s":{"weight":1.0,"played":[0.9967,0.0033],"evs":[0.0,-0.83195]},"A7s":{"weight":0.9732,"played":[0.9216,0.0784],"evs":[0.0,-0.23337]},"A8s":{"weight":0.9989,"played":[0.5506,0.4494],"evs":[0.0,0.06759]},"A9s":{"weight":1.0,"played":[0.2908,0.7092],"evs":[0.0,1.65896]},"ATs":{"weight":0.9999,"played":[0.0057,0.9943],"evs":[0.0,2.23828]},"AJs":{"weight":0.9999,"played":[0.0,1.0],"evs":[0.0,6.35422]},"AQs":{"weight":1.0,"played":[1.0E-4,0.9999],"evs":[0.0,7.64977]},"AKs":{"weight":0.9999,"played":[0.0033,0.9967],"evs":[0.0,11.74602]},"AA":{"weight":1.0,"played":[0.0,1.0],"evs":[0.0,28.48164]}}}