{"player":3,"street":0,"children":2,"sequence":[{"player":0,"type":"R","amount":200000,"street":0},{"player":1,"type":"F","amount":0,"street":0},{"player":2,"type":"C","amount":200000,"street":0},{"player":3,"type":"C","amount":150000,"street":0},{"player":4,"type":"R","amount":2055000,"street":0},{"player":0,"type":"F","amount":0,"street":0},{"player":2,"type":"C","amount":1365000,"street":0}],"actions":[{"type":"F","amount":0},{"type":"C","amount":1855000}],"hands":{"22":{"weight":0.9762,"played":[0.2409,0.7591],"evs":[0.0,1.27295]},"32o":{"weight":0.0,"played":[0.9996,4.0E-4],"evs":[0.0,-8.14498]},"42o":{"weight":0.0,"played":[0.9993,7.0E-4],"evs":[0.0,-6.54648]},"52o":{"weight":0.0,"played":[0.9998,2.0E-4],"evs":[0.0,-5.53777]},"62o":{"weight":0.0,"played":[1.0,0.0],"evs":[0.0,-6.5297]},"72o":{"weight":0.0,"played":[0.9999,1.0E-4],"evs":[0.0,-5.42261]},"82o":{"weight":0.0,"played":[0.9999,1.0E-4],"evs":[0.0,-6.55972]},"92o":{"weight":0.0,"played":[0.9999,1.0E-4],"evs":[0.0,-7.66249]},"T2o":{"weight":0.0,"played":[1.0,0.0],"evs":[0.0,-7.38772]},"J2o":{"weight":0.0,"played":[0.999,0.001],"evs":[0.0,-7.23394]},"Q2o":{"weight":0.0,"played":[0.9997,3.0E-4],"evs":[0.0,-6.65741]},"K2o":{"weight":0.0,"played":[0.9996,4.0E-4],"evs":[0.0,-6.41612]},"A2o":{"weight":0.0,"played":[0.9996,4.0E-4],"evs":[0.0,-5.58752]},"32s":{"weight":0.0,"played":[0.9744,0.0256],"evs":[0.0,-5.14797]},"33":{"weight":0.9819,"played":[0.0698,0.9302],"evs":[0.0,1.00321]},"43o":{"weight":0.0,"played":[0.9999,1.0E-4],"evs":[0.0,-5.07373]},"53o":{"weight":0.0,"played":[0.9893,0.0107],"evs":[0.0,-5.02244]},"63o":{"weight":0.0,"played":[1.0,0.0],"evs":[0.0,-5.70082]},"73o":{"weight":0.0,"played":[1.0,0.0],"evs":[0.0,-6.79866]},"83o":{"weight":0.0,"played":[0.9998,2.0E-4],"evs":[0.0,-8.66488]},"93o":{"weight":0.0,"played":[0.9999,1.0E-4],"evs":[0.0,-7.70633]},"T3o":{"weight":0.0,"played":[0.9996,4.0E-4],"evs":[0.0,-7.9328]},"J3o":{"weight":0.0,"played":[0.9995,5.0E-4],"evs":[0.0,-6.62204]},"Q3o":{"weight":0.0,"played":[0.9999,1.0E-4],"evs":[0.0,-6.11882]},"K3o":{"weight":0.0,"played":[0.9935,0.0065],"evs":[0.0,-3.56772]},"A3o":{"weight":1.0E-4,"played":[0.9944,0.0056],"evs":[0.0,-5.7566]},"42s":{"weight":0.0,"played":[0.9967,0.0033],"evs":[0.0,-4.50115]},"43s":{"weight":0.0828,"played":[0.9998,2.0E-4],"evs":[0.0,-4.30955]},"44":{"weight":0.306,"played":[0.0196,0.9804],"evs":[0.0,1.22367]},"54o":{"weight":0.0,"played":[0.9993,7.0E-4],"evs":[0.0,-5.22096]},"64o":{"weight":0.0,"played":[0.9986,0.0014],"evs":[0.0,-4.39628]},"74o":{"weight":0.0,"played":[0.9996,4.0E-4],"evs":[0.0,-4.59763]},"84o":{"weight":0.0,"played":[1.0,0.0],"evs":[0.0,-5.40218]},"94o":{"weight":0.0,"played":[0.9997,3.0E-4],"evs":[0.0,-6.11233]},"T4o":{"weight":0.0,"played":[1.0,0.0],"evs":[0.0,-6.63449]},"J4o":{"weight":0.0,"played":[0.9994,6.0E-4],"evs":[0.0,-6.43932]},"Q4o":{"weight":1.0E-4,"played":[1.0,0.0],"evs":[0.0,-6.89939]},"K4o":{"weight":0.0,"played":[0.9999,1.0E-4],"evs":[0.0,-5.13053]},"A4o":{"weight":0.0,"played":[0.9995,5.0E-4],"evs":[0.0,-4.183]},"52s":{"weight":0.0,"played":[0.8637,0.1363],"evs":[0.0,-2.72302]},"53s":{"weight":6.0E-4,"played":[0.9351,0.0649],"evs":[0.0,-2.86988]},"54s":{"weight":0.8647,"played":[0.9528,0.0472],"evs":[0.0,-0.91452]},"55":{"weight":0.0011,"played":[3.0E-4,0.9997],"evs":[0.0,3.75703]},"65o":{"weight":0.0,"played":[0.9998,2.0E-4],"evs":[0.0,-3.4513]},"75o":{"weight":0.0,"played":[0.9943,0.0057],"evs":[0.0,-2.24806]},"85o":{"weight":0.0,"played":[0.9999,1.0E-4],"evs":[0.0,-4.59931]},"95o":{"weight":0.0,"played":[0.9996,4.0E-4],"evs":[0.0,-5.35371]},"T5o":{"weight":0.0,"played":[0.999,0.001],"evs":[0.0,-7.26523]},"J5o":{"weight":0.0,"played":[0.9994,6.0E-4],"evs":[0.0,-6.27977]},"Q5o":{"weight":0.0,"played":[1.0,0.0],"evs":[0.0,-4.76409]},"K5o":{"weight":0.0,"played":[1.0,0.0],"evs":[0.0,-2.7561]},"A5o":{"weight":0.0,"played":[0.9893,0.0107],"evs":[0.0,-4.27981]},"62s":{"weight":2.0E-4,"played":[0.9997,3.0E-4],"evs":[0.0,-6.35499]},"63s":{"weight":0.024,"played":[0.9916,0.0084],"evs":[0.0,-4.19585]},"64s":{"weight":0.5385,"played":[0.881,0.119],"evs":[0.0,-1.53683]},"65s":{"weight":0.9449,"played":[0.4535,0.5465],"evs":[0.0,0.65498]},"66":{"weight":5.0E-4,"played":[9.0E-4,0.9991],"evs":[0.0,7.75816]},"76o":{"weight":0.0,"played":[0.966,0.034],"evs":[0.0,-2.92843]},"86o":{"weight":0.0,"played":[1.0,0.0],"evs":[0.0,-4.07912]},"96o":{"weight":0.0,"played":[0.9999,1.0E-4],"evs":[0.0,-3.57056]},"T6o":{"weight":0.0,"played":[1.0,0.0],"evs":[0.0,-3.87825]},"J6o":{"weight":0.0,"played":[0.9994,6.0E-4],"evs":[0.0,-5.87571]},"Q6o":{"weight":0.0,"played":[0.9955,0.0045],"evs":[0.0,-5.29022]},"K6o":{"weight":0.0,"played":[0.9946,0.0054],"evs":[0.0,-4.5406]},"A6o":{"weight":0.0018,"played":[0.9973,0.0027],"evs":[0.0,-4.42256]},"72s":{"weight":0.0,"played":[0.9992,8.0E-4],"evs":[0.0,-4.96158]},"73s":{"weight":1.0E-4,"played":[0.9424,0.0576],"evs":[0.0,-3.92088]},"74s":{"weight":2.0E-4,"played":[0.9938,0.0062],"evs":[0.0,-3.79873]},"75s":{"weight":0.9639,"played":[0.9993,7.0E-4],"evs":[0.0,-1.76725]},"76s":{"weight":0.9831,"played":[0.8716,0.1284],"evs":[0.0,0.12854]},"77":{"weight":4.0E-4,"played":[0.0045,0.9955],"evs":[0.0,6.60346]},"87o":{"weight":0.0,"played":[0.9921,0.0079],"evs":[0.0,-2.51119]},"97o":{"weight":1.0E-4,"played":[0.9996,4.0E-4],"evs":[0.0,-2.53001]},"T7o":{"weight":0.0,"played":[0.9995,5.0E-4],"evs":[0.0,-4.32897]},"J7o":{"weight":0.0,"played":[0.9987,0.0013],"evs":[0.0,-3.26168]},"Q7o":{"weight":0.0,"played":[0.9979,0.0021],"evs":[0.0,-4.73686]},"K7o":{"weight":0.0,"played":[0.9987,0.0013],"evs":[0.0,-3.86214]},"A7o":{"weight":0.0037,"played":[0.9972,0.0028],"evs":[0.0,-2.363]},"82s":{"weight":1.0E-4,"played":[0.9945,0.0055],"evs":[0.0,-2.68266]},"83s":{"weight":2.0E-4,"played":[0.9611,0.0389],"evs":[0.0,-4.56877]},"84s":{"weight":0.0294,"played":[0.9769,0.0231],"evs":[0.0,-2.90548]},"85s":{"weight":0.3972,"played":[0.9997,3.0E-4],"evs":[0.0,-1.8845]},"86s":{"weight":0.6469,"played":[0.9994,6.0E-4],"evs":[0.0,-1.59997]},"87s":{"weight":0.7052,"played":[0.4362,0.5638],"evs":[0.0,1.38609]},"88":{"weight":1.0E-4,"played":[5.0E-4,0.9995],"evs":[0.0,7.94899]},"98o":{"weight":1.0E-4,"played":[0.9963,0.0037],"evs":[0.0,-1.87589]},"T8o":{"weight":0.0,"played":[0.9958,0.0042],"evs":[0.0,-2.02691]},"J8o":{"weight":0.0,"played":[0.9906,0.0094],"evs":[0.0,-3.18815]},"Q8o":{"weight":1.0E-4,"played":[0.9999,1.0E-4],"evs":[0.0,-3.43682]},"K8o":{"weight":0.0,"played":[0.9951,0.0049],"evs":[0.0,-3.97153]},"A8o":{"weight":0.0308,"played":[0.9997,3.0E-4],"evs":[0.0,-2.24982]},"92s":{"weight":0.0,"played":[0.9946,0.0054],"evs":[0.0,-3.86855]},"93s":{"weight":0.0,"played":[0.9999,1.0E-4],"evs":[0.0,-3.74634]},"94s":{"weight":0.0,"played":[0.9965,0.0035],"evs":[0.0,-3.8504]},"95s":{"weight":2.0E-4,"played":[0.5832,0.4168],"evs":[0.0,0.92823]},"96s":{"weight":0.0057,"played":[0.948,0.052],"evs":[0.0,-4.35013]},"97s":{"weight":0.2002,"played":[0.4588,0.5412],"evs":[0.0,-0.98131]},"98s":{"weight":0.5167,"played":[0.2612,0.7388],"evs":[0.0,0.91578]},"99":{"weight":2.0E-4,"played":[0.0,1.0],"evs":[0.0,11.03258]},"T9o":{"weight":0.0,"played":[0.9999,1.0E-4],"evs":[0.0,-2.26023]},"J9o":{"weight":0.0,"played":[0.9968,0.0032],"evs":[0.0,-2.75202]},"Q9o":{"weight":0.0,"played":[0.9732,0.0268],"evs":[0.0,-1.10322]},"K9o":{"weight":0.0,"played":[0.9978,0.0022],"evs":[0.0,-2.3876]},"A9o":{"weight":0.3698,"played":[0.9497,0.0503],"evs":[0.0,-0.51103]},"T2s":{"weight":0.0,"played":[0.9987,0.0013],"evs":[0.0,-5.17485]},"T3s":{"weight":0.0,"played":[0.9997,3.0E-4],"evs":[0.0,-3.95196]},"T4s":{"weight":5.0E-4,"played":[0.9966,0.0034],"evs":[0.0,-4.26641]},"T5s":{"weight":1.0E-4,"played":[0.9887,0.0113],"evs":[0.0,-2.88482]},"T6s":{"weight":0.0249,"played":[0.9952,0.0048],"evs":[0.0,-3.5116]},"T7s":{"weight":0.0079,"played":[0.9902,0.0098],"evs":[0.0,-0.63236]},"T8s":{"weight":0.0473,"played":[0.6705,0.3295],"evs":[0.0,-1.37692]},"T9s":{"weight":0.4582,"played":[0.9927,0.0073],"evs":[0.0,-0.9025]},"TT":{"weight":0.0,"played":[0.0,1.0],"evs":[0.0,10.5268]},"JTo":{"weight":1.0E-4,"played":[0.9018,0.0982],"evs":[0.0,-3.19051]},"QTo":{"weight":0.0157,"played":[0.9806,0.0194],"evs":[0.0,-2.18817]},"KTo":{"weight":0.0018,"played":[0.999,0.001],"evs":[0.0,-0.47571]},"ATo":{"weight":0.0012,"played":[0.0074,0.9926],"evs":[0.0,1.3663]},"J2s":{"weight":0.0,"played":[0.999,0.001],"evs":[0.0,-6.06205]},"J3s":{"weight":2.0E-4,"played":[0.9471,0.0529],"evs":[0.0,-3.28832]},"J4s":{"weight":3.0E-4,"played":[0.975,0.025],"evs":[0.0,-6.08446]},"J5s":{"weight":1.0E-4,"played":[0.992,0.008],"evs":[0.0,-2.12821]},"J6s":{"weight":0.0099,"played":[0.9553,0.0447],"evs":[0.0,-2.12665]},"J7s":{"weight":0.0052,"played":[0.7845,0.2155],"evs":[0.0,-3.10042]},"J8s":{"weight":0.0505,"played":[0.7181,0.2819],"evs":[0.0,0.07416]},"J9s":{"weight":0.8462,"played":[0.1542,0.8458],"evs":[0.0,-0.36979]},"JTs":{"weight":0.9802,"played":[0.0282,0.9718],"evs":[0.0,1.34775]},"JJ":{"weight":0.0,"played":[1.0E-4,0.9999],"evs":[0.0,14.59735]},"QJo":{"weight":0.4327,"played":[0.5989,0.4011],"evs":[0.0,-0.47542]},"KJo":{"weight":0.8226,"played":[0.722,0.278],"evs":[0.0,-1.2548]},"AJo":{"weight":0.0024,"played":[0.0,1.0],"evs":[0.0,4.51485]},"Q2s":{"weight":1.0E-4,"played":[0.925,0.075],"evs":[0.0,-4.25234]},"Q3s":{"weight":2.0E-4,"played":[0.9997,3.0E-4],"evs":[0.0,-3.4533]},"Q4s":{"weight":0.0,"played":[0.9506,0.0494],"evs":[0.0,-3.8107]},"Q5s":{"weight":0.0877,"played":[0.9423,0.0577],"evs":[0.0,-1.71324]},"Q6s":{"weight":0.1388,"played":[0.948,0.052],"evs":[0.0,-1.6922]},"Q7s":{"weight":0.0295,"played":[0.9985,0.0015],"evs":[0.0,-4.05202]},"Q8s":{"weight":0.0022,"played":[0.7414,0.2586],"evs":[0.0,0.25265]},"Q9s":{"weight":0.6304,"played":[0.8727,0.1273],"evs":[0.0,-1.5178]},"QTs":{"weight":0.8242,"played":[0.0129,0.9871],"evs":[0.0,1.01597]},"QJs":{"weight":0.8982,"played":[0.1862,0.8138],"evs":[0.0,0.25111]},"QQ":{"weight":0.0,"played":[0.0,1.0],"evs":[0.0,20.15026]},"KQo":{"weight":0.7079,"played":[0.0262,0.9738],"evs":[0.0,1.93389]},"AQo":{"weight":6.0E-4,"played":[1.0E-4,0.9999],"evs":[0.0,6.4046]},"K2s":{"weight":0.0017,"played":[0.9974,0.0026],"evs":[0.0,-1.21894]},"K3s":{"weight":5.0E-4,"played":[0.9939,0.0061],"evs":[0.0,-2.48489]},"K4s":{"weight":8.0E-4,"played":[0.792,0.208],"evs":[0.0,-2.79221]},"K5s":{"weight":0.1515,"played":[0.9984,0.0016],"evs":[0.0,-4.04678]},"K6s":{"weight":0.3835,"played":[0.9772,0.0228],"evs":[0.0,-1.85284]},"K7s":{"weight":0.3277,"played":[0.4029,0.5971],"evs":[0.0,-0.22782]},"K8s":{"weight":0.3714,"played":[0.731,0.269],"evs":[0.0,1.15742]},"K9s":{"weight":0.028,"played":[0.8507,0.1493],"evs":[0.0,-1.15145]},"KTs":{"weight":0.614,"played":[0.0035,0.9965],"evs":[0.0,0.87946]},"KJs":{"weight":0.0654,"played":[0.2761,0.7239],"evs":[0.0,1.6803]},"KQs":{"weight":0.401,"played":[0.0113,0.9887],"evs":[0.0,2.25043]},"KK":{"weight":0.012,"played":[0.0,1.0],"evs":[0.0,21.70052]},"AKo":{"weight":0.0,"played":[7.0E-4,0.9993],"evs":[0.0,8.27446]},"A2s":{"weight":0.1553,"played":[0.6067,0.3933],"evs":[0.0,-3.01611]},"A3s":{"weight":0.6246,"played":[0.7192,0.2808],"evs":[0.0,-0.99136]},"A4s":{"weight":0.4724,"played":[0.9772,0.0228],"evs":[0.0,-4.00388]},"A5s":{"weight":0.2207,"played":[0.7093,0.2907],"evs":[0.0,0.31846]},"A6s":{"weight":0.0276,"played":[0.0066,0.9934],"evs":[0.0,1.27881]},"A7s":{"weight":0.1437,"played":[0.8268,0.1732],"evs":[0.0,-2.2407]},"A8s":{"weight":0.149,"played":[0.3581,0.6419],"evs":[0.0,0.35121]},"A9s":{"weight":0.287,"played":[0.0151,0.9849],"evs":[0.0,1.09503]},"ATs":{"weight":0.0317,"played":[6.0E-4,0.9994],"evs":[0.0,4.73413]},"AJs":{"weight":0.01,"played":[6.0E-4,0.9994],"evs":[0.0,8.38679]},"AQs":{"weight":5.0E-4,"played":[0.0,1.0],"evs":[0.0,10.24439]},"AKs":{"weight":5.0E-4,"played":[0.0,1.0],"evs":[0.0,11.87814]},"AA":{"weight":0.1087,"played":[0.0,1.0],"evs":[0.0,33.13055]}}}