{"player":2,"street":0,"children":2,"sequence":[{"player":0,"type":"R","amount":200000,"street":0},{"player":1,"type":"F","amount":0,"street":0},{"player":2,"type":"C","amount":200000,"street":0},{"player":3,"type":"R","amount":2055000,"street":0},{"player":4,"type":"F","amount":0,"street":0},{"player":0,"type":"F","amount":0,"street":0}],"actions":[{"type":"F","amount":0},{"type":"C","amount":1365000}],"hands":{"22":{"weight":0.0,"played":[0.9886,0.0114],"evs":[0.0,-0.40316]},"32o":{"weight":0.0,"played":[1.0,0.0],"evs":[0.0,-5.77568]},"42o":{"weight":0.0,"played":[1.0,0.0],"evs":[0.0,-5.50181]},"52o":{"weight":0.0,"played":[1.0,0.0],"evs":[0.0,-5.08735]},"62o":{"weight":0.0,"played":[1.0,0.0],"evs":[0.0,-5.43111]},"72o":{"weight":0.0,"played":[1.0,0.0],"evs":[0.0,-5.80983]},"82o":{"weight":0.0,"played":[1.0,0.0],"evs":[0.0,-5.47297]},"92o":{"weight":0.0,"played":[1.0,0.0],"evs":[0.0,-5.21857]},"T2o":{"weight":0.0,"played":[1.0,0.0],"evs":[0.0,-5.07889]},"J2o":{"weight":0.0,"played":[1.0,0.0],"evs":[0.0,-4.7334]},"Q2o":{"weight":0.0,"played":[1.0,0.0],"evs":[0.0,-4.54071]},"K2o":{"weight":0.0,"played":[1.0,0.0],"evs":[0.0,-4.25116]},"A2o":{"weight":0.0,"played":[1.0,0.0],"evs":[0.0,-3.21313]},"32s":{"weight":0.0,"played":[1.0,0.0],"evs":[0.0,-4.25937]},"33":{"weight":0.0,"played":[0.0223,0.9777],"evs":[0.0,0.26358]},"43o":{"weight":0.0,"played":[1.0,0.0],"evs":[0.0,-4.87244]},"53o":{"weight":0.0,"played":[1.0,0.0],"evs":[0.0,-4.57333]},"63o":{"weight":0.0,"played":[1.0,0.0],"evs":[0.0,-4.88884]},"73o":{"weight":0.0,"played":[1.0,0.0],"evs":[0.0,-5.14361]},"83o":{"weight":0.0,"played":[1.0,0.0],"evs":[0.0,-5.43512]},"93o":{"weight":0.0,"played":[1.0,0.0],"evs":[0.0,-5.31647]},"T3o":{"weight":0.0,"played":[1.0,0.0],"evs":[0.0,-4.91879]},"J3o":{"weight":0.0,"played":[1.0,0.0],"evs":[0.0,-4.68161]},"Q3o":{"weight":0.0,"played":[1.0,0.0],"evs":[0.0,-4.47525]},"K3o":{"weight":0.0,"played":[1.0,0.0],"evs":[0.0,-4.0183]},"A3o":{"weight":0.0,"played":[1.0,0.0],"evs":[0.0,-2.93242]},"42s":{"weight":0.0,"played":[1.0,0.0],"evs":[0.0,-3.87832]},"43s":{"weight":0.0,"played":[1.0,0.0],"evs":[0.0,-3.16224]},"44":{"weight":0.3459,"played":[0.0011,0.9989],"evs":[0.0,0.88723]},"54o":{"weight":0.0,"played":[1.0,0.0],"evs":[0.0,-3.95047]},"64o":{"weight":0.0,"played":[1.0,0.0],"evs":[0.0,-4.20816]},"74o":{"weight":0.0,"played":[1.0,0.0],"evs":[0.0,-4.28333]},"84o":{"weight":0.0,"played":[1.0,0.0],"evs":[0.0,-4.869]},"94o":{"weight":0.0,"played":[1.0,0.0],"evs":[0.0,-5.16417]},"T4o":{"weight":0.0,"played":[1.0,0.0],"evs":[0.0,-4.97229]},"J4o":{"weight":0.0,"played":[1.0,0.0],"evs":[0.0,-4.63983]},"Q4o":{"weight":0.0,"played":[1.0,0.0],"evs":[0.0,-4.11812]},"K4o":{"weight":0.0,"played":[1.0,0.0],"evs":[0.0,-4.00499]},"A4o":{"weight":0.0,"played":[1.0,0.0],"evs":[0.0,-2.74666]},"52s":{"weight":0.0,"played":[1.0,0.0],"evs":[0.0,-3.57085]},"53s":{"weight":0.0,"played":[1.0,0.0],"evs":[0.0,-2.9435]},"54s":{"weight":0.0,"played":[1.0,0.0],"evs":[0.0,-2.43319]},"55":{"weight":0.389,"played":[0.0,1.0],"evs":[0.0,2.04656]},"65o":{"weight":0.0,"played":[1.0,0.0],"evs":[0.0,-3.48175]},"75o":{"weight":0.0,"played":[1.0,0.0],"evs":[0.0,-3.65562]},"85o":{"weight":0.0,"played":[1.0,0.0],"evs":[0.0,-3.86475]},"95o":{"weight":0.0,"played":[1.0,0.0],"evs":[0.0,-4.40274]},"T5o":{"weight":0.0,"played":[1.0,0.0],"evs":[0.0,-4.76981]},"J5o":{"weight":0.0,"played":[1.0,0.0],"evs":[0.0,-4.1276]},"Q5o":{"weight":0.0,"played":[1.0,0.0],"evs":[0.0,-4.02897]},"K5o":{"weight":0.0,"played":[1.0,0.0],"evs":[0.0,-3.4583]},"A5o":{"weight":0.0,"played":[1.0,0.0],"evs":[0.0,-2.44138]},"62s":{"weight":0.0,"played":[1.0,0.0],"evs":[0.0,-3.75744]},"63s":{"weight":0.0,"played":[1.0,0.0],"evs":[0.0,-3.51569]},"64s":{"weight":0.0,"played":[1.0,0.0],"evs":[0.0,-2.75697]},"65s":{"weight":9.0E-4,"played":[1.0,0.0],"evs":[0.0,-2.05982]},"66":{"weight":0.0014,"played":[0.0,1.0],"evs":[0.0,3.2754]},"76o":{"weight":0.0,"played":[1.0,0.0],"evs":[0.0,-3.06746]},"86o":{"weight":0.0,"played":[1.0,0.0],"evs":[0.0,-3.39349]},"96o":{"weight":0.0,"played":[1.0,0.0],"evs":[0.0,-3.6374]},"T6o":{"weight":0.0,"played":[1.0,0.0],"evs":[0.0,-3.84753]},"J6o":{"weight":0.0,"played":[1.0,0.0],"evs":[0.0,-3.92911]},"Q6o":{"weight":0.0,"played":[1.0,0.0],"evs":[0.0,-3.58508]},"K6o":{"weight":0.0,"played":[1.0,0.0],"evs":[0.0,-3.39293]},"A6o":{"weight":0.0,"played":[1.0,0.0],"evs":[0.0,-2.46086]},"72s":{"weight":0.0,"played":[1.0,0.0],"evs":[0.0,-4.17504]},"73s":{"weight":0.0,"played":[1.0,0.0],"evs":[0.0,-3.59107]},"74s":{"weight":0.0,"played":[1.0,0.0],"evs":[0.0,-3.11121]},"75s":{"weight":0.0,"played":[1.0,0.0],"evs":[0.0,-2.52855]},"76s":{"weight":0.0,"played":[0.9996,4.0E-4],"evs":[0.0,-1.69234]},"77":{"weight":0.0,"played":[0.0,1.0],"evs":[0.0,4.34507]},"87o":{"weight":0.0,"played":[1.0,0.0],"evs":[0.0,-2.79855]},"97o":{"weight":0.0,"played":[1.0,0.0],"evs":[0.0,-3.10861]},"T7o":{"weight":0.0,"played":[1.0,0.0],"evs":[0.0,-3.12878]},"J7o":{"weight":0.0,"played":[1.0,0.0],"evs":[0.0,-3.42453]},"Q7o":{"weight":0.0,"played":[1.0,0.0],"evs":[0.0,-3.47576]},"K7o":{"weight":0.0,"played":[1.0,0.0],"evs":[0.0,-3.05897]},"A7o":{"weight":0.0,"played":[1.0,0.0],"evs":[0.0,-1.66845]},"82s":{"weight":0.0,"played":[1.0,0.0],"evs":[0.0,-3.97664]},"83s":{"weight":0.0,"played":[1.0,0.0],"evs":[0.0,-3.73644]},"84s":{"weight":0.0,"played":[0.9999,1.0E-4],"evs":[0.0,-3.34045]},"85s":{"weight":0.0,"played":[0.9999,1.0E-4],"evs":[0.0,-2.82284]},"86s":{"weight":0.0,"played":[1.0,0.0],"evs":[0.0,-1.84908]},"87s":{"weight":0.0,"played":[0.9991,9.0E-4],"evs":[0.0,-1.51929]},"88":{"weight":0.0,"played":[0.0,1.0],"evs":[0.0,5.53189]},"98o":{"weight":0.0,"played":[1.0,0.0],"evs":[0.0,-2.39089]},"T8o":{"weight":0.0,"played":[1.0,0.0],"evs":[0.0,-2.51289]},"J8o":{"weight":0.0,"played":[1.0,0.0],"evs":[0.0,-2.6577]},"Q8o":{"weight":0.0,"played":[1.0,0.0],"evs":[0.0,-2.77193]},"K8o":{"weight":0.0,"played":[1.0,0.0],"evs":[0.0,-2.92431]},"A8o":{"weight":0.0,"played":[0.9999,1.0E-4],"evs":[0.0,-1.33907]},"92s":{"weight":0.0,"played":[1.0,0.0],"evs":[0.0,-3.76768]},"93s":{"weight":0.0,"played":[1.0,0.0],"evs":[0.0,-3.42212]},"94s":{"weight":0.0,"played":[1.0,0.0],"evs":[0.0,-3.57512]},"95s":{"weight":0.0,"played":[1.0,0.0],"evs":[0.0,-3.03689]},"96s":{"weight":0.0,"played":[1.0,0.0],"evs":[0.0,-2.12271]},"97s":{"weight":0.0,"played":[0.9996,4.0E-4],"evs":[0.0,-1.56329]},"98s":{"weight":0.0192,"played":[0.9942,0.0058],"evs":[0.0,-0.94094]},"99":{"weight":1.0E-4,"played":[0.0,1.0],"evs":[0.0,6.39292]},"T9o":{"weight":0.0,"played":[1.0,0.0],"evs":[0.0,-2.01812]},"J9o":{"weight":0.0,"played":[1.0,0.0],"evs":[0.0,-2.12308]},"Q9o":{"weight":0.0,"played":[1.0,0.0],"evs":[0.0,-2.4364]},"K9o":{"weight":0.0,"played":[1.0,0.0],"evs":[0.0,-2.49321]},"A9o":{"weight":0.0072,"played":[0.9983,0.0017],"evs":[0.0,-0.66959]},"T2s":{"weight":0.0,"played":[1.0,0.0],"evs":[0.0,-3.75255]},"T3s":{"weight":0.0,"played":[1.0,0.0],"evs":[0.0,-3.38931]},"T4s":{"weight":0.0,"played":[1.0,0.0],"evs":[0.0,-3.54937]},"T5s":{"weight":0.0,"played":[1.0,0.0],"evs":[0.0,-3.11413]},"T6s":{"weight":0.0,"played":[0.9999,1.0E-4],"evs":[0.0,-2.38532]},"T7s":{"weight":2.0E-4,"played":[1.0,0.0],"evs":[0.0,-1.80739]},"T8s":{"weight":1.0E-4,"played":[1.0,0.0],"evs":[0.0,-0.96899]},"T9s":{"weight":0.1698,"played":[0.9994,6.0E-4],"evs":[0.0,-0.71121]},"TT":{"weight":0.0,"played":[0.0,1.0],"evs":[0.0,8.26043]},"JTo":{"weight":0.0,"played":[1.0,0.0],"evs":[0.0,-1.40066]},"QTo":{"weight":0.0,"played":[1.0,0.0],"evs":[0.0,-1.65271]},"KTo":{"weight":2.0E-4,"played":[0.9989,0.0011],"evs":[0.0,-1.65827]},"ATo":{"weight":0.1932,"played":[0.0036,0.9964],"evs":[0.0,1.3788]},"J2s":{"weight":0.0,"played":[1.0,0.0],"evs":[0.0,-3.07212]},"J3s":{"weight":0.0,"played":[0.9999,1.0E-4],"evs":[0.0,-3.05487]},"J4s":{"weight":0.0,"played":[1.0,0.0],"evs":[0.0,-3.17518]},"J5s":{"weight":0.0,"played":[1.0,0.0],"evs":[0.0,-2.7388]},"J6s":{"weight":0.0,"played":[1.0,0.0],"evs":[0.0,-2.35648]},"J7s":{"weight":0.0,"played":[1.0,0.0],"evs":[0.0,-2.04243]},"J8s":{"weight":0.0,"played":[1.0,0.0],"evs":[0.0,-1.20836]},"J9s":{"weight":0.0,"played":[0.9993,7.0E-4],"evs":[0.0,-0.92039]},"JTs":{"weight":0.8878,"played":[0.978,0.022],"evs":[0.0,-0.24819]},"JJ":{"weight":0.0,"played":[0.0,1.0],"evs":[0.0,10.2361]},"QJo":{"weight":0.0013,"played":[1.0,0.0],"evs":[0.0,-1.37072]},"KJo":{"weight":0.3196,"played":[0.9996,4.0E-4],"evs":[0.0,-1.0718]},"AJo":{"weight":0.0,"played":[0.0,1.0],"evs":[0.0,3.11804]},"Q2s":{"weight":0.0,"played":[1.0,0.0],"evs":[0.0,-2.80548]},"Q3s":{"weight":0.0,"played":[0.9998,2.0E-4],"evs":[0.0,-2.98691]},"Q4s":{"weight":0.0,"played":[0.9998,2.0E-4],"evs":[0.0,-2.53011]},"Q5s":{"weight":0.0,"played":[0.9994,6.0E-4],"evs":[0.0,-2.19102]},"Q6s":{"weight":0.0,"played":[1.0,0.0],"evs":[0.0,-1.66701]},"Q7s":{"weight":0.0,"played":[1.0,0.0],"evs":[0.0,-1.97996]},"Q8s":{"weight":0.0,"played":[1.0,0.0],"evs":[0.0,-1.19836]},"Q9s":{"weight":8.0E-4,"played":[0.9997,3.0E-4],"evs":[0.0,-0.73331]},"QTs":{"weight":0.9962,"played":[0.9757,0.0243],"evs":[0.0,-0.25064]},"QJs":{"weight":0.9516,"played":[0.014,0.986],"evs":[0.0,0.10876]},"QQ":{"weight":0.0011,"played":[0.0,1.0],"evs":[0.0,12.05777]},"KQo":{"weight":0.0027,"played":[0.8909,0.1091],"evs":[0.0,-0.32654]},"AQo":{"weight":1.0E-4,"played":[0.0,1.0],"evs":[0.0,5.19119]},"K2s":{"weight":0.0,"played":[1.0,0.0],"evs":[0.0,-2.8629]},"K3s":{"weight":0.0,"played":[1.0,0.0],"evs":[0.0,-2.49771]},"K4s":{"weight":0.0,"played":[1.0,0.0],"evs":[0.0,-2.32614]},"K5s":{"weight":0.0,"played":[0.9999,1.0E-4],"evs":[0.0,-1.77144]},"K6s":{"weight":0.0,"played":[0.9996,4.0E-4],"evs":[0.0,-1.63553]},"K7s":{"weight":0.0,"played":[0.9999,1.0E-4],"evs":[0.0,-1.55256]},"K8s":{"weight":0.0,"played":[0.9999,1.0E-4],"evs":[0.0,-1.45387]},"K9s":{"weight":0.303,"played":[0.9999,1.0E-4],"evs":[0.0,-1.12663]},"KTs":{"weight":0.6075,"played":[0.8028,0.1972],"evs":[0.0,-0.12699]},"KJs":{"weight":0.8462,"played":[2.0E-4,0.9998],"evs":[0.0,0.38547]},"KQs":{"weight":0.0019,"played":[0.0,1.0],"evs":[0.0,1.35867]},"KK":{"weight":0.0191,"played":[0.0,1.0],"evs":[0.0,13.7577]},"AKo":{"weight":0.0,"played":[0.0,1.0],"evs":[0.0,7.36541]},"A2s":{"weight":0.0,"played":[0.9993,7.0E-4],"evs":[0.0,-1.77219]},"A3s":{"weight":0.0095,"played":[0.9987,0.0013],"evs":[0.0,-1.63519]},"A4s":{"weight":0.571,"played":[1.0,0.0],"evs":[0.0,-1.3087]},"A5s":{"weight":0.52,"played":[0.9992,8.0E-4],"evs":[0.0,-0.65212]},"A6s":{"weight":0.5908,"played":[0.9982,0.0018],"evs":[0.0,-1.13806]},"A7s":{"weight":0.2004,"played":[0.9598,0.0402],"evs":[0.0,-0.16956]},"A8s":{"weight":0.4322,"played":[0.5408,0.4592],"evs":[0.0,0.02116]},"A9s":{"weight":0.9998,"played":[2.0E-4,0.9998],"evs":[0.0,0.74952]},"ATs":{"weight":0.4344,"played":[4.0E-4,0.9996],"evs":[0.0,2.4839]},"AJs":{"weight":0.0021,"played":[0.0,1.0],"evs":[0.0,4.4554]},"AQs":{"weight":4.0E-4,"played":[0.0,1.0],"evs":[0.0,6.19283]},"AKs":{"weight":3.0E-4,"played":[0.0,1.0],"evs":[0.0,8.3411]},"AA":{"weight":1.0,"played":[0.0,1.0],"evs":[0.0,18.96654]}}}