{"player":0,"street":0,"children":2,"sequence":[{"player":0,"type":"R","amount":200000,"street":0},{"player":1,"type":"F","amount":0,"street":0},{"player":2,"type":"R","amount":1565000,"street":0},{"player":3,"type":"F","amount":0,"street":0},{"player":4,"type":"R","amount":2055000,"street":0}],"actions":[{"type":"F","amount":0},{"type":"C","amount":1795000}],"hands":{"22":{"weight":0.0,"played":[0.9998,2.0E-4],"evs":[0.0,-4.65222]},"32o":{"weight":0.0,"played":[1.0,0.0],"evs":[0.0,-9.72594]},"42o":{"weight":0.0,"played":[1.0,0.0],"evs":[0.0,-9.29449]},"52o":{"weight":0.0,"played":[1.0,0.0],"evs":[0.0,-9.08633]},"62o":{"weight":0.0,"played":[1.0,0.0],"evs":[0.0,-9.88697]},"72o":{"weight":0.0,"played":[1.0,0.0],"evs":[0.0,-10.57857]},"82o":{"weight":0.0,"played":[1.0,0.0],"evs":[0.0,-9.6237]},"92o":{"weight":0.0,"played":[1.0,0.0],"evs":[0.0,-9.4002]},"T2o":{"weight":0.0,"played":[1.0,0.0],"evs":[0.0,-9.28172]},"J2o":{"weight":0.0,"played":[1.0,0.0],"evs":[0.0,-9.79166]},"Q2o":{"weight":0.0,"played":[1.0,0.0],"evs":[0.0,-9.15116]},"K2o":{"weight":0.0,"played":[1.0,0.0],"evs":[0.0,-7.97743]},"A2o":{"weight":0.0,"played":[1.0,0.0],"evs":[0.0,-8.60519]},"32s":{"weight":0.0,"played":[1.0,0.0],"evs":[0.0,-6.88445]},"33":{"weight":0.9994,"played":[1.0,0.0],"evs":[0.0,-4.32933]},"43o":{"weight":0.0,"played":[1.0,0.0],"evs":[0.0,-8.25492]},"53o":{"weight":0.0,"played":[1.0,0.0],"evs":[0.0,-8.17096]},"63o":{"weight":0.0,"played":[1.0,0.0],"evs":[0.0,-8.62198]},"73o":{"weight":0.0,"played":[1.0,0.0],"evs":[0.0,-9.28725]},"83o":{"weight":0.0,"played":[1.0,0.0],"evs":[0.0,-9.40792]},"93o":{"weight":0.0,"played":[1.0,0.0],"evs":[0.0,-8.9387]},"T3o":{"weight":0.0,"played":[1.0,0.0],"evs":[0.0,-9.14932]},"J3o":{"weight":0.0,"played":[1.0,0.0],"evs":[0.0,-9.17275]},"Q3o":{"weight":0.0,"played":[1.0,0.0],"evs":[0.0,-8.92586]},"K3o":{"weight":0.0,"played":[1.0,0.0],"evs":[0.0,-7.81073]},"A3o":{"weight":0.0,"played":[1.0,0.0],"evs":[0.0,-8.09174]},"42s":{"weight":0.0,"played":[0.9999,1.0E-4],"evs":[0.0,-6.50816]},"43s":{"weight":0.0,"played":[1.0,0.0],"evs":[0.0,-5.59396]},"44":{"weight":0.8448,"played":[0.9999,1.0E-4],"evs":[0.0,-3.71659]},"54o":{"weight":0.0,"played":[1.0,0.0],"evs":[0.0,-6.94675]},"64o":{"weight":0.0,"played":[1.0,0.0],"evs":[0.0,-7.40319]},"74o":{"weight":0.0,"played":[1.0,0.0],"evs":[0.0,-8.60329]},"84o":{"weight":0.0,"played":[1.0,0.0],"evs":[0.0,-8.7319]},"94o":{"weight":0.0,"played":[1.0,0.0],"evs":[0.0,-9.08572]},"T4o":{"weight":0.0,"played":[1.0,0.0],"evs":[0.0,-8.37761]},"J4o":{"weight":0.0,"played":[1.0,0.0],"evs":[0.0,-8.93264]},"Q4o":{"weight":0.0,"played":[1.0,0.0],"evs":[0.0,-8.87694]},"K4o":{"weight":0.0,"played":[1.0,0.0],"evs":[0.0,-7.71743]},"A4o":{"weight":0.0,"played":[1.0,0.0],"evs":[0.0,-8.03619]},"52s":{"weight":0.0,"played":[1.0,0.0],"evs":[0.0,-6.4207]},"53s":{"weight":0.0,"played":[1.0,0.0],"evs":[0.0,-5.58011]},"54s":{"weight":0.0,"played":[0.9997,3.0E-4],"evs":[0.0,-5.12197]},"55":{"weight":0.9218,"played":[0.9999,1.0E-4],"evs":[0.0,-2.77046]},"65o":{"weight":0.0,"played":[1.0,0.0],"evs":[0.0,-6.25629]},"75o":{"weight":0.0,"played":[1.0,0.0],"evs":[0.0,-7.44593]},"85o":{"weight":0.0,"played":[1.0,0.0],"evs":[0.0,-7.64614]},"95o":{"weight":0.0,"played":[1.0,0.0],"evs":[0.0,-7.93789]},"T5o":{"weight":0.0,"played":[1.0,0.0],"evs":[0.0,-8.87712]},"J5o":{"weight":0.0,"played":[1.0,0.0],"evs":[0.0,-9.04566]},"Q5o":{"weight":0.0,"played":[1.0,0.0],"evs":[0.0,-8.11976]},"K5o":{"weight":0.0,"played":[1.0,0.0],"evs":[0.0,-7.24175]},"A5o":{"weight":0.7777,"played":[1.0,0.0],"evs":[0.0,-7.79177]},"62s":{"weight":0.0,"played":[1.0,0.0],"evs":[0.0,-6.67232]},"63s":{"weight":0.0,"played":[1.0,0.0],"evs":[0.0,-6.06517]},"64s":{"weight":0.0,"played":[1.0,0.0],"evs":[0.0,-4.95992]},"65s":{"weight":0.0,"played":[0.9999,1.0E-4],"evs":[0.0,-3.68504]},"66":{"weight":0.8752,"played":[0.9997,3.0E-4],"evs":[0.0,-1.68318]},"76o":{"weight":0.0,"played":[1.0,0.0],"evs":[0.0,-5.82338]},"86o":{"weight":0.0,"played":[1.0,0.0],"evs":[0.0,-6.26674]},"96o":{"weight":0.0,"played":[1.0,0.0],"evs":[0.0,-6.95383]},"T6o":{"weight":0.0,"played":[1.0,0.0],"evs":[0.0,-7.31256]},"J6o":{"weight":0.0,"played":[1.0,0.0],"evs":[0.0,-8.58223]},"Q6o":{"weight":0.0,"played":[1.0,0.0],"evs":[0.0,-7.57452]},"K6o":{"weight":0.0,"played":[1.0,0.0],"evs":[0.0,-6.5749]},"A6o":{"weight":0.0055,"played":[1.0,0.0],"evs":[0.0,-8.34243]},"72s":{"weight":0.0,"played":[1.0,0.0],"evs":[0.0,-8.3161]},"73s":{"weight":0.0,"played":[0.9999,1.0E-4],"evs":[0.0,-6.10774]},"74s":{"weight":0.0,"played":[1.0,0.0],"evs":[0.0,-5.9212]},"75s":{"weight":0.0,"played":[0.9997,3.0E-4],"evs":[0.0,-4.55639]},"76s":{"weight":0.0,"played":[1.0,0.0],"evs":[0.0,-3.46872]},"77":{"weight":0.9998,"played":[0.6103,0.3897],"evs":[0.0,-0.09173]},"87o":{"weight":0.0,"played":[1.0,0.0],"evs":[0.0,-5.85405]},"97o":{"weight":0.0,"played":[1.0,0.0],"evs":[0.0,-5.93752]},"T7o":{"weight":0.0,"played":[1.0,0.0],"evs":[0.0,-6.46941]},"J7o":{"weight":0.0,"played":[1.0,0.0],"evs":[0.0,-7.13225]},"Q7o":{"weight":0.0,"played":[1.0,0.0],"evs":[0.0,-7.99874]},"K7o":{"weight":0.0,"played":[1.0,0.0],"evs":[0.0,-6.6741]},"A7o":{"weight":1.0,"played":[1.0,0.0],"evs":[0.0,-8.0013]},"82s":{"weight":0.0,"played":[1.0,0.0],"evs":[0.0,-7.04678]},"83s":{"weight":0.0,"played":[0.9999,1.0E-4],"evs":[0.0,-6.94517]},"84s":{"weight":0.0,"played":[1.0,0.0],"evs":[0.0,-6.64004]},"85s":{"weight":0.0,"played":[1.0,0.0],"evs":[0.0,-4.96492]},"86s":{"weight":0.0,"played":[0.9988,0.0012],"evs":[0.0,-4.13257]},"87s":{"weight":0.0,"played":[0.9999,1.0E-4],"evs":[0.0,-2.39821]},"88":{"weight":1.0,"played":[0.0015,0.9985],"evs":[0.0,1.79559]},"98o":{"weight":0.0,"played":[1.0,0.0],"evs":[0.0,-4.84998]},"T8o":{"weight":0.0,"played":[1.0,0.0],"evs":[0.0,-5.55036]},"J8o":{"weight":0.0,"played":[1.0,0.0],"evs":[0.0,-5.95703]},"Q8o":{"weight":0.0,"played":[1.0,0.0],"evs":[0.0,-6.19589]},"K8o":{"weight":0.0,"played":[1.0,0.0],"evs":[0.0,-6.31145]},"A8o":{"weight":1.0,"played":[1.0,0.0],"evs":[0.0,-7.46147]},"92s":{"weight":0.0,"played":[0.9998,2.0E-4],"evs":[0.0,-6.44432]},"93s":{"weight":0.0,"played":[1.0,0.0],"evs":[0.0,-6.07582]},"94s":{"weight":0.0,"played":[1.0,0.0],"evs":[0.0,-5.72338]},"95s":{"weight":0.0,"played":[1.0,0.0],"evs":[0.0,-5.99044]},"96s":{"weight":0.0,"played":[0.9999,1.0E-4],"evs":[0.0,-4.67433]},"97s":{"weight":0.0,"played":[0.9999,1.0E-4],"evs":[0.0,-2.69111]},"98s":{"weight":0.974,"played":[0.9999,1.0E-4],"evs":[0.0,-2.96442]},"99":{"weight":1.0,"played":[0.0,1.0],"evs":[0.0,3.63715]},"T9o":{"weight":0.0,"played":[1.0,0.0],"evs":[0.0,-4.44462]},"J9o":{"weight":0.0,"played":[1.0,0.0],"evs":[0.0,-4.88813]},"Q9o":{"weight":0.0,"played":[1.0,0.0],"evs":[0.0,-5.4048]},"K9o":{"weight":0.0,"played":[1.0,0.0],"evs":[0.0,-5.09453]},"A9o":{"weight":0.9308,"played":[1.0,0.0],"evs":[0.0,-6.25089]},"T2s":{"weight":0.0,"played":[1.0,0.0],"evs":[0.0,-6.41763]},"T3s":{"weight":0.0,"played":[1.0,0.0],"evs":[0.0,-5.72415]},"T4s":{"weight":0.0,"played":[1.0,0.0],"evs":[0.0,-5.97513]},"T5s":{"weight":0.0,"played":[1.0,0.0],"evs":[0.0,-5.80631]},"T6s":{"weight":0.0,"played":[0.9997,3.0E-4],"evs":[0.0,-4.96624]},"T7s":{"weight":0.0,"played":[0.9996,4.0E-4],"evs":[0.0,-2.99568]},"T8s":{"weight":0.9461,"played":[0.9999,1.0E-4],"evs":[0.0,-2.88787]},"T9s":{"weight":1.0,"played":[0.9999,1.0E-4],"evs":[0.0,-1.69267]},"TT":{"weight":1.0,"played":[0.0,1.0],"evs":[0.0,6.03559]},"JTo":{"weight":0.9934,"played":[1.0,0.0],"evs":[0.0,-4.24984]},"QTo":{"weight":0.9999,"played":[1.0,0.0],"evs":[0.0,-4.51897]},"KTo":{"weight":1.0,"played":[1.0,0.0],"evs":[0.0,-4.31733]},"ATo":{"weight":0.8385,"played":[0.9999,1.0E-4],"evs":[0.0,-5.21006]},"J2s":{"weight":0.0,"played":[1.0,0.0],"evs":[0.0,-6.47139]},"J3s":{"weight":0.0,"played":[1.0,0.0],"evs":[0.0,-7.23494]},"J4s":{"weight":0.0,"played":[1.0,0.0],"evs":[0.0,-6.02868]},"J5s":{"weight":0.0,"played":[1.0,0.0],"evs":[0.0,-5.69089]},"J6s":{"weight":0.0,"played":[1.0,0.0],"evs":[0.0,-5.01702]},"J7s":{"weight":0.0,"played":[0.9998,2.0E-4],"evs":[0.0,-4.59508]},"J8s":{"weight":0.6296,"played":[0.9999,1.0E-4],"evs":[0.0,-3.44378]},"J9s":{"weight":1.0,"played":[0.9999,1.0E-4],"evs":[0.0,-2.56547]},"JTs":{"weight":0.9706,"played":[0.9991,9.0E-4],"evs":[0.0,-1.3863]},"JJ":{"weight":1.0,"played":[0.0,1.0],"evs":[0.0,9.69064]},"QJo":{"weight":1.0,"played":[1.0,0.0],"evs":[0.0,-4.38941]},"KJo":{"weight":1.0,"played":[0.9998,2.0E-4],"evs":[0.0,-3.87902]},"AJo":{"weight":0.9496,"played":[0.9998,2.0E-4],"evs":[0.0,-3.4321]},"Q2s":{"weight":0.0,"played":[1.0,0.0],"evs":[0.0,-6.4566]},"Q3s":{"weight":0.0,"played":[1.0,0.0],"evs":[0.0,-5.73559]},"Q4s":{"weight":0.0,"played":[1.0,0.0],"evs":[0.0,-6.08833]},"Q5s":{"weight":0.0,"played":[1.0,0.0],"evs":[0.0,-5.63422]},"Q6s":{"weight":0.0,"played":[0.9999,1.0E-4],"evs":[0.0,-4.96446]},"Q7s":{"weight":0.0,"played":[0.9998,2.0E-4],"evs":[0.0,-5.21812]},"Q8s":{"weight":0.9951,"played":[1.0,0.0],"evs":[0.0,-4.0087]},"Q9s":{"weight":0.9999,"played":[0.9997,3.0E-4],"evs":[0.0,-1.93077]},"QTs":{"weight":1.0,"played":[0.9995,5.0E-4],"evs":[0.0,-2.43505]},"QJs":{"weight":0.9759,"played":[0.9965,0.0035],"evs":[0.0,-2.39681]},"QQ":{"weight":1.0,"played":[0.0,1.0],"evs":[0.0,15.04433]},"KQo":{"weight":0.9064,"played":[0.9999,1.0E-4],"evs":[0.0,-2.77078]},"AQo":{"weight":0.9841,"played":[0.3956,0.6044],"evs":[0.0,0.13956]},"K2s":{"weight":0.0,"played":[0.9998,2.0E-4],"evs":[0.0,-5.28069]},"K3s":{"weight":0.0,"played":[0.9998,2.0E-4],"evs":[0.0,-5.20759]},"K4s":{"weight":0.0,"played":[1.0,0.0],"evs":[0.0,-4.62166]},"K5s":{"weight":0.0,"played":[0.9999,1.0E-4],"evs":[0.0,-4.13989]},"K6s":{"weight":0.9724,"played":[1.0,0.0],"evs":[0.0,-3.66265]},"K7s":{"weight":0.9991,"played":[1.0,0.0],"evs":[0.0,-3.90814]},"K8s":{"weight":1.0,"played":[1.0,0.0],"evs":[0.0,-3.39525]},"K9s":{"weight":0.9999,"played":[0.9999,1.0E-4],"evs":[0.0,-2.49794]},"KTs":{"weight":0.932,"played":[0.9984,0.0016],"evs":[0.0,-1.7741]},"KJs":{"weight":0.9998,"played":[0.9984,0.0016],"evs":[0.0,-1.37456]},"KQs":{"weight":0.9995,"played":[0.9945,0.0055],"evs":[0.0,-0.52787]},"KK":{"weight":1.0,"played":[0.0,1.0],"evs":[0.0,20.78415]},"AKo":{"weight":1.0,"played":[0.0,1.0],"evs":[0.0,4.21866]},"A2s":{"weight":1.0,"played":[1.0,0.0],"evs":[0.0,-6.01528]},"A3s":{"weight":1.0,"played":[1.0,0.0],"evs":[0.0,-6.06895]},"A4s":{"weight":1.0,"played":[1.0,0.0],"evs":[0.0,-4.72849]},"A5s":{"weight":0.9283,"played":[0.9996,4.0E-4],"evs":[0.0,-5.12609]},"A6s":{"weight":1.0,"played":[0.9998,2.0E-4],"evs":[0.0,-5.50136]},"A7s":{"weight":0.9732,"played":[0.9997,3.0E-4],"evs":[0.0,-5.03054]},"A8s":{"weight":0.9989,"played":[0.9999,1.0E-4],"evs":[0.0,-4.05996]},"A9s":{"weight":1.0,"played":[0.9998,2.0E-4],"evs":[0.0,-3.56669]},"ATs":{"weight":0.9999,"played":[0.9995,5.0E-4],"evs":[0.0,-2.44182]},"AJs":{"weight":0.9999,"played":[0.9989,0.0011],"evs":[0.0,-1.06578]},"AQs":{"weight":1.0,"played":[0.0,1.0],"evs":[0.0,1.9942]},"AKs":{"weight":0.9999,"played":[0.0,1.0],"evs":[0.0,6.40806]},"AA":{"weight":1.0,"played":[0.0,1.0],"evs":[0.0,29.02787]}}}