{"player":0,"street":0,"children":2,"sequence":[{"player":0,"type":"R","amount":200000,"street":0},{"player":1,"type":"C","amount":200000,"street":0},{"player":2,"type":"F","amount":0,"street":0},{"player":3,"type":"F","amount":0,"street":0},{"player":4,"type":"R","amount":1995000,"street":0}],"actions":[{"type":"F","amount":0,"node":88},{"type":"C","amount":1795000,"node":89}],"hands":{"22":{"weight":0.0,"played":[0.9998,2.0E-4],"evs":[0.0,-2.70846]},"32o":{"weight":0.0,"played":[1.0,0.0],"evs":[0.0,-8.74425]},"42o":{"weight":0.0,"played":[1.0,0.0],"evs":[0.0,-8.46039]},"52o":{"weight":0.0,"played":[1.0,0.0],"evs":[0.0,-8.2574]},"62o":{"weight":0.0,"played":[1.0,0.0],"evs":[0.0,-8.78276]},"72o":{"weight":0.0,"played":[1.0,0.0],"evs":[0.0,-9.37106]},"82o":{"weight":0.0,"played":[1.0,0.0],"evs":[0.0,-8.54736]},"92o":{"weight":0.0,"played":[1.0,0.0],"evs":[0.0,-8.81315]},"T2o":{"weight":0.0,"played":[1.0,0.0],"evs":[0.0,-8.55156]},"J2o":{"weight":0.0,"played":[1.0,0.0],"evs":[0.0,-8.25249]},"Q2o":{"weight":0.0,"played":[1.0,0.0],"evs":[0.0,-7.86332]},"K2o":{"weight":0.0,"played":[1.0,0.0],"evs":[0.0,-7.38483]},"A2o":{"weight":0.0,"played":[1.0,0.0],"evs":[0.0,-3.64421]},"32s":{"weight":0.0,"played":[1.0,0.0],"evs":[0.0,-6.80782]},"33":{"weight":0.9994,"played":[0.9998,2.0E-4],"evs":[0.0,-2.20609]},"43o":{"weight":0.0,"played":[1.0,0.0],"evs":[0.0,-7.50239]},"53o":{"weight":0.0,"played":[1.0,0.0],"evs":[0.0,-7.1278]},"63o":{"weight":0.0,"played":[1.0,0.0],"evs":[0.0,-7.93268]},"73o":{"weight":0.0,"played":[1.0,0.0],"evs":[0.0,-8.6524]},"83o":{"weight":0.0,"played":[1.0,0.0],"evs":[0.0,-8.58313]},"93o":{"weight":0.0,"played":[1.0,0.0],"evs":[0.0,-8.69083]},"T3o":{"weight":0.0,"played":[1.0,0.0],"evs":[0.0,-8.4387]},"J3o":{"weight":0.0,"played":[1.0,0.0],"evs":[0.0,-8.16252]},"Q3o":{"weight":0.0,"played":[1.0,0.0],"evs":[0.0,-7.7224]},"K3o":{"weight":0.0,"played":[1.0,0.0],"evs":[0.0,-7.42998]},"A3o":{"weight":0.0,"played":[1.0,0.0],"evs":[0.0,-3.4335]},"42s":{"weight":0.0,"played":[1.0,0.0],"evs":[0.0,-6.37377]},"43s":{"weight":0.0,"played":[1.0,0.0],"evs":[0.0,-5.58558]},"44":{"weight":0.8448,"played":[0.9996,4.0E-4],"evs":[0.0,-1.33812]},"54o":{"weight":0.0,"played":[1.0,0.0],"evs":[0.0,-6.45813]},"64o":{"weight":0.0,"played":[1.0,0.0],"evs":[0.0,-6.84779]},"74o":{"weight":0.0,"played":[1.0,0.0],"evs":[0.0,-7.70417]},"84o":{"weight":0.0,"played":[1.0,0.0],"evs":[0.0,-7.49001]},"94o":{"weight":0.0,"played":[1.0,0.0],"evs":[0.0,-8.35229]},"T4o":{"weight":0.0,"played":[1.0,0.0],"evs":[0.0,-7.94551]},"J4o":{"weight":0.0,"played":[1.0,0.0],"evs":[0.0,-7.6902]},"Q4o":{"weight":0.0,"played":[1.0,0.0],"evs":[0.0,-7.31526]},"K4o":{"weight":0.0,"played":[1.0,0.0],"evs":[0.0,-6.8524]},"A4o":{"weight":0.0,"played":[1.0,0.0],"evs":[0.0,-3.16488]},"52s":{"weight":0.0,"played":[1.0,0.0],"evs":[0.0,-6.02412]},"53s":{"weight":0.0,"played":[1.0,0.0],"evs":[0.0,-5.33301]},"54s":{"weight":0.0,"played":[1.0,0.0],"evs":[0.0,-4.81975]},"55":{"weight":0.9218,"played":[0.7811,0.2189],"evs":[0.0,-0.35113]},"65o":{"weight":0.0,"played":[1.0,0.0],"evs":[0.0,-6.05349]},"75o":{"weight":0.0,"played":[1.0,0.0],"evs":[0.0,-6.82049]},"85o":{"weight":0.0,"played":[1.0,0.0],"evs":[0.0,-6.90685]},"95o":{"weight":0.0,"played":[1.0,0.0],"evs":[0.0,-7.70565]},"T5o":{"weight":0.0,"played":[1.0,0.0],"evs":[0.0,-7.94256]},"J5o":{"weight":0.0,"played":[1.0,0.0],"evs":[0.0,-7.43766]},"Q5o":{"weight":0.0,"played":[1.0,0.0],"evs":[0.0,-7.23289]},"K5o":{"weight":0.0,"played":[1.0,0.0],"evs":[0.0,-6.743]},"A5o":{"weight":0.7777,"played":[1.0,0.0],"evs":[0.0,-2.7766]},"62s":{"weight":0.0,"played":[1.0,0.0],"evs":[0.0,-6.57155]},"63s":{"weight":0.0,"played":[1.0,0.0],"evs":[0.0,-5.2667]},"64s":{"weight":0.0,"played":[0.9999,1.0E-4],"evs":[0.0,-5.15085]},"65s":{"weight":0.0,"played":[0.9997,3.0E-4],"evs":[0.0,-4.32186]},"66":{"weight":0.8752,"played":[1.0E-4,0.9999],"evs":[0.0,0.64869]},"76o":{"weight":0.0,"played":[1.0,0.0],"evs":[0.0,-6.12718]},"86o":{"weight":0.0,"played":[1.0,0.0],"evs":[0.0,-6.06464]},"96o":{"weight":0.0,"played":[1.0,0.0],"evs":[0.0,-6.78572]},"T6o":{"weight":0.0,"played":[1.0,0.0],"evs":[0.0,-7.14795]},"J6o":{"weight":0.0,"played":[1.0,0.0],"evs":[0.0,-7.47011]},"Q6o":{"weight":0.0,"played":[1.0,0.0],"evs":[0.0,-6.94271]},"K6o":{"weight":0.0,"played":[1.0,0.0],"evs":[0.0,-6.33016]},"A6o":{"weight":0.0055,"played":[1.0,0.0],"evs":[0.0,-3.31495]},"72s":{"weight":0.0,"played":[1.0,0.0],"evs":[0.0,-7.12432]},"73s":{"weight":0.0,"played":[1.0,0.0],"evs":[0.0,-6.51196]},"74s":{"weight":0.0,"played":[1.0,0.0],"evs":[0.0,-5.53835]},"75s":{"weight":0.0,"played":[1.0,0.0],"evs":[0.0,-5.16843]},"76s":{"weight":0.0,"played":[1.0,0.0],"evs":[0.0,-4.01269]},"77":{"weight":0.9998,"played":[0.0,1.0],"evs":[0.0,1.64578]},"87o":{"weight":0.0,"played":[1.0,0.0],"evs":[0.0,-5.52686]},"97o":{"weight":0.0,"played":[1.0,0.0],"evs":[0.0,-6.16519]},"T7o":{"weight":0.0,"played":[1.0,0.0],"evs":[0.0,-6.40048]},"J7o":{"weight":0.0,"played":[1.0,0.0],"evs":[0.0,-6.90416]},"Q7o":{"weight":0.0,"played":[1.0,0.0],"evs":[0.0,-7.1395]},"K7o":{"weight":0.0,"played":[1.0,0.0],"evs":[0.0,-6.57884]},"A7o":{"weight":1.0,"played":[1.0,0.0],"evs":[0.0,-2.46952]},"82s":{"weight":0.0,"played":[1.0,0.0],"evs":[0.0,-6.64544]},"83s":{"weight":0.0,"played":[1.0,0.0],"evs":[0.0,-6.86324]},"84s":{"weight":0.0,"played":[1.0,0.0],"evs":[0.0,-5.64631]},"85s":{"weight":0.0,"played":[1.0,0.0],"evs":[0.0,-5.05493]},"86s":{"weight":0.0,"played":[1.0,0.0],"evs":[0.0,-4.29546]},"87s":{"weight":0.0,"played":[1.0,0.0],"evs":[0.0,-3.97628]},"88":{"weight":1.0,"played":[0.0,1.0],"evs":[0.0,3.75809]},"98o":{"weight":0.0,"played":[1.0,0.0],"evs":[0.0,-5.30596]},"T8o":{"weight":0.0,"played":[1.0,0.0],"evs":[0.0,-5.47431]},"J8o":{"weight":0.0,"played":[1.0,0.0],"evs":[0.0,-5.85292]},"Q8o":{"weight":0.0,"played":[1.0,0.0],"evs":[0.0,-5.87009]},"K8o":{"weight":0.0,"played":[1.0,0.0],"evs":[0.0,-5.9114]},"A8o":{"weight":1.0,"played":[1.0,0.0],"evs":[0.0,-1.85248]},"92s":{"weight":0.0,"played":[1.0,0.0],"evs":[0.0,-6.93198]},"93s":{"weight":0.0,"played":[1.0,0.0],"evs":[0.0,-6.41242]},"94s":{"weight":0.0,"played":[1.0,0.0],"evs":[0.0,-5.91347]},"95s":{"weight":0.0,"played":[1.0,0.0],"evs":[0.0,-5.16707]},"96s":{"weight":0.0,"played":[1.0,0.0],"evs":[0.0,-4.80711]},"97s":{"weight":0.0,"played":[0.9997,3.0E-4],"evs":[0.0,-4.30128]},"98s":{"weight":0.974,"played":[1.0,0.0],"evs":[0.0,-3.26543]},"99":{"weight":1.0,"played":[0.0,1.0],"evs":[0.0,5.18413]},"T9o":{"weight":0.0,"played":[1.0,0.0],"evs":[0.0,-4.80312]},"J9o":{"weight":0.0,"played":[1.0,0.0],"evs":[0.0,-5.03542]},"Q9o":{"weight":0.0,"played":[1.0,0.0],"evs":[0.0,-5.34313]},"K9o":{"weight":0.0,"played":[1.0,0.0],"evs":[0.0,-5.00955]},"A9o":{"weight":0.9308,"played":[0.9999,1.0E-4],"evs":[0.0,-1.32976]},"T2s":{"weight":0.0,"played":[1.0,0.0],"evs":[0.0,-6.52932]},"T3s":{"weight":0.0,"played":[1.0,0.0],"evs":[0.0,-6.35737]},"T4s":{"weight":0.0,"played":[1.0,0.0],"evs":[0.0,-6.10795]},"T5s":{"weight":0.0,"played":[1.0,0.0],"evs":[0.0,-5.94906]},"T6s":{"weight":0.0,"played":[1.0,0.0],"evs":[0.0,-4.73358]},"T7s":{"weight":0.0,"played":[0.9999,1.0E-4],"evs":[0.0,-4.34113]},"T8s":{"weight":0.9461,"played":[1.0,0.0],"evs":[0.0,-3.86267]},"T9s":{"weight":1.0,"played":[0.9999,1.0E-4],"evs":[0.0,-2.81822]},"TT":{"weight":1.0,"played":[0.0,1.0],"evs":[0.0,7.24959]},"JTo":{"weight":0.9934,"played":[1.0,0.0],"evs":[0.0,-4.18917]},"QTo":{"weight":0.9999,"played":[1.0,0.0],"evs":[0.0,-4.20642]},"KTo":{"weight":1.0,"played":[1.0,0.0],"evs":[0.0,-2.88845]},"ATo":{"weight":0.8385,"played":[0.7049,0.2951],"evs":[0.0,-0.01777]},"J2s":{"weight":0.0,"played":[1.0,0.0],"evs":[0.0,-6.28309]},"J3s":{"weight":0.0,"played":[1.0,0.0],"evs":[0.0,-5.96879]},"J4s":{"weight":0.0,"played":[1.0,0.0],"evs":[0.0,-5.39844]},"J5s":{"weight":0.0,"played":[1.0,0.0],"evs":[0.0,-5.71394]},"J6s":{"weight":0.0,"played":[1.0,0.0],"evs":[0.0,-5.17409]},"J7s":{"weight":0.0,"played":[1.0,0.0],"evs":[0.0,-4.71111]},"J8s":{"weight":0.6296,"played":[1.0,0.0],"evs":[0.0,-3.62814]},"J9s":{"weight":1.0,"played":[0.9997,3.0E-4],"evs":[0.0,-3.43306]},"JTs":{"weight":0.9706,"played":[0.9998,2.0E-4],"evs":[0.0,-2.31795]},"JJ":{"weight":1.0,"played":[0.0,1.0],"evs":[0.0,9.96414]},"QJo":{"weight":1.0,"played":[1.0,0.0],"evs":[0.0,-3.64802]},"KJo":{"weight":1.0,"played":[1.0,0.0],"evs":[0.0,-1.98127]},"AJo":{"weight":0.9496,"played":[0.0,1.0],"evs":[0.0,1.30033]},"Q2s":{"weight":0.0,"played":[1.0,0.0],"evs":[0.0,-5.83306]},"Q3s":{"weight":0.0,"played":[1.0,0.0],"evs":[0.0,-5.71536]},"Q4s":{"weight":0.0,"played":[1.0,0.0],"evs":[0.0,-5.20079]},"Q5s":{"weight":0.0,"played":[1.0,0.0],"evs":[0.0,-4.97395]},"Q6s":{"weight":0.0,"played":[1.0,0.0],"evs":[0.0,-4.4181]},"Q7s":{"weight":0.0,"played":[1.0,0.0],"evs":[0.0,-4.43492]},"Q8s":{"weight":0.9951,"played":[1.0,0.0],"evs":[0.0,-4.05681]},"Q9s":{"weight":0.9999,"played":[0.9995,5.0E-4],"evs":[0.0,-3.4587]},"QTs":{"weight":1.0,"played":[1.0,0.0],"evs":[0.0,-2.03974]},"QJs":{"weight":0.9759,"played":[0.9999,1.0E-4],"evs":[0.0,-1.58734]},"QQ":{"weight":1.0,"played":[0.0,1.0],"evs":[0.0,13.25631]},"KQo":{"weight":0.9064,"played":[0.9996,4.0E-4],"evs":[0.0,-0.57959]},"AQo":{"weight":0.9841,"played":[0.0,1.0],"evs":[0.0,4.17977]},"K2s":{"weight":0.0,"played":[0.9999,1.0E-4],"evs":[0.0,-5.43972]},"K3s":{"weight":0.0,"played":[1.0,0.0],"evs":[0.0,-5.22831]},"K4s":{"weight":0.0,"played":[0.9999,1.0E-4],"evs":[0.0,-4.71394]},"K5s":{"weight":0.0,"played":[1.0,0.0],"evs":[0.0,-4.85998]},"K6s":{"weight":0.9724,"played":[1.0,0.0],"evs":[0.0,-4.21453]},"K7s":{"weight":0.9991,"played":[1.0,0.0],"evs":[0.0,-4.3078]},"K8s":{"weight":1.0,"played":[1.0,0.0],"evs":[0.0,-3.92136]},"K9s":{"weight":0.9999,"played":[0.9999,1.0E-4],"evs":[0.0,-3.21036]},"KTs":{"weight":0.932,"played":[0.9996,4.0E-4],"evs":[0.0,-0.99826]},"KJs":{"weight":0.9998,"played":[0.4484,0.5516],"evs":[0.0,-0.05324]},"KQs":{"weight":0.9995,"played":[0.017,0.983],"evs":[0.0,1.01815]},"KK":{"weight":1.0,"played":[0.0,1.0],"evs":[0.0,17.06448]},"AKo":{"weight":1.0,"played":[0.0,1.0],"evs":[0.0,7.60715]},"A2s":{"weight":1.0,"played":[1.0,0.0],"evs":[0.0,-1.49502]},"A3s":{"weight":1.0,"played":[0.9999,1.0E-4],"evs":[0.0,-1.34903]},"A4s":{"weight":1.0,"played":[1.0,0.0],"evs":[0.0,-1.08745]},"A5s":{"weight":0.9283,"played":[1.0,0.0],"evs":[0.0,-0.8772]},"A6s":{"weight":1.0,"played":[0.9999,1.0E-4],"evs":[0.0,-1.22003]},"A7s":{"weight":0.9732,"played":[0.9765,0.0235],"evs":[0.0,-0.63417]},"A8s":{"weight":0.9989,"played":[0.886,0.114],"evs":[0.0,0.00655]},"A9s":{"weight":1.0,"played":[0.0864,0.9136],"evs":[0.0,0.32208]},"ATs":{"weight":0.9999,"played":[0.0011,0.9989],"evs":[0.0,1.64404]},"AJs":{"weight":0.9999,"played":[0.0,1.0],"evs":[0.0,3.23789]},"AQs":{"weight":1.0,"played":[0.0,1.0],"evs":[0.0,5.77296]},"AKs":{"weight":0.9999,"played":[0.0,1.0],"evs":[0.0,8.69786]},"AA":{"weight":1.0,"played":[0.0,1.0],"evs":[0.0,23.26339]}}}