{"player":4,"street":0,"children":3,"sequence":[{"player":0,"type":"R","amount":200000,"street":0},{"player":1,"type":"C","amount":200000,"street":0},{"player":2,"type":"F","amount":0,"street":0},{"player":3,"type":"C","amount":150000,"street":0}],"actions":[{"type":"F","amount":0},{"type":"C","amount":100000},{"type":"R","amount":2055000,"node":91}],"hands":{"22":{"weight":1.0,"played":[0.0,0.9995,5.0E-4],"evs":[0.0,1.95716,0.76762]},"32o":{"weight":1.0,"played":[0.0634,0.9366,0.0],"evs":[0.0,0.1857,-3.93683]},"42o":{"weight":1.0,"played":[0.0462,0.9538,0.0],"evs":[0.0,0.23827,-3.51377]},"52o":{"weight":1.0,"played":[0.0406,0.9594,0.0],"evs":[0.0,0.25043,-3.33274]},"62o":{"weight":1.0,"played":[0.5912,0.4088,0.0],"evs":[0.0,0.05058,-3.80468]},"72o":{"weight":1.0,"played":[1.0,0.0,0.0],"evs":[0.0,-0.11973,-4.41885]},"82o":{"weight":1.0,"played":[1.0,0.0,0.0],"evs":[0.0,-0.08623,-4.07505]},"92o":{"weight":1.0,"played":[0.9986,0.0014,0.0],"evs":[0.0,-0.0032,-3.75749]},"T2o":{"weight":1.0,"played":[1.0,0.0,0.0],"evs":[0.0,-0.17426,-3.97581]},"J2o":{"weight":1.0,"played":[1.0,0.0,0.0],"evs":[0.0,-0.02277,-3.33093]},"Q2o":{"weight":1.0,"played":[0.1961,0.8039,0.0],"evs":[0.0,0.14511,-2.82394]},"K2o":{"weight":1.0,"played":[0.0132,0.9868,0.0],"evs":[0.0,0.23559,-1.99133]},"A2o":{"weight":1.0,"played":[7.0E-4,0.9993,0.0],"evs":[0.0,0.72319,-0.18769]},"32s":{"weight":1.0,"played":[0.0032,0.9967,0.0],"evs":[0.0,0.77243,-2.03597]},"33":{"weight":1.0,"played":[1.0E-4,0.9992,7.0E-4],"evs":[0.0,2.01207,1.93582]},"43o":{"weight":1.0,"played":[0.0125,0.9875,0.0],"evs":[0.0,0.40491,-2.80401]},"53o":{"weight":1.0,"played":[0.0077,0.9923,0.0],"evs":[0.0,0.46992,-2.60499]},"63o":{"weight":1.0,"played":[0.0318,0.9682,0.0],"evs":[0.0,0.28257,-3.05235]},"73o":{"weight":1.0,"played":[0.1701,0.8299,0.0],"evs":[0.0,0.07229,-3.54535]},"83o":{"weight":1.0,"played":[1.0,0.0,0.0],"evs":[0.0,-0.08583,-3.90294]},"93o":{"weight":1.0,"played":[1.0,0.0,0.0],"evs":[0.0,-0.0589,-3.53818]},"T3o":{"weight":1.0,"played":[1.0,0.0,0.0],"evs":[0.0,-0.09029,-3.49406]},"J3o":{"weight":1.0,"played":[0.2492,0.7508,0.0],"evs":[0.0,0.05165,-2.9647]},"Q3o":{"weight":1.0,"played":[0.0838,0.9162,0.0],"evs":[0.0,0.10983,-2.59614]},"K3o":{"weight":1.0,"played":[0.0115,0.9885,0.0],"evs":[0.0,0.29687,-1.86716]},"A3o":{"weight":1.0,"played":[0.0,0.9999,0.0],"evs":[0.0,0.67258,0.17277]},"42s":{"weight":1.0,"played":[7.0E-4,0.9993,0.0],"evs":[0.0,0.7728,-1.65124]},"43s":{"weight":1.0,"played":[0.0011,0.9989,0.0],"evs":[0.0,1.04588,-1.03591]},"44":{"weight":1.0,"played":[0.0,0.0069,0.9931],"evs":[0.0,2.07461,2.9444]},"54o":{"weight":1.0,"played":[0.003,0.997,0.0],"evs":[0.0,0.65201,-1.53582]},"64o":{"weight":1.0,"played":[0.0062,0.9938,0.0],"evs":[0.0,0.48102,-2.14256]},"74o":{"weight":1.0,"played":[0.0473,0.9527,0.0],"evs":[0.0,0.23075,-2.69494]},"84o":{"weight":1.0,"played":[0.0864,0.9136,0.0],"evs":[0.0,0.13177,-3.00408]},"94o":{"weight":1.0,"played":[1.0,0.0,0.0],"evs":[0.0,-0.04849,-3.40589]},"T4o":{"weight":1.0,"played":[1.0,0.0,0.0],"evs":[0.0,-0.15644,-3.08537]},"J4o":{"weight":1.0,"played":[0.6374,0.3626,0.0],"evs":[0.0,0.00506,-2.63446]},"Q4o":{"weight":1.0,"played":[0.0092,0.9908,0.0],"evs":[0.0,0.2181,-2.17762]},"K4o":{"weight":1.0,"played":[0.0041,0.9959,0.0],"evs":[0.0,0.41463,-1.3814]},"A4o":{"weight":1.0,"played":[0.0,0.9858,0.0142],"evs":[0.0,0.83519,0.47349]},"52s":{"weight":1.0,"played":[0.0021,0.9979,0.0],"evs":[0.0,0.75913,-1.67718]},"53s":{"weight":1.0,"played":[4.0E-4,0.9996,0.0],"evs":[0.0,1.07597,-0.68414]},"54s":{"weight":1.0,"played":[0.002,0.9979,1.0E-4],"evs":[0.0,1.40725,-0.02861]},"55":{"weight":1.0,"played":[0.0,0.0,1.0],"evs":[0.0,2.25024,4.1598]},"65o":{"weight":1.0,"played":[0.0019,0.9981,0.0],"evs":[0.0,0.67765,-1.38574]},"75o":{"weight":1.0,"played":[0.0029,0.9971,0.0],"evs":[0.0,0.42505,-1.88656]},"85o":{"weight":1.0,"played":[0.0319,0.9681,0.0],"evs":[0.0,0.26303,-2.21305]},"95o":{"weight":1.0,"played":[0.4032,0.5968,0.0],"evs":[0.0,0.13629,-2.37095]},"T5o":{"weight":1.0,"played":[0.9942,0.0058,0.0],"evs":[0.0,-0.15546,-3.12977]},"J5o":{"weight":1.0,"played":[0.9834,0.0166,0.0],"evs":[0.0,-0.01179,-2.43782]},"Q5o":{"weight":1.0,"played":[0.0337,0.9663,0.0],"evs":[0.0,0.14823,-2.05439]},"K5o":{"weight":1.0,"played":[0.0027,0.9973,0.0],"evs":[0.0,0.33286,-1.06046]},"A5o":{"weight":1.0,"played":[0.0,0.3729,0.6271],"evs":[0.0,0.9096,1.01721]},"62s":{"weight":1.0,"played":[0.0033,0.9967,0.0],"evs":[0.0,0.6581,-1.79151]},"63s":{"weight":1.0,"played":[3.0E-4,0.9997,0.0],"evs":[0.0,0.83917,-1.0483]},"64s":{"weight":1.0,"played":[0.0013,0.9987,0.0],"evs":[0.0,1.36342,-0.25325]},"65s":{"weight":1.0,"played":[2.0E-4,0.9998,0.0],"evs":[0.0,1.20608,0.13692]},"66":{"weight":1.0,"played":[0.0,0.0,1.0],"evs":[0.0,2.30381,5.07792]},"76o":{"weight":1.0,"played":[4.0E-4,0.9996,0.0],"evs":[0.0,0.61605,-1.34419]},"86o":{"weight":1.0,"played":[0.0171,0.9829,0.0],"evs":[0.0,0.53633,-1.37743]},"96o":{"weight":1.0,"played":[0.06,0.94,0.0],"evs":[0.0,0.34257,-1.86487]},"T6o":{"weight":1.0,"played":[0.6788,0.3212,0.0],"evs":[0.0,-0.01864,-2.32086]},"J6o":{"weight":1.0,"played":[0.6804,0.3196,0.0],"evs":[0.0,-0.02195,-2.4031]},"Q6o":{"weight":1.0,"played":[0.0103,0.9897,0.0],"evs":[0.0,0.21005,-1.69756]},"K6o":{"weight":1.0,"played":[9.0E-4,0.9991,0.0],"evs":[0.0,0.4405,-0.83691]},"A6o":{"weight":1.0,"played":[0.0,0.9824,0.0176],"evs":[0.0,0.84365,0.61036]},"72s":{"weight":1.0,"played":[8.0E-4,0.9992,0.0],"evs":[0.0,0.5548,-2.09565]},"73s":{"weight":1.0,"played":[0.0038,0.9962,0.0],"evs":[0.0,0.77189,-1.40604]},"74s":{"weight":1.0,"played":[0.0115,0.9885,0.0],"evs":[0.0,0.80553,-1.05824]},"75s":{"weight":1.0,"played":[0.0012,0.9987,0.0],"evs":[0.0,1.13753,-0.27562]},"76s":{"weight":1.0,"played":[2.0E-4,0.9998,0.0],"evs":[0.0,1.12871,0.08098]},"77":{"weight":1.0,"played":[0.0,0.0,1.0],"evs":[0.0,2.62859,6.12586]},"87o":{"weight":1.0,"played":[0.0051,0.9949,0.0],"evs":[0.0,0.5981,-1.027]},"97o":{"weight":1.0,"played":[0.0363,0.9637,0.0],"evs":[0.0,0.47489,-1.48813]},"T7o":{"weight":1.0,"played":[0.0442,0.9558,0.0],"evs":[0.0,0.18151,-1.60415]},"J7o":{"weight":1.0,"played":[0.0662,0.9338,0.0],"evs":[0.0,0.16454,-1.78972]},"Q7o":{"weight":1.0,"played":[0.0123,0.9877,0.0],"evs":[0.0,0.232,-1.56721]},"K7o":{"weight":1.0,"played":[0.0013,0.9987,0.0],"evs":[0.0,0.43733,-0.64808]},"A7o":{"weight":1.0,"played":[0.0,0.1321,0.8679],"evs":[0.0,1.08137,1.10026]},"82s":{"weight":1.0,"played":[7.0E-4,0.9993,0.0],"evs":[0.0,0.57423,-2.21367]},"83s":{"weight":1.0,"played":[0.0049,0.9951,0.0],"evs":[0.0,0.50927,-2.22403]},"84s":{"weight":1.0,"played":[0.0016,0.9984,0.0],"evs":[0.0,0.63488,-1.44759]},"85s":{"weight":1.0,"played":[0.0043,0.9957,0.0],"evs":[0.0,1.02832,-0.41927]},"86s":{"weight":1.0,"played":[1.0E-4,0.9999,0.0],"evs":[0.0,1.28,0.28174]},"87s":{"weight":1.0,"played":[0.0,0.9869,0.013],"evs":[0.0,1.18544,0.60328]},"88":{"weight":1.0,"played":[0.0,0.0,1.0],"evs":[0.0,2.86641,7.61607]},"98o":{"weight":1.0,"played":[0.0045,0.9955,0.0],"evs":[0.0,0.63015,-0.733]},"T8o":{"weight":1.0,"played":[0.0,1.0,0.0],"evs":[0.0,0.46548,-0.91372]},"J8o":{"weight":1.0,"played":[6.0E-4,0.9994,0.0],"evs":[0.0,0.36479,-1.10626]},"Q8o":{"weight":1.0,"played":[0.002,0.998,0.0],"evs":[0.0,0.47277,-0.92187]},"K8o":{"weight":1.0,"played":[2.0E-4,0.9998,0.0],"evs":[0.0,0.49866,-0.67443]},"A8o":{"weight":1.0,"played":[0.0,0.0162,0.9838],"evs":[0.0,1.29815,1.55818]},"92s":{"weight":1.0,"played":[0.0036,0.9964,0.0],"evs":[0.0,0.5729,-2.05686]},"93s":{"weight":1.0,"played":[0.0041,0.9959,0.0],"evs":[0.0,0.44981,-1.97827]},"94s":{"weight":1.0,"played":[0.0026,0.9974,0.0],"evs":[0.0,0.60259,-1.2779]},"95s":{"weight":1.0,"played":[0.0067,0.9933,0.0],"evs":[0.0,0.71426,-0.91027]},"96s":{"weight":1.0,"played":[0.0015,0.9984,0.0],"evs":[0.0,0.95778,-0.15175]},"97s":{"weight":1.0,"played":[2.0E-4,0.9998,0.0],"evs":[0.0,1.10945,0.59521]},"98s":{"weight":1.0,"played":[0.0028,0.995,0.0023],"evs":[0.0,1.37381,1.16986]},"99":{"weight":1.0,"played":[0.0,0.0,1.0],"evs":[0.0,3.08253,8.99437]},"T9o":{"weight":1.0,"played":[0.003,0.997,0.0],"evs":[0.0,0.57505,-0.46229]},"J9o":{"weight":1.0,"played":[0.001,0.999,0.0],"evs":[0.0,0.64048,-0.42255]},"Q9o":{"weight":1.0,"played":[2.0E-4,0.9998,0.0],"evs":[0.0,0.60768,-0.31369]},"K9o":{"weight":1.0,"played":[4.0E-4,0.9995,0.0],"evs":[0.0,0.86309,0.13562]},"A9o":{"weight":1.0,"played":[0.0,3.0E-4,0.9997],"evs":[0.0,1.64846,2.35639]},"T2s":{"weight":1.0,"played":[0.0042,0.9958,0.0],"evs":[0.0,0.56068,-1.66266]},"T3s":{"weight":1.0,"played":[0.0126,0.9874,0.0],"evs":[0.0,0.40785,-1.49094]},"T4s":{"weight":1.0,"played":[0.0011,0.9989,0.0],"evs":[0.0,0.57472,-1.17903]},"T5s":{"weight":1.0,"played":[0.0021,0.9979,0.0],"evs":[0.0,0.48767,-1.2738]},"T6s":{"weight":1.0,"played":[0.0104,0.9895,1.0E-4],"evs":[0.0,0.6716,-0.69332]},"T7s":{"weight":1.0,"played":[0.0026,0.9907,0.0067],"evs":[0.0,0.90465,-0.11706]},"T8s":{"weight":1.0,"played":[2.0E-4,0.9998,0.0],"evs":[0.0,1.06917,0.77467]},"T9s":{"weight":1.0,"played":[3.0E-4,0.2337,0.7659],"evs":[0.0,1.39053,1.39195]},"TT":{"weight":1.0,"played":[0.0,0.0,1.0],"evs":[0.0,3.87223,10.91139]},"JTo":{"weight":1.0,"played":[2.0E-4,0.9998,1.0E-4],"evs":[0.0,0.80982,0.37761]},"QTo":{"weight":1.0,"played":[3.0E-4,0.9996,0.0],"evs":[0.0,1.05337,0.78073]},"KTo":{"weight":1.0,"played":[0.0,0.9964,0.0036],"evs":[0.0,1.56147,1.33056]},"ATo":{"weight":1.0,"played":[0.0,0.0,1.0],"evs":[0.0,2.29381,4.00931]},"J2s":{"weight":1.0,"played":[2.0E-4,0.9998,0.0],"evs":[0.0,0.79378,-1.42914]},"J3s":{"weight":1.0,"played":[0.0028,0.9972,0.0],"evs":[0.0,0.61383,-1.07465]},"J4s":{"weight":1.0,"played":[2.0E-4,0.9997,1.0E-4],"evs":[0.0,0.70015,-0.90727]},"J5s":{"weight":1.0,"played":[0.0063,0.9937,0.0],"evs":[0.0,0.68255,-0.51877]},"J6s":{"weight":1.0,"played":[3.0E-4,0.9997,0.0],"evs":[0.0,0.70735,-0.43343]},"J7s":{"weight":1.0,"played":[2.0E-4,0.9997,0.0],"evs":[0.0,0.88848,0.15481]},"J8s":{"weight":1.0,"played":[3.0E-4,0.9996,0.0],"evs":[0.0,1.03872,0.5372]},"J9s":{"weight":1.0,"played":[1.0E-4,0.8358,0.1641],"evs":[0.0,1.29822,1.25294]},"JTs":{"weight":1.0,"played":[0.0,0.0028,0.9972],"evs":[0.0,1.5426,1.98622]},"JJ":{"weight":1.0,"played":[0.0,0.0,1.0],"evs":[0.0,5.3689,13.05086]},"QJo":{"weight":1.0,"played":[0.0,1.0,0.0],"evs":[0.0,1.50222,1.21783]},"KJo":{"weight":1.0,"played":[0.0,0.0955,0.9045],"evs":[0.0,1.97631,2.0808]},"AJo":{"weight":1.0,"played":[0.0,0.0,1.0],"evs":[0.0,2.90733,5.54776]},"Q2s":{"weight":1.0,"played":[6.0E-4,0.9994,0.0],"evs":[0.0,0.88209,-0.97436]},"Q3s":{"weight":1.0,"played":[0.0115,0.9884,1.0E-4],"evs":[0.0,0.83934,-0.64256]},"Q4s":{"weight":1.0,"played":[4.0E-4,0.9996,0.0],"evs":[0.0,0.82389,-0.28711]},"Q5s":{"weight":1.0,"played":[0.0017,0.996,0.0023],"evs":[0.0,0.88914,-0.03623]},"Q6s":{"weight":1.0,"played":[5.0E-4,0.9995,0.0],"evs":[0.0,1.00392,0.23409]},"Q7s":{"weight":1.0,"played":[1.0E-4,0.9999,0.0],"evs":[0.0,0.9847,0.24623]},"Q8s":{"weight":1.0,"played":[8.0E-4,0.9989,3.0E-4],"evs":[0.0,1.27179,0.80614]},"Q9s":{"weight":1.0,"played":[0.0,0.5471,0.4529],"evs":[0.0,1.54528,1.40076]},"QTs":{"weight":1.0,"played":[0.0,0.0538,0.9462],"evs":[0.0,2.07516,2.64075]},"QJs":{"weight":1.0,"played":[0.0,0.0181,0.9819],"evs":[0.0,2.44682,3.08525]},"QQ":{"weight":1.0,"played":[0.0,0.0,1.0],"evs":[0.0,7.45257,15.45918]},"KQo":{"weight":1.0,"played":[0.0,0.0,1.0],"evs":[0.0,2.67366,3.30015]},"AQo":{"weight":1.0,"played":[0.0,0.0,1.0],"evs":[0.0,3.56776,6.92417]},"K2s":{"weight":1.0,"played":[0.0014,0.9986,0.0],"evs":[0.0,1.00526,-0.30263]},"K3s":{"weight":1.0,"played":[1.0E-4,0.9999,0.0],"evs":[0.0,1.05234,-0.11053]},"K4s":{"weight":1.0,"played":[2.0E-4,0.9983,0.0015],"evs":[0.0,1.1822,0.4306]},"K5s":{"weight":1.0,"played":[1.0E-4,0.9999,0.0],"evs":[0.0,1.15144,0.55092]},"K6s":{"weight":1.0,"played":[0.0,0.9918,0.0082],"evs":[0.0,1.18384,0.69908]},"K7s":{"weight":1.0,"played":[0.0,0.9981,0.0019],"evs":[0.0,1.48285,1.12109]},"K8s":{"weight":1.0,"played":[0.0,0.9438,0.0562],"evs":[0.0,1.3967,1.1219]},"K9s":{"weight":1.0,"played":[1.0E-4,0.1779,0.822],"evs":[0.0,1.85416,2.13921]},"KTs":{"weight":1.0,"played":[0.0,0.024,0.976],"evs":[0.0,2.54425,2.86195]},"KJs":{"weight":1.0,"played":[0.0,0.0233,0.9767],"evs":[0.0,3.01895,4.02678]},"KQs":{"weight":1.0,"played":[0.0,0.0,1.0],"evs":[0.0,3.40765,4.56606]},"KK":{"weight":1.0,"played":[0.0,0.0,1.0],"evs":[0.0,10.07476,18.06073]},"AKo":{"weight":1.0,"played":[0.0,0.0,1.0],"evs":[0.0,4.3104,8.44824]},"A2s":{"weight":1.0,"played":[2.0E-4,0.2113,0.7886],"evs":[0.0,1.59273,1.67038]},"A3s":{"weight":1.0,"played":[0.0,0.0619,0.9381],"evs":[0.0,1.88129,1.91058]},"A4s":{"weight":1.0,"played":[0.0,0.0017,0.9983],"evs":[0.0,1.66873,2.14723]},"A5s":{"weight":1.0,"played":[0.0,1.0E-4,0.9999],"evs":[0.0,1.94429,2.91413]},"A6s":{"weight":1.0,"played":[0.0,0.0023,0.9977],"evs":[0.0,1.88362,2.62558]},"A7s":{"weight":1.0,"played":[0.0,0.0059,0.9941],"evs":[0.0,1.96697,2.61929]},"A8s":{"weight":1.0,"played":[0.0,0.0,1.0],"evs":[0.0,2.34597,3.30796]},"A9s":{"weight":1.0,"played":[0.0,1.0E-4,0.9999],"evs":[0.0,2.7367,3.92254]},"ATs":{"weight":1.0,"played":[0.0,0.0,1.0],"evs":[0.0,3.22528,5.59658]},"AJs":{"weight":1.0,"played":[0.0,0.0,1.0],"evs":[0.0,4.07013,6.9605]},"AQs":{"weight":1.0,"played":[0.0,0.0,1.0],"evs":[0.0,4.71577,8.63277]},"AKs":{"weight":1.0,"played":[0.0,0.0,1.0],"evs":[0.0,5.36047,9.63954]},"AA":{"weight":1.0,"played":[0.0,0.0,1.0],"evs":[0.0,14.12195,21.80307]}}}