{"player":1,"street":0,"children":2,"sequence":[{"player":0,"type":"R","amount":200000,"street":0},{"player":1,"type":"C","amount":200000,"street":0},{"player":2,"type":"F","amount":0,"street":0},{"player":3,"type":"C","amount":150000,"street":0},{"player":4,"type":"R","amount":2055000,"street":0},{"player":0,"type":"F","amount":0,"street":0}],"actions":[{"type":"F","amount":0},{"type":"C","amount":105000,"node":93}],"hands":{"22":{"weight":0.0,"played":[0.0,1.0],"evs":[0.0,4.18999]},"32o":{"weight":0.0,"played":[0.0,1.0],"evs":[0.0,2.47064]},"42o":{"weight":0.0,"played":[0.0,1.0],"evs":[0.0,2.60615]},"52o":{"weight":0.0,"played":[0.0,1.0],"evs":[0.0,2.64395]},"62o":{"weight":0.0,"played":[0.0,1.0],"evs":[0.0,2.4659]},"72o":{"weight":0.0,"played":[0.0,1.0],"evs":[0.0,2.40081]},"82o":{"weight":0.0,"played":[0.0,1.0],"evs":[0.0,2.42319]},"92o":{"weight":0.0,"played":[0.0,1.0],"evs":[0.0,2.43719]},"T2o":{"weight":0.0,"played":[0.0,1.0],"evs":[0.0,2.4586]},"J2o":{"weight":0.0,"played":[0.0,1.0],"evs":[0.0,2.51187]},"Q2o":{"weight":0.0,"played":[0.0,1.0],"evs":[0.0,2.67832]},"K2o":{"weight":0.0,"played":[0.0,1.0],"evs":[0.0,2.80392]},"A2o":{"weight":0.0,"played":[0.0,1.0],"evs":[0.0,3.35218]},"32s":{"weight":0.0,"played":[0.0,1.0],"evs":[0.0,2.96518]},"33":{"weight":0.0,"played":[0.0,1.0],"evs":[0.0,4.40275]},"43o":{"weight":0.0,"played":[0.0,1.0],"evs":[0.0,2.74068]},"53o":{"weight":0.0,"played":[0.0,1.0],"evs":[0.0,2.90283]},"63o":{"weight":0.0,"played":[0.0,1.0],"evs":[0.0,2.68179]},"73o":{"weight":0.0,"played":[0.0,1.0],"evs":[0.0,2.539]},"83o":{"weight":0.0,"played":[0.0,1.0],"evs":[0.0,2.39721]},"93o":{"weight":0.0,"played":[0.0,1.0],"evs":[0.0,2.49506]},"T3o":{"weight":0.0,"played":[0.0,1.0],"evs":[0.0,2.4583]},"J3o":{"weight":0.0,"played":[0.0,1.0],"evs":[0.0,2.65596]},"Q3o":{"weight":0.0,"played":[0.0,1.0],"evs":[0.0,2.85392]},"K3o":{"weight":0.0,"played":[0.0,1.0],"evs":[0.0,2.86218]},"A3o":{"weight":1.0E-4,"played":[0.0,1.0],"evs":[0.0,3.4056]},"42s":{"weight":0.0,"played":[0.0,1.0],"evs":[0.0,3.13962]},"43s":{"weight":0.0,"played":[0.0,1.0],"evs":[0.0,3.26837]},"44":{"weight":0.0,"played":[0.0,1.0],"evs":[0.0,4.65905]},"54o":{"weight":0.0,"played":[0.0,1.0],"evs":[0.0,3.03612]},"64o":{"weight":0.0,"played":[0.0,1.0],"evs":[0.0,2.95794]},"74o":{"weight":0.0,"played":[0.0,1.0],"evs":[0.0,2.78328]},"84o":{"weight":0.0,"played":[0.0,1.0],"evs":[0.0,2.63123]},"94o":{"weight":0.0,"played":[0.0,1.0],"evs":[0.0,2.50193]},"T4o":{"weight":0.0,"played":[0.0,1.0],"evs":[0.0,2.62859]},"J4o":{"weight":0.0,"played":[0.0,1.0],"evs":[0.0,2.67835]},"Q4o":{"weight":0.0,"played":[0.0,1.0],"evs":[0.0,2.83424]},"K4o":{"weight":0.0,"played":[0.0,1.0],"evs":[0.0,3.06273]},"A4o":{"weight":0.0,"played":[0.0,1.0],"evs":[0.0,3.50427]},"52s":{"weight":0.0,"played":[0.0,1.0],"evs":[0.0,2.99888]},"53s":{"weight":0.0,"played":[0.0,1.0],"evs":[0.0,3.43327]},"54s":{"weight":0.992,"played":[0.0,1.0],"evs":[0.0,3.34674]},"55":{"weight":0.9691,"played":[0.0,1.0],"evs":[0.0,4.88921]},"65o":{"weight":0.0,"played":[0.0,1.0],"evs":[0.0,3.22161]},"75o":{"weight":0.0,"played":[0.0,1.0],"evs":[0.0,3.01492]},"85o":{"weight":0.0,"played":[0.0,1.0],"evs":[0.0,2.8499]},"95o":{"weight":0.0,"played":[0.0,1.0],"evs":[0.0,2.75803]},"T5o":{"weight":0.0,"played":[0.0,1.0],"evs":[0.0,2.68301]},"J5o":{"weight":0.0,"played":[0.0,1.0],"evs":[0.0,2.65986]},"Q5o":{"weight":0.0,"played":[0.0,1.0],"evs":[0.0,2.90936]},"K5o":{"weight":0.0,"played":[0.0,1.0],"evs":[0.0,3.02979]},"A5o":{"weight":4.0E-4,"played":[0.0,1.0],"evs":[0.0,3.74788]},"62s":{"weight":0.0,"played":[0.0,1.0],"evs":[0.0,3.09535]},"63s":{"weight":0.0,"played":[0.0,1.0],"evs":[0.0,3.21292]},"64s":{"weight":2.0E-4,"played":[0.0,1.0],"evs":[0.0,3.46892]},"65s":{"weight":0.9999,"played":[0.0,1.0],"evs":[0.0,3.65726]},"66":{"weight":1.0,"played":[0.0,1.0],"evs":[0.0,5.48112]},"76o":{"weight":0.0,"played":[0.0,1.0],"evs":[0.0,3.14922]},"86o":{"weight":0.0,"played":[0.0,1.0],"evs":[0.0,3.14148]},"96o":{"weight":0.0,"played":[0.0,1.0],"evs":[0.0,2.95222]},"T6o":{"weight":0.0,"played":[0.0,1.0],"evs":[0.0,2.90274]},"J6o":{"weight":0.0,"played":[0.0,1.0],"evs":[0.0,2.80246]},"Q6o":{"weight":0.0,"played":[0.0,1.0],"evs":[0.0,2.98693]},"K6o":{"weight":0.0,"played":[0.0,1.0],"evs":[0.0,3.12682]},"A6o":{"weight":4.0E-4,"played":[0.0,1.0],"evs":[0.0,3.57971]},"72s":{"weight":0.0,"played":[0.0,1.0],"evs":[0.0,2.97146]},"73s":{"weight":0.0,"played":[0.0,1.0],"evs":[0.0,3.07795]},"74s":{"weight":0.0,"played":[0.0,1.0],"evs":[0.0,3.11972]},"75s":{"weight":0.9557,"played":[0.0,1.0],"evs":[0.0,3.46244]},"76s":{"weight":0.9998,"played":[0.0,1.0],"evs":[0.0,3.65155]},"77":{"weight":1.0,"played":[0.0,1.0],"evs":[0.0,5.58028]},"87o":{"weight":0.0,"played":[0.0,1.0],"evs":[0.0,3.1419]},"97o":{"weight":0.0,"played":[0.0,1.0],"evs":[0.0,3.16957]},"T7o":{"weight":0.0,"played":[0.0,1.0],"evs":[0.0,2.96387]},"J7o":{"weight":0.0,"played":[0.0,1.0],"evs":[0.0,2.99791]},"Q7o":{"weight":0.0,"played":[0.0,1.0],"evs":[0.0,2.92145]},"K7o":{"weight":0.0,"played":[0.0,1.0],"evs":[0.0,3.05874]},"A7o":{"weight":1.0E-4,"played":[0.0,1.0],"evs":[0.0,3.81994]},"82s":{"weight":0.0,"played":[0.0,1.0],"evs":[0.0,2.78999]},"83s":{"weight":0.0,"played":[0.0,1.0],"evs":[0.0,2.66929]},"84s":{"weight":0.0,"played":[0.0,1.0],"evs":[0.0,3.17241]},"85s":{"weight":0.0,"played":[0.0,1.0],"evs":[0.0,3.34288]},"86s":{"weight":0.9995,"played":[0.0,1.0],"evs":[0.0,3.5337]},"87s":{"weight":1.0,"played":[0.0,1.0],"evs":[0.0,3.65592]},"88":{"weight":1.0,"played":[0.0,1.0],"evs":[0.0,6.043]},"98o":{"weight":0.0,"played":[0.0,1.0],"evs":[0.0,3.1918]},"T8o":{"weight":0.0,"played":[0.0,1.0],"evs":[0.0,3.15896]},"J8o":{"weight":0.0,"played":[0.0,1.0],"evs":[0.0,3.1422]},"Q8o":{"weight":0.0,"played":[0.0,1.0],"evs":[0.0,3.15007]},"K8o":{"weight":0.0,"played":[0.0,1.0],"evs":[0.0,2.97239]},"A8o":{"weight":0.0187,"played":[0.0,1.0],"evs":[0.0,4.15519]},"92s":{"weight":0.0,"played":[0.0,1.0],"evs":[0.0,3.01393]},"93s":{"weight":0.0,"played":[0.0,1.0],"evs":[0.0,3.04402]},"94s":{"weight":0.0,"played":[0.0,1.0],"evs":[0.0,3.11772]},"95s":{"weight":0.0,"played":[0.0,1.0],"evs":[0.0,3.48508]},"96s":{"weight":0.9972,"played":[0.0,1.0],"evs":[0.0,3.49912]},"97s":{"weight":0.9999,"played":[0.0,1.0],"evs":[0.0,3.63482]},"98s":{"weight":1.0,"played":[0.0,1.0],"evs":[0.0,3.69118]},"99":{"weight":1.0,"played":[0.0,1.0],"evs":[0.0,6.41173]},"T9o":{"weight":0.9468,"played":[0.0,1.0],"evs":[0.0,3.40289]},"J9o":{"weight":0.0,"played":[0.0,1.0],"evs":[0.0,3.35217]},"Q9o":{"weight":0.2361,"played":[0.0,1.0],"evs":[0.0,3.34761]},"K9o":{"weight":1.0,"played":[0.0,1.0],"evs":[0.0,3.3919]},"A9o":{"weight":5.0E-4,"played":[0.0,1.0],"evs":[0.0,4.62818]},"T2s":{"weight":0.0,"played":[0.0,1.0],"evs":[0.0,3.16823]},"T3s":{"weight":0.0,"played":[0.0,1.0],"evs":[0.0,3.15621]},"T4s":{"weight":0.0,"played":[0.0,1.0],"evs":[0.0,3.10382]},"T5s":{"weight":0.0,"played":[0.0,1.0],"evs":[0.0,3.1492]},"T6s":{"weight":0.0,"played":[0.0,1.0],"evs":[0.0,3.54396]},"T7s":{"weight":1.0,"played":[0.0,1.0],"evs":[0.0,3.622]},"T8s":{"weight":1.0,"played":[0.0,1.0],"evs":[0.0,3.62749]},"T9s":{"weight":1.0,"played":[0.0,1.0],"evs":[0.0,3.88944]},"TT":{"weight":1.0,"played":[0.0,1.0],"evs":[0.0,6.8202]},"JTo":{"weight":1.0,"played":[0.0,1.0],"evs":[0.0,3.56139]},"QTo":{"weight":1.0,"played":[0.0,1.0],"evs":[0.0,3.55111]},"KTo":{"weight":1.0,"played":[0.0,1.0],"evs":[0.0,3.67557]},"ATo":{"weight":0.0,"played":[0.0,1.0],"evs":[0.0,5.00133]},"J2s":{"weight":0.0,"played":[0.0,1.0],"evs":[0.0,2.96814]},"J3s":{"weight":0.0,"played":[0.0,1.0],"evs":[0.0,3.16033]},"J4s":{"weight":0.0,"played":[0.0,1.0],"evs":[0.0,2.95929]},"J5s":{"weight":0.0,"played":[0.0,1.0],"evs":[0.0,3.31967]},"J6s":{"weight":0.0,"played":[0.0,1.0],"evs":[0.0,3.4961]},"J7s":{"weight":0.9998,"played":[0.0,1.0],"evs":[0.0,3.45568]},"J8s":{"weight":1.0,"played":[0.0,1.0],"evs":[0.0,3.59878]},"J9s":{"weight":1.0,"played":[0.0,1.0],"evs":[0.0,3.78986]},"JTs":{"weight":1.0,"played":[0.0,1.0],"evs":[0.0,4.02186]},"JJ":{"weight":1.0,"played":[0.0,1.0],"evs":[0.0,7.32474]},"QJo":{"weight":1.0,"played":[0.0,1.0],"evs":[0.0,3.80449]},"KJo":{"weight":1.0,"played":[0.0,1.0],"evs":[0.0,3.83234]},"AJo":{"weight":0.0,"played":[0.0,1.0],"evs":[0.0,5.52596]},"Q2s":{"weight":0.0,"played":[0.0,1.0],"evs":[0.0,3.28199]},"Q3s":{"weight":0.0,"played":[0.0,1.0],"evs":[0.0,3.17273]},"Q4s":{"weight":0.0,"played":[0.0,1.0],"evs":[0.0,3.32309]},"Q5s":{"weight":0.0,"played":[0.0,1.0],"evs":[0.0,3.31055]},"Q6s":{"weight":0.9981,"played":[0.0,1.0],"evs":[0.0,3.54417]},"Q7s":{"weight":0.997,"played":[0.0,1.0],"evs":[0.0,3.42166]},"Q8s":{"weight":1.0,"played":[0.0,1.0],"evs":[0.0,3.5905]},"Q9s":{"weight":1.0,"played":[0.0,1.0],"evs":[0.0,3.79633]},"QTs":{"weight":1.0,"played":[0.0,1.0],"evs":[0.0,4.0913]},"QJs":{"weight":1.0,"played":[0.0,1.0],"evs":[0.0,4.12499]},"QQ":{"weight":1.0,"played":[0.0,1.0],"evs":[0.0,7.92796]},"KQo":{"weight":0.3608,"played":[0.0,1.0],"evs":[0.0,4.27254]},"AQo":{"weight":0.0,"played":[0.0,1.0],"evs":[0.0,6.12446]},"K2s":{"weight":0.9805,"played":[0.0,1.0],"evs":[0.0,3.35804]},"K3s":{"weight":0.9985,"played":[0.0,1.0],"evs":[0.0,3.40784]},"K4s":{"weight":0.9997,"played":[0.0,1.0],"evs":[0.0,3.43666]},"K5s":{"weight":1.0,"played":[0.0,1.0],"evs":[0.0,3.51273]},"K6s":{"weight":1.0,"played":[0.0,1.0],"evs":[0.0,3.51697]},"K7s":{"weight":1.0,"played":[0.0,1.0],"evs":[0.0,3.52876]},"K8s":{"weight":1.0,"played":[0.0,1.0],"evs":[0.0,3.51445]},"K9s":{"weight":1.0,"played":[0.0,1.0],"evs":[0.0,4.0512]},"KTs":{"weight":1.0,"played":[0.0,1.0],"evs":[0.0,4.14277]},"KJs":{"weight":1.0,"played":[0.0,1.0],"evs":[0.0,4.24816]},"KQs":{"weight":1.0,"played":[0.0,1.0],"evs":[0.0,4.57858]},"KK":{"weight":1.0,"played":[0.0,1.0],"evs":[0.0,8.5214]},"AKo":{"weight":0.0,"played":[0.0,1.0],"evs":[0.0,6.43504]},"A2s":{"weight":1.0E-4,"played":[0.0,1.0],"evs":[0.0,4.0447]},"A3s":{"weight":7.0E-4,"played":[0.0,1.0],"evs":[0.0,3.84945]},"A4s":{"weight":0.1659,"played":[0.0,1.0],"evs":[0.0,3.91996]},"A5s":{"weight":0.9982,"played":[0.0,1.0],"evs":[0.0,4.17102]},"A6s":{"weight":0.9997,"played":[0.0,1.0],"evs":[0.0,4.05764]},"A7s":{"weight":1.0,"played":[0.0,1.0],"evs":[0.0,4.27413]},"A8s":{"weight":1.0,"played":[0.0,1.0],"evs":[0.0,4.6727]},"A9s":{"weight":0.9992,"played":[0.0,1.0],"evs":[0.0,4.96642]},"ATs":{"weight":0.9876,"played":[0.0,1.0],"evs":[0.0,5.52703]},"AJs":{"weight":0.9905,"played":[0.0,1.0],"evs":[0.0,5.78212]},"AQs":{"weight":0.9994,"played":[0.0,1.0],"evs":[0.0,6.35864]},"AKs":{"weight":0.9953,"played":[0.0,1.0],"evs":[0.0,6.77999]},"AA":{"weight":1.0,"played":[0.0,1.0],"evs":[0.0,10.0302]}}}