{"player":3,"street":0,"children":2,"sequence":[{"player":0,"type":"R","amount":200000,"street":0},{"player":1,"type":"C","amount":200000,"street":0},{"player":2,"type":"F","amount":0,"street":0},{"player":3,"type":"C","amount":150000,"street":0},{"player":4,"type":"R","amount":2055000,"street":0},{"player":0,"type":"F","amount":0,"street":0},{"player":1,"type":"C","amount":105000,"street":0}],"actions":[{"type":"F","amount":0},{"type":"C","amount":1855000}],"hands":{"22":{"weight":0.9994,"played":[0.0,1.0],"evs":[0.0,1.24733]},"32o":{"weight":0.0,"played":[1.0,0.0],"evs":[0.0,-5.67486]},"42o":{"weight":0.0,"played":[1.0,0.0],"evs":[0.0,-5.56922]},"52o":{"weight":0.0,"played":[1.0,0.0],"evs":[0.0,-5.39433]},"62o":{"weight":0.0,"played":[1.0,0.0],"evs":[0.0,-5.68955]},"72o":{"weight":0.0,"played":[1.0,0.0],"evs":[0.0,-6.79501]},"82o":{"weight":0.0,"played":[1.0,0.0],"evs":[0.0,-6.31907]},"92o":{"weight":0.0,"played":[1.0,0.0],"evs":[0.0,-6.28408]},"T2o":{"weight":0.0,"played":[1.0,0.0],"evs":[0.0,-6.45681]},"J2o":{"weight":0.0,"played":[1.0,0.0],"evs":[0.0,-5.95446]},"Q2o":{"weight":0.0,"played":[1.0,0.0],"evs":[0.0,-5.52641]},"K2o":{"weight":0.0,"played":[0.9999,1.0E-4],"evs":[0.0,-4.85846]},"A2o":{"weight":0.0367,"played":[0.9983,0.0017],"evs":[0.0,-1.97326]},"32s":{"weight":2.0E-4,"played":[0.9998,2.0E-4],"evs":[0.0,-3.78471]},"33":{"weight":0.9936,"played":[0.0,1.0],"evs":[0.0,1.94059]},"43o":{"weight":0.0,"played":[1.0,0.0],"evs":[0.0,-4.63052]},"53o":{"weight":0.0,"played":[1.0,0.0],"evs":[0.0,-4.15079]},"63o":{"weight":0.0,"played":[1.0,0.0],"evs":[0.0,-4.93804]},"73o":{"weight":0.0,"played":[1.0,0.0],"evs":[0.0,-5.58905]},"83o":{"weight":0.0,"played":[1.0,0.0],"evs":[0.0,-6.28818]},"93o":{"weight":0.0,"played":[1.0,0.0],"evs":[0.0,-6.07753]},"T3o":{"weight":0.0,"played":[1.0,0.0],"evs":[0.0,-6.36698]},"J3o":{"weight":0.0,"played":[1.0,0.0],"evs":[0.0,-5.4531]},"Q3o":{"weight":0.0,"played":[1.0,0.0],"evs":[0.0,-5.34904]},"K3o":{"weight":0.0,"played":[1.0,0.0],"evs":[0.0,-4.86738]},"A3o":{"weight":0.298,"played":[0.9997,3.0E-4],"evs":[0.0,-1.30386]},"42s":{"weight":0.0095,"played":[1.0,0.0],"evs":[0.0,-3.89214]},"43s":{"weight":0.9971,"played":[1.0,0.0],"evs":[0.0,-2.86876]},"44":{"weight":0.9987,"played":[1.0E-4,0.9999],"evs":[0.0,2.99647]},"54o":{"weight":0.0,"played":[1.0,0.0],"evs":[0.0,-3.22598]},"64o":{"weight":0.0,"played":[1.0,0.0],"evs":[0.0,-3.68136]},"74o":{"weight":0.0,"played":[1.0,0.0],"evs":[0.0,-4.57851]},"84o":{"weight":0.0,"played":[1.0,0.0],"evs":[0.0,-5.30773]},"94o":{"weight":0.0,"played":[1.0,0.0],"evs":[0.0,-6.10746]},"T4o":{"weight":0.0,"played":[1.0,0.0],"evs":[0.0,-5.82435]},"J4o":{"weight":0.0,"played":[1.0,0.0],"evs":[0.0,-5.69252]},"Q4o":{"weight":0.0,"played":[1.0,0.0],"evs":[0.0,-4.87245]},"K4o":{"weight":0.0,"played":[1.0,0.0],"evs":[0.0,-4.21323]},"A4o":{"weight":0.9999,"played":[0.9998,2.0E-4],"evs":[0.0,-1.22919]},"52s":{"weight":0.001,"played":[1.0,0.0],"evs":[0.0,-3.40519]},"53s":{"weight":0.9738,"played":[0.9969,0.0031],"evs":[0.0,-2.01873]},"54s":{"weight":0.9985,"played":[0.9984,0.0016],"evs":[0.0,-1.329]},"55":{"weight":0.1764,"played":[0.0,1.0],"evs":[0.0,4.72778]},"65o":{"weight":0.0,"played":[1.0,0.0],"evs":[0.0,-3.01266]},"75o":{"weight":0.0,"played":[1.0,0.0],"evs":[0.0,-3.90094]},"85o":{"weight":0.0,"played":[0.9998,2.0E-4],"evs":[0.0,-4.54105]},"95o":{"weight":0.0,"played":[1.0,0.0],"evs":[0.0,-5.06633]},"T5o":{"weight":0.0,"played":[1.0,0.0],"evs":[0.0,-5.89105]},"J5o":{"weight":0.0,"played":[1.0,0.0],"evs":[0.0,-5.40867]},"Q5o":{"weight":0.0,"played":[0.9999,1.0E-4],"evs":[0.0,-4.77993]},"K5o":{"weight":0.0,"played":[1.0,0.0],"evs":[0.0,-4.09899]},"A5o":{"weight":0.9992,"played":[0.9994,6.0E-4],"evs":[0.0,-0.35353]},"62s":{"weight":0.0,"played":[1.0,0.0],"evs":[0.0,-3.43682]},"63s":{"weight":0.3128,"played":[1.0,0.0],"evs":[0.0,-2.66177]},"64s":{"weight":0.9999,"played":[0.9957,0.0043],"evs":[0.0,-2.00257]},"65s":{"weight":0.9989,"played":[0.9932,0.0068],"evs":[0.0,-0.66844]},"66":{"weight":0.0084,"played":[0.0,1.0],"evs":[0.0,5.8727]},"76o":{"weight":0.0,"played":[1.0,0.0],"evs":[0.0,-2.82231]},"86o":{"weight":0.0,"played":[0.9999,1.0E-4],"evs":[0.0,-3.30035]},"96o":{"weight":0.0,"played":[1.0,0.0],"evs":[0.0,-3.70075]},"T6o":{"weight":0.0,"played":[1.0,0.0],"evs":[0.0,-4.92553]},"J6o":{"weight":0.0,"played":[1.0,0.0],"evs":[0.0,-4.96291]},"Q6o":{"weight":0.0,"played":[1.0,0.0],"evs":[0.0,-3.89113]},"K6o":{"weight":0.0,"played":[0.9998,2.0E-4],"evs":[0.0,-3.97822]},"A6o":{"weight":0.8002,"played":[0.9999,1.0E-4],"evs":[0.0,-0.55282]},"72s":{"weight":0.0,"played":[0.9999,1.0E-4],"evs":[0.0,-4.55856]},"73s":{"weight":0.0017,"played":[1.0,0.0],"evs":[0.0,-2.94256]},"74s":{"weight":0.9407,"played":[0.9999,1.0E-4],"evs":[0.0,-2.29051]},"75s":{"weight":0.9989,"played":[0.9998,2.0E-4],"evs":[0.0,-2.05398]},"76s":{"weight":0.9998,"played":[0.9922,0.0078],"evs":[0.0,-0.75305]},"77":{"weight":0.0,"played":[0.0,1.0],"evs":[0.0,7.28181]},"87o":{"weight":0.0,"played":[1.0,0.0],"evs":[0.0,-2.50442]},"97o":{"weight":0.0,"played":[0.9999,1.0E-4],"evs":[0.0,-3.66372]},"T7o":{"weight":0.0,"played":[1.0,0.0],"evs":[0.0,-4.30864]},"J7o":{"weight":0.0,"played":[1.0,0.0],"evs":[0.0,-4.06475]},"Q7o":{"weight":0.0,"played":[1.0,0.0],"evs":[0.0,-4.33684]},"K7o":{"weight":5.0E-4,"played":[0.9999,1.0E-4],"evs":[0.0,-3.81946]},"A7o":{"weight":0.9527,"played":[0.9581,0.0419],"evs":[0.0,0.01647]},"82s":{"weight":0.0,"played":[0.9984,0.0016],"evs":[0.0,-3.83482]},"83s":{"weight":3.0E-4,"played":[1.0,0.0],"evs":[0.0,-4.3211]},"84s":{"weight":0.0011,"played":[0.9988,0.0012],"evs":[0.0,-2.60174]},"85s":{"weight":0.7462,"played":[0.9997,3.0E-4],"evs":[0.0,-2.48352]},"86s":{"weight":1.0,"played":[0.9996,4.0E-4],"evs":[0.0,-1.11768]},"87s":{"weight":0.9998,"played":[0.9794,0.0206],"evs":[0.0,-1.33727]},"88":{"weight":0.0,"played":[0.0,1.0],"evs":[0.0,8.54063]},"98o":{"weight":2.0E-4,"played":[0.9993,7.0E-4],"evs":[0.0,-2.57462]},"T8o":{"weight":0.0,"played":[1.0,0.0],"evs":[0.0,-2.75173]},"J8o":{"weight":0.0,"played":[1.0,0.0],"evs":[0.0,-3.87448]},"Q8o":{"weight":1.0E-4,"played":[1.0,0.0],"evs":[0.0,-3.51821]},"K8o":{"weight":0.0,"played":[1.0,0.0],"evs":[0.0,-4.02849]},"A8o":{"weight":0.9598,"played":[0.0097,0.9903],"evs":[0.0,1.19059]},"92s":{"weight":7.0E-4,"played":[1.0,0.0],"evs":[0.0,-3.16116]},"93s":{"weight":1.0E-4,"played":[0.9999,1.0E-4],"evs":[0.0,-3.32773]},"94s":{"weight":1.0E-4,"played":[0.9997,3.0E-4],"evs":[0.0,-4.18361]},"95s":{"weight":0.0124,"played":[0.999,0.001],"evs":[0.0,-2.9953]},"96s":{"weight":0.9966,"played":[0.9999,1.0E-4],"evs":[0.0,-1.30873]},"97s":{"weight":1.0,"played":[0.999,0.001],"evs":[0.0,-1.50705]},"98s":{"weight":0.998,"played":[0.958,0.042],"evs":[0.0,-1.24109]},"99":{"weight":0.0,"played":[0.0,1.0],"evs":[0.0,10.77543]},"T9o":{"weight":1.0E-4,"played":[1.0,0.0],"evs":[0.0,-2.35754]},"J9o":{"weight":0.0014,"played":[1.0,0.0],"evs":[0.0,-3.04403]},"Q9o":{"weight":0.058,"played":[1.0,0.0],"evs":[0.0,-2.70101]},"K9o":{"weight":0.8771,"played":[0.9999,1.0E-4],"evs":[0.0,-2.5816]},"A9o":{"weight":0.2297,"played":[0.0,1.0],"evs":[0.0,3.3352]},"T2s":{"weight":0.0,"played":[1.0,0.0],"evs":[0.0,-3.78617]},"T3s":{"weight":0.0,"played":[0.9999,1.0E-4],"evs":[0.0,-4.00194]},"T4s":{"weight":0.0,"played":[0.9998,2.0E-4],"evs":[0.0,-3.80097]},"T5s":{"weight":0.0059,"played":[0.9999,1.0E-4],"evs":[0.0,-3.94293]},"T6s":{"weight":4.0E-4,"played":[0.9993,7.0E-4],"evs":[0.0,-2.90307]},"T7s":{"weight":0.9634,"played":[0.9925,0.0075],"evs":[0.0,-1.95295]},"T8s":{"weight":0.9998,"played":[0.9986,0.0014],"evs":[0.0,-1.14072]},"T9s":{"weight":0.8105,"played":[0.8834,0.1166],"evs":[0.0,-0.39069]},"TT":{"weight":0.0,"played":[0.0,1.0],"evs":[0.0,13.54396]},"JTo":{"weight":0.9998,"played":[1.0,0.0],"evs":[0.0,-2.26357]},"QTo":{"weight":1.0,"played":[1.0,0.0],"evs":[0.0,-2.02537]},"KTo":{"weight":0.8256,"played":[0.9997,3.0E-4],"evs":[0.0,-1.92895]},"ATo":{"weight":0.0069,"played":[0.0,1.0],"evs":[0.0,5.21341]},"J2s":{"weight":0.0,"played":[0.9996,4.0E-4],"evs":[0.0,-3.85128]},"J3s":{"weight":7.0E-4,"played":[0.9995,5.0E-4],"evs":[0.0,-3.25547]},"J4s":{"weight":0.0026,"played":[0.9999,1.0E-4],"evs":[0.0,-3.7307]},"J5s":{"weight":0.0071,"played":[0.9998,2.0E-4],"evs":[0.0,-2.8782]},"J6s":{"weight":0.0403,"played":[0.9991,9.0E-4],"evs":[0.0,-2.76612]},"J7s":{"weight":0.6971,"played":[0.9997,3.0E-4],"evs":[0.0,-2.13382]},"J8s":{"weight":0.9966,"played":[0.9909,0.0091],"evs":[0.0,-1.77392]},"J9s":{"weight":0.6171,"played":[0.8911,0.1089],"evs":[0.0,-0.96734]},"JTs":{"weight":0.098,"played":[0.045,0.955],"evs":[0.0,0.23048]},"JJ":{"weight":0.0,"played":[0.0,1.0],"evs":[0.0,15.29425]},"QJo":{"weight":1.0,"played":[0.9994,6.0E-4],"evs":[0.0,-1.09248]},"KJo":{"weight":0.3427,"played":[0.9816,0.0184],"evs":[0.0,-0.78361]},"AJo":{"weight":1.0E-4,"played":[0.0,1.0],"evs":[0.0,7.5712]},"Q2s":{"weight":0.0326,"played":[1.0,0.0],"evs":[0.0,-2.64721]},"Q3s":{"weight":0.0458,"played":[1.0,0.0],"evs":[0.0,-2.62334]},"Q4s":{"weight":0.7951,"played":[0.9978,0.0022],"evs":[0.0,-2.10461]},"Q5s":{"weight":0.9469,"played":[0.9994,6.0E-4],"evs":[0.0,-2.55072]},"Q6s":{"weight":0.997,"played":[0.9982,0.0018],"evs":[0.0,-1.23274]},"Q7s":{"weight":0.9993,"played":[0.9996,4.0E-4],"evs":[0.0,-1.92555]},"Q8s":{"weight":0.9212,"played":[0.9985,0.0015],"evs":[0.0,-1.28206]},"Q9s":{"weight":0.0893,"played":[0.7265,0.2735],"evs":[0.0,0.00887]},"QTs":{"weight":0.2197,"played":[0.2815,0.7185],"evs":[0.0,0.39817]},"QJs":{"weight":0.4685,"played":[2.0E-4,0.9998],"evs":[0.0,1.09222]},"QQ":{"weight":0.0,"played":[0.0,1.0],"evs":[0.0,17.80193]},"KQo":{"weight":0.0024,"played":[0.0,1.0],"evs":[0.0,1.60738]},"AQo":{"weight":0.0,"played":[0.0,1.0],"evs":[0.0,9.37042]},"K2s":{"weight":0.9985,"played":[0.9997,3.0E-4],"evs":[0.0,-2.45688]},"K3s":{"weight":0.9984,"played":[0.9997,3.0E-4],"evs":[0.0,-1.74137]},"K4s":{"weight":1.0,"played":[0.9997,3.0E-4],"evs":[0.0,-2.78911]},"K5s":{"weight":0.9998,"played":[0.9973,0.0027],"evs":[0.0,-1.65812]},"K6s":{"weight":0.9999,"played":[0.9983,0.0017],"evs":[0.0,-1.09804]},"K7s":{"weight":1.0,"played":[1.0,0.0],"evs":[0.0,-1.89965]},"K8s":{"weight":0.9835,"played":[0.9999,1.0E-4],"evs":[0.0,-0.8804]},"K9s":{"weight":0.0153,"played":[0.9374,0.0626],"evs":[0.0,-0.62889]},"KTs":{"weight":0.0936,"played":[0.0119,0.9881],"evs":[0.0,0.71435]},"KJs":{"weight":0.5174,"played":[1.0E-4,0.9999],"evs":[0.0,1.39177]},"KQs":{"weight":0.0538,"played":[4.0E-4,0.9996],"evs":[0.0,3.72125]},"KK":{"weight":3.0E-4,"played":[0.0,1.0],"evs":[0.0,20.61245]},"AKo":{"weight":0.0,"played":[0.0,1.0],"evs":[0.0,11.97087]},"A2s":{"weight":0.1189,"played":[0.2403,0.7597],"evs":[0.0,0.2554]},"A3s":{"weight":0.0116,"played":[0.0612,0.9388],"evs":[0.0,0.6639]},"A4s":{"weight":0.176,"played":[8.0E-4,0.9992],"evs":[0.0,1.5649]},"A5s":{"weight":6.0E-4,"played":[1.0E-4,0.9999],"evs":[0.0,1.58831]},"A6s":{"weight":0.683,"played":[0.0074,0.9926],"evs":[0.0,1.71893]},"A7s":{"weight":0.0032,"played":[0.0271,0.9729],"evs":[0.0,1.93037]},"A8s":{"weight":0.0304,"played":[0.0,1.0],"evs":[0.0,3.45392]},"A9s":{"weight":5.0E-4,"played":[3.0E-4,0.9997],"evs":[0.0,5.14366]},"ATs":{"weight":0.2624,"played":[0.0,1.0],"evs":[0.0,6.98473]},"AJs":{"weight":0.001,"played":[0.0,1.0],"evs":[0.0,8.27907]},"AQs":{"weight":0.0,"played":[0.0,1.0],"evs":[0.0,11.29331]},"AKs":{"weight":0.0,"played":[0.0,1.0],"evs":[0.0,13.63366]},"AA":{"weight":0.0212,"played":[0.0,1.0],"evs":[0.0,28.09497]}}}