{"player":1,"street":0,"children":2,"sequence":[{"player":0,"type":"R","amount":200000,"street":0},{"player":1,"type":"C","amount":200000,"street":0},{"player":2,"type":"F","amount":0,"street":0},{"player":3,"type":"R","amount":2055000,"street":0},{"player":4,"type":"F","amount":0,"street":0},{"player":0,"type":"F","amount":0,"street":0}],"actions":[{"type":"F","amount":0},{"type":"C","amount":105000}],"hands":{"22":{"weight":0.0,"played":[0.0,1.0],"evs":[0.0,3.7878]},"32o":{"weight":0.0,"played":[0.0,1.0],"evs":[0.0,2.11892]},"42o":{"weight":0.0,"played":[0.0,1.0],"evs":[0.0,2.18755]},"52o":{"weight":0.0,"played":[0.0,1.0],"evs":[0.0,2.25466]},"62o":{"weight":0.0,"played":[0.0,1.0],"evs":[0.0,2.1545]},"72o":{"weight":0.0,"played":[0.0,1.0],"evs":[0.0,2.05103]},"82o":{"weight":0.0,"played":[0.0,1.0],"evs":[0.0,2.11382]},"92o":{"weight":0.0,"played":[0.0,1.0],"evs":[0.0,2.03763]},"T2o":{"weight":0.0,"played":[0.0,1.0],"evs":[0.0,2.07138]},"J2o":{"weight":0.0,"played":[0.0,1.0],"evs":[0.0,2.19104]},"Q2o":{"weight":0.0,"played":[0.0,1.0],"evs":[0.0,2.29872]},"K2o":{"weight":0.0,"played":[0.0,1.0],"evs":[0.0,2.48055]},"A2o":{"weight":0.0,"played":[0.0,1.0],"evs":[0.0,3.24065]},"32s":{"weight":0.0,"played":[0.0,1.0],"evs":[0.0,2.49942]},"33":{"weight":0.0,"played":[0.0,1.0],"evs":[0.0,3.92298]},"43o":{"weight":0.0,"played":[0.0,1.0],"evs":[0.0,2.35663]},"53o":{"weight":0.0,"played":[0.0,1.0],"evs":[0.0,2.42044]},"63o":{"weight":0.0,"played":[0.0,1.0],"evs":[0.0,2.34291]},"73o":{"weight":0.0,"played":[0.0,1.0],"evs":[0.0,2.20161]},"83o":{"weight":0.0,"played":[0.0,1.0],"evs":[0.0,2.08726]},"93o":{"weight":0.0,"played":[0.0,1.0],"evs":[0.0,2.09149]},"T3o":{"weight":0.0,"played":[0.0,1.0],"evs":[0.0,2.16277]},"J3o":{"weight":0.0,"played":[0.0,1.0],"evs":[0.0,2.17177]},"Q3o":{"weight":0.0,"played":[0.0,1.0],"evs":[0.0,2.3564]},"K3o":{"weight":0.0,"played":[0.0,1.0],"evs":[0.0,2.48982]},"A3o":{"weight":1.0E-4,"played":[0.0,1.0],"evs":[0.0,3.2769]},"42s":{"weight":0.0,"played":[0.0,1.0],"evs":[0.0,2.57779]},"43s":{"weight":0.0,"played":[0.0,1.0],"evs":[0.0,2.7779]},"44":{"weight":0.0,"played":[0.0,1.0],"evs":[0.0,4.09155]},"54o":{"weight":0.0,"played":[0.0,1.0],"evs":[0.0,2.64657]},"64o":{"weight":0.0,"played":[0.0,1.0],"evs":[0.0,2.57088]},"74o":{"weight":0.0,"played":[0.0,1.0],"evs":[0.0,2.35228]},"84o":{"weight":0.0,"played":[0.0,1.0],"evs":[0.0,2.28552]},"94o":{"weight":0.0,"played":[0.0,1.0],"evs":[0.0,2.13485]},"T4o":{"weight":0.0,"played":[0.0,1.0],"evs":[0.0,2.21077]},"J4o":{"weight":0.0,"played":[0.0,1.0],"evs":[0.0,2.2734]},"Q4o":{"weight":0.0,"played":[0.0,1.0],"evs":[0.0,2.41422]},"K4o":{"weight":0.0,"played":[0.0,1.0],"evs":[0.0,2.58848]},"A4o":{"weight":0.0,"played":[0.0,1.0],"evs":[0.0,3.32876]},"52s":{"weight":0.0,"played":[0.0,1.0],"evs":[0.0,2.70861]},"53s":{"weight":0.0,"played":[0.0,1.0],"evs":[0.0,2.90787]},"54s":{"weight":0.992,"played":[0.0,1.0],"evs":[0.0,3.02087]},"55":{"weight":0.9691,"played":[0.0,1.0],"evs":[0.0,4.228]},"65o":{"weight":0.0,"played":[0.0,1.0],"evs":[0.0,2.69148]},"75o":{"weight":0.0,"played":[0.0,1.0],"evs":[0.0,2.5809]},"85o":{"weight":0.0,"played":[0.0,1.0],"evs":[0.0,2.49722]},"95o":{"weight":0.0,"played":[0.0,1.0],"evs":[0.0,2.31593]},"T5o":{"weight":0.0,"played":[0.0,1.0],"evs":[0.0,2.17194]},"J5o":{"weight":0.0,"played":[0.0,1.0],"evs":[0.0,2.29361]},"Q5o":{"weight":0.0,"played":[0.0,1.0],"evs":[0.0,2.44831]},"K5o":{"weight":0.0,"played":[0.0,1.0],"evs":[0.0,2.61082]},"A5o":{"weight":4.0E-4,"played":[0.0,1.0],"evs":[0.0,3.34136]},"62s":{"weight":0.0,"played":[0.0,1.0],"evs":[0.0,2.69122]},"63s":{"weight":0.0,"played":[0.0,1.0],"evs":[0.0,2.77847]},"64s":{"weight":2.0E-4,"played":[0.0,1.0],"evs":[0.0,2.94626]},"65s":{"weight":0.9999,"played":[0.0,1.0],"evs":[0.0,3.10443]},"66":{"weight":1.0,"played":[0.0,1.0],"evs":[0.0,4.53031]},"76o":{"weight":0.0,"played":[0.0,1.0],"evs":[0.0,2.74935]},"86o":{"weight":0.0,"played":[0.0,1.0],"evs":[0.0,2.66527]},"96o":{"weight":0.0,"played":[0.0,1.0],"evs":[0.0,2.50775]},"T6o":{"weight":0.0,"played":[0.0,1.0],"evs":[0.0,2.39421]},"J6o":{"weight":0.0,"played":[0.0,1.0],"evs":[0.0,2.35238]},"Q6o":{"weight":0.0,"played":[0.0,1.0],"evs":[0.0,2.54894]},"K6o":{"weight":0.0,"played":[0.0,1.0],"evs":[0.0,2.71253]},"A6o":{"weight":4.0E-4,"played":[0.0,1.0],"evs":[0.0,3.32483]},"72s":{"weight":0.0,"played":[0.0,1.0],"evs":[0.0,2.47788]},"73s":{"weight":0.0,"played":[0.0,1.0],"evs":[0.0,2.67675]},"74s":{"weight":0.0,"played":[0.0,1.0],"evs":[0.0,2.84677]},"75s":{"weight":0.9557,"played":[0.0,1.0],"evs":[0.0,2.96236]},"76s":{"weight":0.9998,"played":[0.0,1.0],"evs":[0.0,3.19603]},"77":{"weight":1.0,"played":[0.0,1.0],"evs":[0.0,4.77757]},"87o":{"weight":0.0,"played":[0.0,1.0],"evs":[0.0,2.83198]},"97o":{"weight":0.0,"played":[0.0,1.0],"evs":[0.0,2.63682]},"T7o":{"weight":0.0,"played":[0.0,1.0],"evs":[0.0,2.54844]},"J7o":{"weight":0.0,"played":[0.0,1.0],"evs":[0.0,2.49532]},"Q7o":{"weight":0.0,"played":[0.0,1.0],"evs":[0.0,2.52766]},"K7o":{"weight":0.0,"played":[0.0,1.0],"evs":[0.0,2.71706]},"A7o":{"weight":1.0E-4,"played":[0.0,1.0],"evs":[0.0,3.50431]},"82s":{"weight":0.0,"played":[0.0,1.0],"evs":[0.0,2.51758]},"83s":{"weight":0.0,"played":[0.0,1.0],"evs":[0.0,2.60431]},"84s":{"weight":0.0,"played":[0.0,1.0],"evs":[0.0,2.75253]},"85s":{"weight":0.0,"played":[0.0,1.0],"evs":[0.0,2.86679]},"86s":{"weight":0.9995,"played":[0.0,1.0],"evs":[0.0,3.11473]},"87s":{"weight":1.0,"played":[0.0,1.0],"evs":[0.0,3.1927]},"88":{"weight":1.0,"played":[0.0,1.0],"evs":[0.0,5.06845]},"98o":{"weight":0.0,"played":[0.0,1.0],"evs":[0.0,2.8013]},"T8o":{"weight":0.0,"played":[0.0,1.0],"evs":[0.0,2.69965]},"J8o":{"weight":0.0,"played":[0.0,1.0],"evs":[0.0,2.65131]},"Q8o":{"weight":0.0,"played":[0.0,1.0],"evs":[0.0,2.67368]},"K8o":{"weight":0.0,"played":[0.0,1.0],"evs":[0.0,2.71222]},"A8o":{"weight":0.0187,"played":[0.0,1.0],"evs":[0.0,3.64272]},"92s":{"weight":0.0,"played":[0.0,1.0],"evs":[0.0,2.53064]},"93s":{"weight":0.0,"played":[0.0,1.0],"evs":[0.0,2.55144]},"94s":{"weight":0.0,"played":[0.0,1.0],"evs":[0.0,2.57386]},"95s":{"weight":0.0,"played":[0.0,1.0],"evs":[0.0,2.77222]},"96s":{"weight":0.9972,"played":[0.0,1.0],"evs":[0.0,2.98417]},"97s":{"weight":0.9999,"played":[0.0,1.0],"evs":[0.0,3.15114]},"98s":{"weight":1.0,"played":[0.0,1.0],"evs":[0.0,3.27721]},"99":{"weight":1.0,"played":[0.0,1.0],"evs":[0.0,5.47136]},"T9o":{"weight":0.9468,"played":[0.0,1.0],"evs":[0.0,2.80117]},"J9o":{"weight":0.0,"played":[0.0,1.0],"evs":[0.0,2.78073]},"Q9o":{"weight":0.2361,"played":[0.0,1.0],"evs":[0.0,2.83099]},"K9o":{"weight":1.0,"played":[0.0,1.0],"evs":[0.0,2.91621]},"A9o":{"weight":5.0E-4,"played":[0.0,1.0],"evs":[0.0,3.94793]},"T2s":{"weight":0.0,"played":[0.0,1.0],"evs":[0.0,2.54488]},"T3s":{"weight":0.0,"played":[0.0,1.0],"evs":[0.0,2.62062]},"T4s":{"weight":0.0,"played":[0.0,1.0],"evs":[0.0,2.64505]},"T5s":{"weight":0.0,"played":[0.0,1.0],"evs":[0.0,2.62793]},"T6s":{"weight":0.0,"played":[0.0,1.0],"evs":[0.0,2.82903]},"T7s":{"weight":1.0,"played":[0.0,1.0],"evs":[0.0,2.98647]},"T8s":{"weight":1.0,"played":[0.0,1.0],"evs":[0.0,3.15754]},"T9s":{"weight":1.0,"played":[0.0,1.0],"evs":[0.0,3.24672]},"TT":{"weight":1.0,"played":[0.0,1.0],"evs":[0.0,5.96179]},"JTo":{"weight":1.0,"played":[0.0,1.0],"evs":[0.0,3.00482]},"QTo":{"weight":1.0,"played":[0.0,1.0],"evs":[0.0,3.11172]},"KTo":{"weight":1.0,"played":[0.0,1.0],"evs":[0.0,3.21073]},"ATo":{"weight":0.0,"played":[0.0,1.0],"evs":[0.0,4.38464]},"J2s":{"weight":0.0,"played":[0.0,1.0],"evs":[0.0,2.71632]},"J3s":{"weight":0.0,"played":[0.0,1.0],"evs":[0.0,2.72336]},"J4s":{"weight":0.0,"played":[0.0,1.0],"evs":[0.0,2.73777]},"J5s":{"weight":0.0,"played":[0.0,1.0],"evs":[0.0,2.72282]},"J6s":{"weight":0.0,"played":[0.0,1.0],"evs":[0.0,2.91506]},"J7s":{"weight":0.9998,"played":[0.0,1.0],"evs":[0.0,2.93684]},"J8s":{"weight":1.0,"played":[0.0,1.0],"evs":[0.0,3.12826]},"J9s":{"weight":1.0,"played":[0.0,1.0],"evs":[0.0,3.15267]},"JTs":{"weight":1.0,"played":[0.0,1.0],"evs":[0.0,3.47588]},"JJ":{"weight":1.0,"played":[0.0,1.0],"evs":[0.0,6.44883]},"QJo":{"weight":1.0,"played":[0.0,1.0],"evs":[0.0,3.19182]},"KJo":{"weight":1.0,"played":[0.0,1.0],"evs":[0.0,3.46572]},"AJo":{"weight":0.0,"played":[0.0,1.0],"evs":[0.0,4.85551]},"Q2s":{"weight":0.0,"played":[0.0,1.0],"evs":[0.0,2.67599]},"Q3s":{"weight":0.0,"played":[0.0,1.0],"evs":[0.0,2.76351]},"Q4s":{"weight":0.0,"played":[0.0,1.0],"evs":[0.0,2.86173]},"Q5s":{"weight":0.0,"played":[0.0,1.0],"evs":[0.0,2.84201]},"Q6s":{"weight":0.9981,"played":[0.0,1.0],"evs":[0.0,3.02842]},"Q7s":{"weight":0.997,"played":[0.0,1.0],"evs":[0.0,2.97803]},"Q8s":{"weight":1.0,"played":[0.0,1.0],"evs":[0.0,3.13359]},"Q9s":{"weight":1.0,"played":[0.0,1.0],"evs":[0.0,3.20902]},"QTs":{"weight":1.0,"played":[0.0,1.0],"evs":[0.0,3.48596]},"QJs":{"weight":1.0,"played":[0.0,1.0],"evs":[0.0,3.56752]},"QQ":{"weight":1.0,"played":[0.0,1.0],"evs":[0.0,7.05977]},"KQo":{"weight":0.3608,"played":[0.0,1.0],"evs":[0.0,3.83883]},"AQo":{"weight":0.0,"played":[0.0,1.0],"evs":[0.0,5.47305]},"K2s":{"weight":0.9805,"played":[0.0,1.0],"evs":[0.0,2.91718]},"K3s":{"weight":0.9985,"played":[0.0,1.0],"evs":[0.0,2.97389]},"K4s":{"weight":0.9997,"played":[0.0,1.0],"evs":[0.0,3.10324]},"K5s":{"weight":1.0,"played":[0.0,1.0],"evs":[0.0,3.07939]},"K6s":{"weight":1.0,"played":[0.0,1.0],"evs":[0.0,3.13481]},"K7s":{"weight":1.0,"played":[0.0,1.0],"evs":[0.0,3.18684]},"K8s":{"weight":1.0,"played":[0.0,1.0],"evs":[0.0,3.17915]},"K9s":{"weight":1.0,"played":[0.0,1.0],"evs":[0.0,3.31664]},"KTs":{"weight":1.0,"played":[0.0,1.0],"evs":[0.0,3.65553]},"KJs":{"weight":1.0,"played":[0.0,1.0],"evs":[0.0,3.89139]},"KQs":{"weight":1.0,"played":[0.0,1.0],"evs":[0.0,4.2886]},"KK":{"weight":1.0,"played":[0.0,1.0],"evs":[0.0,7.76506]},"AKo":{"weight":0.0,"played":[0.0,1.0],"evs":[0.0,6.01291]},"A2s":{"weight":1.0E-4,"played":[0.0,1.0],"evs":[0.0,3.68481]},"A3s":{"weight":7.0E-4,"played":[0.0,1.0],"evs":[0.0,3.63195]},"A4s":{"weight":0.1659,"played":[0.0,1.0],"evs":[0.0,3.70829]},"A5s":{"weight":0.9982,"played":[0.0,1.0],"evs":[0.0,3.81643]},"A6s":{"weight":0.9997,"played":[0.0,1.0],"evs":[0.0,3.73769]},"A7s":{"weight":1.0,"played":[0.0,1.0],"evs":[0.0,3.871]},"A8s":{"weight":1.0,"played":[0.0,1.0],"evs":[0.0,3.97287]},"A9s":{"weight":0.9992,"played":[0.0,1.0],"evs":[0.0,4.2383]},"ATs":{"weight":0.9876,"played":[0.0,1.0],"evs":[0.0,4.75975]},"AJs":{"weight":0.9905,"played":[0.0,1.0],"evs":[0.0,5.1912]},"AQs":{"weight":0.9994,"played":[0.0,1.0],"evs":[0.0,5.78413]},"AKs":{"weight":0.9953,"played":[0.0,1.0],"evs":[0.0,6.23013]},"AA":{"weight":1.0,"played":[0.0,1.0],"evs":[0.0,9.08504]}}}