{"player":1,"street":0,"children":3,"sequence":[{"player":0,"type":"F","amount":0,"street":0}],"actions":[{"type":"F","amount":0,"node":2},{"type":"R","amount":200000,"node":75},{"type":"R","amount":1245000,"node":197}],"hands":{"22":{"weight":1.0,"played":[1.0,0.0,0.0],"evs":[0.0,-0.09803,-0.14657]},"32o":{"weight":1.0,"played":[1.0,0.0,0.0],"evs":[0.0,-0.37356,-1.50817]},"42o":{"weight":1.0,"played":[1.0,0.0,0.0],"evs":[0.0,-0.33637,-1.42369]},"52o":{"weight":1.0,"played":[1.0,0.0,0.0],"evs":[0.0,-0.31408,-1.3433]},"62o":{"weight":1.0,"played":[1.0,0.0,0.0],"evs":[0.0,-0.33167,-1.44366]},"72o":{"weight":1.0,"played":[1.0,0.0,0.0],"evs":[0.0,-0.34832,-1.5287]},"82o":{"weight":1.0,"played":[1.0,0.0,0.0],"evs":[0.0,-0.34449,-1.43676]},"92o":{"weight":1.0,"played":[1.0,0.0,0.0],"evs":[0.0,-0.33375,-1.38562]},"T2o":{"weight":1.0,"played":[1.0,0.0,0.0],"evs":[0.0,-0.31255,-1.31026]},"J2o":{"weight":1.0,"played":[1.0,0.0,0.0],"evs":[0.0,-0.30337,-1.22404]},"Q2o":{"weight":1.0,"played":[1.0,0.0,0.0],"evs":[0.0,-0.27521,-1.1014]},"K2o":{"weight":1.0,"played":[1.0,0.0,0.0],"evs":[0.0,-0.24014,-0.9173]},"A2o":{"weight":1.0,"played":[1.0,0.0,0.0],"evs":[0.0,-0.11768,-0.38226]},"32s":{"weight":1.0,"played":[1.0,0.0,0.0],"evs":[0.0,-0.28509,-1.0798]},"33":{"weight":1.0,"played":[0.0077,0.2198,0.7725],"evs":[0.0,0.00449,0.00787]},"43o":{"weight":1.0,"played":[1.0,0.0,0.0],"evs":[0.0,-0.29332,-1.24716]},"53o":{"weight":1.0,"played":[1.0,0.0,0.0],"evs":[0.0,-0.26901,-1.16559]},"63o":{"weight":1.0,"played":[1.0,0.0,0.0],"evs":[0.0,-0.28261,-1.26122]},"73o":{"weight":1.0,"played":[1.0,0.0,0.0],"evs":[0.0,-0.30241,-1.3439]},"83o":{"weight":1.0,"played":[1.0,0.0,0.0],"evs":[0.0,-0.32715,-1.40171]},"93o":{"weight":1.0,"played":[1.0,0.0,0.0],"evs":[0.0,-0.31324,-1.32238]},"T3o":{"weight":1.0,"played":[1.0,0.0,0.0],"evs":[0.0,-0.28909,-1.24658]},"J3o":{"weight":1.0,"played":[1.0,0.0,0.0],"evs":[0.0,-0.27724,-1.16184]},"Q3o":{"weight":1.0,"played":[1.0,0.0,0.0],"evs":[0.0,-0.25473,-1.04358]},"K3o":{"weight":1.0,"played":[1.0,0.0,0.0],"evs":[0.0,-0.2142,-0.85576]},"A3o":{"weight":1.0,"played":[1.0,0.0,0.0],"evs":[0.0,-0.08204,-0.32132]},"42s":{"weight":1.0,"played":[1.0,0.0,0.0],"evs":[0.0,-0.2506,-1.00847]},"43s":{"weight":1.0,"played":[1.0,0.0,0.0],"evs":[0.0,-0.21109,-0.84599]},"44":{"weight":1.0,"played":[0.0,0.0,1.0],"evs":[0.0,0.19278,0.21985]},"54o":{"weight":1.0,"played":[1.0,0.0,0.0],"evs":[0.0,-0.21395,-0.97452]},"64o":{"weight":1.0,"played":[1.0,0.0,0.0],"evs":[0.0,-0.22242,-1.07215]},"74o":{"weight":1.0,"played":[1.0,0.0,0.0],"evs":[0.0,-0.24336,-1.15701]},"84o":{"weight":1.0,"played":[1.0,0.0,0.0],"evs":[0.0,-0.26606,-1.21893]},"94o":{"weight":1.0,"played":[1.0,0.0,0.0],"evs":[0.0,-0.27763,-1.28304]},"T4o":{"weight":1.0,"played":[1.0,0.0,0.0],"evs":[0.0,-0.25123,-1.17334]},"J4o":{"weight":1.0,"played":[1.0,0.0,0.0],"evs":[0.0,-0.24211,-1.0845]},"Q4o":{"weight":1.0,"played":[1.0,0.0,0.0],"evs":[0.0,-0.21457,-0.9683]},"K4o":{"weight":1.0,"played":[1.0,0.0,0.0],"evs":[0.0,-0.17366,-0.7818]},"A4o":{"weight":1.0,"played":[1.0,0.0,0.0],"evs":[0.0,-0.03542,-0.24864]},"52s":{"weight":1.0,"played":[1.0,0.0,0.0],"evs":[0.0,-0.22457,-0.92169]},"53s":{"weight":1.0,"played":[1.0,0.0,0.0],"evs":[0.0,-0.18329,-0.75316]},"54s":{"weight":1.0,"played":[1.0,0.0,0.0],"evs":[0.0,-0.12924,-0.58404]},"55":{"weight":1.0,"played":[0.0,0.0487,0.9513],"evs":[0.0,0.43612,0.44776]},"65o":{"weight":1.0,"played":[1.0,0.0,0.0],"evs":[0.0,-0.17858,-0.88907]},"75o":{"weight":1.0,"played":[1.0,0.0,0.0],"evs":[0.0,-0.19183,-0.96743]},"85o":{"weight":1.0,"played":[1.0,0.0,0.0],"evs":[0.0,-0.2126,-1.02719]},"95o":{"weight":1.0,"played":[1.0,0.0,0.0],"evs":[0.0,-0.23028,-1.09413]},"T5o":{"weight":1.0,"played":[1.0,0.0,0.0],"evs":[0.0,-0.22938,-1.12971]},"J5o":{"weight":1.0,"played":[1.0,0.0,0.0],"evs":[0.0,-0.2183,-1.01364]},"Q5o":{"weight":1.0,"played":[1.0,0.0,0.0],"evs":[0.0,-0.18879,-0.89672]},"K5o":{"weight":1.0,"played":[1.0,0.0,0.0],"evs":[0.0,-0.14848,-0.7136]},"A5o":{"weight":1.0,"played":[0.9698,0.0302,0.0],"evs":[0.0,-0.00409,-0.17124]},"62s":{"weight":1.0,"played":[1.0,0.0,0.0],"evs":[0.0,-0.24177,-1.02479]},"63s":{"weight":1.0,"played":[1.0,0.0,0.0],"evs":[0.0,-0.19724,-0.85572]},"64s":{"weight":1.0,"played":[1.0,0.0,0.0],"evs":[0.0,-0.14046,-0.67905]},"65s":{"weight":1.0,"played":[1.0,0.0,0.0],"evs":[0.0,-0.09646,-0.49894]},"66":{"weight":1.0,"played":[0.0,0.0,1.0],"evs":[0.0,0.64733,0.66199]},"76o":{"weight":1.0,"played":[1.0,0.0,0.0],"evs":[0.0,-0.15961,-0.80341]},"86o":{"weight":1.0,"played":[1.0,0.0,0.0],"evs":[0.0,-0.17415,-0.8548]},"96o":{"weight":1.0,"played":[1.0,0.0,0.0],"evs":[0.0,-0.19237,-0.91784]},"T6o":{"weight":1.0,"played":[1.0,0.0,0.0],"evs":[0.0,-0.19786,-0.96164]},"J6o":{"weight":1.0,"played":[1.0,0.0,0.0],"evs":[0.0,-0.21368,-0.98704]},"Q6o":{"weight":1.0,"played":[1.0,0.0,0.0],"evs":[0.0,-0.17997,-0.83981]},"K6o":{"weight":1.0,"played":[1.0,0.0,0.0],"evs":[0.0,-0.13676,-0.65494]},"A6o":{"weight":1.0,"played":[1.0,0.0,0.0],"evs":[0.0,-0.02629,-0.22753]},"72s":{"weight":1.0,"played":[1.0,0.0,0.0],"evs":[0.0,-0.25901,-1.10048]},"73s":{"weight":1.0,"played":[1.0,0.0,0.0],"evs":[0.0,-0.21795,-0.92841]},"74s":{"weight":1.0,"played":[1.0,0.0,0.0],"evs":[0.0,-0.15465,-0.75778]},"75s":{"weight":1.0,"played":[1.0,0.0,0.0],"evs":[0.0,-0.10764,-0.57011]},"76s":{"weight":1.0,"played":[1.0,0.0,0.0],"evs":[0.0,-0.08219,-0.41886]},"77":{"weight":1.0,"played":[0.0,0.0017,0.9983],"evs":[0.0,0.88089,0.88921]},"87o":{"weight":1.0,"played":[1.0,0.0,0.0],"evs":[0.0,-0.14308,-0.71717]},"97o":{"weight":1.0,"played":[1.0,0.0,0.0],"evs":[0.0,-0.15764,-0.77479]},"T7o":{"weight":1.0,"played":[1.0,0.0,0.0],"evs":[0.0,-0.15864,-0.80691]},"J7o":{"weight":1.0,"played":[1.0,0.0,0.0],"evs":[0.0,-0.17904,-0.83681]},"Q7o":{"weight":1.0,"played":[1.0,0.0,0.0],"evs":[0.0,-0.16623,-0.82843]},"K7o":{"weight":1.0,"played":[1.0,0.0,0.0],"evs":[0.0,-0.12381,-0.62066]},"A7o":{"weight":1.0,"played":[0.8634,0.1366,0.0],"evs":[0.0,-0.00156,-0.12408]},"82s":{"weight":1.0,"played":[1.0,0.0,0.0],"evs":[0.0,-0.2511,-1.0147]},"83s":{"weight":1.0,"played":[1.0,0.0,0.0],"evs":[0.0,-0.23595,-0.98414]},"84s":{"weight":1.0,"played":[1.0,0.0,0.0],"evs":[0.0,-0.17895,-0.81026]},"85s":{"weight":1.0,"played":[1.0,0.0,0.0],"evs":[0.0,-0.12714,-0.63607]},"86s":{"weight":1.0,"played":[1.0,0.0,0.0],"evs":[0.0,-0.09402,-0.46582]},"87s":{"weight":1.0,"played":[1.0,0.0,0.0],"evs":[0.0,-0.06426,-0.34451]},"88":{"weight":1.0,"played":[0.0,0.0018,0.9982],"evs":[0.0,1.16136,1.17357]},"98o":{"weight":1.0,"played":[1.0,0.0,0.0],"evs":[0.0,-0.12708,-0.62312]},"T8o":{"weight":1.0,"played":[1.0,0.0,0.0],"evs":[0.0,-0.12308,-0.64169]},"J8o":{"weight":1.0,"played":[1.0,0.0,0.0],"evs":[0.0,-0.14355,-0.67533]},"Q8o":{"weight":1.0,"played":[1.0,0.0,0.0],"evs":[0.0,-0.13731,-0.67472]},"K8o":{"weight":1.0,"played":[1.0,0.0,0.0],"evs":[0.0,-0.12028,-0.5879]},"A8o":{"weight":1.0,"played":[0.0,0.541,0.459],"evs":[0.0,0.02668,0.02685]},"92s":{"weight":1.0,"played":[1.0,0.0,0.0],"evs":[0.0,-0.2437,-0.97189]},"93s":{"weight":1.0,"played":[1.0,0.0,0.0],"evs":[0.0,-0.22318,-0.91017]},"94s":{"weight":1.0,"played":[1.0,0.0,0.0],"evs":[0.0,-0.19375,-0.8704]},"95s":{"weight":1.0,"played":[1.0,0.0,0.0],"evs":[0.0,-0.14363,-0.69676]},"96s":{"weight":1.0,"played":[1.0,0.0,0.0],"evs":[0.0,-0.10988,-0.53615]},"97s":{"weight":1.0,"played":[1.0,0.0,0.0],"evs":[0.0,-0.07406,-0.39047]},"98s":{"weight":1.0,"played":[1.0,0.0,0.0],"evs":[0.0,-0.04381,-0.25593]},"99":{"weight":1.0,"played":[0.0,0.0,1.0],"evs":[0.0,1.44856,1.47797]},"T9o":{"weight":1.0,"played":[1.0,0.0,0.0],"evs":[0.0,-0.09401,-0.47893]},"J9o":{"weight":1.0,"played":[1.0,0.0,0.0],"evs":[0.0,-0.10586,-0.50853]},"Q9o":{"weight":1.0,"played":[1.0,0.0,0.0],"evs":[0.0,-0.09289,-0.4991]},"K9o":{"weight":1.0,"played":[1.0,0.0,0.0],"evs":[0.0,-0.07846,-0.41763]},"A9o":{"weight":1.0,"played":[0.0,0.1097,0.8903],"evs":[0.0,0.24737,0.24765]},"T2s":{"weight":1.0,"played":[1.0,0.0,0.0],"evs":[0.0,-0.21468,-0.89753]},"T3s":{"weight":1.0,"played":[1.0,0.0,0.0],"evs":[0.0,-0.19683,-0.83317]},"T4s":{"weight":1.0,"played":[1.0,0.0,0.0],"evs":[0.0,-0.1633,-0.77147]},"T5s":{"weight":1.0,"played":[1.0,0.0,0.0],"evs":[0.0,-0.14123,-0.72669]},"T6s":{"weight":1.0,"played":[1.0,0.0,0.0],"evs":[0.0,-0.1099,-0.56302]},"T7s":{"weight":1.0,"played":[1.0,0.0,0.0],"evs":[0.0,-0.06903,-0.42698]},"T8s":{"weight":1.0,"played":[1.0,0.0,0.0],"evs":[0.0,-0.03616,-0.26731]},"T9s":{"weight":1.0,"played":[0.7615,0.2385,0.0],"evs":[0.0,-7.1E-4,-0.12109]},"TT":{"weight":1.0,"played":[0.0,0.001,0.999],"evs":[0.0,1.91933,1.93394]},"JTo":{"weight":1.0,"played":[1.0,0.0,0.0],"evs":[0.0,-0.04793,-0.26849]},"QTo":{"weight":1.0,"played":[1.0,0.0,0.0],"evs":[0.0,-0.0248,-0.24553]},"KTo":{"weight":1.0,"played":[0.968,0.032,0.0],"evs":[0.0,-0.00109,-0.15056]},"ATo":{"weight":1.0,"played":[0.0,0.0,1.0],"evs":[0.0,0.67651,0.69222]},"J2s":{"weight":1.0,"played":[1.0,0.0,0.0],"evs":[0.0,-0.20349,-0.81065]},"J3s":{"weight":1.0,"played":[1.0,0.0,0.0],"evs":[0.0,-0.1885,-0.75673]},"J4s":{"weight":1.0,"played":[1.0,0.0,0.0],"evs":[0.0,-0.14634,-0.69072]},"J5s":{"weight":1.0,"played":[1.0,0.0,0.0],"evs":[0.0,-0.12303,-0.62022]},"J6s":{"weight":1.0,"played":[1.0,0.0,0.0],"evs":[0.0,-0.12219,-0.59312]},"J7s":{"weight":1.0,"played":[1.0,0.0,0.0],"evs":[0.0,-0.08662,-0.45563]},"J8s":{"weight":1.0,"played":[1.0,0.0,0.0],"evs":[0.0,-0.05234,-0.30012]},"J9s":{"weight":1.0,"played":[1.0,0.0,0.0],"evs":[0.0,-0.01607,-0.15287]},"JTs":{"weight":1.0,"played":[0.0,0.9979,0.0021],"evs":[0.0,0.08407,0.07848]},"JJ":{"weight":1.0,"played":[0.0,0.0793,0.9207],"evs":[0.0,2.37737,2.37937]},"QJo":{"weight":1.0,"played":[0.9076,0.0924,0.0],"evs":[0.0,-8.7E-4,-0.1238]},"KJo":{"weight":1.0,"played":[0.0,0.2323,0.7677],"evs":[0.0,0.02592,0.02627]},"AJo":{"weight":1.0,"played":[0.0,0.0,1.0],"evs":[0.0,1.00143,1.08094]},"Q2s":{"weight":1.0,"played":[1.0,0.0,0.0],"evs":[0.0,-0.17835,-0.6985]},"Q3s":{"weight":1.0,"played":[1.0,0.0,0.0],"evs":[0.0,-0.15714,-0.63613]},"Q4s":{"weight":1.0,"played":[1.0,0.0,0.0],"evs":[0.0,-0.11839,-0.57175]},"Q5s":{"weight":1.0,"played":[1.0,0.0,0.0],"evs":[0.0,-0.09564,-0.50599]},"Q6s":{"weight":1.0,"played":[1.0,0.0,0.0],"evs":[0.0,-0.0856,-0.45469]},"Q7s":{"weight":1.0,"played":[1.0,0.0,0.0],"evs":[0.0,-0.07558,-0.43861]},"Q8s":{"weight":1.0,"played":[1.0,0.0,0.0],"evs":[0.0,-0.04699,-0.29728]},"Q9s":{"weight":1.0,"played":[0.8284,0.1716,0.0],"evs":[0.0,-9.5E-4,-0.13543]},"QTs":{"weight":1.0,"played":[0.0,0.2203,0.7797],"evs":[0.0,0.09404,0.09529]},"QJs":{"weight":1.0,"played":[0.0,3.0E-4,0.9997],"evs":[0.0,0.19195,0.20941]},"QQ":{"weight":1.0,"played":[0.0,0.2614,0.7386],"evs":[0.0,2.90461,2.90653]},"KQo":{"weight":1.0,"played":[0.0,0.0,1.0],"evs":[0.0,0.22088,0.32283]},"AQo":{"weight":1.0,"played":[0.0,0.0,1.0],"evs":[0.0,1.41288,1.5128]},"K2s":{"weight":1.0,"played":[1.0,0.0,0.0],"evs":[0.0,-0.13787,-0.51344]},"K3s":{"weight":1.0,"played":[1.0,0.0,0.0],"evs":[0.0,-0.11659,-0.45923]},"K4s":{"weight":1.0,"played":[1.0,0.0,0.0],"evs":[0.0,-0.07766,-0.39302]},"K5s":{"weight":1.0,"played":[1.0,0.0,0.0],"evs":[0.0,-0.05256,-0.32453]},"K6s":{"weight":1.0,"played":[1.0,0.0,0.0],"evs":[0.0,-0.0407,-0.26327]},"K7s":{"weight":1.0,"played":[1.0,0.0,0.0],"evs":[0.0,-0.02643,-0.23908]},"K8s":{"weight":1.0,"played":[1.0,0.0,0.0],"evs":[0.0,-0.02156,-0.21082]},"K9s":{"weight":1.0,"played":[2.0E-4,0.9998,0.0],"evs":[0.0,0.01851,-0.05219]},"KTs":{"weight":1.0,"played":[0.0,0.0059,0.9941],"evs":[0.0,0.18476,0.18916]},"KJs":{"weight":1.0,"played":[0.0,0.0033,0.9967],"evs":[0.0,0.34496,0.35324]},"KQs":{"weight":1.0,"played":[0.0,1.0E-4,0.9999],"evs":[0.0,0.53839,0.62195]},"KK":{"weight":1.0,"played":[0.0,1.0,0.0],"evs":[0.0,3.49796,3.46694]},"AKo":{"weight":1.0,"played":[0.0,0.0,1.0],"evs":[0.0,1.8804,1.93746]},"A2s":{"weight":1.0,"played":[0.1011,0.8988,2.0E-4],"evs":[0.0,0.0021,-0.02424]},"A3s":{"weight":1.0,"played":[0.0,0.2765,0.7235],"evs":[0.0,0.03101,0.03309]},"A4s":{"weight":1.0,"played":[0.0,0.0,1.0],"evs":[0.0,0.08219,0.10304]},"A5s":{"weight":1.0,"played":[0.0,0.0,1.0],"evs":[0.0,0.1363,0.17536]},"A6s":{"weight":1.0,"played":[0.0,0.0449,0.9551],"evs":[0.0,0.10992,0.1163]},"A7s":{"weight":1.0,"played":[0.0,0.1457,0.8543],"evs":[0.0,0.21657,0.2185]},"A8s":{"weight":1.0,"played":[0.0,4.0E-4,0.9996],"evs":[0.0,0.35035,0.35777]},"A9s":{"weight":1.0,"played":[0.0,0.1152,0.8848],"evs":[0.0,0.56657,0.56869]},"ATs":{"weight":1.0,"played":[0.0,0.4984,0.5016],"evs":[0.0,0.96647,0.96688]},"AJs":{"weight":1.0,"played":[0.0,0.0,1.0],"evs":[0.0,1.28504,1.33673]},"AQs":{"weight":1.0,"played":[0.0,0.0,1.0],"evs":[0.0,1.69083,1.73684]},"AKs":{"weight":1.0,"played":[0.0,0.0256,0.9744],"evs":[0.0,2.13219,2.13619]},"AA":{"weight":1.0,"played":[0.0,1.0,0.0],"evs":[0.0,4.49064,4.27445]}}}