{"player":3,"street":0,"children":2,"sequence":[{"player":0,"type":"F","amount":0,"street":0},{"player":1,"type":"F","amount":0,"street":0},{"player":2,"type":"F","amount":0,"street":0},{"player":3,"type":"R","amount":200000,"street":0},{"player":4,"type":"F","amount":0,"street":0},{"player":5,"type":"R","amount":1385000,"street":0}],"actions":[{"type":"F","amount":0},{"type":"C","amount":1185000}],"hands":{"22":{"weight":0.0,"played":[0.0,1.0],"evs":[0.0,1.54851]},"32o":{"weight":0.0,"played":[1.0,0.0],"evs":[0.0,-2.04517]},"42o":{"weight":0.0,"played":[1.0,0.0],"evs":[0.0,-1.87082]},"52o":{"weight":0.0,"played":[1.0,0.0],"evs":[0.0,-1.72665]},"62o":{"weight":0.0,"played":[1.0,0.0],"evs":[0.0,-1.88064]},"72o":{"weight":0.0,"played":[1.0,0.0],"evs":[0.0,-2.02931]},"82o":{"weight":0.0,"played":[1.0,0.0],"evs":[0.0,-1.80103]},"92o":{"weight":0.0,"played":[1.0,0.0],"evs":[0.0,-1.74333]},"T2o":{"weight":0.0,"played":[1.0,0.0],"evs":[0.0,-1.58469]},"J2o":{"weight":0.0,"played":[1.0,0.0],"evs":[0.0,-1.51626]},"Q2o":{"weight":0.0,"played":[1.0,0.0],"evs":[0.0,-1.40096]},"K2o":{"weight":0.0,"played":[1.0,0.0],"evs":[0.0,-1.14403]},"A2o":{"weight":0.6092,"played":[0.0,1.0],"evs":[0.0,0.5079]},"32s":{"weight":0.0,"played":[1.0,0.0],"evs":[0.0,-1.1308]},"33":{"weight":0.0,"played":[0.0,1.0],"evs":[0.0,1.87354]},"43o":{"weight":0.0,"played":[1.0,0.0],"evs":[0.0,-1.54426]},"53o":{"weight":0.0,"played":[1.0,0.0],"evs":[0.0,-1.37503]},"63o":{"weight":0.0,"played":[1.0,0.0],"evs":[0.0,-1.56339]},"73o":{"weight":0.0,"played":[1.0,0.0],"evs":[0.0,-1.684]},"83o":{"weight":0.0,"played":[1.0,0.0],"evs":[0.0,-1.7943]},"93o":{"weight":0.0,"played":[1.0,0.0],"evs":[0.0,-1.63831]},"T3o":{"weight":0.0,"played":[1.0,0.0],"evs":[0.0,-1.4592]},"J3o":{"weight":0.0,"played":[1.0,0.0],"evs":[0.0,-1.41114]},"Q3o":{"weight":0.0,"played":[1.0,0.0],"evs":[0.0,-1.26478]},"K3o":{"weight":0.0,"played":[1.0,0.0],"evs":[0.0,-1.02508]},"A3o":{"weight":0.0555,"played":[0.0,1.0],"evs":[0.0,0.63735]},"42s":{"weight":0.0,"played":[1.0,0.0],"evs":[0.0,-1.02586]},"43s":{"weight":0.0,"played":[1.0,0.0],"evs":[0.0,-0.67263]},"44":{"weight":0.0,"played":[0.0,1.0],"evs":[0.0,2.38813]},"54o":{"weight":0.0,"played":[1.0,0.0],"evs":[0.0,-0.98524]},"64o":{"weight":0.0,"played":[1.0,0.0],"evs":[0.0,-1.17876]},"74o":{"weight":0.0,"played":[1.0,0.0],"evs":[0.0,-1.29861]},"84o":{"weight":0.0,"played":[1.0,0.0],"evs":[0.0,-1.36571]},"94o":{"weight":0.0,"played":[1.0,0.0],"evs":[0.0,-1.54336]},"T4o":{"weight":0.0,"played":[1.0,0.0],"evs":[0.0,-1.31085]},"J4o":{"weight":0.0,"played":[1.0,0.0],"evs":[0.0,-1.28995]},"Q4o":{"weight":0.0,"played":[1.0,0.0],"evs":[0.0,-1.12843]},"K4o":{"weight":0.0,"played":[1.0,0.0],"evs":[0.0,-0.86554]},"A4o":{"weight":3.0E-4,"played":[0.0,1.0],"evs":[0.0,0.78272]},"52s":{"weight":0.0,"played":[1.0,0.0],"evs":[0.0,-0.873]},"53s":{"weight":0.0,"played":[1.0,0.0],"evs":[0.0,-0.55492]},"54s":{"weight":0.015,"played":[0.9988,0.0012],"evs":[0.0,-0.17191]},"55":{"weight":0.9644,"played":[0.0,1.0],"evs":[0.0,2.91933]},"65o":{"weight":0.0,"played":[1.0,0.0],"evs":[0.0,-0.7708]},"75o":{"weight":0.0,"played":[1.0,0.0],"evs":[0.0,-0.89142]},"85o":{"weight":0.0,"played":[1.0,0.0],"evs":[0.0,-0.99646]},"95o":{"weight":0.0,"played":[1.0,0.0],"evs":[0.0,-1.13412]},"T5o":{"weight":0.0,"played":[1.0,0.0],"evs":[0.0,-1.22955]},"J5o":{"weight":0.0,"played":[1.0,0.0],"evs":[0.0,-1.10303]},"Q5o":{"weight":0.0,"played":[1.0,0.0],"evs":[0.0,-0.97356]},"K5o":{"weight":0.0048,"played":[1.0,0.0],"evs":[0.0,-0.73701]},"A5o":{"weight":0.0,"played":[0.0,1.0],"evs":[0.0,1.087]},"62s":{"weight":0.0,"played":[1.0,0.0],"evs":[0.0,-1.04582]},"63s":{"weight":0.0,"played":[1.0,0.0],"evs":[0.0,-0.77884]},"64s":{"weight":3.0E-4,"played":[1.0,0.0],"evs":[0.0,-0.36076]},"65s":{"weight":0.9916,"played":[0.1363,0.8637],"evs":[0.0,0.004]},"66":{"weight":1.0,"played":[0.0,1.0],"evs":[0.0,3.35156]},"76o":{"weight":0.0,"played":[1.0,0.0],"evs":[0.0,-0.53665]},"86o":{"weight":0.0,"played":[1.0,0.0],"evs":[0.0,-0.60359]},"96o":{"weight":0.0,"played":[1.0,0.0],"evs":[0.0,-0.78614]},"T6o":{"weight":0.0,"played":[1.0,0.0],"evs":[0.0,-0.83505]},"J6o":{"weight":0.0,"played":[1.0,0.0],"evs":[0.0,-1.01607]},"Q6o":{"weight":0.0,"played":[1.0,0.0],"evs":[0.0,-0.81171]},"K6o":{"weight":0.9507,"played":[1.0,0.0],"evs":[0.0,-0.57669]},"A6o":{"weight":0.0,"played":[0.0,1.0],"evs":[0.0,1.18042]},"72s":{"weight":0.0,"played":[1.0,0.0],"evs":[0.0,-1.15796]},"73s":{"weight":0.0,"played":[1.0,0.0],"evs":[0.0,-0.82952]},"74s":{"weight":0.0,"played":[1.0,0.0],"evs":[0.0,-0.48256]},"75s":{"weight":0.9991,"played":[1.0,0.0],"evs":[0.0,-0.11105]},"76s":{"weight":0.9998,"played":[0.0,1.0],"evs":[0.0,0.21301]},"77":{"weight":1.0,"played":[0.0,1.0],"evs":[0.0,3.79064]},"87o":{"weight":0.0,"played":[1.0,0.0],"evs":[0.0,-0.29364]},"97o":{"weight":0.0,"played":[1.0,0.0],"evs":[0.0,-0.41434]},"T7o":{"weight":0.0,"played":[1.0,0.0],"evs":[0.0,-0.50731]},"J7o":{"weight":0.0,"played":[1.0,0.0],"evs":[0.0,-0.67361]},"Q7o":{"weight":0.0,"played":[1.0,0.0],"evs":[0.0,-0.80337]},"K7o":{"weight":1.0,"played":[1.0,0.0],"evs":[0.0,-0.47756]},"A7o":{"weight":0.0,"played":[0.0,1.0],"evs":[0.0,1.72568]},"82s":{"weight":0.0,"played":[1.0,0.0],"evs":[0.0,-0.95037]},"83s":{"weight":0.0,"played":[1.0,0.0],"evs":[0.0,-0.90725]},"84s":{"weight":0.0,"played":[1.0,0.0],"evs":[0.0,-0.5558]},"85s":{"weight":0.0,"played":[1.0,0.0],"evs":[0.0,-0.23789]},"86s":{"weight":1.0,"played":[2.0E-4,0.9998],"evs":[0.0,0.16523]},"87s":{"weight":0.4383,"played":[0.0,1.0],"evs":[0.0,0.44945]},"88":{"weight":1.0,"played":[0.0,1.0],"evs":[0.0,4.29075]},"98o":{"weight":0.0033,"played":[1.0,0.0],"evs":[0.0,-0.10706]},"T8o":{"weight":0.3885,"played":[1.0,0.0],"evs":[0.0,-0.13826]},"J8o":{"weight":0.9979,"played":[1.0,0.0],"evs":[0.0,-0.33835]},"Q8o":{"weight":1.0,"played":[1.0,0.0],"evs":[0.0,-0.42615]},"K8o":{"weight":1.0,"played":[1.0,0.0],"evs":[0.0,-0.38174]},"A8o":{"weight":0.0,"played":[0.0,1.0],"evs":[0.0,2.29205]},"92s":{"weight":0.0,"played":[1.0,0.0],"evs":[0.0,-0.89826]},"93s":{"weight":0.0,"played":[1.0,0.0],"evs":[0.0,-0.77524]},"94s":{"weight":0.0,"played":[1.0,0.0],"evs":[0.0,-0.70508]},"95s":{"weight":0.0,"played":[1.0,0.0],"evs":[0.0,-0.33523]},"96s":{"weight":0.9996,"played":[0.0551,0.9449],"evs":[0.0,0.01625]},"97s":{"weight":0.9932,"played":[0.0,1.0],"evs":[0.0,0.33169]},"98s":{"weight":0.004,"played":[0.0,1.0],"evs":[0.0,0.6458]},"99":{"weight":1.0,"played":[0.0,1.0],"evs":[0.0,4.79807]},"T9o":{"weight":1.0,"played":[0.0,1.0],"evs":[0.0,0.16427]},"J9o":{"weight":1.0,"played":[0.3555,0.6445],"evs":[0.0,0.00442]},"Q9o":{"weight":1.0,"played":[1.0,0.0],"evs":[0.0,-0.11887]},"K9o":{"weight":1.0,"played":[0.4229,0.5771],"evs":[0.0,-0.00203]},"A9o":{"weight":0.0,"played":[0.0,1.0],"evs":[0.0,2.96047]},"T2s":{"weight":0.0,"played":[1.0,0.0],"evs":[0.0,-0.76959]},"T3s":{"weight":0.0,"played":[1.0,0.0],"evs":[0.0,-0.61694]},"T4s":{"weight":0.0,"played":[1.0,0.0],"evs":[0.0,-0.45806]},"T5s":{"weight":0.0,"played":[1.0,0.0],"evs":[0.0,-0.43277]},"T6s":{"weight":1.0,"played":[0.9989,0.0011],"evs":[0.0,-0.06443]},"T7s":{"weight":0.9995,"played":[0.0,1.0],"evs":[0.0,0.24429]},"T8s":{"weight":0.0198,"played":[0.0,1.0],"evs":[0.0,0.57257]},"T9s":{"weight":0.0,"played":[0.0,1.0],"evs":[0.0,0.89518]},"TT":{"weight":1.0,"played":[0.0,1.0],"evs":[0.0,5.5842]},"JTo":{"weight":0.8954,"played":[0.0,1.0],"evs":[0.0,0.48742]},"QTo":{"weight":0.8947,"played":[0.0,1.0],"evs":[0.0,0.3842]},"KTo":{"weight":0.5179,"played":[0.0,1.0],"evs":[0.0,0.73251]},"ATo":{"weight":0.4628,"played":[0.0,1.0],"evs":[0.0,4.01166]},"J2s":{"weight":0.0,"played":[1.0,0.0],"evs":[0.0,-0.6834]},"J3s":{"weight":0.0,"played":[1.0,0.0],"evs":[0.0,-0.59659]},"J4s":{"weight":2.0E-4,"played":[1.0,0.0],"evs":[0.0,-0.44247]},"J5s":{"weight":0.9957,"played":[1.0,0.0],"evs":[0.0,-0.27496]},"J6s":{"weight":1.0,"played":[1.0,0.0],"evs":[0.0,-0.19304]},"J7s":{"weight":1.0,"played":[0.0,1.0],"evs":[0.0,0.09474]},"J8s":{"weight":0.7929,"played":[0.0,1.0],"evs":[0.0,0.43233]},"J9s":{"weight":0.0028,"played":[0.0,1.0],"evs":[0.0,0.73902]},"JTs":{"weight":1.0,"played":[0.0,1.0],"evs":[0.0,1.18885]},"JJ":{"weight":1.0,"played":[0.0,1.0],"evs":[0.0,6.25276]},"QJo":{"weight":0.5479,"played":[0.0,1.0],"evs":[0.0,0.59448]},"KJo":{"weight":0.0623,"played":[0.0,1.0],"evs":[0.0,1.24138]},"AJo":{"weight":1.0,"played":[0.0,1.0],"evs":[0.0,4.78695]},"Q2s":{"weight":3.0E-4,"played":[1.0,0.0],"evs":[0.0,-0.54665]},"Q3s":{"weight":0.9981,"played":[1.0,0.0],"evs":[0.0,-0.44244]},"Q4s":{"weight":1.0,"played":[1.0,0.0],"evs":[0.0,-0.29095]},"Q5s":{"weight":1.0,"played":[0.9999,1.0E-4],"evs":[0.0,-0.17589]},"Q6s":{"weight":1.0,"played":[0.5952,0.4048],"evs":[0.0,-0.00828]},"Q7s":{"weight":1.0,"played":[0.4116,0.5884],"evs":[0.0,0.0173]},"Q8s":{"weight":0.9939,"played":[0.0,1.0],"evs":[0.0,0.35763]},"Q9s":{"weight":0.0013,"played":[0.0,1.0],"evs":[0.0,0.62687]},"QTs":{"weight":1.0,"played":[0.0,1.0],"evs":[0.0,1.08234]},"QJs":{"weight":1.0,"played":[0.0,1.0],"evs":[0.0,1.30615]},"QQ":{"weight":1.0,"played":[0.0,1.0],"evs":[0.0,6.99699]},"KQo":{"weight":0.7811,"played":[0.0,1.0],"evs":[0.0,1.73097]},"AQo":{"weight":1.0,"played":[0.0,1.0],"evs":[0.0,5.50963]},"K2s":{"weight":1.0,"played":[1.0,0.0],"evs":[0.0,-0.30801]},"K3s":{"weight":1.0,"played":[1.0,0.0],"evs":[0.0,-0.22913]},"K4s":{"weight":0.9984,"played":[0.9728,0.0272],"evs":[0.0,-0.09672]},"K5s":{"weight":0.9951,"played":[0.0,1.0],"evs":[0.0,0.07438]},"K6s":{"weight":0.937,"played":[0.0,1.0],"evs":[0.0,0.2258]},"K7s":{"weight":0.9022,"played":[0.0,1.0],"evs":[0.0,0.30392]},"K8s":{"weight":0.9996,"played":[0.0,1.0],"evs":[0.0,0.38222]},"K9s":{"weight":0.6274,"played":[0.0,1.0],"evs":[0.0,0.75044]},"KTs":{"weight":1.0,"played":[0.0,1.0],"evs":[0.0,1.4127]},"KJs":{"weight":1.0,"played":[0.0,1.0],"evs":[0.0,1.90303]},"KQs":{"weight":1.0,"played":[0.0,1.0],"evs":[0.0,2.37368]},"KK":{"weight":1.0,"played":[0.0,1.0],"evs":[0.0,7.91194]},"AKo":{"weight":1.0,"played":[0.0,1.0],"evs":[0.0,6.37133]},"A2s":{"weight":0.0,"played":[0.0,1.0],"evs":[0.0,1.22784]},"A3s":{"weight":0.0,"played":[0.0,1.0],"evs":[0.0,1.37469]},"A4s":{"weight":0.0,"played":[0.0,1.0],"evs":[0.0,1.51855]},"A5s":{"weight":0.9468,"played":[0.0,1.0],"evs":[0.0,1.7575]},"A6s":{"weight":0.0555,"played":[0.0,1.0],"evs":[0.0,1.84499]},"A7s":{"weight":0.9924,"played":[0.0,1.0],"evs":[0.0,2.33271]},"A8s":{"weight":1.0,"played":[0.0,1.0],"evs":[0.0,2.89743]},"A9s":{"weight":1.0,"played":[0.0,1.0],"evs":[0.0,3.52112]},"ATs":{"weight":1.0,"played":[0.0,1.0],"evs":[0.0,4.50029]},"AJs":{"weight":1.0,"played":[0.0,1.0],"evs":[0.0,5.21804]},"AQs":{"weight":1.0,"played":[0.0,1.0],"evs":[0.0,5.89177]},"AKs":{"weight":1.0,"played":[0.0,1.0],"evs":[0.0,6.70069]},"AA":{"weight":1.0,"played":[0.0,1.0],"evs":[0.0,11.13566]}}}