{"player":3,"street":0,"children":2,"sequence":[{"player":0,"type":"F","amount":0,"street":0},{"player":1,"type":"R","amount":200000,"street":0},{"player":2,"type":"F","amount":0,"street":0},{"player":3,"type":"C","amount":200000,"street":0},{"player":4,"type":"R","amount":1985000,"street":0},{"player":5,"type":"C","amount":1285000,"street":0},{"player":1,"type":"C","amount":1045000,"street":0}],"actions":[{"type":"F","amount":0},{"type":"C","amount":1785000}],"hands":{"22":{"weight":2.0E-4,"played":[0.9525,0.0475],"evs":[0.0,-1.12247]},"32o":{"weight":0.0,"played":[0.9998,2.0E-4],"evs":[0.0,-3.79524]},"42o":{"weight":0.0,"played":[0.9999,1.0E-4],"evs":[0.0,-3.74224]},"52o":{"weight":0.0,"played":[0.9966,0.0034],"evs":[0.0,-4.54393]},"62o":{"weight":0.0,"played":[1.0,0.0],"evs":[0.0,-4.63983]},"72o":{"weight":0.0,"played":[0.993,0.007],"evs":[0.0,-4.50978]},"82o":{"weight":0.0,"played":[0.9996,4.0E-4],"evs":[0.0,-4.14822]},"92o":{"weight":0.0,"played":[0.9997,3.0E-4],"evs":[0.0,-4.78469]},"T2o":{"weight":0.0,"played":[0.9999,1.0E-4],"evs":[0.0,-4.71006]},"J2o":{"weight":0.0,"played":[0.9993,7.0E-4],"evs":[0.0,-4.81717]},"Q2o":{"weight":0.0,"played":[0.998,0.002],"evs":[0.0,-4.31007]},"K2o":{"weight":0.0,"played":[0.9996,4.0E-4],"evs":[0.0,-3.56542]},"A2o":{"weight":0.0,"played":[0.968,0.032],"evs":[0.0,-3.54198]},"32s":{"weight":0.0,"played":[0.9713,0.0287],"evs":[0.0,-2.79943]},"33":{"weight":0.4541,"played":[0.4515,0.5485],"evs":[0.0,0.04523]},"43o":{"weight":0.0,"played":[0.9999,1.0E-4],"evs":[0.0,-1.8746]},"53o":{"weight":0.0,"played":[0.9731,0.0269],"evs":[0.0,-3.39938]},"63o":{"weight":0.0,"played":[0.9979,0.0021],"evs":[0.0,-2.59348]},"73o":{"weight":0.0,"played":[0.9993,7.0E-4],"evs":[0.0,-4.78783]},"83o":{"weight":0.0,"played":[1.0,0.0],"evs":[0.0,-4.51452]},"93o":{"weight":0.0,"played":[0.9998,2.0E-4],"evs":[0.0,-4.07376]},"T3o":{"weight":0.0,"played":[1.0,0.0],"evs":[0.0,-3.81162]},"J3o":{"weight":0.0,"played":[0.9968,0.0032],"evs":[0.0,-5.06113]},"Q3o":{"weight":0.0,"played":[0.9993,7.0E-4],"evs":[0.0,-5.07778]},"K3o":{"weight":0.0,"played":[0.9998,2.0E-4],"evs":[0.0,-4.38402]},"A3o":{"weight":0.0,"played":[0.9497,0.0503],"evs":[0.0,-3.8164]},"42s":{"weight":0.0,"played":[0.9994,6.0E-4],"evs":[0.0,-0.60407]},"43s":{"weight":0.0,"played":[0.496,0.504],"evs":[0.0,-0.73969]},"44":{"weight":0.29,"played":[0.6059,0.3941],"evs":[0.0,-0.07287]},"54o":{"weight":0.0,"played":[0.9956,0.0044],"evs":[0.0,-2.65934]},"64o":{"weight":0.0,"played":[0.9868,0.0132],"evs":[0.0,-3.28213]},"74o":{"weight":0.0,"played":[0.984,0.016],"evs":[0.0,-3.18015]},"84o":{"weight":0.0,"played":[0.9999,1.0E-4],"evs":[0.0,-2.83271]},"94o":{"weight":0.0,"played":[1.0,0.0],"evs":[0.0,-4.91038]},"T4o":{"weight":0.0,"played":[0.9999,1.0E-4],"evs":[0.0,-5.10418]},"J4o":{"weight":0.0,"played":[0.9988,0.0012],"evs":[0.0,-4.86329]},"Q4o":{"weight":0.0,"played":[0.9993,7.0E-4],"evs":[0.0,-3.77713]},"K4o":{"weight":0.0,"played":[0.998,0.002],"evs":[0.0,-3.61419]},"A4o":{"weight":6.0E-4,"played":[0.9836,0.0164],"evs":[0.0,-3.5933]},"52s":{"weight":0.0,"played":[0.9499,0.0501],"evs":[0.0,-3.35156]},"53s":{"weight":0.0,"played":[0.8959,0.1041],"evs":[0.0,-1.95008]},"54s":{"weight":0.0,"played":[0.3838,0.6162],"evs":[0.0,1.19688]},"55":{"weight":0.0994,"played":[0.0821,0.9179],"evs":[0.0,0.94329]},"65o":{"weight":0.0,"played":[0.9765,0.0235],"evs":[0.0,-1.53151]},"75o":{"weight":0.0,"played":[0.9992,8.0E-4],"evs":[0.0,-2.53249]},"85o":{"weight":0.0,"played":[0.9921,0.0079],"evs":[0.0,-4.15821]},"95o":{"weight":0.0,"played":[0.9998,2.0E-4],"evs":[0.0,-3.38585]},"T5o":{"weight":0.0,"played":[0.9982,0.0018],"evs":[0.0,-3.74244]},"J5o":{"weight":0.0,"played":[0.9959,0.0041],"evs":[0.0,-4.16142]},"Q5o":{"weight":0.0,"played":[0.9937,0.0063],"evs":[0.0,-4.09637]},"K5o":{"weight":0.0,"played":[0.999,0.001],"evs":[0.0,-3.78982]},"A5o":{"weight":0.0407,"played":[0.9596,0.0404],"evs":[0.0,-2.41509]},"62s":{"weight":0.0,"played":[0.9866,0.0134],"evs":[0.0,-2.28666]},"63s":{"weight":0.0,"played":[0.7699,0.2301],"evs":[0.0,-1.66897]},"64s":{"weight":0.0,"played":[0.5775,0.4225],"evs":[0.0,0.16901]},"65s":{"weight":0.4829,"played":[0.4399,0.5601],"evs":[0.0,-0.33854]},"66":{"weight":0.2094,"played":[0.4496,0.5504],"evs":[0.0,-0.09186]},"76o":{"weight":0.0,"played":[0.976,0.024],"evs":[0.0,-1.75916]},"86o":{"weight":0.0,"played":[0.9977,0.0023],"evs":[0.0,-2.68478]},"96o":{"weight":0.0,"played":[0.9987,0.0013],"evs":[0.0,-3.14719]},"T6o":{"weight":0.0,"played":[0.9845,0.0155],"evs":[0.0,-3.36243]},"J6o":{"weight":0.0,"played":[0.9864,0.0136],"evs":[0.0,-4.27656]},"Q6o":{"weight":0.0,"played":[0.9934,0.0066],"evs":[0.0,-3.63528]},"K6o":{"weight":0.0,"played":[0.9999,1.0E-4],"evs":[0.0,-4.11208]},"A6o":{"weight":0.0,"played":[0.976,0.024],"evs":[0.0,-4.29011]},"72s":{"weight":0.0,"played":[0.9957,0.0043],"evs":[0.0,-4.16515]},"73s":{"weight":0.0,"played":[0.8328,0.1672],"evs":[0.0,-2.79063]},"74s":{"weight":0.0,"played":[0.6728,0.3272],"evs":[0.0,-0.99874]},"75s":{"weight":0.0,"played":[0.9959,0.0041],"evs":[0.0,-1.95968]},"76s":{"weight":0.3207,"played":[0.2574,0.7426],"evs":[0.0,0.62321]},"77":{"weight":0.0237,"played":[3.0E-4,0.9997],"evs":[0.0,2.15304]},"87o":{"weight":0.0,"played":[0.999,0.001],"evs":[0.0,-1.94825]},"97o":{"weight":0.0,"played":[0.9929,0.0071],"evs":[0.0,-1.89284]},"T7o":{"weight":0.0,"played":[0.994,0.006],"evs":[0.0,-3.99711]},"J7o":{"weight":0.0,"played":[0.9658,0.0342],"evs":[0.0,-3.36781]},"Q7o":{"weight":0.0,"played":[0.9961,0.0039],"evs":[0.0,-3.67137]},"K7o":{"weight":0.0,"played":[0.9954,0.0046],"evs":[0.0,-4.47094]},"A7o":{"weight":1.0E-4,"played":[0.9855,0.0145],"evs":[0.0,-4.10638]},"82s":{"weight":0.0,"played":[0.9982,0.0018],"evs":[0.0,-3.08245]},"83s":{"weight":0.0,"played":[0.9962,0.0038],"evs":[0.0,-3.33458]},"84s":{"weight":0.0,"played":[0.8817,0.1183],"evs":[0.0,-2.32377]},"85s":{"weight":0.0,"played":[0.9822,0.0178],"evs":[0.0,-1.96656]},"86s":{"weight":6.0E-4,"played":[0.3969,0.6031],"evs":[0.0,3.04639]},"87s":{"weight":0.0042,"played":[0.3813,0.6187],"evs":[0.0,1.61787]},"88":{"weight":0.2464,"played":[0.0031,0.9969],"evs":[0.0,0.56982]},"98o":{"weight":0.0,"played":[0.9885,0.0115],"evs":[0.0,-2.23056]},"T8o":{"weight":0.0,"played":[0.9969,0.0031],"evs":[0.0,-2.44932]},"J8o":{"weight":0.0,"played":[0.999,0.001],"evs":[0.0,-3.1208]},"Q8o":{"weight":0.0,"played":[0.995,0.005],"evs":[0.0,-3.45796]},"K8o":{"weight":0.0,"played":[0.9751,0.0249],"evs":[0.0,-3.47309]},"A8o":{"weight":0.2206,"played":[0.994,0.006],"evs":[0.0,-3.61221]},"92s":{"weight":0.0,"played":[0.7571,0.2429],"evs":[0.0,-1.55801]},"93s":{"weight":0.0,"played":[0.7189,0.2811],"evs":[0.0,-2.17277]},"94s":{"weight":0.0,"played":[0.9808,0.0192],"evs":[0.0,-0.42377]},"95s":{"weight":0.0,"played":[0.9011,0.0989],"evs":[0.0,-1.63871]},"96s":{"weight":0.0,"played":[0.4594,0.5406],"evs":[0.0,-0.25435]},"97s":{"weight":0.0,"played":[0.238,0.762],"evs":[0.0,1.05706]},"98s":{"weight":0.001,"played":[0.1356,0.8644],"evs":[0.0,-0.23564]},"99":{"weight":0.0016,"played":[0.1049,0.8951],"evs":[0.0,1.64197]},"T9o":{"weight":0.0,"played":[0.9476,0.0524],"evs":[0.0,-3.49793]},"J9o":{"weight":0.0,"played":[0.9922,0.0078],"evs":[0.0,-2.96233]},"Q9o":{"weight":0.0,"played":[0.966,0.034],"evs":[0.0,-2.55805]},"K9o":{"weight":0.0,"played":[0.909,0.091],"evs":[0.0,-3.73462]},"A9o":{"weight":0.1376,"played":[0.9862,0.0138],"evs":[0.0,-2.23935]},"T2s":{"weight":0.0,"played":[0.9874,0.0126],"evs":[0.0,-3.2102]},"T3s":{"weight":0.0,"played":[0.9892,0.0108],"evs":[0.0,-3.95219]},"T4s":{"weight":0.0,"played":[0.8338,0.1662],"evs":[0.0,-1.44157]},"T5s":{"weight":0.0,"played":[0.9604,0.0396],"evs":[0.0,-2.28684]},"T6s":{"weight":0.0,"played":[0.9399,0.0601],"evs":[0.0,-1.26281]},"T7s":{"weight":0.0,"played":[0.9973,0.0027],"evs":[0.0,-2.05685]},"T8s":{"weight":0.0,"played":[0.2711,0.7289],"evs":[0.0,1.03374]},"T9s":{"weight":0.5546,"played":[0.9425,0.0575],"evs":[0.0,-0.70597]},"TT":{"weight":0.016,"played":[0.0,1.0],"evs":[0.0,4.27311]},"JTo":{"weight":0.0,"played":[0.9679,0.0321],"evs":[0.0,-4.51812]},"QTo":{"weight":0.0,"played":[0.8364,0.1636],"evs":[0.0,-2.63682]},"KTo":{"weight":5.0E-4,"played":[0.8973,0.1027],"evs":[0.0,-3.56612]},"ATo":{"weight":0.0,"played":[0.7844,0.2156],"evs":[0.0,-2.36688]},"J2s":{"weight":0.0,"played":[0.9706,0.0294],"evs":[0.0,-2.83579]},"J3s":{"weight":0.0,"played":[0.9032,0.0968],"evs":[0.0,-2.36449]},"J4s":{"weight":0.0,"played":[1.0,0.0],"evs":[0.0,-3.28239]},"J5s":{"weight":0.0,"played":[0.8238,0.1762],"evs":[0.0,-3.34871]},"J6s":{"weight":0.0,"played":[0.8675,0.1325],"evs":[0.0,-0.11446]},"J7s":{"weight":0.0,"played":[0.7461,0.2539],"evs":[0.0,-2.44933]},"J8s":{"weight":0.0,"played":[0.9818,0.0182],"evs":[0.0,-2.75258]},"J9s":{"weight":1.0E-4,"played":[0.006,0.994],"evs":[0.0,0.69327]},"JTs":{"weight":0.9999,"played":[0.5407,0.4593],"evs":[0.0,0.85156]},"JJ":{"weight":0.0301,"played":[0.0,1.0],"evs":[0.0,2.72675]},"QJo":{"weight":3.0E-4,"played":[0.9893,0.0107],"evs":[0.0,-4.045]},"KJo":{"weight":0.1675,"played":[0.9828,0.0172],"evs":[0.0,-2.63328]},"AJo":{"weight":5.0E-4,"played":[0.8406,0.1594],"evs":[0.0,-1.9562]},"Q2s":{"weight":0.0,"played":[0.7747,0.2253],"evs":[0.0,-2.78984]},"Q3s":{"weight":0.0,"played":[0.7042,0.2958],"evs":[0.0,-3.12591]},"Q4s":{"weight":0.0,"played":[0.9913,0.0087],"evs":[0.0,-1.49541]},"Q5s":{"weight":0.0,"played":[0.8781,0.1219],"evs":[0.0,-1.62103]},"Q6s":{"weight":0.0,"played":[0.9706,0.0294],"evs":[0.0,-1.11444]},"Q7s":{"weight":0.0,"played":[0.8668,0.1332],"evs":[0.0,-0.47108]},"Q8s":{"weight":1.0E-4,"played":[0.7266,0.2734],"evs":[0.0,-0.76404]},"Q9s":{"weight":0.045,"played":[0.9721,0.0279],"evs":[0.0,-2.61019]},"QTs":{"weight":0.161,"played":[0.2362,0.7638],"evs":[0.0,0.54308]},"QJs":{"weight":0.0215,"played":[0.8297,0.1703],"evs":[0.0,-2.18355]},"QQ":{"weight":0.0,"played":[0.0,1.0],"evs":[0.0,7.45112]},"KQo":{"weight":0.3877,"played":[0.9895,0.0105],"evs":[0.0,-2.79627]},"AQo":{"weight":0.0,"played":[0.3541,0.6459],"evs":[0.0,0.23554]},"K2s":{"weight":0.0,"played":[0.9968,0.0032],"evs":[0.0,-2.41022]},"K3s":{"weight":0.0,"played":[0.9169,0.0831],"evs":[0.0,-2.06344]},"K4s":{"weight":0.0,"played":[0.975,0.025],"evs":[0.0,-1.68773]},"K5s":{"weight":6.0E-4,"played":[0.6784,0.3216],"evs":[0.0,-0.93045]},"K6s":{"weight":0.0,"played":[0.9892,0.0108],"evs":[0.0,-3.63865]},"K7s":{"weight":0.0,"played":[0.8221,0.1779],"evs":[0.0,-1.29792]},"K8s":{"weight":0.0,"played":[0.9357,0.0643],"evs":[0.0,-1.04172]},"K9s":{"weight":0.4593,"played":[0.8703,0.1297],"evs":[0.0,-2.20243]},"KTs":{"weight":0.0032,"played":[0.9252,0.0748],"evs":[0.0,-2.74152]},"KJs":{"weight":0.0011,"played":[0.7745,0.2255],"evs":[0.0,-0.78276]},"KQs":{"weight":9.0E-4,"played":[0.4534,0.5466],"evs":[0.0,0.08282]},"KK":{"weight":0.008,"played":[0.0,1.0],"evs":[0.0,11.52334]},"AKo":{"weight":1.0E-4,"played":[1.0E-4,0.9999],"evs":[0.0,1.42732]},"A2s":{"weight":0.2137,"played":[0.9054,0.0946],"evs":[0.0,-2.1423]},"A3s":{"weight":0.0212,"played":[0.956,0.044],"evs":[0.0,-1.83434]},"A4s":{"weight":0.0015,"played":[0.7212,0.2788],"evs":[0.0,-1.48594]},"A5s":{"weight":0.0036,"played":[0.9992,8.0E-4],"evs":[0.0,-0.64205]},"A6s":{"weight":0.2401,"played":[0.9131,0.0869],"evs":[0.0,-2.35161]},"A7s":{"weight":0.1172,"played":[0.3163,0.6837],"evs":[0.0,-0.10805]},"A8s":{"weight":0.006,"played":[0.1941,0.8059],"evs":[0.0,-1.22299]},"A9s":{"weight":0.0032,"played":[0.584,0.416],"evs":[0.0,-0.49064]},"ATs":{"weight":0.0,"played":[0.5914,0.4086],"evs":[0.0,0.06733]},"AJs":{"weight":0.0021,"played":[0.4391,0.5609],"evs":[0.0,-2.06932]},"AQs":{"weight":0.0123,"played":[0.0082,0.9918],"evs":[0.0,2.77352]},"AKs":{"weight":0.0933,"played":[0.0011,0.9989],"evs":[0.0,4.14212]},"AA":{"weight":1.0,"played":[0.0,1.0],"evs":[0.0,19.58924]}}}