{"player":5,"street":0,"children":2,"sequence":[{"player":0,"type":"F","amount":0,"street":0},{"player":1,"type":"R","amount":200000,"street":0},{"player":2,"type":"F","amount":0,"street":0},{"player":3,"type":"R","amount":1985000,"street":0},{"player":4,"type":"F","amount":0,"street":0}],"actions":[{"type":"F","amount":0,"node":111},{"type":"C","amount":1285000,"node":112}],"hands":{"22":{"weight":1.0,"played":[0.9999,1.0E-4],"evs":[0.0,-1.24996]},"32o":{"weight":1.0,"played":[1.0,0.0],"evs":[0.0,-3.70416]},"42o":{"weight":1.0,"played":[1.0,0.0],"evs":[0.0,-3.4915]},"52o":{"weight":1.0,"played":[1.0,0.0],"evs":[0.0,-3.42159]},"62o":{"weight":1.0,"played":[1.0,0.0],"evs":[0.0,-3.5406]},"72o":{"weight":1.0,"played":[1.0,0.0],"evs":[0.0,-3.90305]},"82o":{"weight":1.0,"played":[1.0,0.0],"evs":[0.0,-3.76278]},"92o":{"weight":1.0,"played":[1.0,0.0],"evs":[0.0,-3.86481]},"T2o":{"weight":1.0,"played":[1.0,0.0],"evs":[0.0,-3.85673]},"J2o":{"weight":1.0,"played":[1.0,0.0],"evs":[0.0,-3.81432]},"Q2o":{"weight":1.0,"played":[1.0,0.0],"evs":[0.0,-3.44846]},"K2o":{"weight":1.0,"played":[1.0,0.0],"evs":[0.0,-3.12471]},"A2o":{"weight":1.0,"played":[1.0,0.0],"evs":[0.0,-2.23924]},"32s":{"weight":1.0,"played":[1.0,0.0],"evs":[0.0,-2.75218]},"33":{"weight":1.0,"played":[1.0,0.0],"evs":[0.0,-1.0342]},"43o":{"weight":1.0,"played":[1.0,0.0],"evs":[0.0,-3.12329]},"53o":{"weight":1.0,"played":[1.0,0.0],"evs":[0.0,-2.9414]},"63o":{"weight":1.0,"played":[1.0,0.0],"evs":[0.0,-3.13909]},"73o":{"weight":1.0,"played":[1.0,0.0],"evs":[0.0,-3.44438]},"83o":{"weight":1.0,"played":[1.0,0.0],"evs":[0.0,-3.77774]},"93o":{"weight":1.0,"played":[1.0,0.0],"evs":[0.0,-3.82973]},"T3o":{"weight":1.0,"played":[1.0,0.0],"evs":[0.0,-3.73915]},"J3o":{"weight":1.0,"played":[1.0,0.0],"evs":[0.0,-3.72804]},"Q3o":{"weight":1.0,"played":[1.0,0.0],"evs":[0.0,-3.41479]},"K3o":{"weight":1.0,"played":[1.0,0.0],"evs":[0.0,-2.99801]},"A3o":{"weight":1.0,"played":[1.0,0.0],"evs":[0.0,-2.1895]},"42s":{"weight":1.0,"played":[1.0,0.0],"evs":[0.0,-2.68923]},"43s":{"weight":1.0,"played":[1.0,0.0],"evs":[0.0,-2.19172]},"44":{"weight":1.0,"played":[0.9972,0.0028],"evs":[0.0,-0.56697]},"54o":{"weight":1.0,"played":[1.0,0.0],"evs":[0.0,-2.58346]},"64o":{"weight":1.0,"played":[1.0,0.0],"evs":[0.0,-2.67782]},"74o":{"weight":1.0,"played":[1.0,0.0],"evs":[0.0,-2.99034]},"84o":{"weight":1.0,"played":[1.0,0.0],"evs":[0.0,-3.33016]},"94o":{"weight":1.0,"played":[1.0,0.0],"evs":[0.0,-3.68477]},"T4o":{"weight":1.0,"played":[1.0,0.0],"evs":[0.0,-3.55762]},"J4o":{"weight":1.0,"played":[1.0,0.0],"evs":[0.0,-3.54383]},"Q4o":{"weight":1.0,"played":[1.0,0.0],"evs":[0.0,-3.21835]},"K4o":{"weight":1.0,"played":[1.0,0.0],"evs":[0.0,-2.85187]},"A4o":{"weight":1.0,"played":[1.0,0.0],"evs":[0.0,-1.97861]},"52s":{"weight":1.0,"played":[1.0,0.0],"evs":[0.0,-2.4963]},"53s":{"weight":1.0,"played":[0.9999,1.0E-4],"evs":[0.0,-2.10268]},"54s":{"weight":1.0,"played":[1.0,0.0],"evs":[0.0,-1.79186]},"55":{"weight":1.0,"played":[0.9884,0.0116],"evs":[0.0,-0.20316]},"65o":{"weight":1.0,"played":[1.0,0.0],"evs":[0.0,-2.35245]},"75o":{"weight":1.0,"played":[1.0,0.0],"evs":[0.0,-2.5801]},"85o":{"weight":1.0,"played":[1.0,0.0],"evs":[0.0,-2.84662]},"95o":{"weight":1.0,"played":[1.0,0.0],"evs":[0.0,-3.27551]},"T5o":{"weight":1.0,"played":[1.0,0.0],"evs":[0.0,-3.55377]},"J5o":{"weight":1.0,"played":[1.0,0.0],"evs":[0.0,-3.36501]},"Q5o":{"weight":1.0,"played":[1.0,0.0],"evs":[0.0,-3.01492]},"K5o":{"weight":1.0,"played":[1.0,0.0],"evs":[0.0,-2.72267]},"A5o":{"weight":1.0,"played":[1.0,0.0],"evs":[0.0,-1.74585]},"62s":{"weight":1.0,"played":[1.0,0.0],"evs":[0.0,-2.58992]},"63s":{"weight":1.0,"played":[1.0,0.0],"evs":[0.0,-2.22452]},"64s":{"weight":1.0,"played":[0.9999,1.0E-4],"evs":[0.0,-1.84795]},"65s":{"weight":1.0,"played":[1.0,0.0],"evs":[0.0,-1.57751]},"66":{"weight":1.0,"played":[3.0E-4,0.9997],"evs":[0.0,0.26022]},"76o":{"weight":1.0,"played":[1.0,0.0],"evs":[0.0,-2.29153]},"86o":{"weight":1.0,"played":[1.0,0.0],"evs":[0.0,-2.52047]},"96o":{"weight":1.0,"played":[1.0,0.0],"evs":[0.0,-2.88024]},"T6o":{"weight":1.0,"played":[1.0,0.0],"evs":[0.0,-3.15111]},"J6o":{"weight":1.0,"played":[1.0,0.0],"evs":[0.0,-3.32342]},"Q6o":{"weight":1.0,"played":[1.0,0.0],"evs":[0.0,-2.99528]},"K6o":{"weight":1.0,"played":[1.0,0.0],"evs":[0.0,-2.56245]},"A6o":{"weight":1.0,"played":[1.0,0.0],"evs":[0.0,-2.02467]},"72s":{"weight":1.0,"played":[1.0,0.0],"evs":[0.0,-2.99596]},"73s":{"weight":1.0,"played":[1.0,0.0],"evs":[0.0,-2.51516]},"74s":{"weight":1.0,"played":[1.0,0.0],"evs":[0.0,-2.1941]},"75s":{"weight":1.0,"played":[1.0,0.0],"evs":[0.0,-1.62438]},"76s":{"weight":1.0,"played":[1.0,0.0],"evs":[0.0,-1.54482]},"77":{"weight":1.0,"played":[0.0,1.0],"evs":[0.0,0.5539]},"87o":{"weight":1.0,"played":[1.0,0.0],"evs":[0.0,-2.20425]},"97o":{"weight":1.0,"played":[1.0,0.0],"evs":[0.0,-2.52322]},"T7o":{"weight":1.0,"played":[1.0,0.0],"evs":[0.0,-2.88633]},"J7o":{"weight":1.0,"played":[1.0,0.0],"evs":[0.0,-2.99258]},"Q7o":{"weight":1.0,"played":[1.0,0.0],"evs":[0.0,-2.99909]},"K7o":{"weight":1.0,"played":[1.0,0.0],"evs":[0.0,-2.59223]},"A7o":{"weight":1.0,"played":[1.0,0.0],"evs":[0.0,-1.81286]},"82s":{"weight":1.0,"played":[1.0,0.0],"evs":[0.0,-2.94073]},"83s":{"weight":1.0,"played":[1.0,0.0],"evs":[0.0,-2.90085]},"84s":{"weight":1.0,"played":[1.0,0.0],"evs":[0.0,-2.39856]},"85s":{"weight":1.0,"played":[0.9999,1.0E-4],"evs":[0.0,-1.9714]},"86s":{"weight":1.0,"played":[1.0,0.0],"evs":[0.0,-1.63432]},"87s":{"weight":1.0,"played":[1.0,0.0],"evs":[0.0,-1.37157]},"88":{"weight":1.0,"played":[0.0,1.0],"evs":[0.0,0.84378]},"98o":{"weight":1.0,"played":[1.0,0.0],"evs":[0.0,-2.37835]},"T8o":{"weight":1.0,"played":[1.0,0.0],"evs":[0.0,-2.46275]},"J8o":{"weight":1.0,"played":[1.0,0.0],"evs":[0.0,-2.77793]},"Q8o":{"weight":1.0,"played":[1.0,0.0],"evs":[0.0,-2.74329]},"K8o":{"weight":1.0,"played":[1.0,0.0],"evs":[0.0,-2.67885]},"A8o":{"weight":1.0,"played":[1.0,0.0],"evs":[0.0,-1.67065]},"92s":{"weight":1.0,"played":[1.0,0.0],"evs":[0.0,-2.99197]},"93s":{"weight":1.0,"played":[1.0,0.0],"evs":[0.0,-2.78089]},"94s":{"weight":1.0,"played":[1.0,0.0],"evs":[0.0,-2.80693]},"95s":{"weight":1.0,"played":[1.0,0.0],"evs":[0.0,-2.37508]},"96s":{"weight":1.0,"played":[1.0,0.0],"evs":[0.0,-1.96204]},"97s":{"weight":1.0,"played":[1.0,0.0],"evs":[0.0,-1.65333]},"98s":{"weight":1.0,"played":[0.9999,1.0E-4],"evs":[0.0,-1.41607]},"99":{"weight":1.0,"played":[0.0,1.0],"evs":[0.0,1.24424]},"T9o":{"weight":1.0,"played":[1.0,0.0],"evs":[0.0,-2.33221]},"J9o":{"weight":1.0,"played":[1.0,0.0],"evs":[0.0,-2.59182]},"Q9o":{"weight":1.0,"played":[1.0,0.0],"evs":[0.0,-2.53612]},"K9o":{"weight":1.0,"played":[1.0,0.0],"evs":[0.0,-2.36197]},"A9o":{"weight":1.0,"played":[1.0,0.0],"evs":[0.0,-1.36383]},"T2s":{"weight":1.0,"played":[1.0,0.0],"evs":[0.0,-2.78928]},"T3s":{"weight":1.0,"played":[1.0,0.0],"evs":[0.0,-2.73355]},"T4s":{"weight":1.0,"played":[1.0,0.0],"evs":[0.0,-2.70055]},"T5s":{"weight":1.0,"played":[1.0,0.0],"evs":[0.0,-2.49917]},"T6s":{"weight":1.0,"played":[1.0,0.0],"evs":[0.0,-2.1786]},"T7s":{"weight":1.0,"played":[1.0,0.0],"evs":[0.0,-1.94014]},"T8s":{"weight":1.0,"played":[0.9999,1.0E-4],"evs":[0.0,-1.5588]},"T9s":{"weight":1.0,"played":[0.9999,1.0E-4],"evs":[0.0,-1.44494]},"TT":{"weight":1.0,"played":[0.0,1.0],"evs":[0.0,1.99597]},"JTo":{"weight":1.0,"played":[1.0,0.0],"evs":[0.0,-2.2177]},"QTo":{"weight":1.0,"played":[1.0,0.0],"evs":[0.0,-2.1271]},"KTo":{"weight":1.0,"played":[1.0,0.0],"evs":[0.0,-1.82865]},"ATo":{"weight":1.0,"played":[0.9985,0.0015],"evs":[0.0,-0.27235]},"J2s":{"weight":1.0,"played":[1.0,0.0],"evs":[0.0,-2.76785]},"J3s":{"weight":1.0,"played":[1.0,0.0],"evs":[0.0,-2.67138]},"J4s":{"weight":1.0,"played":[1.0,0.0],"evs":[0.0,-2.63007]},"J5s":{"weight":1.0,"played":[1.0,0.0],"evs":[0.0,-2.45375]},"J6s":{"weight":1.0,"played":[1.0,0.0],"evs":[0.0,-2.38777]},"J7s":{"weight":1.0,"played":[1.0,0.0],"evs":[0.0,-2.12266]},"J8s":{"weight":1.0,"played":[1.0,0.0],"evs":[0.0,-1.85637]},"J9s":{"weight":1.0,"played":[1.0,0.0],"evs":[0.0,-1.65116]},"JTs":{"weight":1.0,"played":[1.0,0.0],"evs":[0.0,-1.33543]},"JJ":{"weight":1.0,"played":[0.0,1.0],"evs":[0.0,2.86846]},"QJo":{"weight":1.0,"played":[1.0,0.0],"evs":[0.0,-1.88869]},"KJo":{"weight":1.0,"played":[1.0,0.0],"evs":[0.0,-1.59129]},"AJo":{"weight":1.0,"played":[0.0,1.0],"evs":[0.0,0.37858]},"Q2s":{"weight":1.0,"played":[1.0,0.0],"evs":[0.0,-2.55515]},"Q3s":{"weight":1.0,"played":[1.0,0.0],"evs":[0.0,-2.38098]},"Q4s":{"weight":1.0,"played":[1.0,0.0],"evs":[0.0,-2.18597]},"Q5s":{"weight":1.0,"played":[0.9999,1.0E-4],"evs":[0.0,-2.17378]},"Q6s":{"weight":1.0,"played":[1.0,0.0],"evs":[0.0,-1.97463]},"Q7s":{"weight":1.0,"played":[1.0,0.0],"evs":[0.0,-1.98327]},"Q8s":{"weight":1.0,"played":[1.0,0.0],"evs":[0.0,-1.86514]},"Q9s":{"weight":1.0,"played":[1.0,0.0],"evs":[0.0,-1.60967]},"QTs":{"weight":1.0,"played":[0.9997,3.0E-4],"evs":[0.0,-1.24746]},"QJs":{"weight":1.0,"played":[1.0,0.0],"evs":[0.0,-1.06914]},"QQ":{"weight":1.0,"played":[0.0,1.0],"evs":[0.0,4.10912]},"KQo":{"weight":1.0,"played":[0.9998,2.0E-4],"evs":[0.0,-0.93997]},"AQo":{"weight":1.0,"played":[0.0,1.0],"evs":[0.0,1.41912]},"K2s":{"weight":1.0,"played":[1.0,0.0],"evs":[0.0,-2.2739]},"K3s":{"weight":1.0,"played":[1.0,0.0],"evs":[0.0,-2.06362]},"K4s":{"weight":1.0,"played":[1.0,0.0],"evs":[0.0,-1.93032]},"K5s":{"weight":1.0,"played":[0.9999,1.0E-4],"evs":[0.0,-1.62854]},"K6s":{"weight":1.0,"played":[1.0,0.0],"evs":[0.0,-1.56778]},"K7s":{"weight":1.0,"played":[1.0,0.0],"evs":[0.0,-1.53605]},"K8s":{"weight":1.0,"played":[1.0,0.0],"evs":[0.0,-1.67152]},"K9s":{"weight":1.0,"played":[0.9999,1.0E-4],"evs":[0.0,-1.32462]},"KTs":{"weight":1.0,"played":[1.0,0.0],"evs":[0.0,-0.95676]},"KJs":{"weight":1.0,"played":[0.9998,2.0E-4],"evs":[0.0,-0.74392]},"KQs":{"weight":1.0,"played":[0.9506,0.0494],"evs":[0.0,-0.12942]},"KK":{"weight":1.0,"played":[0.0,1.0],"evs":[0.0,6.20215]},"AKo":{"weight":1.0,"played":[0.0,1.0],"evs":[0.0,2.51684]},"A2s":{"weight":1.0,"played":[1.0,0.0],"evs":[0.0,-1.22143]},"A3s":{"weight":1.0,"played":[1.0,0.0],"evs":[0.0,-1.27484]},"A4s":{"weight":1.0,"played":[1.0,0.0],"evs":[0.0,-1.01249]},"A5s":{"weight":1.0,"played":[1.0,0.0],"evs":[0.0,-0.80885]},"A6s":{"weight":1.0,"played":[1.0,0.0],"evs":[0.0,-0.96395]},"A7s":{"weight":1.0,"played":[1.0,0.0],"evs":[0.0,-0.93929]},"A8s":{"weight":1.0,"played":[1.0,0.0],"evs":[0.0,-0.78569]},"A9s":{"weight":1.0,"played":[1.0,0.0],"evs":[0.0,-0.53596]},"ATs":{"weight":1.0,"played":[0.0013,0.9987],"evs":[0.0,0.49506]},"AJs":{"weight":1.0,"played":[0.0,1.0],"evs":[0.0,1.27162]},"AQs":{"weight":1.0,"played":[0.0,1.0],"evs":[0.0,2.26155]},"AKs":{"weight":1.0,"played":[0.0,1.0],"evs":[0.0,3.18612]},"AA":{"weight":1.0,"played":[0.0,1.0],"evs":[0.0,10.557]}}}