{"player":5,"street":0,"children":3,"sequence":[{"player":0,"type":"F","amount":0,"street":0},{"player":1,"type":"R","amount":200000,"street":0},{"player":2,"type":"C","amount":200000,"street":0},{"player":3,"type":"F","amount":0,"street":0},{"player":4,"type":"C","amount":150000,"street":0}],"actions":[{"type":"F","amount":0},{"type":"C","amount":100000},{"type":"R","amount":1385000,"node":123}],"hands":{"22":{"weight":1.0,"played":[0.0021,0.9933,0.0046],"evs":[0.0,0.42436,-1.35257]},"32o":{"weight":1.0,"played":[0.9998,2.0E-4,0.0],"evs":[0.0,-0.71329,-3.71196]},"42o":{"weight":1.0,"played":[1.0,0.0,0.0],"evs":[0.0,-0.83212,-3.57304]},"52o":{"weight":1.0,"played":[0.9999,1.0E-4,0.0],"evs":[0.0,-0.73891,-3.39558]},"62o":{"weight":1.0,"played":[1.0,0.0,0.0],"evs":[0.0,-0.52788,-3.17915]},"72o":{"weight":1.0,"played":[1.0,0.0,0.0],"evs":[0.0,-0.65102,-3.28101]},"82o":{"weight":1.0,"played":[0.9998,2.0E-4,0.0],"evs":[0.0,-0.81027,-3.49679]},"92o":{"weight":1.0,"played":[1.0,0.0,0.0],"evs":[0.0,-0.70951,-3.66376]},"T2o":{"weight":1.0,"played":[0.9996,2.0E-4,2.0E-4],"evs":[0.0,-0.77683,-3.80022]},"J2o":{"weight":1.0,"played":[0.9999,0.0,0.0],"evs":[0.0,-0.60129,-3.53956]},"Q2o":{"weight":1.0,"played":[0.9999,0.0,0.0],"evs":[0.0,-0.72779,-3.2126]},"K2o":{"weight":1.0,"played":[0.9998,1.0E-4,1.0E-4],"evs":[0.0,-0.77908,-2.79678]},"A2o":{"weight":1.0,"played":[0.999,9.0E-4,1.0E-4],"evs":[0.0,-0.42915,-1.54422]},"32s":{"weight":1.0,"played":[0.9966,8.0E-4,0.0026],"evs":[0.0,-0.55666,-3.03152]},"33":{"weight":1.0,"played":[0.1374,0.8599,0.0027],"evs":[0.0,0.30166,-1.33379]},"43o":{"weight":1.0,"played":[0.9974,0.0025,1.0E-4],"evs":[0.0,-0.71802,-3.26136]},"53o":{"weight":1.0,"played":[0.9996,1.0E-4,2.0E-4],"evs":[0.0,-0.67667,-2.84129]},"63o":{"weight":1.0,"played":[0.9999,1.0E-4,0.0],"evs":[0.0,-0.66029,-3.05148]},"73o":{"weight":1.0,"played":[1.0,0.0,0.0],"evs":[0.0,-0.78366,-3.3726]},"83o":{"weight":1.0,"played":[0.9998,1.0E-4,1.0E-4],"evs":[0.0,-1.03859,-3.68025]},"93o":{"weight":1.0,"played":[0.9999,1.0E-4,0.0],"evs":[0.0,-0.78481,-3.3715]},"T3o":{"weight":1.0,"played":[1.0,0.0,0.0],"evs":[0.0,-0.79841,-3.80185]},"J3o":{"weight":1.0,"played":[0.9997,3.0E-4,0.0],"evs":[0.0,-0.79355,-3.66465]},"Q3o":{"weight":1.0,"played":[1.0,0.0,0.0],"evs":[0.0,-0.52281,-3.31127]},"K3o":{"weight":1.0,"played":[0.9997,2.0E-4,1.0E-4],"evs":[0.0,-0.51313,-2.69266]},"A3o":{"weight":1.0,"played":[0.9884,0.0115,1.0E-4],"evs":[0.0,-0.20665,-1.44764]},"42s":{"weight":1.0,"played":[0.9994,6.0E-4,0.0],"evs":[0.0,-0.49291,-2.51244]},"43s":{"weight":1.0,"played":[0.999,6.0E-4,4.0E-4],"evs":[0.0,-0.32502,-2.29002]},"44":{"weight":1.0,"played":[0.2814,0.6987,0.0199],"evs":[0.0,0.3578,-1.02508]},"54o":{"weight":1.0,"played":[0.9992,7.0E-4,1.0E-4],"evs":[0.0,-0.52687,-2.46885]},"64o":{"weight":1.0,"played":[0.9974,0.0023,4.0E-4],"evs":[0.0,-0.3684,-2.39753]},"74o":{"weight":1.0,"played":[0.9985,0.0015,0.0],"evs":[0.0,-0.68178,-3.0758]},"84o":{"weight":1.0,"played":[0.9999,1.0E-4,0.0],"evs":[0.0,-0.56802,-2.93613]},"94o":{"weight":1.0,"played":[1.0,0.0,0.0],"evs":[0.0,-0.94167,-3.70879]},"T4o":{"weight":1.0,"played":[0.9998,2.0E-4,0.0],"evs":[0.0,-0.88027,-3.62352]},"J4o":{"weight":1.0,"played":[1.0,0.0,0.0],"evs":[0.0,-0.88876,-3.26892]},"Q4o":{"weight":1.0,"played":[0.9973,0.0027,0.0],"evs":[0.0,-0.56128,-2.6946]},"K4o":{"weight":1.0,"played":[0.9994,4.0E-4,2.0E-4],"evs":[0.0,-0.52696,-2.3558]},"A4o":{"weight":1.0,"played":[0.9995,3.0E-4,2.0E-4],"evs":[0.0,-0.35899,-1.42764]},"52s":{"weight":1.0,"played":[0.9909,0.0068,0.0023],"evs":[0.0,-0.56818,-3.01413]},"53s":{"weight":1.0,"played":[0.9907,0.0078,0.0016],"evs":[0.0,-0.19891,-1.78549]},"54s":{"weight":1.0,"played":[0.9662,0.0328,0.001],"evs":[0.0,-0.50489,-1.64853]},"55":{"weight":1.0,"played":[0.1655,0.5349,0.2996],"evs":[0.0,0.10718,0.01192]},"65o":{"weight":1.0,"played":[0.9952,0.0048,0.0],"evs":[0.0,-0.32044,-2.29564]},"75o":{"weight":1.0,"played":[0.9999,0.0,1.0E-4],"evs":[0.0,-0.66243,-2.42736]},"85o":{"weight":1.0,"played":[0.999,2.0E-4,8.0E-4],"evs":[0.0,-0.62983,-2.64195]},"95o":{"weight":1.0,"played":[0.9996,3.0E-4,0.0],"evs":[0.0,-0.78868,-3.11048]},"T5o":{"weight":1.0,"played":[0.9999,1.0E-4,0.0],"evs":[0.0,-0.74415,-3.38074]},"J5o":{"weight":1.0,"played":[0.9988,0.0012,0.0],"evs":[0.0,-0.71015,-3.09612]},"Q5o":{"weight":1.0,"played":[0.9998,2.0E-4,0.0],"evs":[0.0,-0.43455,-2.57656]},"K5o":{"weight":1.0,"played":[0.9978,0.0013,9.0E-4],"evs":[0.0,-0.62436,-2.21617]},"A5o":{"weight":1.0,"played":[0.9839,0.0119,0.0042],"evs":[0.0,-0.3598,-1.0695]},"62s":{"weight":1.0,"played":[0.9992,3.0E-4,5.0E-4],"evs":[0.0,-0.81312,-2.72425]},"63s":{"weight":1.0,"played":[0.9741,0.0259,0.0],"evs":[0.0,-0.39333,-1.54065]},"64s":{"weight":1.0,"played":[0.3379,0.6621,0.0],"evs":[0.0,0.12874,-1.17601]},"65s":{"weight":1.0,"played":[0.7207,0.2763,0.0031],"evs":[0.0,-0.22071,-1.33943]},"66":{"weight":1.0,"played":[0.0012,0.3531,0.6457],"evs":[0.0,0.29675,0.20205]},"76o":{"weight":1.0,"played":[0.9965,0.003,5.0E-4],"evs":[0.0,-0.38678,-1.60394]},"86o":{"weight":1.0,"played":[0.999,9.0E-4,1.0E-4],"evs":[0.0,-0.42946,-2.57997]},"96o":{"weight":1.0,"played":[0.9993,0.0,7.0E-4],"evs":[0.0,-0.63716,-2.64491]},"T6o":{"weight":1.0,"played":[0.9998,0.0,2.0E-4],"evs":[0.0,-0.59073,-2.81623]},"J6o":{"weight":1.0,"played":[1.0,0.0,0.0],"evs":[0.0,-0.698,-3.15402]},"Q6o":{"weight":1.0,"played":[0.9984,0.0016,0.0],"evs":[0.0,-0.567,-2.30141]},"K6o":{"weight":1.0,"played":[0.9957,0.0042,0.0],"evs":[0.0,-0.54287,-2.10899]},"A6o":{"weight":1.0,"played":[0.9995,4.0E-4,0.0],"evs":[0.0,-0.52016,-1.40374]},"72s":{"weight":1.0,"played":[0.9961,0.0032,7.0E-4],"evs":[0.0,-0.30774,-2.94435]},"73s":{"weight":1.0,"played":[0.9892,0.0108,0.0],"evs":[0.0,-0.43165,-2.15006]},"74s":{"weight":1.0,"played":[0.9975,0.0021,4.0E-4],"evs":[0.0,-0.3706,-2.50167]},"75s":{"weight":1.0,"played":[0.6688,0.307,0.0242],"evs":[0.0,-0.13849,-1.76984]},"76s":{"weight":1.0,"played":[0.7122,0.2394,0.0484],"evs":[0.0,-0.30061,-1.13687]},"77":{"weight":1.0,"played":[8.0E-4,0.0243,0.9749],"evs":[0.0,0.46047,1.04979]},"87o":{"weight":1.0,"played":[0.9998,2.0E-4,0.0],"evs":[0.0,-0.38748,-1.72815]},"97o":{"weight":1.0,"played":[1.0,0.0,0.0],"evs":[0.0,-0.33696,-2.01809]},"T7o":{"weight":1.0,"played":[1.0,0.0,0.0],"evs":[0.0,-0.49018,-2.52939]},"J7o":{"weight":1.0,"played":[0.9987,0.0013,0.0],"evs":[0.0,-0.52565,-2.36857]},"Q7o":{"weight":1.0,"played":[1.0,0.0,0.0],"evs":[0.0,-0.46473,-2.44055]},"K7o":{"weight":1.0,"played":[1.0,0.0,0.0],"evs":[0.0,-0.42621,-1.75698]},"A7o":{"weight":1.0,"played":[0.9962,0.0034,3.0E-4],"evs":[0.0,-0.28643,-1.12067]},"82s":{"weight":1.0,"played":[0.9407,0.0591,2.0E-4],"evs":[0.0,-0.57577,-2.73006]},"83s":{"weight":1.0,"played":[0.9898,0.0101,1.0E-4],"evs":[0.0,-0.59566,-2.43621]},"84s":{"weight":1.0,"played":[0.744,0.2547,0.0013],"evs":[0.0,-0.3056,-1.55981]},"85s":{"weight":1.0,"played":[0.984,0.0107,0.0053],"evs":[0.0,-0.13519,-1.53573]},"86s":{"weight":1.0,"played":[0.9938,1.0E-4,0.006],"evs":[0.0,-0.20724,-1.54708]},"87s":{"weight":1.0,"played":[0.9038,0.0942,0.002],"evs":[0.0,-0.20934,-0.76743]},"88":{"weight":1.0,"played":[0.0,3.0E-4,0.9997],"evs":[0.0,0.70948,1.49907]},"98o":{"weight":1.0,"played":[0.9999,0.0,1.0E-4],"evs":[0.0,-0.474,-1.60205]},"T8o":{"weight":1.0,"played":[0.9994,5.0E-4,1.0E-4],"evs":[0.0,-0.44753,-2.3552]},"J8o":{"weight":1.0,"played":[0.9996,4.0E-4,0.0],"evs":[0.0,-0.40339,-2.16829]},"Q8o":{"weight":1.0,"played":[0.9981,0.0018,1.0E-4],"evs":[0.0,-0.58145,-1.96901]},"K8o":{"weight":1.0,"played":[0.9998,1.0E-4,0.0],"evs":[0.0,-0.59478,-2.30451]},"A8o":{"weight":1.0,"played":[0.8854,0.1146,0.0],"evs":[0.0,-0.0154,-0.55547]},"92s":{"weight":1.0,"played":[0.9934,0.0058,8.0E-4],"evs":[0.0,-0.67306,-2.69673]},"93s":{"weight":1.0,"played":[0.9999,1.0E-4,0.0],"evs":[0.0,-0.1247,-2.14328]},"94s":{"weight":1.0,"played":[0.9774,0.0169,0.0057],"evs":[0.0,-0.25866,-2.48358]},"95s":{"weight":1.0,"played":[0.7487,0.2494,0.0019],"evs":[0.0,-0.06662,-1.65516]},"96s":{"weight":1.0,"played":[0.6532,0.283,0.0638],"evs":[0.0,0.02736,-1.73431]},"97s":{"weight":1.0,"played":[0.9057,0.0932,0.0011],"evs":[0.0,-0.20819,-1.09131]},"98s":{"weight":1.0,"played":[0.1711,0.8238,0.005],"evs":[0.0,0.19832,-0.58536]},"99":{"weight":1.0,"played":[9.0E-4,0.0046,0.9945],"evs":[0.0,0.76906,1.82074]},"T9o":{"weight":1.0,"played":[0.9976,0.0024,0.0],"evs":[0.0,-0.66926,-2.28945]},"J9o":{"weight":1.0,"played":[0.9998,2.0E-4,0.0],"evs":[0.0,-0.61407,-2.18517]},"Q9o":{"weight":1.0,"played":[0.9937,0.006,2.0E-4],"evs":[0.0,-0.5531,-1.64134]},"K9o":{"weight":1.0,"played":[0.9992,7.0E-4,0.0],"evs":[0.0,-0.58328,-1.24088]},"A9o":{"weight":1.0,"played":[0.9622,0.0377,1.0E-4],"evs":[0.0,-0.20185,-0.71549]},"T2s":{"weight":1.0,"played":[0.9997,2.0E-4,1.0E-4],"evs":[0.0,-0.35457,-1.78076]},"T3s":{"weight":1.0,"played":[1.0,0.0,0.0],"evs":[0.0,-0.83576,-2.85012]},"T4s":{"weight":1.0,"played":[0.9982,0.0016,2.0E-4],"evs":[0.0,-0.25331,-1.73684]},"T5s":{"weight":1.0,"played":[0.9983,3.0E-4,0.0014],"evs":[0.0,-0.29083,-2.42304]},"T6s":{"weight":1.0,"played":[0.9984,0.0011,5.0E-4],"evs":[0.0,-0.65021,-2.30731]},"T7s":{"weight":1.0,"played":[0.9863,0.0103,0.0034],"evs":[0.0,-0.10554,-1.38574]},"T8s":{"weight":1.0,"played":[0.7459,0.2419,0.0123],"evs":[0.0,-0.02572,-1.40574]},"T9s":{"weight":1.0,"played":[0.9409,0.05,0.0091],"evs":[0.0,-0.21032,-0.97987]},"TT":{"weight":1.0,"played":[0.0,0.0076,0.9923],"evs":[0.0,0.5925,2.01806]},"JTo":{"weight":1.0,"played":[0.9928,0.0072,0.0],"evs":[0.0,-0.23155,-1.67525]},"QTo":{"weight":1.0,"played":[0.8893,0.1107,0.0],"evs":[0.0,-0.13641,-1.22944]},"KTo":{"weight":1.0,"played":[0.9444,0.0553,3.0E-4],"evs":[0.0,-0.25057,-0.61727]},"ATo":{"weight":1.0,"played":[0.0413,0.938,0.0207],"evs":[0.0,0.28761,0.07929]},"J2s":{"weight":1.0,"played":[0.9972,0.0028,0.0],"evs":[0.0,-0.60741,-2.52819]},"J3s":{"weight":1.0,"played":[0.9761,0.0239,1.0E-4],"evs":[0.0,-0.46007,-2.61262]},"J4s":{"weight":1.0,"played":[0.9881,0.0111,8.0E-4],"evs":[0.0,-0.55659,-2.49252]},"J5s":{"weight":1.0,"played":[0.989,0.0077,0.0033],"evs":[0.0,-0.31512,-2.02916]},"J6s":{"weight":1.0,"played":[0.9908,0.0087,6.0E-4],"evs":[0.0,-0.39832,-2.78668]},"J7s":{"weight":1.0,"played":[0.9563,0.0436,0.0],"evs":[0.0,-0.4579,-1.61492]},"J8s":{"weight":1.0,"played":[0.4195,0.5804,2.0E-4],"evs":[0.0,0.11143,-0.61289]},"J9s":{"weight":1.0,"played":[0.2266,0.7543,0.0191],"evs":[0.0,0.2823,-1.34965]},"JTs":{"weight":1.0,"played":[0.957,0.043,0.0],"evs":[0.0,-0.17952,-0.97144]},"JJ":{"weight":1.0,"played":[1.0E-4,5.0E-4,0.9994],"evs":[0.0,1.33275,3.87623]},"QJo":{"weight":1.0,"played":[0.9963,0.0037,0.0],"evs":[0.0,-0.46832,-1.27563]},"KJo":{"weight":1.0,"played":[0.9982,0.0013,5.0E-4],"evs":[0.0,-0.10206,-0.77351]},"AJo":{"weight":1.0,"played":[0.0101,0.1226,0.8673],"evs":[0.0,0.5032,0.93683]},"Q2s":{"weight":1.0,"played":[0.9984,5.0E-4,0.0011],"evs":[0.0,-0.49852,-2.13618]},"Q3s":{"weight":1.0,"played":[0.997,0.0027,3.0E-4],"evs":[0.0,-0.21736,-1.55002]},"Q4s":{"weight":1.0,"played":[0.9977,0.0016,7.0E-4],"evs":[0.0,-0.4887,-1.98168]},"Q5s":{"weight":1.0,"played":[0.8707,0.1292,1.0E-4],"evs":[0.0,-0.04073,-1.501]},"Q6s":{"weight":1.0,"played":[0.3056,0.6944,0.0],"evs":[0.0,0.1455,-1.7378]},"Q7s":{"weight":1.0,"played":[0.994,0.006,0.0],"evs":[0.0,-0.59833,-1.93182]},"Q8s":{"weight":1.0,"played":[0.9945,0.0055,0.0],"evs":[0.0,-0.17654,-1.16224]},"Q9s":{"weight":1.0,"played":[0.9436,0.0563,1.0E-4],"evs":[0.0,-0.30652,-1.01808]},"QTs":{"weight":1.0,"played":[0.2451,0.2153,0.5396],"evs":[0.0,-0.08064,0.035]},"QJs":{"weight":1.0,"played":[0.1258,0.8093,0.065],"evs":[0.0,0.16721,-0.14653]},"QQ":{"weight":1.0,"played":[0.0,3.0E-4,0.9997],"evs":[0.0,2.30182,4.86682]},"KQo":{"weight":1.0,"played":[0.2449,0.7391,0.016],"evs":[0.0,0.06865,-0.14382]},"AQo":{"weight":1.0,"played":[4.0E-4,0.0064,0.9933],"evs":[0.0,0.55813,1.10739]},"K2s":{"weight":1.0,"played":[1.0,0.0,0.0],"evs":[0.0,-0.34212,-1.91809]},"K3s":{"weight":1.0,"played":[0.9929,0.0053,0.0018],"evs":[0.0,-0.52871,-1.83709]},"K4s":{"weight":1.0,"played":[0.2013,0.7919,0.0068],"evs":[0.0,0.00488,-1.58117]},"K5s":{"weight":1.0,"played":[0.8371,0.129,0.0339],"evs":[0.0,-0.22248,-1.15106]},"K6s":{"weight":1.0,"played":[0.6437,0.3325,0.0238],"evs":[0.0,-0.09483,-1.07681]},"K7s":{"weight":1.0,"played":[0.9976,0.0024,0.0],"evs":[0.0,-0.29269,-1.0059]},"K8s":{"weight":1.0,"played":[0.7239,0.1197,0.1564],"evs":[0.0,-0.22183,-1.01551]},"K9s":{"weight":1.0,"played":[0.8801,0.1179,0.002],"evs":[0.0,-0.38428,-0.78925]},"KTs":{"weight":1.0,"played":[0.4476,0.3686,0.1838],"evs":[0.0,0.14179,0.01684]},"KJs":{"weight":1.0,"played":[0.2621,0.2919,0.446],"evs":[0.0,-0.27861,0.20916]},"KQs":{"weight":1.0,"played":[0.001,0.5938,0.4052],"evs":[0.0,0.72347,0.53508]},"KK":{"weight":1.0,"played":[0.0,0.0,1.0],"evs":[0.0,3.82282,7.36835]},"AKo":{"weight":1.0,"played":[0.0,0.0,1.0],"evs":[0.0,0.90496,2.00357]},"A2s":{"weight":1.0,"played":[0.6554,0.3442,4.0E-4],"evs":[0.0,-4.2E-4,-0.80438]},"A3s":{"weight":1.0,"played":[0.6337,0.3442,0.0221],"evs":[0.0,0.15459,-0.30991]},"A4s":{"weight":1.0,"played":[0.1505,0.6112,0.2383],"evs":[0.0,0.24551,0.24268]},"A5s":{"weight":1.0,"played":[0.4844,0.3408,0.1748],"evs":[0.0,-0.15246,-0.49488]},"A6s":{"weight":1.0,"played":[0.0797,0.3648,0.5555],"evs":[0.0,0.42539,0.43842]},"A7s":{"weight":1.0,"played":[0.954,0.0454,7.0E-4],"evs":[0.0,-0.12834,-0.35378]},"A8s":{"weight":1.0,"played":[0.0457,0.2901,0.6642],"evs":[0.0,0.41498,0.31788]},"A9s":{"weight":1.0,"played":[0.0707,0.8775,0.0518],"evs":[0.0,0.31329,-0.11532]},"ATs":{"weight":1.0,"played":[2.0E-4,0.057,0.9427],"evs":[0.0,0.61581,1.01593]},"AJs":{"weight":1.0,"played":[4.0E-4,6.0E-4,0.9991],"evs":[0.0,1.31949,2.10263]},"AQs":{"weight":1.0,"played":[0.0086,0.1003,0.8911],"evs":[0.0,1.61621,2.88849]},"AKs":{"weight":1.0,"played":[0.0,1.0E-4,0.9999],"evs":[0.0,1.34037,2.42005]},"AA":{"weight":1.0,"played":[0.0,0.0,1.0],"evs":[0.0,6.44311,10.46629]}}}