{"player":4,"street":0,"children":2,"sequence":[{"player":0,"type":"F","amount":0,"street":0},{"player":1,"type":"R","amount":200000,"street":0},{"player":2,"type":"C","amount":200000,"street":0},{"player":3,"type":"F","amount":0,"street":0},{"player":4,"type":"C","amount":150000,"street":0},{"player":5,"type":"R","amount":1385000,"street":0},{"player":1,"type":"F","amount":0,"street":0},{"player":2,"type":"F","amount":0,"street":0}],"actions":[{"type":"F","amount":0},{"type":"C","amount":1185000}],"hands":{"22":{"weight":0.9528,"played":[0.0583,0.9417],"evs":[0.0,1.79706]},"32o":{"weight":0.0,"played":[0.9069,0.0931],"evs":[0.0,-1.75163]},"42o":{"weight":0.0,"played":[0.8995,0.1005],"evs":[0.0,-1.79319]},"52o":{"weight":0.0,"played":[0.8005,0.1995],"evs":[0.0,-4.22465]},"62o":{"weight":0.0,"played":[0.2182,0.7818],"evs":[0.0,0.1251]},"72o":{"weight":0.0,"played":[0.9843,0.0157],"evs":[0.0,-2.7457]},"82o":{"weight":0.0,"played":[0.9995,5.0E-4],"evs":[0.0,-2.65348]},"92o":{"weight":0.0,"played":[0.9991,9.0E-4],"evs":[0.0,-2.57986]},"T2o":{"weight":0.0,"played":[0.9988,0.0012],"evs":[0.0,-1.31511]},"J2o":{"weight":0.0,"played":[0.9931,0.0069],"evs":[0.0,-2.60133]},"Q2o":{"weight":0.0,"played":[0.7251,0.2749],"evs":[0.0,-0.76049]},"K2o":{"weight":0.0,"played":[0.2559,0.7441],"evs":[0.0,0.97031]},"A2o":{"weight":0.0,"played":[0.8668,0.1332],"evs":[0.0,-0.2418]},"32s":{"weight":0.0,"played":[0.8837,0.1163],"evs":[0.0,-2.35287]},"33":{"weight":0.947,"played":[0.0635,0.9365],"evs":[0.0,2.43729]},"43o":{"weight":0.0,"played":[0.9997,3.0E-4],"evs":[0.0,-2.39447]},"53o":{"weight":0.0,"played":[0.9974,0.0026],"evs":[0.0,-2.12851]},"63o":{"weight":0.0,"played":[0.9559,0.0441],"evs":[0.0,-0.39584]},"73o":{"weight":0.0,"played":[0.995,0.005],"evs":[0.0,-3.35456]},"83o":{"weight":0.0,"played":[0.7713,0.2287],"evs":[0.0,-1.413]},"93o":{"weight":0.0,"played":[0.8543,0.1457],"evs":[0.0,-3.37052]},"T3o":{"weight":0.0,"played":[0.9668,0.0332],"evs":[0.0,-1.62657]},"J3o":{"weight":0.0,"played":[0.4174,0.5826],"evs":[0.0,0.04686]},"Q3o":{"weight":0.0,"played":[0.9494,0.0506],"evs":[0.0,-2.87985]},"K3o":{"weight":0.0,"played":[0.6038,0.3962],"evs":[0.0,0.05412]},"A3o":{"weight":0.0,"played":[0.6443,0.3557],"evs":[0.0,-1.55594]},"42s":{"weight":0.0,"played":[0.667,0.333],"evs":[0.0,-1.98429]},"43s":{"weight":0.0,"played":[0.9933,0.0067],"evs":[0.0,-3.4745]},"44":{"weight":0.9742,"played":[7.0E-4,0.9993],"evs":[0.0,1.28844]},"54o":{"weight":0.0,"played":[0.7367,0.2633],"evs":[0.0,-1.35643]},"64o":{"weight":0.0,"played":[0.9862,0.0138],"evs":[0.0,-2.11209]},"74o":{"weight":0.0,"played":[0.9865,0.0135],"evs":[0.0,-0.30997]},"84o":{"weight":0.0,"played":[0.9445,0.0555],"evs":[0.0,-2.25219]},"94o":{"weight":0.0,"played":[0.9171,0.0829],"evs":[0.0,-2.69187]},"T4o":{"weight":0.0,"played":[0.8887,0.1113],"evs":[0.0,-0.9853]},"J4o":{"weight":0.0,"played":[0.9248,0.0752],"evs":[0.0,-1.93582]},"Q4o":{"weight":0.0,"played":[0.9295,0.0705],"evs":[0.0,-2.34453]},"K4o":{"weight":0.0,"played":[0.4949,0.5051],"evs":[0.0,-0.57584]},"A4o":{"weight":1.0E-4,"played":[0.9971,0.0029],"evs":[0.0,-2.07017]},"52s":{"weight":0.0,"played":[0.2838,0.7162],"evs":[0.0,0.34308]},"53s":{"weight":0.0,"played":[0.0583,0.9417],"evs":[0.0,1.6519]},"54s":{"weight":0.9659,"played":[0.442,0.558],"evs":[0.0,0.25067]},"55":{"weight":0.9868,"played":[5.0E-4,0.9995],"evs":[0.0,2.36346]},"65o":{"weight":0.0,"played":[0.7915,0.2085],"evs":[0.0,0.31041]},"75o":{"weight":0.0,"played":[0.9716,0.0284],"evs":[0.0,-1.65162]},"85o":{"weight":0.0,"played":[0.9764,0.0236],"evs":[0.0,-2.64022]},"95o":{"weight":0.0,"played":[0.9408,0.0592],"evs":[0.0,-1.42856]},"T5o":{"weight":0.0,"played":[0.8415,0.1585],"evs":[0.0,-0.71738]},"J5o":{"weight":0.0,"played":[0.9722,0.0278],"evs":[0.0,-0.90849]},"Q5o":{"weight":0.0,"played":[0.4558,0.5442],"evs":[0.0,-0.52899]},"K5o":{"weight":0.0,"played":[0.6492,0.3508],"evs":[0.0,-1.27808]},"A5o":{"weight":0.0,"played":[0.2238,0.7762],"evs":[0.0,1.4653]},"62s":{"weight":0.0,"played":[0.5293,0.4707],"evs":[0.0,1.77935]},"63s":{"weight":0.0,"played":[0.604,0.396],"evs":[0.0,-0.29343]},"64s":{"weight":0.0463,"played":[0.8112,0.1888],"evs":[0.0,-1.76594]},"65s":{"weight":0.8122,"played":[0.1121,0.8879],"evs":[0.0,1.18097]},"66":{"weight":0.9704,"played":[0.0057,0.9943],"evs":[0.0,2.27624]},"76o":{"weight":0.0,"played":[0.5091,0.4909],"evs":[0.0,-0.26152]},"86o":{"weight":0.0,"played":[0.4686,0.5314],"evs":[0.0,0.39159]},"96o":{"weight":0.0,"played":[0.9201,0.0799],"evs":[0.0,-2.46153]},"T6o":{"weight":0.0,"played":[0.7689,0.2311],"evs":[0.0,-1.84056]},"J6o":{"weight":0.0,"played":[0.9004,0.0996],"evs":[0.0,-2.18168]},"Q6o":{"weight":0.0,"played":[0.1017,0.8983],"evs":[0.0,1.31354]},"K6o":{"weight":0.0,"played":[0.918,0.082],"evs":[0.0,-0.37732]},"A6o":{"weight":0.0,"played":[0.6885,0.3115],"evs":[0.0,-1.19339]},"72s":{"weight":0.0,"played":[0.812,0.188],"evs":[0.0,-0.8264]},"73s":{"weight":1.0E-4,"played":[0.9231,0.0769],"evs":[0.0,-3.62435]},"74s":{"weight":0.0,"played":[0.9679,0.0321],"evs":[0.0,-3.11545]},"75s":{"weight":0.0246,"played":[0.2391,0.7609],"evs":[0.0,0.12659]},"76s":{"weight":0.8802,"played":[0.4893,0.5107],"evs":[0.0,0.39079]},"77":{"weight":0.6808,"played":[0.0274,0.9726],"evs":[0.0,3.89102]},"87o":{"weight":0.0,"played":[0.7994,0.2006],"evs":[0.0,-1.07278]},"97o":{"weight":0.0,"played":[0.0299,0.9701],"evs":[0.0,2.08496]},"T7o":{"weight":0.0,"played":[0.9573,0.0427],"evs":[0.0,-1.31462]},"J7o":{"weight":0.0,"played":[0.962,0.038],"evs":[0.0,-0.85157]},"Q7o":{"weight":0.0,"played":[0.6599,0.3401],"evs":[0.0,-0.23068]},"K7o":{"weight":0.0,"played":[0.5732,0.4268],"evs":[0.0,-1.26472]},"A7o":{"weight":0.0,"played":[0.9949,0.0051],"evs":[0.0,-1.09848]},"82s":{"weight":0.0,"played":[0.4678,0.5322],"evs":[0.0,0.24537]},"83s":{"weight":0.0,"played":[0.9928,0.0072],"evs":[0.0,-2.29811]},"84s":{"weight":0.0,"played":[0.435,0.565],"evs":[0.0,-0.84942]},"85s":{"weight":0.0,"played":[0.8627,0.1373],"evs":[0.0,-0.77567]},"86s":{"weight":0.5448,"played":[0.8663,0.1337],"evs":[0.0,-0.90508]},"87s":{"weight":0.7044,"played":[0.1773,0.8227],"evs":[0.0,0.33914]},"88":{"weight":0.3493,"played":[0.0,1.0],"evs":[0.0,4.62083]},"98o":{"weight":0.0,"played":[0.6966,0.3034],"evs":[0.0,-2.52047]},"T8o":{"weight":0.0,"played":[0.7327,0.2673],"evs":[0.0,-0.37561]},"J8o":{"weight":0.0,"played":[0.2238,0.7762],"evs":[0.0,0.68066]},"Q8o":{"weight":0.0,"played":[0.6275,0.3725],"evs":[0.0,-0.12913]},"K8o":{"weight":0.0,"played":[0.1279,0.8721],"evs":[0.0,0.51443]},"A8o":{"weight":0.0,"played":[0.4078,0.5922],"evs":[0.0,-0.55619]},"92s":{"weight":0.0,"played":[0.9501,0.0499],"evs":[0.0,-1.01166]},"93s":{"weight":0.0,"played":[0.783,0.217],"evs":[0.0,-1.769]},"94s":{"weight":1.0E-4,"played":[0.8711,0.1289],"evs":[0.0,-2.65585]},"95s":{"weight":0.0,"played":[0.985,0.015],"evs":[0.0,-4.72001]},"96s":{"weight":1.0E-4,"played":[0.9863,0.0137],"evs":[0.0,-1.51635]},"97s":{"weight":0.0013,"played":[0.5626,0.4374],"evs":[0.0,0.77361]},"98s":{"weight":9.0E-4,"played":[0.5561,0.4439],"evs":[0.0,0.12984]},"99":{"weight":0.0,"played":[1.0E-4,0.9999],"evs":[0.0,5.40272]},"T9o":{"weight":0.0,"played":[0.1262,0.8738],"evs":[0.0,1.73682]},"J9o":{"weight":0.0,"played":[0.9619,0.0381],"evs":[0.0,-0.8672]},"Q9o":{"weight":0.0,"played":[0.6209,0.3791],"evs":[0.0,0.05403]},"K9o":{"weight":0.0,"played":[0.6231,0.3769],"evs":[0.0,-0.22964]},"A9o":{"weight":0.0015,"played":[0.9886,0.0114],"evs":[0.0,-1.52969]},"T2s":{"weight":0.0,"played":[0.5273,0.4727],"evs":[0.0,0.81393]},"T3s":{"weight":0.0,"played":[0.3775,0.6225],"evs":[0.0,0.01663]},"T4s":{"weight":0.0,"played":[0.0052,0.9948],"evs":[0.0,1.84394]},"T5s":{"weight":0.0,"played":[0.0933,0.9067],"evs":[0.0,-0.53051]},"T6s":{"weight":1.0E-4,"played":[0.5351,0.4649],"evs":[0.0,1.24536]},"T7s":{"weight":2.0E-4,"played":[0.6723,0.3277],"evs":[0.0,-0.91428]},"T8s":{"weight":3.0E-4,"played":[0.0166,0.9834],"evs":[0.0,2.20395]},"T9s":{"weight":7.0E-4,"played":[0.752,0.248],"evs":[0.0,-2.79867]},"TT":{"weight":0.0075,"played":[0.0241,0.9759],"evs":[0.0,6.27407]},"JTo":{"weight":0.0,"played":[0.8904,0.1096],"evs":[0.0,-0.54273]},"QTo":{"weight":0.0,"played":[0.0011,0.9989],"evs":[0.0,3.00657]},"KTo":{"weight":0.0,"played":[0.3423,0.6577],"evs":[0.0,0.3082]},"ATo":{"weight":0.9939,"played":[0.4498,0.5502],"evs":[0.0,-0.22013]},"J2s":{"weight":0.0,"played":[0.0767,0.9233],"evs":[0.0,2.07433]},"J3s":{"weight":0.0,"played":[0.0141,0.9859],"evs":[0.0,3.66009]},"J4s":{"weight":0.0,"played":[0.293,0.707],"evs":[0.0,1.68284]},"J5s":{"weight":1.0E-4,"played":[0.8386,0.1614],"evs":[0.0,-0.83756]},"J6s":{"weight":0.0,"played":[0.5228,0.4772],"evs":[0.0,-0.99527]},"J7s":{"weight":0.0,"played":[0.9515,0.0485],"evs":[0.0,-2.12197]},"J8s":{"weight":0.0055,"played":[0.0578,0.9422],"evs":[0.0,2.86235]},"J9s":{"weight":0.0037,"played":[0.0031,0.9969],"evs":[0.0,3.51974]},"JTs":{"weight":0.2542,"played":[0.035,0.965],"evs":[0.0,3.48956]},"JJ":{"weight":0.0157,"played":[1.0E-4,0.9999],"evs":[0.0,11.0787]},"QJo":{"weight":0.0,"played":[0.069,0.931],"evs":[0.0,2.5351]},"KJo":{"weight":2.0E-4,"played":[0.9836,0.0164],"evs":[0.0,-0.70566]},"AJo":{"weight":0.7437,"played":[4.0E-4,0.9996],"evs":[0.0,2.2867]},"Q2s":{"weight":0.0,"played":[0.586,0.414],"evs":[0.0,-2.16565]},"Q3s":{"weight":0.0,"played":[0.0542,0.9458],"evs":[0.0,-0.56658]},"Q4s":{"weight":1.0E-4,"played":[0.1668,0.8332],"evs":[0.0,3.47719]},"Q5s":{"weight":1.0E-4,"played":[0.7475,0.2525],"evs":[0.0,1.42085]},"Q6s":{"weight":0.0,"played":[0.9222,0.0778],"evs":[0.0,-1.72962]},"Q7s":{"weight":0.0,"played":[0.0272,0.9728],"evs":[0.0,1.3912]},"Q8s":{"weight":0.0,"played":[0.4519,0.5481],"evs":[0.0,-0.56627]},"Q9s":{"weight":0.3232,"played":[0.1623,0.8377],"evs":[0.0,0.56163]},"QTs":{"weight":0.9469,"played":[0.2552,0.7448],"evs":[0.0,2.38291]},"QJs":{"weight":0.9003,"played":[0.1095,0.8905],"evs":[0.0,2.12691]},"QQ":{"weight":0.0,"played":[1.0E-4,0.9999],"evs":[0.0,5.88668]},"KQo":{"weight":0.9984,"played":[0.012,0.988],"evs":[0.0,1.38299]},"AQo":{"weight":0.1183,"played":[6.0E-4,0.9994],"evs":[0.0,1.61086]},"K2s":{"weight":0.0,"played":[0.6652,0.3348],"evs":[0.0,-0.58447]},"K3s":{"weight":0.0,"played":[0.0898,0.9102],"evs":[0.0,3.82524]},"K4s":{"weight":0.002,"played":[0.155,0.845],"evs":[0.0,1.0876]},"K5s":{"weight":8.0E-4,"played":[0.9381,0.0619],"evs":[0.0,-0.25627]},"K6s":{"weight":5.0E-4,"played":[0.008,0.992],"evs":[0.0,0.68959]},"K7s":{"weight":0.0483,"played":[3.0E-4,0.9997],"evs":[0.0,1.87655]},"K8s":{"weight":2.0E-4,"played":[0.8834,0.1166],"evs":[0.0,-1.53523]},"K9s":{"weight":5.0E-4,"played":[0.0701,0.9299],"evs":[0.0,3.20389]},"KTs":{"weight":0.9598,"played":[0.2202,0.7798],"evs":[0.0,2.50798]},"KJs":{"weight":0.9695,"played":[5.0E-4,0.9995],"evs":[0.0,2.87334]},"KQs":{"weight":0.9255,"played":[2.0E-4,0.9998],"evs":[0.0,4.48078]},"KK":{"weight":0.0,"played":[6.0E-4,0.9994],"evs":[0.0,12.31674]},"AKo":{"weight":0.0,"played":[0.0,1.0],"evs":[0.0,5.47146]},"A2s":{"weight":0.4067,"played":[0.0138,0.9862],"evs":[0.0,3.11815]},"A3s":{"weight":0.0771,"played":[0.8472,0.1528],"evs":[0.0,-0.80746]},"A4s":{"weight":0.49,"played":[0.4068,0.5932],"evs":[0.0,-1.56514]},"A5s":{"weight":0.2975,"played":[0.0238,0.9762],"evs":[0.0,1.9075]},"A6s":{"weight":0.0631,"played":[0.3809,0.6191],"evs":[0.0,4.18816]},"A7s":{"weight":0.0089,"played":[6.0E-4,0.9994],"evs":[0.0,1.9047]},"A8s":{"weight":0.1785,"played":[0.6403,0.3597],"evs":[0.0,-1.99187]},"A9s":{"weight":0.5371,"played":[0.0486,0.9514],"evs":[0.0,0.84212]},"ATs":{"weight":0.8137,"played":[0.134,0.866],"evs":[0.0,1.52065]},"AJs":{"weight":0.9925,"played":[0.0,1.0],"evs":[0.0,1.81877]},"AQs":{"weight":0.1896,"played":[0.0,1.0],"evs":[0.0,1.42422]},"AKs":{"weight":0.0,"played":[0.0098,0.9902],"evs":[0.0,1.11846]},"AA":{"weight":0.0,"played":[0.0021,0.9979],"evs":[0.0,14.08975]}}}