{"player":4,"street":0,"children":2,"sequence":[{"player":0,"type":"F","amount":0,"street":0},{"player":1,"type":"R","amount":200000,"street":0},{"player":2,"type":"C","amount":200000,"street":0},{"player":3,"type":"C","amount":200000,"street":0}],"actions":[{"type":"F","amount":0,"node":140},{"type":"R","amount":1985000,"node":150}],"hands":{"22":{"weight":1.0,"played":[0.998,0.002],"evs":[0.0,-2.23057]},"32o":{"weight":1.0,"played":[1.0,0.0],"evs":[0.0,-4.36166]},"42o":{"weight":1.0,"played":[1.0,0.0],"evs":[0.0,-4.31498]},"52o":{"weight":1.0,"played":[1.0,0.0],"evs":[0.0,-3.97982]},"62o":{"weight":1.0,"played":[1.0,0.0],"evs":[0.0,-4.63776]},"72o":{"weight":1.0,"played":[1.0,0.0],"evs":[0.0,-4.62298]},"82o":{"weight":1.0,"played":[1.0,0.0],"evs":[0.0,-4.7262]},"92o":{"weight":1.0,"played":[1.0,0.0],"evs":[0.0,-4.3162]},"T2o":{"weight":1.0,"played":[1.0,0.0],"evs":[0.0,-4.59993]},"J2o":{"weight":1.0,"played":[1.0,0.0],"evs":[0.0,-4.74097]},"Q2o":{"weight":1.0,"played":[1.0,0.0],"evs":[0.0,-3.99418]},"K2o":{"weight":1.0,"played":[1.0,0.0],"evs":[0.0,-3.26838]},"A2o":{"weight":1.0,"played":[0.9999,1.0E-4],"evs":[0.0,-2.07542]},"32s":{"weight":1.0,"played":[0.9997,3.0E-4],"evs":[0.0,-3.22936]},"33":{"weight":1.0,"played":[0.9989,0.0011],"evs":[0.0,-2.11559]},"43o":{"weight":1.0,"played":[1.0,0.0],"evs":[0.0,-4.05955]},"53o":{"weight":1.0,"played":[1.0,0.0],"evs":[0.0,-3.82313]},"63o":{"weight":1.0,"played":[0.9999,1.0E-4],"evs":[0.0,-3.77092]},"73o":{"weight":1.0,"played":[1.0,0.0],"evs":[0.0,-4.17319]},"83o":{"weight":1.0,"played":[1.0,0.0],"evs":[0.0,-4.18128]},"93o":{"weight":1.0,"played":[0.9999,1.0E-4],"evs":[0.0,-4.33078]},"T3o":{"weight":1.0,"played":[1.0,0.0],"evs":[0.0,-4.57044]},"J3o":{"weight":1.0,"played":[1.0,0.0],"evs":[0.0,-4.20677]},"Q3o":{"weight":1.0,"played":[1.0,0.0],"evs":[0.0,-4.27424]},"K3o":{"weight":1.0,"played":[0.9999,1.0E-4],"evs":[0.0,-3.42275]},"A3o":{"weight":1.0,"played":[0.9999,1.0E-4],"evs":[0.0,-2.00563]},"42s":{"weight":1.0,"played":[1.0,0.0],"evs":[0.0,-2.60895]},"43s":{"weight":1.0,"played":[1.0,0.0],"evs":[0.0,-2.89716]},"44":{"weight":1.0,"played":[0.9987,0.0013],"evs":[0.0,-2.23694]},"54o":{"weight":1.0,"played":[0.9999,1.0E-4],"evs":[0.0,-3.54084]},"64o":{"weight":1.0,"played":[1.0,0.0],"evs":[0.0,-3.1504]},"74o":{"weight":1.0,"played":[1.0,0.0],"evs":[0.0,-3.97088]},"84o":{"weight":1.0,"played":[1.0,0.0],"evs":[0.0,-4.13663]},"94o":{"weight":1.0,"played":[1.0,0.0],"evs":[0.0,-4.71426]},"T4o":{"weight":1.0,"played":[1.0,0.0],"evs":[0.0,-4.48975]},"J4o":{"weight":1.0,"played":[1.0,0.0],"evs":[0.0,-4.21401]},"Q4o":{"weight":1.0,"played":[0.9999,1.0E-4],"evs":[0.0,-3.85068]},"K4o":{"weight":1.0,"played":[0.9995,5.0E-4],"evs":[0.0,-3.055]},"A4o":{"weight":1.0,"played":[0.9999,1.0E-4],"evs":[0.0,-2.04635]},"52s":{"weight":1.0,"played":[0.995,0.005],"evs":[0.0,-3.12731]},"53s":{"weight":1.0,"played":[0.9993,7.0E-4],"evs":[0.0,-2.52366]},"54s":{"weight":1.0,"played":[0.9992,8.0E-4],"evs":[0.0,-2.23547]},"55":{"weight":1.0,"played":[0.9929,0.0071],"evs":[0.0,-0.80917]},"65o":{"weight":1.0,"played":[1.0,0.0],"evs":[0.0,-2.86445]},"75o":{"weight":1.0,"played":[1.0,0.0],"evs":[0.0,-3.36828]},"85o":{"weight":1.0,"played":[0.9998,2.0E-4],"evs":[0.0,-3.48338]},"95o":{"weight":1.0,"played":[1.0,0.0],"evs":[0.0,-3.79028]},"T5o":{"weight":1.0,"played":[0.9997,3.0E-4],"evs":[0.0,-4.12221]},"J5o":{"weight":1.0,"played":[1.0,0.0],"evs":[0.0,-4.05863]},"Q5o":{"weight":1.0,"played":[1.0,0.0],"evs":[0.0,-3.31382]},"K5o":{"weight":1.0,"played":[1.0,0.0],"evs":[0.0,-3.1963]},"A5o":{"weight":1.0,"played":[0.9999,1.0E-4],"evs":[0.0,-1.51181]},"62s":{"weight":1.0,"played":[0.9999,1.0E-4],"evs":[0.0,-2.95756]},"63s":{"weight":1.0,"played":[1.0,0.0],"evs":[0.0,-2.68277]},"64s":{"weight":1.0,"played":[0.9968,0.0032],"evs":[0.0,-2.51403]},"65s":{"weight":1.0,"played":[0.9998,2.0E-4],"evs":[0.0,-1.9501]},"66":{"weight":1.0,"played":[0.7688,0.2312],"evs":[0.0,-0.21479]},"76o":{"weight":1.0,"played":[0.9999,1.0E-4],"evs":[0.0,-2.53997]},"86o":{"weight":1.0,"played":[1.0,0.0],"evs":[0.0,-2.87507]},"96o":{"weight":1.0,"played":[1.0,0.0],"evs":[0.0,-3.39614]},"T6o":{"weight":1.0,"played":[1.0,0.0],"evs":[0.0,-3.96205]},"J6o":{"weight":1.0,"played":[1.0,0.0],"evs":[0.0,-4.03855]},"Q6o":{"weight":1.0,"played":[0.9999,1.0E-4],"evs":[0.0,-3.63268]},"K6o":{"weight":1.0,"played":[0.9999,1.0E-4],"evs":[0.0,-3.15825]},"A6o":{"weight":1.0,"played":[0.9998,2.0E-4],"evs":[0.0,-1.55345]},"72s":{"weight":1.0,"played":[0.9999,1.0E-4],"evs":[0.0,-3.77376]},"73s":{"weight":1.0,"played":[0.9984,0.0016],"evs":[0.0,-2.87945]},"74s":{"weight":1.0,"played":[1.0,0.0],"evs":[0.0,-2.72199]},"75s":{"weight":1.0,"played":[0.9995,5.0E-4],"evs":[0.0,-2.00082]},"76s":{"weight":1.0,"played":[0.9999,1.0E-4],"evs":[0.0,-2.1244]},"77":{"weight":1.0,"played":[0.1008,0.8992],"evs":[0.0,0.37558]},"87o":{"weight":1.0,"played":[1.0,0.0],"evs":[0.0,-2.77716]},"97o":{"weight":1.0,"played":[0.9992,8.0E-4],"evs":[0.0,-3.51009]},"T7o":{"weight":1.0,"played":[1.0,0.0],"evs":[0.0,-3.59494]},"J7o":{"weight":1.0,"played":[1.0,0.0],"evs":[0.0,-3.34193]},"Q7o":{"weight":1.0,"played":[1.0,0.0],"evs":[0.0,-3.5601]},"K7o":{"weight":1.0,"played":[0.9999,1.0E-4],"evs":[0.0,-3.17318]},"A7o":{"weight":1.0,"played":[0.9988,0.0012],"evs":[0.0,-1.67811]},"82s":{"weight":1.0,"played":[0.9995,5.0E-4],"evs":[0.0,-3.54634]},"83s":{"weight":1.0,"played":[0.9999,1.0E-4],"evs":[0.0,-2.56297]},"84s":{"weight":1.0,"played":[0.9981,0.0019],"evs":[0.0,-2.99153]},"85s":{"weight":1.0,"played":[0.9984,0.0016],"evs":[0.0,-2.36337]},"86s":{"weight":1.0,"played":[0.9937,0.0063],"evs":[0.0,-1.76702]},"87s":{"weight":1.0,"played":[0.8918,0.1082],"evs":[0.0,-1.62718]},"88":{"weight":1.0,"played":[6.0E-4,0.9994],"evs":[0.0,0.4093]},"98o":{"weight":1.0,"played":[1.0,0.0],"evs":[0.0,-2.9575]},"T8o":{"weight":1.0,"played":[0.9999,1.0E-4],"evs":[0.0,-2.63669]},"J8o":{"weight":1.0,"played":[0.9997,3.0E-4],"evs":[0.0,-2.94526]},"Q8o":{"weight":1.0,"played":[1.0,0.0],"evs":[0.0,-3.2055]},"K8o":{"weight":1.0,"played":[0.9999,1.0E-4],"evs":[0.0,-2.76217]},"A8o":{"weight":1.0,"played":[0.9989,0.0011],"evs":[0.0,-1.15789]},"92s":{"weight":1.0,"played":[0.9999,1.0E-4],"evs":[0.0,-3.14424]},"93s":{"weight":1.0,"played":[0.9997,3.0E-4],"evs":[0.0,-3.55409]},"94s":{"weight":1.0,"played":[0.9987,0.0013],"evs":[0.0,-4.09274]},"95s":{"weight":1.0,"played":[0.9994,6.0E-4],"evs":[0.0,-2.74964]},"96s":{"weight":1.0,"played":[0.9995,5.0E-4],"evs":[0.0,-2.36362]},"97s":{"weight":1.0,"played":[0.9986,0.0014],"evs":[0.0,-1.92668]},"98s":{"weight":1.0,"played":[0.9908,0.0092],"evs":[0.0,-1.9708]},"99":{"weight":1.0,"played":[0.0051,0.9949],"evs":[0.0,1.0887]},"T9o":{"weight":1.0,"played":[0.9994,6.0E-4],"evs":[0.0,-2.52204]},"J9o":{"weight":1.0,"played":[1.0,0.0],"evs":[0.0,-2.54096]},"Q9o":{"weight":1.0,"played":[0.9997,3.0E-4],"evs":[0.0,-2.33636]},"K9o":{"weight":1.0,"played":[1.0,0.0],"evs":[0.0,-1.60082]},"A9o":{"weight":1.0,"played":[0.9985,0.0015],"evs":[0.0,-1.38986]},"T2s":{"weight":1.0,"played":[0.9995,5.0E-4],"evs":[0.0,-3.32748]},"T3s":{"weight":1.0,"played":[0.9998,2.0E-4],"evs":[0.0,-3.37689]},"T4s":{"weight":1.0,"played":[0.9953,0.0047],"evs":[0.0,-3.0968]},"T5s":{"weight":1.0,"played":[0.9999,1.0E-4],"evs":[0.0,-3.41782]},"T6s":{"weight":1.0,"played":[1.0,0.0],"evs":[0.0,-3.04941]},"T7s":{"weight":1.0,"played":[0.9938,0.0062],"evs":[0.0,-1.37948]},"T8s":{"weight":1.0,"played":[0.9933,0.0067],"evs":[0.0,-1.6912]},"T9s":{"weight":1.0,"played":[0.9988,0.0012],"evs":[0.0,-1.02461]},"TT":{"weight":1.0,"played":[0.0,1.0],"evs":[0.0,3.18573]},"JTo":{"weight":1.0,"played":[0.9999,1.0E-4],"evs":[0.0,-2.25332]},"QTo":{"weight":1.0,"played":[0.9993,7.0E-4],"evs":[0.0,-1.98717]},"KTo":{"weight":1.0,"played":[1.0,0.0],"evs":[0.0,-1.23311]},"ATo":{"weight":1.0,"played":[0.9488,0.0512],"evs":[0.0,-0.47561]},"J2s":{"weight":1.0,"played":[1.0,0.0],"evs":[0.0,-3.43069]},"J3s":{"weight":1.0,"played":[0.999,0.001],"evs":[0.0,-2.65525]},"J4s":{"weight":1.0,"played":[0.9995,5.0E-4],"evs":[0.0,-2.77816]},"J5s":{"weight":1.0,"played":[0.9999,1.0E-4],"evs":[0.0,-2.6194]},"J6s":{"weight":1.0,"played":[0.9999,1.0E-4],"evs":[0.0,-2.78187]},"J7s":{"weight":1.0,"played":[1.0,0.0],"evs":[0.0,-1.88036]},"J8s":{"weight":1.0,"played":[0.9983,0.0017],"evs":[0.0,-2.11961]},"J9s":{"weight":1.0,"played":[0.9992,8.0E-4],"evs":[0.0,-1.25054]},"JTs":{"weight":1.0,"played":[0.9997,3.0E-4],"evs":[0.0,-1.44552]},"JJ":{"weight":1.0,"played":[0.0,1.0],"evs":[0.0,3.54694]},"QJo":{"weight":1.0,"played":[0.9995,5.0E-4],"evs":[0.0,-2.27553]},"KJo":{"weight":1.0,"played":[0.9996,4.0E-4],"evs":[0.0,-1.2162]},"AJo":{"weight":1.0,"played":[0.2487,0.7513],"evs":[0.0,-0.18281]},"Q2s":{"weight":1.0,"played":[0.9999,1.0E-4],"evs":[0.0,-2.4411]},"Q3s":{"weight":1.0,"played":[0.9993,7.0E-4],"evs":[0.0,-1.74567]},"Q4s":{"weight":1.0,"played":[0.9922,0.0078],"evs":[0.0,-2.49913]},"Q5s":{"weight":1.0,"played":[0.9996,4.0E-4],"evs":[0.0,-2.34112]},"Q6s":{"weight":1.0,"played":[0.9999,1.0E-4],"evs":[0.0,-2.08805]},"Q7s":{"weight":1.0,"played":[0.9981,0.0019],"evs":[0.0,-2.44791]},"Q8s":{"weight":1.0,"played":[0.9986,0.0014],"evs":[0.0,-2.01827]},"Q9s":{"weight":1.0,"played":[0.9739,0.0261],"evs":[0.0,-1.00199]},"QTs":{"weight":1.0,"played":[0.9869,0.0131],"evs":[0.0,-0.50699]},"QJs":{"weight":1.0,"played":[0.9753,0.0247],"evs":[0.0,-0.5775]},"QQ":{"weight":1.0,"played":[0.0,1.0],"evs":[0.0,4.79613]},"KQo":{"weight":1.0,"played":[0.9581,0.0419],"evs":[0.0,-0.8954]},"AQo":{"weight":1.0,"played":[0.0042,0.9958],"evs":[0.0,0.81742]},"K2s":{"weight":1.0,"played":[1.0,0.0],"evs":[0.0,-3.12717]},"K3s":{"weight":1.0,"played":[0.9978,0.0022],"evs":[0.0,-2.31698]},"K4s":{"weight":1.0,"played":[0.9931,0.0069],"evs":[0.0,-2.16049]},"K5s":{"weight":1.0,"played":[0.9997,3.0E-4],"evs":[0.0,-1.38451]},"K6s":{"weight":1.0,"played":[0.9996,4.0E-4],"evs":[0.0,-1.68381]},"K7s":{"weight":1.0,"played":[0.9979,0.0021],"evs":[0.0,-1.40678]},"K8s":{"weight":1.0,"played":[0.999,0.001],"evs":[0.0,-1.65864]},"K9s":{"weight":1.0,"played":[0.9998,2.0E-4],"evs":[0.0,-1.19623]},"KTs":{"weight":1.0,"played":[0.6821,0.3179],"evs":[0.0,-0.09094]},"KJs":{"weight":1.0,"played":[0.998,0.002],"evs":[0.0,-0.35515]},"KQs":{"weight":1.0,"played":[0.047,0.953],"evs":[0.0,0.64021]},"KK":{"weight":1.0,"played":[0.0,1.0],"evs":[0.0,8.69101]},"AKo":{"weight":1.0,"played":[4.0E-4,0.9996],"evs":[0.0,1.8469]},"A2s":{"weight":1.0,"played":[0.894,0.106],"evs":[0.0,-1.46497]},"A3s":{"weight":1.0,"played":[0.9561,0.0439],"evs":[0.0,-0.54548]},"A4s":{"weight":1.0,"played":[0.9978,0.0022],"evs":[0.0,-1.25209]},"A5s":{"weight":1.0,"played":[0.6938,0.3062],"evs":[0.0,0.07176]},"A6s":{"weight":1.0,"played":[0.999,0.001],"evs":[0.0,-1.04382]},"A7s":{"weight":1.0,"played":[0.9986,0.0014],"evs":[0.0,-1.0571]},"A8s":{"weight":1.0,"played":[0.9753,0.0247],"evs":[0.0,-0.38288]},"A9s":{"weight":1.0,"played":[0.3048,0.6952],"evs":[0.0,-0.27743]},"ATs":{"weight":1.0,"played":[0.0671,0.9329],"evs":[0.0,0.61047]},"AJs":{"weight":1.0,"played":[0.0644,0.9356],"evs":[0.0,0.97928]},"AQs":{"weight":1.0,"played":[3.0E-4,0.9997],"evs":[0.0,1.81031]},"AKs":{"weight":1.0,"played":[0.0172,0.9828],"evs":[0.0,2.60257]},"AA":{"weight":1.0,"played":[0.0,1.0],"evs":[0.0,13.29944]}}}