{"player":2,"street":0,"children":2,"sequence":[{"player":0,"type":"F","amount":0,"street":0},{"player":1,"type":"R","amount":200000,"street":0},{"player":2,"type":"C","amount":200000,"street":0},{"player":3,"type":"C","amount":200000,"street":0},{"player":4,"type":"F","amount":0,"street":0},{"player":5,"type":"R","amount":1385000,"street":0},{"player":1,"type":"F","amount":0,"street":0},{"player":2,"type":"C","amount":1185000,"street":0},{"player":3,"type":"R","amount":2385000,"street":0}],"actions":[{"type":"F","amount":0},{"type":"C","amount":1000000}],"hands":{"22":{"weight":0.0,"played":[0.0,1.0],"evs":[0.0,5.01902]},"32o":{"weight":0.0,"played":[0.0136,0.9864],"evs":[0.0,2.49408]},"42o":{"weight":0.0,"played":[0.0925,0.9075],"evs":[0.0,1.11173]},"52o":{"weight":0.0,"played":[0.0014,0.9986],"evs":[0.0,2.92054]},"62o":{"weight":0.0,"played":[0.0014,0.9986],"evs":[0.0,3.88381]},"72o":{"weight":0.0,"played":[0.0021,0.9979],"evs":[0.0,2.80292]},"82o":{"weight":0.0,"played":[0.005,0.995],"evs":[0.0,1.59875]},"92o":{"weight":0.0,"played":[0.001,0.999],"evs":[0.0,1.44338]},"T2o":{"weight":0.0,"played":[0.6372,0.3628],"evs":[0.0,0.46762]},"J2o":{"weight":0.0,"played":[0.0901,0.9099],"evs":[0.0,2.33639]},"Q2o":{"weight":0.0,"played":[0.5448,0.4552],"evs":[0.0,-1.08727]},"K2o":{"weight":0.0,"played":[2.0E-4,0.9998],"evs":[0.0,5.32299]},"A2o":{"weight":0.0,"played":[0.0639,0.9361],"evs":[0.0,2.65266]},"32s":{"weight":0.0,"played":[0.3492,0.6508],"evs":[0.0,1.025]},"33":{"weight":0.0,"played":[0.0016,0.9984],"evs":[0.0,6.88164]},"43o":{"weight":0.0,"played":[0.0,1.0],"evs":[0.0,2.81307]},"53o":{"weight":0.0,"played":[0.0104,0.9896],"evs":[0.0,2.37765]},"63o":{"weight":0.0,"played":[0.0,1.0],"evs":[0.0,3.69474]},"73o":{"weight":0.0,"played":[0.0035,0.9965],"evs":[0.0,2.6066]},"83o":{"weight":0.0,"played":[0.0063,0.9937],"evs":[0.0,2.9371]},"93o":{"weight":0.0,"played":[0.0313,0.9687],"evs":[0.0,4.28029]},"T3o":{"weight":0.0,"played":[0.0123,0.9877],"evs":[0.0,1.96674]},"J3o":{"weight":0.0,"played":[0.1589,0.8411],"evs":[0.0,2.96036]},"Q3o":{"weight":0.0,"played":[0.0114,0.9886],"evs":[0.0,4.19049]},"K3o":{"weight":0.0,"played":[0.0047,0.9953],"evs":[0.0,3.21388]},"A3o":{"weight":0.0,"played":[0.0274,0.9726],"evs":[0.0,2.203]},"42s":{"weight":0.0,"played":[0.0085,0.9915],"evs":[0.0,4.61949]},"43s":{"weight":0.0,"played":[0.1228,0.8772],"evs":[0.0,3.7456]},"44":{"weight":0.0428,"played":[0.0022,0.9978],"evs":[0.0,6.12432]},"54o":{"weight":0.0,"played":[0.0091,0.9909],"evs":[0.0,3.60762]},"64o":{"weight":0.0,"played":[0.0058,0.9942],"evs":[0.0,4.43058]},"74o":{"weight":0.0,"played":[0.006,0.994],"evs":[0.0,3.48495]},"84o":{"weight":0.0,"played":[0.1203,0.8797],"evs":[0.0,1.36411]},"94o":{"weight":0.0,"played":[0.1741,0.8259],"evs":[0.0,1.73676]},"T4o":{"weight":0.0,"played":[0.0252,0.9748],"evs":[0.0,3.00244]},"J4o":{"weight":0.0,"played":[0.0708,0.9292],"evs":[0.0,2.52008]},"Q4o":{"weight":0.0,"played":[0.1205,0.8795],"evs":[0.0,2.66891]},"K4o":{"weight":0.0,"played":[0.0017,0.9983],"evs":[0.0,3.66581]},"A4o":{"weight":0.0,"played":[0.0052,0.9948],"evs":[0.0,4.75563]},"52s":{"weight":0.0,"played":[0.0558,0.9442],"evs":[0.0,0.79968]},"53s":{"weight":0.0,"played":[0.0457,0.9543],"evs":[0.0,5.3773]},"54s":{"weight":0.0,"played":[0.1686,0.8314],"evs":[0.0,4.62513]},"55":{"weight":0.1871,"played":[3.0E-4,0.9997],"evs":[0.0,6.22864]},"65o":{"weight":0.0,"played":[0.0099,0.9901],"evs":[0.0,2.47982]},"75o":{"weight":0.0,"played":[0.0015,0.9985],"evs":[0.0,1.5775]},"85o":{"weight":0.0,"played":[0.0305,0.9695],"evs":[0.0,1.72426]},"95o":{"weight":0.0,"played":[0.0359,0.9641],"evs":[0.0,3.48336]},"T5o":{"weight":0.0,"played":[0.0011,0.9989],"evs":[0.0,4.19076]},"J5o":{"weight":0.0,"played":[0.0118,0.9882],"evs":[0.0,5.5584]},"Q5o":{"weight":0.0,"played":[0.0044,0.9956],"evs":[0.0,3.46298]},"K5o":{"weight":0.0,"played":[0.0016,0.9984],"evs":[0.0,5.90616]},"A5o":{"weight":0.0,"played":[0.0933,0.9067],"evs":[0.0,3.80469]},"62s":{"weight":0.0,"played":[0.0119,0.9881],"evs":[0.0,3.61679]},"63s":{"weight":0.0,"played":[0.0034,0.9966],"evs":[0.0,4.68102]},"64s":{"weight":0.0,"played":[0.2693,0.7307],"evs":[0.0,2.91635]},"65s":{"weight":0.0,"played":[0.0572,0.9428],"evs":[0.0,3.72222]},"66":{"weight":0.1034,"played":[7.0E-4,0.9993],"evs":[0.0,5.27771]},"76o":{"weight":0.0,"played":[0.0116,0.9884],"evs":[0.0,4.0449]},"86o":{"weight":0.0,"played":[8.0E-4,0.9992],"evs":[0.0,4.96113]},"96o":{"weight":0.0,"played":[3.0E-4,0.9997],"evs":[0.0,4.7928]},"T6o":{"weight":0.0,"played":[0.0168,0.9832],"evs":[0.0,2.05208]},"J6o":{"weight":0.0,"played":[0.0314,0.9686],"evs":[0.0,3.52678]},"Q6o":{"weight":0.0,"played":[0.0012,0.9988],"evs":[0.0,2.36127]},"K6o":{"weight":0.0,"played":[2.0E-4,0.9998],"evs":[0.0,3.53273]},"A6o":{"weight":0.0,"played":[0.008,0.992],"evs":[0.0,4.63352]},"72s":{"weight":0.0,"played":[0.0011,0.9989],"evs":[0.0,5.2188]},"73s":{"weight":0.0,"played":[0.0576,0.9424],"evs":[0.0,6.50366]},"74s":{"weight":0.0,"played":[0.0012,0.9988],"evs":[0.0,7.62706]},"75s":{"weight":0.0,"played":[0.009,0.991],"evs":[0.0,7.40453]},"76s":{"weight":4.0E-4,"played":[0.0114,0.9886],"evs":[0.0,1.25798]},"77":{"weight":0.0294,"played":[2.0E-4,0.9998],"evs":[0.0,7.87992]},"87o":{"weight":0.0,"played":[0.0112,0.9888],"evs":[0.0,6.78213]},"97o":{"weight":0.0,"played":[0.0012,0.9988],"evs":[0.0,5.61657]},"T7o":{"weight":0.0,"played":[0.0059,0.9941],"evs":[0.0,2.57365]},"J7o":{"weight":0.0,"played":[0.037,0.963],"evs":[0.0,5.21606]},"Q7o":{"weight":0.0,"played":[0.0118,0.9882],"evs":[0.0,2.3375]},"K7o":{"weight":0.0,"played":[0.0354,0.9646],"evs":[0.0,2.72837]},"A7o":{"weight":0.0,"played":[8.0E-4,0.9992],"evs":[0.0,4.31275]},"82s":{"weight":0.0,"played":[0.0384,0.9616],"evs":[0.0,6.38391]},"83s":{"weight":0.0,"played":[0.0049,0.9951],"evs":[0.0,3.81463]},"84s":{"weight":0.0,"played":[0.0,1.0],"evs":[0.0,3.47446]},"85s":{"weight":0.0,"played":[0.1935,0.8065],"evs":[0.0,3.47477]},"86s":{"weight":0.0,"played":[6.0E-4,0.9994],"evs":[0.0,3.67943]},"87s":{"weight":0.0013,"played":[0.0,1.0],"evs":[0.0,5.11128]},"88":{"weight":0.0212,"played":[8.0E-4,0.9992],"evs":[0.0,11.16862]},"98o":{"weight":0.0,"played":[0.0036,0.9964],"evs":[0.0,5.08563]},"T8o":{"weight":0.0,"played":[6.0E-4,0.9994],"evs":[0.0,3.53498]},"J8o":{"weight":0.0,"played":[0.0851,0.9149],"evs":[0.0,5.20953]},"Q8o":{"weight":0.0,"played":[0.0,1.0],"evs":[0.0,4.01761]},"K8o":{"weight":0.0,"played":[0.0385,0.9615],"evs":[0.0,4.45008]},"A8o":{"weight":0.0,"played":[7.0E-4,0.9993],"evs":[0.0,4.46396]},"92s":{"weight":0.0,"played":[0.0032,0.9968],"evs":[0.0,5.08251]},"93s":{"weight":0.0,"played":[0.0824,0.9176],"evs":[0.0,4.14487]},"94s":{"weight":0.0,"played":[0.0045,0.9955],"evs":[0.0,4.75379]},"95s":{"weight":0.0,"played":[0.1074,0.8926],"evs":[0.0,0.14779]},"96s":{"weight":0.0,"played":[0.0069,0.9931],"evs":[0.0,3.49476]},"97s":{"weight":0.0,"played":[0.0,1.0],"evs":[0.0,8.67211]},"98s":{"weight":0.0,"played":[0.0014,0.9986],"evs":[0.0,5.99899]},"99":{"weight":0.4388,"played":[1.0E-4,0.9999],"evs":[0.0,12.27421]},"T9o":{"weight":0.0,"played":[0.0112,0.9888],"evs":[0.0,5.53564]},"J9o":{"weight":0.0,"played":[0.0526,0.9474],"evs":[0.0,5.97591]},"Q9o":{"weight":0.0,"played":[0.0,1.0],"evs":[0.0,4.84046]},"K9o":{"weight":0.0,"played":[0.0061,0.9939],"evs":[0.0,5.53763]},"A9o":{"weight":0.0118,"played":[9.0E-4,0.9991],"evs":[0.0,4.59115]},"T2s":{"weight":0.0,"played":[0.0263,0.9737],"evs":[0.0,1.14274]},"T3s":{"weight":0.0,"played":[0.1031,0.8969],"evs":[0.0,3.66584]},"T4s":{"weight":0.0,"played":[0.2332,0.7668],"evs":[0.0,5.5659]},"T5s":{"weight":0.0,"played":[0.0047,0.9953],"evs":[0.0,4.83236]},"T6s":{"weight":0.0,"played":[0.037,0.963],"evs":[0.0,10.00377]},"T7s":{"weight":0.0,"played":[0.0029,0.9971],"evs":[0.0,5.10889]},"T8s":{"weight":0.0,"played":[8.0E-4,0.9992],"evs":[0.0,7.79579]},"T9s":{"weight":0.1332,"played":[0.0025,0.9975],"evs":[0.0,9.23787]},"TT":{"weight":0.0,"played":[1.0E-4,0.9999],"evs":[0.0,18.35581]},"JTo":{"weight":0.0,"played":[3.0E-4,0.9997],"evs":[0.0,7.60087]},"QTo":{"weight":0.0,"played":[1.0E-4,0.9999],"evs":[0.0,5.52341]},"KTo":{"weight":0.0,"played":[5.0E-4,0.9995],"evs":[0.0,4.18914]},"ATo":{"weight":0.2114,"played":[0.0,1.0],"evs":[0.0,5.98364]},"J2s":{"weight":0.0,"played":[0.0062,0.9938],"evs":[0.0,6.22398]},"J3s":{"weight":0.0,"played":[0.004,0.996],"evs":[0.0,2.81855]},"J4s":{"weight":0.0,"played":[2.0E-4,0.9998],"evs":[0.0,3.24469]},"J5s":{"weight":0.0,"played":[0.0418,0.9582],"evs":[0.0,1.69426]},"J6s":{"weight":0.0,"played":[0.0281,0.9719],"evs":[0.0,5.4142]},"J7s":{"weight":0.0,"played":[0.1127,0.8873],"evs":[0.0,8.18127]},"J8s":{"weight":0.0,"played":[0.0025,0.9975],"evs":[0.0,11.10265]},"J9s":{"weight":0.0,"played":[0.0084,0.9916],"evs":[0.0,6.09722]},"JTs":{"weight":0.4131,"played":[0.0137,0.9863],"evs":[0.0,6.88261]},"JJ":{"weight":0.1014,"played":[0.0,1.0],"evs":[0.0,16.60446]},"QJo":{"weight":0.0,"played":[0.0,1.0],"evs":[0.0,5.19212]},"KJo":{"weight":8.0E-4,"played":[0.0035,0.9965],"evs":[0.0,7.27779]},"AJo":{"weight":0.1382,"played":[0.0,1.0],"evs":[0.0,6.68841]},"Q2s":{"weight":0.0,"played":[0.0036,0.9964],"evs":[0.0,6.90931]},"Q3s":{"weight":0.0,"played":[0.0665,0.9335],"evs":[0.0,1.98206]},"Q4s":{"weight":0.0,"played":[0.0312,0.9688],"evs":[0.0,5.65477]},"Q5s":{"weight":0.0,"played":[0.0055,0.9945],"evs":[0.0,5.30014]},"Q6s":{"weight":0.0,"played":[0.1966,0.8034],"evs":[0.0,2.24862]},"Q7s":{"weight":0.0,"played":[0.0027,0.9973],"evs":[0.0,5.78191]},"Q8s":{"weight":0.0,"played":[0.097,0.903],"evs":[0.0,7.39103]},"Q9s":{"weight":0.0025,"played":[5.0E-4,0.9995],"evs":[0.0,9.70644]},"QTs":{"weight":0.2068,"played":[3.0E-4,0.9997],"evs":[0.0,6.04329]},"QJs":{"weight":0.0043,"played":[0.0045,0.9955],"evs":[0.0,7.96509]},"QQ":{"weight":0.1605,"played":[0.0,1.0],"evs":[0.0,17.54179]},"KQo":{"weight":0.0106,"played":[0.0,1.0],"evs":[0.0,7.57903]},"AQo":{"weight":5.0E-4,"played":[1.0E-4,0.9999],"evs":[0.0,9.13553]},"K2s":{"weight":0.0,"played":[0.1385,0.8615],"evs":[0.0,3.03021]},"K3s":{"weight":0.0,"played":[0.0086,0.9914],"evs":[0.0,1.91767]},"K4s":{"weight":0.0,"played":[0.0343,0.9657],"evs":[0.0,4.55819]},"K5s":{"weight":0.0,"played":[0.0296,0.9704],"evs":[0.0,4.12658]},"K6s":{"weight":0.0,"played":[0.0097,0.9903],"evs":[0.0,2.08198]},"K7s":{"weight":0.0,"played":[0.0074,0.9926],"evs":[0.0,5.53961]},"K8s":{"weight":0.0,"played":[0.0125,0.9875],"evs":[0.0,5.32298]},"K9s":{"weight":0.1681,"played":[0.0021,0.9979],"evs":[0.0,5.01765]},"KTs":{"weight":0.0459,"played":[0.0199,0.9801],"evs":[0.0,7.7041]},"KJs":{"weight":0.2015,"played":[0.0,1.0],"evs":[0.0,9.65376]},"KQs":{"weight":0.1929,"played":[0.0,1.0],"evs":[0.0,5.02644]},"KK":{"weight":0.4093,"played":[1.0E-4,0.9999],"evs":[0.0,22.10875]},"AKo":{"weight":0.0,"played":[1.0E-4,0.9999],"evs":[0.0,10.2664]},"A2s":{"weight":0.0124,"played":[0.0107,0.9893],"evs":[0.0,6.55732]},"A3s":{"weight":0.0,"played":[0.0249,0.9751],"evs":[0.0,6.68524]},"A4s":{"weight":7.0E-4,"played":[6.0E-4,0.9994],"evs":[0.0,7.58576]},"A5s":{"weight":0.0126,"played":[0.052,0.948],"evs":[0.0,5.59892]},"A6s":{"weight":0.0,"played":[0.0283,0.9717],"evs":[0.0,6.94179]},"A7s":{"weight":0.0,"played":[0.033,0.967],"evs":[0.0,4.06826]},"A8s":{"weight":0.2433,"played":[0.0167,0.9833],"evs":[0.0,5.9788]},"A9s":{"weight":0.2682,"played":[4.0E-4,0.9996],"evs":[0.0,5.53857]},"ATs":{"weight":0.0581,"played":[3.0E-4,0.9997],"evs":[0.0,10.92571]},"AJs":{"weight":0.0451,"played":[8.0E-4,0.9992],"evs":[0.0,8.69966]},"AQs":{"weight":0.0712,"played":[0.0017,0.9983],"evs":[0.0,10.15008]},"AKs":{"weight":0.5751,"played":[7.0E-4,0.9993],"evs":[0.0,14.24795]},"AA":{"weight":0.5799,"played":[0.0,1.0],"evs":[0.0,28.2635]}}}