{"player":3,"street":0,"children":2,"sequence":[{"player":0,"type":"F","amount":0,"street":0},{"player":1,"type":"R","amount":200000,"street":0},{"player":2,"type":"C","amount":200000,"street":0},{"player":3,"type":"C","amount":200000,"street":0},{"player":4,"type":"R","amount":1985000,"street":0},{"player":5,"type":"F","amount":0,"street":0},{"player":1,"type":"C","amount":1045000,"street":0},{"player":2,"type":"R","amount":2385000,"street":0}],"actions":[{"type":"F","amount":0},{"type":"C","amount":2185000}],"hands":{"22":{"weight":0.4207,"played":[0.9297,0.0703],"evs":[0.0,-4.23268]},"32o":{"weight":0.0,"played":[1.0,0.0],"evs":[0.0,-6.87924]},"42o":{"weight":0.0,"played":[0.9998,2.0E-4],"evs":[0.0,-5.67104]},"52o":{"weight":0.0,"played":[0.9987,0.0013],"evs":[0.0,-6.48267]},"62o":{"weight":0.0,"played":[0.9962,0.0038],"evs":[0.0,-7.6564]},"72o":{"weight":0.0,"played":[1.0,0.0],"evs":[0.0,-6.5444]},"82o":{"weight":0.0,"played":[0.9952,0.0048],"evs":[0.0,-5.92]},"92o":{"weight":0.0,"played":[0.997,0.003],"evs":[0.0,-5.16843]},"T2o":{"weight":0.0,"played":[0.9999,1.0E-4],"evs":[0.0,-6.63338]},"J2o":{"weight":0.0,"played":[0.9996,4.0E-4],"evs":[0.0,-6.58185]},"Q2o":{"weight":0.0,"played":[1.0,0.0],"evs":[0.0,-6.01831]},"K2o":{"weight":0.0,"played":[0.9896,0.0104],"evs":[0.0,-6.90295]},"A2o":{"weight":0.0,"played":[0.99,0.01],"evs":[0.0,-5.27983]},"32s":{"weight":0.0,"played":[0.9886,0.0114],"evs":[0.0,-4.55451]},"33":{"weight":0.5535,"played":[0.9429,0.0571],"evs":[0.0,-4.86043]},"43o":{"weight":0.0,"played":[0.9974,0.0026],"evs":[0.0,-5.53016]},"53o":{"weight":0.0,"played":[0.9992,8.0E-4],"evs":[0.0,-4.29514]},"63o":{"weight":0.0,"played":[0.9802,0.0198],"evs":[0.0,-5.41391]},"73o":{"weight":0.0,"played":[0.99,0.01],"evs":[0.0,-7.03897]},"83o":{"weight":0.0,"played":[0.9993,7.0E-4],"evs":[0.0,-7.00781]},"93o":{"weight":0.0,"played":[0.9979,0.0021],"evs":[0.0,-6.33794]},"T3o":{"weight":0.0,"played":[0.9999,1.0E-4],"evs":[0.0,-5.67465]},"J3o":{"weight":0.0,"played":[1.0,0.0],"evs":[0.0,-6.57483]},"Q3o":{"weight":0.0,"played":[0.9987,0.0013],"evs":[0.0,-6.6658]},"K3o":{"weight":0.0,"played":[0.9912,0.0088],"evs":[0.0,-6.84123]},"A3o":{"weight":0.0,"played":[0.9953,0.0047],"evs":[0.0,-4.89915]},"42s":{"weight":0.0,"played":[0.996,0.004],"evs":[0.0,-4.83924]},"43s":{"weight":0.0,"played":[0.9996,4.0E-4],"evs":[0.0,-4.76585]},"44":{"weight":0.8419,"played":[0.9594,0.0406],"evs":[0.0,-1.83175]},"54o":{"weight":0.0,"played":[1.0,0.0],"evs":[0.0,-3.2714]},"64o":{"weight":0.0,"played":[0.9637,0.0363],"evs":[0.0,-3.25398]},"74o":{"weight":0.0,"played":[0.9959,0.0041],"evs":[0.0,-7.16014]},"84o":{"weight":0.0,"played":[0.9994,6.0E-4],"evs":[0.0,-5.97608]},"94o":{"weight":0.0,"played":[0.9923,0.0077],"evs":[0.0,-6.56667]},"T4o":{"weight":0.0,"played":[0.9983,0.0017],"evs":[0.0,-7.46526]},"J4o":{"weight":0.0,"played":[0.9979,0.0021],"evs":[0.0,-7.33801]},"Q4o":{"weight":0.0,"played":[0.9888,0.0112],"evs":[0.0,-5.00646]},"K4o":{"weight":0.0,"played":[1.0,0.0],"evs":[0.0,-6.72259]},"A4o":{"weight":0.0,"played":[1.0,0.0],"evs":[0.0,-3.55911]},"52s":{"weight":0.0,"played":[0.9155,0.0845],"evs":[0.0,-6.04566]},"53s":{"weight":3.0E-4,"played":[0.9634,0.0366],"evs":[0.0,-6.55109]},"54s":{"weight":0.0,"played":[0.7456,0.2544],"evs":[0.0,-4.58634]},"55":{"weight":0.9123,"played":[0.6246,0.3754],"evs":[0.0,-0.97567]},"65o":{"weight":0.0,"played":[0.9909,0.0091],"evs":[0.0,-4.19922]},"75o":{"weight":0.0,"played":[0.9656,0.0344],"evs":[0.0,-4.27091]},"85o":{"weight":0.0,"played":[0.8243,0.1757],"evs":[0.0,-4.0891]},"95o":{"weight":0.0,"played":[0.9903,0.0097],"evs":[0.0,-6.74875]},"T5o":{"weight":0.0,"played":[0.9999,1.0E-4],"evs":[0.0,-7.93828]},"J5o":{"weight":0.0,"played":[0.9999,1.0E-4],"evs":[0.0,-7.28629]},"Q5o":{"weight":0.0,"played":[0.9978,0.0022],"evs":[0.0,-7.21086]},"K5o":{"weight":0.0,"played":[0.9942,0.0058],"evs":[0.0,-5.54805]},"A5o":{"weight":0.0,"played":[0.9996,4.0E-4],"evs":[0.0,-3.98876]},"62s":{"weight":0.0,"played":[0.961,0.039],"evs":[0.0,-8.31597]},"63s":{"weight":1.0E-4,"played":[0.8975,0.1025],"evs":[0.0,-4.0976]},"64s":{"weight":2.0E-4,"played":[0.5684,0.4316],"evs":[0.0,-0.19571]},"65s":{"weight":0.0011,"played":[0.8675,0.1325],"evs":[0.0,-2.71956]},"66":{"weight":0.9722,"played":[0.9777,0.0223],"evs":[0.0,-3.6559]},"76o":{"weight":0.0,"played":[0.9971,0.0029],"evs":[0.0,-5.10606]},"86o":{"weight":0.0,"played":[0.9863,0.0137],"evs":[0.0,-3.44932]},"96o":{"weight":0.0,"played":[0.9593,0.0407],"evs":[0.0,-2.85772]},"T6o":{"weight":0.0,"played":[0.9999,1.0E-4],"evs":[0.0,-6.20007]},"J6o":{"weight":0.0,"played":[1.0,0.0],"evs":[0.0,-5.14078]},"Q6o":{"weight":0.0,"played":[0.9998,2.0E-4],"evs":[0.0,-4.03748]},"K6o":{"weight":0.0,"played":[0.949,0.051],"evs":[0.0,-4.76256]},"A6o":{"weight":0.0,"played":[0.9965,0.0035],"evs":[0.0,-5.89566]},"72s":{"weight":0.0,"played":[0.9755,0.0245],"evs":[0.0,-4.66605]},"73s":{"weight":0.0,"played":[0.9317,0.0683],"evs":[0.0,-2.81287]},"74s":{"weight":0.0,"played":[0.9024,0.0976],"evs":[0.0,-3.07157]},"75s":{"weight":4.0E-4,"played":[0.4136,0.5864],"evs":[0.0,-1.2118]},"76s":{"weight":0.5274,"played":[0.9809,0.0191],"evs":[0.0,-4.81068]},"77":{"weight":0.911,"played":[0.3829,0.6171],"evs":[0.0,0.03778]},"87o":{"weight":0.0,"played":[0.9942,0.0058],"evs":[0.0,-1.92267]},"97o":{"weight":0.0,"played":[0.9847,0.0153],"evs":[0.0,-3.30701]},"T7o":{"weight":0.0,"played":[0.9925,0.0075],"evs":[0.0,-4.73586]},"J7o":{"weight":0.0,"played":[0.9999,1.0E-4],"evs":[0.0,-5.77836]},"Q7o":{"weight":0.0,"played":[0.9747,0.0253],"evs":[0.0,-5.26592]},"K7o":{"weight":0.0,"played":[0.9976,0.0024],"evs":[0.0,-8.07392]},"A7o":{"weight":0.0,"played":[0.9231,0.0769],"evs":[0.0,-4.06682]},"82s":{"weight":0.0,"played":[0.9987,0.0013],"evs":[0.0,-6.00367]},"83s":{"weight":0.0,"played":[0.9994,6.0E-4],"evs":[0.0,-4.29644]},"84s":{"weight":0.0,"played":[0.9617,0.0383],"evs":[0.0,-0.82235]},"85s":{"weight":1.0E-4,"played":[0.931,0.069],"evs":[0.0,-5.42073]},"86s":{"weight":0.0171,"played":[0.7948,0.2052],"evs":[0.0,-2.61479]},"87s":{"weight":0.0,"played":[0.7932,0.2068],"evs":[0.0,-2.44351]},"88":{"weight":0.8468,"played":[0.2978,0.7022],"evs":[0.0,0.70566]},"98o":{"weight":0.0,"played":[0.754,0.246],"evs":[0.0,-1.39837]},"T8o":{"weight":0.0,"played":[0.9966,0.0034],"evs":[0.0,-4.10835]},"J8o":{"weight":0.0,"played":[0.9989,0.0011],"evs":[0.0,-4.70898]},"Q8o":{"weight":0.0,"played":[0.9779,0.0221],"evs":[0.0,-3.69666]},"K8o":{"weight":0.0,"played":[0.9989,0.0011],"evs":[0.0,-4.99529]},"A8o":{"weight":0.0,"played":[0.9852,0.0148],"evs":[0.0,-3.52119]},"92s":{"weight":0.0,"played":[0.8175,0.1825],"evs":[0.0,-0.69702]},"93s":{"weight":0.0,"played":[0.9627,0.0373],"evs":[0.0,-4.22418]},"94s":{"weight":0.0,"played":[0.9865,0.0135],"evs":[0.0,-2.91487]},"95s":{"weight":0.0,"played":[0.9891,0.0109],"evs":[0.0,-5.36354]},"96s":{"weight":0.0,"played":[0.6282,0.3718],"evs":[0.0,-2.28094]},"97s":{"weight":3.0E-4,"played":[0.9472,0.0528],"evs":[0.0,-2.85702]},"98s":{"weight":0.0,"played":[0.7756,0.2244],"evs":[0.0,-1.69474]},"99":{"weight":0.5897,"played":[0.4546,0.5454],"evs":[0.0,-0.41453]},"T9o":{"weight":0.0,"played":[0.9855,0.0145],"evs":[0.0,-4.14251]},"J9o":{"weight":0.0,"played":[0.9986,0.0014],"evs":[0.0,-5.34222]},"Q9o":{"weight":0.0,"played":[0.9891,0.0109],"evs":[0.0,-5.96064]},"K9o":{"weight":0.0,"played":[0.9998,2.0E-4],"evs":[0.0,-3.99858]},"A9o":{"weight":0.0,"played":[0.9599,0.0401],"evs":[0.0,-5.89865]},"T2s":{"weight":0.0,"played":[0.9972,0.0028],"evs":[0.0,-7.76736]},"T3s":{"weight":0.0,"played":[0.8917,0.1083],"evs":[0.0,-2.31895]},"T4s":{"weight":0.0,"played":[0.9849,0.0151],"evs":[0.0,-6.34227]},"T5s":{"weight":0.0,"played":[0.9303,0.0697],"evs":[0.0,-6.37806]},"T6s":{"weight":1.0E-4,"played":[0.8887,0.1113],"evs":[0.0,-4.64506]},"T7s":{"weight":2.0E-4,"played":[0.9359,0.0641],"evs":[0.0,-3.51815]},"T8s":{"weight":0.0,"played":[0.5678,0.4322],"evs":[0.0,-1.04564]},"T9s":{"weight":0.0,"played":[0.5121,0.4879],"evs":[0.0,-0.33849]},"TT":{"weight":0.0758,"played":[0.0,1.0],"evs":[0.0,4.60042]},"JTo":{"weight":0.0,"played":[0.9942,0.0058],"evs":[0.0,-1.78647]},"QTo":{"weight":0.0,"played":[0.9821,0.0179],"evs":[0.0,-5.15191]},"KTo":{"weight":0.0,"played":[0.9728,0.0272],"evs":[0.0,-4.21249]},"ATo":{"weight":0.9967,"played":[0.9374,0.0626],"evs":[0.0,-3.02702]},"J2s":{"weight":0.0,"played":[0.9738,0.0262],"evs":[0.0,-4.68166]},"J3s":{"weight":0.0,"played":[0.9635,0.0365],"evs":[0.0,-6.0906]},"J4s":{"weight":0.0,"played":[0.8405,0.1595],"evs":[0.0,-2.63863]},"J5s":{"weight":1.0E-4,"played":[0.7628,0.2372],"evs":[0.0,-2.73328]},"J6s":{"weight":1.0E-4,"played":[0.9961,0.0039],"evs":[0.0,-6.3331]},"J7s":{"weight":0.0,"played":[0.5314,0.4686],"evs":[0.0,-2.27271]},"J8s":{"weight":0.0012,"played":[0.9942,0.0058],"evs":[0.0,-4.71974]},"J9s":{"weight":0.0085,"played":[0.6908,0.3092],"evs":[0.0,0.03805]},"JTs":{"weight":0.2215,"played":[0.6142,0.3858],"evs":[0.0,0.5145]},"JJ":{"weight":0.2284,"played":[6.0E-4,0.9994],"evs":[0.0,7.43486]},"QJo":{"weight":0.0,"played":[0.989,0.011],"evs":[0.0,-3.85159]},"KJo":{"weight":8.0E-4,"played":[0.8199,0.1801],"evs":[0.0,-2.30765]},"AJo":{"weight":0.1961,"played":[0.9667,0.0333],"evs":[0.0,-3.46381]},"Q2s":{"weight":0.0,"played":[0.9146,0.0854],"evs":[0.0,-2.9712]},"Q3s":{"weight":0.0,"played":[0.911,0.089],"evs":[0.0,-4.73123]},"Q4s":{"weight":1.0E-4,"played":[0.9991,9.0E-4],"evs":[0.0,-3.79367]},"Q5s":{"weight":0.0,"played":[0.9844,0.0156],"evs":[0.0,-7.65098]},"Q6s":{"weight":0.0,"played":[0.6548,0.3452],"evs":[0.0,-2.54257]},"Q7s":{"weight":0.0,"played":[0.9128,0.0872],"evs":[0.0,-2.70416]},"Q8s":{"weight":0.0015,"played":[0.9751,0.0249],"evs":[0.0,-2.88034]},"Q9s":{"weight":3.0E-4,"played":[0.563,0.437],"evs":[0.0,-0.55466]},"QTs":{"weight":0.673,"played":[0.8691,0.1309],"evs":[0.0,-0.1974]},"QJs":{"weight":0.9529,"played":[0.9296,0.0704],"evs":[0.0,-1.37742]},"QQ":{"weight":0.055,"played":[1.0E-4,0.9999],"evs":[0.0,6.88504]},"KQo":{"weight":0.6772,"played":[0.8742,0.1258],"evs":[0.0,-4.12511]},"AQo":{"weight":0.6476,"played":[0.6859,0.3141],"evs":[0.0,-1.93538]},"K2s":{"weight":0.0,"played":[0.9078,0.0922],"evs":[0.0,-5.21735]},"K3s":{"weight":0.0,"played":[0.9261,0.0739],"evs":[0.0,-4.88296]},"K4s":{"weight":3.0E-4,"played":[0.7818,0.2182],"evs":[0.0,-2.69955]},"K5s":{"weight":1.0E-4,"played":[0.9984,0.0016],"evs":[0.0,-3.78307]},"K6s":{"weight":0.0188,"played":[0.7668,0.2332],"evs":[0.0,-3.52441]},"K7s":{"weight":0.0,"played":[0.9606,0.0394],"evs":[0.0,-5.48288]},"K8s":{"weight":0.0,"played":[0.9988,0.0012],"evs":[0.0,-5.10834]},"K9s":{"weight":5.0E-4,"played":[0.8724,0.1276],"evs":[0.0,-6.43497]},"KTs":{"weight":0.7714,"played":[0.9786,0.0214],"evs":[0.0,-1.06606]},"KJs":{"weight":0.8173,"played":[0.9963,0.0037],"evs":[0.0,-3.41484]},"KQs":{"weight":0.7903,"played":[0.5537,0.4463],"evs":[0.0,-1.57129]},"KK":{"weight":0.0359,"played":[0.0,1.0],"evs":[0.0,10.50872]},"AKo":{"weight":4.0E-4,"played":[0.693,0.307],"evs":[0.0,-2.62393]},"A2s":{"weight":6.0E-4,"played":[0.2954,0.7046],"evs":[0.0,0.4868]},"A3s":{"weight":6.0E-4,"played":[0.8575,0.1425],"evs":[0.0,-3.86668]},"A4s":{"weight":0.0088,"played":[0.7686,0.2314],"evs":[0.0,-2.703]},"A5s":{"weight":0.0018,"played":[0.9829,0.0171],"evs":[0.0,-1.19577]},"A6s":{"weight":0.2103,"played":[0.8436,0.1564],"evs":[0.0,-2.47057]},"A7s":{"weight":0.1739,"played":[0.9998,2.0E-4],"evs":[0.0,-5.25033]},"A8s":{"weight":0.0541,"played":[0.9645,0.0355],"evs":[0.0,-6.00433]},"A9s":{"weight":0.1397,"played":[0.9998,2.0E-4],"evs":[0.0,-2.51662]},"ATs":{"weight":0.8999,"played":[0.8255,0.1745],"evs":[0.0,-4.20637]},"AJs":{"weight":0.08,"played":[0.0073,0.9927],"evs":[0.0,2.0991]},"AQs":{"weight":0.9623,"played":[0.0031,0.9969],"evs":[0.0,0.95459]},"AKs":{"weight":0.3204,"played":[9.0E-4,0.9991],"evs":[0.0,3.48487]},"AA":{"weight":0.5278,"played":[2.0E-4,0.9998],"evs":[0.0,22.3397]}}}