{"player":2,"street":0,"children":2,"sequence":[{"player":0,"type":"F","amount":0,"street":0},{"player":1,"type":"R","amount":200000,"street":0},{"player":2,"type":"C","amount":200000,"street":0},{"player":3,"type":"C","amount":200000,"street":0},{"player":4,"type":"R","amount":1985000,"street":0},{"player":5,"type":"C","amount":1285000,"street":0},{"player":1,"type":"F","amount":0,"street":0}],"actions":[{"type":"F","amount":0,"node":162},{"type":"R","amount":2385000,"node":163}],"hands":{"22":{"weight":0.0,"played":[0.9103,0.0897],"evs":[0.0,-0.98509]},"32o":{"weight":0.0,"played":[0.995,0.005],"evs":[0.0,-8.85992]},"42o":{"weight":0.0,"played":[0.9993,7.0E-4],"evs":[0.0,-5.49963]},"52o":{"weight":0.0,"played":[0.717,0.283],"evs":[0.0,-1.67604]},"62o":{"weight":0.0,"played":[0.9928,0.0072],"evs":[0.0,-3.73776]},"72o":{"weight":0.0,"played":[0.9965,0.0035],"evs":[0.0,-6.26765]},"82o":{"weight":0.0,"played":[0.9966,0.0034],"evs":[0.0,-7.12399]},"92o":{"weight":0.0,"played":[0.7243,0.2757],"evs":[0.0,-4.85033]},"T2o":{"weight":0.0,"played":[0.9787,0.0213],"evs":[0.0,-3.02855]},"J2o":{"weight":0.0,"played":[0.9882,0.0118],"evs":[0.0,-1.72743]},"Q2o":{"weight":0.0,"played":[0.9987,0.0013],"evs":[0.0,-8.90124]},"K2o":{"weight":0.0,"played":[0.9993,7.0E-4],"evs":[0.0,-4.75997]},"A2o":{"weight":0.0,"played":[0.9731,0.0269],"evs":[0.0,-5.92379]},"32s":{"weight":0.0,"played":[0.5277,0.4723],"evs":[0.0,-1.07494]},"33":{"weight":0.0,"played":[0.3301,0.6699],"evs":[0.0,1.0205]},"43o":{"weight":0.0,"played":[0.9953,0.0047],"evs":[0.0,-6.74819]},"53o":{"weight":0.0,"played":[0.9985,0.0015],"evs":[0.0,-5.64995]},"63o":{"weight":0.0,"played":[0.9965,0.0035],"evs":[0.0,-2.47543]},"73o":{"weight":0.0,"played":[0.9814,0.0186],"evs":[0.0,-5.5295]},"83o":{"weight":0.0,"played":[0.9981,0.0019],"evs":[0.0,-4.50238]},"93o":{"weight":0.0,"played":[0.9819,0.0181],"evs":[0.0,-1.92756]},"T3o":{"weight":0.0,"played":[0.9989,0.0011],"evs":[0.0,-6.54509]},"J3o":{"weight":0.0,"played":[0.9915,0.0085],"evs":[0.0,-5.78489]},"Q3o":{"weight":0.0,"played":[0.9968,0.0032],"evs":[0.0,-7.40383]},"K3o":{"weight":0.0,"played":[0.9999,1.0E-4],"evs":[0.0,-2.842]},"A3o":{"weight":0.0,"played":[0.9433,0.0567],"evs":[0.0,-3.78152]},"42s":{"weight":0.0,"played":[0.9907,0.0093],"evs":[0.0,-7.61471]},"43s":{"weight":0.0,"played":[0.6393,0.3607],"evs":[0.0,-3.57081]},"44":{"weight":0.9452,"played":[0.313,0.687],"evs":[0.0,1.25329]},"54o":{"weight":0.0,"played":[0.7647,0.2353],"evs":[0.0,-0.15413]},"64o":{"weight":0.0,"played":[0.9428,0.0572],"evs":[0.0,-6.78176]},"74o":{"weight":0.0,"played":[0.9588,0.0412],"evs":[0.0,-2.72503]},"84o":{"weight":0.0,"played":[0.9898,0.0102],"evs":[0.0,-5.83483]},"94o":{"weight":0.0,"played":[0.9669,0.0331],"evs":[0.0,-2.60775]},"T4o":{"weight":0.0,"played":[0.9986,0.0014],"evs":[0.0,-5.28632]},"J4o":{"weight":0.0,"played":[0.8363,0.1637],"evs":[0.0,-2.41647]},"Q4o":{"weight":0.0,"played":[0.9311,0.0689],"evs":[0.0,-3.049]},"K4o":{"weight":0.0,"played":[0.8037,0.1963],"evs":[0.0,-2.38186]},"A4o":{"weight":0.0,"played":[0.874,0.126],"evs":[0.0,-1.4546]},"52s":{"weight":0.0,"played":[0.7898,0.2102],"evs":[0.0,-4.09734]},"53s":{"weight":0.0,"played":[0.1583,0.8417],"evs":[0.0,4.34051]},"54s":{"weight":0.0,"played":[0.9606,0.0394],"evs":[0.0,-6.67036]},"55":{"weight":0.994,"played":[0.1017,0.8983],"evs":[0.0,0.27193]},"65o":{"weight":0.0,"played":[0.9593,0.0407],"evs":[0.0,-2.88128]},"75o":{"weight":0.0,"played":[0.966,0.034],"evs":[0.0,-4.91303]},"85o":{"weight":0.0,"played":[0.9857,0.0143],"evs":[0.0,-3.09274]},"95o":{"weight":0.0,"played":[0.9771,0.0229],"evs":[0.0,-3.62094]},"T5o":{"weight":0.0,"played":[0.9514,0.0486],"evs":[0.0,-3.77696]},"J5o":{"weight":0.0,"played":[0.9788,0.0212],"evs":[0.0,-6.17842]},"Q5o":{"weight":0.0,"played":[0.9891,0.0109],"evs":[0.0,-3.15359]},"K5o":{"weight":0.0,"played":[0.9972,0.0028],"evs":[0.0,-4.78581]},"A5o":{"weight":0.0,"played":[0.9996,4.0E-4],"evs":[0.0,-3.44432]},"62s":{"weight":0.0,"played":[0.9514,0.0486],"evs":[0.0,-7.45754]},"63s":{"weight":0.0,"played":[0.3121,0.6879],"evs":[0.0,1.15071]},"64s":{"weight":0.0,"played":[0.0311,0.9689],"evs":[0.0,1.62002]},"65s":{"weight":0.3841,"played":[0.0257,0.9743],"evs":[0.0,0.57428]},"66":{"weight":0.9874,"played":[0.2864,0.7136],"evs":[0.0,-0.44676]},"76o":{"weight":0.0,"played":[0.9285,0.0715],"evs":[0.0,-1.35447]},"86o":{"weight":0.0,"played":[0.992,0.008],"evs":[0.0,-2.49847]},"96o":{"weight":0.0,"played":[0.3692,0.6308],"evs":[0.0,0.32687]},"T6o":{"weight":0.0,"played":[0.9194,0.0806],"evs":[0.0,-3.05884]},"J6o":{"weight":0.0,"played":[0.9989,0.0011],"evs":[0.0,-2.21959]},"Q6o":{"weight":0.0,"played":[0.7995,0.2005],"evs":[0.0,-4.18379]},"K6o":{"weight":0.0,"played":[0.9565,0.0435],"evs":[0.0,-5.26344]},"A6o":{"weight":0.0,"played":[0.9159,0.0841],"evs":[0.0,-5.10265]},"72s":{"weight":0.0,"played":[0.9981,0.0019],"evs":[0.0,-2.23994]},"73s":{"weight":0.0,"played":[1.0,0.0],"evs":[0.0,-6.07462]},"74s":{"weight":0.0,"played":[0.1753,0.8247],"evs":[0.0,4.35539]},"75s":{"weight":0.0,"played":[0.5155,0.4845],"evs":[0.0,0.15326]},"76s":{"weight":0.1665,"played":[0.9931,0.0069],"evs":[0.0,-10.1182]},"77":{"weight":0.4014,"played":[0.8741,0.1259],"evs":[0.0,-1.51922]},"87o":{"weight":0.0,"played":[0.5933,0.4067],"evs":[0.0,-1.04]},"97o":{"weight":0.0,"played":[0.9905,0.0095],"evs":[0.0,-1.84681]},"T7o":{"weight":0.0,"played":[0.6769,0.3231],"evs":[0.0,-1.07458]},"J7o":{"weight":0.0,"played":[0.989,0.011],"evs":[0.0,-5.21789]},"Q7o":{"weight":0.0,"played":[0.9961,0.0039],"evs":[0.0,-3.78489]},"K7o":{"weight":0.0,"played":[0.8878,0.1122],"evs":[0.0,-4.01528]},"A7o":{"weight":0.0,"played":[0.909,0.091],"evs":[0.0,-4.70779]},"82s":{"weight":0.0,"played":[0.7654,0.2346],"evs":[0.0,-3.52881]},"83s":{"weight":0.0,"played":[0.8965,0.1035],"evs":[0.0,-4.82041]},"84s":{"weight":0.0,"played":[0.9988,0.0012],"evs":[0.0,-4.40154]},"85s":{"weight":0.0,"played":[0.1169,0.8831],"evs":[0.0,-1.57996]},"86s":{"weight":0.0,"played":[0.8552,0.1448],"evs":[0.0,-2.60108]},"87s":{"weight":0.3381,"played":[0.9798,0.0202],"evs":[0.0,-1.55094]},"88":{"weight":0.7631,"played":[0.3152,0.6848],"evs":[0.0,0.12056]},"98o":{"weight":0.0,"played":[0.9686,0.0314],"evs":[0.0,-2.96032]},"T8o":{"weight":0.0,"played":[0.9657,0.0343],"evs":[0.0,-5.75718]},"J8o":{"weight":0.0,"played":[0.9675,0.0325],"evs":[0.0,-0.16148]},"Q8o":{"weight":0.0,"played":[0.4632,0.5368],"evs":[0.0,0.06728]},"K8o":{"weight":0.0,"played":[0.8157,0.1843],"evs":[0.0,-1.95301]},"A8o":{"weight":0.0,"played":[0.7215,0.2785],"evs":[0.0,-0.46734]},"92s":{"weight":0.0,"played":[0.6329,0.3671],"evs":[0.0,-4.46295]},"93s":{"weight":0.0,"played":[0.9112,0.0888],"evs":[0.0,-5.66891]},"94s":{"weight":0.0,"played":[0.9901,0.0099],"evs":[0.0,-4.31393]},"95s":{"weight":0.0,"played":[0.2428,0.7572],"evs":[0.0,1.62198]},"96s":{"weight":0.0,"played":[0.974,0.026],"evs":[0.0,-5.36265]},"97s":{"weight":0.0,"played":[0.5692,0.4308],"evs":[0.0,-2.00472]},"98s":{"weight":0.0,"played":[0.977,0.023],"evs":[0.0,-2.11187]},"99":{"weight":0.6737,"played":[0.0077,0.9923],"evs":[0.0,4.81181]},"T9o":{"weight":0.0,"played":[0.2993,0.7007],"evs":[0.0,2.05048]},"J9o":{"weight":0.0,"played":[0.6618,0.3382],"evs":[0.0,-4.62382]},"Q9o":{"weight":0.0,"played":[0.9276,0.0724],"evs":[0.0,-1.4622]},"K9o":{"weight":0.0,"played":[0.7053,0.2947],"evs":[0.0,-4.03675]},"A9o":{"weight":1.0,"played":[0.7837,0.2163],"evs":[0.0,-3.14579]},"T2s":{"weight":0.0,"played":[0.5112,0.4888],"evs":[0.0,5.54169]},"T3s":{"weight":0.0,"played":[0.5345,0.4655],"evs":[0.0,1.15793]},"T4s":{"weight":0.0,"played":[0.2202,0.7798],"evs":[0.0,-2.83368]},"T5s":{"weight":0.0,"played":[0.6052,0.3948],"evs":[0.0,-1.13564]},"T6s":{"weight":0.0,"played":[1.0,0.0],"evs":[0.0,-3.13952]},"T7s":{"weight":0.0,"played":[0.6651,0.3349],"evs":[0.0,-2.08357]},"T8s":{"weight":0.0,"played":[0.6671,0.3329],"evs":[0.0,-2.07039]},"T9s":{"weight":0.3146,"played":[0.6599,0.3401],"evs":[0.0,0.24624]},"TT":{"weight":1.0E-4,"played":[0.0892,0.9108],"evs":[0.0,2.85194]},"JTo":{"weight":0.0,"played":[0.6592,0.3408],"evs":[0.0,-0.40291]},"QTo":{"weight":0.0,"played":[0.9828,0.0172],"evs":[0.0,-2.61997]},"KTo":{"weight":0.0,"played":[0.5591,0.4409],"evs":[0.0,-0.58136]},"ATo":{"weight":0.8022,"played":[0.7381,0.2619],"evs":[0.0,-1.29927]},"J2s":{"weight":0.0,"played":[0.9677,0.0323],"evs":[0.0,-3.83511]},"J3s":{"weight":0.0,"played":[0.0247,0.9753],"evs":[0.0,2.19705]},"J4s":{"weight":0.0,"played":[0.6641,0.3359],"evs":[0.0,-2.55637]},"J5s":{"weight":0.0,"played":[0.783,0.217],"evs":[0.0,-4.21146]},"J6s":{"weight":0.0,"played":[0.7028,0.2972],"evs":[0.0,-5.96074]},"J7s":{"weight":0.0,"played":[0.8872,0.1128],"evs":[0.0,-3.137]},"J8s":{"weight":0.0,"played":[0.9074,0.0926],"evs":[0.0,-1.82078]},"J9s":{"weight":0.0012,"played":[0.4884,0.5116],"evs":[0.0,2.38373]},"JTs":{"weight":0.9981,"played":[0.0271,0.9729],"evs":[0.0,2.2651]},"JJ":{"weight":0.1646,"played":[0.4153,0.5847],"evs":[0.0,1.66134]},"QJo":{"weight":0.0,"played":[0.6763,0.3237],"evs":[0.0,-2.70212]},"KJo":{"weight":0.0046,"played":[0.7991,0.2009],"evs":[0.0,-4.4457]},"AJo":{"weight":0.2163,"played":[0.0527,0.9473],"evs":[0.0,1.95093]},"Q2s":{"weight":0.0,"played":[0.6906,0.3094],"evs":[0.0,-3.33094]},"Q3s":{"weight":0.0,"played":[0.8357,0.1643],"evs":[0.0,-3.94565]},"Q4s":{"weight":0.0,"played":[0.9288,0.0712],"evs":[0.0,-3.55928]},"Q5s":{"weight":0.0,"played":[0.2781,0.7219],"evs":[0.0,0.03214]},"Q6s":{"weight":0.0,"played":[0.8716,0.1284],"evs":[0.0,-4.17323]},"Q7s":{"weight":0.0,"played":[0.218,0.782],"evs":[0.0,0.68]},"Q8s":{"weight":0.0,"played":[0.5355,0.4645],"evs":[0.0,-1.52128]},"Q9s":{"weight":0.0101,"played":[0.0965,0.9035],"evs":[0.0,4.02158]},"QTs":{"weight":0.9931,"played":[0.8469,0.1531],"evs":[0.0,-6.07338]},"QJs":{"weight":0.994,"played":[0.066,0.934],"evs":[0.0,3.92999]},"QQ":{"weight":0.3347,"played":[0.0,1.0],"evs":[0.0,7.83559]},"KQo":{"weight":0.9992,"played":[0.1822,0.8178],"evs":[0.0,0.88442]},"AQo":{"weight":5.0E-4,"played":[0.3812,0.6188],"evs":[0.0,3.36737]},"K2s":{"weight":0.0,"played":[0.7898,0.2102],"evs":[0.0,-7.17919]},"K3s":{"weight":0.0,"played":[0.9092,0.0908],"evs":[0.0,-4.15781]},"K4s":{"weight":0.0,"played":[0.9404,0.0596],"evs":[0.0,-5.47879]},"K5s":{"weight":0.0,"played":[0.4325,0.5675],"evs":[0.0,-2.14908]},"K6s":{"weight":0.0,"played":[0.0618,0.9382],"evs":[0.0,3.56574]},"K7s":{"weight":0.0,"played":[0.9725,0.0275],"evs":[0.0,-7.64277]},"K8s":{"weight":0.0,"played":[0.3803,0.6197],"evs":[0.0,1.73097]},"K9s":{"weight":0.4231,"played":[0.7228,0.2772],"evs":[0.0,-3.00758]},"KTs":{"weight":0.0631,"played":[9.0E-4,0.9991],"evs":[0.0,3.61957]},"KJs":{"weight":0.412,"played":[0.2183,0.7817],"evs":[0.0,9.59983]},"KQs":{"weight":0.9025,"played":[0.9246,0.0754],"evs":[0.0,-5.11398]},"KK":{"weight":0.988,"played":[0.0,1.0],"evs":[0.0,10.22379]},"AKo":{"weight":1.0E-4,"played":[0.0305,0.9695],"evs":[0.0,2.84061]},"A2s":{"weight":0.223,"played":[0.7898,0.2102],"evs":[0.0,-6.65889]},"A3s":{"weight":0.0391,"played":[1.0,0.0],"evs":[0.0,-1.83728]},"A4s":{"weight":0.0042,"played":[0.1811,0.8189],"evs":[0.0,-0.58144]},"A5s":{"weight":0.057,"played":[0.597,0.403],"evs":[0.0,2.2032]},"A6s":{"weight":0.3171,"played":[1.0,0.0],"evs":[0.0,-6.2504]},"A7s":{"weight":0.0,"played":[0.7344,0.2656],"evs":[0.0,1.54089]},"A8s":{"weight":0.722,"played":[0.9838,0.0162],"evs":[0.0,-7.29089]},"A9s":{"weight":0.9858,"played":[0.9609,0.0391],"evs":[0.0,-2.77605]},"ATs":{"weight":0.223,"played":[0.0132,0.9868],"evs":[0.0,3.0263]},"AJs":{"weight":0.9596,"played":[0.5553,0.4447],"evs":[0.0,0.46766]},"AQs":{"weight":0.0769,"played":[0.4884,0.5116],"evs":[0.0,0.68657]},"AKs":{"weight":0.985,"played":[0.4033,0.5967],"evs":[0.0,3.07136]},"AA":{"weight":1.0,"played":[0.0,1.0],"evs":[0.0,19.7169]}}}