{"player":3,"street":0,"children":2,"sequence":[{"player":0,"type":"F","amount":0,"street":0},{"player":1,"type":"R","amount":200000,"street":0},{"player":2,"type":"C","amount":200000,"street":0},{"player":3,"type":"C","amount":200000,"street":0},{"player":4,"type":"R","amount":1985000,"street":0},{"player":5,"type":"C","amount":1285000,"street":0},{"player":1,"type":"F","amount":0,"street":0},{"player":2,"type":"R","amount":2385000,"street":0}],"actions":[{"type":"F","amount":0},{"type":"C","amount":2185000}],"hands":{"22":{"weight":0.4207,"played":[0.8096,0.1904],"evs":[0.0,-2.5847]},"32o":{"weight":0.0,"played":[0.989,0.011],"evs":[0.0,-5.74654]},"42o":{"weight":0.0,"played":[0.9686,0.0314],"evs":[0.0,-7.01877]},"52o":{"weight":0.0,"played":[0.9165,0.0835],"evs":[0.0,-4.08364]},"62o":{"weight":0.0,"played":[0.9563,0.0437],"evs":[0.0,-7.15343]},"72o":{"weight":0.0,"played":[0.3808,0.6192],"evs":[0.0,-4.55897]},"82o":{"weight":0.0,"played":[0.9967,0.0033],"evs":[0.0,-6.40642]},"92o":{"weight":0.0,"played":[0.9968,0.0032],"evs":[0.0,-3.29871]},"T2o":{"weight":0.0,"played":[0.9846,0.0154],"evs":[0.0,-6.67445]},"J2o":{"weight":0.0,"played":[0.9785,0.0215],"evs":[0.0,-6.94348]},"Q2o":{"weight":0.0,"played":[0.9889,0.0111],"evs":[0.0,-4.67545]},"K2o":{"weight":0.0,"played":[0.9502,0.0498],"evs":[0.0,-5.47879]},"A2o":{"weight":0.0,"played":[0.9078,0.0922],"evs":[0.0,-7.24039]},"32s":{"weight":0.0,"played":[0.7622,0.2378],"evs":[0.0,-2.83035]},"33":{"weight":0.5535,"played":[0.9996,4.0E-4],"evs":[0.0,-4.93566]},"43o":{"weight":0.0,"played":[0.9954,0.0046],"evs":[0.0,-4.2515]},"53o":{"weight":0.0,"played":[0.9426,0.0574],"evs":[0.0,-3.37794]},"63o":{"weight":0.0,"played":[1.0,0.0],"evs":[0.0,-3.39858]},"73o":{"weight":0.0,"played":[0.6759,0.3241],"evs":[0.0,2.30806]},"83o":{"weight":0.0,"played":[0.9939,0.0061],"evs":[0.0,-6.33175]},"93o":{"weight":0.0,"played":[1.0,0.0],"evs":[0.0,-7.66288]},"T3o":{"weight":0.0,"played":[0.9823,0.0177],"evs":[0.0,-3.54357]},"J3o":{"weight":0.0,"played":[0.9679,0.0321],"evs":[0.0,-0.46592]},"Q3o":{"weight":0.0,"played":[0.9997,3.0E-4],"evs":[0.0,-6.33871]},"K3o":{"weight":0.0,"played":[0.855,0.145],"evs":[0.0,-2.69825]},"A3o":{"weight":0.0,"played":[0.4268,0.5732],"evs":[0.0,-3.10497]},"42s":{"weight":0.0,"played":[0.9465,0.0535],"evs":[0.0,-8.91168]},"43s":{"weight":0.0,"played":[0.7942,0.2058],"evs":[0.0,-7.3078]},"44":{"weight":0.8419,"played":[0.764,0.236],"evs":[0.0,-4.49539]},"54o":{"weight":0.0,"played":[0.9964,0.0036],"evs":[0.0,-3.94653]},"64o":{"weight":0.0,"played":[0.6303,0.3697],"evs":[0.0,-5.54987]},"74o":{"weight":0.0,"played":[0.4129,0.5871],"evs":[0.0,1.17166]},"84o":{"weight":0.0,"played":[0.9915,0.0085],"evs":[0.0,-2.75452]},"94o":{"weight":0.0,"played":[0.8733,0.1267],"evs":[0.0,-3.14159]},"T4o":{"weight":0.0,"played":[0.9967,0.0033],"evs":[0.0,-5.13479]},"J4o":{"weight":0.0,"played":[0.9995,5.0E-4],"evs":[0.0,-7.37377]},"Q4o":{"weight":0.0,"played":[0.7044,0.2956],"evs":[0.0,-3.50752]},"K4o":{"weight":0.0,"played":[0.9717,0.0283],"evs":[0.0,-3.77745]},"A4o":{"weight":0.0,"played":[0.8734,0.1266],"evs":[0.0,-1.78451]},"52s":{"weight":0.0,"played":[0.6827,0.3173],"evs":[0.0,-5.16372]},"53s":{"weight":3.0E-4,"played":[0.5863,0.4137],"evs":[0.0,-2.88193]},"54s":{"weight":0.0,"played":[0.8951,0.1049],"evs":[0.0,-4.30131]},"55":{"weight":0.9123,"played":[0.3899,0.6101],"evs":[0.0,0.82972]},"65o":{"weight":0.0,"played":[0.3039,0.6961],"evs":[0.0,2.18478]},"75o":{"weight":0.0,"played":[0.9616,0.0384],"evs":[0.0,-4.39808]},"85o":{"weight":0.0,"played":[0.6216,0.3784],"evs":[0.0,-1.15589]},"95o":{"weight":0.0,"played":[0.6162,0.3838],"evs":[0.0,-1.04805]},"T5o":{"weight":0.0,"played":[0.7992,0.2008],"evs":[0.0,-4.81923]},"J5o":{"weight":0.0,"played":[0.6536,0.3464],"evs":[0.0,-2.82943]},"Q5o":{"weight":0.0,"played":[0.9928,0.0072],"evs":[0.0,-6.62419]},"K5o":{"weight":0.0,"played":[0.8777,0.1223],"evs":[0.0,-3.62663]},"A5o":{"weight":0.0,"played":[0.939,0.061],"evs":[0.0,-3.34557]},"62s":{"weight":0.0,"played":[0.2797,0.7203],"evs":[0.0,1.20876]},"63s":{"weight":1.0E-4,"played":[0.8776,0.1224],"evs":[0.0,-3.98633]},"64s":{"weight":2.0E-4,"played":[0.8545,0.1455],"evs":[0.0,-1.21448]},"65s":{"weight":0.0011,"played":[0.8847,0.1153],"evs":[0.0,-5.52962]},"66":{"weight":0.9722,"played":[0.7345,0.2655],"evs":[0.0,-0.32803]},"76o":{"weight":0.0,"played":[0.5111,0.4889],"evs":[0.0,1.71969]},"86o":{"weight":0.0,"played":[0.624,0.376],"evs":[0.0,-3.67279]},"96o":{"weight":0.0,"played":[0.8497,0.1503],"evs":[0.0,-0.36075]},"T6o":{"weight":0.0,"played":[0.9646,0.0354],"evs":[0.0,-4.24172]},"J6o":{"weight":0.0,"played":[0.951,0.049],"evs":[0.0,-0.42162]},"Q6o":{"weight":0.0,"played":[0.9941,0.0059],"evs":[0.0,-4.70292]},"K6o":{"weight":0.0,"played":[0.5981,0.4019],"evs":[0.0,-2.21523]},"A6o":{"weight":0.0,"played":[0.9851,0.0149],"evs":[0.0,-4.25419]},"72s":{"weight":0.0,"played":[0.8407,0.1593],"evs":[0.0,-6.00394]},"73s":{"weight":0.0,"played":[0.1958,0.8042],"evs":[0.0,6.54944]},"74s":{"weight":0.0,"played":[0.5157,0.4843],"evs":[0.0,4.81456]},"75s":{"weight":4.0E-4,"played":[0.003,0.997],"evs":[0.0,6.59559]},"76s":{"weight":0.5274,"played":[0.9225,0.0775],"evs":[0.0,-3.80836]},"77":{"weight":0.911,"played":[0.6601,0.3399],"evs":[0.0,0.4407]},"87o":{"weight":0.0,"played":[0.6363,0.3637],"evs":[0.0,0.9781]},"97o":{"weight":0.0,"played":[0.7302,0.2698],"evs":[0.0,-4.94168]},"T7o":{"weight":0.0,"played":[0.9479,0.0521],"evs":[0.0,-6.29118]},"J7o":{"weight":0.0,"played":[0.7894,0.2106],"evs":[0.0,-4.12279]},"Q7o":{"weight":0.0,"played":[0.8358,0.1642],"evs":[0.0,-5.4391]},"K7o":{"weight":0.0,"played":[0.7113,0.2887],"evs":[0.0,-2.8074]},"A7o":{"weight":0.0,"played":[0.8439,0.1561],"evs":[0.0,-4.38994]},"82s":{"weight":0.0,"played":[0.4964,0.5036],"evs":[0.0,2.34348]},"83s":{"weight":0.0,"played":[0.9986,0.0014],"evs":[0.0,-3.87007]},"84s":{"weight":0.0,"played":[0.7138,0.2862],"evs":[0.0,5.61767]},"85s":{"weight":1.0E-4,"played":[0.5542,0.4458],"evs":[0.0,-7.66315]},"86s":{"weight":0.0171,"played":[0.9662,0.0338],"evs":[0.0,-6.73622]},"87s":{"weight":0.0,"played":[0.6593,0.3407],"evs":[0.0,0.5988]},"88":{"weight":0.8468,"played":[0.0193,0.9807],"evs":[0.0,1.73003]},"98o":{"weight":0.0,"played":[0.1611,0.8389],"evs":[0.0,5.1838]},"T8o":{"weight":0.0,"played":[0.6379,0.3621],"evs":[0.0,-1.37368]},"J8o":{"weight":0.0,"played":[0.839,0.161],"evs":[0.0,-3.47339]},"Q8o":{"weight":0.0,"played":[0.7685,0.2315],"evs":[0.0,-4.98513]},"K8o":{"weight":0.0,"played":[0.1179,0.8821],"evs":[0.0,-0.72421]},"A8o":{"weight":0.0,"played":[0.9964,0.0036],"evs":[0.0,-4.66499]},"92s":{"weight":0.0,"played":[0.9742,0.0258],"evs":[0.0,-6.94579]},"93s":{"weight":0.0,"played":[0.9434,0.0566],"evs":[0.0,-7.14093]},"94s":{"weight":0.0,"played":[0.9337,0.0663],"evs":[0.0,-9.27008]},"95s":{"weight":0.0,"played":[0.8116,0.1884],"evs":[0.0,-6.07512]},"96s":{"weight":0.0,"played":[0.7113,0.2887],"evs":[0.0,-2.27429]},"97s":{"weight":3.0E-4,"played":[0.9395,0.0605],"evs":[0.0,-8.24893]},"98s":{"weight":0.0,"played":[0.0908,0.9092],"evs":[0.0,2.10607]},"99":{"weight":0.5897,"played":[0.1146,0.8854],"evs":[0.0,10.07068]},"T9o":{"weight":0.0,"played":[0.1709,0.8291],"evs":[0.0,-1.71293]},"J9o":{"weight":0.0,"played":[0.8094,0.1906],"evs":[0.0,-3.16184]},"Q9o":{"weight":0.0,"played":[0.9894,0.0106],"evs":[0.0,-6.24176]},"K9o":{"weight":0.0,"played":[0.7902,0.2098],"evs":[0.0,-3.4291]},"A9o":{"weight":0.0,"played":[0.9855,0.0145],"evs":[0.0,-4.21861]},"T2s":{"weight":0.0,"played":[0.9655,0.0345],"evs":[0.0,-6.34896]},"T3s":{"weight":0.0,"played":[0.9989,0.0011],"evs":[0.0,-5.69245]},"T4s":{"weight":0.0,"played":[0.2877,0.7123],"evs":[0.0,-0.58067]},"T5s":{"weight":0.0,"played":[0.2089,0.7911],"evs":[0.0,4.83799]},"T6s":{"weight":1.0E-4,"played":[0.3673,0.6327],"evs":[0.0,12.50873]},"T7s":{"weight":2.0E-4,"played":[0.9742,0.0258],"evs":[0.0,-6.23873]},"T8s":{"weight":0.0,"played":[0.2207,0.7793],"evs":[0.0,2.27556]},"T9s":{"weight":0.0,"played":[0.3616,0.6384],"evs":[0.0,-4.05251]},"TT":{"weight":0.0758,"played":[0.0207,0.9793],"evs":[0.0,8.13404]},"JTo":{"weight":0.0,"played":[0.362,0.638],"evs":[0.0,0.73995]},"QTo":{"weight":0.0,"played":[0.2933,0.7067],"evs":[0.0,-2.07036]},"KTo":{"weight":0.0,"played":[0.6413,0.3587],"evs":[0.0,-0.03907]},"ATo":{"weight":0.9967,"played":[0.7,0.3],"evs":[0.0,-1.66789]},"J2s":{"weight":0.0,"played":[1.0,0.0],"evs":[0.0,-6.31897]},"J3s":{"weight":0.0,"played":[0.0429,0.9571],"evs":[0.0,6.08112]},"J4s":{"weight":0.0,"played":[0.9235,0.0765],"evs":[0.0,-3.44979]},"J5s":{"weight":1.0E-4,"played":[0.7794,0.2206],"evs":[0.0,-6.47146]},"J6s":{"weight":1.0E-4,"played":[0.9018,0.0982],"evs":[0.0,-3.19141]},"J7s":{"weight":0.0,"played":[0.8604,0.1396],"evs":[0.0,-10.65963]},"J8s":{"weight":0.0012,"played":[0.9381,0.0619],"evs":[0.0,-7.68906]},"J9s":{"weight":0.0085,"played":[0.5416,0.4584],"evs":[0.0,-0.54245]},"JTs":{"weight":0.2215,"played":[0.2374,0.7626],"evs":[0.0,5.45753]},"JJ":{"weight":0.2284,"played":[0.0,1.0],"evs":[0.0,24.50967]},"QJo":{"weight":0.0,"played":[0.9748,0.0252],"evs":[0.0,-7.35282]},"KJo":{"weight":8.0E-4,"played":[0.0651,0.9349],"evs":[0.0,0.41111]},"AJo":{"weight":0.1961,"played":[0.0265,0.9735],"evs":[0.0,0.96601]},"Q2s":{"weight":0.0,"played":[0.1531,0.8469],"evs":[0.0,-1.11989]},"Q3s":{"weight":0.0,"played":[0.9728,0.0272],"evs":[0.0,-4.7508]},"Q4s":{"weight":1.0E-4,"played":[0.6284,0.3716],"evs":[0.0,4.38708]},"Q5s":{"weight":0.0,"played":[0.4833,0.5167],"evs":[0.0,-1.43898]},"Q6s":{"weight":0.0,"played":[0.8127,0.1873],"evs":[0.0,-0.78843]},"Q7s":{"weight":0.0,"played":[1.0,0.0],"evs":[0.0,-9.68632]},"Q8s":{"weight":0.0015,"played":[0.0553,0.9447],"evs":[0.0,3.15518]},"Q9s":{"weight":3.0E-4,"played":[0.5401,0.4599],"evs":[0.0,-2.68409]},"QTs":{"weight":0.673,"played":[0.9788,0.0212],"evs":[0.0,-3.36104]},"QJs":{"weight":0.9529,"played":[0.1098,0.8902],"evs":[0.0,7.41724]},"QQ":{"weight":0.055,"played":[0.0013,0.9987],"evs":[0.0,16.14958]},"KQo":{"weight":0.6772,"played":[0.2412,0.7588],"evs":[0.0,-0.14066]},"AQo":{"weight":0.6476,"played":[0.0,1.0],"evs":[0.0,3.53097]},"K2s":{"weight":0.0,"played":[0.6729,0.3271],"evs":[0.0,0.6454]},"K3s":{"weight":0.0,"played":[0.3568,0.6432],"evs":[0.0,0.31059]},"K4s":{"weight":3.0E-4,"played":[0.9876,0.0124],"evs":[0.0,-4.41601]},"K5s":{"weight":1.0E-4,"played":[0.0774,0.9226],"evs":[0.0,1.01542]},"K6s":{"weight":0.0188,"played":[0.8109,0.1891],"evs":[0.0,-6.00931]},"K7s":{"weight":0.0,"played":[0.796,0.204],"evs":[0.0,-6.09806]},"K8s":{"weight":0.0,"played":[0.1542,0.8458],"evs":[0.0,4.59455]},"K9s":{"weight":5.0E-4,"played":[0.7642,0.2358],"evs":[0.0,-1.49642]},"KTs":{"weight":0.7714,"played":[0.0471,0.9529],"evs":[0.0,3.96989]},"KJs":{"weight":0.8173,"played":[0.0709,0.9291],"evs":[0.0,6.94622]},"KQs":{"weight":0.7903,"played":[0.5728,0.4272],"evs":[0.0,2.77787]},"KK":{"weight":0.0359,"played":[0.0249,0.9751],"evs":[0.0,10.56124]},"AKo":{"weight":4.0E-4,"played":[0.4545,0.5455],"evs":[0.0,-3.05009]},"A2s":{"weight":6.0E-4,"played":[0.631,0.369],"evs":[0.0,-1.71922]},"A3s":{"weight":6.0E-4,"played":[0.3582,0.6418],"evs":[0.0,3.80621]},"A4s":{"weight":0.0088,"played":[0.7921,0.2079],"evs":[0.0,0.41367]},"A5s":{"weight":0.0018,"played":[0.0748,0.9252],"evs":[0.0,11.48962]},"A6s":{"weight":0.2103,"played":[0.8329,0.1671],"evs":[0.0,-6.36987]},"A7s":{"weight":0.1739,"played":[0.6473,0.3527],"evs":[0.0,-5.93677]},"A8s":{"weight":0.0541,"played":[0.598,0.402],"evs":[0.0,-1.64917]},"A9s":{"weight":0.1397,"played":[0.8797,0.1203],"evs":[0.0,-1.43497]},"ATs":{"weight":0.8999,"played":[0.4769,0.5231],"evs":[0.0,5.28911]},"AJs":{"weight":0.08,"played":[0.5667,0.4333],"evs":[0.0,7.33938]},"AQs":{"weight":0.9623,"played":[0.222,0.778],"evs":[0.0,6.28492]},"AKs":{"weight":0.3204,"played":[0.0602,0.9398],"evs":[0.0,3.99306]},"AA":{"weight":0.5278,"played":[0.0,1.0],"evs":[0.0,26.79356]}}}