{"player":2,"street":0,"children":2,"sequence":[{"player":0,"type":"F","amount":0,"street":0},{"player":1,"type":"R","amount":200000,"street":0},{"player":2,"type":"C","amount":200000,"street":0},{"player":3,"type":"C","amount":200000,"street":0},{"player":4,"type":"R","amount":1985000,"street":0},{"player":5,"type":"C","amount":1285000,"street":0},{"player":1,"type":"C","amount":1045000,"street":0}],"actions":[{"type":"F","amount":0,"node":165},{"type":"R","amount":2385000,"node":166}],"hands":{"22":{"weight":0.0,"played":[0.5849,0.4151],"evs":[0.0,-0.85066]},"32o":{"weight":0.0,"played":[0.9993,7.0E-4],"evs":[0.0,-5.10737]},"42o":{"weight":0.0,"played":[0.9999,1.0E-4],"evs":[0.0,-2.91596]},"52o":{"weight":0.0,"played":[0.9929,0.0071],"evs":[0.0,-2.57139]},"62o":{"weight":0.0,"played":[1.0,0.0],"evs":[0.0,-5.06659]},"72o":{"weight":0.0,"played":[0.9951,0.0049],"evs":[0.0,-7.01543]},"82o":{"weight":0.0,"played":[0.9992,8.0E-4],"evs":[0.0,-7.13356]},"92o":{"weight":0.0,"played":[0.9982,0.0018],"evs":[0.0,-3.96442]},"T2o":{"weight":0.0,"played":[1.0,0.0],"evs":[0.0,-2.68457]},"J2o":{"weight":0.0,"played":[1.0,0.0],"evs":[0.0,-6.72898]},"Q2o":{"weight":0.0,"played":[0.9851,0.0149],"evs":[0.0,-4.29967]},"K2o":{"weight":0.0,"played":[0.9781,0.0219],"evs":[0.0,-7.97646]},"A2o":{"weight":0.0,"played":[0.8023,0.1977],"evs":[0.0,-1.3309]},"32s":{"weight":0.0,"played":[0.615,0.385],"evs":[0.0,-1.16902]},"33":{"weight":0.0,"played":[0.9884,0.0116],"evs":[0.0,-1.92302]},"43o":{"weight":0.0,"played":[0.9291,0.0709],"evs":[0.0,-2.06766]},"53o":{"weight":0.0,"played":[0.9928,0.0072],"evs":[0.0,-5.29666]},"63o":{"weight":0.0,"played":[0.8096,0.1904],"evs":[0.0,-1.62282]},"73o":{"weight":0.0,"played":[0.9858,0.0142],"evs":[0.0,-4.98096]},"83o":{"weight":0.0,"played":[1.0,0.0],"evs":[0.0,-6.15952]},"93o":{"weight":0.0,"played":[0.9984,0.0016],"evs":[0.0,-6.82246]},"T3o":{"weight":0.0,"played":[0.9874,0.0126],"evs":[0.0,-6.11581]},"J3o":{"weight":0.0,"played":[0.9963,0.0037],"evs":[0.0,-6.63274]},"Q3o":{"weight":0.0,"played":[0.9627,0.0373],"evs":[0.0,-3.61013]},"K3o":{"weight":0.0,"played":[0.9867,0.0133],"evs":[0.0,-2.09266]},"A3o":{"weight":0.0,"played":[0.7347,0.2653],"evs":[0.0,-1.99423]},"42s":{"weight":0.0,"played":[0.5727,0.4273],"evs":[0.0,-2.42698]},"43s":{"weight":0.0,"played":[0.2166,0.7834],"evs":[0.0,0.77244]},"44":{"weight":0.9452,"played":[0.2813,0.7187],"evs":[0.0,1.53108]},"54o":{"weight":0.0,"played":[0.9114,0.0886],"evs":[0.0,-3.30171]},"64o":{"weight":0.0,"played":[0.9839,0.0161],"evs":[0.0,-5.69597]},"74o":{"weight":0.0,"played":[0.9802,0.0198],"evs":[0.0,-2.47834]},"84o":{"weight":0.0,"played":[0.9668,0.0332],"evs":[0.0,-5.39083]},"94o":{"weight":0.0,"played":[0.9915,0.0085],"evs":[0.0,-5.05941]},"T4o":{"weight":0.0,"played":[0.9881,0.0119],"evs":[0.0,-4.829]},"J4o":{"weight":0.0,"played":[0.9547,0.0453],"evs":[0.0,-3.35004]},"Q4o":{"weight":0.0,"played":[0.801,0.199],"evs":[0.0,-2.16883]},"K4o":{"weight":0.0,"played":[0.9224,0.0776],"evs":[0.0,-3.75441]},"A4o":{"weight":0.0,"played":[0.93,0.07],"evs":[0.0,-5.74271]},"52s":{"weight":0.0,"played":[0.9803,0.0197],"evs":[0.0,-6.23687]},"53s":{"weight":0.0,"played":[0.3822,0.6178],"evs":[0.0,2.12981]},"54s":{"weight":0.0,"played":[0.4556,0.5444],"evs":[0.0,0.85729]},"55":{"weight":0.994,"played":[0.7629,0.2371],"evs":[0.0,-1.12581]},"65o":{"weight":0.0,"played":[0.5212,0.4788],"evs":[0.0,-2.01963]},"75o":{"weight":0.0,"played":[0.9787,0.0213],"evs":[0.0,-3.22393]},"85o":{"weight":0.0,"played":[0.9357,0.0643],"evs":[0.0,-3.19268]},"95o":{"weight":0.0,"played":[0.9417,0.0583],"evs":[0.0,-3.90828]},"T5o":{"weight":0.0,"played":[0.9995,5.0E-4],"evs":[0.0,-4.39529]},"J5o":{"weight":0.0,"played":[0.7508,0.2492],"evs":[0.0,-2.82402]},"Q5o":{"weight":0.0,"played":[0.9962,0.0038],"evs":[0.0,-5.94272]},"K5o":{"weight":0.0,"played":[0.9252,0.0748],"evs":[0.0,-4.95431]},"A5o":{"weight":0.0,"played":[0.8586,0.1414],"evs":[0.0,-2.21071]},"62s":{"weight":0.0,"played":[0.7759,0.2241],"evs":[0.0,-1.18571]},"63s":{"weight":0.0,"played":[0.9129,0.0871],"evs":[0.0,-3.34256]},"64s":{"weight":0.0,"played":[0.5232,0.4768],"evs":[0.0,-2.40867]},"65s":{"weight":0.3841,"played":[0.4973,0.5027],"evs":[0.0,0.69098]},"66":{"weight":0.9874,"played":[0.8321,0.1679],"evs":[0.0,-0.83512]},"76o":{"weight":0.0,"played":[0.9662,0.0338],"evs":[0.0,-1.20603]},"86o":{"weight":0.0,"played":[0.993,0.007],"evs":[0.0,-3.92506]},"96o":{"weight":0.0,"played":[1.0,0.0],"evs":[0.0,-7.04487]},"T6o":{"weight":0.0,"played":[0.8749,0.1251],"evs":[0.0,-4.20301]},"J6o":{"weight":0.0,"played":[0.9553,0.0447],"evs":[0.0,-4.38465]},"Q6o":{"weight":0.0,"played":[0.9874,0.0126],"evs":[0.0,-5.08739]},"K6o":{"weight":0.0,"played":[0.9809,0.0191],"evs":[0.0,-5.05867]},"A6o":{"weight":0.0,"played":[0.6111,0.3889],"evs":[0.0,-5.17097]},"72s":{"weight":0.0,"played":[0.9562,0.0438],"evs":[0.0,-2.00372]},"73s":{"weight":0.0,"played":[0.6594,0.3406],"evs":[0.0,2.24354]},"74s":{"weight":0.0,"played":[0.1373,0.8627],"evs":[0.0,4.0222]},"75s":{"weight":0.0,"played":[0.6231,0.3769],"evs":[0.0,-3.70149]},"76s":{"weight":0.1665,"played":[0.5069,0.4931],"evs":[0.0,4.94424]},"77":{"weight":0.4014,"played":[0.4267,0.5733],"evs":[0.0,1.0294]},"87o":{"weight":0.0,"played":[0.56,0.44],"evs":[0.0,-0.69493]},"97o":{"weight":0.0,"played":[0.8119,0.1881],"evs":[0.0,-4.41051]},"T7o":{"weight":0.0,"played":[0.9376,0.0624],"evs":[0.0,-5.01611]},"J7o":{"weight":0.0,"played":[0.9434,0.0566],"evs":[0.0,-5.80086]},"Q7o":{"weight":0.0,"played":[0.9924,0.0076],"evs":[0.0,-6.20214]},"K7o":{"weight":0.0,"played":[0.6019,0.3981],"evs":[0.0,-3.0718]},"A7o":{"weight":0.0,"played":[0.9285,0.0715],"evs":[0.0,-6.00069]},"82s":{"weight":0.0,"played":[0.9818,0.0182],"evs":[0.0,-3.1764]},"83s":{"weight":0.0,"played":[0.1118,0.8882],"evs":[0.0,1.83305]},"84s":{"weight":0.0,"played":[0.9888,0.0112],"evs":[0.0,-1.47299]},"85s":{"weight":0.0,"played":[0.7667,0.2333],"evs":[0.0,-1.27745]},"86s":{"weight":0.0,"played":[0.9869,0.0131],"evs":[0.0,-6.06692]},"87s":{"weight":0.3381,"played":[0.6502,0.3498],"evs":[0.0,-0.94978]},"88":{"weight":0.7631,"played":[7.0E-4,0.9993],"evs":[0.0,3.96226]},"98o":{"weight":0.0,"played":[0.9901,0.0099],"evs":[0.0,-1.80574]},"T8o":{"weight":0.0,"played":[0.4723,0.5277],"evs":[0.0,-0.03662]},"J8o":{"weight":0.0,"played":[0.8688,0.1312],"evs":[0.0,-2.36229]},"Q8o":{"weight":0.0,"played":[0.7469,0.2531],"evs":[0.0,-0.96313]},"K8o":{"weight":0.0,"played":[0.8277,0.1723],"evs":[0.0,-2.56823]},"A8o":{"weight":0.0,"played":[0.9054,0.0946],"evs":[0.0,-4.60767]},"92s":{"weight":0.0,"played":[0.769,0.231],"evs":[0.0,-1.48694]},"93s":{"weight":0.0,"played":[0.9857,0.0143],"evs":[0.0,-3.83777]},"94s":{"weight":0.0,"played":[0.7723,0.2277],"evs":[0.0,-3.02904]},"95s":{"weight":0.0,"played":[0.6837,0.3163],"evs":[0.0,3.36789]},"96s":{"weight":0.0,"played":[0.6034,0.3966],"evs":[0.0,-3.17605]},"97s":{"weight":0.0,"played":[0.9507,0.0493],"evs":[0.0,-6.78066]},"98s":{"weight":0.0,"played":[0.8965,0.1035],"evs":[0.0,-4.73547]},"99":{"weight":0.6737,"played":[0.0,1.0],"evs":[0.0,4.17273]},"T9o":{"weight":0.0,"played":[0.6167,0.3833],"evs":[0.0,-0.72501]},"J9o":{"weight":0.0,"played":[0.9993,7.0E-4],"evs":[0.0,-3.13775]},"Q9o":{"weight":0.0,"played":[0.9461,0.0539],"evs":[0.0,-5.4336]},"K9o":{"weight":0.0,"played":[0.8963,0.1037],"evs":[0.0,-3.94989]},"A9o":{"weight":1.0,"played":[0.9802,0.0198],"evs":[0.0,-3.46973]},"T2s":{"weight":0.0,"played":[0.4635,0.5365],"evs":[0.0,0.04507]},"T3s":{"weight":0.0,"played":[0.7088,0.2912],"evs":[0.0,-1.63932]},"T4s":{"weight":0.0,"played":[1.0,0.0],"evs":[0.0,-2.91449]},"T5s":{"weight":0.0,"played":[0.7064,0.2936],"evs":[0.0,-4.24297]},"T6s":{"weight":0.0,"played":[0.5699,0.4301],"evs":[0.0,-2.79743]},"T7s":{"weight":0.0,"played":[0.8733,0.1267],"evs":[0.0,-3.16509]},"T8s":{"weight":0.0,"played":[0.2973,0.7027],"evs":[0.0,-1.79919]},"T9s":{"weight":0.3146,"played":[0.8862,0.1138],"evs":[0.0,-4.03155]},"TT":{"weight":1.0E-4,"played":[0.0201,0.9799],"evs":[0.0,5.65997]},"JTo":{"weight":0.0,"played":[0.8967,0.1033],"evs":[0.0,-3.47869]},"QTo":{"weight":0.0,"played":[0.5066,0.4934],"evs":[0.0,0.25849]},"KTo":{"weight":0.0,"played":[0.701,0.299],"evs":[0.0,-2.4633]},"ATo":{"weight":0.8022,"played":[0.877,0.123],"evs":[0.0,-2.418]},"J2s":{"weight":0.0,"played":[0.8389,0.1611],"evs":[0.0,-8.33748]},"J3s":{"weight":0.0,"played":[0.5923,0.4077],"evs":[0.0,-4.09271]},"J4s":{"weight":0.0,"played":[0.3116,0.6884],"evs":[0.0,0.66321]},"J5s":{"weight":0.0,"played":[0.7015,0.2985],"evs":[0.0,-0.72606]},"J6s":{"weight":0.0,"played":[0.6863,0.3137],"evs":[0.0,-3.57247]},"J7s":{"weight":0.0,"played":[0.8123,0.1877],"evs":[0.0,-4.50909]},"J8s":{"weight":0.0,"played":[0.8632,0.1368],"evs":[0.0,-7.95572]},"J9s":{"weight":0.0012,"played":[0.368,0.632],"evs":[0.0,-1.30529]},"JTs":{"weight":0.9981,"played":[0.1857,0.8143],"evs":[0.0,2.40927]},"JJ":{"weight":0.1646,"played":[0.0022,0.9978],"evs":[0.0,4.24339]},"QJo":{"weight":0.0,"played":[0.943,0.057],"evs":[0.0,-2.65539]},"KJo":{"weight":0.0046,"played":[0.433,0.567],"evs":[0.0,-1.81595]},"AJo":{"weight":0.2163,"played":[0.7019,0.2981],"evs":[0.0,-2.82702]},"Q2s":{"weight":0.0,"played":[0.9384,0.0616],"evs":[0.0,-2.5689]},"Q3s":{"weight":0.0,"played":[0.3452,0.6548],"evs":[0.0,-2.33086]},"Q4s":{"weight":0.0,"played":[0.2677,0.7323],"evs":[0.0,-0.35728]},"Q5s":{"weight":0.0,"played":[0.9002,0.0998],"evs":[0.0,-8.01789]},"Q6s":{"weight":0.0,"played":[0.9792,0.0208],"evs":[0.0,-8.35924]},"Q7s":{"weight":0.0,"played":[0.5792,0.4208],"evs":[0.0,-4.05391]},"Q8s":{"weight":0.0,"played":[0.569,0.431],"evs":[0.0,-0.62795]},"Q9s":{"weight":0.0101,"played":[0.7596,0.2404],"evs":[0.0,-4.133]},"QTs":{"weight":0.9931,"played":[0.6665,0.3335],"evs":[0.0,0.63766]},"QJs":{"weight":0.994,"played":[0.941,0.059],"evs":[0.0,-1.77521]},"QQ":{"weight":0.3347,"played":[0.0,1.0],"evs":[0.0,7.21081]},"KQo":{"weight":0.9992,"played":[0.4861,0.5139],"evs":[0.0,0.31941]},"AQo":{"weight":5.0E-4,"played":[0.1265,0.8735],"evs":[0.0,0.28069]},"K2s":{"weight":0.0,"played":[0.4644,0.5356],"evs":[0.0,-1.6036]},"K3s":{"weight":0.0,"played":[0.5838,0.4162],"evs":[0.0,-0.31003]},"K4s":{"weight":0.0,"played":[0.6899,0.3101],"evs":[0.0,-3.40366]},"K5s":{"weight":0.0,"played":[0.7588,0.2412],"evs":[0.0,-1.94808]},"K6s":{"weight":0.0,"played":[0.9307,0.0693],"evs":[0.0,-5.17233]},"K7s":{"weight":0.0,"played":[0.3161,0.6839],"evs":[0.0,3.91294]},"K8s":{"weight":0.0,"played":[0.6494,0.3506],"evs":[0.0,-2.34421]},"K9s":{"weight":0.4231,"played":[0.9938,0.0062],"evs":[0.0,-3.49606]},"KTs":{"weight":0.0631,"played":[0.9586,0.0414],"evs":[0.0,-5.43121]},"KJs":{"weight":0.412,"played":[0.459,0.541],"evs":[0.0,-2.80747]},"KQs":{"weight":0.9025,"played":[0.062,0.938],"evs":[0.0,4.0133]},"KK":{"weight":0.988,"played":[0.002,0.998],"evs":[0.0,10.6157]},"AKo":{"weight":1.0E-4,"played":[0.0,1.0],"evs":[0.0,0.6397]},"A2s":{"weight":0.223,"played":[0.1642,0.8358],"evs":[0.0,3.52725]},"A3s":{"weight":0.0391,"played":[0.4342,0.5658],"evs":[0.0,-2.19163]},"A4s":{"weight":0.0042,"played":[0.5811,0.4189],"evs":[0.0,1.14152]},"A5s":{"weight":0.057,"played":[0.1823,0.8177],"evs":[0.0,4.50577]},"A6s":{"weight":0.3171,"played":[0.9327,0.0673],"evs":[0.0,-1.87472]},"A7s":{"weight":0.0,"played":[0.7082,0.2918],"evs":[0.0,0.13716]},"A8s":{"weight":0.722,"played":[0.1419,0.8581],"evs":[0.0,0.29082]},"A9s":{"weight":0.9858,"played":[0.7642,0.2358],"evs":[0.0,1.88692]},"ATs":{"weight":0.223,"played":[0.3813,0.6187],"evs":[0.0,-0.16887]},"AJs":{"weight":0.9596,"played":[0.5586,0.4414],"evs":[0.0,-1.71302]},"AQs":{"weight":0.0769,"played":[0.0014,0.9986],"evs":[0.0,6.44853]},"AKs":{"weight":0.985,"played":[0.0,1.0],"evs":[0.0,6.66608]},"AA":{"weight":1.0,"played":[0.0,1.0],"evs":[0.0,20.7045]}}}