{"player":3,"street":0,"children":2,"sequence":[{"player":0,"type":"F","amount":0,"street":0},{"player":1,"type":"R","amount":200000,"street":0},{"player":2,"type":"C","amount":200000,"street":0},{"player":3,"type":"C","amount":200000,"street":0},{"player":4,"type":"R","amount":1985000,"street":0},{"player":5,"type":"C","amount":1285000,"street":0},{"player":1,"type":"C","amount":1045000,"street":0},{"player":2,"type":"R","amount":2385000,"street":0}],"actions":[{"type":"F","amount":0},{"type":"C","amount":2185000}],"hands":{"22":{"weight":0.4207,"played":[0.7078,0.2922],"evs":[0.0,-1.55228]},"32o":{"weight":0.0,"played":[0.9884,0.0116],"evs":[0.0,-4.55063]},"42o":{"weight":0.0,"played":[0.9974,0.0026],"evs":[0.0,-6.41895]},"52o":{"weight":0.0,"played":[0.9848,0.0152],"evs":[0.0,-5.30307]},"62o":{"weight":0.0,"played":[0.988,0.012],"evs":[0.0,-4.19126]},"72o":{"weight":0.0,"played":[0.9629,0.0371],"evs":[0.0,-5.03114]},"82o":{"weight":0.0,"played":[0.9955,0.0045],"evs":[0.0,-5.1486]},"92o":{"weight":0.0,"played":[1.0,0.0],"evs":[0.0,-6.28488]},"T2o":{"weight":0.0,"played":[0.9575,0.0425],"evs":[0.0,-8.59576]},"J2o":{"weight":0.0,"played":[0.9902,0.0098],"evs":[0.0,-4.91849]},"Q2o":{"weight":0.0,"played":[0.6214,0.3786],"evs":[0.0,-1.38601]},"K2o":{"weight":0.0,"played":[1.0,0.0],"evs":[0.0,-5.42344]},"A2o":{"weight":0.0,"played":[0.9031,0.0969],"evs":[0.0,-4.94753]},"32s":{"weight":0.0,"played":[0.8542,0.1458],"evs":[0.0,2.18948]},"33":{"weight":0.5535,"played":[0.9988,0.0012],"evs":[0.0,-4.78031]},"43o":{"weight":0.0,"played":[0.5192,0.4808],"evs":[0.0,-2.09337]},"53o":{"weight":0.0,"played":[0.9992,8.0E-4],"evs":[0.0,-3.70857]},"63o":{"weight":0.0,"played":[0.9996,4.0E-4],"evs":[0.0,-3.14836]},"73o":{"weight":0.0,"played":[0.9843,0.0157],"evs":[0.0,-7.24108]},"83o":{"weight":0.0,"played":[0.9549,0.0451],"evs":[0.0,-6.72086]},"93o":{"weight":0.0,"played":[0.949,0.051],"evs":[0.0,-3.28545]},"T3o":{"weight":0.0,"played":[1.0,0.0],"evs":[0.0,-5.69484]},"J3o":{"weight":0.0,"played":[0.9867,0.0133],"evs":[0.0,-6.3849]},"Q3o":{"weight":0.0,"played":[0.7336,0.2664],"evs":[0.0,1.44129]},"K3o":{"weight":0.0,"played":[0.9786,0.0214],"evs":[0.0,-7.10368]},"A3o":{"weight":0.0,"played":[0.675,0.325],"evs":[0.0,-1.32943]},"42s":{"weight":0.0,"played":[0.7088,0.2912],"evs":[0.0,1.7374]},"43s":{"weight":0.0,"played":[0.5288,0.4712],"evs":[0.0,-0.49392]},"44":{"weight":0.8419,"played":[0.5329,0.4671],"evs":[0.0,0.92364]},"54o":{"weight":0.0,"played":[0.1875,0.8125],"evs":[0.0,1.88005]},"64o":{"weight":0.0,"played":[0.6551,0.3449],"evs":[0.0,1.51465]},"74o":{"weight":0.0,"played":[0.9849,0.0151],"evs":[0.0,-3.75596]},"84o":{"weight":0.0,"played":[0.5766,0.4234],"evs":[0.0,-0.98268]},"94o":{"weight":0.0,"played":[0.8784,0.1216],"evs":[0.0,-7.34976]},"T4o":{"weight":0.0,"played":[1.0,0.0],"evs":[0.0,-3.55397]},"J4o":{"weight":0.0,"played":[0.9438,0.0562],"evs":[0.0,-3.95305]},"Q4o":{"weight":0.0,"played":[0.8371,0.1629],"evs":[0.0,-2.65942]},"K4o":{"weight":0.0,"played":[0.9811,0.0189],"evs":[0.0,-5.29051]},"A4o":{"weight":0.0,"played":[0.7821,0.2179],"evs":[0.0,-2.25993]},"52s":{"weight":0.0,"played":[0.8653,0.1347],"evs":[0.0,-3.10188]},"53s":{"weight":3.0E-4,"played":[0.5431,0.4569],"evs":[0.0,1.84707]},"54s":{"weight":0.0,"played":[0.2865,0.7135],"evs":[0.0,1.29319]},"55":{"weight":0.9123,"played":[0.1775,0.8225],"evs":[0.0,3.19262]},"65o":{"weight":0.0,"played":[0.4014,0.5986],"evs":[0.0,0.49223]},"75o":{"weight":0.0,"played":[0.9836,0.0164],"evs":[0.0,-1.6267]},"85o":{"weight":0.0,"played":[0.8243,0.1757],"evs":[0.0,-5.57864]},"95o":{"weight":0.0,"played":[0.5782,0.4218],"evs":[0.0,-3.6487]},"T5o":{"weight":0.0,"played":[0.9937,0.0063],"evs":[0.0,-7.43388]},"J5o":{"weight":0.0,"played":[0.8896,0.1104],"evs":[0.0,-6.42133]},"Q5o":{"weight":0.0,"played":[0.9954,0.0046],"evs":[0.0,-3.08361]},"K5o":{"weight":0.0,"played":[0.879,0.121],"evs":[0.0,-5.8651]},"A5o":{"weight":0.0,"played":[0.9739,0.0261],"evs":[0.0,-3.30101]},"62s":{"weight":0.0,"played":[0.7687,0.2313],"evs":[0.0,-3.937]},"63s":{"weight":1.0E-4,"played":[1.0E-4,0.9999],"evs":[0.0,2.42645]},"64s":{"weight":2.0E-4,"played":[0.6823,0.3177],"evs":[0.0,-6.5628]},"65s":{"weight":0.0011,"played":[0.4717,0.5283],"evs":[0.0,3.51745]},"66":{"weight":0.9722,"played":[0.3715,0.6285],"evs":[0.0,-2.71033]},"76o":{"weight":0.0,"played":[0.8601,0.1399],"evs":[0.0,-2.23468]},"86o":{"weight":0.0,"played":[0.4159,0.5841],"evs":[0.0,1.77492]},"96o":{"weight":0.0,"played":[0.9741,0.0259],"evs":[0.0,-4.05782]},"T6o":{"weight":0.0,"played":[0.9971,0.0029],"evs":[0.0,-2.3161]},"J6o":{"weight":0.0,"played":[0.9575,0.0425],"evs":[0.0,-4.90159]},"Q6o":{"weight":0.0,"played":[0.9581,0.0419],"evs":[0.0,-5.93298]},"K6o":{"weight":0.0,"played":[0.9894,0.0106],"evs":[0.0,-5.13351]},"A6o":{"weight":0.0,"played":[0.9955,0.0045],"evs":[0.0,-6.5079]},"72s":{"weight":0.0,"played":[0.2046,0.7954],"evs":[0.0,4.48283]},"73s":{"weight":0.0,"played":[0.232,0.768],"evs":[0.0,6.22556]},"74s":{"weight":0.0,"played":[0.6809,0.3191],"evs":[0.0,0.79017]},"75s":{"weight":4.0E-4,"played":[0.1588,0.8412],"evs":[0.0,1.49745]},"76s":{"weight":0.5274,"played":[0.4042,0.5958],"evs":[0.0,3.06565]},"77":{"weight":0.911,"played":[0.0141,0.9859],"evs":[0.0,2.83125]},"87o":{"weight":0.0,"played":[0.9923,0.0077],"evs":[0.0,-5.20194]},"97o":{"weight":0.0,"played":[0.834,0.166],"evs":[0.0,-4.41871]},"T7o":{"weight":0.0,"played":[0.9688,0.0312],"evs":[0.0,-3.05097]},"J7o":{"weight":0.0,"played":[0.9974,0.0026],"evs":[0.0,-4.43929]},"Q7o":{"weight":0.0,"played":[0.9942,0.0058],"evs":[0.0,-7.61456]},"K7o":{"weight":0.0,"played":[0.9039,0.0961],"evs":[0.0,-6.71547]},"A7o":{"weight":0.0,"played":[0.9103,0.0897],"evs":[0.0,-4.30605]},"82s":{"weight":0.0,"played":[0.719,0.281],"evs":[0.0,-3.74141]},"83s":{"weight":0.0,"played":[0.7684,0.2316],"evs":[0.0,-2.06211]},"84s":{"weight":0.0,"played":[0.822,0.178],"evs":[0.0,-4.7187]},"85s":{"weight":1.0E-4,"played":[0.8095,0.1905],"evs":[0.0,-2.30482]},"86s":{"weight":0.0171,"played":[4.0E-4,0.9996],"evs":[0.0,2.28974]},"87s":{"weight":0.0,"played":[0.975,0.025],"evs":[0.0,-4.22067]},"88":{"weight":0.8468,"played":[0.1027,0.8973],"evs":[0.0,0.91773]},"98o":{"weight":0.0,"played":[0.9239,0.0761],"evs":[0.0,-5.56309]},"T8o":{"weight":0.0,"played":[0.7388,0.2612],"evs":[0.0,-5.45669]},"J8o":{"weight":0.0,"played":[0.9779,0.0221],"evs":[0.0,-3.99553]},"Q8o":{"weight":0.0,"played":[0.6375,0.3625],"evs":[0.0,-1.88557]},"K8o":{"weight":0.0,"played":[0.8535,0.1465],"evs":[0.0,-4.65343]},"A8o":{"weight":0.0,"played":[0.8465,0.1535],"evs":[0.0,-4.22874]},"92s":{"weight":0.0,"played":[0.6406,0.3594],"evs":[0.0,-0.68411]},"93s":{"weight":0.0,"played":[0.878,0.122],"evs":[0.0,-5.02202]},"94s":{"weight":0.0,"played":[0.8035,0.1965],"evs":[0.0,-2.1425]},"95s":{"weight":0.0,"played":[0.8077,0.1923],"evs":[0.0,-1.27418]},"96s":{"weight":0.0,"played":[0.1074,0.8926],"evs":[0.0,4.11267]},"97s":{"weight":3.0E-4,"played":[0.4084,0.5916],"evs":[0.0,4.65633]},"98s":{"weight":0.0,"played":[0.3453,0.6547],"evs":[0.0,-1.62176]},"99":{"weight":0.5897,"played":[0.0,1.0],"evs":[0.0,15.38919]},"T9o":{"weight":0.0,"played":[0.6194,0.3806],"evs":[0.0,-2.02749]},"J9o":{"weight":0.0,"played":[0.6994,0.3006],"evs":[0.0,-7.77192]},"Q9o":{"weight":0.0,"played":[0.914,0.086],"evs":[0.0,-4.03916]},"K9o":{"weight":0.0,"played":[0.635,0.365],"evs":[0.0,-2.73619]},"A9o":{"weight":0.0,"played":[0.3705,0.6295],"evs":[0.0,-1.44324]},"T2s":{"weight":0.0,"played":[0.7603,0.2397],"evs":[0.0,-2.20585]},"T3s":{"weight":0.0,"played":[0.5972,0.4028],"evs":[0.0,-2.69221]},"T4s":{"weight":0.0,"played":[0.8272,0.1728],"evs":[0.0,3.03184]},"T5s":{"weight":0.0,"played":[0.8335,0.1665],"evs":[0.0,-9.72527]},"T6s":{"weight":1.0E-4,"played":[0.6704,0.3296],"evs":[0.0,-0.10533]},"T7s":{"weight":2.0E-4,"played":[0.6635,0.3365],"evs":[0.0,-1.94658]},"T8s":{"weight":0.0,"played":[0.8907,0.1093],"evs":[0.0,-2.34593]},"T9s":{"weight":0.0,"played":[0.4423,0.5577],"evs":[0.0,1.92944]},"TT":{"weight":0.0758,"played":[0.4949,0.5051],"evs":[0.0,7.94134]},"JTo":{"weight":0.0,"played":[0.8688,0.1312],"evs":[0.0,-4.46548]},"QTo":{"weight":0.0,"played":[0.742,0.258],"evs":[0.0,-2.38113]},"KTo":{"weight":0.0,"played":[0.5646,0.4354],"evs":[0.0,-2.43881]},"ATo":{"weight":0.9967,"played":[0.9798,0.0202],"evs":[0.0,-1.51557]},"J2s":{"weight":0.0,"played":[0.6692,0.3308],"evs":[0.0,-5.0289]},"J3s":{"weight":0.0,"played":[0.8086,0.1914],"evs":[0.0,-2.60016]},"J4s":{"weight":0.0,"played":[0.9786,0.0214],"evs":[0.0,-9.12225]},"J5s":{"weight":1.0E-4,"played":[0.7273,0.2727],"evs":[0.0,-3.81566]},"J6s":{"weight":1.0E-4,"played":[0.599,0.401],"evs":[0.0,-3.84665]},"J7s":{"weight":0.0,"played":[0.7837,0.2163],"evs":[0.0,-4.72857]},"J8s":{"weight":0.0012,"played":[0.1123,0.8877],"evs":[0.0,-1.8832]},"J9s":{"weight":0.0085,"played":[0.6166,0.3834],"evs":[0.0,-2.94588]},"JTs":{"weight":0.2215,"played":[0.658,0.342],"evs":[0.0,-5.54476]},"JJ":{"weight":0.2284,"played":[0.0238,0.9762],"evs":[0.0,8.6855]},"QJo":{"weight":0.0,"played":[0.9118,0.0882],"evs":[0.0,-3.11112]},"KJo":{"weight":8.0E-4,"played":[0.616,0.384],"evs":[0.0,-3.98062]},"AJo":{"weight":0.1961,"played":[0.3485,0.6515],"evs":[0.0,-1.85924]},"Q2s":{"weight":0.0,"played":[0.0671,0.9329],"evs":[0.0,6.11728]},"Q3s":{"weight":0.0,"played":[0.6721,0.3279],"evs":[0.0,-2.77638]},"Q4s":{"weight":1.0E-4,"played":[0.7017,0.2983],"evs":[0.0,-4.91773]},"Q5s":{"weight":0.0,"played":[0.9655,0.0345],"evs":[0.0,-8.44768]},"Q6s":{"weight":0.0,"played":[0.8438,0.1562],"evs":[0.0,-8.30066]},"Q7s":{"weight":0.0,"played":[0.783,0.217],"evs":[0.0,-3.49358]},"Q8s":{"weight":0.0015,"played":[0.7175,0.2825],"evs":[0.0,-6.77407]},"Q9s":{"weight":3.0E-4,"played":[0.3091,0.6909],"evs":[0.0,5.10612]},"QTs":{"weight":0.673,"played":[0.8114,0.1886],"evs":[0.0,-4.93469]},"QJs":{"weight":0.9529,"played":[0.8668,0.1332],"evs":[0.0,-1.76467]},"QQ":{"weight":0.055,"played":[0.0126,0.9874],"evs":[0.0,13.4029]},"KQo":{"weight":0.6772,"played":[0.2572,0.7428],"evs":[0.0,-0.04077]},"AQo":{"weight":0.6476,"played":[0.0174,0.9826],"evs":[0.0,3.30907]},"K2s":{"weight":0.0,"played":[0.188,0.812],"evs":[0.0,-1.023]},"K3s":{"weight":0.0,"played":[0.6521,0.3479],"evs":[0.0,-2.88185]},"K4s":{"weight":3.0E-4,"played":[0.4942,0.5058],"evs":[0.0,-2.64431]},"K5s":{"weight":1.0E-4,"played":[0.9541,0.0459],"evs":[0.0,-2.42363]},"K6s":{"weight":0.0188,"played":[0.9537,0.0463],"evs":[0.0,-1.23578]},"K7s":{"weight":0.0,"played":[0.9821,0.0179],"evs":[0.0,-6.95906]},"K8s":{"weight":0.0,"played":[0.0713,0.9287],"evs":[0.0,7.02211]},"K9s":{"weight":5.0E-4,"played":[0.0777,0.9223],"evs":[0.0,1.78064]},"KTs":{"weight":0.7714,"played":[0.5095,0.4905],"evs":[0.0,-2.37974]},"KJs":{"weight":0.8173,"played":[0.9693,0.0307],"evs":[0.0,-1.94901]},"KQs":{"weight":0.7903,"played":[0.2796,0.7204],"evs":[0.0,-0.59091]},"KK":{"weight":0.0359,"played":[0.0065,0.9935],"evs":[0.0,11.07651]},"AKo":{"weight":4.0E-4,"played":[0.0488,0.9512],"evs":[0.0,4.53641]},"A2s":{"weight":6.0E-4,"played":[0.3253,0.6747],"evs":[0.0,14.86249]},"A3s":{"weight":6.0E-4,"played":[0.2324,0.7676],"evs":[0.0,-0.08833]},"A4s":{"weight":0.0088,"played":[0.2085,0.7915],"evs":[0.0,3.20135]},"A5s":{"weight":0.0018,"played":[0.0559,0.9441],"evs":[0.0,13.53182]},"A6s":{"weight":0.2103,"played":[0.8148,0.1852],"evs":[0.0,-0.07513]},"A7s":{"weight":0.1739,"played":[0.979,0.021],"evs":[0.0,-4.19252]},"A8s":{"weight":0.0541,"played":[0.8132,0.1868],"evs":[0.0,4.02175]},"A9s":{"weight":0.1397,"played":[1.0,0.0],"evs":[0.0,-8.26104]},"ATs":{"weight":0.8999,"played":[0.957,0.043],"evs":[0.0,-5.16057]},"AJs":{"weight":0.08,"played":[0.0099,0.9901],"evs":[0.0,5.95517]},"AQs":{"weight":0.9623,"played":[0.1022,0.8978],"evs":[0.0,4.82672]},"AKs":{"weight":0.3204,"played":[0.2888,0.7112],"evs":[0.0,11.38463]},"AA":{"weight":0.5278,"played":[0.0046,0.9954],"evs":[0.0,35.93538]}}}