{"player":2,"street":0,"children":2,"sequence":[{"player":0,"type":"F","amount":0,"street":0},{"player":1,"type":"R","amount":200000,"street":0},{"player":2,"type":"C","amount":200000,"street":0},{"player":3,"type":"R","amount":2385000,"street":0},{"player":4,"type":"C","amount":1935000,"street":0},{"player":5,"type":"F","amount":0,"street":0},{"player":1,"type":"F","amount":0,"street":0}],"actions":[{"type":"F","amount":0},{"type":"C","amount":2185000}],"hands":{"22":{"weight":0.0,"played":[0.9948,0.0052],"evs":[0.0,-0.4612]},"32o":{"weight":0.0,"played":[0.9996,4.0E-4],"evs":[0.0,-7.79335]},"42o":{"weight":0.0,"played":[1.0,0.0],"evs":[0.0,-7.61503]},"52o":{"weight":0.0,"played":[0.9987,0.0013],"evs":[0.0,-6.31184]},"62o":{"weight":0.0,"played":[0.9914,0.0086],"evs":[0.0,-6.75903]},"72o":{"weight":0.0,"played":[1.0,0.0],"evs":[0.0,-6.39603]},"82o":{"weight":0.0,"played":[0.9997,3.0E-4],"evs":[0.0,-7.6553]},"92o":{"weight":0.0,"played":[1.0,0.0],"evs":[0.0,-7.26137]},"T2o":{"weight":0.0,"played":[0.9955,0.0045],"evs":[0.0,-7.7962]},"J2o":{"weight":0.0,"played":[0.9974,0.0026],"evs":[0.0,-6.36063]},"Q2o":{"weight":0.0,"played":[0.9998,2.0E-4],"evs":[0.0,-7.80189]},"K2o":{"weight":0.0,"played":[1.0,0.0],"evs":[0.0,-6.34744]},"A2o":{"weight":0.0,"played":[0.9976,0.0024],"evs":[0.0,-7.9565]},"32s":{"weight":0.0,"played":[0.9924,0.0076],"evs":[0.0,-4.84599]},"33":{"weight":0.0,"played":[0.7143,0.2857],"evs":[0.0,-1.61352]},"43o":{"weight":0.0,"played":[0.9983,0.0017],"evs":[0.0,-5.20379]},"53o":{"weight":0.0,"played":[0.9981,0.0019],"evs":[0.0,-7.75109]},"63o":{"weight":0.0,"played":[0.9993,7.0E-4],"evs":[0.0,-4.25173]},"73o":{"weight":0.0,"played":[0.9954,0.0046],"evs":[0.0,-4.63849]},"83o":{"weight":0.0,"played":[0.9984,0.0016],"evs":[0.0,-7.81971]},"93o":{"weight":0.0,"played":[1.0,0.0],"evs":[0.0,-8.88412]},"T3o":{"weight":0.0,"played":[0.9981,0.0019],"evs":[0.0,-6.46077]},"J3o":{"weight":0.0,"played":[0.9986,0.0014],"evs":[0.0,-6.04106]},"Q3o":{"weight":0.0,"played":[0.9956,0.0044],"evs":[0.0,-4.78723]},"K3o":{"weight":0.0,"played":[0.9991,9.0E-4],"evs":[0.0,-5.71311]},"A3o":{"weight":0.0,"played":[0.9992,8.0E-4],"evs":[0.0,-4.25557]},"42s":{"weight":0.0,"played":[0.7319,0.2681],"evs":[0.0,-2.58616]},"43s":{"weight":0.0,"played":[0.9864,0.0136],"evs":[0.0,-5.1677]},"44":{"weight":0.9452,"played":[0.9413,0.0587],"evs":[0.0,-3.19196]},"54o":{"weight":0.0,"played":[0.9981,0.0019],"evs":[0.0,-4.69991]},"64o":{"weight":0.0,"played":[0.9992,8.0E-4],"evs":[0.0,-4.7625]},"74o":{"weight":0.0,"played":[0.9995,5.0E-4],"evs":[0.0,-6.07442]},"84o":{"weight":0.0,"played":[1.0,0.0],"evs":[0.0,-6.02137]},"94o":{"weight":0.0,"played":[0.9987,0.0013],"evs":[0.0,-6.5332]},"T4o":{"weight":0.0,"played":[0.9998,2.0E-4],"evs":[0.0,-7.06866]},"J4o":{"weight":0.0,"played":[0.9954,0.0046],"evs":[0.0,-5.50132]},"Q4o":{"weight":0.0,"played":[0.9991,9.0E-4],"evs":[0.0,-6.30921]},"K4o":{"weight":0.0,"played":[0.9945,0.0055],"evs":[0.0,-6.71429]},"A4o":{"weight":0.0,"played":[0.9893,0.0107],"evs":[0.0,-5.97378]},"52s":{"weight":0.0,"played":[1.0,0.0],"evs":[0.0,-4.86525]},"53s":{"weight":0.0,"played":[0.8903,0.1097],"evs":[0.0,-4.01951]},"54s":{"weight":0.0,"played":[0.9875,0.0125],"evs":[0.0,-5.82744]},"55":{"weight":0.994,"played":[0.9248,0.0752],"evs":[0.0,-0.44795]},"65o":{"weight":0.0,"played":[0.9984,0.0016],"evs":[0.0,-3.47322]},"75o":{"weight":0.0,"played":[0.9869,0.0131],"evs":[0.0,-5.85549]},"85o":{"weight":0.0,"played":[0.9986,0.0014],"evs":[0.0,-5.7514]},"95o":{"weight":0.0,"played":[1.0,0.0],"evs":[0.0,-5.27488]},"T5o":{"weight":0.0,"played":[0.9998,2.0E-4],"evs":[0.0,-6.52646]},"J5o":{"weight":0.0,"played":[0.98,0.02],"evs":[0.0,-7.10067]},"Q5o":{"weight":0.0,"played":[0.9916,0.0084],"evs":[0.0,-5.34008]},"K5o":{"weight":0.0,"played":[0.9982,0.0018],"evs":[0.0,-5.07167]},"A5o":{"weight":0.0,"played":[0.9337,0.0663],"evs":[0.0,-5.05041]},"62s":{"weight":0.0,"played":[0.865,0.135],"evs":[0.0,-1.71351]},"63s":{"weight":0.0,"played":[0.9117,0.0883],"evs":[0.0,-7.46717]},"64s":{"weight":0.0,"played":[0.9772,0.0228],"evs":[0.0,-1.9588]},"65s":{"weight":0.3841,"played":[0.1878,0.8122],"evs":[0.0,1.16686]},"66":{"weight":0.9874,"played":[0.9121,0.0879],"evs":[0.0,-1.18138]},"76o":{"weight":0.0,"played":[0.9903,0.0097],"evs":[0.0,-3.26044]},"86o":{"weight":0.0,"played":[0.9998,2.0E-4],"evs":[0.0,-7.54524]},"96o":{"weight":0.0,"played":[0.9906,0.0094],"evs":[0.0,-4.88959]},"T6o":{"weight":0.0,"played":[0.9946,0.0054],"evs":[0.0,-6.53704]},"J6o":{"weight":0.0,"played":[0.9969,0.0031],"evs":[0.0,-7.68935]},"Q6o":{"weight":0.0,"played":[0.9176,0.0824],"evs":[0.0,-4.24647]},"K6o":{"weight":0.0,"played":[0.9971,0.0029],"evs":[0.0,-4.69883]},"A6o":{"weight":0.0,"played":[0.999,0.001],"evs":[0.0,-5.93374]},"72s":{"weight":0.0,"played":[0.9775,0.0225],"evs":[0.0,-5.11427]},"73s":{"weight":0.0,"played":[0.9991,9.0E-4],"evs":[0.0,-2.31763]},"74s":{"weight":0.0,"played":[0.9834,0.0166],"evs":[0.0,-6.34119]},"75s":{"weight":0.0,"played":[0.9216,0.0784],"evs":[0.0,-2.34792]},"76s":{"weight":0.1665,"played":[0.2955,0.7045],"evs":[0.0,-0.01951]},"77":{"weight":0.4014,"played":[0.8717,0.1283],"evs":[0.0,-1.17683]},"87o":{"weight":0.0,"played":[0.9769,0.0231],"evs":[0.0,-3.92161]},"97o":{"weight":0.0,"played":[0.9911,0.0089],"evs":[0.0,-6.99157]},"T7o":{"weight":0.0,"played":[0.9996,4.0E-4],"evs":[0.0,-5.71649]},"J7o":{"weight":0.0,"played":[0.973,0.027],"evs":[0.0,-7.34902]},"Q7o":{"weight":0.0,"played":[0.9951,0.0049],"evs":[0.0,-5.88188]},"K7o":{"weight":0.0,"played":[0.9978,0.0022],"evs":[0.0,-5.98184]},"A7o":{"weight":0.0,"played":[0.9693,0.0307],"evs":[0.0,-5.57257]},"82s":{"weight":0.0,"played":[1.0,0.0],"evs":[0.0,-7.04031]},"83s":{"weight":0.0,"played":[0.9868,0.0132],"evs":[0.0,-3.06614]},"84s":{"weight":0.0,"played":[0.5711,0.4289],"evs":[0.0,-0.72396]},"85s":{"weight":0.0,"played":[0.9754,0.0246],"evs":[0.0,-8.00646]},"86s":{"weight":0.0,"played":[0.9808,0.0192],"evs":[0.0,-2.81689]},"87s":{"weight":0.3381,"played":[0.9587,0.0413],"evs":[0.0,-4.45819]},"88":{"weight":0.7631,"played":[0.9033,0.0967],"evs":[0.0,-1.26121]},"98o":{"weight":0.0,"played":[0.9993,7.0E-4],"evs":[0.0,-5.49785]},"T8o":{"weight":0.0,"played":[0.996,0.004],"evs":[0.0,-5.43168]},"J8o":{"weight":0.0,"played":[0.9958,0.0042],"evs":[0.0,-3.66539]},"Q8o":{"weight":0.0,"played":[0.9935,0.0065],"evs":[0.0,-4.48762]},"K8o":{"weight":0.0,"played":[0.9977,0.0023],"evs":[0.0,-6.8405]},"A8o":{"weight":0.0,"played":[0.9982,0.0018],"evs":[0.0,-4.60144]},"92s":{"weight":0.0,"played":[0.9985,0.0015],"evs":[0.0,-5.06655]},"93s":{"weight":0.0,"played":[0.9987,0.0013],"evs":[0.0,-5.33353]},"94s":{"weight":0.0,"played":[0.9926,0.0074],"evs":[0.0,-9.55907]},"95s":{"weight":0.0,"played":[0.9949,0.0051],"evs":[0.0,-3.26479]},"96s":{"weight":0.0,"played":[0.8898,0.1102],"evs":[0.0,-5.35401]},"97s":{"weight":0.0,"played":[0.9947,0.0053],"evs":[0.0,-2.18011]},"98s":{"weight":0.0,"played":[0.9806,0.0194],"evs":[0.0,-3.48723]},"99":{"weight":0.6737,"played":[0.7966,0.2034],"evs":[0.0,-2.98174]},"T9o":{"weight":0.0,"played":[0.9708,0.0292],"evs":[0.0,-5.99616]},"J9o":{"weight":0.0,"played":[0.9936,0.0064],"evs":[0.0,-6.52891]},"Q9o":{"weight":0.0,"played":[0.9981,0.0019],"evs":[0.0,-6.85926]},"K9o":{"weight":0.0,"played":[0.9999,1.0E-4],"evs":[0.0,-6.26721]},"A9o":{"weight":1.0,"played":[0.9862,0.0138],"evs":[0.0,-6.75881]},"T2s":{"weight":0.0,"played":[0.9983,0.0017],"evs":[0.0,-7.03963]},"T3s":{"weight":0.0,"played":[0.9246,0.0754],"evs":[0.0,-7.4426]},"T4s":{"weight":0.0,"played":[0.9993,7.0E-4],"evs":[0.0,-2.82588]},"T5s":{"weight":0.0,"played":[0.9746,0.0254],"evs":[0.0,-4.19412]},"T6s":{"weight":0.0,"played":[0.8208,0.1792],"evs":[0.0,-3.7431]},"T7s":{"weight":0.0,"played":[0.7731,0.2269],"evs":[0.0,-2.28702]},"T8s":{"weight":0.0,"played":[0.7373,0.2627],"evs":[0.0,-3.04546]},"T9s":{"weight":0.3146,"played":[0.8024,0.1976],"evs":[0.0,-3.12877]},"TT":{"weight":1.0E-4,"played":[0.026,0.974],"evs":[0.0,1.4213]},"JTo":{"weight":0.0,"played":[0.9544,0.0456],"evs":[0.0,-4.53376]},"QTo":{"weight":0.0,"played":[0.9657,0.0343],"evs":[0.0,-4.30052]},"KTo":{"weight":0.0,"played":[0.9786,0.0214],"evs":[0.0,-6.00864]},"ATo":{"weight":0.8022,"played":[0.9931,0.0069],"evs":[0.0,-7.02588]},"J2s":{"weight":0.0,"played":[0.9982,0.0018],"evs":[0.0,-7.93149]},"J3s":{"weight":0.0,"played":[0.9866,0.0134],"evs":[0.0,-4.03857]},"J4s":{"weight":0.0,"played":[0.9205,0.0795],"evs":[0.0,-3.13089]},"J5s":{"weight":0.0,"played":[0.9945,0.0055],"evs":[0.0,-4.50885]},"J6s":{"weight":0.0,"played":[0.9459,0.0541],"evs":[0.0,-3.87717]},"J7s":{"weight":0.0,"played":[1.0,0.0],"evs":[0.0,-4.96769]},"J8s":{"weight":0.0,"played":[0.9996,4.0E-4],"evs":[0.0,-3.73348]},"J9s":{"weight":0.0012,"played":[0.7708,0.2292],"evs":[0.0,-3.62832]},"JTs":{"weight":0.9981,"played":[0.8899,0.1101],"evs":[0.0,-2.69193]},"JJ":{"weight":0.1646,"played":[0.0,1.0],"evs":[0.0,6.98738]},"QJo":{"weight":0.0,"played":[0.9942,0.0058],"evs":[0.0,-4.55686]},"KJo":{"weight":0.0046,"played":[0.9149,0.0851],"evs":[0.0,-4.37496]},"AJo":{"weight":0.2163,"played":[0.9524,0.0476],"evs":[0.0,-6.3268]},"Q2s":{"weight":0.0,"played":[0.998,0.002],"evs":[0.0,-4.17974]},"Q3s":{"weight":0.0,"played":[0.9874,0.0126],"evs":[0.0,-7.65642]},"Q4s":{"weight":0.0,"played":[0.9357,0.0643],"evs":[0.0,-4.00777]},"Q5s":{"weight":0.0,"played":[0.9537,0.0463],"evs":[0.0,-4.60488]},"Q6s":{"weight":0.0,"played":[0.9403,0.0597],"evs":[0.0,-4.88097]},"Q7s":{"weight":0.0,"played":[0.9683,0.0317],"evs":[0.0,-1.3562]},"Q8s":{"weight":0.0,"played":[0.9091,0.0909],"evs":[0.0,-2.50393]},"Q9s":{"weight":0.0101,"played":[0.5253,0.4747],"evs":[0.0,-2.64149]},"QTs":{"weight":0.9931,"played":[0.8278,0.1722],"evs":[0.0,-1.81964]},"QJs":{"weight":0.994,"played":[0.895,0.105],"evs":[0.0,-2.26927]},"QQ":{"weight":0.3347,"played":[1.0E-4,0.9999],"evs":[0.0,7.71986]},"KQo":{"weight":0.9992,"played":[0.997,0.003],"evs":[0.0,-3.46435]},"AQo":{"weight":5.0E-4,"played":[0.9861,0.0139],"evs":[0.0,-4.66528]},"K2s":{"weight":0.0,"played":[1.0,0.0],"evs":[0.0,-3.84392]},"K3s":{"weight":0.0,"played":[0.9746,0.0254],"evs":[0.0,-1.75532]},"K4s":{"weight":0.0,"played":[0.9709,0.0291],"evs":[0.0,-4.16937]},"K5s":{"weight":0.0,"played":[0.9636,0.0364],"evs":[0.0,-4.95821]},"K6s":{"weight":0.0,"played":[0.9983,0.0017],"evs":[0.0,-4.24646]},"K7s":{"weight":0.0,"played":[0.7892,0.2108],"evs":[0.0,-4.82789]},"K8s":{"weight":0.0,"played":[0.909,0.091],"evs":[0.0,-1.34242]},"K9s":{"weight":0.4231,"played":[0.9847,0.0153],"evs":[0.0,-5.85361]},"KTs":{"weight":0.0631,"played":[0.7995,0.2005],"evs":[0.0,-1.76502]},"KJs":{"weight":0.412,"played":[0.7662,0.2338],"evs":[0.0,-5.09957]},"KQs":{"weight":0.9025,"played":[0.7161,0.2839],"evs":[0.0,-1.28819]},"KK":{"weight":0.988,"played":[0.0,1.0],"evs":[0.0,13.20845]},"AKo":{"weight":1.0E-4,"played":[0.6395,0.3605],"evs":[0.0,-0.00899]},"A2s":{"weight":0.223,"played":[0.9939,0.0061],"evs":[0.0,-1.32713]},"A3s":{"weight":0.0391,"played":[0.7611,0.2389],"evs":[0.0,-4.73372]},"A4s":{"weight":0.0042,"played":[0.9984,0.0016],"evs":[0.0,-6.51823]},"A5s":{"weight":0.057,"played":[0.9394,0.0606],"evs":[0.0,-5.84779]},"A6s":{"weight":0.3171,"played":[0.9665,0.0335],"evs":[0.0,-3.47728]},"A7s":{"weight":0.0,"played":[0.9448,0.0552],"evs":[0.0,-6.28517]},"A8s":{"weight":0.722,"played":[0.8628,0.1372],"evs":[0.0,-4.51319]},"A9s":{"weight":0.9858,"played":[0.9689,0.0311],"evs":[0.0,-3.63382]},"ATs":{"weight":0.223,"played":[0.4409,0.5591],"evs":[0.0,-2.69986]},"AJs":{"weight":0.9596,"played":[0.9719,0.0281],"evs":[0.0,-2.99732]},"AQs":{"weight":0.0769,"played":[0.8227,0.1773],"evs":[0.0,-2.01317]},"AKs":{"weight":0.985,"played":[0.0093,0.9907],"evs":[0.0,2.1955]},"AA":{"weight":1.0,"played":[2.0E-4,0.9998],"evs":[0.0,25.96279]}}}