{"player":2,"street":0,"children":2,"sequence":[{"player":0,"type":"F","amount":0,"street":0},{"player":1,"type":"R","amount":200000,"street":0},{"player":2,"type":"C","amount":200000,"street":0},{"player":3,"type":"R","amount":2385000,"street":0},{"player":4,"type":"C","amount":1935000,"street":0},{"player":5,"type":"F","amount":0,"street":0},{"player":1,"type":"C","amount":1045000,"street":0}],"actions":[{"type":"F","amount":0},{"type":"C","amount":2185000}],"hands":{"22":{"weight":0.0,"played":[0.9744,0.0256],"evs":[0.0,-5.24747]},"32o":{"weight":0.0,"played":[0.999,0.001],"evs":[0.0,-6.42459]},"42o":{"weight":0.0,"played":[0.9885,0.0115],"evs":[0.0,-4.56133]},"52o":{"weight":0.0,"played":[0.9994,6.0E-4],"evs":[0.0,-4.72438]},"62o":{"weight":0.0,"played":[0.9922,0.0078],"evs":[0.0,-6.43114]},"72o":{"weight":0.0,"played":[1.0,0.0],"evs":[0.0,-6.93198]},"82o":{"weight":0.0,"played":[0.9991,9.0E-4],"evs":[0.0,-6.32755]},"92o":{"weight":0.0,"played":[0.9999,1.0E-4],"evs":[0.0,-4.42879]},"T2o":{"weight":0.0,"played":[1.0,0.0],"evs":[0.0,-7.31225]},"J2o":{"weight":0.0,"played":[0.97,0.03],"evs":[0.0,-7.8584]},"Q2o":{"weight":0.0,"played":[0.999,0.001],"evs":[0.0,-5.84425]},"K2o":{"weight":0.0,"played":[0.9989,0.0011],"evs":[0.0,-8.47312]},"A2o":{"weight":0.0,"played":[0.9061,0.0939],"evs":[0.0,-6.02639]},"32s":{"weight":0.0,"played":[0.9693,0.0307],"evs":[0.0,-1.17132]},"33":{"weight":0.0,"played":[0.9037,0.0963],"evs":[0.0,-4.48986]},"43o":{"weight":0.0,"played":[0.8883,0.1117],"evs":[0.0,-2.9147]},"53o":{"weight":0.0,"played":[0.9998,2.0E-4],"evs":[0.0,-6.2048]},"63o":{"weight":0.0,"played":[0.9994,6.0E-4],"evs":[0.0,-5.92591]},"73o":{"weight":0.0,"played":[0.9987,0.0013],"evs":[0.0,-7.12467]},"83o":{"weight":0.0,"played":[0.9997,3.0E-4],"evs":[0.0,-8.98903]},"93o":{"weight":0.0,"played":[0.9971,0.0029],"evs":[0.0,-7.13756]},"T3o":{"weight":0.0,"played":[0.9999,1.0E-4],"evs":[0.0,-9.02986]},"J3o":{"weight":0.0,"played":[0.9987,0.0013],"evs":[0.0,-7.61087]},"Q3o":{"weight":0.0,"played":[0.9986,0.0014],"evs":[0.0,-8.66261]},"K3o":{"weight":0.0,"played":[0.9988,0.0012],"evs":[0.0,-6.46474]},"A3o":{"weight":0.0,"played":[0.9827,0.0173],"evs":[0.0,-5.97189]},"42s":{"weight":0.0,"played":[0.9994,6.0E-4],"evs":[0.0,-6.05945]},"43s":{"weight":0.0,"played":[0.9332,0.0668],"evs":[0.0,-4.7973]},"44":{"weight":0.9452,"played":[0.9166,0.0834],"evs":[0.0,-2.56113]},"54o":{"weight":0.0,"played":[0.9689,0.0311],"evs":[0.0,-4.29216]},"64o":{"weight":0.0,"played":[0.9407,0.0593],"evs":[0.0,-4.22992]},"74o":{"weight":0.0,"played":[0.9426,0.0574],"evs":[0.0,-3.67213]},"84o":{"weight":0.0,"played":[0.996,0.004],"evs":[0.0,-5.26181]},"94o":{"weight":0.0,"played":[0.9978,0.0022],"evs":[0.0,-7.88241]},"T4o":{"weight":0.0,"played":[0.9956,0.0044],"evs":[0.0,-7.75825]},"J4o":{"weight":0.0,"played":[0.9786,0.0214],"evs":[0.0,-7.8314]},"Q4o":{"weight":0.0,"played":[0.997,0.003],"evs":[0.0,-6.97618]},"K4o":{"weight":0.0,"played":[0.9877,0.0123],"evs":[0.0,-7.88957]},"A4o":{"weight":0.0,"played":[0.9871,0.0129],"evs":[0.0,-4.65498]},"52s":{"weight":0.0,"played":[0.9591,0.0409],"evs":[0.0,-3.5718]},"53s":{"weight":0.0,"played":[0.953,0.047],"evs":[0.0,0.39535]},"54s":{"weight":0.0,"played":[0.4627,0.5373],"evs":[0.0,-2.47229]},"55":{"weight":0.994,"played":[0.9652,0.0348],"evs":[0.0,-2.58567]},"65o":{"weight":0.0,"played":[0.9875,0.0125],"evs":[0.0,-3.33123]},"75o":{"weight":0.0,"played":[0.9998,2.0E-4],"evs":[0.0,-4.42653]},"85o":{"weight":0.0,"played":[0.992,0.008],"evs":[0.0,-6.01252]},"95o":{"weight":0.0,"played":[0.9835,0.0165],"evs":[0.0,-6.8535]},"T5o":{"weight":0.0,"played":[0.9948,0.0052],"evs":[0.0,-8.69582]},"J5o":{"weight":0.0,"played":[0.9991,9.0E-4],"evs":[0.0,-5.18256]},"Q5o":{"weight":0.0,"played":[0.9644,0.0356],"evs":[0.0,-6.11885]},"K5o":{"weight":0.0,"played":[0.8609,0.1391],"evs":[0.0,-4.10043]},"A5o":{"weight":0.0,"played":[0.9244,0.0756],"evs":[0.0,-6.61129]},"62s":{"weight":0.0,"played":[0.6616,0.3384],"evs":[0.0,-1.04198]},"63s":{"weight":0.0,"played":[0.5605,0.4395],"evs":[0.0,-1.44073]},"64s":{"weight":0.0,"played":[0.2459,0.7541],"evs":[0.0,-0.15631]},"65s":{"weight":0.3841,"played":[0.9447,0.0553],"evs":[0.0,-4.09759]},"66":{"weight":0.9874,"played":[0.672,0.328],"evs":[0.0,-1.28877]},"76o":{"weight":0.0,"played":[0.9921,0.0079],"evs":[0.0,-2.94551]},"86o":{"weight":0.0,"played":[0.9513,0.0487],"evs":[0.0,-4.10492]},"96o":{"weight":0.0,"played":[0.9798,0.0202],"evs":[0.0,-4.25559]},"T6o":{"weight":0.0,"played":[0.9931,0.0069],"evs":[0.0,-7.74516]},"J6o":{"weight":0.0,"played":[0.9975,0.0025],"evs":[0.0,-6.16203]},"Q6o":{"weight":0.0,"played":[0.9995,5.0E-4],"evs":[0.0,-5.89657]},"K6o":{"weight":0.0,"played":[0.9988,0.0012],"evs":[0.0,-4.44558]},"A6o":{"weight":0.0,"played":[0.9864,0.0136],"evs":[0.0,-7.61354]},"72s":{"weight":0.0,"played":[0.9957,0.0043],"evs":[0.0,-5.50426]},"73s":{"weight":0.0,"played":[0.9938,0.0062],"evs":[0.0,-2.10913]},"74s":{"weight":0.0,"played":[1.0,0.0],"evs":[0.0,-2.1288]},"75s":{"weight":0.0,"played":[0.4311,0.5689],"evs":[0.0,-0.681]},"76s":{"weight":0.1665,"played":[0.5558,0.4442],"evs":[0.0,-0.85368]},"77":{"weight":0.4014,"played":[0.9984,0.0016],"evs":[0.0,-2.1683]},"87o":{"weight":0.0,"played":[0.9969,0.0031],"evs":[0.0,-3.90556]},"97o":{"weight":0.0,"played":[0.996,0.004],"evs":[0.0,-3.88075]},"T7o":{"weight":0.0,"played":[0.9967,0.0033],"evs":[0.0,-7.39749]},"J7o":{"weight":0.0,"played":[0.9986,0.0014],"evs":[0.0,-8.79921]},"Q7o":{"weight":0.0,"played":[0.9965,0.0035],"evs":[0.0,-7.87317]},"K7o":{"weight":0.0,"played":[0.9989,0.0011],"evs":[0.0,-4.16877]},"A7o":{"weight":0.0,"played":[0.9682,0.0318],"evs":[0.0,-3.66369]},"82s":{"weight":0.0,"played":[0.9937,0.0063],"evs":[0.0,-5.49958]},"83s":{"weight":0.0,"played":[0.9557,0.0443],"evs":[0.0,-5.54351]},"84s":{"weight":0.0,"played":[0.9738,0.0262],"evs":[0.0,-3.35142]},"85s":{"weight":0.0,"played":[0.9591,0.0409],"evs":[0.0,-3.72333]},"86s":{"weight":0.0,"played":[0.9603,0.0397],"evs":[0.0,-2.58746]},"87s":{"weight":0.3381,"played":[0.9934,0.0066],"evs":[0.0,-1.85007]},"88":{"weight":0.7631,"played":[0.1001,0.8999],"evs":[0.0,-0.19443]},"98o":{"weight":0.0,"played":[0.9224,0.0776],"evs":[0.0,-2.63215]},"T8o":{"weight":0.0,"played":[0.9953,0.0047],"evs":[0.0,-4.73659]},"J8o":{"weight":0.0,"played":[0.8922,0.1078],"evs":[0.0,-3.50173]},"Q8o":{"weight":0.0,"played":[0.9634,0.0366],"evs":[0.0,-5.05992]},"K8o":{"weight":0.0,"played":[0.9927,0.0073],"evs":[0.0,-5.47992]},"A8o":{"weight":0.0,"played":[0.9189,0.0811],"evs":[0.0,-5.89618]},"92s":{"weight":0.0,"played":[0.9288,0.0712],"evs":[0.0,-6.7807]},"93s":{"weight":0.0,"played":[0.9984,0.0016],"evs":[0.0,-3.18703]},"94s":{"weight":0.0,"played":[0.9737,0.0263],"evs":[0.0,-5.63557]},"95s":{"weight":0.0,"played":[1.0,0.0],"evs":[0.0,-2.03038]},"96s":{"weight":0.0,"played":[0.8727,0.1273],"evs":[0.0,-0.29526]},"97s":{"weight":0.0,"played":[0.945,0.055],"evs":[0.0,-3.6006]},"98s":{"weight":0.0,"played":[0.4927,0.5073],"evs":[0.0,-2.31297]},"99":{"weight":0.6737,"played":[0.6599,0.3401],"evs":[0.0,-2.47789]},"T9o":{"weight":0.0,"played":[0.8971,0.1029],"evs":[0.0,-5.13076]},"J9o":{"weight":0.0,"played":[0.9998,2.0E-4],"evs":[0.0,-5.06801]},"Q9o":{"weight":0.0,"played":[0.9917,0.0083],"evs":[0.0,-5.37974]},"K9o":{"weight":0.0,"played":[0.8561,0.1439],"evs":[0.0,-6.28424]},"A9o":{"weight":1.0,"played":[0.9215,0.0785],"evs":[0.0,-4.33911]},"T2s":{"weight":0.0,"played":[0.9975,0.0025],"evs":[0.0,-4.48037]},"T3s":{"weight":0.0,"played":[0.9709,0.0291],"evs":[0.0,-3.54376]},"T4s":{"weight":0.0,"played":[0.9983,0.0017],"evs":[0.0,-6.55357]},"T5s":{"weight":0.0,"played":[0.9905,0.0095],"evs":[0.0,-3.92451]},"T6s":{"weight":0.0,"played":[0.9884,0.0116],"evs":[0.0,-3.70668]},"T7s":{"weight":0.0,"played":[0.6504,0.3496],"evs":[0.0,-1.76828]},"T8s":{"weight":0.0,"played":[0.8669,0.1331],"evs":[0.0,-1.9643]},"T9s":{"weight":0.3146,"played":[0.7124,0.2876],"evs":[0.0,-3.39849]},"TT":{"weight":1.0E-4,"played":[0.5879,0.4121],"evs":[0.0,-1.47267]},"JTo":{"weight":0.0,"played":[0.9934,0.0066],"evs":[0.0,-4.38493]},"QTo":{"weight":0.0,"played":[0.8541,0.1459],"evs":[0.0,-5.16584]},"KTo":{"weight":0.0,"played":[0.9521,0.0479],"evs":[0.0,-6.42231]},"ATo":{"weight":0.8022,"played":[0.8881,0.1119],"evs":[0.0,-5.76702]},"J2s":{"weight":0.0,"played":[0.9647,0.0353],"evs":[0.0,-4.94619]},"J3s":{"weight":0.0,"played":[0.9816,0.0184],"evs":[0.0,-5.94652]},"J4s":{"weight":0.0,"played":[0.9994,6.0E-4],"evs":[0.0,-4.52395]},"J5s":{"weight":0.0,"played":[0.8792,0.1208],"evs":[0.0,-5.58976]},"J6s":{"weight":0.0,"played":[0.9949,0.0051],"evs":[0.0,-3.93843]},"J7s":{"weight":0.0,"played":[0.9821,0.0179],"evs":[0.0,-3.12768]},"J8s":{"weight":0.0,"played":[0.9537,0.0463],"evs":[0.0,-2.21324]},"J9s":{"weight":0.0012,"played":[1.0,0.0],"evs":[0.0,-1.49596]},"JTs":{"weight":0.9981,"played":[0.9736,0.0264],"evs":[0.0,-3.98218]},"JJ":{"weight":0.1646,"played":[3.0E-4,0.9997],"evs":[0.0,3.61747]},"QJo":{"weight":0.0,"played":[0.9142,0.0858],"evs":[0.0,-4.25485]},"KJo":{"weight":0.0046,"played":[0.8786,0.1214],"evs":[0.0,-5.65247]},"AJo":{"weight":0.2163,"played":[0.5378,0.4622],"evs":[0.0,-2.21313]},"Q2s":{"weight":0.0,"played":[0.9819,0.0181],"evs":[0.0,-6.90003]},"Q3s":{"weight":0.0,"played":[0.6476,0.3524],"evs":[0.0,-0.81725]},"Q4s":{"weight":0.0,"played":[1.0,0.0],"evs":[0.0,-0.45675]},"Q5s":{"weight":0.0,"played":[0.9954,0.0046],"evs":[0.0,-5.73311]},"Q6s":{"weight":0.0,"played":[0.404,0.596],"evs":[0.0,-1.44352]},"Q7s":{"weight":0.0,"played":[0.6429,0.3571],"evs":[0.0,-1.22159]},"Q8s":{"weight":0.0,"played":[0.1069,0.8931],"evs":[0.0,0.84499]},"Q9s":{"weight":0.0101,"played":[0.9865,0.0135],"evs":[0.0,-5.67732]},"QTs":{"weight":0.9931,"played":[0.9002,0.0998],"evs":[0.0,-6.14432]},"QJs":{"weight":0.994,"played":[0.6376,0.3624],"evs":[0.0,-2.37363]},"QQ":{"weight":0.3347,"played":[8.0E-4,0.9992],"evs":[0.0,7.76429]},"KQo":{"weight":0.9992,"played":[0.9964,0.0036],"evs":[0.0,-4.77089]},"AQo":{"weight":5.0E-4,"played":[0.7161,0.2839],"evs":[0.0,-3.331]},"K2s":{"weight":0.0,"played":[0.8429,0.1571],"evs":[0.0,-7.8664]},"K3s":{"weight":0.0,"played":[0.5421,0.4579],"evs":[0.0,-3.69167]},"K4s":{"weight":0.0,"played":[0.8684,0.1316],"evs":[0.0,-1.74791]},"K5s":{"weight":0.0,"played":[0.6871,0.3129],"evs":[0.0,-0.94941]},"K6s":{"weight":0.0,"played":[0.6201,0.3799],"evs":[0.0,-1.14533]},"K7s":{"weight":0.0,"played":[0.8094,0.1906],"evs":[0.0,-6.86979]},"K8s":{"weight":0.0,"played":[0.6583,0.3417],"evs":[0.0,-2.10786]},"K9s":{"weight":0.4231,"played":[0.9739,0.0261],"evs":[0.0,-4.14944]},"KTs":{"weight":0.0631,"played":[0.5063,0.4937],"evs":[0.0,-0.34476]},"KJs":{"weight":0.412,"played":[0.8295,0.1705],"evs":[0.0,-7.44803]},"KQs":{"weight":0.9025,"played":[0.2773,0.7227],"evs":[0.0,1.428]},"KK":{"weight":0.988,"played":[2.0E-4,0.9998],"evs":[0.0,12.25279]},"AKo":{"weight":1.0E-4,"played":[0.426,0.574],"evs":[0.0,-1.29376]},"A2s":{"weight":0.223,"played":[0.6981,0.3019],"evs":[0.0,-2.21366]},"A3s":{"weight":0.0391,"played":[0.9678,0.0322],"evs":[0.0,-0.59355]},"A4s":{"weight":0.0042,"played":[0.5819,0.4181],"evs":[0.0,-1.47055]},"A5s":{"weight":0.057,"played":[0.0518,0.9482],"evs":[0.0,3.62984]},"A6s":{"weight":0.3171,"played":[0.9983,0.0017],"evs":[0.0,-8.01483]},"A7s":{"weight":0.0,"played":[0.7202,0.2798],"evs":[0.0,-4.1112]},"A8s":{"weight":0.722,"played":[0.6823,0.3177],"evs":[0.0,-0.27667]},"A9s":{"weight":0.9858,"played":[0.672,0.328],"evs":[0.0,-3.49775]},"ATs":{"weight":0.223,"played":[0.705,0.295],"evs":[0.0,-3.30779]},"AJs":{"weight":0.9596,"played":[0.9382,0.0618],"evs":[0.0,-2.38047]},"AQs":{"weight":0.0769,"played":[0.3909,0.6091],"evs":[0.0,2.84064]},"AKs":{"weight":0.985,"played":[0.0,1.0],"evs":[0.0,1.82446]},"AA":{"weight":1.0,"played":[0.0,1.0],"evs":[0.0,23.38422]}}}