{"player":1,"street":0,"children":2,"sequence":[{"player":0,"type":"F","amount":0,"street":0},{"player":1,"type":"R","amount":200000,"street":0},{"player":2,"type":"R","amount":2385000,"street":0},{"player":3,"type":"F","amount":0,"street":0},{"player":4,"type":"F","amount":0,"street":0},{"player":5,"type":"F","amount":0,"street":0}],"actions":[{"type":"F","amount":0},{"type":"C","amount":1045000}],"hands":{"22":{"weight":0.0,"played":[0.0,1.0],"evs":[0.0,0.7407]},"32o":{"weight":0.0,"played":[1.0,0.0],"evs":[0.0,-2.22385]},"42o":{"weight":0.0,"played":[1.0,0.0],"evs":[0.0,-2.10827]},"52o":{"weight":0.0,"played":[1.0,0.0],"evs":[0.0,-2.04429]},"62o":{"weight":0.0,"played":[1.0,0.0],"evs":[0.0,-2.23492]},"72o":{"weight":0.0,"played":[1.0,0.0],"evs":[0.0,-2.43387]},"82o":{"weight":0.0,"played":[1.0,0.0],"evs":[0.0,-2.22593]},"92o":{"weight":0.0,"played":[1.0,0.0],"evs":[0.0,-2.17751]},"T2o":{"weight":0.0,"played":[1.0,0.0],"evs":[0.0,-2.20563]},"J2o":{"weight":0.0,"played":[1.0,0.0],"evs":[0.0,-2.02471]},"Q2o":{"weight":0.0,"played":[1.0,0.0],"evs":[0.0,-1.86377]},"K2o":{"weight":0.0,"played":[1.0,0.0],"evs":[0.0,-1.72177]},"A2o":{"weight":0.0,"played":[1.0,0.0],"evs":[0.0,-1.19521]},"32s":{"weight":0.0,"played":[1.0,0.0],"evs":[0.0,-1.47482]},"33":{"weight":0.2198,"played":[0.0,1.0],"evs":[0.0,0.9129]},"43o":{"weight":0.0,"played":[1.0,0.0],"evs":[0.0,-1.82562]},"53o":{"weight":0.0,"played":[1.0,0.0],"evs":[0.0,-1.76526]},"63o":{"weight":0.0,"played":[1.0,0.0],"evs":[0.0,-1.94942]},"73o":{"weight":0.0,"played":[1.0,0.0],"evs":[0.0,-2.15807]},"83o":{"weight":0.0,"played":[1.0,0.0],"evs":[0.0,-2.17467]},"93o":{"weight":0.0,"played":[1.0,0.0],"evs":[0.0,-2.08666]},"T3o":{"weight":0.0,"played":[1.0,0.0],"evs":[0.0,-2.11663]},"J3o":{"weight":0.0,"played":[1.0,0.0],"evs":[0.0,-1.94815]},"Q3o":{"weight":0.0,"played":[1.0,0.0],"evs":[0.0,-1.81942]},"K3o":{"weight":0.0,"played":[1.0,0.0],"evs":[0.0,-1.63964]},"A3o":{"weight":0.0,"played":[1.0,0.0],"evs":[0.0,-1.09933]},"42s":{"weight":0.0,"played":[1.0,0.0],"evs":[0.0,-1.41476]},"43s":{"weight":0.0,"played":[1.0,0.0],"evs":[0.0,-1.17112]},"44":{"weight":0.0,"played":[0.0,1.0],"evs":[0.0,1.19457]},"54o":{"weight":0.0,"played":[1.0,0.0],"evs":[0.0,-1.46484]},"64o":{"weight":0.0,"played":[1.0,0.0],"evs":[0.0,-1.6857]},"74o":{"weight":0.0,"played":[1.0,0.0],"evs":[0.0,-1.84911]},"84o":{"weight":0.0,"played":[1.0,0.0],"evs":[0.0,-1.90581]},"94o":{"weight":0.0,"played":[1.0,0.0],"evs":[0.0,-2.06155]},"T4o":{"weight":0.0,"played":[1.0,0.0],"evs":[0.0,-2.02196]},"J4o":{"weight":0.0,"played":[1.0,0.0],"evs":[0.0,-1.86111]},"Q4o":{"weight":0.0,"played":[1.0,0.0],"evs":[0.0,-1.67858]},"K4o":{"weight":0.0,"played":[1.0,0.0],"evs":[0.0,-1.50765]},"A4o":{"weight":0.0,"played":[1.0,0.0],"evs":[0.0,-0.9909]},"52s":{"weight":0.0,"played":[1.0,0.0],"evs":[0.0,-1.32686]},"53s":{"weight":0.0,"played":[1.0,0.0],"evs":[0.0,-1.0611]},"54s":{"weight":0.0,"played":[1.0,0.0],"evs":[0.0,-0.77925]},"55":{"weight":0.0487,"played":[0.0,1.0],"evs":[0.0,1.42724]},"65o":{"weight":0.0,"played":[1.0,0.0],"evs":[0.0,-1.3995]},"75o":{"weight":0.0,"played":[1.0,0.0],"evs":[0.0,-1.56172]},"85o":{"weight":0.0,"played":[1.0,0.0],"evs":[0.0,-1.60545]},"95o":{"weight":0.0,"played":[1.0,0.0],"evs":[0.0,-1.77906]},"T5o":{"weight":0.0,"played":[1.0,0.0],"evs":[0.0,-2.00505]},"J5o":{"weight":0.0,"played":[1.0,0.0],"evs":[0.0,-1.76685]},"Q5o":{"weight":0.0,"played":[1.0,0.0],"evs":[0.0,-1.60451]},"K5o":{"weight":0.0,"played":[1.0,0.0],"evs":[0.0,-1.45647]},"A5o":{"weight":0.0302,"played":[1.0,0.0],"evs":[0.0,-0.79925]},"62s":{"weight":0.0,"played":[1.0,0.0],"evs":[0.0,-1.58336]},"63s":{"weight":0.0,"played":[1.0,0.0],"evs":[0.0,-1.28982]},"64s":{"weight":0.0,"played":[1.0,0.0],"evs":[0.0,-1.00274]},"65s":{"weight":0.0,"played":[1.0,0.0],"evs":[0.0,-0.71671]},"66":{"weight":0.0,"played":[0.0,1.0],"evs":[0.0,1.49242]},"76o":{"weight":0.0,"played":[1.0,0.0],"evs":[0.0,-1.28172]},"86o":{"weight":0.0,"played":[1.0,0.0],"evs":[0.0,-1.31226]},"96o":{"weight":0.0,"played":[1.0,0.0],"evs":[0.0,-1.49956]},"T6o":{"weight":0.0,"played":[1.0,0.0],"evs":[0.0,-1.67566]},"J6o":{"weight":0.0,"played":[1.0,0.0],"evs":[0.0,-1.73749]},"Q6o":{"weight":0.0,"played":[1.0,0.0],"evs":[0.0,-1.50575]},"K6o":{"weight":0.0,"played":[1.0,0.0],"evs":[0.0,-1.33303]},"A6o":{"weight":0.0,"played":[1.0,0.0],"evs":[0.0,-0.87845]},"72s":{"weight":0.0,"played":[1.0,0.0],"evs":[0.0,-1.70968]},"73s":{"weight":0.0,"played":[1.0,0.0],"evs":[0.0,-1.41517]},"74s":{"weight":0.0,"played":[1.0,0.0],"evs":[0.0,-1.19497]},"75s":{"weight":0.0,"played":[1.0,0.0],"evs":[0.0,-0.90071]},"76s":{"weight":0.0,"played":[1.0,0.0],"evs":[0.0,-0.59439]},"77":{"weight":0.0017,"played":[0.0,1.0],"evs":[0.0,1.79339]},"87o":{"weight":0.0,"played":[1.0,0.0],"evs":[0.0,-1.14075]},"97o":{"weight":0.0,"played":[1.0,0.0],"evs":[0.0,-1.30449]},"T7o":{"weight":0.0,"played":[1.0,0.0],"evs":[0.0,-1.4668]},"J7o":{"weight":0.0,"played":[1.0,0.0],"evs":[0.0,-1.53061]},"Q7o":{"weight":0.0,"played":[1.0,0.0],"evs":[0.0,-1.56232]},"K7o":{"weight":0.0,"played":[1.0,0.0],"evs":[0.0,-1.34088]},"A7o":{"weight":0.1366,"played":[1.0,0.0],"evs":[0.0,-0.59137]},"82s":{"weight":0.0,"played":[1.0,0.0],"evs":[0.0,-1.46515]},"83s":{"weight":0.0,"played":[1.0,0.0],"evs":[0.0,-1.47529]},"84s":{"weight":0.0,"played":[1.0,0.0],"evs":[0.0,-1.21449]},"85s":{"weight":0.0,"played":[1.0,0.0],"evs":[0.0,-0.91812]},"86s":{"weight":0.0,"played":[1.0,0.0],"evs":[0.0,-0.65865]},"87s":{"weight":0.0,"played":[1.0,0.0],"evs":[0.0,-0.4942]},"88":{"weight":0.0018,"played":[0.0,1.0],"evs":[0.0,2.30868]},"98o":{"weight":0.0,"played":[1.0,0.0],"evs":[0.0,-0.985]},"T8o":{"weight":0.0,"played":[1.0,0.0],"evs":[0.0,-1.07135]},"J8o":{"weight":0.0,"played":[1.0,0.0],"evs":[0.0,-1.14072]},"Q8o":{"weight":0.0,"played":[1.0,0.0],"evs":[0.0,-1.16568]},"K8o":{"weight":0.0,"played":[1.0,0.0],"evs":[0.0,-1.21739]},"A8o":{"weight":0.541,"played":[0.9998,2.0E-4],"evs":[0.0,-0.20301]},"92s":{"weight":0.0,"played":[1.0,0.0],"evs":[0.0,-1.47754]},"93s":{"weight":0.0,"played":[1.0,0.0],"evs":[0.0,-1.44484]},"94s":{"weight":0.0,"played":[1.0,0.0],"evs":[0.0,-1.34486]},"95s":{"weight":0.0,"played":[1.0,0.0],"evs":[0.0,-1.08922]},"96s":{"weight":0.0,"played":[1.0,0.0],"evs":[0.0,-0.82194]},"97s":{"weight":0.0,"played":[1.0,0.0],"evs":[0.0,-0.61814]},"98s":{"weight":0.0,"played":[0.9999,1.0E-4],"evs":[0.0,-0.40309]},"99":{"weight":0.0,"played":[0.0,1.0],"evs":[0.0,2.56154]},"T9o":{"weight":0.0,"played":[1.0,0.0],"evs":[0.0,-0.83566]},"J9o":{"weight":0.0,"played":[1.0,0.0],"evs":[0.0,-0.88061]},"Q9o":{"weight":0.0,"played":[1.0,0.0],"evs":[0.0,-0.92048]},"K9o":{"weight":0.0,"played":[1.0,0.0],"evs":[0.0,-0.99911]},"A9o":{"weight":0.1097,"played":[0.5896,0.4104],"evs":[0.0,-0.0423]},"T2s":{"weight":0.0,"played":[1.0,0.0],"evs":[0.0,-1.49796]},"T3s":{"weight":0.0,"played":[1.0,0.0],"evs":[0.0,-1.37757]},"T4s":{"weight":0.0,"played":[1.0,0.0],"evs":[0.0,-1.34092]},"T5s":{"weight":0.0,"played":[1.0,0.0],"evs":[0.0,-1.27166]},"T6s":{"weight":0.0,"played":[1.0,0.0],"evs":[0.0,-0.94288]},"T7s":{"weight":0.0,"played":[1.0,0.0],"evs":[0.0,-0.81012]},"T8s":{"weight":0.0,"played":[1.0,0.0],"evs":[0.0,-0.44265]},"T9s":{"weight":0.2385,"played":[0.9997,3.0E-4],"evs":[0.0,-0.20464]},"TT":{"weight":0.001,"played":[0.0,1.0],"evs":[0.0,3.44323]},"JTo":{"weight":0.0,"played":[1.0,0.0],"evs":[0.0,-0.66215]},"QTo":{"weight":0.0,"played":[1.0,0.0],"evs":[0.0,-0.69418]},"KTo":{"weight":0.032,"played":[1.0,0.0],"evs":[0.0,-0.59127]},"ATo":{"weight":0.0,"played":[0.0,1.0],"evs":[0.0,0.59305]},"J2s":{"weight":0.0,"played":[1.0,0.0],"evs":[0.0,-1.31022]},"J3s":{"weight":0.0,"played":[1.0,0.0],"evs":[0.0,-1.24625]},"J4s":{"weight":0.0,"played":[1.0,0.0],"evs":[0.0,-1.18647]},"J5s":{"weight":0.0,"played":[1.0,0.0],"evs":[0.0,-1.10585]},"J6s":{"weight":0.0,"played":[1.0,0.0],"evs":[0.0,-1.04952]},"J7s":{"weight":0.0,"played":[1.0,0.0],"evs":[0.0,-0.86235]},"J8s":{"weight":0.0,"played":[1.0,0.0],"evs":[0.0,-0.49391]},"J9s":{"weight":0.0,"played":[0.9998,2.0E-4],"evs":[0.0,-0.26819]},"JTs":{"weight":0.9979,"played":[0.3558,0.6442],"evs":[0.0,-0.0104]},"JJ":{"weight":0.0793,"played":[0.0,1.0],"evs":[0.0,4.57693]},"QJo":{"weight":0.0924,"played":[1.0,0.0],"evs":[0.0,-0.52035]},"KJo":{"weight":0.2323,"played":[1.0,0.0],"evs":[0.0,-0.28509]},"AJo":{"weight":0.0,"played":[0.0,1.0],"evs":[0.0,1.47543]},"Q2s":{"weight":0.0,"played":[1.0,0.0],"evs":[0.0,-1.17373]},"Q3s":{"weight":0.0,"played":[1.0,0.0],"evs":[0.0,-1.09764]},"Q4s":{"weight":0.0,"played":[1.0,0.0],"evs":[0.0,-1.01648]},"Q5s":{"weight":0.0,"played":[1.0,0.0],"evs":[0.0,-0.91033]},"Q6s":{"weight":0.0,"played":[1.0,0.0],"evs":[0.0,-0.81374]},"Q7s":{"weight":0.0,"played":[1.0,0.0],"evs":[0.0,-0.86647]},"Q8s":{"weight":0.0,"played":[1.0,0.0],"evs":[0.0,-0.47796]},"Q9s":{"weight":0.1716,"played":[1.0,0.0],"evs":[0.0,-0.25528]},"QTs":{"weight":0.2203,"played":[0.6857,0.3143],"evs":[0.0,-0.00417]},"QJs":{"weight":3.0E-4,"played":[0.0,1.0],"evs":[0.0,0.1438]},"QQ":{"weight":0.2614,"played":[0.0,1.0],"evs":[0.0,5.6614]},"KQo":{"weight":0.0,"played":[0.3112,0.6888],"evs":[0.0,-0.01917]},"AQo":{"weight":0.0,"played":[0.0,1.0],"evs":[0.0,2.85552]},"K2s":{"weight":0.0,"played":[1.0,0.0],"evs":[0.0,-0.9975]},"K3s":{"weight":0.0,"played":[1.0,0.0],"evs":[0.0,-0.88859]},"K4s":{"weight":0.0,"played":[1.0,0.0],"evs":[0.0,-0.79766]},"K5s":{"weight":0.0,"played":[1.0,0.0],"evs":[0.0,-0.75627]},"K6s":{"weight":0.0,"played":[1.0,0.0],"evs":[0.0,-0.61911]},"K7s":{"weight":0.0,"played":[1.0,0.0],"evs":[0.0,-0.66284]},"K8s":{"weight":0.0,"played":[1.0,0.0],"evs":[0.0,-0.52777]},"K9s":{"weight":0.9998,"played":[1.0,0.0],"evs":[0.0,-0.32468]},"KTs":{"weight":0.0059,"played":[0.0738,0.9262],"evs":[0.0,0.08009]},"KJs":{"weight":0.0033,"played":[0.0,1.0],"evs":[0.0,0.33407]},"KQs":{"weight":1.0E-4,"played":[0.0,1.0],"evs":[0.0,0.56953]},"KK":{"weight":1.0,"played":[0.0,1.0],"evs":[0.0,6.36427]},"AKo":{"weight":0.0,"played":[0.0,1.0],"evs":[0.0,4.32464]},"A2s":{"weight":0.8988,"played":[1.0,0.0],"evs":[0.0,-0.4833]},"A3s":{"weight":0.2765,"played":[0.9995,5.0E-4],"evs":[0.0,-0.37915]},"A4s":{"weight":0.0,"played":[0.999,0.001],"evs":[0.0,-0.27214]},"A5s":{"weight":0.0,"played":[0.8981,0.1019],"evs":[0.0,-0.13343]},"A6s":{"weight":0.0449,"played":[0.9966,0.0034],"evs":[0.0,-0.23604]},"A7s":{"weight":0.1457,"played":[1.0E-4,0.9999],"evs":[0.0,0.08901]},"A8s":{"weight":4.0E-4,"played":[0.0,1.0],"evs":[0.0,0.43235]},"A9s":{"weight":0.1152,"played":[0.0,1.0],"evs":[0.0,0.60449]},"ATs":{"weight":0.4984,"played":[0.0,1.0],"evs":[0.0,1.11756]},"AJs":{"weight":0.0,"played":[0.0,1.0],"evs":[0.0,2.00657]},"AQs":{"weight":0.0,"played":[0.0,1.0],"evs":[0.0,3.29111]},"AKs":{"weight":0.0256,"played":[0.0,1.0],"evs":[0.0,4.68174]},"AA":{"weight":1.0,"played":[0.0,1.0],"evs":[0.0,8.95779]}}}