{"player":1,"street":0,"children":2,"sequence":[{"player":0,"type":"F","amount":0,"street":0},{"player":1,"type":"R","amount":200000,"street":0},{"player":2,"type":"R","amount":2385000,"street":0},{"player":3,"type":"F","amount":0,"street":0},{"player":4,"type":"C","amount":1935000,"street":0},{"player":5,"type":"F","amount":0,"street":0}],"actions":[{"type":"F","amount":0},{"type":"C","amount":1045000}],"hands":{"22":{"weight":0.0,"played":[1.0,0.0],"evs":[0.0,-0.78611]},"32o":{"weight":0.0,"played":[1.0,0.0],"evs":[0.0,-2.83812]},"42o":{"weight":0.0,"played":[1.0,0.0],"evs":[0.0,-2.63778]},"52o":{"weight":0.0,"played":[1.0,0.0],"evs":[0.0,-2.54745]},"62o":{"weight":0.0,"played":[1.0,0.0],"evs":[0.0,-2.8137]},"72o":{"weight":0.0,"played":[1.0,0.0],"evs":[0.0,-3.2535]},"82o":{"weight":0.0,"played":[1.0,0.0],"evs":[0.0,-3.01285]},"92o":{"weight":0.0,"played":[1.0,0.0],"evs":[0.0,-2.9763]},"T2o":{"weight":0.0,"played":[1.0,0.0],"evs":[0.0,-2.86469]},"J2o":{"weight":0.0,"played":[1.0,0.0],"evs":[0.0,-2.73063]},"Q2o":{"weight":0.0,"played":[1.0,0.0],"evs":[0.0,-2.83009]},"K2o":{"weight":0.0,"played":[1.0,0.0],"evs":[0.0,-2.32859]},"A2o":{"weight":0.0,"played":[1.0,0.0],"evs":[0.0,-3.26101]},"32s":{"weight":0.0,"played":[0.9999,1.0E-4],"evs":[0.0,-1.84216]},"33":{"weight":0.2198,"played":[0.9999,1.0E-4],"evs":[0.0,-0.7789]},"43o":{"weight":0.0,"played":[1.0,0.0],"evs":[0.0,-2.12498]},"53o":{"weight":0.0,"played":[1.0,0.0],"evs":[0.0,-2.11162]},"63o":{"weight":0.0,"played":[1.0,0.0],"evs":[0.0,-2.43003]},"73o":{"weight":0.0,"played":[1.0,0.0],"evs":[0.0,-2.6784]},"83o":{"weight":0.0,"played":[1.0,0.0],"evs":[0.0,-3.04963]},"93o":{"weight":0.0,"played":[1.0,0.0],"evs":[0.0,-3.02599]},"T3o":{"weight":0.0,"played":[1.0,0.0],"evs":[0.0,-2.75822]},"J3o":{"weight":0.0,"played":[1.0,0.0],"evs":[0.0,-2.60284]},"Q3o":{"weight":0.0,"played":[1.0,0.0],"evs":[0.0,-2.73817]},"K3o":{"weight":0.0,"played":[1.0,0.0],"evs":[0.0,-2.28914]},"A3o":{"weight":0.0,"played":[1.0,0.0],"evs":[0.0,-3.11001]},"42s":{"weight":0.0,"played":[0.9999,1.0E-4],"evs":[0.0,-1.55246]},"43s":{"weight":0.0,"played":[0.9999,1.0E-4],"evs":[0.0,-1.19358]},"44":{"weight":0.0,"played":[0.9974,0.0026],"evs":[0.0,-0.62189]},"54o":{"weight":0.0,"played":[1.0,0.0],"evs":[0.0,-1.70806]},"64o":{"weight":0.0,"played":[1.0,0.0],"evs":[0.0,-1.95264]},"74o":{"weight":0.0,"played":[1.0,0.0],"evs":[0.0,-2.33132]},"84o":{"weight":0.0,"played":[1.0,0.0],"evs":[0.0,-2.6329]},"94o":{"weight":0.0,"played":[1.0,0.0],"evs":[0.0,-2.79855]},"T4o":{"weight":0.0,"played":[1.0,0.0],"evs":[0.0,-2.6691]},"J4o":{"weight":0.0,"played":[1.0,0.0],"evs":[0.0,-2.53513]},"Q4o":{"weight":0.0,"played":[1.0,0.0],"evs":[0.0,-2.55415]},"K4o":{"weight":0.0,"played":[1.0,0.0],"evs":[0.0,-2.12467]},"A4o":{"weight":0.0,"played":[0.9999,1.0E-4],"evs":[0.0,-3.00826]},"52s":{"weight":0.0,"played":[0.9999,1.0E-4],"evs":[0.0,-1.54643]},"53s":{"weight":0.0,"played":[0.9993,7.0E-4],"evs":[0.0,-1.13155]},"54s":{"weight":0.0,"played":[0.9995,5.0E-4],"evs":[0.0,-0.6689]},"55":{"weight":0.0487,"played":[0.9996,4.0E-4],"evs":[0.0,-0.45166]},"65o":{"weight":0.0,"played":[1.0,0.0],"evs":[0.0,-1.69442]},"75o":{"weight":0.0,"played":[1.0,0.0],"evs":[0.0,-2.01847]},"85o":{"weight":0.0,"played":[1.0,0.0],"evs":[0.0,-2.2238]},"95o":{"weight":0.0,"played":[1.0,0.0],"evs":[0.0,-2.36373]},"T5o":{"weight":0.0,"played":[1.0,0.0],"evs":[0.0,-2.61457]},"J5o":{"weight":0.0,"played":[1.0,0.0],"evs":[0.0,-2.43295]},"Q5o":{"weight":0.0,"played":[1.0,0.0],"evs":[0.0,-2.29783]},"K5o":{"weight":0.0,"played":[1.0,0.0],"evs":[0.0,-2.14765]},"A5o":{"weight":0.0302,"played":[1.0,0.0],"evs":[0.0,-2.68634]},"62s":{"weight":0.0,"played":[1.0,0.0],"evs":[0.0,-1.75337]},"63s":{"weight":0.0,"played":[1.0,0.0],"evs":[0.0,-1.37987]},"64s":{"weight":0.0,"played":[0.9958,0.0042],"evs":[0.0,-1.06272]},"65s":{"weight":0.0,"played":[0.9964,0.0036],"evs":[0.0,-0.643]},"66":{"weight":0.0,"played":[0.9688,0.0312],"evs":[0.0,-0.19429]},"76o":{"weight":0.0,"played":[1.0,0.0],"evs":[0.0,-1.62542]},"86o":{"weight":0.0,"played":[1.0,0.0],"evs":[0.0,-1.85067]},"96o":{"weight":0.0,"played":[0.9999,1.0E-4],"evs":[0.0,-2.14188]},"T6o":{"weight":0.0,"played":[1.0,0.0],"evs":[0.0,-2.27809]},"J6o":{"weight":0.0,"played":[1.0,0.0],"evs":[0.0,-2.51411]},"Q6o":{"weight":0.0,"played":[1.0,0.0],"evs":[0.0,-2.46953]},"K6o":{"weight":0.0,"played":[0.9999,1.0E-4],"evs":[0.0,-2.00715]},"A6o":{"weight":0.0,"played":[1.0,0.0],"evs":[0.0,-3.19171]},"72s":{"weight":0.0,"played":[1.0,0.0],"evs":[0.0,-2.25675]},"73s":{"weight":0.0,"played":[1.0,0.0],"evs":[0.0,-1.77885]},"74s":{"weight":0.0,"played":[1.0,0.0],"evs":[0.0,-1.43296]},"75s":{"weight":0.0,"played":[0.9999,1.0E-4],"evs":[0.0,-0.9772]},"76s":{"weight":0.0,"played":[0.9998,2.0E-4],"evs":[0.0,-0.78823]},"77":{"weight":0.0017,"played":[0.9991,9.0E-4],"evs":[0.0,-0.12742]},"87o":{"weight":0.0,"played":[0.9999,1.0E-4],"evs":[0.0,-1.69472]},"97o":{"weight":0.0,"played":[1.0,0.0],"evs":[0.0,-1.84792]},"T7o":{"weight":0.0,"played":[1.0,0.0],"evs":[0.0,-2.06495]},"J7o":{"weight":0.0,"played":[1.0,0.0],"evs":[0.0,-2.09942]},"Q7o":{"weight":0.0,"played":[1.0,0.0],"evs":[0.0,-2.50685]},"K7o":{"weight":0.0,"played":[0.9999,1.0E-4],"evs":[0.0,-1.82597]},"A7o":{"weight":0.1366,"played":[1.0,0.0],"evs":[0.0,-3.08352]},"82s":{"weight":0.0,"played":[0.9998,2.0E-4],"evs":[0.0,-2.05307]},"83s":{"weight":0.0,"played":[0.9999,1.0E-4],"evs":[0.0,-2.03851]},"84s":{"weight":0.0,"played":[0.9999,1.0E-4],"evs":[0.0,-1.7188]},"85s":{"weight":0.0,"played":[0.9996,4.0E-4],"evs":[0.0,-1.20438]},"86s":{"weight":0.0,"played":[0.999,0.001],"evs":[0.0,-0.73767]},"87s":{"weight":0.0,"played":[0.9994,6.0E-4],"evs":[0.0,-0.5206]},"88":{"weight":0.0018,"played":[3.0E-4,0.9997],"evs":[0.0,0.3984]},"98o":{"weight":0.0,"played":[1.0,0.0],"evs":[0.0,-1.67781]},"T8o":{"weight":0.0,"played":[1.0,0.0],"evs":[0.0,-1.67905]},"J8o":{"weight":0.0,"played":[0.9999,1.0E-4],"evs":[0.0,-1.76755]},"Q8o":{"weight":0.0,"played":[1.0,0.0],"evs":[0.0,-2.16242]},"K8o":{"weight":0.0,"played":[1.0,0.0],"evs":[0.0,-1.84186]},"A8o":{"weight":0.541,"played":[0.9999,1.0E-4],"evs":[0.0,-3.01374]},"92s":{"weight":0.0,"played":[1.0,0.0],"evs":[0.0,-1.80796]},"93s":{"weight":0.0,"played":[1.0,0.0],"evs":[0.0,-1.85464]},"94s":{"weight":0.0,"played":[0.9998,2.0E-4],"evs":[0.0,-1.92238]},"95s":{"weight":0.0,"played":[0.9999,1.0E-4],"evs":[0.0,-1.45774]},"96s":{"weight":0.0,"played":[1.0,0.0],"evs":[0.0,-1.07502]},"97s":{"weight":0.0,"played":[0.9994,6.0E-4],"evs":[0.0,-0.83359]},"98s":{"weight":0.0,"played":[0.9901,0.0099],"evs":[0.0,-0.4815]},"99":{"weight":0.0,"played":[0.0,1.0],"evs":[0.0,1.01735]},"T9o":{"weight":0.0,"played":[0.9999,1.0E-4],"evs":[0.0,-1.32428]},"J9o":{"weight":0.0,"played":[1.0,0.0],"evs":[0.0,-1.3783]},"Q9o":{"weight":0.0,"played":[0.9999,1.0E-4],"evs":[0.0,-1.74817]},"K9o":{"weight":0.0,"played":[1.0,0.0],"evs":[0.0,-1.56275]},"A9o":{"weight":0.1097,"played":[0.9999,1.0E-4],"evs":[0.0,-2.7353]},"T2s":{"weight":0.0,"played":[1.0,0.0],"evs":[0.0,-1.75991]},"T3s":{"weight":0.0,"played":[1.0,0.0],"evs":[0.0,-1.77797]},"T4s":{"weight":0.0,"played":[1.0,0.0],"evs":[0.0,-1.462]},"T5s":{"weight":0.0,"played":[0.9999,1.0E-4],"evs":[0.0,-1.6412]},"T6s":{"weight":0.0,"played":[0.9999,1.0E-4],"evs":[0.0,-1.21928]},"T7s":{"weight":0.0,"played":[0.9999,1.0E-4],"evs":[0.0,-1.02258]},"T8s":{"weight":0.0,"played":[0.9988,0.0012],"evs":[0.0,-0.63414]},"T9s":{"weight":0.2385,"played":[0.9854,0.0146],"evs":[0.0,-0.27356]},"TT":{"weight":0.001,"played":[0.0,1.0],"evs":[0.0,2.26332]},"JTo":{"weight":0.0,"played":[0.9998,2.0E-4],"evs":[0.0,-0.86492]},"QTo":{"weight":0.0,"played":[0.9995,5.0E-4],"evs":[0.0,-1.32807]},"KTo":{"weight":0.032,"played":[0.9999,1.0E-4],"evs":[0.0,-0.99484]},"ATo":{"weight":0.0,"played":[0.9997,3.0E-4],"evs":[0.0,-2.13709]},"J2s":{"weight":0.0,"played":[1.0,0.0],"evs":[0.0,-1.80028]},"J3s":{"weight":0.0,"played":[1.0,0.0],"evs":[0.0,-1.46588]},"J4s":{"weight":0.0,"played":[0.9999,1.0E-4],"evs":[0.0,-1.47415]},"J5s":{"weight":0.0,"played":[0.9992,8.0E-4],"evs":[0.0,-1.34653]},"J6s":{"weight":0.0,"played":[1.0,0.0],"evs":[0.0,-1.41923]},"J7s":{"weight":0.0,"played":[0.9984,0.0016],"evs":[0.0,-0.95092]},"J8s":{"weight":0.0,"played":[0.9987,0.0013],"evs":[0.0,-0.88841]},"J9s":{"weight":0.0,"played":[0.9804,0.0196],"evs":[0.0,-0.37478]},"JTs":{"weight":0.9979,"played":[0.1733,0.8267],"evs":[0.0,0.05642]},"JJ":{"weight":0.0793,"played":[0.0,1.0],"evs":[0.0,3.6653]},"QJo":{"weight":0.0924,"played":[0.9999,1.0E-4],"evs":[0.0,-1.04953]},"KJo":{"weight":0.2323,"played":[0.9998,2.0E-4],"evs":[0.0,-0.88492]},"AJo":{"weight":0.0,"played":[0.9994,6.0E-4],"evs":[0.0,-1.52304]},"Q2s":{"weight":0.0,"played":[0.9999,1.0E-4],"evs":[0.0,-1.70516]},"Q3s":{"weight":0.0,"played":[0.9991,9.0E-4],"evs":[0.0,-1.64462]},"Q4s":{"weight":0.0,"played":[1.0,0.0],"evs":[0.0,-1.6342]},"Q5s":{"weight":0.0,"played":[1.0,0.0],"evs":[0.0,-1.41624]},"Q6s":{"weight":0.0,"played":[0.9996,4.0E-4],"evs":[0.0,-1.23636]},"Q7s":{"weight":0.0,"played":[1.0,0.0],"evs":[0.0,-1.53786]},"Q8s":{"weight":0.0,"played":[0.9999,1.0E-4],"evs":[0.0,-1.30939]},"Q9s":{"weight":0.1716,"played":[0.9994,6.0E-4],"evs":[0.0,-0.97327]},"QTs":{"weight":0.2203,"played":[0.9186,0.0814],"evs":[0.0,-0.1494]},"QJs":{"weight":3.0E-4,"played":[0.9867,0.0133],"evs":[0.0,-0.2135]},"QQ":{"weight":0.2614,"played":[0.0,1.0],"evs":[0.0,5.61083]},"KQo":{"weight":0.0,"played":[0.9998,2.0E-4],"evs":[0.0,-0.9564]},"AQo":{"weight":0.0,"played":[0.9902,0.0098],"evs":[0.0,-0.47148]},"K2s":{"weight":0.0,"played":[1.0,0.0],"evs":[0.0,-1.34422]},"K3s":{"weight":0.0,"played":[0.9996,4.0E-4],"evs":[0.0,-1.24126]},"K4s":{"weight":0.0,"played":[1.0,0.0],"evs":[0.0,-1.13407]},"K5s":{"weight":0.0,"played":[1.0,0.0],"evs":[0.0,-1.19426]},"K6s":{"weight":0.0,"played":[0.9999,1.0E-4],"evs":[0.0,-1.01308]},"K7s":{"weight":0.0,"played":[0.9996,4.0E-4],"evs":[0.0,-0.918]},"K8s":{"weight":0.0,"played":[0.9983,0.0017],"evs":[0.0,-1.01047]},"K9s":{"weight":0.9998,"played":[0.9997,3.0E-4],"evs":[0.0,-0.39011]},"KTs":{"weight":0.0059,"played":[0.7515,0.2485],"evs":[0.0,-0.17194]},"KJs":{"weight":0.0033,"played":[0.2447,0.7553],"evs":[0.0,0.01479]},"KQs":{"weight":1.0E-4,"played":[0.1469,0.8531],"evs":[0.0,0.07443]},"KK":{"weight":1.0,"played":[0.0,1.0],"evs":[0.0,8.23239]},"AKo":{"weight":0.0,"played":[0.0,1.0],"evs":[0.0,1.70834]},"A2s":{"weight":0.8988,"played":[1.0,0.0],"evs":[0.0,-2.0632]},"A3s":{"weight":0.2765,"played":[0.9999,1.0E-4],"evs":[0.0,-1.95494]},"A4s":{"weight":0.0,"played":[0.9995,5.0E-4],"evs":[0.0,-1.75201]},"A5s":{"weight":0.0,"played":[1.0,0.0],"evs":[0.0,-1.39348]},"A6s":{"weight":0.0449,"played":[1.0,0.0],"evs":[0.0,-1.92244]},"A7s":{"weight":0.1457,"played":[0.9998,2.0E-4],"evs":[0.0,-1.84713]},"A8s":{"weight":4.0E-4,"played":[0.9998,2.0E-4],"evs":[0.0,-2.11297]},"A9s":{"weight":0.1152,"played":[0.9997,3.0E-4],"evs":[0.0,-1.5718]},"ATs":{"weight":0.4984,"played":[0.9989,0.0011],"evs":[0.0,-1.13852]},"AJs":{"weight":0.0,"played":[0.9432,0.0568],"evs":[0.0,-0.64741]},"AQs":{"weight":0.0,"played":[0.0,1.0],"evs":[0.0,0.83769]},"AKs":{"weight":0.0256,"played":[0.0,1.0],"evs":[0.0,2.70609]},"AA":{"weight":1.0,"played":[0.0,1.0],"evs":[0.0,12.03227]}}}