{"player":5,"street":0,"children":2,"sequence":[{"player":0,"type":"F","amount":0,"street":0},{"player":1,"type":"R","amount":200000,"street":0},{"player":2,"type":"R","amount":2385000,"street":0},{"player":3,"type":"C","amount":2385000,"street":0},{"player":4,"type":"C","amount":1935000,"street":0}],"actions":[{"type":"F","amount":0,"node":195},{"type":"C","amount":1285000,"node":196}],"hands":{"22":{"weight":1.0,"played":[0.8526,0.1474],"evs":[0.0,-1.39238]},"32o":{"weight":1.0,"played":[0.9968,0.0032],"evs":[0.0,-2.19776]},"42o":{"weight":1.0,"played":[0.9507,0.0493],"evs":[0.0,-4.25401]},"52o":{"weight":1.0,"played":[0.9,0.1],"evs":[0.0,-5.03299]},"62o":{"weight":1.0,"played":[0.8334,0.1666],"evs":[0.0,1.14297]},"72o":{"weight":1.0,"played":[0.8662,0.1338],"evs":[0.0,-3.45954]},"82o":{"weight":1.0,"played":[0.9881,0.0119],"evs":[0.0,-2.90068]},"92o":{"weight":1.0,"played":[0.9973,0.0027],"evs":[0.0,-3.36768]},"T2o":{"weight":1.0,"played":[0.8086,0.1914],"evs":[0.0,-3.67139]},"J2o":{"weight":1.0,"played":[0.9982,0.0018],"evs":[0.0,-5.57129]},"Q2o":{"weight":1.0,"played":[0.9842,0.0158],"evs":[0.0,-4.6268]},"K2o":{"weight":1.0,"played":[0.999,0.001],"evs":[0.0,-5.15948]},"A2o":{"weight":1.0,"played":[0.9804,0.0196],"evs":[0.0,-7.75365]},"32s":{"weight":1.0,"played":[1.0,0.0],"evs":[0.0,-4.47339]},"33":{"weight":1.0,"played":[0.3589,0.6411],"evs":[0.0,-1.0346]},"43o":{"weight":1.0,"played":[0.9886,0.0114],"evs":[0.0,-3.86824]},"53o":{"weight":1.0,"played":[0.9831,0.0169],"evs":[0.0,-1.23745]},"63o":{"weight":1.0,"played":[0.9855,0.0145],"evs":[0.0,-3.68185]},"73o":{"weight":1.0,"played":[1.0,0.0],"evs":[0.0,-3.2815]},"83o":{"weight":1.0,"played":[0.9907,0.0093],"evs":[0.0,-4.76534]},"93o":{"weight":1.0,"played":[0.9979,0.0021],"evs":[0.0,-5.68231]},"T3o":{"weight":1.0,"played":[0.9566,0.0434],"evs":[0.0,-5.46998]},"J3o":{"weight":1.0,"played":[1.0,0.0],"evs":[0.0,-4.25054]},"Q3o":{"weight":1.0,"played":[0.9734,0.0266],"evs":[0.0,-5.37664]},"K3o":{"weight":1.0,"played":[0.9761,0.0239],"evs":[0.0,-5.86045]},"A3o":{"weight":1.0,"played":[0.9772,0.0228],"evs":[0.0,-5.06089]},"42s":{"weight":1.0,"played":[0.7102,0.2898],"evs":[0.0,-1.43247]},"43s":{"weight":1.0,"played":[0.5927,0.4073],"evs":[0.0,-1.40969]},"44":{"weight":1.0,"played":[0.2439,0.7561],"evs":[0.0,-1.11369]},"54o":{"weight":1.0,"played":[0.9991,9.0E-4],"evs":[0.0,-3.52377]},"64o":{"weight":1.0,"played":[0.8591,0.1409],"evs":[0.0,-1.90748]},"74o":{"weight":1.0,"played":[0.9562,0.0438],"evs":[0.0,-2.44317]},"84o":{"weight":1.0,"played":[0.9161,0.0839],"evs":[0.0,-3.65449]},"94o":{"weight":1.0,"played":[0.985,0.015],"evs":[0.0,-4.53362]},"T4o":{"weight":1.0,"played":[0.994,0.006],"evs":[0.0,-3.90775]},"J4o":{"weight":1.0,"played":[0.9884,0.0116],"evs":[0.0,-4.66109]},"Q4o":{"weight":1.0,"played":[0.9612,0.0388],"evs":[0.0,-2.35958]},"K4o":{"weight":1.0,"played":[1.0,0.0],"evs":[0.0,-2.17711]},"A4o":{"weight":1.0,"played":[0.9518,0.0482],"evs":[0.0,-4.83105]},"52s":{"weight":1.0,"played":[0.8533,0.1467],"evs":[0.0,-2.5846]},"53s":{"weight":1.0,"played":[0.9296,0.0704],"evs":[0.0,-4.89346]},"54s":{"weight":1.0,"played":[0.9996,4.0E-4],"evs":[0.0,-6.41651]},"55":{"weight":1.0,"played":[0.8457,0.1543],"evs":[0.0,-1.05612]},"65o":{"weight":1.0,"played":[0.9598,0.0402],"evs":[0.0,-2.88435]},"75o":{"weight":1.0,"played":[0.7842,0.2158],"evs":[0.0,-3.84213]},"85o":{"weight":1.0,"played":[0.7525,0.2475],"evs":[0.0,-1.88012]},"95o":{"weight":1.0,"played":[0.7811,0.2189],"evs":[0.0,-2.60694]},"T5o":{"weight":1.0,"played":[0.8797,0.1203],"evs":[0.0,-3.37198]},"J5o":{"weight":1.0,"played":[0.9528,0.0472],"evs":[0.0,-3.64922]},"Q5o":{"weight":1.0,"played":[0.9991,9.0E-4],"evs":[0.0,-2.43274]},"K5o":{"weight":1.0,"played":[0.9783,0.0217],"evs":[0.0,-2.83204]},"A5o":{"weight":1.0,"played":[1.0,0.0],"evs":[0.0,-1.06728]},"62s":{"weight":1.0,"played":[0.6559,0.3441],"evs":[0.0,2.81014]},"63s":{"weight":1.0,"played":[0.8986,0.1014],"evs":[0.0,-2.47465]},"64s":{"weight":1.0,"played":[0.7712,0.2288],"evs":[0.0,-1.32693]},"65s":{"weight":1.0,"played":[0.388,0.612],"evs":[0.0,-0.82056]},"66":{"weight":1.0,"played":[0.9819,0.0181],"evs":[0.0,-2.65294]},"76o":{"weight":1.0,"played":[0.726,0.274],"evs":[0.0,-0.32345]},"86o":{"weight":1.0,"played":[0.8252,0.1748],"evs":[0.0,-2.23964]},"96o":{"weight":1.0,"played":[0.9981,0.0019],"evs":[0.0,-3.37954]},"T6o":{"weight":1.0,"played":[0.999,0.001],"evs":[0.0,-6.15382]},"J6o":{"weight":1.0,"played":[0.988,0.012],"evs":[0.0,-4.54174]},"Q6o":{"weight":1.0,"played":[0.9996,4.0E-4],"evs":[0.0,-5.66859]},"K6o":{"weight":1.0,"played":[1.0,0.0],"evs":[0.0,-5.54546]},"A6o":{"weight":1.0,"played":[0.9943,0.0057],"evs":[0.0,-6.32833]},"72s":{"weight":1.0,"played":[0.6976,0.3024],"evs":[0.0,-2.5577]},"73s":{"weight":1.0,"played":[0.9102,0.0898],"evs":[0.0,-2.11408]},"74s":{"weight":1.0,"played":[0.7875,0.2125],"evs":[0.0,-5.324]},"75s":{"weight":1.0,"played":[0.6499,0.3501],"evs":[0.0,-0.69154]},"76s":{"weight":1.0,"played":[0.2771,0.7229],"evs":[0.0,1.22124]},"77":{"weight":1.0,"played":[0.7731,0.2269],"evs":[0.0,-3.38656]},"87o":{"weight":1.0,"played":[0.884,0.116],"evs":[0.0,-2.69497]},"97o":{"weight":1.0,"played":[0.995,0.005],"evs":[0.0,-4.8615]},"T7o":{"weight":1.0,"played":[0.9855,0.0145],"evs":[0.0,-4.72344]},"J7o":{"weight":1.0,"played":[0.9546,0.0454],"evs":[0.0,-5.35278]},"Q7o":{"weight":1.0,"played":[0.9823,0.0177],"evs":[0.0,-5.85107]},"K7o":{"weight":1.0,"played":[0.9475,0.0525],"evs":[0.0,-5.26237]},"A7o":{"weight":1.0,"played":[0.9897,0.0103],"evs":[0.0,-6.33032]},"82s":{"weight":1.0,"played":[0.9139,0.0861],"evs":[0.0,-4.6645]},"83s":{"weight":1.0,"played":[0.9526,0.0474],"evs":[0.0,-7.03671]},"84s":{"weight":1.0,"played":[0.8836,0.1164],"evs":[0.0,-1.01243]},"85s":{"weight":1.0,"played":[0.9579,0.0421],"evs":[0.0,-6.85471]},"86s":{"weight":1.0,"played":[0.8036,0.1964],"evs":[0.0,-3.51576]},"87s":{"weight":1.0,"played":[0.9062,0.0938],"evs":[0.0,1.22598]},"88":{"weight":1.0,"played":[0.8739,0.1261],"evs":[0.0,-3.94695]},"98o":{"weight":1.0,"played":[0.9651,0.0349],"evs":[0.0,-3.5324]},"T8o":{"weight":1.0,"played":[0.9957,0.0043],"evs":[0.0,-3.86939]},"J8o":{"weight":1.0,"played":[0.9585,0.0415],"evs":[0.0,-4.97864]},"Q8o":{"weight":1.0,"played":[0.9905,0.0095],"evs":[0.0,-1.85332]},"K8o":{"weight":1.0,"played":[0.9702,0.0298],"evs":[0.0,-4.62983]},"A8o":{"weight":1.0,"played":[0.9507,0.0493],"evs":[0.0,-4.35738]},"92s":{"weight":1.0,"played":[0.9596,0.0404],"evs":[0.0,-2.77452]},"93s":{"weight":1.0,"played":[0.9217,0.0783],"evs":[0.0,-3.27543]},"94s":{"weight":1.0,"played":[0.8718,0.1282],"evs":[0.0,-2.5758]},"95s":{"weight":1.0,"played":[0.9819,0.0181],"evs":[0.0,-2.69257]},"96s":{"weight":1.0,"played":[0.2042,0.7958],"evs":[0.0,-0.61433]},"97s":{"weight":1.0,"played":[0.5217,0.4783],"evs":[0.0,-2.19191]},"98s":{"weight":1.0,"played":[0.6798,0.3202],"evs":[0.0,1.32675]},"99":{"weight":1.0,"played":[0.4492,0.5508],"evs":[0.0,-3.447]},"T9o":{"weight":1.0,"played":[0.9319,0.0681],"evs":[0.0,-3.43061]},"J9o":{"weight":1.0,"played":[0.8553,0.1447],"evs":[0.0,-3.90635]},"Q9o":{"weight":1.0,"played":[0.9728,0.0272],"evs":[0.0,-4.95381]},"K9o":{"weight":1.0,"played":[0.7805,0.2195],"evs":[0.0,-3.21874]},"A9o":{"weight":1.0,"played":[0.9996,4.0E-4],"evs":[0.0,-2.9745]},"T2s":{"weight":1.0,"played":[1.0,0.0],"evs":[0.0,-3.14605]},"T3s":{"weight":1.0,"played":[0.9949,0.0051],"evs":[0.0,-4.87263]},"T4s":{"weight":1.0,"played":[0.8923,0.1077],"evs":[0.0,-1.7223]},"T5s":{"weight":1.0,"played":[0.9889,0.0111],"evs":[0.0,-6.25084]},"T6s":{"weight":1.0,"played":[0.7452,0.2548],"evs":[0.0,-5.49239]},"T7s":{"weight":1.0,"played":[0.3107,0.6893],"evs":[0.0,-0.59337]},"T8s":{"weight":1.0,"played":[0.9054,0.0946],"evs":[0.0,-2.76026]},"T9s":{"weight":1.0,"played":[0.9967,0.0033],"evs":[0.0,-1.98845]},"TT":{"weight":1.0,"played":[0.5281,0.4719],"evs":[0.0,1.0936]},"JTo":{"weight":1.0,"played":[0.9695,0.0305],"evs":[0.0,-5.20991]},"QTo":{"weight":1.0,"played":[0.7164,0.2836],"evs":[0.0,-3.75861]},"KTo":{"weight":1.0,"played":[0.677,0.323],"evs":[0.0,-2.55435]},"ATo":{"weight":1.0,"played":[0.9092,0.0908],"evs":[0.0,-1.99669]},"J2s":{"weight":1.0,"played":[0.9737,0.0263],"evs":[0.0,-2.27868]},"J3s":{"weight":1.0,"played":[0.9936,0.0064],"evs":[0.0,-7.24517]},"J4s":{"weight":1.0,"played":[0.6908,0.3092],"evs":[0.0,-0.86662]},"J5s":{"weight":1.0,"played":[0.9857,0.0143],"evs":[0.0,-4.78604]},"J6s":{"weight":1.0,"played":[0.4195,0.5805],"evs":[0.0,-0.01355]},"J7s":{"weight":1.0,"played":[0.7957,0.2043],"evs":[0.0,-0.16351]},"J8s":{"weight":1.0,"played":[0.9363,0.0637],"evs":[0.0,-6.16198]},"J9s":{"weight":1.0,"played":[0.8255,0.1745],"evs":[0.0,-5.3419]},"JTs":{"weight":1.0,"played":[0.2776,0.7224],"evs":[0.0,1.37432]},"JJ":{"weight":1.0,"played":[0.235,0.765],"evs":[0.0,-2.36438]},"QJo":{"weight":1.0,"played":[0.6984,0.3016],"evs":[0.0,-1.40526]},"KJo":{"weight":1.0,"played":[0.9234,0.0766],"evs":[0.0,-2.22591]},"AJo":{"weight":1.0,"played":[0.9113,0.0887],"evs":[0.0,-6.08456]},"Q2s":{"weight":1.0,"played":[0.7694,0.2306],"evs":[0.0,-5.64761]},"Q3s":{"weight":1.0,"played":[0.9555,0.0445],"evs":[0.0,-4.61778]},"Q4s":{"weight":1.0,"played":[0.6561,0.3439],"evs":[0.0,-4.34226]},"Q5s":{"weight":1.0,"played":[0.739,0.261],"evs":[0.0,-2.6712]},"Q6s":{"weight":1.0,"played":[0.6197,0.3803],"evs":[0.0,-2.68628]},"Q7s":{"weight":1.0,"played":[0.0568,0.9432],"evs":[0.0,-0.66802]},"Q8s":{"weight":1.0,"played":[0.7957,0.2043],"evs":[0.0,-2.45611]},"Q9s":{"weight":1.0,"played":[0.4028,0.5972],"evs":[0.0,0.96867]},"QTs":{"weight":1.0,"played":[0.8563,0.1437],"evs":[0.0,-5.40811]},"QJs":{"weight":1.0,"played":[0.3245,0.6755],"evs":[0.0,0.04372]},"QQ":{"weight":1.0,"played":[0.0061,0.9939],"evs":[0.0,4.48766]},"KQo":{"weight":1.0,"played":[0.7966,0.2034],"evs":[0.0,-4.56995]},"AQo":{"weight":1.0,"played":[0.8292,0.1708],"evs":[0.0,-5.19368]},"K2s":{"weight":1.0,"played":[0.8969,0.1031],"evs":[0.0,-2.12613]},"K3s":{"weight":1.0,"played":[0.5546,0.4454],"evs":[0.0,2.79974]},"K4s":{"weight":1.0,"played":[0.7977,0.2023],"evs":[0.0,2.62685]},"K5s":{"weight":1.0,"played":[0.9998,2.0E-4],"evs":[0.0,-5.86254]},"K6s":{"weight":1.0,"played":[0.5793,0.4207],"evs":[0.0,-1.08533]},"K7s":{"weight":1.0,"played":[0.8888,0.1112],"evs":[0.0,-5.28345]},"K8s":{"weight":1.0,"played":[0.9489,0.0511],"evs":[0.0,-4.25288]},"K9s":{"weight":1.0,"played":[0.3778,0.6222],"evs":[0.0,-0.85276]},"KTs":{"weight":1.0,"played":[0.9442,0.0558],"evs":[0.0,-0.46129]},"KJs":{"weight":1.0,"played":[0.2019,0.7981],"evs":[0.0,-1.43076]},"KQs":{"weight":1.0,"played":[0.0084,0.9916],"evs":[0.0,2.30674]},"KK":{"weight":1.0,"played":[0.0,1.0],"evs":[0.0,8.7146]},"AKo":{"weight":1.0,"played":[0.1926,0.8074],"evs":[0.0,0.12715]},"A2s":{"weight":1.0,"played":[0.8119,0.1881],"evs":[0.0,-1.63442]},"A3s":{"weight":1.0,"played":[0.9302,0.0698],"evs":[0.0,-1.28145]},"A4s":{"weight":1.0,"played":[0.1502,0.8498],"evs":[0.0,0.2724]},"A5s":{"weight":1.0,"played":[0.9403,0.0597],"evs":[0.0,-1.11555]},"A6s":{"weight":1.0,"played":[0.6006,0.3994],"evs":[0.0,-0.9602]},"A7s":{"weight":1.0,"played":[0.9911,0.0089],"evs":[0.0,-5.54152]},"A8s":{"weight":1.0,"played":[0.4579,0.5421],"evs":[0.0,-0.29305]},"A9s":{"weight":1.0,"played":[0.2936,0.7064],"evs":[0.0,4.99106]},"ATs":{"weight":1.0,"played":[0.1386,0.8614],"evs":[0.0,1.08906]},"AJs":{"weight":1.0,"played":[0.6585,0.3415],"evs":[0.0,-1.88214]},"AQs":{"weight":1.0,"played":[0.2171,0.7829],"evs":[0.0,-1.0435]},"AKs":{"weight":1.0,"played":[0.6132,0.3868],"evs":[0.0,-1.93301]},"AA":{"weight":1.0,"played":[6.0E-4,0.9994],"evs":[0.0,17.71335]}}}