{"player":1,"street":0,"children":2,"sequence":[{"player":0,"type":"F","amount":0,"street":0},{"player":1,"type":"R","amount":200000,"street":0},{"player":2,"type":"R","amount":2385000,"street":0},{"player":3,"type":"C","amount":2385000,"street":0},{"player":4,"type":"C","amount":1935000,"street":0},{"player":5,"type":"C","amount":1285000,"street":0}],"actions":[{"type":"F","amount":0},{"type":"C","amount":1045000}],"hands":{"22":{"weight":0.0,"played":[0.8197,0.1803],"evs":[0.0,-2.85491]},"32o":{"weight":0.0,"played":[0.9894,0.0106],"evs":[0.0,-3.21988]},"42o":{"weight":0.0,"played":[1.0,0.0],"evs":[0.0,-2.883]},"52o":{"weight":0.0,"played":[0.997,0.003],"evs":[0.0,-2.86423]},"62o":{"weight":0.0,"played":[0.9532,0.0468],"evs":[0.0,-3.50237]},"72o":{"weight":0.0,"played":[0.9968,0.0032],"evs":[0.0,-1.62277]},"82o":{"weight":0.0,"played":[1.0,0.0],"evs":[0.0,-4.15109]},"92o":{"weight":0.0,"played":[0.9032,0.0968],"evs":[0.0,-1.76078]},"T2o":{"weight":0.0,"played":[0.9995,5.0E-4],"evs":[0.0,-3.52584]},"J2o":{"weight":0.0,"played":[1.0,0.0],"evs":[0.0,-3.17122]},"Q2o":{"weight":0.0,"played":[0.997,0.003],"evs":[0.0,-3.8277]},"K2o":{"weight":0.0,"played":[0.9997,3.0E-4],"evs":[0.0,-2.85249]},"A2o":{"weight":0.0,"played":[0.828,0.172],"evs":[0.0,-2.89713]},"32s":{"weight":0.0,"played":[0.7733,0.2267],"evs":[0.0,0.72168]},"33":{"weight":0.2198,"played":[0.8077,0.1923],"evs":[0.0,-0.15207]},"43o":{"weight":0.0,"played":[0.9998,2.0E-4],"evs":[0.0,-2.76324]},"53o":{"weight":0.0,"played":[0.9944,0.0056],"evs":[0.0,-2.30002]},"63o":{"weight":0.0,"played":[0.9978,0.0022],"evs":[0.0,-2.41601]},"73o":{"weight":0.0,"played":[0.9985,0.0015],"evs":[0.0,-2.63887]},"83o":{"weight":0.0,"played":[0.9459,0.0541],"evs":[0.0,-3.62981]},"93o":{"weight":0.0,"played":[0.9986,0.0014],"evs":[0.0,-3.0676]},"T3o":{"weight":0.0,"played":[0.9637,0.0363],"evs":[0.0,-3.02483]},"J3o":{"weight":0.0,"played":[0.9381,0.0619],"evs":[0.0,-2.4309]},"Q3o":{"weight":0.0,"played":[0.976,0.024],"evs":[0.0,-4.10867]},"K3o":{"weight":0.0,"played":[0.981,0.019],"evs":[0.0,-2.28085]},"A3o":{"weight":0.0,"played":[0.9995,5.0E-4],"evs":[0.0,-3.14304]},"42s":{"weight":0.0,"played":[0.511,0.489],"evs":[0.0,-1.46589]},"43s":{"weight":0.0,"played":[0.902,0.098],"evs":[0.0,-2.86668]},"44":{"weight":0.0,"played":[0.9595,0.0405],"evs":[0.0,-1.12698]},"54o":{"weight":0.0,"played":[0.9969,0.0031],"evs":[0.0,-1.72546]},"64o":{"weight":0.0,"played":[0.9995,5.0E-4],"evs":[0.0,-2.93721]},"74o":{"weight":0.0,"played":[0.9722,0.0278],"evs":[0.0,-1.83452]},"84o":{"weight":0.0,"played":[0.9993,7.0E-4],"evs":[0.0,-3.06034]},"94o":{"weight":0.0,"played":[0.9975,0.0025],"evs":[0.0,-3.47841]},"T4o":{"weight":0.0,"played":[0.9957,0.0043],"evs":[0.0,-2.96714]},"J4o":{"weight":0.0,"played":[0.8405,0.1595],"evs":[0.0,-2.57796]},"Q4o":{"weight":0.0,"played":[0.9706,0.0294],"evs":[0.0,-3.80249]},"K4o":{"weight":0.0,"played":[0.9873,0.0127],"evs":[0.0,-2.83682]},"A4o":{"weight":0.0,"played":[0.9808,0.0192],"evs":[0.0,-3.01241]},"52s":{"weight":0.0,"played":[0.9915,0.0085],"evs":[0.0,-1.39495]},"53s":{"weight":0.0,"played":[0.4442,0.5558],"evs":[0.0,0.65046]},"54s":{"weight":0.0,"played":[0.1687,0.8313],"evs":[0.0,3.16366]},"55":{"weight":0.0487,"played":[0.6366,0.3634],"evs":[0.0,0.87899]},"65o":{"weight":0.0,"played":[0.7778,0.2222],"evs":[0.0,-0.70722]},"75o":{"weight":0.0,"played":[0.9981,0.0019],"evs":[0.0,-1.82116]},"85o":{"weight":0.0,"played":[0.9732,0.0268],"evs":[0.0,-1.30886]},"95o":{"weight":0.0,"played":[0.9955,0.0045],"evs":[0.0,-2.7398]},"T5o":{"weight":0.0,"played":[0.9684,0.0316],"evs":[0.0,-3.30632]},"J5o":{"weight":0.0,"played":[0.9935,0.0065],"evs":[0.0,-3.37442]},"Q5o":{"weight":0.0,"played":[0.9904,0.0096],"evs":[0.0,-3.21933]},"K5o":{"weight":0.0,"played":[0.9993,7.0E-4],"evs":[0.0,-2.64741]},"A5o":{"weight":0.0302,"played":[0.8704,0.1296],"evs":[0.0,-3.18303]},"62s":{"weight":0.0,"played":[0.9229,0.0771],"evs":[0.0,-2.83076]},"63s":{"weight":0.0,"played":[0.2764,0.7236],"evs":[0.0,1.47768]},"64s":{"weight":0.0,"played":[0.9595,0.0405],"evs":[0.0,-1.67865]},"65s":{"weight":0.0,"played":[0.341,0.659],"evs":[0.0,1.25083]},"66":{"weight":0.0,"played":[0.6349,0.3651],"evs":[0.0,-0.10927]},"76o":{"weight":0.0,"played":[0.7786,0.2214],"evs":[0.0,-0.98972]},"86o":{"weight":0.0,"played":[0.9436,0.0564],"evs":[0.0,-1.58023]},"96o":{"weight":0.0,"played":[0.9857,0.0143],"evs":[0.0,-2.8145]},"T6o":{"weight":0.0,"played":[0.6739,0.3261],"evs":[0.0,-2.80834]},"J6o":{"weight":0.0,"played":[0.8108,0.1892],"evs":[0.0,-3.14396]},"Q6o":{"weight":0.0,"played":[0.9933,0.0067],"evs":[0.0,-2.40679]},"K6o":{"weight":0.0,"played":[0.9886,0.0114],"evs":[0.0,-3.45161]},"A6o":{"weight":0.0,"played":[0.9617,0.0383],"evs":[0.0,-3.85217]},"72s":{"weight":0.0,"played":[0.9765,0.0235],"evs":[0.0,-2.09725]},"73s":{"weight":0.0,"played":[0.993,0.007],"evs":[0.0,-1.20622]},"74s":{"weight":0.0,"played":[0.977,0.023],"evs":[0.0,-2.70678]},"75s":{"weight":0.0,"played":[0.7983,0.2017],"evs":[0.0,-2.99834]},"76s":{"weight":0.0,"played":[0.6355,0.3645],"evs":[0.0,-0.53277]},"77":{"weight":0.0017,"played":[0.3748,0.6252],"evs":[0.0,-0.46588]},"87o":{"weight":0.0,"played":[0.8862,0.1138],"evs":[0.0,-2.31695]},"97o":{"weight":0.0,"played":[0.9544,0.0456],"evs":[0.0,-2.5822]},"T7o":{"weight":0.0,"played":[0.9494,0.0506],"evs":[0.0,-1.94416]},"J7o":{"weight":0.0,"played":[0.9999,1.0E-4],"evs":[0.0,-3.11978]},"Q7o":{"weight":0.0,"played":[0.976,0.024],"evs":[0.0,-2.28281]},"K7o":{"weight":0.0,"played":[0.8363,0.1637],"evs":[0.0,-1.10258]},"A7o":{"weight":0.1366,"played":[0.9036,0.0964],"evs":[0.0,-3.52738]},"82s":{"weight":0.0,"played":[0.9956,0.0044],"evs":[0.0,-2.94662]},"83s":{"weight":0.0,"played":[0.9474,0.0526],"evs":[0.0,-3.4224]},"84s":{"weight":0.0,"played":[0.9921,0.0079],"evs":[0.0,-0.83907]},"85s":{"weight":0.0,"played":[0.7751,0.2249],"evs":[0.0,-2.09291]},"86s":{"weight":0.0,"played":[0.4252,0.5748],"evs":[0.0,0.9379]},"87s":{"weight":0.0,"played":[0.1185,0.8815],"evs":[0.0,0.99063]},"88":{"weight":0.0018,"played":[0.9453,0.0547],"evs":[0.0,-1.94973]},"98o":{"weight":0.0,"played":[0.9668,0.0332],"evs":[0.0,-1.32716]},"T8o":{"weight":0.0,"played":[0.7944,0.2056],"evs":[0.0,-1.0543]},"J8o":{"weight":0.0,"played":[0.7995,0.2005],"evs":[0.0,-0.24564]},"Q8o":{"weight":0.0,"played":[0.9309,0.0691],"evs":[0.0,-3.01964]},"K8o":{"weight":0.0,"played":[0.8973,0.1027],"evs":[0.0,-3.71609]},"A8o":{"weight":0.541,"played":[0.9553,0.0447],"evs":[0.0,-3.54703]},"92s":{"weight":0.0,"played":[0.5385,0.4615],"evs":[0.0,-2.11619]},"93s":{"weight":0.0,"played":[0.9414,0.0586],"evs":[0.0,-2.32806]},"94s":{"weight":0.0,"played":[0.6619,0.3381],"evs":[0.0,-1.44869]},"95s":{"weight":0.0,"played":[0.9448,0.0552],"evs":[0.0,-2.39166]},"96s":{"weight":0.0,"played":[0.9576,0.0424],"evs":[0.0,-1.06372]},"97s":{"weight":0.0,"played":[0.4788,0.5212],"evs":[0.0,1.54244]},"98s":{"weight":0.0,"played":[0.1672,0.8328],"evs":[0.0,3.1343]},"99":{"weight":0.0,"played":[0.0096,0.9904],"evs":[0.0,0.12421]},"T9o":{"weight":0.0,"played":[0.972,0.028],"evs":[0.0,-1.66836]},"J9o":{"weight":0.0,"played":[0.8673,0.1327],"evs":[0.0,-1.46975]},"Q9o":{"weight":0.0,"played":[0.9589,0.0411],"evs":[0.0,-3.10404]},"K9o":{"weight":0.0,"played":[0.9995,5.0E-4],"evs":[0.0,-1.94554]},"A9o":{"weight":0.1097,"played":[0.9755,0.0245],"evs":[0.0,-2.98723]},"T2s":{"weight":0.0,"played":[0.4546,0.5454],"evs":[0.0,-0.99948]},"T3s":{"weight":0.0,"played":[0.7682,0.2318],"evs":[0.0,-2.0897]},"T4s":{"weight":0.0,"played":[0.258,0.742],"evs":[0.0,-0.34214]},"T5s":{"weight":0.0,"played":[0.6967,0.3033],"evs":[0.0,0.93919]},"T6s":{"weight":0.0,"played":[0.9287,0.0713],"evs":[0.0,-3.93932]},"T7s":{"weight":0.0,"played":[0.9172,0.0828],"evs":[0.0,-1.3211]},"T8s":{"weight":0.0,"played":[0.9432,0.0568],"evs":[0.0,-1.03103]},"T9s":{"weight":0.2385,"played":[0.1876,0.8124],"evs":[0.0,1.3315]},"TT":{"weight":0.001,"played":[0.0019,0.9981],"evs":[0.0,1.33298]},"JTo":{"weight":0.0,"played":[0.93,0.07],"evs":[0.0,-1.98014]},"QTo":{"weight":0.0,"played":[0.7155,0.2845],"evs":[0.0,-2.43937]},"KTo":{"weight":0.032,"played":[0.8475,0.1525],"evs":[0.0,-2.20437]},"ATo":{"weight":0.0,"played":[0.9937,0.0063],"evs":[0.0,-2.14541]},"J2s":{"weight":0.0,"played":[0.3713,0.6287],"evs":[0.0,2.86601]},"J3s":{"weight":0.0,"played":[0.2541,0.7459],"evs":[0.0,-1.27262]},"J4s":{"weight":0.0,"played":[0.977,0.023],"evs":[0.0,-3.03072]},"J5s":{"weight":0.0,"played":[0.9358,0.0642],"evs":[0.0,-2.53152]},"J6s":{"weight":0.0,"played":[0.6655,0.3345],"evs":[0.0,-2.27582]},"J7s":{"weight":0.0,"played":[0.5206,0.4794],"evs":[0.0,-1.20965]},"J8s":{"weight":0.0,"played":[0.9944,0.0056],"evs":[0.0,-0.25861]},"J9s":{"weight":0.0,"played":[0.3426,0.6574],"evs":[0.0,0.21176]},"JTs":{"weight":0.9979,"played":[0.5525,0.4475],"evs":[0.0,-1.34918]},"JJ":{"weight":0.0793,"played":[0.005,0.995],"evs":[0.0,3.58539]},"QJo":{"weight":0.0924,"played":[0.9259,0.0741],"evs":[0.0,-1.09471]},"KJo":{"weight":0.2323,"played":[0.6777,0.3223],"evs":[0.0,-0.0926]},"AJo":{"weight":0.0,"played":[0.7417,0.2583],"evs":[0.0,-2.09233]},"Q2s":{"weight":0.0,"played":[0.7994,0.2006],"evs":[0.0,-2.82315]},"Q3s":{"weight":0.0,"played":[0.9601,0.0399],"evs":[0.0,-2.93294]},"Q4s":{"weight":0.0,"played":[0.4722,0.5278],"evs":[0.0,-2.44385]},"Q5s":{"weight":0.0,"played":[0.9777,0.0223],"evs":[0.0,-0.47628]},"Q6s":{"weight":0.0,"played":[0.5981,0.4019],"evs":[0.0,-1.8284]},"Q7s":{"weight":0.0,"played":[0.6366,0.3634],"evs":[0.0,1.65013]},"Q8s":{"weight":0.0,"played":[0.6641,0.3359],"evs":[0.0,-0.17037]},"Q9s":{"weight":0.1716,"played":[0.8072,0.1928],"evs":[0.0,-2.82631]},"QTs":{"weight":0.2203,"played":[0.5798,0.4202],"evs":[0.0,0.56842]},"QJs":{"weight":3.0E-4,"played":[0.1042,0.8958],"evs":[0.0,0.56318]},"QQ":{"weight":0.2614,"played":[0.0,1.0],"evs":[0.0,2.59527]},"KQo":{"weight":0.0,"played":[0.3376,0.6624],"evs":[0.0,-0.64035]},"AQo":{"weight":0.0,"played":[0.8756,0.1244],"evs":[0.0,-2.01713]},"K2s":{"weight":0.0,"played":[0.8528,0.1472],"evs":[0.0,-0.69243]},"K3s":{"weight":0.0,"played":[0.884,0.116],"evs":[0.0,-2.16608]},"K4s":{"weight":0.0,"played":[0.1797,0.8203],"evs":[0.0,0.67625]},"K5s":{"weight":0.0,"played":[0.5755,0.4245],"evs":[0.0,0.41599]},"K6s":{"weight":0.0,"played":[0.3611,0.6389],"evs":[0.0,1.0895]},"K7s":{"weight":0.0,"played":[0.9781,0.0219],"evs":[0.0,-2.65844]},"K8s":{"weight":0.0,"played":[0.9191,0.0809],"evs":[0.0,-2.00498]},"K9s":{"weight":0.9998,"played":[0.2963,0.7037],"evs":[0.0,0.63598]},"KTs":{"weight":0.0059,"played":[0.3404,0.6596],"evs":[0.0,-1.12296]},"KJs":{"weight":0.0033,"played":[0.7288,0.2712],"evs":[0.0,-2.04889]},"KQs":{"weight":1.0E-4,"played":[0.1219,0.8781],"evs":[0.0,0.76261]},"KK":{"weight":1.0,"played":[1.0E-4,0.9999],"evs":[0.0,7.97246]},"AKo":{"weight":0.0,"played":[2.0E-4,0.9998],"evs":[0.0,1.38568]},"A2s":{"weight":0.8988,"played":[0.8131,0.1869],"evs":[0.0,-1.719]},"A3s":{"weight":0.2765,"played":[0.9962,0.0038],"evs":[0.0,-3.83442]},"A4s":{"weight":0.0,"played":[0.8782,0.1218],"evs":[0.0,-1.88191]},"A5s":{"weight":0.0,"played":[0.1272,0.8728],"evs":[0.0,0.13161]},"A6s":{"weight":0.0449,"played":[0.9823,0.0177],"evs":[0.0,-2.27987]},"A7s":{"weight":0.1457,"played":[0.8337,0.1663],"evs":[0.0,-1.66142]},"A8s":{"weight":4.0E-4,"played":[0.4972,0.5028],"evs":[0.0,0.32058]},"A9s":{"weight":0.1152,"played":[0.5304,0.4696],"evs":[0.0,-1.16754]},"ATs":{"weight":0.4984,"played":[0.8811,0.1189],"evs":[0.0,-1.20806]},"AJs":{"weight":0.0,"played":[0.0023,0.9977],"evs":[0.0,1.73972]},"AQs":{"weight":0.0,"played":[0.0011,0.9989],"evs":[0.0,2.30486]},"AKs":{"weight":0.0256,"played":[0.3195,0.6805],"evs":[0.0,-1.75214]},"AA":{"weight":1.0,"played":[0.0,1.0],"evs":[0.0,13.81898]}}}