{"player":5,"street":0,"children":3,"sequence":[{"player":0,"type":"F","amount":0,"street":0},{"player":1,"type":"R","amount":1245000,"street":0},{"player":2,"type":"F","amount":0,"street":0},{"player":3,"type":"C","amount":1245000,"street":0},{"player":4,"type":"C","amount":1195000,"street":0}],"actions":[{"type":"F","amount":0},{"type":"C","amount":1145000},{"type":"R","amount":1385000,"node":208}],"hands":{"22":{"weight":1.0,"played":[0.9768,0.004,0.0192],"evs":[0.0,-2.11143,-2.17719]},"32o":{"weight":1.0,"played":[0.9989,1.0E-4,0.0011],"evs":[0.0,-3.74226,-3.56295]},"42o":{"weight":1.0,"played":[0.9995,0.0,5.0E-4],"evs":[0.0,-3.72424,-3.83017]},"52o":{"weight":1.0,"played":[0.9998,2.0E-4,0.0],"evs":[0.0,-3.42314,-3.30716]},"62o":{"weight":1.0,"played":[0.9993,3.0E-4,4.0E-4],"evs":[0.0,-3.03564,-3.17162]},"72o":{"weight":1.0,"played":[0.9997,0.0,3.0E-4],"evs":[0.0,-3.86817,-3.85203]},"82o":{"weight":1.0,"played":[0.9994,0.0,6.0E-4],"evs":[0.0,-3.64842,-3.6215]},"92o":{"weight":1.0,"played":[0.9998,0.0,2.0E-4],"evs":[0.0,-4.35375,-4.17465]},"T2o":{"weight":1.0,"played":[0.9994,1.0E-4,5.0E-4],"evs":[0.0,-3.57788,-3.53954]},"J2o":{"weight":1.0,"played":[1.0,0.0,0.0],"evs":[0.0,-4.3451,-4.36022]},"Q2o":{"weight":1.0,"played":[0.9985,6.0E-4,9.0E-4],"evs":[0.0,-3.59576,-3.50254]},"K2o":{"weight":1.0,"played":[0.999,2.0E-4,7.0E-4],"evs":[0.0,-3.63677,-3.67522]},"A2o":{"weight":1.0,"played":[0.9999,0.0,1.0E-4],"evs":[0.0,-3.16811,-3.36275]},"32s":{"weight":1.0,"played":[0.9857,0.0122,0.0021],"evs":[0.0,-1.79343,-1.85706]},"33":{"weight":1.0,"played":[0.9998,1.0E-4,1.0E-4],"evs":[0.0,-1.45298,-1.41871]},"43o":{"weight":1.0,"played":[0.9978,1.0E-4,0.0021],"evs":[0.0,-2.77839,-2.69266]},"53o":{"weight":1.0,"played":[0.9992,1.0E-4,7.0E-4],"evs":[0.0,-2.63975,-2.5957]},"63o":{"weight":1.0,"played":[0.9999,0.0,1.0E-4],"evs":[0.0,-3.10696,-3.07753]},"73o":{"weight":1.0,"played":[0.9999,0.0,0.0],"evs":[0.0,-3.48595,-3.43192]},"83o":{"weight":1.0,"played":[0.9999,0.0,0.0],"evs":[0.0,-3.93429,-3.90183]},"93o":{"weight":1.0,"played":[0.9999,0.0,1.0E-4],"evs":[0.0,-3.70694,-3.72626]},"T3o":{"weight":1.0,"played":[0.9988,4.0E-4,9.0E-4],"evs":[0.0,-3.24418,-3.36041]},"J3o":{"weight":1.0,"played":[0.9999,0.0,1.0E-4],"evs":[0.0,-3.22064,-3.24146]},"Q3o":{"weight":1.0,"played":[0.9996,0.0,3.0E-4],"evs":[0.0,-4.05119,-4.15957]},"K3o":{"weight":1.0,"played":[0.9999,0.0,1.0E-4],"evs":[0.0,-3.74523,-3.70498]},"A3o":{"weight":1.0,"played":[0.9977,0.0,0.0023],"evs":[0.0,-3.40148,-3.56061]},"42s":{"weight":1.0,"played":[0.9994,2.0E-4,4.0E-4],"evs":[0.0,-1.36,-1.3769]},"43s":{"weight":1.0,"played":[0.6067,0.2154,0.178],"evs":[0.0,-1.42022,-1.39132]},"44":{"weight":1.0,"played":[0.9196,9.0E-4,0.0796],"evs":[0.0,-1.01135,-0.8397]},"54o":{"weight":1.0,"played":[0.9994,3.0E-4,3.0E-4],"evs":[0.0,-1.98194,-2.01383]},"64o":{"weight":1.0,"played":[0.9971,8.0E-4,0.0021],"evs":[0.0,-2.5547,-2.66222]},"74o":{"weight":1.0,"played":[0.9998,0.0,2.0E-4],"evs":[0.0,-2.6187,-2.59539]},"84o":{"weight":1.0,"played":[0.9997,0.0,3.0E-4],"evs":[0.0,-3.56509,-3.49594]},"94o":{"weight":1.0,"played":[0.9999,0.0,1.0E-4],"evs":[0.0,-3.67251,-3.76065]},"T4o":{"weight":1.0,"played":[0.9998,1.0E-4,1.0E-4],"evs":[0.0,-3.77895,-3.76807]},"J4o":{"weight":1.0,"played":[0.9992,0.0,8.0E-4],"evs":[0.0,-4.26623,-4.2268]},"Q4o":{"weight":1.0,"played":[1.0,0.0,0.0],"evs":[0.0,-3.71133,-3.79014]},"K4o":{"weight":1.0,"played":[1.0,0.0,0.0],"evs":[0.0,-3.52049,-3.43749]},"A4o":{"weight":1.0,"played":[0.9992,1.0E-4,7.0E-4],"evs":[0.0,-2.62562,-2.71186]},"52s":{"weight":1.0,"played":[1.0,0.0,0.0],"evs":[0.0,-1.58376,-1.4558]},"53s":{"weight":1.0,"played":[0.7565,0.031,0.2125],"evs":[0.0,-1.6019,-1.41537]},"54s":{"weight":1.0,"played":[0.8902,0.0125,0.0973],"evs":[0.0,-0.9465,-0.66032]},"55":{"weight":1.0,"played":[0.5055,0.1633,0.3312],"evs":[0.0,-0.74529,-0.78122]},"65o":{"weight":1.0,"played":[0.9983,2.0E-4,0.0015],"evs":[0.0,-1.46905,-1.30845]},"75o":{"weight":1.0,"played":[0.9993,1.0E-4,5.0E-4],"evs":[0.0,-2.86105,-2.7176]},"85o":{"weight":1.0,"played":[0.9998,0.0,1.0E-4],"evs":[0.0,-2.96487,-2.97851]},"95o":{"weight":1.0,"played":[0.9999,0.0,1.0E-4],"evs":[0.0,-2.70648,-2.7518]},"T5o":{"weight":1.0,"played":[1.0,0.0,0.0],"evs":[0.0,-3.27151,-3.22812]},"J5o":{"weight":1.0,"played":[0.9999,0.0,1.0E-4],"evs":[0.0,-3.25236,-3.19484]},"Q5o":{"weight":1.0,"played":[0.9999,1.0E-4,0.0],"evs":[0.0,-3.79364,-3.65079]},"K5o":{"weight":1.0,"played":[0.9996,0.0,3.0E-4],"evs":[0.0,-3.52117,-3.55689]},"A5o":{"weight":1.0,"played":[0.9995,0.0,5.0E-4],"evs":[0.0,-2.60774,-2.66784]},"62s":{"weight":1.0,"played":[0.9984,5.0E-4,0.0011],"evs":[0.0,-1.99186,-1.75764]},"63s":{"weight":1.0,"played":[0.9999,0.0,1.0E-4],"evs":[0.0,-1.79682,-1.6698]},"64s":{"weight":1.0,"played":[0.9994,0.0,6.0E-4],"evs":[0.0,-0.57786,-0.7589]},"65s":{"weight":1.0,"played":[0.1923,0.1773,0.6303],"evs":[0.0,0.43006,0.61324]},"66":{"weight":1.0,"played":[0.1366,0.0168,0.8466],"evs":[0.0,0.51592,0.77376]},"76o":{"weight":1.0,"played":[0.9732,0.0,0.0268],"evs":[0.0,-2.18468,-2.13271]},"86o":{"weight":1.0,"played":[0.9988,0.0,0.0012],"evs":[0.0,-2.58169,-2.40101]},"96o":{"weight":1.0,"played":[0.9999,0.0,0.0],"evs":[0.0,-2.88432,-2.81734]},"T6o":{"weight":1.0,"played":[0.9976,1.0E-4,0.0023],"evs":[0.0,-2.88073,-2.74507]},"J6o":{"weight":1.0,"played":[0.9974,0.0,0.0026],"evs":[0.0,-3.60787,-3.57454]},"Q6o":{"weight":1.0,"played":[0.9999,0.0,1.0E-4],"evs":[0.0,-4.10197,-4.12169]},"K6o":{"weight":1.0,"played":[0.9989,0.0,0.0011],"evs":[0.0,-2.84986,-3.04176]},"A6o":{"weight":1.0,"played":[0.9999,0.0,1.0E-4],"evs":[0.0,-3.18525,-3.37776]},"72s":{"weight":1.0,"played":[0.9663,4.0E-4,0.0333],"evs":[0.0,-3.41071,-3.16842]},"73s":{"weight":1.0,"played":[0.9608,0.0068,0.0323],"evs":[0.0,-1.73846,-1.65291]},"74s":{"weight":1.0,"played":[0.9985,3.0E-4,0.0012],"evs":[0.0,-2.04041,-1.7439]},"75s":{"weight":1.0,"played":[0.9118,0.0277,0.0605],"evs":[0.0,-1.26312,-1.18928]},"76s":{"weight":1.0,"played":[0.6323,0.1244,0.2434],"evs":[0.0,-0.31786,-0.26095]},"77":{"weight":1.0,"played":[0.004,0.0773,0.9187],"evs":[0.0,0.41573,0.45857]},"87o":{"weight":1.0,"played":[0.9942,0.0014,0.0044],"evs":[0.0,-1.70066,-1.70866]},"97o":{"weight":1.0,"played":[0.9963,4.0E-4,0.0033],"evs":[0.0,-2.24752,-2.18967]},"T7o":{"weight":1.0,"played":[0.9999,0.0,0.0],"evs":[0.0,-2.85033,-2.72008]},"J7o":{"weight":1.0,"played":[0.9993,2.0E-4,5.0E-4],"evs":[0.0,-2.78898,-2.50037]},"Q7o":{"weight":1.0,"played":[0.9999,0.0,1.0E-4],"evs":[0.0,-3.7081,-3.74318]},"K7o":{"weight":1.0,"played":[0.9873,1.0E-4,0.0127],"evs":[0.0,-3.70084,-3.84536]},"A7o":{"weight":1.0,"played":[1.0,0.0,0.0],"evs":[0.0,-3.03147,-3.01706]},"82s":{"weight":1.0,"played":[0.9997,2.0E-4,1.0E-4],"evs":[0.0,-2.31259,-2.25531]},"83s":{"weight":1.0,"played":[0.9846,6.0E-4,0.0148],"evs":[0.0,-2.79944,-2.75735]},"84s":{"weight":1.0,"played":[0.6305,0.1493,0.2202],"evs":[0.0,-0.74232,-0.65082]},"85s":{"weight":1.0,"played":[0.9922,0.0,0.0078],"evs":[0.0,-1.47661,-1.35109]},"86s":{"weight":1.0,"played":[0.6277,0.1545,0.2178],"evs":[0.0,-0.29964,-0.29812]},"87s":{"weight":1.0,"played":[0.8669,0.0608,0.0723],"evs":[0.0,-0.93191,-0.91203]},"88":{"weight":1.0,"played":[0.0327,0.4774,0.49],"evs":[0.0,0.47361,0.58027]},"98o":{"weight":1.0,"played":[0.9962,5.0E-4,0.0034],"evs":[0.0,-1.82815,-1.68467]},"T8o":{"weight":1.0,"played":[0.9958,4.0E-4,0.0038],"evs":[0.0,-1.71738,-1.68854]},"J8o":{"weight":1.0,"played":[0.985,2.0E-4,0.0148],"evs":[0.0,-2.62234,-2.56606]},"Q8o":{"weight":1.0,"played":[0.9998,1.0E-4,2.0E-4],"evs":[0.0,-3.73047,-3.8413]},"K8o":{"weight":1.0,"played":[0.9998,1.0E-4,1.0E-4],"evs":[0.0,-3.09611,-3.0239]},"A8o":{"weight":1.0,"played":[0.9959,0.0025,0.0016],"evs":[0.0,-2.37334,-2.46618]},"92s":{"weight":1.0,"played":[0.9992,1.0E-4,7.0E-4],"evs":[0.0,-2.67993,-2.68397]},"93s":{"weight":1.0,"played":[0.9478,0.0229,0.0293],"evs":[0.0,-1.76689,-1.70953]},"94s":{"weight":1.0,"played":[0.9993,0.0,7.0E-4],"evs":[0.0,-2.41974,-2.26702]},"95s":{"weight":1.0,"played":[0.997,0.0011,0.0019],"evs":[0.0,-1.76582,-1.64746]},"96s":{"weight":1.0,"played":[0.709,0.0522,0.2388],"evs":[0.0,-0.24732,-0.22533]},"97s":{"weight":1.0,"played":[0.8534,0.0828,0.0639],"evs":[0.0,-1.38139,-1.48999]},"98s":{"weight":1.0,"played":[0.6043,0.2048,0.1909],"evs":[0.0,-0.43554,-0.50821]},"99":{"weight":1.0,"played":[0.0013,0.6331,0.3655],"evs":[0.0,2.2964,2.27435]},"T9o":{"weight":1.0,"played":[0.9601,0.0101,0.0298],"evs":[0.0,-2.11062,-2.13157]},"J9o":{"weight":1.0,"played":[1.0,0.0,0.0],"evs":[0.0,-2.01277,-2.033]},"Q9o":{"weight":1.0,"played":[0.9993,0.0,7.0E-4],"evs":[0.0,-2.66424,-2.88096]},"K9o":{"weight":1.0,"played":[0.9993,1.0E-4,6.0E-4],"evs":[0.0,-3.0088,-2.98377]},"A9o":{"weight":1.0,"played":[0.9975,3.0E-4,0.0021],"evs":[0.0,-2.35529,-2.39659]},"T2s":{"weight":1.0,"played":[0.9997,2.0E-4,1.0E-4],"evs":[0.0,-2.47834,-2.42395]},"T3s":{"weight":1.0,"played":[0.9997,0.0,3.0E-4],"evs":[0.0,-2.39407,-2.35947]},"T4s":{"weight":1.0,"played":[0.9978,0.0,0.0022],"evs":[0.0,-1.94445,-1.91313]},"T5s":{"weight":1.0,"played":[0.9976,7.0E-4,0.0018],"evs":[0.0,-2.66124,-2.91392]},"T6s":{"weight":1.0,"played":[0.9598,0.0,0.0401],"evs":[0.0,-1.38945,-1.29195]},"T7s":{"weight":1.0,"played":[0.8597,0.0237,0.1166],"evs":[0.0,-1.81423,-1.61119]},"T8s":{"weight":1.0,"played":[0.8016,0.0855,0.1129],"evs":[0.0,-1.65576,-1.59068]},"T9s":{"weight":1.0,"played":[0.465,0.2355,0.2995],"evs":[0.0,-1.10999,-1.25447]},"TT":{"weight":1.0,"played":[6.0E-4,0.9563,0.0431],"evs":[0.0,2.43428,2.22104]},"JTo":{"weight":1.0,"played":[0.9937,0.0,0.0063],"evs":[0.0,-1.38224,-1.39726]},"QTo":{"weight":1.0,"played":[0.9976,0.0,0.0024],"evs":[0.0,-2.07567,-2.16323]},"KTo":{"weight":1.0,"played":[0.7595,0.0,0.2405],"evs":[0.0,-1.15286,-0.95113]},"ATo":{"weight":1.0,"played":[0.9831,4.0E-4,0.0164],"evs":[0.0,-0.9372,-1.05699]},"J2s":{"weight":1.0,"played":[0.9998,0.0,2.0E-4],"evs":[0.0,-3.30345,-3.31897]},"J3s":{"weight":1.0,"played":[0.9956,0.0029,0.0015],"evs":[0.0,-2.81884,-2.82938]},"J4s":{"weight":1.0,"played":[0.9545,0.0123,0.0332],"evs":[0.0,-1.71662,-1.46772]},"J5s":{"weight":1.0,"played":[0.975,0.0069,0.018],"evs":[0.0,-1.73631,-1.68303]},"J6s":{"weight":1.0,"played":[0.9968,0.002,0.0013],"evs":[0.0,-2.69087,-2.61771]},"J7s":{"weight":1.0,"played":[0.993,0.0063,7.0E-4],"evs":[0.0,-1.19824,-1.26037]},"J8s":{"weight":1.0,"played":[0.8993,4.0E-4,0.1003],"evs":[0.0,-1.52483,-1.3905]},"J9s":{"weight":1.0,"played":[0.7115,0.1744,0.114],"evs":[0.0,-0.84521,-0.88798]},"JTs":{"weight":1.0,"played":[0.0317,0.1844,0.7839],"evs":[0.0,0.56516,0.8558]},"JJ":{"weight":1.0,"played":[0.0,0.9353,0.0647],"evs":[0.0,5.53711,5.41463]},"QJo":{"weight":1.0,"played":[0.9964,0.0,0.0035],"evs":[0.0,-1.61933,-1.86769]},"KJo":{"weight":1.0,"played":[0.9932,1.0E-4,0.0066],"evs":[0.0,-1.50123,-1.57352]},"AJo":{"weight":1.0,"played":[0.3537,0.1076,0.5388],"evs":[0.0,-0.39491,-0.36104]},"Q2s":{"weight":1.0,"played":[0.9997,0.0,2.0E-4],"evs":[0.0,-2.42435,-2.42404]},"Q3s":{"weight":1.0,"played":[0.9854,1.0E-4,0.0145],"evs":[0.0,-2.57296,-2.51894]},"Q4s":{"weight":1.0,"played":[0.9994,6.0E-4,0.0],"evs":[0.0,-3.17847,-2.85916]},"Q5s":{"weight":1.0,"played":[0.9831,0.0062,0.0107],"evs":[0.0,-2.56564,-2.37322]},"Q6s":{"weight":1.0,"played":[0.9987,5.0E-4,7.0E-4],"evs":[0.0,-2.20865,-2.18564]},"Q7s":{"weight":1.0,"played":[0.9086,0.012,0.0795],"evs":[0.0,-2.47466,-2.46062]},"Q8s":{"weight":1.0,"played":[0.9563,0.0294,0.0142],"evs":[0.0,-1.87664,-2.01604]},"Q9s":{"weight":1.0,"played":[0.9994,1.0E-4,4.0E-4],"evs":[0.0,-3.43972,-3.35053]},"QTs":{"weight":1.0,"played":[0.5105,0.198,0.2916],"evs":[0.0,-0.02894,-0.12989]},"QJs":{"weight":1.0,"played":[0.8767,0.0651,0.0582],"evs":[0.0,-1.89198,-1.48481]},"QQ":{"weight":1.0,"played":[0.0,0.1034,0.8966],"evs":[0.0,8.93228,9.02716]},"KQo":{"weight":1.0,"played":[0.822,0.0832,0.0948],"evs":[0.0,-1.65448,-1.67376]},"AQo":{"weight":1.0,"played":[0.0236,0.6078,0.3686],"evs":[0.0,1.17405,1.16394]},"K2s":{"weight":1.0,"played":[0.9508,0.006,0.0431],"evs":[0.0,-1.66873,-1.75041]},"K3s":{"weight":1.0,"played":[0.9993,2.0E-4,5.0E-4],"evs":[0.0,-2.4186,-2.43593]},"K4s":{"weight":1.0,"played":[0.9944,2.0E-4,0.0054],"evs":[0.0,-2.9407,-2.85011]},"K5s":{"weight":1.0,"played":[0.986,0.0058,0.0082],"evs":[0.0,-2.13448,-2.18971]},"K6s":{"weight":1.0,"played":[0.8866,0.05,0.0634],"evs":[0.0,-1.44407,-1.30493]},"K7s":{"weight":1.0,"played":[0.9922,0.0068,0.0011],"evs":[0.0,-1.7477,-1.75764]},"K8s":{"weight":1.0,"played":[0.9922,0.001,0.0067],"evs":[0.0,-1.64959,-1.84279]},"K9s":{"weight":1.0,"played":[0.9911,0.0076,0.0012],"evs":[0.0,-3.22795,-3.25169]},"KTs":{"weight":1.0,"played":[0.0925,0.1753,0.7322],"evs":[0.0,-0.19292,-0.10403]},"KJs":{"weight":1.0,"played":[0.2889,0.1492,0.5619],"evs":[0.0,-0.05345,0.18567]},"KQs":{"weight":1.0,"played":[0.1844,0.4247,0.3909],"evs":[0.0,-0.18161,-0.28841]},"KK":{"weight":1.0,"played":[0.0,1.0E-4,0.9999],"evs":[0.0,11.99472,12.07785]},"AKo":{"weight":1.0,"played":[0.0105,0.9319,0.0576],"evs":[0.0,2.35378,2.27755]},"A2s":{"weight":1.0,"played":[0.9857,0.0079,0.0064],"evs":[0.0,-0.83532,-0.926]},"A3s":{"weight":1.0,"played":[0.9985,0.0013,2.0E-4],"evs":[0.0,-0.79292,-0.76712]},"A4s":{"weight":1.0,"played":[0.9935,0.0014,0.0052],"evs":[0.0,-1.89229,-1.81127]},"A5s":{"weight":1.0,"played":[0.9677,0.0129,0.0195],"evs":[0.0,-1.47291,-1.51249]},"A6s":{"weight":1.0,"played":[0.9873,6.0E-4,0.0122],"evs":[0.0,-1.13647,-1.27857]},"A7s":{"weight":1.0,"played":[0.9451,0.0348,0.0202],"evs":[0.0,0.08021,-0.03454]},"A8s":{"weight":1.0,"played":[0.9915,0.0072,0.0013],"evs":[0.0,-0.43392,-0.64766]},"A9s":{"weight":1.0,"played":[0.8987,0.031,0.0703],"evs":[0.0,-1.18828,-1.14352]},"ATs":{"weight":1.0,"played":[0.0698,0.2705,0.6596],"evs":[0.0,0.03145,0.19916]},"AJs":{"weight":1.0,"played":[0.0058,0.9754,0.0188],"evs":[0.0,2.27663,2.18344]},"AQs":{"weight":1.0,"played":[0.0,0.8961,0.1038],"evs":[0.0,2.6752,2.56014]},"AKs":{"weight":1.0,"played":[0.0,0.9133,0.0867],"evs":[0.0,0.85027,0.73022]},"AA":{"weight":1.0,"played":[1.0E-4,1.0E-4,0.9998],"evs":[0.0,16.28544,16.7974]}}}