{"player":4,"street":0,"children":2,"sequence":[{"player":0,"type":"F","amount":0,"street":0},{"player":1,"type":"R","amount":1245000,"street":0},{"player":2,"type":"F","amount":0,"street":0},{"player":3,"type":"R","amount":1985000,"street":0}],"actions":[{"type":"F","amount":0,"node":214},{"type":"C","amount":1935000,"node":215}],"hands":{"22":{"weight":1.0,"played":[1.0,0.0],"evs":[0.0,-2.51335]},"32o":{"weight":1.0,"played":[1.0,0.0],"evs":[0.0,-5.8274]},"42o":{"weight":1.0,"played":[1.0,0.0],"evs":[0.0,-5.40621]},"52o":{"weight":1.0,"played":[1.0,0.0],"evs":[0.0,-5.1949]},"62o":{"weight":1.0,"played":[1.0,0.0],"evs":[0.0,-5.44829]},"72o":{"weight":1.0,"played":[1.0,0.0],"evs":[0.0,-5.82818]},"82o":{"weight":1.0,"played":[1.0,0.0],"evs":[0.0,-5.68879]},"92o":{"weight":1.0,"played":[1.0,0.0],"evs":[0.0,-5.51187]},"T2o":{"weight":1.0,"played":[1.0,0.0],"evs":[0.0,-5.58835]},"J2o":{"weight":1.0,"played":[1.0,0.0],"evs":[0.0,-5.56697]},"Q2o":{"weight":1.0,"played":[1.0,0.0],"evs":[0.0,-4.72477]},"K2o":{"weight":1.0,"played":[1.0,0.0],"evs":[0.0,-4.43447]},"A2o":{"weight":1.0,"played":[1.0,0.0],"evs":[0.0,-4.38557]},"32s":{"weight":1.0,"played":[1.0,0.0],"evs":[0.0,-4.24783]},"33":{"weight":1.0,"played":[1.0,0.0],"evs":[0.0,-1.94887]},"43o":{"weight":1.0,"played":[1.0,0.0],"evs":[0.0,-4.79017]},"53o":{"weight":1.0,"played":[1.0,0.0],"evs":[0.0,-4.49704]},"63o":{"weight":1.0,"played":[1.0,0.0],"evs":[0.0,-4.92312]},"73o":{"weight":1.0,"played":[1.0,0.0],"evs":[0.0,-5.27222]},"83o":{"weight":1.0,"played":[1.0,0.0],"evs":[0.0,-5.58915]},"93o":{"weight":1.0,"played":[1.0,0.0],"evs":[0.0,-5.38049]},"T3o":{"weight":1.0,"played":[1.0,0.0],"evs":[0.0,-5.46077]},"J3o":{"weight":1.0,"played":[1.0,0.0],"evs":[0.0,-5.39288]},"Q3o":{"weight":1.0,"played":[1.0,0.0],"evs":[0.0,-4.60998]},"K3o":{"weight":1.0,"played":[1.0,0.0],"evs":[0.0,-4.16926]},"A3o":{"weight":1.0,"played":[1.0,0.0],"evs":[0.0,-4.1988]},"42s":{"weight":1.0,"played":[1.0,0.0],"evs":[0.0,-4.00734]},"43s":{"weight":1.0,"played":[1.0,0.0],"evs":[0.0,-3.26]},"44":{"weight":1.0,"played":[0.9998,2.0E-4],"evs":[0.0,-0.90915]},"54o":{"weight":1.0,"played":[1.0,0.0],"evs":[0.0,-3.72613]},"64o":{"weight":1.0,"played":[1.0,0.0],"evs":[0.0,-4.02328]},"74o":{"weight":1.0,"played":[1.0,0.0],"evs":[0.0,-4.38901]},"84o":{"weight":1.0,"played":[1.0,0.0],"evs":[0.0,-4.75154]},"94o":{"weight":1.0,"played":[1.0,0.0],"evs":[0.0,-5.0557]},"T4o":{"weight":1.0,"played":[1.0,0.0],"evs":[0.0,-5.14204]},"J4o":{"weight":1.0,"played":[1.0,0.0],"evs":[0.0,-5.00715]},"Q4o":{"weight":1.0,"played":[1.0,0.0],"evs":[0.0,-4.17308]},"K4o":{"weight":1.0,"played":[1.0,0.0],"evs":[0.0,-3.86176]},"A4o":{"weight":1.0,"played":[1.0,0.0],"evs":[0.0,-3.75356]},"52s":{"weight":1.0,"played":[1.0,0.0],"evs":[0.0,-3.56274]},"53s":{"weight":1.0,"played":[1.0,0.0],"evs":[0.0,-3.06846]},"54s":{"weight":1.0,"played":[1.0,0.0],"evs":[0.0,-2.34778]},"55":{"weight":1.0,"played":[0.9084,0.0916],"evs":[0.0,-0.11128]},"65o":{"weight":1.0,"played":[1.0,0.0],"evs":[0.0,-3.41698]},"75o":{"weight":1.0,"played":[1.0,0.0],"evs":[0.0,-3.68909]},"85o":{"weight":1.0,"played":[1.0,0.0],"evs":[0.0,-4.07043]},"95o":{"weight":1.0,"played":[1.0,0.0],"evs":[0.0,-4.38051]},"T5o":{"weight":1.0,"played":[1.0,0.0],"evs":[0.0,-4.89057]},"J5o":{"weight":1.0,"played":[1.0,0.0],"evs":[0.0,-4.69558]},"Q5o":{"weight":1.0,"played":[1.0,0.0],"evs":[0.0,-3.922]},"K5o":{"weight":1.0,"played":[1.0,0.0],"evs":[0.0,-3.57401]},"A5o":{"weight":1.0,"played":[1.0,0.0],"evs":[0.0,-3.48333]},"62s":{"weight":1.0,"played":[1.0,0.0],"evs":[0.0,-3.93773]},"63s":{"weight":1.0,"played":[1.0,0.0],"evs":[0.0,-3.39921]},"64s":{"weight":1.0,"played":[1.0,0.0],"evs":[0.0,-2.59912]},"65s":{"weight":1.0,"played":[1.0,0.0],"evs":[0.0,-1.93311]},"66":{"weight":1.0,"played":[0.0,1.0],"evs":[0.0,0.54196]},"76o":{"weight":1.0,"played":[1.0,0.0],"evs":[0.0,-3.18598]},"86o":{"weight":1.0,"played":[1.0,0.0],"evs":[0.0,-3.35012]},"96o":{"weight":1.0,"played":[1.0,0.0],"evs":[0.0,-3.741]},"T6o":{"weight":1.0,"played":[1.0,0.0],"evs":[0.0,-4.27034]},"J6o":{"weight":1.0,"played":[1.0,0.0],"evs":[0.0,-4.47576]},"Q6o":{"weight":1.0,"played":[1.0,0.0],"evs":[0.0,-3.68844]},"K6o":{"weight":1.0,"played":[1.0,0.0],"evs":[0.0,-3.46125]},"A6o":{"weight":1.0,"played":[1.0,0.0],"evs":[0.0,-3.72814]},"72s":{"weight":1.0,"played":[1.0,0.0],"evs":[0.0,-4.28051]},"73s":{"weight":1.0,"played":[1.0,0.0],"evs":[0.0,-3.70122]},"74s":{"weight":1.0,"played":[1.0,0.0],"evs":[0.0,-2.98019]},"75s":{"weight":1.0,"played":[1.0,0.0],"evs":[0.0,-2.24077]},"76s":{"weight":1.0,"played":[1.0,0.0],"evs":[0.0,-1.95889]},"77":{"weight":1.0,"played":[0.0,1.0],"evs":[0.0,1.17828]},"87o":{"weight":1.0,"played":[1.0,0.0],"evs":[0.0,-2.99431]},"97o":{"weight":1.0,"played":[1.0,0.0],"evs":[0.0,-3.2241]},"T7o":{"weight":1.0,"played":[1.0,0.0],"evs":[0.0,-3.64763]},"J7o":{"weight":1.0,"played":[1.0,0.0],"evs":[0.0,-3.92271]},"Q7o":{"weight":1.0,"played":[1.0,0.0],"evs":[0.0,-3.61029]},"K7o":{"weight":1.0,"played":[1.0,0.0],"evs":[0.0,-3.19919]},"A7o":{"weight":1.0,"played":[1.0,0.0],"evs":[0.0,-3.44984]},"82s":{"weight":1.0,"played":[1.0,0.0],"evs":[0.0,-3.90726]},"83s":{"weight":1.0,"played":[1.0,0.0],"evs":[0.0,-4.12935]},"84s":{"weight":1.0,"played":[1.0,0.0],"evs":[0.0,-3.22064]},"85s":{"weight":1.0,"played":[1.0,0.0],"evs":[0.0,-2.59207]},"86s":{"weight":1.0,"played":[1.0,0.0],"evs":[0.0,-2.13717]},"87s":{"weight":1.0,"played":[1.0,0.0],"evs":[0.0,-1.55106]},"88":{"weight":1.0,"played":[0.0,1.0],"evs":[0.0,2.12245]},"98o":{"weight":1.0,"played":[1.0,0.0],"evs":[0.0,-2.86]},"T8o":{"weight":1.0,"played":[1.0,0.0],"evs":[0.0,-3.22097]},"J8o":{"weight":1.0,"played":[1.0,0.0],"evs":[0.0,-3.52166]},"Q8o":{"weight":1.0,"played":[1.0,0.0],"evs":[0.0,-3.15337]},"K8o":{"weight":1.0,"played":[1.0,0.0],"evs":[0.0,-3.27189]},"A8o":{"weight":1.0,"played":[1.0,0.0],"evs":[0.0,-3.30248]},"92s":{"weight":1.0,"played":[1.0,0.0],"evs":[0.0,-3.91507]},"93s":{"weight":1.0,"played":[1.0,0.0],"evs":[0.0,-3.7172]},"94s":{"weight":1.0,"played":[1.0,0.0],"evs":[0.0,-3.63091]},"95s":{"weight":1.0,"played":[1.0,0.0],"evs":[0.0,-2.90963]},"96s":{"weight":1.0,"played":[1.0,0.0],"evs":[0.0,-2.37715]},"97s":{"weight":1.0,"played":[1.0,0.0],"evs":[0.0,-1.66677]},"98s":{"weight":1.0,"played":[1.0,0.0],"evs":[0.0,-1.53223]},"99":{"weight":1.0,"played":[0.0,1.0],"evs":[0.0,3.1994]},"T9o":{"weight":1.0,"played":[1.0,0.0],"evs":[0.0,-2.64557]},"J9o":{"weight":1.0,"played":[1.0,0.0],"evs":[0.0,-3.09137]},"Q9o":{"weight":1.0,"played":[1.0,0.0],"evs":[0.0,-2.68767]},"K9o":{"weight":1.0,"played":[1.0,0.0],"evs":[0.0,-2.76121]},"A9o":{"weight":1.0,"played":[1.0,0.0],"evs":[0.0,-2.78375]},"T2s":{"weight":1.0,"played":[1.0,0.0],"evs":[0.0,-3.96849]},"T3s":{"weight":1.0,"played":[1.0,0.0],"evs":[0.0,-3.80547]},"T4s":{"weight":1.0,"played":[1.0,0.0],"evs":[0.0,-3.52601]},"T5s":{"weight":1.0,"played":[1.0,0.0],"evs":[0.0,-3.43072]},"T6s":{"weight":1.0,"played":[1.0,0.0],"evs":[0.0,-2.74844]},"T7s":{"weight":1.0,"played":[1.0,0.0],"evs":[0.0,-2.18302]},"T8s":{"weight":1.0,"played":[0.9999,1.0E-4],"evs":[0.0,-1.78658]},"T9s":{"weight":1.0,"played":[1.0,0.0],"evs":[0.0,-1.28097]},"TT":{"weight":1.0,"played":[0.0,1.0],"evs":[0.0,4.98717]},"JTo":{"weight":1.0,"played":[1.0,0.0],"evs":[0.0,-2.38965]},"QTo":{"weight":1.0,"played":[1.0,0.0],"evs":[0.0,-2.02732]},"KTo":{"weight":1.0,"played":[1.0,0.0],"evs":[0.0,-1.99882]},"ATo":{"weight":1.0,"played":[0.9999,1.0E-4],"evs":[0.0,-1.44394]},"J2s":{"weight":1.0,"played":[1.0,0.0],"evs":[0.0,-3.93474]},"J3s":{"weight":1.0,"played":[1.0,0.0],"evs":[0.0,-3.75023]},"J4s":{"weight":1.0,"played":[1.0,0.0],"evs":[0.0,-3.45464]},"J5s":{"weight":1.0,"played":[1.0,0.0],"evs":[0.0,-3.12479]},"J6s":{"weight":1.0,"played":[1.0,0.0],"evs":[0.0,-3.22683]},"J7s":{"weight":1.0,"played":[1.0,0.0],"evs":[0.0,-2.50849]},"J8s":{"weight":1.0,"played":[1.0,0.0],"evs":[0.0,-1.93677]},"J9s":{"weight":1.0,"played":[0.9999,1.0E-4],"evs":[0.0,-1.61587]},"JTs":{"weight":1.0,"played":[0.9989,0.0011],"evs":[0.0,-0.99045]},"JJ":{"weight":1.0,"played":[0.0,1.0],"evs":[0.0,7.85735]},"QJo":{"weight":1.0,"played":[1.0,0.0],"evs":[0.0,-1.83971]},"KJo":{"weight":1.0,"played":[1.0,0.0],"evs":[0.0,-1.51377]},"AJo":{"weight":1.0,"played":[0.085,0.915],"evs":[0.0,0.22618]},"Q2s":{"weight":1.0,"played":[1.0,0.0],"evs":[0.0,-3.24459]},"Q3s":{"weight":1.0,"played":[1.0,0.0],"evs":[0.0,-3.05927]},"Q4s":{"weight":1.0,"played":[1.0,0.0],"evs":[0.0,-2.63919]},"Q5s":{"weight":1.0,"played":[1.0,0.0],"evs":[0.0,-2.41387]},"Q6s":{"weight":1.0,"played":[1.0,0.0],"evs":[0.0,-2.18118]},"Q7s":{"weight":1.0,"played":[1.0,0.0],"evs":[0.0,-2.41623]},"Q8s":{"weight":1.0,"played":[1.0,0.0],"evs":[0.0,-1.64248]},"Q9s":{"weight":1.0,"played":[1.0,0.0],"evs":[0.0,-1.2392]},"QTs":{"weight":1.0,"played":[0.9992,8.0E-4],"evs":[0.0,-0.70477]},"QJs":{"weight":1.0,"played":[0.9851,0.0149],"evs":[0.0,-0.51122]},"QQ":{"weight":1.0,"played":[0.0,1.0],"evs":[0.0,10.50457]},"KQo":{"weight":1.0,"played":[0.9995,5.0E-4],"evs":[0.0,-0.19169]},"AQo":{"weight":1.0,"played":[0.0,1.0],"evs":[0.0,2.35933]},"K2s":{"weight":1.0,"played":[1.0,0.0],"evs":[0.0,-2.81981]},"K3s":{"weight":1.0,"played":[1.0,0.0],"evs":[0.0,-2.78258]},"K4s":{"weight":1.0,"played":[1.0,0.0],"evs":[0.0,-2.4732]},"K5s":{"weight":1.0,"played":[1.0,0.0],"evs":[0.0,-2.10746]},"K6s":{"weight":1.0,"played":[1.0,0.0],"evs":[0.0,-1.97658]},"K7s":{"weight":1.0,"played":[1.0,0.0],"evs":[0.0,-1.79501]},"K8s":{"weight":1.0,"played":[1.0,0.0],"evs":[0.0,-1.79592]},"K9s":{"weight":1.0,"played":[1.0,0.0],"evs":[0.0,-1.36954]},"KTs":{"weight":1.0,"played":[0.9999,1.0E-4],"evs":[0.0,-0.63458]},"KJs":{"weight":1.0,"played":[0.9755,0.0245],"evs":[0.0,-0.04838]},"KQs":{"weight":1.0,"played":[0.0309,0.9691],"evs":[0.0,1.01468]},"KK":{"weight":1.0,"played":[0.0,1.0],"evs":[0.0,12.60326]},"AKo":{"weight":1.0,"played":[0.0,1.0],"evs":[0.0,3.60196]},"A2s":{"weight":1.0,"played":[1.0,0.0],"evs":[0.0,-3.07128]},"A3s":{"weight":1.0,"played":[1.0,0.0],"evs":[0.0,-2.53858]},"A4s":{"weight":1.0,"played":[0.9999,1.0E-4],"evs":[0.0,-2.18795]},"A5s":{"weight":1.0,"played":[1.0,0.0],"evs":[0.0,-1.94085]},"A6s":{"weight":1.0,"played":[1.0,0.0],"evs":[0.0,-2.2133]},"A7s":{"weight":1.0,"played":[1.0,0.0],"evs":[0.0,-1.9033]},"A8s":{"weight":1.0,"played":[1.0,0.0],"evs":[0.0,-1.53708]},"A9s":{"weight":1.0,"played":[1.0,0.0],"evs":[0.0,-1.39165]},"ATs":{"weight":1.0,"played":[0.1167,0.8833],"evs":[0.0,-0.04877]},"AJs":{"weight":1.0,"played":[0.0,1.0],"evs":[0.0,1.6148]},"AQs":{"weight":1.0,"played":[0.0,1.0],"evs":[0.0,3.50223]},"AKs":{"weight":1.0,"played":[0.0,1.0],"evs":[0.0,4.66766]},"AA":{"weight":1.0,"played":[0.0,1.0],"evs":[0.0,16.09546]}}}