{"player":2,"street":0,"children":2,"sequence":[{"player":0,"type":"F","amount":0,"street":0},{"player":1,"type":"R","amount":1245000,"street":0},{"player":2,"type":"C","amount":1245000,"street":0},{"player":3,"type":"F","amount":0,"street":0},{"player":4,"type":"F","amount":0,"street":0},{"player":5,"type":"R","amount":1385000,"street":0}],"actions":[{"type":"F","amount":0},{"type":"C","amount":140000}],"hands":{"22":{"weight":0.0,"played":[0.0,1.0],"evs":[0.0,7.65571]},"32o":{"weight":0.0,"played":[0.0,1.0],"evs":[0.0,5.16712]},"42o":{"weight":0.0,"played":[0.0,1.0],"evs":[0.0,5.29021]},"52o":{"weight":0.0,"played":[0.0,1.0],"evs":[0.0,5.42698]},"62o":{"weight":0.0,"played":[0.0,1.0],"evs":[0.0,5.06626]},"72o":{"weight":0.0,"played":[0.0,1.0],"evs":[0.0,4.81363]},"82o":{"weight":0.0,"played":[0.0,1.0],"evs":[0.0,5.1632]},"92o":{"weight":0.0,"played":[0.0,1.0],"evs":[0.0,5.2735]},"T2o":{"weight":0.0,"played":[0.0,1.0],"evs":[0.0,5.3625]},"J2o":{"weight":0.0,"played":[0.0,1.0],"evs":[0.0,5.42587]},"Q2o":{"weight":0.0,"played":[0.0,1.0],"evs":[0.0,5.6048]},"K2o":{"weight":0.0,"played":[0.0,1.0],"evs":[0.0,6.07953]},"A2o":{"weight":0.0,"played":[0.0,1.0],"evs":[0.0,6.04464]},"32s":{"weight":0.0,"played":[0.0,1.0],"evs":[0.0,6.38471]},"33":{"weight":1.0E-4,"played":[0.0,1.0],"evs":[0.0,7.83532]},"43o":{"weight":0.0,"played":[0.0,1.0],"evs":[0.0,5.79885]},"53o":{"weight":0.0,"played":[0.0,1.0],"evs":[0.0,5.95329]},"63o":{"weight":0.0,"played":[0.0,1.0],"evs":[0.0,5.65807]},"73o":{"weight":0.0,"played":[0.0,1.0],"evs":[0.0,5.32863]},"83o":{"weight":0.0,"played":[0.0,1.0],"evs":[0.0,5.13174]},"93o":{"weight":0.0,"played":[0.0,1.0],"evs":[0.0,5.39373]},"T3o":{"weight":0.0,"played":[0.0,1.0],"evs":[0.0,5.48559]},"J3o":{"weight":0.0,"played":[0.0,1.0],"evs":[0.0,5.59184]},"Q3o":{"weight":0.0,"played":[0.0,1.0],"evs":[0.0,5.74426]},"K3o":{"weight":0.0,"played":[0.0,1.0],"evs":[0.0,6.23778]},"A3o":{"weight":0.0,"played":[0.0,1.0],"evs":[0.0,6.23249]},"42s":{"weight":0.0,"played":[0.0,1.0],"evs":[0.0,6.63006]},"43s":{"weight":0.0,"played":[0.0,1.0],"evs":[0.0,6.80948]},"44":{"weight":0.1591,"played":[0.0,1.0],"evs":[0.0,8.09227]},"54o":{"weight":0.0,"played":[0.0,1.0],"evs":[0.0,6.44585]},"64o":{"weight":0.0,"played":[0.0,1.0],"evs":[0.0,6.16492]},"74o":{"weight":0.0,"played":[0.0,1.0],"evs":[0.0,5.86285]},"84o":{"weight":0.0,"played":[0.0,1.0],"evs":[0.0,5.69255]},"94o":{"weight":0.0,"played":[0.0,1.0],"evs":[0.0,5.35537]},"T4o":{"weight":0.0,"played":[0.0,1.0],"evs":[0.0,5.55585]},"J4o":{"weight":0.0,"played":[0.0,1.0],"evs":[0.0,5.68705]},"Q4o":{"weight":0.0,"played":[0.0,1.0],"evs":[0.0,5.90671]},"K4o":{"weight":0.0,"played":[0.0,1.0],"evs":[0.0,6.28225]},"A4o":{"weight":0.0,"played":[0.0,1.0],"evs":[0.0,6.46278]},"52s":{"weight":0.0,"played":[0.0,1.0],"evs":[0.0,6.66776]},"53s":{"weight":0.0,"played":[0.0,1.0],"evs":[0.0,7.16235]},"54s":{"weight":0.0,"played":[0.0,1.0],"evs":[0.0,7.64408]},"55":{"weight":0.2182,"played":[0.0,1.0],"evs":[0.0,8.48447]},"65o":{"weight":0.0,"played":[0.0,1.0],"evs":[0.0,6.63297]},"75o":{"weight":0.0,"played":[0.0,1.0],"evs":[0.0,6.34884]},"85o":{"weight":0.0,"played":[0.0,1.0],"evs":[0.0,6.14322]},"95o":{"weight":0.0,"played":[0.0,1.0],"evs":[0.0,5.84141]},"T5o":{"weight":0.0,"played":[0.0,1.0],"evs":[0.0,5.68359]},"J5o":{"weight":0.0,"played":[0.0,1.0],"evs":[0.0,5.92615]},"Q5o":{"weight":0.0,"played":[0.0,1.0],"evs":[0.0,6.07111]},"K5o":{"weight":0.0,"played":[0.0,1.0],"evs":[0.0,6.50758]},"A5o":{"weight":0.0,"played":[0.0,1.0],"evs":[0.0,6.60584]},"62s":{"weight":0.0,"played":[0.0,1.0],"evs":[0.0,6.54604]},"63s":{"weight":0.0,"played":[0.0,1.0],"evs":[0.0,6.99311]},"64s":{"weight":0.0,"played":[0.0,1.0],"evs":[0.0,7.33381]},"65s":{"weight":0.0,"played":[0.0,1.0],"evs":[0.0,7.8317]},"66":{"weight":0.7558,"played":[0.0,1.0],"evs":[0.0,9.27199]},"76o":{"weight":0.0,"played":[0.0,1.0],"evs":[0.0,6.86187]},"86o":{"weight":0.0,"played":[0.0,1.0],"evs":[0.0,6.57922]},"96o":{"weight":0.0,"played":[0.0,1.0],"evs":[0.0,6.43614]},"T6o":{"weight":0.0,"played":[0.0,1.0],"evs":[0.0,6.16669]},"J6o":{"weight":0.0,"played":[0.0,1.0],"evs":[0.0,6.00795]},"Q6o":{"weight":0.0,"played":[0.0,1.0],"evs":[0.0,6.27835]},"K6o":{"weight":0.0,"played":[0.0,1.0],"evs":[0.0,6.68401]},"A6o":{"weight":0.0,"played":[0.0,1.0],"evs":[0.0,6.28617]},"72s":{"weight":0.0,"played":[0.0,1.0],"evs":[0.0,6.16524]},"73s":{"weight":0.0,"played":[0.0,1.0],"evs":[0.0,6.71052]},"74s":{"weight":0.0,"played":[0.0,1.0],"evs":[0.0,7.20675]},"75s":{"weight":0.0,"played":[0.0,1.0],"evs":[0.0,7.51076]},"76s":{"weight":0.0,"played":[0.0,1.0],"evs":[0.0,7.99749]},"77":{"weight":0.7684,"played":[0.0,1.0],"evs":[0.0,9.85262]},"87o":{"weight":0.0,"played":[0.0,1.0],"evs":[0.0,7.07543]},"97o":{"weight":0.0,"played":[0.0,1.0],"evs":[0.0,6.9476]},"T7o":{"weight":0.0,"played":[0.0,1.0],"evs":[0.0,6.64633]},"J7o":{"weight":0.0,"played":[0.0,1.0],"evs":[0.0,6.45045]},"Q7o":{"weight":0.0,"played":[0.0,1.0],"evs":[0.0,6.31355]},"K7o":{"weight":0.0,"played":[0.0,1.0],"evs":[0.0,6.83013]},"A7o":{"weight":0.0,"played":[0.0,1.0],"evs":[0.0,6.54012]},"82s":{"weight":0.0,"played":[0.0,1.0],"evs":[0.0,6.22872]},"83s":{"weight":0.0,"played":[0.0,1.0],"evs":[0.0,6.41005]},"84s":{"weight":0.0,"played":[0.0,1.0],"evs":[0.0,6.7112]},"85s":{"weight":0.0,"played":[0.0,1.0],"evs":[0.0,7.3448]},"86s":{"weight":0.0,"played":[0.0,1.0],"evs":[0.0,7.83998]},"87s":{"weight":0.0,"played":[0.0,1.0],"evs":[0.0,8.06763]},"88":{"weight":0.5723,"played":[0.0,1.0],"evs":[0.0,10.84781]},"98o":{"weight":0.0,"played":[0.0,1.0],"evs":[0.0,7.25565]},"T8o":{"weight":0.0,"played":[0.0,1.0],"evs":[0.0,7.13532]},"J8o":{"weight":0.0,"played":[0.0,1.0],"evs":[0.0,6.93172]},"Q8o":{"weight":0.0,"played":[0.0,1.0],"evs":[0.0,6.78574]},"K8o":{"weight":0.0,"played":[0.0,1.0],"evs":[0.0,6.99408]},"A8o":{"weight":0.0,"played":[0.0,1.0],"evs":[0.0,6.74811]},"92s":{"weight":0.0,"played":[0.0,1.0],"evs":[0.0,6.69213]},"93s":{"weight":0.0,"played":[0.0,1.0],"evs":[0.0,6.6719]},"94s":{"weight":0.0,"played":[0.0,1.0],"evs":[0.0,6.66851]},"95s":{"weight":0.0,"played":[0.0,1.0],"evs":[0.0,7.19687]},"96s":{"weight":0.0,"played":[0.0,1.0],"evs":[0.0,7.70474]},"97s":{"weight":0.0,"played":[0.0,1.0],"evs":[0.0,8.06084]},"98s":{"weight":0.0,"played":[0.0,1.0],"evs":[0.0,8.43356]},"99":{"weight":0.619,"played":[0.0,1.0],"evs":[0.0,11.95539]},"T9o":{"weight":0.0,"played":[0.0,1.0],"evs":[0.0,7.61484]},"J9o":{"weight":0.0,"played":[0.0,1.0],"evs":[0.0,7.48501]},"Q9o":{"weight":0.0,"played":[0.0,1.0],"evs":[0.0,7.28956]},"K9o":{"weight":0.0,"played":[0.0,1.0],"evs":[0.0,7.46258]},"A9o":{"weight":0.0,"played":[0.0,1.0],"evs":[0.0,7.23998]},"T2s":{"weight":0.0,"played":[0.0,1.0],"evs":[0.0,6.69863]},"T3s":{"weight":0.0,"played":[0.0,1.0],"evs":[0.0,6.86976]},"T4s":{"weight":0.0,"played":[0.0,1.0],"evs":[0.0,6.88844]},"T5s":{"weight":0.0,"played":[0.0,1.0],"evs":[0.0,6.93221]},"T6s":{"weight":0.0,"played":[0.0,1.0],"evs":[0.0,7.13711]},"T7s":{"weight":0.0,"played":[0.0,1.0],"evs":[0.0,7.92884]},"T8s":{"weight":0.0,"played":[0.0,1.0],"evs":[0.0,8.37297]},"T9s":{"weight":0.0,"played":[0.0,1.0],"evs":[0.0,8.80422]},"TT":{"weight":0.3688,"played":[0.0,1.0],"evs":[0.0,13.48448]},"JTo":{"weight":0.0,"played":[0.0,1.0],"evs":[0.0,8.17973]},"QTo":{"weight":0.0,"played":[0.0,1.0],"evs":[0.0,8.03478]},"KTo":{"weight":0.0,"played":[0.0,1.0],"evs":[0.0,8.20857]},"ATo":{"weight":0.7398,"played":[0.0,1.0],"evs":[0.0,8.25207]},"J2s":{"weight":0.0,"played":[0.0,1.0],"evs":[0.0,6.74204]},"J3s":{"weight":0.0,"played":[0.0,1.0],"evs":[0.0,6.97539]},"J4s":{"weight":0.0,"played":[0.0,1.0],"evs":[0.0,6.89685]},"J5s":{"weight":0.0,"played":[0.0,1.0],"evs":[0.0,7.18003]},"J6s":{"weight":0.0,"played":[0.0,1.0],"evs":[0.0,7.3316]},"J7s":{"weight":0.0,"played":[0.0,1.0],"evs":[0.0,7.8384]},"J8s":{"weight":0.0,"played":[0.0,1.0],"evs":[0.0,8.11474]},"J9s":{"weight":0.0,"played":[0.0,1.0],"evs":[0.0,8.69458]},"JTs":{"weight":0.0035,"played":[0.0,1.0],"evs":[0.0,9.25075]},"JJ":{"weight":0.163,"played":[0.0,1.0],"evs":[0.0,15.57616]},"QJo":{"weight":0.0,"played":[0.0,1.0],"evs":[0.0,8.26218]},"KJo":{"weight":0.0,"played":[0.0,1.0],"evs":[0.0,8.55897]},"AJo":{"weight":0.5255,"played":[0.0,1.0],"evs":[0.0,9.01738]},"Q2s":{"weight":0.0,"played":[0.0,1.0],"evs":[0.0,6.96372]},"Q3s":{"weight":0.0,"played":[0.0,1.0],"evs":[0.0,7.04069]},"Q4s":{"weight":0.0,"played":[0.0,1.0],"evs":[0.0,7.36628]},"Q5s":{"weight":0.0,"played":[0.0,1.0],"evs":[0.0,7.43362]},"Q6s":{"weight":0.0,"played":[0.0,1.0],"evs":[0.0,7.69194]},"Q7s":{"weight":0.0,"played":[0.0,1.0],"evs":[0.0,7.41753]},"Q8s":{"weight":0.0,"played":[0.0,1.0],"evs":[0.0,7.98993]},"Q9s":{"weight":0.0,"played":[0.0,1.0],"evs":[0.0,8.52016]},"QTs":{"weight":9.0E-4,"played":[0.0,1.0],"evs":[0.0,9.27309]},"QJs":{"weight":0.7946,"played":[0.0,1.0],"evs":[0.0,9.55089]},"QQ":{"weight":0.388,"played":[0.0,1.0],"evs":[0.0,17.66513]},"KQo":{"weight":0.4859,"played":[0.0,1.0],"evs":[0.0,9.11379]},"AQo":{"weight":0.5186,"played":[0.0,1.0],"evs":[0.0,10.35482]},"K2s":{"weight":0.0,"played":[0.0,1.0],"evs":[0.0,7.53711]},"K3s":{"weight":0.0,"played":[0.0,1.0],"evs":[0.0,7.40375]},"K4s":{"weight":0.0,"played":[0.0,1.0],"evs":[0.0,7.62834]},"K5s":{"weight":0.0,"played":[0.0,1.0],"evs":[0.0,7.5795]},"K6s":{"weight":0.0,"played":[0.0,1.0],"evs":[0.0,7.95712]},"K7s":{"weight":0.0,"played":[0.0,1.0],"evs":[0.0,7.94711]},"K8s":{"weight":0.0,"played":[0.0,1.0],"evs":[0.0,8.11169]},"K9s":{"weight":0.0,"played":[0.0,1.0],"evs":[0.0,8.87945]},"KTs":{"weight":0.0389,"played":[0.0,1.0],"evs":[0.0,9.18808]},"KJs":{"weight":0.7207,"played":[0.0,1.0],"evs":[0.0,9.65311]},"KQs":{"weight":0.3059,"played":[0.0,1.0],"evs":[0.0,10.30531]},"KK":{"weight":0.6977,"played":[0.0,1.0],"evs":[0.0,20.48865]},"AKo":{"weight":0.7391,"played":[0.0,1.0],"evs":[0.0,12.15703]},"A2s":{"weight":0.0,"played":[0.0,1.0],"evs":[0.0,7.31789]},"A3s":{"weight":0.0,"played":[0.0,1.0],"evs":[0.0,7.47172]},"A4s":{"weight":0.0,"played":[0.0,1.0],"evs":[0.0,7.64495]},"A5s":{"weight":0.0,"played":[0.0,1.0],"evs":[0.0,7.68512]},"A6s":{"weight":0.0,"played":[0.0,1.0],"evs":[0.0,7.71242]},"A7s":{"weight":0.0,"played":[0.0,1.0],"evs":[0.0,8.09586]},"A8s":{"weight":0.7763,"played":[0.0,1.0],"evs":[0.0,8.12136]},"A9s":{"weight":0.6051,"played":[0.0,1.0],"evs":[0.0,8.77858]},"ATs":{"weight":0.757,"played":[0.0,1.0],"evs":[0.0,9.49047]},"AJs":{"weight":0.9337,"played":[0.0,1.0],"evs":[0.0,10.2231]},"AQs":{"weight":0.5094,"played":[0.0,1.0],"evs":[0.0,11.64131]},"AKs":{"weight":0.5683,"played":[0.0,1.0],"evs":[0.0,13.18099]},"AA":{"weight":0.8305,"played":[0.0,1.0],"evs":[0.0,23.78284]}}}