{"player":2,"street":0,"children":2,"sequence":[{"player":0,"type":"F","amount":0,"street":0},{"player":1,"type":"R","amount":1245000,"street":0},{"player":2,"type":"C","amount":1245000,"street":0},{"player":3,"type":"F","amount":0,"street":0},{"player":4,"type":"R","amount":1985000,"street":0},{"player":5,"type":"F","amount":0,"street":0}],"actions":[{"type":"F","amount":0},{"type":"C","amount":740000}],"hands":{"22":{"weight":0.0,"played":[0.0,1.0],"evs":[0.0,5.36491]},"32o":{"weight":0.0,"played":[0.0,1.0],"evs":[0.0,2.27604]},"42o":{"weight":0.0,"played":[0.0,1.0],"evs":[0.0,2.3838]},"52o":{"weight":0.0,"played":[0.0,1.0],"evs":[0.0,2.65588]},"62o":{"weight":0.0,"played":[0.0,1.0],"evs":[0.0,2.23107]},"72o":{"weight":0.0,"played":[0.0,1.0],"evs":[0.0,1.77529]},"82o":{"weight":0.0,"played":[0.0,1.0],"evs":[0.0,2.13896]},"92o":{"weight":0.0,"played":[0.0,1.0],"evs":[0.0,2.23191]},"T2o":{"weight":0.0,"played":[0.0,1.0],"evs":[0.0,2.70756]},"J2o":{"weight":0.0,"played":[0.0,1.0],"evs":[0.0,2.83924]},"Q2o":{"weight":0.0,"played":[0.0,1.0],"evs":[0.0,2.89085]},"K2o":{"weight":0.0,"played":[0.0,1.0],"evs":[0.0,3.40421]},"A2o":{"weight":0.0,"played":[0.0,1.0],"evs":[0.0,2.86746]},"32s":{"weight":0.0,"played":[0.0,1.0],"evs":[0.0,3.82398]},"33":{"weight":1.0E-4,"played":[0.0,1.0],"evs":[0.0,5.56091]},"43o":{"weight":0.0,"played":[0.0,1.0],"evs":[0.0,3.13989]},"53o":{"weight":0.0,"played":[0.0,1.0],"evs":[0.0,3.21994]},"63o":{"weight":0.0,"played":[0.0,1.0],"evs":[0.0,2.70271]},"73o":{"weight":0.0,"played":[0.0,1.0],"evs":[0.0,2.37557]},"83o":{"weight":0.0,"played":[0.0,1.0],"evs":[0.0,2.11634]},"93o":{"weight":0.0,"played":[0.0,1.0],"evs":[0.0,2.48445]},"T3o":{"weight":0.0,"played":[0.0,1.0],"evs":[0.0,2.79758]},"J3o":{"weight":0.0,"played":[0.0,1.0],"evs":[0.0,2.88704]},"Q3o":{"weight":0.0,"played":[0.0,1.0],"evs":[0.0,2.84285]},"K3o":{"weight":0.0,"played":[0.0,1.0],"evs":[0.0,3.66576]},"A3o":{"weight":0.0,"played":[0.0,1.0],"evs":[0.0,3.16959]},"42s":{"weight":0.0,"played":[0.0,1.0],"evs":[0.0,4.09519]},"43s":{"weight":0.0,"played":[0.0,1.0],"evs":[0.0,4.69237]},"44":{"weight":0.1591,"played":[0.0,1.0],"evs":[0.0,5.89004]},"54o":{"weight":0.0,"played":[0.0,1.0],"evs":[0.0,3.64226]},"64o":{"weight":0.0,"played":[0.0,1.0],"evs":[0.0,3.34682]},"74o":{"weight":0.0,"played":[0.0,1.0],"evs":[0.0,3.07487]},"84o":{"weight":0.0,"played":[0.0,1.0],"evs":[0.0,2.88559]},"94o":{"weight":0.0,"played":[0.0,1.0],"evs":[0.0,2.49768]},"T4o":{"weight":0.0,"played":[0.0,1.0],"evs":[0.0,2.97645]},"J4o":{"weight":0.0,"played":[0.0,1.0],"evs":[0.0,3.08703]},"Q4o":{"weight":0.0,"played":[0.0,1.0],"evs":[0.0,3.0797]},"K4o":{"weight":0.0,"played":[0.0,1.0],"evs":[0.0,3.85887]},"A4o":{"weight":0.0,"played":[0.0,1.0],"evs":[0.0,3.27874]},"52s":{"weight":0.0,"played":[0.0,1.0],"evs":[0.0,4.11338]},"53s":{"weight":0.0,"played":[0.0,1.0],"evs":[0.0,4.83773]},"54s":{"weight":0.0,"played":[0.0,1.0],"evs":[0.0,5.45543]},"55":{"weight":0.2182,"played":[0.0,1.0],"evs":[0.0,6.25469]},"65o":{"weight":0.0,"played":[0.0,1.0],"evs":[0.0,3.98895]},"75o":{"weight":0.0,"played":[0.0,1.0],"evs":[0.0,3.47112]},"85o":{"weight":0.0,"played":[0.0,1.0],"evs":[0.0,3.37619]},"95o":{"weight":0.0,"played":[0.0,1.0],"evs":[0.0,3.11563]},"T5o":{"weight":0.0,"played":[0.0,1.0],"evs":[0.0,3.08958]},"J5o":{"weight":0.0,"played":[0.0,1.0],"evs":[0.0,3.39556]},"Q5o":{"weight":0.0,"played":[0.0,1.0],"evs":[0.0,3.208]},"K5o":{"weight":0.0,"played":[0.0,1.0],"evs":[0.0,4.01249]},"A5o":{"weight":0.0,"played":[0.0,1.0],"evs":[0.0,3.47888]},"62s":{"weight":0.0,"played":[0.0,1.0],"evs":[0.0,3.7714]},"63s":{"weight":0.0,"played":[0.0,1.0],"evs":[0.0,4.33024]},"64s":{"weight":0.0,"played":[0.0,1.0],"evs":[0.0,5.10664]},"65s":{"weight":0.0,"played":[0.0,1.0],"evs":[0.0,5.48128]},"66":{"weight":0.7558,"played":[0.0,1.0],"evs":[0.0,6.64522]},"76o":{"weight":0.0,"played":[0.0,1.0],"evs":[0.0,4.04841]},"86o":{"weight":0.0,"played":[0.0,1.0],"evs":[0.0,3.94556]},"96o":{"weight":0.0,"played":[0.0,1.0],"evs":[0.0,3.74169]},"T6o":{"weight":0.0,"played":[0.0,1.0],"evs":[0.0,3.6847]},"J6o":{"weight":0.0,"played":[0.0,1.0],"evs":[0.0,3.35149]},"Q6o":{"weight":0.0,"played":[0.0,1.0],"evs":[0.0,3.1618]},"K6o":{"weight":0.0,"played":[0.0,1.0],"evs":[0.0,4.06781]},"A6o":{"weight":0.0,"played":[0.0,1.0],"evs":[0.0,2.93883]},"72s":{"weight":0.0,"played":[0.0,1.0],"evs":[0.0,3.46215]},"73s":{"weight":0.0,"played":[0.0,1.0],"evs":[0.0,3.96697]},"74s":{"weight":0.0,"played":[0.0,1.0],"evs":[0.0,4.67732]},"75s":{"weight":0.0,"played":[0.0,1.0],"evs":[0.0,5.12562]},"76s":{"weight":0.0,"played":[0.0,1.0],"evs":[0.0,5.69048]},"77":{"weight":0.7684,"played":[0.0,1.0],"evs":[0.0,7.45118]},"87o":{"weight":0.0,"played":[0.0,1.0],"evs":[0.0,4.34946]},"97o":{"weight":0.0,"played":[0.0,1.0],"evs":[0.0,4.25145]},"T7o":{"weight":0.0,"played":[0.0,1.0],"evs":[0.0,4.08628]},"J7o":{"weight":0.0,"played":[0.0,1.0],"evs":[0.0,3.80588]},"Q7o":{"weight":0.0,"played":[0.0,1.0],"evs":[0.0,3.37833]},"K7o":{"weight":0.0,"played":[0.0,1.0],"evs":[0.0,4.08579]},"A7o":{"weight":0.0,"played":[0.0,1.0],"evs":[0.0,3.15015]},"82s":{"weight":0.0,"played":[0.0,1.0],"evs":[0.0,3.83683]},"83s":{"weight":0.0,"played":[0.0,1.0],"evs":[0.0,3.94001]},"84s":{"weight":0.0,"played":[0.0,1.0],"evs":[0.0,4.42827]},"85s":{"weight":0.0,"played":[0.0,1.0],"evs":[0.0,5.1013]},"86s":{"weight":0.0,"played":[0.0,1.0],"evs":[0.0,5.72597]},"87s":{"weight":0.0,"played":[0.0,1.0],"evs":[0.0,5.83382]},"88":{"weight":0.5723,"played":[0.0,1.0],"evs":[0.0,8.71742]},"98o":{"weight":0.0,"played":[0.0,1.0],"evs":[0.0,4.77186]},"T8o":{"weight":0.0,"played":[0.0,1.0],"evs":[0.0,4.75684]},"J8o":{"weight":0.0,"played":[0.0,1.0],"evs":[0.0,4.70785]},"Q8o":{"weight":0.0,"played":[0.0,1.0],"evs":[0.0,4.14945]},"K8o":{"weight":0.0,"played":[0.0,1.0],"evs":[0.0,4.36798]},"A8o":{"weight":0.0,"played":[0.0,1.0],"evs":[0.0,3.77459]},"92s":{"weight":0.0,"played":[0.0,1.0],"evs":[0.0,3.66033]},"93s":{"weight":0.0,"played":[0.0,1.0],"evs":[0.0,4.14436]},"94s":{"weight":0.0,"played":[0.0,1.0],"evs":[0.0,4.02325]},"95s":{"weight":0.0,"played":[0.0,1.0],"evs":[0.0,4.99971]},"96s":{"weight":0.0,"played":[0.0,1.0],"evs":[0.0,5.38291]},"97s":{"weight":0.0,"played":[0.0,1.0],"evs":[0.0,5.48247]},"98s":{"weight":0.0,"played":[0.0,1.0],"evs":[0.0,6.02807]},"99":{"weight":0.619,"played":[0.0,1.0],"evs":[0.0,10.06841]},"T9o":{"weight":0.0,"played":[0.0,1.0],"evs":[0.0,5.36077]},"J9o":{"weight":0.0,"played":[0.0,1.0],"evs":[0.0,5.22696]},"Q9o":{"weight":0.0,"played":[0.0,1.0],"evs":[0.0,4.72355]},"K9o":{"weight":0.0,"played":[0.0,1.0],"evs":[0.0,4.94744]},"A9o":{"weight":0.0,"played":[0.0,1.0],"evs":[0.0,3.9887]},"T2s":{"weight":0.0,"played":[0.0,1.0],"evs":[0.0,4.22474]},"T3s":{"weight":0.0,"played":[0.0,1.0],"evs":[0.0,4.41602]},"T4s":{"weight":0.0,"played":[0.0,1.0],"evs":[0.0,4.72803]},"T5s":{"weight":0.0,"played":[0.0,1.0],"evs":[0.0,4.41893]},"T6s":{"weight":0.0,"played":[0.0,1.0],"evs":[0.0,4.91916]},"T7s":{"weight":0.0,"played":[0.0,1.0],"evs":[0.0,5.53787]},"T8s":{"weight":0.0,"played":[0.0,1.0],"evs":[0.0,6.2941]},"T9s":{"weight":0.0,"played":[0.0,1.0],"evs":[0.0,6.94077]},"TT":{"weight":0.3688,"played":[0.0,1.0],"evs":[0.0,12.18959]},"JTo":{"weight":0.0,"played":[0.0,1.0],"evs":[0.0,5.97075]},"QTo":{"weight":0.0,"played":[0.0,1.0],"evs":[0.0,5.71264]},"KTo":{"weight":0.0,"played":[0.0,1.0],"evs":[0.0,5.92774]},"ATo":{"weight":0.7398,"played":[0.0,1.0],"evs":[0.0,5.01064]},"J2s":{"weight":0.0,"played":[0.0,1.0],"evs":[0.0,4.36668]},"J3s":{"weight":0.0,"played":[0.0,1.0],"evs":[0.0,4.73956]},"J4s":{"weight":0.0,"played":[0.0,1.0],"evs":[0.0,4.52463]},"J5s":{"weight":0.0,"played":[0.0,1.0],"evs":[0.0,4.87891]},"J6s":{"weight":0.0,"played":[0.0,1.0],"evs":[0.0,5.05832]},"J7s":{"weight":0.0,"played":[0.0,1.0],"evs":[0.0,5.42593]},"J8s":{"weight":0.0,"played":[0.0,1.0],"evs":[0.0,6.15925]},"J9s":{"weight":0.0,"played":[0.0,1.0],"evs":[0.0,6.58122]},"JTs":{"weight":0.0035,"played":[0.0,1.0],"evs":[0.0,7.66116]},"JJ":{"weight":0.163,"played":[0.0,1.0],"evs":[0.0,14.25649]},"QJo":{"weight":0.0,"played":[0.0,1.0],"evs":[0.0,5.70239]},"KJo":{"weight":0.0,"played":[0.0,1.0],"evs":[0.0,6.22073]},"AJo":{"weight":0.5255,"played":[0.0,1.0],"evs":[0.0,5.77858]},"Q2s":{"weight":0.0,"played":[0.0,1.0],"evs":[0.0,4.27016]},"Q3s":{"weight":0.0,"played":[0.0,1.0],"evs":[0.0,4.71836]},"Q4s":{"weight":0.0,"played":[0.0,1.0],"evs":[0.0,4.77036]},"Q5s":{"weight":0.0,"played":[0.0,1.0],"evs":[0.0,4.96767]},"Q6s":{"weight":0.0,"played":[0.0,1.0],"evs":[0.0,4.84732]},"Q7s":{"weight":0.0,"played":[0.0,1.0],"evs":[0.0,5.08637]},"Q8s":{"weight":0.0,"played":[0.0,1.0],"evs":[0.0,5.50281]},"Q9s":{"weight":0.0,"played":[0.0,1.0],"evs":[0.0,6.05091]},"QTs":{"weight":9.0E-4,"played":[0.0,1.0],"evs":[0.0,7.1603]},"QJs":{"weight":0.7946,"played":[0.0,1.0],"evs":[0.0,7.44245]},"QQ":{"weight":0.388,"played":[0.0,1.0],"evs":[0.0,17.09227]},"KQo":{"weight":0.4859,"played":[0.0,1.0],"evs":[0.0,6.36452]},"AQo":{"weight":0.5186,"played":[0.0,1.0],"evs":[0.0,7.54349]},"K2s":{"weight":0.0,"played":[0.0,1.0],"evs":[0.0,5.16779]},"K3s":{"weight":0.0,"played":[0.0,1.0],"evs":[0.0,5.08069]},"K4s":{"weight":0.0,"played":[0.0,1.0],"evs":[0.0,5.48216]},"K5s":{"weight":0.0,"played":[0.0,1.0],"evs":[0.0,5.50166]},"K6s":{"weight":0.0,"played":[0.0,1.0],"evs":[0.0,5.47664]},"K7s":{"weight":0.0,"played":[0.0,1.0],"evs":[0.0,5.82498]},"K8s":{"weight":0.0,"played":[0.0,1.0],"evs":[0.0,5.74726]},"K9s":{"weight":0.0,"played":[0.0,1.0],"evs":[0.0,6.34728]},"KTs":{"weight":0.0389,"played":[0.0,1.0],"evs":[0.0,7.34336]},"KJs":{"weight":0.7207,"played":[0.0,1.0],"evs":[0.0,7.39235]},"KQs":{"weight":0.3059,"played":[0.0,1.0],"evs":[0.0,7.6613]},"KK":{"weight":0.6977,"played":[0.0,1.0],"evs":[0.0,20.50349]},"AKo":{"weight":0.7391,"played":[0.0,1.0],"evs":[0.0,10.49651]},"A2s":{"weight":0.0,"played":[0.0,1.0],"evs":[0.0,4.57321]},"A3s":{"weight":0.0,"played":[0.0,1.0],"evs":[0.0,4.88423]},"A4s":{"weight":0.0,"played":[0.0,1.0],"evs":[0.0,5.08157]},"A5s":{"weight":0.0,"played":[0.0,1.0],"evs":[0.0,5.19288]},"A6s":{"weight":0.0,"played":[0.0,1.0],"evs":[0.0,4.71201]},"A7s":{"weight":0.0,"played":[0.0,1.0],"evs":[0.0,4.89562]},"A8s":{"weight":0.7763,"played":[0.0,1.0],"evs":[0.0,5.16121]},"A9s":{"weight":0.6051,"played":[0.0,1.0],"evs":[0.0,5.6448]},"ATs":{"weight":0.757,"played":[0.0,1.0],"evs":[0.0,6.46354]},"AJs":{"weight":0.9337,"played":[0.0,1.0],"evs":[0.0,7.36689]},"AQs":{"weight":0.5094,"played":[0.0,1.0],"evs":[0.0,8.82042]},"AKs":{"weight":0.5683,"played":[0.0,1.0],"evs":[0.0,11.77697]},"AA":{"weight":0.8305,"played":[0.0,1.0],"evs":[0.0,25.59926]}}}