{"player":2,"street":0,"children":2,"sequence":[{"player":0,"type":"F","amount":0,"street":0},{"player":1,"type":"R","amount":1245000,"street":0},{"player":2,"type":"C","amount":1245000,"street":0},{"player":3,"type":"F","amount":0,"street":0},{"player":4,"type":"R","amount":1985000,"street":0},{"player":5,"type":"C","amount":1285000,"street":0}],"actions":[{"type":"F","amount":0},{"type":"C","amount":740000}],"hands":{"22":{"weight":0.0,"played":[1.0E-4,0.9999],"evs":[0.0,5.65093]},"32o":{"weight":0.0,"played":[0.0,1.0],"evs":[0.0,3.12073]},"42o":{"weight":0.0,"played":[0.0,1.0],"evs":[0.0,2.99531]},"52o":{"weight":0.0,"played":[0.0,1.0],"evs":[0.0,3.33061]},"62o":{"weight":0.0,"played":[0.0,1.0],"evs":[0.0,2.96887]},"72o":{"weight":0.0,"played":[0.0,1.0],"evs":[0.0,1.35229]},"82o":{"weight":0.0,"played":[0.0,1.0],"evs":[0.0,2.05191]},"92o":{"weight":0.0,"played":[1.0E-4,0.9999],"evs":[0.0,2.15303]},"T2o":{"weight":0.0,"played":[0.0,1.0],"evs":[0.0,2.02194]},"J2o":{"weight":0.0,"played":[0.0,1.0],"evs":[0.0,2.00112]},"Q2o":{"weight":0.0,"played":[0.0,1.0],"evs":[0.0,2.59819]},"K2o":{"weight":0.0,"played":[0.0,1.0],"evs":[0.0,3.03677]},"A2o":{"weight":0.0,"played":[0.0,1.0],"evs":[0.0,3.25452]},"32s":{"weight":0.0,"played":[0.0,1.0],"evs":[0.0,4.4523]},"33":{"weight":1.0E-4,"played":[0.0,1.0],"evs":[0.0,5.01665]},"43o":{"weight":0.0,"played":[0.0,1.0],"evs":[0.0,3.86954]},"53o":{"weight":0.0,"played":[0.0,1.0],"evs":[0.0,3.37637]},"63o":{"weight":0.0,"played":[0.0,1.0],"evs":[0.0,3.66309]},"73o":{"weight":0.0,"played":[0.0,1.0],"evs":[0.0,2.61867]},"83o":{"weight":0.0,"played":[1.0E-4,0.9999],"evs":[0.0,2.16162]},"93o":{"weight":0.0,"played":[0.0,1.0],"evs":[0.0,2.04567]},"T3o":{"weight":0.0,"played":[0.0,1.0],"evs":[0.0,2.64036]},"J3o":{"weight":0.0,"played":[1.0E-4,0.9999],"evs":[0.0,2.85842]},"Q3o":{"weight":0.0,"played":[0.0,1.0],"evs":[0.0,2.33025]},"K3o":{"weight":0.0,"played":[0.0,1.0],"evs":[0.0,2.89555]},"A3o":{"weight":0.0,"played":[0.0,1.0],"evs":[0.0,3.15772]},"42s":{"weight":0.0,"played":[0.0,1.0],"evs":[0.0,5.15953]},"43s":{"weight":0.0,"played":[0.0,1.0],"evs":[0.0,5.77134]},"44":{"weight":0.1591,"played":[0.0,1.0],"evs":[0.0,5.56425]},"54o":{"weight":0.0,"played":[0.0,1.0],"evs":[0.0,4.06698]},"64o":{"weight":0.0,"played":[0.0,1.0],"evs":[0.0,3.96817]},"74o":{"weight":0.0,"played":[0.0,1.0],"evs":[0.0,3.29922]},"84o":{"weight":0.0,"played":[0.0,1.0],"evs":[0.0,2.89023]},"94o":{"weight":0.0,"played":[0.0,1.0],"evs":[0.0,2.1009]},"T4o":{"weight":0.0,"played":[0.0,1.0],"evs":[0.0,2.79463]},"J4o":{"weight":0.0,"played":[0.0,1.0],"evs":[0.0,3.33152]},"Q4o":{"weight":0.0,"played":[0.0,1.0],"evs":[0.0,2.97678]},"K4o":{"weight":0.0,"played":[0.0,1.0],"evs":[0.0,3.62265]},"A4o":{"weight":0.0,"played":[0.0,1.0],"evs":[0.0,3.60927]},"52s":{"weight":0.0,"played":[0.0,1.0],"evs":[0.0,4.98351]},"53s":{"weight":0.0,"played":[1.0E-4,0.9999],"evs":[0.0,5.30773]},"54s":{"weight":0.0,"played":[1.0E-4,0.9999],"evs":[0.0,6.38246]},"55":{"weight":0.2182,"played":[0.0,1.0],"evs":[0.0,5.71055]},"65o":{"weight":0.0,"played":[0.0,1.0],"evs":[0.0,4.79389]},"75o":{"weight":0.0,"played":[0.0,1.0],"evs":[0.0,4.17788]},"85o":{"weight":0.0,"played":[0.0,1.0],"evs":[0.0,3.42894]},"95o":{"weight":0.0,"played":[1.0E-4,0.9999],"evs":[0.0,2.97468]},"T5o":{"weight":0.0,"played":[0.0,1.0],"evs":[0.0,2.48468]},"J5o":{"weight":0.0,"played":[0.0,1.0],"evs":[0.0,3.44255]},"Q5o":{"weight":0.0,"played":[0.0,1.0],"evs":[0.0,3.02603]},"K5o":{"weight":0.0,"played":[0.0,1.0],"evs":[0.0,3.54379]},"A5o":{"weight":0.0,"played":[0.0,1.0],"evs":[0.0,3.20303]},"62s":{"weight":0.0,"played":[2.0E-4,0.9998],"evs":[0.0,3.67134]},"63s":{"weight":0.0,"played":[9.0E-4,0.9991],"evs":[0.0,5.24131]},"64s":{"weight":0.0,"played":[0.0,1.0],"evs":[0.0,5.96777]},"65s":{"weight":0.0,"played":[0.0,1.0],"evs":[0.0,6.57971]},"66":{"weight":0.7558,"played":[0.0,1.0],"evs":[0.0,6.39393]},"76o":{"weight":0.0,"played":[0.0,1.0],"evs":[0.0,4.40454]},"86o":{"weight":0.0,"played":[0.0,1.0],"evs":[0.0,4.24358]},"96o":{"weight":0.0,"played":[0.0,1.0],"evs":[0.0,3.44149]},"T6o":{"weight":0.0,"played":[0.0,1.0],"evs":[0.0,3.05111]},"J6o":{"weight":0.0,"played":[0.0,1.0],"evs":[0.0,3.14081]},"Q6o":{"weight":0.0,"played":[0.0,1.0],"evs":[0.0,2.9707]},"K6o":{"weight":0.0,"played":[0.0,1.0],"evs":[0.0,3.88935]},"A6o":{"weight":0.0,"played":[0.0,1.0],"evs":[0.0,2.81122]},"72s":{"weight":0.0,"played":[0.0,1.0],"evs":[0.0,4.16034]},"73s":{"weight":0.0,"played":[0.0,1.0],"evs":[0.0,4.52104]},"74s":{"weight":0.0,"played":[0.0,1.0],"evs":[0.0,4.57263]},"75s":{"weight":0.0,"played":[0.0,1.0],"evs":[0.0,6.49177]},"76s":{"weight":0.0,"played":[0.0,1.0],"evs":[0.0,6.10128]},"77":{"weight":0.7684,"played":[0.0,1.0],"evs":[0.0,7.36404]},"87o":{"weight":0.0,"played":[0.0,1.0],"evs":[0.0,4.53507]},"97o":{"weight":0.0,"played":[0.0,1.0],"evs":[0.0,4.30121]},"T7o":{"weight":0.0,"played":[0.0,1.0],"evs":[0.0,4.25271]},"J7o":{"weight":0.0,"played":[0.0,1.0],"evs":[0.0,3.4021]},"Q7o":{"weight":0.0,"played":[0.0,1.0],"evs":[0.0,3.44032]},"K7o":{"weight":0.0,"played":[0.0,1.0],"evs":[0.0,3.37908]},"A7o":{"weight":0.0,"played":[0.0,1.0],"evs":[0.0,3.10275]},"82s":{"weight":0.0,"played":[0.0,1.0],"evs":[0.0,3.68857]},"83s":{"weight":0.0,"played":[0.0,1.0],"evs":[0.0,4.57252]},"84s":{"weight":0.0,"played":[0.0,1.0],"evs":[0.0,4.95415]},"85s":{"weight":0.0,"played":[0.0,1.0],"evs":[0.0,5.1774]},"86s":{"weight":0.0,"played":[0.0,1.0],"evs":[0.0,5.59733]},"87s":{"weight":0.0,"played":[0.0,1.0],"evs":[0.0,6.26045]},"88":{"weight":0.5723,"played":[0.0,1.0],"evs":[0.0,8.78825]},"98o":{"weight":0.0,"played":[0.0,1.0],"evs":[0.0,4.02901]},"T8o":{"weight":0.0,"played":[0.0,1.0],"evs":[0.0,4.1424]},"J8o":{"weight":0.0,"played":[0.0,1.0],"evs":[0.0,4.22325]},"Q8o":{"weight":0.0,"played":[0.0,1.0],"evs":[0.0,3.47789]},"K8o":{"weight":0.0,"played":[0.0,1.0],"evs":[0.0,3.38913]},"A8o":{"weight":0.0,"played":[0.0,1.0],"evs":[0.0,2.89095]},"92s":{"weight":0.0,"played":[1.0E-4,0.9999],"evs":[0.0,4.37221]},"93s":{"weight":0.0,"played":[0.0,1.0],"evs":[0.0,4.54465]},"94s":{"weight":0.0,"played":[1.0E-4,0.9999],"evs":[0.0,4.77973]},"95s":{"weight":0.0,"played":[0.0,1.0],"evs":[0.0,4.93511]},"96s":{"weight":0.0,"played":[0.0,1.0],"evs":[0.0,4.63156]},"97s":{"weight":0.0,"played":[0.0,1.0],"evs":[0.0,6.09553]},"98s":{"weight":0.0,"played":[0.0,1.0],"evs":[0.0,6.48461]},"99":{"weight":0.619,"played":[0.0,1.0],"evs":[0.0,9.61844]},"T9o":{"weight":0.0,"played":[0.0,1.0],"evs":[0.0,4.97684]},"J9o":{"weight":0.0,"played":[0.0,1.0],"evs":[0.0,4.17919]},"Q9o":{"weight":0.0,"played":[0.0,1.0],"evs":[0.0,4.04467]},"K9o":{"weight":0.0,"played":[0.0,1.0],"evs":[0.0,4.01425]},"A9o":{"weight":0.0,"played":[0.0,1.0],"evs":[0.0,2.88137]},"T2s":{"weight":0.0,"played":[1.0E-4,0.9999],"evs":[0.0,4.96725]},"T3s":{"weight":0.0,"played":[0.0,1.0],"evs":[0.0,4.63832]},"T4s":{"weight":0.0,"played":[1.0E-4,0.9999],"evs":[0.0,3.35179]},"T5s":{"weight":0.0,"played":[1.0E-4,0.9999],"evs":[0.0,4.30333]},"T6s":{"weight":0.0,"played":[0.0,1.0],"evs":[0.0,4.96537]},"T7s":{"weight":0.0,"played":[0.0,1.0],"evs":[0.0,5.73358]},"T8s":{"weight":0.0,"played":[1.0E-4,0.9999],"evs":[0.0,6.36435]},"T9s":{"weight":0.0,"played":[0.0,1.0],"evs":[0.0,7.22174]},"TT":{"weight":0.3688,"played":[0.0,1.0],"evs":[0.0,12.01241]},"JTo":{"weight":0.0,"played":[0.0,1.0],"evs":[0.0,5.66324]},"QTo":{"weight":0.0,"played":[0.0,1.0],"evs":[0.0,5.26496]},"KTo":{"weight":0.0,"played":[0.0,1.0],"evs":[0.0,4.91788]},"ATo":{"weight":0.7398,"played":[0.0,1.0],"evs":[0.0,4.15689]},"J2s":{"weight":0.0,"played":[0.0,1.0],"evs":[0.0,4.04097]},"J3s":{"weight":0.0,"played":[0.0,1.0],"evs":[0.0,5.01937]},"J4s":{"weight":0.0,"played":[0.0,1.0],"evs":[0.0,4.70136]},"J5s":{"weight":0.0,"played":[0.0,1.0],"evs":[0.0,5.53028]},"J6s":{"weight":0.0,"played":[3.0E-4,0.9997],"evs":[0.0,4.8631]},"J7s":{"weight":0.0,"played":[0.0,1.0],"evs":[0.0,5.91865]},"J8s":{"weight":0.0,"played":[0.0,1.0],"evs":[0.0,7.24131]},"J9s":{"weight":0.0,"played":[0.0,1.0],"evs":[0.0,6.08808]},"JTs":{"weight":0.0035,"played":[0.0,1.0],"evs":[0.0,7.69444]},"JJ":{"weight":0.163,"played":[0.0,1.0],"evs":[0.0,14.28003]},"QJo":{"weight":0.0,"played":[0.0,1.0],"evs":[0.0,5.9196]},"KJo":{"weight":0.0,"played":[0.0,1.0],"evs":[0.0,5.24733]},"AJo":{"weight":0.5255,"played":[0.0,1.0],"evs":[0.0,5.36707]},"Q2s":{"weight":0.0,"played":[0.0,1.0],"evs":[0.0,5.9673]},"Q3s":{"weight":0.0,"played":[0.0,1.0],"evs":[0.0,6.33874]},"Q4s":{"weight":0.0,"played":[0.0,1.0],"evs":[0.0,5.49569]},"Q5s":{"weight":0.0,"played":[2.0E-4,0.9998],"evs":[0.0,4.55029]},"Q6s":{"weight":0.0,"played":[1.0E-4,0.9999],"evs":[0.0,6.14759]},"Q7s":{"weight":0.0,"played":[0.0,1.0],"evs":[0.0,5.0362]},"Q8s":{"weight":0.0,"played":[0.0,1.0],"evs":[0.0,5.12125]},"Q9s":{"weight":0.0,"played":[0.0,1.0],"evs":[0.0,6.51475]},"QTs":{"weight":9.0E-4,"played":[0.0,1.0],"evs":[0.0,7.12025]},"QJs":{"weight":0.7946,"played":[0.0,1.0],"evs":[0.0,6.8272]},"QQ":{"weight":0.388,"played":[0.0,1.0],"evs":[0.0,17.11839]},"KQo":{"weight":0.4859,"played":[0.0,1.0],"evs":[0.0,6.25547]},"AQo":{"weight":0.5186,"played":[0.0,1.0],"evs":[0.0,7.25091]},"K2s":{"weight":0.0,"played":[1.0E-4,0.9999],"evs":[0.0,4.12121]},"K3s":{"weight":0.0,"played":[0.0,1.0],"evs":[0.0,4.62777]},"K4s":{"weight":0.0,"played":[0.0,1.0],"evs":[0.0,4.29492]},"K5s":{"weight":0.0,"played":[0.0,1.0],"evs":[0.0,6.32437]},"K6s":{"weight":0.0,"played":[0.0,1.0],"evs":[0.0,5.57881]},"K7s":{"weight":0.0,"played":[0.0,1.0],"evs":[0.0,5.17478]},"K8s":{"weight":0.0,"played":[0.0,1.0],"evs":[0.0,5.63364]},"K9s":{"weight":0.0,"played":[1.0E-4,0.9999],"evs":[0.0,5.04759]},"KTs":{"weight":0.0389,"played":[0.0,1.0],"evs":[0.0,7.02344]},"KJs":{"weight":0.7207,"played":[0.0,1.0],"evs":[0.0,7.00489]},"KQs":{"weight":0.3059,"played":[0.0,1.0],"evs":[0.0,7.0779]},"KK":{"weight":0.6977,"played":[0.0,1.0],"evs":[0.0,21.78003]},"AKo":{"weight":0.7391,"played":[0.0,1.0],"evs":[0.0,9.7898]},"A2s":{"weight":0.0,"played":[0.0,1.0],"evs":[0.0,4.37387]},"A3s":{"weight":0.0,"played":[0.0,1.0],"evs":[0.0,5.02433]},"A4s":{"weight":0.0,"played":[0.0,1.0],"evs":[0.0,4.45653]},"A5s":{"weight":0.0,"played":[0.0,1.0],"evs":[0.0,6.62817]},"A6s":{"weight":0.0,"played":[0.0,1.0],"evs":[0.0,5.29646]},"A7s":{"weight":0.0,"played":[0.0,1.0],"evs":[0.0,4.09271]},"A8s":{"weight":0.7763,"played":[0.0,1.0],"evs":[0.0,5.50855]},"A9s":{"weight":0.6051,"played":[0.0,1.0],"evs":[0.0,5.47298]},"ATs":{"weight":0.757,"played":[0.0,1.0],"evs":[0.0,7.38438]},"AJs":{"weight":0.9337,"played":[0.0,1.0],"evs":[0.0,8.05583]},"AQs":{"weight":0.5094,"played":[0.0,1.0],"evs":[0.0,9.44941]},"AKs":{"weight":0.5683,"played":[0.0,1.0],"evs":[0.0,9.75447]},"AA":{"weight":0.8305,"played":[0.0,1.0],"evs":[0.0,28.13667]}}}