{"player":4,"street":0,"children":2,"sequence":[{"player":0,"type":"F","amount":0,"street":0},{"player":1,"type":"R","amount":1245000,"street":0},{"player":2,"type":"C","amount":1245000,"street":0},{"player":3,"type":"C","amount":1245000,"street":0}],"actions":[{"type":"F","amount":0,"node":227},{"type":"R","amount":1985000,"node":231}],"hands":{"22":{"weight":1.0,"played":[0.6366,0.3634],"evs":[0.0,-0.87592]},"32o":{"weight":1.0,"played":[0.9997,3.0E-4],"evs":[0.0,-5.34406]},"42o":{"weight":1.0,"played":[0.9998,2.0E-4],"evs":[0.0,-5.13667]},"52o":{"weight":1.0,"played":[1.0,0.0],"evs":[0.0,-5.48127]},"62o":{"weight":1.0,"played":[0.9993,7.0E-4],"evs":[0.0,-4.87642]},"72o":{"weight":1.0,"played":[1.0,0.0],"evs":[0.0,-5.77809]},"82o":{"weight":1.0,"played":[1.0,0.0],"evs":[0.0,-5.47569]},"92o":{"weight":1.0,"played":[0.996,0.004],"evs":[0.0,-5.70471]},"T2o":{"weight":1.0,"played":[0.9998,2.0E-4],"evs":[0.0,-5.53529]},"J2o":{"weight":1.0,"played":[1.0,0.0],"evs":[0.0,-4.71667]},"Q2o":{"weight":1.0,"played":[0.9996,4.0E-4],"evs":[0.0,-6.73803]},"K2o":{"weight":1.0,"played":[1.0,0.0],"evs":[0.0,-6.15119]},"A2o":{"weight":1.0,"played":[0.9996,4.0E-4],"evs":[0.0,-3.65368]},"32s":{"weight":1.0,"played":[0.9848,0.0152],"evs":[0.0,-2.28748]},"33":{"weight":1.0,"played":[0.9761,0.0239],"evs":[0.0,-2.9529]},"43o":{"weight":1.0,"played":[0.9999,1.0E-4],"evs":[0.0,-3.68607]},"53o":{"weight":1.0,"played":[0.9998,2.0E-4],"evs":[0.0,-3.4512]},"63o":{"weight":1.0,"played":[0.9999,1.0E-4],"evs":[0.0,-4.96825]},"73o":{"weight":1.0,"played":[0.9997,3.0E-4],"evs":[0.0,-5.12648]},"83o":{"weight":1.0,"played":[0.9999,1.0E-4],"evs":[0.0,-5.46045]},"93o":{"weight":1.0,"played":[1.0,0.0],"evs":[0.0,-4.61856]},"T3o":{"weight":1.0,"played":[0.9995,5.0E-4],"evs":[0.0,-6.64128]},"J3o":{"weight":1.0,"played":[1.0,0.0],"evs":[0.0,-5.45141]},"Q3o":{"weight":1.0,"played":[0.9991,9.0E-4],"evs":[0.0,-6.42802]},"K3o":{"weight":1.0,"played":[0.9992,8.0E-4],"evs":[0.0,-7.04318]},"A3o":{"weight":1.0,"played":[0.9988,0.0012],"evs":[0.0,-6.69496]},"42s":{"weight":1.0,"played":[0.9964,0.0036],"evs":[0.0,-3.33916]},"43s":{"weight":1.0,"played":[0.9957,0.0043],"evs":[0.0,-2.61735]},"44":{"weight":1.0,"played":[0.2643,0.7357],"evs":[0.0,0.86293]},"54o":{"weight":1.0,"played":[0.9869,0.0131],"evs":[0.0,-3.00902]},"64o":{"weight":1.0,"played":[0.9989,0.0011],"evs":[0.0,-4.11539]},"74o":{"weight":1.0,"played":[0.9995,5.0E-4],"evs":[0.0,-4.38892]},"84o":{"weight":1.0,"played":[0.9997,3.0E-4],"evs":[0.0,-5.03377]},"94o":{"weight":1.0,"played":[0.9991,9.0E-4],"evs":[0.0,-5.13326]},"T4o":{"weight":1.0,"played":[0.9994,6.0E-4],"evs":[0.0,-5.83576]},"J4o":{"weight":1.0,"played":[0.9997,3.0E-4],"evs":[0.0,-4.88197]},"Q4o":{"weight":1.0,"played":[0.9989,0.0011],"evs":[0.0,-5.78972]},"K4o":{"weight":1.0,"played":[0.9999,1.0E-4],"evs":[0.0,-6.54502]},"A4o":{"weight":1.0,"played":[0.9997,3.0E-4],"evs":[0.0,-4.7832]},"52s":{"weight":1.0,"played":[0.9944,0.0056],"evs":[0.0,-1.75238]},"53s":{"weight":1.0,"played":[0.9971,0.0029],"evs":[0.0,-4.00958]},"54s":{"weight":1.0,"played":[0.9948,0.0052],"evs":[0.0,-2.99617]},"55":{"weight":1.0,"played":[0.2531,0.7469],"evs":[0.0,0.2089]},"65o":{"weight":1.0,"played":[0.9294,0.0706],"evs":[0.0,-2.94256]},"75o":{"weight":1.0,"played":[0.9973,0.0027],"evs":[0.0,-4.21173]},"85o":{"weight":1.0,"played":[0.9889,0.0111],"evs":[0.0,-4.45388]},"95o":{"weight":1.0,"played":[0.9978,0.0022],"evs":[0.0,-4.26212]},"T5o":{"weight":1.0,"played":[0.998,0.002],"evs":[0.0,-4.88693]},"J5o":{"weight":1.0,"played":[0.9989,0.0011],"evs":[0.0,-5.2292]},"Q5o":{"weight":1.0,"played":[0.9999,1.0E-4],"evs":[0.0,-6.92914]},"K5o":{"weight":1.0,"played":[0.9975,0.0025],"evs":[0.0,-6.75243]},"A5o":{"weight":1.0,"played":[0.9981,0.0019],"evs":[0.0,-3.54392]},"62s":{"weight":1.0,"played":[0.8618,0.1382],"evs":[0.0,-3.45908]},"63s":{"weight":1.0,"played":[0.9618,0.0382],"evs":[0.0,-3.02934]},"64s":{"weight":1.0,"played":[0.6276,0.3724],"evs":[0.0,-1.55883]},"65s":{"weight":1.0,"played":[0.4765,0.5235],"evs":[0.0,1.84532]},"66":{"weight":1.0,"played":[0.4648,0.5352],"evs":[0.0,-1.91992]},"76o":{"weight":1.0,"played":[1.0,0.0],"evs":[0.0,-1.71015]},"86o":{"weight":1.0,"played":[0.9988,0.0012],"evs":[0.0,-3.70873]},"96o":{"weight":1.0,"played":[1.0,0.0],"evs":[0.0,-3.02044]},"T6o":{"weight":1.0,"played":[0.9997,3.0E-4],"evs":[0.0,-4.19119]},"J6o":{"weight":1.0,"played":[0.9981,0.0019],"evs":[0.0,-4.79821]},"Q6o":{"weight":1.0,"played":[0.9985,0.0015],"evs":[0.0,-6.95475]},"K6o":{"weight":1.0,"played":[0.9975,0.0025],"evs":[0.0,-4.75681]},"A6o":{"weight":1.0,"played":[0.9988,0.0012],"evs":[0.0,-5.21651]},"72s":{"weight":1.0,"played":[0.9407,0.0593],"evs":[0.0,-4.37262]},"73s":{"weight":1.0,"played":[1.0,0.0],"evs":[0.0,-3.78809]},"74s":{"weight":1.0,"played":[0.8792,0.1208],"evs":[0.0,-3.24833]},"75s":{"weight":1.0,"played":[0.9649,0.0351],"evs":[0.0,-2.83918]},"76s":{"weight":1.0,"played":[0.7437,0.2563],"evs":[0.0,-1.65248]},"77":{"weight":1.0,"played":[0.0749,0.9251],"evs":[0.0,1.63356]},"87o":{"weight":1.0,"played":[0.9969,0.0031],"evs":[0.0,-3.72949]},"97o":{"weight":1.0,"played":[0.9976,0.0024],"evs":[0.0,-4.06849]},"T7o":{"weight":1.0,"played":[0.9999,1.0E-4],"evs":[0.0,-3.72369]},"J7o":{"weight":1.0,"played":[0.999,0.001],"evs":[0.0,-3.86059]},"Q7o":{"weight":1.0,"played":[0.9994,6.0E-4],"evs":[0.0,-5.97248]},"K7o":{"weight":1.0,"played":[0.9994,6.0E-4],"evs":[0.0,-6.97294]},"A7o":{"weight":1.0,"played":[0.9998,2.0E-4],"evs":[0.0,-4.78216]},"82s":{"weight":1.0,"played":[0.9957,0.0043],"evs":[0.0,-2.71804]},"83s":{"weight":1.0,"played":[0.9812,0.0188],"evs":[0.0,-5.24123]},"84s":{"weight":1.0,"played":[0.9988,0.0012],"evs":[0.0,-3.92165]},"85s":{"weight":1.0,"played":[0.7566,0.2434],"evs":[0.0,-1.02581]},"86s":{"weight":1.0,"played":[0.9737,0.0263],"evs":[0.0,-3.77493]},"87s":{"weight":1.0,"played":[0.9325,0.0675],"evs":[0.0,-1.90668]},"88":{"weight":1.0,"played":[0.0681,0.9319],"evs":[0.0,0.36557]},"98o":{"weight":1.0,"played":[0.9962,0.0038],"evs":[0.0,-2.01713]},"T8o":{"weight":1.0,"played":[0.9944,0.0056],"evs":[0.0,-3.59029]},"J8o":{"weight":1.0,"played":[0.9989,0.0011],"evs":[0.0,-3.95011]},"Q8o":{"weight":1.0,"played":[0.9868,0.0132],"evs":[0.0,-5.53778]},"K8o":{"weight":1.0,"played":[0.9999,1.0E-4],"evs":[0.0,-7.95254]},"A8o":{"weight":1.0,"played":[0.9985,0.0015],"evs":[0.0,-3.83881]},"92s":{"weight":1.0,"played":[1.0,0.0],"evs":[0.0,-5.01365]},"93s":{"weight":1.0,"played":[1.0,0.0],"evs":[0.0,-5.22199]},"94s":{"weight":1.0,"played":[0.971,0.029],"evs":[0.0,-2.9639]},"95s":{"weight":1.0,"played":[0.9608,0.0392],"evs":[0.0,-2.75455]},"96s":{"weight":1.0,"played":[0.9921,0.0079],"evs":[0.0,-3.1491]},"97s":{"weight":1.0,"played":[0.9428,0.0572],"evs":[0.0,-1.28596]},"98s":{"weight":1.0,"played":[0.613,0.387],"evs":[0.0,-1.47402]},"99":{"weight":1.0,"played":[0.0078,0.9922],"evs":[0.0,4.83439]},"T9o":{"weight":1.0,"played":[0.9967,0.0033],"evs":[0.0,-2.42243]},"J9o":{"weight":1.0,"played":[0.9996,4.0E-4],"evs":[0.0,-1.29875]},"Q9o":{"weight":1.0,"played":[0.9902,0.0098],"evs":[0.0,-5.29235]},"K9o":{"weight":1.0,"played":[0.9962,0.0038],"evs":[0.0,-6.03527]},"A9o":{"weight":1.0,"played":[0.9973,0.0027],"evs":[0.0,-3.77482]},"T2s":{"weight":1.0,"played":[0.9989,0.0011],"evs":[0.0,-4.86119]},"T3s":{"weight":1.0,"played":[0.9979,0.0021],"evs":[0.0,-5.29726]},"T4s":{"weight":1.0,"played":[0.7644,0.2356],"evs":[0.0,-1.71521]},"T5s":{"weight":1.0,"played":[0.9815,0.0185],"evs":[0.0,-4.20998]},"T6s":{"weight":1.0,"played":[0.9057,0.0943],"evs":[0.0,-0.95908]},"T7s":{"weight":1.0,"played":[0.9516,0.0484],"evs":[0.0,-2.45341]},"T8s":{"weight":1.0,"played":[0.9869,0.0131],"evs":[0.0,-2.64595]},"T9s":{"weight":1.0,"played":[0.5262,0.4738],"evs":[0.0,-0.42783]},"TT":{"weight":1.0,"played":[0.001,0.999],"evs":[0.0,5.74974]},"JTo":{"weight":1.0,"played":[0.9963,0.0037],"evs":[0.0,-3.73653]},"QTo":{"weight":1.0,"played":[0.9924,0.0076],"evs":[0.0,-3.35109]},"KTo":{"weight":1.0,"played":[0.9751,0.0249],"evs":[0.0,-3.8352]},"ATo":{"weight":1.0,"played":[0.9852,0.0148],"evs":[0.0,-1.56495]},"J2s":{"weight":1.0,"played":[0.9985,0.0015],"evs":[0.0,-5.10439]},"J3s":{"weight":1.0,"played":[1.0,0.0],"evs":[0.0,-4.54012]},"J4s":{"weight":1.0,"played":[0.9993,7.0E-4],"evs":[0.0,-2.60958]},"J5s":{"weight":1.0,"played":[0.9691,0.0309],"evs":[0.0,-2.00522]},"J6s":{"weight":1.0,"played":[0.956,0.044],"evs":[0.0,-4.02054]},"J7s":{"weight":1.0,"played":[0.9992,8.0E-4],"evs":[0.0,-3.90275]},"J8s":{"weight":1.0,"played":[0.9231,0.0769],"evs":[0.0,-2.53213]},"J9s":{"weight":1.0,"played":[0.6511,0.3489],"evs":[0.0,0.46131]},"JTs":{"weight":1.0,"played":[0.9594,0.0406],"evs":[0.0,-2.25185]},"JJ":{"weight":1.0,"played":[0.001,0.999],"evs":[0.0,3.689]},"QJo":{"weight":1.0,"played":[0.9983,0.0017],"evs":[0.0,-3.67098]},"KJo":{"weight":1.0,"played":[0.9867,0.0133],"evs":[0.0,-4.30416]},"AJo":{"weight":1.0,"played":[0.975,0.025],"evs":[0.0,-1.19088]},"Q2s":{"weight":1.0,"played":[0.934,0.066],"evs":[0.0,-5.23745]},"Q3s":{"weight":1.0,"played":[0.9998,2.0E-4],"evs":[0.0,-5.32399]},"Q4s":{"weight":1.0,"played":[0.4767,0.5233],"evs":[0.0,-0.11764]},"Q5s":{"weight":1.0,"played":[0.9993,7.0E-4],"evs":[0.0,-3.70339]},"Q6s":{"weight":1.0,"played":[0.9812,0.0188],"evs":[0.0,-3.47129]},"Q7s":{"weight":1.0,"played":[0.9791,0.0209],"evs":[0.0,-5.13998]},"Q8s":{"weight":1.0,"played":[0.9153,0.0847],"evs":[0.0,-3.44873]},"Q9s":{"weight":1.0,"played":[0.9681,0.0319],"evs":[0.0,-3.74264]},"QTs":{"weight":1.0,"played":[0.9653,0.0347],"evs":[0.0,-3.10186]},"QJs":{"weight":1.0,"played":[0.8622,0.1378],"evs":[0.0,-0.94171]},"QQ":{"weight":1.0,"played":[0.0,1.0],"evs":[0.0,8.54811]},"KQo":{"weight":1.0,"played":[0.9774,0.0226],"evs":[0.0,-5.11448]},"AQo":{"weight":1.0,"played":[0.1172,0.8828],"evs":[0.0,2.07557]},"K2s":{"weight":1.0,"played":[0.9893,0.0107],"evs":[0.0,-4.96794]},"K3s":{"weight":1.0,"played":[1.0,0.0],"evs":[0.0,-6.17738]},"K4s":{"weight":1.0,"played":[0.99,0.01],"evs":[0.0,-4.96323]},"K5s":{"weight":1.0,"played":[0.9845,0.0155],"evs":[0.0,-2.36115]},"K6s":{"weight":1.0,"played":[0.985,0.015],"evs":[0.0,-3.86871]},"K7s":{"weight":1.0,"played":[1.0,0.0],"evs":[0.0,-5.61365]},"K8s":{"weight":1.0,"played":[1.0,0.0],"evs":[0.0,-2.38069]},"K9s":{"weight":1.0,"played":[0.9942,0.0058],"evs":[0.0,-1.70287]},"KTs":{"weight":1.0,"played":[0.9749,0.0251],"evs":[0.0,-3.29355]},"KJs":{"weight":1.0,"played":[0.9937,0.0063],"evs":[0.0,-2.7305]},"KQs":{"weight":1.0,"played":[0.3809,0.6191],"evs":[0.0,-0.179]},"KK":{"weight":1.0,"played":[1.0E-4,0.9999],"evs":[0.0,13.83183]},"AKo":{"weight":1.0,"played":[1.0E-4,0.9999],"evs":[0.0,2.86349]},"A2s":{"weight":1.0,"played":[0.9821,0.0179],"evs":[0.0,-2.97686]},"A3s":{"weight":1.0,"played":[0.9773,0.0227],"evs":[0.0,-2.77595]},"A4s":{"weight":1.0,"played":[0.6174,0.3826],"evs":[0.0,-2.53124]},"A5s":{"weight":1.0,"played":[0.8171,0.1829],"evs":[0.0,-0.67033]},"A6s":{"weight":1.0,"played":[0.9999,1.0E-4],"evs":[0.0,-4.70935]},"A7s":{"weight":1.0,"played":[0.9162,0.0838],"evs":[0.0,-2.08984]},"A8s":{"weight":1.0,"played":[0.9975,0.0025],"evs":[0.0,-3.49932]},"A9s":{"weight":1.0,"played":[0.969,0.031],"evs":[0.0,-3.53082]},"ATs":{"weight":1.0,"played":[0.9887,0.0113],"evs":[0.0,-0.6964]},"AJs":{"weight":1.0,"played":[0.2694,0.7306],"evs":[0.0,1.37744]},"AQs":{"weight":1.0,"played":[0.3337,0.6663],"evs":[0.0,2.66891]},"AKs":{"weight":1.0,"played":[0.0027,0.9973],"evs":[0.0,5.78868]},"AA":{"weight":1.0,"played":[0.0,1.0],"evs":[0.0,18.73318]}}}