{"player":3,"street":0,"children":2,"sequence":[{"player":0,"type":"F","amount":0,"street":0},{"player":1,"type":"R","amount":1245000,"street":0},{"player":2,"type":"R","amount":2385000,"street":0}],"actions":[{"type":"F","amount":0,"node":246},{"type":"C","amount":2385000,"node":249}],"hands":{"22":{"weight":1.0,"played":[1.0,0.0],"evs":[0.0,-2.87806]},"32o":{"weight":1.0,"played":[1.0,0.0],"evs":[0.0,-6.86316]},"42o":{"weight":1.0,"played":[1.0,0.0],"evs":[0.0,-6.52885]},"52o":{"weight":1.0,"played":[1.0,0.0],"evs":[0.0,-5.98632]},"62o":{"weight":1.0,"played":[1.0,0.0],"evs":[0.0,-6.23719]},"72o":{"weight":1.0,"played":[1.0,0.0],"evs":[0.0,-6.76803]},"82o":{"weight":1.0,"played":[1.0,0.0],"evs":[0.0,-6.4939]},"92o":{"weight":1.0,"played":[1.0,0.0],"evs":[0.0,-6.33825]},"T2o":{"weight":1.0,"played":[1.0,0.0],"evs":[0.0,-6.25371]},"J2o":{"weight":1.0,"played":[1.0,0.0],"evs":[0.0,-6.01458]},"Q2o":{"weight":1.0,"played":[1.0,0.0],"evs":[0.0,-6.00914]},"K2o":{"weight":1.0,"played":[1.0,0.0],"evs":[0.0,-5.36156]},"A2o":{"weight":1.0,"played":[1.0,0.0],"evs":[0.0,-4.61635]},"32s":{"weight":1.0,"played":[1.0,0.0],"evs":[0.0,-5.09704]},"33":{"weight":1.0,"played":[1.0,0.0],"evs":[0.0,-2.59626]},"43o":{"weight":1.0,"played":[1.0,0.0],"evs":[0.0,-5.81609]},"53o":{"weight":1.0,"played":[1.0,0.0],"evs":[0.0,-5.33184]},"63o":{"weight":1.0,"played":[1.0,0.0],"evs":[0.0,-5.67269]},"73o":{"weight":1.0,"played":[1.0,0.0],"evs":[0.0,-6.10137]},"83o":{"weight":1.0,"played":[1.0,0.0],"evs":[0.0,-6.47242]},"93o":{"weight":1.0,"played":[1.0,0.0],"evs":[0.0,-6.18717]},"T3o":{"weight":1.0,"played":[1.0,0.0],"evs":[0.0,-6.03375]},"J3o":{"weight":1.0,"played":[1.0,0.0],"evs":[0.0,-5.93453]},"Q3o":{"weight":1.0,"played":[1.0,0.0],"evs":[0.0,-5.75043]},"K3o":{"weight":1.0,"played":[1.0,0.0],"evs":[0.0,-5.10171]},"A3o":{"weight":1.0,"played":[1.0,0.0],"evs":[0.0,-4.54799]},"42s":{"weight":1.0,"played":[1.0,0.0],"evs":[0.0,-4.75287]},"43s":{"weight":1.0,"played":[1.0,0.0],"evs":[0.0,-4.0625]},"44":{"weight":1.0,"played":[0.9997,3.0E-4],"evs":[0.0,-1.70693]},"54o":{"weight":1.0,"played":[1.0,0.0],"evs":[0.0,-4.62658]},"64o":{"weight":1.0,"played":[1.0,0.0],"evs":[0.0,-4.81597]},"74o":{"weight":1.0,"played":[1.0,0.0],"evs":[0.0,-5.43704]},"84o":{"weight":1.0,"played":[1.0,0.0],"evs":[0.0,-5.75811]},"94o":{"weight":1.0,"played":[1.0,0.0],"evs":[0.0,-6.14625]},"T4o":{"weight":1.0,"played":[1.0,0.0],"evs":[0.0,-5.91796]},"J4o":{"weight":1.0,"played":[1.0,0.0],"evs":[0.0,-5.73793]},"Q4o":{"weight":1.0,"played":[1.0,0.0],"evs":[0.0,-5.63665]},"K4o":{"weight":1.0,"played":[1.0,0.0],"evs":[0.0,-4.99192]},"A4o":{"weight":1.0,"played":[1.0,0.0],"evs":[0.0,-4.35454]},"52s":{"weight":1.0,"played":[1.0,0.0],"evs":[0.0,-4.32676]},"53s":{"weight":1.0,"played":[1.0,0.0],"evs":[0.0,-3.65146]},"54s":{"weight":1.0,"played":[1.0,0.0],"evs":[0.0,-2.90701]},"55":{"weight":1.0,"played":[0.9737,0.0263],"evs":[0.0,-0.14585]},"65o":{"weight":1.0,"played":[1.0,0.0],"evs":[0.0,-3.86155]},"75o":{"weight":1.0,"played":[1.0,0.0],"evs":[0.0,-4.38797]},"85o":{"weight":1.0,"played":[1.0,0.0],"evs":[0.0,-4.75607]},"95o":{"weight":1.0,"played":[1.0,0.0],"evs":[0.0,-5.18481]},"T5o":{"weight":1.0,"played":[1.0,0.0],"evs":[0.0,-5.54587]},"J5o":{"weight":1.0,"played":[1.0,0.0],"evs":[0.0,-5.24679]},"Q5o":{"weight":1.0,"played":[1.0,0.0],"evs":[0.0,-5.19997]},"K5o":{"weight":1.0,"played":[1.0,0.0],"evs":[0.0,-4.55864]},"A5o":{"weight":1.0,"played":[1.0,0.0],"evs":[0.0,-3.69606]},"62s":{"weight":1.0,"played":[1.0,0.0],"evs":[0.0,-4.43686]},"63s":{"weight":1.0,"played":[1.0,0.0],"evs":[0.0,-3.81929]},"64s":{"weight":1.0,"played":[1.0,0.0],"evs":[0.0,-3.20378]},"65s":{"weight":1.0,"played":[1.0,0.0],"evs":[0.0,-2.30092]},"66":{"weight":1.0,"played":[0.0,1.0],"evs":[0.0,1.11263]},"76o":{"weight":1.0,"played":[1.0,0.0],"evs":[0.0,-3.5433]},"86o":{"weight":1.0,"played":[1.0,0.0],"evs":[0.0,-3.95074]},"96o":{"weight":1.0,"played":[1.0,0.0],"evs":[0.0,-4.26581]},"T6o":{"weight":1.0,"played":[1.0,0.0],"evs":[0.0,-4.5758]},"J6o":{"weight":1.0,"played":[1.0,0.0],"evs":[0.0,-4.89878]},"Q6o":{"weight":1.0,"played":[1.0,0.0],"evs":[0.0,-4.73796]},"K6o":{"weight":1.0,"played":[1.0,0.0],"evs":[0.0,-4.03862]},"A6o":{"weight":1.0,"played":[1.0,0.0],"evs":[0.0,-3.97925]},"72s":{"weight":1.0,"played":[1.0,0.0],"evs":[0.0,-4.93586]},"73s":{"weight":1.0,"played":[1.0,0.0],"evs":[0.0,-4.16884]},"74s":{"weight":1.0,"played":[1.0,0.0],"evs":[0.0,-3.6388]},"75s":{"weight":1.0,"played":[1.0,0.0],"evs":[0.0,-2.60035]},"76s":{"weight":1.0,"played":[1.0,0.0],"evs":[0.0,-1.92359]},"77":{"weight":1.0,"played":[0.0,1.0],"evs":[0.0,1.70413]},"87o":{"weight":1.0,"played":[1.0,0.0],"evs":[0.0,-3.55113]},"97o":{"weight":1.0,"played":[1.0,0.0],"evs":[0.0,-3.62617]},"T7o":{"weight":1.0,"played":[1.0,0.0],"evs":[0.0,-4.0105]},"J7o":{"weight":1.0,"played":[1.0,0.0],"evs":[0.0,-4.25456]},"Q7o":{"weight":1.0,"played":[1.0,0.0],"evs":[0.0,-4.60657]},"K7o":{"weight":1.0,"played":[1.0,0.0],"evs":[0.0,-3.93125]},"A7o":{"weight":1.0,"played":[1.0,0.0],"evs":[0.0,-3.65146]},"82s":{"weight":1.0,"played":[1.0,0.0],"evs":[0.0,-4.88398]},"83s":{"weight":1.0,"played":[1.0,0.0],"evs":[0.0,-4.63015]},"84s":{"weight":1.0,"played":[1.0,0.0],"evs":[0.0,-4.02542]},"85s":{"weight":1.0,"played":[1.0,0.0],"evs":[0.0,-3.01118]},"86s":{"weight":1.0,"played":[1.0,0.0],"evs":[0.0,-2.10543]},"87s":{"weight":1.0,"played":[1.0,0.0],"evs":[0.0,-1.88624]},"88":{"weight":1.0,"played":[0.0,1.0],"evs":[0.0,2.52464]},"98o":{"weight":1.0,"played":[1.0,0.0],"evs":[0.0,-3.19618]},"T8o":{"weight":1.0,"played":[1.0,0.0],"evs":[0.0,-3.48297]},"J8o":{"weight":1.0,"played":[1.0,0.0],"evs":[0.0,-3.71814]},"Q8o":{"weight":1.0,"played":[1.0,0.0],"evs":[0.0,-4.1561]},"K8o":{"weight":1.0,"played":[1.0,0.0],"evs":[0.0,-3.94903]},"A8o":{"weight":1.0,"played":[1.0,0.0],"evs":[0.0,-3.46349]},"92s":{"weight":1.0,"played":[1.0,0.0],"evs":[0.0,-4.44516]},"93s":{"weight":1.0,"played":[1.0,0.0],"evs":[0.0,-4.37552]},"94s":{"weight":1.0,"played":[1.0,0.0],"evs":[0.0,-4.36178]},"95s":{"weight":1.0,"played":[1.0,0.0],"evs":[0.0,-3.24762]},"96s":{"weight":1.0,"played":[1.0,0.0],"evs":[0.0,-2.4935]},"97s":{"weight":1.0,"played":[1.0,0.0],"evs":[0.0,-2.15984]},"98s":{"weight":1.0,"played":[0.9999,1.0E-4],"evs":[0.0,-1.46513]},"99":{"weight":1.0,"played":[0.0,1.0],"evs":[0.0,3.9824]},"T9o":{"weight":1.0,"played":[1.0,0.0],"evs":[0.0,-2.83714]},"J9o":{"weight":1.0,"played":[1.0,0.0],"evs":[0.0,-3.04691]},"Q9o":{"weight":1.0,"played":[1.0,0.0],"evs":[0.0,-3.55246]},"K9o":{"weight":1.0,"played":[1.0,0.0],"evs":[0.0,-3.39115]},"A9o":{"weight":1.0,"played":[1.0,0.0],"evs":[0.0,-2.83449]},"T2s":{"weight":1.0,"played":[1.0,0.0],"evs":[0.0,-4.36021]},"T3s":{"weight":1.0,"played":[1.0,0.0],"evs":[0.0,-4.1815]},"T4s":{"weight":1.0,"played":[1.0,0.0],"evs":[0.0,-4.09859]},"T5s":{"weight":1.0,"played":[1.0,0.0],"evs":[0.0,-3.59215]},"T6s":{"weight":1.0,"played":[1.0,0.0],"evs":[0.0,-2.9882]},"T7s":{"weight":1.0,"played":[1.0,0.0],"evs":[0.0,-2.36436]},"T8s":{"weight":1.0,"played":[1.0,0.0],"evs":[0.0,-1.78666]},"T9s":{"weight":1.0,"played":[0.9999,1.0E-4],"evs":[0.0,-1.20893]},"TT":{"weight":1.0,"played":[0.0,1.0],"evs":[0.0,5.87261]},"JTo":{"weight":1.0,"played":[1.0,0.0],"evs":[0.0,-2.23339]},"QTo":{"weight":1.0,"played":[1.0,0.0],"evs":[0.0,-2.67852]},"KTo":{"weight":1.0,"played":[1.0,0.0],"evs":[0.0,-2.45008]},"ATo":{"weight":1.0,"played":[0.9999,1.0E-4],"evs":[0.0,-1.53805]},"J2s":{"weight":1.0,"played":[1.0,0.0],"evs":[0.0,-4.21865]},"J3s":{"weight":1.0,"played":[1.0,0.0],"evs":[0.0,-4.22288]},"J4s":{"weight":1.0,"played":[1.0,0.0],"evs":[0.0,-3.92182]},"J5s":{"weight":1.0,"played":[1.0,0.0],"evs":[0.0,-3.64517]},"J6s":{"weight":1.0,"played":[1.0,0.0],"evs":[0.0,-3.15848]},"J7s":{"weight":1.0,"played":[1.0,0.0],"evs":[0.0,-2.52524]},"J8s":{"weight":1.0,"played":[1.0,0.0],"evs":[0.0,-1.84167]},"J9s":{"weight":1.0,"played":[0.9997,3.0E-4],"evs":[0.0,-1.44843]},"JTs":{"weight":1.0,"played":[0.9999,1.0E-4],"evs":[0.0,-0.5699]},"JJ":{"weight":1.0,"played":[0.0,1.0],"evs":[0.0,8.64912]},"QJo":{"weight":1.0,"played":[1.0,0.0],"evs":[0.0,-2.30907]},"KJo":{"weight":1.0,"played":[1.0,0.0],"evs":[0.0,-2.02181]},"AJo":{"weight":1.0,"played":[0.2186,0.7814],"evs":[0.0,-0.04433]},"Q2s":{"weight":1.0,"played":[1.0,0.0],"evs":[0.0,-4.17757]},"Q3s":{"weight":1.0,"played":[1.0,0.0],"evs":[0.0,-4.00762]},"Q4s":{"weight":1.0,"played":[1.0,0.0],"evs":[0.0,-3.95331]},"Q5s":{"weight":1.0,"played":[1.0,0.0],"evs":[0.0,-3.25556]},"Q6s":{"weight":1.0,"played":[1.0,0.0],"evs":[0.0,-2.86451]},"Q7s":{"weight":1.0,"played":[1.0,0.0],"evs":[0.0,-2.74294]},"Q8s":{"weight":1.0,"played":[1.0,0.0],"evs":[0.0,-2.39198]},"Q9s":{"weight":1.0,"played":[0.9999,1.0E-4],"evs":[0.0,-1.79368]},"QTs":{"weight":1.0,"played":[0.9996,4.0E-4],"evs":[0.0,-1.06357]},"QJs":{"weight":1.0,"played":[0.9995,5.0E-4],"evs":[0.0,-0.68751]},"QQ":{"weight":1.0,"played":[0.0,1.0],"evs":[0.0,12.31414]},"KQo":{"weight":1.0,"played":[0.9989,0.0011],"evs":[0.0,-0.86174]},"AQo":{"weight":1.0,"played":[0.0,1.0],"evs":[0.0,2.24647]},"K2s":{"weight":1.0,"played":[1.0,0.0],"evs":[0.0,-3.46142]},"K3s":{"weight":1.0,"played":[1.0,0.0],"evs":[0.0,-3.4479]},"K4s":{"weight":1.0,"played":[1.0,0.0],"evs":[0.0,-3.04736]},"K5s":{"weight":1.0,"played":[1.0,0.0],"evs":[0.0,-2.5649]},"K6s":{"weight":1.0,"played":[1.0,0.0],"evs":[0.0,-2.30657]},"K7s":{"weight":1.0,"played":[1.0,0.0],"evs":[0.0,-2.25683]},"K8s":{"weight":1.0,"played":[1.0,0.0],"evs":[0.0,-2.31255]},"K9s":{"weight":1.0,"played":[1.0,0.0],"evs":[0.0,-1.75882]},"KTs":{"weight":1.0,"played":[0.9997,3.0E-4],"evs":[0.0,-0.89286]},"KJs":{"weight":1.0,"played":[0.9989,0.0011],"evs":[0.0,-0.41123]},"KQs":{"weight":1.0,"played":[3.0E-4,0.9997],"evs":[0.0,0.62839]},"KK":{"weight":1.0,"played":[0.0,1.0],"evs":[0.0,15.47631]},"AKo":{"weight":1.0,"played":[0.0,1.0],"evs":[0.0,4.4166]},"A2s":{"weight":1.0,"played":[1.0,0.0],"evs":[0.0,-2.82823]},"A3s":{"weight":1.0,"played":[1.0,0.0],"evs":[0.0,-2.79133]},"A4s":{"weight":1.0,"played":[1.0,0.0],"evs":[0.0,-2.60587]},"A5s":{"weight":1.0,"played":[1.0,0.0],"evs":[0.0,-1.91623]},"A6s":{"weight":1.0,"played":[1.0,0.0],"evs":[0.0,-2.20168]},"A7s":{"weight":1.0,"played":[1.0,0.0],"evs":[0.0,-2.13431]},"A8s":{"weight":1.0,"played":[0.9997,3.0E-4],"evs":[0.0,-1.53538]},"A9s":{"weight":1.0,"played":[0.9998,2.0E-4],"evs":[0.0,-1.13576]},"ATs":{"weight":1.0,"played":[0.5465,0.4535],"evs":[0.0,0.12997]},"AJs":{"weight":1.0,"played":[0.0,1.0],"evs":[0.0,1.49114]},"AQs":{"weight":1.0,"played":[0.0,1.0],"evs":[0.0,3.63865]},"AKs":{"weight":1.0,"played":[0.0,1.0],"evs":[0.0,5.84675]},"AA":{"weight":1.0,"played":[0.0,1.0],"evs":[0.0,19.85798]}}}