{"player":4,"street":0,"children":2,"sequence":[{"player":0,"type":"F","amount":0,"street":0},{"player":1,"type":"R","amount":1245000,"street":0},{"player":2,"type":"R","amount":2385000,"street":0},{"player":3,"type":"F","amount":0,"street":0}],"actions":[{"type":"F","amount":0,"node":247},{"type":"C","amount":1935000,"node":248}],"hands":{"22":{"weight":1.0,"played":[1.0,0.0],"evs":[0.0,-2.8855]},"32o":{"weight":1.0,"played":[1.0,0.0],"evs":[0.0,-6.14589]},"42o":{"weight":1.0,"played":[1.0,0.0],"evs":[0.0,-5.89722]},"52o":{"weight":1.0,"played":[1.0,0.0],"evs":[0.0,-5.40774]},"62o":{"weight":1.0,"played":[1.0,0.0],"evs":[0.0,-5.62356]},"72o":{"weight":1.0,"played":[1.0,0.0],"evs":[0.0,-6.01123]},"82o":{"weight":1.0,"played":[1.0,0.0],"evs":[0.0,-5.79527]},"92o":{"weight":1.0,"played":[1.0,0.0],"evs":[0.0,-5.729]},"T2o":{"weight":1.0,"played":[1.0,0.0],"evs":[0.0,-5.65035]},"J2o":{"weight":1.0,"played":[1.0,0.0],"evs":[0.0,-5.52587]},"Q2o":{"weight":1.0,"played":[1.0,0.0],"evs":[0.0,-5.51544]},"K2o":{"weight":1.0,"played":[1.0,0.0],"evs":[0.0,-4.92167]},"A2o":{"weight":1.0,"played":[1.0,0.0],"evs":[0.0,-4.60298]},"32s":{"weight":1.0,"played":[1.0,0.0],"evs":[0.0,-4.68831]},"33":{"weight":1.0,"played":[1.0,0.0],"evs":[0.0,-2.62209]},"43o":{"weight":1.0,"played":[1.0,0.0],"evs":[0.0,-5.35]},"53o":{"weight":1.0,"played":[1.0,0.0],"evs":[0.0,-4.82985]},"63o":{"weight":1.0,"played":[1.0,0.0],"evs":[0.0,-5.10759]},"73o":{"weight":1.0,"played":[1.0,0.0],"evs":[0.0,-5.54835]},"83o":{"weight":1.0,"played":[1.0,0.0],"evs":[0.0,-5.85949]},"93o":{"weight":1.0,"played":[1.0,0.0],"evs":[0.0,-5.62106]},"T3o":{"weight":1.0,"played":[1.0,0.0],"evs":[0.0,-5.61997]},"J3o":{"weight":1.0,"played":[1.0,0.0],"evs":[0.0,-5.43421]},"Q3o":{"weight":1.0,"played":[1.0,0.0],"evs":[0.0,-5.26666]},"K3o":{"weight":1.0,"played":[1.0,0.0],"evs":[0.0,-4.84016]},"A3o":{"weight":1.0,"played":[1.0,0.0],"evs":[0.0,-4.42491]},"42s":{"weight":1.0,"played":[1.0,0.0],"evs":[0.0,-4.40231]},"43s":{"weight":1.0,"played":[1.0,0.0],"evs":[0.0,-3.80724]},"44":{"weight":1.0,"played":[1.0,0.0],"evs":[0.0,-1.92377]},"54o":{"weight":1.0,"played":[1.0,0.0],"evs":[0.0,-4.17292]},"64o":{"weight":1.0,"played":[1.0,0.0],"evs":[0.0,-4.54058]},"74o":{"weight":1.0,"played":[1.0,0.0],"evs":[0.0,-4.85754]},"84o":{"weight":1.0,"played":[1.0,0.0],"evs":[0.0,-5.36442]},"94o":{"weight":1.0,"played":[1.0,0.0],"evs":[0.0,-5.61478]},"T4o":{"weight":1.0,"played":[1.0,0.0],"evs":[0.0,-5.48778]},"J4o":{"weight":1.0,"played":[1.0,0.0],"evs":[0.0,-5.21276]},"Q4o":{"weight":1.0,"played":[1.0,0.0],"evs":[0.0,-5.21227]},"K4o":{"weight":1.0,"played":[1.0,0.0],"evs":[0.0,-4.63391]},"A4o":{"weight":1.0,"played":[1.0,0.0],"evs":[0.0,-4.18573]},"52s":{"weight":1.0,"played":[1.0,0.0],"evs":[0.0,-3.95293]},"53s":{"weight":1.0,"played":[1.0,0.0],"evs":[0.0,-3.32695]},"54s":{"weight":1.0,"played":[1.0,0.0],"evs":[0.0,-2.66161]},"55":{"weight":1.0,"played":[0.9971,0.0029],"evs":[0.0,-0.62981]},"65o":{"weight":1.0,"played":[1.0,0.0],"evs":[0.0,-3.66204]},"75o":{"weight":1.0,"played":[1.0,0.0],"evs":[0.0,-3.99407]},"85o":{"weight":1.0,"played":[1.0,0.0],"evs":[0.0,-4.30658]},"95o":{"weight":1.0,"played":[1.0,0.0],"evs":[0.0,-4.67366]},"T5o":{"weight":1.0,"played":[1.0,0.0],"evs":[0.0,-5.07192]},"J5o":{"weight":1.0,"played":[1.0,0.0],"evs":[0.0,-4.80288]},"Q5o":{"weight":1.0,"played":[1.0,0.0],"evs":[0.0,-4.73576]},"K5o":{"weight":1.0,"played":[1.0,0.0],"evs":[0.0,-4.23761]},"A5o":{"weight":1.0,"played":[1.0,0.0],"evs":[0.0,-3.70335]},"62s":{"weight":1.0,"played":[1.0,0.0],"evs":[0.0,-4.11413]},"63s":{"weight":1.0,"played":[1.0,0.0],"evs":[0.0,-3.52563]},"64s":{"weight":1.0,"played":[1.0,0.0],"evs":[0.0,-2.93395]},"65s":{"weight":1.0,"played":[1.0,0.0],"evs":[0.0,-2.22667]},"66":{"weight":1.0,"played":[0.1996,0.8004],"evs":[0.0,0.19229]},"76o":{"weight":1.0,"played":[1.0,0.0],"evs":[0.0,-3.41884]},"86o":{"weight":1.0,"played":[1.0,0.0],"evs":[0.0,-3.69429]},"96o":{"weight":1.0,"played":[1.0,0.0],"evs":[0.0,-3.94022]},"T6o":{"weight":1.0,"played":[1.0,0.0],"evs":[0.0,-4.27628]},"J6o":{"weight":1.0,"played":[1.0,0.0],"evs":[0.0,-4.50386]},"Q6o":{"weight":1.0,"played":[1.0,0.0],"evs":[0.0,-4.30537]},"K6o":{"weight":1.0,"played":[1.0,0.0],"evs":[0.0,-3.83676]},"A6o":{"weight":1.0,"played":[1.0,0.0],"evs":[0.0,-3.88663]},"72s":{"weight":1.0,"played":[1.0,0.0],"evs":[0.0,-4.44709]},"73s":{"weight":1.0,"played":[1.0,0.0],"evs":[0.0,-4.02641]},"74s":{"weight":1.0,"played":[1.0,0.0],"evs":[0.0,-3.41864]},"75s":{"weight":1.0,"played":[1.0,0.0],"evs":[0.0,-2.67207]},"76s":{"weight":1.0,"played":[1.0,0.0],"evs":[0.0,-2.02617]},"77":{"weight":1.0,"played":[0.0,1.0],"evs":[0.0,0.74118]},"87o":{"weight":1.0,"played":[1.0,0.0],"evs":[0.0,-3.27182]},"97o":{"weight":1.0,"played":[1.0,0.0],"evs":[0.0,-3.51381]},"T7o":{"weight":1.0,"played":[1.0,0.0],"evs":[0.0,-3.73311]},"J7o":{"weight":1.0,"played":[1.0,0.0],"evs":[0.0,-4.00257]},"Q7o":{"weight":1.0,"played":[1.0,0.0],"evs":[0.0,-4.28476]},"K7o":{"weight":1.0,"played":[1.0,0.0],"evs":[0.0,-3.73022]},"A7o":{"weight":1.0,"played":[1.0,0.0],"evs":[0.0,-3.66699]},"82s":{"weight":1.0,"played":[1.0,0.0],"evs":[0.0,-4.14757]},"83s":{"weight":1.0,"played":[1.0,0.0],"evs":[0.0,-4.28242]},"84s":{"weight":1.0,"played":[1.0,0.0],"evs":[0.0,-3.8176]},"85s":{"weight":1.0,"played":[1.0,0.0],"evs":[0.0,-3.02225]},"86s":{"weight":1.0,"played":[1.0,0.0],"evs":[0.0,-2.16791]},"87s":{"weight":1.0,"played":[1.0,0.0],"evs":[0.0,-1.80522]},"88":{"weight":1.0,"played":[0.0,1.0],"evs":[0.0,1.57108]},"98o":{"weight":1.0,"played":[1.0,0.0],"evs":[0.0,-3.19378]},"T8o":{"weight":1.0,"played":[1.0,0.0],"evs":[0.0,-3.29478]},"J8o":{"weight":1.0,"played":[1.0,0.0],"evs":[0.0,-3.57201]},"Q8o":{"weight":1.0,"played":[1.0,0.0],"evs":[0.0,-3.95713]},"K8o":{"weight":1.0,"played":[1.0,0.0],"evs":[0.0,-3.69207]},"A8o":{"weight":1.0,"played":[1.0,0.0],"evs":[0.0,-3.42365]},"92s":{"weight":1.0,"played":[1.0,0.0],"evs":[0.0,-4.25104]},"93s":{"weight":1.0,"played":[1.0,0.0],"evs":[0.0,-4.06778]},"94s":{"weight":1.0,"played":[1.0,0.0],"evs":[0.0,-4.08926]},"95s":{"weight":1.0,"played":[1.0,0.0],"evs":[0.0,-3.45248]},"96s":{"weight":1.0,"played":[1.0,0.0],"evs":[0.0,-2.48438]},"97s":{"weight":1.0,"played":[1.0,0.0],"evs":[0.0,-2.04867]},"98s":{"weight":1.0,"played":[0.9999,1.0E-4],"evs":[0.0,-1.6494]},"99":{"weight":1.0,"played":[0.0,1.0],"evs":[0.0,2.59507]},"T9o":{"weight":1.0,"played":[1.0,0.0],"evs":[0.0,-2.78138]},"J9o":{"weight":1.0,"played":[1.0,0.0],"evs":[0.0,-2.93719]},"Q9o":{"weight":1.0,"played":[1.0,0.0],"evs":[0.0,-3.41523]},"K9o":{"weight":1.0,"played":[1.0,0.0],"evs":[0.0,-3.29226]},"A9o":{"weight":1.0,"played":[1.0,0.0],"evs":[0.0,-2.96662]},"T2s":{"weight":1.0,"played":[1.0,0.0],"evs":[0.0,-4.13491]},"T3s":{"weight":1.0,"played":[1.0,0.0],"evs":[0.0,-4.05053]},"T4s":{"weight":1.0,"played":[1.0,0.0],"evs":[0.0,-3.82948]},"T5s":{"weight":1.0,"played":[1.0,0.0],"evs":[0.0,-3.57387]},"T6s":{"weight":1.0,"played":[1.0,0.0],"evs":[0.0,-3.03927]},"T7s":{"weight":1.0,"played":[1.0,0.0],"evs":[0.0,-2.3244]},"T8s":{"weight":1.0,"played":[1.0,0.0],"evs":[0.0,-1.84949]},"T9s":{"weight":1.0,"played":[1.0,0.0],"evs":[0.0,-1.43192]},"TT":{"weight":1.0,"played":[0.0,1.0],"evs":[0.0,4.30345]},"JTo":{"weight":1.0,"played":[1.0,0.0],"evs":[0.0,-2.33952]},"QTo":{"weight":1.0,"played":[1.0,0.0],"evs":[0.0,-2.58899]},"KTo":{"weight":1.0,"played":[1.0,0.0],"evs":[0.0,-2.42163]},"ATo":{"weight":1.0,"played":[1.0,0.0],"evs":[0.0,-1.7979]},"J2s":{"weight":1.0,"played":[1.0,0.0],"evs":[0.0,-4.01355]},"J3s":{"weight":1.0,"played":[1.0,0.0],"evs":[0.0,-3.89406]},"J4s":{"weight":1.0,"played":[1.0,0.0],"evs":[0.0,-3.71258]},"J5s":{"weight":1.0,"played":[1.0,0.0],"evs":[0.0,-3.34695]},"J6s":{"weight":1.0,"played":[1.0,0.0],"evs":[0.0,-3.04369]},"J7s":{"weight":1.0,"played":[1.0,0.0],"evs":[0.0,-2.48108]},"J8s":{"weight":1.0,"played":[0.9999,1.0E-4],"evs":[0.0,-2.13072]},"J9s":{"weight":1.0,"played":[1.0,0.0],"evs":[0.0,-1.56605]},"JTs":{"weight":1.0,"played":[0.9999,1.0E-4],"evs":[0.0,-1.03398]},"JJ":{"weight":1.0,"played":[0.0,1.0],"evs":[0.0,6.61812]},"QJo":{"weight":1.0,"played":[1.0,0.0],"evs":[0.0,-2.29877]},"KJo":{"weight":1.0,"played":[1.0,0.0],"evs":[0.0,-2.06543]},"AJo":{"weight":1.0,"played":[0.9998,2.0E-4],"evs":[0.0,-0.55726]},"Q2s":{"weight":1.0,"played":[1.0,0.0],"evs":[0.0,-3.9806]},"Q3s":{"weight":1.0,"played":[1.0,0.0],"evs":[0.0,-3.85539]},"Q4s":{"weight":1.0,"played":[1.0,0.0],"evs":[0.0,-3.55951]},"Q5s":{"weight":1.0,"played":[1.0,0.0],"evs":[0.0,-3.28359]},"Q6s":{"weight":1.0,"played":[1.0,0.0],"evs":[0.0,-2.78799]},"Q7s":{"weight":1.0,"played":[1.0,0.0],"evs":[0.0,-2.84948]},"Q8s":{"weight":1.0,"played":[1.0,0.0],"evs":[0.0,-2.51655]},"Q9s":{"weight":1.0,"played":[1.0,0.0],"evs":[0.0,-2.01249]},"QTs":{"weight":1.0,"played":[1.0,0.0],"evs":[0.0,-1.26671]},"QJs":{"weight":1.0,"played":[0.9982,0.0018],"evs":[0.0,-0.93341]},"QQ":{"weight":1.0,"played":[0.0,1.0],"evs":[0.0,9.79164]},"KQo":{"weight":1.0,"played":[1.0,0.0],"evs":[0.0,-1.09243]},"AQo":{"weight":1.0,"played":[0.0,1.0],"evs":[0.0,1.48371]},"K2s":{"weight":1.0,"played":[1.0,0.0],"evs":[0.0,-3.53606]},"K3s":{"weight":1.0,"played":[1.0,0.0],"evs":[0.0,-3.1227]},"K4s":{"weight":1.0,"played":[1.0,0.0],"evs":[0.0,-3.06197]},"K5s":{"weight":1.0,"played":[1.0,0.0],"evs":[0.0,-2.69846]},"K6s":{"weight":1.0,"played":[1.0,0.0],"evs":[0.0,-2.53535]},"K7s":{"weight":1.0,"played":[1.0,0.0],"evs":[0.0,-2.36471]},"K8s":{"weight":1.0,"played":[1.0,0.0],"evs":[0.0,-2.3902]},"K9s":{"weight":1.0,"played":[1.0,0.0],"evs":[0.0,-1.79525]},"KTs":{"weight":1.0,"played":[0.9997,3.0E-4],"evs":[0.0,-1.22968]},"KJs":{"weight":1.0,"played":[0.9999,1.0E-4],"evs":[0.0,-0.75105]},"KQs":{"weight":1.0,"played":[0.8386,0.1614],"evs":[0.0,0.09576]},"KK":{"weight":1.0,"played":[0.0,1.0],"evs":[0.0,12.63165]},"AKo":{"weight":1.0,"played":[0.0,1.0],"evs":[0.0,3.17464]},"A2s":{"weight":1.0,"played":[1.0,0.0],"evs":[0.0,-2.88318]},"A3s":{"weight":1.0,"played":[1.0,0.0],"evs":[0.0,-2.66506]},"A4s":{"weight":1.0,"played":[1.0,0.0],"evs":[0.0,-2.41953]},"A5s":{"weight":1.0,"played":[1.0,0.0],"evs":[0.0,-2.42976]},"A6s":{"weight":1.0,"played":[1.0,0.0],"evs":[0.0,-2.37993]},"A7s":{"weight":1.0,"played":[1.0,0.0],"evs":[0.0,-2.20534]},"A8s":{"weight":1.0,"played":[1.0,0.0],"evs":[0.0,-1.84696]},"A9s":{"weight":1.0,"played":[1.0,0.0],"evs":[0.0,-1.26952]},"ATs":{"weight":1.0,"played":[0.967,0.033],"evs":[0.0,-0.27631]},"AJs":{"weight":1.0,"played":[0.0,1.0],"evs":[0.0,0.92748]},"AQs":{"weight":1.0,"played":[0.0,1.0],"evs":[0.0,2.75436]},"AKs":{"weight":1.0,"played":[0.0,1.0],"evs":[0.0,4.20547]},"AA":{"weight":1.0,"played":[0.0,1.0],"evs":[0.0,16.12032]}}}