{"player":5,"street":0,"children":2,"sequence":[{"player":0,"type":"F","amount":0,"street":0},{"player":1,"type":"R","amount":1245000,"street":0},{"player":2,"type":"R","amount":2385000,"street":0},{"player":3,"type":"F","amount":0,"street":0},{"player":4,"type":"C","amount":1935000,"street":0}],"actions":[{"type":"F","amount":0},{"type":"C","amount":1285000}],"hands":{"22":{"weight":1.0,"played":[0.9997,3.0E-4],"evs":[0.0,-1.60929]},"32o":{"weight":1.0,"played":[1.0,0.0],"evs":[0.0,-3.62394]},"42o":{"weight":1.0,"played":[1.0,0.0],"evs":[0.0,-3.85116]},"52o":{"weight":1.0,"played":[1.0,0.0],"evs":[0.0,-3.47886]},"62o":{"weight":1.0,"played":[1.0,0.0],"evs":[0.0,-3.81992]},"72o":{"weight":1.0,"played":[1.0,0.0],"evs":[0.0,-4.36787]},"82o":{"weight":1.0,"played":[1.0,0.0],"evs":[0.0,-4.04084]},"92o":{"weight":1.0,"played":[1.0,0.0],"evs":[0.0,-4.15499]},"T2o":{"weight":1.0,"played":[1.0,0.0],"evs":[0.0,-3.9908]},"J2o":{"weight":1.0,"played":[1.0,0.0],"evs":[0.0,-3.90118]},"Q2o":{"weight":1.0,"played":[1.0,0.0],"evs":[0.0,-4.14509]},"K2o":{"weight":1.0,"played":[1.0,0.0],"evs":[0.0,-3.50585]},"A2o":{"weight":1.0,"played":[1.0,0.0],"evs":[0.0,-4.08026]},"32s":{"weight":1.0,"played":[1.0,0.0],"evs":[0.0,-2.47926]},"33":{"weight":1.0,"played":[0.9996,4.0E-4],"evs":[0.0,-1.75478]},"43o":{"weight":1.0,"played":[1.0,0.0],"evs":[0.0,-3.2216]},"53o":{"weight":1.0,"played":[1.0,0.0],"evs":[0.0,-3.03129]},"63o":{"weight":1.0,"played":[1.0,0.0],"evs":[0.0,-3.25381]},"73o":{"weight":1.0,"played":[1.0,0.0],"evs":[0.0,-3.8774]},"83o":{"weight":1.0,"played":[1.0,0.0],"evs":[0.0,-4.33039]},"93o":{"weight":1.0,"played":[1.0,0.0],"evs":[0.0,-4.05607]},"T3o":{"weight":1.0,"played":[1.0,0.0],"evs":[0.0,-3.68186]},"J3o":{"weight":1.0,"played":[1.0,0.0],"evs":[0.0,-4.07407]},"Q3o":{"weight":1.0,"played":[1.0,0.0],"evs":[0.0,-4.08182]},"K3o":{"weight":1.0,"played":[1.0,0.0],"evs":[0.0,-3.32014]},"A3o":{"weight":1.0,"played":[1.0,0.0],"evs":[0.0,-3.63081]},"42s":{"weight":1.0,"played":[0.9997,3.0E-4],"evs":[0.0,-2.33856]},"43s":{"weight":1.0,"played":[0.9998,2.0E-4],"evs":[0.0,-1.70307]},"44":{"weight":1.0,"played":[0.9961,0.0039],"evs":[0.0,-2.06741]},"54o":{"weight":1.0,"played":[0.9999,1.0E-4],"evs":[0.0,-2.27102]},"64o":{"weight":1.0,"played":[1.0,0.0],"evs":[0.0,-2.73978]},"74o":{"weight":1.0,"played":[1.0,0.0],"evs":[0.0,-3.17475]},"84o":{"weight":1.0,"played":[1.0,0.0],"evs":[0.0,-3.63236]},"94o":{"weight":1.0,"played":[1.0,0.0],"evs":[0.0,-4.09242]},"T4o":{"weight":1.0,"played":[1.0,0.0],"evs":[0.0,-3.66242]},"J4o":{"weight":1.0,"played":[1.0,0.0],"evs":[0.0,-3.86477]},"Q4o":{"weight":1.0,"played":[1.0,0.0],"evs":[0.0,-3.70571]},"K4o":{"weight":1.0,"played":[1.0,0.0],"evs":[0.0,-3.2249]},"A4o":{"weight":1.0,"played":[1.0,0.0],"evs":[0.0,-3.6246]},"52s":{"weight":1.0,"played":[0.9918,0.0082],"evs":[0.0,-2.21282]},"53s":{"weight":1.0,"played":[0.9786,0.0214],"evs":[0.0,-1.0715]},"54s":{"weight":1.0,"played":[0.9958,0.0042],"evs":[0.0,-0.6813]},"55":{"weight":1.0,"played":[0.9999,1.0E-4],"evs":[0.0,-0.9739]},"65o":{"weight":1.0,"played":[1.0,0.0],"evs":[0.0,-1.9566]},"75o":{"weight":1.0,"played":[1.0,0.0],"evs":[0.0,-2.59293]},"85o":{"weight":1.0,"played":[0.9999,1.0E-4],"evs":[0.0,-2.88661]},"95o":{"weight":1.0,"played":[1.0,0.0],"evs":[0.0,-3.36264]},"T5o":{"weight":1.0,"played":[1.0,0.0],"evs":[0.0,-3.39546]},"J5o":{"weight":1.0,"played":[1.0,0.0],"evs":[0.0,-3.46102]},"Q5o":{"weight":1.0,"played":[1.0,0.0],"evs":[0.0,-3.53314]},"K5o":{"weight":1.0,"played":[1.0,0.0],"evs":[0.0,-3.12804]},"A5o":{"weight":1.0,"played":[1.0,0.0],"evs":[0.0,-3.16094]},"62s":{"weight":1.0,"played":[1.0,0.0],"evs":[0.0,-2.51829]},"63s":{"weight":1.0,"played":[0.9982,0.0018],"evs":[0.0,-1.81837]},"64s":{"weight":1.0,"played":[1.0,0.0],"evs":[0.0,-1.08607]},"65s":{"weight":1.0,"played":[0.9935,0.0065],"evs":[0.0,-0.63759]},"66":{"weight":1.0,"played":[0.9901,0.0099],"evs":[0.0,-0.8558]},"76o":{"weight":1.0,"played":[0.9989,0.0011],"evs":[0.0,-1.79397]},"86o":{"weight":1.0,"played":[1.0,0.0],"evs":[0.0,-2.29053]},"96o":{"weight":1.0,"played":[0.9999,1.0E-4],"evs":[0.0,-2.76486]},"T6o":{"weight":1.0,"played":[1.0,0.0],"evs":[0.0,-2.99924]},"J6o":{"weight":1.0,"played":[1.0,0.0],"evs":[0.0,-3.40251]},"Q6o":{"weight":1.0,"played":[1.0,0.0],"evs":[0.0,-3.25069]},"K6o":{"weight":1.0,"played":[1.0,0.0],"evs":[0.0,-2.93716]},"A6o":{"weight":1.0,"played":[1.0,0.0],"evs":[0.0,-4.17475]},"72s":{"weight":1.0,"played":[0.9998,2.0E-4],"evs":[0.0,-2.83739]},"73s":{"weight":1.0,"played":[0.9997,3.0E-4],"evs":[0.0,-2.09664]},"74s":{"weight":1.0,"played":[0.9999,1.0E-4],"evs":[0.0,-1.79748]},"75s":{"weight":1.0,"played":[0.9705,0.0295],"evs":[0.0,-1.32382]},"76s":{"weight":1.0,"played":[0.9017,0.0983],"evs":[0.0,-0.45933]},"77":{"weight":1.0,"played":[0.8644,0.1356],"evs":[0.0,-0.47109]},"87o":{"weight":1.0,"played":[1.0,0.0],"evs":[0.0,-2.07554]},"97o":{"weight":1.0,"played":[1.0,0.0],"evs":[0.0,-2.3091]},"T7o":{"weight":1.0,"played":[1.0,0.0],"evs":[0.0,-2.4348]},"J7o":{"weight":1.0,"played":[1.0,0.0],"evs":[0.0,-3.03862]},"Q7o":{"weight":1.0,"played":[1.0,0.0],"evs":[0.0,-3.42585]},"K7o":{"weight":1.0,"played":[1.0,0.0],"evs":[0.0,-2.75156]},"A7o":{"weight":1.0,"played":[1.0,0.0],"evs":[0.0,-3.64794]},"82s":{"weight":1.0,"played":[0.9999,1.0E-4],"evs":[0.0,-2.25422]},"83s":{"weight":1.0,"played":[0.9989,0.0011],"evs":[0.0,-2.7226]},"84s":{"weight":1.0,"played":[0.9991,9.0E-4],"evs":[0.0,-2.05691]},"85s":{"weight":1.0,"played":[0.9469,0.0531],"evs":[0.0,-1.19911]},"86s":{"weight":1.0,"played":[0.9523,0.0477],"evs":[0.0,-1.25259]},"87s":{"weight":1.0,"played":[0.8983,0.1017],"evs":[0.0,-0.55765]},"88":{"weight":1.0,"played":[1.0E-4,0.9999],"evs":[0.0,0.58059]},"98o":{"weight":1.0,"played":[1.0,0.0],"evs":[0.0,-2.05516]},"T8o":{"weight":1.0,"played":[1.0,0.0],"evs":[0.0,-2.17698]},"J8o":{"weight":1.0,"played":[0.9999,1.0E-4],"evs":[0.0,-2.58242]},"Q8o":{"weight":1.0,"played":[1.0,0.0],"evs":[0.0,-3.03693]},"K8o":{"weight":1.0,"played":[1.0,0.0],"evs":[0.0,-2.849]},"A8o":{"weight":1.0,"played":[0.9999,1.0E-4],"evs":[0.0,-3.69968]},"92s":{"weight":1.0,"played":[1.0,0.0],"evs":[0.0,-2.45216]},"93s":{"weight":1.0,"played":[0.9999,1.0E-4],"evs":[0.0,-2.3535]},"94s":{"weight":1.0,"played":[0.9999,1.0E-4],"evs":[0.0,-2.70165]},"95s":{"weight":1.0,"played":[0.9988,0.0012],"evs":[0.0,-2.04065]},"96s":{"weight":1.0,"played":[0.9934,0.0066],"evs":[0.0,-1.25079]},"97s":{"weight":1.0,"played":[0.9575,0.0425],"evs":[0.0,-0.94114]},"98s":{"weight":1.0,"played":[0.9993,7.0E-4],"evs":[0.0,-0.42085]},"99":{"weight":1.0,"played":[0.0,1.0],"evs":[0.0,1.29773]},"T9o":{"weight":1.0,"played":[0.9987,0.0013],"evs":[0.0,-1.61022]},"J9o":{"weight":1.0,"played":[0.9999,1.0E-4],"evs":[0.0,-2.0294]},"Q9o":{"weight":1.0,"played":[0.9997,3.0E-4],"evs":[0.0,-2.68778]},"K9o":{"weight":1.0,"played":[0.9999,1.0E-4],"evs":[0.0,-2.37785]},"A9o":{"weight":1.0,"played":[1.0,0.0],"evs":[0.0,-3.01708]},"T2s":{"weight":1.0,"played":[1.0,0.0],"evs":[0.0,-2.78808]},"T3s":{"weight":1.0,"played":[1.0,0.0],"evs":[0.0,-1.9806]},"T4s":{"weight":1.0,"played":[0.995,0.005],"evs":[0.0,-2.37002]},"T5s":{"weight":1.0,"played":[0.9999,1.0E-4],"evs":[0.0,-2.09459]},"T6s":{"weight":1.0,"played":[1.0,0.0],"evs":[0.0,-1.46858]},"T7s":{"weight":1.0,"played":[1.0,0.0],"evs":[0.0,-0.91904]},"T8s":{"weight":1.0,"played":[0.9986,0.0014],"evs":[0.0,-0.85937]},"T9s":{"weight":1.0,"played":[0.5358,0.4642],"evs":[0.0,-0.11884]},"TT":{"weight":1.0,"played":[2.0E-4,0.9998],"evs":[0.0,2.85374]},"JTo":{"weight":1.0,"played":[0.9993,7.0E-4],"evs":[0.0,-1.38218]},"QTo":{"weight":1.0,"played":[0.9995,5.0E-4],"evs":[0.0,-1.8823]},"KTo":{"weight":1.0,"played":[0.9999,1.0E-4],"evs":[0.0,-1.54216]},"ATo":{"weight":1.0,"played":[0.9999,1.0E-4],"evs":[0.0,-2.29892]},"J2s":{"weight":1.0,"played":[1.0,0.0],"evs":[0.0,-1.99327]},"J3s":{"weight":1.0,"played":[1.0,0.0],"evs":[0.0,-2.3502]},"J4s":{"weight":1.0,"played":[1.0,0.0],"evs":[0.0,-2.52793]},"J5s":{"weight":1.0,"played":[1.0,0.0],"evs":[0.0,-1.81654]},"J6s":{"weight":1.0,"played":[0.998,0.002],"evs":[0.0,-1.84961]},"J7s":{"weight":1.0,"played":[0.9974,0.0026],"evs":[0.0,-1.61149]},"J8s":{"weight":1.0,"played":[0.9972,0.0028],"evs":[0.0,-1.36279]},"J9s":{"weight":1.0,"played":[0.776,0.224],"evs":[0.0,-0.55377]},"JTs":{"weight":1.0,"played":[0.0904,0.9096],"evs":[0.0,0.11196]},"JJ":{"weight":1.0,"played":[0.0,1.0],"evs":[0.0,4.08265]},"QJo":{"weight":1.0,"played":[1.0,0.0],"evs":[0.0,-1.5374]},"KJo":{"weight":1.0,"played":[1.0,0.0],"evs":[0.0,-1.32966]},"AJo":{"weight":1.0,"played":[0.9997,3.0E-4],"evs":[0.0,-1.5886]},"Q2s":{"weight":1.0,"played":[0.9984,0.0016],"evs":[0.0,-2.3825]},"Q3s":{"weight":1.0,"played":[0.9999,1.0E-4],"evs":[0.0,-2.23581]},"Q4s":{"weight":1.0,"played":[0.998,0.002],"evs":[0.0,-2.42686]},"Q5s":{"weight":1.0,"played":[0.9831,0.0169],"evs":[0.0,-1.73203]},"Q6s":{"weight":1.0,"played":[0.9988,0.0012],"evs":[0.0,-1.68807]},"Q7s":{"weight":1.0,"played":[0.9995,5.0E-4],"evs":[0.0,-1.70205]},"Q8s":{"weight":1.0,"played":[0.9999,1.0E-4],"evs":[0.0,-1.60842]},"Q9s":{"weight":1.0,"played":[0.9993,7.0E-4],"evs":[0.0,-1.22245]},"QTs":{"weight":1.0,"played":[0.6359,0.3641],"evs":[0.0,-0.72004]},"QJs":{"weight":1.0,"played":[0.7674,0.2326],"evs":[0.0,-0.52347]},"QQ":{"weight":1.0,"played":[0.0,1.0],"evs":[0.0,7.29669]},"KQo":{"weight":1.0,"played":[0.9995,5.0E-4],"evs":[0.0,-0.95814]},"AQo":{"weight":1.0,"played":[0.9976,0.0024],"evs":[0.0,-0.53152]},"K2s":{"weight":1.0,"played":[0.9958,0.0042],"evs":[0.0,-2.34427]},"K3s":{"weight":1.0,"played":[0.9995,5.0E-4],"evs":[0.0,-1.62804]},"K4s":{"weight":1.0,"played":[0.9996,4.0E-4],"evs":[0.0,-1.36776]},"K5s":{"weight":1.0,"played":[0.9971,0.0029],"evs":[0.0,-1.81598]},"K6s":{"weight":1.0,"played":[0.9934,0.0066],"evs":[0.0,-0.85164]},"K7s":{"weight":1.0,"played":[1.0,0.0],"evs":[0.0,-1.32035]},"K8s":{"weight":1.0,"played":[1.0,0.0],"evs":[0.0,-1.74882]},"K9s":{"weight":1.0,"played":[0.9974,0.0026],"evs":[0.0,-1.16781]},"KTs":{"weight":1.0,"played":[0.5503,0.4497],"evs":[0.0,-0.21011]},"KJs":{"weight":1.0,"played":[0.3959,0.6041],"evs":[0.0,0.26655]},"KQs":{"weight":1.0,"played":[0.0709,0.9291],"evs":[0.0,0.38576]},"KK":{"weight":1.0,"played":[0.0,1.0],"evs":[0.0,11.10404]},"AKo":{"weight":1.0,"played":[3.0E-4,0.9997],"evs":[0.0,1.00223]},"A2s":{"weight":1.0,"played":[0.9983,0.0017],"evs":[0.0,-1.34564]},"A3s":{"weight":1.0,"played":[0.9993,7.0E-4],"evs":[0.0,-2.35516]},"A4s":{"weight":1.0,"played":[0.9958,0.0042],"evs":[0.0,-2.08861]},"A5s":{"weight":1.0,"played":[0.9989,0.0011],"evs":[0.0,-1.28902]},"A6s":{"weight":1.0,"played":[0.9997,3.0E-4],"evs":[0.0,-2.7047]},"A7s":{"weight":1.0,"played":[0.9998,2.0E-4],"evs":[0.0,-1.89865]},"A8s":{"weight":1.0,"played":[0.9966,0.0034],"evs":[0.0,-1.90348]},"A9s":{"weight":1.0,"played":[0.9894,0.0106],"evs":[0.0,-1.35221]},"ATs":{"weight":1.0,"played":[0.9312,0.0688],"evs":[0.0,-1.27276]},"AJs":{"weight":1.0,"played":[0.0152,0.9848],"evs":[0.0,0.46026]},"AQs":{"weight":1.0,"played":[0.0017,0.9983],"evs":[0.0,1.37002]},"AKs":{"weight":1.0,"played":[0.0,1.0],"evs":[0.0,2.84501]},"AA":{"weight":1.0,"played":[0.0,1.0],"evs":[0.0,15.01786]}}}