{"player":5,"street":0,"children":2,"sequence":[{"player":0,"type":"F","amount":0,"street":0},{"player":1,"type":"R","amount":1245000,"street":0},{"player":2,"type":"R","amount":2385000,"street":0},{"player":3,"type":"C","amount":2385000,"street":0},{"player":4,"type":"F","amount":0,"street":0}],"actions":[{"type":"F","amount":0},{"type":"C","amount":1285000}],"hands":{"22":{"weight":1.0,"played":[1.0,0.0],"evs":[0.0,-1.50272]},"32o":{"weight":1.0,"played":[1.0,0.0],"evs":[0.0,-3.84243]},"42o":{"weight":1.0,"played":[1.0,0.0],"evs":[0.0,-3.36821]},"52o":{"weight":1.0,"played":[1.0,0.0],"evs":[0.0,-3.17795]},"62o":{"weight":1.0,"played":[1.0,0.0],"evs":[0.0,-3.51444]},"72o":{"weight":1.0,"played":[1.0,0.0],"evs":[0.0,-4.10274]},"82o":{"weight":1.0,"played":[1.0,0.0],"evs":[0.0,-3.891]},"92o":{"weight":1.0,"played":[1.0,0.0],"evs":[0.0,-3.70869]},"T2o":{"weight":1.0,"played":[1.0,0.0],"evs":[0.0,-3.67825]},"J2o":{"weight":1.0,"played":[1.0,0.0],"evs":[0.0,-3.91746]},"Q2o":{"weight":1.0,"played":[1.0,0.0],"evs":[0.0,-3.97311]},"K2o":{"weight":1.0,"played":[1.0,0.0],"evs":[0.0,-3.5335]},"A2o":{"weight":1.0,"played":[0.9999,1.0E-4],"evs":[0.0,-3.93448]},"32s":{"weight":1.0,"played":[0.9998,2.0E-4],"evs":[0.0,-2.23668]},"33":{"weight":1.0,"played":[0.9977,0.0023],"evs":[0.0,-1.61255]},"43o":{"weight":1.0,"played":[1.0,0.0],"evs":[0.0,-2.92676]},"53o":{"weight":1.0,"played":[1.0,0.0],"evs":[0.0,-2.71735]},"63o":{"weight":1.0,"played":[1.0,0.0],"evs":[0.0,-3.11091]},"73o":{"weight":1.0,"played":[1.0,0.0],"evs":[0.0,-3.64345]},"83o":{"weight":1.0,"played":[1.0,0.0],"evs":[0.0,-3.89374]},"93o":{"weight":1.0,"played":[1.0,0.0],"evs":[0.0,-3.79725]},"T3o":{"weight":1.0,"played":[1.0,0.0],"evs":[0.0,-3.83553]},"J3o":{"weight":1.0,"played":[1.0,0.0],"evs":[0.0,-3.64715]},"Q3o":{"weight":1.0,"played":[1.0,0.0],"evs":[0.0,-3.7647]},"K3o":{"weight":1.0,"played":[1.0,0.0],"evs":[0.0,-3.3192]},"A3o":{"weight":1.0,"played":[1.0,0.0],"evs":[0.0,-3.68629]},"42s":{"weight":1.0,"played":[0.9997,3.0E-4],"evs":[0.0,-1.62833]},"43s":{"weight":1.0,"played":[0.9996,4.0E-4],"evs":[0.0,-1.29612]},"44":{"weight":1.0,"played":[0.9977,0.0023],"evs":[0.0,-1.3203]},"54o":{"weight":1.0,"played":[1.0,0.0],"evs":[0.0,-2.46769]},"64o":{"weight":1.0,"played":[0.9999,1.0E-4],"evs":[0.0,-2.26041]},"74o":{"weight":1.0,"played":[0.9999,1.0E-4],"evs":[0.0,-2.77798]},"84o":{"weight":1.0,"played":[1.0,0.0],"evs":[0.0,-3.48568]},"94o":{"weight":1.0,"played":[1.0,0.0],"evs":[0.0,-3.96321]},"T4o":{"weight":1.0,"played":[1.0,0.0],"evs":[0.0,-3.54837]},"J4o":{"weight":1.0,"played":[1.0,0.0],"evs":[0.0,-3.55588]},"Q4o":{"weight":1.0,"played":[1.0,0.0],"evs":[0.0,-3.72907]},"K4o":{"weight":1.0,"played":[1.0,0.0],"evs":[0.0,-3.51459]},"A4o":{"weight":1.0,"played":[1.0,0.0],"evs":[0.0,-3.55491]},"52s":{"weight":1.0,"played":[0.9995,5.0E-4],"evs":[0.0,-1.56518]},"53s":{"weight":1.0,"played":[1.0,0.0],"evs":[0.0,-1.23609]},"54s":{"weight":1.0,"played":[0.9956,0.0044],"evs":[0.0,-0.45149]},"55":{"weight":1.0,"played":[0.9727,0.0273],"evs":[0.0,-0.68024]},"65o":{"weight":1.0,"played":[1.0,0.0],"evs":[0.0,-1.87831]},"75o":{"weight":1.0,"played":[1.0,0.0],"evs":[0.0,-2.38079]},"85o":{"weight":1.0,"played":[1.0,0.0],"evs":[0.0,-2.85878]},"95o":{"weight":1.0,"played":[1.0,0.0],"evs":[0.0,-2.76699]},"T5o":{"weight":1.0,"played":[1.0,0.0],"evs":[0.0,-3.56403]},"J5o":{"weight":1.0,"played":[1.0,0.0],"evs":[0.0,-3.66368]},"Q5o":{"weight":1.0,"played":[1.0,0.0],"evs":[0.0,-3.34914]},"K5o":{"weight":1.0,"played":[1.0,0.0],"evs":[0.0,-3.01931]},"A5o":{"weight":1.0,"played":[1.0,0.0],"evs":[0.0,-3.21092]},"62s":{"weight":1.0,"played":[1.0,0.0],"evs":[0.0,-2.23324]},"63s":{"weight":1.0,"played":[0.9998,2.0E-4],"evs":[0.0,-1.53958]},"64s":{"weight":1.0,"played":[0.9999,1.0E-4],"evs":[0.0,-1.03903]},"65s":{"weight":1.0,"played":[0.9918,0.0082],"evs":[0.0,-0.13705]},"66":{"weight":1.0,"played":[0.9797,0.0203],"evs":[0.0,-0.54712]},"76o":{"weight":1.0,"played":[1.0,0.0],"evs":[0.0,-1.83664]},"86o":{"weight":1.0,"played":[1.0,0.0],"evs":[0.0,-2.18962]},"96o":{"weight":1.0,"played":[1.0,0.0],"evs":[0.0,-2.52623]},"T6o":{"weight":1.0,"played":[0.9999,1.0E-4],"evs":[0.0,-2.95416]},"J6o":{"weight":1.0,"played":[1.0,0.0],"evs":[0.0,-3.40668]},"Q6o":{"weight":1.0,"played":[1.0,0.0],"evs":[0.0,-3.41507]},"K6o":{"weight":1.0,"played":[0.9998,2.0E-4],"evs":[0.0,-2.6947]},"A6o":{"weight":1.0,"played":[0.9999,1.0E-4],"evs":[0.0,-3.90831]},"72s":{"weight":1.0,"played":[1.0,0.0],"evs":[0.0,-2.63464]},"73s":{"weight":1.0,"played":[1.0,0.0],"evs":[0.0,-2.20705]},"74s":{"weight":1.0,"played":[0.999,0.001],"evs":[0.0,-1.6816]},"75s":{"weight":1.0,"played":[0.99,0.01],"evs":[0.0,-0.64949]},"76s":{"weight":1.0,"played":[0.7216,0.2784],"evs":[0.0,-0.71579]},"77":{"weight":1.0,"played":[0.4758,0.5242],"evs":[0.0,0.17188]},"87o":{"weight":1.0,"played":[1.0,0.0],"evs":[0.0,-1.9116]},"97o":{"weight":1.0,"played":[1.0,0.0],"evs":[0.0,-2.10224]},"T7o":{"weight":1.0,"played":[1.0,0.0],"evs":[0.0,-2.37969]},"J7o":{"weight":1.0,"played":[1.0,0.0],"evs":[0.0,-2.91676]},"Q7o":{"weight":1.0,"played":[1.0,0.0],"evs":[0.0,-3.26483]},"K7o":{"weight":1.0,"played":[0.9998,2.0E-4],"evs":[0.0,-2.49599]},"A7o":{"weight":1.0,"played":[1.0,0.0],"evs":[0.0,-3.79493]},"82s":{"weight":1.0,"played":[0.9998,2.0E-4],"evs":[0.0,-2.84605]},"83s":{"weight":1.0,"played":[0.9998,2.0E-4],"evs":[0.0,-2.81882]},"84s":{"weight":1.0,"played":[0.9999,1.0E-4],"evs":[0.0,-2.11342]},"85s":{"weight":1.0,"played":[0.978,0.022],"evs":[0.0,-1.37855]},"86s":{"weight":1.0,"played":[0.7509,0.2491],"evs":[0.0,-0.6559]},"87s":{"weight":1.0,"played":[0.7718,0.2282],"evs":[0.0,-0.44787]},"88":{"weight":1.0,"played":[0.0,1.0],"evs":[0.0,1.1713]},"98o":{"weight":1.0,"played":[0.9993,7.0E-4],"evs":[0.0,-1.71591]},"T8o":{"weight":1.0,"played":[1.0,0.0],"evs":[0.0,-1.98181]},"J8o":{"weight":1.0,"played":[1.0,0.0],"evs":[0.0,-2.38855]},"Q8o":{"weight":1.0,"played":[1.0,0.0],"evs":[0.0,-2.90319]},"K8o":{"weight":1.0,"played":[1.0,0.0],"evs":[0.0,-2.63451]},"A8o":{"weight":1.0,"played":[0.9999,1.0E-4],"evs":[0.0,-3.57645]},"92s":{"weight":1.0,"played":[1.0,0.0],"evs":[0.0,-2.16474]},"93s":{"weight":1.0,"played":[0.9997,3.0E-4],"evs":[0.0,-2.54894]},"94s":{"weight":1.0,"played":[1.0,0.0],"evs":[0.0,-2.17397]},"95s":{"weight":1.0,"played":[1.0,0.0],"evs":[0.0,-0.97464]},"96s":{"weight":1.0,"played":[0.9928,0.0072],"evs":[0.0,-1.05256]},"97s":{"weight":1.0,"played":[0.9519,0.0481],"evs":[0.0,-0.95209]},"98s":{"weight":1.0,"played":[0.7437,0.2563],"evs":[0.0,-0.54562]},"99":{"weight":1.0,"played":[3.0E-4,0.9997],"evs":[0.0,2.26464]},"T9o":{"weight":1.0,"played":[0.9996,4.0E-4],"evs":[0.0,-1.48431]},"J9o":{"weight":1.0,"played":[1.0,0.0],"evs":[0.0,-1.8196]},"Q9o":{"weight":1.0,"played":[1.0,0.0],"evs":[0.0,-2.42993]},"K9o":{"weight":1.0,"played":[1.0,0.0],"evs":[0.0,-2.06803]},"A9o":{"weight":1.0,"played":[0.9999,1.0E-4],"evs":[0.0,-3.11943]},"T2s":{"weight":1.0,"played":[0.9999,1.0E-4],"evs":[0.0,-2.15361]},"T3s":{"weight":1.0,"played":[0.9996,4.0E-4],"evs":[0.0,-2.29748]},"T4s":{"weight":1.0,"played":[0.9983,0.0017],"evs":[0.0,-1.95047]},"T5s":{"weight":1.0,"played":[1.0,0.0],"evs":[0.0,-1.84504]},"T6s":{"weight":1.0,"played":[0.9999,1.0E-4],"evs":[0.0,-1.17462]},"T7s":{"weight":1.0,"played":[1.0,0.0],"evs":[0.0,-0.94199]},"T8s":{"weight":1.0,"played":[0.9924,0.0076],"evs":[0.0,-0.28866]},"T9s":{"weight":1.0,"played":[0.7501,0.2499],"evs":[0.0,-0.28706]},"TT":{"weight":1.0,"played":[0.0,1.0],"evs":[0.0,2.76587]},"JTo":{"weight":1.0,"played":[1.0,0.0],"evs":[0.0,-1.21561]},"QTo":{"weight":1.0,"played":[0.9992,8.0E-4],"evs":[0.0,-1.46322]},"KTo":{"weight":1.0,"played":[0.9996,4.0E-4],"evs":[0.0,-1.37301]},"ATo":{"weight":1.0,"played":[1.0,0.0],"evs":[0.0,-2.2355]},"J2s":{"weight":1.0,"played":[0.9999,1.0E-4],"evs":[0.0,-2.9457]},"J3s":{"weight":1.0,"played":[0.9997,3.0E-4],"evs":[0.0,-2.50126]},"J4s":{"weight":1.0,"played":[0.9996,4.0E-4],"evs":[0.0,-1.90793]},"J5s":{"weight":1.0,"played":[0.9999,1.0E-4],"evs":[0.0,-1.94892]},"J6s":{"weight":1.0,"played":[0.999,0.001],"evs":[0.0,-2.13215]},"J7s":{"weight":1.0,"played":[0.9977,0.0023],"evs":[0.0,-1.91683]},"J8s":{"weight":1.0,"played":[0.9976,0.0024],"evs":[0.0,-1.39681]},"J9s":{"weight":1.0,"played":[0.9849,0.0151],"evs":[0.0,-0.86143]},"JTs":{"weight":1.0,"played":[0.2102,0.7898],"evs":[0.0,0.30363]},"JJ":{"weight":1.0,"played":[0.0,1.0],"evs":[0.0,4.51007]},"QJo":{"weight":1.0,"played":[0.9999,1.0E-4],"evs":[0.0,-1.70328]},"KJo":{"weight":1.0,"played":[0.9992,8.0E-4],"evs":[0.0,-1.45878]},"AJo":{"weight":1.0,"played":[0.9999,1.0E-4],"evs":[0.0,-1.84949]},"Q2s":{"weight":1.0,"played":[1.0,0.0],"evs":[0.0,-2.06109]},"Q3s":{"weight":1.0,"played":[0.9996,4.0E-4],"evs":[0.0,-2.02852]},"Q4s":{"weight":1.0,"played":[0.9997,3.0E-4],"evs":[0.0,-2.40424]},"Q5s":{"weight":1.0,"played":[0.9993,7.0E-4],"evs":[0.0,-1.75931]},"Q6s":{"weight":1.0,"played":[0.9999,1.0E-4],"evs":[0.0,-2.14045]},"Q7s":{"weight":1.0,"played":[0.9999,1.0E-4],"evs":[0.0,-1.58971]},"Q8s":{"weight":1.0,"played":[0.9936,0.0064],"evs":[0.0,-1.26078]},"Q9s":{"weight":1.0,"played":[0.9836,0.0164],"evs":[0.0,-0.64161]},"QTs":{"weight":1.0,"played":[0.6684,0.3316],"evs":[0.0,-0.2349]},"QJs":{"weight":1.0,"played":[0.8506,0.1494],"evs":[0.0,-0.75506]},"QQ":{"weight":1.0,"played":[0.0,1.0],"evs":[0.0,7.41273]},"KQo":{"weight":1.0,"played":[0.9962,0.0038],"evs":[0.0,-0.70294]},"AQo":{"weight":1.0,"played":[0.8724,0.1276],"evs":[0.0,-0.1944]},"K2s":{"weight":1.0,"played":[0.9999,1.0E-4],"evs":[0.0,-2.2533]},"K3s":{"weight":1.0,"played":[0.9996,4.0E-4],"evs":[0.0,-1.57896]},"K4s":{"weight":1.0,"played":[0.9939,0.0061],"evs":[0.0,-1.66643]},"K5s":{"weight":1.0,"played":[0.9989,0.0011],"evs":[0.0,-2.14553]},"K6s":{"weight":1.0,"played":[0.9998,2.0E-4],"evs":[0.0,-1.21566]},"K7s":{"weight":1.0,"played":[0.9993,7.0E-4],"evs":[0.0,-0.74635]},"K8s":{"weight":1.0,"played":[0.9996,4.0E-4],"evs":[0.0,-1.34569]},"K9s":{"weight":1.0,"played":[0.9989,0.0011],"evs":[0.0,-0.73207]},"KTs":{"weight":1.0,"played":[0.9096,0.0904],"evs":[0.0,-0.17016]},"KJs":{"weight":1.0,"played":[0.7804,0.2196],"evs":[0.0,-0.24159]},"KQs":{"weight":1.0,"played":[0.001,0.999],"evs":[0.0,0.69786]},"KK":{"weight":1.0,"played":[0.0,1.0],"evs":[0.0,11.91253]},"AKo":{"weight":1.0,"played":[0.0,1.0],"evs":[0.0,1.39329]},"A2s":{"weight":1.0,"played":[0.9971,0.0029],"evs":[0.0,-2.5119]},"A3s":{"weight":1.0,"played":[0.9998,2.0E-4],"evs":[0.0,-2.3952]},"A4s":{"weight":1.0,"played":[0.9997,3.0E-4],"evs":[0.0,-2.01126]},"A5s":{"weight":1.0,"played":[0.9984,0.0016],"evs":[0.0,-1.33728]},"A6s":{"weight":1.0,"played":[0.9997,3.0E-4],"evs":[0.0,-1.93798]},"A7s":{"weight":1.0,"played":[0.9998,2.0E-4],"evs":[0.0,-1.70298]},"A8s":{"weight":1.0,"played":[1.0,0.0],"evs":[0.0,-2.09466]},"A9s":{"weight":1.0,"played":[0.9939,0.0061],"evs":[0.0,-2.03285]},"ATs":{"weight":1.0,"played":[0.9998,2.0E-4],"evs":[0.0,-0.69248]},"AJs":{"weight":1.0,"played":[0.4899,0.5101],"evs":[0.0,0.30477]},"AQs":{"weight":1.0,"played":[0.0013,0.9987],"evs":[0.0,0.93299]},"AKs":{"weight":1.0,"played":[0.0,1.0],"evs":[0.0,2.40768]},"AA":{"weight":1.0,"played":[0.0,1.0],"evs":[0.0,15.27785]}}}