{"player":4,"street":0,"children":2,"sequence":[{"player":0,"type":"R","amount":200000,"street":0},{"player":1,"type":"F","amount":0,"street":0},{"player":2,"type":"F","amount":0,"street":0},{"player":3,"type":"C","amount":200000,"street":0},{"player":4,"type":"C","amount":150000,"street":0},{"player":5,"type":"R","amount":1385000,"street":0},{"player":0,"type":"F","amount":0,"street":0},{"player":3,"type":"R","amount":1985000,"street":0}],"actions":[{"type":"F","amount":0},{"type":"C","amount":1785000}],"hands":{"22":{"weight":1.0,"played":[0.9997,3.0E-4],"evs":[0.0,-0.68566]},"32o":{"weight":0.0,"played":[1.0,0.0],"evs":[0.0,-4.17148]},"42o":{"weight":0.0,"played":[1.0,0.0],"evs":[0.0,-3.5939]},"52o":{"weight":0.0,"played":[1.0,0.0],"evs":[0.0,-3.5417]},"62o":{"weight":0.0,"played":[1.0,0.0],"evs":[0.0,-3.80134]},"72o":{"weight":0.0,"played":[1.0,0.0],"evs":[0.0,-4.05765]},"82o":{"weight":0.0,"played":[1.0,0.0],"evs":[0.0,-4.36051]},"92o":{"weight":0.0,"played":[1.0,0.0],"evs":[0.0,-3.69968]},"T2o":{"weight":0.0,"played":[1.0,0.0],"evs":[0.0,-3.79698]},"J2o":{"weight":0.0,"played":[1.0,0.0],"evs":[0.0,-3.74087]},"Q2o":{"weight":0.0,"played":[1.0,0.0],"evs":[0.0,-3.31829]},"K2o":{"weight":0.0,"played":[1.0,0.0],"evs":[0.0,-2.83778]},"A2o":{"weight":0.0,"played":[0.9999,1.0E-4],"evs":[0.0,-1.97437]},"32s":{"weight":0.0,"played":[0.9997,3.0E-4],"evs":[0.0,-2.34772]},"33":{"weight":1.0,"played":[0.0123,0.9877],"evs":[0.0,0.13385]},"43o":{"weight":0.0,"played":[1.0,0.0],"evs":[0.0,-3.1855]},"53o":{"weight":0.0,"played":[0.9999,1.0E-4],"evs":[0.0,-2.67906]},"63o":{"weight":0.0,"played":[1.0,0.0],"evs":[0.0,-3.18151]},"73o":{"weight":0.0,"played":[1.0,0.0],"evs":[0.0,-3.67381]},"83o":{"weight":0.0,"played":[1.0,0.0],"evs":[0.0,-4.19806]},"93o":{"weight":0.0,"played":[1.0,0.0],"evs":[0.0,-3.59894]},"T3o":{"weight":0.0,"played":[1.0,0.0],"evs":[0.0,-3.49102]},"J3o":{"weight":0.0,"played":[1.0,0.0],"evs":[0.0,-3.34532]},"Q3o":{"weight":0.0,"played":[1.0,0.0],"evs":[0.0,-2.80436]},"K3o":{"weight":0.0,"played":[1.0,0.0],"evs":[0.0,-2.67027]},"A3o":{"weight":0.0,"played":[0.9997,3.0E-4],"evs":[0.0,-1.42688]},"42s":{"weight":0.0,"played":[0.997,0.003],"evs":[0.0,-2.0151]},"43s":{"weight":0.0,"played":[0.9915,0.0085],"evs":[0.0,-1.75974]},"44":{"weight":0.9996,"played":[0.0,1.0],"evs":[0.0,0.72884]},"54o":{"weight":0.0,"played":[1.0,0.0],"evs":[0.0,-1.82319]},"64o":{"weight":0.0,"played":[1.0,0.0],"evs":[0.0,-2.42776]},"74o":{"weight":0.0,"played":[1.0,0.0],"evs":[0.0,-2.58589]},"84o":{"weight":0.0,"played":[1.0,0.0],"evs":[0.0,-3.09174]},"94o":{"weight":0.0,"played":[1.0,0.0],"evs":[0.0,-3.52014]},"T4o":{"weight":0.0,"played":[1.0,0.0],"evs":[0.0,-3.34665]},"J4o":{"weight":0.0,"played":[1.0,0.0],"evs":[0.0,-3.08695]},"Q4o":{"weight":0.0,"played":[1.0,0.0],"evs":[0.0,-2.50657]},"K4o":{"weight":0.0,"played":[1.0,0.0],"evs":[0.0,-2.22206]},"A4o":{"weight":0.0,"played":[0.9591,0.0409],"evs":[0.0,-1.05646]},"52s":{"weight":0.0,"played":[0.9987,0.0013],"evs":[0.0,-2.40443]},"53s":{"weight":3.0E-4,"played":[0.9021,0.0979],"evs":[0.0,-1.4627]},"54s":{"weight":0.644,"played":[0.9996,4.0E-4],"evs":[0.0,-0.54973]},"55":{"weight":0.2133,"played":[1.0E-4,0.9999],"evs":[0.0,2.1362]},"65o":{"weight":0.0,"played":[0.9988,0.0012],"evs":[0.0,-1.62612]},"75o":{"weight":0.0,"played":[1.0,0.0],"evs":[0.0,-2.29261]},"85o":{"weight":0.0,"played":[0.9999,1.0E-4],"evs":[0.0,-2.53619]},"95o":{"weight":0.0,"played":[1.0,0.0],"evs":[0.0,-3.03603]},"T5o":{"weight":0.0,"played":[0.9999,1.0E-4],"evs":[0.0,-3.25212]},"J5o":{"weight":0.0,"played":[1.0,0.0],"evs":[0.0,-2.8779]},"Q5o":{"weight":0.0,"played":[1.0,0.0],"evs":[0.0,-2.326]},"K5o":{"weight":0.0,"played":[0.9998,2.0E-4],"evs":[0.0,-2.42418]},"A5o":{"weight":0.0,"played":[0.9999,1.0E-4],"evs":[0.0,-0.79951]},"62s":{"weight":0.0,"played":[1.0,0.0],"evs":[0.0,-2.19883]},"63s":{"weight":0.0,"played":[0.9975,0.0025],"evs":[0.0,-1.37645]},"64s":{"weight":0.0055,"played":[0.9999,1.0E-4],"evs":[0.0,-1.03679]},"65s":{"weight":0.9867,"played":[0.7884,0.2116],"evs":[0.0,-0.57839]},"66":{"weight":0.0,"played":[0.0,1.0],"evs":[0.0,2.49531]},"76o":{"weight":0.0,"played":[1.0,0.0],"evs":[0.0,-1.38471]},"86o":{"weight":0.0,"played":[1.0,0.0],"evs":[0.0,-1.92405]},"96o":{"weight":0.0,"played":[0.9991,9.0E-4],"evs":[0.0,-2.25864]},"T6o":{"weight":0.0,"played":[1.0,0.0],"evs":[0.0,-2.54256]},"J6o":{"weight":0.0,"played":[1.0,0.0],"evs":[0.0,-2.60111]},"Q6o":{"weight":0.0,"played":[1.0,0.0],"evs":[0.0,-2.0817]},"K6o":{"weight":0.0,"played":[0.9999,1.0E-4],"evs":[0.0,-1.59399]},"A6o":{"weight":0.0,"played":[0.9839,0.0161],"evs":[0.0,-0.8154]},"72s":{"weight":0.0,"played":[0.9999,1.0E-4],"evs":[0.0,-2.75055]},"73s":{"weight":0.0,"played":[0.9992,8.0E-4],"evs":[0.0,-1.66456]},"74s":{"weight":0.0,"played":[0.9482,0.0518],"evs":[0.0,-1.33195]},"75s":{"weight":0.0076,"played":[0.9651,0.0349],"evs":[0.0,-1.03504]},"76s":{"weight":0.5685,"played":[0.4501,0.5499],"evs":[0.0,0.09307]},"77":{"weight":0.0,"played":[3.0E-4,0.9997],"evs":[0.0,3.58021]},"87o":{"weight":0.0,"played":[0.9996,4.0E-4],"evs":[0.0,-1.2594]},"97o":{"weight":0.0,"played":[1.0,0.0],"evs":[0.0,-2.20304]},"T7o":{"weight":0.0,"played":[0.9998,2.0E-4],"evs":[0.0,-2.13858]},"J7o":{"weight":0.0,"played":[1.0,0.0],"evs":[0.0,-1.97921]},"Q7o":{"weight":0.0,"played":[1.0,0.0],"evs":[0.0,-1.66452]},"K7o":{"weight":0.0,"played":[0.9997,3.0E-4],"evs":[0.0,-1.63648]},"A7o":{"weight":0.0,"played":[0.9998,2.0E-4],"evs":[0.0,-0.81078]},"82s":{"weight":0.0,"played":[1.0,0.0],"evs":[0.0,-2.13984]},"83s":{"weight":0.0,"played":[0.9997,3.0E-4],"evs":[0.0,-2.12296]},"84s":{"weight":0.0,"played":[1.0,0.0],"evs":[0.0,-1.96502]},"85s":{"weight":0.0,"played":[0.9883,0.0117],"evs":[0.0,-1.46483]},"86s":{"weight":1.0E-4,"played":[0.9992,8.0E-4],"evs":[0.0,-0.83498]},"87s":{"weight":0.9834,"played":[0.2127,0.7873],"evs":[0.0,-0.10603]},"88":{"weight":0.0,"played":[0.0,1.0],"evs":[0.0,4.18888]},"98o":{"weight":0.0,"played":[0.9998,2.0E-4],"evs":[0.0,-0.97334]},"T8o":{"weight":0.0,"played":[0.9999,1.0E-4],"evs":[0.0,-1.1956]},"J8o":{"weight":0.0,"played":[1.0,0.0],"evs":[0.0,-1.70463]},"Q8o":{"weight":0.0,"played":[1.0,0.0],"evs":[0.0,-1.58361]},"K8o":{"weight":0.0,"played":[0.9988,0.0012],"evs":[0.0,-1.0183]},"A8o":{"weight":0.0,"played":[0.9992,8.0E-4],"evs":[0.0,-0.22547]},"92s":{"weight":0.0,"played":[0.9992,8.0E-4],"evs":[0.0,-1.78507]},"93s":{"weight":0.0,"played":[0.999,0.001],"evs":[0.0,-1.55431]},"94s":{"weight":0.0,"played":[0.9997,3.0E-4],"evs":[0.0,-2.13876]},"95s":{"weight":0.0,"played":[0.9991,9.0E-4],"evs":[0.0,-1.29324]},"96s":{"weight":0.0,"played":[0.9981,0.0019],"evs":[0.0,-0.4138]},"97s":{"weight":0.9354,"played":[0.2542,0.7458],"evs":[0.0,0.00967]},"98s":{"weight":0.9998,"played":[0.003,0.997],"evs":[0.0,0.23247]},"99":{"weight":0.0,"played":[0.0,1.0],"evs":[0.0,5.99101]},"T9o":{"weight":0.0,"played":[0.9982,0.0018],"evs":[0.0,-0.6055]},"J9o":{"weight":0.0,"played":[0.9994,6.0E-4],"evs":[0.0,-0.69392]},"Q9o":{"weight":0.0,"played":[0.9995,5.0E-4],"evs":[0.0,-0.9194]},"K9o":{"weight":0.0,"played":[0.9992,8.0E-4],"evs":[0.0,-0.93604]},"A9o":{"weight":0.0222,"played":[1.0E-4,0.9999],"evs":[0.0,0.33443]},"T2s":{"weight":0.0,"played":[1.0,0.0],"evs":[0.0,-2.34148]},"T3s":{"weight":0.0,"played":[0.9997,3.0E-4],"evs":[0.0,-2.26141]},"T4s":{"weight":0.0,"played":[0.9944,0.0056],"evs":[0.0,-1.78625]},"T5s":{"weight":0.0,"played":[0.9971,0.0029],"evs":[0.0,-1.668]},"T6s":{"weight":0.0,"played":[0.9988,0.0012],"evs":[0.0,-1.10826]},"T7s":{"weight":0.0,"played":[0.9941,0.0059],"evs":[0.0,-0.61092]},"T8s":{"weight":0.6394,"played":[0.1,0.9],"evs":[0.0,0.43845]},"T9s":{"weight":0.0011,"played":[0.4963,0.5037],"evs":[0.0,0.20274]},"TT":{"weight":0.0,"played":[0.0,1.0],"evs":[0.0,7.05137]},"JTo":{"weight":0.0,"played":[0.9966,0.0034],"evs":[0.0,-0.1013]},"QTo":{"weight":0.0,"played":[0.7841,0.2159],"evs":[0.0,-0.05161]},"KTo":{"weight":0.0073,"played":[0.2203,0.7797],"evs":[0.0,0.05987]},"ATo":{"weight":0.0159,"played":[0.0,1.0],"evs":[0.0,1.39021]},"J2s":{"weight":0.0,"played":[0.9999,1.0E-4],"evs":[0.0,-1.70451]},"J3s":{"weight":0.0,"played":[0.9997,3.0E-4],"evs":[0.0,-2.38965]},"J4s":{"weight":0.0,"played":[0.9996,4.0E-4],"evs":[0.0,-1.6744]},"J5s":{"weight":0.0,"played":[0.9951,0.0049],"evs":[0.0,-1.93634]},"J6s":{"weight":0.0,"played":[0.9332,0.0668],"evs":[0.0,-1.5448]},"J7s":{"weight":3.0E-4,"played":[0.5555,0.4445],"evs":[0.0,0.07821]},"J8s":{"weight":0.0059,"played":[0.8598,0.1402],"evs":[0.0,-0.25916]},"J9s":{"weight":0.9829,"played":[0.0582,0.9418],"evs":[0.0,0.45084]},"JTs":{"weight":0.0029,"played":[0.0102,0.9898],"evs":[0.0,1.39787]},"JJ":{"weight":0.0,"played":[0.0,1.0],"evs":[0.0,9.59852]},"QJo":{"weight":0.8266,"played":[0.3158,0.6842],"evs":[0.0,0.22752]},"KJo":{"weight":0.9999,"played":[0.1385,0.8615],"evs":[0.0,0.54414]},"AJo":{"weight":1.0E-4,"played":[0.0,1.0],"evs":[0.0,2.57867]},"Q2s":{"weight":0.0,"played":[0.9989,0.0011],"evs":[0.0,-1.1521]},"Q3s":{"weight":0.0,"played":[0.9992,8.0E-4],"evs":[0.0,-1.62236]},"Q4s":{"weight":0.0,"played":[0.8079,0.1921],"evs":[0.0,-0.81302]},"Q5s":{"weight":0.0,"played":[0.9846,0.0154],"evs":[0.0,-0.92207]},"Q6s":{"weight":6.0E-4,"played":[0.7489,0.2511],"evs":[0.0,-0.92073]},"Q7s":{"weight":0.0,"played":[0.9769,0.0231],"evs":[0.0,-1.0732]},"Q8s":{"weight":0.0012,"played":[0.9033,0.0967],"evs":[0.0,-0.50884]},"Q9s":{"weight":0.9987,"played":[0.3275,0.6725],"evs":[0.0,0.39587]},"QTs":{"weight":0.1376,"played":[0.0091,0.9909],"evs":[0.0,1.60329]},"QJs":{"weight":0.9529,"played":[1.0E-4,0.9999],"evs":[0.0,1.46763]},"QQ":{"weight":0.0,"played":[0.0,1.0],"evs":[0.0,11.51766]},"KQo":{"weight":0.804,"played":[0.0,1.0],"evs":[0.0,1.81481]},"AQo":{"weight":0.0,"played":[0.0,1.0],"evs":[0.0,3.50846]},"K2s":{"weight":0.001,"played":[0.9986,0.0014],"evs":[0.0,-1.06939]},"K3s":{"weight":0.001,"played":[0.9405,0.0595],"evs":[0.0,-1.01078]},"K4s":{"weight":0.0042,"played":[0.9803,0.0197],"evs":[0.0,-0.96697]},"K5s":{"weight":1.0E-4,"played":[0.992,0.008],"evs":[0.0,-0.80632]},"K6s":{"weight":0.2491,"played":[0.5803,0.4197],"evs":[0.0,-0.04559]},"K7s":{"weight":0.3351,"played":[0.7932,0.2068],"evs":[0.0,-0.42153]},"K8s":{"weight":0.6804,"played":[0.4309,0.5691],"evs":[0.0,0.18367]},"K9s":{"weight":0.6252,"played":[0.0502,0.9498],"evs":[0.0,0.6599]},"KTs":{"weight":0.4149,"played":[1.0E-4,0.9999],"evs":[0.0,1.04542]},"KJs":{"weight":0.6087,"played":[4.0E-4,0.9996],"evs":[0.0,1.93047]},"KQs":{"weight":0.0102,"played":[0.0017,0.9983],"evs":[0.0,2.23755]},"KK":{"weight":0.0,"played":[0.0,1.0],"evs":[0.0,13.84456]},"AKo":{"weight":0.0,"played":[0.0,1.0],"evs":[0.0,5.32488]},"A2s":{"weight":0.9948,"played":[0.9938,0.0062],"evs":[0.0,-0.24528]},"A3s":{"weight":0.9978,"played":[0.6125,0.3875],"evs":[0.0,-0.30038]},"A4s":{"weight":0.9999,"played":[0.417,0.583],"evs":[0.0,0.14799]},"A5s":{"weight":0.9999,"played":[0.0056,0.9944],"evs":[0.0,0.86646]},"A6s":{"weight":0.9999,"played":[0.0022,0.9978],"evs":[0.0,0.63456]},"A7s":{"weight":0.1729,"played":[0.0077,0.9923],"evs":[0.0,0.72739]},"A8s":{"weight":0.679,"played":[0.0032,0.9968],"evs":[0.0,1.29763]},"A9s":{"weight":0.3418,"played":[7.0E-4,0.9993],"evs":[0.0,1.60528]},"ATs":{"weight":8.0E-4,"played":[1.0E-4,0.9999],"evs":[0.0,2.55814]},"AJs":{"weight":2.0E-4,"played":[0.0,1.0],"evs":[0.0,3.99971]},"AQs":{"weight":0.0,"played":[0.0,1.0],"evs":[0.0,5.61329]},"AKs":{"weight":0.0,"played":[0.0,1.0],"evs":[0.0,5.75826]},"AA":{"weight":1.0E-4,"played":[0.0,1.0],"evs":[0.0,17.94266]}}}