{"player":5,"street":0,"children":2,"sequence":[{"player":0,"type":"R","amount":200000,"street":0},{"player":1,"type":"F","amount":0,"street":0},{"player":2,"type":"F","amount":0,"street":0},{"player":3,"type":"C","amount":200000,"street":0},{"player":4,"type":"R","amount":1985000,"street":0}],"actions":[{"type":"F","amount":0,"node":291},{"type":"C","amount":1285000,"node":296}],"hands":{"22":{"weight":1.0,"played":[1.0,0.0],"evs":[0.0,-1.168]},"32o":{"weight":1.0,"played":[1.0,0.0],"evs":[0.0,-3.40477]},"42o":{"weight":1.0,"played":[1.0,0.0],"evs":[0.0,-3.28148]},"52o":{"weight":1.0,"played":[1.0,0.0],"evs":[0.0,-3.23937]},"62o":{"weight":1.0,"played":[1.0,0.0],"evs":[0.0,-3.43143]},"72o":{"weight":1.0,"played":[1.0,0.0],"evs":[0.0,-3.76153]},"82o":{"weight":1.0,"played":[1.0,0.0],"evs":[0.0,-3.57476]},"92o":{"weight":1.0,"played":[1.0,0.0],"evs":[0.0,-3.47667]},"T2o":{"weight":1.0,"played":[1.0,0.0],"evs":[0.0,-3.6793]},"J2o":{"weight":1.0,"played":[1.0,0.0],"evs":[0.0,-3.32151]},"Q2o":{"weight":1.0,"played":[1.0,0.0],"evs":[0.0,-3.1415]},"K2o":{"weight":1.0,"played":[1.0,0.0],"evs":[0.0,-2.72652]},"A2o":{"weight":1.0,"played":[1.0,0.0],"evs":[0.0,-2.53409]},"32s":{"weight":1.0,"played":[1.0,0.0],"evs":[0.0,-2.56972]},"33":{"weight":1.0,"played":[1.0,0.0],"evs":[0.0,-0.96991]},"43o":{"weight":1.0,"played":[1.0,0.0],"evs":[0.0,-2.86875]},"53o":{"weight":1.0,"played":[1.0,0.0],"evs":[0.0,-2.80525]},"63o":{"weight":1.0,"played":[1.0,0.0],"evs":[0.0,-3.08682]},"73o":{"weight":1.0,"played":[1.0,0.0],"evs":[0.0,-3.41048]},"83o":{"weight":1.0,"played":[1.0,0.0],"evs":[0.0,-3.61272]},"93o":{"weight":1.0,"played":[1.0,0.0],"evs":[0.0,-3.47887]},"T3o":{"weight":1.0,"played":[1.0,0.0],"evs":[0.0,-3.53667]},"J3o":{"weight":1.0,"played":[1.0,0.0],"evs":[0.0,-3.2106]},"Q3o":{"weight":1.0,"played":[1.0,0.0],"evs":[0.0,-2.97319]},"K3o":{"weight":1.0,"played":[1.0,0.0],"evs":[0.0,-2.68107]},"A3o":{"weight":1.0,"played":[1.0,0.0],"evs":[0.0,-2.57167]},"42s":{"weight":1.0,"played":[1.0,0.0],"evs":[0.0,-2.45369]},"43s":{"weight":1.0,"played":[1.0,0.0],"evs":[0.0,-2.0578]},"44":{"weight":1.0,"played":[1.0,0.0],"evs":[0.0,-0.9306]},"54o":{"weight":1.0,"played":[1.0,0.0],"evs":[0.0,-2.51281]},"64o":{"weight":1.0,"played":[1.0,0.0],"evs":[0.0,-2.75524]},"74o":{"weight":1.0,"played":[1.0,0.0],"evs":[0.0,-3.0424]},"84o":{"weight":1.0,"played":[1.0,0.0],"evs":[0.0,-3.24325]},"94o":{"weight":1.0,"played":[1.0,0.0],"evs":[0.0,-3.34951]},"T4o":{"weight":1.0,"played":[1.0,0.0],"evs":[0.0,-3.45314]},"J4o":{"weight":1.0,"played":[1.0,0.0],"evs":[0.0,-3.12836]},"Q4o":{"weight":1.0,"played":[1.0,0.0],"evs":[0.0,-2.9957]},"K4o":{"weight":1.0,"played":[1.0,0.0],"evs":[0.0,-2.61489]},"A4o":{"weight":1.0,"played":[1.0,0.0],"evs":[0.0,-2.32922]},"52s":{"weight":1.0,"played":[1.0,0.0],"evs":[0.0,-2.25251]},"53s":{"weight":1.0,"played":[1.0,0.0],"evs":[0.0,-2.01336]},"54s":{"weight":1.0,"played":[1.0,0.0],"evs":[0.0,-1.60914]},"55":{"weight":1.0,"played":[1.0,0.0],"evs":[0.0,-0.69503]},"65o":{"weight":1.0,"played":[1.0,0.0],"evs":[0.0,-2.40971]},"75o":{"weight":1.0,"played":[1.0,0.0],"evs":[0.0,-2.75774]},"85o":{"weight":1.0,"played":[1.0,0.0],"evs":[0.0,-2.89739]},"95o":{"weight":1.0,"played":[1.0,0.0],"evs":[0.0,-3.07902]},"T5o":{"weight":1.0,"played":[1.0,0.0],"evs":[0.0,-3.47462]},"J5o":{"weight":1.0,"played":[1.0,0.0],"evs":[0.0,-3.07125]},"Q5o":{"weight":1.0,"played":[1.0,0.0],"evs":[0.0,-2.86127]},"K5o":{"weight":1.0,"played":[1.0,0.0],"evs":[0.0,-2.52124]},"A5o":{"weight":1.0,"played":[1.0,0.0],"evs":[0.0,-2.26645]},"62s":{"weight":1.0,"played":[1.0,0.0],"evs":[0.0,-2.59606]},"63s":{"weight":1.0,"played":[1.0,0.0],"evs":[0.0,-2.19191]},"64s":{"weight":1.0,"played":[1.0,0.0],"evs":[0.0,-1.72463]},"65s":{"weight":1.0,"played":[1.0,0.0],"evs":[0.0,-1.41751]},"66":{"weight":1.0,"played":[0.9937,0.0063],"evs":[0.0,-0.11849]},"76o":{"weight":1.0,"played":[1.0,0.0],"evs":[0.0,-2.31067]},"86o":{"weight":1.0,"played":[1.0,0.0],"evs":[0.0,-2.48911]},"96o":{"weight":1.0,"played":[1.0,0.0],"evs":[0.0,-2.72338]},"T6o":{"weight":1.0,"played":[1.0,0.0],"evs":[0.0,-3.05146]},"J6o":{"weight":1.0,"played":[1.0,0.0],"evs":[0.0,-3.0468]},"Q6o":{"weight":1.0,"played":[1.0,0.0],"evs":[0.0,-2.76999]},"K6o":{"weight":1.0,"played":[1.0,0.0],"evs":[0.0,-2.38371]},"A6o":{"weight":1.0,"played":[1.0,0.0],"evs":[0.0,-2.59643]},"72s":{"weight":1.0,"played":[1.0,0.0],"evs":[0.0,-2.78192]},"73s":{"weight":1.0,"played":[1.0,0.0],"evs":[0.0,-2.31527]},"74s":{"weight":1.0,"played":[1.0,0.0],"evs":[0.0,-2.00487]},"75s":{"weight":1.0,"played":[1.0,0.0],"evs":[0.0,-1.77942]},"76s":{"weight":1.0,"played":[1.0,0.0],"evs":[0.0,-1.44651]},"77":{"weight":1.0,"played":[0.0028,0.9972],"evs":[0.0,0.31603]},"87o":{"weight":1.0,"played":[1.0,0.0],"evs":[0.0,-2.22407]},"97o":{"weight":1.0,"played":[1.0,0.0],"evs":[0.0,-2.3982]},"T7o":{"weight":1.0,"played":[1.0,0.0],"evs":[0.0,-2.79901]},"J7o":{"weight":1.0,"played":[1.0,0.0],"evs":[0.0,-2.76517]},"Q7o":{"weight":1.0,"played":[1.0,0.0],"evs":[0.0,-2.80439]},"K7o":{"weight":1.0,"played":[1.0,0.0],"evs":[0.0,-2.31255]},"A7o":{"weight":1.0,"played":[1.0,0.0],"evs":[0.0,-2.29893]},"82s":{"weight":1.0,"played":[1.0,0.0],"evs":[0.0,-2.62734]},"83s":{"weight":1.0,"played":[1.0,0.0],"evs":[0.0,-2.59659]},"84s":{"weight":1.0,"played":[1.0,0.0],"evs":[0.0,-2.12347]},"85s":{"weight":1.0,"played":[1.0,0.0],"evs":[0.0,-1.97535]},"86s":{"weight":1.0,"played":[0.9996,4.0E-4],"evs":[0.0,-1.46993]},"87s":{"weight":1.0,"played":[0.9999,1.0E-4],"evs":[0.0,-1.43393]},"88":{"weight":1.0,"played":[0.0,1.0],"evs":[0.0,1.14553]},"98o":{"weight":1.0,"played":[1.0,0.0],"evs":[0.0,-2.08501]},"T8o":{"weight":1.0,"played":[1.0,0.0],"evs":[0.0,-2.4358]},"J8o":{"weight":1.0,"played":[1.0,0.0],"evs":[0.0,-2.37899]},"Q8o":{"weight":1.0,"played":[1.0,0.0],"evs":[0.0,-2.39463]},"K8o":{"weight":1.0,"played":[1.0,0.0],"evs":[0.0,-2.20007]},"A8o":{"weight":1.0,"played":[1.0,0.0],"evs":[0.0,-2.13819]},"92s":{"weight":1.0,"played":[1.0,0.0],"evs":[0.0,-2.48014]},"93s":{"weight":1.0,"played":[1.0,0.0],"evs":[0.0,-2.54736]},"94s":{"weight":1.0,"played":[1.0,0.0],"evs":[0.0,-2.5682]},"95s":{"weight":1.0,"played":[1.0,0.0],"evs":[0.0,-2.04466]},"96s":{"weight":1.0,"played":[1.0,0.0],"evs":[0.0,-1.75787]},"97s":{"weight":1.0,"played":[0.9999,1.0E-4],"evs":[0.0,-1.47012]},"98s":{"weight":1.0,"played":[1.0,0.0],"evs":[0.0,-1.1981]},"99":{"weight":1.0,"played":[0.0,1.0],"evs":[0.0,2.15252]},"T9o":{"weight":1.0,"played":[1.0,0.0],"evs":[0.0,-1.91607]},"J9o":{"weight":1.0,"played":[1.0,0.0],"evs":[0.0,-1.91618]},"Q9o":{"weight":1.0,"played":[1.0,0.0],"evs":[0.0,-1.98627]},"K9o":{"weight":1.0,"played":[1.0,0.0],"evs":[0.0,-1.80593]},"A9o":{"weight":1.0,"played":[1.0,0.0],"evs":[0.0,-1.83053]},"T2s":{"weight":1.0,"played":[1.0,0.0],"evs":[0.0,-2.63198]},"T3s":{"weight":1.0,"played":[1.0,0.0],"evs":[0.0,-2.66984]},"T4s":{"weight":1.0,"played":[1.0,0.0],"evs":[0.0,-2.51247]},"T5s":{"weight":1.0,"played":[1.0,0.0],"evs":[0.0,-2.61743]},"T6s":{"weight":1.0,"played":[1.0,0.0],"evs":[0.0,-2.03622]},"T7s":{"weight":1.0,"played":[1.0,0.0],"evs":[0.0,-1.77767]},"T8s":{"weight":1.0,"played":[1.0,0.0],"evs":[0.0,-1.51245]},"T9s":{"weight":1.0,"played":[0.9998,2.0E-4],"evs":[0.0,-0.9107]},"TT":{"weight":1.0,"played":[0.0,1.0],"evs":[0.0,3.17843]},"JTo":{"weight":1.0,"played":[1.0,0.0],"evs":[0.0,-1.71797]},"QTo":{"weight":1.0,"played":[1.0,0.0],"evs":[0.0,-1.58444]},"KTo":{"weight":1.0,"played":[1.0,0.0],"evs":[0.0,-1.36711]},"ATo":{"weight":1.0,"played":[1.0,0.0],"evs":[0.0,-1.0513]},"J2s":{"weight":1.0,"played":[1.0,0.0],"evs":[0.0,-2.26812]},"J3s":{"weight":1.0,"played":[1.0,0.0],"evs":[0.0,-2.11036]},"J4s":{"weight":1.0,"played":[1.0,0.0],"evs":[0.0,-2.1754]},"J5s":{"weight":1.0,"played":[1.0,0.0],"evs":[0.0,-2.08798]},"J6s":{"weight":1.0,"played":[1.0,0.0],"evs":[0.0,-2.113]},"J7s":{"weight":1.0,"played":[1.0,0.0],"evs":[0.0,-1.6902]},"J8s":{"weight":1.0,"played":[1.0,0.0],"evs":[0.0,-1.29474]},"J9s":{"weight":1.0,"played":[0.9998,2.0E-4],"evs":[0.0,-1.02934]},"JTs":{"weight":1.0,"played":[0.9999,1.0E-4],"evs":[0.0,-0.76296]},"JJ":{"weight":1.0,"played":[0.0,1.0],"evs":[0.0,4.66962]},"QJo":{"weight":1.0,"played":[1.0,0.0],"evs":[0.0,-1.26701]},"KJo":{"weight":1.0,"played":[1.0,0.0],"evs":[0.0,-1.01105]},"AJo":{"weight":1.0,"played":[0.995,0.005],"evs":[0.0,-0.07938]},"Q2s":{"weight":1.0,"played":[1.0,0.0],"evs":[0.0,-2.13185]},"Q3s":{"weight":1.0,"played":[1.0,0.0],"evs":[0.0,-1.99226]},"Q4s":{"weight":1.0,"played":[1.0,0.0],"evs":[0.0,-2.04217]},"Q5s":{"weight":1.0,"played":[1.0,0.0],"evs":[0.0,-1.86961]},"Q6s":{"weight":1.0,"played":[1.0,0.0],"evs":[0.0,-1.6724]},"Q7s":{"weight":1.0,"played":[1.0,0.0],"evs":[0.0,-1.63183]},"Q8s":{"weight":1.0,"played":[0.9997,3.0E-4],"evs":[0.0,-1.35676]},"Q9s":{"weight":1.0,"played":[1.0,0.0],"evs":[0.0,-1.08]},"QTs":{"weight":1.0,"played":[0.9999,1.0E-4],"evs":[0.0,-0.58393]},"QJs":{"weight":1.0,"played":[0.9993,7.0E-4],"evs":[0.0,-0.40643]},"QQ":{"weight":1.0,"played":[0.0,1.0],"evs":[0.0,6.32479]},"KQo":{"weight":1.0,"played":[1.0,0.0],"evs":[0.0,-0.57022]},"AQo":{"weight":1.0,"played":[2.0E-4,0.9998],"evs":[0.0,1.08119]},"K2s":{"weight":1.0,"played":[1.0,0.0],"evs":[0.0,-1.6583]},"K3s":{"weight":1.0,"played":[1.0,0.0],"evs":[0.0,-1.57121]},"K4s":{"weight":1.0,"played":[1.0,0.0],"evs":[0.0,-1.54351]},"K5s":{"weight":1.0,"played":[1.0,0.0],"evs":[0.0,-1.51861]},"K6s":{"weight":1.0,"played":[1.0,0.0],"evs":[0.0,-1.4257]},"K7s":{"weight":1.0,"played":[1.0,0.0],"evs":[0.0,-1.30858]},"K8s":{"weight":1.0,"played":[1.0,0.0],"evs":[0.0,-1.21794]},"K9s":{"weight":1.0,"played":[1.0,0.0],"evs":[0.0,-0.75577]},"KTs":{"weight":1.0,"played":[1.0,0.0],"evs":[0.0,-0.392]},"KJs":{"weight":1.0,"played":[0.9605,0.0395],"evs":[0.0,-0.15136]},"KQs":{"weight":1.0,"played":[0.004,0.996],"evs":[0.0,0.2559]},"KK":{"weight":1.0,"played":[0.0,1.0],"evs":[0.0,8.32012]},"AKo":{"weight":1.0,"played":[0.0,1.0],"evs":[0.0,2.54649]},"A2s":{"weight":1.0,"played":[1.0,0.0],"evs":[0.0,-1.50405]},"A3s":{"weight":1.0,"played":[1.0,0.0],"evs":[0.0,-1.25909]},"A4s":{"weight":1.0,"played":[1.0,0.0],"evs":[0.0,-1.28151]},"A5s":{"weight":1.0,"played":[1.0,0.0],"evs":[0.0,-1.26164]},"A6s":{"weight":1.0,"played":[1.0,0.0],"evs":[0.0,-1.61585]},"A7s":{"weight":1.0,"played":[1.0,0.0],"evs":[0.0,-1.49098]},"A8s":{"weight":1.0,"played":[0.9999,1.0E-4],"evs":[0.0,-1.05444]},"A9s":{"weight":1.0,"played":[0.9991,9.0E-4],"evs":[0.0,-0.84264]},"ATs":{"weight":1.0,"played":[0.894,0.106],"evs":[0.0,-0.17102]},"AJs":{"weight":1.0,"played":[0.0015,0.9985],"evs":[0.0,0.68458]},"AQs":{"weight":1.0,"played":[0.0,1.0],"evs":[0.0,1.98352]},"AKs":{"weight":1.0,"played":[0.0,1.0],"evs":[0.0,3.21433]},"AA":{"weight":1.0,"played":[0.0,1.0],"evs":[0.0,10.94519]}}}