{"player":0,"street":0,"children":3,"sequence":[{"player":0,"type":"R","amount":200000,"street":0},{"player":1,"type":"F","amount":0,"street":0},{"player":2,"type":"F","amount":0,"street":0},{"player":3,"type":"C","amount":200000,"street":0},{"player":4,"type":"R","amount":1985000,"street":0},{"player":5,"type":"F","amount":0,"street":0}],"actions":[{"type":"F","amount":0,"node":292},{"type":"C","amount":1785000,"node":293},{"type":"R","amount":3285000,"node":295}],"hands":{"22":{"weight":0.0,"played":[1.0,0.0,0.0],"evs":[0.0,-0.9375,-0.92328]},"32o":{"weight":0.0,"played":[1.0,0.0,0.0],"evs":[0.0,-4.76217,-4.76224]},"42o":{"weight":0.0,"played":[1.0,0.0,0.0],"evs":[0.0,-4.70012,-4.69562]},"52o":{"weight":0.0,"played":[1.0,0.0,0.0],"evs":[0.0,-4.59469,-4.59218]},"62o":{"weight":0.0,"played":[1.0,0.0,0.0],"evs":[0.0,-4.93583,-4.93947]},"72o":{"weight":0.0,"played":[1.0,0.0,0.0],"evs":[0.0,-5.2615,-5.25004]},"82o":{"weight":0.0,"played":[1.0,0.0,0.0],"evs":[0.0,-4.80955,-4.78856]},"92o":{"weight":0.0,"played":[1.0,0.0,0.0],"evs":[0.0,-4.5461,-4.54776]},"T2o":{"weight":0.0,"played":[1.0,0.0,0.0],"evs":[0.0,-4.68811,-4.67781]},"J2o":{"weight":0.0,"played":[1.0,0.0,0.0],"evs":[0.0,-4.09092,-4.08308]},"Q2o":{"weight":0.0,"played":[1.0,0.0,0.0],"evs":[0.0,-3.84195,-3.83141]},"K2o":{"weight":0.0,"played":[1.0,0.0,0.0],"evs":[0.0,-3.24719,-3.24554]},"A2o":{"weight":0.0,"played":[1.0,0.0,0.0],"evs":[0.0,-2.81978,-2.8136]},"32s":{"weight":0.0,"played":[1.0,0.0,0.0],"evs":[0.0,-3.63654,-3.61108]},"33":{"weight":0.9998,"played":[1.0,0.0,0.0],"evs":[0.0,-0.73548,-0.73105]},"43o":{"weight":0.0,"played":[1.0,0.0,0.0],"evs":[0.0,-4.2054,-4.20603]},"53o":{"weight":0.0,"played":[1.0,0.0,0.0],"evs":[0.0,-4.08719,-4.08879]},"63o":{"weight":0.0,"played":[1.0,0.0,0.0],"evs":[0.0,-4.37346,-4.36898]},"73o":{"weight":0.0,"played":[1.0,0.0,0.0],"evs":[0.0,-4.67346,-4.67852]},"83o":{"weight":0.0,"played":[1.0,0.0,0.0],"evs":[0.0,-4.82763,-4.82072]},"93o":{"weight":0.0,"played":[1.0,0.0,0.0],"evs":[0.0,-4.49947,-4.49339]},"T3o":{"weight":0.0,"played":[1.0,0.0,0.0],"evs":[0.0,-4.56994,-4.56722]},"J3o":{"weight":0.0,"played":[1.0,0.0,0.0],"evs":[0.0,-4.04702,-4.05172]},"Q3o":{"weight":0.0,"played":[1.0,0.0,0.0],"evs":[0.0,-3.67694,-3.6747]},"K3o":{"weight":0.0,"played":[1.0,0.0,0.0],"evs":[0.0,-3.17943,-3.19215]},"A3o":{"weight":0.0,"played":[1.0,0.0,0.0],"evs":[0.0,-2.69331,-2.68446]},"42s":{"weight":0.0,"played":[1.0,0.0,0.0],"evs":[0.0,-3.50314,-3.52425]},"43s":{"weight":0.0,"played":[1.0,0.0,0.0],"evs":[0.0,-2.98421,-2.9835]},"44":{"weight":1.0,"played":[1.0,0.0,0.0],"evs":[0.0,-0.63595,-0.64912]},"54o":{"weight":0.0,"played":[1.0,0.0,0.0],"evs":[0.0,-3.69417,-3.68657]},"64o":{"weight":0.0,"played":[1.0,0.0,0.0],"evs":[0.0,-3.91683,-3.91816]},"74o":{"weight":0.0,"played":[1.0,0.0,0.0],"evs":[0.0,-4.34827,-4.35898]},"84o":{"weight":0.0,"played":[1.0,0.0,0.0],"evs":[0.0,-4.41972,-4.42306]},"94o":{"weight":0.0,"played":[1.0,0.0,0.0],"evs":[0.0,-4.44168,-4.44449]},"T4o":{"weight":0.0,"played":[1.0,0.0,0.0],"evs":[0.0,-4.48298,-4.47635]},"J4o":{"weight":0.0,"played":[1.0,0.0,0.0],"evs":[0.0,-3.94585,-3.94379]},"Q4o":{"weight":0.0,"played":[1.0,0.0,0.0],"evs":[0.0,-3.57285,-3.55927]},"K4o":{"weight":0.0,"played":[1.0,0.0,0.0],"evs":[0.0,-3.00942,-2.99918]},"A4o":{"weight":0.0,"played":[1.0,0.0,0.0],"evs":[0.0,-2.65581,-2.65059]},"52s":{"weight":0.0,"played":[1.0,0.0,0.0],"evs":[0.0,-3.20836,-3.21687]},"53s":{"weight":0.0,"played":[1.0,0.0,0.0],"evs":[0.0,-2.86889,-2.87856]},"54s":{"weight":0.0,"played":[1.0,0.0,0.0],"evs":[0.0,-2.55333,-2.54771]},"55":{"weight":1.0,"played":[1.0,0.0,0.0],"evs":[0.0,-0.33951,-0.34059]},"65o":{"weight":0.0,"played":[1.0,0.0,0.0],"evs":[0.0,-3.5185,-3.51889]},"75o":{"weight":0.0,"played":[1.0,0.0,0.0],"evs":[0.0,-3.9101,-3.91635]},"85o":{"weight":0.0,"played":[1.0,0.0,0.0],"evs":[0.0,-3.97063,-3.9793]},"95o":{"weight":0.0,"played":[1.0,0.0,0.0],"evs":[0.0,-4.05437,-4.06001]},"T5o":{"weight":0.0,"played":[1.0,0.0,0.0],"evs":[0.0,-4.51018,-4.50355]},"J5o":{"weight":0.0,"played":[1.0,0.0,0.0],"evs":[0.0,-3.86839,-3.86279]},"Q5o":{"weight":0.0,"played":[1.0,0.0,0.0],"evs":[0.0,-3.59356,-3.58298]},"K5o":{"weight":0.0,"played":[1.0,0.0,0.0],"evs":[0.0,-3.02088,-3.01136]},"A5o":{"weight":0.0,"played":[1.0,0.0,0.0],"evs":[0.0,-2.41243,-2.41223]},"62s":{"weight":0.0,"played":[1.0,0.0,0.0],"evs":[0.0,-3.57996,-3.59223]},"63s":{"weight":0.0,"played":[1.0,0.0,0.0],"evs":[0.0,-3.15787,-3.14009]},"64s":{"weight":0.0,"played":[1.0,0.0,0.0],"evs":[0.0,-2.83653,-2.83666]},"65s":{"weight":0.0,"played":[1.0,0.0,0.0],"evs":[0.0,-2.31013,-2.30745]},"66":{"weight":1.0,"played":[0.0021,0.5382,0.4597],"evs":[0.0,0.4121,0.41333]},"76o":{"weight":0.0,"played":[1.0,0.0,0.0],"evs":[0.0,-3.39796,-3.3964]},"86o":{"weight":0.0,"played":[1.0,0.0,0.0],"evs":[0.0,-3.35019,-3.3427]},"96o":{"weight":0.0,"played":[1.0,0.0,0.0],"evs":[0.0,-3.5657,-3.56584]},"T6o":{"weight":0.0,"played":[1.0,0.0,0.0],"evs":[0.0,-3.99695,-3.99564]},"J6o":{"weight":0.0,"played":[1.0,0.0,0.0],"evs":[0.0,-3.71217,-3.71001]},"Q6o":{"weight":0.0,"played":[1.0,0.0,0.0],"evs":[0.0,-3.3316,-3.3341]},"K6o":{"weight":0.0,"played":[1.0,0.0,0.0],"evs":[0.0,-2.82806,-2.82817]},"A6o":{"weight":0.0,"played":[1.0,0.0,0.0],"evs":[0.0,-2.86575,-2.85342]},"72s":{"weight":0.0,"played":[1.0,0.0,0.0],"evs":[0.0,-3.82151,-3.82235]},"73s":{"weight":0.0,"played":[1.0,0.0,0.0],"evs":[0.0,-3.41036,-3.4197]},"74s":{"weight":0.0,"played":[1.0,0.0,0.0],"evs":[0.0,-2.96447,-2.96382]},"75s":{"weight":0.0,"played":[1.0,0.0,0.0],"evs":[0.0,-2.76606,-2.77414]},"76s":{"weight":0.6197,"played":[1.0,0.0,0.0],"evs":[0.0,-2.14862,-2.14731]},"77":{"weight":1.0,"played":[0.0,0.5467,0.4533],"evs":[0.0,1.10439,1.10939]},"87o":{"weight":0.0,"played":[1.0,0.0,0.0],"evs":[0.0,-2.99074,-2.98682]},"97o":{"weight":0.0,"played":[1.0,0.0,0.0],"evs":[0.0,-3.17309,-3.16349]},"T7o":{"weight":0.0,"played":[1.0,0.0,0.0],"evs":[0.0,-3.5327,-3.5317]},"J7o":{"weight":0.0,"played":[1.0,0.0,0.0],"evs":[0.0,-3.40576,-3.40256]},"Q7o":{"weight":0.0,"played":[1.0,0.0,0.0],"evs":[0.0,-3.36617,-3.37521]},"K7o":{"weight":0.0,"played":[1.0,0.0,0.0],"evs":[0.0,-2.77199,-2.76848]},"A7o":{"weight":2.0E-4,"played":[1.0,0.0,0.0],"evs":[0.0,-2.55221,-2.56066]},"82s":{"weight":0.0,"played":[1.0,0.0,0.0],"evs":[0.0,-3.43785,-3.44045]},"83s":{"weight":0.0,"played":[1.0,0.0,0.0],"evs":[0.0,-3.57878,-3.59417]},"84s":{"weight":0.0,"played":[1.0,0.0,0.0],"evs":[0.0,-3.16725,-3.16481]},"85s":{"weight":0.0,"played":[1.0,0.0,0.0],"evs":[0.0,-2.74222,-2.75473]},"86s":{"weight":0.0,"played":[1.0,0.0,0.0],"evs":[0.0,-2.27939,-2.28578]},"87s":{"weight":0.9981,"played":[1.0,0.0,0.0],"evs":[0.0,-1.94076,-1.94948]},"88":{"weight":1.0,"played":[0.0,0.4383,0.5617],"evs":[0.0,2.40193,2.39921]},"98o":{"weight":0.0,"played":[1.0,0.0,0.0],"evs":[0.0,-2.54139,-2.55128]},"T8o":{"weight":0.0,"played":[1.0,0.0,0.0],"evs":[0.0,-2.90167,-2.89188]},"J8o":{"weight":0.0,"played":[1.0,0.0,0.0],"evs":[0.0,-2.71291,-2.70054]},"Q8o":{"weight":0.0,"played":[1.0,0.0,0.0],"evs":[0.0,-2.65682,-2.66334]},"K8o":{"weight":0.0,"played":[1.0,0.0,0.0],"evs":[0.0,-2.45374,-2.4525]},"A8o":{"weight":1.0,"played":[1.0,0.0,0.0],"evs":[0.0,-2.09813,-2.09398]},"92s":{"weight":0.0,"played":[1.0,0.0,0.0],"evs":[0.0,-3.33863,-3.32415]},"93s":{"weight":0.0,"played":[1.0,0.0,0.0],"evs":[0.0,-3.27152,-3.26847]},"94s":{"weight":0.0,"played":[1.0,0.0,0.0],"evs":[0.0,-3.0834,-3.06135]},"95s":{"weight":0.0,"played":[1.0,0.0,0.0],"evs":[0.0,-2.79382,-2.79645]},"96s":{"weight":0.0,"played":[1.0,0.0,0.0],"evs":[0.0,-2.35337,-2.34579]},"97s":{"weight":0.0565,"played":[1.0,0.0,0.0],"evs":[0.0,-1.95406,-1.96182]},"98s":{"weight":1.0,"played":[1.0,0.0,0.0],"evs":[0.0,-1.40091,-1.39454]},"99":{"weight":0.998,"played":[0.0,0.7124,0.2876],"evs":[0.0,3.83073,3.8328]},"T9o":{"weight":0.0,"played":[1.0,0.0,0.0],"evs":[0.0,-2.23607,-2.24542]},"J9o":{"weight":0.0,"played":[1.0,0.0,0.0],"evs":[0.0,-2.05849,-2.0404]},"Q9o":{"weight":0.0,"played":[1.0,0.0,0.0],"evs":[0.0,-2.05428,-2.04234]},"K9o":{"weight":0.0,"played":[1.0,0.0,0.0],"evs":[0.0,-1.87296,-1.87936]},"A9o":{"weight":1.0,"played":[1.0,0.0,0.0],"evs":[0.0,-1.54493,-1.54702]},"T2s":{"weight":0.0,"played":[1.0,0.0,0.0],"evs":[0.0,-3.38088,-3.37958]},"T3s":{"weight":0.0,"played":[1.0,0.0,0.0],"evs":[0.0,-3.31062,-3.32894]},"T4s":{"weight":0.0,"played":[1.0,0.0,0.0],"evs":[0.0,-3.13702,-3.15204]},"T5s":{"weight":0.0,"played":[1.0,0.0,0.0],"evs":[0.0,-3.04447,-3.04993]},"T6s":{"weight":0.0,"played":[1.0,0.0,0.0],"evs":[0.0,-2.58103,-2.57108]},"T7s":{"weight":0.0,"played":[1.0,0.0,0.0],"evs":[0.0,-2.33821,-2.35339]},"T8s":{"weight":0.9999,"played":[1.0,0.0,0.0],"evs":[0.0,-1.76109,-1.76971]},"T9s":{"weight":1.0,"played":[1.0,0.0,0.0],"evs":[0.0,-1.05803,-1.05404]},"TT":{"weight":1.0,"played":[0.0,0.0131,0.9869],"evs":[0.0,5.67903,5.68966]},"JTo":{"weight":0.1782,"played":[1.0,0.0,0.0],"evs":[0.0,-1.61742,-1.61566]},"QTo":{"weight":1.0,"played":[1.0,0.0,0.0],"evs":[0.0,-1.54802,-1.53749]},"KTo":{"weight":1.0,"played":[1.0,0.0,0.0],"evs":[0.0,-1.18816,-1.19408]},"ATo":{"weight":1.0,"played":[1.0,0.0,0.0],"evs":[0.0,-0.26486,-0.26082]},"J2s":{"weight":0.0,"played":[1.0,0.0,0.0],"evs":[0.0,-2.92654,-2.92199]},"J3s":{"weight":0.0,"played":[1.0,0.0,0.0],"evs":[0.0,-2.82315,-2.8293]},"J4s":{"weight":0.0,"played":[1.0,0.0,0.0],"evs":[0.0,-2.65241,-2.64652]},"J5s":{"weight":0.0,"played":[1.0,0.0,0.0],"evs":[0.0,-2.7237,-2.72999]},"J6s":{"weight":0.0,"played":[1.0,0.0,0.0],"evs":[0.0,-2.46416,-2.48785]},"J7s":{"weight":0.0,"played":[1.0,0.0,0.0],"evs":[0.0,-2.2476,-2.22072]},"J8s":{"weight":0.9972,"played":[1.0,0.0,0.0],"evs":[0.0,-1.48402,-1.46078]},"J9s":{"weight":1.0,"played":[1.0,0.0,0.0],"evs":[0.0,-0.95189,-0.95344]},"JTs":{"weight":1.0,"played":[1.0,0.0,0.0],"evs":[0.0,-0.53325,-0.52465]},"JJ":{"weight":1.0,"played":[0.0,0.0724,0.9276],"evs":[0.0,7.37636,7.39364]},"QJo":{"weight":1.0,"played":[1.0,0.0,0.0],"evs":[0.0,-1.07437,-1.07839]},"KJo":{"weight":1.0,"played":[1.0,0.0,0.0],"evs":[0.0,-0.74859,-0.74935]},"AJo":{"weight":1.0,"played":[0.0,0.5027,0.4972],"evs":[0.0,1.13662,1.13693]},"Q2s":{"weight":0.0,"played":[1.0,0.0,0.0],"evs":[0.0,-2.40094,-2.39758]},"Q3s":{"weight":0.0,"played":[1.0,0.0,0.0],"evs":[0.0,-2.54675,-2.54197]},"Q4s":{"weight":0.0,"played":[1.0,0.0,0.0],"evs":[0.0,-2.37946,-2.38725]},"Q5s":{"weight":0.0,"played":[1.0,0.0,0.0],"evs":[0.0,-2.20824,-2.21654]},"Q6s":{"weight":0.0,"played":[1.0,0.0,0.0],"evs":[0.0,-2.056,-2.06086]},"Q7s":{"weight":0.0,"played":[1.0,0.0,0.0],"evs":[0.0,-1.97723,-1.97179]},"Q8s":{"weight":0.9999,"played":[1.0,0.0,0.0],"evs":[0.0,-1.54236,-1.53664]},"Q9s":{"weight":1.0,"played":[1.0,0.0,0.0],"evs":[0.0,-0.88892,-0.87976]},"QTs":{"weight":1.0,"played":[0.9997,1.0E-4,2.0E-4],"evs":[0.0,-0.41142,-0.41237]},"QJs":{"weight":1.0,"played":[0.8427,0.0233,0.134],"evs":[0.0,-0.02035,0.00636]},"QQ":{"weight":1.0,"played":[0.0,0.6001,0.3999],"evs":[0.0,9.21131,9.20497]},"KQo":{"weight":1.0,"played":[1.0,0.0,0.0],"evs":[0.0,-0.25401,-0.24397]},"AQo":{"weight":1.0,"played":[0.0,0.6089,0.3911],"evs":[0.0,3.02725,3.02843]},"K2s":{"weight":0.0,"played":[1.0,0.0,0.0],"evs":[0.0,-1.97598,-1.95817]},"K3s":{"weight":0.0,"played":[1.0,0.0,0.0],"evs":[0.0,-1.84069,-1.84329]},"K4s":{"weight":0.0,"played":[1.0,0.0,0.0],"evs":[0.0,-1.82624,-1.85058]},"K5s":{"weight":0.0,"played":[1.0,0.0,0.0],"evs":[0.0,-1.89734,-1.88058]},"K6s":{"weight":0.999,"played":[1.0,0.0,0.0],"evs":[0.0,-1.53984,-1.51738]},"K7s":{"weight":1.0,"played":[1.0,0.0,0.0],"evs":[0.0,-1.47923,-1.47889]},"K8s":{"weight":1.0,"played":[1.0,0.0,0.0],"evs":[0.0,-1.28367,-1.28811]},"K9s":{"weight":1.0,"played":[1.0,0.0,0.0],"evs":[0.0,-0.68771,-0.68199]},"KTs":{"weight":1.0,"played":[0.8837,0.0235,0.0928],"evs":[0.0,-0.04374,-0.02527]},"KJs":{"weight":1.0,"played":[0.0013,0.5593,0.4393],"evs":[0.0,0.35639,0.35617]},"KQs":{"weight":1.0,"played":[0.0,0.1646,0.8354],"evs":[0.0,0.79301,0.80165]},"KK":{"weight":1.0,"played":[0.0,0.2135,0.7865],"evs":[0.0,11.0902,11.09267]},"AKo":{"weight":0.9996,"played":[0.0,0.2696,0.7304],"evs":[0.0,4.95178,4.94785]},"A2s":{"weight":0.9999,"played":[1.0,0.0,0.0],"evs":[0.0,-1.55869,-1.55014]},"A3s":{"weight":1.0,"played":[1.0,0.0,0.0],"evs":[0.0,-1.42691,-1.42897]},"A4s":{"weight":1.0,"played":[1.0,0.0,0.0],"evs":[0.0,-1.31513,-1.31842]},"A5s":{"weight":1.0,"played":[1.0,0.0,0.0],"evs":[0.0,-1.34503,-1.35448]},"A6s":{"weight":1.0,"played":[1.0,0.0,0.0],"evs":[0.0,-1.54111,-1.53641]},"A7s":{"weight":1.0,"played":[1.0,0.0,0.0],"evs":[0.0,-1.35733,-1.35191]},"A8s":{"weight":1.0,"played":[1.0,0.0,0.0],"evs":[0.0,-0.84266,-0.85043]},"A9s":{"weight":1.0,"played":[0.9988,9.0E-4,3.0E-4],"evs":[0.0,-0.35427,-0.33961]},"ATs":{"weight":1.0,"played":[0.0016,0.5761,0.4223],"evs":[0.0,0.84708,0.84566]},"AJs":{"weight":1.0,"played":[0.0,0.6366,0.3634],"evs":[0.0,2.16009,2.17676]},"AQs":{"weight":1.0,"played":[0.0,0.0473,0.9527],"evs":[0.0,4.01578,4.01846]},"AKs":{"weight":1.0,"played":[0.0,0.3124,0.6876],"evs":[0.0,5.67403,5.67892]},"AA":{"weight":1.0,"played":[0.0,0.7524,0.2476],"evs":[0.0,14.58817,14.57709]}}}