{"player":0,"street":0,"children":3,"sequence":[{"player":0,"type":"R","amount":200000,"street":0},{"player":1,"type":"F","amount":0,"street":0},{"player":2,"type":"F","amount":0,"street":0},{"player":3,"type":"R","amount":500000,"street":0},{"player":4,"type":"F","amount":0,"street":0},{"player":5,"type":"F","amount":0,"street":0}],"actions":[{"type":"F","amount":0},{"type":"C","amount":300000},{"type":"R","amount":3285000,"node":302}],"hands":{"22":{"weight":0.0,"played":[0.008,0.9776,0.0145],"evs":[0.0,0.05176,-0.0593]},"32o":{"weight":0.0,"played":[1.0,0.0,0.0],"evs":[0.0,-0.5693,-1.92948]},"42o":{"weight":0.0,"played":[1.0,0.0,0.0],"evs":[0.0,-0.55075,-1.89738]},"52o":{"weight":0.0,"played":[1.0,0.0,0.0],"evs":[0.0,-0.4622,-1.78801]},"62o":{"weight":0.0,"played":[1.0,0.0,0.0],"evs":[0.0,-0.68301,-2.09938]},"72o":{"weight":0.0,"played":[1.0,0.0,0.0],"evs":[0.0,-0.88625,-2.33116]},"82o":{"weight":0.0,"played":[1.0,0.0,0.0],"evs":[0.0,-0.88244,-2.24427]},"92o":{"weight":0.0,"played":[1.0,0.0,0.0],"evs":[0.0,-0.9898,-2.52136]},"T2o":{"weight":0.0,"played":[1.0,0.0,0.0],"evs":[0.0,-0.96503,-2.32975]},"J2o":{"weight":0.0,"played":[1.0,0.0,0.0],"evs":[0.0,-0.92821,-2.11003]},"Q2o":{"weight":0.0,"played":[1.0,0.0,0.0],"evs":[0.0,-0.7378,-1.60543]},"K2o":{"weight":0.0,"played":[1.0,0.0,0.0],"evs":[0.0,-0.73069,-1.33627]},"A2o":{"weight":0.0,"played":[1.0,0.0,0.0],"evs":[0.0,-0.3387,-0.48134]},"32s":{"weight":0.0,"played":[1.0,0.0,0.0],"evs":[0.0,-0.08143,-1.1208]},"33":{"weight":0.9998,"played":[1.0E-4,0.8019,0.198],"evs":[0.0,0.16144,0.13871]},"43o":{"weight":0.0,"played":[1.0,0.0,0.0],"evs":[0.0,-0.2829,-1.49359]},"53o":{"weight":0.0,"played":[1.0,0.0,0.0],"evs":[0.0,-0.20504,-1.35116]},"63o":{"weight":0.0,"played":[1.0,0.0,0.0],"evs":[0.0,-0.43575,-1.69942]},"73o":{"weight":0.0,"played":[1.0,0.0,0.0],"evs":[0.0,-0.68778,-1.95159]},"83o":{"weight":0.0,"played":[1.0,0.0,0.0],"evs":[0.0,-0.86695,-2.20794]},"93o":{"weight":0.0,"played":[1.0,0.0,0.0],"evs":[0.0,-0.90754,-2.37176]},"T3o":{"weight":0.0,"played":[1.0,0.0,0.0],"evs":[0.0,-0.88799,-2.1601]},"J3o":{"weight":0.0,"played":[1.0,0.0,0.0],"evs":[0.0,-0.89428,-1.98122]},"Q3o":{"weight":0.0,"played":[1.0,0.0,0.0],"evs":[0.0,-0.64754,-1.44904]},"K3o":{"weight":0.0,"played":[1.0,0.0,0.0],"evs":[0.0,-0.6485,-1.15282]},"A3o":{"weight":0.0,"played":[1.0,0.0,0.0],"evs":[0.0,-0.22462,-0.37995]},"42s":{"weight":0.0,"played":[0.3547,0.6453,0.0],"evs":[0.0,0.03722,-1.04886]},"43s":{"weight":0.0,"played":[3.0E-4,0.9997,0.0],"evs":[0.0,0.25894,-0.72075]},"44":{"weight":1.0,"played":[0.0,0.7801,0.2199],"evs":[0.0,0.23634,0.20285]},"54o":{"weight":0.0,"played":[1.0,0.0,0.0],"evs":[0.0,-0.02478,-1.12177]},"64o":{"weight":0.0,"played":[1.0,0.0,0.0],"evs":[0.0,-0.18624,-1.39543]},"74o":{"weight":0.0,"played":[1.0,0.0,0.0],"evs":[0.0,-0.48515,-1.64761]},"84o":{"weight":0.0,"played":[1.0,0.0,0.0],"evs":[0.0,-0.67745,-1.8843]},"94o":{"weight":0.0,"played":[1.0,0.0,0.0],"evs":[0.0,-0.92981,-2.43843]},"T4o":{"weight":0.0,"played":[1.0,0.0,0.0],"evs":[0.0,-0.85285,-2.13447]},"J4o":{"weight":0.0,"played":[1.0,0.0,0.0],"evs":[0.0,-0.84097,-1.86948]},"Q4o":{"weight":0.0,"played":[1.0,0.0,0.0],"evs":[0.0,-0.62871,-1.38641]},"K4o":{"weight":0.0,"played":[1.0,0.0,0.0],"evs":[0.0,-0.61795,-1.13845]},"A4o":{"weight":0.0,"played":[1.0,0.0,0.0],"evs":[0.0,-0.17533,-0.29147]},"52s":{"weight":0.0,"played":[0.0613,0.9387,0.0],"evs":[0.0,0.00766,-0.96714]},"53s":{"weight":0.0,"played":[8.0E-4,0.9992,0.0],"evs":[0.0,0.3386,-0.55167]},"54s":{"weight":0.0,"played":[7.0E-4,0.9993,0.0],"evs":[0.0,0.47853,-0.40871]},"55":{"weight":1.0,"played":[0.0,0.9975,0.0025],"evs":[0.0,0.41261,0.33599]},"65o":{"weight":0.0,"played":[0.9531,0.0469,0.0],"evs":[0.0,-0.01605,-1.10995]},"75o":{"weight":0.0,"played":[1.0,0.0,0.0],"evs":[0.0,-0.22728,-1.32946]},"85o":{"weight":0.0,"played":[1.0,0.0,0.0],"evs":[0.0,-0.44131,-1.53076]},"95o":{"weight":0.0,"played":[1.0,0.0,0.0],"evs":[0.0,-0.73361,-1.99395]},"T5o":{"weight":0.0,"played":[1.0,0.0,0.0],"evs":[0.0,-0.84338,-2.0737]},"J5o":{"weight":0.0,"played":[1.0,0.0,0.0],"evs":[0.0,-0.7956,-1.74093]},"Q5o":{"weight":0.0,"played":[1.0,0.0,0.0],"evs":[0.0,-0.59993,-1.28178]},"K5o":{"weight":0.0,"played":[1.0,0.0,0.0],"evs":[0.0,-0.57845,-1.00716]},"A5o":{"weight":0.0,"played":[1.0,0.0,0.0],"evs":[0.0,-0.11621,-0.20586]},"62s":{"weight":0.0,"played":[0.9998,2.0E-4,0.0],"evs":[0.0,-0.19441,-1.35511]},"63s":{"weight":0.0,"played":[0.0485,0.9515,0.0],"evs":[0.0,0.09632,-0.89329]},"64s":{"weight":0.0,"played":[6.0E-4,0.9994,0.0],"evs":[0.0,0.38132,-0.64716]},"65s":{"weight":0.0,"played":[8.0E-4,0.9992,0.0],"evs":[0.0,0.60938,-0.25461]},"66":{"weight":1.0,"played":[0.0,0.9971,0.0029],"evs":[0.0,0.38581,0.32871]},"76o":{"weight":0.0,"played":[1.0,0.0,0.0],"evs":[0.0,-0.09054,-1.1405]},"86o":{"weight":0.0,"played":[1.0,0.0,0.0],"evs":[0.0,-0.25732,-1.32958]},"96o":{"weight":0.0,"played":[1.0,0.0,0.0],"evs":[0.0,-0.56116,-1.813]},"T6o":{"weight":0.0,"played":[1.0,0.0,0.0],"evs":[0.0,-0.76243,-1.87755]},"J6o":{"weight":0.0,"played":[1.0,0.0,0.0],"evs":[0.0,-0.86616,-1.85072]},"Q6o":{"weight":0.0,"played":[1.0,0.0,0.0],"evs":[0.0,-0.67021,-1.33519]},"K6o":{"weight":0.0,"played":[1.0,0.0,0.0],"evs":[0.0,-0.61268,-1.06172]},"A6o":{"weight":0.0,"played":[1.0,0.0,0.0],"evs":[0.0,-0.36442,-0.49573]},"72s":{"weight":0.0,"played":[1.0,0.0,0.0],"evs":[0.0,-0.41998,-1.55827]},"73s":{"weight":0.0,"played":[1.0,0.0,0.0],"evs":[0.0,-0.15882,-1.2099]},"74s":{"weight":0.0,"played":[0.0173,0.9827,0.0],"evs":[0.0,0.06849,-0.91704]},"75s":{"weight":0.0,"played":[0.0011,0.9989,0.0],"evs":[0.0,0.31454,-0.55151]},"76s":{"weight":0.6197,"played":[3.0E-4,0.9997,0.0],"evs":[0.0,0.43404,-0.39942]},"77":{"weight":1.0,"played":[0.0,0.6248,0.3752],"evs":[0.0,0.44676,0.45171]},"87o":{"weight":0.0,"played":[1.0,0.0,0.0],"evs":[0.0,-0.23996,-1.12631]},"97o":{"weight":0.0,"played":[1.0,0.0,0.0],"evs":[0.0,-0.41906,-1.52931]},"T7o":{"weight":0.0,"played":[1.0,0.0,0.0],"evs":[0.0,-0.60702,-1.64631]},"J7o":{"weight":0.0,"played":[1.0,0.0,0.0],"evs":[0.0,-0.77069,-1.61747]},"Q7o":{"weight":0.0,"played":[1.0,0.0,0.0],"evs":[0.0,-0.63887,-1.36708]},"K7o":{"weight":0.0,"played":[1.0,0.0,0.0],"evs":[0.0,-0.5903,-1.06218]},"A7o":{"weight":2.0E-4,"played":[1.0,0.0,0.0],"evs":[0.0,-0.32472,-0.42527]},"82s":{"weight":0.0,"played":[1.0,0.0,0.0],"evs":[0.0,-0.33726,-1.37084]},"83s":{"weight":0.0,"played":[1.0,0.0,0.0],"evs":[0.0,-0.33198,-1.38139]},"84s":{"weight":0.0,"played":[1.0,0.0,0.0],"evs":[0.0,-0.10351,-1.07071]},"85s":{"weight":0.0,"played":[0.0062,0.9938,0.0],"evs":[0.0,0.12054,-0.74027]},"86s":{"weight":0.0,"played":[0.0029,0.9971,0.0],"evs":[0.0,0.29552,-0.56813]},"87s":{"weight":0.9981,"played":[0.0,1.0,0.0],"evs":[0.0,0.36856,-0.30933]},"88":{"weight":1.0,"played":[0.0,0.8416,0.1584],"evs":[0.0,0.56908,0.56688]},"98o":{"weight":0.0,"played":[1.0,0.0,0.0],"evs":[0.0,-0.41064,-1.45499]},"T8o":{"weight":0.0,"played":[1.0,0.0,0.0],"evs":[0.0,-0.47088,-1.41295]},"J8o":{"weight":0.0,"played":[1.0,0.0,0.0],"evs":[0.0,-0.60805,-1.38575]},"Q8o":{"weight":0.0,"played":[1.0,0.0,0.0],"evs":[0.0,-0.5232,-1.13771]},"K8o":{"weight":0.0,"played":[1.0,0.0,0.0],"evs":[0.0,-0.52589,-1.02849]},"A8o":{"weight":1.0,"played":[1.0,0.0,0.0],"evs":[0.0,-0.2878,-0.42239]},"92s":{"weight":0.0,"played":[1.0,0.0,0.0],"evs":[0.0,-0.41308,-1.62285]},"93s":{"weight":0.0,"played":[1.0,0.0,0.0],"evs":[0.0,-0.36061,-1.55613]},"94s":{"weight":0.0,"played":[1.0,0.0,0.0],"evs":[0.0,-0.3429,-1.49884]},"95s":{"weight":0.0,"played":[1.0,0.0,0.0],"evs":[0.0,-0.20256,-1.21094]},"96s":{"weight":0.0,"played":[0.5227,0.4773,0.0],"evs":[0.0,-0.02781,-1.01381]},"97s":{"weight":0.0565,"played":[0.0174,0.9826,0.0],"evs":[0.0,0.13875,-0.72793]},"98s":{"weight":1.0,"played":[8.0E-4,0.9992,0.0],"evs":[0.0,0.1768,-0.59351]},"99":{"weight":0.998,"played":[0.0,0.9704,0.0296],"evs":[0.0,0.62335,0.43889]},"T9o":{"weight":0.0,"played":[1.0,0.0,0.0],"evs":[0.0,-0.44922,-1.42119]},"J9o":{"weight":0.0,"played":[1.0,0.0,0.0],"evs":[0.0,-0.53236,-1.34926]},"Q9o":{"weight":0.0,"played":[1.0,0.0,0.0],"evs":[0.0,-0.4986,-1.12756]},"K9o":{"weight":0.0,"played":[1.0,0.0,0.0],"evs":[0.0,-0.55477,-1.13697]},"A9o":{"weight":1.0,"played":[1.0,0.0,0.0],"evs":[0.0,-0.24221,-0.60947]},"T2s":{"weight":0.0,"played":[1.0,0.0,0.0],"evs":[0.0,-0.39457,-1.43126]},"T3s":{"weight":0.0,"played":[1.0,0.0,0.0],"evs":[0.0,-0.36158,-1.38255]},"T4s":{"weight":0.0,"played":[1.0,0.0,0.0],"evs":[0.0,-0.31963,-1.25944]},"T5s":{"weight":0.0,"played":[1.0,0.0,0.0],"evs":[0.0,-0.25987,-1.17356]},"T6s":{"weight":0.0,"played":[1.0,0.0,0.0],"evs":[0.0,-0.1489,-1.05347]},"T7s":{"weight":0.0,"played":[1.0,0.0,0.0],"evs":[0.0,-0.04761,-0.86404]},"T8s":{"weight":0.9999,"played":[0.006,0.994,0.0],"evs":[0.0,0.11005,-0.63755]},"T9s":{"weight":1.0,"played":[5.0E-4,0.9995,0.0],"evs":[0.0,0.14034,-0.57733]},"TT":{"weight":1.0,"played":[0.0,0.5757,0.4243],"evs":[0.0,0.99375,0.98871]},"JTo":{"weight":0.1782,"played":[1.0,0.0,0.0],"evs":[0.0,-0.31367,-1.01098]},"QTo":{"weight":1.0,"played":[1.0,0.0,0.0],"evs":[0.0,-0.1569,-0.67113]},"KTo":{"weight":1.0,"played":[1.0,0.0,0.0],"evs":[0.0,-0.14675,-0.64726]},"ATo":{"weight":1.0,"played":[0.6223,0.3777,0.0],"evs":[0.0,-0.0026,-0.33848]},"J2s":{"weight":0.0,"played":[1.0,0.0,0.0],"evs":[0.0,-0.35915,-1.20995]},"J3s":{"weight":0.0,"played":[1.0,0.0,0.0],"evs":[0.0,-0.28941,-1.04012]},"J4s":{"weight":0.0,"played":[1.0,0.0,0.0],"evs":[0.0,-0.28115,-1.04126]},"J5s":{"weight":0.0,"played":[1.0,0.0,0.0],"evs":[0.0,-0.19815,-0.913]},"J6s":{"weight":0.0,"played":[1.0,0.0,0.0],"evs":[0.0,-0.285,-0.98546]},"J7s":{"weight":0.0,"played":[1.0,0.0,0.0],"evs":[0.0,-0.17086,-0.84612]},"J8s":{"weight":0.9972,"played":[0.3925,0.6075,0.0],"evs":[0.0,0.01808,-0.55902]},"J9s":{"weight":1.0,"played":[0.3715,0.6285,0.0],"evs":[0.0,0.02284,-0.57662]},"JTs":{"weight":1.0,"played":[2.0E-4,0.9998,0.0],"evs":[0.0,0.29368,-0.18287]},"JJ":{"weight":1.0,"played":[0.0,0.0024,0.9976],"evs":[0.0,2.00064,2.1207]},"QJo":{"weight":1.0,"played":[0.5555,0.4445,0.0],"evs":[0.0,-0.00138,-0.447]},"KJo":{"weight":1.0,"played":[0.6426,0.3574,0.0],"evs":[0.0,-0.00772,-0.38956]},"AJo":{"weight":1.0,"played":[0.0,1.0,0.0],"evs":[0.0,0.23311,-0.04707]},"Q2s":{"weight":0.0,"played":[0.9999,1.0E-4,0.0],"evs":[0.0,-0.15426,-0.83236]},"Q3s":{"weight":0.0,"played":[0.9999,1.0E-4,0.0],"evs":[0.0,-0.03542,-0.58848]},"Q4s":{"weight":0.0,"played":[0.9987,0.0013,0.0],"evs":[0.0,-0.06567,-0.57998]},"Q5s":{"weight":0.0,"played":[0.979,0.021,0.0],"evs":[0.0,-0.02879,-0.47143]},"Q6s":{"weight":0.0,"played":[0.8811,0.1189,0.0],"evs":[0.0,-0.05057,-0.52815]},"Q7s":{"weight":0.0,"played":[0.7589,0.2411,0.0],"evs":[0.0,-0.02863,-0.58355]},"Q8s":{"weight":0.9999,"played":[0.0583,0.9417,0.0],"evs":[0.0,0.07752,-0.32389]},"Q9s":{"weight":1.0,"played":[0.0111,0.9889,0.0],"evs":[0.0,0.10559,-0.33522]},"QTs":{"weight":1.0,"played":[0.0,0.9999,1.0E-4],"evs":[0.0,0.4188,0.05907]},"QJs":{"weight":1.0,"played":[0.0,0.9999,1.0E-4],"evs":[0.0,0.57448,0.27749]},"QQ":{"weight":1.0,"played":[0.0,0.0,1.0],"evs":[0.0,3.97873,4.26984]},"KQo":{"weight":1.0,"played":[0.0,1.0,0.0],"evs":[0.0,0.38237,0.02423]},"AQo":{"weight":1.0,"played":[0.0,0.906,0.094],"evs":[0.0,0.82339,0.82594]},"K2s":{"weight":0.0,"played":[1.0,0.0,0.0],"evs":[0.0,-0.13701,-0.53717]},"K3s":{"weight":0.0,"played":[0.8428,0.1572,0.0],"evs":[0.0,-0.0572,-0.39695]},"K4s":{"weight":0.0,"played":[0.5006,0.4994,0.0],"evs":[0.0,-0.01801,-0.37579]},"K5s":{"weight":0.0,"played":[0.1135,0.8864,1.0E-4],"evs":[0.0,0.0595,-0.19536]},"K6s":{"weight":0.999,"played":[0.106,0.894,0.0],"evs":[0.0,0.00489,-0.249]},"K7s":{"weight":1.0,"played":[0.0421,0.9579,0.0],"evs":[0.0,0.01786,-0.20056]},"K8s":{"weight":1.0,"played":[0.0899,0.91,0.0],"evs":[0.0,0.09131,-0.26355]},"K9s":{"weight":1.0,"played":[7.0E-4,0.9993,0.0],"evs":[0.0,0.09313,-0.24336]},"KTs":{"weight":1.0,"played":[0.0,1.0,0.0],"evs":[0.0,0.51942,0.09526]},"KJs":{"weight":1.0,"played":[0.0,0.9998,2.0E-4],"evs":[0.0,0.64706,0.34927]},"KQs":{"weight":1.0,"played":[0.0,0.9999,1.0E-4],"evs":[0.0,1.04878,0.74814]},"KK":{"weight":1.0,"played":[0.0,0.0,1.0],"evs":[0.0,6.64662,6.91501]},"AKo":{"weight":0.9996,"played":[0.0,0.0,1.0],"evs":[0.0,2.02347,3.06524]},"A2s":{"weight":0.9999,"played":[4.0E-4,0.1865,0.8131],"evs":[0.0,0.33604,0.36296]},"A3s":{"weight":1.0,"played":[3.0E-4,0.3088,0.691],"evs":[0.0,0.45111,0.45956]},"A4s":{"weight":1.0,"played":[0.0,0.8883,0.1117],"evs":[0.0,0.49018,0.45088]},"A5s":{"weight":1.0,"played":[2.0E-4,0.8433,0.1565],"evs":[0.0,0.55358,0.54403]},"A6s":{"weight":1.0,"played":[0.0,0.9981,0.0019],"evs":[0.0,0.30689,0.29501]},"A7s":{"weight":1.0,"played":[0.0,0.804,0.196],"evs":[0.0,0.29388,0.29295]},"A8s":{"weight":1.0,"played":[0.0,0.8829,0.1171],"evs":[0.0,0.36202,0.32164]},"A9s":{"weight":1.0,"played":[0.0,1.0,0.0],"evs":[0.0,0.44287,0.14787]},"ATs":{"weight":1.0,"played":[0.0,1.0,0.0],"evs":[0.0,0.77087,0.41222]},"AJs":{"weight":1.0,"played":[0.0,1.0,0.0],"evs":[0.0,1.09009,0.65227]},"AQs":{"weight":1.0,"played":[0.0,0.999,0.001],"evs":[0.0,1.62549,1.46817]},"AKs":{"weight":1.0,"played":[0.0,0.0,1.0],"evs":[0.0,2.84536,3.55176]},"AA":{"weight":1.0,"played":[0.0,1.0,0.0],"evs":[0.0,10.73011,10.33335]}}}