{"player":0,"street":0,"children":2,"sequence":[{"player":0,"type":"R","amount":200000,"street":0},{"player":1,"type":"F","amount":0,"street":0},{"player":2,"type":"F","amount":0,"street":0},{"player":3,"type":"R","amount":500000,"street":0},{"player":4,"type":"F","amount":0,"street":0},{"player":5,"type":"R","amount":1385000,"street":0},{"player":0,"type":"C","amount":1185000,"street":0},{"player":3,"type":"R","amount":3285000,"street":0}],"actions":[{"type":"F","amount":0},{"type":"C","amount":1900000}],"hands":{"22":{"weight":0.0,"played":[0.0,1.0],"evs":[0.0,0.53779]},"32o":{"weight":0.0,"played":[1.0,0.0],"evs":[0.0,-3.41575]},"42o":{"weight":0.0,"played":[1.0,0.0],"evs":[0.0,-3.38582]},"52o":{"weight":0.0,"played":[0.9999,1.0E-4],"evs":[0.0,-2.58466]},"62o":{"weight":0.0,"played":[0.9998,2.0E-4],"evs":[0.0,-3.36592]},"72o":{"weight":0.0,"played":[1.0,0.0],"evs":[0.0,-4.27712]},"82o":{"weight":0.0,"played":[0.9999,1.0E-4],"evs":[0.0,-4.02052]},"92o":{"weight":0.0,"played":[1.0,0.0],"evs":[0.0,-4.11084]},"T2o":{"weight":0.0,"played":[0.9999,1.0E-4],"evs":[0.0,-4.63463]},"J2o":{"weight":0.0,"played":[0.9999,1.0E-4],"evs":[0.0,-4.60303]},"Q2o":{"weight":0.0,"played":[1.0,0.0],"evs":[0.0,-3.23524]},"K2o":{"weight":0.0,"played":[1.0,0.0],"evs":[0.0,-3.48853]},"A2o":{"weight":0.0,"played":[0.9995,5.0E-4],"evs":[0.0,-1.92647]},"32s":{"weight":0.0,"played":[0.9998,2.0E-4],"evs":[0.0,-1.71511]},"33":{"weight":0.0,"played":[0.0,1.0],"evs":[0.0,0.71252]},"43o":{"weight":0.0,"played":[0.9991,9.0E-4],"evs":[0.0,-2.37212]},"53o":{"weight":0.0,"played":[0.9997,3.0E-4],"evs":[0.0,-1.93667]},"63o":{"weight":0.0,"played":[1.0,0.0],"evs":[0.0,-2.91482]},"73o":{"weight":0.0,"played":[1.0,0.0],"evs":[0.0,-3.52799]},"83o":{"weight":0.0,"played":[0.9999,1.0E-4],"evs":[0.0,-4.34368]},"93o":{"weight":0.0,"played":[0.9999,1.0E-4],"evs":[0.0,-4.03519]},"T3o":{"weight":0.0,"played":[1.0,0.0],"evs":[0.0,-4.46374]},"J3o":{"weight":0.0,"played":[0.9999,1.0E-4],"evs":[0.0,-3.72541]},"Q3o":{"weight":0.0,"played":[0.9999,1.0E-4],"evs":[0.0,-2.83506]},"K3o":{"weight":0.0,"played":[0.9999,1.0E-4],"evs":[0.0,-3.48611]},"A3o":{"weight":0.0,"played":[0.9998,2.0E-4],"evs":[0.0,-1.65897]},"42s":{"weight":0.0,"played":[0.3645,0.6355],"evs":[0.0,-0.09323]},"43s":{"weight":0.0,"played":[0.7854,0.2146],"evs":[0.0,-0.64974]},"44":{"weight":0.0,"played":[0.0021,0.9979],"evs":[0.0,1.02405]},"54o":{"weight":0.0,"played":[0.9998,2.0E-4],"evs":[0.0,-0.87855]},"64o":{"weight":0.0,"played":[0.9999,1.0E-4],"evs":[0.0,-1.86066]},"74o":{"weight":0.0,"played":[0.9999,1.0E-4],"evs":[0.0,-2.35938]},"84o":{"weight":0.0,"played":[1.0,0.0],"evs":[0.0,-3.1759]},"94o":{"weight":0.0,"played":[0.9999,1.0E-4],"evs":[0.0,-4.21836]},"T4o":{"weight":0.0,"played":[0.9999,1.0E-4],"evs":[0.0,-3.96666]},"J4o":{"weight":0.0,"played":[1.0,0.0],"evs":[0.0,-3.7262]},"Q4o":{"weight":0.0,"played":[0.9998,2.0E-4],"evs":[0.0,-2.62294]},"K4o":{"weight":0.0,"played":[1.0,0.0],"evs":[0.0,-3.32532]},"A4o":{"weight":0.0,"played":[0.9973,0.0027],"evs":[0.0,-1.23501]},"52s":{"weight":0.0,"played":[0.9991,9.0E-4],"evs":[0.0,-1.08227]},"53s":{"weight":0.0,"played":[0.2358,0.7642],"evs":[0.0,-0.02386]},"54s":{"weight":0.0,"played":[0.0011,0.9989],"evs":[0.0,1.269]},"55":{"weight":0.0,"played":[0.0024,0.9976],"evs":[0.0,1.38121]},"65o":{"weight":0.0,"played":[0.9487,0.0513],"evs":[0.0,-0.7317]},"75o":{"weight":0.0,"played":[0.9918,0.0082],"evs":[0.0,-1.31135]},"85o":{"weight":0.0,"played":[0.9999,1.0E-4],"evs":[0.0,-2.25158]},"95o":{"weight":0.0,"played":[1.0,0.0],"evs":[0.0,-3.45092]},"T5o":{"weight":0.0,"played":[0.9998,2.0E-4],"evs":[0.0,-4.31108]},"J5o":{"weight":0.0,"played":[0.9999,1.0E-4],"evs":[0.0,-3.24516]},"Q5o":{"weight":0.0,"played":[0.999,0.001],"evs":[0.0,-2.99618]},"K5o":{"weight":0.0,"played":[0.9999,1.0E-4],"evs":[0.0,-2.65134]},"A5o":{"weight":0.0,"played":[0.9998,2.0E-4],"evs":[0.0,-0.88522]},"62s":{"weight":0.0,"played":[0.9763,0.0237],"evs":[0.0,-1.96908]},"63s":{"weight":0.0,"played":[0.961,0.039],"evs":[0.0,-0.53303]},"64s":{"weight":0.0,"played":[0.2621,0.7379],"evs":[0.0,0.41643]},"65s":{"weight":0.0,"played":[0.0134,0.9866],"evs":[0.0,0.57773]},"66":{"weight":3.0E-4,"played":[0.0,1.0],"evs":[0.0,1.14223]},"76o":{"weight":0.0,"played":[0.9993,7.0E-4],"evs":[0.0,-1.01522]},"86o":{"weight":0.0,"played":[1.0,0.0],"evs":[0.0,-1.79189]},"96o":{"weight":0.0,"played":[0.9998,2.0E-4],"evs":[0.0,-2.76877]},"T6o":{"weight":0.0,"played":[0.9999,1.0E-4],"evs":[0.0,-3.68895]},"J6o":{"weight":0.0,"played":[0.9999,1.0E-4],"evs":[0.0,-3.76113]},"Q6o":{"weight":0.0,"played":[0.9997,3.0E-4],"evs":[0.0,-1.87742]},"K6o":{"weight":0.0,"played":[0.9995,5.0E-4],"evs":[0.0,-2.64996]},"A6o":{"weight":0.0,"played":[0.9996,4.0E-4],"evs":[0.0,-2.09239]},"72s":{"weight":0.0,"played":[1.0,0.0],"evs":[0.0,-1.97194]},"73s":{"weight":0.0,"played":[0.9991,9.0E-4],"evs":[0.0,-1.65505]},"74s":{"weight":0.0,"played":[0.5017,0.4983],"evs":[0.0,-0.51618]},"75s":{"weight":0.0,"played":[0.2388,0.7612],"evs":[0.0,0.46253]},"76s":{"weight":0.0,"played":[0.0149,0.9851],"evs":[0.0,1.16579]},"77":{"weight":0.1582,"played":[0.0,1.0],"evs":[0.0,1.63743]},"87o":{"weight":0.0,"played":[0.9996,4.0E-4],"evs":[0.0,-1.32981]},"97o":{"weight":0.0,"played":[0.9999,1.0E-4],"evs":[0.0,-1.69785]},"T7o":{"weight":0.0,"played":[1.0,0.0],"evs":[0.0,-2.70319]},"J7o":{"weight":0.0,"played":[0.9997,3.0E-4],"evs":[0.0,-3.20692]},"Q7o":{"weight":0.0,"played":[1.0,0.0],"evs":[0.0,-2.67811]},"K7o":{"weight":0.0,"played":[0.9998,2.0E-4],"evs":[0.0,-2.36349]},"A7o":{"weight":0.0,"played":[0.9998,2.0E-4],"evs":[0.0,-1.76789]},"82s":{"weight":0.0,"played":[0.9886,0.0114],"evs":[0.0,-1.60056]},"83s":{"weight":0.0,"played":[0.9913,0.0087],"evs":[0.0,-2.3038]},"84s":{"weight":0.0,"played":[0.9996,4.0E-4],"evs":[0.0,-0.87283]},"85s":{"weight":0.0,"played":[0.5202,0.4798],"evs":[0.0,-0.45122]},"86s":{"weight":0.0,"played":[0.0017,0.9983],"evs":[0.0,0.71672]},"87s":{"weight":0.0,"played":[0.0054,0.9946],"evs":[0.0,1.16427]},"88":{"weight":0.1176,"played":[0.0,1.0],"evs":[0.0,2.22767]},"98o":{"weight":0.0,"played":[0.9995,5.0E-4],"evs":[0.0,-1.62516]},"T8o":{"weight":0.0,"played":[0.9991,9.0E-4],"evs":[0.0,-1.87164]},"J8o":{"weight":0.0,"played":[0.9997,3.0E-4],"evs":[0.0,-2.60626]},"Q8o":{"weight":0.0,"played":[0.9993,7.0E-4],"evs":[0.0,-1.91724]},"K8o":{"weight":0.0,"played":[1.0,0.0],"evs":[0.0,-2.84435]},"A8o":{"weight":0.0,"played":[0.9998,2.0E-4],"evs":[0.0,-2.01741]},"92s":{"weight":0.0,"played":[0.978,0.022],"evs":[0.0,-2.01253]},"93s":{"weight":0.0,"played":[0.9993,7.0E-4],"evs":[0.0,-2.01198]},"94s":{"weight":0.0,"played":[0.9935,0.0065],"evs":[0.0,-2.09558]},"95s":{"weight":0.0,"played":[0.9738,0.0262],"evs":[0.0,-1.51601]},"96s":{"weight":0.0,"played":[0.1173,0.8827],"evs":[0.0,0.99532]},"97s":{"weight":0.0,"played":[0.8328,0.1672],"evs":[0.0,0.2612]},"98s":{"weight":0.0,"played":[0.0123,0.9877],"evs":[0.0,0.15751]},"99":{"weight":0.0036,"played":[0.0,1.0],"evs":[0.0,1.80523]},"T9o":{"weight":0.0,"played":[0.9999,1.0E-4],"evs":[0.0,-1.76987]},"J9o":{"weight":0.0,"played":[0.9981,0.0019],"evs":[0.0,-2.43309]},"Q9o":{"weight":0.0,"played":[0.9964,0.0036],"evs":[0.0,-1.74394]},"K9o":{"weight":0.0,"played":[0.9987,0.0013],"evs":[0.0,-2.20915]},"A9o":{"weight":0.0,"played":[0.9997,3.0E-4],"evs":[0.0,-1.96754]},"T2s":{"weight":0.0,"played":[0.9997,3.0E-4],"evs":[0.0,-2.29361]},"T3s":{"weight":0.0,"played":[0.9994,6.0E-4],"evs":[0.0,-1.75711]},"T4s":{"weight":0.0,"played":[0.9812,0.0188],"evs":[0.0,-2.01275]},"T5s":{"weight":0.0,"played":[0.9978,0.0022],"evs":[0.0,-2.16878]},"T6s":{"weight":0.0,"played":[0.9919,0.0081],"evs":[0.0,-0.72065]},"T7s":{"weight":0.0,"played":[0.8183,0.1817],"evs":[0.0,-0.70531]},"T8s":{"weight":0.0,"played":[0.0162,0.9838],"evs":[0.0,0.4081]},"T9s":{"weight":0.0,"played":[0.2988,0.7012],"evs":[0.0,0.46111]},"TT":{"weight":0.1291,"played":[0.0,1.0],"evs":[0.0,2.71548]},"JTo":{"weight":0.0,"played":[0.9995,5.0E-4],"evs":[0.0,-1.2011]},"QTo":{"weight":0.0,"played":[0.9994,6.0E-4],"evs":[0.0,-1.30809]},"KTo":{"weight":0.0,"played":[0.9996,4.0E-4],"evs":[0.0,-2.14027]},"ATo":{"weight":0.0,"played":[0.9994,6.0E-4],"evs":[0.0,-1.67289]},"J2s":{"weight":0.0,"played":[0.9968,0.0032],"evs":[0.0,-1.83121]},"J3s":{"weight":0.0,"played":[0.9972,0.0028],"evs":[0.0,-1.72598]},"J4s":{"weight":0.0,"played":[0.9801,0.0199],"evs":[0.0,-1.45123]},"J5s":{"weight":0.0,"played":[0.9373,0.0627],"evs":[0.0,-1.30643]},"J6s":{"weight":0.0,"played":[0.9854,0.0146],"evs":[0.0,-1.50184]},"J7s":{"weight":0.0,"played":[0.9976,0.0024],"evs":[0.0,-1.62185]},"J8s":{"weight":0.0,"played":[0.6018,0.3982],"evs":[0.0,-0.34756]},"J9s":{"weight":0.0,"played":[0.0421,0.9579],"evs":[0.0,0.28897]},"JTs":{"weight":0.0,"played":[0.1264,0.8736],"evs":[0.0,0.73349]},"JJ":{"weight":0.022,"played":[0.0,1.0],"evs":[0.0,5.58447]},"QJo":{"weight":0.0,"played":[0.9849,0.0151],"evs":[0.0,-0.79115]},"KJo":{"weight":0.0,"played":[0.9988,0.0012],"evs":[0.0,-1.73852]},"AJo":{"weight":0.0,"played":[0.9974,0.0026],"evs":[0.0,-0.87501]},"Q2s":{"weight":0.0,"played":[0.8729,0.1271],"evs":[0.0,-0.46893]},"Q3s":{"weight":0.0,"played":[0.9978,0.0022],"evs":[0.0,-1.2654]},"Q4s":{"weight":0.0,"played":[0.9117,0.0883],"evs":[0.0,-0.72406]},"Q5s":{"weight":0.0,"played":[0.9732,0.0268],"evs":[0.0,-0.31575]},"Q6s":{"weight":0.0,"played":[0.9098,0.0902],"evs":[0.0,-0.4349]},"Q7s":{"weight":0.0,"played":[0.3084,0.6916],"evs":[0.0,-0.29809]},"Q8s":{"weight":0.0,"played":[0.0776,0.9224],"evs":[0.0,0.23377]},"Q9s":{"weight":0.0,"played":[3.0E-4,0.9997],"evs":[0.0,0.95868]},"QTs":{"weight":0.0,"played":[0.001,0.999],"evs":[0.0,0.85081]},"QJs":{"weight":0.0,"played":[0.0093,0.9907],"evs":[0.0,1.02472]},"QQ":{"weight":0.3172,"played":[0.0,1.0],"evs":[0.0,11.11746]},"KQo":{"weight":0.0,"played":[0.9818,0.0182],"evs":[0.0,-0.29454]},"AQo":{"weight":0.1954,"played":[0.0013,0.9987],"evs":[0.0,0.82995]},"K2s":{"weight":0.0,"played":[0.9991,9.0E-4],"evs":[0.0,-1.51567]},"K3s":{"weight":0.0,"played":[0.942,0.058],"evs":[0.0,-0.78542]},"K4s":{"weight":0.0,"played":[0.9788,0.0212],"evs":[0.0,-0.97807]},"K5s":{"weight":0.0,"played":[0.9381,0.0619],"evs":[0.0,-0.76724]},"K6s":{"weight":0.0,"played":[0.9199,0.0801],"evs":[0.0,-0.35217]},"K7s":{"weight":0.0,"played":[0.7195,0.2805],"evs":[0.0,-0.09755]},"K8s":{"weight":0.0,"played":[0.9946,0.0054],"evs":[0.0,-0.84764]},"K9s":{"weight":0.0,"played":[0.7147,0.2853],"evs":[0.0,0.30797]},"KTs":{"weight":0.0,"played":[0.2456,0.7544],"evs":[0.0,0.32718]},"KJs":{"weight":1.0E-4,"played":[0.0432,0.9568],"evs":[0.0,0.55509]},"KQs":{"weight":0.0,"played":[0.0,1.0],"evs":[0.0,2.28473]},"KK":{"weight":0.4939,"played":[0.0,1.0],"evs":[0.0,18.83557]},"AKo":{"weight":0.0984,"played":[0.0,1.0],"evs":[0.0,5.0802]},"A2s":{"weight":0.0,"played":[0.216,0.784],"evs":[0.0,-0.10077]},"A3s":{"weight":0.0,"played":[0.1031,0.8969],"evs":[0.0,0.58252]},"A4s":{"weight":0.0,"played":[0.0422,0.9578],"evs":[0.0,0.30616]},"A5s":{"weight":0.0,"played":[0.001,0.999],"evs":[0.0,1.24517]},"A6s":{"weight":0.0,"played":[0.9315,0.0685],"evs":[0.0,-0.18102]},"A7s":{"weight":0.0,"played":[0.0863,0.9137],"evs":[0.0,0.31245]},"A8s":{"weight":0.0,"played":[0.531,0.469],"evs":[0.0,0.22566]},"A9s":{"weight":0.0,"played":[0.4103,0.5897],"evs":[0.0,-0.03651]},"ATs":{"weight":0.0,"played":[8.0E-4,0.9992],"evs":[0.0,0.93839]},"AJs":{"weight":0.0083,"played":[0.0032,0.9968],"evs":[0.0,0.93854]},"AQs":{"weight":0.5655,"played":[4.0E-4,0.9996],"evs":[0.0,3.49494]},"AKs":{"weight":0.2869,"played":[0.0,1.0],"evs":[0.0,7.30012]},"AA":{"weight":0.9507,"played":[0.0,1.0],"evs":[0.0,29.15559]}}}