{"player":3,"street":0,"children":2,"sequence":[{"player":0,"type":"R","amount":200000,"street":0},{"player":1,"type":"F","amount":0,"street":0},{"player":2,"type":"F","amount":0,"street":0},{"player":3,"type":"R","amount":500000,"street":0},{"player":4,"type":"R","amount":1985000,"street":0},{"player":5,"type":"C","amount":1285000,"street":0},{"player":0,"type":"R","amount":3285000,"street":0}],"actions":[{"type":"F","amount":0},{"type":"C","amount":2785000}],"hands":{"22":{"weight":0.0,"played":[0.9861,0.0139],"evs":[0.0,-3.83715]},"32o":{"weight":0.0,"played":[0.9999,1.0E-4],"evs":[0.0,-8.40473]},"42o":{"weight":0.0,"played":[0.9987,0.0013],"evs":[0.0,-6.01577]},"52o":{"weight":0.0,"played":[0.9966,0.0034],"evs":[0.0,-7.5486]},"62o":{"weight":0.0,"played":[1.0,0.0],"evs":[0.0,-7.14142]},"72o":{"weight":0.0,"played":[0.9998,2.0E-4],"evs":[0.0,-9.16205]},"82o":{"weight":0.0,"played":[0.9998,2.0E-4],"evs":[0.0,-9.2934]},"92o":{"weight":0.0,"played":[0.9999,1.0E-4],"evs":[0.0,-8.53259]},"T2o":{"weight":0.0,"played":[0.9962,0.0038],"evs":[0.0,-8.21648]},"J2o":{"weight":0.0,"played":[1.0,0.0],"evs":[0.0,-7.1517]},"Q2o":{"weight":0.0,"played":[0.9998,2.0E-4],"evs":[0.0,-7.72373]},"K2o":{"weight":0.0,"played":[0.9894,0.0106],"evs":[0.0,-9.2452]},"A2o":{"weight":0.0,"played":[0.9995,5.0E-4],"evs":[0.0,-6.604]},"32s":{"weight":0.0,"played":[0.9979,0.0021],"evs":[0.0,-3.56959]},"33":{"weight":0.0,"played":[0.9647,0.0353],"evs":[0.0,-2.67645]},"43o":{"weight":0.0,"played":[0.9988,0.0012],"evs":[0.0,-5.02324]},"53o":{"weight":0.0,"played":[0.9977,0.0023],"evs":[0.0,-4.69173]},"63o":{"weight":0.0,"played":[0.9999,1.0E-4],"evs":[0.0,-6.05158]},"73o":{"weight":0.0,"played":[1.0,0.0],"evs":[0.0,-6.88045]},"83o":{"weight":0.0,"played":[0.9998,2.0E-4],"evs":[0.0,-10.05572]},"93o":{"weight":0.0,"played":[0.9986,0.0014],"evs":[0.0,-9.13913]},"T3o":{"weight":0.0,"played":[0.9998,2.0E-4],"evs":[0.0,-7.21445]},"J3o":{"weight":0.0,"played":[1.0,0.0],"evs":[0.0,-8.03646]},"Q3o":{"weight":0.0,"played":[0.998,0.002],"evs":[0.0,-6.64679]},"K3o":{"weight":0.0,"played":[1.0,0.0],"evs":[0.0,-7.84611]},"A3o":{"weight":0.0,"played":[0.9994,6.0E-4],"evs":[0.0,-4.41657]},"42s":{"weight":0.0,"played":[0.9954,0.0046],"evs":[0.0,-3.96012]},"43s":{"weight":0.0,"played":[0.968,0.032],"evs":[0.0,-3.11712]},"44":{"weight":0.0,"played":[0.937,0.063],"evs":[0.0,-1.81837]},"54o":{"weight":0.0,"played":[1.0,0.0],"evs":[0.0,-5.25181]},"64o":{"weight":0.0,"played":[0.994,0.006],"evs":[0.0,-5.46065]},"74o":{"weight":0.0,"played":[0.9985,0.0015],"evs":[0.0,-5.86158]},"84o":{"weight":0.0,"played":[1.0,0.0],"evs":[0.0,-8.02608]},"94o":{"weight":0.0,"played":[1.0,0.0],"evs":[0.0,-8.49739]},"T4o":{"weight":0.0,"played":[0.9995,5.0E-4],"evs":[0.0,-8.04593]},"J4o":{"weight":0.0,"played":[0.9987,0.0013],"evs":[0.0,-7.47438]},"Q4o":{"weight":0.0,"played":[0.9993,7.0E-4],"evs":[0.0,-7.14938]},"K4o":{"weight":0.0,"played":[0.9967,0.0033],"evs":[0.0,-8.39366]},"A4o":{"weight":0.0,"played":[0.9843,0.0157],"evs":[0.0,-5.23862]},"52s":{"weight":0.0,"played":[0.9782,0.0218],"evs":[0.0,-3.21166]},"53s":{"weight":0.0,"played":[0.8455,0.1545],"evs":[0.0,-2.41508]},"54s":{"weight":0.003,"played":[0.8514,0.1486],"evs":[0.0,-2.69337]},"55":{"weight":0.0019,"played":[0.657,0.343],"evs":[0.0,-0.7736]},"65o":{"weight":0.0,"played":[0.987,0.013],"evs":[0.0,-4.87099]},"75o":{"weight":0.0,"played":[0.9997,3.0E-4],"evs":[0.0,-5.73976]},"85o":{"weight":0.0,"played":[0.9972,0.0028],"evs":[0.0,-6.83482]},"95o":{"weight":0.0,"played":[0.9999,1.0E-4],"evs":[0.0,-7.71414]},"T5o":{"weight":0.0,"played":[0.9999,1.0E-4],"evs":[0.0,-8.65034]},"J5o":{"weight":0.0,"played":[1.0,0.0],"evs":[0.0,-7.63566]},"Q5o":{"weight":0.0,"played":[0.985,0.015],"evs":[0.0,-7.11381]},"K5o":{"weight":0.0,"played":[0.999,0.001],"evs":[0.0,-6.38225]},"A5o":{"weight":0.0,"played":[0.998,0.002],"evs":[0.0,-5.79636]},"62s":{"weight":0.0,"played":[0.919,0.081],"evs":[0.0,-3.86132]},"63s":{"weight":0.0,"played":[0.9144,0.0856],"evs":[0.0,-1.14686]},"64s":{"weight":0.0,"played":[0.9756,0.0244],"evs":[0.0,-2.06312]},"65s":{"weight":0.0,"played":[0.9566,0.0434],"evs":[0.0,-2.84223]},"66":{"weight":0.1016,"played":[0.8699,0.1301],"evs":[0.0,-2.30596]},"76o":{"weight":0.0,"played":[0.9996,4.0E-4],"evs":[0.0,-3.81632]},"86o":{"weight":0.0,"played":[1.0,0.0],"evs":[0.0,-6.00975]},"96o":{"weight":0.0,"played":[0.9996,4.0E-4],"evs":[0.0,-5.77061]},"T6o":{"weight":0.0,"played":[0.994,0.006],"evs":[0.0,-6.43811]},"J6o":{"weight":0.0,"played":[0.9993,7.0E-4],"evs":[0.0,-7.88906]},"Q6o":{"weight":0.0,"played":[0.9999,1.0E-4],"evs":[0.0,-6.07015]},"K6o":{"weight":0.0,"played":[0.9912,0.0088],"evs":[0.0,-8.61807]},"A6o":{"weight":0.0,"played":[0.9999,1.0E-4],"evs":[0.0,-7.65546]},"72s":{"weight":0.0,"played":[0.9986,0.0014],"evs":[0.0,-6.04937]},"73s":{"weight":0.0,"played":[0.9719,0.0281],"evs":[0.0,-3.44777]},"74s":{"weight":0.0,"played":[0.9715,0.0285],"evs":[0.0,-3.63367]},"75s":{"weight":0.0199,"played":[0.9381,0.0619],"evs":[0.0,-1.48853]},"76s":{"weight":0.1659,"played":[0.9836,0.0164],"evs":[0.0,-3.12598]},"77":{"weight":0.0455,"played":[0.9569,0.0431],"evs":[0.0,-2.34926]},"87o":{"weight":0.0,"played":[0.9966,0.0034],"evs":[0.0,-6.18723]},"97o":{"weight":0.0,"played":[0.9993,7.0E-4],"evs":[0.0,-5.52658]},"T7o":{"weight":0.0,"played":[0.9989,0.0011],"evs":[0.0,-8.11711]},"J7o":{"weight":0.0,"played":[0.9992,8.0E-4],"evs":[0.0,-8.57868]},"Q7o":{"weight":0.0,"played":[0.9994,6.0E-4],"evs":[0.0,-6.89443]},"K7o":{"weight":0.0,"played":[0.9995,5.0E-4],"evs":[0.0,-7.97878]},"A7o":{"weight":0.0,"played":[0.9997,3.0E-4],"evs":[0.0,-6.85491]},"82s":{"weight":0.0,"played":[0.9904,0.0096],"evs":[0.0,-5.17088]},"83s":{"weight":0.0,"played":[0.9791,0.0209],"evs":[0.0,-5.03909]},"84s":{"weight":0.0,"played":[0.9943,0.0057],"evs":[0.0,-5.98614]},"85s":{"weight":0.0,"played":[0.9242,0.0758],"evs":[0.0,-4.96111]},"86s":{"weight":0.0,"played":[0.9718,0.0282],"evs":[0.0,-4.80055]},"87s":{"weight":0.1895,"played":[0.6581,0.3419],"evs":[0.0,-1.34533]},"88":{"weight":0.1092,"played":[0.7921,0.2079],"evs":[0.0,-1.785]},"98o":{"weight":0.0,"played":[0.9957,0.0043],"evs":[0.0,-7.02178]},"T8o":{"weight":0.0,"played":[0.9716,0.0284],"evs":[0.0,-5.92405]},"J8o":{"weight":0.0,"played":[0.9929,0.0071],"evs":[0.0,-6.91083]},"Q8o":{"weight":0.0,"played":[0.9999,1.0E-4],"evs":[0.0,-6.80426]},"K8o":{"weight":0.0,"played":[0.9976,0.0024],"evs":[0.0,-7.84034]},"A8o":{"weight":0.0,"played":[0.9914,0.0086],"evs":[0.0,-6.43482]},"92s":{"weight":0.0,"played":[0.9904,0.0096],"evs":[0.0,-6.83636]},"93s":{"weight":0.0,"played":[0.9989,0.0011],"evs":[0.0,-6.25868]},"94s":{"weight":0.0,"played":[0.9995,5.0E-4],"evs":[0.0,-4.35596]},"95s":{"weight":0.0,"played":[0.8744,0.1256],"evs":[0.0,-4.13786]},"96s":{"weight":0.0,"played":[0.8189,0.1811],"evs":[0.0,-6.88004]},"97s":{"weight":0.001,"played":[0.9227,0.0773],"evs":[0.0,-4.10595]},"98s":{"weight":0.2833,"played":[0.9657,0.0343],"evs":[0.0,-4.96149]},"99":{"weight":0.0571,"played":[0.8261,0.1739],"evs":[0.0,-1.4227]},"T9o":{"weight":0.0,"played":[0.9865,0.0135],"evs":[0.0,-6.89974]},"J9o":{"weight":0.0,"played":[0.9979,0.0021],"evs":[0.0,-5.87823]},"Q9o":{"weight":0.0,"played":[0.997,0.003],"evs":[0.0,-5.28921]},"K9o":{"weight":0.0,"played":[0.9998,2.0E-4],"evs":[0.0,-7.00204]},"A9o":{"weight":0.5756,"played":[0.9925,0.0075],"evs":[0.0,-7.12658]},"T2s":{"weight":0.0,"played":[0.9995,5.0E-4],"evs":[0.0,-8.06294]},"T3s":{"weight":0.0,"played":[0.8999,0.1001],"evs":[0.0,-5.47945]},"T4s":{"weight":0.0,"played":[0.974,0.026],"evs":[0.0,-6.1029]},"T5s":{"weight":0.0,"played":[0.986,0.014],"evs":[0.0,-6.90483]},"T6s":{"weight":0.0,"played":[0.9604,0.0396],"evs":[0.0,-4.42447]},"T7s":{"weight":0.097,"played":[0.9841,0.0159],"evs":[0.0,-4.90941]},"T8s":{"weight":0.0097,"played":[0.8109,0.1891],"evs":[0.0,-0.89898]},"T9s":{"weight":0.5193,"played":[0.9389,0.0611],"evs":[0.0,-2.41351]},"TT":{"weight":0.381,"played":[0.4353,0.5647],"evs":[0.0,-0.54392]},"JTo":{"weight":0.199,"played":[0.9867,0.0133],"evs":[0.0,-6.58273]},"QTo":{"weight":0.2945,"played":[0.958,0.042],"evs":[0.0,-4.91655]},"KTo":{"weight":0.3596,"played":[0.9726,0.0274],"evs":[0.0,-6.83351]},"ATo":{"weight":0.0288,"played":[0.988,0.012],"evs":[0.0,-6.74881]},"J2s":{"weight":0.0,"played":[0.9955,0.0045],"evs":[0.0,-6.46513]},"J3s":{"weight":0.0,"played":[0.9933,0.0067],"evs":[0.0,-4.76312]},"J4s":{"weight":0.0,"played":[0.9803,0.0197],"evs":[0.0,-5.08966]},"J5s":{"weight":0.0,"played":[0.9925,0.0075],"evs":[0.0,-2.92381]},"J6s":{"weight":0.0,"played":[0.8697,0.1303],"evs":[0.0,-2.07149]},"J7s":{"weight":0.0213,"played":[0.9725,0.0275],"evs":[0.0,-5.48115]},"J8s":{"weight":0.4019,"played":[0.9904,0.0096],"evs":[0.0,-2.2512]},"J9s":{"weight":0.1452,"played":[0.7101,0.2899],"evs":[0.0,-0.91292]},"JTs":{"weight":0.1495,"played":[0.9075,0.0925],"evs":[0.0,-3.51659]},"JJ":{"weight":1.0,"played":[0.0,1.0],"evs":[0.0,4.41455]},"QJo":{"weight":0.3879,"played":[0.9635,0.0365],"evs":[0.0,-4.88873]},"KJo":{"weight":0.1991,"played":[0.9556,0.0444],"evs":[0.0,-8.15925]},"AJo":{"weight":0.4236,"played":[0.9852,0.0148],"evs":[0.0,-5.19211]},"Q2s":{"weight":0.0,"played":[0.957,0.043],"evs":[0.0,-6.77764]},"Q3s":{"weight":0.0,"played":[0.9924,0.0076],"evs":[0.0,-6.55522]},"Q4s":{"weight":0.0,"played":[0.9601,0.0399],"evs":[0.0,-8.06256]},"Q5s":{"weight":0.0,"played":[0.998,0.002],"evs":[0.0,-4.7648]},"Q6s":{"weight":0.0,"played":[0.9976,0.0024],"evs":[0.0,-3.90988]},"Q7s":{"weight":0.0,"played":[0.9529,0.0471],"evs":[0.0,-3.67255]},"Q8s":{"weight":0.0889,"played":[0.8334,0.1666],"evs":[0.0,-4.18769]},"Q9s":{"weight":0.2708,"played":[0.9993,7.0E-4],"evs":[0.0,-2.88826]},"QTs":{"weight":0.002,"played":[0.4706,0.5294],"evs":[0.0,-3.02199]},"QJs":{"weight":0.0,"played":[0.8483,0.1517],"evs":[0.0,-1.64887]},"QQ":{"weight":1.0,"played":[0.0,1.0],"evs":[0.0,10.93375]},"KQo":{"weight":0.1196,"played":[0.9987,0.0013],"evs":[0.0,-4.86861]},"AQo":{"weight":0.2863,"played":[0.836,0.164],"evs":[0.0,-4.02068]},"K2s":{"weight":0.0,"played":[0.9537,0.0463],"evs":[0.0,-5.77407]},"K3s":{"weight":1.0E-4,"played":[0.9922,0.0078],"evs":[0.0,-6.32702]},"K4s":{"weight":0.0522,"played":[0.9428,0.0572],"evs":[0.0,-6.70459]},"K5s":{"weight":0.009,"played":[0.9986,0.0014],"evs":[0.0,-2.9378]},"K6s":{"weight":0.2298,"played":[0.9367,0.0633],"evs":[0.0,-3.22365]},"K7s":{"weight":0.7569,"played":[1.0,0.0],"evs":[0.0,-5.03131]},"K8s":{"weight":0.2547,"played":[0.9813,0.0187],"evs":[0.0,-4.7541]},"K9s":{"weight":0.79,"played":[0.9449,0.0551],"evs":[0.0,-1.75656]},"KTs":{"weight":0.0177,"played":[0.5996,0.4004],"evs":[0.0,-0.36676]},"KJs":{"weight":0.0,"played":[0.3833,0.6167],"evs":[0.0,-2.02854]},"KQs":{"weight":0.0,"played":[0.9234,0.0766],"evs":[0.0,-1.27157]},"KK":{"weight":0.9999,"played":[0.0,1.0],"evs":[0.0,18.14672]},"AKo":{"weight":0.7738,"played":[0.0,1.0],"evs":[0.0,2.40079]},"A2s":{"weight":0.924,"played":[0.9964,0.0036],"evs":[0.0,-4.89574]},"A3s":{"weight":0.0566,"played":[0.0114,0.9886],"evs":[0.0,0.66342]},"A4s":{"weight":0.391,"played":[0.9522,0.0478],"evs":[0.0,-3.7539]},"A5s":{"weight":0.032,"played":[0.9419,0.0581],"evs":[0.0,-0.60196]},"A6s":{"weight":0.7058,"played":[0.99,0.01],"evs":[0.0,-2.41232]},"A7s":{"weight":0.0214,"played":[0.8779,0.1221],"evs":[0.0,-0.94644]},"A8s":{"weight":0.0211,"played":[0.886,0.114],"evs":[0.0,-1.63387]},"A9s":{"weight":0.0,"played":[0.9373,0.0627],"evs":[0.0,-7.13114]},"ATs":{"weight":0.0,"played":[0.9851,0.0149],"evs":[0.0,-3.85803]},"AJs":{"weight":0.0,"played":[0.7815,0.2185],"evs":[0.0,-4.48503]},"AQs":{"weight":2.0E-4,"played":[0.8011,0.1989],"evs":[0.0,-1.33795]},"AKs":{"weight":1.0,"played":[0.0,1.0],"evs":[0.0,0.7164]},"AA":{"weight":0.9989,"played":[0.0,1.0],"evs":[0.0,30.39397]}}}