{"player":4,"street":0,"children":2,"sequence":[{"player":0,"type":"R","amount":200000,"street":0},{"player":1,"type":"F","amount":0,"street":0},{"player":2,"type":"F","amount":0,"street":0},{"player":3,"type":"R","amount":3285000,"street":0}],"actions":[{"type":"F","amount":0,"node":318},{"type":"C","amount":1935000,"node":321}],"hands":{"22":{"weight":1.0,"played":[1.0,0.0],"evs":[0.0,-1.11215]},"32o":{"weight":1.0,"played":[1.0,0.0],"evs":[0.0,-5.03652]},"42o":{"weight":1.0,"played":[1.0,0.0],"evs":[0.0,-5.11467]},"52o":{"weight":1.0,"played":[1.0,0.0],"evs":[0.0,-4.75943]},"62o":{"weight":1.0,"played":[1.0,0.0],"evs":[0.0,-5.13429]},"72o":{"weight":1.0,"played":[1.0,0.0],"evs":[0.0,-5.75057]},"82o":{"weight":1.0,"played":[1.0,0.0],"evs":[0.0,-5.73896]},"92o":{"weight":1.0,"played":[1.0,0.0],"evs":[0.0,-5.60164]},"T2o":{"weight":1.0,"played":[1.0,0.0],"evs":[0.0,-5.85626]},"J2o":{"weight":1.0,"played":[1.0,0.0],"evs":[0.0,-5.30919]},"Q2o":{"weight":1.0,"played":[1.0,0.0],"evs":[0.0,-5.17794]},"K2o":{"weight":1.0,"played":[1.0,0.0],"evs":[0.0,-3.87767]},"A2o":{"weight":1.0,"played":[1.0,0.0],"evs":[0.0,-2.449]},"32s":{"weight":1.0,"played":[1.0,0.0],"evs":[0.0,-3.93361]},"33":{"weight":1.0,"played":[1.0,0.0],"evs":[0.0,-0.56962]},"43o":{"weight":1.0,"played":[1.0,0.0],"evs":[0.0,-4.32045]},"53o":{"weight":1.0,"played":[1.0,0.0],"evs":[0.0,-4.358]},"63o":{"weight":1.0,"played":[1.0,0.0],"evs":[0.0,-4.94259]},"73o":{"weight":1.0,"played":[1.0,0.0],"evs":[0.0,-5.08911]},"83o":{"weight":1.0,"played":[1.0,0.0],"evs":[0.0,-5.62171]},"93o":{"weight":1.0,"played":[1.0,0.0],"evs":[0.0,-5.54629]},"T3o":{"weight":1.0,"played":[1.0,0.0],"evs":[0.0,-5.60776]},"J3o":{"weight":1.0,"played":[1.0,0.0],"evs":[0.0,-4.97432]},"Q3o":{"weight":1.0,"played":[1.0,0.0],"evs":[0.0,-5.00133]},"K3o":{"weight":1.0,"played":[1.0,0.0],"evs":[0.0,-3.87802]},"A3o":{"weight":1.0,"played":[1.0,0.0],"evs":[0.0,-2.62928]},"42s":{"weight":1.0,"played":[1.0,0.0],"evs":[0.0,-3.80889]},"43s":{"weight":1.0,"played":[1.0,0.0],"evs":[0.0,-3.12016]},"44":{"weight":1.0,"played":[0.8962,0.1038],"evs":[0.0,-0.31405]},"54o":{"weight":1.0,"played":[1.0,0.0],"evs":[0.0,-3.77115]},"64o":{"weight":1.0,"played":[1.0,0.0],"evs":[0.0,-4.24006]},"74o":{"weight":1.0,"played":[1.0,0.0],"evs":[0.0,-4.77149]},"84o":{"weight":1.0,"played":[1.0,0.0],"evs":[0.0,-5.10743]},"94o":{"weight":1.0,"played":[1.0,0.0],"evs":[0.0,-5.63671]},"T4o":{"weight":1.0,"played":[1.0,0.0],"evs":[0.0,-5.62459]},"J4o":{"weight":1.0,"played":[1.0,0.0],"evs":[0.0,-4.97855]},"Q4o":{"weight":1.0,"played":[1.0,0.0],"evs":[0.0,-4.96258]},"K4o":{"weight":1.0,"played":[1.0,0.0],"evs":[0.0,-3.79142]},"A4o":{"weight":1.0,"played":[1.0,0.0],"evs":[0.0,-2.46984]},"52s":{"weight":1.0,"played":[1.0,0.0],"evs":[0.0,-3.46017]},"53s":{"weight":1.0,"played":[1.0,0.0],"evs":[0.0,-3.25713]},"54s":{"weight":1.0,"played":[0.9999,1.0E-4],"evs":[0.0,-2.95529]},"55":{"weight":1.0,"played":[0.8536,0.1464],"evs":[0.0,-0.2641]},"65o":{"weight":1.0,"played":[1.0,0.0],"evs":[0.0,-3.63162]},"75o":{"weight":1.0,"played":[1.0,0.0],"evs":[0.0,-4.11069]},"85o":{"weight":1.0,"played":[1.0,0.0],"evs":[0.0,-4.61167]},"95o":{"weight":1.0,"played":[1.0,0.0],"evs":[0.0,-5.13504]},"T5o":{"weight":1.0,"played":[1.0,0.0],"evs":[0.0,-5.55088]},"J5o":{"weight":1.0,"played":[1.0,0.0],"evs":[0.0,-4.70553]},"Q5o":{"weight":1.0,"played":[1.0,0.0],"evs":[0.0,-4.70498]},"K5o":{"weight":1.0,"played":[1.0,0.0],"evs":[0.0,-3.62448]},"A5o":{"weight":1.0,"played":[1.0,0.0],"evs":[0.0,-2.08832]},"62s":{"weight":1.0,"played":[1.0,0.0],"evs":[0.0,-3.72942]},"63s":{"weight":1.0,"played":[1.0,0.0],"evs":[0.0,-3.71601]},"64s":{"weight":1.0,"played":[0.9999,1.0E-4],"evs":[0.0,-3.24058]},"65s":{"weight":1.0,"played":[1.0,0.0],"evs":[0.0,-2.73341]},"66":{"weight":1.0,"played":[0.1519,0.8481],"evs":[0.0,-0.04916]},"76o":{"weight":1.0,"played":[1.0,0.0],"evs":[0.0,-3.8712]},"86o":{"weight":1.0,"played":[1.0,0.0],"evs":[0.0,-4.36753]},"96o":{"weight":1.0,"played":[1.0,0.0],"evs":[0.0,-4.66072]},"T6o":{"weight":1.0,"played":[1.0,0.0],"evs":[0.0,-5.13441]},"J6o":{"weight":1.0,"played":[1.0,0.0],"evs":[0.0,-4.73966]},"Q6o":{"weight":1.0,"played":[1.0,0.0],"evs":[0.0,-4.87706]},"K6o":{"weight":1.0,"played":[1.0,0.0],"evs":[0.0,-3.29071]},"A6o":{"weight":1.0,"played":[1.0,0.0],"evs":[0.0,-2.78687]},"72s":{"weight":1.0,"played":[1.0,0.0],"evs":[0.0,-4.70086]},"73s":{"weight":1.0,"played":[0.9999,1.0E-4],"evs":[0.0,-3.97343]},"74s":{"weight":1.0,"played":[1.0,0.0],"evs":[0.0,-3.61808]},"75s":{"weight":1.0,"played":[1.0,0.0],"evs":[0.0,-3.06729]},"76s":{"weight":1.0,"played":[1.0,0.0],"evs":[0.0,-2.73293]},"77":{"weight":1.0,"played":[0.728,0.272],"evs":[0.0,-0.22031]},"87o":{"weight":1.0,"played":[1.0,0.0],"evs":[0.0,-4.10131]},"97o":{"weight":1.0,"played":[1.0,0.0],"evs":[0.0,-4.50428]},"T7o":{"weight":1.0,"played":[1.0,0.0],"evs":[0.0,-5.06726]},"J7o":{"weight":1.0,"played":[1.0,0.0],"evs":[0.0,-4.59546]},"Q7o":{"weight":1.0,"played":[1.0,0.0],"evs":[0.0,-4.80819]},"K7o":{"weight":1.0,"played":[1.0,0.0],"evs":[0.0,-3.58444]},"A7o":{"weight":1.0,"played":[1.0,0.0],"evs":[0.0,-2.48423]},"82s":{"weight":1.0,"played":[1.0,0.0],"evs":[0.0,-4.16233]},"83s":{"weight":1.0,"played":[1.0,0.0],"evs":[0.0,-4.45251]},"84s":{"weight":1.0,"played":[1.0,0.0],"evs":[0.0,-4.25781]},"85s":{"weight":1.0,"played":[0.9999,1.0E-4],"evs":[0.0,-3.54582]},"86s":{"weight":1.0,"played":[1.0,0.0],"evs":[0.0,-3.50737]},"87s":{"weight":1.0,"played":[1.0,0.0],"evs":[0.0,-2.71562]},"88":{"weight":1.0,"played":[0.098,0.902],"evs":[0.0,-0.03378]},"98o":{"weight":1.0,"played":[1.0,0.0],"evs":[0.0,-4.42539]},"T8o":{"weight":1.0,"played":[1.0,0.0],"evs":[0.0,-4.47824]},"J8o":{"weight":1.0,"played":[1.0,0.0],"evs":[0.0,-4.22801]},"Q8o":{"weight":1.0,"played":[1.0,0.0],"evs":[0.0,-4.69252]},"K8o":{"weight":1.0,"played":[1.0,0.0],"evs":[0.0,-3.54975]},"A8o":{"weight":1.0,"played":[1.0,0.0],"evs":[0.0,-2.57097]},"92s":{"weight":1.0,"played":[1.0,0.0],"evs":[0.0,-4.55193]},"93s":{"weight":1.0,"played":[1.0,0.0],"evs":[0.0,-4.2602]},"94s":{"weight":1.0,"played":[1.0,0.0],"evs":[0.0,-4.20475]},"95s":{"weight":1.0,"played":[1.0,0.0],"evs":[0.0,-3.57942]},"96s":{"weight":1.0,"played":[0.9999,1.0E-4],"evs":[0.0,-3.63153]},"97s":{"weight":1.0,"played":[0.9999,1.0E-4],"evs":[0.0,-3.52987]},"98s":{"weight":1.0,"played":[1.0,0.0],"evs":[0.0,-3.55471]},"99":{"weight":1.0,"played":[0.0256,0.9744],"evs":[0.0,0.07772]},"T9o":{"weight":1.0,"played":[1.0,0.0],"evs":[0.0,-4.32769]},"J9o":{"weight":1.0,"played":[1.0,0.0],"evs":[0.0,-4.06854]},"Q9o":{"weight":1.0,"played":[1.0,0.0],"evs":[0.0,-4.6205]},"K9o":{"weight":1.0,"played":[1.0,0.0],"evs":[0.0,-3.13239]},"A9o":{"weight":1.0,"played":[1.0,0.0],"evs":[0.0,-2.30924]},"T2s":{"weight":1.0,"played":[1.0,0.0],"evs":[0.0,-4.79427]},"T3s":{"weight":1.0,"played":[1.0,0.0],"evs":[0.0,-4.30789]},"T4s":{"weight":1.0,"played":[1.0,0.0],"evs":[0.0,-4.30462]},"T5s":{"weight":1.0,"played":[0.9998,2.0E-4],"evs":[0.0,-4.02209]},"T6s":{"weight":1.0,"played":[0.9999,1.0E-4],"evs":[0.0,-3.92844]},"T7s":{"weight":1.0,"played":[0.9995,5.0E-4],"evs":[0.0,-3.615]},"T8s":{"weight":1.0,"played":[1.0,0.0],"evs":[0.0,-3.55115]},"T9s":{"weight":1.0,"played":[1.0,0.0],"evs":[0.0,-3.213]},"TT":{"weight":1.0,"played":[0.0,1.0],"evs":[0.0,2.75798]},"JTo":{"weight":1.0,"played":[1.0,0.0],"evs":[0.0,-3.66682]},"QTo":{"weight":1.0,"played":[1.0,0.0],"evs":[0.0,-3.41265]},"KTo":{"weight":1.0,"played":[1.0,0.0],"evs":[0.0,-1.94129]},"ATo":{"weight":1.0,"played":[1.0,0.0],"evs":[0.0,-1.38516]},"J2s":{"weight":1.0,"played":[1.0,0.0],"evs":[0.0,-4.01414]},"J3s":{"weight":1.0,"played":[1.0,0.0],"evs":[0.0,-3.77491]},"J4s":{"weight":1.0,"played":[1.0,0.0],"evs":[0.0,-3.9465]},"J5s":{"weight":1.0,"played":[1.0,0.0],"evs":[0.0,-3.4671]},"J6s":{"weight":1.0,"played":[1.0,0.0],"evs":[0.0,-3.58064]},"J7s":{"weight":1.0,"played":[1.0,0.0],"evs":[0.0,-3.67138]},"J8s":{"weight":1.0,"played":[1.0,0.0],"evs":[0.0,-3.20217]},"J9s":{"weight":1.0,"played":[0.9999,1.0E-4],"evs":[0.0,-3.04074]},"JTs":{"weight":1.0,"played":[0.9996,4.0E-4],"evs":[0.0,-2.65112]},"JJ":{"weight":1.0,"played":[0.0,1.0],"evs":[0.0,5.27112]},"QJo":{"weight":1.0,"played":[0.9999,1.0E-4],"evs":[0.0,-1.67919]},"KJo":{"weight":1.0,"played":[0.9993,7.0E-4],"evs":[0.0,-1.19479]},"AJo":{"weight":1.0,"played":[1.0,0.0],"evs":[0.0,-0.52977]},"Q2s":{"weight":1.0,"played":[1.0,0.0],"evs":[0.0,-4.18397]},"Q3s":{"weight":1.0,"played":[1.0,0.0],"evs":[0.0,-3.49893]},"Q4s":{"weight":1.0,"played":[1.0,0.0],"evs":[0.0,-3.67576]},"Q5s":{"weight":1.0,"played":[1.0,0.0],"evs":[0.0,-3.48394]},"Q6s":{"weight":1.0,"played":[1.0,0.0],"evs":[0.0,-3.24109]},"Q7s":{"weight":1.0,"played":[1.0,0.0],"evs":[0.0,-3.84045]},"Q8s":{"weight":1.0,"played":[1.0,0.0],"evs":[0.0,-3.75077]},"Q9s":{"weight":1.0,"played":[0.9997,3.0E-4],"evs":[0.0,-3.12333]},"QTs":{"weight":1.0,"played":[0.9997,3.0E-4],"evs":[0.0,-2.33812]},"QJs":{"weight":1.0,"played":[0.9934,0.0066],"evs":[0.0,-0.67162]},"QQ":{"weight":1.0,"played":[0.0,1.0],"evs":[0.0,6.91749]},"KQo":{"weight":1.0,"played":[1.0,0.0],"evs":[0.0,-0.70482]},"AQo":{"weight":1.0,"played":[0.888,0.112],"evs":[0.0,-0.2132]},"K2s":{"weight":1.0,"played":[1.0,0.0],"evs":[0.0,-2.51265]},"K3s":{"weight":1.0,"played":[1.0,0.0],"evs":[0.0,-2.34397]},"K4s":{"weight":1.0,"played":[1.0,0.0],"evs":[0.0,-2.6257]},"K5s":{"weight":1.0,"played":[1.0,0.0],"evs":[0.0,-2.26094]},"K6s":{"weight":1.0,"played":[1.0,0.0],"evs":[0.0,-2.3188]},"K7s":{"weight":1.0,"played":[0.9998,2.0E-4],"evs":[0.0,-2.23963]},"K8s":{"weight":1.0,"played":[1.0,0.0],"evs":[0.0,-2.62377]},"K9s":{"weight":1.0,"played":[1.0,0.0],"evs":[0.0,-2.12649]},"KTs":{"weight":1.0,"played":[0.9998,2.0E-4],"evs":[0.0,-1.10126]},"KJs":{"weight":1.0,"played":[0.9606,0.0394],"evs":[0.0,0.02244]},"KQs":{"weight":1.0,"played":[0.2964,0.7036],"evs":[0.0,0.44866]},"KK":{"weight":1.0,"played":[0.0,1.0],"evs":[0.0,9.73001]},"AKo":{"weight":1.0,"played":[0.0,1.0],"evs":[0.0,2.19989]},"A2s":{"weight":1.0,"played":[1.0,0.0],"evs":[0.0,-1.42602]},"A3s":{"weight":1.0,"played":[1.0,0.0],"evs":[0.0,-1.27952]},"A4s":{"weight":1.0,"played":[1.0,0.0],"evs":[0.0,-0.98966]},"A5s":{"weight":1.0,"played":[0.9998,2.0E-4],"evs":[0.0,-1.28764]},"A6s":{"weight":1.0,"played":[0.9999,1.0E-4],"evs":[0.0,-1.39091]},"A7s":{"weight":1.0,"played":[1.0,0.0],"evs":[0.0,-1.20988]},"A8s":{"weight":1.0,"played":[0.9996,4.0E-4],"evs":[0.0,-1.55575]},"A9s":{"weight":1.0,"played":[0.9983,0.0017],"evs":[0.0,-1.58068]},"ATs":{"weight":1.0,"played":[0.9999,1.0E-4],"evs":[0.0,-0.12749]},"AJs":{"weight":1.0,"played":[0.0524,0.9476],"evs":[0.0,0.41721]},"AQs":{"weight":1.0,"played":[0.0047,0.9953],"evs":[0.0,0.66205]},"AKs":{"weight":1.0,"played":[0.0,1.0],"evs":[0.0,3.3036]},"AA":{"weight":1.0,"played":[0.0,1.0],"evs":[0.0,12.72904]}}}