{"player":0,"street":0,"children":2,"sequence":[{"player":0,"type":"R","amount":200000,"street":0},{"player":1,"type":"F","amount":0,"street":0},{"player":2,"type":"F","amount":0,"street":0},{"player":3,"type":"R","amount":3285000,"street":0},{"player":4,"type":"F","amount":0,"street":0},{"player":5,"type":"C","amount":1285000,"street":0}],"actions":[{"type":"F","amount":0},{"type":"C","amount":3085000}],"hands":{"22":{"weight":0.0,"played":[0.9999,1.0E-4],"evs":[0.0,-2.74878]},"32o":{"weight":0.0,"played":[1.0,0.0],"evs":[0.0,-7.96136]},"42o":{"weight":0.0,"played":[1.0,0.0],"evs":[0.0,-8.32639]},"52o":{"weight":0.0,"played":[1.0,0.0],"evs":[0.0,-8.07856]},"62o":{"weight":0.0,"played":[1.0,0.0],"evs":[0.0,-8.61417]},"72o":{"weight":0.0,"played":[1.0,0.0],"evs":[0.0,-8.72338]},"82o":{"weight":0.0,"played":[1.0,0.0],"evs":[0.0,-9.24122]},"92o":{"weight":0.0,"played":[1.0,0.0],"evs":[0.0,-9.22617]},"T2o":{"weight":0.0,"played":[1.0,0.0],"evs":[0.0,-9.07691]},"J2o":{"weight":0.0,"played":[1.0,0.0],"evs":[0.0,-8.24959]},"Q2o":{"weight":0.0,"played":[1.0,0.0],"evs":[0.0,-8.40987]},"K2o":{"weight":0.0,"played":[1.0,0.0],"evs":[0.0,-7.07365]},"A2o":{"weight":0.0,"played":[1.0,0.0],"evs":[0.0,-5.21596]},"32s":{"weight":0.0,"played":[1.0,0.0],"evs":[0.0,-6.33006]},"33":{"weight":0.9998,"played":[1.0,0.0],"evs":[0.0,-2.35722]},"43o":{"weight":0.0,"played":[1.0,0.0],"evs":[0.0,-6.99308]},"53o":{"weight":0.0,"played":[0.9999,1.0E-4],"evs":[0.0,-6.92319]},"63o":{"weight":0.0,"played":[1.0,0.0],"evs":[0.0,-6.95462]},"73o":{"weight":0.0,"played":[1.0,0.0],"evs":[0.0,-8.73767]},"83o":{"weight":0.0,"played":[1.0,0.0],"evs":[0.0,-9.02641]},"93o":{"weight":0.0,"played":[1.0,0.0],"evs":[0.0,-8.9325]},"T3o":{"weight":0.0,"played":[1.0,0.0],"evs":[0.0,-8.62138]},"J3o":{"weight":0.0,"played":[1.0,0.0],"evs":[0.0,-7.34226]},"Q3o":{"weight":0.0,"played":[1.0,0.0],"evs":[0.0,-7.53434]},"K3o":{"weight":0.0,"played":[1.0,0.0],"evs":[0.0,-6.68644]},"A3o":{"weight":0.0,"played":[0.9999,1.0E-4],"evs":[0.0,-5.08218]},"42s":{"weight":0.0,"played":[1.0,0.0],"evs":[0.0,-5.89762]},"43s":{"weight":0.0,"played":[0.9999,1.0E-4],"evs":[0.0,-5.26189]},"44":{"weight":1.0,"played":[0.999,0.001],"evs":[0.0,-1.46699]},"54o":{"weight":0.0,"played":[1.0,0.0],"evs":[0.0,-5.13797]},"64o":{"weight":0.0,"played":[1.0,0.0],"evs":[0.0,-6.40213]},"74o":{"weight":0.0,"played":[1.0,0.0],"evs":[0.0,-7.08766]},"84o":{"weight":0.0,"played":[1.0,0.0],"evs":[0.0,-8.39067]},"94o":{"weight":0.0,"played":[1.0,0.0],"evs":[0.0,-8.81788]},"T4o":{"weight":0.0,"played":[1.0,0.0],"evs":[0.0,-8.7297]},"J4o":{"weight":0.0,"played":[1.0,0.0],"evs":[0.0,-7.78645]},"Q4o":{"weight":0.0,"played":[1.0,0.0],"evs":[0.0,-7.89339]},"K4o":{"weight":0.0,"played":[1.0,0.0],"evs":[0.0,-6.99878]},"A4o":{"weight":0.0,"played":[0.9996,4.0E-4],"evs":[0.0,-5.73969]},"52s":{"weight":0.0,"played":[1.0,0.0],"evs":[0.0,-5.32141]},"53s":{"weight":0.0,"played":[0.9999,1.0E-4],"evs":[0.0,-4.78947]},"54s":{"weight":0.0,"played":[0.9999,1.0E-4],"evs":[0.0,-2.82569]},"55":{"weight":1.0,"played":[0.9906,0.0094],"evs":[0.0,-0.77196]},"65o":{"weight":0.0,"played":[1.0,0.0],"evs":[0.0,-6.24003]},"75o":{"weight":0.0,"played":[1.0,0.0],"evs":[0.0,-6.06276]},"85o":{"weight":0.0,"played":[1.0,0.0],"evs":[0.0,-7.36806]},"95o":{"weight":0.0,"played":[1.0,0.0],"evs":[0.0,-7.67628]},"T5o":{"weight":0.0,"played":[1.0,0.0],"evs":[0.0,-9.07435]},"J5o":{"weight":0.0,"played":[1.0,0.0],"evs":[0.0,-7.58275]},"Q5o":{"weight":0.0,"played":[1.0,0.0],"evs":[0.0,-7.88365]},"K5o":{"weight":0.0,"played":[1.0,0.0],"evs":[0.0,-5.86459]},"A5o":{"weight":0.0,"played":[0.9999,1.0E-4],"evs":[0.0,-4.27402]},"62s":{"weight":0.0,"played":[1.0,0.0],"evs":[0.0,-6.23207]},"63s":{"weight":0.0,"played":[0.9999,1.0E-4],"evs":[0.0,-5.96064]},"64s":{"weight":0.0,"played":[0.9998,2.0E-4],"evs":[0.0,-4.58271]},"65s":{"weight":0.0,"played":[0.9998,2.0E-4],"evs":[0.0,-3.31435]},"66":{"weight":1.0,"played":[0.6282,0.3718],"evs":[0.0,-0.34127]},"76o":{"weight":0.0,"played":[1.0,0.0],"evs":[0.0,-5.70499]},"86o":{"weight":0.0,"played":[1.0,0.0],"evs":[0.0,-6.9808]},"96o":{"weight":0.0,"played":[1.0,0.0],"evs":[0.0,-6.73136]},"T6o":{"weight":0.0,"played":[1.0,0.0],"evs":[0.0,-8.03645]},"J6o":{"weight":0.0,"played":[0.9998,2.0E-4],"evs":[0.0,-7.67425]},"Q6o":{"weight":0.0,"played":[0.9999,1.0E-4],"evs":[0.0,-7.20074]},"K6o":{"weight":0.0,"played":[1.0,0.0],"evs":[0.0,-6.40155]},"A6o":{"weight":0.0,"played":[1.0,0.0],"evs":[0.0,-5.06367]},"72s":{"weight":0.0,"played":[0.9999,1.0E-4],"evs":[0.0,-6.41708]},"73s":{"weight":0.0,"played":[1.0,0.0],"evs":[0.0,-5.32024]},"74s":{"weight":0.0,"played":[0.9999,1.0E-4],"evs":[0.0,-5.42484]},"75s":{"weight":0.0,"played":[0.9999,1.0E-4],"evs":[0.0,-4.23148]},"76s":{"weight":0.6197,"played":[0.9995,5.0E-4],"evs":[0.0,-4.27603]},"77":{"weight":1.0,"played":[0.1062,0.8938],"evs":[0.0,-0.41577]},"87o":{"weight":0.0,"played":[1.0,0.0],"evs":[0.0,-5.59291]},"97o":{"weight":0.0,"played":[0.9999,1.0E-4],"evs":[0.0,-6.82677]},"T7o":{"weight":0.0,"played":[0.9999,1.0E-4],"evs":[0.0,-7.22548]},"J7o":{"weight":0.0,"played":[1.0,0.0],"evs":[0.0,-6.85021]},"Q7o":{"weight":0.0,"played":[0.9999,1.0E-4],"evs":[0.0,-7.25868]},"K7o":{"weight":0.0,"played":[1.0,0.0],"evs":[0.0,-5.38213]},"A7o":{"weight":2.0E-4,"played":[0.9998,2.0E-4],"evs":[0.0,-4.83786]},"82s":{"weight":0.0,"played":[0.9999,1.0E-4],"evs":[0.0,-7.82557]},"83s":{"weight":0.0,"played":[1.0,0.0],"evs":[0.0,-7.09193]},"84s":{"weight":0.0,"played":[1.0,0.0],"evs":[0.0,-5.60495]},"85s":{"weight":0.0,"played":[0.9998,2.0E-4],"evs":[0.0,-4.78889]},"86s":{"weight":0.0,"played":[0.9992,8.0E-4],"evs":[0.0,-4.62912]},"87s":{"weight":0.9981,"played":[1.0,0.0],"evs":[0.0,-4.87782]},"88":{"weight":1.0,"played":[0.0299,0.9701],"evs":[0.0,1.01444]},"98o":{"weight":0.0,"played":[1.0,0.0],"evs":[0.0,-6.30445]},"T8o":{"weight":0.0,"played":[1.0,0.0],"evs":[0.0,-6.61139]},"J8o":{"weight":0.0,"played":[1.0,0.0],"evs":[0.0,-6.43056]},"Q8o":{"weight":0.0,"played":[0.9999,1.0E-4],"evs":[0.0,-7.41105]},"K8o":{"weight":0.0,"played":[1.0,0.0],"evs":[0.0,-5.8834]},"A8o":{"weight":1.0,"played":[1.0,0.0],"evs":[0.0,-4.61179]},"92s":{"weight":0.0,"played":[0.9998,2.0E-4],"evs":[0.0,-7.32538]},"93s":{"weight":0.0,"played":[1.0,0.0],"evs":[0.0,-5.92933]},"94s":{"weight":0.0,"played":[1.0,0.0],"evs":[0.0,-6.4969]},"95s":{"weight":0.0,"played":[1.0,0.0],"evs":[0.0,-6.7619]},"96s":{"weight":0.0,"played":[0.9999,1.0E-4],"evs":[0.0,-4.80617]},"97s":{"weight":0.0565,"played":[0.9975,0.0025],"evs":[0.0,-4.70582]},"98s":{"weight":1.0,"played":[1.0,0.0],"evs":[0.0,-4.46985]},"99":{"weight":0.998,"played":[0.0,1.0],"evs":[0.0,0.30226]},"T9o":{"weight":0.0,"played":[1.0,0.0],"evs":[0.0,-5.21066]},"J9o":{"weight":0.0,"played":[1.0,0.0],"evs":[0.0,-6.39102]},"Q9o":{"weight":0.0,"played":[0.9998,2.0E-4],"evs":[0.0,-7.2458]},"K9o":{"weight":0.0,"played":[0.9994,6.0E-4],"evs":[0.0,-5.96039]},"A9o":{"weight":1.0,"played":[1.0,0.0],"evs":[0.0,-4.79895]},"T2s":{"weight":0.0,"played":[0.9998,2.0E-4],"evs":[0.0,-7.6058]},"T3s":{"weight":0.0,"played":[0.9996,4.0E-4],"evs":[0.0,-6.2174]},"T4s":{"weight":0.0,"played":[1.0,0.0],"evs":[0.0,-6.96841]},"T5s":{"weight":0.0,"played":[1.0,0.0],"evs":[0.0,-5.98936]},"T6s":{"weight":0.0,"played":[1.0,0.0],"evs":[0.0,-5.0728]},"T7s":{"weight":0.0,"played":[1.0,0.0],"evs":[0.0,-4.4772]},"T8s":{"weight":0.9999,"played":[1.0,0.0],"evs":[0.0,-4.11276]},"T9s":{"weight":1.0,"played":[0.9986,0.0014],"evs":[0.0,-2.69325]},"TT":{"weight":1.0,"played":[0.0,1.0],"evs":[0.0,5.87759]},"JTo":{"weight":0.1782,"played":[0.9979,0.0021],"evs":[0.0,-4.99428]},"QTo":{"weight":1.0,"played":[1.0,0.0],"evs":[0.0,-5.54676]},"KTo":{"weight":1.0,"played":[0.9998,2.0E-4],"evs":[0.0,-4.02205]},"ATo":{"weight":1.0,"played":[0.9998,2.0E-4],"evs":[0.0,-3.31255]},"J2s":{"weight":0.0,"played":[1.0,0.0],"evs":[0.0,-6.22083]},"J3s":{"weight":0.0,"played":[0.9996,4.0E-4],"evs":[0.0,-4.61197]},"J4s":{"weight":0.0,"played":[0.9999,1.0E-4],"evs":[0.0,-6.50359]},"J5s":{"weight":0.0,"played":[0.9994,6.0E-4],"evs":[0.0,-5.14184]},"J6s":{"weight":0.0,"played":[0.9952,0.0048],"evs":[0.0,-4.76664]},"J7s":{"weight":0.0,"played":[0.9998,2.0E-4],"evs":[0.0,-4.11469]},"J8s":{"weight":0.9972,"played":[1.0,0.0],"evs":[0.0,-4.75445]},"J9s":{"weight":1.0,"played":[0.9996,4.0E-4],"evs":[0.0,-2.94398]},"JTs":{"weight":1.0,"played":[0.9976,0.0024],"evs":[0.0,-3.47115]},"JJ":{"weight":1.0,"played":[0.0,1.0],"evs":[0.0,9.6131]},"QJo":{"weight":1.0,"played":[1.0,0.0],"evs":[0.0,-2.66123]},"KJo":{"weight":1.0,"played":[0.9986,0.0014],"evs":[0.0,-2.2389]},"AJo":{"weight":1.0,"played":[0.9976,0.0024],"evs":[0.0,-1.62664]},"Q2s":{"weight":0.0,"played":[1.0,0.0],"evs":[0.0,-7.16561]},"Q3s":{"weight":0.0,"played":[0.9988,0.0012],"evs":[0.0,-5.87705]},"Q4s":{"weight":0.0,"played":[0.9986,0.0014],"evs":[0.0,-6.08444]},"Q5s":{"weight":0.0,"played":[1.0,0.0],"evs":[0.0,-4.47505]},"Q6s":{"weight":0.0,"played":[0.9977,0.0023],"evs":[0.0,-6.07752]},"Q7s":{"weight":0.0,"played":[0.9999,1.0E-4],"evs":[0.0,-5.89043]},"Q8s":{"weight":0.9999,"played":[1.0,0.0],"evs":[0.0,-3.9488]},"Q9s":{"weight":1.0,"played":[0.9992,8.0E-4],"evs":[0.0,-4.50851]},"QTs":{"weight":1.0,"played":[0.9901,0.0099],"evs":[0.0,-3.94545]},"QJs":{"weight":1.0,"played":[0.992,0.008],"evs":[0.0,-0.76399]},"QQ":{"weight":1.0,"played":[0.0,1.0],"evs":[0.0,12.56404]},"KQo":{"weight":1.0,"played":[0.9989,0.0011],"evs":[0.0,-1.44593]},"AQo":{"weight":1.0,"played":[0.436,0.564],"evs":[0.0,0.11003]},"K2s":{"weight":0.0,"played":[0.9999,1.0E-4],"evs":[0.0,-3.78192]},"K3s":{"weight":0.0,"played":[1.0,0.0],"evs":[0.0,-3.8284]},"K4s":{"weight":0.0,"played":[1.0,0.0],"evs":[0.0,-4.79178]},"K5s":{"weight":0.0,"played":[0.9998,2.0E-4],"evs":[0.0,-4.43753]},"K6s":{"weight":0.999,"played":[0.9997,3.0E-4],"evs":[0.0,-3.64634]},"K7s":{"weight":1.0,"played":[0.9999,1.0E-4],"evs":[0.0,-3.49523]},"K8s":{"weight":1.0,"played":[0.9998,2.0E-4],"evs":[0.0,-2.82854]},"K9s":{"weight":1.0,"played":[0.9997,3.0E-4],"evs":[0.0,-3.72455]},"KTs":{"weight":1.0,"played":[0.9996,4.0E-4],"evs":[0.0,-1.89854]},"KJs":{"weight":1.0,"played":[0.9534,0.0466],"evs":[0.0,-0.63]},"KQs":{"weight":1.0,"played":[0.3437,0.6563],"evs":[0.0,0.22199]},"KK":{"weight":1.0,"played":[0.0,1.0],"evs":[0.0,17.05239]},"AKo":{"weight":0.9996,"played":[0.0,1.0],"evs":[0.0,3.33916]},"A2s":{"weight":0.9999,"played":[0.9998,2.0E-4],"evs":[0.0,-2.56151]},"A3s":{"weight":1.0,"played":[0.9996,4.0E-4],"evs":[0.0,-3.25536]},"A4s":{"weight":1.0,"played":[0.9996,4.0E-4],"evs":[0.0,-3.13187]},"A5s":{"weight":1.0,"played":[0.9671,0.0329],"evs":[0.0,-2.59806]},"A6s":{"weight":1.0,"played":[0.9741,0.0259],"evs":[0.0,-3.23221]},"A7s":{"weight":1.0,"played":[0.995,0.005],"evs":[0.0,-1.95431]},"A8s":{"weight":1.0,"played":[0.9995,5.0E-4],"evs":[0.0,-1.98712]},"A9s":{"weight":1.0,"played":[0.998,0.002],"evs":[0.0,-3.37463]},"ATs":{"weight":1.0,"played":[0.9889,0.0111],"evs":[0.0,-1.40696]},"AJs":{"weight":1.0,"played":[0.2424,0.7576],"evs":[0.0,0.22905]},"AQs":{"weight":1.0,"played":[3.0E-4,0.9997],"evs":[0.0,0.64699]},"AKs":{"weight":1.0,"played":[1.0E-4,0.9999],"evs":[0.0,4.66282]},"AA":{"weight":1.0,"played":[0.0,1.0],"evs":[0.0,22.05479]}}}