{"player":5,"street":0,"children":2,"sequence":[{"player":0,"type":"R","amount":200000,"street":0},{"player":1,"type":"F","amount":0,"street":0},{"player":2,"type":"F","amount":0,"street":0},{"player":3,"type":"R","amount":3285000,"street":0},{"player":4,"type":"C","amount":1935000,"street":0}],"actions":[{"type":"F","amount":0,"node":322},{"type":"C","amount":1285000,"node":323}],"hands":{"22":{"weight":1.0,"played":[0.9992,8.0E-4],"evs":[0.0,-1.75326]},"32o":{"weight":1.0,"played":[0.9994,6.0E-4],"evs":[0.0,-4.10739]},"42o":{"weight":1.0,"played":[1.0,0.0],"evs":[0.0,-3.71042]},"52o":{"weight":1.0,"played":[1.0,0.0],"evs":[0.0,-3.6075]},"62o":{"weight":1.0,"played":[1.0,0.0],"evs":[0.0,-3.58001]},"72o":{"weight":1.0,"played":[1.0,0.0],"evs":[0.0,-4.00015]},"82o":{"weight":1.0,"played":[1.0,0.0],"evs":[0.0,-4.36738]},"92o":{"weight":1.0,"played":[0.9998,2.0E-4],"evs":[0.0,-3.86588]},"T2o":{"weight":1.0,"played":[1.0,0.0],"evs":[0.0,-4.266]},"J2o":{"weight":1.0,"played":[0.9998,2.0E-4],"evs":[0.0,-4.02127]},"Q2o":{"weight":1.0,"played":[0.9999,1.0E-4],"evs":[0.0,-4.68595]},"K2o":{"weight":1.0,"played":[1.0,0.0],"evs":[0.0,-4.398]},"A2o":{"weight":1.0,"played":[0.9998,2.0E-4],"evs":[0.0,-4.17321]},"32s":{"weight":1.0,"played":[0.978,0.022],"evs":[0.0,-1.04608]},"33":{"weight":1.0,"played":[0.9159,0.0841],"evs":[0.0,-2.35621]},"43o":{"weight":1.0,"played":[0.9997,3.0E-4],"evs":[0.0,-3.57205]},"53o":{"weight":1.0,"played":[0.9994,6.0E-4],"evs":[0.0,-3.17889]},"63o":{"weight":1.0,"played":[1.0,0.0],"evs":[0.0,-3.53317]},"73o":{"weight":1.0,"played":[1.0,0.0],"evs":[0.0,-3.86012]},"83o":{"weight":1.0,"played":[1.0,0.0],"evs":[0.0,-3.76042]},"93o":{"weight":1.0,"played":[0.9999,1.0E-4],"evs":[0.0,-4.62302]},"T3o":{"weight":1.0,"played":[1.0,0.0],"evs":[0.0,-3.98098]},"J3o":{"weight":1.0,"played":[1.0,0.0],"evs":[0.0,-3.72834]},"Q3o":{"weight":1.0,"played":[0.9999,1.0E-4],"evs":[0.0,-4.14153]},"K3o":{"weight":1.0,"played":[0.9999,1.0E-4],"evs":[0.0,-4.52893]},"A3o":{"weight":1.0,"played":[0.9986,0.0014],"evs":[0.0,-2.67542]},"42s":{"weight":1.0,"played":[0.9999,1.0E-4],"evs":[0.0,-2.28404]},"43s":{"weight":1.0,"played":[0.9882,0.0118],"evs":[0.0,-2.29761]},"44":{"weight":1.0,"played":[0.9807,0.0193],"evs":[0.0,-1.93211]},"54o":{"weight":1.0,"played":[0.9987,0.0013],"evs":[0.0,-2.03292]},"64o":{"weight":1.0,"played":[0.9985,0.0015],"evs":[0.0,-2.94704]},"74o":{"weight":1.0,"played":[1.0,0.0],"evs":[0.0,-3.36671]},"84o":{"weight":1.0,"played":[0.9996,4.0E-4],"evs":[0.0,-3.53638]},"94o":{"weight":1.0,"played":[0.9997,3.0E-4],"evs":[0.0,-4.36447]},"T4o":{"weight":1.0,"played":[0.9999,1.0E-4],"evs":[0.0,-3.8918]},"J4o":{"weight":1.0,"played":[1.0,0.0],"evs":[0.0,-3.67041]},"Q4o":{"weight":1.0,"played":[0.9998,2.0E-4],"evs":[0.0,-3.75692]},"K4o":{"weight":1.0,"played":[0.9997,3.0E-4],"evs":[0.0,-4.07638]},"A4o":{"weight":1.0,"played":[0.9998,2.0E-4],"evs":[0.0,-3.05956]},"52s":{"weight":1.0,"played":[0.9987,0.0013],"evs":[0.0,-2.30577]},"53s":{"weight":1.0,"played":[0.9667,0.0333],"evs":[0.0,-1.79309]},"54s":{"weight":1.0,"played":[0.9828,0.0172],"evs":[0.0,-1.47476]},"55":{"weight":1.0,"played":[1.0,0.0],"evs":[0.0,-1.38125]},"65o":{"weight":1.0,"played":[0.9999,1.0E-4],"evs":[0.0,-2.25146]},"75o":{"weight":1.0,"played":[1.0,0.0],"evs":[0.0,-2.74664]},"85o":{"weight":1.0,"played":[0.9961,0.0039],"evs":[0.0,-3.20709]},"95o":{"weight":1.0,"played":[1.0,0.0],"evs":[0.0,-3.72554]},"T5o":{"weight":1.0,"played":[1.0,0.0],"evs":[0.0,-4.51675]},"J5o":{"weight":1.0,"played":[0.9984,0.0016],"evs":[0.0,-4.05653]},"Q5o":{"weight":1.0,"played":[0.9996,4.0E-4],"evs":[0.0,-3.384]},"K5o":{"weight":1.0,"played":[1.0,0.0],"evs":[0.0,-3.71792]},"A5o":{"weight":1.0,"played":[0.9994,6.0E-4],"evs":[0.0,-3.25582]},"62s":{"weight":1.0,"played":[0.9987,0.0013],"evs":[0.0,-3.54927]},"63s":{"weight":1.0,"played":[0.9996,4.0E-4],"evs":[0.0,-1.77007]},"64s":{"weight":1.0,"played":[0.9946,0.0054],"evs":[0.0,-1.60577]},"65s":{"weight":1.0,"played":[0.9279,0.0721],"evs":[0.0,-0.18888]},"66":{"weight":1.0,"played":[0.9651,0.0349],"evs":[0.0,-1.14926]},"76o":{"weight":1.0,"played":[0.9973,0.0027],"evs":[0.0,-3.10484]},"86o":{"weight":1.0,"played":[0.9988,0.0012],"evs":[0.0,-2.41196]},"96o":{"weight":1.0,"played":[0.9997,3.0E-4],"evs":[0.0,-3.83755]},"T6o":{"weight":1.0,"played":[0.9999,1.0E-4],"evs":[0.0,-4.04182]},"J6o":{"weight":1.0,"played":[1.0,0.0],"evs":[0.0,-4.34965]},"Q6o":{"weight":1.0,"played":[1.0,0.0],"evs":[0.0,-3.40723]},"K6o":{"weight":1.0,"played":[0.9998,2.0E-4],"evs":[0.0,-3.77584]},"A6o":{"weight":1.0,"played":[0.9996,4.0E-4],"evs":[0.0,-3.6099]},"72s":{"weight":1.0,"played":[0.9967,0.0033],"evs":[0.0,-2.38668]},"73s":{"weight":1.0,"played":[0.9999,1.0E-4],"evs":[0.0,-2.4084]},"74s":{"weight":1.0,"played":[0.9686,0.0314],"evs":[0.0,-1.60224]},"75s":{"weight":1.0,"played":[0.9878,0.0122],"evs":[0.0,-1.59433]},"76s":{"weight":1.0,"played":[0.9349,0.0651],"evs":[0.0,-1.85045]},"77":{"weight":1.0,"played":[0.9935,0.0065],"evs":[0.0,-0.82481]},"87o":{"weight":1.0,"played":[0.9987,0.0013],"evs":[0.0,-2.94535]},"97o":{"weight":1.0,"played":[0.9999,1.0E-4],"evs":[0.0,-2.94688]},"T7o":{"weight":1.0,"played":[1.0,0.0],"evs":[0.0,-3.4022]},"J7o":{"weight":1.0,"played":[0.9997,3.0E-4],"evs":[0.0,-3.03055]},"Q7o":{"weight":1.0,"played":[0.9997,3.0E-4],"evs":[0.0,-3.26328]},"K7o":{"weight":1.0,"played":[0.997,0.003],"evs":[0.0,-4.18978]},"A7o":{"weight":1.0,"played":[0.9998,2.0E-4],"evs":[0.0,-3.37072]},"82s":{"weight":1.0,"played":[0.9983,0.0017],"evs":[0.0,-3.0657]},"83s":{"weight":1.0,"played":[0.9996,4.0E-4],"evs":[0.0,-2.15224]},"84s":{"weight":1.0,"played":[0.9879,0.0121],"evs":[0.0,-4.41165]},"85s":{"weight":1.0,"played":[0.9999,1.0E-4],"evs":[0.0,-2.87721]},"86s":{"weight":1.0,"played":[1.0,0.0],"evs":[0.0,-1.5956]},"87s":{"weight":1.0,"played":[0.9969,0.0031],"evs":[0.0,-2.16605]},"88":{"weight":1.0,"played":[0.7161,0.2839],"evs":[0.0,-0.80621]},"98o":{"weight":1.0,"played":[0.9994,6.0E-4],"evs":[0.0,-2.99598]},"T8o":{"weight":1.0,"played":[0.9996,4.0E-4],"evs":[0.0,-2.14437]},"J8o":{"weight":1.0,"played":[0.9998,2.0E-4],"evs":[0.0,-3.35642]},"Q8o":{"weight":1.0,"played":[0.997,0.003],"evs":[0.0,-4.01767]},"K8o":{"weight":1.0,"played":[1.0,0.0],"evs":[0.0,-4.44984]},"A8o":{"weight":1.0,"played":[0.9995,5.0E-4],"evs":[0.0,-3.72657]},"92s":{"weight":1.0,"played":[0.9999,1.0E-4],"evs":[0.0,-2.72526]},"93s":{"weight":1.0,"played":[0.9999,1.0E-4],"evs":[0.0,-2.82425]},"94s":{"weight":1.0,"played":[0.996,0.004],"evs":[0.0,-3.19104]},"95s":{"weight":1.0,"played":[0.9948,0.0052],"evs":[0.0,-2.98311]},"96s":{"weight":1.0,"played":[0.9873,0.0127],"evs":[0.0,-1.49831]},"97s":{"weight":1.0,"played":[0.9176,0.0824],"evs":[0.0,-2.29322]},"98s":{"weight":1.0,"played":[0.9374,0.0626],"evs":[0.0,-2.72644]},"99":{"weight":1.0,"played":[0.3655,0.6345],"evs":[0.0,-0.00468]},"T9o":{"weight":1.0,"played":[0.9999,1.0E-4],"evs":[0.0,-2.54104]},"J9o":{"weight":1.0,"played":[0.9935,0.0065],"evs":[0.0,-2.59315]},"Q9o":{"weight":1.0,"played":[0.9998,2.0E-4],"evs":[0.0,-2.96481]},"K9o":{"weight":1.0,"played":[1.0,0.0],"evs":[0.0,-3.50918]},"A9o":{"weight":1.0,"played":[0.9977,0.0023],"evs":[0.0,-3.69729]},"T2s":{"weight":1.0,"played":[0.9991,9.0E-4],"evs":[0.0,-3.40266]},"T3s":{"weight":1.0,"played":[0.999,0.001],"evs":[0.0,-2.54222]},"T4s":{"weight":1.0,"played":[1.0,0.0],"evs":[0.0,-3.97513]},"T5s":{"weight":1.0,"played":[0.9799,0.0201],"evs":[0.0,-2.21258]},"T6s":{"weight":1.0,"played":[0.87,0.13],"evs":[0.0,-2.19475]},"T7s":{"weight":1.0,"played":[0.9982,0.0018],"evs":[0.0,-2.28413]},"T8s":{"weight":1.0,"played":[1.0,0.0],"evs":[0.0,-2.94069]},"T9s":{"weight":1.0,"played":[0.9988,0.0012],"evs":[0.0,-2.14215]},"TT":{"weight":1.0,"played":[0.2809,0.7191],"evs":[0.0,1.422]},"JTo":{"weight":1.0,"played":[0.9978,0.0022],"evs":[0.0,-2.29192]},"QTo":{"weight":1.0,"played":[0.999,0.001],"evs":[0.0,-2.78902]},"KTo":{"weight":1.0,"played":[0.9999,1.0E-4],"evs":[0.0,-2.5066]},"ATo":{"weight":1.0,"played":[0.9992,8.0E-4],"evs":[0.0,-3.05847]},"J2s":{"weight":1.0,"played":[0.9798,0.0202],"evs":[0.0,-3.36481]},"J3s":{"weight":1.0,"played":[0.9911,0.0089],"evs":[0.0,-2.05704]},"J4s":{"weight":1.0,"played":[0.9971,0.0029],"evs":[0.0,-2.97296]},"J5s":{"weight":1.0,"played":[0.9825,0.0175],"evs":[0.0,-2.36235]},"J6s":{"weight":1.0,"played":[0.9713,0.0287],"evs":[0.0,-2.75617]},"J7s":{"weight":1.0,"played":[0.9779,0.0221],"evs":[0.0,-2.99392]},"J8s":{"weight":1.0,"played":[0.9995,5.0E-4],"evs":[0.0,-1.7375]},"J9s":{"weight":1.0,"played":[0.9738,0.0262],"evs":[0.0,-0.9206]},"JTs":{"weight":1.0,"played":[0.9968,0.0032],"evs":[0.0,-1.7586]},"JJ":{"weight":1.0,"played":[4.0E-4,0.9996],"evs":[0.0,2.62936]},"QJo":{"weight":1.0,"played":[0.9999,1.0E-4],"evs":[0.0,-2.13915]},"KJo":{"weight":1.0,"played":[0.9999,1.0E-4],"evs":[0.0,-2.11962]},"AJo":{"weight":1.0,"played":[0.9983,0.0017],"evs":[0.0,-1.44975]},"Q2s":{"weight":1.0,"played":[0.9998,2.0E-4],"evs":[0.0,-3.28884]},"Q3s":{"weight":1.0,"played":[0.9991,9.0E-4],"evs":[0.0,-1.70087]},"Q4s":{"weight":1.0,"played":[0.9999,1.0E-4],"evs":[0.0,-2.2074]},"Q5s":{"weight":1.0,"played":[0.9963,0.0037],"evs":[0.0,-1.33012]},"Q6s":{"weight":1.0,"played":[0.9996,4.0E-4],"evs":[0.0,-3.46595]},"Q7s":{"weight":1.0,"played":[0.999,0.001],"evs":[0.0,-3.65193]},"Q8s":{"weight":1.0,"played":[0.9873,0.0127],"evs":[0.0,-1.89897]},"Q9s":{"weight":1.0,"played":[0.9987,0.0013],"evs":[0.0,-1.47964]},"QTs":{"weight":1.0,"played":[0.9932,0.0068],"evs":[0.0,-1.32777]},"QJs":{"weight":1.0,"played":[0.7398,0.2602],"evs":[0.0,0.13111]},"QQ":{"weight":1.0,"played":[0.0,1.0],"evs":[0.0,4.42112]},"KQo":{"weight":1.0,"played":[0.9987,0.0013],"evs":[0.0,-2.34671]},"AQo":{"weight":1.0,"played":[0.9996,4.0E-4],"evs":[0.0,-0.69245]},"K2s":{"weight":1.0,"played":[0.9999,1.0E-4],"evs":[0.0,-2.71621]},"K3s":{"weight":1.0,"played":[0.9896,0.0104],"evs":[0.0,-2.86706]},"K4s":{"weight":1.0,"played":[0.9985,0.0015],"evs":[0.0,-2.10821]},"K5s":{"weight":1.0,"played":[0.9993,7.0E-4],"evs":[0.0,-2.84015]},"K6s":{"weight":1.0,"played":[0.9435,0.0565],"evs":[0.0,-3.201]},"K7s":{"weight":1.0,"played":[0.9898,0.0102],"evs":[0.0,-4.43654]},"K8s":{"weight":1.0,"played":[0.9997,3.0E-4],"evs":[0.0,-2.28442]},"K9s":{"weight":1.0,"played":[1.0,0.0],"evs":[0.0,-2.04686]},"KTs":{"weight":1.0,"played":[0.9876,0.0124],"evs":[0.0,-2.29742]},"KJs":{"weight":1.0,"played":[0.6185,0.3815],"evs":[0.0,-0.76033]},"KQs":{"weight":1.0,"played":[0.516,0.484],"evs":[0.0,-0.14716]},"KK":{"weight":1.0,"played":[4.0E-4,0.9996],"evs":[0.0,8.81876]},"AKo":{"weight":1.0,"played":[0.5779,0.4221],"evs":[0.0,-0.07039]},"A2s":{"weight":1.0,"played":[0.9985,0.0015],"evs":[0.0,-1.37173]},"A3s":{"weight":1.0,"played":[0.873,0.127],"evs":[0.0,-1.24784]},"A4s":{"weight":1.0,"played":[0.9969,0.0031],"evs":[0.0,-2.23171]},"A5s":{"weight":1.0,"played":[0.9705,0.0295],"evs":[0.0,-1.52565]},"A6s":{"weight":1.0,"played":[0.9814,0.0186],"evs":[0.0,-0.64247]},"A7s":{"weight":1.0,"played":[0.9989,0.0011],"evs":[0.0,-1.71547]},"A8s":{"weight":1.0,"played":[0.9819,0.0181],"evs":[0.0,-1.7551]},"A9s":{"weight":1.0,"played":[1.0,0.0],"evs":[0.0,-3.18449]},"ATs":{"weight":1.0,"played":[0.9367,0.0633],"evs":[0.0,-2.40376]},"AJs":{"weight":1.0,"played":[0.9703,0.0297],"evs":[0.0,-0.83804]},"AQs":{"weight":1.0,"played":[0.827,0.173],"evs":[0.0,-0.21212]},"AKs":{"weight":1.0,"played":[0.0048,0.9952],"evs":[0.0,2.6989]},"AA":{"weight":1.0,"played":[0.0,1.0],"evs":[0.0,13.26025]}}}