{"player":2,"street":0,"children":2,"sequence":[{"player":0,"type":"R","amount":200000,"street":0},{"player":1,"type":"F","amount":0,"street":0},{"player":2,"type":"C","amount":200000,"street":0},{"player":3,"type":"F","amount":0,"street":0},{"player":4,"type":"F","amount":0,"street":0},{"player":5,"type":"R","amount":1385000,"street":0},{"player":0,"type":"R","amount":2385000,"street":0}],"actions":[{"type":"F","amount":0},{"type":"C","amount":2185000}],"hands":{"22":{"weight":0.0,"played":[1.0,0.0],"evs":[0.0,-3.44362]},"32o":{"weight":0.0,"played":[1.0,0.0],"evs":[0.0,-7.01041]},"42o":{"weight":0.0,"played":[1.0,0.0],"evs":[0.0,-6.60462]},"52o":{"weight":0.0,"played":[1.0,0.0],"evs":[0.0,-6.37433]},"62o":{"weight":0.0,"played":[1.0,0.0],"evs":[0.0,-6.73033]},"72o":{"weight":0.0,"played":[1.0,0.0],"evs":[0.0,-7.19894]},"82o":{"weight":0.0,"played":[1.0,0.0],"evs":[0.0,-6.8507]},"92o":{"weight":0.0,"played":[1.0,0.0],"evs":[0.0,-6.40677]},"T2o":{"weight":0.0,"played":[1.0,0.0],"evs":[0.0,-6.69628]},"J2o":{"weight":0.0,"played":[1.0,0.0],"evs":[0.0,-6.52884]},"Q2o":{"weight":0.0,"played":[1.0,0.0],"evs":[0.0,-5.93198]},"K2o":{"weight":0.0,"played":[1.0,0.0],"evs":[0.0,-5.37799]},"A2o":{"weight":0.0,"played":[1.0,0.0],"evs":[0.0,-6.16503]},"32s":{"weight":0.0,"played":[1.0,0.0],"evs":[0.0,-5.33875]},"33":{"weight":0.0722,"played":[1.0,0.0],"evs":[0.0,-3.16403]},"43o":{"weight":0.0,"played":[1.0,0.0],"evs":[0.0,-5.97387]},"53o":{"weight":0.0,"played":[1.0,0.0],"evs":[0.0,-5.81805]},"63o":{"weight":0.0,"played":[1.0,0.0],"evs":[0.0,-6.27154]},"73o":{"weight":0.0,"played":[1.0,0.0],"evs":[0.0,-6.4682]},"83o":{"weight":0.0,"played":[1.0,0.0],"evs":[0.0,-6.76324]},"93o":{"weight":0.0,"played":[1.0,0.0],"evs":[0.0,-6.47664]},"T3o":{"weight":0.0,"played":[1.0,0.0],"evs":[0.0,-6.28399]},"J3o":{"weight":0.0,"played":[1.0,0.0],"evs":[0.0,-6.37229]},"Q3o":{"weight":0.0,"played":[1.0,0.0],"evs":[0.0,-5.6867]},"K3o":{"weight":0.0,"played":[1.0,0.0],"evs":[0.0,-5.35197]},"A3o":{"weight":0.0,"played":[1.0,0.0],"evs":[0.0,-6.13594]},"42s":{"weight":0.0,"played":[1.0,0.0],"evs":[0.0,-5.29543]},"43s":{"weight":0.0,"played":[1.0,0.0],"evs":[0.0,-4.39298]},"44":{"weight":0.9999,"played":[1.0,0.0],"evs":[0.0,-2.8489]},"54o":{"weight":0.0,"played":[1.0,0.0],"evs":[0.0,-4.87686]},"64o":{"weight":0.0,"played":[1.0,0.0],"evs":[0.0,-5.50906]},"74o":{"weight":0.0,"played":[1.0,0.0],"evs":[0.0,-5.76969]},"84o":{"weight":0.0,"played":[1.0,0.0],"evs":[0.0,-6.0708]},"94o":{"weight":0.0,"played":[1.0,0.0],"evs":[0.0,-6.3973]},"T4o":{"weight":0.0,"played":[1.0,0.0],"evs":[0.0,-6.08459]},"J4o":{"weight":0.0,"played":[1.0,0.0],"evs":[0.0,-6.3006]},"Q4o":{"weight":0.0,"played":[1.0,0.0],"evs":[0.0,-5.62132]},"K4o":{"weight":0.0,"played":[1.0,0.0],"evs":[0.0,-5.14696]},"A4o":{"weight":0.0,"played":[1.0,0.0],"evs":[0.0,-5.74376]},"52s":{"weight":0.0,"played":[1.0,0.0],"evs":[0.0,-4.53267]},"53s":{"weight":0.0,"played":[1.0,0.0],"evs":[0.0,-4.18878]},"54s":{"weight":0.0,"played":[1.0,0.0],"evs":[0.0,-3.32139]},"55":{"weight":1.0,"played":[1.0,0.0],"evs":[0.0,-2.18175]},"65o":{"weight":0.0,"played":[1.0,0.0],"evs":[0.0,-4.63437]},"75o":{"weight":0.0,"played":[1.0,0.0],"evs":[0.0,-5.12951]},"85o":{"weight":0.0,"played":[1.0,0.0],"evs":[0.0,-5.39985]},"95o":{"weight":0.0,"played":[1.0,0.0],"evs":[0.0,-5.58144]},"T5o":{"weight":0.0,"played":[1.0,0.0],"evs":[0.0,-5.9799]},"J5o":{"weight":0.0,"played":[1.0,0.0],"evs":[0.0,-5.82048]},"Q5o":{"weight":0.0,"played":[1.0,0.0],"evs":[0.0,-5.10744]},"K5o":{"weight":0.0,"played":[1.0,0.0],"evs":[0.0,-4.78262]},"A5o":{"weight":0.0,"played":[1.0,0.0],"evs":[0.0,-5.40631]},"62s":{"weight":0.0,"played":[1.0,0.0],"evs":[0.0,-5.36946]},"63s":{"weight":0.0,"played":[1.0,0.0],"evs":[0.0,-4.57148]},"64s":{"weight":0.0,"played":[1.0,0.0],"evs":[0.0,-3.8957]},"65s":{"weight":0.552,"played":[1.0,0.0],"evs":[0.0,-3.05622]},"66":{"weight":1.0,"played":[0.9997,3.0E-4],"evs":[0.0,-1.02256]},"76o":{"weight":0.0,"played":[1.0,0.0],"evs":[0.0,-4.4396]},"86o":{"weight":0.0,"played":[1.0,0.0],"evs":[0.0,-4.69484]},"96o":{"weight":0.0,"played":[1.0,0.0],"evs":[0.0,-4.82397]},"T6o":{"weight":0.0,"played":[1.0,0.0],"evs":[0.0,-5.54085]},"J6o":{"weight":0.0,"played":[1.0,0.0],"evs":[0.0,-5.95713]},"Q6o":{"weight":0.0,"played":[1.0,0.0],"evs":[0.0,-4.96662]},"K6o":{"weight":0.0,"played":[1.0,0.0],"evs":[0.0,-4.56586]},"A6o":{"weight":0.0,"played":[1.0,0.0],"evs":[0.0,-6.14442]},"72s":{"weight":0.0,"played":[1.0,0.0],"evs":[0.0,-5.44301]},"73s":{"weight":0.0,"played":[1.0,0.0],"evs":[0.0,-4.82073]},"74s":{"weight":0.0,"played":[1.0,0.0],"evs":[0.0,-4.10016]},"75s":{"weight":0.0,"played":[1.0,0.0],"evs":[0.0,-3.15693]},"76s":{"weight":0.3224,"played":[1.0,0.0],"evs":[0.0,-2.57625]},"77":{"weight":0.8093,"played":[0.913,0.087],"evs":[0.0,-0.05142]},"87o":{"weight":0.0,"played":[1.0,0.0],"evs":[0.0,-4.00943]},"97o":{"weight":0.0,"played":[1.0,0.0],"evs":[0.0,-4.31101]},"T7o":{"weight":0.0,"played":[1.0,0.0],"evs":[0.0,-4.67413]},"J7o":{"weight":0.0,"played":[1.0,0.0],"evs":[0.0,-5.18869]},"Q7o":{"weight":0.0,"played":[1.0,0.0],"evs":[0.0,-5.02363]},"K7o":{"weight":0.0,"played":[1.0,0.0],"evs":[0.0,-4.15656]},"A7o":{"weight":0.0,"played":[1.0,0.0],"evs":[0.0,-5.72772]},"82s":{"weight":0.0,"played":[1.0,0.0],"evs":[0.0,-5.09389]},"83s":{"weight":0.0,"played":[1.0,0.0],"evs":[0.0,-5.04186]},"84s":{"weight":0.0,"played":[1.0,0.0],"evs":[0.0,-4.4871]},"85s":{"weight":0.0,"played":[1.0,0.0],"evs":[0.0,-3.39772]},"86s":{"weight":0.0,"played":[1.0,0.0],"evs":[0.0,-3.25642]},"87s":{"weight":0.3702,"played":[1.0,0.0],"evs":[0.0,-2.88621]},"88":{"weight":0.7199,"played":[0.0318,0.9682],"evs":[0.0,1.03033]},"98o":{"weight":0.0,"played":[1.0,0.0],"evs":[0.0,-3.74209]},"T8o":{"weight":0.0,"played":[1.0,0.0],"evs":[0.0,-4.20455]},"J8o":{"weight":0.0,"played":[1.0,0.0],"evs":[0.0,-4.51478]},"Q8o":{"weight":0.0,"played":[1.0,0.0],"evs":[0.0,-4.34913]},"K8o":{"weight":0.0,"played":[1.0,0.0],"evs":[0.0,-4.37585]},"A8o":{"weight":0.0,"played":[1.0,0.0],"evs":[0.0,-5.48568]},"92s":{"weight":0.0,"played":[1.0,0.0],"evs":[0.0,-4.77035]},"93s":{"weight":0.0,"played":[1.0,0.0],"evs":[0.0,-4.8727]},"94s":{"weight":0.0,"played":[1.0,0.0],"evs":[0.0,-4.65276]},"95s":{"weight":0.0,"played":[1.0,0.0],"evs":[0.0,-4.12496]},"96s":{"weight":0.0,"played":[1.0,0.0],"evs":[0.0,-3.28034]},"97s":{"weight":0.0,"played":[1.0,0.0],"evs":[0.0,-2.871]},"98s":{"weight":0.9963,"played":[1.0,0.0],"evs":[0.0,-2.22464]},"99":{"weight":0.0,"played":[0.0,1.0],"evs":[0.0,2.67102]},"T9o":{"weight":0.0,"played":[1.0,0.0],"evs":[0.0,-3.47908]},"J9o":{"weight":0.0,"played":[1.0,0.0],"evs":[0.0,-3.68911]},"Q9o":{"weight":0.0,"played":[1.0,0.0],"evs":[0.0,-3.34425]},"K9o":{"weight":0.0,"played":[1.0,0.0],"evs":[0.0,-3.51447]},"A9o":{"weight":0.0,"played":[1.0,0.0],"evs":[0.0,-5.1012]},"T2s":{"weight":0.0,"played":[1.0,0.0],"evs":[0.0,-4.81859]},"T3s":{"weight":0.0,"played":[1.0,0.0],"evs":[0.0,-4.97108]},"T4s":{"weight":0.0,"played":[1.0,0.0],"evs":[0.0,-4.40554]},"T5s":{"weight":0.0,"played":[1.0,0.0],"evs":[0.0,-4.42688]},"T6s":{"weight":0.0,"played":[1.0,0.0],"evs":[0.0,-3.92]},"T7s":{"weight":0.0,"played":[1.0,0.0],"evs":[0.0,-3.12687]},"T8s":{"weight":0.1952,"played":[0.9996,4.0E-4],"evs":[0.0,-2.35503]},"T9s":{"weight":1.0,"played":[1.0,0.0],"evs":[0.0,-1.67873]},"TT":{"weight":0.0,"played":[0.0,1.0],"evs":[0.0,4.26607]},"JTo":{"weight":0.0,"played":[1.0,0.0],"evs":[0.0,-3.20648]},"QTo":{"weight":0.0,"played":[1.0,0.0],"evs":[0.0,-3.03752]},"KTo":{"weight":0.0,"played":[1.0,0.0],"evs":[0.0,-2.95992]},"ATo":{"weight":1.0,"played":[1.0,0.0],"evs":[0.0,-3.81181]},"J2s":{"weight":0.0,"played":[1.0,0.0],"evs":[0.0,-4.9854]},"J3s":{"weight":0.0,"played":[1.0,0.0],"evs":[0.0,-4.84381]},"J4s":{"weight":0.0,"played":[1.0,0.0],"evs":[0.0,-4.61185]},"J5s":{"weight":0.0,"played":[1.0,0.0],"evs":[0.0,-4.41212]},"J6s":{"weight":0.0,"played":[1.0,0.0],"evs":[0.0,-4.00626]},"J7s":{"weight":0.0,"played":[0.9999,1.0E-4],"evs":[0.0,-3.30146]},"J8s":{"weight":0.0,"played":[1.0,0.0],"evs":[0.0,-2.97822]},"J9s":{"weight":0.9998,"played":[1.0,0.0],"evs":[0.0,-2.33056]},"JTs":{"weight":0.6753,"played":[1.0,0.0],"evs":[0.0,-1.64002]},"JJ":{"weight":1.0E-4,"played":[0.0,1.0],"evs":[0.0,6.37478]},"QJo":{"weight":0.0024,"played":[1.0,0.0],"evs":[0.0,-3.00268]},"KJo":{"weight":0.9343,"played":[1.0,0.0],"evs":[0.0,-2.66006]},"AJo":{"weight":1.0,"played":[0.9999,1.0E-4],"evs":[0.0,-2.37525]},"Q2s":{"weight":0.0,"played":[0.9999,1.0E-4],"evs":[0.0,-4.5993]},"Q3s":{"weight":0.0,"played":[1.0,0.0],"evs":[0.0,-4.12654]},"Q4s":{"weight":0.0,"played":[1.0,0.0],"evs":[0.0,-3.71566]},"Q5s":{"weight":0.0,"played":[1.0,0.0],"evs":[0.0,-3.76352]},"Q6s":{"weight":0.0,"played":[1.0,0.0],"evs":[0.0,-3.41406]},"Q7s":{"weight":0.0,"played":[1.0,0.0],"evs":[0.0,-3.27515]},"Q8s":{"weight":0.0,"played":[1.0,0.0],"evs":[0.0,-2.84733]},"Q9s":{"weight":0.9961,"played":[0.9996,4.0E-4],"evs":[0.0,-1.96965]},"QTs":{"weight":0.7481,"played":[1.0,0.0],"evs":[0.0,-1.23717]},"QJs":{"weight":0.7397,"played":[0.9988,0.0012],"evs":[0.0,-1.45689]},"QQ":{"weight":1.0,"played":[0.0,1.0],"evs":[0.0,9.40007]},"KQo":{"weight":1.0,"played":[1.0,0.0],"evs":[0.0,-1.74359]},"AQo":{"weight":0.0844,"played":[0.8415,0.1585],"evs":[0.0,-0.16433]},"K2s":{"weight":0.0,"played":[1.0,0.0],"evs":[0.0,-3.69888]},"K3s":{"weight":0.0,"played":[1.0,0.0],"evs":[0.0,-3.63033]},"K4s":{"weight":0.0,"played":[1.0,0.0],"evs":[0.0,-2.98628]},"K5s":{"weight":0.0,"played":[1.0,0.0],"evs":[0.0,-2.63268]},"K6s":{"weight":0.0,"played":[0.9997,3.0E-4],"evs":[0.0,-3.09151]},"K7s":{"weight":0.0,"played":[0.9998,2.0E-4],"evs":[0.0,-2.83621]},"K8s":{"weight":0.0,"played":[1.0,0.0],"evs":[0.0,-2.2828]},"K9s":{"weight":0.9995,"played":[0.9999,1.0E-4],"evs":[0.0,-2.01585]},"KTs":{"weight":0.8207,"played":[0.9995,5.0E-4],"evs":[0.0,-1.48759]},"KJs":{"weight":0.0098,"played":[1.0,0.0],"evs":[0.0,-0.90029]},"KQs":{"weight":0.5696,"played":[0.9833,0.0167],"evs":[0.0,-0.41756]},"KK":{"weight":1.0,"played":[0.0,1.0],"evs":[0.0,13.03197]},"AKo":{"weight":0.0,"played":[0.0,1.0],"evs":[0.0,2.21551]},"A2s":{"weight":0.0,"played":[0.9999,1.0E-4],"evs":[0.0,-4.51853]},"A3s":{"weight":0.527,"played":[1.0,0.0],"evs":[0.0,-4.38935]},"A4s":{"weight":0.9947,"played":[1.0,0.0],"evs":[0.0,-4.15987]},"A5s":{"weight":0.2814,"played":[1.0,0.0],"evs":[0.0,-3.88536]},"A6s":{"weight":0.9462,"played":[1.0,0.0],"evs":[0.0,-4.17088]},"A7s":{"weight":0.9173,"played":[1.0,0.0],"evs":[0.0,-3.85307]},"A8s":{"weight":0.9239,"played":[1.0,0.0],"evs":[0.0,-3.70606]},"A9s":{"weight":1.0,"played":[1.0,0.0],"evs":[0.0,-3.05495]},"ATs":{"weight":1.0,"played":[0.9995,5.0E-4],"evs":[0.0,-2.44016]},"AJs":{"weight":1.0,"played":[0.9983,0.0017],"evs":[0.0,-0.48006]},"AQs":{"weight":0.9999,"played":[0.0,1.0],"evs":[0.0,1.3708]},"AKs":{"weight":0.0016,"played":[0.0,1.0],"evs":[0.0,3.54257]},"AA":{"weight":1.0,"played":[0.0,1.0],"evs":[0.0,18.28108]}}}