{"player":2,"street":0,"children":3,"sequence":[{"player":0,"type":"R","amount":200000,"street":0},{"player":1,"type":"F","amount":0,"street":0},{"player":2,"type":"C","amount":200000,"street":0},{"player":3,"type":"F","amount":0,"street":0},{"player":4,"type":"C","amount":150000,"street":0},{"player":5,"type":"R","amount":1385000,"street":0},{"player":0,"type":"F","amount":0,"street":0}],"actions":[{"type":"F","amount":0,"node":335},{"type":"C","amount":1185000,"node":336},{"type":"R","amount":2385000,"node":338}],"hands":{"22":{"weight":0.0,"played":[0.0283,0.2564,0.7153],"evs":[0.0,0.23902,0.5503]},"32o":{"weight":0.0,"played":[1.0,0.0,0.0],"evs":[0.0,-2.76787,-2.79728]},"42o":{"weight":0.0,"played":[0.9999,0.0,0.0],"evs":[0.0,-2.60645,-2.54685]},"52o":{"weight":0.0,"played":[1.0,0.0,0.0],"evs":[0.0,-2.15442,-2.18052]},"62o":{"weight":0.0,"played":[1.0,0.0,0.0],"evs":[0.0,-2.42166,-2.39646]},"72o":{"weight":0.0,"played":[1.0,0.0,0.0],"evs":[0.0,-2.96585,-3.06969]},"82o":{"weight":0.0,"played":[1.0,0.0,0.0],"evs":[0.0,-2.70892,-2.85492]},"92o":{"weight":0.0,"played":[1.0,0.0,0.0],"evs":[0.0,-2.26636,-2.31186]},"T2o":{"weight":0.0,"played":[1.0,0.0,0.0],"evs":[0.0,-2.44023,-2.323]},"J2o":{"weight":0.0,"played":[1.0,0.0,0.0],"evs":[0.0,-1.86257,-1.87839]},"Q2o":{"weight":0.0,"played":[0.9999,0.0,1.0E-4],"evs":[0.0,-2.3748,-2.49271]},"K2o":{"weight":0.0,"played":[1.0,0.0,0.0],"evs":[0.0,-1.77644,-1.70428]},"A2o":{"weight":0.0,"played":[0.9946,2.0E-4,0.0052],"evs":[0.0,-1.2061,-1.02074]},"32s":{"weight":0.0,"played":[1.0,0.0,0.0],"evs":[0.0,-1.25653,-1.16147]},"33":{"weight":0.0722,"played":[0.0106,0.7141,0.2753],"evs":[0.0,0.34055,0.26468]},"43o":{"weight":0.0,"played":[0.9998,1.0E-4,1.0E-4],"evs":[0.0,-2.21128,-2.24004]},"53o":{"weight":0.0,"played":[1.0,0.0,0.0],"evs":[0.0,-1.98188,-2.09048]},"63o":{"weight":0.0,"played":[0.9997,0.0,3.0E-4],"evs":[0.0,-1.71743,-1.74545]},"73o":{"weight":0.0,"played":[0.9999,0.0,1.0E-4],"evs":[0.0,-2.20087,-2.22561]},"83o":{"weight":0.0,"played":[0.9995,0.0,5.0E-4],"evs":[0.0,-2.26123,-2.41946]},"93o":{"weight":0.0,"played":[1.0,0.0,0.0],"evs":[0.0,-2.3238,-2.33454]},"T3o":{"weight":0.0,"played":[1.0,0.0,0.0],"evs":[0.0,-2.84231,-2.80785]},"J3o":{"weight":0.0,"played":[1.0,0.0,0.0],"evs":[0.0,-1.79079,-1.83381]},"Q3o":{"weight":0.0,"played":[0.9999,0.0,1.0E-4],"evs":[0.0,-2.16803,-2.23478]},"K3o":{"weight":0.0,"played":[0.9999,1.0E-4,1.0E-4],"evs":[0.0,-1.94381,-1.90912]},"A3o":{"weight":0.0,"played":[0.9996,1.0E-4,4.0E-4],"evs":[0.0,-1.17538,-1.00396]},"42s":{"weight":0.0,"played":[0.9999,1.0E-4,0.0],"evs":[0.0,-1.50722,-1.54493]},"43s":{"weight":0.0,"played":[0.9994,3.0E-4,3.0E-4],"evs":[0.0,-1.06217,-0.86972]},"44":{"weight":0.9999,"played":[0.0,0.6659,0.3341],"evs":[0.0,1.10577,1.08134]},"54o":{"weight":0.0,"played":[0.9964,0.0021,0.0015],"evs":[0.0,-1.20966,-1.26478]},"64o":{"weight":0.0,"played":[0.9987,8.0E-4,6.0E-4],"evs":[0.0,-1.64814,-1.57756]},"74o":{"weight":0.0,"played":[0.9994,0.0,6.0E-4],"evs":[0.0,-1.89717,-1.95429]},"84o":{"weight":0.0,"played":[0.9991,0.0,9.0E-4],"evs":[0.0,-2.16361,-2.21935]},"94o":{"weight":0.0,"played":[0.9995,0.0,5.0E-4],"evs":[0.0,-2.0997,-2.10885]},"T4o":{"weight":0.0,"played":[0.9999,1.0E-4,0.0],"evs":[0.0,-2.42733,-2.42102]},"J4o":{"weight":0.0,"played":[0.9996,0.0,4.0E-4],"evs":[0.0,-1.69863,-1.68424]},"Q4o":{"weight":0.0,"played":[0.9999,0.0,1.0E-4],"evs":[0.0,-1.96214,-2.07857]},"K4o":{"weight":0.0,"played":[1.0,0.0,0.0],"evs":[0.0,-1.27926,-1.40264]},"A4o":{"weight":0.0,"played":[0.999,3.0E-4,7.0E-4],"evs":[0.0,-1.13016,-0.86076]},"52s":{"weight":0.0,"played":[0.9998,1.0E-4,2.0E-4],"evs":[0.0,-1.65589,-1.43043]},"53s":{"weight":0.0,"played":[0.9374,0.0509,0.0117],"evs":[0.0,-0.4858,-0.45121]},"54s":{"weight":0.0,"played":[0.5838,0.3352,0.0809],"evs":[0.0,-0.22926,-0.30815]},"55":{"weight":1.0,"played":[0.0,0.4348,0.5652],"evs":[0.0,1.87542,1.74592]},"65o":{"weight":0.0,"played":[0.9961,0.0,0.0039],"evs":[0.0,-0.84306,-0.89381]},"75o":{"weight":0.0,"played":[0.9995,0.0,5.0E-4],"evs":[0.0,-0.77346,-0.90828]},"85o":{"weight":0.0,"played":[0.9988,0.0,0.0012],"evs":[0.0,-1.56974,-1.57954]},"95o":{"weight":0.0,"played":[0.9986,2.0E-4,0.0012],"evs":[0.0,-1.2862,-1.27437]},"T5o":{"weight":0.0,"played":[0.9999,0.0,0.0],"evs":[0.0,-2.03833,-2.05518]},"J5o":{"weight":0.0,"played":[1.0,0.0,0.0],"evs":[0.0,-1.21022,-1.32634]},"Q5o":{"weight":0.0,"played":[1.0,0.0,0.0],"evs":[0.0,-1.74847,-2.02493]},"K5o":{"weight":0.0,"played":[0.9998,0.0,2.0E-4],"evs":[0.0,-1.1927,-1.26068]},"A5o":{"weight":0.0,"played":[0.8852,2.0E-4,0.1146],"evs":[0.0,-0.52545,-0.34073]},"62s":{"weight":0.0,"played":[0.9784,1.0E-4,0.0214],"evs":[0.0,-0.68961,-0.72152]},"63s":{"weight":0.0,"played":[0.9977,0.0021,1.0E-4],"evs":[0.0,-1.19231,-1.20093]},"64s":{"weight":0.0,"played":[0.8286,0.0428,0.1286],"evs":[0.0,-0.62718,-0.48428]},"65s":{"weight":0.552,"played":[0.0293,0.2295,0.7412],"evs":[0.0,0.30791,0.39183]},"66":{"weight":1.0,"played":[0.0,0.679,0.321],"evs":[0.0,3.16115,3.0383]},"76o":{"weight":0.0,"played":[0.9996,3.0E-4,1.0E-4],"evs":[0.0,-0.85264,-0.85236]},"86o":{"weight":0.0,"played":[0.9978,0.0015,7.0E-4],"evs":[0.0,-0.7834,-0.9278]},"96o":{"weight":0.0,"played":[0.9924,0.0047,0.0029],"evs":[0.0,-0.78602,-0.69572]},"T6o":{"weight":0.0,"played":[0.9999,0.0,1.0E-4],"evs":[0.0,-1.2862,-1.43842]},"J6o":{"weight":0.0,"played":[0.9985,0.0012,3.0E-4],"evs":[0.0,-1.71071,-1.80788]},"Q6o":{"weight":0.0,"played":[0.9994,5.0E-4,1.0E-4],"evs":[0.0,-1.37049,-1.58688]},"K6o":{"weight":0.0,"played":[0.9998,1.0E-4,1.0E-4],"evs":[0.0,-0.81863,-0.89744]},"A6o":{"weight":0.0,"played":[0.9904,0.0,0.0096],"evs":[0.0,-0.9244,-0.8364]},"72s":{"weight":0.0,"played":[0.9997,1.0E-4,1.0E-4],"evs":[0.0,-1.34815,-1.45254]},"73s":{"weight":0.0,"played":[0.9754,0.0159,0.0087],"evs":[0.0,-1.59295,-1.26894]},"74s":{"weight":0.0,"played":[0.963,0.008,0.029],"evs":[0.0,-1.35597,-1.44339]},"75s":{"weight":0.0,"played":[0.6826,0.201,0.1165],"evs":[0.0,0.06324,0.0023]},"76s":{"weight":0.3224,"played":[0.0206,0.567,0.4123],"evs":[0.0,0.57626,0.54233]},"77":{"weight":0.8093,"played":[0.0,0.4553,0.5447],"evs":[0.0,3.81406,3.64939]},"87o":{"weight":0.0,"played":[0.9345,0.0567,0.0088],"evs":[0.0,-0.20563,-0.4484]},"97o":{"weight":0.0,"played":[0.9953,0.0028,0.0019],"evs":[0.0,-0.24588,-0.34295]},"T7o":{"weight":0.0,"played":[0.995,6.0E-4,0.0044],"evs":[0.0,-1.07958,-1.05931]},"J7o":{"weight":0.0,"played":[0.9993,3.0E-4,3.0E-4],"evs":[0.0,-0.94493,-1.05464]},"Q7o":{"weight":0.0,"played":[0.9997,0.0,2.0E-4],"evs":[0.0,-0.90102,-1.15668]},"K7o":{"weight":0.0,"played":[0.9995,0.0,5.0E-4],"evs":[0.0,-0.6815,-0.75319]},"A7o":{"weight":0.0,"played":[0.9497,1.0E-4,0.0502],"evs":[0.0,-0.46302,-0.31518]},"82s":{"weight":0.0,"played":[0.9999,0.0,0.0],"evs":[0.0,-0.96633,-0.93598]},"83s":{"weight":0.0,"played":[0.953,0.0444,0.0026],"evs":[0.0,-0.89612,-0.87486]},"84s":{"weight":0.0,"played":[0.8609,0.0401,0.099],"evs":[0.0,-0.89025,-0.89024]},"85s":{"weight":0.0,"played":[0.0404,0.0837,0.8759],"evs":[0.0,0.1829,0.36714]},"86s":{"weight":0.0,"played":[0.2605,0.3758,0.3637],"evs":[0.0,-0.16587,-0.20465]},"87s":{"weight":0.3702,"played":[0.0029,0.2115,0.7856],"evs":[0.0,0.57972,0.77072]},"88":{"weight":0.7199,"played":[0.0,0.5917,0.4083],"evs":[0.0,4.7835,4.66471]},"98o":{"weight":0.0,"played":[0.3594,0.3655,0.2751],"evs":[0.0,-0.09437,-0.13424]},"T8o":{"weight":0.0,"played":[0.9959,0.0011,0.003],"evs":[0.0,-0.64293,-0.62827]},"J8o":{"weight":0.0,"played":[0.9963,3.0E-4,0.0034],"evs":[0.0,-0.60368,-0.70027]},"Q8o":{"weight":0.0,"played":[0.9999,0.0,1.0E-4],"evs":[0.0,-0.85347,-0.99514]},"K8o":{"weight":0.0,"played":[0.9933,0.0039,0.0028],"evs":[0.0,-0.63601,-0.65462]},"A8o":{"weight":0.0,"played":[0.8266,0.0027,0.1707],"evs":[0.0,-0.1889,-0.11245]},"92s":{"weight":0.0,"played":[0.9989,4.0E-4,7.0E-4],"evs":[0.0,-1.30097,-1.19064]},"93s":{"weight":0.0,"played":[0.9811,0.0082,0.0107],"evs":[0.0,-1.17974,-1.12198]},"94s":{"weight":0.0,"played":[0.9998,1.0E-4,1.0E-4],"evs":[0.0,-1.3328,-1.5627]},"95s":{"weight":0.0,"played":[0.9721,0.0103,0.0176],"evs":[0.0,-0.46012,-0.61818]},"96s":{"weight":0.0,"played":[0.6235,0.3021,0.0744],"evs":[0.0,0.31553,0.17432]},"97s":{"weight":0.0,"played":[0.039,0.5863,0.3747],"evs":[0.0,0.78638,0.67782]},"98s":{"weight":0.9963,"played":[0.0141,0.6367,0.3492],"evs":[0.0,0.81104,0.61293]},"99":{"weight":0.0,"played":[0.0,0.4647,0.5352],"evs":[0.0,5.70025,5.6619]},"T9o":{"weight":0.0,"played":[0.084,0.2293,0.6867],"evs":[0.0,-0.05611,-0.03554]},"J9o":{"weight":0.0,"played":[0.8102,0.0556,0.1341],"evs":[0.0,-0.42733,-0.43939]},"Q9o":{"weight":0.0,"played":[0.9132,0.0847,0.0021],"evs":[0.0,-0.06743,-0.25692]},"K9o":{"weight":0.0,"played":[0.9643,0.0356,1.0E-4],"evs":[0.0,-0.14178,-0.21217]},"A9o":{"weight":0.0,"played":[0.1786,0.0079,0.8135],"evs":[0.0,-0.15199,0.0808]},"T2s":{"weight":0.0,"played":[0.9943,0.0011,0.0047],"evs":[0.0,-0.68799,-0.79377]},"T3s":{"weight":0.0,"played":[0.9997,0.0,3.0E-4],"evs":[0.0,-1.44057,-1.4183]},"T4s":{"weight":0.0,"played":[1.0,0.0,0.0],"evs":[0.0,-1.58238,-1.71955]},"T5s":{"weight":0.0,"played":[0.9941,0.002,0.0038],"evs":[0.0,-1.0363,-0.98522]},"T6s":{"weight":0.0,"played":[0.9309,0.0,0.069],"evs":[0.0,-0.67588,-0.43821]},"T7s":{"weight":0.0,"played":[0.8904,0.0025,0.1071],"evs":[0.0,-0.20903,-0.04157]},"T8s":{"weight":0.1952,"played":[0.1658,0.3579,0.4764],"evs":[0.0,0.39377,0.39738]},"T9s":{"weight":1.0,"played":[0.0049,0.5191,0.476],"evs":[0.0,1.46387,1.41455]},"TT":{"weight":0.0,"played":[0.0,0.9983,0.0017],"evs":[0.0,6.96358,6.62445]},"JTo":{"weight":0.0,"played":[0.6009,0.3505,0.0485],"evs":[0.0,0.12341,-0.06787]},"QTo":{"weight":0.0,"played":[0.3546,0.626,0.0194],"evs":[0.0,-0.06199,-0.23463]},"KTo":{"weight":0.0,"played":[0.7282,0.2643,0.0074],"evs":[0.0,-0.32316,-0.52176]},"ATo":{"weight":1.0,"played":[0.0,0.1404,0.8596],"evs":[0.0,0.78676,0.81371]},"J2s":{"weight":0.0,"played":[0.9973,2.0E-4,0.0025],"evs":[0.0,-1.12068,-1.06505]},"J3s":{"weight":0.0,"played":[0.7756,0.1025,0.1219],"evs":[0.0,-1.02637,-1.01136]},"J4s":{"weight":0.0,"played":[0.991,0.0028,0.0063],"evs":[0.0,-0.57922,-0.60211]},"J5s":{"weight":0.0,"played":[0.9961,4.0E-4,0.0035],"evs":[0.0,-0.45631,-0.53377]},"J6s":{"weight":0.0,"played":[0.8214,0.1711,0.0075],"evs":[0.0,-0.3465,-0.40001]},"J7s":{"weight":0.0,"played":[0.0879,0.7375,0.1746],"evs":[0.0,0.73125,0.70211]},"J8s":{"weight":0.0,"played":[0.0,0.6925,0.3075],"evs":[0.0,0.69655,0.5548]},"J9s":{"weight":0.9998,"played":[1.0E-4,0.8897,0.1102],"evs":[0.0,1.27161,1.20402]},"JTs":{"weight":0.6753,"played":[0.0,0.2846,0.7154],"evs":[0.0,1.30944,1.18408]},"JJ":{"weight":1.0E-4,"played":[0.0,0.99,0.01],"evs":[0.0,8.44564,8.13702]},"QJo":{"weight":0.0024,"played":[0.0342,0.9596,0.0062],"evs":[0.0,0.76821,0.43592]},"KJo":{"weight":0.9343,"played":[0.0041,0.9173,0.0786],"evs":[0.0,0.51184,0.41387]},"AJo":{"weight":1.0,"played":[0.0,0.5066,0.4934],"evs":[0.0,2.32683,2.32045]},"Q2s":{"weight":0.0,"played":[0.9976,0.0019,6.0E-4],"evs":[0.0,-1.34717,-1.41681]},"Q3s":{"weight":0.0,"played":[0.9704,0.0036,0.026],"evs":[0.0,-0.97318,-0.97892]},"Q4s":{"weight":0.0,"played":[0.9665,0.0052,0.0283],"evs":[0.0,-1.23322,-1.29821]},"Q5s":{"weight":0.0,"played":[0.9924,0.0013,0.0063],"evs":[0.0,-0.39566,-0.7536]},"Q6s":{"weight":0.0,"played":[0.5791,0.418,0.0029],"evs":[0.0,-0.11038,-0.31659]},"Q7s":{"weight":0.0,"played":[0.2161,0.4447,0.3392],"evs":[0.0,-0.02754,-0.04737]},"Q8s":{"weight":0.0,"played":[0.16,0.4185,0.4215],"evs":[0.0,0.93985,0.92505]},"Q9s":{"weight":0.9961,"played":[1.0E-4,0.9201,0.0798],"evs":[0.0,0.96528,0.85335]},"QTs":{"weight":0.7481,"played":[1.0E-4,0.8369,0.163],"evs":[0.0,0.91175,0.7634]},"QJs":{"weight":0.7397,"played":[0.0,0.9709,0.0291],"evs":[0.0,1.49471,1.24118]},"QQ":{"weight":1.0,"played":[0.0,0.5938,0.4062],"evs":[0.0,10.30753,10.13682]},"KQo":{"weight":1.0,"played":[0.0,0.9751,0.0249],"evs":[0.0,1.22444,1.16312]},"AQo":{"weight":0.0844,"played":[0.0,0.0052,0.9948],"evs":[0.0,3.54659,3.76533]},"K2s":{"weight":0.0,"played":[0.9446,0.0193,0.0361],"evs":[0.0,-0.60261,-0.48265]},"K3s":{"weight":0.0,"played":[0.867,0.1111,0.0219],"evs":[0.0,-1.31711,-1.32519]},"K4s":{"weight":0.0,"played":[0.8955,0.0651,0.0394],"evs":[0.0,-0.58321,-0.4857]},"K5s":{"weight":0.0,"played":[0.8397,0.0738,0.0866],"evs":[0.0,-0.58449,-0.56623]},"K6s":{"weight":0.0,"played":[0.0351,0.7216,0.2433],"evs":[0.0,0.13131,0.06777]},"K7s":{"weight":0.0,"played":[0.2885,0.3351,0.3764],"evs":[0.0,0.09054,0.16826]},"K8s":{"weight":0.0,"played":[0.0616,0.5958,0.3426],"evs":[0.0,0.11462,0.04036]},"K9s":{"weight":0.9995,"played":[0.0462,0.2368,0.717],"evs":[0.0,0.73389,0.80866]},"KTs":{"weight":0.8207,"played":[0.0011,0.0613,0.9377],"evs":[0.0,0.26924,0.43228]},"KJs":{"weight":0.0098,"played":[4.0E-4,0.3341,0.6655],"evs":[0.0,1.31688,1.44307]},"KQs":{"weight":0.5696,"played":[1.0E-4,0.5386,0.4614],"evs":[0.0,2.6367,2.57306]},"KK":{"weight":1.0,"played":[0.0,0.0573,0.9427],"evs":[0.0,11.83475,11.93324]},"AKo":{"weight":0.0,"played":[0.0,0.0234,0.9766],"evs":[0.0,5.4098,5.53701]},"A2s":{"weight":0.0,"played":[0.5632,0.069,0.3678],"evs":[0.0,-0.19966,-0.08149]},"A3s":{"weight":0.527,"played":[0.0017,0.0346,0.9637],"evs":[0.0,0.43947,0.61972]},"A4s":{"weight":0.9947,"played":[0.0405,0.0628,0.8967],"evs":[0.0,-0.01604,0.14349]},"A5s":{"weight":0.2814,"played":[4.0E-4,0.0383,0.9613],"evs":[0.0,0.42711,0.62174]},"A6s":{"weight":0.9462,"played":[2.0E-4,0.0622,0.9377],"evs":[0.0,0.1436,0.3158]},"A7s":{"weight":0.9173,"played":[0.0031,0.0505,0.9464],"evs":[0.0,0.45078,0.52068]},"A8s":{"weight":0.9239,"played":[0.0201,0.3448,0.6351],"evs":[0.0,0.54642,0.60948]},"A9s":{"weight":1.0,"played":[0.0,0.0427,0.9573],"evs":[0.0,1.68338,1.72874]},"ATs":{"weight":1.0,"played":[0.0,0.4546,0.5454],"evs":[0.0,2.26705,2.27157]},"AJs":{"weight":1.0,"played":[0.0,0.6713,0.3287],"evs":[0.0,3.00592,2.95358]},"AQs":{"weight":0.9999,"played":[0.0,0.8921,0.1079],"evs":[0.0,5.45153,5.23776]},"AKs":{"weight":0.0016,"played":[0.0,0.04,0.96],"evs":[0.0,5.53312,5.80525]},"AA":{"weight":1.0,"played":[0.0,0.0549,0.9451],"evs":[0.0,15.411,15.51856]}}}