{"player":2,"street":0,"children":2,"sequence":[{"player":0,"type":"R","amount":200000,"street":0},{"player":1,"type":"F","amount":0,"street":0},{"player":2,"type":"C","amount":200000,"street":0},{"player":3,"type":"F","amount":0,"street":0},{"player":4,"type":"C","amount":150000,"street":0},{"player":5,"type":"R","amount":1385000,"street":0},{"player":0,"type":"C","amount":1185000,"street":0}],"actions":[{"type":"F","amount":0,"node":340},{"type":"R","amount":2385000,"node":342}],"hands":{"22":{"weight":0.0,"played":[0.9936,0.0064],"evs":[0.0,-2.42531]},"32o":{"weight":0.0,"played":[1.0,0.0],"evs":[0.0,-5.54178]},"42o":{"weight":0.0,"played":[1.0,0.0],"evs":[0.0,-6.34555]},"52o":{"weight":0.0,"played":[1.0,0.0],"evs":[0.0,-5.65028]},"62o":{"weight":0.0,"played":[1.0,0.0],"evs":[0.0,-6.02725]},"72o":{"weight":0.0,"played":[0.9999,1.0E-4],"evs":[0.0,-6.74254]},"82o":{"weight":0.0,"played":[1.0,0.0],"evs":[0.0,-6.00647]},"92o":{"weight":0.0,"played":[1.0,0.0],"evs":[0.0,-5.39216]},"T2o":{"weight":0.0,"played":[1.0,0.0],"evs":[0.0,-6.06804]},"J2o":{"weight":0.0,"played":[1.0,0.0],"evs":[0.0,-5.35701]},"Q2o":{"weight":0.0,"played":[0.9999,1.0E-4],"evs":[0.0,-5.2911]},"K2o":{"weight":0.0,"played":[1.0,0.0],"evs":[0.0,-4.84628]},"A2o":{"weight":0.0,"played":[0.9999,1.0E-4],"evs":[0.0,-3.63809]},"32s":{"weight":0.0,"played":[0.9981,0.0019],"evs":[0.0,-4.26198]},"33":{"weight":0.0722,"played":[0.9858,0.0142],"evs":[0.0,-2.50644]},"43o":{"weight":0.0,"played":[1.0,0.0],"evs":[0.0,-4.66791]},"53o":{"weight":0.0,"played":[1.0,0.0],"evs":[0.0,-5.28658]},"63o":{"weight":0.0,"played":[1.0,0.0],"evs":[0.0,-5.85824]},"73o":{"weight":0.0,"played":[1.0,0.0],"evs":[0.0,-5.76808]},"83o":{"weight":0.0,"played":[1.0,0.0],"evs":[0.0,-6.35249]},"93o":{"weight":0.0,"played":[1.0,0.0],"evs":[0.0,-6.12285]},"T3o":{"weight":0.0,"played":[1.0,0.0],"evs":[0.0,-5.80381]},"J3o":{"weight":0.0,"played":[1.0,0.0],"evs":[0.0,-5.41134]},"Q3o":{"weight":0.0,"played":[1.0,0.0],"evs":[0.0,-5.66444]},"K3o":{"weight":0.0,"played":[1.0,0.0],"evs":[0.0,-4.75092]},"A3o":{"weight":0.0,"played":[1.0,0.0],"evs":[0.0,-4.10696]},"42s":{"weight":0.0,"played":[0.9999,1.0E-4],"evs":[0.0,-4.44211]},"43s":{"weight":0.0,"played":[0.998,0.002],"evs":[0.0,-3.42972]},"44":{"weight":0.9999,"played":[0.9964,0.0036],"evs":[0.0,-1.59118]},"54o":{"weight":0.0,"played":[1.0,0.0],"evs":[0.0,-4.13748]},"64o":{"weight":0.0,"played":[1.0,0.0],"evs":[0.0,-4.39647]},"74o":{"weight":0.0,"played":[0.9997,3.0E-4],"evs":[0.0,-4.95891]},"84o":{"weight":0.0,"played":[1.0,0.0],"evs":[0.0,-5.62483]},"94o":{"weight":0.0,"played":[1.0,0.0],"evs":[0.0,-6.18753]},"T4o":{"weight":0.0,"played":[0.9999,1.0E-4],"evs":[0.0,-5.49581]},"J4o":{"weight":0.0,"played":[1.0,0.0],"evs":[0.0,-5.4836]},"Q4o":{"weight":0.0,"played":[1.0,0.0],"evs":[0.0,-5.74633]},"K4o":{"weight":0.0,"played":[0.9999,1.0E-4],"evs":[0.0,-4.46904]},"A4o":{"weight":0.0,"played":[1.0,0.0],"evs":[0.0,-3.92731]},"52s":{"weight":0.0,"played":[0.9973,0.0027],"evs":[0.0,-4.75367]},"53s":{"weight":0.0,"played":[0.9964,0.0036],"evs":[0.0,-3.31462]},"54s":{"weight":0.0,"played":[0.9902,0.0098],"evs":[0.0,-2.61977]},"55":{"weight":1.0,"played":[0.8569,0.1431],"evs":[0.0,-0.58568]},"65o":{"weight":0.0,"played":[0.9999,1.0E-4],"evs":[0.0,-3.87718]},"75o":{"weight":0.0,"played":[1.0,0.0],"evs":[0.0,-4.29298]},"85o":{"weight":0.0,"played":[0.9994,6.0E-4],"evs":[0.0,-4.72156]},"95o":{"weight":0.0,"played":[0.9999,1.0E-4],"evs":[0.0,-5.61412]},"T5o":{"weight":0.0,"played":[1.0,0.0],"evs":[0.0,-5.80908]},"J5o":{"weight":0.0,"played":[1.0,0.0],"evs":[0.0,-5.01319]},"Q5o":{"weight":0.0,"played":[0.9999,1.0E-4],"evs":[0.0,-5.44386]},"K5o":{"weight":0.0,"played":[1.0,0.0],"evs":[0.0,-4.0668]},"A5o":{"weight":0.0,"played":[0.998,0.002],"evs":[0.0,-3.55558]},"62s":{"weight":0.0,"played":[0.9966,0.0034],"evs":[0.0,-3.9281]},"63s":{"weight":0.0,"played":[0.9964,0.0036],"evs":[0.0,-2.95103]},"64s":{"weight":0.0,"played":[1.0,0.0],"evs":[0.0,-2.59568]},"65s":{"weight":0.552,"played":[0.9996,4.0E-4],"evs":[0.0,-2.55954]},"66":{"weight":1.0,"played":[0.421,0.579],"evs":[0.0,-0.39764]},"76o":{"weight":0.0,"played":[0.9998,2.0E-4],"evs":[0.0,-3.84014]},"86o":{"weight":0.0,"played":[1.0,0.0],"evs":[0.0,-3.83018]},"96o":{"weight":0.0,"played":[1.0,0.0],"evs":[0.0,-5.06406]},"T6o":{"weight":0.0,"played":[0.9999,1.0E-4],"evs":[0.0,-4.57505]},"J6o":{"weight":0.0,"played":[1.0,0.0],"evs":[0.0,-4.77289]},"Q6o":{"weight":0.0,"played":[0.9999,1.0E-4],"evs":[0.0,-5.56873]},"K6o":{"weight":0.0,"played":[1.0,0.0],"evs":[0.0,-4.06556]},"A6o":{"weight":0.0,"played":[1.0,0.0],"evs":[0.0,-4.5577]},"72s":{"weight":0.0,"played":[0.9992,8.0E-4],"evs":[0.0,-5.07089]},"73s":{"weight":0.0,"played":[1.0,0.0],"evs":[0.0,-4.0287]},"74s":{"weight":0.0,"played":[0.9659,0.0341],"evs":[0.0,-2.52585]},"75s":{"weight":0.0,"played":[0.9973,0.0027],"evs":[0.0,-2.35602]},"76s":{"weight":0.3224,"played":[0.9989,0.0011],"evs":[0.0,-2.32464]},"77":{"weight":0.8093,"played":[1.0E-4,0.9999],"evs":[0.0,0.38526]},"87o":{"weight":0.0,"played":[0.9999,1.0E-4],"evs":[0.0,-3.76185]},"97o":{"weight":0.0,"played":[1.0,0.0],"evs":[0.0,-3.69655]},"T7o":{"weight":0.0,"played":[1.0,0.0],"evs":[0.0,-4.15741]},"J7o":{"weight":0.0,"played":[1.0,0.0],"evs":[0.0,-4.36438]},"Q7o":{"weight":0.0,"played":[1.0,0.0],"evs":[0.0,-5.51243]},"K7o":{"weight":0.0,"played":[1.0,0.0],"evs":[0.0,-4.23158]},"A7o":{"weight":0.0,"played":[0.9999,1.0E-4],"evs":[0.0,-3.89505]},"82s":{"weight":0.0,"played":[0.9997,3.0E-4],"evs":[0.0,-3.72666]},"83s":{"weight":0.0,"played":[0.9999,1.0E-4],"evs":[0.0,-3.82726]},"84s":{"weight":0.0,"played":[0.9999,1.0E-4],"evs":[0.0,-4.63254]},"85s":{"weight":0.0,"played":[0.9878,0.0122],"evs":[0.0,-2.33935]},"86s":{"weight":0.0,"played":[0.9831,0.0169],"evs":[0.0,-2.23885]},"87s":{"weight":0.3702,"played":[1.0,0.0],"evs":[0.0,-1.74078]},"88":{"weight":0.7199,"played":[2.0E-4,0.9998],"evs":[0.0,2.0943]},"98o":{"weight":0.0,"played":[0.9999,1.0E-4],"evs":[0.0,-3.36965]},"T8o":{"weight":0.0,"played":[0.9984,0.0016],"evs":[0.0,-3.41274]},"J8o":{"weight":0.0,"played":[1.0,0.0],"evs":[0.0,-3.87778]},"Q8o":{"weight":0.0,"played":[1.0,0.0],"evs":[0.0,-4.95377]},"K8o":{"weight":0.0,"played":[1.0,0.0],"evs":[0.0,-3.06702]},"A8o":{"weight":0.0,"played":[0.9998,2.0E-4],"evs":[0.0,-2.95093]},"92s":{"weight":0.0,"played":[0.9999,1.0E-4],"evs":[0.0,-4.96708]},"93s":{"weight":0.0,"played":[0.9999,1.0E-4],"evs":[0.0,-4.79057]},"94s":{"weight":0.0,"played":[0.999,0.001],"evs":[0.0,-3.75932]},"95s":{"weight":0.0,"played":[0.9995,5.0E-4],"evs":[0.0,-2.96584]},"96s":{"weight":0.0,"played":[0.9997,3.0E-4],"evs":[0.0,-2.01638]},"97s":{"weight":0.0,"played":[0.9958,0.0042],"evs":[0.0,-1.64311]},"98s":{"weight":0.9963,"played":[0.9825,0.0175],"evs":[0.0,-1.92889]},"99":{"weight":0.0,"played":[4.0E-4,0.9996],"evs":[0.0,4.51851]},"T9o":{"weight":0.0,"played":[0.9995,5.0E-4],"evs":[0.0,-2.99903]},"J9o":{"weight":0.0,"played":[1.0,0.0],"evs":[0.0,-3.28853]},"Q9o":{"weight":0.0,"played":[0.9995,5.0E-4],"evs":[0.0,-3.1501]},"K9o":{"weight":0.0,"played":[0.9999,1.0E-4],"evs":[0.0,-2.8255]},"A9o":{"weight":0.0,"played":[0.999,0.001],"evs":[0.0,-2.48595]},"T2s":{"weight":0.0,"played":[0.9999,1.0E-4],"evs":[0.0,-4.16746]},"T3s":{"weight":0.0,"played":[0.9993,7.0E-4],"evs":[0.0,-3.65268]},"T4s":{"weight":0.0,"played":[1.0,0.0],"evs":[0.0,-3.41883]},"T5s":{"weight":0.0,"played":[1.0,0.0],"evs":[0.0,-3.81183]},"T6s":{"weight":0.0,"played":[1.0,0.0],"evs":[0.0,-3.17905]},"T7s":{"weight":0.0,"played":[0.9775,0.0225],"evs":[0.0,-1.79439]},"T8s":{"weight":0.1952,"played":[0.9975,0.0025],"evs":[0.0,-2.31914]},"T9s":{"weight":1.0,"played":[0.9752,0.0248],"evs":[0.0,-1.3684]},"TT":{"weight":0.0,"played":[0.0,1.0],"evs":[0.0,5.53054]},"JTo":{"weight":0.0,"played":[0.9995,5.0E-4],"evs":[0.0,-2.40747]},"QTo":{"weight":0.0,"played":[0.9975,0.0025],"evs":[0.0,-2.71211]},"KTo":{"weight":0.0,"played":[0.9903,0.0097],"evs":[0.0,-2.23412]},"ATo":{"weight":1.0,"played":[0.9924,0.0076],"evs":[0.0,-1.48648]},"J2s":{"weight":0.0,"played":[1.0,0.0],"evs":[0.0,-3.05388]},"J3s":{"weight":0.0,"played":[0.9978,0.0022],"evs":[0.0,-4.1209]},"J4s":{"weight":0.0,"played":[1.0,0.0],"evs":[0.0,-2.31534]},"J5s":{"weight":0.0,"played":[0.9996,4.0E-4],"evs":[0.0,-3.56841]},"J6s":{"weight":0.0,"played":[0.9958,0.0042],"evs":[0.0,-2.16596]},"J7s":{"weight":0.0,"played":[0.9884,0.0116],"evs":[0.0,-2.77541]},"J8s":{"weight":0.0,"played":[0.9672,0.0328],"evs":[0.0,-1.91156]},"J9s":{"weight":0.9998,"played":[0.9033,0.0967],"evs":[0.0,-1.07462]},"JTs":{"weight":0.6753,"played":[0.902,0.098],"evs":[0.0,-1.1943]},"JJ":{"weight":1.0E-4,"played":[0.0,1.0],"evs":[0.0,7.69083]},"QJo":{"weight":0.0024,"played":[0.9999,1.0E-4],"evs":[0.0,-1.34873]},"KJo":{"weight":0.9343,"played":[0.9964,0.0036],"evs":[0.0,-1.58079]},"AJo":{"weight":1.0,"played":[0.6715,0.3285],"evs":[0.0,0.01108]},"Q2s":{"weight":0.0,"played":[0.9977,0.0023],"evs":[0.0,-3.86031]},"Q3s":{"weight":0.0,"played":[0.9976,0.0024],"evs":[0.0,-2.57706]},"Q4s":{"weight":0.0,"played":[1.0,0.0],"evs":[0.0,-3.40801]},"Q5s":{"weight":0.0,"played":[0.9956,0.0044],"evs":[0.0,-3.58829]},"Q6s":{"weight":0.0,"played":[0.9994,6.0E-4],"evs":[0.0,-5.08613]},"Q7s":{"weight":0.0,"played":[0.9707,0.0293],"evs":[0.0,-3.2015]},"Q8s":{"weight":0.0,"played":[0.9989,0.0011],"evs":[0.0,-2.17223]},"Q9s":{"weight":0.9961,"played":[0.9999,1.0E-4],"evs":[0.0,-2.44024]},"QTs":{"weight":0.7481,"played":[0.7066,0.2934],"evs":[0.0,-0.15655]},"QJs":{"weight":0.7397,"played":[0.7928,0.2072],"evs":[0.0,-0.97716]},"QQ":{"weight":1.0,"played":[0.0,1.0],"evs":[0.0,10.51921]},"KQo":{"weight":1.0,"played":[0.9697,0.0303],"evs":[0.0,-0.75882]},"AQo":{"weight":0.0844,"played":[3.0E-4,0.9997],"evs":[0.0,1.95665]},"K2s":{"weight":0.0,"played":[0.9835,0.0165],"evs":[0.0,-3.49231]},"K3s":{"weight":0.0,"played":[0.9994,6.0E-4],"evs":[0.0,-2.68962]},"K4s":{"weight":0.0,"played":[0.9873,0.0127],"evs":[0.0,-3.39198]},"K5s":{"weight":0.0,"played":[0.9567,0.0433],"evs":[0.0,-1.84734]},"K6s":{"weight":0.0,"played":[0.982,0.018],"evs":[0.0,-1.91418]},"K7s":{"weight":0.0,"played":[0.9908,0.0092],"evs":[0.0,-1.52344]},"K8s":{"weight":0.0,"played":[0.9521,0.0479],"evs":[0.0,-2.14685]},"K9s":{"weight":0.9995,"played":[1.0,0.0],"evs":[0.0,-1.05483]},"KTs":{"weight":0.8207,"played":[0.7375,0.2625],"evs":[0.0,-0.07078]},"KJs":{"weight":0.0098,"played":[0.6172,0.3828],"evs":[0.0,-0.18995]},"KQs":{"weight":0.5696,"played":[0.0353,0.9647],"evs":[0.0,1.23984]},"KK":{"weight":1.0,"played":[0.0,1.0],"evs":[0.0,14.61154]},"AKo":{"weight":0.0,"played":[0.0,1.0],"evs":[0.0,3.99379]},"A2s":{"weight":0.0,"played":[0.9994,6.0E-4],"evs":[0.0,-1.57514]},"A3s":{"weight":0.527,"played":[0.9989,0.0011],"evs":[0.0,-2.21962]},"A4s":{"weight":0.9947,"played":[0.9959,0.0041],"evs":[0.0,-2.74586]},"A5s":{"weight":0.2814,"played":[0.9717,0.0283],"evs":[0.0,-1.33587]},"A6s":{"weight":0.9462,"played":[0.9919,0.0081],"evs":[0.0,-1.86912]},"A7s":{"weight":0.9173,"played":[0.986,0.014],"evs":[0.0,-1.99956]},"A8s":{"weight":0.9239,"played":[1.0,0.0],"evs":[0.0,-1.20216]},"A9s":{"weight":1.0,"played":[0.9975,0.0025],"evs":[0.0,-1.80039]},"ATs":{"weight":1.0,"played":[0.4012,0.5988],"evs":[0.0,-0.01592]},"AJs":{"weight":1.0,"played":[0.0922,0.9078],"evs":[0.0,1.51426]},"AQs":{"weight":0.9999,"played":[0.0,1.0],"evs":[0.0,3.30556]},"AKs":{"weight":0.0016,"played":[0.0,1.0],"evs":[0.0,5.85071]},"AA":{"weight":1.0,"played":[0.0,1.0],"evs":[0.0,19.22318]}}}