{"player":0,"street":0,"children":2,"sequence":[{"player":0,"type":"R","amount":200000,"street":0},{"player":1,"type":"F","amount":0,"street":0},{"player":2,"type":"C","amount":200000,"street":0},{"player":3,"type":"F","amount":0,"street":0},{"player":4,"type":"C","amount":150000,"street":0},{"player":5,"type":"R","amount":1385000,"street":0},{"player":0,"type":"C","amount":1185000,"street":0},{"player":2,"type":"R","amount":2385000,"street":0},{"player":4,"type":"C","amount":1785000,"street":0}],"actions":[{"type":"F","amount":0},{"type":"C","amount":1000000}],"hands":{"22":{"weight":0.0,"played":[0.0667,0.9333],"evs":[0.0,7.95641]},"32o":{"weight":0.0,"played":[0.3077,0.6923],"evs":[0.0,0.83468]},"42o":{"weight":0.0,"played":[0.0065,0.9935],"evs":[0.0,1.53847]},"52o":{"weight":0.0,"played":[0.0054,0.9946],"evs":[0.0,3.7458]},"62o":{"weight":0.0,"played":[0.118,0.882],"evs":[0.0,3.45408]},"72o":{"weight":0.0,"played":[0.0958,0.9042],"evs":[0.0,1.13953]},"82o":{"weight":0.0,"played":[0.0025,0.9975],"evs":[0.0,2.32139]},"92o":{"weight":0.0,"played":[0.1578,0.8422],"evs":[0.0,1.63178]},"T2o":{"weight":0.0,"played":[0.2087,0.7913],"evs":[0.0,3.77382]},"J2o":{"weight":0.0,"played":[0.542,0.458],"evs":[0.0,3.72985]},"Q2o":{"weight":0.0,"played":[0.0248,0.9752],"evs":[0.0,1.98275]},"K2o":{"weight":0.0,"played":[0.0473,0.9527],"evs":[0.0,1.2649]},"A2o":{"weight":0.0,"played":[0.0137,0.9863],"evs":[0.0,4.19314]},"32s":{"weight":0.0,"played":[0.0231,0.9769],"evs":[0.0,4.83622]},"33":{"weight":0.0396,"played":[3.0E-4,0.9997],"evs":[0.0,8.9987]},"43o":{"weight":0.0,"played":[0.1043,0.8957],"evs":[0.0,3.13524]},"53o":{"weight":0.0,"played":[0.0293,0.9707],"evs":[0.0,6.49216]},"63o":{"weight":0.0,"played":[0.0484,0.9516],"evs":[0.0,2.39736]},"73o":{"weight":0.0,"played":[0.1181,0.8819],"evs":[0.0,2.23838]},"83o":{"weight":0.0,"played":[0.2194,0.7806],"evs":[0.0,2.59175]},"93o":{"weight":0.0,"played":[0.007,0.993],"evs":[0.0,5.10592]},"T3o":{"weight":0.0,"played":[0.0587,0.9413],"evs":[0.0,1.53779]},"J3o":{"weight":0.0,"played":[0.0065,0.9935],"evs":[0.0,5.3725]},"Q3o":{"weight":0.0,"played":[0.1119,0.8881],"evs":[0.0,1.83111]},"K3o":{"weight":0.0,"played":[0.1757,0.8243],"evs":[0.0,2.09683]},"A3o":{"weight":0.0,"played":[7.0E-4,0.9993],"evs":[0.0,3.73555]},"42s":{"weight":0.0,"played":[0.0515,0.9485],"evs":[0.0,3.5966]},"43s":{"weight":0.0,"played":[0.4382,0.5618],"evs":[0.0,5.87672]},"44":{"weight":0.1083,"played":[0.0021,0.9979],"evs":[0.0,5.48743]},"54o":{"weight":0.0,"played":[0.0011,0.9989],"evs":[0.0,8.09274]},"64o":{"weight":0.0,"played":[0.038,0.962],"evs":[0.0,2.6323]},"74o":{"weight":0.0,"played":[0.0014,0.9986],"evs":[0.0,4.57233]},"84o":{"weight":0.0,"played":[0.0411,0.9589],"evs":[0.0,1.92543]},"94o":{"weight":0.0,"played":[0.5555,0.4445],"evs":[0.0,3.13801]},"T4o":{"weight":0.0,"played":[0.003,0.997],"evs":[0.0,2.64885]},"J4o":{"weight":0.0,"played":[6.0E-4,0.9994],"evs":[0.0,2.61724]},"Q4o":{"weight":0.0,"played":[0.0666,0.9334],"evs":[0.0,1.01635]},"K4o":{"weight":0.0,"played":[0.3429,0.6571],"evs":[0.0,1.49353]},"A4o":{"weight":0.0,"played":[2.0E-4,0.9998],"evs":[0.0,5.319]},"52s":{"weight":0.0,"played":[0.1037,0.8963],"evs":[0.0,5.35865]},"53s":{"weight":0.0,"played":[3.0E-4,0.9997],"evs":[0.0,3.84908]},"54s":{"weight":0.0,"played":[0.1765,0.8235],"evs":[0.0,7.94608]},"55":{"weight":0.1643,"played":[0.002,0.998],"evs":[0.0,8.46262]},"65o":{"weight":0.0,"played":[0.0238,0.9762],"evs":[0.0,5.96374]},"75o":{"weight":0.0,"played":[0.0085,0.9915],"evs":[0.0,2.35534]},"85o":{"weight":0.0,"played":[0.0309,0.9691],"evs":[0.0,4.01737]},"95o":{"weight":0.0,"played":[0.034,0.966],"evs":[0.0,4.19087]},"T5o":{"weight":0.0,"played":[0.2213,0.7787],"evs":[0.0,2.28535]},"J5o":{"weight":0.0,"played":[0.0805,0.9195],"evs":[0.0,1.15757]},"Q5o":{"weight":0.0,"played":[0.4163,0.5837],"evs":[0.0,0.93181]},"K5o":{"weight":0.0,"played":[0.0164,0.9836],"evs":[0.0,2.51046]},"A5o":{"weight":0.0,"played":[0.0043,0.9957],"evs":[0.0,6.33088]},"62s":{"weight":0.0,"played":[0.0154,0.9846],"evs":[0.0,8.71425]},"63s":{"weight":0.0,"played":[0.3111,0.6889],"evs":[0.0,2.80025]},"64s":{"weight":0.0,"played":[5.0E-4,0.9995],"evs":[0.0,6.36008]},"65s":{"weight":0.0,"played":[0.1637,0.8363],"evs":[0.0,2.71748]},"66":{"weight":0.8729,"played":[3.0E-4,0.9997],"evs":[0.0,11.95307]},"76o":{"weight":0.0,"played":[0.0077,0.9923],"evs":[0.0,6.73184]},"86o":{"weight":0.0,"played":[0.0209,0.9791],"evs":[0.0,4.61244]},"96o":{"weight":0.0,"played":[0.0143,0.9857],"evs":[0.0,3.58255]},"T6o":{"weight":0.0,"played":[0.0383,0.9617],"evs":[0.0,4.52149]},"J6o":{"weight":0.0,"played":[0.1412,0.8588],"evs":[0.0,3.74211]},"Q6o":{"weight":0.0,"played":[0.014,0.986],"evs":[0.0,5.2726]},"K6o":{"weight":0.0,"played":[0.0474,0.9526],"evs":[0.0,5.51889]},"A6o":{"weight":0.0,"played":[0.0309,0.9691],"evs":[0.0,1.92367]},"72s":{"weight":0.0,"played":[0.0,1.0],"evs":[0.0,5.34903]},"73s":{"weight":0.0,"played":[0.0084,0.9916],"evs":[0.0,9.2384]},"74s":{"weight":0.0,"played":[0.0104,0.9896],"evs":[0.0,4.30197]},"75s":{"weight":0.0,"played":[0.1155,0.8845],"evs":[0.0,8.07985]},"76s":{"weight":0.0692,"played":[0.1816,0.8184],"evs":[0.0,6.08692]},"77":{"weight":0.5525,"played":[0.0025,0.9975],"evs":[0.0,9.39142]},"87o":{"weight":0.0,"played":[0.0,1.0],"evs":[0.0,7.40202]},"97o":{"weight":0.0,"played":[1.0E-4,0.9999],"evs":[0.0,4.28921]},"T7o":{"weight":0.0,"played":[0.0025,0.9975],"evs":[0.0,4.24564]},"J7o":{"weight":0.0,"played":[0.0824,0.9176],"evs":[0.0,4.18472]},"Q7o":{"weight":0.0,"played":[0.0049,0.9951],"evs":[0.0,4.58449]},"K7o":{"weight":0.0,"played":[7.0E-4,0.9993],"evs":[0.0,2.54986]},"A7o":{"weight":0.0,"played":[2.0E-4,0.9998],"evs":[0.0,5.41384]},"82s":{"weight":0.0,"played":[0.0683,0.9317],"evs":[0.0,6.5412]},"83s":{"weight":0.0,"played":[0.0386,0.9614],"evs":[0.0,3.95126]},"84s":{"weight":0.0,"played":[0.4963,0.5037],"evs":[0.0,4.29043]},"85s":{"weight":0.0,"played":[0.0184,0.9816],"evs":[0.0,10.28352]},"86s":{"weight":0.0,"played":[0.008,0.992],"evs":[0.0,7.55327]},"87s":{"weight":0.34,"played":[0.0072,0.9928],"evs":[0.0,7.75989]},"88":{"weight":0.436,"played":[0.0014,0.9986],"evs":[0.0,11.87466]},"98o":{"weight":0.0,"played":[0.0161,0.9839],"evs":[0.0,8.09009]},"T8o":{"weight":0.0,"played":[7.0E-4,0.9993],"evs":[0.0,5.98338]},"J8o":{"weight":0.0,"played":[0.008,0.992],"evs":[0.0,5.07604]},"Q8o":{"weight":0.0,"played":[4.0E-4,0.9996],"evs":[0.0,6.26333]},"K8o":{"weight":0.0,"played":[0.0049,0.9951],"evs":[0.0,4.02853]},"A8o":{"weight":3.0E-4,"played":[0.0014,0.9986],"evs":[0.0,4.365]},"92s":{"weight":0.0,"played":[0.0119,0.9881],"evs":[0.0,7.04761]},"93s":{"weight":0.0,"played":[0.012,0.988],"evs":[0.0,10.19016]},"94s":{"weight":0.0,"played":[0.003,0.997],"evs":[0.0,7.24249]},"95s":{"weight":0.0,"played":[0.0017,0.9983],"evs":[0.0,6.6317]},"96s":{"weight":0.0,"played":[0.3796,0.6204],"evs":[0.0,3.27828]},"97s":{"weight":0.0081,"played":[0.0176,0.9824],"evs":[0.0,1.3239]},"98s":{"weight":0.3566,"played":[0.0016,0.9984],"evs":[0.0,6.17229]},"99":{"weight":0.5461,"played":[4.0E-4,0.9996],"evs":[0.0,12.69555]},"T9o":{"weight":0.0,"played":[2.0E-4,0.9998],"evs":[0.0,7.81582]},"J9o":{"weight":0.0,"played":[0.0042,0.9958],"evs":[0.0,7.62382]},"Q9o":{"weight":0.0,"played":[0.0025,0.9975],"evs":[0.0,6.66122]},"K9o":{"weight":0.0,"played":[0.0501,0.9499],"evs":[0.0,9.39475]},"A9o":{"weight":0.0013,"played":[2.0E-4,0.9998],"evs":[0.0,7.39814]},"T2s":{"weight":0.0,"played":[0.0393,0.9607],"evs":[0.0,5.18279]},"T3s":{"weight":0.0,"played":[0.4974,0.5026],"evs":[0.0,6.57239]},"T4s":{"weight":0.0,"played":[0.0077,0.9923],"evs":[0.0,7.49578]},"T5s":{"weight":0.0,"played":[0.0129,0.9871],"evs":[0.0,5.79082]},"T6s":{"weight":0.0,"played":[0.0259,0.9741],"evs":[0.0,6.28104]},"T7s":{"weight":0.0,"played":[0.0027,0.9973],"evs":[0.0,12.72244]},"T8s":{"weight":7.0E-4,"played":[0.0048,0.9952],"evs":[0.0,5.73087]},"T9s":{"weight":0.6275,"played":[0.0057,0.9943],"evs":[0.0,6.4108]},"TT":{"weight":0.5628,"played":[0.0166,0.9834],"evs":[0.0,17.36417]},"JTo":{"weight":0.0,"played":[0.0071,0.9929],"evs":[0.0,4.08048]},"QTo":{"weight":0.0,"played":[0.0025,0.9975],"evs":[0.0,5.96251]},"KTo":{"weight":9.0E-4,"played":[0.0129,0.9871],"evs":[0.0,6.1204]},"ATo":{"weight":0.1193,"played":[0.0026,0.9974],"evs":[0.0,6.14392]},"J2s":{"weight":0.0,"played":[0.1811,0.8189],"evs":[0.0,7.88604]},"J3s":{"weight":0.0,"played":[0.4376,0.5624],"evs":[0.0,4.00913]},"J4s":{"weight":0.0,"played":[0.1068,0.8932],"evs":[0.0,3.59694]},"J5s":{"weight":0.0,"played":[0.0127,0.9873],"evs":[0.0,17.16686]},"J6s":{"weight":0.0,"played":[0.1131,0.8869],"evs":[0.0,8.23879]},"J7s":{"weight":0.0,"played":[0.098,0.902],"evs":[0.0,8.27859]},"J8s":{"weight":0.0329,"played":[0.0317,0.9683],"evs":[0.0,5.80655]},"J9s":{"weight":0.2225,"played":[0.0014,0.9986],"evs":[0.0,8.09228]},"JTs":{"weight":0.018,"played":[2.0E-4,0.9998],"evs":[0.0,5.86494]},"JJ":{"weight":0.3541,"played":[2.0E-4,0.9998],"evs":[0.0,19.2328]},"QJo":{"weight":4.0E-4,"played":[0.0022,0.9978],"evs":[0.0,5.28206]},"KJo":{"weight":0.0357,"played":[0.0,1.0],"evs":[0.0,6.34844]},"AJo":{"weight":0.3816,"played":[7.0E-4,0.9993],"evs":[0.0,7.9894]},"Q2s":{"weight":0.0,"played":[0.2831,0.7169],"evs":[0.0,-1.26354]},"Q3s":{"weight":0.0,"played":[0.0583,0.9417],"evs":[0.0,1.28252]},"Q4s":{"weight":0.0,"played":[0.0965,0.9035],"evs":[0.0,3.94093]},"Q5s":{"weight":0.0,"played":[0.0106,0.9894],"evs":[0.0,5.96298]},"Q6s":{"weight":0.0,"played":[0.0345,0.9655],"evs":[0.0,12.06774]},"Q7s":{"weight":0.0,"played":[0.01,0.99],"evs":[0.0,5.91539]},"Q8s":{"weight":0.0179,"played":[0.025,0.975],"evs":[0.0,7.54733]},"Q9s":{"weight":0.8308,"played":[0.0011,0.9989],"evs":[0.0,9.73518]},"QTs":{"weight":0.1748,"played":[0.0034,0.9966],"evs":[0.0,3.93053]},"QJs":{"weight":0.7887,"played":[0.0462,0.9538],"evs":[0.0,4.97738]},"QQ":{"weight":0.6926,"played":[4.0E-4,0.9996],"evs":[0.0,21.52758]},"KQo":{"weight":0.6099,"played":[0.0,1.0],"evs":[0.0,6.47997]},"AQo":{"weight":0.7793,"played":[0.0029,0.9971],"evs":[0.0,12.35269]},"K2s":{"weight":0.0,"played":[0.0,1.0],"evs":[0.0,8.46415]},"K3s":{"weight":0.0,"played":[0.0025,0.9975],"evs":[0.0,7.57251]},"K4s":{"weight":0.0,"played":[0.9915,0.0085],"evs":[0.0,-0.97726]},"K5s":{"weight":0.0,"played":[0.0333,0.9667],"evs":[0.0,14.04644]},"K6s":{"weight":0.0241,"played":[0.0034,0.9966],"evs":[0.0,5.22605]},"K7s":{"weight":0.0049,"played":[0.0348,0.9652],"evs":[0.0,8.18091]},"K8s":{"weight":0.4369,"played":[0.0127,0.9873],"evs":[0.0,7.77086]},"K9s":{"weight":0.8073,"played":[0.0075,0.9925],"evs":[0.0,8.8956]},"KTs":{"weight":0.5692,"played":[7.0E-4,0.9993],"evs":[0.0,7.14908]},"KJs":{"weight":0.0437,"played":[5.0E-4,0.9995],"evs":[0.0,9.87557]},"KQs":{"weight":0.2596,"played":[0.0012,0.9988],"evs":[0.0,10.08803]},"KK":{"weight":0.5803,"played":[0.0,1.0],"evs":[0.0,26.41519]},"AKo":{"weight":0.2679,"played":[1.0E-4,0.9999],"evs":[0.0,13.11674]},"A2s":{"weight":0.0186,"played":[0.0062,0.9938],"evs":[0.0,8.46524]},"A3s":{"weight":0.0033,"played":[0.0013,0.9987],"evs":[0.0,7.12541]},"A4s":{"weight":0.009,"played":[3.0E-4,0.9997],"evs":[0.0,9.48246]},"A5s":{"weight":0.0052,"played":[0.0039,0.9961],"evs":[0.0,5.43235]},"A6s":{"weight":0.0047,"played":[2.0E-4,0.9998],"evs":[0.0,5.45633]},"A7s":{"weight":0.0716,"played":[0.0031,0.9969],"evs":[0.0,11.22737]},"A8s":{"weight":0.438,"played":[0.0016,0.9984],"evs":[0.0,7.08131]},"A9s":{"weight":0.5975,"played":[0.0065,0.9935],"evs":[0.0,11.76678]},"ATs":{"weight":0.5723,"played":[0.449,0.551],"evs":[0.0,5.50967]},"AJs":{"weight":0.2557,"played":[0.0013,0.9987],"evs":[0.0,11.00032]},"AQs":{"weight":0.1026,"played":[1.0E-4,0.9999],"evs":[0.0,8.31283]},"AKs":{"weight":0.7519,"played":[0.0,1.0],"evs":[0.0,13.0509]},"AA":{"weight":0.3432,"played":[0.0,1.0],"evs":[0.0,29.46538]}}}