{"player":2,"street":0,"children":2,"sequence":[{"player":0,"type":"R","amount":200000,"street":0},{"player":1,"type":"F","amount":0,"street":0},{"player":2,"type":"C","amount":200000,"street":0},{"player":3,"type":"F","amount":0,"street":0},{"player":4,"type":"C","amount":150000,"street":0},{"player":5,"type":"R","amount":1385000,"street":0},{"player":0,"type":"R","amount":2385000,"street":0}],"actions":[{"type":"F","amount":0,"node":346},{"type":"C","amount":2185000,"node":347}],"hands":{"22":{"weight":0.0,"played":[0.9993,7.0E-4],"evs":[0.0,-1.69426]},"32o":{"weight":0.0,"played":[1.0,0.0],"evs":[0.0,-5.78811]},"42o":{"weight":0.0,"played":[1.0,0.0],"evs":[0.0,-6.05565]},"52o":{"weight":0.0,"played":[1.0,0.0],"evs":[0.0,-5.81462]},"62o":{"weight":0.0,"played":[1.0,0.0],"evs":[0.0,-5.72675]},"72o":{"weight":0.0,"played":[1.0,0.0],"evs":[0.0,-6.51048]},"82o":{"weight":0.0,"played":[1.0,0.0],"evs":[0.0,-6.15495]},"92o":{"weight":0.0,"played":[1.0,0.0],"evs":[0.0,-5.48463]},"T2o":{"weight":0.0,"played":[1.0,0.0],"evs":[0.0,-5.9171]},"J2o":{"weight":0.0,"played":[1.0,0.0],"evs":[0.0,-5.9628]},"Q2o":{"weight":0.0,"played":[1.0,0.0],"evs":[0.0,-4.61713]},"K2o":{"weight":0.0,"played":[1.0,0.0],"evs":[0.0,-4.44681]},"A2o":{"weight":0.0,"played":[0.9999,1.0E-4],"evs":[0.0,-4.0563]},"32s":{"weight":0.0,"played":[0.9963,0.0037],"evs":[0.0,-4.27738]},"33":{"weight":0.0722,"played":[0.9384,0.0616],"evs":[0.0,-1.34161]},"43o":{"weight":0.0,"played":[0.9999,1.0E-4],"evs":[0.0,-5.06367]},"53o":{"weight":0.0,"played":[1.0,0.0],"evs":[0.0,-4.63766]},"63o":{"weight":0.0,"played":[1.0,0.0],"evs":[0.0,-5.29171]},"73o":{"weight":0.0,"played":[1.0,0.0],"evs":[0.0,-5.50374]},"83o":{"weight":0.0,"played":[1.0,0.0],"evs":[0.0,-5.99402]},"93o":{"weight":0.0,"played":[1.0,0.0],"evs":[0.0,-5.85942]},"T3o":{"weight":0.0,"played":[1.0,0.0],"evs":[0.0,-5.99847]},"J3o":{"weight":0.0,"played":[1.0,0.0],"evs":[0.0,-5.3271]},"Q3o":{"weight":0.0,"played":[1.0,0.0],"evs":[0.0,-5.03174]},"K3o":{"weight":0.0,"played":[1.0,0.0],"evs":[0.0,-4.64846]},"A3o":{"weight":0.0,"played":[1.0,0.0],"evs":[0.0,-4.16248]},"42s":{"weight":0.0,"played":[1.0,0.0],"evs":[0.0,-3.7923]},"43s":{"weight":0.0,"played":[1.0,0.0],"evs":[0.0,-4.46074]},"44":{"weight":0.9999,"played":[0.9851,0.0149],"evs":[0.0,-1.24051]},"54o":{"weight":0.0,"played":[1.0,0.0],"evs":[0.0,-3.90799]},"64o":{"weight":0.0,"played":[1.0,0.0],"evs":[0.0,-4.54531]},"74o":{"weight":0.0,"played":[1.0,0.0],"evs":[0.0,-4.46902]},"84o":{"weight":0.0,"played":[1.0,0.0],"evs":[0.0,-5.19611]},"94o":{"weight":0.0,"played":[1.0,0.0],"evs":[0.0,-5.48106]},"T4o":{"weight":0.0,"played":[1.0,0.0],"evs":[0.0,-5.49239]},"J4o":{"weight":0.0,"played":[0.9998,2.0E-4],"evs":[0.0,-5.42562]},"Q4o":{"weight":0.0,"played":[1.0,0.0],"evs":[0.0,-4.55674]},"K4o":{"weight":0.0,"played":[0.9999,1.0E-4],"evs":[0.0,-4.3336]},"A4o":{"weight":0.0,"played":[0.9999,1.0E-4],"evs":[0.0,-3.99317]},"52s":{"weight":0.0,"played":[0.9991,9.0E-4],"evs":[0.0,-3.68782]},"53s":{"weight":0.0,"played":[0.9998,2.0E-4],"evs":[0.0,-3.74572]},"54s":{"weight":0.0,"played":[0.9968,0.0032],"evs":[0.0,-3.04414]},"55":{"weight":1.0,"played":[0.8517,0.1483],"evs":[0.0,-0.56054]},"65o":{"weight":0.0,"played":[0.9999,1.0E-4],"evs":[0.0,-3.72971]},"75o":{"weight":0.0,"played":[1.0,0.0],"evs":[0.0,-3.84654]},"85o":{"weight":0.0,"played":[0.9998,2.0E-4],"evs":[0.0,-4.55155]},"95o":{"weight":0.0,"played":[1.0,0.0],"evs":[0.0,-4.91028]},"T5o":{"weight":0.0,"played":[1.0,0.0],"evs":[0.0,-5.65178]},"J5o":{"weight":0.0,"played":[1.0,0.0],"evs":[0.0,-4.75953]},"Q5o":{"weight":0.0,"played":[1.0,0.0],"evs":[0.0,-4.22146]},"K5o":{"weight":0.0,"played":[0.9999,1.0E-4],"evs":[0.0,-3.8786]},"A5o":{"weight":0.0,"played":[1.0,0.0],"evs":[0.0,-4.0282]},"62s":{"weight":0.0,"played":[0.9996,4.0E-4],"evs":[0.0,-4.19872]},"63s":{"weight":0.0,"played":[0.9973,0.0027],"evs":[0.0,-3.98848]},"64s":{"weight":0.0,"played":[0.9933,0.0067],"evs":[0.0,-2.81254]},"65s":{"weight":0.552,"played":[0.9987,0.0013],"evs":[0.0,-3.19906]},"66":{"weight":1.0,"played":[0.2155,0.7845],"evs":[0.0,0.20318]},"76o":{"weight":0.0,"played":[0.9998,2.0E-4],"evs":[0.0,-3.77537]},"86o":{"weight":0.0,"played":[1.0,0.0],"evs":[0.0,-3.98036]},"96o":{"weight":0.0,"played":[1.0,0.0],"evs":[0.0,-4.15113]},"T6o":{"weight":0.0,"played":[1.0,0.0],"evs":[0.0,-4.64488]},"J6o":{"weight":0.0,"played":[0.9999,1.0E-4],"evs":[0.0,-4.97808]},"Q6o":{"weight":0.0,"played":[0.9999,1.0E-4],"evs":[0.0,-4.20465]},"K6o":{"weight":0.0,"played":[0.9999,1.0E-4],"evs":[0.0,-4.05809]},"A6o":{"weight":0.0,"played":[1.0,0.0],"evs":[0.0,-4.12366]},"72s":{"weight":0.0,"played":[0.9998,2.0E-4],"evs":[0.0,-4.2235]},"73s":{"weight":0.0,"played":[0.9994,6.0E-4],"evs":[0.0,-3.21562]},"74s":{"weight":0.0,"played":[1.0,0.0],"evs":[0.0,-2.76808]},"75s":{"weight":0.0,"played":[0.9996,4.0E-4],"evs":[0.0,-2.64142]},"76s":{"weight":0.3224,"played":[0.9986,0.0014],"evs":[0.0,-2.07566]},"77":{"weight":0.8093,"played":[2.0E-4,0.9998],"evs":[0.0,1.6486]},"87o":{"weight":0.0,"played":[1.0,0.0],"evs":[0.0,-3.44046]},"97o":{"weight":0.0,"played":[0.9998,2.0E-4],"evs":[0.0,-3.13692]},"T7o":{"weight":0.0,"played":[1.0,0.0],"evs":[0.0,-4.50424]},"J7o":{"weight":0.0,"played":[1.0,0.0],"evs":[0.0,-4.48417]},"Q7o":{"weight":0.0,"played":[1.0,0.0],"evs":[0.0,-3.87559]},"K7o":{"weight":0.0,"played":[0.9999,1.0E-4],"evs":[0.0,-3.27055]},"A7o":{"weight":0.0,"played":[1.0,0.0],"evs":[0.0,-3.88176]},"82s":{"weight":0.0,"played":[0.9999,1.0E-4],"evs":[0.0,-4.21662]},"83s":{"weight":0.0,"played":[1.0,0.0],"evs":[0.0,-3.90175]},"84s":{"weight":0.0,"played":[0.9999,1.0E-4],"evs":[0.0,-3.94966]},"85s":{"weight":0.0,"played":[0.9999,1.0E-4],"evs":[0.0,-2.63565]},"86s":{"weight":0.0,"played":[0.9986,0.0014],"evs":[0.0,-2.22553]},"87s":{"weight":0.3702,"played":[0.9995,5.0E-4],"evs":[0.0,-2.17375]},"88":{"weight":0.7199,"played":[1.0E-4,0.9999],"evs":[0.0,2.41677]},"98o":{"weight":0.0,"played":[1.0,0.0],"evs":[0.0,-3.2795]},"T8o":{"weight":0.0,"played":[1.0,0.0],"evs":[0.0,-3.32273]},"J8o":{"weight":0.0,"played":[1.0,0.0],"evs":[0.0,-3.00726]},"Q8o":{"weight":0.0,"played":[1.0,0.0],"evs":[0.0,-3.3382]},"K8o":{"weight":0.0,"played":[0.9998,2.0E-4],"evs":[0.0,-3.55324]},"A8o":{"weight":0.0,"played":[1.0,0.0],"evs":[0.0,-3.14928]},"92s":{"weight":0.0,"played":[0.9987,0.0013],"evs":[0.0,-4.58731]},"93s":{"weight":0.0,"played":[1.0,0.0],"evs":[0.0,-4.37823]},"94s":{"weight":0.0,"played":[0.9991,9.0E-4],"evs":[0.0,-3.3594]},"95s":{"weight":0.0,"played":[0.9999,1.0E-4],"evs":[0.0,-3.11938]},"96s":{"weight":0.0,"played":[0.9803,0.0197],"evs":[0.0,-2.42842]},"97s":{"weight":0.0,"played":[0.996,0.004],"evs":[0.0,-1.76097]},"98s":{"weight":0.9963,"played":[0.9988,0.0012],"evs":[0.0,-1.1099]},"99":{"weight":0.0,"played":[1.0E-4,0.9999],"evs":[0.0,4.0269]},"T9o":{"weight":0.0,"played":[0.9964,0.0036],"evs":[0.0,-2.18913]},"J9o":{"weight":0.0,"played":[1.0,0.0],"evs":[0.0,-2.80521]},"Q9o":{"weight":0.0,"played":[0.9999,1.0E-4],"evs":[0.0,-2.48548]},"K9o":{"weight":0.0,"played":[0.9998,2.0E-4],"evs":[0.0,-3.06457]},"A9o":{"weight":0.0,"played":[1.0,0.0],"evs":[0.0,-2.90694]},"T2s":{"weight":0.0,"played":[0.9999,1.0E-4],"evs":[0.0,-3.90046]},"T3s":{"weight":0.0,"played":[0.9981,0.0019],"evs":[0.0,-3.28712]},"T4s":{"weight":0.0,"played":[0.9998,2.0E-4],"evs":[0.0,-3.29448]},"T5s":{"weight":0.0,"played":[0.9993,7.0E-4],"evs":[0.0,-3.93876]},"T6s":{"weight":0.0,"played":[0.9998,2.0E-4],"evs":[0.0,-3.02428]},"T7s":{"weight":0.0,"played":[0.9983,0.0017],"evs":[0.0,-2.44465]},"T8s":{"weight":0.1952,"played":[0.9981,0.0019],"evs":[0.0,-1.63097]},"T9s":{"weight":1.0,"played":[0.999,0.001],"evs":[0.0,-1.48281]},"TT":{"weight":0.0,"played":[0.0,1.0],"evs":[0.0,5.4098]},"JTo":{"weight":0.0,"played":[1.0,0.0],"evs":[0.0,-2.10587]},"QTo":{"weight":0.0,"played":[0.9984,0.0016],"evs":[0.0,-2.57686]},"KTo":{"weight":0.0,"played":[0.9999,1.0E-4],"evs":[0.0,-2.13916]},"ATo":{"weight":1.0,"played":[0.9958,0.0042],"evs":[0.0,-1.90999]},"J2s":{"weight":0.0,"played":[0.9999,1.0E-4],"evs":[0.0,-3.84712]},"J3s":{"weight":0.0,"played":[1.0,0.0],"evs":[0.0,-2.76525]},"J4s":{"weight":0.0,"played":[0.9987,0.0013],"evs":[0.0,-4.47305]},"J5s":{"weight":0.0,"played":[0.9996,4.0E-4],"evs":[0.0,-3.0337]},"J6s":{"weight":0.0,"played":[0.9994,6.0E-4],"evs":[0.0,-3.04717]},"J7s":{"weight":0.0,"played":[0.9887,0.0113],"evs":[0.0,-2.44224]},"J8s":{"weight":0.0,"played":[0.9944,0.0056],"evs":[0.0,-1.98661]},"J9s":{"weight":0.9998,"played":[0.9977,0.0023],"evs":[0.0,-1.0651]},"JTs":{"weight":0.6753,"played":[0.9486,0.0514],"evs":[0.0,-0.9534]},"JJ":{"weight":1.0E-4,"played":[0.0,1.0],"evs":[0.0,8.20038]},"QJo":{"weight":0.0024,"played":[0.9904,0.0096],"evs":[0.0,-1.51989]},"KJo":{"weight":0.9343,"played":[0.9997,3.0E-4],"evs":[0.0,-1.66729]},"AJo":{"weight":1.0,"played":[0.7252,0.2748],"evs":[0.0,-0.17469]},"Q2s":{"weight":0.0,"played":[0.9983,0.0017],"evs":[0.0,-2.94388]},"Q3s":{"weight":0.0,"played":[0.9973,0.0027],"evs":[0.0,-3.62842]},"Q4s":{"weight":0.0,"played":[0.9966,0.0034],"evs":[0.0,-3.61498]},"Q5s":{"weight":0.0,"played":[0.9996,4.0E-4],"evs":[0.0,-2.04687]},"Q6s":{"weight":0.0,"played":[1.0,0.0],"evs":[0.0,-2.79164]},"Q7s":{"weight":0.0,"played":[0.9984,0.0016],"evs":[0.0,-1.78977]},"Q8s":{"weight":0.0,"played":[0.9991,9.0E-4],"evs":[0.0,-1.94512]},"Q9s":{"weight":0.9961,"played":[0.9652,0.0348],"evs":[0.0,-0.97312]},"QTs":{"weight":0.7481,"played":[0.9523,0.0477],"evs":[0.0,-0.9862]},"QJs":{"weight":0.7397,"played":[0.7165,0.2835],"evs":[0.0,-1.22194]},"QQ":{"weight":1.0,"played":[0.0,1.0],"evs":[0.0,11.05543]},"KQo":{"weight":1.0,"played":[0.9183,0.0817],"evs":[0.0,-0.40323]},"AQo":{"weight":0.0844,"played":[0.0,1.0],"evs":[0.0,1.71657]},"K2s":{"weight":0.0,"played":[1.0,0.0],"evs":[0.0,-2.08943]},"K3s":{"weight":0.0,"played":[1.0,0.0],"evs":[0.0,-2.19957]},"K4s":{"weight":0.0,"played":[0.9947,0.0053],"evs":[0.0,-2.67766]},"K5s":{"weight":0.0,"played":[0.9999,1.0E-4],"evs":[0.0,-2.71234]},"K6s":{"weight":0.0,"played":[0.9953,0.0047],"evs":[0.0,-1.55425]},"K7s":{"weight":0.0,"played":[1.0,0.0],"evs":[0.0,-1.80616]},"K8s":{"weight":0.0,"played":[1.0,0.0],"evs":[0.0,-1.47258]},"K9s":{"weight":0.9995,"played":[0.9006,0.0994],"evs":[0.0,-1.0536]},"KTs":{"weight":0.8207,"played":[0.0518,0.9482],"evs":[0.0,0.16533]},"KJs":{"weight":0.0098,"played":[0.619,0.381],"evs":[0.0,0.09512]},"KQs":{"weight":0.5696,"played":[7.0E-4,0.9993],"evs":[0.0,1.19882]},"KK":{"weight":1.0,"played":[0.0,1.0],"evs":[0.0,14.04747]},"AKo":{"weight":0.0,"played":[0.0,1.0],"evs":[0.0,3.63308]},"A2s":{"weight":0.0,"played":[0.9998,2.0E-4],"evs":[0.0,-2.17793]},"A3s":{"weight":0.527,"played":[0.9919,0.0081],"evs":[0.0,-1.9029]},"A4s":{"weight":0.9947,"played":[0.9997,3.0E-4],"evs":[0.0,-3.27681]},"A5s":{"weight":0.2814,"played":[0.9985,0.0015],"evs":[0.0,-1.50066]},"A6s":{"weight":0.9462,"played":[0.996,0.004],"evs":[0.0,-2.33208]},"A7s":{"weight":0.9173,"played":[0.9737,0.0263],"evs":[0.0,-1.61773]},"A8s":{"weight":0.9239,"played":[0.9173,0.0827],"evs":[0.0,-1.03007]},"A9s":{"weight":1.0,"played":[0.9627,0.0373],"evs":[0.0,-0.60967]},"ATs":{"weight":1.0,"played":[0.3677,0.6323],"evs":[0.0,0.05562]},"AJs":{"weight":1.0,"played":[0.0096,0.9904],"evs":[0.0,1.50816]},"AQs":{"weight":0.9999,"played":[0.0,1.0],"evs":[0.0,2.62798]},"AKs":{"weight":0.0016,"played":[0.0011,0.9989],"evs":[0.0,4.77194]},"AA":{"weight":1.0,"played":[0.0,1.0],"evs":[0.0,18.66743]}}}