{"player":4,"street":0,"children":2,"sequence":[{"player":0,"type":"R","amount":200000,"street":0},{"player":1,"type":"F","amount":0,"street":0},{"player":2,"type":"C","amount":200000,"street":0},{"player":3,"type":"C","amount":200000,"street":0}],"actions":[{"type":"F","amount":0,"node":358},{"type":"R","amount":1985000,"node":375}],"hands":{"22":{"weight":1.0,"played":[1.0,0.0],"evs":[0.0,-1.19305]},"32o":{"weight":1.0,"played":[1.0,0.0],"evs":[0.0,-3.70227]},"42o":{"weight":1.0,"played":[1.0,0.0],"evs":[0.0,-3.56961]},"52o":{"weight":1.0,"played":[1.0,0.0],"evs":[0.0,-3.42365]},"62o":{"weight":1.0,"played":[1.0,0.0],"evs":[0.0,-3.43854]},"72o":{"weight":1.0,"played":[1.0,0.0],"evs":[0.0,-3.53256]},"82o":{"weight":1.0,"played":[1.0,0.0],"evs":[0.0,-3.33425]},"92o":{"weight":1.0,"played":[1.0,0.0],"evs":[0.0,-3.17601]},"T2o":{"weight":1.0,"played":[1.0,0.0],"evs":[0.0,-3.22149]},"J2o":{"weight":1.0,"played":[1.0,0.0],"evs":[0.0,-3.30901]},"Q2o":{"weight":1.0,"played":[1.0,0.0],"evs":[0.0,-2.90531]},"K2o":{"weight":1.0,"played":[1.0,0.0],"evs":[0.0,-2.51129]},"A2o":{"weight":1.0,"played":[1.0,0.0],"evs":[0.0,-2.01035]},"32s":{"weight":1.0,"played":[1.0,0.0],"evs":[0.0,-2.7074]},"33":{"weight":1.0,"played":[1.0,0.0],"evs":[0.0,-0.85959]},"43o":{"weight":1.0,"played":[1.0,0.0],"evs":[0.0,-3.10091]},"53o":{"weight":1.0,"played":[1.0,0.0],"evs":[0.0,-2.98158]},"63o":{"weight":1.0,"played":[1.0,0.0],"evs":[0.0,-3.11689]},"73o":{"weight":1.0,"played":[1.0,0.0],"evs":[0.0,-3.02516]},"83o":{"weight":1.0,"played":[1.0,0.0],"evs":[0.0,-3.18062]},"93o":{"weight":1.0,"played":[1.0,0.0],"evs":[0.0,-3.02859]},"T3o":{"weight":1.0,"played":[1.0,0.0],"evs":[0.0,-3.07026]},"J3o":{"weight":1.0,"played":[1.0,0.0],"evs":[0.0,-3.02198]},"Q3o":{"weight":1.0,"played":[1.0,0.0],"evs":[0.0,-2.80055]},"K3o":{"weight":1.0,"played":[1.0,0.0],"evs":[0.0,-2.36479]},"A3o":{"weight":1.0,"played":[1.0,0.0],"evs":[0.0,-1.94637]},"42s":{"weight":1.0,"played":[1.0,0.0],"evs":[0.0,-2.6787]},"43s":{"weight":1.0,"played":[1.0,0.0],"evs":[0.0,-2.19197]},"44":{"weight":1.0,"played":[1.0,0.0],"evs":[0.0,-0.49438]},"54o":{"weight":1.0,"played":[1.0,0.0],"evs":[0.0,-2.56004]},"64o":{"weight":1.0,"played":[1.0,0.0],"evs":[0.0,-2.70423]},"74o":{"weight":1.0,"played":[1.0,0.0],"evs":[0.0,-2.73481]},"84o":{"weight":1.0,"played":[1.0,0.0],"evs":[0.0,-2.91483]},"94o":{"weight":1.0,"played":[1.0,0.0],"evs":[0.0,-3.11105]},"T4o":{"weight":1.0,"played":[1.0,0.0],"evs":[0.0,-3.05028]},"J4o":{"weight":1.0,"played":[1.0,0.0],"evs":[0.0,-3.05133]},"Q4o":{"weight":1.0,"played":[1.0,0.0],"evs":[0.0,-2.77689]},"K4o":{"weight":1.0,"played":[1.0,0.0],"evs":[0.0,-2.27412]},"A4o":{"weight":1.0,"played":[1.0,0.0],"evs":[0.0,-1.77876]},"52s":{"weight":1.0,"played":[1.0,0.0],"evs":[0.0,-2.53528]},"53s":{"weight":1.0,"played":[1.0,0.0],"evs":[0.0,-1.93852]},"54s":{"weight":1.0,"played":[0.9996,4.0E-4],"evs":[0.0,-1.69773]},"55":{"weight":1.0,"played":[0.6708,0.3292],"evs":[0.0,-0.04221]},"65o":{"weight":1.0,"played":[1.0,0.0],"evs":[0.0,-2.23374]},"75o":{"weight":1.0,"played":[1.0,0.0],"evs":[0.0,-2.24173]},"85o":{"weight":1.0,"played":[1.0,0.0],"evs":[0.0,-2.3641]},"95o":{"weight":1.0,"played":[1.0,0.0],"evs":[0.0,-2.67315]},"T5o":{"weight":1.0,"played":[1.0,0.0],"evs":[0.0,-3.03184]},"J5o":{"weight":1.0,"played":[1.0,0.0],"evs":[0.0,-2.84892]},"Q5o":{"weight":1.0,"played":[1.0,0.0],"evs":[0.0,-2.6303]},"K5o":{"weight":1.0,"played":[1.0,0.0],"evs":[0.0,-2.10126]},"A5o":{"weight":1.0,"played":[1.0,0.0],"evs":[0.0,-1.69562]},"62s":{"weight":1.0,"played":[1.0,0.0],"evs":[0.0,-2.51875]},"63s":{"weight":1.0,"played":[1.0,0.0],"evs":[0.0,-2.03725]},"64s":{"weight":1.0,"played":[1.0,0.0],"evs":[0.0,-1.92003]},"65s":{"weight":1.0,"played":[1.0,0.0],"evs":[0.0,-1.33919]},"66":{"weight":1.0,"played":[0.0012,0.9988],"evs":[0.0,0.81208]},"76o":{"weight":1.0,"played":[1.0,0.0],"evs":[0.0,-1.71466]},"86o":{"weight":1.0,"played":[1.0,0.0],"evs":[0.0,-1.97883]},"96o":{"weight":1.0,"played":[1.0,0.0],"evs":[0.0,-2.12564]},"T6o":{"weight":1.0,"played":[1.0,0.0],"evs":[0.0,-2.46541]},"J6o":{"weight":1.0,"played":[1.0,0.0],"evs":[0.0,-2.70358]},"Q6o":{"weight":1.0,"played":[1.0,0.0],"evs":[0.0,-2.38586]},"K6o":{"weight":1.0,"played":[1.0,0.0],"evs":[0.0,-1.96736]},"A6o":{"weight":1.0,"played":[1.0,0.0],"evs":[0.0,-1.75757]},"72s":{"weight":1.0,"played":[1.0,0.0],"evs":[0.0,-2.41121]},"73s":{"weight":1.0,"played":[1.0,0.0],"evs":[0.0,-2.30979]},"74s":{"weight":1.0,"played":[1.0,0.0],"evs":[0.0,-1.90122]},"75s":{"weight":1.0,"played":[1.0,0.0],"evs":[0.0,-1.45298]},"76s":{"weight":1.0,"played":[1.0,0.0],"evs":[0.0,-0.81582]},"77":{"weight":1.0,"played":[2.0E-4,0.9998],"evs":[0.0,2.04734]},"87o":{"weight":1.0,"played":[1.0,0.0],"evs":[0.0,-1.30926]},"97o":{"weight":1.0,"played":[1.0,0.0],"evs":[0.0,-1.59889]},"T7o":{"weight":1.0,"played":[1.0,0.0],"evs":[0.0,-1.86086]},"J7o":{"weight":1.0,"played":[1.0,0.0],"evs":[0.0,-2.14616]},"Q7o":{"weight":1.0,"played":[1.0,0.0],"evs":[0.0,-2.09862]},"K7o":{"weight":1.0,"played":[1.0,0.0],"evs":[0.0,-1.53168]},"A7o":{"weight":1.0,"played":[1.0,0.0],"evs":[0.0,-1.33581]},"82s":{"weight":1.0,"played":[1.0,0.0],"evs":[0.0,-2.33931]},"83s":{"weight":1.0,"played":[1.0,0.0],"evs":[0.0,-2.27067]},"84s":{"weight":1.0,"played":[1.0,0.0],"evs":[0.0,-1.87417]},"85s":{"weight":1.0,"played":[1.0,0.0],"evs":[0.0,-1.47269]},"86s":{"weight":1.0,"played":[1.0,0.0],"evs":[0.0,-1.148]},"87s":{"weight":1.0,"played":[1.0,0.0],"evs":[0.0,-0.38352]},"88":{"weight":1.0,"played":[0.0,1.0],"evs":[0.0,3.17455]},"98o":{"weight":1.0,"played":[1.0,0.0],"evs":[0.0,-1.16178]},"T8o":{"weight":1.0,"played":[1.0,0.0],"evs":[0.0,-1.48236]},"J8o":{"weight":1.0,"played":[1.0,0.0],"evs":[0.0,-1.74277]},"Q8o":{"weight":1.0,"played":[1.0,0.0],"evs":[0.0,-1.60915]},"K8o":{"weight":1.0,"played":[1.0,0.0],"evs":[0.0,-1.51849]},"A8o":{"weight":1.0,"played":[1.0,0.0],"evs":[0.0,-1.17151]},"92s":{"weight":1.0,"played":[1.0,0.0],"evs":[0.0,-2.26921]},"93s":{"weight":1.0,"played":[1.0,0.0],"evs":[0.0,-2.32866]},"94s":{"weight":1.0,"played":[1.0,0.0],"evs":[0.0,-2.18233]},"95s":{"weight":1.0,"played":[1.0,0.0],"evs":[0.0,-1.60239]},"96s":{"weight":1.0,"played":[1.0,0.0],"evs":[0.0,-1.15974]},"97s":{"weight":1.0,"played":[0.9999,1.0E-4],"evs":[0.0,-0.87146]},"98s":{"weight":1.0,"played":[0.9998,2.0E-4],"evs":[0.0,-0.16064]},"99":{"weight":1.0,"played":[0.0,1.0],"evs":[0.0,3.76381]},"T9o":{"weight":1.0,"played":[1.0,0.0],"evs":[0.0,-1.12717]},"J9o":{"weight":1.0,"played":[1.0,0.0],"evs":[0.0,-1.42034]},"Q9o":{"weight":1.0,"played":[1.0,0.0],"evs":[0.0,-1.36984]},"K9o":{"weight":1.0,"played":[1.0,0.0],"evs":[0.0,-1.16922]},"A9o":{"weight":1.0,"played":[1.0,0.0],"evs":[0.0,-1.03431]},"T2s":{"weight":1.0,"played":[1.0,0.0],"evs":[0.0,-2.48144]},"T3s":{"weight":1.0,"played":[1.0,0.0],"evs":[0.0,-1.96592]},"T4s":{"weight":1.0,"played":[1.0,0.0],"evs":[0.0,-1.97869]},"T5s":{"weight":1.0,"played":[1.0,0.0],"evs":[0.0,-2.03406]},"T6s":{"weight":1.0,"played":[1.0,0.0],"evs":[0.0,-1.29777]},"T7s":{"weight":1.0,"played":[0.9992,8.0E-4],"evs":[0.0,-1.21686]},"T8s":{"weight":1.0,"played":[1.0,0.0],"evs":[0.0,-0.70055]},"T9s":{"weight":1.0,"played":[0.9945,0.0055],"evs":[0.0,-0.31552]},"TT":{"weight":1.0,"played":[0.0,1.0],"evs":[0.0,4.5613]},"JTo":{"weight":1.0,"played":[1.0,0.0],"evs":[0.0,-1.06871]},"QTo":{"weight":1.0,"played":[1.0,0.0],"evs":[0.0,-1.09397]},"KTo":{"weight":1.0,"played":[1.0,0.0],"evs":[0.0,-0.70967]},"ATo":{"weight":1.0,"played":[0.9998,2.0E-4],"evs":[0.0,-0.51931]},"J2s":{"weight":1.0,"played":[1.0,0.0],"evs":[0.0,-2.27327]},"J3s":{"weight":1.0,"played":[1.0,0.0],"evs":[0.0,-2.07579]},"J4s":{"weight":1.0,"played":[1.0,0.0],"evs":[0.0,-2.03897]},"J5s":{"weight":1.0,"played":[1.0,0.0],"evs":[0.0,-1.81254]},"J6s":{"weight":1.0,"played":[1.0,0.0],"evs":[0.0,-1.89748]},"J7s":{"weight":1.0,"played":[1.0,0.0],"evs":[0.0,-1.15157]},"J8s":{"weight":1.0,"played":[1.0,0.0],"evs":[0.0,-0.63492]},"J9s":{"weight":1.0,"played":[1.0,0.0],"evs":[0.0,-0.67305]},"JTs":{"weight":1.0,"played":[0.6297,0.3703],"evs":[0.0,0.04941]},"JJ":{"weight":1.0,"played":[0.0,1.0],"evs":[0.0,5.40606]},"QJo":{"weight":1.0,"played":[1.0,0.0],"evs":[0.0,-1.04528]},"KJo":{"weight":1.0,"played":[1.0,0.0],"evs":[0.0,-0.8431]},"AJo":{"weight":1.0,"played":[0.0016,0.9984],"evs":[0.0,0.61565]},"Q2s":{"weight":1.0,"played":[1.0,0.0],"evs":[0.0,-1.80042]},"Q3s":{"weight":1.0,"played":[1.0,0.0],"evs":[0.0,-1.81577]},"Q4s":{"weight":1.0,"played":[1.0,0.0],"evs":[0.0,-1.61011]},"Q5s":{"weight":1.0,"played":[0.9999,1.0E-4],"evs":[0.0,-1.51853]},"Q6s":{"weight":1.0,"played":[1.0,0.0],"evs":[0.0,-1.32704]},"Q7s":{"weight":1.0,"played":[1.0,0.0],"evs":[0.0,-1.1656]},"Q8s":{"weight":1.0,"played":[1.0,0.0],"evs":[0.0,-0.6445]},"Q9s":{"weight":1.0,"played":[1.0,0.0],"evs":[0.0,-0.31043]},"QTs":{"weight":1.0,"played":[0.9944,0.0056],"evs":[0.0,-0.05611]},"QJs":{"weight":1.0,"played":[0.9736,0.0264],"evs":[0.0,-0.18875]},"QQ":{"weight":1.0,"played":[0.0,1.0],"evs":[0.0,6.9944]},"KQo":{"weight":1.0,"played":[0.5823,0.4177],"evs":[0.0,-0.10336]},"AQo":{"weight":1.0,"played":[0.0,1.0],"evs":[0.0,1.90133]},"K2s":{"weight":1.0,"played":[1.0,0.0],"evs":[0.0,-1.36349]},"K3s":{"weight":1.0,"played":[1.0,0.0],"evs":[0.0,-1.5577]},"K4s":{"weight":1.0,"played":[1.0,0.0],"evs":[0.0,-1.47585]},"K5s":{"weight":1.0,"played":[1.0,0.0],"evs":[0.0,-1.20083]},"K6s":{"weight":1.0,"played":[0.9999,1.0E-4],"evs":[0.0,-0.85732]},"K7s":{"weight":1.0,"played":[1.0,0.0],"evs":[0.0,-0.62062]},"K8s":{"weight":1.0,"played":[1.0,0.0],"evs":[0.0,-0.5928]},"K9s":{"weight":1.0,"played":[0.9949,0.0051],"evs":[0.0,-0.30348]},"KTs":{"weight":1.0,"played":[0.2163,0.7837],"evs":[0.0,0.08608]},"KJs":{"weight":1.0,"played":[0.557,0.443],"evs":[0.0,0.11401]},"KQs":{"weight":1.0,"played":[2.0E-4,0.9998],"evs":[0.0,0.59286]},"KK":{"weight":1.0,"played":[0.0,1.0],"evs":[0.0,8.61394]},"AKo":{"weight":1.0,"played":[0.0,1.0],"evs":[0.0,3.05413]},"A2s":{"weight":1.0,"played":[1.0,0.0],"evs":[0.0,-1.10841]},"A3s":{"weight":1.0,"played":[1.0,0.0],"evs":[0.0,-0.9641]},"A4s":{"weight":1.0,"played":[1.0,0.0],"evs":[0.0,-0.93129]},"A5s":{"weight":1.0,"played":[0.9702,0.0298],"evs":[0.0,-0.71836]},"A6s":{"weight":1.0,"played":[1.0,0.0],"evs":[0.0,-0.86635]},"A7s":{"weight":1.0,"played":[1.0,0.0],"evs":[0.0,-0.30024]},"A8s":{"weight":1.0,"played":[0.9981,0.0019],"evs":[0.0,-0.27835]},"A9s":{"weight":1.0,"played":[0.8178,0.1822],"evs":[0.0,-0.04453]},"ATs":{"weight":1.0,"played":[0.003,0.997],"evs":[0.0,0.47971]},"AJs":{"weight":1.0,"played":[0.0,1.0],"evs":[0.0,1.33998]},"AQs":{"weight":1.0,"played":[0.0,1.0],"evs":[0.0,2.52283]},"AKs":{"weight":1.0,"played":[0.0,1.0],"evs":[0.0,3.5944]},"AA":{"weight":1.0,"played":[0.0,1.0],"evs":[0.0,11.02321]}}}