{"player":3,"street":0,"children":2,"sequence":[{"player":0,"type":"R","amount":200000,"street":0},{"player":1,"type":"F","amount":0,"street":0},{"player":2,"type":"C","amount":200000,"street":0},{"player":3,"type":"C","amount":200000,"street":0},{"player":4,"type":"F","amount":0,"street":0},{"player":5,"type":"R","amount":1385000,"street":0},{"player":0,"type":"F","amount":0,"street":0},{"player":2,"type":"F","amount":0,"street":0}],"actions":[{"type":"F","amount":0},{"type":"C","amount":1185000}],"hands":{"22":{"weight":0.9993,"played":[0.0014,0.9986],"evs":[0.0,1.30204]},"32o":{"weight":0.0,"played":[0.9995,5.0E-4],"evs":[0.0,-1.75664]},"42o":{"weight":0.0,"played":[0.9997,3.0E-4],"evs":[0.0,-1.47274]},"52o":{"weight":0.0,"played":[1.0,0.0],"evs":[0.0,-1.11394]},"62o":{"weight":0.0,"played":[1.0,0.0],"evs":[0.0,-1.49848]},"72o":{"weight":0.0,"played":[0.9998,2.0E-4],"evs":[0.0,-1.7626]},"82o":{"weight":0.0,"played":[1.0,0.0],"evs":[0.0,-1.27225]},"92o":{"weight":0.0,"played":[0.9999,1.0E-4],"evs":[0.0,-0.97748]},"T2o":{"weight":0.0,"played":[0.9996,4.0E-4],"evs":[0.0,-1.28068]},"J2o":{"weight":0.0,"played":[0.9999,1.0E-4],"evs":[0.0,-1.21034]},"Q2o":{"weight":0.0,"played":[0.9997,3.0E-4],"evs":[0.0,-1.02394]},"K2o":{"weight":0.0,"played":[0.9981,0.0019],"evs":[0.0,-1.0578]},"A2o":{"weight":0.0,"played":[0.9039,0.0961],"evs":[0.0,-0.3075]},"32s":{"weight":0.0,"played":[0.9038,0.0962],"evs":[0.0,-0.34382]},"33":{"weight":0.9995,"played":[0.0012,0.9988],"evs":[0.0,1.4573]},"43o":{"weight":0.0,"played":[0.9999,1.0E-4],"evs":[0.0,-0.65512]},"53o":{"weight":0.0,"played":[0.9949,0.0051],"evs":[0.0,-0.78983]},"63o":{"weight":0.0,"played":[1.0,0.0],"evs":[0.0,-1.47287]},"73o":{"weight":0.0,"played":[0.9998,2.0E-4],"evs":[0.0,-1.2689]},"83o":{"weight":0.0,"played":[0.9987,0.0013],"evs":[0.0,-1.28211]},"93o":{"weight":0.0,"played":[0.9997,3.0E-4],"evs":[0.0,-1.16148]},"T3o":{"weight":0.0,"played":[0.9986,0.0014],"evs":[0.0,-0.9038]},"J3o":{"weight":0.0,"played":[0.9993,7.0E-4],"evs":[0.0,-1.37787]},"Q3o":{"weight":0.0,"played":[0.9998,2.0E-4],"evs":[0.0,-0.72903]},"K3o":{"weight":0.0,"played":[0.9957,0.0043],"evs":[0.0,-0.72684]},"A3o":{"weight":0.0,"played":[0.9912,0.0088],"evs":[0.0,-0.6446]},"42s":{"weight":0.0,"played":[0.8331,0.1669],"evs":[0.0,-0.07221]},"43s":{"weight":0.0,"played":[0.0437,0.9563],"evs":[0.0,0.26268]},"44":{"weight":0.9997,"played":[0.0011,0.9989],"evs":[0.0,1.72706]},"54o":{"weight":0.0,"played":[0.9998,2.0E-4],"evs":[0.0,-0.35603]},"64o":{"weight":0.0,"played":[0.9996,4.0E-4],"evs":[0.0,-0.80528]},"74o":{"weight":0.0,"played":[0.9996,4.0E-4],"evs":[0.0,-0.82809]},"84o":{"weight":0.0,"played":[0.9998,2.0E-4],"evs":[0.0,-1.26872]},"94o":{"weight":0.0,"played":[0.9997,3.0E-4],"evs":[0.0,-1.43989]},"T4o":{"weight":0.0,"played":[0.9999,1.0E-4],"evs":[0.0,-1.27608]},"J4o":{"weight":0.0,"played":[0.9997,3.0E-4],"evs":[0.0,-0.93546]},"Q4o":{"weight":0.0,"played":[0.9995,5.0E-4],"evs":[0.0,-0.75008]},"K4o":{"weight":0.0,"played":[0.9987,0.0013],"evs":[0.0,-0.61062]},"A4o":{"weight":0.0,"played":[0.755,0.245],"evs":[0.0,-0.28216]},"52s":{"weight":0.0,"played":[0.6713,0.3287],"evs":[0.0,-0.52941]},"53s":{"weight":0.0,"played":[0.6146,0.3854],"evs":[0.0,-0.50247]},"54s":{"weight":0.7994,"played":[0.1263,0.8737],"evs":[0.0,0.55585]},"55":{"weight":0.9999,"played":[0.0,1.0],"evs":[0.0,1.63678]},"65o":{"weight":0.0,"played":[0.9985,0.0015],"evs":[0.0,-0.56682]},"75o":{"weight":0.0,"played":[0.9997,3.0E-4],"evs":[0.0,-0.68015]},"85o":{"weight":0.0,"played":[0.9871,0.0129],"evs":[0.0,-0.90733]},"95o":{"weight":0.0,"played":[0.9997,3.0E-4],"evs":[0.0,-1.00773]},"T5o":{"weight":0.0,"played":[0.9992,8.0E-4],"evs":[0.0,-1.38092]},"J5o":{"weight":0.0,"played":[1.0,0.0],"evs":[0.0,-0.9824]},"Q5o":{"weight":0.0,"played":[0.9949,0.0051],"evs":[0.0,-0.65655]},"K5o":{"weight":0.0,"played":[0.9763,0.0237],"evs":[0.0,-0.65401]},"A5o":{"weight":0.0,"played":[0.7737,0.2263],"evs":[0.0,-0.00117]},"62s":{"weight":0.0,"played":[0.7029,0.2971],"evs":[0.0,-0.70125]},"63s":{"weight":0.0,"played":[0.0654,0.9346],"evs":[0.0,0.15701]},"64s":{"weight":0.0,"played":[0.0018,0.9982],"evs":[0.0,0.66623]},"65s":{"weight":0.9984,"played":[0.0033,0.9967],"evs":[0.0,0.55091]},"66":{"weight":0.9999,"played":[0.0,1.0],"evs":[0.0,2.38011]},"76o":{"weight":0.0,"played":[0.9949,0.0051],"evs":[0.0,-0.07203]},"86o":{"weight":0.0,"played":[0.961,0.039],"evs":[0.0,-0.70432]},"96o":{"weight":0.0,"played":[0.9984,0.0016],"evs":[0.0,-0.6738]},"T6o":{"weight":0.0,"played":[0.9946,0.0054],"evs":[0.0,-1.11946]},"J6o":{"weight":0.0,"played":[0.9918,0.0082],"evs":[0.0,-0.972]},"Q6o":{"weight":0.0,"played":[0.9895,0.0105],"evs":[0.0,-0.59544]},"K6o":{"weight":0.0,"played":[0.9887,0.0113],"evs":[0.0,-0.59605]},"A6o":{"weight":0.0,"played":[0.9988,0.0012],"evs":[0.0,-0.45145]},"72s":{"weight":0.0,"played":[0.9945,0.0055],"evs":[0.0,-0.37507]},"73s":{"weight":0.0,"played":[0.991,0.009],"evs":[0.0,-0.56938]},"74s":{"weight":0.0,"played":[0.244,0.756],"evs":[0.0,0.01021]},"75s":{"weight":0.0,"played":[0.8251,0.1749],"evs":[0.0,-0.62736]},"76s":{"weight":0.9429,"played":[0.2786,0.7214],"evs":[0.0,0.45943]},"77":{"weight":0.9688,"played":[0.0,1.0],"evs":[0.0,3.25611]},"87o":{"weight":0.0,"played":[0.7602,0.2398],"evs":[0.0,-0.18028]},"97o":{"weight":0.0,"played":[0.9995,5.0E-4],"evs":[0.0,-0.32355]},"T7o":{"weight":0.0,"played":[0.9989,0.0011],"evs":[0.0,-0.41991]},"J7o":{"weight":0.0,"played":[0.9996,4.0E-4],"evs":[0.0,-1.07473]},"Q7o":{"weight":0.0,"played":[0.3388,0.6612],"evs":[0.0,-0.0282]},"K7o":{"weight":0.0,"played":[0.9669,0.0331],"evs":[0.0,-0.40098]},"A7o":{"weight":0.0,"played":[0.9979,0.0021],"evs":[0.0,-0.79969]},"82s":{"weight":0.0,"played":[0.5086,0.4914],"evs":[0.0,-0.14918]},"83s":{"weight":0.0,"played":[0.9986,0.0014],"evs":[0.0,-0.24071]},"84s":{"weight":0.0,"played":[0.1613,0.8387],"evs":[0.0,0.09718]},"85s":{"weight":0.0,"played":[0.7884,0.2116],"evs":[0.0,-0.2142]},"86s":{"weight":0.3136,"played":[0.0689,0.9311],"evs":[0.0,0.67225]},"87s":{"weight":0.9833,"played":[0.0,1.0],"evs":[0.0,0.64416]},"88":{"weight":0.4463,"played":[1.0E-4,0.9999],"evs":[0.0,3.92915]},"98o":{"weight":0.0,"played":[0.3754,0.6246],"evs":[0.0,0.07474]},"T8o":{"weight":0.0,"played":[0.7062,0.2938],"evs":[0.0,0.0693]},"J8o":{"weight":0.0,"played":[0.898,0.102],"evs":[0.0,-0.33139]},"Q8o":{"weight":0.0,"played":[0.9926,0.0074],"evs":[0.0,-0.10171]},"K8o":{"weight":0.0,"played":[0.5819,0.4181],"evs":[0.0,-0.20845]},"A8o":{"weight":0.0,"played":[0.6797,0.3203],"evs":[0.0,-0.33086]},"92s":{"weight":0.0,"played":[0.6252,0.3748],"evs":[0.0,0.07729]},"93s":{"weight":0.0,"played":[0.9651,0.0349],"evs":[0.0,-0.56343]},"94s":{"weight":0.0,"played":[0.9956,0.0044],"evs":[0.0,-0.72952]},"95s":{"weight":0.0,"played":[0.2685,0.7315],"evs":[0.0,0.10461]},"96s":{"weight":0.0016,"played":[0.0455,0.9545],"evs":[0.0,1.09416]},"97s":{"weight":0.1853,"played":[0.0114,0.9886],"evs":[0.0,0.67505]},"98s":{"weight":0.9824,"played":[0.0,1.0],"evs":[0.0,0.98049]},"99":{"weight":0.0445,"played":[0.0,1.0],"evs":[0.0,4.89364]},"T9o":{"weight":0.0,"played":[0.0014,0.9986],"evs":[0.0,0.477]},"J9o":{"weight":0.0,"played":[0.4847,0.5153],"evs":[0.0,0.16729]},"Q9o":{"weight":0.0,"played":[0.181,0.819],"evs":[0.0,0.38869]},"K9o":{"weight":0.0,"played":[0.3445,0.6555],"evs":[0.0,-0.11504]},"A9o":{"weight":0.0,"played":[0.0,1.0],"evs":[0.0,0.57739]},"T2s":{"weight":0.0,"played":[0.6246,0.3754],"evs":[0.0,0.06264]},"T3s":{"weight":0.0,"played":[0.8404,0.1596],"evs":[0.0,-0.61877]},"T4s":{"weight":0.0,"played":[0.9909,0.0091],"evs":[0.0,-1.27845]},"T5s":{"weight":0.0,"played":[0.7738,0.2262],"evs":[0.0,-0.66202]},"T6s":{"weight":0.0,"played":[0.6936,0.3064],"evs":[0.0,-0.1905]},"T7s":{"weight":0.0,"played":[0.1576,0.8424],"evs":[0.0,0.28578]},"T8s":{"weight":0.5883,"played":[0.0877,0.9123],"evs":[0.0,0.87569]},"T9s":{"weight":0.9986,"played":[0.0155,0.9845],"evs":[0.0,1.25256]},"TT":{"weight":0.0049,"played":[0.0,1.0],"evs":[0.0,6.49663]},"JTo":{"weight":0.0,"played":[0.0018,0.9982],"evs":[0.0,0.40987]},"QTo":{"weight":0.0,"played":[0.0935,0.9065],"evs":[0.0,0.28763]},"KTo":{"weight":0.0,"played":[0.2956,0.7044],"evs":[0.0,0.34011]},"ATo":{"weight":0.0189,"played":[0.0309,0.9691],"evs":[0.0,0.60562]},"J2s":{"weight":0.0,"played":[0.7198,0.2802],"evs":[0.0,0.14466]},"J3s":{"weight":0.0,"played":[0.9738,0.0262],"evs":[0.0,0.04071]},"J4s":{"weight":0.0,"played":[0.9118,0.0882],"evs":[0.0,-0.61065]},"J5s":{"weight":0.0,"played":[0.5005,0.4995],"evs":[0.0,0.20985]},"J6s":{"weight":0.0,"played":[0.8493,0.1507],"evs":[0.0,-0.38266]},"J7s":{"weight":0.0,"played":[0.0739,0.9261],"evs":[0.0,0.53744]},"J8s":{"weight":6.0E-4,"played":[0.0468,0.9532],"evs":[0.0,0.74193]},"J9s":{"weight":0.0315,"played":[2.0E-4,0.9998],"evs":[0.0,1.13296]},"JTs":{"weight":0.9547,"played":[0.0,1.0],"evs":[0.0,1.53123]},"JJ":{"weight":2.0E-4,"played":[0.0,1.0],"evs":[0.0,7.04741]},"QJo":{"weight":0.0,"played":[1.0E-4,0.9999],"evs":[0.0,0.9031]},"KJo":{"weight":0.0702,"played":[0.0018,0.9982],"evs":[0.0,0.50725]},"AJo":{"weight":0.9623,"played":[0.0,1.0],"evs":[0.0,1.66968]},"Q2s":{"weight":0.0,"played":[0.9478,0.0522],"evs":[0.0,-0.28655]},"Q3s":{"weight":0.0,"played":[0.5485,0.4515],"evs":[0.0,0.23757]},"Q4s":{"weight":0.0,"played":[0.0079,0.9921],"evs":[0.0,0.74631]},"Q5s":{"weight":0.0,"played":[0.0014,0.9986],"evs":[0.0,0.69064]},"Q6s":{"weight":0.0,"played":[0.028,0.972],"evs":[0.0,0.64701]},"Q7s":{"weight":0.0011,"played":[0.0011,0.9989],"evs":[0.0,0.54042]},"Q8s":{"weight":0.0,"played":[0.0133,0.9867],"evs":[0.0,0.64165]},"Q9s":{"weight":0.5862,"played":[0.0114,0.9886],"evs":[0.0,1.08382]},"QTs":{"weight":0.7066,"played":[1.0E-4,0.9999],"evs":[0.0,1.57029]},"QJs":{"weight":0.4842,"played":[0.0024,0.9976],"evs":[0.0,1.47463]},"QQ":{"weight":2.0E-4,"played":[0.0,1.0],"evs":[0.0,8.37638]},"KQo":{"weight":0.9161,"played":[0.0,1.0],"evs":[0.0,1.46356]},"AQo":{"weight":0.0107,"played":[0.0,1.0],"evs":[0.0,3.47516]},"K2s":{"weight":0.0,"played":[0.5136,0.4864],"evs":[0.0,-0.37368]},"K3s":{"weight":0.0,"played":[0.0817,0.9183],"evs":[0.0,0.67354]},"K4s":{"weight":0.0,"played":[0.45,0.55],"evs":[0.0,-0.29732]},"K5s":{"weight":0.0076,"played":[0.6519,0.3481],"evs":[0.0,-0.15179]},"K6s":{"weight":0.0,"played":[0.0042,0.9958],"evs":[0.0,0.35144]},"K7s":{"weight":3.0E-4,"played":[0.0054,0.9946],"evs":[0.0,1.10131]},"K8s":{"weight":3.0E-4,"played":[0.5918,0.4082],"evs":[0.0,-0.27019]},"K9s":{"weight":0.1012,"played":[0.002,0.998],"evs":[0.0,0.60189]},"KTs":{"weight":0.0067,"played":[1.0E-4,0.9999],"evs":[0.0,1.6036]},"KJs":{"weight":0.0836,"played":[0.0,1.0],"evs":[0.0,1.42408]},"KQs":{"weight":0.9995,"played":[0.0,1.0],"evs":[0.0,2.28456]},"KK":{"weight":2.0E-4,"played":[0.0,1.0],"evs":[0.0,10.24986]},"AKo":{"weight":1.0E-4,"played":[0.0,1.0],"evs":[0.0,5.09293]},"A2s":{"weight":0.0234,"played":[0.0726,0.9274],"evs":[0.0,0.07272]},"A3s":{"weight":0.766,"played":[0.0226,0.9774],"evs":[0.0,0.57602]},"A4s":{"weight":0.7159,"played":[0.0959,0.9041],"evs":[0.0,0.43382]},"A5s":{"weight":0.4385,"played":[0.0562,0.9438],"evs":[0.0,0.32548]},"A6s":{"weight":0.8716,"played":[1.0E-4,0.9999],"evs":[0.0,1.27262]},"A7s":{"weight":0.1698,"played":[0.0032,0.9968],"evs":[0.0,0.36701]},"A8s":{"weight":0.5184,"played":[0.0073,0.9927],"evs":[0.0,0.86172]},"A9s":{"weight":0.5129,"played":[0.041,0.959],"evs":[0.0,1.41878]},"ATs":{"weight":0.9978,"played":[0.0014,0.9986],"evs":[0.0,1.82876]},"AJs":{"weight":0.9977,"played":[5.0E-4,0.9995],"evs":[0.0,2.85244]},"AQs":{"weight":0.0149,"played":[0.0,1.0],"evs":[0.0,4.66996]},"AKs":{"weight":1.0E-4,"played":[0.0,1.0],"evs":[0.0,6.26739]},"AA":{"weight":0.0074,"played":[0.0,1.0],"evs":[0.0,12.47358]}}}