{"player":2,"street":0,"children":2,"sequence":[{"player":0,"type":"R","amount":200000,"street":0},{"player":1,"type":"F","amount":0,"street":0},{"player":2,"type":"C","amount":200000,"street":0},{"player":3,"type":"C","amount":200000,"street":0},{"player":4,"type":"F","amount":0,"street":0},{"player":5,"type":"R","amount":1385000,"street":0},{"player":0,"type":"C","amount":1185000,"street":0}],"actions":[{"type":"F","amount":0,"node":366},{"type":"R","amount":2385000,"node":368}],"hands":{"22":{"weight":0.0,"played":[1.0,0.0],"evs":[0.0,-2.36995]},"32o":{"weight":0.0,"played":[0.9999,1.0E-4],"evs":[0.0,-6.03242]},"42o":{"weight":0.0,"played":[1.0,0.0],"evs":[0.0,-5.53268]},"52o":{"weight":0.0,"played":[0.9999,1.0E-4],"evs":[0.0,-5.35407]},"62o":{"weight":0.0,"played":[1.0,0.0],"evs":[0.0,-6.07679]},"72o":{"weight":0.0,"played":[1.0,0.0],"evs":[0.0,-6.4326]},"82o":{"weight":0.0,"played":[1.0,0.0],"evs":[0.0,-5.91408]},"92o":{"weight":0.0,"played":[1.0,0.0],"evs":[0.0,-6.51765]},"T2o":{"weight":0.0,"played":[1.0,0.0],"evs":[0.0,-5.76869]},"J2o":{"weight":0.0,"played":[1.0,0.0],"evs":[0.0,-6.13361]},"Q2o":{"weight":0.0,"played":[1.0,0.0],"evs":[0.0,-6.41537]},"K2o":{"weight":0.0,"played":[1.0,0.0],"evs":[0.0,-5.55378]},"A2o":{"weight":0.0,"played":[1.0,0.0],"evs":[0.0,-3.86002]},"32s":{"weight":0.0,"played":[0.9995,5.0E-4],"evs":[0.0,-4.6545]},"33":{"weight":0.0722,"played":[1.0,0.0],"evs":[0.0,-1.69621]},"43o":{"weight":0.0,"played":[1.0,0.0],"evs":[0.0,-5.01569]},"53o":{"weight":0.0,"played":[1.0,0.0],"evs":[0.0,-5.43097]},"63o":{"weight":0.0,"played":[1.0,0.0],"evs":[0.0,-5.45774]},"73o":{"weight":0.0,"played":[1.0,0.0],"evs":[0.0,-6.18496]},"83o":{"weight":0.0,"played":[1.0,0.0],"evs":[0.0,-6.73789]},"93o":{"weight":0.0,"played":[1.0,0.0],"evs":[0.0,-6.32908]},"T3o":{"weight":0.0,"played":[1.0,0.0],"evs":[0.0,-6.35583]},"J3o":{"weight":0.0,"played":[1.0,0.0],"evs":[0.0,-5.96703]},"Q3o":{"weight":0.0,"played":[1.0,0.0],"evs":[0.0,-6.2857]},"K3o":{"weight":0.0,"played":[1.0,0.0],"evs":[0.0,-5.21986]},"A3o":{"weight":0.0,"played":[1.0,0.0],"evs":[0.0,-3.86155]},"42s":{"weight":0.0,"played":[0.9999,1.0E-4],"evs":[0.0,-5.00632]},"43s":{"weight":0.0,"played":[0.9999,1.0E-4],"evs":[0.0,-3.14275]},"44":{"weight":0.9999,"played":[0.9996,4.0E-4],"evs":[0.0,-1.93801]},"54o":{"weight":0.0,"played":[1.0,0.0],"evs":[0.0,-3.81737]},"64o":{"weight":0.0,"played":[0.9999,1.0E-4],"evs":[0.0,-5.30561]},"74o":{"weight":0.0,"played":[1.0,0.0],"evs":[0.0,-5.32426]},"84o":{"weight":0.0,"played":[1.0,0.0],"evs":[0.0,-6.17218]},"94o":{"weight":0.0,"played":[0.9999,1.0E-4],"evs":[0.0,-5.85843]},"T4o":{"weight":0.0,"played":[1.0,0.0],"evs":[0.0,-5.87733]},"J4o":{"weight":0.0,"played":[0.9999,1.0E-4],"evs":[0.0,-6.0028]},"Q4o":{"weight":0.0,"played":[0.9999,1.0E-4],"evs":[0.0,-6.03706]},"K4o":{"weight":0.0,"played":[0.9999,1.0E-4],"evs":[0.0,-5.02181]},"A4o":{"weight":0.0,"played":[0.9999,1.0E-4],"evs":[0.0,-3.42672]},"52s":{"weight":0.0,"played":[0.9999,1.0E-4],"evs":[0.0,-3.83102]},"53s":{"weight":0.0,"played":[0.9965,0.0035],"evs":[0.0,-3.17046]},"54s":{"weight":0.0,"played":[0.9987,0.0013],"evs":[0.0,-1.66829]},"55":{"weight":1.0,"played":[0.9961,0.0039],"evs":[0.0,-1.36323]},"65o":{"weight":0.0,"played":[1.0,0.0],"evs":[0.0,-3.87987]},"75o":{"weight":0.0,"played":[1.0,0.0],"evs":[0.0,-4.16149]},"85o":{"weight":0.0,"played":[0.9999,1.0E-4],"evs":[0.0,-5.38085]},"95o":{"weight":0.0,"played":[0.9999,1.0E-4],"evs":[0.0,-6.00174]},"T5o":{"weight":0.0,"played":[1.0,0.0],"evs":[0.0,-6.40796]},"J5o":{"weight":0.0,"played":[1.0,0.0],"evs":[0.0,-6.20832]},"Q5o":{"weight":0.0,"played":[1.0,0.0],"evs":[0.0,-5.70311]},"K5o":{"weight":0.0,"played":[1.0,0.0],"evs":[0.0,-4.79667]},"A5o":{"weight":0.0,"played":[1.0,0.0],"evs":[0.0,-3.04587]},"62s":{"weight":0.0,"played":[0.9998,2.0E-4],"evs":[0.0,-4.31968]},"63s":{"weight":0.0,"played":[1.0,0.0],"evs":[0.0,-3.90068]},"64s":{"weight":0.0,"played":[0.9999,1.0E-4],"evs":[0.0,-3.76793]},"65s":{"weight":0.552,"played":[0.9992,8.0E-4],"evs":[0.0,-2.41292]},"66":{"weight":1.0,"played":[0.9922,0.0078],"evs":[0.0,-0.86641]},"76o":{"weight":0.0,"played":[0.9998,2.0E-4],"evs":[0.0,-4.30097]},"86o":{"weight":0.0,"played":[0.9998,2.0E-4],"evs":[0.0,-4.4517]},"96o":{"weight":0.0,"played":[1.0,0.0],"evs":[0.0,-4.73816]},"T6o":{"weight":0.0,"played":[1.0,0.0],"evs":[0.0,-5.63231]},"J6o":{"weight":0.0,"played":[1.0,0.0],"evs":[0.0,-5.96448]},"Q6o":{"weight":0.0,"played":[1.0,0.0],"evs":[0.0,-6.11302]},"K6o":{"weight":0.0,"played":[0.9999,1.0E-4],"evs":[0.0,-4.92424]},"A6o":{"weight":0.0,"played":[1.0,0.0],"evs":[0.0,-3.74799]},"72s":{"weight":0.0,"played":[0.9976,0.0024],"evs":[0.0,-4.3627]},"73s":{"weight":0.0,"played":[0.9992,8.0E-4],"evs":[0.0,-3.27159]},"74s":{"weight":0.0,"played":[0.9973,0.0027],"evs":[0.0,-3.93261]},"75s":{"weight":0.0,"played":[0.9996,4.0E-4],"evs":[0.0,-3.61706]},"76s":{"weight":0.3224,"played":[0.996,0.004],"evs":[0.0,-2.53995]},"77":{"weight":0.8093,"played":[0.7982,0.2018],"evs":[0.0,-0.31439]},"87o":{"weight":0.0,"played":[0.9999,1.0E-4],"evs":[0.0,-4.57522]},"97o":{"weight":0.0,"played":[1.0,0.0],"evs":[0.0,-4.33992]},"T7o":{"weight":0.0,"played":[1.0,0.0],"evs":[0.0,-5.23236]},"J7o":{"weight":0.0,"played":[0.9999,1.0E-4],"evs":[0.0,-5.57394]},"Q7o":{"weight":0.0,"played":[1.0,0.0],"evs":[0.0,-5.7393]},"K7o":{"weight":0.0,"played":[0.9999,1.0E-4],"evs":[0.0,-4.5899]},"A7o":{"weight":0.0,"played":[0.9999,1.0E-4],"evs":[0.0,-3.60892]},"82s":{"weight":0.0,"played":[0.9999,1.0E-4],"evs":[0.0,-3.73733]},"83s":{"weight":0.0,"played":[0.9999,1.0E-4],"evs":[0.0,-4.71089]},"84s":{"weight":0.0,"played":[0.9968,0.0032],"evs":[0.0,-2.99709]},"85s":{"weight":0.0,"played":[1.0,0.0],"evs":[0.0,-4.84512]},"86s":{"weight":0.0,"played":[0.9897,0.0103],"evs":[0.0,-3.21301]},"87s":{"weight":0.3702,"played":[0.9999,1.0E-4],"evs":[0.0,-2.18226]},"88":{"weight":0.7199,"played":[0.0075,0.9925],"evs":[0.0,0.74096]},"98o":{"weight":0.0,"played":[1.0,0.0],"evs":[0.0,-4.52082]},"T8o":{"weight":0.0,"played":[1.0,0.0],"evs":[0.0,-4.60693]},"J8o":{"weight":0.0,"played":[0.9999,1.0E-4],"evs":[0.0,-4.7128]},"Q8o":{"weight":0.0,"played":[1.0,0.0],"evs":[0.0,-6.36673]},"K8o":{"weight":0.0,"played":[1.0,0.0],"evs":[0.0,-5.27455]},"A8o":{"weight":0.0,"played":[1.0,0.0],"evs":[0.0,-3.31066]},"92s":{"weight":0.0,"played":[0.9996,4.0E-4],"evs":[0.0,-4.25921]},"93s":{"weight":0.0,"played":[0.9977,0.0023],"evs":[0.0,-4.55379]},"94s":{"weight":0.0,"played":[0.9994,6.0E-4],"evs":[0.0,-3.88523]},"95s":{"weight":0.0,"played":[1.0,0.0],"evs":[0.0,-2.85562]},"96s":{"weight":0.0,"played":[1.0,0.0],"evs":[0.0,-3.46329]},"97s":{"weight":0.0,"played":[0.9956,0.0044],"evs":[0.0,-3.14002]},"98s":{"weight":0.9963,"played":[0.998,0.002],"evs":[0.0,-2.95688]},"99":{"weight":0.0,"played":[6.0E-4,0.9994],"evs":[0.0,1.92668]},"T9o":{"weight":0.0,"played":[0.9996,4.0E-4],"evs":[0.0,-3.93157]},"J9o":{"weight":0.0,"played":[1.0,0.0],"evs":[0.0,-3.98934]},"Q9o":{"weight":0.0,"played":[1.0,0.0],"evs":[0.0,-4.93739]},"K9o":{"weight":0.0,"played":[0.9999,1.0E-4],"evs":[0.0,-4.37546]},"A9o":{"weight":0.0,"played":[0.9998,2.0E-4],"evs":[0.0,-3.08145]},"T2s":{"weight":0.0,"played":[0.9999,1.0E-4],"evs":[0.0,-4.00682]},"T3s":{"weight":0.0,"played":[0.9956,0.0044],"evs":[0.0,-3.42261]},"T4s":{"weight":0.0,"played":[0.9997,3.0E-4],"evs":[0.0,-3.11632]},"T5s":{"weight":0.0,"played":[0.9995,5.0E-4],"evs":[0.0,-4.22144]},"T6s":{"weight":0.0,"played":[0.9992,8.0E-4],"evs":[0.0,-3.71922]},"T7s":{"weight":0.0,"played":[1.0,0.0],"evs":[0.0,-2.87701]},"T8s":{"weight":0.1952,"played":[0.9999,1.0E-4],"evs":[0.0,-3.21394]},"T9s":{"weight":1.0,"played":[0.9852,0.0148],"evs":[0.0,-1.56039]},"TT":{"weight":0.0,"played":[9.0E-4,0.9991],"evs":[0.0,2.68052]},"JTo":{"weight":0.0,"played":[0.9999,1.0E-4],"evs":[0.0,-4.2517]},"QTo":{"weight":0.0,"played":[1.0,0.0],"evs":[0.0,-4.17436]},"KTo":{"weight":0.0,"played":[0.9996,4.0E-4],"evs":[0.0,-3.77214]},"ATo":{"weight":1.0,"played":[0.9998,2.0E-4],"evs":[0.0,-2.11942]},"J2s":{"weight":0.0,"played":[0.9999,1.0E-4],"evs":[0.0,-4.42671]},"J3s":{"weight":0.0,"played":[1.0,0.0],"evs":[0.0,-4.73363]},"J4s":{"weight":0.0,"played":[0.9995,5.0E-4],"evs":[0.0,-5.14092]},"J5s":{"weight":0.0,"played":[0.9981,0.0019],"evs":[0.0,-4.32647]},"J6s":{"weight":0.0,"played":[0.9985,0.0015],"evs":[0.0,-4.42383]},"J7s":{"weight":0.0,"played":[0.9957,0.0043],"evs":[0.0,-3.53817]},"J8s":{"weight":0.0,"played":[0.9966,0.0034],"evs":[0.0,-2.49211]},"J9s":{"weight":0.9998,"played":[0.931,0.069],"evs":[0.0,-2.23891]},"JTs":{"weight":0.6753,"played":[0.8433,0.1567],"evs":[0.0,-1.5956]},"JJ":{"weight":1.0E-4,"played":[0.0,1.0],"evs":[0.0,5.22994]},"QJo":{"weight":0.0024,"played":[1.0,0.0],"evs":[0.0,-4.14714]},"KJo":{"weight":0.9343,"played":[0.9999,1.0E-4],"evs":[0.0,-3.07207]},"AJo":{"weight":1.0,"played":[0.9987,0.0013],"evs":[0.0,-1.07814]},"Q2s":{"weight":0.0,"played":[0.9999,1.0E-4],"evs":[0.0,-4.12518]},"Q3s":{"weight":0.0,"played":[0.9999,1.0E-4],"evs":[0.0,-4.08547]},"Q4s":{"weight":0.0,"played":[0.9998,2.0E-4],"evs":[0.0,-3.97318]},"Q5s":{"weight":0.0,"played":[0.9971,0.0029],"evs":[0.0,-2.90367]},"Q6s":{"weight":0.0,"played":[0.9964,0.0036],"evs":[0.0,-4.47324]},"Q7s":{"weight":0.0,"played":[0.9937,0.0063],"evs":[0.0,-3.80075]},"Q8s":{"weight":0.0,"played":[0.998,0.002],"evs":[0.0,-3.76965]},"Q9s":{"weight":0.9961,"played":[1.0,0.0],"evs":[0.0,-2.51415]},"QTs":{"weight":0.7481,"played":[0.9751,0.0249],"evs":[0.0,-1.89354]},"QJs":{"weight":0.7397,"played":[0.8886,0.1114],"evs":[0.0,-1.3884]},"QQ":{"weight":1.0,"played":[0.0,1.0],"evs":[0.0,9.06548]},"KQo":{"weight":1.0,"played":[0.9807,0.0193],"evs":[0.0,-1.83725]},"AQo":{"weight":0.0844,"played":[0.044,0.956],"evs":[0.0,1.57145]},"K2s":{"weight":0.0,"played":[1.0,0.0],"evs":[0.0,-3.62333]},"K3s":{"weight":0.0,"played":[0.9937,0.0063],"evs":[0.0,-4.30353]},"K4s":{"weight":0.0,"played":[0.9947,0.0053],"evs":[0.0,-3.15912]},"K5s":{"weight":0.0,"played":[0.9989,0.0011],"evs":[0.0,-2.89019]},"K6s":{"weight":0.0,"played":[1.0,0.0],"evs":[0.0,-3.52892]},"K7s":{"weight":0.0,"played":[1.0,0.0],"evs":[0.0,-3.52133]},"K8s":{"weight":0.0,"played":[1.0,0.0],"evs":[0.0,-2.5567]},"K9s":{"weight":0.9995,"played":[0.9972,0.0028],"evs":[0.0,-2.03298]},"KTs":{"weight":0.8207,"played":[0.9856,0.0144],"evs":[0.0,-1.49728]},"KJs":{"weight":0.0098,"played":[0.9722,0.0278],"evs":[0.0,-1.40307]},"KQs":{"weight":0.5696,"played":[0.5458,0.4542],"evs":[0.0,-0.41722]},"KK":{"weight":1.0,"played":[0.0,1.0],"evs":[0.0,14.40485]},"AKo":{"weight":0.0,"played":[0.0,1.0],"evs":[0.0,4.05987]},"A2s":{"weight":0.0,"played":[0.9986,0.0014],"evs":[0.0,-2.17572]},"A3s":{"weight":0.527,"played":[0.9996,4.0E-4],"evs":[0.0,-2.08438]},"A4s":{"weight":0.9947,"played":[0.9999,1.0E-4],"evs":[0.0,-2.16809]},"A5s":{"weight":0.2814,"played":[0.939,0.061],"evs":[0.0,-1.6136]},"A6s":{"weight":0.9462,"played":[1.0,0.0],"evs":[0.0,-1.67321]},"A7s":{"weight":0.9173,"played":[0.9992,8.0E-4],"evs":[0.0,-0.92546]},"A8s":{"weight":0.9239,"played":[0.9816,0.0184],"evs":[0.0,-2.12774]},"A9s":{"weight":1.0,"played":[0.9989,0.0011],"evs":[0.0,-1.59132]},"ATs":{"weight":1.0,"played":[0.9933,0.0067],"evs":[0.0,-0.75645]},"AJs":{"weight":1.0,"played":[0.3474,0.6526],"evs":[0.0,-0.19275]},"AQs":{"weight":0.9999,"played":[5.0E-4,0.9995],"evs":[0.0,2.35554]},"AKs":{"weight":0.0016,"played":[0.0,1.0],"evs":[0.0,5.11315]},"AA":{"weight":1.0,"played":[0.0,1.0],"evs":[0.0,19.12536]}}}