{"player":5,"street":0,"children":3,"sequence":[{"player":0,"type":"F","amount":0,"street":0},{"player":1,"type":"F","amount":0,"street":0},{"player":2,"type":"R","amount":200000,"street":0},{"player":3,"type":"C","amount":200000,"street":0},{"player":4,"type":"F","amount":0,"street":0}],"actions":[{"type":"F","amount":0},{"type":"C","amount":100000},{"type":"R","amount":1385000,"node":38}],"hands":{"22":{"weight":1.0,"played":[0.0,1.0,0.0],"evs":[0.0,0.72531,0.00876]},"32o":{"weight":1.0,"played":[1.0,0.0,0.0],"evs":[0.0,-0.04634,-2.96645]},"42o":{"weight":1.0,"played":[1.0,0.0,0.0],"evs":[0.0,-0.01661,-2.83233]},"52o":{"weight":1.0,"played":[0.122,0.878,0.0],"evs":[0.0,0.01361,-2.6873]},"62o":{"weight":1.0,"played":[1.0,0.0,0.0],"evs":[0.0,-0.07159,-2.89738]},"72o":{"weight":1.0,"played":[1.0,0.0,0.0],"evs":[0.0,-0.15426,-3.10236]},"82o":{"weight":1.0,"played":[1.0,0.0,0.0],"evs":[0.0,-0.14892,-2.97713]},"92o":{"weight":1.0,"played":[1.0,0.0,0.0],"evs":[0.0,-0.12789,-2.84127]},"T2o":{"weight":1.0,"played":[1.0,0.0,0.0],"evs":[0.0,-0.19553,-2.91276]},"J2o":{"weight":1.0,"played":[1.0,0.0,0.0],"evs":[0.0,-0.09739,-2.55664]},"Q2o":{"weight":1.0,"played":[0.9459,0.0541,0.0],"evs":[0.0,-0.00954,-2.19451]},"K2o":{"weight":1.0,"played":[0.0052,0.9948,0.0],"evs":[0.0,0.02891,-1.58911]},"A2o":{"weight":1.0,"played":[0.0,1.0,0.0],"evs":[0.0,0.18252,-0.31774]},"32s":{"weight":1.0,"played":[3.0E-4,0.9997,0.0],"evs":[0.0,0.2299,-2.12632]},"33":{"weight":1.0,"played":[0.0,0.9999,1.0E-4],"evs":[0.0,0.74405,0.24222]},"43o":{"weight":1.0,"played":[0.0012,0.9988,0.0],"evs":[0.0,0.07713,-2.53455]},"53o":{"weight":1.0,"played":[9.0E-4,0.9991,0.0],"evs":[0.0,0.11576,-2.34132]},"63o":{"weight":1.0,"played":[0.0072,0.9928,0.0],"evs":[0.0,0.02743,-2.53965]},"73o":{"weight":1.0,"played":[1.0,0.0,0.0],"evs":[0.0,-0.07295,-2.75224]},"83o":{"weight":1.0,"played":[1.0,0.0,0.0],"evs":[0.0,-0.14538,-2.94975]},"93o":{"weight":1.0,"played":[1.0,0.0,0.0],"evs":[0.0,-0.11614,-2.74063]},"T3o":{"weight":1.0,"played":[1.0,0.0,0.0],"evs":[0.0,-0.16717,-2.81398]},"J3o":{"weight":1.0,"played":[1.0,0.0,0.0],"evs":[0.0,-0.07801,-2.47115]},"Q3o":{"weight":1.0,"played":[1.0,0.0,0.0],"evs":[0.0,-0.01584,-2.10742]},"K3o":{"weight":1.0,"played":[4.0E-4,0.9996,0.0],"evs":[0.0,0.05646,-1.46868]},"A3o":{"weight":1.0,"played":[0.0,1.0,0.0],"evs":[0.0,0.2394,-0.22287]},"42s":{"weight":1.0,"played":[1.0E-4,0.9999,0.0],"evs":[0.0,0.23064,-2.04148]},"43s":{"weight":1.0,"played":[1.0E-4,0.9999,0.0],"evs":[0.0,0.33467,-1.73041]},"44":{"weight":1.0,"played":[0.0,0.9941,0.0059],"evs":[0.0,0.79915,0.64616]},"54o":{"weight":1.0,"played":[1.0E-4,0.9999,0.0],"evs":[0.0,0.21591,-1.99005]},"64o":{"weight":1.0,"played":[3.0E-4,0.9997,0.0],"evs":[0.0,0.13391,-2.18219]},"74o":{"weight":1.0,"played":[0.1559,0.8441,0.0],"evs":[0.0,0.01983,-2.39927]},"84o":{"weight":1.0,"played":[1.0,0.0,0.0],"evs":[0.0,-0.06671,-2.59654]},"94o":{"weight":1.0,"played":[1.0,0.0,0.0],"evs":[0.0,-0.11011,-2.71504]},"T4o":{"weight":1.0,"played":[1.0,0.0,0.0],"evs":[0.0,-0.15796,-2.66889]},"J4o":{"weight":1.0,"played":[1.0,0.0,0.0],"evs":[0.0,-0.07365,-2.32604]},"Q4o":{"weight":1.0,"played":[0.4142,0.5858,0.0],"evs":[0.0,0.0075,-1.98974]},"K4o":{"weight":1.0,"played":[0.0,1.0,0.0],"evs":[0.0,0.07081,-1.35033]},"A4o":{"weight":1.0,"played":[0.0,1.0,0.0],"evs":[0.0,0.28653,-0.06779]},"52s":{"weight":1.0,"played":[0.0,1.0,0.0],"evs":[0.0,0.29446,-1.86798]},"53s":{"weight":1.0,"played":[0.0,1.0,0.0],"evs":[0.0,0.38963,-1.55863]},"54s":{"weight":1.0,"played":[0.0,1.0,0.0],"evs":[0.0,0.49647,-1.2508]},"55":{"weight":1.0,"played":[0.0,1.0E-4,0.9999],"evs":[0.0,0.87097,1.25803]},"65o":{"weight":1.0,"played":[1.0E-4,0.9999,0.0],"evs":[0.0,0.23321,-1.82529]},"75o":{"weight":1.0,"played":[0.0029,0.9971,0.0],"evs":[0.0,0.11864,-2.03726]},"85o":{"weight":1.0,"played":[0.0098,0.9902,0.0],"evs":[0.0,0.024,-2.21177]},"95o":{"weight":1.0,"played":[1.0,0.0,0.0],"evs":[0.0,-0.01532,-2.31099]},"T5o":{"weight":1.0,"played":[1.0,0.0,0.0],"evs":[0.0,-0.14277,-2.57785]},"J5o":{"weight":1.0,"played":[1.0,0.0,0.0],"evs":[0.0,-0.06288,-2.19434]},"Q5o":{"weight":1.0,"played":[0.0283,0.9717,0.0],"evs":[0.0,0.01046,-1.85846]},"K5o":{"weight":1.0,"played":[3.0E-4,0.9997,0.0],"evs":[0.0,0.09095,-1.16561]},"A5o":{"weight":1.0,"played":[0.0,1.0,0.0],"evs":[0.0,0.34707,0.14699]},"62s":{"weight":1.0,"played":[2.0E-4,0.9998,0.0],"evs":[0.0,0.19078,-2.05022]},"63s":{"weight":1.0,"played":[1.0E-4,0.9999,0.0],"evs":[0.0,0.27039,-1.78418]},"64s":{"weight":1.0,"played":[1.0E-4,0.9999,0.0],"evs":[0.0,0.39572,-1.42801]},"65s":{"weight":1.0,"played":[0.0,1.0,0.0],"evs":[0.0,0.50011,-1.04644]},"66":{"weight":1.0,"played":[0.0,0.0,1.0],"evs":[0.0,0.92119,1.72377]},"76o":{"weight":1.0,"played":[1.0E-4,0.9999,0.0],"evs":[0.0,0.18277,-1.70138]},"86o":{"weight":1.0,"played":[1.0E-4,0.9999,0.0],"evs":[0.0,0.11539,-1.86694]},"96o":{"weight":1.0,"played":[0.0025,0.9975,0.0],"evs":[0.0,0.06699,-1.94805]},"T6o":{"weight":1.0,"played":[1.0,0.0,0.0],"evs":[0.0,-0.08778,-2.21996]},"J6o":{"weight":1.0,"played":[1.0,0.0,0.0],"evs":[0.0,-0.05827,-2.14135]},"Q6o":{"weight":1.0,"played":[0.0327,0.9673,0.0],"evs":[0.0,0.0245,-1.732]},"K6o":{"weight":1.0,"played":[0.0,1.0,0.0],"evs":[0.0,0.12012,-1.00729]},"A6o":{"weight":1.0,"played":[0.0,1.0,0.0],"evs":[0.0,0.25234,0.07737]},"72s":{"weight":1.0,"played":[9.0E-4,0.9991,0.0],"evs":[0.0,0.12499,-2.24044]},"73s":{"weight":1.0,"played":[1.0E-4,0.9999,0.0],"evs":[0.0,0.20027,-1.99483]},"74s":{"weight":1.0,"played":[0.0,1.0,0.0],"evs":[0.0,0.28733,-1.62567]},"75s":{"weight":1.0,"played":[0.0,1.0,0.0],"evs":[0.0,0.41372,-1.21295]},"76s":{"weight":1.0,"played":[0.0,1.0,0.0],"evs":[0.0,0.48329,-0.93675]},"77":{"weight":1.0,"played":[0.0,0.0,1.0],"evs":[0.0,1.02603,2.1166]},"87o":{"weight":1.0,"played":[1.0E-4,0.9999,0.0],"evs":[0.0,0.17534,-1.61958]},"97o":{"weight":1.0,"played":[8.0E-4,0.9992,0.0],"evs":[0.0,0.14411,-1.67684]},"T7o":{"weight":1.0,"played":[0.3409,0.6591,0.0],"evs":[0.0,0.01943,-1.94195]},"J7o":{"weight":1.0,"played":[0.0407,0.9593,0.0],"evs":[0.0,0.03246,-1.83234]},"Q7o":{"weight":1.0,"played":[0.0018,0.9982,0.0],"evs":[0.0,0.06601,-1.69803]},"K7o":{"weight":1.0,"played":[0.0,1.0,0.0],"evs":[0.0,0.15285,-0.90728]},"A7o":{"weight":1.0,"played":[0.0,0.9999,1.0E-4],"evs":[0.0,0.30767,0.24655]},"82s":{"weight":1.0,"played":[9.0E-4,0.9991,0.0],"evs":[0.0,0.11759,-2.14322]},"83s":{"weight":1.0,"played":[1.0E-4,0.9999,0.0],"evs":[0.0,0.12639,-2.12653]},"84s":{"weight":1.0,"played":[1.0E-4,0.9999,0.0],"evs":[0.0,0.19297,-1.8297]},"85s":{"weight":1.0,"played":[0.0,1.0,0.0],"evs":[0.0,0.33139,-1.41642]},"86s":{"weight":1.0,"played":[0.0,1.0,0.0],"evs":[0.0,0.4179,-1.05639]},"87s":{"weight":1.0,"played":[0.0,1.0,0.0],"evs":[0.0,0.49254,-0.83228]},"88":{"weight":1.0,"played":[0.0,0.0,1.0],"evs":[0.0,1.14411,2.62678]},"98o":{"weight":1.0,"played":[2.0E-4,0.9998,0.0],"evs":[0.0,0.18996,-1.46807]},"T8o":{"weight":1.0,"played":[0.0021,0.9979,0.0],"evs":[0.0,0.07136,-1.67499]},"J8o":{"weight":1.0,"played":[3.0E-4,0.9997,0.0],"evs":[0.0,0.06598,-1.59773]},"Q8o":{"weight":1.0,"played":[9.0E-4,0.9991,0.0],"evs":[0.0,0.10409,-1.47482]},"K8o":{"weight":1.0,"played":[0.0,1.0,0.0],"evs":[0.0,0.16045,-0.86802]},"A8o":{"weight":1.0,"played":[0.0,1.0E-4,0.9999],"evs":[0.0,0.43608,0.58007]},"92s":{"weight":1.0,"played":[0.0029,0.9971,0.0],"evs":[0.0,0.13855,-2.05067]},"93s":{"weight":1.0,"played":[0.0036,0.9964,0.0],"evs":[0.0,0.16292,-1.9176]},"94s":{"weight":1.0,"played":[0.0012,0.9988,0.0],"evs":[0.0,0.12586,-1.92562]},"95s":{"weight":1.0,"played":[1.0E-4,0.9999,0.0],"evs":[0.0,0.25596,-1.49797]},"96s":{"weight":1.0,"played":[0.0,1.0,0.0],"evs":[0.0,0.36681,-1.13113]},"97s":{"weight":1.0,"played":[0.0,1.0,0.0],"evs":[0.0,0.43451,-0.94158]},"98s":{"weight":1.0,"played":[0.0,1.0,0.0],"evs":[0.0,0.48989,-0.73375]},"99":{"weight":1.0,"played":[0.0,0.0,1.0],"evs":[0.0,1.29876,3.17291]},"T9o":{"weight":1.0,"played":[1.0E-4,0.9999,0.0],"evs":[0.0,0.16868,-1.36442]},"J9o":{"weight":1.0,"played":[0.0,1.0,0.0],"evs":[0.0,0.1917,-1.32501]},"Q9o":{"weight":1.0,"played":[0.0,1.0,0.0],"evs":[0.0,0.19901,-1.20942]},"K9o":{"weight":1.0,"played":[0.0,1.0,0.0],"evs":[0.0,0.27979,-0.59658]},"A9o":{"weight":1.0,"played":[0.0,0.0,1.0],"evs":[0.0,0.61534,1.0147]},"T2s":{"weight":1.0,"played":[0.005,0.995,0.0],"evs":[0.0,0.1012,-2.02933]},"T3s":{"weight":1.0,"played":[0.0211,0.9789,0.0],"evs":[0.0,0.10922,-1.96069]},"T4s":{"weight":1.0,"played":[8.0E-4,0.9992,0.0],"evs":[0.0,0.10906,-1.84969]},"T5s":{"weight":1.0,"played":[1.0E-4,0.9999,0.0],"evs":[0.0,0.13607,-1.78097]},"T6s":{"weight":1.0,"played":[2.0E-4,0.9998,0.0],"evs":[0.0,0.22336,-1.4226]},"T7s":{"weight":1.0,"played":[0.0,1.0,0.0],"evs":[0.0,0.34344,-1.09348]},"T8s":{"weight":1.0,"played":[0.0,1.0,0.0],"evs":[0.0,0.40047,-0.91392]},"T9s":{"weight":1.0,"played":[0.0,1.0,0.0],"evs":[0.0,0.5354,-0.61945]},"TT":{"weight":1.0,"played":[0.0,0.0,1.0],"evs":[0.0,1.66328,4.05447]},"JTo":{"weight":1.0,"played":[0.0,1.0,0.0],"evs":[0.0,0.27028,-0.98161]},"QTo":{"weight":1.0,"played":[0.0,1.0,0.0],"evs":[0.0,0.38472,-0.6878]},"KTo":{"weight":1.0,"played":[0.0,1.0,0.0],"evs":[0.0,0.53583,0.10401]},"ATo":{"weight":1.0,"played":[0.0,0.0,1.0],"evs":[0.0,1.03636,2.23184]},"J2s":{"weight":1.0,"played":[2.0E-4,0.9998,0.0],"evs":[0.0,0.21666,-1.69042]},"J3s":{"weight":1.0,"played":[2.0E-4,0.9998,0.0],"evs":[0.0,0.20621,-1.60802]},"J4s":{"weight":1.0,"played":[3.0E-4,0.9997,0.0],"evs":[0.0,0.24107,-1.52161]},"J5s":{"weight":1.0,"played":[1.0E-4,0.9999,0.0],"evs":[0.0,0.25276,-1.41755]},"J6s":{"weight":1.0,"played":[3.0E-4,0.9997,0.0],"evs":[0.0,0.27429,-1.28575]},"J7s":{"weight":1.0,"played":[1.0E-4,0.9999,0.0],"evs":[0.0,0.34541,-1.06587]},"J8s":{"weight":1.0,"played":[0.0,1.0,0.0],"evs":[0.0,0.42225,-0.83842]},"J9s":{"weight":1.0,"played":[0.0,1.0,0.0],"evs":[0.0,0.518,-0.60526]},"JTs":{"weight":1.0,"played":[0.0,1.0,0.0],"evs":[0.0,0.61401,-0.28821]},"JJ":{"weight":1.0,"played":[0.0,0.0,1.0],"evs":[0.0,2.2969,4.98083]},"QJo":{"weight":1.0,"played":[0.0,1.0,0.0],"evs":[0.0,0.61913,-0.12015]},"KJo":{"weight":1.0,"played":[0.0,1.0,0.0],"evs":[0.0,0.82265,0.70669]},"AJo":{"weight":1.0,"played":[0.0,0.0,1.0],"evs":[0.0,1.35809,2.91236]},"Q2s":{"weight":1.0,"played":[4.0E-4,0.9996,0.0],"evs":[0.0,0.30498,-1.36677]},"Q3s":{"weight":1.0,"played":[4.0E-4,0.9996,0.0],"evs":[0.0,0.29321,-1.30299]},"Q4s":{"weight":1.0,"played":[0.0,1.0,0.0],"evs":[0.0,0.31135,-1.22338]},"Q5s":{"weight":1.0,"played":[0.0,1.0,0.0],"evs":[0.0,0.3427,-1.0345]},"Q6s":{"weight":1.0,"played":[0.0,1.0,0.0],"evs":[0.0,0.35127,-0.93123]},"Q7s":{"weight":1.0,"played":[0.0,1.0,0.0],"evs":[0.0,0.38188,-0.93486]},"Q8s":{"weight":1.0,"played":[0.0,1.0,0.0],"evs":[0.0,0.43618,-0.66385]},"Q9s":{"weight":1.0,"played":[0.0,1.0,0.0],"evs":[0.0,0.5372,-0.44645]},"QTs":{"weight":1.0,"played":[0.0,1.0,0.0],"evs":[0.0,0.7821,0.01734]},"QJs":{"weight":1.0,"played":[0.0,0.9998,2.0E-4],"evs":[0.0,0.96195,0.55069]},"QQ":{"weight":1.0,"played":[0.0,0.0,1.0],"evs":[0.0,3.08419,5.80924]},"KQo":{"weight":1.0,"played":[0.0,3.0E-4,0.9997],"evs":[0.0,1.08569,1.24505]},"AQo":{"weight":1.0,"played":[0.0,0.0,1.0],"evs":[0.0,1.62528,3.45202]},"K2s":{"weight":1.0,"played":[0.0,1.0,0.0],"evs":[0.0,0.38825,-0.79495]},"K3s":{"weight":1.0,"played":[0.0,1.0,0.0],"evs":[0.0,0.41072,-0.68653]},"K4s":{"weight":1.0,"played":[1.0E-4,0.9999,0.0],"evs":[0.0,0.4511,-0.57893]},"K5s":{"weight":1.0,"played":[0.0,1.0,0.0],"evs":[0.0,0.45794,-0.38967]},"K6s":{"weight":1.0,"played":[0.0,1.0,0.0],"evs":[0.0,0.49804,-0.26109]},"K7s":{"weight":1.0,"played":[0.0,1.0,0.0],"evs":[0.0,0.50429,-0.205]},"K8s":{"weight":1.0,"played":[0.0,1.0,0.0],"evs":[0.0,0.56632,-0.07399]},"K9s":{"weight":1.0,"played":[0.0,1.0,0.0],"evs":[0.0,0.64741,0.09899]},"KTs":{"weight":1.0,"played":[0.0,1.0,0.0],"evs":[0.0,0.95485,0.84808]},"KJs":{"weight":1.0,"played":[0.0,0.0061,0.9939],"evs":[0.0,1.21654,1.34599]},"KQs":{"weight":1.0,"played":[0.0,0.0,1.0],"evs":[0.0,1.50205,1.92248]},"KK":{"weight":1.0,"played":[0.0,0.0,1.0],"evs":[0.0,4.32829,7.10264]},"AKo":{"weight":1.0,"played":[0.0,0.0,1.0],"evs":[0.0,1.97951,4.05785]},"A2s":{"weight":1.0,"played":[0.0,0.9994,6.0E-4],"evs":[0.0,0.65239,0.42273]},"A3s":{"weight":1.0,"played":[0.0,0.9943,0.0057],"evs":[0.0,0.67139,0.49434]},"A4s":{"weight":1.0,"played":[0.0,0.9877,0.0123],"evs":[0.0,0.71998,0.63062]},"A5s":{"weight":1.0,"played":[0.0,8.0E-4,0.9992],"evs":[0.0,0.81477,0.88712]},"A6s":{"weight":1.0,"played":[0.0,0.0022,0.9978],"evs":[0.0,0.69999,0.79192]},"A7s":{"weight":1.0,"played":[0.0,6.0E-4,0.9994],"evs":[0.0,0.79201,1.00008]},"A8s":{"weight":1.0,"played":[0.0,1.0E-4,0.9999],"evs":[0.0,0.90236,1.24248]},"A9s":{"weight":1.0,"played":[0.0,0.0,1.0],"evs":[0.0,1.12439,1.6644]},"ATs":{"weight":1.0,"played":[0.0,0.0,1.0],"evs":[0.0,1.49512,2.71826]},"AJs":{"weight":1.0,"played":[0.0,0.0,1.0],"evs":[0.0,1.86268,3.42341]},"AQs":{"weight":1.0,"played":[0.0,0.0,1.0],"evs":[0.0,2.08324,3.92329]},"AKs":{"weight":1.0,"played":[0.0,0.0,1.0],"evs":[0.0,2.43546,4.47043]},"AA":{"weight":1.0,"played":[0.0,0.0,1.0],"evs":[0.0,6.33532,9.31493]}}}