{"player":0,"street":0,"children":2,"sequence":[{"player":0,"type":"R","amount":200000,"street":0},{"player":1,"type":"F","amount":0,"street":0},{"player":2,"type":"C","amount":200000,"street":0},{"player":3,"type":"C","amount":200000,"street":0},{"player":4,"type":"F","amount":0,"street":0},{"player":5,"type":"R","amount":1385000,"street":0},{"player":0,"type":"C","amount":1185000,"street":0},{"player":2,"type":"R","amount":2385000,"street":0},{"player":3,"type":"R","amount":3285000,"street":0}],"actions":[{"type":"F","amount":0},{"type":"C","amount":1900000}],"hands":{"22":{"weight":0.0,"played":[0.0268,0.9732],"evs":[0.0,6.89552]},"32o":{"weight":0.0,"played":[0.3474,0.6526],"evs":[0.0,1.03689]},"42o":{"weight":0.0,"played":[0.393,0.607],"evs":[0.0,-0.3828]},"52o":{"weight":0.0,"played":[0.8991,0.1009],"evs":[0.0,-1.93013]},"62o":{"weight":0.0,"played":[0.5,0.5],"evs":[0.0,-2.95734]},"72o":{"weight":0.0,"played":[0.9387,0.0613],"evs":[0.0,-4.82906]},"82o":{"weight":0.0,"played":[0.6164,0.3836],"evs":[0.0,-2.52642]},"92o":{"weight":0.0,"played":[0.7209,0.2791],"evs":[0.0,-3.79995]},"T2o":{"weight":0.0,"played":[0.2059,0.7941],"evs":[0.0,2.26337]},"J2o":{"weight":0.0,"played":[0.7524,0.2476],"evs":[0.0,-1.32645]},"Q2o":{"weight":0.0,"played":[0.9758,0.0242],"evs":[0.0,-3.75985]},"K2o":{"weight":0.0,"played":[0.5125,0.4875],"evs":[0.0,0.08158]},"A2o":{"weight":0.0,"played":[5.0E-4,0.9995],"evs":[0.0,1.41064]},"32s":{"weight":0.0,"played":[0.1584,0.8416],"evs":[0.0,1.82187]},"33":{"weight":0.0,"played":[2.0E-4,0.9998],"evs":[0.0,4.59074]},"43o":{"weight":0.0,"played":[0.2655,0.7345],"evs":[0.0,2.89575]},"53o":{"weight":0.0,"played":[0.5925,0.4075],"evs":[0.0,3.06739]},"63o":{"weight":0.0,"played":[0.5914,0.4086],"evs":[0.0,-0.14523]},"73o":{"weight":0.0,"played":[0.7208,0.2792],"evs":[0.0,0.28193]},"83o":{"weight":0.0,"played":[0.3506,0.6494],"evs":[0.0,-0.9926]},"93o":{"weight":0.0,"played":[0.9857,0.0143],"evs":[0.0,-3.71499]},"T3o":{"weight":0.0,"played":[0.1961,0.8039],"evs":[0.0,-0.16156]},"J3o":{"weight":0.0,"played":[0.7677,0.2323],"evs":[0.0,0.38501]},"Q3o":{"weight":0.0,"played":[0.8454,0.1546],"evs":[0.0,-3.92452]},"K3o":{"weight":0.0,"played":[0.5718,0.4282],"evs":[0.0,0.75844]},"A3o":{"weight":0.0,"played":[0.2115,0.7885],"evs":[0.0,3.25618]},"42s":{"weight":0.0,"played":[0.5672,0.4328],"evs":[0.0,3.09267]},"43s":{"weight":0.0,"played":[0.0581,0.9419],"evs":[0.0,4.1061]},"44":{"weight":0.0,"played":[0.069,0.931],"evs":[0.0,6.27608]},"54o":{"weight":0.0,"played":[0.2332,0.7668],"evs":[0.0,1.47068]},"64o":{"weight":0.0,"played":[0.003,0.997],"evs":[0.0,4.88249]},"74o":{"weight":0.0,"played":[0.9991,9.0E-4],"evs":[0.0,-3.01014]},"84o":{"weight":0.0,"played":[0.59,0.41],"evs":[0.0,-1.2514]},"94o":{"weight":0.0,"played":[0.7883,0.2117],"evs":[0.0,-1.55798]},"T4o":{"weight":0.0,"played":[0.5315,0.4685],"evs":[0.0,0.50653]},"J4o":{"weight":0.0,"played":[0.787,0.213],"evs":[0.0,-2.51154]},"Q4o":{"weight":0.0,"played":[0.7386,0.2614],"evs":[0.0,-2.01818]},"K4o":{"weight":0.0,"played":[0.0461,0.9539],"evs":[0.0,4.51223]},"A4o":{"weight":0.0,"played":[0.3091,0.6909],"evs":[0.0,2.66745]},"52s":{"weight":0.0,"played":[0.1256,0.8744],"evs":[0.0,4.89764]},"53s":{"weight":0.0,"played":[0.3644,0.6356],"evs":[0.0,5.07049]},"54s":{"weight":0.0,"played":[0.0085,0.9915],"evs":[0.0,3.81673]},"55":{"weight":0.0297,"played":[0.0288,0.9712],"evs":[0.0,5.70382]},"65o":{"weight":0.0,"played":[0.6775,0.3225],"evs":[0.0,0.37368]},"75o":{"weight":0.0,"played":[0.3626,0.6374],"evs":[0.0,-0.14534]},"85o":{"weight":0.0,"played":[0.5023,0.4977],"evs":[0.0,1.5421]},"95o":{"weight":0.0,"played":[0.9392,0.0608],"evs":[0.0,-0.81011]},"T5o":{"weight":0.0,"played":[0.9855,0.0145],"evs":[0.0,-2.39508]},"J5o":{"weight":0.0,"played":[0.8044,0.1956],"evs":[0.0,-1.33365]},"Q5o":{"weight":0.0,"played":[0.7102,0.2898],"evs":[0.0,1.32893]},"K5o":{"weight":0.0,"played":[0.5574,0.4426],"evs":[0.0,0.43862]},"A5o":{"weight":0.0,"played":[0.1699,0.8301],"evs":[0.0,-0.48965]},"62s":{"weight":0.0,"played":[0.371,0.629],"evs":[0.0,1.03227]},"63s":{"weight":0.0,"played":[0.5619,0.4381],"evs":[0.0,-3.90429]},"64s":{"weight":0.0,"played":[0.0303,0.9697],"evs":[0.0,5.24769]},"65s":{"weight":0.0,"played":[0.3591,0.6409],"evs":[0.0,4.91805]},"66":{"weight":0.4785,"played":[0.0013,0.9987],"evs":[0.0,6.55011]},"76o":{"weight":0.0,"played":[0.0121,0.9879],"evs":[0.0,0.11609]},"86o":{"weight":0.0,"played":[0.0178,0.9822],"evs":[0.0,5.54325]},"96o":{"weight":0.0,"played":[0.364,0.636],"evs":[0.0,0.28073]},"T6o":{"weight":0.0,"played":[0.171,0.829],"evs":[0.0,2.23263]},"J6o":{"weight":0.0,"played":[0.7669,0.2331],"evs":[0.0,-2.1659]},"Q6o":{"weight":0.0,"played":[0.7839,0.2161],"evs":[0.0,-2.13567]},"K6o":{"weight":0.0,"played":[0.1512,0.8488],"evs":[0.0,1.15151]},"A6o":{"weight":0.0,"played":[0.2261,0.7739],"evs":[0.0,2.855]},"72s":{"weight":0.0,"played":[0.5929,0.4071],"evs":[0.0,-1.42697]},"73s":{"weight":0.0,"played":[0.6303,0.3697],"evs":[0.0,0.29199]},"74s":{"weight":0.0,"played":[0.8289,0.1711],"evs":[0.0,-3.39771]},"75s":{"weight":0.0,"played":[0.8307,0.1693],"evs":[0.0,-4.85316]},"76s":{"weight":0.0,"played":[0.0032,0.9968],"evs":[0.0,4.19047]},"77":{"weight":0.1317,"played":[0.0,1.0],"evs":[0.0,8.8431]},"87o":{"weight":0.0,"played":[0.6296,0.3704],"evs":[0.0,-0.65313]},"97o":{"weight":0.0,"played":[0.2664,0.7336],"evs":[0.0,-0.479]},"T7o":{"weight":0.0,"played":[0.5982,0.4018],"evs":[0.0,-1.66985]},"J7o":{"weight":0.0,"played":[0.2947,0.7053],"evs":[0.0,-1.40234]},"Q7o":{"weight":0.0,"played":[0.3002,0.6998],"evs":[0.0,-0.39549]},"K7o":{"weight":0.0,"played":[0.2077,0.7923],"evs":[0.0,5.71967]},"A7o":{"weight":0.0,"played":[0.2759,0.7241],"evs":[0.0,1.52423]},"82s":{"weight":0.0,"played":[0.1149,0.8851],"evs":[0.0,1.17934]},"83s":{"weight":0.0,"played":[0.5622,0.4378],"evs":[0.0,-1.7213]},"84s":{"weight":0.0,"played":[0.1806,0.8194],"evs":[0.0,3.06536]},"85s":{"weight":0.0,"played":[0.377,0.623],"evs":[0.0,-0.23313]},"86s":{"weight":0.0,"played":[0.0885,0.9115],"evs":[0.0,-0.78112]},"87s":{"weight":3.0E-4,"played":[0.2859,0.7141],"evs":[0.0,2.89335]},"88":{"weight":0.2523,"played":[4.0E-4,0.9996],"evs":[0.0,9.00111]},"98o":{"weight":0.0,"played":[0.3713,0.6287],"evs":[0.0,2.08404]},"T8o":{"weight":0.0,"played":[0.0188,0.9812],"evs":[0.0,0.87721]},"J8o":{"weight":0.0,"played":[0.0632,0.9368],"evs":[0.0,2.33068]},"Q8o":{"weight":0.0,"played":[0.4615,0.5385],"evs":[0.0,-1.83564]},"K8o":{"weight":0.0,"played":[0.011,0.989],"evs":[0.0,3.57364]},"A8o":{"weight":0.0,"played":[0.0192,0.9808],"evs":[0.0,0.67864]},"92s":{"weight":0.0,"played":[0.1762,0.8238],"evs":[0.0,4.97388]},"93s":{"weight":0.0,"played":[0.595,0.405],"evs":[0.0,-1.91419]},"94s":{"weight":0.0,"played":[0.0961,0.9039],"evs":[0.0,5.81548]},"95s":{"weight":0.0,"played":[0.3216,0.6784],"evs":[0.0,4.15023]},"96s":{"weight":0.0,"played":[0.2209,0.7791],"evs":[0.0,5.13292]},"97s":{"weight":8.0E-4,"played":[0.0141,0.9859],"evs":[0.0,6.3778]},"98s":{"weight":0.43,"played":[0.0231,0.9769],"evs":[0.0,6.58808]},"99":{"weight":0.1784,"played":[0.0,1.0],"evs":[0.0,11.99698]},"T9o":{"weight":0.0,"played":[0.0107,0.9893],"evs":[0.0,7.07974]},"J9o":{"weight":0.0,"played":[0.2821,0.7179],"evs":[0.0,1.95741]},"Q9o":{"weight":0.0,"played":[0.5335,0.4665],"evs":[0.0,-0.68699]},"K9o":{"weight":0.0,"played":[0.0404,0.9596],"evs":[0.0,3.20408]},"A9o":{"weight":1.0E-4,"played":[0.0217,0.9783],"evs":[0.0,3.86826]},"T2s":{"weight":0.0,"played":[0.3111,0.6889],"evs":[0.0,1.23624]},"T3s":{"weight":0.0,"played":[0.993,0.007],"evs":[0.0,-5.6272]},"T4s":{"weight":0.0,"played":[0.4594,0.5406],"evs":[0.0,-0.42851]},"T5s":{"weight":0.0,"played":[0.9912,0.0088],"evs":[0.0,-1.74833]},"T6s":{"weight":0.0,"played":[0.3736,0.6264],"evs":[0.0,2.6543]},"T7s":{"weight":0.0,"played":[0.0325,0.9675],"evs":[0.0,4.47196]},"T8s":{"weight":0.0,"played":[0.0772,0.9228],"evs":[0.0,0.87022]},"T9s":{"weight":0.0752,"played":[0.2369,0.7631],"evs":[0.0,2.83043]},"TT":{"weight":0.6338,"played":[2.0E-4,0.9998],"evs":[0.0,10.99956]},"JTo":{"weight":1.0E-4,"played":[0.0055,0.9945],"evs":[0.0,4.97271]},"QTo":{"weight":0.0,"played":[0.2061,0.7939],"evs":[0.0,0.75734]},"KTo":{"weight":0.0,"played":[0.0511,0.9489],"evs":[0.0,6.68669]},"ATo":{"weight":1.0E-4,"played":[2.0E-4,0.9998],"evs":[0.0,4.55134]},"J2s":{"weight":0.0,"played":[0.2023,0.7977],"evs":[0.0,1.9106]},"J3s":{"weight":0.0,"played":[0.3783,0.6217],"evs":[0.0,1.94155]},"J4s":{"weight":0.0,"played":[0.7691,0.2309],"evs":[0.0,-1.99136]},"J5s":{"weight":0.0,"played":[0.0381,0.9619],"evs":[0.0,7.37519]},"J6s":{"weight":0.0,"played":[0.5029,0.4971],"evs":[0.0,1.28484]},"J7s":{"weight":0.0,"played":[0.5226,0.4774],"evs":[0.0,-1.28896]},"J8s":{"weight":0.0013,"played":[0.0369,0.9631],"evs":[0.0,7.9692]},"J9s":{"weight":0.0139,"played":[0.002,0.998],"evs":[0.0,3.8145]},"JTs":{"weight":0.046,"played":[0.0097,0.9903],"evs":[0.0,7.87478]},"JJ":{"weight":0.5898,"played":[0.0,1.0],"evs":[0.0,13.21928]},"QJo":{"weight":0.0,"played":[0.3919,0.6081],"evs":[0.0,0.50736]},"KJo":{"weight":0.0051,"played":[0.0044,0.9956],"evs":[0.0,2.80228]},"AJo":{"weight":0.3568,"played":[0.0056,0.9944],"evs":[0.0,5.91446]},"Q2s":{"weight":0.0,"played":[0.594,0.406],"evs":[0.0,1.92832]},"Q3s":{"weight":0.0,"played":[0.2043,0.7957],"evs":[0.0,4.96583]},"Q4s":{"weight":0.0,"played":[0.0787,0.9213],"evs":[0.0,-0.60579]},"Q5s":{"weight":0.0,"played":[0.4058,0.5942],"evs":[0.0,0.05396]},"Q6s":{"weight":0.0,"played":[0.4102,0.5898],"evs":[0.0,-2.27541]},"Q7s":{"weight":0.0,"played":[0.0028,0.9972],"evs":[0.0,1.26577]},"Q8s":{"weight":0.0079,"played":[0.0111,0.9889],"evs":[0.0,4.23222]},"Q9s":{"weight":0.0,"played":[0.1616,0.8384],"evs":[0.0,3.58261]},"QTs":{"weight":0.4275,"played":[0.0507,0.9493],"evs":[0.0,4.18515]},"QJs":{"weight":0.6395,"played":[0.0109,0.9891],"evs":[0.0,5.86768]},"QQ":{"weight":0.6098,"played":[0.0,1.0],"evs":[0.0,20.92592]},"KQo":{"weight":0.8194,"played":[1.0E-4,0.9999],"evs":[0.0,5.94056]},"AQo":{"weight":0.3404,"played":[3.0E-4,0.9997],"evs":[0.0,10.64053]},"K2s":{"weight":0.0,"played":[0.3243,0.6757],"evs":[0.0,3.85649]},"K3s":{"weight":0.0,"played":[0.1186,0.8814],"evs":[0.0,7.87002]},"K4s":{"weight":0.0,"played":[0.0491,0.9509],"evs":[0.0,4.73025]},"K5s":{"weight":0.0,"played":[0.5461,0.4539],"evs":[0.0,-0.44798]},"K6s":{"weight":0.0019,"played":[0.0718,0.9282],"evs":[0.0,3.80362]},"K7s":{"weight":0.0088,"played":[0.2459,0.7541],"evs":[0.0,3.67422]},"K8s":{"weight":0.2156,"played":[0.1572,0.8428],"evs":[0.0,2.67778]},"K9s":{"weight":0.0721,"played":[0.0085,0.9915],"evs":[0.0,5.07074]},"KTs":{"weight":0.3119,"played":[0.087,0.913],"evs":[0.0,5.81419]},"KJs":{"weight":0.2041,"played":[0.002,0.998],"evs":[0.0,5.76943]},"KQs":{"weight":0.3548,"played":[0.0326,0.9674],"evs":[0.0,5.40253]},"KK":{"weight":0.7829,"played":[0.0,1.0],"evs":[0.0,27.51371]},"AKo":{"weight":0.2811,"played":[0.0,1.0],"evs":[0.0,9.64291]},"A2s":{"weight":0.0,"played":[0.0378,0.9622],"evs":[0.0,5.60831]},"A3s":{"weight":0.0,"played":[0.4154,0.5846],"evs":[0.0,-1.0919]},"A4s":{"weight":1.0E-4,"played":[0.0016,0.9984],"evs":[0.0,9.04277]},"A5s":{"weight":0.0198,"played":[0.0113,0.9887],"evs":[0.0,1.82795]},"A6s":{"weight":0.0,"played":[0.6695,0.3305],"evs":[0.0,0.92336]},"A7s":{"weight":0.0,"played":[0.1513,0.8487],"evs":[0.0,1.29655]},"A8s":{"weight":3.0E-4,"played":[0.3369,0.6631],"evs":[0.0,0.14116]},"A9s":{"weight":0.0029,"played":[0.0754,0.9246],"evs":[0.0,4.3789]},"ATs":{"weight":0.0086,"played":[0.0262,0.9738],"evs":[0.0,3.60993]},"AJs":{"weight":0.1584,"played":[7.0E-4,0.9993],"evs":[0.0,7.58388]},"AQs":{"weight":0.3798,"played":[7.0E-4,0.9993],"evs":[0.0,7.873]},"AKs":{"weight":0.4925,"played":[0.0035,0.9965],"evs":[0.0,13.90141]},"AA":{"weight":0.4225,"played":[4.0E-4,0.9996],"evs":[0.0,31.90544]}}}