{"player":2,"street":0,"children":3,"sequence":[{"player":0,"type":"F","amount":0,"street":0},{"player":1,"type":"F","amount":0,"street":0},{"player":2,"type":"R","amount":200000,"street":0},{"player":3,"type":"C","amount":200000,"street":0},{"player":4,"type":"F","amount":0,"street":0},{"player":5,"type":"R","amount":1385000,"street":0}],"actions":[{"type":"F","amount":0,"node":39},{"type":"C","amount":1185000,"node":40},{"type":"R","amount":2385000,"node":42}],"hands":{"22":{"weight":0.0047,"played":[5.0E-4,4.0E-4,0.999],"evs":[0.0,0.43732,0.44084]},"32o":{"weight":0.0,"played":[1.0,0.0,0.0],"evs":[0.0,-2.97875,-3.0094]},"42o":{"weight":0.0,"played":[1.0,0.0,0.0],"evs":[0.0,-2.82188,-2.84784]},"52o":{"weight":0.0,"played":[1.0,0.0,0.0],"evs":[0.0,-2.55325,-2.5822]},"62o":{"weight":0.0,"played":[1.0,0.0,0.0],"evs":[0.0,-2.82089,-2.84601]},"72o":{"weight":0.0,"played":[1.0,0.0,0.0],"evs":[0.0,-3.10209,-3.12789]},"82o":{"weight":0.0,"played":[1.0,0.0,0.0],"evs":[0.0,-3.09656,-3.13197]},"92o":{"weight":0.0,"played":[1.0,0.0,0.0],"evs":[0.0,-2.95664,-2.99883]},"T2o":{"weight":0.0,"played":[1.0,0.0,0.0],"evs":[0.0,-3.03423,-3.06078]},"J2o":{"weight":0.0,"played":[1.0,0.0,0.0],"evs":[0.0,-2.77704,-2.80688]},"Q2o":{"weight":0.0,"played":[1.0,0.0,0.0],"evs":[0.0,-2.53143,-2.55453]},"K2o":{"weight":0.0,"played":[1.0,0.0,0.0],"evs":[0.0,-2.30325,-2.29595]},"A2o":{"weight":0.0,"played":[1.0,0.0,0.0],"evs":[0.0,-1.52534,-1.51877]},"32s":{"weight":0.0,"played":[1.0,0.0,0.0],"evs":[0.0,-1.84659,-1.86247]},"33":{"weight":0.9986,"played":[3.0E-4,0.4333,0.5664],"evs":[0.0,0.62755,0.62914]},"43o":{"weight":0.0,"played":[1.0,0.0,0.0],"evs":[0.0,-2.3723,-2.40818]},"53o":{"weight":0.0,"played":[1.0,0.0,0.0],"evs":[0.0,-2.17082,-2.19271]},"63o":{"weight":0.0,"played":[1.0,0.0,0.0],"evs":[0.0,-2.46305,-2.48937]},"73o":{"weight":0.0,"played":[1.0,0.0,0.0],"evs":[0.0,-2.69007,-2.72513]},"83o":{"weight":0.0,"played":[1.0,0.0,0.0],"evs":[0.0,-3.13891,-3.17205]},"93o":{"weight":0.0,"played":[1.0,0.0,0.0],"evs":[0.0,-2.80157,-2.83302]},"T3o":{"weight":0.0,"played":[1.0,0.0,0.0],"evs":[0.0,-2.85623,-2.88161]},"J3o":{"weight":0.0,"played":[1.0,0.0,0.0],"evs":[0.0,-2.71715,-2.75196]},"Q3o":{"weight":0.0,"played":[1.0,0.0,0.0],"evs":[0.0,-2.46831,-2.49626]},"K3o":{"weight":0.0,"played":[1.0,0.0,0.0],"evs":[0.0,-2.1197,-2.12104]},"A3o":{"weight":2.0E-4,"played":[1.0,0.0,0.0],"evs":[0.0,-1.30554,-1.29387]},"42s":{"weight":0.0,"played":[1.0,0.0,0.0],"evs":[0.0,-1.74477,-1.75839]},"43s":{"weight":0.0,"played":[1.0,0.0,0.0],"evs":[0.0,-1.39229,-1.39827]},"44":{"weight":0.9984,"played":[0.0,0.0181,0.9818],"evs":[0.0,0.95704,0.96976]},"54o":{"weight":0.0,"played":[1.0,0.0,0.0],"evs":[0.0,-1.69966,-1.71752]},"64o":{"weight":0.0,"played":[1.0,0.0,0.0],"evs":[0.0,-2.04568,-2.06707]},"74o":{"weight":0.0,"played":[1.0,0.0,0.0],"evs":[0.0,-2.32523,-2.35616]},"84o":{"weight":0.0,"played":[1.0,0.0,0.0],"evs":[0.0,-2.67413,-2.70528]},"94o":{"weight":0.0,"played":[1.0,0.0,0.0],"evs":[0.0,-2.79303,-2.83513]},"T4o":{"weight":0.0,"played":[1.0,0.0,0.0],"evs":[0.0,-2.72668,-2.7471]},"J4o":{"weight":0.0,"played":[1.0,0.0,0.0],"evs":[0.0,-2.4662,-2.48734]},"Q4o":{"weight":0.0,"played":[1.0,0.0,0.0],"evs":[0.0,-2.36036,-2.38401]},"K4o":{"weight":0.0,"played":[1.0,0.0,0.0],"evs":[0.0,-2.04926,-2.04194]},"A4o":{"weight":1.0,"played":[1.0,0.0,0.0],"evs":[0.0,-1.25156,-1.23807]},"52s":{"weight":0.0,"played":[1.0,0.0,0.0],"evs":[0.0,-1.56439,-1.58628]},"53s":{"weight":0.0,"played":[1.0,0.0,0.0],"evs":[0.0,-1.17206,-1.19831]},"54s":{"weight":0.0,"played":[1.0,0.0,0.0],"evs":[0.0,-0.65769,-0.68468]},"55":{"weight":1.0,"played":[0.0,8.0E-4,0.9992],"evs":[0.0,1.71467,1.72381]},"65o":{"weight":0.0,"played":[1.0,0.0,0.0],"evs":[0.0,-1.50151,-1.52053]},"75o":{"weight":0.0,"played":[1.0,0.0,0.0],"evs":[0.0,-1.82735,-1.84107]},"85o":{"weight":0.0,"played":[1.0,0.0,0.0],"evs":[0.0,-2.11003,-2.14479]},"95o":{"weight":0.0,"played":[1.0,0.0,0.0],"evs":[0.0,-2.29489,-2.32506]},"T5o":{"weight":0.0,"played":[1.0,0.0,0.0],"evs":[0.0,-2.75112,-2.7704]},"J5o":{"weight":0.0,"played":[1.0,0.0,0.0],"evs":[0.0,-2.34739,-2.37868]},"Q5o":{"weight":0.0,"played":[1.0,0.0,0.0],"evs":[0.0,-2.17943,-2.19633]},"K5o":{"weight":0.0,"played":[1.0,0.0,0.0],"evs":[0.0,-1.90057,-1.90102]},"A5o":{"weight":1.0,"played":[1.0,0.0,0.0],"evs":[0.0,-1.00455,-0.99671]},"62s":{"weight":0.0,"played":[1.0,0.0,0.0],"evs":[0.0,-1.78352,-1.81398]},"63s":{"weight":0.0,"played":[1.0,0.0,0.0],"evs":[0.0,-1.28339,-1.30334]},"64s":{"weight":0.0,"played":[1.0,0.0,0.0],"evs":[0.0,-1.00556,-1.01923]},"65s":{"weight":0.0025,"played":[0.9999,0.0,1.0E-4],"evs":[0.0,-0.44091,-0.46275]},"66":{"weight":1.0,"played":[0.0,0.0015,0.9985],"evs":[0.0,2.40058,2.41683]},"76o":{"weight":0.0,"played":[1.0,0.0,0.0],"evs":[0.0,-1.32403,-1.34606]},"86o":{"weight":0.0,"played":[1.0,0.0,0.0],"evs":[0.0,-1.69236,-1.70486]},"96o":{"weight":0.0,"played":[1.0,0.0,0.0],"evs":[0.0,-1.81358,-1.84846]},"T6o":{"weight":0.0,"played":[1.0,0.0,0.0],"evs":[0.0,-2.26897,-2.28473]},"J6o":{"weight":0.0,"played":[1.0,0.0,0.0],"evs":[0.0,-2.22658,-2.25072]},"Q6o":{"weight":0.0,"played":[1.0,0.0,0.0],"evs":[0.0,-2.02189,-2.04229]},"K6o":{"weight":0.0,"played":[1.0,0.0,0.0],"evs":[0.0,-1.69335,-1.68162]},"A6o":{"weight":1.0,"played":[1.0,0.0,0.0],"evs":[0.0,-1.18827,-1.18452]},"72s":{"weight":0.0,"played":[1.0,0.0,0.0],"evs":[0.0,-2.18131,-2.21089]},"73s":{"weight":0.0,"played":[1.0,0.0,0.0],"evs":[0.0,-1.69887,-1.7152]},"74s":{"weight":0.0,"played":[1.0,0.0,0.0],"evs":[0.0,-1.1649,-1.17804]},"75s":{"weight":1.0E-4,"played":[0.9999,0.0,0.0],"evs":[0.0,-0.76527,-0.77117]},"76s":{"weight":0.5737,"played":[0.9972,0.0015,0.0014],"evs":[0.0,-0.4418,-0.45785]},"77":{"weight":1.0,"played":[0.0,0.2863,0.7137],"evs":[0.0,2.88684,2.88774]},"87o":{"weight":0.0,"played":[1.0,0.0,0.0],"evs":[0.0,-1.36784,-1.39422]},"97o":{"weight":0.0,"played":[1.0,0.0,0.0],"evs":[0.0,-1.38336,-1.4119]},"T7o":{"weight":0.0,"played":[1.0,0.0,0.0],"evs":[0.0,-1.86732,-1.87783]},"J7o":{"weight":0.0,"played":[1.0,0.0,0.0],"evs":[0.0,-1.87272,-1.8974]},"Q7o":{"weight":0.0,"played":[1.0,0.0,0.0],"evs":[0.0,-2.00545,-2.02308]},"K7o":{"weight":0.0,"played":[1.0,0.0,0.0],"evs":[0.0,-1.67925,-1.67477]},"A7o":{"weight":1.0,"played":[1.0,0.0,0.0],"evs":[0.0,-0.96639,-0.95342]},"82s":{"weight":0.0,"played":[1.0,0.0,0.0],"evs":[0.0,-1.98186,-2.01144]},"83s":{"weight":0.0,"played":[1.0,0.0,0.0],"evs":[0.0,-1.99842,-2.0212]},"84s":{"weight":0.0,"played":[1.0,0.0,0.0],"evs":[0.0,-1.60419,-1.61086]},"85s":{"weight":0.0,"played":[0.9998,0.0,2.0E-4],"evs":[0.0,-1.22539,-1.25125]},"86s":{"weight":4.0E-4,"played":[0.9987,0.0013,0.0],"evs":[0.0,-0.62722,-0.63526]},"87s":{"weight":0.9998,"played":[1.0,0.0,0.0],"evs":[0.0,-0.29261,-0.31665]},"88":{"weight":1.0,"played":[0.0,0.2121,0.7879],"evs":[0.0,3.36449,3.36901]},"98o":{"weight":0.0,"played":[1.0,0.0,0.0],"evs":[0.0,-1.25632,-1.28277]},"T8o":{"weight":0.0,"played":[1.0,0.0,0.0],"evs":[0.0,-1.57904,-1.59528]},"J8o":{"weight":0.0,"played":[1.0,0.0,0.0],"evs":[0.0,-1.65235,-1.67798]},"Q8o":{"weight":0.0,"played":[1.0,0.0,0.0],"evs":[0.0,-1.80889,-1.83494]},"K8o":{"weight":0.0,"played":[1.0,0.0,0.0],"evs":[0.0,-1.7796,-1.76806]},"A8o":{"weight":1.0,"played":[1.0,0.0,0.0],"evs":[0.0,-0.5963,-0.59374]},"92s":{"weight":0.0,"played":[1.0,0.0,0.0],"evs":[0.0,-1.82823,-1.86374]},"93s":{"weight":0.0,"played":[1.0,0.0,0.0],"evs":[0.0,-1.7927,-1.81678]},"94s":{"weight":0.0,"played":[1.0,0.0,0.0],"evs":[0.0,-1.55778,-1.59677]},"95s":{"weight":0.0,"played":[1.0,0.0,0.0],"evs":[0.0,-1.31403,-1.34192]},"96s":{"weight":0.0,"played":[1.0,0.0,0.0],"evs":[0.0,-0.75943,-0.79207]},"97s":{"weight":0.999,"played":[1.0,0.0,0.0],"evs":[0.0,-0.38192,-0.40079]},"98s":{"weight":1.0,"played":[0.9997,0.0,2.0E-4],"evs":[0.0,-0.25718,-0.28035]},"99":{"weight":1.0,"played":[0.0,0.8785,0.1215],"evs":[0.0,4.27183,4.26796]},"T9o":{"weight":0.1102,"played":[1.0,0.0,0.0],"evs":[0.0,-1.07094,-1.08853]},"J9o":{"weight":0.3945,"played":[1.0,0.0,0.0],"evs":[0.0,-1.13521,-1.15856]},"Q9o":{"weight":0.9999,"played":[1.0,0.0,0.0],"evs":[0.0,-1.30464,-1.3307]},"K9o":{"weight":1.0,"played":[1.0,0.0,0.0],"evs":[0.0,-1.2878,-1.28714]},"A9o":{"weight":0.9997,"played":[0.0034,0.1466,0.85],"evs":[0.0,0.25114,0.26165]},"T2s":{"weight":0.0,"played":[1.0,0.0,0.0],"evs":[0.0,-1.96936,-1.98427]},"T3s":{"weight":0.0,"played":[1.0,0.0,0.0],"evs":[0.0,-1.85086,-1.88543]},"T4s":{"weight":0.0,"played":[1.0,0.0,0.0],"evs":[0.0,-1.65693,-1.67632]},"T5s":{"weight":0.0,"played":[1.0,0.0,0.0],"evs":[0.0,-1.63403,-1.64665]},"T6s":{"weight":0.0,"played":[1.0,0.0,0.0],"evs":[0.0,-1.13836,-1.17021]},"T7s":{"weight":0.9999,"played":[1.0,0.0,0.0],"evs":[0.0,-0.82347,-0.8411]},"T8s":{"weight":1.0,"played":[0.9971,0.0027,1.0E-4],"evs":[0.0,-0.46684,-0.48731]},"T9s":{"weight":1.0,"played":[0.9984,0.001,7.0E-4],"evs":[0.0,-0.12938,-0.14268]},"TT":{"weight":1.0,"played":[0.0,0.0906,0.9094],"evs":[0.0,5.35603,5.3681]},"JTo":{"weight":1.0,"played":[1.0,0.0,0.0],"evs":[0.0,-0.84065,-0.85544]},"QTo":{"weight":1.0,"played":[1.0,0.0,0.0],"evs":[0.0,-0.97586,-0.98306]},"KTo":{"weight":1.0,"played":[1.0,0.0,0.0],"evs":[0.0,-0.91991,-0.90154]},"ATo":{"weight":0.9997,"played":[0.0,0.0822,0.9178],"evs":[0.0,1.61569,1.62581]},"J2s":{"weight":0.0,"played":[1.0,0.0,0.0],"evs":[0.0,-1.64106,-1.65944]},"J3s":{"weight":0.0,"played":[1.0,0.0,0.0],"evs":[0.0,-1.48132,-1.51071]},"J4s":{"weight":0.0,"played":[1.0,0.0,0.0],"evs":[0.0,-1.35631,-1.373]},"J5s":{"weight":0.0,"played":[1.0,0.0,0.0],"evs":[0.0,-1.23628,-1.25308]},"J6s":{"weight":0.0,"played":[1.0,0.0,0.0],"evs":[0.0,-1.07691,-1.09508]},"J7s":{"weight":0.9958,"played":[1.0,0.0,0.0],"evs":[0.0,-0.76872,-0.78832]},"J8s":{"weight":1.0,"played":[1.0,0.0,0.0],"evs":[0.0,-0.44983,-0.46335]},"J9s":{"weight":1.0,"played":[0.9365,0.0424,0.0211],"evs":[0.0,-0.11932,-0.13119]},"JTs":{"weight":1.0,"played":[1.0E-4,0.6092,0.3907],"evs":[0.0,0.27988,0.2739]},"JJ":{"weight":1.0,"played":[0.0,0.1075,0.8925],"evs":[0.0,6.54533,6.55072]},"QJo":{"weight":1.0,"played":[1.0,0.0,0.0],"evs":[0.0,-0.55406,-0.54923]},"KJo":{"weight":1.0,"played":[0.9996,0.0,4.0E-4],"evs":[0.0,-0.28682,-0.27033]},"AJo":{"weight":0.9993,"played":[0.0,0.3813,0.6187],"evs":[0.0,3.05273,3.05526]},"Q2s":{"weight":0.0,"played":[1.0,0.0,0.0],"evs":[0.0,-1.47723,-1.49327]},"Q3s":{"weight":0.0,"played":[1.0,0.0,0.0],"evs":[0.0,-1.30669,-1.32939]},"Q4s":{"weight":0.0,"played":[1.0,0.0,0.0],"evs":[0.0,-1.20036,-1.20734]},"Q5s":{"weight":0.0115,"played":[1.0,0.0,0.0],"evs":[0.0,-0.99689,-1.00536]},"Q6s":{"weight":0.998,"played":[1.0,0.0,0.0],"evs":[0.0,-0.91609,-0.92656]},"Q7s":{"weight":1.0,"played":[1.0,0.0,0.0],"evs":[0.0,-0.87522,-0.88473]},"Q8s":{"weight":1.0,"played":[1.0,0.0,0.0],"evs":[0.0,-0.82201,-0.83601]},"Q9s":{"weight":1.0,"played":[1.0,0.0,0.0],"evs":[0.0,-0.16383,-0.17532]},"QTs":{"weight":0.9992,"played":[0.2135,0.4631,0.3234],"evs":[0.0,0.09316,0.08507]},"QJs":{"weight":1.0,"played":[0.0,0.5837,0.4162],"evs":[0.0,0.41738,0.41617]},"QQ":{"weight":1.0,"played":[0.0,0.1709,0.8291],"evs":[0.0,7.82077,7.82893]},"KQo":{"weight":0.9998,"played":[0.0,0.1605,0.8395],"evs":[0.0,0.46336,0.47136]},"AQo":{"weight":1.0,"played":[0.0,0.3134,0.6866],"evs":[0.0,4.31149,4.31424]},"K2s":{"weight":7.0E-4,"played":[1.0,0.0,0.0],"evs":[0.0,-1.18209,-1.19561]},"K3s":{"weight":8.0E-4,"played":[0.9999,0.0,0.0],"evs":[0.0,-1.05207,-1.04843]},"K4s":{"weight":0.9999,"played":[1.0,0.0,0.0],"evs":[0.0,-0.89873,-0.90416]},"K5s":{"weight":1.0,"played":[0.9999,1.0E-4,1.0E-4],"evs":[0.0,-0.81724,-0.81131]},"K6s":{"weight":1.0,"played":[1.0,0.0,0.0],"evs":[0.0,-0.57913,-0.57949]},"K7s":{"weight":1.0,"played":[1.0,0.0,0.0],"evs":[0.0,-0.59143,-0.58187]},"K8s":{"weight":1.0,"played":[1.0,0.0,0.0],"evs":[0.0,-0.63666,-0.63817]},"K9s":{"weight":1.0,"played":[0.9797,0.0053,0.015],"evs":[0.0,-0.2042,-0.19527]},"KTs":{"weight":0.9943,"played":[0.0012,0.0441,0.9547],"evs":[0.0,0.14937,0.16621]},"KJs":{"weight":1.0,"played":[0.0,0.0613,0.9387],"evs":[0.0,0.73944,0.74922]},"KQs":{"weight":1.0,"played":[0.0,0.0343,0.9657],"evs":[0.0,1.4178,1.42777]},"KK":{"weight":1.0,"played":[0.0,0.1306,0.8694],"evs":[0.0,9.75778,9.76629]},"AKo":{"weight":1.0,"played":[0.0,0.121,0.879],"evs":[0.0,5.62456,5.62593]},"A2s":{"weight":1.0,"played":[1.0,0.0,0.0],"evs":[0.0,-0.35688,-0.35074]},"A3s":{"weight":1.0,"played":[0.9988,8.0E-4,4.0E-4],"evs":[0.0,-0.27196,-0.26069]},"A4s":{"weight":1.0,"played":[0.9353,0.0293,0.0354],"evs":[0.0,-0.08899,-0.08542]},"A5s":{"weight":0.9993,"played":[1.0E-4,0.0971,0.9027],"evs":[0.0,0.05962,0.07081]},"A6s":{"weight":1.0,"played":[0.3265,0.444,0.2294],"evs":[0.0,0.04432,0.03818]},"A7s":{"weight":0.9976,"played":[0.0102,0.6145,0.3753],"evs":[0.0,0.20762,0.209]},"A8s":{"weight":1.0,"played":[0.0,0.926,0.074],"evs":[0.0,0.4438,0.44034]},"A9s":{"weight":1.0,"played":[0.0,0.573,0.427],"evs":[0.0,1.30252,1.3039]},"ATs":{"weight":1.0,"played":[0.0,0.1502,0.8498],"evs":[0.0,2.51734,2.5272]},"AJs":{"weight":1.0,"played":[0.0,0.7091,0.2909],"evs":[0.0,3.86114,3.85961]},"AQs":{"weight":1.0,"played":[0.0,0.7385,0.2615],"evs":[0.0,5.10683,5.10274]},"AKs":{"weight":1.0,"played":[0.0,0.9311,0.0689],"evs":[0.0,6.28982,6.28045]},"AA":{"weight":1.0,"played":[0.0,0.2981,0.7019],"evs":[0.0,13.92178,13.92544]}}}