{"player":2,"street":0,"children":2,"sequence":[{"player":0,"type":"R","amount":200000,"street":0},{"player":1,"type":"F","amount":0,"street":0},{"player":2,"type":"C","amount":200000,"street":0},{"player":3,"type":"C","amount":200000,"street":0},{"player":4,"type":"R","amount":1985000,"street":0},{"player":5,"type":"F","amount":0,"street":0},{"player":0,"type":"C","amount":1785000,"street":0}],"actions":[{"type":"F","amount":0,"node":383},{"type":"R","amount":2385000,"node":385}],"hands":{"22":{"weight":0.0,"played":[0.9999,1.0E-4],"evs":[0.0,-2.75616]},"32o":{"weight":0.0,"played":[1.0,0.0],"evs":[0.0,-6.17504]},"42o":{"weight":0.0,"played":[1.0,0.0],"evs":[0.0,-6.951]},"52o":{"weight":0.0,"played":[1.0,0.0],"evs":[0.0,-6.16894]},"62o":{"weight":0.0,"played":[0.9999,1.0E-4],"evs":[0.0,-6.70116]},"72o":{"weight":0.0,"played":[1.0,0.0],"evs":[0.0,-7.59756]},"82o":{"weight":0.0,"played":[1.0,0.0],"evs":[0.0,-7.2462]},"92o":{"weight":0.0,"played":[1.0,0.0],"evs":[0.0,-6.5641]},"T2o":{"weight":0.0,"played":[0.9999,1.0E-4],"evs":[0.0,-6.57627]},"J2o":{"weight":0.0,"played":[1.0,0.0],"evs":[0.0,-6.67979]},"Q2o":{"weight":0.0,"played":[1.0,0.0],"evs":[0.0,-7.02748]},"K2o":{"weight":0.0,"played":[0.9999,1.0E-4],"evs":[0.0,-6.63811]},"A2o":{"weight":0.0,"played":[0.9999,1.0E-4],"evs":[0.0,-6.11123]},"32s":{"weight":0.0,"played":[0.9987,0.0013],"evs":[0.0,-6.36463]},"33":{"weight":0.0722,"played":[0.9975,0.0025],"evs":[0.0,-2.95166]},"43o":{"weight":0.0,"played":[1.0,0.0],"evs":[0.0,-5.54752]},"53o":{"weight":0.0,"played":[0.9999,1.0E-4],"evs":[0.0,-6.02536]},"63o":{"weight":0.0,"played":[1.0,0.0],"evs":[0.0,-6.07909]},"73o":{"weight":0.0,"played":[0.9999,1.0E-4],"evs":[0.0,-7.27751]},"83o":{"weight":0.0,"played":[1.0,0.0],"evs":[0.0,-6.62932]},"93o":{"weight":0.0,"played":[1.0,0.0],"evs":[0.0,-6.94669]},"T3o":{"weight":0.0,"played":[1.0,0.0],"evs":[0.0,-6.58021]},"J3o":{"weight":0.0,"played":[1.0,0.0],"evs":[0.0,-5.9215]},"Q3o":{"weight":0.0,"played":[0.9996,4.0E-4],"evs":[0.0,-6.81964]},"K3o":{"weight":0.0,"played":[1.0,0.0],"evs":[0.0,-5.58105]},"A3o":{"weight":0.0,"played":[1.0,0.0],"evs":[0.0,-5.42045]},"42s":{"weight":0.0,"played":[1.0,0.0],"evs":[0.0,-4.89535]},"43s":{"weight":0.0,"played":[0.9999,1.0E-4],"evs":[0.0,-4.31205]},"44":{"weight":0.9999,"played":[1.0,0.0],"evs":[0.0,-3.43665]},"54o":{"weight":0.0,"played":[0.9982,0.0018],"evs":[0.0,-4.8132]},"64o":{"weight":0.0,"played":[0.9998,2.0E-4],"evs":[0.0,-5.44719]},"74o":{"weight":0.0,"played":[1.0,0.0],"evs":[0.0,-6.265]},"84o":{"weight":0.0,"played":[0.9999,1.0E-4],"evs":[0.0,-6.04865]},"94o":{"weight":0.0,"played":[0.9998,2.0E-4],"evs":[0.0,-6.53652]},"T4o":{"weight":0.0,"played":[1.0,0.0],"evs":[0.0,-6.68856]},"J4o":{"weight":0.0,"played":[0.9998,2.0E-4],"evs":[0.0,-6.94354]},"Q4o":{"weight":0.0,"played":[1.0,0.0],"evs":[0.0,-6.26863]},"K4o":{"weight":0.0,"played":[0.9999,1.0E-4],"evs":[0.0,-6.24324]},"A4o":{"weight":0.0,"played":[0.9999,1.0E-4],"evs":[0.0,-6.32264]},"52s":{"weight":0.0,"played":[0.9979,0.0021],"evs":[0.0,-4.3727]},"53s":{"weight":0.0,"played":[0.9996,4.0E-4],"evs":[0.0,-4.20277]},"54s":{"weight":0.0,"played":[0.9997,3.0E-4],"evs":[0.0,-3.28191]},"55":{"weight":1.0,"played":[0.9998,2.0E-4],"evs":[0.0,-3.61372]},"65o":{"weight":0.0,"played":[1.0,0.0],"evs":[0.0,-4.9073]},"75o":{"weight":0.0,"played":[0.9998,2.0E-4],"evs":[0.0,-5.74495]},"85o":{"weight":0.0,"played":[1.0,0.0],"evs":[0.0,-5.09165]},"95o":{"weight":0.0,"played":[1.0,0.0],"evs":[0.0,-5.68583]},"T5o":{"weight":0.0,"played":[0.9999,1.0E-4],"evs":[0.0,-6.34509]},"J5o":{"weight":0.0,"played":[0.9999,1.0E-4],"evs":[0.0,-6.12663]},"Q5o":{"weight":0.0,"played":[1.0,0.0],"evs":[0.0,-5.81129]},"K5o":{"weight":0.0,"played":[1.0,0.0],"evs":[0.0,-5.92808]},"A5o":{"weight":0.0,"played":[0.9995,5.0E-4],"evs":[0.0,-5.71846]},"62s":{"weight":0.0,"played":[0.9996,4.0E-4],"evs":[0.0,-4.1773]},"63s":{"weight":0.0,"played":[0.9958,0.0042],"evs":[0.0,-4.4552]},"64s":{"weight":0.0,"played":[0.999,0.001],"evs":[0.0,-4.17938]},"65s":{"weight":0.552,"played":[0.999,0.001],"evs":[0.0,-3.21118]},"66":{"weight":1.0,"played":[0.9999,1.0E-4],"evs":[0.0,-3.48012]},"76o":{"weight":0.0,"played":[1.0,0.0],"evs":[0.0,-4.86462]},"86o":{"weight":0.0,"played":[1.0,0.0],"evs":[0.0,-5.03258]},"96o":{"weight":0.0,"played":[0.9997,3.0E-4],"evs":[0.0,-5.33943]},"T6o":{"weight":0.0,"played":[1.0,0.0],"evs":[0.0,-5.71542]},"J6o":{"weight":0.0,"played":[0.9995,5.0E-4],"evs":[0.0,-6.66663]},"Q6o":{"weight":0.0,"played":[0.9999,1.0E-4],"evs":[0.0,-7.09521]},"K6o":{"weight":0.0,"played":[0.9997,3.0E-4],"evs":[0.0,-6.12122]},"A6o":{"weight":0.0,"played":[1.0,0.0],"evs":[0.0,-6.25746]},"72s":{"weight":0.0,"played":[0.9997,3.0E-4],"evs":[0.0,-5.41852]},"73s":{"weight":0.0,"played":[0.9975,0.0025],"evs":[0.0,-5.42271]},"74s":{"weight":0.0,"played":[0.9992,8.0E-4],"evs":[0.0,-4.24456]},"75s":{"weight":0.0,"played":[0.9989,0.0011],"evs":[0.0,-3.83212]},"76s":{"weight":0.3224,"played":[0.9906,0.0094],"evs":[0.0,-2.73122]},"77":{"weight":0.8093,"played":[0.9164,0.0836],"evs":[0.0,-1.18437]},"87o":{"weight":0.0,"played":[1.0,0.0],"evs":[0.0,-4.99751]},"97o":{"weight":0.0,"played":[1.0,0.0],"evs":[0.0,-4.44168]},"T7o":{"weight":0.0,"played":[1.0,0.0],"evs":[0.0,-4.85217]},"J7o":{"weight":0.0,"played":[0.9997,3.0E-4],"evs":[0.0,-4.9233]},"Q7o":{"weight":0.0,"played":[0.9999,1.0E-4],"evs":[0.0,-6.14341]},"K7o":{"weight":0.0,"played":[0.9998,2.0E-4],"evs":[0.0,-5.38936]},"A7o":{"weight":0.0,"played":[0.9997,3.0E-4],"evs":[0.0,-6.58893]},"82s":{"weight":0.0,"played":[1.0,0.0],"evs":[0.0,-3.73798]},"83s":{"weight":0.0,"played":[0.9995,5.0E-4],"evs":[0.0,-4.30391]},"84s":{"weight":0.0,"played":[0.9989,0.0011],"evs":[0.0,-4.97475]},"85s":{"weight":0.0,"played":[0.9987,0.0013],"evs":[0.0,-3.89116]},"86s":{"weight":0.0,"played":[0.947,0.053],"evs":[0.0,-3.68613]},"87s":{"weight":0.3702,"played":[0.9999,1.0E-4],"evs":[0.0,-3.08057]},"88":{"weight":0.7199,"played":[0.5934,0.4066],"evs":[0.0,-0.9247]},"98o":{"weight":0.0,"played":[1.0,0.0],"evs":[0.0,-4.62472]},"T8o":{"weight":0.0,"played":[1.0,0.0],"evs":[0.0,-4.96327]},"J8o":{"weight":0.0,"played":[1.0,0.0],"evs":[0.0,-4.64309]},"Q8o":{"weight":0.0,"played":[1.0,0.0],"evs":[0.0,-4.30666]},"K8o":{"weight":0.0,"played":[0.9999,1.0E-4],"evs":[0.0,-4.97457]},"A8o":{"weight":0.0,"played":[0.9997,3.0E-4],"evs":[0.0,-4.92607]},"92s":{"weight":0.0,"played":[0.9999,1.0E-4],"evs":[0.0,-5.48217]},"93s":{"weight":0.0,"played":[0.9997,3.0E-4],"evs":[0.0,-5.63243]},"94s":{"weight":0.0,"played":[0.9977,0.0023],"evs":[0.0,-4.67722]},"95s":{"weight":0.0,"played":[1.0,0.0],"evs":[0.0,-4.57796]},"96s":{"weight":0.0,"played":[0.9935,0.0065],"evs":[0.0,-3.66007]},"97s":{"weight":0.0,"played":[0.999,0.001],"evs":[0.0,-2.23843]},"98s":{"weight":0.9963,"played":[0.9831,0.0169],"evs":[0.0,-3.0881]},"99":{"weight":0.0,"played":[0.0921,0.9079],"evs":[0.0,2.24023]},"T9o":{"weight":0.0,"played":[1.0,0.0],"evs":[0.0,-3.30432]},"J9o":{"weight":0.0,"played":[0.9998,2.0E-4],"evs":[0.0,-4.24708]},"Q9o":{"weight":0.0,"played":[0.9999,1.0E-4],"evs":[0.0,-5.1831]},"K9o":{"weight":0.0,"played":[0.9992,8.0E-4],"evs":[0.0,-4.86914]},"A9o":{"weight":0.0,"played":[0.9998,2.0E-4],"evs":[0.0,-4.94673]},"T2s":{"weight":0.0,"played":[0.9997,3.0E-4],"evs":[0.0,-3.37228]},"T3s":{"weight":0.0,"played":[0.9999,1.0E-4],"evs":[0.0,-4.4825]},"T4s":{"weight":0.0,"played":[0.9997,3.0E-4],"evs":[0.0,-4.98896]},"T5s":{"weight":0.0,"played":[0.9957,0.0043],"evs":[0.0,-3.76719]},"T6s":{"weight":0.0,"played":[0.9967,0.0033],"evs":[0.0,-4.89712]},"T7s":{"weight":0.0,"played":[1.0,0.0],"evs":[0.0,-4.18915]},"T8s":{"weight":0.1952,"played":[0.9974,0.0026],"evs":[0.0,-1.699]},"T9s":{"weight":1.0,"played":[0.9948,0.0052],"evs":[0.0,-1.66364]},"TT":{"weight":0.0,"played":[0.0171,0.9829],"evs":[0.0,2.88691]},"JTo":{"weight":0.0,"played":[0.9999,1.0E-4],"evs":[0.0,-3.56338]},"QTo":{"weight":0.0,"played":[0.9996,4.0E-4],"evs":[0.0,-3.79151]},"KTo":{"weight":0.0,"played":[0.9999,1.0E-4],"evs":[0.0,-3.42363]},"ATo":{"weight":1.0,"played":[0.9998,2.0E-4],"evs":[0.0,-3.85943]},"J2s":{"weight":0.0,"played":[0.9999,1.0E-4],"evs":[0.0,-3.44684]},"J3s":{"weight":0.0,"played":[0.9983,0.0017],"evs":[0.0,-4.08144]},"J4s":{"weight":0.0,"played":[1.0,0.0],"evs":[0.0,-3.70814]},"J5s":{"weight":0.0,"played":[0.9984,0.0016],"evs":[0.0,-4.13103]},"J6s":{"weight":0.0,"played":[0.996,0.004],"evs":[0.0,-4.60377]},"J7s":{"weight":0.0,"played":[0.999,0.001],"evs":[0.0,-2.31301]},"J8s":{"weight":0.0,"played":[0.9875,0.0125],"evs":[0.0,-3.07535]},"J9s":{"weight":0.9998,"played":[0.9997,3.0E-4],"evs":[0.0,-2.48721]},"JTs":{"weight":0.6753,"played":[0.991,0.009],"evs":[0.0,-1.87352]},"JJ":{"weight":1.0E-4,"played":[4.0E-4,0.9996],"evs":[0.0,6.61325]},"QJo":{"weight":0.0024,"played":[0.9999,1.0E-4],"evs":[0.0,-3.02999]},"KJo":{"weight":0.9343,"played":[0.9994,6.0E-4],"evs":[0.0,-3.08099]},"AJo":{"weight":1.0,"played":[0.9992,8.0E-4],"evs":[0.0,-3.35761]},"Q2s":{"weight":0.0,"played":[1.0,0.0],"evs":[0.0,-4.63448]},"Q3s":{"weight":0.0,"played":[0.9997,3.0E-4],"evs":[0.0,-4.16313]},"Q4s":{"weight":0.0,"played":[0.9999,1.0E-4],"evs":[0.0,-5.67144]},"Q5s":{"weight":0.0,"played":[0.9997,3.0E-4],"evs":[0.0,-5.70198]},"Q6s":{"weight":0.0,"played":[0.9963,0.0037],"evs":[0.0,-4.67586]},"Q7s":{"weight":0.0,"played":[1.0,0.0],"evs":[0.0,-3.27444]},"Q8s":{"weight":0.0,"played":[0.992,0.008],"evs":[0.0,-2.39024]},"Q9s":{"weight":0.9961,"played":[0.9979,0.0021],"evs":[0.0,-3.02868]},"QTs":{"weight":0.7481,"played":[0.975,0.025],"evs":[0.0,-1.83116]},"QJs":{"weight":0.7397,"played":[0.9064,0.0936],"evs":[0.0,-1.27158]},"QQ":{"weight":1.0,"played":[0.0,1.0],"evs":[0.0,8.83944]},"KQo":{"weight":1.0,"played":[0.9979,0.0021],"evs":[0.0,-2.73012]},"AQo":{"weight":0.0844,"played":[0.9992,8.0E-4],"evs":[0.0,-2.41926]},"K2s":{"weight":0.0,"played":[0.9986,0.0014],"evs":[0.0,-3.89343]},"K3s":{"weight":0.0,"played":[0.9996,4.0E-4],"evs":[0.0,-5.26543]},"K4s":{"weight":0.0,"played":[0.9998,2.0E-4],"evs":[0.0,-3.43906]},"K5s":{"weight":0.0,"played":[0.9967,0.0033],"evs":[0.0,-3.45807]},"K6s":{"weight":0.0,"played":[1.0,0.0],"evs":[0.0,-4.80333]},"K7s":{"weight":0.0,"played":[0.9934,0.0066],"evs":[0.0,-4.05131]},"K8s":{"weight":0.0,"played":[0.9974,0.0026],"evs":[0.0,-2.75458]},"K9s":{"weight":0.9995,"played":[0.9722,0.0278],"evs":[0.0,-2.11382]},"KTs":{"weight":0.8207,"played":[0.9985,0.0015],"evs":[0.0,-1.11928]},"KJs":{"weight":0.0098,"played":[0.6407,0.3593],"evs":[0.0,-1.13989]},"KQs":{"weight":0.5696,"played":[0.996,0.004],"evs":[0.0,-1.69116]},"KK":{"weight":1.0,"played":[0.0,1.0],"evs":[0.0,13.84958]},"AKo":{"weight":0.0,"played":[0.0276,0.9724],"evs":[0.0,1.76286]},"A2s":{"weight":0.0,"played":[0.9999,1.0E-4],"evs":[0.0,-3.7093]},"A3s":{"weight":0.527,"played":[0.9957,0.0043],"evs":[0.0,-3.62552]},"A4s":{"weight":0.9947,"played":[0.9999,1.0E-4],"evs":[0.0,-3.51832]},"A5s":{"weight":0.2814,"played":[0.9998,2.0E-4],"evs":[0.0,-2.8715]},"A6s":{"weight":0.9462,"played":[0.9952,0.0048],"evs":[0.0,-3.58773]},"A7s":{"weight":0.9173,"played":[1.0,0.0],"evs":[0.0,-3.37945]},"A8s":{"weight":0.9239,"played":[0.9962,0.0038],"evs":[0.0,-3.46239]},"A9s":{"weight":1.0,"played":[0.9947,0.0053],"evs":[0.0,-2.955]},"ATs":{"weight":1.0,"played":[0.9977,0.0023],"evs":[0.0,-2.4714]},"AJs":{"weight":1.0,"played":[0.995,0.005],"evs":[0.0,-2.18208]},"AQs":{"weight":0.9999,"played":[0.056,0.944],"evs":[0.0,0.1963]},"AKs":{"weight":0.0016,"played":[0.0112,0.9888],"evs":[0.0,3.72026]},"AA":{"weight":1.0,"played":[0.0,1.0],"evs":[0.0,20.24236]}}}