{"player":0,"street":0,"children":2,"sequence":[{"player":0,"type":"R","amount":200000,"street":0},{"player":1,"type":"F","amount":0,"street":0},{"player":2,"type":"C","amount":200000,"street":0},{"player":3,"type":"C","amount":200000,"street":0},{"player":4,"type":"R","amount":1985000,"street":0},{"player":5,"type":"F","amount":0,"street":0},{"player":0,"type":"C","amount":1785000,"street":0},{"player":2,"type":"R","amount":2385000,"street":0},{"player":3,"type":"C","amount":2185000,"street":0}],"actions":[{"type":"F","amount":0},{"type":"C","amount":400000}],"hands":{"22":{"weight":0.0,"played":[0.9236,0.0764],"evs":[0.0,-5.17867]},"32o":{"weight":0.0,"played":[0.8589,0.1411],"evs":[0.0,-5.01406]},"42o":{"weight":0.0,"played":[0.5077,0.4923],"evs":[0.0,1.18987]},"52o":{"weight":0.0,"played":[0.0235,0.9765],"evs":[0.0,9.96439]},"62o":{"weight":0.0,"played":[0.0801,0.9199],"evs":[0.0,9.84096]},"72o":{"weight":0.0,"played":[0.3014,0.6986],"evs":[0.0,2.75239]},"82o":{"weight":0.0,"played":[0.0234,0.9766],"evs":[0.0,2.05486]},"92o":{"weight":0.0,"played":[0.0964,0.9036],"evs":[0.0,11.72759]},"T2o":{"weight":0.0,"played":[0.3292,0.6708],"evs":[0.0,1.00851]},"J2o":{"weight":0.0,"played":[0.5528,0.4472],"evs":[0.0,0.63017]},"Q2o":{"weight":0.0,"played":[0.6927,0.3073],"evs":[0.0,-1.62675]},"K2o":{"weight":0.0,"played":[0.1651,0.8349],"evs":[0.0,2.89909]},"A2o":{"weight":0.0,"played":[0.1084,0.8916],"evs":[0.0,0.18424]},"32s":{"weight":0.0,"played":[0.1332,0.8668],"evs":[0.0,6.39428]},"33":{"weight":0.0011,"played":[0.0,1.0],"evs":[0.0,2.95419]},"43o":{"weight":0.0,"played":[0.0736,0.9264],"evs":[0.0,5.77722]},"53o":{"weight":0.0,"played":[0.6267,0.3733],"evs":[0.0,-3.15046]},"63o":{"weight":0.0,"played":[0.027,0.973],"evs":[0.0,5.30103]},"73o":{"weight":0.0,"played":[0.6503,0.3497],"evs":[0.0,-2.30964]},"83o":{"weight":0.0,"played":[0.0526,0.9474],"evs":[0.0,9.44922]},"93o":{"weight":0.0,"played":[0.0769,0.9231],"evs":[0.0,2.36577]},"T3o":{"weight":0.0,"played":[0.1723,0.8277],"evs":[0.0,7.52199]},"J3o":{"weight":0.0,"played":[0.4893,0.5107],"evs":[0.0,-0.28736]},"Q3o":{"weight":0.0,"played":[0.3608,0.6392],"evs":[0.0,2.16406]},"K3o":{"weight":0.0,"played":[0.0556,0.9444],"evs":[0.0,7.97654]},"A3o":{"weight":0.0,"played":[0.0016,0.9984],"evs":[0.0,3.03418]},"42s":{"weight":0.0,"played":[0.0228,0.9772],"evs":[0.0,6.4799]},"43s":{"weight":0.0,"played":[0.0803,0.9197],"evs":[0.0,13.69389]},"44":{"weight":0.0014,"played":[0.0982,0.9018],"evs":[0.0,6.19496]},"54o":{"weight":0.0,"played":[0.1079,0.8921],"evs":[0.0,11.41108]},"64o":{"weight":0.0,"played":[0.0279,0.9721],"evs":[0.0,3.35909]},"74o":{"weight":0.0,"played":[0.8605,0.1395],"evs":[0.0,-2.4067]},"84o":{"weight":0.0,"played":[0.2283,0.7717],"evs":[0.0,-0.798]},"94o":{"weight":0.0,"played":[0.0151,0.9849],"evs":[0.0,0.26976]},"T4o":{"weight":0.0,"played":[0.0971,0.9029],"evs":[0.0,7.39414]},"J4o":{"weight":0.0,"played":[0.2835,0.7165],"evs":[0.0,8.2698]},"Q4o":{"weight":0.0,"played":[0.1576,0.8424],"evs":[0.0,4.84434]},"K4o":{"weight":0.0,"played":[0.8855,0.1145],"evs":[0.0,-0.77147]},"A4o":{"weight":0.0,"played":[0.0014,0.9986],"evs":[0.0,9.69221]},"52s":{"weight":0.0,"played":[0.6612,0.3388],"evs":[0.0,8.90763]},"53s":{"weight":0.0,"played":[0.2798,0.7202],"evs":[0.0,26.14837]},"54s":{"weight":0.0,"played":[0.5893,0.4107],"evs":[0.0,0.77616]},"55":{"weight":0.0023,"played":[0.0013,0.9987],"evs":[0.0,6.88728]},"65o":{"weight":0.0,"played":[0.1132,0.8868],"evs":[0.0,6.76452]},"75o":{"weight":0.0,"played":[0.0238,0.9762],"evs":[0.0,11.42209]},"85o":{"weight":0.0,"played":[0.3396,0.6604],"evs":[0.0,-1.66483]},"95o":{"weight":0.0,"played":[0.1028,0.8972],"evs":[0.0,3.24106]},"T5o":{"weight":0.0,"played":[0.0466,0.9534],"evs":[0.0,10.28803]},"J5o":{"weight":0.0,"played":[0.1085,0.8915],"evs":[0.0,9.98019]},"Q5o":{"weight":0.0,"played":[1.0,0.0],"evs":[0.0,-4.66176]},"K5o":{"weight":0.0,"played":[0.0901,0.9099],"evs":[0.0,2.82594]},"A5o":{"weight":0.0,"played":[0.0043,0.9957],"evs":[0.0,11.85874]},"62s":{"weight":0.0,"played":[0.9682,0.0318],"evs":[0.0,-4.31692]},"63s":{"weight":0.0,"played":[0.1601,0.8399],"evs":[0.0,16.60818]},"64s":{"weight":0.0,"played":[0.2168,0.7832],"evs":[0.0,2.221]},"65s":{"weight":0.0,"played":[0.852,0.148],"evs":[0.0,-2.5869]},"66":{"weight":0.422,"played":[0.0251,0.9749],"evs":[0.0,13.05069]},"76o":{"weight":0.0,"played":[0.1763,0.8237],"evs":[0.0,6.30588]},"86o":{"weight":0.0,"played":[0.0135,0.9865],"evs":[0.0,5.71751]},"96o":{"weight":0.0,"played":[0.5236,0.4764],"evs":[0.0,0.23918]},"T6o":{"weight":0.0,"played":[0.8353,0.1647],"evs":[0.0,-4.34897]},"J6o":{"weight":0.0,"played":[0.0039,0.9961],"evs":[0.0,0.38234]},"Q6o":{"weight":0.0,"played":[0.0043,0.9957],"evs":[0.0,5.56942]},"K6o":{"weight":0.0,"played":[0.0111,0.9889],"evs":[0.0,2.16119]},"A6o":{"weight":0.0,"played":[0.1797,0.8203],"evs":[0.0,5.90335]},"72s":{"weight":0.0,"played":[0.4425,0.5575],"evs":[0.0,10.29576]},"73s":{"weight":0.0,"played":[0.0132,0.9868],"evs":[0.0,9.26715]},"74s":{"weight":0.0,"played":[0.0752,0.9248],"evs":[0.0,10.52385]},"75s":{"weight":0.0,"played":[0.9165,0.0835],"evs":[0.0,1.45302]},"76s":{"weight":0.0,"played":[0.4534,0.5466],"evs":[0.0,-0.68099]},"77":{"weight":0.4668,"played":[0.0018,0.9982],"evs":[0.0,6.68485]},"87o":{"weight":0.0,"played":[0.0878,0.9122],"evs":[0.0,4.43674]},"97o":{"weight":0.0,"played":[0.0091,0.9909],"evs":[0.0,9.75016]},"T7o":{"weight":0.0,"played":[0.0407,0.9593],"evs":[0.0,12.54396]},"J7o":{"weight":0.0,"played":[0.1214,0.8786],"evs":[0.0,5.68783]},"Q7o":{"weight":0.0,"played":[0.0824,0.9176],"evs":[0.0,14.31447]},"K7o":{"weight":0.0,"played":[0.0249,0.9751],"evs":[0.0,5.5882]},"A7o":{"weight":0.0,"played":[0.4197,0.5803],"evs":[0.0,-0.36045]},"82s":{"weight":0.0,"played":[0.1376,0.8624],"evs":[0.0,15.78862]},"83s":{"weight":0.0,"played":[0.0035,0.9965],"evs":[0.0,2.12082]},"84s":{"weight":0.0,"played":[1.0,0.0],"evs":[0.0,-5.54636]},"85s":{"weight":0.0,"played":[0.0185,0.9815],"evs":[0.0,15.54048]},"86s":{"weight":0.0,"played":[0.5288,0.4712],"evs":[0.0,6.99048]},"87s":{"weight":0.0,"played":[0.2963,0.7037],"evs":[0.0,0.40469]},"88":{"weight":0.5229,"played":[0.0152,0.9848],"evs":[0.0,12.60172]},"98o":{"weight":0.0,"played":[0.0232,0.9768],"evs":[0.0,4.37261]},"T8o":{"weight":0.0,"played":[0.1142,0.8858],"evs":[0.0,11.09003]},"J8o":{"weight":0.0,"played":[0.0293,0.9707],"evs":[0.0,10.67369]},"Q8o":{"weight":0.0,"played":[0.0251,0.9749],"evs":[0.0,1.18182]},"K8o":{"weight":0.0,"played":[0.0169,0.9831],"evs":[0.0,15.0495]},"A8o":{"weight":0.0,"played":[0.0014,0.9986],"evs":[0.0,8.20704]},"92s":{"weight":0.0,"played":[0.3709,0.6291],"evs":[0.0,-0.52262]},"93s":{"weight":0.0,"played":[0.2118,0.7882],"evs":[0.0,7.20357]},"94s":{"weight":0.0,"played":[0.7116,0.2884],"evs":[0.0,7.19693]},"95s":{"weight":0.0,"played":[0.2953,0.7047],"evs":[0.0,4.98438]},"96s":{"weight":0.0,"played":[0.0212,0.9788],"evs":[0.0,19.59777]},"97s":{"weight":0.0,"played":[0.5533,0.4467],"evs":[0.0,3.82078]},"98s":{"weight":0.0,"played":[0.0036,0.9964],"evs":[0.0,15.46511]},"99":{"weight":0.2111,"played":[0.0106,0.9894],"evs":[0.0,12.01013]},"T9o":{"weight":0.0,"played":[0.0102,0.9898],"evs":[0.0,9.39386]},"J9o":{"weight":0.0,"played":[0.0816,0.9184],"evs":[0.0,9.74771]},"Q9o":{"weight":0.0,"played":[0.7926,0.2074],"evs":[0.0,3.6813]},"K9o":{"weight":0.0,"played":[0.0,1.0],"evs":[0.0,9.61184]},"A9o":{"weight":0.0,"played":[0.0238,0.9762],"evs":[0.0,2.3107]},"T2s":{"weight":0.0,"played":[0.0919,0.9081],"evs":[0.0,7.49381]},"T3s":{"weight":0.0,"played":[0.0644,0.9356],"evs":[0.0,0.91757]},"T4s":{"weight":0.0,"played":[0.0019,0.9981],"evs":[0.0,10.43199]},"T5s":{"weight":0.0,"played":[0.0,1.0],"evs":[0.0,-0.4234]},"T6s":{"weight":0.0,"played":[0.0025,0.9975],"evs":[0.0,-0.25344]},"T7s":{"weight":0.0,"played":[0.4942,0.5058],"evs":[0.0,5.96193]},"T8s":{"weight":3.0E-4,"played":[0.6039,0.3961],"evs":[0.0,-3.06863]},"T9s":{"weight":0.0032,"played":[0.0843,0.9157],"evs":[0.0,15.08476]},"TT":{"weight":0.5612,"played":[5.0E-4,0.9995],"evs":[0.0,14.61914]},"JTo":{"weight":0.0,"played":[0.0584,0.9416],"evs":[0.0,1.79507]},"QTo":{"weight":0.0,"played":[0.5979,0.4021],"evs":[0.0,0.46932]},"KTo":{"weight":0.0,"played":[0.0073,0.9927],"evs":[0.0,10.62285]},"ATo":{"weight":0.0,"played":[6.0E-4,0.9994],"evs":[0.0,12.05122]},"J2s":{"weight":0.0,"played":[0.045,0.955],"evs":[0.0,10.16259]},"J3s":{"weight":0.0,"played":[0.2823,0.7177],"evs":[0.0,-0.84331]},"J4s":{"weight":0.0,"played":[0.0889,0.9111],"evs":[0.0,22.11683]},"J5s":{"weight":0.0,"played":[0.5883,0.4117],"evs":[0.0,5.99798]},"J6s":{"weight":0.0,"played":[0.2441,0.7559],"evs":[0.0,7.18119]},"J7s":{"weight":0.0,"played":[0.531,0.469],"evs":[0.0,0.23735]},"J8s":{"weight":0.0,"played":[0.0432,0.9568],"evs":[0.0,21.4105]},"J9s":{"weight":7.0E-4,"played":[0.0625,0.9375],"evs":[0.0,16.31439]},"JTs":{"weight":0.0118,"played":[0.149,0.851],"evs":[0.0,4.46811]},"JJ":{"weight":0.4192,"played":[0.0041,0.9959],"evs":[0.0,5.62952]},"QJo":{"weight":0.0,"played":[0.0065,0.9935],"evs":[0.0,3.84536]},"KJo":{"weight":0.0,"played":[0.1297,0.8703],"evs":[0.0,8.03706]},"AJo":{"weight":0.0439,"played":[4.0E-4,0.9996],"evs":[0.0,10.70624]},"Q2s":{"weight":0.0,"played":[0.9795,0.0205],"evs":[0.0,-5.65725]},"Q3s":{"weight":0.0,"played":[0.2326,0.7674],"evs":[0.0,13.32398]},"Q4s":{"weight":0.0,"played":[0.0,1.0],"evs":[0.0,3.67012]},"Q5s":{"weight":0.0,"played":[0.1564,0.8436],"evs":[0.0,14.97445]},"Q6s":{"weight":0.0,"played":[0.2888,0.7112],"evs":[0.0,6.37796]},"Q7s":{"weight":0.0,"played":[0.9363,0.0637],"evs":[0.0,-2.91508]},"Q8s":{"weight":1.0E-4,"played":[0.57,0.43],"evs":[0.0,-1.68757]},"Q9s":{"weight":2.0E-4,"played":[0.1458,0.8542],"evs":[0.0,3.42201]},"QTs":{"weight":0.0,"played":[0.0231,0.9769],"evs":[0.0,17.26525]},"QJs":{"weight":0.0,"played":[0.4089,0.5911],"evs":[0.0,3.83381]},"QQ":{"weight":0.6711,"played":[0.005,0.995],"evs":[0.0,20.14615]},"KQo":{"weight":0.0,"played":[0.0173,0.9827],"evs":[0.0,3.18572]},"AQo":{"weight":0.3461,"played":[0.0044,0.9956],"evs":[0.0,10.07502]},"K2s":{"weight":0.0,"played":[0.0489,0.9511],"evs":[0.0,19.56114]},"K3s":{"weight":0.0,"played":[0.0487,0.9513],"evs":[0.0,3.49643]},"K4s":{"weight":0.0,"played":[0.0,1.0],"evs":[0.0,4.64608]},"K5s":{"weight":0.0,"played":[0.0065,0.9935],"evs":[0.0,28.04202]},"K6s":{"weight":0.0,"played":[0.1607,0.8393],"evs":[0.0,5.46695]},"K7s":{"weight":1.0E-4,"played":[0.5452,0.4548],"evs":[0.0,8.05093]},"K8s":{"weight":0.0,"played":[0.0974,0.9026],"evs":[0.0,10.50147]},"K9s":{"weight":0.0036,"played":[0.0318,0.9682],"evs":[0.0,6.74633]},"KTs":{"weight":0.0,"played":[0.58,0.42],"evs":[0.0,6.57238]},"KJs":{"weight":0.0527,"played":[0.0093,0.9907],"evs":[0.0,17.75954]},"KQs":{"weight":0.4571,"played":[0.1021,0.8979],"evs":[0.0,15.33504]},"KK":{"weight":0.8364,"played":[0.0268,0.9732],"evs":[0.0,31.00944]},"AKo":{"weight":0.7502,"played":[0.0028,0.9972],"evs":[0.0,12.63453]},"A2s":{"weight":0.0,"played":[0.2328,0.7672],"evs":[0.0,4.52824]},"A3s":{"weight":1.0E-4,"played":[0.0363,0.9637],"evs":[0.0,14.41564]},"A4s":{"weight":0.0,"played":[0.4081,0.5919],"evs":[0.0,16.22321]},"A5s":{"weight":0.0,"played":[0.3269,0.6731],"evs":[0.0,0.99446]},"A6s":{"weight":1.0E-4,"played":[0.0143,0.9857],"evs":[0.0,7.94163]},"A7s":{"weight":2.0E-4,"played":[0.0103,0.9897],"evs":[0.0,12.97956]},"A8s":{"weight":0.0031,"played":[0.0635,0.9365],"evs":[0.0,12.59821]},"A9s":{"weight":0.0,"played":[0.0298,0.9702],"evs":[0.0,3.14376]},"ATs":{"weight":0.3666,"played":[0.0057,0.9943],"evs":[0.0,13.04809]},"AJs":{"weight":0.4198,"played":[0.0203,0.9797],"evs":[0.0,8.07995]},"AQs":{"weight":0.068,"played":[0.9103,0.0897],"evs":[0.0,1.91554]},"AKs":{"weight":0.3526,"played":[0.0032,0.9968],"evs":[0.0,22.5519]},"AA":{"weight":0.062,"played":[0.0,1.0],"evs":[0.0,30.32997]}}}