{"player":0,"street":0,"children":2,"sequence":[{"player":0,"type":"R","amount":200000,"street":0},{"player":1,"type":"F","amount":0,"street":0},{"player":2,"type":"C","amount":200000,"street":0},{"player":3,"type":"C","amount":200000,"street":0},{"player":4,"type":"R","amount":1985000,"street":0},{"player":5,"type":"F","amount":0,"street":0},{"player":0,"type":"C","amount":1785000,"street":0},{"player":2,"type":"R","amount":2385000,"street":0},{"player":3,"type":"R","amount":3285000,"street":0}],"actions":[{"type":"F","amount":0},{"type":"C","amount":1300000}],"hands":{"22":{"weight":0.0,"played":[0.0398,0.9602],"evs":[0.0,7.50936]},"32o":{"weight":0.0,"played":[0.0413,0.9587],"evs":[0.0,2.1811]},"42o":{"weight":0.0,"played":[0.0033,0.9967],"evs":[0.0,3.27616]},"52o":{"weight":0.0,"played":[0.0311,0.9689],"evs":[0.0,4.6362]},"62o":{"weight":0.0,"played":[0.7589,0.2411],"evs":[0.0,-0.72899]},"72o":{"weight":0.0,"played":[0.0966,0.9034],"evs":[0.0,4.89585]},"82o":{"weight":0.0,"played":[0.5298,0.4702],"evs":[0.0,-1.68007]},"92o":{"weight":0.0,"played":[0.006,0.994],"evs":[0.0,1.52365]},"T2o":{"weight":0.0,"played":[0.3006,0.6994],"evs":[0.0,2.01262]},"J2o":{"weight":0.0,"played":[0.0084,0.9916],"evs":[0.0,2.04714]},"Q2o":{"weight":0.0,"played":[0.0322,0.9678],"evs":[0.0,1.90757]},"K2o":{"weight":0.0,"played":[0.0453,0.9547],"evs":[0.0,3.04016]},"A2o":{"weight":0.0,"played":[0.0275,0.9725],"evs":[0.0,4.72338]},"32s":{"weight":0.0,"played":[0.0339,0.9661],"evs":[0.0,4.66005]},"33":{"weight":0.0011,"played":[4.0E-4,0.9996],"evs":[0.0,7.40644]},"43o":{"weight":0.0,"played":[0.3535,0.6465],"evs":[0.0,6.06629]},"53o":{"weight":0.0,"played":[0.02,0.98],"evs":[0.0,1.23533]},"63o":{"weight":0.0,"played":[0.0428,0.9572],"evs":[0.0,5.11031]},"73o":{"weight":0.0,"played":[0.158,0.842],"evs":[0.0,-1.02328]},"83o":{"weight":0.0,"played":[0.1528,0.8472],"evs":[0.0,4.53991]},"93o":{"weight":0.0,"played":[0.6619,0.3381],"evs":[0.0,-0.89312]},"T3o":{"weight":0.0,"played":[0.2042,0.7958],"evs":[0.0,0.12061]},"J3o":{"weight":0.0,"played":[0.148,0.852],"evs":[0.0,7.83377]},"Q3o":{"weight":0.0,"played":[0.0678,0.9322],"evs":[0.0,2.39693]},"K3o":{"weight":0.0,"played":[0.2664,0.7336],"evs":[0.0,7.02561]},"A3o":{"weight":0.0,"played":[0.2221,0.7779],"evs":[0.0,2.35782]},"42s":{"weight":0.0,"played":[0.2635,0.7365],"evs":[0.0,-2.29084]},"43s":{"weight":0.0,"played":[0.1406,0.8594],"evs":[0.0,1.25297]},"44":{"weight":0.0014,"played":[0.005,0.995],"evs":[0.0,2.94088]},"54o":{"weight":0.0,"played":[0.1279,0.8721],"evs":[0.0,3.90478]},"64o":{"weight":0.0,"played":[0.0166,0.9834],"evs":[0.0,8.57562]},"74o":{"weight":0.0,"played":[0.6104,0.3896],"evs":[0.0,0.18917]},"84o":{"weight":0.0,"played":[0.038,0.962],"evs":[0.0,2.83718]},"94o":{"weight":0.0,"played":[0.3478,0.6522],"evs":[0.0,1.43253]},"T4o":{"weight":0.0,"played":[0.4974,0.5026],"evs":[0.0,-0.20394]},"J4o":{"weight":0.0,"played":[0.0194,0.9806],"evs":[0.0,1.14995]},"Q4o":{"weight":0.0,"played":[0.0222,0.9778],"evs":[0.0,2.72301]},"K4o":{"weight":0.0,"played":[0.0091,0.9909],"evs":[0.0,4.4209]},"A4o":{"weight":0.0,"played":[0.3417,0.6583],"evs":[0.0,2.81635]},"52s":{"weight":0.0,"played":[0.5725,0.4275],"evs":[0.0,1.58647]},"53s":{"weight":0.0,"played":[0.0354,0.9646],"evs":[0.0,11.6464]},"54s":{"weight":0.0,"played":[0.0544,0.9456],"evs":[0.0,7.85765]},"55":{"weight":0.0023,"played":[0.0064,0.9936],"evs":[0.0,8.50839]},"65o":{"weight":0.0,"played":[0.0165,0.9835],"evs":[0.0,3.54297]},"75o":{"weight":0.0,"played":[0.0764,0.9236],"evs":[0.0,1.34781]},"85o":{"weight":0.0,"played":[0.0607,0.9393],"evs":[0.0,4.67072]},"95o":{"weight":0.0,"played":[0.0318,0.9682],"evs":[0.0,3.49066]},"T5o":{"weight":0.0,"played":[0.2874,0.7126],"evs":[0.0,2.14955]},"J5o":{"weight":0.0,"played":[0.0599,0.9401],"evs":[0.0,7.45292]},"Q5o":{"weight":0.0,"played":[0.0164,0.9836],"evs":[0.0,4.85586]},"K5o":{"weight":0.0,"played":[0.03,0.97],"evs":[0.0,2.89114]},"A5o":{"weight":0.0,"played":[8.0E-4,0.9992],"evs":[0.0,4.19589]},"62s":{"weight":0.0,"played":[0.0023,0.9977],"evs":[0.0,9.55926]},"63s":{"weight":0.0,"played":[0.0277,0.9723],"evs":[0.0,2.92946]},"64s":{"weight":0.0,"played":[0.7781,0.2219],"evs":[0.0,-3.52659]},"65s":{"weight":0.0,"played":[0.0121,0.9879],"evs":[0.0,16.53419]},"66":{"weight":0.422,"played":[3.0E-4,0.9997],"evs":[0.0,8.95653]},"76o":{"weight":0.0,"played":[0.0204,0.9796],"evs":[0.0,6.16647]},"86o":{"weight":0.0,"played":[0.0037,0.9963],"evs":[0.0,7.0753]},"96o":{"weight":0.0,"played":[0.367,0.633],"evs":[0.0,5.46254]},"T6o":{"weight":0.0,"played":[0.1335,0.8665],"evs":[0.0,1.92503]},"J6o":{"weight":0.0,"played":[0.0041,0.9959],"evs":[0.0,2.85077]},"Q6o":{"weight":0.0,"played":[0.0474,0.9526],"evs":[0.0,1.38027]},"K6o":{"weight":0.0,"played":[0.2933,0.7067],"evs":[0.0,4.38396]},"A6o":{"weight":0.0,"played":[0.0385,0.9615],"evs":[0.0,9.07714]},"72s":{"weight":0.0,"played":[0.6516,0.3484],"evs":[0.0,3.43021]},"73s":{"weight":0.0,"played":[0.0948,0.9052],"evs":[0.0,7.05297]},"74s":{"weight":0.0,"played":[0.0348,0.9652],"evs":[0.0,4.26324]},"75s":{"weight":0.0,"played":[0.0672,0.9328],"evs":[0.0,2.64237]},"76s":{"weight":0.0,"played":[0.0097,0.9903],"evs":[0.0,3.51273]},"77":{"weight":0.4668,"played":[0.0061,0.9939],"evs":[0.0,15.13697]},"87o":{"weight":0.0,"played":[0.0028,0.9972],"evs":[0.0,7.82816]},"97o":{"weight":0.0,"played":[5.0E-4,0.9995],"evs":[0.0,9.69883]},"T7o":{"weight":0.0,"played":[0.0904,0.9096],"evs":[0.0,8.3268]},"J7o":{"weight":0.0,"played":[0.0071,0.9929],"evs":[0.0,3.19969]},"Q7o":{"weight":0.0,"played":[0.0149,0.9851],"evs":[0.0,2.37991]},"K7o":{"weight":0.0,"played":[0.0858,0.9142],"evs":[0.0,2.47548]},"A7o":{"weight":0.0,"played":[0.006,0.994],"evs":[0.0,7.77215]},"82s":{"weight":0.0,"played":[0.7349,0.2651],"evs":[0.0,-4.57307]},"83s":{"weight":0.0,"played":[0.2797,0.7203],"evs":[0.0,-0.10333]},"84s":{"weight":0.0,"played":[0.0377,0.9623],"evs":[0.0,1.85183]},"85s":{"weight":0.0,"played":[0.0391,0.9609],"evs":[0.0,7.15725]},"86s":{"weight":0.0,"played":[0.2012,0.7988],"evs":[0.0,8.09657]},"87s":{"weight":0.0,"played":[0.0036,0.9964],"evs":[0.0,4.54647]},"88":{"weight":0.5229,"played":[0.0033,0.9967],"evs":[0.0,11.40404]},"98o":{"weight":0.0,"played":[0.0204,0.9796],"evs":[0.0,8.928]},"T8o":{"weight":0.0,"played":[0.0316,0.9684],"evs":[0.0,4.0856]},"J8o":{"weight":0.0,"played":[0.0125,0.9875],"evs":[0.0,7.3842]},"Q8o":{"weight":0.0,"played":[0.2456,0.7544],"evs":[0.0,0.21401]},"K8o":{"weight":0.0,"played":[0.0816,0.9184],"evs":[0.0,6.84551]},"A8o":{"weight":0.0,"played":[0.053,0.947],"evs":[0.0,6.16281]},"92s":{"weight":0.0,"played":[0.5995,0.4005],"evs":[0.0,-0.23001]},"93s":{"weight":0.0,"played":[0.0095,0.9905],"evs":[0.0,6.59177]},"94s":{"weight":0.0,"played":[0.1506,0.8494],"evs":[0.0,2.04996]},"95s":{"weight":0.0,"played":[0.1347,0.8653],"evs":[0.0,12.00949]},"96s":{"weight":0.0,"played":[0.1655,0.8345],"evs":[0.0,6.81297]},"97s":{"weight":0.0,"played":[0.034,0.966],"evs":[0.0,5.80954]},"98s":{"weight":0.0,"played":[0.192,0.808],"evs":[0.0,9.15132]},"99":{"weight":0.2111,"played":[0.0,1.0],"evs":[0.0,15.10571]},"T9o":{"weight":0.0,"played":[0.0013,0.9987],"evs":[0.0,7.07109]},"J9o":{"weight":0.0,"played":[0.0532,0.9468],"evs":[0.0,5.76579]},"Q9o":{"weight":0.0,"played":[0.0082,0.9918],"evs":[0.0,7.05807]},"K9o":{"weight":0.0,"played":[0.0,1.0],"evs":[0.0,4.90402]},"A9o":{"weight":0.0,"played":[0.047,0.953],"evs":[0.0,6.45556]},"T2s":{"weight":0.0,"played":[0.1868,0.8132],"evs":[0.0,4.1623]},"T3s":{"weight":0.0,"played":[0.0304,0.9696],"evs":[0.0,6.47471]},"T4s":{"weight":0.0,"played":[0.2271,0.7729],"evs":[0.0,6.39435]},"T5s":{"weight":0.0,"played":[0.1714,0.8286],"evs":[0.0,3.16321]},"T6s":{"weight":0.0,"played":[0.1266,0.8734],"evs":[0.0,7.11269]},"T7s":{"weight":0.0,"played":[0.0412,0.9588],"evs":[0.0,13.40841]},"T8s":{"weight":3.0E-4,"played":[0.0298,0.9702],"evs":[0.0,5.48193]},"T9s":{"weight":0.0032,"played":[0.0112,0.9888],"evs":[0.0,7.52938]},"TT":{"weight":0.5612,"played":[0.0,1.0],"evs":[0.0,15.87411]},"JTo":{"weight":0.0,"played":[0.0022,0.9978],"evs":[0.0,7.47424]},"QTo":{"weight":0.0,"played":[0.0046,0.9954],"evs":[0.0,4.35631]},"KTo":{"weight":0.0,"played":[0.0323,0.9677],"evs":[0.0,6.80221]},"ATo":{"weight":0.0,"played":[1.0E-4,0.9999],"evs":[0.0,9.09731]},"J2s":{"weight":0.0,"played":[0.067,0.933],"evs":[0.0,2.33607]},"J3s":{"weight":0.0,"played":[0.0275,0.9725],"evs":[0.0,12.09166]},"J4s":{"weight":0.0,"played":[0.5582,0.4418],"evs":[0.0,-1.987]},"J5s":{"weight":0.0,"played":[0.0787,0.9213],"evs":[0.0,3.03902]},"J6s":{"weight":0.0,"played":[0.037,0.963],"evs":[0.0,4.81752]},"J7s":{"weight":0.0,"played":[0.0766,0.9234],"evs":[0.0,1.60909]},"J8s":{"weight":0.0,"played":[0.0518,0.9482],"evs":[0.0,2.3194]},"J9s":{"weight":7.0E-4,"played":[0.0031,0.9969],"evs":[0.0,1.89881]},"JTs":{"weight":0.0118,"played":[0.3507,0.6493],"evs":[0.0,-0.72707]},"JJ":{"weight":0.4192,"played":[2.0E-4,0.9998],"evs":[0.0,14.33164]},"QJo":{"weight":0.0,"played":[0.0,1.0],"evs":[0.0,6.52428]},"KJo":{"weight":0.0,"played":[0.0015,0.9985],"evs":[0.0,7.45038]},"AJo":{"weight":0.0439,"played":[7.0E-4,0.9993],"evs":[0.0,8.47079]},"Q2s":{"weight":0.0,"played":[0.3827,0.6173],"evs":[0.0,1.73572]},"Q3s":{"weight":0.0,"played":[0.0517,0.9483],"evs":[0.0,12.31315]},"Q4s":{"weight":0.0,"played":[0.0546,0.9454],"evs":[0.0,1.95015]},"Q5s":{"weight":0.0,"played":[0.0536,0.9464],"evs":[0.0,4.23436]},"Q6s":{"weight":0.0,"played":[0.2653,0.7347],"evs":[0.0,9.74486]},"Q7s":{"weight":0.0,"played":[0.067,0.933],"evs":[0.0,1.54817]},"Q8s":{"weight":1.0E-4,"played":[0.2012,0.7988],"evs":[0.0,2.66473]},"Q9s":{"weight":2.0E-4,"played":[0.0271,0.9729],"evs":[0.0,10.58782]},"QTs":{"weight":0.0,"played":[0.2148,0.7852],"evs":[0.0,7.51716]},"QJs":{"weight":0.0,"played":[5.0E-4,0.9995],"evs":[0.0,19.25114]},"QQ":{"weight":0.6711,"played":[1.0E-4,0.9999],"evs":[0.0,21.02743]},"KQo":{"weight":0.0,"played":[8.0E-4,0.9992],"evs":[0.0,5.13824]},"AQo":{"weight":0.3461,"played":[2.0E-4,0.9998],"evs":[0.0,9.91508]},"K2s":{"weight":0.0,"played":[0.0392,0.9608],"evs":[0.0,3.39541]},"K3s":{"weight":0.0,"played":[0.0486,0.9514],"evs":[0.0,7.4362]},"K4s":{"weight":0.0,"played":[0.0806,0.9194],"evs":[0.0,4.95926]},"K5s":{"weight":0.0,"played":[0.0315,0.9685],"evs":[0.0,12.81285]},"K6s":{"weight":0.0,"played":[0.1668,0.8332],"evs":[0.0,11.50082]},"K7s":{"weight":1.0E-4,"played":[3.0E-4,0.9997],"evs":[0.0,12.68191]},"K8s":{"weight":0.0,"played":[0.0017,0.9983],"evs":[0.0,9.45664]},"K9s":{"weight":0.0036,"played":[0.0,1.0],"evs":[0.0,10.33017]},"KTs":{"weight":0.0,"played":[0.0601,0.9399],"evs":[0.0,8.07098]},"KJs":{"weight":0.0527,"played":[0.0018,0.9982],"evs":[0.0,15.70033]},"KQs":{"weight":0.4571,"played":[0.0016,0.9984],"evs":[0.0,10.66307]},"KK":{"weight":0.8364,"played":[2.0E-4,0.9998],"evs":[0.0,23.02397]},"AKo":{"weight":0.7502,"played":[1.0E-4,0.9999],"evs":[0.0,12.22745]},"A2s":{"weight":0.0,"played":[0.0026,0.9974],"evs":[0.0,3.90082]},"A3s":{"weight":1.0E-4,"played":[0.003,0.997],"evs":[0.0,6.8095]},"A4s":{"weight":0.0,"played":[0.3814,0.6186],"evs":[0.0,4.39669]},"A5s":{"weight":0.0,"played":[0.0499,0.9501],"evs":[0.0,5.68038]},"A6s":{"weight":1.0E-4,"played":[0.008,0.992],"evs":[0.0,15.35538]},"A7s":{"weight":2.0E-4,"played":[0.0012,0.9988],"evs":[0.0,10.66377]},"A8s":{"weight":0.0031,"played":[0.0673,0.9327],"evs":[0.0,11.4977]},"A9s":{"weight":0.0,"played":[0.0019,0.9981],"evs":[0.0,10.57372]},"ATs":{"weight":0.3666,"played":[3.0E-4,0.9997],"evs":[0.0,12.77041]},"AJs":{"weight":0.4198,"played":[0.0033,0.9967],"evs":[0.0,8.96577]},"AQs":{"weight":0.068,"played":[0.0166,0.9834],"evs":[0.0,16.37497]},"AKs":{"weight":0.3526,"played":[4.0E-4,0.9996],"evs":[0.0,20.34208]},"AA":{"weight":0.062,"played":[0.0,1.0],"evs":[0.0,30.37142]}}}