{"player":2,"street":0,"children":2,"sequence":[{"player":0,"type":"R","amount":200000,"street":0},{"player":1,"type":"F","amount":0,"street":0},{"player":2,"type":"C","amount":200000,"street":0},{"player":3,"type":"C","amount":200000,"street":0},{"player":4,"type":"R","amount":1985000,"street":0},{"player":5,"type":"C","amount":1285000,"street":0},{"player":0,"type":"F","amount":0,"street":0}],"actions":[{"type":"F","amount":0,"node":394},{"type":"R","amount":2385000,"node":395}],"hands":{"22":{"weight":0.0,"played":[0.9574,0.0426],"evs":[0.0,-1.48202]},"32o":{"weight":0.0,"played":[0.9998,2.0E-4],"evs":[0.0,-4.17259]},"42o":{"weight":0.0,"played":[1.0,0.0],"evs":[0.0,-4.20151]},"52o":{"weight":0.0,"played":[1.0,0.0],"evs":[0.0,-4.84549]},"62o":{"weight":0.0,"played":[1.0,0.0],"evs":[0.0,-4.94348]},"72o":{"weight":0.0,"played":[0.9995,5.0E-4],"evs":[0.0,-5.21824]},"82o":{"weight":0.0,"played":[0.9968,0.0032],"evs":[0.0,-5.91035]},"92o":{"weight":0.0,"played":[0.9994,6.0E-4],"evs":[0.0,-4.59098]},"T2o":{"weight":0.0,"played":[0.9999,1.0E-4],"evs":[0.0,-4.83132]},"J2o":{"weight":0.0,"played":[1.0,0.0],"evs":[0.0,-4.92154]},"Q2o":{"weight":0.0,"played":[0.9997,3.0E-4],"evs":[0.0,-5.36109]},"K2o":{"weight":0.0,"played":[0.9996,4.0E-4],"evs":[0.0,-2.90204]},"A2o":{"weight":0.0,"played":[0.9995,5.0E-4],"evs":[0.0,-3.308]},"32s":{"weight":0.0,"played":[0.9983,0.0017],"evs":[0.0,-1.79942]},"33":{"weight":0.0722,"played":[0.9097,0.0903],"evs":[0.0,-1.56015]},"43o":{"weight":0.0,"played":[0.9996,4.0E-4],"evs":[0.0,-4.69234]},"53o":{"weight":0.0,"played":[1.0,0.0],"evs":[0.0,-3.33522]},"63o":{"weight":0.0,"played":[0.9985,0.0015],"evs":[0.0,-3.93053]},"73o":{"weight":0.0,"played":[0.9996,4.0E-4],"evs":[0.0,-3.95378]},"83o":{"weight":0.0,"played":[1.0,0.0],"evs":[0.0,-4.8028]},"93o":{"weight":0.0,"played":[0.9996,4.0E-4],"evs":[0.0,-4.18783]},"T3o":{"weight":0.0,"played":[0.9992,8.0E-4],"evs":[0.0,-5.06214]},"J3o":{"weight":0.0,"played":[0.9998,2.0E-4],"evs":[0.0,-5.65817]},"Q3o":{"weight":0.0,"played":[0.9995,5.0E-4],"evs":[0.0,-5.5525]},"K3o":{"weight":0.0,"played":[0.9999,1.0E-4],"evs":[0.0,-4.36478]},"A3o":{"weight":0.0,"played":[0.9899,0.0101],"evs":[0.0,-3.0658]},"42s":{"weight":0.0,"played":[0.9768,0.0232],"evs":[0.0,-2.40904]},"43s":{"weight":0.0,"played":[0.9986,0.0014],"evs":[0.0,-2.40431]},"44":{"weight":0.9999,"played":[0.997,0.003],"evs":[0.0,-1.67783]},"54o":{"weight":0.0,"played":[1.0,0.0],"evs":[0.0,-2.13187]},"64o":{"weight":0.0,"played":[1.0,0.0],"evs":[0.0,-3.77274]},"74o":{"weight":0.0,"played":[1.0,0.0],"evs":[0.0,-3.74532]},"84o":{"weight":0.0,"played":[1.0,0.0],"evs":[0.0,-4.68415]},"94o":{"weight":0.0,"played":[0.9999,1.0E-4],"evs":[0.0,-4.57527]},"T4o":{"weight":0.0,"played":[0.9966,0.0034],"evs":[0.0,-4.25956]},"J4o":{"weight":0.0,"played":[0.9999,1.0E-4],"evs":[0.0,-4.69809]},"Q4o":{"weight":0.0,"played":[0.9997,3.0E-4],"evs":[0.0,-3.97152]},"K4o":{"weight":0.0,"played":[0.9997,3.0E-4],"evs":[0.0,-3.47735]},"A4o":{"weight":0.0,"played":[0.9942,0.0058],"evs":[0.0,-4.52481]},"52s":{"weight":0.0,"played":[0.9732,0.0268],"evs":[0.0,-1.82593]},"53s":{"weight":0.0,"played":[0.9457,0.0543],"evs":[0.0,-1.65448]},"54s":{"weight":0.0,"played":[0.9999,1.0E-4],"evs":[0.0,-1.53635]},"55":{"weight":1.0,"played":[0.0838,0.9162],"evs":[0.0,0.53401]},"65o":{"weight":0.0,"played":[0.9995,5.0E-4],"evs":[0.0,-3.69372]},"75o":{"weight":0.0,"played":[0.9994,6.0E-4],"evs":[0.0,-2.41832]},"85o":{"weight":0.0,"played":[0.9988,0.0012],"evs":[0.0,-3.13164]},"95o":{"weight":0.0,"played":[0.9996,4.0E-4],"evs":[0.0,-4.45266]},"T5o":{"weight":0.0,"played":[1.0,0.0],"evs":[0.0,-4.0235]},"J5o":{"weight":0.0,"played":[0.9944,0.0056],"evs":[0.0,-3.68259]},"Q5o":{"weight":0.0,"played":[1.0,0.0],"evs":[0.0,-3.5703]},"K5o":{"weight":0.0,"played":[0.9852,0.0148],"evs":[0.0,-4.56199]},"A5o":{"weight":0.0,"played":[0.9859,0.0141],"evs":[0.0,-2.5357]},"62s":{"weight":0.0,"played":[0.994,0.006],"evs":[0.0,-4.09028]},"63s":{"weight":0.0,"played":[0.7586,0.2414],"evs":[0.0,-1.58111]},"64s":{"weight":0.0,"played":[0.9996,4.0E-4],"evs":[0.0,-1.78829]},"65s":{"weight":0.552,"played":[0.9345,0.0655],"evs":[0.0,0.16438]},"66":{"weight":1.0,"played":[0.6254,0.3746],"evs":[0.0,-0.08943]},"76o":{"weight":0.0,"played":[0.998,0.002],"evs":[0.0,-3.38413]},"86o":{"weight":0.0,"played":[0.9955,0.0045],"evs":[0.0,-5.00264]},"96o":{"weight":0.0,"played":[0.9999,1.0E-4],"evs":[0.0,-3.99968]},"T6o":{"weight":0.0,"played":[0.9967,0.0033],"evs":[0.0,-4.07115]},"J6o":{"weight":0.0,"played":[0.9997,3.0E-4],"evs":[0.0,-4.93047]},"Q6o":{"weight":0.0,"played":[0.9999,1.0E-4],"evs":[0.0,-5.75139]},"K6o":{"weight":0.0,"played":[0.9949,0.0051],"evs":[0.0,-3.40483]},"A6o":{"weight":0.0,"played":[0.9998,2.0E-4],"evs":[0.0,-4.25034]},"72s":{"weight":0.0,"played":[0.9964,0.0036],"evs":[0.0,-1.9537]},"73s":{"weight":0.0,"played":[0.9809,0.0191],"evs":[0.0,-3.26868]},"74s":{"weight":0.0,"played":[0.9941,0.0059],"evs":[0.0,-2.18688]},"75s":{"weight":0.0,"played":[0.8444,0.1556],"evs":[0.0,-2.71468]},"76s":{"weight":0.3224,"played":[0.9863,0.0137],"evs":[0.0,-2.24125]},"77":{"weight":0.8093,"played":[0.0146,0.9854],"evs":[0.0,0.96362]},"87o":{"weight":0.0,"played":[0.9972,0.0028],"evs":[0.0,-1.23346]},"97o":{"weight":0.0,"played":[0.9919,0.0081],"evs":[0.0,-2.55563]},"T7o":{"weight":0.0,"played":[0.9998,2.0E-4],"evs":[0.0,-3.30083]},"J7o":{"weight":0.0,"played":[0.9998,2.0E-4],"evs":[0.0,-4.14718]},"Q7o":{"weight":0.0,"played":[0.9977,0.0023],"evs":[0.0,-3.57538]},"K7o":{"weight":0.0,"played":[0.9846,0.0154],"evs":[0.0,-3.58885]},"A7o":{"weight":0.0,"played":[0.9956,0.0044],"evs":[0.0,-4.56585]},"82s":{"weight":0.0,"played":[0.9986,0.0014],"evs":[0.0,-2.61234]},"83s":{"weight":0.0,"played":[0.9975,0.0025],"evs":[0.0,-3.26245]},"84s":{"weight":0.0,"played":[0.9996,4.0E-4],"evs":[0.0,-2.30191]},"85s":{"weight":0.0,"played":[0.9357,0.0643],"evs":[0.0,-2.46545]},"86s":{"weight":0.0,"played":[0.7387,0.2613],"evs":[0.0,-0.86414]},"87s":{"weight":0.3702,"played":[0.9962,0.0038],"evs":[0.0,-0.86463]},"88":{"weight":0.7199,"played":[2.0E-4,0.9998],"evs":[0.0,3.60768]},"98o":{"weight":0.0,"played":[0.8774,0.1226],"evs":[0.0,-2.1106]},"T8o":{"weight":0.0,"played":[0.9857,0.0143],"evs":[0.0,-2.22089]},"J8o":{"weight":0.0,"played":[0.9976,0.0024],"evs":[0.0,-1.78844]},"Q8o":{"weight":0.0,"played":[0.9817,0.0183],"evs":[0.0,-2.48433]},"K8o":{"weight":0.0,"played":[0.9963,0.0037],"evs":[0.0,-3.42229]},"A8o":{"weight":0.0,"played":[0.9946,0.0054],"evs":[0.0,-2.99683]},"92s":{"weight":0.0,"played":[0.9923,0.0077],"evs":[0.0,-2.52002]},"93s":{"weight":0.0,"played":[0.9877,0.0123],"evs":[0.0,-3.13907]},"94s":{"weight":0.0,"played":[0.966,0.034],"evs":[0.0,-3.68385]},"95s":{"weight":0.0,"played":[0.9977,0.0023],"evs":[0.0,-2.98589]},"96s":{"weight":0.0,"played":[0.9749,0.0251],"evs":[0.0,-2.45914]},"97s":{"weight":0.0,"played":[0.8764,0.1236],"evs":[0.0,-0.5328]},"98s":{"weight":0.9963,"played":[0.1242,0.8758],"evs":[0.0,1.39852]},"99":{"weight":0.0,"played":[0.0112,0.9888],"evs":[0.0,3.8115]},"T9o":{"weight":0.0,"played":[0.9858,0.0142],"evs":[0.0,-1.6907]},"J9o":{"weight":0.0,"played":[0.9988,0.0012],"evs":[0.0,-1.80537]},"Q9o":{"weight":0.0,"played":[0.978,0.022],"evs":[0.0,-2.25478]},"K9o":{"weight":0.0,"played":[0.996,0.004],"evs":[0.0,-0.92471]},"A9o":{"weight":0.0,"played":[0.9743,0.0257],"evs":[0.0,-3.86023]},"T2s":{"weight":0.0,"played":[0.9285,0.0715],"evs":[0.0,-1.82698]},"T3s":{"weight":0.0,"played":[0.9789,0.0211],"evs":[0.0,-2.4144]},"T4s":{"weight":0.0,"played":[0.9985,0.0015],"evs":[0.0,-3.71635]},"T5s":{"weight":0.0,"played":[0.9811,0.0189],"evs":[0.0,-1.58756]},"T6s":{"weight":0.0,"played":[0.9999,1.0E-4],"evs":[0.0,-1.64749]},"T7s":{"weight":0.0,"played":[0.9675,0.0325],"evs":[0.0,-0.92272]},"T8s":{"weight":0.1952,"played":[0.6999,0.3001],"evs":[0.0,-0.9574]},"T9s":{"weight":1.0,"played":[0.1085,0.8915],"evs":[0.0,1.532]},"TT":{"weight":0.0,"played":[0.0,1.0],"evs":[0.0,5.59954]},"JTo":{"weight":0.0,"played":[0.7458,0.2542],"evs":[0.0,0.24909]},"QTo":{"weight":0.0,"played":[0.9277,0.0723],"evs":[0.0,-2.03541]},"KTo":{"weight":0.0,"played":[0.5669,0.4331],"evs":[0.0,-0.8353]},"ATo":{"weight":1.0,"played":[0.9901,0.0099],"evs":[0.0,-2.27799]},"J2s":{"weight":0.0,"played":[0.9244,0.0756],"evs":[0.0,-3.10286]},"J3s":{"weight":0.0,"played":[0.9985,0.0015],"evs":[0.0,-4.40594]},"J4s":{"weight":0.0,"played":[0.9986,0.0014],"evs":[0.0,-5.41782]},"J5s":{"weight":0.0,"played":[0.8683,0.1317],"evs":[0.0,-0.84512]},"J6s":{"weight":0.0,"played":[0.9875,0.0125],"evs":[0.0,-2.20427]},"J7s":{"weight":0.0,"played":[0.6526,0.3474],"evs":[0.0,-0.37845]},"J8s":{"weight":0.0,"played":[0.9923,0.0077],"evs":[0.0,-2.48605]},"J9s":{"weight":0.9998,"played":[0.3495,0.6505],"evs":[0.0,0.72142]},"JTs":{"weight":0.6753,"played":[0.2517,0.7483],"evs":[0.0,-0.26332]},"JJ":{"weight":1.0E-4,"played":[1.0E-4,0.9999],"evs":[0.0,7.51939]},"QJo":{"weight":0.0024,"played":[0.8979,0.1021],"evs":[0.0,-1.00543]},"KJo":{"weight":0.9343,"played":[0.9843,0.0157],"evs":[0.0,-0.98334]},"AJo":{"weight":1.0,"played":[0.8765,0.1235],"evs":[0.0,-0.27462]},"Q2s":{"weight":0.0,"played":[0.9777,0.0223],"evs":[0.0,-1.19319]},"Q3s":{"weight":0.0,"played":[0.7005,0.2995],"evs":[0.0,0.31722]},"Q4s":{"weight":0.0,"played":[0.9992,8.0E-4],"evs":[0.0,-5.17497]},"Q5s":{"weight":0.0,"played":[0.9967,0.0033],"evs":[0.0,-0.40963]},"Q6s":{"weight":0.0,"played":[0.8157,0.1843],"evs":[0.0,-2.26253]},"Q7s":{"weight":0.0,"played":[0.9996,4.0E-4],"evs":[0.0,-2.18302]},"Q8s":{"weight":0.0,"played":[0.9191,0.0809],"evs":[0.0,-3.31015]},"Q9s":{"weight":0.9961,"played":[0.1184,0.8816],"evs":[0.0,1.7458]},"QTs":{"weight":0.7481,"played":[0.1436,0.8564],"evs":[0.0,2.38756]},"QJs":{"weight":0.7397,"played":[0.0726,0.9274],"evs":[0.0,2.90366]},"QQ":{"weight":1.0,"played":[0.0,1.0],"evs":[0.0,9.09466]},"KQo":{"weight":1.0,"played":[0.95,0.05],"evs":[0.0,-1.3504]},"AQo":{"weight":0.0844,"played":[0.2595,0.7405],"evs":[0.0,-0.30072]},"K2s":{"weight":0.0,"played":[0.9649,0.0351],"evs":[0.0,-2.81906]},"K3s":{"weight":0.0,"played":[0.9937,0.0063],"evs":[0.0,-2.22646]},"K4s":{"weight":0.0,"played":[0.9991,9.0E-4],"evs":[0.0,-1.28069]},"K5s":{"weight":0.0,"played":[0.9809,0.0191],"evs":[0.0,-0.80273]},"K6s":{"weight":0.0,"played":[0.9573,0.0427],"evs":[0.0,-1.52522]},"K7s":{"weight":0.0,"played":[0.9989,0.0011],"evs":[0.0,-1.12879]},"K8s":{"weight":0.0,"played":[0.3232,0.6768],"evs":[0.0,-0.94633]},"K9s":{"weight":0.9995,"played":[0.1897,0.8103],"evs":[0.0,0.2905]},"KTs":{"weight":0.8207,"played":[0.0631,0.9369],"evs":[0.0,0.3995]},"KJs":{"weight":0.0098,"played":[0.2293,0.7707],"evs":[0.0,1.01933]},"KQs":{"weight":0.5696,"played":[0.0093,0.9907],"evs":[0.0,1.73381]},"KK":{"weight":1.0,"played":[0.0,1.0],"evs":[0.0,16.10246]},"AKo":{"weight":0.0,"played":[0.0125,0.9875],"evs":[0.0,0.62706]},"A2s":{"weight":0.0,"played":[0.7971,0.2029],"evs":[0.0,-1.16167]},"A3s":{"weight":0.527,"played":[0.9956,0.0044],"evs":[0.0,-2.30959]},"A4s":{"weight":0.9947,"played":[0.9274,0.0726],"evs":[0.0,-1.53868]},"A5s":{"weight":0.2814,"played":[0.7001,0.2999],"evs":[0.0,-1.87328]},"A6s":{"weight":0.9462,"played":[0.7895,0.2105],"evs":[0.0,-2.65469]},"A7s":{"weight":0.9173,"played":[0.9899,0.0101],"evs":[0.0,-2.26399]},"A8s":{"weight":0.9239,"played":[0.9887,0.0113],"evs":[0.0,-1.49597]},"A9s":{"weight":1.0,"played":[0.8861,0.1139],"evs":[0.0,-0.73665]},"ATs":{"weight":1.0,"played":[0.076,0.924],"evs":[0.0,0.50235]},"AJs":{"weight":1.0,"played":[0.4014,0.5986],"evs":[0.0,0.09246]},"AQs":{"weight":0.9999,"played":[0.0049,0.9951],"evs":[0.0,1.78404]},"AKs":{"weight":0.0016,"played":[9.0E-4,0.9991],"evs":[0.0,2.81712]},"AA":{"weight":1.0,"played":[0.0,1.0],"evs":[0.0,21.47093]}}}