{"player":2,"street":0,"children":2,"sequence":[{"player":0,"type":"R","amount":200000,"street":0},{"player":1,"type":"F","amount":0,"street":0},{"player":2,"type":"C","amount":200000,"street":0},{"player":3,"type":"R","amount":600000,"street":0},{"player":4,"type":"F","amount":0,"street":0},{"player":5,"type":"R","amount":1385000,"street":0},{"player":0,"type":"C","amount":1185000,"street":0}],"actions":[{"type":"F","amount":0,"node":420},{"type":"R","amount":2385000,"node":422}],"hands":{"22":{"weight":0.0,"played":[0.9973,0.0027],"evs":[0.0,-3.55338]},"32o":{"weight":0.0,"played":[0.9999,1.0E-4],"evs":[0.0,-6.42714]},"42o":{"weight":0.0,"played":[0.9999,1.0E-4],"evs":[0.0,-5.83451]},"52o":{"weight":0.0,"played":[1.0,0.0],"evs":[0.0,-4.53107]},"62o":{"weight":0.0,"played":[0.9999,1.0E-4],"evs":[0.0,-7.98452]},"72o":{"weight":0.0,"played":[1.0,0.0],"evs":[0.0,-8.68356]},"82o":{"weight":0.0,"played":[0.9999,1.0E-4],"evs":[0.0,-8.8111]},"92o":{"weight":0.0,"played":[0.9982,0.0018],"evs":[0.0,-9.37283]},"T2o":{"weight":0.0,"played":[1.0,0.0],"evs":[0.0,-8.98497]},"J2o":{"weight":0.0,"played":[0.9999,1.0E-4],"evs":[0.0,-9.99792]},"Q2o":{"weight":0.0,"played":[1.0,0.0],"evs":[0.0,-7.99402]},"K2o":{"weight":0.0,"played":[0.9984,0.0016],"evs":[0.0,-8.30592]},"A2o":{"weight":0.0,"played":[0.9963,0.0037],"evs":[0.0,-6.35948]},"32s":{"weight":0.0,"played":[0.9924,0.0076],"evs":[0.0,-8.1387]},"33":{"weight":0.0722,"played":[0.9917,0.0083],"evs":[0.0,-3.79914]},"43o":{"weight":0.0,"played":[0.9995,5.0E-4],"evs":[0.0,-5.43806]},"53o":{"weight":0.0,"played":[1.0,0.0],"evs":[0.0,-5.62386]},"63o":{"weight":0.0,"played":[0.9998,2.0E-4],"evs":[0.0,-6.55412]},"73o":{"weight":0.0,"played":[1.0,0.0],"evs":[0.0,-6.87701]},"83o":{"weight":0.0,"played":[1.0,0.0],"evs":[0.0,-8.0454]},"93o":{"weight":0.0,"played":[0.9997,3.0E-4],"evs":[0.0,-9.24525]},"T3o":{"weight":0.0,"played":[0.9989,0.0011],"evs":[0.0,-7.56549]},"J3o":{"weight":0.0,"played":[1.0,0.0],"evs":[0.0,-8.97467]},"Q3o":{"weight":0.0,"played":[0.9962,0.0038],"evs":[0.0,-9.78134]},"K3o":{"weight":0.0,"played":[1.0,0.0],"evs":[0.0,-6.96621]},"A3o":{"weight":0.0,"played":[1.0,0.0],"evs":[0.0,-6.51179]},"42s":{"weight":0.0,"played":[0.9886,0.0114],"evs":[0.0,-2.99203]},"43s":{"weight":0.0,"played":[0.9719,0.0281],"evs":[0.0,-5.33248]},"44":{"weight":0.9999,"played":[0.9908,0.0092],"evs":[0.0,-3.50208]},"54o":{"weight":0.0,"played":[0.9886,0.0114],"evs":[0.0,-3.94557]},"64o":{"weight":0.0,"played":[0.9995,5.0E-4],"evs":[0.0,-5.41122]},"74o":{"weight":0.0,"played":[0.9983,0.0017],"evs":[0.0,-6.42111]},"84o":{"weight":0.0,"played":[0.9993,7.0E-4],"evs":[0.0,-6.82256]},"94o":{"weight":0.0,"played":[0.9997,3.0E-4],"evs":[0.0,-8.24425]},"T4o":{"weight":0.0,"played":[0.9977,0.0023],"evs":[0.0,-7.14603]},"J4o":{"weight":0.0,"played":[0.9977,0.0023],"evs":[0.0,-6.89453]},"Q4o":{"weight":0.0,"played":[0.9978,0.0022],"evs":[0.0,-8.43582]},"K4o":{"weight":0.0,"played":[0.9993,7.0E-4],"evs":[0.0,-7.76827]},"A4o":{"weight":0.0,"played":[0.988,0.012],"evs":[0.0,-7.39703]},"52s":{"weight":0.0,"played":[0.9565,0.0435],"evs":[0.0,-4.648]},"53s":{"weight":0.0,"played":[0.8836,0.1164],"evs":[0.0,-4.09232]},"54s":{"weight":0.0,"played":[0.6583,0.3417],"evs":[0.0,-3.00198]},"55":{"weight":1.0,"played":[0.8126,0.1874],"evs":[0.0,-2.75599]},"65o":{"weight":0.0,"played":[0.9749,0.0251],"evs":[0.0,-2.25218]},"75o":{"weight":0.0,"played":[0.9991,9.0E-4],"evs":[0.0,-6.12775]},"85o":{"weight":0.0,"played":[0.9981,0.0019],"evs":[0.0,-7.80055]},"95o":{"weight":0.0,"played":[0.9895,0.0105],"evs":[0.0,-7.23519]},"T5o":{"weight":0.0,"played":[0.9996,4.0E-4],"evs":[0.0,-8.25593]},"J5o":{"weight":0.0,"played":[0.9983,0.0017],"evs":[0.0,-8.14189]},"Q5o":{"weight":0.0,"played":[0.9999,1.0E-4],"evs":[0.0,-7.96394]},"K5o":{"weight":0.0,"played":[0.9977,0.0023],"evs":[0.0,-8.09274]},"A5o":{"weight":0.0,"played":[0.9993,7.0E-4],"evs":[0.0,-6.29185]},"62s":{"weight":0.0,"played":[0.9999,1.0E-4],"evs":[0.0,-7.67957]},"63s":{"weight":0.0,"played":[0.704,0.296],"evs":[0.0,-5.23589]},"64s":{"weight":0.0,"played":[0.9801,0.0199],"evs":[0.0,-2.70786]},"65s":{"weight":0.552,"played":[0.851,0.149],"evs":[0.0,-3.03383]},"66":{"weight":1.0,"played":[0.9601,0.0399],"evs":[0.0,-4.44591]},"76o":{"weight":0.0,"played":[0.9845,0.0155],"evs":[0.0,-6.00849]},"86o":{"weight":0.0,"played":[0.9991,9.0E-4],"evs":[0.0,-5.54604]},"96o":{"weight":0.0,"played":[0.9976,0.0024],"evs":[0.0,-5.53549]},"T6o":{"weight":0.0,"played":[0.9999,1.0E-4],"evs":[0.0,-8.08307]},"J6o":{"weight":0.0,"played":[0.9984,0.0016],"evs":[0.0,-9.26341]},"Q6o":{"weight":0.0,"played":[0.9913,0.0087],"evs":[0.0,-7.35406]},"K6o":{"weight":0.0,"played":[1.0,0.0],"evs":[0.0,-7.22662]},"A6o":{"weight":0.0,"played":[0.9951,0.0049],"evs":[0.0,-7.87518]},"72s":{"weight":0.0,"played":[1.0,0.0],"evs":[0.0,-5.77915]},"73s":{"weight":0.0,"played":[0.8425,0.1575],"evs":[0.0,-4.55938]},"74s":{"weight":0.0,"played":[0.9072,0.0928],"evs":[0.0,-6.97208]},"75s":{"weight":0.0,"played":[0.9912,0.0088],"evs":[0.0,-4.29767]},"76s":{"weight":0.3224,"played":[0.9278,0.0722],"evs":[0.0,-2.89191]},"77":{"weight":0.8093,"played":[0.9941,0.0059],"evs":[0.0,-4.2801]},"87o":{"weight":0.0,"played":[0.9985,0.0015],"evs":[0.0,-6.75126]},"97o":{"weight":0.0,"played":[0.9926,0.0074],"evs":[0.0,-6.43707]},"T7o":{"weight":0.0,"played":[0.9998,2.0E-4],"evs":[0.0,-6.86725]},"J7o":{"weight":0.0,"played":[0.9996,4.0E-4],"evs":[0.0,-6.50261]},"Q7o":{"weight":0.0,"played":[0.9999,1.0E-4],"evs":[0.0,-8.5124]},"K7o":{"weight":0.0,"played":[0.9978,0.0022],"evs":[0.0,-7.87208]},"A7o":{"weight":0.0,"played":[0.9999,1.0E-4],"evs":[0.0,-4.98114]},"82s":{"weight":0.0,"played":[0.9965,0.0035],"evs":[0.0,-7.70894]},"83s":{"weight":0.0,"played":[0.9974,0.0026],"evs":[0.0,-7.92695]},"84s":{"weight":0.0,"played":[0.9863,0.0137],"evs":[0.0,-4.90356]},"85s":{"weight":0.0,"played":[0.9213,0.0787],"evs":[0.0,-2.95406]},"86s":{"weight":0.0,"played":[0.9773,0.0227],"evs":[0.0,-3.87282]},"87s":{"weight":0.3702,"played":[0.9564,0.0436],"evs":[0.0,-4.74402]},"88":{"weight":0.7199,"played":[0.8689,0.1311],"evs":[0.0,-5.10924]},"98o":{"weight":0.0,"played":[0.9967,0.0033],"evs":[0.0,-5.55086]},"T8o":{"weight":0.0,"played":[0.9988,0.0012],"evs":[0.0,-8.17686]},"J8o":{"weight":0.0,"played":[0.9999,1.0E-4],"evs":[0.0,-8.56926]},"Q8o":{"weight":0.0,"played":[1.0,0.0],"evs":[0.0,-9.5965]},"K8o":{"weight":0.0,"played":[0.9943,0.0057],"evs":[0.0,-7.55516]},"A8o":{"weight":0.0,"played":[0.9968,0.0032],"evs":[0.0,-7.03791]},"92s":{"weight":0.0,"played":[0.9808,0.0192],"evs":[0.0,-7.21705]},"93s":{"weight":0.0,"played":[0.9983,0.0017],"evs":[0.0,-8.56358]},"94s":{"weight":0.0,"played":[0.999,0.001],"evs":[0.0,-7.74446]},"95s":{"weight":0.0,"played":[0.9502,0.0498],"evs":[0.0,-5.24513]},"96s":{"weight":0.0,"played":[0.9765,0.0235],"evs":[0.0,-4.79954]},"97s":{"weight":0.0,"played":[0.9161,0.0839],"evs":[0.0,-6.30361]},"98s":{"weight":0.9963,"played":[0.9833,0.0167],"evs":[0.0,-6.39496]},"99":{"weight":0.0,"played":[0.6701,0.3299],"evs":[0.0,0.25809]},"T9o":{"weight":0.0,"played":[0.9994,6.0E-4],"evs":[0.0,-6.34959]},"J9o":{"weight":0.0,"played":[0.999,0.001],"evs":[0.0,-6.97456]},"Q9o":{"weight":0.0,"played":[0.9977,0.0023],"evs":[0.0,-6.62491]},"K9o":{"weight":0.0,"played":[0.9993,7.0E-4],"evs":[0.0,-7.11174]},"A9o":{"weight":0.0,"played":[0.9976,0.0024],"evs":[0.0,-7.80575]},"T2s":{"weight":0.0,"played":[0.9871,0.0129],"evs":[0.0,-7.11042]},"T3s":{"weight":0.0,"played":[0.9997,3.0E-4],"evs":[0.0,-5.83798]},"T4s":{"weight":0.0,"played":[0.9952,0.0048],"evs":[0.0,-7.08583]},"T5s":{"weight":0.0,"played":[0.8999,0.1001],"evs":[0.0,-0.90214]},"T6s":{"weight":0.0,"played":[0.8999,0.1001],"evs":[0.0,-2.93636]},"T7s":{"weight":0.0,"played":[0.6194,0.3806],"evs":[0.0,0.33647]},"T8s":{"weight":0.1952,"played":[0.9766,0.0234],"evs":[0.0,-5.82813]},"T9s":{"weight":1.0,"played":[0.9874,0.0126],"evs":[0.0,-3.67893]},"TT":{"weight":0.0,"played":[0.9068,0.0932],"evs":[0.0,-2.34243]},"JTo":{"weight":0.0,"played":[0.9988,0.0012],"evs":[0.0,-7.30422]},"QTo":{"weight":0.0,"played":[0.9999,1.0E-4],"evs":[0.0,-7.87305]},"KTo":{"weight":0.0,"played":[0.9899,0.0101],"evs":[0.0,-5.17597]},"ATo":{"weight":1.0,"played":[0.9827,0.0173],"evs":[0.0,-6.19866]},"J2s":{"weight":0.0,"played":[0.9895,0.0105],"evs":[0.0,-2.9296]},"J3s":{"weight":0.0,"played":[0.9985,0.0015],"evs":[0.0,-2.84402]},"J4s":{"weight":0.0,"played":[0.9718,0.0282],"evs":[0.0,-4.98299]},"J5s":{"weight":0.0,"played":[0.9949,0.0051],"evs":[0.0,-6.40414]},"J6s":{"weight":0.0,"played":[0.9722,0.0278],"evs":[0.0,-4.9371]},"J7s":{"weight":0.0,"played":[0.9969,0.0031],"evs":[0.0,-4.91796]},"J8s":{"weight":0.0,"played":[0.9002,0.0998],"evs":[0.0,-4.02518]},"J9s":{"weight":0.9998,"played":[0.99,0.01],"evs":[0.0,-7.00091]},"JTs":{"weight":0.6753,"played":[0.9249,0.0751],"evs":[0.0,-4.25491]},"JJ":{"weight":1.0E-4,"played":[0.7026,0.2974],"evs":[0.0,-3.29249]},"QJo":{"weight":0.0024,"played":[0.9957,0.0043],"evs":[0.0,-8.60507]},"KJo":{"weight":0.9343,"played":[0.9985,0.0015],"evs":[0.0,-6.0211]},"AJo":{"weight":1.0,"played":[0.9993,7.0E-4],"evs":[0.0,-5.40713]},"Q2s":{"weight":0.0,"played":[0.9498,0.0502],"evs":[0.0,-5.4407]},"Q3s":{"weight":0.0,"played":[0.9861,0.0139],"evs":[0.0,-7.56943]},"Q4s":{"weight":0.0,"played":[0.9971,0.0029],"evs":[0.0,-8.50107]},"Q5s":{"weight":0.0,"played":[0.9977,0.0023],"evs":[0.0,-7.72082]},"Q6s":{"weight":0.0,"played":[0.8108,0.1892],"evs":[0.0,-4.25539]},"Q7s":{"weight":0.0,"played":[0.9773,0.0227],"evs":[0.0,-6.30488]},"Q8s":{"weight":0.0,"played":[0.9698,0.0302],"evs":[0.0,-5.62378]},"Q9s":{"weight":0.9961,"played":[0.9576,0.0424],"evs":[0.0,-3.49503]},"QTs":{"weight":0.7481,"played":[0.9097,0.0903],"evs":[0.0,-3.69788]},"QJs":{"weight":0.7397,"played":[0.9941,0.0059],"evs":[0.0,-4.5761]},"QQ":{"weight":1.0,"played":[0.0,1.0],"evs":[0.0,2.02573]},"KQo":{"weight":1.0,"played":[0.9825,0.0175],"evs":[0.0,-6.08145]},"AQo":{"weight":0.0844,"played":[0.9921,0.0079],"evs":[0.0,-6.92181]},"K2s":{"weight":0.0,"played":[0.9994,6.0E-4],"evs":[0.0,-6.70095]},"K3s":{"weight":0.0,"played":[0.9414,0.0586],"evs":[0.0,-5.11895]},"K4s":{"weight":0.0,"played":[0.9632,0.0368],"evs":[0.0,-4.99886]},"K5s":{"weight":0.0,"played":[0.9934,0.0066],"evs":[0.0,-6.96678]},"K6s":{"weight":0.0,"played":[0.9261,0.0739],"evs":[0.0,-6.57781]},"K7s":{"weight":0.0,"played":[0.9975,0.0025],"evs":[0.0,-6.0239]},"K8s":{"weight":0.0,"played":[0.9968,0.0032],"evs":[0.0,-2.12266]},"K9s":{"weight":0.9995,"played":[0.9564,0.0436],"evs":[0.0,-4.37192]},"KTs":{"weight":0.8207,"played":[0.8677,0.1323],"evs":[0.0,-2.30246]},"KJs":{"weight":0.0098,"played":[0.9651,0.0349],"evs":[0.0,-6.21266]},"KQs":{"weight":0.5696,"played":[0.9782,0.0218],"evs":[0.0,-6.4138]},"KK":{"weight":1.0,"played":[0.0016,0.9984],"evs":[0.0,10.17483]},"AKo":{"weight":0.0,"played":[0.6286,0.3714],"evs":[0.0,-0.85227]},"A2s":{"weight":0.0,"played":[0.989,0.011],"evs":[0.0,-10.15999]},"A3s":{"weight":0.527,"played":[0.9909,0.0091],"evs":[0.0,-4.87508]},"A4s":{"weight":0.9947,"played":[0.9329,0.0671],"evs":[0.0,-4.69431]},"A5s":{"weight":0.2814,"played":[1.0,0.0],"evs":[0.0,-5.09001]},"A6s":{"weight":0.9462,"played":[0.9103,0.0897],"evs":[0.0,-3.19151]},"A7s":{"weight":0.9173,"played":[0.9543,0.0457],"evs":[0.0,-3.60632]},"A8s":{"weight":0.9239,"played":[0.8241,0.1759],"evs":[0.0,-2.48215]},"A9s":{"weight":1.0,"played":[0.9837,0.0163],"evs":[0.0,-3.00459]},"ATs":{"weight":1.0,"played":[1.0,0.0],"evs":[0.0,-3.84822]},"AJs":{"weight":1.0,"played":[0.8432,0.1568],"evs":[0.0,-3.91323]},"AQs":{"weight":0.9999,"played":[0.8205,0.1795],"evs":[0.0,-1.24608]},"AKs":{"weight":0.0016,"played":[0.0011,0.9989],"evs":[0.0,0.7683]},"AA":{"weight":1.0,"played":[4.0E-4,0.9996],"evs":[0.0,20.26817]}}}