{"player":3,"street":0,"children":2,"sequence":[{"player":0,"type":"R","amount":200000,"street":0},{"player":1,"type":"F","amount":0,"street":0},{"player":2,"type":"C","amount":200000,"street":0},{"player":3,"type":"R","amount":600000,"street":0},{"player":4,"type":"F","amount":0,"street":0},{"player":5,"type":"R","amount":1385000,"street":0},{"player":0,"type":"C","amount":1185000,"street":0},{"player":2,"type":"R","amount":2385000,"street":0}],"actions":[{"type":"F","amount":0,"node":423},{"type":"R","amount":3285000,"node":424}],"hands":{"22":{"weight":0.0,"played":[0.2235,0.7765],"evs":[0.0,0.76496]},"32o":{"weight":0.0,"played":[0.9662,0.0338],"evs":[0.0,-7.52917]},"42o":{"weight":0.0,"played":[0.9936,0.0064],"evs":[0.0,-5.67931]},"52o":{"weight":0.0,"played":[0.9987,0.0013],"evs":[0.0,-4.42176]},"62o":{"weight":0.0,"played":[0.9786,0.0214],"evs":[0.0,-8.46994]},"72o":{"weight":0.0,"played":[0.9959,0.0041],"evs":[0.0,-7.70141]},"82o":{"weight":0.0,"played":[0.9904,0.0096],"evs":[0.0,-4.14491]},"92o":{"weight":0.0,"played":[0.9983,0.0017],"evs":[0.0,-10.30369]},"T2o":{"weight":0.0,"played":[0.9971,0.0029],"evs":[0.0,-9.97391]},"J2o":{"weight":0.0,"played":[0.99,0.01],"evs":[0.0,-6.58659]},"Q2o":{"weight":0.0,"played":[0.98,0.02],"evs":[0.0,-8.09959]},"K2o":{"weight":0.0,"played":[0.9709,0.0291],"evs":[0.0,-7.2796]},"A2o":{"weight":0.0,"played":[0.9737,0.0263],"evs":[0.0,-8.24928]},"32s":{"weight":0.0,"played":[0.9588,0.0412],"evs":[0.0,-8.87052]},"33":{"weight":0.0,"played":[0.6833,0.3167],"evs":[0.0,-5.40866]},"43o":{"weight":0.0,"played":[0.9824,0.0176],"evs":[0.0,-4.89681]},"53o":{"weight":0.0,"played":[0.9579,0.0421],"evs":[0.0,-6.78775]},"63o":{"weight":0.0,"played":[0.6472,0.3528],"evs":[0.0,-3.97116]},"73o":{"weight":0.0,"played":[0.9778,0.0222],"evs":[0.0,-8.32023]},"83o":{"weight":0.0,"played":[0.9974,0.0026],"evs":[0.0,-9.52145]},"93o":{"weight":0.0,"played":[0.9752,0.0248],"evs":[0.0,-7.49139]},"T3o":{"weight":0.0,"played":[0.9987,0.0013],"evs":[0.0,-7.09554]},"J3o":{"weight":0.0,"played":[0.978,0.022],"evs":[0.0,-6.56744]},"Q3o":{"weight":0.0,"played":[1.0,0.0],"evs":[0.0,-7.67387]},"K3o":{"weight":0.0,"played":[0.9997,3.0E-4],"evs":[0.0,-12.66196]},"A3o":{"weight":0.0,"played":[0.9964,0.0036],"evs":[0.0,-9.02547]},"42s":{"weight":0.0,"played":[0.9324,0.0676],"evs":[0.0,-5.80289]},"43s":{"weight":0.0,"played":[0.9801,0.0199],"evs":[0.0,-5.18924]},"44":{"weight":0.0,"played":[0.014,0.986],"evs":[0.0,1.78616]},"54o":{"weight":0.0,"played":[0.9324,0.0676],"evs":[0.0,-3.66817]},"64o":{"weight":0.0,"played":[0.9646,0.0354],"evs":[0.0,-6.03947]},"74o":{"weight":0.0,"played":[0.8467,0.1533],"evs":[0.0,-3.16518]},"84o":{"weight":0.0,"played":[0.9922,0.0078],"evs":[0.0,-5.73939]},"94o":{"weight":0.0,"played":[0.9936,0.0064],"evs":[0.0,-5.39893]},"T4o":{"weight":0.0,"played":[0.8983,0.1017],"evs":[0.0,-7.96307]},"J4o":{"weight":0.0,"played":[0.9905,0.0095],"evs":[0.0,-7.48725]},"Q4o":{"weight":0.0,"played":[0.9828,0.0172],"evs":[0.0,-6.03551]},"K4o":{"weight":0.0,"played":[0.8594,0.1406],"evs":[0.0,-6.31012]},"A4o":{"weight":0.0,"played":[0.9587,0.0413],"evs":[0.0,-2.89524]},"52s":{"weight":0.0,"played":[0.0024,0.9976],"evs":[0.0,7.18988]},"53s":{"weight":0.0,"played":[0.5892,0.4108],"evs":[0.0,-1.78379]},"54s":{"weight":0.0,"played":[0.9679,0.0321],"evs":[0.0,-6.17247]},"55":{"weight":0.0,"played":[0.8752,0.1248],"evs":[0.0,-4.894]},"65o":{"weight":0.0,"played":[0.9883,0.0117],"evs":[0.0,-3.32792]},"75o":{"weight":0.0,"played":[0.6924,0.3076],"evs":[0.0,-4.79693]},"85o":{"weight":0.0,"played":[0.8966,0.1034],"evs":[0.0,-6.30756]},"95o":{"weight":0.0,"played":[0.9898,0.0102],"evs":[0.0,-5.20569]},"T5o":{"weight":0.0,"played":[0.9952,0.0048],"evs":[0.0,-8.77139]},"J5o":{"weight":0.0,"played":[1.0,0.0],"evs":[0.0,-8.26039]},"Q5o":{"weight":0.0,"played":[0.9598,0.0402],"evs":[0.0,-6.28809]},"K5o":{"weight":0.0,"played":[0.929,0.071],"evs":[0.0,-6.85847]},"A5o":{"weight":0.0,"played":[0.7503,0.2497],"evs":[0.0,-3.74831]},"62s":{"weight":0.0,"played":[0.8335,0.1665],"evs":[0.0,-3.01326]},"63s":{"weight":0.0,"played":[0.8088,0.1912],"evs":[0.0,-2.31596]},"64s":{"weight":0.0,"played":[0.2934,0.7066],"evs":[0.0,-0.18887]},"65s":{"weight":0.0,"played":[0.5293,0.4707],"evs":[0.0,-0.51787]},"66":{"weight":0.0,"played":[0.6144,0.3856],"evs":[0.0,-2.03231]},"76o":{"weight":0.0,"played":[0.9544,0.0456],"evs":[0.0,-5.37927]},"86o":{"weight":0.0,"played":[0.9824,0.0176],"evs":[0.0,-4.59294]},"96o":{"weight":0.0,"played":[0.8259,0.1741],"evs":[0.0,-4.46514]},"T6o":{"weight":0.0,"played":[0.9885,0.0115],"evs":[0.0,-5.82037]},"J6o":{"weight":0.0,"played":[0.9946,0.0054],"evs":[0.0,-6.16214]},"Q6o":{"weight":0.0,"played":[0.9318,0.0682],"evs":[0.0,-8.65177]},"K6o":{"weight":0.0,"played":[0.9432,0.0568],"evs":[0.0,-9.77704]},"A6o":{"weight":0.0,"played":[0.8505,0.1495],"evs":[0.0,-6.30207]},"72s":{"weight":0.0,"played":[0.6067,0.3933],"evs":[0.0,-3.49862]},"73s":{"weight":0.0,"played":[0.9515,0.0485],"evs":[0.0,-3.33082]},"74s":{"weight":0.0,"played":[0.9838,0.0162],"evs":[0.0,-3.35305]},"75s":{"weight":0.0,"played":[0.9731,0.0269],"evs":[0.0,-4.23376]},"76s":{"weight":0.0,"played":[0.782,0.218],"evs":[0.0,-4.31855]},"77":{"weight":0.0308,"played":[0.3671,0.6329],"evs":[0.0,-3.10094]},"87o":{"weight":0.0,"played":[0.934,0.066],"evs":[0.0,-4.41592]},"97o":{"weight":0.0,"played":[0.7129,0.2871],"evs":[0.0,-1.44027]},"T7o":{"weight":0.0,"played":[0.9771,0.0229],"evs":[0.0,-5.39756]},"J7o":{"weight":0.0,"played":[0.996,0.004],"evs":[0.0,-7.53903]},"Q7o":{"weight":0.0,"played":[0.9274,0.0726],"evs":[0.0,-6.60621]},"K7o":{"weight":0.0,"played":[0.9955,0.0045],"evs":[0.0,-7.56215]},"A7o":{"weight":0.0,"played":[0.9379,0.0621],"evs":[0.0,-3.4745]},"82s":{"weight":0.0,"played":[0.9164,0.0836],"evs":[0.0,-4.46599]},"83s":{"weight":0.0,"played":[0.9965,0.0035],"evs":[0.0,-6.60156]},"84s":{"weight":0.0,"played":[0.8109,0.1891],"evs":[0.0,-3.0057]},"85s":{"weight":0.0,"played":[0.5454,0.4546],"evs":[0.0,-2.50971]},"86s":{"weight":0.0,"played":[0.757,0.243],"evs":[0.0,-0.96523]},"87s":{"weight":0.0025,"played":[0.5009,0.4991],"evs":[0.0,2.967]},"88":{"weight":0.4257,"played":[0.6694,0.3306],"evs":[0.0,-3.14369]},"98o":{"weight":0.0,"played":[0.959,0.041],"evs":[0.0,-6.52499]},"T8o":{"weight":0.0,"played":[0.6296,0.3704],"evs":[0.0,-4.88054]},"J8o":{"weight":0.0,"played":[0.952,0.048],"evs":[0.0,-6.58736]},"Q8o":{"weight":0.0,"played":[0.9707,0.0293],"evs":[0.0,-8.37451]},"K8o":{"weight":0.0,"played":[0.9999,1.0E-4],"evs":[0.0,-6.54703]},"A8o":{"weight":0.0,"played":[0.9331,0.0669],"evs":[0.0,-5.72355]},"92s":{"weight":0.0,"played":[0.5396,0.4604],"evs":[0.0,-1.649]},"93s":{"weight":0.0,"played":[0.9155,0.0845],"evs":[0.0,-8.36131]},"94s":{"weight":0.0,"played":[0.7549,0.2451],"evs":[0.0,-7.33002]},"95s":{"weight":0.0,"played":[0.9831,0.0169],"evs":[0.0,-8.99883]},"96s":{"weight":0.0,"played":[0.9902,0.0098],"evs":[0.0,-5.03162]},"97s":{"weight":0.0,"played":[0.8798,0.1202],"evs":[0.0,-1.39887]},"98s":{"weight":0.0,"played":[0.0454,0.9546],"evs":[0.0,1.02452]},"99":{"weight":0.3421,"played":[0.0134,0.9866],"evs":[0.0,3.18462]},"T9o":{"weight":0.0,"played":[0.6476,0.3524],"evs":[0.0,-3.03886]},"J9o":{"weight":0.0,"played":[0.8832,0.1168],"evs":[0.0,-4.87743]},"Q9o":{"weight":0.0,"played":[0.9915,0.0085],"evs":[0.0,-6.65219]},"K9o":{"weight":0.0,"played":[0.9836,0.0164],"evs":[0.0,-8.24087]},"A9o":{"weight":0.0,"played":[0.9566,0.0434],"evs":[0.0,-3.49372]},"T2s":{"weight":0.0,"played":[0.6173,0.3827],"evs":[0.0,-6.02799]},"T3s":{"weight":0.0,"played":[0.381,0.619],"evs":[0.0,0.1698]},"T4s":{"weight":0.0,"played":[0.8772,0.1228],"evs":[0.0,-0.09462]},"T5s":{"weight":0.0,"played":[0.9518,0.0482],"evs":[0.0,-11.57602]},"T6s":{"weight":0.0,"played":[0.5172,0.4828],"evs":[0.0,-3.16219]},"T7s":{"weight":0.0,"played":[0.7129,0.2871],"evs":[0.0,-0.94909]},"T8s":{"weight":0.0,"played":[0.8815,0.1185],"evs":[0.0,-7.41271]},"T9s":{"weight":0.0,"played":[0.1619,0.8381],"evs":[0.0,-2.13068]},"TT":{"weight":0.0307,"played":[0.011,0.989],"evs":[0.0,-0.2067]},"JTo":{"weight":0.0,"played":[0.9408,0.0592],"evs":[0.0,-6.57478]},"QTo":{"weight":0.0,"played":[0.9821,0.0179],"evs":[0.0,-7.91215]},"KTo":{"weight":0.0,"played":[0.9953,0.0047],"evs":[0.0,-7.10872]},"ATo":{"weight":0.7997,"played":[0.9465,0.0535],"evs":[0.0,-4.80475]},"J2s":{"weight":0.0,"played":[0.9718,0.0282],"evs":[0.0,-5.67359]},"J3s":{"weight":0.0,"played":[0.6551,0.3449],"evs":[0.0,-5.47553]},"J4s":{"weight":0.0,"played":[0.5964,0.4036],"evs":[0.0,-4.87346]},"J5s":{"weight":0.0,"played":[0.8925,0.1075],"evs":[0.0,-5.31757]},"J6s":{"weight":0.0,"played":[0.9888,0.0112],"evs":[0.0,-6.27706]},"J7s":{"weight":0.0,"played":[0.8326,0.1674],"evs":[0.0,-5.1956]},"J8s":{"weight":0.0,"played":[0.8836,0.1164],"evs":[0.0,-2.91867]},"J9s":{"weight":0.0978,"played":[0.7845,0.2155],"evs":[0.0,-4.11781]},"JTs":{"weight":0.0233,"played":[0.7948,0.2052],"evs":[0.0,-6.49802]},"JJ":{"weight":0.4845,"played":[0.2612,0.7388],"evs":[0.0,-1.9618]},"QJo":{"weight":1.0E-4,"played":[0.8042,0.1958],"evs":[0.0,-3.74486]},"KJo":{"weight":0.0741,"played":[0.8749,0.1251],"evs":[0.0,-5.42489]},"AJo":{"weight":0.0375,"played":[0.9165,0.0835],"evs":[0.0,-5.32475]},"Q2s":{"weight":0.0,"played":[0.9335,0.0665],"evs":[0.0,-4.20511]},"Q3s":{"weight":0.0,"played":[0.6143,0.3857],"evs":[0.0,-0.36607]},"Q4s":{"weight":0.0,"played":[0.5728,0.4272],"evs":[0.0,0.1269]},"Q5s":{"weight":0.0,"played":[0.9941,0.0059],"evs":[0.0,-9.38708]},"Q6s":{"weight":0.0,"played":[0.9681,0.0319],"evs":[0.0,-6.21122]},"Q7s":{"weight":0.0,"played":[0.8119,0.1881],"evs":[0.0,-6.2348]},"Q8s":{"weight":0.0937,"played":[0.6813,0.3187],"evs":[0.0,-3.54079]},"Q9s":{"weight":0.3485,"played":[0.9995,5.0E-4],"evs":[0.0,-8.19019]},"QTs":{"weight":0.1197,"played":[0.1106,0.8894],"evs":[0.0,0.07675]},"QJs":{"weight":0.2,"played":[0.5012,0.4988],"evs":[0.0,-2.55202]},"QQ":{"weight":0.9992,"played":[6.0E-4,0.9994],"evs":[0.0,2.88117]},"KQo":{"weight":0.0839,"played":[0.8358,0.1642],"evs":[0.0,-5.78364]},"AQo":{"weight":0.4657,"played":[0.943,0.057],"evs":[0.0,-5.28161]},"K2s":{"weight":0.0,"played":[0.9107,0.0893],"evs":[0.0,-6.11383]},"K3s":{"weight":0.0,"played":[0.9692,0.0308],"evs":[0.0,-7.03205]},"K4s":{"weight":0.0,"played":[0.6801,0.3199],"evs":[0.0,-2.60454]},"K5s":{"weight":0.0,"played":[0.4968,0.5032],"evs":[0.0,-1.5826]},"K6s":{"weight":0.0138,"played":[0.7994,0.2006],"evs":[0.0,-1.40633]},"K7s":{"weight":0.0215,"played":[0.8609,0.1391],"evs":[0.0,-5.56565]},"K8s":{"weight":0.0054,"played":[0.9573,0.0427],"evs":[0.0,-4.5736]},"K9s":{"weight":0.6826,"played":[0.9198,0.0802],"evs":[0.0,-3.57007]},"KTs":{"weight":0.7956,"played":[0.2081,0.7919],"evs":[0.0,0.45839]},"KJs":{"weight":0.0051,"played":[0.5757,0.4243],"evs":[0.0,-2.62454]},"KQs":{"weight":4.0E-4,"played":[0.4047,0.5953],"evs":[0.0,-5.66637]},"KK":{"weight":0.9998,"played":[0.0,1.0],"evs":[0.0,13.89126]},"AKo":{"weight":0.2627,"played":[0.5901,0.4099],"evs":[0.0,-3.15276]},"A2s":{"weight":0.0036,"played":[0.507,0.493],"evs":[0.0,1.64788]},"A3s":{"weight":0.0,"played":[0.0363,0.9637],"evs":[0.0,5.20691]},"A4s":{"weight":0.2464,"played":[0.8313,0.1687],"evs":[0.0,-3.08153]},"A5s":{"weight":0.3156,"played":[0.5921,0.4079],"evs":[0.0,-6.5537]},"A6s":{"weight":0.0317,"played":[0.7221,0.2779],"evs":[0.0,-4.54957]},"A7s":{"weight":0.0899,"played":[0.8994,0.1006],"evs":[0.0,-7.5793]},"A8s":{"weight":0.4488,"played":[0.5469,0.4531],"evs":[0.0,-1.68492]},"A9s":{"weight":0.4489,"played":[0.674,0.326],"evs":[0.0,-6.94035]},"ATs":{"weight":0.0011,"played":[0.4414,0.5586],"evs":[0.0,0.86396]},"AJs":{"weight":0.0019,"played":[0.9296,0.0704],"evs":[0.0,-6.73344]},"AQs":{"weight":0.7419,"played":[0.1036,0.8964],"evs":[0.0,-2.1248]},"AKs":{"weight":0.9937,"played":[0.0646,0.9354],"evs":[0.0,9.51456]},"AA":{"weight":0.9926,"played":[0.0,1.0],"evs":[0.0,24.13108]}}}