{"player":2,"street":0,"children":2,"sequence":[{"player":0,"type":"R","amount":200000,"street":0},{"player":1,"type":"F","amount":0,"street":0},{"player":2,"type":"C","amount":200000,"street":0},{"player":3,"type":"R","amount":600000,"street":0},{"player":4,"type":"F","amount":0,"street":0},{"player":5,"type":"R","amount":1385000,"street":0},{"player":0,"type":"R","amount":3285000,"street":0}],"actions":[{"type":"F","amount":0,"node":426},{"type":"C","amount":2185000,"node":427}],"hands":{"22":{"weight":0.0,"played":[0.9728,0.0272],"evs":[0.0,-2.2818]},"32o":{"weight":0.0,"played":[0.9999,1.0E-4],"evs":[0.0,-7.64838]},"42o":{"weight":0.0,"played":[0.9999,1.0E-4],"evs":[0.0,-5.6772]},"52o":{"weight":0.0,"played":[0.9999,1.0E-4],"evs":[0.0,-6.37481]},"62o":{"weight":0.0,"played":[1.0,0.0],"evs":[0.0,-6.49226]},"72o":{"weight":0.0,"played":[0.9997,3.0E-4],"evs":[0.0,-7.46043]},"82o":{"weight":0.0,"played":[0.9999,1.0E-4],"evs":[0.0,-6.94458]},"92o":{"weight":0.0,"played":[1.0,0.0],"evs":[0.0,-7.0686]},"T2o":{"weight":0.0,"played":[0.9997,3.0E-4],"evs":[0.0,-8.07201]},"J2o":{"weight":0.0,"played":[0.9998,2.0E-4],"evs":[0.0,-6.23798]},"Q2o":{"weight":0.0,"played":[0.9998,2.0E-4],"evs":[0.0,-7.87748]},"K2o":{"weight":0.0,"played":[0.9978,0.0022],"evs":[0.0,-7.61775]},"A2o":{"weight":0.0,"played":[0.9997,3.0E-4],"evs":[0.0,-6.70163]},"32s":{"weight":0.0,"played":[0.9942,0.0058],"evs":[0.0,-3.23142]},"33":{"weight":0.0722,"played":[0.9971,0.0029],"evs":[0.0,-3.67838]},"43o":{"weight":0.0,"played":[0.9997,3.0E-4],"evs":[0.0,-4.30737]},"53o":{"weight":0.0,"played":[0.9952,0.0048],"evs":[0.0,-4.13059]},"63o":{"weight":0.0,"played":[0.9991,9.0E-4],"evs":[0.0,-4.56619]},"73o":{"weight":0.0,"played":[0.9994,6.0E-4],"evs":[0.0,-7.21216]},"83o":{"weight":0.0,"played":[0.9997,3.0E-4],"evs":[0.0,-9.12298]},"93o":{"weight":0.0,"played":[0.9993,7.0E-4],"evs":[0.0,-8.59845]},"T3o":{"weight":0.0,"played":[0.9999,1.0E-4],"evs":[0.0,-7.03364]},"J3o":{"weight":0.0,"played":[0.9972,0.0028],"evs":[0.0,-5.55365]},"Q3o":{"weight":0.0,"played":[0.9999,1.0E-4],"evs":[0.0,-5.74794]},"K3o":{"weight":0.0,"played":[1.0,0.0],"evs":[0.0,-6.68146]},"A3o":{"weight":0.0,"played":[0.9999,1.0E-4],"evs":[0.0,-6.74943]},"42s":{"weight":0.0,"played":[0.9633,0.0367],"evs":[0.0,-3.58061]},"43s":{"weight":0.0,"played":[0.9182,0.0818],"evs":[0.0,-3.92015]},"44":{"weight":0.9999,"played":[0.9981,0.0019],"evs":[0.0,-3.01055]},"54o":{"weight":0.0,"played":[0.9942,0.0058],"evs":[0.0,-4.10009]},"64o":{"weight":0.0,"played":[1.0,0.0],"evs":[0.0,-5.21968]},"74o":{"weight":0.0,"played":[1.0,0.0],"evs":[0.0,-3.48311]},"84o":{"weight":0.0,"played":[0.9998,2.0E-4],"evs":[0.0,-6.56079]},"94o":{"weight":0.0,"played":[0.9999,1.0E-4],"evs":[0.0,-7.91672]},"T4o":{"weight":0.0,"played":[0.9997,3.0E-4],"evs":[0.0,-7.43349]},"J4o":{"weight":0.0,"played":[0.9999,1.0E-4],"evs":[0.0,-7.22074]},"Q4o":{"weight":0.0,"played":[0.9971,0.0029],"evs":[0.0,-7.30899]},"K4o":{"weight":0.0,"played":[0.9987,0.0013],"evs":[0.0,-8.27157]},"A4o":{"weight":0.0,"played":[0.9919,0.0081],"evs":[0.0,-4.47541]},"52s":{"weight":0.0,"played":[0.9966,0.0034],"evs":[0.0,-3.1885]},"53s":{"weight":0.0,"played":[0.9998,2.0E-4],"evs":[0.0,-4.11125]},"54s":{"weight":0.0,"played":[0.6432,0.3568],"evs":[0.0,0.29944]},"55":{"weight":1.0,"played":[0.9819,0.0181],"evs":[0.0,-1.35487]},"65o":{"weight":0.0,"played":[0.9973,0.0027],"evs":[0.0,-4.83819]},"75o":{"weight":0.0,"played":[0.9955,0.0045],"evs":[0.0,-5.60749]},"85o":{"weight":0.0,"played":[1.0,0.0],"evs":[0.0,-6.6983]},"95o":{"weight":0.0,"played":[1.0,0.0],"evs":[0.0,-7.46112]},"T5o":{"weight":0.0,"played":[0.9997,3.0E-4],"evs":[0.0,-7.96876]},"J5o":{"weight":0.0,"played":[0.9997,3.0E-4],"evs":[0.0,-6.15816]},"Q5o":{"weight":0.0,"played":[0.9975,0.0025],"evs":[0.0,-7.0975]},"K5o":{"weight":0.0,"played":[1.0,0.0],"evs":[0.0,-5.9346]},"A5o":{"weight":0.0,"played":[0.9981,0.0019],"evs":[0.0,-5.32349]},"62s":{"weight":0.0,"played":[0.9954,0.0046],"evs":[0.0,-5.09002]},"63s":{"weight":0.0,"played":[0.9534,0.0466],"evs":[0.0,-3.95991]},"64s":{"weight":0.0,"played":[0.8079,0.1921],"evs":[0.0,-0.62506]},"65s":{"weight":0.552,"played":[0.8525,0.1475],"evs":[0.0,-3.20328]},"66":{"weight":1.0,"played":[0.9889,0.0111],"evs":[0.0,-3.88687]},"76o":{"weight":0.0,"played":[0.9925,0.0075],"evs":[0.0,-2.91295]},"86o":{"weight":0.0,"played":[1.0,0.0],"evs":[0.0,-4.97462]},"96o":{"weight":0.0,"played":[0.9993,7.0E-4],"evs":[0.0,-5.99502]},"T6o":{"weight":0.0,"played":[0.9996,4.0E-4],"evs":[0.0,-6.63959]},"J6o":{"weight":0.0,"played":[0.9952,0.0048],"evs":[0.0,-6.50644]},"Q6o":{"weight":0.0,"played":[1.0,0.0],"evs":[0.0,-7.81532]},"K6o":{"weight":0.0,"played":[0.9995,5.0E-4],"evs":[0.0,-6.83247]},"A6o":{"weight":0.0,"played":[0.9988,0.0012],"evs":[0.0,-8.01951]},"72s":{"weight":0.0,"played":[0.9983,0.0017],"evs":[0.0,-7.03704]},"73s":{"weight":0.0,"played":[0.9999,1.0E-4],"evs":[0.0,-2.70575]},"74s":{"weight":0.0,"played":[0.9954,0.0046],"evs":[0.0,-3.43407]},"75s":{"weight":0.0,"played":[0.9859,0.0141],"evs":[0.0,-5.71974]},"76s":{"weight":0.3224,"played":[0.8436,0.1564],"evs":[0.0,-2.85648]},"77":{"weight":0.8093,"played":[0.9898,0.0102],"evs":[0.0,-2.63242]},"87o":{"weight":0.0,"played":[0.9998,2.0E-4],"evs":[0.0,-5.25881]},"97o":{"weight":0.0,"played":[0.9935,0.0065],"evs":[0.0,-6.03777]},"T7o":{"weight":0.0,"played":[0.9997,3.0E-4],"evs":[0.0,-5.5998]},"J7o":{"weight":0.0,"played":[0.9985,0.0015],"evs":[0.0,-7.33656]},"Q7o":{"weight":0.0,"played":[0.9995,5.0E-4],"evs":[0.0,-6.9973]},"K7o":{"weight":0.0,"played":[0.9997,3.0E-4],"evs":[0.0,-7.21425]},"A7o":{"weight":0.0,"played":[0.9994,6.0E-4],"evs":[0.0,-7.6865]},"82s":{"weight":0.0,"played":[1.0,0.0],"evs":[0.0,-4.08007]},"83s":{"weight":0.0,"played":[0.9435,0.0565],"evs":[0.0,-4.1145]},"84s":{"weight":0.0,"played":[1.0,0.0],"evs":[0.0,-7.55128]},"85s":{"weight":0.0,"played":[0.919,0.081],"evs":[0.0,-2.18638]},"86s":{"weight":0.0,"played":[0.8758,0.1242],"evs":[0.0,-1.32362]},"87s":{"weight":0.3702,"played":[0.9968,0.0032],"evs":[0.0,-1.2206]},"88":{"weight":0.7199,"played":[0.9879,0.0121],"evs":[0.0,-0.04499]},"98o":{"weight":0.0,"played":[0.9986,0.0014],"evs":[0.0,-6.13601]},"T8o":{"weight":0.0,"played":[0.9985,0.0015],"evs":[0.0,-6.877]},"J8o":{"weight":0.0,"played":[0.9984,0.0016],"evs":[0.0,-7.19709]},"Q8o":{"weight":0.0,"played":[0.9987,0.0013],"evs":[0.0,-5.74652]},"K8o":{"weight":0.0,"played":[0.9993,7.0E-4],"evs":[0.0,-6.79238]},"A8o":{"weight":0.0,"played":[0.9928,0.0072],"evs":[0.0,-6.76063]},"92s":{"weight":0.0,"played":[1.0,0.0],"evs":[0.0,-6.34999]},"93s":{"weight":0.0,"played":[0.9894,0.0106],"evs":[0.0,-4.67148]},"94s":{"weight":0.0,"played":[0.9955,0.0045],"evs":[0.0,-8.57665]},"95s":{"weight":0.0,"played":[0.9991,9.0E-4],"evs":[0.0,-4.10398]},"96s":{"weight":0.0,"played":[0.9878,0.0122],"evs":[0.0,-2.85782]},"97s":{"weight":0.0,"played":[0.987,0.013],"evs":[0.0,-2.40562]},"98s":{"weight":0.9963,"played":[0.995,0.005],"evs":[0.0,-3.8612]},"99":{"weight":0.0,"played":[0.8394,0.1606],"evs":[0.0,-2.29818]},"T9o":{"weight":0.0,"played":[0.9996,4.0E-4],"evs":[0.0,-5.47751]},"J9o":{"weight":0.0,"played":[0.9968,0.0032],"evs":[0.0,-6.34195]},"Q9o":{"weight":0.0,"played":[0.9968,0.0032],"evs":[0.0,-4.92446]},"K9o":{"weight":0.0,"played":[0.9945,0.0055],"evs":[0.0,-6.75136]},"A9o":{"weight":0.0,"played":[0.9986,0.0014],"evs":[0.0,-7.35168]},"T2s":{"weight":0.0,"played":[0.9491,0.0509],"evs":[0.0,-7.54402]},"T3s":{"weight":0.0,"played":[0.9851,0.0149],"evs":[0.0,-1.07638]},"T4s":{"weight":0.0,"played":[0.9996,4.0E-4],"evs":[0.0,-3.88801]},"T5s":{"weight":0.0,"played":[0.9964,0.0036],"evs":[0.0,-5.5926]},"T6s":{"weight":0.0,"played":[0.9994,6.0E-4],"evs":[0.0,-5.8235]},"T7s":{"weight":0.0,"played":[0.9928,0.0072],"evs":[0.0,-1.77717]},"T8s":{"weight":0.1952,"played":[0.9578,0.0422],"evs":[0.0,-3.64605]},"T9s":{"weight":1.0,"played":[0.9606,0.0394],"evs":[0.0,-3.03863]},"TT":{"weight":0.0,"played":[0.7904,0.2096],"evs":[0.0,-2.31954]},"JTo":{"weight":0.0,"played":[0.9952,0.0048],"evs":[0.0,-5.27564]},"QTo":{"weight":0.0,"played":[0.9879,0.0121],"evs":[0.0,-5.50874]},"KTo":{"weight":0.0,"played":[0.9998,2.0E-4],"evs":[0.0,-8.29604]},"ATo":{"weight":1.0,"played":[0.9993,7.0E-4],"evs":[0.0,-6.12943]},"J2s":{"weight":0.0,"played":[0.9621,0.0379],"evs":[0.0,-3.66721]},"J3s":{"weight":0.0,"played":[1.0,0.0],"evs":[0.0,-4.96471]},"J4s":{"weight":0.0,"played":[0.9969,0.0031],"evs":[0.0,-3.25422]},"J5s":{"weight":0.0,"played":[0.9953,0.0047],"evs":[0.0,-7.01358]},"J6s":{"weight":0.0,"played":[0.9966,0.0034],"evs":[0.0,-5.12594]},"J7s":{"weight":0.0,"played":[0.9975,0.0025],"evs":[0.0,-4.40607]},"J8s":{"weight":0.0,"played":[0.9191,0.0809],"evs":[0.0,-5.02115]},"J9s":{"weight":0.9998,"played":[0.9688,0.0312],"evs":[0.0,-2.20469]},"JTs":{"weight":0.6753,"played":[0.6894,0.3106],"evs":[0.0,-2.35526]},"JJ":{"weight":1.0E-4,"played":[0.2213,0.7787],"evs":[0.0,3.35567]},"QJo":{"weight":0.0024,"played":[0.9863,0.0137],"evs":[0.0,-6.37349]},"KJo":{"weight":0.9343,"played":[0.9996,4.0E-4],"evs":[0.0,-5.29347]},"AJo":{"weight":1.0,"played":[0.9897,0.0103],"evs":[0.0,-5.93241]},"Q2s":{"weight":0.0,"played":[0.9997,3.0E-4],"evs":[0.0,-5.35416]},"Q3s":{"weight":0.0,"played":[0.9996,4.0E-4],"evs":[0.0,-6.95356]},"Q4s":{"weight":0.0,"played":[0.9997,3.0E-4],"evs":[0.0,-4.31232]},"Q5s":{"weight":0.0,"played":[0.9929,0.0071],"evs":[0.0,-3.34834]},"Q6s":{"weight":0.0,"played":[1.0,0.0],"evs":[0.0,-8.22153]},"Q7s":{"weight":0.0,"played":[0.9954,0.0046],"evs":[0.0,-5.2445]},"Q8s":{"weight":0.0,"played":[0.7922,0.2078],"evs":[0.0,-1.66002]},"Q9s":{"weight":0.9961,"played":[0.9898,0.0102],"evs":[0.0,-3.32261]},"QTs":{"weight":0.7481,"played":[0.9942,0.0058],"evs":[0.0,-3.81373]},"QJs":{"weight":0.7397,"played":[0.9951,0.0049],"evs":[0.0,-4.59963]},"QQ":{"weight":1.0,"played":[5.0E-4,0.9995],"evs":[0.0,4.87797]},"KQo":{"weight":1.0,"played":[0.999,0.001],"evs":[0.0,-4.61366]},"AQo":{"weight":0.0844,"played":[0.9788,0.0212],"evs":[0.0,-4.61283]},"K2s":{"weight":0.0,"played":[0.9994,6.0E-4],"evs":[0.0,-6.94559]},"K3s":{"weight":0.0,"played":[0.8096,0.1904],"evs":[0.0,-5.48054]},"K4s":{"weight":0.0,"played":[0.9992,8.0E-4],"evs":[0.0,-5.98463]},"K5s":{"weight":0.0,"played":[0.9582,0.0418],"evs":[0.0,-6.59018]},"K6s":{"weight":0.0,"played":[0.9592,0.0408],"evs":[0.0,-4.0051]},"K7s":{"weight":0.0,"played":[0.9997,3.0E-4],"evs":[0.0,-3.73428]},"K8s":{"weight":0.0,"played":[0.9729,0.0271],"evs":[0.0,-4.04773]},"K9s":{"weight":0.9995,"played":[0.9423,0.0577],"evs":[0.0,-4.40632]},"KTs":{"weight":0.8207,"played":[0.9787,0.0213],"evs":[0.0,-4.64541]},"KJs":{"weight":0.0098,"played":[0.9975,0.0025],"evs":[0.0,-5.98357]},"KQs":{"weight":0.5696,"played":[0.9875,0.0125],"evs":[0.0,-5.23151]},"KK":{"weight":1.0,"played":[1.0E-4,0.9999],"evs":[0.0,11.3185]},"AKo":{"weight":0.0,"played":[0.775,0.225],"evs":[0.0,-1.72739]},"A2s":{"weight":0.0,"played":[0.9998,2.0E-4],"evs":[0.0,-5.06064]},"A3s":{"weight":0.527,"played":[0.9574,0.0426],"evs":[0.0,-3.98276]},"A4s":{"weight":0.9947,"played":[0.9155,0.0845],"evs":[0.0,-4.55837]},"A5s":{"weight":0.2814,"played":[0.9802,0.0198],"evs":[0.0,-4.01737]},"A6s":{"weight":0.9462,"played":[1.0,0.0],"evs":[0.0,-5.24757]},"A7s":{"weight":0.9173,"played":[0.9989,0.0011],"evs":[0.0,-6.2044]},"A8s":{"weight":0.9239,"played":[0.9382,0.0618],"evs":[0.0,-6.10346]},"A9s":{"weight":1.0,"played":[0.8354,0.1646],"evs":[0.0,-2.33579]},"ATs":{"weight":1.0,"played":[0.8888,0.1112],"evs":[0.0,-2.6439]},"AJs":{"weight":1.0,"played":[0.9703,0.0297],"evs":[0.0,-4.42788]},"AQs":{"weight":0.9999,"played":[0.974,0.026],"evs":[0.0,-3.16882]},"AKs":{"weight":0.0016,"played":[0.5995,0.4005],"evs":[0.0,0.35026]},"AA":{"weight":1.0,"played":[0.0,1.0],"evs":[0.0,23.1384]}}}