{"player":3,"street":0,"children":2,"sequence":[{"player":0,"type":"R","amount":200000,"street":0},{"player":1,"type":"F","amount":0,"street":0},{"player":2,"type":"C","amount":200000,"street":0},{"player":3,"type":"R","amount":600000,"street":0},{"player":4,"type":"F","amount":0,"street":0},{"player":5,"type":"R","amount":1385000,"street":0},{"player":0,"type":"R","amount":3285000,"street":0},{"player":2,"type":"F","amount":0,"street":0}],"actions":[{"type":"F","amount":0},{"type":"C","amount":2685000}],"hands":{"22":{"weight":0.0,"played":[0.9897,0.0103],"evs":[0.0,-1.85879]},"32o":{"weight":0.0,"played":[0.9978,0.0022],"evs":[0.0,-5.33737]},"42o":{"weight":0.0,"played":[1.0,0.0],"evs":[0.0,-5.68461]},"52o":{"weight":0.0,"played":[0.9999,1.0E-4],"evs":[0.0,-7.20231]},"62o":{"weight":0.0,"played":[0.9999,1.0E-4],"evs":[0.0,-6.26734]},"72o":{"weight":0.0,"played":[1.0,0.0],"evs":[0.0,-8.35206]},"82o":{"weight":0.0,"played":[1.0,0.0],"evs":[0.0,-6.37603]},"92o":{"weight":0.0,"played":[0.9994,6.0E-4],"evs":[0.0,-7.87115]},"T2o":{"weight":0.0,"played":[1.0,0.0],"evs":[0.0,-6.41703]},"J2o":{"weight":0.0,"played":[1.0,0.0],"evs":[0.0,-6.91898]},"Q2o":{"weight":0.0,"played":[0.9999,1.0E-4],"evs":[0.0,-6.40502]},"K2o":{"weight":0.0,"played":[0.9992,8.0E-4],"evs":[0.0,-7.28119]},"A2o":{"weight":0.0,"played":[0.9956,0.0044],"evs":[0.0,-5.39025]},"32s":{"weight":0.0,"played":[0.9863,0.0137],"evs":[0.0,-4.47739]},"33":{"weight":0.0,"played":[0.9993,7.0E-4],"evs":[0.0,-2.60883]},"43o":{"weight":0.0,"played":[0.9986,0.0014],"evs":[0.0,-5.75104]},"53o":{"weight":0.0,"played":[0.998,0.002],"evs":[0.0,-4.75466]},"63o":{"weight":0.0,"played":[0.9957,0.0043],"evs":[0.0,-5.0609]},"73o":{"weight":0.0,"played":[0.9997,3.0E-4],"evs":[0.0,-6.87201]},"83o":{"weight":0.0,"played":[0.9995,5.0E-4],"evs":[0.0,-7.38143]},"93o":{"weight":0.0,"played":[0.9997,3.0E-4],"evs":[0.0,-7.64143]},"T3o":{"weight":0.0,"played":[0.9998,2.0E-4],"evs":[0.0,-8.05653]},"J3o":{"weight":0.0,"played":[0.9999,1.0E-4],"evs":[0.0,-6.13267]},"Q3o":{"weight":0.0,"played":[0.9999,1.0E-4],"evs":[0.0,-5.34527]},"K3o":{"weight":0.0,"played":[0.9977,0.0023],"evs":[0.0,-7.2449]},"A3o":{"weight":0.0,"played":[0.9961,0.0039],"evs":[0.0,-5.27182]},"42s":{"weight":0.0,"played":[0.9763,0.0237],"evs":[0.0,-4.40645]},"43s":{"weight":0.0,"played":[0.9541,0.0459],"evs":[0.0,-1.21458]},"44":{"weight":0.0,"played":[0.9503,0.0497],"evs":[0.0,0.05427]},"54o":{"weight":0.0,"played":[0.9996,4.0E-4],"evs":[0.0,-4.85127]},"64o":{"weight":0.0,"played":[0.9997,3.0E-4],"evs":[0.0,-3.85346]},"74o":{"weight":0.0,"played":[0.9999,1.0E-4],"evs":[0.0,-4.23493]},"84o":{"weight":0.0,"played":[0.9999,1.0E-4],"evs":[0.0,-6.88531]},"94o":{"weight":0.0,"played":[0.9997,3.0E-4],"evs":[0.0,-8.71143]},"T4o":{"weight":0.0,"played":[0.9952,0.0048],"evs":[0.0,-6.73533]},"J4o":{"weight":0.0,"played":[0.9991,9.0E-4],"evs":[0.0,-4.54864]},"Q4o":{"weight":0.0,"played":[0.9968,0.0032],"evs":[0.0,-6.13748]},"K4o":{"weight":0.0,"played":[0.9982,0.0018],"evs":[0.0,-6.44955]},"A4o":{"weight":0.0,"played":[0.9556,0.0444],"evs":[0.0,-4.57055]},"52s":{"weight":0.0,"played":[0.9866,0.0134],"evs":[0.0,-3.49079]},"53s":{"weight":0.0,"played":[0.9235,0.0765],"evs":[0.0,-2.53891]},"54s":{"weight":0.0,"played":[0.993,0.007],"evs":[0.0,-4.01083]},"55":{"weight":0.0,"played":[0.9827,0.0173],"evs":[0.0,-0.50881]},"65o":{"weight":0.0,"played":[0.9993,7.0E-4],"evs":[0.0,-3.40347]},"75o":{"weight":0.0,"played":[0.9997,3.0E-4],"evs":[0.0,-4.75858]},"85o":{"weight":0.0,"played":[0.9997,3.0E-4],"evs":[0.0,-4.87133]},"95o":{"weight":0.0,"played":[1.0,0.0],"evs":[0.0,-6.7191]},"T5o":{"weight":0.0,"played":[0.9997,3.0E-4],"evs":[0.0,-7.03157]},"J5o":{"weight":0.0,"played":[0.9988,0.0012],"evs":[0.0,-5.91092]},"Q5o":{"weight":0.0,"played":[0.9925,0.0075],"evs":[0.0,-5.80939]},"K5o":{"weight":0.0,"played":[0.9973,0.0027],"evs":[0.0,-6.33538]},"A5o":{"weight":0.0,"played":[0.983,0.017],"evs":[0.0,-4.95921]},"62s":{"weight":0.0,"played":[0.9952,0.0048],"evs":[0.0,-5.01928]},"63s":{"weight":0.0,"played":[0.9998,2.0E-4],"evs":[0.0,-4.06468]},"64s":{"weight":0.0,"played":[0.797,0.203],"evs":[0.0,-0.11593]},"65s":{"weight":0.0,"played":[0.9974,0.0026],"evs":[0.0,-1.87832]},"66":{"weight":0.0,"played":[0.9489,0.0511],"evs":[0.0,-1.58708]},"76o":{"weight":0.0,"played":[1.0,0.0],"evs":[0.0,-5.1422]},"86o":{"weight":0.0,"played":[0.9988,0.0012],"evs":[0.0,-5.50295]},"96o":{"weight":0.0,"played":[0.9931,0.0069],"evs":[0.0,-4.8907]},"T6o":{"weight":0.0,"played":[0.9995,5.0E-4],"evs":[0.0,-6.92548]},"J6o":{"weight":0.0,"played":[1.0,0.0],"evs":[0.0,-6.64332]},"Q6o":{"weight":0.0,"played":[0.9999,1.0E-4],"evs":[0.0,-5.28129]},"K6o":{"weight":0.0,"played":[0.9895,0.0105],"evs":[0.0,-5.77486]},"A6o":{"weight":0.0,"played":[0.9933,0.0067],"evs":[0.0,-5.33925]},"72s":{"weight":0.0,"played":[0.9883,0.0117],"evs":[0.0,-5.51534]},"73s":{"weight":0.0,"played":[0.9995,5.0E-4],"evs":[0.0,-3.32869]},"74s":{"weight":0.0,"played":[0.9438,0.0562],"evs":[0.0,-4.60127]},"75s":{"weight":0.0,"played":[0.7224,0.2776],"evs":[0.0,-0.87087]},"76s":{"weight":0.0,"played":[0.9352,0.0648],"evs":[0.0,-3.05897]},"77":{"weight":0.0308,"played":[0.7541,0.2459],"evs":[0.0,0.46879]},"87o":{"weight":0.0,"played":[0.9868,0.0132],"evs":[0.0,-3.42454]},"97o":{"weight":0.0,"played":[0.9968,0.0032],"evs":[0.0,-4.75485]},"T7o":{"weight":0.0,"played":[0.9977,0.0023],"evs":[0.0,-7.22995]},"J7o":{"weight":0.0,"played":[0.9998,2.0E-4],"evs":[0.0,-4.60138]},"Q7o":{"weight":0.0,"played":[0.9998,2.0E-4],"evs":[0.0,-5.20728]},"K7o":{"weight":0.0,"played":[0.9778,0.0222],"evs":[0.0,-5.75932]},"A7o":{"weight":0.0,"played":[0.9911,0.0089],"evs":[0.0,-6.3148]},"82s":{"weight":0.0,"played":[0.9814,0.0186],"evs":[0.0,-5.67723]},"83s":{"weight":0.0,"played":[0.9858,0.0142],"evs":[0.0,-4.88015]},"84s":{"weight":0.0,"played":[0.997,0.003],"evs":[0.0,-1.78032]},"85s":{"weight":0.0,"played":[0.9816,0.0184],"evs":[0.0,-2.36399]},"86s":{"weight":0.0,"played":[0.9996,4.0E-4],"evs":[0.0,-3.40145]},"87s":{"weight":0.0025,"played":[0.9627,0.0373],"evs":[0.0,-2.10376]},"88":{"weight":0.4257,"played":[0.4039,0.5961],"evs":[0.0,1.04292]},"98o":{"weight":0.0,"played":[0.9901,0.0099],"evs":[0.0,-5.28448]},"T8o":{"weight":0.0,"played":[0.9954,0.0046],"evs":[0.0,-3.63963]},"J8o":{"weight":0.0,"played":[0.9984,0.0016],"evs":[0.0,-4.7491]},"Q8o":{"weight":0.0,"played":[0.9996,4.0E-4],"evs":[0.0,-4.61638]},"K8o":{"weight":0.0,"played":[0.991,0.009],"evs":[0.0,-7.2011]},"A8o":{"weight":0.0,"played":[0.9959,0.0041],"evs":[0.0,-6.37071]},"92s":{"weight":0.0,"played":[0.9869,0.0131],"evs":[0.0,-4.37565]},"93s":{"weight":0.0,"played":[0.9989,0.0011],"evs":[0.0,-5.46114]},"94s":{"weight":0.0,"played":[0.9992,8.0E-4],"evs":[0.0,-6.15522]},"95s":{"weight":0.0,"played":[0.9961,0.0039],"evs":[0.0,-5.90444]},"96s":{"weight":0.0,"played":[0.9993,7.0E-4],"evs":[0.0,-5.37735]},"97s":{"weight":0.0,"played":[0.9982,0.0018],"evs":[0.0,-3.3206]},"98s":{"weight":0.0,"played":[0.8902,0.1098],"evs":[0.0,-3.86206]},"99":{"weight":0.3421,"played":[0.7561,0.2439],"evs":[0.0,0.11337]},"T9o":{"weight":0.0,"played":[0.9998,2.0E-4],"evs":[0.0,-4.69104]},"J9o":{"weight":0.0,"played":[0.9974,0.0026],"evs":[0.0,-5.78113]},"Q9o":{"weight":0.0,"played":[0.9887,0.0113],"evs":[0.0,-4.77832]},"K9o":{"weight":0.0,"played":[0.989,0.011],"evs":[0.0,-5.59259]},"A9o":{"weight":0.0,"played":[0.9957,0.0043],"evs":[0.0,-6.40723]},"T2s":{"weight":0.0,"played":[0.9979,0.0021],"evs":[0.0,-5.10142]},"T3s":{"weight":0.0,"played":[0.9992,8.0E-4],"evs":[0.0,-4.04925]},"T4s":{"weight":0.0,"played":[0.983,0.017],"evs":[0.0,-2.76861]},"T5s":{"weight":0.0,"played":[0.9896,0.0104],"evs":[0.0,-1.71614]},"T6s":{"weight":0.0,"played":[0.9996,4.0E-4],"evs":[0.0,-5.15366]},"T7s":{"weight":0.0,"played":[0.9992,8.0E-4],"evs":[0.0,-2.37772]},"T8s":{"weight":0.0,"played":[0.9595,0.0405],"evs":[0.0,-0.91009]},"T9s":{"weight":0.0,"played":[0.9983,0.0017],"evs":[0.0,-4.74675]},"TT":{"weight":0.0307,"played":[0.3696,0.6304],"evs":[0.0,2.13709]},"JTo":{"weight":0.0,"played":[0.9803,0.0197],"evs":[0.0,-4.34066]},"QTo":{"weight":0.0,"played":[0.9934,0.0066],"evs":[0.0,-3.93417]},"KTo":{"weight":0.0,"played":[0.9346,0.0654],"evs":[0.0,-5.56863]},"ATo":{"weight":0.7997,"played":[0.9712,0.0288],"evs":[0.0,-5.11669]},"J2s":{"weight":0.0,"played":[0.986,0.014],"evs":[0.0,-5.55251]},"J3s":{"weight":0.0,"played":[0.9927,0.0073],"evs":[0.0,-5.51046]},"J4s":{"weight":0.0,"played":[0.9989,0.0011],"evs":[0.0,-3.83166]},"J5s":{"weight":0.0,"played":[0.981,0.019],"evs":[0.0,-4.10042]},"J6s":{"weight":0.0,"played":[0.9781,0.0219],"evs":[0.0,-6.04367]},"J7s":{"weight":0.0,"played":[0.9978,0.0022],"evs":[0.0,-2.58915]},"J8s":{"weight":0.0,"played":[0.9566,0.0434],"evs":[0.0,-3.28445]},"J9s":{"weight":0.0978,"played":[0.9622,0.0378],"evs":[0.0,-2.92148]},"JTs":{"weight":0.0233,"played":[0.581,0.419],"evs":[0.0,0.16743]},"JJ":{"weight":0.4845,"played":[7.0E-4,0.9993],"evs":[0.0,7.77879]},"QJo":{"weight":1.0E-4,"played":[0.9171,0.0829],"evs":[0.0,-3.02802]},"KJo":{"weight":0.0741,"played":[0.9643,0.0357],"evs":[0.0,-5.27766]},"AJo":{"weight":0.0375,"played":[0.9744,0.0256],"evs":[0.0,-4.52363]},"Q2s":{"weight":0.0,"played":[0.9926,0.0074],"evs":[0.0,-4.16448]},"Q3s":{"weight":0.0,"played":[0.9887,0.0113],"evs":[0.0,-1.67941]},"Q4s":{"weight":0.0,"played":[0.9978,0.0022],"evs":[0.0,-0.65213]},"Q5s":{"weight":0.0,"played":[0.7347,0.2653],"evs":[0.0,0.82421]},"Q6s":{"weight":0.0,"played":[0.9609,0.0391],"evs":[0.0,-2.0463]},"Q7s":{"weight":0.0,"played":[0.9962,0.0038],"evs":[0.0,-1.25041]},"Q8s":{"weight":0.0937,"played":[0.987,0.013],"evs":[0.0,-2.0839]},"Q9s":{"weight":0.3485,"played":[0.9867,0.0133],"evs":[0.0,-1.01406]},"QTs":{"weight":0.1197,"played":[0.8376,0.1624],"evs":[0.0,0.06364]},"QJs":{"weight":0.2,"played":[0.9067,0.0933],"evs":[0.0,-1.69878]},"QQ":{"weight":0.9992,"played":[0.0011,0.9989],"evs":[0.0,12.14716]},"KQo":{"weight":0.0839,"played":[0.9533,0.0467],"evs":[0.0,-3.39002]},"AQo":{"weight":0.4657,"played":[0.9544,0.0456],"evs":[0.0,-3.10407]},"K2s":{"weight":0.0,"played":[0.9765,0.0235],"evs":[0.0,-5.456]},"K3s":{"weight":0.0,"played":[0.9619,0.0381],"evs":[0.0,-3.29859]},"K4s":{"weight":0.0,"played":[0.9834,0.0166],"evs":[0.0,-5.05178]},"K5s":{"weight":0.0,"played":[0.9552,0.0448],"evs":[0.0,-2.14952]},"K6s":{"weight":0.0138,"played":[0.995,0.005],"evs":[0.0,-3.35952]},"K7s":{"weight":0.0215,"played":[0.9811,0.0189],"evs":[0.0,-2.57651]},"K8s":{"weight":0.0054,"played":[0.9411,0.0589],"evs":[0.0,-4.12081]},"K9s":{"weight":0.6826,"played":[0.9998,2.0E-4],"evs":[0.0,-5.47443]},"KTs":{"weight":0.7956,"played":[0.9588,0.0412],"evs":[0.0,-3.04171]},"KJs":{"weight":0.0051,"played":[0.9215,0.0785],"evs":[0.0,-0.34745]},"KQs":{"weight":4.0E-4,"played":[0.6556,0.3444],"evs":[0.0,-2.41638]},"KK":{"weight":0.9998,"played":[0.0,1.0],"evs":[0.0,20.00202]},"AKo":{"weight":0.2627,"played":[0.0,1.0],"evs":[0.0,2.60764]},"A2s":{"weight":0.0036,"played":[0.8919,0.1081],"evs":[0.0,-1.7827]},"A3s":{"weight":0.0,"played":[0.9535,0.0465],"evs":[0.0,-3.68328]},"A4s":{"weight":0.2464,"played":[0.9791,0.0209],"evs":[0.0,-3.23036]},"A5s":{"weight":0.3156,"played":[0.981,0.019],"evs":[0.0,-2.71217]},"A6s":{"weight":0.0317,"played":[0.9891,0.0109],"evs":[0.0,-2.5941]},"A7s":{"weight":0.0899,"played":[0.9896,0.0104],"evs":[0.0,-5.05277]},"A8s":{"weight":0.4488,"played":[0.8956,0.1044],"evs":[0.0,-5.18817]},"A9s":{"weight":0.4489,"played":[0.9192,0.0808],"evs":[0.0,-3.76507]},"ATs":{"weight":0.0011,"played":[0.8218,0.1782],"evs":[0.0,-5.67487]},"AJs":{"weight":0.0019,"played":[0.98,0.02],"evs":[0.0,-1.40367]},"AQs":{"weight":0.7419,"played":[0.5466,0.4534],"evs":[0.0,1.15453]},"AKs":{"weight":0.9937,"played":[1.0E-4,0.9999],"evs":[0.0,2.92403]},"AA":{"weight":0.9926,"played":[0.0,1.0],"evs":[0.0,28.34291]}}}