{"player":2,"street":0,"children":3,"sequence":[{"player":0,"type":"R","amount":200000,"street":0},{"player":1,"type":"F","amount":0,"street":0},{"player":2,"type":"C","amount":200000,"street":0},{"player":3,"type":"R","amount":600000,"street":0},{"player":4,"type":"R","amount":1985000,"street":0},{"player":5,"type":"F","amount":0,"street":0},{"player":0,"type":"F","amount":0,"street":0}],"actions":[{"type":"F","amount":0,"node":431},{"type":"C","amount":1785000,"node":432},{"type":"R","amount":2385000,"node":434}],"hands":{"22":{"weight":0.0,"played":[0.9998,0.0,2.0E-4],"evs":[0.0,-1.31053,-1.04386]},"32o":{"weight":0.0,"played":[1.0,0.0,0.0],"evs":[0.0,-4.88727,-4.90665]},"42o":{"weight":0.0,"played":[1.0,0.0,0.0],"evs":[0.0,-4.42478,-4.42409]},"52o":{"weight":0.0,"played":[1.0,0.0,0.0],"evs":[0.0,-4.4358,-4.32108]},"62o":{"weight":0.0,"played":[0.9999,0.0,0.0],"evs":[0.0,-5.52749,-5.4361]},"72o":{"weight":0.0,"played":[1.0,0.0,0.0],"evs":[0.0,-5.91165,-5.90553]},"82o":{"weight":0.0,"played":[1.0,0.0,0.0],"evs":[0.0,-5.8385,-5.83578]},"92o":{"weight":0.0,"played":[1.0,0.0,0.0],"evs":[0.0,-5.983,-5.97184]},"T2o":{"weight":0.0,"played":[0.9999,0.0,0.0],"evs":[0.0,-5.53914,-5.57744]},"J2o":{"weight":0.0,"played":[1.0,0.0,0.0],"evs":[0.0,-5.2589,-5.26032]},"Q2o":{"weight":0.0,"played":[1.0,0.0,0.0],"evs":[0.0,-5.35731,-5.41317]},"K2o":{"weight":0.0,"played":[1.0,0.0,0.0],"evs":[0.0,-5.55893,-5.50066]},"A2o":{"weight":0.0,"played":[0.9999,1.0E-4,0.0],"evs":[0.0,-4.2518,-4.4653]},"32s":{"weight":0.0,"played":[0.9999,0.0,1.0E-4],"evs":[0.0,-3.34093,-3.43074]},"33":{"weight":0.0722,"played":[0.9998,1.0E-4,2.0E-4],"evs":[0.0,-1.23911,-1.13489]},"43o":{"weight":0.0,"played":[1.0,0.0,0.0],"evs":[0.0,-4.07444,-4.0955]},"53o":{"weight":0.0,"played":[1.0,0.0,0.0],"evs":[0.0,-3.55634,-3.44509]},"63o":{"weight":0.0,"played":[1.0,0.0,0.0],"evs":[0.0,-4.22527,-4.29025]},"73o":{"weight":0.0,"played":[1.0,0.0,0.0],"evs":[0.0,-5.4349,-5.49417]},"83o":{"weight":0.0,"played":[1.0,0.0,0.0],"evs":[0.0,-5.80665,-5.92389]},"93o":{"weight":0.0,"played":[1.0,0.0,0.0],"evs":[0.0,-5.36331,-5.38955]},"T3o":{"weight":0.0,"played":[1.0,0.0,0.0],"evs":[0.0,-5.64078,-5.60875]},"J3o":{"weight":0.0,"played":[0.9999,1.0E-4,0.0],"evs":[0.0,-5.13061,-5.18258]},"Q3o":{"weight":0.0,"played":[1.0,0.0,0.0],"evs":[0.0,-5.48276,-5.65983]},"K3o":{"weight":0.0,"played":[0.9999,0.0,1.0E-4],"evs":[0.0,-4.1948,-4.18254]},"A3o":{"weight":0.0,"played":[1.0,0.0,0.0],"evs":[0.0,-4.00102,-4.02201]},"42s":{"weight":0.0,"played":[0.9978,9.0E-4,0.0013],"evs":[0.0,-3.30643,-3.29376]},"43s":{"weight":0.0,"played":[0.9605,0.0134,0.0261],"evs":[0.0,-2.18905,-2.15584]},"44":{"weight":0.9999,"played":[0.9996,1.0E-4,3.0E-4],"evs":[0.0,-1.62924,-1.56435]},"54o":{"weight":0.0,"played":[1.0,0.0,0.0],"evs":[0.0,-3.24257,-3.21003]},"64o":{"weight":0.0,"played":[1.0,0.0,0.0],"evs":[0.0,-3.75504,-3.77883]},"74o":{"weight":0.0,"played":[0.9999,1.0E-4,0.0],"evs":[0.0,-4.83496,-4.82377]},"84o":{"weight":0.0,"played":[1.0,0.0,0.0],"evs":[0.0,-5.0693,-5.02925]},"94o":{"weight":0.0,"played":[1.0,0.0,0.0],"evs":[0.0,-5.73869,-5.73741]},"T4o":{"weight":0.0,"played":[0.9997,2.0E-4,1.0E-4],"evs":[0.0,-5.00489,-4.99049]},"J4o":{"weight":0.0,"played":[1.0,0.0,0.0],"evs":[0.0,-4.65563,-4.55278]},"Q4o":{"weight":0.0,"played":[1.0,0.0,0.0],"evs":[0.0,-5.28862,-5.44336]},"K4o":{"weight":0.0,"played":[1.0,0.0,0.0],"evs":[0.0,-4.93627,-4.8789]},"A4o":{"weight":0.0,"played":[0.9999,0.0,1.0E-4],"evs":[0.0,-4.18575,-4.48333]},"52s":{"weight":0.0,"played":[0.9999,0.0,1.0E-4],"evs":[0.0,-2.41233,-2.70125]},"53s":{"weight":0.0,"played":[0.9949,0.0025,0.0026],"evs":[0.0,-2.10241,-2.11661]},"54s":{"weight":0.0,"played":[0.9997,0.0,3.0E-4],"evs":[0.0,-2.3995,-2.36533]},"55":{"weight":1.0,"played":[1.0,0.0,0.0],"evs":[0.0,-1.00549,-1.10972]},"65o":{"weight":0.0,"played":[1.0,0.0,0.0],"evs":[0.0,-2.88683,-2.90931]},"75o":{"weight":0.0,"played":[1.0,0.0,0.0],"evs":[0.0,-3.70441,-3.74391]},"85o":{"weight":0.0,"played":[1.0,0.0,0.0],"evs":[0.0,-4.16242,-4.24595]},"95o":{"weight":0.0,"played":[1.0,0.0,0.0],"evs":[0.0,-5.51283,-5.40933]},"T5o":{"weight":0.0,"played":[1.0,0.0,0.0],"evs":[0.0,-5.61036,-5.6217]},"J5o":{"weight":0.0,"played":[1.0,0.0,0.0],"evs":[0.0,-4.75252,-4.74337]},"Q5o":{"weight":0.0,"played":[0.9999,0.0,1.0E-4],"evs":[0.0,-4.74999,-4.9194]},"K5o":{"weight":0.0,"played":[1.0,0.0,0.0],"evs":[0.0,-4.48563,-4.49133]},"A5o":{"weight":0.0,"played":[1.0,0.0,0.0],"evs":[0.0,-3.77117,-3.84634]},"62s":{"weight":0.0,"played":[0.9996,1.0E-4,3.0E-4],"evs":[0.0,-3.41875,-3.45352]},"63s":{"weight":0.0,"played":[1.0,0.0,0.0],"evs":[0.0,-3.3278,-3.48627]},"64s":{"weight":0.0,"played":[0.997,0.0,0.003],"evs":[0.0,-2.28177,-2.2979]},"65s":{"weight":0.552,"played":[0.9993,4.0E-4,3.0E-4],"evs":[0.0,-1.39193,-1.36019]},"66":{"weight":1.0,"played":[0.9992,0.0,8.0E-4],"evs":[0.0,-0.62422,-0.60275]},"76o":{"weight":0.0,"played":[1.0,0.0,0.0],"evs":[0.0,-3.45638,-3.5065]},"86o":{"weight":0.0,"played":[1.0,0.0,0.0],"evs":[0.0,-4.30801,-4.27387]},"96o":{"weight":0.0,"played":[1.0,0.0,0.0],"evs":[0.0,-4.83752,-4.74935]},"T6o":{"weight":0.0,"played":[1.0,0.0,0.0],"evs":[0.0,-4.88456,-4.90656]},"J6o":{"weight":0.0,"played":[1.0,0.0,0.0],"evs":[0.0,-5.09519,-5.12996]},"Q6o":{"weight":0.0,"played":[0.9999,1.0E-4,0.0],"evs":[0.0,-4.49803,-4.55527]},"K6o":{"weight":0.0,"played":[1.0,0.0,0.0],"evs":[0.0,-4.6272,-4.67785]},"A6o":{"weight":0.0,"played":[1.0,0.0,0.0],"evs":[0.0,-4.13875,-4.21085]},"72s":{"weight":0.0,"played":[0.9998,0.0,2.0E-4],"evs":[0.0,-4.36085,-4.17766]},"73s":{"weight":0.0,"played":[0.9999,0.0,1.0E-4],"evs":[0.0,-3.74752,-3.83005]},"74s":{"weight":0.0,"played":[0.999,4.0E-4,6.0E-4],"evs":[0.0,-3.43239,-3.28456]},"75s":{"weight":0.0,"played":[0.9999,0.0,1.0E-4],"evs":[0.0,-3.32349,-3.52319]},"76s":{"weight":0.3224,"played":[0.9999,0.0,1.0E-4],"evs":[0.0,-3.1149,-2.92601]},"77":{"weight":0.8093,"played":[0.9985,5.0E-4,0.001],"evs":[0.0,-0.72079,-0.64853]},"87o":{"weight":0.0,"played":[1.0,0.0,0.0],"evs":[0.0,-4.2587,-4.17765]},"97o":{"weight":0.0,"played":[0.9999,0.0,1.0E-4],"evs":[0.0,-4.68305,-4.74445]},"T7o":{"weight":0.0,"played":[1.0,0.0,0.0],"evs":[0.0,-4.4451,-4.38798]},"J7o":{"weight":0.0,"played":[0.9998,1.0E-4,2.0E-4],"evs":[0.0,-4.6818,-4.631]},"Q7o":{"weight":0.0,"played":[1.0,0.0,0.0],"evs":[0.0,-5.09572,-5.18892]},"K7o":{"weight":0.0,"played":[1.0,0.0,0.0],"evs":[0.0,-4.37596,-4.48044]},"A7o":{"weight":0.0,"played":[0.9999,0.0,1.0E-4],"evs":[0.0,-4.43172,-4.79778]},"82s":{"weight":0.0,"played":[0.9974,0.0015,0.0011],"evs":[0.0,-4.76198,-4.67267]},"83s":{"weight":0.0,"played":[0.9995,0.0,4.0E-4],"evs":[0.0,-3.88704,-3.87172]},"84s":{"weight":0.0,"played":[1.0,0.0,0.0],"evs":[0.0,-3.39883,-3.35994]},"85s":{"weight":0.0,"played":[0.9985,1.0E-4,0.0014],"evs":[0.0,-2.81269,-2.57904]},"86s":{"weight":0.0,"played":[0.9991,3.0E-4,6.0E-4],"evs":[0.0,-2.48198,-2.66044]},"87s":{"weight":0.3702,"played":[1.0,0.0,0.0],"evs":[0.0,-2.60865,-2.56759]},"88":{"weight":0.7199,"played":[0.9999,0.0,0.0],"evs":[0.0,-1.66966,-1.6389]},"98o":{"weight":0.0,"played":[0.9999,1.0E-4,0.0],"evs":[0.0,-4.10838,-4.17492]},"T8o":{"weight":0.0,"played":[1.0,0.0,0.0],"evs":[0.0,-4.55694,-4.48219]},"J8o":{"weight":0.0,"played":[1.0,0.0,0.0],"evs":[0.0,-4.56072,-4.55343]},"Q8o":{"weight":0.0,"played":[0.9999,0.0,0.0],"evs":[0.0,-5.06053,-5.08022]},"K8o":{"weight":0.0,"played":[1.0,0.0,0.0],"evs":[0.0,-4.87659,-4.95022]},"A8o":{"weight":0.0,"played":[0.9999,0.0,0.0],"evs":[0.0,-4.53293,-4.56245]},"92s":{"weight":0.0,"played":[0.9998,0.0,2.0E-4],"evs":[0.0,-4.2497,-4.13512]},"93s":{"weight":0.0,"played":[0.9998,0.0,1.0E-4],"evs":[0.0,-4.29578,-4.19462]},"94s":{"weight":0.0,"played":[0.9989,0.0,0.0011],"evs":[0.0,-3.47765,-3.47149]},"95s":{"weight":0.0,"played":[1.0,0.0,0.0],"evs":[0.0,-3.82434,-3.79798]},"96s":{"weight":0.0,"played":[0.9999,1.0E-4,0.0],"evs":[0.0,-2.16016,-2.10869]},"97s":{"weight":0.0,"played":[0.9995,3.0E-4,1.0E-4],"evs":[0.0,-2.84752,-2.83631]},"98s":{"weight":0.9963,"played":[0.9974,0.0013,0.0014],"evs":[0.0,-2.97106,-2.89919]},"99":{"weight":0.0,"played":[0.4323,0.0242,0.5435],"evs":[0.0,-0.54667,-0.17787]},"T9o":{"weight":0.0,"played":[0.9999,0.0,1.0E-4],"evs":[0.0,-3.84234,-3.92352]},"J9o":{"weight":0.0,"played":[0.9999,0.0,1.0E-4],"evs":[0.0,-4.40829,-4.31741]},"Q9o":{"weight":0.0,"played":[0.9998,0.0,2.0E-4],"evs":[0.0,-5.25348,-5.27923]},"K9o":{"weight":0.0,"played":[0.9998,0.0,2.0E-4],"evs":[0.0,-4.36061,-4.19878]},"A9o":{"weight":0.0,"played":[0.9999,0.0,1.0E-4],"evs":[0.0,-4.87813,-4.95118]},"T2s":{"weight":0.0,"played":[1.0,0.0,0.0],"evs":[0.0,-4.27265,-4.4261]},"T3s":{"weight":0.0,"played":[0.9978,6.0E-4,0.0016],"evs":[0.0,-4.38313,-4.35347]},"T4s":{"weight":0.0,"played":[0.9998,1.0E-4,2.0E-4],"evs":[0.0,-4.92637,-5.07797]},"T5s":{"weight":0.0,"played":[0.9994,0.0,6.0E-4],"evs":[0.0,-3.84039,-3.84865]},"T6s":{"weight":0.0,"played":[0.9958,9.0E-4,0.0033],"evs":[0.0,-2.47512,-2.62849]},"T7s":{"weight":0.0,"played":[0.9974,2.0E-4,0.0024],"evs":[0.0,-3.07302,-3.19056]},"T8s":{"weight":0.1952,"played":[1.0,0.0,0.0],"evs":[0.0,-2.71971,-2.65534]},"T9s":{"weight":1.0,"played":[0.9998,0.0,2.0E-4],"evs":[0.0,-2.60116,-2.49966]},"TT":{"weight":0.0,"played":[0.0833,0.1528,0.7639],"evs":[0.0,1.41904,1.50713]},"JTo":{"weight":0.0,"played":[0.9997,0.0,3.0E-4],"evs":[0.0,-3.55273,-3.25496]},"QTo":{"weight":0.0,"played":[0.9999,0.0,1.0E-4],"evs":[0.0,-4.34119,-4.51704]},"KTo":{"weight":0.0,"played":[1.0,0.0,0.0],"evs":[0.0,-4.61891,-4.59992]},"ATo":{"weight":1.0,"played":[0.9996,2.0E-4,2.0E-4],"evs":[0.0,-4.3538,-4.44204]},"J2s":{"weight":0.0,"played":[0.9999,0.0,1.0E-4],"evs":[0.0,-3.66859,-3.62033]},"J3s":{"weight":0.0,"played":[0.9989,4.0E-4,6.0E-4],"evs":[0.0,-3.83239,-3.72661]},"J4s":{"weight":0.0,"played":[0.9999,0.0,1.0E-4],"evs":[0.0,-4.00094,-3.88709]},"J5s":{"weight":0.0,"played":[0.9998,2.0E-4,0.0],"evs":[0.0,-2.73958,-2.60518]},"J6s":{"weight":0.0,"played":[0.9998,0.0,1.0E-4],"evs":[0.0,-3.78185,-3.75355]},"J7s":{"weight":0.0,"played":[0.9998,0.0,2.0E-4],"evs":[0.0,-3.02381,-3.18254]},"J8s":{"weight":0.0,"played":[0.9971,0.0014,0.0015],"evs":[0.0,-3.18719,-2.95277]},"J9s":{"weight":0.9998,"played":[0.9999,1.0E-4,1.0E-4],"evs":[0.0,-2.5335,-2.47167]},"JTs":{"weight":0.6753,"played":[0.9957,0.0025,0.0018],"evs":[0.0,-1.85698,-1.71524]},"JJ":{"weight":1.0E-4,"played":[0.0,0.0529,0.9471],"evs":[0.0,3.9875,3.95295]},"QJo":{"weight":0.0024,"played":[0.9997,1.0E-4,2.0E-4],"evs":[0.0,-3.64924,-3.86906]},"KJo":{"weight":0.9343,"played":[0.9998,1.0E-4,1.0E-4],"evs":[0.0,-3.39398,-3.37667]},"AJo":{"weight":1.0,"played":[0.9986,5.0E-4,9.0E-4],"evs":[0.0,-3.5211,-3.6066]},"Q2s":{"weight":0.0,"played":[1.0,0.0,0.0],"evs":[0.0,-3.76919,-3.79458]},"Q3s":{"weight":0.0,"played":[0.9989,4.0E-4,7.0E-4],"evs":[0.0,-3.53033,-3.45337]},"Q4s":{"weight":0.0,"played":[0.9993,5.0E-4,3.0E-4],"evs":[0.0,-4.08721,-4.34238]},"Q5s":{"weight":0.0,"played":[0.9999,0.0,1.0E-4],"evs":[0.0,-3.80202,-3.84731]},"Q6s":{"weight":0.0,"played":[0.9998,2.0E-4,0.0],"evs":[0.0,-3.89278,-4.0776]},"Q7s":{"weight":0.0,"played":[0.9997,1.0E-4,3.0E-4],"evs":[0.0,-2.63953,-2.63843]},"Q8s":{"weight":0.0,"played":[0.9994,2.0E-4,3.0E-4],"evs":[0.0,-3.61796,-3.76909]},"Q9s":{"weight":0.9961,"played":[0.9999,0.0,1.0E-4],"evs":[0.0,-3.03112,-3.03487]},"QTs":{"weight":0.7481,"played":[0.9993,0.0,7.0E-4],"evs":[0.0,-2.42576,-2.60297]},"QJs":{"weight":0.7397,"played":[0.995,0.0021,0.0029],"evs":[0.0,-2.07144,-2.24993]},"QQ":{"weight":1.0,"played":[0.0,0.3063,0.6937],"evs":[0.0,5.19969,5.36027]},"KQo":{"weight":1.0,"played":[0.9994,2.0E-4,4.0E-4],"evs":[0.0,-3.35532,-3.50092]},"AQo":{"weight":0.0844,"played":[0.9976,0.0011,0.0013],"evs":[0.0,-2.4488,-2.46772]},"K2s":{"weight":0.0,"played":[0.9999,0.0,1.0E-4],"evs":[0.0,-3.81976,-3.81059]},"K3s":{"weight":0.0,"played":[1.0,0.0,0.0],"evs":[0.0,-3.95376,-3.94487]},"K4s":{"weight":0.0,"played":[0.9953,0.002,0.0027],"evs":[0.0,-1.51336,-1.62192]},"K5s":{"weight":0.0,"played":[0.9866,0.0071,0.0063],"evs":[0.0,-2.61779,-2.68755]},"K6s":{"weight":0.0,"played":[0.9998,0.0,2.0E-4],"evs":[0.0,-2.54282,-2.7839]},"K7s":{"weight":0.0,"played":[0.9996,0.0,3.0E-4],"evs":[0.0,-3.94434,-4.10178]},"K8s":{"weight":0.0,"played":[1.0,0.0,0.0],"evs":[0.0,-3.69795,-3.75681]},"K9s":{"weight":0.9995,"played":[0.9997,0.0,3.0E-4],"evs":[0.0,-3.37941,-3.42061]},"KTs":{"weight":0.8207,"played":[0.999,2.0E-4,8.0E-4],"evs":[0.0,-1.6603,-1.78539]},"KJs":{"weight":0.0098,"played":[0.947,0.0157,0.0374],"evs":[0.0,-2.01275,-2.04367]},"KQs":{"weight":0.5696,"played":[0.9506,0.0176,0.0317],"evs":[0.0,-2.27044,-2.60935]},"KK":{"weight":1.0,"played":[0.0,0.7196,0.2804],"evs":[0.0,11.3447,11.24793]},"AKo":{"weight":0.0,"played":[0.1594,0.1887,0.652],"evs":[0.0,0.48919,0.59578]},"A2s":{"weight":0.0,"played":[0.9979,0.0013,8.0E-4],"evs":[0.0,-3.06279,-3.05412]},"A3s":{"weight":0.527,"played":[0.9998,0.0,2.0E-4],"evs":[0.0,-2.54259,-2.64139]},"A4s":{"weight":0.9947,"played":[0.9994,1.0E-4,5.0E-4],"evs":[0.0,-2.67991,-2.59797]},"A5s":{"weight":0.2814,"played":[0.9978,8.0E-4,0.0013],"evs":[0.0,-2.54562,-2.67955]},"A6s":{"weight":0.9462,"played":[0.9998,0.0,2.0E-4],"evs":[0.0,-2.47596,-2.74558]},"A7s":{"weight":0.9173,"played":[0.9998,1.0E-4,1.0E-4],"evs":[0.0,-2.86604,-3.13956]},"A8s":{"weight":0.9239,"played":[0.9999,0.0,1.0E-4],"evs":[0.0,-3.28223,-3.52694]},"A9s":{"weight":1.0,"played":[0.9995,4.0E-4,1.0E-4],"evs":[0.0,-2.81414,-2.92752]},"ATs":{"weight":1.0,"played":[0.9993,2.0E-4,5.0E-4],"evs":[0.0,-2.42601,-2.47523]},"AJs":{"weight":1.0,"played":[0.9976,0.001,0.0014],"evs":[0.0,-2.20935,-2.19184]},"AQs":{"weight":0.9999,"played":[0.9931,8.0E-4,0.0061],"evs":[0.0,-0.67656,-0.69998]},"AKs":{"weight":0.0016,"played":[1.0E-4,0.0,0.9999],"evs":[0.0,1.95411,2.31219]},"AA":{"weight":1.0,"played":[0.0,0.3618,0.6382],"evs":[0.0,18.42423,18.68076]}}}