{"player":3,"street":0,"children":2,"sequence":[{"player":0,"type":"R","amount":200000,"street":0},{"player":1,"type":"F","amount":0,"street":0},{"player":2,"type":"C","amount":200000,"street":0},{"player":3,"type":"R","amount":600000,"street":0},{"player":4,"type":"R","amount":1985000,"street":0},{"player":5,"type":"C","amount":1285000,"street":0},{"player":0,"type":"R","amount":3285000,"street":0},{"player":2,"type":"C","amount":2185000,"street":0}],"actions":[{"type":"F","amount":0},{"type":"C","amount":2685000}],"hands":{"22":{"weight":0.0,"played":[0.308,0.692],"evs":[0.0,0.37006]},"32o":{"weight":0.0,"played":[0.6791,0.3209],"evs":[0.0,-0.28846]},"42o":{"weight":0.0,"played":[0.9909,0.0091],"evs":[0.0,-4.42099]},"52o":{"weight":0.0,"played":[0.952,0.048],"evs":[0.0,-6.17683]},"62o":{"weight":0.0,"played":[0.9953,0.0047],"evs":[0.0,-9.18301]},"72o":{"weight":0.0,"played":[0.9676,0.0324],"evs":[0.0,-10.88815]},"82o":{"weight":0.0,"played":[1.0,0.0],"evs":[0.0,-8.18376]},"92o":{"weight":0.0,"played":[1.0,0.0],"evs":[0.0,-10.6953]},"T2o":{"weight":0.0,"played":[0.9114,0.0886],"evs":[0.0,-3.38408]},"J2o":{"weight":0.0,"played":[0.9669,0.0331],"evs":[0.0,-3.55491]},"Q2o":{"weight":0.0,"played":[0.9862,0.0138],"evs":[0.0,-10.50244]},"K2o":{"weight":0.0,"played":[0.9745,0.0255],"evs":[0.0,-3.93557]},"A2o":{"weight":0.0,"played":[0.6933,0.3067],"evs":[0.0,0.70622]},"32s":{"weight":0.0,"played":[0.7248,0.2752],"evs":[0.0,1.6628]},"33":{"weight":0.0,"played":[0.3248,0.6752],"evs":[0.0,6.01348]},"43o":{"weight":0.0,"played":[0.7013,0.2987],"evs":[0.0,-2.80999]},"53o":{"weight":0.0,"played":[0.4551,0.5449],"evs":[0.0,-2.8427]},"63o":{"weight":0.0,"played":[0.1846,0.8154],"evs":[0.0,9.35239]},"73o":{"weight":0.0,"played":[0.9999,1.0E-4],"evs":[0.0,-5.42464]},"83o":{"weight":0.0,"played":[0.9907,0.0093],"evs":[0.0,-5.32646]},"93o":{"weight":0.0,"played":[0.9959,0.0041],"evs":[0.0,-11.82912]},"T3o":{"weight":0.0,"played":[0.9717,0.0283],"evs":[0.0,-3.30333]},"J3o":{"weight":0.0,"played":[0.9492,0.0508],"evs":[0.0,-7.44962]},"Q3o":{"weight":0.0,"played":[0.9996,4.0E-4],"evs":[0.0,-7.29901]},"K3o":{"weight":0.0,"played":[0.896,0.104],"evs":[0.0,-4.55937]},"A3o":{"weight":0.0,"played":[0.8695,0.1305],"evs":[0.0,-6.71461]},"42s":{"weight":0.0,"played":[0.838,0.162],"evs":[0.0,-9.7641]},"43s":{"weight":0.0,"played":[0.7449,0.2551],"evs":[0.0,-8.13696]},"44":{"weight":0.0,"played":[0.3371,0.6629],"evs":[0.0,2.86201]},"54o":{"weight":0.0,"played":[0.9429,0.0571],"evs":[0.0,-3.12395]},"64o":{"weight":0.0,"played":[0.7227,0.2773],"evs":[0.0,0.09859]},"74o":{"weight":0.0,"played":[0.8683,0.1317],"evs":[0.0,-4.09124]},"84o":{"weight":0.0,"played":[0.9989,0.0011],"evs":[0.0,-4.8814]},"94o":{"weight":0.0,"played":[0.9424,0.0576],"evs":[0.0,-3.32289]},"T4o":{"weight":0.0,"played":[0.9714,0.0286],"evs":[0.0,-4.8971]},"J4o":{"weight":0.0,"played":[1.0,0.0],"evs":[0.0,-6.81872]},"Q4o":{"weight":0.0,"played":[0.8861,0.1139],"evs":[0.0,-5.97466]},"K4o":{"weight":0.0,"played":[0.8409,0.1591],"evs":[0.0,-5.12862]},"A4o":{"weight":0.0,"played":[0.6844,0.3156],"evs":[0.0,-0.00921]},"52s":{"weight":0.0,"played":[0.4802,0.5198],"evs":[0.0,2.15236]},"53s":{"weight":0.0,"played":[0.9988,0.0012],"evs":[0.0,-0.84689]},"54s":{"weight":0.0,"played":[0.2733,0.7267],"evs":[0.0,-0.52647]},"55":{"weight":0.0,"played":[0.1071,0.8929],"evs":[0.0,1.94082]},"65o":{"weight":0.0,"played":[0.6207,0.3793],"evs":[0.0,-5.50143]},"75o":{"weight":0.0,"played":[0.6913,0.3087],"evs":[0.0,-4.01342]},"85o":{"weight":0.0,"played":[0.9978,0.0022],"evs":[0.0,-1.6953]},"95o":{"weight":0.0,"played":[0.9198,0.0802],"evs":[0.0,-0.34352]},"T5o":{"weight":0.0,"played":[0.9186,0.0814],"evs":[0.0,-5.29759]},"J5o":{"weight":0.0,"played":[0.8493,0.1507],"evs":[0.0,-5.33062]},"Q5o":{"weight":0.0,"played":[0.8922,0.1078],"evs":[0.0,-0.27849]},"K5o":{"weight":0.0,"played":[0.9999,1.0E-4],"evs":[0.0,-4.17098]},"A5o":{"weight":0.0,"played":[0.683,0.317],"evs":[0.0,-2.49861]},"62s":{"weight":0.0,"played":[0.8019,0.1981],"evs":[0.0,-5.23707]},"63s":{"weight":0.0,"played":[1.0,0.0],"evs":[0.0,-6.40489]},"64s":{"weight":0.0,"played":[0.5106,0.4894],"evs":[0.0,-3.2155]},"65s":{"weight":0.0,"played":[0.2288,0.7712],"evs":[0.0,3.05804]},"66":{"weight":0.0,"played":[0.0792,0.9208],"evs":[0.0,2.72017]},"76o":{"weight":0.0,"played":[0.7383,0.2617],"evs":[0.0,-2.61712]},"86o":{"weight":0.0,"played":[0.9287,0.0713],"evs":[0.0,-7.76283]},"96o":{"weight":0.0,"played":[0.9917,0.0083],"evs":[0.0,-4.63516]},"T6o":{"weight":0.0,"played":[0.8097,0.1903],"evs":[0.0,-2.70667]},"J6o":{"weight":0.0,"played":[0.9694,0.0306],"evs":[0.0,-8.12246]},"Q6o":{"weight":0.0,"played":[0.9977,0.0023],"evs":[0.0,-0.9705]},"K6o":{"weight":0.0,"played":[0.4988,0.5012],"evs":[0.0,-0.9942]},"A6o":{"weight":0.0,"played":[0.9998,2.0E-4],"evs":[0.0,-5.99642]},"72s":{"weight":0.0,"played":[0.9561,0.0439],"evs":[0.0,-7.26893]},"73s":{"weight":0.0,"played":[0.7354,0.2646],"evs":[0.0,-7.14676]},"74s":{"weight":0.0,"played":[0.5603,0.4397],"evs":[0.0,-6.50145]},"75s":{"weight":0.0,"played":[0.0332,0.9668],"evs":[0.0,3.95862]},"76s":{"weight":0.0,"played":[0.2845,0.7155],"evs":[0.0,-1.80127]},"77":{"weight":0.0308,"played":[0.4947,0.5053],"evs":[0.0,1.67426]},"87o":{"weight":0.0,"played":[0.52,0.48],"evs":[0.0,-3.3861]},"97o":{"weight":0.0,"played":[0.6885,0.3115],"evs":[0.0,-2.64786]},"T7o":{"weight":0.0,"played":[0.9999,1.0E-4],"evs":[0.0,-7.82008]},"J7o":{"weight":0.0,"played":[0.9999,1.0E-4],"evs":[0.0,-5.05014]},"Q7o":{"weight":0.0,"played":[0.9992,8.0E-4],"evs":[0.0,-7.32373]},"K7o":{"weight":0.0,"played":[0.994,0.006],"evs":[0.0,-7.69204]},"A7o":{"weight":0.0,"played":[0.9971,0.0029],"evs":[0.0,-10.01031]},"82s":{"weight":0.0,"played":[0.7242,0.2758],"evs":[0.0,-2.56197]},"83s":{"weight":0.0,"played":[0.0678,0.9322],"evs":[0.0,4.14602]},"84s":{"weight":0.0,"played":[0.8145,0.1855],"evs":[0.0,-8.69065]},"85s":{"weight":0.0,"played":[0.9942,0.0058],"evs":[0.0,-1.86717]},"86s":{"weight":0.0,"played":[0.6862,0.3138],"evs":[0.0,-5.68355]},"87s":{"weight":0.0025,"played":[0.8507,0.1493],"evs":[0.0,-8.96753]},"88":{"weight":0.4257,"played":[0.3484,0.6516],"evs":[0.0,-1.34067]},"98o":{"weight":0.0,"played":[0.9915,0.0085],"evs":[0.0,-4.3438]},"T8o":{"weight":0.0,"played":[0.6693,0.3307],"evs":[0.0,-0.36966]},"J8o":{"weight":0.0,"played":[0.7432,0.2568],"evs":[0.0,-5.42373]},"Q8o":{"weight":0.0,"played":[0.9929,0.0071],"evs":[0.0,-7.13939]},"K8o":{"weight":0.0,"played":[0.9736,0.0264],"evs":[0.0,-10.25733]},"A8o":{"weight":0.0,"played":[0.9683,0.0317],"evs":[0.0,-7.73749]},"92s":{"weight":0.0,"played":[0.5336,0.4664],"evs":[0.0,4.87185]},"93s":{"weight":0.0,"played":[0.4337,0.5663],"evs":[0.0,2.35405]},"94s":{"weight":0.0,"played":[1.0,0.0],"evs":[0.0,-6.54708]},"95s":{"weight":0.0,"played":[0.9932,0.0068],"evs":[0.0,-3.58215]},"96s":{"weight":0.0,"played":[0.6003,0.3997],"evs":[0.0,-0.29929]},"97s":{"weight":0.0,"played":[0.2537,0.7463],"evs":[0.0,0.90403]},"98s":{"weight":0.0,"played":[0.0773,0.9227],"evs":[0.0,5.1314]},"99":{"weight":0.3421,"played":[6.0E-4,0.9994],"evs":[0.0,4.30789]},"T9o":{"weight":0.0,"played":[0.9968,0.0032],"evs":[0.0,-7.05019]},"J9o":{"weight":0.0,"played":[0.267,0.733],"evs":[0.0,3.48769]},"Q9o":{"weight":0.0,"played":[0.9504,0.0496],"evs":[0.0,-4.90722]},"K9o":{"weight":0.0,"played":[0.7611,0.2389],"evs":[0.0,-5.91532]},"A9o":{"weight":0.0,"played":[0.9341,0.0659],"evs":[0.0,-2.38354]},"T2s":{"weight":0.0,"played":[0.7469,0.2531],"evs":[0.0,-4.02686]},"T3s":{"weight":0.0,"played":[0.7241,0.2759],"evs":[0.0,-4.85434]},"T4s":{"weight":0.0,"played":[0.5158,0.4842],"evs":[0.0,-2.90354]},"T5s":{"weight":0.0,"played":[0.3016,0.6984],"evs":[0.0,0.44926]},"T6s":{"weight":0.0,"played":[0.7917,0.2083],"evs":[0.0,-11.37963]},"T7s":{"weight":0.0,"played":[0.3108,0.6892],"evs":[0.0,11.61819]},"T8s":{"weight":0.0,"played":[0.829,0.171],"evs":[0.0,-6.24476]},"T9s":{"weight":0.0,"played":[0.2377,0.7623],"evs":[0.0,4.83725]},"TT":{"weight":0.0307,"played":[5.0E-4,0.9995],"evs":[0.0,13.79283]},"JTo":{"weight":0.0,"played":[0.4535,0.5465],"evs":[0.0,-0.37573]},"QTo":{"weight":0.0,"played":[0.9979,0.0021],"evs":[0.0,-4.81453]},"KTo":{"weight":0.0,"played":[0.6011,0.3989],"evs":[0.0,-4.8851]},"ATo":{"weight":0.7997,"played":[0.6476,0.3524],"evs":[0.0,-2.15793]},"J2s":{"weight":0.0,"played":[0.949,0.051],"evs":[0.0,-6.41347]},"J3s":{"weight":0.0,"played":[0.8728,0.1272],"evs":[0.0,-3.41159]},"J4s":{"weight":0.0,"played":[0.6361,0.3639],"evs":[0.0,5.9038]},"J5s":{"weight":0.0,"played":[0.2572,0.7428],"evs":[0.0,-1.8584]},"J6s":{"weight":0.0,"played":[0.6197,0.3803],"evs":[0.0,1.65032]},"J7s":{"weight":0.0,"played":[0.1876,0.8124],"evs":[0.0,-3.55755]},"J8s":{"weight":0.0,"played":[0.3934,0.6066],"evs":[0.0,-0.12481]},"J9s":{"weight":0.0978,"played":[0.9771,0.0229],"evs":[0.0,-4.68798]},"JTs":{"weight":0.0233,"played":[0.5355,0.4645],"evs":[0.0,-4.55639]},"JJ":{"weight":0.4845,"played":[0.001,0.999],"evs":[0.0,9.62262]},"QJo":{"weight":1.0E-4,"played":[0.6645,0.3355],"evs":[0.0,-4.21856]},"KJo":{"weight":0.0741,"played":[0.661,0.339],"evs":[0.0,-1.45256]},"AJo":{"weight":0.0375,"played":[0.4936,0.5064],"evs":[0.0,-1.44434]},"Q2s":{"weight":0.0,"played":[0.1893,0.8107],"evs":[0.0,-3.75537]},"Q3s":{"weight":0.0,"played":[1.0,0.0],"evs":[0.0,-5.26994]},"Q4s":{"weight":0.0,"played":[0.4775,0.5225],"evs":[0.0,-3.95942]},"Q5s":{"weight":0.0,"played":[0.586,0.414],"evs":[0.0,-0.89526]},"Q6s":{"weight":0.0,"played":[0.6611,0.3389],"evs":[0.0,-4.63259]},"Q7s":{"weight":0.0,"played":[0.8291,0.1709],"evs":[0.0,-3.97092]},"Q8s":{"weight":0.0937,"played":[0.8208,0.1792],"evs":[0.0,-1.50366]},"Q9s":{"weight":0.3485,"played":[0.6481,0.3519],"evs":[0.0,-4.49078]},"QTs":{"weight":0.1197,"played":[0.1139,0.8861],"evs":[0.0,4.01396]},"QJs":{"weight":0.2,"played":[0.3313,0.6687],"evs":[0.0,6.98427]},"QQ":{"weight":0.9992,"played":[0.0529,0.9471],"evs":[0.0,19.45235]},"KQo":{"weight":0.0839,"played":[0.1613,0.8387],"evs":[0.0,3.04499]},"AQo":{"weight":0.4657,"played":[0.1334,0.8666],"evs":[0.0,2.90223]},"K2s":{"weight":0.0,"played":[0.3053,0.6947],"evs":[0.0,3.86836]},"K3s":{"weight":0.0,"played":[0.6012,0.3988],"evs":[0.0,-7.17565]},"K4s":{"weight":0.0,"played":[0.9999,1.0E-4],"evs":[0.0,-5.31463]},"K5s":{"weight":0.0,"played":[1.0,0.0],"evs":[0.0,-7.16291]},"K6s":{"weight":0.0138,"played":[0.3057,0.6943],"evs":[0.0,-1.09892]},"K7s":{"weight":0.0215,"played":[0.0038,0.9962],"evs":[0.0,-0.61156]},"K8s":{"weight":0.0054,"played":[0.4615,0.5385],"evs":[0.0,-2.53882]},"K9s":{"weight":0.6826,"played":[0.5029,0.4971],"evs":[0.0,5.28277]},"KTs":{"weight":0.7956,"played":[0.9778,0.0222],"evs":[0.0,-7.67378]},"KJs":{"weight":0.0051,"played":[0.2959,0.7041],"evs":[0.0,-2.76316]},"KQs":{"weight":4.0E-4,"played":[0.8096,0.1904],"evs":[0.0,-6.99824]},"KK":{"weight":0.9998,"played":[0.0025,0.9975],"evs":[0.0,24.99836]},"AKo":{"weight":0.2627,"played":[0.0,1.0],"evs":[0.0,3.73664]},"A2s":{"weight":0.0036,"played":[0.1069,0.8931],"evs":[0.0,-0.98374]},"A3s":{"weight":0.0,"played":[0.432,0.568],"evs":[0.0,9.58404]},"A4s":{"weight":0.2464,"played":[0.996,0.004],"evs":[0.0,-7.96823]},"A5s":{"weight":0.3156,"played":[0.1272,0.8728],"evs":[0.0,4.22006]},"A6s":{"weight":0.0317,"played":[0.9576,0.0424],"evs":[0.0,-9.79429]},"A7s":{"weight":0.0899,"played":[0.8248,0.1752],"evs":[0.0,-11.46376]},"A8s":{"weight":0.4488,"played":[0.8194,0.1806],"evs":[0.0,-6.39028]},"A9s":{"weight":0.4489,"played":[0.4154,0.5846],"evs":[0.0,4.57464]},"ATs":{"weight":0.0011,"played":[0.2122,0.7878],"evs":[0.0,21.02933]},"AJs":{"weight":0.0019,"played":[0.6035,0.3965],"evs":[0.0,-6.62175]},"AQs":{"weight":0.7419,"played":[0.3256,0.6744],"evs":[0.0,2.56603]},"AKs":{"weight":0.9937,"played":[0.2335,0.7665],"evs":[0.0,3.43129]},"AA":{"weight":0.9926,"played":[0.0033,0.9967],"evs":[0.0,29.93148]}}}