{"player":5,"street":0,"children":2,"sequence":[{"player":0,"type":"R","amount":200000,"street":0},{"player":1,"type":"F","amount":0,"street":0},{"player":2,"type":"C","amount":200000,"street":0},{"player":3,"type":"R","amount":3285000,"street":0},{"player":4,"type":"C","amount":1935000,"street":0}],"actions":[{"type":"F","amount":0,"node":460},{"type":"C","amount":1285000,"node":463}],"hands":{"22":{"weight":1.0,"played":[0.9946,0.0054],"evs":[0.0,-2.78391]},"32o":{"weight":1.0,"played":[1.0,0.0],"evs":[0.0,-3.17845]},"42o":{"weight":1.0,"played":[0.9998,2.0E-4],"evs":[0.0,-2.98938]},"52o":{"weight":1.0,"played":[0.9997,3.0E-4],"evs":[0.0,-3.29048]},"62o":{"weight":1.0,"played":[0.9996,4.0E-4],"evs":[0.0,-3.16558]},"72o":{"weight":1.0,"played":[1.0,0.0],"evs":[0.0,-4.53293]},"82o":{"weight":1.0,"played":[1.0,0.0],"evs":[0.0,-4.59309]},"92o":{"weight":1.0,"played":[0.9997,3.0E-4],"evs":[0.0,-4.49357]},"T2o":{"weight":1.0,"played":[0.9998,2.0E-4],"evs":[0.0,-4.18493]},"J2o":{"weight":1.0,"played":[0.9997,3.0E-4],"evs":[0.0,-3.16473]},"Q2o":{"weight":1.0,"played":[0.9995,5.0E-4],"evs":[0.0,-4.7276]},"K2o":{"weight":1.0,"played":[0.9999,1.0E-4],"evs":[0.0,-4.20139]},"A2o":{"weight":1.0,"played":[1.0,0.0],"evs":[0.0,-3.89059]},"32s":{"weight":1.0,"played":[0.9738,0.0262],"evs":[0.0,-2.40091]},"33":{"weight":1.0,"played":[0.9219,0.0781],"evs":[0.0,0.14654]},"43o":{"weight":1.0,"played":[1.0,0.0],"evs":[0.0,-3.03937]},"53o":{"weight":1.0,"played":[1.0,0.0],"evs":[0.0,-2.02235]},"63o":{"weight":1.0,"played":[0.9989,0.0011],"evs":[0.0,-3.43967]},"73o":{"weight":1.0,"played":[1.0,0.0],"evs":[0.0,-4.28892]},"83o":{"weight":1.0,"played":[1.0,0.0],"evs":[0.0,-3.92619]},"93o":{"weight":1.0,"played":[0.9999,1.0E-4],"evs":[0.0,-3.95306]},"T3o":{"weight":1.0,"played":[0.9997,3.0E-4],"evs":[0.0,-4.2498]},"J3o":{"weight":1.0,"played":[0.9962,0.0038],"evs":[0.0,-4.44543]},"Q3o":{"weight":1.0,"played":[1.0,0.0],"evs":[0.0,-2.43185]},"K3o":{"weight":1.0,"played":[0.9999,1.0E-4],"evs":[0.0,-4.09048]},"A3o":{"weight":1.0,"played":[1.0,0.0],"evs":[0.0,-3.51814]},"42s":{"weight":1.0,"played":[0.9865,0.0135],"evs":[0.0,-1.12395]},"43s":{"weight":1.0,"played":[0.9996,4.0E-4],"evs":[0.0,-2.9177]},"44":{"weight":1.0,"played":[0.9559,0.0441],"evs":[0.0,-0.90894]},"54o":{"weight":1.0,"played":[0.957,0.043],"evs":[0.0,-2.34974]},"64o":{"weight":1.0,"played":[0.999,0.001],"evs":[0.0,-3.00002]},"74o":{"weight":1.0,"played":[0.9837,0.0163],"evs":[0.0,-2.69697]},"84o":{"weight":1.0,"played":[0.9991,9.0E-4],"evs":[0.0,-3.82101]},"94o":{"weight":1.0,"played":[0.9999,1.0E-4],"evs":[0.0,-4.60529]},"T4o":{"weight":1.0,"played":[0.9999,1.0E-4],"evs":[0.0,-5.34739]},"J4o":{"weight":1.0,"played":[0.9995,5.0E-4],"evs":[0.0,-3.74106]},"Q4o":{"weight":1.0,"played":[1.0,0.0],"evs":[0.0,-2.82392]},"K4o":{"weight":1.0,"played":[0.999,0.001],"evs":[0.0,-4.29572]},"A4o":{"weight":1.0,"played":[0.9999,1.0E-4],"evs":[0.0,-3.67651]},"52s":{"weight":1.0,"played":[0.9523,0.0477],"evs":[0.0,-1.99519]},"53s":{"weight":1.0,"played":[0.9881,0.0119],"evs":[0.0,-0.80148]},"54s":{"weight":1.0,"played":[0.9022,0.0978],"evs":[0.0,-0.52932]},"55":{"weight":1.0,"played":[0.998,0.002],"evs":[0.0,-3.68761]},"65o":{"weight":1.0,"played":[0.9985,0.0015],"evs":[0.0,-2.34759]},"75o":{"weight":1.0,"played":[0.993,0.007],"evs":[0.0,-3.4787]},"85o":{"weight":1.0,"played":[0.9991,9.0E-4],"evs":[0.0,-2.94927]},"95o":{"weight":1.0,"played":[0.9998,2.0E-4],"evs":[0.0,-3.52193]},"T5o":{"weight":1.0,"played":[1.0,0.0],"evs":[0.0,-5.42391]},"J5o":{"weight":1.0,"played":[1.0,0.0],"evs":[0.0,-3.07639]},"Q5o":{"weight":1.0,"played":[0.9861,0.0139],"evs":[0.0,-3.05441]},"K5o":{"weight":1.0,"played":[0.9984,0.0016],"evs":[0.0,-3.4062]},"A5o":{"weight":1.0,"played":[0.9988,0.0012],"evs":[0.0,-3.12176]},"62s":{"weight":1.0,"played":[0.9994,6.0E-4],"evs":[0.0,-1.4057]},"63s":{"weight":1.0,"played":[0.9932,0.0068],"evs":[0.0,-0.58527]},"64s":{"weight":1.0,"played":[0.9247,0.0753],"evs":[0.0,-1.86186]},"65s":{"weight":1.0,"played":[0.7754,0.2246],"evs":[0.0,0.33932]},"66":{"weight":1.0,"played":[0.9985,0.0015],"evs":[0.0,-0.79047]},"76o":{"weight":1.0,"played":[0.994,0.006],"evs":[0.0,-1.99446]},"86o":{"weight":1.0,"played":[0.9997,3.0E-4],"evs":[0.0,-3.5475]},"96o":{"weight":1.0,"played":[0.9997,3.0E-4],"evs":[0.0,-2.75578]},"T6o":{"weight":1.0,"played":[0.9955,0.0045],"evs":[0.0,-3.19405]},"J6o":{"weight":1.0,"played":[0.9921,0.0079],"evs":[0.0,-4.64651]},"Q6o":{"weight":1.0,"played":[0.9993,7.0E-4],"evs":[0.0,-3.07486]},"K6o":{"weight":1.0,"played":[0.9996,4.0E-4],"evs":[0.0,-3.7362]},"A6o":{"weight":1.0,"played":[0.9944,0.0056],"evs":[0.0,-4.55774]},"72s":{"weight":1.0,"played":[0.9997,3.0E-4],"evs":[0.0,-3.13827]},"73s":{"weight":1.0,"played":[0.7593,0.2407],"evs":[0.0,-1.11379]},"74s":{"weight":1.0,"played":[0.9235,0.0765],"evs":[0.0,-3.28563]},"75s":{"weight":1.0,"played":[0.8887,0.1113],"evs":[0.0,-1.54918]},"76s":{"weight":1.0,"played":[0.9829,0.0171],"evs":[0.0,-0.74247]},"77":{"weight":1.0,"played":[0.8985,0.1015],"evs":[0.0,-1.73925]},"87o":{"weight":1.0,"played":[0.9915,0.0085],"evs":[0.0,-2.2344]},"97o":{"weight":1.0,"played":[0.9995,5.0E-4],"evs":[0.0,-3.29112]},"T7o":{"weight":1.0,"played":[1.0,0.0],"evs":[0.0,-3.42264]},"J7o":{"weight":1.0,"played":[1.0,0.0],"evs":[0.0,-4.31236]},"Q7o":{"weight":1.0,"played":[0.9923,0.0077],"evs":[0.0,-4.11431]},"K7o":{"weight":1.0,"played":[0.9992,8.0E-4],"evs":[0.0,-4.76467]},"A7o":{"weight":1.0,"played":[0.9997,3.0E-4],"evs":[0.0,-3.6108]},"82s":{"weight":1.0,"played":[1.0,0.0],"evs":[0.0,-3.17529]},"83s":{"weight":1.0,"played":[1.0,0.0],"evs":[0.0,-2.0055]},"84s":{"weight":1.0,"played":[0.9918,0.0082],"evs":[0.0,-3.37707]},"85s":{"weight":1.0,"played":[0.9456,0.0544],"evs":[0.0,-2.14819]},"86s":{"weight":1.0,"played":[0.9693,0.0307],"evs":[0.0,-1.27979]},"87s":{"weight":1.0,"played":[0.997,0.003],"evs":[0.0,-1.82186]},"88":{"weight":1.0,"played":[0.9489,0.0511],"evs":[0.0,-1.60525]},"98o":{"weight":1.0,"played":[0.9795,0.0205],"evs":[0.0,-3.83096]},"T8o":{"weight":1.0,"played":[0.9999,1.0E-4],"evs":[0.0,-3.76521]},"J8o":{"weight":1.0,"played":[0.9995,5.0E-4],"evs":[0.0,-3.53642]},"Q8o":{"weight":1.0,"played":[0.9996,4.0E-4],"evs":[0.0,-4.41441]},"K8o":{"weight":1.0,"played":[0.9988,0.0012],"evs":[0.0,-5.52913]},"A8o":{"weight":1.0,"played":[0.9993,7.0E-4],"evs":[0.0,-4.5477]},"92s":{"weight":1.0,"played":[0.9925,0.0075],"evs":[0.0,-2.03028]},"93s":{"weight":1.0,"played":[0.9999,1.0E-4],"evs":[0.0,-1.48887]},"94s":{"weight":1.0,"played":[0.9491,0.0509],"evs":[0.0,-2.18275]},"95s":{"weight":1.0,"played":[0.9632,0.0368],"evs":[0.0,-4.38784]},"96s":{"weight":1.0,"played":[0.9821,0.0179],"evs":[0.0,-3.36928]},"97s":{"weight":1.0,"played":[0.9022,0.0978],"evs":[0.0,-1.75005]},"98s":{"weight":1.0,"played":[0.9244,0.0756],"evs":[0.0,-1.83212]},"99":{"weight":1.0,"played":[0.8786,0.1214],"evs":[0.0,-1.06031]},"T9o":{"weight":1.0,"played":[1.0,0.0],"evs":[0.0,-3.82389]},"J9o":{"weight":1.0,"played":[0.9965,0.0035],"evs":[0.0,-2.3209]},"Q9o":{"weight":1.0,"played":[1.0,0.0],"evs":[0.0,-3.56603]},"K9o":{"weight":1.0,"played":[0.9997,3.0E-4],"evs":[0.0,-4.4337]},"A9o":{"weight":1.0,"played":[0.9991,9.0E-4],"evs":[0.0,-5.02525]},"T2s":{"weight":1.0,"played":[0.9968,0.0032],"evs":[0.0,-1.09299]},"T3s":{"weight":1.0,"played":[0.9656,0.0344],"evs":[0.0,-2.1894]},"T4s":{"weight":1.0,"played":[0.7692,0.2308],"evs":[0.0,-1.20759]},"T5s":{"weight":1.0,"played":[0.9945,0.0055],"evs":[0.0,-5.46219]},"T6s":{"weight":1.0,"played":[0.8664,0.1336],"evs":[0.0,-1.02575]},"T7s":{"weight":1.0,"played":[0.9458,0.0542],"evs":[0.0,-1.81638]},"T8s":{"weight":1.0,"played":[0.997,0.003],"evs":[0.0,-2.03578]},"T9s":{"weight":1.0,"played":[0.9974,0.0026],"evs":[0.0,-1.78036]},"TT":{"weight":1.0,"played":[0.5497,0.4503],"evs":[0.0,0.5048]},"JTo":{"weight":1.0,"played":[0.99,0.01],"evs":[0.0,-2.93187]},"QTo":{"weight":1.0,"played":[0.9963,0.0037],"evs":[0.0,-2.50853]},"KTo":{"weight":1.0,"played":[0.9994,6.0E-4],"evs":[0.0,-3.60307]},"ATo":{"weight":1.0,"played":[0.9996,4.0E-4],"evs":[0.0,-4.01043]},"J2s":{"weight":1.0,"played":[0.996,0.004],"evs":[0.0,-4.88476]},"J3s":{"weight":1.0,"played":[0.9967,0.0033],"evs":[0.0,-3.13254]},"J4s":{"weight":1.0,"played":[0.9979,0.0021],"evs":[0.0,-3.75116]},"J5s":{"weight":1.0,"played":[0.9912,0.0088],"evs":[0.0,-3.65025]},"J6s":{"weight":1.0,"played":[0.9999,1.0E-4],"evs":[0.0,-0.94554]},"J7s":{"weight":1.0,"played":[0.9979,0.0021],"evs":[0.0,-2.801]},"J8s":{"weight":1.0,"played":[0.8348,0.1652],"evs":[0.0,-1.16003]},"J9s":{"weight":1.0,"played":[0.9848,0.0152],"evs":[0.0,-2.27243]},"JTs":{"weight":1.0,"played":[0.4736,0.5264],"evs":[0.0,0.67814]},"JJ":{"weight":1.0,"played":[0.0056,0.9944],"evs":[0.0,3.25183]},"QJo":{"weight":1.0,"played":[0.992,0.008],"evs":[0.0,-2.83991]},"KJo":{"weight":1.0,"played":[0.9952,0.0048],"evs":[0.0,-3.14304]},"AJo":{"weight":1.0,"played":[0.8221,0.1779],"evs":[0.0,-1.53971]},"Q2s":{"weight":1.0,"played":[0.9952,0.0048],"evs":[0.0,-2.79699]},"Q3s":{"weight":1.0,"played":[0.9794,0.0206],"evs":[0.0,-1.50315]},"Q4s":{"weight":1.0,"played":[0.9735,0.0265],"evs":[0.0,-3.07354]},"Q5s":{"weight":1.0,"played":[0.9546,0.0454],"evs":[0.0,-1.46717]},"Q6s":{"weight":1.0,"played":[0.6666,0.3334],"evs":[0.0,-2.66601]},"Q7s":{"weight":1.0,"played":[0.9975,0.0025],"evs":[0.0,-2.0141]},"Q8s":{"weight":1.0,"played":[0.8701,0.1299],"evs":[0.0,-4.09917]},"Q9s":{"weight":1.0,"played":[0.8785,0.1215],"evs":[0.0,-0.82901]},"QTs":{"weight":1.0,"played":[0.9426,0.0574],"evs":[0.0,-2.12932]},"QJs":{"weight":1.0,"played":[0.9614,0.0386],"evs":[0.0,-4.35193]},"QQ":{"weight":1.0,"played":[2.0E-4,0.9998],"evs":[0.0,6.29805]},"KQo":{"weight":1.0,"played":[0.9892,0.0108],"evs":[0.0,-3.1373]},"AQo":{"weight":1.0,"played":[0.9519,0.0481],"evs":[0.0,-0.81039]},"K2s":{"weight":1.0,"played":[0.9905,0.0095],"evs":[0.0,-3.41517]},"K3s":{"weight":1.0,"played":[0.9826,0.0174],"evs":[0.0,-3.25071]},"K4s":{"weight":1.0,"played":[0.7913,0.2087],"evs":[0.0,-1.12681]},"K5s":{"weight":1.0,"played":[0.9411,0.0589],"evs":[0.0,-1.17904]},"K6s":{"weight":1.0,"played":[0.9881,0.0119],"evs":[0.0,-2.45129]},"K7s":{"weight":1.0,"played":[0.9925,0.0075],"evs":[0.0,-2.72404]},"K8s":{"weight":1.0,"played":[0.8331,0.1669],"evs":[0.0,-0.74027]},"K9s":{"weight":1.0,"played":[0.9411,0.0589],"evs":[0.0,-3.00725]},"KTs":{"weight":1.0,"played":[0.9781,0.0219],"evs":[0.0,-1.67464]},"KJs":{"weight":1.0,"played":[0.9879,0.0121],"evs":[0.0,-3.84051]},"KQs":{"weight":1.0,"played":[0.9439,0.0561],"evs":[0.0,-2.06812]},"KK":{"weight":1.0,"played":[0.0,1.0],"evs":[0.0,8.6011]},"AKo":{"weight":1.0,"played":[0.5283,0.4717],"evs":[0.0,-0.18471]},"A2s":{"weight":1.0,"played":[0.9781,0.0219],"evs":[0.0,-3.50268]},"A3s":{"weight":1.0,"played":[0.9798,0.0202],"evs":[0.0,-1.13677]},"A4s":{"weight":1.0,"played":[0.9204,0.0796],"evs":[0.0,-4.25773]},"A5s":{"weight":1.0,"played":[0.4755,0.5245],"evs":[0.0,-1.34126]},"A6s":{"weight":1.0,"played":[0.9966,0.0034],"evs":[0.0,-2.83045]},"A7s":{"weight":1.0,"played":[0.9587,0.0413],"evs":[0.0,-1.92096]},"A8s":{"weight":1.0,"played":[0.9801,0.0199],"evs":[0.0,-2.31715]},"A9s":{"weight":1.0,"played":[0.8592,0.1408],"evs":[0.0,-1.47911]},"ATs":{"weight":1.0,"played":[0.6175,0.3825],"evs":[0.0,-3.60477]},"AJs":{"weight":1.0,"played":[0.8557,0.1443],"evs":[0.0,-2.69163]},"AQs":{"weight":1.0,"played":[0.7918,0.2082],"evs":[0.0,-0.4321]},"AKs":{"weight":1.0,"played":[0.013,0.987],"evs":[0.0,-0.14062]},"AA":{"weight":1.0,"played":[0.0,1.0],"evs":[0.0,13.59566]}}}