{"player":0,"street":0,"children":2,"sequence":[{"player":0,"type":"R","amount":200000,"street":0},{"player":1,"type":"F","amount":0,"street":0},{"player":2,"type":"R","amount":2385000,"street":0},{"player":3,"type":"R","amount":3985000,"street":0},{"player":4,"type":"C","amount":1935000,"street":0},{"player":5,"type":"F","amount":0,"street":0}],"actions":[{"type":"F","amount":0},{"type":"C","amount":3085000}],"hands":{"22":{"weight":0.0,"played":[0.9994,6.0E-4],"evs":[0.0,-5.02332]},"32o":{"weight":0.0,"played":[1.0,0.0],"evs":[0.0,-10.83136]},"42o":{"weight":0.0,"played":[0.9997,3.0E-4],"evs":[0.0,-7.21387]},"52o":{"weight":0.0,"played":[0.9993,7.0E-4],"evs":[0.0,-10.14213]},"62o":{"weight":0.0,"played":[0.9996,4.0E-4],"evs":[0.0,-8.98236]},"72o":{"weight":0.0,"played":[0.9998,2.0E-4],"evs":[0.0,-10.37616]},"82o":{"weight":0.0,"played":[0.9997,3.0E-4],"evs":[0.0,-13.63494]},"92o":{"weight":0.0,"played":[1.0,0.0],"evs":[0.0,-11.29338]},"T2o":{"weight":0.0,"played":[0.9984,0.0016],"evs":[0.0,-12.02042]},"J2o":{"weight":0.0,"played":[0.9972,0.0028],"evs":[0.0,-11.99856]},"Q2o":{"weight":0.0,"played":[0.999,0.001],"evs":[0.0,-10.91535]},"K2o":{"weight":0.0,"played":[0.9999,1.0E-4],"evs":[0.0,-11.62668]},"A2o":{"weight":0.0,"played":[0.9982,0.0018],"evs":[0.0,-10.26602]},"32s":{"weight":0.0,"played":[1.0,0.0],"evs":[0.0,-5.21187]},"33":{"weight":0.9998,"played":[0.9997,3.0E-4],"evs":[0.0,-6.31757]},"43o":{"weight":0.0,"played":[1.0,0.0],"evs":[0.0,-8.40359]},"53o":{"weight":0.0,"played":[0.9959,0.0041],"evs":[0.0,-6.97215]},"63o":{"weight":0.0,"played":[0.9999,1.0E-4],"evs":[0.0,-9.56786]},"73o":{"weight":0.0,"played":[1.0,0.0],"evs":[0.0,-8.55361]},"83o":{"weight":0.0,"played":[0.9981,0.0019],"evs":[0.0,-13.51955]},"93o":{"weight":0.0,"played":[0.9979,0.0021],"evs":[0.0,-13.3019]},"T3o":{"weight":0.0,"played":[0.9995,5.0E-4],"evs":[0.0,-11.40648]},"J3o":{"weight":0.0,"played":[0.9966,0.0034],"evs":[0.0,-12.69941]},"Q3o":{"weight":0.0,"played":[0.9978,0.0022],"evs":[0.0,-11.54771]},"K3o":{"weight":0.0,"played":[0.9813,0.0187],"evs":[0.0,-13.20626]},"A3o":{"weight":0.0,"played":[0.9994,6.0E-4],"evs":[0.0,-7.86114]},"42s":{"weight":0.0,"played":[0.9974,0.0026],"evs":[0.0,-4.57759]},"43s":{"weight":0.0,"played":[0.9981,0.0019],"evs":[0.0,-6.5293]},"44":{"weight":1.0,"played":[0.9982,0.0018],"evs":[0.0,-4.27677]},"54o":{"weight":0.0,"played":[0.9912,0.0088],"evs":[0.0,-6.68808]},"64o":{"weight":0.0,"played":[0.9948,0.0052],"evs":[0.0,-8.73716]},"74o":{"weight":0.0,"played":[0.9992,8.0E-4],"evs":[0.0,-7.74352]},"84o":{"weight":0.0,"played":[0.9972,0.0028],"evs":[0.0,-9.10121]},"94o":{"weight":0.0,"played":[0.9998,2.0E-4],"evs":[0.0,-12.85415]},"T4o":{"weight":0.0,"played":[1.0,0.0],"evs":[0.0,-9.74439]},"J4o":{"weight":0.0,"played":[1.0,0.0],"evs":[0.0,-9.26026]},"Q4o":{"weight":0.0,"played":[0.9993,7.0E-4],"evs":[0.0,-9.94366]},"K4o":{"weight":0.0,"played":[0.9897,0.0103],"evs":[0.0,-9.57217]},"A4o":{"weight":0.0,"played":[0.9669,0.0331],"evs":[0.0,-9.6798]},"52s":{"weight":0.0,"played":[0.9885,0.0115],"evs":[0.0,-7.17309]},"53s":{"weight":0.0,"played":[0.9769,0.0231],"evs":[0.0,-7.98623]},"54s":{"weight":0.0,"played":[0.9777,0.0223],"evs":[0.0,-2.26168]},"55":{"weight":1.0,"played":[0.9492,0.0508],"evs":[0.0,-4.01355]},"65o":{"weight":0.0,"played":[0.994,0.006],"evs":[0.0,-5.62933]},"75o":{"weight":0.0,"played":[0.981,0.019],"evs":[0.0,-7.38616]},"85o":{"weight":0.0,"played":[0.9776,0.0224],"evs":[0.0,-9.17079]},"95o":{"weight":0.0,"played":[0.9992,8.0E-4],"evs":[0.0,-9.54741]},"T5o":{"weight":0.0,"played":[1.0,0.0],"evs":[0.0,-10.4312]},"J5o":{"weight":0.0,"played":[0.9908,0.0092],"evs":[0.0,-11.12363]},"Q5o":{"weight":0.0,"played":[0.9995,5.0E-4],"evs":[0.0,-11.94375]},"K5o":{"weight":0.0,"played":[1.0,0.0],"evs":[0.0,-11.97897]},"A5o":{"weight":0.0,"played":[0.9966,0.0034],"evs":[0.0,-8.78568]},"62s":{"weight":0.0,"played":[0.9991,9.0E-4],"evs":[0.0,-8.71129]},"63s":{"weight":0.0,"played":[0.9988,0.0012],"evs":[0.0,-4.90334]},"64s":{"weight":0.0,"played":[0.9851,0.0149],"evs":[0.0,-5.11622]},"65s":{"weight":0.0,"played":[0.9964,0.0036],"evs":[0.0,-7.03592]},"66":{"weight":1.0,"played":[0.9798,0.0202],"evs":[0.0,-4.39952]},"76o":{"weight":0.0,"played":[0.9994,6.0E-4],"evs":[0.0,-7.49332]},"86o":{"weight":0.0,"played":[0.9979,0.0021],"evs":[0.0,-9.50997]},"96o":{"weight":0.0,"played":[0.9993,7.0E-4],"evs":[0.0,-8.96508]},"T6o":{"weight":0.0,"played":[0.9985,0.0015],"evs":[0.0,-10.58293]},"J6o":{"weight":0.0,"played":[0.9901,0.0099],"evs":[0.0,-9.65783]},"Q6o":{"weight":0.0,"played":[0.994,0.006],"evs":[0.0,-8.74095]},"K6o":{"weight":0.0,"played":[0.9982,0.0018],"evs":[0.0,-9.67851]},"A6o":{"weight":0.0,"played":[0.9949,0.0051],"evs":[0.0,-11.22666]},"72s":{"weight":0.0,"played":[0.9798,0.0202],"evs":[0.0,-6.58303]},"73s":{"weight":0.0,"played":[0.6688,0.3312],"evs":[0.0,-2.52337]},"74s":{"weight":0.0,"played":[0.9738,0.0262],"evs":[0.0,-3.95309]},"75s":{"weight":0.0,"played":[0.9927,0.0073],"evs":[0.0,-7.13928]},"76s":{"weight":0.6197,"played":[0.8764,0.1236],"evs":[0.0,-3.42418]},"77":{"weight":1.0,"played":[0.9854,0.0146],"evs":[0.0,-8.81963]},"87o":{"weight":0.0,"played":[1.0,0.0],"evs":[0.0,-8.48028]},"97o":{"weight":0.0,"played":[0.9995,5.0E-4],"evs":[0.0,-6.5338]},"T7o":{"weight":0.0,"played":[0.9986,0.0014],"evs":[0.0,-11.1174]},"J7o":{"weight":0.0,"played":[0.9997,3.0E-4],"evs":[0.0,-11.10961]},"Q7o":{"weight":0.0,"played":[1.0,0.0],"evs":[0.0,-11.2406]},"K7o":{"weight":0.0,"played":[0.9987,0.0013],"evs":[0.0,-11.14025]},"A7o":{"weight":2.0E-4,"played":[0.9942,0.0058],"evs":[0.0,-8.15962]},"82s":{"weight":0.0,"played":[0.9984,0.0016],"evs":[0.0,-7.92272]},"83s":{"weight":0.0,"played":[0.9643,0.0357],"evs":[0.0,-7.62463]},"84s":{"weight":0.0,"played":[0.9997,3.0E-4],"evs":[0.0,-6.47903]},"85s":{"weight":0.0,"played":[0.9269,0.0731],"evs":[0.0,-8.08317]},"86s":{"weight":0.0,"played":[0.9667,0.0333],"evs":[0.0,-6.80936]},"87s":{"weight":0.9981,"played":[0.9974,0.0026],"evs":[0.0,-4.49584]},"88":{"weight":1.0,"played":[0.7932,0.2068],"evs":[0.0,-5.35559]},"98o":{"weight":0.0,"played":[0.9998,2.0E-4],"evs":[0.0,-6.96187]},"T8o":{"weight":0.0,"played":[0.9994,6.0E-4],"evs":[0.0,-9.4333]},"J8o":{"weight":0.0,"played":[0.9991,9.0E-4],"evs":[0.0,-11.90105]},"Q8o":{"weight":0.0,"played":[0.9976,0.0024],"evs":[0.0,-12.46321]},"K8o":{"weight":0.0,"played":[0.9998,2.0E-4],"evs":[0.0,-9.59538]},"A8o":{"weight":1.0,"played":[0.9993,7.0E-4],"evs":[0.0,-10.10261]},"92s":{"weight":0.0,"played":[1.0,0.0],"evs":[0.0,-8.74844]},"93s":{"weight":0.0,"played":[0.9453,0.0547],"evs":[0.0,-6.45665]},"94s":{"weight":0.0,"played":[0.9873,0.0127],"evs":[0.0,-7.99314]},"95s":{"weight":0.0,"played":[0.8329,0.1671],"evs":[0.0,-3.38776]},"96s":{"weight":0.0,"played":[0.9778,0.0222],"evs":[0.0,-6.5346]},"97s":{"weight":0.0565,"played":[0.9898,0.0102],"evs":[0.0,-8.79465]},"98s":{"weight":1.0,"played":[0.9636,0.0364],"evs":[0.0,-5.29101]},"99":{"weight":0.998,"played":[0.9762,0.0238],"evs":[0.0,-5.71537]},"T9o":{"weight":0.0,"played":[0.9905,0.0095],"evs":[0.0,-9.56207]},"J9o":{"weight":0.0,"played":[0.998,0.002],"evs":[0.0,-10.93428]},"Q9o":{"weight":0.0,"played":[0.9949,0.0051],"evs":[0.0,-12.02735]},"K9o":{"weight":0.0,"played":[0.988,0.012],"evs":[0.0,-12.42237]},"A9o":{"weight":1.0,"played":[0.9998,2.0E-4],"evs":[0.0,-10.76154]},"T2s":{"weight":0.0,"played":[0.9991,9.0E-4],"evs":[0.0,-8.60391]},"T3s":{"weight":0.0,"played":[0.7441,0.2559],"evs":[0.0,-4.15778]},"T4s":{"weight":0.0,"played":[0.9993,7.0E-4],"evs":[0.0,-7.16881]},"T5s":{"weight":0.0,"played":[0.9985,0.0015],"evs":[0.0,-10.74444]},"T6s":{"weight":0.0,"played":[0.9922,0.0078],"evs":[0.0,-6.67354]},"T7s":{"weight":0.0,"played":[0.9494,0.0506],"evs":[0.0,-5.52712]},"T8s":{"weight":0.9999,"played":[0.986,0.014],"evs":[0.0,-7.26474]},"T9s":{"weight":1.0,"played":[0.9784,0.0216],"evs":[0.0,-4.418]},"TT":{"weight":1.0,"played":[0.9653,0.0347],"evs":[0.0,-2.46101]},"JTo":{"weight":0.1782,"played":[0.9628,0.0372],"evs":[0.0,-7.49836]},"QTo":{"weight":1.0,"played":[0.984,0.016],"evs":[0.0,-8.63047]},"KTo":{"weight":1.0,"played":[0.9823,0.0177],"evs":[0.0,-8.702]},"ATo":{"weight":1.0,"played":[0.9651,0.0349],"evs":[0.0,-7.7407]},"J2s":{"weight":0.0,"played":[0.9849,0.0151],"evs":[0.0,-7.95259]},"J3s":{"weight":0.0,"played":[0.9774,0.0226],"evs":[0.0,-7.0337]},"J4s":{"weight":0.0,"played":[0.9758,0.0242],"evs":[0.0,-9.06201]},"J5s":{"weight":0.0,"played":[0.9718,0.0282],"evs":[0.0,-4.68915]},"J6s":{"weight":0.0,"played":[0.9256,0.0744],"evs":[0.0,-12.76308]},"J7s":{"weight":0.0,"played":[0.8593,0.1407],"evs":[0.0,-5.16935]},"J8s":{"weight":0.9972,"played":[0.9982,0.0018],"evs":[0.0,-6.28895]},"J9s":{"weight":1.0,"played":[0.9902,0.0098],"evs":[0.0,-4.33105]},"JTs":{"weight":1.0,"played":[0.9978,0.0022],"evs":[0.0,-3.52895]},"JJ":{"weight":1.0,"played":[0.0872,0.9128],"evs":[0.0,0.72473]},"QJo":{"weight":1.0,"played":[0.9901,0.0099],"evs":[0.0,-8.00337]},"KJo":{"weight":1.0,"played":[0.9972,0.0028],"evs":[0.0,-9.61711]},"AJo":{"weight":1.0,"played":[0.9848,0.0152],"evs":[0.0,-10.63789]},"Q2s":{"weight":0.0,"played":[0.9482,0.0518],"evs":[0.0,-12.42057]},"Q3s":{"weight":0.0,"played":[0.8604,0.1396],"evs":[0.0,-7.55817]},"Q4s":{"weight":0.0,"played":[0.9994,6.0E-4],"evs":[0.0,-8.0396]},"Q5s":{"weight":0.0,"played":[0.958,0.042],"evs":[0.0,-8.91527]},"Q6s":{"weight":0.0,"played":[0.9936,0.0064],"evs":[0.0,-8.29476]},"Q7s":{"weight":0.0,"played":[0.9957,0.0043],"evs":[0.0,-7.95512]},"Q8s":{"weight":0.9999,"played":[0.9899,0.0101],"evs":[0.0,-11.05776]},"Q9s":{"weight":1.0,"played":[0.9893,0.0107],"evs":[0.0,-6.45286]},"QTs":{"weight":1.0,"played":[0.9142,0.0858],"evs":[0.0,-7.84571]},"QJs":{"weight":1.0,"played":[0.8809,0.1191],"evs":[0.0,-4.24168]},"QQ":{"weight":1.0,"played":[2.0E-4,0.9998],"evs":[0.0,5.64468]},"KQo":{"weight":1.0,"played":[0.9676,0.0324],"evs":[0.0,-8.18245]},"AQo":{"weight":1.0,"played":[0.9612,0.0388],"evs":[0.0,-10.19391]},"K2s":{"weight":0.0,"played":[0.9613,0.0387],"evs":[0.0,-4.55979]},"K3s":{"weight":0.0,"played":[0.9999,1.0E-4],"evs":[0.0,-10.71978]},"K4s":{"weight":0.0,"played":[0.9491,0.0509],"evs":[0.0,-4.11933]},"K5s":{"weight":0.0,"played":[0.9876,0.0124],"evs":[0.0,-8.46067]},"K6s":{"weight":0.999,"played":[0.9894,0.0106],"evs":[0.0,-6.87117]},"K7s":{"weight":1.0,"played":[0.9995,5.0E-4],"evs":[0.0,-8.30324]},"K8s":{"weight":1.0,"played":[0.9991,9.0E-4],"evs":[0.0,-9.97217]},"K9s":{"weight":1.0,"played":[0.9847,0.0153],"evs":[0.0,-6.83584]},"KTs":{"weight":1.0,"played":[0.9436,0.0564],"evs":[0.0,-7.79763]},"KJs":{"weight":1.0,"played":[0.9741,0.0259],"evs":[0.0,-7.5911]},"KQs":{"weight":1.0,"played":[0.9026,0.0974],"evs":[0.0,-3.60669]},"KK":{"weight":1.0,"played":[0.0,1.0],"evs":[0.0,16.11228]},"AKo":{"weight":0.9996,"played":[0.8694,0.1306],"evs":[0.0,-3.22797]},"A2s":{"weight":0.9999,"played":[0.9933,0.0067],"evs":[0.0,-7.55292]},"A3s":{"weight":1.0,"played":[0.9998,2.0E-4],"evs":[0.0,-7.43614]},"A4s":{"weight":1.0,"played":[0.9901,0.0099],"evs":[0.0,-6.22316]},"A5s":{"weight":1.0,"played":[0.7563,0.2437],"evs":[0.0,-3.57014]},"A6s":{"weight":1.0,"played":[0.9822,0.0178],"evs":[0.0,-8.73071]},"A7s":{"weight":1.0,"played":[0.8995,0.1005],"evs":[0.0,-6.00337]},"A8s":{"weight":1.0,"played":[0.9974,0.0026],"evs":[0.0,-7.76212]},"A9s":{"weight":1.0,"played":[0.9997,3.0E-4],"evs":[0.0,-7.0067]},"ATs":{"weight":1.0,"played":[0.9955,0.0045],"evs":[0.0,-10.10742]},"AJs":{"weight":1.0,"played":[0.9829,0.0171],"evs":[0.0,-7.62224]},"AQs":{"weight":1.0,"played":[0.7233,0.2767],"evs":[0.0,-2.36784]},"AKs":{"weight":1.0,"played":[0.8893,0.1107],"evs":[0.0,-4.65433]},"AA":{"weight":1.0,"played":[0.0,1.0],"evs":[0.0,24.57111]}}}