{"player":2,"street":0,"children":2,"sequence":[{"player":0,"type":"F","amount":0,"street":0},{"player":1,"type":"F","amount":0,"street":0},{"player":2,"type":"R","amount":200000,"street":0},{"player":3,"type":"C","amount":200000,"street":0},{"player":4,"type":"C","amount":150000,"street":0},{"player":5,"type":"R","amount":1385000,"street":0},{"player":2,"type":"C","amount":1185000,"street":0},{"player":3,"type":"F","amount":0,"street":0},{"player":4,"type":"R","amount":1985000,"street":0}],"actions":[{"type":"F","amount":0},{"type":"C","amount":600000}],"hands":{"22":{"weight":6.0E-4,"played":[1.0E-4,0.9999],"evs":[0.0,9.19945]},"32o":{"weight":0.0,"played":[2.0E-4,0.9998],"evs":[0.0,5.9691]},"42o":{"weight":0.0,"played":[0.0012,0.9988],"evs":[0.0,5.55793]},"52o":{"weight":0.0,"played":[0.0,1.0],"evs":[0.0,6.6501]},"62o":{"weight":0.0,"played":[0.0,1.0],"evs":[0.0,6.3016]},"72o":{"weight":0.0,"played":[0.0,1.0],"evs":[0.0,5.61361]},"82o":{"weight":0.0,"played":[0.0,1.0],"evs":[0.0,5.85733]},"92o":{"weight":0.0,"played":[9.0E-4,0.9991],"evs":[0.0,5.51226]},"T2o":{"weight":0.0,"played":[0.0019,0.9981],"evs":[0.0,5.22998]},"J2o":{"weight":0.0,"played":[0.001,0.999],"evs":[0.0,4.70186]},"Q2o":{"weight":0.0,"played":[0.0,1.0],"evs":[0.0,5.48589]},"K2o":{"weight":0.0,"played":[3.0E-4,0.9997],"evs":[0.0,4.77013]},"A2o":{"weight":0.0,"played":[1.0E-4,0.9999],"evs":[0.0,9.72198]},"32s":{"weight":0.0,"played":[0.0,1.0],"evs":[0.0,8.10991]},"33":{"weight":0.2302,"played":[3.0E-4,0.9997],"evs":[0.0,10.3866]},"43o":{"weight":0.0,"played":[0.0,1.0],"evs":[0.0,7.01108]},"53o":{"weight":0.0,"played":[1.0E-4,0.9999],"evs":[0.0,5.54038]},"63o":{"weight":0.0,"played":[0.0,1.0],"evs":[0.0,5.21261]},"73o":{"weight":0.0,"played":[0.0,1.0],"evs":[0.0,5.50192]},"83o":{"weight":0.0,"played":[0.0,1.0],"evs":[0.0,5.34532]},"93o":{"weight":0.0,"played":[0.0,1.0],"evs":[0.0,6.5632]},"T3o":{"weight":0.0,"played":[5.0E-4,0.9995],"evs":[0.0,5.15675]},"J3o":{"weight":0.0,"played":[1.0E-4,0.9999],"evs":[0.0,6.68047]},"Q3o":{"weight":0.0,"played":[1.0E-4,0.9999],"evs":[0.0,4.28065]},"K3o":{"weight":0.0,"played":[0.0,1.0],"evs":[0.0,6.219]},"A3o":{"weight":0.0,"played":[0.0,1.0],"evs":[0.0,9.00317]},"42s":{"weight":0.0,"played":[6.0E-4,0.9994],"evs":[0.0,10.05976]},"43s":{"weight":0.0,"played":[0.001,0.999],"evs":[0.0,7.13053]},"44":{"weight":0.4543,"played":[0.0,1.0],"evs":[0.0,11.38956]},"54o":{"weight":0.0,"played":[0.0,1.0],"evs":[0.0,7.45988]},"64o":{"weight":0.0,"played":[0.0,1.0],"evs":[0.0,7.39758]},"74o":{"weight":0.0,"played":[0.0,1.0],"evs":[0.0,6.13476]},"84o":{"weight":0.0,"played":[1.0E-4,0.9999],"evs":[0.0,5.75394]},"94o":{"weight":0.0,"played":[0.0,1.0],"evs":[0.0,6.24812]},"T4o":{"weight":0.0,"played":[1.0E-4,0.9999],"evs":[0.0,5.05896]},"J4o":{"weight":0.0,"played":[2.0E-4,0.9998],"evs":[0.0,5.96287]},"Q4o":{"weight":0.0,"played":[0.0011,0.9989],"evs":[0.0,4.86246]},"K4o":{"weight":0.0,"played":[0.0,1.0],"evs":[0.0,5.76695]},"A4o":{"weight":5.0E-4,"played":[0.0,1.0],"evs":[0.0,8.88801]},"52s":{"weight":0.0,"played":[0.0,1.0],"evs":[0.0,7.80279]},"53s":{"weight":0.0,"played":[2.0E-4,0.9998],"evs":[0.0,7.37999]},"54s":{"weight":0.0,"played":[0.0,1.0],"evs":[0.0,10.35609]},"55":{"weight":0.2545,"played":[0.0,1.0],"evs":[0.0,11.07886]},"65o":{"weight":0.0,"played":[1.0E-4,0.9999],"evs":[0.0,8.80316]},"75o":{"weight":0.0,"played":[1.0E-4,0.9999],"evs":[0.0,6.94109]},"85o":{"weight":0.0,"played":[1.0E-4,0.9999],"evs":[0.0,7.57719]},"95o":{"weight":0.0,"played":[0.0,1.0],"evs":[0.0,7.26267]},"T5o":{"weight":0.0,"played":[0.0,1.0],"evs":[0.0,5.35392]},"J5o":{"weight":0.0,"played":[0.0,1.0],"evs":[0.0,7.34894]},"Q5o":{"weight":0.0,"played":[0.0,1.0],"evs":[0.0,5.28505]},"K5o":{"weight":0.0,"played":[0.0,1.0],"evs":[0.0,5.56981]},"A5o":{"weight":0.0,"played":[1.0E-4,0.9999],"evs":[0.0,9.61081]},"62s":{"weight":0.0,"played":[6.0E-4,0.9994],"evs":[0.0,6.57127]},"63s":{"weight":0.0,"played":[1.0E-4,0.9999],"evs":[0.0,8.04346]},"64s":{"weight":0.0,"played":[0.001,0.999],"evs":[0.0,9.73332]},"65s":{"weight":4.0E-4,"played":[2.0E-4,0.9998],"evs":[0.0,8.57499]},"66":{"weight":0.5294,"played":[3.0E-4,0.9997],"evs":[0.0,12.46264]},"76o":{"weight":0.0,"played":[0.0,1.0],"evs":[0.0,7.92912]},"86o":{"weight":0.0,"played":[1.0E-4,0.9999],"evs":[0.0,7.60194]},"96o":{"weight":0.0,"played":[0.0,1.0],"evs":[0.0,7.44168]},"T6o":{"weight":0.0,"played":[1.0E-4,0.9999],"evs":[0.0,7.10743]},"J6o":{"weight":0.0,"played":[2.0E-4,0.9998],"evs":[0.0,5.36507]},"Q6o":{"weight":0.0,"played":[2.0E-4,0.9998],"evs":[0.0,4.34141]},"K6o":{"weight":0.0,"played":[2.0E-4,0.9998],"evs":[0.0,5.52052]},"A6o":{"weight":1.0E-4,"played":[0.0,1.0],"evs":[0.0,9.53165]},"72s":{"weight":0.0,"played":[2.0E-4,0.9998],"evs":[0.0,5.72197]},"73s":{"weight":0.0,"played":[2.0E-4,0.9998],"evs":[0.0,6.71107]},"74s":{"weight":0.0,"played":[0.0,1.0],"evs":[0.0,5.6235]},"75s":{"weight":0.0,"played":[0.0,1.0],"evs":[0.0,7.87901]},"76s":{"weight":0.1593,"played":[1.0E-4,0.9999],"evs":[0.0,7.92505]},"77":{"weight":0.9417,"played":[0.0,1.0],"evs":[0.0,13.39725]},"87o":{"weight":0.0,"played":[0.0,1.0],"evs":[0.0,6.7738]},"97o":{"weight":0.0,"played":[0.0,1.0],"evs":[0.0,7.31293]},"T7o":{"weight":0.0,"played":[1.0E-4,0.9999],"evs":[0.0,6.67822]},"J7o":{"weight":0.0,"played":[0.0,1.0],"evs":[0.0,6.30758]},"Q7o":{"weight":0.0,"played":[0.0,1.0],"evs":[0.0,5.47281]},"K7o":{"weight":0.0,"played":[3.0E-4,0.9997],"evs":[0.0,7.43877]},"A7o":{"weight":0.0,"played":[0.0,1.0],"evs":[0.0,9.8831]},"82s":{"weight":0.0,"played":[0.0,1.0],"evs":[0.0,5.15831]},"83s":{"weight":0.0,"played":[7.0E-4,0.9993],"evs":[0.0,8.0766]},"84s":{"weight":0.0,"played":[0.0048,0.9952],"evs":[0.0,7.11899]},"85s":{"weight":0.0,"played":[9.0E-4,0.9991],"evs":[0.0,6.96394]},"86s":{"weight":0.0,"played":[2.0E-4,0.9998],"evs":[0.0,8.59983]},"87s":{"weight":0.0168,"played":[0.0,1.0],"evs":[0.0,7.97795]},"88":{"weight":0.3056,"played":[2.0E-4,0.9998],"evs":[0.0,13.76842]},"98o":{"weight":0.0,"played":[0.0,1.0],"evs":[0.0,7.55474]},"T8o":{"weight":0.0,"played":[0.0,1.0],"evs":[0.0,7.59763]},"J8o":{"weight":0.0,"played":[0.0,1.0],"evs":[0.0,6.59761]},"Q8o":{"weight":0.0,"played":[0.0,1.0],"evs":[0.0,4.14823]},"K8o":{"weight":0.0,"played":[0.0,1.0],"evs":[0.0,6.23346]},"A8o":{"weight":0.0849,"played":[0.0,1.0],"evs":[0.0,9.33329]},"92s":{"weight":0.0,"played":[2.0E-4,0.9998],"evs":[0.0,6.36547]},"93s":{"weight":0.0,"played":[0.0019,0.9981],"evs":[0.0,8.02077]},"94s":{"weight":0.0,"played":[0.0,1.0],"evs":[0.0,7.63212]},"95s":{"weight":0.0,"played":[0.0043,0.9957],"evs":[0.0,6.58955]},"96s":{"weight":0.0,"played":[1.0E-4,0.9999],"evs":[0.0,8.36319]},"97s":{"weight":0.0072,"played":[0.0,1.0],"evs":[0.0,8.65042]},"98s":{"weight":2.0E-4,"played":[0.0,1.0],"evs":[0.0,9.05339]},"99":{"weight":0.2216,"played":[0.0,1.0],"evs":[0.0,14.29992]},"T9o":{"weight":0.0,"played":[1.0E-4,0.9999],"evs":[0.0,8.39063]},"J9o":{"weight":0.0,"played":[4.0E-4,0.9996],"evs":[0.0,6.16191]},"Q9o":{"weight":0.0,"played":[1.0E-4,0.9999],"evs":[0.0,5.27083]},"K9o":{"weight":0.0,"played":[0.0,1.0],"evs":[0.0,6.21921]},"A9o":{"weight":0.1138,"played":[0.0,1.0],"evs":[0.0,10.66874]},"T2s":{"weight":0.0,"played":[2.0E-4,0.9998],"evs":[0.0,5.53361]},"T3s":{"weight":0.0,"played":[0.0,1.0],"evs":[0.0,8.21192]},"T4s":{"weight":0.0,"played":[0.0023,0.9977],"evs":[0.0,6.09446]},"T5s":{"weight":0.0,"played":[0.0,1.0],"evs":[0.0,8.15021]},"T6s":{"weight":0.0,"played":[3.0E-4,0.9997],"evs":[0.0,8.27035]},"T7s":{"weight":0.0,"played":[3.0E-4,0.9997],"evs":[0.0,8.48093]},"T8s":{"weight":0.0881,"played":[0.0,1.0],"evs":[0.0,7.47374]},"T9s":{"weight":0.2882,"played":[0.0,1.0],"evs":[0.0,6.91177]},"TT":{"weight":0.2223,"played":[0.0,1.0],"evs":[0.0,14.92114]},"JTo":{"weight":0.0,"played":[0.0,1.0],"evs":[0.0,6.34091]},"QTo":{"weight":0.0,"played":[0.0,1.0],"evs":[0.0,6.68044]},"KTo":{"weight":0.0013,"played":[0.0,1.0],"evs":[0.0,6.94044]},"ATo":{"weight":0.4951,"played":[0.0,1.0],"evs":[0.0,11.76765]},"J2s":{"weight":0.0,"played":[0.0018,0.9982],"evs":[0.0,5.87267]},"J3s":{"weight":0.0,"played":[6.0E-4,0.9994],"evs":[0.0,4.87673]},"J4s":{"weight":0.0,"played":[5.0E-4,0.9995],"evs":[0.0,9.45526]},"J5s":{"weight":0.0,"played":[0.0013,0.9987],"evs":[0.0,9.28369]},"J6s":{"weight":0.0,"played":[0.0,1.0],"evs":[0.0,7.45626]},"J7s":{"weight":0.0,"played":[0.0012,0.9988],"evs":[0.0,8.63834]},"J8s":{"weight":0.0249,"played":[0.0,1.0],"evs":[0.0,7.99181]},"J9s":{"weight":0.1507,"played":[0.0,1.0],"evs":[0.0,7.9435]},"JTs":{"weight":0.5528,"played":[0.0,1.0],"evs":[0.0,8.45178]},"JJ":{"weight":0.7617,"played":[0.0,1.0],"evs":[0.0,15.98103]},"QJo":{"weight":0.0,"played":[0.0,1.0],"evs":[0.0,6.30259]},"KJo":{"weight":0.2608,"played":[0.0,1.0],"evs":[0.0,8.59378]},"AJo":{"weight":0.4386,"played":[0.0,1.0],"evs":[0.0,12.62535]},"Q2s":{"weight":0.0,"played":[6.0E-4,0.9994],"evs":[0.0,6.44838]},"Q3s":{"weight":0.0,"played":[4.0E-4,0.9996],"evs":[0.0,4.97528]},"Q4s":{"weight":0.0,"played":[3.0E-4,0.9997],"evs":[0.0,6.17816]},"Q5s":{"weight":0.0,"played":[0.0013,0.9987],"evs":[0.0,7.94414]},"Q6s":{"weight":1.0E-4,"played":[0.0,1.0],"evs":[0.0,8.41262]},"Q7s":{"weight":0.0,"played":[2.0E-4,0.9998],"evs":[0.0,5.88783]},"Q8s":{"weight":1.0E-4,"played":[0.0,1.0],"evs":[0.0,6.64414]},"Q9s":{"weight":0.2553,"played":[0.0018,0.9982],"evs":[0.0,7.9968]},"QTs":{"weight":0.0093,"played":[0.0,1.0],"evs":[0.0,7.54665]},"QJs":{"weight":0.1367,"played":[4.0E-4,0.9996],"evs":[0.0,7.43776]},"QQ":{"weight":0.2254,"played":[0.0,1.0],"evs":[0.0,19.21804]},"KQo":{"weight":0.3465,"played":[0.0,1.0],"evs":[0.0,9.47932]},"AQo":{"weight":0.7237,"played":[0.0,1.0],"evs":[0.0,14.13589]},"K2s":{"weight":0.0,"played":[0.0027,0.9973],"evs":[0.0,9.08413]},"K3s":{"weight":0.0,"played":[0.0,1.0],"evs":[0.0,6.01967]},"K4s":{"weight":1.0E-4,"played":[0.0013,0.9987],"evs":[0.0,7.39991]},"K5s":{"weight":0.0035,"played":[0.0,1.0],"evs":[0.0,7.81338]},"K6s":{"weight":0.0158,"played":[1.0E-4,0.9999],"evs":[0.0,8.61789]},"K7s":{"weight":0.0538,"played":[0.0018,0.9982],"evs":[0.0,9.02752]},"K8s":{"weight":0.0275,"played":[0.0,1.0],"evs":[0.0,6.70017]},"K9s":{"weight":0.3001,"played":[1.0E-4,0.9999],"evs":[0.0,8.58042]},"KTs":{"weight":0.0771,"played":[0.0,1.0],"evs":[0.0,9.66269]},"KJs":{"weight":0.5177,"played":[1.0E-4,0.9999],"evs":[0.0,10.45491]},"KQs":{"weight":0.5017,"played":[0.0,1.0],"evs":[0.0,12.01677]},"KK":{"weight":0.1418,"played":[0.0,1.0],"evs":[0.0,24.76296]},"AKo":{"weight":0.2935,"played":[0.0,1.0],"evs":[0.0,16.51015]},"A2s":{"weight":0.2348,"played":[0.0,1.0],"evs":[0.0,10.6722]},"A3s":{"weight":0.0274,"played":[0.0,1.0],"evs":[0.0,11.74354]},"A4s":{"weight":0.077,"played":[1.0E-4,0.9999],"evs":[0.0,10.67213]},"A5s":{"weight":0.0476,"played":[0.0,1.0],"evs":[0.0,11.70703]},"A6s":{"weight":0.0293,"played":[1.0E-4,0.9999],"evs":[0.0,11.81246]},"A7s":{"weight":0.1177,"played":[0.0,1.0],"evs":[0.0,10.29924]},"A8s":{"weight":0.0059,"played":[0.0,1.0],"evs":[0.0,11.81824]},"A9s":{"weight":0.5666,"played":[0.0,1.0],"evs":[0.0,11.66254]},"ATs":{"weight":0.3986,"played":[0.0,1.0],"evs":[0.0,12.74344]},"AJs":{"weight":0.0209,"played":[0.0,1.0],"evs":[0.0,16.43468]},"AQs":{"weight":0.2098,"played":[1.0E-4,0.9999],"evs":[0.0,15.68034]},"AKs":{"weight":0.4848,"played":[0.0,1.0],"evs":[0.0,18.64309]},"AA":{"weight":0.0237,"played":[0.0,1.0],"evs":[0.0,28.48128]}}}