{"player":5,"street":0,"children":2,"sequence":[{"player":0,"type":"F","amount":0,"street":0},{"player":1,"type":"F","amount":0,"street":0},{"player":2,"type":"R","amount":200000,"street":0},{"player":3,"type":"C","amount":200000,"street":0},{"player":4,"type":"R","amount":1985000,"street":0}],"actions":[{"type":"F","amount":0,"node":60},{"type":"C","amount":1285000,"node":65}],"hands":{"22":{"weight":1.0,"played":[1.0,0.0],"evs":[0.0,-0.86167]},"32o":{"weight":1.0,"played":[1.0,0.0],"evs":[0.0,-3.45736]},"42o":{"weight":1.0,"played":[1.0,0.0],"evs":[0.0,-3.29867]},"52o":{"weight":1.0,"played":[1.0,0.0],"evs":[0.0,-3.13553]},"62o":{"weight":1.0,"played":[1.0,0.0],"evs":[0.0,-3.31247]},"72o":{"weight":1.0,"played":[1.0,0.0],"evs":[0.0,-3.61772]},"82o":{"weight":1.0,"played":[1.0,0.0],"evs":[0.0,-3.46685]},"92o":{"weight":1.0,"played":[1.0,0.0],"evs":[0.0,-3.41141]},"T2o":{"weight":1.0,"played":[1.0,0.0],"evs":[0.0,-3.41268]},"J2o":{"weight":1.0,"played":[1.0,0.0],"evs":[0.0,-3.16734]},"Q2o":{"weight":1.0,"played":[1.0,0.0],"evs":[0.0,-3.02948]},"K2o":{"weight":1.0,"played":[1.0,0.0],"evs":[0.0,-2.8282]},"A2o":{"weight":1.0,"played":[1.0,0.0],"evs":[0.0,-2.4326]},"32s":{"weight":1.0,"played":[1.0,0.0],"evs":[0.0,-2.51456]},"33":{"weight":1.0,"played":[1.0,0.0],"evs":[0.0,-0.78628]},"43o":{"weight":1.0,"played":[1.0,0.0],"evs":[0.0,-2.91988]},"53o":{"weight":1.0,"played":[1.0,0.0],"evs":[0.0,-2.65933]},"63o":{"weight":1.0,"played":[1.0,0.0],"evs":[0.0,-2.92797]},"73o":{"weight":1.0,"played":[1.0,0.0],"evs":[0.0,-3.22613]},"83o":{"weight":1.0,"played":[1.0,0.0],"evs":[0.0,-3.47207]},"93o":{"weight":1.0,"played":[1.0,0.0],"evs":[0.0,-3.38852]},"T3o":{"weight":1.0,"played":[1.0,0.0],"evs":[0.0,-3.36081]},"J3o":{"weight":1.0,"played":[1.0,0.0],"evs":[0.0,-3.11511]},"Q3o":{"weight":1.0,"played":[1.0,0.0],"evs":[0.0,-2.8309]},"K3o":{"weight":1.0,"played":[1.0,0.0],"evs":[0.0,-2.70099]},"A3o":{"weight":1.0,"played":[1.0,0.0],"evs":[0.0,-2.47406]},"42s":{"weight":1.0,"played":[1.0,0.0],"evs":[0.0,-2.28382]},"43s":{"weight":1.0,"played":[1.0,0.0],"evs":[0.0,-2.07364]},"44":{"weight":1.0,"played":[0.9988,0.0012],"evs":[0.0,-0.36353]},"54o":{"weight":1.0,"played":[1.0,0.0],"evs":[0.0,-2.31833]},"64o":{"weight":1.0,"played":[1.0,0.0],"evs":[0.0,-2.49713]},"74o":{"weight":1.0,"played":[1.0,0.0],"evs":[0.0,-2.81781]},"84o":{"weight":1.0,"played":[1.0,0.0],"evs":[0.0,-3.02043]},"94o":{"weight":1.0,"played":[1.0,0.0],"evs":[0.0,-3.36844]},"T4o":{"weight":1.0,"played":[1.0,0.0],"evs":[0.0,-3.26934]},"J4o":{"weight":1.0,"played":[1.0,0.0],"evs":[0.0,-3.07187]},"Q4o":{"weight":1.0,"played":[1.0,0.0],"evs":[0.0,-2.80127]},"K4o":{"weight":1.0,"played":[1.0,0.0],"evs":[0.0,-2.63537]},"A4o":{"weight":1.0,"played":[1.0,0.0],"evs":[0.0,-2.21742]},"52s":{"weight":1.0,"played":[1.0,0.0],"evs":[0.0,-2.12223]},"53s":{"weight":1.0,"played":[1.0,0.0],"evs":[0.0,-1.73911]},"54s":{"weight":1.0,"played":[1.0,0.0],"evs":[0.0,-1.41581]},"55":{"weight":1.0,"played":[0.0103,0.9897],"evs":[0.0,0.33121]},"65o":{"weight":1.0,"played":[1.0,0.0],"evs":[0.0,-2.02604]},"75o":{"weight":1.0,"played":[1.0,0.0],"evs":[0.0,-2.37769]},"85o":{"weight":1.0,"played":[1.0,0.0],"evs":[0.0,-2.5809]},"95o":{"weight":1.0,"played":[1.0,0.0],"evs":[0.0,-2.88148]},"T5o":{"weight":1.0,"played":[1.0,0.0],"evs":[0.0,-3.27522]},"J5o":{"weight":1.0,"played":[1.0,0.0],"evs":[0.0,-2.85793]},"Q5o":{"weight":1.0,"played":[1.0,0.0],"evs":[0.0,-2.55657]},"K5o":{"weight":1.0,"played":[1.0,0.0],"evs":[0.0,-2.34542]},"A5o":{"weight":1.0,"played":[1.0,0.0],"evs":[0.0,-2.01759]},"62s":{"weight":1.0,"played":[1.0,0.0],"evs":[0.0,-2.32504]},"63s":{"weight":1.0,"played":[1.0,0.0],"evs":[0.0,-1.82333]},"64s":{"weight":1.0,"played":[1.0,0.0],"evs":[0.0,-1.48253]},"65s":{"weight":1.0,"played":[0.9999,1.0E-4],"evs":[0.0,-1.1767]},"66":{"weight":1.0,"played":[0.0,1.0],"evs":[0.0,0.76355]},"76o":{"weight":1.0,"played":[1.0,0.0],"evs":[0.0,-1.94034]},"86o":{"weight":1.0,"played":[1.0,0.0],"evs":[0.0,-2.17599]},"96o":{"weight":1.0,"played":[1.0,0.0],"evs":[0.0,-2.39926]},"T6o":{"weight":1.0,"played":[1.0,0.0],"evs":[0.0,-2.69348]},"J6o":{"weight":1.0,"played":[1.0,0.0],"evs":[0.0,-2.67995]},"Q6o":{"weight":1.0,"played":[1.0,0.0],"evs":[0.0,-2.38872]},"K6o":{"weight":1.0,"played":[1.0,0.0],"evs":[0.0,-2.09619]},"A6o":{"weight":1.0,"played":[1.0,0.0],"evs":[0.0,-2.20181]},"72s":{"weight":1.0,"played":[1.0,0.0],"evs":[0.0,-2.60692]},"73s":{"weight":1.0,"played":[1.0,0.0],"evs":[0.0,-2.22946]},"74s":{"weight":1.0,"played":[1.0,0.0],"evs":[0.0,-1.94717]},"75s":{"weight":1.0,"played":[1.0,0.0],"evs":[0.0,-1.5261]},"76s":{"weight":1.0,"played":[1.0,0.0],"evs":[0.0,-1.02836]},"77":{"weight":1.0,"played":[0.0,1.0],"evs":[0.0,1.27026]},"87o":{"weight":1.0,"played":[1.0,0.0],"evs":[0.0,-1.85898]},"97o":{"weight":1.0,"played":[1.0,0.0],"evs":[0.0,-2.05758]},"T7o":{"weight":1.0,"played":[1.0,0.0],"evs":[0.0,-2.37626]},"J7o":{"weight":1.0,"played":[1.0,0.0],"evs":[0.0,-2.41076]},"Q7o":{"weight":1.0,"played":[1.0,0.0],"evs":[0.0,-2.40925]},"K7o":{"weight":1.0,"played":[1.0,0.0],"evs":[0.0,-2.11284]},"A7o":{"weight":1.0,"played":[1.0,0.0],"evs":[0.0,-1.85741]},"82s":{"weight":1.0,"played":[1.0,0.0],"evs":[0.0,-2.48358]},"83s":{"weight":1.0,"played":[1.0,0.0],"evs":[0.0,-2.45699]},"84s":{"weight":1.0,"played":[1.0,0.0],"evs":[0.0,-2.09028]},"85s":{"weight":1.0,"played":[1.0,0.0],"evs":[0.0,-1.65577]},"86s":{"weight":1.0,"played":[1.0,0.0],"evs":[0.0,-1.29717]},"87s":{"weight":1.0,"played":[1.0,0.0],"evs":[0.0,-0.9553]},"88":{"weight":1.0,"played":[0.0,1.0],"evs":[0.0,1.87914]},"98o":{"weight":1.0,"played":[1.0,0.0],"evs":[0.0,-1.79747]},"T8o":{"weight":1.0,"played":[1.0,0.0],"evs":[0.0,-1.91958]},"J8o":{"weight":1.0,"played":[1.0,0.0],"evs":[0.0,-2.0326]},"Q8o":{"weight":1.0,"played":[1.0,0.0],"evs":[0.0,-2.01705]},"K8o":{"weight":1.0,"played":[1.0,0.0],"evs":[0.0,-2.04178]},"A8o":{"weight":1.0,"played":[1.0,0.0],"evs":[0.0,-1.66566]},"92s":{"weight":1.0,"played":[1.0,0.0],"evs":[0.0,-2.46389]},"93s":{"weight":1.0,"played":[1.0,0.0],"evs":[0.0,-2.41193]},"94s":{"weight":1.0,"played":[1.0,0.0],"evs":[0.0,-2.17524]},"95s":{"weight":1.0,"played":[1.0,0.0],"evs":[0.0,-1.89119]},"96s":{"weight":1.0,"played":[1.0,0.0],"evs":[0.0,-1.59164]},"97s":{"weight":1.0,"played":[1.0,0.0],"evs":[0.0,-1.20749]},"98s":{"weight":1.0,"played":[0.9996,4.0E-4],"evs":[0.0,-0.95625]},"99":{"weight":1.0,"played":[0.0,1.0],"evs":[0.0,2.60821]},"T9o":{"weight":1.0,"played":[1.0,0.0],"evs":[0.0,-1.66044]},"J9o":{"weight":1.0,"played":[1.0,0.0],"evs":[0.0,-1.88494]},"Q9o":{"weight":1.0,"played":[1.0,0.0],"evs":[0.0,-1.81551]},"K9o":{"weight":1.0,"played":[1.0,0.0],"evs":[0.0,-1.74941]},"A9o":{"weight":1.0,"played":[1.0,0.0],"evs":[0.0,-1.17809]},"T2s":{"weight":1.0,"played":[1.0,0.0],"evs":[0.0,-2.44219]},"T3s":{"weight":1.0,"played":[1.0,0.0],"evs":[0.0,-2.40819]},"T4s":{"weight":1.0,"played":[1.0,0.0],"evs":[0.0,-2.24283]},"T5s":{"weight":1.0,"played":[1.0,0.0],"evs":[0.0,-2.27604]},"T6s":{"weight":1.0,"played":[1.0,0.0],"evs":[0.0,-1.83579]},"T7s":{"weight":1.0,"played":[1.0,0.0],"evs":[0.0,-1.52446]},"T8s":{"weight":1.0,"played":[1.0,0.0],"evs":[0.0,-1.09025]},"T9s":{"weight":1.0,"played":[0.9991,9.0E-4],"evs":[0.0,-0.69658]},"TT":{"weight":1.0,"played":[0.0,1.0],"evs":[0.0,3.54029]},"JTo":{"weight":1.0,"played":[1.0,0.0],"evs":[0.0,-1.29912]},"QTo":{"weight":1.0,"played":[1.0,0.0],"evs":[0.0,-1.34479]},"KTo":{"weight":1.0,"played":[1.0,0.0],"evs":[0.0,-1.20158]},"ATo":{"weight":1.0,"played":[1.0,0.0],"evs":[0.0,-0.31446]},"J2s":{"weight":1.0,"played":[1.0,0.0],"evs":[0.0,-2.18753]},"J3s":{"weight":1.0,"played":[1.0,0.0],"evs":[0.0,-2.11086]},"J4s":{"weight":1.0,"played":[1.0,0.0],"evs":[0.0,-2.12198]},"J5s":{"weight":1.0,"played":[1.0,0.0],"evs":[0.0,-1.74553]},"J6s":{"weight":1.0,"played":[1.0,0.0],"evs":[0.0,-1.67834]},"J7s":{"weight":1.0,"played":[1.0,0.0],"evs":[0.0,-1.44937]},"J8s":{"weight":1.0,"played":[1.0,0.0],"evs":[0.0,-1.13739]},"J9s":{"weight":1.0,"played":[0.9995,5.0E-4],"evs":[0.0,-0.78593]},"JTs":{"weight":1.0,"played":[0.9828,0.0172],"evs":[0.0,-0.21176]},"JJ":{"weight":1.0,"played":[0.0,1.0],"evs":[0.0,4.67532]},"QJo":{"weight":1.0,"played":[1.0,0.0],"evs":[0.0,-1.09792]},"KJo":{"weight":1.0,"played":[1.0,0.0],"evs":[0.0,-0.95262]},"AJo":{"weight":1.0,"played":[0.0028,0.9972],"evs":[0.0,0.59822]},"Q2s":{"weight":1.0,"played":[1.0,0.0],"evs":[0.0,-1.96642]},"Q3s":{"weight":1.0,"played":[1.0,0.0],"evs":[0.0,-1.94123]},"Q4s":{"weight":1.0,"played":[1.0,0.0],"evs":[0.0,-1.8308]},"Q5s":{"weight":1.0,"played":[1.0,0.0],"evs":[0.0,-1.67272]},"Q6s":{"weight":1.0,"played":[1.0,0.0],"evs":[0.0,-1.36465]},"Q7s":{"weight":1.0,"played":[1.0,0.0],"evs":[0.0,-1.49059]},"Q8s":{"weight":1.0,"played":[1.0,0.0],"evs":[0.0,-1.06898]},"Q9s":{"weight":1.0,"played":[0.9999,1.0E-4],"evs":[0.0,-0.85815]},"QTs":{"weight":1.0,"played":[0.9991,9.0E-4],"evs":[0.0,-0.44255]},"QJs":{"weight":1.0,"played":[0.9875,0.0125],"evs":[0.0,-0.1293]},"QQ":{"weight":1.0,"played":[0.0,1.0],"evs":[0.0,6.15584]},"KQo":{"weight":1.0,"played":[0.9999,1.0E-4],"evs":[0.0,-0.62678]},"AQo":{"weight":1.0,"played":[0.0,1.0],"evs":[0.0,1.62963]},"K2s":{"weight":1.0,"played":[1.0,0.0],"evs":[0.0,-1.78917]},"K3s":{"weight":1.0,"played":[0.9999,1.0E-4],"evs":[0.0,-1.58501]},"K4s":{"weight":1.0,"played":[1.0,0.0],"evs":[0.0,-1.50164]},"K5s":{"weight":1.0,"played":[1.0,0.0],"evs":[0.0,-1.43811]},"K6s":{"weight":1.0,"played":[1.0,0.0],"evs":[0.0,-1.14585]},"K7s":{"weight":1.0,"played":[1.0,0.0],"evs":[0.0,-1.11352]},"K8s":{"weight":1.0,"played":[1.0,0.0],"evs":[0.0,-1.02828]},"K9s":{"weight":1.0,"played":[1.0,0.0],"evs":[0.0,-0.89916]},"KTs":{"weight":1.0,"played":[0.9961,0.0039],"evs":[0.0,-0.29491]},"KJs":{"weight":1.0,"played":[0.6982,0.3018],"evs":[0.0,-0.08445]},"KQs":{"weight":1.0,"played":[5.0E-4,0.9995],"evs":[0.0,0.55551]},"KK":{"weight":1.0,"played":[0.0,1.0],"evs":[0.0,7.95032]},"AKo":{"weight":1.0,"played":[0.0,1.0],"evs":[0.0,2.71649]},"A2s":{"weight":1.0,"played":[1.0,0.0],"evs":[0.0,-1.55477]},"A3s":{"weight":1.0,"played":[1.0,0.0],"evs":[0.0,-1.31893]},"A4s":{"weight":1.0,"played":[1.0,0.0],"evs":[0.0,-1.23436]},"A5s":{"weight":1.0,"played":[1.0,0.0],"evs":[0.0,-0.93651]},"A6s":{"weight":1.0,"played":[1.0,0.0],"evs":[0.0,-1.17542]},"A7s":{"weight":1.0,"played":[1.0,0.0],"evs":[0.0,-0.92016]},"A8s":{"weight":1.0,"played":[0.9993,7.0E-4],"evs":[0.0,-0.66086]},"A9s":{"weight":1.0,"played":[0.9194,0.0806],"evs":[0.0,-0.07863]},"ATs":{"weight":1.0,"played":[3.0E-4,0.9997],"evs":[0.0,0.56693]},"AJs":{"weight":1.0,"played":[0.0,1.0],"evs":[0.0,1.25971]},"AQs":{"weight":1.0,"played":[0.0,1.0],"evs":[0.0,2.37639]},"AKs":{"weight":1.0,"played":[0.0,1.0],"evs":[0.0,3.5187]},"AA":{"weight":1.0,"played":[0.0,1.0],"evs":[0.0,11.3208]}}}