{"player":2,"street":0,"children":3,"sequence":[{"player":0,"type":"F","amount":0,"street":0},{"player":1,"type":"F","amount":0,"street":0},{"player":2,"type":"R","amount":200000,"street":0},{"player":3,"type":"C","amount":200000,"street":0},{"player":4,"type":"R","amount":1985000,"street":0},{"player":5,"type":"F","amount":0,"street":0}],"actions":[{"type":"F","amount":0,"node":61},{"type":"C","amount":1785000,"node":62},{"type":"R","amount":2385000,"node":64}],"hands":{"22":{"weight":0.0047,"played":[1.0,0.0,0.0],"evs":[0.0,-0.45789,-0.44995]},"32o":{"weight":0.0,"played":[1.0,0.0,0.0],"evs":[0.0,-4.67563,-4.67202]},"42o":{"weight":0.0,"played":[1.0,0.0,0.0],"evs":[0.0,-4.42805,-4.4348]},"52o":{"weight":0.0,"played":[1.0,0.0,0.0],"evs":[0.0,-4.08261,-4.08991]},"62o":{"weight":0.0,"played":[1.0,0.0,0.0],"evs":[0.0,-4.39012,-4.3853]},"72o":{"weight":0.0,"played":[1.0,0.0,0.0],"evs":[0.0,-4.6893,-4.68088]},"82o":{"weight":0.0,"played":[1.0,0.0,0.0],"evs":[0.0,-4.55956,-4.5547]},"92o":{"weight":0.0,"played":[1.0,0.0,0.0],"evs":[0.0,-4.55215,-4.53973]},"T2o":{"weight":0.0,"played":[1.0,0.0,0.0],"evs":[0.0,-4.47205,-4.47153]},"J2o":{"weight":0.0,"played":[1.0,0.0,0.0],"evs":[0.0,-4.12456,-4.13358]},"Q2o":{"weight":0.0,"played":[1.0,0.0,0.0],"evs":[0.0,-3.73932,-3.7408]},"K2o":{"weight":0.0,"played":[1.0,0.0,0.0],"evs":[0.0,-3.376,-3.36902]},"A2o":{"weight":0.0,"played":[1.0,0.0,0.0],"evs":[0.0,-2.58985,-2.58741]},"32s":{"weight":0.0,"played":[1.0,0.0,0.0],"evs":[0.0,-3.43072,-3.427]},"33":{"weight":0.9986,"played":[0.9998,1.0E-4,1.0E-4],"evs":[0.0,-0.22976,-0.22561]},"43o":{"weight":0.0,"played":[1.0,0.0,0.0],"evs":[0.0,-3.9653,-3.96071]},"53o":{"weight":0.0,"played":[1.0,0.0,0.0],"evs":[0.0,-3.59845,-3.60522]},"63o":{"weight":0.0,"played":[1.0,0.0,0.0],"evs":[0.0,-3.86311,-3.86226]},"73o":{"weight":0.0,"played":[1.0,0.0,0.0],"evs":[0.0,-4.25097,-4.24816]},"83o":{"weight":0.0,"played":[1.0,0.0,0.0],"evs":[0.0,-4.51088,-4.50577]},"93o":{"weight":0.0,"played":[1.0,0.0,0.0],"evs":[0.0,-4.30507,-4.30116]},"T3o":{"weight":0.0,"played":[1.0,0.0,0.0],"evs":[0.0,-4.27216,-4.26956]},"J3o":{"weight":0.0,"played":[1.0,0.0,0.0],"evs":[0.0,-4.03347,-4.02281]},"Q3o":{"weight":0.0,"played":[1.0,0.0,0.0],"evs":[0.0,-3.54919,-3.53983]},"K3o":{"weight":0.0,"played":[1.0,0.0,0.0],"evs":[0.0,-3.32419,-3.31683]},"A3o":{"weight":2.0E-4,"played":[1.0,0.0,0.0],"evs":[0.0,-2.47116,-2.47034]},"42s":{"weight":0.0,"played":[1.0,0.0,0.0],"evs":[0.0,-3.16462,-3.15466]},"43s":{"weight":0.0,"played":[1.0,0.0,0.0],"evs":[0.0,-2.69696,-2.67232]},"44":{"weight":0.9984,"played":[0.0,0.2539,0.7461],"evs":[0.0,0.30805,0.31487]},"54o":{"weight":0.0,"played":[1.0,0.0,0.0],"evs":[0.0,-3.11702,-3.1221]},"64o":{"weight":0.0,"played":[1.0,0.0,0.0],"evs":[0.0,-3.43312,-3.43046]},"74o":{"weight":0.0,"played":[1.0,0.0,0.0],"evs":[0.0,-3.74111,-3.73728]},"84o":{"weight":0.0,"played":[1.0,0.0,0.0],"evs":[0.0,-4.0384,-4.04582]},"94o":{"weight":0.0,"played":[1.0,0.0,0.0],"evs":[0.0,-4.32308,-4.32796]},"T4o":{"weight":0.0,"played":[1.0,0.0,0.0],"evs":[0.0,-4.3366,-4.33252]},"J4o":{"weight":0.0,"played":[1.0,0.0,0.0],"evs":[0.0,-3.91514,-3.9048]},"Q4o":{"weight":0.0,"played":[1.0,0.0,0.0],"evs":[0.0,-3.40498,-3.40546]},"K4o":{"weight":0.0,"played":[1.0,0.0,0.0],"evs":[0.0,-3.14823,-3.14145]},"A4o":{"weight":1.0,"played":[1.0,0.0,0.0],"evs":[0.0,-2.26449,-2.26202]},"52s":{"weight":0.0,"played":[1.0,0.0,0.0],"evs":[0.0,-2.87759,-2.87176]},"53s":{"weight":0.0,"played":[1.0,0.0,0.0],"evs":[0.0,-2.45793,-2.46467]},"54s":{"weight":0.0,"played":[1.0,0.0,0.0],"evs":[0.0,-1.88092,-1.88469]},"55":{"weight":1.0,"played":[0.0,0.4994,0.5006],"evs":[0.0,1.22531,1.23362]},"65o":{"weight":0.0,"played":[1.0,0.0,0.0],"evs":[0.0,-2.7996,-2.79557]},"75o":{"weight":0.0,"played":[1.0,0.0,0.0],"evs":[0.0,-3.05846,-3.05156]},"85o":{"weight":0.0,"played":[1.0,0.0,0.0],"evs":[0.0,-3.39857,-3.39806]},"95o":{"weight":0.0,"played":[1.0,0.0,0.0],"evs":[0.0,-3.71378,-3.70438]},"T5o":{"weight":0.0,"played":[1.0,0.0,0.0],"evs":[0.0,-3.9999,-4.00838]},"J5o":{"weight":0.0,"played":[1.0,0.0,0.0],"evs":[0.0,-3.64438,-3.6456]},"Q5o":{"weight":0.0,"played":[1.0,0.0,0.0],"evs":[0.0,-3.17062,-3.17597]},"K5o":{"weight":0.0,"played":[1.0,0.0,0.0],"evs":[0.0,-2.92101,-2.90725]},"A5o":{"weight":1.0,"played":[1.0,0.0,0.0],"evs":[0.0,-1.90389,-1.90172]},"62s":{"weight":0.0,"played":[1.0,0.0,0.0],"evs":[0.0,-3.16189,-3.15421]},"63s":{"weight":0.0,"played":[1.0,0.0,0.0],"evs":[0.0,-2.64778,-2.63631]},"64s":{"weight":0.0,"played":[1.0,0.0,0.0],"evs":[0.0,-2.26595,-2.26272]},"65s":{"weight":0.0025,"played":[1.0,0.0,0.0],"evs":[0.0,-1.59283,-1.59884]},"66":{"weight":1.0,"played":[0.0,0.8646,0.1354],"evs":[0.0,1.8968,1.88989]},"76o":{"weight":0.0,"played":[1.0,0.0,0.0],"evs":[0.0,-2.58219,-2.57854]},"86o":{"weight":0.0,"played":[1.0,0.0,0.0],"evs":[0.0,-2.82461,-2.8233]},"96o":{"weight":0.0,"played":[1.0,0.0,0.0],"evs":[0.0,-3.22004,-3.2209]},"T6o":{"weight":0.0,"played":[1.0,0.0,0.0],"evs":[0.0,-3.5023,-3.50544]},"J6o":{"weight":0.0,"played":[1.0,0.0,0.0],"evs":[0.0,-3.43892,-3.43512]},"Q6o":{"weight":0.0,"played":[1.0,0.0,0.0],"evs":[0.0,-2.97275,-2.98224]},"K6o":{"weight":0.0,"played":[1.0,0.0,0.0],"evs":[0.0,-2.6357,-2.63804]},"A6o":{"weight":1.0,"played":[1.0,0.0,0.0],"evs":[0.0,-2.06655,-2.06194]},"72s":{"weight":0.0,"played":[1.0,0.0,0.0],"evs":[0.0,-3.36349,-3.3617]},"73s":{"weight":0.0,"played":[1.0,0.0,0.0],"evs":[0.0,-3.01613,-3.01763]},"74s":{"weight":0.0,"played":[1.0,0.0,0.0],"evs":[0.0,-2.49659,-2.50666]},"75s":{"weight":1.0E-4,"played":[1.0,0.0,0.0],"evs":[0.0,-1.98255,-1.97409]},"76s":{"weight":0.5737,"played":[1.0,0.0,0.0],"evs":[0.0,-1.37333,-1.38161]},"77":{"weight":1.0,"played":[0.0,0.4904,0.5096],"evs":[0.0,2.60045,2.59335]},"87o":{"weight":0.0,"played":[1.0,0.0,0.0],"evs":[0.0,-2.40063,-2.40629]},"97o":{"weight":0.0,"played":[1.0,0.0,0.0],"evs":[0.0,-2.704,-2.70479]},"T7o":{"weight":0.0,"played":[1.0,0.0,0.0],"evs":[0.0,-2.88497,-2.87933]},"J7o":{"weight":0.0,"played":[1.0,0.0,0.0],"evs":[0.0,-2.92683,-2.9371]},"Q7o":{"weight":0.0,"played":[1.0,0.0,0.0],"evs":[0.0,-2.95723,-2.93656]},"K7o":{"weight":0.0,"played":[1.0,0.0,0.0],"evs":[0.0,-2.50866,-2.50077]},"A7o":{"weight":1.0,"played":[1.0,0.0,0.0],"evs":[0.0,-1.61785,-1.61758]},"82s":{"weight":0.0,"played":[1.0,0.0,0.0],"evs":[0.0,-3.28855,-3.28046]},"83s":{"weight":0.0,"played":[1.0,0.0,0.0],"evs":[0.0,-3.23718,-3.23352]},"84s":{"weight":0.0,"played":[1.0,0.0,0.0],"evs":[0.0,-2.80635,-2.80571]},"85s":{"weight":0.0,"played":[1.0,0.0,0.0],"evs":[0.0,-2.21245,-2.21541]},"86s":{"weight":4.0E-4,"played":[1.0,0.0,0.0],"evs":[0.0,-1.71012,-1.69376]},"87s":{"weight":0.9998,"played":[1.0,0.0,0.0],"evs":[0.0,-1.12624,-1.13811]},"88":{"weight":1.0,"played":[0.0,0.8226,0.1774],"evs":[0.0,3.25031,3.24586]},"98o":{"weight":0.0,"played":[1.0,0.0,0.0],"evs":[0.0,-2.36893,-2.37439]},"T8o":{"weight":0.0,"played":[1.0,0.0,0.0],"evs":[0.0,-2.52773,-2.527]},"J8o":{"weight":0.0,"played":[1.0,0.0,0.0],"evs":[0.0,-2.62235,-2.62781]},"Q8o":{"weight":0.0,"played":[1.0,0.0,0.0],"evs":[0.0,-2.47167,-2.47078]},"K8o":{"weight":0.0,"played":[1.0,0.0,0.0],"evs":[0.0,-2.61169,-2.61275]},"A8o":{"weight":1.0,"played":[1.0,0.0,0.0],"evs":[0.0,-1.26534,-1.26124]},"92s":{"weight":0.0,"played":[1.0,0.0,0.0],"evs":[0.0,-3.1911,-3.18873]},"93s":{"weight":0.0,"played":[1.0,0.0,0.0],"evs":[0.0,-3.16319,-3.15206]},"94s":{"weight":0.0,"played":[1.0,0.0,0.0],"evs":[0.0,-3.03735,-3.04182]},"95s":{"weight":0.0,"played":[1.0,0.0,0.0],"evs":[0.0,-2.48465,-2.48278]},"96s":{"weight":0.0,"played":[1.0,0.0,0.0],"evs":[0.0,-1.8821,-1.87881]},"97s":{"weight":0.999,"played":[1.0,0.0,0.0],"evs":[0.0,-1.61249,-1.61544]},"98s":{"weight":1.0,"played":[1.0,0.0,0.0],"evs":[0.0,-1.11992,-1.10801]},"99":{"weight":1.0,"played":[0.0,0.3434,0.6566],"evs":[0.0,4.29997,4.30754]},"T9o":{"weight":0.1102,"played":[1.0,0.0,0.0],"evs":[0.0,-2.09047,-2.09426]},"J9o":{"weight":0.3945,"played":[1.0,0.0,0.0],"evs":[0.0,-2.30732,-2.29485]},"Q9o":{"weight":0.9999,"played":[1.0,0.0,0.0],"evs":[0.0,-2.09485,-2.10005]},"K9o":{"weight":1.0,"played":[1.0,0.0,0.0],"evs":[0.0,-2.09317,-2.09105]},"A9o":{"weight":0.9997,"played":[1.0,0.0,0.0],"evs":[0.0,-0.3353,-0.32185]},"T2s":{"weight":0.0,"played":[1.0,0.0,0.0],"evs":[0.0,-3.20758,-3.20422]},"T3s":{"weight":0.0,"played":[1.0,0.0,0.0],"evs":[0.0,-3.13755,-3.12015]},"T4s":{"weight":0.0,"played":[1.0,0.0,0.0],"evs":[0.0,-3.00302,-3.0085]},"T5s":{"weight":0.0,"played":[1.0,0.0,0.0],"evs":[0.0,-2.76308,-2.75846]},"T6s":{"weight":0.0,"played":[1.0,0.0,0.0],"evs":[0.0,-2.34771,-2.34918]},"T7s":{"weight":0.9999,"played":[1.0,0.0,0.0],"evs":[0.0,-1.73101,-1.73167]},"T8s":{"weight":1.0,"played":[1.0,0.0,0.0],"evs":[0.0,-1.38429,-1.38793]},"T9s":{"weight":1.0,"played":[1.0,0.0,0.0],"evs":[0.0,-0.98427,-1.00416]},"TT":{"weight":1.0,"played":[0.0,0.5981,0.4019],"evs":[0.0,5.41708,5.40552]},"JTo":{"weight":1.0,"played":[1.0,0.0,0.0],"evs":[0.0,-1.45136,-1.44791]},"QTo":{"weight":1.0,"played":[1.0,0.0,0.0],"evs":[0.0,-1.52262,-1.51898]},"KTo":{"weight":1.0,"played":[1.0,0.0,0.0],"evs":[0.0,-1.4508,-1.45032]},"ATo":{"weight":0.9997,"played":[0.0,0.7838,0.2162],"evs":[0.0,1.05429,1.05064]},"J2s":{"weight":0.0,"played":[1.0,0.0,0.0],"evs":[0.0,-2.8775,-2.85633]},"J3s":{"weight":0.0,"played":[1.0,0.0,0.0],"evs":[0.0,-2.65794,-2.67172]},"J4s":{"weight":0.0,"played":[1.0,0.0,0.0],"evs":[0.0,-2.86731,-2.8549]},"J5s":{"weight":0.0,"played":[1.0,0.0,0.0],"evs":[0.0,-2.3784,-2.37576]},"J6s":{"weight":0.0,"played":[1.0,0.0,0.0],"evs":[0.0,-2.12569,-2.1193]},"J7s":{"weight":0.9958,"played":[1.0,0.0,0.0],"evs":[0.0,-1.75901,-1.7567]},"J8s":{"weight":1.0,"played":[1.0,0.0,0.0],"evs":[0.0,-1.41289,-1.42102]},"J9s":{"weight":1.0,"played":[0.9999,1.0E-4,0.0],"evs":[0.0,-0.996,-0.99685]},"JTs":{"weight":1.0,"played":[1.0,0.0,0.0],"evs":[0.0,-0.29815,-0.2918]},"JJ":{"weight":1.0,"played":[0.0,0.6278,0.3722],"evs":[0.0,6.82298,6.82106]},"QJo":{"weight":1.0,"played":[1.0,0.0,0.0],"evs":[0.0,-1.23522,-1.23302]},"KJo":{"weight":1.0,"played":[1.0,0.0,0.0],"evs":[0.0,-1.07886,-1.09047]},"AJo":{"weight":0.9993,"played":[0.0,0.9502,0.0498],"evs":[0.0,2.47755,2.47423]},"Q2s":{"weight":0.0,"played":[1.0,0.0,0.0],"evs":[0.0,-2.44274,-2.45568]},"Q3s":{"weight":0.0,"played":[1.0,0.0,0.0],"evs":[0.0,-2.22275,-2.22124]},"Q4s":{"weight":0.0,"played":[1.0,0.0,0.0],"evs":[0.0,-2.29484,-2.28648]},"Q5s":{"weight":0.0115,"played":[1.0,0.0,0.0],"evs":[0.0,-2.01778,-2.01236]},"Q6s":{"weight":0.998,"played":[1.0,0.0,0.0],"evs":[0.0,-1.70024,-1.70055]},"Q7s":{"weight":1.0,"played":[1.0,0.0,0.0],"evs":[0.0,-1.54983,-1.54965]},"Q8s":{"weight":1.0,"played":[1.0,0.0,0.0],"evs":[0.0,-1.3427,-1.34729]},"Q9s":{"weight":1.0,"played":[1.0,0.0,0.0],"evs":[0.0,-0.96175,-0.964]},"QTs":{"weight":0.9992,"played":[1.0,0.0,0.0],"evs":[0.0,-0.35886,-0.35843]},"QJs":{"weight":1.0,"played":[0.959,0.0271,0.0139],"evs":[0.0,-0.17222,-0.18541]},"QQ":{"weight":1.0,"played":[0.0,0.0151,0.9849],"evs":[0.0,8.41532,8.42591]},"KQo":{"weight":0.9998,"played":[0.9999,1.0E-4,0.0],"evs":[0.0,-0.42556,-0.43173]},"AQo":{"weight":1.0,"played":[0.0,0.2889,0.7111],"evs":[0.0,3.98137,3.98535]},"K2s":{"weight":7.0E-4,"played":[1.0,0.0,0.0],"evs":[0.0,-2.23296,-2.22971]},"K3s":{"weight":8.0E-4,"played":[1.0,0.0,0.0],"evs":[0.0,-1.97087,-1.97057]},"K4s":{"weight":0.9999,"played":[1.0,0.0,0.0],"evs":[0.0,-1.92339,-1.92102]},"K5s":{"weight":1.0,"played":[1.0,0.0,0.0],"evs":[0.0,-1.66847,-1.67112]},"K6s":{"weight":1.0,"played":[1.0,0.0,0.0],"evs":[0.0,-1.37657,-1.37714]},"K7s":{"weight":1.0,"played":[1.0,0.0,0.0],"evs":[0.0,-1.28914,-1.28333]},"K8s":{"weight":1.0,"played":[1.0,0.0,0.0],"evs":[0.0,-1.38151,-1.37539]},"K9s":{"weight":1.0,"played":[1.0,0.0,0.0],"evs":[0.0,-0.8417,-0.8401]},"KTs":{"weight":0.9943,"played":[0.9831,3.0E-4,0.0166],"evs":[0.0,-0.28439,-0.26814]},"KJs":{"weight":1.0,"played":[0.0062,0.5261,0.4677],"evs":[0.0,0.0233,0.0196]},"KQs":{"weight":1.0,"played":[0.0,0.9782,0.0218],"evs":[0.0,0.68167,0.67681]},"KK":{"weight":1.0,"played":[0.0,0.2444,0.7556],"evs":[0.0,10.22077,10.2202]},"AKo":{"weight":1.0,"played":[0.0,0.35,0.65],"evs":[0.0,5.54486,5.55703]},"A2s":{"weight":1.0,"played":[1.0,0.0,0.0],"evs":[0.0,-1.20745,-1.21672]},"A3s":{"weight":1.0,"played":[1.0,0.0,0.0],"evs":[0.0,-1.15098,-1.14295]},"A4s":{"weight":1.0,"played":[0.9999,0.0,1.0E-4],"evs":[0.0,-0.9259,-0.92388]},"A5s":{"weight":0.9993,"played":[1.0,0.0,0.0],"evs":[0.0,-0.67632,-0.66694]},"A6s":{"weight":1.0,"played":[1.0,0.0,0.0],"evs":[0.0,-0.79054,-0.79602]},"A7s":{"weight":0.9976,"played":[0.9982,3.0E-4,0.0015],"evs":[0.0,-0.33748,-0.33793]},"A8s":{"weight":1.0,"played":[0.1171,0.2404,0.6425],"evs":[0.0,0.01222,0.0282]},"A9s":{"weight":1.0,"played":[1.0E-4,0.6065,0.3934],"evs":[0.0,0.85887,0.85893]},"ATs":{"weight":1.0,"played":[0.0,0.8948,0.1052],"evs":[0.0,2.14272,2.13305]},"AJs":{"weight":1.0,"played":[0.0,0.0978,0.9022],"evs":[0.0,3.39288,3.40543]},"AQs":{"weight":1.0,"played":[0.0,0.2735,0.7265],"evs":[0.0,4.86934,4.87118]},"AKs":{"weight":1.0,"played":[0.0,0.9407,0.0593],"evs":[0.0,6.29461,6.29356]},"AA":{"weight":1.0,"played":[0.0,0.7539,0.2461],"evs":[0.0,15.1618,15.15821]}}}