{"player":3,"street":0,"children":2,"sequence":[{"player":0,"type":"F","amount":0,"street":0},{"player":1,"type":"F","amount":0,"street":0},{"player":2,"type":"R","amount":200000,"street":0},{"player":3,"type":"C","amount":200000,"street":0},{"player":4,"type":"R","amount":1985000,"street":0},{"player":5,"type":"F","amount":0,"street":0},{"player":2,"type":"R","amount":2385000,"street":0}],"actions":[{"type":"F","amount":0},{"type":"C","amount":2185000}],"hands":{"22":{"weight":4.0E-4,"played":[1.0,0.0],"evs":[0.0,-2.13454]},"32o":{"weight":0.0,"played":[1.0,0.0],"evs":[0.0,-6.09238]},"42o":{"weight":0.0,"played":[1.0,0.0],"evs":[0.0,-5.79359]},"52o":{"weight":0.0,"played":[1.0,0.0],"evs":[0.0,-5.42126]},"62o":{"weight":0.0,"played":[1.0,0.0],"evs":[0.0,-5.5979]},"72o":{"weight":0.0,"played":[1.0,0.0],"evs":[0.0,-6.22636]},"82o":{"weight":0.0,"played":[1.0,0.0],"evs":[0.0,-5.99185]},"92o":{"weight":0.0,"played":[1.0,0.0],"evs":[0.0,-5.79813]},"T2o":{"weight":0.0,"played":[1.0,0.0],"evs":[0.0,-5.50312]},"J2o":{"weight":0.0,"played":[1.0,0.0],"evs":[0.0,-5.43389]},"Q2o":{"weight":0.0,"played":[1.0,0.0],"evs":[0.0,-5.22643]},"K2o":{"weight":0.0,"played":[1.0,0.0],"evs":[0.0,-4.02639]},"A2o":{"weight":0.0,"played":[1.0,0.0],"evs":[0.0,-5.54262]},"32s":{"weight":0.0,"played":[1.0,0.0],"evs":[0.0,-4.25753]},"33":{"weight":0.0025,"played":[1.0,0.0],"evs":[0.0,-1.90665]},"43o":{"weight":0.0,"played":[1.0,0.0],"evs":[0.0,-5.12743]},"53o":{"weight":0.0,"played":[1.0,0.0],"evs":[0.0,-4.61326]},"63o":{"weight":0.0,"played":[1.0,0.0],"evs":[0.0,-4.91178]},"73o":{"weight":0.0,"played":[1.0,0.0],"evs":[0.0,-5.35865]},"83o":{"weight":0.0,"played":[1.0,0.0],"evs":[0.0,-5.80534]},"93o":{"weight":0.0,"played":[1.0,0.0],"evs":[0.0,-5.59012]},"T3o":{"weight":0.0,"played":[1.0,0.0],"evs":[0.0,-5.54205]},"J3o":{"weight":0.0,"played":[1.0,0.0],"evs":[0.0,-5.19731]},"Q3o":{"weight":0.0,"played":[1.0,0.0],"evs":[0.0,-5.00267]},"K3o":{"weight":0.0,"played":[1.0,0.0],"evs":[0.0,-3.84803]},"A3o":{"weight":0.0,"played":[1.0,0.0],"evs":[0.0,-5.50897]},"42s":{"weight":0.0,"played":[1.0,0.0],"evs":[0.0,-3.72775]},"43s":{"weight":0.0,"played":[1.0,0.0],"evs":[0.0,-3.00737]},"44":{"weight":0.8813,"played":[0.9995,5.0E-4],"evs":[0.0,-1.3788]},"54o":{"weight":0.0,"played":[1.0,0.0],"evs":[0.0,-3.8381]},"64o":{"weight":0.0,"played":[1.0,0.0],"evs":[0.0,-4.25274]},"74o":{"weight":0.0,"played":[1.0,0.0],"evs":[0.0,-4.67732]},"84o":{"weight":0.0,"played":[1.0,0.0],"evs":[0.0,-5.2082]},"94o":{"weight":0.0,"played":[1.0,0.0],"evs":[0.0,-5.81738]},"T4o":{"weight":0.0,"played":[1.0,0.0],"evs":[0.0,-5.15451]},"J4o":{"weight":0.0,"played":[1.0,0.0],"evs":[0.0,-5.00336]},"Q4o":{"weight":0.0,"played":[1.0,0.0],"evs":[0.0,-4.96299]},"K4o":{"weight":0.0,"played":[1.0,0.0],"evs":[0.0,-3.80495]},"A4o":{"weight":0.0,"played":[1.0,0.0],"evs":[0.0,-5.33509]},"52s":{"weight":0.0,"played":[1.0,0.0],"evs":[0.0,-3.61016]},"53s":{"weight":0.0,"played":[1.0,0.0],"evs":[0.0,-2.53824]},"54s":{"weight":0.9997,"played":[1.0,0.0],"evs":[0.0,-2.11519]},"55":{"weight":0.9656,"played":[0.5802,0.4198],"evs":[0.0,0.12752]},"65o":{"weight":0.0,"played":[1.0,0.0],"evs":[0.0,-3.2982]},"75o":{"weight":0.0,"played":[1.0,0.0],"evs":[0.0,-3.67488]},"85o":{"weight":0.0,"played":[1.0,0.0],"evs":[0.0,-4.18305]},"95o":{"weight":0.0,"played":[1.0,0.0],"evs":[0.0,-4.60793]},"T5o":{"weight":0.0,"played":[1.0,0.0],"evs":[0.0,-4.88548]},"J5o":{"weight":0.0,"played":[1.0,0.0],"evs":[0.0,-4.61804]},"Q5o":{"weight":0.0,"played":[1.0,0.0],"evs":[0.0,-4.21722]},"K5o":{"weight":0.0,"played":[1.0,0.0],"evs":[0.0,-3.34655]},"A5o":{"weight":0.001,"played":[1.0,0.0],"evs":[0.0,-4.69772]},"62s":{"weight":0.0,"played":[1.0,0.0],"evs":[0.0,-3.9098]},"63s":{"weight":0.0,"played":[1.0,0.0],"evs":[0.0,-3.32225]},"64s":{"weight":0.0,"played":[1.0,0.0],"evs":[0.0,-2.15061]},"65s":{"weight":1.0,"played":[1.0,0.0],"evs":[0.0,-1.73787]},"66":{"weight":6.0E-4,"played":[0.0,1.0],"evs":[0.0,0.83019]},"76o":{"weight":0.0,"played":[1.0,0.0],"evs":[0.0,-2.77397]},"86o":{"weight":0.0,"played":[1.0,0.0],"evs":[0.0,-3.38417]},"96o":{"weight":0.0,"played":[1.0,0.0],"evs":[0.0,-3.85697]},"T6o":{"weight":0.0,"played":[1.0,0.0],"evs":[0.0,-3.95425]},"J6o":{"weight":0.0,"played":[1.0,0.0],"evs":[0.0,-4.33219]},"Q6o":{"weight":0.0,"played":[1.0,0.0],"evs":[0.0,-3.99559]},"K6o":{"weight":0.0,"played":[1.0,0.0],"evs":[0.0,-2.92399]},"A6o":{"weight":0.0,"played":[1.0,0.0],"evs":[0.0,-4.96651]},"72s":{"weight":0.0,"played":[1.0,0.0],"evs":[0.0,-4.44698]},"73s":{"weight":0.0,"played":[1.0,0.0],"evs":[0.0,-3.80833]},"74s":{"weight":0.0,"played":[1.0,0.0],"evs":[0.0,-3.11022]},"75s":{"weight":0.0442,"played":[1.0,0.0],"evs":[0.0,-1.79596]},"76s":{"weight":1.0,"played":[0.9999,1.0E-4],"evs":[0.0,-1.28116]},"77":{"weight":0.0,"played":[0.0,1.0],"evs":[0.0,1.68081]},"87o":{"weight":0.0,"played":[1.0,0.0],"evs":[0.0,-2.81899]},"97o":{"weight":0.0,"played":[1.0,0.0],"evs":[0.0,-3.17336]},"T7o":{"weight":0.0,"played":[1.0,0.0],"evs":[0.0,-3.26937]},"J7o":{"weight":0.0,"played":[1.0,0.0],"evs":[0.0,-3.70082]},"Q7o":{"weight":0.0,"played":[1.0,0.0],"evs":[0.0,-3.99453]},"K7o":{"weight":0.0,"played":[1.0,0.0],"evs":[0.0,-2.98953]},"A7o":{"weight":0.0012,"played":[1.0,0.0],"evs":[0.0,-4.5329]},"82s":{"weight":0.0,"played":[1.0,0.0],"evs":[0.0,-3.974]},"83s":{"weight":0.0,"played":[1.0,0.0],"evs":[0.0,-4.06489]},"84s":{"weight":0.0,"played":[1.0,0.0],"evs":[0.0,-3.48061]},"85s":{"weight":3.0E-4,"played":[0.9998,2.0E-4],"evs":[0.0,-2.49055]},"86s":{"weight":0.9974,"played":[1.0,0.0],"evs":[0.0,-1.53683]},"87s":{"weight":1.0,"played":[1.0,0.0],"evs":[0.0,-1.04643]},"88":{"weight":0.0,"played":[0.0,1.0],"evs":[0.0,2.85838]},"98o":{"weight":0.0,"played":[1.0,0.0],"evs":[0.0,-2.57703]},"T8o":{"weight":0.0,"played":[1.0,0.0],"evs":[0.0,-2.61725]},"J8o":{"weight":0.0,"played":[1.0,0.0],"evs":[0.0,-3.13532]},"Q8o":{"weight":0.0,"played":[1.0,0.0],"evs":[0.0,-3.38971]},"K8o":{"weight":0.0,"played":[1.0,0.0],"evs":[0.0,-2.90789]},"A8o":{"weight":1.0,"played":[1.0,0.0],"evs":[0.0,-4.14606]},"92s":{"weight":0.0,"played":[1.0,0.0],"evs":[0.0,-3.76619]},"93s":{"weight":0.0,"played":[1.0,0.0],"evs":[0.0,-3.72051]},"94s":{"weight":0.0,"played":[1.0,0.0],"evs":[0.0,-3.94956]},"95s":{"weight":0.0,"played":[1.0,0.0],"evs":[0.0,-2.89045]},"96s":{"weight":6.0E-4,"played":[1.0,0.0],"evs":[0.0,-2.13889]},"97s":{"weight":0.999,"played":[0.9997,3.0E-4],"evs":[0.0,-1.47044]},"98s":{"weight":0.0439,"played":[0.9925,0.0075],"evs":[0.0,-1.08329]},"99":{"weight":0.0,"played":[0.0,1.0],"evs":[0.0,4.06735]},"T9o":{"weight":0.0,"played":[1.0,0.0],"evs":[0.0,-2.22345]},"J9o":{"weight":0.0,"played":[1.0,0.0],"evs":[0.0,-2.41335]},"Q9o":{"weight":0.0,"played":[1.0,0.0],"evs":[0.0,-2.80734]},"K9o":{"weight":0.0,"played":[1.0,0.0],"evs":[0.0,-2.37603]},"A9o":{"weight":1.0,"played":[1.0,0.0],"evs":[0.0,-3.77195]},"T2s":{"weight":0.0,"played":[1.0,0.0],"evs":[0.0,-3.60209]},"T3s":{"weight":0.0,"played":[1.0,0.0],"evs":[0.0,-3.20591]},"T4s":{"weight":0.0,"played":[1.0,0.0],"evs":[0.0,-3.29641]},"T5s":{"weight":0.0,"played":[1.0,0.0],"evs":[0.0,-3.15349]},"T6s":{"weight":0.0,"played":[0.9999,1.0E-4],"evs":[0.0,-2.28418]},"T7s":{"weight":0.8212,"played":[1.0,0.0],"evs":[0.0,-1.69044]},"T8s":{"weight":0.9986,"played":[0.9987,0.0013],"evs":[0.0,-0.94273]},"T9s":{"weight":3.0E-4,"played":[0.9886,0.0114],"evs":[0.0,-0.44205]},"TT":{"weight":0.0,"played":[0.0,1.0],"evs":[0.0,5.98412]},"JTo":{"weight":0.9607,"played":[0.9999,1.0E-4],"evs":[0.0,-1.55548]},"QTo":{"weight":1.0,"played":[1.0,0.0],"evs":[0.0,-1.66297]},"KTo":{"weight":1.0,"played":[1.0,0.0],"evs":[0.0,-1.22246]},"ATo":{"weight":0.7229,"played":[1.0,0.0],"evs":[0.0,-2.31033]},"J2s":{"weight":0.0,"played":[1.0,0.0],"evs":[0.0,-3.43909]},"J3s":{"weight":0.0,"played":[1.0,0.0],"evs":[0.0,-3.29033]},"J4s":{"weight":0.0,"played":[0.9998,2.0E-4],"evs":[0.0,-3.14069]},"J5s":{"weight":0.0,"played":[1.0,0.0],"evs":[0.0,-2.54721]},"J6s":{"weight":0.0,"played":[1.0,0.0],"evs":[0.0,-2.67842]},"J7s":{"weight":6.0E-4,"played":[0.9999,1.0E-4],"evs":[0.0,-1.72133]},"J8s":{"weight":0.7676,"played":[0.999,0.001],"evs":[0.0,-1.2824]},"J9s":{"weight":0.0011,"played":[0.9638,0.0362],"evs":[0.0,-0.7263]},"JTs":{"weight":0.0013,"played":[0.3264,0.6736],"evs":[0.0,-0.14111]},"JJ":{"weight":0.0,"played":[0.0,1.0],"evs":[0.0,8.02133]},"QJo":{"weight":1.0,"played":[0.9951,0.0049],"evs":[0.0,-1.49851]},"KJo":{"weight":0.7808,"played":[0.9955,0.0045],"evs":[0.0,-0.61891]},"AJo":{"weight":1.0E-4,"played":[0.7543,0.2457],"evs":[0.0,-0.7878]},"Q2s":{"weight":0.0,"played":[1.0,0.0],"evs":[0.0,-2.98703]},"Q3s":{"weight":0.0,"played":[1.0,0.0],"evs":[0.0,-3.0101]},"Q4s":{"weight":0.0,"played":[0.9998,2.0E-4],"evs":[0.0,-2.71929]},"Q5s":{"weight":0.0,"played":[1.0,0.0],"evs":[0.0,-2.17636]},"Q6s":{"weight":3.0E-4,"played":[0.9997,3.0E-4],"evs":[0.0,-2.17515]},"Q7s":{"weight":0.0,"played":[0.9995,5.0E-4],"evs":[0.0,-2.16508]},"Q8s":{"weight":0.882,"played":[1.0,0.0],"evs":[0.0,-1.54101]},"Q9s":{"weight":0.1085,"played":[0.9843,0.0157],"evs":[0.0,-1.15443]},"QTs":{"weight":0.4136,"played":[0.0657,0.9343],"evs":[0.0,0.1132]},"QJs":{"weight":0.9992,"played":[0.0032,0.9968],"evs":[0.0,0.3158]},"QQ":{"weight":0.0207,"played":[0.0,1.0],"evs":[0.0,11.45581]},"KQo":{"weight":7.0E-4,"played":[0.5711,0.4289],"evs":[0.0,-0.536]},"AQo":{"weight":0.0,"played":[1.0E-4,0.9999],"evs":[0.0,0.94614]},"K2s":{"weight":0.0,"played":[0.9998,2.0E-4],"evs":[0.0,-2.35257]},"K3s":{"weight":5.0E-4,"played":[1.0,0.0],"evs":[0.0,-2.0805]},"K4s":{"weight":0.0221,"played":[1.0,0.0],"evs":[0.0,-1.78002]},"K5s":{"weight":0.9972,"played":[0.9999,1.0E-4],"evs":[0.0,-1.66995]},"K6s":{"weight":0.9968,"played":[1.0,0.0],"evs":[0.0,-1.33577]},"K7s":{"weight":0.9441,"played":[0.9999,1.0E-4],"evs":[0.0,-1.09748]},"K8s":{"weight":0.6865,"played":[0.9978,0.0022],"evs":[0.0,-1.29744]},"K9s":{"weight":0.0104,"played":[0.8398,0.1602],"evs":[0.0,-0.88382]},"KTs":{"weight":0.9928,"played":[0.0567,0.9433],"evs":[0.0,0.40064]},"KJs":{"weight":0.9992,"played":[1.0E-4,0.9999],"evs":[0.0,0.80423]},"KQs":{"weight":1.0,"played":[2.0E-4,0.9998],"evs":[0.0,1.08066]},"KK":{"weight":1.0,"played":[0.0,1.0],"evs":[0.0,15.54246]},"AKo":{"weight":0.0,"played":[0.0,1.0],"evs":[0.0,4.16231]},"A2s":{"weight":0.4765,"played":[1.0,0.0],"evs":[0.0,-3.73193]},"A3s":{"weight":0.6084,"played":[1.0,0.0],"evs":[0.0,-3.47612]},"A4s":{"weight":0.2969,"played":[1.0,0.0],"evs":[0.0,-3.21758]},"A5s":{"weight":0.0019,"played":[1.0,0.0],"evs":[0.0,-2.27963]},"A6s":{"weight":0.8301,"played":[1.0,0.0],"evs":[0.0,-2.84573]},"A7s":{"weight":0.465,"played":[1.0,0.0],"evs":[0.0,-2.45501]},"A8s":{"weight":0.8685,"played":[1.0,0.0],"evs":[0.0,-2.17541]},"A9s":{"weight":1.0,"played":[1.0,0.0],"evs":[0.0,-1.53276]},"ATs":{"weight":1.0,"played":[0.5609,0.4391],"evs":[0.0,-0.11711]},"AJs":{"weight":0.8914,"played":[0.0,1.0],"evs":[0.0,0.85085]},"AQs":{"weight":0.0,"played":[0.0,1.0],"evs":[0.0,2.35818]},"AKs":{"weight":0.0,"played":[0.0,1.0],"evs":[0.0,5.66891]},"AA":{"weight":1.0,"played":[0.0,1.0],"evs":[0.0,21.45753]}}}