{"player":3,"street":0,"children":2,"sequence":[{"player":0,"type":"F","amount":0,"street":0},{"player":1,"type":"F","amount":0,"street":0},{"player":2,"type":"R","amount":200000,"street":0},{"player":3,"type":"C","amount":200000,"street":0},{"player":4,"type":"R","amount":1985000,"street":0},{"player":5,"type":"C","amount":1285000,"street":0},{"player":2,"type":"R","amount":2385000,"street":0}],"actions":[{"type":"F","amount":0},{"type":"C","amount":2185000}],"hands":{"22":{"weight":4.0E-4,"played":[0.9992,8.0E-4],"evs":[0.0,-1.60218]},"32o":{"weight":0.0,"played":[1.0,0.0],"evs":[0.0,-5.63222]},"42o":{"weight":0.0,"played":[1.0,0.0],"evs":[0.0,-4.83717]},"52o":{"weight":0.0,"played":[0.9999,1.0E-4],"evs":[0.0,-4.98971]},"62o":{"weight":0.0,"played":[1.0,0.0],"evs":[0.0,-5.43291]},"72o":{"weight":0.0,"played":[1.0,0.0],"evs":[0.0,-5.91499]},"82o":{"weight":0.0,"played":[0.9999,1.0E-4],"evs":[0.0,-5.52928]},"92o":{"weight":0.0,"played":[1.0,0.0],"evs":[0.0,-5.29215]},"T2o":{"weight":0.0,"played":[1.0,0.0],"evs":[0.0,-5.76338]},"J2o":{"weight":0.0,"played":[1.0,0.0],"evs":[0.0,-5.26383]},"Q2o":{"weight":0.0,"played":[1.0,0.0],"evs":[0.0,-5.02529]},"K2o":{"weight":0.0,"played":[1.0,0.0],"evs":[0.0,-4.52699]},"A2o":{"weight":0.0,"played":[1.0,0.0],"evs":[0.0,-5.08313]},"32s":{"weight":0.0,"played":[1.0,0.0],"evs":[0.0,-3.37269]},"33":{"weight":0.0025,"played":[0.9981,0.0019],"evs":[0.0,-2.0449]},"43o":{"weight":0.0,"played":[1.0,0.0],"evs":[0.0,-4.76314]},"53o":{"weight":0.0,"played":[1.0,0.0],"evs":[0.0,-3.88713]},"63o":{"weight":0.0,"played":[1.0,0.0],"evs":[0.0,-4.17254]},"73o":{"weight":0.0,"played":[1.0,0.0],"evs":[0.0,-5.2619]},"83o":{"weight":0.0,"played":[1.0,0.0],"evs":[0.0,-6.05736]},"93o":{"weight":0.0,"played":[1.0,0.0],"evs":[0.0,-5.36328]},"T3o":{"weight":0.0,"played":[1.0,0.0],"evs":[0.0,-5.34157]},"J3o":{"weight":0.0,"played":[1.0,0.0],"evs":[0.0,-5.29496]},"Q3o":{"weight":0.0,"played":[1.0,0.0],"evs":[0.0,-5.0752]},"K3o":{"weight":0.0,"played":[0.9999,1.0E-4],"evs":[0.0,-4.23421]},"A3o":{"weight":0.0,"played":[1.0,0.0],"evs":[0.0,-4.83834]},"42s":{"weight":0.0,"played":[1.0,0.0],"evs":[0.0,-3.51415]},"43s":{"weight":0.0,"played":[0.9998,2.0E-4],"evs":[0.0,-2.12717]},"44":{"weight":0.8813,"played":[0.9826,0.0174],"evs":[0.0,-1.08069]},"54o":{"weight":0.0,"played":[1.0,0.0],"evs":[0.0,-3.01875]},"64o":{"weight":0.0,"played":[0.9993,7.0E-4],"evs":[0.0,-3.89704]},"74o":{"weight":0.0,"played":[1.0,0.0],"evs":[0.0,-4.44308]},"84o":{"weight":0.0,"played":[1.0,0.0],"evs":[0.0,-4.7871]},"94o":{"weight":0.0,"played":[1.0,0.0],"evs":[0.0,-5.23109]},"T4o":{"weight":0.0,"played":[1.0,0.0],"evs":[0.0,-5.11312]},"J4o":{"weight":0.0,"played":[1.0,0.0],"evs":[0.0,-4.73208]},"Q4o":{"weight":0.0,"played":[0.9999,1.0E-4],"evs":[0.0,-4.85814]},"K4o":{"weight":0.0,"played":[1.0,0.0],"evs":[0.0,-3.9428]},"A4o":{"weight":0.0,"played":[1.0,0.0],"evs":[0.0,-4.34627]},"52s":{"weight":0.0,"played":[1.0,0.0],"evs":[0.0,-3.07345]},"53s":{"weight":0.0,"played":[0.9995,5.0E-4],"evs":[0.0,-3.07644]},"54s":{"weight":0.9997,"played":[0.9993,7.0E-4],"evs":[0.0,-0.45951]},"55":{"weight":0.9656,"played":[0.9603,0.0397],"evs":[0.0,-0.36765]},"65o":{"weight":0.0,"played":[1.0,0.0],"evs":[0.0,-3.03726]},"75o":{"weight":0.0,"played":[1.0,0.0],"evs":[0.0,-3.30975]},"85o":{"weight":0.0,"played":[0.9999,1.0E-4],"evs":[0.0,-4.4446]},"95o":{"weight":0.0,"played":[1.0,0.0],"evs":[0.0,-4.55069]},"T5o":{"weight":0.0,"played":[1.0,0.0],"evs":[0.0,-4.98142]},"J5o":{"weight":0.0,"played":[1.0,0.0],"evs":[0.0,-4.7582]},"Q5o":{"weight":0.0,"played":[1.0,0.0],"evs":[0.0,-5.02632]},"K5o":{"weight":0.0,"played":[0.9998,2.0E-4],"evs":[0.0,-3.62755]},"A5o":{"weight":0.001,"played":[1.0,0.0],"evs":[0.0,-4.45513]},"62s":{"weight":0.0,"played":[0.9999,1.0E-4],"evs":[0.0,-2.81122]},"63s":{"weight":0.0,"played":[0.9999,1.0E-4],"evs":[0.0,-2.61159]},"64s":{"weight":0.0,"played":[0.9852,0.0148],"evs":[0.0,-1.89141]},"65s":{"weight":1.0,"played":[0.9317,0.0683],"evs":[0.0,-0.37527]},"66":{"weight":6.0E-4,"played":[0.0,1.0],"evs":[0.0,1.21107]},"76o":{"weight":0.0,"played":[1.0,0.0],"evs":[0.0,-2.40137]},"86o":{"weight":0.0,"played":[1.0,0.0],"evs":[0.0,-3.15583]},"96o":{"weight":0.0,"played":[1.0,0.0],"evs":[0.0,-3.63634]},"T6o":{"weight":0.0,"played":[1.0,0.0],"evs":[0.0,-4.41542]},"J6o":{"weight":0.0,"played":[0.9999,1.0E-4],"evs":[0.0,-4.72167]},"Q6o":{"weight":0.0,"played":[0.9996,4.0E-4],"evs":[0.0,-4.26472]},"K6o":{"weight":0.0,"played":[1.0,0.0],"evs":[0.0,-3.24738]},"A6o":{"weight":0.0,"played":[1.0,0.0],"evs":[0.0,-5.04932]},"72s":{"weight":0.0,"played":[1.0,0.0],"evs":[0.0,-3.93692]},"73s":{"weight":0.0,"played":[0.9999,1.0E-4],"evs":[0.0,-2.89375]},"74s":{"weight":0.0,"played":[0.9999,1.0E-4],"evs":[0.0,-1.73086]},"75s":{"weight":0.0442,"played":[0.9993,7.0E-4],"evs":[0.0,-1.19573]},"76s":{"weight":1.0,"played":[0.982,0.018],"evs":[0.0,-1.35956]},"77":{"weight":0.0,"played":[0.0017,0.9983],"evs":[0.0,0.70977]},"87o":{"weight":0.0,"played":[1.0,0.0],"evs":[0.0,-2.65527]},"97o":{"weight":0.0,"played":[1.0,0.0],"evs":[0.0,-3.06114]},"T7o":{"weight":0.0,"played":[1.0,0.0],"evs":[0.0,-3.67579]},"J7o":{"weight":0.0,"played":[0.9995,5.0E-4],"evs":[0.0,-3.83781]},"Q7o":{"weight":0.0,"played":[1.0,0.0],"evs":[0.0,-4.06504]},"K7o":{"weight":0.0,"played":[1.0,0.0],"evs":[0.0,-3.26638]},"A7o":{"weight":0.0012,"played":[0.9999,1.0E-4],"evs":[0.0,-4.36524]},"82s":{"weight":0.0,"played":[0.9998,2.0E-4],"evs":[0.0,-3.45643]},"83s":{"weight":0.0,"played":[0.9995,5.0E-4],"evs":[0.0,-3.4684]},"84s":{"weight":0.0,"played":[0.9957,0.0043],"evs":[0.0,-2.77298]},"85s":{"weight":3.0E-4,"played":[0.999,0.001],"evs":[0.0,-2.53502]},"86s":{"weight":0.9974,"played":[0.9899,0.0101],"evs":[0.0,-0.94711]},"87s":{"weight":1.0,"played":[0.9648,0.0352],"evs":[0.0,-0.50435]},"88":{"weight":0.0,"played":[0.0025,0.9975],"evs":[0.0,2.73843]},"98o":{"weight":0.0,"played":[0.9987,0.0013],"evs":[0.0,-2.39011]},"T8o":{"weight":0.0,"played":[0.9995,5.0E-4],"evs":[0.0,-2.43951]},"J8o":{"weight":0.0,"played":[1.0,0.0],"evs":[0.0,-2.85471]},"Q8o":{"weight":0.0,"played":[1.0,0.0],"evs":[0.0,-3.48943]},"K8o":{"weight":0.0,"played":[0.9999,1.0E-4],"evs":[0.0,-3.16366]},"A8o":{"weight":1.0,"played":[0.9993,7.0E-4],"evs":[0.0,-4.27391]},"92s":{"weight":0.0,"played":[0.9999,1.0E-4],"evs":[0.0,-3.05007]},"93s":{"weight":0.0,"played":[0.9972,0.0028],"evs":[0.0,-3.37055]},"94s":{"weight":0.0,"played":[0.998,0.002],"evs":[0.0,-3.66916]},"95s":{"weight":0.0,"played":[0.9961,0.0039],"evs":[0.0,-2.34516]},"96s":{"weight":6.0E-4,"played":[0.9977,0.0023],"evs":[0.0,-1.60191]},"97s":{"weight":0.999,"played":[0.803,0.197],"evs":[0.0,-0.3522]},"98s":{"weight":0.0439,"played":[0.4001,0.5999],"evs":[0.0,-0.11066]},"99":{"weight":0.0,"played":[0.0,1.0],"evs":[0.0,4.54462]},"T9o":{"weight":0.0,"played":[0.9998,2.0E-4],"evs":[0.0,-2.2331]},"J9o":{"weight":0.0,"played":[0.9963,0.0037],"evs":[0.0,-1.89473]},"Q9o":{"weight":0.0,"played":[0.9997,3.0E-4],"evs":[0.0,-2.91258]},"K9o":{"weight":0.0,"played":[0.9996,4.0E-4],"evs":[0.0,-2.10779]},"A9o":{"weight":1.0,"played":[0.9999,1.0E-4],"evs":[0.0,-3.43228]},"T2s":{"weight":0.0,"played":[0.9998,2.0E-4],"evs":[0.0,-3.3068]},"T3s":{"weight":0.0,"played":[1.0,0.0],"evs":[0.0,-3.02372]},"T4s":{"weight":0.0,"played":[0.9981,0.0019],"evs":[0.0,-3.63127]},"T5s":{"weight":0.0,"played":[0.9997,3.0E-4],"evs":[0.0,-3.89685]},"T6s":{"weight":0.0,"played":[0.9814,0.0186],"evs":[0.0,-3.05547]},"T7s":{"weight":0.8212,"played":[0.9763,0.0237],"evs":[0.0,-1.27621]},"T8s":{"weight":0.9986,"played":[0.9008,0.0992],"evs":[0.0,-0.49592]},"T9s":{"weight":3.0E-4,"played":[0.6925,0.3075],"evs":[0.0,-0.43882]},"TT":{"weight":0.0,"played":[0.0,1.0],"evs":[0.0,7.9436]},"JTo":{"weight":0.9607,"played":[0.9998,2.0E-4],"evs":[0.0,-1.26918]},"QTo":{"weight":1.0,"played":[0.9999,1.0E-4],"evs":[0.0,-1.39942]},"KTo":{"weight":1.0,"played":[0.9956,0.0044],"evs":[0.0,-0.71976]},"ATo":{"weight":0.7229,"played":[1.0,0.0],"evs":[0.0,-2.04071]},"J2s":{"weight":0.0,"played":[0.9909,0.0091],"evs":[0.0,-3.50547]},"J3s":{"weight":0.0,"played":[1.0,0.0],"evs":[0.0,-2.87304]},"J4s":{"weight":0.0,"played":[0.9983,0.0017],"evs":[0.0,-2.63495]},"J5s":{"weight":0.0,"played":[0.9996,4.0E-4],"evs":[0.0,-2.85776]},"J6s":{"weight":0.0,"played":[0.9998,2.0E-4],"evs":[0.0,-1.80699]},"J7s":{"weight":6.0E-4,"played":[0.999,0.001],"evs":[0.0,-1.18587]},"J8s":{"weight":0.7676,"played":[0.9968,0.0032],"evs":[0.0,-0.88968]},"J9s":{"weight":0.0011,"played":[0.4913,0.5087],"evs":[0.0,-0.16985]},"JTs":{"weight":0.0013,"played":[0.5988,0.4012],"evs":[0.0,0.03326]},"JJ":{"weight":0.0,"played":[0.0,1.0],"evs":[0.0,9.72087]},"QJo":{"weight":1.0,"played":[0.9985,0.0015],"evs":[0.0,-1.66449]},"KJo":{"weight":0.7808,"played":[0.9989,0.0011],"evs":[0.0,-0.72648]},"AJo":{"weight":1.0E-4,"played":[0.9219,0.0781],"evs":[0.0,-1.23851]},"Q2s":{"weight":0.0,"played":[1.0,0.0],"evs":[0.0,-2.302]},"Q3s":{"weight":0.0,"played":[0.9999,1.0E-4],"evs":[0.0,-2.30663]},"Q4s":{"weight":0.0,"played":[0.9984,0.0016],"evs":[0.0,-2.10706]},"Q5s":{"weight":0.0,"played":[0.9979,0.0021],"evs":[0.0,-3.31281]},"Q6s":{"weight":3.0E-4,"played":[0.9959,0.0041],"evs":[0.0,-1.19525]},"Q7s":{"weight":0.0,"played":[0.9957,0.0043],"evs":[0.0,-1.91132]},"Q8s":{"weight":0.882,"played":[0.9959,0.0041],"evs":[0.0,-0.98018]},"Q9s":{"weight":0.1085,"played":[0.8694,0.1306],"evs":[0.0,-1.09049]},"QTs":{"weight":0.4136,"played":[0.5672,0.4328],"evs":[0.0,0.23277]},"QJs":{"weight":0.9992,"played":[0.0097,0.9903],"evs":[0.0,1.12272]},"QQ":{"weight":0.0207,"played":[0.0,1.0],"evs":[0.0,13.34353]},"KQo":{"weight":7.0E-4,"played":[0.7982,0.2018],"evs":[0.0,-0.35525]},"AQo":{"weight":0.0,"played":[0.0061,0.9939],"evs":[0.0,0.43673]},"K2s":{"weight":0.0,"played":[0.9921,0.0079],"evs":[0.0,-1.93177]},"K3s":{"weight":5.0E-4,"played":[0.9284,0.0716],"evs":[0.0,-0.67289]},"K4s":{"weight":0.0221,"played":[0.9995,5.0E-4],"evs":[0.0,-2.29168]},"K5s":{"weight":0.9972,"played":[0.9994,6.0E-4],"evs":[0.0,-0.8307]},"K6s":{"weight":0.9968,"played":[0.9325,0.0675],"evs":[0.0,-0.94538]},"K7s":{"weight":0.9441,"played":[0.9971,0.0029],"evs":[0.0,-1.49022]},"K8s":{"weight":0.6865,"played":[0.9121,0.0879],"evs":[0.0,-0.73339]},"K9s":{"weight":0.0104,"played":[0.0653,0.9347],"evs":[0.0,0.24075]},"KTs":{"weight":0.9928,"played":[0.0,1.0],"evs":[0.0,1.25193]},"KJs":{"weight":0.9992,"played":[0.0031,0.9969],"evs":[0.0,1.4419]},"KQs":{"weight":1.0,"played":[0.001,0.999],"evs":[0.0,1.70886]},"KK":{"weight":1.0,"played":[0.0,1.0],"evs":[0.0,18.09381]},"AKo":{"weight":0.0,"played":[1.0E-4,0.9999],"evs":[0.0,3.92882]},"A2s":{"weight":0.4765,"played":[0.998,0.002],"evs":[0.0,-2.31566]},"A3s":{"weight":0.6084,"played":[0.998,0.002],"evs":[0.0,-2.6274]},"A4s":{"weight":0.2969,"played":[0.994,0.006],"evs":[0.0,-1.84986]},"A5s":{"weight":0.0019,"played":[0.9931,0.0069],"evs":[0.0,-2.13312]},"A6s":{"weight":0.8301,"played":[1.0,0.0],"evs":[0.0,-2.28486]},"A7s":{"weight":0.465,"played":[0.9993,7.0E-4],"evs":[0.0,-2.66944]},"A8s":{"weight":0.8685,"played":[0.9954,0.0046],"evs":[0.0,-1.68687]},"A9s":{"weight":1.0,"played":[0.9899,0.0101],"evs":[0.0,-1.22154]},"ATs":{"weight":1.0,"played":[0.1037,0.8963],"evs":[0.0,0.46247]},"AJs":{"weight":0.8914,"played":[0.0088,0.9912],"evs":[0.0,1.08491]},"AQs":{"weight":0.0,"played":[0.0,1.0],"evs":[0.0,2.58442]},"AKs":{"weight":0.0,"played":[0.0,1.0],"evs":[0.0,5.10737]},"AA":{"weight":1.0,"played":[0.0,1.0],"evs":[0.0,24.37344]}}}