{"player":5,"street":0,"children":2,"sequence":[{"player":0,"type":"F","amount":0,"street":0},{"player":1,"type":"F","amount":0,"street":0},{"player":2,"type":"R","amount":200000,"street":0},{"player":3,"type":"R","amount":2385000,"street":0},{"player":4,"type":"F","amount":0,"street":0}],"actions":[{"type":"F","amount":0,"node":70},{"type":"C","amount":1285000,"node":71}],"hands":{"22":{"weight":1.0,"played":[1.0,0.0],"evs":[0.0,-0.86038]},"32o":{"weight":1.0,"played":[1.0,0.0],"evs":[0.0,-3.41903]},"42o":{"weight":1.0,"played":[1.0,0.0],"evs":[0.0,-3.29285]},"52o":{"weight":1.0,"played":[1.0,0.0],"evs":[0.0,-3.21792]},"62o":{"weight":1.0,"played":[1.0,0.0],"evs":[0.0,-3.46565]},"72o":{"weight":1.0,"played":[1.0,0.0],"evs":[0.0,-3.65731]},"82o":{"weight":1.0,"played":[1.0,0.0],"evs":[0.0,-3.45559]},"92o":{"weight":1.0,"played":[1.0,0.0],"evs":[0.0,-3.43196]},"T2o":{"weight":1.0,"played":[1.0,0.0],"evs":[0.0,-3.15136]},"J2o":{"weight":1.0,"played":[1.0,0.0],"evs":[0.0,-3.06514]},"Q2o":{"weight":1.0,"played":[1.0,0.0],"evs":[0.0,-2.6922]},"K2o":{"weight":1.0,"played":[1.0,0.0],"evs":[0.0,-2.3611]},"A2o":{"weight":1.0,"played":[1.0,0.0],"evs":[0.0,-1.61931]},"32s":{"weight":1.0,"played":[1.0,0.0],"evs":[0.0,-2.5713]},"33":{"weight":1.0,"played":[1.0,0.0],"evs":[0.0,-0.26653]},"43o":{"weight":1.0,"played":[1.0,0.0],"evs":[0.0,-2.86282]},"53o":{"weight":1.0,"played":[1.0,0.0],"evs":[0.0,-2.75373]},"63o":{"weight":1.0,"played":[1.0,0.0],"evs":[0.0,-2.96629]},"73o":{"weight":1.0,"played":[1.0,0.0],"evs":[0.0,-3.19956]},"83o":{"weight":1.0,"played":[1.0,0.0],"evs":[0.0,-3.29927]},"93o":{"weight":1.0,"played":[1.0,0.0],"evs":[0.0,-3.21625]},"T3o":{"weight":1.0,"played":[1.0,0.0],"evs":[0.0,-2.94233]},"J3o":{"weight":1.0,"played":[1.0,0.0],"evs":[0.0,-2.82476]},"Q3o":{"weight":1.0,"played":[1.0,0.0],"evs":[0.0,-2.4927]},"K3o":{"weight":1.0,"played":[1.0,0.0],"evs":[0.0,-2.15678]},"A3o":{"weight":1.0,"played":[1.0,0.0],"evs":[0.0,-1.40593]},"42s":{"weight":1.0,"played":[1.0,0.0],"evs":[0.0,-2.42316]},"43s":{"weight":1.0,"played":[1.0,0.0],"evs":[0.0,-2.0343]},"44":{"weight":1.0,"played":[0.0066,0.9934],"evs":[0.0,0.10528]},"54o":{"weight":1.0,"played":[1.0,0.0],"evs":[0.0,-2.35401]},"64o":{"weight":1.0,"played":[1.0,0.0],"evs":[0.0,-2.57671]},"74o":{"weight":1.0,"played":[1.0,0.0],"evs":[0.0,-2.76489]},"84o":{"weight":1.0,"played":[1.0,0.0],"evs":[0.0,-2.88349]},"94o":{"weight":1.0,"played":[1.0,0.0],"evs":[0.0,-3.14979]},"T4o":{"weight":1.0,"played":[1.0,0.0],"evs":[0.0,-2.78304]},"J4o":{"weight":1.0,"played":[1.0,0.0],"evs":[0.0,-2.70818]},"Q4o":{"weight":1.0,"played":[1.0,0.0],"evs":[0.0,-2.34453]},"K4o":{"weight":1.0,"played":[1.0,0.0],"evs":[0.0,-2.0111]},"A4o":{"weight":1.0,"played":[1.0,0.0],"evs":[0.0,-1.25469]},"52s":{"weight":1.0,"played":[1.0,0.0],"evs":[0.0,-2.36053]},"53s":{"weight":1.0,"played":[1.0,0.0],"evs":[0.0,-1.91157]},"54s":{"weight":1.0,"played":[1.0,0.0],"evs":[0.0,-1.589]},"55":{"weight":1.0,"played":[0.0,1.0],"evs":[0.0,0.34254]},"65o":{"weight":1.0,"played":[1.0,0.0],"evs":[0.0,-2.27885]},"75o":{"weight":1.0,"played":[1.0,0.0],"evs":[0.0,-2.4233]},"85o":{"weight":1.0,"played":[1.0,0.0],"evs":[0.0,-2.56074]},"95o":{"weight":1.0,"played":[1.0,0.0],"evs":[0.0,-2.7973]},"T5o":{"weight":1.0,"played":[1.0,0.0],"evs":[0.0,-2.77508]},"J5o":{"weight":1.0,"played":[1.0,0.0],"evs":[0.0,-2.59451]},"Q5o":{"weight":1.0,"played":[1.0,0.0],"evs":[0.0,-2.26759]},"K5o":{"weight":1.0,"played":[1.0,0.0],"evs":[0.0,-1.8963]},"A5o":{"weight":1.0,"played":[1.0,0.0],"evs":[0.0,-1.12335]},"62s":{"weight":1.0,"played":[1.0,0.0],"evs":[0.0,-2.5588]},"63s":{"weight":1.0,"played":[1.0,0.0],"evs":[0.0,-2.09912]},"64s":{"weight":1.0,"played":[1.0,0.0],"evs":[0.0,-1.72531]},"65s":{"weight":1.0,"played":[1.0,0.0],"evs":[0.0,-1.44506]},"66":{"weight":1.0,"played":[0.0,1.0],"evs":[0.0,0.71051]},"76o":{"weight":1.0,"played":[1.0,0.0],"evs":[0.0,-2.09255]},"86o":{"weight":1.0,"played":[1.0,0.0],"evs":[0.0,-2.21047]},"96o":{"weight":1.0,"played":[1.0,0.0],"evs":[0.0,-2.43143]},"T6o":{"weight":1.0,"played":[1.0,0.0],"evs":[0.0,-2.42168]},"J6o":{"weight":1.0,"played":[1.0,0.0],"evs":[0.0,-2.55961]},"Q6o":{"weight":1.0,"played":[1.0,0.0],"evs":[0.0,-2.14102]},"K6o":{"weight":1.0,"played":[1.0,0.0],"evs":[0.0,-1.7809]},"A6o":{"weight":1.0,"played":[1.0,0.0],"evs":[0.0,-1.29696]},"72s":{"weight":1.0,"played":[1.0,0.0],"evs":[0.0,-2.72758]},"73s":{"weight":1.0,"played":[1.0,0.0],"evs":[0.0,-2.35486]},"74s":{"weight":1.0,"played":[1.0,0.0],"evs":[0.0,-1.9567]},"75s":{"weight":1.0,"played":[1.0,0.0],"evs":[0.0,-1.5701]},"76s":{"weight":1.0,"played":[1.0,0.0],"evs":[0.0,-1.27778]},"77":{"weight":1.0,"played":[0.0,1.0],"evs":[0.0,1.27772]},"87o":{"weight":1.0,"played":[1.0,0.0],"evs":[0.0,-1.96905]},"97o":{"weight":1.0,"played":[1.0,0.0],"evs":[0.0,-2.15597]},"T7o":{"weight":1.0,"played":[1.0,0.0],"evs":[0.0,-2.10397]},"J7o":{"weight":1.0,"played":[1.0,0.0],"evs":[0.0,-2.23113]},"Q7o":{"weight":1.0,"played":[1.0,0.0],"evs":[0.0,-2.08355]},"K7o":{"weight":1.0,"played":[1.0,0.0],"evs":[0.0,-1.7039]},"A7o":{"weight":1.0,"played":[1.0,0.0],"evs":[0.0,-1.05771]},"82s":{"weight":1.0,"played":[1.0,0.0],"evs":[0.0,-2.55856]},"83s":{"weight":1.0,"played":[1.0,0.0],"evs":[0.0,-2.40815]},"84s":{"weight":1.0,"played":[1.0,0.0],"evs":[0.0,-2.08898]},"85s":{"weight":1.0,"played":[1.0,0.0],"evs":[0.0,-1.73703]},"86s":{"weight":1.0,"played":[1.0,0.0],"evs":[0.0,-1.39307]},"87s":{"weight":1.0,"played":[1.0,0.0],"evs":[0.0,-1.10286]},"88":{"weight":1.0,"played":[0.0,1.0],"evs":[0.0,1.99559]},"98o":{"weight":1.0,"played":[1.0,0.0],"evs":[0.0,-1.78219]},"T8o":{"weight":1.0,"played":[1.0,0.0],"evs":[0.0,-1.69026]},"J8o":{"weight":1.0,"played":[1.0,0.0],"evs":[0.0,-1.78753]},"Q8o":{"weight":1.0,"played":[1.0,0.0],"evs":[0.0,-1.66883]},"K8o":{"weight":1.0,"played":[1.0,0.0],"evs":[0.0,-1.50534]},"A8o":{"weight":1.0,"played":[1.0,0.0],"evs":[0.0,-0.78577]},"92s":{"weight":1.0,"played":[1.0,0.0],"evs":[0.0,-2.54038]},"93s":{"weight":1.0,"played":[1.0,0.0],"evs":[0.0,-2.32851]},"94s":{"weight":1.0,"played":[1.0,0.0],"evs":[0.0,-2.19817]},"95s":{"weight":1.0,"played":[1.0,0.0],"evs":[0.0,-1.90298]},"96s":{"weight":1.0,"played":[1.0,0.0],"evs":[0.0,-1.62292]},"97s":{"weight":1.0,"played":[1.0,0.0],"evs":[0.0,-1.31457]},"98s":{"weight":1.0,"played":[1.0,0.0],"evs":[0.0,-0.9653]},"99":{"weight":1.0,"played":[0.0,1.0],"evs":[0.0,2.77873]},"T9o":{"weight":1.0,"played":[1.0,0.0],"evs":[0.0,-1.39875]},"J9o":{"weight":1.0,"played":[1.0,0.0],"evs":[0.0,-1.4451]},"Q9o":{"weight":1.0,"played":[1.0,0.0],"evs":[0.0,-1.24794]},"K9o":{"weight":1.0,"played":[1.0,0.0],"evs":[0.0,-1.07425]},"A9o":{"weight":1.0,"played":[1.0,0.0],"evs":[0.0,-0.53087]},"T2s":{"weight":1.0,"played":[1.0,0.0],"evs":[0.0,-2.33677]},"T3s":{"weight":1.0,"played":[1.0,0.0],"evs":[0.0,-2.10392]},"T4s":{"weight":1.0,"played":[1.0,0.0],"evs":[0.0,-1.95928]},"T5s":{"weight":1.0,"played":[1.0,0.0],"evs":[0.0,-1.8922]},"T6s":{"weight":1.0,"played":[1.0,0.0],"evs":[0.0,-1.59401]},"T7s":{"weight":1.0,"played":[1.0,0.0],"evs":[0.0,-1.27905]},"T8s":{"weight":1.0,"played":[1.0,0.0],"evs":[0.0,-0.87121]},"T9s":{"weight":1.0,"played":[1.0,0.0],"evs":[0.0,-0.57084]},"TT":{"weight":1.0,"played":[0.0,1.0],"evs":[0.0,3.88243]},"JTo":{"weight":1.0,"played":[1.0,0.0],"evs":[0.0,-0.75411]},"QTo":{"weight":1.0,"played":[1.0,0.0],"evs":[0.0,-0.63196]},"KTo":{"weight":1.0,"played":[1.0,0.0],"evs":[0.0,-0.53169]},"ATo":{"weight":1.0,"played":[0.1952,0.8048],"evs":[0.0,-0.00645]},"J2s":{"weight":1.0,"played":[1.0,0.0],"evs":[0.0,-2.18061]},"J3s":{"weight":1.0,"played":[1.0,0.0],"evs":[0.0,-1.9433]},"J4s":{"weight":1.0,"played":[1.0,0.0],"evs":[0.0,-1.80518]},"J5s":{"weight":1.0,"played":[1.0,0.0],"evs":[0.0,-1.68931]},"J6s":{"weight":1.0,"played":[1.0,0.0],"evs":[0.0,-1.70107]},"J7s":{"weight":1.0,"played":[1.0,0.0],"evs":[0.0,-1.36039]},"J8s":{"weight":1.0,"played":[1.0,0.0],"evs":[0.0,-1.0087]},"J9s":{"weight":1.0,"played":[0.9999,1.0E-4],"evs":[0.0,-0.64024]},"JTs":{"weight":1.0,"played":[0.2341,0.7659],"evs":[0.0,0.00788]},"JJ":{"weight":1.0,"played":[0.0,1.0],"evs":[0.0,5.00843]},"QJo":{"weight":1.0,"played":[1.0,0.0],"evs":[0.0,-0.59707]},"KJo":{"weight":1.0,"played":[1.0,0.0],"evs":[0.0,-0.45854]},"AJo":{"weight":1.0,"played":[0.0,1.0],"evs":[0.0,0.62662]},"Q2s":{"weight":1.0,"played":[1.0,0.0],"evs":[0.0,-1.80645]},"Q3s":{"weight":1.0,"played":[1.0,0.0],"evs":[0.0,-1.56959]},"Q4s":{"weight":1.0,"played":[1.0,0.0],"evs":[0.0,-1.46671]},"Q5s":{"weight":1.0,"played":[1.0,0.0],"evs":[0.0,-1.39739]},"Q6s":{"weight":1.0,"played":[1.0,0.0],"evs":[0.0,-1.27729]},"Q7s":{"weight":1.0,"played":[1.0,0.0],"evs":[0.0,-1.20343]},"Q8s":{"weight":1.0,"played":[1.0,0.0],"evs":[0.0,-0.87828]},"Q9s":{"weight":1.0,"played":[0.9992,8.0E-4],"evs":[0.0,-0.47373]},"QTs":{"weight":1.0,"played":[3.0E-4,0.9997],"evs":[0.0,0.16629]},"QJs":{"weight":1.0,"played":[0.0,1.0],"evs":[0.0,0.14966]},"QQ":{"weight":1.0,"played":[0.0,1.0],"evs":[0.0,6.65469]},"KQo":{"weight":1.0,"played":[3.0E-4,0.9997],"evs":[0.0,0.13147]},"AQo":{"weight":1.0,"played":[0.0,1.0],"evs":[0.0,1.80521]},"K2s":{"weight":1.0,"played":[1.0,0.0],"evs":[0.0,-1.47708]},"K3s":{"weight":1.0,"played":[1.0,0.0],"evs":[0.0,-1.2452]},"K4s":{"weight":1.0,"played":[1.0,0.0],"evs":[0.0,-1.118]},"K5s":{"weight":1.0,"played":[1.0,0.0],"evs":[0.0,-1.05137]},"K6s":{"weight":1.0,"played":[1.0,0.0],"evs":[0.0,-0.91284]},"K7s":{"weight":1.0,"played":[1.0,0.0],"evs":[0.0,-0.88142]},"K8s":{"weight":1.0,"played":[1.0,0.0],"evs":[0.0,-0.65354]},"K9s":{"weight":1.0,"played":[0.9997,3.0E-4],"evs":[0.0,-0.23734]},"KTs":{"weight":1.0,"played":[0.0,1.0],"evs":[0.0,0.33317]},"KJs":{"weight":1.0,"played":[0.0,1.0],"evs":[0.0,0.31951]},"KQs":{"weight":1.0,"played":[0.0,1.0],"evs":[0.0,0.87343]},"KK":{"weight":1.0,"played":[0.0,1.0],"evs":[0.0,7.79107]},"AKo":{"weight":1.0,"played":[0.0,1.0],"evs":[0.0,2.93596]},"A2s":{"weight":1.0,"played":[1.0,0.0],"evs":[0.0,-0.76846]},"A3s":{"weight":1.0,"played":[1.0,0.0],"evs":[0.0,-0.59738]},"A4s":{"weight":1.0,"played":[1.0,0.0],"evs":[0.0,-0.44252]},"A5s":{"weight":1.0,"played":[1.0,0.0],"evs":[0.0,-0.28761]},"A6s":{"weight":1.0,"played":[1.0,0.0],"evs":[0.0,-0.46874]},"A7s":{"weight":1.0,"played":[1.0,0.0],"evs":[0.0,-0.21768]},"A8s":{"weight":1.0,"played":[0.0298,0.9702],"evs":[0.0,0.08976]},"A9s":{"weight":1.0,"played":[0.0,1.0],"evs":[0.0,0.22568]},"ATs":{"weight":1.0,"played":[0.0,1.0],"evs":[0.0,0.72603]},"AJs":{"weight":1.0,"played":[0.0,1.0],"evs":[0.0,1.27214]},"AQs":{"weight":1.0,"played":[0.0,1.0],"evs":[0.0,2.39452]},"AKs":{"weight":1.0,"played":[0.0,1.0],"evs":[0.0,3.49542]},"AA":{"weight":1.0,"played":[0.0,1.0],"evs":[0.0,9.65619]}}}