{"player":2,"street":0,"children":2,"sequence":[{"player":0,"type":"F","amount":0,"street":0},{"player":1,"type":"F","amount":0,"street":0},{"player":2,"type":"R","amount":200000,"street":0},{"player":3,"type":"R","amount":2385000,"street":0},{"player":4,"type":"F","amount":0,"street":0},{"player":5,"type":"C","amount":1285000,"street":0}],"actions":[{"type":"F","amount":0},{"type":"C","amount":2185000}],"hands":{"22":{"weight":0.0047,"played":[1.0,0.0],"evs":[0.0,-2.08418]},"32o":{"weight":0.0,"played":[1.0,0.0],"evs":[0.0,-6.17906]},"42o":{"weight":0.0,"played":[1.0,0.0],"evs":[0.0,-5.8205]},"52o":{"weight":0.0,"played":[1.0,0.0],"evs":[0.0,-5.71115]},"62o":{"weight":0.0,"played":[1.0,0.0],"evs":[0.0,-5.98375]},"72o":{"weight":0.0,"played":[1.0,0.0],"evs":[0.0,-6.35341]},"82o":{"weight":0.0,"played":[1.0,0.0],"evs":[0.0,-6.0909]},"92o":{"weight":0.0,"played":[1.0,0.0],"evs":[0.0,-6.06566]},"T2o":{"weight":0.0,"played":[1.0,0.0],"evs":[0.0,-5.81953]},"J2o":{"weight":0.0,"played":[1.0,0.0],"evs":[0.0,-5.60422]},"Q2o":{"weight":0.0,"played":[1.0,0.0],"evs":[0.0,-5.29917]},"K2o":{"weight":0.0,"played":[1.0,0.0],"evs":[0.0,-4.78873]},"A2o":{"weight":0.0,"played":[1.0,0.0],"evs":[0.0,-3.70719]},"32s":{"weight":0.0,"played":[1.0,0.0],"evs":[0.0,-4.38012]},"33":{"weight":0.9986,"played":[1.0,0.0],"evs":[0.0,-1.23836]},"43o":{"weight":0.0,"played":[1.0,0.0],"evs":[0.0,-4.97372]},"53o":{"weight":0.0,"played":[1.0,0.0],"evs":[0.0,-4.81671]},"63o":{"weight":0.0,"played":[1.0,0.0],"evs":[0.0,-5.19689]},"73o":{"weight":0.0,"played":[1.0,0.0],"evs":[0.0,-5.62977]},"83o":{"weight":0.0,"played":[1.0,0.0],"evs":[0.0,-5.97641]},"93o":{"weight":0.0,"played":[1.0,0.0],"evs":[0.0,-5.68452]},"T3o":{"weight":0.0,"played":[1.0,0.0],"evs":[0.0,-5.47436]},"J3o":{"weight":0.0,"played":[1.0,0.0],"evs":[0.0,-5.35213]},"Q3o":{"weight":0.0,"played":[1.0,0.0],"evs":[0.0,-4.98607]},"K3o":{"weight":0.0,"played":[1.0,0.0],"evs":[0.0,-4.35705]},"A3o":{"weight":2.0E-4,"played":[1.0,0.0],"evs":[0.0,-3.30066]},"42s":{"weight":0.0,"played":[1.0,0.0],"evs":[0.0,-4.1733]},"43s":{"weight":0.0,"played":[1.0,0.0],"evs":[0.0,-3.38581]},"44":{"weight":0.9984,"played":[1.0,0.0],"evs":[0.0,-0.68095]},"54o":{"weight":0.0,"played":[1.0,0.0],"evs":[0.0,-4.07537]},"64o":{"weight":0.0,"played":[1.0,0.0],"evs":[0.0,-4.34738]},"74o":{"weight":0.0,"played":[1.0,0.0],"evs":[0.0,-4.86392]},"84o":{"weight":0.0,"played":[1.0,0.0],"evs":[0.0,-5.12091]},"94o":{"weight":0.0,"played":[1.0,0.0],"evs":[0.0,-5.63263]},"T4o":{"weight":0.0,"played":[1.0,0.0],"evs":[0.0,-5.23099]},"J4o":{"weight":0.0,"played":[1.0,0.0],"evs":[0.0,-4.95341]},"Q4o":{"weight":0.0,"played":[1.0,0.0],"evs":[0.0,-4.6509]},"K4o":{"weight":0.0,"played":[1.0,0.0],"evs":[0.0,-4.03632]},"A4o":{"weight":1.0,"played":[1.0,0.0],"evs":[0.0,-3.13086]},"52s":{"weight":0.0,"played":[1.0,0.0],"evs":[0.0,-3.97386]},"53s":{"weight":0.0,"played":[1.0,0.0],"evs":[0.0,-3.11247]},"54s":{"weight":0.0,"played":[1.0,0.0],"evs":[0.0,-2.38325]},"55":{"weight":1.0,"played":[0.7675,0.2325],"evs":[0.0,-0.04951]},"65o":{"weight":0.0,"played":[1.0,0.0],"evs":[0.0,-3.86815]},"75o":{"weight":0.0,"played":[1.0,0.0],"evs":[0.0,-4.03567]},"85o":{"weight":0.0,"played":[1.0,0.0],"evs":[0.0,-4.39437]},"95o":{"weight":0.0,"played":[1.0,0.0],"evs":[0.0,-4.90343]},"T5o":{"weight":0.0,"played":[1.0,0.0],"evs":[0.0,-5.22704]},"J5o":{"weight":0.0,"played":[1.0,0.0],"evs":[0.0,-4.83373]},"Q5o":{"weight":0.0,"played":[1.0,0.0],"evs":[0.0,-4.49901]},"K5o":{"weight":0.0,"played":[1.0,0.0],"evs":[0.0,-3.82516]},"A5o":{"weight":1.0,"played":[1.0,0.0],"evs":[0.0,-2.72109]},"62s":{"weight":0.0,"played":[1.0,0.0],"evs":[0.0,-4.25896]},"63s":{"weight":0.0,"played":[1.0,0.0],"evs":[0.0,-3.73949]},"64s":{"weight":0.0,"played":[1.0,0.0],"evs":[0.0,-2.85282]},"65s":{"weight":0.0025,"played":[1.0,0.0],"evs":[0.0,-2.12827]},"66":{"weight":1.0,"played":[0.0,1.0],"evs":[0.0,0.74009]},"76o":{"weight":0.0,"played":[1.0,0.0],"evs":[0.0,-3.56373]},"86o":{"weight":0.0,"played":[1.0,0.0],"evs":[0.0,-3.71351]},"96o":{"weight":0.0,"played":[1.0,0.0],"evs":[0.0,-4.09189]},"T6o":{"weight":0.0,"played":[1.0,0.0],"evs":[0.0,-4.41328]},"J6o":{"weight":0.0,"played":[1.0,0.0],"evs":[0.0,-4.55891]},"Q6o":{"weight":0.0,"played":[1.0,0.0],"evs":[0.0,-4.21357]},"K6o":{"weight":0.0,"played":[1.0,0.0],"evs":[0.0,-3.50258]},"A6o":{"weight":1.0,"played":[1.0,0.0],"evs":[0.0,-3.19626]},"72s":{"weight":0.0,"played":[1.0,0.0],"evs":[0.0,-4.56477]},"73s":{"weight":0.0,"played":[1.0,0.0],"evs":[0.0,-3.98317]},"74s":{"weight":0.0,"played":[1.0,0.0],"evs":[0.0,-3.24989]},"75s":{"weight":1.0E-4,"played":[1.0,0.0],"evs":[0.0,-2.44129]},"76s":{"weight":0.5737,"played":[1.0,0.0],"evs":[0.0,-2.07656]},"77":{"weight":1.0,"played":[0.0,1.0],"evs":[0.0,1.71961]},"87o":{"weight":0.0,"played":[1.0,0.0],"evs":[0.0,-3.25913]},"97o":{"weight":0.0,"played":[1.0,0.0],"evs":[0.0,-3.51581]},"T7o":{"weight":0.0,"played":[1.0,0.0],"evs":[0.0,-3.76764]},"J7o":{"weight":0.0,"played":[1.0,0.0],"evs":[0.0,-4.06235]},"Q7o":{"weight":0.0,"played":[1.0,0.0],"evs":[0.0,-4.06958]},"K7o":{"weight":0.0,"played":[1.0,0.0],"evs":[0.0,-3.38955]},"A7o":{"weight":1.0,"played":[1.0,0.0],"evs":[0.0,-2.77328]},"82s":{"weight":0.0,"played":[1.0,0.0],"evs":[0.0,-4.26168]},"83s":{"weight":0.0,"played":[1.0,0.0],"evs":[0.0,-4.21858]},"84s":{"weight":0.0,"played":[1.0,0.0],"evs":[0.0,-3.52398]},"85s":{"weight":0.0,"played":[1.0,0.0],"evs":[0.0,-2.80229]},"86s":{"weight":4.0E-4,"played":[1.0,0.0],"evs":[0.0,-2.21223]},"87s":{"weight":0.9998,"played":[1.0,0.0],"evs":[0.0,-1.70141]},"88":{"weight":1.0,"played":[0.0,1.0],"evs":[0.0,2.78879]},"98o":{"weight":0.0,"played":[1.0,0.0],"evs":[0.0,-3.0512]},"T8o":{"weight":0.0,"played":[1.0,0.0],"evs":[0.0,-3.08998]},"J8o":{"weight":0.0,"played":[1.0,0.0],"evs":[0.0,-3.26335]},"Q8o":{"weight":0.0,"played":[1.0,0.0],"evs":[0.0,-3.60587]},"K8o":{"weight":0.0,"played":[1.0,0.0],"evs":[0.0,-3.18545]},"A8o":{"weight":1.0,"played":[1.0,0.0],"evs":[0.0,-2.30232]},"92s":{"weight":0.0,"played":[1.0,0.0],"evs":[0.0,-3.98492]},"93s":{"weight":0.0,"played":[1.0,0.0],"evs":[0.0,-4.03997]},"94s":{"weight":0.0,"played":[1.0,0.0],"evs":[0.0,-3.86402]},"95s":{"weight":0.0,"played":[1.0,0.0],"evs":[0.0,-3.34652]},"96s":{"weight":0.0,"played":[1.0,0.0],"evs":[0.0,-2.7035]},"97s":{"weight":0.999,"played":[1.0,0.0],"evs":[0.0,-2.0667]},"98s":{"weight":1.0,"played":[1.0,0.0],"evs":[0.0,-1.42296]},"99":{"weight":1.0,"played":[0.0,1.0],"evs":[0.0,4.2792]},"T9o":{"weight":0.1102,"played":[1.0,0.0],"evs":[0.0,-2.43817]},"J9o":{"weight":0.3945,"played":[1.0,0.0],"evs":[0.0,-2.70587]},"Q9o":{"weight":0.9999,"played":[1.0,0.0],"evs":[0.0,-2.72736]},"K9o":{"weight":1.0,"played":[1.0,0.0],"evs":[0.0,-2.33311]},"A9o":{"weight":0.9997,"played":[1.0,0.0],"evs":[0.0,-1.8217]},"T2s":{"weight":0.0,"played":[1.0,0.0],"evs":[0.0,-4.13388]},"T3s":{"weight":0.0,"played":[1.0,0.0],"evs":[0.0,-3.85653]},"T4s":{"weight":0.0,"played":[1.0,0.0],"evs":[0.0,-3.42763]},"T5s":{"weight":0.0,"played":[1.0,0.0],"evs":[0.0,-3.48862]},"T6s":{"weight":0.0,"played":[1.0,0.0],"evs":[0.0,-2.67051]},"T7s":{"weight":0.9999,"played":[1.0,0.0],"evs":[0.0,-2.20233]},"T8s":{"weight":1.0,"played":[1.0,0.0],"evs":[0.0,-1.60156]},"T9s":{"weight":1.0,"played":[0.9999,1.0E-4],"evs":[0.0,-0.83165]},"TT":{"weight":1.0,"played":[0.0,1.0],"evs":[0.0,6.23094]},"JTo":{"weight":1.0,"played":[1.0,0.0],"evs":[0.0,-1.72557]},"QTo":{"weight":1.0,"played":[1.0,0.0],"evs":[0.0,-1.69789]},"KTo":{"weight":1.0,"played":[1.0,0.0],"evs":[0.0,-1.48396]},"ATo":{"weight":0.9997,"played":[1.0,0.0],"evs":[0.0,-0.70873]},"J2s":{"weight":0.0,"played":[1.0,0.0],"evs":[0.0,-4.00501]},"J3s":{"weight":0.0,"played":[1.0,0.0],"evs":[0.0,-3.46962]},"J4s":{"weight":0.0,"played":[1.0,0.0],"evs":[0.0,-3.3992]},"J5s":{"weight":0.0,"played":[1.0,0.0],"evs":[0.0,-3.14062]},"J6s":{"weight":0.0,"played":[1.0,0.0],"evs":[0.0,-2.91374]},"J7s":{"weight":0.9958,"played":[1.0,0.0],"evs":[0.0,-2.35429]},"J8s":{"weight":1.0,"played":[1.0,0.0],"evs":[0.0,-1.63153]},"J9s":{"weight":1.0,"played":[0.9997,3.0E-4],"evs":[0.0,-1.07386]},"JTs":{"weight":1.0,"played":[0.9711,0.0289],"evs":[0.0,-0.08738]},"JJ":{"weight":1.0,"played":[0.0,1.0],"evs":[0.0,8.53571]},"QJo":{"weight":1.0,"played":[1.0,0.0],"evs":[0.0,-1.54728]},"KJo":{"weight":1.0,"played":[1.0,0.0],"evs":[0.0,-1.16614]},"AJo":{"weight":0.9993,"played":[0.0042,0.9958],"evs":[0.0,0.37339]},"Q2s":{"weight":0.0,"played":[1.0,0.0],"evs":[0.0,-3.72811]},"Q3s":{"weight":0.0,"played":[1.0,0.0],"evs":[0.0,-3.39499]},"Q4s":{"weight":0.0,"played":[1.0,0.0],"evs":[0.0,-2.93866]},"Q5s":{"weight":0.0115,"played":[1.0,0.0],"evs":[0.0,-2.67233]},"Q6s":{"weight":0.998,"played":[1.0,0.0],"evs":[0.0,-2.53674]},"Q7s":{"weight":1.0,"played":[1.0,0.0],"evs":[0.0,-2.50486]},"Q8s":{"weight":1.0,"played":[1.0,0.0],"evs":[0.0,-1.91585]},"Q9s":{"weight":1.0,"played":[1.0,0.0],"evs":[0.0,-0.94691]},"QTs":{"weight":0.9992,"played":[0.969,0.031],"evs":[0.0,-0.32755]},"QJs":{"weight":1.0,"played":[0.368,0.632],"evs":[0.0,0.09885]},"QQ":{"weight":1.0,"played":[0.0,1.0],"evs":[0.0,11.49024]},"KQo":{"weight":0.9998,"played":[0.9998,2.0E-4],"evs":[0.0,-0.48848]},"AQo":{"weight":1.0,"played":[0.0,1.0],"evs":[0.0,2.40095]},"K2s":{"weight":7.0E-4,"played":[1.0,0.0],"evs":[0.0,-3.02535]},"K3s":{"weight":8.0E-4,"played":[1.0,0.0],"evs":[0.0,-2.36457]},"K4s":{"weight":0.9999,"played":[1.0,0.0],"evs":[0.0,-2.43965]},"K5s":{"weight":1.0,"played":[1.0,0.0],"evs":[0.0,-2.13145]},"K6s":{"weight":1.0,"played":[1.0,0.0],"evs":[0.0,-1.95723]},"K7s":{"weight":1.0,"played":[1.0,0.0],"evs":[0.0,-1.81688]},"K8s":{"weight":1.0,"played":[1.0,0.0],"evs":[0.0,-1.52407]},"K9s":{"weight":1.0,"played":[0.9999,1.0E-4],"evs":[0.0,-0.67301]},"KTs":{"weight":0.9943,"played":[0.9832,0.0168],"evs":[0.0,-0.11579]},"KJs":{"weight":1.0,"played":[0.0285,0.9715],"evs":[0.0,0.28408]},"KQs":{"weight":1.0,"played":[0.0,1.0],"evs":[0.0,1.21926]},"KK":{"weight":1.0,"played":[0.0,1.0],"evs":[0.0,14.16226]},"AKo":{"weight":1.0,"played":[0.0,1.0],"evs":[0.0,4.52494]},"A2s":{"weight":1.0,"played":[1.0,0.0],"evs":[0.0,-1.87143]},"A3s":{"weight":1.0,"played":[1.0,0.0],"evs":[0.0,-1.84086]},"A4s":{"weight":1.0,"played":[1.0,0.0],"evs":[0.0,-1.45288]},"A5s":{"weight":0.9993,"played":[1.0,0.0],"evs":[0.0,-1.27358]},"A6s":{"weight":1.0,"played":[1.0,0.0],"evs":[0.0,-1.48054]},"A7s":{"weight":0.9976,"played":[0.9999,1.0E-4],"evs":[0.0,-1.04419]},"A8s":{"weight":1.0,"played":[0.9985,0.0015],"evs":[0.0,-0.7629]},"A9s":{"weight":1.0,"played":[0.7607,0.2393],"evs":[0.0,-0.01813]},"ATs":{"weight":1.0,"played":[0.0,1.0],"evs":[0.0,0.87285]},"AJs":{"weight":1.0,"played":[0.0,1.0],"evs":[0.0,1.87174]},"AQs":{"weight":1.0,"played":[0.0,1.0],"evs":[0.0,3.72425]},"AKs":{"weight":1.0,"played":[0.0,1.0],"evs":[0.0,5.81974]},"AA":{"weight":1.0,"played":[0.0,1.0],"evs":[0.0,18.54563]}}}