{"player":5,"street":0,"children":3,"sequence":[{"player":0,"type":"F","amount":0,"street":0},{"player":1,"type":"R","amount":200000,"street":0},{"player":2,"type":"F","amount":0,"street":0},{"player":3,"type":"F","amount":0,"street":0},{"player":4,"type":"F","amount":0,"street":0}],"actions":[{"type":"F","amount":0},{"type":"C","amount":100000},{"type":"R","amount":1245000,"node":79}],"hands":{"22":{"weight":1.0,"played":[0.0,0.9917,0.0083],"evs":[0.0,0.3946,0.15462]},"32o":{"weight":1.0,"played":[1.0,0.0,0.0],"evs":[0.0,-0.12239,-1.12506]},"42o":{"weight":1.0,"played":[0.9997,3.0E-4,0.0],"evs":[0.0,-0.08398,-1.02447]},"52o":{"weight":1.0,"played":[1.0,0.0,0.0],"evs":[0.0,-0.05479,-0.94945]},"62o":{"weight":1.0,"played":[1.0,0.0,0.0],"evs":[0.0,-0.12183,-1.12659]},"72o":{"weight":1.0,"played":[1.0,0.0,0.0],"evs":[0.0,-0.23442,-1.31752]},"82o":{"weight":1.0,"played":[1.0,0.0,0.0],"evs":[0.0,-0.2589,-1.38705]},"92o":{"weight":1.0,"played":[1.0,0.0,0.0],"evs":[0.0,-0.23639,-1.33066]},"T2o":{"weight":1.0,"played":[1.0,0.0,0.0],"evs":[0.0,-0.19856,-1.21843]},"J2o":{"weight":1.0,"played":[1.0,0.0,0.0],"evs":[0.0,-0.18319,-1.14636]},"Q2o":{"weight":1.0,"played":[0.9994,6.0E-4,0.0],"evs":[0.0,-0.07205,-0.6464]},"K2o":{"weight":1.0,"played":[0.7595,0.2405,0.0],"evs":[0.0,-0.00914,-0.39444]},"A2o":{"weight":1.0,"played":[0.0,0.9999,1.0E-4],"evs":[0.0,0.45012,0.29394]},"32s":{"weight":1.0,"played":[2.0E-4,0.9998,0.0],"evs":[0.0,0.17442,-0.62989]},"33":{"weight":1.0,"played":[0.0,0.9881,0.0119],"evs":[0.0,0.51586,0.42818]},"43o":{"weight":1.0,"played":[1.0E-4,0.9999,0.0],"evs":[0.0,0.06083,-0.71945]},"53o":{"weight":1.0,"played":[0.0,1.0,0.0],"evs":[0.0,0.07042,-0.68601]},"63o":{"weight":1.0,"played":[0.9342,0.0658,0.0],"evs":[0.0,0.00616,-0.83108]},"73o":{"weight":1.0,"played":[1.0,0.0,0.0],"evs":[0.0,-0.13037,-1.03177]},"83o":{"weight":1.0,"played":[1.0,0.0,0.0],"evs":[0.0,-0.23695,-1.3206]},"93o":{"weight":1.0,"played":[1.0,0.0,0.0],"evs":[0.0,-0.21107,-1.23043]},"T3o":{"weight":1.0,"played":[1.0,0.0,0.0],"evs":[0.0,-0.16617,-1.1272]},"J3o":{"weight":1.0,"played":[1.0,0.0,0.0],"evs":[0.0,-0.15072,-1.0553]},"Q3o":{"weight":1.0,"played":[0.9844,0.0156,0.0],"evs":[0.0,-0.04158,-0.56118]},"K3o":{"weight":1.0,"played":[1.0E-4,0.9999,0.0],"evs":[0.0,0.04047,-0.28765]},"A3o":{"weight":1.0,"played":[0.0,0.9927,0.0073],"evs":[0.0,0.51901,0.46277]},"42s":{"weight":1.0,"played":[0.0,1.0,0.0],"evs":[0.0,0.21111,-0.48138]},"43s":{"weight":1.0,"played":[0.0,1.0,0.0],"evs":[0.0,0.35112,-0.24807]},"44":{"weight":1.0,"played":[0.0,4.0E-4,0.9996],"evs":[0.0,0.60454,0.7519]},"54o":{"weight":1.0,"played":[0.0,1.0,0.0],"evs":[0.0,0.21062,-0.43084]},"64o":{"weight":1.0,"played":[1.0E-4,0.9999,0.0],"evs":[0.0,0.15025,-0.55227]},"74o":{"weight":1.0,"played":[0.0364,0.9636,0.0],"evs":[0.0,0.01106,-0.7575]},"84o":{"weight":1.0,"played":[1.0,0.0,0.0],"evs":[0.0,-0.13643,-1.00857]},"94o":{"weight":1.0,"played":[1.0,0.0,0.0],"evs":[0.0,-0.15626,-1.12159]},"T4o":{"weight":1.0,"played":[1.0,0.0,0.0],"evs":[0.0,-0.12495,-0.99427]},"J4o":{"weight":1.0,"played":[0.9999,1.0E-4,0.0],"evs":[0.0,-0.10218,-0.93866]},"Q4o":{"weight":1.0,"played":[0.0874,0.9126,0.0],"evs":[0.0,0.01074,-0.43409]},"K4o":{"weight":1.0,"played":[1.0E-4,0.9999,0.0],"evs":[0.0,0.07799,-0.17005]},"A4o":{"weight":1.0,"played":[0.0,0.5525,0.4475],"evs":[0.0,0.55342,0.54557]},"52s":{"weight":1.0,"played":[0.0,1.0,0.0],"evs":[0.0,0.24116,-0.44508]},"53s":{"weight":1.0,"played":[0.0,1.0,0.0],"evs":[0.0,0.39144,-0.2036]},"54s":{"weight":1.0,"played":[0.0,1.0,0.0],"evs":[0.0,0.53913,0.08975]},"55":{"weight":1.0,"played":[0.0,0.0,0.9999],"evs":[0.0,0.68906,0.86451]},"65o":{"weight":1.0,"played":[0.0,1.0,0.0],"evs":[0.0,0.20172,-0.3943]},"75o":{"weight":1.0,"played":[1.0E-4,0.9999,0.0],"evs":[0.0,0.08505,-0.5594]},"85o":{"weight":1.0,"played":[0.8992,0.1008,0.0],"evs":[0.0,-0.0244,-0.81049]},"95o":{"weight":1.0,"played":[0.9991,9.0E-4,0.0],"evs":[0.0,-0.06791,-0.90905]},"T5o":{"weight":1.0,"played":[1.0,0.0,0.0],"evs":[0.0,-0.10761,-0.93744]},"J5o":{"weight":1.0,"played":[1.0,0.0,0.0],"evs":[0.0,-0.09982,-0.86439]},"Q5o":{"weight":1.0,"played":[0.3941,0.6059,0.0],"evs":[0.0,0.00733,-0.39503]},"K5o":{"weight":1.0,"played":[0.0,1.0,0.0],"evs":[0.0,0.10114,-0.10095]},"A5o":{"weight":1.0,"played":[0.0,0.2357,0.7643],"evs":[0.0,0.58702,0.58965]},"62s":{"weight":1.0,"played":[0.0,1.0,0.0],"evs":[0.0,0.18601,-0.57312]},"63s":{"weight":1.0,"played":[0.0,1.0,0.0],"evs":[0.0,0.30494,-0.36112]},"64s":{"weight":1.0,"played":[0.0,1.0,0.0],"evs":[0.0,0.44221,-0.09525]},"65s":{"weight":1.0,"played":[0.0,1.0,0.0],"evs":[0.0,0.54967,0.07127]},"66":{"weight":1.0,"played":[0.0,0.0,1.0],"evs":[0.0,0.67985,0.93358]},"76o":{"weight":1.0,"played":[2.0E-4,0.9998,0.0],"evs":[0.0,0.18184,-0.39234]},"86o":{"weight":1.0,"played":[0.0,1.0,0.0],"evs":[0.0,0.07828,-0.6212]},"96o":{"weight":1.0,"played":[0.054,0.946,0.0],"evs":[0.0,0.01838,-0.72604]},"T6o":{"weight":1.0,"played":[0.9947,0.0053,0.0],"evs":[0.0,-0.05576,-0.78588]},"J6o":{"weight":1.0,"played":[1.0,0.0,0.0],"evs":[0.0,-0.09903,-0.89481]},"Q6o":{"weight":1.0,"played":[0.0089,0.9911,0.0],"evs":[0.0,0.02492,-0.3733]},"K6o":{"weight":1.0,"played":[0.0,1.0,0.0],"evs":[0.0,0.09045,-0.0828]},"A6o":{"weight":1.0,"played":[0.0,0.8949,0.1051],"evs":[0.0,0.49584,0.46282]},"72s":{"weight":1.0,"played":[0.0027,0.9973,0.0],"evs":[0.0,0.05387,-0.82234]},"73s":{"weight":1.0,"played":[3.0E-4,0.9997,0.0],"evs":[0.0,0.17867,-0.52938]},"74s":{"weight":1.0,"played":[0.0,1.0,0.0],"evs":[0.0,0.30214,-0.23714]},"75s":{"weight":1.0,"played":[0.0,1.0,0.0],"evs":[0.0,0.45639,-0.05982]},"76s":{"weight":1.0,"played":[0.0,1.0,0.0],"evs":[0.0,0.50827,0.09326]},"77":{"weight":1.0,"played":[0.0,0.0,1.0],"evs":[0.0,0.60223,0.9718]},"87o":{"weight":1.0,"played":[0.0,1.0,0.0],"evs":[0.0,0.11663,-0.48069]},"97o":{"weight":1.0,"played":[3.0E-4,0.9997,0.0],"evs":[0.0,0.07974,-0.61286]},"T7o":{"weight":1.0,"played":[0.0385,0.9615,0.0],"evs":[0.0,0.02396,-0.67033]},"J7o":{"weight":1.0,"played":[0.9994,6.0E-4,0.0],"evs":[0.0,-0.04951,-0.78759]},"Q7o":{"weight":1.0,"played":[0.1426,0.8574,0.0],"evs":[0.0,0.01095,-0.44614]},"K7o":{"weight":1.0,"played":[1.0E-4,0.9999,0.0],"evs":[0.0,0.08409,-0.11096]},"A7o":{"weight":1.0,"played":[0.0,0.8773,0.1227],"evs":[0.0,0.5496,0.5054]},"82s":{"weight":1.0,"played":[0.001,0.999,0.0],"evs":[0.0,0.0171,-0.85728]},"83s":{"weight":1.0,"played":[0.0545,0.9455,0.0],"evs":[0.0,0.05248,-0.81862]},"84s":{"weight":1.0,"played":[0.0,1.0,0.0],"evs":[0.0,0.20729,-0.50672]},"85s":{"weight":1.0,"played":[2.0E-4,0.9998,0.0],"evs":[0.0,0.2911,-0.33022]},"86s":{"weight":1.0,"played":[0.0,1.0,0.0],"evs":[0.0,0.39389,-0.16872]},"87s":{"weight":1.0,"played":[0.0,1.0,0.0],"evs":[0.0,0.41051,-0.0623]},"88":{"weight":1.0,"played":[0.0,0.0,1.0],"evs":[0.0,0.69651,1.00264]},"98o":{"weight":1.0,"played":[5.0E-4,0.9995,0.0],"evs":[0.0,0.09994,-0.61646]},"T8o":{"weight":1.0,"played":[0.0,1.0,0.0],"evs":[0.0,0.07269,-0.70316]},"J8o":{"weight":1.0,"played":[0.9631,0.0369,0.0],"evs":[0.0,-0.01953,-0.78501]},"Q8o":{"weight":1.0,"played":[0.598,0.402,0.0],"evs":[0.0,0.01444,-0.43248]},"K8o":{"weight":1.0,"played":[0.2982,0.7018,0.0],"evs":[0.0,0.01129,-0.28932]},"A8o":{"weight":1.0,"played":[0.0,3.0E-4,0.9997],"evs":[0.0,0.66305,0.72553]},"92s":{"weight":1.0,"played":[0.0,1.0,0.0],"evs":[0.0,0.0575,-0.8307]},"93s":{"weight":1.0,"played":[2.0E-4,0.9998,0.0],"evs":[0.0,0.09839,-0.69505]},"94s":{"weight":1.0,"played":[1.0E-4,0.9999,0.0],"evs":[0.0,0.16915,-0.60167]},"95s":{"weight":1.0,"played":[0.0,1.0,0.0],"evs":[0.0,0.2486,-0.42603]},"96s":{"weight":1.0,"played":[0.0,1.0,0.0],"evs":[0.0,0.34053,-0.26013]},"97s":{"weight":1.0,"played":[0.0,1.0,0.0],"evs":[0.0,0.41219,-0.09833]},"98s":{"weight":1.0,"played":[0.0,1.0,0.0],"evs":[0.0,0.42824,-0.08888]},"99":{"weight":1.0,"played":[0.0,0.0,1.0],"evs":[0.0,0.85606,1.24948]},"T9o":{"weight":1.0,"played":[0.0,1.0,0.0],"evs":[0.0,0.19892,-0.49121]},"J9o":{"weight":1.0,"played":[0.0,1.0,0.0],"evs":[0.0,0.12586,-0.55527]},"Q9o":{"weight":1.0,"played":[0.0,1.0,0.0],"evs":[0.0,0.15899,-0.15365]},"K9o":{"weight":1.0,"played":[0.0,1.0,0.0],"evs":[0.0,0.19971,-0.00665]},"A9o":{"weight":1.0,"played":[0.0,0.0,1.0],"evs":[0.0,0.97756,1.22627]},"T2s":{"weight":1.0,"played":[0.0,1.0,0.0],"evs":[0.0,0.12328,-0.66379]},"T3s":{"weight":1.0,"played":[4.0E-4,0.9996,0.0],"evs":[0.0,0.17984,-0.59662]},"T4s":{"weight":1.0,"played":[1.0E-4,0.9999,0.0],"evs":[0.0,0.20313,-0.46811]},"T5s":{"weight":1.0,"played":[6.0E-4,0.9994,0.0],"evs":[0.0,0.20846,-0.49348]},"T6s":{"weight":1.0,"played":[2.0E-4,0.9998,0.0],"evs":[0.0,0.30758,-0.25637]},"T7s":{"weight":1.0,"played":[0.0,1.0,0.0],"evs":[0.0,0.35272,-0.15839]},"T8s":{"weight":1.0,"played":[0.0,1.0,0.0],"evs":[0.0,0.37526,-0.25516]},"T9s":{"weight":1.0,"played":[0.0,1.0,0.0],"evs":[0.0,0.54841,0.0225]},"TT":{"weight":1.0,"played":[0.0,0.0,1.0],"evs":[0.0,1.15803,1.58401]},"JTo":{"weight":1.0,"played":[0.0,1.0,0.0],"evs":[0.0,0.30264,-0.16355]},"QTo":{"weight":1.0,"played":[0.0,1.0,0.0],"evs":[0.0,0.35779,0.22581]},"KTo":{"weight":1.0,"played":[0.0,0.4821,0.5179],"evs":[0.0,0.40758,0.40279]},"ATo":{"weight":1.0,"played":[0.0,0.0,1.0],"evs":[0.0,1.38867,1.96381]},"J2s":{"weight":1.0,"played":[6.0E-4,0.9994,0.0],"evs":[0.0,0.13089,-0.64914]},"J3s":{"weight":1.0,"played":[2.0E-4,0.9998,0.0],"evs":[0.0,0.14862,-0.57067]},"J4s":{"weight":1.0,"played":[0.0,1.0,0.0],"evs":[0.0,0.19538,-0.42049]},"J5s":{"weight":1.0,"played":[0.0,1.0,0.0],"evs":[0.0,0.24745,-0.36707]},"J6s":{"weight":1.0,"played":[0.0,1.0,0.0],"evs":[0.0,0.23247,-0.36626]},"J7s":{"weight":1.0,"played":[0.0,1.0,0.0],"evs":[0.0,0.28165,-0.30771]},"J8s":{"weight":1.0,"played":[0.0,1.0,0.0],"evs":[0.0,0.293,-0.32997]},"J9s":{"weight":1.0,"played":[0.0,1.0,0.0],"evs":[0.0,0.47955,-0.05969]},"JTs":{"weight":1.0,"played":[0.0,0.9997,3.0E-4],"evs":[0.0,0.64543,0.34602]},"JJ":{"weight":1.0,"played":[0.0,0.0,1.0],"evs":[0.0,1.41961,1.92738]},"QJo":{"weight":1.0,"played":[0.0,0.9878,0.0122],"evs":[0.0,0.38426,0.33076]},"KJo":{"weight":1.0,"played":[0.0,0.4491,0.5509],"evs":[0.0,0.52247,0.5242]},"AJo":{"weight":1.0,"played":[0.0,0.0,1.0],"evs":[0.0,1.65696,2.21079]},"Q2s":{"weight":1.0,"played":[0.0,1.0,0.0],"evs":[0.0,0.26462,-0.13788]},"Q3s":{"weight":1.0,"played":[0.0,1.0,0.0],"evs":[0.0,0.27887,-0.07852]},"Q4s":{"weight":1.0,"played":[0.0,1.0,0.0],"evs":[0.0,0.33104,0.07815]},"Q5s":{"weight":1.0,"played":[0.0,1.0,0.0],"evs":[0.0,0.33464,0.0918]},"Q6s":{"weight":1.0,"played":[0.0,1.0,0.0],"evs":[0.0,0.3198,0.08425]},"Q7s":{"weight":1.0,"played":[0.0,1.0,0.0],"evs":[0.0,0.34209,0.05713]},"Q8s":{"weight":1.0,"played":[0.0,1.0,0.0],"evs":[0.0,0.36784,0.08643]},"Q9s":{"weight":1.0,"played":[0.0,1.0,0.0],"evs":[0.0,0.46792,0.28359]},"QTs":{"weight":1.0,"played":[0.0,0.8164,0.1836],"evs":[0.0,0.70207,0.6374]},"QJs":{"weight":1.0,"played":[0.0,0.3184,0.6816],"evs":[0.0,0.7056,0.72059]},"QQ":{"weight":1.0,"played":[0.0,0.0,1.0],"evs":[0.0,1.91399,2.50907]},"KQo":{"weight":1.0,"played":[0.0,0.9816,0.0184],"evs":[0.0,0.71389,0.6667]},"AQo":{"weight":1.0,"played":[0.0,0.0,1.0],"evs":[0.0,1.69573,2.25374]},"K2s":{"weight":1.0,"played":[0.0,1.0,0.0],"evs":[0.0,0.32609,0.1258]},"K3s":{"weight":1.0,"played":[0.0,0.9999,1.0E-4],"evs":[0.0,0.37785,0.2017]},"K4s":{"weight":1.0,"played":[0.0,0.9997,3.0E-4],"evs":[0.0,0.43256,0.36653]},"K5s":{"weight":1.0,"played":[0.0,0.9996,4.0E-4],"evs":[0.0,0.43003,0.34321]},"K6s":{"weight":1.0,"played":[0.0,0.9911,0.0089],"evs":[0.0,0.43446,0.37725]},"K7s":{"weight":1.0,"played":[0.0,0.8206,0.1794],"evs":[0.0,0.44319,0.38986]},"K8s":{"weight":1.0,"played":[0.0,0.9999,1.0E-4],"evs":[0.0,0.34402,0.18586]},"K9s":{"weight":1.0,"played":[0.0,0.9363,0.0637],"evs":[0.0,0.60353,0.57571]},"KTs":{"weight":1.0,"played":[0.0,0.026,0.974],"evs":[0.0,0.82665,0.90133]},"KJs":{"weight":1.0,"played":[0.0,0.1578,0.8422],"evs":[0.0,0.94495,0.97256]},"KQs":{"weight":1.0,"played":[0.0,0.4137,0.5863],"evs":[0.0,1.12652,1.12508]},"KK":{"weight":1.0,"played":[0.0,0.0,1.0],"evs":[0.0,3.1239,3.72246]},"AKo":{"weight":1.0,"played":[0.0,0.0,1.0],"evs":[0.0,2.25567,2.69514]},"A2s":{"weight":1.0,"played":[0.0,0.2774,0.7226],"evs":[0.0,0.8814,0.88203]},"A3s":{"weight":1.0,"played":[0.0,0.8386,0.1614],"evs":[0.0,0.92384,0.86248]},"A4s":{"weight":1.0,"played":[0.0,0.2204,0.7796],"evs":[0.0,0.94143,0.96584]},"A5s":{"weight":1.0,"played":[0.0,0.5006,0.4994],"evs":[0.0,1.04289,1.03542]},"A6s":{"weight":1.0,"played":[0.0,0.5258,0.4742],"evs":[0.0,0.89911,0.88406]},"A7s":{"weight":1.0,"played":[0.0,0.628,0.372],"evs":[0.0,0.92806,0.9019]},"A8s":{"weight":1.0,"played":[0.0,0.019,0.981],"evs":[0.0,1.12785,1.20784]},"A9s":{"weight":1.0,"played":[0.0,0.0,1.0],"evs":[0.0,1.45846,1.64575]},"ATs":{"weight":1.0,"played":[0.0,0.0,1.0],"evs":[0.0,1.87654,2.31124]},"AJs":{"weight":1.0,"played":[0.0,0.0,1.0],"evs":[0.0,2.06553,2.52788]},"AQs":{"weight":1.0,"played":[0.0,0.0,1.0],"evs":[0.0,2.1279,2.59918]},"AKs":{"weight":1.0,"played":[0.0,0.0,1.0],"evs":[0.0,2.62901,3.04998]},"AA":{"weight":1.0,"played":[0.0,0.9099,0.0901],"evs":[0.0,6.61614,6.60734]}}}