{"player":5,"street":0,"children":2,"sequence":[{"player":0,"type":"F","amount":0,"street":0},{"player":1,"type":"R","amount":200000,"street":0},{"player":2,"type":"F","amount":0,"street":0},{"player":3,"type":"F","amount":0,"street":0},{"player":4,"type":"R","amount":1385000,"street":0}],"actions":[{"type":"F","amount":0,"node":85},{"type":"C","amount":1285000,"node":86}],"hands":{"22":{"weight":1.0,"played":[1.0,0.0],"evs":[0.0,-1.23862]},"32o":{"weight":1.0,"played":[1.0,0.0],"evs":[0.0,-3.79318]},"42o":{"weight":1.0,"played":[1.0,0.0],"evs":[0.0,-3.61218]},"52o":{"weight":1.0,"played":[1.0,0.0],"evs":[0.0,-3.55039]},"62o":{"weight":1.0,"played":[1.0,0.0],"evs":[0.0,-3.67446]},"72o":{"weight":1.0,"played":[1.0,0.0],"evs":[0.0,-3.99109]},"82o":{"weight":1.0,"played":[1.0,0.0],"evs":[0.0,-3.92074]},"92o":{"weight":1.0,"played":[1.0,0.0],"evs":[0.0,-3.92353]},"T2o":{"weight":1.0,"played":[1.0,0.0],"evs":[0.0,-3.88786]},"J2o":{"weight":1.0,"played":[1.0,0.0],"evs":[0.0,-3.77688]},"Q2o":{"weight":1.0,"played":[1.0,0.0],"evs":[0.0,-3.43123]},"K2o":{"weight":1.0,"played":[1.0,0.0],"evs":[0.0,-3.29019]},"A2o":{"weight":1.0,"played":[1.0,0.0],"evs":[0.0,-2.49164]},"32s":{"weight":1.0,"played":[1.0,0.0],"evs":[0.0,-2.79956]},"33":{"weight":1.0,"played":[1.0,0.0],"evs":[0.0,-1.05203]},"43o":{"weight":1.0,"played":[1.0,0.0],"evs":[0.0,-3.19716]},"53o":{"weight":1.0,"played":[1.0,0.0],"evs":[0.0,-3.09231]},"63o":{"weight":1.0,"played":[1.0,0.0],"evs":[0.0,-3.23188]},"73o":{"weight":1.0,"played":[1.0,0.0],"evs":[0.0,-3.61299]},"83o":{"weight":1.0,"played":[1.0,0.0],"evs":[0.0,-3.84985]},"93o":{"weight":1.0,"played":[1.0,0.0],"evs":[0.0,-3.78428]},"T3o":{"weight":1.0,"played":[1.0,0.0],"evs":[0.0,-3.79298]},"J3o":{"weight":1.0,"played":[1.0,0.0],"evs":[0.0,-3.62991]},"Q3o":{"weight":1.0,"played":[1.0,0.0],"evs":[0.0,-3.25309]},"K3o":{"weight":1.0,"played":[1.0,0.0],"evs":[0.0,-3.1102]},"A3o":{"weight":1.0,"played":[1.0,0.0],"evs":[0.0,-2.26186]},"42s":{"weight":1.0,"played":[1.0,0.0],"evs":[0.0,-2.71531]},"43s":{"weight":1.0,"played":[1.0,0.0],"evs":[0.0,-2.35644]},"44":{"weight":1.0,"played":[0.9997,3.0E-4],"evs":[0.0,-0.72951]},"54o":{"weight":1.0,"played":[1.0,0.0],"evs":[0.0,-2.77358]},"64o":{"weight":1.0,"played":[1.0,0.0],"evs":[0.0,-2.8503]},"74o":{"weight":1.0,"played":[1.0,0.0],"evs":[0.0,-3.08573]},"84o":{"weight":1.0,"played":[1.0,0.0],"evs":[0.0,-3.50897]},"94o":{"weight":1.0,"played":[1.0,0.0],"evs":[0.0,-3.77685]},"T4o":{"weight":1.0,"played":[1.0,0.0],"evs":[0.0,-3.72853]},"J4o":{"weight":1.0,"played":[1.0,0.0],"evs":[0.0,-3.53225]},"Q4o":{"weight":1.0,"played":[1.0,0.0],"evs":[0.0,-3.16913]},"K4o":{"weight":1.0,"played":[1.0,0.0],"evs":[0.0,-3.04872]},"A4o":{"weight":1.0,"played":[1.0,0.0],"evs":[0.0,-2.30244]},"52s":{"weight":1.0,"played":[1.0,0.0],"evs":[0.0,-2.57836]},"53s":{"weight":1.0,"played":[1.0,0.0],"evs":[0.0,-2.19844]},"54s":{"weight":1.0,"played":[1.0,0.0],"evs":[0.0,-1.83856]},"55":{"weight":1.0,"played":[0.6975,0.3025],"evs":[0.0,-0.23969]},"65o":{"weight":1.0,"played":[1.0,0.0],"evs":[0.0,-2.46055]},"75o":{"weight":1.0,"played":[1.0,0.0],"evs":[0.0,-2.74994]},"85o":{"weight":1.0,"played":[1.0,0.0],"evs":[0.0,-3.07331]},"95o":{"weight":1.0,"played":[1.0,0.0],"evs":[0.0,-3.35524]},"T5o":{"weight":1.0,"played":[1.0,0.0],"evs":[0.0,-3.69013]},"J5o":{"weight":1.0,"played":[1.0,0.0],"evs":[0.0,-3.43923]},"Q5o":{"weight":1.0,"played":[1.0,0.0],"evs":[0.0,-3.05761]},"K5o":{"weight":1.0,"played":[1.0,0.0],"evs":[0.0,-2.93193]},"A5o":{"weight":1.0,"played":[1.0,0.0],"evs":[0.0,-2.0289]},"62s":{"weight":1.0,"played":[1.0,0.0],"evs":[0.0,-2.94968]},"63s":{"weight":1.0,"played":[1.0,0.0],"evs":[0.0,-2.43624]},"64s":{"weight":1.0,"played":[1.0,0.0],"evs":[0.0,-1.9343]},"65s":{"weight":1.0,"played":[1.0,0.0],"evs":[0.0,-1.55756]},"66":{"weight":1.0,"played":[0.0016,0.9984],"evs":[0.0,0.2661]},"76o":{"weight":1.0,"played":[1.0,0.0],"evs":[0.0,-2.2468]},"86o":{"weight":1.0,"played":[1.0,0.0],"evs":[0.0,-2.61113]},"96o":{"weight":1.0,"played":[1.0,0.0],"evs":[0.0,-2.91203]},"T6o":{"weight":1.0,"played":[1.0,0.0],"evs":[0.0,-3.0832]},"J6o":{"weight":1.0,"played":[1.0,0.0],"evs":[0.0,-3.24315]},"Q6o":{"weight":1.0,"played":[1.0,0.0],"evs":[0.0,-2.87723]},"K6o":{"weight":1.0,"played":[1.0,0.0],"evs":[0.0,-2.7924]},"A6o":{"weight":1.0,"played":[1.0,0.0],"evs":[0.0,-2.09852]},"72s":{"weight":1.0,"played":[1.0,0.0],"evs":[0.0,-3.03757]},"73s":{"weight":1.0,"played":[1.0,0.0],"evs":[0.0,-2.60386]},"74s":{"weight":1.0,"played":[1.0,0.0],"evs":[0.0,-2.27188]},"75s":{"weight":1.0,"played":[1.0,0.0],"evs":[0.0,-1.89606]},"76s":{"weight":1.0,"played":[0.9998,2.0E-4],"evs":[0.0,-1.43539]},"77":{"weight":1.0,"played":[3.0E-4,0.9997],"evs":[0.0,0.51907]},"87o":{"weight":1.0,"played":[1.0,0.0],"evs":[0.0,-2.26411]},"97o":{"weight":1.0,"played":[1.0,0.0],"evs":[0.0,-2.51155]},"T7o":{"weight":1.0,"played":[1.0,0.0],"evs":[0.0,-2.87249]},"J7o":{"weight":1.0,"played":[1.0,0.0],"evs":[0.0,-2.92538]},"Q7o":{"weight":1.0,"played":[1.0,0.0],"evs":[0.0,-2.93435]},"K7o":{"weight":1.0,"played":[1.0,0.0],"evs":[0.0,-2.61283]},"A7o":{"weight":1.0,"played":[1.0,0.0],"evs":[0.0,-1.84107]},"82s":{"weight":1.0,"played":[1.0,0.0],"evs":[0.0,-3.03823]},"83s":{"weight":1.0,"played":[1.0,0.0],"evs":[0.0,-2.88421]},"84s":{"weight":1.0,"played":[1.0,0.0],"evs":[0.0,-2.56959]},"85s":{"weight":1.0,"played":[1.0,0.0],"evs":[0.0,-2.2363]},"86s":{"weight":1.0,"played":[1.0,0.0],"evs":[0.0,-1.71276]},"87s":{"weight":1.0,"played":[1.0,0.0],"evs":[0.0,-1.47365]},"88":{"weight":1.0,"played":[0.0,1.0],"evs":[0.0,0.72879]},"98o":{"weight":1.0,"played":[1.0,0.0],"evs":[0.0,-2.41059]},"T8o":{"weight":1.0,"played":[1.0,0.0],"evs":[0.0,-2.69794]},"J8o":{"weight":1.0,"played":[1.0,0.0],"evs":[0.0,-2.80495]},"Q8o":{"weight":1.0,"played":[1.0,0.0],"evs":[0.0,-2.68155]},"K8o":{"weight":1.0,"played":[1.0,0.0],"evs":[0.0,-2.88178]},"A8o":{"weight":1.0,"played":[1.0,0.0],"evs":[0.0,-1.59038]},"92s":{"weight":1.0,"played":[1.0,0.0],"evs":[0.0,-2.88458]},"93s":{"weight":1.0,"played":[1.0,0.0],"evs":[0.0,-2.7091]},"94s":{"weight":1.0,"played":[1.0,0.0],"evs":[0.0,-2.85578]},"95s":{"weight":1.0,"played":[1.0,0.0],"evs":[0.0,-2.46627]},"96s":{"weight":1.0,"played":[1.0,0.0],"evs":[0.0,-1.9702]},"97s":{"weight":1.0,"played":[1.0,0.0],"evs":[0.0,-1.64037]},"98s":{"weight":1.0,"played":[1.0,0.0],"evs":[0.0,-1.55426]},"99":{"weight":1.0,"played":[0.0,1.0],"evs":[0.0,1.22666]},"T9o":{"weight":1.0,"played":[1.0,0.0],"evs":[0.0,-2.38401]},"J9o":{"weight":1.0,"played":[1.0,0.0],"evs":[0.0,-2.49009]},"Q9o":{"weight":1.0,"played":[1.0,0.0],"evs":[0.0,-2.34533]},"K9o":{"weight":1.0,"played":[1.0,0.0],"evs":[0.0,-2.50178]},"A9o":{"weight":1.0,"played":[1.0,0.0],"evs":[0.0,-1.22294]},"T2s":{"weight":1.0,"played":[1.0,0.0],"evs":[0.0,-2.84694]},"T3s":{"weight":1.0,"played":[1.0,0.0],"evs":[0.0,-2.70014]},"T4s":{"weight":1.0,"played":[1.0,0.0],"evs":[0.0,-2.69391]},"T5s":{"weight":1.0,"played":[1.0,0.0],"evs":[0.0,-2.73743]},"T6s":{"weight":1.0,"played":[1.0,0.0],"evs":[0.0,-2.10103]},"T7s":{"weight":1.0,"played":[1.0,0.0],"evs":[0.0,-1.75105]},"T8s":{"weight":1.0,"played":[1.0,0.0],"evs":[0.0,-1.618]},"T9s":{"weight":1.0,"played":[1.0,0.0],"evs":[0.0,-1.39117]},"TT":{"weight":1.0,"played":[0.0,1.0],"evs":[0.0,1.97583]},"JTo":{"weight":1.0,"played":[1.0,0.0],"evs":[0.0,-2.1791]},"QTo":{"weight":1.0,"played":[1.0,0.0],"evs":[0.0,-2.09797]},"KTo":{"weight":1.0,"played":[1.0,0.0],"evs":[0.0,-1.82279]},"ATo":{"weight":1.0,"played":[0.4465,0.5535],"evs":[0.0,0.03134]},"J2s":{"weight":1.0,"played":[1.0,0.0],"evs":[0.0,-2.7706]},"J3s":{"weight":1.0,"played":[1.0,0.0],"evs":[0.0,-2.71061]},"J4s":{"weight":1.0,"played":[1.0,0.0],"evs":[0.0,-2.68964]},"J5s":{"weight":1.0,"played":[1.0,0.0],"evs":[0.0,-2.43253]},"J6s":{"weight":1.0,"played":[1.0,0.0],"evs":[0.0,-2.40506]},"J7s":{"weight":1.0,"played":[1.0,0.0],"evs":[0.0,-2.01625]},"J8s":{"weight":1.0,"played":[1.0,0.0],"evs":[0.0,-1.85148]},"J9s":{"weight":1.0,"played":[1.0,0.0],"evs":[0.0,-1.54695]},"JTs":{"weight":1.0,"played":[0.9999,1.0E-4],"evs":[0.0,-1.39967]},"JJ":{"weight":1.0,"played":[0.0,1.0],"evs":[0.0,2.65476]},"QJo":{"weight":1.0,"played":[1.0,0.0],"evs":[0.0,-1.90331]},"KJo":{"weight":1.0,"played":[1.0,0.0],"evs":[0.0,-1.42201]},"AJo":{"weight":1.0,"played":[0.0,1.0],"evs":[0.0,0.56645]},"Q2s":{"weight":1.0,"played":[1.0,0.0],"evs":[0.0,-2.3775]},"Q3s":{"weight":1.0,"played":[1.0,0.0],"evs":[0.0,-2.1999]},"Q4s":{"weight":1.0,"played":[1.0,0.0],"evs":[0.0,-2.31614]},"Q5s":{"weight":1.0,"played":[1.0,0.0],"evs":[0.0,-2.04663]},"Q6s":{"weight":1.0,"played":[1.0,0.0],"evs":[0.0,-1.8122]},"Q7s":{"weight":1.0,"played":[1.0,0.0],"evs":[0.0,-1.9654]},"Q8s":{"weight":1.0,"played":[1.0,0.0],"evs":[0.0,-1.71971]},"Q9s":{"weight":1.0,"played":[0.9998,2.0E-4],"evs":[0.0,-1.60237]},"QTs":{"weight":1.0,"played":[1.0,0.0],"evs":[0.0,-1.18882]},"QJs":{"weight":1.0,"played":[0.9999,1.0E-4],"evs":[0.0,-0.97335]},"QQ":{"weight":1.0,"played":[0.0,1.0],"evs":[0.0,3.8916]},"KQo":{"weight":1.0,"played":[0.9999,1.0E-4],"evs":[0.0,-0.90968]},"AQo":{"weight":1.0,"played":[0.0,1.0],"evs":[0.0,1.3912]},"K2s":{"weight":1.0,"played":[1.0,0.0],"evs":[0.0,-2.28276]},"K3s":{"weight":1.0,"played":[1.0,0.0],"evs":[0.0,-2.26679]},"K4s":{"weight":1.0,"played":[1.0,0.0],"evs":[0.0,-2.05805]},"K5s":{"weight":1.0,"played":[1.0,0.0],"evs":[0.0,-2.05334]},"K6s":{"weight":1.0,"played":[1.0,0.0],"evs":[0.0,-1.83725]},"K7s":{"weight":1.0,"played":[1.0,0.0],"evs":[0.0,-1.71212]},"K8s":{"weight":1.0,"played":[1.0,0.0],"evs":[0.0,-1.89471]},"K9s":{"weight":1.0,"played":[1.0,0.0],"evs":[0.0,-1.47275]},"KTs":{"weight":1.0,"played":[0.9995,5.0E-4],"evs":[0.0,-1.02117]},"KJs":{"weight":1.0,"played":[0.9996,4.0E-4],"evs":[0.0,-0.70621]},"KQs":{"weight":1.0,"played":[0.9947,0.0053],"evs":[0.0,-0.13269]},"KK":{"weight":1.0,"played":[0.0,1.0],"evs":[0.0,5.80334]},"AKo":{"weight":1.0,"played":[0.0,1.0],"evs":[0.0,2.54414]},"A2s":{"weight":1.0,"played":[1.0,0.0],"evs":[0.0,-1.47624]},"A3s":{"weight":1.0,"played":[1.0,0.0],"evs":[0.0,-1.48516]},"A4s":{"weight":1.0,"played":[0.9996,4.0E-4],"evs":[0.0,-1.33626]},"A5s":{"weight":1.0,"played":[1.0,0.0],"evs":[0.0,-1.15816]},"A6s":{"weight":1.0,"played":[1.0,0.0],"evs":[0.0,-1.24938]},"A7s":{"weight":1.0,"played":[0.9996,4.0E-4],"evs":[0.0,-0.89461]},"A8s":{"weight":1.0,"played":[1.0,0.0],"evs":[0.0,-0.71907]},"A9s":{"weight":1.0,"played":[0.9536,0.0464],"evs":[0.0,-0.13469]},"ATs":{"weight":1.0,"played":[0.0013,0.9987],"evs":[0.0,0.7652]},"AJs":{"weight":1.0,"played":[0.0,1.0],"evs":[0.0,1.31686]},"AQs":{"weight":1.0,"played":[0.0,1.0],"evs":[0.0,2.03721]},"AKs":{"weight":1.0,"played":[0.0,1.0],"evs":[0.0,3.26834]},"AA":{"weight":1.0,"played":[0.0,1.0],"evs":[0.0,10.42954]}}}