{"player":1,"street":0,"children":2,"sequence":[{"player":0,"type":"R","amount":24250000,"street":0},{"player":1,"type":"C","amount":21750000,"street":0},{"player":2,"type":"R","amount":27750000,"street":0}],"actions":[{"type":"F","amount":0},{"type":"C","amount":3500000}],"hands":{"22":{"weight":0.9015,"played":[0.0,1.0],"evs":[0.0,5.23906]},"32o":{"weight":0.0,"played":[0.0,1.0],"evs":[0.0,3.32102]},"42o":{"weight":0.0,"played":[0.0,1.0],"evs":[0.0,3.45305]},"52o":{"weight":0.0,"played":[0.0,1.0],"evs":[0.0,3.53789]},"62o":{"weight":0.0,"played":[0.0,1.0],"evs":[0.0,3.36691]},"72o":{"weight":0.0,"played":[0.0,1.0],"evs":[0.0,3.15625]},"82o":{"weight":0.0,"played":[0.0,1.0],"evs":[0.0,3.31017]},"92o":{"weight":0.0,"played":[0.0,1.0],"evs":[0.0,3.27525]},"T2o":{"weight":0.0,"played":[0.0,1.0],"evs":[0.0,3.32998]},"J2o":{"weight":0.0,"played":[0.0,1.0],"evs":[0.0,3.51751]},"Q2o":{"weight":0.0,"played":[0.0,1.0],"evs":[0.0,3.67313]},"K2o":{"weight":0.0,"played":[0.0,1.0],"evs":[0.0,3.97021]},"A2o":{"weight":0.3,"played":[0.0,1.0],"evs":[0.0,4.54197]},"32s":{"weight":0.0,"played":[0.0,1.0],"evs":[0.0,4.01847]},"33":{"weight":0.8548,"played":[0.0,1.0],"evs":[0.0,5.56992]},"43o":{"weight":0.0,"played":[0.0,1.0],"evs":[0.0,3.77822]},"53o":{"weight":0.0,"played":[0.0,1.0],"evs":[0.0,3.87477]},"63o":{"weight":0.0,"played":[0.0,1.0],"evs":[0.0,3.71721]},"73o":{"weight":0.0,"played":[0.0,1.0],"evs":[0.0,3.48482]},"83o":{"weight":0.0,"played":[0.0,1.0],"evs":[0.0,3.3486]},"93o":{"weight":0.0,"played":[0.0,1.0],"evs":[0.0,3.3814]},"T3o":{"weight":0.0,"played":[0.0,1.0],"evs":[0.0,3.43877]},"J3o":{"weight":0.0,"played":[0.0,1.0],"evs":[0.0,3.61977]},"Q3o":{"weight":0.0,"played":[0.0,1.0],"evs":[0.0,3.80686]},"K3o":{"weight":0.0,"played":[0.0,1.0],"evs":[0.0,4.05745]},"A3o":{"weight":0.3268,"played":[0.0,1.0],"evs":[0.0,4.66604]},"42s":{"weight":0.0,"played":[0.0,1.0],"evs":[0.0,4.12347]},"43s":{"weight":0.0,"played":[0.0,1.0],"evs":[0.0,4.4669]},"44":{"weight":0.7251,"played":[0.0,1.0],"evs":[0.0,5.89762]},"54o":{"weight":0.0,"played":[0.0,1.0],"evs":[0.0,4.18712]},"64o":{"weight":0.0,"played":[0.0,1.0],"evs":[0.0,4.04274]},"74o":{"weight":0.0,"played":[0.0,1.0],"evs":[0.0,3.82732]},"84o":{"weight":0.0,"played":[0.0,1.0],"evs":[0.0,3.69585]},"94o":{"weight":0.0,"played":[0.0,1.0],"evs":[0.0,3.43235]},"T4o":{"weight":0.0,"played":[0.0,1.0],"evs":[0.0,3.55196]},"J4o":{"weight":0.0,"played":[0.0,1.0],"evs":[0.0,3.75879]},"Q4o":{"weight":0.0,"played":[0.0,1.0],"evs":[0.0,3.9167]},"K4o":{"weight":0.0,"played":[0.0,1.0],"evs":[0.0,4.18939]},"A4o":{"weight":0.1628,"played":[0.0,1.0],"evs":[0.0,4.80901]},"52s":{"weight":0.0,"played":[0.0,1.0],"evs":[0.0,4.26459]},"53s":{"weight":0.0,"played":[0.0,1.0],"evs":[0.0,4.57488]},"54s":{"weight":0.0,"played":[0.0,1.0],"evs":[0.0,4.84466]},"55":{"weight":0.5649,"played":[0.0,1.0],"evs":[0.0,6.28879]},"65o":{"weight":0.0,"played":[0.0,1.0],"evs":[0.0,4.322]},"75o":{"weight":0.0,"played":[0.0,1.0],"evs":[0.0,4.11676]},"85o":{"weight":0.0,"played":[0.0,1.0],"evs":[0.0,3.99231]},"95o":{"weight":0.0,"played":[0.0,1.0],"evs":[0.0,3.74615]},"T5o":{"weight":0.0,"played":[0.0,1.0],"evs":[0.0,3.61654]},"J5o":{"weight":0.0,"played":[0.0,1.0],"evs":[0.0,3.8193]},"Q5o":{"weight":0.0,"played":[0.0,1.0],"evs":[0.0,3.9923]},"K5o":{"weight":0.0,"played":[0.0,1.0],"evs":[0.0,4.29699]},"A5o":{"weight":0.2086,"played":[0.0,1.0],"evs":[0.0,4.97309]},"62s":{"weight":0.0,"played":[0.0,1.0],"evs":[0.0,4.13988]},"63s":{"weight":0.0,"played":[0.0,1.0],"evs":[0.0,4.41345]},"64s":{"weight":0.0,"played":[0.0,1.0],"evs":[0.0,4.76583]},"65s":{"weight":0.0,"played":[0.0,1.0],"evs":[0.0,4.99735]},"66":{"weight":0.5225,"played":[0.0,1.0],"evs":[0.0,6.66917]},"76o":{"weight":0.0,"played":[0.0,1.0],"evs":[0.0,4.40932]},"86o":{"weight":0.0,"played":[0.0,1.0],"evs":[0.0,4.29413]},"96o":{"weight":0.0,"played":[0.0,1.0],"evs":[0.0,4.07897]},"T6o":{"weight":0.0,"played":[0.0,1.0],"evs":[0.0,3.91492]},"J6o":{"weight":0.0,"played":[0.0,1.0],"evs":[0.0,3.90924]},"Q6o":{"weight":0.0,"played":[0.0,1.0],"evs":[0.0,4.13796]},"K6o":{"weight":0.0,"played":[0.0,1.0],"evs":[0.0,4.43143]},"A6o":{"weight":0.1192,"played":[0.0,1.0],"evs":[0.0,4.92142]},"72s":{"weight":0.0,"played":[0.0,1.0],"evs":[0.0,3.90636]},"73s":{"weight":0.0,"played":[0.0,1.0],"evs":[0.0,4.19672]},"74s":{"weight":0.0,"played":[0.0,1.0],"evs":[0.0,4.53231]},"75s":{"weight":0.0,"played":[0.0,1.0],"evs":[0.0,4.79919]},"76s":{"weight":0.4258,"played":[0.0,1.0],"evs":[0.0,5.09861]},"77":{"weight":0.5039,"played":[0.0,1.0],"evs":[0.0,7.08088]},"87o":{"weight":0.0,"played":[0.0,1.0],"evs":[0.0,4.48019]},"97o":{"weight":0.0,"played":[0.0,1.0],"evs":[0.0,4.28272]},"T7o":{"weight":0.0,"played":[0.0,1.0],"evs":[0.0,4.17854]},"J7o":{"weight":0.0,"played":[0.0,1.0],"evs":[0.0,4.13105]},"Q7o":{"weight":0.0,"played":[0.0,1.0],"evs":[0.0,4.15265]},"K7o":{"weight":0.0,"played":[0.0,1.0],"evs":[0.0,4.50042]},"A7o":{"weight":0.0255,"played":[0.0,1.0],"evs":[0.0,5.2063]},"82s":{"weight":0.0,"played":[0.0,1.0],"evs":[0.0,4.02477]},"83s":{"weight":0.0,"played":[0.0,1.0],"evs":[0.0,4.09362]},"84s":{"weight":0.0,"played":[0.0,1.0],"evs":[0.0,4.41431]},"85s":{"weight":0.0,"played":[0.0,1.0],"evs":[0.0,4.71195]},"86s":{"weight":0.0,"played":[0.0,1.0],"evs":[0.0,4.95843]},"87s":{"weight":0.3108,"played":[0.0,1.0],"evs":[0.0,5.17933]},"88":{"weight":0.508,"played":[0.0,1.0],"evs":[0.0,7.55742]},"98o":{"weight":0.0,"played":[0.0,1.0],"evs":[0.0,4.55994]},"T8o":{"weight":0.0,"played":[0.0,1.0],"evs":[0.0,4.48348]},"J8o":{"weight":0.0,"played":[0.0,1.0],"evs":[0.0,4.44554]},"Q8o":{"weight":0.0,"played":[0.0,1.0],"evs":[0.0,4.4449]},"K8o":{"weight":0.0,"played":[0.0,1.0],"evs":[0.0,4.60252]},"A8o":{"weight":0.1751,"played":[0.0,1.0],"evs":[0.0,5.50727]},"92s":{"weight":0.0,"played":[0.0,1.0],"evs":[0.0,4.03567]},"93s":{"weight":0.0,"played":[0.0,1.0],"evs":[0.0,4.15015]},"94s":{"weight":0.0,"played":[0.0,1.0],"evs":[0.0,4.186]},"95s":{"weight":0.0,"played":[0.0,1.0],"evs":[0.0,4.48035]},"96s":{"weight":0.0,"played":[0.0,1.0],"evs":[0.0,4.78583]},"97s":{"weight":0.0015,"played":[0.0,1.0],"evs":[0.0,5.00696]},"98s":{"weight":0.4647,"played":[0.0,1.0],"evs":[0.0,5.22729]},"99":{"weight":0.3418,"played":[0.0,1.0],"evs":[0.0,8.0928]},"T9o":{"weight":0.0,"played":[0.0,1.0],"evs":[0.0,4.70462]},"J9o":{"weight":0.0,"played":[0.0,1.0],"evs":[0.0,4.70361]},"Q9o":{"weight":0.0,"played":[0.0,1.0],"evs":[0.0,4.73079]},"K9o":{"weight":0.1622,"played":[0.0,1.0],"evs":[0.0,4.95319]},"A9o":{"weight":0.1448,"played":[0.0,1.0],"evs":[0.0,5.88831]},"T2s":{"weight":0.0,"played":[0.0,1.0],"evs":[0.0,4.09441]},"T3s":{"weight":0.0,"played":[0.0,1.0],"evs":[0.0,4.17952]},"T4s":{"weight":0.0,"played":[0.0,1.0],"evs":[0.0,4.31675]},"T5s":{"weight":0.0,"played":[0.0,1.0],"evs":[0.0,4.36252]},"T6s":{"weight":0.0,"played":[0.0,1.0],"evs":[0.0,4.66155]},"T7s":{"weight":0.0,"played":[0.0,1.0],"evs":[0.0,4.8644]},"T8s":{"weight":0.2328,"played":[0.0,1.0],"evs":[0.0,5.18993]},"T9s":{"weight":0.341,"played":[0.0,1.0],"evs":[0.0,5.42379]},"TT":{"weight":0.1738,"played":[0.0,1.0],"evs":[0.0,8.94346]},"JTo":{"weight":0.1649,"played":[0.0,1.0],"evs":[0.0,5.07048]},"QTo":{"weight":0.1633,"played":[0.0,1.0],"evs":[0.0,5.20614]},"KTo":{"weight":0.1391,"played":[0.0,1.0],"evs":[0.0,5.52215]},"ATo":{"weight":0.2012,"played":[0.0,1.0],"evs":[0.0,6.62835]},"J2s":{"weight":0.0,"played":[0.0,1.0],"evs":[0.0,4.27473]},"J3s":{"weight":0.0,"played":[0.0,1.0],"evs":[0.0,4.38504]},"J4s":{"weight":0.0,"played":[0.0,1.0],"evs":[0.0,4.48938]},"J5s":{"weight":0.0,"played":[0.0,1.0],"evs":[0.0,4.58963]},"J6s":{"weight":0.0,"played":[0.0,1.0],"evs":[0.0,4.60662]},"J7s":{"weight":0.0,"played":[0.0,1.0],"evs":[0.0,4.85534]},"J8s":{"weight":0.1642,"played":[0.0,1.0],"evs":[0.0,5.10599]},"J9s":{"weight":0.2403,"played":[0.0,1.0],"evs":[0.0,5.36524]},"JTs":{"weight":0.1685,"played":[0.0,1.0],"evs":[0.0,5.76326]},"JJ":{"weight":0.1683,"played":[0.0,1.0],"evs":[0.0,9.77091]},"QJo":{"weight":0.1603,"played":[0.0,1.0],"evs":[0.0,5.49901]},"KJo":{"weight":0.1393,"played":[0.0,1.0],"evs":[0.0,5.88618]},"AJo":{"weight":0.1338,"played":[0.0,1.0],"evs":[0.0,7.10392]},"Q2s":{"weight":0.0,"played":[0.0,1.0],"evs":[0.0,4.42593]},"Q3s":{"weight":0.0,"played":[0.0,1.0],"evs":[0.0,4.57806]},"Q4s":{"weight":0.0,"played":[0.0,1.0],"evs":[0.0,4.67262]},"Q5s":{"weight":0.0,"played":[0.0,1.0],"evs":[0.0,4.7708]},"Q6s":{"weight":0.0,"played":[0.0,1.0],"evs":[0.0,4.8939]},"Q7s":{"weight":0.0,"played":[0.0,1.0],"evs":[0.0,4.86156]},"Q8s":{"weight":0.1536,"played":[0.0,1.0],"evs":[0.0,5.18169]},"Q9s":{"weight":0.1922,"played":[0.0,1.0],"evs":[0.0,5.40686]},"QTs":{"weight":0.1616,"played":[0.0,1.0],"evs":[0.0,5.84654]},"QJs":{"weight":0.1574,"played":[0.0,1.0],"evs":[0.0,6.11921]},"QQ":{"weight":0.1523,"played":[0.0,1.0],"evs":[0.0,10.7225]},"KQo":{"weight":0.1608,"played":[0.0,1.0],"evs":[0.0,6.24831]},"AQo":{"weight":0.2836,"played":[0.0,1.0],"evs":[0.0,7.63485]},"K2s":{"weight":0.0,"played":[0.0,1.0],"evs":[0.0,4.73115]},"K3s":{"weight":0.0,"played":[0.0,1.0],"evs":[0.0,4.85512]},"K4s":{"weight":0.0,"played":[0.0,1.0],"evs":[0.0,4.94466]},"K5s":{"weight":0.0921,"played":[0.0,1.0],"evs":[0.0,5.02639]},"K6s":{"weight":0.2029,"played":[0.0,1.0],"evs":[0.0,5.15673]},"K7s":{"weight":0.1561,"played":[0.0,1.0],"evs":[0.0,5.23078]},"K8s":{"weight":0.1597,"played":[0.0,1.0],"evs":[0.0,5.34153]},"K9s":{"weight":0.1508,"played":[0.0,1.0],"evs":[0.0,5.65964]},"KTs":{"weight":0.137,"played":[0.0,1.0],"evs":[0.0,6.18186]},"KJs":{"weight":0.1438,"played":[0.0,1.0],"evs":[0.0,6.48634]},"KQs":{"weight":0.133,"played":[0.0,1.0],"evs":[0.0,6.88224]},"KK":{"weight":0.1491,"played":[0.0,1.0],"evs":[0.0,11.83583]},"AKo":{"weight":0.4699,"played":[0.0,1.0],"evs":[0.0,8.21448]},"A2s":{"weight":0.2019,"played":[0.0,1.0],"evs":[0.0,5.27763]},"A3s":{"weight":0.1979,"played":[0.0,1.0],"evs":[0.0,5.39544]},"A4s":{"weight":0.1015,"played":[0.0,1.0],"evs":[0.0,5.55042]},"A5s":{"weight":0.1172,"played":[0.0,1.0],"evs":[0.0,5.70503]},"A6s":{"weight":0.0988,"played":[0.0,1.0],"evs":[0.0,5.67175]},"A7s":{"weight":0.0639,"played":[0.0,1.0],"evs":[0.0,5.89463]},"A8s":{"weight":0.1338,"played":[0.0,1.0],"evs":[0.0,6.20344]},"A9s":{"weight":0.1622,"played":[0.0,1.0],"evs":[0.0,6.57283]},"ATs":{"weight":0.182,"played":[0.0,1.0],"evs":[0.0,7.22636]},"AJs":{"weight":0.2546,"played":[0.0,1.0],"evs":[0.0,7.71576]},"AQs":{"weight":0.1942,"played":[0.0,1.0],"evs":[0.0,8.20899]},"AKs":{"weight":0.0621,"played":[0.0,1.0],"evs":[0.0,8.70794]},"AA":{"weight":0.1395,"played":[0.0,1.0],"evs":[0.0,13.78741]}}}