{"player":2,"street":0,"children":2,"sequence":[{"player":0,"type":"F","amount":0,"street":0},{"player":1,"type":"R","amount":200000,"street":0},{"player":2,"type":"C","amount":200000,"street":0},{"player":3,"type":"F","amount":0,"street":0},{"player":4,"type":"F","amount":0,"street":0},{"player":5,"type":"R","amount":1985000,"street":0},{"player":1,"type":"C","amount":1785000,"street":0}],"actions":[{"type":"F","amount":0},{"type":"C","amount":1685000}],"hands":{"22":{"weight":0.0019,"played":[1.0,0.0],"evs":[0.0,-3.3792]},"32o":{"weight":0.0,"played":[1.0,0.0],"evs":[0.0,-6.45714]},"42o":{"weight":0.0,"played":[1.0,0.0],"evs":[0.0,-6.27046]},"52o":{"weight":0.0,"played":[1.0,0.0],"evs":[0.0,-6.09731]},"62o":{"weight":0.0,"played":[1.0,0.0],"evs":[0.0,-6.52191]},"72o":{"weight":0.0,"played":[1.0,0.0],"evs":[0.0,-7.24028]},"82o":{"weight":0.0,"played":[1.0,0.0],"evs":[0.0,-6.8151]},"92o":{"weight":0.0,"played":[1.0,0.0],"evs":[0.0,-6.45616]},"T2o":{"weight":0.0,"played":[1.0,0.0],"evs":[0.0,-6.38263]},"J2o":{"weight":0.0,"played":[1.0,0.0],"evs":[0.0,-6.10343]},"Q2o":{"weight":0.0,"played":[1.0,0.0],"evs":[0.0,-5.84102]},"K2o":{"weight":0.0,"played":[1.0,0.0],"evs":[0.0,-5.2333]},"A2o":{"weight":0.0,"played":[1.0,0.0],"evs":[0.0,-6.72337]},"32s":{"weight":0.0,"played":[1.0,0.0],"evs":[0.0,-4.65184]},"33":{"weight":0.8164,"played":[1.0,0.0],"evs":[0.0,-3.07255]},"43o":{"weight":0.0,"played":[1.0,0.0],"evs":[0.0,-5.73605]},"53o":{"weight":0.0,"played":[1.0,0.0],"evs":[0.0,-5.58842]},"63o":{"weight":0.0,"played":[1.0,0.0],"evs":[0.0,-5.8722]},"73o":{"weight":0.0,"played":[1.0,0.0],"evs":[0.0,-6.42857]},"83o":{"weight":0.0,"played":[1.0,0.0],"evs":[0.0,-6.70163]},"93o":{"weight":0.0,"played":[1.0,0.0],"evs":[0.0,-6.14638]},"T3o":{"weight":0.0,"played":[1.0,0.0],"evs":[0.0,-6.26893]},"J3o":{"weight":0.0,"played":[1.0,0.0],"evs":[0.0,-6.02672]},"Q3o":{"weight":0.0,"played":[1.0,0.0],"evs":[0.0,-5.68412]},"K3o":{"weight":0.0,"played":[1.0,0.0],"evs":[0.0,-5.16917]},"A3o":{"weight":0.0,"played":[1.0,0.0],"evs":[0.0,-6.40874]},"42s":{"weight":0.0,"played":[1.0,0.0],"evs":[0.0,-4.5678]},"43s":{"weight":0.0,"played":[1.0,0.0],"evs":[0.0,-3.67836]},"44":{"weight":0.2565,"played":[1.0,0.0],"evs":[0.0,-2.87401]},"54o":{"weight":0.0,"played":[1.0,0.0],"evs":[0.0,-5.00752]},"64o":{"weight":0.0,"played":[1.0,0.0],"evs":[0.0,-5.28182]},"74o":{"weight":0.0,"played":[1.0,0.0],"evs":[0.0,-5.64493]},"84o":{"weight":0.0,"played":[1.0,0.0],"evs":[0.0,-6.0346]},"94o":{"weight":0.0,"played":[1.0,0.0],"evs":[0.0,-6.36761]},"T4o":{"weight":0.0,"played":[1.0,0.0],"evs":[0.0,-5.98407]},"J4o":{"weight":0.0,"played":[1.0,0.0],"evs":[0.0,-5.86791]},"Q4o":{"weight":0.0,"played":[1.0,0.0],"evs":[0.0,-5.66201]},"K4o":{"weight":0.0,"played":[1.0,0.0],"evs":[0.0,-4.79275]},"A4o":{"weight":0.0,"played":[1.0,0.0],"evs":[0.0,-6.31426]},"52s":{"weight":0.0,"played":[1.0,0.0],"evs":[0.0,-4.35518]},"53s":{"weight":0.0,"played":[1.0,0.0],"evs":[0.0,-3.67776]},"54s":{"weight":0.0,"played":[1.0,0.0],"evs":[0.0,-3.19827]},"55":{"weight":0.4655,"played":[1.0,0.0],"evs":[0.0,-2.00006]},"65o":{"weight":0.0,"played":[1.0,0.0],"evs":[0.0,-4.37234]},"75o":{"weight":0.0,"played":[1.0,0.0],"evs":[0.0,-5.08107]},"85o":{"weight":0.0,"played":[1.0,0.0],"evs":[0.0,-5.32592]},"95o":{"weight":0.0,"played":[1.0,0.0],"evs":[0.0,-5.59206]},"T5o":{"weight":0.0,"played":[1.0,0.0],"evs":[0.0,-5.88329]},"J5o":{"weight":0.0,"played":[1.0,0.0],"evs":[0.0,-5.69335]},"Q5o":{"weight":0.0,"played":[1.0,0.0],"evs":[0.0,-5.33452]},"K5o":{"weight":0.0,"played":[1.0,0.0],"evs":[0.0,-4.90934]},"A5o":{"weight":0.0,"played":[1.0,0.0],"evs":[0.0,-5.89967]},"62s":{"weight":0.0,"played":[1.0,0.0],"evs":[0.0,-5.00956]},"63s":{"weight":0.0,"played":[1.0,0.0],"evs":[0.0,-4.0708]},"64s":{"weight":0.0,"played":[1.0,0.0],"evs":[0.0,-3.4138]},"65s":{"weight":0.0,"played":[0.9998,2.0E-4],"evs":[0.0,-3.15542]},"66":{"weight":0.7368,"played":[0.9998,2.0E-4],"evs":[0.0,-1.31989]},"76o":{"weight":0.0,"played":[1.0,0.0],"evs":[0.0,-4.31496]},"86o":{"weight":0.0,"played":[1.0,0.0],"evs":[0.0,-4.73466]},"96o":{"weight":0.0,"played":[1.0,0.0],"evs":[0.0,-4.67195]},"T6o":{"weight":0.0,"played":[1.0,0.0],"evs":[0.0,-5.16583]},"J6o":{"weight":0.0,"played":[1.0,0.0],"evs":[0.0,-5.52136]},"Q6o":{"weight":0.0,"played":[1.0,0.0],"evs":[0.0,-5.05347]},"K6o":{"weight":0.0,"played":[1.0,0.0],"evs":[0.0,-4.44549]},"A6o":{"weight":0.0,"played":[1.0,0.0],"evs":[0.0,-6.48272]},"72s":{"weight":0.0,"played":[1.0,0.0],"evs":[0.0,-5.11554]},"73s":{"weight":0.0,"played":[1.0,0.0],"evs":[0.0,-4.65508]},"74s":{"weight":0.0,"played":[1.0,0.0],"evs":[0.0,-4.05168]},"75s":{"weight":0.0,"played":[1.0,0.0],"evs":[0.0,-3.80984]},"76s":{"weight":0.0,"played":[1.0,0.0],"evs":[0.0,-2.43825]},"77":{"weight":0.003,"played":[0.9956,0.0044],"evs":[0.0,-0.65101]},"87o":{"weight":0.0,"played":[1.0,0.0],"evs":[0.0,-4.2296]},"97o":{"weight":0.0,"played":[1.0,0.0],"evs":[0.0,-4.30668]},"T7o":{"weight":0.0,"played":[1.0,0.0],"evs":[0.0,-4.72695]},"J7o":{"weight":0.0,"played":[1.0,0.0],"evs":[0.0,-5.24389]},"Q7o":{"weight":0.0,"played":[1.0,0.0],"evs":[0.0,-5.19752]},"K7o":{"weight":0.0,"played":[1.0,0.0],"evs":[0.0,-4.53082]},"A7o":{"weight":0.0,"played":[1.0,0.0],"evs":[0.0,-6.1874]},"82s":{"weight":0.0,"played":[1.0,0.0],"evs":[0.0,-4.83384]},"83s":{"weight":0.0,"played":[1.0,0.0],"evs":[0.0,-4.97983]},"84s":{"weight":0.0,"played":[1.0,0.0],"evs":[0.0,-4.25593]},"85s":{"weight":0.0,"played":[1.0,0.0],"evs":[0.0,-3.56184]},"86s":{"weight":0.0,"played":[1.0,0.0],"evs":[0.0,-2.66603]},"87s":{"weight":0.003,"played":[0.9998,2.0E-4],"evs":[0.0,-2.37737]},"88":{"weight":0.0,"played":[0.0078,0.9922],"evs":[0.0,0.35856]},"98o":{"weight":0.0,"played":[1.0,0.0],"evs":[0.0,-3.68614]},"T8o":{"weight":0.0,"played":[1.0,0.0],"evs":[0.0,-3.79879]},"J8o":{"weight":0.0,"played":[1.0,0.0],"evs":[0.0,-4.2334]},"Q8o":{"weight":0.0,"played":[1.0,0.0],"evs":[0.0,-4.48184]},"K8o":{"weight":0.0,"played":[1.0,0.0],"evs":[0.0,-4.21533]},"A8o":{"weight":2.0E-4,"played":[1.0,0.0],"evs":[0.0,-5.36607]},"92s":{"weight":0.0,"played":[1.0,0.0],"evs":[0.0,-4.57921]},"93s":{"weight":0.0,"played":[1.0,0.0],"evs":[0.0,-4.82523]},"94s":{"weight":0.0,"played":[1.0,0.0],"evs":[0.0,-4.45564]},"95s":{"weight":0.0,"played":[1.0,0.0],"evs":[0.0,-3.7825]},"96s":{"weight":0.0,"played":[1.0,0.0],"evs":[0.0,-2.85181]},"97s":{"weight":0.0,"played":[1.0,0.0],"evs":[0.0,-2.61975]},"98s":{"weight":0.6418,"played":[1.0,0.0],"evs":[0.0,-2.02957]},"99":{"weight":0.0,"played":[0.0,1.0],"evs":[0.0,2.13817]},"T9o":{"weight":0.0,"played":[1.0,0.0],"evs":[0.0,-3.35265]},"J9o":{"weight":0.0,"played":[1.0,0.0],"evs":[0.0,-3.42902]},"Q9o":{"weight":0.0,"played":[1.0,0.0],"evs":[0.0,-3.61474]},"K9o":{"weight":0.0,"played":[1.0,0.0],"evs":[0.0,-3.52601]},"A9o":{"weight":0.6469,"played":[1.0,0.0],"evs":[0.0,-4.88204]},"T2s":{"weight":0.0,"played":[1.0,0.0],"evs":[0.0,-4.44171]},"T3s":{"weight":0.0,"played":[1.0,0.0],"evs":[0.0,-4.38044]},"T4s":{"weight":0.0,"played":[1.0,0.0],"evs":[0.0,-4.38322]},"T5s":{"weight":0.0,"played":[1.0,0.0],"evs":[0.0,-4.40565]},"T6s":{"weight":0.0,"played":[1.0,0.0],"evs":[0.0,-3.41623]},"T7s":{"weight":0.0,"played":[1.0,0.0],"evs":[0.0,-2.98339]},"T8s":{"weight":0.0491,"played":[0.9999,1.0E-4],"evs":[0.0,-2.40003]},"T9s":{"weight":0.9999,"played":[1.0,0.0],"evs":[0.0,-1.60179]},"TT":{"weight":0.0,"played":[0.0,1.0],"evs":[0.0,3.6501]},"JTo":{"weight":0.0,"played":[1.0,0.0],"evs":[0.0,-2.55548]},"QTo":{"weight":0.0,"played":[1.0,0.0],"evs":[0.0,-2.97475]},"KTo":{"weight":0.0071,"played":[1.0,0.0],"evs":[0.0,-2.56887]},"ATo":{"weight":0.448,"played":[1.0,0.0],"evs":[0.0,-3.70498]},"J2s":{"weight":0.0,"played":[1.0,0.0],"evs":[0.0,-4.23604]},"J3s":{"weight":0.0,"played":[1.0,0.0],"evs":[0.0,-3.97934]},"J4s":{"weight":0.0,"played":[1.0,0.0],"evs":[0.0,-3.95447]},"J5s":{"weight":0.0,"played":[1.0,0.0],"evs":[0.0,-3.86243]},"J6s":{"weight":0.0,"played":[1.0,0.0],"evs":[0.0,-3.61843]},"J7s":{"weight":0.0,"played":[1.0,0.0],"evs":[0.0,-3.20548]},"J8s":{"weight":0.0,"played":[1.0,0.0],"evs":[0.0,-2.50682]},"J9s":{"weight":0.9935,"played":[1.0,0.0],"evs":[0.0,-1.73407]},"JTs":{"weight":0.4156,"played":[0.9999,1.0E-4],"evs":[0.0,-1.02569]},"JJ":{"weight":5.0E-4,"played":[0.0,1.0],"evs":[0.0,5.91293]},"QJo":{"weight":0.6083,"played":[1.0,0.0],"evs":[0.0,-2.5355]},"KJo":{"weight":1.0,"played":[1.0,0.0],"evs":[0.0,-2.35828]},"AJo":{"weight":0.0023,"played":[0.9999,1.0E-4],"evs":[0.0,-2.24273]},"Q2s":{"weight":0.0,"played":[1.0,0.0],"evs":[0.0,-4.18209]},"Q3s":{"weight":0.0,"played":[1.0,0.0],"evs":[0.0,-3.58572]},"Q4s":{"weight":0.0,"played":[1.0,0.0],"evs":[0.0,-3.60784]},"Q5s":{"weight":0.0,"played":[1.0,0.0],"evs":[0.0,-3.53715]},"Q6s":{"weight":0.0,"played":[1.0,0.0],"evs":[0.0,-3.20626]},"Q7s":{"weight":0.0,"played":[1.0,0.0],"evs":[0.0,-3.53842]},"Q8s":{"weight":1.0E-4,"played":[1.0,0.0],"evs":[0.0,-2.52019]},"Q9s":{"weight":0.9978,"played":[1.0,0.0],"evs":[0.0,-2.0134]},"QTs":{"weight":0.901,"played":[1.0,0.0],"evs":[0.0,-1.35062]},"QJs":{"weight":0.5907,"played":[0.9999,1.0E-4],"evs":[0.0,-0.84769]},"QQ":{"weight":0.2416,"played":[0.0,1.0],"evs":[0.0,9.03905]},"KQo":{"weight":3.0E-4,"played":[1.0,0.0],"evs":[0.0,-1.80486]},"AQo":{"weight":0.0,"played":[0.8398,0.1602],"evs":[0.0,-0.24385]},"K2s":{"weight":0.0,"played":[0.9999,1.0E-4],"evs":[0.0,-3.32411]},"K3s":{"weight":0.0,"played":[0.9999,1.0E-4],"evs":[0.0,-3.42034]},"K4s":{"weight":0.0,"played":[1.0,0.0],"evs":[0.0,-3.40994]},"K5s":{"weight":0.0,"played":[1.0,0.0],"evs":[0.0,-2.95325]},"K6s":{"weight":0.0,"played":[1.0,0.0],"evs":[0.0,-2.68737]},"K7s":{"weight":0.0,"played":[1.0,0.0],"evs":[0.0,-2.52113]},"K8s":{"weight":0.617,"played":[1.0,0.0],"evs":[0.0,-2.47766]},"K9s":{"weight":0.5072,"played":[1.0,0.0],"evs":[0.0,-1.75334]},"KTs":{"weight":0.2492,"played":[0.9998,2.0E-4],"evs":[0.0,-0.98383]},"KJs":{"weight":0.9962,"played":[0.9998,2.0E-4],"evs":[0.0,-0.68755]},"KQs":{"weight":0.3303,"played":[0.9881,0.0119],"evs":[0.0,-0.50941]},"KK":{"weight":1.0,"played":[0.0,1.0],"evs":[0.0,12.66453]},"AKo":{"weight":0.0,"played":[0.0,1.0],"evs":[0.0,2.54617]},"A2s":{"weight":0.0549,"played":[1.0,0.0],"evs":[0.0,-4.6497]},"A3s":{"weight":0.1714,"played":[0.9999,1.0E-4],"evs":[0.0,-4.42649]},"A4s":{"weight":0.6298,"played":[1.0,0.0],"evs":[0.0,-4.2143]},"A5s":{"weight":0.3313,"played":[1.0,0.0],"evs":[0.0,-4.04152]},"A6s":{"weight":1.0,"played":[1.0,0.0],"evs":[0.0,-4.55465]},"A7s":{"weight":0.8837,"played":[1.0,0.0],"evs":[0.0,-4.13538]},"A8s":{"weight":0.5728,"played":[1.0,0.0],"evs":[0.0,-3.7478]},"A9s":{"weight":0.4813,"played":[1.0,0.0],"evs":[0.0,-2.85985]},"ATs":{"weight":0.9999,"played":[0.9997,3.0E-4],"evs":[0.0,-1.92549]},"AJs":{"weight":1.0,"played":[0.9779,0.0221],"evs":[0.0,-0.35845]},"AQs":{"weight":0.0013,"played":[0.0,1.0],"evs":[0.0,1.08639]},"AKs":{"weight":0.0,"played":[0.0,1.0],"evs":[0.0,3.90333]},"AA":{"weight":1.0,"played":[0.0,1.0],"evs":[0.0,19.4997]}}}