{"player":1,"street":0,"children":2,"sequence":[{"player":0,"type":"F","amount":0,"street":0},{"player":1,"type":"R","amount":200000,"street":0},{"player":2,"type":"C","amount":200000,"street":0},{"player":3,"type":"F","amount":0,"street":0},{"player":4,"type":"C","amount":150000,"street":0},{"player":5,"type":"R","amount":1985000,"street":0}],"actions":[{"type":"F","amount":0,"node":105},{"type":"C","amount":1785000,"node":108}],"hands":{"22":{"weight":0.0,"played":[7.0E-4,0.9993],"evs":[0.0,0.24047]},"32o":{"weight":0.0,"played":[1.0,0.0],"evs":[0.0,-4.12155]},"42o":{"weight":0.0,"played":[1.0,0.0],"evs":[0.0,-3.8899]},"52o":{"weight":0.0,"played":[0.9999,1.0E-4],"evs":[0.0,-3.5911]},"62o":{"weight":0.0,"played":[1.0,0.0],"evs":[0.0,-3.70407]},"72o":{"weight":0.0,"played":[1.0,0.0],"evs":[0.0,-4.09538]},"82o":{"weight":0.0,"played":[1.0,0.0],"evs":[0.0,-3.98014]},"92o":{"weight":0.0,"played":[1.0,0.0],"evs":[0.0,-4.11129]},"T2o":{"weight":0.0,"played":[1.0,0.0],"evs":[0.0,-4.03916]},"J2o":{"weight":0.0,"played":[1.0,0.0],"evs":[0.0,-4.62697]},"Q2o":{"weight":0.0,"played":[0.9998,2.0E-4],"evs":[0.0,-3.04539]},"K2o":{"weight":0.0,"played":[1.0,0.0],"evs":[0.0,-3.29381]},"A2o":{"weight":0.0,"played":[0.9988,0.0012],"evs":[0.0,-1.92576]},"32s":{"weight":0.0,"played":[0.996,0.004],"evs":[0.0,-2.28567]},"33":{"weight":0.0916,"played":[2.0E-4,0.9998],"evs":[0.0,1.58316]},"43o":{"weight":0.0,"played":[0.9998,2.0E-4],"evs":[0.0,-3.02141]},"53o":{"weight":0.0,"played":[0.9997,3.0E-4],"evs":[0.0,-2.84901]},"63o":{"weight":0.0,"played":[1.0,0.0],"evs":[0.0,-3.09976]},"73o":{"weight":0.0,"played":[1.0,0.0],"evs":[0.0,-3.50499]},"83o":{"weight":0.0,"played":[1.0,0.0],"evs":[0.0,-3.83812]},"93o":{"weight":0.0,"played":[1.0,0.0],"evs":[0.0,-4.14652]},"T3o":{"weight":0.0,"played":[1.0,0.0],"evs":[0.0,-3.96711]},"J3o":{"weight":0.0,"played":[1.0,0.0],"evs":[0.0,-4.00157]},"Q3o":{"weight":0.0,"played":[0.9993,7.0E-4],"evs":[0.0,-3.51941]},"K3o":{"weight":0.0,"played":[1.0,0.0],"evs":[0.0,-2.65299]},"A3o":{"weight":0.4868,"played":[1.0,0.0],"evs":[0.0,-2.07708]},"42s":{"weight":0.0,"played":[1.0,0.0],"evs":[0.0,-1.9863]},"43s":{"weight":0.0,"played":[0.8127,0.1873],"evs":[0.0,-1.43625]},"44":{"weight":0.4788,"played":[0.0,1.0],"evs":[0.0,1.9315]},"54o":{"weight":0.0,"played":[0.9999,1.0E-4],"evs":[0.0,-2.06936]},"64o":{"weight":0.0,"played":[0.9995,5.0E-4],"evs":[0.0,-2.10068]},"74o":{"weight":0.0,"played":[0.9999,1.0E-4],"evs":[0.0,-2.44442]},"84o":{"weight":0.0,"played":[1.0,0.0],"evs":[0.0,-2.88959]},"94o":{"weight":0.0,"played":[0.9999,1.0E-4],"evs":[0.0,-3.73765]},"T4o":{"weight":0.0,"played":[1.0,0.0],"evs":[0.0,-3.29114]},"J4o":{"weight":0.0,"played":[1.0,0.0],"evs":[0.0,-4.07418]},"Q4o":{"weight":0.0,"played":[0.9998,2.0E-4],"evs":[0.0,-3.39286]},"K4o":{"weight":0.0,"played":[0.9999,1.0E-4],"evs":[0.0,-2.8126]},"A4o":{"weight":1.0,"played":[0.9988,0.0012],"evs":[0.0,-1.62369]},"52s":{"weight":0.0,"played":[0.9908,0.0092],"evs":[0.0,-1.23912]},"53s":{"weight":0.0,"played":[0.9957,0.0043],"evs":[0.0,-0.47474]},"54s":{"weight":2.0E-4,"played":[0.0067,0.9933],"evs":[0.0,0.27079]},"55":{"weight":0.173,"played":[0.0,1.0],"evs":[0.0,2.65292]},"65o":{"weight":0.0,"played":[0.9985,0.0015],"evs":[0.0,-1.01007]},"75o":{"weight":0.0,"played":[0.9997,3.0E-4],"evs":[0.0,-1.72527]},"85o":{"weight":0.0,"played":[1.0,0.0],"evs":[0.0,-2.08942]},"95o":{"weight":0.0,"played":[1.0,0.0],"evs":[0.0,-3.53361]},"T5o":{"weight":0.0,"played":[1.0,0.0],"evs":[0.0,-3.39983]},"J5o":{"weight":0.0,"played":[1.0,0.0],"evs":[0.0,-3.64913]},"Q5o":{"weight":0.0,"played":[1.0,0.0],"evs":[0.0,-2.63653]},"K5o":{"weight":0.0,"played":[0.9999,1.0E-4],"evs":[0.0,-2.30334]},"A5o":{"weight":1.0,"played":[0.9766,0.0234],"evs":[0.0,-1.35954]},"62s":{"weight":0.0,"played":[0.9918,0.0082],"evs":[0.0,-2.04867]},"63s":{"weight":0.0,"played":[0.9967,0.0033],"evs":[0.0,-0.83471]},"64s":{"weight":0.0,"played":[0.7704,0.2296],"evs":[0.0,-0.30707]},"65s":{"weight":0.9984,"played":[0.5431,0.4569],"evs":[0.0,0.12446]},"66":{"weight":0.5914,"played":[0.0,1.0],"evs":[0.0,4.01967]},"76o":{"weight":0.0,"played":[0.9849,0.0151],"evs":[0.0,-1.50187]},"86o":{"weight":0.0,"played":[0.9999,1.0E-4],"evs":[0.0,-1.32839]},"96o":{"weight":0.0,"played":[0.9984,0.0016],"evs":[0.0,-2.37816]},"T6o":{"weight":0.0,"played":[0.9995,5.0E-4],"evs":[0.0,-2.43651]},"J6o":{"weight":0.0,"played":[1.0,0.0],"evs":[0.0,-2.88802]},"Q6o":{"weight":0.0,"played":[1.0,0.0],"evs":[0.0,-1.8343]},"K6o":{"weight":0.0,"played":[1.0,0.0],"evs":[0.0,-2.10542]},"A6o":{"weight":1.0,"played":[0.9997,3.0E-4],"evs":[0.0,-1.60192]},"72s":{"weight":0.0,"played":[0.9995,5.0E-4],"evs":[0.0,-1.92238]},"73s":{"weight":0.0,"played":[0.9963,0.0037],"evs":[0.0,-1.02031]},"74s":{"weight":0.0,"played":[0.9992,8.0E-4],"evs":[0.0,-0.91463]},"75s":{"weight":0.0,"played":[0.1457,0.8543],"evs":[0.0,0.05918]},"76s":{"weight":1.0,"played":[0.0103,0.9897],"evs":[0.0,0.61701]},"77":{"weight":0.9999,"played":[0.0,1.0],"evs":[0.0,5.62511]},"87o":{"weight":0.0,"played":[0.9993,7.0E-4],"evs":[0.0,-1.38619]},"97o":{"weight":0.0,"played":[0.9995,5.0E-4],"evs":[0.0,-1.02677]},"T7o":{"weight":0.0,"played":[0.9999,1.0E-4],"evs":[0.0,-1.41288]},"J7o":{"weight":0.0,"played":[0.9999,1.0E-4],"evs":[0.0,-2.36272]},"Q7o":{"weight":0.0,"played":[1.0,0.0],"evs":[0.0,-2.39643]},"K7o":{"weight":0.0,"played":[0.9981,0.0019],"evs":[0.0,-2.44236]},"A7o":{"weight":1.0,"played":[0.9202,0.0798],"evs":[0.0,-0.47288]},"82s":{"weight":0.0,"played":[0.9996,4.0E-4],"evs":[0.0,-1.85735]},"83s":{"weight":0.0,"played":[0.9987,0.0013],"evs":[0.0,-2.39321]},"84s":{"weight":0.0,"played":[0.9825,0.0175],"evs":[0.0,-1.11187]},"85s":{"weight":0.0,"played":[0.9958,0.0042],"evs":[0.0,-0.7126]},"86s":{"weight":0.9964,"played":[0.2135,0.7865],"evs":[0.0,0.38407]},"87s":{"weight":1.0,"played":[3.0E-4,0.9997],"evs":[0.0,1.13194]},"88":{"weight":1.0,"played":[0.0,1.0],"evs":[0.0,6.49368]},"98o":{"weight":0.0,"played":[0.9954,0.0046],"evs":[0.0,-1.00938]},"T8o":{"weight":0.0,"played":[0.9864,0.0136],"evs":[0.0,-1.21945]},"J8o":{"weight":0.0,"played":[0.9998,2.0E-4],"evs":[0.0,-1.61949]},"Q8o":{"weight":0.0,"played":[0.9987,0.0013],"evs":[0.0,-1.79879]},"K8o":{"weight":0.0,"played":[0.9997,3.0E-4],"evs":[0.0,-2.07721]},"A8o":{"weight":0.984,"played":[0.0586,0.9414],"evs":[0.0,0.15679]},"92s":{"weight":0.0,"played":[1.0,0.0],"evs":[0.0,-2.19726]},"93s":{"weight":0.0,"played":[0.9961,0.0039],"evs":[0.0,-1.84725]},"94s":{"weight":0.0,"played":[0.9987,0.0013],"evs":[0.0,-1.72106]},"95s":{"weight":0.0,"played":[0.9906,0.0094],"evs":[0.0,-1.85054]},"96s":{"weight":0.0,"played":[0.7704,0.2296],"evs":[0.0,-0.0214]},"97s":{"weight":0.9999,"played":[0.0321,0.9679],"evs":[0.0,0.90415]},"98s":{"weight":0.9885,"played":[0.0,1.0],"evs":[0.0,1.19754]},"99":{"weight":1.0,"played":[0.0,1.0],"evs":[0.0,7.55102]},"T9o":{"weight":0.9931,"played":[0.9968,0.0032],"evs":[0.0,-0.74045]},"J9o":{"weight":0.0,"played":[0.9994,6.0E-4],"evs":[0.0,-1.25157]},"Q9o":{"weight":0.0,"played":[0.9913,0.0087],"evs":[0.0,-1.08723]},"K9o":{"weight":0.3439,"played":[0.9978,0.0022],"evs":[0.0,-1.38257]},"A9o":{"weight":0.3048,"played":[3.0E-4,0.9997],"evs":[0.0,0.96965]},"T2s":{"weight":0.0,"played":[0.9999,1.0E-4],"evs":[0.0,-1.09423]},"T3s":{"weight":0.0,"played":[0.9973,0.0027],"evs":[0.0,-2.66615]},"T4s":{"weight":0.0,"played":[0.9969,0.0031],"evs":[0.0,-1.68602]},"T5s":{"weight":0.0,"played":[0.9985,0.0015],"evs":[0.0,-1.62961]},"T6s":{"weight":0.0,"played":[0.9906,0.0094],"evs":[0.0,-0.66428]},"T7s":{"weight":1.0,"played":[0.074,0.926],"evs":[0.0,0.0625]},"T8s":{"weight":0.4491,"played":[0.0024,0.9976],"evs":[0.0,0.69399]},"T9s":{"weight":0.0017,"played":[0.0274,0.9726],"evs":[0.0,1.23044]},"TT":{"weight":1.0,"played":[0.0,1.0],"evs":[0.0,10.04828]},"JTo":{"weight":0.9988,"played":[0.9954,0.0046],"evs":[0.0,-0.84747]},"QTo":{"weight":1.0,"played":[0.8778,0.1222],"evs":[0.0,-0.47788]},"KTo":{"weight":0.9991,"played":[0.9485,0.0515],"evs":[0.0,-0.21813]},"ATo":{"weight":0.1299,"played":[0.0,1.0],"evs":[0.0,3.38134]},"J2s":{"weight":0.0,"played":[0.9997,3.0E-4],"evs":[0.0,-2.25496]},"J3s":{"weight":0.0,"played":[0.9993,7.0E-4],"evs":[0.0,-1.51177]},"J4s":{"weight":0.0,"played":[1.0,0.0],"evs":[0.0,-1.78651]},"J5s":{"weight":0.0,"played":[0.9971,0.0029],"evs":[0.0,-1.12787]},"J6s":{"weight":0.0,"played":[0.9949,0.0051],"evs":[0.0,-1.71854]},"J7s":{"weight":0.9974,"played":[0.7303,0.2697],"evs":[0.0,-0.96837]},"J8s":{"weight":0.999,"played":[0.5172,0.4828],"evs":[0.0,-0.03369]},"J9s":{"weight":0.0626,"played":[7.0E-4,0.9993],"evs":[0.0,0.56307]},"JTs":{"weight":0.0669,"played":[0.0087,0.9913],"evs":[0.0,2.13528]},"JJ":{"weight":1.0,"played":[0.0,1.0],"evs":[0.0,11.45436]},"QJo":{"weight":1.0,"played":[0.8443,0.1557],"evs":[0.0,-0.24726]},"KJo":{"weight":0.9552,"played":[0.0039,0.9961],"evs":[0.0,0.18779]},"AJo":{"weight":0.4617,"played":[0.0,1.0],"evs":[0.0,4.50684]},"Q2s":{"weight":0.0,"played":[0.9928,0.0072],"evs":[0.0,-2.21166]},"Q3s":{"weight":0.0,"played":[0.9988,0.0012],"evs":[0.0,-1.13279]},"Q4s":{"weight":0.0,"played":[0.9928,0.0072],"evs":[0.0,-1.88778]},"Q5s":{"weight":1.0E-4,"played":[0.9738,0.0262],"evs":[0.0,-1.87417]},"Q6s":{"weight":0.9882,"played":[0.9385,0.0615],"evs":[0.0,-0.56045]},"Q7s":{"weight":0.9994,"played":[0.1926,0.8074],"evs":[0.0,0.35587]},"Q8s":{"weight":1.0,"played":[0.0596,0.9404],"evs":[0.0,0.3286]},"Q9s":{"weight":0.9999,"played":[0.0736,0.9264],"evs":[0.0,0.77057]},"QTs":{"weight":0.8124,"played":[2.0E-4,0.9998],"evs":[0.0,1.97545]},"QJs":{"weight":0.9971,"played":[0.0043,0.9957],"evs":[0.0,0.97085]},"QQ":{"weight":1.0,"played":[0.0,1.0],"evs":[0.0,14.72226]},"KQo":{"weight":0.4277,"played":[0.0,1.0],"evs":[0.0,2.03308]},"AQo":{"weight":0.9998,"played":[0.0,1.0],"evs":[0.0,6.69347]},"K2s":{"weight":0.0,"played":[0.985,0.015],"evs":[0.0,-1.14881]},"K3s":{"weight":0.0024,"played":[0.9955,0.0045],"evs":[0.0,-1.61389]},"K4s":{"weight":0.9941,"played":[0.9285,0.0715],"evs":[0.0,-0.64772]},"K5s":{"weight":1.0,"played":[0.6917,0.3083],"evs":[0.0,0.00452]},"K6s":{"weight":0.4569,"played":[0.3371,0.6629],"evs":[0.0,0.23586]},"K7s":{"weight":0.9072,"played":[0.9714,0.0286],"evs":[0.0,-0.49553]},"K8s":{"weight":0.9995,"played":[0.5521,0.4479],"evs":[0.0,-0.02263]},"K9s":{"weight":0.1832,"played":[0.2933,0.7067],"evs":[0.0,0.17823]},"KTs":{"weight":0.5555,"played":[0.0422,0.9578],"evs":[0.0,1.89507]},"KJs":{"weight":1.0,"played":[0.0035,0.9965],"evs":[0.0,1.92512]},"KQs":{"weight":1.0,"played":[0.0,1.0],"evs":[0.0,3.49387]},"KK":{"weight":1.0,"played":[0.0,1.0],"evs":[0.0,18.16758]},"AKo":{"weight":1.0,"played":[0.0,1.0],"evs":[0.0,8.41174]},"A2s":{"weight":0.9955,"played":[0.0421,0.9579],"evs":[0.0,0.40069]},"A3s":{"weight":0.9925,"played":[0.5327,0.4673],"evs":[0.0,-0.07929]},"A4s":{"weight":0.0,"played":[0.0043,0.9957],"evs":[0.0,0.01209]},"A5s":{"weight":4.0E-4,"played":[9.0E-4,0.9991],"evs":[0.0,1.32749]},"A6s":{"weight":0.0607,"played":[0.0191,0.9809],"evs":[0.0,0.9632]},"A7s":{"weight":0.9994,"played":[0.0,1.0],"evs":[0.0,0.82567]},"A8s":{"weight":1.0,"played":[0.0,1.0],"evs":[0.0,2.4002]},"A9s":{"weight":1.0,"played":[0.0,1.0],"evs":[0.0,3.28288]},"ATs":{"weight":1.0,"played":[0.0,1.0],"evs":[0.0,5.04438]},"AJs":{"weight":1.0,"played":[0.0,1.0],"evs":[0.0,6.06253]},"AQs":{"weight":1.0,"played":[0.0,1.0],"evs":[0.0,8.16783]},"AKs":{"weight":1.0,"played":[0.0,1.0],"evs":[0.0,9.88312]},"AA":{"weight":1.0,"played":[0.0,1.0],"evs":[0.0,25.07623]}}}