{"player":4,"street":0,"children":2,"sequence":[{"player":0,"type":"F","amount":0,"street":0},{"player":1,"type":"R","amount":200000,"street":0},{"player":2,"type":"C","amount":200000,"street":0},{"player":3,"type":"C","amount":200000,"street":0}],"actions":[{"type":"F","amount":0,"node":121},{"type":"R","amount":1085000,"node":129}],"hands":{"22":{"weight":1.0,"played":[0.8073,0.1927],"evs":[0.0,-0.36315]},"32o":{"weight":1.0,"played":[0.9999,1.0E-4],"evs":[0.0,-3.25412]},"42o":{"weight":1.0,"played":[0.9999,1.0E-4],"evs":[0.0,-2.99644]},"52o":{"weight":1.0,"played":[0.9998,2.0E-4],"evs":[0.0,-3.05232]},"62o":{"weight":1.0,"played":[0.9999,1.0E-4],"evs":[0.0,-3.05282]},"72o":{"weight":1.0,"played":[1.0,0.0],"evs":[0.0,-3.21561]},"82o":{"weight":1.0,"played":[1.0,0.0],"evs":[0.0,-3.33954]},"92o":{"weight":1.0,"played":[1.0,0.0],"evs":[0.0,-3.89421]},"T2o":{"weight":1.0,"played":[1.0,0.0],"evs":[0.0,-3.98952]},"J2o":{"weight":1.0,"played":[1.0,0.0],"evs":[0.0,-3.87423]},"Q2o":{"weight":1.0,"played":[1.0,0.0],"evs":[0.0,-3.75857]},"K2o":{"weight":1.0,"played":[1.0,0.0],"evs":[0.0,-3.04533]},"A2o":{"weight":1.0,"played":[1.0,0.0],"evs":[0.0,-1.7089]},"32s":{"weight":1.0,"played":[0.9997,3.0E-4],"evs":[0.0,-2.09635]},"33":{"weight":1.0,"played":[0.9799,0.0201],"evs":[0.0,-0.75195]},"43o":{"weight":1.0,"played":[1.0,0.0],"evs":[0.0,-2.42106]},"53o":{"weight":1.0,"played":[0.9997,3.0E-4],"evs":[0.0,-1.71061]},"63o":{"weight":1.0,"played":[1.0,0.0],"evs":[0.0,-2.82052]},"73o":{"weight":1.0,"played":[1.0,0.0],"evs":[0.0,-3.01606]},"83o":{"weight":1.0,"played":[1.0,0.0],"evs":[0.0,-3.10573]},"93o":{"weight":1.0,"played":[0.9999,1.0E-4],"evs":[0.0,-3.32558]},"T3o":{"weight":1.0,"played":[1.0,0.0],"evs":[0.0,-3.64986]},"J3o":{"weight":1.0,"played":[1.0,0.0],"evs":[0.0,-3.71729]},"Q3o":{"weight":1.0,"played":[1.0,0.0],"evs":[0.0,-3.49698]},"K3o":{"weight":1.0,"played":[1.0,0.0],"evs":[0.0,-2.84705]},"A3o":{"weight":1.0,"played":[0.9994,6.0E-4],"evs":[0.0,-1.42137]},"42s":{"weight":1.0,"played":[0.9992,8.0E-4],"evs":[0.0,-2.07471]},"43s":{"weight":1.0,"played":[0.9997,3.0E-4],"evs":[0.0,-1.19879]},"44":{"weight":1.0,"played":[0.4876,0.5124],"evs":[0.0,-0.23921]},"54o":{"weight":1.0,"played":[1.0,0.0],"evs":[0.0,-1.23445]},"64o":{"weight":1.0,"played":[1.0,0.0],"evs":[0.0,-2.15044]},"74o":{"weight":1.0,"played":[0.9999,1.0E-4],"evs":[0.0,-2.56123]},"84o":{"weight":1.0,"played":[0.9999,1.0E-4],"evs":[0.0,-2.79556]},"94o":{"weight":1.0,"played":[1.0,0.0],"evs":[0.0,-3.43208]},"T4o":{"weight":1.0,"played":[1.0,0.0],"evs":[0.0,-3.97426]},"J4o":{"weight":1.0,"played":[1.0,0.0],"evs":[0.0,-3.59744]},"Q4o":{"weight":1.0,"played":[0.9999,1.0E-4],"evs":[0.0,-2.98727]},"K4o":{"weight":1.0,"played":[1.0,0.0],"evs":[0.0,-2.74423]},"A4o":{"weight":1.0,"played":[0.999,0.001],"evs":[0.0,-1.43665]},"52s":{"weight":1.0,"played":[0.9987,0.0013],"evs":[0.0,-1.71195]},"53s":{"weight":1.0,"played":[0.9374,0.0626],"evs":[0.0,-0.63589]},"54s":{"weight":1.0,"played":[0.9758,0.0242],"evs":[0.0,-0.77055]},"55":{"weight":1.0,"played":[0.0359,0.9641],"evs":[0.0,0.70667]},"65o":{"weight":1.0,"played":[0.9993,7.0E-4],"evs":[0.0,-1.13445]},"75o":{"weight":1.0,"played":[0.9994,6.0E-4],"evs":[0.0,-1.71283]},"85o":{"weight":1.0,"played":[0.9997,3.0E-4],"evs":[0.0,-1.99893]},"95o":{"weight":1.0,"played":[1.0,0.0],"evs":[0.0,-2.64436]},"T5o":{"weight":1.0,"played":[1.0,0.0],"evs":[0.0,-3.83407]},"J5o":{"weight":1.0,"played":[1.0,0.0],"evs":[0.0,-3.75899]},"Q5o":{"weight":1.0,"played":[1.0,0.0],"evs":[0.0,-3.16249]},"K5o":{"weight":1.0,"played":[1.0,0.0],"evs":[0.0,-2.68861]},"A5o":{"weight":1.0,"played":[0.9975,0.0025],"evs":[0.0,-1.02883]},"62s":{"weight":1.0,"played":[0.9997,3.0E-4],"evs":[0.0,-2.29223]},"63s":{"weight":1.0,"played":[0.9971,0.0029],"evs":[0.0,-1.55499]},"64s":{"weight":1.0,"played":[0.937,0.063],"evs":[0.0,-0.96205]},"65s":{"weight":1.0,"played":[0.439,0.561],"evs":[0.0,-0.40259]},"66":{"weight":1.0,"played":[0.0022,0.9978],"evs":[0.0,1.29394]},"76o":{"weight":1.0,"played":[1.0,0.0],"evs":[0.0,-1.15012]},"86o":{"weight":1.0,"played":[0.9996,4.0E-4],"evs":[0.0,-1.45834]},"96o":{"weight":1.0,"played":[1.0,0.0],"evs":[0.0,-1.99609]},"T6o":{"weight":1.0,"played":[1.0,0.0],"evs":[0.0,-2.64319]},"J6o":{"weight":1.0,"played":[1.0,0.0],"evs":[0.0,-3.33459]},"Q6o":{"weight":1.0,"played":[0.9999,1.0E-4],"evs":[0.0,-2.78716]},"K6o":{"weight":1.0,"played":[1.0,0.0],"evs":[0.0,-2.76305]},"A6o":{"weight":1.0,"played":[0.9999,1.0E-4],"evs":[0.0,-1.41393]},"72s":{"weight":1.0,"played":[0.9998,2.0E-4],"evs":[0.0,-2.36426]},"73s":{"weight":1.0,"played":[0.9985,0.0015],"evs":[0.0,-1.65249]},"74s":{"weight":1.0,"played":[0.9991,9.0E-4],"evs":[0.0,-1.09645]},"75s":{"weight":1.0,"played":[0.8794,0.1206],"evs":[0.0,0.11098]},"76s":{"weight":1.0,"played":[0.6068,0.3932],"evs":[0.0,-0.32855]},"77":{"weight":1.0,"played":[6.0E-4,0.9994],"evs":[0.0,2.09222]},"87o":{"weight":1.0,"played":[0.9999,1.0E-4],"evs":[0.0,-1.34859]},"97o":{"weight":1.0,"played":[1.0,0.0],"evs":[0.0,-1.88507]},"T7o":{"weight":1.0,"played":[0.9996,4.0E-4],"evs":[0.0,-2.39766]},"J7o":{"weight":1.0,"played":[1.0,0.0],"evs":[0.0,-2.73376]},"Q7o":{"weight":1.0,"played":[1.0,0.0],"evs":[0.0,-2.52767]},"K7o":{"weight":1.0,"played":[1.0,0.0],"evs":[0.0,-1.85994]},"A7o":{"weight":1.0,"played":[0.9831,0.0169],"evs":[0.0,-0.76718]},"82s":{"weight":1.0,"played":[0.9989,0.0011],"evs":[0.0,-1.77488]},"83s":{"weight":1.0,"played":[0.9999,1.0E-4],"evs":[0.0,-2.05161]},"84s":{"weight":1.0,"played":[0.9998,2.0E-4],"evs":[0.0,-1.52331]},"85s":{"weight":1.0,"played":[0.9302,0.0698],"evs":[0.0,-1.23835]},"86s":{"weight":1.0,"played":[0.9509,0.0491],"evs":[0.0,-0.76438]},"87s":{"weight":1.0,"played":[0.017,0.983],"evs":[0.0,0.7988]},"88":{"weight":1.0,"played":[5.0E-4,0.9995],"evs":[0.0,2.39615]},"98o":{"weight":1.0,"played":[0.9985,0.0015],"evs":[0.0,-1.2365]},"T8o":{"weight":1.0,"played":[0.9998,2.0E-4],"evs":[0.0,-1.87204]},"J8o":{"weight":1.0,"played":[0.9996,4.0E-4],"evs":[0.0,-2.33876]},"Q8o":{"weight":1.0,"played":[0.9999,1.0E-4],"evs":[0.0,-2.12584]},"K8o":{"weight":1.0,"played":[1.0,0.0],"evs":[0.0,-1.78808]},"A8o":{"weight":1.0,"played":[1.0,0.0],"evs":[0.0,-0.49092]},"92s":{"weight":1.0,"played":[0.9999,1.0E-4],"evs":[0.0,-2.90297]},"93s":{"weight":1.0,"played":[0.9999,1.0E-4],"evs":[0.0,-2.09026]},"94s":{"weight":1.0,"played":[0.9999,1.0E-4],"evs":[0.0,-1.03143]},"95s":{"weight":1.0,"played":[1.0,0.0],"evs":[0.0,-0.93812]},"96s":{"weight":1.0,"played":[0.9986,0.0014],"evs":[0.0,-0.85411]},"97s":{"weight":1.0,"played":[0.5122,0.4878],"evs":[0.0,0.15761]},"98s":{"weight":1.0,"played":[0.7352,0.2648],"evs":[0.0,-0.61848]},"99":{"weight":1.0,"played":[0.0,1.0],"evs":[0.0,2.87766]},"T9o":{"weight":1.0,"played":[0.9979,0.0021],"evs":[0.0,-1.70333]},"J9o":{"weight":1.0,"played":[1.0,0.0],"evs":[0.0,-2.0261]},"Q9o":{"weight":1.0,"played":[0.9999,1.0E-4],"evs":[0.0,-1.97114]},"K9o":{"weight":1.0,"played":[0.9998,2.0E-4],"evs":[0.0,-1.69702]},"A9o":{"weight":1.0,"played":[0.8575,0.1425],"evs":[0.0,-0.39443]},"T2s":{"weight":1.0,"played":[0.9989,0.0011],"evs":[0.0,-2.68483]},"T3s":{"weight":1.0,"played":[0.9977,0.0023],"evs":[0.0,-2.3659]},"T4s":{"weight":1.0,"played":[1.0,0.0],"evs":[0.0,-2.63135]},"T5s":{"weight":1.0,"played":[0.9999,1.0E-4],"evs":[0.0,-2.21623]},"T6s":{"weight":1.0,"played":[0.9995,5.0E-4],"evs":[0.0,-0.9219]},"T7s":{"weight":1.0,"played":[0.9817,0.0183],"evs":[0.0,-1.4612]},"T8s":{"weight":1.0,"played":[0.8802,0.1198],"evs":[0.0,-0.69972]},"T9s":{"weight":1.0,"played":[0.3287,0.6713],"evs":[0.0,0.39287]},"TT":{"weight":1.0,"played":[1.0E-4,0.9999],"evs":[0.0,4.4215]},"JTo":{"weight":1.0,"played":[0.9984,0.0016],"evs":[0.0,-1.60958]},"QTo":{"weight":1.0,"played":[0.9921,0.0079],"evs":[0.0,-1.36548]},"KTo":{"weight":1.0,"played":[0.9922,0.0078],"evs":[0.0,-1.25816]},"ATo":{"weight":1.0,"played":[0.0,1.0],"evs":[0.0,1.21489]},"J2s":{"weight":1.0,"played":[0.9998,2.0E-4],"evs":[0.0,-2.4626]},"J3s":{"weight":1.0,"played":[1.0,0.0],"evs":[0.0,-2.12374]},"J4s":{"weight":1.0,"played":[0.9997,3.0E-4],"evs":[0.0,-2.34253]},"J5s":{"weight":1.0,"played":[0.9998,2.0E-4],"evs":[0.0,-1.86135]},"J6s":{"weight":1.0,"played":[0.9979,0.0021],"evs":[0.0,-1.88742]},"J7s":{"weight":1.0,"played":[0.9993,7.0E-4],"evs":[0.0,-2.03246]},"J8s":{"weight":1.0,"played":[0.9989,0.0011],"evs":[0.0,-0.71582]},"J9s":{"weight":1.0,"played":[0.8885,0.1115],"evs":[0.0,-0.06931]},"JTs":{"weight":1.0,"played":[0.8451,0.1549],"evs":[0.0,-0.56956]},"JJ":{"weight":1.0,"played":[0.0,1.0],"evs":[0.0,6.01011]},"QJo":{"weight":1.0,"played":[0.9885,0.0115],"evs":[0.0,-0.89921]},"KJo":{"weight":1.0,"played":[0.4952,0.5048],"evs":[0.0,0.15801]},"AJo":{"weight":1.0,"played":[0.0,1.0],"evs":[0.0,2.03523]},"Q2s":{"weight":1.0,"played":[0.9975,0.0025],"evs":[0.0,-1.16437]},"Q3s":{"weight":1.0,"played":[0.992,0.008],"evs":[0.0,-2.33313]},"Q4s":{"weight":1.0,"played":[0.9967,0.0033],"evs":[0.0,-2.23368]},"Q5s":{"weight":1.0,"played":[0.976,0.024],"evs":[0.0,-1.52667]},"Q6s":{"weight":1.0,"played":[0.9977,0.0023],"evs":[0.0,-1.87445]},"Q7s":{"weight":1.0,"played":[0.9921,0.0079],"evs":[0.0,-0.78597]},"Q8s":{"weight":1.0,"played":[0.976,0.024],"evs":[0.0,-0.65608]},"Q9s":{"weight":1.0,"played":[0.9846,0.0154],"evs":[0.0,-0.70574]},"QTs":{"weight":1.0,"played":[0.8137,0.1863],"evs":[0.0,-0.81308]},"QJs":{"weight":1.0,"played":[0.0621,0.9379],"evs":[0.0,0.7138]},"QQ":{"weight":1.0,"played":[0.0,1.0],"evs":[0.0,8.26566]},"KQo":{"weight":1.0,"played":[0.0012,0.9988],"evs":[0.0,0.93582]},"AQo":{"weight":1.0,"played":[0.0,1.0],"evs":[0.0,2.39143]},"K2s":{"weight":1.0,"played":[0.994,0.006],"evs":[0.0,-2.09292]},"K3s":{"weight":1.0,"played":[0.9991,9.0E-4],"evs":[0.0,-1.34185]},"K4s":{"weight":1.0,"played":[0.9415,0.0585],"evs":[0.0,-1.12612]},"K5s":{"weight":1.0,"played":[0.8499,0.1501],"evs":[0.0,-0.69134]},"K6s":{"weight":1.0,"played":[0.6453,0.3547],"evs":[0.0,-0.27633]},"K7s":{"weight":1.0,"played":[0.5339,0.4661],"evs":[0.0,0.04571]},"K8s":{"weight":1.0,"played":[0.9997,3.0E-4],"evs":[0.0,-0.18791]},"K9s":{"weight":1.0,"played":[0.9973,0.0027],"evs":[0.0,-0.49041]},"KTs":{"weight":1.0,"played":[0.1635,0.8365],"evs":[0.0,0.13429]},"KJs":{"weight":1.0,"played":[0.0276,0.9724],"evs":[0.0,1.1475]},"KQs":{"weight":1.0,"played":[1.0E-4,0.9999],"evs":[0.0,2.59963]},"KK":{"weight":1.0,"played":[0.0,1.0],"evs":[0.0,9.95225]},"AKo":{"weight":1.0,"played":[0.0,1.0],"evs":[0.0,3.85223]},"A2s":{"weight":1.0,"played":[0.1609,0.8391],"evs":[0.0,0.52819]},"A3s":{"weight":1.0,"played":[0.4094,0.5906],"evs":[0.0,0.13385]},"A4s":{"weight":1.0,"played":[0.044,0.956],"evs":[0.0,0.41678]},"A5s":{"weight":1.0,"played":[0.0199,0.9801],"evs":[0.0,1.3991]},"A6s":{"weight":1.0,"played":[0.7109,0.2891],"evs":[0.0,0.25217]},"A7s":{"weight":1.0,"played":[0.0725,0.9275],"evs":[0.0,1.07093]},"A8s":{"weight":1.0,"played":[0.0044,0.9956],"evs":[0.0,1.68878]},"A9s":{"weight":1.0,"played":[5.0E-4,0.9995],"evs":[0.0,1.85112]},"ATs":{"weight":1.0,"played":[0.0022,0.9978],"evs":[0.0,2.52438]},"AJs":{"weight":1.0,"played":[0.0,1.0],"evs":[0.0,2.98354]},"AQs":{"weight":1.0,"played":[0.0,1.0],"evs":[0.0,4.06362]},"AKs":{"weight":1.0,"played":[0.0,1.0],"evs":[0.0,4.88804]},"AA":{"weight":1.0,"played":[0.0,1.0],"evs":[0.0,15.26699]}}}