{"player":1,"street":0,"children":2,"sequence":[{"player":0,"type":"F","amount":0,"street":0},{"player":1,"type":"R","amount":200000,"street":0},{"player":2,"type":"C","amount":200000,"street":0},{"player":3,"type":"C","amount":200000,"street":0},{"player":4,"type":"F","amount":0,"street":0},{"player":5,"type":"R","amount":1985000,"street":0}],"actions":[{"type":"F","amount":0,"node":123},{"type":"C","amount":1785000,"node":126}],"hands":{"22":{"weight":0.0,"played":[0.7869,0.2131],"evs":[0.0,-0.02154]},"32o":{"weight":0.0,"played":[1.0,0.0],"evs":[0.0,-5.10464]},"42o":{"weight":0.0,"played":[0.9999,1.0E-4],"evs":[0.0,-4.11405]},"52o":{"weight":0.0,"played":[1.0,0.0],"evs":[0.0,-4.2653]},"62o":{"weight":0.0,"played":[1.0,0.0],"evs":[0.0,-3.88159]},"72o":{"weight":0.0,"played":[1.0,0.0],"evs":[0.0,-3.92687]},"82o":{"weight":0.0,"played":[0.9999,1.0E-4],"evs":[0.0,-4.29615]},"92o":{"weight":0.0,"played":[0.9999,1.0E-4],"evs":[0.0,-5.8609]},"T2o":{"weight":0.0,"played":[0.9996,4.0E-4],"evs":[0.0,-4.2537]},"J2o":{"weight":0.0,"played":[1.0,0.0],"evs":[0.0,-6.39694]},"Q2o":{"weight":0.0,"played":[0.9994,6.0E-4],"evs":[0.0,-4.76541]},"K2o":{"weight":0.0,"played":[0.9987,0.0013],"evs":[0.0,-3.22425]},"A2o":{"weight":0.0,"played":[0.9972,0.0028],"evs":[0.0,-2.07492]},"32s":{"weight":0.0,"played":[0.9237,0.0763],"evs":[0.0,-1.06201]},"33":{"weight":0.0916,"played":[0.2178,0.7822],"evs":[0.0,0.03014]},"43o":{"weight":0.0,"played":[0.9994,6.0E-4],"evs":[0.0,-4.06346]},"53o":{"weight":0.0,"played":[0.9987,0.0013],"evs":[0.0,-2.11794]},"63o":{"weight":0.0,"played":[0.9996,4.0E-4],"evs":[0.0,-2.85021]},"73o":{"weight":0.0,"played":[1.0,0.0],"evs":[0.0,-1.87981]},"83o":{"weight":0.0,"played":[0.9998,2.0E-4],"evs":[0.0,-3.8305]},"93o":{"weight":0.0,"played":[1.0,0.0],"evs":[0.0,-4.43337]},"T3o":{"weight":0.0,"played":[0.9971,0.0029],"evs":[0.0,-4.52041]},"J3o":{"weight":0.0,"played":[0.9966,0.0034],"evs":[0.0,-4.91414]},"Q3o":{"weight":0.0,"played":[0.9997,3.0E-4],"evs":[0.0,-4.51249]},"K3o":{"weight":0.0,"played":[0.9999,1.0E-4],"evs":[0.0,-2.4907]},"A3o":{"weight":0.4868,"played":[0.9894,0.0106],"evs":[0.0,-2.28638]},"42s":{"weight":0.0,"played":[0.9457,0.0543],"evs":[0.0,-1.61659]},"43s":{"weight":0.0,"played":[0.9726,0.0274],"evs":[0.0,-0.74611]},"44":{"weight":0.4788,"played":[0.1462,0.8538],"evs":[0.0,0.95253]},"54o":{"weight":0.0,"played":[0.9995,5.0E-4],"evs":[0.0,-1.89768]},"64o":{"weight":0.0,"played":[1.0,0.0],"evs":[0.0,-2.95641]},"74o":{"weight":0.0,"played":[0.9986,0.0014],"evs":[0.0,-2.03803]},"84o":{"weight":0.0,"played":[0.9953,0.0047],"evs":[0.0,-3.83126]},"94o":{"weight":0.0,"played":[0.9921,0.0079],"evs":[0.0,-3.96915]},"T4o":{"weight":0.0,"played":[0.9997,3.0E-4],"evs":[0.0,-5.1454]},"J4o":{"weight":0.0,"played":[0.9995,5.0E-4],"evs":[0.0,-4.78435]},"Q4o":{"weight":0.0,"played":[0.9983,0.0017],"evs":[0.0,-4.122]},"K4o":{"weight":0.0,"played":[0.9987,0.0013],"evs":[0.0,-3.2479]},"A4o":{"weight":1.0,"played":[0.9914,0.0086],"evs":[0.0,-2.06274]},"52s":{"weight":0.0,"played":[0.9993,7.0E-4],"evs":[0.0,-3.20599]},"53s":{"weight":0.0,"played":[0.8018,0.1982],"evs":[0.0,-1.81174]},"54s":{"weight":2.0E-4,"played":[0.7387,0.2613],"evs":[0.0,-1.77957]},"55":{"weight":0.173,"played":[9.0E-4,0.9991],"evs":[0.0,2.27291]},"65o":{"weight":0.0,"played":[0.9995,5.0E-4],"evs":[0.0,-1.09285]},"75o":{"weight":0.0,"played":[0.9969,0.0031],"evs":[0.0,-2.0129]},"85o":{"weight":0.0,"played":[0.9972,0.0028],"evs":[0.0,-2.35013]},"95o":{"weight":0.0,"played":[0.9998,2.0E-4],"evs":[0.0,-3.21027]},"T5o":{"weight":0.0,"played":[0.9996,4.0E-4],"evs":[0.0,-4.53047]},"J5o":{"weight":0.0,"played":[0.9995,5.0E-4],"evs":[0.0,-3.70672]},"Q5o":{"weight":0.0,"played":[0.9984,0.0016],"evs":[0.0,-3.78609]},"K5o":{"weight":0.0,"played":[0.9998,2.0E-4],"evs":[0.0,-2.58944]},"A5o":{"weight":1.0,"played":[0.9436,0.0564],"evs":[0.0,-1.4972]},"62s":{"weight":0.0,"played":[0.944,0.056],"evs":[0.0,-0.31511]},"63s":{"weight":0.0,"played":[0.7007,0.2993],"evs":[0.0,-0.12665]},"64s":{"weight":0.0,"played":[0.9356,0.0644],"evs":[0.0,0.35072]},"65s":{"weight":0.9984,"played":[0.3689,0.6311],"evs":[0.0,-0.79181]},"66":{"weight":0.5914,"played":[1.0E-4,0.9999],"evs":[0.0,3.42246]},"76o":{"weight":0.0,"played":[0.9692,0.0308],"evs":[0.0,-1.15586]},"86o":{"weight":0.0,"played":[0.995,0.005],"evs":[0.0,-1.67867]},"96o":{"weight":0.0,"played":[0.9978,0.0022],"evs":[0.0,-2.14996]},"T6o":{"weight":0.0,"played":[1.0,0.0],"evs":[0.0,-2.80512]},"J6o":{"weight":0.0,"played":[0.9976,0.0024],"evs":[0.0,-4.23643]},"Q6o":{"weight":0.0,"played":[0.9996,4.0E-4],"evs":[0.0,-3.68836]},"K6o":{"weight":0.0,"played":[0.9943,0.0057],"evs":[0.0,-2.44179]},"A6o":{"weight":1.0,"played":[0.9731,0.0269],"evs":[0.0,-1.75102]},"72s":{"weight":0.0,"played":[0.9655,0.0345],"evs":[0.0,-4.58793]},"73s":{"weight":0.0,"played":[0.9683,0.0317],"evs":[0.0,-1.30008]},"74s":{"weight":0.0,"played":[0.9622,0.0378],"evs":[0.0,-0.73797]},"75s":{"weight":0.0,"played":[0.9437,0.0563],"evs":[0.0,-0.97625]},"76s":{"weight":1.0,"played":[0.0778,0.9222],"evs":[0.0,0.10598]},"77":{"weight":0.9999,"played":[0.0,1.0],"evs":[0.0,5.66919]},"87o":{"weight":0.0,"played":[0.8781,0.1219],"evs":[0.0,-0.98504]},"97o":{"weight":0.0,"played":[0.9957,0.0043],"evs":[0.0,-1.41508]},"T7o":{"weight":0.0,"played":[0.923,0.077],"evs":[0.0,-2.14388]},"J7o":{"weight":0.0,"played":[0.9919,0.0081],"evs":[0.0,-3.29809]},"Q7o":{"weight":0.0,"played":[0.9997,3.0E-4],"evs":[0.0,-2.56943]},"K7o":{"weight":0.0,"played":[0.9678,0.0322],"evs":[0.0,-1.41647]},"A7o":{"weight":1.0,"played":[0.9778,0.0222],"evs":[0.0,-0.92486]},"82s":{"weight":0.0,"played":[0.9973,0.0027],"evs":[0.0,-2.04189]},"83s":{"weight":0.0,"played":[0.9843,0.0157],"evs":[0.0,-0.59905]},"84s":{"weight":0.0,"played":[0.8988,0.1012],"evs":[0.0,-2.33727]},"85s":{"weight":0.0,"played":[0.2957,0.7043],"evs":[0.0,0.55866]},"86s":{"weight":0.9964,"played":[0.8236,0.1764],"evs":[0.0,-1.08647]},"87s":{"weight":1.0,"played":[0.3734,0.6266],"evs":[0.0,0.3307]},"88":{"weight":1.0,"played":[5.0E-4,0.9995],"evs":[0.0,5.36646]},"98o":{"weight":0.0,"played":[0.9378,0.0622],"evs":[0.0,-0.90216]},"T8o":{"weight":0.0,"played":[0.98,0.02],"evs":[0.0,-1.60416]},"J8o":{"weight":0.0,"played":[0.9976,0.0024],"evs":[0.0,-3.93453]},"Q8o":{"weight":0.0,"played":[0.9973,0.0027],"evs":[0.0,-3.52524]},"K8o":{"weight":0.0,"played":[0.9986,0.0014],"evs":[0.0,-1.96451]},"A8o":{"weight":0.984,"played":[0.903,0.097],"evs":[0.0,-0.47132]},"92s":{"weight":0.0,"played":[0.9909,0.0091],"evs":[0.0,-3.00554]},"93s":{"weight":0.0,"played":[0.9965,0.0035],"evs":[0.0,-2.18752]},"94s":{"weight":0.0,"played":[0.9727,0.0273],"evs":[0.0,-0.89244]},"95s":{"weight":0.0,"played":[0.9918,0.0082],"evs":[0.0,-0.68893]},"96s":{"weight":0.0,"played":[0.9481,0.0519],"evs":[0.0,-1.43269]},"97s":{"weight":0.9999,"played":[0.9281,0.0719],"evs":[0.0,-0.81229]},"98s":{"weight":0.9885,"played":[0.0513,0.9487],"evs":[0.0,0.65947]},"99":{"weight":1.0,"played":[0.0,1.0],"evs":[0.0,6.36862]},"T9o":{"weight":0.9931,"played":[0.9983,0.0017],"evs":[0.0,-1.30065]},"J9o":{"weight":0.0,"played":[0.9789,0.0211],"evs":[0.0,-1.85969]},"Q9o":{"weight":0.0,"played":[0.998,0.002],"evs":[0.0,-1.89085]},"K9o":{"weight":0.3439,"played":[0.9778,0.0222],"evs":[0.0,-3.38876]},"A9o":{"weight":0.3048,"played":[0.6679,0.3321],"evs":[0.0,-0.21985]},"T2s":{"weight":0.0,"played":[0.9077,0.0923],"evs":[0.0,-3.95579]},"T3s":{"weight":0.0,"played":[0.8763,0.1237],"evs":[0.0,-3.45256]},"T4s":{"weight":0.0,"played":[0.9979,0.0021],"evs":[0.0,-4.21183]},"T5s":{"weight":0.0,"played":[0.9649,0.0351],"evs":[0.0,-2.77991]},"T6s":{"weight":0.0,"played":[0.6036,0.3964],"evs":[0.0,-0.26966]},"T7s":{"weight":1.0,"played":[0.0986,0.9014],"evs":[0.0,0.35962]},"T8s":{"weight":0.4491,"played":[0.981,0.019],"evs":[0.0,-1.48415]},"T9s":{"weight":0.0017,"played":[0.2639,0.7361],"evs":[0.0,0.36888]},"TT":{"weight":1.0,"played":[0.0,1.0],"evs":[0.0,8.12776]},"JTo":{"weight":0.9988,"played":[0.9838,0.0162],"evs":[0.0,-1.54603]},"QTo":{"weight":1.0,"played":[0.9946,0.0054],"evs":[0.0,-2.49664]},"KTo":{"weight":0.9991,"played":[0.9691,0.0309],"evs":[0.0,-1.39587]},"ATo":{"weight":0.1299,"played":[0.0,1.0],"evs":[0.0,2.57075]},"J2s":{"weight":0.0,"played":[0.3365,0.6635],"evs":[0.0,0.69965]},"J3s":{"weight":0.0,"played":[0.9915,0.0085],"evs":[0.0,-2.59153]},"J4s":{"weight":0.0,"played":[1.0,0.0],"evs":[0.0,-5.12782]},"J5s":{"weight":0.0,"played":[0.8765,0.1235],"evs":[0.0,-1.78824]},"J6s":{"weight":0.0,"played":[0.9826,0.0174],"evs":[0.0,-2.67935]},"J7s":{"weight":0.9974,"played":[0.8773,0.1227],"evs":[0.0,-0.49381]},"J8s":{"weight":0.999,"played":[0.6,0.4],"evs":[0.0,-1.11145]},"J9s":{"weight":0.0626,"played":[0.0113,0.9887],"evs":[0.0,1.1547]},"JTs":{"weight":0.0669,"played":[0.3138,0.6862],"evs":[0.0,-0.82781]},"JJ":{"weight":1.0,"played":[0.0,1.0],"evs":[0.0,11.43655]},"QJo":{"weight":1.0,"played":[0.6973,0.3027],"evs":[0.0,-0.75246]},"KJo":{"weight":0.9552,"played":[0.0923,0.9077],"evs":[0.0,-0.09194]},"AJo":{"weight":0.4617,"played":[0.0,1.0],"evs":[0.0,3.52378]},"Q2s":{"weight":0.0,"played":[0.9958,0.0042],"evs":[0.0,-3.02535]},"Q3s":{"weight":0.0,"played":[0.7734,0.2266],"evs":[0.0,-2.43574]},"Q4s":{"weight":0.0,"played":[0.8488,0.1512],"evs":[0.0,-2.86498]},"Q5s":{"weight":1.0E-4,"played":[0.9915,0.0085],"evs":[0.0,-2.66156]},"Q6s":{"weight":0.9882,"played":[0.9916,0.0084],"evs":[0.0,-1.67638]},"Q7s":{"weight":0.9994,"played":[0.8022,0.1978],"evs":[0.0,-0.94272]},"Q8s":{"weight":1.0,"played":[0.7009,0.2991],"evs":[0.0,-0.63347]},"Q9s":{"weight":0.9999,"played":[0.4995,0.5005],"evs":[0.0,-0.11454]},"QTs":{"weight":0.8124,"played":[0.026,0.974],"evs":[0.0,0.43393]},"QJs":{"weight":0.9971,"played":[0.6515,0.3485],"evs":[0.0,-0.62173]},"QQ":{"weight":1.0,"played":[0.0,1.0],"evs":[0.0,12.40998]},"KQo":{"weight":0.4277,"played":[0.0635,0.9365],"evs":[0.0,0.94569]},"AQo":{"weight":0.9998,"played":[0.0,1.0],"evs":[0.0,5.17982]},"K2s":{"weight":0.0,"played":[0.998,0.002],"evs":[0.0,-2.28803]},"K3s":{"weight":0.0024,"played":[0.8986,0.1014],"evs":[0.0,-1.30653]},"K4s":{"weight":0.9941,"played":[0.9684,0.0316],"evs":[0.0,-1.87355]},"K5s":{"weight":1.0,"played":[0.9358,0.0642],"evs":[0.0,-2.97282]},"K6s":{"weight":0.4569,"played":[0.1583,0.8417],"evs":[0.0,0.87619]},"K7s":{"weight":0.9072,"played":[0.9357,0.0643],"evs":[0.0,-1.30207]},"K8s":{"weight":0.9995,"played":[0.1542,0.8458],"evs":[0.0,0.21037]},"K9s":{"weight":0.1832,"played":[0.632,0.368],"evs":[0.0,0.16405]},"KTs":{"weight":0.5555,"played":[0.1593,0.8407],"evs":[0.0,0.76664]},"KJs":{"weight":1.0,"played":[0.0049,0.9951],"evs":[0.0,1.03954]},"KQs":{"weight":1.0,"played":[3.0E-4,0.9997],"evs":[0.0,1.55987]},"KK":{"weight":1.0,"played":[0.0,1.0],"evs":[0.0,16.22059]},"AKo":{"weight":1.0,"played":[0.0,1.0],"evs":[0.0,7.71167]},"A2s":{"weight":0.9955,"played":[0.2524,0.7476],"evs":[0.0,0.06052]},"A3s":{"weight":0.9925,"played":[0.3478,0.6522],"evs":[0.0,-0.46088]},"A4s":{"weight":0.0,"played":[0.5307,0.4693],"evs":[0.0,-0.03866]},"A5s":{"weight":4.0E-4,"played":[0.7383,0.2617],"evs":[0.0,0.10169]},"A6s":{"weight":0.0607,"played":[0.3687,0.6313],"evs":[0.0,2.50405]},"A7s":{"weight":0.9994,"played":[0.2502,0.7498],"evs":[0.0,0.0487]},"A8s":{"weight":1.0,"played":[0.019,0.981],"evs":[0.0,0.73842]},"A9s":{"weight":1.0,"played":[0.0,1.0],"evs":[0.0,2.66516]},"ATs":{"weight":1.0,"played":[0.0,1.0],"evs":[0.0,3.04305]},"AJs":{"weight":1.0,"played":[1.0E-4,0.9999],"evs":[0.0,5.12794]},"AQs":{"weight":1.0,"played":[1.0E-4,0.9999],"evs":[0.0,6.47231]},"AKs":{"weight":1.0,"played":[0.0,1.0],"evs":[0.0,8.7952]},"AA":{"weight":1.0,"played":[0.0,1.0],"evs":[0.0,22.96228]}}}