{"player":2,"street":0,"children":2,"sequence":[{"player":0,"type":"F","amount":0,"street":0},{"player":1,"type":"R","amount":200000,"street":0},{"player":2,"type":"C","amount":200000,"street":0},{"player":3,"type":"C","amount":200000,"street":0},{"player":4,"type":"F","amount":0,"street":0},{"player":5,"type":"R","amount":1985000,"street":0},{"player":1,"type":"C","amount":1785000,"street":0}],"actions":[{"type":"F","amount":0,"node":127},{"type":"C","amount":1685000,"node":128}],"hands":{"22":{"weight":0.0019,"played":[0.9634,0.0366],"evs":[0.0,-1.12283]},"32o":{"weight":0.0,"played":[1.0,0.0],"evs":[0.0,-5.1662]},"42o":{"weight":0.0,"played":[1.0,0.0],"evs":[0.0,-5.89701]},"52o":{"weight":0.0,"played":[0.9999,1.0E-4],"evs":[0.0,-4.1729]},"62o":{"weight":0.0,"played":[1.0,0.0],"evs":[0.0,-5.76379]},"72o":{"weight":0.0,"played":[0.9999,1.0E-4],"evs":[0.0,-6.03349]},"82o":{"weight":0.0,"played":[1.0,0.0],"evs":[0.0,-5.15627]},"92o":{"weight":0.0,"played":[1.0,0.0],"evs":[0.0,-5.55916]},"T2o":{"weight":0.0,"played":[0.9999,1.0E-4],"evs":[0.0,-5.99807]},"J2o":{"weight":0.0,"played":[0.9987,0.0013],"evs":[0.0,-6.06835]},"Q2o":{"weight":0.0,"played":[1.0,0.0],"evs":[0.0,-5.96023]},"K2o":{"weight":0.0,"played":[1.0,0.0],"evs":[0.0,-5.8995]},"A2o":{"weight":0.0,"played":[0.9986,0.0014],"evs":[0.0,-4.51446]},"32s":{"weight":0.0,"played":[0.997,0.003],"evs":[0.0,-4.441]},"33":{"weight":0.8164,"played":[0.9965,0.0035],"evs":[0.0,-1.94967]},"43o":{"weight":0.0,"played":[0.9999,1.0E-4],"evs":[0.0,-5.50422]},"53o":{"weight":0.0,"played":[1.0,0.0],"evs":[0.0,-3.61664]},"63o":{"weight":0.0,"played":[0.9999,1.0E-4],"evs":[0.0,-5.28753]},"73o":{"weight":0.0,"played":[1.0,0.0],"evs":[0.0,-4.51871]},"83o":{"weight":0.0,"played":[1.0,0.0],"evs":[0.0,-5.46825]},"93o":{"weight":0.0,"played":[1.0,0.0],"evs":[0.0,-4.98878]},"T3o":{"weight":0.0,"played":[0.9999,1.0E-4],"evs":[0.0,-5.21807]},"J3o":{"weight":0.0,"played":[0.9998,2.0E-4],"evs":[0.0,-5.65412]},"Q3o":{"weight":0.0,"played":[1.0,0.0],"evs":[0.0,-5.89021]},"K3o":{"weight":0.0,"played":[0.9986,0.0014],"evs":[0.0,-5.07493]},"A3o":{"weight":0.0,"played":[0.9999,1.0E-4],"evs":[0.0,-3.90673]},"42s":{"weight":0.0,"played":[0.9993,7.0E-4],"evs":[0.0,-3.01131]},"43s":{"weight":0.0,"played":[0.9153,0.0847],"evs":[0.0,-3.07211]},"44":{"weight":0.2565,"played":[0.6052,0.3948],"evs":[0.0,-0.53479]},"54o":{"weight":0.0,"played":[0.9999,1.0E-4],"evs":[0.0,-3.08685]},"64o":{"weight":0.0,"played":[1.0,0.0],"evs":[0.0,-4.16175]},"74o":{"weight":0.0,"played":[0.9997,3.0E-4],"evs":[0.0,-4.13201]},"84o":{"weight":0.0,"played":[1.0,0.0],"evs":[0.0,-4.78581]},"94o":{"weight":0.0,"played":[1.0,0.0],"evs":[0.0,-5.53591]},"T4o":{"weight":0.0,"played":[0.9993,7.0E-4],"evs":[0.0,-4.88272]},"J4o":{"weight":0.0,"played":[1.0,0.0],"evs":[0.0,-5.92666]},"Q4o":{"weight":0.0,"played":[1.0,0.0],"evs":[0.0,-4.86745]},"K4o":{"weight":0.0,"played":[0.9998,2.0E-4],"evs":[0.0,-5.14654]},"A4o":{"weight":0.0,"played":[0.9991,9.0E-4],"evs":[0.0,-3.12753]},"52s":{"weight":0.0,"played":[0.991,0.009],"evs":[0.0,-3.78883]},"53s":{"weight":0.0,"played":[0.9939,0.0061],"evs":[0.0,-1.82417]},"54s":{"weight":0.0,"played":[0.95,0.05],"evs":[0.0,-0.49529]},"55":{"weight":0.4655,"played":[0.1092,0.8908],"evs":[0.0,0.99068]},"65o":{"weight":0.0,"played":[1.0,0.0],"evs":[0.0,-2.65843]},"75o":{"weight":0.0,"played":[0.9991,9.0E-4],"evs":[0.0,-3.48015]},"85o":{"weight":0.0,"played":[1.0,0.0],"evs":[0.0,-4.47656]},"95o":{"weight":0.0,"played":[0.9998,2.0E-4],"evs":[0.0,-4.86852]},"T5o":{"weight":0.0,"played":[0.9996,4.0E-4],"evs":[0.0,-5.75844]},"J5o":{"weight":0.0,"played":[0.9995,5.0E-4],"evs":[0.0,-6.19784]},"Q5o":{"weight":0.0,"played":[0.9982,0.0018],"evs":[0.0,-5.25708]},"K5o":{"weight":0.0,"played":[0.9998,2.0E-4],"evs":[0.0,-4.36566]},"A5o":{"weight":0.0,"played":[0.9948,0.0052],"evs":[0.0,-3.23649]},"62s":{"weight":0.0,"played":[0.9897,0.0103],"evs":[0.0,-2.68023]},"63s":{"weight":0.0,"played":[0.9825,0.0175],"evs":[0.0,-2.32173]},"64s":{"weight":0.0,"played":[0.9985,0.0015],"evs":[0.0,-1.66336]},"65s":{"weight":0.0,"played":[0.3467,0.6533],"evs":[0.0,-0.85416]},"66":{"weight":0.7368,"played":[0.0776,0.9224],"evs":[0.0,0.15888]},"76o":{"weight":0.0,"played":[0.9953,0.0047],"evs":[0.0,-3.45755]},"86o":{"weight":0.0,"played":[0.9992,8.0E-4],"evs":[0.0,-4.18183]},"96o":{"weight":0.0,"played":[0.9999,1.0E-4],"evs":[0.0,-4.07038]},"T6o":{"weight":0.0,"played":[0.9999,1.0E-4],"evs":[0.0,-5.15513]},"J6o":{"weight":0.0,"played":[0.9999,1.0E-4],"evs":[0.0,-5.24527]},"Q6o":{"weight":0.0,"played":[0.9993,7.0E-4],"evs":[0.0,-5.17167]},"K6o":{"weight":0.0,"played":[0.9995,5.0E-4],"evs":[0.0,-5.04969]},"A6o":{"weight":0.0,"played":[0.9988,0.0012],"evs":[0.0,-4.47804]},"72s":{"weight":0.0,"played":[0.9979,0.0021],"evs":[0.0,-3.65362]},"73s":{"weight":0.0,"played":[0.9996,4.0E-4],"evs":[0.0,-3.02436]},"74s":{"weight":0.0,"played":[0.997,0.003],"evs":[0.0,-3.35031]},"75s":{"weight":0.0,"played":[0.6499,0.3501],"evs":[0.0,-2.05657]},"76s":{"weight":0.0,"played":[0.9979,0.0021],"evs":[0.0,-1.65141]},"77":{"weight":0.003,"played":[3.0E-4,0.9997],"evs":[0.0,1.10734]},"87o":{"weight":0.0,"played":[0.9948,0.0052],"evs":[0.0,-3.17365]},"97o":{"weight":0.0,"played":[0.995,0.005],"evs":[0.0,-3.81866]},"T7o":{"weight":0.0,"played":[0.9998,2.0E-4],"evs":[0.0,-4.11991]},"J7o":{"weight":0.0,"played":[0.9999,1.0E-4],"evs":[0.0,-4.52246]},"Q7o":{"weight":0.0,"played":[0.9999,1.0E-4],"evs":[0.0,-5.1508]},"K7o":{"weight":0.0,"played":[0.9999,1.0E-4],"evs":[0.0,-4.38607]},"A7o":{"weight":0.0,"played":[0.9894,0.0106],"evs":[0.0,-3.93243]},"82s":{"weight":0.0,"played":[0.9986,0.0014],"evs":[0.0,-3.91229]},"83s":{"weight":0.0,"played":[0.9894,0.0106],"evs":[0.0,-3.97019]},"84s":{"weight":0.0,"played":[0.9972,0.0028],"evs":[0.0,-3.32892]},"85s":{"weight":0.0,"played":[0.9946,0.0054],"evs":[0.0,-1.97876]},"86s":{"weight":0.0,"played":[0.9579,0.0421],"evs":[0.0,-2.07699]},"87s":{"weight":0.003,"played":[0.979,0.021],"evs":[0.0,-1.61928]},"88":{"weight":0.0,"played":[0.0013,0.9987],"evs":[0.0,2.03341]},"98o":{"weight":0.0,"played":[0.9976,0.0024],"evs":[0.0,-2.89367]},"T8o":{"weight":0.0,"played":[0.9994,6.0E-4],"evs":[0.0,-2.63689]},"J8o":{"weight":0.0,"played":[0.9992,8.0E-4],"evs":[0.0,-4.17142]},"Q8o":{"weight":0.0,"played":[0.9967,0.0033],"evs":[0.0,-3.42408]},"K8o":{"weight":0.0,"played":[0.9999,1.0E-4],"evs":[0.0,-3.82853]},"A8o":{"weight":2.0E-4,"played":[0.9986,0.0014],"evs":[0.0,-2.86206]},"92s":{"weight":0.0,"played":[0.9997,3.0E-4],"evs":[0.0,-3.89102]},"93s":{"weight":0.0,"played":[0.9869,0.0131],"evs":[0.0,-3.48792]},"94s":{"weight":0.0,"played":[1.0,0.0],"evs":[0.0,-3.98961]},"95s":{"weight":0.0,"played":[0.984,0.016],"evs":[0.0,-2.0967]},"96s":{"weight":0.0,"played":[0.9861,0.0139],"evs":[0.0,-2.92006]},"97s":{"weight":0.0,"played":[0.9822,0.0178],"evs":[0.0,-2.43236]},"98s":{"weight":0.6418,"played":[0.9912,0.0088],"evs":[0.0,-1.16492]},"99":{"weight":0.0,"played":[7.0E-4,0.9993],"evs":[0.0,3.51836]},"T9o":{"weight":0.0,"played":[0.9998,2.0E-4],"evs":[0.0,-2.14768]},"J9o":{"weight":0.0,"played":[0.9952,0.0048],"evs":[0.0,-2.46276]},"Q9o":{"weight":0.0,"played":[0.9981,0.0019],"evs":[0.0,-3.80334]},"K9o":{"weight":0.0,"played":[0.9973,0.0027],"evs":[0.0,-3.74617]},"A9o":{"weight":0.6469,"played":[0.9579,0.0421],"evs":[0.0,-2.03533]},"T2s":{"weight":0.0,"played":[0.9434,0.0566],"evs":[0.0,-4.16404]},"T3s":{"weight":0.0,"played":[0.9881,0.0119],"evs":[0.0,-3.80295]},"T4s":{"weight":0.0,"played":[0.9965,0.0035],"evs":[0.0,-4.49914]},"T5s":{"weight":0.0,"played":[0.9968,0.0032],"evs":[0.0,-4.15468]},"T6s":{"weight":0.0,"played":[0.9272,0.0728],"evs":[0.0,-3.71137]},"T7s":{"weight":0.0,"played":[0.9876,0.0124],"evs":[0.0,-3.77999]},"T8s":{"weight":0.0491,"played":[0.8291,0.1709],"evs":[0.0,-2.31202]},"T9s":{"weight":0.9999,"played":[0.7035,0.2965],"evs":[0.0,-0.85012]},"TT":{"weight":0.0,"played":[0.0,1.0],"evs":[0.0,5.80553]},"JTo":{"weight":0.0,"played":[0.9998,2.0E-4],"evs":[0.0,-2.95232]},"QTo":{"weight":0.0,"played":[0.9958,0.0042],"evs":[0.0,-2.20561]},"KTo":{"weight":0.0071,"played":[0.9905,0.0095],"evs":[0.0,-3.14284]},"ATo":{"weight":0.448,"played":[0.9873,0.0127],"evs":[0.0,-0.64705]},"J2s":{"weight":0.0,"played":[0.9977,0.0023],"evs":[0.0,-4.57353]},"J3s":{"weight":0.0,"played":[0.9954,0.0046],"evs":[0.0,-2.53914]},"J4s":{"weight":0.0,"played":[0.9996,4.0E-4],"evs":[0.0,-4.46857]},"J5s":{"weight":0.0,"played":[0.9484,0.0516],"evs":[0.0,-3.28387]},"J6s":{"weight":0.0,"played":[1.0,0.0],"evs":[0.0,-4.54139]},"J7s":{"weight":0.0,"played":[0.9913,0.0087],"evs":[0.0,-4.11212]},"J8s":{"weight":0.0,"played":[0.9476,0.0524],"evs":[0.0,-1.50571]},"J9s":{"weight":0.9935,"played":[0.9024,0.0976],"evs":[0.0,-2.85175]},"JTs":{"weight":0.4156,"played":[0.2696,0.7304],"evs":[0.0,0.14628]},"JJ":{"weight":5.0E-4,"played":[2.0E-4,0.9998],"evs":[0.0,5.96013]},"QJo":{"weight":0.6083,"played":[0.9963,0.0037],"evs":[0.0,-2.52997]},"KJo":{"weight":1.0,"played":[0.9994,6.0E-4],"evs":[0.0,-1.63389]},"AJo":{"weight":0.0023,"played":[0.401,0.599],"evs":[0.0,-0.02415]},"Q2s":{"weight":0.0,"played":[1.0,0.0],"evs":[0.0,-3.57877]},"Q3s":{"weight":0.0,"played":[0.9612,0.0388],"evs":[0.0,-2.9545]},"Q4s":{"weight":0.0,"played":[0.9965,0.0035],"evs":[0.0,-3.33693]},"Q5s":{"weight":0.0,"played":[0.9712,0.0288],"evs":[0.0,-2.39646]},"Q6s":{"weight":0.0,"played":[0.9892,0.0108],"evs":[0.0,-3.68745]},"Q7s":{"weight":0.0,"played":[0.9638,0.0362],"evs":[0.0,-3.77006]},"Q8s":{"weight":1.0E-4,"played":[0.9987,0.0013],"evs":[0.0,-2.25444]},"Q9s":{"weight":0.9978,"played":[0.6164,0.3836],"evs":[0.0,-0.88159]},"QTs":{"weight":0.901,"played":[0.8197,0.1803],"evs":[0.0,-0.49813]},"QJs":{"weight":0.5907,"played":[0.6501,0.3499],"evs":[0.0,-1.01195]},"QQ":{"weight":0.2416,"played":[0.0,1.0],"evs":[0.0,10.47664]},"KQo":{"weight":3.0E-4,"played":[0.9612,0.0388],"evs":[0.0,-1.03713]},"AQo":{"weight":0.0,"played":[1.0E-4,0.9999],"evs":[0.0,2.28249]},"K2s":{"weight":0.0,"played":[0.9906,0.0094],"evs":[0.0,-4.12316]},"K3s":{"weight":0.0,"played":[0.9987,0.0013],"evs":[0.0,-4.39264]},"K4s":{"weight":0.0,"played":[0.9966,0.0034],"evs":[0.0,-3.00745]},"K5s":{"weight":0.0,"played":[0.9945,0.0055],"evs":[0.0,-2.5727]},"K6s":{"weight":0.0,"played":[0.9987,0.0013],"evs":[0.0,-2.39408]},"K7s":{"weight":0.0,"played":[0.7708,0.2292],"evs":[0.0,-1.62579]},"K8s":{"weight":0.617,"played":[0.9812,0.0188],"evs":[0.0,-2.17912]},"K9s":{"weight":0.5072,"played":[0.7989,0.2011],"evs":[0.0,-1.47462]},"KTs":{"weight":0.2492,"played":[0.3412,0.6588],"evs":[0.0,-0.19142]},"KJs":{"weight":0.9962,"played":[0.2507,0.7493],"evs":[0.0,0.27434]},"KQs":{"weight":0.3303,"played":[0.2288,0.7712],"evs":[0.0,0.58459]},"KK":{"weight":1.0,"played":[0.0,1.0],"evs":[0.0,16.1219]},"AKo":{"weight":0.0,"played":[1.0E-4,0.9999],"evs":[0.0,4.33611]},"A2s":{"weight":0.0549,"played":[0.9116,0.0884],"evs":[0.0,-1.62371]},"A3s":{"weight":0.1714,"played":[0.2692,0.7308],"evs":[0.0,-0.14381]},"A4s":{"weight":0.6298,"played":[0.9821,0.0179],"evs":[0.0,-1.45001]},"A5s":{"weight":0.3313,"played":[0.8966,0.1034],"evs":[0.0,-2.1951]},"A6s":{"weight":1.0,"played":[0.9987,0.0013],"evs":[0.0,-1.88685]},"A7s":{"weight":0.8837,"played":[0.8994,0.1006],"evs":[0.0,-1.53854]},"A8s":{"weight":0.5728,"played":[0.006,0.994],"evs":[0.0,0.91565]},"A9s":{"weight":0.4813,"played":[0.9535,0.0465],"evs":[0.0,-0.46766]},"ATs":{"weight":0.9999,"played":[0.0011,0.9989],"evs":[0.0,1.55429]},"AJs":{"weight":1.0,"played":[0.0487,0.9513],"evs":[0.0,2.76553]},"AQs":{"weight":0.0013,"played":[0.0033,0.9967],"evs":[0.0,6.94734]},"AKs":{"weight":0.0,"played":[4.0E-4,0.9996],"evs":[0.0,5.22768]},"AA":{"weight":1.0,"played":[0.0,1.0],"evs":[0.0,23.08569]}}}