{"player":3,"street":0,"children":2,"sequence":[{"player":0,"type":"F","amount":0,"street":0},{"player":1,"type":"R","amount":200000,"street":0},{"player":2,"type":"C","amount":200000,"street":0},{"player":3,"type":"C","amount":200000,"street":0},{"player":4,"type":"R","amount":1085000,"street":0},{"player":5,"type":"F","amount":0,"street":0},{"player":1,"type":"F","amount":0,"street":0},{"player":2,"type":"C","amount":885000,"street":0}],"actions":[{"type":"F","amount":0},{"type":"C","amount":785000}],"hands":{"22":{"weight":0.0,"played":[0.3257,0.6743],"evs":[0.0,0.56354]},"32o":{"weight":0.0,"played":[1.0,0.0],"evs":[0.0,-1.36284]},"42o":{"weight":0.0,"played":[0.9994,6.0E-4],"evs":[0.0,-1.28796]},"52o":{"weight":0.0,"played":[0.9985,0.0015],"evs":[0.0,-0.85009]},"62o":{"weight":0.0,"played":[0.9999,1.0E-4],"evs":[0.0,-1.42101]},"72o":{"weight":0.0,"played":[1.0,0.0],"evs":[0.0,-1.9285]},"82o":{"weight":0.0,"played":[1.0,0.0],"evs":[0.0,-1.6413]},"92o":{"weight":0.0,"played":[0.9996,4.0E-4],"evs":[0.0,-2.20826]},"T2o":{"weight":0.0,"played":[0.9999,1.0E-4],"evs":[0.0,-2.33368]},"J2o":{"weight":0.0,"played":[0.9994,6.0E-4],"evs":[0.0,-2.16031]},"Q2o":{"weight":0.0,"played":[0.9998,2.0E-4],"evs":[0.0,-1.71096]},"K2o":{"weight":0.0,"played":[0.9987,0.0013],"evs":[0.0,-1.02515]},"A2o":{"weight":0.0,"played":[0.9255,0.0745],"evs":[0.0,-0.37584]},"32s":{"weight":0.0,"played":[0.9941,0.0059],"evs":[0.0,-0.75291]},"33":{"weight":0.0,"played":[0.0059,0.9941],"evs":[0.0,0.15119]},"43o":{"weight":0.0,"played":[0.9976,0.0024],"evs":[0.0,-0.7684]},"53o":{"weight":0.0,"played":[0.9995,5.0E-4],"evs":[0.0,-0.5072]},"63o":{"weight":0.0,"played":[0.9999,1.0E-4],"evs":[0.0,-0.92382]},"73o":{"weight":0.0,"played":[0.9967,0.0033],"evs":[0.0,-1.58927]},"83o":{"weight":0.0,"played":[1.0,0.0],"evs":[0.0,-1.4355]},"93o":{"weight":0.0,"played":[0.9998,2.0E-4],"evs":[0.0,-2.38939]},"T3o":{"weight":0.0,"played":[0.9989,0.0011],"evs":[0.0,-1.7619]},"J3o":{"weight":0.0,"played":[0.9999,1.0E-4],"evs":[0.0,-1.39887]},"Q3o":{"weight":0.0,"played":[1.0,0.0],"evs":[0.0,-1.07962]},"K3o":{"weight":0.0,"played":[0.9996,4.0E-4],"evs":[0.0,-0.83813]},"A3o":{"weight":0.0,"played":[0.4557,0.5443],"evs":[0.0,0.19377]},"42s":{"weight":0.0,"played":[0.9989,0.0011],"evs":[0.0,-1.07172]},"43s":{"weight":0.0,"played":[0.0679,0.9321],"evs":[0.0,0.37065]},"44":{"weight":0.0744,"played":[0.0,1.0],"evs":[0.0,1.03114]},"54o":{"weight":0.0,"played":[0.9703,0.0297],"evs":[0.0,-0.58749]},"64o":{"weight":0.0,"played":[0.9969,0.0031],"evs":[0.0,-0.67981]},"74o":{"weight":0.0,"played":[0.9979,0.0021],"evs":[0.0,-0.9846]},"84o":{"weight":0.0,"played":[0.9987,0.0013],"evs":[0.0,-0.7604]},"94o":{"weight":0.0,"played":[0.9983,0.0017],"evs":[0.0,-1.78337]},"T4o":{"weight":0.0,"played":[0.9999,1.0E-4],"evs":[0.0,-1.99649]},"J4o":{"weight":0.0,"played":[1.0,0.0],"evs":[0.0,-1.3994]},"Q4o":{"weight":0.0,"played":[0.9951,0.0049],"evs":[0.0,-0.72109]},"K4o":{"weight":0.0,"played":[0.98,0.02],"evs":[0.0,-0.66106]},"A4o":{"weight":0.0,"played":[0.2646,0.7354],"evs":[0.0,0.31199]},"52s":{"weight":0.0,"played":[0.9838,0.0162],"evs":[0.0,-0.19323]},"53s":{"weight":0.0,"played":[0.2179,0.7821],"evs":[0.0,0.74806]},"54s":{"weight":0.0,"played":[0.3832,0.6168],"evs":[0.0,0.60571]},"55":{"weight":0.6962,"played":[1.0E-4,0.9999],"evs":[0.0,1.8108]},"65o":{"weight":0.0,"played":[0.5195,0.4805],"evs":[0.0,-0.30664]},"75o":{"weight":0.0,"played":[0.6355,0.3645],"evs":[0.0,-0.17623]},"85o":{"weight":0.0,"played":[0.997,0.003],"evs":[0.0,-0.48159]},"95o":{"weight":0.0,"played":[0.9989,0.0011],"evs":[0.0,-1.20556]},"T5o":{"weight":0.0,"played":[0.9981,0.0019],"evs":[0.0,-1.51684]},"J5o":{"weight":0.0,"played":[0.9999,1.0E-4],"evs":[0.0,-1.08976]},"Q5o":{"weight":0.0,"played":[0.9999,1.0E-4],"evs":[0.0,-0.97224]},"K5o":{"weight":0.0,"played":[0.9706,0.0294],"evs":[0.0,-1.00719]},"A5o":{"weight":0.0,"played":[0.0038,0.9962],"evs":[0.0,0.60328]},"62s":{"weight":0.0,"played":[0.8935,0.1065],"evs":[0.0,-0.29413]},"63s":{"weight":0.0,"played":[0.2593,0.7407],"evs":[0.0,0.31135]},"64s":{"weight":0.0,"played":[0.0768,0.9232],"evs":[0.0,0.60959]},"65s":{"weight":0.0,"played":[0.0031,0.9969],"evs":[0.0,1.25779]},"66":{"weight":0.0099,"played":[2.0E-4,0.9998],"evs":[0.0,2.36467]},"76o":{"weight":0.0,"played":[0.7529,0.2471],"evs":[0.0,-0.50924]},"86o":{"weight":0.0,"played":[0.9632,0.0368],"evs":[0.0,-0.29564]},"96o":{"weight":0.0,"played":[0.9839,0.0161],"evs":[0.0,-1.00244]},"T6o":{"weight":0.0,"played":[0.9941,0.0059],"evs":[0.0,-0.85869]},"J6o":{"weight":0.0,"played":[0.9948,0.0052],"evs":[0.0,-1.39236]},"Q6o":{"weight":0.0,"played":[0.9849,0.0151],"evs":[0.0,-1.21892]},"K6o":{"weight":0.0,"played":[0.9863,0.0137],"evs":[0.0,-0.3877]},"A6o":{"weight":0.0,"played":[0.0837,0.9163],"evs":[0.0,0.32138]},"72s":{"weight":0.0,"played":[0.7465,0.2535],"evs":[0.0,-0.97817]},"73s":{"weight":0.0,"played":[0.8235,0.1765],"evs":[0.0,-0.36313]},"74s":{"weight":0.0,"played":[0.3128,0.6872],"evs":[0.0,0.24001]},"75s":{"weight":0.0,"played":[0.139,0.861],"evs":[0.0,0.42728]},"76s":{"weight":0.0,"played":[0.0598,0.9402],"evs":[0.0,1.3979]},"77":{"weight":1.0E-4,"played":[0.0,1.0],"evs":[0.0,2.94318]},"87o":{"weight":0.0,"played":[0.4914,0.5086],"evs":[0.0,0.26303]},"97o":{"weight":0.0,"played":[0.9775,0.0225],"evs":[0.0,-0.77364]},"T7o":{"weight":0.0,"played":[0.9854,0.0146],"evs":[0.0,-0.54144]},"J7o":{"weight":0.0,"played":[0.9983,0.0017],"evs":[0.0,-0.76808]},"Q7o":{"weight":0.0,"played":[0.9986,0.0014],"evs":[0.0,-1.25529]},"K7o":{"weight":0.0,"played":[0.9346,0.0654],"evs":[0.0,-0.46687]},"A7o":{"weight":0.0,"played":[0.0014,0.9986],"evs":[0.0,0.21941]},"82s":{"weight":0.0,"played":[0.6922,0.3078],"evs":[0.0,0.16167]},"83s":{"weight":0.0,"played":[0.8466,0.1534],"evs":[0.0,-0.81712]},"84s":{"weight":0.0,"played":[0.2782,0.7218],"evs":[0.0,0.5292]},"85s":{"weight":0.0,"played":[0.5154,0.4846],"evs":[0.0,0.06712]},"86s":{"weight":0.0,"played":[0.0294,0.9706],"evs":[0.0,0.65695]},"87s":{"weight":0.0,"played":[0.017,0.983],"evs":[0.0,1.32082]},"88":{"weight":4.0E-4,"played":[2.0E-4,0.9998],"evs":[0.0,3.92856]},"98o":{"weight":0.0,"played":[0.5973,0.4027],"evs":[0.0,0.23936]},"T8o":{"weight":0.0,"played":[0.5944,0.4056],"evs":[0.0,-0.17426]},"J8o":{"weight":0.0,"played":[0.9991,9.0E-4],"evs":[0.0,-0.77064]},"Q8o":{"weight":0.0,"played":[0.8806,0.1194],"evs":[0.0,-0.73342]},"K8o":{"weight":0.0,"played":[0.8274,0.1726],"evs":[0.0,-0.59926]},"A8o":{"weight":0.0,"played":[7.0E-4,0.9993],"evs":[0.0,0.71945]},"92s":{"weight":0.0,"played":[0.9993,7.0E-4],"evs":[0.0,-0.47004]},"93s":{"weight":0.0,"played":[0.9943,0.0057],"evs":[0.0,-0.68121]},"94s":{"weight":0.0,"played":[0.984,0.016],"evs":[0.0,-0.72924]},"95s":{"weight":0.0,"played":[0.5836,0.4164],"evs":[0.0,-0.10934]},"96s":{"weight":0.0,"played":[0.3046,0.6954],"evs":[0.0,0.81645]},"97s":{"weight":0.0,"played":[0.3906,0.6094],"evs":[0.0,0.08265]},"98s":{"weight":0.0,"played":[0.0275,0.9725],"evs":[0.0,0.85786]},"99":{"weight":0.0,"played":[8.0E-4,0.9992],"evs":[0.0,3.90279]},"T9o":{"weight":0.0,"played":[0.9812,0.0188],"evs":[0.0,-0.41079]},"J9o":{"weight":0.0,"played":[0.9999,1.0E-4],"evs":[0.0,-0.73763]},"Q9o":{"weight":0.0,"played":[0.9614,0.0386],"evs":[0.0,-0.8192]},"K9o":{"weight":0.0,"played":[0.9826,0.0174],"evs":[0.0,-0.3158]},"A9o":{"weight":9.0E-4,"played":[1.0E-4,0.9999],"evs":[0.0,0.69751]},"T2s":{"weight":0.0,"played":[0.9991,9.0E-4],"evs":[0.0,-1.3735]},"T3s":{"weight":0.0,"played":[0.9778,0.0222],"evs":[0.0,-0.496]},"T4s":{"weight":0.0,"played":[0.966,0.034],"evs":[0.0,-0.87328]},"T5s":{"weight":0.0,"played":[0.9965,0.0035],"evs":[0.0,-1.39263]},"T6s":{"weight":0.0,"played":[0.407,0.593],"evs":[0.0,-0.38024]},"T7s":{"weight":0.0,"played":[0.8746,0.1254],"evs":[0.0,-0.78043]},"T8s":{"weight":0.0,"played":[0.17,0.83],"evs":[0.0,0.48888]},"T9s":{"weight":0.0,"played":[0.1782,0.8218],"evs":[0.0,0.41229]},"TT":{"weight":1.0E-4,"played":[0.0,1.0],"evs":[0.0,4.20962]},"JTo":{"weight":0.0,"played":[0.9075,0.0925],"evs":[0.0,-0.52156]},"QTo":{"weight":0.0,"played":[0.5993,0.4007],"evs":[0.0,-0.14825]},"KTo":{"weight":0.0,"played":[0.0826,0.9174],"evs":[0.0,0.48267]},"ATo":{"weight":0.0,"played":[5.0E-4,0.9995],"evs":[0.0,1.35931]},"J2s":{"weight":0.0,"played":[0.1186,0.8814],"evs":[0.0,0.44032]},"J3s":{"weight":0.0,"played":[0.9473,0.0527],"evs":[0.0,-0.48632]},"J4s":{"weight":0.0,"played":[0.5515,0.4485],"evs":[0.0,-0.31381]},"J5s":{"weight":0.0,"played":[0.3431,0.6569],"evs":[0.0,-0.39335]},"J6s":{"weight":0.0,"played":[0.9926,0.0074],"evs":[0.0,-0.82199]},"J7s":{"weight":0.0,"played":[0.0322,0.9678],"evs":[0.0,0.47271]},"J8s":{"weight":0.0,"played":[0.7197,0.2803],"evs":[0.0,-0.49344]},"J9s":{"weight":0.0,"played":[0.1261,0.8739],"evs":[0.0,0.65956]},"JTs":{"weight":0.115,"played":[0.038,0.962],"evs":[0.0,0.33564]},"JJ":{"weight":0.0,"played":[0.0,1.0],"evs":[0.0,5.23189]},"QJo":{"weight":0.0,"played":[0.8818,0.1182],"evs":[0.0,-0.2443]},"KJo":{"weight":5.0E-4,"played":[0.0034,0.9966],"evs":[0.0,0.40322]},"AJo":{"weight":0.0,"played":[0.0,1.0],"evs":[0.0,2.38932]},"Q2s":{"weight":0.0,"played":[0.9714,0.0286],"evs":[0.0,-0.54186]},"Q3s":{"weight":0.0,"played":[0.6714,0.3286],"evs":[0.0,-0.72476]},"Q4s":{"weight":0.0,"played":[0.7658,0.2342],"evs":[0.0,0.24003]},"Q5s":{"weight":0.0,"played":[0.095,0.905],"evs":[0.0,0.4551]},"Q6s":{"weight":0.0,"played":[0.1541,0.8459],"evs":[0.0,0.64408]},"Q7s":{"weight":0.0,"played":[0.5353,0.4647],"evs":[0.0,-0.57756]},"Q8s":{"weight":0.0,"played":[0.0511,0.9489],"evs":[0.0,0.4357]},"Q9s":{"weight":0.0018,"played":[0.0962,0.9038],"evs":[0.0,0.54142]},"QTs":{"weight":0.9987,"played":[0.0016,0.9984],"evs":[0.0,1.07163]},"QJs":{"weight":1.0,"played":[1.0E-4,0.9999],"evs":[0.0,0.87579]},"QQ":{"weight":0.0,"played":[0.0,1.0],"evs":[0.0,6.82895]},"KQo":{"weight":0.0011,"played":[1.0E-4,0.9999],"evs":[0.0,1.27618]},"AQo":{"weight":0.0,"played":[0.0,1.0],"evs":[0.0,3.25031]},"K2s":{"weight":0.0,"played":[0.7761,0.2239],"evs":[0.0,-0.43146]},"K3s":{"weight":0.0,"played":[0.5475,0.4525],"evs":[0.0,0.30704]},"K4s":{"weight":0.0,"played":[0.1065,0.8935],"evs":[0.0,0.5064]},"K5s":{"weight":0.0,"played":[0.0106,0.9894],"evs":[0.0,-0.00753]},"K6s":{"weight":0.0,"played":[0.0049,0.9951],"evs":[0.0,0.73025]},"K7s":{"weight":0.0,"played":[0.0042,0.9958],"evs":[0.0,0.64048]},"K8s":{"weight":1.0E-4,"played":[0.0391,0.9609],"evs":[0.0,0.84427]},"K9s":{"weight":0.0014,"played":[0.0949,0.9051],"evs":[0.0,0.57012]},"KTs":{"weight":0.9958,"played":[0.0011,0.9989],"evs":[0.0,0.50386]},"KJs":{"weight":0.4363,"played":[0.0019,0.9981],"evs":[0.0,1.19935]},"KQs":{"weight":0.0217,"played":[0.0,1.0],"evs":[0.0,1.96742]},"KK":{"weight":0.0,"played":[0.0,1.0],"evs":[0.0,9.49745]},"AKo":{"weight":0.0,"played":[0.0,1.0],"evs":[0.0,4.97556]},"A2s":{"weight":0.0022,"played":[0.1514,0.8486],"evs":[0.0,1.14138]},"A3s":{"weight":0.0018,"played":[0.0694,0.9306],"evs":[0.0,0.65335]},"A4s":{"weight":0.0498,"played":[2.0E-4,0.9998],"evs":[0.0,1.21325]},"A5s":{"weight":0.1206,"played":[0.0019,0.9981],"evs":[0.0,1.56812]},"A6s":{"weight":0.3109,"played":[0.0506,0.9494],"evs":[0.0,0.96991]},"A7s":{"weight":0.0038,"played":[8.0E-4,0.9992],"evs":[0.0,1.8085]},"A8s":{"weight":0.0,"played":[0.004,0.996],"evs":[0.0,1.21773]},"A9s":{"weight":0.0041,"played":[0.0,1.0],"evs":[0.0,2.61805]},"ATs":{"weight":0.0,"played":[0.0,1.0],"evs":[0.0,2.59098]},"AJs":{"weight":0.0,"played":[2.0E-4,0.9998],"evs":[0.0,3.64313]},"AQs":{"weight":0.0,"played":[2.0E-4,0.9998],"evs":[0.0,4.36905]},"AKs":{"weight":0.0,"played":[1.0E-4,0.9999],"evs":[0.0,6.00929]},"AA":{"weight":0.0,"played":[0.0,1.0],"evs":[0.0,13.5527]}}}