{"player":3,"street":0,"children":2,"sequence":[{"player":0,"type":"F","amount":0,"street":0},{"player":1,"type":"R","amount":200000,"street":0},{"player":2,"type":"C","amount":200000,"street":0},{"player":3,"type":"C","amount":200000,"street":0},{"player":4,"type":"R","amount":1085000,"street":0},{"player":5,"type":"F","amount":0,"street":0},{"player":1,"type":"C","amount":885000,"street":0},{"player":2,"type":"F","amount":0,"street":0}],"actions":[{"type":"F","amount":0},{"type":"C","amount":785000}],"hands":{"22":{"weight":0.0,"played":[0.1118,0.8882],"evs":[0.0,1.59612]},"32o":{"weight":0.0,"played":[0.9988,0.0012],"evs":[0.0,-1.40889]},"42o":{"weight":0.0,"played":[0.9669,0.0331],"evs":[0.0,-1.67676]},"52o":{"weight":0.0,"played":[0.9933,0.0067],"evs":[0.0,-0.44039]},"62o":{"weight":0.0,"played":[0.9908,0.0092],"evs":[0.0,-1.42517]},"72o":{"weight":0.0,"played":[0.9982,0.0018],"evs":[0.0,-2.65084]},"82o":{"weight":0.0,"played":[0.9931,0.0069],"evs":[0.0,-0.63533]},"92o":{"weight":0.0,"played":[0.9996,4.0E-4],"evs":[0.0,-2.35574]},"T2o":{"weight":0.0,"played":[0.6066,0.3934],"evs":[0.0,0.42474]},"J2o":{"weight":0.0,"played":[0.9706,0.0294],"evs":[0.0,-1.07031]},"Q2o":{"weight":0.0,"played":[0.7365,0.2635],"evs":[0.0,-1.68584]},"K2o":{"weight":0.0,"played":[0.9874,0.0126],"evs":[0.0,-1.2069]},"A2o":{"weight":0.0,"played":[0.994,0.006],"evs":[0.0,-0.57857]},"32s":{"weight":0.0,"played":[0.7196,0.2804],"evs":[0.0,-1.17017]},"33":{"weight":0.0,"played":[0.6423,0.3577],"evs":[0.0,0.09422]},"43o":{"weight":0.0,"played":[0.8516,0.1484],"evs":[0.0,-0.83209]},"53o":{"weight":0.0,"played":[0.9052,0.0948],"evs":[0.0,-0.76836]},"63o":{"weight":0.0,"played":[0.9991,9.0E-4],"evs":[0.0,-0.63078]},"73o":{"weight":0.0,"played":[0.9844,0.0156],"evs":[0.0,-1.49495]},"83o":{"weight":0.0,"played":[0.9976,0.0024],"evs":[0.0,-2.32703]},"93o":{"weight":0.0,"played":[0.9874,0.0126],"evs":[0.0,-0.86981]},"T3o":{"weight":0.0,"played":[0.9994,6.0E-4],"evs":[0.0,-1.53572]},"J3o":{"weight":0.0,"played":[0.9995,5.0E-4],"evs":[0.0,-1.16699]},"Q3o":{"weight":0.0,"played":[0.3492,0.6508],"evs":[0.0,0.23926]},"K3o":{"weight":0.0,"played":[0.9898,0.0102],"evs":[0.0,-1.14392]},"A3o":{"weight":0.0,"played":[0.587,0.413],"evs":[0.0,-0.81173]},"42s":{"weight":0.0,"played":[0.9214,0.0786],"evs":[0.0,-1.4507]},"43s":{"weight":0.0,"played":[0.9977,0.0023],"evs":[0.0,-1.15563]},"44":{"weight":0.0744,"played":[0.0704,0.9296],"evs":[0.0,1.26442]},"54o":{"weight":0.0,"played":[0.9941,0.0059],"evs":[0.0,-0.27333]},"64o":{"weight":0.0,"played":[0.3178,0.6822],"evs":[0.0,0.266]},"74o":{"weight":0.0,"played":[0.9151,0.0849],"evs":[0.0,-1.44066]},"84o":{"weight":0.0,"played":[0.6869,0.3131],"evs":[0.0,-0.02553]},"94o":{"weight":0.0,"played":[0.958,0.042],"evs":[0.0,-1.70596]},"T4o":{"weight":0.0,"played":[0.9349,0.0651],"evs":[0.0,-0.33308]},"J4o":{"weight":0.0,"played":[0.9815,0.0185],"evs":[0.0,-1.47485]},"Q4o":{"weight":0.0,"played":[0.9981,0.0019],"evs":[0.0,-1.34731]},"K4o":{"weight":0.0,"played":[0.9089,0.0911],"evs":[0.0,-1.08628]},"A4o":{"weight":0.0,"played":[0.1745,0.8255],"evs":[0.0,0.37661]},"52s":{"weight":0.0,"played":[0.0075,0.9925],"evs":[0.0,2.70676]},"53s":{"weight":0.0,"played":[0.3799,0.6201],"evs":[0.0,-0.09611]},"54s":{"weight":0.0,"played":[0.5082,0.4918],"evs":[0.0,0.48765]},"55":{"weight":0.6962,"played":[0.0022,0.9978],"evs":[0.0,1.33257]},"65o":{"weight":0.0,"played":[0.2456,0.7544],"evs":[0.0,-0.33691]},"75o":{"weight":0.0,"played":[0.9839,0.0161],"evs":[0.0,-0.48196]},"85o":{"weight":0.0,"played":[0.994,0.006],"evs":[0.0,-1.84887]},"95o":{"weight":0.0,"played":[0.5829,0.4171],"evs":[0.0,-0.18144]},"T5o":{"weight":0.0,"played":[0.4992,0.5008],"evs":[0.0,-0.50906]},"J5o":{"weight":0.0,"played":[0.5087,0.4913],"evs":[0.0,0.05747]},"Q5o":{"weight":0.0,"played":[0.9976,0.0024],"evs":[0.0,-1.53949]},"K5o":{"weight":0.0,"played":[0.2875,0.7125],"evs":[0.0,0.4351]},"A5o":{"weight":0.0,"played":[0.044,0.956],"evs":[0.0,0.53688]},"62s":{"weight":0.0,"played":[0.9789,0.0211],"evs":[0.0,-0.8308]},"63s":{"weight":0.0,"played":[0.9831,0.0169],"evs":[0.0,-0.745]},"64s":{"weight":0.0,"played":[0.7232,0.2768],"evs":[0.0,0.04086]},"65s":{"weight":0.0,"played":[0.3276,0.6724],"evs":[0.0,0.58641]},"66":{"weight":0.0099,"played":[9.0E-4,0.9991],"evs":[0.0,3.10751]},"76o":{"weight":0.0,"played":[0.1666,0.8334],"evs":[0.0,0.42486]},"86o":{"weight":0.0,"played":[0.603,0.397],"evs":[0.0,-0.10374]},"96o":{"weight":0.0,"played":[0.9712,0.0288],"evs":[0.0,-1.37957]},"T6o":{"weight":0.0,"played":[0.993,0.007],"evs":[0.0,-1.13375]},"J6o":{"weight":0.0,"played":[0.8965,0.1035],"evs":[0.0,-1.73231]},"Q6o":{"weight":0.0,"played":[0.9813,0.0187],"evs":[0.0,-0.81674]},"K6o":{"weight":0.0,"played":[0.9071,0.0929],"evs":[0.0,-1.05218]},"A6o":{"weight":0.0,"played":[0.5223,0.4777],"evs":[0.0,0.43622]},"72s":{"weight":0.0,"played":[0.4554,0.5446],"evs":[0.0,-0.07691]},"73s":{"weight":0.0,"played":[0.7573,0.2427],"evs":[0.0,-0.51537]},"74s":{"weight":0.0,"played":[0.3648,0.6352],"evs":[0.0,0.55619]},"75s":{"weight":0.0,"played":[0.3199,0.6801],"evs":[0.0,0.12036]},"76s":{"weight":0.0,"played":[0.2829,0.7171],"evs":[0.0,-0.04932]},"77":{"weight":1.0E-4,"played":[0.025,0.975],"evs":[0.0,3.55924]},"87o":{"weight":0.0,"played":[0.563,0.437],"evs":[0.0,-0.59013]},"97o":{"weight":0.0,"played":[0.1926,0.8074],"evs":[0.0,0.80657]},"T7o":{"weight":0.0,"played":[0.9344,0.0656],"evs":[0.0,-0.38109]},"J7o":{"weight":0.0,"played":[0.7497,0.2503],"evs":[0.0,-0.77981]},"Q7o":{"weight":0.0,"played":[0.9917,0.0083],"evs":[0.0,-1.40477]},"K7o":{"weight":0.0,"played":[0.4388,0.5612],"evs":[0.0,-0.1596]},"A7o":{"weight":0.0,"played":[0.4953,0.5047],"evs":[0.0,0.34247]},"82s":{"weight":0.0,"played":[0.9587,0.0413],"evs":[0.0,-0.77454]},"83s":{"weight":0.0,"played":[0.1544,0.8456],"evs":[0.0,1.35347]},"84s":{"weight":0.0,"played":[0.7865,0.2135],"evs":[0.0,-0.7098]},"85s":{"weight":0.0,"played":[0.2626,0.7374],"evs":[0.0,0.80041]},"86s":{"weight":0.0,"played":[0.241,0.759],"evs":[0.0,0.28893]},"87s":{"weight":0.0,"played":[0.1482,0.8518],"evs":[0.0,1.03469]},"88":{"weight":4.0E-4,"played":[0.021,0.979],"evs":[0.0,2.53227]},"98o":{"weight":0.0,"played":[0.7302,0.2698],"evs":[0.0,-0.49692]},"T8o":{"weight":0.0,"played":[0.865,0.135],"evs":[0.0,-0.10418]},"J8o":{"weight":0.0,"played":[0.9503,0.0497],"evs":[0.0,-1.15996]},"Q8o":{"weight":0.0,"played":[0.4126,0.5874],"evs":[0.0,0.51438]},"K8o":{"weight":0.0,"played":[0.0198,0.9802],"evs":[0.0,1.03046]},"A8o":{"weight":0.0,"played":[0.7786,0.2214],"evs":[0.0,-0.56605]},"92s":{"weight":0.0,"played":[0.5833,0.4167],"evs":[0.0,0.72372]},"93s":{"weight":0.0,"played":[0.8473,0.1527],"evs":[0.0,-0.37489]},"94s":{"weight":0.0,"played":[0.1049,0.8951],"evs":[0.0,0.43337]},"95s":{"weight":0.0,"played":[0.1185,0.8815],"evs":[0.0,0.1055]},"96s":{"weight":0.0,"played":[0.2364,0.7636],"evs":[0.0,-0.8435]},"97s":{"weight":0.0,"played":[0.0981,0.9019],"evs":[0.0,0.12293]},"98s":{"weight":0.0,"played":[0.3574,0.6426],"evs":[0.0,0.53016]},"99":{"weight":0.0,"played":[0.0113,0.9887],"evs":[0.0,2.44016]},"T9o":{"weight":0.0,"played":[0.942,0.058],"evs":[0.0,0.38025]},"J9o":{"weight":0.0,"played":[0.7635,0.2365],"evs":[0.0,-0.21928]},"Q9o":{"weight":0.0,"played":[0.4344,0.5656],"evs":[0.0,0.24397]},"K9o":{"weight":0.0,"played":[0.0184,0.9816],"evs":[0.0,1.31949]},"A9o":{"weight":9.0E-4,"played":[0.0838,0.9162],"evs":[0.0,0.94682]},"T2s":{"weight":0.0,"played":[0.9363,0.0637],"evs":[0.0,-1.07616]},"T3s":{"weight":0.0,"played":[0.9792,0.0208],"evs":[0.0,-1.22672]},"T4s":{"weight":0.0,"played":[0.3021,0.6979],"evs":[0.0,2.55803]},"T5s":{"weight":0.0,"played":[0.1239,0.8761],"evs":[0.0,0.92177]},"T6s":{"weight":0.0,"played":[0.3277,0.6723],"evs":[0.0,-0.54547]},"T7s":{"weight":0.0,"played":[0.5102,0.4898],"evs":[0.0,-1.15288]},"T8s":{"weight":0.0,"played":[0.3617,0.6383],"evs":[0.0,1.37573]},"T9s":{"weight":0.0,"played":[0.0395,0.9605],"evs":[0.0,4.15939]},"TT":{"weight":1.0E-4,"played":[0.0014,0.9986],"evs":[0.0,7.03572]},"JTo":{"weight":0.0,"played":[0.01,0.99],"evs":[0.0,0.55689]},"QTo":{"weight":0.0,"played":[0.1312,0.8688],"evs":[0.0,1.59552]},"KTo":{"weight":0.0,"played":[0.6669,0.3331],"evs":[0.0,-0.60498]},"ATo":{"weight":0.0,"played":[0.1089,0.8911],"evs":[0.0,1.35711]},"J2s":{"weight":0.0,"played":[0.5151,0.4849],"evs":[0.0,0.36659]},"J3s":{"weight":0.0,"played":[0.7818,0.2182],"evs":[0.0,0.53195]},"J4s":{"weight":0.0,"played":[0.5078,0.4922],"evs":[0.0,-0.86234]},"J5s":{"weight":0.0,"played":[0.5629,0.4371],"evs":[0.0,-1.00073]},"J6s":{"weight":0.0,"played":[0.3425,0.6575],"evs":[0.0,0.16122]},"J7s":{"weight":0.0,"played":[0.0399,0.9601],"evs":[0.0,1.56364]},"J8s":{"weight":0.0,"played":[0.0019,0.9981],"evs":[0.0,4.21836]},"J9s":{"weight":0.0,"played":[0.0085,0.9915],"evs":[0.0,2.2905]},"JTs":{"weight":0.115,"played":[0.0,1.0],"evs":[0.0,0.97756]},"JJ":{"weight":0.0,"played":[0.0,1.0],"evs":[0.0,5.77625]},"QJo":{"weight":0.0,"played":[0.1758,0.8242],"evs":[0.0,0.56393]},"KJo":{"weight":5.0E-4,"played":[0.1682,0.8318],"evs":[0.0,0.44464]},"AJo":{"weight":0.0,"played":[0.001,0.999],"evs":[0.0,2.53234]},"Q2s":{"weight":0.0,"played":[0.89,0.11],"evs":[0.0,-0.77313]},"Q3s":{"weight":0.0,"played":[0.363,0.637],"evs":[0.0,0.37347]},"Q4s":{"weight":0.0,"played":[0.5654,0.4346],"evs":[0.0,0.24996]},"Q5s":{"weight":0.0,"played":[0.0217,0.9783],"evs":[0.0,-0.09146]},"Q6s":{"weight":0.0,"played":[0.423,0.577],"evs":[0.0,0.46311]},"Q7s":{"weight":0.0,"played":[0.8108,0.1892],"evs":[0.0,-0.26014]},"Q8s":{"weight":0.0,"played":[0.1468,0.8532],"evs":[0.0,1.85851]},"Q9s":{"weight":0.0018,"played":[0.0516,0.9484],"evs":[0.0,1.0736]},"QTs":{"weight":0.9987,"played":[0.1163,0.8837],"evs":[0.0,1.35236]},"QJs":{"weight":1.0,"played":[0.0543,0.9457],"evs":[0.0,1.71379]},"QQ":{"weight":0.0,"played":[6.0E-4,0.9994],"evs":[0.0,8.88684]},"KQo":{"weight":0.0011,"played":[0.5213,0.4787],"evs":[0.0,0.22396]},"AQo":{"weight":0.0,"played":[0.0028,0.9972],"evs":[0.0,2.36993]},"K2s":{"weight":0.0,"played":[0.9569,0.0431],"evs":[0.0,-0.73637]},"K3s":{"weight":0.0,"played":[0.7203,0.2797],"evs":[0.0,-0.17974]},"K4s":{"weight":0.0,"played":[0.5852,0.4148],"evs":[0.0,-0.61931]},"K5s":{"weight":0.0,"played":[0.0505,0.9495],"evs":[0.0,1.7083]},"K6s":{"weight":0.0,"played":[0.5712,0.4288],"evs":[0.0,0.77396]},"K7s":{"weight":0.0,"played":[0.3153,0.6847],"evs":[0.0,0.63929]},"K8s":{"weight":1.0E-4,"played":[0.8628,0.1372],"evs":[0.0,-1.93388]},"K9s":{"weight":0.0014,"played":[0.2613,0.7387],"evs":[0.0,2.10662]},"KTs":{"weight":0.9958,"played":[0.1836,0.8164],"evs":[0.0,0.69824]},"KJs":{"weight":0.4363,"played":[0.0028,0.9972],"evs":[0.0,1.20927]},"KQs":{"weight":0.0217,"played":[0.0013,0.9987],"evs":[0.0,3.65333]},"KK":{"weight":0.0,"played":[0.0,1.0],"evs":[0.0,10.91031]},"AKo":{"weight":0.0,"played":[4.0E-4,0.9996],"evs":[0.0,4.7746]},"A2s":{"weight":0.0022,"played":[0.2302,0.7698],"evs":[0.0,2.11468]},"A3s":{"weight":0.0018,"played":[0.2485,0.7515],"evs":[0.0,1.9712]},"A4s":{"weight":0.0498,"played":[0.2081,0.7919],"evs":[0.0,-0.06664]},"A5s":{"weight":0.1206,"played":[0.76,0.24],"evs":[0.0,-0.18418]},"A6s":{"weight":0.3109,"played":[0.8268,0.1732],"evs":[0.0,-1.05298]},"A7s":{"weight":0.0038,"played":[0.6003,0.3997],"evs":[0.0,-0.12812]},"A8s":{"weight":0.0,"played":[0.4162,0.5838],"evs":[0.0,0.30914]},"A9s":{"weight":0.0041,"played":[2.0E-4,0.9998],"evs":[0.0,2.29728]},"ATs":{"weight":0.0,"played":[0.0236,0.9764],"evs":[0.0,2.87025]},"AJs":{"weight":0.0,"played":[0.0012,0.9988],"evs":[0.0,2.7903]},"AQs":{"weight":0.0,"played":[0.0135,0.9865],"evs":[0.0,3.00892]},"AKs":{"weight":0.0,"played":[8.0E-4,0.9992],"evs":[0.0,6.72109]},"AA":{"weight":0.0,"played":[0.0,1.0],"evs":[0.0,13.45146]}}}