{"player":4,"street":0,"children":3,"sequence":[{"player":0,"type":"F","amount":0,"street":0},{"player":1,"type":"F","amount":0,"street":0},{"player":2,"type":"R","amount":200000,"street":0},{"player":3,"type":"F","amount":0,"street":0}],"actions":[{"type":"F","amount":0,"node":15},{"type":"C","amount":150000,"node":17},{"type":"R","amount":1085000,"node":21}],"hands":{"22":{"weight":1.0,"played":[0.9998,2.0E-4,0.0],"evs":[0.0,-0.04689,-0.3628]},"32o":{"weight":1.0,"played":[1.0,0.0,0.0],"evs":[0.0,-0.76606,-3.441]},"42o":{"weight":1.0,"played":[1.0,0.0,0.0],"evs":[0.0,-0.74733,-3.33051]},"52o":{"weight":1.0,"played":[1.0,0.0,0.0],"evs":[0.0,-0.70938,-3.18848]},"62o":{"weight":1.0,"played":[1.0,0.0,0.0],"evs":[0.0,-0.77288,-3.48598]},"72o":{"weight":1.0,"played":[1.0,0.0,0.0],"evs":[0.0,-0.79531,-3.62011]},"82o":{"weight":1.0,"played":[1.0,0.0,0.0],"evs":[0.0,-0.78405,-3.46086]},"92o":{"weight":1.0,"played":[1.0,0.0,0.0],"evs":[0.0,-0.79374,-3.3682]},"T2o":{"weight":1.0,"played":[1.0,0.0,0.0],"evs":[0.0,-0.72126,-3.036]},"J2o":{"weight":1.0,"played":[1.0,0.0,0.0],"evs":[0.0,-0.69148,-2.75352]},"Q2o":{"weight":1.0,"played":[1.0,0.0,0.0],"evs":[0.0,-0.60007,-2.18385]},"K2o":{"weight":1.0,"played":[1.0,0.0,0.0],"evs":[0.0,-0.47631,-1.56569]},"A2o":{"weight":1.0,"played":[0.7487,0.2513,0.0],"evs":[0.0,-0.00238,-0.09933]},"32s":{"weight":1.0,"played":[1.0,0.0,0.0],"evs":[0.0,-0.54724,-2.64723]},"33":{"weight":1.0,"played":[1.0E-4,0.9999,0.0],"evs":[0.0,0.05279,-0.09211]},"43o":{"weight":1.0,"played":[1.0,0.0,0.0],"evs":[0.0,-0.66426,-3.02066]},"53o":{"weight":1.0,"played":[1.0,0.0,0.0],"evs":[0.0,-0.62549,-2.87532]},"63o":{"weight":1.0,"played":[1.0,0.0,0.0],"evs":[0.0,-0.69538,-3.17521]},"73o":{"weight":1.0,"played":[1.0,0.0,0.0],"evs":[0.0,-0.7158,-3.29557]},"83o":{"weight":1.0,"played":[1.0,0.0,0.0],"evs":[0.0,-0.76579,-3.41998]},"93o":{"weight":1.0,"played":[1.0,0.0,0.0],"evs":[0.0,-0.76368,-3.27718]},"T3o":{"weight":1.0,"played":[1.0,0.0,0.0],"evs":[0.0,-0.69651,-2.92978]},"J3o":{"weight":1.0,"played":[1.0,0.0,0.0],"evs":[0.0,-0.67246,-2.64905]},"Q3o":{"weight":1.0,"played":[1.0,0.0,0.0],"evs":[0.0,-0.58328,-2.10359]},"K3o":{"weight":1.0,"played":[1.0,0.0,0.0],"evs":[0.0,-0.45308,-1.47606]},"A3o":{"weight":1.0,"played":[0.0,1.0,0.0],"evs":[0.0,0.06164,0.00194]},"42s":{"weight":1.0,"played":[1.0,0.0,0.0],"evs":[0.0,-0.51618,-2.54171]},"43s":{"weight":1.0,"played":[1.0,0.0,0.0],"evs":[0.0,-0.44882,-2.26388]},"44":{"weight":1.0,"played":[0.0,1.0,0.0],"evs":[0.0,0.25043,0.16939]},"54o":{"weight":1.0,"played":[1.0,0.0,0.0],"evs":[0.0,-0.5587,-2.57263]},"64o":{"weight":1.0,"played":[1.0,0.0,0.0],"evs":[0.0,-0.60473,-2.85334]},"74o":{"weight":1.0,"played":[1.0,0.0,0.0],"evs":[0.0,-0.63206,-2.96531]},"84o":{"weight":1.0,"played":[1.0,0.0,0.0],"evs":[0.0,-0.68872,-3.09692]},"94o":{"weight":1.0,"played":[1.0,0.0,0.0],"evs":[0.0,-0.74858,-3.2249]},"T4o":{"weight":1.0,"played":[1.0,0.0,0.0],"evs":[0.0,-0.6784,-2.83656]},"J4o":{"weight":1.0,"played":[1.0,0.0,0.0],"evs":[0.0,-0.6493,-2.55214]},"Q4o":{"weight":1.0,"played":[1.0,0.0,0.0],"evs":[0.0,-0.56336,-2.01276]},"K4o":{"weight":1.0,"played":[1.0,0.0,0.0],"evs":[0.0,-0.41818,-1.354]},"A4o":{"weight":1.0,"played":[0.0,0.959,0.041],"evs":[0.0,0.1294,0.1116]},"52s":{"weight":1.0,"played":[1.0,0.0,0.0],"evs":[0.0,-0.47892,-2.40065]},"53s":{"weight":1.0,"played":[1.0,0.0,0.0],"evs":[0.0,-0.39511,-2.10565]},"54s":{"weight":1.0,"played":[1.0,0.0,0.0],"evs":[0.0,-0.30714,-1.8412]},"55":{"weight":1.0,"played":[0.0,0.9999,1.0E-4],"evs":[0.0,0.51651,0.47963]},"65o":{"weight":1.0,"played":[1.0,0.0,0.0],"evs":[0.0,-0.50991,-2.49604]},"75o":{"weight":1.0,"played":[1.0,0.0,0.0],"evs":[0.0,-0.53406,-2.60774]},"85o":{"weight":1.0,"played":[1.0,0.0,0.0],"evs":[0.0,-0.5877,-2.71315]},"95o":{"weight":1.0,"played":[1.0,0.0,0.0],"evs":[0.0,-0.65804,-2.83992]},"T5o":{"weight":1.0,"played":[1.0,0.0,0.0],"evs":[0.0,-0.64028,-2.72911]},"J5o":{"weight":1.0,"played":[1.0,0.0,0.0],"evs":[0.0,-0.60411,-2.37786]},"Q5o":{"weight":1.0,"played":[1.0,0.0,0.0],"evs":[0.0,-0.50483,-1.80955]},"K5o":{"weight":1.0,"played":[1.0,0.0,0.0],"evs":[0.0,-0.35858,-1.16774]},"A5o":{"weight":1.0,"played":[0.0,5.0E-4,0.9995],"evs":[0.0,0.22041,0.27144]},"62s":{"weight":1.0,"played":[1.0,0.0,0.0],"evs":[0.0,-0.54442,-2.68287]},"63s":{"weight":1.0,"played":[1.0,0.0,0.0],"evs":[0.0,-0.46113,-2.37549]},"64s":{"weight":1.0,"played":[1.0,0.0,0.0],"evs":[0.0,-0.37054,-2.09887]},"65s":{"weight":1.0,"played":[1.0,0.0,0.0],"evs":[0.0,-0.23971,-1.73545]},"66":{"weight":1.0,"played":[0.0,0.2774,0.7226],"evs":[0.0,0.68698,0.69191]},"76o":{"weight":1.0,"played":[1.0,0.0,0.0],"evs":[0.0,-0.45666,-2.38411]},"86o":{"weight":1.0,"played":[1.0,0.0,0.0],"evs":[0.0,-0.49988,-2.45709]},"96o":{"weight":1.0,"played":[1.0,0.0,0.0],"evs":[0.0,-0.55749,-2.57429]},"T6o":{"weight":1.0,"played":[1.0,0.0,0.0],"evs":[0.0,-0.57225,-2.47787]},"J6o":{"weight":1.0,"played":[1.0,0.0,0.0],"evs":[0.0,-0.58529,-2.3875]},"Q6o":{"weight":1.0,"played":[1.0,0.0,0.0],"evs":[0.0,-0.48353,-1.75339]},"K6o":{"weight":1.0,"played":[1.0,0.0,0.0],"evs":[0.0,-0.32632,-1.05816]},"A6o":{"weight":1.0,"played":[0.0,0.0159,0.9841],"evs":[0.0,0.21584,0.26251]},"72s":{"weight":1.0,"played":[1.0,0.0,0.0],"evs":[0.0,-0.56778,-2.82469]},"73s":{"weight":1.0,"played":[1.0,0.0,0.0],"evs":[0.0,-0.48705,-2.51396]},"74s":{"weight":1.0,"played":[1.0,0.0,0.0],"evs":[0.0,-0.39631,-2.2033]},"75s":{"weight":1.0,"played":[1.0,0.0,0.0],"evs":[0.0,-0.28093,-1.8459]},"76s":{"weight":1.0,"played":[0.9998,2.0E-4,0.0],"evs":[0.0,-0.16512,-1.65096]},"77":{"weight":1.0,"played":[0.0,0.0,1.0],"evs":[0.0,1.0135,1.18387]},"87o":{"weight":1.0,"played":[1.0,0.0,0.0],"evs":[0.0,-0.41472,-2.18067]},"97o":{"weight":1.0,"played":[1.0,0.0,0.0],"evs":[0.0,-0.4744,-2.2912]},"T7o":{"weight":1.0,"played":[1.0,0.0,0.0],"evs":[0.0,-0.46681,-2.16634]},"J7o":{"weight":1.0,"played":[1.0,0.0,0.0],"evs":[0.0,-0.49238,-2.05732]},"Q7o":{"weight":1.0,"played":[1.0,0.0,0.0],"evs":[0.0,-0.42947,-1.62573]},"K7o":{"weight":1.0,"played":[1.0,0.0,0.0],"evs":[0.0,-0.2711,-0.87319]},"A7o":{"weight":1.0,"played":[0.0,0.0,1.0],"evs":[0.0,0.34832,0.53254]},"82s":{"weight":1.0,"played":[1.0,0.0,0.0],"evs":[0.0,-0.54589,-2.65039]},"83s":{"weight":1.0,"played":[1.0,0.0,0.0],"evs":[0.0,-0.53329,-2.6169]},"84s":{"weight":1.0,"played":[1.0,0.0,0.0],"evs":[0.0,-0.44625,-2.32368]},"85s":{"weight":1.0,"played":[1.0,0.0,0.0],"evs":[0.0,-0.33772,-1.95102]},"86s":{"weight":1.0,"played":[1.0,0.0,0.0],"evs":[0.0,-0.22655,-1.70901]},"87s":{"weight":1.0,"played":[0.9999,1.0E-4,0.0],"evs":[0.0,-0.08375,-1.41435]},"88":{"weight":1.0,"played":[0.0,0.0,1.0],"evs":[0.0,1.34303,1.76872]},"98o":{"weight":1.0,"played":[1.0,0.0,0.0],"evs":[0.0,-0.40304,-1.99822]},"T8o":{"weight":1.0,"played":[1.0,0.0,0.0],"evs":[0.0,-0.36963,-1.81814]},"J8o":{"weight":1.0,"played":[1.0,0.0,0.0],"evs":[0.0,-0.39644,-1.70475]},"Q8o":{"weight":1.0,"played":[1.0,0.0,0.0],"evs":[0.0,-0.34303,-1.23741]},"K8o":{"weight":1.0,"played":[1.0,0.0,0.0],"evs":[0.0,-0.23996,-0.74551]},"A8o":{"weight":1.0,"played":[0.0,0.0,1.0],"evs":[0.0,0.49387,0.85148]},"92s":{"weight":1.0,"played":[1.0,0.0,0.0],"evs":[0.0,-0.55224,-2.54088]},"93s":{"weight":1.0,"played":[1.0,0.0,0.0],"evs":[0.0,-0.52192,-2.46457]},"94s":{"weight":1.0,"played":[1.0,0.0,0.0],"evs":[0.0,-0.51632,-2.4269]},"95s":{"weight":1.0,"played":[1.0,0.0,0.0],"evs":[0.0,-0.40181,-2.05651]},"96s":{"weight":1.0,"played":[1.0,0.0,0.0],"evs":[0.0,-0.31598,-1.84104]},"97s":{"weight":1.0,"played":[1.0,0.0,0.0],"evs":[0.0,-0.18401,-1.53604]},"98s":{"weight":1.0,"played":[1.0,0.0,0.0],"evs":[0.0,-0.05072,-1.25938]},"99":{"weight":1.0,"played":[0.0,0.0,1.0],"evs":[0.0,1.74338,2.53098]},"T9o":{"weight":1.0,"played":[1.0,0.0,0.0],"evs":[0.0,-0.30831,-1.45379]},"J9o":{"weight":1.0,"played":[1.0,0.0,0.0],"evs":[0.0,-0.28892,-1.25458]},"Q9o":{"weight":1.0,"played":[1.0,0.0,0.0],"evs":[0.0,-0.24363,-0.84426]},"K9o":{"weight":1.0,"played":[0.9996,4.0E-4,0.0],"evs":[0.0,-0.03655,-0.20674]},"A9o":{"weight":1.0,"played":[0.0,0.0,1.0],"evs":[0.0,0.66338,1.26052]},"T2s":{"weight":1.0,"played":[1.0,0.0,0.0],"evs":[0.0,-0.48212,-2.23791]},"T3s":{"weight":1.0,"played":[1.0,0.0,0.0],"evs":[0.0,-0.4635,-2.16016]},"T4s":{"weight":1.0,"played":[1.0,0.0,0.0],"evs":[0.0,-0.42732,-2.04166]},"T5s":{"weight":1.0,"played":[1.0,0.0,0.0],"evs":[0.0,-0.38203,-1.96436]},"T6s":{"weight":1.0,"played":[1.0,0.0,0.0],"evs":[0.0,-0.31878,-1.69521]},"T7s":{"weight":1.0,"played":[1.0,0.0,0.0],"evs":[0.0,-0.17799,-1.39281]},"T8s":{"weight":1.0,"played":[0.9996,4.0E-4,0.0],"evs":[0.0,-0.0174,-1.10272]},"T9s":{"weight":1.0,"played":[0.0,1.0,0.0],"evs":[0.0,0.15465,-0.75616]},"TT":{"weight":1.0,"played":[0.0,0.0,1.0],"evs":[0.0,2.40733,3.56272]},"JTo":{"weight":1.0,"played":[0.9762,0.0238,0.0],"evs":[0.0,-0.03271,-0.50982]},"QTo":{"weight":1.0,"played":[1.0E-4,0.9999,0.0],"evs":[0.0,0.02398,-0.15296]},"KTo":{"weight":1.0,"played":[0.0,0.0,1.0],"evs":[0.0,0.32204,0.49416]},"ATo":{"weight":1.0,"played":[0.0,0.0,1.0],"evs":[0.0,1.12393,1.93387]},"J2s":{"weight":1.0,"played":[1.0,0.0,0.0],"evs":[0.0,-0.4437,-1.96449]},"J3s":{"weight":1.0,"played":[1.0,0.0,0.0],"evs":[0.0,-0.40916,-1.8677]},"J4s":{"weight":1.0,"played":[1.0,0.0,0.0],"evs":[0.0,-0.38485,-1.77446]},"J5s":{"weight":1.0,"played":[1.0,0.0,0.0],"evs":[0.0,-0.34921,-1.66178]},"J6s":{"weight":1.0,"played":[1.0,0.0,0.0],"evs":[0.0,-0.3175,-1.63285]},"J7s":{"weight":1.0,"played":[1.0,0.0,0.0],"evs":[0.0,-0.232,-1.31372]},"J8s":{"weight":1.0,"played":[1.0,0.0,0.0],"evs":[0.0,-0.07569,-0.98702]},"J9s":{"weight":1.0,"played":[0.0014,0.9986,0.0],"evs":[0.0,0.10684,-0.56286]},"JTs":{"weight":1.0,"played":[0.0,1.0,0.0],"evs":[0.0,0.45467,0.11595]},"JJ":{"weight":1.0,"played":[0.0,0.0,1.0],"evs":[0.0,3.16746,4.48252]},"QJo":{"weight":1.0,"played":[0.0,1.0,0.0],"evs":[0.0,0.17655,0.1381]},"KJo":{"weight":1.0,"played":[0.0,0.0,1.0],"evs":[0.0,0.53896,0.8927]},"AJo":{"weight":1.0,"played":[0.0,0.0,1.0],"evs":[0.0,1.46043,2.36506]},"Q2s":{"weight":1.0,"played":[1.0,0.0,0.0],"evs":[0.0,-0.32891,-1.4145]},"Q3s":{"weight":1.0,"played":[1.0,0.0,0.0],"evs":[0.0,-0.31646,-1.33666]},"Q4s":{"weight":1.0,"played":[1.0,0.0,0.0],"evs":[0.0,-0.29606,-1.2492]},"Q5s":{"weight":1.0,"played":[1.0,0.0,0.0],"evs":[0.0,-0.22945,-1.09251]},"Q6s":{"weight":1.0,"played":[1.0,0.0,0.0],"evs":[0.0,-0.22706,-1.03987]},"Q7s":{"weight":1.0,"played":[1.0,0.0,0.0],"evs":[0.0,-0.16464,-0.90661]},"Q8s":{"weight":1.0,"played":[0.9949,0.0051,0.0],"evs":[0.0,-0.02903,-0.54272]},"Q9s":{"weight":1.0,"played":[0.0,1.0,0.0],"evs":[0.0,0.13976,-0.16004]},"QTs":{"weight":1.0,"played":[0.0,1.0,0.0],"evs":[0.0,0.53026,0.4808]},"QJs":{"weight":1.0,"played":[0.0,0.001,0.999],"evs":[0.0,0.66958,0.73537]},"QQ":{"weight":1.0,"played":[0.0,0.0,1.0],"evs":[0.0,4.07801,5.4473]},"KQo":{"weight":1.0,"played":[0.0,0.0,1.0],"evs":[0.0,0.83082,1.27095]},"AQo":{"weight":1.0,"played":[0.0,0.0,1.0],"evs":[0.0,1.87002,2.86302]},"K2s":{"weight":1.0,"played":[1.0,0.0,0.0],"evs":[0.0,-0.16439,-0.78757]},"K3s":{"weight":1.0,"played":[1.0,0.0,0.0],"evs":[0.0,-0.14054,-0.72326]},"K4s":{"weight":1.0,"played":[0.9999,1.0E-4,0.0],"evs":[0.0,-0.10699,-0.63418]},"K5s":{"weight":1.0,"played":[0.9735,0.0265,0.0],"evs":[0.0,-0.02095,-0.43435]},"K6s":{"weight":1.0,"played":[0.0082,0.9918,0.0],"evs":[0.0,0.02966,-0.36078]},"K7s":{"weight":1.0,"played":[0.0,1.0,0.0],"evs":[0.0,0.10403,-0.19018]},"K8s":{"weight":1.0,"played":[0.0,1.0,0.0],"evs":[0.0,0.17083,-0.06032]},"K9s":{"weight":1.0,"played":[0.0,0.0219,0.9781],"evs":[0.0,0.39266,0.44289]},"KTs":{"weight":1.0,"played":[0.0,0.0,1.0],"evs":[0.0,0.84017,1.09147]},"KJs":{"weight":1.0,"played":[0.0,0.0,1.0],"evs":[0.0,1.07188,1.45564]},"KQs":{"weight":1.0,"played":[0.0,0.0,1.0],"evs":[0.0,1.35516,1.82318]},"KK":{"weight":1.0,"played":[0.0,0.0,1.0],"evs":[0.0,5.24255,6.59395]},"AKo":{"weight":1.0,"played":[0.0,0.0,1.0],"evs":[0.0,2.55336,3.67068]},"A2s":{"weight":1.0,"played":[0.0,0.0,1.0],"evs":[0.0,0.43991,0.55954]},"A3s":{"weight":1.0,"played":[0.0,0.0,1.0],"evs":[0.0,0.4822,0.63157]},"A4s":{"weight":1.0,"played":[0.0,0.0,1.0],"evs":[0.0,0.59342,0.77728]},"A5s":{"weight":1.0,"played":[0.0,0.0,1.0],"evs":[0.0,0.65079,0.90875]},"A6s":{"weight":1.0,"played":[0.0,0.0,1.0],"evs":[0.0,0.63549,0.85879]},"A7s":{"weight":1.0,"played":[0.0,0.0,1.0],"evs":[0.0,0.77304,1.12183]},"A8s":{"weight":1.0,"played":[0.0,0.0,1.0],"evs":[0.0,0.97378,1.43449]},"A9s":{"weight":1.0,"played":[0.0,0.0,1.0],"evs":[0.0,1.17857,1.81973]},"ATs":{"weight":1.0,"played":[0.0,0.0,1.0],"evs":[0.0,1.65278,2.42867]},"AJs":{"weight":1.0,"played":[0.0,0.0,1.0],"evs":[0.0,1.95476,2.83135]},"AQs":{"weight":1.0,"played":[0.0,0.0,1.0],"evs":[0.0,2.37461,3.34946]},"AKs":{"weight":1.0,"played":[0.0,0.0,1.0],"evs":[0.0,2.99347,4.09002]},"AA":{"weight":1.0,"played":[0.0,0.0,1.0],"evs":[0.0,6.97469,8.35547]}}}