{"player":1,"street":0,"children":2,"sequence":[{"player":0,"type":"F","amount":0,"street":0},{"player":1,"type":"R","amount":200000,"street":0},{"player":2,"type":"C","amount":200000,"street":0},{"player":3,"type":"C","amount":200000,"street":0},{"player":4,"type":"R","amount":1085000,"street":0},{"player":5,"type":"R","amount":1985000,"street":0}],"actions":[{"type":"F","amount":0,"node":143},{"type":"C","amount":1785000,"node":146}],"hands":{"22":{"weight":0.0,"played":[0.001,0.999],"evs":[0.0,1.99942]},"32o":{"weight":0.0,"played":[0.7865,0.2135],"evs":[0.0,-4.60871]},"42o":{"weight":0.0,"played":[0.9852,0.0148],"evs":[0.0,-2.10505]},"52o":{"weight":0.0,"played":[0.8803,0.1197],"evs":[0.0,-0.71404]},"62o":{"weight":0.0,"played":[0.9998,2.0E-4],"evs":[0.0,-5.53713]},"72o":{"weight":0.0,"played":[0.9914,0.0086],"evs":[0.0,-3.56439]},"82o":{"weight":0.0,"played":[0.9947,0.0053],"evs":[0.0,-2.8793]},"92o":{"weight":0.0,"played":[0.9998,2.0E-4],"evs":[0.0,-1.77146]},"T2o":{"weight":0.0,"played":[0.9522,0.0478],"evs":[0.0,-4.37041]},"J2o":{"weight":0.0,"played":[0.998,0.002],"evs":[0.0,-4.63117]},"Q2o":{"weight":0.0,"played":[0.9969,0.0031],"evs":[0.0,-5.17246]},"K2o":{"weight":0.0,"played":[0.9799,0.0201],"evs":[0.0,-3.35044]},"A2o":{"weight":0.0,"played":[0.9527,0.0473],"evs":[0.0,-3.44641]},"32s":{"weight":0.0,"played":[0.8598,0.1402],"evs":[0.0,-2.33729]},"33":{"weight":0.0916,"played":[0.2205,0.7795],"evs":[0.0,1.14928]},"43o":{"weight":0.0,"played":[0.9061,0.0939],"evs":[0.0,-0.89344]},"53o":{"weight":0.0,"played":[0.9807,0.0193],"evs":[0.0,-1.88846]},"63o":{"weight":0.0,"played":[0.9971,0.0029],"evs":[0.0,-1.27142]},"73o":{"weight":0.0,"played":[0.9592,0.0408],"evs":[0.0,-1.58434]},"83o":{"weight":0.0,"played":[0.9654,0.0346],"evs":[0.0,-2.14383]},"93o":{"weight":0.0,"played":[0.9999,1.0E-4],"evs":[0.0,-1.64088]},"T3o":{"weight":0.0,"played":[0.9538,0.0462],"evs":[0.0,-2.67811]},"J3o":{"weight":0.0,"played":[0.9996,4.0E-4],"evs":[0.0,-3.35982]},"Q3o":{"weight":0.0,"played":[0.9486,0.0514],"evs":[0.0,-3.27969]},"K3o":{"weight":0.0,"played":[0.9799,0.0201],"evs":[0.0,-3.11724]},"A3o":{"weight":0.4868,"played":[0.5627,0.4373],"evs":[0.0,0.12638]},"42s":{"weight":0.0,"played":[0.5805,0.4195],"evs":[0.0,-2.35086]},"43s":{"weight":0.0,"played":[0.3495,0.6505],"evs":[0.0,2.98626]},"44":{"weight":0.4788,"played":[3.0E-4,0.9997],"evs":[0.0,4.23439]},"54o":{"weight":0.0,"played":[0.6427,0.3573],"evs":[0.0,0.2434]},"64o":{"weight":0.0,"played":[0.8555,0.1445],"evs":[0.0,-1.1082]},"74o":{"weight":0.0,"played":[0.9772,0.0228],"evs":[0.0,-2.72234]},"84o":{"weight":0.0,"played":[0.6685,0.3315],"evs":[0.0,-2.25079]},"94o":{"weight":0.0,"played":[0.9929,0.0071],"evs":[0.0,-4.59966]},"T4o":{"weight":0.0,"played":[0.9851,0.0149],"evs":[0.0,-4.74978]},"J4o":{"weight":0.0,"played":[0.9691,0.0309],"evs":[0.0,-3.31534]},"Q4o":{"weight":0.0,"played":[0.8687,0.1313],"evs":[0.0,-4.25174]},"K4o":{"weight":0.0,"played":[0.9245,0.0755],"evs":[0.0,-1.89561]},"A4o":{"weight":1.0,"played":[0.9244,0.0756],"evs":[0.0,-2.02282]},"52s":{"weight":0.0,"played":[0.833,0.167],"evs":[0.0,-2.93451]},"53s":{"weight":0.0,"played":[0.0358,0.9642],"evs":[0.0,5.62321]},"54s":{"weight":2.0E-4,"played":[0.1755,0.8245],"evs":[0.0,4.14527]},"55":{"weight":0.173,"played":[0.0935,0.9065],"evs":[0.0,2.68298]},"65o":{"weight":0.0,"played":[0.0181,0.9819],"evs":[0.0,1.57582]},"75o":{"weight":0.0,"played":[0.8325,0.1675],"evs":[0.0,-1.06522]},"85o":{"weight":0.0,"played":[0.6635,0.3365],"evs":[0.0,-0.04419]},"95o":{"weight":0.0,"played":[0.9633,0.0367],"evs":[0.0,-1.94233]},"T5o":{"weight":0.0,"played":[0.9824,0.0176],"evs":[0.0,-2.9476]},"J5o":{"weight":0.0,"played":[0.997,0.003],"evs":[0.0,-5.028]},"Q5o":{"weight":0.0,"played":[0.9505,0.0495],"evs":[0.0,-2.15003]},"K5o":{"weight":0.0,"played":[0.8793,0.1207],"evs":[0.0,-3.7012]},"A5o":{"weight":1.0,"played":[0.0464,0.9536],"evs":[0.0,2.25906]},"62s":{"weight":0.0,"played":[0.6494,0.3506],"evs":[0.0,-2.81869]},"63s":{"weight":0.0,"played":[0.1352,0.8648],"evs":[0.0,5.12617]},"64s":{"weight":0.0,"played":[0.0116,0.9884],"evs":[0.0,4.20076]},"65s":{"weight":0.9984,"played":[0.0074,0.9926],"evs":[0.0,3.49503]},"66":{"weight":0.5914,"played":[0.0054,0.9946],"evs":[0.0,5.31232]},"76o":{"weight":0.0,"played":[0.0039,0.9961],"evs":[0.0,1.32704]},"86o":{"weight":0.0,"played":[0.033,0.967],"evs":[0.0,1.34121]},"96o":{"weight":0.0,"played":[0.5504,0.4496],"evs":[0.0,-1.80963]},"T6o":{"weight":0.0,"played":[0.9262,0.0738],"evs":[0.0,-1.12306]},"J6o":{"weight":0.0,"played":[0.9886,0.0114],"evs":[0.0,-1.83927]},"Q6o":{"weight":0.0,"played":[0.8152,0.1848],"evs":[0.0,-2.34664]},"K6o":{"weight":0.0,"played":[0.9891,0.0109],"evs":[0.0,-1.70233]},"A6o":{"weight":1.0,"played":[0.4976,0.5024],"evs":[0.0,0.82681]},"72s":{"weight":0.0,"played":[0.8786,0.1214],"evs":[0.0,-4.09124]},"73s":{"weight":0.0,"played":[0.7247,0.2753],"evs":[0.0,0.1071]},"74s":{"weight":0.0,"played":[0.2318,0.7682],"evs":[0.0,-0.52034]},"75s":{"weight":0.0,"played":[0.2099,0.7901],"evs":[0.0,3.72284]},"76s":{"weight":1.0,"played":[0.0481,0.9519],"evs":[0.0,1.68363]},"77":{"weight":0.9999,"played":[2.0E-4,0.9998],"evs":[0.0,8.75754]},"87o":{"weight":0.0,"played":[0.6808,0.3192],"evs":[0.0,-1.54622]},"97o":{"weight":0.0,"played":[0.707,0.293],"evs":[0.0,-0.79454]},"T7o":{"weight":0.0,"played":[0.6588,0.3412],"evs":[0.0,1.39012]},"J7o":{"weight":0.0,"played":[0.9478,0.0522],"evs":[0.0,-2.06511]},"Q7o":{"weight":0.0,"played":[0.9776,0.0224],"evs":[0.0,-2.25499]},"K7o":{"weight":0.0,"played":[0.9308,0.0692],"evs":[0.0,-2.57721]},"A7o":{"weight":1.0,"played":[0.4397,0.5603],"evs":[0.0,0.24691]},"82s":{"weight":0.0,"played":[0.979,0.021],"evs":[0.0,-3.64363]},"83s":{"weight":0.0,"played":[0.1001,0.8999],"evs":[0.0,1.00397]},"84s":{"weight":0.0,"played":[0.1828,0.8172],"evs":[0.0,2.98985]},"85s":{"weight":0.0,"played":[0.0894,0.9106],"evs":[0.0,0.43174]},"86s":{"weight":0.9964,"played":[7.0E-4,0.9993],"evs":[0.0,5.49156]},"87s":{"weight":1.0,"played":[0.2278,0.7722],"evs":[0.0,2.63001]},"88":{"weight":1.0,"played":[0.0,1.0],"evs":[0.0,9.15388]},"98o":{"weight":0.0,"played":[0.3564,0.6436],"evs":[0.0,0.09008]},"T8o":{"weight":0.0,"played":[0.0944,0.9056],"evs":[0.0,-0.21807]},"J8o":{"weight":0.0,"played":[0.9997,3.0E-4],"evs":[0.0,-1.47361]},"Q8o":{"weight":0.0,"played":[0.9409,0.0591],"evs":[0.0,-2.22813]},"K8o":{"weight":0.0,"played":[0.4287,0.5713],"evs":[0.0,0.9379]},"A8o":{"weight":0.984,"played":[0.0248,0.9752],"evs":[0.0,0.1822]},"92s":{"weight":0.0,"played":[0.9001,0.0999],"evs":[0.0,-1.51038]},"93s":{"weight":0.0,"played":[0.8475,0.1525],"evs":[0.0,-0.98328]},"94s":{"weight":0.0,"played":[0.6445,0.3555],"evs":[0.0,-2.6429]},"95s":{"weight":0.0,"played":[0.9785,0.0215],"evs":[0.0,-2.08565]},"96s":{"weight":0.0,"played":[0.2271,0.7729],"evs":[0.0,0.10262]},"97s":{"weight":0.9999,"played":[0.118,0.882],"evs":[0.0,1.54645]},"98s":{"weight":0.9885,"played":[0.328,0.672],"evs":[0.0,1.71032]},"99":{"weight":1.0,"played":[2.0E-4,0.9998],"evs":[0.0,10.94926]},"T9o":{"weight":0.9931,"played":[0.0218,0.9782],"evs":[0.0,1.16201]},"J9o":{"weight":0.0,"played":[0.4831,0.5169],"evs":[0.0,1.08052]},"Q9o":{"weight":0.0,"played":[0.7432,0.2568],"evs":[0.0,-0.66028]},"K9o":{"weight":0.3439,"played":[0.402,0.598],"evs":[0.0,-0.07131]},"A9o":{"weight":0.3048,"played":[0.3625,0.6375],"evs":[0.0,0.13662]},"T2s":{"weight":0.0,"played":[0.9837,0.0163],"evs":[0.0,-5.63772]},"T3s":{"weight":0.0,"played":[0.9558,0.0442],"evs":[0.0,-4.8358]},"T4s":{"weight":0.0,"played":[0.6709,0.3291],"evs":[0.0,0.36393]},"T5s":{"weight":0.0,"played":[0.5803,0.4197],"evs":[0.0,-1.37812]},"T6s":{"weight":0.0,"played":[0.3306,0.6694],"evs":[0.0,3.93987]},"T7s":{"weight":1.0,"played":[0.056,0.944],"evs":[0.0,2.89921]},"T8s":{"weight":0.4491,"played":[0.458,0.542],"evs":[0.0,2.77578]},"T9s":{"weight":0.0017,"played":[0.0299,0.9701],"evs":[0.0,4.85066]},"TT":{"weight":1.0,"played":[0.0,1.0],"evs":[0.0,13.91643]},"JTo":{"weight":0.9988,"played":[1.0E-4,0.9999],"evs":[0.0,1.25437]},"QTo":{"weight":1.0,"played":[0.7917,0.2083],"evs":[0.0,-0.45658]},"KTo":{"weight":0.9991,"played":[9.0E-4,0.9991],"evs":[0.0,1.03356]},"ATo":{"weight":0.1299,"played":[0.0,1.0],"evs":[0.0,4.24954]},"J2s":{"weight":0.0,"played":[0.2003,0.7997],"evs":[0.0,3.14085]},"J3s":{"weight":0.0,"played":[0.6429,0.3571],"evs":[0.0,-0.04433]},"J4s":{"weight":0.0,"played":[0.975,0.025],"evs":[0.0,-2.0839]},"J5s":{"weight":0.0,"played":[0.8872,0.1128],"evs":[0.0,-2.2127]},"J6s":{"weight":0.0,"played":[0.5189,0.4811],"evs":[0.0,-0.09867]},"J7s":{"weight":0.9974,"played":[0.6841,0.3159],"evs":[0.0,-2.07376]},"J8s":{"weight":0.999,"played":[0.3323,0.6677],"evs":[0.0,1.54754]},"J9s":{"weight":0.0626,"played":[0.3405,0.6595],"evs":[0.0,1.2332]},"JTs":{"weight":0.0669,"played":[0.2128,0.7872],"evs":[0.0,3.16282]},"JJ":{"weight":1.0,"played":[0.0,1.0],"evs":[0.0,11.79001]},"QJo":{"weight":1.0,"played":[0.3711,0.6289],"evs":[0.0,-0.82675]},"KJo":{"weight":0.9552,"played":[0.128,0.872],"evs":[0.0,2.23669]},"AJo":{"weight":0.4617,"played":[0.0,1.0],"evs":[0.0,4.91585]},"Q2s":{"weight":0.0,"played":[0.9578,0.0422],"evs":[0.0,-1.22511]},"Q3s":{"weight":0.0,"played":[0.9238,0.0762],"evs":[0.0,-2.32895]},"Q4s":{"weight":0.0,"played":[0.2718,0.7282],"evs":[0.0,-0.07923]},"Q5s":{"weight":1.0E-4,"played":[0.5476,0.4524],"evs":[0.0,2.43705]},"Q6s":{"weight":0.9882,"played":[0.5315,0.4685],"evs":[0.0,-0.02374]},"Q7s":{"weight":0.9994,"played":[0.8772,0.1228],"evs":[0.0,-2.34415]},"Q8s":{"weight":1.0,"played":[0.8785,0.1215],"evs":[0.0,-0.15718]},"Q9s":{"weight":0.9999,"played":[0.5494,0.4506],"evs":[0.0,0.50012]},"QTs":{"weight":0.8124,"played":[1.0E-4,0.9999],"evs":[0.0,6.94377]},"QJs":{"weight":0.9971,"played":[0.0018,0.9982],"evs":[0.0,3.36415]},"QQ":{"weight":1.0,"played":[1.0E-4,0.9999],"evs":[0.0,18.45366]},"KQo":{"weight":0.4277,"played":[2.0E-4,0.9998],"evs":[0.0,3.77576]},"AQo":{"weight":0.9998,"played":[1.0E-4,0.9999],"evs":[0.0,5.74772]},"K2s":{"weight":0.0,"played":[0.0223,0.9777],"evs":[0.0,3.33697]},"K3s":{"weight":0.0024,"played":[0.8391,0.1609],"evs":[0.0,-4.04446]},"K4s":{"weight":0.9941,"played":[0.0404,0.9596],"evs":[0.0,3.41193]},"K5s":{"weight":1.0,"played":[0.5718,0.4282],"evs":[0.0,0.7666]},"K6s":{"weight":0.4569,"played":[0.4214,0.5786],"evs":[0.0,-0.76795]},"K7s":{"weight":0.9072,"played":[0.4725,0.5275],"evs":[0.0,-0.37457]},"K8s":{"weight":0.9995,"played":[0.1082,0.8918],"evs":[0.0,1.18119]},"K9s":{"weight":0.1832,"played":[0.0741,0.9259],"evs":[0.0,5.92858]},"KTs":{"weight":0.5555,"played":[0.0,1.0],"evs":[0.0,6.29393]},"KJs":{"weight":1.0,"played":[0.066,0.934],"evs":[0.0,3.05248]},"KQs":{"weight":1.0,"played":[2.0E-4,0.9998],"evs":[0.0,4.97056]},"KK":{"weight":1.0,"played":[0.0,1.0],"evs":[0.0,23.74092]},"AKo":{"weight":1.0,"played":[0.0,1.0],"evs":[0.0,9.2123]},"A2s":{"weight":0.9955,"played":[0.0172,0.9828],"evs":[0.0,3.87302]},"A3s":{"weight":0.9925,"played":[0.6647,0.3353],"evs":[0.0,1.89565]},"A4s":{"weight":0.0,"played":[2.0E-4,0.9998],"evs":[0.0,4.58216]},"A5s":{"weight":4.0E-4,"played":[0.1529,0.8471],"evs":[0.0,1.22499]},"A6s":{"weight":0.0607,"played":[0.0088,0.9912],"evs":[0.0,3.66132]},"A7s":{"weight":0.9994,"played":[9.0E-4,0.9991],"evs":[0.0,4.90557]},"A8s":{"weight":1.0,"played":[9.0E-4,0.9991],"evs":[0.0,6.81968]},"A9s":{"weight":1.0,"played":[4.0E-4,0.9996],"evs":[0.0,6.01342]},"ATs":{"weight":1.0,"played":[3.0E-4,0.9997],"evs":[0.0,4.36293]},"AJs":{"weight":1.0,"played":[0.0092,0.9908],"evs":[0.0,5.8451]},"AQs":{"weight":1.0,"played":[1.0E-4,0.9999],"evs":[0.0,11.76324]},"AKs":{"weight":1.0,"played":[7.0E-4,0.9993],"evs":[0.0,11.29945]},"AA":{"weight":1.0,"played":[0.0,1.0],"evs":[0.0,32.18868]}}}