{"player":1,"street":0,"children":3,"sequence":[{"player":0,"type":"F","amount":0,"street":0},{"player":1,"type":"R","amount":200000,"street":0},{"player":2,"type":"C","amount":200000,"street":0},{"player":3,"type":"R","amount":985000,"street":0},{"player":4,"type":"F","amount":0,"street":0},{"player":5,"type":"F","amount":0,"street":0}],"actions":[{"type":"F","amount":0,"node":152},{"type":"C","amount":785000,"node":153},{"type":"R","amount":1885000,"node":155}],"hands":{"22":{"weight":0.0,"played":[3.0E-4,0.3366,0.6631],"evs":[0.0,0.96666,0.96871]},"32o":{"weight":0.0,"played":[1.0,0.0,0.0],"evs":[0.0,-2.48996,-2.52289]},"42o":{"weight":0.0,"played":[1.0,0.0,0.0],"evs":[0.0,-2.36853,-2.39587]},"52o":{"weight":0.0,"played":[1.0,0.0,0.0],"evs":[0.0,-2.06382,-2.09598]},"62o":{"weight":0.0,"played":[1.0,0.0,0.0],"evs":[0.0,-2.34462,-2.35915]},"72o":{"weight":0.0,"played":[1.0,0.0,0.0],"evs":[0.0,-2.62856,-2.6433]},"82o":{"weight":0.0,"played":[1.0,0.0,0.0],"evs":[0.0,-2.57031,-2.58091]},"92o":{"weight":0.0,"played":[1.0,0.0,0.0],"evs":[0.0,-2.71812,-2.74515]},"T2o":{"weight":0.0,"played":[1.0,0.0,0.0],"evs":[0.0,-2.57727,-2.59093]},"J2o":{"weight":0.0,"played":[1.0,0.0,0.0],"evs":[0.0,-2.5105,-2.52663]},"Q2o":{"weight":0.0,"played":[1.0,0.0,0.0],"evs":[0.0,-2.15943,-2.14568]},"K2o":{"weight":0.0,"played":[1.0,0.0,0.0],"evs":[0.0,-1.6413,-1.6118]},"A2o":{"weight":0.0,"played":[1.0,0.0,0.0],"evs":[0.0,-0.86169,-0.827]},"32s":{"weight":0.0,"played":[1.0,0.0,0.0],"evs":[0.0,-1.42135,-1.4335]},"33":{"weight":0.0916,"played":[0.0,0.0565,0.9435],"evs":[0.0,1.05861,1.08433]},"43o":{"weight":0.0,"played":[1.0,0.0,0.0],"evs":[0.0,-1.97188,-1.97891]},"53o":{"weight":0.0,"played":[1.0,0.0,0.0],"evs":[0.0,-1.80391,-1.83431]},"63o":{"weight":0.0,"played":[1.0,0.0,0.0],"evs":[0.0,-1.94274,-1.94589]},"73o":{"weight":0.0,"played":[1.0,0.0,0.0],"evs":[0.0,-2.25607,-2.27159]},"83o":{"weight":0.0,"played":[1.0,0.0,0.0],"evs":[0.0,-2.53501,-2.55508]},"93o":{"weight":0.0,"played":[1.0,0.0,0.0],"evs":[0.0,-2.6395,-2.6793]},"T3o":{"weight":0.0,"played":[1.0,0.0,0.0],"evs":[0.0,-2.5503,-2.56122]},"J3o":{"weight":0.0,"played":[1.0,0.0,0.0],"evs":[0.0,-2.47734,-2.47991]},"Q3o":{"weight":0.0,"played":[1.0,0.0,0.0],"evs":[0.0,-1.98633,-1.99058]},"K3o":{"weight":0.0,"played":[1.0,0.0,0.0],"evs":[0.0,-1.5946,-1.55605]},"A3o":{"weight":0.4868,"played":[1.0,0.0,0.0],"evs":[0.0,-0.96977,-0.93692]},"42s":{"weight":0.0,"played":[1.0,0.0,0.0],"evs":[0.0,-1.23892,-1.23535]},"43s":{"weight":0.0,"played":[0.995,4.0E-4,0.0046],"evs":[0.0,-0.94211,-0.94107]},"44":{"weight":0.4788,"played":[0.0,0.2294,0.7706],"evs":[0.0,1.24179,1.25554]},"54o":{"weight":0.0,"played":[1.0,0.0,0.0],"evs":[0.0,-1.35522,-1.36065]},"64o":{"weight":0.0,"played":[1.0,0.0,0.0],"evs":[0.0,-1.55953,-1.56968]},"74o":{"weight":0.0,"played":[1.0,0.0,0.0],"evs":[0.0,-1.71748,-1.72212]},"84o":{"weight":0.0,"played":[1.0,0.0,0.0],"evs":[0.0,-2.09727,-2.08817]},"94o":{"weight":0.0,"played":[1.0,0.0,0.0],"evs":[0.0,-2.58652,-2.61347]},"T4o":{"weight":0.0,"played":[1.0,0.0,0.0],"evs":[0.0,-2.50048,-2.51784]},"J4o":{"weight":0.0,"played":[1.0,0.0,0.0],"evs":[0.0,-2.32233,-2.32934]},"Q4o":{"weight":0.0,"played":[1.0,0.0,0.0],"evs":[0.0,-1.98907,-1.98034]},"K4o":{"weight":0.0,"played":[1.0,0.0,0.0],"evs":[0.0,-1.42249,-1.39256]},"A4o":{"weight":1.0,"played":[1.0,0.0,0.0],"evs":[0.0,-0.69302,-0.66365]},"52s":{"weight":0.0,"played":[1.0,0.0,0.0],"evs":[0.0,-1.03966,-1.04195]},"53s":{"weight":0.0,"played":[0.9936,0.0023,0.0041],"evs":[0.0,-0.66929,-0.66082]},"54s":{"weight":2.0E-4,"played":[0.9107,0.0553,0.034],"evs":[0.0,-0.29595,-0.27065]},"55":{"weight":0.173,"played":[0.0,0.0263,0.9737],"evs":[0.0,1.70949,1.73534]},"65o":{"weight":0.0,"played":[1.0,0.0,0.0],"evs":[0.0,-1.01344,-1.01795]},"75o":{"weight":0.0,"played":[1.0,0.0,0.0],"evs":[0.0,-1.25197,-1.26387]},"85o":{"weight":0.0,"played":[1.0,0.0,0.0],"evs":[0.0,-1.55746,-1.56222]},"95o":{"weight":0.0,"played":[1.0,0.0,0.0],"evs":[0.0,-2.1357,-2.15479]},"T5o":{"weight":0.0,"played":[1.0,0.0,0.0],"evs":[0.0,-2.38597,-2.40922]},"J5o":{"weight":0.0,"played":[1.0,0.0,0.0],"evs":[0.0,-2.14278,-2.15885]},"Q5o":{"weight":0.0,"played":[1.0,0.0,0.0],"evs":[0.0,-1.77487,-1.75011]},"K5o":{"weight":0.0,"played":[1.0,0.0,0.0],"evs":[0.0,-1.4181,-1.399]},"A5o":{"weight":1.0,"played":[0.9994,6.0E-4,0.0],"evs":[0.0,-0.535,-0.51374]},"62s":{"weight":0.0,"played":[1.0,0.0,0.0],"evs":[0.0,-1.10293,-1.13048]},"63s":{"weight":0.0,"played":[1.0,0.0,0.0],"evs":[0.0,-0.85765,-0.86795]},"64s":{"weight":0.0,"played":[0.9999,0.0,1.0E-4],"evs":[0.0,-0.26777,-0.26835]},"65s":{"weight":0.9984,"played":[0.0755,0.545,0.3795],"evs":[0.0,0.13667,0.1228]},"66":{"weight":0.5914,"played":[0.0,0.0088,0.9912],"evs":[0.0,2.46767,2.49524]},"76o":{"weight":0.0,"played":[0.9994,5.0E-4,1.0E-4],"evs":[0.0,-0.77306,-0.77983]},"86o":{"weight":0.0,"played":[1.0,0.0,0.0],"evs":[0.0,-0.96963,-0.9791]},"96o":{"weight":0.0,"played":[1.0,0.0,0.0],"evs":[0.0,-1.44401,-1.45864]},"T6o":{"weight":0.0,"played":[1.0,0.0,0.0],"evs":[0.0,-1.84976,-1.86269]},"J6o":{"weight":0.0,"played":[1.0,0.0,0.0],"evs":[0.0,-1.94264,-1.95777]},"Q6o":{"weight":0.0,"played":[1.0,0.0,0.0],"evs":[0.0,-1.52042,-1.4889]},"K6o":{"weight":0.0,"played":[1.0,0.0,0.0],"evs":[0.0,-1.20298,-1.16882]},"A6o":{"weight":1.0,"played":[1.0,0.0,0.0],"evs":[0.0,-0.76942,-0.76209]},"72s":{"weight":0.0,"played":[1.0,0.0,0.0],"evs":[0.0,-1.21392,-1.23858]},"73s":{"weight":0.0,"played":[1.0,0.0,0.0],"evs":[0.0,-1.01196,-1.03809]},"74s":{"weight":0.0,"played":[0.9947,6.0E-4,0.0047],"evs":[0.0,-0.59183,-0.60427]},"75s":{"weight":0.0,"played":[0.9904,0.0095,1.0E-4],"evs":[0.0,-0.11669,-0.16016]},"76s":{"weight":1.0,"played":[0.0017,0.4983,0.5],"evs":[0.0,0.38461,0.38041]},"77":{"weight":0.9999,"played":[0.0,0.0338,0.9662],"evs":[0.0,3.30115,3.3305]},"87o":{"weight":0.0,"played":[1.0,0.0,0.0],"evs":[0.0,-0.60305,-0.59436]},"97o":{"weight":0.0,"played":[1.0,0.0,0.0],"evs":[0.0,-0.97727,-0.99642]},"T7o":{"weight":0.0,"played":[1.0,0.0,0.0],"evs":[0.0,-1.32805,-1.33387]},"J7o":{"weight":0.0,"played":[1.0,0.0,0.0],"evs":[0.0,-1.51134,-1.53812]},"Q7o":{"weight":0.0,"played":[1.0,0.0,0.0],"evs":[0.0,-1.46361,-1.45207]},"K7o":{"weight":0.0,"played":[1.0,0.0,0.0],"evs":[0.0,-0.91916,-0.89543]},"A7o":{"weight":1.0,"played":[1.0,0.0,0.0],"evs":[0.0,-0.36998,-0.34232]},"82s":{"weight":0.0,"played":[0.9999,0.0,0.0],"evs":[0.0,-1.43983,-1.47705]},"83s":{"weight":0.0,"played":[0.9992,2.0E-4,7.0E-4],"evs":[0.0,-1.24944,-1.284]},"84s":{"weight":0.0,"played":[0.9997,0.0,2.0E-4],"evs":[0.0,-0.85059,-0.85761]},"85s":{"weight":0.0,"played":[0.9757,0.0076,0.0166],"evs":[0.0,-0.23825,-0.26024]},"86s":{"weight":0.9964,"played":[0.024,0.6377,0.3383],"evs":[0.0,0.24518,0.2382]},"87s":{"weight":1.0,"played":[2.0E-4,0.343,0.6568],"evs":[0.0,0.44351,0.43926]},"88":{"weight":1.0,"played":[0.0,0.0206,0.9794],"evs":[0.0,3.83953,3.87132]},"98o":{"weight":0.0,"played":[1.0,0.0,0.0],"evs":[0.0,-0.77848,-0.77539]},"T8o":{"weight":0.0,"played":[1.0,0.0,0.0],"evs":[0.0,-0.93597,-0.95322]},"J8o":{"weight":0.0,"played":[1.0,0.0,0.0],"evs":[0.0,-1.17781,-1.19552]},"Q8o":{"weight":0.0,"played":[1.0,0.0,0.0],"evs":[0.0,-1.27201,-1.25323]},"K8o":{"weight":0.0,"played":[1.0,0.0,0.0],"evs":[0.0,-0.85945,-0.84102]},"A8o":{"weight":0.984,"played":[0.962,1.0E-4,0.0378],"evs":[0.0,-0.16,-0.1285]},"92s":{"weight":0.0,"played":[1.0,0.0,0.0],"evs":[0.0,-1.59636,-1.61802]},"93s":{"weight":0.0,"played":[1.0,0.0,0.0],"evs":[0.0,-1.41825,-1.42943]},"94s":{"weight":0.0,"played":[1.0,0.0,0.0],"evs":[0.0,-1.42645,-1.45955]},"95s":{"weight":0.0,"played":[0.9992,7.0E-4,1.0E-4],"evs":[0.0,-1.07189,-1.06971]},"96s":{"weight":0.0,"played":[0.9966,0.0016,0.0018],"evs":[0.0,-0.43904,-0.41348]},"97s":{"weight":0.9999,"played":[0.0656,0.4369,0.4975],"evs":[0.0,0.1108,0.10398]},"98s":{"weight":0.9885,"played":[0.0041,0.3886,0.6073],"evs":[0.0,0.31092,0.29874]},"99":{"weight":1.0,"played":[0.0,0.1684,0.8316],"evs":[0.0,4.32871,4.34832]},"T9o":{"weight":0.9931,"played":[1.0,0.0,0.0],"evs":[0.0,-0.89993,-0.92639]},"J9o":{"weight":0.0,"played":[1.0,0.0,0.0],"evs":[0.0,-1.05432,-1.0877]},"Q9o":{"weight":0.0,"played":[1.0,0.0,0.0],"evs":[0.0,-1.04126,-1.04312]},"K9o":{"weight":0.3439,"played":[1.0,0.0,0.0],"evs":[0.0,-0.89758,-0.87756]},"A9o":{"weight":0.3048,"played":[0.0354,0.0083,0.9564],"evs":[0.0,0.18751,0.21723]},"T2s":{"weight":0.0,"played":[1.0,0.0,0.0],"evs":[0.0,-1.60058,-1.62334]},"T3s":{"weight":0.0,"played":[1.0,0.0,0.0],"evs":[0.0,-1.35359,-1.37935]},"T4s":{"weight":0.0,"played":[1.0,0.0,0.0],"evs":[0.0,-1.36779,-1.36423]},"T5s":{"weight":0.0,"played":[1.0,0.0,0.0],"evs":[0.0,-1.31074,-1.32122]},"T6s":{"weight":0.0,"played":[1.0,0.0,0.0],"evs":[0.0,-0.77176,-0.7856]},"T7s":{"weight":1.0,"played":[0.6554,0.1948,0.1498],"evs":[0.0,-0.20895,-0.2289]},"T8s":{"weight":0.4491,"played":[0.0026,0.2387,0.7588],"evs":[0.0,0.14576,0.1459]},"T9s":{"weight":0.0017,"played":[0.0032,0.303,0.6938],"evs":[0.0,0.29142,0.3003]},"TT":{"weight":1.0,"played":[0.0,0.5443,0.4557],"evs":[0.0,5.56839,5.56774]},"JTo":{"weight":0.9988,"played":[1.0,0.0,0.0],"evs":[0.0,-0.688,-0.69915]},"QTo":{"weight":1.0,"played":[1.0,0.0,0.0],"evs":[0.0,-0.49745,-0.48311]},"KTo":{"weight":0.9991,"played":[0.9853,5.0E-4,0.0142],"evs":[0.0,-0.24582,-0.2141]},"ATo":{"weight":0.1299,"played":[0.0,0.0377,0.9623],"evs":[0.0,1.84088,1.86541]},"J2s":{"weight":0.0,"played":[1.0,0.0,0.0],"evs":[0.0,-1.47312,-1.49113]},"J3s":{"weight":0.0,"played":[1.0,0.0,0.0],"evs":[0.0,-1.28318,-1.30545]},"J4s":{"weight":0.0,"played":[1.0,0.0,0.0],"evs":[0.0,-1.04882,-1.0475]},"J5s":{"weight":0.0,"played":[1.0,0.0,0.0],"evs":[0.0,-1.12223,-1.13281]},"J6s":{"weight":0.0,"played":[0.9999,0.0,1.0E-4],"evs":[0.0,-0.975,-1.00012]},"J7s":{"weight":0.9974,"played":[0.9999,0.0,0.0],"evs":[0.0,-0.50414,-0.52111]},"J8s":{"weight":0.999,"played":[0.2877,0.3914,0.321],"evs":[0.0,-0.04591,-0.0418]},"J9s":{"weight":0.0626,"played":[0.1784,0.6293,0.1923],"evs":[0.0,0.07422,0.02534]},"JTs":{"weight":0.0669,"played":[0.0,0.3637,0.6362],"evs":[0.0,0.51635,0.51757]},"JJ":{"weight":1.0,"played":[0.0,0.9084,0.0916],"evs":[0.0,6.72945,6.71673]},"QJo":{"weight":1.0,"played":[0.9986,1.0E-4,0.0014],"evs":[0.0,-0.20505,-0.16841]},"KJo":{"weight":0.9552,"played":[0.0141,0.2741,0.7119],"evs":[0.0,0.20308,0.22258]},"AJo":{"weight":0.4617,"played":[0.0,0.8059,0.1941],"evs":[0.0,3.19738,3.19898]},"Q2s":{"weight":0.0,"played":[0.9999,0.0,0.0],"evs":[0.0,-1.02071,-0.98531]},"Q3s":{"weight":0.0,"played":[1.0,0.0,0.0],"evs":[0.0,-0.90198,-0.8815]},"Q4s":{"weight":0.0,"played":[0.9988,4.0E-4,9.0E-4],"evs":[0.0,-0.78127,-0.74968]},"Q5s":{"weight":1.0E-4,"played":[0.9992,2.0E-4,6.0E-4],"evs":[0.0,-0.62259,-0.60059]},"Q6s":{"weight":0.9882,"played":[1.0,0.0,0.0],"evs":[0.0,-0.46373,-0.42344]},"Q7s":{"weight":0.9994,"played":[0.9931,0.0025,0.0044],"evs":[0.0,-0.35542,-0.33534]},"Q8s":{"weight":1.0,"played":[0.9627,0.0146,0.0227],"evs":[0.0,-0.10252,-0.08235]},"Q9s":{"weight":0.9999,"played":[0.0105,0.9338,0.0556],"evs":[0.0,0.15241,0.13922]},"QTs":{"weight":0.8124,"played":[1.0E-4,0.4756,0.5243],"evs":[0.0,0.53621,0.54528]},"QJs":{"weight":0.9971,"played":[0.0,0.1372,0.8628],"evs":[0.0,0.9488,0.96262]},"QQ":{"weight":1.0,"played":[0.0,0.0464,0.9536],"evs":[0.0,8.42829,8.45153]},"KQo":{"weight":0.4277,"played":[0.0,0.377,0.623],"evs":[0.0,1.16861,1.18164]},"AQo":{"weight":0.9998,"played":[0.0,0.0623,0.9377],"evs":[0.0,4.67206,4.68994]},"K2s":{"weight":0.0,"played":[0.9892,0.0013,0.0094],"evs":[0.0,-0.3127,-0.28926]},"K3s":{"weight":0.0024,"played":[0.9992,0.0,7.0E-4],"evs":[0.0,-0.40852,-0.35425]},"K4s":{"weight":0.9941,"played":[0.9997,0.0,2.0E-4],"evs":[0.0,-0.19697,-0.14815]},"K5s":{"weight":1.0,"played":[0.9951,0.001,0.0039],"evs":[0.0,-0.20248,-0.1557]},"K6s":{"weight":0.4569,"played":[0.1624,0.2146,0.623],"evs":[0.0,0.10873,0.14787]},"K7s":{"weight":0.9072,"played":[0.1025,0.2069,0.6906],"evs":[0.0,0.29315,0.31373]},"K8s":{"weight":0.9995,"played":[0.0018,0.0131,0.9851],"evs":[0.0,0.24865,0.27578]},"K9s":{"weight":0.1832,"played":[0.0,0.0392,0.9608],"evs":[0.0,0.29247,0.3325]},"KTs":{"weight":0.5555,"played":[0.0,4.0E-4,0.9996],"evs":[0.0,0.92557,0.9808]},"KJs":{"weight":1.0,"played":[0.0,0.1125,0.8875],"evs":[0.0,1.20415,1.23149]},"KQs":{"weight":1.0,"played":[0.0,0.2518,0.7482],"evs":[0.0,2.13618,2.15872]},"KK":{"weight":1.0,"played":[0.0,0.0258,0.9742],"evs":[0.0,10.74627,10.77119]},"AKo":{"weight":1.0,"played":[0.0,0.0309,0.9691],"evs":[0.0,6.03936,6.06909]},"A2s":{"weight":0.9955,"played":[6.0E-4,0.1773,0.8221],"evs":[0.0,0.38658,0.40519]},"A3s":{"weight":0.9925,"played":[0.0074,0.4426,0.55],"evs":[0.0,0.26468,0.28668]},"A4s":{"weight":0.0,"played":[0.0047,0.0112,0.9841],"evs":[0.0,0.64319,0.67968]},"A5s":{"weight":4.0E-4,"played":[0.0012,0.7325,0.2663],"evs":[0.0,0.66234,0.65262]},"A6s":{"weight":0.0607,"played":[0.0024,0.0214,0.9763],"evs":[0.0,0.46549,0.50157]},"A7s":{"weight":0.9994,"played":[0.0,0.0207,0.9793],"evs":[0.0,0.84351,0.86799]},"A8s":{"weight":1.0,"played":[0.0,9.0E-4,0.999],"evs":[0.0,0.96784,1.00461]},"A9s":{"weight":1.0,"played":[1.0E-4,0.7151,0.2848],"evs":[0.0,1.36486,1.36597]},"ATs":{"weight":1.0,"played":[0.0,0.7911,0.2089],"evs":[0.0,2.88579,2.88804]},"AJs":{"weight":1.0,"played":[0.0,0.9343,0.0657],"evs":[0.0,4.06641,4.06589]},"AQs":{"weight":1.0,"played":[0.0,0.1021,0.8979],"evs":[0.0,5.45654,5.48234]},"AKs":{"weight":1.0,"played":[0.0,0.5212,0.4788],"evs":[0.0,6.67195,6.67038]},"AA":{"weight":1.0,"played":[0.0,0.5555,0.4445],"evs":[0.0,15.27134,15.27781]}}}