{"player":2,"street":0,"children":2,"sequence":[{"player":0,"type":"F","amount":0,"street":0},{"player":1,"type":"R","amount":200000,"street":0},{"player":2,"type":"C","amount":200000,"street":0},{"player":3,"type":"R","amount":985000,"street":0},{"player":4,"type":"R","amount":1085000,"street":0},{"player":5,"type":"R","amount":1985000,"street":0},{"player":1,"type":"C","amount":1785000,"street":0}],"actions":[{"type":"F","amount":0},{"type":"C","amount":1685000}],"hands":{"22":{"weight":0.0019,"played":[0.475,0.525],"evs":[0.0,-0.34174]},"32o":{"weight":0.0,"played":[0.9994,6.0E-4],"evs":[0.0,-3.8889]},"42o":{"weight":0.0,"played":[0.9998,2.0E-4],"evs":[0.0,-3.60955]},"52o":{"weight":0.0,"played":[1.0,0.0],"evs":[0.0,-3.16661]},"62o":{"weight":0.0,"played":[1.0,0.0],"evs":[0.0,-3.99592]},"72o":{"weight":0.0,"played":[0.9999,1.0E-4],"evs":[0.0,-5.14716]},"82o":{"weight":0.0,"played":[1.0,0.0],"evs":[0.0,-6.04872]},"92o":{"weight":0.0,"played":[1.0,0.0],"evs":[0.0,-4.51141]},"T2o":{"weight":0.0,"played":[1.0,0.0],"evs":[0.0,-4.8505]},"J2o":{"weight":0.0,"played":[0.9998,2.0E-4],"evs":[0.0,-4.85727]},"Q2o":{"weight":0.0,"played":[0.9997,3.0E-4],"evs":[0.0,-4.83083]},"K2o":{"weight":0.0,"played":[1.0,0.0],"evs":[0.0,-3.82576]},"A2o":{"weight":0.0,"played":[0.9998,2.0E-4],"evs":[0.0,-3.9182]},"32s":{"weight":0.0,"played":[0.9994,6.0E-4],"evs":[0.0,-1.46945]},"33":{"weight":0.8164,"played":[0.1423,0.8577],"evs":[0.0,0.38433]},"43o":{"weight":0.0,"played":[1.0,0.0],"evs":[0.0,-2.57806]},"53o":{"weight":0.0,"played":[0.9991,9.0E-4],"evs":[0.0,-3.17164]},"63o":{"weight":0.0,"played":[1.0,0.0],"evs":[0.0,-2.52665]},"73o":{"weight":0.0,"played":[0.9998,2.0E-4],"evs":[0.0,-5.02592]},"83o":{"weight":0.0,"played":[0.9999,1.0E-4],"evs":[0.0,-5.12121]},"93o":{"weight":0.0,"played":[1.0,0.0],"evs":[0.0,-4.47147]},"T3o":{"weight":0.0,"played":[1.0,0.0],"evs":[0.0,-5.39941]},"J3o":{"weight":0.0,"played":[1.0,0.0],"evs":[0.0,-4.94571]},"Q3o":{"weight":0.0,"played":[0.9999,1.0E-4],"evs":[0.0,-5.40673]},"K3o":{"weight":0.0,"played":[1.0,0.0],"evs":[0.0,-3.13014]},"A3o":{"weight":0.0,"played":[0.9997,3.0E-4],"evs":[0.0,-3.93294]},"42s":{"weight":0.0,"played":[0.9994,6.0E-4],"evs":[0.0,-0.89862]},"43s":{"weight":0.0,"played":[0.9727,0.0273],"evs":[0.0,-1.35057]},"44":{"weight":0.2565,"played":[0.4589,0.5411],"evs":[0.0,-0.39189]},"54o":{"weight":0.0,"played":[1.0,0.0],"evs":[0.0,-0.91496]},"64o":{"weight":0.0,"played":[0.9986,0.0014],"evs":[0.0,-2.46192]},"74o":{"weight":0.0,"played":[0.9999,1.0E-4],"evs":[0.0,-3.60694]},"84o":{"weight":0.0,"played":[1.0,0.0],"evs":[0.0,-4.15237]},"94o":{"weight":0.0,"played":[0.9999,1.0E-4],"evs":[0.0,-4.73746]},"T4o":{"weight":0.0,"played":[0.9998,2.0E-4],"evs":[0.0,-4.73824]},"J4o":{"weight":0.0,"played":[1.0,0.0],"evs":[0.0,-4.63978]},"Q4o":{"weight":0.0,"played":[0.9998,2.0E-4],"evs":[0.0,-3.85627]},"K4o":{"weight":0.0,"played":[0.9999,1.0E-4],"evs":[0.0,-3.86859]},"A4o":{"weight":0.0,"played":[0.9922,0.0078],"evs":[0.0,-3.16535]},"52s":{"weight":0.0,"played":[0.9376,0.0624],"evs":[0.0,-0.79237]},"53s":{"weight":0.0,"played":[0.3747,0.6253],"evs":[0.0,0.29076]},"54s":{"weight":0.0,"played":[0.0498,0.9502],"evs":[0.0,0.63873]},"55":{"weight":0.4655,"played":[0.0058,0.9942],"evs":[0.0,0.96917]},"65o":{"weight":0.0,"played":[0.9938,0.0062],"evs":[0.0,-1.85678]},"75o":{"weight":0.0,"played":[0.9989,0.0011],"evs":[0.0,-2.28359]},"85o":{"weight":0.0,"played":[0.9995,5.0E-4],"evs":[0.0,-2.38081]},"95o":{"weight":0.0,"played":[0.9998,2.0E-4],"evs":[0.0,-4.007]},"T5o":{"weight":0.0,"played":[1.0,0.0],"evs":[0.0,-4.38816]},"J5o":{"weight":0.0,"played":[1.0,0.0],"evs":[0.0,-4.48532]},"Q5o":{"weight":0.0,"played":[0.9986,0.0014],"evs":[0.0,-3.95833]},"K5o":{"weight":0.0,"played":[0.9995,5.0E-4],"evs":[0.0,-4.51317]},"A5o":{"weight":0.0,"played":[1.0,0.0],"evs":[0.0,-3.28329]},"62s":{"weight":0.0,"played":[0.9923,0.0077],"evs":[0.0,-2.26194]},"63s":{"weight":0.0,"played":[0.8516,0.1484],"evs":[0.0,-1.97516]},"64s":{"weight":0.0,"played":[0.3544,0.6456],"evs":[0.0,0.39296]},"65s":{"weight":0.0,"played":[0.2736,0.7264],"evs":[0.0,1.23221]},"66":{"weight":0.7368,"played":[0.0022,0.9978],"evs":[0.0,2.26008]},"76o":{"weight":0.0,"played":[0.9987,0.0013],"evs":[0.0,-0.9988]},"86o":{"weight":0.0,"played":[0.9976,0.0024],"evs":[0.0,-2.12727]},"96o":{"weight":0.0,"played":[0.9998,2.0E-4],"evs":[0.0,-3.14391]},"T6o":{"weight":0.0,"played":[1.0,0.0],"evs":[0.0,-3.50005]},"J6o":{"weight":0.0,"played":[1.0,0.0],"evs":[0.0,-4.50325]},"Q6o":{"weight":0.0,"played":[0.9978,0.0022],"evs":[0.0,-3.90909]},"K6o":{"weight":0.0,"played":[0.9942,0.0058],"evs":[0.0,-3.31212]},"A6o":{"weight":0.0,"played":[1.0,0.0],"evs":[0.0,-3.50447]},"72s":{"weight":0.0,"played":[0.9996,4.0E-4],"evs":[0.0,-3.49194]},"73s":{"weight":0.0,"played":[0.9898,0.0102],"evs":[0.0,-2.00244]},"74s":{"weight":0.0,"played":[0.9998,2.0E-4],"evs":[0.0,-1.41065]},"75s":{"weight":0.0,"played":[0.11,0.89],"evs":[0.0,0.27425]},"76s":{"weight":0.0,"played":[0.5831,0.4169],"evs":[0.0,-1.09988]},"77":{"weight":0.003,"played":[0.0028,0.9972],"evs":[0.0,3.79232]},"87o":{"weight":0.0,"played":[0.9998,2.0E-4],"evs":[0.0,-2.8689]},"97o":{"weight":0.0,"played":[0.9995,5.0E-4],"evs":[0.0,-2.18807]},"T7o":{"weight":0.0,"played":[0.9787,0.0213],"evs":[0.0,-3.39617]},"J7o":{"weight":0.0,"played":[0.986,0.014],"evs":[0.0,-2.98487]},"Q7o":{"weight":0.0,"played":[0.9927,0.0073],"evs":[0.0,-4.13019]},"K7o":{"weight":0.0,"played":[0.999,0.001],"evs":[0.0,-3.30948]},"A7o":{"weight":0.0,"played":[0.9975,0.0025],"evs":[0.0,-3.86324]},"82s":{"weight":0.0,"played":[0.9887,0.0113],"evs":[0.0,-2.60624]},"83s":{"weight":0.0,"played":[0.9486,0.0514],"evs":[0.0,-2.20241]},"84s":{"weight":0.0,"played":[0.9748,0.0252],"evs":[0.0,-1.6682]},"85s":{"weight":0.0,"played":[0.3251,0.6749],"evs":[0.0,-0.81631]},"86s":{"weight":0.0,"played":[0.3574,0.6426],"evs":[0.0,0.49875]},"87s":{"weight":0.003,"played":[0.0282,0.9718],"evs":[0.0,2.45925]},"88":{"weight":0.0,"played":[0.0,1.0],"evs":[0.0,3.75073]},"98o":{"weight":0.0,"played":[1.0,0.0],"evs":[0.0,-1.38239]},"T8o":{"weight":0.0,"played":[0.9983,0.0017],"evs":[0.0,-2.07606]},"J8o":{"weight":0.0,"played":[0.9969,0.0031],"evs":[0.0,-2.14646]},"Q8o":{"weight":0.0,"played":[0.994,0.006],"evs":[0.0,-3.87452]},"K8o":{"weight":0.0,"played":[0.9911,0.0089],"evs":[0.0,-3.6614]},"A8o":{"weight":2.0E-4,"played":[0.9953,0.0047],"evs":[0.0,-3.53822]},"92s":{"weight":0.0,"played":[0.9689,0.0311],"evs":[0.0,-3.41348]},"93s":{"weight":0.0,"played":[0.9992,8.0E-4],"evs":[0.0,-2.87087]},"94s":{"weight":0.0,"played":[0.9977,0.0023],"evs":[0.0,-3.79687]},"95s":{"weight":0.0,"played":[0.4429,0.5571],"evs":[0.0,0.1173]},"96s":{"weight":0.0,"played":[0.5894,0.4106],"evs":[0.0,0.04073]},"97s":{"weight":0.0,"played":[0.0996,0.9004],"evs":[0.0,0.13555]},"98s":{"weight":0.6418,"played":[0.6057,0.3943],"evs":[0.0,0.29659]},"99":{"weight":0.0,"played":[0.0014,0.9986],"evs":[0.0,6.85906]},"T9o":{"weight":0.0,"played":[0.9066,0.0934],"evs":[0.0,-1.00002]},"J9o":{"weight":0.0,"played":[0.9857,0.0143],"evs":[0.0,-1.70387]},"Q9o":{"weight":0.0,"played":[0.9998,2.0E-4],"evs":[0.0,-2.41174]},"K9o":{"weight":0.0,"played":[0.9807,0.0193],"evs":[0.0,-2.92737]},"A9o":{"weight":0.6469,"played":[0.9842,0.0158],"evs":[0.0,-3.22353]},"T2s":{"weight":0.0,"played":[0.9889,0.0111],"evs":[0.0,-1.63219]},"T3s":{"weight":0.0,"played":[0.9821,0.0179],"evs":[0.0,-2.20173]},"T4s":{"weight":0.0,"played":[0.9856,0.0144],"evs":[0.0,-0.81346]},"T5s":{"weight":0.0,"played":[0.9845,0.0155],"evs":[0.0,-2.01976]},"T6s":{"weight":0.0,"played":[0.9845,0.0155],"evs":[0.0,-2.58794]},"T7s":{"weight":0.0,"played":[0.4467,0.5533],"evs":[0.0,0.94722]},"T8s":{"weight":0.0491,"played":[0.6214,0.3786],"evs":[0.0,0.01603]},"T9s":{"weight":0.9999,"played":[0.2359,0.7641],"evs":[0.0,0.44971]},"TT":{"weight":0.0,"played":[1.0E-4,0.9999],"evs":[0.0,8.1455]},"JTo":{"weight":0.0,"played":[0.8739,0.1261],"evs":[0.0,-0.13499]},"QTo":{"weight":0.0,"played":[0.949,0.051],"evs":[0.0,-1.48671]},"KTo":{"weight":0.0071,"played":[0.6004,0.3996],"evs":[0.0,-0.82833]},"ATo":{"weight":0.448,"played":[0.9941,0.0059],"evs":[0.0,-0.78884]},"J2s":{"weight":0.0,"played":[0.9582,0.0418],"evs":[0.0,-2.23776]},"J3s":{"weight":0.0,"played":[0.9145,0.0855],"evs":[0.0,-2.33383]},"J4s":{"weight":0.0,"played":[1.0,0.0],"evs":[0.0,-2.34162]},"J5s":{"weight":0.0,"played":[0.9757,0.0243],"evs":[0.0,-1.76409]},"J6s":{"weight":0.0,"played":[0.7112,0.2888],"evs":[0.0,-0.13632]},"J7s":{"weight":0.0,"played":[0.8559,0.1441],"evs":[0.0,0.35523]},"J8s":{"weight":0.0,"played":[0.0351,0.9649],"evs":[0.0,0.47218]},"J9s":{"weight":0.9935,"played":[0.0024,0.9976],"evs":[0.0,0.32497]},"JTs":{"weight":0.4156,"played":[0.0028,0.9972],"evs":[0.0,1.38894]},"JJ":{"weight":5.0E-4,"played":[0.0,1.0],"evs":[0.0,10.89319]},"QJo":{"weight":0.6083,"played":[0.8991,0.1009],"evs":[0.0,-0.69715]},"KJo":{"weight":1.0,"played":[0.0289,0.9711],"evs":[0.0,0.42755]},"AJo":{"weight":0.0023,"played":[0.2041,0.7959],"evs":[0.0,0.01838]},"Q2s":{"weight":0.0,"played":[0.9742,0.0258],"evs":[0.0,-3.59459]},"Q3s":{"weight":0.0,"played":[0.9966,0.0034],"evs":[0.0,-2.5974]},"Q4s":{"weight":0.0,"played":[0.854,0.146],"evs":[0.0,-1.89461]},"Q5s":{"weight":0.0,"played":[0.7715,0.2285],"evs":[0.0,-1.96589]},"Q6s":{"weight":0.0,"played":[0.8646,0.1354],"evs":[0.0,-0.32654]},"Q7s":{"weight":0.0,"played":[0.914,0.086],"evs":[0.0,-2.0527]},"Q8s":{"weight":1.0E-4,"played":[0.216,0.784],"evs":[0.0,-0.44047]},"Q9s":{"weight":0.9978,"played":[0.0647,0.9353],"evs":[0.0,0.09067]},"QTs":{"weight":0.901,"played":[0.011,0.989],"evs":[0.0,1.31841]},"QJs":{"weight":0.5907,"played":[0.0728,0.9272],"evs":[0.0,1.36201]},"QQ":{"weight":0.2416,"played":[0.0,1.0],"evs":[0.0,15.22739]},"KQo":{"weight":3.0E-4,"played":[0.0526,0.9474],"evs":[0.0,0.36698]},"AQo":{"weight":0.0,"played":[0.0,1.0],"evs":[0.0,1.46605]},"K2s":{"weight":0.0,"played":[0.9505,0.0495],"evs":[0.0,-2.53059]},"K3s":{"weight":0.0,"played":[0.9452,0.0548],"evs":[0.0,-0.31704]},"K4s":{"weight":0.0,"played":[0.9881,0.0119],"evs":[0.0,-2.88812]},"K5s":{"weight":0.0,"played":[0.5219,0.4781],"evs":[0.0,-1.09841]},"K6s":{"weight":0.0,"played":[0.9848,0.0152],"evs":[0.0,-0.75426]},"K7s":{"weight":0.0,"played":[0.9123,0.0877],"evs":[0.0,-1.04636]},"K8s":{"weight":0.617,"played":[0.9327,0.0673],"evs":[0.0,-1.1209]},"K9s":{"weight":0.5072,"played":[0.0424,0.9576],"evs":[0.0,1.34863]},"KTs":{"weight":0.2492,"played":[0.0056,0.9944],"evs":[0.0,2.1565]},"KJs":{"weight":0.9962,"played":[0.0044,0.9956],"evs":[0.0,0.61209]},"KQs":{"weight":0.3303,"played":[0.0,1.0],"evs":[0.0,1.90146]},"KK":{"weight":1.0,"played":[0.0,1.0],"evs":[0.0,19.95361]},"AKo":{"weight":0.0,"played":[1.0E-4,0.9999],"evs":[0.0,3.78638]},"A2s":{"weight":0.0549,"played":[0.538,0.462],"evs":[0.0,-0.10903]},"A3s":{"weight":0.1714,"played":[0.8738,0.1262],"evs":[0.0,-0.94495]},"A4s":{"weight":0.6298,"played":[0.9197,0.0803],"evs":[0.0,-2.24204]},"A5s":{"weight":0.3313,"played":[0.0614,0.9386],"evs":[0.0,0.82895]},"A6s":{"weight":1.0,"played":[0.9874,0.0126],"evs":[0.0,-0.27213]},"A7s":{"weight":0.8837,"played":[0.2349,0.7651],"evs":[0.0,0.44035]},"A8s":{"weight":0.5728,"played":[0.5773,0.4227],"evs":[0.0,-0.28207]},"A9s":{"weight":0.4813,"played":[0.2133,0.7867],"evs":[0.0,0.97596]},"ATs":{"weight":0.9999,"played":[3.0E-4,0.9997],"evs":[0.0,1.74822]},"AJs":{"weight":1.0,"played":[0.03,0.97],"evs":[0.0,3.52303]},"AQs":{"weight":0.0013,"played":[3.0E-4,0.9997],"evs":[0.0,5.83344]},"AKs":{"weight":0.0,"played":[1.0E-4,0.9999],"evs":[0.0,8.6441]},"AA":{"weight":1.0,"played":[0.0,1.0],"evs":[0.0,27.14608]}}}