{"player":4,"street":0,"children":2,"sequence":[{"player":0,"type":"F","amount":0,"street":0},{"player":1,"type":"R","amount":200000,"street":0},{"player":2,"type":"R","amount":1885000,"street":0},{"player":3,"type":"F","amount":0,"street":0}],"actions":[{"type":"F","amount":0,"node":170},{"type":"C","amount":1035000,"node":173}],"hands":{"22":{"weight":1.0,"played":[1.0,0.0],"evs":[0.0,-1.0716]},"32o":{"weight":1.0,"played":[1.0,0.0],"evs":[0.0,-3.57977]},"42o":{"weight":1.0,"played":[1.0,0.0],"evs":[0.0,-3.41203]},"52o":{"weight":1.0,"played":[1.0,0.0],"evs":[0.0,-3.21649]},"62o":{"weight":1.0,"played":[1.0,0.0],"evs":[0.0,-3.50071]},"72o":{"weight":1.0,"played":[1.0,0.0],"evs":[0.0,-3.80667]},"82o":{"weight":1.0,"played":[1.0,0.0],"evs":[0.0,-3.62576]},"92o":{"weight":1.0,"played":[1.0,0.0],"evs":[0.0,-3.5696]},"T2o":{"weight":1.0,"played":[1.0,0.0],"evs":[0.0,-3.45248]},"J2o":{"weight":1.0,"played":[1.0,0.0],"evs":[0.0,-3.25491]},"Q2o":{"weight":1.0,"played":[1.0,0.0],"evs":[0.0,-3.22641]},"K2o":{"weight":1.0,"played":[1.0,0.0],"evs":[0.0,-2.9465]},"A2o":{"weight":1.0,"played":[1.0,0.0],"evs":[0.0,-2.34378]},"32s":{"weight":1.0,"played":[1.0,0.0],"evs":[0.0,-2.59732]},"33":{"weight":1.0,"played":[1.0,0.0],"evs":[0.0,-0.87076]},"43o":{"weight":1.0,"played":[1.0,0.0],"evs":[0.0,-3.0018]},"53o":{"weight":1.0,"played":[1.0,0.0],"evs":[0.0,-2.83735]},"63o":{"weight":1.0,"played":[1.0,0.0],"evs":[0.0,-3.08949]},"73o":{"weight":1.0,"played":[1.0,0.0],"evs":[0.0,-3.43222]},"83o":{"weight":1.0,"played":[1.0,0.0],"evs":[0.0,-3.59378]},"93o":{"weight":1.0,"played":[1.0,0.0],"evs":[0.0,-3.40915]},"T3o":{"weight":1.0,"played":[1.0,0.0],"evs":[0.0,-3.33778]},"J3o":{"weight":1.0,"played":[1.0,0.0],"evs":[0.0,-3.16575]},"Q3o":{"weight":1.0,"played":[1.0,0.0],"evs":[0.0,-3.10387]},"K3o":{"weight":1.0,"played":[1.0,0.0],"evs":[0.0,-2.85596]},"A3o":{"weight":1.0,"played":[1.0,0.0],"evs":[0.0,-2.19987]},"42s":{"weight":1.0,"played":[1.0,0.0],"evs":[0.0,-2.46787]},"43s":{"weight":1.0,"played":[1.0,0.0],"evs":[0.0,-2.12184]},"44":{"weight":1.0,"played":[0.9998,2.0E-4],"evs":[0.0,-0.50145]},"54o":{"weight":1.0,"played":[1.0,0.0],"evs":[0.0,-2.43169]},"64o":{"weight":1.0,"played":[1.0,0.0],"evs":[0.0,-2.673]},"74o":{"weight":1.0,"played":[1.0,0.0],"evs":[0.0,-2.98678]},"84o":{"weight":1.0,"played":[1.0,0.0],"evs":[0.0,-3.17035]},"94o":{"weight":1.0,"played":[1.0,0.0],"evs":[0.0,-3.39459]},"T4o":{"weight":1.0,"played":[1.0,0.0],"evs":[0.0,-3.18895]},"J4o":{"weight":1.0,"played":[1.0,0.0],"evs":[0.0,-3.05945]},"Q4o":{"weight":1.0,"played":[1.0,0.0],"evs":[0.0,-2.93874]},"K4o":{"weight":1.0,"played":[1.0,0.0],"evs":[0.0,-2.70321]},"A4o":{"weight":1.0,"played":[1.0,0.0],"evs":[0.0,-2.05272]},"52s":{"weight":1.0,"played":[1.0,0.0],"evs":[0.0,-2.27477]},"53s":{"weight":1.0,"played":[1.0,0.0],"evs":[0.0,-1.92906]},"54s":{"weight":1.0,"played":[1.0,0.0],"evs":[0.0,-1.4407]},"55":{"weight":1.0,"played":[0.9911,0.0089],"evs":[0.0,-0.1012]},"65o":{"weight":1.0,"played":[1.0,0.0],"evs":[0.0,-2.25515]},"75o":{"weight":1.0,"played":[1.0,0.0],"evs":[0.0,-2.56148]},"85o":{"weight":1.0,"played":[1.0,0.0],"evs":[0.0,-2.7181]},"95o":{"weight":1.0,"played":[1.0,0.0],"evs":[0.0,-2.8962]},"T5o":{"weight":1.0,"played":[1.0,0.0],"evs":[0.0,-3.08636]},"J5o":{"weight":1.0,"played":[1.0,0.0],"evs":[0.0,-2.84811]},"Q5o":{"weight":1.0,"played":[1.0,0.0],"evs":[0.0,-2.77908]},"K5o":{"weight":1.0,"played":[1.0,0.0],"evs":[0.0,-2.50494]},"A5o":{"weight":1.0,"played":[1.0,0.0],"evs":[0.0,-1.79455]},"62s":{"weight":1.0,"played":[1.0,0.0],"evs":[0.0,-2.56681]},"63s":{"weight":1.0,"played":[1.0,0.0],"evs":[0.0,-2.10514]},"64s":{"weight":1.0,"played":[1.0,0.0],"evs":[0.0,-1.73878]},"65s":{"weight":1.0,"played":[1.0,0.0],"evs":[0.0,-1.33377]},"66":{"weight":1.0,"played":[0.0,1.0],"evs":[0.0,0.20828]},"76o":{"weight":1.0,"played":[1.0,0.0],"evs":[0.0,-2.16766]},"86o":{"weight":1.0,"played":[1.0,0.0],"evs":[0.0,-2.34237]},"96o":{"weight":1.0,"played":[1.0,0.0],"evs":[0.0,-2.54971]},"T6o":{"weight":1.0,"played":[1.0,0.0],"evs":[0.0,-2.68136]},"J6o":{"weight":1.0,"played":[1.0,0.0],"evs":[0.0,-2.8071]},"Q6o":{"weight":1.0,"played":[1.0,0.0],"evs":[0.0,-2.6373]},"K6o":{"weight":1.0,"played":[1.0,0.0],"evs":[0.0,-2.38088]},"A6o":{"weight":1.0,"played":[1.0,0.0],"evs":[0.0,-2.07824]},"72s":{"weight":1.0,"played":[1.0,0.0],"evs":[0.0,-2.84834]},"73s":{"weight":1.0,"played":[1.0,0.0],"evs":[0.0,-2.41929]},"74s":{"weight":1.0,"played":[1.0,0.0],"evs":[0.0,-2.05916]},"75s":{"weight":1.0,"played":[1.0,0.0],"evs":[0.0,-1.53162]},"76s":{"weight":1.0,"played":[1.0,0.0],"evs":[0.0,-1.27888]},"77":{"weight":1.0,"played":[0.0,1.0],"evs":[0.0,0.70848]},"87o":{"weight":1.0,"played":[1.0,0.0],"evs":[0.0,-2.09206]},"97o":{"weight":1.0,"played":[1.0,0.0],"evs":[0.0,-2.25189]},"T7o":{"weight":1.0,"played":[1.0,0.0],"evs":[0.0,-2.40426]},"J7o":{"weight":1.0,"played":[1.0,0.0],"evs":[0.0,-2.50957]},"Q7o":{"weight":1.0,"played":[1.0,0.0],"evs":[0.0,-2.6666]},"K7o":{"weight":1.0,"played":[1.0,0.0],"evs":[0.0,-2.36369]},"A7o":{"weight":1.0,"played":[1.0,0.0],"evs":[0.0,-1.94113]},"82s":{"weight":1.0,"played":[1.0,0.0],"evs":[0.0,-2.61102]},"83s":{"weight":1.0,"played":[1.0,0.0],"evs":[0.0,-2.5586]},"84s":{"weight":1.0,"played":[1.0,0.0],"evs":[0.0,-2.22142]},"85s":{"weight":1.0,"played":[1.0,0.0],"evs":[0.0,-1.70546]},"86s":{"weight":1.0,"played":[1.0,0.0],"evs":[0.0,-1.42243]},"87s":{"weight":1.0,"played":[1.0,0.0],"evs":[0.0,-1.17952]},"88":{"weight":1.0,"played":[0.0,1.0],"evs":[0.0,1.42369]},"98o":{"weight":1.0,"played":[1.0,0.0],"evs":[0.0,-1.98379]},"T8o":{"weight":1.0,"played":[1.0,0.0],"evs":[0.0,-2.02275]},"J8o":{"weight":1.0,"played":[1.0,0.0],"evs":[0.0,-2.13647]},"Q8o":{"weight":1.0,"played":[1.0,0.0],"evs":[0.0,-2.29244]},"K8o":{"weight":1.0,"played":[1.0,0.0],"evs":[0.0,-2.23204]},"A8o":{"weight":1.0,"played":[1.0,0.0],"evs":[0.0,-1.63324]},"92s":{"weight":1.0,"played":[1.0,0.0],"evs":[0.0,-2.5246]},"93s":{"weight":1.0,"played":[1.0,0.0],"evs":[0.0,-2.39857]},"94s":{"weight":1.0,"played":[1.0,0.0],"evs":[0.0,-2.33313]},"95s":{"weight":1.0,"played":[1.0,0.0],"evs":[0.0,-1.91237]},"96s":{"weight":1.0,"played":[1.0,0.0],"evs":[0.0,-1.60178]},"97s":{"weight":1.0,"played":[1.0,0.0],"evs":[0.0,-1.3317]},"98s":{"weight":1.0,"played":[0.9999,1.0E-4],"evs":[0.0,-1.00916]},"99":{"weight":1.0,"played":[0.0,1.0],"evs":[0.0,2.32392]},"T9o":{"weight":1.0,"played":[1.0,0.0],"evs":[0.0,-1.66503]},"J9o":{"weight":1.0,"played":[1.0,0.0],"evs":[0.0,-1.7556]},"Q9o":{"weight":1.0,"played":[1.0,0.0],"evs":[0.0,-1.93749]},"K9o":{"weight":1.0,"played":[1.0,0.0],"evs":[0.0,-1.89297]},"A9o":{"weight":1.0,"played":[1.0,0.0],"evs":[0.0,-1.30562]},"T2s":{"weight":1.0,"played":[1.0,0.0],"evs":[0.0,-2.44463]},"T3s":{"weight":1.0,"played":[1.0,0.0],"evs":[0.0,-2.32294]},"T4s":{"weight":1.0,"played":[1.0,0.0],"evs":[0.0,-2.15455]},"T5s":{"weight":1.0,"played":[1.0,0.0],"evs":[0.0,-2.13789]},"T6s":{"weight":1.0,"played":[1.0,0.0],"evs":[0.0,-1.70035]},"T7s":{"weight":1.0,"played":[1.0,0.0],"evs":[0.0,-1.39109]},"T8s":{"weight":1.0,"played":[1.0,0.0],"evs":[0.0,-1.07311]},"T9s":{"weight":1.0,"played":[0.9999,1.0E-4],"evs":[0.0,-0.64562]},"TT":{"weight":1.0,"played":[0.0,1.0],"evs":[0.0,3.49559]},"JTo":{"weight":1.0,"played":[1.0,0.0],"evs":[0.0,-1.15781]},"QTo":{"weight":1.0,"played":[1.0,0.0],"evs":[0.0,-1.30959]},"KTo":{"weight":1.0,"played":[1.0,0.0],"evs":[0.0,-1.22321]},"ATo":{"weight":1.0,"played":[1.0,0.0],"evs":[0.0,-0.45928]},"J2s":{"weight":1.0,"played":[1.0,0.0],"evs":[0.0,-2.30749]},"J3s":{"weight":1.0,"played":[1.0,0.0],"evs":[0.0,-2.15866]},"J4s":{"weight":1.0,"played":[1.0,0.0],"evs":[0.0,-2.11722]},"J5s":{"weight":1.0,"played":[1.0,0.0],"evs":[0.0,-1.85153]},"J6s":{"weight":1.0,"played":[1.0,0.0],"evs":[0.0,-1.78396]},"J7s":{"weight":1.0,"played":[1.0,0.0],"evs":[0.0,-1.55909]},"J8s":{"weight":1.0,"played":[1.0,0.0],"evs":[0.0,-1.13129]},"J9s":{"weight":1.0,"played":[1.0,0.0],"evs":[0.0,-0.77391]},"JTs":{"weight":1.0,"played":[1.0,0.0],"evs":[0.0,-0.33682]},"JJ":{"weight":1.0,"played":[0.0,1.0],"evs":[0.0,4.89856]},"QJo":{"weight":1.0,"played":[1.0,0.0],"evs":[0.0,-1.10592]},"KJo":{"weight":1.0,"played":[1.0,0.0],"evs":[0.0,-0.91665]},"AJo":{"weight":1.0,"played":[0.0,1.0],"evs":[0.0,0.31767]},"Q2s":{"weight":1.0,"played":[1.0,0.0],"evs":[0.0,-2.11783]},"Q3s":{"weight":1.0,"played":[1.0,0.0],"evs":[0.0,-2.08537]},"Q4s":{"weight":1.0,"played":[1.0,0.0],"evs":[0.0,-1.91954]},"Q5s":{"weight":1.0,"played":[1.0,0.0],"evs":[0.0,-1.85867]},"Q6s":{"weight":1.0,"played":[1.0,0.0],"evs":[0.0,-1.64536]},"Q7s":{"weight":1.0,"played":[1.0,0.0],"evs":[0.0,-1.69633]},"Q8s":{"weight":1.0,"played":[1.0,0.0],"evs":[0.0,-1.31743]},"Q9s":{"weight":1.0,"played":[1.0,0.0],"evs":[0.0,-0.91431]},"QTs":{"weight":1.0,"played":[0.9994,6.0E-4],"evs":[0.0,-0.49145]},"QJs":{"weight":1.0,"played":[0.9964,0.0036],"evs":[0.0,-0.18846]},"QQ":{"weight":1.0,"played":[0.0,1.0],"evs":[0.0,6.62962]},"KQo":{"weight":1.0,"played":[0.9998,2.0E-4],"evs":[0.0,-0.33732]},"AQo":{"weight":1.0,"played":[0.0,1.0],"evs":[0.0,1.5314]},"K2s":{"weight":1.0,"played":[1.0,0.0],"evs":[0.0,-1.93631]},"K3s":{"weight":1.0,"played":[1.0,0.0],"evs":[0.0,-1.78606]},"K4s":{"weight":1.0,"played":[1.0,0.0],"evs":[0.0,-1.6502]},"K5s":{"weight":1.0,"played":[1.0,0.0],"evs":[0.0,-1.5098]},"K6s":{"weight":1.0,"played":[1.0,0.0],"evs":[0.0,-1.39204]},"K7s":{"weight":1.0,"played":[1.0,0.0],"evs":[0.0,-1.34042]},"K8s":{"weight":1.0,"played":[1.0,0.0],"evs":[0.0,-1.2618]},"K9s":{"weight":1.0,"played":[1.0,0.0],"evs":[0.0,-0.97314]},"KTs":{"weight":1.0,"played":[0.9991,9.0E-4],"evs":[0.0,-0.23733]},"KJs":{"weight":1.0,"played":[0.1468,0.8532],"evs":[0.0,-0.017]},"KQs":{"weight":1.0,"played":[0.0,1.0],"evs":[0.0,0.47435]},"KK":{"weight":1.0,"played":[0.0,1.0],"evs":[0.0,8.28243]},"AKo":{"weight":1.0,"played":[0.0,1.0],"evs":[0.0,2.90388]},"A2s":{"weight":1.0,"played":[1.0,0.0],"evs":[0.0,-1.25517]},"A3s":{"weight":1.0,"played":[1.0,0.0],"evs":[0.0,-1.07386]},"A4s":{"weight":1.0,"played":[1.0,0.0],"evs":[0.0,-0.9188]},"A5s":{"weight":1.0,"played":[1.0,0.0],"evs":[0.0,-0.84178]},"A6s":{"weight":1.0,"played":[1.0,0.0],"evs":[0.0,-1.08772]},"A7s":{"weight":1.0,"played":[0.9997,3.0E-4],"evs":[0.0,-0.91038]},"A8s":{"weight":1.0,"played":[1.0,0.0],"evs":[0.0,-0.69794]},"A9s":{"weight":1.0,"played":[0.9999,1.0E-4],"evs":[0.0,-0.34817]},"ATs":{"weight":1.0,"played":[0.0,1.0],"evs":[0.0,0.45352]},"AJs":{"weight":1.0,"played":[0.0,1.0],"evs":[0.0,1.15483]},"AQs":{"weight":1.0,"played":[0.0,1.0],"evs":[0.0,2.3851]},"AKs":{"weight":1.0,"played":[0.0,1.0],"evs":[0.0,3.70044]},"AA":{"weight":1.0,"played":[0.0,1.0],"evs":[0.0,10.98233]}}}