{"player":5,"street":0,"children":3,"sequence":[{"player":0,"type":"F","amount":0,"street":0},{"player":1,"type":"F","amount":0,"street":0},{"player":2,"type":"R","amount":200000,"street":0},{"player":3,"type":"F","amount":0,"street":0},{"player":4,"type":"C","amount":150000,"street":0}],"actions":[{"type":"F","amount":0},{"type":"C","amount":100000},{"type":"R","amount":1885000,"node":18}],"hands":{"22":{"weight":1.0,"played":[0.0,0.9707,0.0293],"evs":[0.0,1.10667,0.90719]},"32o":{"weight":1.0,"played":[0.5583,0.4417,0.0],"evs":[0.0,0.01045,-3.54192]},"42o":{"weight":1.0,"played":[0.1508,0.8492,0.0],"evs":[0.0,0.05303,-3.16972]},"52o":{"weight":1.0,"played":[0.0136,0.9864,0.0],"evs":[0.0,0.13558,-2.59242]},"62o":{"weight":1.0,"played":[0.4057,0.5943,0.0],"evs":[0.0,0.00952,-2.9976]},"72o":{"weight":1.0,"played":[1.0,0.0,0.0],"evs":[0.0,-0.04431,-3.13343]},"82o":{"weight":1.0,"played":[1.0,0.0,0.0],"evs":[0.0,-0.02303,-2.93666]},"92o":{"weight":1.0,"played":[1.0,0.0,0.0],"evs":[0.0,-0.09596,-3.03642]},"T2o":{"weight":1.0,"played":[1.0,0.0,0.0],"evs":[0.0,-0.07703,-2.92196]},"J2o":{"weight":1.0,"played":[0.9936,0.0064,0.0],"evs":[0.0,-0.03143,-2.57622]},"Q2o":{"weight":1.0,"played":[0.4862,0.5138,0.0],"evs":[0.0,-0.00133,-2.28191]},"K2o":{"weight":1.0,"played":[0.0,1.0,0.0],"evs":[0.0,0.4231,-0.69578]},"A2o":{"weight":1.0,"played":[0.0,0.0,1.0],"evs":[0.0,0.82803,1.26167]},"32s":{"weight":1.0,"played":[1.0E-4,0.9999,0.0],"evs":[0.0,0.42535,-2.26386]},"33":{"weight":1.0,"played":[0.0,0.0,1.0],"evs":[0.0,1.1729,1.38937]},"43o":{"weight":1.0,"played":[0.0092,0.9908,0.0],"evs":[0.0,0.08267,-2.92258]},"53o":{"weight":1.0,"played":[6.0E-4,0.9994,0.0],"evs":[0.0,0.22052,-2.28341]},"63o":{"weight":1.0,"played":[7.0E-4,0.9993,0.0],"evs":[0.0,0.08843,-2.63711]},"73o":{"weight":1.0,"played":[0.2316,0.7684,0.0],"evs":[0.0,0.01672,-2.78997]},"83o":{"weight":1.0,"played":[1.0,0.0,0.0],"evs":[0.0,-0.05649,-3.05656]},"93o":{"weight":1.0,"played":[1.0,0.0,0.0],"evs":[0.0,-0.11796,-3.06049]},"T3o":{"weight":1.0,"played":[1.0,0.0,0.0],"evs":[0.0,-0.08575,-2.98025]},"J3o":{"weight":1.0,"played":[1.0,0.0,0.0],"evs":[0.0,-0.05012,-2.67365]},"Q3o":{"weight":1.0,"played":[0.4891,0.5109,0.0],"evs":[0.0,-0.00701,-2.42824]},"K3o":{"weight":1.0,"played":[1.0E-4,0.9999,0.0],"evs":[0.0,0.43229,-0.7373]},"A3o":{"weight":1.0,"played":[0.0,0.0,1.0],"evs":[0.0,0.96101,1.49176]},"42s":{"weight":1.0,"played":[0.0,1.0,0.0],"evs":[0.0,0.54998,-1.88999]},"43s":{"weight":1.0,"played":[1.0E-4,0.9999,0.0],"evs":[0.0,0.53103,-1.69781]},"44":{"weight":1.0,"played":[0.0,0.0,1.0],"evs":[0.0,1.2074,2.67176]},"54o":{"weight":1.0,"played":[1.0E-4,0.9999,0.0],"evs":[0.0,0.38396,-1.60569]},"64o":{"weight":1.0,"played":[8.0E-4,0.9992,0.0],"evs":[0.0,0.25985,-2.00528]},"74o":{"weight":1.0,"played":[0.0101,0.9899,0.0],"evs":[0.0,0.14622,-2.18341]},"84o":{"weight":1.0,"played":[0.015,0.985,0.0],"evs":[0.0,0.06179,-2.39664]},"94o":{"weight":1.0,"played":[1.0,0.0,0.0],"evs":[0.0,-0.10149,-2.98659]},"T4o":{"weight":1.0,"played":[1.0,0.0,0.0],"evs":[0.0,-0.05427,-2.66831]},"J4o":{"weight":1.0,"played":[0.9823,0.0177,0.0],"evs":[0.0,-0.00903,-2.37386]},"Q4o":{"weight":1.0,"played":[0.0034,0.9966,0.0],"evs":[0.0,0.04903,-2.09282]},"K4o":{"weight":1.0,"played":[1.0E-4,0.9999,0.0],"evs":[0.0,0.42847,-0.44548]},"A4o":{"weight":1.0,"played":[0.0,0.0,1.0],"evs":[0.0,1.02264,1.81359]},"52s":{"weight":1.0,"played":[2.0E-4,0.9998,0.0],"evs":[0.0,0.55585,-1.3351]},"53s":{"weight":1.0,"played":[1.0E-4,0.9999,0.0],"evs":[0.0,0.66067,-0.99983]},"54s":{"weight":1.0,"played":[0.0,1.0,0.0],"evs":[0.0,0.93065,-0.39857]},"55":{"weight":1.0,"played":[0.0,0.0,1.0],"evs":[0.0,1.39159,3.78225]},"65o":{"weight":1.0,"played":[9.0E-4,0.9991,0.0],"evs":[0.0,0.40902,-1.1748]},"75o":{"weight":1.0,"played":[6.0E-4,0.9994,0.0],"evs":[0.0,0.36769,-1.21164]},"85o":{"weight":1.0,"played":[7.0E-4,0.9993,0.0],"evs":[0.0,0.2952,-1.4104]},"95o":{"weight":1.0,"played":[0.0035,0.9965,0.0],"evs":[0.0,0.13655,-1.932]},"T5o":{"weight":1.0,"played":[0.0176,0.9824,0.0],"evs":[0.0,0.09037,-2.08801]},"J5o":{"weight":1.0,"played":[0.0055,0.9945,0.0],"evs":[0.0,0.14467,-1.75556]},"Q5o":{"weight":1.0,"played":[2.0E-4,0.9998,0.0],"evs":[0.0,0.17723,-1.31528]},"K5o":{"weight":1.0,"played":[0.0,1.0,0.0],"evs":[0.0,0.53778,0.20167]},"A5o":{"weight":1.0,"played":[0.0,0.0,1.0],"evs":[0.0,1.10096,2.25406]},"62s":{"weight":1.0,"played":[4.0E-4,0.9996,0.0],"evs":[0.0,0.41441,-1.64245]},"63s":{"weight":1.0,"played":[0.0,1.0,0.0],"evs":[0.0,0.49668,-1.45966]},"64s":{"weight":1.0,"played":[0.0015,0.9984,1.0E-4],"evs":[0.0,0.76431,-0.84717]},"65s":{"weight":1.0,"played":[0.0,1.0,0.0],"evs":[0.0,0.90003,-0.01896]},"66":{"weight":1.0,"played":[0.0,0.0,1.0],"evs":[0.0,1.5459,4.38678]},"76o":{"weight":1.0,"played":[0.0,1.0,0.0],"evs":[0.0,0.42855,-0.79762]},"86o":{"weight":1.0,"played":[1.0E-4,0.9999,0.0],"evs":[0.0,0.36868,-0.96941]},"96o":{"weight":1.0,"played":[0.0027,0.9973,0.0],"evs":[0.0,0.17259,-1.48932]},"T6o":{"weight":1.0,"played":[0.0071,0.9929,0.0],"evs":[0.0,0.13765,-1.63433]},"J6o":{"weight":1.0,"played":[0.0028,0.9972,0.0],"evs":[0.0,0.14563,-1.67276]},"Q6o":{"weight":1.0,"played":[0.0022,0.9978,0.0],"evs":[0.0,0.13822,-1.21537]},"K6o":{"weight":1.0,"played":[0.0,0.9998,2.0E-4],"evs":[0.0,0.60155,0.30636]},"A6o":{"weight":1.0,"played":[0.0,0.0,1.0],"evs":[0.0,1.07369,2.40137]},"72s":{"weight":1.0,"played":[9.0E-4,0.9991,0.0],"evs":[0.0,0.40606,-1.96982]},"73s":{"weight":1.0,"played":[1.0E-4,0.9998,0.0],"evs":[0.0,0.47391,-1.60995]},"74s":{"weight":1.0,"played":[1.0E-4,0.9999,0.0],"evs":[0.0,0.63408,-0.98679]},"75s":{"weight":1.0,"played":[0.0,1.0,0.0],"evs":[0.0,0.85699,-0.0214]},"76s":{"weight":1.0,"played":[0.0,1.0,0.0],"evs":[0.0,0.9389,0.38199]},"77":{"weight":1.0,"played":[0.0,0.0,1.0],"evs":[0.0,1.61738,4.91851]},"87o":{"weight":1.0,"played":[0.0,1.0,0.0],"evs":[0.0,0.49567,-0.49908]},"97o":{"weight":1.0,"played":[0.0,1.0,0.0],"evs":[0.0,0.34903,-0.92566]},"T7o":{"weight":1.0,"played":[6.0E-4,0.9994,0.0],"evs":[0.0,0.29604,-1.16799]},"J7o":{"weight":1.0,"played":[2.0E-4,0.9998,0.0],"evs":[0.0,0.2517,-1.17543]},"Q7o":{"weight":1.0,"played":[1.0E-4,0.9999,0.0],"evs":[0.0,0.23012,-1.09033]},"K7o":{"weight":1.0,"played":[0.0,0.8234,0.1766],"evs":[0.0,0.68722,0.6329]},"A7o":{"weight":1.0,"played":[0.0,0.0,1.0],"evs":[0.0,1.22428,2.87946]},"82s":{"weight":1.0,"played":[4.0E-4,0.9996,0.0],"evs":[0.0,0.44644,-1.75265]},"83s":{"weight":1.0,"played":[0.0024,0.9976,0.0],"evs":[0.0,0.37952,-1.86302]},"84s":{"weight":1.0,"played":[7.0E-4,0.9993,0.0],"evs":[0.0,0.46495,-1.39675]},"85s":{"weight":1.0,"played":[3.0E-4,0.9997,0.0],"evs":[0.0,0.78416,-0.18238]},"86s":{"weight":1.0,"played":[0.0,1.0,0.0],"evs":[0.0,0.8778,0.03425]},"87s":{"weight":1.0,"played":[0.0,0.9933,0.0066],"evs":[0.0,0.93847,0.57354]},"88":{"weight":1.0,"played":[0.0,0.0,1.0],"evs":[0.0,1.87693,5.8131]},"98o":{"weight":1.0,"played":[0.0,1.0,0.0],"evs":[0.0,0.47514,-0.49532]},"T8o":{"weight":1.0,"played":[0.0012,0.9988,0.0],"evs":[0.0,0.45142,-0.69424]},"J8o":{"weight":1.0,"played":[2.0E-4,0.9998,0.0],"evs":[0.0,0.38537,-0.73247]},"Q8o":{"weight":1.0,"played":[0.0,1.0,0.0],"evs":[0.0,0.38953,-0.70102]},"K8o":{"weight":1.0,"played":[1.0E-4,0.3081,0.6918],"evs":[0.0,0.78124,0.82487]},"A8o":{"weight":1.0,"played":[0.0,0.0,1.0],"evs":[0.0,1.39483,3.38523]},"92s":{"weight":1.0,"played":[6.0E-4,0.9994,0.0],"evs":[0.0,0.3737,-1.87879]},"93s":{"weight":1.0,"played":[0.0022,0.9978,0.0],"evs":[0.0,0.43337,-1.85316]},"94s":{"weight":1.0,"played":[0.0059,0.9941,0.0],"evs":[0.0,0.37971,-1.68041]},"95s":{"weight":1.0,"played":[1.0E-4,0.9998,1.0E-4],"evs":[0.0,0.65442,-0.5677]},"96s":{"weight":1.0,"played":[4.0E-4,0.9996,0.0],"evs":[0.0,0.72809,-0.25464]},"97s":{"weight":1.0,"played":[0.0,1.0,0.0],"evs":[0.0,0.85448,0.15129]},"98s":{"weight":1.0,"played":[3.0E-4,0.9996,1.0E-4],"evs":[0.0,0.9801,0.56496]},"99":{"weight":1.0,"played":[0.0,0.0,1.0],"evs":[0.0,2.09035,6.43597]},"T9o":{"weight":1.0,"played":[0.0,1.0,0.0],"evs":[0.0,0.59868,-0.21293]},"J9o":{"weight":1.0,"played":[1.0E-4,0.9999,0.0],"evs":[0.0,0.59051,-0.35219]},"Q9o":{"weight":1.0,"played":[1.0E-4,0.9999,0.0],"evs":[0.0,0.57107,-0.2118]},"K9o":{"weight":1.0,"played":[0.0,1.0E-4,0.9999],"evs":[0.0,1.09294,1.4516]},"A9o":{"weight":1.0,"played":[0.0,0.0,1.0],"evs":[0.0,1.60639,3.83808]},"T2s":{"weight":1.0,"played":[1.0E-4,0.9999,0.0],"evs":[0.0,0.4349,-1.55512]},"T3s":{"weight":1.0,"played":[3.0E-4,0.9997,0.0],"evs":[0.0,0.36476,-1.84986]},"T4s":{"weight":1.0,"played":[2.0E-4,0.9998,0.0],"evs":[0.0,0.37568,-1.54285]},"T5s":{"weight":1.0,"played":[7.0E-4,0.9992,0.0],"evs":[0.0,0.51962,-0.85225]},"T6s":{"weight":1.0,"played":[2.0E-4,0.9998,0.0],"evs":[0.0,0.73498,-0.37443]},"T7s":{"weight":1.0,"played":[0.0,1.0,0.0],"evs":[0.0,0.86649,0.05813]},"T8s":{"weight":1.0,"played":[0.0,0.9999,1.0E-4],"evs":[0.0,0.99004,0.51323]},"T9s":{"weight":1.0,"played":[0.0,1.0,0.0],"evs":[0.0,1.08751,0.64867]},"TT":{"weight":1.0,"played":[0.0,0.0,1.0],"evs":[0.0,2.68632,7.8235]},"JTo":{"weight":1.0,"played":[0.0,1.0,0.0],"evs":[0.0,0.8834,0.4393]},"QTo":{"weight":1.0,"played":[0.0,0.7346,0.2654],"evs":[0.0,0.94123,0.89278]},"KTo":{"weight":1.0,"played":[0.0,0.0,1.0],"evs":[0.0,1.50717,2.41893]},"ATo":{"weight":1.0,"played":[0.0,0.0,1.0],"evs":[0.0,2.0808,4.96946]},"J2s":{"weight":1.0,"played":[2.0E-4,0.9997,0.0],"evs":[0.0,0.47612,-1.42503]},"J3s":{"weight":1.0,"played":[1.0E-4,0.9999,0.0],"evs":[0.0,0.45713,-1.40851]},"J4s":{"weight":1.0,"played":[1.0E-4,0.9999,0.0],"evs":[0.0,0.53224,-1.12908]},"J5s":{"weight":1.0,"played":[1.0E-4,0.9999,0.0],"evs":[0.0,0.59629,-0.7374]},"J6s":{"weight":1.0,"played":[2.0E-4,0.9998,0.0],"evs":[0.0,0.591,-0.71491]},"J7s":{"weight":1.0,"played":[0.0,0.9999,1.0E-4],"evs":[0.0,0.78061,0.13332]},"J8s":{"weight":1.0,"played":[0.0,0.9998,2.0E-4],"evs":[0.0,0.96258,0.49155]},"J9s":{"weight":1.0,"played":[0.0,0.9995,5.0E-4],"evs":[0.0,1.00712,0.62791]},"JTs":{"weight":1.0,"played":[0.0,0.6276,0.3724],"evs":[0.0,1.40491,1.34975]},"JJ":{"weight":1.0,"played":[0.0,0.0,1.0],"evs":[0.0,3.55588,9.21028]},"QJo":{"weight":1.0,"played":[0.0,0.0012,0.9988],"evs":[0.0,1.30083,1.69902]},"KJo":{"weight":1.0,"played":[0.0,0.0,1.0],"evs":[0.0,1.82092,2.95451]},"AJo":{"weight":1.0,"played":[0.0,0.0,1.0],"evs":[0.0,2.31972,5.49232]},"Q2s":{"weight":1.0,"played":[0.0,1.0,0.0],"evs":[0.0,0.52295,-1.17682]},"Q3s":{"weight":1.0,"played":[2.0E-4,0.9998,0.0],"evs":[0.0,0.55053,-1.18915]},"Q4s":{"weight":1.0,"played":[0.0,1.0,0.0],"evs":[0.0,0.51119,-0.8991]},"Q5s":{"weight":1.0,"played":[0.0011,0.9989,0.0],"evs":[0.0,0.69628,-0.28865]},"Q6s":{"weight":1.0,"played":[3.0E-4,0.9996,1.0E-4],"evs":[0.0,0.73576,0.00582]},"Q7s":{"weight":1.0,"played":[0.0,1.0,0.0],"evs":[0.0,0.7853,-0.02401]},"Q8s":{"weight":1.0,"played":[0.0,1.0,0.0],"evs":[0.0,0.89654,0.36286]},"Q9s":{"weight":1.0,"played":[1.0E-4,0.9998,1.0E-4],"evs":[0.0,1.03861,0.72374]},"QTs":{"weight":1.0,"played":[0.0,0.0018,0.9982],"evs":[0.0,1.56195,1.95564]},"QJs":{"weight":1.0,"played":[0.0,0.0,1.0],"evs":[0.0,1.93546,2.64217]},"QQ":{"weight":1.0,"played":[0.0,0.0,1.0],"evs":[0.0,5.05464,10.92653]},"KQo":{"weight":1.0,"played":[0.0,0.0,1.0],"evs":[0.0,2.02496,3.58549]},"AQo":{"weight":1.0,"played":[0.0,0.0,1.0],"evs":[0.0,2.68403,6.30975]},"K2s":{"weight":1.0,"played":[0.0,0.9999,1.0E-4],"evs":[0.0,0.9903,0.49822]},"K3s":{"weight":1.0,"played":[0.0,0.9964,0.0036],"evs":[0.0,1.02818,0.5198]},"K4s":{"weight":1.0,"played":[0.0,0.998,0.002],"evs":[0.0,1.06474,0.67314]},"K5s":{"weight":1.0,"played":[0.0,0.0446,0.9554],"evs":[0.0,1.18616,1.34479]},"K6s":{"weight":1.0,"played":[0.0,0.0814,0.9186],"evs":[0.0,1.21045,1.34002]},"K7s":{"weight":1.0,"played":[0.0,1.0E-4,0.9999],"evs":[0.0,1.30509,1.8629]},"K8s":{"weight":1.0,"played":[0.0,1.0E-4,0.9999],"evs":[0.0,1.37724,1.85258]},"K9s":{"weight":1.0,"played":[0.0,3.0E-4,0.9997],"evs":[0.0,1.74506,2.58845]},"KTs":{"weight":1.0,"played":[0.0,0.0,1.0],"evs":[0.0,2.14251,3.29371]},"KJs":{"weight":1.0,"played":[0.0,0.0,1.0],"evs":[0.0,2.31233,3.77251]},"KQs":{"weight":1.0,"played":[0.0,0.0,1.0],"evs":[0.0,2.64956,4.55272]},"KK":{"weight":1.0,"played":[0.0,0.0,1.0],"evs":[0.0,6.81735,12.50938]},"AKo":{"weight":1.0,"played":[0.0,0.0,1.0],"evs":[0.0,3.39859,7.41612]},"A2s":{"weight":1.0,"played":[0.0,0.0,1.0],"evs":[0.0,1.60878,2.43858]},"A3s":{"weight":1.0,"played":[0.0,0.0,1.0],"evs":[0.0,1.60033,2.53296]},"A4s":{"weight":1.0,"played":[0.0,0.0,1.0],"evs":[0.0,1.70251,2.83488]},"A5s":{"weight":1.0,"played":[0.0,0.0,1.0],"evs":[0.0,1.76461,3.29794]},"A6s":{"weight":1.0,"played":[0.0,0.0,1.0],"evs":[0.0,1.7115,3.45137]},"A7s":{"weight":1.0,"played":[0.0,0.0,1.0],"evs":[0.0,1.91942,3.74333]},"A8s":{"weight":1.0,"played":[0.0,0.0,1.0],"evs":[0.0,2.01375,4.24157]},"A9s":{"weight":1.0,"played":[0.0,0.0,1.0],"evs":[0.0,2.26087,4.55265]},"ATs":{"weight":1.0,"played":[0.0,0.0,1.0],"evs":[0.0,2.7769,5.80391]},"AJs":{"weight":1.0,"played":[0.0,0.0,1.0],"evs":[0.0,3.08305,6.45479]},"AQs":{"weight":1.0,"played":[0.0,0.0,1.0],"evs":[0.0,3.4207,7.11016]},"AKs":{"weight":1.0,"played":[0.0,0.0,1.0],"evs":[0.0,3.88843,7.97046]},"AA":{"weight":1.0,"played":[0.0,0.0,1.0],"evs":[0.0,9.36737,15.45765]}}}