{"player":1,"street":0,"children":2,"sequence":[{"player":0,"type":"F","amount":0,"street":0},{"player":1,"type":"R","amount":200000,"street":0},{"player":2,"type":"R","amount":1885000,"street":0},{"player":3,"type":"F","amount":0,"street":0},{"player":4,"type":"C","amount":1035000,"street":0},{"player":5,"type":"R","amount":1985000,"street":0}],"actions":[{"type":"F","amount":0},{"type":"C","amount":1785000}],"hands":{"22":{"weight":0.0,"played":[0.8679,0.1321],"evs":[0.0,-1.54945]},"32o":{"weight":0.0,"played":[0.9997,3.0E-4],"evs":[0.0,-4.57073]},"42o":{"weight":0.0,"played":[0.9996,4.0E-4],"evs":[0.0,-4.01049]},"52o":{"weight":0.0,"played":[1.0,0.0],"evs":[0.0,-3.89783]},"62o":{"weight":0.0,"played":[1.0,0.0],"evs":[0.0,-4.05212]},"72o":{"weight":0.0,"played":[1.0,0.0],"evs":[0.0,-5.11864]},"82o":{"weight":0.0,"played":[1.0,0.0],"evs":[0.0,-4.59938]},"92o":{"weight":0.0,"played":[1.0,0.0],"evs":[0.0,-4.7265]},"T2o":{"weight":0.0,"played":[1.0,0.0],"evs":[0.0,-4.89145]},"J2o":{"weight":0.0,"played":[0.9997,3.0E-4],"evs":[0.0,-4.83281]},"Q2o":{"weight":0.0,"played":[1.0,0.0],"evs":[0.0,-5.28962]},"K2o":{"weight":0.0,"played":[0.9996,4.0E-4],"evs":[0.0,-3.93871]},"A2o":{"weight":0.0,"played":[0.9988,0.0012],"evs":[0.0,-4.06884]},"32s":{"weight":0.0,"played":[0.9781,0.0219],"evs":[0.0,-2.54168]},"33":{"weight":0.0916,"played":[0.4239,0.5761],"evs":[0.0,-0.57563]},"43o":{"weight":0.0,"played":[1.0,0.0],"evs":[0.0,-2.69435]},"53o":{"weight":0.0,"played":[0.9998,2.0E-4],"evs":[0.0,-2.62375]},"63o":{"weight":0.0,"played":[0.999,0.001],"evs":[0.0,-3.5492]},"73o":{"weight":0.0,"played":[1.0,0.0],"evs":[0.0,-4.16244]},"83o":{"weight":0.0,"played":[1.0,0.0],"evs":[0.0,-5.12161]},"93o":{"weight":0.0,"played":[1.0,0.0],"evs":[0.0,-4.05701]},"T3o":{"weight":0.0,"played":[1.0,0.0],"evs":[0.0,-4.80237]},"J3o":{"weight":0.0,"played":[1.0,0.0],"evs":[0.0,-4.63638]},"Q3o":{"weight":0.0,"played":[0.9999,1.0E-4],"evs":[0.0,-4.77116]},"K3o":{"weight":0.0,"played":[0.9999,1.0E-4],"evs":[0.0,-3.44833]},"A3o":{"weight":0.4868,"played":[0.9987,0.0013],"evs":[0.0,-3.5354]},"42s":{"weight":0.0,"played":[0.9485,0.0515],"evs":[0.0,-1.59368]},"43s":{"weight":0.0,"played":[0.9772,0.0228],"evs":[0.0,-1.22403]},"44":{"weight":0.4788,"played":[0.3707,0.6293],"evs":[0.0,0.00553]},"54o":{"weight":0.0,"played":[0.9835,0.0165],"evs":[0.0,-1.71583]},"64o":{"weight":0.0,"played":[0.9997,3.0E-4],"evs":[0.0,-2.10363]},"74o":{"weight":0.0,"played":[1.0,0.0],"evs":[0.0,-3.4238]},"84o":{"weight":0.0,"played":[0.9999,1.0E-4],"evs":[0.0,-3.47826]},"94o":{"weight":0.0,"played":[1.0,0.0],"evs":[0.0,-4.4474]},"T4o":{"weight":0.0,"played":[0.9996,4.0E-4],"evs":[0.0,-3.90163]},"J4o":{"weight":0.0,"played":[0.9998,2.0E-4],"evs":[0.0,-4.41236]},"Q4o":{"weight":0.0,"played":[0.9999,1.0E-4],"evs":[0.0,-4.14892]},"K4o":{"weight":0.0,"played":[0.9997,3.0E-4],"evs":[0.0,-3.10675]},"A4o":{"weight":1.0,"played":[0.9994,6.0E-4],"evs":[0.0,-3.16565]},"52s":{"weight":0.0,"played":[0.5865,0.4135],"evs":[0.0,-0.47961]},"53s":{"weight":0.0,"played":[0.9244,0.0756],"evs":[0.0,-0.59153]},"54s":{"weight":2.0E-4,"played":[0.1872,0.8128],"evs":[0.0,1.09891]},"55":{"weight":0.173,"played":[0.0,1.0],"evs":[0.0,0.6502]},"65o":{"weight":0.0,"played":[0.9973,0.0027],"evs":[0.0,-1.00204]},"75o":{"weight":0.0,"played":[1.0,0.0],"evs":[0.0,-2.33057]},"85o":{"weight":0.0,"played":[1.0,0.0],"evs":[0.0,-2.75564]},"95o":{"weight":0.0,"played":[0.9997,3.0E-4],"evs":[0.0,-3.21273]},"T5o":{"weight":0.0,"played":[0.9999,1.0E-4],"evs":[0.0,-4.25105]},"J5o":{"weight":0.0,"played":[0.9939,0.0061],"evs":[0.0,-3.65605]},"Q5o":{"weight":0.0,"played":[0.9997,3.0E-4],"evs":[0.0,-4.62746]},"K5o":{"weight":0.0,"played":[0.9989,0.0011],"evs":[0.0,-2.9987]},"A5o":{"weight":1.0,"played":[0.9998,2.0E-4],"evs":[0.0,-2.96249]},"62s":{"weight":0.0,"played":[0.9946,0.0054],"evs":[0.0,-2.61624]},"63s":{"weight":0.0,"played":[0.9536,0.0464],"evs":[0.0,-0.39357]},"64s":{"weight":0.0,"played":[0.7326,0.2674],"evs":[0.0,-0.11414]},"65s":{"weight":0.9984,"played":[0.2104,0.7896],"evs":[0.0,0.27035]},"66":{"weight":0.5914,"played":[3.0E-4,0.9997],"evs":[0.0,2.31293]},"76o":{"weight":0.0,"played":[0.9609,0.0391],"evs":[0.0,-1.23897]},"86o":{"weight":0.0,"played":[0.9993,7.0E-4],"evs":[0.0,-1.62775]},"96o":{"weight":0.0,"played":[0.9996,4.0E-4],"evs":[0.0,-2.6857]},"T6o":{"weight":0.0,"played":[0.9999,1.0E-4],"evs":[0.0,-2.52548]},"J6o":{"weight":0.0,"played":[0.9991,9.0E-4],"evs":[0.0,-3.89845]},"Q6o":{"weight":0.0,"played":[0.998,0.002],"evs":[0.0,-3.538]},"K6o":{"weight":0.0,"played":[0.9962,0.0038],"evs":[0.0,-2.36793]},"A6o":{"weight":1.0,"played":[0.9995,5.0E-4],"evs":[0.0,-4.14386]},"72s":{"weight":0.0,"played":[0.9999,1.0E-4],"evs":[0.0,-2.04272]},"73s":{"weight":0.0,"played":[1.0,0.0],"evs":[0.0,-1.93362]},"74s":{"weight":0.0,"played":[0.3415,0.6585],"evs":[0.0,-0.15866]},"75s":{"weight":0.0,"played":[0.2656,0.7344],"evs":[0.0,0.67038]},"76s":{"weight":1.0,"played":[0.0271,0.9729],"evs":[0.0,0.90656]},"77":{"weight":0.9999,"played":[0.0,1.0],"evs":[0.0,2.66553]},"87o":{"weight":0.0,"played":[0.999,0.001],"evs":[0.0,-1.01075]},"97o":{"weight":0.0,"played":[0.9602,0.0398],"evs":[0.0,-1.92351]},"T7o":{"weight":0.0,"played":[0.9905,0.0095],"evs":[0.0,-2.05632]},"J7o":{"weight":0.0,"played":[0.9973,0.0027],"evs":[0.0,-3.00422]},"Q7o":{"weight":0.0,"played":[0.9993,7.0E-4],"evs":[0.0,-3.09639]},"K7o":{"weight":0.0,"played":[0.997,0.003],"evs":[0.0,-2.98762]},"A7o":{"weight":1.0,"played":[0.9992,8.0E-4],"evs":[0.0,-3.39174]},"82s":{"weight":0.0,"played":[0.9996,4.0E-4],"evs":[0.0,-2.82918]},"83s":{"weight":0.0,"played":[0.9757,0.0243],"evs":[0.0,-1.91147]},"84s":{"weight":0.0,"played":[0.9969,0.0031],"evs":[0.0,-1.76269]},"85s":{"weight":0.0,"played":[0.9552,0.0448],"evs":[0.0,-0.89]},"86s":{"weight":0.9964,"played":[0.0199,0.9801],"evs":[0.0,0.42694]},"87s":{"weight":1.0,"played":[0.0,1.0],"evs":[0.0,0.30355]},"88":{"weight":1.0,"played":[0.0,1.0],"evs":[0.0,4.96411]},"98o":{"weight":0.0,"played":[0.8651,0.1349],"evs":[0.0,-0.75283]},"T8o":{"weight":0.0,"played":[0.9919,0.0081],"evs":[0.0,-1.6361]},"J8o":{"weight":0.0,"played":[0.9978,0.0022],"evs":[0.0,-2.177]},"Q8o":{"weight":0.0,"played":[0.9979,0.0021],"evs":[0.0,-2.71064]},"K8o":{"weight":0.0,"played":[0.9936,0.0064],"evs":[0.0,-2.31278]},"A8o":{"weight":0.984,"played":[0.999,0.001],"evs":[0.0,-2.63222]},"92s":{"weight":0.0,"played":[1.0,0.0],"evs":[0.0,-2.95206]},"93s":{"weight":0.0,"played":[0.9075,0.0925],"evs":[0.0,-1.72222]},"94s":{"weight":0.0,"played":[0.9571,0.0429],"evs":[0.0,-1.87184]},"95s":{"weight":0.0,"played":[0.953,0.047],"evs":[0.0,-1.16251]},"96s":{"weight":0.0,"played":[0.8332,0.1668],"evs":[0.0,-0.6823]},"97s":{"weight":0.9999,"played":[0.1959,0.8041],"evs":[0.0,0.53766]},"98s":{"weight":0.9885,"played":[0.0038,0.9962],"evs":[0.0,1.4294]},"99":{"weight":1.0,"played":[0.0,1.0],"evs":[0.0,6.57592]},"T9o":{"weight":0.9931,"played":[0.9,0.1],"evs":[0.0,-0.70965]},"J9o":{"weight":0.0,"played":[0.8913,0.1087],"evs":[0.0,-0.52309]},"Q9o":{"weight":0.0,"played":[0.9989,0.0011],"evs":[0.0,-1.99517]},"K9o":{"weight":0.3439,"played":[0.9952,0.0048],"evs":[0.0,-0.96549]},"A9o":{"weight":0.3048,"played":[0.9856,0.0144],"evs":[0.0,-2.33836]},"T2s":{"weight":0.0,"played":[0.9808,0.0192],"evs":[0.0,-2.21671]},"T3s":{"weight":0.0,"played":[0.9993,7.0E-4],"evs":[0.0,-2.2098]},"T4s":{"weight":0.0,"played":[0.9998,2.0E-4],"evs":[0.0,-1.43376]},"T5s":{"weight":0.0,"played":[0.8237,0.1763],"evs":[0.0,-1.59104]},"T6s":{"weight":0.0,"played":[0.9607,0.0393],"evs":[0.0,-2.01775]},"T7s":{"weight":1.0,"played":[0.2926,0.7074],"evs":[0.0,0.75232]},"T8s":{"weight":0.4491,"played":[0.0978,0.9022],"evs":[0.0,0.76844]},"T9s":{"weight":0.0017,"played":[0.0046,0.9954],"evs":[0.0,3.52806]},"TT":{"weight":1.0,"played":[0.0,1.0],"evs":[0.0,9.19388]},"JTo":{"weight":0.9988,"played":[0.5663,0.4337],"evs":[0.0,-0.1593]},"QTo":{"weight":1.0,"played":[0.926,0.074],"evs":[0.0,-0.93743]},"KTo":{"weight":0.9991,"played":[0.9692,0.0308],"evs":[0.0,-0.7955]},"ATo":{"weight":0.1299,"played":[0.8731,0.1269],"evs":[0.0,-0.99862]},"J2s":{"weight":0.0,"played":[0.9997,3.0E-4],"evs":[0.0,-2.58766]},"J3s":{"weight":0.0,"played":[0.9033,0.0967],"evs":[0.0,-1.22585]},"J4s":{"weight":0.0,"played":[0.9978,0.0022],"evs":[0.0,-0.94292]},"J5s":{"weight":0.0,"played":[0.9946,0.0054],"evs":[0.0,-0.52477]},"J6s":{"weight":0.0,"played":[0.4807,0.5193],"evs":[0.0,-0.34415]},"J7s":{"weight":0.9974,"played":[0.2523,0.7477],"evs":[0.0,-0.07417]},"J8s":{"weight":0.999,"played":[0.0,1.0],"evs":[0.0,0.70653]},"J9s":{"weight":0.0626,"played":[2.0E-4,0.9998],"evs":[0.0,1.19838]},"JTs":{"weight":0.0669,"played":[8.0E-4,0.9992],"evs":[0.0,1.48487]},"JJ":{"weight":1.0,"played":[0.0,1.0],"evs":[0.0,12.39883]},"QJo":{"weight":1.0,"played":[0.5141,0.4859],"evs":[0.0,-0.03513]},"KJo":{"weight":0.9552,"played":[0.5064,0.4936],"evs":[0.0,0.10713]},"AJo":{"weight":0.4617,"played":[0.1631,0.8369],"evs":[0.0,0.0674]},"Q2s":{"weight":0.0,"played":[0.9978,0.0022],"evs":[0.0,-2.46212]},"Q3s":{"weight":0.0,"played":[0.9442,0.0558],"evs":[0.0,-1.46382]},"Q4s":{"weight":0.0,"played":[0.9806,0.0194],"evs":[0.0,-1.16393]},"Q5s":{"weight":1.0E-4,"played":[0.9841,0.0159],"evs":[0.0,-2.46744]},"Q6s":{"weight":0.9882,"played":[0.9733,0.0267],"evs":[0.0,-1.2551]},"Q7s":{"weight":0.9994,"played":[0.9739,0.0261],"evs":[0.0,-1.31563]},"Q8s":{"weight":1.0,"played":[0.2259,0.7741],"evs":[0.0,-0.02433]},"Q9s":{"weight":0.9999,"played":[0.4644,0.5356],"evs":[0.0,0.42271]},"QTs":{"weight":0.8124,"played":[0.0,1.0],"evs":[0.0,1.41258]},"QJs":{"weight":0.9971,"played":[5.0E-4,0.9995],"evs":[0.0,2.24023]},"QQ":{"weight":1.0,"played":[0.0,1.0],"evs":[0.0,16.43363]},"KQo":{"weight":0.4277,"played":[0.0793,0.9207],"evs":[0.0,0.81259]},"AQo":{"weight":0.9998,"played":[0.0,1.0],"evs":[0.0,1.91963]},"K2s":{"weight":0.0,"played":[0.9458,0.0542],"evs":[0.0,-1.73256]},"K3s":{"weight":0.0024,"played":[0.9414,0.0586],"evs":[0.0,-1.57572]},"K4s":{"weight":0.9941,"played":[0.9798,0.0202],"evs":[0.0,-0.44107]},"K5s":{"weight":1.0,"played":[0.9624,0.0376],"evs":[0.0,-0.83379]},"K6s":{"weight":0.4569,"played":[0.4897,0.5103],"evs":[0.0,0.2183]},"K7s":{"weight":0.9072,"played":[0.4428,0.5572],"evs":[0.0,0.05501]},"K8s":{"weight":0.9995,"played":[0.604,0.396],"evs":[0.0,-0.07026]},"K9s":{"weight":0.1832,"played":[0.0963,0.9037],"evs":[0.0,1.04347]},"KTs":{"weight":0.5555,"played":[1.0E-4,0.9999],"evs":[0.0,1.57638]},"KJs":{"weight":1.0,"played":[0.0,1.0],"evs":[0.0,2.13238]},"KQs":{"weight":1.0,"played":[0.0,1.0],"evs":[0.0,2.59425]},"KK":{"weight":1.0,"played":[0.0,1.0],"evs":[0.0,22.5588]},"AKo":{"weight":1.0,"played":[0.0,1.0],"evs":[0.0,5.45601]},"A2s":{"weight":0.9955,"played":[0.9585,0.0415],"evs":[0.0,-2.18042]},"A3s":{"weight":0.9925,"played":[0.6436,0.3564],"evs":[0.0,-0.40189]},"A4s":{"weight":0.0,"played":[0.4773,0.5227],"evs":[0.0,0.24116]},"A5s":{"weight":4.0E-4,"played":[0.7736,0.2264],"evs":[0.0,-1.14377]},"A6s":{"weight":0.0607,"played":[0.9586,0.0414],"evs":[0.0,-1.17139]},"A7s":{"weight":0.9994,"played":[0.3328,0.6672],"evs":[0.0,-0.30213]},"A8s":{"weight":1.0,"played":[0.1777,0.8223],"evs":[0.0,-0.01352]},"A9s":{"weight":1.0,"played":[0.2108,0.7892],"evs":[0.0,0.4002]},"ATs":{"weight":1.0,"played":[0.0014,0.9986],"evs":[0.0,1.99725]},"AJs":{"weight":1.0,"played":[0.0,1.0],"evs":[0.0,1.95092]},"AQs":{"weight":1.0,"played":[0.0,1.0],"evs":[0.0,4.82644]},"AKs":{"weight":1.0,"played":[0.0,1.0],"evs":[0.0,6.35172]},"AA":{"weight":1.0,"played":[0.0,1.0],"evs":[0.0,28.39308]}}}