{"player":1,"street":0,"children":2,"sequence":[{"player":0,"type":"F","amount":0,"street":0},{"player":1,"type":"R","amount":200000,"street":0},{"player":2,"type":"R","amount":1885000,"street":0},{"player":3,"type":"C","amount":985000,"street":0},{"player":4,"type":"C","amount":1035000,"street":0},{"player":5,"type":"R","amount":1985000,"street":0}],"actions":[{"type":"F","amount":0},{"type":"C","amount":1785000}],"hands":{"22":{"weight":0.0,"played":[0.3813,0.6187],"evs":[0.0,-0.53529]},"32o":{"weight":0.0,"played":[0.9732,0.0268],"evs":[0.0,-4.47864]},"42o":{"weight":0.0,"played":[0.9992,8.0E-4],"evs":[0.0,-4.21111]},"52o":{"weight":0.0,"played":[0.9684,0.0316],"evs":[0.0,-2.08752]},"62o":{"weight":0.0,"played":[0.9998,2.0E-4],"evs":[0.0,-4.00663]},"72o":{"weight":0.0,"played":[0.9992,8.0E-4],"evs":[0.0,-4.80108]},"82o":{"weight":0.0,"played":[0.9993,7.0E-4],"evs":[0.0,-3.36646]},"92o":{"weight":0.0,"played":[0.9998,2.0E-4],"evs":[0.0,-4.80967]},"T2o":{"weight":0.0,"played":[0.9989,0.0011],"evs":[0.0,-4.57338]},"J2o":{"weight":0.0,"played":[0.9999,1.0E-4],"evs":[0.0,-3.19948]},"Q2o":{"weight":0.0,"played":[1.0,0.0],"evs":[0.0,-4.07912]},"K2o":{"weight":0.0,"played":[0.9495,0.0505],"evs":[0.0,-2.32013]},"A2o":{"weight":0.0,"played":[0.993,0.007],"evs":[0.0,-3.12724]},"32s":{"weight":0.0,"played":[0.4975,0.5025],"evs":[0.0,0.43339]},"33":{"weight":0.0916,"played":[0.0085,0.9915],"evs":[0.0,3.82124]},"43o":{"weight":0.0,"played":[0.9896,0.0104],"evs":[0.0,-1.89763]},"53o":{"weight":0.0,"played":[0.9831,0.0169],"evs":[0.0,-1.52783]},"63o":{"weight":0.0,"played":[0.9994,6.0E-4],"evs":[0.0,-2.85824]},"73o":{"weight":0.0,"played":[0.895,0.105],"evs":[0.0,-1.49371]},"83o":{"weight":0.0,"played":[0.9859,0.0141],"evs":[0.0,-2.94513]},"93o":{"weight":0.0,"played":[0.9993,7.0E-4],"evs":[0.0,-2.23473]},"T3o":{"weight":0.0,"played":[0.9993,7.0E-4],"evs":[0.0,-2.11953]},"J3o":{"weight":0.0,"played":[0.9976,0.0024],"evs":[0.0,-3.23144]},"Q3o":{"weight":0.0,"played":[0.9948,0.0052],"evs":[0.0,-4.54475]},"K3o":{"weight":0.0,"played":[0.9663,0.0337],"evs":[0.0,-1.21278]},"A3o":{"weight":0.4868,"played":[0.9674,0.0326],"evs":[0.0,-1.55945]},"42s":{"weight":0.0,"played":[0.4118,0.5882],"evs":[0.0,0.47285]},"43s":{"weight":0.0,"played":[0.3342,0.6658],"evs":[0.0,1.61587]},"44":{"weight":0.4788,"played":[0.0205,0.9795],"evs":[0.0,3.51492]},"54o":{"weight":0.0,"played":[0.5859,0.4141],"evs":[0.0,-0.80783]},"64o":{"weight":0.0,"played":[0.9913,0.0087],"evs":[0.0,-2.72207]},"74o":{"weight":0.0,"played":[0.9888,0.0112],"evs":[0.0,-4.17853]},"84o":{"weight":0.0,"played":[0.9983,0.0017],"evs":[0.0,-4.26042]},"94o":{"weight":0.0,"played":[0.9608,0.0392],"evs":[0.0,-3.94989]},"T4o":{"weight":0.0,"played":[0.9588,0.0412],"evs":[0.0,-5.18458]},"J4o":{"weight":0.0,"played":[0.9967,0.0033],"evs":[0.0,-4.64535]},"Q4o":{"weight":0.0,"played":[0.9136,0.0864],"evs":[0.0,-4.00538]},"K4o":{"weight":0.0,"played":[0.987,0.013],"evs":[0.0,-1.65713]},"A4o":{"weight":1.0,"played":[0.8964,0.1036],"evs":[0.0,-2.99833]},"52s":{"weight":0.0,"played":[0.0079,0.9921],"evs":[0.0,3.49763]},"53s":{"weight":0.0,"played":[0.0102,0.9898],"evs":[0.0,2.19927]},"54s":{"weight":2.0E-4,"played":[0.3122,0.6878],"evs":[0.0,2.24349]},"55":{"weight":0.173,"played":[0.0024,0.9976],"evs":[0.0,1.47817]},"65o":{"weight":0.0,"played":[0.9819,0.0181],"evs":[0.0,-2.25851]},"75o":{"weight":0.0,"played":[0.9985,0.0015],"evs":[0.0,-0.79712]},"85o":{"weight":0.0,"played":[0.9078,0.0922],"evs":[0.0,0.38257]},"95o":{"weight":0.0,"played":[0.9871,0.0129],"evs":[0.0,-2.16507]},"T5o":{"weight":0.0,"played":[0.9989,0.0011],"evs":[0.0,-3.55814]},"J5o":{"weight":0.0,"played":[0.9703,0.0297],"evs":[0.0,-3.01609]},"Q5o":{"weight":0.0,"played":[0.8176,0.1824],"evs":[0.0,-2.25422]},"K5o":{"weight":0.0,"played":[0.988,0.012],"evs":[0.0,-2.53026]},"A5o":{"weight":1.0,"played":[0.9995,5.0E-4],"evs":[0.0,-1.71205]},"62s":{"weight":0.0,"played":[0.0155,0.9845],"evs":[0.0,1.29041]},"63s":{"weight":0.0,"played":[0.0303,0.9697],"evs":[0.0,0.14136]},"64s":{"weight":0.0,"played":[0.1119,0.8881],"evs":[0.0,1.49927]},"65s":{"weight":0.9984,"played":[0.0025,0.9975],"evs":[0.0,4.20243]},"66":{"weight":0.5914,"played":[1.0E-4,0.9999],"evs":[0.0,6.34406]},"76o":{"weight":0.0,"played":[0.2821,0.7179],"evs":[0.0,1.03591]},"86o":{"weight":0.0,"played":[0.558,0.442],"evs":[0.0,0.29697]},"96o":{"weight":0.0,"played":[0.8996,0.1004],"evs":[0.0,-2.71591]},"T6o":{"weight":0.0,"played":[0.5776,0.4224],"evs":[0.0,-0.78129]},"J6o":{"weight":0.0,"played":[0.9839,0.0161],"evs":[0.0,-2.52647]},"Q6o":{"weight":0.0,"played":[0.8781,0.1219],"evs":[0.0,-1.16186]},"K6o":{"weight":0.0,"played":[0.9424,0.0576],"evs":[0.0,-4.1103]},"A6o":{"weight":1.0,"played":[0.9932,0.0068],"evs":[0.0,-3.38124]},"72s":{"weight":0.0,"played":[0.7681,0.2319],"evs":[0.0,1.27872]},"73s":{"weight":0.0,"played":[0.087,0.913],"evs":[0.0,2.86189]},"74s":{"weight":0.0,"played":[0.1838,0.8162],"evs":[0.0,0.93365]},"75s":{"weight":0.0,"played":[0.0951,0.9049],"evs":[0.0,1.0515]},"76s":{"weight":1.0,"played":[0.0062,0.9938],"evs":[0.0,1.39591]},"77":{"weight":0.9999,"played":[0.0,1.0],"evs":[0.0,1.9623]},"87o":{"weight":0.0,"played":[0.6757,0.3243],"evs":[0.0,0.14455]},"97o":{"weight":0.0,"played":[0.746,0.254],"evs":[0.0,0.32442]},"T7o":{"weight":0.0,"played":[0.7268,0.2732],"evs":[0.0,-1.3809]},"J7o":{"weight":0.0,"played":[0.539,0.461],"evs":[0.0,-1.30249]},"Q7o":{"weight":0.0,"played":[0.9122,0.0878],"evs":[0.0,-0.51434]},"K7o":{"weight":0.0,"played":[0.9773,0.0227],"evs":[0.0,-1.57287]},"A7o":{"weight":1.0,"played":[0.8004,0.1996],"evs":[0.0,-2.30645]},"82s":{"weight":0.0,"played":[0.9155,0.0845],"evs":[0.0,0.03739]},"83s":{"weight":0.0,"played":[0.3405,0.6595],"evs":[0.0,-0.32275]},"84s":{"weight":0.0,"played":[0.4091,0.5909],"evs":[0.0,-0.40625]},"85s":{"weight":0.0,"played":[0.101,0.899],"evs":[0.0,1.28512]},"86s":{"weight":0.9964,"played":[0.0015,0.9985],"evs":[0.0,1.97037]},"87s":{"weight":1.0,"played":[0.013,0.987],"evs":[0.0,2.18238]},"88":{"weight":1.0,"played":[1.0E-4,0.9999],"evs":[0.0,4.43449]},"98o":{"weight":0.0,"played":[0.3263,0.6737],"evs":[0.0,-0.83032]},"T8o":{"weight":0.0,"played":[0.7746,0.2254],"evs":[0.0,-1.41307]},"J8o":{"weight":0.0,"played":[0.9802,0.0198],"evs":[0.0,-1.53374]},"Q8o":{"weight":0.0,"played":[0.9466,0.0534],"evs":[0.0,-3.54339]},"K8o":{"weight":0.0,"played":[0.8744,0.1256],"evs":[0.0,-2.07891]},"A8o":{"weight":0.984,"played":[0.9826,0.0174],"evs":[0.0,-1.01204]},"92s":{"weight":0.0,"played":[0.26,0.74],"evs":[0.0,-0.86147]},"93s":{"weight":0.0,"played":[0.3359,0.6641],"evs":[0.0,0.93215]},"94s":{"weight":0.0,"played":[0.8364,0.1636],"evs":[0.0,-2.7528]},"95s":{"weight":0.0,"played":[0.6244,0.3756],"evs":[0.0,-1.34583]},"96s":{"weight":0.0,"played":[0.9962,0.0038],"evs":[0.0,-2.27285]},"97s":{"weight":0.9999,"played":[0.0018,0.9982],"evs":[0.0,2.6618]},"98s":{"weight":0.9885,"played":[0.3194,0.6806],"evs":[0.0,3.32673]},"99":{"weight":1.0,"played":[1.0E-4,0.9999],"evs":[0.0,7.10513]},"T9o":{"weight":0.9931,"played":[0.6929,0.3071],"evs":[0.0,-0.03944]},"J9o":{"weight":0.0,"played":[0.7833,0.2167],"evs":[0.0,-1.61464]},"Q9o":{"weight":0.0,"played":[0.9328,0.0672],"evs":[0.0,-1.99251]},"K9o":{"weight":0.3439,"played":[0.0,1.0],"evs":[0.0,0.3029]},"A9o":{"weight":0.3048,"played":[0.9611,0.0389],"evs":[0.0,-3.64284]},"T2s":{"weight":0.0,"played":[0.7795,0.2205],"evs":[0.0,-1.48389]},"T3s":{"weight":0.0,"played":[0.5774,0.4226],"evs":[0.0,-2.13618]},"T4s":{"weight":0.0,"played":[0.7692,0.2308],"evs":[0.0,-1.19007]},"T5s":{"weight":0.0,"played":[0.6806,0.3194],"evs":[0.0,-2.39253]},"T6s":{"weight":0.0,"played":[0.7517,0.2483],"evs":[0.0,-1.10468]},"T7s":{"weight":1.0,"played":[0.0857,0.9143],"evs":[0.0,0.13694]},"T8s":{"weight":0.4491,"played":[0.0058,0.9942],"evs":[0.0,1.98103]},"T9s":{"weight":0.0017,"played":[0.0014,0.9986],"evs":[0.0,6.8122]},"TT":{"weight":1.0,"played":[5.0E-4,0.9995],"evs":[0.0,9.83308]},"JTo":{"weight":0.9988,"played":[0.0104,0.9896],"evs":[0.0,1.27678]},"QTo":{"weight":1.0,"played":[0.1957,0.8043],"evs":[0.0,1.02337]},"KTo":{"weight":0.9991,"played":[7.0E-4,0.9993],"evs":[0.0,2.09074]},"ATo":{"weight":0.1299,"played":[0.0889,0.9111],"evs":[0.0,1.05385]},"J2s":{"weight":0.0,"played":[0.855,0.145],"evs":[0.0,-1.98732]},"J3s":{"weight":0.0,"played":[0.6843,0.3157],"evs":[0.0,-3.08139]},"J4s":{"weight":0.0,"played":[0.7564,0.2436],"evs":[0.0,-0.2443]},"J5s":{"weight":0.0,"played":[0.3278,0.6722],"evs":[0.0,1.19526]},"J6s":{"weight":0.0,"played":[0.1523,0.8477],"evs":[0.0,-0.70029]},"J7s":{"weight":0.9974,"played":[0.3992,0.6008],"evs":[0.0,1.31004]},"J8s":{"weight":0.999,"played":[0.0391,0.9609],"evs":[0.0,3.22827]},"J9s":{"weight":0.0626,"played":[0.0069,0.9931],"evs":[0.0,4.1986]},"JTs":{"weight":0.0669,"played":[0.0016,0.9984],"evs":[0.0,2.07794]},"JJ":{"weight":1.0,"played":[0.0,1.0],"evs":[0.0,12.68778]},"QJo":{"weight":1.0,"played":[0.6929,0.3071],"evs":[0.0,-0.03031]},"KJo":{"weight":0.9552,"played":[0.0202,0.9798],"evs":[0.0,1.38877]},"AJo":{"weight":0.4617,"played":[0.1522,0.8478],"evs":[0.0,-0.65129]},"Q2s":{"weight":0.0,"played":[0.6846,0.3154],"evs":[0.0,0.53364]},"Q3s":{"weight":0.0,"played":[0.4906,0.5094],"evs":[0.0,-0.9438]},"Q4s":{"weight":0.0,"played":[0.1802,0.8198],"evs":[0.0,0.5819]},"Q5s":{"weight":1.0E-4,"played":[0.5087,0.4913],"evs":[0.0,0.68642]},"Q6s":{"weight":0.9882,"played":[0.5714,0.4286],"evs":[0.0,-1.02436]},"Q7s":{"weight":0.9994,"played":[0.2874,0.7126],"evs":[0.0,3.05022]},"Q8s":{"weight":1.0,"played":[0.3962,0.6038],"evs":[0.0,-0.96818]},"Q9s":{"weight":0.9999,"played":[0.1139,0.8861],"evs":[0.0,2.92353]},"QTs":{"weight":0.8124,"played":[7.0E-4,0.9993],"evs":[0.0,1.28668]},"QJs":{"weight":0.9971,"played":[0.015,0.985],"evs":[0.0,5.00284]},"QQ":{"weight":1.0,"played":[0.0,1.0],"evs":[0.0,20.10208]},"KQo":{"weight":0.4277,"played":[0.0,1.0],"evs":[0.0,0.9251]},"AQo":{"weight":0.9998,"played":[0.0,1.0],"evs":[0.0,0.68911]},"K2s":{"weight":0.0,"played":[0.3041,0.6959],"evs":[0.0,1.69984]},"K3s":{"weight":0.0024,"played":[0.7571,0.2429],"evs":[0.0,-1.3864]},"K4s":{"weight":0.9941,"played":[0.6556,0.3444],"evs":[0.0,-0.47757]},"K5s":{"weight":1.0,"played":[0.0016,0.9984],"evs":[0.0,1.02686]},"K6s":{"weight":0.4569,"played":[0.2773,0.7227],"evs":[0.0,1.27855]},"K7s":{"weight":0.9072,"played":[0.0819,0.9181],"evs":[0.0,0.66943]},"K8s":{"weight":0.9995,"played":[0.2621,0.7379],"evs":[0.0,1.42887]},"K9s":{"weight":0.1832,"played":[0.2592,0.7408],"evs":[0.0,0.73051]},"KTs":{"weight":0.5555,"played":[0.0551,0.9449],"evs":[0.0,1.40609]},"KJs":{"weight":1.0,"played":[8.0E-4,0.9992],"evs":[0.0,5.7293]},"KQs":{"weight":1.0,"played":[4.0E-4,0.9996],"evs":[0.0,7.06028]},"KK":{"weight":1.0,"played":[1.0E-4,0.9999],"evs":[0.0,21.73539]},"AKo":{"weight":1.0,"played":[2.0E-4,0.9998],"evs":[0.0,4.21863]},"A2s":{"weight":0.9955,"played":[0.0171,0.9829],"evs":[0.0,2.19669]},"A3s":{"weight":0.9925,"played":[0.4941,0.5059],"evs":[0.0,0.96298]},"A4s":{"weight":0.0,"played":[0.2515,0.7485],"evs":[0.0,0.02851]},"A5s":{"weight":4.0E-4,"played":[0.1812,0.8188],"evs":[0.0,-1.99202]},"A6s":{"weight":0.0607,"played":[0.0486,0.9514],"evs":[0.0,-0.34248]},"A7s":{"weight":0.9994,"played":[0.0698,0.9302],"evs":[0.0,1.33607]},"A8s":{"weight":1.0,"played":[0.0022,0.9978],"evs":[0.0,2.80102]},"A9s":{"weight":1.0,"played":[0.0017,0.9983],"evs":[0.0,0.92981]},"ATs":{"weight":1.0,"played":[0.3209,0.6791],"evs":[0.0,-0.7173]},"AJs":{"weight":1.0,"played":[0.077,0.923],"evs":[0.0,3.3316]},"AQs":{"weight":1.0,"played":[4.0E-4,0.9996],"evs":[0.0,5.29261]},"AKs":{"weight":1.0,"played":[3.0E-4,0.9997],"evs":[0.0,8.90305]},"AA":{"weight":1.0,"played":[0.0,1.0],"evs":[0.0,33.62362]}}}