{"player":3,"street":0,"children":2,"sequence":[{"player":0,"type":"F","amount":0,"street":0},{"player":1,"type":"R","amount":1985000,"street":0},{"player":2,"type":"F","amount":0,"street":0}],"actions":[{"type":"F","amount":0,"node":185},{"type":"C","amount":985000,"node":188}],"hands":{"22":{"weight":1.0,"played":[1.0,0.0],"evs":[0.0,-0.77835]},"32o":{"weight":1.0,"played":[1.0,0.0],"evs":[0.0,-3.33222]},"42o":{"weight":1.0,"played":[1.0,0.0],"evs":[0.0,-3.17862]},"52o":{"weight":1.0,"played":[1.0,0.0],"evs":[0.0,-2.95665]},"62o":{"weight":1.0,"played":[1.0,0.0],"evs":[0.0,-3.08911]},"72o":{"weight":1.0,"played":[1.0,0.0],"evs":[0.0,-3.13959]},"82o":{"weight":1.0,"played":[1.0,0.0],"evs":[0.0,-3.05109]},"92o":{"weight":1.0,"played":[1.0,0.0],"evs":[0.0,-3.2565]},"T2o":{"weight":1.0,"played":[1.0,0.0],"evs":[0.0,-3.10916]},"J2o":{"weight":1.0,"played":[1.0,0.0],"evs":[0.0,-2.68771]},"Q2o":{"weight":1.0,"played":[1.0,0.0],"evs":[0.0,-2.25869]},"K2o":{"weight":1.0,"played":[1.0,0.0],"evs":[0.0,-2.21589]},"A2o":{"weight":1.0,"played":[1.0,0.0],"evs":[0.0,-1.30571]},"32s":{"weight":1.0,"played":[1.0,0.0],"evs":[0.0,-2.55617]},"33":{"weight":1.0,"played":[0.5074,0.4926],"evs":[0.0,-0.02946]},"43o":{"weight":1.0,"played":[1.0,0.0],"evs":[0.0,-2.73993]},"53o":{"weight":1.0,"played":[1.0,0.0],"evs":[0.0,-2.49482]},"63o":{"weight":1.0,"played":[1.0,0.0],"evs":[0.0,-2.65727]},"73o":{"weight":1.0,"played":[1.0,0.0],"evs":[0.0,-2.69767]},"83o":{"weight":1.0,"played":[1.0,0.0],"evs":[0.0,-2.8995]},"93o":{"weight":1.0,"played":[1.0,0.0],"evs":[0.0,-3.03218]},"T3o":{"weight":1.0,"played":[1.0,0.0],"evs":[0.0,-2.88116]},"J3o":{"weight":1.0,"played":[1.0,0.0],"evs":[0.0,-2.48597]},"Q3o":{"weight":1.0,"played":[1.0,0.0],"evs":[0.0,-2.05076]},"K3o":{"weight":1.0,"played":[1.0,0.0],"evs":[0.0,-1.99203]},"A3o":{"weight":1.0,"played":[1.0,0.0],"evs":[0.0,-1.06587]},"42s":{"weight":1.0,"played":[1.0,0.0],"evs":[0.0,-2.40639]},"43s":{"weight":1.0,"played":[1.0,0.0],"evs":[0.0,-2.00493]},"44":{"weight":1.0,"played":[0.0,1.0],"evs":[0.0,0.58951]},"54o":{"weight":1.0,"played":[1.0,0.0],"evs":[0.0,-2.14681]},"64o":{"weight":1.0,"played":[1.0,0.0],"evs":[0.0,-2.26781]},"74o":{"weight":1.0,"played":[1.0,0.0],"evs":[0.0,-2.36357]},"84o":{"weight":1.0,"played":[1.0,0.0],"evs":[0.0,-2.54064]},"94o":{"weight":1.0,"played":[1.0,0.0],"evs":[0.0,-2.94534]},"T4o":{"weight":1.0,"played":[1.0,0.0],"evs":[0.0,-2.74249]},"J4o":{"weight":1.0,"played":[1.0,0.0],"evs":[0.0,-2.34766]},"Q4o":{"weight":1.0,"played":[1.0,0.0],"evs":[0.0,-1.92219]},"K4o":{"weight":1.0,"played":[1.0,0.0],"evs":[0.0,-1.85548]},"A4o":{"weight":1.0,"played":[1.0,0.0],"evs":[0.0,-0.88982]},"52s":{"weight":1.0,"played":[1.0,0.0],"evs":[0.0,-2.16102]},"53s":{"weight":1.0,"played":[1.0,0.0],"evs":[0.0,-1.77052]},"54s":{"weight":1.0,"played":[1.0,0.0],"evs":[0.0,-1.40745]},"55":{"weight":1.0,"played":[0.0,1.0],"evs":[0.0,1.34895]},"65o":{"weight":1.0,"played":[1.0,0.0],"evs":[0.0,-1.87466]},"75o":{"weight":1.0,"played":[1.0,0.0],"evs":[0.0,-1.94315]},"85o":{"weight":1.0,"played":[1.0,0.0],"evs":[0.0,-2.14283]},"95o":{"weight":1.0,"played":[1.0,0.0],"evs":[0.0,-2.52797]},"T5o":{"weight":1.0,"played":[1.0,0.0],"evs":[0.0,-2.5804]},"J5o":{"weight":1.0,"played":[1.0,0.0],"evs":[0.0,-2.14276]},"Q5o":{"weight":1.0,"played":[1.0,0.0],"evs":[0.0,-1.7226]},"K5o":{"weight":1.0,"played":[1.0,0.0],"evs":[0.0,-1.65423]},"A5o":{"weight":1.0,"played":[1.0,0.0],"evs":[0.0,-0.61516]},"62s":{"weight":1.0,"played":[1.0,0.0],"evs":[0.0,-2.33281]},"63s":{"weight":1.0,"played":[1.0,0.0],"evs":[0.0,-1.88189]},"64s":{"weight":1.0,"played":[1.0,0.0],"evs":[0.0,-1.53597]},"65s":{"weight":1.0,"played":[1.0,0.0],"evs":[0.0,-1.11501]},"66":{"weight":1.0,"played":[0.0,1.0],"evs":[0.0,1.99416]},"76o":{"weight":1.0,"played":[1.0,0.0],"evs":[0.0,-1.5523]},"86o":{"weight":1.0,"played":[1.0,0.0],"evs":[0.0,-1.75351]},"96o":{"weight":1.0,"played":[1.0,0.0],"evs":[0.0,-2.11718]},"T6o":{"weight":1.0,"played":[1.0,0.0],"evs":[0.0,-2.19731]},"J6o":{"weight":1.0,"played":[1.0,0.0],"evs":[0.0,-2.01177]},"Q6o":{"weight":1.0,"played":[1.0,0.0],"evs":[0.0,-1.56129]},"K6o":{"weight":1.0,"played":[1.0,0.0],"evs":[0.0,-1.43185]},"A6o":{"weight":1.0,"played":[1.0,0.0],"evs":[0.0,-0.53582]},"72s":{"weight":1.0,"played":[1.0,0.0],"evs":[0.0,-2.34323]},"73s":{"weight":1.0,"played":[1.0,0.0],"evs":[0.0,-1.93892]},"74s":{"weight":1.0,"played":[1.0,0.0],"evs":[0.0,-1.58973]},"75s":{"weight":1.0,"played":[1.0,0.0],"evs":[0.0,-1.19371]},"76s":{"weight":1.0,"played":[1.0,0.0],"evs":[0.0,-0.84538]},"77":{"weight":1.0,"played":[0.0,1.0],"evs":[0.0,2.34812]},"87o":{"weight":1.0,"played":[1.0,0.0],"evs":[0.0,-1.39164]},"97o":{"weight":1.0,"played":[1.0,0.0],"evs":[0.0,-1.69663]},"T7o":{"weight":1.0,"played":[1.0,0.0],"evs":[0.0,-1.76352]},"J7o":{"weight":1.0,"played":[1.0,0.0],"evs":[0.0,-1.58694]},"Q7o":{"weight":1.0,"played":[1.0,0.0],"evs":[0.0,-1.42094]},"K7o":{"weight":1.0,"played":[1.0,0.0],"evs":[0.0,-1.21926]},"A7o":{"weight":1.0,"played":[1.0,0.0],"evs":[0.0,-0.29084]},"82s":{"weight":1.0,"played":[1.0,0.0],"evs":[0.0,-2.27196]},"83s":{"weight":1.0,"played":[1.0,0.0],"evs":[0.0,-2.15035]},"84s":{"weight":1.0,"played":[1.0,0.0],"evs":[0.0,-1.8261]},"85s":{"weight":1.0,"played":[1.0,0.0],"evs":[0.0,-1.44004]},"86s":{"weight":1.0,"played":[1.0,0.0],"evs":[0.0,-1.06282]},"87s":{"weight":1.0,"played":[1.0,0.0],"evs":[0.0,-0.70111]},"88":{"weight":1.0,"played":[0.0,1.0],"evs":[0.0,2.58861]},"98o":{"weight":1.0,"played":[1.0,0.0],"evs":[0.0,-1.48586]},"T8o":{"weight":1.0,"played":[1.0,0.0],"evs":[0.0,-1.46329]},"J8o":{"weight":1.0,"played":[1.0,0.0],"evs":[0.0,-1.32064]},"Q8o":{"weight":1.0,"played":[1.0,0.0],"evs":[0.0,-1.15571]},"K8o":{"weight":1.0,"played":[1.0,0.0],"evs":[0.0,-1.17804]},"A8o":{"weight":1.0,"played":[0.9987,0.0013],"evs":[0.0,-0.16965]},"92s":{"weight":1.0,"played":[1.0,0.0],"evs":[0.0,-2.44202]},"93s":{"weight":1.0,"played":[1.0,0.0],"evs":[0.0,-2.22346]},"94s":{"weight":1.0,"played":[1.0,0.0],"evs":[0.0,-2.169]},"95s":{"weight":1.0,"played":[1.0,0.0],"evs":[0.0,-1.7695]},"96s":{"weight":1.0,"played":[1.0,0.0],"evs":[0.0,-1.36871]},"97s":{"weight":1.0,"played":[1.0,0.0],"evs":[0.0,-0.98743]},"98s":{"weight":1.0,"played":[1.0,0.0],"evs":[0.0,-0.77286]},"99":{"weight":1.0,"played":[0.0,1.0],"evs":[0.0,3.17917]},"T9o":{"weight":1.0,"played":[1.0,0.0],"evs":[0.0,-1.33899]},"J9o":{"weight":1.0,"played":[1.0,0.0],"evs":[0.0,-1.14777]},"Q9o":{"weight":1.0,"played":[1.0,0.0],"evs":[0.0,-0.97256]},"K9o":{"weight":1.0,"played":[1.0,0.0],"evs":[0.0,-0.90315]},"A9o":{"weight":1.0,"played":[0.0,1.0],"evs":[0.0,0.30081]},"T2s":{"weight":1.0,"played":[1.0,0.0],"evs":[0.0,-2.35865]},"T3s":{"weight":1.0,"played":[1.0,0.0],"evs":[0.0,-2.13084]},"T4s":{"weight":1.0,"played":[1.0,0.0],"evs":[0.0,-1.98869]},"T5s":{"weight":1.0,"played":[1.0,0.0],"evs":[0.0,-1.81147]},"T6s":{"weight":1.0,"played":[1.0,0.0],"evs":[0.0,-1.46209]},"T7s":{"weight":1.0,"played":[1.0,0.0],"evs":[0.0,-1.03395]},"T8s":{"weight":1.0,"played":[1.0,0.0],"evs":[0.0,-0.75004]},"T9s":{"weight":1.0,"played":[1.0,0.0],"evs":[0.0,-0.64782]},"TT":{"weight":1.0,"played":[0.0,1.0],"evs":[0.0,4.21236]},"JTo":{"weight":1.0,"played":[1.0,0.0],"evs":[0.0,-0.51735]},"QTo":{"weight":1.0,"played":[1.0,0.0],"evs":[0.0,-0.50091]},"KTo":{"weight":1.0,"played":[1.0,0.0],"evs":[0.0,-0.33073]},"ATo":{"weight":1.0,"played":[0.0,1.0],"evs":[0.0,1.49896]},"J2s":{"weight":1.0,"played":[1.0,0.0],"evs":[0.0,-1.93038]},"J3s":{"weight":1.0,"played":[1.0,0.0],"evs":[0.0,-1.72103]},"J4s":{"weight":1.0,"played":[1.0,0.0],"evs":[0.0,-1.57959]},"J5s":{"weight":1.0,"played":[1.0,0.0],"evs":[0.0,-1.39269]},"J6s":{"weight":1.0,"played":[1.0,0.0],"evs":[0.0,-1.30042]},"J7s":{"weight":1.0,"played":[1.0,0.0],"evs":[0.0,-0.91453]},"J8s":{"weight":1.0,"played":[1.0,0.0],"evs":[0.0,-0.65725]},"J9s":{"weight":1.0,"played":[1.0,0.0],"evs":[0.0,-0.49551]},"JTs":{"weight":1.0,"played":[0.0183,0.9817],"evs":[0.0,0.08624]},"JJ":{"weight":1.0,"played":[0.0,1.0],"evs":[0.0,4.92958]},"QJo":{"weight":1.0,"played":[1.0,0.0],"evs":[0.0,-0.25538]},"KJo":{"weight":1.0,"played":[0.9504,0.0496],"evs":[0.0,-0.03945]},"AJo":{"weight":1.0,"played":[0.0,1.0],"evs":[0.0,2.32005]},"Q2s":{"weight":1.0,"played":[1.0,0.0],"evs":[0.0,-1.46413]},"Q3s":{"weight":1.0,"played":[1.0,0.0],"evs":[0.0,-1.31096]},"Q4s":{"weight":1.0,"played":[1.0,0.0],"evs":[0.0,-1.15526]},"Q5s":{"weight":1.0,"played":[1.0,0.0],"evs":[0.0,-0.97908]},"Q6s":{"weight":1.0,"played":[1.0,0.0],"evs":[0.0,-0.85426]},"Q7s":{"weight":1.0,"played":[1.0,0.0],"evs":[0.0,-0.73389]},"Q8s":{"weight":1.0,"played":[1.0,0.0],"evs":[0.0,-0.47657]},"Q9s":{"weight":1.0,"played":[1.0,0.0],"evs":[0.0,-0.31952]},"QTs":{"weight":1.0,"played":[7.0E-4,0.9993],"evs":[0.0,0.1308]},"QJs":{"weight":1.0,"played":[0.0,1.0],"evs":[0.0,0.34997]},"QQ":{"weight":1.0,"played":[0.0,1.0],"evs":[0.0,5.55582]},"KQo":{"weight":1.0,"played":[0.0,1.0],"evs":[0.0,0.43827]},"AQo":{"weight":1.0,"played":[0.0,1.0],"evs":[0.0,2.84783]},"K2s":{"weight":1.0,"played":[1.0,0.0],"evs":[0.0,-1.40239]},"K3s":{"weight":1.0,"played":[1.0,0.0],"evs":[0.0,-1.24744]},"K4s":{"weight":1.0,"played":[1.0,0.0],"evs":[0.0,-1.09697]},"K5s":{"weight":1.0,"played":[1.0,0.0],"evs":[0.0,-0.85947]},"K6s":{"weight":1.0,"played":[1.0,0.0],"evs":[0.0,-0.69485]},"K7s":{"weight":1.0,"played":[1.0,0.0],"evs":[0.0,-0.51383]},"K8s":{"weight":1.0,"played":[1.0,0.0],"evs":[0.0,-0.47399]},"K9s":{"weight":1.0,"played":[0.9995,5.0E-4],"evs":[0.0,-0.24194]},"KTs":{"weight":1.0,"played":[0.0,1.0],"evs":[0.0,0.3212]},"KJs":{"weight":1.0,"played":[0.0,1.0],"evs":[0.0,0.58268]},"KQs":{"weight":1.0,"played":[0.0,1.0],"evs":[0.0,1.05972]},"KK":{"weight":1.0,"played":[0.0,1.0],"evs":[0.0,6.23609]},"AKo":{"weight":1.0,"played":[0.0,1.0],"evs":[0.0,3.21622]},"A2s":{"weight":1.0,"played":[1.0,0.0],"evs":[0.0,-0.58706]},"A3s":{"weight":1.0,"played":[1.0,0.0],"evs":[0.0,-0.37802]},"A4s":{"weight":1.0,"played":[0.9999,1.0E-4],"evs":[0.0,-0.14393]},"A5s":{"weight":1.0,"played":[0.0012,0.9988],"evs":[0.0,0.05427]},"A6s":{"weight":1.0,"played":[8.0E-4,0.9992],"evs":[0.0,0.17554]},"A7s":{"weight":1.0,"played":[0.0,1.0],"evs":[0.0,0.4093]},"A8s":{"weight":1.0,"played":[0.0,1.0],"evs":[0.0,0.51697]},"A9s":{"weight":1.0,"played":[0.0,1.0],"evs":[0.0,0.97359]},"ATs":{"weight":1.0,"played":[0.0,1.0],"evs":[0.0,2.06119]},"AJs":{"weight":1.0,"played":[0.0,1.0],"evs":[0.0,2.80044]},"AQs":{"weight":1.0,"played":[0.0,1.0],"evs":[0.0,3.28755]},"AKs":{"weight":1.0,"played":[0.0,1.0],"evs":[0.0,3.63449]},"AA":{"weight":1.0,"played":[0.0,1.0],"evs":[0.0,8.16841]}}}