{"player":5,"street":0,"children":2,"sequence":[{"player":0,"type":"F","amount":0,"street":0},{"player":1,"type":"R","amount":1985000,"street":0},{"player":2,"type":"F","amount":0,"street":0},{"player":3,"type":"C","amount":985000,"street":0},{"player":4,"type":"C","amount":1035000,"street":0}],"actions":[{"type":"F","amount":0},{"type":"C","amount":1885000}],"hands":{"22":{"weight":1.0,"played":[0.9916,0.0084],"evs":[0.0,-0.42585]},"32o":{"weight":1.0,"played":[1.0,0.0],"evs":[0.0,-4.97487]},"42o":{"weight":1.0,"played":[1.0,0.0],"evs":[0.0,-4.60959]},"52o":{"weight":1.0,"played":[1.0,0.0],"evs":[0.0,-3.96942]},"62o":{"weight":1.0,"played":[1.0,0.0],"evs":[0.0,-4.44985]},"72o":{"weight":1.0,"played":[1.0,0.0],"evs":[0.0,-4.72778]},"82o":{"weight":1.0,"played":[1.0,0.0],"evs":[0.0,-4.42453]},"92o":{"weight":1.0,"played":[1.0,0.0],"evs":[0.0,-5.16524]},"T2o":{"weight":1.0,"played":[1.0,0.0],"evs":[0.0,-5.26391]},"J2o":{"weight":1.0,"played":[1.0,0.0],"evs":[0.0,-4.98542]},"Q2o":{"weight":1.0,"played":[1.0,0.0],"evs":[0.0,-3.87365]},"K2o":{"weight":1.0,"played":[1.0,0.0],"evs":[0.0,-3.85095]},"A2o":{"weight":1.0,"played":[1.0,0.0],"evs":[0.0,-3.34126]},"32s":{"weight":1.0,"played":[1.0,0.0],"evs":[0.0,-3.09795]},"33":{"weight":1.0,"played":[0.0151,0.9849],"evs":[0.0,0.97018]},"43o":{"weight":1.0,"played":[1.0,0.0],"evs":[0.0,-3.4329]},"53o":{"weight":1.0,"played":[1.0,0.0],"evs":[0.0,-2.90711]},"63o":{"weight":1.0,"played":[1.0,0.0],"evs":[0.0,-3.19144]},"73o":{"weight":1.0,"played":[1.0,0.0],"evs":[0.0,-3.64543]},"83o":{"weight":1.0,"played":[1.0,0.0],"evs":[0.0,-4.16792]},"93o":{"weight":1.0,"played":[1.0,0.0],"evs":[0.0,-4.83266]},"T3o":{"weight":1.0,"played":[1.0,0.0],"evs":[0.0,-4.87217]},"J3o":{"weight":1.0,"played":[1.0,0.0],"evs":[0.0,-4.29943]},"Q3o":{"weight":1.0,"played":[1.0,0.0],"evs":[0.0,-3.46027]},"K3o":{"weight":1.0,"played":[1.0,0.0],"evs":[0.0,-3.13958]},"A3o":{"weight":1.0,"played":[0.9999,1.0E-4],"evs":[0.0,-2.43299]},"42s":{"weight":1.0,"played":[1.0,0.0],"evs":[0.0,-2.22728]},"43s":{"weight":1.0,"played":[0.9983,0.0017],"evs":[0.0,-1.48731]},"44":{"weight":1.0,"played":[1.0E-4,0.9999],"evs":[0.0,1.7766]},"54o":{"weight":1.0,"played":[0.9999,1.0E-4],"evs":[0.0,-2.0241]},"64o":{"weight":1.0,"played":[1.0,0.0],"evs":[0.0,-2.05142]},"74o":{"weight":1.0,"played":[1.0,0.0],"evs":[0.0,-2.64383]},"84o":{"weight":1.0,"played":[1.0,0.0],"evs":[0.0,-3.409]},"94o":{"weight":1.0,"played":[1.0,0.0],"evs":[0.0,-4.68962]},"T4o":{"weight":1.0,"played":[1.0,0.0],"evs":[0.0,-4.43043]},"J4o":{"weight":1.0,"played":[1.0,0.0],"evs":[0.0,-4.22661]},"Q4o":{"weight":1.0,"played":[1.0,0.0],"evs":[0.0,-3.1968]},"K4o":{"weight":1.0,"played":[1.0,0.0],"evs":[0.0,-3.08905]},"A4o":{"weight":1.0,"played":[0.9998,2.0E-4],"evs":[0.0,-2.35649]},"52s":{"weight":1.0,"played":[0.9989,0.0011],"evs":[0.0,-2.3454]},"53s":{"weight":1.0,"played":[0.9999,1.0E-4],"evs":[0.0,-0.72528]},"54s":{"weight":1.0,"played":[0.4588,0.5412],"evs":[0.0,-0.10271]},"55":{"weight":1.0,"played":[0.0,1.0],"evs":[0.0,3.94924]},"65o":{"weight":1.0,"played":[0.9996,4.0E-4],"evs":[0.0,-0.96672]},"75o":{"weight":1.0,"played":[1.0,0.0],"evs":[0.0,-1.59965]},"85o":{"weight":1.0,"played":[1.0,0.0],"evs":[0.0,-2.27712]},"95o":{"weight":1.0,"played":[1.0,0.0],"evs":[0.0,-3.61827]},"T5o":{"weight":1.0,"played":[1.0,0.0],"evs":[0.0,-4.34467]},"J5o":{"weight":1.0,"played":[1.0,0.0],"evs":[0.0,-3.77097]},"Q5o":{"weight":1.0,"played":[1.0,0.0],"evs":[0.0,-2.96502]},"K5o":{"weight":1.0,"played":[1.0,0.0],"evs":[0.0,-2.20106]},"A5o":{"weight":1.0,"played":[0.9997,3.0E-4],"evs":[0.0,-1.69003]},"62s":{"weight":1.0,"played":[1.0,0.0],"evs":[0.0,-2.61473]},"63s":{"weight":1.0,"played":[0.9986,0.0014],"evs":[0.0,-1.54561]},"64s":{"weight":1.0,"played":[0.6209,0.3791],"evs":[0.0,-0.00204]},"65s":{"weight":1.0,"played":[0.0169,0.9831],"evs":[0.0,0.8792]},"66":{"weight":1.0,"played":[0.0,1.0],"evs":[0.0,5.74587]},"76o":{"weight":1.0,"played":[0.9992,8.0E-4],"evs":[0.0,-0.5669]},"86o":{"weight":1.0,"played":[1.0,0.0],"evs":[0.0,-1.29008]},"96o":{"weight":1.0,"played":[1.0,0.0],"evs":[0.0,-2.64195]},"T6o":{"weight":1.0,"played":[0.9999,1.0E-4],"evs":[0.0,-3.32189]},"J6o":{"weight":1.0,"played":[1.0,0.0],"evs":[0.0,-3.20487]},"Q6o":{"weight":1.0,"played":[1.0,0.0],"evs":[0.0,-2.29308]},"K6o":{"weight":1.0,"played":[1.0,0.0],"evs":[0.0,-2.12624]},"A6o":{"weight":1.0,"played":[0.9996,4.0E-4],"evs":[0.0,-1.58127]},"72s":{"weight":1.0,"played":[1.0,0.0],"evs":[0.0,-2.72554]},"73s":{"weight":1.0,"played":[0.9998,2.0E-4],"evs":[0.0,-1.57247]},"74s":{"weight":1.0,"played":[0.9972,0.0028],"evs":[0.0,-0.72413]},"75s":{"weight":1.0,"played":[0.4457,0.5543],"evs":[0.0,0.30475]},"76s":{"weight":1.0,"played":[0.0253,0.9747],"evs":[0.0,0.67885]},"77":{"weight":1.0,"played":[0.0,1.0],"evs":[0.0,6.43817]},"87o":{"weight":1.0,"played":[0.9996,4.0E-4],"evs":[0.0,-0.60848]},"97o":{"weight":1.0,"played":[0.9999,1.0E-4],"evs":[0.0,-1.65484]},"T7o":{"weight":1.0,"played":[0.9997,3.0E-4],"evs":[0.0,-2.12221]},"J7o":{"weight":1.0,"played":[0.9998,2.0E-4],"evs":[0.0,-2.40108]},"Q7o":{"weight":1.0,"played":[1.0,0.0],"evs":[0.0,-2.17746]},"K7o":{"weight":1.0,"played":[0.9998,2.0E-4],"evs":[0.0,-1.83607]},"A7o":{"weight":1.0,"played":[0.9999,1.0E-4],"evs":[0.0,-0.97916]},"82s":{"weight":1.0,"played":[0.9999,1.0E-4],"evs":[0.0,-2.76661]},"83s":{"weight":1.0,"played":[1.0,0.0],"evs":[0.0,-2.34406]},"84s":{"weight":1.0,"played":[1.0,0.0],"evs":[0.0,-1.08181]},"85s":{"weight":1.0,"played":[0.5711,0.4289],"evs":[0.0,-0.10585]},"86s":{"weight":1.0,"played":[0.0139,0.9861],"evs":[0.0,0.671]},"87s":{"weight":1.0,"played":[0.0032,0.9968],"evs":[0.0,0.95589]},"88":{"weight":1.0,"played":[0.0,1.0],"evs":[0.0,7.10134]},"98o":{"weight":1.0,"played":[0.9982,0.0018],"evs":[0.0,-1.21517]},"T8o":{"weight":1.0,"played":[1.0,0.0],"evs":[0.0,-1.44614]},"J8o":{"weight":1.0,"played":[1.0,0.0],"evs":[0.0,-1.59922]},"Q8o":{"weight":1.0,"played":[1.0,0.0],"evs":[0.0,-1.76056]},"K8o":{"weight":1.0,"played":[1.0,0.0],"evs":[0.0,-1.63018]},"A8o":{"weight":1.0,"played":[0.9997,3.0E-4],"evs":[0.0,-1.12944]},"92s":{"weight":1.0,"played":[1.0,0.0],"evs":[0.0,-2.91453]},"93s":{"weight":1.0,"played":[0.9998,2.0E-4],"evs":[0.0,-2.23781]},"94s":{"weight":1.0,"played":[0.9992,8.0E-4],"evs":[0.0,-2.63016]},"95s":{"weight":1.0,"played":[0.9999,1.0E-4],"evs":[0.0,-1.44144]},"96s":{"weight":1.0,"played":[0.5316,0.4684],"evs":[0.0,-0.01927]},"97s":{"weight":1.0,"played":[0.3287,0.6713],"evs":[0.0,-0.02795]},"98s":{"weight":1.0,"played":[0.1159,0.8841],"evs":[0.0,0.7647]},"99":{"weight":1.0,"played":[0.0,1.0],"evs":[0.0,7.97178]},"T9o":{"weight":1.0,"played":[1.0,0.0],"evs":[0.0,-1.25945]},"J9o":{"weight":1.0,"played":[0.9999,1.0E-4],"evs":[0.0,-1.64966]},"Q9o":{"weight":1.0,"played":[0.9998,2.0E-4],"evs":[0.0,-1.23188]},"K9o":{"weight":1.0,"played":[0.9993,7.0E-4],"evs":[0.0,-1.1305]},"A9o":{"weight":1.0,"played":[0.8121,0.1879],"evs":[0.0,-0.19971]},"T2s":{"weight":1.0,"played":[1.0,0.0],"evs":[0.0,-2.87867]},"T3s":{"weight":1.0,"played":[1.0,0.0],"evs":[0.0,-2.79337]},"T4s":{"weight":1.0,"played":[0.9991,9.0E-4],"evs":[0.0,-2.50564]},"T5s":{"weight":1.0,"played":[1.0,0.0],"evs":[0.0,-1.53598]},"T6s":{"weight":1.0,"played":[1.0,0.0],"evs":[0.0,-1.22612]},"T7s":{"weight":1.0,"played":[0.1629,0.8371],"evs":[0.0,0.11164]},"T8s":{"weight":1.0,"played":[0.057,0.943],"evs":[0.0,0.64815]},"T9s":{"weight":1.0,"played":[0.0146,0.9854],"evs":[0.0,0.27931]},"TT":{"weight":1.0,"played":[0.0,1.0],"evs":[0.0,9.73864]},"JTo":{"weight":1.0,"played":[0.9714,0.0286],"evs":[0.0,-0.42096]},"QTo":{"weight":1.0,"played":[0.9983,0.0017],"evs":[0.0,-0.3163]},"KTo":{"weight":1.0,"played":[0.8603,0.1397],"evs":[0.0,-0.3126]},"ATo":{"weight":1.0,"played":[0.0,1.0],"evs":[0.0,1.66422]},"J2s":{"weight":1.0,"played":[1.0,0.0],"evs":[0.0,-2.8129]},"J3s":{"weight":1.0,"played":[1.0,0.0],"evs":[0.0,-2.09679]},"J4s":{"weight":1.0,"played":[0.9969,0.0031],"evs":[0.0,-1.88344]},"J5s":{"weight":1.0,"played":[0.9964,0.0036],"evs":[0.0,-1.51537]},"J6s":{"weight":1.0,"played":[0.9483,0.0517],"evs":[0.0,-1.34159]},"J7s":{"weight":1.0,"played":[0.5792,0.4208],"evs":[0.0,-0.22826]},"J8s":{"weight":1.0,"played":[0.3519,0.6481],"evs":[0.0,0.07261]},"J9s":{"weight":1.0,"played":[0.2506,0.7494],"evs":[0.0,-1.6E-4]},"JTs":{"weight":1.0,"played":[0.0134,0.9866],"evs":[0.0,1.25113]},"JJ":{"weight":1.0,"played":[0.0,1.0],"evs":[0.0,13.03576]},"QJo":{"weight":1.0,"played":[0.2495,0.7505],"evs":[0.0,0.10772]},"KJo":{"weight":1.0,"played":[2.0E-4,0.9998],"evs":[0.0,0.64563]},"AJo":{"weight":1.0,"played":[0.0,1.0],"evs":[0.0,3.26788]},"Q2s":{"weight":1.0,"played":[1.0,0.0],"evs":[0.0,-2.32296]},"Q3s":{"weight":1.0,"played":[0.9994,6.0E-4],"evs":[0.0,-1.1276]},"Q4s":{"weight":1.0,"played":[0.9999,1.0E-4],"evs":[0.0,-1.70201]},"Q5s":{"weight":1.0,"played":[0.8905,0.1095],"evs":[0.0,-0.79946]},"Q6s":{"weight":1.0,"played":[0.9666,0.0334],"evs":[0.0,-0.27236]},"Q7s":{"weight":1.0,"played":[0.8001,0.1999],"evs":[0.0,-0.18187]},"Q8s":{"weight":1.0,"played":[0.0032,0.9968],"evs":[0.0,0.89864]},"Q9s":{"weight":1.0,"played":[0.0027,0.9973],"evs":[0.0,1.31253]},"QTs":{"weight":1.0,"played":[0.0,1.0],"evs":[0.0,1.12002]},"QJs":{"weight":1.0,"played":[0.0,1.0],"evs":[0.0,2.07456]},"QQ":{"weight":1.0,"played":[0.0,1.0],"evs":[0.0,15.73344]},"KQo":{"weight":1.0,"played":[0.0,1.0],"evs":[0.0,1.8317]},"AQo":{"weight":1.0,"played":[0.0,1.0],"evs":[0.0,5.08019]},"K2s":{"weight":1.0,"played":[0.9998,2.0E-4],"evs":[0.0,-1.07377]},"K3s":{"weight":1.0,"played":[0.9951,0.0049],"evs":[0.0,-1.00028]},"K4s":{"weight":1.0,"played":[0.9873,0.0127],"evs":[0.0,-0.62665]},"K5s":{"weight":1.0,"played":[0.5143,0.4857],"evs":[0.0,0.10471]},"K6s":{"weight":1.0,"played":[0.6541,0.3459],"evs":[0.0,-0.16804]},"K7s":{"weight":1.0,"played":[0.0028,0.9972],"evs":[0.0,0.69285]},"K8s":{"weight":1.0,"played":[0.0097,0.9903],"evs":[0.0,0.74372]},"K9s":{"weight":1.0,"played":[1.0E-4,0.9999],"evs":[0.0,0.98393]},"KTs":{"weight":1.0,"played":[1.0E-4,0.9999],"evs":[0.0,2.31676]},"KJs":{"weight":1.0,"played":[1.0E-4,0.9999],"evs":[0.0,2.62388]},"KQs":{"weight":1.0,"played":[0.0,1.0],"evs":[0.0,4.08384]},"KK":{"weight":1.0,"played":[0.0,1.0],"evs":[0.0,18.75697]},"AKo":{"weight":1.0,"played":[0.0,1.0],"evs":[0.0,6.12263]},"A2s":{"weight":1.0,"played":[0.9998,2.0E-4],"evs":[0.0,-0.85017]},"A3s":{"weight":1.0,"played":[0.8542,0.1458],"evs":[0.0,-0.29477]},"A4s":{"weight":1.0,"played":[0.6303,0.3697],"evs":[0.0,0.14681]},"A5s":{"weight":1.0,"played":[0.0192,0.9808],"evs":[0.0,0.27312]},"A6s":{"weight":1.0,"played":[0.0285,0.9715],"evs":[0.0,0.44999]},"A7s":{"weight":1.0,"played":[0.0854,0.9146],"evs":[0.0,0.61878]},"A8s":{"weight":1.0,"played":[1.0E-4,0.9999],"evs":[0.0,1.36189]},"A9s":{"weight":1.0,"played":[1.0E-4,0.9999],"evs":[0.0,1.41116]},"ATs":{"weight":1.0,"played":[0.0,1.0],"evs":[0.0,3.83897]},"AJs":{"weight":1.0,"played":[0.0,1.0],"evs":[0.0,4.92031]},"AQs":{"weight":1.0,"played":[0.0,1.0],"evs":[0.0,6.99217]},"AKs":{"weight":1.0,"played":[0.0,1.0],"evs":[0.0,8.28555]},"AA":{"weight":1.0,"played":[0.0,1.0],"evs":[0.0,23.29869]}}}