{"player":2,"street":0,"children":3,"sequence":[{"player":0,"type":"F","amount":0,"street":0},{"player":1,"type":"F","amount":0,"street":0}],"actions":[{"type":"F","amount":0,"node":3},{"type":"R","amount":200000,"node":13},{"type":"R","amount":1885000,"node":51}],"hands":{"22":{"weight":1.0,"played":[0.0,0.0,1.0],"evs":[0.0,0.48291,0.48761]},"32o":{"weight":1.0,"played":[1.0,0.0,0.0],"evs":[0.0,-0.57346,-1.6179]},"42o":{"weight":1.0,"played":[1.0,0.0,0.0],"evs":[0.0,-0.54852,-1.49553]},"52o":{"weight":1.0,"played":[1.0,0.0,0.0],"evs":[0.0,-0.52054,-1.39589]},"62o":{"weight":1.0,"played":[1.0,0.0,0.0],"evs":[0.0,-0.55482,-1.53353]},"72o":{"weight":1.0,"played":[1.0,0.0,0.0],"evs":[0.0,-0.56245,-1.65529]},"82o":{"weight":1.0,"played":[1.0,0.0,0.0],"evs":[0.0,-0.54901,-1.52897]},"92o":{"weight":1.0,"played":[1.0,0.0,0.0],"evs":[0.0,-0.54495,-1.44858]},"T2o":{"weight":1.0,"played":[1.0,0.0,0.0],"evs":[0.0,-0.50787,-1.29766]},"J2o":{"weight":1.0,"played":[1.0,0.0,0.0],"evs":[0.0,-0.49232,-1.20213]},"Q2o":{"weight":1.0,"played":[1.0,0.0,0.0],"evs":[0.0,-0.46294,-1.02641]},"K2o":{"weight":1.0,"played":[1.0,0.0,0.0],"evs":[0.0,-0.37694,-0.79343]},"A2o":{"weight":1.0,"played":[0.0,1.0,0.0],"evs":[0.0,0.16068,0.08458]},"32s":{"weight":1.0,"played":[1.0,0.0,0.0],"evs":[0.0,-0.38442,-0.98848]},"33":{"weight":1.0,"played":[0.0,0.0,1.0],"evs":[0.0,0.68213,0.72557]},"43o":{"weight":1.0,"played":[1.0,0.0,0.0],"evs":[0.0,-0.49566,-1.23852]},"53o":{"weight":1.0,"played":[1.0,0.0,0.0],"evs":[0.0,-0.45371,-1.11981]},"63o":{"weight":1.0,"played":[1.0,0.0,0.0],"evs":[0.0,-0.49634,-1.27147]},"73o":{"weight":1.0,"played":[1.0,0.0,0.0],"evs":[0.0,-0.51629,-1.38697]},"83o":{"weight":1.0,"played":[1.0,0.0,0.0],"evs":[0.0,-0.53324,-1.4794]},"93o":{"weight":1.0,"played":[1.0,0.0,0.0],"evs":[0.0,-0.52386,-1.35544]},"T3o":{"weight":1.0,"played":[1.0,0.0,0.0],"evs":[0.0,-0.48627,-1.20803]},"J3o":{"weight":1.0,"played":[1.0,0.0,0.0],"evs":[0.0,-0.46492,-1.11217]},"Q3o":{"weight":1.0,"played":[1.0,0.0,0.0],"evs":[0.0,-0.42198,-0.9332]},"K3o":{"weight":1.0,"played":[1.0,0.0,0.0],"evs":[0.0,-0.33748,-0.70919]},"A3o":{"weight":1.0,"played":[0.0,1.0,0.0],"evs":[0.0,0.22065,0.1688]},"42s":{"weight":1.0,"played":[1.0,0.0,0.0],"evs":[0.0,-0.34351,-0.87453]},"43s":{"weight":1.0,"played":[1.0,0.0,0.0],"evs":[0.0,-0.23245,-0.64022]},"44":{"weight":1.0,"played":[0.0,0.0,1.0],"evs":[0.0,0.95998,1.01793]},"54o":{"weight":1.0,"played":[1.0,0.0,0.0],"evs":[0.0,-0.35253,-0.85543]},"64o":{"weight":1.0,"played":[1.0,0.0,0.0],"evs":[0.0,-0.41559,-0.9988]},"74o":{"weight":1.0,"played":[1.0,0.0,0.0],"evs":[0.0,-0.45382,-1.1217]},"84o":{"weight":1.0,"played":[1.0,0.0,0.0],"evs":[0.0,-0.48079,-1.21323]},"94o":{"weight":1.0,"played":[1.0,0.0,0.0],"evs":[0.0,-0.49968,-1.30829]},"T4o":{"weight":1.0,"played":[1.0,0.0,0.0],"evs":[0.0,-0.4599,-1.11345]},"J4o":{"weight":1.0,"played":[1.0,0.0,0.0],"evs":[0.0,-0.44024,-1.01285]},"Q4o":{"weight":1.0,"played":[1.0,0.0,0.0],"evs":[0.0,-0.38399,-0.84996]},"K4o":{"weight":1.0,"played":[1.0,0.0,0.0],"evs":[0.0,-0.29635,-0.6139]},"A4o":{"weight":1.0,"played":[0.0,0.9991,9.0E-4],"evs":[0.0,0.2749,0.25893]},"52s":{"weight":1.0,"played":[1.0,0.0,0.0],"evs":[0.0,-0.30755,-0.76341]},"53s":{"weight":1.0,"played":[1.0,0.0,0.0],"evs":[0.0,-0.16729,-0.51751]},"54s":{"weight":1.0,"played":[0.9919,0.0081,0.0],"evs":[0.0,-0.01736,-0.2806]},"55":{"weight":1.0,"played":[0.0,0.0,1.0],"evs":[0.0,1.32808,1.35907]},"65o":{"weight":1.0,"played":[1.0,0.0,0.0],"evs":[0.0,-0.31098,-0.74052]},"75o":{"weight":1.0,"played":[1.0,0.0,0.0],"evs":[0.0,-0.35124,-0.83995]},"85o":{"weight":1.0,"played":[1.0,0.0,0.0],"evs":[0.0,-0.39096,-0.93332]},"95o":{"weight":1.0,"played":[1.0,0.0,0.0],"evs":[0.0,-0.42912,-1.02756]},"T5o":{"weight":1.0,"played":[1.0,0.0,0.0],"evs":[0.0,-0.42329,-1.05361]},"J5o":{"weight":1.0,"played":[1.0,0.0,0.0],"evs":[0.0,-0.39187,-0.90923]},"Q5o":{"weight":1.0,"played":[1.0,0.0,0.0],"evs":[0.0,-0.33209,-0.74098]},"K5o":{"weight":1.0,"played":[1.0,0.0,0.0],"evs":[0.0,-0.24628,-0.51415]},"A5o":{"weight":1.0,"played":[0.0,0.0028,0.9972],"evs":[0.0,0.37172,0.38304]},"62s":{"weight":1.0,"played":[1.0,0.0,0.0],"evs":[0.0,-0.3861,-0.9237]},"63s":{"weight":1.0,"played":[1.0,0.0,0.0],"evs":[0.0,-0.26571,-0.65197]},"64s":{"weight":1.0,"played":[1.0,0.0,0.0],"evs":[0.0,-0.12776,-0.42798]},"65s":{"weight":1.0,"played":[1.0E-4,0.9999,0.0],"evs":[0.0,0.02656,-0.17402]},"66":{"weight":1.0,"played":[0.0,0.3881,0.6119],"evs":[0.0,1.6711,1.67218]},"76o":{"weight":1.0,"played":[1.0,0.0,0.0],"evs":[0.0,-0.26477,-0.60594]},"86o":{"weight":1.0,"played":[1.0,0.0,0.0],"evs":[0.0,-0.29349,-0.68231]},"96o":{"weight":1.0,"played":[1.0,0.0,0.0],"evs":[0.0,-0.3406,-0.77172]},"T6o":{"weight":1.0,"played":[1.0,0.0,0.0],"evs":[0.0,-0.35667,-0.79996]},"J6o":{"weight":1.0,"played":[1.0,0.0,0.0],"evs":[0.0,-0.38502,-0.87082]},"Q6o":{"weight":1.0,"played":[1.0,0.0,0.0],"evs":[0.0,-0.3004,-0.6573]},"K6o":{"weight":1.0,"played":[1.0,0.0,0.0],"evs":[0.0,-0.21078,-0.43355]},"A6o":{"weight":1.0,"played":[0.0,0.303,0.697],"evs":[0.0,0.34896,0.35222]},"72s":{"weight":1.0,"played":[1.0,0.0,0.0],"evs":[0.0,-0.4143,-1.0065]},"73s":{"weight":1.0,"played":[1.0,0.0,0.0],"evs":[0.0,-0.31284,-0.77691]},"74s":{"weight":1.0,"played":[1.0,0.0,0.0],"evs":[0.0,-0.18666,-0.50701]},"75s":{"weight":1.0,"played":[0.9998,2.0E-4,0.0],"evs":[0.0,-0.03295,-0.25248]},"76s":{"weight":1.0,"played":[1.0E-4,0.9999,0.0],"evs":[0.0,0.08888,-0.03882]},"77":{"weight":1.0,"played":[0.0,0.999,0.001],"evs":[0.0,2.06263,2.02636]},"87o":{"weight":1.0,"played":[1.0,0.0,0.0],"evs":[0.0,-0.19499,-0.47325]},"97o":{"weight":1.0,"played":[1.0,0.0,0.0],"evs":[0.0,-0.23603,-0.54522]},"T7o":{"weight":1.0,"played":[1.0,0.0,0.0],"evs":[0.0,-0.24903,-0.57582]},"J7o":{"weight":1.0,"played":[1.0,0.0,0.0],"evs":[0.0,-0.27331,-0.64022]},"Q7o":{"weight":1.0,"played":[1.0,0.0,0.0],"evs":[0.0,-0.26974,-0.63981]},"K7o":{"weight":1.0,"played":[1.0,0.0,0.0],"evs":[0.0,-0.16211,-0.36731]},"A7o":{"weight":1.0,"played":[0.0,0.0,1.0],"evs":[0.0,0.52558,0.57273]},"82s":{"weight":1.0,"played":[1.0,0.0,0.0],"evs":[0.0,-0.36014,-0.89334]},"83s":{"weight":1.0,"played":[1.0,0.0,0.0],"evs":[0.0,-0.35834,-0.88196]},"84s":{"weight":1.0,"played":[1.0,0.0,0.0],"evs":[0.0,-0.242,-0.61435]},"85s":{"weight":1.0,"played":[1.0,0.0,0.0],"evs":[0.0,-0.08868,-0.3571]},"86s":{"weight":1.0,"played":[3.0E-4,0.9997,0.0],"evs":[0.0,0.04778,-0.1157]},"87s":{"weight":1.0,"played":[0.0,1.0,0.0],"evs":[0.0,0.18289,0.0781]},"88":{"weight":1.0,"played":[0.0,1.0,0.0],"evs":[0.0,2.49312,2.42009]},"98o":{"weight":1.0,"played":[1.0,0.0,0.0],"evs":[0.0,-0.09485,-0.328]},"T8o":{"weight":1.0,"played":[1.0,0.0,0.0],"evs":[0.0,-0.10835,-0.33817]},"J8o":{"weight":1.0,"played":[1.0,0.0,0.0],"evs":[0.0,-0.14925,-0.40803]},"Q8o":{"weight":1.0,"played":[1.0,0.0,0.0],"evs":[0.0,-0.16165,-0.40578]},"K8o":{"weight":1.0,"played":[1.0,0.0,0.0],"evs":[0.0,-0.12291,-0.32119]},"A8o":{"weight":1.0,"played":[0.0,0.0,1.0],"evs":[0.0,0.78869,0.86586]},"92s":{"weight":1.0,"played":[1.0,0.0,0.0],"evs":[0.0,-0.34315,-0.81798]},"93s":{"weight":1.0,"played":[1.0,0.0,0.0],"evs":[0.0,-0.30284,-0.74185]},"94s":{"weight":1.0,"played":[1.0,0.0,0.0],"evs":[0.0,-0.28661,-0.6997]},"95s":{"weight":1.0,"played":[1.0,0.0,0.0],"evs":[0.0,-0.15891,-0.44403]},"96s":{"weight":1.0,"played":[0.9926,0.0074,0.0],"evs":[0.0,-0.01517,-0.1999]},"97s":{"weight":1.0,"played":[0.0,0.9999,1.0E-4],"evs":[0.0,0.11552,-0.00183]},"98s":{"weight":1.0,"played":[0.0,1.0,0.0],"evs":[0.0,0.27023,0.20152]},"99":{"weight":1.0,"played":[0.0,1.0,0.0],"evs":[0.0,2.97844,2.8562]},"T9o":{"weight":1.0,"played":[1.0E-4,0.9999,0.0],"evs":[0.0,0.02851,-0.09616]},"J9o":{"weight":1.0,"played":[0.1802,0.8198,0.0],"evs":[0.0,0.0025,-0.15745]},"Q9o":{"weight":1.0,"played":[0.9851,0.0149,0.0],"evs":[0.0,-0.00474,-0.15548]},"K9o":{"weight":1.0,"played":[0.0,1.0,0.0],"evs":[0.0,0.01651,-0.07705]},"A9o":{"weight":1.0,"played":[0.0,0.0,1.0],"evs":[0.0,1.17412,1.2362]},"T2s":{"weight":1.0,"played":[1.0,0.0,0.0],"evs":[0.0,-0.28553,-0.68873]},"T3s":{"weight":1.0,"played":[1.0,0.0,0.0],"evs":[0.0,-0.24573,-0.60271]},"T4s":{"weight":1.0,"played":[1.0,0.0,0.0],"evs":[0.0,-0.19357,-0.52685]},"T5s":{"weight":1.0,"played":[1.0,0.0,0.0],"evs":[0.0,-0.1662,-0.45215]},"T6s":{"weight":1.0,"played":[1.0,0.0,0.0],"evs":[0.0,-0.04867,-0.22153]},"T7s":{"weight":1.0,"played":[0.0,0.9999,1.0E-4],"evs":[0.0,0.0949,-0.0227]},"T8s":{"weight":1.0,"played":[0.0,0.9999,1.0E-4],"evs":[0.0,0.24925,0.18807]},"T9s":{"weight":1.0,"played":[0.0,0.4933,0.5067],"evs":[0.0,0.43374,0.43432]},"TT":{"weight":1.0,"played":[0.0,1.0,0.0],"evs":[0.0,3.73803,3.50316]},"JTo":{"weight":1.0,"played":[0.0,1.0,0.0],"evs":[0.0,0.2396,0.20962]},"QTo":{"weight":1.0,"played":[0.0,0.729,0.271],"evs":[0.0,0.25502,0.25329]},"KTo":{"weight":1.0,"played":[0.0,0.0947,0.9053],"evs":[0.0,0.40066,0.4036]},"ATo":{"weight":1.0,"played":[0.0,1.0E-4,0.9999],"evs":[0.0,1.89652,1.91848]},"J2s":{"weight":1.0,"played":[1.0,0.0,0.0],"evs":[0.0,-0.24113,-0.58986]},"J3s":{"weight":1.0,"played":[1.0,0.0,0.0],"evs":[0.0,-0.19021,-0.52136]},"J4s":{"weight":1.0,"played":[1.0,0.0,0.0],"evs":[0.0,-0.13319,-0.41948]},"J5s":{"weight":1.0,"played":[1.0,0.0,0.0],"evs":[0.0,-0.07222,-0.31913]},"J6s":{"weight":1.0,"played":[1.0,0.0,0.0],"evs":[0.0,-0.07899,-0.29555]},"J7s":{"weight":1.0,"played":[3.0E-4,0.9997,0.0],"evs":[0.0,0.05936,-0.09382]},"J8s":{"weight":1.0,"played":[0.0,1.0,0.0],"evs":[0.0,0.23465,0.1386]},"J9s":{"weight":1.0,"played":[0.0,0.9983,0.0017],"evs":[0.0,0.39916,0.37535]},"JTs":{"weight":1.0,"played":[0.0,0.0012,0.9988],"evs":[0.0,0.68433,0.7006]},"JJ":{"weight":1.0,"played":[0.0,1.0,0.0],"evs":[0.0,4.45059,4.07693]},"QJo":{"weight":1.0,"played":[0.0,0.526,0.474],"evs":[0.0,0.41097,0.41053]},"KJo":{"weight":1.0,"played":[0.0,0.9012,0.0988],"evs":[0.0,0.69188,0.69241]},"AJo":{"weight":1.0,"played":[0.0,0.2184,0.7816],"evs":[0.0,2.38735,2.38837]},"Q2s":{"weight":1.0,"played":[1.0,0.0,0.0],"evs":[0.0,-0.14794,-0.43322]},"Q3s":{"weight":1.0,"played":[1.0,0.0,0.0],"evs":[0.0,-0.10033,-0.34337]},"Q4s":{"weight":1.0,"played":[1.0,0.0,0.0],"evs":[0.0,-0.05762,-0.2566]},"Q5s":{"weight":1.0,"played":[0.2455,0.7545,0.0],"evs":[0.0,7.7E-4,-0.16281]},"Q6s":{"weight":1.0,"played":[0.0032,0.9968,0.0],"evs":[0.0,0.03747,-0.08549]},"Q7s":{"weight":1.0,"played":[1.0E-4,0.9999,0.0],"evs":[0.0,0.05727,-0.07069]},"Q8s":{"weight":1.0,"played":[0.0,1.0,0.0],"evs":[0.0,0.22039,0.14499]},"Q9s":{"weight":1.0,"played":[0.0,0.9909,0.0091],"evs":[0.0,0.41539,0.39159]},"QTs":{"weight":1.0,"played":[0.0,5.0E-4,0.9995],"evs":[0.0,0.72367,0.73272]},"QJs":{"weight":1.0,"played":[0.0,0.592,0.408],"evs":[0.0,0.8887,0.88882]},"QQ":{"weight":1.0,"played":[0.0,1.0,0.0],"evs":[0.0,5.26895,4.73012]},"KQo":{"weight":1.0,"played":[0.0,3.0E-4,0.9997],"evs":[0.0,1.04927,1.08661]},"AQo":{"weight":1.0,"played":[0.0,1.0,0.0],"evs":[0.0,2.94476,2.88287]},"K2s":{"weight":1.0,"played":[1.0,0.0,0.0],"evs":[0.0,-0.05083,-0.20159]},"K3s":{"weight":1.0,"played":[0.6564,0.3436,0.0],"evs":[0.0,-0.00737,-0.13271]},"K4s":{"weight":1.0,"played":[1.0E-4,0.9999,0.0],"evs":[0.0,0.05046,-0.03177]},"K5s":{"weight":1.0,"played":[0.0,0.9998,2.0E-4],"evs":[0.0,0.1094,0.05509]},"K6s":{"weight":1.0,"played":[0.0,0.998,0.002],"evs":[0.0,0.14774,0.12604]},"K7s":{"weight":1.0,"played":[0.0,0.4545,0.5455],"evs":[0.0,0.20176,0.19478]},"K8s":{"weight":1.0,"played":[0.0,0.9824,0.0176],"evs":[0.0,0.2519,0.22858]},"K9s":{"weight":1.0,"played":[0.0,0.1911,0.8089],"evs":[0.0,0.45399,0.46021]},"KTs":{"weight":1.0,"played":[0.0,0.6502,0.3498],"evs":[0.0,0.8999,0.89621]},"KJs":{"weight":1.0,"played":[0.0,1.0,0.0],"evs":[0.0,1.2243,1.16723]},"KQs":{"weight":1.0,"played":[0.0,1.0,0.0],"evs":[0.0,1.60318,1.52194]},"KK":{"weight":1.0,"played":[0.0,1.0,0.0],"evs":[0.0,6.13137,5.38776]},"AKo":{"weight":1.0,"played":[0.0,1.0,0.0],"evs":[0.0,3.5554,3.42866]},"A2s":{"weight":1.0,"played":[0.0,0.0,1.0],"evs":[0.0,0.56305,0.59427]},"A3s":{"weight":1.0,"played":[0.0,0.0,1.0],"evs":[0.0,0.63355,0.67204]},"A4s":{"weight":1.0,"played":[0.0,0.0,1.0],"evs":[0.0,0.70559,0.76373]},"A5s":{"weight":1.0,"played":[0.0,1.0E-4,0.9999],"evs":[0.0,0.83618,0.87471]},"A6s":{"weight":1.0,"played":[0.0,0.0,1.0],"evs":[0.0,0.80472,0.84246]},"A7s":{"weight":1.0,"played":[0.0,0.1076,0.8924],"evs":[0.0,1.03308,1.04765]},"A8s":{"weight":1.0,"played":[0.0,0.9996,4.0E-4],"evs":[0.0,1.3388,1.3161]},"A9s":{"weight":1.0,"played":[0.0,0.9998,2.0E-4],"evs":[0.0,1.70478,1.6692]},"ATs":{"weight":1.0,"played":[0.0,1.0,0.0],"evs":[0.0,2.40239,2.29606]},"AJs":{"weight":1.0,"played":[0.0,1.0,0.0],"evs":[0.0,2.85851,2.73415]},"AQs":{"weight":1.0,"played":[0.0,1.0,0.0],"evs":[0.0,3.38368,3.19861]},"AKs":{"weight":1.0,"played":[0.0,1.0,0.0],"evs":[0.0,3.93746,3.67757]},"AA":{"weight":1.0,"played":[0.0,1.0,0.0],"evs":[0.0,7.5231,6.4015]}}}