{"player":4,"street":0,"children":2,"sequence":[{"player":0,"type":"F","amount":0,"street":0},{"player":1,"type":"F","amount":0,"street":0},{"player":2,"type":"R","amount":200000,"street":0},{"player":3,"type":"F","amount":0,"street":0},{"player":4,"type":"C","amount":150000,"street":0},{"player":5,"type":"R","amount":1885000,"street":0},{"player":2,"type":"C","amount":1685000,"street":0}],"actions":[{"type":"F","amount":0},{"type":"C","amount":885000}],"hands":{"22":{"weight":2.0E-4,"played":[0.997,0.003],"evs":[0.0,-0.45652]},"32o":{"weight":0.0,"played":[1.0,0.0],"evs":[0.0,-2.60766]},"42o":{"weight":0.0,"played":[1.0,0.0],"evs":[0.0,-2.5934]},"52o":{"weight":0.0,"played":[1.0,0.0],"evs":[0.0,-2.38348]},"62o":{"weight":0.0,"played":[1.0,0.0],"evs":[0.0,-2.60223]},"72o":{"weight":0.0,"played":[1.0,0.0],"evs":[0.0,-2.87762]},"82o":{"weight":0.0,"played":[1.0,0.0],"evs":[0.0,-2.69892]},"92o":{"weight":0.0,"played":[1.0,0.0],"evs":[0.0,-2.59881]},"T2o":{"weight":0.0,"played":[1.0,0.0],"evs":[0.0,-2.41242]},"J2o":{"weight":0.0,"played":[1.0,0.0],"evs":[0.0,-2.41372]},"Q2o":{"weight":0.0,"played":[1.0,0.0],"evs":[0.0,-2.1775]},"K2o":{"weight":0.0,"played":[1.0,0.0],"evs":[0.0,-2.32935]},"A2o":{"weight":0.2513,"played":[1.0,0.0],"evs":[0.0,-1.77783]},"32s":{"weight":0.0,"played":[1.0,0.0],"evs":[0.0,-1.56886]},"33":{"weight":0.9999,"played":[0.7529,0.2471],"evs":[0.0,-0.0541]},"43o":{"weight":0.0,"played":[1.0,0.0],"evs":[0.0,-2.11058]},"53o":{"weight":0.0,"played":[1.0,0.0],"evs":[0.0,-1.93051]},"63o":{"weight":0.0,"played":[1.0,0.0],"evs":[0.0,-2.15863]},"73o":{"weight":0.0,"played":[1.0,0.0],"evs":[0.0,-2.35659]},"83o":{"weight":0.0,"played":[1.0,0.0],"evs":[0.0,-2.67105]},"93o":{"weight":0.0,"played":[1.0,0.0],"evs":[0.0,-2.54079]},"T3o":{"weight":0.0,"played":[1.0,0.0],"evs":[0.0,-2.23451]},"J3o":{"weight":0.0,"played":[1.0,0.0],"evs":[0.0,-2.37106]},"Q3o":{"weight":0.0,"played":[1.0,0.0],"evs":[0.0,-2.17806]},"K3o":{"weight":0.0,"played":[1.0,0.0],"evs":[0.0,-2.2213]},"A3o":{"weight":1.0,"played":[1.0,0.0],"evs":[0.0,-1.68913]},"42s":{"weight":0.0,"played":[1.0,0.0],"evs":[0.0,-1.54156]},"43s":{"weight":0.0,"played":[0.9999,1.0E-4],"evs":[0.0,-1.03248]},"44":{"weight":1.0,"played":[0.0,1.0],"evs":[0.0,0.16426]},"54o":{"weight":0.0,"played":[1.0,0.0],"evs":[0.0,-1.54675]},"64o":{"weight":0.0,"played":[1.0,0.0],"evs":[0.0,-1.85873]},"74o":{"weight":0.0,"played":[1.0,0.0],"evs":[0.0,-2.08846]},"84o":{"weight":0.0,"played":[1.0,0.0],"evs":[0.0,-2.35327]},"94o":{"weight":0.0,"played":[1.0,0.0],"evs":[0.0,-2.53643]},"T4o":{"weight":0.0,"played":[1.0,0.0],"evs":[0.0,-2.27294]},"J4o":{"weight":0.0,"played":[1.0,0.0],"evs":[0.0,-2.30132]},"Q4o":{"weight":0.0,"played":[1.0,0.0],"evs":[0.0,-2.08808]},"K4o":{"weight":0.0,"played":[1.0,0.0],"evs":[0.0,-2.259]},"A4o":{"weight":0.959,"played":[1.0,0.0],"evs":[0.0,-1.56219]},"52s":{"weight":0.0,"played":[1.0,0.0],"evs":[0.0,-1.27928]},"53s":{"weight":0.0,"played":[1.0,0.0],"evs":[0.0,-0.8164]},"54s":{"weight":0.0,"played":[0.9999,1.0E-4],"evs":[0.0,-0.57837]},"55":{"weight":0.9999,"played":[0.0,1.0],"evs":[0.0,0.72051]},"65o":{"weight":0.0,"played":[1.0,0.0],"evs":[0.0,-1.31421]},"75o":{"weight":0.0,"played":[1.0,0.0],"evs":[0.0,-1.48335]},"85o":{"weight":0.0,"played":[1.0,0.0],"evs":[0.0,-1.74957]},"95o":{"weight":0.0,"played":[1.0,0.0],"evs":[0.0,-1.86614]},"T5o":{"weight":0.0,"played":[1.0,0.0],"evs":[0.0,-2.06307]},"J5o":{"weight":0.0,"played":[1.0,0.0],"evs":[0.0,-1.99308]},"Q5o":{"weight":0.0,"played":[1.0,0.0],"evs":[0.0,-1.76867]},"K5o":{"weight":0.0,"played":[1.0,0.0],"evs":[0.0,-1.95795]},"A5o":{"weight":5.0E-4,"played":[0.9999,1.0E-4],"evs":[0.0,-1.27581]},"62s":{"weight":0.0,"played":[1.0,0.0],"evs":[0.0,-1.56259]},"63s":{"weight":0.0,"played":[1.0,0.0],"evs":[0.0,-1.13055]},"64s":{"weight":0.0,"played":[1.0,0.0],"evs":[0.0,-0.90488]},"65s":{"weight":0.0,"played":[0.971,0.029],"evs":[0.0,-0.24149]},"66":{"weight":0.2774,"played":[0.0,1.0],"evs":[0.0,0.99836]},"76o":{"weight":0.0,"played":[1.0,0.0],"evs":[0.0,-1.23665]},"86o":{"weight":0.0,"played":[1.0,0.0],"evs":[0.0,-1.37438]},"96o":{"weight":0.0,"played":[1.0,0.0],"evs":[0.0,-1.5639]},"T6o":{"weight":0.0,"played":[1.0,0.0],"evs":[0.0,-1.688]},"J6o":{"weight":0.0,"played":[1.0,0.0],"evs":[0.0,-2.01971]},"Q6o":{"weight":0.0,"played":[1.0,0.0],"evs":[0.0,-1.78032]},"K6o":{"weight":0.0,"played":[1.0,0.0],"evs":[0.0,-1.87644]},"A6o":{"weight":0.0159,"played":[1.0,0.0],"evs":[0.0,-1.46929]},"72s":{"weight":0.0,"played":[1.0,0.0],"evs":[0.0,-1.72064]},"73s":{"weight":0.0,"played":[0.9999,1.0E-4],"evs":[0.0,-1.35514]},"74s":{"weight":0.0,"played":[1.0,0.0],"evs":[0.0,-1.21857]},"75s":{"weight":0.0,"played":[1.0,0.0],"evs":[0.0,-0.51741]},"76s":{"weight":2.0E-4,"played":[0.9927,0.0073],"evs":[0.0,-0.07572]},"77":{"weight":0.0,"played":[0.0,1.0],"evs":[0.0,1.58829]},"87o":{"weight":0.0,"played":[1.0,0.0],"evs":[0.0,-1.01006]},"97o":{"weight":0.0,"played":[1.0,0.0],"evs":[0.0,-1.10834]},"T7o":{"weight":0.0,"played":[1.0,0.0],"evs":[0.0,-1.2281]},"J7o":{"weight":0.0,"played":[1.0,0.0],"evs":[0.0,-1.56805]},"Q7o":{"weight":0.0,"played":[1.0,0.0],"evs":[0.0,-1.62776]},"K7o":{"weight":0.0,"played":[1.0,0.0],"evs":[0.0,-1.65082]},"A7o":{"weight":0.0,"played":[0.9999,1.0E-4],"evs":[0.0,-1.0907]},"82s":{"weight":0.0,"played":[1.0,0.0],"evs":[0.0,-1.55886]},"83s":{"weight":0.0,"played":[1.0,0.0],"evs":[0.0,-1.48793]},"84s":{"weight":0.0,"played":[1.0,0.0],"evs":[0.0,-1.29438]},"85s":{"weight":0.0,"played":[1.0,0.0],"evs":[0.0,-0.74588]},"86s":{"weight":0.0,"played":[0.9993,7.0E-4],"evs":[0.0,-0.29402]},"87s":{"weight":1.0E-4,"played":[0.2504,0.7496],"evs":[0.0,0.06058]},"88":{"weight":0.0,"played":[0.0,1.0],"evs":[0.0,2.15678]},"98o":{"weight":0.0,"played":[1.0,0.0],"evs":[0.0,-0.91764]},"T8o":{"weight":0.0,"played":[1.0,0.0],"evs":[0.0,-0.82217]},"J8o":{"weight":0.0,"played":[1.0,0.0],"evs":[0.0,-1.21139]},"Q8o":{"weight":0.0,"played":[1.0,0.0],"evs":[0.0,-1.24101]},"K8o":{"weight":0.0,"played":[1.0,0.0],"evs":[0.0,-1.55368]},"A8o":{"weight":0.0,"played":[0.9992,8.0E-4],"evs":[0.0,-0.75761]},"92s":{"weight":0.0,"played":[1.0,0.0],"evs":[0.0,-1.618]},"93s":{"weight":0.0,"played":[1.0,0.0],"evs":[0.0,-1.49742]},"94s":{"weight":0.0,"played":[1.0,0.0],"evs":[0.0,-1.39601]},"95s":{"weight":0.0,"played":[1.0,0.0],"evs":[0.0,-0.91391]},"96s":{"weight":0.0,"played":[1.0,0.0],"evs":[0.0,-0.58004]},"97s":{"weight":0.0,"played":[0.8868,0.1132],"evs":[0.0,0.00696]},"98s":{"weight":0.0,"played":[0.1429,0.8571],"evs":[0.0,0.11959]},"99":{"weight":0.0,"played":[0.0,1.0],"evs":[0.0,2.94616]},"T9o":{"weight":0.0,"played":[0.9998,2.0E-4],"evs":[0.0,-0.46728]},"J9o":{"weight":0.0,"played":[1.0,0.0],"evs":[0.0,-0.81066]},"Q9o":{"weight":0.0,"played":[1.0,0.0],"evs":[0.0,-0.8088]},"K9o":{"weight":4.0E-4,"played":[1.0,0.0],"evs":[0.0,-1.15546]},"A9o":{"weight":0.0,"played":[0.998,0.002],"evs":[0.0,-0.42231]},"T2s":{"weight":0.0,"played":[1.0,0.0],"evs":[0.0,-1.28622]},"T3s":{"weight":0.0,"played":[1.0,0.0],"evs":[0.0,-1.22193]},"T4s":{"weight":0.0,"played":[1.0,0.0],"evs":[0.0,-1.16866]},"T5s":{"weight":0.0,"played":[1.0,0.0],"evs":[0.0,-0.98753]},"T6s":{"weight":0.0,"played":[0.9998,2.0E-4],"evs":[0.0,-0.53068]},"T7s":{"weight":0.0,"played":[0.9992,8.0E-4],"evs":[0.0,-0.10513]},"T8s":{"weight":4.0E-4,"played":[0.0654,0.9346],"evs":[0.0,0.20087]},"T9s":{"weight":1.0,"played":[0.0,1.0],"evs":[0.0,0.62072]},"TT":{"weight":0.0,"played":[0.0,1.0],"evs":[0.0,4.15055]},"JTo":{"weight":0.0238,"played":[0.9984,0.0016],"evs":[0.0,-0.15619]},"QTo":{"weight":0.9999,"played":[0.9993,7.0E-4],"evs":[0.0,-0.22948]},"KTo":{"weight":0.0,"played":[0.9999,1.0E-4],"evs":[0.0,-0.33389]},"ATo":{"weight":0.0,"played":[0.0,1.0],"evs":[0.0,0.71172]},"J2s":{"weight":0.0,"played":[1.0,0.0],"evs":[0.0,-1.22776]},"J3s":{"weight":0.0,"played":[1.0,0.0],"evs":[0.0,-1.11484]},"J4s":{"weight":0.0,"played":[0.9999,1.0E-4],"evs":[0.0,-1.26559]},"J5s":{"weight":0.0,"played":[0.9999,1.0E-4],"evs":[0.0,-0.95708]},"J6s":{"weight":0.0,"played":[1.0,0.0],"evs":[0.0,-0.97491]},"J7s":{"weight":0.0,"played":[0.9996,4.0E-4],"evs":[0.0,-0.46717]},"J8s":{"weight":0.0,"played":[0.9985,0.0015],"evs":[0.0,-0.15717]},"J9s":{"weight":0.9986,"played":[0.0251,0.9749],"evs":[0.0,0.34012]},"JTs":{"weight":1.0,"played":[0.0,1.0],"evs":[0.0,0.82495]},"JJ":{"weight":0.0,"played":[0.0,1.0],"evs":[0.0,5.23661]},"QJo":{"weight":1.0,"played":[0.999,0.001],"evs":[0.0,-0.18886]},"KJo":{"weight":0.0,"played":[0.169,0.831],"evs":[0.0,0.05704]},"AJo":{"weight":0.0,"played":[0.0,1.0],"evs":[0.0,1.43293]},"Q2s":{"weight":0.0,"played":[1.0,0.0],"evs":[0.0,-1.09403]},"Q3s":{"weight":0.0,"played":[1.0,0.0],"evs":[0.0,-1.0138]},"Q4s":{"weight":0.0,"played":[1.0,0.0],"evs":[0.0,-0.98529]},"Q5s":{"weight":0.0,"played":[0.9999,1.0E-4],"evs":[0.0,-0.72849]},"Q6s":{"weight":0.0,"played":[0.9998,2.0E-4],"evs":[0.0,-0.68111]},"Q7s":{"weight":0.0,"played":[0.9999,1.0E-4],"evs":[0.0,-0.56687]},"Q8s":{"weight":0.0051,"played":[0.9975,0.0025],"evs":[0.0,-0.20707]},"Q9s":{"weight":1.0,"played":[6.0E-4,0.9994],"evs":[0.0,0.19148]},"QTs":{"weight":1.0,"played":[0.0,1.0],"evs":[0.0,0.73643]},"QJs":{"weight":0.001,"played":[0.0,1.0],"evs":[0.0,0.83311]},"QQ":{"weight":0.0,"played":[0.0,1.0],"evs":[0.0,6.72869]},"KQo":{"weight":0.0,"played":[0.0,1.0],"evs":[0.0,0.53238]},"AQo":{"weight":0.0,"played":[0.0,1.0],"evs":[0.0,2.31319]},"K2s":{"weight":0.0,"played":[1.0,0.0],"evs":[0.0,-1.17536]},"K3s":{"weight":0.0,"played":[1.0,0.0],"evs":[0.0,-1.11769]},"K4s":{"weight":1.0E-4,"played":[1.0,0.0],"evs":[0.0,-1.13738]},"K5s":{"weight":0.0265,"played":[1.0,0.0],"evs":[0.0,-0.73533]},"K6s":{"weight":0.9918,"played":[1.0,0.0],"evs":[0.0,-0.7739]},"K7s":{"weight":1.0,"played":[1.0,0.0],"evs":[0.0,-0.6102]},"K8s":{"weight":1.0,"played":[0.9998,2.0E-4],"evs":[0.0,-0.5353]},"K9s":{"weight":0.0219,"played":[0.4422,0.5578],"evs":[0.0,0.01612]},"KTs":{"weight":0.0,"played":[0.0,1.0],"evs":[0.0,0.66499]},"KJs":{"weight":0.0,"played":[0.0,1.0],"evs":[0.0,0.98111]},"KQs":{"weight":0.0,"played":[0.0,1.0],"evs":[0.0,1.48822]},"KK":{"weight":0.0,"played":[0.0,1.0],"evs":[0.0,9.06392]},"AKo":{"weight":0.0,"played":[0.0,1.0],"evs":[0.0,3.80405]},"A2s":{"weight":0.0,"played":[0.9999,1.0E-4],"evs":[0.0,-0.61977]},"A3s":{"weight":0.0,"played":[0.9993,7.0E-4],"evs":[0.0,-0.65936]},"A4s":{"weight":0.0,"played":[0.9988,0.0012],"evs":[0.0,-0.39083]},"A5s":{"weight":0.0,"played":[0.9728,0.0272],"evs":[0.0,-0.09629]},"A6s":{"weight":0.0,"played":[0.9982,0.0018],"evs":[0.0,-0.26044]},"A7s":{"weight":0.0,"played":[0.5393,0.4607],"evs":[0.0,-0.0282]},"A8s":{"weight":0.0,"played":[0.0,1.0],"evs":[0.0,0.39169]},"A9s":{"weight":0.0,"played":[0.0,1.0],"evs":[0.0,0.82342]},"ATs":{"weight":0.0,"played":[0.0,1.0],"evs":[0.0,1.75452]},"AJs":{"weight":0.0,"played":[0.0,1.0],"evs":[0.0,2.29286]},"AQs":{"weight":0.0,"played":[0.0,1.0],"evs":[0.0,3.13173]},"AKs":{"weight":0.0,"played":[0.0,1.0],"evs":[0.0,4.69564]},"AA":{"weight":0.0,"played":[0.0,1.0],"evs":[0.0,13.16996]}}}