{"player":5,"street":0,"children":3,"sequence":[{"player":0,"type":"R","amount":200000,"street":0},{"player":1,"type":"F","amount":0,"street":0},{"player":2,"type":"F","amount":0,"street":0},{"player":3,"type":"F","amount":0,"street":0},{"player":4,"type":"C","amount":150000,"street":0}],"actions":[{"type":"F","amount":0},{"type":"C","amount":100000},{"type":"R","amount":1985000,"node":205}],"hands":{"22":{"weight":1.0,"played":[0.0,1.0,0.0],"evs":[0.0,1.17493,0.36511]},"32o":{"weight":1.0,"played":[0.0029,0.9971,0.0],"evs":[0.0,0.06387,-3.84212]},"42o":{"weight":1.0,"played":[0.0012,0.9988,0.0],"evs":[0.0,0.12447,-3.49647]},"52o":{"weight":1.0,"played":[0.0018,0.9982,0.0],"evs":[0.0,0.13793,-3.36764]},"62o":{"weight":1.0,"played":[0.002,0.998,0.0],"evs":[0.0,0.04511,-3.6636]},"72o":{"weight":1.0,"played":[1.0,0.0,0.0],"evs":[0.0,-0.09741,-4.17323]},"82o":{"weight":1.0,"played":[1.0,0.0,0.0],"evs":[0.0,-0.06449,-3.98003]},"92o":{"weight":1.0,"played":[1.0,0.0,0.0],"evs":[0.0,-0.03019,-3.75003]},"T2o":{"weight":1.0,"played":[1.0,0.0,0.0],"evs":[0.0,-0.12755,-3.94195]},"J2o":{"weight":1.0,"played":[0.843,0.157,0.0],"evs":[0.0,-0.01205,-3.39025]},"Q2o":{"weight":1.0,"played":[0.0012,0.9988,0.0],"evs":[0.0,0.03354,-2.94114]},"K2o":{"weight":1.0,"played":[1.0E-4,0.9999,0.0],"evs":[0.0,0.17518,-1.87515]},"A2o":{"weight":1.0,"played":[0.0,1.0,0.0],"evs":[0.0,0.49597,-0.06446]},"32s":{"weight":1.0,"played":[0.0,1.0,0.0],"evs":[0.0,0.47243,-2.59989]},"33":{"weight":1.0,"played":[0.0,1.0,0.0],"evs":[0.0,1.24254,1.05854]},"43o":{"weight":1.0,"played":[7.0E-4,0.9993,0.0],"evs":[0.0,0.24875,-2.90112]},"53o":{"weight":1.0,"played":[1.0E-4,0.9999,0.0],"evs":[0.0,0.285,-2.73043]},"63o":{"weight":1.0,"played":[1.0E-4,0.9999,0.0],"evs":[0.0,0.20753,-3.03977]},"73o":{"weight":1.0,"played":[0.0033,0.9967,0.0],"evs":[0.0,0.02973,-3.49702]},"83o":{"weight":1.0,"played":[1.0,0.0,0.0],"evs":[0.0,-0.05053,-3.83529]},"93o":{"weight":1.0,"played":[0.4645,0.5355,0.0],"evs":[0.0,-0.00911,-3.59829]},"T3o":{"weight":1.0,"played":[1.0,0.0,0.0],"evs":[0.0,-0.11792,-3.71396]},"J3o":{"weight":1.0,"played":[0.1977,0.8023,0.0],"evs":[0.0,0.03022,-3.13128]},"Q3o":{"weight":1.0,"played":[0.0036,0.9964,0.0],"evs":[0.0,0.05571,-2.73354]},"K3o":{"weight":1.0,"played":[0.0,1.0,0.0],"evs":[0.0,0.21217,-1.6675]},"A3o":{"weight":1.0,"played":[0.0,1.0,0.0],"evs":[0.0,0.54052,0.16691]},"42s":{"weight":1.0,"played":[0.0,1.0,0.0],"evs":[0.0,0.51626,-2.30562]},"43s":{"weight":1.0,"played":[0.0,1.0,0.0],"evs":[0.0,0.65948,-1.65035]},"44":{"weight":1.0,"played":[0.0,0.0,1.0],"evs":[0.0,1.323,2.02991]},"54o":{"weight":1.0,"played":[0.0,1.0,0.0],"evs":[0.0,0.42157,-2.15599]},"64o":{"weight":1.0,"played":[1.0E-4,0.9999,0.0],"evs":[0.0,0.33126,-2.40206]},"74o":{"weight":1.0,"played":[4.0E-4,0.9996,0.0],"evs":[0.0,0.1513,-2.91234]},"84o":{"weight":1.0,"played":[0.001,0.999,0.0],"evs":[0.0,0.07389,-3.14329]},"94o":{"weight":1.0,"played":[0.4376,0.5624,0.0],"evs":[0.0,-0.00382,-3.42586]},"T4o":{"weight":1.0,"played":[1.0,0.0,0.0],"evs":[0.0,-0.07929,-3.40828]},"J4o":{"weight":1.0,"played":[0.0437,0.9563,0.0],"evs":[0.0,0.05667,-2.82392]},"Q4o":{"weight":1.0,"played":[4.0E-4,0.9996,0.0],"evs":[0.0,0.08647,-2.4345]},"K4o":{"weight":1.0,"played":[0.0,1.0,0.0],"evs":[0.0,0.25157,-1.38653]},"A4o":{"weight":1.0,"played":[0.0,0.9993,7.0E-4],"evs":[0.0,0.62372,0.48441]},"52s":{"weight":1.0,"played":[4.0E-4,0.9996,0.0],"evs":[0.0,0.50335,-2.10759]},"53s":{"weight":1.0,"played":[0.0,1.0,0.0],"evs":[0.0,0.67333,-1.54964]},"54s":{"weight":1.0,"played":[0.0,1.0,0.0],"evs":[0.0,0.85422,-0.93248]},"55":{"weight":1.0,"played":[0.0,0.0,1.0],"evs":[0.0,1.38212,2.6964]},"65o":{"weight":1.0,"played":[1.0E-4,0.9999,0.0],"evs":[0.0,0.42431,-1.93379]},"75o":{"weight":1.0,"played":[1.0E-4,0.9999,0.0],"evs":[0.0,0.2932,-2.34538]},"85o":{"weight":1.0,"played":[8.0E-4,0.9992,0.0],"evs":[0.0,0.14679,-2.70489]},"95o":{"weight":1.0,"played":[0.0012,0.9988,0.0],"evs":[0.0,0.10918,-2.87578]},"T5o":{"weight":1.0,"played":[1.0,0.0,0.0],"evs":[0.0,-0.10756,-3.38355]},"J5o":{"weight":1.0,"played":[0.6446,0.3554,0.0],"evs":[0.0,0.01672,-2.70316]},"Q5o":{"weight":1.0,"played":[3.0E-4,0.9997,0.0],"evs":[0.0,0.06426,-2.31699]},"K5o":{"weight":1.0,"played":[8.0E-4,0.9992,0.0],"evs":[0.0,0.24407,-1.19686]},"A5o":{"weight":1.0,"played":[0.0,0.3932,0.6068],"evs":[0.0,0.70469,0.70138]},"62s":{"weight":1.0,"played":[0.0,1.0,0.0],"evs":[0.0,0.45435,-2.37635]},"63s":{"weight":1.0,"played":[0.0,1.0,0.0],"evs":[0.0,0.62103,-1.87587]},"64s":{"weight":1.0,"played":[0.0,1.0,0.0],"evs":[0.0,0.71389,-1.25086]},"65s":{"weight":1.0,"played":[0.0,1.0,0.0],"evs":[0.0,0.8618,-0.70872]},"66":{"weight":1.0,"played":[0.0,0.0,1.0],"evs":[0.0,1.55304,3.33852]},"76o":{"weight":1.0,"played":[0.0,1.0,0.0],"evs":[0.0,0.40374,-1.84434]},"86o":{"weight":1.0,"played":[0.0,1.0,0.0],"evs":[0.0,0.36028,-2.02243]},"96o":{"weight":1.0,"played":[3.0E-4,0.9997,0.0],"evs":[0.0,0.28735,-2.28973]},"T6o":{"weight":1.0,"played":[0.0023,0.9977,0.0],"evs":[0.0,0.08415,-2.67679]},"J6o":{"weight":1.0,"played":[0.004,0.996,0.0],"evs":[0.0,0.12445,-2.53527]},"Q6o":{"weight":1.0,"played":[0.0,1.0,0.0],"evs":[0.0,0.14089,-2.0812]},"K6o":{"weight":1.0,"played":[0.0,1.0,0.0],"evs":[0.0,0.37,-0.90472]},"A6o":{"weight":1.0,"played":[0.0,0.7096,0.2904],"evs":[0.0,0.64967,0.58145]},"72s":{"weight":1.0,"played":[2.0E-4,0.9998,0.0],"evs":[0.0,0.24978,-2.84457]},"73s":{"weight":1.0,"played":[3.0E-4,0.9997,0.0],"evs":[0.0,0.44648,-2.29527]},"74s":{"weight":1.0,"played":[0.0,1.0,0.0],"evs":[0.0,0.57811,-1.65046]},"75s":{"weight":1.0,"played":[0.0,1.0,0.0],"evs":[0.0,0.69541,-1.12237]},"76s":{"weight":1.0,"played":[0.0,1.0,0.0],"evs":[0.0,0.80481,-0.71683]},"77":{"weight":1.0,"played":[0.0,0.0,1.0],"evs":[0.0,1.54925,3.75879]},"87o":{"weight":1.0,"played":[0.0,1.0,0.0],"evs":[0.0,0.38123,-1.84875]},"97o":{"weight":1.0,"played":[2.0E-4,0.9998,0.0],"evs":[0.0,0.34612,-2.00464]},"T7o":{"weight":1.0,"played":[4.0E-4,0.9996,0.0],"evs":[0.0,0.1542,-2.46439]},"J7o":{"weight":1.0,"played":[6.0E-4,0.9994,0.0],"evs":[0.0,0.15456,-2.28319]},"Q7o":{"weight":1.0,"played":[1.0E-4,0.9999,0.0],"evs":[0.0,0.12241,-2.16906]},"K7o":{"weight":1.0,"played":[0.0,1.0,0.0],"evs":[0.0,0.34756,-1.03027]},"A7o":{"weight":1.0,"played":[0.0,0.0,1.0],"evs":[0.0,0.72809,0.92529]},"82s":{"weight":1.0,"played":[1.0E-4,0.9999,0.0],"evs":[0.0,0.32727,-2.65083]},"83s":{"weight":1.0,"played":[4.0E-4,0.9996,0.0],"evs":[0.0,0.35718,-2.53561]},"84s":{"weight":1.0,"played":[1.0E-4,0.9999,0.0],"evs":[0.0,0.49643,-1.96747]},"85s":{"weight":1.0,"played":[0.0,1.0,0.0],"evs":[0.0,0.6077,-1.40895]},"86s":{"weight":1.0,"played":[0.0,1.0,0.0],"evs":[0.0,0.78361,-0.83037]},"87s":{"weight":1.0,"played":[0.0,1.0,0.0],"evs":[0.0,0.78594,-0.71359]},"88":{"weight":1.0,"played":[0.0,0.0,1.0],"evs":[0.0,1.79988,4.59825]},"98o":{"weight":1.0,"played":[1.0E-4,0.9999,0.0],"evs":[0.0,0.44089,-1.59907]},"T8o":{"weight":1.0,"played":[0.0,1.0,0.0],"evs":[0.0,0.2903,-1.90334]},"J8o":{"weight":1.0,"played":[0.0,1.0,0.0],"evs":[0.0,0.29999,-1.765]},"Q8o":{"weight":1.0,"played":[0.0,1.0,0.0],"evs":[0.0,0.28821,-1.62376]},"K8o":{"weight":1.0,"played":[0.0,1.0,0.0],"evs":[0.0,0.48677,-0.83697]},"A8o":{"weight":1.0,"played":[0.0,0.0,1.0],"evs":[0.0,0.9691,1.70588]},"92s":{"weight":1.0,"played":[0.0,1.0,0.0],"evs":[0.0,0.3787,-2.45398]},"93s":{"weight":1.0,"played":[1.0E-4,0.9999,0.0],"evs":[0.0,0.39603,-2.22886]},"94s":{"weight":1.0,"played":[1.0E-4,0.9999,0.0],"evs":[0.0,0.44026,-2.03244]},"95s":{"weight":1.0,"played":[2.0E-4,0.9998,0.0],"evs":[0.0,0.52542,-1.56635]},"96s":{"weight":1.0,"played":[1.0E-4,0.9999,0.0],"evs":[0.0,0.74157,-1.02382]},"97s":{"weight":1.0,"played":[1.0E-4,0.9999,0.0],"evs":[0.0,0.77869,-0.86022]},"98s":{"weight":1.0,"played":[0.0,1.0,0.0],"evs":[0.0,0.88415,-0.41073]},"99":{"weight":1.0,"played":[0.0,0.0,1.0],"evs":[0.0,2.03872,5.84847]},"T9o":{"weight":1.0,"played":[0.0,1.0,0.0],"evs":[0.0,0.48674,-1.32411]},"J9o":{"weight":1.0,"played":[0.0,1.0,0.0],"evs":[0.0,0.50598,-1.11058]},"Q9o":{"weight":1.0,"played":[0.0,1.0,0.0],"evs":[0.0,0.47444,-0.97894]},"K9o":{"weight":1.0,"played":[0.0,1.0,0.0],"evs":[0.0,0.68461,-0.06878]},"A9o":{"weight":1.0,"played":[0.0,0.0,1.0],"evs":[0.0,1.17738,2.55915]},"T2s":{"weight":1.0,"played":[5.0E-4,0.9995,0.0],"evs":[0.0,0.29131,-2.59435]},"T3s":{"weight":1.0,"played":[0.0,1.0,0.0],"evs":[0.0,0.33578,-2.36784]},"T4s":{"weight":1.0,"played":[4.0E-4,0.9996,0.0],"evs":[0.0,0.34263,-2.0803]},"T5s":{"weight":1.0,"played":[2.0E-4,0.9998,0.0],"evs":[0.0,0.36537,-2.03454]},"T6s":{"weight":1.0,"played":[2.0E-4,0.9998,0.0],"evs":[0.0,0.51205,-1.50325]},"T7s":{"weight":1.0,"played":[1.0E-4,0.9999,0.0],"evs":[0.0,0.55649,-1.21934]},"T8s":{"weight":1.0,"played":[0.0,1.0,0.0],"evs":[0.0,0.75209,-0.73659]},"T9s":{"weight":1.0,"played":[0.0,1.0,0.0],"evs":[0.0,0.90409,-0.10111]},"TT":{"weight":1.0,"played":[0.0,0.0,1.0],"evs":[0.0,2.45096,7.1523]},"JTo":{"weight":1.0,"played":[0.0,1.0,0.0],"evs":[0.0,0.61093,-0.57965]},"QTo":{"weight":1.0,"played":[0.0,1.0,0.0],"evs":[0.0,0.70398,-0.33908]},"KTo":{"weight":1.0,"played":[0.0,1.0,0.0],"evs":[0.0,1.0405,0.65826]},"ATo":{"weight":1.0,"played":[0.0,0.0,1.0],"evs":[0.0,1.69469,3.68957]},"J2s":{"weight":1.0,"played":[1.0E-4,0.9999,0.0],"evs":[0.0,0.41392,-2.14358]},"J3s":{"weight":1.0,"played":[1.0E-4,0.9999,0.0],"evs":[0.0,0.45924,-1.83594]},"J4s":{"weight":1.0,"played":[1.0E-4,0.9999,0.0],"evs":[0.0,0.49906,-1.57555]},"J5s":{"weight":1.0,"played":[1.0E-4,0.9999,0.0],"evs":[0.0,0.47972,-1.49841]},"J6s":{"weight":1.0,"played":[0.0,1.0,0.0],"evs":[0.0,0.5951,-1.21733]},"J7s":{"weight":1.0,"played":[0.0,1.0,0.0],"evs":[0.0,0.66675,-0.91868]},"J8s":{"weight":1.0,"played":[0.0,1.0,0.0],"evs":[0.0,0.79964,-0.54348]},"J9s":{"weight":1.0,"played":[0.0,1.0,0.0],"evs":[0.0,0.98741,-0.06757]},"JTs":{"weight":1.0,"played":[0.0,1.0,0.0],"evs":[0.0,1.12942,0.50275]},"JJ":{"weight":1.0,"played":[0.0,0.0,1.0],"evs":[0.0,3.59225,8.83804]},"QJo":{"weight":1.0,"played":[0.0,1.0,0.0],"evs":[0.0,1.10403,0.5157]},"KJo":{"weight":1.0,"played":[0.0,0.4737,0.5263],"evs":[0.0,1.43329,1.47407]},"AJo":{"weight":1.0,"played":[0.0,0.0,1.0],"evs":[0.0,2.05567,4.82804]},"Q2s":{"weight":1.0,"played":[1.0E-4,0.9999,0.0],"evs":[0.0,0.51155,-1.57694]},"Q3s":{"weight":1.0,"played":[1.0E-4,0.9999,0.0],"evs":[0.0,0.51272,-1.44145]},"Q4s":{"weight":1.0,"played":[0.0,1.0,0.0],"evs":[0.0,0.58988,-1.10783]},"Q5s":{"weight":1.0,"played":[0.0,1.0,0.0],"evs":[0.0,0.60634,-0.93343]},"Q6s":{"weight":1.0,"played":[0.0,1.0,0.0],"evs":[0.0,0.6642,-0.70471]},"Q7s":{"weight":1.0,"played":[0.0,1.0,0.0],"evs":[0.0,0.63206,-0.92906]},"Q8s":{"weight":1.0,"played":[0.0,1.0,0.0],"evs":[0.0,0.80178,-0.38996]},"Q9s":{"weight":1.0,"played":[0.0,1.0,0.0],"evs":[0.0,0.97968,0.12461]},"QTs":{"weight":1.0,"played":[0.0,1.0,0.0],"evs":[0.0,1.20747,0.85045]},"QJs":{"weight":1.0,"played":[0.0,0.7055,0.2945],"evs":[0.0,1.62256,1.55255]},"QQ":{"weight":1.0,"played":[0.0,0.0,1.0],"evs":[0.0,4.75428,10.57078]},"KQo":{"weight":1.0,"played":[0.0,0.0,1.0],"evs":[0.0,1.78858,2.24593]},"AQo":{"weight":1.0,"played":[0.0,0.0,1.0],"evs":[0.0,2.5057,5.78727]},"K2s":{"weight":1.0,"played":[0.0,1.0,0.0],"evs":[0.0,0.70675,-0.65761]},"K3s":{"weight":1.0,"played":[0.0,1.0,0.0],"evs":[0.0,0.7367,-0.43908]},"K4s":{"weight":1.0,"played":[0.0,1.0,0.0],"evs":[0.0,0.84535,-0.00477]},"K5s":{"weight":1.0,"played":[0.0,1.0,0.0],"evs":[0.0,0.83259,0.07054]},"K6s":{"weight":1.0,"played":[0.0,1.0,0.0],"evs":[0.0,0.90415,0.22919]},"K7s":{"weight":1.0,"played":[1.0E-4,0.9999,0.0],"evs":[0.0,0.91735,0.29319]},"K8s":{"weight":1.0,"played":[0.0,1.0,0.0],"evs":[0.0,1.01064,0.37656]},"K9s":{"weight":1.0,"played":[0.0,0.9916,0.0084],"evs":[0.0,1.23682,1.13252]},"KTs":{"weight":1.0,"played":[0.0,0.0292,0.9708],"evs":[0.0,1.63891,1.83951]},"KJs":{"weight":1.0,"played":[0.0,0.0,1.0],"evs":[0.0,2.06098,2.69233]},"KQs":{"weight":1.0,"played":[0.0,0.0,1.0],"evs":[0.0,2.28944,3.28958]},"KK":{"weight":1.0,"played":[0.0,0.0,1.0],"evs":[0.0,6.45985,12.46481]},"AKo":{"weight":1.0,"played":[0.0,0.0,1.0],"evs":[0.0,3.03377,6.72232]},"A2s":{"weight":1.0,"played":[0.0,0.6586,0.3414],"evs":[0.0,1.10479,1.04497]},"A3s":{"weight":1.0,"played":[0.0,0.0012,0.9988],"evs":[0.0,1.23179,1.35371]},"A4s":{"weight":1.0,"played":[0.0,2.0E-4,0.9998],"evs":[0.0,1.25844,1.64744]},"A5s":{"weight":1.0,"played":[0.0,0.0,1.0],"evs":[0.0,1.35891,1.87411]},"A6s":{"weight":1.0,"played":[0.0,0.0,1.0],"evs":[0.0,1.31796,1.74766]},"A7s":{"weight":1.0,"played":[0.0,0.0,1.0],"evs":[0.0,1.47109,2.18579]},"A8s":{"weight":1.0,"played":[0.0,0.0,1.0],"evs":[0.0,1.65127,2.73595]},"A9s":{"weight":1.0,"played":[0.0,0.0,1.0],"evs":[0.0,1.84147,3.66356]},"ATs":{"weight":1.0,"played":[0.0,0.0,1.0],"evs":[0.0,2.33983,4.63909]},"AJs":{"weight":1.0,"played":[0.0,0.0,1.0],"evs":[0.0,2.72602,5.74285]},"AQs":{"weight":1.0,"played":[0.0,0.0,1.0],"evs":[0.0,3.14996,6.45648]},"AKs":{"weight":1.0,"played":[0.0,0.0,1.0],"evs":[0.0,3.63902,7.54544]},"AA":{"weight":1.0,"played":[0.0,0.0,1.0],"evs":[0.0,8.89762,15.37632]}}}