{"player":4,"street":0,"children":2,"sequence":[{"player":0,"type":"R","amount":200000,"street":0},{"player":1,"type":"F","amount":0,"street":0},{"player":2,"type":"F","amount":0,"street":0},{"player":3,"type":"F","amount":0,"street":0},{"player":4,"type":"C","amount":150000,"street":0},{"player":5,"type":"R","amount":1985000,"street":0},{"player":0,"type":"C","amount":1785000,"street":0}],"actions":[{"type":"F","amount":0},{"type":"C","amount":885000}],"hands":{"22":{"weight":0.0,"played":[0.9676,0.0324],"evs":[0.0,-0.21552]},"32o":{"weight":0.0,"played":[1.0,0.0],"evs":[0.0,-2.55858]},"42o":{"weight":0.0,"played":[1.0,0.0],"evs":[0.0,-2.37583]},"52o":{"weight":0.0,"played":[1.0,0.0],"evs":[0.0,-2.22927]},"62o":{"weight":0.0,"played":[1.0,0.0],"evs":[0.0,-2.39914]},"72o":{"weight":0.0,"played":[1.0,0.0],"evs":[0.0,-2.74897]},"82o":{"weight":0.0,"played":[1.0,0.0],"evs":[0.0,-2.59179]},"92o":{"weight":0.0,"played":[1.0,0.0],"evs":[0.0,-2.44216]},"T2o":{"weight":0.0,"played":[1.0,0.0],"evs":[0.0,-2.31083]},"J2o":{"weight":0.0,"played":[1.0,0.0],"evs":[0.0,-2.26839]},"Q2o":{"weight":0.0,"played":[1.0,0.0],"evs":[0.0,-1.99078]},"K2o":{"weight":0.0,"played":[1.0,0.0],"evs":[0.0,-1.85967]},"A2o":{"weight":0.0,"played":[1.0,0.0],"evs":[0.0,-2.10712]},"32s":{"weight":0.0,"played":[1.0,0.0],"evs":[0.0,-1.41746]},"33":{"weight":1.0,"played":[0.0999,0.9001],"evs":[0.0,0.06399]},"43o":{"weight":0.0,"played":[1.0,0.0],"evs":[0.0,-1.91214]},"53o":{"weight":0.0,"played":[1.0,0.0],"evs":[0.0,-1.73647]},"63o":{"weight":0.0,"played":[1.0,0.0],"evs":[0.0,-1.9696]},"73o":{"weight":0.0,"played":[1.0,0.0],"evs":[0.0,-2.3152]},"83o":{"weight":0.0,"played":[1.0,0.0],"evs":[0.0,-2.5421]},"93o":{"weight":0.0,"played":[1.0,0.0],"evs":[0.0,-2.36114]},"T3o":{"weight":0.0,"played":[1.0,0.0],"evs":[0.0,-2.16089]},"J3o":{"weight":0.0,"played":[1.0,0.0],"evs":[0.0,-2.09925]},"Q3o":{"weight":0.0,"played":[1.0,0.0],"evs":[0.0,-1.89861]},"K3o":{"weight":0.0,"played":[1.0,0.0],"evs":[0.0,-1.73276]},"A3o":{"weight":0.0,"played":[1.0,0.0],"evs":[0.0,-1.95463]},"42s":{"weight":0.0,"played":[1.0,0.0],"evs":[0.0,-1.33102]},"43s":{"weight":0.0,"played":[1.0,0.0],"evs":[0.0,-0.77731]},"44":{"weight":0.9869,"played":[0.0,1.0],"evs":[0.0,0.51997]},"54o":{"weight":0.0,"played":[1.0,0.0],"evs":[0.0,-1.28828]},"64o":{"weight":0.0,"played":[1.0,0.0],"evs":[0.0,-1.48299]},"74o":{"weight":0.0,"played":[1.0,0.0],"evs":[0.0,-1.84081]},"84o":{"weight":0.0,"played":[1.0,0.0],"evs":[0.0,-2.1363]},"94o":{"weight":0.0,"played":[1.0,0.0],"evs":[0.0,-2.28586]},"T4o":{"weight":0.0,"played":[1.0,0.0],"evs":[0.0,-2.03201]},"J4o":{"weight":0.0,"played":[1.0,0.0],"evs":[0.0,-1.9612]},"Q4o":{"weight":0.0,"played":[1.0,0.0],"evs":[0.0,-1.72884]},"K4o":{"weight":0.0,"played":[1.0,0.0],"evs":[0.0,-1.59091]},"A4o":{"weight":3.0E-4,"played":[1.0,0.0],"evs":[0.0,-1.79638]},"52s":{"weight":0.0,"played":[1.0,0.0],"evs":[0.0,-1.16281]},"53s":{"weight":0.0,"played":[1.0,0.0],"evs":[0.0,-0.70448]},"54s":{"weight":0.0,"played":[0.9989,0.0011],"evs":[0.0,-0.29725]},"55":{"weight":1.0E-4,"played":[0.0,1.0],"evs":[0.0,0.98924]},"65o":{"weight":0.0,"played":[1.0,0.0],"evs":[0.0,-1.01821]},"75o":{"weight":0.0,"played":[1.0,0.0],"evs":[0.0,-1.39434]},"85o":{"weight":0.0,"played":[1.0,0.0],"evs":[0.0,-1.66899]},"95o":{"weight":0.0,"played":[1.0,0.0],"evs":[0.0,-1.86922]},"T5o":{"weight":0.0,"played":[1.0,0.0],"evs":[0.0,-1.96854]},"J5o":{"weight":0.0,"played":[1.0,0.0],"evs":[0.0,-1.84274]},"Q5o":{"weight":0.0,"played":[1.0,0.0],"evs":[0.0,-1.60912]},"K5o":{"weight":0.0,"played":[1.0,0.0],"evs":[0.0,-1.37893]},"A5o":{"weight":0.9899,"played":[1.0,0.0],"evs":[0.0,-1.56873]},"62s":{"weight":0.0,"played":[1.0,0.0],"evs":[0.0,-1.31641]},"63s":{"weight":0.0,"played":[1.0,0.0],"evs":[0.0,-0.92336]},"64s":{"weight":0.0,"played":[0.9999,1.0E-4],"evs":[0.0,-0.50332]},"65s":{"weight":6.0E-4,"played":[0.7164,0.2836],"evs":[0.0,0.00793]},"66":{"weight":0.0,"played":[0.0,1.0],"evs":[0.0,1.51685]},"76o":{"weight":0.0,"played":[1.0,0.0],"evs":[0.0,-0.97561]},"86o":{"weight":0.0,"played":[1.0,0.0],"evs":[0.0,-1.19744]},"96o":{"weight":0.0,"played":[1.0,0.0],"evs":[0.0,-1.38132]},"T6o":{"weight":0.0,"played":[1.0,0.0],"evs":[0.0,-1.45972]},"J6o":{"weight":0.0,"played":[1.0,0.0],"evs":[0.0,-1.69451]},"Q6o":{"weight":0.0,"played":[1.0,0.0],"evs":[0.0,-1.36827]},"K6o":{"weight":0.0,"played":[1.0,0.0],"evs":[0.0,-1.27626]},"A6o":{"weight":1.0E-4,"played":[1.0,0.0],"evs":[0.0,-1.74414]},"72s":{"weight":0.0,"played":[1.0,0.0],"evs":[0.0,-1.64459]},"73s":{"weight":0.0,"played":[1.0,0.0],"evs":[0.0,-1.25638]},"74s":{"weight":0.0,"played":[0.9999,1.0E-4],"evs":[0.0,-0.79417]},"75s":{"weight":0.0,"played":[1.0,0.0],"evs":[0.0,-0.33791]},"76s":{"weight":0.3779,"played":[0.5155,0.4845],"evs":[0.0,-0.01075]},"77":{"weight":0.0,"played":[0.0,1.0],"evs":[0.0,1.99798]},"87o":{"weight":0.0,"played":[1.0,0.0],"evs":[0.0,-0.91426]},"97o":{"weight":0.0,"played":[1.0,0.0],"evs":[0.0,-1.09308]},"T7o":{"weight":0.0,"played":[1.0,0.0],"evs":[0.0,-1.16926]},"J7o":{"weight":0.0,"played":[1.0,0.0],"evs":[0.0,-1.42765]},"Q7o":{"weight":0.0,"played":[1.0,0.0],"evs":[0.0,-1.47562]},"K7o":{"weight":0.0,"played":[1.0,0.0],"evs":[0.0,-1.29748]},"A7o":{"weight":0.8235,"played":[1.0,0.0],"evs":[0.0,-1.4097]},"82s":{"weight":0.0,"played":[1.0,0.0],"evs":[0.0,-1.53105]},"83s":{"weight":0.0,"played":[1.0,0.0],"evs":[0.0,-1.48175]},"84s":{"weight":0.0,"played":[1.0,0.0],"evs":[0.0,-1.03153]},"85s":{"weight":0.0,"played":[0.9999,1.0E-4],"evs":[0.0,-0.64859]},"86s":{"weight":1.0E-4,"played":[0.9883,0.0117],"evs":[0.0,-0.09203]},"87s":{"weight":0.8889,"played":[0.4541,0.5459],"evs":[0.0,0.0423]},"88":{"weight":0.0,"played":[0.0,1.0],"evs":[0.0,2.73323]},"98o":{"weight":0.0,"played":[1.0,0.0],"evs":[0.0,-0.76854]},"T8o":{"weight":0.0,"played":[1.0,0.0],"evs":[0.0,-0.80315]},"J8o":{"weight":0.0,"played":[1.0,0.0],"evs":[0.0,-0.99366]},"Q8o":{"weight":0.0,"played":[1.0,0.0],"evs":[0.0,-1.09907]},"K8o":{"weight":0.0,"played":[1.0,0.0],"evs":[0.0,-1.21989]},"A8o":{"weight":0.0,"played":[1.0,0.0],"evs":[0.0,-0.99009]},"92s":{"weight":0.0,"played":[1.0,0.0],"evs":[0.0,-1.471]},"93s":{"weight":0.0,"played":[1.0,0.0],"evs":[0.0,-1.33891]},"94s":{"weight":0.0,"played":[1.0,0.0],"evs":[0.0,-1.28816]},"95s":{"weight":0.0,"played":[1.0,0.0],"evs":[0.0,-0.83241]},"96s":{"weight":0.0,"played":[1.0,0.0],"evs":[0.0,-0.33257]},"97s":{"weight":3.0E-4,"played":[0.9997,3.0E-4],"evs":[0.0,-0.1059]},"98s":{"weight":1.0,"played":[7.0E-4,0.9993],"evs":[0.0,0.1944]},"99":{"weight":0.0,"played":[0.0,1.0],"evs":[0.0,3.4798]},"T9o":{"weight":0.0,"played":[1.0,0.0],"evs":[0.0,-0.37409]},"J9o":{"weight":0.0,"played":[1.0,0.0],"evs":[0.0,-0.58716]},"Q9o":{"weight":0.0,"played":[1.0,0.0],"evs":[0.0,-0.63214]},"K9o":{"weight":1.0E-4,"played":[1.0,0.0],"evs":[0.0,-0.74077]},"A9o":{"weight":0.0,"played":[0.9982,0.0018],"evs":[0.0,-0.42548]},"T2s":{"weight":0.0,"played":[1.0,0.0],"evs":[0.0,-1.19686]},"T3s":{"weight":0.0,"played":[1.0,0.0],"evs":[0.0,-1.13319]},"T4s":{"weight":0.0,"played":[1.0,0.0],"evs":[0.0,-0.92354]},"T5s":{"weight":0.0,"played":[1.0,0.0],"evs":[0.0,-0.94467]},"T6s":{"weight":0.0,"played":[1.0,0.0],"evs":[0.0,-0.4982]},"T7s":{"weight":0.0,"played":[0.9998,2.0E-4],"evs":[0.0,-0.13353]},"T8s":{"weight":0.9976,"played":[1.0E-4,0.9999],"evs":[0.0,0.20352]},"T9s":{"weight":1.0,"played":[0.0,1.0],"evs":[0.0,0.62813]},"TT":{"weight":0.0,"played":[0.0,1.0],"evs":[0.0,4.67488]},"JTo":{"weight":0.3031,"played":[0.001,0.999],"evs":[0.0,0.08707]},"QTo":{"weight":1.0,"played":[0.0855,0.9145],"evs":[0.0,0.01812]},"KTo":{"weight":1.0,"played":[0.9533,0.0467],"evs":[0.0,-0.06553]},"ATo":{"weight":0.0,"played":[0.0,1.0],"evs":[0.0,0.71537]},"J2s":{"weight":0.0,"played":[1.0,0.0],"evs":[0.0,-1.15079]},"J3s":{"weight":0.0,"played":[1.0,0.0],"evs":[0.0,-1.01868]},"J4s":{"weight":0.0,"played":[0.9999,1.0E-4],"evs":[0.0,-0.90866]},"J5s":{"weight":0.0,"played":[1.0,0.0],"evs":[0.0,-0.74684]},"J6s":{"weight":0.0,"played":[1.0,0.0],"evs":[0.0,-0.60566]},"J7s":{"weight":1.0E-4,"played":[0.9996,4.0E-4],"evs":[0.0,-0.42789]},"J8s":{"weight":1.0,"played":[0.4146,0.5854],"evs":[0.0,0.02974]},"J9s":{"weight":1.0,"played":[0.0,1.0],"evs":[0.0,0.39006]},"JTs":{"weight":1.0,"played":[0.0,1.0],"evs":[0.0,0.98597]},"JJ":{"weight":0.0,"played":[0.0,1.0],"evs":[0.0,5.91587]},"QJo":{"weight":1.0,"played":[1.0E-4,0.9999],"evs":[0.0,0.12813]},"KJo":{"weight":0.0257,"played":[0.0,1.0],"evs":[0.0,0.22674]},"AJo":{"weight":0.0,"played":[0.0,1.0],"evs":[0.0,1.65896]},"Q2s":{"weight":0.0,"played":[1.0,0.0],"evs":[0.0,-0.94095]},"Q3s":{"weight":0.0,"played":[1.0,0.0],"evs":[0.0,-0.88015]},"Q4s":{"weight":0.0,"played":[0.9998,2.0E-4],"evs":[0.0,-0.67884]},"Q5s":{"weight":0.0,"played":[0.9998,2.0E-4],"evs":[0.0,-0.53143]},"Q6s":{"weight":0.0,"played":[0.9999,1.0E-4],"evs":[0.0,-0.35629]},"Q7s":{"weight":0.0,"played":[0.9994,6.0E-4],"evs":[0.0,-0.46622]},"Q8s":{"weight":0.9788,"played":[0.9568,0.0432],"evs":[0.0,-0.06388]},"Q9s":{"weight":1.0,"played":[0.0,1.0],"evs":[0.0,0.37982]},"QTs":{"weight":1.0,"played":[0.0,1.0],"evs":[0.0,0.97974]},"QJs":{"weight":1.0,"played":[0.0,1.0],"evs":[0.0,1.03022]},"QQ":{"weight":0.0,"played":[0.0,1.0],"evs":[0.0,7.40936]},"KQo":{"weight":0.0,"played":[0.0,1.0],"evs":[0.0,0.8049]},"AQo":{"weight":0.0,"played":[0.0,1.0],"evs":[0.0,2.73495]},"K2s":{"weight":0.0,"played":[1.0,0.0],"evs":[0.0,-0.70036]},"K3s":{"weight":0.0,"played":[1.0,0.0],"evs":[0.0,-0.60063]},"K4s":{"weight":0.2036,"played":[0.9996,4.0E-4],"evs":[0.0,-0.42452]},"K5s":{"weight":0.9808,"played":[0.9999,1.0E-4],"evs":[0.0,-0.39807]},"K6s":{"weight":0.9988,"played":[0.999,0.001],"evs":[0.0,-0.11681]},"K7s":{"weight":1.0,"played":[0.9994,6.0E-4],"evs":[0.0,-0.20854]},"K8s":{"weight":1.0,"played":[0.9634,0.0366],"evs":[0.0,-0.1595]},"K9s":{"weight":1.0,"played":[0.0,1.0],"evs":[0.0,0.32354]},"KTs":{"weight":1.0,"played":[0.0,1.0],"evs":[0.0,0.95201]},"KJs":{"weight":7.0E-4,"played":[0.0,1.0],"evs":[0.0,1.20983]},"KQs":{"weight":0.0,"played":[0.0,1.0],"evs":[0.0,1.67752]},"KK":{"weight":0.0,"played":[0.0,1.0],"evs":[0.0,9.13342]},"AKo":{"weight":0.0,"played":[0.0,1.0],"evs":[0.0,3.80054]},"A2s":{"weight":1.0,"played":[1.0,0.0],"evs":[0.0,-0.92438]},"A3s":{"weight":1.0,"played":[1.0,0.0],"evs":[0.0,-0.73354]},"A4s":{"weight":1.0,"played":[1.0,0.0],"evs":[0.0,-0.61621]},"A5s":{"weight":0.2274,"played":[0.9999,1.0E-4],"evs":[0.0,-0.42958]},"A6s":{"weight":0.0015,"played":[1.0,0.0],"evs":[0.0,-0.57455]},"A7s":{"weight":0.0,"played":[0.9782,0.0218],"evs":[0.0,-0.265]},"A8s":{"weight":0.0,"played":[1.0E-4,0.9999],"evs":[0.0,0.07122]},"A9s":{"weight":0.0,"played":[0.0,1.0],"evs":[0.0,0.68651]},"ATs":{"weight":0.0,"played":[0.0,1.0],"evs":[0.0,1.70679]},"AJs":{"weight":0.0,"played":[0.0,1.0],"evs":[0.0,2.55885]},"AQs":{"weight":0.0,"played":[0.0,1.0],"evs":[0.0,3.56326]},"AKs":{"weight":0.0,"played":[0.0,1.0],"evs":[0.0,4.51929]},"AA":{"weight":0.0,"played":[0.0,1.0],"evs":[0.0,12.89625]}}}