{"player":5,"street":0,"children":2,"sequence":[{"player":0,"type":"R","amount":200000,"street":0},{"player":1,"type":"F","amount":0,"street":0},{"player":2,"type":"F","amount":0,"street":0},{"player":3,"type":"F","amount":0,"street":0},{"player":4,"type":"R","amount":1085000,"street":0}],"actions":[{"type":"F","amount":0,"node":209},{"type":"R","amount":1985000,"node":210}],"hands":{"22":{"weight":1.0,"played":[1.0,0.0],"evs":[0.0,-0.13855]},"32o":{"weight":1.0,"played":[1.0,0.0],"evs":[0.0,-4.63738]},"42o":{"weight":1.0,"played":[1.0,0.0],"evs":[0.0,-4.40014]},"52o":{"weight":1.0,"played":[1.0,0.0],"evs":[0.0,-4.23294]},"62o":{"weight":1.0,"played":[1.0,0.0],"evs":[0.0,-4.58628]},"72o":{"weight":1.0,"played":[1.0,0.0],"evs":[0.0,-5.10832]},"82o":{"weight":1.0,"played":[1.0,0.0],"evs":[0.0,-4.89746]},"92o":{"weight":1.0,"played":[1.0,0.0],"evs":[0.0,-4.60796]},"T2o":{"weight":1.0,"played":[1.0,0.0],"evs":[0.0,-4.41133]},"J2o":{"weight":1.0,"played":[1.0,0.0],"evs":[0.0,-4.21263]},"Q2o":{"weight":1.0,"played":[1.0,0.0],"evs":[0.0,-3.72619]},"K2o":{"weight":1.0,"played":[1.0,0.0],"evs":[0.0,-3.26589]},"A2o":{"weight":1.0,"played":[1.0,0.0],"evs":[0.0,-2.37386]},"32s":{"weight":1.0,"played":[1.0,0.0],"evs":[0.0,-3.05009]},"33":{"weight":1.0,"played":[0.0014,0.9986],"evs":[0.0,0.29711]},"43o":{"weight":1.0,"played":[1.0,0.0],"evs":[0.0,-3.73483]},"53o":{"weight":1.0,"played":[1.0,0.0],"evs":[0.0,-3.50203]},"63o":{"weight":1.0,"played":[1.0,0.0],"evs":[0.0,-3.85266]},"73o":{"weight":1.0,"played":[1.0,0.0],"evs":[0.0,-4.31831]},"83o":{"weight":1.0,"played":[1.0,0.0],"evs":[0.0,-4.79308]},"93o":{"weight":1.0,"played":[1.0,0.0],"evs":[0.0,-4.36021]},"T3o":{"weight":1.0,"played":[1.0,0.0],"evs":[0.0,-4.13296]},"J3o":{"weight":1.0,"played":[1.0,0.0],"evs":[0.0,-3.9869]},"Q3o":{"weight":1.0,"played":[1.0,0.0],"evs":[0.0,-3.50453]},"K3o":{"weight":1.0,"played":[1.0,0.0],"evs":[0.0,-2.9864]},"A3o":{"weight":1.0,"played":[1.0,0.0],"evs":[0.0,-2.1046]},"42s":{"weight":1.0,"played":[1.0,0.0],"evs":[0.0,-2.77613]},"43s":{"weight":1.0,"played":[1.0,0.0],"evs":[0.0,-2.23063]},"44":{"weight":1.0,"played":[0.0,1.0],"evs":[0.0,0.89818]},"54o":{"weight":1.0,"played":[1.0,0.0],"evs":[0.0,-2.85199]},"64o":{"weight":1.0,"played":[1.0,0.0],"evs":[0.0,-3.25474]},"74o":{"weight":1.0,"played":[1.0,0.0],"evs":[0.0,-3.66923]},"84o":{"weight":1.0,"played":[1.0,0.0],"evs":[0.0,-4.06586]},"94o":{"weight":1.0,"played":[1.0,0.0],"evs":[0.0,-4.25656]},"T4o":{"weight":1.0,"played":[1.0,0.0],"evs":[0.0,-3.92961]},"J4o":{"weight":1.0,"played":[1.0,0.0],"evs":[0.0,-3.71415]},"Q4o":{"weight":1.0,"played":[1.0,0.0],"evs":[0.0,-3.24073]},"K4o":{"weight":1.0,"played":[1.0,0.0],"evs":[0.0,-2.83402]},"A4o":{"weight":1.0,"played":[1.0,0.0],"evs":[0.0,-1.89095]},"52s":{"weight":1.0,"played":[1.0,0.0],"evs":[0.0,-2.67369]},"53s":{"weight":1.0,"played":[1.0,0.0],"evs":[0.0,-1.92634]},"54s":{"weight":1.0,"played":[1.0,0.0],"evs":[0.0,-1.36725]},"55":{"weight":1.0,"played":[0.0,1.0],"evs":[0.0,1.49784]},"65o":{"weight":1.0,"played":[1.0,0.0],"evs":[0.0,-2.59372]},"75o":{"weight":1.0,"played":[1.0,0.0],"evs":[0.0,-3.05597]},"85o":{"weight":1.0,"played":[1.0,0.0],"evs":[0.0,-3.45935]},"95o":{"weight":1.0,"played":[1.0,0.0],"evs":[0.0,-3.6665]},"T5o":{"weight":1.0,"played":[1.0,0.0],"evs":[0.0,-3.92998]},"J5o":{"weight":1.0,"played":[1.0,0.0],"evs":[0.0,-3.60584]},"Q5o":{"weight":1.0,"played":[1.0,0.0],"evs":[0.0,-3.14785]},"K5o":{"weight":1.0,"played":[1.0,0.0],"evs":[0.0,-2.64986]},"A5o":{"weight":1.0,"played":[1.0,0.0],"evs":[0.0,-1.59443]},"62s":{"weight":1.0,"played":[1.0,0.0],"evs":[0.0,-2.98382]},"63s":{"weight":1.0,"played":[1.0,0.0],"evs":[0.0,-2.23994]},"64s":{"weight":1.0,"played":[1.0,0.0],"evs":[0.0,-1.62535]},"65s":{"weight":1.0,"played":[1.0,0.0],"evs":[0.0,-1.0304]},"66":{"weight":1.0,"played":[0.0,1.0],"evs":[0.0,2.40179]},"76o":{"weight":1.0,"played":[1.0,0.0],"evs":[0.0,-2.44793]},"86o":{"weight":1.0,"played":[1.0,0.0],"evs":[0.0,-2.73752]},"96o":{"weight":1.0,"played":[1.0,0.0],"evs":[0.0,-2.99842]},"T6o":{"weight":1.0,"played":[1.0,0.0],"evs":[0.0,-3.17926]},"J6o":{"weight":1.0,"played":[1.0,0.0],"evs":[0.0,-3.42116]},"Q6o":{"weight":1.0,"played":[1.0,0.0],"evs":[0.0,-2.86882]},"K6o":{"weight":1.0,"played":[1.0,0.0],"evs":[0.0,-2.33636]},"A6o":{"weight":1.0,"played":[1.0,0.0],"evs":[0.0,-1.90023]},"72s":{"weight":1.0,"played":[1.0,0.0],"evs":[0.0,-3.40708]},"73s":{"weight":1.0,"played":[1.0,0.0],"evs":[0.0,-2.68585]},"74s":{"weight":1.0,"played":[1.0,0.0],"evs":[0.0,-2.12473]},"75s":{"weight":1.0,"played":[1.0,0.0],"evs":[0.0,-1.49743]},"76s":{"weight":1.0,"played":[1.0,0.0],"evs":[0.0,-0.91797]},"77":{"weight":1.0,"played":[0.0,1.0],"evs":[0.0,3.28133]},"87o":{"weight":1.0,"played":[1.0,0.0],"evs":[0.0,-2.34683]},"97o":{"weight":1.0,"played":[1.0,0.0],"evs":[0.0,-2.44669]},"T7o":{"weight":1.0,"played":[1.0,0.0],"evs":[0.0,-2.65238]},"J7o":{"weight":1.0,"played":[1.0,0.0],"evs":[0.0,-2.91008]},"Q7o":{"weight":1.0,"played":[1.0,0.0],"evs":[0.0,-2.87655]},"K7o":{"weight":1.0,"played":[1.0,0.0],"evs":[0.0,-2.25053]},"A7o":{"weight":1.0,"played":[1.0,0.0],"evs":[0.0,-1.52971]},"82s":{"weight":1.0,"played":[1.0,0.0],"evs":[0.0,-3.24227]},"83s":{"weight":1.0,"played":[1.0,0.0],"evs":[0.0,-3.05132]},"84s":{"weight":1.0,"played":[1.0,0.0],"evs":[0.0,-2.38088]},"85s":{"weight":1.0,"played":[1.0,0.0],"evs":[0.0,-1.85438]},"86s":{"weight":1.0,"played":[1.0,0.0],"evs":[0.0,-1.3016]},"87s":{"weight":1.0,"played":[1.0,0.0],"evs":[0.0,-0.8501]},"88":{"weight":1.0,"played":[0.0,1.0],"evs":[0.0,4.3316]},"98o":{"weight":1.0,"played":[1.0,0.0],"evs":[0.0,-2.04233]},"T8o":{"weight":1.0,"played":[1.0,0.0],"evs":[0.0,-2.15922]},"J8o":{"weight":1.0,"played":[1.0,0.0],"evs":[0.0,-2.40104]},"Q8o":{"weight":1.0,"played":[1.0,0.0],"evs":[0.0,-2.356]},"K8o":{"weight":1.0,"played":[1.0,0.0],"evs":[0.0,-2.16555]},"A8o":{"weight":1.0,"played":[1.0,0.0],"evs":[0.0,-0.98685]},"92s":{"weight":1.0,"played":[1.0,0.0],"evs":[0.0,-3.0153]},"93s":{"weight":1.0,"played":[1.0,0.0],"evs":[0.0,-2.77318]},"94s":{"weight":1.0,"played":[1.0,0.0],"evs":[0.0,-2.62202]},"95s":{"weight":1.0,"played":[1.0,0.0],"evs":[0.0,-2.08257]},"96s":{"weight":1.0,"played":[1.0,0.0],"evs":[0.0,-1.33818]},"97s":{"weight":1.0,"played":[1.0,0.0],"evs":[0.0,-0.94676]},"98s":{"weight":1.0,"played":[1.0,0.0],"evs":[0.0,-0.55493]},"99":{"weight":1.0,"played":[0.0,1.0],"evs":[0.0,5.82484]},"T9o":{"weight":1.0,"played":[1.0,0.0],"evs":[0.0,-1.51825]},"J9o":{"weight":1.0,"played":[1.0,0.0],"evs":[0.0,-1.68455]},"Q9o":{"weight":1.0,"played":[1.0,0.0],"evs":[0.0,-1.65468]},"K9o":{"weight":1.0,"played":[1.0,0.0],"evs":[0.0,-1.4866]},"A9o":{"weight":1.0,"played":[0.8023,0.1977],"evs":[0.0,0.01213]},"T2s":{"weight":1.0,"played":[1.0,0.0],"evs":[0.0,-2.74713]},"T3s":{"weight":1.0,"played":[1.0,0.0],"evs":[0.0,-2.51109]},"T4s":{"weight":1.0,"played":[1.0,0.0],"evs":[0.0,-2.33018]},"T5s":{"weight":1.0,"played":[1.0,0.0],"evs":[0.0,-2.33121]},"T6s":{"weight":1.0,"played":[1.0,0.0],"evs":[0.0,-1.5829]},"T7s":{"weight":1.0,"played":[1.0,0.0],"evs":[0.0,-1.13265]},"T8s":{"weight":1.0,"played":[1.0,0.0],"evs":[0.0,-0.66345]},"T9s":{"weight":1.0,"played":[0.094,0.906],"evs":[0.0,0.0334]},"TT":{"weight":1.0,"played":[0.0,1.0],"evs":[0.0,7.42309]},"JTo":{"weight":1.0,"played":[1.0,0.0],"evs":[0.0,-0.78022]},"QTo":{"weight":1.0,"played":[1.0,0.0],"evs":[0.0,-0.69523]},"KTo":{"weight":1.0,"played":[1.0,0.0],"evs":[0.0,-0.61264]},"ATo":{"weight":1.0,"played":[0.0,1.0],"evs":[0.0,1.54469]},"J2s":{"weight":1.0,"played":[1.0,0.0],"evs":[0.0,-2.60892]},"J3s":{"weight":1.0,"played":[1.0,0.0],"evs":[0.0,-2.36351]},"J4s":{"weight":1.0,"played":[1.0,0.0],"evs":[0.0,-2.17987]},"J5s":{"weight":1.0,"played":[1.0,0.0],"evs":[0.0,-2.0214]},"J6s":{"weight":1.0,"played":[1.0,0.0],"evs":[0.0,-1.84324]},"J7s":{"weight":1.0,"played":[1.0,0.0],"evs":[0.0,-1.39342]},"J8s":{"weight":1.0,"played":[1.0,0.0],"evs":[0.0,-0.85636]},"J9s":{"weight":1.0,"played":[0.9506,0.0494],"evs":[0.0,-0.21655]},"JTs":{"weight":1.0,"played":[0.0,1.0],"evs":[0.0,0.66355]},"JJ":{"weight":1.0,"played":[0.0,1.0],"evs":[0.0,9.43713]},"QJo":{"weight":1.0,"played":[1.0,0.0],"evs":[0.0,-0.37103]},"KJo":{"weight":1.0,"played":[0.001,0.999],"evs":[0.0,0.10481]},"AJo":{"weight":1.0,"played":[0.0,1.0],"evs":[0.0,3.20404]},"Q2s":{"weight":1.0,"played":[1.0,0.0],"evs":[0.0,-2.10315]},"Q3s":{"weight":1.0,"played":[1.0,0.0],"evs":[0.0,-1.84909]},"Q4s":{"weight":1.0,"played":[1.0,0.0],"evs":[0.0,-1.61742]},"Q5s":{"weight":1.0,"played":[1.0,0.0],"evs":[0.0,-1.45873]},"Q6s":{"weight":1.0,"played":[1.0,0.0],"evs":[0.0,-1.31786]},"Q7s":{"weight":1.0,"played":[1.0,0.0],"evs":[0.0,-1.28289]},"Q8s":{"weight":1.0,"played":[1.0,0.0],"evs":[0.0,-0.76512]},"Q9s":{"weight":1.0,"played":[1.0,0.0],"evs":[0.0,-0.11903]},"QTs":{"weight":1.0,"played":[2.0E-4,0.9998],"evs":[0.0,0.75396]},"QJs":{"weight":1.0,"played":[0.0,1.0],"evs":[0.0,1.07429]},"QQ":{"weight":1.0,"played":[0.0,1.0],"evs":[0.0,11.74412]},"KQo":{"weight":1.0,"played":[0.0,1.0],"evs":[0.0,1.30183]},"AQo":{"weight":1.0,"played":[0.0,1.0],"evs":[0.0,4.7689]},"K2s":{"weight":1.0,"played":[1.0,0.0],"evs":[0.0,-1.56218]},"K3s":{"weight":1.0,"played":[1.0,0.0],"evs":[0.0,-1.39528]},"K4s":{"weight":1.0,"played":[1.0,0.0],"evs":[0.0,-1.22055]},"K5s":{"weight":1.0,"played":[1.0,0.0],"evs":[0.0,-1.11505]},"K6s":{"weight":1.0,"played":[1.0,0.0],"evs":[0.0,-0.74037]},"K7s":{"weight":1.0,"played":[1.0,0.0],"evs":[0.0,-0.67822]},"K8s":{"weight":1.0,"played":[1.0,0.0],"evs":[0.0,-0.52928]},"K9s":{"weight":1.0,"played":[0.0077,0.9923],"evs":[0.0,0.11094]},"KTs":{"weight":1.0,"played":[1.0E-4,0.9999],"evs":[0.0,0.99056]},"KJs":{"weight":1.0,"played":[0.0,1.0],"evs":[0.0,1.52819]},"KQs":{"weight":1.0,"played":[0.0,1.0],"evs":[0.0,2.71663]},"KK":{"weight":1.0,"played":[0.0,1.0],"evs":[0.0,14.35945]},"AKo":{"weight":1.0,"played":[0.0,1.0],"evs":[0.0,6.40245]},"A2s":{"weight":1.0,"played":[1.0,0.0],"evs":[0.0,-0.70337]},"A3s":{"weight":1.0,"played":[1.0,0.0],"evs":[0.0,-0.45493]},"A4s":{"weight":1.0,"played":[1.0,0.0],"evs":[0.0,-0.23916]},"A5s":{"weight":1.0,"played":[0.1549,0.8451],"evs":[0.0,0.02419]},"A6s":{"weight":1.0,"played":[1.0,0.0],"evs":[0.0,-0.24257]},"A7s":{"weight":1.0,"played":[0.0354,0.9646],"evs":[0.0,0.14406]},"A8s":{"weight":1.0,"played":[4.0E-4,0.9996],"evs":[0.0,0.62959]},"A9s":{"weight":1.0,"played":[0.0,1.0],"evs":[0.0,1.42993]},"ATs":{"weight":1.0,"played":[0.0,1.0],"evs":[0.0,3.01483]},"AJs":{"weight":1.0,"played":[0.0,1.0],"evs":[0.0,4.4441]},"AQs":{"weight":1.0,"played":[0.0,1.0],"evs":[0.0,5.98008]},"AKs":{"weight":1.0,"played":[0.0,1.0],"evs":[0.0,7.56285]},"AA":{"weight":1.0,"played":[0.0,1.0],"evs":[0.0,19.15132]}}}