{"player":0,"street":0,"children":2,"sequence":[{"player":0,"type":"R","amount":200000,"street":0},{"player":1,"type":"F","amount":0,"street":0},{"player":2,"type":"F","amount":0,"street":0},{"player":3,"type":"F","amount":0,"street":0},{"player":4,"type":"R","amount":1085000,"street":0},{"player":5,"type":"R","amount":1985000,"street":0}],"actions":[{"type":"F","amount":0},{"type":"C","amount":1785000}],"hands":{"22":{"weight":0.9999,"played":[9.0E-4,0.9991],"evs":[0.0,0.67141]},"32o":{"weight":0.0,"played":[1.0,0.0],"evs":[0.0,-4.16858]},"42o":{"weight":0.0,"played":[1.0,0.0],"evs":[0.0,-3.82862]},"52o":{"weight":0.0,"played":[1.0,0.0],"evs":[0.0,-3.58878]},"62o":{"weight":0.0,"played":[1.0,0.0],"evs":[0.0,-3.83081]},"72o":{"weight":0.0,"played":[1.0,0.0],"evs":[0.0,-4.44344]},"82o":{"weight":0.0,"played":[1.0,0.0],"evs":[0.0,-4.16238]},"92o":{"weight":0.0,"played":[1.0,0.0],"evs":[0.0,-4.07779]},"T2o":{"weight":0.0,"played":[1.0,0.0],"evs":[0.0,-4.08564]},"J2o":{"weight":0.0,"played":[1.0,0.0],"evs":[0.0,-3.98013]},"Q2o":{"weight":0.0,"played":[1.0,0.0],"evs":[0.0,-3.317]},"K2o":{"weight":0.0,"played":[1.0,0.0],"evs":[0.0,-3.08104]},"A2o":{"weight":0.0,"played":[1.0,0.0],"evs":[0.0,-2.11358]},"32s":{"weight":0.0,"played":[1.0,0.0],"evs":[0.0,-2.25598]},"33":{"weight":1.0,"played":[0.0,1.0],"evs":[0.0,1.10706]},"43o":{"weight":0.0,"played":[1.0,0.0],"evs":[0.0,-3.04894]},"53o":{"weight":0.0,"played":[1.0,0.0],"evs":[0.0,-2.73865]},"63o":{"weight":0.0,"played":[1.0,0.0],"evs":[0.0,-3.10594]},"73o":{"weight":0.0,"played":[1.0,0.0],"evs":[0.0,-3.71153]},"83o":{"weight":0.0,"played":[1.0,0.0],"evs":[0.0,-4.18926]},"93o":{"weight":0.0,"played":[1.0,0.0],"evs":[0.0,-3.97698]},"T3o":{"weight":0.0,"played":[1.0,0.0],"evs":[0.0,-3.74041]},"J3o":{"weight":0.0,"played":[1.0,0.0],"evs":[0.0,-3.7592]},"Q3o":{"weight":0.0,"played":[1.0,0.0],"evs":[0.0,-3.02146]},"K3o":{"weight":0.0,"played":[1.0,0.0],"evs":[0.0,-2.85163]},"A3o":{"weight":0.0,"played":[1.0,0.0],"evs":[0.0,-1.79704]},"42s":{"weight":0.0,"played":[1.0,0.0],"evs":[0.0,-2.11679]},"43s":{"weight":0.0,"played":[0.9999,1.0E-4],"evs":[0.0,-1.18039]},"44":{"weight":1.0,"played":[0.0,1.0],"evs":[0.0,1.97503]},"54o":{"weight":0.0,"played":[1.0,0.0],"evs":[0.0,-1.92097]},"64o":{"weight":0.0,"played":[1.0,0.0],"evs":[0.0,-2.21415]},"74o":{"weight":0.0,"played":[1.0,0.0],"evs":[0.0,-2.80293]},"84o":{"weight":0.0,"played":[1.0,0.0],"evs":[0.0,-3.22553]},"94o":{"weight":0.0,"played":[1.0,0.0],"evs":[0.0,-3.68671]},"T4o":{"weight":0.0,"played":[1.0,0.0],"evs":[0.0,-3.53755]},"J4o":{"weight":0.0,"played":[1.0,0.0],"evs":[0.0,-3.20606]},"Q4o":{"weight":0.0,"played":[1.0,0.0],"evs":[0.0,-2.81187]},"K4o":{"weight":0.0,"played":[1.0,0.0],"evs":[0.0,-2.51198]},"A4o":{"weight":0.0,"played":[1.0,0.0],"evs":[0.0,-1.41266]},"52s":{"weight":0.0,"played":[1.0,0.0],"evs":[0.0,-1.68371]},"53s":{"weight":0.0,"played":[1.0,0.0],"evs":[0.0,-0.84107]},"54s":{"weight":0.0,"played":[0.6481,0.3519],"evs":[0.0,-0.19136]},"55":{"weight":1.0,"played":[0.0,1.0],"evs":[0.0,2.85991]},"65o":{"weight":0.0,"played":[1.0,0.0],"evs":[0.0,-1.47114]},"75o":{"weight":0.0,"played":[1.0,0.0],"evs":[0.0,-2.0622]},"85o":{"weight":0.0,"played":[1.0,0.0],"evs":[0.0,-2.37889]},"95o":{"weight":0.0,"played":[1.0,0.0],"evs":[0.0,-3.03349]},"T5o":{"weight":0.0,"played":[1.0,0.0],"evs":[0.0,-3.45623]},"J5o":{"weight":0.0,"played":[1.0,0.0],"evs":[0.0,-3.13329]},"Q5o":{"weight":0.0,"played":[1.0,0.0],"evs":[0.0,-2.49684]},"K5o":{"weight":0.0,"played":[1.0,0.0],"evs":[0.0,-2.3821]},"A5o":{"weight":0.9983,"played":[1.0,0.0],"evs":[0.0,-1.1505]},"62s":{"weight":0.0,"played":[1.0,0.0],"evs":[0.0,-1.82067]},"63s":{"weight":0.0,"played":[1.0,0.0],"evs":[0.0,-1.30972]},"64s":{"weight":0.0,"played":[0.9986,0.0014],"evs":[0.0,-0.46941]},"65s":{"weight":0.9823,"played":[0.005,0.995],"evs":[0.0,0.26598]},"66":{"weight":1.0,"played":[0.0,1.0],"evs":[0.0,3.78233]},"76o":{"weight":0.0,"played":[1.0,0.0],"evs":[0.0,-1.22745]},"86o":{"weight":0.0,"played":[1.0,0.0],"evs":[0.0,-1.72365]},"96o":{"weight":0.0,"played":[1.0,0.0],"evs":[0.0,-2.06306]},"T6o":{"weight":0.0,"played":[1.0,0.0],"evs":[0.0,-2.5098]},"J6o":{"weight":0.0,"played":[1.0,0.0],"evs":[0.0,-2.81082]},"Q6o":{"weight":0.0,"played":[1.0,0.0],"evs":[0.0,-2.20286]},"K6o":{"weight":0.0,"played":[1.0,0.0],"evs":[0.0,-2.01331]},"A6o":{"weight":0.0,"played":[1.0,0.0],"evs":[0.0,-1.44244]},"72s":{"weight":0.0,"played":[1.0,0.0],"evs":[0.0,-2.54789]},"73s":{"weight":0.0,"played":[1.0,0.0],"evs":[0.0,-1.63707]},"74s":{"weight":0.0,"played":[1.0,0.0],"evs":[0.0,-0.77195]},"75s":{"weight":0.0,"played":[0.9925,0.0075],"evs":[0.0,-0.2898]},"76s":{"weight":0.9999,"played":[0.0,1.0],"evs":[0.0,0.54399]},"77":{"weight":1.0,"played":[0.0,1.0],"evs":[0.0,4.80972]},"87o":{"weight":0.0,"played":[1.0,0.0],"evs":[0.0,-1.18437]},"97o":{"weight":0.0,"played":[1.0,0.0],"evs":[0.0,-1.35025]},"T7o":{"weight":0.0,"played":[1.0,0.0],"evs":[0.0,-1.9582]},"J7o":{"weight":0.0,"played":[1.0,0.0],"evs":[0.0,-2.26165]},"Q7o":{"weight":0.0,"played":[1.0,0.0],"evs":[0.0,-2.32461]},"K7o":{"weight":0.0,"played":[1.0,0.0],"evs":[0.0,-1.89518]},"A7o":{"weight":1.0,"played":[1.0,0.0],"evs":[0.0,-1.08631]},"82s":{"weight":0.0,"played":[1.0,0.0],"evs":[0.0,-2.3201]},"83s":{"weight":0.0,"played":[1.0,0.0],"evs":[0.0,-2.19476]},"84s":{"weight":0.0,"played":[1.0,0.0],"evs":[0.0,-1.33433]},"85s":{"weight":0.0,"played":[0.9995,5.0E-4],"evs":[0.0,-0.6752]},"86s":{"weight":0.7689,"played":[0.0417,0.9583],"evs":[0.0,0.15331]},"87s":{"weight":0.9999,"played":[1.0E-4,0.9999],"evs":[0.0,0.70437]},"88":{"weight":0.9998,"played":[0.0,1.0],"evs":[0.0,5.80668]},"98o":{"weight":0.0,"played":[1.0,0.0],"evs":[0.0,-0.94539]},"T8o":{"weight":0.0,"played":[1.0,0.0],"evs":[0.0,-1.33708]},"J8o":{"weight":0.0,"played":[1.0,0.0],"evs":[0.0,-1.69796]},"Q8o":{"weight":0.0,"played":[1.0,0.0],"evs":[0.0,-1.61225]},"K8o":{"weight":0.0,"played":[1.0,0.0],"evs":[0.0,-1.9315]},"A8o":{"weight":1.0,"played":[0.9999,1.0E-4],"evs":[0.0,-0.62584]},"92s":{"weight":0.0,"played":[1.0,0.0],"evs":[0.0,-2.12193]},"93s":{"weight":0.0,"played":[1.0,0.0],"evs":[0.0,-1.9336]},"94s":{"weight":0.0,"played":[1.0,0.0],"evs":[0.0,-1.79114]},"95s":{"weight":0.0,"played":[0.9996,4.0E-4],"evs":[0.0,-1.09692]},"96s":{"weight":0.0,"played":[0.9979,0.0021],"evs":[0.0,-0.38717]},"97s":{"weight":0.9998,"played":[7.0E-4,0.9993],"evs":[0.0,0.30359]},"98s":{"weight":1.0,"played":[3.0E-4,0.9997],"evs":[0.0,0.88324]},"99":{"weight":1.0,"played":[0.0,1.0],"evs":[0.0,7.25002]},"T9o":{"weight":0.0,"played":[1.0,0.0],"evs":[0.0,-0.52867]},"J9o":{"weight":0.0,"played":[1.0,0.0],"evs":[0.0,-1.0604]},"Q9o":{"weight":0.0,"played":[1.0,0.0],"evs":[0.0,-0.97347]},"K9o":{"weight":0.0,"played":[1.0,0.0],"evs":[0.0,-1.16277]},"A9o":{"weight":1.0,"played":[0.0451,0.9549],"evs":[0.0,0.20179]},"T2s":{"weight":0.0,"played":[0.9999,1.0E-4],"evs":[0.0,-2.02432]},"T3s":{"weight":0.0,"played":[1.0,0.0],"evs":[0.0,-1.79024]},"T4s":{"weight":0.0,"played":[1.0,0.0],"evs":[0.0,-1.67279]},"T5s":{"weight":0.0,"played":[1.0,0.0],"evs":[0.0,-1.61728]},"T6s":{"weight":0.0,"played":[1.0,0.0],"evs":[0.0,-0.50107]},"T7s":{"weight":0.9993,"played":[0.9971,0.0029],"evs":[0.0,-0.16298]},"T8s":{"weight":1.0,"played":[0.011,0.989],"evs":[0.0,0.47231]},"T9s":{"weight":1.0,"played":[5.0E-4,0.9995],"evs":[0.0,1.12581]},"TT":{"weight":1.0,"played":[0.0,1.0],"evs":[0.0,9.38709]},"JTo":{"weight":1.0,"played":[0.9995,5.0E-4],"evs":[0.0,-0.07731]},"QTo":{"weight":1.0,"played":[0.7378,0.2622],"evs":[0.0,0.04041]},"KTo":{"weight":1.0,"played":[0.9964,0.0036],"evs":[0.0,-0.09378]},"ATo":{"weight":1.0,"played":[0.0,1.0],"evs":[0.0,1.98226]},"J2s":{"weight":0.0,"played":[0.9999,1.0E-4],"evs":[0.0,-1.89957]},"J3s":{"weight":0.0,"played":[0.9998,2.0E-4],"evs":[0.0,-1.62573]},"J4s":{"weight":0.0,"played":[1.0,0.0],"evs":[0.0,-1.244]},"J5s":{"weight":0.0,"played":[0.9996,4.0E-4],"evs":[0.0,-1.30358]},"J6s":{"weight":0.0,"played":[1.0,0.0],"evs":[0.0,-0.92123]},"J7s":{"weight":0.0,"played":[0.9904,0.0096],"evs":[0.0,-0.25943]},"J8s":{"weight":1.0,"played":[0.048,0.952],"evs":[0.0,0.07594]},"J9s":{"weight":1.0,"played":[0.0,1.0],"evs":[0.0,0.85914]},"JTs":{"weight":1.0,"played":[0.0,1.0],"evs":[0.0,1.73535]},"JJ":{"weight":1.0,"played":[0.0,1.0],"evs":[0.0,11.886]},"QJo":{"weight":1.0,"played":[0.0023,0.9977],"evs":[0.0,0.26289]},"KJo":{"weight":1.0,"played":[0.0,1.0],"evs":[0.0,0.68618]},"AJo":{"weight":1.0,"played":[0.0,1.0],"evs":[0.0,3.7906]},"Q2s":{"weight":0.0,"played":[0.9999,1.0E-4],"evs":[0.0,-1.47269]},"Q3s":{"weight":0.0,"played":[1.0,0.0],"evs":[0.0,-1.23395]},"Q4s":{"weight":0.0,"played":[0.9999,1.0E-4],"evs":[0.0,-0.92762]},"Q5s":{"weight":0.0,"played":[1.0,0.0],"evs":[0.0,-0.69862]},"Q6s":{"weight":0.0,"played":[0.9995,5.0E-4],"evs":[0.0,-0.43187]},"Q7s":{"weight":0.1057,"played":[0.999,0.001],"evs":[0.0,-0.24568]},"Q8s":{"weight":1.0,"played":[0.0597,0.9403],"evs":[0.0,0.16867]},"Q9s":{"weight":1.0,"played":[0.0,1.0],"evs":[0.0,0.7317]},"QTs":{"weight":1.0,"played":[0.0,1.0],"evs":[0.0,1.63199]},"QJs":{"weight":1.0,"played":[0.0,1.0],"evs":[0.0,1.94946]},"QQ":{"weight":1.0,"played":[0.0,1.0],"evs":[0.0,14.94085]},"KQo":{"weight":0.9999,"played":[0.0,1.0],"evs":[0.0,2.2209]},"AQo":{"weight":0.9998,"played":[0.0,1.0],"evs":[0.0,5.8969]},"K2s":{"weight":0.0,"played":[0.9999,1.0E-4],"evs":[0.0,-1.20317]},"K3s":{"weight":0.0,"played":[1.0,0.0],"evs":[0.0,-0.88355]},"K4s":{"weight":0.0591,"played":[1.0,0.0],"evs":[0.0,-0.68799]},"K5s":{"weight":1.0,"played":[0.9978,0.0022],"evs":[0.0,-0.34995]},"K6s":{"weight":1.0,"played":[0.62,0.38],"evs":[0.0,-0.01135]},"K7s":{"weight":1.0,"played":[0.6995,0.3005],"evs":[0.0,-0.03008]},"K8s":{"weight":1.0,"played":[0.1863,0.8137],"evs":[0.0,0.16604]},"K9s":{"weight":1.0,"played":[0.0,1.0],"evs":[0.0,0.73549]},"KTs":{"weight":0.9999,"played":[0.0,1.0],"evs":[0.0,1.70412]},"KJs":{"weight":1.0,"played":[0.0,1.0],"evs":[0.0,2.29885]},"KQs":{"weight":1.0,"played":[0.0,1.0],"evs":[0.0,3.95936]},"KK":{"weight":1.0,"played":[0.0,1.0],"evs":[0.0,18.4221]},"AKo":{"weight":1.0,"played":[0.0,1.0],"evs":[0.0,8.18079]},"A2s":{"weight":1.0,"played":[0.3419,0.6581],"evs":[0.0,0.05346]},"A3s":{"weight":1.0,"played":[0.0288,0.9712],"evs":[0.0,0.37492]},"A4s":{"weight":1.0,"played":[0.0039,0.9961],"evs":[0.0,0.55698]},"A5s":{"weight":1.0,"played":[0.0,1.0],"evs":[0.0,0.7113]},"A6s":{"weight":1.0,"played":[0.0093,0.9907],"evs":[0.0,0.45562]},"A7s":{"weight":1.0,"played":[0.0068,0.9932],"evs":[0.0,0.78153]},"A8s":{"weight":1.0,"played":[3.0E-4,0.9997],"evs":[0.0,1.19171]},"A9s":{"weight":1.0,"played":[1.0E-4,0.9999],"evs":[0.0,2.06782]},"ATs":{"weight":1.0,"played":[0.0,1.0],"evs":[0.0,3.7223]},"AJs":{"weight":1.0,"played":[0.0,1.0],"evs":[0.0,5.41885]},"AQs":{"weight":1.0,"played":[0.0,1.0],"evs":[0.0,7.41607]},"AKs":{"weight":1.0,"played":[0.0,1.0],"evs":[0.0,9.63126]},"AA":{"weight":1.0,"played":[0.0,1.0],"evs":[0.0,24.16812]}}}