{"player":0,"street":0,"children":2,"sequence":[{"player":0,"type":"R","amount":200000,"street":0},{"player":1,"type":"F","amount":0,"street":0},{"player":2,"type":"F","amount":0,"street":0},{"player":3,"type":"C","amount":200000,"street":0},{"player":4,"type":"C","amount":150000,"street":0},{"player":5,"type":"R","amount":1985000,"street":0}],"actions":[{"type":"F","amount":0,"node":218},{"type":"C","amount":1785000,"node":221}],"hands":{"22":{"weight":0.9999,"played":[1.0E-4,0.9999],"evs":[0.0,2.19218]},"32o":{"weight":0.0,"played":[1.0,0.0],"evs":[0.0,-2.80316]},"42o":{"weight":0.0,"played":[1.0,0.0],"evs":[0.0,-2.33415]},"52o":{"weight":0.0,"played":[1.0,0.0],"evs":[0.0,-2.42898]},"62o":{"weight":0.0,"played":[1.0,0.0],"evs":[0.0,-2.76926]},"72o":{"weight":0.0,"played":[1.0,0.0],"evs":[0.0,-3.25068]},"82o":{"weight":0.0,"played":[0.9999,1.0E-4],"evs":[0.0,-3.34147]},"92o":{"weight":0.0,"played":[0.9996,4.0E-4],"evs":[0.0,-3.2729]},"T2o":{"weight":0.0,"played":[0.9998,2.0E-4],"evs":[0.0,-3.20419]},"J2o":{"weight":0.0,"played":[0.9999,1.0E-4],"evs":[0.0,-3.04172]},"Q2o":{"weight":0.0,"played":[0.9999,1.0E-4],"evs":[0.0,-3.36462]},"K2o":{"weight":0.0,"played":[0.999,0.001],"evs":[0.0,-2.54425]},"A2o":{"weight":0.0,"played":[0.1239,0.8761],"evs":[0.0,0.49134]},"32s":{"weight":0.0,"played":[0.7902,0.2098],"evs":[0.0,-0.14462]},"33":{"weight":1.0,"played":[1.0E-4,0.9999],"evs":[0.0,3.33344]},"43o":{"weight":0.0,"played":[0.998,0.002],"evs":[0.0,-1.72159]},"53o":{"weight":0.0,"played":[0.9997,3.0E-4],"evs":[0.0,-2.1622]},"63o":{"weight":0.0,"played":[1.0,0.0],"evs":[0.0,-2.17145]},"73o":{"weight":0.0,"played":[1.0,0.0],"evs":[0.0,-2.73471]},"83o":{"weight":0.0,"played":[1.0,0.0],"evs":[0.0,-2.77626]},"93o":{"weight":0.0,"played":[0.9998,2.0E-4],"evs":[0.0,-2.85436]},"T3o":{"weight":0.0,"played":[0.9998,2.0E-4],"evs":[0.0,-3.22886]},"J3o":{"weight":0.0,"played":[0.997,0.003],"evs":[0.0,-3.59816]},"Q3o":{"weight":0.0,"played":[0.9993,7.0E-4],"evs":[0.0,-2.51686]},"K3o":{"weight":0.0,"played":[0.9997,3.0E-4],"evs":[0.0,-2.06345]},"A3o":{"weight":0.0,"played":[0.0125,0.9875],"evs":[0.0,0.76715]},"42s":{"weight":0.0,"played":[0.9977,0.0023],"evs":[0.0,-0.53275]},"43s":{"weight":0.0,"played":[0.2118,0.7882],"evs":[0.0,0.77576]},"44":{"weight":1.0,"played":[1.0E-4,0.9999],"evs":[0.0,4.15659]},"54o":{"weight":0.0,"played":[0.9418,0.0582],"evs":[0.0,-0.12253]},"64o":{"weight":0.0,"played":[0.9998,2.0E-4],"evs":[0.0,-1.60358]},"74o":{"weight":0.0,"played":[0.9968,0.0032],"evs":[0.0,-0.99891]},"84o":{"weight":0.0,"played":[0.9987,0.0013],"evs":[0.0,-1.63792]},"94o":{"weight":0.0,"played":[0.9998,2.0E-4],"evs":[0.0,-3.26619]},"T4o":{"weight":0.0,"played":[0.9997,3.0E-4],"evs":[0.0,-3.21222]},"J4o":{"weight":0.0,"played":[0.9989,0.0011],"evs":[0.0,-2.95857]},"Q4o":{"weight":0.0,"played":[0.9996,4.0E-4],"evs":[0.0,-2.2373]},"K4o":{"weight":0.0,"played":[0.9994,6.0E-4],"evs":[0.0,-2.24537]},"A4o":{"weight":0.0,"played":[0.0022,0.9978],"evs":[0.0,1.56817]},"52s":{"weight":0.0,"played":[0.8674,0.1326],"evs":[0.0,-0.21567]},"53s":{"weight":0.0,"played":[0.5347,0.4653],"evs":[0.0,0.00619]},"54s":{"weight":0.0,"played":[0.032,0.968],"evs":[0.0,1.12488]},"55":{"weight":1.0,"played":[0.0,1.0],"evs":[0.0,5.55193]},"65o":{"weight":0.0,"played":[0.7777,0.2223],"evs":[0.0,-0.51171]},"75o":{"weight":0.0,"played":[0.9159,0.0841],"evs":[0.0,-0.62851]},"85o":{"weight":0.0,"played":[0.9987,0.0013],"evs":[0.0,-0.9131]},"95o":{"weight":0.0,"played":[0.9998,2.0E-4],"evs":[0.0,-1.74834]},"T5o":{"weight":0.0,"played":[0.9997,3.0E-4],"evs":[0.0,-3.32973]},"J5o":{"weight":0.0,"played":[0.9993,7.0E-4],"evs":[0.0,-2.82259]},"Q5o":{"weight":0.0,"played":[0.9994,6.0E-4],"evs":[0.0,-2.30806]},"K5o":{"weight":0.0,"played":[0.9971,0.0029],"evs":[0.0,-1.57757]},"A5o":{"weight":0.9983,"played":[9.0E-4,0.9991],"evs":[0.0,1.95687]},"62s":{"weight":0.0,"played":[0.9684,0.0316],"evs":[0.0,-1.4583]},"63s":{"weight":0.0,"played":[0.4054,0.5946],"evs":[0.0,-0.14407]},"64s":{"weight":0.0,"played":[0.2141,0.7859],"evs":[0.0,0.7385]},"65s":{"weight":0.9823,"played":[0.0016,0.9984],"evs":[0.0,1.56006]},"66":{"weight":1.0,"played":[0.0,1.0],"evs":[0.0,6.49405]},"76o":{"weight":0.0,"played":[0.0534,0.9466],"evs":[0.0,0.38891]},"86o":{"weight":0.0,"played":[0.6409,0.3591],"evs":[0.0,0.03841]},"96o":{"weight":0.0,"played":[0.9782,0.0218],"evs":[0.0,-0.92224]},"T6o":{"weight":0.0,"played":[0.9984,0.0016],"evs":[0.0,-2.01979]},"J6o":{"weight":0.0,"played":[0.999,0.001],"evs":[0.0,-2.34734]},"Q6o":{"weight":0.0,"played":[0.9854,0.0146],"evs":[0.0,-2.10522]},"K6o":{"weight":0.0,"played":[0.9834,0.0166],"evs":[0.0,-1.16384]},"A6o":{"weight":0.0,"played":[0.0,1.0],"evs":[0.0,1.63014]},"72s":{"weight":0.0,"played":[0.9996,4.0E-4],"evs":[0.0,-1.52061]},"73s":{"weight":0.0,"played":[0.6699,0.3301],"evs":[0.0,0.56212]},"74s":{"weight":0.0,"played":[0.014,0.986],"evs":[0.0,2.01201]},"75s":{"weight":0.0,"played":[0.1251,0.8749],"evs":[0.0,1.07219]},"76s":{"weight":0.9999,"played":[0.0105,0.9895],"evs":[0.0,2.1671]},"77":{"weight":1.0,"played":[0.0,1.0],"evs":[0.0,7.43278]},"87o":{"weight":0.0,"played":[0.0471,0.9529],"evs":[0.0,1.22883]},"97o":{"weight":0.0,"played":[0.3416,0.6584],"evs":[0.0,-0.20706]},"T7o":{"weight":0.0,"played":[0.9854,0.0146],"evs":[0.0,-1.13833]},"J7o":{"weight":0.0,"played":[0.9926,0.0074],"evs":[0.0,-1.63841]},"Q7o":{"weight":0.0,"played":[0.9984,0.0016],"evs":[0.0,-1.94732]},"K7o":{"weight":0.0,"played":[0.9995,5.0E-4],"evs":[0.0,-1.17307]},"A7o":{"weight":1.0,"played":[0.0,1.0],"evs":[0.0,2.96104]},"82s":{"weight":0.0,"played":[0.9836,0.0164],"evs":[0.0,-1.18319]},"83s":{"weight":0.0,"played":[0.8639,0.1361],"evs":[0.0,-0.68058]},"84s":{"weight":0.0,"played":[0.1256,0.8744],"evs":[0.0,0.17007]},"85s":{"weight":0.0,"played":[0.02,0.98],"evs":[0.0,0.64871]},"86s":{"weight":0.7689,"played":[0.0012,0.9988],"evs":[0.0,1.78235]},"87s":{"weight":0.9999,"played":[7.0E-4,0.9993],"evs":[0.0,1.94578]},"88":{"weight":0.9998,"played":[0.0,1.0],"evs":[0.0,8.65495]},"98o":{"weight":0.0,"played":[0.0763,0.9237],"evs":[0.0,0.88746]},"T8o":{"weight":0.0,"played":[0.8682,0.1318],"evs":[0.0,-0.67651]},"J8o":{"weight":0.0,"played":[0.9828,0.0172],"evs":[0.0,-0.46959]},"Q8o":{"weight":0.0,"played":[0.9234,0.0766],"evs":[0.0,-0.605]},"K8o":{"weight":0.0,"played":[0.5376,0.4624],"evs":[0.0,-0.82934]},"A8o":{"weight":1.0,"played":[0.0,1.0],"evs":[0.0,3.3488]},"92s":{"weight":0.0,"played":[0.9994,6.0E-4],"evs":[0.0,-0.50044]},"93s":{"weight":0.0,"played":[1.0,0.0],"evs":[0.0,-0.76868]},"94s":{"weight":0.0,"played":[0.6737,0.3263],"evs":[0.0,-0.26635]},"95s":{"weight":0.0,"played":[0.6355,0.3645],"evs":[0.0,-0.44641]},"96s":{"weight":0.0,"played":[0.3133,0.6867],"evs":[0.0,1.44875]},"97s":{"weight":0.9998,"played":[0.0177,0.9823],"evs":[0.0,1.56957]},"98s":{"weight":1.0,"played":[0.0035,0.9965],"evs":[0.0,2.64223]},"99":{"weight":1.0,"played":[0.0,1.0],"evs":[0.0,9.46433]},"T9o":{"weight":0.0,"played":[0.2512,0.7488],"evs":[0.0,0.39772]},"J9o":{"weight":0.0,"played":[0.737,0.263],"evs":[0.0,-0.29683]},"Q9o":{"weight":0.0,"played":[0.6116,0.3884],"evs":[0.0,-0.57509]},"K9o":{"weight":0.0,"played":[0.2541,0.7459],"evs":[0.0,0.15054]},"A9o":{"weight":1.0,"played":[0.0,1.0],"evs":[0.0,4.52956]},"T2s":{"weight":0.0,"played":[0.9999,1.0E-4],"evs":[0.0,-2.65915]},"T3s":{"weight":0.0,"played":[0.9714,0.0286],"evs":[0.0,-1.66075]},"T4s":{"weight":0.0,"played":[0.9881,0.0119],"evs":[0.0,-1.85763]},"T5s":{"weight":0.0,"played":[0.9925,0.0075],"evs":[0.0,-1.77082]},"T6s":{"weight":0.0,"played":[0.9658,0.0342],"evs":[0.0,-0.48394]},"T7s":{"weight":0.9993,"played":[2.0E-4,0.9998],"evs":[0.0,0.62119]},"T8s":{"weight":1.0,"played":[3.0E-4,0.9997],"evs":[0.0,1.17911]},"T9s":{"weight":1.0,"played":[7.0E-4,0.9993],"evs":[0.0,1.79074]},"TT":{"weight":1.0,"played":[0.0,1.0],"evs":[0.0,12.03018]},"JTo":{"weight":1.0,"played":[0.0089,0.9911],"evs":[0.0,0.33375]},"QTo":{"weight":1.0,"played":[0.0021,0.9979],"evs":[0.0,0.49628]},"KTo":{"weight":1.0,"played":[0.0,1.0],"evs":[0.0,1.29117]},"ATo":{"weight":1.0,"played":[0.0,1.0],"evs":[0.0,6.09995]},"J2s":{"weight":0.0,"played":[0.9437,0.0563],"evs":[0.0,-1.17754]},"J3s":{"weight":0.0,"played":[0.9401,0.0599],"evs":[0.0,-0.90159]},"J4s":{"weight":0.0,"played":[0.8472,0.1528],"evs":[0.0,-0.29485]},"J5s":{"weight":0.0,"played":[0.9816,0.0184],"evs":[0.0,-1.13145]},"J6s":{"weight":0.0,"played":[0.6021,0.3979],"evs":[0.0,-0.53206]},"J7s":{"weight":0.0,"played":[0.1478,0.8522],"evs":[0.0,0.56874]},"J8s":{"weight":1.0,"played":[0.0399,0.9601],"evs":[0.0,0.88598]},"J9s":{"weight":1.0,"played":[0.0013,0.9987],"evs":[0.0,1.98442]},"JTs":{"weight":1.0,"played":[4.0E-4,0.9996],"evs":[0.0,2.17721]},"JJ":{"weight":1.0,"played":[0.0,1.0],"evs":[0.0,13.93886]},"QJo":{"weight":1.0,"played":[0.0,1.0],"evs":[0.0,1.43361]},"KJo":{"weight":1.0,"played":[0.0,1.0],"evs":[0.0,2.46064]},"AJo":{"weight":1.0,"played":[0.0,1.0],"evs":[0.0,8.08711]},"Q2s":{"weight":0.0,"played":[0.5935,0.4065],"evs":[0.0,-0.23968]},"Q3s":{"weight":0.0,"played":[0.4998,0.5002],"evs":[0.0,-0.30955]},"Q4s":{"weight":0.0,"played":[0.7868,0.2132],"evs":[0.0,-0.26919]},"Q5s":{"weight":0.0,"played":[0.966,0.034],"evs":[0.0,-0.33553]},"Q6s":{"weight":0.0,"played":[0.3378,0.6622],"evs":[0.0,0.34372]},"Q7s":{"weight":0.1057,"played":[0.3922,0.6078],"evs":[0.0,0.69348]},"Q8s":{"weight":1.0,"played":[0.0,1.0],"evs":[0.0,1.54381]},"Q9s":{"weight":1.0,"played":[0.0,1.0],"evs":[0.0,1.74768]},"QTs":{"weight":1.0,"played":[0.0016,0.9984],"evs":[0.0,2.14334]},"QJs":{"weight":1.0,"played":[0.0,1.0],"evs":[0.0,2.6404]},"QQ":{"weight":1.0,"played":[0.0,1.0],"evs":[0.0,17.70283]},"KQo":{"weight":0.9999,"played":[0.0,1.0],"evs":[0.0,3.73917]},"AQo":{"weight":0.9998,"played":[0.0,1.0],"evs":[0.0,9.23215]},"K2s":{"weight":0.0,"played":[0.0079,0.9921],"evs":[0.0,0.46473]},"K3s":{"weight":0.0,"played":[0.501,0.499],"evs":[0.0,-0.20336]},"K4s":{"weight":0.0591,"played":[0.8905,0.1095],"evs":[0.0,-0.63463]},"K5s":{"weight":1.0,"played":[0.8096,0.1904],"evs":[0.0,-0.52073]},"K6s":{"weight":1.0,"played":[0.0051,0.9949],"evs":[0.0,0.62935]},"K7s":{"weight":1.0,"played":[0.0,1.0],"evs":[0.0,1.55733]},"K8s":{"weight":1.0,"played":[0.0032,0.9968],"evs":[0.0,1.61721]},"K9s":{"weight":1.0,"played":[0.0,1.0],"evs":[0.0,2.5147]},"KTs":{"weight":0.9999,"played":[0.0,1.0],"evs":[0.0,3.07812]},"KJs":{"weight":1.0,"played":[0.0,1.0],"evs":[0.0,4.79949]},"KQs":{"weight":1.0,"played":[0.0,1.0],"evs":[0.0,5.71591]},"KK":{"weight":1.0,"played":[0.0,1.0],"evs":[0.0,19.9141]},"AKo":{"weight":1.0,"played":[0.0,1.0],"evs":[0.0,10.39083]},"A2s":{"weight":1.0,"played":[0.0,1.0],"evs":[0.0,3.30101]},"A3s":{"weight":1.0,"played":[8.0E-4,0.9992],"evs":[0.0,2.73479]},"A4s":{"weight":1.0,"played":[0.0,1.0],"evs":[0.0,2.87918]},"A5s":{"weight":1.0,"played":[0.0,1.0],"evs":[0.0,3.62219]},"A6s":{"weight":1.0,"played":[1.0E-4,0.9999],"evs":[0.0,3.51874]},"A7s":{"weight":1.0,"played":[0.0,1.0],"evs":[0.0,5.48559]},"A8s":{"weight":1.0,"played":[0.0,1.0],"evs":[0.0,6.78045]},"A9s":{"weight":1.0,"played":[0.0,1.0],"evs":[0.0,5.30325]},"ATs":{"weight":1.0,"played":[0.0,1.0],"evs":[0.0,8.49187]},"AJs":{"weight":1.0,"played":[0.0,1.0],"evs":[0.0,9.64168]},"AQs":{"weight":1.0,"played":[0.0,1.0],"evs":[0.0,10.34964]},"AKs":{"weight":1.0,"played":[0.0,1.0],"evs":[0.0,12.09895]},"AA":{"weight":1.0,"played":[0.0,1.0],"evs":[0.0,26.67211]}}}