{"player":3,"street":0,"children":2,"sequence":[{"player":0,"type":"R","amount":200000,"street":0},{"player":1,"type":"F","amount":0,"street":0},{"player":2,"type":"F","amount":0,"street":0},{"player":3,"type":"C","amount":200000,"street":0},{"player":4,"type":"C","amount":150000,"street":0},{"player":5,"type":"R","amount":1985000,"street":0},{"player":0,"type":"C","amount":1785000,"street":0}],"actions":[{"type":"F","amount":0,"node":222},{"type":"C","amount":785000,"node":223}],"hands":{"22":{"weight":0.0,"played":[0.0187,0.9813],"evs":[0.0,0.21773]},"32o":{"weight":0.0,"played":[1.0,0.0],"evs":[0.0,-1.81353]},"42o":{"weight":0.0,"played":[1.0,0.0],"evs":[0.0,-1.67789]},"52o":{"weight":0.0,"played":[1.0,0.0],"evs":[0.0,-1.61722]},"62o":{"weight":0.0,"played":[1.0,0.0],"evs":[0.0,-2.03781]},"72o":{"weight":0.0,"played":[1.0,0.0],"evs":[0.0,-2.28525]},"82o":{"weight":0.0,"played":[1.0,0.0],"evs":[0.0,-2.14591]},"92o":{"weight":0.0,"played":[1.0,0.0],"evs":[0.0,-2.07485]},"T2o":{"weight":0.0,"played":[1.0,0.0],"evs":[0.0,-2.16965]},"J2o":{"weight":0.0,"played":[1.0,0.0],"evs":[0.0,-1.93355]},"Q2o":{"weight":0.0,"played":[1.0,0.0],"evs":[0.0,-1.79824]},"K2o":{"weight":0.0,"played":[1.0,0.0],"evs":[0.0,-1.30147]},"A2o":{"weight":0.0,"played":[0.9999,1.0E-4],"evs":[0.0,-1.12715]},"32s":{"weight":0.0,"played":[1.0,0.0],"evs":[0.0,-0.83929]},"33":{"weight":0.0,"played":[1.0E-4,0.9999],"evs":[0.0,0.44612]},"43o":{"weight":0.0,"played":[1.0,0.0],"evs":[0.0,-1.20059]},"53o":{"weight":0.0,"played":[1.0,0.0],"evs":[0.0,-1.08693]},"63o":{"weight":0.0,"played":[1.0,0.0],"evs":[0.0,-1.38753]},"73o":{"weight":0.0,"played":[1.0,0.0],"evs":[0.0,-1.81942]},"83o":{"weight":0.0,"played":[1.0,0.0],"evs":[0.0,-2.12861]},"93o":{"weight":0.0,"played":[1.0,0.0],"evs":[0.0,-1.94856]},"T3o":{"weight":0.0,"played":[1.0,0.0],"evs":[0.0,-2.02656]},"J3o":{"weight":0.0,"played":[1.0,0.0],"evs":[0.0,-1.76746]},"Q3o":{"weight":0.0,"played":[1.0,0.0],"evs":[0.0,-1.59538]},"K3o":{"weight":0.0,"played":[1.0,0.0],"evs":[0.0,-1.19399]},"A3o":{"weight":0.0,"played":[1.0,0.0],"evs":[0.0,-0.93378]},"42s":{"weight":0.0,"played":[0.9999,1.0E-4],"evs":[0.0,-0.41024]},"43s":{"weight":0.0,"played":[0.7982,0.2018],"evs":[0.0,-0.04627]},"44":{"weight":0.1603,"played":[0.0,1.0],"evs":[0.0,1.03766]},"54o":{"weight":0.0,"played":[1.0,0.0],"evs":[0.0,-0.6359]},"64o":{"weight":0.0,"played":[1.0,0.0],"evs":[0.0,-0.91679]},"74o":{"weight":0.0,"played":[1.0,0.0],"evs":[0.0,-1.28316]},"84o":{"weight":0.0,"played":[1.0,0.0],"evs":[0.0,-1.60101]},"94o":{"weight":0.0,"played":[1.0,0.0],"evs":[0.0,-1.80123]},"T4o":{"weight":0.0,"played":[1.0,0.0],"evs":[0.0,-1.7421]},"J4o":{"weight":0.0,"played":[1.0,0.0],"evs":[0.0,-1.55129]},"Q4o":{"weight":0.0,"played":[1.0,0.0],"evs":[0.0,-1.43362]},"K4o":{"weight":0.0,"played":[1.0,0.0],"evs":[0.0,-1.06107]},"A4o":{"weight":0.0,"played":[1.0,0.0],"evs":[0.0,-0.57847]},"52s":{"weight":0.0,"played":[0.931,0.069],"evs":[0.0,-0.5604]},"53s":{"weight":0.0,"played":[0.5124,0.4876],"evs":[0.0,0.00886]},"54s":{"weight":0.0,"played":[4.0E-4,0.9996],"evs":[0.0,0.29821]},"55":{"weight":0.023,"played":[0.0,1.0],"evs":[0.0,1.33978]},"65o":{"weight":0.0,"played":[0.9998,2.0E-4],"evs":[0.0,-0.59801]},"75o":{"weight":0.0,"played":[1.0,0.0],"evs":[0.0,-0.90349]},"85o":{"weight":0.0,"played":[1.0,0.0],"evs":[0.0,-1.21712]},"95o":{"weight":0.0,"played":[1.0,0.0],"evs":[0.0,-1.58997]},"T5o":{"weight":0.0,"played":[1.0,0.0],"evs":[0.0,-1.84903]},"J5o":{"weight":0.0,"played":[1.0,0.0],"evs":[0.0,-1.50396]},"Q5o":{"weight":0.0,"played":[1.0,0.0],"evs":[0.0,-1.34115]},"K5o":{"weight":0.0,"played":[0.9999,1.0E-4],"evs":[0.0,-1.092]},"A5o":{"weight":0.0,"played":[0.9991,9.0E-4],"evs":[0.0,-0.4236]},"62s":{"weight":0.0,"played":[1.0,0.0],"evs":[0.0,-0.46695]},"63s":{"weight":0.0,"played":[0.9905,0.0095],"evs":[0.0,-0.29747]},"64s":{"weight":0.0,"played":[4.0E-4,0.9996],"evs":[0.0,0.24332]},"65s":{"weight":0.0,"played":[0.0,1.0],"evs":[0.0,0.43085]},"66":{"weight":3.0E-4,"played":[0.0,1.0],"evs":[0.0,1.92783]},"76o":{"weight":0.0,"played":[1.0,0.0],"evs":[0.0,-0.55447]},"86o":{"weight":0.0,"played":[1.0,0.0],"evs":[0.0,-0.69647]},"96o":{"weight":0.0,"played":[1.0,0.0],"evs":[0.0,-1.0625]},"T6o":{"weight":0.0,"played":[1.0,0.0],"evs":[0.0,-1.36652]},"J6o":{"weight":0.0,"played":[1.0,0.0],"evs":[0.0,-1.43378]},"Q6o":{"weight":0.0,"played":[1.0,0.0],"evs":[0.0,-1.15835]},"K6o":{"weight":0.0,"played":[0.9992,8.0E-4],"evs":[0.0,-0.70551]},"A6o":{"weight":0.0,"played":[1.0,0.0],"evs":[0.0,-0.74397]},"72s":{"weight":0.0,"played":[0.9997,3.0E-4],"evs":[0.0,-1.19156]},"73s":{"weight":0.0,"played":[0.9995,5.0E-4],"evs":[0.0,-0.64629]},"74s":{"weight":0.0,"played":[0.9766,0.0234],"evs":[0.0,-0.03959]},"75s":{"weight":0.0,"played":[3.0E-4,0.9997],"evs":[0.0,0.2675]},"76s":{"weight":0.0,"played":[0.0,1.0],"evs":[0.0,0.52198]},"77":{"weight":0.0,"played":[0.0,1.0],"evs":[0.0,2.34704]},"87o":{"weight":0.0,"played":[0.9987,0.0013],"evs":[0.0,-0.49961]},"97o":{"weight":0.0,"played":[0.9997,3.0E-4],"evs":[0.0,-0.66165]},"T7o":{"weight":0.0,"played":[0.9999,1.0E-4],"evs":[0.0,-0.95308]},"J7o":{"weight":0.0,"played":[0.9999,1.0E-4],"evs":[0.0,-1.06278]},"Q7o":{"weight":0.0,"played":[1.0,0.0],"evs":[0.0,-1.20502]},"K7o":{"weight":0.0,"played":[0.9997,3.0E-4],"evs":[0.0,-0.75674]},"A7o":{"weight":0.0,"played":[0.9933,0.0067],"evs":[0.0,-0.47054]},"82s":{"weight":0.0,"played":[0.9989,0.0011],"evs":[0.0,-0.97393]},"83s":{"weight":0.0,"played":[0.9998,2.0E-4],"evs":[0.0,-0.95131]},"84s":{"weight":0.0,"played":[0.9882,0.0118],"evs":[0.0,-0.47032]},"85s":{"weight":0.0,"played":[0.3633,0.6367],"evs":[0.0,-0.09308]},"86s":{"weight":0.0,"played":[0.0591,0.9409],"evs":[0.0,0.3673]},"87s":{"weight":0.0,"played":[0.0036,0.9964],"evs":[0.0,0.64227]},"88":{"weight":0.0,"played":[0.0,1.0],"evs":[0.0,2.99305]},"98o":{"weight":0.0,"played":[0.9984,0.0016],"evs":[0.0,-0.21848]},"T8o":{"weight":0.0,"played":[1.0,0.0],"evs":[0.0,-0.59324]},"J8o":{"weight":0.0,"played":[1.0,0.0],"evs":[0.0,-0.57708]},"Q8o":{"weight":0.0,"played":[1.0,0.0],"evs":[0.0,-0.76105]},"K8o":{"weight":0.0,"played":[0.9993,7.0E-4],"evs":[0.0,-0.60652]},"A8o":{"weight":0.0,"played":[0.5758,0.4242],"evs":[0.0,-0.07837]},"92s":{"weight":0.0,"played":[0.9997,3.0E-4],"evs":[0.0,-0.75593]},"93s":{"weight":0.0,"played":[0.9957,0.0043],"evs":[0.0,-0.64862]},"94s":{"weight":0.0,"played":[0.9999,1.0E-4],"evs":[0.0,-0.55064]},"95s":{"weight":0.0,"played":[1.0,0.0],"evs":[0.0,-0.35]},"96s":{"weight":0.0,"played":[0.2032,0.7968],"evs":[0.0,0.0161]},"97s":{"weight":0.0,"played":[1.0E-4,0.9999],"evs":[0.0,0.8022]},"98s":{"weight":0.0,"played":[0.0017,0.9983],"evs":[0.0,1.01274]},"99":{"weight":0.0,"played":[0.0,1.0],"evs":[0.0,3.87992]},"T9o":{"weight":0.0,"played":[0.7889,0.2111],"evs":[0.0,-0.05384]},"J9o":{"weight":0.0,"played":[0.862,0.138],"evs":[0.0,-0.11017]},"Q9o":{"weight":0.0,"played":[0.9954,0.0046],"evs":[0.0,-0.08315]},"K9o":{"weight":0.0,"played":[0.6339,0.3661],"evs":[0.0,-0.03747]},"A9o":{"weight":0.0,"played":[0.0,1.0],"evs":[0.0,0.43406]},"T2s":{"weight":0.0,"played":[1.0,0.0],"evs":[0.0,-0.83964]},"T3s":{"weight":0.0,"played":[0.9999,1.0E-4],"evs":[0.0,-0.90154]},"T4s":{"weight":0.0,"played":[0.9984,0.0016],"evs":[0.0,-0.61407]},"T5s":{"weight":0.0,"played":[0.9995,5.0E-4],"evs":[0.0,-0.54917]},"T6s":{"weight":0.0,"played":[0.9639,0.0361],"evs":[0.0,-0.23304]},"T7s":{"weight":0.0,"played":[0.028,0.972],"evs":[0.0,0.12841]},"T8s":{"weight":0.0,"played":[5.0E-4,0.9995],"evs":[0.0,0.64787]},"T9s":{"weight":0.0065,"played":[0.0,1.0],"evs":[0.0,1.15985]},"TT":{"weight":0.0,"played":[0.0,1.0],"evs":[0.0,5.04446]},"JTo":{"weight":0.0,"played":[2.0E-4,0.9998],"evs":[0.0,0.40848]},"QTo":{"weight":0.0,"played":[0.0047,0.9953],"evs":[0.0,0.36017]},"KTo":{"weight":0.0,"played":[0.0,1.0],"evs":[0.0,0.71472]},"ATo":{"weight":0.0,"played":[0.0,1.0],"evs":[0.0,1.45514]},"J2s":{"weight":0.0,"played":[0.9979,0.0021],"evs":[0.0,-0.62467]},"J3s":{"weight":0.0,"played":[0.9985,0.0015],"evs":[0.0,-0.21507]},"J4s":{"weight":0.0,"played":[0.995,0.005],"evs":[0.0,-0.40297]},"J5s":{"weight":0.0,"played":[0.9227,0.0773],"evs":[0.0,-0.10654]},"J6s":{"weight":0.0,"played":[0.9984,0.0016],"evs":[0.0,-0.35777]},"J7s":{"weight":0.0,"played":[0.7653,0.2347],"evs":[0.0,-0.05693]},"J8s":{"weight":0.0,"played":[0.0,1.0],"evs":[0.0,0.65516]},"J9s":{"weight":0.0017,"played":[0.0,1.0],"evs":[0.0,1.10168]},"JTs":{"weight":1.0,"played":[0.0,1.0],"evs":[0.0,1.43297]},"JJ":{"weight":0.0,"played":[0.0,1.0],"evs":[0.0,6.44909]},"QJo":{"weight":0.0,"played":[0.0,1.0],"evs":[0.0,0.9416]},"KJo":{"weight":0.1937,"played":[0.0,1.0],"evs":[0.0,1.32807]},"AJo":{"weight":0.0,"played":[0.0,1.0],"evs":[0.0,2.14122]},"Q2s":{"weight":0.0,"played":[0.9924,0.0076],"evs":[0.0,-0.22413]},"Q3s":{"weight":0.0,"played":[0.9837,0.0163],"evs":[0.0,-0.34896]},"Q4s":{"weight":0.0,"played":[0.9939,0.0061],"evs":[0.0,-0.10133]},"Q5s":{"weight":0.0,"played":[0.9511,0.0489],"evs":[0.0,-0.15901]},"Q6s":{"weight":0.0,"played":[0.9896,0.0104],"evs":[0.0,-0.14182]},"Q7s":{"weight":0.0,"played":[0.275,0.725],"evs":[0.0,0.16128]},"Q8s":{"weight":0.0,"played":[0.0103,0.9897],"evs":[0.0,0.57191]},"Q9s":{"weight":0.0151,"played":[3.0E-4,0.9997],"evs":[0.0,0.85072]},"QTs":{"weight":1.0,"played":[0.0,1.0],"evs":[0.0,1.60323]},"QJs":{"weight":1.0,"played":[0.0,1.0],"evs":[0.0,1.94956]},"QQ":{"weight":0.0,"played":[0.0,1.0],"evs":[0.0,8.27842]},"KQo":{"weight":0.0,"played":[0.0,1.0],"evs":[0.0,1.87652]},"AQo":{"weight":0.0,"played":[0.0,1.0],"evs":[0.0,2.94931]},"K2s":{"weight":0.0,"played":[0.994,0.006],"evs":[0.0,-0.10923]},"K3s":{"weight":0.0,"played":[0.0215,0.9785],"evs":[0.0,0.02358]},"K4s":{"weight":0.0,"played":[4.0E-4,0.9996],"evs":[0.0,0.14005]},"K5s":{"weight":0.0,"played":[0.0024,0.9976],"evs":[0.0,0.34288]},"K6s":{"weight":0.0,"played":[3.0E-4,0.9997],"evs":[0.0,0.46065]},"K7s":{"weight":0.0,"played":[0.0,1.0],"evs":[0.0,0.7472]},"K8s":{"weight":0.0,"played":[0.0,1.0],"evs":[0.0,0.66566]},"K9s":{"weight":0.9998,"played":[0.0,1.0],"evs":[0.0,1.07665]},"KTs":{"weight":1.0,"played":[0.0,1.0],"evs":[0.0,1.92853]},"KJs":{"weight":0.1648,"played":[0.0,1.0],"evs":[0.0,2.40469]},"KQs":{"weight":0.0,"played":[0.0,1.0],"evs":[0.0,3.02788]},"KK":{"weight":0.0,"played":[0.0,1.0],"evs":[0.0,10.14454]},"AKo":{"weight":0.0,"played":[0.0,1.0],"evs":[0.0,3.94404]},"A2s":{"weight":0.0,"played":[0.0218,0.9782],"evs":[0.0,0.26223]},"A3s":{"weight":4.0E-4,"played":[6.0E-4,0.9994],"evs":[0.0,0.44132]},"A4s":{"weight":0.3118,"played":[0.0,1.0],"evs":[0.0,0.79554]},"A5s":{"weight":0.9999,"played":[0.0,1.0],"evs":[0.0,0.96236]},"A6s":{"weight":0.123,"played":[0.0015,0.9985],"evs":[0.0,0.68449]},"A7s":{"weight":8.0E-4,"played":[0.0,1.0],"evs":[0.0,0.89817]},"A8s":{"weight":0.0,"played":[0.0,1.0],"evs":[0.0,1.29691]},"A9s":{"weight":0.0,"played":[0.0,1.0],"evs":[0.0,1.79845]},"ATs":{"weight":0.0,"played":[0.0,1.0],"evs":[0.0,2.81078]},"AJs":{"weight":0.0,"played":[0.0,1.0],"evs":[0.0,3.35499]},"AQs":{"weight":0.0,"played":[0.0,1.0],"evs":[0.0,4.13587]},"AKs":{"weight":0.0,"played":[0.0,1.0],"evs":[0.0,4.74983]},"AA":{"weight":2.0E-4,"played":[0.0,1.0],"evs":[0.0,13.49466]}}}