{"player":3,"street":0,"children":2,"sequence":[{"player":0,"type":"R","amount":200000,"street":0},{"player":1,"type":"F","amount":0,"street":0},{"player":2,"type":"F","amount":0,"street":0},{"player":3,"type":"C","amount":200000,"street":0},{"player":4,"type":"R","amount":1085000,"street":0},{"player":5,"type":"R","amount":1985000,"street":0},{"player":0,"type":"F","amount":0,"street":0}],"actions":[{"type":"F","amount":0},{"type":"C","amount":785000}],"hands":{"22":{"weight":0.0,"played":[0.0138,0.9862],"evs":[0.0,3.00917]},"32o":{"weight":0.0,"played":[0.9631,0.0369],"evs":[0.0,-0.86111]},"42o":{"weight":0.0,"played":[1.0,0.0],"evs":[0.0,-1.63518]},"52o":{"weight":0.0,"played":[0.9725,0.0275],"evs":[0.0,-0.53546]},"62o":{"weight":0.0,"played":[0.5799,0.4201],"evs":[0.0,-0.22821]},"72o":{"weight":0.0,"played":[0.8856,0.1144],"evs":[0.0,-1.63151]},"82o":{"weight":0.0,"played":[0.9785,0.0215],"evs":[0.0,-1.94372]},"92o":{"weight":0.0,"played":[0.9635,0.0365],"evs":[0.0,-1.57747]},"T2o":{"weight":0.0,"played":[0.8401,0.1599],"evs":[0.0,-0.54398]},"J2o":{"weight":0.0,"played":[0.7816,0.2184],"evs":[0.0,0.02775]},"Q2o":{"weight":0.0,"played":[0.5063,0.4937],"evs":[0.0,0.52358]},"K2o":{"weight":0.0,"played":[0.9817,0.0183],"evs":[0.0,-0.75278]},"A2o":{"weight":0.0,"played":[0.9963,0.0037],"evs":[0.0,-3.28516]},"32s":{"weight":0.0,"played":[0.6674,0.3326],"evs":[0.0,-1.53049]},"33":{"weight":0.0,"played":[0.4975,0.5025],"evs":[0.0,-0.20951]},"43o":{"weight":0.0,"played":[0.9215,0.0785],"evs":[0.0,-2.92761]},"53o":{"weight":0.0,"played":[0.9989,0.0011],"evs":[0.0,-2.18727]},"63o":{"weight":0.0,"played":[0.9999,1.0E-4],"evs":[0.0,-1.43309]},"73o":{"weight":0.0,"played":[0.9962,0.0038],"evs":[0.0,-3.22399]},"83o":{"weight":0.0,"played":[0.9956,0.0044],"evs":[0.0,-1.60272]},"93o":{"weight":0.0,"played":[0.7767,0.2233],"evs":[0.0,-1.43472]},"T3o":{"weight":0.0,"played":[0.9879,0.0121],"evs":[0.0,-2.44776]},"J3o":{"weight":0.0,"played":[0.8029,0.1971],"evs":[0.0,-0.35664]},"Q3o":{"weight":0.0,"played":[0.3017,0.6983],"evs":[0.0,0.27527]},"K3o":{"weight":0.0,"played":[0.9291,0.0709],"evs":[0.0,0.46525]},"A3o":{"weight":0.0,"played":[0.9824,0.0176],"evs":[0.0,-2.06193]},"42s":{"weight":0.0,"played":[0.9277,0.0723],"evs":[0.0,-1.12679]},"43s":{"weight":0.0,"played":[0.4487,0.5513],"evs":[0.0,0.88116]},"44":{"weight":0.1603,"played":[0.0539,0.9461],"evs":[0.0,2.26273]},"54o":{"weight":0.0,"played":[0.9518,0.0482],"evs":[0.0,-0.85764]},"64o":{"weight":0.0,"played":[0.689,0.311],"evs":[0.0,-0.16755]},"74o":{"weight":0.0,"played":[0.8331,0.1669],"evs":[0.0,-1.18567]},"84o":{"weight":0.0,"played":[0.7986,0.2014],"evs":[0.0,-1.21256]},"94o":{"weight":0.0,"played":[0.9307,0.0693],"evs":[0.0,-1.13504]},"T4o":{"weight":0.0,"played":[0.9997,3.0E-4],"evs":[0.0,-0.816]},"J4o":{"weight":0.0,"played":[0.6648,0.3352],"evs":[0.0,-0.31595]},"Q4o":{"weight":0.0,"played":[0.8999,0.1001],"evs":[0.0,-1.30084]},"K4o":{"weight":0.0,"played":[0.7777,0.2223],"evs":[0.0,-2.64642]},"A4o":{"weight":0.0,"played":[0.6573,0.3427],"evs":[0.0,-0.27295]},"52s":{"weight":0.0,"played":[0.9059,0.0941],"evs":[0.0,-2.25067]},"53s":{"weight":0.0,"played":[0.5028,0.4972],"evs":[0.0,-2.73918]},"54s":{"weight":0.0,"played":[0.6117,0.3883],"evs":[0.0,0.87571]},"55":{"weight":0.023,"played":[0.0401,0.9599],"evs":[0.0,1.08002]},"65o":{"weight":0.0,"played":[0.9584,0.0416],"evs":[0.0,-0.73566]},"75o":{"weight":0.0,"played":[0.1105,0.8895],"evs":[0.0,0.53617]},"85o":{"weight":0.0,"played":[0.9052,0.0948],"evs":[0.0,-2.01081]},"95o":{"weight":0.0,"played":[0.2868,0.7132],"evs":[0.0,0.78989]},"T5o":{"weight":0.0,"played":[0.9992,8.0E-4],"evs":[0.0,-0.2691]},"J5o":{"weight":0.0,"played":[0.5962,0.4038],"evs":[0.0,-0.64809]},"Q5o":{"weight":0.0,"played":[0.8364,0.1636],"evs":[0.0,-1.56845]},"K5o":{"weight":0.0,"played":[0.2519,0.7481],"evs":[0.0,-0.40202]},"A5o":{"weight":0.0,"played":[0.589,0.411],"evs":[0.0,-2.85782]},"62s":{"weight":0.0,"played":[0.1544,0.8456],"evs":[0.0,1.86866]},"63s":{"weight":0.0,"played":[0.9845,0.0155],"evs":[0.0,-2.10408]},"64s":{"weight":0.0,"played":[0.0889,0.9111],"evs":[0.0,1.3894]},"65s":{"weight":0.0,"played":[0.1775,0.8225],"evs":[0.0,4.1677]},"66":{"weight":3.0E-4,"played":[0.0188,0.9812],"evs":[0.0,3.20395]},"76o":{"weight":0.0,"played":[0.8154,0.1846],"evs":[0.0,-1.4944]},"86o":{"weight":0.0,"played":[0.9195,0.0805],"evs":[0.0,-1.37808]},"96o":{"weight":0.0,"played":[0.9951,0.0049],"evs":[0.0,-2.36167]},"T6o":{"weight":0.0,"played":[0.5725,0.4275],"evs":[0.0,-1.13006]},"J6o":{"weight":0.0,"played":[0.7186,0.2814],"evs":[0.0,-1.2702]},"Q6o":{"weight":0.0,"played":[0.9931,0.0069],"evs":[0.0,-0.92747]},"K6o":{"weight":0.0,"played":[0.4642,0.5358],"evs":[0.0,-0.19596]},"A6o":{"weight":0.0,"played":[0.78,0.22],"evs":[0.0,-1.53254]},"72s":{"weight":0.0,"played":[0.9698,0.0302],"evs":[0.0,-1.69906]},"73s":{"weight":0.0,"played":[0.9667,0.0333],"evs":[0.0,-0.25018]},"74s":{"weight":0.0,"played":[0.0255,0.9745],"evs":[0.0,2.69309]},"75s":{"weight":0.0,"played":[0.2536,0.7464],"evs":[0.0,4.4169]},"76s":{"weight":0.0,"played":[0.4996,0.5004],"evs":[0.0,1.59888]},"77":{"weight":0.0,"played":[1.0E-4,0.9999],"evs":[0.0,3.87836]},"87o":{"weight":0.0,"played":[0.4292,0.5708],"evs":[0.0,-0.46322]},"97o":{"weight":0.0,"played":[0.0187,0.9813],"evs":[0.0,0.88669]},"T7o":{"weight":0.0,"played":[0.8194,0.1806],"evs":[0.0,-1.70912]},"J7o":{"weight":0.0,"played":[0.9318,0.0682],"evs":[0.0,-2.38544]},"Q7o":{"weight":0.0,"played":[0.6888,0.3112],"evs":[0.0,-0.80196]},"K7o":{"weight":0.0,"played":[0.3079,0.6921],"evs":[0.0,-0.0235]},"A7o":{"weight":0.0,"played":[0.828,0.172],"evs":[0.0,-2.26541]},"82s":{"weight":0.0,"played":[0.0027,0.9973],"evs":[0.0,1.45192]},"83s":{"weight":0.0,"played":[0.3776,0.6224],"evs":[0.0,1.14839]},"84s":{"weight":0.0,"played":[0.2826,0.7174],"evs":[0.0,-8.6E-4]},"85s":{"weight":0.0,"played":[0.9222,0.0778],"evs":[0.0,-0.44294]},"86s":{"weight":0.0,"played":[0.2603,0.7397],"evs":[0.0,1.86282]},"87s":{"weight":0.0,"played":[0.4384,0.5616],"evs":[0.0,1.09518]},"88":{"weight":0.0,"played":[7.0E-4,0.9993],"evs":[0.0,8.90656]},"98o":{"weight":0.0,"played":[0.5158,0.4842],"evs":[0.0,-0.11764]},"T8o":{"weight":0.0,"played":[0.2711,0.7289],"evs":[0.0,0.55718]},"J8o":{"weight":0.0,"played":[0.6997,0.3003],"evs":[0.0,-0.40091]},"Q8o":{"weight":0.0,"played":[0.4168,0.5832],"evs":[0.0,0.26286]},"K8o":{"weight":0.0,"played":[0.6122,0.3878],"evs":[0.0,-0.13639]},"A8o":{"weight":0.0,"played":[0.0339,0.9661],"evs":[0.0,-0.07001]},"92s":{"weight":0.0,"played":[0.0246,0.9754],"evs":[0.0,4.02891]},"93s":{"weight":0.0,"played":[0.5423,0.4577],"evs":[0.0,0.76246]},"94s":{"weight":0.0,"played":[0.9443,0.0557],"evs":[0.0,-0.84248]},"95s":{"weight":0.0,"played":[0.0716,0.9284],"evs":[0.0,1.30522]},"96s":{"weight":0.0,"played":[0.9963,0.0037],"evs":[0.0,-3.26147]},"97s":{"weight":0.0,"played":[0.4272,0.5728],"evs":[0.0,2.43396]},"98s":{"weight":0.0,"played":[0.2726,0.7274],"evs":[0.0,1.55993]},"99":{"weight":0.0,"played":[0.0635,0.9365],"evs":[0.0,6.04305]},"T9o":{"weight":0.0,"played":[0.0129,0.9871],"evs":[0.0,3.04404]},"J9o":{"weight":0.0,"played":[0.5095,0.4905],"evs":[0.0,-7.5E-4]},"Q9o":{"weight":0.0,"played":[0.843,0.157],"evs":[0.0,-1.66784]},"K9o":{"weight":0.0,"played":[0.256,0.744],"evs":[0.0,0.63232]},"A9o":{"weight":0.0,"played":[0.1777,0.8223],"evs":[0.0,-0.34851]},"T2s":{"weight":0.0,"played":[0.7967,0.2033],"evs":[0.0,-0.86124]},"T3s":{"weight":0.0,"played":[0.4779,0.5221],"evs":[0.0,1.03066]},"T4s":{"weight":0.0,"played":[0.7686,0.2314],"evs":[0.0,-2.88527]},"T5s":{"weight":0.0,"played":[0.694,0.306],"evs":[0.0,0.41425]},"T6s":{"weight":0.0,"played":[0.9797,0.0203],"evs":[0.0,-1.6857]},"T7s":{"weight":0.0,"played":[0.1464,0.8536],"evs":[0.0,3.96905]},"T8s":{"weight":0.0,"played":[0.8051,0.1949],"evs":[0.0,-1.82644]},"T9s":{"weight":0.0065,"played":[0.4588,0.5412],"evs":[0.0,0.0588]},"TT":{"weight":0.0,"played":[0.0062,0.9938],"evs":[0.0,5.52584]},"JTo":{"weight":0.0,"played":[0.0075,0.9925],"evs":[0.0,2.72059]},"QTo":{"weight":0.0,"played":[0.2039,0.7961],"evs":[0.0,0.63536]},"KTo":{"weight":0.0,"played":[7.0E-4,0.9993],"evs":[0.0,0.79602]},"ATo":{"weight":0.0,"played":[0.0027,0.9973],"evs":[0.0,1.65128]},"J2s":{"weight":0.0,"played":[0.9887,0.0113],"evs":[0.0,-3.74224]},"J3s":{"weight":0.0,"played":[0.3598,0.6402],"evs":[0.0,0.26277]},"J4s":{"weight":0.0,"played":[0.6607,0.3393],"evs":[0.0,-1.65503]},"J5s":{"weight":0.0,"played":[0.4301,0.5699],"evs":[0.0,-1.02508]},"J6s":{"weight":0.0,"played":[0.2222,0.7778],"evs":[0.0,-0.09914]},"J7s":{"weight":0.0,"played":[0.8058,0.1942],"evs":[0.0,-0.75977]},"J8s":{"weight":0.0,"played":[0.0145,0.9855],"evs":[0.0,3.75511]},"J9s":{"weight":0.0017,"played":[0.0498,0.9502],"evs":[0.0,2.59011]},"JTs":{"weight":1.0,"played":[0.0205,0.9795],"evs":[0.0,4.47897]},"JJ":{"weight":0.0,"played":[0.0093,0.9907],"evs":[0.0,5.2621]},"QJo":{"weight":0.0,"played":[0.0652,0.9348],"evs":[0.0,0.52086]},"KJo":{"weight":0.1937,"played":[0.135,0.865],"evs":[0.0,0.18804]},"AJo":{"weight":0.0,"played":[0.0181,0.9819],"evs":[0.0,3.77943]},"Q2s":{"weight":0.0,"played":[0.9769,0.0231],"evs":[0.0,-2.30547]},"Q3s":{"weight":0.0,"played":[0.1519,0.8481],"evs":[0.0,2.56236]},"Q4s":{"weight":0.0,"played":[0.355,0.645],"evs":[0.0,0.99222]},"Q5s":{"weight":0.0,"played":[0.465,0.535],"evs":[0.0,-0.46969]},"Q6s":{"weight":0.0,"played":[0.1165,0.8835],"evs":[0.0,0.11414]},"Q7s":{"weight":0.0,"played":[0.6925,0.3075],"evs":[0.0,-1.92966]},"Q8s":{"weight":0.0,"played":[0.4187,0.5813],"evs":[0.0,0.49839]},"Q9s":{"weight":0.0151,"played":[6.0E-4,0.9994],"evs":[0.0,1.24127]},"QTs":{"weight":1.0,"played":[0.147,0.853],"evs":[0.0,0.64938]},"QJs":{"weight":1.0,"played":[0.0539,0.9461],"evs":[0.0,2.82841]},"QQ":{"weight":0.0,"played":[0.0183,0.9817],"evs":[0.0,7.6363]},"KQo":{"weight":0.0,"played":[6.0E-4,0.9994],"evs":[0.0,0.82183]},"AQo":{"weight":0.0,"played":[0.0,1.0],"evs":[0.0,4.09539]},"K2s":{"weight":0.0,"played":[0.0402,0.9598],"evs":[0.0,1.50454]},"K3s":{"weight":0.0,"played":[0.8012,0.1988],"evs":[0.0,-0.47945]},"K4s":{"weight":0.0,"played":[0.9526,0.0474],"evs":[0.0,-1.09359]},"K5s":{"weight":0.0,"played":[0.2908,0.7092],"evs":[0.0,-0.9048]},"K6s":{"weight":0.0,"played":[0.8716,0.1284],"evs":[0.0,-0.59136]},"K7s":{"weight":0.0,"played":[0.5755,0.4245],"evs":[0.0,-2.64833]},"K8s":{"weight":0.0,"played":[0.3763,0.6237],"evs":[0.0,-1.13595]},"K9s":{"weight":0.9998,"played":[0.16,0.84],"evs":[0.0,0.63866]},"KTs":{"weight":1.0,"played":[0.7524,0.2476],"evs":[0.0,0.27829]},"KJs":{"weight":0.1648,"played":[0.8677,0.1323],"evs":[0.0,-2.0059]},"KQs":{"weight":0.0,"played":[0.0368,0.9632],"evs":[0.0,2.87366]},"KK":{"weight":0.0,"played":[0.0,1.0],"evs":[0.0,11.44934]},"AKo":{"weight":0.0,"played":[3.0E-4,0.9997],"evs":[0.0,5.66089]},"A2s":{"weight":0.0,"played":[0.5637,0.4363],"evs":[0.0,-1.90052]},"A3s":{"weight":4.0E-4,"played":[0.0212,0.9788],"evs":[0.0,0.83732]},"A4s":{"weight":0.3118,"played":[0.0281,0.9719],"evs":[0.0,2.04241]},"A5s":{"weight":0.9999,"played":[0.8558,0.1442],"evs":[0.0,-1.11535]},"A6s":{"weight":0.123,"played":[0.0428,0.9572],"evs":[0.0,4.38431]},"A7s":{"weight":8.0E-4,"played":[0.8728,0.1272],"evs":[0.0,-0.78637]},"A8s":{"weight":0.0,"played":[0.0,1.0],"evs":[0.0,1.40045]},"A9s":{"weight":0.0,"played":[0.1016,0.8984],"evs":[0.0,2.69324]},"ATs":{"weight":0.0,"played":[0.2764,0.7236],"evs":[0.0,2.16704]},"AJs":{"weight":0.0,"played":[0.3522,0.6478],"evs":[0.0,-0.81415]},"AQs":{"weight":0.0,"played":[0.0,1.0],"evs":[0.0,11.68124]},"AKs":{"weight":0.0,"played":[0.0027,0.9973],"evs":[0.0,2.74154]},"AA":{"weight":2.0E-4,"played":[0.0,1.0],"evs":[0.0,10.60507]}}}