{"player":2,"street":0,"children":2,"sequence":[{"player":0,"type":"F","amount":0,"street":0},{"player":1,"type":"F","amount":0,"street":0},{"player":2,"type":"R","amount":200000,"street":0},{"player":3,"type":"F","amount":0,"street":0},{"player":4,"type":"R","amount":1085000,"street":0},{"player":5,"type":"R","amount":1885000,"street":0}],"actions":[{"type":"F","amount":0},{"type":"C","amount":1685000}],"hands":{"22":{"weight":0.0,"played":[1.0E-4,0.9999],"evs":[0.0,0.50407]},"32o":{"weight":0.0,"played":[1.0,0.0],"evs":[0.0,-4.20011]},"42o":{"weight":0.0,"played":[1.0,0.0],"evs":[0.0,-3.94342]},"52o":{"weight":0.0,"played":[1.0,0.0],"evs":[0.0,-3.79549]},"62o":{"weight":0.0,"played":[1.0,0.0],"evs":[0.0,-4.13551]},"72o":{"weight":0.0,"played":[1.0,0.0],"evs":[0.0,-4.87518]},"82o":{"weight":0.0,"played":[1.0,0.0],"evs":[0.0,-4.4895]},"92o":{"weight":0.0,"played":[1.0,0.0],"evs":[0.0,-4.27742]},"T2o":{"weight":0.0,"played":[1.0,0.0],"evs":[0.0,-4.20298]},"J2o":{"weight":0.0,"played":[1.0,0.0],"evs":[0.0,-3.75844]},"Q2o":{"weight":0.0,"played":[1.0,0.0],"evs":[0.0,-3.33261]},"K2o":{"weight":0.0,"played":[1.0,0.0],"evs":[0.0,-2.88984]},"A2o":{"weight":1.0,"played":[1.0,0.0],"evs":[0.0,-1.9932]},"32s":{"weight":0.0,"played":[1.0,0.0],"evs":[0.0,-2.63763]},"33":{"weight":0.0,"played":[0.0,1.0],"evs":[0.0,1.1821]},"43o":{"weight":0.0,"played":[1.0,0.0],"evs":[0.0,-3.18748]},"53o":{"weight":0.0,"played":[1.0,0.0],"evs":[0.0,-3.05705]},"63o":{"weight":0.0,"played":[1.0,0.0],"evs":[0.0,-3.44452]},"73o":{"weight":0.0,"played":[1.0,0.0],"evs":[0.0,-4.0903]},"83o":{"weight":0.0,"played":[1.0,0.0],"evs":[0.0,-4.35917]},"93o":{"weight":0.0,"played":[1.0,0.0],"evs":[0.0,-4.03297]},"T3o":{"weight":0.0,"played":[1.0,0.0],"evs":[0.0,-3.92964]},"J3o":{"weight":0.0,"played":[1.0,0.0],"evs":[0.0,-3.59281]},"Q3o":{"weight":0.0,"played":[1.0,0.0],"evs":[0.0,-3.15921]},"K3o":{"weight":0.0,"played":[1.0,0.0],"evs":[0.0,-2.70386]},"A3o":{"weight":1.0,"played":[1.0,0.0],"evs":[0.0,-1.64943]},"42s":{"weight":0.0,"played":[1.0,0.0],"evs":[0.0,-2.07359]},"43s":{"weight":0.0,"played":[1.0,0.0],"evs":[0.0,-1.46157]},"44":{"weight":0.0,"played":[0.0,1.0],"evs":[0.0,1.74471]},"54o":{"weight":0.0,"played":[1.0,0.0],"evs":[0.0,-2.33056]},"64o":{"weight":0.0,"played":[1.0,0.0],"evs":[0.0,-2.65169]},"74o":{"weight":0.0,"played":[1.0,0.0],"evs":[0.0,-3.25066]},"84o":{"weight":0.0,"played":[1.0,0.0],"evs":[0.0,-3.66824]},"94o":{"weight":0.0,"played":[1.0,0.0],"evs":[0.0,-3.99551]},"T4o":{"weight":0.0,"played":[1.0,0.0],"evs":[0.0,-3.62045]},"J4o":{"weight":0.0,"played":[1.0,0.0],"evs":[0.0,-3.30247]},"Q4o":{"weight":0.0,"played":[1.0,0.0],"evs":[0.0,-2.91982]},"K4o":{"weight":0.0,"played":[1.0,0.0],"evs":[0.0,-2.38876]},"A4o":{"weight":0.9991,"played":[1.0,0.0],"evs":[0.0,-1.40491]},"52s":{"weight":0.0,"played":[1.0,0.0],"evs":[0.0,-2.10928]},"53s":{"weight":0.0,"played":[1.0,0.0],"evs":[0.0,-1.2622]},"54s":{"weight":0.0081,"played":[1.0,0.0],"evs":[0.0,-0.695]},"55":{"weight":0.0,"played":[0.0,1.0],"evs":[0.0,2.53067]},"65o":{"weight":0.0,"played":[1.0,0.0],"evs":[0.0,-2.13743]},"75o":{"weight":0.0,"played":[1.0,0.0],"evs":[0.0,-2.54105]},"85o":{"weight":0.0,"played":[1.0,0.0],"evs":[0.0,-2.87658]},"95o":{"weight":0.0,"played":[1.0,0.0],"evs":[0.0,-3.29428]},"T5o":{"weight":0.0,"played":[1.0,0.0],"evs":[0.0,-3.53683]},"J5o":{"weight":0.0,"played":[1.0,0.0],"evs":[0.0,-3.12258]},"Q5o":{"weight":0.0,"played":[1.0,0.0],"evs":[0.0,-2.64724]},"K5o":{"weight":0.0,"played":[1.0,0.0],"evs":[0.0,-2.27775]},"A5o":{"weight":0.0028,"played":[1.0,0.0],"evs":[0.0,-1.14817]},"62s":{"weight":0.0,"played":[1.0,0.0],"evs":[0.0,-2.41494]},"63s":{"weight":0.0,"played":[1.0,0.0],"evs":[0.0,-1.78269]},"64s":{"weight":0.0,"played":[1.0,0.0],"evs":[0.0,-1.08875]},"65s":{"weight":0.9999,"played":[1.0,0.0],"evs":[0.0,-0.52844]},"66":{"weight":0.3881,"played":[0.0,1.0],"evs":[0.0,3.2363]},"76o":{"weight":0.0,"played":[1.0,0.0],"evs":[0.0,-1.85514]},"86o":{"weight":0.0,"played":[1.0,0.0],"evs":[0.0,-2.23353]},"96o":{"weight":0.0,"played":[1.0,0.0],"evs":[0.0,-2.56239]},"T6o":{"weight":0.0,"played":[1.0,0.0],"evs":[0.0,-2.93652]},"J6o":{"weight":0.0,"played":[1.0,0.0],"evs":[0.0,-3.09045]},"Q6o":{"weight":0.0,"played":[1.0,0.0],"evs":[0.0,-2.53141]},"K6o":{"weight":0.0,"played":[1.0,0.0],"evs":[0.0,-2.01555]},"A6o":{"weight":0.303,"played":[1.0,0.0],"evs":[0.0,-1.419]},"72s":{"weight":0.0,"played":[1.0,0.0],"evs":[0.0,-2.91385]},"73s":{"weight":0.0,"played":[1.0,0.0],"evs":[0.0,-2.23732]},"74s":{"weight":0.0,"played":[1.0,0.0],"evs":[0.0,-1.50872]},"75s":{"weight":2.0E-4,"played":[1.0,0.0],"evs":[0.0,-0.87697]},"76s":{"weight":0.9999,"played":[0.9998,2.0E-4],"evs":[0.0,-0.28397]},"77":{"weight":0.999,"played":[0.0,1.0],"evs":[0.0,4.16257]},"87o":{"weight":0.0,"played":[1.0,0.0],"evs":[0.0,-1.77267]},"97o":{"weight":0.0,"played":[1.0,0.0],"evs":[0.0,-2.02519]},"T7o":{"weight":0.0,"played":[1.0,0.0],"evs":[0.0,-2.3805]},"J7o":{"weight":0.0,"played":[1.0,0.0],"evs":[0.0,-2.49723]},"Q7o":{"weight":0.0,"played":[1.0,0.0],"evs":[0.0,-2.66684]},"K7o":{"weight":0.0,"played":[1.0,0.0],"evs":[0.0,-1.90056]},"A7o":{"weight":0.0,"played":[0.9999,1.0E-4],"evs":[0.0,-0.713]},"82s":{"weight":0.0,"played":[1.0,0.0],"evs":[0.0,-2.77525]},"83s":{"weight":0.0,"played":[1.0,0.0],"evs":[0.0,-2.64662]},"84s":{"weight":0.0,"played":[1.0,0.0],"evs":[0.0,-1.93233]},"85s":{"weight":0.0,"played":[1.0,0.0],"evs":[0.0,-1.32807]},"86s":{"weight":0.9997,"played":[0.9999,1.0E-4],"evs":[0.0,-0.53555]},"87s":{"weight":1.0,"played":[0.8577,0.1423],"evs":[0.0,-0.15731]},"88":{"weight":1.0,"played":[0.0,1.0],"evs":[0.0,5.2014]},"98o":{"weight":0.0,"played":[1.0,0.0],"evs":[0.0,-1.40936]},"T8o":{"weight":0.0,"played":[1.0,0.0],"evs":[0.0,-1.67739]},"J8o":{"weight":0.0,"played":[1.0,0.0],"evs":[0.0,-1.86257]},"Q8o":{"weight":0.0,"played":[1.0,0.0],"evs":[0.0,-1.83751]},"K8o":{"weight":0.0,"played":[1.0,0.0],"evs":[0.0,-1.74636]},"A8o":{"weight":0.0,"played":[0.0033,0.9967],"evs":[0.0,0.21041]},"92s":{"weight":0.0,"played":[1.0,0.0],"evs":[0.0,-2.54855]},"93s":{"weight":0.0,"played":[1.0,0.0],"evs":[0.0,-2.18433]},"94s":{"weight":0.0,"played":[1.0,0.0],"evs":[0.0,-2.13925]},"95s":{"weight":0.0,"played":[1.0,0.0],"evs":[0.0,-1.47912]},"96s":{"weight":0.0074,"played":[0.9998,2.0E-4],"evs":[0.0,-0.76363]},"97s":{"weight":0.9999,"played":[0.9998,2.0E-4],"evs":[0.0,-0.52208]},"98s":{"weight":1.0,"played":[0.0106,0.9894],"evs":[0.0,0.09267]},"99":{"weight":1.0,"played":[0.0,1.0],"evs":[0.0,6.63286]},"T9o":{"weight":0.9999,"played":[1.0,0.0],"evs":[0.0,-0.90571]},"J9o":{"weight":0.8198,"played":[1.0,0.0],"evs":[0.0,-1.04812]},"Q9o":{"weight":0.0149,"played":[1.0,0.0],"evs":[0.0,-1.07328]},"K9o":{"weight":1.0,"played":[1.0,0.0],"evs":[0.0,-1.02266]},"A9o":{"weight":0.0,"played":[0.0,1.0],"evs":[0.0,1.18187]},"T2s":{"weight":0.0,"played":[1.0,0.0],"evs":[0.0,-2.36447]},"T3s":{"weight":0.0,"played":[1.0,0.0],"evs":[0.0,-2.11019]},"T4s":{"weight":0.0,"played":[1.0,0.0],"evs":[0.0,-1.78574]},"T5s":{"weight":0.0,"played":[1.0,0.0],"evs":[0.0,-1.75707]},"T6s":{"weight":0.0,"played":[1.0,0.0],"evs":[0.0,-1.13397]},"T7s":{"weight":0.9999,"played":[0.9997,3.0E-4],"evs":[0.0,-0.77437]},"T8s":{"weight":0.9999,"played":[0.765,0.235],"evs":[0.0,-0.04394]},"T9s":{"weight":0.4933,"played":[5.0E-4,0.9995],"evs":[0.0,0.72536]},"TT":{"weight":1.0,"played":[0.0,1.0],"evs":[0.0,8.7075]},"JTo":{"weight":1.0,"played":[0.9999,1.0E-4],"evs":[0.0,-0.22661]},"QTo":{"weight":0.729,"played":[0.7359,0.2641],"evs":[0.0,-0.0168]},"KTo":{"weight":0.0947,"played":[0.0,1.0],"evs":[0.0,0.37041]},"ATo":{"weight":1.0E-4,"played":[0.0,1.0],"evs":[0.0,3.20227]},"J2s":{"weight":0.0,"played":[1.0,0.0],"evs":[0.0,-1.85927]},"J3s":{"weight":0.0,"played":[1.0,0.0],"evs":[0.0,-1.71926]},"J4s":{"weight":0.0,"played":[1.0,0.0],"evs":[0.0,-1.48265]},"J5s":{"weight":0.0,"played":[1.0,0.0],"evs":[0.0,-1.2343]},"J6s":{"weight":0.0,"played":[0.9999,1.0E-4],"evs":[0.0,-1.26863]},"J7s":{"weight":0.9997,"played":[0.9999,1.0E-4],"evs":[0.0,-0.84917]},"J8s":{"weight":1.0,"played":[0.9935,0.0065],"evs":[0.0,-0.07489]},"J9s":{"weight":0.9983,"played":[0.0,1.0],"evs":[0.0,0.5945]},"JTs":{"weight":0.0012,"played":[0.0,1.0],"evs":[0.0,1.28067]},"JJ":{"weight":1.0,"played":[0.0,1.0],"evs":[0.0,10.85055]},"QJo":{"weight":0.526,"played":[0.0,1.0],"evs":[0.0,0.53488]},"KJo":{"weight":0.9012,"played":[0.0,1.0],"evs":[0.0,1.27291]},"AJo":{"weight":0.2184,"played":[0.0,1.0],"evs":[0.0,4.63272]},"Q2s":{"weight":0.0,"played":[1.0,0.0],"evs":[0.0,-1.64219]},"Q3s":{"weight":0.0,"played":[1.0,0.0],"evs":[0.0,-1.42947]},"Q4s":{"weight":0.0,"played":[1.0,0.0],"evs":[0.0,-1.12014]},"Q5s":{"weight":0.7545,"played":[0.9997,3.0E-4],"evs":[0.0,-0.87923]},"Q6s":{"weight":0.9968,"played":[0.998,0.002],"evs":[0.0,-0.75609]},"Q7s":{"weight":0.9999,"played":[1.0,0.0],"evs":[0.0,-0.85264]},"Q8s":{"weight":1.0,"played":[0.9998,2.0E-4],"evs":[0.0,-0.1156]},"Q9s":{"weight":0.9909,"played":[1.0E-4,0.9999],"evs":[0.0,0.61385]},"QTs":{"weight":5.0E-4,"played":[0.0,1.0],"evs":[0.0,1.53309]},"QJs":{"weight":0.592,"played":[0.0,1.0],"evs":[0.0,2.02606]},"QQ":{"weight":1.0,"played":[0.0,1.0],"evs":[0.0,13.09513]},"KQo":{"weight":3.0E-4,"played":[0.0,1.0],"evs":[0.0,2.32004]},"AQo":{"weight":1.0,"played":[0.0,1.0],"evs":[0.0,6.17263]},"K2s":{"weight":0.0,"played":[1.0,0.0],"evs":[0.0,-1.0897]},"K3s":{"weight":0.3436,"played":[1.0,0.0],"evs":[0.0,-0.79433]},"K4s":{"weight":0.9999,"played":[0.9999,1.0E-4],"evs":[0.0,-0.50446]},"K5s":{"weight":0.9998,"played":[0.9997,3.0E-4],"evs":[0.0,-0.47808]},"K6s":{"weight":0.998,"played":[0.9987,0.0013],"evs":[0.0,-0.29512]},"K7s":{"weight":0.4545,"played":[0.9977,0.0023],"evs":[0.0,-0.12942]},"K8s":{"weight":0.9824,"played":[0.1414,0.8586],"evs":[0.0,0.03299]},"K9s":{"weight":0.1911,"played":[1.0E-4,0.9999],"evs":[0.0,0.69536]},"KTs":{"weight":0.6502,"played":[0.0,1.0],"evs":[0.0,1.89205]},"KJs":{"weight":1.0,"played":[0.0,1.0],"evs":[0.0,2.81078]},"KQs":{"weight":1.0,"played":[0.0,1.0],"evs":[0.0,3.72275]},"KK":{"weight":1.0,"played":[0.0,1.0],"evs":[0.0,15.90074]},"AKo":{"weight":1.0,"played":[0.0,1.0],"evs":[0.0,8.01815]},"A2s":{"weight":0.0,"played":[0.6575,0.3425],"evs":[0.0,-0.12878]},"A3s":{"weight":0.0,"played":[0.005,0.995],"evs":[0.0,0.20038]},"A4s":{"weight":0.0,"played":[5.0E-4,0.9995],"evs":[0.0,0.35622]},"A5s":{"weight":1.0E-4,"played":[0.0,1.0],"evs":[0.0,0.70388]},"A6s":{"weight":0.0,"played":[4.0E-4,0.9996],"evs":[0.0,0.40678]},"A7s":{"weight":0.1076,"played":[2.0E-4,0.9998],"evs":[0.0,1.07494]},"A8s":{"weight":0.9996,"played":[0.0,1.0],"evs":[0.0,1.83761]},"A9s":{"weight":0.9998,"played":[0.0,1.0],"evs":[0.0,2.93494]},"ATs":{"weight":1.0,"played":[0.0,1.0],"evs":[0.0,4.78857]},"AJs":{"weight":1.0,"played":[0.0,1.0],"evs":[0.0,6.02482]},"AQs":{"weight":1.0,"played":[0.0,1.0],"evs":[0.0,7.48977]},"AKs":{"weight":1.0,"played":[0.0,1.0],"evs":[0.0,9.16858]},"AA":{"weight":1.0,"played":[0.0,1.0],"evs":[0.0,21.53786]}}}