{"player":4,"street":0,"children":2,"sequence":[{"player":0,"type":"R","amount":200000,"street":0},{"player":1,"type":"F","amount":0,"street":0},{"player":2,"type":"F","amount":0,"street":0},{"player":3,"type":"R","amount":985000,"street":0}],"actions":[{"type":"F","amount":0,"node":232},{"type":"R","amount":1085000,"node":235}],"hands":{"22":{"weight":1.0,"played":[1.0,0.0],"evs":[0.0,-0.67387]},"32o":{"weight":1.0,"played":[1.0,0.0],"evs":[0.0,-3.10573]},"42o":{"weight":1.0,"played":[1.0,0.0],"evs":[0.0,-2.95022]},"52o":{"weight":1.0,"played":[1.0,0.0],"evs":[0.0,-2.81994]},"62o":{"weight":1.0,"played":[1.0,0.0],"evs":[0.0,-3.1335]},"72o":{"weight":1.0,"played":[1.0,0.0],"evs":[0.0,-3.50609]},"82o":{"weight":1.0,"played":[1.0,0.0],"evs":[0.0,-3.40901]},"92o":{"weight":1.0,"played":[1.0,0.0],"evs":[0.0,-3.30213]},"T2o":{"weight":1.0,"played":[1.0,0.0],"evs":[0.0,-3.18611]},"J2o":{"weight":1.0,"played":[1.0,0.0],"evs":[0.0,-3.08026]},"Q2o":{"weight":1.0,"played":[1.0,0.0],"evs":[0.0,-2.7733]},"K2o":{"weight":1.0,"played":[1.0,0.0],"evs":[0.0,-2.60256]},"A2o":{"weight":1.0,"played":[1.0,0.0],"evs":[0.0,-2.34513]},"32s":{"weight":1.0,"played":[1.0,0.0],"evs":[0.0,-1.90879]},"33":{"weight":1.0,"played":[1.0,0.0],"evs":[0.0,-0.35744]},"43o":{"weight":1.0,"played":[1.0,0.0],"evs":[0.0,-2.46178]},"53o":{"weight":1.0,"played":[1.0,0.0],"evs":[0.0,-2.29255]},"63o":{"weight":1.0,"played":[1.0,0.0],"evs":[0.0,-2.62184]},"73o":{"weight":1.0,"played":[1.0,0.0],"evs":[0.0,-2.99498]},"83o":{"weight":1.0,"played":[1.0,0.0],"evs":[0.0,-3.34435]},"93o":{"weight":1.0,"played":[1.0,0.0],"evs":[0.0,-3.14002]},"T3o":{"weight":1.0,"played":[1.0,0.0],"evs":[0.0,-3.04829]},"J3o":{"weight":1.0,"played":[1.0,0.0],"evs":[0.0,-2.89713]},"Q3o":{"weight":1.0,"played":[1.0,0.0],"evs":[0.0,-2.62911]},"K3o":{"weight":1.0,"played":[1.0,0.0],"evs":[0.0,-2.44877]},"A3o":{"weight":1.0,"played":[1.0,0.0],"evs":[0.0,-2.17391]},"42s":{"weight":1.0,"played":[1.0,0.0],"evs":[0.0,-1.78039]},"43s":{"weight":1.0,"played":[1.0,0.0],"evs":[0.0,-1.33647]},"44":{"weight":1.0,"played":[0.9997,3.0E-4],"evs":[0.0,-0.05866]},"54o":{"weight":1.0,"played":[1.0,0.0],"evs":[0.0,-1.84284]},"64o":{"weight":1.0,"played":[1.0,0.0],"evs":[0.0,-2.17167]},"74o":{"weight":1.0,"played":[1.0,0.0],"evs":[0.0,-2.52]},"84o":{"weight":1.0,"played":[1.0,0.0],"evs":[0.0,-2.88121]},"94o":{"weight":1.0,"played":[1.0,0.0],"evs":[0.0,-3.09144]},"T4o":{"weight":1.0,"played":[1.0,0.0],"evs":[0.0,-2.9117]},"J4o":{"weight":1.0,"played":[1.0,0.0],"evs":[0.0,-2.77034]},"Q4o":{"weight":1.0,"played":[1.0,0.0],"evs":[0.0,-2.40077]},"K4o":{"weight":1.0,"played":[1.0,0.0],"evs":[0.0,-2.30337]},"A4o":{"weight":1.0,"played":[1.0,0.0],"evs":[0.0,-2.05199]},"52s":{"weight":1.0,"played":[1.0,0.0],"evs":[0.0,-1.61713]},"53s":{"weight":1.0,"played":[1.0,0.0],"evs":[0.0,-1.20762]},"54s":{"weight":1.0,"played":[1.0,0.0],"evs":[0.0,-0.69037]},"55":{"weight":1.0,"played":[0.0,1.0],"evs":[0.0,0.33962]},"65o":{"weight":1.0,"played":[1.0,0.0],"evs":[0.0,-1.7242]},"75o":{"weight":1.0,"played":[1.0,0.0],"evs":[0.0,-2.06512]},"85o":{"weight":1.0,"played":[1.0,0.0],"evs":[0.0,-2.43613]},"95o":{"weight":1.0,"played":[1.0,0.0],"evs":[0.0,-2.65726]},"T5o":{"weight":1.0,"played":[1.0,0.0],"evs":[0.0,-2.92712]},"J5o":{"weight":1.0,"played":[1.0,0.0],"evs":[0.0,-2.72586]},"Q5o":{"weight":1.0,"played":[1.0,0.0],"evs":[0.0,-2.40961]},"K5o":{"weight":1.0,"played":[1.0,0.0],"evs":[0.0,-2.23306]},"A5o":{"weight":1.0,"played":[1.0,0.0],"evs":[0.0,-1.86962]},"62s":{"weight":1.0,"played":[1.0,0.0],"evs":[0.0,-1.92187]},"63s":{"weight":1.0,"played":[1.0,0.0],"evs":[0.0,-1.43005]},"64s":{"weight":1.0,"played":[1.0,0.0],"evs":[0.0,-0.94653]},"65s":{"weight":1.0,"played":[1.0,0.0],"evs":[0.0,-0.60505]},"66":{"weight":1.0,"played":[0.0,1.0],"evs":[0.0,0.91792]},"76o":{"weight":1.0,"played":[1.0,0.0],"evs":[0.0,-1.63882]},"86o":{"weight":1.0,"played":[1.0,0.0],"evs":[0.0,-1.97655]},"96o":{"weight":1.0,"played":[1.0,0.0],"evs":[0.0,-2.18564]},"T6o":{"weight":1.0,"played":[1.0,0.0],"evs":[0.0,-2.42969]},"J6o":{"weight":1.0,"played":[1.0,0.0],"evs":[0.0,-2.59546]},"Q6o":{"weight":1.0,"played":[1.0,0.0],"evs":[0.0,-2.24943]},"K6o":{"weight":1.0,"played":[1.0,0.0],"evs":[0.0,-2.02235]},"A6o":{"weight":1.0,"played":[1.0,0.0],"evs":[0.0,-2.10805]},"72s":{"weight":1.0,"played":[1.0,0.0],"evs":[0.0,-2.36697]},"73s":{"weight":1.0,"played":[1.0,0.0],"evs":[0.0,-1.76016]},"74s":{"weight":1.0,"played":[1.0,0.0],"evs":[0.0,-1.32011]},"75s":{"weight":1.0,"played":[1.0,0.0],"evs":[0.0,-0.98292]},"76s":{"weight":1.0,"played":[1.0,0.0],"evs":[0.0,-0.55334]},"77":{"weight":1.0,"played":[0.0,1.0],"evs":[0.0,1.3878]},"87o":{"weight":1.0,"played":[1.0,0.0],"evs":[0.0,-1.66511]},"97o":{"weight":1.0,"played":[1.0,0.0],"evs":[0.0,-1.85084]},"T7o":{"weight":1.0,"played":[1.0,0.0],"evs":[0.0,-2.05229]},"J7o":{"weight":1.0,"played":[1.0,0.0],"evs":[0.0,-2.22087]},"Q7o":{"weight":1.0,"played":[1.0,0.0],"evs":[0.0,-2.26592]},"K7o":{"weight":1.0,"played":[1.0,0.0],"evs":[0.0,-1.98091]},"A7o":{"weight":1.0,"played":[1.0,0.0],"evs":[0.0,-1.86076]},"82s":{"weight":1.0,"played":[1.0,0.0],"evs":[0.0,-2.1601]},"83s":{"weight":1.0,"played":[1.0,0.0],"evs":[0.0,-2.13214]},"84s":{"weight":1.0,"played":[1.0,0.0],"evs":[0.0,-1.67963]},"85s":{"weight":1.0,"played":[1.0,0.0],"evs":[0.0,-1.27596]},"86s":{"weight":1.0,"played":[1.0,0.0],"evs":[0.0,-0.82781]},"87s":{"weight":1.0,"played":[1.0,0.0],"evs":[0.0,-0.53871]},"88":{"weight":1.0,"played":[0.0,1.0],"evs":[0.0,2.06287]},"98o":{"weight":1.0,"played":[1.0,0.0],"evs":[0.0,-1.58194]},"T8o":{"weight":1.0,"played":[1.0,0.0],"evs":[0.0,-1.67419]},"J8o":{"weight":1.0,"played":[1.0,0.0],"evs":[0.0,-1.92146]},"Q8o":{"weight":1.0,"played":[1.0,0.0],"evs":[0.0,-1.94687]},"K8o":{"weight":1.0,"played":[1.0,0.0],"evs":[0.0,-1.99]},"A8o":{"weight":1.0,"played":[1.0,0.0],"evs":[0.0,-1.53601]},"92s":{"weight":1.0,"played":[1.0,0.0],"evs":[0.0,-2.05166]},"93s":{"weight":1.0,"played":[1.0,0.0],"evs":[0.0,-1.93047]},"94s":{"weight":1.0,"played":[1.0,0.0],"evs":[0.0,-1.8333]},"95s":{"weight":1.0,"played":[1.0,0.0],"evs":[0.0,-1.51257]},"96s":{"weight":1.0,"played":[1.0,0.0],"evs":[0.0,-1.01879]},"97s":{"weight":1.0,"played":[1.0,0.0],"evs":[0.0,-0.72695]},"98s":{"weight":1.0,"played":[1.0,0.0],"evs":[0.0,-0.41405]},"99":{"weight":1.0,"played":[0.0,1.0],"evs":[0.0,2.96969]},"T9o":{"weight":1.0,"played":[1.0,0.0],"evs":[0.0,-1.22109]},"J9o":{"weight":1.0,"played":[1.0,0.0],"evs":[0.0,-1.38646]},"Q9o":{"weight":1.0,"played":[1.0,0.0],"evs":[0.0,-1.43001]},"K9o":{"weight":1.0,"played":[1.0,0.0],"evs":[0.0,-1.48736]},"A9o":{"weight":1.0,"played":[1.0,0.0],"evs":[0.0,-0.93124]},"T2s":{"weight":1.0,"played":[1.0,0.0],"evs":[0.0,-2.01778]},"T3s":{"weight":1.0,"played":[1.0,0.0],"evs":[0.0,-1.85822]},"T4s":{"weight":1.0,"played":[1.0,0.0],"evs":[0.0,-1.63752]},"T5s":{"weight":1.0,"played":[1.0,0.0],"evs":[0.0,-1.69056]},"T6s":{"weight":1.0,"played":[1.0,0.0],"evs":[0.0,-1.28821]},"T7s":{"weight":1.0,"played":[1.0,0.0],"evs":[0.0,-0.92713]},"T8s":{"weight":1.0,"played":[0.9995,5.0E-4],"evs":[0.0,-0.56039]},"T9s":{"weight":1.0,"played":[1.0,0.0],"evs":[0.0,-0.07907]},"TT":{"weight":1.0,"played":[0.0,1.0],"evs":[0.0,4.30139]},"JTo":{"weight":1.0,"played":[1.0,0.0],"evs":[0.0,-0.81337]},"QTo":{"weight":1.0,"played":[1.0,0.0],"evs":[0.0,-0.74113]},"KTo":{"weight":1.0,"played":[1.0,0.0],"evs":[0.0,-0.7446]},"ATo":{"weight":1.0,"played":[0.0083,0.9917],"evs":[0.0,0.27081]},"J2s":{"weight":1.0,"played":[1.0,0.0],"evs":[0.0,-1.81862]},"J3s":{"weight":1.0,"played":[1.0,0.0],"evs":[0.0,-1.68072]},"J4s":{"weight":1.0,"played":[1.0,0.0],"evs":[0.0,-1.51]},"J5s":{"weight":1.0,"played":[1.0,0.0],"evs":[0.0,-1.44512]},"J6s":{"weight":1.0,"played":[1.0,0.0],"evs":[0.0,-1.43899]},"J7s":{"weight":1.0,"played":[1.0,0.0],"evs":[0.0,-1.00539]},"J8s":{"weight":1.0,"played":[1.0,0.0],"evs":[0.0,-0.70572]},"J9s":{"weight":1.0,"played":[1.0,0.0],"evs":[0.0,-0.23604]},"JTs":{"weight":1.0,"played":[8.0E-4,0.9992],"evs":[0.0,0.28232]},"JJ":{"weight":1.0,"played":[0.0,1.0],"evs":[0.0,5.77647]},"QJo":{"weight":1.0,"played":[1.0,0.0],"evs":[0.0,-0.5061]},"KJo":{"weight":1.0,"played":[1.0,0.0],"evs":[0.0,-0.31999]},"AJo":{"weight":1.0,"played":[0.0,1.0],"evs":[0.0,1.26914]},"Q2s":{"weight":1.0,"played":[1.0,0.0],"evs":[0.0,-1.5845]},"Q3s":{"weight":1.0,"played":[1.0,0.0],"evs":[0.0,-1.38487]},"Q4s":{"weight":1.0,"played":[1.0,0.0],"evs":[0.0,-1.23123]},"Q5s":{"weight":1.0,"played":[1.0,0.0],"evs":[0.0,-1.14165]},"Q6s":{"weight":1.0,"played":[1.0,0.0],"evs":[0.0,-0.95063]},"Q7s":{"weight":1.0,"played":[1.0,0.0],"evs":[0.0,-1.05503]},"Q8s":{"weight":1.0,"played":[1.0,0.0],"evs":[0.0,-0.79734]},"Q9s":{"weight":1.0,"played":[1.0,0.0],"evs":[0.0,-0.27234]},"QTs":{"weight":1.0,"played":[0.002,0.998],"evs":[0.0,0.39091]},"QJs":{"weight":1.0,"played":[0.0,1.0],"evs":[0.0,0.53865]},"QQ":{"weight":1.0,"played":[0.0,1.0],"evs":[0.0,7.60086]},"KQo":{"weight":1.0,"played":[0.0,1.0],"evs":[0.0,0.44125]},"AQo":{"weight":1.0,"played":[0.0,1.0],"evs":[0.0,2.41245]},"K2s":{"weight":1.0,"played":[1.0,0.0],"evs":[0.0,-1.35306]},"K3s":{"weight":1.0,"played":[1.0,0.0],"evs":[0.0,-1.19943]},"K4s":{"weight":1.0,"played":[1.0,0.0],"evs":[0.0,-1.04766]},"K5s":{"weight":1.0,"played":[1.0,0.0],"evs":[0.0,-0.99553]},"K6s":{"weight":1.0,"played":[1.0,0.0],"evs":[0.0,-0.78861]},"K7s":{"weight":1.0,"played":[1.0,0.0],"evs":[0.0,-0.6746]},"K8s":{"weight":1.0,"played":[1.0,0.0],"evs":[0.0,-0.71027]},"K9s":{"weight":1.0,"played":[0.9996,4.0E-4],"evs":[0.0,-0.3203]},"KTs":{"weight":1.0,"played":[1.0E-4,0.9999],"evs":[0.0,0.37827]},"KJs":{"weight":1.0,"played":[0.0,1.0],"evs":[0.0,0.82326]},"KQs":{"weight":1.0,"played":[0.0,1.0],"evs":[0.0,1.52649]},"KK":{"weight":1.0,"played":[0.0,1.0],"evs":[0.0,9.79125]},"AKo":{"weight":1.0,"played":[0.0,1.0],"evs":[0.0,3.74045]},"A2s":{"weight":1.0,"played":[1.0,0.0],"evs":[0.0,-1.01742]},"A3s":{"weight":1.0,"played":[1.0,0.0],"evs":[0.0,-0.92215]},"A4s":{"weight":1.0,"played":[1.0,0.0],"evs":[0.0,-0.70911]},"A5s":{"weight":1.0,"played":[1.0,0.0],"evs":[0.0,-0.56462]},"A6s":{"weight":1.0,"played":[1.0,0.0],"evs":[0.0,-0.86895]},"A7s":{"weight":1.0,"played":[1.0,0.0],"evs":[0.0,-0.62012]},"A8s":{"weight":1.0,"played":[1.0,0.0],"evs":[0.0,-0.24218]},"A9s":{"weight":1.0,"played":[0.0552,0.9448],"evs":[0.0,0.30569]},"ATs":{"weight":1.0,"played":[0.0,1.0],"evs":[0.0,1.47466]},"AJs":{"weight":1.0,"played":[0.0,1.0],"evs":[0.0,2.3117]},"AQs":{"weight":1.0,"played":[0.0,1.0],"evs":[0.0,3.45285]},"AKs":{"weight":1.0,"played":[0.0,1.0],"evs":[0.0,4.6899]},"AA":{"weight":1.0,"played":[0.0,1.0],"evs":[0.0,13.64349]}}}