{"player":4,"street":0,"children":3,"sequence":[{"player":0,"type":"R","amount":200000,"street":0},{"player":1,"type":"F","amount":0,"street":0},{"player":2,"type":"C","amount":200000,"street":0},{"player":3,"type":"F","amount":0,"street":0}],"actions":[{"type":"F","amount":0,"node":240},{"type":"C","amount":150000,"node":244},{"type":"R","amount":1085000,"node":252}],"hands":{"22":{"weight":1.0,"played":[0.0045,0.9955,0.0],"evs":[0.0,0.06077,-1.10139]},"32o":{"weight":1.0,"played":[1.0,0.0,0.0],"evs":[0.0,-0.65663,-3.48916]},"42o":{"weight":1.0,"played":[1.0,0.0,0.0],"evs":[0.0,-0.60104,-3.26792]},"52o":{"weight":1.0,"played":[1.0,0.0,0.0],"evs":[0.0,-0.57584,-3.0719]},"62o":{"weight":1.0,"played":[1.0,0.0,0.0],"evs":[0.0,-0.63313,-3.35589]},"72o":{"weight":1.0,"played":[1.0,0.0,0.0],"evs":[0.0,-0.70366,-3.63039]},"82o":{"weight":1.0,"played":[1.0,0.0,0.0],"evs":[0.0,-0.69273,-3.53607]},"92o":{"weight":1.0,"played":[1.0,0.0,0.0],"evs":[0.0,-0.74444,-3.69141]},"T2o":{"weight":1.0,"played":[1.0,0.0,0.0],"evs":[0.0,-0.76148,-3.65367]},"J2o":{"weight":1.0,"played":[1.0,0.0,0.0],"evs":[0.0,-0.73618,-3.51704]},"Q2o":{"weight":1.0,"played":[1.0,0.0,0.0],"evs":[0.0,-0.59403,-3.12301]},"K2o":{"weight":1.0,"played":[1.0,0.0,0.0],"evs":[0.0,-0.56684,-2.85403]},"A2o":{"weight":1.0,"played":[1.0,0.0,0.0],"evs":[0.0,-0.35798,-1.49478]},"32s":{"weight":1.0,"played":[1.0,0.0,0.0],"evs":[0.0,-0.42932,-2.52766]},"33":{"weight":1.0,"played":[0.0146,0.9853,1.0E-4],"evs":[0.0,0.14126,-0.76868]},"43o":{"weight":1.0,"played":[1.0,0.0,0.0],"evs":[0.0,-0.50466,-2.89431]},"53o":{"weight":1.0,"played":[1.0,0.0,0.0],"evs":[0.0,-0.44895,-2.64782]},"63o":{"weight":1.0,"played":[1.0,0.0,0.0],"evs":[0.0,-0.54817,-2.96069]},"73o":{"weight":1.0,"played":[1.0,0.0,0.0],"evs":[0.0,-0.63418,-3.21772]},"83o":{"weight":1.0,"played":[1.0,0.0,0.0],"evs":[0.0,-0.71159,-3.54243]},"93o":{"weight":1.0,"played":[1.0,0.0,0.0],"evs":[0.0,-0.74279,-3.60994]},"T3o":{"weight":1.0,"played":[1.0,0.0,0.0],"evs":[0.0,-0.76403,-3.56925]},"J3o":{"weight":1.0,"played":[1.0,0.0,0.0],"evs":[0.0,-0.72643,-3.4226]},"Q3o":{"weight":1.0,"played":[1.0,0.0,0.0],"evs":[0.0,-0.59244,-3.00325]},"K3o":{"weight":1.0,"played":[1.0,0.0,0.0],"evs":[0.0,-0.56343,-2.73672]},"A3o":{"weight":1.0,"played":[1.0,0.0,0.0],"evs":[0.0,-0.30768,-1.29558]},"42s":{"weight":1.0,"played":[1.0,0.0,0.0],"evs":[0.0,-0.33614,-2.24932]},"43s":{"weight":1.0,"played":[1.0,0.0,0.0],"evs":[0.0,-0.26535,-1.87616]},"44":{"weight":1.0,"played":[0.0,1.0,0.0],"evs":[0.0,0.30827,-0.20635]},"54o":{"weight":1.0,"played":[1.0,0.0,0.0],"evs":[0.0,-0.34373,-2.1933]},"64o":{"weight":1.0,"played":[1.0,0.0,0.0],"evs":[0.0,-0.38603,-2.44349]},"74o":{"weight":1.0,"played":[1.0,0.0,0.0],"evs":[0.0,-0.52645,-2.78205]},"84o":{"weight":1.0,"played":[1.0,0.0,0.0],"evs":[0.0,-0.59048,-3.01271]},"94o":{"weight":1.0,"played":[1.0,0.0,0.0],"evs":[0.0,-0.70734,-3.49233]},"T4o":{"weight":1.0,"played":[1.0,0.0,0.0],"evs":[0.0,-0.7101,-3.35116]},"J4o":{"weight":1.0,"played":[1.0,0.0,0.0],"evs":[0.0,-0.69148,-3.22464]},"Q4o":{"weight":1.0,"played":[1.0,0.0,0.0],"evs":[0.0,-0.55088,-2.76944]},"K4o":{"weight":1.0,"played":[1.0,0.0,0.0],"evs":[0.0,-0.53437,-2.55603]},"A4o":{"weight":1.0,"played":[1.0,0.0,0.0],"evs":[0.0,-0.23771,-1.11949]},"52s":{"weight":1.0,"played":[1.0,0.0,0.0],"evs":[0.0,-0.34154,-2.1817]},"53s":{"weight":1.0,"played":[0.9999,1.0E-4,0.0],"evs":[0.0,-0.22872,-1.7762]},"54s":{"weight":1.0,"played":[0.9895,0.0105,0.0],"evs":[0.0,-0.07428,-1.34998]},"55":{"weight":1.0,"played":[0.0,0.9804,0.0196],"evs":[0.0,0.48075,0.34098]},"65o":{"weight":1.0,"played":[1.0,0.0,0.0],"evs":[0.0,-0.30122,-2.00668]},"75o":{"weight":1.0,"played":[1.0,0.0,0.0],"evs":[0.0,-0.38753,-2.27859]},"85o":{"weight":1.0,"played":[1.0,0.0,0.0],"evs":[0.0,-0.46218,-2.58712]},"95o":{"weight":1.0,"played":[1.0,0.0,0.0],"evs":[0.0,-0.60835,-3.00716]},"T5o":{"weight":1.0,"played":[1.0,0.0,0.0],"evs":[0.0,-0.70755,-3.2368]},"J5o":{"weight":1.0,"played":[1.0,0.0,0.0],"evs":[0.0,-0.65786,-3.00624]},"Q5o":{"weight":1.0,"played":[1.0,0.0,0.0],"evs":[0.0,-0.52286,-2.61456]},"K5o":{"weight":1.0,"played":[1.0,0.0,0.0],"evs":[0.0,-0.48728,-2.36013]},"A5o":{"weight":1.0,"played":[1.0,0.0,0.0],"evs":[0.0,-0.16736,-0.81263]},"62s":{"weight":1.0,"played":[1.0,0.0,0.0],"evs":[0.0,-0.40985,-2.39847]},"63s":{"weight":1.0,"played":[1.0,0.0,0.0],"evs":[0.0,-0.33037,-1.97486]},"64s":{"weight":1.0,"played":[1.0,0.0,0.0],"evs":[0.0,-0.15955,-1.53579]},"65s":{"weight":1.0,"played":[0.1078,0.8922,0.0],"evs":[0.0,0.04311,-1.09994]},"66":{"weight":1.0,"played":[0.0,0.0028,0.9972],"evs":[0.0,0.72439,0.84946]},"76o":{"weight":1.0,"played":[1.0,0.0,0.0],"evs":[0.0,-0.2989,-1.9228]},"86o":{"weight":1.0,"played":[1.0,0.0,0.0],"evs":[0.0,-0.35249,-2.18111]},"96o":{"weight":1.0,"played":[1.0,0.0,0.0],"evs":[0.0,-0.49799,-2.56815]},"T6o":{"weight":1.0,"played":[1.0,0.0,0.0],"evs":[0.0,-0.60154,-2.80612]},"J6o":{"weight":1.0,"played":[1.0,0.0,0.0],"evs":[0.0,-0.6346,-2.92552]},"Q6o":{"weight":1.0,"played":[1.0,0.0,0.0],"evs":[0.0,-0.49801,-2.48337]},"K6o":{"weight":1.0,"played":[1.0,0.0,0.0],"evs":[0.0,-0.45996,-2.18084]},"A6o":{"weight":1.0,"played":[1.0,0.0,0.0],"evs":[0.0,-0.21432,-0.93558]},"72s":{"weight":1.0,"played":[1.0,0.0,0.0],"evs":[0.0,-0.47155,-2.63062]},"73s":{"weight":1.0,"played":[1.0,0.0,0.0],"evs":[0.0,-0.40261,-2.27942]},"74s":{"weight":1.0,"played":[1.0,0.0,0.0],"evs":[0.0,-0.26276,-1.71972]},"75s":{"weight":1.0,"played":[1.0,0.0,0.0],"evs":[0.0,-0.1227,-1.41591]},"76s":{"weight":1.0,"played":[0.1283,0.8717,0.0],"evs":[0.0,-0.00811,-1.06814]},"77":{"weight":1.0,"played":[0.0,1.0E-4,0.9999],"evs":[0.0,0.79142,1.09161]},"87o":{"weight":1.0,"played":[1.0,0.0,0.0],"evs":[0.0,-0.29808,-1.90751]},"97o":{"weight":1.0,"played":[1.0,0.0,0.0],"evs":[0.0,-0.40133,-2.25077]},"T7o":{"weight":1.0,"played":[1.0,0.0,0.0],"evs":[0.0,-0.49725,-2.50651]},"J7o":{"weight":1.0,"played":[1.0,0.0,0.0],"evs":[0.0,-0.57665,-2.65849]},"Q7o":{"weight":1.0,"played":[1.0,0.0,0.0],"evs":[0.0,-0.4787,-2.47631]},"K7o":{"weight":1.0,"played":[1.0,0.0,0.0],"evs":[0.0,-0.42338,-2.08163]},"A7o":{"weight":1.0,"played":[1.0,0.0,0.0],"evs":[0.0,-0.17907,-0.77121]},"82s":{"weight":1.0,"played":[1.0,0.0,0.0],"evs":[0.0,-0.47912,-2.54004]},"83s":{"weight":1.0,"played":[1.0,0.0,0.0],"evs":[0.0,-0.4837,-2.61084]},"84s":{"weight":1.0,"played":[1.0,0.0,0.0],"evs":[0.0,-0.33923,-2.02546]},"85s":{"weight":1.0,"played":[1.0,0.0,0.0],"evs":[0.0,-0.20882,-1.6127]},"86s":{"weight":1.0,"played":[0.9999,1.0E-4,0.0],"evs":[0.0,-0.04281,-1.17874]},"87s":{"weight":1.0,"played":[0.6469,0.3531,0.0],"evs":[0.0,-0.01595,-1.095]},"88":{"weight":1.0,"played":[0.0,0.0,1.0],"evs":[0.0,0.99203,1.47884]},"98o":{"weight":1.0,"played":[1.0,0.0,0.0],"evs":[0.0,-0.34607,-1.98211]},"T8o":{"weight":1.0,"played":[1.0,0.0,0.0],"evs":[0.0,-0.41626,-2.16059]},"J8o":{"weight":1.0,"played":[1.0,0.0,0.0],"evs":[0.0,-0.49118,-2.35726]},"Q8o":{"weight":1.0,"played":[1.0,0.0,0.0],"evs":[0.0,-0.41788,-2.21933]},"K8o":{"weight":1.0,"played":[1.0,0.0,0.0],"evs":[0.0,-0.4104,-2.14713]},"A8o":{"weight":1.0,"played":[0.9667,0.0333,0.0],"evs":[0.0,-0.06091,-0.4809]},"92s":{"weight":1.0,"played":[1.0,0.0,0.0],"evs":[0.0,-0.4883,-2.64247]},"93s":{"weight":1.0,"played":[1.0,0.0,0.0],"evs":[0.0,-0.50135,-2.65269]},"94s":{"weight":1.0,"played":[1.0,0.0,0.0],"evs":[0.0,-0.48398,-2.47639]},"95s":{"weight":1.0,"played":[1.0,0.0,0.0],"evs":[0.0,-0.31023,-1.97949]},"96s":{"weight":1.0,"played":[1.0,0.0,0.0],"evs":[0.0,-0.17043,-1.55887]},"97s":{"weight":1.0,"played":[1.0,0.0,0.0],"evs":[0.0,-0.13663,-1.33796]},"98s":{"weight":1.0,"played":[0.3324,0.6676,0.0],"evs":[0.0,-0.00822,-1.07579]},"99":{"weight":1.0,"played":[0.0,0.0,1.0],"evs":[0.0,1.16465,2.18382]},"T9o":{"weight":1.0,"played":[1.0,0.0,0.0],"evs":[0.0,-0.39455,-1.99493]},"J9o":{"weight":1.0,"played":[1.0,0.0,0.0],"evs":[0.0,-0.42481,-2.10164]},"Q9o":{"weight":1.0,"played":[1.0,0.0,0.0],"evs":[0.0,-0.3227,-1.89984]},"K9o":{"weight":1.0,"played":[1.0,0.0,0.0],"evs":[0.0,-0.34474,-1.72028]},"A9o":{"weight":1.0,"played":[0.0025,0.9974,0.0],"evs":[0.0,0.0494,-0.04169]},"T2s":{"weight":1.0,"played":[1.0,0.0,0.0],"evs":[0.0,-0.47223,-2.59637]},"T3s":{"weight":1.0,"played":[1.0,0.0,0.0],"evs":[0.0,-0.47313,-2.48483]},"T4s":{"weight":1.0,"played":[1.0,0.0,0.0],"evs":[0.0,-0.43778,-2.35914]},"T5s":{"weight":1.0,"played":[1.0,0.0,0.0],"evs":[0.0,-0.4143,-2.26032]},"T6s":{"weight":1.0,"played":[1.0,0.0,0.0],"evs":[0.0,-0.32203,-1.84026]},"T7s":{"weight":1.0,"played":[1.0,0.0,0.0],"evs":[0.0,-0.21536,-1.50238]},"T8s":{"weight":1.0,"played":[0.9981,0.0019,0.0],"evs":[0.0,-0.04363,-1.18538]},"T9s":{"weight":1.0,"played":[0.3534,0.6466,0.0],"evs":[0.0,0.00556,-1.04318]},"TT":{"weight":1.0,"played":[0.0,0.0,1.0],"evs":[0.0,1.66215,3.06101]},"JTo":{"weight":1.0,"played":[1.0,0.0,0.0],"evs":[0.0,-0.30574,-1.65936]},"QTo":{"weight":1.0,"played":[1.0,0.0,0.0],"evs":[0.0,-0.16619,-1.41159]},"KTo":{"weight":1.0,"played":[1.0,0.0,0.0],"evs":[0.0,-0.16766,-1.17724]},"ATo":{"weight":1.0,"played":[0.0,0.0,1.0],"evs":[0.0,0.42389,0.85142]},"J2s":{"weight":1.0,"played":[1.0,0.0,0.0],"evs":[0.0,-0.48103,-2.54257]},"J3s":{"weight":1.0,"played":[1.0,0.0,0.0],"evs":[0.0,-0.46556,-2.48672]},"J4s":{"weight":1.0,"played":[1.0,0.0,0.0],"evs":[0.0,-0.39258,-2.23615]},"J5s":{"weight":1.0,"played":[1.0,0.0,0.0],"evs":[0.0,-0.36984,-2.04204]},"J6s":{"weight":1.0,"played":[1.0,0.0,0.0],"evs":[0.0,-0.39844,-1.99963]},"J7s":{"weight":1.0,"played":[1.0,0.0,0.0],"evs":[0.0,-0.30047,-1.73068]},"J8s":{"weight":1.0,"played":[1.0,0.0,0.0],"evs":[0.0,-0.18451,-1.39794]},"J9s":{"weight":1.0,"played":[0.899,0.101,0.0],"evs":[0.0,-0.03146,-1.18653]},"JTs":{"weight":1.0,"played":[0.0032,0.9968,0.0],"evs":[0.0,0.10952,-0.71617]},"JJ":{"weight":1.0,"played":[0.0,0.0,1.0],"evs":[0.0,2.41542,4.22838]},"QJo":{"weight":1.0,"played":[0.9985,0.0015,0.0],"evs":[0.0,-0.04398,-1.15129]},"KJo":{"weight":1.0,"played":[5.0E-4,0.9995,0.0],"evs":[0.0,0.12013,-0.38187]},"AJo":{"weight":1.0,"played":[0.0,0.0,1.0],"evs":[0.0,0.91742,1.7607]},"Q2s":{"weight":1.0,"played":[1.0,0.0,0.0],"evs":[0.0,-0.35125,-2.12718]},"Q3s":{"weight":1.0,"played":[1.0,0.0,0.0],"evs":[0.0,-0.28578,-1.93812]},"Q4s":{"weight":1.0,"played":[1.0,0.0,0.0],"evs":[0.0,-0.24812,-1.80919]},"Q5s":{"weight":1.0,"played":[1.0,0.0,0.0],"evs":[0.0,-0.21522,-1.65738]},"Q6s":{"weight":1.0,"played":[0.9989,0.0011,0.0],"evs":[0.0,-0.12415,-1.44733]},"Q7s":{"weight":1.0,"played":[0.9992,8.0E-4,0.0],"evs":[0.0,-0.15601,-1.51495]},"Q8s":{"weight":1.0,"played":[0.9975,0.0025,0.0],"evs":[0.0,-0.04727,-1.23862]},"Q9s":{"weight":1.0,"played":[0.0459,0.9541,0.0],"evs":[0.0,0.07481,-0.97455]},"QTs":{"weight":1.0,"played":[1.0E-4,0.9999,0.0],"evs":[0.0,0.26138,-0.53151]},"QJs":{"weight":1.0,"played":[2.0E-4,0.9998,0.0],"evs":[0.0,0.3553,-0.31434]},"QQ":{"weight":1.0,"played":[0.0,0.0,1.0],"evs":[0.0,3.44238,5.59791]},"KQo":{"weight":1.0,"played":[0.0,0.7132,0.2868],"evs":[0.0,0.45445,0.44498]},"AQo":{"weight":1.0,"played":[0.0,0.0,1.0],"evs":[0.0,1.24976,2.27362]},"K2s":{"weight":1.0,"played":[1.0,0.0,0.0],"evs":[0.0,-0.2374,-1.75649]},"K3s":{"weight":1.0,"played":[0.9979,0.0021,0.0],"evs":[0.0,-0.27122,-1.72426]},"K4s":{"weight":1.0,"played":[1.0,0.0,0.0],"evs":[0.0,-0.15145,-1.46012]},"K5s":{"weight":1.0,"played":[0.9995,5.0E-4,0.0],"evs":[0.0,-0.17251,-1.36701]},"K6s":{"weight":1.0,"played":[0.9839,0.0161,0.0],"evs":[0.0,-0.05953,-1.1842]},"K7s":{"weight":1.0,"played":[0.9844,0.0156,0.0],"evs":[0.0,-0.09083,-1.09171]},"K8s":{"weight":1.0,"played":[0.9868,0.0132,0.0],"evs":[0.0,-0.07339,-1.16655]},"K9s":{"weight":1.0,"played":[0.0115,0.9885,0.0],"evs":[0.0,0.12059,-0.64846]},"KTs":{"weight":1.0,"played":[1.0E-4,0.9999,0.0],"evs":[0.0,0.22834,-0.32196]},"KJs":{"weight":1.0,"played":[0.0,0.9999,1.0E-4],"evs":[0.0,0.5857,0.45875]},"KQs":{"weight":1.0,"played":[0.0,4.0E-4,0.9996],"evs":[0.0,0.95967,1.33003]},"KK":{"weight":1.0,"played":[0.0,0.0,1.0],"evs":[0.0,5.03258,7.67826]},"AKo":{"weight":1.0,"played":[0.0,0.0,1.0],"evs":[0.0,1.76807,3.17656]},"A2s":{"weight":1.0,"played":[9.0E-4,0.9991,0.0],"evs":[0.0,0.1122,-0.37001]},"A3s":{"weight":1.0,"played":[5.0E-4,0.9994,2.0E-4],"evs":[0.0,0.173,-0.20381]},"A4s":{"weight":1.0,"played":[0.0,0.9981,0.0019],"evs":[0.0,0.24405,-0.0124]},"A5s":{"weight":1.0,"played":[2.0E-4,0.9981,0.0017],"evs":[0.0,0.29446,0.15092]},"A6s":{"weight":1.0,"played":[2.0E-4,0.999,8.0E-4],"evs":[0.0,0.22376,0.10551]},"A7s":{"weight":1.0,"played":[1.0E-4,0.9591,0.0408],"evs":[0.0,0.3032,0.21227]},"A8s":{"weight":1.0,"played":[0.0,0.225,0.775],"evs":[0.0,0.44506,0.41894]},"A9s":{"weight":1.0,"played":[0.0,5.0E-4,0.9995],"evs":[0.0,0.62758,0.87846]},"ATs":{"weight":1.0,"played":[0.0,0.0,1.0],"evs":[0.0,1.08541,1.77906]},"AJs":{"weight":1.0,"played":[0.0,0.0,1.0],"evs":[0.0,1.52948,2.60532]},"AQs":{"weight":1.0,"played":[0.0,0.0,1.0],"evs":[0.0,1.93545,3.15535]},"AKs":{"weight":1.0,"played":[0.0,0.0,1.0],"evs":[0.0,2.42593,3.94954]},"AA":{"weight":1.0,"played":[0.0,0.0,1.0],"evs":[0.0,7.65806,10.89844]}}}