{"player":4,"street":0,"children":3,"sequence":[{"player":0,"type":"F","amount":0,"street":0},{"player":1,"type":"F","amount":0,"street":0},{"player":2,"type":"R","amount":200000,"street":0},{"player":3,"type":"C","amount":200000,"street":0}],"actions":[{"type":"F","amount":0,"node":25},{"type":"C","amount":150000,"node":29},{"type":"R","amount":1085000,"node":37}],"hands":{"22":{"weight":1.0,"played":[0.9979,0.0018,3.0E-4],"evs":[0.0,-0.42088,-0.99193]},"32o":{"weight":1.0,"played":[1.0,0.0,0.0],"evs":[0.0,-0.91898,-3.45911]},"42o":{"weight":1.0,"played":[1.0,0.0,0.0],"evs":[0.0,-0.97037,-3.27693]},"52o":{"weight":1.0,"played":[1.0,0.0,0.0],"evs":[0.0,-0.89656,-3.14999]},"62o":{"weight":1.0,"played":[1.0,0.0,0.0],"evs":[0.0,-0.86226,-3.13555]},"72o":{"weight":1.0,"played":[1.0,0.0,0.0],"evs":[0.0,-0.8958,-3.50415]},"82o":{"weight":1.0,"played":[1.0,0.0,0.0],"evs":[0.0,-0.89715,-3.43677]},"92o":{"weight":1.0,"played":[1.0,0.0,0.0],"evs":[0.0,-0.8785,-3.59019]},"T2o":{"weight":1.0,"played":[1.0,0.0,0.0],"evs":[0.0,-1.12538,-4.13612]},"J2o":{"weight":1.0,"played":[1.0,0.0,0.0],"evs":[0.0,-0.94133,-3.57553]},"Q2o":{"weight":1.0,"played":[1.0,0.0,0.0],"evs":[0.0,-0.77695,-3.08783]},"K2o":{"weight":1.0,"played":[1.0,0.0,0.0],"evs":[0.0,-0.52584,-1.59786]},"A2o":{"weight":1.0,"played":[1.0,0.0,0.0],"evs":[0.0,-0.07938,-0.30555]},"32s":{"weight":1.0,"played":[1.0,0.0,0.0],"evs":[0.0,-0.63256,-2.18195]},"33":{"weight":1.0,"played":[0.9991,8.0E-4,1.0E-4],"evs":[0.0,-0.26363,-0.76528]},"43o":{"weight":1.0,"played":[1.0,0.0,0.0],"evs":[0.0,-0.86039,-2.90337]},"53o":{"weight":1.0,"played":[1.0,0.0,0.0],"evs":[0.0,-0.85726,-2.62902]},"63o":{"weight":1.0,"played":[1.0,0.0,0.0],"evs":[0.0,-0.77927,-2.77671]},"73o":{"weight":1.0,"played":[1.0,0.0,0.0],"evs":[0.0,-0.87166,-3.05552]},"83o":{"weight":1.0,"played":[1.0,0.0,0.0],"evs":[0.0,-0.83716,-3.35708]},"93o":{"weight":1.0,"played":[1.0,0.0,0.0],"evs":[0.0,-0.89165,-3.25876]},"T3o":{"weight":1.0,"played":[1.0,0.0,0.0],"evs":[0.0,-1.04059,-3.96247]},"J3o":{"weight":1.0,"played":[0.9999,0.0,0.0],"evs":[0.0,-0.88605,-3.40577]},"Q3o":{"weight":1.0,"played":[0.9999,0.0,0.0],"evs":[0.0,-0.81377,-2.93318]},"K3o":{"weight":1.0,"played":[0.9999,1.0E-4,0.0],"evs":[0.0,-0.45039,-1.41836]},"A3o":{"weight":1.0,"played":[0.8158,0.1803,0.004],"evs":[0.0,-0.07851,-0.1404]},"42s":{"weight":1.0,"played":[1.0,0.0,0.0],"evs":[0.0,-0.62882,-2.21328]},"43s":{"weight":1.0,"played":[0.9999,0.0,1.0E-4],"evs":[0.0,-0.85454,-2.09098]},"44":{"weight":1.0,"played":[0.0076,0.9878,0.0047],"evs":[0.0,0.19619,-0.24389]},"54o":{"weight":1.0,"played":[1.0,0.0,0.0],"evs":[0.0,-0.69799,-1.90979]},"64o":{"weight":1.0,"played":[0.9999,1.0E-4,0.0],"evs":[0.0,-0.71641,-2.17708]},"74o":{"weight":1.0,"played":[1.0,0.0,0.0],"evs":[0.0,-0.80665,-2.67908]},"84o":{"weight":1.0,"played":[1.0,0.0,0.0],"evs":[0.0,-0.78532,-2.91943]},"94o":{"weight":1.0,"played":[1.0,0.0,0.0],"evs":[0.0,-0.88215,-3.26382]},"T4o":{"weight":1.0,"played":[1.0,0.0,0.0],"evs":[0.0,-1.0335,-3.94734]},"J4o":{"weight":1.0,"played":[1.0,0.0,0.0],"evs":[0.0,-0.87641,-3.11805]},"Q4o":{"weight":1.0,"played":[1.0,0.0,0.0],"evs":[0.0,-0.80098,-2.62967]},"K4o":{"weight":1.0,"played":[1.0,0.0,0.0],"evs":[0.0,-0.37713,-1.24836]},"A4o":{"weight":1.0,"played":[0.0471,0.2602,0.6927],"evs":[0.0,0.07897,0.26381]},"52s":{"weight":1.0,"played":[0.9999,0.0,0.0],"evs":[0.0,-0.84631,-2.06112]},"53s":{"weight":1.0,"played":[0.9988,8.0E-4,4.0E-4],"evs":[0.0,-0.63733,-1.48919]},"54s":{"weight":1.0,"played":[0.9208,0.0775,0.0017],"evs":[0.0,-0.25999,-1.1773]},"55":{"weight":1.0,"played":[0.01,0.7012,0.2888],"evs":[0.0,0.57373,0.634]},"65o":{"weight":1.0,"played":[1.0,0.0,0.0],"evs":[0.0,-0.61812,-1.83626]},"75o":{"weight":1.0,"played":[1.0,0.0,0.0],"evs":[0.0,-0.65321,-2.08689]},"85o":{"weight":1.0,"played":[1.0,0.0,0.0],"evs":[0.0,-0.72776,-2.36161]},"95o":{"weight":1.0,"played":[1.0,0.0,0.0],"evs":[0.0,-0.76437,-2.8218]},"T5o":{"weight":1.0,"played":[1.0,0.0,0.0],"evs":[0.0,-1.01862,-3.7994]},"J5o":{"weight":1.0,"played":[1.0,0.0,0.0],"evs":[0.0,-0.91507,-3.25377]},"Q5o":{"weight":1.0,"played":[0.9999,1.0E-4,0.0],"evs":[0.0,-0.68368,-2.39191]},"K5o":{"weight":1.0,"played":[0.9999,0.0,1.0E-4],"evs":[0.0,-0.35561,-1.04709]},"A5o":{"weight":1.0,"played":[0.0141,0.2957,0.6903],"evs":[0.0,0.48679,0.49362]},"62s":{"weight":1.0,"played":[1.0,0.0,0.0],"evs":[0.0,-0.82718,-2.2166]},"63s":{"weight":1.0,"played":[0.9999,0.0,0.0],"evs":[0.0,-0.66187,-1.85871]},"64s":{"weight":1.0,"played":[0.9999,0.0,0.0],"evs":[0.0,-0.54945,-1.4937]},"65s":{"weight":1.0,"played":[0.2269,0.7726,4.0E-4],"evs":[0.0,0.26196,-0.41687]},"66":{"weight":1.0,"played":[0.0,5.0E-4,0.9995],"evs":[0.0,0.96384,1.36408]},"76o":{"weight":1.0,"played":[1.0,0.0,0.0],"evs":[0.0,-0.61121,-1.58041]},"86o":{"weight":1.0,"played":[1.0,0.0,0.0],"evs":[0.0,-0.62866,-1.86081]},"96o":{"weight":1.0,"played":[0.9999,0.0,0.0],"evs":[0.0,-0.67548,-2.1908]},"T6o":{"weight":1.0,"played":[1.0,0.0,0.0],"evs":[0.0,-0.93346,-3.08073]},"J6o":{"weight":1.0,"played":[1.0,0.0,0.0],"evs":[0.0,-0.77531,-2.81206]},"Q6o":{"weight":1.0,"played":[1.0,0.0,0.0],"evs":[0.0,-0.59639,-2.07605]},"K6o":{"weight":1.0,"played":[0.9999,1.0E-4,0.0],"evs":[0.0,-0.35599,-0.89178]},"A6o":{"weight":1.0,"played":[0.0108,0.0854,0.9039],"evs":[0.0,0.15565,0.29517]},"72s":{"weight":1.0,"played":[0.9999,0.0,1.0E-4],"evs":[0.0,-0.72923,-2.58611]},"73s":{"weight":1.0,"played":[0.9998,0.0,2.0E-4],"evs":[0.0,-0.67654,-1.63194]},"74s":{"weight":1.0,"played":[0.9996,2.0E-4,2.0E-4],"evs":[0.0,-0.34745,-1.52998]},"75s":{"weight":1.0,"played":[0.9999,1.0E-4,0.0],"evs":[0.0,-0.3864,-1.12961]},"76s":{"weight":1.0,"played":[0.9996,0.0,4.0E-4],"evs":[0.0,-0.10051,-0.69012]},"77":{"weight":1.0,"played":[1.0E-4,1.0E-4,0.9998],"evs":[0.0,1.44356,1.90443]},"87o":{"weight":1.0,"played":[0.9999,1.0E-4,0.0],"evs":[0.0,-0.52047,-1.44521]},"97o":{"weight":1.0,"played":[0.9998,2.0E-4,0.0],"evs":[0.0,-0.55053,-1.78703]},"T7o":{"weight":1.0,"played":[1.0,0.0,0.0],"evs":[0.0,-0.79516,-2.5889]},"J7o":{"weight":1.0,"played":[1.0,0.0,0.0],"evs":[0.0,-0.6751,-2.19961]},"Q7o":{"weight":1.0,"played":[1.0,0.0,0.0],"evs":[0.0,-0.60251,-1.96306]},"K7o":{"weight":1.0,"played":[0.9999,1.0E-4,0.0],"evs":[0.0,-0.27748,-0.59193]},"A7o":{"weight":1.0,"played":[4.0E-4,2.0E-4,0.9994],"evs":[0.0,0.62468,0.89537]},"82s":{"weight":1.0,"played":[1.0,0.0,0.0],"evs":[0.0,-0.73251,-2.37893]},"83s":{"weight":1.0,"played":[0.9995,5.0E-4,0.0],"evs":[0.0,-0.73527,-2.07093]},"84s":{"weight":1.0,"played":[1.0,0.0,0.0],"evs":[0.0,-0.6788,-1.89701]},"85s":{"weight":1.0,"played":[0.9994,4.0E-4,2.0E-4],"evs":[0.0,-0.55615,-1.43494]},"86s":{"weight":1.0,"played":[0.9884,0.0072,0.0045],"evs":[0.0,-0.36294,-1.0029]},"87s":{"weight":1.0,"played":[0.4641,0.5271,0.0089],"evs":[0.0,-0.0928,-0.34531]},"88":{"weight":1.0,"played":[0.0,9.0E-4,0.999],"evs":[0.0,1.70957,2.25278]},"98o":{"weight":1.0,"played":[0.9999,0.0,1.0E-4],"evs":[0.0,-0.53552,-1.38954]},"T8o":{"weight":1.0,"played":[1.0,0.0,0.0],"evs":[0.0,-0.70697,-2.04123]},"J8o":{"weight":1.0,"played":[0.9999,0.0,1.0E-4],"evs":[0.0,-0.55513,-1.96696]},"Q8o":{"weight":1.0,"played":[0.9997,3.0E-4,0.0],"evs":[0.0,-0.5626,-1.60509]},"K8o":{"weight":1.0,"played":[0.9999,0.0,0.0],"evs":[0.0,-0.19473,-0.51643]},"A8o":{"weight":1.0,"played":[3.0E-4,6.0E-4,0.9991],"evs":[0.0,0.56965,0.89326]},"92s":{"weight":1.0,"played":[1.0,0.0,0.0],"evs":[0.0,-0.72048,-2.67761]},"93s":{"weight":1.0,"played":[1.0,0.0,0.0],"evs":[0.0,-0.70035,-1.9263]},"94s":{"weight":1.0,"played":[1.0,0.0,0.0],"evs":[0.0,-0.57718,-2.18523]},"95s":{"weight":1.0,"played":[0.994,0.0058,2.0E-4],"evs":[0.0,-0.59189,-1.75224]},"96s":{"weight":1.0,"played":[0.998,0.0015,5.0E-4],"evs":[0.0,-0.30558,-0.87827]},"97s":{"weight":1.0,"played":[0.9836,0.0162,2.0E-4],"evs":[0.0,-0.2213,-0.94357]},"98s":{"weight":1.0,"played":[0.2481,0.7516,3.0E-4],"evs":[0.0,-0.01024,-0.47597]},"99":{"weight":1.0,"played":[0.0,0.0,1.0],"evs":[0.0,2.39356,3.30288]},"T9o":{"weight":1.0,"played":[1.0,0.0,0.0],"evs":[0.0,-0.6602,-1.82326]},"J9o":{"weight":1.0,"played":[0.9988,0.0012,0.0],"evs":[0.0,-0.58271,-1.65964]},"Q9o":{"weight":1.0,"played":[0.9989,0.0011,0.0],"evs":[0.0,-0.40605,-1.20078]},"K9o":{"weight":1.0,"played":[0.071,0.9289,0.0],"evs":[0.0,0.12019,0.03186]},"A9o":{"weight":1.0,"played":[0.0,0.0038,0.9962],"evs":[0.0,0.72829,1.15888]},"T2s":{"weight":1.0,"played":[1.0,0.0,0.0],"evs":[0.0,-0.73425,-2.75293]},"T3s":{"weight":1.0,"played":[0.9998,2.0E-4,1.0E-4],"evs":[0.0,-0.81465,-2.66127]},"T4s":{"weight":1.0,"played":[1.0,0.0,0.0],"evs":[0.0,-0.80054,-2.55533]},"T5s":{"weight":1.0,"played":[0.9998,0.0,1.0E-4],"evs":[0.0,-0.75997,-2.47084]},"T6s":{"weight":1.0,"played":[0.9989,8.0E-4,3.0E-4],"evs":[0.0,-0.62991,-1.84613]},"T7s":{"weight":1.0,"played":[0.9998,2.0E-4,0.0],"evs":[0.0,-0.44728,-1.2252]},"T8s":{"weight":1.0,"played":[0.9694,0.0304,2.0E-4],"evs":[0.0,-0.23141,-0.81807]},"T9s":{"weight":1.0,"played":[0.8137,0.1773,0.0089],"evs":[0.0,-0.03858,-0.68254]},"TT":{"weight":1.0,"played":[0.0,0.0,1.0],"evs":[0.0,3.29759,4.87043]},"JTo":{"weight":1.0,"played":[0.9988,4.0E-4,8.0E-4],"evs":[0.0,-0.45448,-1.27533]},"QTo":{"weight":1.0,"played":[0.7796,0.2189,0.0015],"evs":[0.0,-6.2E-4,-0.27568]},"KTo":{"weight":1.0,"played":[2.0E-4,0.0036,0.9962],"evs":[0.0,0.63342,1.16118]},"ATo":{"weight":1.0,"played":[0.0,0.0,1.0],"evs":[0.0,1.4377,2.46102]},"J2s":{"weight":1.0,"played":[1.0,0.0,0.0],"evs":[0.0,-0.64757,-2.07145]},"J3s":{"weight":1.0,"played":[0.9999,1.0E-4,0.0],"evs":[0.0,-0.66555,-2.38083]},"J4s":{"weight":1.0,"played":[0.9995,4.0E-4,1.0E-4],"evs":[0.0,-0.62973,-1.97474]},"J5s":{"weight":1.0,"played":[0.9994,5.0E-4,1.0E-4],"evs":[0.0,-0.58609,-1.93751]},"J6s":{"weight":1.0,"played":[0.9999,0.0,0.0],"evs":[0.0,-0.39974,-1.506]},"J7s":{"weight":1.0,"played":[0.9996,4.0E-4,0.0],"evs":[0.0,-0.45446,-1.2592]},"J8s":{"weight":1.0,"played":[0.9949,0.0039,0.0011],"evs":[0.0,-0.10599,-0.77491]},"J9s":{"weight":1.0,"played":[0.3908,0.6077,0.0015],"evs":[0.0,0.25814,-0.33741]},"JTs":{"weight":1.0,"played":[0.0013,0.9813,0.0174],"evs":[0.0,0.19236,-0.12819]},"JJ":{"weight":1.0,"played":[0.0,0.0,1.0],"evs":[0.0,4.77794,6.46034]},"QJo":{"weight":1.0,"played":[2.0E-4,0.26,0.7399],"evs":[0.0,0.58912,0.73231]},"KJo":{"weight":1.0,"played":[0.0,0.0026,0.9973],"evs":[0.0,0.93337,1.50395]},"AJo":{"weight":1.0,"played":[0.0,0.0,1.0],"evs":[0.0,1.953,2.8561]},"Q2s":{"weight":1.0,"played":[0.999,0.001,1.0E-4],"evs":[0.0,-0.56877,-1.63628]},"Q3s":{"weight":1.0,"played":[0.9993,7.0E-4,0.0],"evs":[0.0,-0.50089,-1.53864]},"Q4s":{"weight":1.0,"played":[0.9997,1.0E-4,2.0E-4],"evs":[0.0,-0.42956,-1.14202]},"Q5s":{"weight":1.0,"played":[0.9999,0.0,1.0E-4],"evs":[0.0,-0.61888,-1.42857]},"Q6s":{"weight":1.0,"played":[0.9931,0.0068,1.0E-4],"evs":[0.0,-0.26914,-0.70228]},"Q7s":{"weight":1.0,"played":[0.972,0.0267,0.0013],"evs":[0.0,-0.2518,-0.83642]},"Q8s":{"weight":1.0,"played":[0.9768,0.0232,0.0],"evs":[0.0,-0.1014,-0.55908]},"Q9s":{"weight":1.0,"played":[0.627,0.3706,0.0025],"evs":[0.0,0.00965,-0.26538]},"QTs":{"weight":1.0,"played":[0.0017,0.2698,0.7285],"evs":[0.0,0.46441,0.39611]},"QJs":{"weight":1.0,"played":[0.0,0.0162,0.9838],"evs":[0.0,1.06298,1.40419]},"QQ":{"weight":1.0,"played":[0.0,0.0,1.0],"evs":[0.0,6.52126,8.69163]},"KQo":{"weight":1.0,"played":[0.0,0.0,0.9999],"evs":[0.0,1.41047,2.25047]},"AQo":{"weight":1.0,"played":[0.0,0.0,1.0],"evs":[0.0,2.43996,3.51219]},"K2s":{"weight":1.0,"played":[0.9209,0.079,1.0E-4],"evs":[0.0,-0.08408,-0.33417]},"K3s":{"weight":1.0,"played":[0.3647,0.5484,0.0869],"evs":[0.0,0.0341,-0.11008]},"K4s":{"weight":1.0,"played":[0.9045,0.0954,2.0E-4],"evs":[0.0,0.01641,-0.23279]},"K5s":{"weight":1.0,"played":[0.0408,0.9401,0.0191],"evs":[0.0,0.5533,0.50099]},"K6s":{"weight":1.0,"played":[0.0693,0.203,0.7278],"evs":[0.0,0.56027,0.63279]},"K7s":{"weight":1.0,"played":[0.0033,0.5799,0.4168],"evs":[0.0,0.56301,0.56405]},"K8s":{"weight":1.0,"played":[0.0012,0.1827,0.8161],"evs":[0.0,0.59854,0.61563]},"K9s":{"weight":1.0,"played":[4.0E-4,0.0059,0.9937],"evs":[0.0,1.09555,1.53993]},"KTs":{"weight":1.0,"played":[0.0,0.0,1.0],"evs":[0.0,1.64407,2.18628]},"KJs":{"weight":1.0,"played":[0.0,3.0E-4,0.9997],"evs":[0.0,1.92169,2.63636]},"KQs":{"weight":1.0,"played":[0.0,0.0,1.0],"evs":[0.0,2.18468,3.12977]},"KK":{"weight":1.0,"played":[0.0,0.0,1.0],"evs":[0.0,8.14841,10.47719]},"AKo":{"weight":1.0,"played":[0.0,0.0,1.0],"evs":[0.0,3.23127,4.50732]},"A2s":{"weight":1.0,"played":[1.0E-4,0.0085,0.9914],"evs":[0.0,0.7704,0.96699]},"A3s":{"weight":1.0,"played":[0.0,0.4215,0.5785],"evs":[0.0,0.78579,0.92963]},"A4s":{"weight":1.0,"played":[3.0E-4,0.118,0.8817],"evs":[0.0,1.04781,1.31471]},"A5s":{"weight":1.0,"played":[1.0E-4,1.0E-4,0.9998],"evs":[0.0,0.96904,1.31542]},"A6s":{"weight":1.0,"played":[9.0E-4,0.0228,0.9762],"evs":[0.0,1.00846,1.325]},"A7s":{"weight":1.0,"played":[0.0,1.0E-4,0.9999],"evs":[0.0,1.3006,1.72811]},"A8s":{"weight":1.0,"played":[0.0,1.0E-4,0.9999],"evs":[0.0,1.46924,2.22758]},"A9s":{"weight":1.0,"played":[2.0E-4,4.0E-4,0.9994],"evs":[0.0,1.69516,2.2054]},"ATs":{"weight":1.0,"played":[0.0,1.0E-4,0.9999],"evs":[0.0,2.572,3.70663]},"AJs":{"weight":1.0,"played":[0.0,0.0,1.0],"evs":[0.0,2.85454,4.00557]},"AQs":{"weight":1.0,"played":[0.0,1.0E-4,0.9999],"evs":[0.0,3.57694,4.78167]},"AKs":{"weight":1.0,"played":[0.0,0.0,1.0],"evs":[0.0,3.88315,5.15394]},"AA":{"weight":1.0,"played":[0.0,0.0,1.0],"evs":[0.0,10.30054,12.76076]}}}