{"player":2,"street":0,"children":2,"sequence":[{"player":0,"type":"R","amount":200000,"street":0},{"player":1,"type":"F","amount":0,"street":0},{"player":2,"type":"C","amount":200000,"street":0},{"player":3,"type":"F","amount":0,"street":0},{"player":4,"type":"F","amount":0,"street":0},{"player":5,"type":"R","amount":1985000,"street":0},{"player":0,"type":"C","amount":1785000,"street":0}],"actions":[{"type":"F","amount":0},{"type":"C","amount":1685000}],"hands":{"22":{"weight":0.0,"played":[1.0,0.0],"evs":[0.0,-3.12055]},"32o":{"weight":0.0,"played":[1.0,0.0],"evs":[0.0,-6.53781]},"42o":{"weight":0.0,"played":[1.0,0.0],"evs":[0.0,-6.28136]},"52o":{"weight":0.0,"played":[1.0,0.0],"evs":[0.0,-6.05556]},"62o":{"weight":0.0,"played":[1.0,0.0],"evs":[0.0,-6.41177]},"72o":{"weight":0.0,"played":[1.0,0.0],"evs":[0.0,-6.84142]},"82o":{"weight":0.0,"played":[1.0,0.0],"evs":[0.0,-6.52485]},"92o":{"weight":0.0,"played":[1.0,0.0],"evs":[0.0,-6.05324]},"T2o":{"weight":0.0,"played":[1.0,0.0],"evs":[0.0,-6.36488]},"J2o":{"weight":0.0,"played":[1.0,0.0],"evs":[0.0,-5.97453]},"Q2o":{"weight":0.0,"played":[1.0,0.0],"evs":[0.0,-5.49728]},"K2o":{"weight":0.0,"played":[1.0,0.0],"evs":[0.0,-4.76114]},"A2o":{"weight":0.0,"played":[1.0,0.0],"evs":[0.0,-6.72483]},"32s":{"weight":0.0,"played":[1.0,0.0],"evs":[0.0,-4.77101]},"33":{"weight":0.5319,"played":[1.0,0.0],"evs":[0.0,-2.86164]},"43o":{"weight":0.0,"played":[1.0,0.0],"evs":[0.0,-5.61535]},"53o":{"weight":0.0,"played":[1.0,0.0],"evs":[0.0,-5.32326]},"63o":{"weight":0.0,"played":[1.0,0.0],"evs":[0.0,-5.63979]},"73o":{"weight":0.0,"played":[1.0,0.0],"evs":[0.0,-6.16798]},"83o":{"weight":0.0,"played":[1.0,0.0],"evs":[0.0,-6.51536]},"93o":{"weight":0.0,"played":[1.0,0.0],"evs":[0.0,-6.17419]},"T3o":{"weight":0.0,"played":[1.0,0.0],"evs":[0.0,-6.28031]},"J3o":{"weight":0.0,"played":[1.0,0.0],"evs":[0.0,-5.84562]},"Q3o":{"weight":0.0,"played":[1.0,0.0],"evs":[0.0,-5.44869]},"K3o":{"weight":0.0,"played":[1.0,0.0],"evs":[0.0,-4.72213]},"A3o":{"weight":0.0,"played":[1.0,0.0],"evs":[0.0,-6.57827]},"42s":{"weight":0.0,"played":[1.0,0.0],"evs":[0.0,-4.7523]},"43s":{"weight":0.0,"played":[1.0,0.0],"evs":[0.0,-3.81401]},"44":{"weight":0.7023,"played":[1.0,0.0],"evs":[0.0,-2.37969]},"54o":{"weight":0.0,"played":[1.0,0.0],"evs":[0.0,-4.76302]},"64o":{"weight":0.0,"played":[1.0,0.0],"evs":[0.0,-4.94503]},"74o":{"weight":0.0,"played":[1.0,0.0],"evs":[0.0,-5.38396]},"84o":{"weight":0.0,"played":[1.0,0.0],"evs":[0.0,-5.8257]},"94o":{"weight":0.0,"played":[1.0,0.0],"evs":[0.0,-5.8804]},"T4o":{"weight":0.0,"played":[1.0,0.0],"evs":[0.0,-6.04617]},"J4o":{"weight":0.0,"played":[1.0,0.0],"evs":[0.0,-5.80387]},"Q4o":{"weight":0.0,"played":[1.0,0.0],"evs":[0.0,-5.09742]},"K4o":{"weight":0.0,"played":[1.0,0.0],"evs":[0.0,-4.44415]},"A4o":{"weight":0.0,"played":[1.0,0.0],"evs":[0.0,-6.21126]},"52s":{"weight":0.0,"played":[1.0,0.0],"evs":[0.0,-4.248]},"53s":{"weight":0.0,"played":[1.0,0.0],"evs":[0.0,-3.58435]},"54s":{"weight":0.0,"played":[1.0,0.0],"evs":[0.0,-3.12209]},"55":{"weight":0.4232,"played":[0.9998,2.0E-4],"evs":[0.0,-1.84447]},"65o":{"weight":0.0,"played":[1.0,0.0],"evs":[0.0,-4.23619]},"75o":{"weight":0.0,"played":[1.0,0.0],"evs":[0.0,-4.77235]},"85o":{"weight":0.0,"played":[1.0,0.0],"evs":[0.0,-5.12566]},"95o":{"weight":0.0,"played":[1.0,0.0],"evs":[0.0,-5.37264]},"T5o":{"weight":0.0,"played":[1.0,0.0],"evs":[0.0,-5.96601]},"J5o":{"weight":0.0,"played":[1.0,0.0],"evs":[0.0,-5.64988]},"Q5o":{"weight":0.0,"played":[1.0,0.0],"evs":[0.0,-5.00305]},"K5o":{"weight":0.0,"played":[1.0,0.0],"evs":[0.0,-4.32795]},"A5o":{"weight":0.0,"played":[1.0,0.0],"evs":[0.0,-5.96208]},"62s":{"weight":0.0,"played":[1.0,0.0],"evs":[0.0,-4.65086]},"63s":{"weight":0.0,"played":[1.0,0.0],"evs":[0.0,-4.12529]},"64s":{"weight":0.0,"played":[1.0,0.0],"evs":[0.0,-3.45248]},"65s":{"weight":0.0,"played":[1.0,0.0],"evs":[0.0,-2.53965]},"66":{"weight":0.0103,"played":[0.9997,3.0E-4],"evs":[0.0,-0.95064]},"76o":{"weight":0.0,"played":[1.0,0.0],"evs":[0.0,-4.06288]},"86o":{"weight":0.0,"played":[1.0,0.0],"evs":[0.0,-4.47238]},"96o":{"weight":0.0,"played":[1.0,0.0],"evs":[0.0,-4.73739]},"T6o":{"weight":0.0,"played":[1.0,0.0],"evs":[0.0,-5.23877]},"J6o":{"weight":0.0,"played":[1.0,0.0],"evs":[0.0,-5.36216]},"Q6o":{"weight":0.0,"played":[1.0,0.0],"evs":[0.0,-4.64022]},"K6o":{"weight":0.0,"played":[1.0,0.0],"evs":[0.0,-4.02726]},"A6o":{"weight":0.0,"played":[1.0,0.0],"evs":[0.0,-6.2953]},"72s":{"weight":0.0,"played":[1.0,0.0],"evs":[0.0,-4.9882]},"73s":{"weight":0.0,"played":[1.0,0.0],"evs":[0.0,-4.38712]},"74s":{"weight":0.0,"played":[1.0,0.0],"evs":[0.0,-3.67544]},"75s":{"weight":0.0,"played":[1.0,0.0],"evs":[0.0,-2.83017]},"76s":{"weight":0.2425,"played":[1.0,0.0],"evs":[0.0,-2.19285]},"77":{"weight":0.0,"played":[0.1646,0.8354],"evs":[0.0,0.30879]},"87o":{"weight":0.0,"played":[1.0,0.0],"evs":[0.0,-3.73919]},"97o":{"weight":0.0,"played":[1.0,0.0],"evs":[0.0,-3.86695]},"T7o":{"weight":0.0,"played":[1.0,0.0],"evs":[0.0,-4.27051]},"J7o":{"weight":0.0,"played":[1.0,0.0],"evs":[0.0,-4.61231]},"Q7o":{"weight":0.0,"played":[1.0,0.0],"evs":[0.0,-4.47872]},"K7o":{"weight":0.0,"played":[1.0,0.0],"evs":[0.0,-3.61692]},"A7o":{"weight":0.0,"played":[1.0,0.0],"evs":[0.0,-6.03582]},"82s":{"weight":0.0,"played":[1.0,0.0],"evs":[0.0,-4.89231]},"83s":{"weight":0.0,"played":[1.0,0.0],"evs":[0.0,-4.46854]},"84s":{"weight":0.0,"played":[1.0,0.0],"evs":[0.0,-4.11436]},"85s":{"weight":0.0,"played":[1.0,0.0],"evs":[0.0,-3.36904]},"86s":{"weight":1.0E-4,"played":[1.0,0.0],"evs":[0.0,-2.60611]},"87s":{"weight":0.0012,"played":[1.0,0.0],"evs":[0.0,-1.7893]},"88":{"weight":0.0,"played":[0.0,1.0],"evs":[0.0,1.51728]},"98o":{"weight":0.0,"played":[1.0,0.0],"evs":[0.0,-3.41512]},"T8o":{"weight":0.0,"played":[1.0,0.0],"evs":[0.0,-3.81515]},"J8o":{"weight":0.0,"played":[1.0,0.0],"evs":[0.0,-3.92847]},"Q8o":{"weight":0.0,"played":[1.0,0.0],"evs":[0.0,-4.01376]},"K8o":{"weight":0.0,"played":[1.0,0.0],"evs":[0.0,-3.75247]},"A8o":{"weight":0.0,"played":[1.0,0.0],"evs":[0.0,-5.39604]},"92s":{"weight":0.0,"played":[1.0,0.0],"evs":[0.0,-4.40743]},"93s":{"weight":0.0,"played":[1.0,0.0],"evs":[0.0,-4.22157]},"94s":{"weight":0.0,"played":[1.0,0.0],"evs":[0.0,-4.21506]},"95s":{"weight":0.0,"played":[1.0,0.0],"evs":[0.0,-3.47235]},"96s":{"weight":0.0,"played":[1.0,0.0],"evs":[0.0,-2.8625]},"97s":{"weight":0.0,"played":[1.0,0.0],"evs":[0.0,-2.12195]},"98s":{"weight":0.6438,"played":[1.0,0.0],"evs":[0.0,-1.57192]},"99":{"weight":0.0,"played":[0.0,1.0],"evs":[0.0,2.51628]},"T9o":{"weight":0.0,"played":[1.0,0.0],"evs":[0.0,-2.98533]},"J9o":{"weight":0.0,"played":[1.0,0.0],"evs":[0.0,-3.25961]},"Q9o":{"weight":0.0,"played":[1.0,0.0],"evs":[0.0,-3.05733]},"K9o":{"weight":0.0,"played":[1.0,0.0],"evs":[0.0,-2.89607]},"A9o":{"weight":0.0038,"played":[1.0,0.0],"evs":[0.0,-4.8194]},"T2s":{"weight":0.0,"played":[1.0,0.0],"evs":[0.0,-4.49967]},"T3s":{"weight":0.0,"played":[1.0,0.0],"evs":[0.0,-4.40021]},"T4s":{"weight":0.0,"played":[1.0,0.0],"evs":[0.0,-4.07206]},"T5s":{"weight":0.0,"played":[1.0,0.0],"evs":[0.0,-4.03727]},"T6s":{"weight":0.0,"played":[1.0,0.0],"evs":[0.0,-3.43179]},"T7s":{"weight":0.0,"played":[1.0,0.0],"evs":[0.0,-2.90376]},"T8s":{"weight":2.0E-4,"played":[1.0,0.0],"evs":[0.0,-2.04982]},"T9s":{"weight":0.9999,"played":[1.0,0.0],"evs":[0.0,-1.54253]},"TT":{"weight":0.0,"played":[0.0,1.0],"evs":[0.0,4.27234]},"JTo":{"weight":0.0,"played":[1.0,0.0],"evs":[0.0,-2.58639]},"QTo":{"weight":0.0,"played":[1.0,0.0],"evs":[0.0,-2.4723]},"KTo":{"weight":0.0,"played":[1.0,0.0],"evs":[0.0,-2.47063]},"ATo":{"weight":0.3766,"played":[1.0,0.0],"evs":[0.0,-3.71043]},"J2s":{"weight":0.0,"played":[1.0,0.0],"evs":[0.0,-4.22463]},"J3s":{"weight":0.0,"played":[1.0,0.0],"evs":[0.0,-3.99398]},"J4s":{"weight":0.0,"played":[1.0,0.0],"evs":[0.0,-3.91137]},"J5s":{"weight":0.0,"played":[1.0,0.0],"evs":[0.0,-3.66606]},"J6s":{"weight":0.0,"played":[1.0,0.0],"evs":[0.0,-3.3852]},"J7s":{"weight":0.0,"played":[1.0,0.0],"evs":[0.0,-2.74254]},"J8s":{"weight":0.0,"played":[1.0,0.0],"evs":[0.0,-2.04441]},"J9s":{"weight":0.946,"played":[1.0,0.0],"evs":[0.0,-1.38365]},"JTs":{"weight":0.2188,"played":[1.0,0.0],"evs":[0.0,-1.0525]},"JJ":{"weight":0.0,"played":[0.0,1.0],"evs":[0.0,6.81035]},"QJo":{"weight":0.0105,"played":[1.0,0.0],"evs":[0.0,-2.03028]},"KJo":{"weight":0.9987,"played":[1.0,0.0],"evs":[0.0,-1.85476]},"AJo":{"weight":2.0E-4,"played":[1.0,0.0],"evs":[0.0,-2.03576]},"Q2s":{"weight":0.0,"played":[1.0,0.0],"evs":[0.0,-3.43237]},"Q3s":{"weight":0.0,"played":[1.0,0.0],"evs":[0.0,-3.49538]},"Q4s":{"weight":0.0,"played":[1.0,0.0],"evs":[0.0,-3.32785]},"Q5s":{"weight":0.0,"played":[1.0,0.0],"evs":[0.0,-2.93065]},"Q6s":{"weight":0.0,"played":[1.0,0.0],"evs":[0.0,-3.16956]},"Q7s":{"weight":0.0,"played":[1.0,0.0],"evs":[0.0,-2.64284]},"Q8s":{"weight":0.0,"played":[1.0,0.0],"evs":[0.0,-2.34062]},"Q9s":{"weight":0.9999,"played":[1.0,0.0],"evs":[0.0,-1.35701]},"QTs":{"weight":0.9966,"played":[1.0,0.0],"evs":[0.0,-1.06022]},"QJs":{"weight":0.9955,"played":[1.0,0.0],"evs":[0.0,-0.53517]},"QQ":{"weight":0.1068,"played":[0.0,1.0],"evs":[0.0,9.64216]},"KQo":{"weight":0.0092,"played":[1.0,0.0],"evs":[0.0,-1.22231]},"AQo":{"weight":0.0,"played":[0.033,0.967],"evs":[0.0,0.11613]},"K2s":{"weight":0.0,"played":[1.0,0.0],"evs":[0.0,-3.09032]},"K3s":{"weight":0.0,"played":[1.0,0.0],"evs":[0.0,-2.96716]},"K4s":{"weight":0.0,"played":[1.0,0.0],"evs":[0.0,-2.72037]},"K5s":{"weight":0.0,"played":[1.0,0.0],"evs":[0.0,-2.55441]},"K6s":{"weight":0.0,"played":[1.0,0.0],"evs":[0.0,-2.31728]},"K7s":{"weight":0.0,"played":[1.0,0.0],"evs":[0.0,-1.98707]},"K8s":{"weight":1.0E-4,"played":[1.0,0.0],"evs":[0.0,-1.98459]},"K9s":{"weight":0.5823,"played":[1.0,0.0],"evs":[0.0,-1.2236]},"KTs":{"weight":0.9638,"played":[1.0,0.0],"evs":[0.0,-0.62854]},"KJs":{"weight":0.9793,"played":[1.0,0.0],"evs":[0.0,-0.56685]},"KQs":{"weight":0.4282,"played":[0.1528,0.8472],"evs":[0.0,0.41317]},"KK":{"weight":1.0,"played":[0.0,1.0],"evs":[0.0,12.96466]},"AKo":{"weight":0.0,"played":[0.0,1.0],"evs":[0.0,2.83232]},"A2s":{"weight":3.0E-4,"played":[1.0,0.0],"evs":[0.0,-4.73331]},"A3s":{"weight":0.9907,"played":[1.0,0.0],"evs":[0.0,-4.26357]},"A4s":{"weight":0.4784,"played":[1.0,0.0],"evs":[0.0,-4.28931]},"A5s":{"weight":0.0877,"played":[1.0,0.0],"evs":[0.0,-3.90653]},"A6s":{"weight":0.8107,"played":[1.0,0.0],"evs":[0.0,-4.39349]},"A7s":{"weight":0.6275,"played":[1.0,0.0],"evs":[0.0,-3.77166]},"A8s":{"weight":0.9211,"played":[1.0,0.0],"evs":[0.0,-3.50493]},"A9s":{"weight":0.9993,"played":[1.0,0.0],"evs":[0.0,-3.17056]},"ATs":{"weight":0.9998,"played":[0.9999,1.0E-4],"evs":[0.0,-1.72747]},"AJs":{"weight":0.1589,"played":[0.925,0.075],"evs":[0.0,-0.39075]},"AQs":{"weight":0.0,"played":[0.0,1.0],"evs":[0.0,1.88249]},"AKs":{"weight":0.0,"played":[0.0,1.0],"evs":[0.0,4.10109]},"AA":{"weight":1.0,"played":[0.0,1.0],"evs":[0.0,19.33742]}}}