{"player":5,"street":0,"children":3,"sequence":[{"player":0,"type":"R","amount":200000,"street":0},{"player":1,"type":"F","amount":0,"street":0},{"player":2,"type":"C","amount":200000,"street":0},{"player":3,"type":"F","amount":0,"street":0},{"player":4,"type":"C","amount":150000,"street":0}],"actions":[{"type":"F","amount":0},{"type":"C","amount":100000},{"type":"R","amount":1985000,"node":245}],"hands":{"22":{"weight":1.0,"played":[4.0E-4,0.9976,0.002],"evs":[0.0,1.39011,-0.72116]},"32o":{"weight":1.0,"played":[1.0,0.0,0.0],"evs":[0.0,-0.22542,-5.23728]},"42o":{"weight":1.0,"played":[1.0,0.0,0.0],"evs":[0.0,-0.14201,-4.69279]},"52o":{"weight":1.0,"played":[1.0,0.0,0.0],"evs":[0.0,-0.15835,-4.71283]},"62o":{"weight":1.0,"played":[1.0,0.0,0.0],"evs":[0.0,-0.20931,-4.85891]},"72o":{"weight":1.0,"played":[1.0,0.0,0.0],"evs":[0.0,-0.27775,-5.28204]},"82o":{"weight":1.0,"played":[1.0,0.0,0.0],"evs":[0.0,-0.36519,-5.0129]},"92o":{"weight":1.0,"played":[1.0,0.0,0.0],"evs":[0.0,-0.43272,-5.16221]},"T2o":{"weight":1.0,"played":[1.0,0.0,0.0],"evs":[0.0,-0.47883,-5.41221]},"J2o":{"weight":1.0,"played":[1.0,0.0,0.0],"evs":[0.0,-0.45765,-4.78925]},"Q2o":{"weight":1.0,"played":[1.0,0.0,0.0],"evs":[0.0,-0.21058,-4.34491]},"K2o":{"weight":1.0,"played":[0.9998,1.0E-4,1.0E-4],"evs":[0.0,-0.26933,-3.83449]},"A2o":{"weight":1.0,"played":[0.8914,0.1086,0.0],"evs":[0.0,-0.02562,-1.54685]},"32s":{"weight":1.0,"played":[0.1944,0.8056,0.0],"evs":[0.0,0.17765,-3.34401]},"33":{"weight":1.0,"played":[7.0E-4,0.9978,0.0015],"evs":[0.0,1.33557,0.04657]},"43o":{"weight":1.0,"played":[1.0,0.0,0.0],"evs":[0.0,-0.21644,-4.29395]},"53o":{"weight":1.0,"played":[1.0,0.0,0.0],"evs":[0.0,-0.13759,-3.61618]},"63o":{"weight":1.0,"played":[1.0,0.0,0.0],"evs":[0.0,-0.12253,-4.00229]},"73o":{"weight":1.0,"played":[1.0,0.0,0.0],"evs":[0.0,-0.21985,-4.47613]},"83o":{"weight":1.0,"played":[1.0,0.0,0.0],"evs":[0.0,-0.36481,-5.01547]},"93o":{"weight":1.0,"played":[1.0,0.0,0.0],"evs":[0.0,-0.41203,-5.18906]},"T3o":{"weight":1.0,"played":[1.0,0.0,0.0],"evs":[0.0,-0.44627,-5.11267]},"J3o":{"weight":1.0,"played":[1.0,0.0,0.0],"evs":[0.0,-0.40032,-4.66975]},"Q3o":{"weight":1.0,"played":[1.0,0.0,0.0],"evs":[0.0,-0.27192,-4.13003]},"K3o":{"weight":1.0,"played":[0.9998,2.0E-4,0.0],"evs":[0.0,-0.33517,-3.65628]},"A3o":{"weight":1.0,"played":[0.9976,0.0022,2.0E-4],"evs":[0.0,-0.0617,-1.24836]},"42s":{"weight":1.0,"played":[0.8659,0.134,1.0E-4],"evs":[0.0,0.00349,-3.36226]},"43s":{"weight":1.0,"played":[0.6371,0.3629,0.0],"evs":[0.0,-0.05808,-2.82563]},"44":{"weight":1.0,"played":[2.0E-4,0.455,0.5449],"evs":[0.0,1.36857,1.13168]},"54o":{"weight":1.0,"played":[0.3531,0.6469,0.0],"evs":[0.0,0.15065,-2.65985]},"64o":{"weight":1.0,"played":[0.8308,0.1692,0.0],"evs":[0.0,0.02558,-3.26551]},"74o":{"weight":1.0,"played":[1.0,0.0,0.0],"evs":[0.0,-0.06439,-3.52264]},"84o":{"weight":1.0,"played":[1.0,0.0,0.0],"evs":[0.0,-0.27136,-4.13481]},"94o":{"weight":1.0,"played":[1.0,0.0,0.0],"evs":[0.0,-0.368,-4.80592]},"T4o":{"weight":1.0,"played":[1.0,0.0,0.0],"evs":[0.0,-0.38864,-4.71632]},"J4o":{"weight":1.0,"played":[1.0,0.0,0.0],"evs":[0.0,-0.48698,-4.52959]},"Q4o":{"weight":1.0,"played":[1.0,0.0,0.0],"evs":[0.0,-0.24432,-3.58608]},"K4o":{"weight":1.0,"played":[1.0,0.0,0.0],"evs":[0.0,-0.22709,-3.24702]},"A4o":{"weight":1.0,"played":[0.798,0.202,0.0],"evs":[0.0,-0.04778,-0.62977]},"52s":{"weight":1.0,"played":[0.6205,0.3795,0.0],"evs":[0.0,0.06135,-2.88525]},"53s":{"weight":1.0,"played":[0.1285,0.8715,0.0],"evs":[0.0,0.36493,-1.96229]},"54s":{"weight":1.0,"played":[0.0579,0.9417,4.0E-4],"evs":[0.0,0.31791,-1.26956]},"55":{"weight":1.0,"played":[0.0,0.0,1.0],"evs":[0.0,1.33158,2.35639]},"65o":{"weight":1.0,"played":[0.1313,0.8687,0.0],"evs":[0.0,0.16238,-2.35371]},"75o":{"weight":1.0,"played":[0.3339,0.6661,0.0],"evs":[0.0,0.06874,-2.6557]},"85o":{"weight":1.0,"played":[0.948,0.052,0.0],"evs":[0.0,0.01204,-3.05441]},"95o":{"weight":1.0,"played":[1.0,0.0,0.0],"evs":[0.0,-0.45252,-4.19856]},"T5o":{"weight":1.0,"played":[0.9999,1.0E-4,0.0],"evs":[0.0,-0.33659,-4.43162]},"J5o":{"weight":1.0,"played":[0.9996,4.0E-4,0.0],"evs":[0.0,-0.33391,-3.66473]},"Q5o":{"weight":1.0,"played":[1.0,0.0,0.0],"evs":[0.0,-0.12024,-3.0363]},"K5o":{"weight":1.0,"played":[0.9997,3.0E-4,0.0],"evs":[0.0,-0.29117,-2.8192]},"A5o":{"weight":1.0,"played":[0.0224,0.9776,0.0],"evs":[0.0,0.04796,-0.47843]},"62s":{"weight":1.0,"played":[0.8372,0.1628,0.0],"evs":[0.0,-0.00762,-3.47526]},"63s":{"weight":1.0,"played":[0.072,0.9274,6.0E-4],"evs":[0.0,0.33701,-2.49199]},"64s":{"weight":1.0,"played":[0.0514,0.9486,0.0],"evs":[0.0,0.21628,-1.61048]},"65s":{"weight":1.0,"played":[0.0083,0.9871,0.0047],"evs":[0.0,0.47476,-1.08001]},"66":{"weight":1.0,"played":[0.0,2.0E-4,0.9998],"evs":[0.0,1.39652,3.14445]},"76o":{"weight":1.0,"played":[0.646,0.354,0.0],"evs":[0.0,0.05725,-2.20459]},"86o":{"weight":1.0,"played":[0.6046,0.3954,0.0],"evs":[0.0,0.10704,-2.28756]},"96o":{"weight":1.0,"played":[1.0,0.0,0.0],"evs":[0.0,-0.15648,-3.04142]},"T6o":{"weight":1.0,"played":[1.0,0.0,0.0],"evs":[0.0,-0.23829,-3.37406]},"J6o":{"weight":1.0,"played":[0.9999,1.0E-4,0.0],"evs":[0.0,-0.27542,-3.57368]},"Q6o":{"weight":1.0,"played":[1.0,0.0,0.0],"evs":[0.0,-0.17085,-2.87454]},"K6o":{"weight":1.0,"played":[1.0,0.0,0.0],"evs":[0.0,-0.28201,-2.38707]},"A6o":{"weight":1.0,"played":[0.0116,0.9884,0.0],"evs":[0.0,0.17278,-0.29413]},"72s":{"weight":1.0,"played":[1.0,0.0,0.0],"evs":[0.0,-0.21761,-3.814]},"73s":{"weight":1.0,"played":[0.8847,0.1153,0.0],"evs":[0.0,0.05056,-2.63325]},"74s":{"weight":1.0,"played":[0.3119,0.6873,9.0E-4],"evs":[0.0,0.16898,-1.8842]},"75s":{"weight":1.0,"played":[0.004,0.9953,8.0E-4],"evs":[0.0,0.48462,-0.87714]},"76s":{"weight":1.0,"played":[0.0695,0.9294,0.001],"evs":[0.0,0.54269,-0.63557]},"77":{"weight":1.0,"played":[0.0,3.0E-4,0.9997],"evs":[0.0,1.43992,4.15087]},"87o":{"weight":1.0,"played":[0.1888,0.8112,0.0],"evs":[0.0,0.13983,-1.77855]},"97o":{"weight":1.0,"played":[1.0,0.0,0.0],"evs":[0.0,-0.00143,-2.38457]},"T7o":{"weight":1.0,"played":[1.0,0.0,0.0],"evs":[0.0,-0.20442,-2.70225]},"J7o":{"weight":1.0,"played":[0.9999,1.0E-4,0.0],"evs":[0.0,-0.24832,-2.8462]},"Q7o":{"weight":1.0,"played":[0.9997,3.0E-4,0.0],"evs":[0.0,-0.11488,-2.87689]},"K7o":{"weight":1.0,"played":[0.9998,2.0E-4,0.0],"evs":[0.0,-0.20201,-2.03131]},"A7o":{"weight":1.0,"played":[0.0182,0.8549,0.1269],"evs":[0.0,0.19668,0.12995]},"82s":{"weight":1.0,"played":[0.9932,0.0068,0.0],"evs":[0.0,-0.09738,-3.20371]},"83s":{"weight":1.0,"played":[0.9779,0.0221,0.0],"evs":[0.0,-0.1592,-3.46088]},"84s":{"weight":1.0,"played":[0.3446,0.6554,0.0],"evs":[0.0,0.18969,-2.11345]},"85s":{"weight":1.0,"played":[0.1752,0.8247,1.0E-4],"evs":[0.0,0.10826,-1.70094]},"86s":{"weight":1.0,"played":[0.054,0.946,0.0],"evs":[0.0,0.31625,-0.71714]},"87s":{"weight":1.0,"played":[0.0045,0.9955,0.0],"evs":[0.0,0.53768,-0.43563]},"88":{"weight":1.0,"played":[0.0,0.0,1.0],"evs":[0.0,1.60435,5.11636]},"98o":{"weight":1.0,"played":[0.987,0.0125,5.0E-4],"evs":[0.0,-0.00959,-2.01482]},"T8o":{"weight":1.0,"played":[0.9999,1.0E-4,1.0E-4],"evs":[0.0,-0.08031,-2.24522]},"J8o":{"weight":1.0,"played":[0.9998,2.0E-4,0.0],"evs":[0.0,-0.22032,-2.55332]},"Q8o":{"weight":1.0,"played":[0.9999,0.0,1.0E-4],"evs":[0.0,-0.08188,-2.17341]},"K8o":{"weight":1.0,"played":[1.0,0.0,0.0],"evs":[0.0,-0.10482,-1.96194]},"A8o":{"weight":1.0,"played":[0.0046,0.2101,0.7853],"evs":[0.0,0.35913,0.55668]},"92s":{"weight":1.0,"played":[0.9866,0.0134,0.0],"evs":[0.0,-0.0242,-3.25201]},"93s":{"weight":1.0,"played":[0.9999,1.0E-4,0.0],"evs":[0.0,-0.08385,-3.1319]},"94s":{"weight":1.0,"played":[1.0,0.0,0.0],"evs":[0.0,-0.18354,-3.15011]},"95s":{"weight":1.0,"played":[0.1997,0.8003,0.0],"evs":[0.0,0.14547,-2.13349]},"96s":{"weight":1.0,"played":[0.0032,0.9965,3.0E-4],"evs":[0.0,0.33534,-1.42029]},"97s":{"weight":1.0,"played":[0.0146,0.973,0.0124],"evs":[0.0,0.39145,-0.67269]},"98s":{"weight":1.0,"played":[0.0016,0.9765,0.022],"evs":[0.0,0.49818,-0.44436]},"99":{"weight":1.0,"played":[0.0,0.0,1.0],"evs":[0.0,1.58132,6.05893]},"T9o":{"weight":1.0,"played":[0.9993,6.0E-4,1.0E-4],"evs":[0.0,-0.10624,-1.96605]},"J9o":{"weight":1.0,"played":[1.0,0.0,0.0],"evs":[0.0,-0.15873,-2.16155]},"Q9o":{"weight":1.0,"played":[0.8456,0.1544,0.0],"evs":[0.0,0.03309,-2.02263]},"K9o":{"weight":1.0,"played":[1.0,0.0,0.0],"evs":[0.0,-0.03018,-1.7277]},"A9o":{"weight":1.0,"played":[1.0E-4,0.0049,0.995],"evs":[0.0,0.4872,1.38149]},"T2s":{"weight":1.0,"played":[0.992,0.008,0.0],"evs":[0.0,-0.21479,-3.52474]},"T3s":{"weight":1.0,"played":[0.9933,0.0067,0.0],"evs":[0.0,-0.06512,-3.27629]},"T4s":{"weight":1.0,"played":[0.724,0.276,0.0],"evs":[0.0,-0.07751,-2.7775]},"T5s":{"weight":1.0,"played":[0.1641,0.8359,0.0],"evs":[0.0,0.1394,-2.24192]},"T6s":{"weight":1.0,"played":[0.0652,0.9346,2.0E-4],"evs":[0.0,0.17138,-1.41828]},"T7s":{"weight":1.0,"played":[0.1001,0.8998,1.0E-4],"evs":[0.0,0.19247,-1.34452]},"T8s":{"weight":1.0,"played":[0.1097,0.8899,4.0E-4],"evs":[0.0,0.34425,-0.50693]},"T9s":{"weight":1.0,"played":[0.1595,0.8343,0.0062],"evs":[0.0,0.5051,-0.45583]},"TT":{"weight":1.0,"played":[0.0,0.0,1.0],"evs":[0.0,1.78225,7.69065]},"JTo":{"weight":1.0,"played":[0.1904,0.8096,0.0],"evs":[0.0,0.14117,-1.42984]},"QTo":{"weight":1.0,"played":[0.0224,0.9776,0.0],"evs":[0.0,0.18067,-0.97741]},"KTo":{"weight":1.0,"played":[0.055,0.945,0.0],"evs":[0.0,0.25936,-0.65935]},"ATo":{"weight":1.0,"played":[0.0,0.0,1.0],"evs":[0.0,1.00736,2.65567]},"J2s":{"weight":1.0,"played":[0.4242,0.5758,0.0],"evs":[0.0,0.03356,-3.19813]},"J3s":{"weight":1.0,"played":[0.5718,0.4282,0.0],"evs":[0.0,-0.01809,-2.73847]},"J4s":{"weight":1.0,"played":[0.2891,0.7108,2.0E-4],"evs":[0.0,0.14195,-2.06744]},"J5s":{"weight":1.0,"played":[0.7801,0.2199,0.0],"evs":[0.0,0.07862,-2.1141]},"J6s":{"weight":1.0,"played":[0.3758,0.6242,0.0],"evs":[0.0,0.04795,-1.87599]},"J7s":{"weight":1.0,"played":[0.1036,0.8946,0.0018],"evs":[0.0,0.14258,-1.50793]},"J8s":{"weight":1.0,"played":[0.1634,0.8356,0.001],"evs":[0.0,0.27605,-1.05204]},"J9s":{"weight":1.0,"played":[0.2795,0.7203,2.0E-4],"evs":[0.0,0.11029,-0.93827]},"JTs":{"weight":1.0,"played":[3.0E-4,0.8944,0.1053],"evs":[0.0,0.39098,-0.27719]},"JJ":{"weight":1.0,"played":[0.0,0.0,1.0],"evs":[0.0,2.60971,8.92265]},"QJo":{"weight":1.0,"played":[0.0069,0.993,1.0E-4],"evs":[0.0,0.52183,-0.38294]},"KJo":{"weight":1.0,"played":[0.0165,0.9835,1.0E-4],"evs":[0.0,0.47769,0.12486]},"AJo":{"weight":1.0,"played":[0.0,0.0,1.0],"evs":[0.0,1.36152,3.7046]},"Q2s":{"weight":1.0,"played":[0.3474,0.6526,0.0],"evs":[0.0,0.17227,-2.20161]},"Q3s":{"weight":1.0,"played":[0.864,0.136,0.0],"evs":[0.0,0.04297,-2.29581]},"Q4s":{"weight":1.0,"played":[0.4432,0.5567,1.0E-4],"evs":[0.0,0.09038,-2.1458]},"Q5s":{"weight":1.0,"played":[0.0566,0.9433,1.0E-4],"evs":[0.0,0.27004,-1.76101]},"Q6s":{"weight":1.0,"played":[0.1739,0.8255,6.0E-4],"evs":[0.0,0.23751,-0.91375]},"Q7s":{"weight":1.0,"played":[0.0158,0.9841,1.0E-4],"evs":[0.0,0.25358,-1.02249]},"Q8s":{"weight":1.0,"played":[0.0454,0.9546,0.0],"evs":[0.0,0.34545,-0.6243]},"Q9s":{"weight":1.0,"played":[0.0058,0.9884,0.0058],"evs":[0.0,0.86355,-0.14913]},"QTs":{"weight":1.0,"played":[0.0088,0.9767,0.0144],"evs":[0.0,0.81744,0.39023]},"QJs":{"weight":1.0,"played":[0.0,0.7572,0.2428],"evs":[0.0,0.80588,0.70283]},"QQ":{"weight":1.0,"played":[0.0,0.0,1.0],"evs":[0.0,4.11623,11.28557]},"KQo":{"weight":1.0,"played":[0.0,0.0,1.0],"evs":[0.0,1.18383,1.54202]},"AQo":{"weight":1.0,"played":[0.0,0.0,1.0],"evs":[0.0,1.72783,4.5805]},"K2s":{"weight":1.0,"played":[0.2492,0.7507,0.0],"evs":[0.0,0.16212,-2.01185]},"K3s":{"weight":1.0,"played":[0.0143,0.9857,0.0],"evs":[0.0,0.22544,-1.82629]},"K4s":{"weight":1.0,"played":[0.0036,0.9963,0.0],"evs":[0.0,0.29794,-1.32165]},"K5s":{"weight":1.0,"played":[0.0305,0.9692,3.0E-4],"evs":[0.0,0.25703,-0.49437]},"K6s":{"weight":1.0,"played":[0.0389,0.9611,0.0],"evs":[0.0,0.42117,-0.53838]},"K7s":{"weight":1.0,"played":[0.1104,0.8879,0.0017],"evs":[0.0,0.18125,-0.60461]},"K8s":{"weight":1.0,"played":[0.0,0.9951,0.0049],"evs":[0.0,0.26432,-0.16228]},"K9s":{"weight":1.0,"played":[0.0036,0.9963,1.0E-4],"evs":[0.0,0.45136,0.30392]},"KTs":{"weight":1.0,"played":[0.0238,0.1119,0.8643],"evs":[0.0,0.69903,1.43491]},"KJs":{"weight":1.0,"played":[3.0E-4,0.0105,0.9892],"evs":[0.0,1.1575,1.85118]},"KQs":{"weight":1.0,"played":[0.0,0.0016,0.9984],"evs":[0.0,1.45544,2.9699]},"KK":{"weight":1.0,"played":[0.0,0.0,1.0],"evs":[0.0,5.77928,14.39359]},"AKo":{"weight":1.0,"played":[0.0,0.0,1.0],"evs":[0.0,2.1413,6.05266]},"A2s":{"weight":1.0,"played":[0.0156,0.9707,0.0137],"evs":[0.0,0.55399,0.45299]},"A3s":{"weight":1.0,"played":[1.0E-4,0.0012,0.9986],"evs":[0.0,0.62603,1.09751]},"A4s":{"weight":1.0,"played":[0.0054,0.0285,0.9661],"evs":[0.0,0.86006,1.51265]},"A5s":{"weight":1.0,"played":[0.0061,0.0126,0.9813],"evs":[0.0,0.64309,1.25489]},"A6s":{"weight":1.0,"played":[4.0E-4,0.0323,0.9673],"evs":[0.0,0.63022,1.6882]},"A7s":{"weight":1.0,"played":[0.001,0.0019,0.9971],"evs":[0.0,0.90396,1.90872]},"A8s":{"weight":1.0,"played":[7.0E-4,0.0118,0.9875],"evs":[0.0,1.06102,2.36808]},"A9s":{"weight":1.0,"played":[1.0E-4,0.0018,0.9981],"evs":[0.0,1.23851,2.80592]},"ATs":{"weight":1.0,"played":[0.0,0.0,1.0],"evs":[0.0,1.90966,4.61746]},"AJs":{"weight":1.0,"played":[0.0,0.0,1.0],"evs":[0.0,2.05513,5.37649]},"AQs":{"weight":1.0,"played":[0.0,0.0,1.0],"evs":[0.0,2.25069,5.55248]},"AKs":{"weight":1.0,"played":[0.0,0.0,1.0],"evs":[0.0,2.82137,7.28676]},"AA":{"weight":1.0,"played":[0.0,0.0,1.0],"evs":[0.0,10.13694,19.91813]}}}