{"player":5,"street":0,"children":2,"sequence":[{"player":0,"type":"R","amount":200000,"street":0},{"player":1,"type":"F","amount":0,"street":0},{"player":2,"type":"C","amount":200000,"street":0},{"player":3,"type":"F","amount":0,"street":0},{"player":4,"type":"R","amount":1085000,"street":0}],"actions":[{"type":"F","amount":0,"node":253},{"type":"R","amount":1985000,"node":258}],"hands":{"22":{"weight":1.0,"played":[0.9994,6.0E-4],"evs":[0.0,-0.65248]},"32o":{"weight":1.0,"played":[1.0,0.0],"evs":[0.0,-4.46554]},"42o":{"weight":1.0,"played":[1.0,0.0],"evs":[0.0,-4.21899]},"52o":{"weight":1.0,"played":[1.0,0.0],"evs":[0.0,-4.1537]},"62o":{"weight":1.0,"played":[1.0,0.0],"evs":[0.0,-4.46958]},"72o":{"weight":1.0,"played":[1.0,0.0],"evs":[0.0,-4.90439]},"82o":{"weight":1.0,"played":[1.0,0.0],"evs":[0.0,-4.8166]},"92o":{"weight":1.0,"played":[1.0,0.0],"evs":[0.0,-4.88105]},"T2o":{"weight":1.0,"played":[1.0,0.0],"evs":[0.0,-4.79452]},"J2o":{"weight":1.0,"played":[1.0,0.0],"evs":[0.0,-4.4841]},"Q2o":{"weight":1.0,"played":[1.0,0.0],"evs":[0.0,-4.00146]},"K2o":{"weight":1.0,"played":[1.0,0.0],"evs":[0.0,-3.76905]},"A2o":{"weight":1.0,"played":[1.0,0.0],"evs":[0.0,-2.854]},"32s":{"weight":1.0,"played":[1.0,0.0],"evs":[0.0,-2.97821]},"33":{"weight":1.0,"played":[0.9803,0.0197],"evs":[0.0,-0.50736]},"43o":{"weight":1.0,"played":[1.0,0.0],"evs":[0.0,-3.54803]},"53o":{"weight":1.0,"played":[1.0,0.0],"evs":[0.0,-3.31187]},"63o":{"weight":1.0,"played":[1.0,0.0],"evs":[0.0,-3.8054]},"73o":{"weight":1.0,"played":[1.0,0.0],"evs":[0.0,-4.23551]},"83o":{"weight":1.0,"played":[1.0,0.0],"evs":[0.0,-4.88183]},"93o":{"weight":1.0,"played":[1.0,0.0],"evs":[0.0,-4.70515]},"T3o":{"weight":1.0,"played":[1.0,0.0],"evs":[0.0,-4.81655]},"J3o":{"weight":1.0,"played":[1.0,0.0],"evs":[0.0,-4.33074]},"Q3o":{"weight":1.0,"played":[1.0,0.0],"evs":[0.0,-4.06559]},"K3o":{"weight":1.0,"played":[1.0,0.0],"evs":[0.0,-3.48309]},"A3o":{"weight":1.0,"played":[1.0,0.0],"evs":[0.0,-2.85365]},"42s":{"weight":1.0,"played":[1.0,0.0],"evs":[0.0,-2.57805]},"43s":{"weight":1.0,"played":[0.9999,1.0E-4],"evs":[0.0,-1.97668]},"44":{"weight":1.0,"played":[0.0293,0.9707],"evs":[0.0,0.34488]},"54o":{"weight":1.0,"played":[1.0,0.0],"evs":[0.0,-2.64713]},"64o":{"weight":1.0,"played":[1.0,0.0],"evs":[0.0,-2.89917]},"74o":{"weight":1.0,"played":[1.0,0.0],"evs":[0.0,-3.48067]},"84o":{"weight":1.0,"played":[1.0,0.0],"evs":[0.0,-4.08775]},"94o":{"weight":1.0,"played":[1.0,0.0],"evs":[0.0,-4.50903]},"T4o":{"weight":1.0,"played":[1.0,0.0],"evs":[0.0,-4.58164]},"J4o":{"weight":1.0,"played":[1.0,0.0],"evs":[0.0,-4.03817]},"Q4o":{"weight":1.0,"played":[1.0,0.0],"evs":[0.0,-3.60129]},"K4o":{"weight":1.0,"played":[1.0,0.0],"evs":[0.0,-3.12826]},"A4o":{"weight":1.0,"played":[1.0,0.0],"evs":[0.0,-2.11189]},"52s":{"weight":1.0,"played":[1.0,0.0],"evs":[0.0,-2.3806]},"53s":{"weight":1.0,"played":[0.9982,0.0018],"evs":[0.0,-1.63644]},"54s":{"weight":1.0,"played":[0.9996,4.0E-4],"evs":[0.0,-1.29652]},"55":{"weight":1.0,"played":[0.0013,0.9987],"evs":[0.0,0.75359]},"65o":{"weight":1.0,"played":[0.9999,1.0E-4],"evs":[0.0,-2.24395]},"75o":{"weight":1.0,"played":[1.0,0.0],"evs":[0.0,-2.8897]},"85o":{"weight":1.0,"played":[1.0,0.0],"evs":[0.0,-3.14901]},"95o":{"weight":1.0,"played":[1.0,0.0],"evs":[0.0,-3.62866]},"T5o":{"weight":1.0,"played":[1.0,0.0],"evs":[0.0,-4.32861]},"J5o":{"weight":1.0,"played":[1.0,0.0],"evs":[0.0,-3.86632]},"Q5o":{"weight":1.0,"played":[1.0,0.0],"evs":[0.0,-3.50481]},"K5o":{"weight":1.0,"played":[1.0,0.0],"evs":[0.0,-3.04816]},"A5o":{"weight":1.0,"played":[1.0,0.0],"evs":[0.0,-2.29281]},"62s":{"weight":1.0,"played":[1.0,0.0],"evs":[0.0,-2.92515]},"63s":{"weight":1.0,"played":[0.9998,2.0E-4],"evs":[0.0,-2.04197]},"64s":{"weight":1.0,"played":[1.0,0.0],"evs":[0.0,-1.76877]},"65s":{"weight":1.0,"played":[0.9994,6.0E-4],"evs":[0.0,-0.42008]},"66":{"weight":1.0,"played":[1.0E-4,0.9999],"evs":[0.0,1.82132]},"76o":{"weight":1.0,"played":[1.0,0.0],"evs":[0.0,-2.06216]},"86o":{"weight":1.0,"played":[1.0,0.0],"evs":[0.0,-2.43149]},"96o":{"weight":1.0,"played":[1.0,0.0],"evs":[0.0,-2.86402]},"T6o":{"weight":1.0,"played":[1.0,0.0],"evs":[0.0,-3.77529]},"J6o":{"weight":1.0,"played":[1.0,0.0],"evs":[0.0,-3.84216]},"Q6o":{"weight":1.0,"played":[1.0,0.0],"evs":[0.0,-2.99819]},"K6o":{"weight":1.0,"played":[1.0,0.0],"evs":[0.0,-2.57418]},"A6o":{"weight":1.0,"played":[1.0,0.0],"evs":[0.0,-2.78008]},"72s":{"weight":1.0,"played":[1.0,0.0],"evs":[0.0,-3.37913]},"73s":{"weight":1.0,"played":[1.0,0.0],"evs":[0.0,-2.71984]},"74s":{"weight":1.0,"played":[0.9996,4.0E-4],"evs":[0.0,-1.68095]},"75s":{"weight":1.0,"played":[0.9995,5.0E-4],"evs":[0.0,-1.24332]},"76s":{"weight":1.0,"played":[0.9885,0.0115],"evs":[0.0,-0.74612]},"77":{"weight":1.0,"played":[0.0,1.0],"evs":[0.0,2.39865]},"87o":{"weight":1.0,"played":[1.0,0.0],"evs":[0.0,-2.07447]},"97o":{"weight":1.0,"played":[0.9999,1.0E-4],"evs":[0.0,-2.649]},"T7o":{"weight":1.0,"played":[1.0,0.0],"evs":[0.0,-3.09581]},"J7o":{"weight":1.0,"played":[1.0,0.0],"evs":[0.0,-3.40574]},"Q7o":{"weight":1.0,"played":[1.0,0.0],"evs":[0.0,-3.35351]},"K7o":{"weight":1.0,"played":[1.0,0.0],"evs":[0.0,-2.63933]},"A7o":{"weight":1.0,"played":[1.0,0.0],"evs":[0.0,-2.50655]},"82s":{"weight":1.0,"played":[1.0,0.0],"evs":[0.0,-3.06112]},"83s":{"weight":1.0,"played":[1.0,0.0],"evs":[0.0,-2.86722]},"84s":{"weight":1.0,"played":[1.0,0.0],"evs":[0.0,-2.44307]},"85s":{"weight":1.0,"played":[1.0,0.0],"evs":[0.0,-1.29096]},"86s":{"weight":1.0,"played":[0.9984,0.0016],"evs":[0.0,-1.09522]},"87s":{"weight":1.0,"played":[0.9917,0.0083],"evs":[0.0,-0.50741]},"88":{"weight":1.0,"played":[0.0,1.0],"evs":[0.0,3.44228]},"98o":{"weight":1.0,"played":[1.0,0.0],"evs":[0.0,-1.94295]},"T8o":{"weight":1.0,"played":[1.0,0.0],"evs":[0.0,-2.6098]},"J8o":{"weight":1.0,"played":[1.0,0.0],"evs":[0.0,-2.80649]},"Q8o":{"weight":1.0,"played":[1.0,0.0],"evs":[0.0,-2.70125]},"K8o":{"weight":1.0,"played":[1.0,0.0],"evs":[0.0,-2.57832]},"A8o":{"weight":1.0,"played":[0.9997,3.0E-4],"evs":[0.0,-2.11254]},"92s":{"weight":1.0,"played":[1.0,0.0],"evs":[0.0,-3.07136]},"93s":{"weight":1.0,"played":[0.9999,1.0E-4],"evs":[0.0,-3.08672]},"94s":{"weight":1.0,"played":[1.0,0.0],"evs":[0.0,-3.10076]},"95s":{"weight":1.0,"played":[1.0,0.0],"evs":[0.0,-1.97394]},"96s":{"weight":1.0,"played":[1.0,0.0],"evs":[0.0,-1.63991]},"97s":{"weight":1.0,"played":[0.9998,2.0E-4],"evs":[0.0,-1.14885]},"98s":{"weight":1.0,"played":[0.9986,0.0014],"evs":[0.0,-0.34862]},"99":{"weight":1.0,"played":[0.0,1.0],"evs":[0.0,4.46746]},"T9o":{"weight":1.0,"played":[1.0,0.0],"evs":[0.0,-1.7751]},"J9o":{"weight":1.0,"played":[1.0,0.0],"evs":[0.0,-2.00007]},"Q9o":{"weight":1.0,"played":[1.0,0.0],"evs":[0.0,-2.42643]},"K9o":{"weight":1.0,"played":[1.0,0.0],"evs":[0.0,-2.18482]},"A9o":{"weight":1.0,"played":[1.0,0.0],"evs":[0.0,-1.72811]},"T2s":{"weight":1.0,"played":[1.0,0.0],"evs":[0.0,-3.20886]},"T3s":{"weight":1.0,"played":[1.0,0.0],"evs":[0.0,-2.84912]},"T4s":{"weight":1.0,"played":[0.9999,1.0E-4],"evs":[0.0,-3.09516]},"T5s":{"weight":1.0,"played":[1.0,0.0],"evs":[0.0,-2.9307]},"T6s":{"weight":1.0,"played":[1.0,0.0],"evs":[0.0,-2.0188]},"T7s":{"weight":1.0,"played":[0.9998,2.0E-4],"evs":[0.0,-1.53045]},"T8s":{"weight":1.0,"played":[1.0,0.0],"evs":[0.0,-1.01267]},"T9s":{"weight":1.0,"played":[0.9859,0.0141],"evs":[0.0,-0.53146]},"TT":{"weight":1.0,"played":[0.0,1.0],"evs":[0.0,5.82243]},"JTo":{"weight":1.0,"played":[0.9999,1.0E-4],"evs":[0.0,-1.90447]},"QTo":{"weight":1.0,"played":[1.0,0.0],"evs":[0.0,-1.61401]},"KTo":{"weight":1.0,"played":[1.0,0.0],"evs":[0.0,-1.45519]},"ATo":{"weight":1.0,"played":[0.9994,6.0E-4],"evs":[0.0,-0.73867]},"J2s":{"weight":1.0,"played":[0.9999,1.0E-4],"evs":[0.0,-2.75577]},"J3s":{"weight":1.0,"played":[1.0,0.0],"evs":[0.0,-2.70185]},"J4s":{"weight":1.0,"played":[1.0,0.0],"evs":[0.0,-2.15655]},"J5s":{"weight":1.0,"played":[1.0,0.0],"evs":[0.0,-2.2886]},"J6s":{"weight":1.0,"played":[1.0,0.0],"evs":[0.0,-2.15003]},"J7s":{"weight":1.0,"played":[0.9999,1.0E-4],"evs":[0.0,-1.64757]},"J8s":{"weight":1.0,"played":[0.9982,0.0018],"evs":[0.0,-1.00064]},"J9s":{"weight":1.0,"played":[0.9999,1.0E-4],"evs":[0.0,-0.9173]},"JTs":{"weight":1.0,"played":[0.8272,0.1728],"evs":[0.0,-0.31088]},"JJ":{"weight":1.0,"played":[0.0,1.0],"evs":[0.0,8.0261]},"QJo":{"weight":1.0,"played":[0.9991,9.0E-4],"evs":[0.0,-1.65388]},"KJo":{"weight":1.0,"played":[0.9977,0.0023],"evs":[0.0,-0.73468]},"AJo":{"weight":1.0,"played":[0.0,1.0],"evs":[0.0,0.71756]},"Q2s":{"weight":1.0,"played":[0.9999,1.0E-4],"evs":[0.0,-2.11551]},"Q3s":{"weight":1.0,"played":[0.9995,5.0E-4],"evs":[0.0,-1.64262]},"Q4s":{"weight":1.0,"played":[0.9994,6.0E-4],"evs":[0.0,-1.67576]},"Q5s":{"weight":1.0,"played":[0.9997,3.0E-4],"evs":[0.0,-1.37281]},"Q6s":{"weight":1.0,"played":[0.9997,3.0E-4],"evs":[0.0,-1.45006]},"Q7s":{"weight":1.0,"played":[0.9985,0.0015],"evs":[0.0,-1.6862]},"Q8s":{"weight":1.0,"played":[0.9998,2.0E-4],"evs":[0.0,-0.80244]},"Q9s":{"weight":1.0,"played":[0.9998,2.0E-4],"evs":[0.0,-0.67029]},"QTs":{"weight":1.0,"played":[0.5372,0.4628],"evs":[0.0,-0.32818]},"QJs":{"weight":1.0,"played":[0.0693,0.9307],"evs":[0.0,0.53569]},"QQ":{"weight":1.0,"played":[0.0,1.0],"evs":[0.0,10.34197]},"KQo":{"weight":1.0,"played":[0.0062,0.9938],"evs":[0.0,0.13496]},"AQo":{"weight":1.0,"played":[0.0,1.0],"evs":[0.0,2.66403]},"K2s":{"weight":1.0,"played":[0.9999,1.0E-4],"evs":[0.0,-2.5135]},"K3s":{"weight":1.0,"played":[1.0,0.0],"evs":[0.0,-1.72915]},"K4s":{"weight":1.0,"played":[0.9992,8.0E-4],"evs":[0.0,-1.32316]},"K5s":{"weight":1.0,"played":[1.0,0.0],"evs":[0.0,-0.97388]},"K6s":{"weight":1.0,"played":[0.9988,0.0012],"evs":[0.0,-0.87384]},"K7s":{"weight":1.0,"played":[0.9953,0.0047],"evs":[0.0,-0.9567]},"K8s":{"weight":1.0,"played":[0.9731,0.0269],"evs":[0.0,-0.92575]},"K9s":{"weight":1.0,"played":[0.9975,0.0025],"evs":[0.0,-0.20573]},"KTs":{"weight":1.0,"played":[0.0254,0.9746],"evs":[0.0,0.40963]},"KJs":{"weight":1.0,"played":[1.0E-4,0.9999],"evs":[0.0,1.04724]},"KQs":{"weight":1.0,"played":[0.0,1.0],"evs":[0.0,1.88281]},"KK":{"weight":1.0,"played":[0.0,1.0],"evs":[0.0,14.4531]},"AKo":{"weight":1.0,"played":[0.0,1.0],"evs":[0.0,4.88428]},"A2s":{"weight":1.0,"played":[0.9998,2.0E-4],"evs":[0.0,-0.70222]},"A3s":{"weight":1.0,"played":[0.9986,0.0014],"evs":[0.0,-0.63376]},"A4s":{"weight":1.0,"played":[0.9379,0.0621],"evs":[0.0,-0.29142]},"A5s":{"weight":1.0,"played":[0.9883,0.0117],"evs":[0.0,-0.11757]},"A6s":{"weight":1.0,"played":[0.9992,8.0E-4],"evs":[0.0,-0.82183]},"A7s":{"weight":1.0,"played":[0.9365,0.0635],"evs":[0.0,-0.59392]},"A8s":{"weight":1.0,"played":[0.6524,0.3476],"evs":[0.0,-0.09372]},"A9s":{"weight":1.0,"played":[0.5851,0.4149],"evs":[0.0,-0.00692]},"ATs":{"weight":1.0,"played":[2.0E-4,0.9998],"evs":[0.0,1.20928]},"AJs":{"weight":1.0,"played":[0.0,1.0],"evs":[0.0,2.46141]},"AQs":{"weight":1.0,"played":[0.0,1.0],"evs":[0.0,4.27562]},"AKs":{"weight":1.0,"played":[0.0,1.0],"evs":[0.0,6.46056]},"AA":{"weight":1.0,"played":[0.0,1.0],"evs":[0.0,20.60773]}}}