{"player":4,"street":0,"children":2,"sequence":[{"player":0,"type":"R","amount":200000,"street":0},{"player":1,"type":"F","amount":0,"street":0},{"player":2,"type":"C","amount":200000,"street":0},{"player":3,"type":"C","amount":200000,"street":0}],"actions":[{"type":"F","amount":0,"node":262},{"type":"R","amount":1085000,"node":270}],"hands":{"22":{"weight":1.0,"played":[0.9686,0.0314],"evs":[0.0,-0.43175]},"32o":{"weight":1.0,"played":[1.0,0.0],"evs":[0.0,-3.16079]},"42o":{"weight":1.0,"played":[1.0,0.0],"evs":[0.0,-2.94513]},"52o":{"weight":1.0,"played":[1.0,0.0],"evs":[0.0,-2.70619]},"62o":{"weight":1.0,"played":[1.0,0.0],"evs":[0.0,-3.11774]},"72o":{"weight":1.0,"played":[1.0,0.0],"evs":[0.0,-2.98899]},"82o":{"weight":1.0,"played":[1.0,0.0],"evs":[0.0,-3.22618]},"92o":{"weight":1.0,"played":[0.9999,1.0E-4],"evs":[0.0,-3.41436]},"T2o":{"weight":1.0,"played":[1.0,0.0],"evs":[0.0,-3.65307]},"J2o":{"weight":1.0,"played":[1.0,0.0],"evs":[0.0,-3.80758]},"Q2o":{"weight":1.0,"played":[1.0,0.0],"evs":[0.0,-3.62851]},"K2o":{"weight":1.0,"played":[1.0,0.0],"evs":[0.0,-3.45403]},"A2o":{"weight":1.0,"played":[0.9991,9.0E-4],"evs":[0.0,-1.09438]},"32s":{"weight":1.0,"played":[0.9997,3.0E-4],"evs":[0.0,-1.35941]},"33":{"weight":1.0,"played":[0.6979,0.3021],"evs":[0.0,0.07523]},"43o":{"weight":1.0,"played":[1.0,0.0],"evs":[0.0,-2.29508]},"53o":{"weight":1.0,"played":[1.0,0.0],"evs":[0.0,-2.32869]},"63o":{"weight":1.0,"played":[1.0,0.0],"evs":[0.0,-2.3184]},"73o":{"weight":1.0,"played":[1.0,0.0],"evs":[0.0,-3.18382]},"83o":{"weight":1.0,"played":[1.0,0.0],"evs":[0.0,-3.26052]},"93o":{"weight":1.0,"played":[1.0,0.0],"evs":[0.0,-3.56422]},"T3o":{"weight":1.0,"played":[1.0,0.0],"evs":[0.0,-3.71236]},"J3o":{"weight":1.0,"played":[1.0,0.0],"evs":[0.0,-3.45482]},"Q3o":{"weight":1.0,"played":[1.0,0.0],"evs":[0.0,-3.56514]},"K3o":{"weight":1.0,"played":[1.0,0.0],"evs":[0.0,-3.44946]},"A3o":{"weight":1.0,"played":[0.9685,0.0315],"evs":[0.0,-1.31131]},"42s":{"weight":1.0,"played":[0.9978,0.0022],"evs":[0.0,-1.32708]},"43s":{"weight":1.0,"played":[0.9991,9.0E-4],"evs":[0.0,-0.97318]},"44":{"weight":1.0,"played":[0.006,0.994],"evs":[0.0,0.85817]},"54o":{"weight":1.0,"played":[0.9993,7.0E-4],"evs":[0.0,-1.22703]},"64o":{"weight":1.0,"played":[1.0,0.0],"evs":[0.0,-1.71701]},"74o":{"weight":1.0,"played":[0.9998,2.0E-4],"evs":[0.0,-2.14955]},"84o":{"weight":1.0,"played":[1.0,0.0],"evs":[0.0,-2.57757]},"94o":{"weight":1.0,"played":[1.0,0.0],"evs":[0.0,-3.28339]},"T4o":{"weight":1.0,"played":[1.0,0.0],"evs":[0.0,-3.7928]},"J4o":{"weight":1.0,"played":[1.0,0.0],"evs":[0.0,-3.37075]},"Q4o":{"weight":1.0,"played":[1.0,0.0],"evs":[0.0,-3.33955]},"K4o":{"weight":1.0,"played":[0.9998,2.0E-4],"evs":[0.0,-3.12769]},"A4o":{"weight":1.0,"played":[0.9995,5.0E-4],"evs":[0.0,-0.88917]},"52s":{"weight":1.0,"played":[0.9753,0.0247],"evs":[0.0,-1.23848]},"53s":{"weight":1.0,"played":[0.9556,0.0444],"evs":[0.0,-0.76949]},"54s":{"weight":1.0,"played":[0.7224,0.2776],"evs":[0.0,-0.43947]},"55":{"weight":1.0,"played":[0.018,0.982],"evs":[0.0,1.21017]},"65o":{"weight":1.0,"played":[1.0,0.0],"evs":[0.0,-1.14426]},"75o":{"weight":1.0,"played":[0.9994,6.0E-4],"evs":[0.0,-1.53464]},"85o":{"weight":1.0,"played":[1.0,0.0],"evs":[0.0,-2.19846]},"95o":{"weight":1.0,"played":[0.9999,1.0E-4],"evs":[0.0,-2.61073]},"T5o":{"weight":1.0,"played":[1.0,0.0],"evs":[0.0,-3.53885]},"J5o":{"weight":1.0,"played":[1.0,0.0],"evs":[0.0,-3.09832]},"Q5o":{"weight":1.0,"played":[0.9999,1.0E-4],"evs":[0.0,-2.72073]},"K5o":{"weight":1.0,"played":[1.0,0.0],"evs":[0.0,-2.68861]},"A5o":{"weight":1.0,"played":[0.9988,0.0012],"evs":[0.0,-0.98634]},"62s":{"weight":1.0,"played":[1.0,0.0],"evs":[0.0,-1.94647]},"63s":{"weight":1.0,"played":[0.9984,0.0016],"evs":[0.0,-1.26529]},"64s":{"weight":1.0,"played":[0.9977,0.0023],"evs":[0.0,-0.29207]},"65s":{"weight":1.0,"played":[0.984,0.016],"evs":[0.0,-0.11958]},"66":{"weight":1.0,"played":[3.0E-4,0.9997],"evs":[0.0,1.84859]},"76o":{"weight":1.0,"played":[0.9913,0.0087],"evs":[0.0,-1.4356]},"86o":{"weight":1.0,"played":[1.0,0.0],"evs":[0.0,-1.22107]},"96o":{"weight":1.0,"played":[0.9998,2.0E-4],"evs":[0.0,-2.14554]},"T6o":{"weight":1.0,"played":[1.0,0.0],"evs":[0.0,-2.42215]},"J6o":{"weight":1.0,"played":[1.0,0.0],"evs":[0.0,-2.9828]},"Q6o":{"weight":1.0,"played":[1.0,0.0],"evs":[0.0,-3.02851]},"K6o":{"weight":1.0,"played":[1.0,0.0],"evs":[0.0,-2.97472]},"A6o":{"weight":1.0,"played":[0.9946,0.0054],"evs":[0.0,-0.94763]},"72s":{"weight":1.0,"played":[0.9999,1.0E-4],"evs":[0.0,-2.08732]},"73s":{"weight":1.0,"played":[0.9987,0.0013],"evs":[0.0,-1.17494]},"74s":{"weight":1.0,"played":[0.9541,0.0459],"evs":[0.0,-1.29396]},"75s":{"weight":1.0,"played":[0.6687,0.3313],"evs":[0.0,-0.00134]},"76s":{"weight":1.0,"played":[0.6556,0.3444],"evs":[0.0,-0.06999]},"77":{"weight":1.0,"played":[0.0021,0.9979],"evs":[0.0,2.01874]},"87o":{"weight":1.0,"played":[1.0,0.0],"evs":[0.0,-1.00265]},"97o":{"weight":1.0,"played":[0.9999,1.0E-4],"evs":[0.0,-1.69439]},"T7o":{"weight":1.0,"played":[0.9998,2.0E-4],"evs":[0.0,-2.53163]},"J7o":{"weight":1.0,"played":[1.0,0.0],"evs":[0.0,-2.87668]},"Q7o":{"weight":1.0,"played":[0.9998,2.0E-4],"evs":[0.0,-2.59295]},"K7o":{"weight":1.0,"played":[1.0,0.0],"evs":[0.0,-2.51311]},"A7o":{"weight":1.0,"played":[1.0,0.0],"evs":[0.0,-0.62062]},"82s":{"weight":1.0,"played":[1.0,0.0],"evs":[0.0,-1.62036]},"83s":{"weight":1.0,"played":[0.9985,0.0015],"evs":[0.0,-1.91469]},"84s":{"weight":1.0,"played":[0.9955,0.0045],"evs":[0.0,-1.00106]},"85s":{"weight":1.0,"played":[1.0,0.0],"evs":[0.0,-0.96824]},"86s":{"weight":1.0,"played":[0.7837,0.2163],"evs":[0.0,-0.72579]},"87s":{"weight":1.0,"played":[0.7896,0.2104],"evs":[0.0,-0.33088]},"88":{"weight":1.0,"played":[9.0E-4,0.9991],"evs":[0.0,2.65479]},"98o":{"weight":1.0,"played":[0.9995,5.0E-4],"evs":[0.0,-1.48761]},"T8o":{"weight":1.0,"played":[0.9998,2.0E-4],"evs":[0.0,-2.08281]},"J8o":{"weight":1.0,"played":[0.9998,2.0E-4],"evs":[0.0,-2.42341]},"Q8o":{"weight":1.0,"played":[1.0,0.0],"evs":[0.0,-2.31972]},"K8o":{"weight":1.0,"played":[1.0,0.0],"evs":[0.0,-2.57499]},"A8o":{"weight":1.0,"played":[0.9845,0.0155],"evs":[0.0,-0.63068]},"92s":{"weight":1.0,"played":[0.9977,0.0023],"evs":[0.0,-2.53123]},"93s":{"weight":1.0,"played":[0.9998,2.0E-4],"evs":[0.0,-2.33784]},"94s":{"weight":1.0,"played":[0.9995,5.0E-4],"evs":[0.0,-1.9756]},"95s":{"weight":1.0,"played":[0.9987,0.0013],"evs":[0.0,-1.51304]},"96s":{"weight":1.0,"played":[0.9837,0.0163],"evs":[0.0,-0.82721]},"97s":{"weight":1.0,"played":[0.9781,0.0219],"evs":[0.0,-0.71575]},"98s":{"weight":1.0,"played":[0.307,0.693],"evs":[0.0,0.28141]},"99":{"weight":1.0,"played":[1.0E-4,0.9999],"evs":[0.0,3.38981]},"T9o":{"weight":1.0,"played":[1.0,0.0],"evs":[0.0,-1.70616]},"J9o":{"weight":1.0,"played":[1.0,0.0],"evs":[0.0,-2.12629]},"Q9o":{"weight":1.0,"played":[0.9999,1.0E-4],"evs":[0.0,-2.43661]},"K9o":{"weight":1.0,"played":[1.0,0.0],"evs":[0.0,-2.18883]},"A9o":{"weight":1.0,"played":[0.0097,0.9903],"evs":[0.0,0.46223]},"T2s":{"weight":1.0,"played":[0.9974,0.0026],"evs":[0.0,-2.45172]},"T3s":{"weight":1.0,"played":[0.9947,0.0053],"evs":[0.0,-2.85976]},"T4s":{"weight":1.0,"played":[0.9989,0.0011],"evs":[0.0,-1.73837]},"T5s":{"weight":1.0,"played":[1.0,0.0],"evs":[0.0,-1.65666]},"T6s":{"weight":1.0,"played":[0.9962,0.0038],"evs":[0.0,-0.87346]},"T7s":{"weight":1.0,"played":[0.9907,0.0093],"evs":[0.0,-1.04598]},"T8s":{"weight":1.0,"played":[0.9804,0.0196],"evs":[0.0,-0.46912]},"T9s":{"weight":1.0,"played":[0.7937,0.2063],"evs":[0.0,-0.31119]},"TT":{"weight":1.0,"played":[0.0,1.0],"evs":[0.0,3.63908]},"JTo":{"weight":1.0,"played":[0.9999,1.0E-4],"evs":[0.0,-2.11606]},"QTo":{"weight":1.0,"played":[0.9995,5.0E-4],"evs":[0.0,-1.91696]},"KTo":{"weight":1.0,"played":[0.9992,8.0E-4],"evs":[0.0,-2.12674]},"ATo":{"weight":1.0,"played":[2.0E-4,0.9998],"evs":[0.0,0.99928]},"J2s":{"weight":1.0,"played":[0.9994,6.0E-4],"evs":[0.0,-2.43933]},"J3s":{"weight":1.0,"played":[0.9983,0.0017],"evs":[0.0,-2.20276]},"J4s":{"weight":1.0,"played":[0.9976,0.0024],"evs":[0.0,-1.94342]},"J5s":{"weight":1.0,"played":[0.9998,2.0E-4],"evs":[0.0,-1.45022]},"J6s":{"weight":1.0,"played":[0.9998,2.0E-4],"evs":[0.0,-1.67192]},"J7s":{"weight":1.0,"played":[0.9996,4.0E-4],"evs":[0.0,-1.90416]},"J8s":{"weight":1.0,"played":[0.9943,0.0057],"evs":[0.0,-0.87411]},"J9s":{"weight":1.0,"played":[0.8495,0.1505],"evs":[0.0,-1.17321]},"JTs":{"weight":1.0,"played":[0.6302,0.3698],"evs":[0.0,-0.19252]},"JJ":{"weight":1.0,"played":[0.0,1.0],"evs":[0.0,4.71858]},"QJo":{"weight":1.0,"played":[0.9991,9.0E-4],"evs":[0.0,-1.65532]},"KJo":{"weight":1.0,"played":[0.9946,0.0054],"evs":[0.0,-0.70858]},"AJo":{"weight":1.0,"played":[0.0,1.0],"evs":[0.0,2.37593]},"Q2s":{"weight":1.0,"played":[1.0,0.0],"evs":[0.0,-1.72105]},"Q3s":{"weight":1.0,"played":[0.9999,1.0E-4],"evs":[0.0,-1.83731]},"Q4s":{"weight":1.0,"played":[0.9992,8.0E-4],"evs":[0.0,-1.77408]},"Q5s":{"weight":1.0,"played":[0.9968,0.0032],"evs":[0.0,-1.88696]},"Q6s":{"weight":1.0,"played":[1.0,0.0],"evs":[0.0,-1.5393]},"Q7s":{"weight":1.0,"played":[0.9977,0.0023],"evs":[0.0,-1.50128]},"Q8s":{"weight":1.0,"played":[0.9978,0.0022],"evs":[0.0,-1.20701]},"Q9s":{"weight":1.0,"played":[0.9506,0.0494],"evs":[0.0,-1.18536]},"QTs":{"weight":1.0,"played":[0.869,0.131],"evs":[0.0,-0.3169]},"QJs":{"weight":1.0,"played":[0.9676,0.0324],"evs":[0.0,-0.59188]},"QQ":{"weight":1.0,"played":[0.0,1.0],"evs":[0.0,6.834]},"KQo":{"weight":1.0,"played":[0.3006,0.6994],"evs":[0.0,0.40936]},"AQo":{"weight":1.0,"played":[0.0,1.0],"evs":[0.0,2.34897]},"K2s":{"weight":1.0,"played":[0.9993,7.0E-4],"evs":[0.0,-1.60431]},"K3s":{"weight":1.0,"played":[0.9997,3.0E-4],"evs":[0.0,-1.41935]},"K4s":{"weight":1.0,"played":[0.9973,0.0027],"evs":[0.0,-1.05009]},"K5s":{"weight":1.0,"played":[0.9999,1.0E-4],"evs":[0.0,-1.32286]},"K6s":{"weight":1.0,"played":[0.9619,0.0381],"evs":[0.0,-1.26356]},"K7s":{"weight":1.0,"played":[0.9965,0.0035],"evs":[0.0,-1.21508]},"K8s":{"weight":1.0,"played":[0.9985,0.0015],"evs":[0.0,-1.06136]},"K9s":{"weight":1.0,"played":[0.8268,0.1732],"evs":[0.0,-0.50067]},"KTs":{"weight":1.0,"played":[0.7478,0.2522],"evs":[0.0,-0.23864]},"KJs":{"weight":1.0,"played":[0.0289,0.9711],"evs":[0.0,0.13062]},"KQs":{"weight":1.0,"played":[0.0014,0.9986],"evs":[0.0,1.18586]},"KK":{"weight":1.0,"played":[0.0,1.0],"evs":[0.0,9.92532]},"AKo":{"weight":1.0,"played":[0.0,1.0],"evs":[0.0,3.00275]},"A2s":{"weight":1.0,"played":[0.1262,0.8738],"evs":[0.0,0.41099]},"A3s":{"weight":1.0,"played":[0.8881,0.1119],"evs":[0.0,-0.20536]},"A4s":{"weight":1.0,"played":[0.0826,0.9174],"evs":[0.0,0.27857]},"A5s":{"weight":1.0,"played":[0.018,0.982],"evs":[0.0,0.4556]},"A6s":{"weight":1.0,"played":[0.0396,0.9604],"evs":[0.0,0.35768]},"A7s":{"weight":1.0,"played":[0.1002,0.8998],"evs":[0.0,1.18777]},"A8s":{"weight":1.0,"played":[0.0042,0.9958],"evs":[0.0,1.50862]},"A9s":{"weight":1.0,"played":[0.0099,0.9901],"evs":[0.0,1.85406]},"ATs":{"weight":1.0,"played":[2.0E-4,0.9998],"evs":[0.0,2.89144]},"AJs":{"weight":1.0,"played":[0.0,1.0],"evs":[0.0,3.86443]},"AQs":{"weight":1.0,"played":[7.0E-4,0.9993],"evs":[0.0,4.49923]},"AKs":{"weight":1.0,"played":[0.0,1.0],"evs":[0.0,4.90683]},"AA":{"weight":1.0,"played":[0.0,1.0],"evs":[0.0,14.87773]}}}