{"player":3,"street":0,"children":2,"sequence":[{"player":0,"type":"R","amount":200000,"street":0},{"player":1,"type":"F","amount":0,"street":0},{"player":2,"type":"C","amount":200000,"street":0},{"player":3,"type":"C","amount":200000,"street":0},{"player":4,"type":"F","amount":0,"street":0},{"player":5,"type":"R","amount":1985000,"street":0},{"player":0,"type":"F","amount":0,"street":0},{"player":2,"type":"C","amount":1685000,"street":0}],"actions":[{"type":"F","amount":0},{"type":"C","amount":785000}],"hands":{"22":{"weight":0.0,"played":[0.7456,0.2544],"evs":[0.0,-0.34564]},"32o":{"weight":0.0,"played":[0.9995,5.0E-4],"evs":[0.0,-2.25965]},"42o":{"weight":0.0,"played":[0.9993,7.0E-4],"evs":[0.0,-2.17131]},"52o":{"weight":0.0,"played":[0.9948,0.0052],"evs":[0.0,-1.52619]},"62o":{"weight":0.0,"played":[0.9999,1.0E-4],"evs":[0.0,-1.76316]},"72o":{"weight":0.0,"played":[0.9999,1.0E-4],"evs":[0.0,-2.0975]},"82o":{"weight":0.0,"played":[0.9999,1.0E-4],"evs":[0.0,-2.23531]},"92o":{"weight":0.0,"played":[0.9994,6.0E-4],"evs":[0.0,-2.23113]},"T2o":{"weight":0.0,"played":[1.0,0.0],"evs":[0.0,-2.23898]},"J2o":{"weight":0.0,"played":[1.0,0.0],"evs":[0.0,-1.77844]},"Q2o":{"weight":0.0,"played":[0.9999,1.0E-4],"evs":[0.0,-1.58551]},"K2o":{"weight":0.0,"played":[0.9967,0.0033],"evs":[0.0,-1.61635]},"A2o":{"weight":0.0,"played":[0.9957,0.0043],"evs":[0.0,-2.35458]},"32s":{"weight":0.0,"played":[0.9851,0.0149],"evs":[0.0,-1.24424]},"33":{"weight":1.0E-4,"played":[0.4908,0.5092],"evs":[0.0,0.33313]},"43o":{"weight":0.0,"played":[0.9996,4.0E-4],"evs":[0.0,-1.63739]},"53o":{"weight":0.0,"played":[0.9552,0.0448],"evs":[0.0,-1.11416]},"63o":{"weight":0.0,"played":[0.9983,0.0017],"evs":[0.0,-1.27494]},"73o":{"weight":0.0,"played":[1.0,0.0],"evs":[0.0,-1.97467]},"83o":{"weight":0.0,"played":[0.9997,3.0E-4],"evs":[0.0,-2.17481]},"93o":{"weight":0.0,"played":[1.0,0.0],"evs":[0.0,-1.93924]},"T3o":{"weight":0.0,"played":[0.9999,1.0E-4],"evs":[0.0,-2.61566]},"J3o":{"weight":0.0,"played":[0.9999,1.0E-4],"evs":[0.0,-1.60114]},"Q3o":{"weight":0.0,"played":[0.9995,5.0E-4],"evs":[0.0,-1.51426]},"K3o":{"weight":0.0,"played":[0.9971,0.0029],"evs":[0.0,-1.23866]},"A3o":{"weight":0.0,"played":[0.9985,0.0015],"evs":[0.0,-2.11117]},"42s":{"weight":0.0,"played":[0.9989,0.0011],"evs":[0.0,-0.96641]},"43s":{"weight":0.0,"played":[0.9996,4.0E-4],"evs":[0.0,-0.85592]},"44":{"weight":0.4598,"played":[0.0885,0.9115],"evs":[0.0,0.60129]},"54o":{"weight":0.0,"played":[0.9993,7.0E-4],"evs":[0.0,-1.23771]},"64o":{"weight":0.0,"played":[0.8892,0.1108],"evs":[0.0,-0.45285]},"74o":{"weight":0.0,"played":[0.9998,2.0E-4],"evs":[0.0,-1.38893]},"84o":{"weight":0.0,"played":[0.9999,1.0E-4],"evs":[0.0,-1.61894]},"94o":{"weight":0.0,"played":[1.0,0.0],"evs":[0.0,-2.10237]},"T4o":{"weight":0.0,"played":[0.9997,3.0E-4],"evs":[0.0,-2.19442]},"J4o":{"weight":0.0,"played":[1.0,0.0],"evs":[0.0,-1.54533]},"Q4o":{"weight":0.0,"played":[0.9969,0.0031],"evs":[0.0,-1.54433]},"K4o":{"weight":0.0,"played":[0.999,0.001],"evs":[0.0,-1.18691]},"A4o":{"weight":0.0,"played":[0.9753,0.0247],"evs":[0.0,-1.89771]},"52s":{"weight":0.0,"played":[0.8026,0.1974],"evs":[0.0,-0.67748]},"53s":{"weight":0.0,"played":[0.6947,0.3053],"evs":[0.0,-0.22907]},"54s":{"weight":0.0,"played":[0.0935,0.9065],"evs":[0.0,0.3559]},"55":{"weight":0.0013,"played":[2.0E-4,0.9998],"evs":[0.0,0.97554]},"65o":{"weight":0.0,"played":[0.7554,0.2446],"evs":[0.0,-0.08936]},"75o":{"weight":0.0,"played":[0.9945,0.0055],"evs":[0.0,-1.02217]},"85o":{"weight":0.0,"played":[0.9966,0.0034],"evs":[0.0,-0.91718]},"95o":{"weight":0.0,"played":[1.0,0.0],"evs":[0.0,-1.30715]},"T5o":{"weight":0.0,"played":[0.9988,0.0012],"evs":[0.0,-2.15836]},"J5o":{"weight":0.0,"played":[1.0,0.0],"evs":[0.0,-1.18905]},"Q5o":{"weight":0.0,"played":[0.9999,1.0E-4],"evs":[0.0,-1.0797]},"K5o":{"weight":0.0,"played":[0.9818,0.0182],"evs":[0.0,-1.04095]},"A5o":{"weight":0.0,"played":[0.9925,0.0075],"evs":[0.0,-1.07052]},"62s":{"weight":0.0,"played":[0.9756,0.0244],"evs":[0.0,-0.75972]},"63s":{"weight":0.0,"played":[0.7368,0.2632],"evs":[0.0,-0.3949]},"64s":{"weight":0.0,"played":[0.2521,0.7479],"evs":[0.0,0.28275]},"65s":{"weight":0.0,"played":[0.0098,0.9902],"evs":[0.0,0.78647]},"66":{"weight":0.0,"played":[1.0E-4,0.9999],"evs":[0.0,2.10985]},"76o":{"weight":0.0,"played":[0.9852,0.0148],"evs":[0.0,-0.26502]},"86o":{"weight":0.0,"played":[0.9752,0.0248],"evs":[0.0,-0.4262]},"96o":{"weight":0.0,"played":[0.9957,0.0043],"evs":[0.0,-0.943]},"T6o":{"weight":0.0,"played":[0.999,0.001],"evs":[0.0,-1.621]},"J6o":{"weight":0.0,"played":[0.9999,1.0E-4],"evs":[0.0,-1.54216]},"Q6o":{"weight":0.0,"played":[0.9995,5.0E-4],"evs":[0.0,-1.04664]},"K6o":{"weight":0.0,"played":[0.9942,0.0058],"evs":[0.0,-0.43887]},"A6o":{"weight":0.0,"played":[0.9977,0.0023],"evs":[0.0,-1.36147]},"72s":{"weight":0.0,"played":[0.9988,0.0012],"evs":[0.0,-1.46275]},"73s":{"weight":0.0,"played":[0.9695,0.0305],"evs":[0.0,-1.01401]},"74s":{"weight":0.0,"played":[0.5112,0.4888],"evs":[0.0,-0.23608]},"75s":{"weight":0.0,"played":[0.5427,0.4573],"evs":[0.0,0.13746]},"76s":{"weight":0.0,"played":[0.0551,0.9449],"evs":[0.0,1.00695]},"77":{"weight":1.0E-4,"played":[0.006,0.994],"evs":[0.0,2.65043]},"87o":{"weight":0.0,"played":[0.9997,3.0E-4],"evs":[0.0,-0.7132]},"97o":{"weight":0.0,"played":[0.9729,0.0271],"evs":[0.0,-1.01798]},"T7o":{"weight":0.0,"played":[0.999,0.001],"evs":[0.0,-0.95904]},"J7o":{"weight":0.0,"played":[0.9995,5.0E-4],"evs":[0.0,-0.85116]},"Q7o":{"weight":0.0,"played":[1.0,0.0],"evs":[0.0,-1.03559]},"K7o":{"weight":0.0,"played":[0.9982,0.0018],"evs":[0.0,-1.07554]},"A7o":{"weight":0.0,"played":[0.9897,0.0103],"evs":[0.0,-1.36819]},"82s":{"weight":0.0,"played":[0.9941,0.0059],"evs":[0.0,-1.6912]},"83s":{"weight":0.0,"played":[0.9996,4.0E-4],"evs":[0.0,-1.40165]},"84s":{"weight":0.0,"played":[0.9931,0.0069],"evs":[0.0,-1.35451]},"85s":{"weight":0.0,"played":[0.8484,0.1516],"evs":[0.0,-0.09661]},"86s":{"weight":0.0,"played":[0.0543,0.9457],"evs":[0.0,1.10164]},"87s":{"weight":0.0,"played":[1.0E-4,0.9999],"evs":[0.0,1.41512]},"88":{"weight":9.0E-4,"played":[0.0,1.0],"evs":[0.0,2.84015]},"98o":{"weight":0.0,"played":[0.9933,0.0067],"evs":[0.0,-0.20374]},"T8o":{"weight":0.0,"played":[0.9984,0.0016],"evs":[0.0,-0.69919]},"J8o":{"weight":0.0,"played":[0.9947,0.0053],"evs":[0.0,-0.49006]},"Q8o":{"weight":0.0,"played":[0.9999,1.0E-4],"evs":[0.0,-0.73434]},"K8o":{"weight":0.0,"played":[0.9982,0.0018],"evs":[0.0,-0.95186]},"A8o":{"weight":0.0,"played":[0.9862,0.0138],"evs":[0.0,-1.39824]},"92s":{"weight":0.0,"played":[0.9878,0.0122],"evs":[0.0,-0.94842]},"93s":{"weight":0.0,"played":[0.9998,2.0E-4],"evs":[0.0,-1.49841]},"94s":{"weight":0.0,"played":[0.9998,2.0E-4],"evs":[0.0,-0.33496]},"95s":{"weight":0.0,"played":[0.5882,0.4118],"evs":[0.0,0.18795]},"96s":{"weight":0.0,"played":[0.1542,0.8458],"evs":[0.0,0.49037]},"97s":{"weight":0.0,"played":[0.0077,0.9923],"evs":[0.0,0.28011]},"98s":{"weight":0.0,"played":[0.0429,0.9571],"evs":[0.0,0.42483]},"99":{"weight":0.0,"played":[0.0,1.0],"evs":[0.0,3.18454]},"T9o":{"weight":0.0,"played":[0.9982,0.0018],"evs":[0.0,-0.56921]},"J9o":{"weight":0.0,"played":[0.9877,0.0123],"evs":[0.0,-0.42918]},"Q9o":{"weight":0.0,"played":[0.9972,0.0028],"evs":[0.0,-0.76191]},"K9o":{"weight":0.0,"played":[0.9358,0.0642],"evs":[0.0,-0.48931]},"A9o":{"weight":0.0,"played":[0.8686,0.1314],"evs":[0.0,-1.13396]},"T2s":{"weight":0.0,"played":[0.9841,0.0159],"evs":[0.0,-0.84631]},"T3s":{"weight":0.0,"played":[0.8652,0.1348],"evs":[0.0,-0.74666]},"T4s":{"weight":0.0,"played":[0.6188,0.3812],"evs":[0.0,-0.30053]},"T5s":{"weight":0.0,"played":[0.983,0.017],"evs":[0.0,-1.15082]},"T6s":{"weight":0.0,"played":[0.5439,0.4561],"evs":[0.0,-0.14467]},"T7s":{"weight":0.0,"played":[0.2484,0.7516],"evs":[0.0,-0.13846]},"T8s":{"weight":0.0,"played":[0.2324,0.7676],"evs":[0.0,0.42376]},"T9s":{"weight":0.0,"played":[0.026,0.974],"evs":[0.0,0.88639]},"TT":{"weight":0.0,"played":[0.0,1.0],"evs":[0.0,3.10156]},"JTo":{"weight":0.0,"played":[0.2447,0.7553],"evs":[0.0,-0.02256]},"QTo":{"weight":0.0,"played":[0.9653,0.0347],"evs":[0.0,-0.31898]},"KTo":{"weight":0.0,"played":[0.8031,0.1969],"evs":[0.0,-0.31499]},"ATo":{"weight":1.0E-4,"played":[0.4305,0.5695],"evs":[0.0,-0.09389]},"J2s":{"weight":0.0,"played":[0.9922,0.0078],"evs":[0.0,-0.91003]},"J3s":{"weight":0.0,"played":[0.7141,0.2859],"evs":[0.0,0.06252]},"J4s":{"weight":0.0,"played":[0.6955,0.3045],"evs":[0.0,0.10759]},"J5s":{"weight":0.0,"played":[0.8993,0.1007],"evs":[0.0,-1.0429]},"J6s":{"weight":0.0,"played":[0.3906,0.6094],"evs":[0.0,-0.0358]},"J7s":{"weight":0.0,"played":[0.2738,0.7262],"evs":[0.0,0.46262]},"J8s":{"weight":0.0,"played":[0.0137,0.9863],"evs":[0.0,0.88085]},"J9s":{"weight":0.0,"played":[0.0719,0.9281],"evs":[0.0,0.54142]},"JTs":{"weight":0.0695,"played":[0.0023,0.9977],"evs":[0.0,0.84979]},"JJ":{"weight":0.0,"played":[0.0,1.0],"evs":[0.0,4.77799]},"QJo":{"weight":0.0,"played":[0.0822,0.9178],"evs":[0.0,0.48746]},"KJo":{"weight":0.0,"played":[0.5769,0.4231],"evs":[0.0,0.45432]},"AJo":{"weight":0.0,"played":[1.0E-4,0.9999],"evs":[0.0,1.34906]},"Q2s":{"weight":0.0,"played":[0.9446,0.0554],"evs":[0.0,-0.09268]},"Q3s":{"weight":0.0,"played":[0.5359,0.4641],"evs":[0.0,0.24194]},"Q4s":{"weight":0.0,"played":[0.6332,0.3668],"evs":[0.0,0.31029]},"Q5s":{"weight":0.0,"played":[0.821,0.179],"evs":[0.0,-0.06232]},"Q6s":{"weight":0.0,"played":[0.4128,0.5872],"evs":[0.0,-0.09637]},"Q7s":{"weight":0.0,"played":[0.9336,0.0664],"evs":[0.0,-0.5779]},"Q8s":{"weight":1.0E-4,"played":[0.4615,0.5385],"evs":[0.0,-0.09237]},"Q9s":{"weight":0.0,"played":[1.0E-4,0.9999],"evs":[0.0,0.20223]},"QTs":{"weight":0.9976,"played":[0.0031,0.9969],"evs":[0.0,0.62654]},"QJs":{"weight":0.9989,"played":[0.0011,0.9989],"evs":[0.0,1.05671]},"QQ":{"weight":0.0,"played":[0.0,1.0],"evs":[0.0,6.5219]},"KQo":{"weight":0.2485,"played":[0.0805,0.9195],"evs":[0.0,0.81991]},"AQo":{"weight":0.0,"played":[1.0E-4,0.9999],"evs":[0.0,1.84405]},"K2s":{"weight":0.0,"played":[0.1917,0.8083],"evs":[0.0,0.22535]},"K3s":{"weight":0.0,"played":[0.6957,0.3043],"evs":[0.0,-0.47206]},"K4s":{"weight":0.0,"played":[0.9339,0.0661],"evs":[0.0,-0.38176]},"K5s":{"weight":0.0,"played":[0.9548,0.0452],"evs":[0.0,-0.11548]},"K6s":{"weight":0.0,"played":[0.1251,0.8749],"evs":[0.0,0.76518]},"K7s":{"weight":3.0E-4,"played":[0.0067,0.9933],"evs":[0.0,0.54232]},"K8s":{"weight":0.0,"played":[0.1113,0.8887],"evs":[0.0,0.55177]},"K9s":{"weight":5.0E-4,"played":[0.1621,0.8379],"evs":[0.0,0.69442]},"KTs":{"weight":0.9999,"played":[1.0E-4,0.9999],"evs":[0.0,0.80109]},"KJs":{"weight":0.9274,"played":[0.0059,0.9941],"evs":[0.0,1.26101]},"KQs":{"weight":0.0176,"played":[7.0E-4,0.9993],"evs":[0.0,1.66789]},"KK":{"weight":0.0,"played":[0.0,1.0],"evs":[0.0,8.52511]},"AKo":{"weight":0.0,"played":[0.0,1.0],"evs":[0.0,3.38737]},"A2s":{"weight":1.0E-4,"played":[0.9323,0.0677],"evs":[0.0,-0.50203]},"A3s":{"weight":2.0E-4,"played":[0.9927,0.0073],"evs":[0.0,-0.61798]},"A4s":{"weight":0.0258,"played":[0.862,0.138],"evs":[0.0,-0.45021]},"A5s":{"weight":0.1331,"played":[0.4663,0.5337],"evs":[0.0,-0.18694]},"A6s":{"weight":0.655,"played":[0.8076,0.1924],"evs":[0.0,-0.58303]},"A7s":{"weight":0.0541,"played":[0.9303,0.0697],"evs":[0.0,-0.82989]},"A8s":{"weight":0.0035,"played":[0.6433,0.3567],"evs":[0.0,-0.37522]},"A9s":{"weight":3.0E-4,"played":[0.8974,0.1026],"evs":[0.0,-0.52009]},"ATs":{"weight":0.0,"played":[0.0232,0.9768],"evs":[0.0,1.11927]},"AJs":{"weight":7.0E-4,"played":[9.0E-4,0.9991],"evs":[0.0,2.77077]},"AQs":{"weight":0.0,"played":[0.0,1.0],"evs":[0.0,2.81778]},"AKs":{"weight":0.0,"played":[0.0,1.0],"evs":[0.0,3.97664]},"AA":{"weight":0.0,"played":[0.0,1.0],"evs":[0.0,11.70216]}}}