{"player":3,"street":0,"children":2,"sequence":[{"player":0,"type":"R","amount":200000,"street":0},{"player":1,"type":"F","amount":0,"street":0},{"player":2,"type":"C","amount":200000,"street":0},{"player":3,"type":"C","amount":200000,"street":0},{"player":4,"type":"R","amount":1085000,"street":0},{"player":5,"type":"F","amount":0,"street":0},{"player":0,"type":"C","amount":885000,"street":0},{"player":2,"type":"R","amount":1885000,"street":0}],"actions":[{"type":"F","amount":0,"node":278},{"type":"C","amount":785000,"node":279}],"hands":{"22":{"weight":0.0,"played":[0.6974,0.3026],"evs":[0.0,-0.0155]},"32o":{"weight":0.0,"played":[1.0,0.0],"evs":[0.0,-2.01693]},"42o":{"weight":0.0,"played":[0.9995,5.0E-4],"evs":[0.0,-1.57173]},"52o":{"weight":0.0,"played":[0.9998,2.0E-4],"evs":[0.0,-1.58798]},"62o":{"weight":0.0,"played":[1.0,0.0],"evs":[0.0,-2.03651]},"72o":{"weight":0.0,"played":[1.0,0.0],"evs":[0.0,-2.18318]},"82o":{"weight":0.0,"played":[1.0,0.0],"evs":[0.0,-2.01485]},"92o":{"weight":0.0,"played":[1.0,0.0],"evs":[0.0,-2.29627]},"T2o":{"weight":0.0,"played":[1.0,0.0],"evs":[0.0,-2.34678]},"J2o":{"weight":0.0,"played":[1.0,0.0],"evs":[0.0,-2.41133]},"Q2o":{"weight":0.0,"played":[0.9999,1.0E-4],"evs":[0.0,-1.82926]},"K2o":{"weight":0.0,"played":[0.9999,1.0E-4],"evs":[0.0,-1.86686]},"A2o":{"weight":0.0,"played":[0.9981,0.0019],"evs":[0.0,-1.91045]},"32s":{"weight":0.0,"played":[0.9951,0.0049],"evs":[0.0,-0.5936]},"33":{"weight":1.0E-4,"played":[0.0996,0.9004],"evs":[0.0,0.32114]},"43o":{"weight":0.0,"played":[0.9999,1.0E-4],"evs":[0.0,-1.18145]},"53o":{"weight":0.0,"played":[0.9994,6.0E-4],"evs":[0.0,-0.90129]},"63o":{"weight":0.0,"played":[1.0,0.0],"evs":[0.0,-1.06261]},"73o":{"weight":0.0,"played":[1.0,0.0],"evs":[0.0,-1.52054]},"83o":{"weight":0.0,"played":[1.0,0.0],"evs":[0.0,-2.20629]},"93o":{"weight":0.0,"played":[1.0,0.0],"evs":[0.0,-2.04754]},"T3o":{"weight":0.0,"played":[1.0,0.0],"evs":[0.0,-2.12006]},"J3o":{"weight":0.0,"played":[1.0,0.0],"evs":[0.0,-1.64197]},"Q3o":{"weight":0.0,"played":[1.0,0.0],"evs":[0.0,-1.51611]},"K3o":{"weight":0.0,"played":[0.9995,5.0E-4],"evs":[0.0,-1.84595]},"A3o":{"weight":0.0,"played":[0.9994,6.0E-4],"evs":[0.0,-1.80978]},"42s":{"weight":0.0,"played":[0.0848,0.9152],"evs":[0.0,0.0121]},"43s":{"weight":0.0,"played":[0.4103,0.5897],"evs":[0.0,-0.11766]},"44":{"weight":0.4598,"played":[0.003,0.997],"evs":[0.0,0.7273]},"54o":{"weight":0.0,"played":[0.9999,1.0E-4],"evs":[0.0,-0.32259]},"64o":{"weight":0.0,"played":[0.9995,5.0E-4],"evs":[0.0,-0.39832]},"74o":{"weight":0.0,"played":[1.0,0.0],"evs":[0.0,-0.865]},"84o":{"weight":0.0,"played":[0.9998,2.0E-4],"evs":[0.0,-1.72289]},"94o":{"weight":0.0,"played":[1.0,0.0],"evs":[0.0,-2.06455]},"T4o":{"weight":0.0,"played":[1.0,0.0],"evs":[0.0,-1.98773]},"J4o":{"weight":0.0,"played":[0.9998,2.0E-4],"evs":[0.0,-2.07451]},"Q4o":{"weight":0.0,"played":[0.9999,1.0E-4],"evs":[0.0,-1.5083]},"K4o":{"weight":0.0,"played":[1.0,0.0],"evs":[0.0,-1.68785]},"A4o":{"weight":0.0,"played":[0.9941,0.0059],"evs":[0.0,-1.46741]},"52s":{"weight":0.0,"played":[0.5403,0.4597],"evs":[0.0,0.02665]},"53s":{"weight":0.0,"played":[0.0013,0.9987],"evs":[0.0,0.23382]},"54s":{"weight":0.0,"played":[3.0E-4,0.9997],"evs":[0.0,0.75827]},"55":{"weight":0.0013,"played":[1.0E-4,0.9999],"evs":[0.0,1.55074]},"65o":{"weight":0.0,"played":[0.9985,0.0015],"evs":[0.0,-0.14075]},"75o":{"weight":0.0,"played":[0.9297,0.0703],"evs":[0.0,-0.3568]},"85o":{"weight":0.0,"played":[0.9998,2.0E-4],"evs":[0.0,-1.17106]},"95o":{"weight":0.0,"played":[0.9997,3.0E-4],"evs":[0.0,-1.61152]},"T5o":{"weight":0.0,"played":[1.0,0.0],"evs":[0.0,-1.6309]},"J5o":{"weight":0.0,"played":[0.9997,3.0E-4],"evs":[0.0,-2.04885]},"Q5o":{"weight":0.0,"played":[0.9985,0.0015],"evs":[0.0,-1.47652]},"K5o":{"weight":0.0,"played":[1.0,0.0],"evs":[0.0,-1.71103]},"A5o":{"weight":0.0,"played":[0.9994,6.0E-4],"evs":[0.0,-1.21258]},"62s":{"weight":0.0,"played":[0.948,0.052],"evs":[0.0,-0.4144]},"63s":{"weight":0.0,"played":[0.6729,0.3271],"evs":[0.0,-0.01182]},"64s":{"weight":0.0,"played":[0.0671,0.9329],"evs":[0.0,0.17602]},"65s":{"weight":0.0,"played":[0.0103,0.9897],"evs":[0.0,1.05211]},"66":{"weight":0.0,"played":[1.0E-4,0.9999],"evs":[0.0,1.9753]},"76o":{"weight":0.0,"played":[0.9988,0.0012],"evs":[0.0,-0.30439]},"86o":{"weight":0.0,"played":[0.9997,3.0E-4],"evs":[0.0,-0.46426]},"96o":{"weight":0.0,"played":[0.9999,1.0E-4],"evs":[0.0,-0.78056]},"T6o":{"weight":0.0,"played":[1.0,0.0],"evs":[0.0,-1.3935]},"J6o":{"weight":0.0,"played":[0.9999,1.0E-4],"evs":[0.0,-1.91267]},"Q6o":{"weight":0.0,"played":[1.0,0.0],"evs":[0.0,-1.04205]},"K6o":{"weight":0.0,"played":[0.9917,0.0083],"evs":[0.0,-1.08924]},"A6o":{"weight":0.0,"played":[0.9981,0.0019],"evs":[0.0,-1.34812]},"72s":{"weight":0.0,"played":[0.9985,0.0015],"evs":[0.0,-1.27738]},"73s":{"weight":0.0,"played":[0.9776,0.0224],"evs":[0.0,-0.77291]},"74s":{"weight":0.0,"played":[0.3887,0.6113],"evs":[0.0,0.21979]},"75s":{"weight":0.0,"played":[0.6603,0.3397],"evs":[0.0,0.1663]},"76s":{"weight":0.0,"played":[0.0048,0.9952],"evs":[0.0,0.45069]},"77":{"weight":1.0E-4,"played":[0.0,1.0],"evs":[0.0,2.38206]},"87o":{"weight":0.0,"played":[0.691,0.309],"evs":[0.0,-0.08729]},"97o":{"weight":0.0,"played":[0.9897,0.0103],"evs":[0.0,-0.71948]},"T7o":{"weight":0.0,"played":[0.9961,0.0039],"evs":[0.0,-0.79329]},"J7o":{"weight":0.0,"played":[0.9998,2.0E-4],"evs":[0.0,-1.35569]},"Q7o":{"weight":0.0,"played":[0.9994,6.0E-4],"evs":[0.0,-1.07209]},"K7o":{"weight":0.0,"played":[0.9995,5.0E-4],"evs":[0.0,-1.1686]},"A7o":{"weight":0.0,"played":[0.9995,5.0E-4],"evs":[0.0,-1.26471]},"82s":{"weight":0.0,"played":[0.9995,5.0E-4],"evs":[0.0,-0.6843]},"83s":{"weight":0.0,"played":[0.9917,0.0083],"evs":[0.0,-0.7095]},"84s":{"weight":0.0,"played":[0.9732,0.0268],"evs":[0.0,-0.26999]},"85s":{"weight":0.0,"played":[0.0207,0.9793],"evs":[0.0,0.51323]},"86s":{"weight":0.0,"played":[4.0E-4,0.9996],"evs":[0.0,0.64941]},"87s":{"weight":0.0,"played":[0.0097,0.9903],"evs":[0.0,0.80171]},"88":{"weight":9.0E-4,"played":[5.0E-4,0.9995],"evs":[0.0,2.59119]},"98o":{"weight":0.0,"played":[0.982,0.018],"evs":[0.0,-0.84602]},"T8o":{"weight":0.0,"played":[0.9214,0.0786],"evs":[0.0,-0.56493]},"J8o":{"weight":0.0,"played":[0.9973,0.0027],"evs":[0.0,-0.86034]},"Q8o":{"weight":0.0,"played":[0.9732,0.0268],"evs":[0.0,-0.81814]},"K8o":{"weight":0.0,"played":[0.9848,0.0152],"evs":[0.0,-1.11738]},"A8o":{"weight":0.0,"played":[0.9999,1.0E-4],"evs":[0.0,-0.86946]},"92s":{"weight":0.0,"played":[0.9969,0.0031],"evs":[0.0,-0.77552]},"93s":{"weight":0.0,"played":[0.9904,0.0096],"evs":[0.0,-0.68572]},"94s":{"weight":0.0,"played":[0.9996,4.0E-4],"evs":[0.0,-1.03009]},"95s":{"weight":0.0,"played":[0.4293,0.5707],"evs":[0.0,0.0595]},"96s":{"weight":0.0,"played":[0.0741,0.9259],"evs":[0.0,0.6494]},"97s":{"weight":0.0,"played":[0.0452,0.9548],"evs":[0.0,0.26006]},"98s":{"weight":0.0,"played":[0.0012,0.9988],"evs":[0.0,0.49253]},"99":{"weight":0.0,"played":[1.0E-4,0.9999],"evs":[0.0,3.25183]},"T9o":{"weight":0.0,"played":[0.6145,0.3855],"evs":[0.0,-0.12759]},"J9o":{"weight":0.0,"played":[1.0,0.0],"evs":[0.0,-0.51086]},"Q9o":{"weight":0.0,"played":[0.9852,0.0148],"evs":[0.0,-0.63596]},"K9o":{"weight":0.0,"played":[0.9934,0.0066],"evs":[0.0,-0.82144]},"A9o":{"weight":0.0,"played":[0.9871,0.0129],"evs":[0.0,-0.60067]},"T2s":{"weight":0.0,"played":[0.9999,1.0E-4],"evs":[0.0,-1.15999]},"T3s":{"weight":0.0,"played":[0.9855,0.0145],"evs":[0.0,-1.10666]},"T4s":{"weight":0.0,"played":[0.9552,0.0448],"evs":[0.0,-0.40174]},"T5s":{"weight":0.0,"played":[0.9996,4.0E-4],"evs":[0.0,-0.48656]},"T6s":{"weight":0.0,"played":[1.0,0.0],"evs":[0.0,-0.19588]},"T7s":{"weight":0.0,"played":[0.0374,0.9626],"evs":[0.0,0.82199]},"T8s":{"weight":0.0,"played":[0.0191,0.9809],"evs":[0.0,0.80783]},"T9s":{"weight":0.0,"played":[0.0074,0.9926],"evs":[0.0,1.0297]},"TT":{"weight":0.0,"played":[3.0E-4,0.9997],"evs":[0.0,4.12265]},"JTo":{"weight":0.0,"played":[0.557,0.443],"evs":[0.0,0.08314]},"QTo":{"weight":0.0,"played":[0.3673,0.6327],"evs":[0.0,-0.22534]},"KTo":{"weight":0.0,"played":[0.5451,0.4549],"evs":[0.0,-0.10802]},"ATo":{"weight":1.0E-4,"played":[0.1965,0.8035],"evs":[0.0,0.36517]},"J2s":{"weight":0.0,"played":[0.9957,0.0043],"evs":[0.0,-1.12399]},"J3s":{"weight":0.0,"played":[0.9926,0.0074],"evs":[0.0,-0.74421]},"J4s":{"weight":0.0,"played":[0.9798,0.0202],"evs":[0.0,-0.36966]},"J5s":{"weight":0.0,"played":[0.9981,0.0019],"evs":[0.0,-0.38963]},"J6s":{"weight":0.0,"played":[0.6301,0.3699],"evs":[0.0,-0.03418]},"J7s":{"weight":0.0,"played":[0.9848,0.0152],"evs":[0.0,-0.3473]},"J8s":{"weight":0.0,"played":[0.0207,0.9793],"evs":[0.0,0.11327]},"J9s":{"weight":0.0,"played":[0.0195,0.9805],"evs":[0.0,0.45455]},"JTs":{"weight":0.0695,"played":[0.0092,0.9908],"evs":[0.0,0.54019]},"JJ":{"weight":0.0,"played":[0.0,1.0],"evs":[0.0,5.46726]},"QJo":{"weight":0.0,"played":[0.0985,0.9015],"evs":[0.0,0.16523]},"KJo":{"weight":0.0,"played":[0.1033,0.8967],"evs":[0.0,0.05674]},"AJo":{"weight":0.0,"played":[2.0E-4,0.9998],"evs":[0.0,0.76117]},"Q2s":{"weight":0.0,"played":[0.961,0.039],"evs":[0.0,-0.67613]},"Q3s":{"weight":0.0,"played":[0.7442,0.2558],"evs":[0.0,-0.25583]},"Q4s":{"weight":0.0,"played":[0.4742,0.5258],"evs":[0.0,-0.02968]},"Q5s":{"weight":0.0,"played":[0.8217,0.1783],"evs":[0.0,-0.12751]},"Q6s":{"weight":0.0,"played":[0.3157,0.6843],"evs":[0.0,0.19474]},"Q7s":{"weight":0.0,"played":[0.9365,0.0635],"evs":[0.0,-0.38248]},"Q8s":{"weight":1.0E-4,"played":[0.126,0.874],"evs":[0.0,0.34915]},"Q9s":{"weight":0.0,"played":[0.0071,0.9929],"evs":[0.0,0.6105]},"QTs":{"weight":0.9976,"played":[0.0034,0.9966],"evs":[0.0,1.19954]},"QJs":{"weight":0.9989,"played":[1.0E-4,0.9999],"evs":[0.0,1.2245]},"QQ":{"weight":0.0,"played":[0.0,1.0],"evs":[0.0,7.32797]},"KQo":{"weight":0.2485,"played":[0.0,1.0],"evs":[0.0,0.98609]},"AQo":{"weight":0.0,"played":[0.0,1.0],"evs":[0.0,1.6793]},"K2s":{"weight":0.0,"played":[0.7319,0.2681],"evs":[0.0,-0.64018]},"K3s":{"weight":0.0,"played":[0.9804,0.0196],"evs":[0.0,-0.99508]},"K4s":{"weight":0.0,"played":[0.9694,0.0306],"evs":[0.0,-0.53377]},"K5s":{"weight":0.0,"played":[0.3023,0.6977],"evs":[0.0,0.2593]},"K6s":{"weight":0.0,"played":[0.3065,0.6935],"evs":[0.0,0.36921]},"K7s":{"weight":3.0E-4,"played":[0.8512,0.1488],"evs":[0.0,-0.23653]},"K8s":{"weight":0.0,"played":[0.4273,0.5727],"evs":[0.0,0.1492]},"K9s":{"weight":5.0E-4,"played":[0.0713,0.9287],"evs":[0.0,0.2651]},"KTs":{"weight":0.9999,"played":[1.0E-4,0.9999],"evs":[0.0,0.86953]},"KJs":{"weight":0.9274,"played":[3.0E-4,0.9997],"evs":[0.0,1.2863]},"KQs":{"weight":0.0176,"played":[1.0E-4,0.9999],"evs":[0.0,2.40341]},"KK":{"weight":0.0,"played":[0.0,1.0],"evs":[0.0,9.98794]},"AKo":{"weight":0.0,"played":[0.0,1.0],"evs":[0.0,2.93228]},"A2s":{"weight":1.0E-4,"played":[0.9631,0.0369],"evs":[0.0,-0.47654]},"A3s":{"weight":2.0E-4,"played":[0.9693,0.0307],"evs":[0.0,-0.1269]},"A4s":{"weight":0.0258,"played":[0.8479,0.1521],"evs":[0.0,-0.83973]},"A5s":{"weight":0.1331,"played":[0.5947,0.4053],"evs":[0.0,-0.02085]},"A6s":{"weight":0.655,"played":[0.2168,0.7832],"evs":[0.0,0.43994]},"A7s":{"weight":0.0541,"played":[3.0E-4,0.9997],"evs":[0.0,0.19453]},"A8s":{"weight":0.0035,"played":[0.1329,0.8671],"evs":[0.0,0.27952]},"A9s":{"weight":3.0E-4,"played":[1.0E-4,0.9999],"evs":[0.0,0.86555]},"ATs":{"weight":0.0,"played":[0.0016,0.9984],"evs":[0.0,1.84028]},"AJs":{"weight":7.0E-4,"played":[1.0E-4,0.9999],"evs":[0.0,2.48215]},"AQs":{"weight":0.0,"played":[1.0E-4,0.9999],"evs":[0.0,3.0725]},"AKs":{"weight":0.0,"played":[0.0,1.0],"evs":[0.0,4.12133]},"AA":{"weight":0.0,"played":[0.0,1.0],"evs":[0.0,14.129]}}}