{"player":3,"street":0,"children":2,"sequence":[{"player":0,"type":"R","amount":200000,"street":0},{"player":1,"type":"F","amount":0,"street":0},{"player":2,"type":"C","amount":200000,"street":0},{"player":3,"type":"C","amount":200000,"street":0},{"player":4,"type":"R","amount":1085000,"street":0},{"player":5,"type":"F","amount":0,"street":0},{"player":0,"type":"R","amount":1885000,"street":0},{"player":2,"type":"F","amount":0,"street":0}],"actions":[{"type":"F","amount":0},{"type":"C","amount":785000}],"hands":{"22":{"weight":0.0,"played":[0.0084,0.9916],"evs":[0.0,1.83915]},"32o":{"weight":0.0,"played":[0.997,0.003],"evs":[0.0,-1.52103]},"42o":{"weight":0.0,"played":[0.9011,0.0989],"evs":[0.0,-0.98359]},"52o":{"weight":0.0,"played":[0.9558,0.0442],"evs":[0.0,-0.7447]},"62o":{"weight":0.0,"played":[0.9991,9.0E-4],"evs":[0.0,-1.95421]},"72o":{"weight":0.0,"played":[0.9886,0.0114],"evs":[0.0,-0.40634]},"82o":{"weight":0.0,"played":[0.9923,0.0077],"evs":[0.0,-1.45524]},"92o":{"weight":0.0,"played":[0.7972,0.2028],"evs":[0.0,-1.25652]},"T2o":{"weight":0.0,"played":[0.9981,0.0019],"evs":[0.0,-0.94378]},"J2o":{"weight":0.0,"played":[0.9695,0.0305],"evs":[0.0,-1.58335]},"Q2o":{"weight":0.0,"played":[0.9858,0.0142],"evs":[0.0,-1.86271]},"K2o":{"weight":0.0,"played":[0.5405,0.4595],"evs":[0.0,-0.09353]},"A2o":{"weight":0.0,"played":[0.775,0.225],"evs":[0.0,-1.8571]},"32s":{"weight":0.0,"played":[0.9557,0.0443],"evs":[0.0,-1.35174]},"33":{"weight":1.0E-4,"played":[0.042,0.958],"evs":[0.0,1.1386]},"43o":{"weight":0.0,"played":[0.9679,0.0321],"evs":[0.0,-2.27652]},"53o":{"weight":0.0,"played":[0.3397,0.6603],"evs":[0.0,0.28323]},"63o":{"weight":0.0,"played":[0.9976,0.0024],"evs":[0.0,-0.81762]},"73o":{"weight":0.0,"played":[0.3344,0.6656],"evs":[0.0,0.00455]},"83o":{"weight":0.0,"played":[0.9693,0.0307],"evs":[0.0,-1.67996]},"93o":{"weight":0.0,"played":[0.9433,0.0567],"evs":[0.0,-2.67839]},"T3o":{"weight":0.0,"played":[0.9693,0.0307],"evs":[0.0,-1.73609]},"J3o":{"weight":0.0,"played":[0.377,0.623],"evs":[0.0,-0.03462]},"Q3o":{"weight":0.0,"played":[0.9138,0.0862],"evs":[0.0,-2.6722]},"K3o":{"weight":0.0,"played":[0.8457,0.1543],"evs":[0.0,-0.92236]},"A3o":{"weight":0.0,"played":[0.9509,0.0491],"evs":[0.0,-1.15864]},"42s":{"weight":0.0,"played":[0.517,0.483],"evs":[0.0,-0.76646]},"43s":{"weight":0.0,"played":[0.4695,0.5305],"evs":[0.0,0.39011]},"44":{"weight":0.4598,"played":[0.0114,0.9886],"evs":[0.0,2.91407]},"54o":{"weight":0.0,"played":[0.4323,0.5677],"evs":[0.0,-0.34253]},"64o":{"weight":0.0,"played":[0.6435,0.3565],"evs":[0.0,-0.92496]},"74o":{"weight":0.0,"played":[0.989,0.011],"evs":[0.0,-1.25122]},"84o":{"weight":0.0,"played":[0.6373,0.3627],"evs":[0.0,0.82289]},"94o":{"weight":0.0,"played":[0.8859,0.1141],"evs":[0.0,-0.90861]},"T4o":{"weight":0.0,"played":[0.8899,0.1101],"evs":[0.0,-0.79791]},"J4o":{"weight":0.0,"played":[0.9999,1.0E-4],"evs":[0.0,-1.29153]},"Q4o":{"weight":0.0,"played":[0.8362,0.1638],"evs":[0.0,-0.74745]},"K4o":{"weight":0.0,"played":[0.8996,0.1004],"evs":[0.0,-0.58824]},"A4o":{"weight":0.0,"played":[0.6348,0.3652],"evs":[0.0,-0.54273]},"52s":{"weight":0.0,"played":[0.3078,0.6922],"evs":[0.0,1.29885]},"53s":{"weight":0.0,"played":[0.4464,0.5536],"evs":[0.0,-0.27382]},"54s":{"weight":0.0,"played":[0.4353,0.5647],"evs":[0.0,0.28583]},"55":{"weight":0.0013,"played":[0.0114,0.9886],"evs":[0.0,2.31289]},"65o":{"weight":0.0,"played":[0.1671,0.8329],"evs":[0.0,1.28995]},"75o":{"weight":0.0,"played":[0.8375,0.1625],"evs":[0.0,-0.3306]},"85o":{"weight":0.0,"played":[0.9182,0.0818],"evs":[0.0,-1.66712]},"95o":{"weight":0.0,"played":[0.7883,0.2117],"evs":[0.0,-1.60692]},"T5o":{"weight":0.0,"played":[0.937,0.063],"evs":[0.0,-0.96153]},"J5o":{"weight":0.0,"played":[0.8937,0.1063],"evs":[0.0,-0.18708]},"Q5o":{"weight":0.0,"played":[0.9817,0.0183],"evs":[0.0,-0.82447]},"K5o":{"weight":0.0,"played":[0.5288,0.4712],"evs":[0.0,-0.72191]},"A5o":{"weight":0.0,"played":[0.8341,0.1659],"evs":[0.0,-0.7394]},"62s":{"weight":0.0,"played":[0.8901,0.1099],"evs":[0.0,-2.00442]},"63s":{"weight":0.0,"played":[0.8776,0.1224],"evs":[0.0,0.74207]},"64s":{"weight":0.0,"played":[0.2803,0.7197],"evs":[0.0,0.97968]},"65s":{"weight":0.0,"played":[0.6519,0.3481],"evs":[0.0,0.07184]},"66":{"weight":0.0,"played":[9.0E-4,0.9991],"evs":[0.0,1.65419]},"76o":{"weight":0.0,"played":[0.3801,0.6199],"evs":[0.0,0.1955]},"86o":{"weight":0.0,"played":[0.7709,0.2291],"evs":[0.0,-1.26037]},"96o":{"weight":0.0,"played":[0.5896,0.4104],"evs":[0.0,0.14466]},"T6o":{"weight":0.0,"played":[0.8333,0.1667],"evs":[0.0,-0.01338]},"J6o":{"weight":0.0,"played":[0.8517,0.1483],"evs":[0.0,-1.90679]},"Q6o":{"weight":0.0,"played":[0.9771,0.0229],"evs":[0.0,-1.06275]},"K6o":{"weight":0.0,"played":[0.3517,0.6483],"evs":[0.0,-0.47235]},"A6o":{"weight":0.0,"played":[0.7462,0.2538],"evs":[0.0,-1.61466]},"72s":{"weight":0.0,"played":[0.5817,0.4183],"evs":[0.0,-1.00922]},"73s":{"weight":0.0,"played":[0.4283,0.5717],"evs":[0.0,0.11194]},"74s":{"weight":0.0,"played":[0.7293,0.2707],"evs":[0.0,-0.49358]},"75s":{"weight":0.0,"played":[0.9502,0.0498],"evs":[0.0,-1.58862]},"76s":{"weight":0.0,"played":[0.8867,0.1133],"evs":[0.0,-0.66091]},"77":{"weight":1.0E-4,"played":[0.0121,0.9879],"evs":[0.0,3.78239]},"87o":{"weight":0.0,"played":[0.7648,0.2352],"evs":[0.0,-0.92712]},"97o":{"weight":0.0,"played":[0.5207,0.4793],"evs":[0.0,-0.5436]},"T7o":{"weight":0.0,"played":[0.9241,0.0759],"evs":[0.0,-0.77722]},"J7o":{"weight":0.0,"played":[0.4596,0.5404],"evs":[0.0,0.52227]},"Q7o":{"weight":0.0,"played":[0.7287,0.2713],"evs":[0.0,-1.66928]},"K7o":{"weight":0.0,"played":[0.9521,0.0479],"evs":[0.0,-0.68652]},"A7o":{"weight":0.0,"played":[0.8802,0.1198],"evs":[0.0,-0.60113]},"82s":{"weight":0.0,"played":[0.2993,0.7007],"evs":[0.0,-0.08979]},"83s":{"weight":0.0,"played":[0.6318,0.3682],"evs":[0.0,-0.47053]},"84s":{"weight":0.0,"played":[0.7114,0.2886],"evs":[0.0,-0.00694]},"85s":{"weight":0.0,"played":[0.5599,0.4401],"evs":[0.0,0.65311]},"86s":{"weight":0.0,"played":[0.4593,0.5407],"evs":[0.0,0.60878]},"87s":{"weight":0.0,"played":[0.474,0.526],"evs":[0.0,0.54047]},"88":{"weight":9.0E-4,"played":[0.0463,0.9537],"evs":[0.0,3.79143]},"98o":{"weight":0.0,"played":[0.1088,0.8912],"evs":[0.0,-0.04953]},"T8o":{"weight":0.0,"played":[0.6519,0.3481],"evs":[0.0,-0.70555]},"J8o":{"weight":0.0,"played":[0.7181,0.2819],"evs":[0.0,0.53776]},"Q8o":{"weight":0.0,"played":[0.1211,0.8789],"evs":[0.0,1.00958]},"K8o":{"weight":0.0,"played":[0.8874,0.1126],"evs":[0.0,-1.00304]},"A8o":{"weight":0.0,"played":[0.2267,0.7733],"evs":[0.0,1.61651]},"92s":{"weight":0.0,"played":[0.1161,0.8839],"evs":[0.0,1.02197]},"93s":{"weight":0.0,"played":[0.6935,0.3065],"evs":[0.0,-1.68607]},"94s":{"weight":0.0,"played":[0.0675,0.9325],"evs":[0.0,-0.49122]},"95s":{"weight":0.0,"played":[0.4771,0.5229],"evs":[0.0,0.07073]},"96s":{"weight":0.0,"played":[0.081,0.919],"evs":[0.0,0.82261]},"97s":{"weight":0.0,"played":[0.8801,0.1199],"evs":[0.0,-2.28621]},"98s":{"weight":0.0,"played":[0.8853,0.1147],"evs":[0.0,-1.91558]},"99":{"weight":0.0,"played":[0.0012,0.9988],"evs":[0.0,5.18445]},"T9o":{"weight":0.0,"played":[0.1204,0.8796],"evs":[0.0,0.30722]},"J9o":{"weight":0.0,"played":[0.2568,0.7432],"evs":[0.0,1.21453]},"Q9o":{"weight":0.0,"played":[0.385,0.615],"evs":[0.0,0.08407]},"K9o":{"weight":0.0,"played":[0.0155,0.9845],"evs":[0.0,0.03806]},"A9o":{"weight":0.0,"played":[0.4025,0.5975],"evs":[0.0,1.27035]},"T2s":{"weight":0.0,"played":[0.2751,0.7249],"evs":[0.0,1.64977]},"T3s":{"weight":0.0,"played":[0.4476,0.5524],"evs":[0.0,0.02025]},"T4s":{"weight":0.0,"played":[0.4701,0.5299],"evs":[0.0,2.26979]},"T5s":{"weight":0.0,"played":[0.0098,0.9902],"evs":[0.0,1.04331]},"T6s":{"weight":0.0,"played":[0.0323,0.9677],"evs":[0.0,1.72878]},"T7s":{"weight":0.0,"played":[0.6596,0.3404],"evs":[0.0,0.10904]},"T8s":{"weight":0.0,"played":[0.0452,0.9548],"evs":[0.0,1.44523]},"T9s":{"weight":0.0,"played":[0.723,0.277],"evs":[0.0,-1.62618]},"TT":{"weight":0.0,"played":[0.0019,0.9981],"evs":[0.0,4.9765]},"JTo":{"weight":0.0,"played":[0.0653,0.9347],"evs":[0.0,0.7825]},"QTo":{"weight":0.0,"played":[0.2344,0.7656],"evs":[0.0,1.7205]},"KTo":{"weight":0.0,"played":[0.0303,0.9697],"evs":[0.0,1.57335]},"ATo":{"weight":1.0E-4,"played":[0.0145,0.9855],"evs":[0.0,2.3577]},"J2s":{"weight":0.0,"played":[0.7995,0.2005],"evs":[0.0,-0.44209]},"J3s":{"weight":0.0,"played":[0.9353,0.0647],"evs":[0.0,-1.0213]},"J4s":{"weight":0.0,"played":[0.2522,0.7478],"evs":[0.0,1.45239]},"J5s":{"weight":0.0,"played":[0.7008,0.2992],"evs":[0.0,-1.45664]},"J6s":{"weight":0.0,"played":[0.4101,0.5899],"evs":[0.0,3.20263]},"J7s":{"weight":0.0,"played":[0.8472,0.1528],"evs":[0.0,-1.96003]},"J8s":{"weight":0.0,"played":[0.2628,0.7372],"evs":[0.0,1.31927]},"J9s":{"weight":0.0,"played":[0.9313,0.0687],"evs":[0.0,-0.89297]},"JTs":{"weight":0.0695,"played":[0.0,1.0],"evs":[0.0,2.43811]},"JJ":{"weight":0.0,"played":[9.0E-4,0.9991],"evs":[0.0,6.74147]},"QJo":{"weight":0.0,"played":[0.0185,0.9815],"evs":[0.0,1.43517]},"KJo":{"weight":0.0,"played":[0.0056,0.9944],"evs":[0.0,0.97588]},"AJo":{"weight":0.0,"played":[0.0034,0.9966],"evs":[0.0,1.60568]},"Q2s":{"weight":0.0,"played":[0.5745,0.4255],"evs":[0.0,-1.44092]},"Q3s":{"weight":0.0,"played":[0.0492,0.9508],"evs":[0.0,3.62336]},"Q4s":{"weight":0.0,"played":[0.719,0.281],"evs":[0.0,-1.53405]},"Q5s":{"weight":0.0,"played":[0.0046,0.9954],"evs":[0.0,1.57951]},"Q6s":{"weight":0.0,"played":[0.4713,0.5287],"evs":[0.0,-1.00872]},"Q7s":{"weight":0.0,"played":[0.9304,0.0696],"evs":[0.0,-2.07774]},"Q8s":{"weight":1.0E-4,"played":[0.8997,0.1003],"evs":[0.0,-0.77561]},"Q9s":{"weight":0.0,"played":[0.7741,0.2259],"evs":[0.0,-2.21596]},"QTs":{"weight":0.9976,"played":[0.3006,0.6994],"evs":[0.0,0.15728]},"QJs":{"weight":0.9989,"played":[0.2153,0.7847],"evs":[0.0,0.02943]},"QQ":{"weight":0.0,"played":[0.0,1.0],"evs":[0.0,8.22765]},"KQo":{"weight":0.2485,"played":[0.2026,0.7974],"evs":[0.0,0.90035]},"AQo":{"weight":0.0,"played":[0.0,1.0],"evs":[0.0,5.25936]},"K2s":{"weight":0.0,"played":[0.9817,0.0183],"evs":[0.0,-1.50848]},"K3s":{"weight":0.0,"played":[0.3539,0.6461],"evs":[0.0,0.34947]},"K4s":{"weight":0.0,"played":[0.3843,0.6157],"evs":[0.0,0.31496]},"K5s":{"weight":0.0,"played":[0.0126,0.9874],"evs":[0.0,0.55957]},"K6s":{"weight":0.0,"played":[0.5102,0.4898],"evs":[0.0,1.6056]},"K7s":{"weight":3.0E-4,"played":[0.0934,0.9066],"evs":[0.0,3.05587]},"K8s":{"weight":0.0,"played":[0.2509,0.7491],"evs":[0.0,-0.67116]},"K9s":{"weight":5.0E-4,"played":[0.0598,0.9402],"evs":[0.0,3.7748]},"KTs":{"weight":0.9999,"played":[0.0528,0.9472],"evs":[0.0,0.51826]},"KJs":{"weight":0.9274,"played":[0.307,0.693],"evs":[0.0,1.4445]},"KQs":{"weight":0.0176,"played":[0.0013,0.9987],"evs":[0.0,1.75252]},"KK":{"weight":0.0,"played":[9.0E-4,0.9991],"evs":[0.0,11.00719]},"AKo":{"weight":0.0,"played":[0.001,0.999],"evs":[0.0,5.51692]},"A2s":{"weight":1.0E-4,"played":[0.0648,0.9352],"evs":[0.0,2.24455]},"A3s":{"weight":2.0E-4,"played":[0.9216,0.0784],"evs":[0.0,-0.626]},"A4s":{"weight":0.0258,"played":[0.0361,0.9639],"evs":[0.0,1.11661]},"A5s":{"weight":0.1331,"played":[0.8827,0.1173],"evs":[0.0,-2.46739]},"A6s":{"weight":0.655,"played":[0.0054,0.9946],"evs":[0.0,0.10081]},"A7s":{"weight":0.0541,"played":[0.9811,0.0189],"evs":[0.0,-2.69589]},"A8s":{"weight":0.0035,"played":[0.9592,0.0408],"evs":[0.0,-0.04912]},"A9s":{"weight":3.0E-4,"played":[0.2928,0.7072],"evs":[0.0,0.95384]},"ATs":{"weight":0.0,"played":[0.1378,0.8622],"evs":[0.0,4.77528]},"AJs":{"weight":7.0E-4,"played":[0.0061,0.9939],"evs":[0.0,4.49309]},"AQs":{"weight":0.0,"played":[0.0017,0.9983],"evs":[0.0,4.01876]},"AKs":{"weight":0.0,"played":[0.0905,0.9095],"evs":[0.0,8.31588]},"AA":{"weight":0.0,"played":[0.0,1.0],"evs":[0.0,13.84161]}}}