{"player":3,"street":0,"children":2,"sequence":[{"player":0,"type":"R","amount":200000,"street":0},{"player":1,"type":"F","amount":0,"street":0},{"player":2,"type":"C","amount":200000,"street":0},{"player":3,"type":"C","amount":200000,"street":0},{"player":4,"type":"R","amount":1085000,"street":0},{"player":5,"type":"F","amount":0,"street":0},{"player":0,"type":"R","amount":1885000,"street":0},{"player":2,"type":"C","amount":1685000,"street":0}],"actions":[{"type":"F","amount":0},{"type":"C","amount":785000}],"hands":{"22":{"weight":0.0,"played":[0.95,0.05],"evs":[0.0,-0.40551]},"32o":{"weight":0.0,"played":[1.0,0.0],"evs":[0.0,-2.10812]},"42o":{"weight":0.0,"played":[1.0,0.0],"evs":[0.0,-1.94777]},"52o":{"weight":0.0,"played":[1.0,0.0],"evs":[0.0,-1.57259]},"62o":{"weight":0.0,"played":[1.0,0.0],"evs":[0.0,-1.93347]},"72o":{"weight":0.0,"played":[1.0,0.0],"evs":[0.0,-2.45584]},"82o":{"weight":0.0,"played":[1.0,0.0],"evs":[0.0,-2.22992]},"92o":{"weight":0.0,"played":[1.0,0.0],"evs":[0.0,-2.3984]},"T2o":{"weight":0.0,"played":[1.0,0.0],"evs":[0.0,-2.4049]},"J2o":{"weight":0.0,"played":[1.0,0.0],"evs":[0.0,-2.46088]},"Q2o":{"weight":0.0,"played":[1.0,0.0],"evs":[0.0,-1.83822]},"K2o":{"weight":0.0,"played":[0.9997,3.0E-4],"evs":[0.0,-2.29209]},"A2o":{"weight":0.0,"played":[1.0,0.0],"evs":[0.0,-1.72905]},"32s":{"weight":0.0,"played":[1.0,0.0],"evs":[0.0,-0.9977]},"33":{"weight":1.0E-4,"played":[0.0956,0.9044],"evs":[0.0,0.38894]},"43o":{"weight":0.0,"played":[0.9993,7.0E-4],"evs":[0.0,-1.41294]},"53o":{"weight":0.0,"played":[1.0,0.0],"evs":[0.0,-1.28732]},"63o":{"weight":0.0,"played":[1.0,0.0],"evs":[0.0,-1.53764]},"73o":{"weight":0.0,"played":[1.0,0.0],"evs":[0.0,-1.82163]},"83o":{"weight":0.0,"played":[1.0,0.0],"evs":[0.0,-2.32783]},"93o":{"weight":0.0,"played":[1.0,0.0],"evs":[0.0,-2.32091]},"T3o":{"weight":0.0,"played":[1.0,0.0],"evs":[0.0,-2.54841]},"J3o":{"weight":0.0,"played":[1.0,0.0],"evs":[0.0,-2.21937]},"Q3o":{"weight":0.0,"played":[1.0,0.0],"evs":[0.0,-1.8237]},"K3o":{"weight":0.0,"played":[1.0,0.0],"evs":[0.0,-1.7609]},"A3o":{"weight":0.0,"played":[0.9993,7.0E-4],"evs":[0.0,-1.35938]},"42s":{"weight":0.0,"played":[0.9984,0.0016],"evs":[0.0,-0.65804]},"43s":{"weight":0.0,"played":[0.8737,0.1263],"evs":[0.0,-0.48288]},"44":{"weight":0.4598,"played":[2.0E-4,0.9998],"evs":[0.0,0.5082]},"54o":{"weight":0.0,"played":[0.9916,0.0084],"evs":[0.0,-0.77053]},"64o":{"weight":0.0,"played":[1.0,0.0],"evs":[0.0,-1.13517]},"74o":{"weight":0.0,"played":[0.9991,9.0E-4],"evs":[0.0,-1.21907]},"84o":{"weight":0.0,"played":[1.0,0.0],"evs":[0.0,-1.66582]},"94o":{"weight":0.0,"played":[1.0,0.0],"evs":[0.0,-2.40839]},"T4o":{"weight":0.0,"played":[1.0,0.0],"evs":[0.0,-1.95631]},"J4o":{"weight":0.0,"played":[1.0,0.0],"evs":[0.0,-2.12836]},"Q4o":{"weight":0.0,"played":[1.0,0.0],"evs":[0.0,-1.4223]},"K4o":{"weight":0.0,"played":[0.9998,2.0E-4],"evs":[0.0,-1.37942]},"A4o":{"weight":0.0,"played":[0.9997,3.0E-4],"evs":[0.0,-1.34502]},"52s":{"weight":0.0,"played":[0.6761,0.3239],"evs":[0.0,-0.18611]},"53s":{"weight":0.0,"played":[0.8795,0.1205],"evs":[0.0,-0.07674]},"54s":{"weight":0.0,"played":[0.0588,0.9412],"evs":[0.0,0.27027]},"55":{"weight":0.0013,"played":[1.0E-4,0.9999],"evs":[0.0,0.88522]},"65o":{"weight":0.0,"played":[0.9788,0.0212],"evs":[0.0,-0.69169]},"75o":{"weight":0.0,"played":[0.9997,3.0E-4],"evs":[0.0,-0.89372]},"85o":{"weight":0.0,"played":[1.0,0.0],"evs":[0.0,-1.08981]},"95o":{"weight":0.0,"played":[1.0,0.0],"evs":[0.0,-1.82721]},"T5o":{"weight":0.0,"played":[1.0,0.0],"evs":[0.0,-2.02781]},"J5o":{"weight":0.0,"played":[1.0,0.0],"evs":[0.0,-1.93778]},"Q5o":{"weight":0.0,"played":[1.0,0.0],"evs":[0.0,-1.30402]},"K5o":{"weight":0.0,"played":[1.0,0.0],"evs":[0.0,-1.47243]},"A5o":{"weight":0.0,"played":[0.9958,0.0042],"evs":[0.0,-1.07041]},"62s":{"weight":0.0,"played":[0.99,0.01],"evs":[0.0,-0.88074]},"63s":{"weight":0.0,"played":[0.955,0.045],"evs":[0.0,-0.57142]},"64s":{"weight":0.0,"played":[0.0088,0.9912],"evs":[0.0,0.02913]},"65s":{"weight":0.0,"played":[0.0,1.0],"evs":[0.0,0.76027]},"66":{"weight":0.0,"played":[0.0011,0.9989],"evs":[0.0,1.48505]},"76o":{"weight":0.0,"played":[1.0,0.0],"evs":[0.0,-0.30122]},"86o":{"weight":0.0,"played":[1.0,0.0],"evs":[0.0,-0.85366]},"96o":{"weight":0.0,"played":[1.0,0.0],"evs":[0.0,-1.39148]},"T6o":{"weight":0.0,"played":[1.0,0.0],"evs":[0.0,-1.50511]},"J6o":{"weight":0.0,"played":[0.9999,1.0E-4],"evs":[0.0,-1.84176]},"Q6o":{"weight":0.0,"played":[0.9999,1.0E-4],"evs":[0.0,-1.18859]},"K6o":{"weight":0.0,"played":[1.0,0.0],"evs":[0.0,-1.12471]},"A6o":{"weight":0.0,"played":[1.0,0.0],"evs":[0.0,-1.14786]},"72s":{"weight":0.0,"played":[0.9988,0.0012],"evs":[0.0,-0.91607]},"73s":{"weight":0.0,"played":[0.9996,4.0E-4],"evs":[0.0,-0.69409]},"74s":{"weight":0.0,"played":[0.7827,0.2173],"evs":[0.0,-0.22433]},"75s":{"weight":0.0,"played":[0.0442,0.9558],"evs":[0.0,0.49832]},"76s":{"weight":0.0,"played":[0.0076,0.9924],"evs":[0.0,1.01743]},"77":{"weight":1.0E-4,"played":[0.0,1.0],"evs":[0.0,1.88]},"87o":{"weight":0.0,"played":[0.9935,0.0065],"evs":[0.0,-0.46669]},"97o":{"weight":0.0,"played":[0.9981,0.0019],"evs":[0.0,-0.99556]},"T7o":{"weight":0.0,"played":[0.9992,8.0E-4],"evs":[0.0,-1.06459]},"J7o":{"weight":0.0,"played":[0.9989,0.0011],"evs":[0.0,-1.43656]},"Q7o":{"weight":0.0,"played":[1.0,0.0],"evs":[0.0,-1.2272]},"K7o":{"weight":0.0,"played":[0.9997,3.0E-4],"evs":[0.0,-1.18375]},"A7o":{"weight":0.0,"played":[0.9999,1.0E-4],"evs":[0.0,-1.14309]},"82s":{"weight":0.0,"played":[0.9968,0.0032],"evs":[0.0,-0.9962]},"83s":{"weight":0.0,"played":[0.9999,1.0E-4],"evs":[0.0,-0.70189]},"84s":{"weight":0.0,"played":[0.9997,3.0E-4],"evs":[0.0,-0.46204]},"85s":{"weight":0.0,"played":[0.4929,0.5071],"evs":[0.0,-0.00342]},"86s":{"weight":0.0,"played":[0.5127,0.4873],"evs":[0.0,0.27294]},"87s":{"weight":0.0,"played":[9.0E-4,0.9991],"evs":[0.0,0.59913]},"88":{"weight":9.0E-4,"played":[0.0,1.0],"evs":[0.0,2.19536]},"98o":{"weight":0.0,"played":[0.9976,0.0024],"evs":[0.0,-0.57188]},"T8o":{"weight":0.0,"played":[0.9987,0.0013],"evs":[0.0,-0.70443]},"J8o":{"weight":0.0,"played":[1.0,0.0],"evs":[0.0,-0.92366]},"Q8o":{"weight":0.0,"played":[0.9995,5.0E-4],"evs":[0.0,-0.76357]},"K8o":{"weight":0.0,"played":[1.0,0.0],"evs":[0.0,-1.11655]},"A8o":{"weight":0.0,"played":[0.9987,0.0013],"evs":[0.0,-0.70159]},"92s":{"weight":0.0,"played":[0.9997,3.0E-4],"evs":[0.0,-1.33621]},"93s":{"weight":0.0,"played":[0.9989,0.0011],"evs":[0.0,-1.57052]},"94s":{"weight":0.0,"played":[0.9748,0.0252],"evs":[0.0,-0.8002]},"95s":{"weight":0.0,"played":[0.9746,0.0254],"evs":[0.0,-0.73151]},"96s":{"weight":0.0,"played":[0.6931,0.3069],"evs":[0.0,0.08478]},"97s":{"weight":0.0,"played":[0.0162,0.9838],"evs":[0.0,0.30206]},"98s":{"weight":0.0,"played":[2.0E-4,0.9998],"evs":[0.0,0.50697]},"99":{"weight":0.0,"played":[0.0,1.0],"evs":[0.0,3.02476]},"T9o":{"weight":0.0,"played":[0.9907,0.0093],"evs":[0.0,-0.33902]},"J9o":{"weight":0.0,"played":[0.9999,1.0E-4],"evs":[0.0,-0.81778]},"Q9o":{"weight":0.0,"played":[1.0,0.0],"evs":[0.0,-0.5113]},"K9o":{"weight":0.0,"played":[1.0,0.0],"evs":[0.0,-0.93393]},"A9o":{"weight":0.0,"played":[0.9558,0.0442],"evs":[0.0,-0.81438]},"T2s":{"weight":0.0,"played":[0.9998,2.0E-4],"evs":[0.0,-1.14824]},"T3s":{"weight":0.0,"played":[1.0,0.0],"evs":[0.0,-1.14371]},"T4s":{"weight":0.0,"played":[0.9346,0.0654],"evs":[0.0,-1.06107]},"T5s":{"weight":0.0,"played":[0.9483,0.0517],"evs":[0.0,-0.63459]},"T6s":{"weight":0.0,"played":[0.8782,0.1218],"evs":[0.0,-0.54623]},"T7s":{"weight":0.0,"played":[0.4442,0.5558],"evs":[0.0,0.00242]},"T8s":{"weight":0.0,"played":[0.204,0.796],"evs":[0.0,0.20128]},"T9s":{"weight":0.0,"played":[0.0047,0.9953],"evs":[0.0,0.45231]},"TT":{"weight":0.0,"played":[0.0,1.0],"evs":[0.0,3.8092]},"JTo":{"weight":0.0,"played":[0.9342,0.0658],"evs":[0.0,-0.75529]},"QTo":{"weight":0.0,"played":[0.594,0.406],"evs":[0.0,0.13366]},"KTo":{"weight":0.0,"played":[0.8435,0.1565],"evs":[0.0,-0.18751]},"ATo":{"weight":1.0E-4,"played":[0.0117,0.9883],"evs":[0.0,0.39945]},"J2s":{"weight":0.0,"played":[0.9966,0.0034],"evs":[0.0,-0.94697]},"J3s":{"weight":0.0,"played":[0.9615,0.0385],"evs":[0.0,-1.13928]},"J4s":{"weight":0.0,"played":[0.9999,1.0E-4],"evs":[0.0,-0.97856]},"J5s":{"weight":0.0,"played":[0.9964,0.0036],"evs":[0.0,-0.89632]},"J6s":{"weight":0.0,"played":[1.0,0.0],"evs":[0.0,-0.8867]},"J7s":{"weight":0.0,"played":[0.1509,0.8491],"evs":[0.0,0.41862]},"J8s":{"weight":0.0,"played":[0.5491,0.4509],"evs":[0.0,-0.08394]},"J9s":{"weight":0.0,"played":[0.0173,0.9827],"evs":[0.0,0.31536]},"JTs":{"weight":0.0695,"played":[1.0E-4,0.9999],"evs":[0.0,0.95363]},"JJ":{"weight":0.0,"played":[0.0,1.0],"evs":[0.0,5.70222]},"QJo":{"weight":0.0,"played":[0.0022,0.9978],"evs":[0.0,0.48406]},"KJo":{"weight":0.0,"played":[0.0054,0.9946],"evs":[0.0,0.34307]},"AJo":{"weight":0.0,"played":[0.0,1.0],"evs":[0.0,1.23898]},"Q2s":{"weight":0.0,"played":[0.9877,0.0123],"evs":[0.0,-0.73101]},"Q3s":{"weight":0.0,"played":[0.97,0.03],"evs":[0.0,-0.58264]},"Q4s":{"weight":0.0,"played":[0.9196,0.0804],"evs":[0.0,-0.44042]},"Q5s":{"weight":0.0,"played":[0.3176,0.6824],"evs":[0.0,-0.24379]},"Q6s":{"weight":0.0,"played":[0.4389,0.5611],"evs":[0.0,-0.10054]},"Q7s":{"weight":0.0,"played":[0.9556,0.0444],"evs":[0.0,-0.28311]},"Q8s":{"weight":1.0E-4,"played":[0.027,0.973],"evs":[0.0,0.82579]},"Q9s":{"weight":0.0,"played":[0.0137,0.9863],"evs":[0.0,0.52932]},"QTs":{"weight":0.9976,"played":[6.0E-4,0.9994],"evs":[0.0,1.0705]},"QJs":{"weight":0.9989,"played":[0.0022,0.9978],"evs":[0.0,1.32832]},"QQ":{"weight":0.0,"played":[0.0,1.0],"evs":[0.0,7.42261]},"KQo":{"weight":0.2485,"played":[0.0,1.0],"evs":[0.0,1.44956]},"AQo":{"weight":0.0,"played":[0.0,1.0],"evs":[0.0,1.86747]},"K2s":{"weight":0.0,"played":[0.9794,0.0206],"evs":[0.0,-0.95026]},"K3s":{"weight":0.0,"played":[0.9492,0.0508],"evs":[0.0,-0.56213]},"K4s":{"weight":0.0,"played":[0.9505,0.0495],"evs":[0.0,-0.31249]},"K5s":{"weight":0.0,"played":[0.4989,0.5011],"evs":[0.0,-0.15392]},"K6s":{"weight":0.0,"played":[0.7859,0.2141],"evs":[0.0,-0.42544]},"K7s":{"weight":3.0E-4,"played":[0.1702,0.8298],"evs":[0.0,0.10524]},"K8s":{"weight":0.0,"played":[0.592,0.408],"evs":[0.0,0.03619]},"K9s":{"weight":5.0E-4,"played":[0.2798,0.7202],"evs":[0.0,-2.3E-4]},"KTs":{"weight":0.9999,"played":[2.0E-4,0.9998],"evs":[0.0,1.361]},"KJs":{"weight":0.9274,"played":[2.0E-4,0.9998],"evs":[0.0,1.48631]},"KQs":{"weight":0.0176,"played":[0.0,1.0],"evs":[0.0,2.367]},"KK":{"weight":0.0,"played":[0.0,1.0],"evs":[0.0,9.72169]},"AKo":{"weight":0.0,"played":[0.0,1.0],"evs":[0.0,2.8955]},"A2s":{"weight":1.0E-4,"played":[0.7216,0.2784],"evs":[0.0,-0.25745]},"A3s":{"weight":2.0E-4,"played":[0.1227,0.8773],"evs":[0.0,0.1677]},"A4s":{"weight":0.0258,"played":[0.4242,0.5758],"evs":[0.0,0.17103]},"A5s":{"weight":0.1331,"played":[0.1317,0.8683],"evs":[0.0,0.43045]},"A6s":{"weight":0.655,"played":[0.7085,0.2915],"evs":[0.0,-0.08494]},"A7s":{"weight":0.0541,"played":[0.0819,0.9181],"evs":[0.0,0.46822]},"A8s":{"weight":0.0035,"played":[0.2648,0.7352],"evs":[0.0,0.09901]},"A9s":{"weight":3.0E-4,"played":[0.0095,0.9905],"evs":[0.0,1.27209]},"ATs":{"weight":0.0,"played":[2.0E-4,0.9998],"evs":[0.0,1.68445]},"AJs":{"weight":7.0E-4,"played":[0.0,1.0],"evs":[0.0,2.93639]},"AQs":{"weight":0.0,"played":[0.0,1.0],"evs":[0.0,3.68342]},"AKs":{"weight":0.0,"played":[0.0,1.0],"evs":[0.0,4.1462]},"AA":{"weight":0.0,"played":[0.0,1.0],"evs":[0.0,13.89364]}}}