{"player":0,"street":0,"children":2,"sequence":[{"player":0,"type":"R","amount":200000,"street":0},{"player":1,"type":"F","amount":0,"street":0},{"player":2,"type":"C","amount":200000,"street":0},{"player":3,"type":"C","amount":200000,"street":0},{"player":4,"type":"R","amount":1085000,"street":0},{"player":5,"type":"R","amount":1985000,"street":0}],"actions":[{"type":"F","amount":0,"node":284},{"type":"C","amount":1785000,"node":287}],"hands":{"22":{"weight":0.9999,"played":[0.0993,0.9007],"evs":[0.0,2.30469]},"32o":{"weight":0.0,"played":[0.9991,9.0E-4],"evs":[0.0,-3.07844]},"42o":{"weight":0.0,"played":[0.9723,0.0277],"evs":[0.0,-2.92992]},"52o":{"weight":0.0,"played":[0.853,0.147],"evs":[0.0,-3.205]},"62o":{"weight":0.0,"played":[0.6003,0.3997],"evs":[0.0,-1.50866]},"72o":{"weight":0.0,"played":[0.7503,0.2497],"evs":[0.0,-2.82382]},"82o":{"weight":0.0,"played":[0.9648,0.0352],"evs":[0.0,-4.98652]},"92o":{"weight":0.0,"played":[0.9997,3.0E-4],"evs":[0.0,-3.41007]},"T2o":{"weight":0.0,"played":[0.6755,0.3245],"evs":[0.0,-2.10282]},"J2o":{"weight":0.0,"played":[0.9938,0.0062],"evs":[0.0,-4.91302]},"Q2o":{"weight":0.0,"played":[0.9856,0.0144],"evs":[0.0,-3.44337]},"K2o":{"weight":0.0,"played":[0.9163,0.0837],"evs":[0.0,-3.71657]},"A2o":{"weight":0.0,"played":[0.9572,0.0428],"evs":[0.0,-1.20017]},"32s":{"weight":0.0,"played":[0.5905,0.4095],"evs":[0.0,1.5249]},"33":{"weight":1.0,"played":[0.1067,0.8933],"evs":[0.0,3.76945]},"43o":{"weight":0.0,"played":[0.9914,0.0086],"evs":[0.0,-1.95921]},"53o":{"weight":0.0,"played":[0.8068,0.1932],"evs":[0.0,-1.70134]},"63o":{"weight":0.0,"played":[0.8706,0.1294],"evs":[0.0,-0.8095]},"73o":{"weight":0.0,"played":[0.9231,0.0769],"evs":[0.0,-1.84481]},"83o":{"weight":0.0,"played":[0.9682,0.0318],"evs":[0.0,-2.70691]},"93o":{"weight":0.0,"played":[0.9505,0.0495],"evs":[0.0,-3.16672]},"T3o":{"weight":0.0,"played":[0.9831,0.0169],"evs":[0.0,-4.43382]},"J3o":{"weight":0.0,"played":[0.9858,0.0142],"evs":[0.0,-0.58565]},"Q3o":{"weight":0.0,"played":[0.9694,0.0306],"evs":[0.0,-2.267]},"K3o":{"weight":0.0,"played":[0.4099,0.5901],"evs":[0.0,0.59025]},"A3o":{"weight":0.0,"played":[0.3599,0.6401],"evs":[0.0,0.96693]},"42s":{"weight":0.0,"played":[0.3137,0.6863],"evs":[0.0,-0.59492]},"43s":{"weight":0.0,"played":[0.8531,0.1469],"evs":[0.0,-0.14947]},"44":{"weight":1.0,"played":[0.0154,0.9846],"evs":[0.0,6.12669]},"54o":{"weight":0.0,"played":[0.0127,0.9873],"evs":[0.0,0.55327]},"64o":{"weight":0.0,"played":[0.8868,0.1132],"evs":[0.0,-0.4992]},"74o":{"weight":0.0,"played":[0.6257,0.3743],"evs":[0.0,-0.85427]},"84o":{"weight":0.0,"played":[0.9731,0.0269],"evs":[0.0,-1.28518]},"94o":{"weight":0.0,"played":[0.5955,0.4045],"evs":[0.0,-1.02611]},"T4o":{"weight":0.0,"played":[0.8771,0.1229],"evs":[0.0,-0.95653]},"J4o":{"weight":0.0,"played":[0.9682,0.0318],"evs":[0.0,-3.30076]},"Q4o":{"weight":0.0,"played":[0.9977,0.0023],"evs":[0.0,-2.41344]},"K4o":{"weight":0.0,"played":[0.987,0.013],"evs":[0.0,-5.57792]},"A4o":{"weight":0.0,"played":[0.2877,0.7123],"evs":[0.0,0.56669]},"52s":{"weight":0.0,"played":[0.0332,0.9668],"evs":[0.0,1.39884]},"53s":{"weight":0.0,"played":[0.3187,0.6813],"evs":[0.0,0.0908]},"54s":{"weight":0.0,"played":[0.1275,0.8725],"evs":[0.0,5.43539]},"55":{"weight":1.0,"played":[0.002,0.998],"evs":[0.0,5.86312]},"65o":{"weight":0.0,"played":[0.5376,0.4624],"evs":[0.0,-0.94104]},"75o":{"weight":0.0,"played":[0.9123,0.0877],"evs":[0.0,-0.30208]},"85o":{"weight":0.0,"played":[0.6987,0.3013],"evs":[0.0,-2.0027]},"95o":{"weight":0.0,"played":[0.9975,0.0025],"evs":[0.0,-0.69003]},"T5o":{"weight":0.0,"played":[0.9786,0.0214],"evs":[0.0,-4.24681]},"J5o":{"weight":0.0,"played":[0.9314,0.0686],"evs":[0.0,-1.02616]},"Q5o":{"weight":0.0,"played":[0.7284,0.2716],"evs":[0.0,-0.37851]},"K5o":{"weight":0.0,"played":[0.8841,0.1159],"evs":[0.0,-2.1592]},"A5o":{"weight":0.9983,"played":[0.2985,0.7015],"evs":[0.0,0.70066]},"62s":{"weight":0.0,"played":[0.878,0.122],"evs":[0.0,-1.69475]},"63s":{"weight":0.0,"played":[0.2541,0.7459],"evs":[0.0,0.24536]},"64s":{"weight":0.0,"played":[0.2433,0.7567],"evs":[0.0,1.96901]},"65s":{"weight":0.9823,"played":[0.0036,0.9964],"evs":[0.0,4.65922]},"66":{"weight":1.0,"played":[0.0,1.0],"evs":[0.0,6.2903]},"76o":{"weight":0.0,"played":[0.1311,0.8689],"evs":[0.0,2.59279]},"86o":{"weight":0.0,"played":[0.0758,0.9242],"evs":[0.0,1.77085]},"96o":{"weight":0.0,"played":[0.0163,0.9837],"evs":[0.0,3.06329]},"T6o":{"weight":0.0,"played":[0.9069,0.0931],"evs":[0.0,-0.83733]},"J6o":{"weight":0.0,"played":[0.9291,0.0709],"evs":[0.0,-2.84631]},"Q6o":{"weight":0.0,"played":[0.8679,0.1321],"evs":[0.0,-1.75795]},"K6o":{"weight":0.0,"played":[0.9265,0.0735],"evs":[0.0,-2.21162]},"A6o":{"weight":0.0,"played":[0.7213,0.2787],"evs":[0.0,-2.18471]},"72s":{"weight":0.0,"played":[0.7268,0.2732],"evs":[0.0,-3.10841]},"73s":{"weight":0.0,"played":[0.7562,0.2438],"evs":[0.0,0.66876]},"74s":{"weight":0.0,"played":[0.0313,0.9687],"evs":[0.0,2.36547]},"75s":{"weight":0.0,"played":[0.456,0.544],"evs":[0.0,1.53847]},"76s":{"weight":0.9999,"played":[0.0285,0.9715],"evs":[0.0,1.07478]},"77":{"weight":1.0,"played":[1.0E-4,0.9999],"evs":[0.0,6.96543]},"87o":{"weight":0.0,"played":[0.5577,0.4423],"evs":[0.0,-0.87204]},"97o":{"weight":0.0,"played":[0.4096,0.5904],"evs":[0.0,0.00621]},"T7o":{"weight":0.0,"played":[0.6627,0.3373],"evs":[0.0,-0.95945]},"J7o":{"weight":0.0,"played":[0.921,0.079],"evs":[0.0,-1.90478]},"Q7o":{"weight":0.0,"played":[0.8887,0.1113],"evs":[0.0,-3.27009]},"K7o":{"weight":0.0,"played":[0.9333,0.0667],"evs":[0.0,0.08709]},"A7o":{"weight":1.0,"played":[0.0085,0.9915],"evs":[0.0,1.76341]},"82s":{"weight":0.0,"played":[0.9123,0.0877],"evs":[0.0,-2.13757]},"83s":{"weight":0.0,"played":[0.9185,0.0815],"evs":[0.0,-2.57595]},"84s":{"weight":0.0,"played":[0.5578,0.4422],"evs":[0.0,0.6974]},"85s":{"weight":0.0,"played":[0.646,0.354],"evs":[0.0,0.40785]},"86s":{"weight":0.7689,"played":[0.0171,0.9829],"evs":[0.0,4.88291]},"87s":{"weight":0.9999,"played":[0.0676,0.9324],"evs":[0.0,1.96436]},"88":{"weight":0.9998,"played":[1.0E-4,0.9999],"evs":[0.0,8.60762]},"98o":{"weight":0.0,"played":[0.1001,0.8999],"evs":[0.0,1.38762]},"T8o":{"weight":0.0,"played":[0.8472,0.1528],"evs":[0.0,-1.99772]},"J8o":{"weight":0.0,"played":[0.3596,0.6404],"evs":[0.0,0.42891]},"Q8o":{"weight":0.0,"played":[0.7603,0.2397],"evs":[0.0,-0.45836]},"K8o":{"weight":0.0,"played":[0.0079,0.9921],"evs":[0.0,0.4869]},"A8o":{"weight":1.0,"played":[4.0E-4,0.9996],"evs":[0.0,3.28829]},"92s":{"weight":0.0,"played":[0.0055,0.9945],"evs":[0.0,1.61376]},"93s":{"weight":0.0,"played":[0.9565,0.0435],"evs":[0.0,-3.43234]},"94s":{"weight":0.0,"played":[0.0886,0.9114],"evs":[0.0,0.33643]},"95s":{"weight":0.0,"played":[0.5219,0.4781],"evs":[0.0,-0.93124]},"96s":{"weight":0.0,"played":[0.3441,0.6559],"evs":[0.0,1.71245]},"97s":{"weight":0.9998,"played":[0.0292,0.9708],"evs":[0.0,2.65522]},"98s":{"weight":1.0,"played":[0.0111,0.9889],"evs":[0.0,2.26828]},"99":{"weight":1.0,"played":[0.0,1.0],"evs":[0.0,8.69311]},"T9o":{"weight":0.0,"played":[0.9264,0.0736],"evs":[0.0,-1.45082]},"J9o":{"weight":0.0,"played":[0.8996,0.1004],"evs":[0.0,-1.46989]},"Q9o":{"weight":0.0,"played":[0.0992,0.9008],"evs":[0.0,0.56239]},"K9o":{"weight":0.0,"played":[0.5441,0.4559],"evs":[0.0,-0.27107]},"A9o":{"weight":1.0,"played":[0.0049,0.9951],"evs":[0.0,1.2523]},"T2s":{"weight":0.0,"played":[0.3367,0.6633],"evs":[0.0,2.28744]},"T3s":{"weight":0.0,"played":[0.6301,0.3699],"evs":[0.0,-2.46301]},"T4s":{"weight":0.0,"played":[0.2204,0.7796],"evs":[0.0,1.84586]},"T5s":{"weight":0.0,"played":[0.7683,0.2317],"evs":[0.0,-2.27904]},"T6s":{"weight":0.0,"played":[0.2161,0.7839],"evs":[0.0,0.92685]},"T7s":{"weight":0.9993,"played":[0.0444,0.9556],"evs":[0.0,1.26434]},"T8s":{"weight":1.0,"played":[0.0438,0.9562],"evs":[0.0,2.11077]},"T9s":{"weight":1.0,"played":[0.0011,0.9989],"evs":[0.0,1.65363]},"TT":{"weight":1.0,"played":[1.0E-4,0.9999],"evs":[0.0,10.775]},"JTo":{"weight":1.0,"played":[0.4529,0.5471],"evs":[0.0,0.24729]},"QTo":{"weight":1.0,"played":[0.0029,0.9971],"evs":[0.0,1.52911]},"KTo":{"weight":1.0,"played":[0.6261,0.3739],"evs":[0.0,-0.45399]},"ATo":{"weight":1.0,"played":[0.0216,0.9784],"evs":[0.0,4.31776]},"J2s":{"weight":0.0,"played":[0.4171,0.5829],"evs":[0.0,-0.32581]},"J3s":{"weight":0.0,"played":[0.6415,0.3585],"evs":[0.0,-0.03484]},"J4s":{"weight":0.0,"played":[0.4784,0.5216],"evs":[0.0,0.3394]},"J5s":{"weight":0.0,"played":[0.5449,0.4551],"evs":[0.0,1.71156]},"J6s":{"weight":0.0,"played":[0.0094,0.9906],"evs":[0.0,0.16928]},"J7s":{"weight":0.0,"played":[0.4237,0.5763],"evs":[0.0,3.54097]},"J8s":{"weight":1.0,"played":[0.2415,0.7585],"evs":[0.0,0.2597]},"J9s":{"weight":1.0,"played":[0.102,0.898],"evs":[0.0,0.73622]},"JTs":{"weight":1.0,"played":[0.0239,0.9761],"evs":[0.0,2.01815]},"JJ":{"weight":1.0,"played":[3.0E-4,0.9997],"evs":[0.0,14.6344]},"QJo":{"weight":1.0,"played":[0.028,0.972],"evs":[0.0,1.41418]},"KJo":{"weight":1.0,"played":[0.0059,0.9941],"evs":[0.0,1.72174]},"AJo":{"weight":1.0,"played":[7.0E-4,0.9993],"evs":[0.0,4.91861]},"Q2s":{"weight":0.0,"played":[0.6287,0.3713],"evs":[0.0,0.55464]},"Q3s":{"weight":0.0,"played":[0.487,0.513],"evs":[0.0,1.28341]},"Q4s":{"weight":0.0,"played":[0.1564,0.8436],"evs":[0.0,-0.36466]},"Q5s":{"weight":0.0,"played":[0.2961,0.7039],"evs":[0.0,3.8461]},"Q6s":{"weight":0.0,"played":[0.3463,0.6537],"evs":[0.0,-1.0948]},"Q7s":{"weight":0.1057,"played":[0.9421,0.0579],"evs":[0.0,0.74999]},"Q8s":{"weight":1.0,"played":[0.1096,0.8904],"evs":[0.0,0.2171]},"Q9s":{"weight":1.0,"played":[0.0,1.0],"evs":[0.0,4.55051]},"QTs":{"weight":1.0,"played":[0.0235,0.9765],"evs":[0.0,4.36961]},"QJs":{"weight":1.0,"played":[0.0221,0.9779],"evs":[0.0,5.63122]},"QQ":{"weight":1.0,"played":[1.0E-4,0.9999],"evs":[0.0,18.30851]},"KQo":{"weight":0.9999,"played":[0.0097,0.9903],"evs":[0.0,1.03893]},"AQo":{"weight":0.9998,"played":[0.0,1.0],"evs":[0.0,5.84338]},"K2s":{"weight":0.0,"played":[0.8336,0.1664],"evs":[0.0,-2.77171]},"K3s":{"weight":0.0,"played":[0.6722,0.3278],"evs":[0.0,-1.39361]},"K4s":{"weight":0.0591,"played":[0.5659,0.4341],"evs":[0.0,-0.46877]},"K5s":{"weight":1.0,"played":[0.4708,0.5292],"evs":[0.0,-0.74528]},"K6s":{"weight":1.0,"played":[0.0814,0.9186],"evs":[0.0,1.33605]},"K7s":{"weight":1.0,"played":[0.0571,0.9429],"evs":[0.0,4.33362]},"K8s":{"weight":1.0,"played":[0.0012,0.9988],"evs":[0.0,3.61297]},"K9s":{"weight":1.0,"played":[0.0068,0.9932],"evs":[0.0,2.22064]},"KTs":{"weight":0.9999,"played":[0.0,1.0],"evs":[0.0,7.37566]},"KJs":{"weight":1.0,"played":[0.0,1.0],"evs":[0.0,5.43055]},"KQs":{"weight":1.0,"played":[0.0023,0.9977],"evs":[0.0,7.42946]},"KK":{"weight":1.0,"played":[0.0,1.0],"evs":[0.0,23.59567]},"AKo":{"weight":1.0,"played":[0.0025,0.9975],"evs":[0.0,5.73153]},"A2s":{"weight":1.0,"played":[8.0E-4,0.9992],"evs":[0.0,0.64069]},"A3s":{"weight":1.0,"played":[0.0093,0.9907],"evs":[0.0,5.21649]},"A4s":{"weight":1.0,"played":[0.0065,0.9935],"evs":[0.0,4.55702]},"A5s":{"weight":1.0,"played":[0.048,0.952],"evs":[0.0,5.77162]},"A6s":{"weight":1.0,"played":[0.0947,0.9053],"evs":[0.0,3.84439]},"A7s":{"weight":1.0,"played":[0.0029,0.9971],"evs":[0.0,1.515]},"A8s":{"weight":1.0,"played":[0.0188,0.9812],"evs":[0.0,5.28996]},"A9s":{"weight":1.0,"played":[9.0E-4,0.9991],"evs":[0.0,5.01743]},"ATs":{"weight":1.0,"played":[0.0056,0.9944],"evs":[0.0,6.75294]},"AJs":{"weight":1.0,"played":[6.0E-4,0.9994],"evs":[0.0,7.4781]},"AQs":{"weight":1.0,"played":[9.0E-4,0.9991],"evs":[0.0,12.33992]},"AKs":{"weight":1.0,"played":[0.0,1.0],"evs":[0.0,9.10122]},"AA":{"weight":1.0,"played":[0.0,1.0],"evs":[0.0,32.25938]}}}