{"player":3,"street":0,"children":2,"sequence":[{"player":0,"type":"R","amount":200000,"street":0},{"player":1,"type":"F","amount":0,"street":0},{"player":2,"type":"C","amount":200000,"street":0},{"player":3,"type":"C","amount":200000,"street":0},{"player":4,"type":"R","amount":1085000,"street":0},{"player":5,"type":"R","amount":1985000,"street":0},{"player":0,"type":"F","amount":0,"street":0},{"player":2,"type":"F","amount":0,"street":0}],"actions":[{"type":"F","amount":0},{"type":"C","amount":785000}],"hands":{"22":{"weight":0.0,"played":[0.6798,0.3202],"evs":[0.0,-2.42092]},"32o":{"weight":0.0,"played":[0.3622,0.6378],"evs":[0.0,-0.04335]},"42o":{"weight":0.0,"played":[0.9269,0.0731],"evs":[0.0,0.17036]},"52o":{"weight":0.0,"played":[0.7678,0.2322],"evs":[0.0,-0.80635]},"62o":{"weight":0.0,"played":[0.8737,0.1263],"evs":[0.0,-2.97262]},"72o":{"weight":0.0,"played":[0.7808,0.2192],"evs":[0.0,-3.48253]},"82o":{"weight":0.0,"played":[0.6718,0.3282],"evs":[0.0,-1.81449]},"92o":{"weight":0.0,"played":[0.9857,0.0143],"evs":[0.0,-3.00737]},"T2o":{"weight":0.0,"played":[1.0,0.0],"evs":[0.0,-2.68957]},"J2o":{"weight":0.0,"played":[1.0,0.0],"evs":[0.0,-1.12187]},"Q2o":{"weight":0.0,"played":[0.575,0.425],"evs":[0.0,-2.96063]},"K2o":{"weight":0.0,"played":[0.0545,0.9455],"evs":[0.0,0.36639]},"A2o":{"weight":0.0,"played":[0.4058,0.5942],"evs":[0.0,0.26698]},"32s":{"weight":0.0,"played":[0.6443,0.3557],"evs":[0.0,3.81838]},"33":{"weight":1.0E-4,"played":[0.2688,0.7312],"evs":[0.0,0.10781]},"43o":{"weight":0.0,"played":[0.9882,0.0118],"evs":[0.0,-3.5926]},"53o":{"weight":0.0,"played":[0.8953,0.1047],"evs":[0.0,-1.97428]},"63o":{"weight":0.0,"played":[0.9368,0.0632],"evs":[0.0,-1.94889]},"73o":{"weight":0.0,"played":[0.5763,0.4237],"evs":[0.0,0.44679]},"83o":{"weight":0.0,"played":[0.7508,0.2492],"evs":[0.0,0.20723]},"93o":{"weight":0.0,"played":[0.553,0.447],"evs":[0.0,-0.20713]},"T3o":{"weight":0.0,"played":[0.9029,0.0971],"evs":[0.0,-3.46845]},"J3o":{"weight":0.0,"played":[0.9348,0.0652],"evs":[0.0,-3.83333]},"Q3o":{"weight":0.0,"played":[0.4721,0.5279],"evs":[0.0,2.45601]},"K3o":{"weight":0.0,"played":[0.4822,0.5178],"evs":[0.0,-0.26002]},"A3o":{"weight":0.0,"played":[0.4804,0.5196],"evs":[0.0,-1.12428]},"42s":{"weight":0.0,"played":[0.2514,0.7486],"evs":[0.0,1.63371]},"43s":{"weight":0.0,"played":[0.316,0.684],"evs":[0.0,2.56458]},"44":{"weight":0.4598,"played":[0.8395,0.1605],"evs":[0.0,-1.83355]},"54o":{"weight":0.0,"played":[0.2341,0.7659],"evs":[0.0,0.73098]},"64o":{"weight":0.0,"played":[0.6171,0.3829],"evs":[0.0,-0.23243]},"74o":{"weight":0.0,"played":[0.7953,0.2047],"evs":[0.0,-2.03521]},"84o":{"weight":0.0,"played":[0.8066,0.1934],"evs":[0.0,-1.17367]},"94o":{"weight":0.0,"played":[0.9518,0.0482],"evs":[0.0,-2.41678]},"T4o":{"weight":0.0,"played":[0.7385,0.2615],"evs":[0.0,-1.44578]},"J4o":{"weight":0.0,"played":[0.7658,0.2342],"evs":[0.0,-1.50841]},"Q4o":{"weight":0.0,"played":[0.2093,0.7907],"evs":[0.0,1.06147]},"K4o":{"weight":0.0,"played":[0.9789,0.0211],"evs":[0.0,-1.63936]},"A4o":{"weight":0.0,"played":[0.6534,0.3466],"evs":[0.0,-0.17488]},"52s":{"weight":0.0,"played":[0.7581,0.2419],"evs":[0.0,-4.08585]},"53s":{"weight":0.0,"played":[0.2376,0.7624],"evs":[0.0,0.18232]},"54s":{"weight":0.0,"played":[0.08,0.92],"evs":[0.0,0.78979]},"55":{"weight":0.0013,"played":[0.1482,0.8518],"evs":[0.0,3.7143]},"65o":{"weight":0.0,"played":[0.18,0.82],"evs":[0.0,0.62832]},"75o":{"weight":0.0,"played":[0.4501,0.5499],"evs":[0.0,0.85028]},"85o":{"weight":0.0,"played":[0.99,0.01],"evs":[0.0,-1.01449]},"95o":{"weight":0.0,"played":[0.9945,0.0055],"evs":[0.0,-1.78317]},"T5o":{"weight":0.0,"played":[0.5081,0.4919],"evs":[0.0,-0.30181]},"J5o":{"weight":0.0,"played":[0.9262,0.0738],"evs":[0.0,-1.38675]},"Q5o":{"weight":0.0,"played":[0.5922,0.4078],"evs":[0.0,0.85723]},"K5o":{"weight":0.0,"played":[0.9854,0.0146],"evs":[0.0,-2.75474]},"A5o":{"weight":0.0,"played":[0.0672,0.9328],"evs":[0.0,0.9547]},"62s":{"weight":0.0,"played":[0.6932,0.3068],"evs":[0.0,-1.15776]},"63s":{"weight":0.0,"played":[0.4758,0.5242],"evs":[0.0,-2.36422]},"64s":{"weight":0.0,"played":[0.6088,0.3912],"evs":[0.0,1.86693]},"65s":{"weight":0.0,"played":[0.6774,0.3226],"evs":[0.0,1.68211]},"66":{"weight":0.0,"played":[0.0028,0.9972],"evs":[0.0,3.29976]},"76o":{"weight":0.0,"played":[0.5107,0.4893],"evs":[0.0,0.23162]},"86o":{"weight":0.0,"played":[0.117,0.883],"evs":[0.0,3.77057]},"96o":{"weight":0.0,"played":[0.1988,0.8012],"evs":[0.0,0.35746]},"T6o":{"weight":0.0,"played":[0.5849,0.4151],"evs":[0.0,1.14523]},"J6o":{"weight":0.0,"played":[0.1567,0.8433],"evs":[0.0,1.40009]},"Q6o":{"weight":0.0,"played":[0.4852,0.5148],"evs":[0.0,-0.50783]},"K6o":{"weight":0.0,"played":[0.3636,0.6364],"evs":[0.0,2.00501]},"A6o":{"weight":0.0,"played":[0.5119,0.4881],"evs":[0.0,-0.52518]},"72s":{"weight":0.0,"played":[0.335,0.665],"evs":[0.0,-1.83111]},"73s":{"weight":0.0,"played":[0.602,0.398],"evs":[0.0,-0.11646]},"74s":{"weight":0.0,"played":[0.9268,0.0732],"evs":[0.0,-0.91738]},"75s":{"weight":0.0,"played":[0.0583,0.9417],"evs":[0.0,0.28569]},"76s":{"weight":0.0,"played":[0.378,0.622],"evs":[0.0,-1.85593]},"77":{"weight":1.0E-4,"played":[0.1974,0.8026],"evs":[0.0,3.08888]},"87o":{"weight":0.0,"played":[0.299,0.701],"evs":[0.0,-0.29892]},"97o":{"weight":0.0,"played":[0.0069,0.9931],"evs":[0.0,1.64503]},"T7o":{"weight":0.0,"played":[0.0829,0.9171],"evs":[0.0,1.12052]},"J7o":{"weight":0.0,"played":[0.0491,0.9509],"evs":[0.0,1.79909]},"Q7o":{"weight":0.0,"played":[0.484,0.516],"evs":[0.0,1.3172]},"K7o":{"weight":0.0,"played":[0.6522,0.3478],"evs":[0.0,-3.45203]},"A7o":{"weight":0.0,"played":[0.602,0.398],"evs":[0.0,0.60013]},"82s":{"weight":0.0,"played":[0.2454,0.7546],"evs":[0.0,3.06048]},"83s":{"weight":0.0,"played":[0.0262,0.9738],"evs":[0.0,6.07349]},"84s":{"weight":0.0,"played":[0.7897,0.2103],"evs":[0.0,-2.64365]},"85s":{"weight":0.0,"played":[0.9849,0.0151],"evs":[0.0,-1.68567]},"86s":{"weight":0.0,"played":[0.3696,0.6304],"evs":[0.0,1.57948]},"87s":{"weight":0.0,"played":[0.8295,0.1705],"evs":[0.0,-5.086]},"88":{"weight":9.0E-4,"played":[0.074,0.926],"evs":[0.0,5.47213]},"98o":{"weight":0.0,"played":[0.1297,0.8703],"evs":[0.0,2.75931]},"T8o":{"weight":0.0,"played":[0.9728,0.0272],"evs":[0.0,-1.70268]},"J8o":{"weight":0.0,"played":[0.9186,0.0814],"evs":[0.0,-3.10248]},"Q8o":{"weight":0.0,"played":[0.0541,0.9459],"evs":[0.0,0.93973]},"K8o":{"weight":0.0,"played":[0.2635,0.7365],"evs":[0.0,-0.52109]},"A8o":{"weight":0.0,"played":[0.3907,0.6093],"evs":[0.0,0.80227]},"92s":{"weight":0.0,"played":[0.2644,0.7356],"evs":[0.0,3.79755]},"93s":{"weight":0.0,"played":[0.2988,0.7012],"evs":[0.0,0.57622]},"94s":{"weight":0.0,"played":[0.4819,0.5181],"evs":[0.0,-2.08116]},"95s":{"weight":0.0,"played":[0.0836,0.9164],"evs":[0.0,0.07204]},"96s":{"weight":0.0,"played":[0.3922,0.6078],"evs":[0.0,4.9267]},"97s":{"weight":0.0,"played":[0.3658,0.6342],"evs":[0.0,0.21982]},"98s":{"weight":0.0,"played":[0.0836,0.9164],"evs":[0.0,4.09795]},"99":{"weight":0.0,"played":[0.0163,0.9837],"evs":[0.0,0.16844]},"T9o":{"weight":0.0,"played":[0.4793,0.5207],"evs":[0.0,-1.80774]},"J9o":{"weight":0.0,"played":[0.0201,0.9799],"evs":[0.0,1.57775]},"Q9o":{"weight":0.0,"played":[0.4479,0.5521],"evs":[0.0,-1.02783]},"K9o":{"weight":0.0,"played":[0.3531,0.6469],"evs":[0.0,1.32818]},"A9o":{"weight":0.0,"played":[0.8877,0.1123],"evs":[0.0,-1.50416]},"T2s":{"weight":0.0,"played":[0.9646,0.0354],"evs":[0.0,-6.59703]},"T3s":{"weight":0.0,"played":[0.077,0.923],"evs":[0.0,3.40394]},"T4s":{"weight":0.0,"played":[0.1201,0.8799],"evs":[0.0,3.34663]},"T5s":{"weight":0.0,"played":[0.1121,0.8879],"evs":[0.0,3.81136]},"T6s":{"weight":0.0,"played":[0.2932,0.7068],"evs":[0.0,-1.17505]},"T7s":{"weight":0.0,"played":[0.5489,0.4511],"evs":[0.0,-0.23533]},"T8s":{"weight":0.0,"played":[0.3999,0.6001],"evs":[0.0,2.39445]},"T9s":{"weight":0.0,"played":[0.3477,0.6523],"evs":[0.0,1.87151]},"TT":{"weight":0.0,"played":[0.0,1.0],"evs":[0.0,8.72872]},"JTo":{"weight":0.0,"played":[0.0055,0.9945],"evs":[0.0,5.82201]},"QTo":{"weight":0.0,"played":[0.0309,0.9691],"evs":[0.0,2.30953]},"KTo":{"weight":0.0,"played":[0.0724,0.9276],"evs":[0.0,5.54803]},"ATo":{"weight":1.0E-4,"played":[0.1969,0.8031],"evs":[0.0,3.87327]},"J2s":{"weight":0.0,"played":[0.8422,0.1578],"evs":[0.0,-3.3545]},"J3s":{"weight":0.0,"played":[0.9938,0.0062],"evs":[0.0,-2.55619]},"J4s":{"weight":0.0,"played":[0.3846,0.6154],"evs":[0.0,0.25756]},"J5s":{"weight":0.0,"played":[0.0175,0.9825],"evs":[0.0,7.64676]},"J6s":{"weight":0.0,"played":[0.3061,0.6939],"evs":[0.0,1.07686]},"J7s":{"weight":0.0,"played":[0.0651,0.9349],"evs":[0.0,7.99724]},"J8s":{"weight":0.0,"played":[0.0237,0.9763],"evs":[0.0,0.99298]},"J9s":{"weight":0.0,"played":[0.0231,0.9769],"evs":[0.0,0.40967]},"JTs":{"weight":0.0695,"played":[0.0422,0.9578],"evs":[0.0,5.50657]},"JJ":{"weight":0.0,"played":[0.0,1.0],"evs":[0.0,6.30891]},"QJo":{"weight":0.0,"played":[0.2592,0.7408],"evs":[0.0,2.53606]},"KJo":{"weight":0.0,"played":[0.1189,0.8811],"evs":[0.0,6.27205]},"AJo":{"weight":0.0,"played":[0.1199,0.8801],"evs":[0.0,4.27587]},"Q2s":{"weight":0.0,"played":[0.8082,0.1918],"evs":[0.0,-2.54801]},"Q3s":{"weight":0.0,"played":[0.5557,0.4443],"evs":[0.0,-3.98933]},"Q4s":{"weight":0.0,"played":[0.0555,0.9445],"evs":[0.0,6.19736]},"Q5s":{"weight":0.0,"played":[0.0,1.0],"evs":[0.0,10.10063]},"Q6s":{"weight":0.0,"played":[0.1506,0.8494],"evs":[0.0,5.23558]},"Q7s":{"weight":0.0,"played":[0.268,0.732],"evs":[0.0,2.40946]},"Q8s":{"weight":1.0E-4,"played":[0.239,0.761],"evs":[0.0,3.2203]},"Q9s":{"weight":0.0,"played":[0.1605,0.8395],"evs":[0.0,8.2374]},"QTs":{"weight":0.9976,"played":[0.6759,0.3241],"evs":[0.0,0.00864]},"QJs":{"weight":0.9989,"played":[0.2186,0.7814],"evs":[0.0,2.48841]},"QQ":{"weight":0.0,"played":[0.0,1.0],"evs":[0.0,15.05486]},"KQo":{"weight":0.2485,"played":[0.0,1.0],"evs":[0.0,4.69677]},"AQo":{"weight":0.0,"played":[0.0297,0.9703],"evs":[0.0,3.92366]},"K2s":{"weight":0.0,"played":[0.7939,0.2061],"evs":[0.0,-0.92919]},"K3s":{"weight":0.0,"played":[0.3783,0.6217],"evs":[0.0,2.58982]},"K4s":{"weight":0.0,"played":[0.453,0.547],"evs":[0.0,1.75225]},"K5s":{"weight":0.0,"played":[0.9731,0.0269],"evs":[0.0,-0.62793]},"K6s":{"weight":0.0,"played":[0.8364,0.1636],"evs":[0.0,-0.95014]},"K7s":{"weight":3.0E-4,"played":[0.7717,0.2283],"evs":[0.0,-2.84439]},"K8s":{"weight":0.0,"played":[0.0956,0.9044],"evs":[0.0,3.5708]},"K9s":{"weight":5.0E-4,"played":[0.0921,0.9079],"evs":[0.0,8.53926]},"KTs":{"weight":0.9999,"played":[0.2403,0.7597],"evs":[0.0,3.53111]},"KJs":{"weight":0.9274,"played":[0.0,1.0],"evs":[0.0,2.13332]},"KQs":{"weight":0.0176,"played":[0.2294,0.7706],"evs":[0.0,4.13602]},"KK":{"weight":0.0,"played":[0.0223,0.9777],"evs":[0.0,13.60394]},"AKo":{"weight":0.0,"played":[7.0E-4,0.9993],"evs":[0.0,3.45275]},"A2s":{"weight":1.0E-4,"played":[0.0069,0.9931],"evs":[0.0,0.53566]},"A3s":{"weight":2.0E-4,"played":[0.7989,0.2011],"evs":[0.0,-2.71075]},"A4s":{"weight":0.0258,"played":[0.156,0.844],"evs":[0.0,5.24269]},"A5s":{"weight":0.1331,"played":[0.1292,0.8708],"evs":[0.0,3.27165]},"A6s":{"weight":0.655,"played":[0.7031,0.2969],"evs":[0.0,-0.12323]},"A7s":{"weight":0.0541,"played":[0.091,0.909],"evs":[0.0,4.94354]},"A8s":{"weight":0.0035,"played":[0.1856,0.8144],"evs":[0.0,-1.06985]},"A9s":{"weight":3.0E-4,"played":[8.0E-4,0.9992],"evs":[0.0,5.5694]},"ATs":{"weight":0.0,"played":[0.4671,0.5329],"evs":[0.0,-0.10292]},"AJs":{"weight":7.0E-4,"played":[0.6846,0.3154],"evs":[0.0,-0.0699]},"AQs":{"weight":0.0,"played":[0.2622,0.7378],"evs":[0.0,5.61351]},"AKs":{"weight":0.0,"played":[0.226,0.774],"evs":[0.0,3.9676]},"AA":{"weight":0.0,"played":[0.0,1.0],"evs":[0.0,12.60224]}}}