{"player":5,"street":0,"children":2,"sequence":[{"player":0,"type":"R","amount":200000,"street":0},{"player":1,"type":"F","amount":0,"street":0},{"player":2,"type":"C","amount":200000,"street":0},{"player":3,"type":"R","amount":985000,"street":0},{"player":4,"type":"F","amount":0,"street":0}],"actions":[{"type":"F","amount":0,"node":292},{"type":"R","amount":1985000,"node":297}],"hands":{"22":{"weight":1.0,"played":[1.0,0.0],"evs":[0.0,-0.42474]},"32o":{"weight":1.0,"played":[1.0,0.0],"evs":[0.0,-3.62465]},"42o":{"weight":1.0,"played":[1.0,0.0],"evs":[0.0,-3.28115]},"52o":{"weight":1.0,"played":[1.0,0.0],"evs":[0.0,-3.37277]},"62o":{"weight":1.0,"played":[1.0,0.0],"evs":[0.0,-3.45469]},"72o":{"weight":1.0,"played":[1.0,0.0],"evs":[0.0,-3.78607]},"82o":{"weight":1.0,"played":[1.0,0.0],"evs":[0.0,-3.64439]},"92o":{"weight":1.0,"played":[1.0,0.0],"evs":[0.0,-3.51601]},"T2o":{"weight":1.0,"played":[1.0,0.0],"evs":[0.0,-3.62534]},"J2o":{"weight":1.0,"played":[1.0,0.0],"evs":[0.0,-3.59697]},"Q2o":{"weight":1.0,"played":[1.0,0.0],"evs":[0.0,-3.33263]},"K2o":{"weight":1.0,"played":[1.0,0.0],"evs":[0.0,-3.05653]},"A2o":{"weight":1.0,"played":[1.0,0.0],"evs":[0.0,-2.39177]},"32s":{"weight":1.0,"played":[1.0,0.0],"evs":[0.0,-2.12506]},"33":{"weight":1.0,"played":[0.9966,0.0034],"evs":[0.0,-0.53158]},"43o":{"weight":1.0,"played":[1.0,0.0],"evs":[0.0,-2.90275]},"53o":{"weight":1.0,"played":[1.0,0.0],"evs":[0.0,-2.98185]},"63o":{"weight":1.0,"played":[1.0,0.0],"evs":[0.0,-2.98993]},"73o":{"weight":1.0,"played":[1.0,0.0],"evs":[0.0,-3.31125]},"83o":{"weight":1.0,"played":[1.0,0.0],"evs":[0.0,-3.61813]},"93o":{"weight":1.0,"played":[1.0,0.0],"evs":[0.0,-3.47557]},"T3o":{"weight":1.0,"played":[1.0,0.0],"evs":[0.0,-3.67757]},"J3o":{"weight":1.0,"played":[1.0,0.0],"evs":[0.0,-3.38223]},"Q3o":{"weight":1.0,"played":[1.0,0.0],"evs":[0.0,-3.36974]},"K3o":{"weight":1.0,"played":[1.0,0.0],"evs":[0.0,-2.85366]},"A3o":{"weight":1.0,"played":[1.0,0.0],"evs":[0.0,-2.17237]},"42s":{"weight":1.0,"played":[1.0,0.0],"evs":[0.0,-2.04873]},"43s":{"weight":1.0,"played":[0.9997,3.0E-4],"evs":[0.0,-1.90549]},"44":{"weight":1.0,"played":[0.9999,1.0E-4],"evs":[0.0,-0.34078]},"54o":{"weight":1.0,"played":[1.0,0.0],"evs":[0.0,-2.35847]},"64o":{"weight":1.0,"played":[1.0,0.0],"evs":[0.0,-2.54265]},"74o":{"weight":1.0,"played":[1.0,0.0],"evs":[0.0,-2.76323]},"84o":{"weight":1.0,"played":[1.0,0.0],"evs":[0.0,-3.17002]},"94o":{"weight":1.0,"played":[1.0,0.0],"evs":[0.0,-3.52436]},"T4o":{"weight":1.0,"played":[1.0,0.0],"evs":[0.0,-3.42447]},"J4o":{"weight":1.0,"played":[1.0,0.0],"evs":[0.0,-3.29416]},"Q4o":{"weight":1.0,"played":[1.0,0.0],"evs":[0.0,-3.16214]},"K4o":{"weight":1.0,"played":[1.0,0.0],"evs":[0.0,-2.78539]},"A4o":{"weight":1.0,"played":[1.0,0.0],"evs":[0.0,-2.04663]},"52s":{"weight":1.0,"played":[1.0,0.0],"evs":[0.0,-2.21528]},"53s":{"weight":1.0,"played":[1.0,0.0],"evs":[0.0,-1.6912]},"54s":{"weight":1.0,"played":[0.9986,0.0014],"evs":[0.0,-1.25514]},"55":{"weight":1.0,"played":[0.5903,0.4097],"evs":[0.0,-0.06174]},"65o":{"weight":1.0,"played":[1.0,0.0],"evs":[0.0,-2.06738]},"75o":{"weight":1.0,"played":[1.0,0.0],"evs":[0.0,-2.29946]},"85o":{"weight":1.0,"played":[1.0,0.0],"evs":[0.0,-2.65298]},"95o":{"weight":1.0,"played":[1.0,0.0],"evs":[0.0,-2.97279]},"T5o":{"weight":1.0,"played":[1.0,0.0],"evs":[0.0,-3.62857]},"J5o":{"weight":1.0,"played":[1.0,0.0],"evs":[0.0,-3.24642]},"Q5o":{"weight":1.0,"played":[1.0,0.0],"evs":[0.0,-2.95267]},"K5o":{"weight":1.0,"played":[1.0,0.0],"evs":[0.0,-2.82889]},"A5o":{"weight":1.0,"played":[1.0,0.0],"evs":[0.0,-1.73822]},"62s":{"weight":1.0,"played":[1.0,0.0],"evs":[0.0,-1.99127]},"63s":{"weight":1.0,"played":[1.0,0.0],"evs":[0.0,-1.67934]},"64s":{"weight":1.0,"played":[1.0,0.0],"evs":[0.0,-1.45174]},"65s":{"weight":1.0,"played":[1.0,0.0],"evs":[0.0,-0.96378]},"66":{"weight":1.0,"played":[3.0E-4,0.9997],"evs":[0.0,0.82904]},"76o":{"weight":1.0,"played":[1.0,0.0],"evs":[0.0,-1.85851]},"86o":{"weight":1.0,"played":[1.0,0.0],"evs":[0.0,-2.17498]},"96o":{"weight":1.0,"played":[1.0,0.0],"evs":[0.0,-2.39968]},"T6o":{"weight":1.0,"played":[1.0,0.0],"evs":[0.0,-2.90663]},"J6o":{"weight":1.0,"played":[1.0,0.0],"evs":[0.0,-3.14331]},"Q6o":{"weight":1.0,"played":[1.0,0.0],"evs":[0.0,-2.61166]},"K6o":{"weight":1.0,"played":[1.0,0.0],"evs":[0.0,-2.4237]},"A6o":{"weight":1.0,"played":[1.0,0.0],"evs":[0.0,-2.1514]},"72s":{"weight":1.0,"played":[1.0,0.0],"evs":[0.0,-2.34673]},"73s":{"weight":1.0,"played":[1.0,0.0],"evs":[0.0,-2.01425]},"74s":{"weight":1.0,"played":[1.0,0.0],"evs":[0.0,-1.71246]},"75s":{"weight":1.0,"played":[0.9997,3.0E-4],"evs":[0.0,-1.36412]},"76s":{"weight":1.0,"played":[0.9995,5.0E-4],"evs":[0.0,-0.79083]},"77":{"weight":1.0,"played":[0.0,1.0],"evs":[0.0,1.3023]},"87o":{"weight":1.0,"played":[1.0,0.0],"evs":[0.0,-1.84291]},"97o":{"weight":1.0,"played":[1.0,0.0],"evs":[0.0,-2.08851]},"T7o":{"weight":1.0,"played":[1.0,0.0],"evs":[0.0,-2.49207]},"J7o":{"weight":1.0,"played":[1.0,0.0],"evs":[0.0,-2.74681]},"Q7o":{"weight":1.0,"played":[1.0,0.0],"evs":[0.0,-2.68818]},"K7o":{"weight":1.0,"played":[1.0,0.0],"evs":[0.0,-2.2249]},"A7o":{"weight":1.0,"played":[1.0,0.0],"evs":[0.0,-1.87662]},"82s":{"weight":1.0,"played":[1.0,0.0],"evs":[0.0,-2.25568]},"83s":{"weight":1.0,"played":[1.0,0.0],"evs":[0.0,-2.63183]},"84s":{"weight":1.0,"played":[1.0,0.0],"evs":[0.0,-1.72609]},"85s":{"weight":1.0,"played":[0.9989,0.0011],"evs":[0.0,-1.35583]},"86s":{"weight":1.0,"played":[0.9999,1.0E-4],"evs":[0.0,-0.9287]},"87s":{"weight":1.0,"played":[1.0,0.0],"evs":[0.0,-0.7956]},"88":{"weight":1.0,"played":[0.0,1.0],"evs":[0.0,2.62538]},"98o":{"weight":1.0,"played":[1.0,0.0],"evs":[0.0,-1.6081]},"T8o":{"weight":1.0,"played":[1.0,0.0],"evs":[0.0,-2.07034]},"J8o":{"weight":1.0,"played":[1.0,0.0],"evs":[0.0,-2.22082]},"Q8o":{"weight":1.0,"played":[1.0,0.0],"evs":[0.0,-2.48761]},"K8o":{"weight":1.0,"played":[1.0,0.0],"evs":[0.0,-2.27561]},"A8o":{"weight":1.0,"played":[1.0,0.0],"evs":[0.0,-1.61758]},"92s":{"weight":1.0,"played":[1.0,0.0],"evs":[0.0,-2.38914]},"93s":{"weight":1.0,"played":[1.0,0.0],"evs":[0.0,-2.35535]},"94s":{"weight":1.0,"played":[1.0,0.0],"evs":[0.0,-2.33861]},"95s":{"weight":1.0,"played":[1.0,0.0],"evs":[0.0,-2.05699]},"96s":{"weight":1.0,"played":[1.0,0.0],"evs":[0.0,-0.9911]},"97s":{"weight":1.0,"played":[0.9995,5.0E-4],"evs":[0.0,-0.91715]},"98s":{"weight":1.0,"played":[0.9958,0.0042],"evs":[0.0,-0.35768]},"99":{"weight":1.0,"played":[0.0,1.0],"evs":[0.0,3.03915]},"T9o":{"weight":1.0,"played":[1.0,0.0],"evs":[0.0,-1.60322]},"J9o":{"weight":1.0,"played":[1.0,0.0],"evs":[0.0,-1.92663]},"Q9o":{"weight":1.0,"played":[1.0,0.0],"evs":[0.0,-1.9609]},"K9o":{"weight":1.0,"played":[1.0,0.0],"evs":[0.0,-1.97938]},"A9o":{"weight":1.0,"played":[0.9999,1.0E-4],"evs":[0.0,-1.24539]},"T2s":{"weight":1.0,"played":[1.0,0.0],"evs":[0.0,-2.47489]},"T3s":{"weight":1.0,"played":[1.0,0.0],"evs":[0.0,-2.35784]},"T4s":{"weight":1.0,"played":[1.0,0.0],"evs":[0.0,-2.33448]},"T5s":{"weight":1.0,"played":[0.9999,1.0E-4],"evs":[0.0,-2.31112]},"T6s":{"weight":1.0,"played":[1.0,0.0],"evs":[0.0,-1.93339]},"T7s":{"weight":1.0,"played":[1.0,0.0],"evs":[0.0,-1.35974]},"T8s":{"weight":1.0,"played":[0.9987,0.0013],"evs":[0.0,-1.06854]},"T9s":{"weight":1.0,"played":[0.999,0.001],"evs":[0.0,-0.40189]},"TT":{"weight":1.0,"played":[0.0,1.0],"evs":[0.0,4.01825]},"JTo":{"weight":1.0,"played":[1.0,0.0],"evs":[0.0,-1.62603]},"QTo":{"weight":1.0,"played":[1.0,0.0],"evs":[0.0,-1.71657]},"KTo":{"weight":1.0,"played":[1.0,0.0],"evs":[0.0,-1.59436]},"ATo":{"weight":1.0,"played":[0.9999,1.0E-4],"evs":[0.0,-0.76287]},"J2s":{"weight":1.0,"played":[1.0,0.0],"evs":[0.0,-2.23589]},"J3s":{"weight":1.0,"played":[1.0,0.0],"evs":[0.0,-2.04696]},"J4s":{"weight":1.0,"played":[0.9999,1.0E-4],"evs":[0.0,-1.87794]},"J5s":{"weight":1.0,"played":[1.0,0.0],"evs":[0.0,-2.01876]},"J6s":{"weight":1.0,"played":[1.0,0.0],"evs":[0.0,-1.99356]},"J7s":{"weight":1.0,"played":[1.0,0.0],"evs":[0.0,-1.51003]},"J8s":{"weight":1.0,"played":[1.0,0.0],"evs":[0.0,-1.18876]},"J9s":{"weight":1.0,"played":[0.999,0.001],"evs":[0.0,-0.92841]},"JTs":{"weight":1.0,"played":[0.9994,6.0E-4],"evs":[0.0,-0.45818]},"JJ":{"weight":1.0,"played":[0.0,1.0],"evs":[0.0,5.23004]},"QJo":{"weight":1.0,"played":[1.0,0.0],"evs":[0.0,-1.39656]},"KJo":{"weight":1.0,"played":[1.0,0.0],"evs":[0.0,-1.2588]},"AJo":{"weight":1.0,"played":[0.2706,0.7294],"evs":[0.0,0.06798]},"Q2s":{"weight":1.0,"played":[1.0,0.0],"evs":[0.0,-2.19676]},"Q3s":{"weight":1.0,"played":[1.0,0.0],"evs":[0.0,-2.17774]},"Q4s":{"weight":1.0,"played":[1.0,0.0],"evs":[0.0,-1.70553]},"Q5s":{"weight":1.0,"played":[0.9999,1.0E-4],"evs":[0.0,-1.95549]},"Q6s":{"weight":1.0,"played":[1.0,0.0],"evs":[0.0,-1.4357]},"Q7s":{"weight":1.0,"played":[1.0,0.0],"evs":[0.0,-1.75138]},"Q8s":{"weight":1.0,"played":[1.0,0.0],"evs":[0.0,-0.91153]},"Q9s":{"weight":1.0,"played":[0.9996,4.0E-4],"evs":[0.0,-0.87871]},"QTs":{"weight":1.0,"played":[0.9995,5.0E-4],"evs":[0.0,-0.69649]},"QJs":{"weight":1.0,"played":[0.997,0.003],"evs":[0.0,-0.32905]},"QQ":{"weight":1.0,"played":[0.0,1.0],"evs":[0.0,7.13672]},"KQo":{"weight":1.0,"played":[0.9988,0.0012],"evs":[0.0,-0.8737]},"AQo":{"weight":1.0,"played":[1.0E-4,0.9999],"evs":[0.0,1.76011]},"K2s":{"weight":1.0,"played":[1.0,0.0],"evs":[0.0,-1.58219]},"K3s":{"weight":1.0,"played":[1.0,0.0],"evs":[0.0,-1.90712]},"K4s":{"weight":1.0,"played":[0.9999,1.0E-4],"evs":[0.0,-1.51613]},"K5s":{"weight":1.0,"played":[1.0,0.0],"evs":[0.0,-1.46512]},"K6s":{"weight":1.0,"played":[0.9996,4.0E-4],"evs":[0.0,-1.22125]},"K7s":{"weight":1.0,"played":[0.9983,0.0017],"evs":[0.0,-1.28448]},"K8s":{"weight":1.0,"played":[1.0,0.0],"evs":[0.0,-0.98342]},"K9s":{"weight":1.0,"played":[0.9987,0.0013],"evs":[0.0,-0.67873]},"KTs":{"weight":1.0,"played":[0.5885,0.4115],"evs":[0.0,-0.13208]},"KJs":{"weight":1.0,"played":[0.6123,0.3877],"evs":[0.0,0.04513]},"KQs":{"weight":1.0,"played":[1.0E-4,0.9999],"evs":[0.0,0.29554]},"KK":{"weight":1.0,"played":[0.0,1.0],"evs":[0.0,9.8722]},"AKo":{"weight":1.0,"played":[0.0,1.0],"evs":[0.0,3.42992]},"A2s":{"weight":1.0,"played":[1.0,0.0],"evs":[0.0,-1.18689]},"A3s":{"weight":1.0,"played":[1.0,0.0],"evs":[0.0,-1.18184]},"A4s":{"weight":1.0,"played":[0.9987,0.0013],"evs":[0.0,-0.56271]},"A5s":{"weight":1.0,"played":[0.9971,0.0029],"evs":[0.0,-0.67836]},"A6s":{"weight":1.0,"played":[0.9993,7.0E-4],"evs":[0.0,-0.94357]},"A7s":{"weight":1.0,"played":[0.9992,8.0E-4],"evs":[0.0,-0.52058]},"A8s":{"weight":1.0,"played":[0.9846,0.0154],"evs":[0.0,-0.61163]},"A9s":{"weight":1.0,"played":[0.9859,0.0141],"evs":[0.0,-0.13248]},"ATs":{"weight":1.0,"played":[0.0067,0.9933],"evs":[0.0,0.69458]},"AJs":{"weight":1.0,"played":[0.0,1.0],"evs":[0.0,1.2225]},"AQs":{"weight":1.0,"played":[0.0,1.0],"evs":[0.0,2.61712]},"AKs":{"weight":1.0,"played":[0.0,1.0],"evs":[0.0,4.38365]},"AA":{"weight":1.0,"played":[0.0,1.0],"evs":[0.0,14.41637]}}}