{"player":2,"street":0,"children":2,"sequence":[{"player":0,"type":"R","amount":200000,"street":0},{"player":1,"type":"F","amount":0,"street":0},{"player":2,"type":"C","amount":200000,"street":0},{"player":3,"type":"R","amount":985000,"street":0},{"player":4,"type":"F","amount":0,"street":0},{"player":5,"type":"F","amount":0,"street":0},{"player":0,"type":"F","amount":0,"street":0}],"actions":[{"type":"F","amount":0},{"type":"C","amount":785000}],"hands":{"22":{"weight":0.0,"played":[0.0,1.0],"evs":[0.0,2.0363]},"32o":{"weight":0.0,"played":[1.0,0.0],"evs":[0.0,-0.75889]},"42o":{"weight":0.0,"played":[1.0,0.0],"evs":[0.0,-0.68376]},"52o":{"weight":0.0,"played":[1.0,0.0],"evs":[0.0,-0.5309]},"62o":{"weight":0.0,"played":[1.0,0.0],"evs":[0.0,-0.69691]},"72o":{"weight":0.0,"played":[1.0,0.0],"evs":[0.0,-0.94009]},"82o":{"weight":0.0,"played":[1.0,0.0],"evs":[0.0,-0.82736]},"92o":{"weight":0.0,"played":[1.0,0.0],"evs":[0.0,-0.56317]},"T2o":{"weight":0.0,"played":[1.0,0.0],"evs":[0.0,-0.77498]},"J2o":{"weight":0.0,"played":[1.0,0.0],"evs":[0.0,-0.50867]},"Q2o":{"weight":0.0,"played":[0.9995,5.0E-4],"evs":[0.0,-0.39398]},"K2o":{"weight":0.0,"played":[0.8913,0.1087],"evs":[0.0,-0.14346]},"A2o":{"weight":0.0,"played":[0.0144,0.9856],"evs":[0.0,0.35067]},"32s":{"weight":0.0,"played":[0.0203,0.9797],"evs":[0.0,0.20604]},"33":{"weight":0.5319,"played":[0.0,1.0],"evs":[0.0,2.16939]},"43o":{"weight":0.0,"played":[1.0,0.0],"evs":[0.0,-0.37225]},"53o":{"weight":0.0,"played":[1.0,0.0],"evs":[0.0,-0.20502]},"63o":{"weight":0.0,"played":[1.0,0.0],"evs":[0.0,-0.37321]},"73o":{"weight":0.0,"played":[1.0,0.0],"evs":[0.0,-0.66212]},"83o":{"weight":0.0,"played":[1.0,0.0],"evs":[0.0,-0.75237]},"93o":{"weight":0.0,"played":[1.0,0.0],"evs":[0.0,-0.46715]},"T3o":{"weight":0.0,"played":[1.0,0.0],"evs":[0.0,-0.6406]},"J3o":{"weight":0.0,"played":[1.0,0.0],"evs":[0.0,-0.45895]},"Q3o":{"weight":0.0,"played":[0.9994,6.0E-4],"evs":[0.0,-0.39008]},"K3o":{"weight":0.0,"played":[0.3221,0.6779],"evs":[0.0,-0.06332]},"A3o":{"weight":0.0,"played":[0.0174,0.9826],"evs":[0.0,0.42818]},"42s":{"weight":0.0,"played":[0.0055,0.9945],"evs":[0.0,0.06846]},"43s":{"weight":0.0,"played":[5.0E-4,0.9995],"evs":[0.0,0.50387]},"44":{"weight":0.7023,"played":[0.0,1.0],"evs":[0.0,2.34086]},"54o":{"weight":0.0,"played":[0.0794,0.9206],"evs":[0.0,0.12506]},"64o":{"weight":0.0,"played":[1.0,0.0],"evs":[0.0,-0.11507]},"74o":{"weight":0.0,"played":[1.0,0.0],"evs":[0.0,-0.27035]},"84o":{"weight":0.0,"played":[0.9998,2.0E-4],"evs":[0.0,-0.40723]},"94o":{"weight":0.0,"played":[1.0,0.0],"evs":[0.0,-0.49561]},"T4o":{"weight":0.0,"played":[1.0,0.0],"evs":[0.0,-0.63885]},"J4o":{"weight":0.0,"played":[1.0,0.0],"evs":[0.0,-0.23202]},"Q4o":{"weight":0.0,"played":[0.9879,0.0121],"evs":[0.0,-0.29951]},"K4o":{"weight":0.0,"played":[7.0E-4,0.9993],"evs":[0.0,0.0983]},"A4o":{"weight":0.0,"played":[0.013,0.987],"evs":[0.0,0.56364]},"52s":{"weight":0.0,"played":[0.0026,0.9974],"evs":[0.0,0.16826]},"53s":{"weight":0.0,"played":[3.0E-4,0.9997],"evs":[0.0,0.4985]},"54s":{"weight":0.0,"played":[6.0E-4,0.9994],"evs":[0.0,0.8531]},"55":{"weight":0.4232,"played":[0.0,1.0],"evs":[0.0,2.50118]},"65o":{"weight":0.0,"played":[0.0111,0.9889],"evs":[0.0,0.24867]},"75o":{"weight":0.0,"played":[0.9995,5.0E-4],"evs":[0.0,-0.03165]},"85o":{"weight":0.0,"played":[0.9953,0.0047],"evs":[0.0,-0.23607]},"95o":{"weight":0.0,"played":[0.9994,6.0E-4],"evs":[0.0,-0.2966]},"T5o":{"weight":0.0,"played":[1.0,0.0],"evs":[0.0,-0.69267]},"J5o":{"weight":0.0,"played":[0.9999,1.0E-4],"evs":[0.0,-0.42866]},"Q5o":{"weight":0.0,"played":[0.9996,4.0E-4],"evs":[0.0,-0.29643]},"K5o":{"weight":0.0,"played":[1.0E-4,0.9999],"evs":[0.0,0.08294]},"A5o":{"weight":0.0,"played":[0.0032,0.9968],"evs":[0.0,0.65406]},"62s":{"weight":0.0,"played":[0.0236,0.9764],"evs":[0.0,0.11329]},"63s":{"weight":0.0,"played":[1.0E-4,0.9999],"evs":[0.0,0.37282]},"64s":{"weight":0.0,"played":[0.0,1.0],"evs":[0.0,0.67322]},"65s":{"weight":0.0,"played":[0.0,1.0],"evs":[0.0,0.92115]},"66":{"weight":0.0103,"played":[0.0,1.0],"evs":[0.0,3.34421]},"76o":{"weight":0.0,"played":[0.0051,0.9949],"evs":[0.0,0.36601]},"86o":{"weight":0.0,"played":[3.0E-4,0.9997],"evs":[0.0,0.33386]},"96o":{"weight":0.0,"played":[0.0063,0.9937],"evs":[0.0,0.25119]},"T6o":{"weight":0.0,"played":[1.0,0.0],"evs":[0.0,-0.20439]},"J6o":{"weight":0.0,"played":[0.9933,0.0067],"evs":[0.0,-0.20348]},"Q6o":{"weight":0.0,"played":[0.1677,0.8323],"evs":[0.0,-0.01646]},"K6o":{"weight":0.0,"played":[3.0E-4,0.9997],"evs":[0.0,0.35906]},"A6o":{"weight":0.0,"played":[0.0038,0.9962],"evs":[0.0,0.46456]},"72s":{"weight":0.0,"played":[0.9989,0.0011],"evs":[0.0,-0.12515]},"73s":{"weight":0.0,"played":[0.0214,0.9786],"evs":[0.0,0.23816]},"74s":{"weight":0.0,"played":[2.0E-4,0.9998],"evs":[0.0,0.49243]},"75s":{"weight":0.0,"played":[0.0,1.0],"evs":[0.0,0.71132]},"76s":{"weight":0.2425,"played":[0.0,1.0],"evs":[0.0,1.19964]},"77":{"weight":0.0,"played":[0.0,1.0],"evs":[0.0,3.91182]},"87o":{"weight":0.0,"played":[1.0E-4,0.9999],"evs":[0.0,0.45895]},"97o":{"weight":0.0,"played":[6.0E-4,0.9994],"evs":[0.0,0.39131]},"T7o":{"weight":0.0,"played":[0.0703,0.9297],"evs":[0.0,0.08065]},"J7o":{"weight":0.0,"played":[0.2533,0.7467],"evs":[0.0,-0.00188]},"Q7o":{"weight":0.0,"played":[0.8478,0.1522],"evs":[0.0,-0.08678]},"K7o":{"weight":0.0,"played":[0.0,1.0],"evs":[0.0,0.37626]},"A7o":{"weight":0.0,"played":[0.0094,0.9906],"evs":[0.0,0.66726]},"82s":{"weight":0.0,"played":[0.3108,0.6892],"evs":[0.0,0.05153]},"83s":{"weight":0.0,"played":[0.0035,0.9965],"evs":[0.0,0.11486]},"84s":{"weight":0.0,"played":[1.0E-4,0.9999],"evs":[0.0,0.38079]},"85s":{"weight":0.0,"played":[2.0E-4,0.9998],"evs":[0.0,0.61739]},"86s":{"weight":1.0E-4,"played":[0.0,1.0],"evs":[0.0,0.92546]},"87s":{"weight":0.0012,"played":[0.0,1.0],"evs":[0.0,1.25364]},"88":{"weight":0.0,"played":[0.0,1.0],"evs":[0.0,4.60408]},"98o":{"weight":0.0,"played":[0.0,1.0],"evs":[0.0,0.78638]},"T8o":{"weight":0.0,"played":[1.0E-4,0.9999],"evs":[0.0,0.45076]},"J8o":{"weight":0.0,"played":[6.0E-4,0.9994],"evs":[0.0,0.39985]},"Q8o":{"weight":0.0,"played":[2.0E-4,0.9998],"evs":[0.0,0.2702]},"K8o":{"weight":0.0,"played":[0.0,1.0],"evs":[0.0,0.38023]},"A8o":{"weight":0.0,"played":[1.0E-4,0.9999],"evs":[0.0,0.9999]},"92s":{"weight":0.0,"played":[0.0566,0.9434],"evs":[0.0,0.17421]},"93s":{"weight":0.0,"played":[0.0014,0.9986],"evs":[0.0,0.32207]},"94s":{"weight":0.0,"played":[0.0082,0.9918],"evs":[0.0,0.37864]},"95s":{"weight":0.0,"played":[0.0,1.0],"evs":[0.0,0.61638]},"96s":{"weight":0.0,"played":[0.0,1.0],"evs":[0.0,1.06678]},"97s":{"weight":0.0,"played":[0.0,1.0],"evs":[0.0,1.33117]},"98s":{"weight":0.6438,"played":[0.0,1.0],"evs":[0.0,1.46354]},"99":{"weight":0.0,"played":[0.0,1.0],"evs":[0.0,5.22744]},"T9o":{"weight":0.0,"played":[0.0,1.0],"evs":[0.0,0.80288]},"J9o":{"weight":0.0,"played":[0.0,1.0],"evs":[0.0,0.83563]},"Q9o":{"weight":0.0,"played":[0.0,1.0],"evs":[0.0,0.67695]},"K9o":{"weight":0.0,"played":[0.0,1.0],"evs":[0.0,0.74776]},"A9o":{"weight":0.0038,"played":[0.0,1.0],"evs":[0.0,1.42727]},"T2s":{"weight":0.0,"played":[0.3834,0.6166],"evs":[0.0,0.09546]},"T3s":{"weight":0.0,"played":[0.0026,0.9974],"evs":[0.0,0.28538]},"T4s":{"weight":0.0,"played":[0.0147,0.9853],"evs":[0.0,0.21272]},"T5s":{"weight":0.0,"played":[3.0E-4,0.9997],"evs":[0.0,0.09527]},"T6s":{"weight":0.0,"played":[0.0024,0.9976],"evs":[0.0,0.58019]},"T7s":{"weight":0.0,"played":[2.0E-4,0.9998],"evs":[0.0,1.04689]},"T8s":{"weight":2.0E-4,"played":[0.0,1.0],"evs":[0.0,1.23061]},"T9s":{"weight":0.9999,"played":[0.0,1.0],"evs":[0.0,1.60051]},"TT":{"weight":0.0,"played":[0.0,1.0],"evs":[0.0,6.08674]},"JTo":{"weight":0.0,"played":[0.0,1.0],"evs":[0.0,0.98928]},"QTo":{"weight":0.0,"played":[0.0,1.0],"evs":[0.0,0.78319]},"KTo":{"weight":0.0,"played":[0.0,1.0],"evs":[0.0,0.86253]},"ATo":{"weight":0.3766,"played":[0.0,1.0],"evs":[0.0,2.07664]},"J2s":{"weight":0.0,"played":[0.0065,0.9935],"evs":[0.0,0.39409]},"J3s":{"weight":0.0,"played":[0.0016,0.9984],"evs":[0.0,0.55611]},"J4s":{"weight":0.0,"played":[7.0E-4,0.9993],"evs":[0.0,0.37633]},"J5s":{"weight":0.0,"played":[9.0E-4,0.9991],"evs":[0.0,0.52611]},"J6s":{"weight":0.0,"played":[3.0E-4,0.9997],"evs":[0.0,0.64417]},"J7s":{"weight":0.0,"played":[0.0,1.0],"evs":[0.0,1.01015]},"J8s":{"weight":0.0,"played":[0.0,1.0],"evs":[0.0,1.19306]},"J9s":{"weight":0.946,"played":[0.0,1.0],"evs":[0.0,1.5985]},"JTs":{"weight":0.2188,"played":[0.0,1.0],"evs":[0.0,1.89101]},"JJ":{"weight":0.0,"played":[0.0,1.0],"evs":[0.0,7.12934]},"QJo":{"weight":0.0105,"played":[0.0,1.0],"evs":[0.0,1.07335]},"KJo":{"weight":0.9987,"played":[0.0,1.0],"evs":[0.0,1.08991]},"AJo":{"weight":2.0E-4,"played":[0.0,1.0],"evs":[0.0,3.22586]},"Q2s":{"weight":0.0,"played":[4.0E-4,0.9996],"evs":[0.0,0.2517]},"Q3s":{"weight":0.0,"played":[0.0031,0.9969],"evs":[0.0,0.44689]},"Q4s":{"weight":0.0,"played":[1.0E-4,0.9999],"evs":[0.0,0.61687]},"Q5s":{"weight":0.0,"played":[0.0,1.0],"evs":[0.0,0.5024]},"Q6s":{"weight":0.0,"played":[0.0,1.0],"evs":[0.0,0.8695]},"Q7s":{"weight":0.0,"played":[0.0,1.0],"evs":[0.0,0.73474]},"Q8s":{"weight":0.0,"played":[0.0,1.0],"evs":[0.0,0.97414]},"Q9s":{"weight":0.9999,"played":[0.0,1.0],"evs":[0.0,1.39975]},"QTs":{"weight":0.9966,"played":[0.0,1.0],"evs":[0.0,1.67725]},"QJs":{"weight":0.9955,"played":[0.0,1.0],"evs":[0.0,1.74457]},"QQ":{"weight":0.1068,"played":[0.0,1.0],"evs":[0.0,8.29202]},"KQo":{"weight":0.0092,"played":[0.0,1.0],"evs":[0.0,1.6895]},"AQo":{"weight":0.0,"played":[0.0,1.0],"evs":[0.0,4.55085]},"K2s":{"weight":0.0,"played":[0.0,1.0],"evs":[0.0,0.71112]},"K3s":{"weight":0.0,"played":[0.0,1.0],"evs":[0.0,0.81528]},"K4s":{"weight":0.0,"played":[0.0,1.0],"evs":[0.0,0.81589]},"K5s":{"weight":0.0,"played":[0.0,1.0],"evs":[0.0,0.85924]},"K6s":{"weight":0.0,"played":[0.0,1.0],"evs":[0.0,0.98662]},"K7s":{"weight":0.0,"played":[0.0,1.0],"evs":[0.0,1.07425]},"K8s":{"weight":1.0E-4,"played":[0.0,1.0],"evs":[0.0,1.16649]},"K9s":{"weight":0.5823,"played":[0.0,1.0],"evs":[0.0,1.46437]},"KTs":{"weight":0.9638,"played":[0.0,1.0],"evs":[0.0,1.79199]},"KJs":{"weight":0.9793,"played":[0.0,1.0],"evs":[0.0,1.91491]},"KQs":{"weight":0.4282,"played":[0.0,1.0],"evs":[0.0,2.42385]},"KK":{"weight":1.0,"played":[0.0,1.0],"evs":[0.0,9.67246]},"AKo":{"weight":0.0,"played":[0.0,1.0],"evs":[0.0,5.94947]},"A2s":{"weight":3.0E-4,"played":[3.0E-4,0.9997],"evs":[0.0,1.21362]},"A3s":{"weight":0.9907,"played":[0.0,1.0],"evs":[0.0,1.19806]},"A4s":{"weight":0.4784,"played":[0.0,1.0],"evs":[0.0,1.25146]},"A5s":{"weight":0.0877,"played":[0.0,1.0],"evs":[0.0,1.51964]},"A6s":{"weight":0.8107,"played":[1.0E-4,0.9999],"evs":[0.0,1.35531]},"A7s":{"weight":0.6275,"played":[0.0,1.0],"evs":[0.0,1.49954]},"A8s":{"weight":0.9211,"played":[0.0,1.0],"evs":[0.0,1.81253]},"A9s":{"weight":0.9993,"played":[0.0,1.0],"evs":[0.0,2.15961]},"ATs":{"weight":0.9998,"played":[0.0,1.0],"evs":[0.0,2.62551]},"AJs":{"weight":0.1589,"played":[0.0,1.0],"evs":[0.0,3.83771]},"AQs":{"weight":0.0,"played":[0.0,1.0],"evs":[0.0,5.16398]},"AKs":{"weight":0.0,"played":[0.0,1.0],"evs":[0.0,6.49915]},"AA":{"weight":1.0,"played":[0.0,1.0],"evs":[0.0,12.39114]}}}