{"player":0,"street":0,"children":3,"sequence":[{"player":0,"type":"R","amount":200000,"street":0},{"player":1,"type":"F","amount":0,"street":0},{"player":2,"type":"C","amount":200000,"street":0},{"player":3,"type":"R","amount":985000,"street":0},{"player":4,"type":"R","amount":1085000,"street":0},{"player":5,"type":"F","amount":0,"street":0}],"actions":[{"type":"F","amount":0,"node":302},{"type":"C","amount":885000,"node":303},{"type":"R","amount":1885000,"node":305}],"hands":{"22":{"weight":0.9999,"played":[0.0,0.2775,0.7225],"evs":[0.0,1.32263,1.39747]},"32o":{"weight":0.0,"played":[0.9994,3.0E-4,3.0E-4],"evs":[0.0,-3.21413,-3.43549]},"42o":{"weight":0.0,"played":[0.9999,1.0E-4,0.0],"evs":[0.0,-2.7671,-2.92203]},"52o":{"weight":0.0,"played":[0.9999,0.0,1.0E-4],"evs":[0.0,-2.87778,-3.05133]},"62o":{"weight":0.0,"played":[0.9998,2.0E-4,0.0],"evs":[0.0,-2.66444,-2.83902]},"72o":{"weight":0.0,"played":[0.9996,3.0E-4,2.0E-4],"evs":[0.0,-3.24223,-3.39264]},"82o":{"weight":0.0,"played":[1.0,0.0,0.0],"evs":[0.0,-3.46791,-3.53823]},"92o":{"weight":0.0,"played":[0.9998,1.0E-4,1.0E-4],"evs":[0.0,-3.70515,-3.80461]},"T2o":{"weight":0.0,"played":[0.9998,1.0E-4,1.0E-4],"evs":[0.0,-3.76274,-3.81454]},"J2o":{"weight":0.0,"played":[0.9999,1.0E-4,1.0E-4],"evs":[0.0,-3.46986,-3.45473]},"Q2o":{"weight":0.0,"played":[0.9999,0.0,0.0],"evs":[0.0,-3.17536,-3.18972]},"K2o":{"weight":0.0,"played":[0.9982,9.0E-4,9.0E-4],"evs":[0.0,-2.48483,-2.5468]},"A2o":{"weight":0.0,"played":[0.9889,0.0039,0.0072],"evs":[0.0,-0.75447,-0.72819]},"32s":{"weight":0.0,"played":[0.9857,0.0039,0.0104],"evs":[0.0,-0.90525,-0.94005]},"33":{"weight":1.0,"played":[0.0065,0.0279,0.9657],"evs":[0.0,1.91645,2.02677]},"43o":{"weight":0.0,"played":[0.9998,2.0E-4,0.0],"evs":[0.0,-2.11543,-2.1652]},"53o":{"weight":0.0,"played":[0.9978,0.0011,0.0012],"evs":[0.0,-2.06779,-2.13628]},"63o":{"weight":0.0,"played":[0.9983,1.0E-4,0.0016],"evs":[0.0,-2.12283,-2.21027]},"73o":{"weight":0.0,"played":[1.0,0.0,0.0],"evs":[0.0,-2.86653,-2.9748]},"83o":{"weight":0.0,"played":[0.9999,0.0,0.0],"evs":[0.0,-3.56647,-3.65864]},"93o":{"weight":0.0,"played":[1.0,0.0,0.0],"evs":[0.0,-3.55968,-3.62092]},"T3o":{"weight":0.0,"played":[0.9996,2.0E-4,2.0E-4],"evs":[0.0,-3.83122,-3.74563]},"J3o":{"weight":0.0,"played":[1.0,0.0,0.0],"evs":[0.0,-3.34189,-3.35096]},"Q3o":{"weight":0.0,"played":[0.9996,1.0E-4,2.0E-4],"evs":[0.0,-2.61191,-2.55722]},"K3o":{"weight":0.0,"played":[0.9997,0.0,3.0E-4],"evs":[0.0,-2.91233,-2.84169]},"A3o":{"weight":0.0,"played":[0.9494,0.0135,0.0371],"evs":[0.0,-0.37834,-0.30145]},"42s":{"weight":0.0,"played":[0.7666,0.1606,0.0728],"evs":[0.0,-0.35531,-0.39308]},"43s":{"weight":0.0,"played":[0.7272,0.1403,0.1325],"evs":[0.0,-0.42467,-0.32902]},"44":{"weight":1.0,"played":[1.0E-4,0.0749,0.925],"evs":[0.0,2.64534,2.879]},"54o":{"weight":0.0,"played":[0.9814,1.0E-4,0.0185],"evs":[0.0,-0.49143,-0.54589]},"64o":{"weight":0.0,"played":[0.9624,0.0167,0.0209],"evs":[0.0,-0.92448,-1.10048]},"74o":{"weight":0.0,"played":[0.9996,2.0E-4,3.0E-4],"evs":[0.0,-2.08063,-2.17088]},"84o":{"weight":0.0,"played":[0.9988,6.0E-4,6.0E-4],"evs":[0.0,-2.53628,-2.52447]},"94o":{"weight":0.0,"played":[0.9999,1.0E-4,0.0],"evs":[0.0,-3.59229,-3.59762]},"T4o":{"weight":0.0,"played":[1.0,0.0,0.0],"evs":[0.0,-3.47038,-3.40369]},"J4o":{"weight":0.0,"played":[0.9995,1.0E-4,4.0E-4],"evs":[0.0,-3.15218,-3.20007]},"Q4o":{"weight":0.0,"played":[1.0,0.0,0.0],"evs":[0.0,-2.51185,-2.45121]},"K4o":{"weight":0.0,"played":[0.9961,9.0E-4,0.003],"evs":[0.0,-1.75507,-1.63662]},"A4o":{"weight":0.0,"played":[0.8193,0.0387,0.142],"evs":[0.0,-0.43578,-0.33074]},"52s":{"weight":0.0,"played":[0.204,0.5124,0.2835],"evs":[0.0,0.09973,-0.1336]},"53s":{"weight":0.0,"played":[0.0029,0.4167,0.5805],"evs":[0.0,1.11287,1.07236]},"54s":{"weight":0.0,"played":[1.0E-4,0.6915,0.3084],"evs":[0.0,0.28147,0.13576]},"55":{"weight":1.0,"played":[0.0,0.063,0.937],"evs":[0.0,2.98354,3.21515]},"65o":{"weight":0.0,"played":[0.8172,0.0876,0.0952],"evs":[0.0,-0.15478,-0.17142]},"75o":{"weight":0.0,"played":[0.9578,0.034,0.0082],"evs":[0.0,-1.39316,-1.3877]},"85o":{"weight":0.0,"played":[0.9883,0.0057,0.0059],"evs":[0.0,-1.6705,-1.67424]},"95o":{"weight":0.0,"played":[1.0,0.0,0.0],"evs":[0.0,-2.09665,-2.14713]},"T5o":{"weight":0.0,"played":[1.0,0.0,0.0],"evs":[0.0,-3.27529,-3.26009]},"J5o":{"weight":0.0,"played":[0.9999,0.0,1.0E-4],"evs":[0.0,-2.6714,-2.66721]},"Q5o":{"weight":0.0,"played":[0.9988,0.0,0.0012],"evs":[0.0,-2.54869,-2.50054]},"K5o":{"weight":0.0,"played":[0.9976,8.0E-4,0.0016],"evs":[0.0,-1.34589,-1.07705]},"A5o":{"weight":0.9983,"played":[0.447,6.0E-4,0.5525],"evs":[0.0,-0.04885,0.04914]},"62s":{"weight":0.0,"played":[0.9131,0.0481,0.0388],"evs":[0.0,-1.07159,-1.0186]},"63s":{"weight":0.0,"played":[0.5578,0.1538,0.2884],"evs":[0.0,-0.29017,-0.37192]},"64s":{"weight":0.0,"played":[0.0106,0.1329,0.8565],"evs":[0.0,0.9104,1.05506]},"65s":{"weight":0.9823,"played":[0.0275,0.5802,0.3923],"evs":[0.0,1.62111,1.61879]},"66":{"weight":1.0,"played":[0.0,0.2075,0.7925],"evs":[0.0,4.24303,4.43244]},"76o":{"weight":0.0,"played":[0.9894,0.0069,0.0037],"evs":[0.0,-0.76858,-0.82807]},"86o":{"weight":0.0,"played":[0.9386,0.0399,0.0215],"evs":[0.0,-0.40136,-0.40038]},"96o":{"weight":0.0,"played":[0.9776,0.0182,0.0042],"evs":[0.0,-1.61876,-1.73618]},"T6o":{"weight":0.0,"played":[1.0,0.0,0.0],"evs":[0.0,-1.88618,-1.79827]},"J6o":{"weight":0.0,"played":[1.0,0.0,0.0],"evs":[0.0,-2.55253,-2.59585]},"Q6o":{"weight":0.0,"played":[0.9999,1.0E-4,0.0],"evs":[0.0,-3.11756,-3.10189]},"K6o":{"weight":0.0,"played":[0.9982,0.0,0.0017],"evs":[0.0,-1.45853,-1.42237]},"A6o":{"weight":0.0,"played":[0.9897,0.0021,0.0082],"evs":[0.0,-0.77411,-0.63964]},"72s":{"weight":0.0,"played":[0.9614,0.0318,0.0068],"evs":[0.0,-1.37193,-1.53382]},"73s":{"weight":0.0,"played":[0.9864,0.0031,0.0105],"evs":[0.0,-1.70695,-1.66539]},"74s":{"weight":0.0,"played":[0.5483,0.2131,0.2386],"evs":[0.0,-0.36176,-0.37376]},"75s":{"weight":0.0,"played":[0.7018,0.1777,0.1205],"evs":[0.0,-0.03135,-0.0738]},"76s":{"weight":0.9999,"played":[2.0E-4,0.2025,0.7973],"evs":[0.0,1.07202,1.10173]},"77":{"weight":1.0,"played":[0.0,0.1106,0.8894],"evs":[0.0,4.78935,5.04567]},"87o":{"weight":0.0,"played":[0.4333,0.315,0.2517],"evs":[0.0,-0.14252,-0.21357]},"97o":{"weight":0.0,"played":[0.9845,0.0105,0.005],"evs":[0.0,-0.77564,-0.75946]},"T7o":{"weight":0.0,"played":[0.9947,0.0042,0.0011],"evs":[0.0,-1.59924,-1.52422]},"J7o":{"weight":0.0,"played":[0.9998,1.0E-4,1.0E-4],"evs":[0.0,-1.48391,-1.37237]},"Q7o":{"weight":0.0,"played":[0.9996,0.0,4.0E-4],"evs":[0.0,-2.20867,-2.10448]},"K7o":{"weight":0.0,"played":[0.9429,1.0E-4,0.057],"evs":[0.0,-1.23569,-1.14857]},"A7o":{"weight":1.0,"played":[0.6169,0.0119,0.3711],"evs":[0.0,-0.19771,-0.12874]},"82s":{"weight":0.0,"played":[0.9897,0.0036,0.0067],"evs":[0.0,-2.48321,-2.38342]},"83s":{"weight":0.0,"played":[0.9661,0.0014,0.0325],"evs":[0.0,-1.40948,-1.41326]},"84s":{"weight":0.0,"played":[0.7333,0.161,0.1057],"evs":[0.0,-0.25664,-0.29395]},"85s":{"weight":0.0,"played":[0.0539,0.4708,0.4753],"evs":[0.0,0.48565,0.58168]},"86s":{"weight":0.7689,"played":[0.0191,0.1091,0.8718],"evs":[0.0,0.15011,0.25015]},"87s":{"weight":0.9999,"played":[0.0012,0.0123,0.9865],"evs":[0.0,1.21762,1.28603]},"88":{"weight":0.9998,"played":[0.0,0.1043,0.8957],"evs":[0.0,5.3124,5.53587]},"98o":{"weight":0.0,"played":[0.979,0.0109,0.0101],"evs":[0.0,-0.38414,-0.36891]},"T8o":{"weight":0.0,"played":[0.8559,0.0962,0.0479],"evs":[0.0,-1.07647,-0.99979]},"J8o":{"weight":0.0,"played":[0.9989,8.0E-4,3.0E-4],"evs":[0.0,-1.46051,-1.46569]},"Q8o":{"weight":0.0,"played":[0.9998,0.0,2.0E-4],"evs":[0.0,-1.75427,-1.6539]},"K8o":{"weight":0.0,"played":[0.9997,0.0,3.0E-4],"evs":[0.0,-1.04321,-0.98287]},"A8o":{"weight":1.0,"played":[0.0079,0.0254,0.9667],"evs":[0.0,0.2229,0.32537]},"92s":{"weight":0.0,"played":[0.9976,5.0E-4,0.0019],"evs":[0.0,-1.90202,-1.83823]},"93s":{"weight":0.0,"played":[1.0,0.0,0.0],"evs":[0.0,-1.40603,-1.46291]},"94s":{"weight":0.0,"played":[0.997,1.0E-4,0.0029],"evs":[0.0,-1.29531,-1.25898]},"95s":{"weight":0.0,"played":[0.9516,0.0291,0.0193],"evs":[0.0,-0.76743,-0.73202]},"96s":{"weight":0.0,"played":[0.0034,0.4613,0.5353],"evs":[0.0,0.89464,0.94012]},"97s":{"weight":0.9998,"played":[5.0E-4,0.0383,0.9611],"evs":[0.0,0.46724,0.49201]},"98s":{"weight":1.0,"played":[2.0E-4,0.1326,0.8672],"evs":[0.0,1.60681,1.69716]},"99":{"weight":1.0,"played":[0.0,0.0667,0.9333],"evs":[0.0,6.29064,6.5959]},"T9o":{"weight":0.0,"played":[0.8188,0.0601,0.1211],"evs":[0.0,-0.66738,-0.59305]},"J9o":{"weight":0.0,"played":[0.9828,0.007,0.0102],"evs":[0.0,-0.98523,-0.86526]},"Q9o":{"weight":0.0,"played":[0.9961,6.0E-4,0.0033],"evs":[0.0,-1.14904,-1.01906]},"K9o":{"weight":0.0,"played":[0.6777,0.0163,0.3059],"evs":[0.0,-0.28885,-0.20471]},"A9o":{"weight":1.0,"played":[2.0E-4,2.0E-4,0.9997],"evs":[0.0,0.69124,0.81959]},"T2s":{"weight":0.0,"played":[0.9653,0.0268,0.0079],"evs":[0.0,-2.42985,-2.17824]},"T3s":{"weight":0.0,"played":[0.9571,0.0111,0.0318],"evs":[0.0,-1.48783,-1.50225]},"T4s":{"weight":0.0,"played":[0.9959,0.0037,4.0E-4],"evs":[0.0,-2.37674,-2.22182]},"T5s":{"weight":0.0,"played":[0.8167,0.0941,0.0892],"evs":[0.0,-0.57771,-0.66468]},"T6s":{"weight":0.0,"played":[0.7466,0.0629,0.1904],"evs":[0.0,-0.2068,-0.15054]},"T7s":{"weight":0.9993,"played":[0.3692,0.201,0.4299],"evs":[0.0,-0.36643,-0.2384]},"T8s":{"weight":1.0,"played":[1.0E-4,0.0743,0.9256],"evs":[0.0,0.4934,0.60905]},"T9s":{"weight":1.0,"played":[0.1148,0.2853,0.5999],"evs":[0.0,0.39299,0.42424]},"TT":{"weight":1.0,"played":[0.0,0.0636,0.9364],"evs":[0.0,8.02265,8.16207]},"JTo":{"weight":1.0,"played":[0.603,0.0997,0.2973],"evs":[0.0,-0.40543,-0.27222]},"QTo":{"weight":1.0,"played":[0.0093,0.0065,0.9842],"evs":[0.0,0.08366,0.25031]},"KTo":{"weight":1.0,"played":[0.0,0.0084,0.9916],"evs":[0.0,0.60484,0.81116]},"ATo":{"weight":1.0,"played":[0.0,0.0027,0.9973],"evs":[0.0,2.51337,2.64799]},"J2s":{"weight":0.0,"played":[0.8847,0.0442,0.0711],"evs":[0.0,-0.83297,-0.77325]},"J3s":{"weight":0.0,"played":[0.618,0.2189,0.1631],"evs":[0.0,-1.20067,-1.22727]},"J4s":{"weight":0.0,"played":[0.965,0.0112,0.0238],"evs":[0.0,-2.1149,-1.96825]},"J5s":{"weight":0.0,"played":[0.5197,0.1606,0.3197],"evs":[0.0,-0.3317,-0.13481]},"J6s":{"weight":0.0,"played":[0.9824,0.0026,0.0149],"evs":[0.0,-1.18674,-1.0177]},"J7s":{"weight":0.0,"played":[0.5895,0.1941,0.2164],"evs":[0.0,-0.50759,-0.36771]},"J8s":{"weight":1.0,"played":[0.0,0.0555,0.9445],"evs":[0.0,1.19833,1.41141]},"J9s":{"weight":1.0,"played":[1.0E-4,0.0075,0.9925],"evs":[0.0,1.47038,1.72167]},"JTs":{"weight":1.0,"played":[9.0E-4,0.0,0.9991],"evs":[0.0,2.07097,2.30728]},"JJ":{"weight":1.0,"played":[0.0,0.0493,0.9507],"evs":[0.0,10.52248,10.78635]},"QJo":{"weight":1.0,"played":[1.0E-4,0.0138,0.9861],"evs":[0.0,0.05561,0.19267]},"KJo":{"weight":1.0,"played":[1.0E-4,0.0042,0.9957],"evs":[0.0,1.59346,1.80112]},"AJo":{"weight":1.0,"played":[0.0,0.0455,0.9545],"evs":[0.0,3.08133,3.22304]},"Q2s":{"weight":0.0,"played":[0.2504,0.3836,0.366],"evs":[0.0,-0.12369,-0.26353]},"Q3s":{"weight":0.0,"played":[0.7975,0.083,0.1196],"evs":[0.0,-1.10075,-1.16578]},"Q4s":{"weight":0.0,"played":[0.9677,0.022,0.0102],"evs":[0.0,-1.17432,-1.173]},"Q5s":{"weight":0.0,"played":[0.7391,0.0515,0.2094],"evs":[0.0,-0.13955,-0.08553]},"Q6s":{"weight":0.0,"played":[0.1684,0.3613,0.4703],"evs":[0.0,-0.1383,0.06998]},"Q7s":{"weight":0.1057,"played":[0.484,0.3413,0.1747],"evs":[0.0,-0.02231,0.05067]},"Q8s":{"weight":1.0,"played":[0.1007,0.2454,0.6539],"evs":[0.0,0.42379,0.52822]},"Q9s":{"weight":1.0,"played":[0.0232,0.1337,0.8431],"evs":[0.0,0.84357,0.96534]},"QTs":{"weight":1.0,"played":[0.0011,0.0365,0.9624],"evs":[0.0,2.21416,2.35574]},"QJs":{"weight":1.0,"played":[0.0,0.025,0.975],"evs":[0.0,2.36656,2.58561]},"QQ":{"weight":1.0,"played":[0.0,2.0E-4,0.9998],"evs":[0.0,12.92618,13.3959]},"KQo":{"weight":0.9999,"played":[0.0,0.0053,0.9947],"evs":[0.0,2.75595,2.95981]},"AQo":{"weight":0.9998,"played":[0.0,0.0602,0.9398],"evs":[0.0,4.51476,4.62405]},"K2s":{"weight":0.0,"played":[0.4861,0.2077,0.3062],"evs":[0.0,-0.66172,-0.75638]},"K3s":{"weight":0.0,"played":[0.6151,0.2127,0.1722],"evs":[0.0,0.04517,0.07779]},"K4s":{"weight":0.0591,"played":[0.5019,0.2502,0.2479],"evs":[0.0,-0.23964,-0.32467]},"K5s":{"weight":1.0,"played":[0.3016,0.3332,0.3652],"evs":[0.0,0.96896,1.00321]},"K6s":{"weight":1.0,"played":[0.4979,0.1557,0.3465],"evs":[0.0,-0.24637,-0.22473]},"K7s":{"weight":1.0,"played":[0.0485,0.0189,0.9325],"evs":[0.0,0.87775,1.06456]},"K8s":{"weight":1.0,"played":[0.0022,0.0197,0.9781],"evs":[0.0,0.8484,1.05892]},"K9s":{"weight":1.0,"played":[3.0E-4,0.0603,0.9394],"evs":[0.0,2.61614,2.74875]},"KTs":{"weight":0.9999,"played":[0.0028,0.0331,0.9641],"evs":[0.0,2.34299,2.49848]},"KJs":{"weight":1.0,"played":[0.0,0.0015,0.9985],"evs":[0.0,3.15161,3.30445]},"KQs":{"weight":1.0,"played":[0.0,8.0E-4,0.9992],"evs":[0.0,4.0658,4.30439]},"KK":{"weight":1.0,"played":[0.0,0.0016,0.9984],"evs":[0.0,18.02112,18.29769]},"AKo":{"weight":1.0,"played":[0.0,0.0,1.0],"evs":[0.0,6.77445,6.86002]},"A2s":{"weight":1.0,"played":[1.0E-4,0.3457,0.6543],"evs":[0.0,1.14303,1.11005]},"A3s":{"weight":1.0,"played":[0.002,0.0063,0.9917],"evs":[0.0,1.48926,1.58557]},"A4s":{"weight":1.0,"played":[0.0103,0.1399,0.8498],"evs":[0.0,1.68892,1.74]},"A5s":{"weight":1.0,"played":[0.0,0.0,1.0],"evs":[0.0,1.63792,1.71638]},"A6s":{"weight":1.0,"played":[0.0,0.1875,0.8125],"evs":[0.0,1.32616,1.33547]},"A7s":{"weight":1.0,"played":[1.0E-4,0.003,0.9969],"evs":[0.0,2.96838,3.12448]},"A8s":{"weight":1.0,"played":[0.0019,0.0353,0.9628],"evs":[0.0,2.22917,2.48699]},"A9s":{"weight":1.0,"played":[0.0,0.2115,0.7885],"evs":[0.0,3.21324,3.34929]},"ATs":{"weight":1.0,"played":[0.0,0.0991,0.9009],"evs":[0.0,4.03789,4.15512]},"AJs":{"weight":1.0,"played":[0.0,0.0591,0.9409],"evs":[0.0,5.67507,5.83498]},"AQs":{"weight":1.0,"played":[0.0,0.0311,0.9689],"evs":[0.0,6.44535,6.73685]},"AKs":{"weight":1.0,"played":[0.0,0.5699,0.4301],"evs":[0.0,8.50757,8.5944]},"AA":{"weight":1.0,"played":[0.0,0.0319,0.9681],"evs":[0.0,25.88024,26.26304]}}}