{"player":2,"street":0,"children":2,"sequence":[{"player":0,"type":"R","amount":200000,"street":0},{"player":1,"type":"F","amount":0,"street":0},{"player":2,"type":"C","amount":200000,"street":0},{"player":3,"type":"R","amount":985000,"street":0},{"player":4,"type":"R","amount":1085000,"street":0},{"player":5,"type":"F","amount":0,"street":0},{"player":0,"type":"F","amount":0,"street":0}],"actions":[{"type":"F","amount":0},{"type":"C","amount":885000}],"hands":{"22":{"weight":0.0,"played":[0.0035,0.9965],"evs":[0.0,2.15075]},"32o":{"weight":0.0,"played":[0.9806,0.0194],"evs":[0.0,-0.3301]},"42o":{"weight":0.0,"played":[0.9955,0.0045],"evs":[0.0,-0.36919]},"52o":{"weight":0.0,"played":[0.7331,0.2669],"evs":[0.0,-0.27156]},"62o":{"weight":0.0,"played":[0.8487,0.1513],"evs":[0.0,-0.64081]},"72o":{"weight":0.0,"played":[0.9943,0.0057],"evs":[0.0,-0.99423]},"82o":{"weight":0.0,"played":[0.989,0.011],"evs":[0.0,-0.94964]},"92o":{"weight":0.0,"played":[0.889,0.111],"evs":[0.0,-0.24537]},"T2o":{"weight":0.0,"played":[0.8614,0.1386],"evs":[0.0,-0.65951]},"J2o":{"weight":0.0,"played":[0.8433,0.1567],"evs":[0.0,-0.35121]},"Q2o":{"weight":0.0,"played":[0.6425,0.3575],"evs":[0.0,-0.14196]},"K2o":{"weight":0.0,"played":[0.2646,0.7354],"evs":[0.0,0.51928]},"A2o":{"weight":0.0,"played":[0.6325,0.3675],"evs":[0.0,-0.18584]},"32s":{"weight":0.0,"played":[0.0183,0.9817],"evs":[0.0,1.78302]},"33":{"weight":0.5319,"played":[0.0034,0.9966],"evs":[0.0,2.68223]},"43o":{"weight":0.0,"played":[0.1471,0.8529],"evs":[0.0,0.11323]},"53o":{"weight":0.0,"played":[0.4106,0.5894],"evs":[0.0,0.01859]},"63o":{"weight":0.0,"played":[0.1037,0.8963],"evs":[0.0,0.02948]},"73o":{"weight":0.0,"played":[0.9469,0.0531],"evs":[0.0,-0.62053]},"83o":{"weight":0.0,"played":[0.9768,0.0232],"evs":[0.0,-0.19976]},"93o":{"weight":0.0,"played":[0.9074,0.0926],"evs":[0.0,-0.23618]},"T3o":{"weight":0.0,"played":[0.8407,0.1593],"evs":[0.0,-0.07484]},"J3o":{"weight":0.0,"played":[0.358,0.642],"evs":[0.0,-0.17149]},"Q3o":{"weight":0.0,"played":[0.752,0.248],"evs":[0.0,-0.18943]},"K3o":{"weight":0.0,"played":[0.2016,0.7984],"evs":[0.0,0.32766]},"A3o":{"weight":0.0,"played":[0.1815,0.8185],"evs":[0.0,0.34624]},"42s":{"weight":0.0,"played":[0.0456,0.9544],"evs":[0.0,0.82719]},"43s":{"weight":0.0,"played":[1.0E-4,0.9999],"evs":[0.0,2.15274]},"44":{"weight":0.7023,"played":[1.0E-4,0.9999],"evs":[0.0,2.22544]},"54o":{"weight":0.0,"played":[0.341,0.659],"evs":[0.0,0.34026]},"64o":{"weight":0.0,"played":[0.1413,0.8587],"evs":[0.0,0.35073]},"74o":{"weight":0.0,"played":[0.9825,0.0175],"evs":[0.0,-0.17478]},"84o":{"weight":0.0,"played":[0.0185,0.9815],"evs":[0.0,0.45899]},"94o":{"weight":0.0,"played":[0.0527,0.9473],"evs":[0.0,0.19072]},"T4o":{"weight":0.0,"played":[0.1172,0.8828],"evs":[0.0,-0.17363]},"J4o":{"weight":0.0,"played":[0.3433,0.6567],"evs":[0.0,-0.16723]},"Q4o":{"weight":0.0,"played":[0.3591,0.6409],"evs":[0.0,0.09849]},"K4o":{"weight":0.0,"played":[0.9452,0.0548],"evs":[0.0,-0.09915]},"A4o":{"weight":0.0,"played":[0.5665,0.4335],"evs":[0.0,0.05117]},"52s":{"weight":0.0,"played":[0.0815,0.9185],"evs":[0.0,1.80528]},"53s":{"weight":0.0,"played":[0.3808,0.6192],"evs":[0.0,1.1077]},"54s":{"weight":0.0,"played":[0.0015,0.9985],"evs":[0.0,2.3999]},"55":{"weight":0.4232,"played":[1.0E-4,0.9999],"evs":[0.0,2.75103]},"65o":{"weight":0.0,"played":[0.418,0.582],"evs":[0.0,0.74248]},"75o":{"weight":0.0,"played":[0.0633,0.9367],"evs":[0.0,0.37415]},"85o":{"weight":0.0,"played":[0.0157,0.9843],"evs":[0.0,0.21313]},"95o":{"weight":0.0,"played":[0.1219,0.8781],"evs":[0.0,0.13545]},"T5o":{"weight":0.0,"played":[0.8079,0.1921],"evs":[0.0,-0.04333]},"J5o":{"weight":0.0,"played":[0.9278,0.0722],"evs":[0.0,-0.63086]},"Q5o":{"weight":0.0,"played":[0.646,0.354],"evs":[0.0,-0.19443]},"K5o":{"weight":0.0,"played":[0.0777,0.9223],"evs":[0.0,0.6049]},"A5o":{"weight":0.0,"played":[0.1088,0.8912],"evs":[0.0,-0.04808]},"62s":{"weight":0.0,"played":[0.0375,0.9625],"evs":[0.0,2.47905]},"63s":{"weight":0.0,"played":[0.1574,0.8426],"evs":[0.0,1.73057]},"64s":{"weight":0.0,"played":[0.0032,0.9968],"evs":[0.0,2.38958]},"65s":{"weight":0.0,"played":[0.0188,0.9812],"evs":[0.0,3.10294]},"66":{"weight":0.0103,"played":[0.0,1.0],"evs":[0.0,4.42992]},"76o":{"weight":0.0,"played":[1.0E-4,0.9999],"evs":[0.0,1.53484]},"86o":{"weight":0.0,"played":[0.0013,0.9987],"evs":[0.0,0.72276]},"96o":{"weight":0.0,"played":[0.1467,0.8533],"evs":[0.0,0.75768]},"T6o":{"weight":0.0,"played":[0.6495,0.3505],"evs":[0.0,-0.28527]},"J6o":{"weight":0.0,"played":[0.2459,0.7541],"evs":[0.0,0.34029]},"Q6o":{"weight":0.0,"played":[0.3067,0.6933],"evs":[0.0,0.48182]},"K6o":{"weight":0.0,"played":[1.0E-4,0.9999],"evs":[0.0,1.78404]},"A6o":{"weight":0.0,"played":[0.0681,0.9319],"evs":[0.0,0.46077]},"72s":{"weight":0.0,"played":[0.0682,0.9318],"evs":[0.0,1.51726]},"73s":{"weight":0.0,"played":[0.0111,0.9889],"evs":[0.0,1.54884]},"74s":{"weight":0.0,"played":[0.0077,0.9923],"evs":[0.0,1.32217]},"75s":{"weight":0.0,"played":[1.0E-4,0.9999],"evs":[0.0,1.62076]},"76s":{"weight":0.2425,"played":[2.0E-4,0.9998],"evs":[0.0,2.14032]},"77":{"weight":0.0,"played":[0.0,1.0],"evs":[0.0,3.8021]},"87o":{"weight":0.0,"played":[0.0014,0.9986],"evs":[0.0,0.92586]},"97o":{"weight":0.0,"played":[2.0E-4,0.9998],"evs":[0.0,1.72758]},"T7o":{"weight":0.0,"played":[0.006,0.994],"evs":[0.0,0.55131]},"J7o":{"weight":0.0,"played":[0.0349,0.9651],"evs":[0.0,1.09683]},"Q7o":{"weight":0.0,"played":[0.1315,0.8685],"evs":[0.0,-0.0327]},"K7o":{"weight":0.0,"played":[0.0277,0.9723],"evs":[0.0,1.36755]},"A7o":{"weight":0.0,"played":[0.1757,0.8243],"evs":[0.0,0.30333]},"82s":{"weight":0.0,"played":[0.4223,0.5777],"evs":[0.0,0.18773]},"83s":{"weight":0.0,"played":[0.0015,0.9985],"evs":[0.0,0.75977]},"84s":{"weight":0.0,"played":[0.0481,0.9519],"evs":[0.0,1.2024]},"85s":{"weight":0.0,"played":[0.0105,0.9895],"evs":[0.0,1.48263]},"86s":{"weight":1.0E-4,"played":[0.0,1.0],"evs":[0.0,3.24053]},"87s":{"weight":0.0012,"played":[0.002,0.998],"evs":[0.0,2.79919]},"88":{"weight":0.0,"played":[0.0,1.0],"evs":[0.0,5.75721]},"98o":{"weight":0.0,"played":[0.0025,0.9975],"evs":[0.0,2.47171]},"T8o":{"weight":0.0,"played":[0.0027,0.9973],"evs":[0.0,0.99313]},"J8o":{"weight":0.0,"played":[3.0E-4,0.9997],"evs":[0.0,1.61772]},"Q8o":{"weight":0.0,"played":[0.0078,0.9922],"evs":[0.0,1.36502]},"K8o":{"weight":0.0,"played":[0.0031,0.9969],"evs":[0.0,0.96826]},"A8o":{"weight":0.0,"played":[2.0E-4,0.9998],"evs":[0.0,0.97548]},"92s":{"weight":0.0,"played":[0.7,0.3],"evs":[0.0,0.12413]},"93s":{"weight":0.0,"played":[0.0264,0.9736],"evs":[0.0,0.31429]},"94s":{"weight":0.0,"played":[0.0069,0.9931],"evs":[0.0,1.42009]},"95s":{"weight":0.0,"played":[0.3373,0.6627],"evs":[0.0,0.8119]},"96s":{"weight":0.0,"played":[0.0,1.0],"evs":[0.0,1.50694]},"97s":{"weight":0.0,"played":[0.0039,0.9961],"evs":[0.0,3.24381]},"98s":{"weight":0.6438,"played":[0.0,1.0],"evs":[0.0,2.75704]},"99":{"weight":0.0,"played":[0.0,1.0],"evs":[0.0,8.19232]},"T9o":{"weight":0.0,"played":[8.0E-4,0.9992],"evs":[0.0,2.29516]},"J9o":{"weight":0.0,"played":[0.0073,0.9927],"evs":[0.0,1.89318]},"Q9o":{"weight":0.0,"played":[0.0051,0.9949],"evs":[0.0,1.16038]},"K9o":{"weight":0.0,"played":[0.0,1.0],"evs":[0.0,2.29967]},"A9o":{"weight":0.0038,"played":[0.0,1.0],"evs":[0.0,1.15552]},"T2s":{"weight":0.0,"played":[0.0982,0.9018],"evs":[0.0,0.35567]},"T3s":{"weight":0.0,"played":[0.1084,0.8916],"evs":[0.0,1.39912]},"T4s":{"weight":0.0,"played":[0.0241,0.9759],"evs":[0.0,1.90604]},"T5s":{"weight":0.0,"played":[0.0507,0.9493],"evs":[0.0,0.98667]},"T6s":{"weight":0.0,"played":[0.0363,0.9637],"evs":[0.0,0.61896]},"T7s":{"weight":0.0,"played":[0.0053,0.9947],"evs":[0.0,2.65574]},"T8s":{"weight":2.0E-4,"played":[1.0E-4,0.9999],"evs":[0.0,2.9392]},"T9s":{"weight":0.9999,"played":[0.0,1.0],"evs":[0.0,3.40057]},"TT":{"weight":0.0,"played":[0.0,1.0],"evs":[0.0,8.64398]},"JTo":{"weight":0.0,"played":[3.0E-4,0.9997],"evs":[0.0,1.76819]},"QTo":{"weight":0.0,"played":[5.0E-4,0.9995],"evs":[0.0,1.66282]},"KTo":{"weight":0.0,"played":[1.0E-4,0.9999],"evs":[0.0,2.99677]},"ATo":{"weight":0.3766,"played":[0.0,1.0],"evs":[0.0,1.50922]},"J2s":{"weight":0.0,"played":[0.2697,0.7303],"evs":[0.0,0.64801]},"J3s":{"weight":0.0,"played":[5.0E-4,0.9995],"evs":[0.0,0.98775]},"J4s":{"weight":0.0,"played":[0.2116,0.7884],"evs":[0.0,1.77206]},"J5s":{"weight":0.0,"played":[0.0176,0.9824],"evs":[0.0,0.6521]},"J6s":{"weight":0.0,"played":[5.0E-4,0.9995],"evs":[0.0,1.67791]},"J7s":{"weight":0.0,"played":[0.0,1.0],"evs":[0.0,1.61488]},"J8s":{"weight":0.0,"played":[0.0,1.0],"evs":[0.0,2.58528]},"J9s":{"weight":0.946,"played":[3.0E-4,0.9997],"evs":[0.0,2.52878]},"JTs":{"weight":0.2188,"played":[1.0E-4,0.9999],"evs":[0.0,3.06195]},"JJ":{"weight":0.0,"played":[0.0,1.0],"evs":[0.0,10.15336]},"QJo":{"weight":0.0105,"played":[0.0,1.0],"evs":[0.0,2.70476]},"KJo":{"weight":0.9987,"played":[0.0,1.0],"evs":[0.0,2.4385]},"AJo":{"weight":2.0E-4,"played":[0.0,1.0],"evs":[0.0,3.13257]},"Q2s":{"weight":0.0,"played":[0.0,1.0],"evs":[0.0,2.05321]},"Q3s":{"weight":0.0,"played":[7.0E-4,0.9993],"evs":[0.0,3.69981]},"Q4s":{"weight":0.0,"played":[0.0126,0.9874],"evs":[0.0,2.08819]},"Q5s":{"weight":0.0,"played":[5.0E-4,0.9995],"evs":[0.0,1.46979]},"Q6s":{"weight":0.0,"played":[0.0649,0.9351],"evs":[0.0,0.58109]},"Q7s":{"weight":0.0,"played":[0.0924,0.9076],"evs":[0.0,1.56908]},"Q8s":{"weight":0.0,"played":[0.0084,0.9916],"evs":[0.0,2.7309]},"Q9s":{"weight":0.9999,"played":[0.0012,0.9988],"evs":[0.0,3.20708]},"QTs":{"weight":0.9966,"played":[0.0026,0.9974],"evs":[0.0,2.77771]},"QJs":{"weight":0.9955,"played":[0.0,1.0],"evs":[0.0,3.59095]},"QQ":{"weight":0.1068,"played":[0.0,1.0],"evs":[0.0,12.28147]},"KQo":{"weight":0.0092,"played":[0.0,1.0],"evs":[0.0,3.66883]},"AQo":{"weight":0.0,"played":[0.0,1.0],"evs":[0.0,4.42327]},"K2s":{"weight":0.0,"played":[0.1389,0.8611],"evs":[0.0,2.12403]},"K3s":{"weight":0.0,"played":[1.0E-4,0.9999],"evs":[0.0,2.76272]},"K4s":{"weight":0.0,"played":[0.02,0.98],"evs":[0.0,2.55023]},"K5s":{"weight":0.0,"played":[0.0086,0.9914],"evs":[0.0,1.15598]},"K6s":{"weight":0.0,"played":[0.0028,0.9972],"evs":[0.0,1.80577]},"K7s":{"weight":0.0,"played":[0.0017,0.9983],"evs":[0.0,2.94425]},"K8s":{"weight":1.0E-4,"played":[0.0032,0.9968],"evs":[0.0,2.1425]},"K9s":{"weight":0.5823,"played":[3.0E-4,0.9997],"evs":[0.0,2.48282]},"KTs":{"weight":0.9638,"played":[1.0E-4,0.9999],"evs":[0.0,3.48307]},"KJs":{"weight":0.9793,"played":[0.0,1.0],"evs":[0.0,2.76185]},"KQs":{"weight":0.4282,"played":[3.0E-4,0.9997],"evs":[0.0,5.00074]},"KK":{"weight":1.0,"played":[0.0,1.0],"evs":[0.0,14.50882]},"AKo":{"weight":0.0,"played":[0.0,1.0],"evs":[0.0,6.90429]},"A2s":{"weight":3.0E-4,"played":[0.004,0.996],"evs":[0.0,0.81972]},"A3s":{"weight":0.9907,"played":[0.0034,0.9966],"evs":[0.0,2.28626]},"A4s":{"weight":0.4784,"played":[0.0,1.0],"evs":[0.0,1.42941]},"A5s":{"weight":0.0877,"played":[1.0E-4,0.9999],"evs":[0.0,1.3686]},"A6s":{"weight":0.8107,"played":[5.0E-4,0.9995],"evs":[0.0,1.66106]},"A7s":{"weight":0.6275,"played":[0.005,0.995],"evs":[0.0,1.92936]},"A8s":{"weight":0.9211,"played":[0.0104,0.9896],"evs":[0.0,1.64962]},"A9s":{"weight":0.9993,"played":[3.0E-4,0.9997],"evs":[0.0,2.56075]},"ATs":{"weight":0.9998,"played":[0.0,1.0],"evs":[0.0,3.18445]},"AJs":{"weight":0.1589,"played":[4.0E-4,0.9996],"evs":[0.0,5.89067]},"AQs":{"weight":0.0,"played":[0.0,1.0],"evs":[0.0,4.79661]},"AKs":{"weight":0.0,"played":[0.0,1.0],"evs":[0.0,7.82517]},"AA":{"weight":1.0,"played":[0.0,1.0],"evs":[0.0,19.34401]}}}