{"player":3,"street":0,"children":2,"sequence":[{"player":0,"type":"R","amount":200000,"street":0},{"player":1,"type":"F","amount":0,"street":0},{"player":2,"type":"R","amount":1885000,"street":0}],"actions":[{"type":"F","amount":0,"node":310},{"type":"C","amount":985000,"node":317}],"hands":{"22":{"weight":1.0,"played":[1.0,0.0],"evs":[0.0,-1.10827]},"32o":{"weight":1.0,"played":[1.0,0.0],"evs":[0.0,-3.43657]},"42o":{"weight":1.0,"played":[1.0,0.0],"evs":[0.0,-3.29404]},"52o":{"weight":1.0,"played":[1.0,0.0],"evs":[0.0,-3.21083]},"62o":{"weight":1.0,"played":[1.0,0.0],"evs":[0.0,-3.41679]},"72o":{"weight":1.0,"played":[1.0,0.0],"evs":[0.0,-3.61869]},"82o":{"weight":1.0,"played":[1.0,0.0],"evs":[0.0,-3.41982]},"92o":{"weight":1.0,"played":[1.0,0.0],"evs":[0.0,-3.28783]},"T2o":{"weight":1.0,"played":[1.0,0.0],"evs":[0.0,-3.34197]},"J2o":{"weight":1.0,"played":[1.0,0.0],"evs":[0.0,-3.23797]},"Q2o":{"weight":1.0,"played":[1.0,0.0],"evs":[0.0,-3.04716]},"K2o":{"weight":1.0,"played":[1.0,0.0],"evs":[0.0,-2.80956]},"A2o":{"weight":1.0,"played":[1.0,0.0],"evs":[0.0,-2.41457]},"32s":{"weight":1.0,"played":[1.0,0.0],"evs":[0.0,-2.54558]},"33":{"weight":1.0,"played":[1.0,0.0],"evs":[0.0,-0.96582]},"43o":{"weight":1.0,"played":[1.0,0.0],"evs":[0.0,-2.9832]},"53o":{"weight":1.0,"played":[1.0,0.0],"evs":[0.0,-2.86819]},"63o":{"weight":1.0,"played":[1.0,0.0],"evs":[0.0,-3.02601]},"73o":{"weight":1.0,"played":[1.0,0.0],"evs":[0.0,-3.27237]},"83o":{"weight":1.0,"played":[1.0,0.0],"evs":[0.0,-3.41287]},"93o":{"weight":1.0,"played":[1.0,0.0],"evs":[0.0,-3.22626]},"T3o":{"weight":1.0,"played":[1.0,0.0],"evs":[0.0,-3.21913]},"J3o":{"weight":1.0,"played":[1.0,0.0],"evs":[0.0,-3.13214]},"Q3o":{"weight":1.0,"played":[1.0,0.0],"evs":[0.0,-2.95519]},"K3o":{"weight":1.0,"played":[1.0,0.0],"evs":[0.0,-2.69775]},"A3o":{"weight":1.0,"played":[1.0,0.0],"evs":[0.0,-2.31047]},"42s":{"weight":1.0,"played":[1.0,0.0],"evs":[0.0,-2.45735]},"43s":{"weight":1.0,"played":[1.0,0.0],"evs":[0.0,-2.13407]},"44":{"weight":1.0,"played":[1.0,0.0],"evs":[0.0,-0.80015]},"54o":{"weight":1.0,"played":[1.0,0.0],"evs":[0.0,-2.56945]},"64o":{"weight":1.0,"played":[1.0,0.0],"evs":[0.0,-2.76238]},"74o":{"weight":1.0,"played":[1.0,0.0],"evs":[0.0,-2.93279]},"84o":{"weight":1.0,"played":[1.0,0.0],"evs":[0.0,-3.0953]},"94o":{"weight":1.0,"played":[1.0,0.0],"evs":[0.0,-3.20698]},"T4o":{"weight":1.0,"played":[1.0,0.0],"evs":[0.0,-3.17948]},"J4o":{"weight":1.0,"played":[1.0,0.0],"evs":[0.0,-3.0766]},"Q4o":{"weight":1.0,"played":[1.0,0.0],"evs":[0.0,-2.90381]},"K4o":{"weight":1.0,"played":[1.0,0.0],"evs":[0.0,-2.65456]},"A4o":{"weight":1.0,"played":[1.0,0.0],"evs":[0.0,-2.2239]},"52s":{"weight":1.0,"played":[1.0,0.0],"evs":[0.0,-2.31176]},"53s":{"weight":1.0,"played":[1.0,0.0],"evs":[0.0,-1.97844]},"54s":{"weight":1.0,"played":[1.0,0.0],"evs":[0.0,-1.68782]},"55":{"weight":1.0,"played":[1.0,0.0],"evs":[0.0,-0.5632]},"65o":{"weight":1.0,"played":[1.0,0.0],"evs":[0.0,-2.44152]},"75o":{"weight":1.0,"played":[1.0,0.0],"evs":[0.0,-2.63364]},"85o":{"weight":1.0,"played":[1.0,0.0],"evs":[0.0,-2.74675]},"95o":{"weight":1.0,"played":[1.0,0.0],"evs":[0.0,-2.88017]},"T5o":{"weight":1.0,"played":[1.0,0.0],"evs":[0.0,-3.13577]},"J5o":{"weight":1.0,"played":[1.0,0.0],"evs":[0.0,-3.02755]},"Q5o":{"weight":1.0,"played":[1.0,0.0],"evs":[0.0,-2.78044]},"K5o":{"weight":1.0,"played":[1.0,0.0],"evs":[0.0,-2.54268]},"A5o":{"weight":1.0,"played":[1.0,0.0],"evs":[0.0,-2.09928]},"62s":{"weight":1.0,"played":[1.0,0.0],"evs":[0.0,-2.48267]},"63s":{"weight":1.0,"played":[1.0,0.0],"evs":[0.0,-2.19877]},"64s":{"weight":1.0,"played":[1.0,0.0],"evs":[0.0,-1.8812]},"65s":{"weight":1.0,"played":[1.0,0.0],"evs":[0.0,-1.61317]},"66":{"weight":1.0,"played":[0.8249,0.1751],"evs":[0.0,-0.00608]},"76o":{"weight":1.0,"played":[1.0,0.0],"evs":[0.0,-2.23465]},"86o":{"weight":1.0,"played":[1.0,0.0],"evs":[0.0,-2.34894]},"96o":{"weight":1.0,"played":[1.0,0.0],"evs":[0.0,-2.50378]},"T6o":{"weight":1.0,"played":[1.0,0.0],"evs":[0.0,-2.771]},"J6o":{"weight":1.0,"played":[1.0,0.0],"evs":[0.0,-2.87059]},"Q6o":{"weight":1.0,"played":[1.0,0.0],"evs":[0.0,-2.63586]},"K6o":{"weight":1.0,"played":[1.0,0.0],"evs":[0.0,-2.40696]},"A6o":{"weight":1.0,"played":[1.0,0.0],"evs":[0.0,-2.29677]},"72s":{"weight":1.0,"played":[1.0,0.0],"evs":[0.0,-2.69662]},"73s":{"weight":1.0,"played":[1.0,0.0],"evs":[0.0,-2.38823]},"74s":{"weight":1.0,"played":[1.0,0.0],"evs":[0.0,-2.14405]},"75s":{"weight":1.0,"played":[1.0,0.0],"evs":[0.0,-1.7717]},"76s":{"weight":1.0,"played":[1.0,0.0],"evs":[0.0,-1.3851]},"77":{"weight":1.0,"played":[0.0,1.0],"evs":[0.0,0.53123]},"87o":{"weight":1.0,"played":[1.0,0.0],"evs":[0.0,-2.05817]},"97o":{"weight":1.0,"played":[1.0,0.0],"evs":[0.0,-2.16769]},"T7o":{"weight":1.0,"played":[1.0,0.0],"evs":[0.0,-2.40923]},"J7o":{"weight":1.0,"played":[1.0,0.0],"evs":[0.0,-2.57536]},"Q7o":{"weight":1.0,"played":[1.0,0.0],"evs":[0.0,-2.59296]},"K7o":{"weight":1.0,"played":[1.0,0.0],"evs":[0.0,-2.27789]},"A7o":{"weight":1.0,"played":[1.0,0.0],"evs":[0.0,-2.03914]},"82s":{"weight":1.0,"played":[1.0,0.0],"evs":[0.0,-2.49046]},"83s":{"weight":1.0,"played":[1.0,0.0],"evs":[0.0,-2.46723]},"84s":{"weight":1.0,"played":[1.0,0.0],"evs":[0.0,-2.20991]},"85s":{"weight":1.0,"played":[1.0,0.0],"evs":[0.0,-1.87912]},"86s":{"weight":1.0,"played":[1.0,0.0],"evs":[0.0,-1.48165]},"87s":{"weight":1.0,"played":[1.0,0.0],"evs":[0.0,-1.27698]},"88":{"weight":1.0,"played":[0.0,1.0],"evs":[0.0,1.22603]},"98o":{"weight":1.0,"played":[1.0,0.0],"evs":[0.0,-1.88736]},"T8o":{"weight":1.0,"played":[1.0,0.0],"evs":[0.0,-2.03874]},"J8o":{"weight":1.0,"played":[1.0,0.0],"evs":[0.0,-2.16062]},"Q8o":{"weight":1.0,"played":[1.0,0.0],"evs":[0.0,-2.19415]},"K8o":{"weight":1.0,"played":[1.0,0.0],"evs":[0.0,-2.17572]},"A8o":{"weight":1.0,"played":[1.0,0.0],"evs":[0.0,-1.81555]},"92s":{"weight":1.0,"played":[1.0,0.0],"evs":[0.0,-2.38015]},"93s":{"weight":1.0,"played":[1.0,0.0],"evs":[0.0,-2.27692]},"94s":{"weight":1.0,"played":[1.0,0.0],"evs":[0.0,-2.26344]},"95s":{"weight":1.0,"played":[1.0,0.0],"evs":[0.0,-2.01086]},"96s":{"weight":1.0,"played":[1.0,0.0],"evs":[0.0,-1.58365]},"97s":{"weight":1.0,"played":[1.0,0.0],"evs":[0.0,-1.33465]},"98s":{"weight":1.0,"played":[1.0,0.0],"evs":[0.0,-1.0608]},"99":{"weight":1.0,"played":[0.0,1.0],"evs":[0.0,1.982]},"T9o":{"weight":1.0,"played":[1.0,0.0],"evs":[0.0,-1.66186]},"J9o":{"weight":1.0,"played":[1.0,0.0],"evs":[0.0,-1.81863]},"Q9o":{"weight":1.0,"played":[1.0,0.0],"evs":[0.0,-1.83871]},"K9o":{"weight":1.0,"played":[1.0,0.0],"evs":[0.0,-1.83458]},"A9o":{"weight":1.0,"played":[1.0,0.0],"evs":[0.0,-1.61982]},"T2s":{"weight":1.0,"played":[1.0,0.0],"evs":[0.0,-2.39948]},"T3s":{"weight":1.0,"played":[1.0,0.0],"evs":[0.0,-2.33836]},"T4s":{"weight":1.0,"played":[1.0,0.0],"evs":[0.0,-2.25694]},"T5s":{"weight":1.0,"played":[1.0,0.0],"evs":[0.0,-2.25672]},"T6s":{"weight":1.0,"played":[1.0,0.0],"evs":[0.0,-1.87242]},"T7s":{"weight":1.0,"played":[1.0,0.0],"evs":[0.0,-1.52135]},"T8s":{"weight":1.0,"played":[1.0,0.0],"evs":[0.0,-1.17479]},"T9s":{"weight":1.0,"played":[1.0,0.0],"evs":[0.0,-0.81279]},"TT":{"weight":1.0,"played":[0.0,1.0],"evs":[0.0,2.93129]},"JTo":{"weight":1.0,"played":[1.0,0.0],"evs":[0.0,-1.41773]},"QTo":{"weight":1.0,"played":[1.0,0.0],"evs":[0.0,-1.43949]},"KTo":{"weight":1.0,"played":[1.0,0.0],"evs":[0.0,-1.38818]},"ATo":{"weight":1.0,"played":[1.0,0.0],"evs":[0.0,-1.0438]},"J2s":{"weight":1.0,"played":[1.0,0.0],"evs":[0.0,-2.25521]},"J3s":{"weight":1.0,"played":[1.0,0.0],"evs":[0.0,-2.2595]},"J4s":{"weight":1.0,"played":[1.0,0.0],"evs":[0.0,-2.16954]},"J5s":{"weight":1.0,"played":[1.0,0.0],"evs":[0.0,-2.10103]},"J6s":{"weight":1.0,"played":[1.0,0.0],"evs":[0.0,-2.00559]},"J7s":{"weight":1.0,"played":[1.0,0.0],"evs":[0.0,-1.66998]},"J8s":{"weight":1.0,"played":[1.0,0.0],"evs":[0.0,-1.28835]},"J9s":{"weight":1.0,"played":[1.0,0.0],"evs":[0.0,-0.9698]},"JTs":{"weight":1.0,"played":[1.0,0.0],"evs":[0.0,-0.5882]},"JJ":{"weight":1.0,"played":[0.0,1.0],"evs":[0.0,4.22125]},"QJo":{"weight":1.0,"played":[1.0,0.0],"evs":[0.0,-1.33305]},"KJo":{"weight":1.0,"played":[1.0,0.0],"evs":[0.0,-1.31738]},"AJo":{"weight":1.0,"played":[1.0,0.0],"evs":[0.0,-0.22905]},"Q2s":{"weight":1.0,"played":[1.0,0.0],"evs":[0.0,-2.11565]},"Q3s":{"weight":1.0,"played":[1.0,0.0],"evs":[0.0,-2.06392]},"Q4s":{"weight":1.0,"played":[1.0,0.0],"evs":[0.0,-1.96184]},"Q5s":{"weight":1.0,"played":[1.0,0.0],"evs":[0.0,-1.91344]},"Q6s":{"weight":1.0,"played":[1.0,0.0],"evs":[0.0,-1.705]},"Q7s":{"weight":1.0,"played":[1.0,0.0],"evs":[0.0,-1.70432]},"Q8s":{"weight":1.0,"played":[1.0,0.0],"evs":[0.0,-1.33422]},"Q9s":{"weight":1.0,"played":[1.0,0.0],"evs":[0.0,-0.97686]},"QTs":{"weight":1.0,"played":[1.0,0.0],"evs":[0.0,-0.61683]},"QJs":{"weight":1.0,"played":[0.9998,2.0E-4],"evs":[0.0,-0.55819]},"QQ":{"weight":1.0,"played":[0.0,1.0],"evs":[0.0,5.99429]},"KQo":{"weight":1.0,"played":[1.0,0.0],"evs":[0.0,-0.74297]},"AQo":{"weight":1.0,"played":[0.0,1.0],"evs":[0.0,1.13246]},"K2s":{"weight":1.0,"played":[1.0,0.0],"evs":[0.0,-1.90603]},"K3s":{"weight":1.0,"played":[1.0,0.0],"evs":[0.0,-1.8078]},"K4s":{"weight":1.0,"played":[1.0,0.0],"evs":[0.0,-1.7107]},"K5s":{"weight":1.0,"played":[1.0,0.0],"evs":[0.0,-1.63163]},"K6s":{"weight":1.0,"played":[1.0,0.0],"evs":[0.0,-1.48264]},"K7s":{"weight":1.0,"played":[1.0,0.0],"evs":[0.0,-1.41452]},"K8s":{"weight":1.0,"played":[1.0,0.0],"evs":[0.0,-1.32409]},"K9s":{"weight":1.0,"played":[1.0,0.0],"evs":[0.0,-0.95922]},"KTs":{"weight":1.0,"played":[1.0,0.0],"evs":[0.0,-0.56226]},"KJs":{"weight":1.0,"played":[0.9979,0.0021],"evs":[0.0,-0.52105]},"KQs":{"weight":1.0,"played":[0.0622,0.9378],"evs":[0.0,0.03814]},"KK":{"weight":1.0,"played":[0.0,1.0],"evs":[0.0,7.45909]},"AKo":{"weight":1.0,"played":[0.0,1.0],"evs":[0.0,2.42049]},"A2s":{"weight":1.0,"played":[1.0,0.0],"evs":[0.0,-1.55541]},"A3s":{"weight":1.0,"played":[1.0,0.0],"evs":[0.0,-1.4207]},"A4s":{"weight":1.0,"played":[1.0,0.0],"evs":[0.0,-1.25043]},"A5s":{"weight":1.0,"played":[1.0,0.0],"evs":[0.0,-1.21651]},"A6s":{"weight":1.0,"played":[1.0,0.0],"evs":[0.0,-1.35603]},"A7s":{"weight":1.0,"played":[1.0,0.0],"evs":[0.0,-1.13627]},"A8s":{"weight":1.0,"played":[1.0,0.0],"evs":[0.0,-0.91655]},"A9s":{"weight":1.0,"played":[1.0,0.0],"evs":[0.0,-0.76334]},"ATs":{"weight":1.0,"played":[0.9985,0.0015],"evs":[0.0,-0.22858]},"AJs":{"weight":1.0,"played":[0.0,1.0],"evs":[0.0,0.53239]},"AQs":{"weight":1.0,"played":[0.0,1.0],"evs":[0.0,1.77629]},"AKs":{"weight":1.0,"played":[0.0,1.0],"evs":[0.0,3.02975]},"AA":{"weight":1.0,"played":[0.0,1.0],"evs":[0.0,9.6713]}}}