{"player":0,"street":0,"children":2,"sequence":[{"player":0,"type":"R","amount":200000,"street":0},{"player":1,"type":"F","amount":0,"street":0},{"player":2,"type":"R","amount":1885000,"street":0},{"player":3,"type":"F","amount":0,"street":0},{"player":4,"type":"F","amount":0,"street":0},{"player":5,"type":"F","amount":0,"street":0}],"actions":[{"type":"F","amount":0},{"type":"C","amount":1685000}],"hands":{"22":{"weight":0.9999,"played":[1.0,0.0],"evs":[0.0,-0.41333]},"32o":{"weight":0.0,"played":[1.0,0.0],"evs":[0.0,-5.0337]},"42o":{"weight":0.0,"played":[1.0,0.0],"evs":[0.0,-4.94962]},"52o":{"weight":0.0,"played":[1.0,0.0],"evs":[0.0,-4.74721]},"62o":{"weight":0.0,"played":[1.0,0.0],"evs":[0.0,-4.99175]},"72o":{"weight":0.0,"played":[1.0,0.0],"evs":[0.0,-5.18183]},"82o":{"weight":0.0,"played":[1.0,0.0],"evs":[0.0,-4.75787]},"92o":{"weight":0.0,"played":[1.0,0.0],"evs":[0.0,-4.58143]},"T2o":{"weight":0.0,"played":[1.0,0.0],"evs":[0.0,-4.43367]},"J2o":{"weight":0.0,"played":[1.0,0.0],"evs":[0.0,-4.28634]},"Q2o":{"weight":0.0,"played":[1.0,0.0],"evs":[0.0,-3.95379]},"K2o":{"weight":0.0,"played":[1.0,0.0],"evs":[0.0,-3.59513]},"A2o":{"weight":0.0,"played":[1.0,0.0],"evs":[0.0,-2.36919]},"32s":{"weight":0.0,"played":[1.0,0.0],"evs":[0.0,-3.73081]},"33":{"weight":1.0,"played":[0.9967,0.0033],"evs":[0.0,-0.19672]},"43o":{"weight":0.0,"played":[1.0,0.0],"evs":[0.0,-4.4651]},"53o":{"weight":0.0,"played":[1.0,0.0],"evs":[0.0,-4.23478]},"63o":{"weight":0.0,"played":[1.0,0.0],"evs":[0.0,-4.47587]},"73o":{"weight":0.0,"played":[1.0,0.0],"evs":[0.0,-4.67467]},"83o":{"weight":0.0,"played":[1.0,0.0],"evs":[0.0,-4.72995]},"93o":{"weight":0.0,"played":[1.0,0.0],"evs":[0.0,-4.42311]},"T3o":{"weight":0.0,"played":[1.0,0.0],"evs":[0.0,-4.36251]},"J3o":{"weight":0.0,"played":[1.0,0.0],"evs":[0.0,-4.20937]},"Q3o":{"weight":0.0,"played":[1.0,0.0],"evs":[0.0,-3.80747]},"K3o":{"weight":0.0,"played":[1.0,0.0],"evs":[0.0,-3.44254]},"A3o":{"weight":0.0,"played":[1.0,0.0],"evs":[0.0,-2.20577]},"42s":{"weight":0.0,"played":[1.0,0.0],"evs":[0.0,-3.6521]},"43s":{"weight":0.0,"played":[1.0,0.0],"evs":[0.0,-3.1579]},"44":{"weight":1.0,"played":[0.1269,0.8731],"evs":[0.0,0.05075]},"54o":{"weight":0.0,"played":[1.0,0.0],"evs":[0.0,-3.80207]},"64o":{"weight":0.0,"played":[1.0,0.0],"evs":[0.0,-4.02311]},"74o":{"weight":0.0,"played":[1.0,0.0],"evs":[0.0,-4.21561]},"84o":{"weight":0.0,"played":[1.0,0.0],"evs":[0.0,-4.28109]},"94o":{"weight":0.0,"played":[1.0,0.0],"evs":[0.0,-4.44735]},"T4o":{"weight":0.0,"played":[1.0,0.0],"evs":[0.0,-4.26468]},"J4o":{"weight":0.0,"played":[1.0,0.0],"evs":[0.0,-4.10524]},"Q4o":{"weight":0.0,"played":[1.0,0.0],"evs":[0.0,-3.77162]},"K4o":{"weight":0.0,"played":[1.0,0.0],"evs":[0.0,-3.40739]},"A4o":{"weight":0.0,"played":[1.0,0.0],"evs":[0.0,-2.10967]},"52s":{"weight":0.0,"played":[1.0,0.0],"evs":[0.0,-3.44852]},"53s":{"weight":0.0,"played":[1.0,0.0],"evs":[0.0,-2.99797]},"54s":{"weight":0.0,"played":[1.0,0.0],"evs":[0.0,-2.49378]},"55":{"weight":1.0,"played":[0.0,1.0],"evs":[0.0,0.67267]},"65o":{"weight":0.0,"played":[1.0,0.0],"evs":[0.0,-3.53739]},"75o":{"weight":0.0,"played":[1.0,0.0],"evs":[0.0,-3.70274]},"85o":{"weight":0.0,"played":[1.0,0.0],"evs":[0.0,-3.75938]},"95o":{"weight":0.0,"played":[1.0,0.0],"evs":[0.0,-3.93092]},"T5o":{"weight":0.0,"played":[1.0,0.0],"evs":[0.0,-4.26271]},"J5o":{"weight":0.0,"played":[1.0,0.0],"evs":[0.0,-3.94949]},"Q5o":{"weight":0.0,"played":[1.0,0.0],"evs":[0.0,-3.5478]},"K5o":{"weight":0.0,"played":[1.0,0.0],"evs":[0.0,-3.23475]},"A5o":{"weight":0.9983,"played":[1.0,0.0],"evs":[0.0,-1.83636]},"62s":{"weight":0.0,"played":[1.0,0.0],"evs":[0.0,-3.64328]},"63s":{"weight":0.0,"played":[1.0,0.0],"evs":[0.0,-3.10886]},"64s":{"weight":0.0,"played":[1.0,0.0],"evs":[0.0,-2.78032]},"65s":{"weight":0.9823,"played":[1.0,0.0],"evs":[0.0,-2.30455]},"66":{"weight":1.0,"played":[0.0,1.0],"evs":[0.0,1.66255]},"76o":{"weight":0.0,"played":[1.0,0.0],"evs":[0.0,-3.05265]},"86o":{"weight":0.0,"played":[1.0,0.0],"evs":[0.0,-3.15583]},"96o":{"weight":0.0,"played":[1.0,0.0],"evs":[0.0,-3.26481]},"T6o":{"weight":0.0,"played":[1.0,0.0],"evs":[0.0,-3.58003]},"J6o":{"weight":0.0,"played":[1.0,0.0],"evs":[0.0,-3.7544]},"Q6o":{"weight":0.0,"played":[1.0,0.0],"evs":[0.0,-3.25733]},"K6o":{"weight":0.0,"played":[1.0,0.0],"evs":[0.0,-2.94666]},"A6o":{"weight":0.0,"played":[1.0,0.0],"evs":[0.0,-1.95337]},"72s":{"weight":0.0,"played":[1.0,0.0],"evs":[0.0,-3.78852]},"73s":{"weight":0.0,"played":[1.0,0.0],"evs":[0.0,-3.30055]},"74s":{"weight":0.0,"played":[1.0,0.0],"evs":[0.0,-2.97293]},"75s":{"weight":0.0,"played":[1.0,0.0],"evs":[0.0,-2.41962]},"76s":{"weight":0.9999,"played":[1.0,0.0],"evs":[0.0,-1.78092]},"77":{"weight":1.0,"played":[0.0,1.0],"evs":[0.0,2.70559]},"87o":{"weight":0.0,"played":[1.0,0.0],"evs":[0.0,-2.61766]},"97o":{"weight":0.0,"played":[1.0,0.0],"evs":[0.0,-2.73076]},"T7o":{"weight":0.0,"played":[1.0,0.0],"evs":[0.0,-2.96125]},"J7o":{"weight":0.0,"played":[1.0,0.0],"evs":[0.0,-3.16648]},"Q7o":{"weight":0.0,"played":[1.0,0.0],"evs":[0.0,-3.15204]},"K7o":{"weight":0.0,"played":[1.0,0.0],"evs":[0.0,-2.72314]},"A7o":{"weight":1.0,"played":[1.0,0.0],"evs":[0.0,-1.5702]},"82s":{"weight":0.0,"played":[1.0,0.0],"evs":[0.0,-3.39257]},"83s":{"weight":0.0,"played":[1.0,0.0],"evs":[0.0,-3.39688]},"84s":{"weight":0.0,"played":[1.0,0.0],"evs":[0.0,-2.97619]},"85s":{"weight":0.0,"played":[1.0,0.0],"evs":[0.0,-2.43943]},"86s":{"weight":0.7689,"played":[1.0,0.0],"evs":[0.0,-1.8969]},"87s":{"weight":0.9999,"played":[1.0,0.0],"evs":[0.0,-1.37537]},"88":{"weight":0.9998,"played":[0.0,1.0],"evs":[0.0,3.95605]},"98o":{"weight":0.0,"played":[1.0,0.0],"evs":[0.0,-2.14658]},"T8o":{"weight":0.0,"played":[1.0,0.0],"evs":[0.0,-2.32556]},"J8o":{"weight":0.0,"played":[1.0,0.0],"evs":[0.0,-2.49429]},"Q8o":{"weight":0.0,"played":[1.0,0.0],"evs":[0.0,-2.45055]},"K8o":{"weight":0.0,"played":[1.0,0.0],"evs":[0.0,-2.51483]},"A8o":{"weight":1.0,"played":[1.0,0.0],"evs":[0.0,-1.13731]},"92s":{"weight":0.0,"played":[1.0,0.0],"evs":[0.0,-3.21336]},"93s":{"weight":0.0,"played":[1.0,0.0],"evs":[0.0,-3.18517]},"94s":{"weight":0.0,"played":[1.0,0.0],"evs":[0.0,-3.08789]},"95s":{"weight":0.0,"played":[1.0,0.0],"evs":[0.0,-2.67941]},"96s":{"weight":0.0,"played":[1.0,0.0],"evs":[0.0,-1.98959]},"97s":{"weight":0.9998,"played":[1.0,0.0],"evs":[0.0,-1.48452]},"98s":{"weight":1.0,"played":[1.0,0.0],"evs":[0.0,-0.94324]},"99":{"weight":1.0,"played":[0.0,1.0],"evs":[0.0,5.11769]},"T9o":{"weight":0.0,"played":[1.0,0.0],"evs":[0.0,-1.73056]},"J9o":{"weight":0.0,"played":[1.0,0.0],"evs":[0.0,-1.99331]},"Q9o":{"weight":0.0,"played":[1.0,0.0],"evs":[0.0,-1.91283]},"K9o":{"weight":0.0,"played":[1.0,0.0],"evs":[0.0,-1.94395]},"A9o":{"weight":1.0,"played":[1.0,0.0],"evs":[0.0,-0.80238]},"T2s":{"weight":0.0,"played":[1.0,0.0],"evs":[0.0,-3.14188]},"T3s":{"weight":0.0,"played":[1.0,0.0],"evs":[0.0,-2.9712]},"T4s":{"weight":0.0,"played":[1.0,0.0],"evs":[0.0,-2.91642]},"T5s":{"weight":0.0,"played":[1.0,0.0],"evs":[0.0,-2.96504]},"T6s":{"weight":0.0,"played":[1.0,0.0],"evs":[0.0,-2.25542]},"T7s":{"weight":0.9993,"played":[1.0,0.0],"evs":[0.0,-1.74104]},"T8s":{"weight":1.0,"played":[1.0,0.0],"evs":[0.0,-1.12561]},"T9s":{"weight":1.0,"played":[0.9996,4.0E-4],"evs":[0.0,-0.59782]},"TT":{"weight":1.0,"played":[0.0,1.0],"evs":[0.0,6.72136]},"JTo":{"weight":1.0,"played":[1.0,0.0],"evs":[0.0,-1.17606]},"QTo":{"weight":1.0,"played":[1.0,0.0],"evs":[0.0,-1.149]},"KTo":{"weight":1.0,"played":[1.0,0.0],"evs":[0.0,-1.17383]},"ATo":{"weight":1.0,"played":[3.0E-4,0.9997],"evs":[0.0,0.2325]},"J2s":{"weight":0.0,"played":[1.0,0.0],"evs":[0.0,-2.95359]},"J3s":{"weight":0.0,"played":[1.0,0.0],"evs":[0.0,-2.83992]},"J4s":{"weight":0.0,"played":[1.0,0.0],"evs":[0.0,-2.72495]},"J5s":{"weight":0.0,"played":[1.0,0.0],"evs":[0.0,-2.57209]},"J6s":{"weight":0.0,"played":[1.0,0.0],"evs":[0.0,-2.42016]},"J7s":{"weight":0.0,"played":[1.0,0.0],"evs":[0.0,-1.88126]},"J8s":{"weight":1.0,"played":[1.0,0.0],"evs":[0.0,-1.26689]},"J9s":{"weight":1.0,"played":[0.9999,1.0E-4],"evs":[0.0,-0.77239]},"JTs":{"weight":1.0,"played":[0.9641,0.0359],"evs":[0.0,-0.02826]},"JJ":{"weight":1.0,"played":[0.0,1.0],"evs":[0.0,8.57078]},"QJo":{"weight":1.0,"played":[1.0,0.0],"evs":[0.0,-1.08501]},"KJo":{"weight":1.0,"played":[1.0,0.0],"evs":[0.0,-1.04839]},"AJo":{"weight":1.0,"played":[0.0,1.0],"evs":[0.0,1.76914]},"Q2s":{"weight":0.0,"played":[1.0,0.0],"evs":[0.0,-2.5936]},"Q3s":{"weight":0.0,"played":[1.0,0.0],"evs":[0.0,-2.48087]},"Q4s":{"weight":0.0,"played":[1.0,0.0],"evs":[0.0,-2.34954]},"Q5s":{"weight":0.0,"played":[1.0,0.0],"evs":[0.0,-2.21842]},"Q6s":{"weight":0.0,"played":[1.0,0.0],"evs":[0.0,-1.96723]},"Q7s":{"weight":0.1057,"played":[1.0,0.0],"evs":[0.0,-1.80149]},"Q8s":{"weight":1.0,"played":[1.0,0.0],"evs":[0.0,-1.24862]},"Q9s":{"weight":1.0,"played":[1.0,0.0],"evs":[0.0,-0.65803]},"QTs":{"weight":1.0,"played":[0.9959,0.0041],"evs":[0.0,-0.05246]},"QJs":{"weight":1.0,"played":[0.0024,0.9976],"evs":[0.0,0.09706]},"QQ":{"weight":1.0,"played":[0.0,1.0],"evs":[0.0,10.99557]},"KQo":{"weight":0.9999,"played":[0.1396,0.8604],"evs":[0.0,0.0149]},"AQo":{"weight":0.9998,"played":[0.0,1.0],"evs":[0.0,4.308]},"K2s":{"weight":0.0,"played":[1.0,0.0],"evs":[0.0,-2.28893]},"K3s":{"weight":0.0,"played":[1.0,0.0],"evs":[0.0,-2.2049]},"K4s":{"weight":0.0591,"played":[1.0,0.0],"evs":[0.0,-2.07977]},"K5s":{"weight":1.0,"played":[1.0,0.0],"evs":[0.0,-1.86796]},"K6s":{"weight":1.0,"played":[1.0,0.0],"evs":[0.0,-1.59897]},"K7s":{"weight":1.0,"played":[1.0,0.0],"evs":[0.0,-1.46755]},"K8s":{"weight":1.0,"played":[1.0,0.0],"evs":[0.0,-1.25239]},"K9s":{"weight":1.0,"played":[1.0,0.0],"evs":[0.0,-0.67517]},"KTs":{"weight":0.9999,"played":[0.9978,0.0022],"evs":[0.0,-0.0665]},"KJs":{"weight":1.0,"played":[0.0,1.0],"evs":[0.0,0.13348]},"KQs":{"weight":1.0,"played":[0.0,1.0],"evs":[0.0,1.11399]},"KK":{"weight":1.0,"played":[0.0,1.0],"evs":[0.0,12.55604]},"AKo":{"weight":1.0,"played":[0.0,1.0],"evs":[0.0,6.40394]},"A2s":{"weight":1.0,"played":[1.0,0.0],"evs":[0.0,-1.04308]},"A3s":{"weight":1.0,"played":[1.0,0.0],"evs":[0.0,-0.91984]},"A4s":{"weight":1.0,"played":[1.0,0.0],"evs":[0.0,-0.84224]},"A5s":{"weight":1.0,"played":[1.0,0.0],"evs":[0.0,-0.5752]},"A6s":{"weight":1.0,"played":[1.0,0.0],"evs":[0.0,-0.78086]},"A7s":{"weight":1.0,"played":[1.0,0.0],"evs":[0.0,-0.34101]},"A8s":{"weight":1.0,"played":[0.2294,0.7706],"evs":[0.0,0.04666]},"A9s":{"weight":1.0,"played":[7.0E-4,0.9993],"evs":[0.0,0.34484]},"ATs":{"weight":1.0,"played":[0.0,1.0],"evs":[0.0,1.27681]},"AJs":{"weight":1.0,"played":[0.0,1.0],"evs":[0.0,2.70371]},"AQs":{"weight":1.0,"played":[0.0,1.0],"evs":[0.0,5.14387]},"AKs":{"weight":1.0,"played":[0.0,1.0],"evs":[0.0,7.03981]},"AA":{"weight":1.0,"played":[0.0,1.0],"evs":[0.0,15.75118]}}}