{"player":0,"street":0,"children":2,"sequence":[{"player":0,"type":"R","amount":200000,"street":0},{"player":1,"type":"F","amount":0,"street":0},{"player":2,"type":"R","amount":1885000,"street":0},{"player":3,"type":"F","amount":0,"street":0},{"player":4,"type":"F","amount":0,"street":0},{"player":5,"type":"R","amount":1985000,"street":0}],"actions":[{"type":"F","amount":0},{"type":"C","amount":1785000}],"hands":{"22":{"weight":0.9999,"played":[1.0,0.0],"evs":[0.0,-1.99028]},"32o":{"weight":0.0,"played":[1.0,0.0],"evs":[0.0,-5.66983]},"42o":{"weight":0.0,"played":[1.0,0.0],"evs":[0.0,-5.39783]},"52o":{"weight":0.0,"played":[1.0,0.0],"evs":[0.0,-5.124]},"62o":{"weight":0.0,"played":[1.0,0.0],"evs":[0.0,-5.72136]},"72o":{"weight":0.0,"played":[1.0,0.0],"evs":[0.0,-6.22804]},"82o":{"weight":0.0,"played":[1.0,0.0],"evs":[0.0,-5.71704]},"92o":{"weight":0.0,"played":[1.0,0.0],"evs":[0.0,-5.38722]},"T2o":{"weight":0.0,"played":[1.0,0.0],"evs":[0.0,-5.33109]},"J2o":{"weight":0.0,"played":[1.0,0.0],"evs":[0.0,-5.39743]},"Q2o":{"weight":0.0,"played":[1.0,0.0],"evs":[0.0,-5.30194]},"K2o":{"weight":0.0,"played":[1.0,0.0],"evs":[0.0,-4.68541]},"A2o":{"weight":0.0,"played":[1.0,0.0],"evs":[0.0,-5.05899]},"32s":{"weight":0.0,"played":[1.0,0.0],"evs":[0.0,-3.48597]},"33":{"weight":1.0,"played":[1.0,0.0],"evs":[0.0,-1.53974]},"43o":{"weight":0.0,"played":[1.0,0.0],"evs":[0.0,-4.54854]},"53o":{"weight":0.0,"played":[1.0,0.0],"evs":[0.0,-4.24396]},"63o":{"weight":0.0,"played":[1.0,0.0],"evs":[0.0,-4.90244]},"73o":{"weight":0.0,"played":[1.0,0.0],"evs":[0.0,-5.46791]},"83o":{"weight":0.0,"played":[1.0,0.0],"evs":[0.0,-5.66121]},"93o":{"weight":0.0,"played":[1.0,0.0],"evs":[0.0,-5.12953]},"T3o":{"weight":0.0,"played":[1.0,0.0],"evs":[0.0,-5.00861]},"J3o":{"weight":0.0,"played":[1.0,0.0],"evs":[0.0,-5.25742]},"Q3o":{"weight":0.0,"played":[1.0,0.0],"evs":[0.0,-5.11141]},"K3o":{"weight":0.0,"played":[1.0,0.0],"evs":[0.0,-4.15724]},"A3o":{"weight":0.0,"played":[1.0,0.0],"evs":[0.0,-4.9464]},"42s":{"weight":0.0,"played":[1.0,0.0],"evs":[0.0,-3.32678]},"43s":{"weight":0.0,"played":[1.0,0.0],"evs":[0.0,-2.86526]},"44":{"weight":1.0,"played":[1.0,0.0],"evs":[0.0,-1.16007]},"54o":{"weight":0.0,"played":[1.0,0.0],"evs":[0.0,-3.55867]},"64o":{"weight":0.0,"played":[1.0,0.0],"evs":[0.0,-4.27739]},"74o":{"weight":0.0,"played":[1.0,0.0],"evs":[0.0,-4.55326]},"84o":{"weight":0.0,"played":[1.0,0.0],"evs":[0.0,-4.86752]},"94o":{"weight":0.0,"played":[1.0,0.0],"evs":[0.0,-5.04376]},"T4o":{"weight":0.0,"played":[1.0,0.0],"evs":[0.0,-4.82156]},"J4o":{"weight":0.0,"played":[1.0,0.0],"evs":[0.0,-5.00157]},"Q4o":{"weight":0.0,"played":[1.0,0.0],"evs":[0.0,-4.69304]},"K4o":{"weight":0.0,"played":[1.0,0.0],"evs":[0.0,-4.16748]},"A4o":{"weight":0.0,"played":[1.0,0.0],"evs":[0.0,-4.59452]},"52s":{"weight":0.0,"played":[1.0,0.0],"evs":[0.0,-2.93722]},"53s":{"weight":0.0,"played":[1.0,0.0],"evs":[0.0,-2.3537]},"54s":{"weight":0.0,"played":[1.0,0.0],"evs":[0.0,-1.66362]},"55":{"weight":1.0,"played":[1.0,0.0],"evs":[0.0,-0.68126]},"65o":{"weight":0.0,"played":[1.0,0.0],"evs":[0.0,-3.15001]},"75o":{"weight":0.0,"played":[1.0,0.0],"evs":[0.0,-3.75688]},"85o":{"weight":0.0,"played":[1.0,0.0],"evs":[0.0,-4.09323]},"95o":{"weight":0.0,"played":[1.0,0.0],"evs":[0.0,-4.47472]},"T5o":{"weight":0.0,"played":[1.0,0.0],"evs":[0.0,-4.96272]},"J5o":{"weight":0.0,"played":[1.0,0.0],"evs":[0.0,-4.89117]},"Q5o":{"weight":0.0,"played":[1.0,0.0],"evs":[0.0,-4.7328]},"K5o":{"weight":0.0,"played":[1.0,0.0],"evs":[0.0,-4.00163]},"A5o":{"weight":0.9983,"played":[1.0,0.0],"evs":[0.0,-4.37737]},"62s":{"weight":0.0,"played":[1.0,0.0],"evs":[0.0,-3.56746]},"63s":{"weight":0.0,"played":[1.0,0.0],"evs":[0.0,-2.98601]},"64s":{"weight":0.0,"played":[0.9999,1.0E-4],"evs":[0.0,-1.99589]},"65s":{"weight":0.9823,"played":[0.9999,1.0E-4],"evs":[0.0,-1.51393]},"66":{"weight":1.0,"played":[0.9999,1.0E-4],"evs":[0.0,-0.24944]},"76o":{"weight":0.0,"played":[1.0,0.0],"evs":[0.0,-3.14189]},"86o":{"weight":0.0,"played":[1.0,0.0],"evs":[0.0,-3.3389]},"96o":{"weight":0.0,"played":[1.0,0.0],"evs":[0.0,-3.87753]},"T6o":{"weight":0.0,"played":[1.0,0.0],"evs":[0.0,-4.23473]},"J6o":{"weight":0.0,"played":[1.0,0.0],"evs":[0.0,-5.00014]},"Q6o":{"weight":0.0,"played":[1.0,0.0],"evs":[0.0,-4.62401]},"K6o":{"weight":0.0,"played":[1.0,0.0],"evs":[0.0,-3.55279]},"A6o":{"weight":0.0,"played":[1.0,0.0],"evs":[0.0,-5.20704]},"72s":{"weight":0.0,"played":[0.9999,1.0E-4],"evs":[0.0,-4.31815]},"73s":{"weight":0.0,"played":[0.9999,1.0E-4],"evs":[0.0,-3.05795]},"74s":{"weight":0.0,"played":[1.0,0.0],"evs":[0.0,-2.64607]},"75s":{"weight":0.0,"played":[0.9998,2.0E-4],"evs":[0.0,-1.79298]},"76s":{"weight":0.9999,"played":[0.9999,1.0E-4],"evs":[0.0,-1.12449]},"77":{"weight":1.0,"played":[4.0E-4,0.9996],"evs":[0.0,0.9096]},"87o":{"weight":0.0,"played":[1.0,0.0],"evs":[0.0,-2.92708]},"97o":{"weight":0.0,"played":[1.0,0.0],"evs":[0.0,-3.16978]},"T7o":{"weight":0.0,"played":[1.0,0.0],"evs":[0.0,-3.28527]},"J7o":{"weight":0.0,"played":[1.0,0.0],"evs":[0.0,-3.99603]},"Q7o":{"weight":0.0,"played":[1.0,0.0],"evs":[0.0,-4.36804]},"K7o":{"weight":0.0,"played":[1.0,0.0],"evs":[0.0,-3.36467]},"A7o":{"weight":1.0,"played":[1.0,0.0],"evs":[0.0,-4.63702]},"82s":{"weight":0.0,"played":[1.0,0.0],"evs":[0.0,-3.70102]},"83s":{"weight":0.0,"played":[1.0,0.0],"evs":[0.0,-3.40405]},"84s":{"weight":0.0,"played":[1.0,0.0],"evs":[0.0,-2.93258]},"85s":{"weight":0.0,"played":[1.0,0.0],"evs":[0.0,-2.21526]},"86s":{"weight":0.7689,"played":[0.9999,1.0E-4],"evs":[0.0,-1.38751]},"87s":{"weight":0.9999,"played":[0.9997,3.0E-4],"evs":[0.0,-0.88868]},"88":{"weight":0.9998,"played":[0.0,1.0],"evs":[0.0,2.64632]},"98o":{"weight":0.0,"played":[0.9999,1.0E-4],"evs":[0.0,-2.34001]},"T8o":{"weight":0.0,"played":[1.0,0.0],"evs":[0.0,-2.36844]},"J8o":{"weight":0.0,"played":[1.0,0.0],"evs":[0.0,-2.93345]},"Q8o":{"weight":0.0,"played":[1.0,0.0],"evs":[0.0,-3.40436]},"K8o":{"weight":0.0,"played":[1.0,0.0],"evs":[0.0,-3.09138]},"A8o":{"weight":1.0,"played":[1.0,0.0],"evs":[0.0,-4.26949]},"92s":{"weight":0.0,"played":[1.0,0.0],"evs":[0.0,-3.27643]},"93s":{"weight":0.0,"played":[1.0,0.0],"evs":[0.0,-3.05911]},"94s":{"weight":0.0,"played":[1.0,0.0],"evs":[0.0,-3.27729]},"95s":{"weight":0.0,"played":[1.0,0.0],"evs":[0.0,-2.64216]},"96s":{"weight":0.0,"played":[1.0,0.0],"evs":[0.0,-1.69983]},"97s":{"weight":0.9998,"played":[0.9994,6.0E-4],"evs":[0.0,-1.1117]},"98s":{"weight":1.0,"played":[0.9992,8.0E-4],"evs":[0.0,-0.35936]},"99":{"weight":1.0,"played":[0.0,1.0],"evs":[0.0,4.22701]},"T9o":{"weight":0.0,"played":[1.0,0.0],"evs":[0.0,-1.64085]},"J9o":{"weight":0.0,"played":[1.0,0.0],"evs":[0.0,-2.23141]},"Q9o":{"weight":0.0,"played":[1.0,0.0],"evs":[0.0,-2.59379]},"K9o":{"weight":0.0,"played":[1.0,0.0],"evs":[0.0,-2.33184]},"A9o":{"weight":1.0,"played":[1.0,0.0],"evs":[0.0,-3.77182]},"T2s":{"weight":0.0,"played":[1.0,0.0],"evs":[0.0,-3.18395]},"T3s":{"weight":0.0,"played":[1.0,0.0],"evs":[0.0,-2.90678]},"T4s":{"weight":0.0,"played":[1.0,0.0],"evs":[0.0,-2.60862]},"T5s":{"weight":0.0,"played":[1.0,0.0],"evs":[0.0,-3.08166]},"T6s":{"weight":0.0,"played":[1.0,0.0],"evs":[0.0,-2.10096]},"T7s":{"weight":0.9993,"played":[1.0,0.0],"evs":[0.0,-1.17941]},"T8s":{"weight":1.0,"played":[0.9999,1.0E-4],"evs":[0.0,-0.51101]},"T9s":{"weight":1.0,"played":[0.089,0.911],"evs":[0.0,0.4248]},"TT":{"weight":1.0,"played":[0.0,1.0],"evs":[0.0,6.25996]},"JTo":{"weight":1.0,"played":[1.0,0.0],"evs":[0.0,-1.18516]},"QTo":{"weight":1.0,"played":[1.0,0.0],"evs":[0.0,-1.46764]},"KTo":{"weight":1.0,"played":[1.0,0.0],"evs":[0.0,-1.24268]},"ATo":{"weight":1.0,"played":[1.0,0.0],"evs":[0.0,-2.52825]},"J2s":{"weight":0.0,"played":[1.0,0.0],"evs":[0.0,-3.01705]},"J3s":{"weight":0.0,"played":[1.0,0.0],"evs":[0.0,-3.09476]},"J4s":{"weight":0.0,"played":[1.0,0.0],"evs":[0.0,-2.85443]},"J5s":{"weight":0.0,"played":[1.0,0.0],"evs":[0.0,-2.70511]},"J6s":{"weight":0.0,"played":[1.0,0.0],"evs":[0.0,-2.91419]},"J7s":{"weight":0.0,"played":[1.0,0.0],"evs":[0.0,-1.83097]},"J8s":{"weight":1.0,"played":[0.9997,3.0E-4],"evs":[0.0,-0.86635]},"J9s":{"weight":1.0,"played":[0.9725,0.0275],"evs":[0.0,-0.32465]},"JTs":{"weight":1.0,"played":[0.0,1.0],"evs":[0.0,0.32711]},"JJ":{"weight":1.0,"played":[0.0,1.0],"evs":[0.0,9.09033]},"QJo":{"weight":1.0,"played":[1.0,0.0],"evs":[0.0,-1.62488]},"KJo":{"weight":1.0,"played":[1.0,0.0],"evs":[0.0,-1.42692]},"AJo":{"weight":1.0,"played":[0.9995,5.0E-4],"evs":[0.0,-1.61937]},"Q2s":{"weight":0.0,"played":[0.9998,2.0E-4],"evs":[0.0,-3.08563]},"Q3s":{"weight":0.0,"played":[1.0,0.0],"evs":[0.0,-2.83259]},"Q4s":{"weight":0.0,"played":[1.0,0.0],"evs":[0.0,-2.96992]},"Q5s":{"weight":0.0,"played":[0.9999,1.0E-4],"evs":[0.0,-2.58601]},"Q6s":{"weight":0.0,"played":[0.9997,3.0E-4],"evs":[0.0,-2.42969]},"Q7s":{"weight":0.1057,"played":[0.9999,1.0E-4],"evs":[0.0,-2.16664]},"Q8s":{"weight":1.0,"played":[1.0,0.0],"evs":[0.0,-1.27596]},"Q9s":{"weight":1.0,"played":[0.9998,2.0E-4],"evs":[0.0,-0.53022]},"QTs":{"weight":1.0,"played":[0.0046,0.9954],"evs":[0.0,0.43138]},"QJs":{"weight":1.0,"played":[0.0011,0.9989],"evs":[0.0,0.18803]},"QQ":{"weight":1.0,"played":[0.0,1.0],"evs":[0.0,13.34816]},"KQo":{"weight":0.9999,"played":[0.9998,2.0E-4],"evs":[0.0,-0.63216]},"AQo":{"weight":0.9998,"played":[1.0E-4,0.9999],"evs":[0.0,1.04153]},"K2s":{"weight":0.0,"played":[1.0,0.0],"evs":[0.0,-2.13499]},"K3s":{"weight":0.0,"played":[1.0,0.0],"evs":[0.0,-2.16107]},"K4s":{"weight":0.0591,"played":[1.0,0.0],"evs":[0.0,-1.93876]},"K5s":{"weight":1.0,"played":[1.0,0.0],"evs":[0.0,-1.79278]},"K6s":{"weight":1.0,"played":[1.0,0.0],"evs":[0.0,-1.58904]},"K7s":{"weight":1.0,"played":[1.0,0.0],"evs":[0.0,-1.20407]},"K8s":{"weight":1.0,"played":[0.9996,4.0E-4],"evs":[0.0,-0.9772]},"K9s":{"weight":1.0,"played":[1.0,0.0],"evs":[0.0,-0.50562]},"KTs":{"weight":0.9999,"played":[7.0E-4,0.9993],"evs":[0.0,0.5348]},"KJs":{"weight":1.0,"played":[0.0,1.0],"evs":[0.0,0.63712]},"KQs":{"weight":1.0,"played":[0.0,1.0],"evs":[0.0,1.17626]},"KK":{"weight":1.0,"played":[0.0,1.0],"evs":[0.0,17.56288]},"AKo":{"weight":1.0,"played":[0.0,1.0],"evs":[0.0,4.48508]},"A2s":{"weight":1.0,"played":[1.0,0.0],"evs":[0.0,-2.81643]},"A3s":{"weight":1.0,"played":[1.0,0.0],"evs":[0.0,-2.5443]},"A4s":{"weight":1.0,"played":[1.0,0.0],"evs":[0.0,-2.59054]},"A5s":{"weight":1.0,"played":[1.0,0.0],"evs":[0.0,-2.21865]},"A6s":{"weight":1.0,"played":[0.9999,1.0E-4],"evs":[0.0,-2.9604]},"A7s":{"weight":1.0,"played":[1.0,0.0],"evs":[0.0,-2.24844]},"A8s":{"weight":1.0,"played":[0.9999,1.0E-4],"evs":[0.0,-1.87619]},"A9s":{"weight":1.0,"played":[0.9998,2.0E-4],"evs":[0.0,-1.57455]},"ATs":{"weight":1.0,"played":[0.976,0.024],"evs":[0.0,-0.38061]},"AJs":{"weight":1.0,"played":[2.0E-4,0.9998],"evs":[0.0,0.57741]},"AQs":{"weight":1.0,"played":[0.0,1.0],"evs":[0.0,2.98708]},"AKs":{"weight":1.0,"played":[0.0,1.0],"evs":[0.0,6.01039]},"AA":{"weight":1.0,"played":[0.0,1.0],"evs":[0.0,24.05166]}}}