{"player":1,"street":0,"children":2,"sequence":[{"player":0,"type":"R","amount":200000,"street":0},{"player":1,"type":"C","amount":200000,"street":0},{"player":2,"type":"F","amount":0,"street":0},{"player":3,"type":"F","amount":0,"street":0},{"player":4,"type":"F","amount":0,"street":0},{"player":5,"type":"R","amount":1985000,"street":0},{"player":0,"type":"F","amount":0,"street":0}],"actions":[{"type":"F","amount":0},{"type":"C","amount":1785000}],"hands":{"22":{"weight":0.3192,"played":[1.0,0.0],"evs":[0.0,-0.73585]},"32o":{"weight":0.0,"played":[1.0,0.0],"evs":[0.0,-5.29557]},"42o":{"weight":0.0,"played":[1.0,0.0],"evs":[0.0,-5.08053]},"52o":{"weight":0.0,"played":[1.0,0.0],"evs":[0.0,-4.98369]},"62o":{"weight":0.0,"played":[1.0,0.0],"evs":[0.0,-5.36948]},"72o":{"weight":0.0,"played":[1.0,0.0],"evs":[0.0,-5.92071]},"82o":{"weight":0.0,"played":[1.0,0.0],"evs":[0.0,-5.46985]},"92o":{"weight":0.0,"played":[1.0,0.0],"evs":[0.0,-5.34568]},"T2o":{"weight":0.0,"played":[1.0,0.0],"evs":[0.0,-5.35262]},"J2o":{"weight":0.0,"played":[1.0,0.0],"evs":[0.0,-5.21265]},"Q2o":{"weight":0.0,"played":[1.0,0.0],"evs":[0.0,-4.51839]},"K2o":{"weight":0.0,"played":[1.0,0.0],"evs":[0.0,-3.92775]},"A2o":{"weight":0.0,"played":[1.0,0.0],"evs":[0.0,-2.67142]},"32s":{"weight":0.0,"played":[1.0,0.0],"evs":[0.0,-3.93284]},"33":{"weight":0.9866,"played":[0.991,0.009],"evs":[0.0,-0.33926]},"43o":{"weight":0.0,"played":[1.0,0.0],"evs":[0.0,-4.48704]},"53o":{"weight":0.0,"played":[1.0,0.0],"evs":[0.0,-4.42725]},"63o":{"weight":0.0,"played":[1.0,0.0],"evs":[0.0,-4.92328]},"73o":{"weight":0.0,"played":[1.0,0.0],"evs":[0.0,-5.33105]},"83o":{"weight":0.0,"played":[1.0,0.0],"evs":[0.0,-5.5078]},"93o":{"weight":0.0,"played":[1.0,0.0],"evs":[0.0,-5.12078]},"T3o":{"weight":0.0,"played":[1.0,0.0],"evs":[0.0,-5.16307]},"J3o":{"weight":0.0,"played":[1.0,0.0],"evs":[0.0,-5.13191]},"Q3o":{"weight":0.0,"played":[1.0,0.0],"evs":[0.0,-4.24298]},"K3o":{"weight":0.0,"played":[1.0,0.0],"evs":[0.0,-3.8574]},"A3o":{"weight":0.0,"played":[1.0,0.0],"evs":[0.0,-2.47108]},"42s":{"weight":0.0,"played":[1.0,0.0],"evs":[0.0,-3.6973]},"43s":{"weight":0.0,"played":[1.0,0.0],"evs":[0.0,-3.17972]},"44":{"weight":0.9998,"played":[0.9958,0.0042],"evs":[0.0,-0.17064]},"54o":{"weight":0.0,"played":[1.0,0.0],"evs":[0.0,-3.84883]},"64o":{"weight":0.0,"played":[1.0,0.0],"evs":[0.0,-4.30151]},"74o":{"weight":0.0,"played":[1.0,0.0],"evs":[0.0,-4.77855]},"84o":{"weight":0.0,"played":[1.0,0.0],"evs":[0.0,-4.9638]},"94o":{"weight":0.0,"played":[1.0,0.0],"evs":[0.0,-5.11878]},"T4o":{"weight":0.0,"played":[1.0,0.0],"evs":[0.0,-4.95342]},"J4o":{"weight":0.0,"played":[1.0,0.0],"evs":[0.0,-4.93549]},"Q4o":{"weight":0.0,"played":[1.0,0.0],"evs":[0.0,-4.09147]},"K4o":{"weight":0.0,"played":[1.0,0.0],"evs":[0.0,-3.63441]},"A4o":{"weight":0.0,"played":[1.0,0.0],"evs":[0.0,-2.47032]},"52s":{"weight":0.0,"played":[1.0,0.0],"evs":[0.0,-3.60258]},"53s":{"weight":0.0,"played":[1.0,0.0],"evs":[0.0,-3.05582]},"54s":{"weight":0.0,"played":[1.0,0.0],"evs":[0.0,-2.53203]},"55":{"weight":0.983,"played":[0.49,0.51],"evs":[0.0,-0.05074]},"65o":{"weight":0.0,"played":[1.0,0.0],"evs":[0.0,-3.80411]},"75o":{"weight":0.0,"played":[1.0,0.0],"evs":[0.0,-4.3069]},"85o":{"weight":0.0,"played":[1.0,0.0],"evs":[0.0,-4.40386]},"95o":{"weight":0.0,"played":[1.0,0.0],"evs":[0.0,-4.60518]},"T5o":{"weight":0.0,"played":[1.0,0.0],"evs":[0.0,-4.94336]},"J5o":{"weight":0.0,"played":[1.0,0.0],"evs":[0.0,-4.87536]},"Q5o":{"weight":0.0,"played":[1.0,0.0],"evs":[0.0,-3.9739]},"K5o":{"weight":0.0,"played":[1.0,0.0],"evs":[0.0,-3.46978]},"A5o":{"weight":0.0,"played":[1.0,0.0],"evs":[0.0,-2.29502]},"62s":{"weight":0.0,"played":[1.0,0.0],"evs":[0.0,-4.03925]},"63s":{"weight":0.0,"played":[1.0,0.0],"evs":[0.0,-3.37564]},"64s":{"weight":0.0,"played":[1.0,0.0],"evs":[0.0,-2.80442]},"65s":{"weight":0.0,"played":[1.0,0.0],"evs":[0.0,-2.58179]},"66":{"weight":0.9968,"played":[0.0152,0.9848],"evs":[0.0,0.18803]},"76o":{"weight":0.0,"played":[1.0,0.0],"evs":[0.0,-3.87663]},"86o":{"weight":0.0,"played":[1.0,0.0],"evs":[0.0,-4.00011]},"96o":{"weight":0.0,"played":[1.0,0.0],"evs":[0.0,-4.20342]},"T6o":{"weight":0.0,"played":[1.0,0.0],"evs":[0.0,-4.61373]},"J6o":{"weight":0.0,"played":[1.0,0.0],"evs":[0.0,-4.8243]},"Q6o":{"weight":0.0,"played":[1.0,0.0],"evs":[0.0,-4.0654]},"K6o":{"weight":0.0,"played":[1.0,0.0],"evs":[0.0,-3.44725]},"A6o":{"weight":0.0,"played":[1.0,0.0],"evs":[0.0,-2.73109]},"72s":{"weight":0.0,"played":[1.0,0.0],"evs":[0.0,-4.52623]},"73s":{"weight":0.0,"played":[1.0,0.0],"evs":[0.0,-3.95849]},"74s":{"weight":0.0,"played":[1.0,0.0],"evs":[0.0,-3.34094]},"75s":{"weight":0.0,"played":[1.0,0.0],"evs":[0.0,-2.9205]},"76s":{"weight":0.8317,"played":[1.0,0.0],"evs":[0.0,-2.44092]},"77":{"weight":0.9912,"played":[0.0,1.0],"evs":[0.0,0.91629]},"87o":{"weight":0.0,"played":[1.0,0.0],"evs":[0.0,-3.50967]},"97o":{"weight":0.0,"played":[1.0,0.0],"evs":[0.0,-3.84753]},"T7o":{"weight":0.0,"played":[1.0,0.0],"evs":[0.0,-4.03832]},"J7o":{"weight":0.0,"played":[1.0,0.0],"evs":[0.0,-4.51437]},"Q7o":{"weight":0.0,"played":[1.0,0.0],"evs":[0.0,-4.02018]},"K7o":{"weight":0.0,"played":[1.0,0.0],"evs":[0.0,-3.50553]},"A7o":{"weight":0.0,"played":[1.0,0.0],"evs":[0.0,-2.67601]},"82s":{"weight":0.0,"played":[1.0,0.0],"evs":[0.0,-4.05529]},"83s":{"weight":0.0,"played":[1.0,0.0],"evs":[0.0,-4.07366]},"84s":{"weight":0.0,"played":[1.0,0.0],"evs":[0.0,-3.31954]},"85s":{"weight":0.0,"played":[1.0,0.0],"evs":[0.0,-2.81591]},"86s":{"weight":0.0,"played":[1.0,0.0],"evs":[0.0,-2.76289]},"87s":{"weight":0.7906,"played":[1.0,0.0],"evs":[0.0,-2.3011]},"88":{"weight":0.9935,"played":[0.0,1.0],"evs":[0.0,2.28836]},"98o":{"weight":0.0,"played":[1.0,0.0],"evs":[0.0,-3.2149]},"T8o":{"weight":0.0,"played":[1.0,0.0],"evs":[0.0,-3.35038]},"J8o":{"weight":0.0,"played":[1.0,0.0],"evs":[0.0,-3.77213]},"Q8o":{"weight":0.0,"played":[1.0,0.0],"evs":[0.0,-3.48278]},"K8o":{"weight":0.0,"played":[1.0,0.0],"evs":[0.0,-3.32444]},"A8o":{"weight":0.0,"played":[1.0,0.0],"evs":[0.0,-2.10601]},"92s":{"weight":0.0,"played":[1.0,0.0],"evs":[0.0,-3.77249]},"93s":{"weight":0.0,"played":[1.0,0.0],"evs":[0.0,-3.67631]},"94s":{"weight":0.0,"played":[1.0,0.0],"evs":[0.0,-3.59598]},"95s":{"weight":0.0,"played":[1.0,0.0],"evs":[0.0,-3.1039]},"96s":{"weight":0.0,"played":[1.0,0.0],"evs":[0.0,-2.80747]},"97s":{"weight":0.0,"played":[1.0,0.0],"evs":[0.0,-2.37361]},"98s":{"weight":0.9997,"played":[1.0,0.0],"evs":[0.0,-1.74624]},"99":{"weight":0.5847,"played":[0.0,1.0],"evs":[0.0,3.69018]},"T9o":{"weight":0.0,"played":[1.0,0.0],"evs":[0.0,-2.79508]},"J9o":{"weight":0.0,"played":[1.0,0.0],"evs":[0.0,-3.10294]},"Q9o":{"weight":0.0,"played":[1.0,0.0],"evs":[0.0,-2.78271]},"K9o":{"weight":0.0,"played":[1.0,0.0],"evs":[0.0,-2.55199]},"A9o":{"weight":0.0,"played":[1.0,0.0],"evs":[0.0,-1.78163]},"T2s":{"weight":0.0,"played":[1.0,0.0],"evs":[0.0,-3.67011]},"T3s":{"weight":0.0,"played":[1.0,0.0],"evs":[0.0,-3.702]},"T4s":{"weight":0.0,"played":[1.0,0.0],"evs":[0.0,-3.48991]},"T5s":{"weight":0.0,"played":[1.0,0.0],"evs":[0.0,-3.45192]},"T6s":{"weight":0.0,"played":[1.0,0.0],"evs":[0.0,-2.95298]},"T7s":{"weight":0.0,"played":[1.0,0.0],"evs":[0.0,-2.58047]},"T8s":{"weight":0.996,"played":[1.0,0.0],"evs":[0.0,-2.04362]},"T9s":{"weight":0.997,"played":[1.0,0.0],"evs":[0.0,-1.27406]},"TT":{"weight":0.0148,"played":[0.0,1.0],"evs":[0.0,5.42721]},"JTo":{"weight":0.0,"played":[1.0,0.0],"evs":[0.0,-2.3823]},"QTo":{"weight":0.0,"played":[1.0,0.0],"evs":[0.0,-1.92253]},"KTo":{"weight":0.0,"played":[1.0,0.0],"evs":[0.0,-1.37875]},"ATo":{"weight":0.9773,"played":[1.0,0.0],"evs":[0.0,-1.0344]},"J2s":{"weight":0.0,"played":[1.0,0.0],"evs":[0.0,-3.64418]},"J3s":{"weight":0.0,"played":[1.0,0.0],"evs":[0.0,-3.5265]},"J4s":{"weight":0.0,"played":[1.0,0.0],"evs":[0.0,-3.40845]},"J5s":{"weight":0.0,"played":[1.0,0.0],"evs":[0.0,-3.43525]},"J6s":{"weight":0.0,"played":[1.0,0.0],"evs":[0.0,-3.2313]},"J7s":{"weight":0.0,"played":[1.0,0.0],"evs":[0.0,-3.04608]},"J8s":{"weight":0.0,"played":[1.0,0.0],"evs":[0.0,-2.58738]},"J9s":{"weight":0.9998,"played":[1.0,0.0],"evs":[0.0,-1.76437]},"JTs":{"weight":0.923,"played":[0.9998,2.0E-4],"evs":[0.0,-1.03264]},"JJ":{"weight":0.8665,"played":[0.0,1.0],"evs":[0.0,7.59095]},"QJo":{"weight":0.5343,"played":[1.0,0.0],"evs":[0.0,-1.90449]},"KJo":{"weight":0.9728,"played":[1.0,0.0],"evs":[0.0,-1.15453]},"AJo":{"weight":0.9731,"played":[0.0213,0.9787],"evs":[0.0,0.17988]},"Q2s":{"weight":0.0,"played":[1.0,0.0],"evs":[0.0,-2.80277]},"Q3s":{"weight":0.0,"played":[1.0,0.0],"evs":[0.0,-2.84185]},"Q4s":{"weight":0.0,"played":[1.0,0.0],"evs":[0.0,-2.69105]},"Q5s":{"weight":0.0,"played":[1.0,0.0],"evs":[0.0,-2.62139]},"Q6s":{"weight":0.0,"played":[1.0,0.0],"evs":[0.0,-2.56947]},"Q7s":{"weight":0.0,"played":[1.0,0.0],"evs":[0.0,-2.62859]},"Q8s":{"weight":0.0,"played":[1.0,0.0],"evs":[0.0,-1.86079]},"Q9s":{"weight":0.9598,"played":[1.0,0.0],"evs":[0.0,-1.4218]},"QTs":{"weight":0.7635,"played":[0.9993,7.0E-4],"evs":[0.0,-0.50814]},"QJs":{"weight":0.0061,"played":[0.9994,6.0E-4],"evs":[0.0,-0.61762]},"QQ":{"weight":0.888,"played":[0.0,1.0],"evs":[0.0,10.46139]},"KQo":{"weight":0.8698,"played":[0.8463,0.1537],"evs":[0.0,-0.02861]},"AQo":{"weight":0.9602,"played":[0.0,1.0],"evs":[0.0,2.89539]},"K2s":{"weight":0.0,"played":[1.0,0.0],"evs":[0.0,-2.4895]},"K3s":{"weight":0.0,"played":[1.0,0.0],"evs":[0.0,-2.31446]},"K4s":{"weight":0.0,"played":[1.0,0.0],"evs":[0.0,-2.25291]},"K5s":{"weight":0.0,"played":[1.0,0.0],"evs":[0.0,-2.13386]},"K6s":{"weight":0.0,"played":[1.0,0.0],"evs":[0.0,-2.15957]},"K7s":{"weight":0.0611,"played":[1.0,0.0],"evs":[0.0,-2.00875]},"K8s":{"weight":0.827,"played":[1.0,0.0],"evs":[0.0,-1.73096]},"K9s":{"weight":0.883,"played":[1.0,0.0],"evs":[0.0,-1.18277]},"KTs":{"weight":0.9233,"played":[0.8052,0.1948],"evs":[0.0,-0.03647]},"KJs":{"weight":0.5488,"played":[0.0102,0.9898],"evs":[0.0,0.19274]},"KQs":{"weight":1.0,"played":[0.0,1.0],"evs":[0.0,1.21026]},"KK":{"weight":0.9494,"played":[0.0,1.0],"evs":[0.0,13.45308]},"AKo":{"weight":0.0,"played":[0.0,1.0],"evs":[0.0,5.81314]},"A2s":{"weight":0.0,"played":[0.9999,1.0E-4],"evs":[0.0,-1.18502]},"A3s":{"weight":0.9868,"played":[1.0,0.0],"evs":[0.0,-1.12192]},"A4s":{"weight":0.9692,"played":[0.9999,1.0E-4],"evs":[0.0,-0.94702]},"A5s":{"weight":0.9787,"played":[1.0,0.0],"evs":[0.0,-0.76604]},"A6s":{"weight":0.9833,"played":[1.0,0.0],"evs":[0.0,-1.37193]},"A7s":{"weight":0.9724,"played":[1.0,0.0],"evs":[0.0,-1.04574]},"A8s":{"weight":0.9363,"played":[0.9994,6.0E-4],"evs":[0.0,-0.74804]},"A9s":{"weight":0.9999,"played":[0.9999,1.0E-4],"evs":[0.0,-0.36232]},"ATs":{"weight":1.0,"played":[3.0E-4,0.9997],"evs":[0.0,0.36039]},"AJs":{"weight":1.0,"played":[0.0,1.0],"evs":[0.0,1.4536]},"AQs":{"weight":0.9999,"played":[0.0,1.0],"evs":[0.0,3.92193]},"AKs":{"weight":0.6946,"played":[0.0,1.0],"evs":[0.0,6.78763]},"AA":{"weight":0.8991,"played":[0.0,1.0],"evs":[0.0,17.37225]}}}