{"player":4,"street":0,"children":2,"sequence":[{"player":0,"type":"F","amount":0,"street":0},{"player":1,"type":"F","amount":0,"street":0},{"player":2,"type":"R","amount":200000,"street":0},{"player":3,"type":"C","amount":200000,"street":0},{"player":4,"type":"C","amount":150000,"street":0},{"player":5,"type":"R","amount":1885000,"street":0},{"player":2,"type":"F","amount":0,"street":0},{"player":3,"type":"C","amount":785000,"street":0}],"actions":[{"type":"F","amount":0},{"type":"C","amount":885000}],"hands":{"22":{"weight":0.0018,"played":[0.4116,0.5884],"evs":[0.0,-0.24411]},"32o":{"weight":0.0,"played":[1.0,0.0],"evs":[0.0,-1.42383]},"42o":{"weight":0.0,"played":[0.9952,0.0048],"evs":[0.0,-0.69209]},"52o":{"weight":0.0,"played":[1.0,0.0],"evs":[0.0,-1.54195]},"62o":{"weight":0.0,"played":[0.9653,0.0347],"evs":[0.0,-0.39464]},"72o":{"weight":0.0,"played":[0.9999,1.0E-4],"evs":[0.0,-1.67005]},"82o":{"weight":0.0,"played":[0.9993,7.0E-4],"evs":[0.0,-1.83904]},"92o":{"weight":0.0,"played":[1.0,0.0],"evs":[0.0,-2.23974]},"T2o":{"weight":0.0,"played":[0.9974,0.0026],"evs":[0.0,-2.46606]},"J2o":{"weight":0.0,"played":[0.9995,5.0E-4],"evs":[0.0,-1.64841]},"Q2o":{"weight":0.0,"played":[0.9968,0.0032],"evs":[0.0,-1.72729]},"K2o":{"weight":0.0,"played":[0.281,0.719],"evs":[0.0,0.20036]},"A2o":{"weight":0.0,"played":[0.0471,0.9529],"evs":[0.0,1.1649]},"32s":{"weight":0.0,"played":[0.3804,0.6196],"evs":[0.0,1.53027]},"33":{"weight":8.0E-4,"played":[0.0645,0.9355],"evs":[0.0,0.89843]},"43o":{"weight":0.0,"played":[0.997,0.003],"evs":[0.0,-1.13009]},"53o":{"weight":0.0,"played":[0.924,0.076],"evs":[0.0,-1.33085]},"63o":{"weight":0.0,"played":[0.9593,0.0407],"evs":[0.0,-1.10073]},"73o":{"weight":0.0,"played":[0.9898,0.0102],"evs":[0.0,-1.76794]},"83o":{"weight":0.0,"played":[0.9927,0.0073],"evs":[0.0,-2.00596]},"93o":{"weight":0.0,"played":[0.7989,0.2011],"evs":[0.0,-0.86197]},"T3o":{"weight":0.0,"played":[0.959,0.041],"evs":[0.0,-2.4909]},"J3o":{"weight":0.0,"played":[0.9957,0.0043],"evs":[0.0,-1.73766]},"Q3o":{"weight":0.0,"played":[0.9997,3.0E-4],"evs":[0.0,-1.34639]},"K3o":{"weight":1.0E-4,"played":[0.4441,0.5559],"evs":[0.0,0.77031]},"A3o":{"weight":0.1803,"played":[7.0E-4,0.9993],"evs":[0.0,0.94334]},"42s":{"weight":0.0,"played":[0.9587,0.0413],"evs":[0.0,-2.54068]},"43s":{"weight":0.0,"played":[0.4546,0.5454],"evs":[0.0,0.47124]},"44":{"weight":0.9878,"played":[1.0E-4,0.9999],"evs":[0.0,2.35088]},"54o":{"weight":0.0,"played":[0.7706,0.2294],"evs":[0.0,0.0112]},"64o":{"weight":1.0E-4,"played":[0.192,0.808],"evs":[0.0,0.01602]},"74o":{"weight":0.0,"played":[0.8865,0.1135],"evs":[0.0,-1.36431]},"84o":{"weight":0.0,"played":[0.9374,0.0626],"evs":[0.0,-0.94793]},"94o":{"weight":0.0,"played":[0.992,0.008],"evs":[0.0,-1.27076]},"T4o":{"weight":0.0,"played":[0.9962,0.0038],"evs":[0.0,-1.67903]},"J4o":{"weight":0.0,"played":[0.9136,0.0864],"evs":[0.0,-1.11874]},"Q4o":{"weight":0.0,"played":[0.3108,0.6892],"evs":[0.0,-0.263]},"K4o":{"weight":0.0,"played":[0.1973,0.8027],"evs":[0.0,0.69905]},"A4o":{"weight":0.2602,"played":[0.0148,0.9852],"evs":[0.0,1.65441]},"52s":{"weight":0.0,"played":[0.8856,0.1144],"evs":[0.0,-0.40206]},"53s":{"weight":8.0E-4,"played":[0.4353,0.5647],"evs":[0.0,2.40299]},"54s":{"weight":0.0775,"played":[0.0171,0.9829],"evs":[0.0,2.21127]},"55":{"weight":0.7012,"played":[0.2578,0.7422],"evs":[0.0,2.31538]},"65o":{"weight":0.0,"played":[0.7382,0.2618],"evs":[0.0,0.57369]},"75o":{"weight":0.0,"played":[0.9289,0.0711],"evs":[0.0,-0.44411]},"85o":{"weight":0.0,"played":[0.7003,0.2997],"evs":[0.0,0.31582]},"95o":{"weight":0.0,"played":[0.4734,0.5266],"evs":[0.0,-1.0371]},"T5o":{"weight":0.0,"played":[0.9708,0.0292],"evs":[0.0,-1.12574]},"J5o":{"weight":0.0,"played":[0.9321,0.0679],"evs":[0.0,-1.61999]},"Q5o":{"weight":1.0E-4,"played":[0.9808,0.0192],"evs":[0.0,-1.56603]},"K5o":{"weight":0.0,"played":[0.6772,0.3228],"evs":[0.0,0.36734]},"A5o":{"weight":0.2957,"played":[0.0313,0.9687],"evs":[0.0,2.91518]},"62s":{"weight":0.0,"played":[0.4113,0.5887],"evs":[0.0,-0.10768]},"63s":{"weight":0.0,"played":[0.0345,0.9655],"evs":[0.0,2.65808]},"64s":{"weight":0.0,"played":[0.1389,0.8611],"evs":[0.0,1.74876]},"65s":{"weight":0.7726,"played":[0.0016,0.9984],"evs":[0.0,1.69299]},"66":{"weight":5.0E-4,"played":[0.0034,0.9966],"evs":[0.0,4.37188]},"76o":{"weight":0.0,"played":[0.065,0.935],"evs":[0.0,1.3756]},"86o":{"weight":0.0,"played":[0.9619,0.0381],"evs":[0.0,-0.24486]},"96o":{"weight":0.0,"played":[0.2144,0.7856],"evs":[0.0,0.59242]},"T6o":{"weight":0.0,"played":[0.9725,0.0275],"evs":[0.0,-2.00613]},"J6o":{"weight":0.0,"played":[0.9968,0.0032],"evs":[0.0,-0.78717]},"Q6o":{"weight":0.0,"played":[0.5499,0.4501],"evs":[0.0,1.07679]},"K6o":{"weight":1.0E-4,"played":[0.4553,0.5447],"evs":[0.0,0.60595]},"A6o":{"weight":0.0854,"played":[0.0,1.0],"evs":[0.0,2.70184]},"72s":{"weight":0.0,"played":[0.1666,0.8334],"evs":[0.0,1.54062]},"73s":{"weight":0.0,"played":[0.8707,0.1293],"evs":[0.0,-1.01187]},"74s":{"weight":2.0E-4,"played":[0.2572,0.7428],"evs":[0.0,0.47495]},"75s":{"weight":1.0E-4,"played":[0.3901,0.6099],"evs":[0.0,0.53064]},"76s":{"weight":0.0,"played":[0.0278,0.9722],"evs":[0.0,3.8374]},"77":{"weight":1.0E-4,"played":[4.0E-4,0.9996],"evs":[0.0,5.65052]},"87o":{"weight":1.0E-4,"played":[0.7281,0.2719],"evs":[0.0,-0.48241]},"97o":{"weight":2.0E-4,"played":[0.0995,0.9005],"evs":[0.0,0.71136]},"T7o":{"weight":0.0,"played":[0.8088,0.1912],"evs":[0.0,-1.30745]},"J7o":{"weight":0.0,"played":[0.9894,0.0106],"evs":[0.0,-0.79253]},"Q7o":{"weight":0.0,"played":[0.7934,0.2066],"evs":[0.0,-0.52381]},"K7o":{"weight":1.0E-4,"played":[0.0809,0.9191],"evs":[0.0,0.7831]},"A7o":{"weight":2.0E-4,"played":[0.0032,0.9968],"evs":[0.0,4.06254]},"82s":{"weight":0.0,"played":[0.8808,0.1192],"evs":[0.0,-1.59102]},"83s":{"weight":5.0E-4,"played":[0.8181,0.1819],"evs":[0.0,-0.90053]},"84s":{"weight":0.0,"played":[0.5858,0.4142],"evs":[0.0,-1.28396]},"85s":{"weight":4.0E-4,"played":[0.1225,0.8775],"evs":[0.0,2.71033]},"86s":{"weight":0.0072,"played":[0.4885,0.5115],"evs":[0.0,0.98084]},"87s":{"weight":0.5271,"played":[0.0922,0.9078],"evs":[0.0,1.81253]},"88":{"weight":9.0E-4,"played":[4.0E-4,0.9996],"evs":[0.0,4.41482]},"98o":{"weight":0.0,"played":[0.3268,0.6732],"evs":[0.0,0.75579]},"T8o":{"weight":0.0,"played":[0.5894,0.4106],"evs":[0.0,-0.06017]},"J8o":{"weight":0.0,"played":[0.5481,0.4519],"evs":[0.0,-0.67864]},"Q8o":{"weight":3.0E-4,"played":[0.4915,0.5085],"evs":[0.0,0.3192]},"K8o":{"weight":0.0,"played":[0.3708,0.6292],"evs":[0.0,1.53066]},"A8o":{"weight":6.0E-4,"played":[0.014,0.986],"evs":[0.0,3.69443]},"92s":{"weight":0.0,"played":[0.9476,0.0524],"evs":[0.0,-2.42495]},"93s":{"weight":0.0,"played":[0.9331,0.0669],"evs":[0.0,0.08519]},"94s":{"weight":0.0,"played":[0.5318,0.4682],"evs":[0.0,-0.33727]},"95s":{"weight":0.0058,"played":[0.6831,0.3169],"evs":[0.0,-0.37473]},"96s":{"weight":0.0015,"played":[0.0683,0.9317],"evs":[0.0,1.39536]},"97s":{"weight":0.0162,"played":[0.0654,0.9346],"evs":[0.0,0.34864]},"98s":{"weight":0.7516,"played":[0.0141,0.9859],"evs":[0.0,1.0299]},"99":{"weight":0.0,"played":[0.0,1.0],"evs":[0.0,7.83732]},"T9o":{"weight":0.0,"played":[0.4778,0.5222],"evs":[0.0,-0.74256]},"J9o":{"weight":0.0012,"played":[0.6891,0.3109],"evs":[0.0,-0.26319]},"Q9o":{"weight":0.0011,"played":[0.8723,0.1277],"evs":[0.0,-0.96908]},"K9o":{"weight":0.9289,"played":[0.0364,0.9636],"evs":[0.0,2.51327]},"A9o":{"weight":0.0038,"played":[0.0,1.0],"evs":[0.0,3.05691]},"T2s":{"weight":0.0,"played":[0.8283,0.1717],"evs":[0.0,-1.32784]},"T3s":{"weight":2.0E-4,"played":[0.5069,0.4931],"evs":[0.0,-0.89816]},"T4s":{"weight":0.0,"played":[0.1572,0.8428],"evs":[0.0,0.32537]},"T5s":{"weight":0.0,"played":[0.9399,0.0601],"evs":[0.0,-1.85359]},"T6s":{"weight":8.0E-4,"played":[0.3293,0.6707],"evs":[0.0,-0.64948]},"T7s":{"weight":2.0E-4,"played":[0.356,0.644],"evs":[0.0,-0.12232]},"T8s":{"weight":0.0304,"played":[0.5879,0.4121],"evs":[0.0,2.17155]},"T9s":{"weight":0.1773,"played":[0.0504,0.9496],"evs":[0.0,1.03144]},"TT":{"weight":0.0,"played":[0.0,1.0],"evs":[0.0,6.50314]},"JTo":{"weight":4.0E-4,"played":[0.2772,0.7228],"evs":[0.0,0.72469]},"QTo":{"weight":0.2189,"played":[0.0052,0.9948],"evs":[0.0,0.47055]},"KTo":{"weight":0.0036,"played":[0.0061,0.9939],"evs":[0.0,2.1555]},"ATo":{"weight":0.0,"played":[2.0E-4,0.9998],"evs":[0.0,5.19062]},"J2s":{"weight":0.0,"played":[0.999,0.001],"evs":[0.0,-0.64864]},"J3s":{"weight":1.0E-4,"played":[0.5417,0.4583],"evs":[0.0,0.72969]},"J4s":{"weight":4.0E-4,"played":[0.2231,0.7769],"evs":[0.0,0.50619]},"J5s":{"weight":5.0E-4,"played":[0.6738,0.3262],"evs":[0.0,-0.15132]},"J6s":{"weight":0.0,"played":[0.2425,0.7575],"evs":[0.0,-0.15749]},"J7s":{"weight":4.0E-4,"played":[0.0224,0.9776],"evs":[0.0,2.37547]},"J8s":{"weight":0.0039,"played":[0.4673,0.5327],"evs":[0.0,2.15476]},"J9s":{"weight":0.6077,"played":[1.0E-4,0.9999],"evs":[0.0,1.4393]},"JTs":{"weight":0.9813,"played":[0.1849,0.8151],"evs":[0.0,2.03386]},"JJ":{"weight":0.0,"played":[3.0E-4,0.9997],"evs":[0.0,6.94934]},"QJo":{"weight":0.26,"played":[2.0E-4,0.9998],"evs":[0.0,1.90636]},"KJo":{"weight":0.0026,"played":[0.0017,0.9983],"evs":[0.0,3.02063]},"AJo":{"weight":0.0,"played":[8.0E-4,0.9992],"evs":[0.0,5.44513]},"Q2s":{"weight":0.001,"played":[0.4163,0.5837],"evs":[0.0,0.29332]},"Q3s":{"weight":7.0E-4,"played":[0.8133,0.1867],"evs":[0.0,-0.85409]},"Q4s":{"weight":1.0E-4,"played":[0.8292,0.1708],"evs":[0.0,-0.39874]},"Q5s":{"weight":0.0,"played":[0.4173,0.5827],"evs":[0.0,1.23149]},"Q6s":{"weight":0.0068,"played":[0.6355,0.3645],"evs":[0.0,0.53846]},"Q7s":{"weight":0.0267,"played":[0.0532,0.9468],"evs":[0.0,1.31505]},"Q8s":{"weight":0.0232,"played":[0.4475,0.5525],"evs":[0.0,0.12365]},"Q9s":{"weight":0.3706,"played":[0.0552,0.9448],"evs":[0.0,0.81908]},"QTs":{"weight":0.2698,"played":[0.0045,0.9955],"evs":[0.0,3.47573]},"QJs":{"weight":0.0162,"played":[0.0125,0.9875],"evs":[0.0,2.65537]},"QQ":{"weight":0.0,"played":[3.0E-4,0.9997],"evs":[0.0,8.80708]},"KQo":{"weight":0.0,"played":[8.0E-4,0.9992],"evs":[0.0,3.38345]},"AQo":{"weight":0.0,"played":[0.001,0.999],"evs":[0.0,5.29822]},"K2s":{"weight":0.079,"played":[0.029,0.971],"evs":[0.0,1.65256]},"K3s":{"weight":0.5484,"played":[0.0143,0.9857],"evs":[0.0,1.81311]},"K4s":{"weight":0.0954,"played":[0.0,1.0],"evs":[0.0,4.51367]},"K5s":{"weight":0.9401,"played":[0.0268,0.9732],"evs":[0.0,1.98233]},"K6s":{"weight":0.203,"played":[0.0063,0.9937],"evs":[0.0,3.55707]},"K7s":{"weight":0.5799,"played":[3.0E-4,0.9997],"evs":[0.0,2.81844]},"K8s":{"weight":0.1827,"played":[0.0229,0.9771],"evs":[0.0,2.72819]},"K9s":{"weight":0.0059,"played":[0.0018,0.9982],"evs":[0.0,2.82453]},"KTs":{"weight":0.0,"played":[0.0899,0.9101],"evs":[0.0,5.51101]},"KJs":{"weight":3.0E-4,"played":[0.0226,0.9774],"evs":[0.0,3.44866]},"KQs":{"weight":0.0,"played":[0.0023,0.9977],"evs":[0.0,6.72755]},"KK":{"weight":0.0,"played":[0.0,1.0],"evs":[0.0,12.49854]},"AKo":{"weight":0.0,"played":[0.0,1.0],"evs":[0.0,6.54623]},"A2s":{"weight":0.0085,"played":[0.006,0.994],"evs":[0.0,2.72128]},"A3s":{"weight":0.4215,"played":[9.0E-4,0.9991],"evs":[0.0,3.41443]},"A4s":{"weight":0.118,"played":[7.0E-4,0.9993],"evs":[0.0,2.64089]},"A5s":{"weight":1.0E-4,"played":[0.0,1.0],"evs":[0.0,2.72802]},"A6s":{"weight":0.0228,"played":[0.002,0.998],"evs":[0.0,4.95127]},"A7s":{"weight":1.0E-4,"played":[0.0149,0.9851],"evs":[0.0,3.55844]},"A8s":{"weight":1.0E-4,"played":[2.0E-4,0.9998],"evs":[0.0,4.12755]},"A9s":{"weight":4.0E-4,"played":[0.0119,0.9881],"evs":[0.0,6.34562]},"ATs":{"weight":1.0E-4,"played":[0.0109,0.9891],"evs":[0.0,7.81132]},"AJs":{"weight":0.0,"played":[5.0E-4,0.9995],"evs":[0.0,7.7924]},"AQs":{"weight":1.0E-4,"played":[0.0017,0.9983],"evs":[0.0,8.07376]},"AKs":{"weight":0.0,"played":[4.0E-4,0.9996],"evs":[0.0,8.5476]},"AA":{"weight":0.0,"played":[0.0,1.0],"evs":[0.0,15.16416]}}}