{"player":0,"street":0,"children":3,"sequence":[{"player":0,"type":"R","amount":200000,"street":0},{"player":1,"type":"C","amount":200000,"street":0},{"player":2,"type":"F","amount":0,"street":0},{"player":3,"type":"F","amount":0,"street":0},{"player":4,"type":"C","amount":150000,"street":0},{"player":5,"type":"R","amount":1985000,"street":0}],"actions":[{"type":"F","amount":0,"node":335},{"type":"C","amount":1785000,"node":338},{"type":"R","amount":2885000,"node":343}],"hands":{"22":{"weight":0.9999,"played":[0.997,0.001,0.002],"evs":[0.0,-0.7861,-0.91763]},"32o":{"weight":0.0,"played":[1.0,0.0,0.0],"evs":[0.0,-5.51319,-5.60383]},"42o":{"weight":0.0,"played":[1.0,0.0,0.0],"evs":[0.0,-5.4734,-5.54181]},"52o":{"weight":0.0,"played":[1.0,0.0,0.0],"evs":[0.0,-5.17569,-5.2381]},"62o":{"weight":0.0,"played":[1.0,0.0,0.0],"evs":[0.0,-5.6329,-5.72991]},"72o":{"weight":0.0,"played":[1.0,0.0,0.0],"evs":[0.0,-6.29128,-6.4392]},"82o":{"weight":0.0,"played":[1.0,0.0,0.0],"evs":[0.0,-6.10858,-6.15274]},"92o":{"weight":0.0,"played":[1.0,0.0,0.0],"evs":[0.0,-5.58642,-5.53228]},"T2o":{"weight":0.0,"played":[1.0,0.0,0.0],"evs":[0.0,-5.85394,-5.83455]},"J2o":{"weight":0.0,"played":[1.0,0.0,0.0],"evs":[0.0,-5.61889,-5.57435]},"Q2o":{"weight":0.0,"played":[1.0,0.0,0.0],"evs":[0.0,-5.0174,-4.98824]},"K2o":{"weight":0.0,"played":[1.0,0.0,0.0],"evs":[0.0,-4.50945,-4.53921]},"A2o":{"weight":0.0,"played":[0.9999,0.0,1.0E-4],"evs":[0.0,-3.96778,-4.05095]},"32s":{"weight":0.0,"played":[1.0,0.0,0.0],"evs":[0.0,-3.82917,-4.08158]},"33":{"weight":1.0,"played":[0.9832,0.0077,0.0091],"evs":[0.0,-0.92021,-1.01309]},"43o":{"weight":0.0,"played":[1.0,0.0,0.0],"evs":[0.0,-4.8573,-4.91965]},"53o":{"weight":0.0,"played":[1.0,0.0,0.0],"evs":[0.0,-4.26298,-4.31897]},"63o":{"weight":0.0,"played":[1.0,0.0,0.0],"evs":[0.0,-5.05273,-5.01528]},"73o":{"weight":0.0,"played":[1.0,0.0,0.0],"evs":[0.0,-5.30649,-5.31852]},"83o":{"weight":0.0,"played":[1.0,0.0,0.0],"evs":[0.0,-6.21348,-6.17815]},"93o":{"weight":0.0,"played":[1.0,0.0,0.0],"evs":[0.0,-5.47808,-5.37621]},"T3o":{"weight":0.0,"played":[1.0,0.0,0.0],"evs":[0.0,-5.70509,-5.65982]},"J3o":{"weight":0.0,"played":[1.0,0.0,0.0],"evs":[0.0,-5.22758,-5.29112]},"Q3o":{"weight":0.0,"played":[1.0,0.0,0.0],"evs":[0.0,-5.08183,-5.06723]},"K3o":{"weight":0.0,"played":[1.0,0.0,0.0],"evs":[0.0,-4.34038,-4.37076]},"A3o":{"weight":0.0,"played":[1.0,0.0,0.0],"evs":[0.0,-3.74231,-3.91116]},"42s":{"weight":0.0,"played":[1.0,0.0,0.0],"evs":[0.0,-3.4273,-3.5587]},"43s":{"weight":0.0,"played":[0.9997,0.0,3.0E-4],"evs":[0.0,-3.17606,-3.34381]},"44":{"weight":1.0,"played":[0.5716,0.3778,0.0506],"evs":[0.0,-0.08324,-0.15351]},"54o":{"weight":0.0,"played":[1.0,0.0,0.0],"evs":[0.0,-3.83799,-3.88445]},"64o":{"weight":0.0,"played":[1.0,0.0,0.0],"evs":[0.0,-4.53026,-4.55738]},"74o":{"weight":0.0,"played":[1.0,0.0,0.0],"evs":[0.0,-5.0324,-5.05021]},"84o":{"weight":0.0,"played":[1.0,0.0,0.0],"evs":[0.0,-5.16168,-5.27084]},"94o":{"weight":0.0,"played":[1.0,0.0,0.0],"evs":[0.0,-5.29577,-5.24514]},"T4o":{"weight":0.0,"played":[1.0,0.0,0.0],"evs":[0.0,-5.37694,-5.36164]},"J4o":{"weight":0.0,"played":[1.0,0.0,0.0],"evs":[0.0,-5.22923,-5.20269]},"Q4o":{"weight":0.0,"played":[1.0,0.0,0.0],"evs":[0.0,-4.6419,-4.65295]},"K4o":{"weight":0.0,"played":[1.0,0.0,0.0],"evs":[0.0,-4.14278,-4.20652]},"A4o":{"weight":0.0,"played":[0.9999,0.0,0.0],"evs":[0.0,-3.36093,-3.47191]},"52s":{"weight":0.0,"played":[0.9976,0.0015,9.0E-4],"evs":[0.0,-2.87121,-2.88105]},"53s":{"weight":0.0,"played":[1.0,0.0,0.0],"evs":[0.0,-2.94547,-2.96542]},"54s":{"weight":0.0,"played":[0.9999,0.0,1.0E-4],"evs":[0.0,-2.17435,-2.22048]},"55":{"weight":1.0,"played":[0.6256,0.1674,0.2071],"evs":[0.0,-0.18248,-0.18579]},"65o":{"weight":0.0,"played":[0.9999,0.0,0.0],"evs":[0.0,-3.75613,-3.73752]},"75o":{"weight":0.0,"played":[1.0,0.0,0.0],"evs":[0.0,-4.38457,-4.37825]},"85o":{"weight":0.0,"played":[1.0,0.0,0.0],"evs":[0.0,-4.14513,-4.19786]},"95o":{"weight":0.0,"played":[1.0,0.0,0.0],"evs":[0.0,-4.52293,-4.42307]},"T5o":{"weight":0.0,"played":[1.0,0.0,0.0],"evs":[0.0,-5.34555,-5.4267]},"J5o":{"weight":0.0,"played":[1.0,0.0,0.0],"evs":[0.0,-5.19092,-5.2777]},"Q5o":{"weight":0.0,"played":[1.0,0.0,0.0],"evs":[0.0,-4.52347,-4.42013]},"K5o":{"weight":0.0,"played":[1.0,0.0,0.0],"evs":[0.0,-4.02122,-4.04092]},"A5o":{"weight":0.9983,"played":[0.9999,1.0E-4,0.0],"evs":[0.0,-3.50233,-3.61688]},"62s":{"weight":0.0,"played":[1.0,0.0,0.0],"evs":[0.0,-4.04803,-3.98735]},"63s":{"weight":0.0,"played":[0.9997,0.0,3.0E-4],"evs":[0.0,-3.06651,-2.97011]},"64s":{"weight":0.0,"played":[0.9943,0.0024,0.0033],"evs":[0.0,-2.50573,-2.48838]},"65s":{"weight":0.9823,"played":[0.9999,0.0,1.0E-4],"evs":[0.0,-1.90379,-1.93346]},"66":{"weight":1.0,"played":[3.0E-4,0.5533,0.4464],"evs":[0.0,0.46467,0.53093]},"76o":{"weight":0.0,"played":[0.9996,0.0,3.0E-4],"evs":[0.0,-3.30915,-3.38859]},"86o":{"weight":0.0,"played":[1.0,0.0,0.0],"evs":[0.0,-3.68813,-3.67432]},"96o":{"weight":0.0,"played":[1.0,0.0,0.0],"evs":[0.0,-3.89832,-3.93451]},"T6o":{"weight":0.0,"played":[1.0,0.0,0.0],"evs":[0.0,-4.8202,-4.80168]},"J6o":{"weight":0.0,"played":[1.0,0.0,0.0],"evs":[0.0,-5.16048,-5.06802]},"Q6o":{"weight":0.0,"played":[1.0,0.0,0.0],"evs":[0.0,-4.38015,-4.3889]},"K6o":{"weight":0.0,"played":[1.0,0.0,0.0],"evs":[0.0,-3.4903,-3.51165]},"A6o":{"weight":0.0,"played":[1.0,0.0,0.0],"evs":[0.0,-4.36737,-4.4733]},"72s":{"weight":0.0,"played":[0.9998,0.0,2.0E-4],"evs":[0.0,-4.3902,-4.56815]},"73s":{"weight":0.0,"played":[1.0,0.0,0.0],"evs":[0.0,-3.5039,-3.46797]},"74s":{"weight":0.0,"played":[0.9999,0.0,1.0E-4],"evs":[0.0,-2.76031,-2.68217]},"75s":{"weight":0.0,"played":[0.9998,0.0,2.0E-4],"evs":[0.0,-2.68366,-2.84169]},"76s":{"weight":0.9999,"played":[0.9903,7.0E-4,0.009],"evs":[0.0,-1.51684,-1.54196]},"77":{"weight":1.0,"played":[0.0,0.858,0.142],"evs":[0.0,1.78248,1.85885]},"87o":{"weight":0.0,"played":[1.0,0.0,0.0],"evs":[0.0,-2.9492,-2.97741]},"97o":{"weight":0.0,"played":[0.9998,0.0,2.0E-4],"evs":[0.0,-3.91361,-3.84849]},"T7o":{"weight":0.0,"played":[1.0,0.0,0.0],"evs":[0.0,-4.22685,-4.25924]},"J7o":{"weight":0.0,"played":[1.0,0.0,0.0],"evs":[0.0,-4.3669,-4.36879]},"Q7o":{"weight":0.0,"played":[1.0,0.0,0.0],"evs":[0.0,-4.26568,-4.24458]},"K7o":{"weight":0.0,"played":[1.0,0.0,0.0],"evs":[0.0,-3.76646,-3.78161]},"A7o":{"weight":1.0,"played":[0.9999,0.0,0.0],"evs":[0.0,-4.05337,-4.11677]},"82s":{"weight":0.0,"played":[1.0,0.0,0.0],"evs":[0.0,-4.43816,-4.4889]},"83s":{"weight":0.0,"played":[0.9998,1.0E-4,1.0E-4],"evs":[0.0,-4.46776,-4.33574]},"84s":{"weight":0.0,"played":[0.9975,9.0E-4,0.0016],"evs":[0.0,-3.17246,-3.11105]},"85s":{"weight":0.0,"played":[0.9917,0.0062,0.0021],"evs":[0.0,-3.32908,-3.36842]},"86s":{"weight":0.7689,"played":[0.9998,1.0E-4,1.0E-4],"evs":[0.0,-2.05805,-2.00373]},"87s":{"weight":0.9999,"played":[0.9981,1.0E-4,0.0017],"evs":[0.0,-1.69006,-1.75022]},"88":{"weight":0.9998,"played":[0.0,0.3764,0.6236],"evs":[0.0,3.63278,3.77597]},"98o":{"weight":0.0,"played":[0.9994,0.0,6.0E-4],"evs":[0.0,-2.88854,-2.79642]},"T8o":{"weight":0.0,"played":[1.0,0.0,0.0],"evs":[0.0,-3.15754,-3.10724]},"J8o":{"weight":0.0,"played":[1.0,0.0,0.0],"evs":[0.0,-3.58876,-3.54313]},"Q8o":{"weight":0.0,"played":[0.9999,1.0E-4,1.0E-4],"evs":[0.0,-3.94192,-3.84356]},"K8o":{"weight":0.0,"played":[1.0,0.0,0.0],"evs":[0.0,-3.43246,-3.3517]},"A8o":{"weight":1.0,"played":[1.0,0.0,0.0],"evs":[0.0,-3.50094,-3.53655]},"92s":{"weight":0.0,"played":[0.9998,0.0,2.0E-4],"evs":[0.0,-3.77908,-3.78887]},"93s":{"weight":0.0,"played":[1.0,0.0,0.0],"evs":[0.0,-3.62675,-3.59705]},"94s":{"weight":0.0,"played":[0.9993,2.0E-4,5.0E-4],"evs":[0.0,-3.13309,-3.24626]},"95s":{"weight":0.0,"played":[1.0,0.0,0.0],"evs":[0.0,-2.61337,-2.61814]},"96s":{"weight":0.0,"played":[0.9956,9.0E-4,0.0035],"evs":[0.0,-2.19023,-2.13302]},"97s":{"weight":0.9998,"played":[0.9986,7.0E-4,8.0E-4],"evs":[0.0,-1.65216,-1.65964]},"98s":{"weight":1.0,"played":[0.9799,0.0054,0.0146],"evs":[0.0,-1.42806,-1.28777]},"99":{"weight":1.0,"played":[0.0,0.3292,0.6708],"evs":[0.0,4.96296,5.09698]},"T9o":{"weight":0.0,"played":[0.9998,1.0E-4,1.0E-4],"evs":[0.0,-2.77954,-2.61109]},"J9o":{"weight":0.0,"played":[1.0,0.0,0.0],"evs":[0.0,-2.70038,-2.64181]},"Q9o":{"weight":0.0,"played":[1.0,0.0,0.0],"evs":[0.0,-3.05716,-2.87208]},"K9o":{"weight":0.0,"played":[0.9996,2.0E-4,2.0E-4],"evs":[0.0,-3.1877,-3.18578]},"A9o":{"weight":1.0,"played":[0.9998,2.0E-4,0.0],"evs":[0.0,-2.73035,-2.72036]},"T2s":{"weight":0.0,"played":[0.9999,1.0E-4,0.0],"evs":[0.0,-3.73476,-3.76265]},"T3s":{"weight":0.0,"played":[1.0,0.0,0.0],"evs":[0.0,-3.92061,-3.78885]},"T4s":{"weight":0.0,"played":[0.9905,0.0054,0.0042],"evs":[0.0,-3.22494,-3.15683]},"T5s":{"weight":0.0,"played":[0.9989,0.0,0.0011],"evs":[0.0,-3.94988,-3.93561]},"T6s":{"weight":0.0,"played":[1.0,0.0,0.0],"evs":[0.0,-3.1765,-3.24102]},"T7s":{"weight":0.9993,"played":[0.997,0.0022,8.0E-4],"evs":[0.0,-2.24509,-2.19744]},"T8s":{"weight":1.0,"played":[0.9882,0.0026,0.0093],"evs":[0.0,-1.64394,-1.5226]},"T9s":{"weight":1.0,"played":[0.9502,0.0199,0.0299],"evs":[0.0,-1.10474,-0.83834]},"TT":{"weight":1.0,"played":[0.0,0.4347,0.5653],"evs":[0.0,6.88958,7.01409]},"JTo":{"weight":1.0,"played":[0.9999,0.0,0.0],"evs":[0.0,-2.4383,-2.32887]},"QTo":{"weight":1.0,"played":[0.9993,1.0E-4,6.0E-4],"evs":[0.0,-2.241,-2.17836]},"KTo":{"weight":1.0,"played":[0.9997,1.0E-4,1.0E-4],"evs":[0.0,-2.04762,-2.0082]},"ATo":{"weight":1.0,"played":[0.9921,0.0041,0.0038],"evs":[0.0,-1.23627,-1.27977]},"J2s":{"weight":0.0,"played":[1.0,0.0,0.0],"evs":[0.0,-3.36371,-3.24996]},"J3s":{"weight":0.0,"played":[0.9998,1.0E-4,1.0E-4],"evs":[0.0,-2.85441,-2.96169]},"J4s":{"weight":0.0,"played":[0.9999,0.0,1.0E-4],"evs":[0.0,-3.44459,-3.42295]},"J5s":{"weight":0.0,"played":[1.0,0.0,0.0],"evs":[0.0,-2.86601,-3.00082]},"J6s":{"weight":0.0,"played":[0.9997,1.0E-4,2.0E-4],"evs":[0.0,-3.23225,-3.29182]},"J7s":{"weight":0.0,"played":[1.0,0.0,0.0],"evs":[0.0,-2.62619,-2.51868]},"J8s":{"weight":1.0,"played":[0.999,2.0E-4,8.0E-4],"evs":[0.0,-2.05889,-1.9203]},"J9s":{"weight":1.0,"played":[0.9981,0.0016,2.0E-4],"evs":[0.0,-1.02941,-0.89455]},"JTs":{"weight":1.0,"played":[0.9897,0.0083,0.002],"evs":[0.0,-1.23353,-1.01286]},"JJ":{"weight":1.0,"played":[0.0,0.0827,0.9173],"evs":[0.0,9.53018,9.74436]},"QJo":{"weight":1.0,"played":[0.9999,0.0,1.0E-4],"evs":[0.0,-2.1688,-2.08284]},"KJo":{"weight":1.0,"played":[0.9979,0.0012,9.0E-4],"evs":[0.0,-1.75602,-1.6698]},"AJo":{"weight":1.0,"played":[0.0017,0.2832,0.715],"evs":[0.0,0.48294,0.48377]},"Q2s":{"weight":0.0,"played":[0.9966,0.0025,9.0E-4],"evs":[0.0,-2.92712,-2.84115]},"Q3s":{"weight":0.0,"played":[0.9998,0.0,2.0E-4],"evs":[0.0,-3.1314,-2.96629]},"Q4s":{"weight":0.0,"played":[0.9994,1.0E-4,4.0E-4],"evs":[0.0,-2.60414,-2.49212]},"Q5s":{"weight":0.0,"played":[0.9974,0.0022,4.0E-4],"evs":[0.0,-2.35594,-2.33127]},"Q6s":{"weight":0.0,"played":[0.9996,1.0E-4,3.0E-4],"evs":[0.0,-2.064,-1.94529]},"Q7s":{"weight":0.1057,"played":[0.9718,0.0019,0.0263],"evs":[0.0,-2.41237,-2.23639]},"Q8s":{"weight":1.0,"played":[0.9998,1.0E-4,0.0],"evs":[0.0,-1.46865,-1.34541]},"Q9s":{"weight":1.0,"played":[0.9929,0.0,0.0071],"evs":[0.0,-1.42085,-1.12421]},"QTs":{"weight":1.0,"played":[0.9701,0.0013,0.0286],"evs":[0.0,-0.44151,-0.32743]},"QJs":{"weight":1.0,"played":[0.1212,0.2942,0.5846],"evs":[0.0,-0.20244,-0.03245]},"QQ":{"weight":1.0,"played":[0.0,0.1523,0.8477],"evs":[0.0,12.41668,12.70248]},"KQo":{"weight":0.9999,"played":[0.9875,0.0,0.0125],"evs":[0.0,-1.21362,-1.13021]},"AQo":{"weight":0.9998,"played":[0.0,0.2332,0.7668],"evs":[0.0,3.60095,3.52561]},"K2s":{"weight":0.0,"played":[1.0,0.0,0.0],"evs":[0.0,-2.23982,-2.20043]},"K3s":{"weight":0.0,"played":[0.9997,0.0,3.0E-4],"evs":[0.0,-2.94675,-3.04394]},"K4s":{"weight":0.0591,"played":[0.9988,7.0E-4,5.0E-4],"evs":[0.0,-2.45586,-2.3726]},"K5s":{"weight":1.0,"played":[0.9993,1.0E-4,6.0E-4],"evs":[0.0,-2.39758,-2.46069]},"K6s":{"weight":1.0,"played":[0.997,5.0E-4,0.0025],"evs":[0.0,-2.12269,-2.1182]},"K7s":{"weight":1.0,"played":[0.9946,7.0E-4,0.0046],"evs":[0.0,-2.1,-2.10173]},"K8s":{"weight":1.0,"played":[0.9939,2.0E-4,0.0059],"evs":[0.0,-1.38759,-1.33846]},"K9s":{"weight":1.0,"played":[0.9788,0.0167,0.0045],"evs":[0.0,-0.72274,-0.58244]},"KTs":{"weight":0.9999,"played":[0.6862,0.0871,0.2267],"evs":[0.0,-0.29042,-0.21392]},"KJs":{"weight":1.0,"played":[7.0E-4,0.1909,0.8084],"evs":[0.0,0.06282,0.15656]},"KQs":{"weight":1.0,"played":[0.0,0.0418,0.9582],"evs":[0.0,0.64326,0.68309]},"KK":{"weight":1.0,"played":[0.0,0.2231,0.7769],"evs":[0.0,16.32098,16.4612]},"AKo":{"weight":1.0,"played":[0.0,0.3751,0.6249],"evs":[0.0,6.2737,6.35591]},"A2s":{"weight":1.0,"played":[0.9997,2.0E-4,1.0E-4],"evs":[0.0,-2.22198,-2.2903]},"A3s":{"weight":1.0,"played":[0.9993,5.0E-4,3.0E-4],"evs":[0.0,-2.03644,-1.99452]},"A4s":{"weight":1.0,"played":[0.9987,4.0E-4,9.0E-4],"evs":[0.0,-1.34718,-1.32024]},"A5s":{"weight":1.0,"played":[0.9871,0.0074,0.0054],"evs":[0.0,-1.52311,-1.62476]},"A6s":{"weight":1.0,"played":[0.9982,0.0014,4.0E-4],"evs":[0.0,-2.14165,-2.22773]},"A7s":{"weight":1.0,"played":[0.9949,0.0013,0.0038],"evs":[0.0,-1.6673,-1.65813]},"A8s":{"weight":1.0,"played":[0.9943,0.0028,0.0029],"evs":[0.0,-1.23713,-1.3111]},"A9s":{"weight":1.0,"played":[0.9311,0.0209,0.0479],"evs":[0.0,-0.92305,-0.78384]},"ATs":{"weight":1.0,"played":[0.0,0.288,0.712],"evs":[0.0,0.55894,0.63039]},"AJs":{"weight":1.0,"played":[0.0,0.9966,0.0034],"evs":[0.0,2.33253,2.18954]},"AQs":{"weight":1.0,"played":[0.0,0.1449,0.8551],"evs":[0.0,4.86335,4.8874]},"AKs":{"weight":1.0,"played":[0.0,0.8616,0.1384],"evs":[0.0,7.68829,7.63922]},"AA":{"weight":1.0,"played":[0.0,0.7108,0.2892],"evs":[0.0,22.48376,22.64094]}}}