{"player":4,"street":0,"children":2,"sequence":[{"player":0,"type":"R","amount":200000,"street":0},{"player":1,"type":"C","amount":200000,"street":0},{"player":2,"type":"F","amount":0,"street":0},{"player":3,"type":"F","amount":0,"street":0},{"player":4,"type":"C","amount":150000,"street":0},{"player":5,"type":"R","amount":1985000,"street":0},{"player":0,"type":"R","amount":2885000,"street":0},{"player":1,"type":"C","amount":2585000,"street":0}],"actions":[{"type":"F","amount":0},{"type":"C","amount":885000}],"hands":{"22":{"weight":0.9998,"played":[0.9769,0.0231],"evs":[0.0,-1.8587]},"32o":{"weight":0.0,"played":[1.0,0.0],"evs":[0.0,-2.73527]},"42o":{"weight":0.0,"played":[0.9999,1.0E-4],"evs":[0.0,-2.74353]},"52o":{"weight":0.0,"played":[1.0,0.0],"evs":[0.0,-1.81103]},"62o":{"weight":0.0,"played":[1.0,0.0],"evs":[0.0,-3.09061]},"72o":{"weight":0.0,"played":[1.0,0.0],"evs":[0.0,-3.06827]},"82o":{"weight":0.0,"played":[0.9983,0.0017],"evs":[0.0,-3.30883]},"92o":{"weight":0.0,"played":[0.9998,2.0E-4],"evs":[0.0,-3.0013]},"T2o":{"weight":0.0,"played":[0.9993,7.0E-4],"evs":[0.0,-3.199]},"J2o":{"weight":0.0,"played":[0.9993,7.0E-4],"evs":[0.0,-3.74455]},"Q2o":{"weight":0.0,"played":[0.9998,2.0E-4],"evs":[0.0,-3.97783]},"K2o":{"weight":0.0,"played":[0.9999,1.0E-4],"evs":[0.0,-2.56229]},"A2o":{"weight":0.0,"played":[1.0,0.0],"evs":[0.0,-2.74672]},"32s":{"weight":0.0,"played":[0.9926,0.0074],"evs":[0.0,-1.45479]},"33":{"weight":0.9998,"played":[0.9998,2.0E-4],"evs":[0.0,-1.48209]},"43o":{"weight":0.0,"played":[1.0,0.0],"evs":[0.0,-2.30568]},"53o":{"weight":0.0,"played":[1.0,0.0],"evs":[0.0,-1.56042]},"63o":{"weight":0.0,"played":[0.9984,0.0016],"evs":[0.0,-2.70586]},"73o":{"weight":0.0,"played":[1.0,0.0],"evs":[0.0,-3.08481]},"83o":{"weight":0.0,"played":[1.0,0.0],"evs":[0.0,-3.47346]},"93o":{"weight":0.0,"played":[0.9999,1.0E-4],"evs":[0.0,-2.94867]},"T3o":{"weight":0.0,"played":[1.0,0.0],"evs":[0.0,-2.99546]},"J3o":{"weight":0.0,"played":[0.9999,1.0E-4],"evs":[0.0,-3.76709]},"Q3o":{"weight":0.0,"played":[1.0,0.0],"evs":[0.0,-3.62972]},"K3o":{"weight":0.0,"played":[1.0,0.0],"evs":[0.0,-2.15958]},"A3o":{"weight":0.0,"played":[1.0,0.0],"evs":[0.0,-3.31819]},"42s":{"weight":0.0,"played":[0.9399,0.0601],"evs":[0.0,-1.3481]},"43s":{"weight":0.0,"played":[0.9932,0.0068],"evs":[0.0,-0.69518]},"44":{"weight":0.9999,"played":[0.9783,0.0217],"evs":[0.0,-0.85732]},"54o":{"weight":0.0,"played":[0.9978,0.0022],"evs":[0.0,-1.537]},"64o":{"weight":0.0,"played":[0.9796,0.0204],"evs":[0.0,-1.6358]},"74o":{"weight":0.0,"played":[0.9982,0.0018],"evs":[0.0,-2.19722]},"84o":{"weight":0.0,"played":[1.0,0.0],"evs":[0.0,-2.92236]},"94o":{"weight":0.0,"played":[1.0,0.0],"evs":[0.0,-3.08686]},"T4o":{"weight":0.0,"played":[0.9997,3.0E-4],"evs":[0.0,-2.85856]},"J4o":{"weight":0.0,"played":[1.0,0.0],"evs":[0.0,-3.24691]},"Q4o":{"weight":0.0,"played":[1.0,0.0],"evs":[0.0,-3.21323]},"K4o":{"weight":0.0,"played":[1.0,0.0],"evs":[0.0,-2.70277]},"A4o":{"weight":0.0,"played":[0.9999,1.0E-4],"evs":[0.0,-3.02414]},"52s":{"weight":0.0,"played":[0.9896,0.0104],"evs":[0.0,-1.19599]},"53s":{"weight":0.0,"played":[0.9985,0.0015],"evs":[0.0,-1.05231]},"54s":{"weight":0.0773,"played":[0.9746,0.0254],"evs":[0.0,-0.33232]},"55":{"weight":0.6468,"played":[0.6245,0.3755],"evs":[0.0,-0.65962]},"65o":{"weight":0.0,"played":[0.9882,0.0118],"evs":[0.0,-1.65293]},"75o":{"weight":0.0,"played":[0.9982,0.0018],"evs":[0.0,-2.26582]},"85o":{"weight":0.0,"played":[0.9999,1.0E-4],"evs":[0.0,-1.83068]},"95o":{"weight":0.0,"played":[0.9997,3.0E-4],"evs":[0.0,-3.07805]},"T5o":{"weight":0.0,"played":[0.9997,3.0E-4],"evs":[0.0,-2.71036]},"J5o":{"weight":0.0,"played":[0.999,0.001],"evs":[0.0,-2.9193]},"Q5o":{"weight":0.0,"played":[1.0,0.0],"evs":[0.0,-3.56553]},"K5o":{"weight":0.0,"played":[0.9999,1.0E-4],"evs":[0.0,-2.50786]},"A5o":{"weight":0.0,"played":[0.9937,0.0063],"evs":[0.0,-2.61033]},"62s":{"weight":0.0,"played":[0.9967,0.0033],"evs":[0.0,-2.74363]},"63s":{"weight":0.0,"played":[0.9998,2.0E-4],"evs":[0.0,-1.02886]},"64s":{"weight":0.0,"played":[0.2584,0.7416],"evs":[0.0,-0.16153]},"65s":{"weight":0.9958,"played":[0.7895,0.2105],"evs":[0.0,-0.2512]},"66":{"weight":0.0,"played":[0.8868,0.1132],"evs":[0.0,-1.20324]},"76o":{"weight":0.0,"played":[0.9914,0.0086],"evs":[0.0,-1.32249]},"86o":{"weight":0.0,"played":[0.9988,0.0012],"evs":[0.0,-2.32326]},"96o":{"weight":0.0,"played":[0.9998,2.0E-4],"evs":[0.0,-1.89083]},"T6o":{"weight":0.0,"played":[0.9999,1.0E-4],"evs":[0.0,-2.52217]},"J6o":{"weight":0.0,"played":[0.9998,2.0E-4],"evs":[0.0,-3.41293]},"Q6o":{"weight":0.0,"played":[0.9948,0.0052],"evs":[0.0,-2.96485]},"K6o":{"weight":0.0,"played":[0.9995,5.0E-4],"evs":[0.0,-2.36615]},"A6o":{"weight":0.0,"played":[1.0,0.0],"evs":[0.0,-3.20818]},"72s":{"weight":0.0,"played":[0.9996,4.0E-4],"evs":[0.0,-2.11942]},"73s":{"weight":0.0,"played":[0.9973,0.0027],"evs":[0.0,-1.29942]},"74s":{"weight":0.0,"played":[0.8671,0.1329],"evs":[0.0,-0.68101]},"75s":{"weight":0.004,"played":[0.9576,0.0424],"evs":[0.0,-0.59317]},"76s":{"weight":0.9967,"played":[0.6757,0.3243],"evs":[0.0,-0.48041]},"77":{"weight":0.0,"played":[0.9604,0.0396],"evs":[0.0,-0.83641]},"87o":{"weight":0.0,"played":[0.9953,0.0047],"evs":[0.0,-1.96998]},"97o":{"weight":0.0,"played":[0.9942,0.0058],"evs":[0.0,-2.14198]},"T7o":{"weight":0.0,"played":[0.9991,9.0E-4],"evs":[0.0,-2.29994]},"J7o":{"weight":0.0,"played":[1.0,0.0],"evs":[0.0,-2.95646]},"Q7o":{"weight":0.0,"played":[0.9992,8.0E-4],"evs":[0.0,-3.3579]},"K7o":{"weight":0.0,"played":[1.0,0.0],"evs":[0.0,-2.39075]},"A7o":{"weight":0.0,"played":[0.9981,0.0019],"evs":[0.0,-3.83187]},"82s":{"weight":0.0,"played":[0.998,0.002],"evs":[0.0,-2.28224]},"83s":{"weight":0.0,"played":[0.9996,4.0E-4],"evs":[0.0,-2.33558]},"84s":{"weight":0.0,"played":[0.9894,0.0106],"evs":[0.0,-0.77186]},"85s":{"weight":0.0,"played":[0.9757,0.0243],"evs":[0.0,-0.80226]},"86s":{"weight":0.015,"played":[0.9099,0.0901],"evs":[0.0,-1.05396]},"87s":{"weight":0.9988,"played":[0.8293,0.1707],"evs":[0.0,-0.40585]},"88":{"weight":0.0,"played":[0.1399,0.8601],"evs":[0.0,0.08526]},"98o":{"weight":0.0,"played":[0.9992,8.0E-4],"evs":[0.0,-1.67293]},"T8o":{"weight":0.0,"played":[0.9982,0.0018],"evs":[0.0,-2.52657]},"J8o":{"weight":0.0,"played":[0.9999,1.0E-4],"evs":[0.0,-2.58766]},"Q8o":{"weight":0.0,"played":[0.9997,3.0E-4],"evs":[0.0,-2.85611]},"K8o":{"weight":0.0,"played":[0.9998,2.0E-4],"evs":[0.0,-1.80862]},"A8o":{"weight":0.0012,"played":[0.9992,8.0E-4],"evs":[0.0,-2.79119]},"92s":{"weight":0.0,"played":[0.992,0.008],"evs":[0.0,-1.81644]},"93s":{"weight":0.0,"played":[0.8843,0.1157],"evs":[0.0,-1.35835]},"94s":{"weight":0.0,"played":[0.9218,0.0782],"evs":[0.0,-1.34183]},"95s":{"weight":0.0,"played":[0.9971,0.0029],"evs":[0.0,-1.12501]},"96s":{"weight":0.0093,"played":[0.9973,0.0027],"evs":[0.0,-1.02257]},"97s":{"weight":0.8224,"played":[0.9568,0.0432],"evs":[0.0,-1.19083]},"98s":{"weight":0.9996,"played":[0.9797,0.0203],"evs":[0.0,-1.49096]},"99":{"weight":0.0,"played":[6.0E-4,0.9994],"evs":[0.0,0.65528]},"T9o":{"weight":0.0,"played":[0.9834,0.0166],"evs":[0.0,-2.39672]},"J9o":{"weight":0.0,"played":[0.993,0.007],"evs":[0.0,-2.26065]},"Q9o":{"weight":0.0,"played":[0.9951,0.0049],"evs":[0.0,-2.96333]},"K9o":{"weight":1.0E-4,"played":[0.9999,1.0E-4],"evs":[0.0,-2.15672]},"A9o":{"weight":0.1384,"played":[0.9992,8.0E-4],"evs":[0.0,-3.04228]},"T2s":{"weight":0.0,"played":[0.9963,0.0037],"evs":[0.0,-1.88453]},"T3s":{"weight":0.0,"played":[0.9952,0.0048],"evs":[0.0,-2.70865]},"T4s":{"weight":0.0,"played":[0.9999,1.0E-4],"evs":[0.0,-1.51753]},"T5s":{"weight":0.0,"played":[0.9926,0.0074],"evs":[0.0,-0.8343]},"T6s":{"weight":0.0,"played":[0.9593,0.0407],"evs":[0.0,-1.5547]},"T7s":{"weight":0.0,"played":[0.9975,0.0025],"evs":[0.0,-1.40394]},"T8s":{"weight":0.7512,"played":[0.5709,0.4291],"evs":[0.0,-0.40588]},"T9s":{"weight":1.0,"played":[0.8305,0.1695],"evs":[0.0,-0.40079]},"TT":{"weight":0.0,"played":[1.0E-4,0.9999],"evs":[0.0,0.24304]},"JTo":{"weight":0.0,"played":[0.986,0.014],"evs":[0.0,-1.79521]},"QTo":{"weight":0.0,"played":[0.995,0.005],"evs":[0.0,-2.13659]},"KTo":{"weight":0.9588,"played":[0.9624,0.0376],"evs":[0.0,-1.1711]},"ATo":{"weight":0.001,"played":[0.9976,0.0024],"evs":[0.0,-2.18728]},"J2s":{"weight":0.0,"played":[0.9969,0.0031],"evs":[0.0,-1.75256]},"J3s":{"weight":0.0,"played":[0.9963,0.0037],"evs":[0.0,-1.51648]},"J4s":{"weight":0.0,"played":[0.9995,5.0E-4],"evs":[0.0,-1.3611]},"J5s":{"weight":0.0,"played":[0.9993,7.0E-4],"evs":[0.0,-0.53428]},"J6s":{"weight":0.0,"played":[0.9993,7.0E-4],"evs":[0.0,-1.72025]},"J7s":{"weight":0.0,"played":[0.9983,0.0017],"evs":[0.0,-1.18354]},"J8s":{"weight":1.0E-4,"played":[0.9923,0.0077],"evs":[0.0,-0.89723]},"J9s":{"weight":0.9996,"played":[0.9047,0.0953],"evs":[0.0,-1.08463]},"JTs":{"weight":1.0,"played":[0.7556,0.2444],"evs":[0.0,-0.60708]},"JJ":{"weight":0.0,"played":[0.0,1.0],"evs":[0.0,2.85182]},"QJo":{"weight":0.9981,"played":[0.9813,0.0187],"evs":[0.0,-2.19979]},"KJo":{"weight":1.0,"played":[0.9505,0.0495],"evs":[0.0,-1.36314]},"AJo":{"weight":0.0,"played":[0.9373,0.0627],"evs":[0.0,-1.92454]},"Q2s":{"weight":0.0,"played":[0.9998,2.0E-4],"evs":[0.0,-3.36788]},"Q3s":{"weight":0.0,"played":[0.997,0.003],"evs":[0.0,-3.35785]},"Q4s":{"weight":0.0,"played":[0.9996,4.0E-4],"evs":[0.0,-2.97814]},"Q5s":{"weight":0.0,"played":[0.9986,0.0014],"evs":[0.0,-1.69552]},"Q6s":{"weight":0.0,"played":[0.8539,0.1461],"evs":[0.0,-1.31685]},"Q7s":{"weight":0.0,"played":[0.9804,0.0196],"evs":[0.0,-1.73147]},"Q8s":{"weight":0.0442,"played":[0.7316,0.2684],"evs":[0.0,-1.11206]},"Q9s":{"weight":0.9998,"played":[0.9998,2.0E-4],"evs":[0.0,-1.37374]},"QTs":{"weight":0.9999,"played":[0.9064,0.0936],"evs":[0.0,-0.82831]},"QJs":{"weight":1.0,"played":[0.5812,0.4188],"evs":[0.0,-0.37699]},"QQ":{"weight":0.0,"played":[1.0E-4,0.9999],"evs":[0.0,5.99474]},"KQo":{"weight":0.1449,"played":[0.9864,0.0136],"evs":[0.0,-1.10007]},"AQo":{"weight":0.0,"played":[0.7695,0.2305],"evs":[0.0,-1.02246]},"K2s":{"weight":0.002,"played":[0.4327,0.5673],"evs":[0.0,-0.37269]},"K3s":{"weight":0.0154,"played":[0.9989,0.0011],"evs":[0.0,-1.15736]},"K4s":{"weight":1.0E-4,"played":[0.9603,0.0397],"evs":[0.0,-1.57847]},"K5s":{"weight":0.4455,"played":[0.7876,0.2124],"evs":[0.0,-0.56602]},"K6s":{"weight":0.9997,"played":[0.9448,0.0552],"evs":[0.0,-1.16903]},"K7s":{"weight":1.0,"played":[0.9894,0.0106],"evs":[0.0,-1.41142]},"K8s":{"weight":1.0,"played":[0.9941,0.0059],"evs":[0.0,-0.87726]},"K9s":{"weight":1.0,"played":[0.9267,0.0733],"evs":[0.0,-0.82348]},"KTs":{"weight":1.0,"played":[0.182,0.818],"evs":[0.0,0.51234]},"KJs":{"weight":0.9996,"played":[0.7905,0.2095],"evs":[0.0,-0.48826]},"KQs":{"weight":1.0E-4,"played":[0.3641,0.6359],"evs":[0.0,0.99686]},"KK":{"weight":0.0,"played":[0.0,1.0],"evs":[0.0,9.74157]},"AKo":{"weight":0.0,"played":[0.0017,0.9983],"evs":[0.0,1.31273]},"A2s":{"weight":0.9998,"played":[0.9992,8.0E-4],"evs":[0.0,-2.42446]},"A3s":{"weight":0.9997,"played":[0.9844,0.0156],"evs":[0.0,-1.53384]},"A4s":{"weight":0.9997,"played":[0.9358,0.0642],"evs":[0.0,-1.6826]},"A5s":{"weight":0.9994,"played":[0.9353,0.0647],"evs":[0.0,-1.10942]},"A6s":{"weight":1.0,"played":[0.9949,0.0051],"evs":[0.0,-2.09376]},"A7s":{"weight":1.0,"played":[0.9642,0.0358],"evs":[0.0,-1.51492]},"A8s":{"weight":0.8373,"played":[0.9019,0.0981],"evs":[0.0,-1.47192]},"A9s":{"weight":3.0E-4,"played":[0.9898,0.0102],"evs":[0.0,-1.79462]},"ATs":{"weight":0.0,"played":[0.6187,0.3813],"evs":[0.0,-0.43567]},"AJs":{"weight":0.0,"played":[0.8301,0.1699],"evs":[0.0,-1.24324]},"AQs":{"weight":0.0,"played":[0.0155,0.9845],"evs":[0.0,0.95324]},"AKs":{"weight":0.0,"played":[0.0013,0.9987],"evs":[0.0,1.77808]},"AA":{"weight":0.0,"played":[0.0,1.0],"evs":[0.0,13.17225]}}}