{"player":0,"street":0,"children":3,"sequence":[{"player":0,"type":"R","amount":200000,"street":0},{"player":1,"type":"C","amount":200000,"street":0},{"player":2,"type":"F","amount":0,"street":0},{"player":3,"type":"F","amount":0,"street":0},{"player":4,"type":"R","amount":1085000,"street":0},{"player":5,"type":"F","amount":0,"street":0}],"actions":[{"type":"F","amount":0,"node":348},{"type":"C","amount":885000,"node":349},{"type":"R","amount":2785000,"node":351}],"hands":{"22":{"weight":0.9999,"played":[0.0082,0.1596,0.8323],"evs":[0.0,0.07267,0.08498]},"32o":{"weight":0.0,"played":[1.0,0.0,0.0],"evs":[0.0,-3.47488,-4.22682]},"42o":{"weight":0.0,"played":[1.0,0.0,0.0],"evs":[0.0,-3.36563,-4.05958]},"52o":{"weight":0.0,"played":[1.0,0.0,0.0],"evs":[0.0,-3.16614,-3.6186]},"62o":{"weight":0.0,"played":[1.0,0.0,0.0],"evs":[0.0,-3.39491,-4.08168]},"72o":{"weight":0.0,"played":[1.0,0.0,0.0],"evs":[0.0,-3.48113,-4.28883]},"82o":{"weight":0.0,"played":[1.0,0.0,0.0],"evs":[0.0,-3.43529,-3.91797]},"92o":{"weight":0.0,"played":[1.0,0.0,0.0],"evs":[0.0,-3.48946,-3.85312]},"T2o":{"weight":0.0,"played":[1.0,0.0,0.0],"evs":[0.0,-3.47583,-3.87004]},"J2o":{"weight":0.0,"played":[1.0,0.0,0.0],"evs":[0.0,-3.225,-3.82962]},"Q2o":{"weight":0.0,"played":[1.0,0.0,0.0],"evs":[0.0,-3.1505,-3.46065]},"K2o":{"weight":0.0,"played":[1.0,0.0,0.0],"evs":[0.0,-2.72745,-2.7556]},"A2o":{"weight":0.0,"played":[1.0,0.0,0.0],"evs":[0.0,-2.36112,-2.29937]},"32s":{"weight":0.0,"played":[1.0,0.0,0.0],"evs":[0.0,-2.51976,-2.49824]},"33":{"weight":1.0,"played":[0.0025,0.0393,0.9582],"evs":[0.0,0.22306,0.2482]},"43o":{"weight":0.0,"played":[1.0,0.0,0.0],"evs":[0.0,-3.31508,-3.5897]},"53o":{"weight":0.0,"played":[1.0,0.0,0.0],"evs":[0.0,-3.03416,-3.0965]},"63o":{"weight":0.0,"played":[1.0,0.0,0.0],"evs":[0.0,-3.16675,-3.39864]},"73o":{"weight":0.0,"played":[1.0,0.0,0.0],"evs":[0.0,-3.31694,-3.69398]},"83o":{"weight":0.0,"played":[1.0,0.0,0.0],"evs":[0.0,-3.42106,-3.90679]},"93o":{"weight":0.0,"played":[1.0,0.0,0.0],"evs":[0.0,-3.5086,-3.69438]},"T3o":{"weight":0.0,"played":[1.0,0.0,0.0],"evs":[0.0,-3.48476,-3.81368]},"J3o":{"weight":0.0,"played":[1.0,0.0,0.0],"evs":[0.0,-3.16338,-3.77686]},"Q3o":{"weight":0.0,"played":[1.0,0.0,0.0],"evs":[0.0,-3.09579,-3.42599]},"K3o":{"weight":0.0,"played":[1.0,0.0,0.0],"evs":[0.0,-2.65844,-2.69007]},"A3o":{"weight":0.0,"played":[1.0,0.0,0.0],"evs":[0.0,-2.30977,-2.27154]},"42s":{"weight":0.0,"played":[1.0,0.0,0.0],"evs":[0.0,-2.35251,-2.3947]},"43s":{"weight":0.0,"played":[1.0,0.0,0.0],"evs":[0.0,-1.61574,-1.63144]},"44":{"weight":1.0,"played":[1.0E-4,0.2613,0.7387],"evs":[0.0,0.36564,0.37003]},"54o":{"weight":0.0,"played":[1.0,0.0,0.0],"evs":[0.0,-2.40874,-2.42092]},"64o":{"weight":0.0,"played":[1.0,0.0,0.0],"evs":[0.0,-2.82581,-2.83294]},"74o":{"weight":0.0,"played":[1.0,0.0,0.0],"evs":[0.0,-3.12884,-3.10745]},"84o":{"weight":0.0,"played":[1.0,0.0,0.0],"evs":[0.0,-3.20833,-3.36663]},"94o":{"weight":0.0,"played":[1.0,0.0,0.0],"evs":[0.0,-3.43054,-3.63636]},"T4o":{"weight":0.0,"played":[1.0,0.0,0.0],"evs":[0.0,-3.49766,-3.64883]},"J4o":{"weight":0.0,"played":[1.0,0.0,0.0],"evs":[0.0,-3.16891,-3.55337]},"Q4o":{"weight":0.0,"played":[1.0,0.0,0.0],"evs":[0.0,-3.08328,-3.32351]},"K4o":{"weight":0.0,"played":[1.0,0.0,0.0],"evs":[0.0,-2.45126,-2.47741]},"A4o":{"weight":0.0,"played":[1.0,0.0,0.0],"evs":[0.0,-2.09087,-2.04428]},"52s":{"weight":0.0,"played":[1.0,0.0,0.0],"evs":[0.0,-1.92313,-1.90836]},"53s":{"weight":0.0,"played":[1.0,0.0,0.0],"evs":[0.0,-1.64676,-1.64754]},"54s":{"weight":0.0,"played":[0.9998,1.0E-4,1.0E-4],"evs":[0.0,-0.84341,-0.86494]},"55":{"weight":1.0,"played":[0.0,0.0629,0.9371],"evs":[0.0,1.10158,1.11296]},"65o":{"weight":0.0,"played":[1.0,0.0,0.0],"evs":[0.0,-2.05413,-2.08351]},"75o":{"weight":0.0,"played":[1.0,0.0,0.0],"evs":[0.0,-2.33952,-2.3445]},"85o":{"weight":0.0,"played":[1.0,0.0,0.0],"evs":[0.0,-2.58316,-2.59628]},"95o":{"weight":0.0,"played":[1.0,0.0,0.0],"evs":[0.0,-2.84123,-2.85191]},"T5o":{"weight":0.0,"played":[1.0,0.0,0.0],"evs":[0.0,-3.33128,-3.63008]},"J5o":{"weight":0.0,"played":[1.0,0.0,0.0],"evs":[0.0,-2.97976,-3.22101]},"Q5o":{"weight":0.0,"played":[1.0,0.0,0.0],"evs":[0.0,-2.84418,-2.85359]},"K5o":{"weight":0.0,"played":[1.0,0.0,0.0],"evs":[0.0,-2.13299,-2.14633]},"A5o":{"weight":0.9983,"played":[1.0,0.0,0.0],"evs":[0.0,-1.84351,-1.80551]},"62s":{"weight":0.0,"played":[1.0,0.0,0.0],"evs":[0.0,-2.44077,-2.45972]},"63s":{"weight":0.0,"played":[1.0,0.0,0.0],"evs":[0.0,-1.7564,-1.75689]},"64s":{"weight":0.0,"played":[1.0,0.0,0.0],"evs":[0.0,-1.02007,-1.06663]},"65s":{"weight":0.9823,"played":[1.0,0.0,0.0],"evs":[0.0,-0.60299,-0.61224]},"66":{"weight":1.0,"played":[0.0,0.0015,0.9985],"evs":[0.0,2.22318,2.26062]},"76o":{"weight":0.0,"played":[1.0,0.0,0.0],"evs":[0.0,-1.54694,-1.53529]},"86o":{"weight":0.0,"played":[1.0,0.0,0.0],"evs":[0.0,-1.79721,-1.82437]},"96o":{"weight":0.0,"played":[1.0,0.0,0.0],"evs":[0.0,-2.21537,-2.22807]},"T6o":{"weight":0.0,"played":[1.0,0.0,0.0],"evs":[0.0,-2.86741,-2.87876]},"J6o":{"weight":0.0,"played":[1.0,0.0,0.0],"evs":[0.0,-2.9043,-3.06916]},"Q6o":{"weight":0.0,"played":[1.0,0.0,0.0],"evs":[0.0,-2.72798,-2.69331]},"K6o":{"weight":0.0,"played":[1.0,0.0,0.0],"evs":[0.0,-1.89705,-1.9074]},"A6o":{"weight":0.0,"played":[1.0,0.0,0.0],"evs":[0.0,-2.12953,-2.06636]},"72s":{"weight":0.0,"played":[1.0,0.0,0.0],"evs":[0.0,-2.42646,-2.44294]},"73s":{"weight":0.0,"played":[1.0,0.0,0.0],"evs":[0.0,-2.10246,-2.11995]},"74s":{"weight":0.0,"played":[1.0,0.0,0.0],"evs":[0.0,-1.34144,-1.34793]},"75s":{"weight":0.0,"played":[0.9999,0.0,0.0],"evs":[0.0,-0.94692,-0.93545]},"76s":{"weight":0.9999,"played":[0.9949,4.0E-4,0.0047],"evs":[0.0,-0.21461,-0.21346]},"77":{"weight":1.0,"played":[0.0,2.0E-4,0.9998],"evs":[0.0,3.72851,3.76285]},"87o":{"weight":0.0,"played":[1.0,0.0,0.0],"evs":[0.0,-1.28438,-1.27917]},"97o":{"weight":0.0,"played":[1.0,0.0,0.0],"evs":[0.0,-1.49069,-1.48384]},"T7o":{"weight":0.0,"played":[1.0,0.0,0.0],"evs":[0.0,-2.14131,-2.15083]},"J7o":{"weight":0.0,"played":[1.0,0.0,0.0],"evs":[0.0,-2.39184,-2.39486]},"Q7o":{"weight":0.0,"played":[1.0,0.0,0.0],"evs":[0.0,-2.56423,-2.5527]},"K7o":{"weight":0.0,"played":[1.0,0.0,0.0],"evs":[0.0,-1.75087,-1.74573]},"A7o":{"weight":1.0,"played":[1.0,0.0,0.0],"evs":[0.0,-1.70825,-1.67363]},"82s":{"weight":0.0,"played":[1.0,0.0,0.0],"evs":[0.0,-2.13366,-2.14618]},"83s":{"weight":0.0,"played":[1.0,0.0,0.0],"evs":[0.0,-2.21206,-2.2339]},"84s":{"weight":0.0,"played":[1.0,0.0,0.0],"evs":[0.0,-1.7959,-1.80711]},"85s":{"weight":0.0,"played":[0.9999,0.0,1.0E-4],"evs":[0.0,-0.98035,-0.97373]},"86s":{"weight":0.7689,"played":[0.9905,0.0054,0.0041],"evs":[0.0,-0.22142,-0.23885]},"87s":{"weight":0.9999,"played":[0.0115,0.1393,0.8492],"evs":[0.0,0.40293,0.40521]},"88":{"weight":0.9998,"played":[0.0,2.0E-4,0.9998],"evs":[0.0,5.05205,5.08925]},"98o":{"weight":0.0,"played":[1.0,0.0,0.0],"evs":[0.0,-0.9294,-0.93493]},"T8o":{"weight":0.0,"played":[1.0,0.0,0.0],"evs":[0.0,-1.34736,-1.3685]},"J8o":{"weight":0.0,"played":[1.0,0.0,0.0],"evs":[0.0,-1.67541,-1.69024]},"Q8o":{"weight":0.0,"played":[1.0,0.0,0.0],"evs":[0.0,-1.70996,-1.72245]},"K8o":{"weight":0.0,"played":[1.0,0.0,0.0],"evs":[0.0,-1.50632,-1.52701]},"A8o":{"weight":1.0,"played":[1.0,0.0,0.0],"evs":[0.0,-1.44615,-1.41253]},"92s":{"weight":0.0,"played":[1.0,0.0,0.0],"evs":[0.0,-2.03573,-2.05502]},"93s":{"weight":0.0,"played":[1.0,0.0,0.0],"evs":[0.0,-1.85557,-1.84718]},"94s":{"weight":0.0,"played":[1.0,0.0,0.0],"evs":[0.0,-2.01188,-2.02513]},"95s":{"weight":0.0,"played":[1.0,0.0,0.0],"evs":[0.0,-1.32543,-1.36455]},"96s":{"weight":0.0,"played":[0.9992,5.0E-4,3.0E-4],"evs":[0.0,-0.69539,-0.67135]},"97s":{"weight":0.9998,"played":[0.3305,0.1943,0.4752],"evs":[0.0,0.09776,0.11296]},"98s":{"weight":1.0,"played":[8.0E-4,0.4757,0.5235],"evs":[0.0,0.71006,0.70422]},"99":{"weight":1.0,"played":[0.0,0.0097,0.9903],"evs":[0.0,6.27361,6.3119]},"T9o":{"weight":0.0,"played":[1.0,0.0,0.0],"evs":[0.0,-0.74122,-0.74864]},"J9o":{"weight":0.0,"played":[1.0,0.0,0.0],"evs":[0.0,-1.01093,-1.00761]},"Q9o":{"weight":0.0,"played":[1.0,0.0,0.0],"evs":[0.0,-1.18035,-1.17778]},"K9o":{"weight":0.0,"played":[1.0,0.0,0.0],"evs":[0.0,-0.93983,-0.94193]},"A9o":{"weight":1.0,"played":[1.0,0.0,0.0],"evs":[0.0,-1.18904,-1.17322]},"T2s":{"weight":0.0,"played":[1.0,0.0,0.0],"evs":[0.0,-2.15671,-2.16655]},"T3s":{"weight":0.0,"played":[1.0,0.0,0.0],"evs":[0.0,-2.17765,-2.19859]},"T4s":{"weight":0.0,"played":[1.0,0.0,0.0],"evs":[0.0,-1.96471,-1.99283]},"T5s":{"weight":0.0,"played":[1.0,0.0,0.0],"evs":[0.0,-1.84086,-1.84973]},"T6s":{"weight":0.0,"played":[1.0,0.0,0.0],"evs":[0.0,-1.19964,-1.23815]},"T7s":{"weight":0.9993,"played":[0.9986,0.0,0.0013],"evs":[0.0,-0.45287,-0.45827]},"T8s":{"weight":1.0,"played":[0.0073,0.062,0.9307],"evs":[0.0,0.1897,0.19589]},"T9s":{"weight":1.0,"played":[0.0,0.3772,0.6228],"evs":[0.0,0.6135,0.60991]},"TT":{"weight":1.0,"played":[0.0,0.0916,0.9084],"evs":[0.0,7.71771,7.74018]},"JTo":{"weight":1.0,"played":[1.0,0.0,0.0],"evs":[0.0,-0.60073,-0.61373]},"QTo":{"weight":1.0,"played":[1.0,0.0,0.0],"evs":[0.0,-0.79944,-0.80992]},"KTo":{"weight":1.0,"played":[0.9998,0.0,2.0E-4],"evs":[0.0,-0.4427,-0.43462]},"ATo":{"weight":1.0,"played":[0.4172,0.1849,0.3979],"evs":[0.0,0.00205,0.02975]},"J2s":{"weight":0.0,"played":[1.0,0.0,0.0],"evs":[0.0,-2.03747,-2.06259]},"J3s":{"weight":0.0,"played":[1.0,0.0,0.0],"evs":[0.0,-1.93262,-1.93399]},"J4s":{"weight":0.0,"played":[1.0,0.0,0.0],"evs":[0.0,-1.81009,-1.79989]},"J5s":{"weight":0.0,"played":[1.0,0.0,0.0],"evs":[0.0,-1.58224,-1.5763]},"J6s":{"weight":0.0,"played":[1.0,0.0,0.0],"evs":[0.0,-1.40273,-1.41088]},"J7s":{"weight":0.0,"played":[1.0,0.0,0.0],"evs":[0.0,-0.73612,-0.72628]},"J8s":{"weight":1.0,"played":[0.9131,0.0587,0.0282],"evs":[0.0,-0.13445,-0.15379]},"J9s":{"weight":1.0,"played":[1.0E-4,0.5316,0.4683],"evs":[0.0,0.41847,0.41543]},"JTs":{"weight":1.0,"played":[0.0,0.9496,0.0504],"evs":[0.0,0.92437,0.90276]},"JJ":{"weight":1.0,"played":[0.0,0.1141,0.8859],"evs":[0.0,9.50784,9.53284]},"QJo":{"weight":1.0,"played":[1.0,0.0,0.0],"evs":[0.0,-0.73391,-0.74128]},"KJo":{"weight":1.0,"played":[0.9976,0.0012,0.0012],"evs":[0.0,-0.22799,-0.17177]},"AJo":{"weight":1.0,"played":[0.0,0.0,1.0],"evs":[0.0,1.69574,1.72701]},"Q2s":{"weight":0.0,"played":[0.9999,1.0E-4,0.0],"evs":[0.0,-1.91802,-1.94574]},"Q3s":{"weight":0.0,"played":[1.0,0.0,0.0],"evs":[0.0,-1.73483,-1.733]},"Q4s":{"weight":0.0,"played":[1.0,0.0,0.0],"evs":[0.0,-1.44664,-1.44021]},"Q5s":{"weight":0.0,"played":[1.0,0.0,0.0],"evs":[0.0,-1.45201,-1.46962]},"Q6s":{"weight":0.0,"played":[1.0,0.0,0.0],"evs":[0.0,-1.06186,-1.0574]},"Q7s":{"weight":0.1057,"played":[1.0,0.0,0.0],"evs":[0.0,-0.86142,-0.8762]},"Q8s":{"weight":1.0,"played":[0.9698,0.0168,0.0134],"evs":[0.0,-0.03313,-0.02943]},"Q9s":{"weight":1.0,"played":[4.0E-4,0.0774,0.9222],"evs":[0.0,0.379,0.37774]},"QTs":{"weight":1.0,"played":[0.0023,0.5737,0.424],"evs":[0.0,0.90054,0.89069]},"QJs":{"weight":1.0,"played":[1.0E-4,0.2203,0.7796],"evs":[0.0,0.79549,0.80262]},"QQ":{"weight":1.0,"played":[0.0,0.0452,0.9548],"evs":[0.0,12.47379,12.51097]},"KQo":{"weight":0.9999,"played":[0.0,0.0077,0.9923],"evs":[0.0,0.6789,0.72598]},"AQo":{"weight":0.9998,"played":[0.0,0.0223,0.9777],"evs":[0.0,4.50207,4.5194]},"K2s":{"weight":0.0,"played":[0.9994,4.0E-4,2.0E-4],"evs":[0.0,-1.07388,-1.08145]},"K3s":{"weight":0.0,"played":[0.9999,0.0,1.0E-4],"evs":[0.0,-0.83742,-0.82743]},"K4s":{"weight":0.0591,"played":[0.9998,0.0,2.0E-4],"evs":[0.0,-1.05119,-1.0701]},"K5s":{"weight":1.0,"played":[0.9997,0.0,3.0E-4],"evs":[0.0,-0.42539,-0.44396]},"K6s":{"weight":1.0,"played":[0.9999,1.0E-4,0.0],"evs":[0.0,-0.44591,-0.44128]},"K7s":{"weight":1.0,"played":[0.6255,0.2027,0.1718],"evs":[0.0,-0.05066,-0.05602]},"K8s":{"weight":1.0,"played":[0.3341,0.1174,0.5485],"evs":[0.0,-0.00219,-9.0E-5]},"K9s":{"weight":1.0,"played":[6.0E-4,0.3515,0.6479],"evs":[0.0,0.56774,0.57418]},"KTs":{"weight":0.9999,"played":[0.0,0.0363,0.9637],"evs":[0.0,1.031,1.05686]},"KJs":{"weight":1.0,"played":[1.0E-4,0.0333,0.9666],"evs":[0.0,1.01848,1.06908]},"KQs":{"weight":1.0,"played":[0.0,0.0015,0.9985],"evs":[0.0,2.12352,2.1839]},"KK":{"weight":1.0,"played":[0.0,0.114,0.886],"evs":[0.0,15.63203,15.66001]},"AKo":{"weight":1.0,"played":[0.0,0.0562,0.9438],"evs":[0.0,7.00516,7.02153]},"A2s":{"weight":1.0,"played":[1.0,0.0,0.0],"evs":[0.0,-0.71751,-0.67865]},"A3s":{"weight":1.0,"played":[0.9996,3.0E-4,1.0E-4],"evs":[0.0,-0.63866,-0.60694]},"A4s":{"weight":1.0,"played":[0.9999,0.0,1.0E-4],"evs":[0.0,-0.35066,-0.31433]},"A5s":{"weight":1.0,"played":[0.9993,3.0E-4,4.0E-4],"evs":[0.0,-0.12874,-0.0959]},"A6s":{"weight":1.0,"played":[0.9999,0.0,0.0],"evs":[0.0,-0.49072,-0.44761]},"A7s":{"weight":1.0,"played":[0.4704,0.0688,0.4608],"evs":[0.0,-0.07728,-0.02597]},"A8s":{"weight":1.0,"played":[0.2243,0.0017,0.774],"evs":[0.0,0.12335,0.14937]},"A9s":{"weight":1.0,"played":[0.0029,0.0023,0.9948],"evs":[0.0,0.28668,0.34538]},"ATs":{"weight":1.0,"played":[0.0,0.924,0.076],"evs":[0.0,1.4214,1.42458]},"AJs":{"weight":1.0,"played":[0.0,0.5947,0.4053],"evs":[0.0,3.08709,3.08384]},"AQs":{"weight":1.0,"played":[0.0,0.0181,0.9819],"evs":[0.0,5.67805,5.72358]},"AKs":{"weight":1.0,"played":[0.0,0.1743,0.8257],"evs":[0.0,7.97156,7.98204]},"AA":{"weight":1.0,"played":[0.0,0.9913,0.0087],"evs":[0.0,20.31036,20.30306]}}}