{"player":1,"street":0,"children":2,"sequence":[{"player":0,"type":"R","amount":200000,"street":0},{"player":1,"type":"C","amount":200000,"street":0},{"player":2,"type":"F","amount":0,"street":0},{"player":3,"type":"F","amount":0,"street":0},{"player":4,"type":"R","amount":1085000,"street":0},{"player":5,"type":"F","amount":0,"street":0},{"player":0,"type":"R","amount":2785000,"street":0}],"actions":[{"type":"F","amount":0},{"type":"C","amount":2585000}],"hands":{"22":{"weight":0.3192,"played":[1.0,0.0],"evs":[0.0,-2.8025]},"32o":{"weight":0.0,"played":[1.0,0.0],"evs":[0.0,-8.6341]},"42o":{"weight":0.0,"played":[1.0,0.0],"evs":[0.0,-8.22596]},"52o":{"weight":0.0,"played":[1.0,0.0],"evs":[0.0,-7.78157]},"62o":{"weight":0.0,"played":[1.0,0.0],"evs":[0.0,-8.46259]},"72o":{"weight":0.0,"played":[1.0,0.0],"evs":[0.0,-9.08407]},"82o":{"weight":0.0,"played":[1.0,0.0],"evs":[0.0,-8.58929]},"92o":{"weight":0.0,"played":[1.0,0.0],"evs":[0.0,-8.09764]},"T2o":{"weight":0.0,"played":[1.0,0.0],"evs":[0.0,-7.8757]},"J2o":{"weight":0.0,"played":[1.0,0.0],"evs":[0.0,-7.41822]},"Q2o":{"weight":0.0,"played":[1.0,0.0],"evs":[0.0,-7.44119]},"K2o":{"weight":0.0,"played":[1.0,0.0],"evs":[0.0,-6.58494]},"A2o":{"weight":0.0,"played":[1.0,0.0],"evs":[0.0,-5.40496]},"32s":{"weight":0.0,"played":[1.0,0.0],"evs":[0.0,-6.43922]},"33":{"weight":0.9866,"played":[1.0,0.0],"evs":[0.0,-1.97486]},"43o":{"weight":0.0,"played":[1.0,0.0],"evs":[0.0,-7.14858]},"53o":{"weight":0.0,"played":[1.0,0.0],"evs":[0.0,-6.62634]},"63o":{"weight":0.0,"played":[1.0,0.0],"evs":[0.0,-7.13684]},"73o":{"weight":0.0,"played":[1.0,0.0],"evs":[0.0,-7.84189]},"83o":{"weight":0.0,"played":[1.0,0.0],"evs":[0.0,-8.37714]},"93o":{"weight":0.0,"played":[1.0,0.0],"evs":[0.0,-7.9551]},"T3o":{"weight":0.0,"played":[1.0,0.0],"evs":[0.0,-7.44436]},"J3o":{"weight":0.0,"played":[1.0,0.0],"evs":[0.0,-7.01537]},"Q3o":{"weight":0.0,"played":[1.0,0.0],"evs":[0.0,-7.08568]},"K3o":{"weight":0.0,"played":[1.0,0.0],"evs":[0.0,-6.13978]},"A3o":{"weight":0.0,"played":[1.0,0.0],"evs":[0.0,-4.63641]},"42s":{"weight":0.0,"played":[1.0,0.0],"evs":[0.0,-5.92576]},"43s":{"weight":0.0,"played":[1.0,0.0],"evs":[0.0,-4.97181]},"44":{"weight":0.9998,"played":[0.9987,0.0013],"evs":[0.0,-0.78062]},"54o":{"weight":0.0,"played":[1.0,0.0],"evs":[0.0,-5.67237]},"64o":{"weight":0.0,"played":[1.0,0.0],"evs":[0.0,-6.13704]},"74o":{"weight":0.0,"played":[1.0,0.0],"evs":[0.0,-6.84994]},"84o":{"weight":0.0,"played":[1.0,0.0],"evs":[0.0,-7.38806]},"94o":{"weight":0.0,"played":[1.0,0.0],"evs":[0.0,-7.50881]},"T4o":{"weight":0.0,"played":[1.0,0.0],"evs":[0.0,-7.08639]},"J4o":{"weight":0.0,"played":[1.0,0.0],"evs":[0.0,-6.6235]},"Q4o":{"weight":0.0,"played":[1.0,0.0],"evs":[0.0,-6.52605]},"K4o":{"weight":0.0,"played":[1.0,0.0],"evs":[0.0,-5.75181]},"A4o":{"weight":0.0,"played":[1.0,0.0],"evs":[0.0,-4.43739]},"52s":{"weight":0.0,"played":[1.0,0.0],"evs":[0.0,-5.77541]},"53s":{"weight":0.0,"played":[1.0,0.0],"evs":[0.0,-4.77459]},"54s":{"weight":0.0,"played":[1.0,0.0],"evs":[0.0,-3.59111]},"55":{"weight":0.983,"played":[0.0162,0.9838],"evs":[0.0,0.2646]},"65o":{"weight":0.0,"played":[1.0,0.0],"evs":[0.0,-5.26222]},"75o":{"weight":0.0,"played":[1.0,0.0],"evs":[0.0,-5.6027]},"85o":{"weight":0.0,"played":[1.0,0.0],"evs":[0.0,-6.1849]},"95o":{"weight":0.0,"played":[1.0,0.0],"evs":[0.0,-6.73228]},"T5o":{"weight":0.0,"played":[1.0,0.0],"evs":[0.0,-6.80054]},"J5o":{"weight":0.0,"played":[1.0,0.0],"evs":[0.0,-6.32887]},"Q5o":{"weight":0.0,"played":[1.0,0.0],"evs":[0.0,-6.10442]},"K5o":{"weight":0.0,"played":[1.0,0.0],"evs":[0.0,-5.23769]},"A5o":{"weight":0.0,"played":[1.0,0.0],"evs":[0.0,-3.91656]},"62s":{"weight":0.0,"played":[1.0,0.0],"evs":[0.0,-5.7331]},"63s":{"weight":0.0,"played":[1.0,0.0],"evs":[0.0,-5.103]},"64s":{"weight":0.0,"played":[1.0,0.0],"evs":[0.0,-3.98027]},"65s":{"weight":0.0,"played":[1.0,0.0],"evs":[0.0,-3.2759]},"66":{"weight":0.9968,"played":[1.0E-4,0.9999],"evs":[0.0,1.58802]},"76o":{"weight":0.0,"played":[1.0,0.0],"evs":[0.0,-4.9855]},"86o":{"weight":0.0,"played":[1.0,0.0],"evs":[0.0,-5.41656]},"96o":{"weight":0.0,"played":[1.0,0.0],"evs":[0.0,-5.589]},"T6o":{"weight":0.0,"played":[1.0,0.0],"evs":[0.0,-5.99609]},"J6o":{"weight":0.0,"played":[1.0,0.0],"evs":[0.0,-6.09474]},"Q6o":{"weight":0.0,"played":[1.0,0.0],"evs":[0.0,-6.03022]},"K6o":{"weight":0.0,"played":[1.0,0.0],"evs":[0.0,-4.86438]},"A6o":{"weight":0.0,"played":[1.0,0.0],"evs":[0.0,-4.56929]},"72s":{"weight":0.0,"played":[1.0,0.0],"evs":[0.0,-6.77987]},"73s":{"weight":0.0,"played":[1.0,0.0],"evs":[0.0,-5.52395]},"74s":{"weight":0.0,"played":[1.0,0.0],"evs":[0.0,-4.27966]},"75s":{"weight":0.0,"played":[1.0,0.0],"evs":[0.0,-3.57587]},"76s":{"weight":0.8317,"played":[1.0,0.0],"evs":[0.0,-2.94663]},"77":{"weight":0.9912,"played":[0.0,1.0],"evs":[0.0,2.75822]},"87o":{"weight":0.0,"played":[1.0,0.0],"evs":[0.0,-4.56584]},"97o":{"weight":0.0,"played":[1.0,0.0],"evs":[0.0,-4.84865]},"T7o":{"weight":0.0,"played":[1.0,0.0],"evs":[0.0,-4.9636]},"J7o":{"weight":0.0,"played":[1.0,0.0],"evs":[0.0,-5.39263]},"Q7o":{"weight":0.0,"played":[1.0,0.0],"evs":[0.0,-5.82148]},"K7o":{"weight":0.0,"played":[1.0,0.0],"evs":[0.0,-4.58596]},"A7o":{"weight":0.0,"played":[1.0,0.0],"evs":[0.0,-3.94338]},"82s":{"weight":0.0,"played":[1.0,0.0],"evs":[0.0,-6.29806]},"83s":{"weight":0.0,"played":[1.0,0.0],"evs":[0.0,-6.18055]},"84s":{"weight":0.0,"played":[1.0,0.0],"evs":[0.0,-5.15407]},"85s":{"weight":0.0,"played":[1.0,0.0],"evs":[0.0,-3.96475]},"86s":{"weight":0.0,"played":[1.0,0.0],"evs":[0.0,-2.92176]},"87s":{"weight":0.7906,"played":[1.0,0.0],"evs":[0.0,-2.70925]},"88":{"weight":0.9935,"played":[0.0,1.0],"evs":[0.0,4.79079]},"98o":{"weight":0.0,"played":[1.0,0.0],"evs":[0.0,-4.13253]},"T8o":{"weight":0.0,"played":[1.0,0.0],"evs":[0.0,-4.16809]},"J8o":{"weight":0.0,"played":[1.0,0.0],"evs":[0.0,-4.31014]},"Q8o":{"weight":0.0,"played":[1.0,0.0],"evs":[0.0,-4.92709]},"K8o":{"weight":0.0,"played":[1.0,0.0],"evs":[0.0,-4.4249]},"A8o":{"weight":0.0,"played":[1.0,0.0],"evs":[0.0,-3.25972]},"92s":{"weight":0.0,"played":[1.0,0.0],"evs":[0.0,-5.89123]},"93s":{"weight":0.0,"played":[1.0,0.0],"evs":[0.0,-5.44633]},"94s":{"weight":0.0,"played":[1.0,0.0],"evs":[0.0,-5.54434]},"95s":{"weight":0.0,"played":[1.0,0.0],"evs":[0.0,-4.38564]},"96s":{"weight":0.0,"played":[1.0,0.0],"evs":[0.0,-3.37218]},"97s":{"weight":0.0,"played":[1.0,0.0],"evs":[0.0,-2.29276]},"98s":{"weight":0.9997,"played":[1.0,0.0],"evs":[0.0,-1.97951]},"99":{"weight":0.5847,"played":[0.0,1.0],"evs":[0.0,6.80145]},"T9o":{"weight":0.0,"played":[1.0,0.0],"evs":[0.0,-3.23535]},"J9o":{"weight":0.0,"played":[1.0,0.0],"evs":[0.0,-3.29323]},"Q9o":{"weight":0.0,"played":[1.0,0.0],"evs":[0.0,-3.73246]},"K9o":{"weight":0.0,"played":[1.0,0.0],"evs":[0.0,-3.36153]},"A9o":{"weight":0.0,"played":[1.0,0.0],"evs":[0.0,-2.70665]},"T2s":{"weight":0.0,"played":[1.0,0.0],"evs":[0.0,-5.52222]},"T3s":{"weight":0.0,"played":[1.0,0.0],"evs":[0.0,-5.10514]},"T4s":{"weight":0.0,"played":[1.0,0.0],"evs":[0.0,-4.86854]},"T5s":{"weight":0.0,"played":[1.0,0.0],"evs":[0.0,-4.49916]},"T6s":{"weight":0.0,"played":[1.0,0.0],"evs":[0.0,-3.66737]},"T7s":{"weight":0.0,"played":[1.0,0.0],"evs":[0.0,-2.96668]},"T8s":{"weight":0.996,"played":[1.0,0.0],"evs":[0.0,-2.11305]},"T9s":{"weight":0.997,"played":[1.0,0.0],"evs":[0.0,-1.16716]},"TT":{"weight":0.0148,"played":[0.0,1.0],"evs":[0.0,8.89858]},"JTo":{"weight":0.0,"played":[1.0,0.0],"evs":[0.0,-2.25881]},"QTo":{"weight":0.0,"played":[1.0,0.0],"evs":[0.0,-2.66091]},"KTo":{"weight":0.0,"played":[1.0,0.0],"evs":[0.0,-2.06603]},"ATo":{"weight":0.9773,"played":[0.9996,4.0E-4],"evs":[0.0,-1.12421]},"J2s":{"weight":0.0,"played":[1.0,0.0],"evs":[0.0,-5.07967]},"J3s":{"weight":0.0,"played":[1.0,0.0],"evs":[0.0,-4.74743]},"J4s":{"weight":0.0,"played":[1.0,0.0],"evs":[0.0,-4.38779]},"J5s":{"weight":0.0,"played":[1.0,0.0],"evs":[0.0,-4.32148]},"J6s":{"weight":0.0,"played":[1.0,0.0],"evs":[0.0,-3.94352]},"J7s":{"weight":0.0,"played":[1.0,0.0],"evs":[0.0,-2.98727]},"J8s":{"weight":0.0,"played":[1.0,0.0],"evs":[0.0,-1.97073]},"J9s":{"weight":0.9998,"played":[1.0,0.0],"evs":[0.0,-1.24245]},"JTs":{"weight":0.923,"played":[0.9947,0.0053],"evs":[0.0,-0.61557]},"JJ":{"weight":0.8665,"played":[0.0,1.0],"evs":[0.0,11.93967]},"QJo":{"weight":0.5343,"played":[1.0,0.0],"evs":[0.0,-2.38616]},"KJo":{"weight":0.9728,"played":[1.0,0.0],"evs":[0.0,-1.63603]},"AJo":{"weight":0.9731,"played":[0.0018,0.9982],"evs":[0.0,0.59663]},"Q2s":{"weight":0.0,"played":[1.0,0.0],"evs":[0.0,-5.24602]},"Q3s":{"weight":0.0,"played":[1.0,0.0],"evs":[0.0,-4.7351]},"Q4s":{"weight":0.0,"played":[1.0,0.0],"evs":[0.0,-4.16819]},"Q5s":{"weight":0.0,"played":[1.0,0.0],"evs":[0.0,-3.69521]},"Q6s":{"weight":0.0,"played":[1.0,0.0],"evs":[0.0,-3.7589]},"Q7s":{"weight":0.0,"played":[1.0,0.0],"evs":[0.0,-3.51083]},"Q8s":{"weight":0.0,"played":[1.0,0.0],"evs":[0.0,-2.78072]},"Q9s":{"weight":0.9598,"played":[1.0,0.0],"evs":[0.0,-1.81344]},"QTs":{"weight":0.7635,"played":[0.997,0.003],"evs":[0.0,-0.53792]},"QJs":{"weight":0.0061,"played":[0.613,0.387],"evs":[0.0,-0.13668]},"QQ":{"weight":0.888,"played":[0.0,1.0],"evs":[0.0,15.52906]},"KQo":{"weight":0.8698,"played":[0.9798,0.0202],"evs":[0.0,-0.2378]},"AQo":{"weight":0.9602,"played":[0.0,1.0],"evs":[0.0,3.13385]},"K2s":{"weight":0.0,"played":[1.0,0.0],"evs":[0.0,-4.01666]},"K3s":{"weight":0.0,"played":[1.0,0.0],"evs":[0.0,-3.51934]},"K4s":{"weight":0.0,"played":[1.0,0.0],"evs":[0.0,-3.51772]},"K5s":{"weight":0.0,"played":[0.9998,2.0E-4],"evs":[0.0,-2.76717]},"K6s":{"weight":0.0,"played":[1.0,0.0],"evs":[0.0,-2.488]},"K7s":{"weight":0.0611,"played":[1.0,0.0],"evs":[0.0,-2.3755]},"K8s":{"weight":0.827,"played":[1.0,0.0],"evs":[0.0,-2.18519]},"K9s":{"weight":0.883,"played":[1.0,0.0],"evs":[0.0,-1.2169]},"KTs":{"weight":0.9233,"played":[0.5684,0.4316],"evs":[0.0,0.06714]},"KJs":{"weight":0.5488,"played":[0.0011,0.9989],"evs":[0.0,0.4704]},"KQs":{"weight":1.0,"played":[0.0,1.0],"evs":[0.0,1.72454]},"KK":{"weight":0.9494,"played":[0.0,1.0],"evs":[0.0,20.06693]},"AKo":{"weight":0.0,"played":[0.0,1.0],"evs":[0.0,5.93653]},"A2s":{"weight":0.0,"played":[1.0,0.0],"evs":[0.0,-2.72151]},"A3s":{"weight":0.9868,"played":[1.0,0.0],"evs":[0.0,-2.4848]},"A4s":{"weight":0.9692,"played":[1.0,0.0],"evs":[0.0,-2.20929]},"A5s":{"weight":0.9787,"played":[1.0,0.0],"evs":[0.0,-1.54218]},"A6s":{"weight":0.9833,"played":[1.0,0.0],"evs":[0.0,-2.06151]},"A7s":{"weight":0.9724,"played":[0.9999,1.0E-4],"evs":[0.0,-1.67993]},"A8s":{"weight":0.9363,"played":[0.9996,4.0E-4],"evs":[0.0,-1.18672]},"A9s":{"weight":0.9999,"played":[0.9482,0.0518],"evs":[0.0,-0.27416]},"ATs":{"weight":1.0,"played":[2.0E-4,0.9998],"evs":[0.0,1.01294]},"AJs":{"weight":1.0,"played":[0.0,1.0],"evs":[0.0,2.68345]},"AQs":{"weight":0.9999,"played":[0.0,1.0],"evs":[0.0,5.06319]},"AKs":{"weight":0.6946,"played":[0.0,1.0],"evs":[0.0,7.63391]},"AA":{"weight":0.8991,"played":[0.0,1.0],"evs":[0.0,25.08815]}}}