{"player":4,"street":0,"children":2,"sequence":[{"player":0,"type":"F","amount":0,"street":0},{"player":1,"type":"F","amount":0,"street":0},{"player":2,"type":"R","amount":200000,"street":0},{"player":3,"type":"C","amount":200000,"street":0},{"player":4,"type":"C","amount":150000,"street":0},{"player":5,"type":"R","amount":1885000,"street":0},{"player":2,"type":"C","amount":1685000,"street":0},{"player":3,"type":"C","amount":785000,"street":0}],"actions":[{"type":"F","amount":0},{"type":"C","amount":885000}],"hands":{"22":{"weight":0.0018,"played":[0.8332,0.1668],"evs":[0.0,-0.23203]},"32o":{"weight":0.0,"played":[0.9997,3.0E-4],"evs":[0.0,-2.41611]},"42o":{"weight":0.0,"played":[0.9992,8.0E-4],"evs":[0.0,-1.73806]},"52o":{"weight":0.0,"played":[1.0,0.0],"evs":[0.0,-2.08273]},"62o":{"weight":0.0,"played":[1.0,0.0],"evs":[0.0,-1.75391]},"72o":{"weight":0.0,"played":[1.0,0.0],"evs":[0.0,-2.62214]},"82o":{"weight":0.0,"played":[0.999,0.001],"evs":[0.0,-2.7156]},"92o":{"weight":0.0,"played":[0.9999,1.0E-4],"evs":[0.0,-2.58785]},"T2o":{"weight":0.0,"played":[1.0,0.0],"evs":[0.0,-2.79361]},"J2o":{"weight":0.0,"played":[0.9998,2.0E-4],"evs":[0.0,-2.6699]},"Q2o":{"weight":0.0,"played":[0.9995,5.0E-4],"evs":[0.0,-2.69583]},"K2o":{"weight":0.0,"played":[1.0,0.0],"evs":[0.0,-1.10171]},"A2o":{"weight":0.0,"played":[0.5503,0.4497],"evs":[0.0,-0.20512]},"32s":{"weight":0.0,"played":[0.9983,0.0017],"evs":[0.0,-1.88747]},"33":{"weight":8.0E-4,"played":[0.8027,0.1973],"evs":[0.0,0.18365]},"43o":{"weight":0.0,"played":[1.0,0.0],"evs":[0.0,-1.86911]},"53o":{"weight":0.0,"played":[0.9999,1.0E-4],"evs":[0.0,-0.86789]},"63o":{"weight":0.0,"played":[0.9993,7.0E-4],"evs":[0.0,-1.71684]},"73o":{"weight":0.0,"played":[0.9996,4.0E-4],"evs":[0.0,-1.85434]},"83o":{"weight":0.0,"played":[0.9998,2.0E-4],"evs":[0.0,-2.62388]},"93o":{"weight":0.0,"played":[1.0,0.0],"evs":[0.0,-1.90428]},"T3o":{"weight":0.0,"played":[0.9998,2.0E-4],"evs":[0.0,-2.83923]},"J3o":{"weight":0.0,"played":[0.9999,1.0E-4],"evs":[0.0,-2.35559]},"Q3o":{"weight":0.0,"played":[0.9995,5.0E-4],"evs":[0.0,-2.56919]},"K3o":{"weight":1.0E-4,"played":[0.9955,0.0045],"evs":[0.0,-1.19614]},"A3o":{"weight":0.1803,"played":[0.4619,0.5381],"evs":[0.0,-0.09938]},"42s":{"weight":0.0,"played":[0.9082,0.0918],"evs":[0.0,-0.67793]},"43s":{"weight":0.0,"played":[0.7066,0.2934],"evs":[0.0,-0.14511]},"44":{"weight":0.9878,"played":[0.0015,0.9985],"evs":[0.0,1.04873]},"54o":{"weight":0.0,"played":[0.9989,0.0011],"evs":[0.0,-0.55555]},"64o":{"weight":1.0E-4,"played":[0.9998,2.0E-4],"evs":[0.0,-0.79737]},"74o":{"weight":0.0,"played":[1.0,0.0],"evs":[0.0,-1.52005]},"84o":{"weight":0.0,"played":[1.0,0.0],"evs":[0.0,-1.73832]},"94o":{"weight":0.0,"played":[0.9998,2.0E-4],"evs":[0.0,-2.3462]},"T4o":{"weight":0.0,"played":[1.0,0.0],"evs":[0.0,-2.92601]},"J4o":{"weight":0.0,"played":[0.9999,1.0E-4],"evs":[0.0,-1.81023]},"Q4o":{"weight":0.0,"played":[1.0,0.0],"evs":[0.0,-1.94203]},"K4o":{"weight":0.0,"played":[0.9981,0.0019],"evs":[0.0,-0.52519]},"A4o":{"weight":0.2602,"played":[0.7585,0.2415],"evs":[0.0,0.04778]},"52s":{"weight":0.0,"played":[0.7822,0.2178],"evs":[0.0,-0.6593]},"53s":{"weight":8.0E-4,"played":[0.5837,0.4163],"evs":[0.0,0.12447]},"54s":{"weight":0.0775,"played":[0.0032,0.9968],"evs":[0.0,0.66806]},"55":{"weight":0.7012,"played":[9.0E-4,0.9991],"evs":[0.0,1.76365]},"65o":{"weight":0.0,"played":[0.9875,0.0125],"evs":[0.0,-0.53114]},"75o":{"weight":0.0,"played":[0.9921,0.0079],"evs":[0.0,-0.5694]},"85o":{"weight":0.0,"played":[1.0,0.0],"evs":[0.0,-1.51508]},"95o":{"weight":0.0,"played":[1.0,0.0],"evs":[0.0,-1.67682]},"T5o":{"weight":0.0,"played":[0.9994,6.0E-4],"evs":[0.0,-3.01055]},"J5o":{"weight":0.0,"played":[0.9995,5.0E-4],"evs":[0.0,-2.13373]},"Q5o":{"weight":1.0E-4,"played":[1.0,0.0],"evs":[0.0,-1.76751]},"K5o":{"weight":0.0,"played":[0.9996,4.0E-4],"evs":[0.0,-0.64489]},"A5o":{"weight":0.2957,"played":[0.0094,0.9906],"evs":[0.0,1.20012]},"62s":{"weight":0.0,"played":[0.8755,0.1245],"evs":[0.0,-0.63073]},"63s":{"weight":0.0,"played":[0.9951,0.0049],"evs":[0.0,-0.67685]},"64s":{"weight":0.0,"played":[0.9012,0.0988],"evs":[0.0,-0.56926]},"65s":{"weight":0.7726,"played":[0.0,1.0],"evs":[0.0,1.75661]},"66":{"weight":5.0E-4,"played":[0.0038,0.9962],"evs":[0.0,2.38327]},"76o":{"weight":0.0,"played":[0.8349,0.1651],"evs":[0.0,-0.56754]},"86o":{"weight":0.0,"played":[1.0,0.0],"evs":[0.0,-0.87354]},"96o":{"weight":0.0,"played":[0.9995,5.0E-4],"evs":[0.0,-0.91435]},"T6o":{"weight":0.0,"played":[0.999,0.001],"evs":[0.0,-1.92239]},"J6o":{"weight":0.0,"played":[0.9998,2.0E-4],"evs":[0.0,-1.83461]},"Q6o":{"weight":0.0,"played":[0.9972,0.0028],"evs":[0.0,-1.29953]},"K6o":{"weight":1.0E-4,"played":[0.9382,0.0618],"evs":[0.0,-0.49841]},"A6o":{"weight":0.0854,"played":[0.5519,0.4481],"evs":[0.0,-0.22998]},"72s":{"weight":0.0,"played":[0.9449,0.0551],"evs":[0.0,-2.13617]},"73s":{"weight":0.0,"played":[0.8644,0.1356],"evs":[0.0,0.11961]},"74s":{"weight":2.0E-4,"played":[0.1293,0.8707],"evs":[0.0,0.5133]},"75s":{"weight":1.0E-4,"played":[0.2122,0.7878],"evs":[0.0,0.38068]},"76s":{"weight":0.0,"played":[0.2584,0.7416],"evs":[0.0,0.69039]},"77":{"weight":1.0E-4,"played":[0.0011,0.9989],"evs":[0.0,2.65283]},"87o":{"weight":1.0E-4,"played":[0.8758,0.1242],"evs":[0.0,-0.27636]},"97o":{"weight":2.0E-4,"played":[0.9755,0.0245],"evs":[0.0,-0.69892]},"T7o":{"weight":0.0,"played":[0.997,0.003],"evs":[0.0,-1.61932]},"J7o":{"weight":0.0,"played":[0.9975,0.0025],"evs":[0.0,-1.15093]},"Q7o":{"weight":0.0,"played":[0.9995,5.0E-4],"evs":[0.0,-1.00503]},"K7o":{"weight":1.0E-4,"played":[0.6759,0.3241],"evs":[0.0,-0.10037]},"A7o":{"weight":2.0E-4,"played":[0.0026,0.9974],"evs":[0.0,0.57702]},"82s":{"weight":0.0,"played":[0.9182,0.0818],"evs":[0.0,-1.03792]},"83s":{"weight":5.0E-4,"played":[0.9799,0.0201],"evs":[0.0,-0.50919]},"84s":{"weight":0.0,"played":[0.9667,0.0333],"evs":[0.0,-0.84481]},"85s":{"weight":4.0E-4,"played":[0.0215,0.9785],"evs":[0.0,0.4902]},"86s":{"weight":0.0072,"played":[0.0034,0.9966],"evs":[0.0,0.23286]},"87s":{"weight":0.5271,"played":[0.013,0.987],"evs":[0.0,0.20561]},"88":{"weight":9.0E-4,"played":[0.0,1.0],"evs":[0.0,3.0592]},"98o":{"weight":0.0,"played":[0.8145,0.1855],"evs":[0.0,-0.26107]},"T8o":{"weight":0.0,"played":[0.9997,3.0E-4],"evs":[0.0,-1.12694]},"J8o":{"weight":0.0,"played":[0.9967,0.0033],"evs":[0.0,-1.01072]},"Q8o":{"weight":3.0E-4,"played":[0.9825,0.0175],"evs":[0.0,-0.91228]},"K8o":{"weight":0.0,"played":[0.7669,0.2331],"evs":[0.0,-0.24557]},"A8o":{"weight":6.0E-4,"played":[0.001,0.999],"evs":[0.0,0.73919]},"92s":{"weight":0.0,"played":[0.9962,0.0038],"evs":[0.0,-0.97629]},"93s":{"weight":0.0,"played":[0.8451,0.1549],"evs":[0.0,-0.07121]},"94s":{"weight":0.0,"played":[0.9506,0.0494],"evs":[0.0,-1.21382]},"95s":{"weight":0.0058,"played":[0.8239,0.1761],"evs":[0.0,-0.07127]},"96s":{"weight":0.0015,"played":[0.0243,0.9757],"evs":[0.0,0.71434]},"97s":{"weight":0.0162,"played":[0.0101,0.9899],"evs":[0.0,0.30963]},"98s":{"weight":0.7516,"played":[0.0,1.0],"evs":[0.0,0.5755]},"99":{"weight":0.0,"played":[2.0E-4,0.9998],"evs":[0.0,3.83263]},"T9o":{"weight":0.0,"played":[0.9831,0.0169],"evs":[0.0,-0.37853]},"J9o":{"weight":0.0012,"played":[0.8797,0.1203],"evs":[0.0,-0.13519]},"Q9o":{"weight":0.0011,"played":[0.972,0.028],"evs":[0.0,-0.66822]},"K9o":{"weight":0.9289,"played":[0.0245,0.9755],"evs":[0.0,0.6583]},"A9o":{"weight":0.0038,"played":[0.0442,0.9558],"evs":[0.0,1.45245]},"T2s":{"weight":0.0,"played":[0.9999,1.0E-4],"evs":[0.0,-1.45627]},"T3s":{"weight":2.0E-4,"played":[0.9407,0.0593],"evs":[0.0,-1.60453]},"T4s":{"weight":0.0,"played":[0.9974,0.0026],"evs":[0.0,-0.63649]},"T5s":{"weight":0.0,"played":[0.9353,0.0647],"evs":[0.0,-1.27551]},"T6s":{"weight":8.0E-4,"played":[0.9602,0.0398],"evs":[0.0,-0.92833]},"T7s":{"weight":2.0E-4,"played":[0.316,0.684],"evs":[0.0,0.21738]},"T8s":{"weight":0.0304,"played":[0.2676,0.7324],"evs":[0.0,0.28541]},"T9s":{"weight":0.1773,"played":[0.0045,0.9955],"evs":[0.0,1.15491]},"TT":{"weight":0.0,"played":[3.0E-4,0.9997],"evs":[0.0,5.40349]},"JTo":{"weight":4.0E-4,"played":[0.5099,0.4901],"evs":[0.0,-0.30102]},"QTo":{"weight":0.2189,"played":[1.0E-4,0.9999],"evs":[0.0,0.74451]},"KTo":{"weight":0.0036,"played":[0.0,1.0],"evs":[0.0,1.25603]},"ATo":{"weight":0.0,"played":[0.0,1.0],"evs":[0.0,2.34378]},"J2s":{"weight":0.0,"played":[0.9829,0.0171],"evs":[0.0,-0.92656]},"J3s":{"weight":1.0E-4,"played":[0.9998,2.0E-4],"evs":[0.0,-1.23045]},"J4s":{"weight":4.0E-4,"played":[0.9891,0.0109],"evs":[0.0,-0.70204]},"J5s":{"weight":5.0E-4,"played":[0.8246,0.1754],"evs":[0.0,-0.30751]},"J6s":{"weight":0.0,"played":[0.9921,0.0079],"evs":[0.0,-0.77448]},"J7s":{"weight":4.0E-4,"played":[0.91,0.09],"evs":[0.0,-0.03436]},"J8s":{"weight":0.0039,"played":[0.0847,0.9153],"evs":[0.0,0.45798]},"J9s":{"weight":0.6077,"played":[0.0505,0.9495],"evs":[0.0,1.23683]},"JTs":{"weight":0.9813,"played":[0.0019,0.9981],"evs":[0.0,1.25098]},"JJ":{"weight":0.0,"played":[0.0,1.0],"evs":[0.0,6.7339]},"QJo":{"weight":0.26,"played":[0.0318,0.9682],"evs":[0.0,1.03588]},"KJo":{"weight":0.0026,"played":[1.0E-4,0.9999],"evs":[0.0,2.01673]},"AJo":{"weight":0.0,"played":[0.0,1.0],"evs":[0.0,3.2204]},"Q2s":{"weight":0.001,"played":[0.9885,0.0115],"evs":[0.0,-0.49117]},"Q3s":{"weight":7.0E-4,"played":[0.9265,0.0735],"evs":[0.0,-0.09958]},"Q4s":{"weight":1.0E-4,"played":[0.7972,0.2028],"evs":[0.0,0.2323]},"Q5s":{"weight":0.0,"played":[0.4513,0.5487],"evs":[0.0,-0.26986]},"Q6s":{"weight":0.0068,"played":[0.9426,0.0574],"evs":[0.0,-0.17944]},"Q7s":{"weight":0.0267,"played":[0.537,0.463],"evs":[0.0,-0.149]},"Q8s":{"weight":0.0232,"played":[0.3585,0.6415],"evs":[0.0,0.87071]},"Q9s":{"weight":0.3706,"played":[0.084,0.916],"evs":[0.0,1.11011]},"QTs":{"weight":0.2698,"played":[1.0E-4,0.9999],"evs":[0.0,1.05746]},"QJs":{"weight":0.0162,"played":[0.0057,0.9943],"evs":[0.0,1.82645]},"QQ":{"weight":0.0,"played":[0.0,1.0],"evs":[0.0,10.07243]},"KQo":{"weight":0.0,"played":[1.0E-4,0.9999],"evs":[0.0,2.31017]},"AQo":{"weight":0.0,"played":[0.0,1.0],"evs":[0.0,3.55616]},"K2s":{"weight":0.079,"played":[0.5453,0.4547],"evs":[0.0,0.04378]},"K3s":{"weight":0.5484,"played":[0.3036,0.6964],"evs":[0.0,0.0316]},"K4s":{"weight":0.0954,"played":[0.1089,0.8911],"evs":[0.0,1.07668]},"K5s":{"weight":0.9401,"played":[0.1033,0.8967],"evs":[0.0,1.05229]},"K6s":{"weight":0.203,"played":[0.1464,0.8536],"evs":[0.0,1.2776]},"K7s":{"weight":0.5799,"played":[1.0E-4,0.9999],"evs":[0.0,1.07263]},"K8s":{"weight":0.1827,"played":[0.0131,0.9869],"evs":[0.0,0.85008]},"K9s":{"weight":0.0059,"played":[0.0033,0.9967],"evs":[0.0,2.4771]},"KTs":{"weight":0.0,"played":[1.0E-4,0.9999],"evs":[0.0,3.5421]},"KJs":{"weight":3.0E-4,"played":[0.007,0.993],"evs":[0.0,3.20601]},"KQs":{"weight":0.0,"played":[0.0024,0.9976],"evs":[0.0,4.02324]},"KK":{"weight":0.0,"played":[0.0,1.0],"evs":[0.0,11.30242]},"AKo":{"weight":0.0,"played":[1.0E-4,0.9999],"evs":[0.0,5.33764]},"A2s":{"weight":0.0085,"played":[0.0412,0.9588],"evs":[0.0,1.13514]},"A3s":{"weight":0.4215,"played":[0.0,1.0],"evs":[0.0,1.24721]},"A4s":{"weight":0.118,"played":[3.0E-4,0.9997],"evs":[0.0,2.101]},"A5s":{"weight":1.0E-4,"played":[0.024,0.976],"evs":[0.0,1.80291]},"A6s":{"weight":0.0228,"played":[0.0039,0.9961],"evs":[0.0,1.45711]},"A7s":{"weight":1.0E-4,"played":[8.0E-4,0.9992],"evs":[0.0,1.29912]},"A8s":{"weight":1.0E-4,"played":[4.0E-4,0.9996],"evs":[0.0,1.58626]},"A9s":{"weight":4.0E-4,"played":[0.0044,0.9956],"evs":[0.0,2.70197]},"ATs":{"weight":1.0E-4,"played":[1.0E-4,0.9999],"evs":[0.0,3.74285]},"AJs":{"weight":0.0,"played":[0.0,1.0],"evs":[0.0,4.54722]},"AQs":{"weight":1.0E-4,"played":[2.0E-4,0.9998],"evs":[0.0,5.2814]},"AKs":{"weight":0.0,"played":[0.0,1.0],"evs":[0.0,6.11518]},"AA":{"weight":0.0,"played":[0.0,1.0],"evs":[0.0,15.49866]}}}