{"player":1,"street":0,"children":2,"sequence":[{"player":0,"type":"R","amount":200000,"street":0},{"player":1,"type":"C","amount":200000,"street":0},{"player":2,"type":"F","amount":0,"street":0},{"player":3,"type":"C","amount":200000,"street":0},{"player":4,"type":"F","amount":0,"street":0},{"player":5,"type":"R","amount":1985000,"street":0},{"player":0,"type":"F","amount":0,"street":0}],"actions":[{"type":"F","amount":0,"node":361},{"type":"C","amount":1785000,"node":362}],"hands":{"22":{"weight":0.3192,"played":[0.6701,0.3299],"evs":[0.0,0.11706]},"32o":{"weight":0.0,"played":[1.0,0.0],"evs":[0.0,-3.69455]},"42o":{"weight":0.0,"played":[0.9997,3.0E-4],"evs":[0.0,-4.20636]},"52o":{"weight":0.0,"played":[0.9999,1.0E-4],"evs":[0.0,-3.12081]},"62o":{"weight":0.0,"played":[1.0,0.0],"evs":[0.0,-4.56599]},"72o":{"weight":0.0,"played":[0.9999,1.0E-4],"evs":[0.0,-4.7158]},"82o":{"weight":0.0,"played":[0.9999,1.0E-4],"evs":[0.0,-4.71065]},"92o":{"weight":0.0,"played":[0.9993,7.0E-4],"evs":[0.0,-4.09557]},"T2o":{"weight":0.0,"played":[0.9999,1.0E-4],"evs":[0.0,-4.67193]},"J2o":{"weight":0.0,"played":[0.9997,3.0E-4],"evs":[0.0,-5.0584]},"Q2o":{"weight":0.0,"played":[1.0,0.0],"evs":[0.0,-3.3362]},"K2o":{"weight":0.0,"played":[1.0,0.0],"evs":[0.0,-3.27896]},"A2o":{"weight":0.0,"played":[0.9977,0.0023],"evs":[0.0,-2.6449]},"32s":{"weight":0.0,"played":[0.9954,0.0046],"evs":[0.0,-1.48315]},"33":{"weight":0.9866,"played":[0.4203,0.5797],"evs":[0.0,0.84839]},"43o":{"weight":0.0,"played":[0.9999,1.0E-4],"evs":[0.0,-3.42942]},"53o":{"weight":0.0,"played":[0.9999,1.0E-4],"evs":[0.0,-2.99847]},"63o":{"weight":0.0,"played":[0.9998,2.0E-4],"evs":[0.0,-4.41374]},"73o":{"weight":0.0,"played":[0.9998,2.0E-4],"evs":[0.0,-3.88861]},"83o":{"weight":0.0,"played":[1.0,0.0],"evs":[0.0,-4.75053]},"93o":{"weight":0.0,"played":[0.9998,2.0E-4],"evs":[0.0,-4.32545]},"T3o":{"weight":0.0,"played":[0.9998,2.0E-4],"evs":[0.0,-4.67524]},"J3o":{"weight":0.0,"played":[1.0,0.0],"evs":[0.0,-4.3729]},"Q3o":{"weight":0.0,"played":[0.9999,1.0E-4],"evs":[0.0,-3.57755]},"K3o":{"weight":0.0,"played":[0.9997,3.0E-4],"evs":[0.0,-3.0986]},"A3o":{"weight":0.0,"played":[0.9996,4.0E-4],"evs":[0.0,-2.73078]},"42s":{"weight":0.0,"played":[0.9869,0.0131],"evs":[0.0,-2.43397]},"43s":{"weight":0.0,"played":[0.9613,0.0387],"evs":[0.0,-1.23356]},"44":{"weight":0.9998,"played":[0.0078,0.9922],"evs":[0.0,1.48905]},"54o":{"weight":0.0,"played":[0.9995,5.0E-4],"evs":[0.0,-2.77328]},"64o":{"weight":0.0,"played":[0.9992,8.0E-4],"evs":[0.0,-2.95299]},"74o":{"weight":0.0,"played":[0.9999,1.0E-4],"evs":[0.0,-3.98182]},"84o":{"weight":0.0,"played":[0.9991,9.0E-4],"evs":[0.0,-3.72578]},"94o":{"weight":0.0,"played":[0.9999,1.0E-4],"evs":[0.0,-4.41929]},"T4o":{"weight":0.0,"played":[1.0,0.0],"evs":[0.0,-4.91791]},"J4o":{"weight":0.0,"played":[0.9998,2.0E-4],"evs":[0.0,-4.12149]},"Q4o":{"weight":0.0,"played":[0.9997,3.0E-4],"evs":[0.0,-2.88116]},"K4o":{"weight":0.0,"played":[1.0,0.0],"evs":[0.0,-4.33067]},"A4o":{"weight":0.0,"played":[0.9996,4.0E-4],"evs":[0.0,-1.94085]},"52s":{"weight":0.0,"played":[1.0,0.0],"evs":[0.0,-1.73976]},"53s":{"weight":0.0,"played":[0.9997,3.0E-4],"evs":[0.0,-1.28428]},"54s":{"weight":0.0,"played":[0.6607,0.3393],"evs":[0.0,-1.19093]},"55":{"weight":0.983,"played":[0.0,1.0],"evs":[0.0,1.17304]},"65o":{"weight":0.0,"played":[0.9964,0.0036],"evs":[0.0,-2.23524]},"75o":{"weight":0.0,"played":[0.999,0.001],"evs":[0.0,-2.8734]},"85o":{"weight":0.0,"played":[0.9999,1.0E-4],"evs":[0.0,-3.29086]},"95o":{"weight":0.0,"played":[0.9995,5.0E-4],"evs":[0.0,-4.07219]},"T5o":{"weight":0.0,"played":[1.0,0.0],"evs":[0.0,-5.3005]},"J5o":{"weight":0.0,"played":[1.0,0.0],"evs":[0.0,-4.58283]},"Q5o":{"weight":0.0,"played":[0.9989,0.0011],"evs":[0.0,-3.53094]},"K5o":{"weight":0.0,"played":[0.9996,4.0E-4],"evs":[0.0,-3.6256]},"A5o":{"weight":0.0,"played":[0.9989,0.0011],"evs":[0.0,-2.57488]},"62s":{"weight":0.0,"played":[0.995,0.005],"evs":[0.0,-3.02671]},"63s":{"weight":0.0,"played":[0.9979,0.0021],"evs":[0.0,-1.32466]},"64s":{"weight":0.0,"played":[0.9353,0.0647],"evs":[0.0,-1.38665]},"65s":{"weight":0.0,"played":[0.9826,0.0174],"evs":[0.0,-1.59716]},"66":{"weight":0.9968,"played":[0.0,1.0],"evs":[0.0,2.18276]},"76o":{"weight":0.0,"played":[0.9997,3.0E-4],"evs":[0.0,-2.59697]},"86o":{"weight":0.0,"played":[0.9977,0.0023],"evs":[0.0,-3.09278]},"96o":{"weight":0.0,"played":[0.999,0.001],"evs":[0.0,-3.63931]},"T6o":{"weight":0.0,"played":[1.0,0.0],"evs":[0.0,-4.48359]},"J6o":{"weight":0.0,"played":[0.996,0.004],"evs":[0.0,-4.53847]},"Q6o":{"weight":0.0,"played":[0.9996,4.0E-4],"evs":[0.0,-3.88904]},"K6o":{"weight":0.0,"played":[0.9995,5.0E-4],"evs":[0.0,-3.03853]},"A6o":{"weight":0.0,"played":[0.9995,5.0E-4],"evs":[0.0,-2.54309]},"72s":{"weight":0.0,"played":[1.0,0.0],"evs":[0.0,-3.29873]},"73s":{"weight":0.0,"played":[0.9999,1.0E-4],"evs":[0.0,-2.28975]},"74s":{"weight":0.0,"played":[0.9943,0.0057],"evs":[0.0,-2.19165]},"75s":{"weight":0.0,"played":[0.8709,0.1291],"evs":[0.0,-0.5054]},"76s":{"weight":0.8317,"played":[0.4665,0.5335],"evs":[0.0,0.12186]},"77":{"weight":0.9912,"played":[0.0,1.0],"evs":[0.0,3.1924]},"87o":{"weight":0.0,"played":[0.9947,0.0053],"evs":[0.0,-1.62936]},"97o":{"weight":0.0,"played":[0.9992,8.0E-4],"evs":[0.0,-2.6432]},"T7o":{"weight":0.0,"played":[0.9998,2.0E-4],"evs":[0.0,-3.62452]},"J7o":{"weight":0.0,"played":[0.9986,0.0014],"evs":[0.0,-3.15063]},"Q7o":{"weight":0.0,"played":[0.9997,3.0E-4],"evs":[0.0,-3.60294]},"K7o":{"weight":0.0,"played":[0.9995,5.0E-4],"evs":[0.0,-3.00448]},"A7o":{"weight":0.0,"played":[0.9993,7.0E-4],"evs":[0.0,-2.5625]},"82s":{"weight":0.0,"played":[0.999,0.001],"evs":[0.0,-3.58833]},"83s":{"weight":0.0,"played":[0.9594,0.0406],"evs":[0.0,-2.20493]},"84s":{"weight":0.0,"played":[0.9949,0.0051],"evs":[0.0,-3.07262]},"85s":{"weight":0.0,"played":[0.9943,0.0057],"evs":[0.0,-1.21629]},"86s":{"weight":0.0,"played":[0.5693,0.4307],"evs":[0.0,-0.52692]},"87s":{"weight":0.7906,"played":[0.3938,0.6062],"evs":[0.0,0.10402]},"88":{"weight":0.9935,"played":[0.0,1.0],"evs":[0.0,4.14993]},"98o":{"weight":0.0,"played":[0.9905,0.0095],"evs":[0.0,-2.60677]},"T8o":{"weight":0.0,"played":[0.9993,7.0E-4],"evs":[0.0,-2.92979]},"J8o":{"weight":0.0,"played":[0.9999,1.0E-4],"evs":[0.0,-2.79546]},"Q8o":{"weight":0.0,"played":[0.9983,0.0017],"evs":[0.0,-2.41118]},"K8o":{"weight":0.0,"played":[0.9999,1.0E-4],"evs":[0.0,-3.11482]},"A8o":{"weight":0.0,"played":[0.9975,0.0025],"evs":[0.0,-2.28567]},"92s":{"weight":0.0,"played":[0.9971,0.0029],"evs":[0.0,-3.84743]},"93s":{"weight":0.0,"played":[0.9996,4.0E-4],"evs":[0.0,-2.55913]},"94s":{"weight":0.0,"played":[0.9981,0.0019],"evs":[0.0,-2.97525]},"95s":{"weight":0.0,"played":[0.9906,0.0094],"evs":[0.0,-1.50213]},"96s":{"weight":0.0,"played":[0.9995,5.0E-4],"evs":[0.0,-1.5802]},"97s":{"weight":0.0,"played":[1.0,0.0],"evs":[0.0,-1.3758]},"98s":{"weight":0.9997,"played":[0.6606,0.3394],"evs":[0.0,-0.43564]},"99":{"weight":0.5847,"played":[0.0,1.0],"evs":[0.0,4.74446]},"T9o":{"weight":0.0,"played":[0.9942,0.0058],"evs":[0.0,-3.07261]},"J9o":{"weight":0.0,"played":[0.9996,4.0E-4],"evs":[0.0,-2.74524]},"Q9o":{"weight":0.0,"played":[0.9993,7.0E-4],"evs":[0.0,-2.78205]},"K9o":{"weight":0.0,"played":[0.9918,0.0082],"evs":[0.0,-2.67302]},"A9o":{"weight":0.0,"played":[0.9988,0.0012],"evs":[0.0,-1.62882]},"T2s":{"weight":0.0,"played":[0.9999,1.0E-4],"evs":[0.0,-3.59092]},"T3s":{"weight":0.0,"played":[0.9999,1.0E-4],"evs":[0.0,-2.57956]},"T4s":{"weight":0.0,"played":[0.9998,2.0E-4],"evs":[0.0,-3.66118]},"T5s":{"weight":0.0,"played":[0.9971,0.0029],"evs":[0.0,-3.62666]},"T6s":{"weight":0.0,"played":[0.9986,0.0014],"evs":[0.0,-3.23765]},"T7s":{"weight":0.0,"played":[0.9781,0.0219],"evs":[0.0,-1.7137]},"T8s":{"weight":0.996,"played":[0.9914,0.0086],"evs":[0.0,-1.70461]},"T9s":{"weight":0.997,"played":[0.8275,0.1725],"evs":[0.0,-1.36812]},"TT":{"weight":0.0148,"played":[1.0E-4,0.9999],"evs":[0.0,7.36257]},"JTo":{"weight":0.0,"played":[0.9964,0.0036],"evs":[0.0,-2.54045]},"QTo":{"weight":0.0,"played":[0.9994,6.0E-4],"evs":[0.0,-2.22743]},"KTo":{"weight":0.0,"played":[0.999,0.001],"evs":[0.0,-2.31793]},"ATo":{"weight":0.9773,"played":[0.7425,0.2575],"evs":[0.0,-0.37409]},"J2s":{"weight":0.0,"played":[0.9994,6.0E-4],"evs":[0.0,-3.62908]},"J3s":{"weight":0.0,"played":[0.9988,0.0012],"evs":[0.0,-2.40256]},"J4s":{"weight":0.0,"played":[0.9889,0.0111],"evs":[0.0,-2.68339]},"J5s":{"weight":0.0,"played":[0.9756,0.0244],"evs":[0.0,-1.90448]},"J6s":{"weight":0.0,"played":[0.9936,0.0064],"evs":[0.0,-1.84595]},"J7s":{"weight":0.0,"played":[0.9948,0.0052],"evs":[0.0,-2.04622]},"J8s":{"weight":0.0,"played":[0.739,0.261],"evs":[0.0,-1.73341]},"J9s":{"weight":0.9998,"played":[0.9605,0.0395],"evs":[0.0,-0.72889]},"JTs":{"weight":0.923,"played":[0.9186,0.0814],"evs":[0.0,-0.60297]},"JJ":{"weight":0.8665,"played":[0.0,1.0],"evs":[0.0,10.49757]},"QJo":{"weight":0.5343,"played":[0.9985,0.0015],"evs":[0.0,-0.49851]},"KJo":{"weight":0.9728,"played":[0.9949,0.0051],"evs":[0.0,-0.9696]},"AJo":{"weight":0.9731,"played":[0.0,1.0],"evs":[0.0,1.74756]},"Q2s":{"weight":0.0,"played":[0.9999,1.0E-4],"evs":[0.0,-1.50549]},"Q3s":{"weight":0.0,"played":[0.9934,0.0066],"evs":[0.0,-1.90833]},"Q4s":{"weight":0.0,"played":[0.9172,0.0828],"evs":[0.0,-1.75214]},"Q5s":{"weight":0.0,"played":[0.9798,0.0202],"evs":[0.0,-1.28239]},"Q6s":{"weight":0.0,"played":[0.9912,0.0088],"evs":[0.0,-1.20517]},"Q7s":{"weight":0.0,"played":[0.9995,5.0E-4],"evs":[0.0,-1.81377]},"Q8s":{"weight":0.0,"played":[0.8412,0.1588],"evs":[0.0,-1.04924]},"Q9s":{"weight":0.9598,"played":[0.9759,0.0241],"evs":[0.0,-1.26244]},"QTs":{"weight":0.7635,"played":[0.5082,0.4918],"evs":[0.0,-0.36864]},"QJs":{"weight":0.0061,"played":[0.303,0.697],"evs":[0.0,-0.26198]},"QQ":{"weight":0.888,"played":[0.0,1.0],"evs":[0.0,12.96155]},"KQo":{"weight":0.8698,"played":[0.6025,0.3975],"evs":[0.0,-0.19566]},"AQo":{"weight":0.9602,"played":[0.0,1.0],"evs":[0.0,4.79773]},"K2s":{"weight":0.0,"played":[0.9944,0.0056],"evs":[0.0,-2.1554]},"K3s":{"weight":0.0,"played":[0.9999,1.0E-4],"evs":[0.0,-1.7954]},"K4s":{"weight":0.0,"played":[0.9581,0.0419],"evs":[0.0,-1.67421]},"K5s":{"weight":0.0,"played":[0.9906,0.0094],"evs":[0.0,-1.39932]},"K6s":{"weight":0.0,"played":[0.9907,0.0093],"evs":[0.0,-2.16148]},"K7s":{"weight":0.0611,"played":[0.9958,0.0042],"evs":[0.0,-0.84986]},"K8s":{"weight":0.827,"played":[0.9992,8.0E-4],"evs":[0.0,-2.10312]},"K9s":{"weight":0.883,"played":[0.9939,0.0061],"evs":[0.0,-0.47616]},"KTs":{"weight":0.9233,"played":[0.8418,0.1582],"evs":[0.0,-0.561]},"KJs":{"weight":0.5488,"played":[0.013,0.987],"evs":[0.0,0.7337]},"KQs":{"weight":1.0,"played":[5.0E-4,0.9995],"evs":[0.0,1.29864]},"KK":{"weight":0.9494,"played":[0.0,1.0],"evs":[0.0,16.39612]},"AKo":{"weight":0.0,"played":[0.0,1.0],"evs":[0.0,6.91671]},"A2s":{"weight":0.0,"played":[0.9434,0.0566],"evs":[0.0,-0.41003]},"A3s":{"weight":0.9868,"played":[0.928,0.072],"evs":[0.0,-0.65]},"A4s":{"weight":0.9692,"played":[0.9795,0.0205],"evs":[0.0,-0.55642]},"A5s":{"weight":0.9787,"played":[0.9479,0.0521],"evs":[0.0,-0.78144]},"A6s":{"weight":0.9833,"played":[0.9705,0.0295],"evs":[0.0,-1.68749]},"A7s":{"weight":0.9724,"played":[0.8175,0.1825],"evs":[0.0,-0.57883]},"A8s":{"weight":0.9363,"played":[0.5166,0.4834],"evs":[0.0,0.14272]},"A9s":{"weight":0.9999,"played":[0.7905,0.2095],"evs":[0.0,-0.7952]},"ATs":{"weight":1.0,"played":[1.0E-4,0.9999],"evs":[0.0,1.74062]},"AJs":{"weight":1.0,"played":[0.0,1.0],"evs":[0.0,3.33625]},"AQs":{"weight":0.9999,"played":[1.0E-4,0.9999],"evs":[0.0,5.24822]},"AKs":{"weight":0.6946,"played":[0.0,1.0],"evs":[0.0,7.44934]},"AA":{"weight":0.8991,"played":[0.0,1.0],"evs":[0.0,21.84943]}}}