{"player":3,"street":0,"children":2,"sequence":[{"player":0,"type":"R","amount":200000,"street":0},{"player":1,"type":"C","amount":200000,"street":0},{"player":2,"type":"F","amount":0,"street":0},{"player":3,"type":"C","amount":200000,"street":0},{"player":4,"type":"F","amount":0,"street":0},{"player":5,"type":"R","amount":1985000,"street":0},{"player":0,"type":"C","amount":1785000,"street":0},{"player":1,"type":"F","amount":0,"street":0}],"actions":[{"type":"F","amount":0},{"type":"C","amount":785000}],"hands":{"22":{"weight":0.0,"played":[0.9803,0.0197],"evs":[0.0,-0.69604]},"32o":{"weight":0.0,"played":[1.0,0.0],"evs":[0.0,-2.16724]},"42o":{"weight":0.0,"played":[1.0,0.0],"evs":[0.0,-2.05484]},"52o":{"weight":0.0,"played":[0.9991,9.0E-4],"evs":[0.0,-1.80754]},"62o":{"weight":0.0,"played":[1.0,0.0],"evs":[0.0,-2.24721]},"72o":{"weight":0.0,"played":[0.9998,2.0E-4],"evs":[0.0,-2.54774]},"82o":{"weight":0.0,"played":[0.9993,7.0E-4],"evs":[0.0,-2.40511]},"92o":{"weight":0.0,"played":[1.0,0.0],"evs":[0.0,-2.38663]},"T2o":{"weight":0.0,"played":[1.0,0.0],"evs":[0.0,-2.1168]},"J2o":{"weight":0.0,"played":[1.0,0.0],"evs":[0.0,-2.18228]},"Q2o":{"weight":0.0,"played":[0.9999,1.0E-4],"evs":[0.0,-1.64663]},"K2o":{"weight":0.0,"played":[0.9995,5.0E-4],"evs":[0.0,-1.68271]},"A2o":{"weight":0.0,"played":[0.999,0.001],"evs":[0.0,-2.14539]},"32s":{"weight":0.0,"played":[1.0,0.0],"evs":[0.0,-1.31513]},"33":{"weight":0.0,"played":[0.9617,0.0383],"evs":[0.0,-0.14341]},"43o":{"weight":0.0,"played":[0.9995,5.0E-4],"evs":[0.0,-1.73934]},"53o":{"weight":0.0,"played":[0.9997,3.0E-4],"evs":[0.0,-1.60162]},"63o":{"weight":0.0,"played":[0.9999,1.0E-4],"evs":[0.0,-1.93407]},"73o":{"weight":0.0,"played":[0.9994,6.0E-4],"evs":[0.0,-1.9915]},"83o":{"weight":0.0,"played":[1.0,0.0],"evs":[0.0,-2.16996]},"93o":{"weight":0.0,"played":[0.9999,1.0E-4],"evs":[0.0,-2.35338]},"T3o":{"weight":0.0,"played":[1.0,0.0],"evs":[0.0,-2.24689]},"J3o":{"weight":0.0,"played":[0.9998,2.0E-4],"evs":[0.0,-2.4285]},"Q3o":{"weight":0.0,"played":[0.999,0.001],"evs":[0.0,-1.77288]},"K3o":{"weight":0.0,"played":[1.0,0.0],"evs":[0.0,-1.63086]},"A3o":{"weight":0.0,"played":[0.9991,9.0E-4],"evs":[0.0,-2.33741]},"42s":{"weight":0.0,"played":[1.0,0.0],"evs":[0.0,-0.61363]},"43s":{"weight":0.0,"played":[1.0,0.0],"evs":[0.0,-0.85493]},"44":{"weight":0.1311,"played":[0.965,0.035],"evs":[0.0,-0.61966]},"54o":{"weight":0.0,"played":[0.9991,9.0E-4],"evs":[0.0,-1.03601]},"64o":{"weight":0.0,"played":[0.9999,1.0E-4],"evs":[0.0,-1.77146]},"74o":{"weight":0.0,"played":[1.0,0.0],"evs":[0.0,-1.42015]},"84o":{"weight":0.0,"played":[0.9999,1.0E-4],"evs":[0.0,-1.99111]},"94o":{"weight":0.0,"played":[0.9996,4.0E-4],"evs":[0.0,-1.93646]},"T4o":{"weight":0.0,"played":[0.9999,1.0E-4],"evs":[0.0,-1.70585]},"J4o":{"weight":0.0,"played":[0.9992,8.0E-4],"evs":[0.0,-1.87186]},"Q4o":{"weight":0.0,"played":[0.9994,6.0E-4],"evs":[0.0,-1.63197]},"K4o":{"weight":0.0,"played":[1.0,0.0],"evs":[0.0,-1.48445]},"A4o":{"weight":0.0,"played":[0.9995,5.0E-4],"evs":[0.0,-1.9621]},"52s":{"weight":0.0,"played":[1.0,0.0],"evs":[0.0,-0.19242]},"53s":{"weight":0.0,"played":[0.9966,0.0034],"evs":[0.0,-1.2562]},"54s":{"weight":0.0,"played":[0.7377,0.2623],"evs":[0.0,0.3686]},"55":{"weight":0.0427,"played":[0.6978,0.3022],"evs":[0.0,0.30845]},"65o":{"weight":0.0,"played":[0.9999,1.0E-4],"evs":[0.0,-0.95476]},"75o":{"weight":0.0,"played":[0.9999,1.0E-4],"evs":[0.0,-1.24529]},"85o":{"weight":0.0,"played":[0.9997,3.0E-4],"evs":[0.0,-1.24803]},"95o":{"weight":0.0,"played":[1.0,0.0],"evs":[0.0,-1.61496]},"T5o":{"weight":0.0,"played":[0.9998,2.0E-4],"evs":[0.0,-2.0784]},"J5o":{"weight":0.0,"played":[0.9999,1.0E-4],"evs":[0.0,-2.18442]},"Q5o":{"weight":0.0,"played":[0.9989,0.0011],"evs":[0.0,-1.4832]},"K5o":{"weight":0.0,"played":[0.9996,4.0E-4],"evs":[0.0,-1.49764]},"A5o":{"weight":0.0,"played":[0.9887,0.0113],"evs":[0.0,-1.58339]},"62s":{"weight":0.0,"played":[0.9995,5.0E-4],"evs":[0.0,-1.43236]},"63s":{"weight":0.0,"played":[0.9998,2.0E-4],"evs":[0.0,-0.62206]},"64s":{"weight":0.0,"played":[0.8516,0.1484],"evs":[0.0,-0.23214]},"65s":{"weight":0.0,"played":[0.9334,0.0666],"evs":[0.0,-0.2003]},"66":{"weight":1.0E-4,"played":[0.5057,0.4943],"evs":[0.0,0.48252]},"76o":{"weight":0.0,"played":[0.9921,0.0079],"evs":[0.0,-1.01933]},"86o":{"weight":0.0,"played":[0.9992,8.0E-4],"evs":[0.0,-1.22486]},"96o":{"weight":0.0,"played":[1.0,0.0],"evs":[0.0,-1.14491]},"T6o":{"weight":0.0,"played":[0.9993,7.0E-4],"evs":[0.0,-1.91502]},"J6o":{"weight":0.0,"played":[0.9999,1.0E-4],"evs":[0.0,-1.93059]},"Q6o":{"weight":0.0,"played":[0.9997,3.0E-4],"evs":[0.0,-1.54412]},"K6o":{"weight":0.0,"played":[0.9995,5.0E-4],"evs":[0.0,-1.24832]},"A6o":{"weight":0.0,"played":[1.0,0.0],"evs":[0.0,-2.56943]},"72s":{"weight":0.0,"played":[0.9804,0.0196],"evs":[0.0,-1.21227]},"73s":{"weight":0.0,"played":[0.9967,0.0033],"evs":[0.0,-0.86676]},"74s":{"weight":0.0,"played":[0.9588,0.0412],"evs":[0.0,-0.40188]},"75s":{"weight":0.0,"played":[0.5558,0.4442],"evs":[0.0,0.03238]},"76s":{"weight":0.0,"played":[0.4648,0.5352],"evs":[0.0,0.12719]},"77":{"weight":0.0,"played":[0.0024,0.9976],"evs":[0.0,1.45265]},"87o":{"weight":0.0,"played":[0.9694,0.0306],"evs":[0.0,-0.76674]},"97o":{"weight":0.0,"played":[1.0,0.0],"evs":[0.0,-1.04244]},"T7o":{"weight":0.0,"played":[0.9998,2.0E-4],"evs":[0.0,-0.83075]},"J7o":{"weight":0.0,"played":[0.9998,2.0E-4],"evs":[0.0,-1.76633]},"Q7o":{"weight":0.0,"played":[0.9997,3.0E-4],"evs":[0.0,-1.26616]},"K7o":{"weight":0.0,"played":[0.9981,0.0019],"evs":[0.0,-1.00588]},"A7o":{"weight":0.0,"played":[1.0,0.0],"evs":[0.0,-1.96055]},"82s":{"weight":0.0,"played":[0.998,0.002],"evs":[0.0,-0.76826]},"83s":{"weight":0.0,"played":[0.9977,0.0023],"evs":[0.0,-0.58584]},"84s":{"weight":0.0,"played":[0.9965,0.0035],"evs":[0.0,-0.46918]},"85s":{"weight":0.0,"played":[0.811,0.189],"evs":[0.0,-0.35178]},"86s":{"weight":0.0,"played":[0.6281,0.3719],"evs":[0.0,0.01228]},"87s":{"weight":0.0,"played":[0.0043,0.9957],"evs":[0.0,0.75346]},"88":{"weight":0.0,"played":[0.0,1.0],"evs":[0.0,1.46986]},"98o":{"weight":0.0,"played":[0.9973,0.0027],"evs":[0.0,-0.56583]},"T8o":{"weight":0.0,"played":[0.9982,0.0018],"evs":[0.0,-0.25683]},"J8o":{"weight":0.0,"played":[0.998,0.002],"evs":[0.0,-0.91529]},"Q8o":{"weight":0.0,"played":[0.9958,0.0042],"evs":[0.0,-0.43959]},"K8o":{"weight":0.0,"played":[0.9992,8.0E-4],"evs":[0.0,-1.34566]},"A8o":{"weight":0.0,"played":[0.9998,2.0E-4],"evs":[0.0,-1.26025]},"92s":{"weight":0.0,"played":[0.992,0.008],"evs":[0.0,-1.15405]},"93s":{"weight":0.0,"played":[0.9941,0.0059],"evs":[0.0,-1.14368]},"94s":{"weight":0.0,"played":[0.9968,0.0032],"evs":[0.0,-1.5945]},"95s":{"weight":0.0,"played":[0.9466,0.0534],"evs":[0.0,-0.6291]},"96s":{"weight":0.0,"played":[0.6287,0.3713],"evs":[0.0,-0.40086]},"97s":{"weight":0.0,"played":[0.3957,0.6043],"evs":[0.0,0.24322]},"98s":{"weight":0.0122,"played":[0.0821,0.9179],"evs":[0.0,0.53706]},"99":{"weight":0.0,"played":[6.0E-4,0.9994],"evs":[0.0,2.78419]},"T9o":{"weight":0.0,"played":[0.9347,0.0653],"evs":[0.0,-0.32234]},"J9o":{"weight":0.0,"played":[0.9142,0.0858],"evs":[0.0,-0.5571]},"Q9o":{"weight":0.0,"played":[0.9602,0.0398],"evs":[0.0,-0.53626]},"K9o":{"weight":0.0,"played":[0.9971,0.0029],"evs":[0.0,-1.10395]},"A9o":{"weight":0.0,"played":[0.9983,0.0017],"evs":[0.0,-1.60532]},"T2s":{"weight":0.0,"played":[0.9968,0.0032],"evs":[0.0,-0.94087]},"T3s":{"weight":0.0,"played":[0.9946,0.0054],"evs":[0.0,-0.50439]},"T4s":{"weight":0.0,"played":[0.9986,0.0014],"evs":[0.0,-1.6616]},"T5s":{"weight":0.0,"played":[0.9748,0.0252],"evs":[0.0,-0.18956]},"T6s":{"weight":0.0,"played":[0.999,0.001],"evs":[0.0,-0.59412]},"T7s":{"weight":0.0,"played":[0.669,0.331],"evs":[0.0,0.13564]},"T8s":{"weight":0.0,"played":[0.219,0.781],"evs":[0.0,0.2992]},"T9s":{"weight":0.351,"played":[0.0026,0.9974],"evs":[0.0,0.88697]},"TT":{"weight":0.0,"played":[0.0,1.0],"evs":[0.0,3.38734]},"JTo":{"weight":0.0,"played":[0.8569,0.1431],"evs":[0.0,-0.33534]},"QTo":{"weight":0.0,"played":[0.481,0.519],"evs":[0.0,-0.0394]},"KTo":{"weight":0.0,"played":[0.7308,0.2692],"evs":[0.0,0.18696]},"ATo":{"weight":1.0E-4,"played":[0.9988,0.0012],"evs":[0.0,-0.95404]},"J2s":{"weight":0.0,"played":[0.984,0.016],"evs":[0.0,-1.3384]},"J3s":{"weight":0.0,"played":[0.9677,0.0323],"evs":[0.0,-0.72119]},"J4s":{"weight":0.0,"played":[0.9975,0.0025],"evs":[0.0,-0.24572]},"J5s":{"weight":0.0,"played":[0.947,0.053],"evs":[0.0,-0.72188]},"J6s":{"weight":0.0,"played":[0.9996,4.0E-4],"evs":[0.0,-0.31757]},"J7s":{"weight":0.0,"played":[0.6874,0.3126],"evs":[0.0,-0.12582]},"J8s":{"weight":0.0,"played":[0.2049,0.7951],"evs":[0.0,-0.04344]},"J9s":{"weight":0.0036,"played":[0.0855,0.9145],"evs":[0.0,0.78167]},"JTs":{"weight":0.9868,"played":[0.0642,0.9358],"evs":[0.0,1.19235]},"JJ":{"weight":0.0,"played":[0.0,1.0],"evs":[0.0,5.30403]},"QJo":{"weight":0.0,"played":[0.9264,0.0736],"evs":[0.0,-0.23144]},"KJo":{"weight":6.0E-4,"played":[0.4547,0.5453],"evs":[0.0,-0.05494]},"AJo":{"weight":0.0,"played":[0.5772,0.4228],"evs":[0.0,-0.64113]},"Q2s":{"weight":0.0,"played":[0.9973,0.0027],"evs":[0.0,-0.59293]},"Q3s":{"weight":0.0,"played":[0.933,0.067],"evs":[0.0,-0.36862]},"Q4s":{"weight":0.0,"played":[0.9994,6.0E-4],"evs":[0.0,-0.4948]},"Q5s":{"weight":0.0,"played":[0.7049,0.2951],"evs":[0.0,-0.08695]},"Q6s":{"weight":0.0,"played":[0.8036,0.1964],"evs":[0.0,-0.10886]},"Q7s":{"weight":0.0,"played":[0.7804,0.2196],"evs":[0.0,-0.29998]},"Q8s":{"weight":0.0,"played":[0.9015,0.0985],"evs":[0.0,0.00289]},"Q9s":{"weight":0.0548,"played":[0.0049,0.9951],"evs":[0.0,0.42124]},"QTs":{"weight":0.9994,"played":[1.0E-4,0.9999],"evs":[0.0,0.6429]},"QJs":{"weight":0.9997,"played":[0.006,0.994],"evs":[0.0,1.00555]},"QQ":{"weight":0.0,"played":[0.0,1.0],"evs":[0.0,7.06258]},"KQo":{"weight":0.0067,"played":[0.0155,0.9845],"evs":[0.0,0.25789]},"AQo":{"weight":0.0,"played":[0.004,0.996],"evs":[0.0,0.81802]},"K2s":{"weight":0.0,"played":[0.8605,0.1395],"evs":[0.0,-1.07952]},"K3s":{"weight":0.0,"played":[0.8823,0.1177],"evs":[0.0,-0.65111]},"K4s":{"weight":0.0,"played":[0.9979,0.0021],"evs":[0.0,-0.32261]},"K5s":{"weight":0.0,"played":[0.694,0.306],"evs":[0.0,-0.72611]},"K6s":{"weight":0.0,"played":[0.8483,0.1517],"evs":[0.0,-0.26755]},"K7s":{"weight":0.0,"played":[0.2344,0.7656],"evs":[0.0,0.459]},"K8s":{"weight":3.0E-4,"played":[0.3913,0.6087],"evs":[0.0,0.09327]},"K9s":{"weight":0.9791,"played":[0.0056,0.9944],"evs":[0.0,0.66656]},"KTs":{"weight":1.0,"played":[0.004,0.996],"evs":[0.0,0.84632]},"KJs":{"weight":0.9999,"played":[0.0,1.0],"evs":[0.0,0.79955]},"KQs":{"weight":0.0053,"played":[0.0017,0.9983],"evs":[0.0,1.94002]},"KK":{"weight":0.0,"played":[0.0,1.0],"evs":[0.0,9.41635]},"AKo":{"weight":0.0,"played":[0.0,1.0],"evs":[0.0,1.48925]},"A2s":{"weight":0.0,"played":[0.9643,0.0357],"evs":[0.0,-0.94064]},"A3s":{"weight":0.0,"played":[0.9284,0.0716],"evs":[0.0,-1.09129]},"A4s":{"weight":0.0,"played":[0.9992,8.0E-4],"evs":[0.0,-1.36387]},"A5s":{"weight":0.5648,"played":[0.9674,0.0326],"evs":[0.0,-0.8223]},"A6s":{"weight":0.0,"played":[0.9253,0.0747],"evs":[0.0,-0.43673]},"A7s":{"weight":0.6979,"played":[0.8942,0.1058],"evs":[0.0,-0.43213]},"A8s":{"weight":0.0332,"played":[0.2099,0.7901],"evs":[0.0,0.04168]},"A9s":{"weight":0.0,"played":[0.9215,0.0785],"evs":[0.0,-0.34488]},"ATs":{"weight":0.0031,"played":[0.199,0.801],"evs":[0.0,-2.9E-4]},"AJs":{"weight":2.0E-4,"played":[0.0072,0.9928],"evs":[0.0,1.32259]},"AQs":{"weight":0.0,"played":[0.0034,0.9966],"evs":[0.0,1.54161]},"AKs":{"weight":0.0,"played":[0.0,1.0],"evs":[0.0,2.21786]},"AA":{"weight":0.0,"played":[0.0,1.0],"evs":[0.0,12.70817]}}}