{"player":3,"street":0,"children":2,"sequence":[{"player":0,"type":"R","amount":200000,"street":0},{"player":1,"type":"C","amount":200000,"street":0},{"player":2,"type":"F","amount":0,"street":0},{"player":3,"type":"C","amount":200000,"street":0},{"player":4,"type":"F","amount":0,"street":0},{"player":5,"type":"R","amount":1985000,"street":0},{"player":0,"type":"C","amount":1785000,"street":0},{"player":1,"type":"R","amount":2785000,"street":0}],"actions":[{"type":"F","amount":0,"node":366},{"type":"C","amount":785000,"node":367}],"hands":{"22":{"weight":0.0,"played":[0.9869,0.0131],"evs":[0.0,-1.12401]},"32o":{"weight":0.0,"played":[1.0,0.0],"evs":[0.0,-2.55614]},"42o":{"weight":0.0,"played":[1.0,0.0],"evs":[0.0,-2.02119]},"52o":{"weight":0.0,"played":[0.9997,3.0E-4],"evs":[0.0,-2.28015]},"62o":{"weight":0.0,"played":[0.9992,8.0E-4],"evs":[0.0,-3.10533]},"72o":{"weight":0.0,"played":[1.0,0.0],"evs":[0.0,-3.54197]},"82o":{"weight":0.0,"played":[1.0,0.0],"evs":[0.0,-2.81776]},"92o":{"weight":0.0,"played":[1.0,0.0],"evs":[0.0,-2.96645]},"T2o":{"weight":0.0,"played":[1.0,0.0],"evs":[0.0,-2.77551]},"J2o":{"weight":0.0,"played":[1.0,0.0],"evs":[0.0,-2.74152]},"Q2o":{"weight":0.0,"played":[0.9991,9.0E-4],"evs":[0.0,-2.85869]},"K2o":{"weight":0.0,"played":[0.9969,0.0031],"evs":[0.0,-2.64678]},"A2o":{"weight":0.0,"played":[0.9995,5.0E-4],"evs":[0.0,-2.92226]},"32s":{"weight":0.0,"played":[0.9916,0.0084],"evs":[0.0,-1.82004]},"33":{"weight":0.0,"played":[0.6627,0.3373],"evs":[0.0,-0.55428]},"43o":{"weight":0.0,"played":[1.0,0.0],"evs":[0.0,-1.40298]},"53o":{"weight":0.0,"played":[0.9994,6.0E-4],"evs":[0.0,-1.24022]},"63o":{"weight":0.0,"played":[0.9983,0.0017],"evs":[0.0,-2.09471]},"73o":{"weight":0.0,"played":[0.9999,1.0E-4],"evs":[0.0,-2.79253]},"83o":{"weight":0.0,"played":[0.9998,2.0E-4],"evs":[0.0,-3.13721]},"93o":{"weight":0.0,"played":[0.9999,1.0E-4],"evs":[0.0,-2.49962]},"T3o":{"weight":0.0,"played":[0.999,0.001],"evs":[0.0,-2.79076]},"J3o":{"weight":0.0,"played":[1.0,0.0],"evs":[0.0,-2.73063]},"Q3o":{"weight":0.0,"played":[0.9997,3.0E-4],"evs":[0.0,-2.41504]},"K3o":{"weight":0.0,"played":[0.9998,2.0E-4],"evs":[0.0,-2.35763]},"A3o":{"weight":0.0,"played":[0.9998,2.0E-4],"evs":[0.0,-2.44118]},"42s":{"weight":0.0,"played":[0.9652,0.0348],"evs":[0.0,-0.95251]},"43s":{"weight":0.0,"played":[0.9275,0.0725],"evs":[0.0,-0.48944]},"44":{"weight":0.1311,"played":[0.9994,6.0E-4],"evs":[0.0,-1.56982]},"54o":{"weight":0.0,"played":[0.9887,0.0113],"evs":[0.0,-1.51199]},"64o":{"weight":0.0,"played":[0.9969,0.0031],"evs":[0.0,-1.51721]},"74o":{"weight":0.0,"played":[0.9998,2.0E-4],"evs":[0.0,-2.3386]},"84o":{"weight":0.0,"played":[0.9997,3.0E-4],"evs":[0.0,-2.63203]},"94o":{"weight":0.0,"played":[0.9989,0.0011],"evs":[0.0,-3.07468]},"T4o":{"weight":0.0,"played":[0.9999,1.0E-4],"evs":[0.0,-2.27649]},"J4o":{"weight":0.0,"played":[0.9995,5.0E-4],"evs":[0.0,-2.37635]},"Q4o":{"weight":0.0,"played":[0.9999,1.0E-4],"evs":[0.0,-2.38138]},"K4o":{"weight":0.0,"played":[0.9998,2.0E-4],"evs":[0.0,-2.25791]},"A4o":{"weight":0.0,"played":[0.9976,0.0024],"evs":[0.0,-1.95959]},"52s":{"weight":0.0,"played":[0.9995,5.0E-4],"evs":[0.0,-0.75857]},"53s":{"weight":0.0,"played":[0.605,0.395],"evs":[0.0,-0.43954]},"54s":{"weight":0.0,"played":[0.9525,0.0475],"evs":[0.0,-0.41315]},"55":{"weight":0.0427,"played":[0.7056,0.2944],"evs":[0.0,-0.61461]},"65o":{"weight":0.0,"played":[0.9601,0.0399],"evs":[0.0,-1.07752]},"75o":{"weight":0.0,"played":[0.9966,0.0034],"evs":[0.0,-1.4529]},"85o":{"weight":0.0,"played":[0.9989,0.0011],"evs":[0.0,-2.44994]},"95o":{"weight":0.0,"played":[0.9996,4.0E-4],"evs":[0.0,-2.87852]},"T5o":{"weight":0.0,"played":[0.9999,1.0E-4],"evs":[0.0,-2.10298]},"J5o":{"weight":0.0,"played":[0.9946,0.0054],"evs":[0.0,-2.57364]},"Q5o":{"weight":0.0,"played":[0.9993,7.0E-4],"evs":[0.0,-2.92553]},"K5o":{"weight":0.0,"played":[0.998,0.002],"evs":[0.0,-2.23823]},"A5o":{"weight":0.0,"played":[0.9999,1.0E-4],"evs":[0.0,-2.79271]},"62s":{"weight":0.0,"played":[0.9996,4.0E-4],"evs":[0.0,-1.11781]},"63s":{"weight":0.0,"played":[0.9737,0.0263],"evs":[0.0,-0.977]},"64s":{"weight":0.0,"played":[0.9664,0.0336],"evs":[0.0,-0.80448]},"65s":{"weight":0.0,"played":[0.336,0.664],"evs":[0.0,0.55]},"66":{"weight":1.0E-4,"played":[0.9675,0.0325],"evs":[0.0,-0.69349]},"76o":{"weight":0.0,"played":[0.996,0.004],"evs":[0.0,-1.15708]},"86o":{"weight":0.0,"played":[0.9986,0.0014],"evs":[0.0,-1.61611]},"96o":{"weight":0.0,"played":[0.9983,0.0017],"evs":[0.0,-2.08467]},"T6o":{"weight":0.0,"played":[0.9914,0.0086],"evs":[0.0,-2.04666]},"J6o":{"weight":0.0,"played":[0.9986,0.0014],"evs":[0.0,-2.78669]},"Q6o":{"weight":0.0,"played":[0.9999,1.0E-4],"evs":[0.0,-2.70603]},"K6o":{"weight":0.0,"played":[0.9956,0.0044],"evs":[0.0,-2.47686]},"A6o":{"weight":0.0,"played":[0.9997,3.0E-4],"evs":[0.0,-3.31361]},"72s":{"weight":0.0,"played":[0.9972,0.0028],"evs":[0.0,-2.33671]},"73s":{"weight":0.0,"played":[1.0,0.0],"evs":[0.0,-2.38836]},"74s":{"weight":0.0,"played":[0.9885,0.0115],"evs":[0.0,-1.84559]},"75s":{"weight":0.0,"played":[0.3763,0.6237],"evs":[0.0,0.15025]},"76s":{"weight":0.0,"played":[0.8816,0.1184],"evs":[0.0,-1.2826]},"77":{"weight":0.0,"played":[0.6126,0.3874],"evs":[0.0,-0.41294]},"87o":{"weight":0.0,"played":[0.9791,0.0209],"evs":[0.0,-1.81072]},"97o":{"weight":0.0,"played":[0.9931,0.0069],"evs":[0.0,-1.42451]},"T7o":{"weight":0.0,"played":[0.9997,3.0E-4],"evs":[0.0,-2.38359]},"J7o":{"weight":0.0,"played":[0.9998,2.0E-4],"evs":[0.0,-2.12825]},"Q7o":{"weight":0.0,"played":[0.9987,0.0013],"evs":[0.0,-2.74371]},"K7o":{"weight":0.0,"played":[0.9975,0.0025],"evs":[0.0,-1.67295]},"A7o":{"weight":0.0,"played":[1.0,0.0],"evs":[0.0,-3.32663]},"82s":{"weight":0.0,"played":[0.9998,2.0E-4],"evs":[0.0,-1.70104]},"83s":{"weight":0.0,"played":[0.9991,9.0E-4],"evs":[0.0,-1.99172]},"84s":{"weight":0.0,"played":[0.9732,0.0268],"evs":[0.0,-1.4745]},"85s":{"weight":0.0,"played":[0.373,0.627],"evs":[0.0,-0.36087]},"86s":{"weight":0.0,"played":[0.9925,0.0075],"evs":[0.0,-0.4951]},"87s":{"weight":0.0,"played":[0.8645,0.1355],"evs":[0.0,-0.12991]},"88":{"weight":0.0,"played":[0.0131,0.9869],"evs":[0.0,0.31166]},"98o":{"weight":0.0,"played":[1.0,0.0],"evs":[0.0,-1.36872]},"T8o":{"weight":0.0,"played":[0.9874,0.0126],"evs":[0.0,-1.12894]},"J8o":{"weight":0.0,"played":[0.9997,3.0E-4],"evs":[0.0,-1.81826]},"Q8o":{"weight":0.0,"played":[0.998,0.002],"evs":[0.0,-2.11639]},"K8o":{"weight":0.0,"played":[0.992,0.008],"evs":[0.0,-2.17606]},"A8o":{"weight":0.0,"played":[0.9998,2.0E-4],"evs":[0.0,-3.62387]},"92s":{"weight":0.0,"played":[0.9961,0.0039],"evs":[0.0,-1.33317]},"93s":{"weight":0.0,"played":[0.9906,0.0094],"evs":[0.0,-2.10873]},"94s":{"weight":0.0,"played":[0.9769,0.0231],"evs":[0.0,-2.29177]},"95s":{"weight":0.0,"played":[0.9738,0.0262],"evs":[0.0,-0.75723]},"96s":{"weight":0.0,"played":[0.8969,0.1031],"evs":[0.0,-0.14709]},"97s":{"weight":0.0,"played":[0.5674,0.4326],"evs":[0.0,0.213]},"98s":{"weight":0.0122,"played":[0.9767,0.0233],"evs":[0.0,-1.03481]},"99":{"weight":0.0,"played":[0.012,0.988],"evs":[0.0,1.48023]},"T9o":{"weight":0.0,"played":[0.9948,0.0052],"evs":[0.0,-1.19498]},"J9o":{"weight":0.0,"played":[0.9992,8.0E-4],"evs":[0.0,-1.45116]},"Q9o":{"weight":0.0,"played":[0.9902,0.0098],"evs":[0.0,-2.00302]},"K9o":{"weight":0.0,"played":[0.9992,8.0E-4],"evs":[0.0,-1.26102]},"A9o":{"weight":0.0,"played":[0.9959,0.0041],"evs":[0.0,-2.8196]},"T2s":{"weight":0.0,"played":[0.9863,0.0137],"evs":[0.0,-1.50194]},"T3s":{"weight":0.0,"played":[0.9977,0.0023],"evs":[0.0,-1.04898]},"T4s":{"weight":0.0,"played":[0.7629,0.2371],"evs":[0.0,-1.83168]},"T5s":{"weight":0.0,"played":[0.9971,0.0029],"evs":[0.0,-1.41466]},"T6s":{"weight":0.0,"played":[0.9999,1.0E-4],"evs":[0.0,-1.21057]},"T7s":{"weight":0.0,"played":[0.9599,0.0401],"evs":[0.0,-1.46742]},"T8s":{"weight":0.0,"played":[0.8315,0.1685],"evs":[0.0,-0.51436]},"T9s":{"weight":0.351,"played":[0.4682,0.5318],"evs":[0.0,0.1271]},"TT":{"weight":0.0,"played":[0.0035,0.9965],"evs":[0.0,1.14719]},"JTo":{"weight":0.0,"played":[0.998,0.002],"evs":[0.0,-1.29159]},"QTo":{"weight":0.0,"played":[0.9976,0.0024],"evs":[0.0,-1.41454]},"KTo":{"weight":0.0,"played":[0.981,0.019],"evs":[0.0,-1.15997]},"ATo":{"weight":1.0E-4,"played":[0.9231,0.0769],"evs":[0.0,-1.49587]},"J2s":{"weight":0.0,"played":[0.9876,0.0124],"evs":[0.0,-1.14871]},"J3s":{"weight":0.0,"played":[0.9987,0.0013],"evs":[0.0,-0.96778]},"J4s":{"weight":0.0,"played":[0.9781,0.0219],"evs":[0.0,-1.92487]},"J5s":{"weight":0.0,"played":[0.9982,0.0018],"evs":[0.0,-1.48635]},"J6s":{"weight":0.0,"played":[0.9937,0.0063],"evs":[0.0,-0.93082]},"J7s":{"weight":0.0,"played":[0.9588,0.0412],"evs":[0.0,-2.79463]},"J8s":{"weight":0.0,"played":[0.9765,0.0235],"evs":[0.0,-1.03868]},"J9s":{"weight":0.0036,"played":[0.2703,0.7297],"evs":[0.0,-0.02535]},"JTs":{"weight":0.9868,"played":[0.0245,0.9755],"evs":[0.0,0.76559]},"JJ":{"weight":0.0,"played":[3.0E-4,0.9997],"evs":[0.0,3.32867]},"QJo":{"weight":0.0,"played":[0.9957,0.0043],"evs":[0.0,-1.32396]},"KJo":{"weight":6.0E-4,"played":[0.9128,0.0872],"evs":[0.0,-0.87201]},"AJo":{"weight":0.0,"played":[0.9826,0.0174],"evs":[0.0,-0.99492]},"Q2s":{"weight":0.0,"played":[0.9726,0.0274],"evs":[0.0,-1.76591]},"Q3s":{"weight":0.0,"played":[0.8565,0.1435],"evs":[0.0,-0.72676]},"Q4s":{"weight":0.0,"played":[0.9999,1.0E-4],"evs":[0.0,-2.02195]},"Q5s":{"weight":0.0,"played":[0.9933,0.0067],"evs":[0.0,-1.40669]},"Q6s":{"weight":0.0,"played":[0.9843,0.0157],"evs":[0.0,-0.97266]},"Q7s":{"weight":0.0,"played":[0.8274,0.1726],"evs":[0.0,-0.3606]},"Q8s":{"weight":0.0,"played":[0.8739,0.1261],"evs":[0.0,-1.32899]},"Q9s":{"weight":0.0548,"played":[0.6544,0.3456],"evs":[0.0,-1.17019]},"QTs":{"weight":0.9994,"played":[0.5257,0.4743],"evs":[0.0,-0.32807]},"QJs":{"weight":0.9997,"played":[0.4599,0.5401],"evs":[0.0,-0.20895]},"QQ":{"weight":0.0,"played":[0.0,1.0],"evs":[0.0,4.34475]},"KQo":{"weight":0.0067,"played":[0.1898,0.8102],"evs":[0.0,0.13625]},"AQo":{"weight":0.0,"played":[0.0021,0.9979],"evs":[0.0,0.07215]},"K2s":{"weight":0.0,"played":[0.4347,0.5653],"evs":[0.0,-0.95301]},"K3s":{"weight":0.0,"played":[0.9378,0.0622],"evs":[0.0,-0.87684]},"K4s":{"weight":0.0,"played":[0.9509,0.0491],"evs":[0.0,-1.5227]},"K5s":{"weight":0.0,"played":[0.95,0.05],"evs":[0.0,-0.85608]},"K6s":{"weight":0.0,"played":[0.9356,0.0644],"evs":[0.0,-0.59808]},"K7s":{"weight":0.0,"played":[0.9684,0.0316],"evs":[0.0,-1.25442]},"K8s":{"weight":3.0E-4,"played":[0.0912,0.9088],"evs":[0.0,0.79549]},"K9s":{"weight":0.9791,"played":[0.9215,0.0785],"evs":[0.0,-0.43046]},"KTs":{"weight":1.0,"played":[0.3877,0.6123],"evs":[0.0,0.64808]},"KJs":{"weight":0.9999,"played":[0.6778,0.3222],"evs":[0.0,-0.65576]},"KQs":{"weight":0.0053,"played":[0.0047,0.9953],"evs":[0.0,1.39264]},"KK":{"weight":0.0,"played":[0.0,1.0],"evs":[0.0,8.31045]},"AKo":{"weight":0.0,"played":[2.0E-4,0.9998],"evs":[0.0,1.6276]},"A2s":{"weight":0.0,"played":[0.9568,0.0432],"evs":[0.0,-1.61573]},"A3s":{"weight":0.0,"played":[0.9822,0.0178],"evs":[0.0,-1.39448]},"A4s":{"weight":0.0,"played":[0.9142,0.0858],"evs":[0.0,-2.00586]},"A5s":{"weight":0.5648,"played":[0.9143,0.0857],"evs":[0.0,-1.06686]},"A6s":{"weight":0.0,"played":[0.975,0.025],"evs":[0.0,-0.96754]},"A7s":{"weight":0.6979,"played":[0.9952,0.0048],"evs":[0.0,-0.73693]},"A8s":{"weight":0.0332,"played":[0.9728,0.0272],"evs":[0.0,-1.54343]},"A9s":{"weight":0.0,"played":[0.9331,0.0669],"evs":[0.0,-1.58123]},"ATs":{"weight":0.0031,"played":[0.9412,0.0588],"evs":[0.0,-1.19687]},"AJs":{"weight":2.0E-4,"played":[0.0126,0.9874],"evs":[0.0,0.0673]},"AQs":{"weight":0.0,"played":[2.0E-4,0.9998],"evs":[0.0,1.04247]},"AKs":{"weight":0.0,"played":[4.0E-4,0.9996],"evs":[0.0,1.69457]},"AA":{"weight":0.0,"played":[0.0,1.0],"evs":[0.0,13.21154]}}}