{"player":0,"street":0,"children":2,"sequence":[{"player":0,"type":"R","amount":200000,"street":0},{"player":1,"type":"C","amount":200000,"street":0},{"player":2,"type":"F","amount":0,"street":0},{"player":3,"type":"C","amount":200000,"street":0},{"player":4,"type":"F","amount":0,"street":0},{"player":5,"type":"R","amount":1985000,"street":0},{"player":0,"type":"C","amount":1785000,"street":0},{"player":1,"type":"R","amount":2785000,"street":0},{"player":3,"type":"F","amount":0,"street":0}],"actions":[{"type":"F","amount":0},{"type":"C","amount":800000}],"hands":{"22":{"weight":0.0,"played":[2.0E-4,0.9998],"evs":[0.0,8.80706]},"32o":{"weight":0.0,"played":[9.0E-4,0.9991],"evs":[0.0,3.98173]},"42o":{"weight":0.0,"played":[0.0011,0.9989],"evs":[0.0,7.1493]},"52o":{"weight":0.0,"played":[1.0E-4,0.9999],"evs":[0.0,6.79407]},"62o":{"weight":0.0,"played":[4.0E-4,0.9996],"evs":[0.0,3.00129]},"72o":{"weight":0.0,"played":[0.0062,0.9938],"evs":[0.0,6.87997]},"82o":{"weight":0.0,"played":[0.0017,0.9983],"evs":[0.0,3.70215]},"92o":{"weight":0.0,"played":[0.0,1.0],"evs":[0.0,5.49408]},"T2o":{"weight":0.0,"played":[6.0E-4,0.9994],"evs":[0.0,5.68051]},"J2o":{"weight":0.0,"played":[0.0027,0.9973],"evs":[0.0,6.6899]},"Q2o":{"weight":0.0,"played":[0.0016,0.9984],"evs":[0.0,5.40255]},"K2o":{"weight":0.0,"played":[0.0242,0.9758],"evs":[0.0,7.48752]},"A2o":{"weight":0.0,"played":[0.0021,0.9979],"evs":[0.0,6.97474]},"32s":{"weight":0.0,"played":[3.0E-4,0.9997],"evs":[0.0,6.27673]},"33":{"weight":0.1129,"played":[1.0E-4,0.9999],"evs":[0.0,9.72922]},"43o":{"weight":0.0,"played":[0.0044,0.9956],"evs":[0.0,8.36325]},"53o":{"weight":0.0,"played":[7.0E-4,0.9993],"evs":[0.0,7.04263]},"63o":{"weight":0.0,"played":[2.0E-4,0.9998],"evs":[0.0,3.41961]},"73o":{"weight":0.0,"played":[4.0E-4,0.9996],"evs":[0.0,6.10809]},"83o":{"weight":0.0,"played":[0.0416,0.9584],"evs":[0.0,3.82751]},"93o":{"weight":0.0,"played":[0.0068,0.9932],"evs":[0.0,6.24657]},"T3o":{"weight":0.0,"played":[0.0092,0.9908],"evs":[0.0,5.0168]},"J3o":{"weight":0.0,"played":[0.0015,0.9985],"evs":[0.0,6.04832]},"Q3o":{"weight":0.0,"played":[1.0E-4,0.9999],"evs":[0.0,9.29787]},"K3o":{"weight":0.0,"played":[4.0E-4,0.9996],"evs":[0.0,7.86693]},"A3o":{"weight":0.0,"played":[0.0,1.0],"evs":[0.0,10.11714]},"42s":{"weight":0.0,"played":[0.016,0.984],"evs":[0.0,7.98964]},"43s":{"weight":0.0,"played":[0.0039,0.9961],"evs":[0.0,11.23402]},"44":{"weight":0.0,"played":[0.001,0.999],"evs":[0.0,11.75463]},"54o":{"weight":0.0,"played":[0.009,0.991],"evs":[0.0,6.28981]},"64o":{"weight":0.0,"played":[0.0021,0.9979],"evs":[0.0,6.75012]},"74o":{"weight":0.0,"played":[1.0E-4,0.9999],"evs":[0.0,6.45286]},"84o":{"weight":0.0,"played":[0.0284,0.9716],"evs":[0.0,5.67521]},"94o":{"weight":0.0,"played":[4.0E-4,0.9996],"evs":[0.0,5.89982]},"T4o":{"weight":0.0,"played":[0.018,0.982],"evs":[0.0,6.9872]},"J4o":{"weight":0.0,"played":[0.0317,0.9683],"evs":[0.0,8.55613]},"Q4o":{"weight":0.0,"played":[0.0083,0.9917],"evs":[0.0,6.73578]},"K4o":{"weight":0.0,"played":[0.0167,0.9833],"evs":[0.0,5.29915]},"A4o":{"weight":0.0,"played":[0.0011,0.9989],"evs":[0.0,9.21559]},"52s":{"weight":0.0,"played":[0.0011,0.9989],"evs":[0.0,11.36916]},"53s":{"weight":0.0,"played":[0.0016,0.9984],"evs":[0.0,10.98787]},"54s":{"weight":0.0,"played":[0.0,1.0],"evs":[0.0,15.63737]},"55":{"weight":0.4626,"played":[8.0E-4,0.9992],"evs":[0.0,11.24187]},"65o":{"weight":0.0,"played":[2.0E-4,0.9998],"evs":[0.0,7.28343]},"75o":{"weight":0.0,"played":[7.0E-4,0.9993],"evs":[0.0,7.94905]},"85o":{"weight":0.0,"played":[0.0012,0.9988],"evs":[0.0,7.77968]},"95o":{"weight":0.0,"played":[5.0E-4,0.9995],"evs":[0.0,9.38026]},"T5o":{"weight":0.0,"played":[0.0039,0.9961],"evs":[0.0,6.36053]},"J5o":{"weight":0.0,"played":[0.0217,0.9783],"evs":[0.0,5.12834]},"Q5o":{"weight":0.0,"played":[0.0012,0.9988],"evs":[0.0,6.44131]},"K5o":{"weight":0.0,"played":[1.0E-4,0.9999],"evs":[0.0,5.99949]},"A5o":{"weight":2.0E-4,"played":[3.0E-4,0.9997],"evs":[0.0,7.81052]},"62s":{"weight":0.0,"played":[0.0505,0.9495],"evs":[0.0,0.91731]},"63s":{"weight":0.0,"played":[0.0308,0.9692],"evs":[0.0,3.17708]},"64s":{"weight":0.0,"played":[0.0167,0.9833],"evs":[0.0,9.98206]},"65s":{"weight":0.0205,"played":[3.0E-4,0.9997],"evs":[0.0,7.07635]},"66":{"weight":0.8627,"played":[0.0,1.0],"evs":[0.0,10.91691]},"76o":{"weight":0.0,"played":[2.0E-4,0.9998],"evs":[0.0,8.09608]},"86o":{"weight":0.0,"played":[0.0098,0.9902],"evs":[0.0,8.52911]},"96o":{"weight":0.0,"played":[4.0E-4,0.9996],"evs":[0.0,6.25889]},"T6o":{"weight":0.0,"played":[0.0054,0.9946],"evs":[0.0,5.35718]},"J6o":{"weight":0.0,"played":[0.0,1.0],"evs":[0.0,7.52559]},"Q6o":{"weight":0.0,"played":[4.0E-4,0.9996],"evs":[0.0,5.82948]},"K6o":{"weight":0.0,"played":[0.0072,0.9928],"evs":[0.0,6.80503]},"A6o":{"weight":0.0,"played":[0.0046,0.9954],"evs":[0.0,8.51674]},"72s":{"weight":0.0,"played":[0.1468,0.8532],"evs":[0.0,7.09923]},"73s":{"weight":0.0,"played":[0.0092,0.9908],"evs":[0.0,5.20177]},"74s":{"weight":0.0,"played":[0.0191,0.9809],"evs":[0.0,12.34427]},"75s":{"weight":0.0,"played":[2.0E-4,0.9998],"evs":[0.0,9.29223]},"76s":{"weight":0.1277,"played":[1.0E-4,0.9999],"evs":[0.0,11.53474]},"77":{"weight":0.9378,"played":[0.0,1.0],"evs":[0.0,7.91293]},"87o":{"weight":0.0,"played":[5.0E-4,0.9995],"evs":[0.0,9.44233]},"97o":{"weight":0.0,"played":[0.0011,0.9989],"evs":[0.0,8.33952]},"T7o":{"weight":0.0,"played":[0.0133,0.9867],"evs":[0.0,6.36544]},"J7o":{"weight":0.0,"played":[3.0E-4,0.9997],"evs":[0.0,6.33339]},"Q7o":{"weight":0.0,"played":[7.0E-4,0.9993],"evs":[0.0,4.43719]},"K7o":{"weight":0.0,"played":[1.0E-4,0.9999],"evs":[0.0,5.7602]},"A7o":{"weight":3.0E-4,"played":[0.0,1.0],"evs":[0.0,8.19356]},"82s":{"weight":0.0,"played":[0.1199,0.8801],"evs":[0.0,0.82345]},"83s":{"weight":0.0,"played":[0.0158,0.9842],"evs":[0.0,8.77576]},"84s":{"weight":0.0,"played":[0.0019,0.9981],"evs":[0.0,6.24013]},"85s":{"weight":0.0,"played":[0.0021,0.9979],"evs":[0.0,12.56882]},"86s":{"weight":0.0132,"played":[1.0E-4,0.9999],"evs":[0.0,9.77782]},"87s":{"weight":0.1104,"played":[0.0015,0.9985],"evs":[0.0,10.74465]},"88":{"weight":0.4595,"played":[1.0E-4,0.9999],"evs":[0.0,14.58742]},"98o":{"weight":0.0,"played":[0.0014,0.9986],"evs":[0.0,7.22371]},"T8o":{"weight":0.0,"played":[9.0E-4,0.9991],"evs":[0.0,8.59831]},"J8o":{"weight":0.0,"played":[0.0014,0.9986],"evs":[0.0,10.57569]},"Q8o":{"weight":0.0,"played":[4.0E-4,0.9996],"evs":[0.0,7.8161]},"K8o":{"weight":0.0,"played":[0.0011,0.9989],"evs":[0.0,7.48883]},"A8o":{"weight":0.0,"played":[0.0,1.0],"evs":[0.0,7.85014]},"92s":{"weight":0.0,"played":[0.0482,0.9518],"evs":[0.0,10.40345]},"93s":{"weight":0.0,"played":[0.0046,0.9954],"evs":[0.0,6.08384]},"94s":{"weight":0.0,"played":[0.0113,0.9887],"evs":[0.0,9.81955]},"95s":{"weight":0.0,"played":[0.0012,0.9988],"evs":[0.0,12.20672]},"96s":{"weight":0.0,"played":[0.0133,0.9867],"evs":[0.0,13.21484]},"97s":{"weight":2.0E-4,"played":[0.0056,0.9944],"evs":[0.0,10.29244]},"98s":{"weight":0.0209,"played":[9.0E-4,0.9991],"evs":[0.0,11.21606]},"99":{"weight":0.5369,"played":[1.0E-4,0.9999],"evs":[0.0,18.01543]},"T9o":{"weight":0.0,"played":[0.0022,0.9978],"evs":[0.0,8.7579]},"J9o":{"weight":0.0,"played":[3.0E-4,0.9997],"evs":[0.0,8.96812]},"Q9o":{"weight":0.0,"played":[2.0E-4,0.9998],"evs":[0.0,13.07061]},"K9o":{"weight":0.0,"played":[0.003,0.997],"evs":[0.0,9.08662]},"A9o":{"weight":0.001,"played":[1.0E-4,0.9999],"evs":[0.0,8.51859]},"T2s":{"weight":0.0,"played":[0.0196,0.9804],"evs":[0.0,12.1656]},"T3s":{"weight":0.0,"played":[0.0311,0.9689],"evs":[0.0,7.47326]},"T4s":{"weight":0.0,"played":[0.042,0.958],"evs":[0.0,7.96405]},"T5s":{"weight":0.0,"played":[0.0048,0.9952],"evs":[0.0,10.7052]},"T6s":{"weight":0.0,"played":[0.0055,0.9945],"evs":[0.0,8.24628]},"T7s":{"weight":0.0,"played":[9.0E-4,0.9991],"evs":[0.0,11.99282]},"T8s":{"weight":0.0,"played":[7.0E-4,0.9993],"evs":[0.0,6.87931]},"T9s":{"weight":0.0059,"played":[0.0,1.0],"evs":[0.0,11.30088]},"TT":{"weight":0.6164,"played":[1.0E-4,0.9999],"evs":[0.0,19.05691]},"JTo":{"weight":0.0,"played":[0.0,1.0],"evs":[0.0,10.56243]},"QTo":{"weight":1.0E-4,"played":[0.0,1.0],"evs":[0.0,9.21857]},"KTo":{"weight":2.0E-4,"played":[4.0E-4,0.9996],"evs":[0.0,7.42961]},"ATo":{"weight":0.0045,"played":[0.0,1.0],"evs":[0.0,9.80573]},"J2s":{"weight":0.0,"played":[0.0033,0.9967],"evs":[0.0,9.39937]},"J3s":{"weight":0.0,"played":[0.0026,0.9974],"evs":[0.0,9.7917]},"J4s":{"weight":0.0,"played":[0.0479,0.9521],"evs":[0.0,4.65504]},"J5s":{"weight":0.0,"played":[0.0552,0.9448],"evs":[0.0,7.68801]},"J6s":{"weight":0.0,"played":[0.3669,0.6331],"evs":[0.0,1.79601]},"J7s":{"weight":0.0,"played":[0.0046,0.9954],"evs":[0.0,8.38463]},"J8s":{"weight":0.1573,"played":[7.0E-4,0.9993],"evs":[0.0,12.27333]},"J9s":{"weight":0.0016,"played":[0.0,1.0],"evs":[0.0,10.8906]},"JTs":{"weight":0.0061,"played":[0.0013,0.9987],"evs":[0.0,13.34628]},"JJ":{"weight":0.9696,"played":[0.0,1.0],"evs":[0.0,25.39017]},"QJo":{"weight":0.0028,"played":[0.0,1.0],"evs":[0.0,10.09367]},"KJo":{"weight":0.0,"played":[1.0E-4,0.9999],"evs":[0.0,8.58137]},"AJo":{"weight":0.4018,"played":[0.0,1.0],"evs":[0.0,11.58239]},"Q2s":{"weight":0.0,"played":[0.027,0.973],"evs":[0.0,7.28736]},"Q3s":{"weight":0.0,"played":[0.0017,0.9983],"evs":[0.0,7.33221]},"Q4s":{"weight":0.0,"played":[0.1923,0.8077],"evs":[0.0,7.29889]},"Q5s":{"weight":0.0,"played":[0.0129,0.9871],"evs":[0.0,6.02098]},"Q6s":{"weight":0.0,"played":[0.0354,0.9646],"evs":[0.0,9.80701]},"Q7s":{"weight":0.0,"played":[0.0223,0.9777],"evs":[0.0,10.21601]},"Q8s":{"weight":6.0E-4,"played":[9.0E-4,0.9991],"evs":[0.0,10.84997]},"Q9s":{"weight":0.0037,"played":[0.0,1.0],"evs":[0.0,8.91982]},"QTs":{"weight":0.219,"played":[6.0E-4,0.9994],"evs":[0.0,10.98597]},"QJs":{"weight":0.2396,"played":[0.0017,0.9983],"evs":[0.0,11.40706]},"QQ":{"weight":0.0164,"played":[0.0,1.0],"evs":[0.0,26.51069]},"KQo":{"weight":0.0139,"played":[0.0,1.0],"evs":[0.0,7.54777]},"AQo":{"weight":0.3158,"played":[0.0,1.0],"evs":[0.0,14.36216]},"K2s":{"weight":0.0,"played":[0.0137,0.9863],"evs":[0.0,12.01769]},"K3s":{"weight":0.0,"played":[1.0E-4,0.9999],"evs":[0.0,10.3701]},"K4s":{"weight":0.0036,"played":[4.0E-4,0.9996],"evs":[0.0,10.38793]},"K5s":{"weight":0.0,"played":[0.0046,0.9954],"evs":[0.0,9.78524]},"K6s":{"weight":0.0227,"played":[0.001,0.999],"evs":[0.0,9.95178]},"K7s":{"weight":0.0031,"played":[1.0E-4,0.9999],"evs":[0.0,14.59315]},"K8s":{"weight":0.0012,"played":[8.0E-4,0.9992],"evs":[0.0,12.90611]},"K9s":{"weight":0.0038,"played":[0.0037,0.9963],"evs":[0.0,13.4505]},"KTs":{"weight":0.1946,"played":[1.0E-4,0.9999],"evs":[0.0,12.59335]},"KJs":{"weight":0.1805,"played":[0.0011,0.9989],"evs":[0.0,16.32594]},"KQs":{"weight":0.1875,"played":[8.0E-4,0.9992],"evs":[0.0,13.59522]},"KK":{"weight":0.7282,"played":[1.0E-4,0.9999],"evs":[0.0,38.73793]},"AKo":{"weight":0.9916,"played":[0.0,1.0],"evs":[0.0,20.01608]},"A2s":{"weight":0.0124,"played":[4.0E-4,0.9996],"evs":[0.0,10.37103]},"A3s":{"weight":3.0E-4,"played":[0.0,1.0],"evs":[0.0,10.28737]},"A4s":{"weight":0.0339,"played":[1.0E-4,0.9999],"evs":[0.0,10.59402]},"A5s":{"weight":0.0232,"played":[0.0011,0.9989],"evs":[0.0,9.03997]},"A6s":{"weight":1.0E-4,"played":[0.0,1.0],"evs":[0.0,12.61419]},"A7s":{"weight":0.0033,"played":[0.001,0.999],"evs":[0.0,7.46871]},"A8s":{"weight":0.0335,"played":[1.0E-4,0.9999],"evs":[0.0,7.20775]},"A9s":{"weight":0.0385,"played":[0.0027,0.9973],"evs":[0.0,7.95715]},"ATs":{"weight":0.1984,"played":[1.0E-4,0.9999],"evs":[0.0,14.42686]},"AJs":{"weight":0.8097,"played":[9.0E-4,0.9991],"evs":[0.0,17.78326]},"AQs":{"weight":0.0396,"played":[0.0,1.0],"evs":[0.0,11.14816]},"AKs":{"weight":0.3913,"played":[1.0E-4,0.9999],"evs":[0.0,17.85744]},"AA":{"weight":0.7022,"played":[0.0,1.0],"evs":[0.0,46.77964]}}}