{"player":5,"street":0,"children":2,"sequence":[{"player":0,"type":"R","amount":200000,"street":0},{"player":1,"type":"C","amount":200000,"street":0},{"player":2,"type":"F","amount":0,"street":0},{"player":3,"type":"C","amount":200000,"street":0},{"player":4,"type":"R","amount":1085000,"street":0}],"actions":[{"type":"F","amount":0,"node":372},{"type":"R","amount":1985000,"node":384}],"hands":{"22":{"weight":1.0,"played":[0.9927,0.0073],"evs":[0.0,-0.67164]},"32o":{"weight":1.0,"played":[0.9999,1.0E-4],"evs":[0.0,-5.57574]},"42o":{"weight":1.0,"played":[0.9999,1.0E-4],"evs":[0.0,-4.87085]},"52o":{"weight":1.0,"played":[1.0,0.0],"evs":[0.0,-4.41445]},"62o":{"weight":1.0,"played":[1.0,0.0],"evs":[0.0,-4.5411]},"72o":{"weight":1.0,"played":[1.0,0.0],"evs":[0.0,-6.02405]},"82o":{"weight":1.0,"played":[1.0,0.0],"evs":[0.0,-5.09764]},"92o":{"weight":1.0,"played":[1.0,0.0],"evs":[0.0,-5.54359]},"T2o":{"weight":1.0,"played":[1.0,0.0],"evs":[0.0,-6.22308]},"J2o":{"weight":1.0,"played":[0.9999,1.0E-4],"evs":[0.0,-6.44791]},"Q2o":{"weight":1.0,"played":[1.0,0.0],"evs":[0.0,-5.62455]},"K2o":{"weight":1.0,"played":[1.0,0.0],"evs":[0.0,-4.79672]},"A2o":{"weight":1.0,"played":[0.9997,3.0E-4],"evs":[0.0,-4.06969]},"32s":{"weight":1.0,"played":[0.9983,0.0017],"evs":[0.0,-2.35177]},"33":{"weight":1.0,"played":[0.5527,0.4473],"evs":[0.0,0.07577]},"43o":{"weight":1.0,"played":[0.9994,6.0E-4],"evs":[0.0,-3.97968]},"53o":{"weight":1.0,"played":[1.0,0.0],"evs":[0.0,-3.78747]},"63o":{"weight":1.0,"played":[1.0,0.0],"evs":[0.0,-3.43873]},"73o":{"weight":1.0,"played":[1.0,0.0],"evs":[0.0,-5.22644]},"83o":{"weight":1.0,"played":[1.0,0.0],"evs":[0.0,-5.16622]},"93o":{"weight":1.0,"played":[0.9995,5.0E-4],"evs":[0.0,-5.41171]},"T3o":{"weight":1.0,"played":[1.0,0.0],"evs":[0.0,-6.03911]},"J3o":{"weight":1.0,"played":[0.9996,4.0E-4],"evs":[0.0,-5.83814]},"Q3o":{"weight":1.0,"played":[0.9998,2.0E-4],"evs":[0.0,-4.51018]},"K3o":{"weight":1.0,"played":[0.9999,1.0E-4],"evs":[0.0,-4.69421]},"A3o":{"weight":1.0,"played":[0.999,0.001],"evs":[0.0,-3.98807]},"42s":{"weight":1.0,"played":[0.9801,0.0199],"evs":[0.0,-3.12054]},"43s":{"weight":1.0,"played":[0.9463,0.0537],"evs":[0.0,-1.88763]},"44":{"weight":1.0,"played":[0.0426,0.9574],"evs":[0.0,0.45534]},"54o":{"weight":1.0,"played":[0.9934,0.0066],"evs":[0.0,-2.58863]},"64o":{"weight":1.0,"played":[1.0,0.0],"evs":[0.0,-3.73747]},"74o":{"weight":1.0,"played":[1.0,0.0],"evs":[0.0,-3.58361]},"84o":{"weight":1.0,"played":[0.9999,1.0E-4],"evs":[0.0,-3.6755]},"94o":{"weight":1.0,"played":[1.0,0.0],"evs":[0.0,-5.48892]},"T4o":{"weight":1.0,"played":[1.0,0.0],"evs":[0.0,-6.1777]},"J4o":{"weight":1.0,"played":[0.9998,2.0E-4],"evs":[0.0,-4.97177]},"Q4o":{"weight":1.0,"played":[0.9995,5.0E-4],"evs":[0.0,-5.4901]},"K4o":{"weight":1.0,"played":[0.9999,1.0E-4],"evs":[0.0,-3.45859]},"A4o":{"weight":1.0,"played":[0.9984,0.0016],"evs":[0.0,-2.86568]},"52s":{"weight":1.0,"played":[0.9888,0.0112],"evs":[0.0,-2.18788]},"53s":{"weight":1.0,"played":[0.9672,0.0328],"evs":[0.0,-0.96973]},"54s":{"weight":1.0,"played":[0.6421,0.3579],"evs":[0.0,0.06]},"55":{"weight":1.0,"played":[0.0213,0.9787],"evs":[0.0,2.09512]},"65o":{"weight":1.0,"played":[0.9984,0.0016],"evs":[0.0,-2.75535]},"75o":{"weight":1.0,"played":[1.0,0.0],"evs":[0.0,-2.92015]},"85o":{"weight":1.0,"played":[1.0,0.0],"evs":[0.0,-3.88761]},"95o":{"weight":1.0,"played":[0.9999,1.0E-4],"evs":[0.0,-4.55221]},"T5o":{"weight":1.0,"played":[0.9999,1.0E-4],"evs":[0.0,-5.48943]},"J5o":{"weight":1.0,"played":[0.9998,2.0E-4],"evs":[0.0,-4.55495]},"Q5o":{"weight":1.0,"played":[0.9992,8.0E-4],"evs":[0.0,-4.2796]},"K5o":{"weight":1.0,"played":[0.9997,3.0E-4],"evs":[0.0,-4.24217]},"A5o":{"weight":1.0,"played":[0.9865,0.0135],"evs":[0.0,-2.65788]},"62s":{"weight":1.0,"played":[0.9994,6.0E-4],"evs":[0.0,-2.69794]},"63s":{"weight":1.0,"played":[0.9571,0.0429],"evs":[0.0,-1.48429]},"64s":{"weight":1.0,"played":[0.9956,0.0044],"evs":[0.0,-1.57568]},"65s":{"weight":1.0,"played":[0.1038,0.8962],"evs":[0.0,0.26635]},"66":{"weight":1.0,"played":[9.0E-4,0.9991],"evs":[0.0,3.06013]},"76o":{"weight":1.0,"played":[0.9961,0.0039],"evs":[0.0,-2.31947]},"86o":{"weight":1.0,"played":[0.9998,2.0E-4],"evs":[0.0,-2.18149]},"96o":{"weight":1.0,"played":[0.9996,4.0E-4],"evs":[0.0,-3.65547]},"T6o":{"weight":1.0,"played":[0.9999,1.0E-4],"evs":[0.0,-5.14342]},"J6o":{"weight":1.0,"played":[0.9997,3.0E-4],"evs":[0.0,-5.49801]},"Q6o":{"weight":1.0,"played":[0.9999,1.0E-4],"evs":[0.0,-3.07305]},"K6o":{"weight":1.0,"played":[0.9987,0.0013],"evs":[0.0,-2.85218]},"A6o":{"weight":1.0,"played":[0.9814,0.0186],"evs":[0.0,-3.61157]},"72s":{"weight":1.0,"played":[0.999,0.001],"evs":[0.0,-3.50536]},"73s":{"weight":1.0,"played":[0.9929,0.0071],"evs":[0.0,-2.78151]},"74s":{"weight":1.0,"played":[0.996,0.004],"evs":[0.0,-2.33131]},"75s":{"weight":1.0,"played":[0.8347,0.1653],"evs":[0.0,-1.89306]},"76s":{"weight":1.0,"played":[0.0454,0.9546],"evs":[0.0,0.38537]},"77":{"weight":1.0,"played":[0.0,1.0],"evs":[0.0,3.7635]},"87o":{"weight":1.0,"played":[0.9982,0.0018],"evs":[0.0,-2.52309]},"97o":{"weight":1.0,"played":[0.9851,0.0149],"evs":[0.0,-2.46617]},"T7o":{"weight":1.0,"played":[0.9998,2.0E-4],"evs":[0.0,-3.08121]},"J7o":{"weight":1.0,"played":[1.0,0.0],"evs":[0.0,-3.70497]},"Q7o":{"weight":1.0,"played":[0.9997,3.0E-4],"evs":[0.0,-3.57373]},"K7o":{"weight":1.0,"played":[0.9893,0.0107],"evs":[0.0,-3.88129]},"A7o":{"weight":1.0,"played":[0.9947,0.0053],"evs":[0.0,-2.07731]},"82s":{"weight":1.0,"played":[0.999,0.001],"evs":[0.0,-3.22661]},"83s":{"weight":1.0,"played":[0.9957,0.0043],"evs":[0.0,-2.69238]},"84s":{"weight":1.0,"played":[0.9668,0.0332],"evs":[0.0,-1.64277]},"85s":{"weight":1.0,"played":[0.7645,0.2355],"evs":[0.0,-0.10284]},"86s":{"weight":1.0,"played":[0.1684,0.8316],"evs":[0.0,0.27505]},"87s":{"weight":1.0,"played":[0.2872,0.7128],"evs":[0.0,1.88956]},"88":{"weight":1.0,"played":[1.0E-4,0.9999],"evs":[0.0,6.17957]},"98o":{"weight":1.0,"played":[0.998,0.002],"evs":[0.0,-2.12239]},"T8o":{"weight":1.0,"played":[0.9978,0.0022],"evs":[0.0,-3.33467]},"J8o":{"weight":1.0,"played":[0.9993,7.0E-4],"evs":[0.0,-3.7386]},"Q8o":{"weight":1.0,"played":[0.9983,0.0017],"evs":[0.0,-1.89077]},"K8o":{"weight":1.0,"played":[0.9995,5.0E-4],"evs":[0.0,-2.73085]},"A8o":{"weight":1.0,"played":[0.9999,1.0E-4],"evs":[0.0,-1.54999]},"92s":{"weight":1.0,"played":[0.9792,0.0208],"evs":[0.0,-2.99842]},"93s":{"weight":1.0,"played":[0.998,0.002],"evs":[0.0,-4.19364]},"94s":{"weight":1.0,"played":[0.9864,0.0136],"evs":[0.0,-2.94875]},"95s":{"weight":1.0,"played":[0.9969,0.0031],"evs":[0.0,-3.26683]},"96s":{"weight":1.0,"played":[0.989,0.011],"evs":[0.0,-2.14919]},"97s":{"weight":1.0,"played":[0.7163,0.2837],"evs":[0.0,-0.36343]},"98s":{"weight":1.0,"played":[0.2148,0.7852],"evs":[0.0,-0.00623]},"99":{"weight":1.0,"played":[0.0,1.0],"evs":[0.0,6.80307]},"T9o":{"weight":1.0,"played":[0.9924,0.0076],"evs":[0.0,-2.10082]},"J9o":{"weight":1.0,"played":[0.999,0.001],"evs":[0.0,-2.57526]},"Q9o":{"weight":1.0,"played":[0.9977,0.0023],"evs":[0.0,-3.26326]},"K9o":{"weight":1.0,"played":[0.9995,5.0E-4],"evs":[0.0,-2.80574]},"A9o":{"weight":1.0,"played":[0.9517,0.0483],"evs":[0.0,-1.06762]},"T2s":{"weight":1.0,"played":[0.9765,0.0235],"evs":[0.0,-4.53029]},"T3s":{"weight":1.0,"played":[0.9983,0.0017],"evs":[0.0,-3.76634]},"T4s":{"weight":1.0,"played":[0.9724,0.0276],"evs":[0.0,-4.57345]},"T5s":{"weight":1.0,"played":[1.0,0.0],"evs":[0.0,-3.81027]},"T6s":{"weight":1.0,"played":[0.8929,0.1071],"evs":[0.0,-2.49234]},"T7s":{"weight":1.0,"played":[0.8913,0.1087],"evs":[0.0,-2.50132]},"T8s":{"weight":1.0,"played":[0.8441,0.1559],"evs":[0.0,-1.25187]},"T9s":{"weight":1.0,"played":[0.7021,0.2979],"evs":[0.0,-0.92138]},"TT":{"weight":1.0,"played":[1.0E-4,0.9999],"evs":[0.0,5.94587]},"JTo":{"weight":1.0,"played":[0.9999,1.0E-4],"evs":[0.0,-2.34658]},"QTo":{"weight":1.0,"played":[0.999,0.001],"evs":[0.0,-1.1912]},"KTo":{"weight":1.0,"played":[0.9999,1.0E-4],"evs":[0.0,-2.61383]},"ATo":{"weight":1.0,"played":[0.344,0.656],"evs":[0.0,-0.30538]},"J2s":{"weight":1.0,"played":[0.9994,6.0E-4],"evs":[0.0,-4.11084]},"J3s":{"weight":1.0,"played":[1.0,0.0],"evs":[0.0,-2.82711]},"J4s":{"weight":1.0,"played":[0.9954,0.0046],"evs":[0.0,-1.68936]},"J5s":{"weight":1.0,"played":[0.9994,6.0E-4],"evs":[0.0,-1.57298]},"J6s":{"weight":1.0,"played":[0.9964,0.0036],"evs":[0.0,-2.94153]},"J7s":{"weight":1.0,"played":[0.9961,0.0039],"evs":[0.0,-2.81641]},"J8s":{"weight":1.0,"played":[0.662,0.338],"evs":[0.0,-0.74409]},"J9s":{"weight":1.0,"played":[0.6484,0.3516],"evs":[0.0,-0.59119]},"JTs":{"weight":1.0,"played":[0.5022,0.4978],"evs":[0.0,-1.28455]},"JJ":{"weight":1.0,"played":[0.0,1.0],"evs":[0.0,9.6373]},"QJo":{"weight":1.0,"played":[0.9998,2.0E-4],"evs":[0.0,-1.80689]},"KJo":{"weight":1.0,"played":[0.8236,0.1764],"evs":[0.0,-0.5948]},"AJo":{"weight":1.0,"played":[0.5477,0.4523],"evs":[0.0,-0.20296]},"Q2s":{"weight":1.0,"played":[1.0,0.0],"evs":[0.0,-2.41844]},"Q3s":{"weight":1.0,"played":[0.9981,0.0019],"evs":[0.0,-2.51413]},"Q4s":{"weight":1.0,"played":[0.9991,9.0E-4],"evs":[0.0,-1.80591]},"Q5s":{"weight":1.0,"played":[0.9984,0.0016],"evs":[0.0,-1.86683]},"Q6s":{"weight":1.0,"played":[0.8733,0.1267],"evs":[0.0,-0.68111]},"Q7s":{"weight":1.0,"played":[0.9936,0.0064],"evs":[0.0,-1.73217]},"Q8s":{"weight":1.0,"played":[0.9973,0.0027],"evs":[0.0,-0.22234]},"Q9s":{"weight":1.0,"played":[0.7282,0.2718],"evs":[0.0,-0.13607]},"QTs":{"weight":1.0,"played":[0.2276,0.7724],"evs":[0.0,1.31366]},"QJs":{"weight":1.0,"played":[0.5918,0.4082],"evs":[0.0,-0.00913]},"QQ":{"weight":1.0,"played":[0.0,1.0],"evs":[0.0,14.57523]},"KQo":{"weight":1.0,"played":[0.0015,0.9985],"evs":[0.0,1.48443]},"AQo":{"weight":1.0,"played":[3.0E-4,0.9997],"evs":[0.0,1.72493]},"K2s":{"weight":1.0,"played":[0.999,0.001],"evs":[0.0,-2.85537]},"K3s":{"weight":1.0,"played":[0.9947,0.0053],"evs":[0.0,-0.61839]},"K4s":{"weight":1.0,"played":[0.9695,0.0305],"evs":[0.0,-1.83989]},"K5s":{"weight":1.0,"played":[0.9824,0.0176],"evs":[0.0,-2.09036]},"K6s":{"weight":1.0,"played":[0.9905,0.0095],"evs":[0.0,-0.22842]},"K7s":{"weight":1.0,"played":[0.9182,0.0818],"evs":[0.0,-0.51544]},"K8s":{"weight":1.0,"played":[0.6951,0.3049],"evs":[0.0,-0.10801]},"K9s":{"weight":1.0,"played":[0.9601,0.0399],"evs":[0.0,-0.72027]},"KTs":{"weight":1.0,"played":[0.4522,0.5478],"evs":[0.0,0.70275]},"KJs":{"weight":1.0,"played":[0.083,0.917],"evs":[0.0,1.49185]},"KQs":{"weight":1.0,"played":[0.0038,0.9962],"evs":[0.0,3.44911]},"KK":{"weight":1.0,"played":[0.0,1.0],"evs":[0.0,20.23006]},"AKo":{"weight":1.0,"played":[2.0E-4,0.9998],"evs":[0.0,5.68574]},"A2s":{"weight":1.0,"played":[0.5892,0.4108],"evs":[0.0,-0.52715]},"A3s":{"weight":1.0,"played":[0.6118,0.3882],"evs":[0.0,-0.98526]},"A4s":{"weight":1.0,"played":[0.2569,0.7431],"evs":[0.0,-0.389]},"A5s":{"weight":1.0,"played":[0.7445,0.2555],"evs":[0.0,-1.05412]},"A6s":{"weight":1.0,"played":[0.3854,0.6146],"evs":[0.0,0.61591]},"A7s":{"weight":1.0,"played":[0.3126,0.6874],"evs":[0.0,0.8266]},"A8s":{"weight":1.0,"played":[0.5806,0.4194],"evs":[0.0,0.46372]},"A9s":{"weight":1.0,"played":[0.4804,0.5196],"evs":[0.0,1.47127]},"ATs":{"weight":1.0,"played":[0.0044,0.9956],"evs":[0.0,2.37368]},"AJs":{"weight":1.0,"played":[1.0E-4,0.9999],"evs":[0.0,4.49974]},"AQs":{"weight":1.0,"played":[0.0012,0.9988],"evs":[0.0,6.57515]},"AKs":{"weight":1.0,"played":[9.0E-4,0.9991],"evs":[0.0,6.91696]},"AA":{"weight":1.0,"played":[0.0,1.0],"evs":[0.0,25.35216]}}}