{"player":2,"street":0,"children":2,"sequence":[{"player":0,"type":"F","amount":0,"street":0},{"player":1,"type":"F","amount":0,"street":0},{"player":2,"type":"R","amount":200000,"street":0},{"player":3,"type":"C","amount":200000,"street":0},{"player":4,"type":"R","amount":1085000,"street":0},{"player":5,"type":"F","amount":0,"street":0}],"actions":[{"type":"F","amount":0,"node":39},{"type":"C","amount":885000,"node":40}],"hands":{"22":{"weight":0.0,"played":[0.0,1.0],"evs":[0.0,2.59102]},"32o":{"weight":0.0,"played":[0.9929,0.0071],"evs":[0.0,-0.63324]},"42o":{"weight":0.0,"played":[0.7016,0.2984],"evs":[0.0,-0.6308]},"52o":{"weight":0.0,"played":[0.3717,0.6283],"evs":[0.0,0.35994]},"62o":{"weight":0.0,"played":[0.8771,0.1229],"evs":[0.0,-0.40629]},"72o":{"weight":0.0,"played":[0.9937,0.0063],"evs":[0.0,-0.74243]},"82o":{"weight":0.0,"played":[0.8853,0.1147],"evs":[0.0,-0.60858]},"92o":{"weight":0.0,"played":[0.9988,0.0012],"evs":[0.0,-0.29927]},"T2o":{"weight":0.0,"played":[0.9804,0.0196],"evs":[0.0,-1.39433]},"J2o":{"weight":0.0,"played":[0.9957,0.0043],"evs":[0.0,-0.52143]},"Q2o":{"weight":0.0,"played":[0.9565,0.0435],"evs":[0.0,-0.25565]},"K2o":{"weight":0.0,"played":[9.0E-4,0.9991],"evs":[0.0,0.96505]},"A2o":{"weight":1.0,"played":[0.0,1.0],"evs":[0.0,2.19168]},"32s":{"weight":0.0,"played":[0.0094,0.9906],"evs":[0.0,1.29096]},"33":{"weight":0.0,"played":[0.0,1.0],"evs":[0.0,2.97835]},"43o":{"weight":0.0,"played":[0.0045,0.9955],"evs":[0.0,0.29818]},"53o":{"weight":0.0,"played":[0.1005,0.8995],"evs":[0.0,0.34904]},"63o":{"weight":0.0,"played":[0.0037,0.9963],"evs":[0.0,0.30583]},"73o":{"weight":0.0,"played":[0.4494,0.5506],"evs":[0.0,0.10585]},"83o":{"weight":0.0,"played":[0.9099,0.0901],"evs":[0.0,-0.10055]},"93o":{"weight":0.0,"played":[0.9864,0.0136],"evs":[0.0,-0.41972]},"T3o":{"weight":0.0,"played":[0.9819,0.0181],"evs":[0.0,-1.10552]},"J3o":{"weight":0.0,"played":[0.9928,0.0072],"evs":[0.0,-0.40112]},"Q3o":{"weight":0.0,"played":[0.9021,0.0979],"evs":[0.0,0.09203]},"K3o":{"weight":0.0,"played":[0.0052,0.9948],"evs":[0.0,1.26362]},"A3o":{"weight":1.0,"played":[0.0,1.0],"evs":[0.0,2.33411]},"42s":{"weight":0.0,"played":[0.0031,0.9969],"evs":[0.0,0.74307]},"43s":{"weight":0.0,"played":[4.0E-4,0.9996],"evs":[0.0,1.18752]},"44":{"weight":0.0,"played":[0.0,1.0],"evs":[0.0,3.82921]},"54o":{"weight":0.0,"played":[2.0E-4,0.9998],"evs":[0.0,1.33107]},"64o":{"weight":0.0,"played":[0.0359,0.9641],"evs":[0.0,0.62787]},"74o":{"weight":0.0,"played":[0.0396,0.9604],"evs":[0.0,0.65172]},"84o":{"weight":0.0,"played":[0.0074,0.9926],"evs":[0.0,0.48514]},"94o":{"weight":0.0,"played":[0.733,0.267],"evs":[0.0,-0.04941]},"T4o":{"weight":0.0,"played":[0.9875,0.0125],"evs":[0.0,-0.94146]},"J4o":{"weight":0.0,"played":[0.6579,0.3421],"evs":[0.0,-0.1675]},"Q4o":{"weight":0.0,"played":[0.6836,0.3164],"evs":[0.0,-0.09439]},"K4o":{"weight":0.0,"played":[1.0E-4,0.9999],"evs":[0.0,1.16778]},"A4o":{"weight":0.9991,"played":[0.0,1.0],"evs":[0.0,2.35706]},"52s":{"weight":0.0,"played":[0.0103,0.9897],"evs":[0.0,1.28079]},"53s":{"weight":0.0,"played":[0.0,1.0],"evs":[0.0,1.84455]},"54s":{"weight":0.0081,"played":[0.0,1.0],"evs":[0.0,2.7241]},"55":{"weight":0.0,"played":[0.0,1.0],"evs":[0.0,4.52494]},"65o":{"weight":0.0,"played":[2.0E-4,0.9998],"evs":[0.0,0.67257]},"75o":{"weight":0.0,"played":[0.0014,0.9986],"evs":[0.0,1.01567]},"85o":{"weight":0.0,"played":[0.0074,0.9926],"evs":[0.0,0.83224]},"95o":{"weight":0.0,"played":[0.005,0.995],"evs":[0.0,0.38341]},"T5o":{"weight":0.0,"played":[0.9932,0.0068],"evs":[0.0,-1.16671]},"J5o":{"weight":0.0,"played":[0.9142,0.0858],"evs":[0.0,0.00998]},"Q5o":{"weight":0.0,"played":[0.1405,0.8595],"evs":[0.0,0.14518]},"K5o":{"weight":0.0,"played":[0.0045,0.9955],"evs":[0.0,1.55315]},"A5o":{"weight":0.0028,"played":[0.0,1.0],"evs":[0.0,3.11881]},"62s":{"weight":0.0,"played":[1.0E-4,0.9999],"evs":[0.0,1.36787]},"63s":{"weight":0.0,"played":[0.0,1.0],"evs":[0.0,1.81449]},"64s":{"weight":0.0,"played":[0.0,1.0],"evs":[0.0,1.88118]},"65s":{"weight":0.9999,"played":[0.0,1.0],"evs":[0.0,2.36716]},"66":{"weight":0.3881,"played":[0.0,1.0],"evs":[0.0,5.55108]},"76o":{"weight":0.0,"played":[1.0E-4,0.9999],"evs":[0.0,2.02053]},"86o":{"weight":0.0,"played":[0.0,1.0],"evs":[0.0,1.61773]},"96o":{"weight":0.0,"played":[0.0,1.0],"evs":[0.0,1.17263]},"T6o":{"weight":0.0,"played":[0.8766,0.1234],"evs":[0.0,-0.1677]},"J6o":{"weight":0.0,"played":[0.0594,0.9406],"evs":[0.0,0.21199]},"Q6o":{"weight":0.0,"played":[0.0,1.0],"evs":[0.0,0.30139]},"K6o":{"weight":0.0,"played":[0.0047,0.9953],"evs":[0.0,1.82223]},"A6o":{"weight":0.303,"played":[0.0,1.0],"evs":[0.0,2.53044]},"72s":{"weight":0.0,"played":[1.0E-4,0.9999],"evs":[0.0,0.85462]},"73s":{"weight":0.0,"played":[0.0021,0.9979],"evs":[0.0,1.23788]},"74s":{"weight":0.0,"played":[6.0E-4,0.9994],"evs":[0.0,2.24822]},"75s":{"weight":2.0E-4,"played":[0.0,1.0],"evs":[0.0,2.46009]},"76s":{"weight":0.9999,"played":[0.0,1.0],"evs":[0.0,2.63177]},"77":{"weight":0.999,"played":[0.0,1.0],"evs":[0.0,6.09049]},"87o":{"weight":0.0,"played":[0.0,1.0],"evs":[0.0,1.70704]},"97o":{"weight":0.0,"played":[2.0E-4,0.9998],"evs":[0.0,1.57106]},"T7o":{"weight":0.0,"played":[0.2885,0.7115],"evs":[0.0,0.19539]},"J7o":{"weight":0.0,"played":[0.0,1.0],"evs":[0.0,0.61513]},"Q7o":{"weight":0.0,"played":[0.0248,0.9752],"evs":[0.0,0.46741]},"K7o":{"weight":0.0,"played":[0.0,1.0],"evs":[0.0,1.98768]},"A7o":{"weight":0.0,"played":[0.0,1.0],"evs":[0.0,3.73998]},"82s":{"weight":0.0,"played":[4.0E-4,0.9996],"evs":[0.0,0.59981]},"83s":{"weight":0.0,"played":[0.1105,0.8895],"evs":[0.0,0.76998]},"84s":{"weight":0.0,"played":[0.0023,0.9977],"evs":[0.0,1.0675]},"85s":{"weight":0.0,"played":[0.0,1.0],"evs":[0.0,2.48949]},"86s":{"weight":0.9997,"played":[0.0,1.0],"evs":[0.0,2.84226]},"87s":{"weight":1.0,"played":[2.0E-4,0.9998],"evs":[0.0,2.66928]},"88":{"weight":1.0,"played":[0.0,1.0],"evs":[0.0,6.62481]},"98o":{"weight":0.0,"played":[0.0,1.0],"evs":[0.0,1.8417]},"T8o":{"weight":0.0,"played":[0.0,1.0],"evs":[0.0,1.06564]},"J8o":{"weight":0.0,"played":[0.0,1.0],"evs":[0.0,1.00608]},"Q8o":{"weight":0.0,"played":[2.0E-4,0.9998],"evs":[0.0,1.17093]},"K8o":{"weight":0.0,"played":[8.0E-4,0.9992],"evs":[0.0,1.74896]},"A8o":{"weight":0.0,"played":[0.0,1.0],"evs":[0.0,3.89041]},"92s":{"weight":0.0,"played":[0.1395,0.8605],"evs":[0.0,0.51678]},"93s":{"weight":0.0,"played":[0.0,1.0],"evs":[0.0,1.04421]},"94s":{"weight":0.0,"played":[6.0E-4,0.9994],"evs":[0.0,0.99382]},"95s":{"weight":0.0,"played":[3.0E-4,0.9997],"evs":[0.0,1.82439]},"96s":{"weight":0.0074,"played":[0.0,1.0],"evs":[0.0,1.8014]},"97s":{"weight":0.9999,"played":[1.0E-4,0.9999],"evs":[0.0,2.57773]},"98s":{"weight":1.0,"played":[1.0E-4,0.9999],"evs":[0.0,2.4786]},"99":{"weight":1.0,"played":[0.0,1.0],"evs":[0.0,7.44775]},"T9o":{"weight":0.9999,"played":[0.0,1.0],"evs":[0.0,1.36978]},"J9o":{"weight":0.8198,"played":[0.0,1.0],"evs":[0.0,1.6652]},"Q9o":{"weight":0.0149,"played":[0.0,1.0],"evs":[0.0,1.46839]},"K9o":{"weight":1.0,"played":[0.0,1.0],"evs":[0.0,2.42441]},"A9o":{"weight":0.0,"played":[0.0,1.0],"evs":[0.0,4.88577]},"T2s":{"weight":0.0,"played":[0.0014,0.9986],"evs":[0.0,0.29204]},"T3s":{"weight":0.0,"played":[0.0013,0.9987],"evs":[0.0,0.91027]},"T4s":{"weight":0.0,"played":[0.008,0.992],"evs":[0.0,0.90299]},"T5s":{"weight":0.0,"played":[0.0025,0.9975],"evs":[0.0,0.2215]},"T6s":{"weight":0.0,"played":[0.0066,0.9934],"evs":[0.0,1.0039]},"T7s":{"weight":0.9999,"played":[0.0,1.0],"evs":[0.0,2.1894]},"T8s":{"weight":0.9999,"played":[0.0,1.0],"evs":[0.0,2.53475]},"T9s":{"weight":0.4933,"played":[0.0,1.0],"evs":[0.0,2.96488]},"TT":{"weight":1.0,"played":[0.0,1.0],"evs":[0.0,8.7765]},"JTo":{"weight":1.0,"played":[0.0,1.0],"evs":[0.0,1.65398]},"QTo":{"weight":0.729,"played":[0.0,1.0],"evs":[0.0,2.09508]},"KTo":{"weight":0.0947,"played":[0.0,1.0],"evs":[0.0,3.51597]},"ATo":{"weight":1.0E-4,"played":[0.0,1.0],"evs":[0.0,6.94377]},"J2s":{"weight":0.0,"played":[0.0014,0.9986],"evs":[0.0,0.86305]},"J3s":{"weight":0.0,"played":[3.0E-4,0.9997],"evs":[0.0,1.27195]},"J4s":{"weight":0.0,"played":[0.0063,0.9937],"evs":[0.0,1.20495]},"J5s":{"weight":0.0,"played":[0.002,0.998],"evs":[0.0,0.69687]},"J6s":{"weight":0.0,"played":[1.0E-4,0.9999],"evs":[0.0,1.10482]},"J7s":{"weight":0.9997,"played":[1.0E-4,0.9999],"evs":[0.0,1.91526]},"J8s":{"weight":1.0,"played":[0.0,1.0],"evs":[0.0,2.49271]},"J9s":{"weight":0.9983,"played":[0.0,1.0],"evs":[0.0,3.16729]},"JTs":{"weight":0.0012,"played":[0.0,1.0],"evs":[0.0,2.66472]},"JJ":{"weight":1.0,"played":[0.0,1.0],"evs":[0.0,10.49657]},"QJo":{"weight":0.526,"played":[0.0,1.0],"evs":[0.0,2.84469]},"KJo":{"weight":0.9012,"played":[0.0,1.0],"evs":[0.0,4.14242]},"AJo":{"weight":0.2184,"played":[0.0,1.0],"evs":[0.0,7.15513]},"Q2s":{"weight":0.0,"played":[0.0,1.0],"evs":[0.0,1.30698]},"Q3s":{"weight":0.0,"played":[0.0049,0.9951],"evs":[0.0,1.68416]},"Q4s":{"weight":0.0,"played":[0.0015,0.9985],"evs":[0.0,1.45613]},"Q5s":{"weight":0.7545,"played":[0.0,1.0],"evs":[0.0,1.61005]},"Q6s":{"weight":0.9968,"played":[0.0,1.0],"evs":[0.0,1.82334]},"Q7s":{"weight":0.9999,"played":[0.0,1.0],"evs":[0.0,1.8921]},"Q8s":{"weight":1.0,"played":[0.0,1.0],"evs":[0.0,2.02828]},"Q9s":{"weight":0.9909,"played":[0.0,1.0],"evs":[0.0,2.96836]},"QTs":{"weight":5.0E-4,"played":[0.0,1.0],"evs":[0.0,2.92825]},"QJs":{"weight":0.592,"played":[0.0,1.0],"evs":[0.0,4.77773]},"QQ":{"weight":1.0,"played":[0.0,1.0],"evs":[0.0,13.31636]},"KQo":{"weight":3.0E-4,"played":[0.0,1.0],"evs":[0.0,4.84742]},"AQo":{"weight":1.0,"played":[0.0,1.0],"evs":[0.0,8.16267]},"K2s":{"weight":0.0,"played":[1.0E-4,0.9999],"evs":[0.0,2.59663]},"K3s":{"weight":0.3436,"played":[0.0,1.0],"evs":[0.0,2.38753]},"K4s":{"weight":0.9999,"played":[0.0,1.0],"evs":[0.0,2.57496]},"K5s":{"weight":0.9998,"played":[0.0,1.0],"evs":[0.0,2.58374]},"K6s":{"weight":0.998,"played":[0.0,1.0],"evs":[0.0,3.15002]},"K7s":{"weight":0.4545,"played":[0.0,1.0],"evs":[0.0,3.37235]},"K8s":{"weight":0.9824,"played":[0.0,1.0],"evs":[0.0,3.23827]},"K9s":{"weight":0.1911,"played":[1.0E-4,0.9999],"evs":[0.0,4.45242]},"KTs":{"weight":0.6502,"played":[0.0,1.0],"evs":[0.0,5.03895]},"KJs":{"weight":1.0,"played":[0.0,1.0],"evs":[0.0,5.51581]},"KQs":{"weight":1.0,"played":[0.0,1.0],"evs":[0.0,5.51062]},"KK":{"weight":1.0,"played":[0.0,1.0],"evs":[0.0,14.5133]},"AKo":{"weight":1.0,"played":[0.0,1.0],"evs":[0.0,9.34257]},"A2s":{"weight":0.0,"played":[0.0,1.0],"evs":[0.0,3.3404]},"A3s":{"weight":0.0,"played":[0.0,1.0],"evs":[0.0,3.1281]},"A4s":{"weight":0.0,"played":[0.0,1.0],"evs":[0.0,3.90574]},"A5s":{"weight":1.0E-4,"played":[0.0,1.0],"evs":[0.0,4.39877]},"A6s":{"weight":0.0,"played":[0.0,1.0],"evs":[0.0,4.04217]},"A7s":{"weight":0.1076,"played":[0.0,1.0],"evs":[0.0,4.88268]},"A8s":{"weight":0.9996,"played":[0.0,1.0],"evs":[0.0,5.83589]},"A9s":{"weight":0.9998,"played":[0.0,1.0],"evs":[0.0,5.49879]},"ATs":{"weight":1.0,"played":[0.0,1.0],"evs":[0.0,7.72681]},"AJs":{"weight":1.0,"played":[0.0,1.0],"evs":[0.0,8.38839]},"AQs":{"weight":1.0,"played":[0.0,1.0],"evs":[0.0,9.50407]},"AKs":{"weight":1.0,"played":[0.0,1.0],"evs":[0.0,10.53267]},"AA":{"weight":1.0,"played":[0.0,1.0],"evs":[0.0,19.02611]}}}