{"player":0,"street":0,"children":2,"sequence":[{"player":0,"type":"R","amount":200000,"street":0},{"player":1,"type":"C","amount":200000,"street":0},{"player":2,"type":"F","amount":0,"street":0},{"player":3,"type":"C","amount":200000,"street":0},{"player":4,"type":"R","amount":1085000,"street":0},{"player":5,"type":"F","amount":0,"street":0},{"player":0,"type":"C","amount":885000,"street":0},{"player":1,"type":"R","amount":2785000,"street":0},{"player":3,"type":"C","amount":785000,"street":0}],"actions":[{"type":"F","amount":0},{"type":"C","amount":1700000}],"hands":{"22":{"weight":0.8591,"played":[1.0E-4,0.9999],"evs":[0.0,6.9353]},"32o":{"weight":0.0,"played":[0.4758,0.5242],"evs":[0.0,0.48757]},"42o":{"weight":0.0,"played":[0.0618,0.9382],"evs":[0.0,1.56104]},"52o":{"weight":0.0,"played":[1.0E-4,0.9999],"evs":[0.0,1.01993]},"62o":{"weight":0.0,"played":[0.0015,0.9985],"evs":[0.0,2.31701]},"72o":{"weight":0.0,"played":[0.1248,0.8752],"evs":[0.0,0.36888]},"82o":{"weight":0.0,"played":[0.0109,0.9891],"evs":[0.0,0.37982]},"92o":{"weight":0.0,"played":[0.1166,0.8834],"evs":[0.0,0.4829]},"T2o":{"weight":0.0,"played":[0.5778,0.4222],"evs":[0.0,-0.40259]},"J2o":{"weight":0.0,"played":[2.0E-4,0.9998],"evs":[0.0,2.54994]},"Q2o":{"weight":0.0,"played":[0.1267,0.8733],"evs":[0.0,0.53153]},"K2o":{"weight":0.0,"played":[0.0073,0.9927],"evs":[0.0,1.44355]},"A2o":{"weight":0.0,"played":[0.0019,0.9981],"evs":[0.0,3.33573]},"32s":{"weight":0.0,"played":[0.0732,0.9268],"evs":[0.0,2.83742]},"33":{"weight":0.9957,"played":[0.0,1.0],"evs":[0.0,8.06013]},"43o":{"weight":0.0,"played":[0.0357,0.9643],"evs":[0.0,2.97788]},"53o":{"weight":0.0,"played":[0.0029,0.9971],"evs":[0.0,2.44475]},"63o":{"weight":0.0,"played":[0.0172,0.9828],"evs":[0.0,1.78142]},"73o":{"weight":0.0,"played":[0.0099,0.9901],"evs":[0.0,0.79153]},"83o":{"weight":0.0,"played":[0.002,0.998],"evs":[0.0,2.40544]},"93o":{"weight":0.0,"played":[0.1581,0.8419],"evs":[0.0,1.06747]},"T3o":{"weight":0.0,"played":[0.1623,0.8377],"evs":[0.0,-0.08707]},"J3o":{"weight":0.0,"played":[0.0693,0.9307],"evs":[0.0,1.112]},"Q3o":{"weight":0.0,"played":[0.0081,0.9919],"evs":[0.0,0.60275]},"K3o":{"weight":0.0,"played":[0.0077,0.9923],"evs":[0.0,2.82457]},"A3o":{"weight":0.0,"played":[0.0075,0.9925],"evs":[0.0,3.97457]},"42s":{"weight":0.0,"played":[4.0E-4,0.9996],"evs":[0.0,3.34119]},"43s":{"weight":0.0,"played":[8.0E-4,0.9992],"evs":[0.0,3.35381]},"44":{"weight":0.2779,"played":[0.0,1.0],"evs":[0.0,8.25633]},"54o":{"weight":0.0,"played":[9.0E-4,0.9991],"evs":[0.0,4.59133]},"64o":{"weight":0.0,"played":[5.0E-4,0.9995],"evs":[0.0,3.99284]},"74o":{"weight":0.0,"played":[1.0E-4,0.9999],"evs":[0.0,3.05301]},"84o":{"weight":0.0,"played":[0.0456,0.9544],"evs":[0.0,2.02128]},"94o":{"weight":0.0,"played":[0.0879,0.9121],"evs":[0.0,3.18585]},"T4o":{"weight":0.0,"played":[0.6406,0.3594],"evs":[0.0,-0.53205]},"J4o":{"weight":0.0,"played":[0.0252,0.9748],"evs":[0.0,1.39794]},"Q4o":{"weight":0.0,"played":[0.0354,0.9646],"evs":[0.0,1.27956]},"K4o":{"weight":0.0,"played":[2.0E-4,0.9998],"evs":[0.0,0.75462]},"A4o":{"weight":0.0,"played":[1.0E-4,0.9999],"evs":[0.0,4.72921]},"52s":{"weight":0.0,"played":[5.0E-4,0.9995],"evs":[0.0,4.59327]},"53s":{"weight":0.0,"played":[0.0073,0.9927],"evs":[0.0,3.78923]},"54s":{"weight":0.0,"played":[0.0,1.0],"evs":[0.0,3.50087]},"55":{"weight":0.7081,"played":[0.0,1.0],"evs":[0.0,11.23581]},"65o":{"weight":0.0,"played":[1.0E-4,0.9999],"evs":[0.0,6.4866]},"75o":{"weight":0.0,"played":[1.0E-4,0.9999],"evs":[0.0,3.51557]},"85o":{"weight":0.0,"played":[2.0E-4,0.9998],"evs":[0.0,4.26548]},"95o":{"weight":0.0,"played":[0.0031,0.9969],"evs":[0.0,1.56073]},"T5o":{"weight":0.0,"played":[0.3775,0.6225],"evs":[0.0,0.6692]},"J5o":{"weight":0.0,"played":[0.0057,0.9943],"evs":[0.0,2.85533]},"Q5o":{"weight":0.0,"played":[0.0015,0.9985],"evs":[0.0,1.79117]},"K5o":{"weight":0.0,"played":[0.0037,0.9963],"evs":[0.0,3.21365]},"A5o":{"weight":0.0203,"played":[5.0E-4,0.9995],"evs":[0.0,4.76864]},"62s":{"weight":0.0,"played":[0.003,0.997],"evs":[0.0,3.00276]},"63s":{"weight":0.0,"played":[2.0E-4,0.9998],"evs":[0.0,2.83756]},"64s":{"weight":0.0,"played":[0.002,0.998],"evs":[0.0,5.34176]},"65s":{"weight":0.595,"played":[6.0E-4,0.9994],"evs":[0.0,8.23417]},"66":{"weight":0.7098,"played":[0.0,1.0],"evs":[0.0,14.12949]},"76o":{"weight":0.0,"played":[0.0015,0.9985],"evs":[0.0,5.75812]},"86o":{"weight":0.0,"played":[8.0E-4,0.9992],"evs":[0.0,3.66203]},"96o":{"weight":0.0,"played":[0.0056,0.9944],"evs":[0.0,3.76185]},"T6o":{"weight":0.0,"played":[0.0035,0.9965],"evs":[0.0,1.39308]},"J6o":{"weight":0.0,"played":[0.017,0.983],"evs":[0.0,1.98133]},"Q6o":{"weight":0.0,"played":[9.0E-4,0.9991],"evs":[0.0,3.71673]},"K6o":{"weight":0.0,"played":[0.0,1.0],"evs":[0.0,3.77472]},"A6o":{"weight":0.0,"played":[0.0018,0.9982],"evs":[0.0,4.56812]},"72s":{"weight":0.0,"played":[0.0097,0.9903],"evs":[0.0,2.45456]},"73s":{"weight":0.0,"played":[0.1161,0.8839],"evs":[0.0,2.89012]},"74s":{"weight":0.0,"played":[0.0087,0.9913],"evs":[0.0,6.38546]},"75s":{"weight":0.0,"played":[5.0E-4,0.9995],"evs":[0.0,6.8721]},"76s":{"weight":0.368,"played":[8.0E-4,0.9992],"evs":[0.0,7.28079]},"77":{"weight":0.7071,"played":[0.0,1.0],"evs":[0.0,14.27888]},"87o":{"weight":0.0,"played":[0.0028,0.9972],"evs":[0.0,6.32894]},"97o":{"weight":0.0,"played":[7.0E-4,0.9993],"evs":[0.0,4.54902]},"T7o":{"weight":0.0,"played":[7.0E-4,0.9993],"evs":[0.0,2.55417]},"J7o":{"weight":0.0,"played":[7.0E-4,0.9993],"evs":[0.0,2.48055]},"Q7o":{"weight":0.0,"played":[7.0E-4,0.9993],"evs":[0.0,2.06677]},"K7o":{"weight":0.0,"played":[1.0E-4,0.9999],"evs":[0.0,2.18319]},"A7o":{"weight":0.0228,"played":[0.0,1.0],"evs":[0.0,5.96474]},"82s":{"weight":0.0,"played":[3.0E-4,0.9997],"evs":[0.0,4.04271]},"83s":{"weight":0.0,"played":[2.0E-4,0.9998],"evs":[0.0,4.03934]},"84s":{"weight":0.0,"played":[2.0E-4,0.9998],"evs":[0.0,6.17636]},"85s":{"weight":0.0,"played":[0.0057,0.9943],"evs":[0.0,5.5974]},"86s":{"weight":0.025,"played":[0.0,1.0],"evs":[0.0,6.98569]},"87s":{"weight":0.4754,"played":[0.0,1.0],"evs":[0.0,7.78399]},"88":{"weight":0.6276,"played":[0.0,1.0],"evs":[0.0,17.27807]},"98o":{"weight":0.0,"played":[0.0,1.0],"evs":[0.0,5.72358]},"T8o":{"weight":0.0,"played":[1.0E-4,0.9999],"evs":[0.0,4.26623]},"J8o":{"weight":0.0,"played":[0.0,1.0],"evs":[0.0,5.57108]},"Q8o":{"weight":0.0,"played":[0.0138,0.9862],"evs":[0.0,4.44907]},"K8o":{"weight":0.0,"played":[0.0032,0.9968],"evs":[0.0,4.38451]},"A8o":{"weight":0.2253,"played":[0.0,1.0],"evs":[0.0,6.10917]},"92s":{"weight":0.0,"played":[0.0011,0.9989],"evs":[0.0,2.21148]},"93s":{"weight":0.0,"played":[0.0011,0.9989],"evs":[0.0,3.02959]},"94s":{"weight":0.0,"played":[0.0098,0.9902],"evs":[0.0,5.07071]},"95s":{"weight":0.0,"played":[0.0,1.0],"evs":[0.0,3.74938]},"96s":{"weight":0.0,"played":[0.0,1.0],"evs":[0.0,5.96276]},"97s":{"weight":0.1294,"played":[1.0E-4,0.9999],"evs":[0.0,6.46988]},"98s":{"weight":0.8579,"played":[0.0,1.0],"evs":[0.0,7.63145]},"99":{"weight":0.849,"played":[0.0,1.0],"evs":[0.0,17.393]},"T9o":{"weight":0.0,"played":[1.0E-4,0.9999],"evs":[0.0,5.4465]},"J9o":{"weight":0.0,"played":[3.0E-4,0.9997],"evs":[0.0,4.26336]},"Q9o":{"weight":0.0,"played":[0.0013,0.9987],"evs":[0.0,4.23996]},"K9o":{"weight":0.0,"played":[0.0014,0.9986],"evs":[0.0,5.52939]},"A9o":{"weight":0.3917,"played":[0.0,1.0],"evs":[0.0,6.7945]},"T2s":{"weight":0.0,"played":[0.0032,0.9968],"evs":[0.0,1.86691]},"T3s":{"weight":0.0,"played":[7.0E-4,0.9993],"evs":[0.0,3.87428]},"T4s":{"weight":0.0,"played":[0.0102,0.9898],"evs":[0.0,6.15199]},"T5s":{"weight":0.0,"played":[0.0012,0.9988],"evs":[0.0,5.41662]},"T6s":{"weight":0.0,"played":[0.0015,0.9985],"evs":[0.0,4.29402]},"T7s":{"weight":0.1239,"played":[2.0E-4,0.9998],"evs":[0.0,6.7395]},"T8s":{"weight":0.091,"played":[0.0012,0.9988],"evs":[0.0,8.75005]},"T9s":{"weight":0.0549,"played":[2.0E-4,0.9998],"evs":[0.0,10.04675]},"TT":{"weight":0.3762,"played":[0.0,1.0],"evs":[0.0,19.57248]},"JTo":{"weight":0.0,"played":[2.0E-4,0.9998],"evs":[0.0,3.90644]},"QTo":{"weight":1.0E-4,"played":[5.0E-4,0.9995],"evs":[0.0,5.43447]},"KTo":{"weight":0.0018,"played":[3.0E-4,0.9997],"evs":[0.0,7.07693]},"ATo":{"weight":0.9035,"played":[0.0,1.0],"evs":[0.0,9.05749]},"J2s":{"weight":0.0,"played":[0.0,1.0],"evs":[0.0,3.52749]},"J3s":{"weight":0.0,"played":[0.002,0.998],"evs":[0.0,5.34792]},"J4s":{"weight":0.0,"played":[0.0084,0.9916],"evs":[0.0,4.14427]},"J5s":{"weight":0.0,"played":[0.027,0.973],"evs":[0.0,2.51419]},"J6s":{"weight":0.0,"played":[0.0042,0.9958],"evs":[0.0,6.09369]},"J7s":{"weight":0.0,"played":[0.0012,0.9988],"evs":[0.0,4.08732]},"J8s":{"weight":0.3771,"played":[0.0,1.0],"evs":[0.0,6.16219]},"J9s":{"weight":0.2552,"played":[1.0E-4,0.9999],"evs":[0.0,6.5151]},"JTs":{"weight":0.5935,"played":[0.0,1.0],"evs":[0.0,8.10171]},"JJ":{"weight":0.2982,"played":[0.0,1.0],"evs":[0.0,22.13155]},"QJo":{"weight":0.0086,"played":[3.0E-4,0.9997],"evs":[0.0,5.84034]},"KJo":{"weight":0.5664,"played":[2.0E-4,0.9998],"evs":[0.0,6.71572]},"AJo":{"weight":0.3252,"played":[0.0,1.0],"evs":[0.0,11.64577]},"Q2s":{"weight":0.0,"played":[0.0022,0.9978],"evs":[0.0,4.0641]},"Q3s":{"weight":0.0,"played":[0.0068,0.9932],"evs":[0.0,1.66341]},"Q4s":{"weight":0.0,"played":[1.0E-4,0.9999],"evs":[0.0,5.1161]},"Q5s":{"weight":0.0,"played":[0.0,1.0],"evs":[0.0,4.73204]},"Q6s":{"weight":0.0,"played":[3.0E-4,0.9997],"evs":[0.0,5.79682]},"Q7s":{"weight":0.0079,"played":[1.0E-4,0.9999],"evs":[0.0,6.29997]},"Q8s":{"weight":0.0936,"played":[0.0,1.0],"evs":[0.0,5.89174]},"Q9s":{"weight":0.2352,"played":[0.0,1.0],"evs":[0.0,6.33341]},"QTs":{"weight":0.9541,"played":[0.0,1.0],"evs":[0.0,8.67421]},"QJs":{"weight":0.8025,"played":[1.0E-4,0.9999],"evs":[0.0,6.99056]},"QQ":{"weight":0.1441,"played":[0.0,1.0],"evs":[0.0,26.31809]},"KQo":{"weight":0.2231,"played":[0.0,1.0],"evs":[0.0,8.42752]},"AQo":{"weight":0.9486,"played":[0.0,1.0],"evs":[0.0,14.21891]},"K2s":{"weight":0.0,"played":[3.0E-4,0.9997],"evs":[0.0,4.10127]},"K3s":{"weight":0.0,"played":[0.0043,0.9957],"evs":[0.0,3.37614]},"K4s":{"weight":9.0E-4,"played":[4.0E-4,0.9996],"evs":[0.0,5.8108]},"K5s":{"weight":0.1079,"played":[0.0,1.0],"evs":[0.0,6.16044]},"K6s":{"weight":0.4408,"played":[1.0E-4,0.9999],"evs":[0.0,6.11556]},"K7s":{"weight":0.292,"played":[7.0E-4,0.9993],"evs":[0.0,6.76272]},"K8s":{"weight":0.0901,"played":[0.0,1.0],"evs":[0.0,6.26957]},"K9s":{"weight":0.3513,"played":[1.0E-4,0.9999],"evs":[0.0,7.22294]},"KTs":{"weight":0.2137,"played":[0.0,1.0],"evs":[0.0,7.93381]},"KJs":{"weight":0.8771,"played":[0.0,1.0],"evs":[0.0,9.02133]},"KQs":{"weight":0.4763,"played":[0.0,1.0],"evs":[0.0,10.49438]},"KK":{"weight":0.5306,"played":[0.0,1.0],"evs":[0.0,30.59245]},"AKo":{"weight":0.5614,"played":[0.0,1.0],"evs":[0.0,15.70585]},"A2s":{"weight":0.6366,"played":[6.0E-4,0.9994],"evs":[0.0,7.25025]},"A3s":{"weight":0.6154,"played":[1.0E-4,0.9999],"evs":[0.0,6.46018]},"A4s":{"weight":0.0819,"played":[1.0E-4,0.9999],"evs":[0.0,8.56649]},"A5s":{"weight":0.0232,"played":[0.0,1.0],"evs":[0.0,8.7206]},"A6s":{"weight":0.2335,"played":[1.0E-4,0.9999],"evs":[0.0,8.41124]},"A7s":{"weight":0.0787,"played":[0.0,1.0],"evs":[0.0,8.39246]},"A8s":{"weight":0.0182,"played":[1.0E-4,0.9999],"evs":[0.0,9.23336]},"A9s":{"weight":0.0432,"played":[0.0,1.0],"evs":[0.0,8.97002]},"ATs":{"weight":0.2093,"played":[0.0,1.0],"evs":[0.0,10.59687]},"AJs":{"weight":0.1563,"played":[0.0,1.0],"evs":[0.0,14.5972]},"AQs":{"weight":0.6677,"played":[0.0,1.0],"evs":[0.0,17.58534]},"AKs":{"weight":0.8629,"played":[0.0,1.0],"evs":[0.0,17.63551]},"AA":{"weight":0.2996,"played":[0.0,1.0],"evs":[0.0,39.48147]}}}