{"player":5,"street":0,"children":2,"sequence":[{"player":0,"type":"R","amount":200000,"street":0},{"player":1,"type":"C","amount":200000,"street":0},{"player":2,"type":"F","amount":0,"street":0},{"player":3,"type":"R","amount":985000,"street":0},{"player":4,"type":"F","amount":0,"street":0}],"actions":[{"type":"F","amount":0,"node":398},{"type":"R","amount":1985000,"node":403}],"hands":{"22":{"weight":1.0,"played":[1.0,0.0],"evs":[0.0,-0.93966]},"32o":{"weight":1.0,"played":[1.0,0.0],"evs":[0.0,-4.04252]},"42o":{"weight":1.0,"played":[1.0,0.0],"evs":[0.0,-3.81432]},"52o":{"weight":1.0,"played":[1.0,0.0],"evs":[0.0,-3.73471]},"62o":{"weight":1.0,"played":[1.0,0.0],"evs":[0.0,-4.10822]},"72o":{"weight":1.0,"played":[1.0,0.0],"evs":[0.0,-4.51213]},"82o":{"weight":1.0,"played":[1.0,0.0],"evs":[0.0,-4.13631]},"92o":{"weight":1.0,"played":[1.0,0.0],"evs":[0.0,-4.09192]},"T2o":{"weight":1.0,"played":[1.0,0.0],"evs":[0.0,-4.18488]},"J2o":{"weight":1.0,"played":[1.0,0.0],"evs":[0.0,-3.9034]},"Q2o":{"weight":1.0,"played":[1.0,0.0],"evs":[0.0,-3.66223]},"K2o":{"weight":1.0,"played":[1.0,0.0],"evs":[0.0,-3.10893]},"A2o":{"weight":1.0,"played":[1.0,0.0],"evs":[0.0,-2.83072]},"32s":{"weight":1.0,"played":[1.0,0.0],"evs":[0.0,-2.82869]},"33":{"weight":1.0,"played":[1.0,0.0],"evs":[0.0,-0.85817]},"43o":{"weight":1.0,"played":[1.0,0.0],"evs":[0.0,-3.50594]},"53o":{"weight":1.0,"played":[1.0,0.0],"evs":[0.0,-3.28548]},"63o":{"weight":1.0,"played":[1.0,0.0],"evs":[0.0,-3.70304]},"73o":{"weight":1.0,"played":[1.0,0.0],"evs":[0.0,-3.99544]},"83o":{"weight":1.0,"played":[1.0,0.0],"evs":[0.0,-4.28331]},"93o":{"weight":1.0,"played":[1.0,0.0],"evs":[0.0,-3.89926]},"T3o":{"weight":1.0,"played":[1.0,0.0],"evs":[0.0,-3.96047]},"J3o":{"weight":1.0,"played":[1.0,0.0],"evs":[0.0,-3.85354]},"Q3o":{"weight":1.0,"played":[1.0,0.0],"evs":[0.0,-3.50814]},"K3o":{"weight":1.0,"played":[1.0,0.0],"evs":[0.0,-3.00013]},"A3o":{"weight":1.0,"played":[1.0,0.0],"evs":[0.0,-2.74873]},"42s":{"weight":1.0,"played":[1.0,0.0],"evs":[0.0,-2.71948]},"43s":{"weight":1.0,"played":[1.0,0.0],"evs":[0.0,-2.14484]},"44":{"weight":1.0,"played":[1.0,0.0],"evs":[0.0,-0.83184]},"54o":{"weight":1.0,"played":[1.0,0.0],"evs":[0.0,-2.79055]},"64o":{"weight":1.0,"played":[1.0,0.0],"evs":[0.0,-3.06009]},"74o":{"weight":1.0,"played":[1.0,0.0],"evs":[0.0,-3.45457]},"84o":{"weight":1.0,"played":[1.0,0.0],"evs":[0.0,-3.70544]},"94o":{"weight":1.0,"played":[1.0,0.0],"evs":[0.0,-3.99082]},"T4o":{"weight":1.0,"played":[1.0,0.0],"evs":[0.0,-3.92742]},"J4o":{"weight":1.0,"played":[1.0,0.0],"evs":[0.0,-3.64614]},"Q4o":{"weight":1.0,"played":[1.0,0.0],"evs":[0.0,-3.5011]},"K4o":{"weight":1.0,"played":[1.0,0.0],"evs":[0.0,-2.945]},"A4o":{"weight":1.0,"played":[1.0,0.0],"evs":[0.0,-2.61329]},"52s":{"weight":1.0,"played":[1.0,0.0],"evs":[0.0,-2.43848]},"53s":{"weight":1.0,"played":[1.0,0.0],"evs":[0.0,-2.13313]},"54s":{"weight":1.0,"played":[1.0,0.0],"evs":[0.0,-1.41321]},"55":{"weight":1.0,"played":[1.0,0.0],"evs":[0.0,-0.28855]},"65o":{"weight":1.0,"played":[1.0,0.0],"evs":[0.0,-2.68373]},"75o":{"weight":1.0,"played":[1.0,0.0],"evs":[0.0,-3.10025]},"85o":{"weight":1.0,"played":[1.0,0.0],"evs":[0.0,-3.33216]},"95o":{"weight":1.0,"played":[1.0,0.0],"evs":[0.0,-3.38238]},"T5o":{"weight":1.0,"played":[1.0,0.0],"evs":[0.0,-3.93392]},"J5o":{"weight":1.0,"played":[1.0,0.0],"evs":[0.0,-3.55163]},"Q5o":{"weight":1.0,"played":[1.0,0.0],"evs":[0.0,-3.47872]},"K5o":{"weight":1.0,"played":[1.0,0.0],"evs":[0.0,-2.91423]},"A5o":{"weight":1.0,"played":[1.0,0.0],"evs":[0.0,-2.54154]},"62s":{"weight":1.0,"played":[1.0,0.0],"evs":[0.0,-2.83999]},"63s":{"weight":1.0,"played":[1.0,0.0],"evs":[0.0,-2.4085]},"64s":{"weight":1.0,"played":[1.0,0.0],"evs":[0.0,-2.00823]},"65s":{"weight":1.0,"played":[1.0,0.0],"evs":[0.0,-1.52441]},"66":{"weight":1.0,"played":[0.1496,0.8504],"evs":[0.0,0.18773]},"76o":{"weight":1.0,"played":[1.0,0.0],"evs":[0.0,-2.64238]},"86o":{"weight":1.0,"played":[1.0,0.0],"evs":[0.0,-2.8362]},"96o":{"weight":1.0,"played":[1.0,0.0],"evs":[0.0,-3.03516]},"T6o":{"weight":1.0,"played":[1.0,0.0],"evs":[0.0,-3.50833]},"J6o":{"weight":1.0,"played":[1.0,0.0],"evs":[0.0,-3.54371]},"Q6o":{"weight":1.0,"played":[1.0,0.0],"evs":[0.0,-3.27573]},"K6o":{"weight":1.0,"played":[1.0,0.0],"evs":[0.0,-2.78265]},"A6o":{"weight":1.0,"played":[1.0,0.0],"evs":[0.0,-2.99418]},"72s":{"weight":1.0,"played":[1.0,0.0],"evs":[0.0,-3.2426]},"73s":{"weight":1.0,"played":[1.0,0.0],"evs":[0.0,-2.8484]},"74s":{"weight":1.0,"played":[1.0,0.0],"evs":[0.0,-2.33549]},"75s":{"weight":1.0,"played":[1.0,0.0],"evs":[0.0,-1.74958]},"76s":{"weight":1.0,"played":[1.0,0.0],"evs":[0.0,-1.40174]},"77":{"weight":1.0,"played":[0.0,1.0],"evs":[0.0,0.7642]},"87o":{"weight":1.0,"played":[1.0,0.0],"evs":[0.0,-2.38633]},"97o":{"weight":1.0,"played":[1.0,0.0],"evs":[0.0,-2.62057]},"T7o":{"weight":1.0,"played":[1.0,0.0],"evs":[0.0,-2.99489]},"J7o":{"weight":1.0,"played":[1.0,0.0],"evs":[0.0,-3.1645]},"Q7o":{"weight":1.0,"played":[1.0,0.0],"evs":[0.0,-3.26814]},"K7o":{"weight":1.0,"played":[1.0,0.0],"evs":[0.0,-2.66771]},"A7o":{"weight":1.0,"played":[1.0,0.0],"evs":[0.0,-2.6884]},"82s":{"weight":1.0,"played":[1.0,0.0],"evs":[0.0,-2.79542]},"83s":{"weight":1.0,"played":[1.0,0.0],"evs":[0.0,-2.97618]},"84s":{"weight":1.0,"played":[1.0,0.0],"evs":[0.0,-2.55645]},"85s":{"weight":1.0,"played":[1.0,0.0],"evs":[0.0,-2.22252]},"86s":{"weight":1.0,"played":[1.0,0.0],"evs":[0.0,-1.42792]},"87s":{"weight":1.0,"played":[1.0,0.0],"evs":[0.0,-1.28741]},"88":{"weight":1.0,"played":[0.0,1.0],"evs":[0.0,1.88416]},"98o":{"weight":1.0,"played":[1.0,0.0],"evs":[0.0,-2.10659]},"T8o":{"weight":1.0,"played":[1.0,0.0],"evs":[0.0,-2.58421]},"J8o":{"weight":1.0,"played":[1.0,0.0],"evs":[0.0,-2.68371]},"Q8o":{"weight":1.0,"played":[1.0,0.0],"evs":[0.0,-2.75534]},"K8o":{"weight":1.0,"played":[1.0,0.0],"evs":[0.0,-2.5448]},"A8o":{"weight":1.0,"played":[1.0,0.0],"evs":[0.0,-2.40846]},"92s":{"weight":1.0,"played":[1.0,0.0],"evs":[0.0,-2.66453]},"93s":{"weight":1.0,"played":[1.0,0.0],"evs":[0.0,-2.69238]},"94s":{"weight":1.0,"played":[1.0,0.0],"evs":[0.0,-2.53567]},"95s":{"weight":1.0,"played":[1.0,0.0],"evs":[0.0,-2.1711]},"96s":{"weight":1.0,"played":[1.0,0.0],"evs":[0.0,-1.65339]},"97s":{"weight":1.0,"played":[1.0,0.0],"evs":[0.0,-1.4091]},"98s":{"weight":1.0,"played":[0.9999,1.0E-4],"evs":[0.0,-1.03652]},"99":{"weight":1.0,"played":[0.0,1.0],"evs":[0.0,3.35424]},"T9o":{"weight":1.0,"played":[1.0,0.0],"evs":[0.0,-1.92159]},"J9o":{"weight":1.0,"played":[1.0,0.0],"evs":[0.0,-2.10231]},"Q9o":{"weight":1.0,"played":[1.0,0.0],"evs":[0.0,-2.21736]},"K9o":{"weight":1.0,"played":[1.0,0.0],"evs":[0.0,-2.02506]},"A9o":{"weight":1.0,"played":[1.0,0.0],"evs":[0.0,-1.99448]},"T2s":{"weight":1.0,"played":[1.0,0.0],"evs":[0.0,-2.70327]},"T3s":{"weight":1.0,"played":[1.0,0.0],"evs":[0.0,-2.83447]},"T4s":{"weight":1.0,"played":[1.0,0.0],"evs":[0.0,-2.57364]},"T5s":{"weight":1.0,"played":[1.0,0.0],"evs":[0.0,-2.57506]},"T6s":{"weight":1.0,"played":[1.0,0.0],"evs":[0.0,-2.1513]},"T7s":{"weight":1.0,"played":[0.9999,1.0E-4],"evs":[0.0,-1.60605]},"T8s":{"weight":1.0,"played":[1.0,0.0],"evs":[0.0,-1.1835]},"T9s":{"weight":1.0,"played":[0.9999,1.0E-4],"evs":[0.0,-0.65854]},"TT":{"weight":1.0,"played":[0.0,1.0],"evs":[0.0,4.3843]},"JTo":{"weight":1.0,"played":[1.0,0.0],"evs":[0.0,-1.62273]},"QTo":{"weight":1.0,"played":[1.0,0.0],"evs":[0.0,-1.75995]},"KTo":{"weight":1.0,"played":[1.0,0.0],"evs":[0.0,-1.594]},"ATo":{"weight":1.0,"played":[1.0,0.0],"evs":[0.0,-1.23428]},"J2s":{"weight":1.0,"played":[1.0,0.0],"evs":[0.0,-2.57473]},"J3s":{"weight":1.0,"played":[1.0,0.0],"evs":[0.0,-2.43447]},"J4s":{"weight":1.0,"played":[1.0,0.0],"evs":[0.0,-2.47657]},"J5s":{"weight":1.0,"played":[1.0,0.0],"evs":[0.0,-2.30511]},"J6s":{"weight":1.0,"played":[1.0,0.0],"evs":[0.0,-2.19942]},"J7s":{"weight":1.0,"played":[1.0,0.0],"evs":[0.0,-1.9487]},"J8s":{"weight":1.0,"played":[1.0,0.0],"evs":[0.0,-1.25145]},"J9s":{"weight":1.0,"played":[1.0,0.0],"evs":[0.0,-0.86038]},"JTs":{"weight":1.0,"played":[1.0,0.0],"evs":[0.0,-0.63372]},"JJ":{"weight":1.0,"played":[0.0,1.0],"evs":[0.0,6.05402]},"QJo":{"weight":1.0,"played":[1.0,0.0],"evs":[0.0,-1.63872]},"KJo":{"weight":1.0,"played":[1.0,0.0],"evs":[0.0,-1.28518]},"AJo":{"weight":1.0,"played":[0.9992,8.0E-4],"evs":[0.0,-0.04344]},"Q2s":{"weight":1.0,"played":[1.0,0.0],"evs":[0.0,-2.52926]},"Q3s":{"weight":1.0,"played":[1.0,0.0],"evs":[0.0,-2.38116]},"Q4s":{"weight":1.0,"played":[1.0,0.0],"evs":[0.0,-2.24753]},"Q5s":{"weight":1.0,"played":[1.0,0.0],"evs":[0.0,-2.11951]},"Q6s":{"weight":1.0,"played":[1.0,0.0],"evs":[0.0,-2.09453]},"Q7s":{"weight":1.0,"played":[1.0,0.0],"evs":[0.0,-1.95516]},"Q8s":{"weight":1.0,"played":[1.0,0.0],"evs":[0.0,-1.48248]},"Q9s":{"weight":1.0,"played":[1.0,0.0],"evs":[0.0,-1.0584]},"QTs":{"weight":1.0,"played":[0.9999,1.0E-4],"evs":[0.0,-0.72633]},"QJs":{"weight":1.0,"played":[0.9915,0.0085],"evs":[0.0,-0.46997]},"QQ":{"weight":1.0,"played":[0.0,1.0],"evs":[0.0,8.31761]},"KQo":{"weight":1.0,"played":[1.0,0.0],"evs":[0.0,-0.73639]},"AQo":{"weight":1.0,"played":[0.0,1.0],"evs":[0.0,1.58896]},"K2s":{"weight":1.0,"played":[1.0,0.0],"evs":[0.0,-1.91001]},"K3s":{"weight":1.0,"played":[1.0,0.0],"evs":[0.0,-1.74136]},"K4s":{"weight":1.0,"played":[1.0,0.0],"evs":[0.0,-1.83576]},"K5s":{"weight":1.0,"played":[0.9996,4.0E-4],"evs":[0.0,-1.60151]},"K6s":{"weight":1.0,"played":[1.0,0.0],"evs":[0.0,-1.33859]},"K7s":{"weight":1.0,"played":[1.0,0.0],"evs":[0.0,-1.36523]},"K8s":{"weight":1.0,"played":[0.9999,1.0E-4],"evs":[0.0,-1.20563]},"K9s":{"weight":1.0,"played":[1.0,0.0],"evs":[0.0,-0.73952]},"KTs":{"weight":1.0,"played":[0.9925,0.0075],"evs":[0.0,-0.38732]},"KJs":{"weight":1.0,"played":[0.4014,0.5986],"evs":[0.0,-0.0309]},"KQs":{"weight":1.0,"played":[5.0E-4,0.9995],"evs":[0.0,0.4013]},"KK":{"weight":1.0,"played":[0.0,1.0],"evs":[0.0,11.34353]},"AKo":{"weight":1.0,"played":[0.0,1.0],"evs":[0.0,3.60979]},"A2s":{"weight":1.0,"played":[1.0,0.0],"evs":[0.0,-1.35922]},"A3s":{"weight":1.0,"played":[1.0,0.0],"evs":[0.0,-1.31165]},"A4s":{"weight":1.0,"played":[1.0,0.0],"evs":[0.0,-1.31377]},"A5s":{"weight":1.0,"played":[1.0,0.0],"evs":[0.0,-1.2234]},"A6s":{"weight":1.0,"played":[1.0,0.0],"evs":[0.0,-1.52689]},"A7s":{"weight":1.0,"played":[1.0,0.0],"evs":[0.0,-1.4528]},"A8s":{"weight":1.0,"played":[1.0,0.0],"evs":[0.0,-1.00304]},"A9s":{"weight":1.0,"played":[0.9998,2.0E-4],"evs":[0.0,-0.6967]},"ATs":{"weight":1.0,"played":[0.051,0.949],"evs":[0.0,0.21457]},"AJs":{"weight":1.0,"played":[0.0,1.0],"evs":[0.0,1.07545]},"AQs":{"weight":1.0,"played":[0.0,1.0],"evs":[0.0,2.61923]},"AKs":{"weight":1.0,"played":[0.0,1.0],"evs":[0.0,4.4243]},"AA":{"weight":1.0,"played":[0.0,1.0],"evs":[0.0,15.10775]}}}