{"player":0,"street":0,"children":3,"sequence":[{"player":0,"type":"R","amount":200000,"street":0},{"player":1,"type":"C","amount":200000,"street":0},{"player":2,"type":"F","amount":0,"street":0},{"player":3,"type":"R","amount":985000,"street":0},{"player":4,"type":"F","amount":0,"street":0},{"player":5,"type":"F","amount":0,"street":0}],"actions":[{"type":"F","amount":0,"node":399},{"type":"C","amount":785000,"node":400},{"type":"R","amount":2785000,"node":402}],"hands":{"22":{"weight":0.9999,"played":[0.9955,1.0E-4,0.0044],"evs":[0.0,-0.10752,-0.09426]},"32o":{"weight":0.0,"played":[1.0,0.0,0.0],"evs":[0.0,-2.46203,-3.51182]},"42o":{"weight":0.0,"played":[1.0,0.0,0.0],"evs":[0.0,-2.3848,-3.37212]},"52o":{"weight":0.0,"played":[1.0,0.0,0.0],"evs":[0.0,-2.28397,-3.21525]},"62o":{"weight":0.0,"played":[1.0,0.0,0.0],"evs":[0.0,-2.37726,-3.55001]},"72o":{"weight":0.0,"played":[1.0,0.0,0.0],"evs":[0.0,-2.39655,-3.71781]},"82o":{"weight":0.0,"played":[1.0,0.0,0.0],"evs":[0.0,-2.32209,-3.37388]},"92o":{"weight":0.0,"played":[1.0,0.0,0.0],"evs":[0.0,-2.29112,-3.16692]},"T2o":{"weight":0.0,"played":[1.0,0.0,0.0],"evs":[0.0,-2.37336,-3.22888]},"J2o":{"weight":0.0,"played":[1.0,0.0,0.0],"evs":[0.0,-2.19082,-3.13751]},"Q2o":{"weight":0.0,"played":[1.0,0.0,0.0],"evs":[0.0,-2.03615,-3.02194]},"K2o":{"weight":0.0,"played":[1.0,0.0,0.0],"evs":[0.0,-1.93934,-2.32813]},"A2o":{"weight":0.0,"played":[1.0,0.0,0.0],"evs":[0.0,-1.45767,-1.89355]},"32s":{"weight":0.0,"played":[1.0,0.0,0.0],"evs":[0.0,-1.76047,-2.29125]},"33":{"weight":1.0,"played":[0.3654,0.165,0.4696],"evs":[0.0,0.06068,0.07858]},"43o":{"weight":0.0,"played":[1.0,0.0,0.0],"evs":[0.0,-2.16729,-2.87047]},"53o":{"weight":0.0,"played":[1.0,0.0,0.0],"evs":[0.0,-2.09802,-2.7416]},"63o":{"weight":0.0,"played":[1.0,0.0,0.0],"evs":[0.0,-2.2063,-3.09123]},"73o":{"weight":0.0,"played":[1.0,0.0,0.0],"evs":[0.0,-2.24329,-3.40529]},"83o":{"weight":0.0,"played":[1.0,0.0,0.0],"evs":[0.0,-2.36085,-3.44036]},"93o":{"weight":0.0,"played":[1.0,0.0,0.0],"evs":[0.0,-2.28545,-3.14263]},"T3o":{"weight":0.0,"played":[1.0,0.0,0.0],"evs":[0.0,-2.36046,-3.12392]},"J3o":{"weight":0.0,"played":[1.0,0.0,0.0],"evs":[0.0,-2.19713,-2.96015]},"Q3o":{"weight":0.0,"played":[1.0,0.0,0.0],"evs":[0.0,-2.04407,-2.94525]},"K3o":{"weight":0.0,"played":[1.0,0.0,0.0],"evs":[0.0,-2.03104,-2.35165]},"A3o":{"weight":0.0,"played":[1.0,0.0,0.0],"evs":[0.0,-1.39866,-1.77702]},"42s":{"weight":0.0,"played":[1.0,0.0,0.0],"evs":[0.0,-1.77708,-2.12066]},"43s":{"weight":0.0,"played":[1.0,0.0,0.0],"evs":[0.0,-1.59473,-1.73397]},"44":{"weight":1.0,"played":[0.0292,0.2119,0.7589],"evs":[0.0,0.12641,0.13711]},"54o":{"weight":0.0,"played":[1.0,0.0,0.0],"evs":[0.0,-1.82318,-2.24299]},"64o":{"weight":0.0,"played":[1.0,0.0,0.0],"evs":[0.0,-1.94943,-2.65067]},"74o":{"weight":0.0,"played":[1.0,0.0,0.0],"evs":[0.0,-2.03569,-2.82175]},"84o":{"weight":0.0,"played":[1.0,0.0,0.0],"evs":[0.0,-2.15032,-3.0059]},"94o":{"weight":0.0,"played":[1.0,0.0,0.0],"evs":[0.0,-2.24944,-3.11411]},"T4o":{"weight":0.0,"played":[1.0,0.0,0.0],"evs":[0.0,-2.31852,-3.06907]},"J4o":{"weight":0.0,"played":[1.0,0.0,0.0],"evs":[0.0,-2.05988,-2.85693]},"Q4o":{"weight":0.0,"played":[1.0,0.0,0.0],"evs":[0.0,-1.93616,-2.77599]},"K4o":{"weight":0.0,"played":[1.0,0.0,0.0],"evs":[0.0,-1.91696,-2.18052]},"A4o":{"weight":0.0,"played":[1.0,0.0,0.0],"evs":[0.0,-1.34338,-1.67169]},"52s":{"weight":0.0,"played":[1.0,0.0,0.0],"evs":[0.0,-1.67114,-1.90615]},"53s":{"weight":0.0,"played":[1.0,0.0,0.0],"evs":[0.0,-1.3946,-1.4287]},"54s":{"weight":0.0,"played":[1.0,0.0,0.0],"evs":[0.0,-1.07766,-1.09595]},"55":{"weight":1.0,"played":[0.0021,0.2502,0.7477],"evs":[0.0,0.41369,0.41864]},"65o":{"weight":0.0,"played":[1.0,0.0,0.0],"evs":[0.0,-1.67198,-2.12741]},"75o":{"weight":0.0,"played":[1.0,0.0,0.0],"evs":[0.0,-1.71657,-2.26066]},"85o":{"weight":0.0,"played":[1.0,0.0,0.0],"evs":[0.0,-1.88276,-2.51863]},"95o":{"weight":0.0,"played":[1.0,0.0,0.0],"evs":[0.0,-2.01752,-2.63258]},"T5o":{"weight":0.0,"played":[1.0,0.0,0.0],"evs":[0.0,-2.29803,-3.08827]},"J5o":{"weight":0.0,"played":[1.0,0.0,0.0],"evs":[0.0,-2.08098,-2.82465]},"Q5o":{"weight":0.0,"played":[1.0,0.0,0.0],"evs":[0.0,-1.89001,-2.70261]},"K5o":{"weight":0.0,"played":[1.0,0.0,0.0],"evs":[0.0,-1.85885,-2.04009]},"A5o":{"weight":0.9983,"played":[1.0,0.0,0.0],"evs":[0.0,-1.28999,-1.55575]},"62s":{"weight":0.0,"played":[1.0,0.0,0.0],"evs":[0.0,-1.81498,-2.3517]},"63s":{"weight":0.0,"played":[1.0,0.0,0.0],"evs":[0.0,-1.73579,-1.83562]},"64s":{"weight":0.0,"played":[1.0,0.0,0.0],"evs":[0.0,-1.45542,-1.46323]},"65s":{"weight":0.9823,"played":[1.0,0.0,0.0],"evs":[0.0,-0.91603,-0.93907]},"66":{"weight":1.0,"played":[0.0,0.3984,0.6016],"evs":[0.0,0.96442,0.98396]},"76o":{"weight":0.0,"played":[1.0,0.0,0.0],"evs":[0.0,-1.45225,-1.91629]},"86o":{"weight":0.0,"played":[1.0,0.0,0.0],"evs":[0.0,-1.59219,-2.0147]},"96o":{"weight":0.0,"played":[1.0,0.0,0.0],"evs":[0.0,-1.74252,-2.16479]},"T6o":{"weight":0.0,"played":[1.0,0.0,0.0],"evs":[0.0,-1.92997,-2.42193]},"J6o":{"weight":0.0,"played":[1.0,0.0,0.0],"evs":[0.0,-1.9854,-2.76468]},"Q6o":{"weight":0.0,"played":[1.0,0.0,0.0],"evs":[0.0,-1.77244,-2.50309]},"K6o":{"weight":0.0,"played":[1.0,0.0,0.0],"evs":[0.0,-1.72654,-1.86326]},"A6o":{"weight":0.0,"played":[1.0,0.0,0.0],"evs":[0.0,-1.4525,-1.8997]},"72s":{"weight":0.0,"played":[1.0,0.0,0.0],"evs":[0.0,-1.85706,-2.52263]},"73s":{"weight":0.0,"played":[1.0,0.0,0.0],"evs":[0.0,-1.70371,-2.085]},"74s":{"weight":0.0,"played":[1.0,0.0,0.0],"evs":[0.0,-1.41069,-1.66233]},"75s":{"weight":0.0,"played":[1.0,0.0,0.0],"evs":[0.0,-1.04151,-1.04974]},"76s":{"weight":0.9999,"played":[0.9998,0.0,2.0E-4],"evs":[0.0,-0.65394,-0.67539]},"77":{"weight":1.0,"played":[0.0,0.002,0.998],"evs":[0.0,1.76417,1.79941]},"87o":{"weight":0.0,"played":[1.0,0.0,0.0],"evs":[0.0,-1.32399,-1.56774]},"97o":{"weight":0.0,"played":[1.0,0.0,0.0],"evs":[0.0,-1.46406,-1.67652]},"T7o":{"weight":0.0,"played":[1.0,0.0,0.0],"evs":[0.0,-1.68976,-2.06798]},"J7o":{"weight":0.0,"played":[1.0,0.0,0.0],"evs":[0.0,-1.67073,-2.22738]},"Q7o":{"weight":0.0,"played":[1.0,0.0,0.0],"evs":[0.0,-1.6099,-2.42714]},"K7o":{"weight":0.0,"played":[1.0,0.0,0.0],"evs":[0.0,-1.56297,-1.69887]},"A7o":{"weight":1.0,"played":[1.0,0.0,0.0],"evs":[0.0,-1.19367,-1.61624]},"82s":{"weight":0.0,"played":[1.0,0.0,0.0],"evs":[0.0,-1.63096,-2.08697]},"83s":{"weight":0.0,"played":[1.0,0.0,0.0],"evs":[0.0,-1.82669,-2.28695]},"84s":{"weight":0.0,"played":[1.0,0.0,0.0],"evs":[0.0,-1.5791,-1.67554]},"85s":{"weight":0.0,"played":[1.0,0.0,0.0],"evs":[0.0,-1.34957,-1.39367]},"86s":{"weight":0.7689,"played":[0.9998,1.0E-4,1.0E-4],"evs":[0.0,-0.77262,-0.7826]},"87s":{"weight":0.9999,"played":[0.9999,0.0,0.0],"evs":[0.0,-0.40081,-0.38763]},"88":{"weight":0.9998,"played":[0.0,4.0E-4,0.9996],"evs":[0.0,3.12059,3.18877]},"98o":{"weight":0.0,"played":[1.0,0.0,0.0],"evs":[0.0,-1.09893,-1.10987]},"T8o":{"weight":0.0,"played":[1.0,0.0,0.0],"evs":[0.0,-1.44421,-1.51747]},"J8o":{"weight":0.0,"played":[1.0,0.0,0.0],"evs":[0.0,-1.45501,-1.64858]},"Q8o":{"weight":0.0,"played":[1.0,0.0,0.0],"evs":[0.0,-1.45542,-1.92185]},"K8o":{"weight":0.0,"played":[1.0,0.0,0.0],"evs":[0.0,-1.48259,-1.5175]},"A8o":{"weight":1.0,"played":[1.0,0.0,0.0],"evs":[0.0,-1.07218,-1.28281]},"92s":{"weight":0.0,"played":[1.0,0.0,0.0],"evs":[0.0,-1.63955,-1.89517]},"93s":{"weight":0.0,"played":[1.0,0.0,0.0],"evs":[0.0,-1.66315,-1.95042]},"94s":{"weight":0.0,"played":[1.0,0.0,0.0],"evs":[0.0,-1.68108,-1.81867]},"95s":{"weight":0.0,"played":[1.0,0.0,0.0],"evs":[0.0,-1.37618,-1.38594]},"96s":{"weight":0.0,"played":[1.0,0.0,0.0],"evs":[0.0,-0.94123,-0.95285]},"97s":{"weight":0.9998,"played":[0.9995,0.0,4.0E-4],"evs":[0.0,-0.56564,-0.57952]},"98s":{"weight":1.0,"played":[0.6033,0.1766,0.2201],"evs":[0.0,-0.00554,-0.01136]},"99":{"weight":1.0,"played":[0.0,2.0E-4,0.9998],"evs":[0.0,4.4017,4.47165]},"T9o":{"weight":0.0,"played":[1.0,0.0,0.0],"evs":[0.0,-0.94348,-0.94211]},"J9o":{"weight":0.0,"played":[1.0,0.0,0.0],"evs":[0.0,-1.18155,-1.17452]},"Q9o":{"weight":0.0,"played":[1.0,0.0,0.0],"evs":[0.0,-1.18987,-1.35663]},"K9o":{"weight":0.0,"played":[1.0,0.0,0.0],"evs":[0.0,-1.03683,-1.05906]},"A9o":{"weight":1.0,"played":[1.0,0.0,0.0],"evs":[0.0,-0.89582,-0.92321]},"T2s":{"weight":0.0,"played":[1.0,0.0,0.0],"evs":[0.0,-1.83408,-1.96283]},"T3s":{"weight":0.0,"played":[1.0,0.0,0.0],"evs":[0.0,-1.74599,-1.86215]},"T4s":{"weight":0.0,"played":[1.0,0.0,0.0],"evs":[0.0,-1.68469,-1.8079]},"T5s":{"weight":0.0,"played":[1.0,0.0,0.0],"evs":[0.0,-1.69159,-1.76035]},"T6s":{"weight":0.0,"played":[0.9999,0.0,1.0E-4],"evs":[0.0,-1.38566,-1.31791]},"T7s":{"weight":0.9993,"played":[1.0,0.0,0.0],"evs":[0.0,-0.89852,-0.91175]},"T8s":{"weight":1.0,"played":[0.9998,0.0,2.0E-4],"evs":[0.0,-0.20778,-0.22254]},"T9s":{"weight":1.0,"played":[0.023,0.0697,0.9073],"evs":[0.0,0.27315,0.2999]},"TT":{"weight":1.0,"played":[0.0,1.0E-4,0.9999],"evs":[0.0,5.42709,5.48129]},"JTo":{"weight":1.0,"played":[1.0,0.0,0.0],"evs":[0.0,-0.79496,-0.78619]},"QTo":{"weight":1.0,"played":[1.0,0.0,0.0],"evs":[0.0,-0.94296,-0.9317]},"KTo":{"weight":1.0,"played":[1.0,0.0,0.0],"evs":[0.0,-0.63993,-0.64422]},"ATo":{"weight":1.0,"played":[0.9715,0.0,0.0285],"evs":[0.0,-0.15494,-0.06607]},"J2s":{"weight":0.0,"played":[1.0,0.0,0.0],"evs":[0.0,-1.64917,-1.86628]},"J3s":{"weight":0.0,"played":[1.0,0.0,0.0],"evs":[0.0,-1.57615,-1.83654]},"J4s":{"weight":0.0,"played":[1.0,0.0,0.0],"evs":[0.0,-1.65263,-1.93527]},"J5s":{"weight":0.0,"played":[1.0,0.0,0.0],"evs":[0.0,-1.47673,-1.5048]},"J6s":{"weight":0.0,"played":[1.0,0.0,0.0],"evs":[0.0,-1.39538,-1.49948]},"J7s":{"weight":0.0,"played":[1.0,0.0,0.0],"evs":[0.0,-0.97135,-1.00656]},"J8s":{"weight":1.0,"played":[1.0,0.0,0.0],"evs":[0.0,-0.49572,-0.53019]},"J9s":{"weight":1.0,"played":[0.2543,0.3679,0.3778],"evs":[0.0,-0.07731,-0.07575]},"JTs":{"weight":1.0,"played":[0.0032,0.3706,0.6262],"evs":[0.0,0.38648,0.39382]},"JJ":{"weight":1.0,"played":[0.0,0.0758,0.9242],"evs":[0.0,6.69033,6.71472]},"QJo":{"weight":1.0,"played":[1.0,0.0,0.0],"evs":[0.0,-0.82472,-0.86189]},"KJo":{"weight":1.0,"played":[0.9995,4.0E-4,0.0],"evs":[0.0,-0.41241,-0.43357]},"AJo":{"weight":1.0,"played":[0.0,0.0206,0.9794],"evs":[0.0,1.01693,1.05258]},"Q2s":{"weight":0.0,"played":[1.0,0.0,0.0],"evs":[0.0,-1.41635,-1.77745]},"Q3s":{"weight":0.0,"played":[1.0,0.0,0.0],"evs":[0.0,-1.43832,-1.79855]},"Q4s":{"weight":0.0,"played":[1.0,0.0,0.0],"evs":[0.0,-1.36824,-1.51251]},"Q5s":{"weight":0.0,"played":[0.9999,0.0,0.0],"evs":[0.0,-1.30329,-1.51885]},"Q6s":{"weight":0.0,"played":[1.0,0.0,0.0],"evs":[0.0,-1.1527,-1.26538]},"Q7s":{"weight":0.1057,"played":[1.0,0.0,0.0],"evs":[0.0,-1.06786,-1.24261]},"Q8s":{"weight":1.0,"played":[1.0,0.0,0.0],"evs":[0.0,-0.67076,-0.67442]},"Q9s":{"weight":1.0,"played":[0.9122,0.0477,0.0401],"evs":[0.0,-0.15418,-0.20066]},"QTs":{"weight":1.0,"played":[0.0074,0.1617,0.8309],"evs":[0.0,0.22746,0.22609]},"QJs":{"weight":1.0,"played":[0.0089,0.8822,0.1089],"evs":[0.0,0.41063,0.37755]},"QQ":{"weight":1.0,"played":[0.0,0.45,0.55],"evs":[0.0,9.01409,9.01657]},"KQo":{"weight":0.9999,"played":[0.0031,0.0153,0.9816],"evs":[0.0,0.14174,0.15931]},"AQo":{"weight":0.9998,"played":[0.0,0.0185,0.9815],"evs":[0.0,3.16651,3.20074]},"K2s":{"weight":0.0,"played":[1.0,0.0,0.0],"evs":[0.0,-1.05942,-1.07416]},"K3s":{"weight":0.0,"played":[0.9999,1.0E-4,0.0],"evs":[0.0,-0.96172,-0.95768]},"K4s":{"weight":0.0591,"played":[1.0,0.0,0.0],"evs":[0.0,-0.79007,-0.8098]},"K5s":{"weight":1.0,"played":[0.9999,0.0,0.0],"evs":[0.0,-0.73062,-0.75819]},"K6s":{"weight":1.0,"played":[0.9994,0.0,6.0E-4],"evs":[0.0,-0.59425,-0.63264]},"K7s":{"weight":1.0,"played":[0.9998,1.0E-4,1.0E-4],"evs":[0.0,-0.53491,-0.55362]},"K8s":{"weight":1.0,"played":[0.9992,4.0E-4,3.0E-4],"evs":[0.0,-0.31312,-0.33232]},"K9s":{"weight":1.0,"played":[0.1142,0.6251,0.2607],"evs":[0.0,0.05881,0.04925]},"KTs":{"weight":0.9999,"played":[2.0E-4,0.5729,0.4269],"evs":[0.0,0.6327,0.62357]},"KJs":{"weight":1.0,"played":[0.0,0.9828,0.0172],"evs":[0.0,0.69344,0.65729]},"KQs":{"weight":1.0,"played":[0.0,0.0484,0.9516],"evs":[0.0,1.2962,1.3197]},"KK":{"weight":1.0,"played":[0.0,0.7129,0.2871],"evs":[0.0,11.89887,11.90052]},"AKo":{"weight":1.0,"played":[0.0,0.1416,0.8584],"evs":[0.0,5.18095,5.20253]},"A2s":{"weight":1.0,"played":[1.0,0.0,0.0],"evs":[0.0,-0.68429,-0.59014]},"A3s":{"weight":1.0,"played":[1.0,0.0,0.0],"evs":[0.0,-0.65105,-0.56046]},"A4s":{"weight":1.0,"played":[1.0,0.0,0.0],"evs":[0.0,-0.52596,-0.42354]},"A5s":{"weight":1.0,"played":[1.0,0.0,0.0],"evs":[0.0,-0.4753,-0.35828]},"A6s":{"weight":1.0,"played":[1.0,0.0,0.0],"evs":[0.0,-0.76822,-0.63594]},"A7s":{"weight":1.0,"played":[1.0,0.0,0.0],"evs":[0.0,-0.4415,-0.32603]},"A8s":{"weight":1.0,"played":[0.9593,0.0,0.0407],"evs":[0.0,-0.16412,-0.0574]},"A9s":{"weight":1.0,"played":[0.0089,3.0E-4,0.9908],"evs":[0.0,0.30004,0.37082]},"ATs":{"weight":1.0,"played":[1.0E-4,0.0046,0.9953],"evs":[0.0,0.95111,1.02391]},"AJs":{"weight":1.0,"played":[0.0,0.6127,0.3873],"evs":[0.0,2.08921,2.10469]},"AQs":{"weight":1.0,"played":[0.0,0.2029,0.7971],"evs":[0.0,4.01328,4.05247]},"AKs":{"weight":1.0,"played":[0.0,0.0258,0.9742],"evs":[0.0,6.0581,6.08862]},"AA":{"weight":1.0,"played":[0.0,0.6762,0.3238],"evs":[0.0,15.58615,15.59576]}}}