{"player":4,"street":0,"children":3,"sequence":[{"player":0,"type":"F","amount":0,"street":0},{"player":1,"type":"F","amount":0,"street":0},{"player":2,"type":"F","amount":0,"street":0},{"player":3,"type":"F","amount":0,"street":0}],"actions":[{"type":"F","amount":0},{"type":"C","amount":50000,"node":5},{"type":"R","amount":1085000,"node":7}],"hands":{"22":{"weight":1.0,"played":[0.0,0.0,1.0],"evs":[0.0,0.6154,0.67444]},"32o":{"weight":1.0,"played":[1.0,0.0,0.0],"evs":[0.0,-0.15224,-1.91043]},"42o":{"weight":1.0,"played":[1.0,0.0,0.0],"evs":[0.0,-0.14124,-1.81329]},"52o":{"weight":1.0,"played":[1.0,0.0,0.0],"evs":[0.0,-0.12867,-1.71459]},"62o":{"weight":1.0,"played":[1.0,0.0,0.0],"evs":[0.0,-0.16147,-1.83752]},"72o":{"weight":1.0,"played":[1.0,0.0,0.0],"evs":[0.0,-0.1722,-1.84279]},"82o":{"weight":1.0,"played":[1.0,0.0,0.0],"evs":[0.0,-0.15591,-1.62121]},"92o":{"weight":1.0,"played":[1.0,0.0,0.0],"evs":[0.0,-0.14392,-1.3916]},"T2o":{"weight":1.0,"played":[1.0,0.0,0.0],"evs":[0.0,-0.10928,-1.089]},"J2o":{"weight":1.0,"played":[1.0,0.0,0.0],"evs":[0.0,-0.09022,-0.77812]},"Q2o":{"weight":1.0,"played":[0.9999,1.0E-4,0.0],"evs":[0.0,-0.01821,-0.28375]},"K2o":{"weight":1.0,"played":[0.0,0.0,1.0],"evs":[0.0,0.36782,0.40135]},"A2o":{"weight":1.0,"played":[0.0,0.0,1.0],"evs":[0.0,1.32125,1.38042]},"32s":{"weight":1.0,"played":[1.0,0.0,0.0],"evs":[0.0,-0.09256,-1.37092]},"33":{"weight":1.0,"played":[0.0,0.0,1.0],"evs":[0.0,0.91838,0.96216]},"43o":{"weight":1.0,"played":[1.0,0.0,0.0],"evs":[0.0,-0.11306,-1.59055]},"53o":{"weight":1.0,"played":[1.0,0.0,0.0],"evs":[0.0,-0.09232,-1.47544]},"63o":{"weight":1.0,"played":[1.0,0.0,0.0],"evs":[0.0,-0.12894,-1.60579]},"73o":{"weight":1.0,"played":[1.0,0.0,0.0],"evs":[0.0,-0.14223,-1.59762]},"83o":{"weight":1.0,"played":[1.0,0.0,0.0],"evs":[0.0,-0.14973,-1.56337]},"93o":{"weight":1.0,"played":[1.0,0.0,0.0],"evs":[0.0,-0.13765,-1.30068]},"T3o":{"weight":1.0,"played":[1.0,0.0,0.0],"evs":[0.0,-0.10529,-0.97479]},"J3o":{"weight":1.0,"played":[1.0,0.0,0.0],"evs":[0.0,-0.07969,-0.6826]},"Q3o":{"weight":1.0,"played":[0.9986,0.0014,0.0],"evs":[0.0,-0.01188,-0.17657]},"K3o":{"weight":1.0,"played":[0.0,0.0,1.0],"evs":[0.0,0.46225,0.50361]},"A3o":{"weight":1.0,"played":[0.0,0.0,1.0],"evs":[0.0,1.40847,1.47046]},"42s":{"weight":1.0,"played":[1.0,0.0,0.0],"evs":[0.0,-0.07447,-1.26831]},"43s":{"weight":1.0,"played":[1.0,0.0,0.0],"evs":[0.0,-0.04987,-1.08213]},"44":{"weight":1.0,"played":[0.0,5.0E-4,0.9995],"evs":[0.0,1.24216,1.26552]},"54o":{"weight":1.0,"played":[1.0,0.0,0.0],"evs":[0.0,-0.0676,-1.25022]},"64o":{"weight":1.0,"played":[1.0,0.0,0.0],"evs":[0.0,-0.10108,-1.36261]},"74o":{"weight":1.0,"played":[1.0,0.0,0.0],"evs":[0.0,-0.11148,-1.36065]},"84o":{"weight":1.0,"played":[1.0,0.0,0.0],"evs":[0.0,-0.12201,-1.32062]},"94o":{"weight":1.0,"played":[1.0,0.0,0.0],"evs":[0.0,-0.12955,-1.2317]},"T4o":{"weight":1.0,"played":[1.0,0.0,0.0],"evs":[0.0,-0.09526,-0.8854]},"J4o":{"weight":1.0,"played":[1.0,0.0,0.0],"evs":[0.0,-0.07032,-0.57685]},"Q4o":{"weight":1.0,"played":[0.3322,0.6678,0.0],"evs":[0.0,-4.3E-4,-0.0762]},"K4o":{"weight":1.0,"played":[0.0,0.0,1.0],"evs":[0.0,0.54938,0.59595]},"A4o":{"weight":1.0,"played":[0.0,0.0,1.0],"evs":[0.0,1.4977,1.55768]},"52s":{"weight":1.0,"played":[1.0,0.0,0.0],"evs":[0.0,-0.05728,-1.18032]},"53s":{"weight":1.0,"played":[1.0,0.0,0.0],"evs":[0.0,-0.02058,-0.94465]},"54s":{"weight":1.0,"played":[0.826,0.174,0.0],"evs":[0.0,-0.00108,-0.74096]},"55":{"weight":1.0,"played":[0.0,0.4838,0.5162],"evs":[0.0,1.60809,1.61454]},"65o":{"weight":1.0,"played":[1.0,0.0,0.0],"evs":[0.0,-0.07016,-1.13621]},"75o":{"weight":1.0,"played":[1.0,0.0,0.0],"evs":[0.0,-0.07514,-1.11878]},"85o":{"weight":1.0,"played":[1.0,0.0,0.0],"evs":[0.0,-0.08486,-1.08359]},"95o":{"weight":1.0,"played":[1.0,0.0,0.0],"evs":[0.0,-0.09824,-0.99385]},"T5o":{"weight":1.0,"played":[1.0,0.0,0.0],"evs":[0.0,-0.07889,-0.80045]},"J5o":{"weight":1.0,"played":[1.0,0.0,0.0],"evs":[0.0,-0.049,-0.46328]},"Q5o":{"weight":1.0,"played":[0.0,1.0E-4,0.9999],"evs":[0.0,0.04238,0.04968]},"K5o":{"weight":1.0,"played":[0.0,0.0,1.0],"evs":[0.0,0.69214,0.71568]},"A5o":{"weight":1.0,"played":[0.0,0.0,1.0],"evs":[0.0,1.63367,1.67909]},"62s":{"weight":1.0,"played":[1.0,0.0,0.0],"evs":[0.0,-0.08977,-1.29718]},"63s":{"weight":1.0,"played":[1.0,0.0,0.0],"evs":[0.0,-0.05916,-1.08227]},"64s":{"weight":1.0,"played":[0.9997,3.0E-4,0.0],"evs":[0.0,-0.03495,-0.85222]},"65s":{"weight":1.0,"played":[0.6665,0.3335,0.0],"evs":[0.0,-0.00292,-0.64751]},"66":{"weight":1.0,"played":[0.0,0.2696,0.7304],"evs":[0.0,1.96581,1.96442]},"76o":{"weight":1.0,"played":[1.0,0.0,0.0],"evs":[0.0,-0.06259,-0.90528]},"86o":{"weight":1.0,"played":[1.0,0.0,0.0],"evs":[0.0,-0.06381,-0.84314]},"96o":{"weight":1.0,"played":[1.0,0.0,0.0],"evs":[0.0,-0.07262,-0.74824]},"T6o":{"weight":1.0,"played":[1.0,0.0,0.0],"evs":[0.0,-0.06118,-0.56032]},"J6o":{"weight":1.0,"played":[0.9999,1.0E-4,0.0],"evs":[0.0,-0.04236,-0.35935]},"Q6o":{"weight":1.0,"played":[0.0,0.0,1.0],"evs":[0.0,0.14974,0.21696]},"K6o":{"weight":1.0,"played":[0.0,0.0,1.0],"evs":[0.0,0.79845,0.88712]},"A6o":{"weight":1.0,"played":[0.0,0.0,1.0],"evs":[0.0,1.6281,1.74882]},"72s":{"weight":1.0,"played":[1.0,0.0,0.0],"evs":[0.0,-0.09558,-1.3005]},"73s":{"weight":1.0,"played":[1.0,0.0,0.0],"evs":[0.0,-0.07187,-1.09023]},"74s":{"weight":1.0,"played":[1.0,0.0,0.0],"evs":[0.0,-0.03695,-0.86416]},"75s":{"weight":1.0,"played":[0.8117,0.1883,0.0],"evs":[0.0,-0.00392,-0.63512]},"76s":{"weight":1.0,"played":[4.0E-4,0.9996,0.0],"evs":[0.0,0.00525,-0.43022]},"77":{"weight":1.0,"played":[0.0,2.0E-4,0.9998],"evs":[0.0,2.35541,2.36628]},"87o":{"weight":1.0,"played":[1.0,0.0,0.0],"evs":[0.0,-0.02934,-0.58424]},"97o":{"weight":1.0,"played":[1.0,0.0,0.0],"evs":[0.0,-0.03239,-0.48129]},"T7o":{"weight":1.0,"played":[0.9994,6.0E-4,0.0],"evs":[0.0,-0.01547,-0.27566]},"J7o":{"weight":1.0,"played":[0.7149,0.285,1.0E-4],"evs":[0.0,-0.00186,-0.05962]},"Q7o":{"weight":1.0,"played":[0.0,0.0,1.0],"evs":[0.0,0.29556,0.37598]},"K7o":{"weight":1.0,"played":[0.0,0.0,1.0],"evs":[0.0,0.97493,1.07896]},"A7o":{"weight":1.0,"played":[0.0,0.0,1.0],"evs":[0.0,1.82666,1.95566]},"82s":{"weight":1.0,"played":[1.0,0.0,0.0],"evs":[0.0,-0.07986,-1.10777]},"83s":{"weight":1.0,"played":[1.0,0.0,0.0],"evs":[0.0,-0.0734,-1.04029]},"84s":{"weight":1.0,"played":[1.0,0.0,0.0],"evs":[0.0,-0.05255,-0.82949]},"85s":{"weight":1.0,"played":[0.9938,0.0062,0.0],"evs":[0.0,-0.01087,-0.60327]},"86s":{"weight":1.0,"played":[0.0047,0.9953,0.0],"evs":[0.0,0.00976,-0.3719]},"87s":{"weight":1.0,"played":[0.0013,0.9987,0.0],"evs":[0.0,0.04882,-0.12662]},"88":{"weight":1.0,"played":[0.0,0.0,1.0],"evs":[0.0,2.76967,2.811]},"98o":{"weight":1.0,"played":[0.5825,0.4175,0.0],"evs":[0.0,-6.8E-4,-0.20061]},"T8o":{"weight":1.0,"played":[0.0,0.2878,0.7122],"evs":[0.0,0.02216,0.0268]},"J8o":{"weight":1.0,"played":[0.0,0.0011,0.9989],"evs":[0.0,0.22809,0.24854]},"Q8o":{"weight":1.0,"played":[0.0,0.0,1.0],"evs":[0.0,0.60106,0.68491]},"K8o":{"weight":1.0,"played":[0.0,0.0,1.0],"evs":[0.0,1.1241,1.24265]},"A8o":{"weight":1.0,"played":[0.0,0.0,1.0],"evs":[0.0,2.01279,2.15052]},"92s":{"weight":1.0,"played":[1.0,0.0,0.0],"evs":[0.0,-0.07066,-0.88028]},"93s":{"weight":1.0,"played":[1.0,0.0,0.0],"evs":[0.0,-0.06096,-0.79014]},"94s":{"weight":1.0,"played":[0.9999,1.0E-4,0.0],"evs":[0.0,-0.05126,-0.7388]},"95s":{"weight":1.0,"played":[0.9986,0.0014,0.0],"evs":[0.0,-0.01594,-0.49555]},"96s":{"weight":1.0,"played":[0.1415,0.8585,0.0],"evs":[0.0,-4.5E-4,-0.28108]},"97s":{"weight":1.0,"played":[1.0E-4,0.9999,0.0],"evs":[0.0,0.04695,-0.01991]},"98s":{"weight":1.0,"played":[0.0,0.3762,0.6238],"evs":[0.0,0.22438,0.2314]},"99":{"weight":1.0,"played":[0.0,0.0,1.0],"evs":[0.0,3.20896,3.25386]},"T9o":{"weight":1.0,"played":[0.0,0.0,1.0],"evs":[0.0,0.30515,0.32856]},"J9o":{"weight":1.0,"played":[0.0,0.0044,0.9956],"evs":[0.0,0.53441,0.5498]},"Q9o":{"weight":1.0,"played":[0.0,0.0,1.0],"evs":[0.0,0.93992,1.00348]},"K9o":{"weight":1.0,"played":[0.0,0.0,1.0],"evs":[0.0,1.43982,1.55362]},"A9o":{"weight":1.0,"played":[0.0,0.0,1.0],"evs":[0.0,2.2003,2.34076]},"T2s":{"weight":1.0,"played":[1.0,0.0,0.0],"evs":[0.0,-0.02851,-0.57845]},"T3s":{"weight":1.0,"played":[1.0,0.0,0.0],"evs":[0.0,-0.02223,-0.49957]},"T4s":{"weight":1.0,"played":[0.9981,0.0019,0.0],"evs":[0.0,-0.01739,-0.40118]},"T5s":{"weight":1.0,"played":[0.039,0.961,0.0],"evs":[0.0,0.00726,-0.31847]},"T6s":{"weight":1.0,"played":[0.0,1.0,0.0],"evs":[0.0,0.02268,-0.11134]},"T7s":{"weight":1.0,"played":[0.0,0.5302,0.4698],"evs":[0.0,0.16371,0.16435]},"T8s":{"weight":1.0,"played":[0.0,0.1423,0.8577],"evs":[0.0,0.43337,0.43961]},"T9s":{"weight":1.0,"played":[0.0,0.0089,0.9911],"evs":[0.0,0.70576,0.71795]},"TT":{"weight":1.0,"played":[0.0,1.0E-4,0.9999],"evs":[0.0,3.70762,3.75443]},"JTo":{"weight":1.0,"played":[0.0,0.0464,0.9536],"evs":[0.0,0.95708,0.963]},"QTo":{"weight":1.0,"played":[0.0,0.0,1.0],"evs":[0.0,1.35547,1.40269]},"KTo":{"weight":1.0,"played":[0.0,0.0,1.0],"evs":[0.0,1.86393,1.95862]},"ATo":{"weight":1.0,"played":[0.0,0.0,1.0],"evs":[0.0,2.60975,2.73103]},"J2s":{"weight":1.0,"played":[0.1865,0.8135,0.0],"evs":[0.0,0.00127,-0.28788]},"J3s":{"weight":1.0,"played":[0.1123,0.8877,0.0],"evs":[0.0,0.00292,-0.21521]},"J4s":{"weight":1.0,"played":[1.0E-4,0.9999,0.0],"evs":[0.0,0.01676,-0.10888]},"J5s":{"weight":1.0,"played":[0.0,0.9999,1.0E-4],"evs":[0.0,0.03175,0.00577]},"J6s":{"weight":1.0,"played":[0.0,0.5528,0.4472],"evs":[0.0,0.09114,0.0929]},"J7s":{"weight":1.0,"played":[0.0,0.2081,0.7919],"evs":[0.0,0.36689,0.37975]},"J8s":{"weight":1.0,"played":[0.0,0.0827,0.9173],"evs":[0.0,0.62783,0.64719]},"J9s":{"weight":1.0,"played":[0.0,0.3581,0.6419],"evs":[0.0,0.92818,0.93104]},"JTs":{"weight":1.0,"played":[0.0,0.2098,0.7902],"evs":[0.0,1.31324,1.31625]},"JJ":{"weight":1.0,"played":[0.0,0.2803,0.7197],"evs":[0.0,4.13315,4.13745]},"QJo":{"weight":1.0,"played":[0.0,0.0,1.0],"evs":[0.0,1.49487,1.56518]},"KJo":{"weight":1.0,"played":[0.0,0.0,1.0],"evs":[0.0,2.00396,2.11096]},"AJo":{"weight":1.0,"played":[0.0,0.0,1.0],"evs":[0.0,2.77741,2.90166]},"Q2s":{"weight":1.0,"played":[0.0,0.0278,0.9722],"evs":[0.0,0.14615,0.15725]},"Q3s":{"weight":1.0,"played":[0.0,8.0E-4,0.9992],"evs":[0.0,0.24436,0.26885]},"Q4s":{"weight":1.0,"played":[0.0,2.0E-4,0.9998],"evs":[0.0,0.33812,0.36291]},"Q5s":{"weight":1.0,"played":[0.0,0.0896,0.9104],"evs":[0.0,0.47684,0.47938]},"Q6s":{"weight":1.0,"played":[0.0,0.0,1.0],"evs":[0.0,0.56637,0.6243]},"Q7s":{"weight":1.0,"played":[0.0,0.0,1.0],"evs":[0.0,0.70933,0.78019]},"Q8s":{"weight":1.0,"played":[0.0,0.0,1.0],"evs":[0.0,1.0072,1.07491]},"Q9s":{"weight":1.0,"played":[0.0,0.0,1.0],"evs":[0.0,1.2982,1.34633]},"QTs":{"weight":1.0,"played":[0.0,0.0,1.0],"evs":[0.0,1.68982,1.72469]},"QJs":{"weight":1.0,"played":[0.0,0.0,1.0],"evs":[0.0,1.81404,1.86773]},"QQ":{"weight":1.0,"played":[0.0,0.9685,0.0315],"evs":[0.0,4.56359,4.56189]},"KQo":{"weight":1.0,"played":[0.0,0.0,1.0],"evs":[0.0,2.19872,2.32526]},"AQo":{"weight":1.0,"played":[0.0,0.0,1.0],"evs":[0.0,2.96634,3.13156]},"K2s":{"weight":1.0,"played":[0.0,0.0,1.0],"evs":[0.0,0.79051,0.81603]},"K3s":{"weight":1.0,"played":[0.0,0.0,1.0],"evs":[0.0,0.88374,0.90697]},"K4s":{"weight":1.0,"played":[0.0,0.0,1.0],"evs":[0.0,0.96397,0.99426]},"K5s":{"weight":1.0,"played":[0.0,0.0,1.0],"evs":[0.0,1.09811,1.11615]},"K6s":{"weight":1.0,"played":[0.0,0.0,1.0],"evs":[0.0,1.19814,1.2793]},"K7s":{"weight":1.0,"played":[0.0,0.0,1.0],"evs":[0.0,1.35044,1.43428]},"K8s":{"weight":1.0,"played":[0.0,0.0,1.0],"evs":[0.0,1.47409,1.57453]},"K9s":{"weight":1.0,"played":[0.0,0.0,1.0],"evs":[0.0,1.77591,1.87568]},"KTs":{"weight":1.0,"played":[0.0,0.0,1.0],"evs":[0.0,2.15101,2.23454]},"KJs":{"weight":1.0,"played":[0.0,0.0,1.0],"evs":[0.0,2.29744,2.38559]},"KQs":{"weight":1.0,"played":[0.0,0.0,1.0],"evs":[0.0,2.4801,2.59656]},"KK":{"weight":1.0,"played":[0.0,0.2974,0.7026],"evs":[0.0,5.0782,5.08229]},"AKo":{"weight":1.0,"played":[0.0,0.0,1.0],"evs":[0.0,3.21565,3.36119]},"A2s":{"weight":1.0,"played":[0.0,0.0,1.0],"evs":[0.0,1.68695,1.73221]},"A3s":{"weight":1.0,"played":[0.0,1.0E-4,0.9999],"evs":[0.0,1.77121,1.82541]},"A4s":{"weight":1.0,"played":[0.0,0.0,1.0],"evs":[0.0,1.84681,1.8982]},"A5s":{"weight":1.0,"played":[0.0,0.0,1.0],"evs":[0.0,1.96476,2.00068]},"A6s":{"weight":1.0,"played":[0.0,0.0,1.0],"evs":[0.0,1.96631,2.07681]},"A7s":{"weight":1.0,"played":[0.0,0.0,1.0],"evs":[0.0,2.1527,2.2674]},"A8s":{"weight":1.0,"played":[0.0,0.0,1.0],"evs":[0.0,2.31904,2.43411]},"A9s":{"weight":1.0,"played":[0.0,0.0,1.0],"evs":[0.0,2.48878,2.6153]},"ATs":{"weight":1.0,"played":[0.0,0.0,1.0],"evs":[0.0,2.86844,2.97853]},"AJs":{"weight":1.0,"played":[0.0,0.0,1.0],"evs":[0.0,3.02855,3.14799]},"AQs":{"weight":1.0,"played":[0.0,0.0,1.0],"evs":[0.0,3.20465,3.352]},"AKs":{"weight":1.0,"played":[0.0,0.0,1.0],"evs":[0.0,3.43825,3.56519]},"AA":{"weight":1.0,"played":[0.0,0.3837,0.6163],"evs":[0.0,5.76865,5.76867]}}}