{"player":3,"street":0,"children":2,"sequence":[{"player":0,"type":"F","amount":0,"street":0},{"player":1,"type":"F","amount":0,"street":0},{"player":2,"type":"R","amount":200000,"street":0},{"player":3,"type":"C","amount":200000,"street":0},{"player":4,"type":"R","amount":1085000,"street":0},{"player":5,"type":"F","amount":0,"street":0},{"player":2,"type":"C","amount":885000,"street":0}],"actions":[{"type":"F","amount":0},{"type":"C","amount":785000}],"hands":{"22":{"weight":0.0,"played":[0.0,1.0],"evs":[0.0,0.45973]},"32o":{"weight":0.0,"played":[1.0,0.0],"evs":[0.0,-1.89524]},"42o":{"weight":0.0,"played":[1.0,0.0],"evs":[0.0,-1.75923]},"52o":{"weight":0.0,"played":[1.0,0.0],"evs":[0.0,-1.60487]},"62o":{"weight":0.0,"played":[1.0,0.0],"evs":[0.0,-1.98694]},"72o":{"weight":0.0,"played":[1.0,0.0],"evs":[0.0,-2.17739]},"82o":{"weight":0.0,"played":[1.0,0.0],"evs":[0.0,-2.06307]},"92o":{"weight":0.0,"played":[1.0,0.0],"evs":[0.0,-2.06873]},"T2o":{"weight":0.0,"played":[1.0,0.0],"evs":[0.0,-1.84762]},"J2o":{"weight":0.0,"played":[1.0,0.0],"evs":[0.0,-1.80021]},"Q2o":{"weight":0.0,"played":[1.0,0.0],"evs":[0.0,-1.53182]},"K2o":{"weight":0.0,"played":[1.0,0.0],"evs":[0.0,-1.33346]},"A2o":{"weight":0.0,"played":[0.9999,1.0E-4],"evs":[0.0,-0.46821]},"32s":{"weight":0.0,"played":[1.0,0.0],"evs":[0.0,-0.823]},"33":{"weight":0.0,"played":[0.0,1.0],"evs":[0.0,0.71319]},"43o":{"weight":0.0,"played":[1.0,0.0],"evs":[0.0,-1.40229]},"53o":{"weight":0.0,"played":[1.0,0.0],"evs":[0.0,-1.19057]},"63o":{"weight":0.0,"played":[1.0,0.0],"evs":[0.0,-1.53308]},"73o":{"weight":0.0,"played":[1.0,0.0],"evs":[0.0,-1.73519]},"83o":{"weight":0.0,"played":[1.0,0.0],"evs":[0.0,-2.0634]},"93o":{"weight":0.0,"played":[1.0,0.0],"evs":[0.0,-1.95458]},"T3o":{"weight":0.0,"played":[1.0,0.0],"evs":[0.0,-1.7346]},"J3o":{"weight":0.0,"played":[1.0,0.0],"evs":[0.0,-1.64518]},"Q3o":{"weight":0.0,"played":[1.0,0.0],"evs":[0.0,-1.44929]},"K3o":{"weight":0.0,"played":[1.0,0.0],"evs":[0.0,-1.18936]},"A3o":{"weight":0.0,"played":[1.0,0.0],"evs":[0.0,-0.37378]},"42s":{"weight":0.0,"played":[1.0,0.0],"evs":[0.0,-0.81847]},"43s":{"weight":0.0,"played":[1.0,0.0],"evs":[0.0,-0.37012]},"44":{"weight":0.0015,"played":[0.0,1.0],"evs":[0.0,0.94635]},"54o":{"weight":0.0,"played":[1.0,0.0],"evs":[0.0,-0.86013]},"64o":{"weight":0.0,"played":[1.0,0.0],"evs":[0.0,-1.2155]},"74o":{"weight":0.0,"played":[1.0,0.0],"evs":[0.0,-1.43663]},"84o":{"weight":0.0,"played":[1.0,0.0],"evs":[0.0,-1.62265]},"94o":{"weight":0.0,"played":[1.0,0.0],"evs":[0.0,-1.96594]},"T4o":{"weight":0.0,"played":[1.0,0.0],"evs":[0.0,-1.68849]},"J4o":{"weight":0.0,"played":[1.0,0.0],"evs":[0.0,-1.63559]},"Q4o":{"weight":0.0,"played":[1.0,0.0],"evs":[0.0,-1.35013]},"K4o":{"weight":0.0,"played":[1.0,0.0],"evs":[0.0,-1.14798]},"A4o":{"weight":0.0,"played":[0.9998,2.0E-4],"evs":[0.0,-0.1598]},"52s":{"weight":0.0,"played":[1.0,0.0],"evs":[0.0,-0.64904]},"53s":{"weight":0.0,"played":[0.9995,5.0E-4],"evs":[0.0,-0.24424]},"54s":{"weight":0.0,"played":[0.723,0.277],"evs":[0.0,-0.0028]},"55":{"weight":0.3223,"played":[0.0,1.0],"evs":[0.0,1.24307]},"65o":{"weight":0.0,"played":[1.0,0.0],"evs":[0.0,-0.81561]},"75o":{"weight":0.0,"played":[1.0,0.0],"evs":[0.0,-1.01817]},"85o":{"weight":0.0,"played":[1.0,0.0],"evs":[0.0,-1.16888]},"95o":{"weight":0.0,"played":[1.0,0.0],"evs":[0.0,-1.48771]},"T5o":{"weight":0.0,"played":[1.0,0.0],"evs":[0.0,-1.52816]},"J5o":{"weight":0.0,"played":[1.0,0.0],"evs":[0.0,-1.3917]},"Q5o":{"weight":0.0,"played":[1.0,0.0],"evs":[0.0,-1.1069]},"K5o":{"weight":0.0,"played":[1.0,0.0],"evs":[0.0,-0.93292]},"A5o":{"weight":1.0E-4,"played":[0.4945,0.5055],"evs":[0.0,0.0263]},"62s":{"weight":0.0,"played":[1.0,0.0],"evs":[0.0,-0.96961]},"63s":{"weight":0.0,"played":[1.0,0.0],"evs":[0.0,-0.54457]},"64s":{"weight":0.0,"played":[0.9985,0.0015],"evs":[0.0,-0.21858]},"65s":{"weight":0.0,"played":[0.0076,0.9924],"evs":[0.0,0.13306]},"66":{"weight":0.0585,"played":[0.0,1.0],"evs":[0.0,1.5856]},"76o":{"weight":0.0,"played":[1.0,0.0],"evs":[0.0,-0.65178]},"86o":{"weight":0.0,"played":[1.0,0.0],"evs":[0.0,-0.8726]},"96o":{"weight":0.0,"played":[1.0,0.0],"evs":[0.0,-1.12315]},"T6o":{"weight":0.0,"played":[1.0,0.0],"evs":[0.0,-1.14672]},"J6o":{"weight":0.0,"played":[1.0,0.0],"evs":[0.0,-1.47676]},"Q6o":{"weight":0.0,"played":[1.0,0.0],"evs":[0.0,-1.09169]},"K6o":{"weight":0.0,"played":[1.0,0.0],"evs":[0.0,-0.91987]},"A6o":{"weight":0.0,"played":[0.9996,4.0E-4],"evs":[0.0,-0.1506]},"72s":{"weight":0.0,"played":[1.0,0.0],"evs":[0.0,-1.13549]},"73s":{"weight":0.0,"played":[0.9999,1.0E-4],"evs":[0.0,-0.77834]},"74s":{"weight":0.0,"played":[1.0,0.0],"evs":[0.0,-0.40851]},"75s":{"weight":0.0,"played":[0.926,0.074],"evs":[0.0,-0.03986]},"76s":{"weight":0.0,"played":[5.0E-4,0.9995],"evs":[0.0,0.23311]},"77":{"weight":2.0E-4,"played":[0.0,1.0],"evs":[0.0,2.10481]},"87o":{"weight":0.0,"played":[1.0,0.0],"evs":[0.0,-0.61371]},"97o":{"weight":0.0,"played":[1.0,0.0],"evs":[0.0,-0.75254]},"T7o":{"weight":0.0,"played":[1.0,0.0],"evs":[0.0,-0.78192]},"J7o":{"weight":0.0,"played":[1.0,0.0],"evs":[0.0,-1.02509]},"Q7o":{"weight":0.0,"played":[1.0,0.0],"evs":[0.0,-0.93849]},"K7o":{"weight":0.0,"played":[1.0,0.0],"evs":[0.0,-0.67939]},"A7o":{"weight":4.0E-4,"played":[0.001,0.999],"evs":[0.0,0.23468]},"82s":{"weight":0.0,"played":[1.0,0.0],"evs":[0.0,-1.01879]},"83s":{"weight":0.0,"played":[1.0,0.0],"evs":[0.0,-0.87565]},"84s":{"weight":0.0,"played":[1.0,0.0],"evs":[0.0,-0.73246]},"85s":{"weight":0.0,"played":[0.9957,0.0043],"evs":[0.0,-0.17629]},"86s":{"weight":0.0,"played":[0.0176,0.9824],"evs":[0.0,0.08373]},"87s":{"weight":0.0,"played":[0.0029,0.9971],"evs":[0.0,0.3929]},"88":{"weight":0.0,"played":[0.0,1.0],"evs":[0.0,2.74658]},"98o":{"weight":0.0,"played":[1.0,0.0],"evs":[0.0,-0.49631]},"T8o":{"weight":0.0,"played":[1.0,0.0],"evs":[0.0,-0.42372]},"J8o":{"weight":0.0,"played":[1.0,0.0],"evs":[0.0,-0.6349]},"Q8o":{"weight":0.0,"played":[1.0,0.0],"evs":[0.0,-0.59821]},"K8o":{"weight":0.0,"played":[1.0,0.0],"evs":[0.0,-0.65335]},"A8o":{"weight":0.0,"played":[0.0,1.0],"evs":[0.0,0.64051]},"92s":{"weight":0.0,"played":[1.0,0.0],"evs":[0.0,-1.01185]},"93s":{"weight":0.0,"played":[1.0,0.0],"evs":[0.0,-0.92942]},"94s":{"weight":0.0,"played":[1.0,0.0],"evs":[0.0,-0.93833]},"95s":{"weight":0.0,"played":[1.0,0.0],"evs":[0.0,-0.51428]},"96s":{"weight":0.0,"played":[0.9994,6.0E-4],"evs":[0.0,-0.19715]},"97s":{"weight":0.0,"played":[0.0869,0.9131],"evs":[0.0,0.17279]},"98s":{"weight":0.0,"played":[4.0E-4,0.9996],"evs":[0.0,0.44118]},"99":{"weight":0.0,"played":[0.0,1.0],"evs":[0.0,3.50956]},"T9o":{"weight":0.0,"played":[1.0,0.0],"evs":[0.0,-0.04467]},"J9o":{"weight":0.0,"played":[1.0,0.0],"evs":[0.0,-0.27641]},"Q9o":{"weight":0.0,"played":[1.0,0.0],"evs":[0.0,-0.2417]},"K9o":{"weight":0.0,"played":[0.9998,2.0E-4],"evs":[0.0,-0.16246]},"A9o":{"weight":0.0,"played":[0.0,1.0],"evs":[0.0,1.20127]},"T2s":{"weight":0.0,"played":[1.0,0.0],"evs":[0.0,-0.7921]},"T3s":{"weight":0.0,"played":[1.0,0.0],"evs":[0.0,-0.63742]},"T4s":{"weight":0.0,"played":[0.9999,1.0E-4],"evs":[0.0,-0.64208]},"T5s":{"weight":0.0,"played":[0.9999,1.0E-4],"evs":[0.0,-0.50625]},"T6s":{"weight":0.0,"played":[0.9998,2.0E-4],"evs":[0.0,-0.18835]},"T7s":{"weight":0.0,"played":[0.0203,0.9797],"evs":[0.0,0.16347]},"T8s":{"weight":0.0,"played":[0.0325,0.9675],"evs":[0.0,0.47818]},"T9s":{"weight":0.0,"played":[0.0,1.0],"evs":[0.0,0.77815]},"TT":{"weight":0.0,"played":[0.0,1.0],"evs":[0.0,4.7562]},"JTo":{"weight":0.0,"played":[0.0,1.0],"evs":[0.0,0.39762]},"QTo":{"weight":0.0,"played":[2.0E-4,0.9998],"evs":[0.0,0.41503]},"KTo":{"weight":0.0,"played":[0.0,1.0],"evs":[0.0,0.70058]},"ATo":{"weight":0.0,"played":[0.0,1.0],"evs":[0.0,2.27099]},"J2s":{"weight":0.0,"played":[1.0,0.0],"evs":[0.0,-0.78197]},"J3s":{"weight":0.0,"played":[1.0,0.0],"evs":[0.0,-0.67977]},"J4s":{"weight":0.0,"played":[1.0,0.0],"evs":[0.0,-0.4692]},"J5s":{"weight":0.0,"played":[1.0,0.0],"evs":[0.0,-0.44446]},"J6s":{"weight":0.0,"played":[0.9997,3.0E-4],"evs":[0.0,-0.35006]},"J7s":{"weight":0.0,"played":[0.5755,0.4245],"evs":[0.0,-0.05809]},"J8s":{"weight":0.0,"played":[0.0054,0.9946],"evs":[0.0,0.25682]},"J9s":{"weight":0.0,"played":[0.0,1.0],"evs":[0.0,0.75218]},"JTs":{"weight":1.0,"played":[0.0,1.0],"evs":[0.0,1.38609]},"JJ":{"weight":0.0,"played":[0.0,1.0],"evs":[0.0,5.81139]},"QJo":{"weight":0.0,"played":[0.0,1.0],"evs":[0.0,0.61277]},"KJo":{"weight":0.0,"played":[0.0,1.0],"evs":[0.0,1.0652]},"AJo":{"weight":0.0,"played":[0.0,1.0],"evs":[0.0,2.83142]},"Q2s":{"weight":0.0,"played":[0.9999,1.0E-4],"evs":[0.0,-0.49716]},"Q3s":{"weight":0.0,"played":[0.9982,0.0018],"evs":[0.0,-0.24646]},"Q4s":{"weight":0.0,"played":[0.9949,0.0051],"evs":[0.0,-0.32979]},"Q5s":{"weight":0.0,"played":[0.9993,7.0E-4],"evs":[0.0,-0.12033]},"Q6s":{"weight":0.0,"played":[0.7612,0.2388],"evs":[0.0,-0.06067]},"Q7s":{"weight":0.0,"played":[0.333,0.667],"evs":[0.0,0.00764]},"Q8s":{"weight":0.0,"played":[0.0016,0.9984],"evs":[0.0,0.40237]},"Q9s":{"weight":0.0,"played":[0.0,1.0],"evs":[0.0,0.78703]},"QTs":{"weight":1.0,"played":[0.0,1.0],"evs":[0.0,1.30201]},"QJs":{"weight":0.0722,"played":[0.0,1.0],"evs":[0.0,1.52218]},"QQ":{"weight":0.0,"played":[0.0,1.0],"evs":[0.0,7.13969]},"KQo":{"weight":0.0,"played":[0.0,1.0],"evs":[0.0,1.71503]},"AQo":{"weight":0.0,"played":[0.0,1.0],"evs":[0.0,3.73418]},"K2s":{"weight":0.0,"played":[0.9994,6.0E-4],"evs":[0.0,-0.20947]},"K3s":{"weight":0.0,"played":[0.9979,0.0021],"evs":[0.0,-0.19799]},"K4s":{"weight":0.0,"played":[0.9906,0.0094],"evs":[0.0,-0.147]},"K5s":{"weight":0.0,"played":[0.2356,0.7644],"evs":[0.0,0.12744]},"K6s":{"weight":0.0,"played":[0.0,1.0],"evs":[0.0,0.12958]},"K7s":{"weight":0.0,"played":[1.0E-4,0.9999],"evs":[0.0,0.32884]},"K8s":{"weight":0.0017,"played":[0.0,1.0],"evs":[0.0,0.44961]},"K9s":{"weight":0.0588,"played":[0.0,1.0],"evs":[0.0,0.919]},"KTs":{"weight":0.0,"played":[0.0,1.0],"evs":[0.0,1.675]},"KJs":{"weight":0.0,"played":[0.0,1.0],"evs":[0.0,2.04746]},"KQs":{"weight":0.0,"played":[0.0,1.0],"evs":[0.0,2.51715]},"KK":{"weight":0.0,"played":[0.0,1.0],"evs":[0.0,8.87748]},"AKo":{"weight":0.0,"played":[0.0,1.0],"evs":[0.0,4.93357]},"A2s":{"weight":0.1472,"played":[0.0,1.0],"evs":[0.0,0.63663]},"A3s":{"weight":0.0449,"played":[0.0,1.0],"evs":[0.0,0.77577]},"A4s":{"weight":0.0013,"played":[0.0,1.0],"evs":[0.0,0.8329]},"A5s":{"weight":0.0,"played":[0.0,1.0],"evs":[0.0,1.08974]},"A6s":{"weight":3.0E-4,"played":[0.0,1.0],"evs":[0.0,0.90449]},"A7s":{"weight":0.0,"played":[0.0,1.0],"evs":[0.0,1.27392]},"A8s":{"weight":0.0,"played":[0.0,1.0],"evs":[0.0,1.73668]},"A9s":{"weight":0.0,"played":[0.0,1.0],"evs":[0.0,2.21847]},"ATs":{"weight":0.0,"played":[0.0,1.0],"evs":[0.0,3.0636]},"AJs":{"weight":0.0,"played":[0.0,1.0],"evs":[0.0,3.79462]},"AQs":{"weight":0.0,"played":[0.0,1.0],"evs":[0.0,4.57369]},"AKs":{"weight":0.0,"played":[0.0,1.0],"evs":[0.0,5.55312]},"AA":{"weight":7.0E-4,"played":[0.0,1.0],"evs":[0.0,12.59475]}}}