{"player":1,"street":0,"children":2,"sequence":[{"player":0,"type":"R","amount":200000,"street":0},{"player":1,"type":"C","amount":200000,"street":0},{"player":2,"type":"F","amount":0,"street":0},{"player":3,"type":"R","amount":985000,"street":0},{"player":4,"type":"R","amount":1085000,"street":0},{"player":5,"type":"F","amount":0,"street":0},{"player":0,"type":"R","amount":2785000,"street":0}],"actions":[{"type":"F","amount":0},{"type":"C","amount":2585000}],"hands":{"22":{"weight":0.3192,"played":[0.9971,0.0029],"evs":[0.0,-1.74828]},"32o":{"weight":0.0,"played":[1.0,0.0],"evs":[0.0,-7.2183]},"42o":{"weight":0.0,"played":[1.0,0.0],"evs":[0.0,-6.43927]},"52o":{"weight":0.0,"played":[1.0,0.0],"evs":[0.0,-6.66905]},"62o":{"weight":0.0,"played":[1.0,0.0],"evs":[0.0,-7.60434]},"72o":{"weight":0.0,"played":[1.0,0.0],"evs":[0.0,-8.09501]},"82o":{"weight":0.0,"played":[1.0,0.0],"evs":[0.0,-8.37922]},"92o":{"weight":0.0,"played":[1.0,0.0],"evs":[0.0,-7.64713]},"T2o":{"weight":0.0,"played":[1.0,0.0],"evs":[0.0,-7.24563]},"J2o":{"weight":0.0,"played":[1.0,0.0],"evs":[0.0,-6.96933]},"Q2o":{"weight":0.0,"played":[1.0,0.0],"evs":[0.0,-6.64845]},"K2o":{"weight":0.0,"played":[1.0,0.0],"evs":[0.0,-6.45343]},"A2o":{"weight":0.0,"played":[0.9999,1.0E-4],"evs":[0.0,-4.61323]},"32s":{"weight":0.0,"played":[0.9999,1.0E-4],"evs":[0.0,-5.63136]},"33":{"weight":0.9866,"played":[0.9986,0.0014],"evs":[0.0,-1.07177]},"43o":{"weight":0.0,"played":[1.0,0.0],"evs":[0.0,-6.24667]},"53o":{"weight":0.0,"played":[1.0,0.0],"evs":[0.0,-5.39732]},"63o":{"weight":0.0,"played":[1.0,0.0],"evs":[0.0,-6.18202]},"73o":{"weight":0.0,"played":[1.0,0.0],"evs":[0.0,-7.02655]},"83o":{"weight":0.0,"played":[1.0,0.0],"evs":[0.0,-7.72092]},"93o":{"weight":0.0,"played":[1.0,0.0],"evs":[0.0,-7.26685]},"T3o":{"weight":0.0,"played":[1.0,0.0],"evs":[0.0,-7.17445]},"J3o":{"weight":0.0,"played":[1.0,0.0],"evs":[0.0,-6.36031]},"Q3o":{"weight":0.0,"played":[1.0,0.0],"evs":[0.0,-6.20199]},"K3o":{"weight":0.0,"played":[1.0,0.0],"evs":[0.0,-5.59172]},"A3o":{"weight":0.0,"played":[1.0,0.0],"evs":[0.0,-4.01604]},"42s":{"weight":0.0,"played":[1.0,0.0],"evs":[0.0,-4.38736]},"43s":{"weight":0.0,"played":[0.9988,0.0012],"evs":[0.0,-3.06057]},"44":{"weight":0.9998,"played":[0.1112,0.8888],"evs":[0.0,0.03466]},"54o":{"weight":0.0,"played":[1.0,0.0],"evs":[0.0,-4.80943]},"64o":{"weight":0.0,"played":[1.0,0.0],"evs":[0.0,-5.44172]},"74o":{"weight":0.0,"played":[1.0,0.0],"evs":[0.0,-6.21295]},"84o":{"weight":0.0,"played":[1.0,0.0],"evs":[0.0,-6.66663]},"94o":{"weight":0.0,"played":[1.0,0.0],"evs":[0.0,-7.5197]},"T4o":{"weight":0.0,"played":[1.0,0.0],"evs":[0.0,-6.51443]},"J4o":{"weight":0.0,"played":[1.0,0.0],"evs":[0.0,-6.46731]},"Q4o":{"weight":0.0,"played":[1.0,0.0],"evs":[0.0,-5.69427]},"K4o":{"weight":0.0,"played":[0.9999,1.0E-4],"evs":[0.0,-5.20733]},"A4o":{"weight":0.0,"played":[0.9999,1.0E-4],"evs":[0.0,-3.61209]},"52s":{"weight":0.0,"played":[1.0,0.0],"evs":[0.0,-3.8854]},"53s":{"weight":0.0,"played":[0.9999,1.0E-4],"evs":[0.0,-2.86038]},"54s":{"weight":0.0,"played":[1.0,0.0],"evs":[0.0,-2.40968]},"55":{"weight":0.983,"played":[7.0E-4,0.9993],"evs":[0.0,1.11809]},"65o":{"weight":0.0,"played":[1.0,0.0],"evs":[0.0,-4.15795]},"75o":{"weight":0.0,"played":[1.0,0.0],"evs":[0.0,-4.95653]},"85o":{"weight":0.0,"played":[1.0,0.0],"evs":[0.0,-5.58786]},"95o":{"weight":0.0,"played":[1.0,0.0],"evs":[0.0,-5.41645]},"T5o":{"weight":0.0,"played":[1.0,0.0],"evs":[0.0,-6.86889]},"J5o":{"weight":0.0,"played":[0.9999,1.0E-4],"evs":[0.0,-5.7573]},"Q5o":{"weight":0.0,"played":[1.0,0.0],"evs":[0.0,-6.11924]},"K5o":{"weight":0.0,"played":[1.0,0.0],"evs":[0.0,-5.39656]},"A5o":{"weight":0.0,"played":[0.9999,1.0E-4],"evs":[0.0,-3.1727]},"62s":{"weight":0.0,"played":[1.0,0.0],"evs":[0.0,-4.62399]},"63s":{"weight":0.0,"played":[1.0,0.0],"evs":[0.0,-4.95768]},"64s":{"weight":0.0,"played":[1.0,0.0],"evs":[0.0,-2.75709]},"65s":{"weight":0.0,"played":[0.9972,0.0028],"evs":[0.0,-1.94593]},"66":{"weight":0.9968,"played":[9.0E-4,0.9991],"evs":[0.0,1.93987]},"76o":{"weight":0.0,"played":[1.0,0.0],"evs":[0.0,-4.28124]},"86o":{"weight":0.0,"played":[1.0,0.0],"evs":[0.0,-4.31925]},"96o":{"weight":0.0,"played":[1.0,0.0],"evs":[0.0,-4.97129]},"T6o":{"weight":0.0,"played":[1.0,0.0],"evs":[0.0,-5.52906]},"J6o":{"weight":0.0,"played":[1.0,0.0],"evs":[0.0,-5.97877]},"Q6o":{"weight":0.0,"played":[0.9999,1.0E-4],"evs":[0.0,-5.47403]},"K6o":{"weight":0.0,"played":[1.0,0.0],"evs":[0.0,-4.8109]},"A6o":{"weight":0.0,"played":[0.9999,1.0E-4],"evs":[0.0,-3.7075]},"72s":{"weight":0.0,"played":[1.0,0.0],"evs":[0.0,-5.59651]},"73s":{"weight":0.0,"played":[0.9991,9.0E-4],"evs":[0.0,-3.88066]},"74s":{"weight":0.0,"played":[0.9993,7.0E-4],"evs":[0.0,-2.84074]},"75s":{"weight":0.0,"played":[0.9995,5.0E-4],"evs":[0.0,-2.87326]},"76s":{"weight":0.8317,"played":[0.9999,1.0E-4],"evs":[0.0,-1.28077]},"77":{"weight":0.9912,"played":[0.0,1.0],"evs":[0.0,3.49033]},"87o":{"weight":0.0,"played":[1.0,0.0],"evs":[0.0,-4.01683]},"97o":{"weight":0.0,"played":[1.0,0.0],"evs":[0.0,-3.59346]},"T7o":{"weight":0.0,"played":[1.0,0.0],"evs":[0.0,-4.4442]},"J7o":{"weight":0.0,"played":[1.0,0.0],"evs":[0.0,-4.82051]},"Q7o":{"weight":0.0,"played":[0.9999,1.0E-4],"evs":[0.0,-5.28967]},"K7o":{"weight":0.0,"played":[1.0,0.0],"evs":[0.0,-4.46531]},"A7o":{"weight":0.0,"played":[1.0,0.0],"evs":[0.0,-3.12873]},"82s":{"weight":0.0,"played":[1.0,0.0],"evs":[0.0,-5.367]},"83s":{"weight":0.0,"played":[1.0,0.0],"evs":[0.0,-4.81897]},"84s":{"weight":0.0,"played":[1.0,0.0],"evs":[0.0,-4.70796]},"85s":{"weight":0.0,"played":[1.0,0.0],"evs":[0.0,-3.17216]},"86s":{"weight":0.0,"played":[1.0,0.0],"evs":[0.0,-3.24741]},"87s":{"weight":0.7906,"played":[0.9992,8.0E-4],"evs":[0.0,-1.42982]},"88":{"weight":0.9935,"played":[0.0,1.0],"evs":[0.0,5.8097]},"98o":{"weight":0.0,"played":[1.0,0.0],"evs":[0.0,-3.4158]},"T8o":{"weight":0.0,"played":[1.0,0.0],"evs":[0.0,-3.75051]},"J8o":{"weight":0.0,"played":[1.0,0.0],"evs":[0.0,-4.27879]},"Q8o":{"weight":0.0,"played":[1.0,0.0],"evs":[0.0,-4.22402]},"K8o":{"weight":0.0,"played":[0.9999,1.0E-4],"evs":[0.0,-4.74008]},"A8o":{"weight":0.0,"played":[0.9998,2.0E-4],"evs":[0.0,-3.20966]},"92s":{"weight":0.0,"played":[0.9994,6.0E-4],"evs":[0.0,-4.6413]},"93s":{"weight":0.0,"played":[0.9999,1.0E-4],"evs":[0.0,-4.83346]},"94s":{"weight":0.0,"played":[0.9984,0.0016],"evs":[0.0,-4.19612]},"95s":{"weight":0.0,"played":[1.0,0.0],"evs":[0.0,-3.8346]},"96s":{"weight":0.0,"played":[0.9986,0.0014],"evs":[0.0,-1.8758]},"97s":{"weight":0.0,"played":[0.9978,0.0022],"evs":[0.0,-1.22068]},"98s":{"weight":0.9997,"played":[0.9779,0.0221],"evs":[0.0,-0.90837]},"99":{"weight":0.5847,"played":[0.0,1.0],"evs":[0.0,6.86035]},"T9o":{"weight":0.0,"played":[1.0,0.0],"evs":[0.0,-2.95854]},"J9o":{"weight":0.0,"played":[1.0,0.0],"evs":[0.0,-3.28372]},"Q9o":{"weight":0.0,"played":[1.0,0.0],"evs":[0.0,-3.28374]},"K9o":{"weight":0.0,"played":[0.9996,4.0E-4],"evs":[0.0,-3.678]},"A9o":{"weight":0.0,"played":[0.9989,0.0011],"evs":[0.0,-2.39359]},"T2s":{"weight":0.0,"played":[1.0,0.0],"evs":[0.0,-4.42367]},"T3s":{"weight":0.0,"played":[1.0,0.0],"evs":[0.0,-4.97878]},"T4s":{"weight":0.0,"played":[1.0,0.0],"evs":[0.0,-4.08938]},"T5s":{"weight":0.0,"played":[0.9994,6.0E-4],"evs":[0.0,-2.54956]},"T6s":{"weight":0.0,"played":[0.9986,0.0014],"evs":[0.0,-3.04863]},"T7s":{"weight":0.0,"played":[0.9998,2.0E-4],"evs":[0.0,-1.98306]},"T8s":{"weight":0.996,"played":[0.9942,0.0058],"evs":[0.0,-1.32305]},"T9s":{"weight":0.997,"played":[0.9967,0.0033],"evs":[0.0,-0.20501]},"TT":{"weight":0.0148,"played":[0.0,1.0],"evs":[0.0,9.42026]},"JTo":{"weight":0.0,"played":[1.0,0.0],"evs":[0.0,-2.17301]},"QTo":{"weight":0.0,"played":[0.9993,7.0E-4],"evs":[0.0,-3.02939]},"KTo":{"weight":0.0,"played":[0.9996,4.0E-4],"evs":[0.0,-2.24602]},"ATo":{"weight":0.9773,"played":[0.9568,0.0432],"evs":[0.0,-0.47563]},"J2s":{"weight":0.0,"played":[0.9999,1.0E-4],"evs":[0.0,-4.06795]},"J3s":{"weight":0.0,"played":[0.9999,1.0E-4],"evs":[0.0,-4.11214]},"J4s":{"weight":0.0,"played":[0.9997,3.0E-4],"evs":[0.0,-4.70008]},"J5s":{"weight":0.0,"played":[0.9999,1.0E-4],"evs":[0.0,-3.08097]},"J6s":{"weight":0.0,"played":[1.0,0.0],"evs":[0.0,-2.2202]},"J7s":{"weight":0.0,"played":[0.9985,0.0015],"evs":[0.0,-2.91206]},"J8s":{"weight":0.0,"played":[0.9909,0.0091],"evs":[0.0,-1.36766]},"J9s":{"weight":0.9998,"played":[0.9085,0.0915],"evs":[0.0,-0.60099]},"JTs":{"weight":0.923,"played":[0.2702,0.7298],"evs":[0.0,-0.01799]},"JJ":{"weight":0.8665,"played":[0.0,1.0],"evs":[0.0,12.6831]},"QJo":{"weight":0.5343,"played":[0.9999,1.0E-4],"evs":[0.0,-2.03509]},"KJo":{"weight":0.9728,"played":[0.9981,0.0019],"evs":[0.0,-1.19053]},"AJo":{"weight":0.9731,"played":[0.0155,0.9845],"evs":[0.0,1.20802]},"Q2s":{"weight":0.0,"played":[1.0,0.0],"evs":[0.0,-4.06626]},"Q3s":{"weight":0.0,"played":[0.9999,1.0E-4],"evs":[0.0,-4.18381]},"Q4s":{"weight":0.0,"played":[0.9998,2.0E-4],"evs":[0.0,-3.62396]},"Q5s":{"weight":0.0,"played":[1.0,0.0],"evs":[0.0,-3.69531]},"Q6s":{"weight":0.0,"played":[0.9998,2.0E-4],"evs":[0.0,-2.54283]},"Q7s":{"weight":0.0,"played":[0.9982,0.0018],"evs":[0.0,-3.11465]},"Q8s":{"weight":0.0,"played":[0.9993,7.0E-4],"evs":[0.0,-1.0722]},"Q9s":{"weight":0.9598,"played":[0.6964,0.3036],"evs":[0.0,-0.07366]},"QTs":{"weight":0.7635,"played":[0.1627,0.8373],"evs":[0.0,0.2555]},"QJs":{"weight":0.0061,"played":[0.2755,0.7245],"evs":[0.0,1.11709]},"QQ":{"weight":0.888,"played":[0.0,1.0],"evs":[0.0,16.24455]},"KQo":{"weight":0.8698,"played":[0.0977,0.9023],"evs":[0.0,0.035]},"AQo":{"weight":0.9602,"played":[0.0,1.0],"evs":[0.0,2.73292]},"K2s":{"weight":0.0,"played":[1.0,0.0],"evs":[0.0,-3.24447]},"K3s":{"weight":0.0,"played":[0.9997,3.0E-4],"evs":[0.0,-3.78481]},"K4s":{"weight":0.0,"played":[0.9989,0.0011],"evs":[0.0,-3.80164]},"K5s":{"weight":0.0,"played":[0.9994,6.0E-4],"evs":[0.0,-2.51912]},"K6s":{"weight":0.0,"played":[0.9997,3.0E-4],"evs":[0.0,-1.97933]},"K7s":{"weight":0.0611,"played":[0.9723,0.0277],"evs":[0.0,-2.31037]},"K8s":{"weight":0.827,"played":[0.9996,4.0E-4],"evs":[0.0,-1.99638]},"K9s":{"weight":0.883,"played":[0.967,0.033],"evs":[0.0,-0.59953]},"KTs":{"weight":0.9233,"played":[0.366,0.634],"evs":[0.0,0.01719]},"KJs":{"weight":0.5488,"played":[0.0196,0.9804],"evs":[0.0,1.35166]},"KQs":{"weight":1.0,"played":[1.0E-4,0.9999],"evs":[0.0,3.01715]},"KK":{"weight":0.9494,"played":[0.0,1.0],"evs":[0.0,21.82983]},"AKo":{"weight":0.0,"played":[0.0,1.0],"evs":[0.0,5.86834]},"A2s":{"weight":0.0,"played":[0.9821,0.0179],"evs":[0.0,-1.31586]},"A3s":{"weight":0.9868,"played":[0.8995,0.1005],"evs":[0.0,-0.69045]},"A4s":{"weight":0.9692,"played":[0.9251,0.0749],"evs":[0.0,-0.6756]},"A5s":{"weight":0.9787,"played":[0.8121,0.1879],"evs":[0.0,-0.485]},"A6s":{"weight":0.9833,"played":[0.9906,0.0094],"evs":[0.0,-1.06839]},"A7s":{"weight":0.9724,"played":[0.9928,0.0072],"evs":[0.0,-0.48028]},"A8s":{"weight":0.9363,"played":[0.1093,0.8907],"evs":[0.0,0.41322]},"A9s":{"weight":0.9999,"played":[0.0603,0.9397],"evs":[0.0,-2.9E-4]},"ATs":{"weight":1.0,"played":[3.0E-4,0.9997],"evs":[0.0,1.77941]},"AJs":{"weight":1.0,"played":[0.0,1.0],"evs":[0.0,3.34821]},"AQs":{"weight":0.9999,"played":[0.0,1.0],"evs":[0.0,6.07802]},"AKs":{"weight":0.6946,"played":[0.0,1.0],"evs":[0.0,7.75017]},"AA":{"weight":0.8991,"played":[0.0,1.0],"evs":[0.0,28.35789]}}}