{"player":1,"street":0,"children":2,"sequence":[{"player":0,"type":"R","amount":200000,"street":0},{"player":1,"type":"C","amount":200000,"street":0},{"player":2,"type":"F","amount":0,"street":0},{"player":3,"type":"R","amount":985000,"street":0},{"player":4,"type":"R","amount":1085000,"street":0},{"player":5,"type":"R","amount":1985000,"street":0},{"player":0,"type":"R","amount":2885000,"street":0}],"actions":[{"type":"F","amount":0},{"type":"C","amount":2585000}],"hands":{"22":{"weight":0.3192,"played":[0.9784,0.0216],"evs":[0.0,-2.05247]},"32o":{"weight":0.0,"played":[0.9996,4.0E-4],"evs":[0.0,-6.43581]},"42o":{"weight":0.0,"played":[0.9998,2.0E-4],"evs":[0.0,-7.65439]},"52o":{"weight":0.0,"played":[0.9992,8.0E-4],"evs":[0.0,-7.18244]},"62o":{"weight":0.0,"played":[0.9999,1.0E-4],"evs":[0.0,-7.94197]},"72o":{"weight":0.0,"played":[0.9999,1.0E-4],"evs":[0.0,-8.68285]},"82o":{"weight":0.0,"played":[0.9996,4.0E-4],"evs":[0.0,-7.68351]},"92o":{"weight":0.0,"played":[1.0,0.0],"evs":[0.0,-8.26749]},"T2o":{"weight":0.0,"played":[1.0,0.0],"evs":[0.0,-8.40262]},"J2o":{"weight":0.0,"played":[1.0,0.0],"evs":[0.0,-8.49464]},"Q2o":{"weight":0.0,"played":[0.9994,6.0E-4],"evs":[0.0,-7.85358]},"K2o":{"weight":0.0,"played":[0.9999,1.0E-4],"evs":[0.0,-7.21016]},"A2o":{"weight":0.0,"played":[0.995,0.005],"evs":[0.0,-6.52953]},"32s":{"weight":0.0,"played":[0.9996,4.0E-4],"evs":[0.0,-3.32203]},"33":{"weight":0.9866,"played":[0.8881,0.1119],"evs":[0.0,-2.5194]},"43o":{"weight":0.0,"played":[0.9999,1.0E-4],"evs":[0.0,-3.8644]},"53o":{"weight":0.0,"played":[0.9971,0.0029],"evs":[0.0,-5.73936]},"63o":{"weight":0.0,"played":[0.9999,1.0E-4],"evs":[0.0,-6.161]},"73o":{"weight":0.0,"played":[0.9994,6.0E-4],"evs":[0.0,-8.73661]},"83o":{"weight":0.0,"played":[1.0,0.0],"evs":[0.0,-8.40156]},"93o":{"weight":0.0,"played":[1.0,0.0],"evs":[0.0,-8.92187]},"T3o":{"weight":0.0,"played":[0.9999,1.0E-4],"evs":[0.0,-7.47435]},"J3o":{"weight":0.0,"played":[1.0,0.0],"evs":[0.0,-8.86216]},"Q3o":{"weight":0.0,"played":[0.9991,9.0E-4],"evs":[0.0,-6.80077]},"K3o":{"weight":0.0,"played":[1.0,0.0],"evs":[0.0,-6.11389]},"A3o":{"weight":0.0,"played":[1.0,0.0],"evs":[0.0,-5.12381]},"42s":{"weight":0.0,"played":[0.9971,0.0029],"evs":[0.0,-2.72669]},"43s":{"weight":0.0,"played":[0.5446,0.4554],"evs":[0.0,-1.97192]},"44":{"weight":0.9998,"played":[0.9039,0.0961],"evs":[0.0,-1.30238]},"54o":{"weight":0.0,"played":[0.9941,0.0059],"evs":[0.0,-2.92243]},"64o":{"weight":0.0,"played":[0.9999,1.0E-4],"evs":[0.0,-5.27893]},"74o":{"weight":0.0,"played":[1.0,0.0],"evs":[0.0,-4.56295]},"84o":{"weight":0.0,"played":[1.0,0.0],"evs":[0.0,-7.65586]},"94o":{"weight":0.0,"played":[1.0,0.0],"evs":[0.0,-7.73248]},"T4o":{"weight":0.0,"played":[1.0,0.0],"evs":[0.0,-7.06985]},"J4o":{"weight":0.0,"played":[1.0,0.0],"evs":[0.0,-7.27348]},"Q4o":{"weight":0.0,"played":[0.9996,4.0E-4],"evs":[0.0,-8.37475]},"K4o":{"weight":0.0,"played":[1.0,0.0],"evs":[0.0,-6.08321]},"A4o":{"weight":0.0,"played":[0.9988,0.0012],"evs":[0.0,-4.21192]},"52s":{"weight":0.0,"played":[0.999,0.001],"evs":[0.0,-1.03628]},"53s":{"weight":0.0,"played":[0.9986,0.0014],"evs":[0.0,-0.72827]},"54s":{"weight":0.0,"played":[0.5251,0.4749],"evs":[0.0,-0.05786]},"55":{"weight":0.983,"played":[0.7772,0.2228],"evs":[0.0,-0.68408]},"65o":{"weight":0.0,"played":[0.9979,0.0021],"evs":[0.0,-4.08463]},"75o":{"weight":0.0,"played":[0.9998,2.0E-4],"evs":[0.0,-4.71262]},"85o":{"weight":0.0,"played":[1.0,0.0],"evs":[0.0,-6.97521]},"95o":{"weight":0.0,"played":[1.0,0.0],"evs":[0.0,-5.06742]},"T5o":{"weight":0.0,"played":[0.9999,1.0E-4],"evs":[0.0,-6.98406]},"J5o":{"weight":0.0,"played":[0.9988,0.0012],"evs":[0.0,-6.69662]},"Q5o":{"weight":0.0,"played":[0.9992,8.0E-4],"evs":[0.0,-7.3312]},"K5o":{"weight":0.0,"played":[0.9982,0.0018],"evs":[0.0,-6.50038]},"A5o":{"weight":0.0,"played":[0.9945,0.0055],"evs":[0.0,-3.84856]},"62s":{"weight":0.0,"played":[0.9951,0.0049],"evs":[0.0,-2.18888]},"63s":{"weight":0.0,"played":[0.9989,0.0011],"evs":[0.0,-3.62002]},"64s":{"weight":0.0,"played":[0.9708,0.0292],"evs":[0.0,-3.60281]},"65s":{"weight":0.0,"played":[0.9816,0.0184],"evs":[0.0,-1.87819]},"66":{"weight":0.9968,"played":[0.0025,0.9975],"evs":[0.0,1.33684]},"76o":{"weight":0.0,"played":[0.966,0.034],"evs":[0.0,-3.12361]},"86o":{"weight":0.0,"played":[0.9961,0.0039],"evs":[0.0,-4.39919]},"96o":{"weight":0.0,"played":[0.9952,0.0048],"evs":[0.0,-5.62379]},"T6o":{"weight":0.0,"played":[1.0,0.0],"evs":[0.0,-6.10496]},"J6o":{"weight":0.0,"played":[0.9994,6.0E-4],"evs":[0.0,-6.02425]},"Q6o":{"weight":0.0,"played":[0.9994,6.0E-4],"evs":[0.0,-5.77498]},"K6o":{"weight":0.0,"played":[0.9986,0.0014],"evs":[0.0,-7.04156]},"A6o":{"weight":0.0,"played":[0.9981,0.0019],"evs":[0.0,-5.85273]},"72s":{"weight":0.0,"played":[0.9993,7.0E-4],"evs":[0.0,-7.31838]},"73s":{"weight":0.0,"played":[0.9961,0.0039],"evs":[0.0,-3.64422]},"74s":{"weight":0.0,"played":[0.87,0.13],"evs":[0.0,0.72548]},"75s":{"weight":0.0,"played":[0.997,0.003],"evs":[0.0,-0.86531]},"76s":{"weight":0.8317,"played":[0.9333,0.0667],"evs":[0.0,-2.39873]},"77":{"weight":0.9912,"played":[2.0E-4,0.9998],"evs":[0.0,2.82191]},"87o":{"weight":0.0,"played":[0.9992,8.0E-4],"evs":[0.0,-3.25824]},"97o":{"weight":0.0,"played":[0.9944,0.0056],"evs":[0.0,-4.49456]},"T7o":{"weight":0.0,"played":[0.9999,1.0E-4],"evs":[0.0,-5.19897]},"J7o":{"weight":0.0,"played":[1.0,0.0],"evs":[0.0,-6.06941]},"Q7o":{"weight":0.0,"played":[0.9989,0.0011],"evs":[0.0,-7.13105]},"K7o":{"weight":0.0,"played":[0.9997,3.0E-4],"evs":[0.0,-6.91032]},"A7o":{"weight":0.0,"played":[0.996,0.004],"evs":[0.0,-4.82855]},"82s":{"weight":0.0,"played":[0.9823,0.0177],"evs":[0.0,-4.37646]},"83s":{"weight":0.0,"played":[0.9999,1.0E-4],"evs":[0.0,-3.17482]},"84s":{"weight":0.0,"played":[0.9973,0.0027],"evs":[0.0,-1.55461]},"85s":{"weight":0.0,"played":[0.8587,0.1413],"evs":[0.0,-3.61825]},"86s":{"weight":0.0,"played":[0.9439,0.0561],"evs":[0.0,-1.72124]},"87s":{"weight":0.7906,"played":[0.9779,0.0221],"evs":[0.0,-4.27579]},"88":{"weight":0.9935,"played":[1.0E-4,0.9999],"evs":[0.0,4.65926]},"98o":{"weight":0.0,"played":[0.9985,0.0015],"evs":[0.0,-3.75201]},"T8o":{"weight":0.0,"played":[0.9961,0.0039],"evs":[0.0,-3.35626]},"J8o":{"weight":0.0,"played":[0.9972,0.0028],"evs":[0.0,-5.728]},"Q8o":{"weight":0.0,"played":[0.9963,0.0037],"evs":[0.0,-6.42954]},"K8o":{"weight":0.0,"played":[0.9882,0.0118],"evs":[0.0,-6.51934]},"A8o":{"weight":0.0,"played":[0.9955,0.0045],"evs":[0.0,-4.95811]},"92s":{"weight":0.0,"played":[0.9952,0.0048],"evs":[0.0,-2.5374]},"93s":{"weight":0.0,"played":[0.942,0.058],"evs":[0.0,-3.66956]},"94s":{"weight":0.0,"played":[0.9697,0.0303],"evs":[0.0,-3.19754]},"95s":{"weight":0.0,"played":[0.9851,0.0149],"evs":[0.0,-2.14616]},"96s":{"weight":0.0,"played":[0.9242,0.0758],"evs":[0.0,-2.51306]},"97s":{"weight":0.0,"played":[0.9666,0.0334],"evs":[0.0,-1.72782]},"98s":{"weight":0.9997,"played":[0.5373,0.4627],"evs":[0.0,0.06552]},"99":{"weight":0.5847,"played":[0.0,1.0],"evs":[0.0,7.8638]},"T9o":{"weight":0.0,"played":[0.9953,0.0047],"evs":[0.0,-1.79155]},"J9o":{"weight":0.0,"played":[0.9999,1.0E-4],"evs":[0.0,-4.90854]},"Q9o":{"weight":0.0,"played":[0.9994,6.0E-4],"evs":[0.0,-5.1067]},"K9o":{"weight":0.0,"played":[0.997,0.003],"evs":[0.0,-4.11457]},"A9o":{"weight":0.0,"played":[0.9957,0.0043],"evs":[0.0,-4.35167]},"T2s":{"weight":0.0,"played":[0.992,0.008],"evs":[0.0,-4.96309]},"T3s":{"weight":0.0,"played":[0.9941,0.0059],"evs":[0.0,-4.70015]},"T4s":{"weight":0.0,"played":[0.9829,0.0171],"evs":[0.0,-4.47548]},"T5s":{"weight":0.0,"played":[0.9916,0.0084],"evs":[0.0,-3.78287]},"T6s":{"weight":0.0,"played":[0.829,0.171],"evs":[0.0,-1.70692]},"T7s":{"weight":0.0,"played":[0.9958,0.0042],"evs":[0.0,-4.13453]},"T8s":{"weight":0.996,"played":[0.6276,0.3724],"evs":[0.0,-1.10742]},"T9s":{"weight":0.997,"played":[0.9874,0.0126],"evs":[0.0,-2.23731]},"TT":{"weight":0.0148,"played":[0.0,1.0],"evs":[0.0,6.60222]},"JTo":{"weight":0.0,"played":[0.9936,0.0064],"evs":[0.0,-1.98479]},"QTo":{"weight":0.0,"played":[0.873,0.127],"evs":[0.0,-1.1329]},"KTo":{"weight":0.0,"played":[0.9527,0.0473],"evs":[0.0,-1.48194]},"ATo":{"weight":0.9773,"played":[0.9868,0.0132],"evs":[0.0,-1.58408]},"J2s":{"weight":0.0,"played":[0.9997,3.0E-4],"evs":[0.0,-4.13511]},"J3s":{"weight":0.0,"played":[0.9979,0.0021],"evs":[0.0,-3.64892]},"J4s":{"weight":0.0,"played":[0.9783,0.0217],"evs":[0.0,-4.30728]},"J5s":{"weight":0.0,"played":[0.7813,0.2187],"evs":[0.0,-2.86472]},"J6s":{"weight":0.0,"played":[0.9997,3.0E-4],"evs":[0.0,-5.12848]},"J7s":{"weight":0.0,"played":[0.9463,0.0537],"evs":[0.0,-4.83434]},"J8s":{"weight":0.0,"played":[0.7983,0.2017],"evs":[0.0,1.35584]},"J9s":{"weight":0.9998,"played":[0.7028,0.2972],"evs":[0.0,-2.37709]},"JTs":{"weight":0.923,"played":[0.718,0.282],"evs":[0.0,-1.14805]},"JJ":{"weight":0.8665,"played":[1.0E-4,0.9999],"evs":[0.0,14.49913]},"QJo":{"weight":0.5343,"played":[0.9668,0.0332],"evs":[0.0,-2.52657]},"KJo":{"weight":0.9728,"played":[0.929,0.071],"evs":[0.0,-1.4575]},"AJo":{"weight":0.9731,"played":[0.9034,0.0966],"evs":[0.0,-1.03655]},"Q2s":{"weight":0.0,"played":[1.0,0.0],"evs":[0.0,-6.4024]},"Q3s":{"weight":0.0,"played":[0.9626,0.0374],"evs":[0.0,-3.29782]},"Q4s":{"weight":0.0,"played":[0.9819,0.0181],"evs":[0.0,-2.23793]},"Q5s":{"weight":0.0,"played":[0.9984,0.0016],"evs":[0.0,-5.7101]},"Q6s":{"weight":0.0,"played":[0.9957,0.0043],"evs":[0.0,-4.31111]},"Q7s":{"weight":0.0,"played":[0.9953,0.0047],"evs":[0.0,-3.23517]},"Q8s":{"weight":0.0,"played":[0.1897,0.8103],"evs":[0.0,1.31226]},"Q9s":{"weight":0.9598,"played":[0.6067,0.3933],"evs":[0.0,-0.82013]},"QTs":{"weight":0.7635,"played":[0.0566,0.9434],"evs":[0.0,1.79023]},"QJs":{"weight":0.0061,"played":[0.3906,0.6094],"evs":[0.0,2.64347]},"QQ":{"weight":0.888,"played":[0.0,1.0],"evs":[0.0,17.48118]},"KQo":{"weight":0.8698,"played":[0.7554,0.2446],"evs":[0.0,-0.9899]},"AQo":{"weight":0.9602,"played":[0.3872,0.6128],"evs":[0.0,-1.1099]},"K2s":{"weight":0.0,"played":[0.9889,0.0111],"evs":[0.0,-4.33982]},"K3s":{"weight":0.0,"played":[0.9988,0.0012],"evs":[0.0,-3.60086]},"K4s":{"weight":0.0,"played":[0.9935,0.0065],"evs":[0.0,-2.50256]},"K5s":{"weight":0.0,"played":[0.9897,0.0103],"evs":[0.0,-1.21133]},"K6s":{"weight":0.0,"played":[0.8232,0.1768],"evs":[0.0,-2.63972]},"K7s":{"weight":0.0611,"played":[0.6423,0.3577],"evs":[0.0,-0.87009]},"K8s":{"weight":0.827,"played":[0.6104,0.3896],"evs":[0.0,-2.34764]},"K9s":{"weight":0.883,"played":[0.9319,0.0681],"evs":[0.0,-2.71271]},"KTs":{"weight":0.9233,"played":[0.005,0.995],"evs":[0.0,2.51962]},"KJs":{"weight":0.5488,"played":[0.9555,0.0445],"evs":[0.0,-1.94202]},"KQs":{"weight":1.0,"played":[0.0,1.0],"evs":[0.0,2.21928]},"KK":{"weight":0.9494,"played":[0.0,1.0],"evs":[0.0,22.94708]},"AKo":{"weight":0.0,"played":[3.0E-4,0.9997],"evs":[0.0,2.36408]},"A2s":{"weight":0.0,"played":[0.9302,0.0698],"evs":[0.0,-2.33068]},"A3s":{"weight":0.9868,"played":[0.6444,0.3556],"evs":[0.0,-1.2623]},"A4s":{"weight":0.9692,"played":[0.9627,0.0373],"evs":[0.0,-1.00976]},"A5s":{"weight":0.9787,"played":[0.4638,0.5362],"evs":[0.0,0.41731]},"A6s":{"weight":0.9833,"played":[0.8098,0.1902],"evs":[0.0,-1.99687]},"A7s":{"weight":0.9724,"played":[0.7543,0.2457],"evs":[0.0,-1.83364]},"A8s":{"weight":0.9363,"played":[0.9244,0.0756],"evs":[0.0,-1.66058]},"A9s":{"weight":0.9999,"played":[9.0E-4,0.9991],"evs":[0.0,2.73951]},"ATs":{"weight":1.0,"played":[0.2169,0.7831],"evs":[0.0,0.40017]},"AJs":{"weight":1.0,"played":[0.0591,0.9409],"evs":[0.0,3.02084]},"AQs":{"weight":0.9999,"played":[2.0E-4,0.9998],"evs":[0.0,2.91389]},"AKs":{"weight":0.6946,"played":[0.0,1.0],"evs":[0.0,3.79804]},"AA":{"weight":0.8991,"played":[0.0,1.0],"evs":[0.0,32.23427]}}}