{"player":3,"street":0,"children":2,"sequence":[{"player":0,"type":"R","amount":200000,"street":0},{"player":1,"type":"C","amount":200000,"street":0},{"player":2,"type":"C","amount":200000,"street":0}],"actions":[{"type":"F","amount":0,"node":418},{"type":"R","amount":985000,"node":460}],"hands":{"22":{"weight":1.0,"played":[1.0,0.0],"evs":[0.0,-1.34035]},"32o":{"weight":1.0,"played":[1.0,0.0],"evs":[0.0,-3.40298]},"42o":{"weight":1.0,"played":[1.0,0.0],"evs":[0.0,-3.22451]},"52o":{"weight":1.0,"played":[1.0,0.0],"evs":[0.0,-3.09823]},"62o":{"weight":1.0,"played":[1.0,0.0],"evs":[0.0,-3.15197]},"72o":{"weight":1.0,"played":[1.0,0.0],"evs":[0.0,-3.40027]},"82o":{"weight":1.0,"played":[1.0,0.0],"evs":[0.0,-3.30259]},"92o":{"weight":1.0,"played":[1.0,0.0],"evs":[0.0,-3.2924]},"T2o":{"weight":1.0,"played":[1.0,0.0],"evs":[0.0,-3.30533]},"J2o":{"weight":1.0,"played":[1.0,0.0],"evs":[0.0,-3.39123]},"Q2o":{"weight":1.0,"played":[1.0,0.0],"evs":[0.0,-3.29163]},"K2o":{"weight":1.0,"played":[1.0,0.0],"evs":[0.0,-2.8645]},"A2o":{"weight":1.0,"played":[1.0,0.0],"evs":[0.0,-2.01552]},"32s":{"weight":1.0,"played":[1.0,0.0],"evs":[0.0,-2.38233]},"33":{"weight":1.0,"played":[0.9999,1.0E-4],"evs":[0.0,-1.13396]},"43o":{"weight":1.0,"played":[1.0,0.0],"evs":[0.0,-2.96991]},"53o":{"weight":1.0,"played":[1.0,0.0],"evs":[0.0,-2.63034]},"63o":{"weight":1.0,"played":[1.0,0.0],"evs":[0.0,-2.67745]},"73o":{"weight":1.0,"played":[1.0,0.0],"evs":[0.0,-3.09213]},"83o":{"weight":1.0,"played":[1.0,0.0],"evs":[0.0,-3.32409]},"93o":{"weight":1.0,"played":[1.0,0.0],"evs":[0.0,-3.20418]},"T3o":{"weight":1.0,"played":[1.0,0.0],"evs":[0.0,-3.4073]},"J3o":{"weight":1.0,"played":[1.0,0.0],"evs":[0.0,-3.13488]},"Q3o":{"weight":1.0,"played":[1.0,0.0],"evs":[0.0,-3.1976]},"K3o":{"weight":1.0,"played":[1.0,0.0],"evs":[0.0,-2.85115]},"A3o":{"weight":1.0,"played":[1.0,0.0],"evs":[0.0,-1.9531]},"42s":{"weight":1.0,"played":[1.0,0.0],"evs":[0.0,-2.26644]},"43s":{"weight":1.0,"played":[1.0,0.0],"evs":[0.0,-1.89572]},"44":{"weight":1.0,"played":[0.9966,0.0034],"evs":[0.0,-0.79466]},"54o":{"weight":1.0,"played":[1.0,0.0],"evs":[0.0,-2.29084]},"64o":{"weight":1.0,"played":[1.0,0.0],"evs":[0.0,-2.41465]},"74o":{"weight":1.0,"played":[1.0,0.0],"evs":[0.0,-2.60467]},"84o":{"weight":1.0,"played":[1.0,0.0],"evs":[0.0,-2.89485]},"94o":{"weight":1.0,"played":[1.0,0.0],"evs":[0.0,-3.06034]},"T4o":{"weight":1.0,"played":[1.0,0.0],"evs":[0.0,-3.19942]},"J4o":{"weight":1.0,"played":[1.0,0.0],"evs":[0.0,-3.06948]},"Q4o":{"weight":1.0,"played":[1.0,0.0],"evs":[0.0,-3.24965]},"K4o":{"weight":1.0,"played":[1.0,0.0],"evs":[0.0,-2.71823]},"A4o":{"weight":1.0,"played":[1.0,0.0],"evs":[0.0,-1.76257]},"52s":{"weight":1.0,"played":[0.9999,1.0E-4],"evs":[0.0,-1.9528]},"53s":{"weight":1.0,"played":[1.0,0.0],"evs":[0.0,-1.55654]},"54s":{"weight":1.0,"played":[0.9995,5.0E-4],"evs":[0.0,-1.24262]},"55":{"weight":1.0,"played":[0.8217,0.1783],"evs":[0.0,-0.14319]},"65o":{"weight":1.0,"played":[1.0,0.0],"evs":[0.0,-1.80156]},"75o":{"weight":1.0,"played":[1.0,0.0],"evs":[0.0,-2.05984]},"85o":{"weight":1.0,"played":[1.0,0.0],"evs":[0.0,-2.30819]},"95o":{"weight":1.0,"played":[1.0,0.0],"evs":[0.0,-2.68803]},"T5o":{"weight":1.0,"played":[1.0,0.0],"evs":[0.0,-3.10128]},"J5o":{"weight":1.0,"played":[1.0,0.0],"evs":[0.0,-2.83352]},"Q5o":{"weight":1.0,"played":[1.0,0.0],"evs":[0.0,-2.97756]},"K5o":{"weight":1.0,"played":[1.0,0.0],"evs":[0.0,-2.477]},"A5o":{"weight":1.0,"played":[1.0,0.0],"evs":[0.0,-1.49923]},"62s":{"weight":1.0,"played":[1.0,0.0],"evs":[0.0,-1.99735]},"63s":{"weight":1.0,"played":[1.0,0.0],"evs":[0.0,-1.72894]},"64s":{"weight":1.0,"played":[1.0,0.0],"evs":[0.0,-1.26583]},"65s":{"weight":1.0,"played":[0.9999,1.0E-4],"evs":[0.0,-0.76185]},"66":{"weight":1.0,"played":[1.0E-4,0.9999],"evs":[0.0,1.05173]},"76o":{"weight":1.0,"played":[1.0,0.0],"evs":[0.0,-1.59651]},"86o":{"weight":1.0,"played":[1.0,0.0],"evs":[0.0,-1.74253]},"96o":{"weight":1.0,"played":[1.0,0.0],"evs":[0.0,-2.08276]},"T6o":{"weight":1.0,"played":[1.0,0.0],"evs":[0.0,-2.39621]},"J6o":{"weight":1.0,"played":[1.0,0.0],"evs":[0.0,-2.72343]},"Q6o":{"weight":1.0,"played":[1.0,0.0],"evs":[0.0,-2.70963]},"K6o":{"weight":1.0,"played":[0.9999,1.0E-4],"evs":[0.0,-2.14268]},"A6o":{"weight":1.0,"played":[1.0,0.0],"evs":[0.0,-1.64871]},"72s":{"weight":1.0,"played":[1.0,0.0],"evs":[0.0,-2.03244]},"73s":{"weight":1.0,"played":[0.9999,1.0E-4],"evs":[0.0,-2.03568]},"74s":{"weight":1.0,"played":[0.999,0.001],"evs":[0.0,-1.7064]},"75s":{"weight":1.0,"played":[0.9999,1.0E-4],"evs":[0.0,-1.09032]},"76s":{"weight":1.0,"played":[0.9987,0.0013],"evs":[0.0,-0.81504]},"77":{"weight":1.0,"played":[0.0,1.0],"evs":[0.0,1.42584]},"87o":{"weight":1.0,"played":[0.9999,1.0E-4],"evs":[0.0,-1.47586]},"97o":{"weight":1.0,"played":[1.0,0.0],"evs":[0.0,-1.67881]},"T7o":{"weight":1.0,"played":[1.0,0.0],"evs":[0.0,-2.01831]},"J7o":{"weight":1.0,"played":[1.0,0.0],"evs":[0.0,-2.36046]},"Q7o":{"weight":1.0,"played":[1.0,0.0],"evs":[0.0,-2.47719]},"K7o":{"weight":1.0,"played":[1.0,0.0],"evs":[0.0,-1.86062]},"A7o":{"weight":1.0,"played":[1.0,0.0],"evs":[0.0,-1.1733]},"82s":{"weight":1.0,"played":[1.0,0.0],"evs":[0.0,-2.03764]},"83s":{"weight":1.0,"played":[1.0,0.0],"evs":[0.0,-2.18297]},"84s":{"weight":1.0,"played":[1.0,0.0],"evs":[0.0,-1.83474]},"85s":{"weight":1.0,"played":[1.0,0.0],"evs":[0.0,-1.32729]},"86s":{"weight":1.0,"played":[1.0,0.0],"evs":[0.0,-0.87728]},"87s":{"weight":1.0,"played":[0.991,0.009],"evs":[0.0,-0.45988]},"88":{"weight":1.0,"played":[0.0,1.0],"evs":[0.0,2.04635]},"98o":{"weight":1.0,"played":[1.0,0.0],"evs":[0.0,-1.39688]},"T8o":{"weight":1.0,"played":[1.0,0.0],"evs":[0.0,-1.59242]},"J8o":{"weight":1.0,"played":[1.0,0.0],"evs":[0.0,-1.70493]},"Q8o":{"weight":1.0,"played":[1.0,0.0],"evs":[0.0,-2.27258]},"K8o":{"weight":1.0,"played":[1.0,0.0],"evs":[0.0,-1.8559]},"A8o":{"weight":1.0,"played":[1.0,0.0],"evs":[0.0,-1.18764]},"92s":{"weight":1.0,"played":[1.0,0.0],"evs":[0.0,-2.25341]},"93s":{"weight":1.0,"played":[1.0,0.0],"evs":[0.0,-2.31476]},"94s":{"weight":1.0,"played":[1.0,0.0],"evs":[0.0,-1.97467]},"95s":{"weight":1.0,"played":[1.0,0.0],"evs":[0.0,-1.34536]},"96s":{"weight":1.0,"played":[1.0,0.0],"evs":[0.0,-0.85273]},"97s":{"weight":1.0,"played":[0.9998,2.0E-4],"evs":[0.0,-0.67772]},"98s":{"weight":1.0,"played":[0.9965,0.0035],"evs":[0.0,-0.4655]},"99":{"weight":1.0,"played":[0.0,1.0],"evs":[0.0,2.75332]},"T9o":{"weight":1.0,"played":[1.0,0.0],"evs":[0.0,-1.33898]},"J9o":{"weight":1.0,"played":[1.0,0.0],"evs":[0.0,-1.46582]},"Q9o":{"weight":1.0,"played":[1.0,0.0],"evs":[0.0,-1.82336]},"K9o":{"weight":1.0,"played":[1.0,0.0],"evs":[0.0,-1.49309]},"A9o":{"weight":1.0,"played":[1.0,0.0],"evs":[0.0,-0.92774]},"T2s":{"weight":1.0,"played":[1.0,0.0],"evs":[0.0,-2.27144]},"T3s":{"weight":1.0,"played":[1.0,0.0],"evs":[0.0,-2.1434]},"T4s":{"weight":1.0,"played":[1.0,0.0],"evs":[0.0,-2.05992]},"T5s":{"weight":1.0,"played":[1.0,0.0],"evs":[0.0,-1.92424]},"T6s":{"weight":1.0,"played":[0.9999,1.0E-4],"evs":[0.0,-1.40462]},"T7s":{"weight":1.0,"played":[1.0,0.0],"evs":[0.0,-1.20183]},"T8s":{"weight":1.0,"played":[0.9998,2.0E-4],"evs":[0.0,-0.82143]},"T9s":{"weight":1.0,"played":[0.9838,0.0162],"evs":[0.0,-0.44436]},"TT":{"weight":1.0,"played":[0.0,1.0],"evs":[0.0,3.51432]},"JTo":{"weight":1.0,"played":[1.0,0.0],"evs":[0.0,-1.26405]},"QTo":{"weight":1.0,"played":[1.0,0.0],"evs":[0.0,-1.40231]},"KTo":{"weight":1.0,"played":[1.0,0.0],"evs":[0.0,-1.08101]},"ATo":{"weight":1.0,"played":[0.6361,0.3639],"evs":[0.0,-0.0854]},"J2s":{"weight":1.0,"played":[0.9999,1.0E-4],"evs":[0.0,-2.13989]},"J3s":{"weight":1.0,"played":[1.0,0.0],"evs":[0.0,-2.0488]},"J4s":{"weight":1.0,"played":[1.0,0.0],"evs":[0.0,-2.16335]},"J5s":{"weight":1.0,"played":[1.0,0.0],"evs":[0.0,-1.95285]},"J6s":{"weight":1.0,"played":[1.0,0.0],"evs":[0.0,-1.43917]},"J7s":{"weight":1.0,"played":[0.9999,1.0E-4],"evs":[0.0,-1.14288]},"J8s":{"weight":1.0,"played":[1.0,0.0],"evs":[0.0,-0.8916]},"J9s":{"weight":1.0,"played":[0.9999,1.0E-4],"evs":[0.0,-0.54838]},"JTs":{"weight":1.0,"played":[0.9923,0.0077],"evs":[0.0,-0.04254]},"JJ":{"weight":1.0,"played":[0.0,1.0],"evs":[0.0,4.75329]},"QJo":{"weight":1.0,"played":[1.0,0.0],"evs":[0.0,-1.23435]},"KJo":{"weight":1.0,"played":[1.0,0.0],"evs":[0.0,-0.97212]},"AJo":{"weight":1.0,"played":[3.0E-4,0.9997],"evs":[0.0,0.54121]},"Q2s":{"weight":1.0,"played":[1.0,0.0],"evs":[0.0,-2.13039]},"Q3s":{"weight":1.0,"played":[1.0,0.0],"evs":[0.0,-2.3206]},"Q4s":{"weight":1.0,"played":[1.0,0.0],"evs":[0.0,-2.13831]},"Q5s":{"weight":1.0,"played":[1.0,0.0],"evs":[0.0,-1.86593]},"Q6s":{"weight":1.0,"played":[1.0,0.0],"evs":[0.0,-1.39797]},"Q7s":{"weight":1.0,"played":[1.0,0.0],"evs":[0.0,-1.43981]},"Q8s":{"weight":1.0,"played":[1.0,0.0],"evs":[0.0,-1.03603]},"Q9s":{"weight":1.0,"played":[0.9968,0.0032],"evs":[0.0,-0.56701]},"QTs":{"weight":1.0,"played":[0.9999,1.0E-4],"evs":[0.0,-0.59818]},"QJs":{"weight":1.0,"played":[0.9988,0.0012],"evs":[0.0,-0.20524]},"QQ":{"weight":1.0,"played":[0.0,1.0],"evs":[0.0,6.4231]},"KQo":{"weight":1.0,"played":[0.9971,0.0029],"evs":[0.0,-0.25121]},"AQo":{"weight":1.0,"played":[0.0,1.0],"evs":[0.0,1.47072]},"K2s":{"weight":1.0,"played":[1.0,0.0],"evs":[0.0,-1.60343]},"K3s":{"weight":1.0,"played":[0.9996,4.0E-4],"evs":[0.0,-1.71586]},"K4s":{"weight":1.0,"played":[1.0,0.0],"evs":[0.0,-1.48408]},"K5s":{"weight":1.0,"played":[1.0,0.0],"evs":[0.0,-1.05866]},"K6s":{"weight":1.0,"played":[1.0,0.0],"evs":[0.0,-1.05085]},"K7s":{"weight":1.0,"played":[0.9992,8.0E-4],"evs":[0.0,-1.04184]},"K8s":{"weight":1.0,"played":[0.9997,3.0E-4],"evs":[0.0,-0.87835]},"K9s":{"weight":1.0,"played":[0.9985,0.0015],"evs":[0.0,-0.49435]},"KTs":{"weight":1.0,"played":[0.879,0.121],"evs":[0.0,-0.11921]},"KJs":{"weight":1.0,"played":[0.5045,0.4955],"evs":[0.0,0.1956]},"KQs":{"weight":1.0,"played":[0.0098,0.9902],"evs":[0.0,0.95516]},"KK":{"weight":1.0,"played":[0.0,1.0],"evs":[0.0,8.45562]},"AKo":{"weight":1.0,"played":[0.0,1.0],"evs":[0.0,2.37554]},"A2s":{"weight":1.0,"played":[1.0,0.0],"evs":[0.0,-0.84344]},"A3s":{"weight":1.0,"played":[1.0,0.0],"evs":[0.0,-0.87029]},"A4s":{"weight":1.0,"played":[0.9897,0.0103],"evs":[0.0,-0.83195]},"A5s":{"weight":1.0,"played":[0.9637,0.0363],"evs":[0.0,-0.16973]},"A6s":{"weight":1.0,"played":[0.9974,0.0026],"evs":[0.0,-0.44182]},"A7s":{"weight":1.0,"played":[1.0,0.0],"evs":[0.0,-0.09658]},"A8s":{"weight":1.0,"played":[0.5893,0.4107],"evs":[0.0,-0.21699]},"A9s":{"weight":1.0,"played":[9.0E-4,0.9991],"evs":[0.0,0.19141]},"ATs":{"weight":1.0,"played":[1.0E-4,0.9999],"evs":[0.0,0.88138]},"AJs":{"weight":1.0,"played":[1.0E-4,0.9999],"evs":[0.0,1.44571]},"AQs":{"weight":1.0,"played":[0.0,1.0],"evs":[0.0,2.56703]},"AKs":{"weight":1.0,"played":[0.0,1.0],"evs":[0.0,3.29416]},"AA":{"weight":1.0,"played":[0.0,1.0],"evs":[0.0,11.58414]}}}