{"player":5,"street":0,"children":3,"sequence":[{"player":0,"type":"R","amount":200000,"street":0},{"player":1,"type":"C","amount":200000,"street":0},{"player":2,"type":"C","amount":200000,"street":0},{"player":3,"type":"F","amount":0,"street":0},{"player":4,"type":"F","amount":0,"street":0}],"actions":[{"type":"F","amount":0},{"type":"C","amount":100000},{"type":"R","amount":1985000,"node":420}],"hands":{"22":{"weight":1.0,"played":[0.0014,0.9986,0.0],"evs":[0.0,1.34353,-0.45854]},"32o":{"weight":1.0,"played":[1.0,0.0,0.0],"evs":[0.0,-0.3193,-3.6676]},"42o":{"weight":1.0,"played":[1.0,0.0,0.0],"evs":[0.0,-0.23983,-3.42112]},"52o":{"weight":1.0,"played":[1.0,0.0,0.0],"evs":[0.0,-0.1693,-3.07407]},"62o":{"weight":1.0,"played":[1.0,0.0,0.0],"evs":[0.0,-0.2924,-3.32859]},"72o":{"weight":1.0,"played":[1.0,0.0,0.0],"evs":[0.0,-0.43917,-3.63484]},"82o":{"weight":1.0,"played":[1.0,0.0,0.0],"evs":[0.0,-0.5153,-3.26579]},"92o":{"weight":1.0,"played":[1.0,0.0,0.0],"evs":[0.0,-0.44322,-3.23316]},"T2o":{"weight":1.0,"played":[1.0,0.0,0.0],"evs":[0.0,-0.62137,-3.39342]},"J2o":{"weight":1.0,"played":[1.0,0.0,0.0],"evs":[0.0,-0.55438,-3.27712]},"Q2o":{"weight":1.0,"played":[1.0,0.0,0.0],"evs":[0.0,-0.56121,-3.13844]},"K2o":{"weight":1.0,"played":[1.0,0.0,0.0],"evs":[0.0,-0.43001,-2.50801]},"A2o":{"weight":1.0,"played":[1.0,0.0,0.0],"evs":[0.0,-0.23743,-1.54612]},"32s":{"weight":1.0,"played":[1.0,0.0,0.0],"evs":[0.0,-0.08494,-2.65434]},"33":{"weight":1.0,"played":[0.0033,0.9967,0.0],"evs":[0.0,1.24711,-0.27928]},"43o":{"weight":1.0,"played":[1.0,0.0,0.0],"evs":[0.0,-0.27612,-3.0538]},"53o":{"weight":1.0,"played":[1.0,0.0,0.0],"evs":[0.0,-0.18061,-2.89457]},"63o":{"weight":1.0,"played":[1.0,0.0,0.0],"evs":[0.0,-0.28718,-2.8122]},"73o":{"weight":1.0,"played":[1.0,0.0,0.0],"evs":[0.0,-0.29788,-3.02853]},"83o":{"weight":1.0,"played":[1.0,0.0,0.0],"evs":[0.0,-0.45852,-3.25768]},"93o":{"weight":1.0,"played":[1.0,0.0,0.0],"evs":[0.0,-0.44765,-3.00028]},"T3o":{"weight":1.0,"played":[1.0,0.0,0.0],"evs":[0.0,-0.50433,-3.00037]},"J3o":{"weight":1.0,"played":[1.0,0.0,0.0],"evs":[0.0,-0.53652,-2.91047]},"Q3o":{"weight":1.0,"played":[1.0,0.0,0.0],"evs":[0.0,-0.44883,-2.80857]},"K3o":{"weight":1.0,"played":[1.0,0.0,0.0],"evs":[0.0,-0.29911,-2.38373]},"A3o":{"weight":1.0,"played":[1.0,0.0,0.0],"evs":[0.0,-0.27889,-1.3944]},"42s":{"weight":1.0,"played":[1.0,0.0,0.0],"evs":[0.0,-0.15338,-2.41598]},"43s":{"weight":1.0,"played":[0.3927,0.6073,1.0E-4],"evs":[0.0,0.12117,-1.84593]},"44":{"weight":1.0,"played":[5.0E-4,0.9866,0.0129],"evs":[0.0,1.21017,0.35473]},"54o":{"weight":1.0,"played":[0.9442,0.0558,0.0],"evs":[0.0,9.5E-4,-2.23422]},"64o":{"weight":1.0,"played":[1.0,0.0,0.0],"evs":[0.0,-0.10134,-2.37409]},"74o":{"weight":1.0,"played":[1.0,0.0,0.0],"evs":[0.0,-0.33004,-2.53696]},"84o":{"weight":1.0,"played":[1.0,0.0,0.0],"evs":[0.0,-0.35053,-2.86392]},"94o":{"weight":1.0,"played":[1.0,0.0,0.0],"evs":[0.0,-0.43504,-2.90736]},"T4o":{"weight":1.0,"played":[1.0,0.0,0.0],"evs":[0.0,-0.45895,-3.03783]},"J4o":{"weight":1.0,"played":[1.0,0.0,0.0],"evs":[0.0,-0.41056,-2.73961]},"Q4o":{"weight":1.0,"played":[1.0,0.0,0.0],"evs":[0.0,-0.49089,-2.70501]},"K4o":{"weight":1.0,"played":[1.0,0.0,0.0],"evs":[0.0,-0.23082,-2.13826]},"A4o":{"weight":1.0,"played":[1.0,0.0,0.0],"evs":[0.0,-0.23049,-1.16776]},"52s":{"weight":1.0,"played":[0.423,0.577,0.0],"evs":[0.0,0.10957,-2.34237]},"53s":{"weight":1.0,"played":[0.4602,0.5398,1.0E-4],"evs":[0.0,0.20617,-1.67444]},"54s":{"weight":1.0,"played":[0.0854,0.9144,1.0E-4],"evs":[0.0,0.20448,-1.48766]},"55":{"weight":1.0,"played":[1.0E-4,0.9996,4.0E-4],"evs":[0.0,1.32841,0.90677]},"65o":{"weight":1.0,"played":[0.6868,0.3131,0.0],"evs":[0.0,0.08337,-1.78507]},"75o":{"weight":1.0,"played":[1.0,0.0,0.0],"evs":[0.0,-0.23154,-2.01645]},"85o":{"weight":1.0,"played":[1.0,0.0,0.0],"evs":[0.0,-0.30867,-2.29222]},"95o":{"weight":1.0,"played":[1.0,0.0,0.0],"evs":[0.0,-0.38598,-2.51612]},"T5o":{"weight":1.0,"played":[1.0,0.0,0.0],"evs":[0.0,-0.45869,-2.87002]},"J5o":{"weight":1.0,"played":[1.0,0.0,0.0],"evs":[0.0,-0.44924,-2.7422]},"Q5o":{"weight":1.0,"played":[1.0,0.0,0.0],"evs":[0.0,-0.50562,-2.6384]},"K5o":{"weight":1.0,"played":[0.9999,1.0E-4,0.0],"evs":[0.0,-0.37475,-2.2918]},"A5o":{"weight":1.0,"played":[0.8451,0.1549,0.0],"evs":[0.0,-0.14648,-1.17001]},"62s":{"weight":1.0,"played":[0.9999,1.0E-4,0.0],"evs":[0.0,-0.15874,-2.3483]},"63s":{"weight":1.0,"played":[0.8805,0.1195,0.0],"evs":[0.0,0.03631,-1.61165]},"64s":{"weight":1.0,"played":[0.3834,0.6166,0.0],"evs":[0.0,0.08875,-1.04563]},"65s":{"weight":1.0,"played":[0.3403,0.6596,1.0E-4],"evs":[0.0,0.32716,-0.81753]},"66":{"weight":1.0,"played":[1.0E-4,0.0027,0.9972],"evs":[0.0,1.28369,2.00648]},"76o":{"weight":1.0,"played":[1.0,0.0,0.0],"evs":[0.0,-0.06965,-1.25843]},"86o":{"weight":1.0,"played":[1.0,0.0,0.0],"evs":[0.0,-0.1027,-1.50012]},"96o":{"weight":1.0,"played":[1.0,0.0,0.0],"evs":[0.0,-0.18611,-2.00113]},"T6o":{"weight":1.0,"played":[1.0,0.0,0.0],"evs":[0.0,-0.21672,-2.30104]},"J6o":{"weight":1.0,"played":[1.0,0.0,0.0],"evs":[0.0,-0.35357,-2.35798]},"Q6o":{"weight":1.0,"played":[0.9999,1.0E-4,0.0],"evs":[0.0,-0.50919,-2.25529]},"K6o":{"weight":1.0,"played":[1.0,0.0,0.0],"evs":[0.0,-0.21128,-1.65236]},"A6o":{"weight":1.0,"played":[1.0,0.0,0.0],"evs":[0.0,-0.24578,-1.0932]},"72s":{"weight":1.0,"played":[1.0,0.0,0.0],"evs":[0.0,-0.19145,-2.33426]},"73s":{"weight":1.0,"played":[0.9999,1.0E-4,0.0],"evs":[0.0,-0.22686,-1.85619]},"74s":{"weight":1.0,"played":[0.9853,0.0146,0.0],"evs":[0.0,-0.10722,-1.34682]},"75s":{"weight":1.0,"played":[0.0605,0.9395,0.0],"evs":[0.0,0.27535,-0.88693]},"76s":{"weight":1.0,"played":[0.2558,0.7437,5.0E-4],"evs":[0.0,0.25124,-0.15919]},"77":{"weight":1.0,"played":[2.0E-4,6.0E-4,0.9992],"evs":[0.0,1.3895,2.63812]},"87o":{"weight":1.0,"played":[1.0,0.0,0.0],"evs":[0.0,-0.24757,-1.11944]},"97o":{"weight":1.0,"played":[1.0,0.0,0.0],"evs":[0.0,-0.1853,-1.30621]},"T7o":{"weight":1.0,"played":[1.0,0.0,0.0],"evs":[0.0,-0.3794,-1.84703]},"J7o":{"weight":1.0,"played":[1.0,0.0,0.0],"evs":[0.0,-0.3066,-2.14898]},"Q7o":{"weight":1.0,"played":[1.0,0.0,0.0],"evs":[0.0,-0.3488,-2.15046]},"K7o":{"weight":1.0,"played":[1.0,0.0,0.0],"evs":[0.0,-0.27494,-1.67508]},"A7o":{"weight":1.0,"played":[0.9793,0.0207,0.0],"evs":[0.0,-0.19759,-0.76187]},"82s":{"weight":1.0,"played":[0.9999,0.0,0.0],"evs":[0.0,-0.31969,-2.41843]},"83s":{"weight":1.0,"played":[1.0,0.0,0.0],"evs":[0.0,-0.31181,-2.41644]},"84s":{"weight":1.0,"played":[1.0,0.0,0.0],"evs":[0.0,-0.14086,-1.50295]},"85s":{"weight":1.0,"played":[0.3,0.7,0.0],"evs":[0.0,0.21586,-0.9783]},"86s":{"weight":1.0,"played":[0.3544,0.6455,1.0E-4],"evs":[0.0,0.16281,-0.61978]},"87s":{"weight":1.0,"played":[0.0327,0.9657,0.0016],"evs":[0.0,0.40675,-0.35357]},"88":{"weight":1.0,"played":[0.0,1.0E-4,0.9999],"evs":[0.0,1.51479,4.06742]},"98o":{"weight":1.0,"played":[1.0,0.0,0.0],"evs":[0.0,-0.07675,-1.08191]},"T8o":{"weight":1.0,"played":[1.0,0.0,0.0],"evs":[0.0,-0.18263,-1.44777]},"J8o":{"weight":1.0,"played":[1.0,0.0,0.0],"evs":[0.0,-0.24128,-1.56627]},"Q8o":{"weight":1.0,"played":[1.0,0.0,0.0],"evs":[0.0,-0.34496,-1.75465]},"K8o":{"weight":1.0,"played":[0.9996,4.0E-4,0.0],"evs":[0.0,-0.24735,-1.63022]},"A8o":{"weight":1.0,"played":[0.7206,0.2794,0.0],"evs":[0.0,-0.04538,-0.48221]},"92s":{"weight":1.0,"played":[0.9852,0.0148,0.0],"evs":[0.0,-0.33469,-2.06567]},"93s":{"weight":1.0,"played":[0.9997,3.0E-4,0.0],"evs":[0.0,-0.08469,-1.89444]},"94s":{"weight":1.0,"played":[1.0,0.0,0.0],"evs":[0.0,-0.07564,-1.62066]},"95s":{"weight":1.0,"played":[0.9998,2.0E-4,0.0],"evs":[0.0,-0.16332,-1.32514]},"96s":{"weight":1.0,"played":[0.2437,0.756,3.0E-4],"evs":[0.0,0.0647,-0.78915]},"97s":{"weight":1.0,"played":[0.3598,0.6319,0.0084],"evs":[0.0,0.33625,-0.27632]},"98s":{"weight":1.0,"played":[0.0017,0.9501,0.0482],"evs":[0.0,0.32354,0.12858]},"99":{"weight":1.0,"played":[0.0,1.0E-4,0.9999],"evs":[0.0,1.39643,4.80955]},"T9o":{"weight":1.0,"played":[1.0,0.0,0.0],"evs":[0.0,-0.05587,-0.97127]},"J9o":{"weight":1.0,"played":[0.9999,1.0E-4,0.0],"evs":[0.0,-0.09551,-1.21698]},"Q9o":{"weight":1.0,"played":[1.0,0.0,0.0],"evs":[0.0,-0.26877,-1.10034]},"K9o":{"weight":1.0,"played":[1.0,0.0,0.0],"evs":[0.0,-0.15124,-1.03598]},"A9o":{"weight":1.0,"played":[0.0553,0.9128,0.032],"evs":[0.0,0.0967,-0.17736]},"T2s":{"weight":1.0,"played":[1.0,0.0,0.0],"evs":[0.0,-0.26396,-2.35962]},"T3s":{"weight":1.0,"played":[0.9999,1.0E-4,0.0],"evs":[0.0,-0.31913,-2.0413]},"T4s":{"weight":1.0,"played":[0.9988,0.0012,1.0E-4],"evs":[0.0,-0.17816,-1.88114]},"T5s":{"weight":1.0,"played":[0.9993,7.0E-4,0.0],"evs":[0.0,-0.16408,-1.8308]},"T6s":{"weight":1.0,"played":[0.257,0.743,0.0],"evs":[0.0,0.00578,-1.39736]},"T7s":{"weight":1.0,"played":[0.2622,0.7377,1.0E-4],"evs":[0.0,0.16105,-0.57161]},"T8s":{"weight":1.0,"played":[0.0904,0.8538,0.0557],"evs":[0.0,0.24286,-0.09504]},"T9s":{"weight":1.0,"played":[0.0202,0.9786,0.0013],"evs":[0.0,0.21006,-0.07668]},"TT":{"weight":1.0,"played":[0.0,0.0,1.0],"evs":[0.0,1.7092,5.54263]},"JTo":{"weight":1.0,"played":[1.0,0.0,0.0],"evs":[0.0,-0.0426,-0.64774]},"QTo":{"weight":1.0,"played":[0.9991,9.0E-4,0.0],"evs":[0.0,-0.11068,-0.64527]},"KTo":{"weight":1.0,"played":[0.9237,0.0763,0.0],"evs":[0.0,0.01105,-0.68242]},"ATo":{"weight":1.0,"played":[0.0017,0.9945,0.0037],"evs":[0.0,0.40252,0.2224]},"J2s":{"weight":1.0,"played":[0.9999,1.0E-4,0.0],"evs":[0.0,-0.21265,-1.98022]},"J3s":{"weight":1.0,"played":[0.9972,0.0028,0.0],"evs":[0.0,-0.14452,-1.80858]},"J4s":{"weight":1.0,"played":[0.9967,0.0033,0.0],"evs":[0.0,-0.06147,-1.62593]},"J5s":{"weight":1.0,"played":[0.9994,6.0E-4,0.0],"evs":[0.0,-0.00664,-1.37681]},"J6s":{"weight":1.0,"played":[1.0,0.0,0.0],"evs":[0.0,-0.10301,-1.31702]},"J7s":{"weight":1.0,"played":[0.412,0.588,0.0],"evs":[0.0,0.0842,-0.52697]},"J8s":{"weight":1.0,"played":[0.0835,0.9165,0.0],"evs":[0.0,0.15772,-0.46116]},"J9s":{"weight":1.0,"played":[0.0078,0.7359,0.2564],"evs":[0.0,0.19244,0.21357]},"JTs":{"weight":1.0,"played":[0.0695,0.7881,0.1424],"evs":[0.0,0.39648,0.09992]},"JJ":{"weight":1.0,"played":[0.0,0.0,1.0],"evs":[0.0,2.42155,6.80515]},"QJo":{"weight":1.0,"played":[0.9987,0.0013,0.0],"evs":[0.0,-0.00634,-0.91601]},"KJo":{"weight":1.0,"played":[0.0807,0.9193,0.0],"evs":[0.0,0.18127,-0.47994]},"AJo":{"weight":1.0,"played":[5.0E-4,0.0089,0.9906],"evs":[0.0,0.7437,1.2973]},"Q2s":{"weight":1.0,"played":[1.0,0.0,0.0],"evs":[0.0,-0.30457,-2.05471]},"Q3s":{"weight":1.0,"played":[0.9999,1.0E-4,0.0],"evs":[0.0,-0.22827,-1.63177]},"Q4s":{"weight":1.0,"played":[0.9998,1.0E-4,1.0E-4],"evs":[0.0,-0.15838,-1.50285]},"Q5s":{"weight":1.0,"played":[1.0,0.0,0.0],"evs":[0.0,-0.28275,-1.60471]},"Q6s":{"weight":1.0,"played":[0.9718,0.0282,0.0],"evs":[0.0,-0.03127,-1.24902]},"Q7s":{"weight":1.0,"played":[0.9463,0.0537,0.0],"evs":[0.0,-0.16731,-1.23287]},"Q8s":{"weight":1.0,"played":[0.843,0.1569,0.0],"evs":[0.0,-0.18204,-0.67981]},"Q9s":{"weight":1.0,"played":[0.0837,0.5297,0.3866],"evs":[0.0,0.2463,0.3735]},"QTs":{"weight":1.0,"played":[1.0E-4,0.7179,0.282],"evs":[0.0,0.21381,0.20007]},"QJs":{"weight":1.0,"played":[0.0211,0.8636,0.1153],"evs":[0.0,0.43366,0.32182]},"QQ":{"weight":1.0,"played":[0.0,1.0E-4,0.9999],"evs":[0.0,3.65821,8.16164]},"KQo":{"weight":1.0,"played":[0.002,0.9979,1.0E-4],"evs":[0.0,0.70677,0.11427]},"AQo":{"weight":1.0,"played":[0.0,0.0,1.0],"evs":[0.0,1.38017,2.61318]},"K2s":{"weight":1.0,"played":[0.164,0.836,0.0],"evs":[0.0,0.22475,-1.38781]},"K3s":{"weight":1.0,"played":[0.296,0.704,0.0],"evs":[0.0,0.19079,-1.2537]},"K4s":{"weight":1.0,"played":[0.3245,0.6755,0.0],"evs":[0.0,0.04282,-0.84481]},"K5s":{"weight":1.0,"played":[0.2601,0.7397,2.0E-4],"evs":[0.0,0.20888,-0.82069]},"K6s":{"weight":1.0,"played":[0.077,0.9223,7.0E-4],"evs":[0.0,0.08081,-0.74386]},"K7s":{"weight":1.0,"played":[0.2728,0.7272,0.0],"evs":[0.0,-0.01813,-0.48671]},"K8s":{"weight":1.0,"played":[0.0208,0.9744,0.0047],"evs":[0.0,0.24229,-0.61531]},"K9s":{"weight":1.0,"played":[0.0262,0.3666,0.6071],"evs":[0.0,0.21856,0.12466]},"KTs":{"weight":1.0,"played":[0.0815,0.1919,0.7266],"evs":[0.0,0.24253,0.44759]},"KJs":{"weight":1.0,"played":[0.0038,0.8731,0.1231],"evs":[0.0,0.81905,0.76725]},"KQs":{"weight":1.0,"played":[0.001,0.5416,0.4574],"evs":[0.0,1.28691,1.34634]},"KK":{"weight":1.0,"played":[0.0,0.0,1.0],"evs":[0.0,6.0744,10.10865]},"AKo":{"weight":1.0,"played":[0.0,1.0E-4,0.9999],"evs":[0.0,1.82921,4.17552]},"A2s":{"weight":1.0,"played":[0.1126,0.8513,0.036],"evs":[0.0,0.47135,-0.34937]},"A3s":{"weight":1.0,"played":[0.1444,0.845,0.0105],"evs":[0.0,0.21242,-0.46681]},"A4s":{"weight":1.0,"played":[0.0673,0.9327,0.0],"evs":[0.0,0.3696,0.00834]},"A5s":{"weight":1.0,"played":[0.0186,0.9468,0.0345],"evs":[0.0,0.50485,0.22758]},"A6s":{"weight":1.0,"played":[0.0086,0.9855,0.0058],"evs":[0.0,0.48384,0.25071]},"A7s":{"weight":1.0,"played":[0.0026,0.4798,0.5175],"evs":[0.0,0.54356,0.64551]},"A8s":{"weight":1.0,"played":[0.0024,0.8257,0.1719],"evs":[0.0,0.61139,0.42171]},"A9s":{"weight":1.0,"played":[5.0E-4,0.4476,0.5519],"evs":[0.0,0.82222,0.92929]},"ATs":{"weight":1.0,"played":[4.0E-4,0.2313,0.7683],"evs":[0.0,1.08002,1.44249]},"AJs":{"weight":1.0,"played":[0.0,0.0049,0.995],"evs":[0.0,1.41081,2.35084]},"AQs":{"weight":1.0,"played":[0.0,0.0092,0.9908],"evs":[0.0,2.1744,3.59147]},"AKs":{"weight":1.0,"played":[0.0,0.0,1.0],"evs":[0.0,2.56383,5.21246]},"AA":{"weight":1.0,"played":[0.0,0.0,1.0],"evs":[0.0,9.16885,13.39827]}}}