{"player":3,"street":0,"children":2,"sequence":[{"player":0,"type":"F","amount":0,"street":0},{"player":1,"type":"F","amount":0,"street":0},{"player":2,"type":"R","amount":200000,"street":0},{"player":3,"type":"C","amount":200000,"street":0},{"player":4,"type":"R","amount":1085000,"street":0},{"player":5,"type":"R","amount":1885000,"street":0},{"player":2,"type":"F","amount":0,"street":0}],"actions":[{"type":"F","amount":0},{"type":"C","amount":785000}],"hands":{"22":{"weight":0.0,"played":[0.0,1.0],"evs":[0.0,1.06865]},"32o":{"weight":0.0,"played":[1.0,0.0],"evs":[0.0,-1.3463]},"42o":{"weight":0.0,"played":[1.0,0.0],"evs":[0.0,-1.31258]},"52o":{"weight":0.0,"played":[1.0,0.0],"evs":[0.0,-1.13079]},"62o":{"weight":0.0,"played":[1.0,0.0],"evs":[0.0,-1.40674]},"72o":{"weight":0.0,"played":[1.0,0.0],"evs":[0.0,-1.67022]},"82o":{"weight":0.0,"played":[1.0,0.0],"evs":[0.0,-1.54609]},"92o":{"weight":0.0,"played":[1.0,0.0],"evs":[0.0,-1.51835]},"T2o":{"weight":0.0,"played":[1.0,0.0],"evs":[0.0,-1.27467]},"J2o":{"weight":0.0,"played":[1.0,0.0],"evs":[0.0,-1.22669]},"Q2o":{"weight":0.0,"played":[1.0,0.0],"evs":[0.0,-1.05866]},"K2o":{"weight":0.0,"played":[1.0,0.0],"evs":[0.0,-0.78318]},"A2o":{"weight":0.0,"played":[0.9989,0.0011],"evs":[0.0,-0.43994]},"32s":{"weight":0.0,"played":[1.0,0.0],"evs":[0.0,-0.39666]},"33":{"weight":0.0,"played":[0.0,1.0],"evs":[0.0,1.22104]},"43o":{"weight":0.0,"played":[1.0,0.0],"evs":[0.0,-1.03567]},"53o":{"weight":0.0,"played":[1.0,0.0],"evs":[0.0,-0.62313]},"63o":{"weight":0.0,"played":[1.0,0.0],"evs":[0.0,-1.03175]},"73o":{"weight":0.0,"played":[1.0,0.0],"evs":[0.0,-1.36194]},"83o":{"weight":0.0,"played":[1.0,0.0],"evs":[0.0,-1.35652]},"93o":{"weight":0.0,"played":[1.0,0.0],"evs":[0.0,-1.24859]},"T3o":{"weight":0.0,"played":[1.0,0.0],"evs":[0.0,-1.4898]},"J3o":{"weight":0.0,"played":[1.0,0.0],"evs":[0.0,-1.198]},"Q3o":{"weight":0.0,"played":[1.0,0.0],"evs":[0.0,-0.94242]},"K3o":{"weight":0.0,"played":[1.0,0.0],"evs":[0.0,-0.92001]},"A3o":{"weight":0.0,"played":[0.9875,0.0125],"evs":[0.0,-0.39022]},"42s":{"weight":0.0,"played":[0.9996,4.0E-4],"evs":[0.0,-0.30173]},"43s":{"weight":0.0,"played":[0.0341,0.9659],"evs":[0.0,0.37693]},"44":{"weight":0.0015,"played":[0.0,1.0],"evs":[0.0,1.55398]},"54o":{"weight":0.0,"played":[0.9997,3.0E-4],"evs":[0.0,-0.20835]},"64o":{"weight":0.0,"played":[0.9994,6.0E-4],"evs":[0.0,-0.52931]},"74o":{"weight":0.0,"played":[0.9999,1.0E-4],"evs":[0.0,-0.87032]},"84o":{"weight":0.0,"played":[0.9999,1.0E-4],"evs":[0.0,-0.76955]},"94o":{"weight":0.0,"played":[1.0,0.0],"evs":[0.0,-1.46168]},"T4o":{"weight":0.0,"played":[0.9997,3.0E-4],"evs":[0.0,-1.29449]},"J4o":{"weight":0.0,"played":[0.9995,5.0E-4],"evs":[0.0,-1.08299]},"Q4o":{"weight":0.0,"played":[0.9998,2.0E-4],"evs":[0.0,-1.00117]},"K4o":{"weight":0.0,"played":[0.9999,1.0E-4],"evs":[0.0,-0.66986]},"A4o":{"weight":0.0,"played":[0.9233,0.0767],"evs":[0.0,-0.11939]},"52s":{"weight":0.0,"played":[0.5026,0.4974],"evs":[0.0,-0.14338]},"53s":{"weight":0.0,"played":[0.0931,0.9069],"evs":[0.0,0.08169]},"54s":{"weight":0.0,"played":[0.0104,0.9896],"evs":[0.0,0.66935]},"55":{"weight":0.3223,"played":[0.0,1.0],"evs":[0.0,2.2805]},"65o":{"weight":0.0,"played":[0.9584,0.0416],"evs":[0.0,3.0E-5]},"75o":{"weight":0.0,"played":[0.9923,0.0077],"evs":[0.0,-0.28044]},"85o":{"weight":0.0,"played":[0.9999,1.0E-4],"evs":[0.0,-0.33305]},"95o":{"weight":0.0,"played":[1.0,0.0],"evs":[0.0,-0.87523]},"T5o":{"weight":0.0,"played":[0.9997,3.0E-4],"evs":[0.0,-1.13566]},"J5o":{"weight":0.0,"played":[0.9999,1.0E-4],"evs":[0.0,-0.756]},"Q5o":{"weight":0.0,"played":[0.9999,1.0E-4],"evs":[0.0,-0.59561]},"K5o":{"weight":0.0,"played":[0.9996,4.0E-4],"evs":[0.0,-0.39001]},"A5o":{"weight":1.0E-4,"played":[0.3922,0.6078],"evs":[0.0,0.07968]},"62s":{"weight":0.0,"played":[0.972,0.028],"evs":[0.0,-0.40688]},"63s":{"weight":0.0,"played":[0.3552,0.6448],"evs":[0.0,-0.00695]},"64s":{"weight":0.0,"played":[0.0227,0.9773],"evs":[0.0,0.2961]},"65s":{"weight":0.0,"played":[0.0036,0.9964],"evs":[0.0,0.93365]},"66":{"weight":0.0585,"played":[0.0,1.0],"evs":[0.0,2.56564]},"76o":{"weight":0.0,"played":[0.8365,0.1635],"evs":[0.0,0.05919]},"86o":{"weight":0.0,"played":[0.9723,0.0277],"evs":[0.0,-0.03434]},"96o":{"weight":0.0,"played":[1.0,0.0],"evs":[0.0,-0.49003]},"T6o":{"weight":0.0,"played":[0.9998,2.0E-4],"evs":[0.0,-0.65361]},"J6o":{"weight":0.0,"played":[1.0,0.0],"evs":[0.0,-0.8439]},"Q6o":{"weight":0.0,"played":[0.9975,0.0025],"evs":[0.0,-0.70951]},"K6o":{"weight":0.0,"played":[0.9975,0.0025],"evs":[0.0,-0.23406]},"A6o":{"weight":0.0,"played":[0.8088,0.1912],"evs":[0.0,-0.02627]},"72s":{"weight":0.0,"played":[0.9999,1.0E-4],"evs":[0.0,-0.5568]},"73s":{"weight":0.0,"played":[0.9859,0.0141],"evs":[0.0,-0.41849]},"74s":{"weight":0.0,"played":[0.1276,0.8724],"evs":[0.0,0.20491]},"75s":{"weight":0.0,"played":[6.0E-4,0.9994],"evs":[0.0,0.85999]},"76s":{"weight":0.0,"played":[4.0E-4,0.9996],"evs":[0.0,0.9718]},"77":{"weight":2.0E-4,"played":[0.0,1.0],"evs":[0.0,3.35806]},"87o":{"weight":0.0,"played":[0.0375,0.9625],"evs":[0.0,0.2529]},"97o":{"weight":0.0,"played":[0.8284,0.1716],"evs":[0.0,-0.07458]},"T7o":{"weight":0.0,"played":[0.9998,2.0E-4],"evs":[0.0,-0.21437]},"J7o":{"weight":0.0,"played":[0.9989,0.0011],"evs":[0.0,-0.43125]},"Q7o":{"weight":0.0,"played":[1.0,0.0],"evs":[0.0,-0.43311]},"K7o":{"weight":0.0,"played":[0.9979,0.0021],"evs":[0.0,-0.28261]},"A7o":{"weight":4.0E-4,"played":[0.243,0.757],"evs":[0.0,0.20464]},"82s":{"weight":0.0,"played":[0.8744,0.1256],"evs":[0.0,-0.27026]},"83s":{"weight":0.0,"played":[0.976,0.024],"evs":[0.0,-0.07074]},"84s":{"weight":0.0,"played":[0.6335,0.3665],"evs":[0.0,-0.00359]},"85s":{"weight":0.0,"played":[0.0012,0.9988],"evs":[0.0,0.71582]},"86s":{"weight":0.0,"played":[2.0E-4,0.9998],"evs":[0.0,1.03727]},"87s":{"weight":0.0,"played":[0.0,1.0],"evs":[0.0,0.92519]},"88":{"weight":0.0,"played":[0.0,1.0],"evs":[0.0,4.19167]},"98o":{"weight":0.0,"played":[0.0375,0.9625],"evs":[0.0,0.34586]},"T8o":{"weight":0.0,"played":[0.0245,0.9755],"evs":[0.0,0.22279]},"J8o":{"weight":0.0,"played":[0.6875,0.3125],"evs":[0.0,-0.00141]},"Q8o":{"weight":0.0,"played":[0.8352,0.1648],"evs":[0.0,-0.12048]},"K8o":{"weight":0.0,"played":[0.353,0.647],"evs":[0.0,0.08796]},"A8o":{"weight":0.0,"played":[0.0,1.0],"evs":[0.0,0.97502]},"92s":{"weight":0.0,"played":[0.8937,0.1063],"evs":[0.0,-0.47484]},"93s":{"weight":0.0,"played":[0.9993,7.0E-4],"evs":[0.0,-0.50961]},"94s":{"weight":0.0,"played":[0.939,0.061],"evs":[0.0,-0.37059]},"95s":{"weight":0.0,"played":[0.0414,0.9586],"evs":[0.0,0.1586]},"96s":{"weight":0.0,"played":[0.0041,0.9959],"evs":[0.0,0.5687]},"97s":{"weight":0.0,"played":[1.0E-4,0.9999],"evs":[0.0,0.95747]},"98s":{"weight":0.0,"played":[0.0,1.0],"evs":[0.0,1.24704]},"99":{"weight":0.0,"played":[0.0,1.0],"evs":[0.0,4.75809]},"T9o":{"weight":0.0,"played":[0.0015,0.9985],"evs":[0.0,0.6038]},"J9o":{"weight":0.0,"played":[0.0,1.0],"evs":[0.0,0.50032]},"Q9o":{"weight":0.0,"played":[0.0143,0.9857],"evs":[0.0,0.32976]},"K9o":{"weight":0.0,"played":[0.0617,0.9383],"evs":[0.0,0.33617]},"A9o":{"weight":0.0,"played":[0.0,1.0],"evs":[0.0,1.29675]},"T2s":{"weight":0.0,"played":[0.9993,7.0E-4],"evs":[0.0,-0.30898]},"T3s":{"weight":0.0,"played":[0.9991,9.0E-4],"evs":[0.0,-0.25843]},"T4s":{"weight":0.0,"played":[0.908,0.092],"evs":[0.0,-0.2357]},"T5s":{"weight":0.0,"played":[0.6991,0.3009],"evs":[0.0,0.02183]},"T6s":{"weight":0.0,"played":[0.2131,0.7869],"evs":[0.0,0.28313]},"T7s":{"weight":0.0,"played":[4.0E-4,0.9996],"evs":[0.0,0.77352]},"T8s":{"weight":0.0,"played":[0.0,1.0],"evs":[0.0,1.18904]},"T9s":{"weight":0.0,"played":[1.0E-4,0.9999],"evs":[0.0,1.35082]},"TT":{"weight":0.0,"played":[0.0,1.0],"evs":[0.0,5.46437]},"JTo":{"weight":0.0,"played":[0.0,1.0],"evs":[0.0,0.82389]},"QTo":{"weight":0.0,"played":[1.0E-4,0.9999],"evs":[0.0,0.93541]},"KTo":{"weight":0.0,"played":[9.0E-4,0.9991],"evs":[0.0,1.01566]},"ATo":{"weight":0.0,"played":[0.0,1.0],"evs":[0.0,2.2007]},"J2s":{"weight":0.0,"played":[0.9989,0.0011],"evs":[0.0,-0.30232]},"J3s":{"weight":0.0,"played":[0.5188,0.4812],"evs":[0.0,-0.22023]},"J4s":{"weight":0.0,"played":[0.6871,0.3129],"evs":[0.0,-0.01277]},"J5s":{"weight":0.0,"played":[0.0119,0.9881],"evs":[0.0,0.25339]},"J6s":{"weight":0.0,"played":[0.0746,0.9254],"evs":[0.0,0.29093]},"J7s":{"weight":0.0,"played":[1.0E-4,0.9999],"evs":[0.0,0.29327]},"J8s":{"weight":0.0,"played":[4.0E-4,0.9996],"evs":[0.0,1.09076]},"J9s":{"weight":0.0,"played":[1.0E-4,0.9999],"evs":[0.0,1.31753]},"JTs":{"weight":1.0,"played":[4.0E-4,0.9996],"evs":[0.0,1.78247]},"JJ":{"weight":0.0,"played":[0.0,1.0],"evs":[0.0,6.8455]},"QJo":{"weight":0.0,"played":[0.0,1.0],"evs":[0.0,0.94379]},"KJo":{"weight":0.0,"played":[0.0,1.0],"evs":[0.0,1.76516]},"AJo":{"weight":0.0,"played":[0.0,1.0],"evs":[0.0,3.20109]},"Q2s":{"weight":0.0,"played":[0.6034,0.3966],"evs":[0.0,-0.01217]},"Q3s":{"weight":0.0,"played":[0.2568,0.7432],"evs":[0.0,0.22589]},"Q4s":{"weight":0.0,"played":[0.274,0.726],"evs":[0.0,0.11185]},"Q5s":{"weight":0.0,"played":[2.0E-4,0.9998],"evs":[0.0,0.4819]},"Q6s":{"weight":0.0,"played":[0.0,1.0],"evs":[0.0,0.36955]},"Q7s":{"weight":0.0,"played":[0.1569,0.8431],"evs":[0.0,0.06566]},"Q8s":{"weight":0.0,"played":[5.0E-4,0.9995],"evs":[0.0,1.03831]},"Q9s":{"weight":0.0,"played":[3.0E-4,0.9997],"evs":[0.0,1.26667]},"QTs":{"weight":1.0,"played":[0.0,1.0],"evs":[0.0,1.78191]},"QJs":{"weight":0.0722,"played":[0.0,1.0],"evs":[0.0,2.2558]},"QQ":{"weight":0.0,"played":[0.0,1.0],"evs":[0.0,8.06578]},"KQo":{"weight":0.0,"played":[0.0,1.0],"evs":[0.0,2.13562]},"AQo":{"weight":0.0,"played":[0.0,1.0],"evs":[0.0,3.92053]},"K2s":{"weight":0.0,"played":[0.452,0.548],"evs":[0.0,-0.17852]},"K3s":{"weight":0.0,"played":[0.0384,0.9616],"evs":[0.0,0.15613]},"K4s":{"weight":0.0,"played":[0.0074,0.9926],"evs":[0.0,0.34305]},"K5s":{"weight":0.0,"played":[0.0,1.0],"evs":[0.0,0.62766]},"K6s":{"weight":0.0,"played":[0.0075,0.9925],"evs":[0.0,0.83514]},"K7s":{"weight":0.0,"played":[0.0024,0.9976],"evs":[0.0,0.80844]},"K8s":{"weight":0.0017,"played":[5.0E-4,0.9995],"evs":[0.0,0.94096]},"K9s":{"weight":0.0588,"played":[0.0,1.0],"evs":[0.0,1.61801]},"KTs":{"weight":0.0,"played":[1.0E-4,0.9999],"evs":[0.0,2.14521]},"KJs":{"weight":0.0,"played":[0.0,1.0],"evs":[0.0,2.93291]},"KQs":{"weight":0.0,"played":[0.0,1.0],"evs":[0.0,3.17846]},"KK":{"weight":0.0,"played":[0.0,1.0],"evs":[0.0,10.40806]},"AKo":{"weight":0.0,"played":[0.0,1.0],"evs":[0.0,5.32448]},"A2s":{"weight":0.1472,"played":[4.0E-4,0.9996],"evs":[0.0,0.71609]},"A3s":{"weight":0.0449,"played":[8.0E-4,0.9992],"evs":[0.0,0.80041]},"A4s":{"weight":0.0013,"played":[3.0E-4,0.9997],"evs":[0.0,0.74946]},"A5s":{"weight":0.0,"played":[3.0E-4,0.9997],"evs":[0.0,1.1862]},"A6s":{"weight":3.0E-4,"played":[1.0E-4,0.9999],"evs":[0.0,1.09929]},"A7s":{"weight":0.0,"played":[0.0,1.0],"evs":[0.0,1.32314]},"A8s":{"weight":0.0,"played":[0.0,1.0],"evs":[0.0,2.03078]},"A9s":{"weight":0.0,"played":[1.0E-4,0.9999],"evs":[0.0,1.98171]},"ATs":{"weight":0.0,"played":[0.0,1.0],"evs":[0.0,3.25027]},"AJs":{"weight":0.0,"played":[0.0,1.0],"evs":[0.0,4.19836]},"AQs":{"weight":0.0,"played":[0.0,1.0],"evs":[0.0,4.69313]},"AKs":{"weight":0.0,"played":[0.0,1.0],"evs":[0.0,5.7052]},"AA":{"weight":7.0E-4,"played":[0.0,1.0],"evs":[0.0,12.99911]}}}