{"player":0,"street":0,"children":3,"sequence":[{"player":0,"type":"R","amount":200000,"street":0},{"player":1,"type":"C","amount":200000,"street":0},{"player":2,"type":"C","amount":200000,"street":0},{"player":3,"type":"F","amount":0,"street":0},{"player":4,"type":"F","amount":0,"street":0},{"player":5,"type":"R","amount":1985000,"street":0}],"actions":[{"type":"F","amount":0,"node":421},{"type":"C","amount":1785000,"node":424},{"type":"R","amount":2885000,"node":429}],"hands":{"22":{"weight":0.9999,"played":[0.9965,0.0019,0.0016],"evs":[0.0,-0.73434,-0.83436]},"32o":{"weight":0.0,"played":[1.0,0.0,0.0],"evs":[0.0,-6.38664,-6.54359]},"42o":{"weight":0.0,"played":[0.9999,0.0,1.0E-4],"evs":[0.0,-5.30125,-5.32825]},"52o":{"weight":0.0,"played":[1.0,0.0,0.0],"evs":[0.0,-5.52568,-5.58828]},"62o":{"weight":0.0,"played":[1.0,0.0,0.0],"evs":[0.0,-5.97978,-6.06976]},"72o":{"weight":0.0,"played":[1.0,0.0,0.0],"evs":[0.0,-5.87965,-6.02535]},"82o":{"weight":0.0,"played":[1.0,0.0,0.0],"evs":[0.0,-5.76496,-5.88845]},"92o":{"weight":0.0,"played":[1.0,0.0,0.0],"evs":[0.0,-5.54876,-5.64157]},"T2o":{"weight":0.0,"played":[1.0,0.0,0.0],"evs":[0.0,-5.12127,-5.18645]},"J2o":{"weight":0.0,"played":[1.0,0.0,0.0],"evs":[0.0,-5.28383,-5.25519]},"Q2o":{"weight":0.0,"played":[1.0,0.0,0.0],"evs":[0.0,-5.20921,-5.19276]},"K2o":{"weight":0.0,"played":[0.9999,0.0,1.0E-4],"evs":[0.0,-3.42737,-3.45208]},"A2o":{"weight":0.0,"played":[0.9999,0.0,1.0E-4],"evs":[0.0,-3.56441,-3.64643]},"32s":{"weight":0.0,"played":[0.9997,0.0,3.0E-4],"evs":[0.0,-3.84827,-3.9558]},"33":{"weight":1.0,"played":[0.9797,0.02,3.0E-4],"evs":[0.0,-0.92448,-0.91295]},"43o":{"weight":0.0,"played":[1.0,0.0,0.0],"evs":[0.0,-5.14807,-5.2268]},"53o":{"weight":0.0,"played":[1.0,0.0,0.0],"evs":[0.0,-5.40347,-5.55235]},"63o":{"weight":0.0,"played":[1.0,0.0,0.0],"evs":[0.0,-5.25957,-5.40038]},"73o":{"weight":0.0,"played":[0.9999,1.0E-4,0.0],"evs":[0.0,-5.77432,-5.81837]},"83o":{"weight":0.0,"played":[0.9998,0.0,2.0E-4],"evs":[0.0,-5.3786,-5.36692]},"93o":{"weight":0.0,"played":[1.0,0.0,0.0],"evs":[0.0,-5.55934,-5.51494]},"T3o":{"weight":0.0,"played":[1.0,0.0,0.0],"evs":[0.0,-5.07643,-5.15792]},"J3o":{"weight":0.0,"played":[1.0,0.0,0.0],"evs":[0.0,-5.38942,-5.37111]},"Q3o":{"weight":0.0,"played":[1.0,0.0,0.0],"evs":[0.0,-5.37972,-5.39746]},"K3o":{"weight":0.0,"played":[0.9998,0.0,1.0E-4],"evs":[0.0,-3.87477,-4.02213]},"A3o":{"weight":0.0,"played":[0.9999,0.0,1.0E-4],"evs":[0.0,-4.24043,-4.21097]},"42s":{"weight":0.0,"played":[0.9996,2.0E-4,2.0E-4],"evs":[0.0,-4.16168,-4.06279]},"43s":{"weight":0.0,"played":[0.9993,0.0,7.0E-4],"evs":[0.0,-3.21369,-3.22971]},"44":{"weight":1.0,"played":[0.9403,0.0494,0.0103],"evs":[0.0,-0.53117,-0.71466]},"54o":{"weight":0.0,"played":[1.0,0.0,0.0],"evs":[0.0,-4.02156,-4.09829]},"64o":{"weight":0.0,"played":[0.9999,0.0,1.0E-4],"evs":[0.0,-4.89496,-4.9348]},"74o":{"weight":0.0,"played":[1.0,0.0,0.0],"evs":[0.0,-4.85476,-4.99877]},"84o":{"weight":0.0,"played":[0.9996,3.0E-4,1.0E-4],"evs":[0.0,-4.90028,-5.00468]},"94o":{"weight":0.0,"played":[1.0,0.0,0.0],"evs":[0.0,-5.37318,-5.41976]},"T4o":{"weight":0.0,"played":[1.0,0.0,0.0],"evs":[0.0,-5.4966,-5.61542]},"J4o":{"weight":0.0,"played":[1.0,0.0,0.0],"evs":[0.0,-5.81431,-5.78564]},"Q4o":{"weight":0.0,"played":[1.0,0.0,0.0],"evs":[0.0,-5.18845,-5.31727]},"K4o":{"weight":0.0,"played":[0.9997,1.0E-4,2.0E-4],"evs":[0.0,-4.25368,-4.2679]},"A4o":{"weight":0.0,"played":[0.9999,1.0E-4,1.0E-4],"evs":[0.0,-3.21974,-3.21315]},"52s":{"weight":0.0,"played":[1.0,0.0,0.0],"evs":[0.0,-3.61105,-3.73232]},"53s":{"weight":0.0,"played":[0.9998,0.0,2.0E-4],"evs":[0.0,-3.40354,-3.35928]},"54s":{"weight":0.0,"played":[0.9164,0.0094,0.0741],"evs":[0.0,-3.53399,-3.63322]},"55":{"weight":1.0,"played":[0.9971,0.0027,2.0E-4],"evs":[0.0,-0.5804,-0.72371]},"65o":{"weight":0.0,"played":[1.0,0.0,0.0],"evs":[0.0,-4.01303,-4.08332]},"75o":{"weight":0.0,"played":[1.0,0.0,0.0],"evs":[0.0,-4.26445,-4.3799]},"85o":{"weight":0.0,"played":[1.0,0.0,0.0],"evs":[0.0,-4.85403,-4.85037]},"95o":{"weight":0.0,"played":[1.0,0.0,0.0],"evs":[0.0,-4.39316,-4.40898]},"T5o":{"weight":0.0,"played":[1.0,0.0,0.0],"evs":[0.0,-5.75321,-5.79971]},"J5o":{"weight":0.0,"played":[0.9999,0.0,1.0E-4],"evs":[0.0,-5.46836,-5.58155]},"Q5o":{"weight":0.0,"played":[0.9999,0.0,1.0E-4],"evs":[0.0,-4.93651,-5.25359]},"K5o":{"weight":0.0,"played":[1.0,0.0,0.0],"evs":[0.0,-4.2836,-4.49129]},"A5o":{"weight":0.9983,"played":[0.9996,2.0E-4,2.0E-4],"evs":[0.0,-3.02277,-3.06862]},"62s":{"weight":0.0,"played":[1.0,0.0,0.0],"evs":[0.0,-4.44711,-4.73531]},"63s":{"weight":0.0,"played":[0.9999,0.0,1.0E-4],"evs":[0.0,-3.07063,-3.09278]},"64s":{"weight":0.0,"played":[0.9981,6.0E-4,0.0013],"evs":[0.0,-3.8171,-3.89143]},"65s":{"weight":0.9823,"played":[0.994,6.0E-4,0.0054],"evs":[0.0,-2.9565,-3.06877]},"66":{"weight":1.0,"played":[0.9009,0.0769,0.0221],"evs":[0.0,-0.46209,-0.59688]},"76o":{"weight":0.0,"played":[0.9996,4.0E-4,0.0],"evs":[0.0,-4.10727,-4.17287]},"86o":{"weight":0.0,"played":[1.0,0.0,0.0],"evs":[0.0,-3.84967,-3.86692]},"96o":{"weight":0.0,"played":[1.0,0.0,0.0],"evs":[0.0,-4.37199,-4.30671]},"T6o":{"weight":0.0,"played":[0.9998,2.0E-4,1.0E-4],"evs":[0.0,-4.69378,-4.69627]},"J6o":{"weight":0.0,"played":[1.0,0.0,0.0],"evs":[0.0,-4.94893,-4.98924]},"Q6o":{"weight":0.0,"played":[0.9999,0.0,1.0E-4],"evs":[0.0,-4.76142,-4.90007]},"K6o":{"weight":0.0,"played":[1.0,0.0,0.0],"evs":[0.0,-3.87219,-4.07791]},"A6o":{"weight":0.0,"played":[0.9999,0.0,1.0E-4],"evs":[0.0,-3.39112,-3.56435]},"72s":{"weight":0.0,"played":[1.0,0.0,0.0],"evs":[0.0,-4.28672,-4.39581]},"73s":{"weight":0.0,"played":[1.0,0.0,0.0],"evs":[0.0,-2.97047,-3.11023]},"74s":{"weight":0.0,"played":[0.9998,0.0,2.0E-4],"evs":[0.0,-3.62298,-3.77159]},"75s":{"weight":0.0,"played":[0.9993,0.0,7.0E-4],"evs":[0.0,-1.94374,-2.0023]},"76s":{"weight":0.9999,"played":[0.9949,4.0E-4,0.0047],"evs":[0.0,-2.03561,-1.98362]},"77":{"weight":1.0,"played":[0.0165,0.8276,0.1559],"evs":[0.0,1.09194,0.95571]},"87o":{"weight":0.0,"played":[0.9999,1.0E-4,0.0],"evs":[0.0,-3.0738,-3.09336]},"97o":{"weight":0.0,"played":[0.9996,1.0E-4,3.0E-4],"evs":[0.0,-3.64949,-3.74287]},"T7o":{"weight":0.0,"played":[1.0,0.0,0.0],"evs":[0.0,-3.99976,-3.96876]},"J7o":{"weight":0.0,"played":[0.9997,1.0E-4,2.0E-4],"evs":[0.0,-4.82029,-4.74764]},"Q7o":{"weight":0.0,"played":[0.9999,0.0,1.0E-4],"evs":[0.0,-5.28536,-5.33723]},"K7o":{"weight":0.0,"played":[0.9997,1.0E-4,2.0E-4],"evs":[0.0,-3.45763,-3.59493]},"A7o":{"weight":1.0,"played":[0.9999,0.0,1.0E-4],"evs":[0.0,-3.28987,-3.38126]},"82s":{"weight":0.0,"played":[0.9983,0.0,0.0017],"evs":[0.0,-4.46524,-4.41477]},"83s":{"weight":0.0,"played":[0.9997,0.0,2.0E-4],"evs":[0.0,-4.54769,-4.62925]},"84s":{"weight":0.0,"played":[0.9971,1.0E-4,0.0028],"evs":[0.0,-3.57364,-3.6133]},"85s":{"weight":0.0,"played":[0.9992,8.0E-4,0.0],"evs":[0.0,-3.22153,-3.27459]},"86s":{"weight":0.7689,"played":[0.9999,0.0,1.0E-4],"evs":[0.0,-2.77436,-2.78617]},"87s":{"weight":0.9999,"played":[0.9924,0.0012,0.0064],"evs":[0.0,-1.72849,-1.71274]},"88":{"weight":0.9998,"played":[0.0,0.5626,0.4374],"evs":[0.0,3.20213,3.25089]},"98o":{"weight":0.0,"played":[0.9998,1.0E-4,1.0E-4],"evs":[0.0,-2.99396,-2.83304]},"T8o":{"weight":0.0,"played":[0.9999,0.0,1.0E-4],"evs":[0.0,-3.27053,-3.23029]},"J8o":{"weight":0.0,"played":[0.9956,0.002,0.0023],"evs":[0.0,-3.21321,-3.20848]},"Q8o":{"weight":0.0,"played":[0.9998,2.0E-4,1.0E-4],"evs":[0.0,-3.78508,-3.84344]},"K8o":{"weight":0.0,"played":[0.9995,3.0E-4,2.0E-4],"evs":[0.0,-3.08278,-3.18345]},"A8o":{"weight":1.0,"played":[1.0,0.0,0.0],"evs":[0.0,-3.57832,-3.47549]},"92s":{"weight":0.0,"played":[0.9997,1.0E-4,2.0E-4],"evs":[0.0,-3.12062,-3.29968]},"93s":{"weight":0.0,"played":[1.0,0.0,0.0],"evs":[0.0,-4.11519,-4.01139]},"94s":{"weight":0.0,"played":[0.9999,1.0E-4,0.0],"evs":[0.0,-4.38906,-4.49084]},"95s":{"weight":0.0,"played":[0.9992,2.0E-4,6.0E-4],"evs":[0.0,-2.8639,-2.95949]},"96s":{"weight":0.0,"played":[0.9918,0.0081,1.0E-4],"evs":[0.0,-2.78297,-2.82859]},"97s":{"weight":0.9998,"played":[0.9898,0.0043,0.0059],"evs":[0.0,-1.46744,-1.48287]},"98s":{"weight":1.0,"played":[0.999,1.0E-4,9.0E-4],"evs":[0.0,-1.62714,-1.57208]},"99":{"weight":1.0,"played":[0.0,0.8059,0.1941],"evs":[0.0,4.8582,4.85106]},"T9o":{"weight":0.0,"played":[0.9997,1.0E-4,3.0E-4],"evs":[0.0,-2.4154,-2.30081]},"J9o":{"weight":0.0,"played":[0.999,5.0E-4,4.0E-4],"evs":[0.0,-3.35729,-3.34775]},"Q9o":{"weight":0.0,"played":[0.9994,0.0,6.0E-4],"evs":[0.0,-3.06488,-3.19137]},"K9o":{"weight":0.0,"played":[0.9988,0.0,0.0012],"evs":[0.0,-2.64254,-2.67753]},"A9o":{"weight":1.0,"played":[0.9989,2.0E-4,9.0E-4],"evs":[0.0,-2.43983,-2.48562]},"T2s":{"weight":0.0,"played":[0.9998,2.0E-4,1.0E-4],"evs":[0.0,-3.51476,-3.52647]},"T3s":{"weight":0.0,"played":[0.9981,1.0E-4,0.0018],"evs":[0.0,-2.41659,-2.28896]},"T4s":{"weight":0.0,"played":[0.9996,0.0,4.0E-4],"evs":[0.0,-3.46577,-3.31916]},"T5s":{"weight":0.0,"played":[0.9988,0.0,0.0012],"evs":[0.0,-3.20448,-3.22737]},"T6s":{"weight":0.0,"played":[0.9862,0.0117,0.0021],"evs":[0.0,-2.95474,-2.91673]},"T7s":{"weight":0.9993,"played":[1.0,0.0,0.0],"evs":[0.0,-2.19004,-2.17177]},"T8s":{"weight":1.0,"played":[0.9987,7.0E-4,7.0E-4],"evs":[0.0,-2.09117,-2.02913]},"T9s":{"weight":1.0,"played":[0.9846,0.0123,0.003],"evs":[0.0,-0.78659,-0.79215]},"TT":{"weight":1.0,"played":[0.0,0.9081,0.0919],"evs":[0.0,6.35529,6.39345]},"JTo":{"weight":1.0,"played":[0.9985,0.0015,0.0],"evs":[0.0,-1.94179,-1.99581]},"QTo":{"weight":1.0,"played":[0.9997,0.0,3.0E-4],"evs":[0.0,-2.16107,-2.24862]},"KTo":{"weight":1.0,"played":[0.9979,0.0018,3.0E-4],"evs":[0.0,-1.43634,-1.4653]},"ATo":{"weight":1.0,"played":[0.9787,0.0191,0.0022],"evs":[0.0,-1.23793,-1.30959]},"J2s":{"weight":0.0,"played":[1.0,0.0,0.0],"evs":[0.0,-3.62747,-3.6598]},"J3s":{"weight":0.0,"played":[0.9991,0.0,9.0E-4],"evs":[0.0,-3.44923,-3.4797]},"J4s":{"weight":0.0,"played":[1.0,0.0,0.0],"evs":[0.0,-3.82641,-3.7677]},"J5s":{"weight":0.0,"played":[0.9999,0.0,0.0],"evs":[0.0,-3.69015,-3.62888]},"J6s":{"weight":0.0,"played":[0.9998,0.0,2.0E-4],"evs":[0.0,-3.03174,-3.28638]},"J7s":{"weight":0.0,"played":[0.9984,5.0E-4,0.0011],"evs":[0.0,-2.64871,-2.80173]},"J8s":{"weight":1.0,"played":[0.9997,0.0,3.0E-4],"evs":[0.0,-1.498,-1.48066]},"J9s":{"weight":1.0,"played":[0.9787,0.0195,0.0018],"evs":[0.0,-1.68189,-1.80274]},"JTs":{"weight":1.0,"played":[0.9625,0.032,0.0055],"evs":[0.0,-0.62591,-0.67312]},"JJ":{"weight":1.0,"played":[0.0,0.0103,0.9897],"evs":[0.0,7.78062,7.85175]},"QJo":{"weight":1.0,"played":[0.9997,0.0,3.0E-4],"evs":[0.0,-2.00343,-1.96259]},"KJo":{"weight":1.0,"played":[0.9995,3.0E-4,2.0E-4],"evs":[0.0,-0.72485,-0.79456]},"AJo":{"weight":1.0,"played":[0.2612,0.3623,0.3765],"evs":[0.0,-0.02994,-0.03281]},"Q2s":{"weight":0.0,"played":[0.9987,9.0E-4,3.0E-4],"evs":[0.0,-3.32045,-3.25435]},"Q3s":{"weight":0.0,"played":[0.9997,0.0,3.0E-4],"evs":[0.0,-3.35201,-3.62064]},"Q4s":{"weight":0.0,"played":[0.9964,0.0022,0.0014],"evs":[0.0,-3.80025,-3.72307]},"Q5s":{"weight":0.0,"played":[0.9991,6.0E-4,3.0E-4],"evs":[0.0,-3.35134,-3.3458]},"Q6s":{"weight":0.0,"played":[0.9998,1.0E-4,1.0E-4],"evs":[0.0,-3.1315,-3.12595]},"Q7s":{"weight":0.1057,"played":[0.9999,0.0,1.0E-4],"evs":[0.0,-2.13087,-2.17213]},"Q8s":{"weight":1.0,"played":[0.9989,1.0E-4,0.001],"evs":[0.0,-1.29942,-1.39684]},"Q9s":{"weight":1.0,"played":[0.9751,0.0082,0.0167],"evs":[0.0,-1.15562,-1.29067]},"QTs":{"weight":1.0,"played":[0.9724,0.0189,0.0087],"evs":[0.0,-0.77647,-0.81518]},"QJs":{"weight":1.0,"played":[0.9868,0.0099,0.0033],"evs":[0.0,-0.89352,-0.90968]},"QQ":{"weight":1.0,"played":[0.0,0.1659,0.8341],"evs":[0.0,10.80288,10.95661]},"KQo":{"weight":0.9999,"played":[0.9377,3.0E-4,0.062],"evs":[0.0,-0.83361,-0.77892]},"AQo":{"weight":0.9998,"played":[0.004,0.045,0.951],"evs":[0.0,1.68236,1.74079]},"K2s":{"weight":0.0,"played":[0.9979,0.0011,0.001],"evs":[0.0,-2.29651,-2.56313]},"K3s":{"weight":0.0,"played":[0.9995,0.0,5.0E-4],"evs":[0.0,-2.29216,-2.48533]},"K4s":{"weight":0.0591,"played":[0.9936,0.0044,0.002],"evs":[0.0,-3.05248,-3.24981]},"K5s":{"weight":1.0,"played":[0.9999,0.0,1.0E-4],"evs":[0.0,-2.16885,-2.20474]},"K6s":{"weight":1.0,"played":[1.0,0.0,0.0],"evs":[0.0,-2.58187,-2.72356]},"K7s":{"weight":1.0,"played":[0.9998,0.0,2.0E-4],"evs":[0.0,-1.47158,-1.57445]},"K8s":{"weight":1.0,"played":[1.0,0.0,0.0],"evs":[0.0,-1.81583,-1.83494]},"K9s":{"weight":1.0,"played":[0.6854,0.059,0.2555],"evs":[0.0,-1.27949,-1.29992]},"KTs":{"weight":0.9999,"played":[0.8859,0.0045,0.1096],"evs":[0.0,-0.30513,-0.2207]},"KJs":{"weight":1.0,"played":[0.0475,0.4637,0.4888],"evs":[0.0,0.26122,0.28731]},"KQs":{"weight":1.0,"played":[0.0137,0.1658,0.8205],"evs":[0.0,0.49477,0.53349]},"KK":{"weight":1.0,"played":[0.0,0.7634,0.2366],"evs":[0.0,15.1795,15.23598]},"AKo":{"weight":1.0,"played":[0.0,0.8918,0.1082],"evs":[0.0,5.43191,5.27129]},"A2s":{"weight":1.0,"played":[0.9973,0.0019,8.0E-4],"evs":[0.0,-2.04216,-2.19599]},"A3s":{"weight":1.0,"played":[0.9766,0.0075,0.0159],"evs":[0.0,-1.35481,-1.29454]},"A4s":{"weight":1.0,"played":[0.9998,2.0E-4,1.0E-4],"evs":[0.0,-1.79728,-1.91263]},"A5s":{"weight":1.0,"played":[0.9988,0.0,0.0012],"evs":[0.0,-0.42191,-0.4717]},"A6s":{"weight":1.0,"played":[0.9841,0.0124,0.0035],"evs":[0.0,-1.65325,-1.68917]},"A7s":{"weight":1.0,"played":[0.9952,0.0018,0.003],"evs":[0.0,-1.84521,-1.96091]},"A8s":{"weight":1.0,"played":[0.9829,0.0139,0.0032],"evs":[0.0,-0.65777,-0.66756]},"A9s":{"weight":1.0,"played":[0.6514,0.1992,0.1495],"evs":[0.0,-0.58464,-0.561]},"ATs":{"weight":1.0,"played":[5.0E-4,0.0041,0.9954],"evs":[0.0,1.04016,1.1148]},"AJs":{"weight":1.0,"played":[0.0051,0.2666,0.7283],"evs":[0.0,1.48449,1.42384]},"AQs":{"weight":1.0,"played":[2.0E-4,0.4077,0.5921],"evs":[0.0,2.9581,3.03529]},"AKs":{"weight":1.0,"played":[0.0,0.9068,0.0932],"evs":[0.0,6.38173,6.35713]},"AA":{"weight":1.0,"played":[0.0,0.7548,0.2452],"evs":[0.0,20.09791,20.05128]}}}