{"player":1,"street":0,"children":2,"sequence":[{"player":0,"type":"R","amount":200000,"street":0},{"player":1,"type":"C","amount":200000,"street":0},{"player":2,"type":"C","amount":200000,"street":0},{"player":3,"type":"F","amount":0,"street":0},{"player":4,"type":"F","amount":0,"street":0},{"player":5,"type":"R","amount":1985000,"street":0},{"player":0,"type":"F","amount":0,"street":0}],"actions":[{"type":"F","amount":0,"node":422},{"type":"C","amount":1785000,"node":423}],"hands":{"22":{"weight":0.3192,"played":[0.0322,0.9678],"evs":[0.0,0.44509]},"32o":{"weight":0.0,"played":[1.0,0.0],"evs":[0.0,-4.57239]},"42o":{"weight":0.0,"played":[1.0,0.0],"evs":[0.0,-4.56451]},"52o":{"weight":0.0,"played":[1.0,0.0],"evs":[0.0,-4.34888]},"62o":{"weight":0.0,"played":[1.0,0.0],"evs":[0.0,-4.47723]},"72o":{"weight":0.0,"played":[1.0,0.0],"evs":[0.0,-5.21224]},"82o":{"weight":0.0,"played":[1.0,0.0],"evs":[0.0,-4.4327]},"92o":{"weight":0.0,"played":[1.0,0.0],"evs":[0.0,-4.3209]},"T2o":{"weight":0.0,"played":[1.0,0.0],"evs":[0.0,-4.98903]},"J2o":{"weight":0.0,"played":[1.0,0.0],"evs":[0.0,-4.05368]},"Q2o":{"weight":0.0,"played":[0.9999,1.0E-4],"evs":[0.0,-4.07217]},"K2o":{"weight":0.0,"played":[0.9999,1.0E-4],"evs":[0.0,-3.44083]},"A2o":{"weight":0.0,"played":[1.0,0.0],"evs":[0.0,-2.56233]},"32s":{"weight":0.0,"played":[1.0,0.0],"evs":[0.0,-2.94556]},"33":{"weight":0.9866,"played":[0.0704,0.9296],"evs":[0.0,0.0805]},"43o":{"weight":0.0,"played":[1.0,0.0],"evs":[0.0,-3.68601]},"53o":{"weight":0.0,"played":[1.0,0.0],"evs":[0.0,-3.65787]},"63o":{"weight":0.0,"played":[1.0,0.0],"evs":[0.0,-4.19755]},"73o":{"weight":0.0,"played":[0.9999,1.0E-4],"evs":[0.0,-4.15386]},"83o":{"weight":0.0,"played":[1.0,0.0],"evs":[0.0,-4.65242]},"93o":{"weight":0.0,"played":[1.0,0.0],"evs":[0.0,-4.34457]},"T3o":{"weight":0.0,"played":[1.0,0.0],"evs":[0.0,-4.0168]},"J3o":{"weight":0.0,"played":[0.9999,1.0E-4],"evs":[0.0,-4.25154]},"Q3o":{"weight":0.0,"played":[1.0,0.0],"evs":[0.0,-3.4078]},"K3o":{"weight":0.0,"played":[0.9999,1.0E-4],"evs":[0.0,-3.35784]},"A3o":{"weight":0.0,"played":[0.9999,1.0E-4],"evs":[0.0,-2.90198]},"42s":{"weight":0.0,"played":[0.9979,0.0021],"evs":[0.0,-3.08295]},"43s":{"weight":0.0,"played":[0.9986,0.0014],"evs":[0.0,-2.92328]},"44":{"weight":0.9998,"played":[0.008,0.992],"evs":[0.0,0.34078]},"54o":{"weight":0.0,"played":[1.0,0.0],"evs":[0.0,-3.32631]},"64o":{"weight":0.0,"played":[1.0,0.0],"evs":[0.0,-4.43103]},"74o":{"weight":0.0,"played":[0.9999,1.0E-4],"evs":[0.0,-3.8294]},"84o":{"weight":0.0,"played":[0.9999,1.0E-4],"evs":[0.0,-3.89824]},"94o":{"weight":0.0,"played":[0.9999,1.0E-4],"evs":[0.0,-4.18015]},"T4o":{"weight":0.0,"played":[0.9995,5.0E-4],"evs":[0.0,-4.26828]},"J4o":{"weight":0.0,"played":[0.9999,1.0E-4],"evs":[0.0,-3.7957]},"Q4o":{"weight":0.0,"played":[1.0,0.0],"evs":[0.0,-4.26864]},"K4o":{"weight":0.0,"played":[0.9997,3.0E-4],"evs":[0.0,-3.09265]},"A4o":{"weight":0.0,"played":[1.0,0.0],"evs":[0.0,-1.86962]},"52s":{"weight":0.0,"played":[0.9999,1.0E-4],"evs":[0.0,-3.15367]},"53s":{"weight":0.0,"played":[0.9996,4.0E-4],"evs":[0.0,-2.09668]},"54s":{"weight":0.0,"played":[0.9936,0.0064],"evs":[0.0,-1.88631]},"55":{"weight":0.983,"played":[0.0651,0.9349],"evs":[0.0,0.00681]},"65o":{"weight":0.0,"played":[1.0,0.0],"evs":[0.0,-2.76751]},"75o":{"weight":0.0,"played":[1.0,0.0],"evs":[0.0,-3.57561]},"85o":{"weight":0.0,"played":[1.0,0.0],"evs":[0.0,-3.38739]},"95o":{"weight":0.0,"played":[1.0,0.0],"evs":[0.0,-3.45472]},"T5o":{"weight":0.0,"played":[0.9999,1.0E-4],"evs":[0.0,-4.10727]},"J5o":{"weight":0.0,"played":[1.0,0.0],"evs":[0.0,-3.93403]},"Q5o":{"weight":0.0,"played":[0.9999,1.0E-4],"evs":[0.0,-3.91591]},"K5o":{"weight":0.0,"played":[0.9999,1.0E-4],"evs":[0.0,-2.86172]},"A5o":{"weight":0.0,"played":[0.9999,1.0E-4],"evs":[0.0,-2.14072]},"62s":{"weight":0.0,"played":[0.9974,0.0026],"evs":[0.0,-2.62298]},"63s":{"weight":0.0,"played":[0.9993,7.0E-4],"evs":[0.0,-2.79535]},"64s":{"weight":0.0,"played":[0.9995,5.0E-4],"evs":[0.0,-2.05565]},"65s":{"weight":0.0,"played":[0.9921,0.0079],"evs":[0.0,-1.97753]},"66":{"weight":0.9968,"played":[0.0019,0.9981],"evs":[0.0,1.59032]},"76o":{"weight":0.0,"played":[1.0,0.0],"evs":[0.0,-2.56059]},"86o":{"weight":0.0,"played":[0.9998,2.0E-4],"evs":[0.0,-3.38004]},"96o":{"weight":0.0,"played":[0.9999,1.0E-4],"evs":[0.0,-3.33181]},"T6o":{"weight":0.0,"played":[0.9996,4.0E-4],"evs":[0.0,-3.84147]},"J6o":{"weight":0.0,"played":[0.9999,1.0E-4],"evs":[0.0,-4.14589]},"Q6o":{"weight":0.0,"played":[0.9999,1.0E-4],"evs":[0.0,-3.68274]},"K6o":{"weight":0.0,"played":[1.0,0.0],"evs":[0.0,-3.38112]},"A6o":{"weight":0.0,"played":[1.0,0.0],"evs":[0.0,-3.04651]},"72s":{"weight":0.0,"played":[1.0,0.0],"evs":[0.0,-3.12079]},"73s":{"weight":0.0,"played":[0.997,0.003],"evs":[0.0,-3.10144]},"74s":{"weight":0.0,"played":[0.9993,7.0E-4],"evs":[0.0,-2.76684]},"75s":{"weight":0.0,"played":[0.9897,0.0103],"evs":[0.0,-1.01362]},"76s":{"weight":0.8317,"played":[0.9994,6.0E-4],"evs":[0.0,-1.63102]},"77":{"weight":0.9912,"played":[0.0,1.0],"evs":[0.0,2.50673]},"87o":{"weight":0.0,"played":[0.9998,2.0E-4],"evs":[0.0,-2.58066]},"97o":{"weight":0.0,"played":[0.9991,9.0E-4],"evs":[0.0,-2.36346]},"T7o":{"weight":0.0,"played":[1.0,0.0],"evs":[0.0,-3.27336]},"J7o":{"weight":0.0,"played":[1.0,0.0],"evs":[0.0,-3.49967]},"Q7o":{"weight":0.0,"played":[0.9997,3.0E-4],"evs":[0.0,-3.36598]},"K7o":{"weight":0.0,"played":[1.0,0.0],"evs":[0.0,-2.87255]},"A7o":{"weight":0.0,"played":[0.9999,1.0E-4],"evs":[0.0,-2.76142]},"82s":{"weight":0.0,"played":[1.0,0.0],"evs":[0.0,-3.19965]},"83s":{"weight":0.0,"played":[0.9999,1.0E-4],"evs":[0.0,-3.15255]},"84s":{"weight":0.0,"played":[0.9971,0.0029],"evs":[0.0,-2.61182]},"85s":{"weight":0.0,"played":[0.9995,5.0E-4],"evs":[0.0,-2.23569]},"86s":{"weight":0.0,"played":[0.9958,0.0042],"evs":[0.0,-2.13383]},"87s":{"weight":0.7906,"played":[0.9725,0.0275],"evs":[0.0,-1.456]},"88":{"weight":0.9935,"played":[0.0,1.0],"evs":[0.0,3.82373]},"98o":{"weight":0.0,"played":[1.0,0.0],"evs":[0.0,-2.2238]},"T8o":{"weight":0.0,"played":[0.9992,8.0E-4],"evs":[0.0,-2.52622]},"J8o":{"weight":0.0,"played":[0.9999,1.0E-4],"evs":[0.0,-2.92734]},"Q8o":{"weight":0.0,"played":[1.0,0.0],"evs":[0.0,-2.40071]},"K8o":{"weight":0.0,"played":[0.9984,0.0016],"evs":[0.0,-2.53263]},"A8o":{"weight":0.0,"played":[0.9972,0.0028],"evs":[0.0,-1.73265]},"92s":{"weight":0.0,"played":[0.9939,0.0061],"evs":[0.0,-3.53215]},"93s":{"weight":0.0,"played":[1.0,0.0],"evs":[0.0,-2.81978]},"94s":{"weight":0.0,"played":[0.9999,1.0E-4],"evs":[0.0,-2.18298]},"95s":{"weight":0.0,"played":[0.9994,6.0E-4],"evs":[0.0,-2.21349]},"96s":{"weight":0.0,"played":[0.9643,0.0357],"evs":[0.0,-2.93858]},"97s":{"weight":0.0,"played":[0.9985,0.0015],"evs":[0.0,-1.31317]},"98s":{"weight":0.9997,"played":[0.8989,0.1011],"evs":[0.0,-0.8949]},"99":{"weight":0.5847,"played":[0.0,1.0],"evs":[0.0,5.54321]},"T9o":{"weight":0.0,"played":[0.9994,6.0E-4],"evs":[0.0,-1.48508]},"J9o":{"weight":0.0,"played":[0.9998,2.0E-4],"evs":[0.0,-2.26057]},"Q9o":{"weight":0.0,"played":[1.0,0.0],"evs":[0.0,-2.38982]},"K9o":{"weight":0.0,"played":[0.9944,0.0056],"evs":[0.0,-1.1015]},"A9o":{"weight":0.0,"played":[0.9803,0.0197],"evs":[0.0,-1.20116]},"T2s":{"weight":0.0,"played":[0.9985,0.0015],"evs":[0.0,-1.87648]},"T3s":{"weight":0.0,"played":[1.0,0.0],"evs":[0.0,-2.81897]},"T4s":{"weight":0.0,"played":[0.9998,2.0E-4],"evs":[0.0,-2.84918]},"T5s":{"weight":0.0,"played":[0.9997,3.0E-4],"evs":[0.0,-3.14664]},"T6s":{"weight":0.0,"played":[0.9994,6.0E-4],"evs":[0.0,-1.66491]},"T7s":{"weight":0.0,"played":[0.9964,0.0036],"evs":[0.0,-2.63474]},"T8s":{"weight":0.996,"played":[0.9998,2.0E-4],"evs":[0.0,-0.81492]},"T9s":{"weight":0.997,"played":[0.3634,0.6366],"evs":[0.0,-0.17646]},"TT":{"weight":0.0148,"played":[1.0E-4,0.9999],"evs":[0.0,6.88699]},"JTo":{"weight":0.0,"played":[0.9986,0.0014],"evs":[0.0,-1.33169]},"QTo":{"weight":0.0,"played":[0.9821,0.0179],"evs":[0.0,-0.99297]},"KTo":{"weight":0.0,"played":[0.9999,1.0E-4],"evs":[0.0,-0.86566]},"ATo":{"weight":0.9773,"played":[0.9876,0.0124],"evs":[0.0,-0.56234]},"J2s":{"weight":0.0,"played":[0.9999,1.0E-4],"evs":[0.0,-2.88286]},"J3s":{"weight":0.0,"played":[0.9989,0.0011],"evs":[0.0,-3.23608]},"J4s":{"weight":0.0,"played":[0.9966,0.0034],"evs":[0.0,-3.27782]},"J5s":{"weight":0.0,"played":[0.9998,2.0E-4],"evs":[0.0,-2.16213]},"J6s":{"weight":0.0,"played":[0.9995,5.0E-4],"evs":[0.0,-2.29749]},"J7s":{"weight":0.0,"played":[0.9858,0.0142],"evs":[0.0,-2.08254]},"J8s":{"weight":0.0,"played":[0.98,0.02],"evs":[0.0,-1.67272]},"J9s":{"weight":0.9998,"played":[0.9966,0.0034],"evs":[0.0,-0.75115]},"JTs":{"weight":0.923,"played":[0.0785,0.9215],"evs":[0.0,0.18704]},"JJ":{"weight":0.8665,"played":[0.0,1.0],"evs":[0.0,9.35439]},"QJo":{"weight":0.5343,"played":[1.0,0.0],"evs":[0.0,-0.75662]},"KJo":{"weight":0.9728,"played":[1.0,0.0],"evs":[0.0,-0.59338]},"AJo":{"weight":0.9731,"played":[0.0136,0.9864],"evs":[0.0,1.23581]},"Q2s":{"weight":0.0,"played":[0.9998,2.0E-4],"evs":[0.0,-2.26688]},"Q3s":{"weight":0.0,"played":[0.9977,0.0023],"evs":[0.0,-2.46371]},"Q4s":{"weight":0.0,"played":[0.998,0.002],"evs":[0.0,-2.25079]},"Q5s":{"weight":0.0,"played":[0.9954,0.0046],"evs":[0.0,-3.00258]},"Q6s":{"weight":0.0,"played":[0.9991,9.0E-4],"evs":[0.0,-1.16611]},"Q7s":{"weight":0.0,"played":[0.9967,0.0033],"evs":[0.0,-2.15342]},"Q8s":{"weight":0.0,"played":[0.999,0.001],"evs":[0.0,-1.71414]},"Q9s":{"weight":0.9598,"played":[0.6363,0.3637],"evs":[0.0,-0.03605]},"QTs":{"weight":0.7635,"played":[0.9588,0.0412],"evs":[0.0,-0.04909]},"QJs":{"weight":0.0061,"played":[0.9684,0.0316],"evs":[0.0,-0.58898]},"QQ":{"weight":0.888,"played":[0.0,1.0],"evs":[0.0,11.7089]},"KQo":{"weight":0.8698,"played":[0.3745,0.6255],"evs":[0.0,0.0633]},"AQo":{"weight":0.9602,"played":[0.0021,0.9979],"evs":[0.0,3.15554]},"K2s":{"weight":0.0,"played":[1.0,0.0],"evs":[0.0,-2.02732]},"K3s":{"weight":0.0,"played":[0.9994,6.0E-4],"evs":[0.0,-1.7488]},"K4s":{"weight":0.0,"played":[0.9857,0.0143],"evs":[0.0,-1.63212]},"K5s":{"weight":0.0,"played":[0.9993,7.0E-4],"evs":[0.0,-1.2257]},"K6s":{"weight":0.0,"played":[0.9968,0.0032],"evs":[0.0,-2.42362]},"K7s":{"weight":0.0611,"played":[0.9989,0.0011],"evs":[0.0,-1.32882]},"K8s":{"weight":0.827,"played":[0.9997,3.0E-4],"evs":[0.0,-1.4022]},"K9s":{"weight":0.883,"played":[0.9087,0.0913],"evs":[0.0,-0.26561]},"KTs":{"weight":0.9233,"played":[0.001,0.999],"evs":[0.0,0.83844]},"KJs":{"weight":0.5488,"played":[0.0756,0.9244],"evs":[0.0,0.9138]},"KQs":{"weight":1.0,"played":[0.0375,0.9625],"evs":[0.0,1.6463]},"KK":{"weight":0.9494,"played":[0.0,1.0],"evs":[0.0,13.69287]},"AKo":{"weight":0.0,"played":[0.0,1.0],"evs":[0.0,6.5493]},"A2s":{"weight":0.0,"played":[0.9766,0.0234],"evs":[0.0,-1.00322]},"A3s":{"weight":0.9868,"played":[0.9979,0.0021],"evs":[0.0,-1.02762]},"A4s":{"weight":0.9692,"played":[0.9995,5.0E-4],"evs":[0.0,-0.52092]},"A5s":{"weight":0.9787,"played":[0.9961,0.0039],"evs":[0.0,-0.6446]},"A6s":{"weight":0.9833,"played":[0.9937,0.0063],"evs":[0.0,-1.43214]},"A7s":{"weight":0.9724,"played":[0.9706,0.0294],"evs":[0.0,-0.57498]},"A8s":{"weight":0.9363,"played":[0.9799,0.0201],"evs":[0.0,-0.36913]},"A9s":{"weight":0.9999,"played":[0.3729,0.6271],"evs":[0.0,0.15002]},"ATs":{"weight":1.0,"played":[0.0679,0.9321],"evs":[0.0,1.05348]},"AJs":{"weight":1.0,"played":[4.0E-4,0.9996],"evs":[0.0,2.39383]},"AQs":{"weight":0.9999,"played":[0.0,1.0],"evs":[0.0,4.03263]},"AKs":{"weight":0.6946,"played":[0.0,1.0],"evs":[0.0,6.72242]},"AA":{"weight":0.8991,"played":[0.0,1.0],"evs":[0.0,18.77745]}}}