{"player":1,"street":0,"children":3,"sequence":[{"player":0,"type":"R","amount":200000,"street":0},{"player":1,"type":"C","amount":200000,"street":0},{"player":2,"type":"C","amount":200000,"street":0},{"player":3,"type":"F","amount":0,"street":0},{"player":4,"type":"R","amount":1085000,"street":0},{"player":5,"type":"F","amount":0,"street":0},{"player":0,"type":"F","amount":0,"street":0}],"actions":[{"type":"F","amount":0,"node":435},{"type":"C","amount":885000,"node":436},{"type":"R","amount":1885000,"node":438}],"hands":{"22":{"weight":0.3192,"played":[0.0,0.0524,0.9476],"evs":[0.0,0.51629,0.56312]},"32o":{"weight":0.0,"played":[1.0,0.0,0.0],"evs":[0.0,-4.3546,-4.40045]},"42o":{"weight":0.0,"played":[0.9999,1.0E-4,1.0E-4],"evs":[0.0,-3.94279,-3.96618]},"52o":{"weight":0.0,"played":[0.9998,0.0,1.0E-4],"evs":[0.0,-2.40717,-2.41354]},"62o":{"weight":0.0,"played":[0.9993,0.0,7.0E-4],"evs":[0.0,-2.94312,-2.99033]},"72o":{"weight":0.0,"played":[1.0,0.0,0.0],"evs":[0.0,-3.29103,-3.34161]},"82o":{"weight":0.0,"played":[0.9998,1.0E-4,1.0E-4],"evs":[0.0,-3.54434,-3.58841]},"92o":{"weight":0.0,"played":[1.0,0.0,0.0],"evs":[0.0,-3.42386,-3.44263]},"T2o":{"weight":0.0,"played":[1.0,0.0,0.0],"evs":[0.0,-3.49593,-3.52725]},"J2o":{"weight":0.0,"played":[0.9884,0.0075,0.0041],"evs":[0.0,-3.66323,-3.69682]},"Q2o":{"weight":0.0,"played":[1.0,0.0,0.0],"evs":[0.0,-3.62767,-3.63942]},"K2o":{"weight":0.0,"played":[0.9997,3.0E-4,1.0E-4],"evs":[0.0,-2.6148,-2.6342]},"A2o":{"weight":0.0,"played":[0.6059,0.1591,0.2349],"evs":[0.0,-0.86435,-0.8267]},"32s":{"weight":0.0,"played":[0.9999,0.0,0.0],"evs":[0.0,-2.75996,-2.79652]},"33":{"weight":0.9866,"played":[0.112,0.1986,0.6893],"evs":[0.0,0.61861,0.67531]},"43o":{"weight":0.0,"played":[0.9997,3.0E-4,0.0],"evs":[0.0,-3.19243,-3.18585]},"53o":{"weight":0.0,"played":[0.9998,1.0E-4,1.0E-4],"evs":[0.0,-1.72662,-1.76547]},"63o":{"weight":0.0,"played":[0.9997,2.0E-4,1.0E-4],"evs":[0.0,-2.48574,-2.51321]},"73o":{"weight":0.0,"played":[0.9999,0.0,1.0E-4],"evs":[0.0,-2.12286,-2.13554]},"83o":{"weight":0.0,"played":[0.9995,1.0E-4,3.0E-4],"evs":[0.0,-3.14427,-3.14235]},"93o":{"weight":0.0,"played":[0.9979,5.0E-4,0.0016],"evs":[0.0,-2.71639,-2.76225]},"T3o":{"weight":0.0,"played":[0.9999,0.0,1.0E-4],"evs":[0.0,-3.22695,-3.25204]},"J3o":{"weight":0.0,"played":[0.9999,0.0,1.0E-4],"evs":[0.0,-3.69264,-3.7306]},"Q3o":{"weight":0.0,"played":[0.9986,0.001,5.0E-4],"evs":[0.0,-2.5372,-2.54297]},"K3o":{"weight":0.0,"played":[0.9999,0.0,1.0E-4],"evs":[0.0,-1.73766,-1.73276]},"A3o":{"weight":0.0,"played":[0.3996,0.3359,0.2645],"evs":[0.0,0.28483,0.26588]},"42s":{"weight":0.0,"played":[0.969,0.0222,0.0088],"evs":[0.0,-1.73852,-1.72925]},"43s":{"weight":0.0,"played":[0.936,0.0331,0.0309],"evs":[0.0,-0.41353,-0.45426]},"44":{"weight":0.9998,"played":[5.0E-4,0.0132,0.9862],"evs":[0.0,1.75124,1.78104]},"54o":{"weight":0.0,"played":[0.9848,0.0055,0.0097],"evs":[0.0,-1.11126,-1.13788]},"64o":{"weight":0.0,"played":[0.9788,0.0134,0.0078],"evs":[0.0,-1.56533,-1.5798]},"74o":{"weight":0.0,"played":[0.9998,1.0E-4,1.0E-4],"evs":[0.0,-1.46675,-1.4396]},"84o":{"weight":0.0,"played":[0.9979,0.001,0.0011],"evs":[0.0,-2.67279,-2.6778]},"94o":{"weight":0.0,"played":[1.0,0.0,0.0],"evs":[0.0,-2.07543,-2.1052]},"T4o":{"weight":0.0,"played":[0.9987,5.0E-4,8.0E-4],"evs":[0.0,-3.02017,-3.02486]},"J4o":{"weight":0.0,"played":[0.9999,0.0,0.0],"evs":[0.0,-3.44952,-3.48743]},"Q4o":{"weight":0.0,"played":[0.9995,0.0,5.0E-4],"evs":[0.0,-3.03005,-3.0195]},"K4o":{"weight":0.0,"played":[0.9991,9.0E-4,0.0],"evs":[0.0,-1.97274,-1.95354]},"A4o":{"weight":0.0,"played":[0.3384,0.3024,0.3592],"evs":[0.0,-0.23917,-0.20835]},"52s":{"weight":0.0,"played":[0.9989,0.0,0.0011],"evs":[0.0,-1.60966,-1.54265]},"53s":{"weight":0.0,"played":[0.873,0.0974,0.0296],"evs":[0.0,-0.70517,-0.79438]},"54s":{"weight":0.0,"played":[0.3791,0.2368,0.3841],"evs":[0.0,0.31444,0.36578]},"55":{"weight":0.983,"played":[2.0E-4,0.0046,0.9952],"evs":[0.0,3.59733,3.63539]},"65o":{"weight":0.0,"played":[0.6824,0.2261,0.0915],"evs":[0.0,0.05999,0.03306]},"75o":{"weight":0.0,"played":[0.87,0.0836,0.0464],"evs":[0.0,-1.04072,-1.06516]},"85o":{"weight":0.0,"played":[0.9873,0.0076,0.0051],"evs":[0.0,-1.47539,-1.48704]},"95o":{"weight":0.0,"played":[1.0,0.0,0.0],"evs":[0.0,-1.56631,-1.6046]},"T5o":{"weight":0.0,"played":[1.0,0.0,0.0],"evs":[0.0,-2.67815,-2.65064]},"J5o":{"weight":0.0,"played":[0.9998,1.0E-4,1.0E-4],"evs":[0.0,-3.10351,-3.10081]},"Q5o":{"weight":0.0,"played":[0.9999,0.0,1.0E-4],"evs":[0.0,-1.97844,-1.99567]},"K5o":{"weight":0.0,"played":[0.9928,0.0054,0.0018],"evs":[0.0,-1.767,-1.7673]},"A5o":{"weight":0.0,"played":[0.1263,0.3947,0.479],"evs":[0.0,0.67119,0.69648]},"62s":{"weight":0.0,"played":[0.9958,2.0E-4,0.004],"evs":[0.0,-1.64073,-1.60521]},"63s":{"weight":0.0,"played":[0.3288,0.3922,0.279],"evs":[0.0,0.13563,0.1005]},"64s":{"weight":0.0,"played":[0.0025,0.9102,0.0873],"evs":[0.0,0.2146,0.16073]},"65s":{"weight":0.0,"played":[0.1569,0.3735,0.4696],"evs":[0.0,0.7374,0.76505]},"66":{"weight":0.9968,"played":[1.0E-4,0.0786,0.9213],"evs":[0.0,6.61303,6.67374]},"76o":{"weight":0.0,"played":[0.4112,0.1778,0.411],"evs":[0.0,0.21929,0.29422]},"86o":{"weight":0.0,"played":[0.9235,0.0466,0.0299],"evs":[0.0,-0.11341,-0.12549]},"96o":{"weight":0.0,"played":[0.9564,0.0434,2.0E-4],"evs":[0.0,-0.26721,-0.33899]},"T6o":{"weight":0.0,"played":[0.9998,1.0E-4,1.0E-4],"evs":[0.0,-1.27394,-1.25662]},"J6o":{"weight":0.0,"played":[1.0,0.0,0.0],"evs":[0.0,-1.85612,-1.88342]},"Q6o":{"weight":0.0,"played":[0.9996,0.0,4.0E-4],"evs":[0.0,-2.06499,-2.08318]},"K6o":{"weight":0.0,"played":[1.0,0.0,0.0],"evs":[0.0,-0.54832,-0.5754]},"A6o":{"weight":0.0,"played":[0.9382,0.0341,0.0277],"evs":[0.0,0.01067,-0.01118]},"72s":{"weight":0.0,"played":[0.7799,0.114,0.1062],"evs":[0.0,-0.37267,-0.40159]},"73s":{"weight":0.0,"played":[0.9927,0.003,0.0044],"evs":[0.0,-0.79796,-0.82657]},"74s":{"weight":0.0,"played":[0.5872,0.1643,0.2485],"evs":[0.0,0.23528,0.26678]},"75s":{"weight":0.0,"played":[0.0554,0.0,0.9446],"evs":[0.0,1.61868,1.76752]},"76s":{"weight":0.8317,"played":[0.0343,0.6925,0.2732],"evs":[0.0,1.5625,1.50892]},"77":{"weight":0.9912,"played":[0.0,0.0761,0.9239],"evs":[0.0,7.9832,8.027]},"87o":{"weight":0.0,"played":[0.4478,0.2207,0.3315],"evs":[0.0,0.08357,0.12435]},"97o":{"weight":0.0,"played":[0.1717,0.4559,0.3723],"evs":[0.0,0.49898,0.47616]},"T7o":{"weight":0.0,"played":[0.9424,0.0132,0.0444],"evs":[0.0,-0.6643,-0.65132]},"J7o":{"weight":0.0,"played":[0.9993,0.0,7.0E-4],"evs":[0.0,-0.87211,-0.8986]},"Q7o":{"weight":0.0,"played":[0.9954,0.0016,0.0031],"evs":[0.0,-1.28941,-1.18584]},"K7o":{"weight":0.0,"played":[0.9594,0.0056,0.035],"evs":[0.0,-0.34075,-0.30313]},"A7o":{"weight":0.0,"played":[0.1822,0.3534,0.4644],"evs":[0.0,0.39918,0.4423]},"82s":{"weight":0.0,"played":[0.9819,0.0066,0.0114],"evs":[0.0,-1.34077,-1.3701]},"83s":{"weight":0.0,"played":[0.9118,0.0442,0.044],"evs":[0.0,-0.86883,-0.89715]},"84s":{"weight":0.0,"played":[0.7516,0.1416,0.1069],"evs":[0.0,-0.20572,-0.23288]},"85s":{"weight":0.0,"played":[0.7699,0.0312,0.1989],"evs":[0.0,-0.56076,-0.49546]},"86s":{"weight":0.0,"played":[7.0E-4,0.9991,3.0E-4],"evs":[0.0,1.18102,1.11539]},"87s":{"weight":0.7906,"played":[0.0013,0.8953,0.1034],"evs":[0.0,2.03392,2.02]},"88":{"weight":0.9935,"played":[0.0,0.0115,0.9885],"evs":[0.0,7.84581,7.88734]},"98o":{"weight":0.0,"played":[0.027,0.4893,0.4837],"evs":[0.0,0.35078,0.3641]},"T8o":{"weight":0.0,"played":[0.6953,0.1209,0.1838],"evs":[0.0,0.32571,0.37349]},"J8o":{"weight":0.0,"played":[0.588,0.2002,0.2118],"evs":[0.0,0.04525,0.04802]},"Q8o":{"weight":0.0,"played":[0.9947,0.0018,0.0036],"evs":[0.0,-1.40577,-1.37841]},"K8o":{"weight":0.0,"played":[0.1656,0.3747,0.4597],"evs":[0.0,0.20132,0.21245]},"A8o":{"weight":0.0,"played":[0.0044,0.0026,0.993],"evs":[0.0,0.98575,1.02351]},"92s":{"weight":0.0,"played":[0.4534,0.2778,0.2688],"evs":[0.0,-0.72704,-0.73157]},"93s":{"weight":0.0,"played":[0.9788,0.0094,0.0118],"evs":[0.0,-0.73468,-0.7413]},"94s":{"weight":0.0,"played":[0.9996,1.0E-4,4.0E-4],"evs":[0.0,-0.85914,-0.91331]},"95s":{"weight":0.0,"played":[0.5069,0.2187,0.2744],"evs":[0.0,0.55757,0.56926]},"96s":{"weight":0.0,"played":[0.0183,0.4881,0.4936],"evs":[0.0,1.22233,1.20809]},"97s":{"weight":0.0,"played":[0.0396,0.7701,0.1903],"evs":[0.0,2.22906,2.16193]},"98s":{"weight":0.9997,"played":[3.0E-4,0.9967,0.003],"evs":[0.0,2.01365,1.96225]},"99":{"weight":0.5847,"played":[0.0,0.0481,0.9519],"evs":[0.0,9.22796,9.27922]},"T9o":{"weight":0.0,"played":[0.2114,0.2809,0.5077],"evs":[0.0,0.5971,0.6351]},"J9o":{"weight":0.0,"played":[0.814,0.0906,0.0954],"evs":[0.0,-0.14559,-0.1445]},"Q9o":{"weight":0.0,"played":[0.9711,9.0E-4,0.028],"evs":[0.0,-0.42002,-0.43065]},"K9o":{"weight":0.0,"played":[0.5389,0.0845,0.3767],"evs":[0.0,0.13632,0.21374]},"A9o":{"weight":0.0,"played":[0.0044,0.0526,0.9431],"evs":[0.0,1.67564,1.78893]},"T2s":{"weight":0.0,"played":[0.9888,0.0,0.0112],"evs":[0.0,-1.67147,-1.73976]},"T3s":{"weight":0.0,"played":[0.9979,5.0E-4,0.0016],"evs":[0.0,-1.02747,-1.03991]},"T4s":{"weight":0.0,"played":[0.9977,0.0015,8.0E-4],"evs":[0.0,-2.0957,-2.12852]},"T5s":{"weight":0.0,"played":[0.7695,0.0793,0.1512],"evs":[0.0,0.07323,0.11526]},"T6s":{"weight":0.0,"played":[0.8838,0.0739,0.0423],"evs":[0.0,-0.2838,-0.32255]},"T7s":{"weight":0.0,"played":[0.009,0.5227,0.4683],"evs":[0.0,1.4331,1.42642]},"T8s":{"weight":0.996,"played":[0.0025,0.4523,0.5451],"evs":[0.0,1.71936,1.72242]},"T9s":{"weight":0.997,"played":[0.0039,0.9612,0.0348],"evs":[0.0,1.98983,1.94081]},"TT":{"weight":0.0148,"played":[0.0,0.0299,0.9701],"evs":[0.0,10.4954,10.5391]},"JTo":{"weight":0.0,"played":[0.1753,0.4085,0.4162],"evs":[0.0,1.11931,1.10012]},"QTo":{"weight":0.0,"played":[0.0318,0.3824,0.5858],"evs":[0.0,0.2323,0.28465]},"KTo":{"weight":0.0,"played":[0.0859,0.3771,0.5371],"evs":[0.0,0.47799,0.50616]},"ATo":{"weight":0.9773,"played":[0.0,0.0484,0.9516],"evs":[0.0,3.06961,3.1022]},"J2s":{"weight":0.0,"played":[0.9572,0.0157,0.0271],"evs":[0.0,-0.47035,-0.44839]},"J3s":{"weight":0.0,"played":[0.1619,0.4709,0.3672],"evs":[0.0,0.1366,0.11309]},"J4s":{"weight":0.0,"played":[0.8828,0.0545,0.0626],"evs":[0.0,-0.74306,-0.73285]},"J5s":{"weight":0.0,"played":[0.9998,0.0,2.0E-4],"evs":[0.0,-1.02168,-1.10828]},"J6s":{"weight":0.0,"played":[0.1816,0.5079,0.3104],"evs":[0.0,0.2166,0.18409]},"J7s":{"weight":0.0,"played":[0.059,0.5097,0.4313],"evs":[0.0,0.38818,0.34954]},"J8s":{"weight":0.0,"played":[0.0789,0.1072,0.8139],"evs":[0.0,0.94842,1.063]},"J9s":{"weight":0.9998,"played":[1.0E-4,0.6964,0.3035],"evs":[0.0,2.64173,2.62785]},"JTs":{"weight":0.923,"played":[0.0022,0.2978,0.7],"evs":[0.0,2.5577,2.56674]},"JJ":{"weight":0.8665,"played":[0.0,0.0077,0.9923],"evs":[0.0,12.94354,12.9971]},"QJo":{"weight":0.5343,"played":[7.0E-4,0.1052,0.8941],"evs":[0.0,0.61563,0.66825]},"KJo":{"weight":0.9728,"played":[1.0E-4,0.0166,0.9833],"evs":[0.0,0.83896,0.87832]},"AJo":{"weight":0.9731,"played":[0.0,1.0E-4,0.9999],"evs":[0.0,3.95412,4.00186]},"Q2s":{"weight":0.0,"played":[0.9919,9.0E-4,0.0073],"evs":[0.0,-1.07146,-1.08496]},"Q3s":{"weight":0.0,"played":[0.9582,0.033,0.0088],"evs":[0.0,-2.68716,-2.68721]},"Q4s":{"weight":0.0,"played":[0.9748,0.0154,0.0098],"evs":[0.0,-1.88731,-1.77601]},"Q5s":{"weight":0.0,"played":[0.8606,0.0294,0.11],"evs":[0.0,-0.82611,-0.77097]},"Q6s":{"weight":0.0,"played":[0.056,0.0878,0.8562],"evs":[0.0,-0.06577,-0.02711]},"Q7s":{"weight":0.0,"played":[0.7984,0.0971,0.1044],"evs":[0.0,-1.15699,-1.08464]},"Q8s":{"weight":0.0,"played":[0.1823,0.3748,0.4429],"evs":[0.0,0.06458,0.10644]},"Q9s":{"weight":0.9598,"played":[0.1309,0.3297,0.5394],"evs":[0.0,0.63067,0.66875]},"QTs":{"weight":0.7635,"played":[0.0373,0.4534,0.5093],"evs":[0.0,1.67214,1.67736]},"QJs":{"weight":0.0061,"played":[0.0066,0.3985,0.5949],"evs":[0.0,2.53395,2.55041]},"QQ":{"weight":0.888,"played":[0.0,0.0109,0.9891],"evs":[0.0,15.22007,15.26815]},"KQo":{"weight":0.8698,"played":[1.0E-4,0.0273,0.9726],"evs":[0.0,2.97731,3.05445]},"AQo":{"weight":0.9602,"played":[0.0,0.2757,0.7243],"evs":[0.0,6.58583,6.61046]},"K2s":{"weight":0.0,"played":[0.6116,0.2358,0.1526],"evs":[0.0,-0.33751,-0.35737]},"K3s":{"weight":0.0,"played":[0.6711,0.1104,0.2184],"evs":[0.0,-0.5166,-0.49136]},"K4s":{"weight":0.0,"played":[0.3733,0.3028,0.324],"evs":[0.0,-0.26264,-0.27495]},"K5s":{"weight":0.0,"played":[0.0352,0.0782,0.8866],"evs":[0.0,0.91832,0.97391]},"K6s":{"weight":0.0,"played":[0.1925,0.3005,0.507],"evs":[0.0,1.36426,1.44996]},"K7s":{"weight":0.0611,"played":[0.2428,0.3749,0.3823],"evs":[0.0,0.40039,0.396]},"K8s":{"weight":0.827,"played":[0.0152,0.0,0.9848],"evs":[0.0,1.26436,1.34469]},"K9s":{"weight":0.883,"played":[0.001,0.0035,0.9955],"evs":[0.0,2.20998,2.26652]},"KTs":{"weight":0.9233,"played":[0.0029,0.0151,0.982],"evs":[0.0,2.89108,2.93852]},"KJs":{"weight":0.5488,"played":[4.0E-4,7.0E-4,0.9989],"evs":[0.0,3.3561,3.37887]},"KQs":{"weight":1.0,"played":[0.0,0.2643,0.7357],"evs":[0.0,3.66364,3.67348]},"KK":{"weight":0.9494,"played":[0.0,0.152,0.848],"evs":[0.0,18.98191,19.01903]},"AKo":{"weight":0.0,"played":[0.0,0.4091,0.5909],"evs":[0.0,6.93132,6.97008]},"A2s":{"weight":0.0,"played":[0.4623,0.219,0.3186],"evs":[0.0,-0.18953,-0.14811]},"A3s":{"weight":0.9868,"played":[0.0222,0.3636,0.6142],"evs":[0.0,1.84664,1.86189]},"A4s":{"weight":0.9692,"played":[4.0E-4,0.0119,0.9877],"evs":[0.0,1.20612,1.23068]},"A5s":{"weight":0.9787,"played":[1.0E-4,0.0044,0.9956],"evs":[0.0,1.81776,1.8841]},"A6s":{"weight":0.9833,"played":[0.0,0.0054,0.9945],"evs":[0.0,2.16568,2.20078]},"A7s":{"weight":0.9724,"played":[0.0031,0.5401,0.4568],"evs":[0.0,1.39811,1.41727]},"A8s":{"weight":0.9363,"played":[0.0025,0.0118,0.9857],"evs":[0.0,2.52611,2.61902]},"A9s":{"weight":0.9999,"played":[0.0,0.0288,0.9712],"evs":[0.0,3.48857,3.53722]},"ATs":{"weight":1.0,"played":[0.0,0.0372,0.9628],"evs":[0.0,5.05902,5.09443]},"AJs":{"weight":1.0,"played":[0.0,0.0044,0.9956],"evs":[0.0,5.68587,5.74349]},"AQs":{"weight":0.9999,"played":[0.0,0.0,1.0],"evs":[0.0,8.52046,8.55816]},"AKs":{"weight":0.6946,"played":[0.0,0.9914,0.0086],"evs":[0.0,9.19828,9.19403]},"AA":{"weight":0.8991,"played":[0.0,0.0301,0.9699],"evs":[0.0,22.2461,22.33245]}}}