{"player":2,"street":0,"children":2,"sequence":[{"player":0,"type":"R","amount":200000,"street":0},{"player":1,"type":"C","amount":200000,"street":0},{"player":2,"type":"C","amount":200000,"street":0},{"player":3,"type":"F","amount":0,"street":0},{"player":4,"type":"R","amount":1085000,"street":0},{"player":5,"type":"F","amount":0,"street":0},{"player":0,"type":"C","amount":885000,"street":0},{"player":1,"type":"R","amount":2785000,"street":0}],"actions":[{"type":"F","amount":0,"node":443},{"type":"C","amount":1685000,"node":444}],"hands":{"22":{"weight":0.0,"played":[0.9967,0.0033],"evs":[0.0,-1.22633]},"32o":{"weight":0.0,"played":[1.0,0.0],"evs":[0.0,-5.31374]},"42o":{"weight":0.0,"played":[0.9999,1.0E-4],"evs":[0.0,-5.04713]},"52o":{"weight":0.0,"played":[1.0,0.0],"evs":[0.0,-4.40161]},"62o":{"weight":0.0,"played":[1.0,0.0],"evs":[0.0,-5.38159]},"72o":{"weight":0.0,"played":[1.0,0.0],"evs":[0.0,-6.21457]},"82o":{"weight":0.0,"played":[1.0,0.0],"evs":[0.0,-6.05071]},"92o":{"weight":0.0,"played":[1.0,0.0],"evs":[0.0,-5.93691]},"T2o":{"weight":0.0,"played":[1.0,0.0],"evs":[0.0,-5.78705]},"J2o":{"weight":0.0,"played":[0.9998,2.0E-4],"evs":[0.0,-6.19281]},"Q2o":{"weight":0.0,"played":[1.0,0.0],"evs":[0.0,-5.69264]},"K2o":{"weight":0.0,"played":[0.9997,3.0E-4],"evs":[0.0,-4.52031]},"A2o":{"weight":0.0,"played":[1.0,0.0],"evs":[0.0,-5.02896]},"32s":{"weight":0.0,"played":[0.9999,1.0E-4],"evs":[0.0,-3.39569]},"33":{"weight":0.0,"played":[0.9999,1.0E-4],"evs":[0.0,-2.40262]},"43o":{"weight":0.0,"played":[1.0,0.0],"evs":[0.0,-4.21248]},"53o":{"weight":0.0,"played":[1.0,0.0],"evs":[0.0,-3.25284]},"63o":{"weight":0.0,"played":[1.0,0.0],"evs":[0.0,-4.90519]},"73o":{"weight":0.0,"played":[0.9999,1.0E-4],"evs":[0.0,-5.24408]},"83o":{"weight":0.0,"played":[1.0,0.0],"evs":[0.0,-5.75143]},"93o":{"weight":0.0,"played":[1.0,0.0],"evs":[0.0,-6.08586]},"T3o":{"weight":0.0,"played":[1.0,0.0],"evs":[0.0,-5.75761]},"J3o":{"weight":0.0,"played":[0.9999,1.0E-4],"evs":[0.0,-5.73081]},"Q3o":{"weight":0.0,"played":[0.9999,1.0E-4],"evs":[0.0,-5.78549]},"K3o":{"weight":0.0,"played":[0.9998,2.0E-4],"evs":[0.0,-4.012]},"A3o":{"weight":0.0,"played":[0.9999,1.0E-4],"evs":[0.0,-5.05343]},"42s":{"weight":0.0,"played":[0.9959,0.0041],"evs":[0.0,-3.95127]},"43s":{"weight":0.0,"played":[0.9988,0.0012],"evs":[0.0,-2.56645]},"44":{"weight":0.6929,"played":[0.9949,0.0051],"evs":[0.0,-1.39465]},"54o":{"weight":0.0,"played":[0.9999,1.0E-4],"evs":[0.0,-2.93637]},"64o":{"weight":0.0,"played":[1.0,0.0],"evs":[0.0,-3.77947]},"74o":{"weight":0.0,"played":[1.0,0.0],"evs":[0.0,-4.79765]},"84o":{"weight":0.0,"played":[0.9999,1.0E-4],"evs":[0.0,-4.52104]},"94o":{"weight":0.0,"played":[1.0,0.0],"evs":[0.0,-5.84001]},"T4o":{"weight":0.0,"played":[1.0,0.0],"evs":[0.0,-5.44715]},"J4o":{"weight":0.0,"played":[1.0,0.0],"evs":[0.0,-5.83712]},"Q4o":{"weight":0.0,"played":[1.0,0.0],"evs":[0.0,-5.4807]},"K4o":{"weight":0.0,"played":[1.0,0.0],"evs":[0.0,-4.013]},"A4o":{"weight":0.0,"played":[1.0,0.0],"evs":[0.0,-3.99395]},"52s":{"weight":0.0,"played":[0.9983,0.0017],"evs":[0.0,-2.97076]},"53s":{"weight":0.0,"played":[0.9987,0.0013],"evs":[0.0,-1.82686]},"54s":{"weight":0.0,"played":[0.9386,0.0614],"evs":[0.0,-1.03686]},"55":{"weight":0.9999,"played":[0.8911,0.1089],"evs":[0.0,-0.62573]},"65o":{"weight":0.0,"played":[0.9995,5.0E-4],"evs":[0.0,-2.70412]},"75o":{"weight":0.0,"played":[0.9997,3.0E-4],"evs":[0.0,-3.97576]},"85o":{"weight":0.0,"played":[0.9996,4.0E-4],"evs":[0.0,-3.81067]},"95o":{"weight":0.0,"played":[1.0,0.0],"evs":[0.0,-4.98814]},"T5o":{"weight":0.0,"played":[1.0,0.0],"evs":[0.0,-4.79592]},"J5o":{"weight":0.0,"played":[1.0,0.0],"evs":[0.0,-6.10741]},"Q5o":{"weight":0.0,"played":[1.0,0.0],"evs":[0.0,-4.96686]},"K5o":{"weight":0.0,"played":[1.0,0.0],"evs":[0.0,-3.75763]},"A5o":{"weight":0.0,"played":[1.0,0.0],"evs":[0.0,-4.27672]},"62s":{"weight":0.0,"played":[0.9997,3.0E-4],"evs":[0.0,-3.43417]},"63s":{"weight":0.0,"played":[0.9977,0.0023],"evs":[0.0,-2.6476]},"64s":{"weight":0.0,"played":[0.9998,2.0E-4],"evs":[0.0,-1.3248]},"65s":{"weight":0.0,"played":[0.9748,0.0252],"evs":[0.0,-0.65679]},"66":{"weight":0.5633,"played":[0.2342,0.7658],"evs":[0.0,-0.08567]},"76o":{"weight":0.0,"played":[0.9976,0.0024],"evs":[0.0,-1.89125]},"86o":{"weight":0.0,"played":[0.9998,2.0E-4],"evs":[0.0,-2.99683]},"96o":{"weight":0.0,"played":[0.9999,1.0E-4],"evs":[0.0,-4.1411]},"T6o":{"weight":0.0,"played":[1.0,0.0],"evs":[0.0,-4.21031]},"J6o":{"weight":0.0,"played":[1.0,0.0],"evs":[0.0,-4.93198]},"Q6o":{"weight":0.0,"played":[1.0,0.0],"evs":[0.0,-4.04858]},"K6o":{"weight":0.0,"played":[1.0,0.0],"evs":[0.0,-3.22941]},"A6o":{"weight":0.0,"played":[0.999,0.001],"evs":[0.0,-4.32238]},"72s":{"weight":0.0,"played":[0.9988,0.0012],"evs":[0.0,-3.15478]},"73s":{"weight":0.0,"played":[0.9985,0.0015],"evs":[0.0,-2.63758]},"74s":{"weight":0.0,"played":[0.9786,0.0214],"evs":[0.0,-1.75666]},"75s":{"weight":0.0,"played":[0.9792,0.0208],"evs":[0.0,-1.13551]},"76s":{"weight":0.0,"played":[0.9899,0.0101],"evs":[0.0,-0.8693]},"77":{"weight":8.0E-4,"played":[0.0106,0.9894],"evs":[0.0,1.65616]},"87o":{"weight":0.0,"played":[1.0,0.0],"evs":[0.0,-1.633]},"97o":{"weight":0.0,"played":[1.0,0.0],"evs":[0.0,-3.1703]},"T7o":{"weight":0.0,"played":[0.9997,3.0E-4],"evs":[0.0,-3.86206]},"J7o":{"weight":0.0,"played":[0.9995,5.0E-4],"evs":[0.0,-4.44139]},"Q7o":{"weight":0.0,"played":[1.0,0.0],"evs":[0.0,-4.64587]},"K7o":{"weight":0.0,"played":[1.0,0.0],"evs":[0.0,-3.57448]},"A7o":{"weight":0.0,"played":[0.9995,5.0E-4],"evs":[0.0,-4.36955]},"82s":{"weight":0.0,"played":[0.9999,1.0E-4],"evs":[0.0,-3.83712]},"83s":{"weight":0.0,"played":[1.0,0.0],"evs":[0.0,-3.36658]},"84s":{"weight":0.0,"played":[0.997,0.003],"evs":[0.0,-1.72372]},"85s":{"weight":0.0,"played":[0.9978,0.0022],"evs":[0.0,-1.64995]},"86s":{"weight":0.0,"played":[0.9971,0.0029],"evs":[0.0,-1.13698]},"87s":{"weight":0.0,"played":[0.9883,0.0117],"evs":[0.0,-0.09415]},"88":{"weight":0.0,"played":[2.0E-4,0.9998],"evs":[0.0,2.21446]},"98o":{"weight":0.0,"played":[0.9997,3.0E-4],"evs":[0.0,-1.91541]},"T8o":{"weight":0.0,"played":[0.9999,1.0E-4],"evs":[0.0,-2.89927]},"J8o":{"weight":0.0,"played":[0.9998,2.0E-4],"evs":[0.0,-3.67461]},"Q8o":{"weight":0.0,"played":[1.0,0.0],"evs":[0.0,-3.67137]},"K8o":{"weight":0.0,"played":[0.9999,1.0E-4],"evs":[0.0,-3.61477]},"A8o":{"weight":0.0,"played":[0.9999,1.0E-4],"evs":[0.0,-4.23889]},"92s":{"weight":0.0,"played":[1.0,0.0],"evs":[0.0,-2.35478]},"93s":{"weight":0.0,"played":[0.9989,0.0011],"evs":[0.0,-2.48852]},"94s":{"weight":0.0,"played":[0.9997,3.0E-4],"evs":[0.0,-3.62421]},"95s":{"weight":0.0,"played":[0.9688,0.0312],"evs":[0.0,-2.6257]},"96s":{"weight":0.0,"played":[0.9997,3.0E-4],"evs":[0.0,-1.27045]},"97s":{"weight":0.0,"played":[0.9712,0.0288],"evs":[0.0,-0.60801]},"98s":{"weight":0.026,"played":[0.7546,0.2454],"evs":[0.0,-0.95623]},"99":{"weight":1.0E-4,"played":[0.0011,0.9989],"evs":[0.0,3.69783]},"T9o":{"weight":0.0,"played":[1.0,0.0],"evs":[0.0,-2.38612]},"J9o":{"weight":0.0,"played":[1.0,0.0],"evs":[0.0,-1.99317]},"Q9o":{"weight":0.0,"played":[1.0,0.0],"evs":[0.0,-3.6456]},"K9o":{"weight":0.0,"played":[1.0,0.0],"evs":[0.0,-2.46024]},"A9o":{"weight":0.0,"played":[0.9996,4.0E-4],"evs":[0.0,-4.49701]},"T2s":{"weight":0.0,"played":[0.9958,0.0042],"evs":[0.0,-3.06973]},"T3s":{"weight":0.0,"played":[0.9982,0.0018],"evs":[0.0,-3.5973]},"T4s":{"weight":0.0,"played":[0.9862,0.0138],"evs":[0.0,-2.93249]},"T5s":{"weight":0.0,"played":[0.999,0.001],"evs":[0.0,-2.97864]},"T6s":{"weight":0.0,"played":[0.9977,0.0023],"evs":[0.0,-2.32037]},"T7s":{"weight":0.0,"played":[0.8901,0.1099],"evs":[0.0,-1.41781]},"T8s":{"weight":0.0,"played":[0.8587,0.1413],"evs":[0.0,-1.18877]},"T9s":{"weight":0.0061,"played":[0.2431,0.7569],"evs":[0.0,0.07584]},"TT":{"weight":0.0,"played":[1.0E-4,0.9999],"evs":[0.0,5.6872]},"JTo":{"weight":0.0,"played":[0.9999,1.0E-4],"evs":[0.0,-2.03344]},"QTo":{"weight":0.0,"played":[0.987,0.013],"evs":[0.0,-2.09439]},"KTo":{"weight":0.0,"played":[0.882,0.118],"evs":[0.0,-0.4227]},"ATo":{"weight":0.002,"played":[0.9941,0.0059],"evs":[0.0,-0.81065]},"J2s":{"weight":0.0,"played":[0.998,0.002],"evs":[0.0,-4.84056]},"J3s":{"weight":0.0,"played":[1.0,0.0],"evs":[0.0,-2.78623]},"J4s":{"weight":0.0,"played":[0.9899,0.0101],"evs":[0.0,-2.13204]},"J5s":{"weight":0.0,"played":[0.988,0.012],"evs":[0.0,-2.34005]},"J6s":{"weight":0.0,"played":[0.9649,0.0351],"evs":[0.0,-1.67025]},"J7s":{"weight":0.0,"played":[0.9978,0.0022],"evs":[0.0,-1.47528]},"J8s":{"weight":0.0,"played":[0.9959,0.0041],"evs":[0.0,-1.01813]},"J9s":{"weight":0.0,"played":[0.6199,0.3801],"evs":[0.0,-0.46346]},"JTs":{"weight":0.2824,"played":[0.2408,0.7592],"evs":[0.0,0.83193]},"JJ":{"weight":0.0,"played":[1.0E-4,0.9999],"evs":[0.0,7.63491]},"QJo":{"weight":0.0,"played":[0.9979,0.0021],"evs":[0.0,-2.14241]},"KJo":{"weight":0.0,"played":[0.9936,0.0064],"evs":[0.0,-1.47139]},"AJo":{"weight":0.0921,"played":[0.9985,0.0015],"evs":[0.0,-1.11029]},"Q2s":{"weight":0.0,"played":[0.9928,0.0072],"evs":[0.0,-2.91591]},"Q3s":{"weight":0.0,"played":[0.9553,0.0447],"evs":[0.0,-3.30338]},"Q4s":{"weight":0.0,"played":[0.9921,0.0079],"evs":[0.0,-2.6247]},"Q5s":{"weight":0.0,"played":[0.9977,0.0023],"evs":[0.0,-2.21699]},"Q6s":{"weight":0.0,"played":[0.9861,0.0139],"evs":[0.0,-2.32361]},"Q7s":{"weight":0.0,"played":[0.9903,0.0097],"evs":[0.0,-3.4493]},"Q8s":{"weight":0.0,"played":[1.0,0.0],"evs":[0.0,-1.71454]},"Q9s":{"weight":0.0,"played":[0.7791,0.2209],"evs":[0.0,-1.57298]},"QTs":{"weight":0.7681,"played":[0.928,0.072],"evs":[0.0,-0.58386]},"QJs":{"weight":0.8544,"played":[0.2735,0.7265],"evs":[0.0,0.16155]},"QQ":{"weight":1.0E-4,"played":[1.0E-4,0.9999],"evs":[0.0,11.74864]},"KQo":{"weight":0.9047,"played":[0.9314,0.0686],"evs":[0.0,-0.68398]},"AQo":{"weight":0.0,"played":[3.0E-4,0.9997],"evs":[0.0,1.51835]},"K2s":{"weight":0.0,"played":[0.9132,0.0868],"evs":[0.0,-1.25203]},"K3s":{"weight":0.0,"played":[0.9931,0.0069],"evs":[0.0,-2.18709]},"K4s":{"weight":0.0,"played":[0.9775,0.0225],"evs":[0.0,-1.8213]},"K5s":{"weight":0.0,"played":[0.8348,0.1652],"evs":[0.0,-0.51207]},"K6s":{"weight":6.0E-4,"played":[0.9996,4.0E-4],"evs":[0.0,-1.09813]},"K7s":{"weight":0.0,"played":[0.6098,0.3902],"evs":[0.0,-0.14603]},"K8s":{"weight":0.0,"played":[0.9669,0.0331],"evs":[0.0,-1.22746]},"K9s":{"weight":0.0148,"played":[0.9932,0.0068],"evs":[0.0,-0.65998]},"KTs":{"weight":0.0391,"played":[0.0498,0.9502],"evs":[0.0,1.10273]},"KJs":{"weight":0.2269,"played":[0.1513,0.8487],"evs":[0.0,0.36733]},"KQs":{"weight":0.0202,"played":[0.0334,0.9666],"evs":[0.0,1.37504]},"KK":{"weight":2.0E-4,"played":[0.0,1.0],"evs":[0.0,18.03654]},"AKo":{"weight":0.0,"played":[0.0,1.0],"evs":[0.0,3.88131]},"A2s":{"weight":0.0,"played":[0.9959,0.0041],"evs":[0.0,-2.28524]},"A3s":{"weight":0.0,"played":[0.9963,0.0037],"evs":[0.0,-3.39998]},"A4s":{"weight":0.0,"played":[0.9956,0.0044],"evs":[0.0,-1.7697]},"A5s":{"weight":0.0296,"played":[0.9718,0.0282],"evs":[0.0,-1.81938]},"A6s":{"weight":1.0E-4,"played":[0.8836,0.1164],"evs":[0.0,-0.98121]},"A7s":{"weight":0.0,"played":[0.9173,0.0827],"evs":[0.0,-0.70115]},"A8s":{"weight":0.5515,"played":[0.9995,5.0E-4],"evs":[0.0,-0.98129]},"A9s":{"weight":0.9685,"played":[0.9978,0.0022],"evs":[0.0,-0.72022]},"ATs":{"weight":0.9981,"played":[0.0228,0.9772],"evs":[0.0,1.36267]},"AJs":{"weight":0.4284,"played":[0.0099,0.9901],"evs":[0.0,0.39058]},"AQs":{"weight":1.0E-4,"played":[0.007,0.993],"evs":[0.0,3.37419]},"AKs":{"weight":0.0,"played":[0.0,1.0],"evs":[0.0,5.56231]},"AA":{"weight":0.3659,"played":[0.0,1.0],"evs":[0.0,23.4049]}}}