{"player":2,"street":0,"children":2,"sequence":[{"player":0,"type":"R","amount":200000,"street":0},{"player":1,"type":"C","amount":200000,"street":0},{"player":2,"type":"C","amount":200000,"street":0},{"player":3,"type":"F","amount":0,"street":0},{"player":4,"type":"R","amount":1085000,"street":0},{"player":5,"type":"R","amount":1985000,"street":0},{"player":0,"type":"F","amount":0,"street":0},{"player":1,"type":"F","amount":0,"street":0}],"actions":[{"type":"F","amount":0},{"type":"C","amount":1685000}],"hands":{"22":{"weight":0.0,"played":[0.4864,0.5136],"evs":[0.0,-0.86194]},"32o":{"weight":0.0,"played":[0.9965,0.0035],"evs":[0.0,-4.81955]},"42o":{"weight":0.0,"played":[0.8932,0.1068],"evs":[0.0,-2.75414]},"52o":{"weight":0.0,"played":[0.9973,0.0027],"evs":[0.0,-2.79641]},"62o":{"weight":0.0,"played":[0.9896,0.0104],"evs":[0.0,-2.79631]},"72o":{"weight":0.0,"played":[0.9923,0.0077],"evs":[0.0,-3.19715]},"82o":{"weight":0.0,"played":[0.9993,7.0E-4],"evs":[0.0,-4.182]},"92o":{"weight":0.0,"played":[0.9765,0.0235],"evs":[0.0,-5.30871]},"T2o":{"weight":0.0,"played":[0.9975,0.0025],"evs":[0.0,-3.49422]},"J2o":{"weight":0.0,"played":[0.99,0.01],"evs":[0.0,-3.23562]},"Q2o":{"weight":0.0,"played":[0.9546,0.0454],"evs":[0.0,-2.44779]},"K2o":{"weight":0.0,"played":[0.8197,0.1803],"evs":[0.0,-2.59052]},"A2o":{"weight":0.0,"played":[0.5759,0.4241],"evs":[0.0,-1.0893]},"32s":{"weight":0.0,"played":[0.9877,0.0123],"evs":[0.0,-5.2717]},"33":{"weight":0.0,"played":[0.5601,0.4399],"evs":[0.0,-0.44512]},"43o":{"weight":0.0,"played":[0.9989,0.0011],"evs":[0.0,-2.08291]},"53o":{"weight":0.0,"played":[0.9991,9.0E-4],"evs":[0.0,-3.47109]},"63o":{"weight":0.0,"played":[1.0,0.0],"evs":[0.0,-4.26381]},"73o":{"weight":0.0,"played":[0.9996,4.0E-4],"evs":[0.0,-4.90676]},"83o":{"weight":0.0,"played":[0.9887,0.0113],"evs":[0.0,-3.83389]},"93o":{"weight":0.0,"played":[0.9977,0.0023],"evs":[0.0,-4.85987]},"T3o":{"weight":0.0,"played":[0.8144,0.1856],"evs":[0.0,-1.54096]},"J3o":{"weight":0.0,"played":[0.9586,0.0414],"evs":[0.0,-2.99539]},"Q3o":{"weight":0.0,"played":[0.6246,0.3754],"evs":[0.0,-2.11233]},"K3o":{"weight":0.0,"played":[0.9856,0.0144],"evs":[0.0,-3.66581]},"A3o":{"weight":0.0,"played":[0.3717,0.6283],"evs":[0.0,0.02605]},"42s":{"weight":0.0,"played":[0.6542,0.3458],"evs":[0.0,-1.84078]},"43s":{"weight":0.0,"played":[0.939,0.061],"evs":[0.0,-1.93234]},"44":{"weight":0.6929,"played":[0.9534,0.0466],"evs":[0.0,-1.54341]},"54o":{"weight":0.0,"played":[0.9887,0.0113],"evs":[0.0,-2.64746]},"64o":{"weight":0.0,"played":[0.9991,9.0E-4],"evs":[0.0,-2.71065]},"74o":{"weight":0.0,"played":[0.5649,0.4351],"evs":[0.0,0.65741]},"84o":{"weight":0.0,"played":[0.9539,0.0461],"evs":[0.0,-5.22298]},"94o":{"weight":0.0,"played":[0.9872,0.0128],"evs":[0.0,-3.22723]},"T4o":{"weight":0.0,"played":[0.9708,0.0292],"evs":[0.0,-2.23445]},"J4o":{"weight":0.0,"played":[0.9998,2.0E-4],"evs":[0.0,-1.63173]},"Q4o":{"weight":0.0,"played":[0.957,0.043],"evs":[0.0,-2.91567]},"K4o":{"weight":0.0,"played":[0.9933,0.0067],"evs":[0.0,-2.39285]},"A4o":{"weight":0.0,"played":[0.6736,0.3264],"evs":[0.0,-1.65645]},"52s":{"weight":0.0,"played":[0.1717,0.8283],"evs":[0.0,2.15222]},"53s":{"weight":0.0,"played":[0.8754,0.1246],"evs":[0.0,-2.08714]},"54s":{"weight":0.0,"played":[0.8978,0.1022],"evs":[0.0,-0.13841]},"55":{"weight":0.9999,"played":[0.5716,0.4284],"evs":[0.0,0.17102]},"65o":{"weight":0.0,"played":[0.9265,0.0735],"evs":[0.0,-1.84553]},"75o":{"weight":0.0,"played":[0.4102,0.5898],"evs":[0.0,-2.28193]},"85o":{"weight":0.0,"played":[0.8788,0.1212],"evs":[0.0,-2.20786]},"95o":{"weight":0.0,"played":[0.9655,0.0345],"evs":[0.0,-2.23791]},"T5o":{"weight":0.0,"played":[0.9953,0.0047],"evs":[0.0,-4.39382]},"J5o":{"weight":0.0,"played":[0.8204,0.1796],"evs":[0.0,-1.69574]},"Q5o":{"weight":0.0,"played":[0.9908,0.0092],"evs":[0.0,-0.62114]},"K5o":{"weight":0.0,"played":[0.5514,0.4486],"evs":[0.0,-0.80096]},"A5o":{"weight":0.0,"played":[0.7683,0.2317],"evs":[0.0,-2.98583]},"62s":{"weight":0.0,"played":[0.9047,0.0953],"evs":[0.0,-3.84013]},"63s":{"weight":0.0,"played":[0.9524,0.0476],"evs":[0.0,-1.85062]},"64s":{"weight":0.0,"played":[0.8472,0.1528],"evs":[0.0,-1.8611]},"65s":{"weight":0.0,"played":[0.2719,0.7281],"evs":[0.0,-0.33336]},"66":{"weight":0.5633,"played":[0.2225,0.7775],"evs":[0.0,2.92928]},"76o":{"weight":0.0,"played":[0.8454,0.1546],"evs":[0.0,-1.79095]},"86o":{"weight":0.0,"played":[0.9377,0.0623],"evs":[0.0,-2.57267]},"96o":{"weight":0.0,"played":[0.9755,0.0245],"evs":[0.0,-2.80402]},"T6o":{"weight":0.0,"played":[0.9917,0.0083],"evs":[0.0,-2.26585]},"J6o":{"weight":0.0,"played":[0.963,0.037],"evs":[0.0,-4.28104]},"Q6o":{"weight":0.0,"played":[0.9616,0.0384],"evs":[0.0,-2.51002]},"K6o":{"weight":0.0,"played":[0.8767,0.1233],"evs":[0.0,-0.24213]},"A6o":{"weight":0.0,"played":[0.9771,0.0229],"evs":[0.0,-4.54895]},"72s":{"weight":0.0,"played":[0.7228,0.2772],"evs":[0.0,-0.59507]},"73s":{"weight":0.0,"played":[0.9153,0.0847],"evs":[0.0,-1.1824]},"74s":{"weight":0.0,"played":[0.4751,0.5249],"evs":[0.0,1.63552]},"75s":{"weight":0.0,"played":[0.1146,0.8854],"evs":[0.0,1.9285]},"76s":{"weight":0.0,"played":[0.1241,0.8759],"evs":[0.0,1.35871]},"77":{"weight":8.0E-4,"played":[0.0,1.0],"evs":[0.0,3.78913]},"87o":{"weight":0.0,"played":[0.9418,0.0582],"evs":[0.0,-1.83989]},"97o":{"weight":0.0,"played":[0.9658,0.0342],"evs":[0.0,-3.08531]},"T7o":{"weight":0.0,"played":[0.9767,0.0233],"evs":[0.0,-0.3916]},"J7o":{"weight":0.0,"played":[0.9283,0.0717],"evs":[0.0,-2.5983]},"Q7o":{"weight":0.0,"played":[0.9783,0.0217],"evs":[0.0,-1.91544]},"K7o":{"weight":0.0,"played":[0.9729,0.0271],"evs":[0.0,-3.214]},"A7o":{"weight":0.0,"played":[0.6626,0.3374],"evs":[0.0,-0.67583]},"82s":{"weight":0.0,"played":[0.954,0.046],"evs":[0.0,-4.07245]},"83s":{"weight":0.0,"played":[0.9821,0.0179],"evs":[0.0,-3.45579]},"84s":{"weight":0.0,"played":[0.8016,0.1984],"evs":[0.0,-3.14762]},"85s":{"weight":0.0,"played":[0.3063,0.6937],"evs":[0.0,-1.27998]},"86s":{"weight":0.0,"played":[0.8573,0.1427],"evs":[0.0,-1.36714]},"87s":{"weight":0.0,"played":[0.113,0.887],"evs":[0.0,0.27682]},"88":{"weight":0.0,"played":[0.012,0.988],"evs":[0.0,6.57934]},"98o":{"weight":0.0,"played":[0.8394,0.1606],"evs":[0.0,-3.1783]},"T8o":{"weight":0.0,"played":[0.9561,0.0439],"evs":[0.0,-2.34354]},"J8o":{"weight":0.0,"played":[0.867,0.133],"evs":[0.0,-2.89557]},"Q8o":{"weight":0.0,"played":[0.7487,0.2513],"evs":[0.0,1.40889]},"K8o":{"weight":0.0,"played":[0.7366,0.2634],"evs":[0.0,-3.12436]},"A8o":{"weight":0.0,"played":[0.9378,0.0622],"evs":[0.0,-1.55067]},"92s":{"weight":0.0,"played":[0.9987,0.0013],"evs":[0.0,-1.36108]},"93s":{"weight":0.0,"played":[0.8734,0.1266],"evs":[0.0,-4.49166]},"94s":{"weight":0.0,"played":[0.989,0.011],"evs":[0.0,-1.0134]},"95s":{"weight":0.0,"played":[0.6475,0.3525],"evs":[0.0,-0.0828]},"96s":{"weight":0.0,"played":[0.919,0.081],"evs":[0.0,-0.63073]},"97s":{"weight":0.0,"played":[0.7279,0.2721],"evs":[0.0,-2.62727]},"98s":{"weight":0.026,"played":[0.444,0.556],"evs":[0.0,2.59963]},"99":{"weight":1.0E-4,"played":[0.0013,0.9987],"evs":[0.0,7.81368]},"T9o":{"weight":0.0,"played":[0.8928,0.1072],"evs":[0.0,-1.0168]},"J9o":{"weight":0.0,"played":[0.9738,0.0262],"evs":[0.0,-0.28907]},"Q9o":{"weight":0.0,"played":[0.3296,0.6704],"evs":[0.0,-0.65507]},"K9o":{"weight":0.0,"played":[0.3015,0.6985],"evs":[0.0,1.37784]},"A9o":{"weight":0.0,"played":[0.889,0.111],"evs":[0.0,-2.55988]},"T2s":{"weight":0.0,"played":[0.3332,0.6668],"evs":[0.0,0.5874]},"T3s":{"weight":0.0,"played":[0.7797,0.2203],"evs":[0.0,-2.40687]},"T4s":{"weight":0.0,"played":[0.9954,0.0046],"evs":[0.0,-0.20447]},"T5s":{"weight":0.0,"played":[0.7011,0.2989],"evs":[0.0,-0.5997]},"T6s":{"weight":0.0,"played":[0.5481,0.4519],"evs":[0.0,0.22858]},"T7s":{"weight":0.0,"played":[0.2864,0.7136],"evs":[0.0,-0.50111]},"T8s":{"weight":0.0,"played":[0.0728,0.9272],"evs":[0.0,3.03278]},"T9s":{"weight":0.0061,"played":[0.8074,0.1926],"evs":[0.0,-1.26981]},"TT":{"weight":0.0,"played":[6.0E-4,0.9994],"evs":[0.0,11.62666]},"JTo":{"weight":0.0,"played":[0.0372,0.9628],"evs":[0.0,-0.42313]},"QTo":{"weight":0.0,"played":[0.2059,0.7941],"evs":[0.0,0.71524]},"KTo":{"weight":0.0,"played":[0.7897,0.2103],"evs":[0.0,-1.6458]},"ATo":{"weight":0.002,"played":[0.145,0.855],"evs":[0.0,1.10961]},"J2s":{"weight":0.0,"played":[0.4469,0.5531],"evs":[0.0,0.33689]},"J3s":{"weight":0.0,"played":[0.9557,0.0443],"evs":[0.0,-2.22025]},"J4s":{"weight":0.0,"played":[0.9877,0.0123],"evs":[0.0,-2.20823]},"J5s":{"weight":0.0,"played":[0.3644,0.6356],"evs":[0.0,0.36369]},"J6s":{"weight":0.0,"played":[0.9258,0.0742],"evs":[0.0,-2.8495]},"J7s":{"weight":0.0,"played":[0.8707,0.1293],"evs":[0.0,-1.21935]},"J8s":{"weight":0.0,"played":[0.0579,0.9421],"evs":[0.0,3.86888]},"J9s":{"weight":0.0,"played":[0.8835,0.1165],"evs":[0.0,0.06273]},"JTs":{"weight":0.2824,"played":[0.3438,0.6562],"evs":[0.0,-1.17205]},"JJ":{"weight":0.0,"played":[0.0152,0.9848],"evs":[0.0,11.71361]},"QJo":{"weight":0.0,"played":[0.7413,0.2587],"evs":[0.0,-1.47268]},"KJo":{"weight":0.0,"played":[0.2737,0.7263],"evs":[0.0,-0.7744]},"AJo":{"weight":0.0921,"played":[0.036,0.964],"evs":[0.0,1.47295]},"Q2s":{"weight":0.0,"played":[0.6164,0.3836],"evs":[0.0,1.34309]},"Q3s":{"weight":0.0,"played":[0.901,0.099],"evs":[0.0,-1.55672]},"Q4s":{"weight":0.0,"played":[0.9954,0.0046],"evs":[0.0,-5.00387]},"Q5s":{"weight":0.0,"played":[0.7501,0.2499],"evs":[0.0,0.50531]},"Q6s":{"weight":0.0,"played":[0.7215,0.2785],"evs":[0.0,1.99134]},"Q7s":{"weight":0.0,"played":[0.8488,0.1512],"evs":[0.0,-4.57071]},"Q8s":{"weight":0.0,"played":[0.1058,0.8942],"evs":[0.0,1.51934]},"Q9s":{"weight":0.0,"played":[0.1171,0.8829],"evs":[0.0,1.09218]},"QTs":{"weight":0.7681,"played":[0.3172,0.6828],"evs":[0.0,2.4764]},"QJs":{"weight":0.8544,"played":[0.092,0.908],"evs":[0.0,1.06749]},"QQ":{"weight":1.0E-4,"played":[0.0,1.0],"evs":[0.0,14.76796]},"KQo":{"weight":0.9047,"played":[1.0E-4,0.9999],"evs":[0.0,1.57461]},"AQo":{"weight":0.0,"played":[0.0091,0.9909],"evs":[0.0,3.58471]},"K2s":{"weight":0.0,"played":[0.5082,0.4918],"evs":[0.0,1.67845]},"K3s":{"weight":0.0,"played":[0.8486,0.1514],"evs":[0.0,-2.30154]},"K4s":{"weight":0.0,"played":[0.3161,0.6839],"evs":[0.0,0.35064]},"K5s":{"weight":0.0,"played":[0.7411,0.2589],"evs":[0.0,-4.79199]},"K6s":{"weight":6.0E-4,"played":[0.2868,0.7132],"evs":[0.0,-1.78496]},"K7s":{"weight":0.0,"played":[0.9018,0.0982],"evs":[0.0,0.06659]},"K8s":{"weight":0.0,"played":[0.3721,0.6279],"evs":[0.0,2.68424]},"K9s":{"weight":0.0148,"played":[0.0606,0.9394],"evs":[0.0,2.21562]},"KTs":{"weight":0.0391,"played":[0.0598,0.9402],"evs":[0.0,2.61447]},"KJs":{"weight":0.2269,"played":[0.1154,0.8846],"evs":[0.0,4.81094]},"KQs":{"weight":0.0202,"played":[0.0813,0.9187],"evs":[0.0,4.08161]},"KK":{"weight":2.0E-4,"played":[7.0E-4,0.9993],"evs":[0.0,17.75846]},"AKo":{"weight":0.0,"played":[0.0,1.0],"evs":[0.0,5.15478]},"A2s":{"weight":0.0,"played":[0.6989,0.3011],"evs":[0.0,1.7915]},"A3s":{"weight":0.0,"played":[0.9493,0.0507],"evs":[0.0,-0.08751]},"A4s":{"weight":0.0,"played":[0.293,0.707],"evs":[0.0,2.61971]},"A5s":{"weight":0.0296,"played":[0.1172,0.8828],"evs":[0.0,2.03122]},"A6s":{"weight":1.0E-4,"played":[0.3847,0.6153],"evs":[0.0,0.87703]},"A7s":{"weight":0.0,"played":[0.8781,0.1219],"evs":[0.0,-2.39939]},"A8s":{"weight":0.5515,"played":[0.5241,0.4759],"evs":[0.0,0.30494]},"A9s":{"weight":0.9685,"played":[0.1802,0.8198],"evs":[0.0,-1.70506]},"ATs":{"weight":0.9981,"played":[0.0066,0.9934],"evs":[0.0,2.56972]},"AJs":{"weight":0.4284,"played":[0.1588,0.8412],"evs":[0.0,2.24498]},"AQs":{"weight":1.0E-4,"played":[0.0259,0.9741],"evs":[0.0,2.09597]},"AKs":{"weight":0.0,"played":[0.0964,0.9036],"evs":[0.0,10.50375]},"AA":{"weight":0.3659,"played":[1.0E-4,0.9999],"evs":[0.0,25.94151]}}}