{"player":2,"street":0,"children":2,"sequence":[{"player":0,"type":"R","amount":200000,"street":0},{"player":1,"type":"C","amount":200000,"street":0},{"player":2,"type":"C","amount":200000,"street":0},{"player":3,"type":"F","amount":0,"street":0},{"player":4,"type":"R","amount":1085000,"street":0},{"player":5,"type":"R","amount":1985000,"street":0},{"player":0,"type":"R","amount":2885000,"street":0},{"player":1,"type":"C","amount":2585000,"street":0}],"actions":[{"type":"F","amount":0},{"type":"C","amount":1685000}],"hands":{"22":{"weight":0.0,"played":[0.7162,0.2838],"evs":[0.0,0.78332]},"32o":{"weight":0.0,"played":[0.9999,1.0E-4],"evs":[0.0,-5.55524]},"42o":{"weight":0.0,"played":[0.9977,0.0023],"evs":[0.0,-4.77049]},"52o":{"weight":0.0,"played":[1.0,0.0],"evs":[0.0,-3.90314]},"62o":{"weight":0.0,"played":[0.9994,6.0E-4],"evs":[0.0,-5.41418]},"72o":{"weight":0.0,"played":[0.9995,5.0E-4],"evs":[0.0,-5.16813]},"82o":{"weight":0.0,"played":[1.0,0.0],"evs":[0.0,-7.22379]},"92o":{"weight":0.0,"played":[0.9993,7.0E-4],"evs":[0.0,-6.06341]},"T2o":{"weight":0.0,"played":[0.9996,4.0E-4],"evs":[0.0,-6.35104]},"J2o":{"weight":0.0,"played":[1.0,0.0],"evs":[0.0,-5.55011]},"Q2o":{"weight":0.0,"played":[0.9999,1.0E-4],"evs":[0.0,-5.94005]},"K2o":{"weight":0.0,"played":[0.9998,2.0E-4],"evs":[0.0,-5.89598]},"A2o":{"weight":0.0,"played":[0.9956,0.0044],"evs":[0.0,-5.98809]},"32s":{"weight":0.0,"played":[0.9991,9.0E-4],"evs":[0.0,-3.29989]},"33":{"weight":0.0,"played":[0.9866,0.0134],"evs":[0.0,-2.76091]},"43o":{"weight":0.0,"played":[0.9999,1.0E-4],"evs":[0.0,-3.85819]},"53o":{"weight":0.0,"played":[0.9957,0.0043],"evs":[0.0,-3.51808]},"63o":{"weight":0.0,"played":[1.0,0.0],"evs":[0.0,-5.07163]},"73o":{"weight":0.0,"played":[0.9998,2.0E-4],"evs":[0.0,-4.11113]},"83o":{"weight":0.0,"played":[1.0,0.0],"evs":[0.0,-6.05856]},"93o":{"weight":0.0,"played":[0.9996,4.0E-4],"evs":[0.0,-5.61287]},"T3o":{"weight":0.0,"played":[0.9994,6.0E-4],"evs":[0.0,-5.8503]},"J3o":{"weight":0.0,"played":[0.9958,0.0042],"evs":[0.0,-6.35623]},"Q3o":{"weight":0.0,"played":[0.9997,3.0E-4],"evs":[0.0,-6.30028]},"K3o":{"weight":0.0,"played":[1.0,0.0],"evs":[0.0,-5.69047]},"A3o":{"weight":0.0,"played":[0.9999,1.0E-4],"evs":[0.0,-5.42625]},"42s":{"weight":0.0,"played":[0.9537,0.0463],"evs":[0.0,-4.77301]},"43s":{"weight":0.0,"played":[0.8251,0.1749],"evs":[0.0,-1.78342]},"44":{"weight":0.6929,"played":[0.5145,0.4855],"evs":[0.0,0.39235]},"54o":{"weight":0.0,"played":[0.9845,0.0155],"evs":[0.0,-2.07542]},"64o":{"weight":0.0,"played":[0.9991,9.0E-4],"evs":[0.0,-3.41081]},"74o":{"weight":0.0,"played":[0.9973,0.0027],"evs":[0.0,-3.57246]},"84o":{"weight":0.0,"played":[0.9909,0.0091],"evs":[0.0,-5.80492]},"94o":{"weight":0.0,"played":[1.0,0.0],"evs":[0.0,-6.30841]},"T4o":{"weight":0.0,"played":[0.9998,2.0E-4],"evs":[0.0,-5.87593]},"J4o":{"weight":0.0,"played":[1.0,0.0],"evs":[0.0,-5.62349]},"Q4o":{"weight":0.0,"played":[0.9869,0.0131],"evs":[0.0,-5.51158]},"K4o":{"weight":0.0,"played":[0.9966,0.0034],"evs":[0.0,-4.99202]},"A4o":{"weight":0.0,"played":[0.9925,0.0075],"evs":[0.0,-4.6974]},"52s":{"weight":0.0,"played":[0.8473,0.1527],"evs":[0.0,-1.81406]},"53s":{"weight":0.0,"played":[0.5906,0.4094],"evs":[0.0,0.62786]},"54s":{"weight":0.0,"played":[0.1083,0.8917],"evs":[0.0,1.66218]},"55":{"weight":0.9999,"played":[0.0835,0.9165],"evs":[0.0,0.50193]},"65o":{"weight":0.0,"played":[0.9788,0.0212],"evs":[0.0,-3.86461]},"75o":{"weight":0.0,"played":[0.9846,0.0154],"evs":[0.0,-3.47785]},"85o":{"weight":0.0,"played":[0.9965,0.0035],"evs":[0.0,-3.91888]},"95o":{"weight":0.0,"played":[0.9911,0.0089],"evs":[0.0,-5.25501]},"T5o":{"weight":0.0,"played":[0.9997,3.0E-4],"evs":[0.0,-5.6092]},"J5o":{"weight":0.0,"played":[0.9999,1.0E-4],"evs":[0.0,-4.77852]},"Q5o":{"weight":0.0,"played":[0.9995,5.0E-4],"evs":[0.0,-6.80102]},"K5o":{"weight":0.0,"played":[0.9999,1.0E-4],"evs":[0.0,-5.83151]},"A5o":{"weight":0.0,"played":[0.9996,4.0E-4],"evs":[0.0,-2.94559]},"62s":{"weight":0.0,"played":[0.9999,1.0E-4],"evs":[0.0,-3.21716]},"63s":{"weight":0.0,"played":[0.6535,0.3465],"evs":[0.0,-2.60419]},"64s":{"weight":0.0,"played":[0.9635,0.0365],"evs":[0.0,-4.26929]},"65s":{"weight":0.0,"played":[0.2777,0.7223],"evs":[0.0,1.60579]},"66":{"weight":0.5633,"played":[0.9877,0.0123],"evs":[0.0,-0.93709]},"76o":{"weight":0.0,"played":[0.9993,7.0E-4],"evs":[0.0,-4.21375]},"86o":{"weight":0.0,"played":[0.9999,1.0E-4],"evs":[0.0,-2.84681]},"96o":{"weight":0.0,"played":[0.9999,1.0E-4],"evs":[0.0,-4.32715]},"T6o":{"weight":0.0,"played":[0.9999,1.0E-4],"evs":[0.0,-5.63425]},"J6o":{"weight":0.0,"played":[0.9997,3.0E-4],"evs":[0.0,-5.16156]},"Q6o":{"weight":0.0,"played":[1.0,0.0],"evs":[0.0,-3.92376]},"K6o":{"weight":0.0,"played":[0.9991,9.0E-4],"evs":[0.0,-4.40394]},"A6o":{"weight":0.0,"played":[0.9909,0.0091],"evs":[0.0,-4.21462]},"72s":{"weight":0.0,"played":[0.9848,0.0152],"evs":[0.0,-3.148]},"73s":{"weight":0.0,"played":[0.9993,7.0E-4],"evs":[0.0,-4.17016]},"74s":{"weight":0.0,"played":[0.9689,0.0311],"evs":[0.0,-4.03741]},"75s":{"weight":0.0,"played":[0.4339,0.5661],"evs":[0.0,-2.03335]},"76s":{"weight":0.0,"played":[0.6086,0.3914],"evs":[0.0,0.229]},"77":{"weight":8.0E-4,"played":[0.1267,0.8733],"evs":[0.0,2.40429]},"87o":{"weight":0.0,"played":[0.962,0.038],"evs":[0.0,-3.04681]},"97o":{"weight":0.0,"played":[0.9993,7.0E-4],"evs":[0.0,-3.60052]},"T7o":{"weight":0.0,"played":[0.9998,2.0E-4],"evs":[0.0,-4.21005]},"J7o":{"weight":0.0,"played":[0.8986,0.1014],"evs":[0.0,-5.08288]},"Q7o":{"weight":0.0,"played":[0.9991,9.0E-4],"evs":[0.0,-5.22441]},"K7o":{"weight":0.0,"played":[0.9966,0.0034],"evs":[0.0,-3.05883]},"A7o":{"weight":0.0,"played":[0.9639,0.0361],"evs":[0.0,-6.13649]},"82s":{"weight":0.0,"played":[0.9773,0.0227],"evs":[0.0,-1.78776]},"83s":{"weight":0.0,"played":[0.9398,0.0602],"evs":[0.0,-2.15714]},"84s":{"weight":0.0,"played":[0.9938,0.0062],"evs":[0.0,-2.46678]},"85s":{"weight":0.0,"played":[0.9777,0.0223],"evs":[0.0,-4.11778]},"86s":{"weight":0.0,"played":[0.881,0.119],"evs":[0.0,-4.63381]},"87s":{"weight":0.0,"played":[0.7118,0.2882],"evs":[0.0,0.06768]},"88":{"weight":0.0,"played":[0.0198,0.9802],"evs":[0.0,1.9896]},"98o":{"weight":0.0,"played":[0.9994,6.0E-4],"evs":[0.0,-3.01366]},"T8o":{"weight":0.0,"played":[0.9999,1.0E-4],"evs":[0.0,-5.44997]},"J8o":{"weight":0.0,"played":[0.9783,0.0217],"evs":[0.0,-5.09729]},"Q8o":{"weight":0.0,"played":[0.9979,0.0021],"evs":[0.0,-2.86868]},"K8o":{"weight":0.0,"played":[0.995,0.005],"evs":[0.0,-7.3305]},"A8o":{"weight":0.0,"played":[1.0,0.0],"evs":[0.0,-5.05042]},"92s":{"weight":0.0,"played":[0.9928,0.0072],"evs":[0.0,-2.11237]},"93s":{"weight":0.0,"played":[0.9828,0.0172],"evs":[0.0,-3.3619]},"94s":{"weight":0.0,"played":[0.9991,9.0E-4],"evs":[0.0,-4.92657]},"95s":{"weight":0.0,"played":[0.6578,0.3422],"evs":[0.0,-0.11628]},"96s":{"weight":0.0,"played":[0.9096,0.0904],"evs":[0.0,-1.22772]},"97s":{"weight":0.0,"played":[0.6398,0.3602],"evs":[0.0,-0.55563]},"98s":{"weight":0.026,"played":[0.9538,0.0462],"evs":[0.0,-2.7305]},"99":{"weight":1.0E-4,"played":[0.0013,0.9987],"evs":[0.0,3.18599]},"T9o":{"weight":0.0,"played":[0.9994,6.0E-4],"evs":[0.0,-3.33809]},"J9o":{"weight":0.0,"played":[0.9715,0.0285],"evs":[0.0,-3.05719]},"Q9o":{"weight":0.0,"played":[0.9949,0.0051],"evs":[0.0,-3.57609]},"K9o":{"weight":0.0,"played":[0.9998,2.0E-4],"evs":[0.0,-4.40149]},"A9o":{"weight":0.0,"played":[0.9981,0.0019],"evs":[0.0,-4.11817]},"T2s":{"weight":0.0,"played":[0.9968,0.0032],"evs":[0.0,-3.69025]},"T3s":{"weight":0.0,"played":[0.9925,0.0075],"evs":[0.0,-3.47273]},"T4s":{"weight":0.0,"played":[0.8965,0.1035],"evs":[0.0,-3.39397]},"T5s":{"weight":0.0,"played":[0.9938,0.0062],"evs":[0.0,-2.59178]},"T6s":{"weight":0.0,"played":[0.9983,0.0017],"evs":[0.0,-3.77498]},"T7s":{"weight":0.0,"played":[0.984,0.016],"evs":[0.0,-3.73683]},"T8s":{"weight":0.0,"played":[0.9665,0.0335],"evs":[0.0,-2.20471]},"T9s":{"weight":0.0061,"played":[0.0869,0.9131],"evs":[0.0,1.54425]},"TT":{"weight":0.0,"played":[6.0E-4,0.9994],"evs":[0.0,3.37872]},"JTo":{"weight":0.0,"played":[0.9967,0.0033],"evs":[0.0,-3.03505]},"QTo":{"weight":0.0,"played":[0.9236,0.0764],"evs":[0.0,-2.7301]},"KTo":{"weight":0.0,"played":[0.9914,0.0086],"evs":[0.0,-1.61043]},"ATo":{"weight":0.002,"played":[0.9679,0.0321],"evs":[0.0,-2.39014]},"J2s":{"weight":0.0,"played":[0.9451,0.0549],"evs":[0.0,-3.12224]},"J3s":{"weight":0.0,"played":[0.9641,0.0359],"evs":[0.0,-4.59689]},"J4s":{"weight":0.0,"played":[0.9992,8.0E-4],"evs":[0.0,-4.40877]},"J5s":{"weight":0.0,"played":[0.7721,0.2279],"evs":[0.0,-1.30037]},"J6s":{"weight":0.0,"played":[0.7894,0.2106],"evs":[0.0,-2.19537]},"J7s":{"weight":0.0,"played":[0.9949,0.0051],"evs":[0.0,-5.15732]},"J8s":{"weight":0.0,"played":[0.8476,0.1524],"evs":[0.0,-0.88875]},"J9s":{"weight":0.0,"played":[0.4255,0.5745],"evs":[0.0,0.40241]},"JTs":{"weight":0.2824,"played":[0.1824,0.8176],"evs":[0.0,0.54822]},"JJ":{"weight":0.0,"played":[0.0013,0.9987],"evs":[0.0,7.39022]},"QJo":{"weight":0.0,"played":[0.8572,0.1428],"evs":[0.0,-2.918]},"KJo":{"weight":0.0,"played":[0.8999,0.1001],"evs":[0.0,-2.0616]},"AJo":{"weight":0.0921,"played":[0.9496,0.0504],"evs":[0.0,-1.82562]},"Q2s":{"weight":0.0,"played":[0.9821,0.0179],"evs":[0.0,-3.06406]},"Q3s":{"weight":0.0,"played":[0.783,0.217],"evs":[0.0,-1.8406]},"Q4s":{"weight":0.0,"played":[0.997,0.003],"evs":[0.0,-3.12925]},"Q5s":{"weight":0.0,"played":[0.9917,0.0083],"evs":[0.0,-4.90989]},"Q6s":{"weight":0.0,"played":[0.9354,0.0646],"evs":[0.0,-1.58645]},"Q7s":{"weight":0.0,"played":[0.8731,0.1269],"evs":[0.0,-3.51033]},"Q8s":{"weight":0.0,"played":[0.6449,0.3551],"evs":[0.0,-0.48602]},"Q9s":{"weight":0.0,"played":[0.8924,0.1076],"evs":[0.0,-2.83945]},"QTs":{"weight":0.7681,"played":[0.5227,0.4773],"evs":[0.0,-0.12748]},"QJs":{"weight":0.8544,"played":[0.4216,0.5784],"evs":[0.0,-0.70188]},"QQ":{"weight":1.0E-4,"played":[6.0E-4,0.9994],"evs":[0.0,11.70813]},"KQo":{"weight":0.9047,"played":[0.6331,0.3669],"evs":[0.0,-0.35555]},"AQo":{"weight":0.0,"played":[0.0757,0.9243],"evs":[0.0,0.09012]},"K2s":{"weight":0.0,"played":[0.9032,0.0968],"evs":[0.0,-1.3681]},"K3s":{"weight":0.0,"played":[0.9979,0.0021],"evs":[0.0,-3.04486]},"K4s":{"weight":0.0,"played":[0.7076,0.2924],"evs":[0.0,-3.09987]},"K5s":{"weight":0.0,"played":[0.8181,0.1819],"evs":[0.0,-1.82125]},"K6s":{"weight":6.0E-4,"played":[0.9723,0.0277],"evs":[0.0,-1.95526]},"K7s":{"weight":0.0,"played":[0.9932,0.0068],"evs":[0.0,-1.9075]},"K8s":{"weight":0.0,"played":[0.2301,0.7699],"evs":[0.0,0.89184]},"K9s":{"weight":0.0148,"played":[0.7738,0.2262],"evs":[0.0,-1.42784]},"KTs":{"weight":0.0391,"played":[0.2302,0.7698],"evs":[0.0,-0.70028]},"KJs":{"weight":0.2269,"played":[0.5504,0.4496],"evs":[0.0,-0.96765]},"KQs":{"weight":0.0202,"played":[0.0015,0.9985],"evs":[0.0,1.50876]},"KK":{"weight":2.0E-4,"played":[3.0E-4,0.9997],"evs":[0.0,15.31613]},"AKo":{"weight":0.0,"played":[1.0E-4,0.9999],"evs":[0.0,4.7506]},"A2s":{"weight":0.0,"played":[0.8557,0.1443],"evs":[0.0,-0.1665]},"A3s":{"weight":0.0,"played":[0.6687,0.3313],"evs":[0.0,0.3135]},"A4s":{"weight":0.0,"played":[0.4014,0.5986],"evs":[0.0,0.84324]},"A5s":{"weight":0.0296,"played":[0.3881,0.6119],"evs":[0.0,0.16724]},"A6s":{"weight":1.0E-4,"played":[0.9469,0.0531],"evs":[0.0,-1.88633]},"A7s":{"weight":0.0,"played":[0.5484,0.4516],"evs":[0.0,-0.1026]},"A8s":{"weight":0.5515,"played":[0.7401,0.2599],"evs":[0.0,-1.59203]},"A9s":{"weight":0.9685,"played":[0.3248,0.6752],"evs":[0.0,-0.21264]},"ATs":{"weight":0.9981,"played":[0.3234,0.6766],"evs":[0.0,1.93841]},"AJs":{"weight":0.4284,"played":[0.0385,0.9615],"evs":[0.0,3.08398]},"AQs":{"weight":1.0E-4,"played":[0.0646,0.9354],"evs":[0.0,6.80477]},"AKs":{"weight":0.0,"played":[4.0E-4,0.9996],"evs":[0.0,7.37541]},"AA":{"weight":0.3659,"played":[0.0,1.0],"evs":[0.0,26.76853]}}}