{"player":2,"street":0,"children":2,"sequence":[{"player":0,"type":"R","amount":200000,"street":0},{"player":1,"type":"C","amount":200000,"street":0},{"player":2,"type":"C","amount":200000,"street":0},{"player":3,"type":"R","amount":985000,"street":0},{"player":4,"type":"F","amount":0,"street":0},{"player":5,"type":"F","amount":0,"street":0},{"player":0,"type":"C","amount":785000,"street":0},{"player":1,"type":"R","amount":2785000,"street":0}],"actions":[{"type":"F","amount":0,"node":472},{"type":"C","amount":1685000,"node":473}],"hands":{"22":{"weight":0.0,"played":[0.9993,7.0E-4],"evs":[0.0,-3.99747]},"32o":{"weight":0.0,"played":[0.9999,1.0E-4],"evs":[0.0,-6.36332]},"42o":{"weight":0.0,"played":[1.0,0.0],"evs":[0.0,-4.90153]},"52o":{"weight":0.0,"played":[1.0,0.0],"evs":[0.0,-5.30371]},"62o":{"weight":0.0,"played":[0.9999,1.0E-4],"evs":[0.0,-5.97929]},"72o":{"weight":0.0,"played":[0.9999,1.0E-4],"evs":[0.0,-7.6236]},"82o":{"weight":0.0,"played":[0.9985,0.0015],"evs":[0.0,-7.02546]},"92o":{"weight":0.0,"played":[1.0,0.0],"evs":[0.0,-7.13171]},"T2o":{"weight":0.0,"played":[1.0,0.0],"evs":[0.0,-6.1949]},"J2o":{"weight":0.0,"played":[0.9997,3.0E-4],"evs":[0.0,-6.52353]},"Q2o":{"weight":0.0,"played":[1.0,0.0],"evs":[0.0,-7.58823]},"K2o":{"weight":0.0,"played":[0.9992,8.0E-4],"evs":[0.0,-4.378]},"A2o":{"weight":0.0,"played":[0.9992,8.0E-4],"evs":[0.0,-6.63578]},"32s":{"weight":0.0,"played":[0.9974,0.0026],"evs":[0.0,-5.13153]},"33":{"weight":0.0,"played":[0.9944,0.0056],"evs":[0.0,-2.63887]},"43o":{"weight":0.0,"played":[0.9999,1.0E-4],"evs":[0.0,-4.59369]},"53o":{"weight":0.0,"played":[0.9997,3.0E-4],"evs":[0.0,-4.796]},"63o":{"weight":0.0,"played":[0.9999,1.0E-4],"evs":[0.0,-5.16689]},"73o":{"weight":0.0,"played":[1.0,0.0],"evs":[0.0,-4.83805]},"83o":{"weight":0.0,"played":[1.0,0.0],"evs":[0.0,-7.16077]},"93o":{"weight":0.0,"played":[1.0,0.0],"evs":[0.0,-6.58464]},"T3o":{"weight":0.0,"played":[1.0,0.0],"evs":[0.0,-6.03051]},"J3o":{"weight":0.0,"played":[1.0,0.0],"evs":[0.0,-6.53876]},"Q3o":{"weight":0.0,"played":[1.0,0.0],"evs":[0.0,-5.94763]},"K3o":{"weight":0.0,"played":[0.9999,1.0E-4],"evs":[0.0,-5.12985]},"A3o":{"weight":0.0,"played":[0.9996,4.0E-4],"evs":[0.0,-5.93596]},"42s":{"weight":0.0,"played":[0.9985,0.0015],"evs":[0.0,-3.36764]},"43s":{"weight":0.0,"played":[0.9447,0.0553],"evs":[0.0,-3.35745]},"44":{"weight":0.6929,"played":[0.9996,4.0E-4],"evs":[0.0,-2.75168]},"54o":{"weight":0.0,"played":[0.9944,0.0056],"evs":[0.0,-3.86495]},"64o":{"weight":0.0,"played":[0.9998,2.0E-4],"evs":[0.0,-4.30639]},"74o":{"weight":0.0,"played":[0.9998,2.0E-4],"evs":[0.0,-5.10569]},"84o":{"weight":0.0,"played":[1.0,0.0],"evs":[0.0,-5.8592]},"94o":{"weight":0.0,"played":[0.9999,1.0E-4],"evs":[0.0,-5.91293]},"T4o":{"weight":0.0,"played":[1.0,0.0],"evs":[0.0,-5.9696]},"J4o":{"weight":0.0,"played":[0.9999,1.0E-4],"evs":[0.0,-7.01191]},"Q4o":{"weight":0.0,"played":[1.0,0.0],"evs":[0.0,-6.04771]},"K4o":{"weight":0.0,"played":[0.9989,0.0011],"evs":[0.0,-4.7183]},"A4o":{"weight":0.0,"played":[1.0,0.0],"evs":[0.0,-5.78111]},"52s":{"weight":0.0,"played":[0.9937,0.0063],"evs":[0.0,-3.74389]},"53s":{"weight":0.0,"played":[0.9998,2.0E-4],"evs":[0.0,-3.32674]},"54s":{"weight":0.0,"played":[0.9968,0.0032],"evs":[0.0,-1.46454]},"55":{"weight":0.9999,"played":[0.9861,0.0139],"evs":[0.0,-2.1123]},"65o":{"weight":0.0,"played":[0.9999,1.0E-4],"evs":[0.0,-3.12844]},"75o":{"weight":0.0,"played":[0.9999,1.0E-4],"evs":[0.0,-4.23285]},"85o":{"weight":0.0,"played":[0.9982,0.0018],"evs":[0.0,-4.11389]},"95o":{"weight":0.0,"played":[0.9982,0.0018],"evs":[0.0,-6.28543]},"T5o":{"weight":0.0,"played":[1.0,0.0],"evs":[0.0,-5.97526]},"J5o":{"weight":0.0,"played":[1.0,0.0],"evs":[0.0,-5.51008]},"Q5o":{"weight":0.0,"played":[1.0,0.0],"evs":[0.0,-5.38505]},"K5o":{"weight":0.0,"played":[0.9834,0.0166],"evs":[0.0,-5.14727]},"A5o":{"weight":0.0,"played":[0.9998,2.0E-4],"evs":[0.0,-5.9635]},"62s":{"weight":0.0,"played":[0.9912,0.0088],"evs":[0.0,-3.93524]},"63s":{"weight":0.0,"played":[0.8703,0.1297],"evs":[0.0,-3.07321]},"64s":{"weight":0.0,"played":[0.9912,0.0088],"evs":[0.0,-1.89191]},"65s":{"weight":0.0,"played":[0.7571,0.2429],"evs":[0.0,-0.56455]},"66":{"weight":0.5633,"played":[0.9296,0.0704],"evs":[0.0,-2.27841]},"76o":{"weight":0.0,"played":[0.9997,3.0E-4],"evs":[0.0,-4.81107]},"86o":{"weight":0.0,"played":[0.9981,0.0019],"evs":[0.0,-4.60585]},"96o":{"weight":0.0,"played":[0.9999,1.0E-4],"evs":[0.0,-4.45628]},"T6o":{"weight":0.0,"played":[1.0,0.0],"evs":[0.0,-5.02955]},"J6o":{"weight":0.0,"played":[1.0,0.0],"evs":[0.0,-6.36202]},"Q6o":{"weight":0.0,"played":[0.9999,1.0E-4],"evs":[0.0,-5.861]},"K6o":{"weight":0.0,"played":[0.9981,0.0019],"evs":[0.0,-4.42476]},"A6o":{"weight":0.0,"played":[0.9995,5.0E-4],"evs":[0.0,-6.38734]},"72s":{"weight":0.0,"played":[0.9999,1.0E-4],"evs":[0.0,-4.38043]},"73s":{"weight":0.0,"played":[0.9839,0.0161],"evs":[0.0,-2.83957]},"74s":{"weight":0.0,"played":[0.9803,0.0197],"evs":[0.0,-2.60809]},"75s":{"weight":0.0,"played":[0.9992,8.0E-4],"evs":[0.0,-1.96746]},"76s":{"weight":0.0,"played":[0.9814,0.0186],"evs":[0.0,-3.85199]},"77":{"weight":8.0E-4,"played":[0.7033,0.2967],"evs":[0.0,-1.47913]},"87o":{"weight":0.0,"played":[0.994,0.006],"evs":[0.0,-3.85566]},"97o":{"weight":0.0,"played":[0.9998,2.0E-4],"evs":[0.0,-4.74341]},"T7o":{"weight":0.0,"played":[0.9997,3.0E-4],"evs":[0.0,-3.49673]},"J7o":{"weight":0.0,"played":[1.0,0.0],"evs":[0.0,-5.63957]},"Q7o":{"weight":0.0,"played":[0.9998,2.0E-4],"evs":[0.0,-5.69916]},"K7o":{"weight":0.0,"played":[0.9991,9.0E-4],"evs":[0.0,-4.35371]},"A7o":{"weight":0.0,"played":[0.9991,9.0E-4],"evs":[0.0,-5.35221]},"82s":{"weight":0.0,"played":[0.9898,0.0102],"evs":[0.0,-3.45682]},"83s":{"weight":0.0,"played":[0.9983,0.0017],"evs":[0.0,-4.15288]},"84s":{"weight":0.0,"played":[0.9916,0.0084],"evs":[0.0,-3.06851]},"85s":{"weight":0.0,"played":[0.9946,0.0054],"evs":[0.0,-2.23829]},"86s":{"weight":0.0,"played":[0.9861,0.0139],"evs":[0.0,-1.93018]},"87s":{"weight":0.0,"played":[0.9818,0.0182],"evs":[0.0,-0.90493]},"88":{"weight":0.0,"played":[0.7592,0.2408],"evs":[0.0,-1.35185]},"98o":{"weight":0.0,"played":[0.9994,6.0E-4],"evs":[0.0,-3.75176]},"T8o":{"weight":0.0,"played":[0.9998,2.0E-4],"evs":[0.0,-3.79159]},"J8o":{"weight":0.0,"played":[0.9998,2.0E-4],"evs":[0.0,-4.06862]},"Q8o":{"weight":0.0,"played":[1.0,0.0],"evs":[0.0,-5.91281]},"K8o":{"weight":0.0,"played":[1.0,0.0],"evs":[0.0,-4.75979]},"A8o":{"weight":0.0,"played":[0.9993,7.0E-4],"evs":[0.0,-5.92052]},"92s":{"weight":0.0,"played":[0.9998,2.0E-4],"evs":[0.0,-3.72615]},"93s":{"weight":0.0,"played":[0.9994,6.0E-4],"evs":[0.0,-3.57963]},"94s":{"weight":0.0,"played":[0.9764,0.0236],"evs":[0.0,-4.72]},"95s":{"weight":0.0,"played":[0.999,0.001],"evs":[0.0,-3.50198]},"96s":{"weight":0.0,"played":[0.9994,6.0E-4],"evs":[0.0,-3.54084]},"97s":{"weight":0.0,"played":[0.9921,0.0079],"evs":[0.0,-4.05755]},"98s":{"weight":0.026,"played":[0.9705,0.0295],"evs":[0.0,-1.39186]},"99":{"weight":1.0E-4,"played":[0.0123,0.9877],"evs":[0.0,1.40689]},"T9o":{"weight":0.0,"played":[0.9995,5.0E-4],"evs":[0.0,-4.17138]},"J9o":{"weight":0.0,"played":[0.9998,2.0E-4],"evs":[0.0,-3.61942]},"Q9o":{"weight":0.0,"played":[0.9999,1.0E-4],"evs":[0.0,-4.68719]},"K9o":{"weight":0.0,"played":[0.9998,2.0E-4],"evs":[0.0,-3.75438]},"A9o":{"weight":0.0,"played":[0.9993,7.0E-4],"evs":[0.0,-5.86086]},"T2s":{"weight":0.0,"played":[0.9909,0.0091],"evs":[0.0,-5.13514]},"T3s":{"weight":0.0,"played":[0.9969,0.0031],"evs":[0.0,-3.95319]},"T4s":{"weight":0.0,"played":[1.0,0.0],"evs":[0.0,-4.25016]},"T5s":{"weight":0.0,"played":[0.9886,0.0114],"evs":[0.0,-3.35637]},"T6s":{"weight":0.0,"played":[0.9482,0.0518],"evs":[0.0,-1.84563]},"T7s":{"weight":0.0,"played":[0.9591,0.0409],"evs":[0.0,-2.94883]},"T8s":{"weight":0.0,"played":[0.962,0.038],"evs":[0.0,-1.35899]},"T9s":{"weight":0.0061,"played":[0.9761,0.0239],"evs":[0.0,-3.08359]},"TT":{"weight":0.0,"played":[0.0,1.0],"evs":[0.0,4.08666]},"JTo":{"weight":0.0,"played":[0.9997,3.0E-4],"evs":[0.0,-3.01922]},"QTo":{"weight":0.0,"played":[0.9741,0.0259],"evs":[0.0,-3.95599]},"KTo":{"weight":0.0,"played":[0.8696,0.1304],"evs":[0.0,-2.62365]},"ATo":{"weight":0.002,"played":[0.989,0.011],"evs":[0.0,-3.74739]},"J2s":{"weight":0.0,"played":[0.9935,0.0065],"evs":[0.0,-1.98927]},"J3s":{"weight":0.0,"played":[0.9993,7.0E-4],"evs":[0.0,-3.02953]},"J4s":{"weight":0.0,"played":[0.9999,1.0E-4],"evs":[0.0,-5.43831]},"J5s":{"weight":0.0,"played":[0.9946,0.0054],"evs":[0.0,-2.82949]},"J6s":{"weight":0.0,"played":[0.9993,7.0E-4],"evs":[0.0,-3.53705]},"J7s":{"weight":0.0,"played":[0.9994,6.0E-4],"evs":[0.0,-3.00554]},"J8s":{"weight":0.0,"played":[0.9019,0.0981],"evs":[0.0,-1.98607]},"J9s":{"weight":0.0,"played":[0.9073,0.0927],"evs":[0.0,-1.13985]},"JTs":{"weight":0.2824,"played":[0.5187,0.4813],"evs":[0.0,-0.95805]},"JJ":{"weight":0.0,"played":[9.0E-4,0.9991],"evs":[0.0,6.80051]},"QJo":{"weight":0.0,"played":[0.9963,0.0037],"evs":[0.0,-2.72183]},"KJo":{"weight":0.0,"played":[0.8707,0.1293],"evs":[0.0,-2.38049]},"AJo":{"weight":0.0921,"played":[0.9944,0.0056],"evs":[0.0,-2.45826]},"Q2s":{"weight":0.0,"played":[0.9932,0.0068],"evs":[0.0,-4.93538]},"Q3s":{"weight":0.0,"played":[0.9636,0.0364],"evs":[0.0,-4.14935]},"Q4s":{"weight":0.0,"played":[0.9935,0.0065],"evs":[0.0,-3.93496]},"Q5s":{"weight":0.0,"played":[0.9703,0.0297],"evs":[0.0,-3.32676]},"Q6s":{"weight":0.0,"played":[0.9978,0.0022],"evs":[0.0,-3.74946]},"Q7s":{"weight":0.0,"played":[0.9664,0.0336],"evs":[0.0,-4.86181]},"Q8s":{"weight":0.0,"played":[0.9767,0.0233],"evs":[0.0,-2.70729]},"Q9s":{"weight":0.0,"played":[0.7681,0.2319],"evs":[0.0,-2.20321]},"QTs":{"weight":0.7681,"played":[0.9489,0.0511],"evs":[0.0,-2.37495]},"QJs":{"weight":0.8544,"played":[0.7716,0.2284],"evs":[0.0,-0.44252]},"QQ":{"weight":1.0E-4,"played":[0.0,1.0],"evs":[0.0,8.45463]},"KQo":{"weight":0.9047,"played":[0.9006,0.0994],"evs":[0.0,-1.41249]},"AQo":{"weight":0.0,"played":[0.9266,0.0734],"evs":[0.0,-0.94489]},"K2s":{"weight":0.0,"played":[0.8702,0.1298],"evs":[0.0,-2.57476]},"K3s":{"weight":0.0,"played":[0.9379,0.0621],"evs":[0.0,-2.06453]},"K4s":{"weight":0.0,"played":[0.9294,0.0706],"evs":[0.0,-2.46999]},"K5s":{"weight":0.0,"played":[0.9987,0.0013],"evs":[0.0,-4.46645]},"K6s":{"weight":6.0E-4,"played":[0.9178,0.0822],"evs":[0.0,-1.85968]},"K7s":{"weight":0.0,"played":[0.9304,0.0696],"evs":[0.0,-2.61423]},"K8s":{"weight":0.0,"played":[0.9331,0.0669],"evs":[0.0,-2.91401]},"K9s":{"weight":0.0148,"played":[0.5714,0.4286],"evs":[0.0,-0.56647]},"KTs":{"weight":0.0391,"played":[0.4208,0.5792],"evs":[0.0,0.08186]},"KJs":{"weight":0.2269,"played":[0.1039,0.8961],"evs":[0.0,0.38762]},"KQs":{"weight":0.0202,"played":[0.0587,0.9413],"evs":[0.0,0.0839]},"KK":{"weight":2.0E-4,"played":[2.0E-4,0.9998],"evs":[0.0,15.1995]},"AKo":{"weight":0.0,"played":[0.0037,0.9963],"evs":[0.0,1.60861]},"A2s":{"weight":0.0,"played":[0.9998,2.0E-4],"evs":[0.0,-3.6677]},"A3s":{"weight":0.0,"played":[0.9702,0.0298],"evs":[0.0,-3.30664]},"A4s":{"weight":0.0,"played":[0.9863,0.0137],"evs":[0.0,-2.21582]},"A5s":{"weight":0.0296,"played":[0.9914,0.0086],"evs":[0.0,-3.66385]},"A6s":{"weight":1.0E-4,"played":[0.9855,0.0145],"evs":[0.0,-3.49995]},"A7s":{"weight":0.0,"played":[0.9974,0.0026],"evs":[0.0,-4.55641]},"A8s":{"weight":0.5515,"played":[0.9974,0.0026],"evs":[0.0,-4.39588]},"A9s":{"weight":0.9685,"played":[0.9445,0.0555],"evs":[0.0,-3.82906]},"ATs":{"weight":0.9981,"played":[0.7359,0.2641],"evs":[0.0,-1.71322]},"AJs":{"weight":0.4284,"played":[0.9606,0.0394],"evs":[0.0,-1.64693]},"AQs":{"weight":1.0E-4,"played":[0.001,0.999],"evs":[0.0,2.39393]},"AKs":{"weight":0.0,"played":[0.2665,0.7335],"evs":[0.0,2.29613]},"AA":{"weight":0.3659,"played":[0.0,1.0],"evs":[0.0,20.36434]}}}