{"player":1,"street":0,"children":2,"sequence":[{"player":0,"type":"R","amount":200000,"street":0},{"player":1,"type":"C","amount":200000,"street":0},{"player":2,"type":"C","amount":200000,"street":0},{"player":3,"type":"R","amount":985000,"street":0},{"player":4,"type":"F","amount":0,"street":0},{"player":5,"type":"R","amount":1985000,"street":0},{"player":0,"type":"C","amount":1785000,"street":0}],"actions":[{"type":"F","amount":0,"node":482},{"type":"R","amount":2785000,"node":483}],"hands":{"22":{"weight":0.3192,"played":[0.8425,0.1575],"evs":[0.0,-3.10704]},"32o":{"weight":0.0,"played":[0.9999,1.0E-4],"evs":[0.0,-9.92148]},"42o":{"weight":0.0,"played":[0.9978,0.0022],"evs":[0.0,-9.03589]},"52o":{"weight":0.0,"played":[0.9977,0.0023],"evs":[0.0,-7.72726]},"62o":{"weight":0.0,"played":[0.9981,0.0019],"evs":[0.0,-6.56631]},"72o":{"weight":0.0,"played":[0.9995,5.0E-4],"evs":[0.0,-7.66078]},"82o":{"weight":0.0,"played":[0.9987,0.0013],"evs":[0.0,-11.78466]},"92o":{"weight":0.0,"played":[0.9999,1.0E-4],"evs":[0.0,-9.35346]},"T2o":{"weight":0.0,"played":[0.9994,6.0E-4],"evs":[0.0,-9.48738]},"J2o":{"weight":0.0,"played":[0.9893,0.0107],"evs":[0.0,-7.78527]},"Q2o":{"weight":0.0,"played":[0.9954,0.0046],"evs":[0.0,-7.37978]},"K2o":{"weight":0.0,"played":[0.9984,0.0016],"evs":[0.0,-9.38291]},"A2o":{"weight":0.0,"played":[0.9988,0.0012],"evs":[0.0,-8.15995]},"32s":{"weight":0.0,"played":[1.0,0.0],"evs":[0.0,-10.25575]},"33":{"weight":0.9866,"played":[0.3495,0.6505],"evs":[0.0,-0.32542]},"43o":{"weight":0.0,"played":[0.999,0.001],"evs":[0.0,-6.78093]},"53o":{"weight":0.0,"played":[0.9504,0.0496],"evs":[0.0,-4.48984]},"63o":{"weight":0.0,"played":[0.9994,6.0E-4],"evs":[0.0,-7.13227]},"73o":{"weight":0.0,"played":[0.991,0.009],"evs":[0.0,-7.14757]},"83o":{"weight":0.0,"played":[0.9974,0.0026],"evs":[0.0,-9.15157]},"93o":{"weight":0.0,"played":[1.0,0.0],"evs":[0.0,-10.55382]},"T3o":{"weight":0.0,"played":[0.9918,0.0082],"evs":[0.0,-7.45658]},"J3o":{"weight":0.0,"played":[0.9996,4.0E-4],"evs":[0.0,-7.57107]},"Q3o":{"weight":0.0,"played":[0.9952,0.0048],"evs":[0.0,-5.73022]},"K3o":{"weight":0.0,"played":[0.9997,3.0E-4],"evs":[0.0,-10.67247]},"A3o":{"weight":0.0,"played":[0.9963,0.0037],"evs":[0.0,-8.32211]},"42s":{"weight":0.0,"played":[0.9666,0.0334],"evs":[0.0,-10.44365]},"43s":{"weight":0.0,"played":[0.9601,0.0399],"evs":[0.0,-1.32449]},"44":{"weight":0.9998,"played":[0.9742,0.0258],"evs":[0.0,-0.85909]},"54o":{"weight":0.0,"played":[0.9952,0.0048],"evs":[0.0,-6.51201]},"64o":{"weight":0.0,"played":[0.9634,0.0366],"evs":[0.0,-4.26497]},"74o":{"weight":0.0,"played":[0.9974,0.0026],"evs":[0.0,-8.53993]},"84o":{"weight":0.0,"played":[0.9954,0.0046],"evs":[0.0,-8.79898]},"94o":{"weight":0.0,"played":[0.9792,0.0208],"evs":[0.0,-7.65101]},"T4o":{"weight":0.0,"played":[0.9855,0.0145],"evs":[0.0,-4.33689]},"J4o":{"weight":0.0,"played":[0.9982,0.0018],"evs":[0.0,-7.85456]},"Q4o":{"weight":0.0,"played":[0.8902,0.1098],"evs":[0.0,-8.14959]},"K4o":{"weight":0.0,"played":[0.9987,0.0013],"evs":[0.0,-5.28162]},"A4o":{"weight":0.0,"played":[0.9897,0.0103],"evs":[0.0,-6.60775]},"52s":{"weight":0.0,"played":[0.9592,0.0408],"evs":[0.0,-8.62956]},"53s":{"weight":0.0,"played":[0.1702,0.8298],"evs":[0.0,0.64328]},"54s":{"weight":0.0,"played":[0.925,0.075],"evs":[0.0,-5.17904]},"55":{"weight":0.983,"played":[0.7613,0.2387],"evs":[0.0,-1.46902]},"65o":{"weight":0.0,"played":[0.9977,0.0023],"evs":[0.0,-3.63125]},"75o":{"weight":0.0,"played":[0.9009,0.0991],"evs":[0.0,-5.28813]},"85o":{"weight":0.0,"played":[0.9967,0.0033],"evs":[0.0,-9.81344]},"95o":{"weight":0.0,"played":[0.9572,0.0428],"evs":[0.0,-11.29681]},"T5o":{"weight":0.0,"played":[0.9992,8.0E-4],"evs":[0.0,-9.20534]},"J5o":{"weight":0.0,"played":[0.9916,0.0084],"evs":[0.0,-8.28189]},"Q5o":{"weight":0.0,"played":[0.9977,0.0023],"evs":[0.0,-8.30232]},"K5o":{"weight":0.0,"played":[0.9937,0.0063],"evs":[0.0,-8.32598]},"A5o":{"weight":0.0,"played":[0.8108,0.1892],"evs":[0.0,-3.69416]},"62s":{"weight":0.0,"played":[0.9474,0.0526],"evs":[0.0,-2.6438]},"63s":{"weight":0.0,"played":[0.4654,0.5346],"evs":[0.0,-1.00908]},"64s":{"weight":0.0,"played":[0.9748,0.0252],"evs":[0.0,-6.20778]},"65s":{"weight":0.0,"played":[0.9798,0.0202],"evs":[0.0,-3.06802]},"66":{"weight":0.9968,"played":[0.0121,0.9879],"evs":[0.0,2.24809]},"76o":{"weight":0.0,"played":[0.9033,0.0967],"evs":[0.0,-3.3377]},"86o":{"weight":0.0,"played":[0.9989,0.0011],"evs":[0.0,-7.82776]},"96o":{"weight":0.0,"played":[0.9931,0.0069],"evs":[0.0,-9.24128]},"T6o":{"weight":0.0,"played":[0.9998,2.0E-4],"evs":[0.0,-7.23161]},"J6o":{"weight":0.0,"played":[0.9999,1.0E-4],"evs":[0.0,-8.06558]},"Q6o":{"weight":0.0,"played":[0.9869,0.0131],"evs":[0.0,-8.49119]},"K6o":{"weight":0.0,"played":[0.9949,0.0051],"evs":[0.0,-6.87445]},"A6o":{"weight":0.0,"played":[0.9215,0.0785],"evs":[0.0,-8.12201]},"72s":{"weight":0.0,"played":[0.9935,0.0065],"evs":[0.0,-6.48877]},"73s":{"weight":0.0,"played":[0.6847,0.3153],"evs":[0.0,-1.83954]},"74s":{"weight":0.0,"played":[0.9391,0.0609],"evs":[0.0,-4.6959]},"75s":{"weight":0.0,"played":[0.5463,0.4537],"evs":[0.0,-7.46252]},"76s":{"weight":0.8317,"played":[0.667,0.333],"evs":[0.0,-1.69413]},"77":{"weight":0.9912,"played":[0.1457,0.8543],"evs":[0.0,0.9463]},"87o":{"weight":0.0,"played":[0.9975,0.0025],"evs":[0.0,-2.26226]},"97o":{"weight":0.0,"played":[0.9685,0.0315],"evs":[0.0,-6.36008]},"T7o":{"weight":0.0,"played":[0.948,0.052],"evs":[0.0,-5.53399]},"J7o":{"weight":0.0,"played":[0.9979,0.0021],"evs":[0.0,-5.92716]},"Q7o":{"weight":0.0,"played":[0.971,0.029],"evs":[0.0,-3.82722]},"K7o":{"weight":0.0,"played":[0.9611,0.0389],"evs":[0.0,-5.47892]},"A7o":{"weight":0.0,"played":[0.9924,0.0076],"evs":[0.0,-6.57638]},"82s":{"weight":0.0,"played":[0.9697,0.0303],"evs":[0.0,-4.04882]},"83s":{"weight":0.0,"played":[0.8269,0.1731],"evs":[0.0,-3.32264]},"84s":{"weight":0.0,"played":[0.4954,0.5046],"evs":[0.0,-2.02064]},"85s":{"weight":0.0,"played":[0.618,0.382],"evs":[0.0,-1.09904]},"86s":{"weight":0.0,"played":[0.4828,0.5172],"evs":[0.0,0.0588]},"87s":{"weight":0.7906,"played":[0.9714,0.0286],"evs":[0.0,-2.70786]},"88":{"weight":0.9935,"played":[7.0E-4,0.9993],"evs":[0.0,5.31289]},"98o":{"weight":0.0,"played":[0.9078,0.0922],"evs":[0.0,-8.21789]},"T8o":{"weight":0.0,"played":[0.9707,0.0293],"evs":[0.0,-6.35132]},"J8o":{"weight":0.0,"played":[0.962,0.038],"evs":[0.0,-7.11013]},"Q8o":{"weight":0.0,"played":[0.9389,0.0611],"evs":[0.0,-7.03021]},"K8o":{"weight":0.0,"played":[0.9985,0.0015],"evs":[0.0,-4.20932]},"A8o":{"weight":0.0,"played":[0.3353,0.6647],"evs":[0.0,-0.07593]},"92s":{"weight":0.0,"played":[0.6721,0.3279],"evs":[0.0,-1.68261]},"93s":{"weight":0.0,"played":[0.9125,0.0875],"evs":[0.0,-8.52504]},"94s":{"weight":0.0,"played":[0.9361,0.0639],"evs":[0.0,-9.87168]},"95s":{"weight":0.0,"played":[0.9424,0.0576],"evs":[0.0,-7.70977]},"96s":{"weight":0.0,"played":[0.0605,0.9395],"evs":[0.0,4.88541]},"97s":{"weight":0.0,"played":[0.714,0.286],"evs":[0.0,-7.7007]},"98s":{"weight":0.9997,"played":[0.5885,0.4115],"evs":[0.0,-1.79012]},"99":{"weight":0.5847,"played":[0.008,0.992],"evs":[0.0,5.03843]},"T9o":{"weight":0.0,"played":[0.5134,0.4866],"evs":[0.0,-0.48791]},"J9o":{"weight":0.0,"played":[0.9333,0.0667],"evs":[0.0,-3.45725]},"Q9o":{"weight":0.0,"played":[0.9899,0.0101],"evs":[0.0,-5.69344]},"K9o":{"weight":0.0,"played":[0.9823,0.0177],"evs":[0.0,-6.48772]},"A9o":{"weight":0.0,"played":[0.9691,0.0309],"evs":[0.0,-4.34906]},"T2s":{"weight":0.0,"played":[0.9986,0.0014],"evs":[0.0,-5.70718]},"T3s":{"weight":0.0,"played":[0.9554,0.0446],"evs":[0.0,-12.22681]},"T4s":{"weight":0.0,"played":[0.9527,0.0473],"evs":[0.0,-6.8996]},"T5s":{"weight":0.0,"played":[0.9546,0.0454],"evs":[0.0,-6.19264]},"T6s":{"weight":0.0,"played":[0.7218,0.2782],"evs":[0.0,-4.45576]},"T7s":{"weight":0.0,"played":[0.74,0.26],"evs":[0.0,-0.87929]},"T8s":{"weight":0.996,"played":[0.8956,0.1044],"evs":[0.0,-7.27277]},"T9s":{"weight":0.997,"played":[0.7486,0.2514],"evs":[0.0,0.04132]},"TT":{"weight":0.0148,"played":[8.0E-4,0.9992],"evs":[0.0,3.92005]},"JTo":{"weight":0.0,"played":[0.9976,0.0024],"evs":[0.0,-5.65723]},"QTo":{"weight":0.0,"played":[0.956,0.044],"evs":[0.0,-7.42304]},"KTo":{"weight":0.0,"played":[0.8692,0.1308],"evs":[0.0,-6.94977]},"ATo":{"weight":0.9773,"played":[0.7885,0.2115],"evs":[0.0,0.47128]},"J2s":{"weight":0.0,"played":[0.983,0.017],"evs":[0.0,-6.48479]},"J3s":{"weight":0.0,"played":[0.9831,0.0169],"evs":[0.0,-4.46176]},"J4s":{"weight":0.0,"played":[0.9887,0.0113],"evs":[0.0,-8.00078]},"J5s":{"weight":0.0,"played":[0.8092,0.1908],"evs":[0.0,-0.233]},"J6s":{"weight":0.0,"played":[0.9457,0.0543],"evs":[0.0,-6.04547]},"J7s":{"weight":0.0,"played":[0.9298,0.0702],"evs":[0.0,-2.89118]},"J8s":{"weight":0.0,"played":[0.0076,0.9924],"evs":[0.0,3.45821]},"J9s":{"weight":0.9998,"played":[0.1762,0.8238],"evs":[0.0,1.60031]},"JTs":{"weight":0.923,"played":[0.6582,0.3418],"evs":[0.0,-2.67651]},"JJ":{"weight":0.8665,"played":[0.0089,0.9911],"evs":[0.0,9.96518]},"QJo":{"weight":0.5343,"played":[0.9649,0.0351],"evs":[0.0,-4.8965]},"KJo":{"weight":0.9728,"played":[0.985,0.015],"evs":[0.0,-4.0881]},"AJo":{"weight":0.9731,"played":[0.979,0.021],"evs":[0.0,-3.85999]},"Q2s":{"weight":0.0,"played":[0.9675,0.0325],"evs":[0.0,-2.63287]},"Q3s":{"weight":0.0,"played":[0.4788,0.5212],"evs":[0.0,-5.89827]},"Q4s":{"weight":0.0,"played":[0.9747,0.0253],"evs":[0.0,-3.17382]},"Q5s":{"weight":0.0,"played":[0.9955,0.0045],"evs":[0.0,-11.3921]},"Q6s":{"weight":0.0,"played":[1.0,0.0],"evs":[0.0,-8.93814]},"Q7s":{"weight":0.0,"played":[0.3882,0.6118],"evs":[0.0,0.61505]},"Q8s":{"weight":0.0,"played":[0.5932,0.4068],"evs":[0.0,-3.47538]},"Q9s":{"weight":0.9598,"played":[0.1508,0.8492],"evs":[0.0,3.34808]},"QTs":{"weight":0.7635,"played":[0.7904,0.2096],"evs":[0.0,-3.69786]},"QJs":{"weight":0.0061,"played":[0.1034,0.8966],"evs":[0.0,7.68274]},"QQ":{"weight":0.888,"played":[0.0,1.0],"evs":[0.0,17.45448]},"KQo":{"weight":0.8698,"played":[0.7441,0.2559],"evs":[0.0,-0.99442]},"AQo":{"weight":0.9602,"played":[0.2089,0.7911],"evs":[0.0,1.92002]},"K2s":{"weight":0.0,"played":[0.9245,0.0755],"evs":[0.0,-3.13515]},"K3s":{"weight":0.0,"played":[0.4842,0.5158],"evs":[0.0,-1.32933]},"K4s":{"weight":0.0,"played":[0.9074,0.0926],"evs":[0.0,-3.07196]},"K5s":{"weight":0.0,"played":[0.8352,0.1648],"evs":[0.0,-4.45043]},"K6s":{"weight":0.0,"played":[0.9961,0.0039],"evs":[0.0,-9.03036]},"K7s":{"weight":0.0611,"played":[0.9466,0.0534],"evs":[0.0,-9.41261]},"K8s":{"weight":0.827,"played":[0.9489,0.0511],"evs":[0.0,-3.46359]},"K9s":{"weight":0.883,"played":[0.9091,0.0909],"evs":[0.0,-7.42558]},"KTs":{"weight":0.9233,"played":[0.8706,0.1294],"evs":[0.0,-2.59505]},"KJs":{"weight":0.5488,"played":[0.3462,0.6538],"evs":[0.0,2.51208]},"KQs":{"weight":1.0,"played":[0.4871,0.5129],"evs":[0.0,-0.50235]},"KK":{"weight":0.9494,"played":[0.0,1.0],"evs":[0.0,21.94338]},"AKo":{"weight":0.0,"played":[0.3125,0.6875],"evs":[0.0,0.94337]},"A2s":{"weight":0.0,"played":[0.5832,0.4168],"evs":[0.0,-2.67689]},"A3s":{"weight":0.9868,"played":[0.1886,0.8114],"evs":[0.0,1.93334]},"A4s":{"weight":0.9692,"played":[0.9196,0.0804],"evs":[0.0,-8.73219]},"A5s":{"weight":0.9787,"played":[0.5833,0.4167],"evs":[0.0,-2.76014]},"A6s":{"weight":0.9833,"played":[0.5625,0.4375],"evs":[0.0,-1.10695]},"A7s":{"weight":0.9724,"played":[0.7308,0.2692],"evs":[0.0,-3.95142]},"A8s":{"weight":0.9363,"played":[0.6658,0.3342],"evs":[0.0,-1.4273]},"A9s":{"weight":0.9999,"played":[0.5433,0.4567],"evs":[0.0,0.27646]},"ATs":{"weight":1.0,"played":[0.9869,0.0131],"evs":[0.0,-3.69306]},"AJs":{"weight":1.0,"played":[0.6979,0.3021],"evs":[0.0,-1.01108]},"AQs":{"weight":0.9999,"played":[0.7679,0.2321],"evs":[0.0,-0.30967]},"AKs":{"weight":0.6946,"played":[0.1932,0.8068],"evs":[0.0,9.06273]},"AA":{"weight":0.8991,"played":[0.0,1.0],"evs":[0.0,31.41108]}}}