{"player":2,"street":0,"children":2,"sequence":[{"player":0,"type":"R","amount":200000,"street":0},{"player":1,"type":"C","amount":200000,"street":0},{"player":2,"type":"C","amount":200000,"street":0},{"player":3,"type":"R","amount":985000,"street":0},{"player":4,"type":"F","amount":0,"street":0},{"player":5,"type":"R","amount":1985000,"street":0},{"player":0,"type":"C","amount":1785000,"street":0},{"player":1,"type":"R","amount":2785000,"street":0}],"actions":[{"type":"F","amount":0,"node":484},{"type":"C","amount":1685000,"node":485}],"hands":{"22":{"weight":0.0,"played":[0.994,0.006],"evs":[0.0,-5.4411]},"32o":{"weight":0.0,"played":[0.9989,0.0011],"evs":[0.0,-6.11874]},"42o":{"weight":0.0,"played":[0.9985,0.0015],"evs":[0.0,-5.97092]},"52o":{"weight":0.0,"played":[0.9959,0.0041],"evs":[0.0,-6.24855]},"62o":{"weight":0.0,"played":[1.0,0.0],"evs":[0.0,-4.93002]},"72o":{"weight":0.0,"played":[0.9983,0.0017],"evs":[0.0,-6.29369]},"82o":{"weight":0.0,"played":[1.0,0.0],"evs":[0.0,-5.55706]},"92o":{"weight":0.0,"played":[0.9997,3.0E-4],"evs":[0.0,-6.94884]},"T2o":{"weight":0.0,"played":[0.987,0.013],"evs":[0.0,-6.41273]},"J2o":{"weight":0.0,"played":[0.9998,2.0E-4],"evs":[0.0,-7.87231]},"Q2o":{"weight":0.0,"played":[0.9968,0.0032],"evs":[0.0,-5.94757]},"K2o":{"weight":0.0,"played":[0.9995,5.0E-4],"evs":[0.0,-7.72431]},"A2o":{"weight":0.0,"played":[1.0,0.0],"evs":[0.0,-6.79779]},"32s":{"weight":0.0,"played":[0.7828,0.2172],"evs":[0.0,0.19535]},"33":{"weight":0.0,"played":[0.6654,0.3346],"evs":[0.0,-0.44096]},"43o":{"weight":0.0,"played":[0.9993,7.0E-4],"evs":[0.0,-3.05956]},"53o":{"weight":0.0,"played":[0.9988,0.0012],"evs":[0.0,-4.67676]},"63o":{"weight":0.0,"played":[0.9995,5.0E-4],"evs":[0.0,-4.34714]},"73o":{"weight":0.0,"played":[0.9992,8.0E-4],"evs":[0.0,-6.56265]},"83o":{"weight":0.0,"played":[0.9991,9.0E-4],"evs":[0.0,-5.96393]},"93o":{"weight":0.0,"played":[0.9998,2.0E-4],"evs":[0.0,-8.07409]},"T3o":{"weight":0.0,"played":[0.9994,6.0E-4],"evs":[0.0,-5.97637]},"J3o":{"weight":0.0,"played":[0.9979,0.0021],"evs":[0.0,-6.02566]},"Q3o":{"weight":0.0,"played":[0.9985,0.0015],"evs":[0.0,-7.17991]},"K3o":{"weight":0.0,"played":[0.999,0.001],"evs":[0.0,-5.80483]},"A3o":{"weight":0.0,"played":[0.994,0.006],"evs":[0.0,-4.48598]},"42s":{"weight":0.0,"played":[0.6822,0.3178],"evs":[0.0,-2.73163]},"43s":{"weight":0.0,"played":[0.1704,0.8296],"evs":[0.0,2.83367]},"44":{"weight":0.6929,"played":[0.9559,0.0441],"evs":[0.0,-1.9018]},"54o":{"weight":0.0,"played":[0.6758,0.3242],"evs":[0.0,-0.73137]},"64o":{"weight":0.0,"played":[0.994,0.006],"evs":[0.0,-3.07976]},"74o":{"weight":0.0,"played":[0.9997,3.0E-4],"evs":[0.0,-5.89648]},"84o":{"weight":0.0,"played":[0.9995,5.0E-4],"evs":[0.0,-6.27374]},"94o":{"weight":0.0,"played":[0.9987,0.0013],"evs":[0.0,-8.14304]},"T4o":{"weight":0.0,"played":[0.9995,5.0E-4],"evs":[0.0,-5.446]},"J4o":{"weight":0.0,"played":[0.9954,0.0046],"evs":[0.0,-6.52116]},"Q4o":{"weight":0.0,"played":[0.9701,0.0299],"evs":[0.0,-7.07516]},"K4o":{"weight":0.0,"played":[0.9989,0.0011],"evs":[0.0,-4.31346]},"A4o":{"weight":0.0,"played":[0.9988,0.0012],"evs":[0.0,-4.29989]},"52s":{"weight":0.0,"played":[0.4135,0.5865],"evs":[0.0,-1.62128]},"53s":{"weight":0.0,"played":[0.9197,0.0803],"evs":[0.0,-4.50737]},"54s":{"weight":0.0,"played":[0.4849,0.5151],"evs":[0.0,3.12543]},"55":{"weight":0.9999,"played":[0.482,0.518],"evs":[0.0,-2.31186]},"65o":{"weight":0.0,"played":[0.9771,0.0229],"evs":[0.0,-1.72043]},"75o":{"weight":0.0,"played":[0.9953,0.0047],"evs":[0.0,-4.92607]},"85o":{"weight":0.0,"played":[0.9777,0.0223],"evs":[0.0,-6.63228]},"95o":{"weight":0.0,"played":[0.9966,0.0034],"evs":[0.0,-6.06829]},"T5o":{"weight":0.0,"played":[0.9994,6.0E-4],"evs":[0.0,-5.13018]},"J5o":{"weight":0.0,"played":[0.9997,3.0E-4],"evs":[0.0,-6.87082]},"Q5o":{"weight":0.0,"played":[0.9857,0.0143],"evs":[0.0,-7.38309]},"K5o":{"weight":0.0,"played":[0.9976,0.0024],"evs":[0.0,-7.28322]},"A5o":{"weight":0.0,"played":[0.9878,0.0122],"evs":[0.0,-6.87094]},"62s":{"weight":0.0,"played":[0.9981,0.0019],"evs":[0.0,-4.93905]},"63s":{"weight":0.0,"played":[0.9995,5.0E-4],"evs":[0.0,-2.84103]},"64s":{"weight":0.0,"played":[0.9583,0.0417],"evs":[0.0,-4.43921]},"65s":{"weight":0.0,"played":[0.4175,0.5825],"evs":[0.0,0.8672]},"66":{"weight":0.5633,"played":[0.6359,0.3641],"evs":[0.0,-2.52625]},"76o":{"weight":0.0,"played":[0.9984,0.0016],"evs":[0.0,-3.55566]},"86o":{"weight":0.0,"played":[0.9549,0.0451],"evs":[0.0,-5.6188]},"96o":{"weight":0.0,"played":[0.9989,0.0011],"evs":[0.0,-6.21912]},"T6o":{"weight":0.0,"played":[0.9994,6.0E-4],"evs":[0.0,-5.46712]},"J6o":{"weight":0.0,"played":[0.9991,9.0E-4],"evs":[0.0,-7.52375]},"Q6o":{"weight":0.0,"played":[0.999,0.001],"evs":[0.0,-3.43563]},"K6o":{"weight":0.0,"played":[0.9894,0.0106],"evs":[0.0,-6.06191]},"A6o":{"weight":0.0,"played":[0.9994,6.0E-4],"evs":[0.0,-4.78743]},"72s":{"weight":0.0,"played":[0.9982,0.0018],"evs":[0.0,-4.44505]},"73s":{"weight":0.0,"played":[0.9073,0.0927],"evs":[0.0,-4.97625]},"74s":{"weight":0.0,"played":[0.8476,0.1524],"evs":[0.0,-3.06958]},"75s":{"weight":0.0,"played":[0.3409,0.6591],"evs":[0.0,0.55152]},"76s":{"weight":0.0,"played":[0.603,0.397],"evs":[0.0,-1.5667]},"77":{"weight":8.0E-4,"played":[0.3194,0.6806],"evs":[0.0,-2.2797]},"87o":{"weight":0.0,"played":[0.9989,0.0011],"evs":[0.0,-4.26811]},"97o":{"weight":0.0,"played":[0.9721,0.0279],"evs":[0.0,-4.2636]},"T7o":{"weight":0.0,"played":[0.998,0.002],"evs":[0.0,-4.76099]},"J7o":{"weight":0.0,"played":[0.9701,0.0299],"evs":[0.0,-7.62906]},"Q7o":{"weight":0.0,"played":[0.9947,0.0053],"evs":[0.0,-7.3592]},"K7o":{"weight":0.0,"played":[0.9859,0.0141],"evs":[0.0,-5.31246]},"A7o":{"weight":0.0,"played":[0.9944,0.0056],"evs":[0.0,-5.02854]},"82s":{"weight":0.0,"played":[0.8985,0.1015],"evs":[0.0,-6.76965]},"83s":{"weight":0.0,"played":[0.9616,0.0384],"evs":[0.0,-5.77243]},"84s":{"weight":0.0,"played":[0.2063,0.7937],"evs":[0.0,0.75933]},"85s":{"weight":0.0,"played":[0.768,0.232],"evs":[0.0,-1.77921]},"86s":{"weight":0.0,"played":[0.6478,0.3522],"evs":[0.0,-1.37466]},"87s":{"weight":0.0,"played":[0.6623,0.3377],"evs":[0.0,-1.9497]},"88":{"weight":0.0,"played":[0.003,0.997],"evs":[0.0,3.65284]},"98o":{"weight":0.0,"played":[0.9554,0.0446],"evs":[0.0,-4.41848]},"T8o":{"weight":0.0,"played":[0.9908,0.0092],"evs":[0.0,-3.96726]},"J8o":{"weight":0.0,"played":[0.9989,0.0011],"evs":[0.0,-4.36144]},"Q8o":{"weight":0.0,"played":[0.9938,0.0062],"evs":[0.0,-5.03934]},"K8o":{"weight":0.0,"played":[0.9999,1.0E-4],"evs":[0.0,-7.39681]},"A8o":{"weight":0.0,"played":[0.9999,1.0E-4],"evs":[0.0,-6.71343]},"92s":{"weight":0.0,"played":[0.9995,5.0E-4],"evs":[0.0,-1.61117]},"93s":{"weight":0.0,"played":[0.4756,0.5244],"evs":[0.0,-2.07948]},"94s":{"weight":0.0,"played":[0.9973,0.0027],"evs":[0.0,-5.11812]},"95s":{"weight":0.0,"played":[0.3616,0.6384],"evs":[0.0,-0.69335]},"96s":{"weight":0.0,"played":[0.9658,0.0342],"evs":[0.0,-0.82449]},"97s":{"weight":0.0,"played":[0.8453,0.1547],"evs":[0.0,-0.46633]},"98s":{"weight":0.026,"played":[0.9445,0.0555],"evs":[0.0,-6.21571]},"99":{"weight":1.0E-4,"played":[0.1406,0.8594],"evs":[0.0,-0.02219]},"T9o":{"weight":0.0,"played":[0.9998,2.0E-4],"evs":[0.0,-6.18279]},"J9o":{"weight":0.0,"played":[0.9969,0.0031],"evs":[0.0,-3.24633]},"Q9o":{"weight":0.0,"played":[0.9973,0.0027],"evs":[0.0,-3.7022]},"K9o":{"weight":0.0,"played":[0.9899,0.0101],"evs":[0.0,-6.6187]},"A9o":{"weight":0.0,"played":[0.9646,0.0354],"evs":[0.0,-2.52403]},"T2s":{"weight":0.0,"played":[0.9421,0.0579],"evs":[0.0,-2.16561]},"T3s":{"weight":0.0,"played":[0.9623,0.0377],"evs":[0.0,-4.17077]},"T4s":{"weight":0.0,"played":[0.9429,0.0571],"evs":[0.0,-2.85334]},"T5s":{"weight":0.0,"played":[0.9909,0.0091],"evs":[0.0,-2.95765]},"T6s":{"weight":0.0,"played":[0.982,0.018],"evs":[0.0,-4.11227]},"T7s":{"weight":0.0,"played":[0.5719,0.4281],"evs":[0.0,-4.33891]},"T8s":{"weight":0.0,"played":[0.8794,0.1206],"evs":[0.0,-2.14383]},"T9s":{"weight":0.0061,"played":[0.7207,0.2793],"evs":[0.0,-2.02814]},"TT":{"weight":0.0,"played":[0.0079,0.9921],"evs":[0.0,1.79385]},"JTo":{"weight":0.0,"played":[0.9944,0.0056],"evs":[0.0,-5.02524]},"QTo":{"weight":0.0,"played":[0.9874,0.0126],"evs":[0.0,-2.67901]},"KTo":{"weight":0.0,"played":[0.9972,0.0028],"evs":[0.0,-4.22876]},"ATo":{"weight":0.002,"played":[0.97,0.03],"evs":[0.0,-6.34343]},"J2s":{"weight":0.0,"played":[0.9898,0.0102],"evs":[0.0,-4.39546]},"J3s":{"weight":0.0,"played":[0.7453,0.2547],"evs":[0.0,-1.8403]},"J4s":{"weight":0.0,"played":[0.629,0.371],"evs":[0.0,-4.32581]},"J5s":{"weight":0.0,"played":[0.7121,0.2879],"evs":[0.0,-0.9029]},"J6s":{"weight":0.0,"played":[0.9172,0.0828],"evs":[0.0,-0.51716]},"J7s":{"weight":0.0,"played":[0.8062,0.1938],"evs":[0.0,-3.26237]},"J8s":{"weight":0.0,"played":[0.7648,0.2352],"evs":[0.0,-3.77426]},"J9s":{"weight":0.0,"played":[0.9987,0.0013],"evs":[0.0,-2.0523]},"JTs":{"weight":0.2824,"played":[0.9141,0.0859],"evs":[0.0,-3.53371]},"JJ":{"weight":0.0,"played":[0.0101,0.9899],"evs":[0.0,5.31529]},"QJo":{"weight":0.0,"played":[0.8795,0.1205],"evs":[0.0,-1.70277]},"KJo":{"weight":0.0,"played":[0.9843,0.0157],"evs":[0.0,-2.46417]},"AJo":{"weight":0.0921,"played":[0.9403,0.0597],"evs":[0.0,-2.38355]},"Q2s":{"weight":0.0,"played":[0.9968,0.0032],"evs":[0.0,-7.85823]},"Q3s":{"weight":0.0,"played":[0.7019,0.2981],"evs":[0.0,-4.80865]},"Q4s":{"weight":0.0,"played":[0.6653,0.3347],"evs":[0.0,-0.42699]},"Q5s":{"weight":0.0,"played":[0.9759,0.0241],"evs":[0.0,-5.13071]},"Q6s":{"weight":0.0,"played":[0.8033,0.1967],"evs":[0.0,-2.34564]},"Q7s":{"weight":0.0,"played":[0.969,0.031],"evs":[0.0,-3.55171]},"Q8s":{"weight":0.0,"played":[0.9102,0.0898],"evs":[0.0,-3.32687]},"Q9s":{"weight":0.0,"played":[0.9183,0.0817],"evs":[0.0,-3.0581]},"QTs":{"weight":0.7681,"played":[0.469,0.531],"evs":[0.0,-0.28895]},"QJs":{"weight":0.8544,"played":[0.9835,0.0165],"evs":[0.0,-2.74612]},"QQ":{"weight":1.0E-4,"played":[0.0019,0.9981],"evs":[0.0,7.753]},"KQo":{"weight":0.9047,"played":[0.9365,0.0635],"evs":[0.0,-2.15126]},"AQo":{"weight":0.0,"played":[0.9327,0.0673],"evs":[0.0,-1.97458]},"K2s":{"weight":0.0,"played":[1.0,0.0],"evs":[0.0,-2.92209]},"K3s":{"weight":0.0,"played":[0.9641,0.0359],"evs":[0.0,-2.18811]},"K4s":{"weight":0.0,"played":[0.9075,0.0925],"evs":[0.0,-5.3329]},"K5s":{"weight":0.0,"played":[0.8901,0.1099],"evs":[0.0,-4.21736]},"K6s":{"weight":6.0E-4,"played":[0.6825,0.3175],"evs":[0.0,-3.11963]},"K7s":{"weight":0.0,"played":[0.8536,0.1464],"evs":[0.0,-5.99092]},"K8s":{"weight":0.0,"played":[0.9186,0.0814],"evs":[0.0,-3.72017]},"K9s":{"weight":0.0148,"played":[0.6428,0.3572],"evs":[0.0,-4.03823]},"KTs":{"weight":0.0391,"played":[0.4731,0.5269],"evs":[0.0,-0.18798]},"KJs":{"weight":0.2269,"played":[0.2539,0.7461],"evs":[0.0,-0.63273]},"KQs":{"weight":0.0202,"played":[0.4063,0.5937],"evs":[0.0,1.57482]},"KK":{"weight":2.0E-4,"played":[1.0E-4,0.9999],"evs":[0.0,12.73177]},"AKo":{"weight":0.0,"played":[0.0155,0.9845],"evs":[0.0,1.33323]},"A2s":{"weight":0.0,"played":[0.982,0.018],"evs":[0.0,-1.69062]},"A3s":{"weight":0.0,"played":[0.9852,0.0148],"evs":[0.0,-2.96849]},"A4s":{"weight":0.0,"played":[0.7847,0.2153],"evs":[0.0,0.97687]},"A5s":{"weight":0.0296,"played":[0.3268,0.6732],"evs":[0.0,0.47435]},"A6s":{"weight":1.0E-4,"played":[0.9869,0.0131],"evs":[0.0,-4.02784]},"A7s":{"weight":0.0,"played":[0.6094,0.3906],"evs":[0.0,-6.56569]},"A8s":{"weight":0.5515,"played":[0.8484,0.1516],"evs":[0.0,-3.97796]},"A9s":{"weight":0.9685,"played":[0.9435,0.0565],"evs":[0.0,-3.34912]},"ATs":{"weight":0.9981,"played":[0.4156,0.5844],"evs":[0.0,3.96178]},"AJs":{"weight":0.4284,"played":[0.9154,0.0846],"evs":[0.0,-1.58133]},"AQs":{"weight":1.0E-4,"played":[0.2149,0.7851],"evs":[0.0,3.95855]},"AKs":{"weight":0.0,"played":[0.1285,0.8715],"evs":[0.0,6.34135]},"AA":{"weight":0.3659,"played":[2.0E-4,0.9998],"evs":[0.0,21.81661]}}}