{"player":1,"street":0,"children":2,"sequence":[{"player":0,"type":"R","amount":200000,"street":0},{"player":1,"type":"C","amount":200000,"street":0},{"player":2,"type":"C","amount":200000,"street":0},{"player":3,"type":"R","amount":985000,"street":0},{"player":4,"type":"F","amount":0,"street":0},{"player":5,"type":"R","amount":1985000,"street":0},{"player":0,"type":"R","amount":2885000,"street":0}],"actions":[{"type":"F","amount":0,"node":487},{"type":"C","amount":2585000,"node":488}],"hands":{"22":{"weight":0.3192,"played":[0.3367,0.6633],"evs":[0.0,-0.38672]},"32o":{"weight":0.0,"played":[0.9999,1.0E-4],"evs":[0.0,-8.684]},"42o":{"weight":0.0,"played":[0.9998,2.0E-4],"evs":[0.0,-6.89567]},"52o":{"weight":0.0,"played":[0.9983,0.0017],"evs":[0.0,-7.93521]},"62o":{"weight":0.0,"played":[1.0,0.0],"evs":[0.0,-6.69149]},"72o":{"weight":0.0,"played":[0.9998,2.0E-4],"evs":[0.0,-8.68928]},"82o":{"weight":0.0,"played":[0.9997,3.0E-4],"evs":[0.0,-8.17344]},"92o":{"weight":0.0,"played":[0.9989,0.0011],"evs":[0.0,-8.67206]},"T2o":{"weight":0.0,"played":[0.9739,0.0261],"evs":[0.0,-7.32946]},"J2o":{"weight":0.0,"played":[0.9996,4.0E-4],"evs":[0.0,-10.32227]},"Q2o":{"weight":0.0,"played":[1.0,0.0],"evs":[0.0,-9.46142]},"K2o":{"weight":0.0,"played":[0.9995,5.0E-4],"evs":[0.0,-7.14928]},"A2o":{"weight":0.0,"played":[0.991,0.009],"evs":[0.0,-6.96404]},"32s":{"weight":0.0,"played":[0.7939,0.2061],"evs":[0.0,-2.13565]},"33":{"weight":0.9866,"played":[0.9584,0.0416],"evs":[0.0,-2.68852]},"43o":{"weight":0.0,"played":[0.9999,1.0E-4],"evs":[0.0,-9.11086]},"53o":{"weight":0.0,"played":[0.9974,0.0026],"evs":[0.0,-6.47693]},"63o":{"weight":0.0,"played":[0.9969,0.0031],"evs":[0.0,-5.03313]},"73o":{"weight":0.0,"played":[0.9957,0.0043],"evs":[0.0,-7.44695]},"83o":{"weight":0.0,"played":[0.9999,1.0E-4],"evs":[0.0,-7.47493]},"93o":{"weight":0.0,"played":[0.9997,3.0E-4],"evs":[0.0,-7.35047]},"T3o":{"weight":0.0,"played":[0.9934,0.0066],"evs":[0.0,-7.50183]},"J3o":{"weight":0.0,"played":[1.0,0.0],"evs":[0.0,-9.85565]},"Q3o":{"weight":0.0,"played":[0.9998,2.0E-4],"evs":[0.0,-11.65283]},"K3o":{"weight":0.0,"played":[0.9993,7.0E-4],"evs":[0.0,-6.93542]},"A3o":{"weight":0.0,"played":[0.9704,0.0296],"evs":[0.0,-6.79487]},"42s":{"weight":0.0,"played":[0.3599,0.6401],"evs":[0.0,0.28395]},"43s":{"weight":0.0,"played":[0.2775,0.7225],"evs":[0.0,0.08358]},"44":{"weight":0.9998,"played":[0.4413,0.5587],"evs":[0.0,-1.01487]},"54o":{"weight":0.0,"played":[0.9907,0.0093],"evs":[0.0,-4.5894]},"64o":{"weight":0.0,"played":[0.9993,7.0E-4],"evs":[0.0,-6.98497]},"74o":{"weight":0.0,"played":[0.9979,0.0021],"evs":[0.0,-7.78043]},"84o":{"weight":0.0,"played":[0.9983,0.0017],"evs":[0.0,-5.4442]},"94o":{"weight":0.0,"played":[0.9583,0.0417],"evs":[0.0,-8.25518]},"T4o":{"weight":0.0,"played":[0.9999,1.0E-4],"evs":[0.0,-8.17368]},"J4o":{"weight":0.0,"played":[1.0,0.0],"evs":[0.0,-9.03416]},"Q4o":{"weight":0.0,"played":[0.9983,0.0017],"evs":[0.0,-10.69928]},"K4o":{"weight":0.0,"played":[0.99,0.01],"evs":[0.0,-5.64902]},"A4o":{"weight":0.0,"played":[0.9715,0.0285],"evs":[0.0,-5.08364]},"52s":{"weight":0.0,"played":[0.9901,0.0099],"evs":[0.0,-6.36965]},"53s":{"weight":0.0,"played":[0.6128,0.3872],"evs":[0.0,-0.73502]},"54s":{"weight":0.0,"played":[0.7713,0.2287],"evs":[0.0,-6.15239]},"55":{"weight":0.983,"played":[0.8002,0.1998],"evs":[0.0,-1.00648]},"65o":{"weight":0.0,"played":[0.9986,0.0014],"evs":[0.0,-4.94791]},"75o":{"weight":0.0,"played":[0.9954,0.0046],"evs":[0.0,-3.56827]},"85o":{"weight":0.0,"played":[0.9988,0.0012],"evs":[0.0,-6.15618]},"95o":{"weight":0.0,"played":[0.985,0.015],"evs":[0.0,-6.7809]},"T5o":{"weight":0.0,"played":[0.9999,1.0E-4],"evs":[0.0,-6.9472]},"J5o":{"weight":0.0,"played":[0.9949,0.0051],"evs":[0.0,-9.01437]},"Q5o":{"weight":0.0,"played":[0.9939,0.0061],"evs":[0.0,-9.9176]},"K5o":{"weight":0.0,"played":[0.9568,0.0432],"evs":[0.0,-7.83844]},"A5o":{"weight":0.0,"played":[0.9923,0.0077],"evs":[0.0,-4.22298]},"62s":{"weight":0.0,"played":[0.8968,0.1032],"evs":[0.0,-7.66484]},"63s":{"weight":0.0,"played":[0.9766,0.0234],"evs":[0.0,-8.35133]},"64s":{"weight":0.0,"played":[0.9477,0.0523],"evs":[0.0,-3.33518]},"65s":{"weight":0.0,"played":[0.8381,0.1619],"evs":[0.0,-6.37918]},"66":{"weight":0.9968,"played":[0.6709,0.3291],"evs":[0.0,-1.15674]},"76o":{"weight":0.0,"played":[0.9902,0.0098],"evs":[0.0,-6.11432]},"86o":{"weight":0.0,"played":[0.9989,0.0011],"evs":[0.0,-5.1692]},"96o":{"weight":0.0,"played":[0.9965,0.0035],"evs":[0.0,-9.60859]},"T6o":{"weight":0.0,"played":[0.9914,0.0086],"evs":[0.0,-8.45919]},"J6o":{"weight":0.0,"played":[0.9958,0.0042],"evs":[0.0,-5.41471]},"Q6o":{"weight":0.0,"played":[0.9862,0.0138],"evs":[0.0,-9.53292]},"K6o":{"weight":0.0,"played":[0.9983,0.0017],"evs":[0.0,-7.08284]},"A6o":{"weight":0.0,"played":[0.9993,7.0E-4],"evs":[0.0,-9.29177]},"72s":{"weight":0.0,"played":[0.997,0.003],"evs":[0.0,-8.77911]},"73s":{"weight":0.0,"played":[0.5988,0.4012],"evs":[0.0,-1.57094]},"74s":{"weight":0.0,"played":[0.9633,0.0367],"evs":[0.0,-5.28177]},"75s":{"weight":0.0,"played":[0.7623,0.2377],"evs":[0.0,-4.66516]},"76s":{"weight":0.8317,"played":[0.9998,2.0E-4],"evs":[0.0,-5.6992]},"77":{"weight":0.9912,"played":[0.0477,0.9523],"evs":[0.0,0.82925]},"87o":{"weight":0.0,"played":[0.9866,0.0134],"evs":[0.0,-3.87358]},"97o":{"weight":0.0,"played":[0.9949,0.0051],"evs":[0.0,-4.53079]},"T7o":{"weight":0.0,"played":[0.9956,0.0044],"evs":[0.0,-7.19914]},"J7o":{"weight":0.0,"played":[0.9998,2.0E-4],"evs":[0.0,-6.7211]},"Q7o":{"weight":0.0,"played":[0.99,0.01],"evs":[0.0,-7.81847]},"K7o":{"weight":0.0,"played":[0.9224,0.0776],"evs":[0.0,-6.68632]},"A7o":{"weight":0.0,"played":[0.7824,0.2176],"evs":[0.0,-4.98489]},"82s":{"weight":0.0,"played":[0.9882,0.0118],"evs":[0.0,-7.52167]},"83s":{"weight":0.0,"played":[0.558,0.442],"evs":[0.0,-1.56967]},"84s":{"weight":0.0,"played":[0.9839,0.0161],"evs":[0.0,-2.40725]},"85s":{"weight":0.0,"played":[0.9868,0.0132],"evs":[0.0,-3.05762]},"86s":{"weight":0.0,"played":[0.9863,0.0137],"evs":[0.0,-0.52721]},"87s":{"weight":0.7906,"played":[0.4977,0.5023],"evs":[0.0,-1.58457]},"88":{"weight":0.9935,"played":[2.0E-4,0.9998],"evs":[0.0,3.91331]},"98o":{"weight":0.0,"played":[0.9787,0.0213],"evs":[0.0,-5.45761]},"T8o":{"weight":0.0,"played":[0.9953,0.0047],"evs":[0.0,-2.2208]},"J8o":{"weight":0.0,"played":[0.9945,0.0055],"evs":[0.0,-7.43467]},"Q8o":{"weight":0.0,"played":[0.9749,0.0251],"evs":[0.0,-2.57617]},"K8o":{"weight":0.0,"played":[0.996,0.004],"evs":[0.0,-1.03789]},"A8o":{"weight":0.0,"played":[0.9329,0.0671],"evs":[0.0,-4.00008]},"92s":{"weight":0.0,"played":[0.9999,1.0E-4],"evs":[0.0,-10.491]},"93s":{"weight":0.0,"played":[0.999,0.001],"evs":[0.0,-9.60239]},"94s":{"weight":0.0,"played":[0.9878,0.0122],"evs":[0.0,-4.25641]},"95s":{"weight":0.0,"played":[0.9052,0.0948],"evs":[0.0,-8.03304]},"96s":{"weight":0.0,"played":[0.3652,0.6348],"evs":[0.0,-0.96669]},"97s":{"weight":0.0,"played":[0.015,0.985],"evs":[0.0,-0.58419]},"98s":{"weight":0.9997,"played":[0.7943,0.2057],"evs":[0.0,-1.26975]},"99":{"weight":0.5847,"played":[0.009,0.991],"evs":[0.0,4.54751]},"T9o":{"weight":0.0,"played":[0.7619,0.2381],"evs":[0.0,-3.37479]},"J9o":{"weight":0.0,"played":[0.9635,0.0365],"evs":[0.0,-3.57672]},"Q9o":{"weight":0.0,"played":[0.9573,0.0427],"evs":[0.0,-5.99539]},"K9o":{"weight":0.0,"played":[0.9527,0.0473],"evs":[0.0,-0.54339]},"A9o":{"weight":0.0,"played":[0.9759,0.0241],"evs":[0.0,0.19459]},"T2s":{"weight":0.0,"played":[0.9851,0.0149],"evs":[0.0,-4.16161]},"T3s":{"weight":0.0,"played":[1.0,0.0],"evs":[0.0,-7.55087]},"T4s":{"weight":0.0,"played":[0.9798,0.0202],"evs":[0.0,-4.32044]},"T5s":{"weight":0.0,"played":[0.9965,0.0035],"evs":[0.0,-2.20014]},"T6s":{"weight":0.0,"played":[0.9998,2.0E-4],"evs":[0.0,-2.85657]},"T7s":{"weight":0.0,"played":[0.9615,0.0385],"evs":[0.0,-1.57876]},"T8s":{"weight":0.996,"played":[0.4996,0.5004],"evs":[0.0,-0.00459]},"T9s":{"weight":0.997,"played":[0.1933,0.8067],"evs":[0.0,1.96867]},"TT":{"weight":0.0148,"played":[0.0016,0.9984],"evs":[0.0,7.69359]},"JTo":{"weight":0.0,"played":[0.8821,0.1179],"evs":[0.0,-4.22627]},"QTo":{"weight":0.0,"played":[0.9865,0.0135],"evs":[0.0,-3.57364]},"KTo":{"weight":0.0,"played":[0.9163,0.0837],"evs":[0.0,-3.62605]},"ATo":{"weight":0.9773,"played":[0.9199,0.0801],"evs":[0.0,-2.66077]},"J2s":{"weight":0.0,"played":[0.8965,0.1035],"evs":[0.0,-4.96331]},"J3s":{"weight":0.0,"played":[1.0,0.0],"evs":[0.0,-7.38339]},"J4s":{"weight":0.0,"played":[0.376,0.624],"evs":[0.0,-1.89526]},"J5s":{"weight":0.0,"played":[0.9936,0.0064],"evs":[0.0,-3.06969]},"J6s":{"weight":0.0,"played":[0.9441,0.0559],"evs":[0.0,-5.05499]},"J7s":{"weight":0.0,"played":[0.9758,0.0242],"evs":[0.0,-7.78716]},"J8s":{"weight":0.0,"played":[0.8646,0.1354],"evs":[0.0,-0.89265]},"J9s":{"weight":0.9998,"played":[0.5537,0.4463],"evs":[0.0,2.16185]},"JTs":{"weight":0.923,"played":[0.8863,0.1137],"evs":[0.0,-2.59984]},"JJ":{"weight":0.8665,"played":[0.0018,0.9982],"evs":[0.0,10.63986]},"QJo":{"weight":0.5343,"played":[0.655,0.345],"evs":[0.0,-2.01148]},"KJo":{"weight":0.9728,"played":[0.9161,0.0839],"evs":[0.0,-0.81252]},"AJo":{"weight":0.9731,"played":[0.5231,0.4769],"evs":[0.0,-0.73875]},"Q2s":{"weight":0.0,"played":[0.9629,0.0371],"evs":[0.0,-4.25003]},"Q3s":{"weight":0.0,"played":[0.9802,0.0198],"evs":[0.0,-7.25561]},"Q4s":{"weight":0.0,"played":[0.9837,0.0163],"evs":[0.0,-7.82479]},"Q5s":{"weight":0.0,"played":[0.6016,0.3984],"evs":[0.0,-3.04589]},"Q6s":{"weight":0.0,"played":[0.9949,0.0051],"evs":[0.0,-6.36407]},"Q7s":{"weight":0.0,"played":[0.5832,0.4168],"evs":[0.0,0.56871]},"Q8s":{"weight":0.0,"played":[0.9338,0.0662],"evs":[0.0,-5.03703]},"Q9s":{"weight":0.9598,"played":[0.8468,0.1532],"evs":[0.0,-3.51796]},"QTs":{"weight":0.7635,"played":[0.9875,0.0125],"evs":[0.0,-4.06329]},"QJs":{"weight":0.0061,"played":[0.9277,0.0723],"evs":[0.0,-3.94833]},"QQ":{"weight":0.888,"played":[0.0015,0.9985],"evs":[0.0,13.4394]},"KQo":{"weight":0.8698,"played":[0.9793,0.0207],"evs":[0.0,-2.96847]},"AQo":{"weight":0.9602,"played":[0.8374,0.1626],"evs":[0.0,0.17253]},"K2s":{"weight":0.0,"played":[0.8971,0.1029],"evs":[0.0,-8.0012]},"K3s":{"weight":0.0,"played":[0.2147,0.7853],"evs":[0.0,0.37467]},"K4s":{"weight":0.0,"played":[0.8821,0.1179],"evs":[0.0,-7.09166]},"K5s":{"weight":0.0,"played":[0.598,0.402],"evs":[0.0,-7.08158]},"K6s":{"weight":0.0,"played":[0.9687,0.0313],"evs":[0.0,-2.88199]},"K7s":{"weight":0.0611,"played":[0.99,0.01],"evs":[0.0,-1.55962]},"K8s":{"weight":0.827,"played":[0.9806,0.0194],"evs":[0.0,-2.36848]},"K9s":{"weight":0.883,"played":[0.9376,0.0624],"evs":[0.0,-5.6698]},"KTs":{"weight":0.9233,"played":[0.6209,0.3791],"evs":[0.0,1.1387]},"KJs":{"weight":0.5488,"played":[0.4185,0.5815],"evs":[0.0,-1.28923]},"KQs":{"weight":1.0,"played":[0.0033,0.9967],"evs":[0.0,2.30859]},"KK":{"weight":0.9494,"played":[0.0012,0.9988],"evs":[0.0,22.51246]},"AKo":{"weight":0.0,"played":[0.0593,0.9407],"evs":[0.0,6.72685]},"A2s":{"weight":0.0,"played":[0.9489,0.0511],"evs":[0.0,-7.44871]},"A3s":{"weight":0.9868,"played":[0.7128,0.2872],"evs":[0.0,-1.09582]},"A4s":{"weight":0.9692,"played":[0.5278,0.4722],"evs":[0.0,-0.78217]},"A5s":{"weight":0.9787,"played":[0.9286,0.0714],"evs":[0.0,-6.18992]},"A6s":{"weight":0.9833,"played":[0.9993,7.0E-4],"evs":[0.0,-9.04217]},"A7s":{"weight":0.9724,"played":[0.9226,0.0774],"evs":[0.0,-2.40441]},"A8s":{"weight":0.9363,"played":[0.6621,0.3379],"evs":[0.0,-2.97355]},"A9s":{"weight":0.9999,"played":[0.6366,0.3634],"evs":[0.0,-2.59538]},"ATs":{"weight":1.0,"played":[0.8117,0.1883],"evs":[0.0,-2.09218]},"AJs":{"weight":1.0,"played":[0.2837,0.7163],"evs":[0.0,3.42941]},"AQs":{"weight":0.9999,"played":[0.0,1.0],"evs":[0.0,3.00244]},"AKs":{"weight":0.6946,"played":[0.011,0.989],"evs":[0.0,8.88988]},"AA":{"weight":0.8991,"played":[2.0E-4,0.9998],"evs":[0.0,37.68487]}}}