{"player":1,"street":0,"children":2,"sequence":[{"player":0,"type":"R","amount":200000,"street":0},{"player":1,"type":"C","amount":200000,"street":0},{"player":2,"type":"C","amount":200000,"street":0},{"player":3,"type":"R","amount":985000,"street":0},{"player":4,"type":"R","amount":1085000,"street":0},{"player":5,"type":"F","amount":0,"street":0},{"player":0,"type":"C","amount":885000,"street":0}],"actions":[{"type":"F","amount":0,"node":497},{"type":"R","amount":2785000,"node":499}],"hands":{"22":{"weight":0.3192,"played":[0.9772,0.0228],"evs":[0.0,-3.54893]},"32o":{"weight":0.0,"played":[0.9996,4.0E-4],"evs":[0.0,-6.45865]},"42o":{"weight":0.0,"played":[0.9428,0.0572],"evs":[0.0,-3.68373]},"52o":{"weight":0.0,"played":[0.9958,0.0042],"evs":[0.0,-7.3897]},"62o":{"weight":0.0,"played":[0.9637,0.0363],"evs":[0.0,-8.40485]},"72o":{"weight":0.0,"played":[0.9973,0.0027],"evs":[0.0,-5.72322]},"82o":{"weight":0.0,"played":[0.9916,0.0084],"evs":[0.0,-6.98595]},"92o":{"weight":0.0,"played":[0.9987,0.0013],"evs":[0.0,-9.21055]},"T2o":{"weight":0.0,"played":[0.9987,0.0013],"evs":[0.0,-2.97936]},"J2o":{"weight":0.0,"played":[0.995,0.005],"evs":[0.0,-7.71599]},"Q2o":{"weight":0.0,"played":[0.9967,0.0033],"evs":[0.0,-7.66531]},"K2o":{"weight":0.0,"played":[1.0,0.0],"evs":[0.0,-5.87657]},"A2o":{"weight":0.0,"played":[0.9351,0.0649],"evs":[0.0,-3.52048]},"32s":{"weight":0.0,"played":[0.9706,0.0294],"evs":[0.0,-4.10354]},"33":{"weight":0.9866,"played":[0.9732,0.0268],"evs":[0.0,-0.36463]},"43o":{"weight":0.0,"played":[0.9925,0.0075],"evs":[0.0,-5.24953]},"53o":{"weight":0.0,"played":[0.9899,0.0101],"evs":[0.0,-5.01212]},"63o":{"weight":0.0,"played":[0.9813,0.0187],"evs":[0.0,-5.54574]},"73o":{"weight":0.0,"played":[1.0,0.0],"evs":[0.0,-6.70714]},"83o":{"weight":0.0,"played":[0.9993,7.0E-4],"evs":[0.0,-8.96089]},"93o":{"weight":0.0,"played":[1.0,0.0],"evs":[0.0,-7.61134]},"T3o":{"weight":0.0,"played":[0.9991,9.0E-4],"evs":[0.0,-7.5257]},"J3o":{"weight":0.0,"played":[0.9991,9.0E-4],"evs":[0.0,-8.05777]},"Q3o":{"weight":0.0,"played":[0.9998,2.0E-4],"evs":[0.0,-5.21665]},"K3o":{"weight":0.0,"played":[0.9934,0.0066],"evs":[0.0,-8.13367]},"A3o":{"weight":0.0,"played":[0.99,0.01],"evs":[0.0,-3.72058]},"42s":{"weight":0.0,"played":[0.6912,0.3088],"evs":[0.0,-2.32549]},"43s":{"weight":0.0,"played":[0.9105,0.0895],"evs":[0.0,-2.59825]},"44":{"weight":0.9998,"played":[0.7841,0.2159],"evs":[0.0,-3.0508]},"54o":{"weight":0.0,"played":[0.9744,0.0256],"evs":[0.0,-2.17555]},"64o":{"weight":0.0,"played":[0.9719,0.0281],"evs":[0.0,-7.08473]},"74o":{"weight":0.0,"played":[0.9838,0.0162],"evs":[0.0,-6.98458]},"84o":{"weight":0.0,"played":[0.9987,0.0013],"evs":[0.0,-5.71951]},"94o":{"weight":0.0,"played":[0.9754,0.0246],"evs":[0.0,-4.5899]},"T4o":{"weight":0.0,"played":[0.9405,0.0595],"evs":[0.0,-6.78839]},"J4o":{"weight":0.0,"played":[1.0,0.0],"evs":[0.0,-7.72045]},"Q4o":{"weight":0.0,"played":[0.9983,0.0017],"evs":[0.0,-6.39528]},"K4o":{"weight":0.0,"played":[0.8814,0.1186],"evs":[0.0,-5.99174]},"A4o":{"weight":0.0,"played":[0.9646,0.0354],"evs":[0.0,-6.8129]},"52s":{"weight":0.0,"played":[0.9928,0.0072],"evs":[0.0,-6.58094]},"53s":{"weight":0.0,"played":[0.9858,0.0142],"evs":[0.0,-2.95486]},"54s":{"weight":0.0,"played":[0.2245,0.7755],"evs":[0.0,-4.1088]},"55":{"weight":0.983,"played":[0.0889,0.9111],"evs":[0.0,0.89837]},"65o":{"weight":0.0,"played":[0.9979,0.0021],"evs":[0.0,-7.48839]},"75o":{"weight":0.0,"played":[0.9994,6.0E-4],"evs":[0.0,-4.52954]},"85o":{"weight":0.0,"played":[0.9915,0.0085],"evs":[0.0,-10.12446]},"95o":{"weight":0.0,"played":[0.995,0.005],"evs":[0.0,-5.41799]},"T5o":{"weight":0.0,"played":[0.997,0.003],"evs":[0.0,-5.58653]},"J5o":{"weight":0.0,"played":[0.9801,0.0199],"evs":[0.0,-5.49402]},"Q5o":{"weight":0.0,"played":[0.9996,4.0E-4],"evs":[0.0,-7.73142]},"K5o":{"weight":0.0,"played":[0.9953,0.0047],"evs":[0.0,-3.93855]},"A5o":{"weight":0.0,"played":[0.9884,0.0116],"evs":[0.0,-3.66932]},"62s":{"weight":0.0,"played":[0.9804,0.0196],"evs":[0.0,-8.43081]},"63s":{"weight":0.0,"played":[0.3972,0.6028],"evs":[0.0,1.96779]},"64s":{"weight":0.0,"played":[0.7904,0.2096],"evs":[0.0,-3.53022]},"65s":{"weight":0.0,"played":[0.7689,0.2311],"evs":[0.0,-6.06706]},"66":{"weight":0.9968,"played":[0.0726,0.9274],"evs":[0.0,2.36962]},"76o":{"weight":0.0,"played":[0.9954,0.0046],"evs":[0.0,-6.3525]},"86o":{"weight":0.0,"played":[0.9962,0.0038],"evs":[0.0,-4.58115]},"96o":{"weight":0.0,"played":[0.9967,0.0033],"evs":[0.0,-4.95842]},"T6o":{"weight":0.0,"played":[0.9933,0.0067],"evs":[0.0,-5.90379]},"J6o":{"weight":0.0,"played":[0.9616,0.0384],"evs":[0.0,-4.77855]},"Q6o":{"weight":0.0,"played":[0.9875,0.0125],"evs":[0.0,-4.4488]},"K6o":{"weight":0.0,"played":[0.9945,0.0055],"evs":[0.0,-10.26724]},"A6o":{"weight":0.0,"played":[0.9976,0.0024],"evs":[0.0,-2.35592]},"72s":{"weight":0.0,"played":[0.9713,0.0287],"evs":[0.0,-5.34271]},"73s":{"weight":0.0,"played":[0.9612,0.0388],"evs":[0.0,-4.4305]},"74s":{"weight":0.0,"played":[0.9818,0.0182],"evs":[0.0,-5.90115]},"75s":{"weight":0.0,"played":[0.9675,0.0325],"evs":[0.0,-3.64823]},"76s":{"weight":0.8317,"played":[0.8045,0.1955],"evs":[0.0,2.167]},"77":{"weight":0.9912,"played":[0.0407,0.9593],"evs":[0.0,4.13016]},"87o":{"weight":0.0,"played":[0.9085,0.0915],"evs":[0.0,-0.26037]},"97o":{"weight":0.0,"played":[0.9763,0.0237],"evs":[0.0,-4.81656]},"T7o":{"weight":0.0,"played":[0.8791,0.1209],"evs":[0.0,-1.73202]},"J7o":{"weight":0.0,"played":[0.9327,0.0673],"evs":[0.0,-7.27439]},"Q7o":{"weight":0.0,"played":[0.9808,0.0192],"evs":[0.0,-6.5901]},"K7o":{"weight":0.0,"played":[0.9972,0.0028],"evs":[0.0,-4.32032]},"A7o":{"weight":0.0,"played":[0.9353,0.0647],"evs":[0.0,-4.67545]},"82s":{"weight":0.0,"played":[0.3285,0.6715],"evs":[0.0,-1.61122]},"83s":{"weight":0.0,"played":[0.9993,7.0E-4],"evs":[0.0,-7.10598]},"84s":{"weight":0.0,"played":[0.836,0.164],"evs":[0.0,-0.89168]},"85s":{"weight":0.0,"played":[0.346,0.654],"evs":[0.0,0.22965]},"86s":{"weight":0.0,"played":[0.7488,0.2512],"evs":[0.0,-5.45345]},"87s":{"weight":0.7906,"played":[0.6394,0.3606],"evs":[0.0,0.63548]},"88":{"weight":0.9935,"played":[0.2286,0.7714],"evs":[0.0,4.44569]},"98o":{"weight":0.0,"played":[0.7783,0.2217],"evs":[0.0,-3.10743]},"T8o":{"weight":0.0,"played":[0.9854,0.0146],"evs":[0.0,-2.91697]},"J8o":{"weight":0.0,"played":[0.8858,0.1142],"evs":[0.0,-2.20862]},"Q8o":{"weight":0.0,"played":[0.9367,0.0633],"evs":[0.0,-5.15244]},"K8o":{"weight":0.0,"played":[0.7934,0.2066],"evs":[0.0,-4.28588]},"A8o":{"weight":0.0,"played":[0.7265,0.2735],"evs":[0.0,-2.13236]},"92s":{"weight":0.0,"played":[0.996,0.004],"evs":[0.0,-8.41278]},"93s":{"weight":0.0,"played":[0.9203,0.0797],"evs":[0.0,-3.48367]},"94s":{"weight":0.0,"played":[0.9948,0.0052],"evs":[0.0,-8.07726]},"95s":{"weight":0.0,"played":[0.9779,0.0221],"evs":[0.0,-2.56556]},"96s":{"weight":0.0,"played":[0.993,0.007],"evs":[0.0,-5.89111]},"97s":{"weight":0.0,"played":[0.7428,0.2572],"evs":[0.0,-2.17633]},"98s":{"weight":0.9997,"played":[0.8919,0.1081],"evs":[0.0,-2.68929]},"99":{"weight":0.5847,"played":[0.0037,0.9963],"evs":[0.0,7.36443]},"T9o":{"weight":0.0,"played":[0.8707,0.1293],"evs":[0.0,-1.73508]},"J9o":{"weight":0.0,"played":[0.9394,0.0606],"evs":[0.0,-3.87075]},"Q9o":{"weight":0.0,"played":[0.8537,0.1463],"evs":[0.0,-4.42623]},"K9o":{"weight":0.0,"played":[0.9962,0.0038],"evs":[0.0,-2.22894]},"A9o":{"weight":0.0,"played":[0.2475,0.7525],"evs":[0.0,0.65715]},"T2s":{"weight":0.0,"played":[0.8409,0.1591],"evs":[0.0,-3.51543]},"T3s":{"weight":0.0,"played":[0.8738,0.1262],"evs":[0.0,-1.20859]},"T4s":{"weight":0.0,"played":[0.9921,0.0079],"evs":[0.0,-3.46696]},"T5s":{"weight":0.0,"played":[0.9304,0.0696],"evs":[0.0,-6.18226]},"T6s":{"weight":0.0,"played":[0.893,0.107],"evs":[0.0,0.79079]},"T7s":{"weight":0.0,"played":[0.933,0.067],"evs":[0.0,-2.89017]},"T8s":{"weight":0.996,"played":[0.1079,0.8921],"evs":[0.0,8.20081]},"T9s":{"weight":0.997,"played":[0.8483,0.1517],"evs":[0.0,-0.03798]},"TT":{"weight":0.0148,"played":[0.0026,0.9974],"evs":[0.0,8.69315]},"JTo":{"weight":0.0,"played":[0.8038,0.1962],"evs":[0.0,-1.36215]},"QTo":{"weight":0.0,"played":[0.9883,0.0117],"evs":[0.0,-5.33134]},"KTo":{"weight":0.0,"played":[0.9805,0.0195],"evs":[0.0,-2.41857]},"ATo":{"weight":0.9773,"played":[0.1597,0.8403],"evs":[0.0,0.63801]},"J2s":{"weight":0.0,"played":[0.7916,0.2084],"evs":[0.0,-4.25314]},"J3s":{"weight":0.0,"played":[0.9501,0.0499],"evs":[0.0,-6.84919]},"J4s":{"weight":0.0,"played":[0.736,0.264],"evs":[0.0,0.78373]},"J5s":{"weight":0.0,"played":[0.9991,9.0E-4],"evs":[0.0,-4.25813]},"J6s":{"weight":0.0,"played":[0.8173,0.1827],"evs":[0.0,2.95821]},"J7s":{"weight":0.0,"played":[0.6413,0.3587],"evs":[0.0,-4.56623]},"J8s":{"weight":0.0,"played":[0.6052,0.3948],"evs":[0.0,4.93368]},"J9s":{"weight":0.9998,"played":[0.7786,0.2214],"evs":[0.0,1.78765]},"JTs":{"weight":0.923,"played":[0.4941,0.5059],"evs":[0.0,2.53917]},"JJ":{"weight":0.8665,"played":[0.0027,0.9973],"evs":[0.0,10.65596]},"QJo":{"weight":0.5343,"played":[0.8864,0.1136],"evs":[0.0,-1.21934]},"KJo":{"weight":0.9728,"played":[0.5387,0.4613],"evs":[0.0,-1.19911]},"AJo":{"weight":0.9731,"played":[0.0827,0.9173],"evs":[0.0,2.1566]},"Q2s":{"weight":0.0,"played":[0.9436,0.0564],"evs":[0.0,-11.01369]},"Q3s":{"weight":0.0,"played":[0.9924,0.0076],"evs":[0.0,-9.67365]},"Q4s":{"weight":0.0,"played":[0.9015,0.0985],"evs":[0.0,-6.90869]},"Q5s":{"weight":0.0,"played":[0.929,0.071],"evs":[0.0,-11.19402]},"Q6s":{"weight":0.0,"played":[1.0,0.0],"evs":[0.0,-3.17187]},"Q7s":{"weight":0.0,"played":[0.4803,0.5197],"evs":[0.0,4.34393]},"Q8s":{"weight":0.0,"played":[0.5402,0.4598],"evs":[0.0,0.49425]},"Q9s":{"weight":0.9598,"played":[0.556,0.444],"evs":[0.0,1.28408]},"QTs":{"weight":0.7635,"played":[0.0052,0.9948],"evs":[0.0,6.39583]},"QJs":{"weight":0.0061,"played":[0.1508,0.8492],"evs":[0.0,8.19921]},"QQ":{"weight":0.888,"played":[3.0E-4,0.9997],"evs":[0.0,13.66312]},"KQo":{"weight":0.8698,"played":[0.7041,0.2959],"evs":[0.0,-2.76428]},"AQo":{"weight":0.9602,"played":[0.9246,0.0754],"evs":[0.0,-0.6648]},"K2s":{"weight":0.0,"played":[0.8971,0.1029],"evs":[0.0,-3.42825]},"K3s":{"weight":0.0,"played":[0.4749,0.5251],"evs":[0.0,0.39449]},"K4s":{"weight":0.0,"played":[0.8019,0.1981],"evs":[0.0,-4.02943]},"K5s":{"weight":0.0,"played":[0.2385,0.7615],"evs":[0.0,2.721]},"K6s":{"weight":0.0,"played":[0.9464,0.0536],"evs":[0.0,-1.70218]},"K7s":{"weight":0.0611,"played":[0.279,0.721],"evs":[0.0,2.10339]},"K8s":{"weight":0.827,"played":[0.0342,0.9658],"evs":[0.0,1.44081]},"K9s":{"weight":0.883,"played":[0.9886,0.0114],"evs":[0.0,-1.70437]},"KTs":{"weight":0.9233,"played":[0.382,0.618],"evs":[0.0,4.15739]},"KJs":{"weight":0.5488,"played":[0.2993,0.7007],"evs":[0.0,0.62599]},"KQs":{"weight":1.0,"played":[0.8789,0.1211],"evs":[0.0,-1.58804]},"KK":{"weight":0.9494,"played":[0.0,1.0],"evs":[0.0,21.82453]},"AKo":{"weight":0.0,"played":[0.2513,0.7487],"evs":[0.0,6.41222]},"A2s":{"weight":0.0,"played":[0.9568,0.0432],"evs":[0.0,-4.11126]},"A3s":{"weight":0.9868,"played":[0.6696,0.3304],"evs":[0.0,-2.52485]},"A4s":{"weight":0.9692,"played":[0.3416,0.6584],"evs":[0.0,-0.13398]},"A5s":{"weight":0.9787,"played":[0.5123,0.4877],"evs":[0.0,4.29266]},"A6s":{"weight":0.9833,"played":[0.8431,0.1569],"evs":[0.0,1.42768]},"A7s":{"weight":0.9724,"played":[0.8496,0.1504],"evs":[0.0,-0.35981]},"A8s":{"weight":0.9363,"played":[0.5712,0.4288],"evs":[0.0,0.0553]},"A9s":{"weight":0.9999,"played":[0.2159,0.7841],"evs":[0.0,10.6389]},"ATs":{"weight":1.0,"played":[0.0475,0.9525],"evs":[0.0,6.19099]},"AJs":{"weight":1.0,"played":[0.3891,0.6109],"evs":[0.0,2.73999]},"AQs":{"weight":0.9999,"played":[0.1499,0.8501],"evs":[0.0,6.54223]},"AKs":{"weight":0.6946,"played":[0.0014,0.9986],"evs":[0.0,10.0873]},"AA":{"weight":0.8991,"played":[1.0E-4,0.9999],"evs":[0.0,31.3648]}}}