{"player":5,"street":0,"children":3,"sequence":[{"player":0,"type":"F","amount":0,"street":0},{"player":1,"type":"F","amount":0,"street":0},{"player":2,"type":"F","amount":0,"street":0},{"player":3,"type":"F","amount":0,"street":0},{"player":4,"type":"C","amount":50000,"street":0}],"actions":[{"type":"F","amount":0},{"type":"X","amount":0},{"type":"R","amount":1085000,"node":6}],"hands":{"22":{"weight":1.0,"played":[0.0,0.0865,0.9135],"evs":[0.0,1.22984,1.24654]},"32o":{"weight":1.0,"played":[0.0,1.0,0.0],"evs":[0.0,0.63907,0.55194]},"42o":{"weight":1.0,"played":[0.0,1.0,0.0],"evs":[0.0,0.64869,0.49835]},"52o":{"weight":1.0,"played":[0.0,0.9997,3.0E-4],"evs":[0.0,0.6958,0.63347]},"62o":{"weight":1.0,"played":[0.0,0.9998,2.0E-4],"evs":[0.0,0.61504,0.537]},"72o":{"weight":1.0,"played":[0.0,0.9989,0.0011],"evs":[0.0,0.5898,0.50843]},"82o":{"weight":1.0,"played":[0.0,0.9683,0.0317],"evs":[0.0,0.62123,0.59174]},"92o":{"weight":1.0,"played":[0.0,0.9785,0.0215],"evs":[0.0,0.65298,0.6287]},"T2o":{"weight":1.0,"played":[0.0,0.1762,0.8238],"evs":[0.0,0.78065,0.80754]},"J2o":{"weight":1.0,"played":[0.0,0.0014,0.9986],"evs":[0.0,0.90249,0.96577]},"Q2o":{"weight":1.0,"played":[0.0,0.0,1.0],"evs":[0.0,1.36391,1.66788]},"K2o":{"weight":1.0,"played":[0.0,0.0,1.0],"evs":[0.0,1.67919,1.86362]},"A2o":{"weight":1.0,"played":[0.0,0.0,1.0],"evs":[0.0,1.94378,2.15033]},"32s":{"weight":1.0,"played":[0.0,0.9998,2.0E-4],"evs":[0.0,0.94573,0.79724]},"33":{"weight":1.0,"played":[0.0,0.8393,0.1607],"evs":[0.0,1.28799,1.27413]},"43o":{"weight":1.0,"played":[0.0,0.9996,4.0E-4],"evs":[0.0,0.71034,0.61908]},"53o":{"weight":1.0,"played":[0.0,0.9972,0.0028],"evs":[0.0,0.77966,0.72915]},"63o":{"weight":1.0,"played":[0.0,0.9888,0.0112],"evs":[0.0,0.69048,0.6365]},"73o":{"weight":1.0,"played":[0.0,0.8686,0.1314],"evs":[0.0,0.67199,0.66236]},"83o":{"weight":1.0,"played":[0.0,0.9998,2.0E-4],"evs":[0.0,0.64952,0.58667]},"93o":{"weight":1.0,"played":[0.0,0.5516,0.4484],"evs":[0.0,0.67191,0.67543]},"T3o":{"weight":1.0,"played":[0.0,0.0701,0.9299],"evs":[0.0,0.79865,0.82697]},"J3o":{"weight":1.0,"played":[0.0,0.0014,0.9986],"evs":[0.0,0.9461,0.99813]},"Q3o":{"weight":1.0,"played":[0.0,0.0,1.0],"evs":[0.0,1.33619,1.66425]},"K3o":{"weight":1.0,"played":[0.0,0.0,1.0],"evs":[0.0,1.67201,1.85029]},"A3o":{"weight":1.0,"played":[0.0,0.0,1.0],"evs":[0.0,1.98965,2.18409]},"42s":{"weight":1.0,"played":[0.0,0.9999,1.0E-4],"evs":[0.0,0.93076,0.78499]},"43s":{"weight":1.0,"played":[0.0,0.9998,2.0E-4],"evs":[0.0,1.02065,0.8691]},"44":{"weight":1.0,"played":[0.0,0.5049,0.4951],"evs":[0.0,1.31364,1.32663]},"54o":{"weight":1.0,"played":[0.0,0.8169,0.1831],"evs":[0.0,0.82688,0.82103]},"64o":{"weight":1.0,"played":[0.0,0.99,0.01],"evs":[0.0,0.76926,0.74613]},"74o":{"weight":1.0,"played":[0.0,0.9819,0.0181],"evs":[0.0,0.71295,0.67138]},"84o":{"weight":1.0,"played":[0.0,0.7196,0.2804],"evs":[0.0,0.68426,0.66886]},"94o":{"weight":1.0,"played":[0.0,0.9302,0.0698],"evs":[0.0,0.65301,0.62403]},"T4o":{"weight":1.0,"played":[0.0,0.059,0.941],"evs":[0.0,0.77776,0.82372]},"J4o":{"weight":1.0,"played":[0.0,0.0016,0.9984],"evs":[0.0,0.92438,0.99354]},"Q4o":{"weight":1.0,"played":[0.0,0.0,1.0],"evs":[0.0,1.37517,1.70266]},"K4o":{"weight":1.0,"played":[0.0,0.0,1.0],"evs":[0.0,1.73625,1.86733]},"A4o":{"weight":1.0,"played":[0.0,0.0,1.0],"evs":[0.0,2.02442,2.16461]},"52s":{"weight":1.0,"played":[0.0,0.9987,0.0013],"evs":[0.0,1.00893,0.91282]},"53s":{"weight":1.0,"played":[0.0,0.9988,0.0012],"evs":[0.0,1.1167,1.01077]},"54s":{"weight":1.0,"played":[0.0,0.8815,0.1185],"evs":[0.0,1.1308,1.10979]},"55":{"weight":1.0,"played":[0.0,0.0,1.0],"evs":[0.0,1.45315,1.50196]},"65o":{"weight":1.0,"played":[0.0,0.3335,0.6665],"evs":[0.0,0.87701,0.88913]},"75o":{"weight":1.0,"played":[0.0,0.8722,0.1278],"evs":[0.0,0.85365,0.83785]},"85o":{"weight":1.0,"played":[0.0,0.0588,0.9412],"evs":[0.0,0.79307,0.80485]},"95o":{"weight":1.0,"played":[0.0,0.0488,0.9512],"evs":[0.0,0.77873,0.78317]},"T5o":{"weight":1.0,"played":[0.0,0.2979,0.7021],"evs":[0.0,0.8389,0.86282]},"J5o":{"weight":1.0,"played":[0.0,0.2379,0.7621],"evs":[0.0,1.01138,1.02959]},"Q5o":{"weight":1.0,"played":[0.0,1.0E-4,0.9999],"evs":[0.0,1.45728,1.72152]},"K5o":{"weight":1.0,"played":[0.0,0.0,1.0],"evs":[0.0,1.80004,1.95121]},"A5o":{"weight":1.0,"played":[0.0,0.0,1.0],"evs":[0.0,2.09545,2.23718]},"62s":{"weight":1.0,"played":[0.0,0.9997,3.0E-4],"evs":[0.0,0.9495,0.86613]},"63s":{"weight":1.0,"played":[0.0,0.9994,6.0E-4],"evs":[0.0,1.07512,0.96582]},"64s":{"weight":1.0,"played":[0.0,0.9626,0.0374],"evs":[0.0,1.1079,1.01141]},"65s":{"weight":1.0,"played":[0.0,0.2598,0.7402],"evs":[0.0,1.21906,1.22106]},"66":{"weight":1.0,"played":[0.0,0.0,1.0],"evs":[0.0,1.65346,1.96265]},"76o":{"weight":1.0,"played":[0.0,0.003,0.997],"evs":[0.0,0.97687,0.99722]},"86o":{"weight":1.0,"played":[0.0,0.6084,0.3916],"evs":[0.0,0.93457,0.92392]},"96o":{"weight":1.0,"played":[0.0,0.5308,0.4692],"evs":[0.0,0.91121,0.89159]},"T6o":{"weight":1.0,"played":[0.0,0.9447,0.0553],"evs":[0.0,0.98225,0.95198]},"J6o":{"weight":1.0,"played":[0.0,0.6701,0.3299],"evs":[0.0,1.12254,1.12173]},"Q6o":{"weight":1.0,"played":[0.0,3.0E-4,0.9997],"evs":[0.0,1.54393,1.89925]},"K6o":{"weight":1.0,"played":[0.0,0.0,1.0],"evs":[0.0,1.86112,2.06437]},"A6o":{"weight":1.0,"played":[0.0,0.0,1.0],"evs":[0.0,2.10699,2.30521]},"72s":{"weight":1.0,"played":[0.0,0.9906,0.0094],"evs":[0.0,0.90738,0.831]},"73s":{"weight":1.0,"played":[0.0,0.8835,0.1165],"evs":[0.0,1.01854,0.94337]},"74s":{"weight":1.0,"played":[0.0,0.9764,0.0236],"evs":[0.0,1.00279,0.9265]},"75s":{"weight":1.0,"played":[0.0,0.8395,0.1605],"evs":[0.0,1.17186,1.14582]},"76s":{"weight":1.0,"played":[0.0,0.1353,0.8647],"evs":[0.0,1.27634,1.2723]},"77":{"weight":1.0,"played":[0.0,0.0,1.0],"evs":[0.0,1.89312,2.28232]},"87o":{"weight":1.0,"played":[0.0,0.0355,0.9645],"evs":[0.0,1.09085,1.10055]},"97o":{"weight":1.0,"played":[0.0,0.568,0.432],"evs":[0.0,1.09051,1.05795]},"T7o":{"weight":1.0,"played":[0.0,0.0091,0.9909],"evs":[0.0,1.14531,1.19499]},"J7o":{"weight":1.0,"played":[0.0,6.0E-4,0.9994],"evs":[0.0,1.31485,1.41875]},"Q7o":{"weight":1.0,"played":[0.0,0.0,1.0],"evs":[0.0,1.62437,1.95871]},"K7o":{"weight":1.0,"played":[0.0,0.0,1.0],"evs":[0.0,1.90205,2.16462]},"A7o":{"weight":1.0,"played":[0.0,0.0,1.0],"evs":[0.0,2.16802,2.42044]},"82s":{"weight":1.0,"played":[0.0,0.9999,1.0E-4],"evs":[0.0,0.97065,0.94883]},"83s":{"weight":1.0,"played":[0.0,0.9997,3.0E-4],"evs":[0.0,0.96324,0.91726]},"84s":{"weight":1.0,"played":[0.0,0.9858,0.0142],"evs":[0.0,1.00464,0.96633]},"85s":{"weight":1.0,"played":[0.0,0.7819,0.2181],"evs":[0.0,1.11701,1.11679]},"86s":{"weight":1.0,"played":[0.0,0.8731,0.1269],"evs":[0.0,1.24498,1.22553]},"87s":{"weight":1.0,"played":[0.0,0.7112,0.2888],"evs":[0.0,1.39242,1.39356]},"88":{"weight":1.0,"played":[0.0,0.0,1.0],"evs":[0.0,2.07037,2.39742]},"98o":{"weight":1.0,"played":[0.0,0.9998,2.0E-4],"evs":[0.0,1.26577,1.23759]},"T8o":{"weight":1.0,"played":[0.0,0.2155,0.7845],"evs":[0.0,1.37602,1.40554]},"J8o":{"weight":1.0,"played":[0.0,0.1949,0.8051],"evs":[0.0,1.55819,1.59912]},"Q8o":{"weight":1.0,"played":[0.0,1.0E-4,0.9999],"evs":[0.0,1.81952,2.07944]},"K8o":{"weight":1.0,"played":[0.0,0.0,1.0],"evs":[0.0,1.90537,2.15997]},"A8o":{"weight":1.0,"played":[0.0,0.0,1.0],"evs":[0.0,2.20538,2.43325]},"92s":{"weight":1.0,"played":[0.0,0.9605,0.0395],"evs":[0.0,0.98593,0.93301]},"93s":{"weight":1.0,"played":[0.0,0.9982,0.0018],"evs":[0.0,1.02336,0.96708]},"94s":{"weight":1.0,"played":[0.0,0.9925,0.0075],"evs":[0.0,0.99193,0.92809]},"95s":{"weight":1.0,"played":[0.0,0.9992,8.0E-4],"evs":[0.0,1.13382,1.05449]},"96s":{"weight":1.0,"played":[0.0,0.957,0.043],"evs":[0.0,1.27488,1.22981]},"97s":{"weight":1.0,"played":[0.0,0.9841,0.0159],"evs":[0.0,1.43684,1.39291]},"98s":{"weight":1.0,"played":[0.0,0.9993,7.0E-4],"evs":[0.0,1.55208,1.46166]},"99":{"weight":1.0,"played":[0.0,3.0E-4,0.9997],"evs":[0.0,2.36467,2.55921]},"T9o":{"weight":1.0,"played":[0.0,0.7555,0.2445],"evs":[0.0,1.54444,1.5469]},"J9o":{"weight":1.0,"played":[0.0,0.1349,0.8651],"evs":[0.0,1.73653,1.73768]},"Q9o":{"weight":1.0,"played":[0.0,0.0,1.0],"evs":[0.0,2.00245,2.18676]},"K9o":{"weight":1.0,"played":[0.0,0.0,1.0],"evs":[0.0,2.05977,2.2967]},"A9o":{"weight":1.0,"played":[0.0,0.0,1.0],"evs":[0.0,2.21556,2.47375]},"T2s":{"weight":1.0,"played":[0.0,0.9811,0.0189],"evs":[0.0,1.13445,1.07238]},"T3s":{"weight":1.0,"played":[0.0,0.8615,0.1385],"evs":[0.0,1.11181,1.06058]},"T4s":{"weight":1.0,"played":[0.0,0.8531,0.1469],"evs":[0.0,1.15042,1.09946]},"T5s":{"weight":1.0,"played":[0.0,0.8906,0.1094],"evs":[0.0,1.17695,1.15651]},"T6s":{"weight":1.0,"played":[0.0,0.9911,0.0089],"evs":[0.0,1.3275,1.23778]},"T7s":{"weight":1.0,"played":[0.0,0.996,0.004],"evs":[0.0,1.53522,1.4894]},"T8s":{"weight":1.0,"played":[0.0,0.9991,9.0E-4],"evs":[0.0,1.68588,1.67983]},"T9s":{"weight":1.0,"played":[0.0,0.9828,0.0172],"evs":[0.0,1.92027,1.79813]},"TT":{"weight":1.0,"played":[0.0,0.9753,0.0247],"evs":[0.0,2.7295,2.71991]},"JTo":{"weight":1.0,"played":[0.0,0.7056,0.2944],"evs":[0.0,1.99966,2.00087]},"QTo":{"weight":1.0,"played":[0.0,0.0047,0.9953],"evs":[0.0,2.26931,2.36229]},"KTo":{"weight":1.0,"played":[0.0,2.0E-4,0.9998],"evs":[0.0,2.26292,2.41987]},"ATo":{"weight":1.0,"played":[0.0,1.0E-4,0.9999],"evs":[0.0,2.43741,2.59593]},"J2s":{"weight":1.0,"played":[0.0,0.935,0.065],"evs":[0.0,1.33155,1.29894]},"J3s":{"weight":1.0,"played":[0.0,0.2954,0.7046],"evs":[0.0,1.30332,1.30807]},"J4s":{"weight":1.0,"played":[0.0,0.9788,0.0212],"evs":[0.0,1.31128,1.27015]},"J5s":{"weight":1.0,"played":[0.0,0.9949,0.0051],"evs":[0.0,1.40579,1.33519]},"J6s":{"weight":1.0,"played":[0.0,0.9993,7.0E-4],"evs":[0.0,1.50154,1.43259]},"J7s":{"weight":1.0,"played":[0.0,0.6358,0.3642],"evs":[0.0,1.66027,1.64713]},"J8s":{"weight":1.0,"played":[0.0,0.9984,0.0016],"evs":[0.0,1.96429,1.86524]},"J9s":{"weight":1.0,"played":[0.0,0.9436,0.0564],"evs":[0.0,2.05983,2.00438]},"JTs":{"weight":1.0,"played":[0.0,0.9986,0.0014],"evs":[0.0,2.32759,2.20877]},"JJ":{"weight":1.0,"played":[0.0,1.0,0.0],"evs":[0.0,3.32442,3.04485]},"QJo":{"weight":1.0,"played":[0.0,0.6748,0.3252],"evs":[0.0,2.43649,2.42728]},"KJo":{"weight":1.0,"played":[0.0,0.0229,0.9771],"evs":[0.0,2.43611,2.49038]},"AJo":{"weight":1.0,"played":[0.0,0.0012,0.9988],"evs":[0.0,2.61582,2.70323]},"Q2s":{"weight":1.0,"played":[0.0,0.0,1.0],"evs":[0.0,1.72338,1.89207]},"Q3s":{"weight":1.0,"played":[0.0,4.0E-4,0.9996],"evs":[0.0,1.73372,1.92698]},"Q4s":{"weight":1.0,"played":[0.0,0.0037,0.9963],"evs":[0.0,1.81554,1.97782]},"Q5s":{"weight":1.0,"played":[0.0,0.0022,0.9978],"evs":[0.0,1.8491,1.94755]},"Q6s":{"weight":1.0,"played":[0.0,0.0,1.0],"evs":[0.0,1.9343,2.09433]},"Q7s":{"weight":1.0,"played":[0.0,3.0E-4,0.9997],"evs":[0.0,1.99112,2.17716]},"Q8s":{"weight":1.0,"played":[0.0,0.0,1.0],"evs":[0.0,2.23265,2.32881]},"Q9s":{"weight":1.0,"played":[0.0,0.0288,0.9712],"evs":[0.0,2.35707,2.38353]},"QTs":{"weight":1.0,"played":[0.0,0.764,0.236],"evs":[0.0,2.58265,2.57457]},"QJs":{"weight":1.0,"played":[0.0,1.0,0.0],"evs":[0.0,2.74353,2.60985]},"QQ":{"weight":1.0,"played":[0.0,1.0,0.0],"evs":[0.0,4.43624,3.9606]},"KQo":{"weight":1.0,"played":[0.0,0.0,1.0],"evs":[0.0,2.57327,2.67557]},"AQo":{"weight":1.0,"played":[0.0,1.0E-4,0.9999],"evs":[0.0,2.68378,2.83017]},"K2s":{"weight":1.0,"played":[0.0,0.0858,0.9142],"evs":[0.0,2.06982,2.11115]},"K3s":{"weight":1.0,"played":[0.0,0.3923,0.6077],"evs":[0.0,2.10863,2.11612]},"K4s":{"weight":1.0,"played":[0.0,0.8524,0.1476],"evs":[0.0,2.17973,2.1533]},"K5s":{"weight":1.0,"played":[0.0,0.3495,0.6505],"evs":[0.0,2.20134,2.19332]},"K6s":{"weight":1.0,"played":[0.0,0.021,0.979],"evs":[0.0,2.2272,2.28578]},"K7s":{"weight":1.0,"played":[0.0,0.0,1.0],"evs":[0.0,2.3125,2.37925]},"K8s":{"weight":1.0,"played":[0.0,4.0E-4,0.9996],"evs":[0.0,2.30546,2.39639]},"K9s":{"weight":1.0,"played":[0.0,0.0992,0.9008],"evs":[0.0,2.42804,2.4508]},"KTs":{"weight":1.0,"played":[0.0,0.8837,0.1163],"evs":[0.0,2.6744,2.65296]},"KJs":{"weight":1.0,"played":[0.0,0.9906,0.0094],"evs":[0.0,2.76309,2.66409]},"KQs":{"weight":1.0,"played":[0.0,0.9942,0.0058],"evs":[0.0,2.91269,2.87361]},"KK":{"weight":1.0,"played":[0.0,1.0,0.0],"evs":[0.0,5.09153,4.60673]},"AKo":{"weight":1.0,"played":[0.0,0.002,0.998],"evs":[0.0,2.84665,2.97129]},"A2s":{"weight":1.0,"played":[0.0,0.0871,0.9129],"evs":[0.0,2.38505,2.429]},"A3s":{"weight":1.0,"played":[0.0,0.0338,0.9662],"evs":[0.0,2.3688,2.3964]},"A4s":{"weight":1.0,"played":[0.0,0.438,0.562],"evs":[0.0,2.45877,2.46066]},"A5s":{"weight":1.0,"played":[0.0,0.9115,0.0885],"evs":[0.0,2.50091,2.48013]},"A6s":{"weight":1.0,"played":[0.0,0.0,1.0],"evs":[0.0,2.46853,2.54777]},"A7s":{"weight":1.0,"played":[0.0,0.0013,0.9987],"evs":[0.0,2.5556,2.63263]},"A8s":{"weight":1.0,"played":[0.0,0.0,1.0],"evs":[0.0,2.60066,2.66882]},"A9s":{"weight":1.0,"played":[0.0,0.0,1.0],"evs":[0.0,2.59807,2.69328]},"ATs":{"weight":1.0,"played":[0.0,0.0088,0.9912],"evs":[0.0,2.75895,2.79544]},"AJs":{"weight":1.0,"played":[0.0,0.9996,4.0E-4],"evs":[0.0,2.89935,2.86983]},"AQs":{"weight":1.0,"played":[0.0,0.9148,0.0852],"evs":[0.0,3.02075,2.98914]},"AKs":{"weight":1.0,"played":[0.0,0.892,0.108],"evs":[0.0,3.18148,3.16714]},"AA":{"weight":1.0,"played":[0.0,1.0,0.0],"evs":[0.0,5.58445,5.06852]}}}