{"player":4,"street":0,"children":2,"sequence":[{"player":0,"type":"F","amount":0,"street":0},{"player":1,"type":"F","amount":0,"street":0},{"player":2,"type":"R","amount":1885000,"street":0},{"player":3,"type":"F","amount":0,"street":0}],"actions":[{"type":"F","amount":0,"node":53},{"type":"C","amount":1035000,"node":54}],"hands":{"22":{"weight":1.0,"played":[1.0,0.0],"evs":[0.0,-0.21508]},"32o":{"weight":1.0,"played":[1.0,0.0],"evs":[0.0,-3.27335]},"42o":{"weight":1.0,"played":[1.0,0.0],"evs":[0.0,-3.11374]},"52o":{"weight":1.0,"played":[1.0,0.0],"evs":[0.0,-2.99858]},"62o":{"weight":1.0,"played":[1.0,0.0],"evs":[0.0,-3.13109]},"72o":{"weight":1.0,"played":[1.0,0.0],"evs":[0.0,-3.30308]},"82o":{"weight":1.0,"played":[1.0,0.0],"evs":[0.0,-3.09479]},"92o":{"weight":1.0,"played":[1.0,0.0],"evs":[0.0,-3.09732]},"T2o":{"weight":1.0,"played":[1.0,0.0],"evs":[0.0,-2.9959]},"J2o":{"weight":1.0,"played":[1.0,0.0],"evs":[0.0,-2.72535]},"Q2o":{"weight":1.0,"played":[1.0,0.0],"evs":[0.0,-2.57448]},"K2o":{"weight":1.0,"played":[1.0,0.0],"evs":[0.0,-2.23583]},"A2o":{"weight":1.0,"played":[1.0,0.0],"evs":[0.0,-0.96882]},"32s":{"weight":1.0,"played":[1.0,0.0],"evs":[0.0,-2.38575]},"33":{"weight":1.0,"played":[0.0,1.0],"evs":[0.0,0.34226]},"43o":{"weight":1.0,"played":[1.0,0.0],"evs":[0.0,-2.68696]},"53o":{"weight":1.0,"played":[1.0,0.0],"evs":[0.0,-2.57914]},"63o":{"weight":1.0,"played":[1.0,0.0],"evs":[0.0,-2.71494]},"73o":{"weight":1.0,"played":[1.0,0.0],"evs":[0.0,-2.90629]},"83o":{"weight":1.0,"played":[1.0,0.0],"evs":[0.0,-3.02171]},"93o":{"weight":1.0,"played":[1.0,0.0],"evs":[0.0,-2.92263]},"T3o":{"weight":1.0,"played":[1.0,0.0],"evs":[0.0,-2.8029]},"J3o":{"weight":1.0,"played":[1.0,0.0],"evs":[0.0,-2.56632]},"Q3o":{"weight":1.0,"played":[1.0,0.0],"evs":[0.0,-2.39445]},"K3o":{"weight":1.0,"played":[1.0,0.0],"evs":[0.0,-2.03034]},"A3o":{"weight":1.0,"played":[1.0,0.0],"evs":[0.0,-0.79724]},"42s":{"weight":1.0,"played":[1.0,0.0],"evs":[0.0,-2.25659]},"43s":{"weight":1.0,"played":[1.0,0.0],"evs":[0.0,-1.81967]},"44":{"weight":1.0,"played":[0.0,1.0],"evs":[0.0,0.92848]},"54o":{"weight":1.0,"played":[1.0,0.0],"evs":[0.0,-2.15526]},"64o":{"weight":1.0,"played":[1.0,0.0],"evs":[0.0,-2.29434]},"74o":{"weight":1.0,"played":[1.0,0.0],"evs":[0.0,-2.4721]},"84o":{"weight":1.0,"played":[1.0,0.0],"evs":[0.0,-2.59336]},"94o":{"weight":1.0,"played":[1.0,0.0],"evs":[0.0,-2.80716]},"T4o":{"weight":1.0,"played":[1.0,0.0],"evs":[0.0,-2.64831]},"J4o":{"weight":1.0,"played":[1.0,0.0],"evs":[0.0,-2.3958]},"Q4o":{"weight":1.0,"played":[1.0,0.0],"evs":[0.0,-2.24437]},"K4o":{"weight":1.0,"played":[1.0,0.0],"evs":[0.0,-1.89843]},"A4o":{"weight":1.0,"played":[1.0,0.0],"evs":[0.0,-0.61917]},"52s":{"weight":1.0,"played":[1.0,0.0],"evs":[0.0,-2.12543]},"53s":{"weight":1.0,"played":[1.0,0.0],"evs":[0.0,-1.72076]},"54s":{"weight":1.0,"played":[1.0,0.0],"evs":[0.0,-1.37501]},"55":{"weight":1.0,"played":[0.0,1.0],"evs":[0.0,1.54983]},"65o":{"weight":1.0,"played":[1.0,0.0],"evs":[0.0,-1.97728]},"75o":{"weight":1.0,"played":[1.0,0.0],"evs":[0.0,-2.14333]},"85o":{"weight":1.0,"played":[1.0,0.0],"evs":[0.0,-2.23857]},"95o":{"weight":1.0,"played":[1.0,0.0],"evs":[0.0,-2.48856]},"T5o":{"weight":1.0,"played":[1.0,0.0],"evs":[0.0,-2.65205]},"J5o":{"weight":1.0,"played":[1.0,0.0],"evs":[0.0,-2.32678]},"Q5o":{"weight":1.0,"played":[1.0,0.0],"evs":[0.0,-2.15795]},"K5o":{"weight":1.0,"played":[1.0,0.0],"evs":[0.0,-1.80516]},"A5o":{"weight":1.0,"played":[1.0,0.0],"evs":[0.0,-0.35288]},"62s":{"weight":1.0,"played":[1.0,0.0],"evs":[0.0,-2.23886]},"63s":{"weight":1.0,"played":[1.0,0.0],"evs":[0.0,-1.8588]},"64s":{"weight":1.0,"played":[1.0,0.0],"evs":[0.0,-1.46583]},"65s":{"weight":1.0,"played":[1.0,0.0],"evs":[0.0,-1.20998]},"66":{"weight":1.0,"played":[0.0,1.0],"evs":[0.0,2.17005]},"76o":{"weight":1.0,"played":[1.0,0.0],"evs":[0.0,-1.71589]},"86o":{"weight":1.0,"played":[1.0,0.0],"evs":[0.0,-1.80394]},"96o":{"weight":1.0,"played":[1.0,0.0],"evs":[0.0,-2.02286]},"T6o":{"weight":1.0,"played":[1.0,0.0],"evs":[0.0,-2.17558]},"J6o":{"weight":1.0,"played":[1.0,0.0],"evs":[0.0,-2.17269]},"Q6o":{"weight":1.0,"played":[1.0,0.0],"evs":[0.0,-1.9372]},"K6o":{"weight":1.0,"played":[1.0,0.0],"evs":[0.0,-1.57731]},"A6o":{"weight":1.0,"played":[1.0,0.0],"evs":[0.0,-0.20403]},"72s":{"weight":1.0,"played":[1.0,0.0],"evs":[0.0,-2.40343]},"73s":{"weight":1.0,"played":[1.0,0.0],"evs":[0.0,-2.01274]},"74s":{"weight":1.0,"played":[1.0,0.0],"evs":[0.0,-1.63149]},"75s":{"weight":1.0,"played":[1.0,0.0],"evs":[0.0,-1.31903]},"76s":{"weight":1.0,"played":[1.0,0.0],"evs":[0.0,-0.95223]},"77":{"weight":1.0,"played":[0.0,1.0],"evs":[0.0,2.73035]},"87o":{"weight":1.0,"played":[1.0,0.0],"evs":[0.0,-1.51325]},"97o":{"weight":1.0,"played":[1.0,0.0],"evs":[0.0,-1.70548]},"T7o":{"weight":1.0,"played":[1.0,0.0],"evs":[0.0,-1.84354]},"J7o":{"weight":1.0,"played":[1.0,0.0],"evs":[0.0,-1.84632]},"Q7o":{"weight":1.0,"played":[1.0,0.0],"evs":[0.0,-1.94112]},"K7o":{"weight":1.0,"played":[1.0,0.0],"evs":[0.0,-1.49551]},"A7o":{"weight":1.0,"played":[0.0,1.0],"evs":[0.0,0.33336]},"82s":{"weight":1.0,"played":[1.0,0.0],"evs":[0.0,-2.2186]},"83s":{"weight":1.0,"played":[1.0,0.0],"evs":[0.0,-2.11968]},"84s":{"weight":1.0,"played":[1.0,0.0],"evs":[0.0,-1.72359]},"85s":{"weight":1.0,"played":[1.0,0.0],"evs":[0.0,-1.41888]},"86s":{"weight":1.0,"played":[1.0,0.0],"evs":[0.0,-0.99272]},"87s":{"weight":1.0,"played":[1.0,0.0],"evs":[0.0,-0.75093]},"88":{"weight":1.0,"played":[0.0,1.0],"evs":[0.0,3.17153]},"98o":{"weight":1.0,"played":[1.0,0.0],"evs":[0.0,-1.33169]},"T8o":{"weight":1.0,"played":[1.0,0.0],"evs":[0.0,-1.43754]},"J8o":{"weight":1.0,"played":[1.0,0.0],"evs":[0.0,-1.42482]},"Q8o":{"weight":1.0,"played":[1.0,0.0],"evs":[0.0,-1.53386]},"K8o":{"weight":1.0,"played":[1.0,0.0],"evs":[0.0,-1.34775]},"A8o":{"weight":1.0,"played":[0.0,1.0],"evs":[0.0,0.933]},"92s":{"weight":1.0,"played":[1.0,0.0],"evs":[0.0,-2.17741]},"93s":{"weight":1.0,"played":[1.0,0.0],"evs":[0.0,-2.04142]},"94s":{"weight":1.0,"played":[1.0,0.0],"evs":[0.0,-1.92532]},"95s":{"weight":1.0,"played":[1.0,0.0],"evs":[0.0,-1.65809]},"96s":{"weight":1.0,"played":[1.0,0.0],"evs":[0.0,-1.18753]},"97s":{"weight":1.0,"played":[1.0,0.0],"evs":[0.0,-0.91241]},"98s":{"weight":1.0,"played":[1.0,0.0],"evs":[0.0,-0.53465]},"99":{"weight":1.0,"played":[0.0,1.0],"evs":[0.0,3.71618]},"T9o":{"weight":1.0,"played":[1.0,0.0],"evs":[0.0,-1.152]},"J9o":{"weight":1.0,"played":[1.0,0.0],"evs":[0.0,-1.11944]},"Q9o":{"weight":1.0,"played":[1.0,0.0],"evs":[0.0,-1.18849]},"K9o":{"weight":1.0,"played":[1.0,0.0],"evs":[0.0,-0.92334]},"A9o":{"weight":1.0,"played":[0.0,1.0],"evs":[0.0,1.69963]},"T2s":{"weight":1.0,"played":[1.0,0.0],"evs":[0.0,-2.11301]},"T3s":{"weight":1.0,"played":[1.0,0.0],"evs":[0.0,-1.97431]},"T4s":{"weight":1.0,"played":[1.0,0.0],"evs":[0.0,-1.80222]},"T5s":{"weight":1.0,"played":[1.0,0.0],"evs":[0.0,-1.7574]},"T6s":{"weight":1.0,"played":[1.0,0.0],"evs":[0.0,-1.35252]},"T7s":{"weight":1.0,"played":[1.0,0.0],"evs":[0.0,-1.03554]},"T8s":{"weight":1.0,"played":[1.0,0.0],"evs":[0.0,-0.66487]},"T9s":{"weight":1.0,"played":[0.9998,2.0E-4],"evs":[0.0,-0.35057]},"TT":{"weight":1.0,"played":[0.0,1.0],"evs":[0.0,4.69487]},"JTo":{"weight":1.0,"played":[1.0,0.0],"evs":[0.0,-0.62835]},"QTo":{"weight":1.0,"played":[1.0,0.0],"evs":[0.0,-0.59878]},"KTo":{"weight":1.0,"played":[0.9996,4.0E-4],"evs":[0.0,-0.08901]},"ATo":{"weight":1.0,"played":[0.0,1.0],"evs":[0.0,2.98958]},"J2s":{"weight":1.0,"played":[1.0,0.0],"evs":[0.0,-1.86195]},"J3s":{"weight":1.0,"played":[1.0,0.0],"evs":[0.0,-1.69229]},"J4s":{"weight":1.0,"played":[1.0,0.0],"evs":[0.0,-1.56069]},"J5s":{"weight":1.0,"played":[1.0,0.0],"evs":[0.0,-1.51382]},"J6s":{"weight":1.0,"played":[1.0,0.0],"evs":[0.0,-1.34314]},"J7s":{"weight":1.0,"played":[1.0,0.0],"evs":[0.0,-1.03534]},"J8s":{"weight":1.0,"played":[1.0,0.0],"evs":[0.0,-0.66606]},"J9s":{"weight":1.0,"played":[1.0,0.0],"evs":[0.0,-0.389]},"JTs":{"weight":1.0,"played":[3.0E-4,0.9997],"evs":[0.0,0.06551]},"JJ":{"weight":1.0,"played":[0.0,1.0],"evs":[0.0,5.36495]},"QJo":{"weight":1.0,"played":[1.0,0.0],"evs":[0.0,-0.12711]},"KJo":{"weight":1.0,"played":[0.0,1.0],"evs":[0.0,0.31777]},"AJo":{"weight":1.0,"played":[0.0,1.0],"evs":[0.0,3.54905]},"Q2s":{"weight":1.0,"played":[1.0,0.0],"evs":[0.0,-1.69375]},"Q3s":{"weight":1.0,"played":[1.0,0.0],"evs":[0.0,-1.55712]},"Q4s":{"weight":1.0,"played":[1.0,0.0],"evs":[0.0,-1.3729]},"Q5s":{"weight":1.0,"played":[1.0,0.0],"evs":[0.0,-1.31118]},"Q6s":{"weight":1.0,"played":[1.0,0.0],"evs":[0.0,-1.12844]},"Q7s":{"weight":1.0,"played":[1.0,0.0],"evs":[0.0,-1.13722]},"Q8s":{"weight":1.0,"played":[1.0,0.0],"evs":[0.0,-0.74691]},"Q9s":{"weight":1.0,"played":[1.0,0.0],"evs":[0.0,-0.42771]},"QTs":{"weight":1.0,"played":[0.0,1.0],"evs":[0.0,0.10608]},"QJs":{"weight":1.0,"played":[0.0,1.0],"evs":[0.0,0.55237]},"QQ":{"weight":1.0,"played":[0.0,1.0],"evs":[0.0,6.02316]},"KQo":{"weight":1.0,"played":[0.0,1.0],"evs":[0.0,0.77329]},"AQo":{"weight":1.0,"played":[0.0,1.0],"evs":[0.0,4.15847]},"K2s":{"weight":1.0,"played":[1.0,0.0],"evs":[0.0,-1.37719]},"K3s":{"weight":1.0,"played":[1.0,0.0],"evs":[0.0,-1.17494]},"K4s":{"weight":1.0,"played":[1.0,0.0],"evs":[0.0,-1.03435]},"K5s":{"weight":1.0,"played":[1.0,0.0],"evs":[0.0,-0.9799]},"K6s":{"weight":1.0,"played":[1.0,0.0],"evs":[0.0,-0.75747]},"K7s":{"weight":1.0,"played":[1.0,0.0],"evs":[0.0,-0.67567]},"K8s":{"weight":1.0,"played":[1.0,0.0],"evs":[0.0,-0.55723]},"K9s":{"weight":1.0,"played":[0.9993,7.0E-4],"evs":[0.0,-0.18061]},"KTs":{"weight":1.0,"played":[0.0,1.0],"evs":[0.0,0.60765]},"KJs":{"weight":1.0,"played":[0.0,1.0],"evs":[0.0,1.00203]},"KQs":{"weight":1.0,"played":[0.0,1.0],"evs":[0.0,1.43557]},"KK":{"weight":1.0,"played":[0.0,1.0],"evs":[0.0,6.75176]},"AKo":{"weight":1.0,"played":[0.0,1.0],"evs":[0.0,4.48304]},"A2s":{"weight":1.0,"played":[0.999,0.001],"evs":[0.0,-0.196]},"A3s":{"weight":1.0,"played":[0.865,0.135],"evs":[0.0,0.00792]},"A4s":{"weight":1.0,"played":[0.0,1.0],"evs":[0.0,0.1637]},"A5s":{"weight":1.0,"played":[0.0,1.0],"evs":[0.0,0.41012]},"A6s":{"weight":1.0,"played":[0.0,1.0],"evs":[0.0,0.53497]},"A7s":{"weight":1.0,"played":[0.0,1.0],"evs":[0.0,1.05184]},"A8s":{"weight":1.0,"played":[0.0,1.0],"evs":[0.0,1.59749]},"A9s":{"weight":1.0,"played":[0.0,1.0],"evs":[0.0,2.30716]},"ATs":{"weight":1.0,"played":[0.0,1.0],"evs":[0.0,3.53344]},"AJs":{"weight":1.0,"played":[0.0,1.0],"evs":[0.0,4.07021]},"AQs":{"weight":1.0,"played":[0.0,1.0],"evs":[0.0,4.60511]},"AKs":{"weight":1.0,"played":[0.0,1.0],"evs":[0.0,4.91483]},"AA":{"weight":1.0,"played":[0.0,1.0],"evs":[0.0,9.52172]}}}