{"player":5,"street":0,"children":2,"sequence":[{"player":0,"type":"F","amount":0,"street":0},{"player":1,"type":"F","amount":0,"street":0},{"player":2,"type":"R","amount":1885000,"street":0},{"player":3,"type":"F","amount":0,"street":0},{"player":4,"type":"C","amount":1035000,"street":0}],"actions":[{"type":"F","amount":0},{"type":"C","amount":1785000}],"hands":{"22":{"weight":1.0,"played":[1.0E-4,0.9999],"evs":[0.0,1.56428]},"32o":{"weight":1.0,"played":[1.0,0.0],"evs":[0.0,-4.11647]},"42o":{"weight":1.0,"played":[1.0,0.0],"evs":[0.0,-3.79686]},"52o":{"weight":1.0,"played":[1.0,0.0],"evs":[0.0,-3.43773]},"62o":{"weight":1.0,"played":[1.0,0.0],"evs":[0.0,-3.58852]},"72o":{"weight":1.0,"played":[1.0,0.0],"evs":[0.0,-4.1686]},"82o":{"weight":1.0,"played":[1.0,0.0],"evs":[0.0,-3.65139]},"92o":{"weight":1.0,"played":[1.0,0.0],"evs":[0.0,-3.56029]},"T2o":{"weight":1.0,"played":[1.0,0.0],"evs":[0.0,-3.66902]},"J2o":{"weight":1.0,"played":[1.0,0.0],"evs":[0.0,-3.20932]},"Q2o":{"weight":1.0,"played":[1.0,0.0],"evs":[0.0,-2.86546]},"K2o":{"weight":1.0,"played":[1.0,0.0],"evs":[0.0,-2.47918]},"A2o":{"weight":1.0,"played":[1.0,0.0],"evs":[0.0,-1.97867]},"32s":{"weight":1.0,"played":[1.0,0.0],"evs":[0.0,-2.18325]},"33":{"weight":1.0,"played":[0.0,1.0],"evs":[0.0,2.49]},"43o":{"weight":1.0,"played":[1.0,0.0],"evs":[0.0,-2.8747]},"53o":{"weight":1.0,"played":[1.0,0.0],"evs":[0.0,-2.58403]},"63o":{"weight":1.0,"played":[1.0,0.0],"evs":[0.0,-2.82212]},"73o":{"weight":1.0,"played":[1.0,0.0],"evs":[0.0,-3.27716]},"83o":{"weight":1.0,"played":[1.0,0.0],"evs":[0.0,-3.59968]},"93o":{"weight":1.0,"played":[1.0,0.0],"evs":[0.0,-3.30409]},"T3o":{"weight":1.0,"played":[1.0,0.0],"evs":[0.0,-3.22574]},"J3o":{"weight":1.0,"played":[1.0,0.0],"evs":[0.0,-2.91585]},"Q3o":{"weight":1.0,"played":[1.0,0.0],"evs":[0.0,-2.61566]},"K3o":{"weight":1.0,"played":[1.0,0.0],"evs":[0.0,-2.17418]},"A3o":{"weight":1.0,"played":[1.0,0.0],"evs":[0.0,-1.45301]},"42s":{"weight":1.0,"played":[1.0,0.0],"evs":[0.0,-1.75788]},"43s":{"weight":1.0,"played":[0.9998,2.0E-4],"evs":[0.0,-1.18961]},"44":{"weight":1.0,"played":[0.0,1.0],"evs":[0.0,3.61424]},"54o":{"weight":1.0,"played":[1.0,0.0],"evs":[0.0,-1.68574]},"64o":{"weight":1.0,"played":[1.0,0.0],"evs":[0.0,-1.91707]},"74o":{"weight":1.0,"played":[1.0,0.0],"evs":[0.0,-2.41304]},"84o":{"weight":1.0,"played":[1.0,0.0],"evs":[0.0,-2.63273]},"94o":{"weight":1.0,"played":[1.0,0.0],"evs":[0.0,-3.18103]},"T4o":{"weight":1.0,"played":[1.0,0.0],"evs":[0.0,-2.87902]},"J4o":{"weight":1.0,"played":[1.0,0.0],"evs":[0.0,-2.52438]},"Q4o":{"weight":1.0,"played":[1.0,0.0],"evs":[0.0,-2.20042]},"K4o":{"weight":1.0,"played":[1.0,0.0],"evs":[0.0,-1.83323]},"A4o":{"weight":1.0,"played":[1.0,0.0],"evs":[0.0,-1.04012]},"52s":{"weight":1.0,"played":[1.0,0.0],"evs":[0.0,-1.48459]},"53s":{"weight":1.0,"played":[1.0,0.0],"evs":[0.0,-0.64457]},"54s":{"weight":1.0,"played":[0.485,0.515],"evs":[0.0,0.15405]},"55":{"weight":1.0,"played":[0.0,1.0],"evs":[0.0,5.00877]},"65o":{"weight":1.0,"played":[1.0,0.0],"evs":[0.0,-1.15781]},"75o":{"weight":1.0,"played":[1.0,0.0],"evs":[0.0,-1.63263]},"85o":{"weight":1.0,"played":[1.0,0.0],"evs":[0.0,-1.94352]},"95o":{"weight":1.0,"played":[1.0,0.0],"evs":[0.0,-2.42295]},"T5o":{"weight":1.0,"played":[1.0,0.0],"evs":[0.0,-2.88311]},"J5o":{"weight":1.0,"played":[1.0,0.0],"evs":[0.0,-2.28723]},"Q5o":{"weight":1.0,"played":[1.0,0.0],"evs":[0.0,-1.98178]},"K5o":{"weight":1.0,"played":[1.0,0.0],"evs":[0.0,-1.61356]},"A5o":{"weight":1.0,"played":[0.9997,3.0E-4],"evs":[0.0,-0.4553]},"62s":{"weight":1.0,"played":[1.0,0.0],"evs":[0.0,-1.77804]},"63s":{"weight":1.0,"played":[1.0,0.0],"evs":[0.0,-0.87456]},"64s":{"weight":1.0,"played":[0.9051,0.0949],"evs":[0.0,-0.12329]},"65s":{"weight":1.0,"played":[1.0E-4,0.9999],"evs":[0.0,0.536]},"66":{"weight":1.0,"played":[0.0,1.0],"evs":[0.0,6.32633]},"76o":{"weight":1.0,"played":[1.0,0.0],"evs":[0.0,-0.67494]},"86o":{"weight":1.0,"played":[1.0,0.0],"evs":[0.0,-0.87512]},"96o":{"weight":1.0,"played":[1.0,0.0],"evs":[0.0,-1.25131]},"T6o":{"weight":1.0,"played":[1.0,0.0],"evs":[0.0,-1.73136]},"J6o":{"weight":1.0,"played":[1.0,0.0],"evs":[0.0,-1.93864]},"Q6o":{"weight":1.0,"played":[1.0,0.0],"evs":[0.0,-1.46085]},"K6o":{"weight":1.0,"played":[1.0,0.0],"evs":[0.0,-1.20174]},"A6o":{"weight":1.0,"played":[0.9999,1.0E-4],"evs":[0.0,-0.38542]},"72s":{"weight":1.0,"played":[1.0,0.0],"evs":[0.0,-2.30763]},"73s":{"weight":1.0,"played":[1.0,0.0],"evs":[0.0,-1.49157]},"74s":{"weight":1.0,"played":[0.9999,1.0E-4],"evs":[0.0,-0.49142]},"75s":{"weight":1.0,"played":[0.0073,0.9927],"evs":[0.0,0.19488]},"76s":{"weight":1.0,"played":[0.0,1.0],"evs":[0.0,0.81995]},"77":{"weight":1.0,"played":[0.0,1.0],"evs":[0.0,7.23053]},"87o":{"weight":1.0,"played":[1.0,0.0],"evs":[0.0,-0.38859]},"97o":{"weight":1.0,"played":[0.9999,1.0E-4],"evs":[0.0,-0.87614]},"T7o":{"weight":1.0,"played":[1.0,0.0],"evs":[0.0,-1.23465]},"J7o":{"weight":1.0,"played":[1.0,0.0],"evs":[0.0,-1.46804]},"Q7o":{"weight":1.0,"played":[1.0,0.0],"evs":[0.0,-1.62639]},"K7o":{"weight":1.0,"played":[1.0,0.0],"evs":[0.0,-1.02611]},"A7o":{"weight":1.0,"played":[1.0E-4,0.9999],"evs":[0.0,0.63109]},"82s":{"weight":1.0,"played":[1.0,0.0],"evs":[0.0,-1.82043]},"83s":{"weight":1.0,"played":[1.0,0.0],"evs":[0.0,-1.61816]},"84s":{"weight":1.0,"played":[0.9999,1.0E-4],"evs":[0.0,-0.78967]},"85s":{"weight":1.0,"played":[0.6547,0.3453],"evs":[0.0,-0.09313]},"86s":{"weight":1.0,"played":[0.0011,0.9989],"evs":[0.0,0.75496]},"87s":{"weight":1.0,"played":[0.0,1.0],"evs":[0.0,1.13806]},"88":{"weight":1.0,"played":[0.0,1.0],"evs":[0.0,8.43243]},"98o":{"weight":1.0,"played":[0.2862,0.7138],"evs":[0.0,0.03611]},"T8o":{"weight":1.0,"played":[1.0,0.0],"evs":[0.0,-0.34864]},"J8o":{"weight":1.0,"played":[1.0,0.0],"evs":[0.0,-0.5515]},"Q8o":{"weight":1.0,"played":[1.0,0.0],"evs":[0.0,-0.7547]},"K8o":{"weight":1.0,"played":[1.0,0.0],"evs":[0.0,-0.82759]},"A8o":{"weight":1.0,"played":[0.0,1.0],"evs":[0.0,1.66689]},"92s":{"weight":1.0,"played":[1.0,0.0],"evs":[0.0,-1.81919]},"93s":{"weight":1.0,"played":[1.0,0.0],"evs":[0.0,-1.48943]},"94s":{"weight":1.0,"played":[1.0,0.0],"evs":[0.0,-1.28602]},"95s":{"weight":1.0,"played":[0.9999,1.0E-4],"evs":[0.0,-0.53127]},"96s":{"weight":1.0,"played":[0.0,1.0],"evs":[0.0,0.51437]},"97s":{"weight":1.0,"played":[1.0E-4,0.9999],"evs":[0.0,0.82053]},"98s":{"weight":1.0,"played":[0.0,1.0],"evs":[0.0,1.69474]},"99":{"weight":1.0,"played":[0.0,1.0],"evs":[0.0,9.68837]},"T9o":{"weight":1.0,"played":[3.0E-4,0.9997],"evs":[0.0,0.34645]},"J9o":{"weight":1.0,"played":[0.0165,0.9835],"evs":[0.0,0.14988]},"Q9o":{"weight":1.0,"played":[0.5773,0.4227],"evs":[0.0,-0.10964]},"K9o":{"weight":1.0,"played":[0.091,0.909],"evs":[0.0,0.08539]},"A9o":{"weight":1.0,"played":[0.0,1.0],"evs":[0.0,2.94048]},"T2s":{"weight":1.0,"played":[1.0,0.0],"evs":[0.0,-1.73706]},"T3s":{"weight":1.0,"played":[1.0,0.0],"evs":[0.0,-1.38785]},"T4s":{"weight":1.0,"played":[1.0,0.0],"evs":[0.0,-1.0073]},"T5s":{"weight":1.0,"played":[1.0,0.0],"evs":[0.0,-1.0198]},"T6s":{"weight":1.0,"played":[0.2685,0.7315],"evs":[0.0,-0.00585]},"T7s":{"weight":1.0,"played":[0.0,1.0],"evs":[0.0,0.46868]},"T8s":{"weight":1.0,"played":[0.0,1.0],"evs":[0.0,1.22547]},"T9s":{"weight":1.0,"played":[0.0,1.0],"evs":[0.0,1.81475]},"TT":{"weight":1.0,"played":[0.0,1.0],"evs":[0.0,11.56204]},"JTo":{"weight":1.0,"played":[0.0,1.0],"evs":[0.0,0.91052]},"QTo":{"weight":1.0,"played":[0.0,1.0],"evs":[0.0,0.93528]},"KTo":{"weight":1.0,"played":[0.0,1.0],"evs":[0.0,1.32601]},"ATo":{"weight":1.0,"played":[0.0,1.0],"evs":[0.0,5.52259]},"J2s":{"weight":1.0,"played":[1.0,0.0],"evs":[0.0,-1.32631]},"J3s":{"weight":1.0,"played":[1.0,0.0],"evs":[0.0,-1.01434]},"J4s":{"weight":1.0,"played":[1.0,0.0],"evs":[0.0,-0.83891]},"J5s":{"weight":1.0,"played":[0.9999,1.0E-4],"evs":[0.0,-0.59843]},"J6s":{"weight":1.0,"played":[0.5318,0.4682],"evs":[0.0,-0.05055]},"J7s":{"weight":1.0,"played":[0.0038,0.9962],"evs":[0.0,0.15464]},"J8s":{"weight":1.0,"played":[0.0,1.0],"evs":[0.0,1.25512]},"J9s":{"weight":1.0,"played":[0.0,1.0],"evs":[0.0,1.81016]},"JTs":{"weight":1.0,"played":[0.0,1.0],"evs":[0.0,2.31687]},"JJ":{"weight":1.0,"played":[0.0,1.0],"evs":[0.0,13.17715]},"QJo":{"weight":1.0,"played":[0.0,1.0],"evs":[0.0,1.63582]},"KJo":{"weight":1.0,"played":[0.0,1.0],"evs":[0.0,2.11708]},"AJo":{"weight":1.0,"played":[0.0,1.0],"evs":[0.0,6.84509]},"Q2s":{"weight":1.0,"played":[1.0,0.0],"evs":[0.0,-0.96001]},"Q3s":{"weight":1.0,"played":[0.9999,1.0E-4],"evs":[0.0,-0.54071]},"Q4s":{"weight":1.0,"played":[0.9747,0.0253],"evs":[0.0,-0.25126]},"Q5s":{"weight":1.0,"played":[0.9877,0.0123],"evs":[0.0,-0.22659]},"Q6s":{"weight":1.0,"played":[0.0416,0.9584],"evs":[0.0,0.36937]},"Q7s":{"weight":1.0,"played":[0.0012,0.9988],"evs":[0.0,0.08293]},"Q8s":{"weight":1.0,"played":[0.0,1.0],"evs":[0.0,0.82858]},"Q9s":{"weight":1.0,"played":[0.0,1.0],"evs":[0.0,1.66194]},"QTs":{"weight":1.0,"played":[0.0,1.0],"evs":[0.0,2.47218]},"QJs":{"weight":1.0,"played":[0.0,1.0],"evs":[0.0,3.2322]},"QQ":{"weight":1.0,"played":[0.0,1.0],"evs":[0.0,15.14497]},"KQo":{"weight":1.0,"played":[0.0,1.0],"evs":[0.0,3.1104]},"AQo":{"weight":1.0,"played":[0.0,1.0],"evs":[0.0,8.41685]},"K2s":{"weight":1.0,"played":[0.9999,1.0E-4],"evs":[0.0,-0.38331]},"K3s":{"weight":1.0,"played":[0.9992,8.0E-4],"evs":[0.0,-0.28804]},"K4s":{"weight":1.0,"played":[0.0015,0.9985],"evs":[0.0,0.17429]},"K5s":{"weight":1.0,"played":[0.0019,0.9981],"evs":[0.0,0.26291]},"K6s":{"weight":1.0,"played":[1.0E-4,0.9999],"evs":[0.0,0.74862]},"K7s":{"weight":1.0,"played":[6.0E-4,0.9994],"evs":[0.0,0.78211]},"K8s":{"weight":1.0,"played":[0.0,1.0],"evs":[0.0,1.01609]},"K9s":{"weight":1.0,"played":[0.0,1.0],"evs":[0.0,1.50243]},"KTs":{"weight":1.0,"played":[0.0,1.0],"evs":[0.0,3.08374]},"KJs":{"weight":1.0,"played":[0.0,1.0],"evs":[0.0,3.58502]},"KQs":{"weight":1.0,"played":[0.0,1.0],"evs":[0.0,4.68427]},"KK":{"weight":1.0,"played":[0.0,1.0],"evs":[0.0,17.24274]},"AKo":{"weight":1.0,"played":[0.0,1.0],"evs":[0.0,9.65763]},"A2s":{"weight":1.0,"played":[0.1116,0.8884],"evs":[0.0,0.11038]},"A3s":{"weight":1.0,"played":[1.0E-4,0.9999],"evs":[0.0,0.44352]},"A4s":{"weight":1.0,"played":[0.0,1.0],"evs":[0.0,0.88074]},"A5s":{"weight":1.0,"played":[0.0,1.0],"evs":[0.0,1.35725]},"A6s":{"weight":1.0,"played":[0.0,1.0],"evs":[0.0,1.42012]},"A7s":{"weight":1.0,"played":[0.0,1.0],"evs":[0.0,2.10254]},"A8s":{"weight":1.0,"played":[0.0,1.0],"evs":[0.0,3.43582]},"A9s":{"weight":1.0,"played":[0.0,1.0],"evs":[0.0,4.47128]},"ATs":{"weight":1.0,"played":[0.0,1.0],"evs":[0.0,6.84432]},"AJs":{"weight":1.0,"played":[0.0,1.0],"evs":[0.0,8.1259]},"AQs":{"weight":1.0,"played":[0.0,1.0],"evs":[0.0,9.71024]},"AKs":{"weight":1.0,"played":[0.0,1.0],"evs":[0.0,10.696]},"AA":{"weight":1.0,"played":[0.0,1.0],"evs":[0.0,23.06662]}}}