{"player":5,"street":0,"children":2,"sequence":[{"player":0,"type":"F","amount":0,"street":0},{"player":1,"type":"F","amount":0,"street":0},{"player":2,"type":"R","amount":1885000,"street":0},{"player":3,"type":"C","amount":985000,"street":0},{"player":4,"type":"F","amount":0,"street":0}],"actions":[{"type":"F","amount":0},{"type":"C","amount":1785000}],"hands":{"22":{"weight":1.0,"played":[0.0015,0.9985],"evs":[0.0,0.56085]},"32o":{"weight":1.0,"played":[1.0,0.0],"evs":[0.0,-4.81241]},"42o":{"weight":1.0,"played":[1.0,0.0],"evs":[0.0,-4.41908]},"52o":{"weight":1.0,"played":[1.0,0.0],"evs":[0.0,-4.19076]},"62o":{"weight":1.0,"played":[1.0,0.0],"evs":[0.0,-4.38184]},"72o":{"weight":1.0,"played":[1.0,0.0],"evs":[0.0,-4.66703]},"82o":{"weight":1.0,"played":[1.0,0.0],"evs":[0.0,-4.45484]},"92o":{"weight":1.0,"played":[1.0,0.0],"evs":[0.0,-4.30627]},"T2o":{"weight":1.0,"played":[1.0,0.0],"evs":[0.0,-4.24208]},"J2o":{"weight":1.0,"played":[1.0,0.0],"evs":[0.0,-3.78294]},"Q2o":{"weight":1.0,"played":[1.0,0.0],"evs":[0.0,-3.61806]},"K2o":{"weight":1.0,"played":[1.0,0.0],"evs":[0.0,-3.11191]},"A2o":{"weight":1.0,"played":[1.0,0.0],"evs":[0.0,-2.48846]},"32s":{"weight":1.0,"played":[1.0,0.0],"evs":[0.0,-3.08929]},"33":{"weight":1.0,"played":[0.0,1.0],"evs":[0.0,1.39522]},"43o":{"weight":1.0,"played":[1.0,0.0],"evs":[0.0,-3.59204]},"53o":{"weight":1.0,"played":[1.0,0.0],"evs":[0.0,-3.32733]},"63o":{"weight":1.0,"played":[1.0,0.0],"evs":[0.0,-3.54874]},"73o":{"weight":1.0,"played":[1.0,0.0],"evs":[0.0,-3.8907]},"83o":{"weight":1.0,"played":[1.0,0.0],"evs":[0.0,-4.19711]},"93o":{"weight":1.0,"played":[1.0,0.0],"evs":[0.0,-4.06804]},"T3o":{"weight":1.0,"played":[1.0,0.0],"evs":[0.0,-3.88326]},"J3o":{"weight":1.0,"played":[1.0,0.0],"evs":[0.0,-3.38834]},"Q3o":{"weight":1.0,"played":[1.0,0.0],"evs":[0.0,-3.34326]},"K3o":{"weight":1.0,"played":[1.0,0.0],"evs":[0.0,-2.84196]},"A3o":{"weight":1.0,"played":[1.0,0.0],"evs":[0.0,-2.13431]},"42s":{"weight":1.0,"played":[1.0,0.0],"evs":[0.0,-2.73706]},"43s":{"weight":1.0,"played":[1.0,0.0],"evs":[0.0,-1.92681]},"44":{"weight":1.0,"played":[0.0,1.0],"evs":[0.0,2.697]},"54o":{"weight":1.0,"played":[1.0,0.0],"evs":[0.0,-2.54459]},"64o":{"weight":1.0,"played":[1.0,0.0],"evs":[0.0,-2.74315]},"74o":{"weight":1.0,"played":[1.0,0.0],"evs":[0.0,-3.09368]},"84o":{"weight":1.0,"played":[1.0,0.0],"evs":[0.0,-3.42379]},"94o":{"weight":1.0,"played":[1.0,0.0],"evs":[0.0,-3.8586]},"T4o":{"weight":1.0,"played":[1.0,0.0],"evs":[0.0,-3.49373]},"J4o":{"weight":1.0,"played":[1.0,0.0],"evs":[0.0,-3.04665]},"Q4o":{"weight":1.0,"played":[1.0,0.0],"evs":[0.0,-2.95495]},"K4o":{"weight":1.0,"played":[1.0,0.0],"evs":[0.0,-2.60306]},"A4o":{"weight":1.0,"played":[1.0,0.0],"evs":[0.0,-1.74251]},"52s":{"weight":1.0,"played":[1.0,0.0],"evs":[0.0,-2.57894]},"53s":{"weight":1.0,"played":[1.0,0.0],"evs":[0.0,-1.77328]},"54s":{"weight":1.0,"played":[0.9997,3.0E-4],"evs":[0.0,-0.83761]},"55":{"weight":1.0,"played":[0.0,1.0],"evs":[0.0,3.9587]},"65o":{"weight":1.0,"played":[1.0,0.0],"evs":[0.0,-2.03971]},"75o":{"weight":1.0,"played":[1.0,0.0],"evs":[0.0,-2.31995]},"85o":{"weight":1.0,"played":[1.0,0.0],"evs":[0.0,-2.64316]},"95o":{"weight":1.0,"played":[1.0,0.0],"evs":[0.0,-3.23264]},"T5o":{"weight":1.0,"played":[1.0,0.0],"evs":[0.0,-3.54991]},"J5o":{"weight":1.0,"played":[1.0,0.0],"evs":[0.0,-3.0131]},"Q5o":{"weight":1.0,"played":[1.0,0.0],"evs":[0.0,-2.75945]},"K5o":{"weight":1.0,"played":[1.0,0.0],"evs":[0.0,-2.25179]},"A5o":{"weight":1.0,"played":[1.0,0.0],"evs":[0.0,-1.24839]},"62s":{"weight":1.0,"played":[1.0,0.0],"evs":[0.0,-2.64362]},"63s":{"weight":1.0,"played":[1.0,0.0],"evs":[0.0,-1.79466]},"64s":{"weight":1.0,"played":[1.0,0.0],"evs":[0.0,-1.02094]},"65s":{"weight":1.0,"played":[0.9984,0.0016],"evs":[0.0,-0.37629]},"66":{"weight":1.0,"played":[0.0,1.0],"evs":[0.0,5.23013]},"76o":{"weight":1.0,"played":[1.0,0.0],"evs":[0.0,-1.58565]},"86o":{"weight":1.0,"played":[1.0,0.0],"evs":[0.0,-1.87719]},"96o":{"weight":1.0,"played":[1.0,0.0],"evs":[0.0,-2.17533]},"T6o":{"weight":1.0,"played":[1.0,0.0],"evs":[0.0,-2.52462]},"J6o":{"weight":1.0,"played":[1.0,0.0],"evs":[0.0,-2.74037]},"Q6o":{"weight":1.0,"played":[1.0,0.0],"evs":[0.0,-2.31852]},"K6o":{"weight":1.0,"played":[1.0,0.0],"evs":[0.0,-1.88803]},"A6o":{"weight":1.0,"played":[1.0,0.0],"evs":[0.0,-1.0891]},"72s":{"weight":1.0,"played":[1.0,0.0],"evs":[0.0,-2.98841]},"73s":{"weight":1.0,"played":[1.0,0.0],"evs":[0.0,-2.18738]},"74s":{"weight":1.0,"played":[1.0,0.0],"evs":[0.0,-1.28191]},"75s":{"weight":1.0,"played":[1.0,0.0],"evs":[0.0,-0.82013]},"76s":{"weight":1.0,"played":[0.2154,0.7846],"evs":[0.0,0.08381]},"77":{"weight":1.0,"played":[0.0,1.0],"evs":[0.0,6.06782]},"87o":{"weight":1.0,"played":[1.0,0.0],"evs":[0.0,-1.28964]},"97o":{"weight":1.0,"played":[1.0,0.0],"evs":[0.0,-1.55108]},"T7o":{"weight":1.0,"played":[1.0,0.0],"evs":[0.0,-1.82162]},"J7o":{"weight":1.0,"played":[1.0,0.0],"evs":[0.0,-1.9363]},"Q7o":{"weight":1.0,"played":[1.0,0.0],"evs":[0.0,-2.28126]},"K7o":{"weight":1.0,"played":[1.0,0.0],"evs":[0.0,-1.69582]},"A7o":{"weight":1.0,"played":[0.9995,5.0E-4],"evs":[0.0,-0.29967]},"82s":{"weight":1.0,"played":[1.0,0.0],"evs":[0.0,-2.59003]},"83s":{"weight":1.0,"played":[1.0,0.0],"evs":[0.0,-2.44659]},"84s":{"weight":1.0,"played":[1.0,0.0],"evs":[0.0,-1.85189]},"85s":{"weight":1.0,"played":[0.9999,1.0E-4],"evs":[0.0,-1.16496]},"86s":{"weight":1.0,"played":[0.9968,0.0032],"evs":[0.0,-0.31032]},"87s":{"weight":1.0,"played":[0.0432,0.9568],"evs":[0.0,0.23038]},"88":{"weight":1.0,"played":[0.0,1.0],"evs":[0.0,7.0541]},"98o":{"weight":1.0,"played":[1.0,0.0],"evs":[0.0,-0.97021]},"T8o":{"weight":1.0,"played":[1.0,0.0],"evs":[0.0,-1.23727]},"J8o":{"weight":1.0,"played":[1.0,0.0],"evs":[0.0,-1.40152]},"Q8o":{"weight":1.0,"played":[1.0,0.0],"evs":[0.0,-1.74351]},"K8o":{"weight":1.0,"played":[1.0,0.0],"evs":[0.0,-1.59091]},"A8o":{"weight":1.0,"played":[4.0E-4,0.9996],"evs":[0.0,0.64751]},"92s":{"weight":1.0,"played":[1.0,0.0],"evs":[0.0,-2.4879]},"93s":{"weight":1.0,"played":[1.0,0.0],"evs":[0.0,-2.35582]},"94s":{"weight":1.0,"played":[1.0,0.0],"evs":[0.0,-2.27894]},"95s":{"weight":1.0,"played":[1.0,0.0],"evs":[0.0,-1.41785]},"96s":{"weight":1.0,"played":[0.9999,1.0E-4],"evs":[0.0,-0.67217]},"97s":{"weight":1.0,"played":[0.9604,0.0396],"evs":[0.0,-0.15996]},"98s":{"weight":1.0,"played":[2.0E-4,0.9998],"evs":[0.0,0.5415]},"99":{"weight":1.0,"played":[0.0,1.0],"evs":[0.0,8.08865]},"T9o":{"weight":1.0,"played":[0.9999,1.0E-4],"evs":[0.0,-0.5966]},"J9o":{"weight":1.0,"played":[1.0,0.0],"evs":[0.0,-0.76227]},"Q9o":{"weight":1.0,"played":[0.9999,1.0E-4],"evs":[0.0,-1.01173]},"K9o":{"weight":1.0,"played":[0.9999,1.0E-4],"evs":[0.0,-0.87543]},"A9o":{"weight":1.0,"played":[0.0,1.0],"evs":[0.0,1.89969]},"T2s":{"weight":1.0,"played":[1.0,0.0],"evs":[0.0,-2.43753]},"T3s":{"weight":1.0,"played":[1.0,0.0],"evs":[0.0,-2.16505]},"T4s":{"weight":1.0,"played":[1.0,0.0],"evs":[0.0,-1.78533]},"T5s":{"weight":1.0,"played":[1.0,0.0],"evs":[0.0,-1.84063]},"T6s":{"weight":1.0,"played":[1.0,0.0],"evs":[0.0,-1.06675]},"T7s":{"weight":1.0,"played":[0.9095,0.0905],"evs":[0.0,-0.28399]},"T8s":{"weight":1.0,"played":[0.0074,0.9926],"evs":[0.0,0.31088]},"T9s":{"weight":1.0,"played":[1.0E-4,0.9999],"evs":[0.0,0.89523]},"TT":{"weight":1.0,"played":[0.0,1.0],"evs":[0.0,9.97251]},"JTo":{"weight":1.0,"played":[0.0268,0.9732],"evs":[0.0,0.04634]},"QTo":{"weight":1.0,"played":[0.3115,0.6885],"evs":[0.0,0.05389]},"KTo":{"weight":1.0,"played":[1.0E-4,0.9999],"evs":[0.0,0.50681]},"ATo":{"weight":1.0,"played":[0.0,1.0],"evs":[0.0,4.30493]},"J2s":{"weight":1.0,"played":[1.0,0.0],"evs":[0.0,-2.08001]},"J3s":{"weight":1.0,"played":[1.0,0.0],"evs":[0.0,-1.90906]},"J4s":{"weight":1.0,"played":[1.0,0.0],"evs":[0.0,-1.42226]},"J5s":{"weight":1.0,"played":[1.0,0.0],"evs":[0.0,-1.32444]},"J6s":{"weight":1.0,"played":[1.0,0.0],"evs":[0.0,-0.93987]},"J7s":{"weight":1.0,"played":[0.9975,0.0025],"evs":[0.0,-0.42811]},"J8s":{"weight":1.0,"played":[0.0383,0.9617],"evs":[0.0,-1.9E-4]},"J9s":{"weight":1.0,"played":[1.0E-4,0.9999],"evs":[0.0,0.7853]},"JTs":{"weight":1.0,"played":[0.0,1.0],"evs":[0.0,1.39138]},"JJ":{"weight":1.0,"played":[0.0,1.0],"evs":[0.0,11.40087]},"QJo":{"weight":1.0,"played":[1.0E-4,0.9999],"evs":[0.0,0.754]},"KJo":{"weight":1.0,"played":[0.0,1.0],"evs":[0.0,1.2269]},"AJo":{"weight":1.0,"played":[0.0,1.0],"evs":[0.0,5.61679]},"Q2s":{"weight":1.0,"played":[1.0,0.0],"evs":[0.0,-1.81646]},"Q3s":{"weight":1.0,"played":[1.0,0.0],"evs":[0.0,-1.55685]},"Q4s":{"weight":1.0,"played":[1.0,0.0],"evs":[0.0,-1.25946]},"Q5s":{"weight":1.0,"played":[1.0,0.0],"evs":[0.0,-1.20518]},"Q6s":{"weight":1.0,"played":[1.0,0.0],"evs":[0.0,-0.67072]},"Q7s":{"weight":1.0,"played":[1.0,0.0],"evs":[0.0,-0.6479]},"Q8s":{"weight":1.0,"played":[0.8502,0.1498],"evs":[0.0,-0.14636]},"Q9s":{"weight":1.0,"played":[1.0E-4,0.9999],"evs":[0.0,0.80821]},"QTs":{"weight":1.0,"played":[0.0,1.0],"evs":[0.0,1.46942]},"QJs":{"weight":1.0,"played":[0.0,1.0],"evs":[0.0,2.13721]},"QQ":{"weight":1.0,"played":[0.0,1.0],"evs":[0.0,13.19549]},"KQo":{"weight":1.0,"played":[0.0,1.0],"evs":[0.0,2.07391]},"AQo":{"weight":1.0,"played":[0.0,1.0],"evs":[0.0,7.04089]},"K2s":{"weight":1.0,"played":[1.0,0.0],"evs":[0.0,-1.3151]},"K3s":{"weight":1.0,"played":[1.0,0.0],"evs":[0.0,-1.06889]},"K4s":{"weight":1.0,"played":[1.0,0.0],"evs":[0.0,-0.70642]},"K5s":{"weight":1.0,"played":[1.0,0.0],"evs":[0.0,-0.75686]},"K6s":{"weight":1.0,"played":[0.9473,0.0527],"evs":[0.0,-0.25672]},"K7s":{"weight":1.0,"played":[0.8245,0.1755],"evs":[0.0,-0.15452]},"K8s":{"weight":1.0,"played":[0.0697,0.9303],"evs":[0.0,0.03199]},"K9s":{"weight":1.0,"played":[1.0E-4,0.9999],"evs":[0.0,0.69217]},"KTs":{"weight":1.0,"played":[0.0,1.0],"evs":[0.0,1.78795]},"KJs":{"weight":1.0,"played":[0.0,1.0],"evs":[0.0,2.6159]},"KQs":{"weight":1.0,"played":[0.0,1.0],"evs":[0.0,3.49561]},"KK":{"weight":1.0,"played":[0.0,1.0],"evs":[0.0,15.23265]},"AKo":{"weight":1.0,"played":[0.0,1.0],"evs":[0.0,8.03882]},"A2s":{"weight":1.0,"played":[0.9999,1.0E-4],"evs":[0.0,-0.64894]},"A3s":{"weight":1.0,"played":[0.996,0.004],"evs":[0.0,-0.3918]},"A4s":{"weight":1.0,"played":[0.9748,0.0252],"evs":[0.0,-0.28377]},"A5s":{"weight":1.0,"played":[0.0098,0.9902],"evs":[0.0,0.27884]},"A6s":{"weight":1.0,"played":[3.0E-4,0.9997],"evs":[0.0,0.44371]},"A7s":{"weight":1.0,"played":[0.0,1.0],"evs":[0.0,1.35579]},"A8s":{"weight":1.0,"played":[0.0,1.0],"evs":[0.0,2.30987]},"A9s":{"weight":1.0,"played":[0.0,1.0],"evs":[0.0,3.39745]},"ATs":{"weight":1.0,"played":[0.0,1.0],"evs":[0.0,5.67036]},"AJs":{"weight":1.0,"played":[0.0,1.0],"evs":[0.0,6.65094]},"AQs":{"weight":1.0,"played":[0.0,1.0],"evs":[0.0,8.30406]},"AKs":{"weight":1.0,"played":[0.0,1.0],"evs":[0.0,9.10843]},"AA":{"weight":1.0,"played":[0.0,1.0],"evs":[0.0,20.12646]}}}