{"player":3,"street":0,"children":3,"sequence":[{"player":0,"type":"F","amount":0,"street":0},{"player":1,"type":"R","amount":200000,"street":0},{"player":2,"type":"F","amount":0,"street":0}],"actions":[{"type":"F","amount":0,"node":60},{"type":"C","amount":200000,"node":70},{"type":"R","amount":985000,"node":90}],"hands":{"22":{"weight":1.0,"played":[1.0,0.0,0.0],"evs":[0.0,-0.41659,-0.52549]},"32o":{"weight":1.0,"played":[1.0,0.0,0.0],"evs":[0.0,-1.00433,-3.2858]},"42o":{"weight":1.0,"played":[1.0,0.0,0.0],"evs":[0.0,-0.98329,-3.18905]},"52o":{"weight":1.0,"played":[1.0,0.0,0.0],"evs":[0.0,-0.94882,-3.07565]},"62o":{"weight":1.0,"played":[1.0,0.0,0.0],"evs":[0.0,-1.01104,-3.31728]},"72o":{"weight":1.0,"played":[1.0,0.0,0.0],"evs":[0.0,-1.05819,-3.49504]},"82o":{"weight":1.0,"played":[1.0,0.0,0.0],"evs":[0.0,-1.02776,-3.30584]},"92o":{"weight":1.0,"played":[1.0,0.0,0.0],"evs":[0.0,-1.00277,-3.12104]},"T2o":{"weight":1.0,"played":[1.0,0.0,0.0],"evs":[0.0,-0.98915,-3.02381]},"J2o":{"weight":1.0,"played":[1.0,0.0,0.0],"evs":[0.0,-0.92529,-2.72665]},"Q2o":{"weight":1.0,"played":[1.0,0.0,0.0],"evs":[0.0,-0.87949,-2.44905]},"K2o":{"weight":1.0,"played":[1.0,0.0,0.0],"evs":[0.0,-0.75374,-1.87336]},"A2o":{"weight":1.0,"played":[1.0,0.0,0.0],"evs":[0.0,-0.41604,-0.71612]},"32s":{"weight":1.0,"played":[1.0,0.0,0.0],"evs":[0.0,-0.82525,-2.54096]},"33":{"weight":1.0,"played":[1.0,0.0,0.0],"evs":[0.0,-0.26078,-0.3456]},"43o":{"weight":1.0,"played":[1.0,0.0,0.0],"evs":[0.0,-0.91744,-2.92746]},"53o":{"weight":1.0,"played":[1.0,0.0,0.0],"evs":[0.0,-0.87766,-2.82119]},"63o":{"weight":1.0,"played":[1.0,0.0,0.0],"evs":[0.0,-0.93551,-3.04841]},"73o":{"weight":1.0,"played":[1.0,0.0,0.0],"evs":[0.0,-0.98476,-3.21724]},"83o":{"weight":1.0,"played":[1.0,0.0,0.0],"evs":[0.0,-1.01859,-3.29354]},"93o":{"weight":1.0,"played":[1.0,0.0,0.0],"evs":[0.0,-0.99281,-3.06931]},"T3o":{"weight":1.0,"played":[1.0,0.0,0.0],"evs":[0.0,-0.98066,-2.96183]},"J3o":{"weight":1.0,"played":[1.0,0.0,0.0],"evs":[0.0,-0.92013,-2.68167]},"Q3o":{"weight":1.0,"played":[1.0,0.0,0.0],"evs":[0.0,-0.87447,-2.40372]},"K3o":{"weight":1.0,"played":[1.0,0.0,0.0],"evs":[0.0,-0.73843,-1.80063]},"A3o":{"weight":1.0,"played":[1.0,0.0,0.0],"evs":[0.0,-0.37138,-0.63342]},"42s":{"weight":1.0,"played":[1.0,0.0,0.0],"evs":[0.0,-0.79409,-2.43547]},"43s":{"weight":1.0,"played":[1.0,0.0,0.0],"evs":[0.0,-0.72506,-2.16875]},"44":{"weight":1.0,"played":[0.9849,0.015,1.0E-4],"evs":[0.0,-0.04415,-0.07454]},"54o":{"weight":1.0,"played":[1.0,0.0,0.0],"evs":[0.0,-0.80458,-2.53128]},"64o":{"weight":1.0,"played":[1.0,0.0,0.0],"evs":[0.0,-0.84979,-2.75314]},"74o":{"weight":1.0,"played":[1.0,0.0,0.0],"evs":[0.0,-0.91004,-2.93503]},"84o":{"weight":1.0,"played":[1.0,0.0,0.0],"evs":[0.0,-0.95598,-3.01299]},"94o":{"weight":1.0,"played":[1.0,0.0,0.0],"evs":[0.0,-0.98157,-3.05763]},"T4o":{"weight":1.0,"played":[1.0,0.0,0.0],"evs":[0.0,-0.96676,-2.89043]},"J4o":{"weight":1.0,"played":[1.0,0.0,0.0],"evs":[0.0,-0.90367,-2.59957]},"Q4o":{"weight":1.0,"played":[1.0,0.0,0.0],"evs":[0.0,-0.85265,-2.3229]},"K4o":{"weight":1.0,"played":[1.0,0.0,0.0],"evs":[0.0,-0.72028,-1.71628]},"A4o":{"weight":1.0,"played":[1.0,0.0,0.0],"evs":[0.0,-0.32115,-0.51052]},"52s":{"weight":1.0,"played":[1.0,0.0,0.0],"evs":[0.0,-0.75998,-2.31683]},"53s":{"weight":1.0,"played":[1.0,0.0,0.0],"evs":[0.0,-0.66793,-2.07371]},"54s":{"weight":1.0,"played":[1.0,0.0,0.0],"evs":[0.0,-0.54891,-1.82952]},"55":{"weight":1.0,"played":[0.0,0.3098,0.6902],"evs":[0.0,0.27905,0.28736]},"65o":{"weight":1.0,"played":[1.0,0.0,0.0],"evs":[0.0,-0.76464,-2.45396]},"75o":{"weight":1.0,"played":[1.0,0.0,0.0],"evs":[0.0,-0.79779,-2.59484]},"85o":{"weight":1.0,"played":[1.0,0.0,0.0],"evs":[0.0,-0.84631,-2.66757]},"95o":{"weight":1.0,"played":[1.0,0.0,0.0],"evs":[0.0,-0.89549,-2.72425]},"T5o":{"weight":1.0,"played":[1.0,0.0,0.0],"evs":[0.0,-0.92774,-2.81398]},"J5o":{"weight":1.0,"played":[1.0,0.0,0.0],"evs":[0.0,-0.86439,-2.47668]},"Q5o":{"weight":1.0,"played":[1.0,0.0,0.0],"evs":[0.0,-0.81534,-2.19258]},"K5o":{"weight":1.0,"played":[1.0,0.0,0.0],"evs":[0.0,-0.66646,-1.58493]},"A5o":{"weight":1.0,"played":[1.0,0.0,0.0],"evs":[0.0,-0.22615,-0.3501]},"62s":{"weight":1.0,"played":[1.0,0.0,0.0],"evs":[0.0,-0.83396,-2.55655]},"63s":{"weight":1.0,"played":[1.0,0.0,0.0],"evs":[0.0,-0.74232,-2.29818]},"64s":{"weight":1.0,"played":[1.0,0.0,0.0],"evs":[0.0,-0.64549,-2.01158]},"65s":{"weight":1.0,"played":[1.0,0.0,0.0],"evs":[0.0,-0.45376,-1.72599]},"66":{"weight":1.0,"played":[0.0,1.0E-4,0.9999],"evs":[0.0,0.5473,0.60292]},"76o":{"weight":1.0,"played":[1.0,0.0,0.0],"evs":[0.0,-0.73755,-2.34562]},"86o":{"weight":1.0,"played":[1.0,0.0,0.0],"evs":[0.0,-0.77024,-2.39075]},"96o":{"weight":1.0,"played":[1.0,0.0,0.0],"evs":[0.0,-0.81219,-2.42872]},"T6o":{"weight":1.0,"played":[1.0,0.0,0.0],"evs":[0.0,-0.86459,-2.52717]},"J6o":{"weight":1.0,"played":[1.0,0.0,0.0],"evs":[0.0,-0.85235,-2.44365]},"Q6o":{"weight":1.0,"played":[1.0,0.0,0.0],"evs":[0.0,-0.80481,-2.09405]},"K6o":{"weight":1.0,"played":[1.0,0.0,0.0],"evs":[0.0,-0.64261,-1.46121]},"A6o":{"weight":1.0,"played":[1.0,0.0,0.0],"evs":[0.0,-0.28356,-0.36551]},"72s":{"weight":1.0,"played":[1.0,0.0,0.0],"evs":[0.0,-0.86899,-2.71091]},"73s":{"weight":1.0,"played":[1.0,0.0,0.0],"evs":[0.0,-0.78187,-2.44305]},"74s":{"weight":1.0,"played":[1.0,0.0,0.0],"evs":[0.0,-0.71188,-2.18309]},"75s":{"weight":1.0,"played":[1.0,0.0,0.0],"evs":[0.0,-0.56554,-1.85745]},"76s":{"weight":1.0,"played":[1.0,0.0,0.0],"evs":[0.0,-0.40229,-1.63394]},"77":{"weight":1.0,"played":[0.0,0.0,1.0],"evs":[0.0,0.92139,1.09913]},"87o":{"weight":1.0,"played":[1.0,0.0,0.0],"evs":[0.0,-0.7051,-2.15615]},"97o":{"weight":1.0,"played":[1.0,0.0,0.0],"evs":[0.0,-0.73712,-2.18537]},"T7o":{"weight":1.0,"played":[1.0,0.0,0.0],"evs":[0.0,-0.78869,-2.25972]},"J7o":{"weight":1.0,"played":[1.0,0.0,0.0],"evs":[0.0,-0.78852,-2.15966]},"Q7o":{"weight":1.0,"played":[1.0,0.0,0.0],"evs":[0.0,-0.76921,-2.01797]},"K7o":{"weight":1.0,"played":[1.0,0.0,0.0],"evs":[0.0,-0.60316,-1.32344]},"A7o":{"weight":1.0,"played":[0.4026,1.0E-4,0.5973],"evs":[0.0,-0.12989,-0.00407]},"82s":{"weight":1.0,"played":[1.0,0.0,0.0],"evs":[0.0,-0.83572,-2.51108]},"83s":{"weight":1.0,"played":[1.0,0.0,0.0],"evs":[0.0,-0.81822,-2.50758]},"84s":{"weight":1.0,"played":[1.0,0.0,0.0],"evs":[0.0,-0.75342,-2.25156]},"85s":{"weight":1.0,"played":[1.0,0.0,0.0],"evs":[0.0,-0.62941,-1.91071]},"86s":{"weight":1.0,"played":[1.0,0.0,0.0],"evs":[0.0,-0.4877,-1.67304]},"87s":{"weight":1.0,"played":[1.0,0.0,0.0],"evs":[0.0,-0.33754,-1.44207]},"88":{"weight":1.0,"played":[0.0,0.0,1.0],"evs":[0.0,1.43318,1.68507]},"98o":{"weight":1.0,"played":[1.0,0.0,0.0],"evs":[0.0,-0.6636,-1.85915]},"T8o":{"weight":1.0,"played":[1.0,0.0,0.0],"evs":[0.0,-0.69557,-1.90853]},"J8o":{"weight":1.0,"played":[1.0,0.0,0.0],"evs":[0.0,-0.69208,-1.79799]},"Q8o":{"weight":1.0,"played":[1.0,0.0,0.0],"evs":[0.0,-0.68756,-1.66058]},"K8o":{"weight":1.0,"played":[1.0,0.0,0.0],"evs":[0.0,-0.55817,-1.18219]},"A8o":{"weight":1.0,"played":[0.0,0.0,1.0],"evs":[0.0,0.09584,0.36404]},"92s":{"weight":1.0,"played":[1.0,0.0,0.0],"evs":[0.0,-0.8117,-2.3494]},"93s":{"weight":1.0,"played":[1.0,0.0,0.0],"evs":[0.0,-0.7859,-2.30267]},"94s":{"weight":1.0,"played":[1.0,0.0,0.0],"evs":[0.0,-0.78877,-2.28748]},"95s":{"weight":1.0,"played":[1.0,0.0,0.0],"evs":[0.0,-0.68304,-1.97635]},"96s":{"weight":1.0,"played":[1.0,0.0,0.0],"evs":[0.0,-0.57028,-1.71321]},"97s":{"weight":1.0,"played":[1.0,0.0,0.0],"evs":[0.0,-0.41755,-1.46878]},"98s":{"weight":1.0,"played":[1.0,0.0,0.0],"evs":[0.0,-0.20744,-1.1511]},"99":{"weight":1.0,"played":[0.0,0.0,1.0],"evs":[0.0,1.92869,2.31291]},"T9o":{"weight":1.0,"played":[1.0,0.0,0.0],"evs":[0.0,-0.56086,-1.4635]},"J9o":{"weight":1.0,"played":[1.0,0.0,0.0],"evs":[0.0,-0.56405,-1.39672]},"Q9o":{"weight":1.0,"played":[1.0,0.0,0.0],"evs":[0.0,-0.58623,-1.25539]},"K9o":{"weight":1.0,"played":[1.0,0.0,0.0],"evs":[0.0,-0.45436,-0.76221]},"A9o":{"weight":1.0,"played":[0.0,0.0,1.0],"evs":[0.0,0.36795,0.74767]},"T2s":{"weight":1.0,"played":[1.0,0.0,0.0],"evs":[0.0,-0.78523,-2.24479]},"T3s":{"weight":1.0,"played":[1.0,0.0,0.0],"evs":[0.0,-0.77858,-2.20105]},"T4s":{"weight":1.0,"played":[1.0,0.0,0.0],"evs":[0.0,-0.74817,-2.13086]},"T5s":{"weight":1.0,"played":[1.0,0.0,0.0],"evs":[0.0,-0.71783,-2.05465]},"T6s":{"weight":1.0,"played":[1.0,0.0,0.0],"evs":[0.0,-0.66054,-1.81676]},"T7s":{"weight":1.0,"played":[1.0,0.0,0.0],"evs":[0.0,-0.50492,-1.53527]},"T8s":{"weight":1.0,"played":[1.0,0.0,0.0],"evs":[0.0,-0.28816,-1.21169]},"T9s":{"weight":1.0,"played":[0.7657,0.2343,0.0],"evs":[0.0,-0.00818,-0.78748]},"TT":{"weight":1.0,"played":[0.0,0.0,1.0],"evs":[0.0,2.64226,3.15485]},"JTo":{"weight":1.0,"played":[1.0,0.0,0.0],"evs":[0.0,-0.3482,-0.98693]},"QTo":{"weight":1.0,"played":[1.0,0.0,0.0],"evs":[0.0,-0.30635,-0.70324]},"KTo":{"weight":1.0,"played":[0.9999,1.0E-4,0.0],"evs":[0.0,-0.1539,-0.13578]},"ATo":{"weight":1.0,"played":[0.0,0.0,1.0],"evs":[0.0,0.98502,1.50409]},"J2s":{"weight":1.0,"played":[1.0,0.0,0.0],"evs":[0.0,-0.72422,-1.97387]},"J3s":{"weight":1.0,"played":[1.0,0.0,0.0],"evs":[0.0,-0.70699,-1.91883]},"J4s":{"weight":1.0,"played":[1.0,0.0,0.0],"evs":[0.0,-0.69359,-1.8494]},"J5s":{"weight":1.0,"played":[1.0,0.0,0.0],"evs":[0.0,-0.65641,-1.75434]},"J6s":{"weight":1.0,"played":[1.0,0.0,0.0],"evs":[0.0,-0.63613,-1.73075]},"J7s":{"weight":1.0,"played":[1.0,0.0,0.0],"evs":[0.0,-0.52334,-1.442]},"J8s":{"weight":1.0,"played":[1.0,0.0,0.0],"evs":[0.0,-0.32707,-1.11819]},"J9s":{"weight":1.0,"played":[1.0,0.0,0.0],"evs":[0.0,-0.05355,-0.74132]},"JTs":{"weight":1.0,"played":[0.0,1.0,0.0],"evs":[0.0,0.2391,-0.32197]},"JJ":{"weight":1.0,"played":[0.0,0.0,1.0],"evs":[0.0,3.51697,4.03262]},"QJo":{"weight":1.0,"played":[0.9996,4.0E-4,0.0],"evs":[0.0,-0.09886,-0.33449]},"KJo":{"weight":1.0,"played":[0.0,3.0E-4,0.9997],"evs":[0.0,0.15153,0.2538]},"AJo":{"weight":1.0,"played":[0.0,0.0,1.0],"evs":[0.0,1.42089,1.92888]},"Q2s":{"weight":1.0,"played":[1.0,0.0,0.0],"evs":[0.0,-0.66365,-1.71226]},"Q3s":{"weight":1.0,"played":[1.0,0.0,0.0],"evs":[0.0,-0.64712,-1.64943]},"Q4s":{"weight":1.0,"played":[1.0,0.0,0.0],"evs":[0.0,-0.63807,-1.5738]},"Q5s":{"weight":1.0,"played":[1.0,0.0,0.0],"evs":[0.0,-0.58766,-1.46235]},"Q6s":{"weight":1.0,"played":[1.0,0.0,0.0],"evs":[0.0,-0.56134,-1.36781]},"Q7s":{"weight":1.0,"played":[1.0,0.0,0.0],"evs":[0.0,-0.53607,-1.31399]},"Q8s":{"weight":1.0,"played":[1.0,0.0,0.0],"evs":[0.0,-0.33541,-0.95907]},"Q9s":{"weight":1.0,"played":[0.9269,0.0731,0.0],"evs":[0.0,-0.07379,-0.58024]},"QTs":{"weight":1.0,"played":[0.0,1.0,0.0],"evs":[0.0,0.28449,-0.04723]},"QJs":{"weight":1.0,"played":[0.0,1.0,0.0],"evs":[0.0,0.47118,0.27168]},"QQ":{"weight":1.0,"played":[0.0,0.0,1.0],"evs":[0.0,4.49662,4.98211]},"KQo":{"weight":1.0,"played":[0.0,0.0,1.0],"evs":[0.0,0.49454,0.66456]},"AQo":{"weight":1.0,"played":[0.0,0.0,1.0],"evs":[0.0,1.97512,2.51906]},"K2s":{"weight":1.0,"played":[1.0,0.0,0.0],"evs":[0.0,-0.50239,-1.13956]},"K3s":{"weight":1.0,"played":[1.0,0.0,0.0],"evs":[0.0,-0.48989,-1.08568]},"K4s":{"weight":1.0,"played":[1.0,0.0,0.0],"evs":[0.0,-0.45552,-1.00238]},"K5s":{"weight":1.0,"played":[1.0,0.0,0.0],"evs":[0.0,-0.39657,-0.87154]},"K6s":{"weight":1.0,"played":[1.0,0.0,0.0],"evs":[0.0,-0.33956,-0.77377]},"K7s":{"weight":1.0,"played":[1.0,0.0,0.0],"evs":[0.0,-0.28373,-0.63677]},"K8s":{"weight":1.0,"played":[1.0,0.0,0.0],"evs":[0.0,-0.18352,-0.48675]},"K9s":{"weight":1.0,"played":[3.0E-4,0.9997,0.0],"evs":[0.0,0.0589,-0.09384]},"KTs":{"weight":1.0,"played":[0.0,0.031,0.969],"evs":[0.0,0.46314,0.48137]},"KJs":{"weight":1.0,"played":[0.0,0.0012,0.9988],"evs":[0.0,0.76679,0.83912]},"KQs":{"weight":1.0,"played":[0.0,0.0,1.0],"evs":[0.0,1.07884,1.22811]},"KK":{"weight":1.0,"played":[0.0,0.0,1.0],"evs":[0.0,5.7031,6.05984]},"AKo":{"weight":1.0,"played":[0.0,0.0,1.0],"evs":[0.0,2.73271,3.23109]},"A2s":{"weight":1.0,"played":[0.4127,0.1118,0.4755],"evs":[0.0,-0.01508,-0.00116]},"A3s":{"weight":1.0,"played":[0.0,0.6334,0.3666],"evs":[0.0,0.02768,0.02384]},"A4s":{"weight":1.0,"played":[0.0,0.0094,0.9906],"evs":[0.0,0.1205,0.16234]},"A5s":{"weight":1.0,"played":[0.0,0.0,1.0],"evs":[0.0,0.24253,0.28777]},"A6s":{"weight":1.0,"played":[0.0,6.0E-4,0.9994],"evs":[0.0,0.17344,0.2854]},"A7s":{"weight":1.0,"played":[0.0,0.0,1.0],"evs":[0.0,0.38463,0.59905]},"A8s":{"weight":1.0,"played":[0.0,0.0,1.0],"evs":[0.0,0.66396,0.95689]},"A9s":{"weight":1.0,"played":[0.0,0.0,1.0],"evs":[0.0,0.9559,1.30481]},"ATs":{"weight":1.0,"played":[0.0,0.0,1.0],"evs":[0.0,1.5849,2.01044]},"AJs":{"weight":1.0,"played":[0.0,0.0,1.0],"evs":[0.0,1.98981,2.40769]},"AQs":{"weight":1.0,"played":[0.0,0.0,1.0],"evs":[0.0,2.52483,2.9684]},"AKs":{"weight":1.0,"played":[0.0,0.0,1.0],"evs":[0.0,3.19821,3.61711]},"AA":{"weight":1.0,"played":[0.0,2.0E-4,0.9998],"evs":[0.0,7.74154,7.93656]}}}