{"player":4,"street":0,"children":2,"sequence":[{"player":0,"type":"F","amount":0,"street":0},{"player":1,"type":"R","amount":200000,"street":0},{"player":2,"type":"F","amount":0,"street":0},{"player":3,"type":"F","amount":0,"street":0},{"player":4,"type":"C","amount":150000,"street":0},{"player":5,"type":"R","amount":1985000,"street":0},{"player":1,"type":"F","amount":0,"street":0}],"actions":[{"type":"F","amount":0},{"type":"C","amount":885000}],"hands":{"22":{"weight":0.0022,"played":[0.0,1.0],"evs":[0.0,1.48826]},"32o":{"weight":0.0,"played":[1.0,0.0],"evs":[0.0,-1.70271]},"42o":{"weight":0.0,"played":[1.0,0.0],"evs":[0.0,-1.66575]},"52o":{"weight":0.0,"played":[1.0,0.0],"evs":[0.0,-1.42568]},"62o":{"weight":0.0,"played":[1.0,0.0],"evs":[0.0,-1.66907]},"72o":{"weight":0.0,"played":[1.0,0.0],"evs":[0.0,-1.77317]},"82o":{"weight":0.0,"played":[1.0,0.0],"evs":[0.0,-1.65846]},"92o":{"weight":0.0,"played":[1.0,0.0],"evs":[0.0,-1.62487]},"T2o":{"weight":0.0,"played":[1.0,0.0],"evs":[0.0,-1.80955]},"J2o":{"weight":0.0,"played":[1.0,0.0],"evs":[0.0,-1.49233]},"Q2o":{"weight":0.0,"played":[1.0,0.0],"evs":[0.0,-1.44947]},"K2o":{"weight":0.0,"played":[1.0,0.0],"evs":[0.0,-1.17557]},"A2o":{"weight":1.0E-4,"played":[0.0,1.0],"evs":[0.0,0.29633]},"32s":{"weight":0.0,"played":[1.0,0.0],"evs":[0.0,-0.97093]},"33":{"weight":1.0,"played":[0.0,1.0],"evs":[0.0,1.59323]},"43o":{"weight":0.0,"played":[1.0,0.0],"evs":[0.0,-1.41798]},"53o":{"weight":0.0,"played":[1.0,0.0],"evs":[0.0,-1.17553]},"63o":{"weight":0.0,"played":[1.0,0.0],"evs":[0.0,-1.45688]},"73o":{"weight":0.0,"played":[1.0,0.0],"evs":[0.0,-1.60172]},"83o":{"weight":0.0,"played":[1.0,0.0],"evs":[0.0,-1.57367]},"93o":{"weight":0.0,"played":[1.0,0.0],"evs":[0.0,-1.60953]},"T3o":{"weight":0.0,"played":[1.0,0.0],"evs":[0.0,-1.66597]},"J3o":{"weight":0.0,"played":[1.0,0.0],"evs":[0.0,-1.40717]},"Q3o":{"weight":0.0,"played":[1.0,0.0],"evs":[0.0,-1.36922]},"K3o":{"weight":0.0,"played":[1.0,0.0],"evs":[0.0,-1.08826]},"A3o":{"weight":1.0E-4,"played":[0.0,1.0],"evs":[0.0,0.27446]},"42s":{"weight":0.0,"played":[1.0,0.0],"evs":[0.0,-0.83294]},"43s":{"weight":0.0,"played":[1.0,0.0],"evs":[0.0,-0.65345]},"44":{"weight":0.9999,"played":[0.0,1.0],"evs":[0.0,2.00704]},"54o":{"weight":0.0,"played":[0.9999,1.0E-4],"evs":[0.0,-0.9983]},"64o":{"weight":0.0,"played":[1.0,0.0],"evs":[0.0,-1.13942]},"74o":{"weight":0.0,"played":[1.0,0.0],"evs":[0.0,-1.37931]},"84o":{"weight":0.0,"played":[1.0,0.0],"evs":[0.0,-1.39858]},"94o":{"weight":0.0,"played":[1.0,0.0],"evs":[0.0,-1.71814]},"T4o":{"weight":0.0,"played":[1.0,0.0],"evs":[0.0,-1.69351]},"J4o":{"weight":0.0,"played":[1.0,0.0],"evs":[0.0,-1.47117]},"Q4o":{"weight":0.0,"played":[1.0,0.0],"evs":[0.0,-1.355]},"K4o":{"weight":0.0,"played":[1.0,0.0],"evs":[0.0,-1.1235]},"A4o":{"weight":0.9932,"played":[0.0,1.0],"evs":[0.0,0.3982]},"52s":{"weight":0.0,"played":[1.0,0.0],"evs":[0.0,-0.70773]},"53s":{"weight":0.0,"played":[1.0,0.0],"evs":[0.0,-0.38932]},"54s":{"weight":0.0,"played":[0.8718,0.1282],"evs":[0.0,-0.22592]},"55":{"weight":0.001,"played":[0.0,1.0],"evs":[0.0,2.46357]},"65o":{"weight":0.0,"played":[1.0,0.0],"evs":[0.0,-0.7357]},"75o":{"weight":0.0,"played":[1.0,0.0],"evs":[0.0,-0.90533]},"85o":{"weight":0.0,"played":[1.0,0.0],"evs":[0.0,-0.95152]},"95o":{"weight":0.0,"played":[1.0,0.0],"evs":[0.0,-1.23518]},"T5o":{"weight":0.0,"played":[1.0,0.0],"evs":[0.0,-1.67742]},"J5o":{"weight":0.0,"played":[1.0,0.0],"evs":[0.0,-1.22576]},"Q5o":{"weight":0.0,"played":[1.0,0.0],"evs":[0.0,-1.15762]},"K5o":{"weight":0.0,"played":[1.0,0.0],"evs":[0.0,-0.95342]},"A5o":{"weight":1.0,"played":[0.0,1.0],"evs":[0.0,0.67172]},"62s":{"weight":0.0,"played":[0.9988,0.0012],"evs":[0.0,-0.89842]},"63s":{"weight":0.0,"played":[1.0,0.0],"evs":[0.0,-0.6761]},"64s":{"weight":0.0,"played":[0.9573,0.0427],"evs":[0.0,-0.2539]},"65s":{"weight":0.0,"played":[0.6095,0.3905],"evs":[0.0,0.04163]},"66":{"weight":0.0,"played":[0.0,1.0],"evs":[0.0,2.92138]},"76o":{"weight":0.0,"played":[0.9998,2.0E-4],"evs":[0.0,-0.58794]},"86o":{"weight":0.0,"played":[1.0,0.0],"evs":[0.0,-0.69123]},"96o":{"weight":0.0,"played":[1.0,0.0],"evs":[0.0,-0.86444]},"T6o":{"weight":0.0,"played":[1.0,0.0],"evs":[0.0,-1.2303]},"J6o":{"weight":0.0,"played":[1.0,0.0],"evs":[0.0,-1.1732]},"Q6o":{"weight":0.0,"played":[0.9999,1.0E-4],"evs":[0.0,-1.01186]},"K6o":{"weight":0.0,"played":[1.0,0.0],"evs":[0.0,-0.81145]},"A6o":{"weight":0.7599,"played":[0.0,1.0],"evs":[0.0,0.74574]},"72s":{"weight":0.0,"played":[1.0,0.0],"evs":[0.0,-1.14214]},"73s":{"weight":0.0,"played":[1.0,0.0],"evs":[0.0,-0.78871]},"74s":{"weight":0.0,"played":[0.9998,2.0E-4],"evs":[0.0,-0.60342]},"75s":{"weight":0.0,"played":[0.9863,0.0137],"evs":[0.0,-0.20493]},"76s":{"weight":2.0E-4,"played":[0.2417,0.7583],"evs":[0.0,0.01633]},"77":{"weight":0.0,"played":[0.0,1.0],"evs":[0.0,3.41609]},"87o":{"weight":0.0,"played":[0.9998,2.0E-4],"evs":[0.0,-0.40947]},"97o":{"weight":0.0,"played":[1.0,0.0],"evs":[0.0,-0.66149]},"T7o":{"weight":0.0,"played":[1.0,0.0],"evs":[0.0,-0.94633]},"J7o":{"weight":0.0,"played":[1.0,0.0],"evs":[0.0,-0.8862]},"Q7o":{"weight":0.0,"played":[1.0,0.0],"evs":[0.0,-1.04367]},"K7o":{"weight":0.0,"played":[1.0,0.0],"evs":[0.0,-0.79616]},"A7o":{"weight":0.0,"played":[0.0,1.0],"evs":[0.0,1.29296]},"82s":{"weight":0.0,"played":[0.9997,3.0E-4],"evs":[0.0,-0.79216]},"83s":{"weight":0.0,"played":[1.0,0.0],"evs":[0.0,-0.87964]},"84s":{"weight":0.0,"played":[0.9996,4.0E-4],"evs":[0.0,-0.62802]},"85s":{"weight":0.0,"played":[0.9982,0.0018],"evs":[0.0,-0.20141]},"86s":{"weight":0.0,"played":[0.0962,0.9038],"evs":[0.0,0.05494]},"87s":{"weight":0.3079,"played":[0.0,1.0],"evs":[0.0,0.23741]},"88":{"weight":0.0,"played":[0.0,1.0],"evs":[0.0,4.08301]},"98o":{"weight":0.0,"played":[1.0,0.0],"evs":[0.0,-0.29463]},"T8o":{"weight":0.0,"played":[0.9998,2.0E-4],"evs":[0.0,-0.54857]},"J8o":{"weight":0.0,"played":[1.0,0.0],"evs":[0.0,-0.42382]},"Q8o":{"weight":0.0,"played":[1.0,0.0],"evs":[0.0,-0.60562]},"K8o":{"weight":0.0,"played":[0.9996,4.0E-4],"evs":[0.0,-0.67133]},"A8o":{"weight":0.0,"played":[0.0,1.0],"evs":[0.0,1.97632]},"92s":{"weight":0.0,"played":[1.0,0.0],"evs":[0.0,-0.73632]},"93s":{"weight":0.0,"played":[0.9991,9.0E-4],"evs":[0.0,-0.85636]},"94s":{"weight":0.0,"played":[1.0,0.0],"evs":[0.0,-0.82632]},"95s":{"weight":0.0,"played":[0.9994,6.0E-4],"evs":[0.0,-0.43138]},"96s":{"weight":0.0,"played":[0.884,0.116],"evs":[0.0,-0.2387]},"97s":{"weight":0.0,"played":[0.04,0.96],"evs":[0.0,0.0249]},"98s":{"weight":0.9991,"played":[0.0,1.0],"evs":[0.0,0.44278]},"99":{"weight":0.0,"played":[0.0,1.0],"evs":[0.0,4.58843]},"T9o":{"weight":0.0,"played":[0.9961,0.0039],"evs":[0.0,-0.40978]},"J9o":{"weight":0.0,"played":[0.9999,1.0E-4],"evs":[0.0,-0.38001]},"Q9o":{"weight":0.0,"played":[0.9999,1.0E-4],"evs":[0.0,-0.49509]},"K9o":{"weight":2.0E-4,"played":[0.9998,2.0E-4],"evs":[0.0,-0.45886]},"A9o":{"weight":0.0,"played":[0.0,1.0],"evs":[0.0,2.4607]},"T2s":{"weight":0.0,"played":[1.0,0.0],"evs":[0.0,-1.04117]},"T3s":{"weight":0.0,"played":[1.0,0.0],"evs":[0.0,-0.93433]},"T4s":{"weight":0.0,"played":[0.9998,2.0E-4],"evs":[0.0,-0.9204]},"T5s":{"weight":0.0,"played":[1.0,0.0],"evs":[0.0,-0.76076]},"T6s":{"weight":0.0,"played":[0.9719,0.0281],"evs":[0.0,-0.37906]},"T7s":{"weight":0.0,"played":[0.9187,0.0813],"evs":[0.0,-0.2084]},"T8s":{"weight":0.9999,"played":[8.0E-4,0.9992],"evs":[0.0,0.24956]},"T9s":{"weight":1.0,"played":[0.0,1.0],"evs":[0.0,0.45822]},"TT":{"weight":0.0,"played":[0.0,1.0],"evs":[0.0,5.01085]},"JTo":{"weight":0.986,"played":[0.888,0.112],"evs":[0.0,-0.07837]},"QTo":{"weight":1.0,"played":[0.9193,0.0807],"evs":[0.0,-0.19011]},"KTo":{"weight":0.9999,"played":[0.8787,0.1213],"evs":[0.0,-0.1724]},"ATo":{"weight":0.0,"played":[0.0,1.0],"evs":[0.0,3.17595]},"J2s":{"weight":0.0,"played":[0.9993,7.0E-4],"evs":[0.0,-0.62864]},"J3s":{"weight":0.0,"played":[0.997,0.003],"evs":[0.0,-0.71567]},"J4s":{"weight":0.0,"played":[0.9991,9.0E-4],"evs":[0.0,-0.78735]},"J5s":{"weight":0.0,"played":[0.9997,3.0E-4],"evs":[0.0,-0.44505]},"J6s":{"weight":0.0,"played":[0.995,0.005],"evs":[0.0,-0.40769]},"J7s":{"weight":0.0,"played":[0.8049,0.1951],"evs":[0.0,-0.15764]},"J8s":{"weight":0.9939,"played":[2.0E-4,0.9998],"evs":[0.0,0.20983]},"J9s":{"weight":1.0,"played":[0.0224,0.9776],"evs":[0.0,0.33691]},"JTs":{"weight":1.0,"played":[0.0,1.0],"evs":[0.0,0.5423]},"JJ":{"weight":0.0,"played":[0.0,1.0],"evs":[0.0,5.66847]},"QJo":{"weight":1.0,"played":[0.8805,0.1195],"evs":[0.0,-0.01089]},"KJo":{"weight":0.0,"played":[0.0,1.0],"evs":[0.0,0.40509]},"AJo":{"weight":0.0,"played":[0.0,1.0],"evs":[0.0,4.14072]},"Q2s":{"weight":0.0,"played":[0.9997,3.0E-4],"evs":[0.0,-0.54578]},"Q3s":{"weight":0.0,"played":[0.9992,8.0E-4],"evs":[0.0,-0.6424]},"Q4s":{"weight":0.0,"played":[0.9989,0.0011],"evs":[0.0,-0.57929]},"Q5s":{"weight":0.0,"played":[1.0,0.0],"evs":[0.0,-0.18936]},"Q6s":{"weight":0.0,"played":[0.9955,0.0045],"evs":[0.0,-0.10094]},"Q7s":{"weight":0.0,"played":[0.9532,0.0468],"evs":[0.0,-0.33024]},"Q8s":{"weight":0.9368,"played":[0.0364,0.9636],"evs":[0.0,0.04669]},"Q9s":{"weight":1.0,"played":[2.0E-4,0.9998],"evs":[0.0,0.27243]},"QTs":{"weight":1.0,"played":[0.0,1.0],"evs":[0.0,0.57336]},"QJs":{"weight":1.0,"played":[0.0,1.0],"evs":[0.0,0.57356]},"QQ":{"weight":0.0,"played":[0.0,1.0],"evs":[0.0,6.38888]},"KQo":{"weight":0.0,"played":[0.0,1.0],"evs":[0.0,0.87602]},"AQo":{"weight":0.0,"played":[0.0,1.0],"evs":[0.0,4.8319]},"K2s":{"weight":0.0,"played":[0.9938,0.0062],"evs":[0.0,-0.59273]},"K3s":{"weight":0.0,"played":[0.9994,6.0E-4],"evs":[0.0,-0.44565]},"K4s":{"weight":1.0E-4,"played":[0.9811,0.0189],"evs":[0.0,-0.28308]},"K5s":{"weight":0.8384,"played":[0.9911,0.0089],"evs":[0.0,-0.18785]},"K6s":{"weight":0.9987,"played":[0.7542,0.2458],"evs":[0.0,-0.00524]},"K7s":{"weight":0.9999,"played":[0.8739,0.1261],"evs":[0.0,-0.06368]},"K8s":{"weight":1.0,"played":[0.0,1.0],"evs":[0.0,0.19911]},"K9s":{"weight":1.0,"played":[5.0E-4,0.9995],"evs":[0.0,0.39829]},"KTs":{"weight":0.0048,"played":[0.0,1.0],"evs":[0.0,0.46041]},"KJs":{"weight":0.0,"played":[0.0,1.0],"evs":[0.0,0.98953]},"KQs":{"weight":0.0,"played":[0.0,1.0],"evs":[0.0,1.53421]},"KK":{"weight":0.0,"played":[0.0,1.0],"evs":[0.0,7.16459]},"AKo":{"weight":0.0,"played":[0.0,1.0],"evs":[0.0,5.71992]},"A2s":{"weight":0.0083,"played":[0.0,1.0],"evs":[0.0,0.89154]},"A3s":{"weight":0.0,"played":[0.0,1.0],"evs":[0.0,1.01391]},"A4s":{"weight":0.0,"played":[0.0,1.0],"evs":[0.0,0.99841]},"A5s":{"weight":1.0E-4,"played":[0.0,1.0],"evs":[0.0,1.43022]},"A6s":{"weight":0.0,"played":[0.0,1.0],"evs":[0.0,1.3346]},"A7s":{"weight":0.0,"played":[0.0,1.0],"evs":[0.0,1.75794]},"A8s":{"weight":0.0,"played":[0.0,1.0],"evs":[0.0,2.46701]},"A9s":{"weight":0.0,"played":[0.0,1.0],"evs":[0.0,3.01035]},"ATs":{"weight":0.0,"played":[0.0,1.0],"evs":[0.0,3.6708]},"AJs":{"weight":0.0,"played":[0.0,1.0],"evs":[0.0,4.62828]},"AQs":{"weight":0.0,"played":[0.0,1.0],"evs":[0.0,5.31688]},"AKs":{"weight":0.0,"played":[0.0,1.0],"evs":[0.0,6.19227]},"AA":{"weight":0.0,"played":[0.0,1.0],"evs":[0.0,10.52444]}}}