{"player":5,"street":0,"children":2,"sequence":[{"player":0,"type":"F","amount":0,"street":0},{"player":1,"type":"R","amount":200000,"street":0},{"player":2,"type":"F","amount":0,"street":0},{"player":3,"type":"F","amount":0,"street":0},{"player":4,"type":"R","amount":1085000,"street":0}],"actions":[{"type":"F","amount":0,"node":68},{"type":"R","amount":1985000,"node":69}],"hands":{"22":{"weight":1.0,"played":[8.0E-4,0.9992],"evs":[0.0,0.16505]},"32o":{"weight":1.0,"played":[1.0,0.0],"evs":[0.0,-4.60566]},"42o":{"weight":1.0,"played":[1.0,0.0],"evs":[0.0,-4.40117]},"52o":{"weight":1.0,"played":[1.0,0.0],"evs":[0.0,-4.21188]},"62o":{"weight":1.0,"played":[1.0,0.0],"evs":[0.0,-4.71899]},"72o":{"weight":1.0,"played":[1.0,0.0],"evs":[0.0,-5.22071]},"82o":{"weight":1.0,"played":[1.0,0.0],"evs":[0.0,-4.82997]},"92o":{"weight":1.0,"played":[1.0,0.0],"evs":[0.0,-4.56598]},"T2o":{"weight":1.0,"played":[1.0,0.0],"evs":[0.0,-4.34872]},"J2o":{"weight":1.0,"played":[1.0,0.0],"evs":[0.0,-4.09624]},"Q2o":{"weight":1.0,"played":[1.0,0.0],"evs":[0.0,-3.63931]},"K2o":{"weight":1.0,"played":[1.0,0.0],"evs":[0.0,-2.95786]},"A2o":{"weight":1.0,"played":[1.0,0.0],"evs":[0.0,-1.85115]},"32s":{"weight":1.0,"played":[1.0,0.0],"evs":[0.0,-2.94237]},"33":{"weight":1.0,"played":[0.0,1.0],"evs":[0.0,0.47865]},"43o":{"weight":1.0,"played":[1.0,0.0],"evs":[0.0,-3.77123]},"53o":{"weight":1.0,"played":[1.0,0.0],"evs":[0.0,-3.53982]},"63o":{"weight":1.0,"played":[1.0,0.0],"evs":[0.0,-4.03363]},"73o":{"weight":1.0,"played":[1.0,0.0],"evs":[0.0,-4.55035]},"83o":{"weight":1.0,"played":[1.0,0.0],"evs":[0.0,-4.87827]},"93o":{"weight":1.0,"played":[1.0,0.0],"evs":[0.0,-4.37915]},"T3o":{"weight":1.0,"played":[1.0,0.0],"evs":[0.0,-4.21533]},"J3o":{"weight":1.0,"played":[1.0,0.0],"evs":[0.0,-3.95144]},"Q3o":{"weight":1.0,"played":[1.0,0.0],"evs":[0.0,-3.3805]},"K3o":{"weight":1.0,"played":[1.0,0.0],"evs":[0.0,-2.79844]},"A3o":{"weight":1.0,"played":[1.0,0.0],"evs":[0.0,-1.63235]},"42s":{"weight":1.0,"played":[1.0,0.0],"evs":[0.0,-2.74605]},"43s":{"weight":1.0,"played":[1.0,0.0],"evs":[0.0,-2.21533]},"44":{"weight":1.0,"played":[0.0,1.0],"evs":[0.0,0.85031]},"54o":{"weight":1.0,"played":[1.0,0.0],"evs":[0.0,-2.92933]},"64o":{"weight":1.0,"played":[1.0,0.0],"evs":[0.0,-3.41561]},"74o":{"weight":1.0,"played":[1.0,0.0],"evs":[0.0,-3.90897]},"84o":{"weight":1.0,"played":[1.0,0.0],"evs":[0.0,-4.20986]},"94o":{"weight":1.0,"played":[1.0,0.0],"evs":[0.0,-4.29941]},"T4o":{"weight":1.0,"played":[1.0,0.0],"evs":[0.0,-4.05995]},"J4o":{"weight":1.0,"played":[1.0,0.0],"evs":[0.0,-3.7472]},"Q4o":{"weight":1.0,"played":[1.0,0.0],"evs":[0.0,-3.25568]},"K4o":{"weight":1.0,"played":[1.0,0.0],"evs":[0.0,-2.58231]},"A4o":{"weight":1.0,"played":[1.0,0.0],"evs":[0.0,-1.44681]},"52s":{"weight":1.0,"played":[1.0,0.0],"evs":[0.0,-2.57283]},"53s":{"weight":1.0,"played":[1.0,0.0],"evs":[0.0,-1.9928]},"54s":{"weight":1.0,"played":[1.0,0.0],"evs":[0.0,-1.3439]},"55":{"weight":1.0,"played":[0.0,1.0],"evs":[0.0,1.32278]},"65o":{"weight":1.0,"played":[1.0,0.0],"evs":[0.0,-2.77835]},"75o":{"weight":1.0,"played":[1.0,0.0],"evs":[0.0,-3.27727]},"85o":{"weight":1.0,"played":[1.0,0.0],"evs":[0.0,-3.54403]},"95o":{"weight":1.0,"played":[1.0,0.0],"evs":[0.0,-3.66537]},"T5o":{"weight":1.0,"played":[1.0,0.0],"evs":[0.0,-3.95653]},"J5o":{"weight":1.0,"played":[1.0,0.0],"evs":[0.0,-3.55072]},"Q5o":{"weight":1.0,"played":[1.0,0.0],"evs":[0.0,-3.04183]},"K5o":{"weight":1.0,"played":[1.0,0.0],"evs":[0.0,-2.4166]},"A5o":{"weight":1.0,"played":[1.0,0.0],"evs":[0.0,-1.24361]},"62s":{"weight":1.0,"played":[1.0,0.0],"evs":[0.0,-3.06895]},"63s":{"weight":1.0,"played":[1.0,0.0],"evs":[0.0,-2.42199]},"64s":{"weight":1.0,"played":[1.0,0.0],"evs":[0.0,-1.76033]},"65s":{"weight":1.0,"played":[1.0,0.0],"evs":[0.0,-1.26063]},"66":{"weight":1.0,"played":[0.0,1.0],"evs":[0.0,1.99978]},"76o":{"weight":1.0,"played":[1.0,0.0],"evs":[0.0,-2.79918]},"86o":{"weight":1.0,"played":[1.0,0.0],"evs":[0.0,-2.98117]},"96o":{"weight":1.0,"played":[1.0,0.0],"evs":[0.0,-3.06888]},"T6o":{"weight":1.0,"played":[1.0,0.0],"evs":[0.0,-3.38356]},"J6o":{"weight":1.0,"played":[1.0,0.0],"evs":[0.0,-3.56798]},"Q6o":{"weight":1.0,"played":[1.0,0.0],"evs":[0.0,-2.91249]},"K6o":{"weight":1.0,"played":[1.0,0.0],"evs":[0.0,-2.2516]},"A6o":{"weight":1.0,"played":[1.0,0.0],"evs":[0.0,-1.52453]},"72s":{"weight":1.0,"played":[1.0,0.0],"evs":[0.0,-3.47378]},"73s":{"weight":1.0,"played":[1.0,0.0],"evs":[0.0,-2.98242]},"74s":{"weight":1.0,"played":[1.0,0.0],"evs":[0.0,-2.34151]},"75s":{"weight":1.0,"played":[1.0,0.0],"evs":[0.0,-1.66752]},"76s":{"weight":1.0,"played":[1.0,0.0],"evs":[0.0,-1.25129]},"77":{"weight":1.0,"played":[0.0,1.0],"evs":[0.0,2.90134]},"87o":{"weight":1.0,"played":[1.0,0.0],"evs":[0.0,-2.61921]},"97o":{"weight":1.0,"played":[1.0,0.0],"evs":[0.0,-2.72806]},"T7o":{"weight":1.0,"played":[1.0,0.0],"evs":[0.0,-2.92627]},"J7o":{"weight":1.0,"played":[1.0,0.0],"evs":[0.0,-3.04173]},"Q7o":{"weight":1.0,"played":[1.0,0.0],"evs":[0.0,-2.99711]},"K7o":{"weight":1.0,"played":[1.0,0.0],"evs":[0.0,-2.1274]},"A7o":{"weight":1.0,"played":[1.0,0.0],"evs":[0.0,-0.98061]},"82s":{"weight":1.0,"played":[1.0,0.0],"evs":[0.0,-3.13971]},"83s":{"weight":1.0,"played":[1.0,0.0],"evs":[0.0,-3.1724]},"84s":{"weight":1.0,"played":[1.0,0.0],"evs":[0.0,-2.59865]},"85s":{"weight":1.0,"played":[1.0,0.0],"evs":[0.0,-2.03359]},"86s":{"weight":1.0,"played":[1.0,0.0],"evs":[0.0,-1.46495]},"87s":{"weight":1.0,"played":[1.0,0.0],"evs":[0.0,-1.00005]},"88":{"weight":1.0,"played":[0.0,1.0],"evs":[0.0,4.08122]},"98o":{"weight":1.0,"played":[1.0,0.0],"evs":[0.0,-2.0715]},"T8o":{"weight":1.0,"played":[1.0,0.0],"evs":[0.0,-2.19374]},"J8o":{"weight":1.0,"played":[1.0,0.0],"evs":[0.0,-2.46317]},"Q8o":{"weight":1.0,"played":[1.0,0.0],"evs":[0.0,-2.3087]},"K8o":{"weight":1.0,"played":[1.0,0.0],"evs":[0.0,-1.96825]},"A8o":{"weight":1.0,"played":[0.9999,1.0E-4],"evs":[0.0,-0.18671]},"92s":{"weight":1.0,"played":[1.0,0.0],"evs":[0.0,-2.77386]},"93s":{"weight":1.0,"played":[1.0,0.0],"evs":[0.0,-2.66967]},"94s":{"weight":1.0,"played":[1.0,0.0],"evs":[0.0,-2.69593]},"95s":{"weight":1.0,"played":[1.0,0.0],"evs":[0.0,-2.01907]},"96s":{"weight":1.0,"played":[1.0,0.0],"evs":[0.0,-1.56498]},"97s":{"weight":1.0,"played":[1.0,0.0],"evs":[0.0,-1.12468]},"98s":{"weight":1.0,"played":[1.0,0.0],"evs":[0.0,-0.56694]},"99":{"weight":1.0,"played":[0.0,1.0],"evs":[0.0,5.62538]},"T9o":{"weight":1.0,"played":[1.0,0.0],"evs":[0.0,-1.44363]},"J9o":{"weight":1.0,"played":[1.0,0.0],"evs":[0.0,-1.55222]},"Q9o":{"weight":1.0,"played":[1.0,0.0],"evs":[0.0,-1.51499]},"K9o":{"weight":1.0,"played":[1.0,0.0],"evs":[0.0,-1.1883]},"A9o":{"weight":1.0,"played":[1.0E-4,0.9999],"evs":[0.0,0.67228]},"T2s":{"weight":1.0,"played":[1.0,0.0],"evs":[0.0,-2.64634]},"T3s":{"weight":1.0,"played":[1.0,0.0],"evs":[0.0,-2.53681]},"T4s":{"weight":1.0,"played":[1.0,0.0],"evs":[0.0,-2.39413]},"T5s":{"weight":1.0,"played":[1.0,0.0],"evs":[0.0,-2.40462]},"T6s":{"weight":1.0,"played":[1.0,0.0],"evs":[0.0,-1.76483]},"T7s":{"weight":1.0,"played":[1.0,0.0],"evs":[0.0,-1.39428]},"T8s":{"weight":1.0,"played":[1.0,0.0],"evs":[0.0,-0.68535]},"T9s":{"weight":1.0,"played":[0.0172,0.9828],"evs":[0.0,0.0619]},"TT":{"weight":1.0,"played":[0.0,1.0],"evs":[0.0,7.39082]},"JTo":{"weight":1.0,"played":[1.0,0.0],"evs":[0.0,-0.82235]},"QTo":{"weight":1.0,"played":[1.0,0.0],"evs":[0.0,-0.52047]},"KTo":{"weight":1.0,"played":[0.4141,0.5859],"evs":[0.0,-0.02881]},"ATo":{"weight":1.0,"played":[0.0,1.0],"evs":[0.0,2.55716]},"J2s":{"weight":1.0,"played":[1.0,0.0],"evs":[0.0,-2.3521]},"J3s":{"weight":1.0,"played":[1.0,0.0],"evs":[0.0,-2.22044]},"J4s":{"weight":1.0,"played":[1.0,0.0],"evs":[0.0,-2.12482]},"J5s":{"weight":1.0,"played":[1.0,0.0],"evs":[0.0,-1.87934]},"J6s":{"weight":1.0,"played":[1.0,0.0],"evs":[0.0,-1.98238]},"J7s":{"weight":1.0,"played":[1.0,0.0],"evs":[0.0,-1.359]},"J8s":{"weight":1.0,"played":[1.0,0.0],"evs":[0.0,-0.89932]},"J9s":{"weight":1.0,"played":[0.5742,0.4258],"evs":[0.0,-0.01785]},"JTs":{"weight":1.0,"played":[0.0,1.0],"evs":[0.0,0.69422]},"JJ":{"weight":1.0,"played":[0.0,1.0],"evs":[0.0,9.33427]},"QJo":{"weight":1.0,"played":[0.0038,0.9962],"evs":[0.0,0.07081]},"KJo":{"weight":1.0,"played":[0.0,1.0],"evs":[0.0,0.87776]},"AJo":{"weight":1.0,"played":[0.0,1.0],"evs":[0.0,3.79204]},"Q2s":{"weight":1.0,"played":[1.0,0.0],"evs":[0.0,-1.94574]},"Q3s":{"weight":1.0,"played":[1.0,0.0],"evs":[0.0,-1.79594]},"Q4s":{"weight":1.0,"played":[1.0,0.0],"evs":[0.0,-1.56428]},"Q5s":{"weight":1.0,"played":[1.0,0.0],"evs":[0.0,-1.54318]},"Q6s":{"weight":1.0,"played":[1.0,0.0],"evs":[0.0,-1.36079]},"Q7s":{"weight":1.0,"played":[1.0,0.0],"evs":[0.0,-1.42382]},"Q8s":{"weight":1.0,"played":[1.0,0.0],"evs":[0.0,-0.78408]},"Q9s":{"weight":1.0,"played":[0.3253,0.6747],"evs":[0.0,-0.01827]},"QTs":{"weight":1.0,"played":[0.0,1.0],"evs":[0.0,1.12479]},"QJs":{"weight":1.0,"played":[0.0,1.0],"evs":[0.0,1.60499]},"QQ":{"weight":1.0,"played":[0.0,1.0],"evs":[0.0,11.57437]},"KQo":{"weight":1.0,"played":[0.0,1.0],"evs":[0.0,2.01167]},"AQo":{"weight":1.0,"played":[0.0,1.0],"evs":[0.0,5.25634]},"K2s":{"weight":1.0,"played":[1.0,0.0],"evs":[0.0,-1.32467]},"K3s":{"weight":1.0,"played":[1.0,0.0],"evs":[0.0,-1.18675]},"K4s":{"weight":1.0,"played":[1.0,0.0],"evs":[0.0,-0.97427]},"K5s":{"weight":1.0,"played":[1.0,0.0],"evs":[0.0,-0.76467]},"K6s":{"weight":1.0,"played":[1.0,0.0],"evs":[0.0,-0.608]},"K7s":{"weight":1.0,"played":[0.9997,3.0E-4],"evs":[0.0,-0.54892]},"K8s":{"weight":1.0,"played":[1.0,0.0],"evs":[0.0,-0.46689]},"K9s":{"weight":1.0,"played":[0.0012,0.9988],"evs":[0.0,0.42178]},"KTs":{"weight":1.0,"played":[0.0,1.0],"evs":[0.0,1.40132]},"KJs":{"weight":1.0,"played":[0.0,1.0],"evs":[0.0,2.21965]},"KQs":{"weight":1.0,"played":[0.0,1.0],"evs":[0.0,3.21322]},"KK":{"weight":1.0,"played":[0.0,1.0],"evs":[0.0,14.45492]},"AKo":{"weight":1.0,"played":[0.0,1.0],"evs":[0.0,7.04596]},"A2s":{"weight":1.0,"played":[0.9923,0.0077],"evs":[0.0,-0.17939]},"A3s":{"weight":1.0,"played":[0.5616,0.4384],"evs":[0.0,-0.02831]},"A4s":{"weight":1.0,"played":[0.0014,0.9986],"evs":[0.0,0.21234]},"A5s":{"weight":1.0,"played":[4.0E-4,0.9996],"evs":[0.0,0.32991]},"A6s":{"weight":1.0,"played":[0.0,1.0],"evs":[0.0,0.14678]},"A7s":{"weight":1.0,"played":[0.0,1.0],"evs":[0.0,0.50846]},"A8s":{"weight":1.0,"played":[0.0,1.0],"evs":[0.0,1.34558]},"A9s":{"weight":1.0,"played":[0.0,1.0],"evs":[0.0,2.20536]},"ATs":{"weight":1.0,"played":[0.0,1.0],"evs":[0.0,3.77121]},"AJs":{"weight":1.0,"played":[0.0,1.0],"evs":[0.0,5.13046]},"AQs":{"weight":1.0,"played":[0.0,1.0],"evs":[0.0,6.49067]},"AKs":{"weight":1.0,"played":[0.0,1.0],"evs":[0.0,8.12088]},"AA":{"weight":1.0,"played":[0.0,1.0],"evs":[0.0,19.52884]}}}