{"player":1,"street":0,"children":2,"sequence":[{"player":0,"type":"F","amount":0,"street":0},{"player":1,"type":"R","amount":200000,"street":0},{"player":2,"type":"F","amount":0,"street":0},{"player":3,"type":"F","amount":0,"street":0},{"player":4,"type":"R","amount":1085000,"street":0},{"player":5,"type":"R","amount":1985000,"street":0}],"actions":[{"type":"F","amount":0},{"type":"C","amount":1785000}],"hands":{"22":{"weight":0.0,"played":[0.0,1.0],"evs":[0.0,1.05163]},"32o":{"weight":0.0,"played":[1.0,0.0],"evs":[0.0,-3.9405]},"42o":{"weight":0.0,"played":[1.0,0.0],"evs":[0.0,-3.61727]},"52o":{"weight":0.0,"played":[1.0,0.0],"evs":[0.0,-3.31758]},"62o":{"weight":0.0,"played":[1.0,0.0],"evs":[0.0,-3.61986]},"72o":{"weight":0.0,"played":[1.0,0.0],"evs":[0.0,-4.22473]},"82o":{"weight":0.0,"played":[1.0,0.0],"evs":[0.0,-3.84193]},"92o":{"weight":0.0,"played":[1.0,0.0],"evs":[0.0,-3.9921]},"T2o":{"weight":0.0,"played":[1.0,0.0],"evs":[0.0,-3.69989]},"J2o":{"weight":0.0,"played":[1.0,0.0],"evs":[0.0,-3.58621]},"Q2o":{"weight":0.0,"played":[1.0,0.0],"evs":[0.0,-3.04206]},"K2o":{"weight":0.0,"played":[1.0,0.0],"evs":[0.0,-2.52566]},"A2o":{"weight":0.0,"played":[1.0,0.0],"evs":[0.0,-1.53221]},"32s":{"weight":0.0,"played":[1.0,0.0],"evs":[0.0,-1.82178]},"33":{"weight":0.0916,"played":[0.0,1.0],"evs":[0.0,1.96843]},"43o":{"weight":0.0,"played":[1.0,0.0],"evs":[0.0,-2.72738]},"53o":{"weight":0.0,"played":[1.0,0.0],"evs":[0.0,-2.398]},"63o":{"weight":0.0,"played":[1.0,0.0],"evs":[0.0,-2.87322]},"73o":{"weight":0.0,"played":[1.0,0.0],"evs":[0.0,-3.34078]},"83o":{"weight":0.0,"played":[1.0,0.0],"evs":[0.0,-3.72205]},"93o":{"weight":0.0,"played":[1.0,0.0],"evs":[0.0,-3.63152]},"T3o":{"weight":0.0,"played":[1.0,0.0],"evs":[0.0,-3.47174]},"J3o":{"weight":0.0,"played":[1.0,0.0],"evs":[0.0,-3.25506]},"Q3o":{"weight":0.0,"played":[1.0,0.0],"evs":[0.0,-2.65435]},"K3o":{"weight":0.0,"played":[1.0,0.0],"evs":[0.0,-2.19326]},"A3o":{"weight":0.4868,"played":[1.0,0.0],"evs":[0.0,-1.23598]},"42s":{"weight":0.0,"played":[1.0,0.0],"evs":[0.0,-1.65785]},"43s":{"weight":0.0,"played":[1.0,0.0],"evs":[0.0,-1.01245]},"44":{"weight":0.4788,"played":[0.0,1.0],"evs":[0.0,2.71562]},"54o":{"weight":0.0,"played":[1.0,0.0],"evs":[0.0,-1.57816]},"64o":{"weight":0.0,"played":[1.0,0.0],"evs":[0.0,-2.06369]},"74o":{"weight":0.0,"played":[1.0,0.0],"evs":[0.0,-2.54919]},"84o":{"weight":0.0,"played":[1.0,0.0],"evs":[0.0,-2.87908]},"94o":{"weight":0.0,"played":[1.0,0.0],"evs":[0.0,-3.51111]},"T4o":{"weight":0.0,"played":[1.0,0.0],"evs":[0.0,-3.11775]},"J4o":{"weight":0.0,"played":[1.0,0.0],"evs":[0.0,-3.07102]},"Q4o":{"weight":0.0,"played":[1.0,0.0],"evs":[0.0,-2.51144]},"K4o":{"weight":0.0,"played":[1.0,0.0],"evs":[0.0,-1.90895]},"A4o":{"weight":1.0,"played":[1.0,0.0],"evs":[0.0,-0.81612]},"52s":{"weight":0.0,"played":[1.0,0.0],"evs":[0.0,-1.54334]},"53s":{"weight":0.0,"played":[0.9999,1.0E-4],"evs":[0.0,-0.47064]},"54s":{"weight":2.0E-4,"played":[0.0683,0.9317],"evs":[0.0,0.1558]},"55":{"weight":0.173,"played":[0.0,1.0],"evs":[0.0,3.71966]},"65o":{"weight":0.0,"played":[1.0,0.0],"evs":[0.0,-1.14164]},"75o":{"weight":0.0,"played":[1.0,0.0],"evs":[0.0,-1.57873]},"85o":{"weight":0.0,"played":[1.0,0.0],"evs":[0.0,-2.04918]},"95o":{"weight":0.0,"played":[1.0,0.0],"evs":[0.0,-2.70238]},"T5o":{"weight":0.0,"played":[1.0,0.0],"evs":[0.0,-3.07593]},"J5o":{"weight":0.0,"played":[1.0,0.0],"evs":[0.0,-2.70238]},"Q5o":{"weight":0.0,"played":[1.0,0.0],"evs":[0.0,-2.12651]},"K5o":{"weight":0.0,"played":[1.0,0.0],"evs":[0.0,-1.62259]},"A5o":{"weight":1.0,"played":[1.0,0.0],"evs":[0.0,-0.56304]},"62s":{"weight":0.0,"played":[1.0,0.0],"evs":[0.0,-1.88533]},"63s":{"weight":0.0,"played":[1.0,0.0],"evs":[0.0,-0.90099]},"64s":{"weight":0.0,"played":[0.9998,2.0E-4],"evs":[0.0,-0.30796]},"65s":{"weight":0.9984,"played":[0.0,1.0],"evs":[0.0,0.62644]},"66":{"weight":0.5914,"played":[0.0,1.0],"evs":[0.0,4.56181]},"76o":{"weight":0.0,"played":[1.0,0.0],"evs":[0.0,-0.96767]},"86o":{"weight":0.0,"played":[1.0,0.0],"evs":[0.0,-1.22369]},"96o":{"weight":0.0,"played":[1.0,0.0],"evs":[0.0,-1.89717]},"T6o":{"weight":0.0,"played":[1.0,0.0],"evs":[0.0,-2.20148]},"J6o":{"weight":0.0,"played":[1.0,0.0],"evs":[0.0,-2.61021]},"Q6o":{"weight":0.0,"played":[1.0,0.0],"evs":[0.0,-1.88503]},"K6o":{"weight":0.0,"played":[1.0,0.0],"evs":[0.0,-1.4479]},"A6o":{"weight":1.0,"played":[1.0,0.0],"evs":[0.0,-0.87147]},"72s":{"weight":0.0,"played":[1.0,0.0],"evs":[0.0,-2.2484]},"73s":{"weight":0.0,"played":[1.0,0.0],"evs":[0.0,-1.5872]},"74s":{"weight":0.0,"played":[1.0,0.0],"evs":[0.0,-0.77275]},"75s":{"weight":0.0,"played":[0.0173,0.9827],"evs":[0.0,0.05996]},"76s":{"weight":1.0,"played":[0.0,1.0],"evs":[0.0,0.7721]},"77":{"weight":0.9999,"played":[0.0,1.0],"evs":[0.0,5.59786]},"87o":{"weight":0.0,"played":[1.0,0.0],"evs":[0.0,-0.66144]},"97o":{"weight":0.0,"played":[1.0,0.0],"evs":[0.0,-1.20561]},"T7o":{"weight":0.0,"played":[1.0,0.0],"evs":[0.0,-1.55884]},"J7o":{"weight":0.0,"played":[1.0,0.0],"evs":[0.0,-1.96199]},"Q7o":{"weight":0.0,"played":[1.0,0.0],"evs":[0.0,-2.01152]},"K7o":{"weight":0.0,"played":[1.0,0.0],"evs":[0.0,-1.38613]},"A7o":{"weight":1.0,"played":[1.0,0.0],"evs":[0.0,-0.34796]},"82s":{"weight":0.0,"played":[1.0,0.0],"evs":[0.0,-1.86395]},"83s":{"weight":0.0,"played":[1.0,0.0],"evs":[0.0,-1.70775]},"84s":{"weight":0.0,"played":[1.0,0.0],"evs":[0.0,-0.898]},"85s":{"weight":0.0,"played":[0.9968,0.0032],"evs":[0.0,-0.41761]},"86s":{"weight":0.9964,"played":[0.0,1.0],"evs":[0.0,0.46587]},"87s":{"weight":1.0,"played":[0.0,1.0],"evs":[0.0,1.11124]},"88":{"weight":1.0,"played":[0.0,1.0],"evs":[0.0,6.62686]},"98o":{"weight":0.0,"played":[1.0,0.0],"evs":[0.0,-0.63469]},"T8o":{"weight":0.0,"played":[0.9996,4.0E-4],"evs":[0.0,-0.76639]},"J8o":{"weight":0.0,"played":[1.0,0.0],"evs":[0.0,-1.20879]},"Q8o":{"weight":0.0,"played":[1.0,0.0],"evs":[0.0,-1.3542]},"K8o":{"weight":0.0,"played":[1.0,0.0],"evs":[0.0,-1.01791]},"A8o":{"weight":0.984,"played":[0.0207,0.9793],"evs":[0.0,0.30818]},"92s":{"weight":0.0,"played":[1.0,0.0],"evs":[0.0,-2.08375]},"93s":{"weight":0.0,"played":[1.0,0.0],"evs":[0.0,-1.74487]},"94s":{"weight":0.0,"played":[1.0,0.0],"evs":[0.0,-1.55263]},"95s":{"weight":0.0,"played":[0.9995,5.0E-4],"evs":[0.0,-0.74821]},"96s":{"weight":0.0,"played":[0.8756,0.1244],"evs":[0.0,-0.15934]},"97s":{"weight":0.9999,"played":[0.0,1.0],"evs":[0.0,0.38417]},"98s":{"weight":0.9885,"played":[0.0,1.0],"evs":[0.0,1.22263]},"99":{"weight":1.0,"played":[0.0,1.0],"evs":[0.0,8.03631]},"T9o":{"weight":0.9931,"played":[0.9998,2.0E-4],"evs":[0.0,-0.37822]},"J9o":{"weight":0.0,"played":[1.0,0.0],"evs":[0.0,-0.60151]},"Q9o":{"weight":0.0,"played":[0.9997,3.0E-4],"evs":[0.0,-0.6936]},"K9o":{"weight":0.3439,"played":[0.9998,2.0E-4],"evs":[0.0,-0.50393]},"A9o":{"weight":0.3048,"played":[0.0,1.0],"evs":[0.0,1.15335]},"T2s":{"weight":0.0,"played":[1.0,0.0],"evs":[0.0,-1.56855]},"T3s":{"weight":0.0,"played":[1.0,0.0],"evs":[0.0,-1.4533]},"T4s":{"weight":0.0,"played":[1.0,0.0],"evs":[0.0,-1.16574]},"T5s":{"weight":0.0,"played":[0.9997,3.0E-4],"evs":[0.0,-0.97257]},"T6s":{"weight":0.0,"played":[0.998,0.002],"evs":[0.0,-0.22252]},"T7s":{"weight":1.0,"played":[0.0017,0.9983],"evs":[0.0,0.2429]},"T8s":{"weight":0.4491,"played":[0.0,1.0],"evs":[0.0,0.89418]},"T9s":{"weight":0.0017,"played":[0.0,1.0],"evs":[0.0,1.28977]},"TT":{"weight":1.0,"played":[0.0,1.0],"evs":[0.0,10.12181]},"JTo":{"weight":0.9988,"played":[0.0,1.0],"evs":[0.0,0.26072]},"QTo":{"weight":1.0,"played":[0.0,1.0],"evs":[0.0,0.35622]},"KTo":{"weight":0.9991,"played":[0.0,1.0],"evs":[0.0,0.69529]},"ATo":{"weight":0.1299,"played":[0.0,1.0],"evs":[0.0,3.32553]},"J2s":{"weight":0.0,"played":[1.0,0.0],"evs":[0.0,-1.54838]},"J3s":{"weight":0.0,"played":[1.0,0.0],"evs":[0.0,-1.18568]},"J4s":{"weight":0.0,"played":[1.0,0.0],"evs":[0.0,-1.25895]},"J5s":{"weight":0.0,"played":[0.9997,3.0E-4],"evs":[0.0,-0.70682]},"J6s":{"weight":0.0,"played":[1.0,0.0],"evs":[0.0,-0.77857]},"J7s":{"weight":0.9974,"played":[0.4336,0.5664],"evs":[0.0,-0.03001]},"J8s":{"weight":0.999,"played":[1.0E-4,0.9999],"evs":[0.0,0.50117]},"J9s":{"weight":0.0626,"played":[0.0,1.0],"evs":[0.0,1.19673]},"JTs":{"weight":0.0669,"played":[0.0,1.0],"evs":[0.0,2.26483]},"JJ":{"weight":1.0,"played":[0.0,1.0],"evs":[0.0,12.45069]},"QJo":{"weight":1.0,"played":[0.0,1.0],"evs":[0.0,0.81472]},"KJo":{"weight":0.9552,"played":[0.0,1.0],"evs":[0.0,1.76409]},"AJo":{"weight":0.4617,"played":[0.0,1.0],"evs":[0.0,5.16004]},"Q2s":{"weight":0.0,"played":[1.0,0.0],"evs":[0.0,-0.99264]},"Q3s":{"weight":0.0,"played":[1.0,0.0],"evs":[0.0,-0.88682]},"Q4s":{"weight":0.0,"played":[0.9986,0.0014],"evs":[0.0,-0.39926]},"Q5s":{"weight":1.0E-4,"played":[0.9844,0.0156],"evs":[0.0,-0.26566]},"Q6s":{"weight":0.9882,"played":[0.9492,0.0508],"evs":[0.0,-0.01241]},"Q7s":{"weight":0.9994,"played":[0.8478,0.1522],"evs":[0.0,-0.23071]},"Q8s":{"weight":1.0,"played":[0.0,1.0],"evs":[0.0,0.66548]},"Q9s":{"weight":0.9999,"played":[0.0,1.0],"evs":[0.0,1.07956]},"QTs":{"weight":0.8124,"played":[0.0,1.0],"evs":[0.0,2.11482]},"QJs":{"weight":0.9971,"played":[0.0,1.0],"evs":[0.0,2.59482]},"QQ":{"weight":1.0,"played":[0.0,1.0],"evs":[0.0,15.32409]},"KQo":{"weight":0.4277,"played":[0.0,1.0],"evs":[0.0,3.10529]},"AQo":{"weight":0.9998,"played":[0.0,1.0],"evs":[0.0,6.99387]},"K2s":{"weight":0.0,"played":[0.9998,2.0E-4],"evs":[0.0,-0.63634]},"K3s":{"weight":0.0024,"played":[0.9976,0.0024],"evs":[0.0,-0.36098]},"K4s":{"weight":0.9941,"played":[0.5041,0.4959],"evs":[0.0,-0.03288]},"K5s":{"weight":1.0,"played":[0.0149,0.9851],"evs":[0.0,0.25976]},"K6s":{"weight":0.4569,"played":[0.001,0.999],"evs":[0.0,0.64726]},"K7s":{"weight":0.9072,"played":[0.0048,0.9952],"evs":[0.0,0.57129]},"K8s":{"weight":0.9995,"played":[1.0E-4,0.9999],"evs":[0.0,0.82773]},"K9s":{"weight":0.1832,"played":[0.0,1.0],"evs":[0.0,1.56721]},"KTs":{"weight":0.5555,"played":[0.0,1.0],"evs":[0.0,2.4283]},"KJs":{"weight":1.0,"played":[0.0,1.0],"evs":[0.0,3.40787]},"KQs":{"weight":1.0,"played":[0.0,1.0],"evs":[0.0,4.78399]},"KK":{"weight":1.0,"played":[0.0,1.0],"evs":[0.0,18.6076]},"AKo":{"weight":1.0,"played":[0.0,1.0],"evs":[0.0,9.07676]},"A2s":{"weight":0.9955,"played":[2.0E-4,0.9998],"evs":[0.0,0.34505]},"A3s":{"weight":0.9925,"played":[9.0E-4,0.9991],"evs":[0.0,0.84109]},"A4s":{"weight":0.0,"played":[0.0,1.0],"evs":[0.0,1.15813]},"A5s":{"weight":4.0E-4,"played":[0.0,1.0],"evs":[0.0,1.26706]},"A6s":{"weight":0.0607,"played":[0.0,1.0],"evs":[0.0,1.02447]},"A7s":{"weight":0.9994,"played":[1.0E-4,0.9999],"evs":[0.0,1.52103]},"A8s":{"weight":1.0,"played":[0.0,1.0],"evs":[0.0,2.11869]},"A9s":{"weight":1.0,"played":[0.0,1.0],"evs":[0.0,3.10026]},"ATs":{"weight":1.0,"played":[0.0,1.0],"evs":[0.0,5.06183]},"AJs":{"weight":1.0,"played":[0.0,1.0],"evs":[0.0,6.62588]},"AQs":{"weight":1.0,"played":[0.0,1.0],"evs":[0.0,8.36623]},"AKs":{"weight":1.0,"played":[0.0,1.0],"evs":[0.0,10.32766]},"AA":{"weight":1.0,"played":[0.0,1.0],"evs":[0.0,24.37616]}}}