{"player":4,"street":0,"children":2,"sequence":[{"player":0,"type":"F","amount":0,"street":0},{"player":1,"type":"R","amount":200000,"street":0},{"player":2,"type":"F","amount":0,"street":0},{"player":3,"type":"C","amount":200000,"street":0},{"player":4,"type":"C","amount":150000,"street":0},{"player":5,"type":"R","amount":1985000,"street":0},{"player":1,"type":"C","amount":1785000,"street":0},{"player":3,"type":"F","amount":0,"street":0}],"actions":[{"type":"F","amount":0},{"type":"C","amount":885000}],"hands":{"22":{"weight":0.9195,"played":[0.6482,0.3518],"evs":[0.0,4.57281]},"32o":{"weight":0.0,"played":[0.6084,0.3916],"evs":[0.0,-2.64614]},"42o":{"weight":0.0,"played":[0.4798,0.5202],"evs":[0.0,0.28228]},"52o":{"weight":0.0,"played":[0.9025,0.0975],"evs":[0.0,0.16897]},"62o":{"weight":0.0,"played":[0.8598,0.1402],"evs":[0.0,-1.59]},"72o":{"weight":0.0,"played":[0.9361,0.0639],"evs":[0.0,-0.41649]},"82o":{"weight":0.0,"played":[1.0,0.0],"evs":[0.0,-2.43448]},"92o":{"weight":0.0,"played":[0.9411,0.0589],"evs":[0.0,-1.46003]},"T2o":{"weight":0.0,"played":[0.8944,0.1056],"evs":[0.0,-2.34426]},"J2o":{"weight":0.0,"played":[0.7153,0.2847],"evs":[0.0,-1.25138]},"Q2o":{"weight":0.0,"played":[0.6383,0.3617],"evs":[0.0,-0.17958]},"K2o":{"weight":0.0,"played":[0.7427,0.2573],"evs":[0.0,-3.60517]},"A2o":{"weight":0.5154,"played":[0.6124,0.3876],"evs":[0.0,-0.82721]},"32s":{"weight":0.0,"played":[0.8395,0.1605],"evs":[0.0,2.46861]},"33":{"weight":0.949,"played":[0.4736,0.5264],"evs":[0.0,-0.16383]},"43o":{"weight":0.0,"played":[0.975,0.025],"evs":[0.0,-3.95157]},"53o":{"weight":0.0,"played":[0.5299,0.4701],"evs":[0.0,0.29292]},"63o":{"weight":0.0,"played":[0.7841,0.2159],"evs":[0.0,-0.72945]},"73o":{"weight":0.0,"played":[0.9387,0.0613],"evs":[0.0,-4.94548]},"83o":{"weight":0.0,"played":[0.8741,0.1259],"evs":[0.0,-2.61076]},"93o":{"weight":0.0,"played":[0.9995,5.0E-4],"evs":[0.0,-2.93482]},"T3o":{"weight":0.0,"played":[0.8612,0.1388],"evs":[0.0,-1.49893]},"J3o":{"weight":0.0,"played":[0.9358,0.0642],"evs":[0.0,-1.80216]},"Q3o":{"weight":0.0,"played":[0.056,0.944],"evs":[0.0,3.78962]},"K3o":{"weight":0.0,"played":[0.4663,0.5337],"evs":[0.0,-0.30882]},"A3o":{"weight":0.9245,"played":[0.2076,0.7924],"evs":[0.0,0.1173]},"42s":{"weight":0.0,"played":[0.9669,0.0331],"evs":[0.0,-7.66847]},"43s":{"weight":0.0027,"played":[0.0152,0.9848],"evs":[0.0,3.68121]},"44":{"weight":0.5312,"played":[0.2191,0.7809],"evs":[0.0,1.76696]},"54o":{"weight":0.0,"played":[0.8166,0.1834],"evs":[0.0,-2.38909]},"64o":{"weight":0.0,"played":[0.7988,0.2012],"evs":[0.0,-1.12537]},"74o":{"weight":0.0,"played":[0.0229,0.9771],"evs":[0.0,1.40123]},"84o":{"weight":0.0,"played":[0.7532,0.2468],"evs":[0.0,-2.82164]},"94o":{"weight":0.0,"played":[0.4941,0.5059],"evs":[0.0,-0.27763]},"T4o":{"weight":0.0,"played":[0.0072,0.9928],"evs":[0.0,0.64781]},"J4o":{"weight":0.0,"played":[0.9267,0.0733],"evs":[0.0,-3.52939]},"Q4o":{"weight":0.0,"played":[0.1231,0.8769],"evs":[0.0,0.1005]},"K4o":{"weight":0.0,"played":[0.3489,0.6511],"evs":[0.0,-0.61249]},"A4o":{"weight":0.9842,"played":[0.6096,0.3904],"evs":[0.0,2.18042]},"52s":{"weight":5.0E-4,"played":[0.7534,0.2466],"evs":[0.0,-5.07826]},"53s":{"weight":1.0E-4,"played":[0.9892,0.0108],"evs":[0.0,-4.06604]},"54s":{"weight":0.1692,"played":[0.708,0.292],"evs":[0.0,-3.12177]},"55":{"weight":0.0011,"played":[0.0471,0.9529],"evs":[0.0,4.84151]},"65o":{"weight":0.0,"played":[0.1489,0.8511],"evs":[0.0,1.72582]},"75o":{"weight":0.0,"played":[0.4429,0.5571],"evs":[0.0,0.70639]},"85o":{"weight":0.0,"played":[0.5208,0.4792],"evs":[0.0,-1.34725]},"95o":{"weight":0.0,"played":[0.8438,0.1562],"evs":[0.0,-0.73288]},"T5o":{"weight":0.0,"played":[0.9458,0.0542],"evs":[0.0,0.06584]},"J5o":{"weight":0.0,"played":[0.7959,0.2041],"evs":[0.0,-2.28768]},"Q5o":{"weight":0.0,"played":[0.7834,0.2166],"evs":[0.0,-1.845]},"K5o":{"weight":0.0,"played":[0.6734,0.3266],"evs":[0.0,0.02985]},"A5o":{"weight":0.0607,"played":[0.8026,0.1974],"evs":[0.0,-3.4118]},"62s":{"weight":0.0,"played":[0.8421,0.1579],"evs":[0.0,0.31564]},"63s":{"weight":0.0,"played":[0.1136,0.8864],"evs":[0.0,5.22619]},"64s":{"weight":0.0,"played":[0.2468,0.7532],"evs":[0.0,1.57941]},"65s":{"weight":0.7394,"played":[0.3441,0.6559],"evs":[0.0,0.95725]},"66":{"weight":0.0,"played":[0.1379,0.8621],"evs":[0.0,6.5E-4]},"76o":{"weight":0.0,"played":[0.414,0.586],"evs":[0.0,-1.02876]},"86o":{"weight":0.0,"played":[0.986,0.014],"evs":[0.0,-0.89768]},"96o":{"weight":0.0,"played":[0.1183,0.8817],"evs":[0.0,5.30804]},"T6o":{"weight":0.0,"played":[0.7048,0.2952],"evs":[0.0,-0.98657]},"J6o":{"weight":0.0,"played":[0.9097,0.0903],"evs":[0.0,0.4058]},"Q6o":{"weight":0.0,"played":[0.2051,0.7949],"evs":[0.0,-0.49693]},"K6o":{"weight":0.0,"played":[0.7295,0.2705],"evs":[0.0,-2.49022]},"A6o":{"weight":0.6165,"played":[0.8658,0.1342],"evs":[0.0,-1.82993]},"72s":{"weight":0.0,"played":[1.0,0.0],"evs":[0.0,-7.68011]},"73s":{"weight":4.0E-4,"played":[0.4212,0.5788],"evs":[0.0,2.49692]},"74s":{"weight":1.0E-4,"played":[0.7325,0.2675],"evs":[0.0,-1.20781]},"75s":{"weight":0.6163,"played":[0.9883,0.0117],"evs":[0.0,-7.68332]},"76s":{"weight":0.9824,"played":[0.7541,0.2459],"evs":[0.0,3.4625]},"77":{"weight":0.0,"played":[0.993,0.007],"evs":[0.0,-4.75544]},"87o":{"weight":0.0,"played":[0.2565,0.7435],"evs":[0.0,-0.62224]},"97o":{"weight":0.0,"played":[0.6975,0.3025],"evs":[0.0,-3.12336]},"T7o":{"weight":0.0,"played":[0.0685,0.9315],"evs":[0.0,6.15573]},"J7o":{"weight":0.0,"played":[0.7693,0.2307],"evs":[0.0,-1.53068]},"Q7o":{"weight":0.0,"played":[0.6728,0.3272],"evs":[0.0,0.79227]},"K7o":{"weight":2.0E-4,"played":[1.0,0.0],"evs":[0.0,-2.2692]},"A7o":{"weight":6.0E-4,"played":[0.7849,0.2151],"evs":[0.0,-1.58672]},"82s":{"weight":1.0E-4,"played":[0.4621,0.5379],"evs":[0.0,1.01502]},"83s":{"weight":0.0,"played":[0.6707,0.3293],"evs":[0.0,1.70321]},"84s":{"weight":0.0,"played":[0.4954,0.5046],"evs":[0.0,-3.48085]},"85s":{"weight":0.0053,"played":[0.619,0.381],"evs":[0.0,0.94262]},"86s":{"weight":0.8505,"played":[0.6838,0.3162],"evs":[0.0,-0.80177]},"87s":{"weight":0.9756,"played":[0.4751,0.5249],"evs":[0.0,-1.45812]},"88":{"weight":1.0E-4,"played":[0.002,0.998],"evs":[0.0,9.16639]},"98o":{"weight":0.0033,"played":[0.024,0.976],"evs":[0.0,5.24237]},"T8o":{"weight":0.0,"played":[0.5562,0.4438],"evs":[0.0,-1.3029]},"J8o":{"weight":0.0,"played":[0.9722,0.0278],"evs":[0.0,-1.62622]},"Q8o":{"weight":0.0,"played":[0.9916,0.0084],"evs":[0.0,-4.95864]},"K8o":{"weight":0.0048,"played":[0.6972,0.3028],"evs":[0.0,-0.75743]},"A8o":{"weight":4.0E-4,"played":[0.909,0.091],"evs":[0.0,-2.16999]},"92s":{"weight":0.0,"played":[0.9801,0.0199],"evs":[0.0,-2.63737]},"93s":{"weight":0.0,"played":[0.5311,0.4689],"evs":[0.0,-2.15613]},"94s":{"weight":1.0E-4,"played":[0.6123,0.3877],"evs":[0.0,-1.77435]},"95s":{"weight":0.0,"played":[0.9363,0.0637],"evs":[0.0,-4.10423]},"96s":{"weight":0.02,"played":[0.8429,0.1571],"evs":[0.0,-2.08857]},"97s":{"weight":0.5681,"played":[0.3291,0.6709],"evs":[0.0,3.34911]},"98s":{"weight":0.9845,"played":[0.0,1.0],"evs":[0.0,5.45885]},"99":{"weight":0.0,"played":[0.0,1.0],"evs":[0.0,6.73188]},"T9o":{"weight":0.0,"played":[0.0713,0.9287],"evs":[0.0,1.17815]},"J9o":{"weight":3.0E-4,"played":[0.0011,0.9989],"evs":[0.0,2.30669]},"Q9o":{"weight":3.0E-4,"played":[0.8774,0.1226],"evs":[0.0,-3.16835]},"K9o":{"weight":0.2575,"played":[0.8645,0.1355],"evs":[0.0,-0.34785]},"A9o":{"weight":0.0,"played":[0.5087,0.4913],"evs":[0.0,2.13991]},"T2s":{"weight":0.0,"played":[0.9552,0.0448],"evs":[0.0,-4.70788]},"T3s":{"weight":0.0,"played":[0.4143,0.5857],"evs":[0.0,2.99705]},"T4s":{"weight":0.0,"played":[0.7188,0.2812],"evs":[0.0,1.78446]},"T5s":{"weight":1.0E-4,"played":[0.3125,0.6875],"evs":[0.0,2.84941]},"T6s":{"weight":0.0,"played":[0.2423,0.7577],"evs":[0.0,3.26586]},"T7s":{"weight":0.0989,"played":[0.2884,0.7116],"evs":[0.0,3.99306]},"T8s":{"weight":0.9704,"played":[0.1593,0.8407],"evs":[0.0,6.74141]},"T9s":{"weight":0.7567,"played":[0.3824,0.6176],"evs":[0.0,0.49626]},"TT":{"weight":0.0,"played":[0.1603,0.8397],"evs":[0.0,7.26338]},"JTo":{"weight":0.0106,"played":[0.7547,0.2453],"evs":[0.0,0.4005]},"QTo":{"weight":0.9468,"played":[0.8299,0.1701],"evs":[0.0,-0.58015]},"KTo":{"weight":0.0229,"played":[0.21,0.79],"evs":[0.0,3.49335]},"ATo":{"weight":0.0,"played":[0.3133,0.6867],"evs":[0.0,6.93117]},"J2s":{"weight":1.0E-4,"played":[0.396,0.604],"evs":[0.0,6.34279]},"J3s":{"weight":0.0,"played":[0.5095,0.4905],"evs":[0.0,0.80446]},"J4s":{"weight":0.0,"played":[0.5817,0.4183],"evs":[0.0,2.92973]},"J5s":{"weight":0.0,"played":[0.6235,0.3765],"evs":[0.0,-4.34663]},"J6s":{"weight":0.0085,"played":[0.3631,0.6369],"evs":[0.0,-0.18296]},"J7s":{"weight":0.0121,"played":[0.9829,0.0171],"evs":[0.0,-7.6618]},"J8s":{"weight":0.9626,"played":[0.5965,0.4035],"evs":[0.0,1.42445]},"J9s":{"weight":0.9834,"played":[0.529,0.471],"evs":[0.0,2.91628]},"JTs":{"weight":0.986,"played":[0.616,0.384],"evs":[0.0,1.53653]},"JJ":{"weight":0.0,"played":[0.0035,0.9965],"evs":[0.0,8.27226]},"QJo":{"weight":0.9991,"played":[0.9966,0.0034],"evs":[0.0,-1.48794]},"KJo":{"weight":0.001,"played":[0.0115,0.9885],"evs":[0.0,2.75501]},"AJo":{"weight":0.0,"played":[0.1215,0.8785],"evs":[0.0,6.15972]},"Q2s":{"weight":0.0,"played":[0.8229,0.1771],"evs":[0.0,-2.06778]},"Q3s":{"weight":4.0E-4,"played":[0.7326,0.2674],"evs":[0.0,-0.23117]},"Q4s":{"weight":0.0,"played":[0.0591,0.9409],"evs":[0.0,1.70782]},"Q5s":{"weight":0.0,"played":[0.7129,0.2871],"evs":[0.0,-1.55943]},"Q6s":{"weight":0.1327,"played":[0.2298,0.7702],"evs":[0.0,4.98096]},"Q7s":{"weight":0.0362,"played":[0.1356,0.8644],"evs":[0.0,3.78433]},"Q8s":{"weight":0.9673,"played":[0.9843,0.0157],"evs":[0.0,-3.05224]},"Q9s":{"weight":0.9991,"played":[0.6411,0.3589],"evs":[0.0,-3.26172]},"QTs":{"weight":0.9973,"played":[0.5194,0.4806],"evs":[0.0,-0.56319]},"QJs":{"weight":0.5849,"played":[0.2108,0.7892],"evs":[0.0,9.98208]},"QQ":{"weight":0.0,"played":[0.3432,0.6568],"evs":[0.0,2.59426]},"KQo":{"weight":0.0,"played":[0.3425,0.6575],"evs":[0.0,2.75804]},"AQo":{"weight":0.0,"played":[0.3408,0.6592],"evs":[0.0,1.52409]},"K2s":{"weight":0.3231,"played":[0.9986,0.0014],"evs":[0.0,-0.05819]},"K3s":{"weight":0.845,"played":[0.0107,0.9893],"evs":[0.0,7.0258]},"K4s":{"weight":0.69,"played":[0.4841,0.5159],"evs":[0.0,5.11693]},"K5s":{"weight":0.9626,"played":[0.6664,0.3336],"evs":[0.0,-3.09143]},"K6s":{"weight":0.945,"played":[0.3048,0.6952],"evs":[0.0,5.72275]},"K7s":{"weight":0.9975,"played":[0.9392,0.0608],"evs":[0.0,-1.91144]},"K8s":{"weight":0.8825,"played":[0.8333,0.1667],"evs":[0.0,-0.78302]},"K9s":{"weight":0.0423,"played":[0.1935,0.8065],"evs":[0.0,1.75512]},"KTs":{"weight":1.0E-4,"played":[0.7784,0.2216],"evs":[0.0,-4.11255]},"KJs":{"weight":0.0,"played":[0.2068,0.7932],"evs":[0.0,7.47684]},"KQs":{"weight":0.0,"played":[0.2779,0.7221],"evs":[0.0,7.64309]},"KK":{"weight":0.0,"played":[0.0,1.0],"evs":[0.0,5.9899]},"AKo":{"weight":0.0,"played":[0.0145,0.9855],"evs":[0.0,6.20199]},"A2s":{"weight":7.0E-4,"played":[0.4105,0.5895],"evs":[0.0,7.67617]},"A3s":{"weight":0.0124,"played":[0.0121,0.9879],"evs":[0.0,5.66443]},"A4s":{"weight":0.0039,"played":[0.5456,0.4544],"evs":[0.0,-0.70267]},"A5s":{"weight":0.0,"played":[0.3458,0.6542],"evs":[0.0,-2.99941]},"A6s":{"weight":0.0,"played":[0.0307,0.9693],"evs":[0.0,4.30997]},"A7s":{"weight":1.0E-4,"played":[0.055,0.945],"evs":[0.0,8.21225]},"A8s":{"weight":0.0,"played":[0.7231,0.2769],"evs":[0.0,-5.98851]},"A9s":{"weight":0.0,"played":[0.9256,0.0744],"evs":[0.0,-5.6541]},"ATs":{"weight":0.0,"played":[0.1887,0.8113],"evs":[0.0,2.06812]},"AJs":{"weight":0.0,"played":[0.1296,0.8704],"evs":[0.0,4.72881]},"AQs":{"weight":0.0,"played":[0.2952,0.7048],"evs":[0.0,8.44193]},"AKs":{"weight":0.0,"played":[0.2209,0.7791],"evs":[0.0,3.61728]},"AA":{"weight":0.0,"played":[0.0,1.0],"evs":[0.0,13.90233]}}}