{"player":1,"street":0,"children":2,"sequence":[{"player":0,"type":"F","amount":0,"street":0},{"player":1,"type":"R","amount":200000,"street":0},{"player":2,"type":"F","amount":0,"street":0},{"player":3,"type":"R","amount":985000,"street":0},{"player":4,"type":"R","amount":1085000,"street":0},{"player":5,"type":"R","amount":1985000,"street":0}],"actions":[{"type":"F","amount":0},{"type":"C","amount":1785000}],"hands":{"22":{"weight":0.0,"played":[0.0,1.0],"evs":[0.0,1.67601]},"32o":{"weight":0.0,"played":[1.0,0.0],"evs":[0.0,-3.25951]},"42o":{"weight":0.0,"played":[1.0,0.0],"evs":[0.0,-2.69234]},"52o":{"weight":0.0,"played":[1.0,0.0],"evs":[0.0,-2.71432]},"62o":{"weight":0.0,"played":[1.0,0.0],"evs":[0.0,-3.24743]},"72o":{"weight":0.0,"played":[1.0,0.0],"evs":[0.0,-3.66799]},"82o":{"weight":0.0,"played":[1.0,0.0],"evs":[0.0,-3.37931]},"92o":{"weight":0.0,"played":[1.0,0.0],"evs":[0.0,-3.27207]},"T2o":{"weight":0.0,"played":[1.0,0.0],"evs":[0.0,-3.49504]},"J2o":{"weight":0.0,"played":[1.0,0.0],"evs":[0.0,-3.24848]},"Q2o":{"weight":0.0,"played":[1.0,0.0],"evs":[0.0,-2.80393]},"K2o":{"weight":0.0,"played":[1.0,0.0],"evs":[0.0,-2.27864]},"A2o":{"weight":0.0,"played":[0.9996,4.0E-4],"evs":[0.0,-1.21411]},"32s":{"weight":0.0,"played":[0.9978,0.0022],"evs":[0.0,-1.28583]},"33":{"weight":0.0916,"played":[0.0,1.0],"evs":[0.0,2.3417]},"43o":{"weight":0.0,"played":[1.0,0.0],"evs":[0.0,-1.87701]},"53o":{"weight":0.0,"played":[0.9999,1.0E-4],"evs":[0.0,-1.5903]},"63o":{"weight":0.0,"played":[0.9999,1.0E-4],"evs":[0.0,-2.0329]},"73o":{"weight":0.0,"played":[1.0,0.0],"evs":[0.0,-2.84616]},"83o":{"weight":0.0,"played":[1.0,0.0],"evs":[0.0,-3.33053]},"93o":{"weight":0.0,"played":[1.0,0.0],"evs":[0.0,-2.84985]},"T3o":{"weight":0.0,"played":[0.9999,1.0E-4],"evs":[0.0,-3.26333]},"J3o":{"weight":0.0,"played":[1.0,0.0],"evs":[0.0,-2.83357]},"Q3o":{"weight":0.0,"played":[0.9998,2.0E-4],"evs":[0.0,-2.55598]},"K3o":{"weight":0.0,"played":[0.999,0.001],"evs":[0.0,-1.97079]},"A3o":{"weight":0.4868,"played":[0.9999,1.0E-4],"evs":[0.0,-0.60838]},"42s":{"weight":0.0,"played":[0.9701,0.0299],"evs":[0.0,-0.90445]},"43s":{"weight":0.0,"played":[0.1584,0.8416],"evs":[0.0,0.37016]},"44":{"weight":0.4788,"played":[0.0,1.0],"evs":[0.0,3.1098]},"54o":{"weight":0.0,"played":[0.9974,0.0026],"evs":[0.0,-0.76725]},"64o":{"weight":0.0,"played":[1.0,0.0],"evs":[0.0,-1.22428]},"74o":{"weight":0.0,"played":[0.9999,1.0E-4],"evs":[0.0,-1.92979]},"84o":{"weight":0.0,"played":[0.9999,1.0E-4],"evs":[0.0,-2.3324]},"94o":{"weight":0.0,"played":[1.0,0.0],"evs":[0.0,-3.13017]},"T4o":{"weight":0.0,"played":[1.0,0.0],"evs":[0.0,-3.06518]},"J4o":{"weight":0.0,"played":[0.9999,1.0E-4],"evs":[0.0,-2.84222]},"Q4o":{"weight":0.0,"played":[0.9998,2.0E-4],"evs":[0.0,-2.31618]},"K4o":{"weight":0.0,"played":[0.9999,1.0E-4],"evs":[0.0,-2.06432]},"A4o":{"weight":1.0,"played":[0.9985,0.0015],"evs":[0.0,-0.34965]},"52s":{"weight":0.0,"played":[0.9847,0.0153],"evs":[0.0,-0.16417]},"53s":{"weight":0.0,"played":[0.0242,0.9758],"evs":[0.0,0.87116]},"54s":{"weight":2.0E-4,"played":[5.0E-4,0.9995],"evs":[0.0,1.32354]},"55":{"weight":0.173,"played":[0.0,1.0],"evs":[0.0,4.21593]},"65o":{"weight":0.0,"played":[0.9696,0.0304],"evs":[0.0,-0.30936]},"75o":{"weight":0.0,"played":[1.0,0.0],"evs":[0.0,-0.81225]},"85o":{"weight":0.0,"played":[0.9999,1.0E-4],"evs":[0.0,-1.40961]},"95o":{"weight":0.0,"played":[1.0,0.0],"evs":[0.0,-2.06496]},"T5o":{"weight":0.0,"played":[0.9999,1.0E-4],"evs":[0.0,-2.87673]},"J5o":{"weight":0.0,"played":[1.0,0.0],"evs":[0.0,-2.31248]},"Q5o":{"weight":0.0,"played":[1.0,0.0],"evs":[0.0,-1.8532]},"K5o":{"weight":0.0,"played":[0.9996,4.0E-4],"evs":[0.0,-1.43102]},"A5o":{"weight":1.0,"played":[0.9339,0.0661],"evs":[0.0,-0.09175]},"62s":{"weight":0.0,"played":[0.9986,0.0014],"evs":[0.0,-0.60142]},"63s":{"weight":0.0,"played":[0.9065,0.0935],"evs":[0.0,-0.61837]},"64s":{"weight":0.0,"played":[2.0E-4,0.9998],"evs":[0.0,0.92566]},"65s":{"weight":0.9984,"played":[0.0,1.0],"evs":[0.0,2.00037]},"66":{"weight":0.5914,"played":[0.0,1.0],"evs":[0.0,5.38449]},"76o":{"weight":0.0,"played":[0.5657,0.4343],"evs":[0.0,-0.12881]},"86o":{"weight":0.0,"played":[0.9991,9.0E-4],"evs":[0.0,-0.49241]},"96o":{"weight":0.0,"played":[1.0,0.0],"evs":[0.0,-1.24233]},"T6o":{"weight":0.0,"played":[1.0,0.0],"evs":[0.0,-1.74695]},"J6o":{"weight":0.0,"played":[0.9999,1.0E-4],"evs":[0.0,-2.03862]},"Q6o":{"weight":0.0,"played":[0.9998,2.0E-4],"evs":[0.0,-1.55067]},"K6o":{"weight":0.0,"played":[0.9961,0.0039],"evs":[0.0,-1.23213]},"A6o":{"weight":1.0,"played":[0.9991,9.0E-4],"evs":[0.0,-0.63201]},"72s":{"weight":0.0,"played":[0.9999,1.0E-4],"evs":[0.0,-1.53783]},"73s":{"weight":0.0,"played":[0.9992,8.0E-4],"evs":[0.0,-0.5237]},"74s":{"weight":0.0,"played":[0.0504,0.9496],"evs":[0.0,0.47256]},"75s":{"weight":0.0,"played":[0.0,1.0],"evs":[0.0,1.24337]},"76s":{"weight":1.0,"played":[1.0E-4,0.9999],"evs":[0.0,1.76678]},"77":{"weight":0.9999,"played":[0.0,1.0],"evs":[0.0,5.86101]},"87o":{"weight":0.0,"played":[0.0247,0.9753],"evs":[0.0,0.23149]},"97o":{"weight":0.0,"played":[0.9657,0.0343],"evs":[0.0,-0.29002]},"T7o":{"weight":0.0,"played":[1.0,0.0],"evs":[0.0,-1.35427]},"J7o":{"weight":0.0,"played":[0.9995,5.0E-4],"evs":[0.0,-1.63883]},"Q7o":{"weight":0.0,"played":[0.9998,2.0E-4],"evs":[0.0,-1.73617]},"K7o":{"weight":0.0,"played":[0.9951,0.0049],"evs":[0.0,-1.21446]},"A7o":{"weight":1.0,"played":[0.3622,0.6378],"evs":[0.0,-0.01119]},"82s":{"weight":0.0,"played":[0.9944,0.0056],"evs":[0.0,-1.07541]},"83s":{"weight":0.0,"played":[0.9982,0.0018],"evs":[0.0,-1.3554]},"84s":{"weight":0.0,"played":[0.9953,0.0047],"evs":[0.0,-0.33203]},"85s":{"weight":0.0,"played":[4.0E-4,0.9996],"evs":[0.0,0.97001]},"86s":{"weight":0.9964,"played":[0.0,1.0],"evs":[0.0,1.67916]},"87s":{"weight":1.0,"played":[0.0,1.0],"evs":[0.0,2.42977]},"88":{"weight":1.0,"played":[0.0,1.0],"evs":[0.0,7.28753]},"98o":{"weight":0.0,"played":[0.0786,0.9214],"evs":[0.0,0.1638]},"T8o":{"weight":0.0,"played":[0.9265,0.0735],"evs":[0.0,-0.60551]},"J8o":{"weight":0.0,"played":[0.9996,4.0E-4],"evs":[0.0,-0.74944]},"Q8o":{"weight":0.0,"played":[0.9997,3.0E-4],"evs":[0.0,-0.85125]},"K8o":{"weight":0.0,"played":[0.9988,0.0012],"evs":[0.0,-0.47082]},"A8o":{"weight":0.984,"played":[0.0,1.0],"evs":[0.0,0.36985]},"92s":{"weight":0.0,"played":[1.0,0.0],"evs":[0.0,-0.99519]},"93s":{"weight":0.0,"played":[0.9998,2.0E-4],"evs":[0.0,-0.57572]},"94s":{"weight":0.0,"played":[0.918,0.082],"evs":[0.0,-0.81787]},"95s":{"weight":0.0,"played":[0.4348,0.5652],"evs":[0.0,0.04729]},"96s":{"weight":0.0,"played":[0.0017,0.9983],"evs":[0.0,0.97966]},"97s":{"weight":0.9999,"played":[0.0,1.0],"evs":[0.0,1.74603]},"98s":{"weight":0.9885,"played":[0.0,1.0],"evs":[0.0,1.97931]},"99":{"weight":1.0,"played":[0.0,1.0],"evs":[0.0,8.8426]},"T9o":{"weight":0.9931,"played":[0.0126,0.9874],"evs":[0.0,0.3587]},"J9o":{"weight":0.0,"played":[0.9965,0.0035],"evs":[0.0,-0.497]},"Q9o":{"weight":0.0,"played":[0.5413,0.4587],"evs":[0.0,0.15417]},"K9o":{"weight":0.3439,"played":[0.6267,0.3733],"evs":[0.0,0.0217]},"A9o":{"weight":0.3048,"played":[5.0E-4,0.9995],"evs":[0.0,1.09606]},"T2s":{"weight":0.0,"played":[0.9945,0.0055],"evs":[0.0,-1.39591]},"T3s":{"weight":0.0,"played":[0.9997,3.0E-4],"evs":[0.0,-1.14399]},"T4s":{"weight":0.0,"played":[0.9964,0.0036],"evs":[0.0,-0.77608]},"T5s":{"weight":0.0,"played":[0.997,0.003],"evs":[0.0,-0.55691]},"T6s":{"weight":0.0,"played":[0.0167,0.9833],"evs":[0.0,0.45401]},"T7s":{"weight":1.0,"played":[0.0,1.0],"evs":[0.0,1.01392]},"T8s":{"weight":0.4491,"played":[1.0E-4,0.9999],"evs":[0.0,1.528]},"T9s":{"weight":0.0017,"played":[0.0,1.0],"evs":[0.0,2.37686]},"TT":{"weight":1.0,"played":[0.0,1.0],"evs":[0.0,10.5769]},"JTo":{"weight":0.9988,"played":[0.0,1.0],"evs":[0.0,0.45619]},"QTo":{"weight":1.0,"played":[0.0,1.0],"evs":[0.0,0.38905]},"KTo":{"weight":0.9991,"played":[0.0,1.0],"evs":[0.0,1.02203]},"ATo":{"weight":0.1299,"played":[0.0,1.0],"evs":[0.0,2.48091]},"J2s":{"weight":0.0,"played":[0.9801,0.0199],"evs":[0.0,-1.18872]},"J3s":{"weight":0.0,"played":[0.9988,0.0012],"evs":[0.0,-0.665]},"J4s":{"weight":0.0,"played":[0.9747,0.0253],"evs":[0.0,-0.16325]},"J5s":{"weight":0.0,"played":[0.9599,0.0401],"evs":[0.0,-0.88194]},"J6s":{"weight":0.0,"played":[0.9076,0.0924],"evs":[0.0,-0.49841]},"J7s":{"weight":0.9974,"played":[0.0039,0.9961],"evs":[0.0,0.67794]},"J8s":{"weight":0.999,"played":[6.0E-4,0.9994],"evs":[0.0,1.76528]},"J9s":{"weight":0.0626,"played":[8.0E-4,0.9992],"evs":[0.0,2.06923]},"JTs":{"weight":0.0669,"played":[0.0,1.0],"evs":[0.0,2.9828]},"JJ":{"weight":1.0,"played":[0.0,1.0],"evs":[0.0,13.5354]},"QJo":{"weight":1.0,"played":[0.0,1.0],"evs":[0.0,1.19318]},"KJo":{"weight":0.9552,"played":[0.0,1.0],"evs":[0.0,2.16817]},"AJo":{"weight":0.4617,"played":[0.0,1.0],"evs":[0.0,4.06961]},"Q2s":{"weight":0.0,"played":[0.4383,0.5617],"evs":[0.0,-0.14201]},"Q3s":{"weight":0.0,"played":[0.5486,0.4514],"evs":[0.0,-0.31873]},"Q4s":{"weight":0.0,"played":[0.9505,0.0495],"evs":[0.0,-0.25274]},"Q5s":{"weight":1.0E-4,"played":[0.0275,0.9725],"evs":[0.0,0.37465]},"Q6s":{"weight":0.9882,"played":[7.0E-4,0.9993],"evs":[0.0,0.49224]},"Q7s":{"weight":0.9994,"played":[0.0033,0.9967],"evs":[0.0,0.85895]},"Q8s":{"weight":1.0,"played":[0.0,1.0],"evs":[0.0,1.22043]},"Q9s":{"weight":0.9999,"played":[0.0,1.0],"evs":[0.0,2.20898]},"QTs":{"weight":0.8124,"played":[0.0,1.0],"evs":[0.0,2.517]},"QJs":{"weight":0.9971,"played":[0.0,1.0],"evs":[0.0,2.81614]},"QQ":{"weight":1.0,"played":[0.0,1.0],"evs":[0.0,17.02844]},"KQo":{"weight":0.4277,"played":[0.0,1.0],"evs":[0.0,3.51932]},"AQo":{"weight":0.9998,"played":[0.0,1.0],"evs":[0.0,6.00261]},"K2s":{"weight":0.0,"played":[0.9165,0.0835],"evs":[0.0,-0.54051]},"K3s":{"weight":0.0024,"played":[0.0065,0.9935],"evs":[0.0,0.22389]},"K4s":{"weight":0.9941,"played":[0.0,1.0],"evs":[0.0,0.97938]},"K5s":{"weight":1.0,"played":[0.0,1.0],"evs":[0.0,1.03492]},"K6s":{"weight":0.4569,"played":[0.0,1.0],"evs":[0.0,0.94412]},"K7s":{"weight":0.9072,"played":[1.0E-4,0.9999],"evs":[0.0,1.226]},"K8s":{"weight":0.9995,"played":[0.0,1.0],"evs":[0.0,1.52003]},"K9s":{"weight":0.1832,"played":[0.0,1.0],"evs":[0.0,2.33722]},"KTs":{"weight":0.5555,"played":[0.0,1.0],"evs":[0.0,3.07484]},"KJs":{"weight":1.0,"played":[0.0,1.0],"evs":[0.0,4.20497]},"KQs":{"weight":1.0,"played":[0.0,1.0],"evs":[0.0,5.38027]},"KK":{"weight":1.0,"played":[0.0,1.0],"evs":[0.0,21.72687]},"AKo":{"weight":1.0,"played":[0.0,1.0],"evs":[0.0,8.18951]},"A2s":{"weight":0.9955,"played":[0.0012,0.9988],"evs":[0.0,1.13783]},"A3s":{"weight":0.9925,"played":[1.0E-4,0.9999],"evs":[0.0,1.46978]},"A4s":{"weight":0.0,"played":[1.0E-4,0.9999],"evs":[0.0,1.4799]},"A5s":{"weight":4.0E-4,"played":[0.0,1.0],"evs":[0.0,2.08006]},"A6s":{"weight":0.0607,"played":[0.0166,0.9834],"evs":[0.0,1.84436]},"A7s":{"weight":0.9994,"played":[0.0,1.0],"evs":[0.0,2.2196]},"A8s":{"weight":1.0,"played":[0.0,1.0],"evs":[0.0,2.59686]},"A9s":{"weight":1.0,"played":[0.0,1.0],"evs":[0.0,3.16935]},"ATs":{"weight":1.0,"played":[0.0,1.0],"evs":[0.0,4.91064]},"AJs":{"weight":1.0,"played":[0.0,1.0],"evs":[0.0,6.10305]},"AQs":{"weight":1.0,"played":[0.0,1.0],"evs":[0.0,7.8873]},"AKs":{"weight":1.0,"played":[0.0,1.0],"evs":[0.0,10.00293]},"AA":{"weight":1.0,"played":[0.0,1.0],"evs":[0.0,27.48067]}}}