{"player":4,"street":0,"children":2,"sequence":[{"player":0,"type":"F","amount":0,"street":0},{"player":1,"type":"R","amount":25250000,"street":0},{"player":2,"type":"C","amount":25250000,"street":0},{"player":3,"type":"F","amount":0,"street":0}],"actions":[{"type":"F","amount":0},{"type":"C","amount":14250000}],"hands":{"22":{"weight":1.0,"played":[1.0,0.0],"evs":[0.0,-1.19515]},"32o":{"weight":1.0,"played":[1.0,0.0],"evs":[0.0,-2.91116]},"42o":{"weight":1.0,"played":[1.0,0.0],"evs":[0.0,-2.78261]},"52o":{"weight":1.0,"played":[1.0,0.0],"evs":[0.0,-2.71591]},"62o":{"weight":1.0,"played":[1.0,0.0],"evs":[0.0,-2.83474]},"72o":{"weight":1.0,"played":[1.0,0.0],"evs":[0.0,-2.98362]},"82o":{"weight":1.0,"played":[1.0,0.0],"evs":[0.0,-2.89575]},"92o":{"weight":1.0,"played":[1.0,0.0],"evs":[0.0,-2.84813]},"T2o":{"weight":1.0,"played":[1.0,0.0],"evs":[0.0,-2.86781]},"J2o":{"weight":1.0,"played":[1.0,0.0],"evs":[0.0,-2.79902]},"Q2o":{"weight":1.0,"played":[1.0,0.0],"evs":[0.0,-2.58002]},"K2o":{"weight":1.0,"played":[1.0,0.0],"evs":[0.0,-2.44238]},"A2o":{"weight":1.0,"played":[1.0,0.0],"evs":[0.0,-2.11718]},"32s":{"weight":1.0,"played":[1.0,0.0],"evs":[0.0,-2.11873]},"33":{"weight":1.0,"played":[1.0,0.0],"evs":[0.0,-0.83208]},"43o":{"weight":1.0,"played":[1.0,0.0],"evs":[0.0,-2.42993]},"53o":{"weight":1.0,"played":[1.0,0.0],"evs":[0.0,-2.35921]},"63o":{"weight":1.0,"played":[1.0,0.0],"evs":[0.0,-2.47713]},"73o":{"weight":1.0,"played":[1.0,0.0],"evs":[0.0,-2.61757]},"83o":{"weight":1.0,"played":[1.0,0.0],"evs":[0.0,-2.80403]},"93o":{"weight":1.0,"played":[1.0,0.0],"evs":[0.0,-2.70815]},"T3o":{"weight":1.0,"played":[1.0,0.0],"evs":[0.0,-2.73844]},"J3o":{"weight":1.0,"played":[1.0,0.0],"evs":[0.0,-2.67009]},"Q3o":{"weight":1.0,"played":[1.0,0.0],"evs":[0.0,-2.43437]},"K3o":{"weight":1.0,"played":[1.0,0.0],"evs":[0.0,-2.30009]},"A3o":{"weight":1.0,"played":[1.0,0.0],"evs":[0.0,-1.93545]},"42s":{"weight":1.0,"played":[1.0,0.0],"evs":[0.0,-2.02544]},"43s":{"weight":1.0,"played":[1.0,0.0],"evs":[0.0,-1.69504]},"44":{"weight":1.0,"played":[1.0,0.0],"evs":[0.0,-0.55546]},"54o":{"weight":1.0,"played":[1.0,0.0],"evs":[0.0,-2.03183]},"64o":{"weight":1.0,"played":[1.0,0.0],"evs":[0.0,-2.12042]},"74o":{"weight":1.0,"played":[1.0,0.0],"evs":[0.0,-2.2981]},"84o":{"weight":1.0,"played":[1.0,0.0],"evs":[0.0,-2.48351]},"94o":{"weight":1.0,"played":[1.0,0.0],"evs":[0.0,-2.67007]},"T4o":{"weight":1.0,"played":[1.0,0.0],"evs":[0.0,-2.63477]},"J4o":{"weight":1.0,"played":[1.0,0.0],"evs":[0.0,-2.55045]},"Q4o":{"weight":1.0,"played":[1.0,0.0],"evs":[0.0,-2.32232]},"K4o":{"weight":1.0,"played":[1.0,0.0],"evs":[0.0,-2.1787]},"A4o":{"weight":1.0,"played":[1.0,0.0],"evs":[0.0,-1.82006]},"52s":{"weight":1.0,"played":[1.0,0.0],"evs":[0.0,-1.95962]},"53s":{"weight":1.0,"played":[1.0,0.0],"evs":[0.0,-1.57006]},"54s":{"weight":1.0,"played":[1.0,0.0],"evs":[0.0,-1.33454]},"55":{"weight":1.0,"played":[0.9964,0.0036],"evs":[0.0,-0.1997]},"65o":{"weight":1.0,"played":[1.0,0.0],"evs":[0.0,-1.84409]},"75o":{"weight":1.0,"played":[1.0,0.0],"evs":[0.0,-2.00997]},"85o":{"weight":1.0,"played":[1.0,0.0],"evs":[0.0,-2.2003]},"95o":{"weight":1.0,"played":[1.0,0.0],"evs":[0.0,-2.36216]},"T5o":{"weight":1.0,"played":[1.0,0.0],"evs":[0.0,-2.60442]},"J5o":{"weight":1.0,"played":[1.0,0.0],"evs":[0.0,-2.55177]},"Q5o":{"weight":1.0,"played":[1.0,0.0],"evs":[0.0,-2.28097]},"K5o":{"weight":1.0,"played":[1.0,0.0],"evs":[0.0,-2.13141]},"A5o":{"weight":1.0,"played":[1.0,0.0],"evs":[0.0,-1.64972]},"62s":{"weight":1.0,"played":[1.0,0.0],"evs":[0.0,-2.03189]},"63s":{"weight":1.0,"played":[1.0,0.0],"evs":[0.0,-1.70979]},"64s":{"weight":1.0,"played":[1.0,0.0],"evs":[0.0,-1.45624]},"65s":{"weight":1.0,"played":[1.0,0.0],"evs":[0.0,-1.16749]},"66":{"weight":1.0,"played":[0.0,1.0],"evs":[0.0,0.23073]},"76o":{"weight":1.0,"played":[1.0,0.0],"evs":[0.0,-1.6702]},"86o":{"weight":1.0,"played":[1.0,0.0],"evs":[0.0,-1.80265]},"96o":{"weight":1.0,"played":[1.0,0.0],"evs":[0.0,-1.98228]},"T6o":{"weight":1.0,"played":[1.0,0.0],"evs":[0.0,-2.20454]},"J6o":{"weight":1.0,"played":[1.0,0.0],"evs":[0.0,-2.35829]},"Q6o":{"weight":1.0,"played":[1.0,0.0],"evs":[0.0,-2.10878]},"K6o":{"weight":1.0,"played":[1.0,0.0],"evs":[0.0,-1.93951]},"A6o":{"weight":1.0,"played":[1.0,0.0],"evs":[0.0,-1.70106]},"72s":{"weight":1.0,"played":[1.0,0.0],"evs":[0.0,-2.21088]},"73s":{"weight":1.0,"played":[1.0,0.0],"evs":[0.0,-1.85505]},"74s":{"weight":1.0,"played":[1.0,0.0],"evs":[0.0,-1.55483]},"75s":{"weight":1.0,"played":[1.0,0.0],"evs":[0.0,-1.27353]},"76s":{"weight":1.0,"played":[1.0,0.0],"evs":[0.0,-0.98645]},"77":{"weight":1.0,"played":[0.0,1.0],"evs":[0.0,0.5877]},"87o":{"weight":1.0,"played":[1.0,0.0],"evs":[0.0,-1.552]},"97o":{"weight":1.0,"played":[1.0,0.0],"evs":[0.0,-1.71864]},"T7o":{"weight":1.0,"played":[1.0,0.0],"evs":[0.0,-1.89212]},"J7o":{"weight":1.0,"played":[1.0,0.0],"evs":[0.0,-2.05777]},"Q7o":{"weight":1.0,"played":[1.0,0.0],"evs":[0.0,-2.04395]},"K7o":{"weight":1.0,"played":[1.0,0.0],"evs":[0.0,-1.83184]},"A7o":{"weight":1.0,"played":[1.0,0.0],"evs":[0.0,-1.39924]},"82s":{"weight":1.0,"played":[1.0,0.0],"evs":[0.0,-2.12768]},"83s":{"weight":1.0,"played":[1.0,0.0],"evs":[0.0,-2.03867]},"84s":{"weight":1.0,"played":[1.0,0.0],"evs":[0.0,-1.74523]},"85s":{"weight":1.0,"played":[1.0,0.0],"evs":[0.0,-1.46231]},"86s":{"weight":1.0,"played":[1.0,0.0],"evs":[0.0,-1.08733]},"87s":{"weight":1.0,"played":[1.0,0.0],"evs":[0.0,-0.83547]},"88":{"weight":1.0,"played":[0.0,1.0],"evs":[0.0,1.1074]},"98o":{"weight":1.0,"played":[1.0,0.0],"evs":[0.0,-1.48076]},"T8o":{"weight":1.0,"played":[1.0,0.0],"evs":[0.0,-1.61713]},"J8o":{"weight":1.0,"played":[1.0,0.0],"evs":[0.0,-1.76947]},"Q8o":{"weight":1.0,"played":[1.0,0.0],"evs":[0.0,-1.75207]},"K8o":{"weight":1.0,"played":[1.0,0.0],"evs":[0.0,-1.79967]},"A8o":{"weight":1.0,"played":[1.0,0.0],"evs":[0.0,-1.09113]},"92s":{"weight":1.0,"played":[1.0,0.0],"evs":[0.0,-2.035]},"93s":{"weight":1.0,"played":[1.0,0.0],"evs":[0.0,-1.95833]},"94s":{"weight":1.0,"played":[1.0,0.0],"evs":[0.0,-1.88791]},"95s":{"weight":1.0,"played":[1.0,0.0],"evs":[0.0,-1.65181]},"96s":{"weight":1.0,"played":[1.0,0.0],"evs":[0.0,-1.28629]},"97s":{"weight":1.0,"played":[1.0,0.0],"evs":[0.0,-0.98352]},"98s":{"weight":1.0,"played":[1.0,0.0],"evs":[0.0,-0.79242]},"99":{"weight":1.0,"played":[0.0,1.0],"evs":[0.0,1.55528]},"T9o":{"weight":1.0,"played":[1.0,0.0],"evs":[0.0,-1.31168]},"J9o":{"weight":1.0,"played":[1.0,0.0],"evs":[0.0,-1.48574]},"Q9o":{"weight":1.0,"played":[1.0,0.0],"evs":[0.0,-1.4365]},"K9o":{"weight":1.0,"played":[1.0,0.0],"evs":[0.0,-1.42041]},"A9o":{"weight":1.0,"played":[1.0,0.0],"evs":[0.0,-0.74874]},"T2s":{"weight":1.0,"played":[1.0,0.0],"evs":[0.0,-2.07222]},"T3s":{"weight":1.0,"played":[1.0,0.0],"evs":[0.0,-1.95253]},"T4s":{"weight":1.0,"played":[1.0,0.0],"evs":[0.0,-1.84483]},"T5s":{"weight":1.0,"played":[1.0,0.0],"evs":[0.0,-1.85295]},"T6s":{"weight":1.0,"played":[1.0,0.0],"evs":[0.0,-1.47614]},"T7s":{"weight":1.0,"played":[1.0,0.0],"evs":[0.0,-1.1763]},"T8s":{"weight":1.0,"played":[1.0,0.0],"evs":[0.0,-0.88638]},"T9s":{"weight":1.0,"played":[1.0,0.0],"evs":[0.0,-0.62578]},"TT":{"weight":1.0,"played":[0.0,1.0],"evs":[0.0,2.34649]},"JTo":{"weight":1.0,"played":[1.0,0.0],"evs":[0.0,-1.10719]},"QTo":{"weight":1.0,"played":[1.0,0.0],"evs":[0.0,-1.10137]},"KTo":{"weight":1.0,"played":[1.0,0.0],"evs":[0.0,-0.89645]},"ATo":{"weight":1.0,"played":[0.8697,0.1303],"evs":[0.0,-0.03313]},"J2s":{"weight":1.0,"played":[1.0,0.0],"evs":[0.0,-2.03243]},"J3s":{"weight":1.0,"played":[1.0,0.0],"evs":[0.0,-1.84681]},"J4s":{"weight":1.0,"played":[1.0,0.0],"evs":[0.0,-1.77756]},"J5s":{"weight":1.0,"played":[1.0,0.0],"evs":[0.0,-1.70825]},"J6s":{"weight":1.0,"played":[1.0,0.0],"evs":[0.0,-1.57895]},"J7s":{"weight":1.0,"played":[1.0,0.0],"evs":[0.0,-1.31576]},"J8s":{"weight":1.0,"played":[1.0,0.0],"evs":[0.0,-1.01499]},"J9s":{"weight":1.0,"played":[1.0,0.0],"evs":[0.0,-0.74657]},"JTs":{"weight":1.0,"played":[1.0,0.0],"evs":[0.0,-0.43328]},"JJ":{"weight":1.0,"played":[0.0,1.0],"evs":[0.0,3.35749]},"QJo":{"weight":1.0,"played":[1.0,0.0],"evs":[0.0,-0.84812]},"KJo":{"weight":1.0,"played":[1.0,0.0],"evs":[0.0,-0.5741]},"AJo":{"weight":1.0,"played":[0.0,1.0],"evs":[0.0,0.54898]},"Q2s":{"weight":1.0,"played":[1.0,0.0],"evs":[0.0,-1.7715]},"Q3s":{"weight":1.0,"played":[1.0,0.0],"evs":[0.0,-1.66661]},"Q4s":{"weight":1.0,"played":[1.0,0.0],"evs":[0.0,-1.55857]},"Q5s":{"weight":1.0,"played":[1.0,0.0],"evs":[0.0,-1.53254]},"Q6s":{"weight":1.0,"played":[1.0,0.0],"evs":[0.0,-1.32385]},"Q7s":{"weight":1.0,"played":[1.0,0.0],"evs":[0.0,-1.26777]},"Q8s":{"weight":1.0,"played":[1.0,0.0],"evs":[0.0,-1.02573]},"Q9s":{"weight":1.0,"played":[1.0,0.0],"evs":[0.0,-0.72193]},"QTs":{"weight":1.0,"played":[1.0,0.0],"evs":[0.0,-0.38884]},"QJs":{"weight":1.0,"played":[1.0,0.0],"evs":[0.0,-0.16473]},"QQ":{"weight":1.0,"played":[0.0,1.0],"evs":[0.0,4.34253]},"KQo":{"weight":1.0,"played":[0.9999,1.0E-4],"evs":[0.0,-0.148]},"AQo":{"weight":1.0,"played":[0.0,1.0],"evs":[0.0,1.1536]},"K2s":{"weight":1.0,"played":[1.0,0.0],"evs":[0.0,-1.62392]},"K3s":{"weight":1.0,"played":[1.0,0.0],"evs":[0.0,-1.47229]},"K4s":{"weight":1.0,"played":[1.0,0.0],"evs":[0.0,-1.41034]},"K5s":{"weight":1.0,"played":[1.0,0.0],"evs":[0.0,-1.31277]},"K6s":{"weight":1.0,"played":[1.0,0.0],"evs":[0.0,-1.1507]},"K7s":{"weight":1.0,"played":[1.0,0.0],"evs":[0.0,-1.07128]},"K8s":{"weight":1.0,"played":[1.0,0.0],"evs":[0.0,-1.05004]},"K9s":{"weight":1.0,"played":[1.0,0.0],"evs":[0.0,-0.69021]},"KTs":{"weight":1.0,"played":[0.999,0.001],"evs":[0.0,-0.18431]},"KJs":{"weight":1.0,"played":[0.2026,0.7974],"evs":[0.0,0.13646]},"KQs":{"weight":1.0,"played":[0.0,1.0],"evs":[0.0,0.49656]},"KK":{"weight":1.0,"played":[0.0,1.0],"evs":[0.0,5.52455]},"AKo":{"weight":1.0,"played":[0.0,1.0],"evs":[0.0,1.83126]},"A2s":{"weight":1.0,"played":[1.0,0.0],"evs":[0.0,-1.3319]},"A3s":{"weight":1.0,"played":[1.0,0.0],"evs":[0.0,-1.13543]},"A4s":{"weight":1.0,"played":[1.0,0.0],"evs":[0.0,-0.99641]},"A5s":{"weight":1.0,"played":[1.0,0.0],"evs":[0.0,-0.82935]},"A6s":{"weight":1.0,"played":[1.0,0.0],"evs":[0.0,-0.86251]},"A7s":{"weight":1.0,"played":[1.0,0.0],"evs":[0.0,-0.60693]},"A8s":{"weight":1.0,"played":[1.0,0.0],"evs":[0.0,-0.29065]},"A9s":{"weight":1.0,"played":[0.8029,0.1971],"evs":[0.0,-0.018]},"ATs":{"weight":1.0,"played":[0.0,1.0],"evs":[0.0,0.68586]},"AJs":{"weight":1.0,"played":[0.0,1.0],"evs":[0.0,1.22029]},"AQs":{"weight":1.0,"played":[0.0,1.0],"evs":[0.0,1.69563]},"AKs":{"weight":1.0,"played":[0.0,1.0],"evs":[0.0,2.40122]},"AA":{"weight":1.0,"played":[0.0,1.0],"evs":[0.0,7.8398]}}}