{"player":4,"street":0,"children":2,"sequence":[{"player":0,"type":"F","amount":0,"street":0},{"player":1,"type":"R","amount":25250000,"street":0},{"player":2,"type":"R","amount":40250000,"street":0},{"player":3,"type":"F","amount":0,"street":0}],"actions":[{"type":"F","amount":0},{"type":"C","amount":14250000}],"hands":{"22":{"weight":1.0,"played":[1.0,0.0],"evs":[0.0,-1.28737]},"32o":{"weight":1.0,"played":[1.0,0.0],"evs":[0.0,-2.94777]},"42o":{"weight":1.0,"played":[1.0,0.0],"evs":[0.0,-2.82244]},"52o":{"weight":1.0,"played":[1.0,0.0],"evs":[0.0,-2.67635]},"62o":{"weight":1.0,"played":[1.0,0.0],"evs":[0.0,-2.88657]},"72o":{"weight":1.0,"played":[1.0,0.0],"evs":[0.0,-3.07829]},"82o":{"weight":1.0,"played":[1.0,0.0],"evs":[0.0,-2.92907]},"92o":{"weight":1.0,"played":[1.0,0.0],"evs":[0.0,-2.95986]},"T2o":{"weight":1.0,"played":[1.0,0.0],"evs":[0.0,-2.86512]},"J2o":{"weight":1.0,"played":[1.0,0.0],"evs":[0.0,-2.724]},"Q2o":{"weight":1.0,"played":[1.0,0.0],"evs":[0.0,-2.65295]},"K2o":{"weight":1.0,"played":[1.0,0.0],"evs":[0.0,-2.58252]},"A2o":{"weight":1.0,"played":[1.0,0.0],"evs":[0.0,-2.26135]},"32s":{"weight":1.0,"played":[1.0,0.0],"evs":[0.0,-2.18022]},"33":{"weight":1.0,"played":[1.0,0.0],"evs":[0.0,-0.94077]},"43o":{"weight":1.0,"played":[1.0,0.0],"evs":[0.0,-2.48506]},"53o":{"weight":1.0,"played":[1.0,0.0],"evs":[0.0,-2.34146]},"63o":{"weight":1.0,"played":[1.0,0.0],"evs":[0.0,-2.52975]},"73o":{"weight":1.0,"played":[1.0,0.0],"evs":[0.0,-2.72237]},"83o":{"weight":1.0,"played":[1.0,0.0],"evs":[0.0,-2.87382]},"93o":{"weight":1.0,"played":[1.0,0.0],"evs":[0.0,-2.88174]},"T3o":{"weight":1.0,"played":[1.0,0.0],"evs":[0.0,-2.76173]},"J3o":{"weight":1.0,"played":[1.0,0.0],"evs":[0.0,-2.61429]},"Q3o":{"weight":1.0,"played":[1.0,0.0],"evs":[0.0,-2.51974]},"K3o":{"weight":1.0,"played":[1.0,0.0],"evs":[0.0,-2.46759]},"A3o":{"weight":1.0,"played":[1.0,0.0],"evs":[0.0,-2.09913]},"42s":{"weight":1.0,"played":[1.0,0.0],"evs":[0.0,-2.01796]},"43s":{"weight":1.0,"played":[1.0,0.0],"evs":[0.0,-1.72115]},"44":{"weight":1.0,"played":[1.0,0.0],"evs":[0.0,-0.56958]},"54o":{"weight":1.0,"played":[1.0,0.0],"evs":[0.0,-1.98678]},"64o":{"weight":1.0,"played":[1.0,0.0],"evs":[0.0,-2.1558]},"74o":{"weight":1.0,"played":[1.0,0.0],"evs":[0.0,-2.34094]},"84o":{"weight":1.0,"played":[1.0,0.0],"evs":[0.0,-2.50866]},"94o":{"weight":1.0,"played":[1.0,0.0],"evs":[0.0,-2.75775]},"T4o":{"weight":1.0,"played":[1.0,0.0],"evs":[0.0,-2.63667]},"J4o":{"weight":1.0,"played":[1.0,0.0],"evs":[0.0,-2.48021]},"Q4o":{"weight":1.0,"played":[1.0,0.0],"evs":[0.0,-2.38174]},"K4o":{"weight":1.0,"played":[1.0,0.0],"evs":[0.0,-2.32599]},"A4o":{"weight":1.0,"played":[1.0,0.0],"evs":[0.0,-1.92333]},"52s":{"weight":1.0,"played":[1.0,0.0],"evs":[0.0,-1.93408]},"53s":{"weight":1.0,"played":[1.0,0.0],"evs":[0.0,-1.62421]},"54s":{"weight":1.0,"played":[1.0,0.0],"evs":[0.0,-1.26041]},"55":{"weight":1.0,"played":[0.9988,0.0012],"evs":[0.0,-0.15283]},"65o":{"weight":1.0,"played":[1.0,0.0],"evs":[0.0,-1.84942]},"75o":{"weight":1.0,"played":[1.0,0.0],"evs":[0.0,-2.00744]},"85o":{"weight":1.0,"played":[1.0,0.0],"evs":[0.0,-2.14873]},"95o":{"weight":1.0,"played":[1.0,0.0],"evs":[0.0,-2.41588]},"T5o":{"weight":1.0,"played":[1.0,0.0],"evs":[0.0,-2.5325]},"J5o":{"weight":1.0,"played":[1.0,0.0],"evs":[0.0,-2.3466]},"Q5o":{"weight":1.0,"played":[1.0,0.0],"evs":[0.0,-2.28862]},"K5o":{"weight":1.0,"played":[1.0,0.0],"evs":[0.0,-2.16858]},"A5o":{"weight":1.0,"played":[1.0,0.0],"evs":[0.0,-1.73513]},"62s":{"weight":1.0,"played":[1.0,0.0],"evs":[0.0,-2.11409]},"63s":{"weight":1.0,"played":[1.0,0.0],"evs":[0.0,-1.80287]},"64s":{"weight":1.0,"played":[1.0,0.0],"evs":[0.0,-1.38832]},"65s":{"weight":1.0,"played":[1.0,0.0],"evs":[0.0,-1.11072]},"66":{"weight":1.0,"played":[1.0E-4,0.9999],"evs":[0.0,0.12291]},"76o":{"weight":1.0,"played":[1.0,0.0],"evs":[0.0,-1.75058]},"86o":{"weight":1.0,"played":[1.0,0.0],"evs":[0.0,-1.87598]},"96o":{"weight":1.0,"played":[1.0,0.0],"evs":[0.0,-2.09364]},"T6o":{"weight":1.0,"played":[1.0,0.0],"evs":[0.0,-2.24747]},"J6o":{"weight":1.0,"played":[1.0,0.0],"evs":[0.0,-2.31523]},"Q6o":{"weight":1.0,"played":[1.0,0.0],"evs":[0.0,-2.1575]},"K6o":{"weight":1.0,"played":[1.0,0.0],"evs":[0.0,-2.0957]},"A6o":{"weight":1.0,"played":[1.0,0.0],"evs":[0.0,-1.82485]},"72s":{"weight":1.0,"played":[1.0,0.0],"evs":[0.0,-2.32855]},"73s":{"weight":1.0,"played":[1.0,0.0],"evs":[0.0,-1.94296]},"74s":{"weight":1.0,"played":[1.0,0.0],"evs":[0.0,-1.61832]},"75s":{"weight":1.0,"played":[1.0,0.0],"evs":[0.0,-1.31425]},"76s":{"weight":1.0,"played":[1.0,0.0],"evs":[0.0,-1.09414]},"77":{"weight":1.0,"played":[0.0,1.0],"evs":[0.0,0.50734]},"87o":{"weight":1.0,"played":[1.0,0.0],"evs":[0.0,-1.64681]},"97o":{"weight":1.0,"played":[1.0,0.0],"evs":[0.0,-1.82581]},"T7o":{"weight":1.0,"played":[1.0,0.0],"evs":[0.0,-1.92206]},"J7o":{"weight":1.0,"played":[1.0,0.0],"evs":[0.0,-2.0314]},"Q7o":{"weight":1.0,"played":[1.0,0.0],"evs":[0.0,-2.17854]},"K7o":{"weight":1.0,"played":[1.0,0.0],"evs":[0.0,-2.02572]},"A7o":{"weight":1.0,"played":[1.0,0.0],"evs":[0.0,-1.52587]},"82s":{"weight":1.0,"played":[1.0,0.0],"evs":[0.0,-2.11776]},"83s":{"weight":1.0,"played":[1.0,0.0],"evs":[0.0,-2.07398]},"84s":{"weight":1.0,"played":[1.0,0.0],"evs":[0.0,-1.73841]},"85s":{"weight":1.0,"played":[1.0,0.0],"evs":[0.0,-1.41913]},"86s":{"weight":1.0,"played":[1.0,0.0],"evs":[0.0,-1.15009]},"87s":{"weight":1.0,"played":[1.0,0.0],"evs":[0.0,-0.9405]},"88":{"weight":1.0,"played":[0.0,1.0],"evs":[0.0,0.89088]},"98o":{"weight":1.0,"played":[1.0,0.0],"evs":[0.0,-1.5534]},"T8o":{"weight":1.0,"played":[1.0,0.0],"evs":[0.0,-1.62514]},"J8o":{"weight":1.0,"played":[1.0,0.0],"evs":[0.0,-1.70021]},"Q8o":{"weight":1.0,"played":[1.0,0.0],"evs":[0.0,-1.82189]},"K8o":{"weight":1.0,"played":[1.0,0.0],"evs":[0.0,-1.92559]},"A8o":{"weight":1.0,"played":[1.0,0.0],"evs":[0.0,-1.23476]},"92s":{"weight":1.0,"played":[1.0,0.0],"evs":[0.0,-2.15877]},"93s":{"weight":1.0,"played":[1.0,0.0],"evs":[0.0,-2.04524]},"94s":{"weight":1.0,"played":[1.0,0.0],"evs":[0.0,-1.97454]},"95s":{"weight":1.0,"played":[1.0,0.0],"evs":[0.0,-1.64942]},"96s":{"weight":1.0,"played":[1.0,0.0],"evs":[0.0,-1.34132]},"97s":{"weight":1.0,"played":[1.0,0.0],"evs":[0.0,-1.0993]},"98s":{"weight":1.0,"played":[1.0,0.0],"evs":[0.0,-0.82984]},"99":{"weight":1.0,"played":[0.0,1.0],"evs":[0.0,1.45412]},"T9o":{"weight":1.0,"played":[1.0,0.0],"evs":[0.0,-1.39245]},"J9o":{"weight":1.0,"played":[1.0,0.0],"evs":[0.0,-1.48618]},"Q9o":{"weight":1.0,"played":[1.0,0.0],"evs":[0.0,-1.60307]},"K9o":{"weight":1.0,"played":[1.0,0.0],"evs":[0.0,-1.64699]},"A9o":{"weight":1.0,"played":[1.0,0.0],"evs":[0.0,-0.87571]},"T2s":{"weight":1.0,"played":[1.0,0.0],"evs":[0.0,-2.12212]},"T3s":{"weight":1.0,"played":[1.0,0.0],"evs":[0.0,-1.97765]},"T4s":{"weight":1.0,"played":[1.0,0.0],"evs":[0.0,-1.86987]},"T5s":{"weight":1.0,"played":[1.0,0.0],"evs":[0.0,-1.76872]},"T6s":{"weight":1.0,"played":[1.0,0.0],"evs":[0.0,-1.53489]},"T7s":{"weight":1.0,"played":[1.0,0.0],"evs":[0.0,-1.20738]},"T8s":{"weight":1.0,"played":[1.0,0.0],"evs":[0.0,-0.90888]},"T9s":{"weight":1.0,"played":[1.0,0.0],"evs":[0.0,-0.69904]},"TT":{"weight":1.0,"played":[0.0,1.0],"evs":[0.0,2.30945]},"JTo":{"weight":1.0,"played":[1.0,0.0],"evs":[0.0,-1.0657]},"QTo":{"weight":1.0,"played":[1.0,0.0],"evs":[0.0,-1.13261]},"KTo":{"weight":1.0,"played":[1.0,0.0],"evs":[0.0,-1.08119]},"ATo":{"weight":1.0,"played":[0.7607,0.2393],"evs":[0.0,-0.02364]},"J2s":{"weight":1.0,"played":[1.0,0.0],"evs":[0.0,-1.97531]},"J3s":{"weight":1.0,"played":[1.0,0.0],"evs":[0.0,-1.78913]},"J4s":{"weight":1.0,"played":[1.0,0.0],"evs":[0.0,-1.69545]},"J5s":{"weight":1.0,"played":[1.0,0.0],"evs":[0.0,-1.59117]},"J6s":{"weight":1.0,"played":[1.0,0.0],"evs":[0.0,-1.57027]},"J7s":{"weight":1.0,"played":[1.0,0.0],"evs":[0.0,-1.31378]},"J8s":{"weight":1.0,"played":[1.0,0.0],"evs":[0.0,-0.97968]},"J9s":{"weight":1.0,"played":[1.0,0.0],"evs":[0.0,-0.78478]},"JTs":{"weight":1.0,"played":[1.0,0.0],"evs":[0.0,-0.41254]},"JJ":{"weight":1.0,"played":[0.0,1.0],"evs":[0.0,3.10468]},"QJo":{"weight":1.0,"played":[1.0,0.0],"evs":[0.0,-0.88769]},"KJo":{"weight":1.0,"played":[1.0,0.0],"evs":[0.0,-0.73289]},"AJo":{"weight":1.0,"played":[0.0,1.0],"evs":[0.0,0.49584]},"Q2s":{"weight":1.0,"played":[1.0,0.0],"evs":[0.0,-1.84313]},"Q3s":{"weight":1.0,"played":[1.0,0.0],"evs":[0.0,-1.70309]},"Q4s":{"weight":1.0,"played":[1.0,0.0],"evs":[0.0,-1.64756]},"Q5s":{"weight":1.0,"played":[1.0,0.0],"evs":[0.0,-1.4616]},"Q6s":{"weight":1.0,"played":[1.0,0.0],"evs":[0.0,-1.39506]},"Q7s":{"weight":1.0,"played":[1.0,0.0],"evs":[0.0,-1.40579]},"Q8s":{"weight":1.0,"played":[1.0,0.0],"evs":[0.0,-1.12229]},"Q9s":{"weight":1.0,"played":[1.0,0.0],"evs":[0.0,-0.84514]},"QTs":{"weight":1.0,"played":[1.0,0.0],"evs":[0.0,-0.43341]},"QJs":{"weight":1.0,"played":[0.9982,0.0018],"evs":[0.0,-0.20153]},"QQ":{"weight":1.0,"played":[0.0,1.0],"evs":[0.0,4.09129]},"KQo":{"weight":1.0,"played":[1.0,0.0],"evs":[0.0,-0.36244]},"AQo":{"weight":1.0,"played":[0.0,1.0],"evs":[0.0,1.00231]},"K2s":{"weight":1.0,"played":[1.0,0.0],"evs":[0.0,-1.76742]},"K3s":{"weight":1.0,"played":[1.0,0.0],"evs":[0.0,-1.64243]},"K4s":{"weight":1.0,"played":[1.0,0.0],"evs":[0.0,-1.47478]},"K5s":{"weight":1.0,"played":[1.0,0.0],"evs":[0.0,-1.38312]},"K6s":{"weight":1.0,"played":[1.0,0.0],"evs":[0.0,-1.2986]},"K7s":{"weight":1.0,"played":[1.0,0.0],"evs":[0.0,-1.27569]},"K8s":{"weight":1.0,"played":[1.0,0.0],"evs":[0.0,-1.11451]},"K9s":{"weight":1.0,"played":[1.0,0.0],"evs":[0.0,-0.88963]},"KTs":{"weight":1.0,"played":[1.0,0.0],"evs":[0.0,-0.33411]},"KJs":{"weight":1.0,"played":[0.2415,0.7585],"evs":[0.0,-0.03037]},"KQs":{"weight":1.0,"played":[0.0,1.0],"evs":[0.0,0.35054]},"KK":{"weight":1.0,"played":[0.0,1.0],"evs":[0.0,5.35865]},"AKo":{"weight":1.0,"played":[0.0,1.0],"evs":[0.0,1.67696]},"A2s":{"weight":1.0,"played":[1.0,0.0],"evs":[0.0,-1.39552]},"A3s":{"weight":1.0,"played":[1.0,0.0],"evs":[0.0,-1.22101]},"A4s":{"weight":1.0,"played":[1.0,0.0],"evs":[0.0,-1.11631]},"A5s":{"weight":1.0,"played":[1.0,0.0],"evs":[0.0,-0.92579]},"A6s":{"weight":1.0,"played":[1.0,0.0],"evs":[0.0,-1.00274]},"A7s":{"weight":1.0,"played":[1.0,0.0],"evs":[0.0,-0.73621]},"A8s":{"weight":1.0,"played":[1.0,0.0],"evs":[0.0,-0.47519]},"A9s":{"weight":1.0,"played":[0.8895,0.1105],"evs":[0.0,-0.10971]},"ATs":{"weight":1.0,"played":[0.0,1.0],"evs":[0.0,0.68783]},"AJs":{"weight":1.0,"played":[0.0,1.0],"evs":[0.0,1.15048]},"AQs":{"weight":1.0,"played":[0.0,1.0],"evs":[0.0,1.62597]},"AKs":{"weight":1.0,"played":[0.0,1.0],"evs":[0.0,2.24926]},"AA":{"weight":1.0,"played":[0.0,1.0],"evs":[0.0,7.84782]}}}