{"player":4,"street":0,"children":2,"sequence":[{"player":0,"type":"F","amount":0,"street":0},{"player":1,"type":"R","amount":25250000,"street":0},{"player":2,"type":"R","amount":40250000,"street":0},{"player":3,"type":"C","amount":37750000,"street":0}],"actions":[{"type":"F","amount":0},{"type":"C","amount":14250000}],"hands":{"22":{"weight":1.0,"played":[1.0,0.0],"evs":[0.0,-3.96314]},"32o":{"weight":1.0,"played":[1.0,0.0],"evs":[0.0,-5.27519]},"42o":{"weight":1.0,"played":[1.0,0.0],"evs":[0.0,-5.06704]},"52o":{"weight":1.0,"played":[1.0,0.0],"evs":[0.0,-4.97194]},"62o":{"weight":1.0,"played":[1.0,0.0],"evs":[0.0,-5.20927]},"72o":{"weight":1.0,"played":[1.0,0.0],"evs":[0.0,-5.43986]},"82o":{"weight":1.0,"played":[1.0,0.0],"evs":[0.0,-5.33776]},"92o":{"weight":1.0,"played":[1.0,0.0],"evs":[0.0,-5.35714]},"T2o":{"weight":1.0,"played":[1.0,0.0],"evs":[0.0,-5.27422]},"J2o":{"weight":1.0,"played":[1.0,0.0],"evs":[0.0,-5.30288]},"Q2o":{"weight":1.0,"played":[1.0,0.0],"evs":[0.0,-5.23009]},"K2o":{"weight":1.0,"played":[1.0,0.0],"evs":[0.0,-5.09584]},"A2o":{"weight":1.0,"played":[1.0,0.0],"evs":[0.0,-5.42925]},"32s":{"weight":1.0,"played":[1.0,0.0],"evs":[0.0,-4.31829]},"33":{"weight":1.0,"played":[1.0,0.0],"evs":[0.0,-3.84747]},"43o":{"weight":1.0,"played":[1.0,0.0],"evs":[0.0,-4.6866]},"53o":{"weight":1.0,"played":[1.0,0.0],"evs":[0.0,-4.68122]},"63o":{"weight":1.0,"played":[1.0,0.0],"evs":[0.0,-4.86291]},"73o":{"weight":1.0,"played":[1.0,0.0],"evs":[0.0,-5.13819]},"83o":{"weight":1.0,"played":[1.0,0.0],"evs":[0.0,-5.26125]},"93o":{"weight":1.0,"played":[1.0,0.0],"evs":[0.0,-5.26665]},"T3o":{"weight":1.0,"played":[1.0,0.0],"evs":[0.0,-5.21908]},"J3o":{"weight":1.0,"played":[1.0,0.0],"evs":[0.0,-5.2669]},"Q3o":{"weight":1.0,"played":[1.0,0.0],"evs":[0.0,-4.99109]},"K3o":{"weight":1.0,"played":[1.0,0.0],"evs":[0.0,-4.97848]},"A3o":{"weight":1.0,"played":[1.0,0.0],"evs":[0.0,-5.30925]},"42s":{"weight":1.0,"played":[1.0,0.0],"evs":[0.0,-4.1495]},"43s":{"weight":1.0,"played":[1.0,0.0],"evs":[0.0,-3.83167]},"44":{"weight":1.0,"played":[1.0,0.0],"evs":[0.0,-3.67646]},"54o":{"weight":1.0,"played":[1.0,0.0],"evs":[0.0,-4.1933]},"64o":{"weight":1.0,"played":[1.0,0.0],"evs":[0.0,-4.46234]},"74o":{"weight":1.0,"played":[1.0,0.0],"evs":[0.0,-4.81668]},"84o":{"weight":1.0,"played":[1.0,0.0],"evs":[0.0,-4.87694]},"94o":{"weight":1.0,"played":[1.0,0.0],"evs":[0.0,-5.2271]},"T4o":{"weight":1.0,"played":[1.0,0.0],"evs":[0.0,-5.11944]},"J4o":{"weight":1.0,"played":[1.0,0.0],"evs":[0.0,-5.09403]},"Q4o":{"weight":1.0,"played":[1.0,0.0],"evs":[0.0,-4.90293]},"K4o":{"weight":1.0,"played":[1.0,0.0],"evs":[0.0,-4.85155]},"A4o":{"weight":1.0,"played":[1.0,0.0],"evs":[0.0,-5.20327]},"52s":{"weight":1.0,"played":[1.0,0.0],"evs":[0.0,-4.28675]},"53s":{"weight":1.0,"played":[1.0,0.0],"evs":[0.0,-3.74246]},"54s":{"weight":1.0,"played":[1.0,0.0],"evs":[0.0,-3.59509]},"55":{"weight":1.0,"played":[1.0,0.0],"evs":[0.0,-3.3294]},"65o":{"weight":1.0,"played":[1.0,0.0],"evs":[0.0,-4.19739]},"75o":{"weight":1.0,"played":[1.0,0.0],"evs":[0.0,-4.40606]},"85o":{"weight":1.0,"played":[1.0,0.0],"evs":[0.0,-4.60222]},"95o":{"weight":1.0,"played":[1.0,0.0],"evs":[0.0,-4.92964]},"T5o":{"weight":1.0,"played":[1.0,0.0],"evs":[0.0,-5.0541]},"J5o":{"weight":1.0,"played":[1.0,0.0],"evs":[0.0,-5.04947]},"Q5o":{"weight":1.0,"played":[1.0,0.0],"evs":[0.0,-4.81128]},"K5o":{"weight":1.0,"played":[1.0,0.0],"evs":[0.0,-4.72068]},"A5o":{"weight":1.0,"played":[1.0,0.0],"evs":[0.0,-4.99279]},"62s":{"weight":1.0,"played":[1.0,0.0],"evs":[0.0,-4.3804]},"63s":{"weight":1.0,"played":[1.0,0.0],"evs":[0.0,-4.00505]},"64s":{"weight":1.0,"played":[1.0,0.0],"evs":[0.0,-3.64608]},"65s":{"weight":1.0,"played":[1.0,0.0],"evs":[0.0,-3.3806]},"66":{"weight":1.0,"played":[1.0,0.0],"evs":[0.0,-3.19687]},"76o":{"weight":1.0,"played":[1.0,0.0],"evs":[0.0,-4.18808]},"86o":{"weight":1.0,"played":[1.0,0.0],"evs":[0.0,-4.25163]},"96o":{"weight":1.0,"played":[1.0,0.0],"evs":[0.0,-4.53049]},"T6o":{"weight":1.0,"played":[1.0,0.0],"evs":[0.0,-4.84012]},"J6o":{"weight":1.0,"played":[1.0,0.0],"evs":[0.0,-5.00129]},"Q6o":{"weight":1.0,"played":[1.0,0.0],"evs":[0.0,-4.80714]},"K6o":{"weight":1.0,"played":[1.0,0.0],"evs":[0.0,-4.68804]},"A6o":{"weight":1.0,"played":[1.0,0.0],"evs":[0.0,-5.25]},"72s":{"weight":1.0,"played":[1.0,0.0],"evs":[0.0,-4.64212]},"73s":{"weight":1.0,"played":[1.0,0.0],"evs":[0.0,-4.19209]},"74s":{"weight":1.0,"played":[1.0,0.0],"evs":[0.0,-3.96372]},"75s":{"weight":1.0,"played":[1.0,0.0],"evs":[0.0,-3.63251]},"76s":{"weight":1.0,"played":[1.0,0.0],"evs":[0.0,-3.32662]},"77":{"weight":1.0,"played":[1.0,0.0],"evs":[0.0,-2.80763]},"87o":{"weight":1.0,"played":[1.0,0.0],"evs":[0.0,-4.11478]},"97o":{"weight":1.0,"played":[1.0,0.0],"evs":[0.0,-4.31945]},"T7o":{"weight":1.0,"played":[1.0,0.0],"evs":[0.0,-4.48655]},"J7o":{"weight":1.0,"played":[1.0,0.0],"evs":[0.0,-4.75563]},"Q7o":{"weight":1.0,"played":[1.0,0.0],"evs":[0.0,-4.82639]},"K7o":{"weight":1.0,"played":[1.0,0.0],"evs":[0.0,-4.62361]},"A7o":{"weight":1.0,"played":[1.0,0.0],"evs":[0.0,-5.11937]},"82s":{"weight":1.0,"played":[1.0,0.0],"evs":[0.0,-4.45415]},"83s":{"weight":1.0,"played":[1.0,0.0],"evs":[0.0,-4.44981]},"84s":{"weight":1.0,"played":[1.0,0.0],"evs":[0.0,-4.10337]},"85s":{"weight":1.0,"played":[1.0,0.0],"evs":[0.0,-3.77913]},"86s":{"weight":1.0,"played":[1.0,0.0],"evs":[0.0,-3.52594]},"87s":{"weight":1.0,"played":[1.0,0.0],"evs":[0.0,-3.32709]},"88":{"weight":1.0,"played":[1.0,0.0],"evs":[0.0,-2.4509]},"98o":{"weight":1.0,"played":[1.0,0.0],"evs":[0.0,-4.08016]},"T8o":{"weight":1.0,"played":[1.0,0.0],"evs":[0.0,-4.11384]},"J8o":{"weight":1.0,"played":[1.0,0.0],"evs":[0.0,-4.4106]},"Q8o":{"weight":1.0,"played":[1.0,0.0],"evs":[0.0,-4.4581]},"K8o":{"weight":1.0,"played":[1.0,0.0],"evs":[0.0,-4.47892]},"A8o":{"weight":1.0,"played":[1.0,0.0],"evs":[0.0,-5.02754]},"92s":{"weight":1.0,"played":[1.0,0.0],"evs":[0.0,-4.51583]},"93s":{"weight":1.0,"played":[1.0,0.0],"evs":[0.0,-4.27591]},"94s":{"weight":1.0,"played":[1.0,0.0],"evs":[0.0,-4.43663]},"95s":{"weight":1.0,"played":[1.0,0.0],"evs":[0.0,-4.03545]},"96s":{"weight":1.0,"played":[1.0,0.0],"evs":[0.0,-3.68836]},"97s":{"weight":1.0,"played":[1.0,0.0],"evs":[0.0,-3.50368]},"98s":{"weight":1.0,"played":[1.0,0.0],"evs":[0.0,-3.32749]},"99":{"weight":1.0,"played":[1.0,0.0],"evs":[0.0,-1.88068]},"T9o":{"weight":1.0,"played":[1.0,0.0],"evs":[0.0,-3.87447]},"J9o":{"weight":1.0,"played":[1.0,0.0],"evs":[0.0,-4.118]},"Q9o":{"weight":1.0,"played":[1.0,0.0],"evs":[0.0,-4.22186]},"K9o":{"weight":1.0,"played":[1.0,0.0],"evs":[0.0,-4.27292]},"A9o":{"weight":1.0,"played":[1.0,0.0],"evs":[0.0,-4.84388]},"T2s":{"weight":1.0,"played":[1.0,0.0],"evs":[0.0,-4.4684]},"T3s":{"weight":1.0,"played":[1.0,0.0],"evs":[0.0,-4.33068]},"T4s":{"weight":1.0,"played":[1.0,0.0],"evs":[0.0,-4.28355]},"T5s":{"weight":1.0,"played":[1.0,0.0],"evs":[0.0,-4.1408]},"T6s":{"weight":1.0,"played":[1.0,0.0],"evs":[0.0,-3.90517]},"T7s":{"weight":1.0,"played":[1.0,0.0],"evs":[0.0,-3.602]},"T8s":{"weight":1.0,"played":[1.0,0.0],"evs":[0.0,-3.35244]},"T9s":{"weight":1.0,"played":[1.0,0.0],"evs":[0.0,-3.17948]},"TT":{"weight":1.0,"played":[0.9999,1.0E-4],"evs":[0.0,-1.21469]},"JTo":{"weight":1.0,"played":[1.0,0.0],"evs":[0.0,-3.78224]},"QTo":{"weight":1.0,"played":[1.0,0.0],"evs":[0.0,-3.88151]},"KTo":{"weight":1.0,"played":[1.0,0.0],"evs":[0.0,-3.84677]},"ATo":{"weight":1.0,"played":[1.0,0.0],"evs":[0.0,-4.2844]},"J2s":{"weight":1.0,"played":[1.0,0.0],"evs":[0.0,-4.45257]},"J3s":{"weight":1.0,"played":[1.0,0.0],"evs":[0.0,-4.28014]},"J4s":{"weight":1.0,"played":[1.0,0.0],"evs":[0.0,-4.26085]},"J5s":{"weight":1.0,"played":[1.0,0.0],"evs":[0.0,-4.20179]},"J6s":{"weight":1.0,"played":[1.0,0.0],"evs":[0.0,-4.07867]},"J7s":{"weight":1.0,"played":[1.0,0.0],"evs":[0.0,-3.90342]},"J8s":{"weight":1.0,"played":[1.0,0.0],"evs":[0.0,-3.59134]},"J9s":{"weight":1.0,"played":[1.0,0.0],"evs":[0.0,-3.43158]},"JTs":{"weight":1.0,"played":[1.0,0.0],"evs":[0.0,-2.96359]},"JJ":{"weight":1.0,"played":[0.6566,0.3434],"evs":[0.0,-0.06589]},"QJo":{"weight":1.0,"played":[1.0,0.0],"evs":[0.0,-3.80025]},"KJo":{"weight":1.0,"played":[1.0,0.0],"evs":[0.0,-3.61288]},"AJo":{"weight":1.0,"played":[1.0,0.0],"evs":[0.0,-3.73986]},"Q2s":{"weight":1.0,"played":[1.0,0.0],"evs":[0.0,-4.28082]},"Q3s":{"weight":1.0,"played":[1.0,0.0],"evs":[0.0,-4.04756]},"Q4s":{"weight":1.0,"played":[1.0,0.0],"evs":[0.0,-4.07277]},"Q5s":{"weight":1.0,"played":[1.0,0.0],"evs":[0.0,-4.03591]},"Q6s":{"weight":1.0,"played":[1.0,0.0],"evs":[0.0,-4.02339]},"Q7s":{"weight":1.0,"played":[1.0,0.0],"evs":[0.0,-3.77733]},"Q8s":{"weight":1.0,"played":[1.0,0.0],"evs":[0.0,-3.47894]},"Q9s":{"weight":1.0,"played":[1.0,0.0],"evs":[0.0,-3.4462]},"QTs":{"weight":1.0,"played":[1.0,0.0],"evs":[0.0,-2.8877]},"QJs":{"weight":1.0,"played":[1.0,0.0],"evs":[0.0,-2.8235]},"QQ":{"weight":1.0,"played":[0.0,1.0],"evs":[0.0,1.15163]},"KQo":{"weight":1.0,"played":[1.0,0.0],"evs":[0.0,-3.34041]},"AQo":{"weight":1.0,"played":[1.0,0.0],"evs":[0.0,-2.93583]},"K2s":{"weight":1.0,"played":[1.0,0.0],"evs":[0.0,-4.15953]},"K3s":{"weight":1.0,"played":[1.0,0.0],"evs":[0.0,-3.955]},"K4s":{"weight":1.0,"played":[1.0,0.0],"evs":[0.0,-3.82399]},"K5s":{"weight":1.0,"played":[1.0,0.0],"evs":[0.0,-3.90422]},"K6s":{"weight":1.0,"played":[1.0,0.0],"evs":[0.0,-3.68606]},"K7s":{"weight":1.0,"played":[1.0,0.0],"evs":[0.0,-3.47212]},"K8s":{"weight":1.0,"played":[1.0,0.0],"evs":[0.0,-3.53806]},"K9s":{"weight":1.0,"played":[1.0,0.0],"evs":[0.0,-3.45508]},"KTs":{"weight":1.0,"played":[1.0,0.0],"evs":[0.0,-2.9348]},"KJs":{"weight":1.0,"played":[1.0,0.0],"evs":[0.0,-2.91975]},"KQs":{"weight":1.0,"played":[1.0,0.0],"evs":[0.0,-2.29104]},"KK":{"weight":1.0,"played":[0.0,1.0],"evs":[0.0,3.18075]},"AKo":{"weight":1.0,"played":[1.0,0.0],"evs":[0.0,-2.03065]},"A2s":{"weight":1.0,"played":[1.0,0.0],"evs":[0.0,-4.4196]},"A3s":{"weight":1.0,"played":[1.0,0.0],"evs":[0.0,-4.21088]},"A4s":{"weight":1.0,"played":[1.0,0.0],"evs":[0.0,-4.07914]},"A5s":{"weight":1.0,"played":[1.0,0.0],"evs":[0.0,-4.02866]},"A6s":{"weight":1.0,"played":[1.0,0.0],"evs":[0.0,-4.32893]},"A7s":{"weight":1.0,"played":[1.0,0.0],"evs":[0.0,-4.23766]},"A8s":{"weight":1.0,"played":[1.0,0.0],"evs":[0.0,-3.91131]},"A9s":{"weight":1.0,"played":[1.0,0.0],"evs":[0.0,-3.78382]},"ATs":{"weight":1.0,"played":[1.0,0.0],"evs":[0.0,-3.39608]},"AJs":{"weight":1.0,"played":[1.0,0.0],"evs":[0.0,-2.7855]},"AQs":{"weight":1.0,"played":[1.0,0.0],"evs":[0.0,-2.2789]},"AKs":{"weight":1.0,"played":[0.9999,1.0E-4],"evs":[0.0,-1.30826]},"AA":{"weight":1.0,"played":[0.0,1.0],"evs":[0.0,5.47048]}}}