{"player":4,"street":0,"children":2,"sequence":[{"player":0,"type":"R","amount":31750000,"street":0},{"player":1,"type":"F","amount":0,"street":0},{"player":2,"type":"C","amount":31750000,"street":0},{"player":3,"type":"F","amount":0,"street":0}],"actions":[{"type":"F","amount":0},{"type":"C","amount":14250000}],"hands":{"22":{"weight":1.0,"played":[1.0,0.0],"evs":[0.0,-1.53513]},"32o":{"weight":1.0,"played":[1.0,0.0],"evs":[0.0,-3.20568]},"42o":{"weight":1.0,"played":[1.0,0.0],"evs":[0.0,-3.08553]},"52o":{"weight":1.0,"played":[1.0,0.0],"evs":[0.0,-2.96095]},"62o":{"weight":1.0,"played":[1.0,0.0],"evs":[0.0,-3.1563]},"72o":{"weight":1.0,"played":[1.0,0.0],"evs":[0.0,-3.36671]},"82o":{"weight":1.0,"played":[1.0,0.0],"evs":[0.0,-3.29703]},"92o":{"weight":1.0,"played":[1.0,0.0],"evs":[0.0,-3.19073]},"T2o":{"weight":1.0,"played":[1.0,0.0],"evs":[0.0,-3.11533]},"J2o":{"weight":1.0,"played":[1.0,0.0],"evs":[0.0,-3.23917]},"Q2o":{"weight":1.0,"played":[1.0,0.0],"evs":[0.0,-2.89263]},"K2o":{"weight":1.0,"played":[1.0,0.0],"evs":[0.0,-2.84415]},"A2o":{"weight":1.0,"played":[1.0,0.0],"evs":[0.0,-2.69972]},"32s":{"weight":1.0,"played":[1.0,0.0],"evs":[0.0,-2.43024]},"33":{"weight":1.0,"played":[1.0,0.0],"evs":[0.0,-1.27314]},"43o":{"weight":1.0,"played":[1.0,0.0],"evs":[0.0,-2.77744]},"53o":{"weight":1.0,"played":[1.0,0.0],"evs":[0.0,-2.66486]},"63o":{"weight":1.0,"played":[1.0,0.0],"evs":[0.0,-2.81958]},"73o":{"weight":1.0,"played":[1.0,0.0],"evs":[0.0,-3.05138]},"83o":{"weight":1.0,"played":[1.0,0.0],"evs":[0.0,-3.23938]},"93o":{"weight":1.0,"played":[1.0,0.0],"evs":[0.0,-3.08271]},"T3o":{"weight":1.0,"played":[1.0,0.0],"evs":[0.0,-3.0019]},"J3o":{"weight":1.0,"played":[1.0,0.0],"evs":[0.0,-3.13264]},"Q3o":{"weight":1.0,"played":[1.0,0.0],"evs":[0.0,-2.8083]},"K3o":{"weight":1.0,"played":[1.0,0.0],"evs":[0.0,-2.76622]},"A3o":{"weight":1.0,"played":[1.0,0.0],"evs":[0.0,-2.57007]},"42s":{"weight":1.0,"played":[1.0,0.0],"evs":[0.0,-2.31867]},"43s":{"weight":1.0,"played":[1.0,0.0],"evs":[0.0,-2.00325]},"44":{"weight":1.0,"played":[1.0,0.0],"evs":[0.0,-1.04138]},"54o":{"weight":1.0,"played":[1.0,0.0],"evs":[0.0,-2.34917]},"64o":{"weight":1.0,"played":[1.0,0.0],"evs":[0.0,-2.48593]},"74o":{"weight":1.0,"played":[1.0,0.0],"evs":[0.0,-2.7003]},"84o":{"weight":1.0,"played":[1.0,0.0],"evs":[0.0,-2.93428]},"94o":{"weight":1.0,"played":[1.0,0.0],"evs":[0.0,-3.05012]},"T4o":{"weight":1.0,"played":[1.0,0.0],"evs":[0.0,-2.9447]},"J4o":{"weight":1.0,"played":[1.0,0.0],"evs":[0.0,-3.02034]},"Q4o":{"weight":1.0,"played":[1.0,0.0],"evs":[0.0,-2.69593]},"K4o":{"weight":1.0,"played":[1.0,0.0],"evs":[0.0,-2.62485]},"A4o":{"weight":1.0,"played":[1.0,0.0],"evs":[0.0,-2.45479]},"52s":{"weight":1.0,"played":[1.0,0.0],"evs":[0.0,-2.19496]},"53s":{"weight":1.0,"played":[1.0,0.0],"evs":[0.0,-1.88505]},"54s":{"weight":1.0,"played":[1.0,0.0],"evs":[0.0,-1.61464]},"55":{"weight":1.0,"played":[1.0,0.0],"evs":[0.0,-0.72582]},"65o":{"weight":1.0,"played":[1.0,0.0],"evs":[0.0,-2.17933]},"75o":{"weight":1.0,"played":[1.0,0.0],"evs":[0.0,-2.37613]},"85o":{"weight":1.0,"played":[1.0,0.0],"evs":[0.0,-2.59611]},"95o":{"weight":1.0,"played":[1.0,0.0],"evs":[0.0,-2.71563]},"T5o":{"weight":1.0,"played":[1.0,0.0],"evs":[0.0,-2.87193]},"J5o":{"weight":1.0,"played":[1.0,0.0],"evs":[0.0,-2.90254]},"Q5o":{"weight":1.0,"played":[1.0,0.0],"evs":[0.0,-2.58601]},"K5o":{"weight":1.0,"played":[1.0,0.0],"evs":[0.0,-2.53343]},"A5o":{"weight":1.0,"played":[1.0,0.0],"evs":[0.0,-2.2826]},"62s":{"weight":1.0,"played":[1.0,0.0],"evs":[0.0,-2.35723]},"63s":{"weight":1.0,"played":[1.0,0.0],"evs":[0.0,-2.03466]},"64s":{"weight":1.0,"played":[1.0,0.0],"evs":[0.0,-1.75347]},"65s":{"weight":1.0,"played":[1.0,0.0],"evs":[0.0,-1.45019]},"66":{"weight":1.0,"played":[1.0,0.0],"evs":[0.0,-0.35789]},"76o":{"weight":1.0,"played":[1.0,0.0],"evs":[0.0,-2.08253]},"86o":{"weight":1.0,"played":[1.0,0.0],"evs":[0.0,-2.26067]},"96o":{"weight":1.0,"played":[1.0,0.0],"evs":[0.0,-2.40161]},"T6o":{"weight":1.0,"played":[1.0,0.0],"evs":[0.0,-2.5606]},"J6o":{"weight":1.0,"played":[1.0,0.0],"evs":[0.0,-2.87317]},"Q6o":{"weight":1.0,"played":[1.0,0.0],"evs":[0.0,-2.50746]},"K6o":{"weight":1.0,"played":[1.0,0.0],"evs":[0.0,-2.42334]},"A6o":{"weight":1.0,"played":[1.0,0.0],"evs":[0.0,-2.45598]},"72s":{"weight":1.0,"played":[1.0,0.0],"evs":[0.0,-2.58321]},"73s":{"weight":1.0,"played":[1.0,0.0],"evs":[0.0,-2.26621]},"74s":{"weight":1.0,"played":[1.0,0.0],"evs":[0.0,-1.97265]},"75s":{"weight":1.0,"played":[1.0,0.0],"evs":[0.0,-1.68156]},"76s":{"weight":1.0,"played":[1.0,0.0],"evs":[0.0,-1.41142]},"77":{"weight":1.0,"played":[0.0399,0.9601],"evs":[0.0,0.07573]},"87o":{"weight":1.0,"played":[1.0,0.0],"evs":[0.0,-2.03581]},"97o":{"weight":1.0,"played":[1.0,0.0],"evs":[0.0,-2.15928]},"T7o":{"weight":1.0,"played":[1.0,0.0],"evs":[0.0,-2.3156]},"J7o":{"weight":1.0,"played":[1.0,0.0],"evs":[0.0,-2.63428]},"Q7o":{"weight":1.0,"played":[1.0,0.0],"evs":[0.0,-2.48803]},"K7o":{"weight":1.0,"played":[1.0,0.0],"evs":[0.0,-2.38006]},"A7o":{"weight":1.0,"played":[1.0,0.0],"evs":[0.0,-2.13837]},"82s":{"weight":1.0,"played":[1.0,0.0],"evs":[0.0,-2.51439]},"83s":{"weight":1.0,"played":[1.0,0.0],"evs":[0.0,-2.4652]},"84s":{"weight":1.0,"played":[1.0,0.0],"evs":[0.0,-2.1548]},"85s":{"weight":1.0,"played":[1.0,0.0],"evs":[0.0,-1.83112]},"86s":{"weight":1.0,"played":[1.0,0.0],"evs":[0.0,-1.53157]},"87s":{"weight":1.0,"played":[1.0,0.0],"evs":[0.0,-1.34828]},"88":{"weight":1.0,"played":[0.0,1.0],"evs":[0.0,0.52399]},"98o":{"weight":1.0,"played":[1.0,0.0],"evs":[0.0,-1.95716]},"T8o":{"weight":1.0,"played":[1.0,0.0],"evs":[0.0,-2.03155]},"J8o":{"weight":1.0,"played":[1.0,0.0],"evs":[0.0,-2.31777]},"Q8o":{"weight":1.0,"played":[1.0,0.0],"evs":[0.0,-2.23698]},"K8o":{"weight":1.0,"played":[1.0,0.0],"evs":[0.0,-2.33235]},"A8o":{"weight":1.0,"played":[1.0,0.0],"evs":[0.0,-1.7477]},"92s":{"weight":1.0,"played":[1.0,0.0],"evs":[0.0,-2.44272]},"93s":{"weight":1.0,"played":[1.0,0.0],"evs":[0.0,-2.31497]},"94s":{"weight":1.0,"played":[1.0,0.0],"evs":[0.0,-2.25471]},"95s":{"weight":1.0,"played":[1.0,0.0],"evs":[0.0,-2.01454]},"96s":{"weight":1.0,"played":[1.0,0.0],"evs":[0.0,-1.6851]},"97s":{"weight":1.0,"played":[1.0,0.0],"evs":[0.0,-1.46529]},"98s":{"weight":1.0,"played":[1.0,0.0],"evs":[0.0,-1.23955]},"99":{"weight":1.0,"played":[0.0,1.0],"evs":[0.0,1.02966]},"T9o":{"weight":1.0,"played":[1.0,0.0],"evs":[0.0,-1.71787]},"J9o":{"weight":1.0,"played":[1.0,0.0],"evs":[0.0,-1.9602]},"Q9o":{"weight":1.0,"played":[1.0,0.0],"evs":[0.0,-1.85937]},"K9o":{"weight":1.0,"played":[1.0,0.0],"evs":[0.0,-1.9711]},"A9o":{"weight":1.0,"played":[1.0,0.0],"evs":[0.0,-1.3824]},"T2s":{"weight":1.0,"played":[1.0,0.0],"evs":[0.0,-2.36823]},"T3s":{"weight":1.0,"played":[1.0,0.0],"evs":[0.0,-2.25108]},"T4s":{"weight":1.0,"played":[1.0,0.0],"evs":[0.0,-2.1379]},"T5s":{"weight":1.0,"played":[1.0,0.0],"evs":[0.0,-2.11479]},"T6s":{"weight":1.0,"played":[1.0,0.0],"evs":[0.0,-1.81689]},"T7s":{"weight":1.0,"played":[1.0,0.0],"evs":[0.0,-1.58456]},"T8s":{"weight":1.0,"played":[1.0,0.0],"evs":[0.0,-1.32602]},"T9s":{"weight":1.0,"played":[1.0,0.0],"evs":[0.0,-1.00871]},"TT":{"weight":1.0,"played":[0.0,1.0],"evs":[0.0,1.53642]},"JTo":{"weight":1.0,"played":[1.0,0.0],"evs":[0.0,-1.56583]},"QTo":{"weight":1.0,"played":[1.0,0.0],"evs":[0.0,-1.42643]},"KTo":{"weight":1.0,"played":[1.0,0.0],"evs":[0.0,-1.48082]},"ATo":{"weight":1.0,"played":[1.0,0.0],"evs":[0.0,-0.73576]},"J2s":{"weight":1.0,"played":[1.0,0.0],"evs":[0.0,-2.43355]},"J3s":{"weight":1.0,"played":[1.0,0.0],"evs":[0.0,-2.31264]},"J4s":{"weight":1.0,"played":[1.0,0.0],"evs":[0.0,-2.23601]},"J5s":{"weight":1.0,"played":[1.0,0.0],"evs":[0.0,-2.0957]},"J6s":{"weight":1.0,"played":[1.0,0.0],"evs":[0.0,-2.07037]},"J7s":{"weight":1.0,"played":[1.0,0.0],"evs":[0.0,-1.90849]},"J8s":{"weight":1.0,"played":[1.0,0.0],"evs":[0.0,-1.60453]},"J9s":{"weight":1.0,"played":[1.0,0.0],"evs":[0.0,-1.25989]},"JTs":{"weight":1.0,"played":[1.0,0.0],"evs":[0.0,-0.9097]},"JJ":{"weight":1.0,"played":[0.0,1.0],"evs":[0.0,2.46685]},"QJo":{"weight":1.0,"played":[1.0,0.0],"evs":[0.0,-1.43465]},"KJo":{"weight":1.0,"played":[1.0,0.0],"evs":[0.0,-1.32139]},"AJo":{"weight":1.0,"played":[0.9995,5.0E-4],"evs":[0.0,-0.20619]},"Q2s":{"weight":1.0,"played":[1.0,0.0],"evs":[0.0,-2.11619]},"Q3s":{"weight":1.0,"played":[1.0,0.0],"evs":[0.0,-2.00476]},"Q4s":{"weight":1.0,"played":[1.0,0.0],"evs":[0.0,-1.90284]},"Q5s":{"weight":1.0,"played":[1.0,0.0],"evs":[0.0,-1.82429]},"Q6s":{"weight":1.0,"played":[1.0,0.0],"evs":[0.0,-1.73663]},"Q7s":{"weight":1.0,"played":[1.0,0.0],"evs":[0.0,-1.75131]},"Q8s":{"weight":1.0,"played":[1.0,0.0],"evs":[0.0,-1.48963]},"Q9s":{"weight":1.0,"played":[1.0,0.0],"evs":[0.0,-1.14242]},"QTs":{"weight":1.0,"played":[1.0,0.0],"evs":[0.0,-0.72084]},"QJs":{"weight":1.0,"played":[1.0,0.0],"evs":[0.0,-0.7584]},"QQ":{"weight":1.0,"played":[0.0,1.0],"evs":[0.0,3.67297]},"KQo":{"weight":1.0,"played":[1.0,0.0],"evs":[0.0,-0.74812]},"AQo":{"weight":1.0,"played":[0.0,1.0],"evs":[0.0,0.48036]},"K2s":{"weight":1.0,"played":[1.0,0.0],"evs":[0.0,-2.02495]},"K3s":{"weight":1.0,"played":[1.0,0.0],"evs":[0.0,-1.91977]},"K4s":{"weight":1.0,"played":[1.0,0.0],"evs":[0.0,-1.84725]},"K5s":{"weight":1.0,"played":[1.0,0.0],"evs":[0.0,-1.73331]},"K6s":{"weight":1.0,"played":[1.0,0.0],"evs":[0.0,-1.61274]},"K7s":{"weight":1.0,"played":[1.0,0.0],"evs":[0.0,-1.59413]},"K8s":{"weight":1.0,"played":[1.0,0.0],"evs":[0.0,-1.55344]},"K9s":{"weight":1.0,"played":[1.0,0.0],"evs":[0.0,-1.20141]},"KTs":{"weight":1.0,"played":[1.0,0.0],"evs":[0.0,-0.72631]},"KJs":{"weight":1.0,"played":[0.9996,4.0E-4],"evs":[0.0,-0.62198]},"KQs":{"weight":1.0,"played":[0.9659,0.0341],"evs":[0.0,-0.09018]},"KK":{"weight":1.0,"played":[0.0,1.0],"evs":[0.0,5.0766]},"AKo":{"weight":1.0,"played":[0.0,1.0],"evs":[0.0,1.2198]},"A2s":{"weight":1.0,"played":[1.0,0.0],"evs":[0.0,-1.8527]},"A3s":{"weight":1.0,"played":[1.0,0.0],"evs":[0.0,-1.76652]},"A4s":{"weight":1.0,"played":[1.0,0.0],"evs":[0.0,-1.61234]},"A5s":{"weight":1.0,"played":[1.0,0.0],"evs":[0.0,-1.45789]},"A6s":{"weight":1.0,"played":[1.0,0.0],"evs":[0.0,-1.5887]},"A7s":{"weight":1.0,"played":[1.0,0.0],"evs":[0.0,-1.33315]},"A8s":{"weight":1.0,"played":[1.0,0.0],"evs":[0.0,-0.96685]},"A9s":{"weight":1.0,"played":[1.0,0.0],"evs":[0.0,-0.62535]},"ATs":{"weight":1.0,"played":[0.3409,0.6591],"evs":[0.0,-0.02639]},"AJs":{"weight":1.0,"played":[0.0,1.0],"evs":[0.0,0.50387]},"AQs":{"weight":1.0,"played":[0.0,1.0],"evs":[0.0,1.13519]},"AKs":{"weight":1.0,"played":[0.0,1.0],"evs":[0.0,1.87413]},"AA":{"weight":1.0,"played":[0.0,1.0],"evs":[0.0,7.48723]}}}