{"player":4,"street":0,"children":2,"sequence":[{"player":0,"type":"R","amount":31750000,"street":0},{"player":1,"type":"C","amount":25250000,"street":0},{"player":2,"type":"F","amount":0,"street":0},{"player":3,"type":"C","amount":31750000,"street":0}],"actions":[{"type":"F","amount":0},{"type":"C","amount":14250000}],"hands":{"22":{"weight":1.0,"played":[1.0,0.0],"evs":[0.0,-3.82702]},"32o":{"weight":1.0,"played":[1.0,0.0],"evs":[0.0,-4.97691]},"42o":{"weight":1.0,"played":[1.0,0.0],"evs":[0.0,-4.83439]},"52o":{"weight":1.0,"played":[1.0,0.0],"evs":[0.0,-4.74048]},"62o":{"weight":1.0,"played":[1.0,0.0],"evs":[0.0,-5.03772]},"72o":{"weight":1.0,"played":[1.0,0.0],"evs":[0.0,-5.29559]},"82o":{"weight":1.0,"played":[1.0,0.0],"evs":[0.0,-5.21137]},"92o":{"weight":1.0,"played":[1.0,0.0],"evs":[0.0,-5.12768]},"T2o":{"weight":1.0,"played":[1.0,0.0],"evs":[0.0,-5.19851]},"J2o":{"weight":1.0,"played":[1.0,0.0],"evs":[0.0,-5.26869]},"Q2o":{"weight":1.0,"played":[1.0,0.0],"evs":[0.0,-5.05305]},"K2o":{"weight":1.0,"played":[1.0,0.0],"evs":[0.0,-4.82409]},"A2o":{"weight":1.0,"played":[1.0,0.0],"evs":[0.0,-5.32032]},"32s":{"weight":1.0,"played":[1.0,0.0],"evs":[0.0,-4.05017]},"33":{"weight":1.0,"played":[1.0,0.0],"evs":[0.0,-3.67187]},"43o":{"weight":1.0,"played":[1.0,0.0],"evs":[0.0,-4.42021]},"53o":{"weight":1.0,"played":[1.0,0.0],"evs":[0.0,-4.34889]},"63o":{"weight":1.0,"played":[1.0,0.0],"evs":[0.0,-4.56929]},"73o":{"weight":1.0,"played":[1.0,0.0],"evs":[0.0,-4.93171]},"83o":{"weight":1.0,"played":[1.0,0.0],"evs":[0.0,-5.17291]},"93o":{"weight":1.0,"played":[1.0,0.0],"evs":[0.0,-5.0215]},"T3o":{"weight":1.0,"played":[1.0,0.0],"evs":[0.0,-5.12262]},"J3o":{"weight":1.0,"played":[1.0,0.0],"evs":[0.0,-5.09247]},"Q3o":{"weight":1.0,"played":[1.0,0.0],"evs":[0.0,-4.94567]},"K3o":{"weight":1.0,"played":[1.0,0.0],"evs":[0.0,-4.73328]},"A3o":{"weight":1.0,"played":[1.0,0.0],"evs":[0.0,-5.15265]},"42s":{"weight":1.0,"played":[1.0,0.0],"evs":[0.0,-3.95806]},"43s":{"weight":1.0,"played":[1.0,0.0],"evs":[0.0,-3.77698]},"44":{"weight":1.0,"played":[1.0,0.0],"evs":[0.0,-3.58266]},"54o":{"weight":1.0,"played":[1.0,0.0],"evs":[0.0,-4.09822]},"64o":{"weight":1.0,"played":[1.0,0.0],"evs":[0.0,-4.195]},"74o":{"weight":1.0,"played":[1.0,0.0],"evs":[0.0,-4.50903]},"84o":{"weight":1.0,"played":[1.0,0.0],"evs":[0.0,-4.8085]},"94o":{"weight":1.0,"played":[1.0,0.0],"evs":[0.0,-5.01832]},"T4o":{"weight":1.0,"played":[1.0,0.0],"evs":[0.0,-5.08372]},"J4o":{"weight":1.0,"played":[1.0,0.0],"evs":[0.0,-5.0444]},"Q4o":{"weight":1.0,"played":[1.0,0.0],"evs":[0.0,-4.80467]},"K4o":{"weight":1.0,"played":[1.0,0.0],"evs":[0.0,-4.59321]},"A4o":{"weight":1.0,"played":[1.0,0.0],"evs":[0.0,-5.04685]},"52s":{"weight":1.0,"played":[1.0,0.0],"evs":[0.0,-3.9231]},"53s":{"weight":1.0,"played":[1.0,0.0],"evs":[0.0,-3.67057]},"54s":{"weight":1.0,"played":[1.0,0.0],"evs":[0.0,-3.24066]},"55":{"weight":1.0,"played":[1.0,0.0],"evs":[0.0,-3.48375]},"65o":{"weight":1.0,"played":[1.0,0.0],"evs":[0.0,-4.00202]},"75o":{"weight":1.0,"played":[1.0,0.0],"evs":[0.0,-4.21499]},"85o":{"weight":1.0,"played":[1.0,0.0],"evs":[0.0,-4.51413]},"95o":{"weight":1.0,"played":[1.0,0.0],"evs":[0.0,-4.70282]},"T5o":{"weight":1.0,"played":[1.0,0.0],"evs":[0.0,-4.99758]},"J5o":{"weight":1.0,"played":[1.0,0.0],"evs":[0.0,-4.93593]},"Q5o":{"weight":1.0,"played":[1.0,0.0],"evs":[0.0,-4.71889]},"K5o":{"weight":1.0,"played":[1.0,0.0],"evs":[0.0,-4.51725]},"A5o":{"weight":1.0,"played":[1.0,0.0],"evs":[0.0,-4.95105]},"62s":{"weight":1.0,"played":[1.0,0.0],"evs":[0.0,-3.98158]},"63s":{"weight":1.0,"played":[1.0,0.0],"evs":[0.0,-3.75214]},"64s":{"weight":1.0,"played":[1.0,0.0],"evs":[0.0,-3.4904]},"65s":{"weight":1.0,"played":[1.0,0.0],"evs":[0.0,-3.06464]},"66":{"weight":1.0,"played":[1.0,0.0],"evs":[0.0,-3.30246]},"76o":{"weight":1.0,"played":[1.0,0.0],"evs":[0.0,-3.88559]},"86o":{"weight":1.0,"played":[1.0,0.0],"evs":[0.0,-4.22976]},"96o":{"weight":1.0,"played":[1.0,0.0],"evs":[0.0,-4.49402]},"T6o":{"weight":1.0,"played":[1.0,0.0],"evs":[0.0,-4.7199]},"J6o":{"weight":1.0,"played":[1.0,0.0],"evs":[0.0,-5.00122]},"Q6o":{"weight":1.0,"played":[1.0,0.0],"evs":[0.0,-4.71059]},"K6o":{"weight":1.0,"played":[1.0,0.0],"evs":[0.0,-4.47022]},"A6o":{"weight":1.0,"played":[1.0,0.0],"evs":[0.0,-5.37442]},"72s":{"weight":1.0,"played":[1.0,0.0],"evs":[0.0,-4.4916]},"73s":{"weight":1.0,"played":[1.0,0.0],"evs":[0.0,-4.10596]},"74s":{"weight":1.0,"played":[1.0,0.0],"evs":[0.0,-3.65234]},"75s":{"weight":1.0,"played":[1.0,0.0],"evs":[0.0,-3.42439]},"76s":{"weight":1.0,"played":[1.0,0.0],"evs":[0.0,-3.11084]},"77":{"weight":1.0,"played":[1.0,0.0],"evs":[0.0,-2.92688]},"87o":{"weight":1.0,"played":[1.0,0.0],"evs":[0.0,-4.0628]},"97o":{"weight":1.0,"played":[1.0,0.0],"evs":[0.0,-4.20846]},"T7o":{"weight":1.0,"played":[1.0,0.0],"evs":[0.0,-4.52263]},"J7o":{"weight":1.0,"played":[1.0,0.0],"evs":[0.0,-4.66591]},"Q7o":{"weight":1.0,"played":[1.0,0.0],"evs":[0.0,-4.72566]},"K7o":{"weight":1.0,"played":[1.0,0.0],"evs":[0.0,-4.45729]},"A7o":{"weight":1.0,"played":[1.0,0.0],"evs":[0.0,-5.21369]},"82s":{"weight":1.0,"played":[1.0,0.0],"evs":[0.0,-4.34905]},"83s":{"weight":1.0,"played":[1.0,0.0],"evs":[0.0,-4.33394]},"84s":{"weight":1.0,"played":[1.0,0.0],"evs":[0.0,-4.07108]},"85s":{"weight":1.0,"played":[1.0,0.0],"evs":[0.0,-3.70518]},"86s":{"weight":1.0,"played":[1.0,0.0],"evs":[0.0,-3.38223]},"87s":{"weight":1.0,"played":[1.0,0.0],"evs":[0.0,-3.12476]},"88":{"weight":1.0,"played":[1.0,0.0],"evs":[0.0,-2.37525]},"98o":{"weight":1.0,"played":[1.0,0.0],"evs":[0.0,-4.08057]},"T8o":{"weight":1.0,"played":[1.0,0.0],"evs":[0.0,-4.17145]},"J8o":{"weight":1.0,"played":[1.0,0.0],"evs":[0.0,-4.39007]},"Q8o":{"weight":1.0,"played":[1.0,0.0],"evs":[0.0,-4.45808]},"K8o":{"weight":1.0,"played":[1.0,0.0],"evs":[0.0,-4.38983]},"A8o":{"weight":1.0,"played":[1.0,0.0],"evs":[0.0,-5.12658]},"92s":{"weight":1.0,"played":[1.0,0.0],"evs":[0.0,-4.28889]},"93s":{"weight":1.0,"played":[1.0,0.0],"evs":[0.0,-4.25562]},"94s":{"weight":1.0,"played":[1.0,0.0],"evs":[0.0,-4.16916]},"95s":{"weight":1.0,"played":[1.0,0.0],"evs":[0.0,-3.79559]},"96s":{"weight":1.0,"played":[1.0,0.0],"evs":[0.0,-3.64623]},"97s":{"weight":1.0,"played":[1.0,0.0],"evs":[0.0,-3.44099]},"98s":{"weight":1.0,"played":[1.0,0.0],"evs":[0.0,-3.26472]},"99":{"weight":1.0,"played":[1.0,0.0],"evs":[0.0,-1.99516]},"T9o":{"weight":1.0,"played":[1.0,0.0],"evs":[0.0,-3.99057]},"J9o":{"weight":1.0,"played":[1.0,0.0],"evs":[0.0,-4.22612]},"Q9o":{"weight":1.0,"played":[1.0,0.0],"evs":[0.0,-4.15126]},"K9o":{"weight":1.0,"played":[1.0,0.0],"evs":[0.0,-4.17606]},"A9o":{"weight":1.0,"played":[1.0,0.0],"evs":[0.0,-4.92031]},"T2s":{"weight":1.0,"played":[1.0,0.0],"evs":[0.0,-4.38605]},"T3s":{"weight":1.0,"played":[1.0,0.0],"evs":[0.0,-4.16569]},"T4s":{"weight":1.0,"played":[1.0,0.0],"evs":[0.0,-4.0666]},"T5s":{"weight":1.0,"played":[1.0,0.0],"evs":[0.0,-4.12847]},"T6s":{"weight":1.0,"played":[1.0,0.0],"evs":[0.0,-3.95976]},"T7s":{"weight":1.0,"played":[1.0,0.0],"evs":[0.0,-3.53741]},"T8s":{"weight":1.0,"played":[1.0,0.0],"evs":[0.0,-3.4204]},"T9s":{"weight":1.0,"played":[1.0,0.0],"evs":[0.0,-3.12547]},"TT":{"weight":1.0,"played":[1.0,0.0],"evs":[0.0,-1.36684]},"JTo":{"weight":1.0,"played":[1.0,0.0],"evs":[0.0,-3.86315]},"QTo":{"weight":1.0,"played":[1.0,0.0],"evs":[0.0,-3.91722]},"KTo":{"weight":1.0,"played":[1.0,0.0],"evs":[0.0,-3.86196]},"ATo":{"weight":1.0,"played":[1.0,0.0],"evs":[0.0,-4.45927]},"J2s":{"weight":1.0,"played":[1.0,0.0],"evs":[0.0,-4.40373]},"J3s":{"weight":1.0,"played":[1.0,0.0],"evs":[0.0,-4.25034]},"J4s":{"weight":1.0,"played":[1.0,0.0],"evs":[0.0,-4.26614]},"J5s":{"weight":1.0,"played":[1.0,0.0],"evs":[0.0,-4.07029]},"J6s":{"weight":1.0,"played":[1.0,0.0],"evs":[0.0,-4.03345]},"J7s":{"weight":1.0,"played":[1.0,0.0],"evs":[0.0,-3.81396]},"J8s":{"weight":1.0,"played":[1.0,0.0],"evs":[0.0,-3.4787]},"J9s":{"weight":1.0,"played":[1.0,0.0],"evs":[0.0,-3.44228]},"JTs":{"weight":1.0,"played":[1.0,0.0],"evs":[0.0,-3.19037]},"JJ":{"weight":1.0,"played":[0.9971,0.0029],"evs":[0.0,-0.25875]},"QJo":{"weight":1.0,"played":[1.0,0.0],"evs":[0.0,-3.821]},"KJo":{"weight":1.0,"played":[1.0,0.0],"evs":[0.0,-3.78016]},"AJo":{"weight":1.0,"played":[1.0,0.0],"evs":[0.0,-3.92594]},"Q2s":{"weight":1.0,"played":[1.0,0.0],"evs":[0.0,-4.13422]},"Q3s":{"weight":1.0,"played":[1.0,0.0],"evs":[0.0,-3.96051]},"Q4s":{"weight":1.0,"played":[1.0,0.0],"evs":[0.0,-3.88225]},"Q5s":{"weight":1.0,"played":[1.0,0.0],"evs":[0.0,-3.94408]},"Q6s":{"weight":1.0,"played":[1.0,0.0],"evs":[0.0,-3.79081]},"Q7s":{"weight":1.0,"played":[1.0,0.0],"evs":[0.0,-3.86921]},"Q8s":{"weight":1.0,"played":[1.0,0.0],"evs":[0.0,-3.68251]},"Q9s":{"weight":1.0,"played":[1.0,0.0],"evs":[0.0,-3.39102]},"QTs":{"weight":1.0,"played":[1.0,0.0],"evs":[0.0,-3.12418]},"QJs":{"weight":1.0,"played":[1.0,0.0],"evs":[0.0,-3.08284]},"QQ":{"weight":1.0,"played":[0.0,1.0],"evs":[0.0,1.28748]},"KQo":{"weight":1.0,"played":[1.0,0.0],"evs":[0.0,-3.23215]},"AQo":{"weight":1.0,"played":[1.0,0.0],"evs":[0.0,-3.13751]},"K2s":{"weight":1.0,"played":[1.0,0.0],"evs":[0.0,-3.87781]},"K3s":{"weight":1.0,"played":[1.0,0.0],"evs":[0.0,-3.82039]},"K4s":{"weight":1.0,"played":[1.0,0.0],"evs":[0.0,-3.76607]},"K5s":{"weight":1.0,"played":[1.0,0.0],"evs":[0.0,-3.60744]},"K6s":{"weight":1.0,"played":[1.0,0.0],"evs":[0.0,-3.72379]},"K7s":{"weight":1.0,"played":[1.0,0.0],"evs":[0.0,-3.69579]},"K8s":{"weight":1.0,"played":[1.0,0.0],"evs":[0.0,-3.64013]},"K9s":{"weight":1.0,"played":[1.0,0.0],"evs":[0.0,-3.29972]},"KTs":{"weight":1.0,"played":[1.0,0.0],"evs":[0.0,-3.03522]},"KJs":{"weight":1.0,"played":[1.0,0.0],"evs":[0.0,-2.73252]},"KQs":{"weight":1.0,"played":[1.0,0.0],"evs":[0.0,-2.64946]},"KK":{"weight":1.0,"played":[0.0,1.0],"evs":[0.0,3.19956]},"AKo":{"weight":1.0,"played":[1.0,0.0],"evs":[0.0,-2.09009]},"A2s":{"weight":1.0,"played":[1.0,0.0],"evs":[0.0,-4.24044]},"A3s":{"weight":1.0,"played":[1.0,0.0],"evs":[0.0,-4.12431]},"A4s":{"weight":1.0,"played":[1.0,0.0],"evs":[0.0,-4.13597]},"A5s":{"weight":1.0,"played":[1.0,0.0],"evs":[0.0,-4.01984]},"A6s":{"weight":1.0,"played":[1.0,0.0],"evs":[0.0,-4.35494]},"A7s":{"weight":1.0,"played":[1.0,0.0],"evs":[0.0,-4.20313]},"A8s":{"weight":1.0,"played":[1.0,0.0],"evs":[0.0,-4.30408]},"A9s":{"weight":1.0,"played":[1.0,0.0],"evs":[0.0,-3.89047]},"ATs":{"weight":1.0,"played":[1.0,0.0],"evs":[0.0,-3.37113]},"AJs":{"weight":1.0,"played":[1.0,0.0],"evs":[0.0,-3.26606]},"AQs":{"weight":1.0,"played":[1.0,0.0],"evs":[0.0,-2.41342]},"AKs":{"weight":1.0,"played":[0.9998,2.0E-4],"evs":[0.0,-1.30685]},"AA":{"weight":1.0,"played":[0.0,1.0],"evs":[0.0,5.38892]}}}