{"player":4,"street":0,"children":2,"sequence":[{"player":0,"type":"R","amount":31750000,"street":0},{"player":1,"type":"C","amount":25250000,"street":0},{"player":2,"type":"C","amount":31750000,"street":0},{"player":3,"type":"F","amount":0,"street":0}],"actions":[{"type":"F","amount":0},{"type":"C","amount":14250000}],"hands":{"22":{"weight":1.0,"played":[1.0,0.0],"evs":[0.0,-4.06737]},"32o":{"weight":1.0,"played":[1.0,0.0],"evs":[0.0,-4.91431]},"42o":{"weight":1.0,"played":[1.0,0.0],"evs":[0.0,-4.86994]},"52o":{"weight":1.0,"played":[1.0,0.0],"evs":[0.0,-4.84227]},"62o":{"weight":1.0,"played":[1.0,0.0],"evs":[0.0,-5.02781]},"72o":{"weight":1.0,"played":[1.0,0.0],"evs":[0.0,-5.33987]},"82o":{"weight":1.0,"played":[1.0,0.0],"evs":[0.0,-5.25633]},"92o":{"weight":1.0,"played":[1.0,0.0],"evs":[0.0,-5.23373]},"T2o":{"weight":1.0,"played":[1.0,0.0],"evs":[0.0,-5.18911]},"J2o":{"weight":1.0,"played":[1.0,0.0],"evs":[0.0,-5.3275]},"Q2o":{"weight":1.0,"played":[1.0,0.0],"evs":[0.0,-5.0838]},"K2o":{"weight":1.0,"played":[1.0,0.0],"evs":[0.0,-4.69151]},"A2o":{"weight":1.0,"played":[1.0,0.0],"evs":[0.0,-5.16559]},"32s":{"weight":1.0,"played":[1.0,0.0],"evs":[0.0,-4.15968]},"33":{"weight":1.0,"played":[1.0,0.0],"evs":[0.0,-4.00302]},"43o":{"weight":1.0,"played":[1.0,0.0],"evs":[0.0,-4.56733]},"53o":{"weight":1.0,"played":[1.0,0.0],"evs":[0.0,-4.44435]},"63o":{"weight":1.0,"played":[1.0,0.0],"evs":[0.0,-4.63649]},"73o":{"weight":1.0,"played":[1.0,0.0],"evs":[0.0,-4.93326]},"83o":{"weight":1.0,"played":[1.0,0.0],"evs":[0.0,-5.23155]},"93o":{"weight":1.0,"played":[1.0,0.0],"evs":[0.0,-5.07782]},"T3o":{"weight":1.0,"played":[1.0,0.0],"evs":[0.0,-5.23151]},"J3o":{"weight":1.0,"played":[1.0,0.0],"evs":[0.0,-5.26661]},"Q3o":{"weight":1.0,"played":[1.0,0.0],"evs":[0.0,-4.88196]},"K3o":{"weight":1.0,"played":[1.0,0.0],"evs":[0.0,-4.58446]},"A3o":{"weight":1.0,"played":[1.0,0.0],"evs":[0.0,-5.11621]},"42s":{"weight":1.0,"played":[1.0,0.0],"evs":[0.0,-4.05943]},"43s":{"weight":1.0,"played":[1.0,0.0],"evs":[0.0,-3.77728]},"44":{"weight":1.0,"played":[1.0,0.0],"evs":[0.0,-3.58109]},"54o":{"weight":1.0,"played":[1.0,0.0],"evs":[0.0,-4.2019]},"64o":{"weight":1.0,"played":[1.0,0.0],"evs":[0.0,-4.3191]},"74o":{"weight":1.0,"played":[1.0,0.0],"evs":[0.0,-4.72321]},"84o":{"weight":1.0,"played":[1.0,0.0],"evs":[0.0,-4.94124]},"94o":{"weight":1.0,"played":[1.0,0.0],"evs":[0.0,-5.07074]},"T4o":{"weight":1.0,"played":[1.0,0.0],"evs":[0.0,-5.09251]},"J4o":{"weight":1.0,"played":[1.0,0.0],"evs":[0.0,-5.16711]},"Q4o":{"weight":1.0,"played":[1.0,0.0],"evs":[0.0,-4.77853]},"K4o":{"weight":1.0,"played":[1.0,0.0],"evs":[0.0,-4.5148]},"A4o":{"weight":1.0,"played":[1.0,0.0],"evs":[0.0,-4.92926]},"52s":{"weight":1.0,"played":[1.0,0.0],"evs":[0.0,-3.91818]},"53s":{"weight":1.0,"played":[1.0,0.0],"evs":[0.0,-3.8743]},"54s":{"weight":1.0,"played":[1.0,0.0],"evs":[0.0,-3.39234]},"55":{"weight":1.0,"played":[1.0,0.0],"evs":[0.0,-3.60112]},"65o":{"weight":1.0,"played":[1.0,0.0],"evs":[0.0,-4.07505]},"75o":{"weight":1.0,"played":[1.0,0.0],"evs":[0.0,-4.38779]},"85o":{"weight":1.0,"played":[1.0,0.0],"evs":[0.0,-4.65989]},"95o":{"weight":1.0,"played":[1.0,0.0],"evs":[0.0,-4.80727]},"T5o":{"weight":1.0,"played":[1.0,0.0],"evs":[0.0,-5.05504]},"J5o":{"weight":1.0,"played":[1.0,0.0],"evs":[0.0,-5.03718]},"Q5o":{"weight":1.0,"played":[1.0,0.0],"evs":[0.0,-4.70074]},"K5o":{"weight":1.0,"played":[1.0,0.0],"evs":[0.0,-4.44949]},"A5o":{"weight":1.0,"played":[1.0,0.0],"evs":[0.0,-4.80986]},"62s":{"weight":1.0,"played":[1.0,0.0],"evs":[0.0,-4.3937]},"63s":{"weight":1.0,"played":[1.0,0.0],"evs":[0.0,-3.68668]},"64s":{"weight":1.0,"played":[1.0,0.0],"evs":[0.0,-3.41349]},"65s":{"weight":1.0,"played":[1.0,0.0],"evs":[0.0,-3.25216]},"66":{"weight":1.0,"played":[1.0,0.0],"evs":[0.0,-3.53279]},"76o":{"weight":1.0,"played":[1.0,0.0],"evs":[0.0,-4.08249]},"86o":{"weight":1.0,"played":[1.0,0.0],"evs":[0.0,-4.3258]},"96o":{"weight":1.0,"played":[1.0,0.0],"evs":[0.0,-4.49374]},"T6o":{"weight":1.0,"played":[1.0,0.0],"evs":[0.0,-4.79676]},"J6o":{"weight":1.0,"played":[1.0,0.0],"evs":[0.0,-5.07845]},"Q6o":{"weight":1.0,"played":[1.0,0.0],"evs":[0.0,-4.76884]},"K6o":{"weight":1.0,"played":[1.0,0.0],"evs":[0.0,-4.33264]},"A6o":{"weight":1.0,"played":[1.0,0.0],"evs":[0.0,-5.28588]},"72s":{"weight":1.0,"played":[1.0,0.0],"evs":[0.0,-4.52279]},"73s":{"weight":1.0,"played":[1.0,0.0],"evs":[0.0,-4.27543]},"74s":{"weight":1.0,"played":[1.0,0.0],"evs":[0.0,-4.01342]},"75s":{"weight":1.0,"played":[1.0,0.0],"evs":[0.0,-3.57665]},"76s":{"weight":1.0,"played":[1.0,0.0],"evs":[0.0,-3.1206]},"77":{"weight":1.0,"played":[1.0,0.0],"evs":[0.0,-3.09041]},"87o":{"weight":1.0,"played":[1.0,0.0],"evs":[0.0,-4.17767]},"97o":{"weight":1.0,"played":[1.0,0.0],"evs":[0.0,-4.28548]},"T7o":{"weight":1.0,"played":[1.0,0.0],"evs":[0.0,-4.53975]},"J7o":{"weight":1.0,"played":[1.0,0.0],"evs":[0.0,-4.76282]},"Q7o":{"weight":1.0,"played":[1.0,0.0],"evs":[0.0,-4.69982]},"K7o":{"weight":1.0,"played":[1.0,0.0],"evs":[0.0,-4.4409]},"A7o":{"weight":1.0,"played":[1.0,0.0],"evs":[0.0,-5.1469]},"82s":{"weight":1.0,"played":[1.0,0.0],"evs":[0.0,-4.47834]},"83s":{"weight":1.0,"played":[1.0,0.0],"evs":[0.0,-4.51267]},"84s":{"weight":1.0,"played":[1.0,0.0],"evs":[0.0,-4.0874]},"85s":{"weight":1.0,"played":[1.0,0.0],"evs":[0.0,-3.59834]},"86s":{"weight":1.0,"played":[1.0,0.0],"evs":[0.0,-3.50342]},"87s":{"weight":1.0,"played":[1.0,0.0],"evs":[0.0,-3.42446]},"88":{"weight":1.0,"played":[1.0,0.0],"evs":[0.0,-2.65052]},"98o":{"weight":1.0,"played":[1.0,0.0],"evs":[0.0,-4.24507]},"T8o":{"weight":1.0,"played":[1.0,0.0],"evs":[0.0,-4.3529]},"J8o":{"weight":1.0,"played":[1.0,0.0],"evs":[0.0,-4.58672]},"Q8o":{"weight":1.0,"played":[1.0,0.0],"evs":[0.0,-4.38109]},"K8o":{"weight":1.0,"played":[1.0,0.0],"evs":[0.0,-4.38737]},"A8o":{"weight":1.0,"played":[1.0,0.0],"evs":[0.0,-5.01796]},"92s":{"weight":1.0,"played":[1.0,0.0],"evs":[0.0,-4.43586]},"93s":{"weight":1.0,"played":[1.0,0.0],"evs":[0.0,-4.45959]},"94s":{"weight":1.0,"played":[1.0,0.0],"evs":[0.0,-4.25826]},"95s":{"weight":1.0,"played":[1.0,0.0],"evs":[0.0,-4.02741]},"96s":{"weight":1.0,"played":[1.0,0.0],"evs":[0.0,-3.60084]},"97s":{"weight":1.0,"played":[1.0,0.0],"evs":[0.0,-3.16292]},"98s":{"weight":1.0,"played":[1.0,0.0],"evs":[0.0,-3.28545]},"99":{"weight":1.0,"played":[1.0,0.0],"evs":[0.0,-2.06334]},"T9o":{"weight":1.0,"played":[1.0,0.0],"evs":[0.0,-4.00639]},"J9o":{"weight":1.0,"played":[1.0,0.0],"evs":[0.0,-4.36813]},"Q9o":{"weight":1.0,"played":[1.0,0.0],"evs":[0.0,-4.10968]},"K9o":{"weight":1.0,"played":[1.0,0.0],"evs":[0.0,-4.04127]},"A9o":{"weight":1.0,"played":[1.0,0.0],"evs":[0.0,-4.80175]},"T2s":{"weight":1.0,"played":[1.0,0.0],"evs":[0.0,-4.35917]},"T3s":{"weight":1.0,"played":[1.0,0.0],"evs":[0.0,-4.23598]},"T4s":{"weight":1.0,"played":[1.0,0.0],"evs":[0.0,-4.13136]},"T5s":{"weight":1.0,"played":[1.0,0.0],"evs":[0.0,-4.30768]},"T6s":{"weight":1.0,"played":[1.0,0.0],"evs":[0.0,-3.81382]},"T7s":{"weight":1.0,"played":[1.0,0.0],"evs":[0.0,-3.61438]},"T8s":{"weight":1.0,"played":[1.0,0.0],"evs":[0.0,-3.49508]},"T9s":{"weight":1.0,"played":[1.0,0.0],"evs":[0.0,-3.05216]},"TT":{"weight":1.0,"played":[1.0,0.0],"evs":[0.0,-1.5139]},"JTo":{"weight":1.0,"played":[1.0,0.0],"evs":[0.0,-3.96512]},"QTo":{"weight":1.0,"played":[1.0,0.0],"evs":[0.0,-3.76813]},"KTo":{"weight":1.0,"played":[1.0,0.0],"evs":[0.0,-3.63664]},"ATo":{"weight":1.0,"played":[1.0,0.0],"evs":[0.0,-4.30636]},"J2s":{"weight":1.0,"played":[1.0,0.0],"evs":[0.0,-4.46886]},"J3s":{"weight":1.0,"played":[1.0,0.0],"evs":[0.0,-4.37428]},"J4s":{"weight":1.0,"played":[1.0,0.0],"evs":[0.0,-4.07134]},"J5s":{"weight":1.0,"played":[1.0,0.0],"evs":[0.0,-4.18067]},"J6s":{"weight":1.0,"played":[1.0,0.0],"evs":[0.0,-4.19287]},"J7s":{"weight":1.0,"played":[1.0,0.0],"evs":[0.0,-3.84549]},"J8s":{"weight":1.0,"played":[1.0,0.0],"evs":[0.0,-3.56541]},"J9s":{"weight":1.0,"played":[1.0,0.0],"evs":[0.0,-3.41552]},"JTs":{"weight":1.0,"played":[1.0,0.0],"evs":[0.0,-3.02664]},"JJ":{"weight":1.0,"played":[0.9927,0.0073],"evs":[0.0,-0.46257]},"QJo":{"weight":1.0,"played":[1.0,0.0],"evs":[0.0,-3.78957]},"KJo":{"weight":1.0,"played":[1.0,0.0],"evs":[0.0,-3.63374]},"AJo":{"weight":1.0,"played":[1.0,0.0],"evs":[0.0,-3.89579]},"Q2s":{"weight":1.0,"played":[1.0,0.0],"evs":[0.0,-4.19235]},"Q3s":{"weight":1.0,"played":[1.0,0.0],"evs":[0.0,-3.87727]},"Q4s":{"weight":1.0,"played":[1.0,0.0],"evs":[0.0,-3.85803]},"Q5s":{"weight":1.0,"played":[1.0,0.0],"evs":[0.0,-3.92752]},"Q6s":{"weight":1.0,"played":[1.0,0.0],"evs":[0.0,-3.94244]},"Q7s":{"weight":1.0,"played":[1.0,0.0],"evs":[0.0,-3.78999]},"Q8s":{"weight":1.0,"played":[1.0,0.0],"evs":[0.0,-3.56644]},"Q9s":{"weight":1.0,"played":[1.0,0.0],"evs":[0.0,-3.24687]},"QTs":{"weight":1.0,"played":[1.0,0.0],"evs":[0.0,-2.98087]},"QJs":{"weight":1.0,"played":[1.0,0.0],"evs":[0.0,-2.7838]},"QQ":{"weight":1.0,"played":[0.0,1.0],"evs":[0.0,1.23868]},"KQo":{"weight":1.0,"played":[1.0,0.0],"evs":[0.0,-3.01044]},"AQo":{"weight":1.0,"played":[1.0,0.0],"evs":[0.0,-2.95895]},"K2s":{"weight":1.0,"played":[1.0,0.0],"evs":[0.0,-3.70909]},"K3s":{"weight":1.0,"played":[1.0,0.0],"evs":[0.0,-3.61276]},"K4s":{"weight":1.0,"played":[1.0,0.0],"evs":[0.0,-3.65191]},"K5s":{"weight":1.0,"played":[1.0,0.0],"evs":[0.0,-3.49752]},"K6s":{"weight":1.0,"played":[1.0,0.0],"evs":[0.0,-3.49627]},"K7s":{"weight":1.0,"played":[1.0,0.0],"evs":[0.0,-3.32786]},"K8s":{"weight":1.0,"played":[1.0,0.0],"evs":[0.0,-3.32942]},"K9s":{"weight":1.0,"played":[1.0,0.0],"evs":[0.0,-3.21387]},"KTs":{"weight":1.0,"played":[1.0,0.0],"evs":[0.0,-2.93678]},"KJs":{"weight":1.0,"played":[1.0,0.0],"evs":[0.0,-2.92744]},"KQs":{"weight":1.0,"played":[1.0,0.0],"evs":[0.0,-2.27784]},"KK":{"weight":1.0,"played":[0.0,1.0],"evs":[0.0,3.14795]},"AKo":{"weight":1.0,"played":[1.0,0.0],"evs":[0.0,-2.00376]},"A2s":{"weight":1.0,"played":[1.0,0.0],"evs":[0.0,-4.27771]},"A3s":{"weight":1.0,"played":[1.0,0.0],"evs":[0.0,-4.12013]},"A4s":{"weight":1.0,"played":[1.0,0.0],"evs":[0.0,-3.93592]},"A5s":{"weight":1.0,"played":[1.0,0.0],"evs":[0.0,-4.05626]},"A6s":{"weight":1.0,"played":[1.0,0.0],"evs":[0.0,-4.21435]},"A7s":{"weight":1.0,"played":[1.0,0.0],"evs":[0.0,-4.13735]},"A8s":{"weight":1.0,"played":[1.0,0.0],"evs":[0.0,-3.93964]},"A9s":{"weight":1.0,"played":[1.0,0.0],"evs":[0.0,-4.01549]},"ATs":{"weight":1.0,"played":[1.0,0.0],"evs":[0.0,-3.39682]},"AJs":{"weight":1.0,"played":[1.0,0.0],"evs":[0.0,-3.13345]},"AQs":{"weight":1.0,"played":[0.9999,1.0E-4],"evs":[0.0,-2.37683]},"AKs":{"weight":1.0,"played":[0.9999,1.0E-4],"evs":[0.0,-1.47068]},"AA":{"weight":1.0,"played":[0.0,1.0],"evs":[0.0,5.51827]}}}