{"player":4,"street":0,"children":2,"sequence":[{"player":0,"type":"F","amount":0,"street":0},{"player":1,"type":"F","amount":0,"street":0},{"player":2,"type":"R","amount":37750000,"street":0},{"player":3,"type":"C","amount":37750000,"street":0}],"actions":[{"type":"F","amount":0},{"type":"C","amount":14250000}],"hands":{"22":{"weight":1.0,"played":[1.0,0.0],"evs":[0.0,-1.73426]},"32o":{"weight":1.0,"played":[1.0,0.0],"evs":[0.0,-3.46515]},"42o":{"weight":1.0,"played":[1.0,0.0],"evs":[0.0,-3.34857]},"52o":{"weight":1.0,"played":[1.0,0.0],"evs":[0.0,-3.28413]},"62o":{"weight":1.0,"played":[1.0,0.0],"evs":[0.0,-3.48575]},"72o":{"weight":1.0,"played":[1.0,0.0],"evs":[0.0,-3.68753]},"82o":{"weight":1.0,"played":[1.0,0.0],"evs":[0.0,-3.53704]},"92o":{"weight":1.0,"played":[1.0,0.0],"evs":[0.0,-3.44161]},"T2o":{"weight":1.0,"played":[1.0,0.0],"evs":[0.0,-3.32514]},"J2o":{"weight":1.0,"played":[1.0,0.0],"evs":[0.0,-3.1802]},"Q2o":{"weight":1.0,"played":[1.0,0.0],"evs":[0.0,-3.07058]},"K2o":{"weight":1.0,"played":[1.0,0.0],"evs":[0.0,-2.96768]},"A2o":{"weight":1.0,"played":[1.0,0.0],"evs":[0.0,-2.24817]},"32s":{"weight":1.0,"played":[1.0,0.0],"evs":[0.0,-2.69103]},"33":{"weight":1.0,"played":[1.0,0.0],"evs":[0.0,-1.50386]},"43o":{"weight":1.0,"played":[1.0,0.0],"evs":[0.0,-3.05241]},"53o":{"weight":1.0,"played":[1.0,0.0],"evs":[0.0,-2.95041]},"63o":{"weight":1.0,"played":[1.0,0.0],"evs":[0.0,-3.15667]},"73o":{"weight":1.0,"played":[1.0,0.0],"evs":[0.0,-3.37379]},"83o":{"weight":1.0,"played":[1.0,0.0],"evs":[0.0,-3.47926]},"93o":{"weight":1.0,"played":[1.0,0.0],"evs":[0.0,-3.35947]},"T3o":{"weight":1.0,"played":[1.0,0.0],"evs":[0.0,-3.22624]},"J3o":{"weight":1.0,"played":[1.0,0.0],"evs":[0.0,-3.08341]},"Q3o":{"weight":1.0,"played":[1.0,0.0],"evs":[0.0,-2.97045]},"K3o":{"weight":1.0,"played":[1.0,0.0],"evs":[0.0,-2.86498]},"A3o":{"weight":1.0,"played":[1.0,0.0],"evs":[0.0,-2.13245]},"42s":{"weight":1.0,"played":[1.0,0.0],"evs":[0.0,-2.56444]},"43s":{"weight":1.0,"played":[1.0,0.0],"evs":[0.0,-2.29452]},"44":{"weight":1.0,"played":[1.0,0.0],"evs":[0.0,-1.24307]},"54o":{"weight":1.0,"played":[1.0,0.0],"evs":[0.0,-2.68213]},"64o":{"weight":1.0,"played":[1.0,0.0],"evs":[0.0,-2.85169]},"74o":{"weight":1.0,"played":[1.0,0.0],"evs":[0.0,-3.07003]},"84o":{"weight":1.0,"played":[1.0,0.0],"evs":[0.0,-3.18903]},"94o":{"weight":1.0,"played":[1.0,0.0],"evs":[0.0,-3.30993]},"T4o":{"weight":1.0,"played":[1.0,0.0],"evs":[0.0,-3.1298]},"J4o":{"weight":1.0,"played":[1.0,0.0],"evs":[0.0,-3.01269]},"Q4o":{"weight":1.0,"played":[1.0,0.0],"evs":[0.0,-2.86194]},"K4o":{"weight":1.0,"played":[1.0,0.0],"evs":[0.0,-2.76043]},"A4o":{"weight":1.0,"played":[1.0,0.0],"evs":[0.0,-2.0029]},"52s":{"weight":1.0,"played":[1.0,0.0],"evs":[0.0,-2.48665]},"53s":{"weight":1.0,"played":[1.0,0.0],"evs":[0.0,-2.19861]},"54s":{"weight":1.0,"played":[1.0,0.0],"evs":[0.0,-1.9244]},"55":{"weight":1.0,"played":[1.0,0.0],"evs":[0.0,-0.93478]},"65o":{"weight":1.0,"played":[1.0,0.0],"evs":[0.0,-2.60394]},"75o":{"weight":1.0,"played":[1.0,0.0],"evs":[0.0,-2.79163]},"85o":{"weight":1.0,"played":[1.0,0.0],"evs":[0.0,-2.93341]},"95o":{"weight":1.0,"played":[1.0,0.0],"evs":[0.0,-3.07748]},"T5o":{"weight":1.0,"played":[1.0,0.0],"evs":[0.0,-3.15247]},"J5o":{"weight":1.0,"played":[1.0,0.0],"evs":[0.0,-2.98199]},"Q5o":{"weight":1.0,"played":[1.0,0.0],"evs":[0.0,-2.84481]},"K5o":{"weight":1.0,"played":[1.0,0.0],"evs":[0.0,-2.71518]},"A5o":{"weight":1.0,"played":[1.0,0.0],"evs":[0.0,-1.89222]},"62s":{"weight":1.0,"played":[1.0,0.0],"evs":[0.0,-2.68022]},"63s":{"weight":1.0,"played":[1.0,0.0],"evs":[0.0,-2.41184]},"64s":{"weight":1.0,"played":[1.0,0.0],"evs":[0.0,-2.08417]},"65s":{"weight":1.0,"played":[1.0,0.0],"evs":[0.0,-1.85983]},"66":{"weight":1.0,"played":[1.0,0.0],"evs":[0.0,-0.54251]},"76o":{"weight":1.0,"played":[1.0,0.0],"evs":[0.0,-2.49361]},"86o":{"weight":1.0,"played":[1.0,0.0],"evs":[0.0,-2.60544]},"96o":{"weight":1.0,"played":[1.0,0.0],"evs":[0.0,-2.7315]},"T6o":{"weight":1.0,"played":[1.0,0.0],"evs":[0.0,-2.82455]},"J6o":{"weight":1.0,"played":[1.0,0.0],"evs":[0.0,-2.9097]},"Q6o":{"weight":1.0,"played":[1.0,0.0],"evs":[0.0,-2.71521]},"K6o":{"weight":1.0,"played":[1.0,0.0],"evs":[0.0,-2.58615]},"A6o":{"weight":1.0,"played":[1.0,0.0],"evs":[0.0,-1.95192]},"72s":{"weight":1.0,"played":[1.0,0.0],"evs":[0.0,-2.88057]},"73s":{"weight":1.0,"played":[1.0,0.0],"evs":[0.0,-2.5888]},"74s":{"weight":1.0,"played":[1.0,0.0],"evs":[0.0,-2.29248]},"75s":{"weight":1.0,"played":[1.0,0.0],"evs":[0.0,-2.0625]},"76s":{"weight":1.0,"played":[1.0,0.0],"evs":[0.0,-1.77145]},"77":{"weight":1.0,"played":[1.0,0.0],"evs":[0.0,-0.13522]},"87o":{"weight":1.0,"played":[1.0,0.0],"evs":[0.0,-2.3664]},"97o":{"weight":1.0,"played":[1.0,0.0],"evs":[0.0,-2.46959]},"T7o":{"weight":1.0,"played":[1.0,0.0],"evs":[0.0,-2.53347]},"J7o":{"weight":1.0,"played":[1.0,0.0],"evs":[0.0,-2.60972]},"Q7o":{"weight":1.0,"played":[1.0,0.0],"evs":[0.0,-2.66857]},"K7o":{"weight":1.0,"played":[1.0,0.0],"evs":[0.0,-2.51055]},"A7o":{"weight":1.0,"played":[1.0,0.0],"evs":[0.0,-1.63682]},"82s":{"weight":1.0,"played":[1.0,0.0],"evs":[0.0,-2.74321]},"83s":{"weight":1.0,"played":[1.0,0.0],"evs":[0.0,-2.68863]},"84s":{"weight":1.0,"played":[1.0,0.0],"evs":[0.0,-2.42403]},"85s":{"weight":1.0,"played":[1.0,0.0],"evs":[0.0,-2.1664]},"86s":{"weight":1.0,"played":[1.0,0.0],"evs":[0.0,-1.88581]},"87s":{"weight":1.0,"played":[1.0,0.0],"evs":[0.0,-1.64871]},"88":{"weight":1.0,"played":[0.0,1.0],"evs":[0.0,0.42001]},"98o":{"weight":1.0,"played":[1.0,0.0],"evs":[0.0,-2.17241]},"T8o":{"weight":1.0,"played":[1.0,0.0],"evs":[0.0,-2.17707]},"J8o":{"weight":1.0,"played":[1.0,0.0],"evs":[0.0,-2.25794]},"Q8o":{"weight":1.0,"played":[1.0,0.0],"evs":[0.0,-2.31477]},"K8o":{"weight":1.0,"played":[1.0,0.0],"evs":[0.0,-2.38084]},"A8o":{"weight":1.0,"played":[1.0,0.0],"evs":[0.0,-1.27778]},"92s":{"weight":1.0,"played":[1.0,0.0],"evs":[0.0,-2.66428]},"93s":{"weight":1.0,"played":[1.0,0.0],"evs":[0.0,-2.55525]},"94s":{"weight":1.0,"played":[1.0,0.0],"evs":[0.0,-2.54494]},"95s":{"weight":1.0,"played":[1.0,0.0],"evs":[0.0,-2.29195]},"96s":{"weight":1.0,"played":[1.0,0.0],"evs":[0.0,-2.00802]},"97s":{"weight":1.0,"played":[1.0,0.0],"evs":[0.0,-1.72026]},"98s":{"weight":1.0,"played":[1.0,0.0],"evs":[0.0,-1.44302]},"99":{"weight":1.0,"played":[0.0,1.0],"evs":[0.0,1.00785]},"T9o":{"weight":1.0,"played":[1.0,0.0],"evs":[0.0,-1.83338]},"J9o":{"weight":1.0,"played":[1.0,0.0],"evs":[0.0,-1.89633]},"Q9o":{"weight":1.0,"played":[1.0,0.0],"evs":[0.0,-1.95833]},"K9o":{"weight":1.0,"played":[1.0,0.0],"evs":[0.0,-1.99828]},"A9o":{"weight":1.0,"played":[1.0,0.0],"evs":[0.0,-0.87828]},"T2s":{"weight":1.0,"played":[1.0,0.0],"evs":[0.0,-2.54241]},"T3s":{"weight":1.0,"played":[1.0,0.0],"evs":[0.0,-2.41682]},"T4s":{"weight":1.0,"played":[1.0,0.0],"evs":[0.0,-2.35443]},"T5s":{"weight":1.0,"played":[1.0,0.0],"evs":[0.0,-2.35327]},"T6s":{"weight":1.0,"played":[1.0,0.0],"evs":[0.0,-2.04348]},"T7s":{"weight":1.0,"played":[1.0,0.0],"evs":[0.0,-1.79586]},"T8s":{"weight":1.0,"played":[1.0,0.0],"evs":[0.0,-1.48514]},"T9s":{"weight":1.0,"played":[1.0,0.0],"evs":[0.0,-1.11745]},"TT":{"weight":1.0,"played":[0.0,1.0],"evs":[0.0,1.82791]},"JTo":{"weight":1.0,"played":[1.0,0.0],"evs":[0.0,-1.47338]},"QTo":{"weight":1.0,"played":[1.0,0.0],"evs":[0.0,-1.47873]},"KTo":{"weight":1.0,"played":[1.0,0.0],"evs":[0.0,-1.39496]},"ATo":{"weight":1.0,"played":[1.0,0.0],"evs":[0.0,-0.07559]},"J2s":{"weight":1.0,"played":[1.0,0.0],"evs":[0.0,-2.3941]},"J3s":{"weight":1.0,"played":[1.0,0.0],"evs":[0.0,-2.26743]},"J4s":{"weight":1.0,"played":[1.0,0.0],"evs":[0.0,-2.22151]},"J5s":{"weight":1.0,"played":[1.0,0.0],"evs":[0.0,-2.20775]},"J6s":{"weight":1.0,"played":[1.0,0.0],"evs":[0.0,-2.12129]},"J7s":{"weight":1.0,"played":[1.0,0.0],"evs":[0.0,-1.87714]},"J8s":{"weight":1.0,"played":[1.0,0.0],"evs":[0.0,-1.51667]},"J9s":{"weight":1.0,"played":[1.0,0.0],"evs":[0.0,-1.16229]},"JTs":{"weight":1.0,"played":[1.0,0.0],"evs":[0.0,-0.77355]},"JJ":{"weight":1.0,"played":[0.0,1.0],"evs":[0.0,2.63532]},"QJo":{"weight":1.0,"played":[1.0,0.0],"evs":[0.0,-1.26896]},"KJo":{"weight":1.0,"played":[1.0,0.0],"evs":[0.0,-1.04134]},"AJo":{"weight":1.0,"played":[0.0,1.0],"evs":[0.0,0.40476]},"Q2s":{"weight":1.0,"played":[1.0,0.0],"evs":[0.0,-2.24858]},"Q3s":{"weight":1.0,"played":[1.0,0.0],"evs":[0.0,-2.16577]},"Q4s":{"weight":1.0,"played":[1.0,0.0],"evs":[0.0,-2.08395]},"Q5s":{"weight":1.0,"played":[1.0,0.0],"evs":[0.0,-2.05788]},"Q6s":{"weight":1.0,"played":[1.0,0.0],"evs":[0.0,-1.93974]},"Q7s":{"weight":1.0,"played":[1.0,0.0],"evs":[0.0,-1.87507]},"Q8s":{"weight":1.0,"played":[1.0,0.0],"evs":[0.0,-1.54918]},"Q9s":{"weight":1.0,"played":[1.0,0.0],"evs":[0.0,-1.23139]},"QTs":{"weight":1.0,"played":[1.0,0.0],"evs":[0.0,-0.80343]},"QJs":{"weight":1.0,"played":[1.0,0.0],"evs":[0.0,-0.57682]},"QQ":{"weight":1.0,"played":[0.0,1.0],"evs":[0.0,3.56103]},"KQo":{"weight":1.0,"played":[1.0,0.0],"evs":[0.0,-0.62882]},"AQo":{"weight":1.0,"played":[0.0,1.0],"evs":[0.0,0.99773]},"K2s":{"weight":1.0,"played":[1.0,0.0],"evs":[0.0,-2.15648]},"K3s":{"weight":1.0,"played":[1.0,0.0],"evs":[0.0,-2.06318]},"K4s":{"weight":1.0,"played":[1.0,0.0],"evs":[0.0,-1.95501]},"K5s":{"weight":1.0,"played":[1.0,0.0],"evs":[0.0,-1.92157]},"K6s":{"weight":1.0,"played":[1.0,0.0],"evs":[0.0,-1.77689]},"K7s":{"weight":1.0,"played":[1.0,0.0],"evs":[0.0,-1.69167]},"K8s":{"weight":1.0,"played":[1.0,0.0],"evs":[0.0,-1.59891]},"K9s":{"weight":1.0,"played":[1.0,0.0],"evs":[0.0,-1.23147]},"KTs":{"weight":1.0,"played":[1.0,0.0],"evs":[0.0,-0.67433]},"KJs":{"weight":1.0,"played":[1.0,0.0],"evs":[0.0,-0.37686]},"KQs":{"weight":1.0,"played":[0.0014,0.9986],"evs":[0.0,0.01628]},"KK":{"weight":1.0,"played":[0.0,1.0],"evs":[0.0,4.79465]},"AKo":{"weight":1.0,"played":[0.0,1.0],"evs":[0.0,1.68699]},"A2s":{"weight":1.0,"played":[1.0,0.0],"evs":[0.0,-1.44143]},"A3s":{"weight":1.0,"played":[1.0,0.0],"evs":[0.0,-1.30687]},"A4s":{"weight":1.0,"played":[1.0,0.0],"evs":[0.0,-1.21097]},"A5s":{"weight":1.0,"played":[1.0,0.0],"evs":[0.0,-1.1047]},"A6s":{"weight":1.0,"played":[1.0,0.0],"evs":[0.0,-1.16507]},"A7s":{"weight":1.0,"played":[1.0,0.0],"evs":[0.0,-0.86927]},"A8s":{"weight":1.0,"played":[1.0,0.0],"evs":[0.0,-0.53049]},"A9s":{"weight":1.0,"played":[0.9985,0.0015],"evs":[0.0,-0.17125]},"ATs":{"weight":1.0,"played":[0.0,1.0],"evs":[0.0,0.58395]},"AJs":{"weight":1.0,"played":[0.0,1.0],"evs":[0.0,1.05853]},"AQs":{"weight":1.0,"played":[0.0,1.0],"evs":[0.0,1.57103]},"AKs":{"weight":1.0,"played":[0.0,1.0],"evs":[0.0,2.23776]},"AA":{"weight":1.0,"played":[0.0,1.0],"evs":[0.0,7.3819]}}}