{"player":0,"street":0,"children":2,"sequence":[],"actions":[{"type":"F","amount":0,"node":1},{"type":"R","amount":25120000,"node":9}],"hands":{"22":{"weight":1.0,"played":[0.0,1.0],"evs":[0.0,1.49695]},"32o":{"weight":1.0,"played":[1.0,0.0],"evs":[0.0,-1.38894]},"42o":{"weight":1.0,"played":[1.0,0.0],"evs":[0.0,-1.26778]},"52o":{"weight":1.0,"played":[1.0,0.0],"evs":[0.0,-1.11831]},"62o":{"weight":1.0,"played":[1.0,0.0],"evs":[0.0,-1.25457]},"72o":{"weight":1.0,"played":[1.0,0.0],"evs":[0.0,-1.35194]},"82o":{"weight":1.0,"played":[1.0,0.0],"evs":[0.0,-1.14336]},"92o":{"weight":1.0,"played":[1.0,0.0],"evs":[0.0,-0.96577]},"T2o":{"weight":1.0,"played":[1.0,0.0],"evs":[0.0,-0.73232]},"J2o":{"weight":1.0,"played":[1.0,0.0],"evs":[0.0,-0.49697]},"Q2o":{"weight":1.0,"played":[1.0,0.0],"evs":[0.0,-0.18542]},"K2o":{"weight":1.0,"played":[0.0,1.0],"evs":[0.0,0.34026]},"A2o":{"weight":1.0,"played":[0.0,1.0],"evs":[0.0,1.66668]},"32s":{"weight":1.0,"played":[1.0,0.0],"evs":[0.0,-0.66149]},"33":{"weight":1.0,"played":[0.0,1.0],"evs":[0.0,1.84794]},"43o":{"weight":1.0,"played":[1.0,0.0],"evs":[0.0,-0.95205]},"53o":{"weight":1.0,"played":[1.0,0.0],"evs":[0.0,-0.79833]},"63o":{"weight":1.0,"played":[1.0,0.0],"evs":[0.0,-0.93691]},"73o":{"weight":1.0,"played":[1.0,0.0],"evs":[0.0,-1.0261]},"83o":{"weight":1.0,"played":[1.0,0.0],"evs":[0.0,-1.06531]},"93o":{"weight":1.0,"played":[1.0,0.0],"evs":[0.0,-0.84467]},"T3o":{"weight":1.0,"played":[1.0,0.0],"evs":[0.0,-0.59926]},"J3o":{"weight":1.0,"played":[1.0,0.0],"evs":[0.0,-0.38052]},"Q3o":{"weight":1.0,"played":[1.0,0.0],"evs":[0.0,-0.04517]},"K3o":{"weight":1.0,"played":[0.0,1.0],"evs":[0.0,0.4822]},"A3o":{"weight":1.0,"played":[0.0,1.0],"evs":[0.0,1.81005]},"42s":{"weight":1.0,"played":[1.0,0.0],"evs":[0.0,-0.54576]},"43s":{"weight":1.0,"played":[1.0,0.0],"evs":[0.0,-0.25001]},"44":{"weight":1.0,"played":[0.0,1.0],"evs":[0.0,2.2921]},"54o":{"weight":1.0,"played":[1.0,0.0],"evs":[0.0,-0.48107]},"64o":{"weight":1.0,"played":[1.0,0.0],"evs":[0.0,-0.61466]},"74o":{"weight":1.0,"played":[1.0,0.0],"evs":[0.0,-0.70333]},"84o":{"weight":1.0,"played":[1.0,0.0],"evs":[0.0,-0.74672]},"94o":{"weight":1.0,"played":[1.0,0.0],"evs":[0.0,-0.78027]},"T4o":{"weight":1.0,"played":[1.0,0.0],"evs":[0.0,-0.48439]},"J4o":{"weight":1.0,"played":[1.0,0.0],"evs":[0.0,-0.25183]},"Q4o":{"weight":1.0,"played":[2.0E-4,0.9998],"evs":[0.0,0.07355]},"K4o":{"weight":1.0,"played":[0.0,1.0],"evs":[0.0,0.60691]},"A4o":{"weight":1.0,"played":[0.0,1.0],"evs":[0.0,1.95105]},"52s":{"weight":1.0,"played":[1.0,0.0],"evs":[0.0,-0.40676]},"53s":{"weight":1.0,"played":[1.0,0.0],"evs":[0.0,-0.11051]},"54s":{"weight":1.0,"played":[0.0,1.0],"evs":[0.0,0.19225]},"55":{"weight":1.0,"played":[0.0,1.0],"evs":[0.0,2.77893]},"65o":{"weight":1.0,"played":[1.0,0.0],"evs":[0.0,-0.28458]},"75o":{"weight":1.0,"played":[1.0,0.0],"evs":[0.0,-0.35812]},"85o":{"weight":1.0,"played":[1.0,0.0],"evs":[0.0,-0.38475]},"95o":{"weight":1.0,"played":[1.0,0.0],"evs":[0.0,-0.42657]},"T5o":{"weight":1.0,"played":[1.0,0.0],"evs":[0.0,-0.3833]},"J5o":{"weight":1.0,"played":[1.0,0.0],"evs":[0.0,-0.10515]},"Q5o":{"weight":1.0,"played":[0.0,1.0],"evs":[0.0,0.20681]},"K5o":{"weight":1.0,"played":[0.0,1.0],"evs":[0.0,0.75716]},"A5o":{"weight":1.0,"played":[0.0,1.0],"evs":[0.0,2.12682]},"62s":{"weight":1.0,"played":[1.0,0.0],"evs":[0.0,-0.53966]},"63s":{"weight":1.0,"played":[1.0,0.0],"evs":[0.0,-0.22059]},"64s":{"weight":1.0,"played":[0.0014,0.9986],"evs":[0.0,0.05836]},"65s":{"weight":1.0,"played":[0.0,1.0],"evs":[0.0,0.39506]},"66":{"weight":1.0,"played":[0.0,1.0],"evs":[0.0,3.21352]},"76o":{"weight":1.0,"played":[1.0,0.0],"evs":[0.0,-0.04754]},"86o":{"weight":1.0,"played":[1.0,0.0],"evs":[0.0,-0.07385]},"96o":{"weight":1.0,"played":[0.9999,1.0E-4],"evs":[0.0,-0.09636]},"T6o":{"weight":1.0,"played":[1.0,0.0],"evs":[0.0,-0.06311]},"J6o":{"weight":1.0,"played":[0.9999,1.0E-4],"evs":[0.0,-0.02694]},"Q6o":{"weight":1.0,"played":[0.0,1.0],"evs":[0.0,0.34234]},"K6o":{"weight":1.0,"played":[0.0,1.0],"evs":[0.0,0.89375]},"A6o":{"weight":1.0,"played":[0.0,1.0],"evs":[0.0,2.13099]},"72s":{"weight":1.0,"played":[1.0,0.0],"evs":[0.0,-0.6223]},"73s":{"weight":1.0,"played":[1.0,0.0],"evs":[0.0,-0.2968]},"74s":{"weight":1.0,"played":[0.9829,0.0171],"evs":[0.0,-0.02089]},"75s":{"weight":1.0,"played":[0.0,1.0],"evs":[0.0,0.29387]},"76s":{"weight":1.0,"played":[0.0,1.0],"evs":[0.0,0.59408]},"77":{"weight":1.0,"played":[0.0,1.0],"evs":[0.0,3.67311]},"87o":{"weight":1.0,"played":[0.0,1.0],"evs":[0.0,0.1868]},"97o":{"weight":1.0,"played":[0.0,1.0],"evs":[0.0,0.18274]},"T7o":{"weight":1.0,"played":[0.0,1.0],"evs":[0.0,0.22716]},"J7o":{"weight":1.0,"played":[0.0,1.0],"evs":[0.0,0.25517]},"Q7o":{"weight":1.0,"played":[0.0,1.0],"evs":[0.0,0.3996]},"K7o":{"weight":1.0,"played":[0.0,1.0],"evs":[0.0,1.03991]},"A7o":{"weight":1.0,"played":[0.0,1.0],"evs":[0.0,2.44478]},"82s":{"weight":1.0,"played":[1.0,0.0],"evs":[0.0,-0.42206]},"83s":{"weight":1.0,"played":[1.0,0.0],"evs":[0.0,-0.36231]},"84s":{"weight":1.0,"played":[1.0,0.0],"evs":[0.0,-0.0639]},"85s":{"weight":1.0,"played":[0.0,1.0],"evs":[0.0,0.26155]},"86s":{"weight":1.0,"played":[0.0,1.0],"evs":[0.0,0.5867]},"87s":{"weight":1.0,"played":[0.0,1.0],"evs":[0.0,0.8184]},"88":{"weight":1.0,"played":[0.0,1.0],"evs":[0.0,4.18735]},"98o":{"weight":1.0,"played":[0.0,1.0],"evs":[0.0,0.48833]},"T8o":{"weight":1.0,"played":[0.0,1.0],"evs":[0.0,0.55398]},"J8o":{"weight":1.0,"played":[0.0,1.0],"evs":[0.0,0.58143]},"Q8o":{"weight":1.0,"played":[0.0,1.0],"evs":[0.0,0.72757]},"K8o":{"weight":1.0,"played":[0.0,1.0],"evs":[0.0,1.22337]},"A8o":{"weight":1.0,"played":[0.0,1.0],"evs":[0.0,2.75707]},"92s":{"weight":1.0,"played":[1.0,0.0],"evs":[0.0,-0.25762]},"93s":{"weight":1.0,"played":[1.0,0.0],"evs":[0.0,-0.14751]},"94s":{"weight":1.0,"played":[1.0,0.0],"evs":[0.0,-0.08081]},"95s":{"weight":1.0,"played":[0.0,1.0],"evs":[0.0,0.25586]},"96s":{"weight":1.0,"played":[0.0,1.0],"evs":[0.0,0.56384]},"97s":{"weight":1.0,"played":[0.0,1.0],"evs":[0.0,0.81634]},"98s":{"weight":1.0,"played":[0.0,1.0],"evs":[0.0,1.09023]},"99":{"weight":1.0,"played":[0.0,1.0],"evs":[0.0,4.74657]},"T9o":{"weight":1.0,"played":[0.0,1.0],"evs":[0.0,0.85526]},"J9o":{"weight":1.0,"played":[0.0,1.0],"evs":[0.0,0.90199]},"Q9o":{"weight":1.0,"played":[0.0,1.0],"evs":[0.0,1.07901]},"K9o":{"weight":1.0,"played":[0.0,1.0],"evs":[0.0,1.67781]},"A9o":{"weight":1.0,"played":[0.0,1.0],"evs":[0.0,3.12183]},"T2s":{"weight":1.0,"played":[0.9978,0.0022],"evs":[0.0,-0.03105]},"T3s":{"weight":1.0,"played":[0.0,1.0],"evs":[0.0,0.08076]},"T4s":{"weight":1.0,"played":[0.0,1.0],"evs":[0.0,0.20763]},"T5s":{"weight":1.0,"played":[0.0,1.0],"evs":[0.0,0.29113]},"T6s":{"weight":1.0,"played":[0.0,1.0],"evs":[0.0,0.58092]},"T7s":{"weight":1.0,"played":[0.0,1.0],"evs":[0.0,0.86464]},"T8s":{"weight":1.0,"played":[0.0,1.0],"evs":[0.0,1.17044]},"T9s":{"weight":1.0,"played":[0.0,1.0],"evs":[0.0,1.43027]},"TT":{"weight":1.0,"played":[0.0,1.0],"evs":[0.0,5.43394]},"JTo":{"weight":1.0,"played":[0.0,1.0],"evs":[0.0,1.34674]},"QTo":{"weight":1.0,"played":[0.0,1.0],"evs":[0.0,1.58319]},"KTo":{"weight":1.0,"played":[0.0,1.0],"evs":[0.0,2.24742]},"ATo":{"weight":1.0,"played":[0.0,1.0],"evs":[0.0,3.74128]},"J2s":{"weight":1.0,"played":[0.0,1.0],"evs":[0.0,0.19811]},"J3s":{"weight":1.0,"played":[0.0,1.0],"evs":[0.0,0.298]},"J4s":{"weight":1.0,"played":[0.0,1.0],"evs":[0.0,0.41824]},"J5s":{"weight":1.0,"played":[0.0,1.0],"evs":[0.0,0.53817]},"J6s":{"weight":1.0,"played":[0.0,1.0],"evs":[0.0,0.62119]},"J7s":{"weight":1.0,"played":[0.0,1.0],"evs":[0.0,0.88605]},"J8s":{"weight":1.0,"played":[0.0,1.0],"evs":[0.0,1.19886]},"J9s":{"weight":1.0,"played":[0.0,1.0],"evs":[0.0,1.48882]},"JTs":{"weight":1.0,"played":[0.0,1.0],"evs":[0.0,1.91911]},"JJ":{"weight":1.0,"played":[0.0,1.0],"evs":[0.0,6.04799]},"QJo":{"weight":1.0,"played":[0.0,1.0],"evs":[0.0,1.84158]},"KJo":{"weight":1.0,"played":[0.0,1.0],"evs":[0.0,2.57038]},"AJo":{"weight":1.0,"played":[0.0,1.0],"evs":[0.0,4.12853]},"Q2s":{"weight":1.0,"played":[0.0,1.0],"evs":[0.0,0.50127]},"Q3s":{"weight":1.0,"played":[0.0,1.0],"evs":[0.0,0.60756]},"Q4s":{"weight":1.0,"played":[0.0,1.0],"evs":[0.0,0.71588]},"Q5s":{"weight":1.0,"played":[0.0,1.0],"evs":[0.0,0.85421]},"Q6s":{"weight":1.0,"played":[0.0,1.0],"evs":[0.0,0.97941]},"Q7s":{"weight":1.0,"played":[0.0,1.0],"evs":[0.0,1.01245]},"Q8s":{"weight":1.0,"played":[0.0,1.0],"evs":[0.0,1.32642]},"Q9s":{"weight":1.0,"played":[0.0,1.0],"evs":[0.0,1.6655]},"QTs":{"weight":1.0,"played":[0.0,1.0],"evs":[0.0,2.13337]},"QJs":{"weight":1.0,"played":[0.0,1.0],"evs":[0.0,2.37993]},"QQ":{"weight":1.0,"played":[0.0,1.0],"evs":[0.0,6.73705]},"KQo":{"weight":1.0,"played":[0.0,1.0],"evs":[0.0,2.91797]},"AQo":{"weight":1.0,"played":[0.0,1.0],"evs":[0.0,4.51515]},"K2s":{"weight":1.0,"played":[0.0,1.0],"evs":[0.0,0.99678]},"K3s":{"weight":1.0,"played":[0.0,1.0],"evs":[0.0,1.12504]},"K4s":{"weight":1.0,"played":[0.0,1.0],"evs":[0.0,1.23857]},"K5s":{"weight":1.0,"played":[0.0,1.0],"evs":[0.0,1.3672]},"K6s":{"weight":1.0,"played":[0.0,1.0],"evs":[0.0,1.51909]},"K7s":{"weight":1.0,"played":[0.0,1.0],"evs":[0.0,1.6427]},"K8s":{"weight":1.0,"played":[0.0,1.0],"evs":[0.0,1.81722]},"K9s":{"weight":1.0,"played":[0.0,1.0],"evs":[0.0,2.23856]},"KTs":{"weight":1.0,"played":[0.0,1.0],"evs":[0.0,2.77525]},"KJs":{"weight":1.0,"played":[0.0,1.0],"evs":[0.0,3.06995]},"KQs":{"weight":1.0,"played":[0.0,1.0],"evs":[0.0,3.40472]},"KK":{"weight":1.0,"played":[0.0,1.0],"evs":[0.0,7.58381]},"AKo":{"weight":1.0,"played":[0.0,1.0],"evs":[0.0,5.02426]},"A2s":{"weight":1.0,"played":[0.0,1.0],"evs":[0.0,2.2426]},"A3s":{"weight":1.0,"played":[0.0,1.0],"evs":[0.0,2.35833]},"A4s":{"weight":1.0,"played":[0.0,1.0],"evs":[0.0,2.49721]},"A5s":{"weight":1.0,"played":[0.0,1.0],"evs":[0.0,2.66347]},"A6s":{"weight":1.0,"played":[0.0,1.0],"evs":[0.0,2.67931]},"A7s":{"weight":1.0,"played":[0.0,1.0],"evs":[0.0,2.94055]},"A8s":{"weight":1.0,"played":[0.0,1.0],"evs":[0.0,3.26943]},"A9s":{"weight":1.0,"played":[0.0,1.0],"evs":[0.0,3.59049]},"ATs":{"weight":1.0,"played":[0.0,1.0],"evs":[0.0,4.1647]},"AJs":{"weight":1.0,"played":[0.0,1.0],"evs":[0.0,4.51078]},"AQs":{"weight":1.0,"played":[0.0,1.0],"evs":[0.0,4.8734]},"AKs":{"weight":1.0,"played":[0.0,1.0],"evs":[0.0,5.36178]},"AA":{"weight":1.0,"played":[0.0,1.0],"evs":[0.0,8.91311]}}}