{"player":3,"street":0,"children":2,"sequence":[{"player":0,"type":"R","amount":25120000,"street":0},{"player":1,"type":"C","amount":0,"street":0},{"player":2,"type":"F","amount":0,"street":0}],"actions":[{"type":"F","amount":0,"node":11},{"type":"C","amount":23520000,"node":12}],"hands":{"22":{"weight":1.0,"played":[0.0065,0.9935],"evs":[0.0,0.09011]},"32o":{"weight":1.0,"played":[1.0,0.0],"evs":[0.0,-4.40887]},"42o":{"weight":1.0,"played":[1.0,0.0],"evs":[0.0,-4.24003]},"52o":{"weight":1.0,"played":[1.0,0.0],"evs":[0.0,-4.04481]},"62o":{"weight":1.0,"played":[1.0,0.0],"evs":[0.0,-4.30848]},"72o":{"weight":1.0,"played":[1.0,0.0],"evs":[0.0,-4.56099]},"82o":{"weight":1.0,"played":[1.0,0.0],"evs":[0.0,-4.26346]},"92o":{"weight":1.0,"played":[1.0,0.0],"evs":[0.0,-3.96767]},"T2o":{"weight":1.0,"played":[1.0,0.0],"evs":[0.0,-3.53082]},"J2o":{"weight":1.0,"played":[1.0,0.0],"evs":[0.0,-2.99787]},"Q2o":{"weight":1.0,"played":[1.0,0.0],"evs":[0.0,-2.22614]},"K2o":{"weight":1.0,"played":[1.0,0.0],"evs":[0.0,-0.96931]},"A2o":{"weight":1.0,"played":[0.0,1.0],"evs":[0.0,0.86264]},"32s":{"weight":1.0,"played":[1.0,0.0],"evs":[0.0,-3.36121]},"33":{"weight":1.0,"played":[0.0,1.0],"evs":[0.0,0.61007]},"43o":{"weight":1.0,"played":[1.0,0.0],"evs":[0.0,-3.7723]},"53o":{"weight":1.0,"played":[1.0,0.0],"evs":[0.0,-3.59692]},"63o":{"weight":1.0,"played":[1.0,0.0],"evs":[0.0,-3.85416]},"73o":{"weight":1.0,"played":[1.0,0.0],"evs":[0.0,-4.10853]},"83o":{"weight":1.0,"played":[1.0,0.0],"evs":[0.0,-4.18911]},"93o":{"weight":1.0,"played":[1.0,0.0],"evs":[0.0,-3.82437]},"T3o":{"weight":1.0,"played":[1.0,0.0],"evs":[0.0,-3.37809]},"J3o":{"weight":1.0,"played":[1.0,0.0],"evs":[0.0,-2.83468]},"Q3o":{"weight":1.0,"played":[1.0,0.0],"evs":[0.0,-2.05566]},"K3o":{"weight":1.0,"played":[1.0,0.0],"evs":[0.0,-0.80404]},"A3o":{"weight":1.0,"played":[0.0,1.0],"evs":[0.0,1.02669]},"42s":{"weight":1.0,"played":[1.0,0.0],"evs":[0.0,-3.18548]},"43s":{"weight":1.0,"played":[1.0,0.0],"evs":[0.0,-2.78959]},"44":{"weight":1.0,"played":[0.0,1.0],"evs":[0.0,1.18894]},"54o":{"weight":1.0,"played":[1.0,0.0],"evs":[0.0,-3.19375]},"64o":{"weight":1.0,"played":[1.0,0.0],"evs":[0.0,-3.40704]},"74o":{"weight":1.0,"played":[1.0,0.0],"evs":[0.0,-3.63936]},"84o":{"weight":1.0,"played":[1.0,0.0],"evs":[0.0,-3.7338]},"94o":{"weight":1.0,"played":[1.0,0.0],"evs":[0.0,-3.72963]},"T4o":{"weight":1.0,"played":[1.0,0.0],"evs":[0.0,-3.22778]},"J4o":{"weight":1.0,"played":[1.0,0.0],"evs":[0.0,-2.65949]},"Q4o":{"weight":1.0,"played":[1.0,0.0],"evs":[0.0,-1.86341]},"K4o":{"weight":1.0,"played":[1.0,0.0],"evs":[0.0,-0.57363]},"A4o":{"weight":1.0,"played":[0.0,1.0],"evs":[0.0,1.25296]},"52s":{"weight":1.0,"played":[1.0,0.0],"evs":[0.0,-3.03545]},"53s":{"weight":1.0,"played":[1.0,0.0],"evs":[0.0,-2.60076]},"54s":{"weight":1.0,"played":[1.0,0.0],"evs":[0.0,-2.20707]},"55":{"weight":1.0,"played":[0.0,1.0],"evs":[0.0,1.84797]},"65o":{"weight":1.0,"played":[1.0,0.0],"evs":[0.0,-2.95432]},"75o":{"weight":1.0,"played":[1.0,0.0],"evs":[0.0,-3.18214]},"85o":{"weight":1.0,"played":[1.0,0.0],"evs":[0.0,-3.24359]},"95o":{"weight":1.0,"played":[1.0,0.0],"evs":[0.0,-3.25383]},"T5o":{"weight":1.0,"played":[1.0,0.0],"evs":[0.0,-3.10205]},"J5o":{"weight":1.0,"played":[1.0,0.0],"evs":[0.0,-2.44364]},"Q5o":{"weight":1.0,"played":[1.0,0.0],"evs":[0.0,-1.59659]},"K5o":{"weight":1.0,"played":[1.0,0.0],"evs":[0.0,-0.32615]},"A5o":{"weight":1.0,"played":[0.0,1.0],"evs":[0.0,1.50254]},"62s":{"weight":1.0,"played":[1.0,0.0],"evs":[0.0,-3.27445]},"63s":{"weight":1.0,"played":[1.0,0.0],"evs":[0.0,-2.82678]},"64s":{"weight":1.0,"played":[1.0,0.0],"evs":[0.0,-2.3932]},"65s":{"weight":1.0,"played":[1.0,0.0],"evs":[0.0,-2.01786]},"66":{"weight":1.0,"played":[0.0,1.0],"evs":[0.0,2.46005]},"76o":{"weight":1.0,"played":[1.0,0.0],"evs":[0.0,-2.73923]},"86o":{"weight":1.0,"played":[1.0,0.0],"evs":[0.0,-2.82403]},"96o":{"weight":1.0,"played":[1.0,0.0],"evs":[0.0,-2.78121]},"T6o":{"weight":1.0,"played":[1.0,0.0],"evs":[0.0,-2.62678]},"J6o":{"weight":1.0,"played":[1.0,0.0],"evs":[0.0,-2.33281]},"Q6o":{"weight":1.0,"played":[1.0,0.0],"evs":[0.0,-1.37432]},"K6o":{"weight":1.0,"played":[0.9948,0.0052],"evs":[0.0,-0.06156]},"A6o":{"weight":1.0,"played":[0.0,1.0],"evs":[0.0,1.5509]},"72s":{"weight":1.0,"played":[1.0,0.0],"evs":[0.0,-3.47176]},"73s":{"weight":1.0,"played":[1.0,0.0],"evs":[0.0,-3.05991]},"74s":{"weight":1.0,"played":[1.0,0.0],"evs":[0.0,-2.65745]},"75s":{"weight":1.0,"played":[1.0,0.0],"evs":[0.0,-2.20906]},"76s":{"weight":1.0,"played":[1.0,0.0],"evs":[0.0,-1.78225]},"77":{"weight":1.0,"played":[0.0,1.0],"evs":[0.0,3.19619]},"87o":{"weight":1.0,"played":[1.0,0.0],"evs":[0.0,-2.46025]},"97o":{"weight":1.0,"played":[1.0,0.0],"evs":[0.0,-2.39535]},"T7o":{"weight":1.0,"played":[1.0,0.0],"evs":[0.0,-2.14667]},"J7o":{"weight":1.0,"played":[1.0,0.0],"evs":[0.0,-1.80239]},"Q7o":{"weight":1.0,"played":[1.0,0.0],"evs":[0.0,-1.11278]},"K7o":{"weight":1.0,"played":[0.0,1.0],"evs":[0.0,0.33097]},"A7o":{"weight":1.0,"played":[0.0,1.0],"evs":[0.0,1.97768]},"82s":{"weight":1.0,"played":[1.0,0.0],"evs":[0.0,-3.23886]},"83s":{"weight":1.0,"played":[1.0,0.0],"evs":[0.0,-3.1465]},"84s":{"weight":1.0,"played":[1.0,0.0],"evs":[0.0,-2.74647]},"85s":{"weight":1.0,"played":[1.0,0.0],"evs":[0.0,-2.29372]},"86s":{"weight":1.0,"played":[1.0,0.0],"evs":[0.0,-1.87463]},"87s":{"weight":1.0,"played":[1.0,0.0],"evs":[0.0,-1.54788]},"88":{"weight":1.0,"played":[0.0,1.0],"evs":[0.0,4.06787]},"98o":{"weight":1.0,"played":[1.0,0.0],"evs":[0.0,-1.86429]},"T8o":{"weight":1.0,"played":[1.0,0.0],"evs":[0.0,-1.59457]},"J8o":{"weight":1.0,"played":[1.0,0.0],"evs":[0.0,-1.25189]},"Q8o":{"weight":1.0,"played":[1.0,0.0],"evs":[0.0,-0.52947]},"K8o":{"weight":1.0,"played":[0.0,1.0],"evs":[0.0,0.61667]},"A8o":{"weight":1.0,"played":[0.0,1.0],"evs":[0.0,2.40007]},"92s":{"weight":1.0,"played":[1.0,0.0],"evs":[0.0,-2.93255]},"93s":{"weight":1.0,"played":[1.0,0.0],"evs":[0.0,-2.78061]},"94s":{"weight":1.0,"played":[1.0,0.0],"evs":[0.0,-2.69495]},"95s":{"weight":1.0,"played":[1.0,0.0],"evs":[0.0,-2.24055]},"96s":{"weight":1.0,"played":[1.0,0.0],"evs":[0.0,-1.81932]},"97s":{"weight":1.0,"played":[1.0,0.0],"evs":[0.0,-1.45127]},"98s":{"weight":1.0,"played":[1.0,0.0],"evs":[0.0,-0.9711]},"99":{"weight":1.0,"played":[0.0,1.0],"evs":[0.0,4.93893]},"T9o":{"weight":1.0,"played":[1.0,0.0],"evs":[0.0,-0.99459]},"J9o":{"weight":1.0,"played":[1.0,0.0],"evs":[0.0,-0.64157]},"Q9o":{"weight":1.0,"played":[0.0,1.0],"evs":[0.0,0.09326]},"K9o":{"weight":1.0,"played":[0.0,1.0],"evs":[0.0,1.25003]},"A9o":{"weight":1.0,"played":[0.0,1.0],"evs":[0.0,2.77408]},"T2s":{"weight":1.0,"played":[1.0,0.0],"evs":[0.0,-2.53743]},"T3s":{"weight":1.0,"played":[1.0,0.0],"evs":[0.0,-2.36701]},"T4s":{"weight":1.0,"played":[1.0,0.0],"evs":[0.0,-2.19781]},"T5s":{"weight":1.0,"played":[1.0,0.0],"evs":[0.0,-2.14045]},"T6s":{"weight":1.0,"played":[1.0,0.0],"evs":[0.0,-1.6678]},"T7s":{"weight":1.0,"played":[1.0,0.0],"evs":[0.0,-1.22482]},"T8s":{"weight":1.0,"played":[1.0,0.0],"evs":[0.0,-0.68893]},"T9s":{"weight":1.0,"played":[0.9983,0.0017],"evs":[0.0,-0.18253]},"TT":{"weight":1.0,"played":[0.0,1.0],"evs":[0.0,5.91788]},"JTo":{"weight":1.0,"played":[0.0,1.0],"evs":[0.0,0.07643]},"QTo":{"weight":1.0,"played":[0.0,1.0],"evs":[0.0,0.81427]},"KTo":{"weight":1.0,"played":[0.0,1.0],"evs":[0.0,1.98639]},"ATo":{"weight":1.0,"played":[0.0,1.0],"evs":[0.0,3.54334]},"J2s":{"weight":1.0,"played":[1.0,0.0],"evs":[0.0,-1.98947]},"J3s":{"weight":1.0,"played":[1.0,0.0],"evs":[0.0,-1.85991]},"J4s":{"weight":1.0,"played":[1.0,0.0],"evs":[0.0,-1.7016]},"J5s":{"weight":1.0,"played":[1.0,0.0],"evs":[0.0,-1.4757]},"J6s":{"weight":1.0,"played":[1.0,0.0],"evs":[0.0,-1.38475]},"J7s":{"weight":1.0,"played":[1.0,0.0],"evs":[0.0,-0.90592]},"J8s":{"weight":1.0,"played":[1.0,0.0],"evs":[0.0,-0.38684]},"J9s":{"weight":1.0,"played":[0.0,1.0],"evs":[0.0,0.21503]},"JTs":{"weight":1.0,"played":[0.0,1.0],"evs":[0.0,0.85271]},"JJ":{"weight":1.0,"played":[0.0,1.0],"evs":[0.0,6.80088]},"QJo":{"weight":1.0,"played":[0.0,1.0],"evs":[0.0,1.15204]},"KJo":{"weight":1.0,"played":[0.0,1.0],"evs":[0.0,2.35234]},"AJo":{"weight":1.0,"played":[0.0,1.0],"evs":[0.0,3.94726]},"Q2s":{"weight":1.0,"played":[1.0,0.0],"evs":[0.0,-1.25653]},"Q3s":{"weight":1.0,"played":[1.0,0.0],"evs":[0.0,-1.10039]},"Q4s":{"weight":1.0,"played":[1.0,0.0],"evs":[0.0,-0.91421]},"Q5s":{"weight":1.0,"played":[1.0,0.0],"evs":[0.0,-0.72682]},"Q6s":{"weight":1.0,"played":[1.0,0.0],"evs":[0.0,-0.488]},"Q7s":{"weight":1.0,"played":[1.0,0.0],"evs":[0.0,-0.20779]},"Q8s":{"weight":1.0,"played":[0.0,1.0],"evs":[0.0,0.30559]},"Q9s":{"weight":1.0,"played":[0.0,1.0],"evs":[0.0,0.90813]},"QTs":{"weight":1.0,"played":[0.0,1.0],"evs":[0.0,1.54886]},"QJs":{"weight":1.0,"played":[0.0,1.0],"evs":[0.0,1.86353]},"QQ":{"weight":1.0,"played":[0.0,1.0],"evs":[0.0,7.81253]},"KQo":{"weight":1.0,"played":[0.0,1.0],"evs":[0.0,2.80835]},"AQo":{"weight":1.0,"played":[0.0,1.0],"evs":[0.0,4.45017]},"K2s":{"weight":1.0,"played":[0.9984,0.0016],"evs":[0.0,-0.09044]},"K3s":{"weight":1.0,"played":[3.0E-4,0.9997],"evs":[0.0,0.07347]},"K4s":{"weight":1.0,"played":[0.0,1.0],"evs":[0.0,0.2902]},"K5s":{"weight":1.0,"played":[0.0,1.0],"evs":[0.0,0.49974]},"K6s":{"weight":1.0,"played":[0.0,1.0],"evs":[0.0,0.76947]},"K7s":{"weight":1.0,"played":[0.0,1.0],"evs":[0.0,1.11406]},"K8s":{"weight":1.0,"played":[0.0,1.0],"evs":[0.0,1.38133]},"K9s":{"weight":1.0,"played":[0.0,1.0],"evs":[0.0,1.96592]},"KTs":{"weight":1.0,"played":[0.0,1.0],"evs":[0.0,2.66691]},"KJs":{"weight":1.0,"played":[0.0,1.0],"evs":[0.0,3.01846]},"KQs":{"weight":1.0,"played":[0.0,1.0],"evs":[0.0,3.42071]},"KK":{"weight":1.0,"played":[0.0,1.0],"evs":[0.0,9.09019]},"AKo":{"weight":1.0,"played":[0.0,1.0],"evs":[0.0,5.01787]},"A2s":{"weight":1.0,"played":[0.0,1.0],"evs":[0.0,1.63483]},"A3s":{"weight":1.0,"played":[0.0,1.0],"evs":[0.0,1.79318]},"A4s":{"weight":1.0,"played":[0.0,1.0],"evs":[0.0,2.04506]},"A5s":{"weight":1.0,"played":[0.0,1.0],"evs":[0.0,2.25575]},"A6s":{"weight":1.0,"played":[0.0,1.0],"evs":[0.0,2.28428]},"A7s":{"weight":1.0,"played":[0.0,1.0],"evs":[0.0,2.68695]},"A8s":{"weight":1.0,"played":[0.0,1.0],"evs":[0.0,3.04145]},"A9s":{"weight":1.0,"played":[0.0,1.0],"evs":[0.0,3.40285]},"ATs":{"weight":1.0,"played":[0.0,1.0],"evs":[0.0,4.14885]},"AJs":{"weight":1.0,"played":[0.0,1.0],"evs":[0.0,4.53301]},"AQs":{"weight":1.0,"played":[0.0,1.0],"evs":[0.0,4.98797]},"AKs":{"weight":1.0,"played":[0.0,1.0],"evs":[0.0,5.52024]},"AA":{"weight":1.0,"played":[0.0,1.0],"evs":[0.0,10.61645]}}}