{"player":4,"street":0,"children":2,"sequence":[{"player":0,"type":"R","amount":25120000,"street":0},{"player":1,"type":"C","amount":0,"street":0},{"player":2,"type":"F","amount":0,"street":0},{"player":3,"type":"F","amount":0,"street":0}],"actions":[{"type":"F","amount":0},{"type":"C","amount":6240000}],"hands":{"22":{"weight":1.0,"played":[0.0,1.0],"evs":[0.0,2.56139]},"32o":{"weight":1.0,"played":[0.9999,1.0E-4],"evs":[0.0,-0.04713]},"42o":{"weight":1.0,"played":[0.0,1.0],"evs":[0.0,0.05011]},"52o":{"weight":1.0,"played":[0.0,1.0],"evs":[0.0,0.14079]},"62o":{"weight":1.0,"played":[0.9989,0.0011],"evs":[0.0,-0.0199]},"72o":{"weight":1.0,"played":[1.0,0.0],"evs":[0.0,-0.14397]},"82o":{"weight":1.0,"played":[0.0013,0.9987],"evs":[0.0,0.04357]},"92o":{"weight":1.0,"played":[0.0,1.0],"evs":[0.0,0.23895]},"T2o":{"weight":1.0,"played":[0.0,1.0],"evs":[0.0,0.48906]},"J2o":{"weight":1.0,"played":[0.0,1.0],"evs":[0.0,0.83028]},"Q2o":{"weight":1.0,"played":[0.0,1.0],"evs":[0.0,1.28735]},"K2o":{"weight":1.0,"played":[0.0,1.0],"evs":[0.0,2.04155]},"A2o":{"weight":1.0,"played":[0.0,1.0],"evs":[0.0,3.11348]},"32s":{"weight":1.0,"played":[0.0,1.0],"evs":[0.0,0.56752]},"33":{"weight":1.0,"played":[0.0,1.0],"evs":[0.0,2.89164]},"43o":{"weight":1.0,"played":[0.0,1.0],"evs":[0.0,0.29919]},"53o":{"weight":1.0,"played":[0.0,1.0],"evs":[0.0,0.42122]},"63o":{"weight":1.0,"played":[0.0,1.0],"evs":[0.0,0.25523]},"73o":{"weight":1.0,"played":[0.0,1.0],"evs":[0.0,0.12895]},"83o":{"weight":1.0,"played":[0.0,1.0],"evs":[0.0,0.09088]},"93o":{"weight":1.0,"played":[0.0,1.0],"evs":[0.0,0.33336]},"T3o":{"weight":1.0,"played":[0.0,1.0],"evs":[0.0,0.59046]},"J3o":{"weight":1.0,"played":[0.0,1.0],"evs":[0.0,0.92477]},"Q3o":{"weight":1.0,"played":[0.0,1.0],"evs":[0.0,1.38573]},"K3o":{"weight":1.0,"played":[0.0,1.0],"evs":[0.0,2.1448]},"A3o":{"weight":1.0,"played":[0.0,1.0],"evs":[0.0,3.22323]},"42s":{"weight":1.0,"played":[0.0,1.0],"evs":[0.0,0.66659]},"43s":{"weight":1.0,"played":[0.0,1.0],"evs":[0.0,0.89292]},"44":{"weight":1.0,"played":[0.0,1.0],"evs":[0.0,3.25237]},"54o":{"weight":1.0,"played":[0.0,1.0],"evs":[0.0,0.65552]},"64o":{"weight":1.0,"played":[0.0,1.0],"evs":[0.0,0.51621]},"74o":{"weight":1.0,"played":[0.0,1.0],"evs":[0.0,0.40443]},"84o":{"weight":1.0,"played":[0.0,1.0],"evs":[0.0,0.34828]},"94o":{"weight":1.0,"played":[0.0,1.0],"evs":[0.0,0.37512]},"T4o":{"weight":1.0,"played":[0.0,1.0],"evs":[0.0,0.69616]},"J4o":{"weight":1.0,"played":[0.0,1.0],"evs":[0.0,1.01973]},"Q4o":{"weight":1.0,"played":[0.0,1.0],"evs":[0.0,1.51223]},"K4o":{"weight":1.0,"played":[0.0,1.0],"evs":[0.0,2.25724]},"A4o":{"weight":1.0,"played":[0.0,1.0],"evs":[0.0,3.35551]},"52s":{"weight":1.0,"played":[0.0,1.0],"evs":[0.0,0.73769]},"53s":{"weight":1.0,"played":[0.0,1.0],"evs":[0.0,1.00611]},"54s":{"weight":1.0,"played":[0.0,1.0],"evs":[0.0,1.22308]},"55":{"weight":1.0,"played":[0.0,1.0],"evs":[0.0,3.63232]},"65o":{"weight":1.0,"played":[0.0,1.0],"evs":[0.0,0.7636]},"75o":{"weight":1.0,"played":[0.0,1.0],"evs":[0.0,0.67264]},"85o":{"weight":1.0,"played":[0.0,1.0],"evs":[0.0,0.63799]},"95o":{"weight":1.0,"played":[0.0,1.0],"evs":[0.0,0.65423]},"T5o":{"weight":1.0,"played":[0.0,1.0],"evs":[0.0,0.77504]},"J5o":{"weight":1.0,"played":[0.0,1.0],"evs":[0.0,1.13297]},"Q5o":{"weight":1.0,"played":[0.0,1.0],"evs":[0.0,1.6305]},"K5o":{"weight":1.0,"played":[0.0,1.0],"evs":[0.0,2.41988]},"A5o":{"weight":1.0,"played":[0.0,1.0],"evs":[0.0,3.50735]},"62s":{"weight":1.0,"played":[0.0,1.0],"evs":[0.0,0.58672]},"63s":{"weight":1.0,"played":[0.0,1.0],"evs":[0.0,0.86266]},"64s":{"weight":1.0,"played":[0.0,1.0],"evs":[0.0,1.10392]},"65s":{"weight":1.0,"played":[0.0,1.0],"evs":[0.0,1.33337]},"66":{"weight":1.0,"played":[0.0,1.0],"evs":[0.0,4.00564]},"76o":{"weight":1.0,"played":[0.0,1.0],"evs":[0.0,0.91045]},"86o":{"weight":1.0,"played":[0.0,1.0],"evs":[0.0,0.89055]},"96o":{"weight":1.0,"played":[0.0,1.0],"evs":[0.0,0.9349]},"T6o":{"weight":1.0,"played":[0.0,1.0],"evs":[0.0,1.03684]},"J6o":{"weight":1.0,"played":[0.0,1.0],"evs":[0.0,1.21942]},"Q6o":{"weight":1.0,"played":[0.0,1.0],"evs":[0.0,1.76496]},"K6o":{"weight":1.0,"played":[0.0,1.0],"evs":[0.0,2.57311]},"A6o":{"weight":1.0,"played":[0.0,1.0],"evs":[0.0,3.51502]},"72s":{"weight":1.0,"played":[0.0,1.0],"evs":[0.0,0.49664]},"73s":{"weight":1.0,"played":[0.0,1.0],"evs":[0.0,0.73819]},"74s":{"weight":1.0,"played":[0.0,1.0],"evs":[0.0,0.99201]},"75s":{"weight":1.0,"played":[0.0,1.0],"evs":[0.0,1.21996]},"76s":{"weight":1.0,"played":[0.0,1.0],"evs":[0.0,1.46503]},"77":{"weight":1.0,"played":[0.0,1.0],"evs":[0.0,4.43305]},"87o":{"weight":1.0,"played":[0.0,1.0],"evs":[0.0,1.1119]},"97o":{"weight":1.0,"played":[0.0,1.0],"evs":[0.0,1.17364]},"T7o":{"weight":1.0,"played":[0.0,1.0],"evs":[0.0,1.32673]},"J7o":{"weight":1.0,"played":[0.0,1.0],"evs":[0.0,1.53422]},"Q7o":{"weight":1.0,"played":[0.0,1.0],"evs":[0.0,1.94872]},"K7o":{"weight":1.0,"played":[0.0,1.0],"evs":[0.0,2.80168]},"A7o":{"weight":1.0,"played":[0.0,1.0],"evs":[0.0,3.80286]},"82s":{"weight":1.0,"played":[0.0,1.0],"evs":[0.0,0.6495]},"83s":{"weight":1.0,"played":[0.0,1.0],"evs":[0.0,0.69998]},"84s":{"weight":1.0,"played":[0.0,1.0],"evs":[0.0,0.94469]},"85s":{"weight":1.0,"played":[0.0,1.0],"evs":[0.0,1.19232]},"86s":{"weight":1.0,"played":[0.0,1.0],"evs":[0.0,1.44238]},"87s":{"weight":1.0,"played":[0.0,1.0],"evs":[0.0,1.64171]},"88":{"weight":1.0,"played":[0.0,1.0],"evs":[0.0,4.94929]},"98o":{"weight":1.0,"played":[0.0,1.0],"evs":[0.0,1.49236]},"T8o":{"weight":1.0,"played":[0.0,1.0],"evs":[0.0,1.65603]},"J8o":{"weight":1.0,"played":[0.0,1.0],"evs":[0.0,1.8853]},"Q8o":{"weight":1.0,"played":[0.0,1.0],"evs":[0.0,2.30575]},"K8o":{"weight":1.0,"played":[0.0,1.0],"evs":[0.0,2.98058]},"A8o":{"weight":1.0,"played":[0.0,1.0],"evs":[0.0,4.01454]},"92s":{"weight":1.0,"played":[0.0,1.0],"evs":[0.0,0.82765]},"93s":{"weight":1.0,"played":[0.0,1.0],"evs":[0.0,0.91712]},"94s":{"weight":1.0,"played":[0.0,1.0],"evs":[0.0,0.94402]},"95s":{"weight":1.0,"played":[0.0,1.0],"evs":[0.0,1.24802]},"96s":{"weight":1.0,"played":[0.0,1.0],"evs":[0.0,1.47701]},"97s":{"weight":1.0,"played":[0.0,1.0],"evs":[0.0,1.69053]},"98s":{"weight":1.0,"played":[0.0,1.0],"evs":[0.0,2.01377]},"99":{"weight":1.0,"played":[0.0,1.0],"evs":[0.0,5.46052]},"T9o":{"weight":1.0,"played":[0.0,1.0],"evs":[0.0,2.02328]},"J9o":{"weight":1.0,"played":[0.0,1.0],"evs":[0.0,2.23973]},"Q9o":{"weight":1.0,"played":[0.0,1.0],"evs":[0.0,2.67336]},"K9o":{"weight":1.0,"played":[0.0,1.0],"evs":[0.0,3.36103]},"A9o":{"weight":1.0,"played":[0.0,1.0],"evs":[0.0,4.2418]},"T2s":{"weight":1.0,"played":[0.0,1.0],"evs":[0.0,1.10109]},"T3s":{"weight":1.0,"played":[0.0,1.0],"evs":[0.0,1.18315]},"T4s":{"weight":1.0,"played":[0.0,1.0],"evs":[0.0,1.25861]},"T5s":{"weight":1.0,"played":[0.0,1.0],"evs":[0.0,1.37547]},"T6s":{"weight":1.0,"played":[0.0,1.0],"evs":[0.0,1.596]},"T7s":{"weight":1.0,"played":[0.0,1.0],"evs":[0.0,1.86006]},"T8s":{"weight":1.0,"played":[0.0,1.0],"evs":[0.0,2.16204]},"T9s":{"weight":1.0,"played":[0.0,1.0],"evs":[0.0,2.50714]},"TT":{"weight":1.0,"played":[0.0,1.0],"evs":[0.0,6.07107]},"JTo":{"weight":1.0,"played":[0.0,1.0],"evs":[0.0,2.67626]},"QTo":{"weight":1.0,"played":[0.0,1.0],"evs":[0.0,3.11648]},"KTo":{"weight":1.0,"played":[0.0,1.0],"evs":[0.0,3.81573]},"ATo":{"weight":1.0,"played":[0.0,1.0],"evs":[0.0,4.68076]},"J2s":{"weight":1.0,"played":[0.0,1.0],"evs":[0.0,1.41727]},"J3s":{"weight":1.0,"played":[0.0,1.0],"evs":[0.0,1.50515]},"J4s":{"weight":1.0,"played":[0.0,1.0],"evs":[0.0,1.57894]},"J5s":{"weight":1.0,"played":[0.0,1.0],"evs":[0.0,1.70798]},"J6s":{"weight":1.0,"played":[0.0,1.0],"evs":[0.0,1.77196]},"J7s":{"weight":1.0,"played":[0.0,1.0],"evs":[0.0,2.0406]},"J8s":{"weight":1.0,"played":[0.0,1.0],"evs":[0.0,2.37418]},"J9s":{"weight":1.0,"played":[0.0,1.0],"evs":[0.0,2.70513]},"JTs":{"weight":1.0,"played":[0.0,1.0],"evs":[0.0,3.12]},"JJ":{"weight":1.0,"played":[0.0,1.0],"evs":[0.0,6.55011]},"QJo":{"weight":1.0,"played":[0.0,1.0],"evs":[0.0,3.30225]},"KJo":{"weight":1.0,"played":[0.0,1.0],"evs":[0.0,4.01198]},"AJo":{"weight":1.0,"played":[0.0,1.0],"evs":[0.0,4.89787]},"Q2s":{"weight":1.0,"played":[0.0,1.0],"evs":[0.0,1.84316]},"Q3s":{"weight":1.0,"played":[0.0,1.0],"evs":[0.0,1.9332]},"Q4s":{"weight":1.0,"played":[0.0,1.0],"evs":[0.0,2.04342]},"Q5s":{"weight":1.0,"played":[0.0,1.0],"evs":[0.0,2.1868]},"Q6s":{"weight":1.0,"played":[0.0,1.0],"evs":[0.0,2.30294]},"Q7s":{"weight":1.0,"played":[0.0,1.0],"evs":[0.0,2.44652]},"Q8s":{"weight":1.0,"played":[0.0,1.0],"evs":[0.0,2.77898]},"Q9s":{"weight":1.0,"played":[0.0,1.0],"evs":[0.0,3.10876]},"QTs":{"weight":1.0,"played":[0.0,1.0],"evs":[0.0,3.52937]},"QJs":{"weight":1.0,"played":[0.0,1.0],"evs":[0.0,3.73733]},"QQ":{"weight":1.0,"played":[0.0,1.0],"evs":[0.0,7.13158]},"KQo":{"weight":1.0,"played":[0.0,1.0],"evs":[0.0,4.2788]},"AQo":{"weight":1.0,"played":[0.0,1.0],"evs":[0.0,5.18841]},"K2s":{"weight":1.0,"played":[0.0,1.0],"evs":[0.0,2.55941]},"K3s":{"weight":1.0,"played":[0.0,1.0],"evs":[0.0,2.63795]},"K4s":{"weight":1.0,"played":[0.0,1.0],"evs":[0.0,2.74976]},"K5s":{"weight":1.0,"played":[0.0,1.0],"evs":[0.0,2.91049]},"K6s":{"weight":1.0,"played":[0.0,1.0],"evs":[0.0,3.06153]},"K7s":{"weight":1.0,"played":[0.0,1.0],"evs":[0.0,3.24721]},"K8s":{"weight":1.0,"played":[0.0,1.0],"evs":[0.0,3.44088]},"K9s":{"weight":1.0,"played":[0.0,1.0],"evs":[0.0,3.78974]},"KTs":{"weight":1.0,"played":[0.0,1.0],"evs":[0.0,4.19432]},"KJs":{"weight":1.0,"played":[0.0,1.0],"evs":[0.0,4.40474]},"KQs":{"weight":1.0,"played":[0.0,1.0],"evs":[0.0,4.63675]},"KK":{"weight":1.0,"played":[0.0,1.0],"evs":[0.0,7.8474]},"AKo":{"weight":1.0,"played":[0.0,1.0],"evs":[0.0,5.5392]},"A2s":{"weight":1.0,"played":[0.0,1.0],"evs":[0.0,3.57725]},"A3s":{"weight":1.0,"played":[0.0,1.0],"evs":[0.0,3.68543]},"A4s":{"weight":1.0,"played":[0.0,1.0],"evs":[0.0,3.79654]},"A5s":{"weight":1.0,"played":[0.0,1.0],"evs":[0.0,3.93403]},"A6s":{"weight":1.0,"played":[0.0,1.0],"evs":[0.0,3.93028]},"A7s":{"weight":1.0,"played":[0.0,1.0],"evs":[0.0,4.20126]},"A8s":{"weight":1.0,"played":[0.0,1.0],"evs":[0.0,4.39725]},"A9s":{"weight":1.0,"played":[0.0,1.0],"evs":[0.0,4.61457]},"ATs":{"weight":1.0,"played":[0.0,1.0],"evs":[0.0,5.01462]},"AJs":{"weight":1.0,"played":[0.0,1.0],"evs":[0.0,5.22539]},"AQs":{"weight":1.0,"played":[0.0,1.0],"evs":[0.0,5.50003]},"AKs":{"weight":1.0,"played":[0.0,1.0],"evs":[0.0,5.81327]},"AA":{"weight":1.0,"played":[0.0,1.0],"evs":[0.0,8.72741]}}}