{"player":4,"street":0,"children":2,"sequence":[{"player":0,"type":"R","amount":25120000,"street":0},{"player":1,"type":"C","amount":0,"street":0},{"player":2,"type":"F","amount":0,"street":0},{"player":3,"type":"C","amount":23520000,"street":0}],"actions":[{"type":"F","amount":0},{"type":"C","amount":6240000}],"hands":{"22":{"weight":1.0,"played":[1.0,0.0],"evs":[0.0,-0.35231]},"32o":{"weight":1.0,"played":[1.0,0.0],"evs":[0.0,-2.04033]},"42o":{"weight":1.0,"played":[1.0,0.0],"evs":[0.0,-1.89647]},"52o":{"weight":1.0,"played":[1.0,0.0],"evs":[0.0,-1.81875]},"62o":{"weight":1.0,"played":[1.0,0.0],"evs":[0.0,-1.98067]},"72o":{"weight":1.0,"played":[1.0,0.0],"evs":[0.0,-2.22162]},"82o":{"weight":1.0,"played":[1.0,0.0],"evs":[0.0,-2.07482]},"92o":{"weight":1.0,"played":[1.0,0.0],"evs":[0.0,-2.03968]},"T2o":{"weight":1.0,"played":[1.0,0.0],"evs":[0.0,-1.90344]},"J2o":{"weight":1.0,"played":[1.0,0.0],"evs":[0.0,-1.80066]},"Q2o":{"weight":1.0,"played":[1.0,0.0],"evs":[0.0,-1.69905]},"K2o":{"weight":1.0,"played":[1.0,0.0],"evs":[0.0,-1.4469]},"A2o":{"weight":1.0,"played":[1.0,0.0],"evs":[0.0,-0.43412]},"32s":{"weight":1.0,"played":[1.0,0.0],"evs":[0.0,-1.31878]},"33":{"weight":1.0,"played":[0.6672,0.3328],"evs":[0.0,-0.01371]},"43o":{"weight":1.0,"played":[1.0,0.0],"evs":[0.0,-1.62339]},"53o":{"weight":1.0,"played":[1.0,0.0],"evs":[0.0,-1.4811]},"63o":{"weight":1.0,"played":[1.0,0.0],"evs":[0.0,-1.65248]},"73o":{"weight":1.0,"played":[1.0,0.0],"evs":[0.0,-1.87994]},"83o":{"weight":1.0,"played":[1.0,0.0],"evs":[0.0,-2.01352]},"93o":{"weight":1.0,"played":[1.0,0.0],"evs":[0.0,-1.92947]},"T3o":{"weight":1.0,"played":[1.0,0.0],"evs":[0.0,-1.79837]},"J3o":{"weight":1.0,"played":[1.0,0.0],"evs":[0.0,-1.67123]},"Q3o":{"weight":1.0,"played":[1.0,0.0],"evs":[0.0,-1.56993]},"K3o":{"weight":1.0,"played":[1.0,0.0],"evs":[0.0,-1.32489]},"A3o":{"weight":1.0,"played":[1.0,0.0],"evs":[0.0,-0.28124]},"42s":{"weight":1.0,"played":[1.0,0.0],"evs":[0.0,-1.17024]},"43s":{"weight":1.0,"played":[1.0,0.0],"evs":[0.0,-0.90487]},"44":{"weight":1.0,"played":[0.0,1.0],"evs":[0.0,0.35125]},"54o":{"weight":1.0,"played":[1.0,0.0],"evs":[0.0,-1.16545]},"64o":{"weight":1.0,"played":[1.0,0.0],"evs":[0.0,-1.33817]},"74o":{"weight":1.0,"played":[1.0,0.0],"evs":[0.0,-1.53514]},"84o":{"weight":1.0,"played":[1.0,0.0],"evs":[0.0,-1.70777]},"94o":{"weight":1.0,"played":[1.0,0.0],"evs":[0.0,-1.87554]},"T4o":{"weight":1.0,"played":[1.0,0.0],"evs":[0.0,-1.68226]},"J4o":{"weight":1.0,"played":[1.0,0.0],"evs":[0.0,-1.57662]},"Q4o":{"weight":1.0,"played":[1.0,0.0],"evs":[0.0,-1.46609]},"K4o":{"weight":1.0,"played":[1.0,0.0],"evs":[0.0,-1.16194]},"A4o":{"weight":1.0,"played":[0.999,0.001],"evs":[0.0,-0.13651]},"52s":{"weight":1.0,"played":[1.0,0.0],"evs":[0.0,-1.04931]},"53s":{"weight":1.0,"played":[1.0,0.0],"evs":[0.0,-0.81621]},"54s":{"weight":1.0,"played":[1.0,0.0],"evs":[0.0,-0.50197]},"55":{"weight":1.0,"played":[0.0,1.0],"evs":[0.0,0.73379]},"65o":{"weight":1.0,"played":[1.0,0.0],"evs":[0.0,-1.03235]},"75o":{"weight":1.0,"played":[1.0,0.0],"evs":[0.0,-1.23683]},"85o":{"weight":1.0,"played":[1.0,0.0],"evs":[0.0,-1.36603]},"95o":{"weight":1.0,"played":[1.0,0.0],"evs":[0.0,-1.53206]},"T5o":{"weight":1.0,"played":[1.0,0.0],"evs":[0.0,-1.60289]},"J5o":{"weight":1.0,"played":[1.0,0.0],"evs":[0.0,-1.43846]},"Q5o":{"weight":1.0,"played":[1.0,0.0],"evs":[0.0,-1.32664]},"K5o":{"weight":1.0,"played":[1.0,0.0],"evs":[0.0,-1.02665]},"A5o":{"weight":1.0,"played":[0.0074,0.9926],"evs":[0.0,0.03578]},"62s":{"weight":1.0,"played":[1.0,0.0],"evs":[0.0,-1.23448]},"63s":{"weight":1.0,"played":[1.0,0.0],"evs":[0.0,-0.89912]},"64s":{"weight":1.0,"played":[1.0,0.0],"evs":[0.0,-0.62499]},"65s":{"weight":1.0,"played":[1.0,0.0],"evs":[0.0,-0.36258]},"66":{"weight":1.0,"played":[0.0,1.0],"evs":[0.0,1.06763]},"76o":{"weight":1.0,"played":[1.0,0.0],"evs":[0.0,-0.92238]},"86o":{"weight":1.0,"played":[1.0,0.0],"evs":[0.0,-1.04545]},"96o":{"weight":1.0,"played":[1.0,0.0],"evs":[0.0,-1.2148]},"T6o":{"weight":1.0,"played":[1.0,0.0],"evs":[0.0,-1.27382]},"J6o":{"weight":1.0,"played":[1.0,0.0],"evs":[0.0,-1.37873]},"Q6o":{"weight":1.0,"played":[1.0,0.0],"evs":[0.0,-1.21839]},"K6o":{"weight":1.0,"played":[1.0,0.0],"evs":[0.0,-0.89077]},"A6o":{"weight":1.0,"played":[0.9964,0.0036],"evs":[0.0,-0.00787]},"72s":{"weight":1.0,"played":[1.0,0.0],"evs":[0.0,-1.46396]},"73s":{"weight":1.0,"played":[1.0,0.0],"evs":[0.0,-1.11393]},"74s":{"weight":1.0,"played":[1.0,0.0],"evs":[0.0,-0.82557]},"75s":{"weight":1.0,"played":[1.0,0.0],"evs":[0.0,-0.54298]},"76s":{"weight":1.0,"played":[1.0,0.0],"evs":[0.0,-0.27009]},"77":{"weight":1.0,"played":[0.0,1.0],"evs":[0.0,1.50283]},"87o":{"weight":1.0,"played":[1.0,0.0],"evs":[0.0,-0.85692]},"97o":{"weight":1.0,"played":[1.0,0.0],"evs":[0.0,-0.96297]},"T7o":{"weight":1.0,"played":[1.0,0.0],"evs":[0.0,-1.03559]},"J7o":{"weight":1.0,"played":[1.0,0.0],"evs":[0.0,-1.13333]},"Q7o":{"weight":1.0,"played":[1.0,0.0],"evs":[0.0,-1.18037]},"K7o":{"weight":1.0,"played":[1.0,0.0],"evs":[0.0,-0.73812]},"A7o":{"weight":1.0,"played":[0.0,1.0],"evs":[0.0,0.25929]},"82s":{"weight":1.0,"played":[1.0,0.0],"evs":[0.0,-1.34349]},"83s":{"weight":1.0,"played":[1.0,0.0],"evs":[0.0,-1.28055]},"84s":{"weight":1.0,"played":[1.0,0.0],"evs":[0.0,-0.96355]},"85s":{"weight":1.0,"played":[1.0,0.0],"evs":[0.0,-0.65126]},"86s":{"weight":1.0,"played":[1.0,0.0],"evs":[0.0,-0.40013]},"87s":{"weight":1.0,"played":[1.0,0.0],"evs":[0.0,-0.21393]},"88":{"weight":1.0,"played":[0.0,1.0],"evs":[0.0,2.00218]},"98o":{"weight":1.0,"played":[1.0,0.0],"evs":[0.0,-0.69274]},"T8o":{"weight":1.0,"played":[1.0,0.0],"evs":[0.0,-0.75343]},"J8o":{"weight":1.0,"played":[1.0,0.0],"evs":[0.0,-0.79804]},"Q8o":{"weight":1.0,"played":[1.0,0.0],"evs":[0.0,-0.86298]},"K8o":{"weight":1.0,"played":[1.0,0.0],"evs":[0.0,-0.59306]},"A8o":{"weight":1.0,"played":[0.0,1.0],"evs":[0.0,0.53606]},"92s":{"weight":1.0,"played":[1.0,0.0],"evs":[0.0,-1.27892]},"93s":{"weight":1.0,"played":[1.0,0.0],"evs":[0.0,-1.17037]},"94s":{"weight":1.0,"played":[1.0,0.0],"evs":[0.0,-1.11359]},"95s":{"weight":1.0,"played":[1.0,0.0],"evs":[0.0,-0.80132]},"96s":{"weight":1.0,"played":[1.0,0.0],"evs":[0.0,-0.48584]},"97s":{"weight":1.0,"played":[0.9999,1.0E-4],"evs":[0.0,-0.30969]},"98s":{"weight":1.0,"played":[0.9531,0.0469],"evs":[0.0,-0.07993]},"99":{"weight":1.0,"played":[0.0,1.0],"evs":[0.0,2.6072]},"T9o":{"weight":1.0,"played":[1.0,0.0],"evs":[0.0,-0.43582]},"J9o":{"weight":1.0,"played":[1.0,0.0],"evs":[0.0,-0.46954]},"Q9o":{"weight":1.0,"played":[1.0,0.0],"evs":[0.0,-0.491]},"K9o":{"weight":1.0,"played":[0.9999,1.0E-4],"evs":[0.0,-0.15082]},"A9o":{"weight":1.0,"played":[0.0,1.0],"evs":[0.0,0.86056]},"T2s":{"weight":1.0,"played":[1.0,0.0],"evs":[0.0,-1.17026]},"T3s":{"weight":1.0,"played":[1.0,0.0],"evs":[0.0,-1.06891]},"T4s":{"weight":1.0,"played":[1.0,0.0],"evs":[0.0,-0.90681]},"T5s":{"weight":1.0,"played":[1.0,0.0],"evs":[0.0,-0.88833]},"T6s":{"weight":1.0,"played":[1.0,0.0],"evs":[0.0,-0.56325]},"T7s":{"weight":1.0,"played":[1.0,0.0],"evs":[0.0,-0.36747]},"T8s":{"weight":1.0,"played":[0.9673,0.0327],"evs":[0.0,-0.04819]},"T9s":{"weight":1.0,"played":[0.0,1.0],"evs":[0.0,0.20741]},"TT":{"weight":1.0,"played":[0.0,1.0],"evs":[0.0,3.31421]},"JTo":{"weight":1.0,"played":[0.9916,0.0084],"evs":[0.0,-0.03895]},"QTo":{"weight":1.0,"played":[1.0E-4,0.9999],"evs":[0.0,0.04177]},"KTo":{"weight":1.0,"played":[0.0,1.0],"evs":[0.0,0.43352]},"ATo":{"weight":1.0,"played":[0.0,1.0],"evs":[0.0,1.50586]},"J2s":{"weight":1.0,"played":[1.0,0.0],"evs":[0.0,-1.02809]},"J3s":{"weight":1.0,"played":[1.0,0.0],"evs":[0.0,-0.92978]},"J4s":{"weight":1.0,"played":[1.0,0.0],"evs":[0.0,-0.87467]},"J5s":{"weight":1.0,"played":[1.0,0.0],"evs":[0.0,-0.75381]},"J6s":{"weight":1.0,"played":[1.0,0.0],"evs":[0.0,-0.62429]},"J7s":{"weight":1.0,"played":[1.0,0.0],"evs":[0.0,-0.41831]},"J8s":{"weight":1.0,"played":[0.9999,1.0E-4],"evs":[0.0,-0.09659]},"J9s":{"weight":1.0,"played":[0.0051,0.9949],"evs":[0.0,0.15792]},"JTs":{"weight":1.0,"played":[0.0,1.0],"evs":[0.0,0.60239]},"JJ":{"weight":1.0,"played":[0.0,1.0],"evs":[0.0,4.04244]},"QJo":{"weight":1.0,"played":[0.0,1.0],"evs":[0.0,0.26971]},"KJo":{"weight":1.0,"played":[0.0,1.0],"evs":[0.0,0.71838]},"AJo":{"weight":1.0,"played":[0.0,1.0],"evs":[0.0,1.85288]},"Q2s":{"weight":1.0,"played":[1.0,0.0],"evs":[0.0,-0.93356]},"Q3s":{"weight":1.0,"played":[1.0,0.0],"evs":[0.0,-0.80809]},"Q4s":{"weight":1.0,"played":[1.0,0.0],"evs":[0.0,-0.68114]},"Q5s":{"weight":1.0,"played":[1.0,0.0],"evs":[0.0,-0.59556]},"Q6s":{"weight":1.0,"played":[1.0,0.0],"evs":[0.0,-0.50208]},"Q7s":{"weight":1.0,"played":[1.0,0.0],"evs":[0.0,-0.48629]},"Q8s":{"weight":1.0,"played":[0.9985,0.0015],"evs":[0.0,-0.16558]},"Q9s":{"weight":1.0,"played":[4.0E-4,0.9996],"evs":[0.0,0.20125]},"QTs":{"weight":1.0,"played":[0.0,1.0],"evs":[0.0,0.67006]},"QJs":{"weight":1.0,"played":[0.0,1.0],"evs":[0.0,0.9051]},"QQ":{"weight":1.0,"played":[0.0,1.0],"evs":[0.0,4.915]},"KQo":{"weight":1.0,"played":[0.0,1.0],"evs":[0.0,1.00977]},"AQo":{"weight":1.0,"played":[0.0,1.0],"evs":[0.0,2.26643]},"K2s":{"weight":1.0,"played":[1.0,0.0],"evs":[0.0,-0.6388]},"K3s":{"weight":1.0,"played":[1.0,0.0],"evs":[0.0,-0.54269]},"K4s":{"weight":1.0,"played":[1.0,0.0],"evs":[0.0,-0.41223]},"K5s":{"weight":1.0,"played":[1.0,0.0],"evs":[0.0,-0.29574]},"K6s":{"weight":1.0,"played":[1.0,0.0],"evs":[0.0,-0.14056]},"K7s":{"weight":1.0,"played":[0.9999,1.0E-4],"evs":[0.0,-0.05846]},"K8s":{"weight":1.0,"played":[2.0E-4,0.9998],"evs":[0.0,0.1483]},"K9s":{"weight":1.0,"played":[0.0,1.0],"evs":[0.0,0.50624]},"KTs":{"weight":1.0,"played":[0.0,1.0],"evs":[0.0,1.02639]},"KJs":{"weight":1.0,"played":[0.0,1.0],"evs":[0.0,1.3345]},"KQs":{"weight":1.0,"played":[0.0,1.0],"evs":[0.0,1.60943]},"KK":{"weight":1.0,"played":[0.0,1.0],"evs":[0.0,6.11217]},"AKo":{"weight":1.0,"played":[0.0,1.0],"evs":[0.0,2.78649]},"A2s":{"weight":1.0,"played":[0.0,1.0],"evs":[0.0,0.2767]},"A3s":{"weight":1.0,"played":[0.0,1.0],"evs":[0.0,0.43297]},"A4s":{"weight":1.0,"played":[0.0,1.0],"evs":[0.0,0.5683]},"A5s":{"weight":1.0,"played":[0.0,1.0],"evs":[0.0,0.74676]},"A6s":{"weight":1.0,"played":[0.0,1.0],"evs":[0.0,0.69761]},"A7s":{"weight":1.0,"played":[0.0,1.0],"evs":[0.0,0.96011]},"A8s":{"weight":1.0,"played":[0.0,1.0],"evs":[0.0,1.20098]},"A9s":{"weight":1.0,"played":[0.0,1.0],"evs":[0.0,1.48926]},"ATs":{"weight":1.0,"played":[0.0,1.0],"evs":[0.0,2.0914]},"AJs":{"weight":1.0,"played":[0.0,1.0],"evs":[0.0,2.41621]},"AQs":{"weight":1.0,"played":[0.0,1.0],"evs":[0.0,2.80201]},"AKs":{"weight":1.0,"played":[0.0,1.0],"evs":[0.0,3.29089]},"AA":{"weight":1.0,"played":[0.0,1.0],"evs":[0.0,7.99828]}}}