{"player":3,"street":0,"children":3,"sequence":[{"player":0,"type":"F","amount":0,"street":0},{"player":1,"type":"C","amount":0,"street":0},{"player":2,"type":"F","amount":0,"street":0}],"actions":[{"type":"F","amount":0},{"type":"C","amount":1600000,"node":3},{"type":"R","amount":9440000,"node":5}],"hands":{"22":{"weight":1.0,"played":[0.0,0.0,1.0],"evs":[0.0,2.77475,2.79131]},"32o":{"weight":1.0,"played":[0.0,0.0156,0.9844],"evs":[0.0,0.31433,0.31585]},"42o":{"weight":1.0,"played":[0.0,0.038,0.962],"evs":[0.0,0.43044,0.43169]},"52o":{"weight":1.0,"played":[0.0,0.0219,0.9781],"evs":[0.0,0.55858,0.55908]},"62o":{"weight":1.0,"played":[0.0,0.0,1.0],"evs":[0.0,0.50833,0.50957]},"72o":{"weight":1.0,"played":[0.0,0.0023,0.9977],"evs":[0.0,0.61411,0.61875]},"82o":{"weight":1.0,"played":[0.0,0.0,1.0],"evs":[0.0,0.93391,0.93921]},"92o":{"weight":1.0,"played":[0.0,0.0,1.0],"evs":[0.0,1.23957,1.24641]},"T2o":{"weight":1.0,"played":[0.0,0.0,1.0],"evs":[0.0,1.59598,1.60259]},"J2o":{"weight":1.0,"played":[0.0,0.0,1.0],"evs":[0.0,1.95497,1.96539]},"Q2o":{"weight":1.0,"played":[0.0,0.0,1.0],"evs":[0.0,2.43259,2.4463]},"K2o":{"weight":1.0,"played":[0.0,0.0,1.0],"evs":[0.0,2.9254,2.93953]},"A2o":{"weight":1.0,"played":[0.0,0.0,1.0],"evs":[0.0,3.54496,3.55915]},"32s":{"weight":1.0,"played":[0.0,0.0407,0.9593],"evs":[0.0,0.88304,0.88684]},"33":{"weight":1.0,"played":[0.0,0.0,1.0],"evs":[0.0,3.18861,3.20071]},"43o":{"weight":1.0,"played":[0.0,1.0E-4,0.9999],"evs":[0.0,0.69292,0.69573]},"53o":{"weight":1.0,"played":[0.0,2.0E-4,0.9998],"evs":[0.0,0.82172,0.83075]},"63o":{"weight":1.0,"played":[0.0,0.0,1.0],"evs":[0.0,0.79502,0.80435]},"73o":{"weight":1.0,"played":[0.0,0.0,1.0],"evs":[0.0,0.86211,0.87231]},"83o":{"weight":1.0,"played":[0.0,0.0,1.0],"evs":[0.0,1.02195,1.03716]},"93o":{"weight":1.0,"played":[0.0,0.0,1.0],"evs":[0.0,1.3554,1.36625]},"T3o":{"weight":1.0,"played":[0.0,0.0,1.0],"evs":[0.0,1.69082,1.70409]},"J3o":{"weight":1.0,"played":[0.0,0.0,1.0],"evs":[0.0,2.06683,2.08466]},"Q3o":{"weight":1.0,"played":[0.0,0.0,1.0],"evs":[0.0,2.52845,2.54847]},"K3o":{"weight":1.0,"played":[0.0,0.0,1.0],"evs":[0.0,3.03977,3.06201]},"A3o":{"weight":1.0,"played":[0.0,0.0,1.0],"evs":[0.0,3.66503,3.68579]},"42s":{"weight":1.0,"played":[0.0,0.0325,0.9675],"evs":[0.0,0.99433,0.99428]},"43s":{"weight":1.0,"played":[0.0,0.0985,0.9015],"evs":[0.0,1.22677,1.22926]},"44":{"weight":1.0,"played":[0.0,5.0E-4,0.9995],"evs":[0.0,3.62245,3.62662]},"54o":{"weight":1.0,"played":[0.0,0.0,1.0],"evs":[0.0,1.08562,1.09111]},"64o":{"weight":1.0,"played":[0.0,0.0,1.0],"evs":[0.0,1.04346,1.05248]},"74o":{"weight":1.0,"played":[0.0,0.0,1.0],"evs":[0.0,1.15512,1.16228]},"84o":{"weight":1.0,"played":[0.0,0.0,1.0],"evs":[0.0,1.29305,1.30007]},"94o":{"weight":1.0,"played":[0.0,0.0,1.0],"evs":[0.0,1.43981,1.44795]},"T4o":{"weight":1.0,"played":[0.0,0.0,1.0],"evs":[0.0,1.83737,1.84736]},"J4o":{"weight":1.0,"played":[0.0,0.0,1.0],"evs":[0.0,2.19999,2.21422]},"Q4o":{"weight":1.0,"played":[0.0,0.0,1.0],"evs":[0.0,2.65637,2.67258]},"K4o":{"weight":1.0,"played":[0.0,0.0,1.0],"evs":[0.0,3.16917,3.18888]},"A4o":{"weight":1.0,"played":[0.0,0.0,1.0],"evs":[0.0,3.78977,3.80824]},"52s":{"weight":1.0,"played":[0.0,0.0107,0.9893],"evs":[0.0,1.08436,1.08799]},"53s":{"weight":1.0,"played":[0.0,5.0E-4,0.9995],"evs":[0.0,1.33962,1.34739]},"54s":{"weight":1.0,"played":[0.0,2.0E-4,0.9998],"evs":[0.0,1.58238,1.5944]},"55":{"weight":1.0,"played":[0.0,0.0646,0.9354],"evs":[0.0,4.06395,4.06475]},"65o":{"weight":1.0,"played":[0.0,8.0E-4,0.9992],"evs":[0.0,1.32013,1.32911]},"75o":{"weight":1.0,"played":[0.0,0.0,1.0],"evs":[0.0,1.43275,1.44114]},"85o":{"weight":1.0,"played":[0.0,0.0,1.0],"evs":[0.0,1.58371,1.59424]},"95o":{"weight":1.0,"played":[0.0,0.0,1.0],"evs":[0.0,1.74239,1.7536]},"T5o":{"weight":1.0,"played":[0.0,0.0,1.0],"evs":[0.0,1.93359,1.94596]},"J5o":{"weight":1.0,"played":[0.0,0.0,1.0],"evs":[0.0,2.33153,2.35133]},"Q5o":{"weight":1.0,"played":[0.0,0.0,1.0],"evs":[0.0,2.79568,2.81975]},"K5o":{"weight":1.0,"played":[0.0,0.0,1.0],"evs":[0.0,3.30358,3.32871]},"A5o":{"weight":1.0,"played":[0.0,0.0,1.0],"evs":[0.0,3.92957,3.95522]},"62s":{"weight":1.0,"played":[0.0,0.0,1.0],"evs":[0.0,1.06762,1.07112]},"63s":{"weight":1.0,"played":[0.0,8.0E-4,0.9992],"evs":[0.0,1.30016,1.31273]},"64s":{"weight":1.0,"played":[0.0,3.0E-4,0.9997],"evs":[0.0,1.5476,1.55723]},"65s":{"weight":1.0,"played":[0.0,0.0,1.0],"evs":[0.0,1.82312,1.83426]},"66":{"weight":1.0,"played":[0.0,1.0E-4,0.9999],"evs":[0.0,4.49103,4.49585]},"76o":{"weight":1.0,"played":[0.0,0.0,1.0],"evs":[0.0,1.70452,1.71176]},"86o":{"weight":1.0,"played":[0.0,0.0,1.0],"evs":[0.0,1.85441,1.86093]},"96o":{"weight":1.0,"played":[0.0,0.0,1.0],"evs":[0.0,2.00327,2.0106]},"T6o":{"weight":1.0,"played":[0.0,0.0,1.0],"evs":[0.0,2.21177,2.22534]},"J6o":{"weight":1.0,"played":[0.0,0.0,1.0],"evs":[0.0,2.44112,2.46004]},"Q6o":{"weight":1.0,"played":[0.0,0.0,1.0],"evs":[0.0,2.92883,2.95249]},"K6o":{"weight":1.0,"played":[0.0,0.0,1.0],"evs":[0.0,3.43442,3.46073]},"A6o":{"weight":1.0,"played":[0.0,0.0,1.0],"evs":[0.0,3.94443,3.97062]},"72s":{"weight":1.0,"played":[0.0,0.0,1.0],"evs":[0.0,1.16132,1.16884]},"73s":{"weight":1.0,"played":[0.0,1.0E-4,0.9999],"evs":[0.0,1.39865,1.40857]},"74s":{"weight":1.0,"played":[0.0,1.0E-4,0.9999],"evs":[0.0,1.66684,1.67469]},"75s":{"weight":1.0,"played":[0.0,0.0,1.0],"evs":[0.0,1.91362,1.92114]},"76s":{"weight":1.0,"played":[0.0,0.0,1.0],"evs":[0.0,2.15216,2.15864]},"77":{"weight":1.0,"played":[0.0,0.0012,0.9988],"evs":[0.0,4.96021,4.9699]},"87o":{"weight":1.0,"played":[0.0,0.0,1.0],"evs":[0.0,2.15016,2.16065]},"97o":{"weight":1.0,"played":[0.0,0.0,1.0],"evs":[0.0,2.30284,2.31488]},"T7o":{"weight":1.0,"played":[0.0,0.0,1.0],"evs":[0.0,2.51725,2.53405]},"J7o":{"weight":1.0,"played":[0.0,0.0,1.0],"evs":[0.0,2.73105,2.75296]},"Q7o":{"weight":1.0,"played":[0.0,0.0,1.0],"evs":[0.0,3.06941,3.09414]},"K7o":{"weight":1.0,"played":[0.0,0.0,1.0],"evs":[0.0,3.6077,3.63331]},"A7o":{"weight":1.0,"played":[0.0,0.0,1.0],"evs":[0.0,4.1387,4.16915]},"82s":{"weight":1.0,"played":[0.0,2.0E-4,0.9998],"evs":[0.0,1.47798,1.48759]},"83s":{"weight":1.0,"played":[0.0,0.0,1.0],"evs":[0.0,1.54055,1.55217]},"84s":{"weight":1.0,"played":[0.0,1.0E-4,0.9999],"evs":[0.0,1.80069,1.8114]},"85s":{"weight":1.0,"played":[0.0,0.0,1.0],"evs":[0.0,2.06604,2.07877]},"86s":{"weight":1.0,"played":[0.0,0.0,1.0],"evs":[0.0,2.31695,2.32532]},"87s":{"weight":1.0,"played":[0.0,0.0,1.0],"evs":[0.0,2.55876,2.57549]},"88":{"weight":1.0,"played":[0.0,2.0E-4,0.9998],"evs":[0.0,5.43354,5.44265]},"98o":{"weight":1.0,"played":[0.0,0.0,1.0],"evs":[0.0,2.59858,2.6096]},"T8o":{"weight":1.0,"played":[0.0,0.0,1.0],"evs":[0.0,2.81796,2.83575]},"J8o":{"weight":1.0,"played":[0.0,0.0,1.0],"evs":[0.0,3.04703,3.07081]},"Q8o":{"weight":1.0,"played":[0.0,0.0,1.0],"evs":[0.0,3.38791,3.41484]},"K8o":{"weight":1.0,"played":[0.0,0.0,1.0],"evs":[0.0,3.77759,3.80555]},"A8o":{"weight":1.0,"played":[0.0,0.0,1.0],"evs":[0.0,4.32909,4.36121]},"92s":{"weight":1.0,"played":[0.0,0.0,1.0],"evs":[0.0,1.77156,1.78011]},"93s":{"weight":1.0,"played":[0.0,0.0,1.0],"evs":[0.0,1.83847,1.84861]},"94s":{"weight":1.0,"played":[0.0,2.0E-4,0.9998],"evs":[0.0,1.93996,1.94787]},"95s":{"weight":1.0,"played":[0.0,0.0,1.0],"evs":[0.0,2.20627,2.22076]},"96s":{"weight":1.0,"played":[0.0,0.0,1.0],"evs":[0.0,2.4607,2.47232]},"97s":{"weight":1.0,"played":[0.0,2.0E-4,0.9998],"evs":[0.0,2.72485,2.73891]},"98s":{"weight":1.0,"played":[0.0,0.0,1.0],"evs":[0.0,3.01381,3.02599]},"99":{"weight":1.0,"played":[0.0,0.0033,0.9967],"evs":[0.0,5.88894,5.90119]},"T9o":{"weight":1.0,"played":[0.0,0.0,1.0],"evs":[0.0,3.11755,3.13697]},"J9o":{"weight":1.0,"played":[0.0,0.0,1.0],"evs":[0.0,3.35875,3.3832]},"Q9o":{"weight":1.0,"played":[0.0,0.0,1.0],"evs":[0.0,3.66174,3.68987]},"K9o":{"weight":1.0,"played":[0.0,0.0,1.0],"evs":[0.0,4.06088,4.08941]},"A9o":{"weight":1.0,"played":[0.0,0.0,1.0],"evs":[0.0,4.49088,4.52149]},"T2s":{"weight":1.0,"played":[0.0,0.0,1.0],"evs":[0.0,2.07119,2.08019]},"T3s":{"weight":1.0,"played":[0.0,0.0,1.0],"evs":[0.0,2.17364,2.18509]},"T4s":{"weight":1.0,"played":[0.0,0.0,1.0],"evs":[0.0,2.29989,2.30934]},"T5s":{"weight":1.0,"played":[0.0,0.0,1.0],"evs":[0.0,2.39618,2.41367]},"T6s":{"weight":1.0,"played":[0.0,0.0,1.0],"evs":[0.0,2.64311,2.65723]},"T7s":{"weight":1.0,"played":[0.0,0.0,1.0],"evs":[0.0,2.92825,2.94458]},"T8s":{"weight":1.0,"played":[0.0,0.0,1.0],"evs":[0.0,3.19431,3.20964]},"T9s":{"weight":1.0,"played":[0.0,0.0,1.0],"evs":[0.0,3.51084,3.53078]},"TT":{"weight":1.0,"played":[0.0,0.0,1.0],"evs":[0.0,6.37189,6.38449]},"JTo":{"weight":1.0,"played":[0.0,0.0,1.0],"evs":[0.0,3.69772,3.72129]},"QTo":{"weight":1.0,"played":[0.0,0.0,1.0],"evs":[0.0,4.02822,4.05492]},"KTo":{"weight":1.0,"played":[0.0,0.0,1.0],"evs":[0.0,4.42048,4.44597]},"ATo":{"weight":1.0,"played":[0.0,0.0,1.0],"evs":[0.0,4.84444,4.87436]},"J2s":{"weight":1.0,"played":[0.0,0.0,1.0],"evs":[0.0,2.44294,2.45526]},"J3s":{"weight":1.0,"played":[0.0,0.0,1.0],"evs":[0.0,2.54263,2.56073]},"J4s":{"weight":1.0,"played":[0.0,0.0,1.0],"evs":[0.0,2.64621,2.66017]},"J5s":{"weight":1.0,"played":[0.0,0.0,1.0],"evs":[0.0,2.78539,2.80499]},"J6s":{"weight":1.0,"played":[0.0,1.0E-4,0.9999],"evs":[0.0,2.84618,2.86514]},"J7s":{"weight":1.0,"played":[0.0,0.0,1.0],"evs":[0.0,3.17022,3.19703]},"J8s":{"weight":1.0,"played":[0.0,0.0,1.0],"evs":[0.0,3.44772,3.46848]},"J9s":{"weight":1.0,"played":[0.0,0.0,1.0],"evs":[0.0,3.71795,3.74206]},"JTs":{"weight":1.0,"played":[0.0,0.0,1.0],"evs":[0.0,4.05946,4.08757]},"JJ":{"weight":1.0,"played":[0.0,0.0,1.0],"evs":[0.0,6.78406,6.80134]},"QJo":{"weight":1.0,"played":[0.0,0.0,1.0],"evs":[0.0,4.16948,4.19485]},"KJo":{"weight":1.0,"played":[0.0,0.0,1.0],"evs":[0.0,4.55537,4.58123]},"AJo":{"weight":1.0,"played":[0.0,0.0,1.0],"evs":[0.0,4.9842,5.0155]},"Q2s":{"weight":1.0,"played":[0.0,0.0,1.0],"evs":[0.0,2.87007,2.88357]},"Q3s":{"weight":1.0,"played":[0.0,0.0,1.0],"evs":[0.0,2.97911,2.9975]},"Q4s":{"weight":1.0,"played":[0.0,0.0,1.0],"evs":[0.0,3.06321,3.0844]},"Q5s":{"weight":1.0,"played":[0.0,0.0,1.0],"evs":[0.0,3.22117,3.24808]},"Q6s":{"weight":1.0,"played":[0.0,0.0,1.0],"evs":[0.0,3.3225,3.34552]},"Q7s":{"weight":1.0,"played":[0.0,0.0,1.0],"evs":[0.0,3.45727,3.4827]},"Q8s":{"weight":1.0,"played":[0.0,0.0,1.0],"evs":[0.0,3.75316,3.7807]},"Q9s":{"weight":1.0,"played":[0.0,0.0,1.0],"evs":[0.0,4.03168,4.05407]},"QTs":{"weight":1.0,"played":[0.0,0.0,1.0],"evs":[0.0,4.34183,4.36801]},"QJs":{"weight":1.0,"played":[0.0,0.0,1.0],"evs":[0.0,4.46715,4.4909]},"QQ":{"weight":1.0,"played":[0.0,0.0,1.0],"evs":[0.0,7.23962,7.26055]},"KQo":{"weight":1.0,"played":[0.0,0.0,1.0],"evs":[0.0,4.76545,4.79361]},"AQo":{"weight":1.0,"played":[0.0,0.0,1.0],"evs":[0.0,5.20821,5.24163]},"K2s":{"weight":1.0,"played":[0.0,0.0,1.0],"evs":[0.0,3.3672,3.3815]},"K3s":{"weight":1.0,"played":[0.0,0.0,1.0],"evs":[0.0,3.47084,3.49521]},"K4s":{"weight":1.0,"played":[0.0,0.0,1.0],"evs":[0.0,3.56943,3.58875]},"K5s":{"weight":1.0,"played":[0.0,0.0,1.0],"evs":[0.0,3.68072,3.70855]},"K6s":{"weight":1.0,"played":[0.0,0.0,1.0],"evs":[0.0,3.82939,3.85506]},"K7s":{"weight":1.0,"played":[0.0,0.0,1.0],"evs":[0.0,4.00622,4.03014]},"K8s":{"weight":1.0,"played":[0.0,0.0,1.0],"evs":[0.0,4.14322,4.17064]},"K9s":{"weight":1.0,"played":[0.0,0.0,1.0],"evs":[0.0,4.38764,4.41613]},"KTs":{"weight":1.0,"played":[0.0,0.0,1.0],"evs":[0.0,4.70751,4.73786]},"KJs":{"weight":1.0,"played":[0.0,0.0,1.0],"evs":[0.0,4.84339,4.87113]},"KQs":{"weight":1.0,"played":[0.0,0.0,1.0],"evs":[0.0,5.04664,5.07725]},"KK":{"weight":1.0,"played":[0.0,0.0,1.0],"evs":[0.0,7.67182,7.69667]},"AKo":{"weight":1.0,"played":[0.0,0.0,1.0],"evs":[0.0,5.40363,5.4336]},"A2s":{"weight":1.0,"played":[0.0,8.0E-4,0.9992],"evs":[0.0,3.91255,3.92671]},"A3s":{"weight":1.0,"played":[0.0,0.0,1.0],"evs":[0.0,4.03598,4.05832]},"A4s":{"weight":1.0,"played":[0.0,0.0,1.0],"evs":[0.0,4.16683,4.18465]},"A5s":{"weight":1.0,"played":[0.0,0.0,1.0],"evs":[0.0,4.28697,4.31192]},"A6s":{"weight":1.0,"played":[0.0,0.0,1.0],"evs":[0.0,4.29715,4.32744]},"A7s":{"weight":1.0,"played":[0.0,0.0,1.0],"evs":[0.0,4.46673,4.49426]},"A8s":{"weight":1.0,"played":[0.0,0.0,1.0],"evs":[0.0,4.65547,4.68567]},"A9s":{"weight":1.0,"played":[0.0,0.0,1.0],"evs":[0.0,4.80677,4.83857]},"ATs":{"weight":1.0,"played":[0.0,0.0,1.0],"evs":[0.0,5.12189,5.15344]},"AJs":{"weight":1.0,"played":[0.0,0.0,1.0],"evs":[0.0,5.26641,5.29638]},"AQs":{"weight":1.0,"played":[0.0,0.0,1.0],"evs":[0.0,5.47399,5.50235]},"AKs":{"weight":1.0,"played":[0.0,0.0,1.0],"evs":[0.0,5.63307,5.66578]},"AA":{"weight":1.0,"played":[0.0,0.0,1.0],"evs":[0.0,8.1961,8.21871]}}}