{"player":4,"street":0,"children":2,"sequence":[{"player":0,"type":"F","amount":0,"street":0},{"player":1,"type":"C","amount":0,"street":0},{"player":2,"type":"F","amount":0,"street":0},{"player":3,"type":"R","amount":9440000,"street":0}],"actions":[{"type":"F","amount":0},{"type":"C","amount":6240000}],"hands":{"22":{"weight":1.0,"played":[0.0,1.0],"evs":[0.0,2.50109]},"32o":{"weight":1.0,"played":[1.0,0.0],"evs":[0.0,-0.2307]},"42o":{"weight":1.0,"played":[1.0,0.0],"evs":[0.0,-0.10529]},"52o":{"weight":1.0,"played":[0.0012,0.9988],"evs":[0.0,0.06174]},"62o":{"weight":1.0,"played":[0.0315,0.9685],"evs":[0.0,0.01911]},"72o":{"weight":1.0,"played":[2.0E-4,0.9998],"evs":[0.0,0.13816]},"82o":{"weight":1.0,"played":[0.0,1.0],"evs":[0.0,0.49087]},"92o":{"weight":1.0,"played":[0.0,1.0],"evs":[0.0,0.82896]},"T2o":{"weight":1.0,"played":[0.0,1.0],"evs":[0.0,1.23713]},"J2o":{"weight":1.0,"played":[0.0,1.0],"evs":[0.0,1.64285]},"Q2o":{"weight":1.0,"played":[0.0,1.0],"evs":[0.0,2.15944]},"K2o":{"weight":1.0,"played":[0.0,1.0],"evs":[0.0,2.73732]},"A2o":{"weight":1.0,"played":[0.0,1.0],"evs":[0.0,3.42433]},"32s":{"weight":1.0,"played":[0.0,1.0],"evs":[0.0,0.37253]},"33":{"weight":1.0,"played":[0.0,1.0],"evs":[0.0,2.96739]},"43o":{"weight":1.0,"played":[1.0E-4,0.9999],"evs":[0.0,0.17144]},"53o":{"weight":1.0,"played":[0.0,1.0],"evs":[0.0,0.34552]},"63o":{"weight":1.0,"played":[0.0,1.0],"evs":[0.0,0.30019]},"73o":{"weight":1.0,"played":[0.0,1.0],"evs":[0.0,0.43591]},"83o":{"weight":1.0,"played":[0.0,1.0],"evs":[0.0,0.59466]},"93o":{"weight":1.0,"played":[0.0,1.0],"evs":[0.0,0.97215]},"T3o":{"weight":1.0,"played":[0.0,1.0],"evs":[0.0,1.35594]},"J3o":{"weight":1.0,"played":[0.0,1.0],"evs":[0.0,1.77782]},"Q3o":{"weight":1.0,"played":[0.0,1.0],"evs":[0.0,2.30392]},"K3o":{"weight":1.0,"played":[0.0,1.0],"evs":[0.0,2.85124]},"A3o":{"weight":1.0,"played":[0.0,1.0],"evs":[0.0,3.52936]},"42s":{"weight":1.0,"played":[0.0,1.0],"evs":[0.0,0.49641]},"43s":{"weight":1.0,"played":[0.0,1.0],"evs":[0.0,0.76185]},"44":{"weight":1.0,"played":[0.0,1.0],"evs":[0.0,3.48445]},"54o":{"weight":1.0,"played":[0.0,1.0],"evs":[0.0,0.63666]},"64o":{"weight":1.0,"played":[0.0,1.0],"evs":[0.0,0.6142]},"74o":{"weight":1.0,"played":[0.0,1.0],"evs":[0.0,0.74202]},"84o":{"weight":1.0,"played":[0.0,1.0],"evs":[0.0,0.88646]},"94o":{"weight":1.0,"played":[0.0,1.0],"evs":[0.0,1.06341]},"T4o":{"weight":1.0,"played":[0.0,1.0],"evs":[0.0,1.48883]},"J4o":{"weight":1.0,"played":[0.0,1.0],"evs":[0.0,1.8929]},"Q4o":{"weight":1.0,"played":[0.0,1.0],"evs":[0.0,2.42811]},"K4o":{"weight":1.0,"played":[0.0,1.0],"evs":[0.0,2.96866]},"A4o":{"weight":1.0,"played":[0.0,1.0],"evs":[0.0,3.6516]},"52s":{"weight":1.0,"played":[0.0,1.0],"evs":[0.0,0.63797]},"53s":{"weight":1.0,"played":[0.0,1.0],"evs":[0.0,0.91212]},"54s":{"weight":1.0,"played":[0.0,1.0],"evs":[0.0,1.17788]},"55":{"weight":1.0,"played":[0.0,1.0],"evs":[0.0,3.96891]},"65o":{"weight":1.0,"played":[0.0,1.0],"evs":[0.0,0.89609]},"75o":{"weight":1.0,"played":[0.0,1.0],"evs":[0.0,1.03802]},"85o":{"weight":1.0,"played":[0.0,1.0],"evs":[0.0,1.21514]},"95o":{"weight":1.0,"played":[0.0,1.0],"evs":[0.0,1.3806]},"T5o":{"weight":1.0,"played":[0.0,1.0],"evs":[0.0,1.61968]},"J5o":{"weight":1.0,"played":[0.0,1.0],"evs":[0.0,2.06765]},"Q5o":{"weight":1.0,"played":[0.0,1.0],"evs":[0.0,2.56768]},"K5o":{"weight":1.0,"played":[0.0,1.0],"evs":[0.0,3.13748]},"A5o":{"weight":1.0,"played":[0.0,1.0],"evs":[0.0,3.81724]},"62s":{"weight":1.0,"played":[0.0,1.0],"evs":[0.0,0.58678]},"63s":{"weight":1.0,"played":[0.0,1.0],"evs":[0.0,0.88502]},"64s":{"weight":1.0,"played":[0.0,1.0],"evs":[0.0,1.19878]},"65s":{"weight":1.0,"played":[0.0,1.0],"evs":[0.0,1.43364]},"66":{"weight":1.0,"played":[0.0,1.0],"evs":[0.0,4.42744]},"76o":{"weight":1.0,"played":[0.0,1.0],"evs":[0.0,1.31961]},"86o":{"weight":1.0,"played":[0.0,1.0],"evs":[0.0,1.4979]},"96o":{"weight":1.0,"played":[0.0,1.0],"evs":[0.0,1.66936]},"T6o":{"weight":1.0,"played":[0.0,1.0],"evs":[0.0,1.91084]},"J6o":{"weight":1.0,"played":[0.0,1.0],"evs":[0.0,2.15844]},"Q6o":{"weight":1.0,"played":[0.0,1.0],"evs":[0.0,2.71688]},"K6o":{"weight":1.0,"played":[0.0,1.0],"evs":[0.0,3.27659]},"A6o":{"weight":1.0,"played":[0.0,1.0],"evs":[0.0,3.84619]},"72s":{"weight":1.0,"played":[0.0,1.0],"evs":[0.0,0.73712]},"73s":{"weight":1.0,"played":[0.0,1.0],"evs":[0.0,0.9994]},"74s":{"weight":1.0,"played":[0.0,1.0],"evs":[0.0,1.26822]},"75s":{"weight":1.0,"played":[0.0,1.0],"evs":[0.0,1.56075]},"76s":{"weight":1.0,"played":[0.0,1.0],"evs":[0.0,1.85595]},"77":{"weight":1.0,"played":[0.0,1.0],"evs":[0.0,4.94956]},"87o":{"weight":1.0,"played":[0.0,1.0],"evs":[0.0,1.82366]},"97o":{"weight":1.0,"played":[0.0,1.0],"evs":[0.0,1.99052]},"T7o":{"weight":1.0,"played":[0.0,1.0],"evs":[0.0,2.24451]},"J7o":{"weight":1.0,"played":[0.0,1.0],"evs":[0.0,2.5096]},"Q7o":{"weight":1.0,"played":[0.0,1.0],"evs":[0.0,2.86707]},"K7o":{"weight":1.0,"played":[0.0,1.0],"evs":[0.0,3.49483]},"A7o":{"weight":1.0,"played":[0.0,1.0],"evs":[0.0,4.05706]},"82s":{"weight":1.0,"played":[0.0,1.0],"evs":[0.0,1.0826]},"83s":{"weight":1.0,"played":[0.0,1.0],"evs":[0.0,1.15134]},"84s":{"weight":1.0,"played":[0.0,1.0],"evs":[0.0,1.45641]},"85s":{"weight":1.0,"played":[0.0,1.0],"evs":[0.0,1.7105]},"86s":{"weight":1.0,"played":[0.0,1.0],"evs":[0.0,1.95001]},"87s":{"weight":1.0,"played":[0.0,1.0],"evs":[0.0,2.27534]},"88":{"weight":1.0,"played":[0.0,1.0],"evs":[0.0,5.43562]},"98o":{"weight":1.0,"played":[0.0,1.0],"evs":[0.0,2.32543]},"T8o":{"weight":1.0,"played":[0.0,1.0],"evs":[0.0,2.56991]},"J8o":{"weight":1.0,"played":[0.0,1.0],"evs":[0.0,2.83518]},"Q8o":{"weight":1.0,"played":[0.0,1.0],"evs":[0.0,3.21992]},"K8o":{"weight":1.0,"played":[0.0,1.0],"evs":[0.0,3.64117]},"A8o":{"weight":1.0,"played":[0.0,1.0],"evs":[0.0,4.25346]},"92s":{"weight":1.0,"played":[0.0,1.0],"evs":[0.0,1.39383]},"93s":{"weight":1.0,"played":[0.0,1.0],"evs":[0.0,1.487]},"94s":{"weight":1.0,"played":[0.0,1.0],"evs":[0.0,1.59339]},"95s":{"weight":1.0,"played":[0.0,1.0],"evs":[0.0,1.88263]},"96s":{"weight":1.0,"played":[0.0,1.0],"evs":[0.0,2.16599]},"97s":{"weight":1.0,"played":[0.0,1.0],"evs":[0.0,2.49801]},"98s":{"weight":1.0,"played":[0.0,1.0],"evs":[0.0,2.73654]},"99":{"weight":1.0,"played":[0.0,1.0],"evs":[0.0,5.92955]},"T9o":{"weight":1.0,"played":[0.0,1.0],"evs":[0.0,2.88315]},"J9o":{"weight":1.0,"played":[0.0,1.0],"evs":[0.0,3.13664]},"Q9o":{"weight":1.0,"played":[0.0,1.0],"evs":[0.0,3.51875]},"K9o":{"weight":1.0,"played":[0.0,1.0],"evs":[0.0,3.9269]},"A9o":{"weight":1.0,"played":[0.0,1.0],"evs":[0.0,4.40948]},"T2s":{"weight":1.0,"played":[0.0,1.0],"evs":[0.0,1.75207]},"T3s":{"weight":1.0,"played":[0.0,1.0],"evs":[0.0,1.8935]},"T4s":{"weight":1.0,"played":[0.0,1.0],"evs":[0.0,2.01131]},"T5s":{"weight":1.0,"played":[0.0,1.0],"evs":[0.0,2.11485]},"T6s":{"weight":1.0,"played":[0.0,1.0],"evs":[0.0,2.40752]},"T7s":{"weight":1.0,"played":[0.0,1.0],"evs":[0.0,2.69651]},"T8s":{"weight":1.0,"played":[0.0,1.0],"evs":[0.0,2.99527]},"T9s":{"weight":1.0,"played":[0.0,1.0],"evs":[0.0,3.31839]},"TT":{"weight":1.0,"played":[0.0,1.0],"evs":[0.0,6.44467]},"JTo":{"weight":1.0,"played":[0.0,1.0],"evs":[0.0,3.53041]},"QTo":{"weight":1.0,"played":[0.0,1.0],"evs":[0.0,3.88449]},"KTo":{"weight":1.0,"played":[0.0,1.0],"evs":[0.0,4.31714]},"ATo":{"weight":1.0,"played":[0.0,1.0],"evs":[0.0,4.77212]},"J2s":{"weight":1.0,"played":[0.0,1.0],"evs":[0.0,2.17206]},"J3s":{"weight":1.0,"played":[0.0,1.0],"evs":[0.0,2.26523]},"J4s":{"weight":1.0,"played":[0.0,1.0],"evs":[0.0,2.39355]},"J5s":{"weight":1.0,"played":[0.0,1.0],"evs":[0.0,2.55731]},"J6s":{"weight":1.0,"played":[0.0,1.0],"evs":[0.0,2.64042]},"J7s":{"weight":1.0,"played":[0.0,1.0],"evs":[0.0,2.94843]},"J8s":{"weight":1.0,"played":[0.0,1.0],"evs":[0.0,3.22199]},"J9s":{"weight":1.0,"played":[0.0,1.0],"evs":[0.0,3.54667]},"JTs":{"weight":1.0,"played":[0.0,1.0],"evs":[0.0,3.86822]},"JJ":{"weight":1.0,"played":[0.0,1.0],"evs":[0.0,6.88558]},"QJo":{"weight":1.0,"played":[0.0,1.0],"evs":[0.0,4.02845]},"KJo":{"weight":1.0,"played":[0.0,1.0],"evs":[0.0,4.46758]},"AJo":{"weight":1.0,"played":[0.0,1.0],"evs":[0.0,4.93717]},"Q2s":{"weight":1.0,"played":[0.0,1.0],"evs":[0.0,2.66709]},"Q3s":{"weight":1.0,"played":[0.0,1.0],"evs":[0.0,2.7641]},"Q4s":{"weight":1.0,"played":[0.0,1.0],"evs":[0.0,2.87873]},"Q5s":{"weight":1.0,"played":[0.0,1.0],"evs":[0.0,3.02517]},"Q6s":{"weight":1.0,"played":[0.0,1.0],"evs":[0.0,3.17068]},"Q7s":{"weight":1.0,"played":[0.0,1.0],"evs":[0.0,3.25145]},"Q8s":{"weight":1.0,"played":[0.0,1.0],"evs":[0.0,3.61624]},"Q9s":{"weight":1.0,"played":[0.0,1.0],"evs":[0.0,3.88607]},"QTs":{"weight":1.0,"played":[0.0,1.0],"evs":[0.0,4.22175]},"QJs":{"weight":1.0,"played":[0.0,1.0],"evs":[0.0,4.40683]},"QQ":{"weight":1.0,"played":[0.0,1.0],"evs":[0.0,7.36267]},"KQo":{"weight":1.0,"played":[0.0,1.0],"evs":[0.0,4.69485]},"AQo":{"weight":1.0,"played":[0.0,1.0],"evs":[0.0,5.14829]},"K2s":{"weight":1.0,"played":[0.0,1.0],"evs":[0.0,3.17255]},"K3s":{"weight":1.0,"played":[0.0,1.0],"evs":[0.0,3.31314]},"K4s":{"weight":1.0,"played":[0.0,1.0],"evs":[0.0,3.40269]},"K5s":{"weight":1.0,"played":[0.0,1.0],"evs":[0.0,3.54871]},"K6s":{"weight":1.0,"played":[0.0,1.0],"evs":[0.0,3.64823]},"K7s":{"weight":1.0,"played":[0.0,1.0],"evs":[0.0,3.84766]},"K8s":{"weight":1.0,"played":[0.0,1.0],"evs":[0.0,4.01405]},"K9s":{"weight":1.0,"played":[0.0,1.0],"evs":[0.0,4.3043]},"KTs":{"weight":1.0,"played":[0.0,1.0],"evs":[0.0,4.62068]},"KJs":{"weight":1.0,"played":[0.0,1.0],"evs":[0.0,4.79622]},"KQs":{"weight":1.0,"played":[0.0,1.0],"evs":[0.0,4.98823]},"KK":{"weight":1.0,"played":[0.0,1.0],"evs":[0.0,7.86508]},"AKo":{"weight":1.0,"played":[0.0,1.0],"evs":[0.0,5.37298]},"A2s":{"weight":1.0,"played":[0.0,1.0],"evs":[0.0,3.81163]},"A3s":{"weight":1.0,"played":[0.0,1.0],"evs":[0.0,3.93087]},"A4s":{"weight":1.0,"played":[0.0,1.0],"evs":[0.0,4.06783]},"A5s":{"weight":1.0,"played":[0.0,1.0],"evs":[0.0,4.17446]},"A6s":{"weight":1.0,"played":[0.0,1.0],"evs":[0.0,4.20573]},"A7s":{"weight":1.0,"played":[0.0,1.0],"evs":[0.0,4.41571]},"A8s":{"weight":1.0,"played":[0.0,1.0],"evs":[0.0,4.58947]},"A9s":{"weight":1.0,"played":[0.0,1.0],"evs":[0.0,4.74759]},"ATs":{"weight":1.0,"played":[0.0,1.0],"evs":[0.0,5.07164]},"AJs":{"weight":1.0,"played":[0.0,1.0],"evs":[0.0,5.2346]},"AQs":{"weight":1.0,"played":[0.0,1.0],"evs":[0.0,5.44182]},"AKs":{"weight":1.0,"played":[0.0,1.0],"evs":[0.0,5.64565]},"AA":{"weight":1.0,"played":[0.0,1.0],"evs":[0.0,8.43138]}}}