{"player":4,"street":0,"children":2,"sequence":[{"player":0,"type":"F","amount":0,"street":0},{"player":1,"type":"C","amount":0,"street":0},{"player":2,"type":"R","amount":22560000,"street":0},{"player":3,"type":"F","amount":0,"street":0}],"actions":[{"type":"F","amount":0},{"type":"C","amount":6240000}],"hands":{"22":{"weight":1.0,"played":[0.0,1.0],"evs":[0.0,2.52602]},"32o":{"weight":1.0,"played":[1.0,0.0],"evs":[0.0,-0.13218]},"42o":{"weight":1.0,"played":[0.9072,0.0928],"evs":[0.0,-0.00939]},"52o":{"weight":1.0,"played":[0.0,1.0],"evs":[0.0,0.05671]},"62o":{"weight":1.0,"played":[1.0,0.0],"evs":[0.0,-0.11635]},"72o":{"weight":1.0,"played":[1.0,0.0],"evs":[0.0,-0.14221]},"82o":{"weight":1.0,"played":[0.9982,0.0018],"evs":[0.0,-0.04873]},"92o":{"weight":1.0,"played":[3.0E-4,0.9997],"evs":[0.0,0.12235]},"T2o":{"weight":1.0,"played":[0.0,1.0],"evs":[0.0,0.32851]},"J2o":{"weight":1.0,"played":[0.0,1.0],"evs":[0.0,0.60539]},"Q2o":{"weight":1.0,"played":[0.0,1.0],"evs":[0.0,1.06237]},"K2o":{"weight":1.0,"played":[0.0,1.0],"evs":[0.0,1.89152]},"A2o":{"weight":1.0,"played":[0.0,1.0],"evs":[0.0,3.09072]},"32s":{"weight":1.0,"played":[0.0,1.0],"evs":[0.0,0.50021]},"33":{"weight":1.0,"played":[0.0,1.0],"evs":[0.0,2.88904]},"43o":{"weight":1.0,"played":[0.0,1.0],"evs":[0.0,0.24629]},"53o":{"weight":1.0,"played":[0.0,1.0],"evs":[0.0,0.34234]},"63o":{"weight":1.0,"played":[0.0,1.0],"evs":[0.0,0.15934]},"73o":{"weight":1.0,"played":[0.0,1.0],"evs":[0.0,0.12599]},"83o":{"weight":1.0,"played":[0.0104,0.9896],"evs":[0.0,0.02653]},"93o":{"weight":1.0,"played":[0.0,1.0],"evs":[0.0,0.21443]},"T3o":{"weight":1.0,"played":[0.0,1.0],"evs":[0.0,0.43927]},"J3o":{"weight":1.0,"played":[0.0,1.0],"evs":[0.0,0.69895]},"Q3o":{"weight":1.0,"played":[0.0,1.0],"evs":[0.0,1.14213]},"K3o":{"weight":1.0,"played":[0.0,1.0],"evs":[0.0,2.0127]},"A3o":{"weight":1.0,"played":[0.0,1.0],"evs":[0.0,3.17122]},"42s":{"weight":1.0,"played":[0.0,1.0],"evs":[0.0,0.61727]},"43s":{"weight":1.0,"played":[0.0,1.0],"evs":[0.0,0.86014]},"44":{"weight":1.0,"played":[0.0,1.0],"evs":[0.0,3.21212]},"54o":{"weight":1.0,"played":[0.0,1.0],"evs":[0.0,0.60808]},"64o":{"weight":1.0,"played":[0.0,1.0],"evs":[0.0,0.43836]},"74o":{"weight":1.0,"played":[0.0,1.0],"evs":[0.0,0.41119]},"84o":{"weight":1.0,"played":[0.0,1.0],"evs":[0.0,0.29587]},"94o":{"weight":1.0,"played":[0.0,1.0],"evs":[0.0,0.29762]},"T4o":{"weight":1.0,"played":[0.0,1.0],"evs":[0.0,0.54831]},"J4o":{"weight":1.0,"played":[0.0,1.0],"evs":[0.0,0.80524]},"Q4o":{"weight":1.0,"played":[0.0,1.0],"evs":[0.0,1.29076]},"K4o":{"weight":1.0,"played":[0.0,1.0],"evs":[0.0,2.14523]},"A4o":{"weight":1.0,"played":[0.0,1.0],"evs":[0.0,3.2775]},"52s":{"weight":1.0,"played":[0.0,1.0],"evs":[0.0,0.67267]},"53s":{"weight":1.0,"played":[0.0,1.0],"evs":[0.0,0.98228]},"54s":{"weight":1.0,"played":[0.0,1.0],"evs":[0.0,1.18757]},"55":{"weight":1.0,"played":[0.0,1.0],"evs":[0.0,3.5428]},"65o":{"weight":1.0,"played":[0.0,1.0],"evs":[0.0,0.69402]},"75o":{"weight":1.0,"played":[0.0,1.0],"evs":[0.0,0.66902]},"85o":{"weight":1.0,"played":[0.0,1.0],"evs":[0.0,0.60343]},"95o":{"weight":1.0,"played":[0.0,1.0],"evs":[0.0,0.55551]},"T5o":{"weight":1.0,"played":[0.0,1.0],"evs":[0.0,0.60147]},"J5o":{"weight":1.0,"played":[0.0,1.0],"evs":[0.0,0.90715]},"Q5o":{"weight":1.0,"played":[0.0,1.0],"evs":[0.0,1.39188]},"K5o":{"weight":1.0,"played":[0.0,1.0],"evs":[0.0,2.27636]},"A5o":{"weight":1.0,"played":[0.0,1.0],"evs":[0.0,3.42951]},"62s":{"weight":1.0,"played":[0.0,1.0],"evs":[0.0,0.5246]},"63s":{"weight":1.0,"played":[0.0,1.0],"evs":[0.0,0.79017]},"64s":{"weight":1.0,"played":[0.0,1.0],"evs":[0.0,1.06968]},"65s":{"weight":1.0,"played":[0.0,1.0],"evs":[0.0,1.31436]},"66":{"weight":1.0,"played":[0.0,1.0],"evs":[0.0,3.91807]},"76o":{"weight":1.0,"played":[0.0,1.0],"evs":[0.0,0.91213]},"86o":{"weight":1.0,"played":[0.0,1.0],"evs":[0.0,0.83257]},"96o":{"weight":1.0,"played":[0.0,1.0],"evs":[0.0,0.81988]},"T6o":{"weight":1.0,"played":[0.0,1.0],"evs":[0.0,0.87809]},"J6o":{"weight":1.0,"played":[0.0,1.0],"evs":[0.0,0.96114]},"Q6o":{"weight":1.0,"played":[0.0,1.0],"evs":[0.0,1.55496]},"K6o":{"weight":1.0,"played":[0.0,1.0],"evs":[0.0,2.46443]},"A6o":{"weight":1.0,"played":[0.0,1.0],"evs":[0.0,3.463]},"72s":{"weight":1.0,"played":[0.0,1.0],"evs":[0.0,0.45691]},"73s":{"weight":1.0,"played":[0.0,1.0],"evs":[0.0,0.76512]},"74s":{"weight":1.0,"played":[0.0,1.0],"evs":[0.0,1.01528]},"75s":{"weight":1.0,"played":[0.0,1.0],"evs":[0.0,1.26103]},"76s":{"weight":1.0,"played":[0.0,1.0],"evs":[0.0,1.47353]},"77":{"weight":1.0,"played":[0.0,1.0],"evs":[0.0,4.34644]},"87o":{"weight":1.0,"played":[0.0,1.0],"evs":[0.0,1.09576]},"97o":{"weight":1.0,"played":[0.0,1.0],"evs":[0.0,1.11531]},"T7o":{"weight":1.0,"played":[0.0,1.0],"evs":[0.0,1.14847]},"J7o":{"weight":1.0,"played":[0.0,1.0],"evs":[0.0,1.28883]},"Q7o":{"weight":1.0,"played":[0.0,1.0],"evs":[0.0,1.71273]},"K7o":{"weight":1.0,"played":[0.0,1.0],"evs":[0.0,2.68665]},"A7o":{"weight":1.0,"played":[0.0,1.0],"evs":[0.0,3.72222]},"82s":{"weight":1.0,"played":[0.0,1.0],"evs":[0.0,0.60021]},"83s":{"weight":1.0,"played":[0.0,1.0],"evs":[0.0,0.6343]},"84s":{"weight":1.0,"played":[0.0,1.0],"evs":[0.0,0.91976]},"85s":{"weight":1.0,"played":[0.0,1.0],"evs":[0.0,1.13526]},"86s":{"weight":1.0,"played":[0.0,1.0],"evs":[0.0,1.38681]},"87s":{"weight":1.0,"played":[0.0,1.0],"evs":[0.0,1.66309]},"88":{"weight":1.0,"played":[0.0,1.0],"evs":[0.0,4.83427]},"98o":{"weight":1.0,"played":[0.0,1.0],"evs":[0.0,1.36164]},"T8o":{"weight":1.0,"played":[0.0,1.0],"evs":[0.0,1.45127]},"J8o":{"weight":1.0,"played":[0.0,1.0],"evs":[0.0,1.6418]},"Q8o":{"weight":1.0,"played":[0.0,1.0],"evs":[0.0,2.1]},"K8o":{"weight":1.0,"played":[0.0,1.0],"evs":[0.0,2.93754]},"A8o":{"weight":1.0,"played":[0.0,1.0],"evs":[0.0,4.01102]},"92s":{"weight":1.0,"played":[0.0,1.0],"evs":[0.0,0.74892]},"93s":{"weight":1.0,"played":[0.0,1.0],"evs":[0.0,0.8504]},"94s":{"weight":1.0,"played":[0.0,1.0],"evs":[0.0,0.8952]},"95s":{"weight":1.0,"played":[0.0,1.0],"evs":[0.0,1.12037]},"96s":{"weight":1.0,"played":[0.0,1.0],"evs":[0.0,1.39046]},"97s":{"weight":1.0,"played":[0.0,1.0],"evs":[0.0,1.6701]},"98s":{"weight":1.0,"played":[0.0,1.0],"evs":[0.0,1.90741]},"99":{"weight":1.0,"played":[0.0,1.0],"evs":[0.0,5.38196]},"T9o":{"weight":1.0,"played":[0.0,1.0],"evs":[0.0,1.85033]},"J9o":{"weight":1.0,"played":[0.0,1.0],"evs":[0.0,2.01434]},"Q9o":{"weight":1.0,"played":[0.0,1.0],"evs":[0.0,2.50559]},"K9o":{"weight":1.0,"played":[0.0,1.0],"evs":[0.0,3.3318]},"A9o":{"weight":1.0,"played":[0.0,1.0],"evs":[0.0,4.25534]},"T2s":{"weight":1.0,"played":[0.0,1.0],"evs":[0.0,0.93857]},"T3s":{"weight":1.0,"played":[0.0,1.0],"evs":[0.0,1.04926]},"T4s":{"weight":1.0,"played":[0.0,1.0],"evs":[0.0,1.11779]},"T5s":{"weight":1.0,"played":[0.0,1.0],"evs":[0.0,1.19007]},"T6s":{"weight":1.0,"played":[0.0,1.0],"evs":[0.0,1.40611]},"T7s":{"weight":1.0,"played":[0.0,1.0],"evs":[0.0,1.68969]},"T8s":{"weight":1.0,"played":[0.0,1.0],"evs":[0.0,2.02114]},"T9s":{"weight":1.0,"played":[0.0,1.0],"evs":[0.0,2.37743]},"TT":{"weight":1.0,"played":[0.0,1.0],"evs":[0.0,5.98233]},"JTo":{"weight":1.0,"played":[0.0,1.0],"evs":[0.0,2.5281]},"QTo":{"weight":1.0,"played":[0.0,1.0],"evs":[0.0,3.00335]},"KTo":{"weight":1.0,"played":[0.0,1.0],"evs":[0.0,3.82268]},"ATo":{"weight":1.0,"played":[0.0,1.0],"evs":[0.0,4.7342]},"J2s":{"weight":1.0,"played":[0.0,1.0],"evs":[0.0,1.17915]},"J3s":{"weight":1.0,"played":[0.0,1.0],"evs":[0.0,1.29187]},"J4s":{"weight":1.0,"played":[0.0,1.0],"evs":[0.0,1.39733]},"J5s":{"weight":1.0,"played":[0.0,1.0],"evs":[0.0,1.48274]},"J6s":{"weight":1.0,"played":[0.0,1.0],"evs":[0.0,1.5496]},"J7s":{"weight":1.0,"played":[0.0,1.0],"evs":[0.0,1.82298]},"J8s":{"weight":1.0,"played":[0.0,1.0],"evs":[0.0,2.16521]},"J9s":{"weight":1.0,"played":[0.0,1.0],"evs":[0.0,2.52137]},"JTs":{"weight":1.0,"played":[0.0,1.0],"evs":[0.0,2.96541]},"JJ":{"weight":1.0,"played":[0.0,1.0],"evs":[0.0,6.46006]},"QJo":{"weight":1.0,"played":[0.0,1.0],"evs":[0.0,3.1988]},"KJo":{"weight":1.0,"played":[0.0,1.0],"evs":[0.0,4.06839]},"AJo":{"weight":1.0,"played":[0.0,1.0],"evs":[0.0,4.96398]},"Q2s":{"weight":1.0,"played":[0.0,1.0],"evs":[0.0,1.63713]},"Q3s":{"weight":1.0,"played":[0.0,1.0],"evs":[0.0,1.70958]},"Q4s":{"weight":1.0,"played":[0.0,1.0],"evs":[0.0,1.82841]},"Q5s":{"weight":1.0,"played":[0.0,1.0],"evs":[0.0,1.93934]},"Q6s":{"weight":1.0,"played":[0.0,1.0],"evs":[0.0,2.07452]},"Q7s":{"weight":1.0,"played":[0.0,1.0],"evs":[0.0,2.21916]},"Q8s":{"weight":1.0,"played":[0.0,1.0],"evs":[0.0,2.58346]},"Q9s":{"weight":1.0,"played":[0.0,1.0],"evs":[0.0,2.98271]},"QTs":{"weight":1.0,"played":[0.0,1.0],"evs":[0.0,3.41806]},"QJs":{"weight":1.0,"played":[0.0,1.0],"evs":[0.0,3.60412]},"QQ":{"weight":1.0,"played":[0.0,1.0],"evs":[0.0,7.07691]},"KQo":{"weight":1.0,"played":[0.0,1.0],"evs":[0.0,4.3857]},"AQo":{"weight":1.0,"played":[0.0,1.0],"evs":[0.0,5.35366]},"K2s":{"weight":1.0,"played":[0.0,1.0],"evs":[0.0,2.46848]},"K3s":{"weight":1.0,"played":[0.0,1.0],"evs":[0.0,2.49046]},"K4s":{"weight":1.0,"played":[0.0,1.0],"evs":[0.0,2.6287]},"K5s":{"weight":1.0,"played":[0.0,1.0],"evs":[0.0,2.79985]},"K6s":{"weight":1.0,"played":[0.0,1.0],"evs":[0.0,2.93512]},"K7s":{"weight":1.0,"played":[0.0,1.0],"evs":[0.0,3.19383]},"K8s":{"weight":1.0,"played":[0.0,1.0],"evs":[0.0,3.35476]},"K9s":{"weight":1.0,"played":[0.0,1.0],"evs":[0.0,3.73529]},"KTs":{"weight":1.0,"played":[0.0,1.0],"evs":[0.0,4.24241]},"KJs":{"weight":1.0,"played":[0.0,1.0],"evs":[0.0,4.4192]},"KQs":{"weight":1.0,"played":[0.0,1.0],"evs":[0.0,4.74764]},"KK":{"weight":1.0,"played":[0.0,1.0],"evs":[0.0,7.98745]},"AKo":{"weight":1.0,"played":[0.0,1.0],"evs":[0.0,5.77292]},"A2s":{"weight":1.0,"played":[0.0,1.0],"evs":[0.0,3.57511]},"A3s":{"weight":1.0,"played":[0.0,1.0],"evs":[0.0,3.63256]},"A4s":{"weight":1.0,"played":[0.0,1.0],"evs":[0.0,3.78102]},"A5s":{"weight":1.0,"played":[0.0,1.0],"evs":[0.0,3.84798]},"A6s":{"weight":1.0,"played":[0.0,1.0],"evs":[0.0,3.90801]},"A7s":{"weight":1.0,"played":[0.0,1.0],"evs":[0.0,4.11387]},"A8s":{"weight":1.0,"played":[0.0,1.0],"evs":[0.0,4.43726]},"A9s":{"weight":1.0,"played":[0.0,1.0],"evs":[0.0,4.61127]},"ATs":{"weight":1.0,"played":[0.0,1.0],"evs":[0.0,5.08278]},"AJs":{"weight":1.0,"played":[0.0,1.0],"evs":[0.0,5.32374]},"AQs":{"weight":1.0,"played":[0.0,1.0],"evs":[0.0,5.67543]},"AKs":{"weight":1.0,"played":[0.0,1.0],"evs":[0.0,6.04991]},"AA":{"weight":1.0,"played":[0.0,1.0],"evs":[0.0,8.96836]}}}