{"player":4,"street":0,"children":2,"sequence":[{"player":0,"type":"F","amount":0,"street":0},{"player":1,"type":"R","amount":24800000,"street":0},{"player":2,"type":"F","amount":0,"street":0},{"player":3,"type":"C","amount":8160000,"street":0}],"actions":[{"type":"F","amount":0},{"type":"C","amount":23200000}],"hands":{"22":{"weight":1.0,"played":[0.0,1.0],"evs":[0.0,0.43302]},"32o":{"weight":1.0,"played":[1.0,0.0],"evs":[0.0,-2.3379]},"42o":{"weight":1.0,"played":[1.0,0.0],"evs":[0.0,-2.15187]},"52o":{"weight":1.0,"played":[1.0,0.0],"evs":[0.0,-2.00565]},"62o":{"weight":1.0,"played":[1.0,0.0],"evs":[0.0,-2.16691]},"72o":{"weight":1.0,"played":[1.0,0.0],"evs":[0.0,-2.42566]},"82o":{"weight":1.0,"played":[1.0,0.0],"evs":[0.0,-2.34539]},"92o":{"weight":1.0,"played":[1.0,0.0],"evs":[0.0,-2.29822]},"T2o":{"weight":1.0,"played":[1.0,0.0],"evs":[0.0,-2.26761]},"J2o":{"weight":1.0,"played":[1.0,0.0],"evs":[0.0,-2.08581]},"Q2o":{"weight":1.0,"played":[1.0,0.0],"evs":[0.0,-1.77164]},"K2o":{"weight":1.0,"played":[1.0,0.0],"evs":[0.0,-1.30717]},"A2o":{"weight":1.0,"played":[1.0,0.0],"evs":[0.0,-0.51869]},"32s":{"weight":1.0,"played":[1.0,0.0],"evs":[0.0,-1.49021]},"33":{"weight":1.0,"played":[0.0,1.0],"evs":[0.0,0.75738]},"43o":{"weight":1.0,"played":[1.0,0.0],"evs":[0.0,-1.8113]},"53o":{"weight":1.0,"played":[1.0,0.0],"evs":[0.0,-1.60554]},"63o":{"weight":1.0,"played":[1.0,0.0],"evs":[0.0,-1.82578]},"73o":{"weight":1.0,"played":[1.0,0.0],"evs":[0.0,-2.03111]},"83o":{"weight":1.0,"played":[1.0,0.0],"evs":[0.0,-2.28532]},"93o":{"weight":1.0,"played":[1.0,0.0],"evs":[0.0,-2.19322]},"T3o":{"weight":1.0,"played":[1.0,0.0],"evs":[0.0,-2.12894]},"J3o":{"weight":1.0,"played":[1.0,0.0],"evs":[0.0,-1.94517]},"Q3o":{"weight":1.0,"played":[1.0,0.0],"evs":[0.0,-1.69552]},"K3o":{"weight":1.0,"played":[1.0,0.0],"evs":[0.0,-1.15265]},"A3o":{"weight":1.0,"played":[1.0,0.0],"evs":[0.0,-0.4131]},"42s":{"weight":1.0,"played":[1.0,0.0],"evs":[0.0,-1.30998]},"43s":{"weight":1.0,"played":[1.0,0.0],"evs":[0.0,-0.96691]},"44":{"weight":1.0,"played":[0.0,1.0],"evs":[0.0,1.20148]},"54o":{"weight":1.0,"played":[1.0,0.0],"evs":[0.0,-1.24655]},"64o":{"weight":1.0,"played":[1.0,0.0],"evs":[0.0,-1.47428]},"74o":{"weight":1.0,"played":[1.0,0.0],"evs":[0.0,-1.68992]},"84o":{"weight":1.0,"played":[1.0,0.0],"evs":[0.0,-1.91037]},"94o":{"weight":1.0,"played":[1.0,0.0],"evs":[0.0,-2.08874]},"T4o":{"weight":1.0,"played":[1.0,0.0],"evs":[0.0,-1.97586]},"J4o":{"weight":1.0,"played":[1.0,0.0],"evs":[0.0,-1.82672]},"Q4o":{"weight":1.0,"played":[1.0,0.0],"evs":[0.0,-1.53065]},"K4o":{"weight":1.0,"played":[1.0,0.0],"evs":[0.0,-1.07107]},"A4o":{"weight":1.0,"played":[1.0,0.0],"evs":[0.0,-0.23847]},"52s":{"weight":1.0,"played":[1.0,0.0],"evs":[0.0,-1.19914]},"53s":{"weight":1.0,"played":[1.0,0.0],"evs":[0.0,-0.79615]},"54s":{"weight":1.0,"played":[1.0,0.0],"evs":[0.0,-0.57353]},"55":{"weight":1.0,"played":[0.0,1.0],"evs":[0.0,1.55004]},"65o":{"weight":1.0,"played":[1.0,0.0],"evs":[0.0,-1.10466]},"75o":{"weight":1.0,"played":[1.0,0.0],"evs":[0.0,-1.28715]},"85o":{"weight":1.0,"played":[1.0,0.0],"evs":[0.0,-1.47496]},"95o":{"weight":1.0,"played":[1.0,0.0],"evs":[0.0,-1.73782]},"T5o":{"weight":1.0,"played":[1.0,0.0],"evs":[0.0,-1.90128]},"J5o":{"weight":1.0,"played":[1.0,0.0],"evs":[0.0,-1.66263]},"Q5o":{"weight":1.0,"played":[1.0,0.0],"evs":[0.0,-1.4034]},"K5o":{"weight":1.0,"played":[1.0,0.0],"evs":[0.0,-0.87276]},"A5o":{"weight":1.0,"played":[0.9998,2.0E-4],"evs":[0.0,-0.15555]},"62s":{"weight":1.0,"played":[1.0,0.0],"evs":[0.0,-1.42231]},"63s":{"weight":1.0,"played":[1.0,0.0],"evs":[0.0,-1.05305]},"64s":{"weight":1.0,"played":[1.0,0.0],"evs":[0.0,-0.62103]},"65s":{"weight":1.0,"played":[0.9999,1.0E-4],"evs":[0.0,-0.33606]},"66":{"weight":1.0,"played":[0.0,1.0],"evs":[0.0,1.83271]},"76o":{"weight":1.0,"played":[1.0,0.0],"evs":[0.0,-1.02231]},"86o":{"weight":1.0,"played":[1.0,0.0],"evs":[0.0,-1.19837]},"96o":{"weight":1.0,"played":[1.0,0.0],"evs":[0.0,-1.40854]},"T6o":{"weight":1.0,"played":[1.0,0.0],"evs":[0.0,-1.56578]},"J6o":{"weight":1.0,"played":[1.0,0.0],"evs":[0.0,-1.59771]},"Q6o":{"weight":1.0,"played":[1.0,0.0],"evs":[0.0,-1.28644]},"K6o":{"weight":1.0,"played":[1.0,0.0],"evs":[0.0,-0.72822]},"A6o":{"weight":1.0,"played":[0.9999,1.0E-4],"evs":[0.0,-0.17551]},"72s":{"weight":1.0,"played":[1.0,0.0],"evs":[0.0,-1.59847]},"73s":{"weight":1.0,"played":[1.0,0.0],"evs":[0.0,-1.22055]},"74s":{"weight":1.0,"played":[1.0,0.0],"evs":[0.0,-0.91333]},"75s":{"weight":1.0,"played":[1.0,0.0],"evs":[0.0,-0.54726]},"76s":{"weight":1.0,"played":[1.0,0.0],"evs":[0.0,-0.30221]},"77":{"weight":1.0,"played":[0.0,1.0],"evs":[0.0,2.15543]},"87o":{"weight":1.0,"played":[1.0,0.0],"evs":[0.0,-0.94398]},"97o":{"weight":1.0,"played":[1.0,0.0],"evs":[0.0,-1.12159]},"T7o":{"weight":1.0,"played":[1.0,0.0],"evs":[0.0,-1.28505]},"J7o":{"weight":1.0,"played":[1.0,0.0],"evs":[0.0,-1.35506]},"Q7o":{"weight":1.0,"played":[1.0,0.0],"evs":[0.0,-1.31823]},"K7o":{"weight":1.0,"played":[1.0,0.0],"evs":[0.0,-0.66921]},"A7o":{"weight":1.0,"played":[0.0019,0.9981],"evs":[0.0,0.09745]},"82s":{"weight":1.0,"played":[1.0,0.0],"evs":[0.0,-1.47455]},"83s":{"weight":1.0,"played":[1.0,0.0],"evs":[0.0,-1.49183]},"84s":{"weight":1.0,"played":[1.0,0.0],"evs":[0.0,-1.06586]},"85s":{"weight":1.0,"played":[1.0,0.0],"evs":[0.0,-0.7425]},"86s":{"weight":1.0,"played":[1.0,0.0],"evs":[0.0,-0.37173]},"87s":{"weight":1.0,"played":[0.9996,4.0E-4],"evs":[0.0,-0.18125]},"88":{"weight":1.0,"played":[0.0,1.0],"evs":[0.0,2.63576]},"98o":{"weight":1.0,"played":[1.0,0.0],"evs":[0.0,-0.94477]},"T8o":{"weight":1.0,"played":[1.0,0.0],"evs":[0.0,-1.00234]},"J8o":{"weight":1.0,"played":[1.0,0.0],"evs":[0.0,-1.08854]},"Q8o":{"weight":1.0,"played":[1.0,0.0],"evs":[0.0,-1.05797]},"K8o":{"weight":1.0,"played":[1.0,0.0],"evs":[0.0,-0.48627]},"A8o":{"weight":1.0,"played":[0.0,1.0],"evs":[0.0,0.43966]},"92s":{"weight":1.0,"played":[1.0,0.0],"evs":[0.0,-1.42914]},"93s":{"weight":1.0,"played":[1.0,0.0],"evs":[0.0,-1.3795]},"94s":{"weight":1.0,"played":[1.0,0.0],"evs":[0.0,-1.30273]},"95s":{"weight":1.0,"played":[1.0,0.0],"evs":[0.0,-0.9191]},"96s":{"weight":1.0,"played":[1.0,0.0],"evs":[0.0,-0.63705]},"97s":{"weight":1.0,"played":[0.9999,1.0E-4],"evs":[0.0,-0.41241]},"98s":{"weight":1.0,"played":[0.9993,7.0E-4],"evs":[0.0,-0.18905]},"99":{"weight":1.0,"played":[0.0,1.0],"evs":[0.0,3.17495]},"T9o":{"weight":1.0,"played":[1.0,0.0],"evs":[0.0,-0.76008]},"J9o":{"weight":1.0,"played":[1.0,0.0],"evs":[0.0,-0.80193]},"Q9o":{"weight":1.0,"played":[1.0,0.0],"evs":[0.0,-0.70941]},"K9o":{"weight":1.0,"played":[0.6642,0.3358],"evs":[0.0,-0.028]},"A9o":{"weight":1.0,"played":[0.0,1.0],"evs":[0.0,0.77629]},"T2s":{"weight":1.0,"played":[1.0,0.0],"evs":[0.0,-1.34459]},"T3s":{"weight":1.0,"played":[1.0,0.0],"evs":[0.0,-1.33493]},"T4s":{"weight":1.0,"played":[1.0,0.0],"evs":[0.0,-1.13172]},"T5s":{"weight":1.0,"played":[1.0,0.0],"evs":[0.0,-1.07112]},"T6s":{"weight":1.0,"played":[1.0,0.0],"evs":[0.0,-0.76209]},"T7s":{"weight":1.0,"played":[1.0,0.0],"evs":[0.0,-0.4533]},"T8s":{"weight":1.0,"played":[1.0,0.0],"evs":[0.0,-0.2441]},"T9s":{"weight":1.0,"played":[0.1091,0.8909],"evs":[0.0,0.07272]},"TT":{"weight":1.0,"played":[0.0,1.0],"evs":[0.0,4.04097]},"JTo":{"weight":1.0,"played":[1.0,0.0],"evs":[0.0,-0.41379]},"QTo":{"weight":1.0,"played":[1.0,0.0],"evs":[0.0,-0.09882]},"KTo":{"weight":1.0,"played":[1.0E-4,0.9999],"evs":[0.0,0.47872]},"ATo":{"weight":1.0,"played":[0.0,1.0],"evs":[0.0,1.47968]},"J2s":{"weight":1.0,"played":[1.0,0.0],"evs":[0.0,-1.20843]},"J3s":{"weight":1.0,"played":[1.0,0.0],"evs":[0.0,-1.18429]},"J4s":{"weight":1.0,"played":[1.0,0.0],"evs":[0.0,-1.01859]},"J5s":{"weight":1.0,"played":[1.0,0.0],"evs":[0.0,-0.90356]},"J6s":{"weight":1.0,"played":[1.0,0.0],"evs":[0.0,-0.74235]},"J7s":{"weight":1.0,"played":[1.0,0.0],"evs":[0.0,-0.52796]},"J8s":{"weight":1.0,"played":[1.0,0.0],"evs":[0.0,-0.31863]},"J9s":{"weight":1.0,"played":[0.748,0.252],"evs":[0.0,-0.08204]},"JTs":{"weight":1.0,"played":[5.0E-4,0.9995],"evs":[0.0,0.33048]},"JJ":{"weight":1.0,"played":[0.0,1.0],"evs":[0.0,4.96705]},"QJo":{"weight":1.0,"played":[2.0E-4,0.9998],"evs":[0.0,0.20012]},"KJo":{"weight":1.0,"played":[0.0,1.0],"evs":[0.0,0.83169]},"AJo":{"weight":1.0,"played":[0.0,1.0],"evs":[0.0,2.14702]},"Q2s":{"weight":1.0,"played":[1.0,0.0],"evs":[0.0,-0.99107]},"Q3s":{"weight":1.0,"played":[1.0,0.0],"evs":[0.0,-0.85521]},"Q4s":{"weight":1.0,"played":[1.0,0.0],"evs":[0.0,-0.72119]},"Q5s":{"weight":1.0,"played":[1.0,0.0],"evs":[0.0,-0.6093]},"Q6s":{"weight":1.0,"played":[1.0,0.0],"evs":[0.0,-0.45421]},"Q7s":{"weight":1.0,"played":[1.0,0.0],"evs":[0.0,-0.48819]},"Q8s":{"weight":1.0,"played":[1.0,0.0],"evs":[0.0,-0.26957]},"Q9s":{"weight":1.0,"played":[0.0081,0.9919],"evs":[0.0,0.08339]},"QTs":{"weight":1.0,"played":[0.0,1.0],"evs":[0.0,0.57483]},"QJs":{"weight":1.0,"played":[0.0,1.0],"evs":[0.0,0.91149]},"QQ":{"weight":1.0,"played":[0.0,1.0],"evs":[0.0,5.97904]},"KQo":{"weight":1.0,"played":[0.0,1.0],"evs":[0.0,1.25489]},"AQo":{"weight":1.0,"played":[0.0,1.0],"evs":[0.0,2.87466]},"K2s":{"weight":1.0,"played":[1.0,0.0],"evs":[0.0,-0.4084]},"K3s":{"weight":1.0,"played":[1.0,0.0],"evs":[0.0,-0.41883]},"K4s":{"weight":1.0,"played":[0.9998,2.0E-4],"evs":[0.0,-0.22167]},"K5s":{"weight":1.0,"played":[0.9965,0.0035],"evs":[0.0,-0.11704]},"K6s":{"weight":1.0,"played":[0.2055,0.7945],"evs":[0.0,0.05816]},"K7s":{"weight":1.0,"played":[0.002,0.998],"evs":[0.0,0.10852]},"K8s":{"weight":1.0,"played":[0.0011,0.9989],"evs":[0.0,0.22117]},"K9s":{"weight":1.0,"played":[0.0,1.0],"evs":[0.0,0.71717]},"KTs":{"weight":1.0,"played":[0.0,1.0],"evs":[0.0,1.2333]},"KJs":{"weight":1.0,"played":[0.0,1.0],"evs":[0.0,1.474]},"KQs":{"weight":1.0,"played":[0.0,1.0],"evs":[0.0,1.83572]},"KK":{"weight":1.0,"played":[0.0,1.0],"evs":[0.0,7.29251]},"AKo":{"weight":1.0,"played":[0.0,1.0],"evs":[0.0,3.7935]},"A2s":{"weight":1.0,"played":[1.0E-4,0.9999],"evs":[0.0,0.2122]},"A3s":{"weight":1.0,"played":[0.0,1.0],"evs":[0.0,0.42841]},"A4s":{"weight":1.0,"played":[0.0,1.0],"evs":[0.0,0.50461]},"A5s":{"weight":1.0,"played":[0.0,1.0],"evs":[0.0,0.71815]},"A6s":{"weight":1.0,"played":[0.0,1.0],"evs":[0.0,0.63055]},"A7s":{"weight":1.0,"played":[0.0,1.0],"evs":[0.0,0.79386]},"A8s":{"weight":1.0,"played":[0.0,1.0],"evs":[0.0,1.13955]},"A9s":{"weight":1.0,"played":[0.0,1.0],"evs":[0.0,1.47994]},"ATs":{"weight":1.0,"played":[0.0,1.0],"evs":[0.0,2.23363]},"AJs":{"weight":1.0,"played":[0.0,1.0],"evs":[0.0,2.76925]},"AQs":{"weight":1.0,"played":[0.0,1.0],"evs":[0.0,3.51857]},"AKs":{"weight":1.0,"played":[0.0,1.0],"evs":[0.0,4.26506]},"AA":{"weight":1.0,"played":[0.0,1.0],"evs":[0.0,9.53034]}}}