{"player":4,"street":0,"children":2,"sequence":[{"player":0,"type":"F","amount":0,"street":0},{"player":1,"type":"R","amount":24800000,"street":0},{"player":2,"type":"C","amount":1120000,"street":0},{"player":3,"type":"C","amount":8160000,"street":0}],"actions":[{"type":"F","amount":0},{"type":"C","amount":23200000}],"hands":{"22":{"weight":1.0,"played":[0.0,1.0],"evs":[0.0,1.1987]},"32o":{"weight":1.0,"played":[1.0,0.0],"evs":[0.0,-1.43316]},"42o":{"weight":1.0,"played":[1.0,0.0],"evs":[0.0,-1.26338]},"52o":{"weight":1.0,"played":[1.0,0.0],"evs":[0.0,-1.11827]},"62o":{"weight":1.0,"played":[1.0,0.0],"evs":[0.0,-1.31008]},"72o":{"weight":1.0,"played":[1.0,0.0],"evs":[0.0,-1.58093]},"82o":{"weight":1.0,"played":[1.0,0.0],"evs":[0.0,-1.60173]},"92o":{"weight":1.0,"played":[1.0,0.0],"evs":[0.0,-1.55688]},"T2o":{"weight":1.0,"played":[1.0,0.0],"evs":[0.0,-1.43353]},"J2o":{"weight":1.0,"played":[1.0,0.0],"evs":[0.0,-1.33847]},"Q2o":{"weight":1.0,"played":[1.0,0.0],"evs":[0.0,-1.10278]},"K2o":{"weight":1.0,"played":[1.0,0.0],"evs":[0.0,-0.76187]},"A2o":{"weight":1.0,"played":[0.0,1.0],"evs":[0.0,0.23038]},"32s":{"weight":1.0,"played":[1.0,0.0],"evs":[0.0,-0.62731]},"33":{"weight":1.0,"played":[0.0,1.0],"evs":[0.0,1.56959]},"43o":{"weight":1.0,"played":[1.0,0.0],"evs":[0.0,-0.87546]},"53o":{"weight":1.0,"played":[1.0,0.0],"evs":[0.0,-0.77263]},"63o":{"weight":1.0,"played":[1.0,0.0],"evs":[0.0,-0.94284]},"73o":{"weight":1.0,"played":[1.0,0.0],"evs":[0.0,-1.17304]},"83o":{"weight":1.0,"played":[1.0,0.0],"evs":[0.0,-1.56298]},"93o":{"weight":1.0,"played":[1.0,0.0],"evs":[0.0,-1.45407]},"T3o":{"weight":1.0,"played":[1.0,0.0],"evs":[0.0,-1.31288]},"J3o":{"weight":1.0,"played":[1.0,0.0],"evs":[0.0,-1.21515]},"Q3o":{"weight":1.0,"played":[1.0,0.0],"evs":[0.0,-0.98957]},"K3o":{"weight":1.0,"played":[1.0,0.0],"evs":[0.0,-0.61244]},"A3o":{"weight":1.0,"played":[0.0,1.0],"evs":[0.0,0.42397]},"42s":{"weight":1.0,"played":[1.0,0.0],"evs":[0.0,-0.49967]},"43s":{"weight":1.0,"played":[0.9999,1.0E-4],"evs":[0.0,-0.10831]},"44":{"weight":1.0,"played":[0.0,1.0],"evs":[0.0,1.94053]},"54o":{"weight":1.0,"played":[1.0,0.0],"evs":[0.0,-0.40387]},"64o":{"weight":1.0,"played":[1.0,0.0],"evs":[0.0,-0.59178]},"74o":{"weight":1.0,"played":[1.0,0.0],"evs":[0.0,-0.80923]},"84o":{"weight":1.0,"played":[1.0,0.0],"evs":[0.0,-1.17503]},"94o":{"weight":1.0,"played":[1.0,0.0],"evs":[0.0,-1.34972]},"T4o":{"weight":1.0,"played":[1.0,0.0],"evs":[0.0,-1.17142]},"J4o":{"weight":1.0,"played":[1.0,0.0],"evs":[0.0,-1.05998]},"Q4o":{"weight":1.0,"played":[1.0,0.0],"evs":[0.0,-0.88574]},"K4o":{"weight":1.0,"played":[1.0,0.0],"evs":[0.0,-0.501]},"A4o":{"weight":1.0,"played":[0.0,1.0],"evs":[0.0,0.50001]},"52s":{"weight":1.0,"played":[1.0,0.0],"evs":[0.0,-0.28653]},"53s":{"weight":1.0,"played":[0.4859,0.5141],"evs":[0.0,0.00573]},"54s":{"weight":1.0,"played":[0.0,1.0],"evs":[0.0,0.34364]},"55":{"weight":1.0,"played":[0.0,1.0],"evs":[0.0,2.35318]},"65o":{"weight":1.0,"played":[1.0,0.0],"evs":[0.0,-0.22234]},"75o":{"weight":1.0,"played":[1.0,0.0],"evs":[0.0,-0.44901]},"85o":{"weight":1.0,"played":[1.0,0.0],"evs":[0.0,-0.7922]},"95o":{"weight":1.0,"played":[1.0,0.0],"evs":[0.0,-1.00091]},"T5o":{"weight":1.0,"played":[1.0,0.0],"evs":[0.0,-1.11585]},"J5o":{"weight":1.0,"played":[1.0,0.0],"evs":[0.0,-0.9941]},"Q5o":{"weight":1.0,"played":[1.0,0.0],"evs":[0.0,-0.72191]},"K5o":{"weight":1.0,"played":[1.0,0.0],"evs":[0.0,-0.35861]},"A5o":{"weight":1.0,"played":[0.0,1.0],"evs":[0.0,0.72329]},"62s":{"weight":1.0,"played":[0.9998,2.0E-4],"evs":[0.0,-0.48281]},"63s":{"weight":1.0,"played":[0.9999,1.0E-4],"evs":[0.0,-0.17531]},"64s":{"weight":1.0,"played":[8.0E-4,0.9992],"evs":[0.0,0.26899]},"65s":{"weight":1.0,"played":[0.0,1.0],"evs":[0.0,0.51597]},"66":{"weight":1.0,"played":[0.0,1.0],"evs":[0.0,2.75012]},"76o":{"weight":1.0,"played":[1.0,0.0],"evs":[0.0,-0.14687]},"86o":{"weight":1.0,"played":[1.0,0.0],"evs":[0.0,-0.45422]},"96o":{"weight":1.0,"played":[1.0,0.0],"evs":[0.0,-0.64901]},"T6o":{"weight":1.0,"played":[1.0,0.0],"evs":[0.0,-0.76882]},"J6o":{"weight":1.0,"played":[1.0,0.0],"evs":[0.0,-0.88237]},"Q6o":{"weight":1.0,"played":[1.0,0.0],"evs":[0.0,-0.59925]},"K6o":{"weight":1.0,"played":[1.0,0.0],"evs":[0.0,-0.19493]},"A6o":{"weight":1.0,"played":[0.0,1.0],"evs":[0.0,0.64177]},"72s":{"weight":1.0,"played":[1.0,0.0],"evs":[0.0,-0.74674]},"73s":{"weight":1.0,"played":[1.0,0.0],"evs":[0.0,-0.39849]},"74s":{"weight":1.0,"played":[0.8218,0.1782],"evs":[0.0,-0.01177]},"75s":{"weight":1.0,"played":[2.0E-4,0.9998],"evs":[0.0,0.367]},"76s":{"weight":1.0,"played":[0.0,1.0],"evs":[0.0,0.61242]},"77":{"weight":1.0,"played":[0.0,1.0],"evs":[0.0,3.11823]},"87o":{"weight":1.0,"played":[1.0,0.0],"evs":[0.0,-0.20552]},"97o":{"weight":1.0,"played":[1.0,0.0],"evs":[0.0,-0.37247]},"T7o":{"weight":1.0,"played":[1.0,0.0],"evs":[0.0,-0.49972]},"J7o":{"weight":1.0,"played":[1.0,0.0],"evs":[0.0,-0.59101]},"Q7o":{"weight":1.0,"played":[1.0,0.0],"evs":[0.0,-0.57451]},"K7o":{"weight":1.0,"played":[0.9841,0.0159],"evs":[0.0,-0.09213]},"A7o":{"weight":1.0,"played":[0.0,1.0],"evs":[0.0,0.92587]},"82s":{"weight":1.0,"played":[1.0,0.0],"evs":[0.0,-0.75357]},"83s":{"weight":1.0,"played":[1.0,0.0],"evs":[0.0,-0.70211]},"84s":{"weight":1.0,"played":[1.0,0.0],"evs":[0.0,-0.3542]},"85s":{"weight":1.0,"played":[2.0E-4,0.9998],"evs":[0.0,0.05113]},"86s":{"weight":1.0,"played":[0.0,1.0],"evs":[0.0,0.34209]},"87s":{"weight":1.0,"played":[0.0,1.0],"evs":[0.0,0.60676]},"88":{"weight":1.0,"played":[0.0,1.0],"evs":[0.0,3.49418]},"98o":{"weight":1.0,"played":[1.0,0.0],"evs":[0.0,-0.24362]},"T8o":{"weight":1.0,"played":[1.0,0.0],"evs":[0.0,-0.30345]},"J8o":{"weight":1.0,"played":[0.9999,1.0E-4],"evs":[0.0,-0.46189]},"Q8o":{"weight":1.0,"played":[1.0,0.0],"evs":[0.0,-0.38065]},"K8o":{"weight":1.0,"played":[0.8898,0.1102],"evs":[0.0,-0.03794]},"A8o":{"weight":1.0,"played":[0.0,1.0],"evs":[0.0,1.2381]},"92s":{"weight":1.0,"played":[1.0,0.0],"evs":[0.0,-0.73364]},"93s":{"weight":1.0,"played":[1.0,0.0],"evs":[0.0,-0.59126]},"94s":{"weight":1.0,"played":[1.0,0.0],"evs":[0.0,-0.56864]},"95s":{"weight":1.0,"played":[0.9999,1.0E-4],"evs":[0.0,-0.19868]},"96s":{"weight":1.0,"played":[0.0012,0.9988],"evs":[0.0,0.1359]},"97s":{"weight":1.0,"played":[0.0,1.0],"evs":[0.0,0.4035]},"98s":{"weight":1.0,"played":[5.0E-4,0.9995],"evs":[0.0,0.53604]},"99":{"weight":1.0,"played":[0.0,1.0],"evs":[0.0,4.16321]},"T9o":{"weight":1.0,"played":[0.583,0.417],"evs":[0.0,-0.01651]},"J9o":{"weight":1.0,"played":[0.9995,5.0E-4],"evs":[0.0,-0.09876]},"Q9o":{"weight":1.0,"played":[0.7153,0.2847],"evs":[0.0,-0.03276]},"K9o":{"weight":1.0,"played":[0.0,1.0],"evs":[0.0,0.48779]},"A9o":{"weight":1.0,"played":[0.0,1.0],"evs":[0.0,1.67671]},"T2s":{"weight":1.0,"played":[1.0,0.0],"evs":[0.0,-0.58665]},"T3s":{"weight":1.0,"played":[1.0,0.0],"evs":[0.0,-0.47089]},"T4s":{"weight":1.0,"played":[0.9994,6.0E-4],"evs":[0.0,-0.32916]},"T5s":{"weight":1.0,"played":[0.9999,1.0E-4],"evs":[0.0,-0.27659]},"T6s":{"weight":1.0,"played":[0.0,1.0],"evs":[0.0,0.00642]},"T7s":{"weight":1.0,"played":[0.0018,0.9982],"evs":[0.0,0.29262]},"T8s":{"weight":1.0,"played":[0.0,1.0],"evs":[0.0,0.40377]},"T9s":{"weight":1.0,"played":[0.0,1.0],"evs":[0.0,0.75959]},"TT":{"weight":1.0,"played":[0.0,1.0],"evs":[0.0,5.03493]},"JTo":{"weight":1.0,"played":[0.0,1.0],"evs":[0.0,0.37658]},"QTo":{"weight":1.0,"played":[0.0,1.0],"evs":[0.0,0.62941]},"KTo":{"weight":1.0,"played":[0.0,1.0],"evs":[0.0,1.1343]},"ATo":{"weight":1.0,"played":[0.0,1.0],"evs":[0.0,2.46211]},"J2s":{"weight":1.0,"played":[1.0,0.0],"evs":[0.0,-0.465]},"J3s":{"weight":1.0,"played":[1.0,0.0],"evs":[0.0,-0.32094]},"J4s":{"weight":1.0,"played":[0.9999,1.0E-4],"evs":[0.0,-0.26468]},"J5s":{"weight":1.0,"played":[1.0,0.0],"evs":[0.0,-0.12988]},"J6s":{"weight":1.0,"played":[0.856,0.144],"evs":[0.0,-0.05164]},"J7s":{"weight":1.0,"played":[0.0,1.0],"evs":[0.0,0.1442]},"J8s":{"weight":1.0,"played":[0.0,1.0],"evs":[0.0,0.36856]},"J9s":{"weight":1.0,"played":[0.0,1.0],"evs":[0.0,0.70629]},"JTs":{"weight":1.0,"played":[0.0,1.0],"evs":[0.0,1.12818]},"JJ":{"weight":1.0,"played":[0.0,1.0],"evs":[0.0,5.83257]},"QJo":{"weight":1.0,"played":[0.0,1.0],"evs":[0.0,0.86544]},"KJo":{"weight":1.0,"played":[0.0,1.0],"evs":[0.0,1.47214]},"AJo":{"weight":1.0,"played":[0.0,1.0],"evs":[0.0,2.96674]},"Q2s":{"weight":1.0,"played":[0.9999,1.0E-4],"evs":[0.0,-0.2699]},"Q3s":{"weight":1.0,"played":[0.9992,8.0E-4],"evs":[0.0,-0.11546]},"Q4s":{"weight":1.0,"played":[0.1537,0.8463],"evs":[0.0,0.03608]},"Q5s":{"weight":1.0,"played":[5.0E-4,0.9995],"evs":[0.0,0.10916]},"Q6s":{"weight":1.0,"played":[0.0,1.0],"evs":[0.0,0.24125]},"Q7s":{"weight":1.0,"played":[1.0E-4,0.9999],"evs":[0.0,0.26406]},"Q8s":{"weight":1.0,"played":[0.0,1.0],"evs":[0.0,0.39269]},"Q9s":{"weight":1.0,"played":[0.0,1.0],"evs":[0.0,0.75742]},"QTs":{"weight":1.0,"played":[0.0,1.0],"evs":[0.0,1.31504]},"QJs":{"weight":1.0,"played":[0.0,1.0],"evs":[0.0,1.61667]},"QQ":{"weight":1.0,"played":[0.0,1.0],"evs":[0.0,6.8689]},"KQo":{"weight":1.0,"played":[0.0,1.0],"evs":[0.0,1.92459]},"AQo":{"weight":1.0,"played":[0.0,1.0],"evs":[0.0,3.55483]},"K2s":{"weight":1.0,"played":[2.0E-4,0.9998],"evs":[0.0,0.12275]},"K3s":{"weight":1.0,"played":[0.0024,0.9976],"evs":[0.0,0.15782]},"K4s":{"weight":1.0,"played":[1.0E-4,0.9999],"evs":[0.0,0.34607]},"K5s":{"weight":1.0,"played":[0.0,1.0],"evs":[0.0,0.49405]},"K6s":{"weight":1.0,"played":[0.0,1.0],"evs":[0.0,0.5903]},"K7s":{"weight":1.0,"played":[0.0,1.0],"evs":[0.0,0.72724]},"K8s":{"weight":1.0,"played":[0.0,1.0],"evs":[0.0,0.7779]},"K9s":{"weight":1.0,"played":[0.0,1.0],"evs":[0.0,1.31604]},"KTs":{"weight":1.0,"played":[0.0,1.0],"evs":[0.0,1.85443]},"KJs":{"weight":1.0,"played":[0.0,1.0],"evs":[0.0,2.22939]},"KQs":{"weight":1.0,"played":[0.0,1.0],"evs":[0.0,2.58809]},"KK":{"weight":1.0,"played":[0.0,1.0],"evs":[0.0,8.15812]},"AKo":{"weight":1.0,"played":[0.0,1.0],"evs":[0.0,4.15091]},"A2s":{"weight":1.0,"played":[0.0,1.0],"evs":[0.0,1.05722]},"A3s":{"weight":1.0,"played":[0.0,1.0],"evs":[0.0,1.23083]},"A4s":{"weight":1.0,"played":[0.0,1.0],"evs":[0.0,1.33501]},"A5s":{"weight":1.0,"played":[0.0,1.0],"evs":[0.0,1.54382]},"A6s":{"weight":1.0,"played":[0.0,1.0],"evs":[0.0,1.4286]},"A7s":{"weight":1.0,"played":[0.0,1.0],"evs":[0.0,1.7302]},"A8s":{"weight":1.0,"played":[0.0,1.0],"evs":[0.0,1.97863]},"A9s":{"weight":1.0,"played":[0.0,1.0],"evs":[0.0,2.44474]},"ATs":{"weight":1.0,"played":[0.0,1.0],"evs":[0.0,3.13323]},"AJs":{"weight":1.0,"played":[0.0,1.0],"evs":[0.0,3.59278]},"AQs":{"weight":1.0,"played":[0.0,1.0],"evs":[0.0,4.1697]},"AKs":{"weight":1.0,"played":[0.0,1.0],"evs":[0.0,4.75247]},"AA":{"weight":1.0,"played":[0.0,1.0],"evs":[0.0,10.13881]}}}