{"player":2,"street":0,"children":2,"sequence":[{"player":0,"type":"R","amount":3360000,"street":0},{"player":1,"type":"F","amount":0,"street":0}],"actions":[{"type":"F","amount":0,"node":16},{"type":"C","amount":1120000,"node":19}],"hands":{"22":{"weight":1.0,"played":[1.0,0.0],"evs":[0.0,-1.02661]},"32o":{"weight":1.0,"played":[1.0,0.0],"evs":[0.0,-1.74154]},"42o":{"weight":1.0,"played":[1.0,0.0],"evs":[0.0,-1.67339]},"52o":{"weight":1.0,"played":[1.0,0.0],"evs":[0.0,-1.61044]},"62o":{"weight":1.0,"played":[1.0,0.0],"evs":[0.0,-1.71707]},"72o":{"weight":1.0,"played":[1.0,0.0],"evs":[0.0,-1.79331]},"82o":{"weight":1.0,"played":[1.0,0.0],"evs":[0.0,-1.72295]},"92o":{"weight":1.0,"played":[1.0,0.0],"evs":[0.0,-1.69102]},"T2o":{"weight":1.0,"played":[1.0,0.0],"evs":[0.0,-1.6209]},"J2o":{"weight":1.0,"played":[1.0,0.0],"evs":[0.0,-1.54273]},"Q2o":{"weight":1.0,"played":[1.0,0.0],"evs":[0.0,-1.43655]},"K2o":{"weight":1.0,"played":[1.0,0.0],"evs":[0.0,-1.30356]},"A2o":{"weight":1.0,"played":[1.0,0.0],"evs":[0.0,-1.05382]},"32s":{"weight":1.0,"played":[1.0,0.0],"evs":[0.0,-1.29548]},"33":{"weight":1.0,"played":[1.0,0.0],"evs":[0.0,-0.88744]},"43o":{"weight":1.0,"played":[1.0,0.0],"evs":[0.0,-1.49905]},"53o":{"weight":1.0,"played":[1.0,0.0],"evs":[0.0,-1.42037]},"63o":{"weight":1.0,"played":[1.0,0.0],"evs":[0.0,-1.52958]},"73o":{"weight":1.0,"played":[1.0,0.0],"evs":[0.0,-1.60728]},"83o":{"weight":1.0,"played":[1.0,0.0],"evs":[0.0,-1.66778]},"93o":{"weight":1.0,"played":[1.0,0.0],"evs":[0.0,-1.62062]},"T3o":{"weight":1.0,"played":[1.0,0.0],"evs":[0.0,-1.54611]},"J3o":{"weight":1.0,"played":[1.0,0.0],"evs":[0.0,-1.46492]},"Q3o":{"weight":1.0,"played":[1.0,0.0],"evs":[0.0,-1.36782]},"K3o":{"weight":1.0,"played":[1.0,0.0],"evs":[0.0,-1.23104]},"A3o":{"weight":1.0,"played":[1.0,0.0],"evs":[0.0,-0.96651]},"42s":{"weight":1.0,"played":[1.0,0.0],"evs":[0.0,-1.22214]},"43s":{"weight":1.0,"played":[1.0,0.0],"evs":[0.0,-1.06028]},"44":{"weight":1.0,"played":[1.0,0.0],"evs":[0.0,-0.75524]},"54o":{"weight":1.0,"played":[1.0,0.0],"evs":[0.0,-1.26599]},"64o":{"weight":1.0,"played":[1.0,0.0],"evs":[0.0,-1.35284]},"74o":{"weight":1.0,"played":[1.0,0.0],"evs":[0.0,-1.44371]},"84o":{"weight":1.0,"played":[1.0,0.0],"evs":[0.0,-1.51202]},"94o":{"weight":1.0,"played":[1.0,0.0],"evs":[0.0,-1.59835]},"T4o":{"weight":1.0,"played":[1.0,0.0],"evs":[0.0,-1.50069]},"J4o":{"weight":1.0,"played":[1.0,0.0],"evs":[0.0,-1.42631]},"Q4o":{"weight":1.0,"played":[1.0,0.0],"evs":[0.0,-1.31773]},"K4o":{"weight":1.0,"played":[1.0,0.0],"evs":[0.0,-1.18994]},"A4o":{"weight":1.0,"played":[1.0,0.0],"evs":[0.0,-0.89145]},"52s":{"weight":1.0,"played":[1.0,0.0],"evs":[0.0,-1.16631]},"53s":{"weight":1.0,"played":[1.0,0.0],"evs":[0.0,-0.98688]},"54s":{"weight":1.0,"played":[1.0,0.0],"evs":[0.0,-0.83645]},"55":{"weight":1.0,"played":[1.0,0.0],"evs":[0.0,-0.5751]},"65o":{"weight":1.0,"played":[1.0,0.0],"evs":[0.0,-1.19176]},"75o":{"weight":1.0,"played":[1.0,0.0],"evs":[0.0,-1.26123]},"85o":{"weight":1.0,"played":[1.0,0.0],"evs":[0.0,-1.32758]},"95o":{"weight":1.0,"played":[1.0,0.0],"evs":[0.0,-1.41619]},"T5o":{"weight":1.0,"played":[1.0,0.0],"evs":[0.0,-1.45162]},"J5o":{"weight":1.0,"played":[1.0,0.0],"evs":[0.0,-1.35927]},"Q5o":{"weight":1.0,"played":[1.0,0.0],"evs":[0.0,-1.24874]},"K5o":{"weight":1.0,"played":[1.0,0.0],"evs":[0.0,-1.11478]},"A5o":{"weight":1.0,"played":[1.0,0.0],"evs":[0.0,-0.80529]},"62s":{"weight":1.0,"played":[1.0,0.0],"evs":[0.0,-1.26263]},"63s":{"weight":1.0,"played":[1.0,0.0],"evs":[0.0,-1.08595]},"64s":{"weight":1.0,"played":[1.0,0.0],"evs":[0.0,-0.93136]},"65s":{"weight":1.0,"played":[1.0,0.0],"evs":[0.0,-0.77366]},"66":{"weight":1.0,"played":[1.0,0.0],"evs":[0.0,-0.37406]},"76o":{"weight":1.0,"played":[1.0,0.0],"evs":[0.0,-1.11192]},"86o":{"weight":1.0,"played":[1.0,0.0],"evs":[0.0,-1.1505]},"96o":{"weight":1.0,"played":[1.0,0.0],"evs":[0.0,-1.23748]},"T6o":{"weight":1.0,"played":[1.0,0.0],"evs":[0.0,-1.28231]},"J6o":{"weight":1.0,"played":[1.0,0.0],"evs":[0.0,-1.31537]},"Q6o":{"weight":1.0,"played":[1.0,0.0],"evs":[0.0,-1.18651]},"K6o":{"weight":1.0,"played":[1.0,0.0],"evs":[0.0,-1.04299]},"A6o":{"weight":1.0,"played":[1.0,0.0],"evs":[0.0,-0.88014]},"72s":{"weight":1.0,"played":[1.0,0.0],"evs":[0.0,-1.34253]},"73s":{"weight":1.0,"played":[1.0,0.0],"evs":[0.0,-1.15684]},"74s":{"weight":1.0,"played":[1.0,0.0],"evs":[0.0,-1.00287]},"75s":{"weight":1.0,"played":[1.0,0.0],"evs":[0.0,-0.83792]},"76s":{"weight":1.0,"played":[1.0,0.0],"evs":[0.0,-0.6986]},"77":{"weight":1.0,"played":[1.0,0.0],"evs":[0.0,-0.17257]},"87o":{"weight":1.0,"played":[1.0,0.0],"evs":[0.0,-1.00139]},"97o":{"weight":1.0,"played":[1.0,0.0],"evs":[0.0,-1.05688]},"T7o":{"weight":1.0,"played":[1.0,0.0],"evs":[0.0,-1.09408]},"J7o":{"weight":1.0,"played":[1.0,0.0],"evs":[0.0,-1.13722]},"Q7o":{"weight":1.0,"played":[1.0,0.0],"evs":[0.0,-1.13039]},"K7o":{"weight":1.0,"played":[1.0,0.0],"evs":[0.0,-0.97014]},"A7o":{"weight":1.0,"played":[1.0,0.0],"evs":[0.0,-0.75197]},"82s":{"weight":1.0,"played":[1.0,0.0],"evs":[0.0,-1.26464]},"83s":{"weight":1.0,"played":[1.0,0.0],"evs":[0.0,-1.21566]},"84s":{"weight":1.0,"played":[1.0,0.0],"evs":[0.0,-1.06369]},"85s":{"weight":1.0,"played":[1.0,0.0],"evs":[0.0,-0.89282]},"86s":{"weight":1.0,"played":[1.0,0.0],"evs":[0.0,-0.73222]},"87s":{"weight":1.0,"played":[1.0,0.0],"evs":[0.0,-0.59486]},"88":{"weight":1.0,"played":[0.0,1.0],"evs":[0.0,0.08134]},"98o":{"weight":1.0,"played":[1.0,0.0],"evs":[0.0,-0.88861]},"T8o":{"weight":1.0,"played":[1.0,0.0],"evs":[0.0,-0.90438]},"J8o":{"weight":1.0,"played":[1.0,0.0],"evs":[0.0,-0.93867]},"Q8o":{"weight":1.0,"played":[1.0,0.0],"evs":[0.0,-0.93357]},"K8o":{"weight":1.0,"played":[1.0,0.0],"evs":[0.0,-0.8912]},"A8o":{"weight":1.0,"played":[1.0,0.0],"evs":[0.0,-0.63156]},"92s":{"weight":1.0,"played":[1.0,0.0],"evs":[0.0,-1.22774]},"93s":{"weight":1.0,"played":[1.0,0.0],"evs":[0.0,-1.15512]},"94s":{"weight":1.0,"played":[1.0,0.0],"evs":[0.0,-1.13435]},"95s":{"weight":1.0,"played":[1.0,0.0],"evs":[0.0,-0.96653]},"96s":{"weight":1.0,"played":[1.0,0.0],"evs":[0.0,-0.80494]},"97s":{"weight":1.0,"played":[1.0,0.0],"evs":[0.0,-0.65055]},"98s":{"weight":1.0,"played":[1.0,0.0],"evs":[0.0,-0.49213]},"99":{"weight":1.0,"played":[0.0,1.0],"evs":[0.0,0.35725]},"T9o":{"weight":1.0,"played":[1.0,0.0],"evs":[0.0,-0.71025]},"J9o":{"weight":1.0,"played":[1.0,0.0],"evs":[0.0,-0.74754]},"Q9o":{"weight":1.0,"played":[1.0,0.0],"evs":[0.0,-0.74581]},"K9o":{"weight":1.0,"played":[1.0,0.0],"evs":[0.0,-0.68519]},"A9o":{"weight":1.0,"played":[1.0,0.0],"evs":[0.0,-0.51104]},"T2s":{"weight":1.0,"played":[1.0,0.0],"evs":[0.0,-1.15341]},"T3s":{"weight":1.0,"played":[1.0,0.0],"evs":[0.0,-1.08525]},"T4s":{"weight":1.0,"played":[1.0,0.0],"evs":[0.0,-1.05129]},"T5s":{"weight":1.0,"played":[1.0,0.0],"evs":[0.0,-1.00464]},"T6s":{"weight":1.0,"played":[1.0,0.0],"evs":[0.0,-0.84157]},"T7s":{"weight":1.0,"played":[1.0,0.0],"evs":[0.0,-0.67202]},"T8s":{"weight":1.0,"played":[1.0,0.0],"evs":[0.0,-0.49011]},"T9s":{"weight":1.0,"played":[1.0,0.0],"evs":[0.0,-0.31253]},"TT":{"weight":1.0,"played":[0.0,1.0],"evs":[0.0,0.75691]},"JTo":{"weight":1.0,"played":[1.0,0.0],"evs":[0.0,-0.47473]},"QTo":{"weight":1.0,"played":[1.0,0.0],"evs":[0.0,-0.45046]},"KTo":{"weight":1.0,"played":[1.0,0.0],"evs":[0.0,-0.36625]},"ATo":{"weight":1.0,"played":[1.0,0.0],"evs":[0.0,-0.1567]},"J2s":{"weight":1.0,"played":[1.0,0.0],"evs":[0.0,-1.07683]},"J3s":{"weight":1.0,"played":[1.0,0.0],"evs":[0.0,-1.00793]},"J4s":{"weight":1.0,"played":[1.0,0.0],"evs":[0.0,-0.9619]},"J5s":{"weight":1.0,"played":[1.0,0.0],"evs":[0.0,-0.90405]},"J6s":{"weight":1.0,"played":[1.0,0.0],"evs":[0.0,-0.86741]},"J7s":{"weight":1.0,"played":[1.0,0.0],"evs":[0.0,-0.699]},"J8s":{"weight":1.0,"played":[1.0,0.0],"evs":[0.0,-0.50434]},"J9s":{"weight":1.0,"played":[1.0,0.0],"evs":[0.0,-0.33742]},"JTs":{"weight":1.0,"played":[1.0,0.0],"evs":[0.0,-0.08774]},"JJ":{"weight":1.0,"played":[0.0,1.0],"evs":[0.0,1.2048]},"QJo":{"weight":1.0,"played":[1.0,0.0],"evs":[0.0,-0.3055]},"KJo":{"weight":1.0,"played":[1.0,0.0],"evs":[0.0,-0.21564]},"AJo":{"weight":1.0,"played":[0.0014,0.9986],"evs":[0.0,0.01943]},"Q2s":{"weight":1.0,"played":[1.0,0.0],"evs":[0.0,-0.95555]},"Q3s":{"weight":1.0,"played":[1.0,0.0],"evs":[0.0,-0.89318]},"Q4s":{"weight":1.0,"played":[1.0,0.0],"evs":[0.0,-0.85466]},"Q5s":{"weight":1.0,"played":[1.0,0.0],"evs":[0.0,-0.7891]},"Q6s":{"weight":1.0,"played":[1.0,0.0],"evs":[0.0,-0.73373]},"Q7s":{"weight":1.0,"played":[1.0,0.0],"evs":[0.0,-0.68269]},"Q8s":{"weight":1.0,"played":[1.0,0.0],"evs":[0.0,-0.50432]},"Q9s":{"weight":1.0,"played":[1.0,0.0],"evs":[0.0,-0.33035]},"QTs":{"weight":1.0,"played":[1.0,0.0],"evs":[0.0,-0.05032]},"QJs":{"weight":1.0,"played":[0.0,1.0],"evs":[0.0,0.08293]},"QQ":{"weight":1.0,"played":[0.0,1.0],"evs":[0.0,1.74831]},"KQo":{"weight":1.0,"played":[0.9946,0.0054],"evs":[0.0,-0.0161]},"AQo":{"weight":1.0,"played":[0.0,1.0],"evs":[0.0,0.2455]},"K2s":{"weight":1.0,"played":[1.0,0.0],"evs":[0.0,-0.81563]},"K3s":{"weight":1.0,"played":[1.0,0.0],"evs":[0.0,-0.75331]},"K4s":{"weight":1.0,"played":[1.0,0.0],"evs":[0.0,-0.70679]},"K5s":{"weight":1.0,"played":[1.0,0.0],"evs":[0.0,-0.65184]},"K6s":{"weight":1.0,"played":[1.0,0.0],"evs":[0.0,-0.58649]},"K7s":{"weight":1.0,"played":[1.0,0.0],"evs":[0.0,-0.517]},"K8s":{"weight":1.0,"played":[1.0,0.0],"evs":[0.0,-0.43993]},"K9s":{"weight":1.0,"played":[1.0,0.0],"evs":[0.0,-0.24459]},"KTs":{"weight":1.0,"played":[0.0,1.0],"evs":[0.0,0.04273]},"KJs":{"weight":1.0,"played":[0.0,1.0],"evs":[0.0,0.18594]},"KQs":{"weight":1.0,"played":[0.0,1.0],"evs":[0.0,0.36442]},"KK":{"weight":1.0,"played":[0.0,1.0],"evs":[0.0,2.41418]},"AKo":{"weight":1.0,"played":[0.0,1.0],"evs":[0.0,0.5113]},"A2s":{"weight":1.0,"played":[1.0,0.0],"evs":[0.0,-0.57467]},"A3s":{"weight":1.0,"played":[1.0,0.0],"evs":[0.0,-0.49045]},"A4s":{"weight":1.0,"played":[1.0,0.0],"evs":[0.0,-0.41847]},"A5s":{"weight":1.0,"played":[1.0,0.0],"evs":[0.0,-0.34388]},"A6s":{"weight":1.0,"played":[1.0,0.0],"evs":[0.0,-0.39747]},"A7s":{"weight":1.0,"played":[1.0,0.0],"evs":[0.0,-0.28682]},"A8s":{"weight":1.0,"played":[1.0,0.0],"evs":[0.0,-0.17654]},"A9s":{"weight":1.0,"played":[0.9999,1.0E-4],"evs":[0.0,-0.05773]},"ATs":{"weight":1.0,"played":[0.0,1.0],"evs":[0.0,0.26641]},"AJs":{"weight":1.0,"played":[0.0,1.0],"evs":[0.0,0.43879]},"AQs":{"weight":1.0,"played":[0.0,1.0],"evs":[0.0,0.64175]},"AKs":{"weight":1.0,"played":[0.0,1.0],"evs":[0.0,0.87041]},"AA":{"weight":1.0,"played":[0.0,1.0],"evs":[0.0,3.46224]}}}