{"player":4,"street":0,"children":2,"sequence":[{"player":0,"type":"R","amount":3360000,"street":0},{"player":1,"type":"F","amount":0,"street":0},{"player":2,"type":"C","amount":1120000,"street":0},{"player":3,"type":"F","amount":0,"street":0}],"actions":[{"type":"F","amount":0},{"type":"C","amount":1760000}],"hands":{"22":{"weight":1.0,"played":[0.0,1.0],"evs":[0.0,1.77169]},"32o":{"weight":1.0,"played":[0.0,1.0],"evs":[0.0,0.99474]},"42o":{"weight":1.0,"played":[0.0,1.0],"evs":[0.0,1.02861]},"52o":{"weight":1.0,"played":[0.0,1.0],"evs":[0.0,1.13539]},"62o":{"weight":1.0,"played":[0.0,1.0],"evs":[0.0,1.0643]},"72o":{"weight":1.0,"played":[0.0,1.0],"evs":[0.0,0.95335]},"82o":{"weight":1.0,"played":[0.0,1.0],"evs":[0.0,1.00751]},"92o":{"weight":1.0,"played":[0.0,1.0],"evs":[0.0,1.00901]},"T2o":{"weight":1.0,"played":[0.0,1.0],"evs":[0.0,1.03407]},"J2o":{"weight":1.0,"played":[0.0,1.0],"evs":[0.0,1.01329]},"Q2o":{"weight":1.0,"played":[0.0,1.0],"evs":[0.0,1.12832]},"K2o":{"weight":1.0,"played":[0.0,1.0],"evs":[0.0,1.26468]},"A2o":{"weight":1.0,"played":[0.0,1.0],"evs":[0.0,1.43254]},"32s":{"weight":1.0,"played":[0.0,1.0],"evs":[0.0,1.33692]},"33":{"weight":1.0,"played":[0.0,1.0],"evs":[0.0,1.88092]},"43o":{"weight":1.0,"played":[0.0,1.0],"evs":[0.0,1.19074]},"53o":{"weight":1.0,"played":[0.0,1.0],"evs":[0.0,1.2565]},"63o":{"weight":1.0,"played":[0.0,1.0],"evs":[0.0,1.21548]},"73o":{"weight":1.0,"played":[0.0,1.0],"evs":[0.0,1.12858]},"83o":{"weight":1.0,"played":[0.0,1.0],"evs":[0.0,1.03407]},"93o":{"weight":1.0,"played":[0.0,1.0],"evs":[0.0,1.04235]},"T3o":{"weight":1.0,"played":[0.0,1.0],"evs":[0.0,1.06895]},"J3o":{"weight":1.0,"played":[0.0,1.0],"evs":[0.0,1.06699]},"Q3o":{"weight":1.0,"played":[0.0,1.0],"evs":[0.0,1.19276]},"K3o":{"weight":1.0,"played":[0.0,1.0],"evs":[0.0,1.30859]},"A3o":{"weight":1.0,"played":[0.0,1.0],"evs":[0.0,1.47636]},"42s":{"weight":1.0,"played":[0.0,1.0],"evs":[0.0,1.46477]},"43s":{"weight":1.0,"played":[0.0,1.0],"evs":[0.0,1.53237]},"44":{"weight":1.0,"played":[0.0,1.0],"evs":[0.0,1.99041]},"54o":{"weight":1.0,"played":[0.0,1.0],"evs":[0.0,1.3987]},"64o":{"weight":1.0,"played":[0.0,1.0],"evs":[0.0,1.33791]},"74o":{"weight":1.0,"played":[0.0,1.0],"evs":[0.0,1.23137]},"84o":{"weight":1.0,"played":[0.0,1.0],"evs":[0.0,1.17341]},"94o":{"weight":1.0,"played":[0.0,1.0],"evs":[0.0,1.05798]},"T4o":{"weight":1.0,"played":[0.0,1.0],"evs":[0.0,1.08799]},"J4o":{"weight":1.0,"played":[0.0,1.0],"evs":[0.0,1.08648]},"Q4o":{"weight":1.0,"played":[0.0,1.0],"evs":[0.0,1.2033]},"K4o":{"weight":1.0,"played":[0.0,1.0],"evs":[0.0,1.35713]},"A4o":{"weight":1.0,"played":[0.0,1.0],"evs":[0.0,1.5063]},"52s":{"weight":1.0,"played":[0.0,1.0],"evs":[0.0,1.50131]},"53s":{"weight":1.0,"played":[0.0,1.0],"evs":[0.0,1.57335]},"54s":{"weight":1.0,"played":[0.0,1.0],"evs":[0.0,1.79492]},"55":{"weight":1.0,"played":[0.0,1.0],"evs":[0.0,2.19574]},"65o":{"weight":1.0,"played":[0.0,1.0],"evs":[0.0,1.49703]},"75o":{"weight":1.0,"played":[0.0,1.0],"evs":[0.0,1.42094]},"85o":{"weight":1.0,"played":[0.0,1.0],"evs":[0.0,1.3531]},"95o":{"weight":1.0,"played":[0.0,1.0],"evs":[0.0,1.25207]},"T5o":{"weight":1.0,"played":[0.0,1.0],"evs":[0.0,1.14896]},"J5o":{"weight":1.0,"played":[0.0,1.0],"evs":[0.0,1.1663]},"Q5o":{"weight":1.0,"played":[0.0,1.0],"evs":[0.0,1.29677]},"K5o":{"weight":1.0,"played":[0.0,1.0],"evs":[0.0,1.40465]},"A5o":{"weight":1.0,"played":[0.0,1.0],"evs":[0.0,1.59445]},"62s":{"weight":1.0,"played":[0.0,1.0],"evs":[0.0,1.38455]},"63s":{"weight":1.0,"played":[0.0,1.0],"evs":[0.0,1.56361]},"64s":{"weight":1.0,"played":[0.0,1.0],"evs":[0.0,1.66657]},"65s":{"weight":1.0,"played":[0.0,1.0],"evs":[0.0,1.82515]},"66":{"weight":1.0,"played":[0.0,1.0],"evs":[0.0,2.30378]},"76o":{"weight":1.0,"played":[0.0,1.0],"evs":[0.0,1.54512]},"86o":{"weight":1.0,"played":[0.0,1.0],"evs":[0.0,1.48796]},"96o":{"weight":1.0,"played":[0.0,1.0],"evs":[0.0,1.38998]},"T6o":{"weight":1.0,"played":[0.0,1.0],"evs":[0.0,1.30362]},"J6o":{"weight":1.0,"played":[0.0,1.0],"evs":[0.0,1.19893]},"Q6o":{"weight":1.0,"played":[0.0,1.0],"evs":[0.0,1.34203]},"K6o":{"weight":1.0,"played":[0.0,1.0],"evs":[0.0,1.47433]},"A6o":{"weight":1.0,"played":[0.0,1.0],"evs":[0.0,1.57686]},"72s":{"weight":1.0,"played":[0.0,1.0],"evs":[0.0,1.32714]},"73s":{"weight":1.0,"played":[0.0,1.0],"evs":[0.0,1.45258]},"74s":{"weight":1.0,"played":[0.0,1.0],"evs":[0.0,1.63665]},"75s":{"weight":1.0,"played":[0.0,1.0],"evs":[0.0,1.77041]},"76s":{"weight":1.0,"played":[0.0,1.0],"evs":[0.0,1.86828]},"77":{"weight":1.0,"played":[0.0,1.0],"evs":[0.0,2.4586]},"87o":{"weight":1.0,"played":[0.0,1.0],"evs":[0.0,1.58945]},"97o":{"weight":1.0,"played":[0.0,1.0],"evs":[0.0,1.4917]},"T7o":{"weight":1.0,"played":[0.0,1.0],"evs":[0.0,1.43144]},"J7o":{"weight":1.0,"played":[0.0,1.0],"evs":[0.0,1.3266]},"Q7o":{"weight":1.0,"played":[0.0,1.0],"evs":[0.0,1.33777]},"K7o":{"weight":1.0,"played":[0.0,1.0],"evs":[0.0,1.48682]},"A7o":{"weight":1.0,"played":[0.0,1.0],"evs":[0.0,1.66349]},"82s":{"weight":1.0,"played":[0.0,1.0],"evs":[0.0,1.36964]},"83s":{"weight":1.0,"played":[0.0,1.0],"evs":[0.0,1.36669]},"84s":{"weight":1.0,"played":[0.0,1.0],"evs":[0.0,1.51485]},"85s":{"weight":1.0,"played":[0.0,1.0],"evs":[0.0,1.7246]},"86s":{"weight":1.0,"played":[0.0,1.0],"evs":[0.0,1.80672]},"87s":{"weight":1.0,"played":[0.0,1.0],"evs":[0.0,1.94051]},"88":{"weight":1.0,"played":[0.0,1.0],"evs":[0.0,2.55345]},"98o":{"weight":1.0,"played":[0.0,1.0],"evs":[0.0,1.57578]},"T8o":{"weight":1.0,"played":[0.0,1.0],"evs":[0.0,1.54929]},"J8o":{"weight":1.0,"played":[0.0,1.0],"evs":[0.0,1.4574]},"Q8o":{"weight":1.0,"played":[0.0,1.0],"evs":[0.0,1.47501]},"K8o":{"weight":1.0,"played":[0.0,1.0],"evs":[0.0,1.5625]},"A8o":{"weight":1.0,"played":[0.0,1.0],"evs":[0.0,1.73593]},"92s":{"weight":1.0,"played":[0.0,1.0],"evs":[0.0,1.3847]},"93s":{"weight":1.0,"played":[0.0,1.0],"evs":[0.0,1.37668]},"94s":{"weight":1.0,"played":[0.0,1.0],"evs":[0.0,1.43321]},"95s":{"weight":1.0,"played":[0.0,1.0],"evs":[0.0,1.55803]},"96s":{"weight":1.0,"played":[0.0,1.0],"evs":[0.0,1.74482]},"97s":{"weight":1.0,"played":[0.0,1.0],"evs":[0.0,1.81627]},"98s":{"weight":1.0,"played":[0.0,1.0],"evs":[0.0,1.96146]},"99":{"weight":1.0,"played":[0.0,1.0],"evs":[0.0,2.74322]},"T9o":{"weight":1.0,"played":[0.0,1.0],"evs":[0.0,1.67534]},"J9o":{"weight":1.0,"played":[0.0,1.0],"evs":[0.0,1.54102]},"Q9o":{"weight":1.0,"played":[0.0,1.0],"evs":[0.0,1.60708]},"K9o":{"weight":1.0,"played":[0.0,1.0],"evs":[0.0,1.68658]},"A9o":{"weight":1.0,"played":[0.0,1.0],"evs":[0.0,1.88614]},"T2s":{"weight":1.0,"played":[0.0,1.0],"evs":[0.0,1.41786]},"T3s":{"weight":1.0,"played":[0.0,1.0],"evs":[0.0,1.449]},"T4s":{"weight":1.0,"played":[0.0,1.0],"evs":[0.0,1.43119]},"T5s":{"weight":1.0,"played":[0.0,1.0],"evs":[0.0,1.52737]},"T6s":{"weight":1.0,"played":[0.0,1.0],"evs":[0.0,1.67636]},"T7s":{"weight":1.0,"played":[0.0,1.0],"evs":[0.0,1.7962]},"T8s":{"weight":1.0,"played":[0.0,1.0],"evs":[0.0,1.93539]},"T9s":{"weight":1.0,"played":[0.0,1.0],"evs":[0.0,2.02858]},"TT":{"weight":1.0,"played":[0.0,1.0],"evs":[0.0,3.08716]},"JTo":{"weight":1.0,"played":[0.0,1.0],"evs":[0.0,1.71677]},"QTo":{"weight":1.0,"played":[0.0,1.0],"evs":[0.0,1.79249]},"KTo":{"weight":1.0,"played":[0.0,1.0],"evs":[0.0,1.92646]},"ATo":{"weight":1.0,"played":[0.0,1.0],"evs":[0.0,2.1446]},"J2s":{"weight":1.0,"played":[0.0,1.0],"evs":[0.0,1.45694]},"J3s":{"weight":1.0,"played":[0.0,1.0],"evs":[0.0,1.47634]},"J4s":{"weight":1.0,"played":[0.0,1.0],"evs":[0.0,1.49196]},"J5s":{"weight":1.0,"played":[0.0,1.0],"evs":[0.0,1.51686]},"J6s":{"weight":1.0,"played":[0.0,1.0],"evs":[0.0,1.57879]},"J7s":{"weight":1.0,"played":[0.0,1.0],"evs":[0.0,1.6363]},"J8s":{"weight":1.0,"played":[0.0,1.0],"evs":[0.0,1.77407]},"J9s":{"weight":1.0,"played":[0.0,1.0],"evs":[0.0,1.89686]},"JTs":{"weight":1.0,"played":[0.0,1.0],"evs":[0.0,2.07544]},"JJ":{"weight":1.0,"played":[0.0,1.0],"evs":[0.0,3.45087]},"QJo":{"weight":1.0,"played":[0.0,1.0],"evs":[0.0,1.86649]},"KJo":{"weight":1.0,"played":[0.0,1.0],"evs":[0.0,2.01283]},"AJo":{"weight":1.0,"played":[0.0,1.0],"evs":[0.0,2.30542]},"Q2s":{"weight":1.0,"played":[0.0,1.0],"evs":[0.0,1.4729]},"Q3s":{"weight":1.0,"played":[0.0,1.0],"evs":[0.0,1.53544]},"Q4s":{"weight":1.0,"played":[0.0,1.0],"evs":[0.0,1.54294]},"Q5s":{"weight":1.0,"played":[0.0,1.0],"evs":[0.0,1.67031]},"Q6s":{"weight":1.0,"played":[0.0,1.0],"evs":[0.0,1.72153]},"Q7s":{"weight":1.0,"played":[0.0,1.0],"evs":[0.0,1.69753]},"Q8s":{"weight":1.0,"played":[0.0,1.0],"evs":[0.0,1.83871]},"Q9s":{"weight":1.0,"played":[0.0,1.0],"evs":[0.0,1.95098]},"QTs":{"weight":1.0,"played":[0.0,1.0],"evs":[0.0,2.11729]},"QJs":{"weight":1.0,"played":[0.0,1.0],"evs":[0.0,2.14376]},"QQ":{"weight":1.0,"played":[0.0,1.0],"evs":[0.0,4.02204]},"KQo":{"weight":1.0,"played":[0.0,1.0],"evs":[0.0,2.22936]},"AQo":{"weight":1.0,"played":[0.0,1.0],"evs":[0.0,2.61803]},"K2s":{"weight":1.0,"played":[0.0,1.0],"evs":[0.0,1.6292]},"K3s":{"weight":1.0,"played":[0.0,1.0],"evs":[0.0,1.68639]},"K4s":{"weight":1.0,"played":[0.0,1.0],"evs":[0.0,1.6766]},"K5s":{"weight":1.0,"played":[0.0,1.0],"evs":[0.0,1.76462]},"K6s":{"weight":1.0,"played":[0.0,1.0],"evs":[0.0,1.90262]},"K7s":{"weight":1.0,"played":[0.0,1.0],"evs":[0.0,1.89711]},"K8s":{"weight":1.0,"played":[0.0,1.0],"evs":[0.0,1.87406]},"K9s":{"weight":1.0,"played":[0.0,1.0],"evs":[0.0,2.01889]},"KTs":{"weight":1.0,"played":[0.0,1.0],"evs":[0.0,2.2409]},"KJs":{"weight":1.0,"played":[0.0,1.0],"evs":[0.0,2.32008]},"KQs":{"weight":1.0,"played":[0.0,1.0],"evs":[0.0,2.54701]},"KK":{"weight":1.0,"played":[0.0,1.0],"evs":[0.0,4.73915]},"AKo":{"weight":1.0,"played":[0.0,1.0],"evs":[0.0,3.02707]},"A2s":{"weight":1.0,"played":[0.0,1.0],"evs":[0.0,1.8149]},"A3s":{"weight":1.0,"played":[0.0,1.0],"evs":[0.0,1.88633]},"A4s":{"weight":1.0,"played":[0.0,1.0],"evs":[0.0,1.86035]},"A5s":{"weight":1.0,"played":[0.0,1.0],"evs":[0.0,1.96366]},"A6s":{"weight":1.0,"played":[0.0,1.0],"evs":[0.0,1.94515]},"A7s":{"weight":1.0,"played":[0.0,1.0],"evs":[0.0,2.04666]},"A8s":{"weight":1.0,"played":[0.0,1.0],"evs":[0.0,2.15619]},"A9s":{"weight":1.0,"played":[0.0,1.0],"evs":[0.0,2.24154]},"ATs":{"weight":1.0,"played":[0.0,1.0],"evs":[0.0,2.47708]},"AJs":{"weight":1.0,"played":[0.0,1.0],"evs":[0.0,2.63837]},"AQs":{"weight":1.0,"played":[0.0,1.0],"evs":[0.0,3.00462]},"AKs":{"weight":1.0,"played":[0.0,1.0],"evs":[0.0,3.36506]},"AA":{"weight":1.0,"played":[0.0,1.0],"evs":[0.0,5.86457]}}}