{"player":3,"street":0,"children":2,"sequence":[{"player":0,"type":"R","amount":3360000,"street":0},{"player":1,"type":"F","amount":0,"street":0},{"player":2,"type":"C","amount":1120000,"street":0},{"player":3,"type":"C","amount":3360000,"street":0},{"player":4,"type":"R","amount":8160000,"street":0},{"player":5,"type":"C","amount":0,"street":0}],"actions":[{"type":"F","amount":0},{"type":"C","amount":4800000}],"hands":{"22":{"weight":2.0E-4,"played":[0.0,1.0],"evs":[0.0,2.97254]},"32o":{"weight":0.0,"played":[0.0,1.0],"evs":[0.0,0.96276]},"42o":{"weight":0.0,"played":[0.0,1.0],"evs":[0.0,1.07162]},"52o":{"weight":0.0,"played":[0.0,1.0],"evs":[0.0,1.18032]},"62o":{"weight":0.0,"played":[0.0,1.0],"evs":[0.0,1.04287]},"72o":{"weight":0.0,"played":[0.0,1.0],"evs":[0.0,0.97234]},"82o":{"weight":0.0,"played":[0.0,1.0],"evs":[0.0,1.13729]},"92o":{"weight":0.0,"played":[0.0,1.0],"evs":[0.0,1.3242]},"T2o":{"weight":0.0,"played":[0.0,1.0],"evs":[0.0,1.45515]},"J2o":{"weight":0.0,"played":[0.0,1.0],"evs":[0.0,1.63286]},"Q2o":{"weight":3.0E-4,"played":[0.0,1.0],"evs":[0.0,1.95932]},"K2o":{"weight":0.0,"played":[0.0,1.0],"evs":[0.0,2.2521]},"A2o":{"weight":0.0,"played":[0.0,1.0],"evs":[0.0,2.69572]},"32s":{"weight":3.0E-4,"played":[0.0,1.0],"evs":[0.0,1.69408]},"33":{"weight":0.0,"played":[0.0,1.0],"evs":[0.0,3.32523]},"43o":{"weight":0.0,"played":[0.0,1.0],"evs":[0.0,1.37874]},"53o":{"weight":0.0,"played":[0.0,1.0],"evs":[0.0,1.5739]},"63o":{"weight":0.0,"played":[0.0,1.0],"evs":[0.0,1.39845]},"73o":{"weight":0.0,"played":[0.0,1.0],"evs":[0.0,1.28417]},"83o":{"weight":0.0,"played":[0.0,1.0],"evs":[0.0,1.15878]},"93o":{"weight":0.0,"played":[0.0,1.0],"evs":[0.0,1.42005]},"T3o":{"weight":0.0,"played":[0.0,1.0],"evs":[0.0,1.57574]},"J3o":{"weight":1.0E-4,"played":[0.0,1.0],"evs":[0.0,1.72568]},"Q3o":{"weight":0.0,"played":[0.0,1.0],"evs":[0.0,2.08836]},"K3o":{"weight":0.0,"played":[0.0,1.0],"evs":[0.0,2.41314]},"A3o":{"weight":0.0,"played":[0.0,1.0],"evs":[0.0,2.8463]},"42s":{"weight":0.0209,"played":[0.0,1.0],"evs":[0.0,1.79774]},"43s":{"weight":0.0637,"played":[0.0,1.0],"evs":[0.0,2.09398]},"44":{"weight":0.0,"played":[0.0,1.0],"evs":[0.0,3.65518]},"54o":{"weight":0.0155,"played":[0.0,1.0],"evs":[0.0,1.84648]},"64o":{"weight":2.0E-4,"played":[0.0,1.0],"evs":[0.0,1.72288]},"74o":{"weight":0.0,"played":[0.0,1.0],"evs":[0.0,1.61976]},"84o":{"weight":0.0,"played":[0.0,1.0],"evs":[0.0,1.54788]},"94o":{"weight":0.0,"played":[0.0,1.0],"evs":[0.0,1.45578]},"T4o":{"weight":0.0,"played":[0.0,1.0],"evs":[0.0,1.6747]},"J4o":{"weight":0.0,"played":[0.0,1.0],"evs":[0.0,1.86973]},"Q4o":{"weight":0.0,"played":[0.0,1.0],"evs":[0.0,2.16333]},"K4o":{"weight":0.0,"played":[0.0,1.0],"evs":[0.0,2.49088]},"A4o":{"weight":0.0,"played":[0.0,1.0],"evs":[0.0,2.91336]},"52s":{"weight":0.3188,"played":[0.0,1.0],"evs":[0.0,1.88517]},"53s":{"weight":0.007,"played":[0.0,1.0],"evs":[0.0,2.25193]},"54s":{"weight":0.0107,"played":[0.0,1.0],"evs":[0.0,2.55565]},"55":{"weight":0.0,"played":[0.0,1.0],"evs":[0.0,4.07931]},"65o":{"weight":0.0027,"played":[0.0,1.0],"evs":[0.0,2.02625]},"75o":{"weight":0.0,"played":[0.0,1.0],"evs":[0.0,1.9495]},"85o":{"weight":2.0E-4,"played":[0.0,1.0],"evs":[0.0,1.89596]},"95o":{"weight":0.0,"played":[0.0,1.0],"evs":[0.0,1.80256]},"T5o":{"weight":0.0,"played":[0.0,1.0],"evs":[0.0,1.76813]},"J5o":{"weight":0.0,"played":[0.0,1.0],"evs":[0.0,1.99877]},"Q5o":{"weight":0.0,"played":[0.0,1.0],"evs":[0.0,2.29782]},"K5o":{"weight":0.0,"played":[0.0,1.0],"evs":[0.0,2.66048]},"A5o":{"weight":0.0,"played":[0.0,1.0],"evs":[0.0,3.11997]},"62s":{"weight":0.0066,"played":[0.0,1.0],"evs":[0.0,1.83722]},"63s":{"weight":0.0024,"played":[0.0,1.0],"evs":[0.0,2.09949]},"64s":{"weight":3.0E-4,"played":[0.0,1.0],"evs":[0.0,2.43831]},"65s":{"weight":6.0E-4,"played":[0.0,1.0],"evs":[0.0,2.78173]},"66":{"weight":0.0,"played":[0.0,1.0],"evs":[0.0,4.44407]},"76o":{"weight":0.0,"played":[0.0,1.0],"evs":[0.0,2.22842]},"86o":{"weight":0.0,"played":[0.0,1.0],"evs":[0.0,2.19197]},"96o":{"weight":0.0,"played":[0.0,1.0],"evs":[0.0,2.14844]},"T6o":{"weight":0.0,"played":[0.0,1.0],"evs":[0.0,2.09502]},"J6o":{"weight":0.0,"played":[0.0,1.0],"evs":[0.0,2.09371]},"Q6o":{"weight":0.0,"played":[0.0,1.0],"evs":[0.0,2.43276]},"K6o":{"weight":0.0,"played":[0.0,1.0],"evs":[0.0,2.74293]},"A6o":{"weight":0.0,"played":[0.0,1.0],"evs":[0.0,3.04653]},"72s":{"weight":0.0013,"played":[0.0,1.0],"evs":[0.0,1.65877]},"73s":{"weight":0.0026,"played":[0.0,1.0],"evs":[0.0,1.94482]},"74s":{"weight":1.0E-4,"played":[0.0,1.0],"evs":[0.0,2.35653]},"75s":{"weight":1.0E-4,"played":[0.0,1.0],"evs":[0.0,2.68129]},"76s":{"weight":0.0,"played":[0.0,1.0],"evs":[0.0,2.94317]},"77":{"weight":0.0,"played":[0.0,1.0],"evs":[0.0,4.87344]},"87o":{"weight":0.0,"played":[0.0,1.0],"evs":[0.0,2.45032]},"97o":{"weight":0.0,"played":[0.0,1.0],"evs":[0.0,2.43496]},"T7o":{"weight":0.0,"played":[0.0,1.0],"evs":[0.0,2.40305]},"J7o":{"weight":0.0,"played":[0.0,1.0],"evs":[0.0,2.36756]},"Q7o":{"weight":0.0,"played":[0.0,1.0],"evs":[0.0,2.54083]},"K7o":{"weight":0.0,"played":[0.0,1.0],"evs":[0.0,2.858]},"A7o":{"weight":0.0,"played":[0.0,1.0],"evs":[0.0,3.23464]},"82s":{"weight":0.025,"played":[0.0,1.0],"evs":[0.0,1.9136]},"83s":{"weight":0.0118,"played":[0.0,1.0],"evs":[0.0,1.9455]},"84s":{"weight":0.0,"played":[0.0,1.0],"evs":[0.0,2.24815]},"85s":{"weight":0.0,"played":[0.0,1.0],"evs":[0.0,2.55537]},"86s":{"weight":0.0,"played":[0.0,1.0],"evs":[0.0,2.90866]},"87s":{"weight":0.0,"played":[0.0,1.0],"evs":[0.0,3.18979]},"88":{"weight":0.0,"played":[0.0,1.0],"evs":[0.0,5.27235]},"98o":{"weight":0.0,"played":[0.0,1.0],"evs":[0.0,2.69608]},"T8o":{"weight":0.0,"played":[0.0,1.0],"evs":[0.0,2.69408]},"J8o":{"weight":0.0,"played":[0.0,1.0],"evs":[0.0,2.64069]},"Q8o":{"weight":0.0,"played":[0.0,1.0],"evs":[0.0,2.81485]},"K8o":{"weight":0.0,"played":[0.0,1.0],"evs":[0.0,2.99066]},"A8o":{"weight":0.0,"played":[0.0,1.0],"evs":[0.0,3.39519]},"92s":{"weight":1.0E-4,"played":[0.0,1.0],"evs":[0.0,2.06526]},"93s":{"weight":0.0,"played":[0.0,1.0],"evs":[0.0,2.08649]},"94s":{"weight":0.0,"played":[0.0,1.0],"evs":[0.0,2.1966]},"95s":{"weight":0.0,"played":[0.0,1.0],"evs":[0.0,2.49625]},"96s":{"weight":0.0,"played":[0.0,1.0],"evs":[0.0,2.83513]},"97s":{"weight":4.0E-4,"played":[0.0,1.0],"evs":[0.0,3.09939]},"98s":{"weight":0.0,"played":[0.0,1.0],"evs":[0.0,3.37385]},"99":{"weight":0.0,"played":[0.0,1.0],"evs":[0.0,5.74812]},"T9o":{"weight":0.0,"played":[0.0,1.0],"evs":[0.0,2.98775]},"J9o":{"weight":0.0,"played":[0.0,1.0],"evs":[0.0,2.93663]},"Q9o":{"weight":0.0,"played":[0.0,1.0],"evs":[0.0,3.02741]},"K9o":{"weight":0.0,"played":[0.0,1.0],"evs":[0.0,3.27372]},"A9o":{"weight":0.0,"played":[0.0,1.0],"evs":[0.0,3.5766]},"T2s":{"weight":1.0E-4,"played":[0.0,1.0],"evs":[0.0,2.23854]},"T3s":{"weight":0.0,"played":[0.0,1.0],"evs":[0.0,2.32874]},"T4s":{"weight":0.0,"played":[0.0,1.0],"evs":[0.0,2.42371]},"T5s":{"weight":0.0,"played":[0.0,1.0],"evs":[0.0,2.5298]},"T6s":{"weight":0.0,"played":[0.0,1.0],"evs":[0.0,2.82327]},"T7s":{"weight":0.0,"played":[0.0,1.0],"evs":[0.0,3.02785]},"T8s":{"weight":0.0,"played":[0.0,1.0],"evs":[0.0,3.30862]},"T9s":{"weight":0.0,"played":[0.0,1.0],"evs":[0.0,3.62218]},"TT":{"weight":0.0,"played":[0.0,1.0],"evs":[0.0,6.37662]},"JTo":{"weight":0.0,"played":[0.0,1.0],"evs":[0.0,3.27409]},"QTo":{"weight":0.0,"played":[0.0,1.0],"evs":[0.0,3.42762]},"KTo":{"weight":0.0,"played":[0.0,1.0],"evs":[0.0,3.68406]},"ATo":{"weight":0.0,"played":[0.0,1.0],"evs":[0.0,4.04531]},"J2s":{"weight":2.0E-4,"played":[0.0,1.0],"evs":[0.0,2.36871]},"J3s":{"weight":0.0,"played":[0.0,1.0],"evs":[0.0,2.5109]},"J4s":{"weight":0.0,"played":[0.0,1.0],"evs":[0.0,2.55125]},"J5s":{"weight":0.0,"played":[0.0,1.0],"evs":[0.0,2.66606]},"J6s":{"weight":0.0,"played":[0.0,1.0],"evs":[0.0,2.76141]},"J7s":{"weight":0.0,"played":[0.0,1.0],"evs":[0.0,3.00316]},"J8s":{"weight":0.0,"played":[0.0,1.0],"evs":[0.0,3.35928]},"J9s":{"weight":0.0,"played":[0.0,1.0],"evs":[0.0,3.59823]},"JTs":{"weight":1.0E-4,"played":[0.0,1.0],"evs":[0.0,3.91503]},"JJ":{"weight":0.0,"played":[0.0,1.0],"evs":[0.0,7.02902]},"QJo":{"weight":0.0,"played":[0.0,1.0],"evs":[0.0,3.52114]},"KJo":{"weight":0.0,"played":[0.0,1.0],"evs":[0.0,3.82744]},"AJo":{"weight":0.0,"played":[0.0,1.0],"evs":[0.0,4.25768]},"Q2s":{"weight":1.0E-4,"played":[0.0,1.0],"evs":[0.0,2.70803]},"Q3s":{"weight":0.0,"played":[0.0,1.0],"evs":[0.0,2.84668]},"Q4s":{"weight":0.0,"played":[0.0,1.0],"evs":[0.0,2.88255]},"Q5s":{"weight":0.0,"played":[0.0,1.0],"evs":[0.0,2.9664]},"Q6s":{"weight":0.0,"played":[0.0,1.0],"evs":[0.0,3.14564]},"Q7s":{"weight":0.0,"played":[0.0,1.0],"evs":[0.0,3.18901]},"Q8s":{"weight":0.0,"played":[0.0,1.0],"evs":[0.0,3.4718]},"Q9s":{"weight":0.0,"played":[0.0,1.0],"evs":[0.0,3.76754]},"QTs":{"weight":0.0,"played":[0.0,1.0],"evs":[0.0,4.02501]},"QJs":{"weight":0.0,"played":[0.0,1.0],"evs":[0.0,4.09816]},"QQ":{"weight":0.0,"played":[0.0,1.0],"evs":[0.0,7.93947]},"KQo":{"weight":0.0,"played":[0.0,1.0],"evs":[0.0,4.11759]},"AQo":{"weight":0.0,"played":[0.0,1.0],"evs":[0.0,4.64317]},"K2s":{"weight":1.0E-4,"played":[0.0,1.0],"evs":[0.0,2.98651]},"K3s":{"weight":0.0,"played":[0.0,1.0],"evs":[0.0,3.1671]},"K4s":{"weight":0.0,"played":[0.0,1.0],"evs":[0.0,3.18467]},"K5s":{"weight":0.0,"played":[0.0,1.0],"evs":[0.0,3.31652]},"K6s":{"weight":0.0,"played":[0.0,1.0],"evs":[0.0,3.44476]},"K7s":{"weight":0.0,"played":[0.0,1.0],"evs":[0.0,3.54689]},"K8s":{"weight":0.0,"played":[0.0,1.0],"evs":[0.0,3.65762]},"K9s":{"weight":0.0,"played":[0.0,1.0],"evs":[0.0,3.97189]},"KTs":{"weight":0.0,"played":[0.0,1.0],"evs":[0.0,4.39427]},"KJs":{"weight":0.0,"played":[0.0,1.0],"evs":[0.0,4.53882]},"KQs":{"weight":0.0,"played":[0.0,1.0],"evs":[0.0,4.76965]},"KK":{"weight":0.0,"played":[0.0,1.0],"evs":[0.0,8.98719]},"AKo":{"weight":0.0,"played":[0.0,1.0],"evs":[0.0,5.09319]},"A2s":{"weight":0.0,"played":[0.0,1.0],"evs":[0.0,3.44851]},"A3s":{"weight":0.0,"played":[0.0,1.0],"evs":[0.0,3.52516]},"A4s":{"weight":0.0,"played":[0.0,1.0],"evs":[0.0,3.7128]},"A5s":{"weight":0.0,"played":[0.0,1.0],"evs":[0.0,3.83489]},"A6s":{"weight":0.0,"played":[0.0,1.0],"evs":[0.0,3.68082]},"A7s":{"weight":0.0,"played":[0.0,1.0],"evs":[0.0,3.97177]},"A8s":{"weight":0.0,"played":[0.0,1.0],"evs":[0.0,4.05078]},"A9s":{"weight":0.0,"played":[0.0,1.0],"evs":[0.0,4.26844]},"ATs":{"weight":0.0,"played":[0.0,1.0],"evs":[0.0,4.66033]},"AJs":{"weight":3.0E-4,"played":[0.0,1.0],"evs":[0.0,4.87964]},"AQs":{"weight":0.0,"played":[0.0,1.0],"evs":[0.0,5.25008]},"AKs":{"weight":0.0,"played":[0.0,1.0],"evs":[0.0,5.70947]},"AA":{"weight":0.0,"played":[0.0,1.0],"evs":[0.0,10.46688]}}}