{"player":2,"street":0,"children":2,"sequence":[{"player":0,"type":"R","amount":3360000,"street":0},{"player":1,"type":"C","amount":3360000,"street":0}],"actions":[{"type":"F","amount":0,"node":25},{"type":"C","amount":1120000,"node":35}],"hands":{"22":{"weight":1.0,"played":[1.0,0.0],"evs":[0.0,-1.20683]},"32o":{"weight":1.0,"played":[1.0,0.0],"evs":[0.0,-1.90704]},"42o":{"weight":1.0,"played":[1.0,0.0],"evs":[0.0,-1.82512]},"52o":{"weight":1.0,"played":[1.0,0.0],"evs":[0.0,-1.78712]},"62o":{"weight":1.0,"played":[1.0,0.0],"evs":[0.0,-1.9166]},"72o":{"weight":1.0,"played":[1.0,0.0],"evs":[0.0,-2.04384]},"82o":{"weight":1.0,"played":[1.0,0.0],"evs":[0.0,-2.04575]},"92o":{"weight":1.0,"played":[1.0,0.0],"evs":[0.0,-2.06535]},"T2o":{"weight":1.0,"played":[1.0,0.0],"evs":[0.0,-2.02153]},"J2o":{"weight":1.0,"played":[1.0,0.0],"evs":[0.0,-1.92454]},"Q2o":{"weight":1.0,"played":[1.0,0.0],"evs":[0.0,-1.77307]},"K2o":{"weight":1.0,"played":[1.0,0.0],"evs":[0.0,-1.71205]},"A2o":{"weight":1.0,"played":[1.0,0.0],"evs":[0.0,-1.35295]},"32s":{"weight":1.0,"played":[1.0,0.0],"evs":[0.0,-1.45599]},"33":{"weight":1.0,"played":[1.0,0.0],"evs":[0.0,-1.12754]},"43o":{"weight":1.0,"played":[1.0,0.0],"evs":[0.0,-1.66609]},"53o":{"weight":1.0,"played":[1.0,0.0],"evs":[0.0,-1.60251]},"63o":{"weight":1.0,"played":[1.0,0.0],"evs":[0.0,-1.73173]},"73o":{"weight":1.0,"played":[1.0,0.0],"evs":[0.0,-1.8645]},"83o":{"weight":1.0,"played":[1.0,0.0],"evs":[0.0,-2.00791]},"93o":{"weight":1.0,"played":[1.0,0.0],"evs":[0.0,-2.01192]},"T3o":{"weight":1.0,"played":[1.0,0.0],"evs":[0.0,-1.95201]},"J3o":{"weight":1.0,"played":[1.0,0.0],"evs":[0.0,-1.86508]},"Q3o":{"weight":1.0,"played":[1.0,0.0],"evs":[0.0,-1.70607]},"K3o":{"weight":1.0,"played":[1.0,0.0],"evs":[0.0,-1.65916]},"A3o":{"weight":1.0,"played":[1.0,0.0],"evs":[0.0,-1.26118]},"42s":{"weight":1.0,"played":[1.0,0.0],"evs":[0.0,-1.37499]},"43s":{"weight":1.0,"played":[1.0,0.0],"evs":[0.0,-1.1996]},"44":{"weight":1.0,"played":[1.0,0.0],"evs":[0.0,-1.01677]},"54o":{"weight":1.0,"played":[1.0,0.0],"evs":[0.0,-1.45609]},"64o":{"weight":1.0,"played":[1.0,0.0],"evs":[0.0,-1.55673]},"74o":{"weight":1.0,"played":[1.0,0.0],"evs":[0.0,-1.68028]},"84o":{"weight":1.0,"played":[1.0,0.0],"evs":[0.0,-1.84477]},"94o":{"weight":1.0,"played":[1.0,0.0],"evs":[0.0,-1.97538]},"T4o":{"weight":1.0,"played":[1.0,0.0],"evs":[0.0,-1.91219]},"J4o":{"weight":1.0,"played":[1.0,0.0],"evs":[0.0,-1.83075]},"Q4o":{"weight":1.0,"played":[1.0,0.0],"evs":[0.0,-1.66967]},"K4o":{"weight":1.0,"played":[1.0,0.0],"evs":[0.0,-1.61078]},"A4o":{"weight":1.0,"played":[1.0,0.0],"evs":[0.0,-1.18058]},"52s":{"weight":1.0,"played":[1.0,0.0],"evs":[0.0,-1.33276]},"53s":{"weight":1.0,"played":[1.0,0.0],"evs":[0.0,-1.21057]},"54s":{"weight":1.0,"played":[1.0,0.0],"evs":[0.0,-1.05141]},"55":{"weight":1.0,"played":[1.0,0.0],"evs":[0.0,-0.95089]},"65o":{"weight":1.0,"played":[1.0,0.0],"evs":[0.0,-1.43011]},"75o":{"weight":1.0,"played":[1.0,0.0],"evs":[0.0,-1.51878]},"85o":{"weight":1.0,"played":[1.0,0.0],"evs":[0.0,-1.68177]},"95o":{"weight":1.0,"played":[1.0,0.0],"evs":[0.0,-1.82318]},"T5o":{"weight":1.0,"played":[1.0,0.0],"evs":[0.0,-1.89459]},"J5o":{"weight":1.0,"played":[1.0,0.0],"evs":[0.0,-1.7993]},"Q5o":{"weight":1.0,"played":[1.0,0.0],"evs":[0.0,-1.61182]},"K5o":{"weight":1.0,"played":[1.0,0.0],"evs":[0.0,-1.56586]},"A5o":{"weight":1.0,"played":[1.0,0.0],"evs":[0.0,-1.12879]},"62s":{"weight":1.0,"played":[1.0,0.0],"evs":[0.0,-1.49902]},"63s":{"weight":1.0,"played":[1.0,0.0],"evs":[0.0,-1.32312]},"64s":{"weight":1.0,"played":[1.0,0.0],"evs":[0.0,-1.1153]},"65s":{"weight":1.0,"played":[1.0,0.0],"evs":[0.0,-1.02969]},"66":{"weight":1.0,"played":[1.0,0.0],"evs":[0.0,-0.85009]},"76o":{"weight":1.0,"played":[1.0,0.0],"evs":[0.0,-1.41057]},"86o":{"weight":1.0,"played":[1.0,0.0],"evs":[0.0,-1.55604]},"96o":{"weight":1.0,"played":[1.0,0.0],"evs":[0.0,-1.6873]},"T6o":{"weight":1.0,"played":[1.0,0.0],"evs":[0.0,-1.77645]},"J6o":{"weight":1.0,"played":[1.0,0.0],"evs":[0.0,-1.78167]},"Q6o":{"weight":1.0,"played":[1.0,0.0],"evs":[0.0,-1.62689]},"K6o":{"weight":1.0,"played":[1.0,0.0],"evs":[0.0,-1.5193]},"A6o":{"weight":1.0,"played":[1.0,0.0],"evs":[0.0,-1.2457]},"72s":{"weight":1.0,"played":[1.0,0.0],"evs":[0.0,-1.58316]},"73s":{"weight":1.0,"played":[1.0,0.0],"evs":[0.0,-1.43048]},"74s":{"weight":1.0,"played":[1.0,0.0],"evs":[0.0,-1.25418]},"75s":{"weight":1.0,"played":[1.0,0.0],"evs":[0.0,-1.08844]},"76s":{"weight":1.0,"played":[1.0,0.0],"evs":[0.0,-0.99681]},"77":{"weight":1.0,"played":[1.0,0.0],"evs":[0.0,-0.70511]},"87o":{"weight":1.0,"played":[1.0,0.0],"evs":[0.0,-1.42485]},"97o":{"weight":1.0,"played":[1.0,0.0],"evs":[0.0,-1.51687]},"T7o":{"weight":1.0,"played":[1.0,0.0],"evs":[0.0,-1.6146]},"J7o":{"weight":1.0,"played":[1.0,0.0],"evs":[0.0,-1.64664]},"Q7o":{"weight":1.0,"played":[1.0,0.0],"evs":[0.0,-1.5818]},"K7o":{"weight":1.0,"played":[1.0,0.0],"evs":[0.0,-1.47672]},"A7o":{"weight":1.0,"played":[1.0,0.0],"evs":[0.0,-1.16885]},"82s":{"weight":1.0,"played":[1.0,0.0],"evs":[0.0,-1.58325]},"83s":{"weight":1.0,"played":[1.0,0.0],"evs":[0.0,-1.55247]},"84s":{"weight":1.0,"played":[1.0,0.0],"evs":[0.0,-1.41689]},"85s":{"weight":1.0,"played":[1.0,0.0],"evs":[0.0,-1.23659]},"86s":{"weight":1.0,"played":[1.0,0.0],"evs":[0.0,-1.11893]},"87s":{"weight":1.0,"played":[1.0,0.0],"evs":[0.0,-0.98004]},"88":{"weight":1.0,"played":[1.0,0.0],"evs":[0.0,-0.58658]},"98o":{"weight":1.0,"played":[1.0,0.0],"evs":[0.0,-1.46425]},"T8o":{"weight":1.0,"played":[1.0,0.0],"evs":[0.0,-1.49762]},"J8o":{"weight":1.0,"played":[1.0,0.0],"evs":[0.0,-1.54161]},"Q8o":{"weight":1.0,"played":[1.0,0.0],"evs":[0.0,-1.43033]},"K8o":{"weight":1.0,"played":[1.0,0.0],"evs":[0.0,-1.44544]},"A8o":{"weight":1.0,"played":[1.0,0.0],"evs":[0.0,-1.08519]},"92s":{"weight":1.0,"played":[1.0,0.0],"evs":[0.0,-1.60298]},"93s":{"weight":1.0,"played":[1.0,0.0],"evs":[0.0,-1.54243]},"94s":{"weight":1.0,"played":[1.0,0.0],"evs":[0.0,-1.5052]},"95s":{"weight":1.0,"played":[1.0,0.0],"evs":[0.0,-1.34956]},"96s":{"weight":1.0,"played":[1.0,0.0],"evs":[0.0,-1.25749]},"97s":{"weight":1.0,"played":[1.0,0.0],"evs":[0.0,-1.07934]},"98s":{"weight":1.0,"played":[1.0,0.0],"evs":[0.0,-1.02566]},"99":{"weight":1.0,"played":[1.0,0.0],"evs":[0.0,-0.38828]},"T9o":{"weight":1.0,"played":[1.0,0.0],"evs":[0.0,-1.35712]},"J9o":{"weight":1.0,"played":[1.0,0.0],"evs":[0.0,-1.404]},"Q9o":{"weight":1.0,"played":[1.0,0.0],"evs":[0.0,-1.32812]},"K9o":{"weight":1.0,"played":[1.0,0.0],"evs":[0.0,-1.26189]},"A9o":{"weight":1.0,"played":[1.0,0.0],"evs":[0.0,-1.00471]},"T2s":{"weight":1.0,"played":[1.0,0.0],"evs":[0.0,-1.53664]},"T3s":{"weight":1.0,"played":[1.0,0.0],"evs":[0.0,-1.48831]},"T4s":{"weight":1.0,"played":[1.0,0.0],"evs":[0.0,-1.44176]},"T5s":{"weight":1.0,"played":[1.0,0.0],"evs":[0.0,-1.4269]},"T6s":{"weight":1.0,"played":[1.0,0.0],"evs":[0.0,-1.31205]},"T7s":{"weight":1.0,"played":[1.0,0.0],"evs":[0.0,-1.15507]},"T8s":{"weight":1.0,"played":[1.0,0.0],"evs":[0.0,-1.01676]},"T9s":{"weight":1.0,"played":[1.0,0.0],"evs":[0.0,-0.93236]},"TT":{"weight":1.0,"played":[1.0,0.0],"evs":[0.0,-0.11905]},"JTo":{"weight":1.0,"played":[1.0,0.0],"evs":[0.0,-1.13254]},"QTo":{"weight":1.0,"played":[1.0,0.0],"evs":[0.0,-1.0515]},"KTo":{"weight":1.0,"played":[1.0,0.0],"evs":[0.0,-0.9891]},"ATo":{"weight":1.0,"played":[1.0,0.0],"evs":[0.0,-0.70777]},"J2s":{"weight":1.0,"played":[1.0,0.0],"evs":[0.0,-1.47183]},"J3s":{"weight":1.0,"played":[1.0,0.0],"evs":[0.0,-1.41989]},"J4s":{"weight":1.0,"played":[1.0,0.0],"evs":[0.0,-1.32243]},"J5s":{"weight":1.0,"played":[1.0,0.0],"evs":[0.0,-1.34023]},"J6s":{"weight":1.0,"played":[1.0,0.0],"evs":[0.0,-1.31661]},"J7s":{"weight":1.0,"played":[1.0,0.0],"evs":[0.0,-1.20349]},"J8s":{"weight":1.0,"played":[1.0,0.0],"evs":[0.0,-1.07529]},"J9s":{"weight":1.0,"played":[1.0,0.0],"evs":[0.0,-0.98961]},"JTs":{"weight":1.0,"played":[1.0,0.0],"evs":[0.0,-0.70798]},"JJ":{"weight":1.0,"played":[0.0,1.0],"evs":[0.0,0.26455]},"QJo":{"weight":1.0,"played":[1.0,0.0],"evs":[0.0,-0.93198]},"KJo":{"weight":1.0,"played":[1.0,0.0],"evs":[0.0,-0.84641]},"AJo":{"weight":1.0,"played":[1.0,0.0],"evs":[0.0,-0.56533]},"Q2s":{"weight":1.0,"played":[1.0,0.0],"evs":[0.0,-1.28653]},"Q3s":{"weight":1.0,"played":[1.0,0.0],"evs":[0.0,-1.21294]},"Q4s":{"weight":1.0,"played":[1.0,0.0],"evs":[0.0,-1.21688]},"Q5s":{"weight":1.0,"played":[1.0,0.0],"evs":[0.0,-1.1767]},"Q6s":{"weight":1.0,"played":[1.0,0.0],"evs":[0.0,-1.14258]},"Q7s":{"weight":1.0,"played":[1.0,0.0],"evs":[0.0,-1.10034]},"Q8s":{"weight":1.0,"played":[1.0,0.0],"evs":[0.0,-0.97658]},"Q9s":{"weight":1.0,"played":[1.0,0.0],"evs":[0.0,-0.88085]},"QTs":{"weight":1.0,"played":[1.0,0.0],"evs":[0.0,-0.61166]},"QJs":{"weight":1.0,"played":[1.0,0.0],"evs":[0.0,-0.52796]},"QQ":{"weight":1.0,"played":[0.0,1.0],"evs":[0.0,1.00797]},"KQo":{"weight":1.0,"played":[1.0,0.0],"evs":[0.0,-0.59105]},"AQo":{"weight":1.0,"played":[1.0,0.0],"evs":[0.0,-0.25534]},"K2s":{"weight":1.0,"played":[1.0,0.0],"evs":[0.0,-1.23489]},"K3s":{"weight":1.0,"played":[1.0,0.0],"evs":[0.0,-1.15867]},"K4s":{"weight":1.0,"played":[1.0,0.0],"evs":[0.0,-1.10081]},"K5s":{"weight":1.0,"played":[1.0,0.0],"evs":[0.0,-1.04176]},"K6s":{"weight":1.0,"played":[1.0,0.0],"evs":[0.0,-1.03434]},"K7s":{"weight":1.0,"played":[1.0,0.0],"evs":[0.0,-0.9752]},"K8s":{"weight":1.0,"played":[1.0,0.0],"evs":[0.0,-0.98167]},"K9s":{"weight":1.0,"played":[1.0,0.0],"evs":[0.0,-0.74776]},"KTs":{"weight":1.0,"played":[1.0,0.0],"evs":[0.0,-0.51494]},"KJs":{"weight":1.0,"played":[1.0,0.0],"evs":[0.0,-0.40576]},"KQs":{"weight":1.0,"played":[0.996,0.004],"evs":[0.0,-0.18548]},"KK":{"weight":1.0,"played":[0.0,1.0],"evs":[0.0,1.82922]},"AKo":{"weight":1.0,"played":[6.0E-4,0.9994],"evs":[0.0,0.02013]},"A2s":{"weight":1.0,"played":[1.0,0.0],"evs":[0.0,-0.84132]},"A3s":{"weight":1.0,"played":[1.0,0.0],"evs":[0.0,-0.77513]},"A4s":{"weight":1.0,"played":[1.0,0.0],"evs":[0.0,-0.66322]},"A5s":{"weight":1.0,"played":[1.0,0.0],"evs":[0.0,-0.62787]},"A6s":{"weight":1.0,"played":[1.0,0.0],"evs":[0.0,-0.74279]},"A7s":{"weight":1.0,"played":[1.0,0.0],"evs":[0.0,-0.65486]},"A8s":{"weight":1.0,"played":[1.0,0.0],"evs":[0.0,-0.58761]},"A9s":{"weight":1.0,"played":[0.9999,1.0E-4],"evs":[0.0,-0.49203]},"ATs":{"weight":1.0,"played":[1.0,0.0],"evs":[0.0,-0.24981]},"AJs":{"weight":1.0,"played":[0.9875,0.0125],"evs":[0.0,-0.1329]},"AQs":{"weight":1.0,"played":[0.0,1.0],"evs":[0.0,0.16708]},"AKs":{"weight":1.0,"played":[0.0,1.0],"evs":[0.0,0.46469]},"AA":{"weight":1.0,"played":[0.0,1.0],"evs":[0.0,3.20407]}}}