{"player":1,"street":0,"children":2,"sequence":[{"player":0,"type":"R","amount":3360000,"street":0},{"player":1,"type":"C","amount":3360000,"street":0},{"player":2,"type":"C","amount":1120000,"street":0},{"player":3,"type":"R","amount":8160000,"street":0},{"player":4,"type":"F","amount":0,"street":0},{"player":5,"type":"C","amount":0,"street":0}],"actions":[{"type":"F","amount":0},{"type":"C","amount":4800000}],"hands":{"22":{"weight":0.0,"played":[0.0,1.0],"evs":[0.0,2.5885]},"32o":{"weight":0.0,"played":[1.0E-4,0.9999],"evs":[0.0,1.16203]},"42o":{"weight":0.0,"played":[0.0,1.0],"evs":[0.0,1.12621]},"52o":{"weight":0.0,"played":[0.0,1.0],"evs":[0.0,1.34543]},"62o":{"weight":0.0,"played":[0.0,1.0],"evs":[0.0,1.31701]},"72o":{"weight":0.0,"played":[0.0,1.0],"evs":[0.0,1.16589]},"82o":{"weight":0.0,"played":[0.0,1.0],"evs":[0.0,1.20608]},"92o":{"weight":0.0,"played":[0.0,1.0],"evs":[0.0,1.27953]},"T2o":{"weight":0.0,"played":[0.0,1.0],"evs":[0.0,1.24941]},"J2o":{"weight":0.0,"played":[0.0,1.0],"evs":[0.0,1.21201]},"Q2o":{"weight":0.0,"played":[0.0,1.0],"evs":[0.0,1.40148]},"K2o":{"weight":0.0,"played":[0.0,1.0],"evs":[0.0,1.31664]},"A2o":{"weight":0.0,"played":[0.0,1.0],"evs":[0.0,1.73757]},"32s":{"weight":0.0,"played":[0.0,1.0],"evs":[0.0,1.73334]},"33":{"weight":0.0,"played":[0.0,1.0],"evs":[0.0,2.99186]},"43o":{"weight":0.0,"played":[0.0,1.0],"evs":[0.0,1.38388]},"53o":{"weight":0.0,"played":[0.0,1.0],"evs":[0.0,1.69851]},"63o":{"weight":0.0,"played":[0.0,1.0],"evs":[0.0,1.45829]},"73o":{"weight":0.0,"played":[0.0,1.0],"evs":[0.0,1.44197]},"83o":{"weight":0.0,"played":[0.0,1.0],"evs":[0.0,1.23031]},"93o":{"weight":0.0,"played":[0.0,1.0],"evs":[0.0,1.32321]},"T3o":{"weight":0.0,"played":[0.0,1.0],"evs":[0.0,1.30275]},"J3o":{"weight":0.0,"played":[0.0,1.0],"evs":[0.0,1.37947]},"Q3o":{"weight":0.0,"played":[0.0,1.0],"evs":[0.0,1.45268]},"K3o":{"weight":0.0,"played":[0.0,1.0],"evs":[0.0,1.33495]},"A3o":{"weight":2.0E-4,"played":[0.0,1.0],"evs":[0.0,1.86928]},"42s":{"weight":0.0,"played":[0.0,1.0],"evs":[0.0,1.83513]},"43s":{"weight":0.0,"played":[0.0,1.0],"evs":[0.0,2.21234]},"44":{"weight":0.0,"played":[0.0,1.0],"evs":[0.0,3.0322]},"54o":{"weight":0.0,"played":[0.0,1.0],"evs":[0.0,1.87096]},"64o":{"weight":0.0,"played":[0.0,1.0],"evs":[0.0,1.75637]},"74o":{"weight":0.0,"played":[0.0,1.0],"evs":[0.0,1.73128]},"84o":{"weight":0.0,"played":[0.0,1.0],"evs":[0.0,1.56443]},"94o":{"weight":0.0,"played":[0.0,1.0],"evs":[0.0,1.28202]},"T4o":{"weight":0.0,"played":[0.0,1.0],"evs":[0.0,1.42173]},"J4o":{"weight":0.0,"played":[0.0,1.0],"evs":[0.0,1.36548]},"Q4o":{"weight":0.0,"played":[0.0,1.0],"evs":[0.0,1.48425]},"K4o":{"weight":0.0,"played":[0.0,1.0],"evs":[0.0,1.48524]},"A4o":{"weight":0.0,"played":[0.0,1.0],"evs":[0.0,1.97222]},"52s":{"weight":0.0,"played":[0.0,1.0],"evs":[0.0,1.83762]},"53s":{"weight":0.0,"played":[0.0,1.0],"evs":[0.0,2.22702]},"54s":{"weight":0.0,"played":[0.0,1.0],"evs":[0.0,2.39073]},"55":{"weight":0.0,"played":[0.0,1.0],"evs":[0.0,3.5474]},"65o":{"weight":0.0,"played":[0.0,1.0],"evs":[0.0,2.19322]},"75o":{"weight":0.0,"played":[0.0,1.0],"evs":[0.0,1.97135]},"85o":{"weight":0.0,"played":[0.0,1.0],"evs":[0.0,1.76274]},"95o":{"weight":0.0,"played":[0.0,1.0],"evs":[0.0,1.6919]},"T5o":{"weight":0.0,"played":[0.0,1.0],"evs":[0.0,1.54405]},"J5o":{"weight":0.0,"played":[0.0,1.0],"evs":[0.0,1.46928]},"Q5o":{"weight":0.0,"played":[0.0,1.0],"evs":[0.0,1.57828]},"K5o":{"weight":0.0,"played":[0.0,1.0],"evs":[0.0,1.66706]},"A5o":{"weight":0.0,"played":[0.0,1.0],"evs":[0.0,2.24906]},"62s":{"weight":0.0,"played":[0.0,1.0],"evs":[0.0,1.91343]},"63s":{"weight":0.0,"played":[0.0,1.0],"evs":[0.0,1.99743]},"64s":{"weight":0.0,"played":[0.0,1.0],"evs":[0.0,2.28676]},"65s":{"weight":1.0E-4,"played":[0.0,1.0],"evs":[0.0,2.7131]},"66":{"weight":0.0,"played":[0.0,1.0],"evs":[0.0,3.71318]},"76o":{"weight":0.0,"played":[0.0,1.0],"evs":[0.0,2.20111]},"86o":{"weight":0.0,"played":[0.0,1.0],"evs":[0.0,2.06343]},"96o":{"weight":0.0,"played":[0.0,1.0],"evs":[0.0,1.85478]},"T6o":{"weight":0.0,"played":[0.0,1.0],"evs":[0.0,1.65598]},"J6o":{"weight":0.0,"played":[0.0,1.0],"evs":[0.0,1.68146]},"Q6o":{"weight":0.0,"played":[0.0,1.0],"evs":[0.0,1.69069]},"K6o":{"weight":0.0,"played":[0.0,1.0],"evs":[0.0,1.81968]},"A6o":{"weight":0.0,"played":[0.0,1.0],"evs":[0.0,2.01404]},"72s":{"weight":0.0,"played":[0.0,1.0],"evs":[0.0,1.65745]},"73s":{"weight":0.0,"played":[0.0,1.0],"evs":[0.0,2.02341]},"74s":{"weight":0.0,"played":[0.0,1.0],"evs":[0.0,2.27678]},"75s":{"weight":0.0,"played":[0.0,1.0],"evs":[0.0,2.61155]},"76s":{"weight":0.9827,"played":[0.0,1.0],"evs":[0.0,2.75551]},"77":{"weight":0.0,"played":[0.0,1.0],"evs":[0.0,3.99456]},"87o":{"weight":0.0,"played":[0.0,1.0],"evs":[0.0,2.28945]},"97o":{"weight":0.0,"played":[0.0,1.0],"evs":[0.0,2.17397]},"T7o":{"weight":0.0,"played":[0.0,1.0],"evs":[0.0,2.09508]},"J7o":{"weight":0.0,"played":[0.0,1.0],"evs":[0.0,1.84129]},"Q7o":{"weight":0.0,"played":[0.0,1.0],"evs":[0.0,1.70484]},"K7o":{"weight":0.0,"played":[0.0,1.0],"evs":[0.0,1.84003]},"A7o":{"weight":0.0,"played":[0.0,1.0],"evs":[0.0,2.23329]},"82s":{"weight":0.0,"played":[0.0,1.0],"evs":[0.0,1.76644]},"83s":{"weight":0.0,"played":[0.0,1.0],"evs":[0.0,1.92764]},"84s":{"weight":0.0,"played":[0.0,1.0],"evs":[0.0,2.30215]},"85s":{"weight":0.0,"played":[0.0,1.0],"evs":[0.0,2.29978]},"86s":{"weight":0.0,"played":[0.0,1.0],"evs":[0.0,2.85353]},"87s":{"weight":0.9997,"played":[0.0,1.0],"evs":[0.0,2.97027]},"88":{"weight":0.0,"played":[0.0,1.0],"evs":[0.0,4.29208]},"98o":{"weight":0.0,"played":[0.0,1.0],"evs":[0.0,2.32449]},"T8o":{"weight":0.0,"played":[0.0,1.0],"evs":[0.0,2.19886]},"J8o":{"weight":0.0,"played":[0.0,1.0],"evs":[0.0,2.12659]},"Q8o":{"weight":0.0,"played":[0.0,1.0],"evs":[0.0,1.99307]},"K8o":{"weight":0.0,"played":[0.0,1.0],"evs":[0.0,1.85847]},"A8o":{"weight":0.0,"played":[0.0,1.0],"evs":[0.0,2.51884]},"92s":{"weight":0.0,"played":[0.0,1.0],"evs":[0.0,1.81564]},"93s":{"weight":0.0,"played":[0.0,1.0],"evs":[0.0,2.0107]},"94s":{"weight":0.0,"played":[0.0,1.0],"evs":[0.0,1.85949]},"95s":{"weight":0.0,"played":[0.0,1.0],"evs":[0.0,2.15435]},"96s":{"weight":0.0,"played":[0.0,1.0],"evs":[0.0,2.66079]},"97s":{"weight":0.2378,"played":[0.0,1.0],"evs":[0.0,2.78887]},"98s":{"weight":0.9999,"played":[0.0,1.0],"evs":[0.0,2.87521]},"99":{"weight":0.1805,"played":[0.0,1.0],"evs":[0.0,4.58469]},"T9o":{"weight":0.0,"played":[0.0,1.0],"evs":[0.0,2.42794]},"J9o":{"weight":0.0,"played":[0.0,1.0],"evs":[0.0,2.19932]},"Q9o":{"weight":0.0,"played":[0.0,1.0],"evs":[0.0,2.07889]},"K9o":{"weight":0.7503,"played":[0.0,1.0],"evs":[0.0,2.09024]},"A9o":{"weight":0.0,"played":[0.0,1.0],"evs":[0.0,2.6527]},"T2s":{"weight":0.0,"played":[0.0,1.0],"evs":[0.0,1.93645]},"T3s":{"weight":0.0,"played":[0.0,1.0],"evs":[0.0,2.14767]},"T4s":{"weight":0.0,"played":[0.0,1.0],"evs":[0.0,1.87295]},"T5s":{"weight":0.0,"played":[0.0,1.0],"evs":[0.0,2.1174]},"T6s":{"weight":0.0,"played":[0.0,1.0],"evs":[0.0,2.31228]},"T7s":{"weight":0.0,"played":[0.0,1.0],"evs":[0.0,2.77802]},"T8s":{"weight":0.7112,"played":[0.0,1.0],"evs":[0.0,2.78304]},"T9s":{"weight":0.3285,"played":[0.0,1.0],"evs":[0.0,2.87877]},"TT":{"weight":0.0,"played":[0.0,1.0],"evs":[0.0,4.90747]},"JTo":{"weight":0.994,"played":[0.0,1.0],"evs":[0.0,2.40268]},"QTo":{"weight":0.1267,"played":[0.0,1.0],"evs":[0.0,2.36506]},"KTo":{"weight":0.0,"played":[0.0,1.0],"evs":[0.0,2.43018]},"ATo":{"weight":0.0,"played":[0.0,1.0],"evs":[0.0,2.91654]},"J2s":{"weight":0.0,"played":[0.0,1.0],"evs":[0.0,1.88804]},"J3s":{"weight":0.0,"played":[0.0,1.0],"evs":[0.0,2.01131]},"J4s":{"weight":0.0,"played":[0.0,1.0],"evs":[0.0,2.08422]},"J5s":{"weight":0.0,"played":[0.0,1.0],"evs":[0.0,2.2979]},"J6s":{"weight":0.0,"played":[0.0,1.0],"evs":[0.0,2.23585]},"J7s":{"weight":0.0,"played":[0.0,1.0],"evs":[0.0,2.47961]},"J8s":{"weight":0.3407,"played":[0.0,1.0],"evs":[0.0,2.66842]},"J9s":{"weight":0.5156,"played":[0.0,1.0],"evs":[0.0,2.85746]},"JTs":{"weight":0.0,"played":[0.0,1.0],"evs":[0.0,3.06026]},"JJ":{"weight":0.0441,"played":[0.0,1.0],"evs":[0.0,5.49276]},"QJo":{"weight":0.0,"played":[0.0,1.0],"evs":[0.0,2.49133]},"KJo":{"weight":0.0,"played":[0.0,1.0],"evs":[0.0,2.63928]},"AJo":{"weight":0.0,"played":[0.0,1.0],"evs":[0.0,3.15127]},"Q2s":{"weight":0.0,"played":[0.0,1.0],"evs":[0.0,1.78787]},"Q3s":{"weight":0.0,"played":[0.0,1.0],"evs":[0.0,2.123]},"Q4s":{"weight":0.0,"played":[0.0,1.0],"evs":[0.0,2.115]},"Q5s":{"weight":0.0,"played":[0.0,1.0],"evs":[0.0,2.2465]},"Q6s":{"weight":0.0,"played":[0.0,1.0],"evs":[0.0,2.34366]},"Q7s":{"weight":0.0296,"played":[0.0,1.0],"evs":[0.0,2.5388]},"Q8s":{"weight":0.9997,"played":[0.0,1.0],"evs":[0.0,2.6819]},"Q9s":{"weight":7.0E-4,"played":[0.0,1.0],"evs":[0.0,2.75175]},"QTs":{"weight":0.0,"played":[0.0,1.0],"evs":[0.0,3.03802]},"QJs":{"weight":0.0,"played":[0.0,1.0],"evs":[0.0,3.14808]},"QQ":{"weight":1.0,"played":[0.0,1.0],"evs":[0.0,6.31757]},"KQo":{"weight":0.0,"played":[0.0,1.0],"evs":[0.0,2.82953]},"AQo":{"weight":0.0,"played":[0.0,1.0],"evs":[0.0,3.56075]},"K2s":{"weight":0.0,"played":[0.0,1.0],"evs":[0.0,2.07999]},"K3s":{"weight":0.0,"played":[0.0,1.0],"evs":[0.0,2.01692]},"K4s":{"weight":0.0078,"played":[0.0,1.0],"evs":[0.0,2.37145]},"K5s":{"weight":0.9993,"played":[0.0,1.0],"evs":[0.0,2.37065]},"K6s":{"weight":0.9992,"played":[0.0,1.0],"evs":[0.0,2.40429]},"K7s":{"weight":3.0E-4,"played":[0.0,1.0],"evs":[0.0,2.48636]},"K8s":{"weight":0.0,"played":[0.0,1.0],"evs":[0.0,2.58129]},"K9s":{"weight":0.0,"played":[0.0,1.0],"evs":[0.0,2.67316]},"KTs":{"weight":0.0,"played":[0.0,1.0],"evs":[0.0,2.99604]},"KJs":{"weight":0.0,"played":[0.0,1.0],"evs":[0.0,3.15386]},"KQs":{"weight":0.0,"played":[0.0,1.0],"evs":[0.0,3.40882]},"KK":{"weight":1.0,"played":[0.0,1.0],"evs":[0.0,7.31203]},"AKo":{"weight":0.0,"played":[0.0,1.0],"evs":[0.0,3.78041]},"A2s":{"weight":0.0,"played":[0.0,1.0],"evs":[0.0,2.25626]},"A3s":{"weight":0.0,"played":[0.0,1.0],"evs":[0.0,2.52724]},"A4s":{"weight":0.0,"played":[0.0,1.0],"evs":[0.0,2.60709]},"A5s":{"weight":0.0,"played":[0.0,1.0],"evs":[0.0,2.7732]},"A6s":{"weight":0.0,"played":[0.0,1.0],"evs":[0.0,2.93167]},"A7s":{"weight":0.0,"played":[0.0,1.0],"evs":[0.0,2.77704]},"A8s":{"weight":0.0,"played":[0.0,1.0],"evs":[0.0,2.96885]},"A9s":{"weight":0.0,"played":[0.0,1.0],"evs":[0.0,3.13645]},"ATs":{"weight":0.0,"played":[0.0,1.0],"evs":[0.0,3.69227]},"AJs":{"weight":0.0,"played":[0.0,1.0],"evs":[0.0,3.75129]},"AQs":{"weight":0.0,"played":[0.0,1.0],"evs":[0.0,4.08295]},"AKs":{"weight":0.0,"played":[0.0,1.0],"evs":[0.0,4.45664]},"AA":{"weight":1.0,"played":[0.0,1.0],"evs":[0.0,9.13389]}}}