{"player":1,"street":0,"children":2,"sequence":[{"player":0,"type":"R","amount":3360000,"street":0},{"player":1,"type":"C","amount":3360000,"street":0},{"player":2,"type":"C","amount":1120000,"street":0},{"player":3,"type":"R","amount":8160000,"street":0},{"player":4,"type":"R","amount":24800000,"street":0},{"player":5,"type":"C","amount":0,"street":0}],"actions":[{"type":"F","amount":0},{"type":"C","amount":21440000}],"hands":{"22":{"weight":0.0,"played":[0.0023,0.9977],"evs":[0.0,0.99086]},"32o":{"weight":0.0,"played":[1.0,0.0],"evs":[0.0,-2.01753]},"42o":{"weight":0.0,"played":[1.0,0.0],"evs":[0.0,-1.81504]},"52o":{"weight":0.0,"played":[1.0,0.0],"evs":[0.0,-1.44458]},"62o":{"weight":0.0,"played":[1.0,0.0],"evs":[0.0,-1.46933]},"72o":{"weight":0.0,"played":[1.0,0.0],"evs":[0.0,-1.8389]},"82o":{"weight":0.0,"played":[1.0,0.0],"evs":[0.0,-1.74767]},"92o":{"weight":0.0,"played":[1.0,0.0],"evs":[0.0,-1.709]},"T2o":{"weight":0.0,"played":[0.9999,1.0E-4],"evs":[0.0,-1.52714]},"J2o":{"weight":0.0,"played":[0.9999,1.0E-4],"evs":[0.0,-1.71588]},"Q2o":{"weight":0.0,"played":[1.0,0.0],"evs":[0.0,-1.33457]},"K2o":{"weight":0.0,"played":[0.9997,3.0E-4],"evs":[0.0,-1.04552]},"A2o":{"weight":0.0,"played":[0.016,0.984],"evs":[0.0,0.2901]},"32s":{"weight":0.0,"played":[0.9979,0.0021],"evs":[0.0,-0.89131]},"33":{"weight":0.0,"played":[0.0,1.0],"evs":[0.0,1.79716]},"43o":{"weight":0.0,"played":[0.9999,1.0E-4],"evs":[0.0,-1.28372]},"53o":{"weight":0.0,"played":[1.0,0.0],"evs":[0.0,-0.82112]},"63o":{"weight":0.0,"played":[1.0,0.0],"evs":[0.0,-1.11885]},"73o":{"weight":0.0,"played":[0.9999,1.0E-4],"evs":[0.0,-1.30857]},"83o":{"weight":0.0,"played":[1.0,0.0],"evs":[0.0,-1.74378]},"93o":{"weight":0.0,"played":[0.9996,4.0E-4],"evs":[0.0,-1.5182]},"T3o":{"weight":0.0,"played":[1.0,0.0],"evs":[0.0,-1.46346]},"J3o":{"weight":0.0,"played":[0.9997,3.0E-4],"evs":[0.0,-1.10198]},"Q3o":{"weight":0.0,"played":[0.9994,6.0E-4],"evs":[0.0,-0.92235]},"K3o":{"weight":0.0,"played":[0.9968,0.0032],"evs":[0.0,-0.63141]},"A3o":{"weight":2.0E-4,"played":[3.0E-4,0.9997],"evs":[0.0,0.62407]},"42s":{"weight":0.0,"played":[0.997,0.003],"evs":[0.0,-0.56703]},"43s":{"weight":0.0,"played":[0.9164,0.0836],"evs":[0.0,-0.03112]},"44":{"weight":0.0,"played":[0.0,1.0],"evs":[0.0,2.2576]},"54o":{"weight":0.0,"played":[0.9709,0.0291],"evs":[0.0,-0.50885]},"64o":{"weight":0.0,"played":[0.9998,2.0E-4],"evs":[0.0,-0.6852]},"74o":{"weight":0.0,"played":[0.9999,1.0E-4],"evs":[0.0,-0.92416]},"84o":{"weight":0.0,"played":[0.9995,5.0E-4],"evs":[0.0,-1.3068]},"94o":{"weight":0.0,"played":[0.9988,0.0012],"evs":[0.0,-1.34194]},"T4o":{"weight":0.0,"played":[0.9999,1.0E-4],"evs":[0.0,-1.07792]},"J4o":{"weight":0.0,"played":[0.9957,0.0043],"evs":[0.0,-1.24425]},"Q4o":{"weight":0.0,"played":[0.9997,3.0E-4],"evs":[0.0,-1.00526]},"K4o":{"weight":0.0,"played":[0.9059,0.0941],"evs":[0.0,-0.32536]},"A4o":{"weight":0.0,"played":[0.0,1.0],"evs":[0.0,0.75223]},"52s":{"weight":0.0,"played":[0.998,0.002],"evs":[0.0,-0.67723]},"53s":{"weight":0.0,"played":[0.2849,0.7151],"evs":[0.0,0.25868]},"54s":{"weight":0.0,"played":[0.0013,0.9987],"evs":[0.0,0.5726]},"55":{"weight":0.0,"played":[0.0,1.0],"evs":[0.0,3.08997]},"65o":{"weight":0.0,"played":[0.9357,0.0643],"evs":[0.0,-0.16368]},"75o":{"weight":0.0,"played":[0.9999,1.0E-4],"evs":[0.0,-0.38074]},"85o":{"weight":0.0,"played":[0.9796,0.0204],"evs":[0.0,-0.60951]},"95o":{"weight":0.0,"played":[0.9995,5.0E-4],"evs":[0.0,-0.82048]},"T5o":{"weight":0.0,"played":[0.9998,2.0E-4],"evs":[0.0,-1.18709]},"J5o":{"weight":0.0,"played":[0.9978,0.0022],"evs":[0.0,-1.23265]},"Q5o":{"weight":0.0,"played":[0.9995,5.0E-4],"evs":[0.0,-0.68571]},"K5o":{"weight":0.0,"played":[0.8561,0.1439],"evs":[0.0,-0.34849]},"A5o":{"weight":0.0,"played":[0.0,1.0],"evs":[0.0,1.16473]},"62s":{"weight":0.0,"played":[0.9974,0.0026],"evs":[0.0,-0.65999]},"63s":{"weight":0.0,"played":[0.567,0.433],"evs":[0.0,-0.24899]},"64s":{"weight":0.0,"played":[0.032,0.968],"evs":[0.0,-0.02434]},"65s":{"weight":1.0E-4,"played":[1.0E-4,0.9999],"evs":[0.0,0.63045]},"66":{"weight":0.0,"played":[0.0,1.0],"evs":[0.0,3.50497]},"76o":{"weight":0.0,"played":[0.905,0.095],"evs":[0.0,-0.10862]},"86o":{"weight":0.0,"played":[0.9307,0.0693],"evs":[0.0,-0.22556]},"96o":{"weight":0.0,"played":[0.9954,0.0046],"evs":[0.0,-0.44107]},"T6o":{"weight":0.0,"played":[0.9997,3.0E-4],"evs":[0.0,-0.57657]},"J6o":{"weight":0.0,"played":[0.9937,0.0063],"evs":[0.0,-0.74751]},"Q6o":{"weight":0.0,"played":[0.9976,0.0024],"evs":[0.0,-0.54905]},"K6o":{"weight":0.0,"played":[0.0557,0.9443],"evs":[0.0,0.07702]},"A6o":{"weight":0.0,"played":[0.0,1.0],"evs":[0.0,0.86984]},"72s":{"weight":0.0,"played":[0.9982,0.0018],"evs":[0.0,-1.14436]},"73s":{"weight":0.0,"played":[0.9609,0.0391],"evs":[0.0,-0.49018]},"74s":{"weight":0.0,"played":[0.6841,0.3159],"evs":[0.0,-0.05]},"75s":{"weight":0.0,"played":[3.0E-4,0.9997],"evs":[0.0,0.47503]},"76s":{"weight":0.9827,"played":[0.0023,0.9977],"evs":[0.0,0.67832]},"77":{"weight":0.0,"played":[0.0,1.0],"evs":[0.0,4.19427]},"87o":{"weight":0.0,"played":[0.0172,0.9828],"evs":[0.0,0.10647]},"97o":{"weight":0.0,"played":[0.6078,0.3922],"evs":[0.0,-0.06138]},"T7o":{"weight":0.0,"played":[0.9742,0.0258],"evs":[0.0,-0.40025]},"J7o":{"weight":0.0,"played":[0.9984,0.0016],"evs":[0.0,-0.49322]},"Q7o":{"weight":0.0,"played":[0.9855,0.0145],"evs":[0.0,-0.49198]},"K7o":{"weight":0.0,"played":[0.0065,0.9935],"evs":[0.0,0.30666]},"A7o":{"weight":0.0,"played":[1.0E-4,0.9999],"evs":[0.0,1.47624]},"82s":{"weight":0.0,"played":[0.9907,0.0093],"evs":[0.0,-0.71837]},"83s":{"weight":0.0,"played":[0.8798,0.1202],"evs":[0.0,-0.98981]},"84s":{"weight":0.0,"played":[0.4692,0.5308],"evs":[0.0,0.04774]},"85s":{"weight":0.0,"played":[0.1828,0.8172],"evs":[0.0,0.35579]},"86s":{"weight":0.0,"played":[2.0E-4,0.9998],"evs":[0.0,0.7763]},"87s":{"weight":0.9997,"played":[1.0E-4,0.9999],"evs":[0.0,0.8179]},"88":{"weight":0.0,"played":[0.0,1.0],"evs":[0.0,4.61031]},"98o":{"weight":0.0,"played":[0.3003,0.6997],"evs":[0.0,0.04948]},"T8o":{"weight":0.0,"played":[4.0E-4,0.9996],"evs":[0.0,0.09335]},"J8o":{"weight":0.0,"played":[0.1595,0.8405],"evs":[0.0,-0.0536]},"Q8o":{"weight":0.0,"played":[0.173,0.827],"evs":[0.0,0.103]},"K8o":{"weight":0.0,"played":[1.0E-4,0.9999],"evs":[0.0,0.57255]},"A8o":{"weight":0.0,"played":[0.0,1.0],"evs":[0.0,1.55118]},"92s":{"weight":0.0,"played":[0.9965,0.0035],"evs":[0.0,-0.90945]},"93s":{"weight":0.0,"played":[0.9969,0.0031],"evs":[0.0,-0.48832]},"94s":{"weight":0.0,"played":[0.9892,0.0108],"evs":[0.0,-0.53568]},"95s":{"weight":0.0,"played":[0.665,0.335],"evs":[0.0,-0.29189]},"96s":{"weight":0.0,"played":[0.0083,0.9917],"evs":[0.0,0.60902]},"97s":{"weight":0.2378,"played":[0.0,1.0],"evs":[0.0,0.80762]},"98s":{"weight":0.9999,"played":[1.0E-4,0.9999],"evs":[0.0,0.9915]},"99":{"weight":0.1805,"played":[0.0,1.0],"evs":[0.0,5.5171]},"T9o":{"weight":0.0,"played":[0.0,1.0],"evs":[0.0,0.63918]},"J9o":{"weight":0.0,"played":[0.0162,0.9838],"evs":[0.0,0.41667]},"Q9o":{"weight":0.0,"played":[0.0,1.0],"evs":[0.0,0.75611]},"K9o":{"weight":0.7503,"played":[0.0,1.0],"evs":[0.0,0.97942]},"A9o":{"weight":0.0,"played":[0.0,1.0],"evs":[0.0,1.91179]},"T2s":{"weight":0.0,"played":[0.954,0.046],"evs":[0.0,-0.67888]},"T3s":{"weight":0.0,"played":[0.7551,0.2449],"evs":[0.0,-0.16994]},"T4s":{"weight":0.0,"played":[0.8736,0.1264],"evs":[0.0,-0.14591]},"T5s":{"weight":0.0,"played":[0.0497,0.9503],"evs":[0.0,0.31027]},"T6s":{"weight":0.0,"played":[0.0143,0.9857],"evs":[0.0,0.40742]},"T7s":{"weight":0.0,"played":[1.0E-4,0.9999],"evs":[0.0,0.36882]},"T8s":{"weight":0.7112,"played":[0.0,1.0],"evs":[0.0,0.92411]},"T9s":{"weight":0.3285,"played":[2.0E-4,0.9998],"evs":[0.0,1.0631]},"TT":{"weight":0.0,"played":[0.0,1.0],"evs":[0.0,6.13794]},"JTo":{"weight":0.994,"played":[0.0,1.0],"evs":[0.0,0.78894]},"QTo":{"weight":0.1267,"played":[0.0,1.0],"evs":[0.0,1.02532]},"KTo":{"weight":0.0,"played":[0.0,1.0],"evs":[0.0,1.57942]},"ATo":{"weight":0.0,"played":[0.0,1.0],"evs":[0.0,2.55471]},"J2s":{"weight":0.0,"played":[0.7895,0.2105],"evs":[0.0,-0.58557]},"J3s":{"weight":0.0,"played":[0.986,0.014],"evs":[0.0,-0.50874]},"J4s":{"weight":0.0,"played":[0.7297,0.2703],"evs":[0.0,-0.25877]},"J5s":{"weight":0.0,"played":[0.5332,0.4668],"evs":[0.0,-0.0993]},"J6s":{"weight":0.0,"played":[0.0189,0.9811],"evs":[0.0,0.25097]},"J7s":{"weight":0.0,"played":[0.0169,0.9831],"evs":[0.0,0.80528]},"J8s":{"weight":0.3407,"played":[0.0,1.0],"evs":[0.0,1.15782]},"J9s":{"weight":0.5156,"played":[0.0,1.0],"evs":[0.0,0.87253]},"JTs":{"weight":0.0,"played":[0.0,1.0],"evs":[0.0,1.98813]},"JJ":{"weight":0.0441,"played":[0.0,1.0],"evs":[0.0,6.80955]},"QJo":{"weight":0.0,"played":[0.0,1.0],"evs":[0.0,1.2973]},"KJo":{"weight":0.0,"played":[0.0,1.0],"evs":[0.0,1.73269]},"AJo":{"weight":0.0,"played":[0.0,1.0],"evs":[0.0,2.49031]},"Q2s":{"weight":0.0,"played":[0.9229,0.0771],"evs":[0.0,-0.32356]},"Q3s":{"weight":0.0,"played":[0.6488,0.3512],"evs":[0.0,1.0E-5]},"Q4s":{"weight":0.0,"played":[0.8822,0.1178],"evs":[0.0,-0.25073]},"Q5s":{"weight":0.0,"played":[0.009,0.991],"evs":[0.0,0.20442]},"Q6s":{"weight":0.0,"played":[0.0022,0.9978],"evs":[0.0,0.44866]},"Q7s":{"weight":0.0296,"played":[1.0E-4,0.9999],"evs":[0.0,0.71782]},"Q8s":{"weight":0.9997,"played":[2.0E-4,0.9998],"evs":[0.0,0.9992]},"Q9s":{"weight":7.0E-4,"played":[0.0,1.0],"evs":[0.0,1.37414]},"QTs":{"weight":0.0,"played":[0.0,1.0],"evs":[0.0,2.42245]},"QJs":{"weight":0.0,"played":[0.0,1.0],"evs":[0.0,2.09653]},"QQ":{"weight":1.0,"played":[0.0,1.0],"evs":[0.0,8.18802]},"KQo":{"weight":0.0,"played":[0.0,1.0],"evs":[0.0,1.85905]},"AQo":{"weight":0.0,"played":[0.0,1.0],"evs":[0.0,3.14011]},"K2s":{"weight":0.0,"played":[0.4694,0.5306],"evs":[0.0,0.02621]},"K3s":{"weight":0.0,"played":[0.0147,0.9853],"evs":[0.0,0.23952]},"K4s":{"weight":0.0078,"played":[0.0362,0.9638],"evs":[0.0,0.60607]},"K5s":{"weight":0.9993,"played":[0.0,1.0],"evs":[0.0,0.87204]},"K6s":{"weight":0.9992,"played":[1.0E-4,0.9999],"evs":[0.0,0.90168]},"K7s":{"weight":3.0E-4,"played":[0.0,1.0],"evs":[0.0,1.30089]},"K8s":{"weight":0.0,"played":[0.0,1.0],"evs":[0.0,1.67453]},"K9s":{"weight":0.0,"played":[1.0E-4,0.9999],"evs":[0.0,1.74916]},"KTs":{"weight":0.0,"played":[0.0,1.0],"evs":[0.0,2.46121]},"KJs":{"weight":0.0,"played":[0.0,1.0],"evs":[0.0,2.53706]},"KQs":{"weight":0.0,"played":[0.0,1.0],"evs":[0.0,3.30076]},"KK":{"weight":1.0,"played":[0.0,1.0],"evs":[0.0,9.45892]},"AKo":{"weight":0.0,"played":[0.0,1.0],"evs":[0.0,3.5237]},"A2s":{"weight":0.0,"played":[5.0E-4,0.9995],"evs":[0.0,1.17225]},"A3s":{"weight":0.0,"played":[2.0E-4,0.9998],"evs":[0.0,1.41496]},"A4s":{"weight":0.0,"played":[0.0,1.0],"evs":[0.0,1.94359]},"A5s":{"weight":0.0,"played":[0.0,1.0],"evs":[0.0,2.19601]},"A6s":{"weight":0.0,"played":[2.0E-4,0.9998],"evs":[0.0,2.01228]},"A7s":{"weight":0.0,"played":[1.0E-4,0.9999],"evs":[0.0,2.47659]},"A8s":{"weight":0.0,"played":[0.0,1.0],"evs":[0.0,2.77901]},"A9s":{"weight":0.0,"played":[0.0,1.0],"evs":[0.0,2.86495]},"ATs":{"weight":0.0,"played":[0.0,1.0],"evs":[0.0,3.42487]},"AJs":{"weight":0.0,"played":[0.0,1.0],"evs":[0.0,3.29362]},"AQs":{"weight":0.0,"played":[0.0,1.0],"evs":[0.0,3.91526]},"AKs":{"weight":0.0,"played":[0.0,1.0],"evs":[0.0,4.09094]},"AA":{"weight":1.0,"played":[0.0,1.0],"evs":[0.0,11.15835]}}}