{"player":3,"street":0,"children":2,"sequence":[{"player":0,"type":"R","amount":3360000,"street":0},{"player":1,"type":"R","amount":24800000,"street":0},{"player":2,"type":"C","amount":1120000,"street":0}],"actions":[{"type":"F","amount":0,"node":46},{"type":"C","amount":8160000,"node":47}],"hands":{"22":{"weight":1.0,"played":[0.0016,0.9984],"evs":[0.0,0.20176]},"32o":{"weight":1.0,"played":[1.0,0.0],"evs":[0.0,-1.46041]},"42o":{"weight":1.0,"played":[1.0,0.0],"evs":[0.0,-1.23879]},"52o":{"weight":1.0,"played":[1.0,0.0],"evs":[0.0,-1.18865]},"62o":{"weight":1.0,"played":[1.0,0.0],"evs":[0.0,-1.31447]},"72o":{"weight":1.0,"played":[1.0,0.0],"evs":[0.0,-1.52854]},"82o":{"weight":1.0,"played":[1.0,0.0],"evs":[0.0,-1.38337]},"92o":{"weight":1.0,"played":[1.0,0.0],"evs":[0.0,-1.4564]},"T2o":{"weight":1.0,"played":[1.0,0.0],"evs":[0.0,-1.41499]},"J2o":{"weight":1.0,"played":[1.0,0.0],"evs":[0.0,-1.30208]},"Q2o":{"weight":1.0,"played":[1.0,0.0],"evs":[0.0,-1.24333]},"K2o":{"weight":1.0,"played":[1.0,0.0],"evs":[0.0,-1.21033]},"A2o":{"weight":1.0,"played":[1.0,0.0],"evs":[0.0,-0.81948]},"32s":{"weight":1.0,"played":[1.0,0.0],"evs":[0.0,-0.57599]},"33":{"weight":1.0,"played":[0.0,1.0],"evs":[0.0,0.50148]},"43o":{"weight":1.0,"played":[1.0,0.0],"evs":[0.0,-1.01285]},"53o":{"weight":1.0,"played":[1.0,0.0],"evs":[0.0,-0.77333]},"63o":{"weight":1.0,"played":[1.0,0.0],"evs":[0.0,-0.94239]},"73o":{"weight":1.0,"played":[1.0,0.0],"evs":[0.0,-1.20717]},"83o":{"weight":1.0,"played":[1.0,0.0],"evs":[0.0,-1.27661]},"93o":{"weight":1.0,"played":[1.0,0.0],"evs":[0.0,-1.4213]},"T3o":{"weight":1.0,"played":[1.0,0.0],"evs":[0.0,-1.41124]},"J3o":{"weight":1.0,"played":[1.0,0.0],"evs":[0.0,-1.27071]},"Q3o":{"weight":1.0,"played":[1.0,0.0],"evs":[0.0,-1.2056]},"K3o":{"weight":1.0,"played":[1.0,0.0],"evs":[0.0,-1.12771]},"A3o":{"weight":1.0,"played":[1.0,0.0],"evs":[0.0,-0.71055]},"42s":{"weight":1.0,"played":[0.9998,2.0E-4],"evs":[0.0,-0.55409]},"43s":{"weight":1.0,"played":[0.9993,7.0E-4],"evs":[0.0,-0.2543]},"44":{"weight":1.0,"played":[0.0,1.0],"evs":[0.0,0.78974]},"54o":{"weight":1.0,"played":[0.9999,1.0E-4],"evs":[0.0,-0.43116]},"64o":{"weight":1.0,"played":[1.0,0.0],"evs":[0.0,-0.64595]},"74o":{"weight":1.0,"played":[1.0,0.0],"evs":[0.0,-0.87521]},"84o":{"weight":1.0,"played":[1.0,0.0],"evs":[0.0,-1.05367]},"94o":{"weight":1.0,"played":[1.0,0.0],"evs":[0.0,-1.35879]},"T4o":{"weight":1.0,"played":[1.0,0.0],"evs":[0.0,-1.29641]},"J4o":{"weight":1.0,"played":[1.0,0.0],"evs":[0.0,-1.12466]},"Q4o":{"weight":1.0,"played":[1.0,0.0],"evs":[0.0,-0.9338]},"K4o":{"weight":1.0,"played":[1.0,0.0],"evs":[0.0,-1.03673]},"A4o":{"weight":1.0,"played":[0.9999,1.0E-4],"evs":[0.0,-0.53214]},"52s":{"weight":1.0,"played":[0.9997,3.0E-4],"evs":[0.0,-0.39426]},"53s":{"weight":1.0,"played":[0.7482,0.2518],"evs":[0.0,-0.07929]},"54s":{"weight":1.0,"played":[4.0E-4,0.9996],"evs":[0.0,0.3015]},"55":{"weight":1.0,"played":[0.0,1.0],"evs":[0.0,1.17781]},"65o":{"weight":1.0,"played":[0.9985,0.0015],"evs":[0.0,-0.29847]},"75o":{"weight":1.0,"played":[1.0,0.0],"evs":[0.0,-0.46614]},"85o":{"weight":1.0,"played":[1.0,0.0],"evs":[0.0,-0.65682]},"95o":{"weight":1.0,"played":[1.0,0.0],"evs":[0.0,-0.96682]},"T5o":{"weight":1.0,"played":[1.0,0.0],"evs":[0.0,-1.20217]},"J5o":{"weight":1.0,"played":[1.0,0.0],"evs":[0.0,-1.04384]},"Q5o":{"weight":1.0,"played":[1.0,0.0],"evs":[0.0,-0.9402]},"K5o":{"weight":1.0,"played":[1.0,0.0],"evs":[0.0,-0.87359]},"A5o":{"weight":1.0,"played":[1.0,0.0],"evs":[0.0,-0.31934]},"62s":{"weight":1.0,"played":[0.9988,0.0012],"evs":[0.0,-0.46655]},"63s":{"weight":1.0,"played":[1.0,0.0],"evs":[0.0,-0.24234]},"64s":{"weight":1.0,"played":[0.0,1.0],"evs":[0.0,0.13434]},"65s":{"weight":1.0,"played":[0.0,1.0],"evs":[0.0,0.47519]},"66":{"weight":1.0,"played":[0.0,1.0],"evs":[0.0,1.54525]},"76o":{"weight":1.0,"played":[0.9989,0.0011],"evs":[0.0,-0.20722]},"86o":{"weight":1.0,"played":[1.0,0.0],"evs":[0.0,-0.27894]},"96o":{"weight":1.0,"played":[1.0,0.0],"evs":[0.0,-0.65804]},"T6o":{"weight":1.0,"played":[1.0,0.0],"evs":[0.0,-0.85448]},"J6o":{"weight":1.0,"played":[1.0,0.0],"evs":[0.0,-0.93699]},"Q6o":{"weight":1.0,"played":[1.0,0.0],"evs":[0.0,-0.81065]},"K6o":{"weight":1.0,"played":[1.0,0.0],"evs":[0.0,-0.74369]},"A6o":{"weight":1.0,"played":[1.0,0.0],"evs":[0.0,-0.37403]},"72s":{"weight":1.0,"played":[1.0,0.0],"evs":[0.0,-0.73371]},"73s":{"weight":1.0,"played":[1.0,0.0],"evs":[0.0,-0.38653]},"74s":{"weight":1.0,"played":[0.9438,0.0562],"evs":[0.0,-0.08375]},"75s":{"weight":1.0,"played":[0.0,1.0],"evs":[0.0,0.22315]},"76s":{"weight":1.0,"played":[1.0E-4,0.9999],"evs":[0.0,0.30945]},"77":{"weight":1.0,"played":[0.0,1.0],"evs":[0.0,1.91073]},"87o":{"weight":1.0,"played":[0.9917,0.0083],"evs":[0.0,-0.13557]},"97o":{"weight":1.0,"played":[0.999,0.001],"evs":[0.0,-0.38168]},"T7o":{"weight":1.0,"played":[1.0,0.0],"evs":[0.0,-0.55475]},"J7o":{"weight":1.0,"played":[1.0,0.0],"evs":[0.0,-0.59053]},"Q7o":{"weight":1.0,"played":[1.0,0.0],"evs":[0.0,-0.78096]},"K7o":{"weight":1.0,"played":[1.0,0.0],"evs":[0.0,-0.6045]},"A7o":{"weight":1.0,"played":[0.9993,7.0E-4],"evs":[0.0,-0.26397]},"82s":{"weight":1.0,"played":[0.9999,1.0E-4],"evs":[0.0,-0.64623]},"83s":{"weight":1.0,"played":[1.0,0.0],"evs":[0.0,-0.53541]},"84s":{"weight":1.0,"played":[0.9995,5.0E-4],"evs":[0.0,-0.17295]},"85s":{"weight":1.0,"played":[0.0962,0.9038],"evs":[0.0,0.04399]},"86s":{"weight":1.0,"played":[0.0171,0.9829],"evs":[0.0,0.40347]},"87s":{"weight":1.0,"played":[1.0E-4,0.9999],"evs":[0.0,0.63918]},"88":{"weight":1.0,"played":[0.0,1.0],"evs":[0.0,2.30863]},"98o":{"weight":1.0,"played":[0.966,0.034],"evs":[0.0,-0.15278]},"T8o":{"weight":1.0,"played":[0.9996,4.0E-4],"evs":[0.0,-0.32165]},"J8o":{"weight":1.0,"played":[1.0,0.0],"evs":[0.0,-0.41721]},"Q8o":{"weight":1.0,"played":[1.0,0.0],"evs":[0.0,-0.5224]},"K8o":{"weight":1.0,"played":[1.0,0.0],"evs":[0.0,-0.62281]},"A8o":{"weight":1.0,"played":[0.5356,0.4644],"evs":[0.0,-0.00183]},"92s":{"weight":1.0,"played":[1.0,0.0],"evs":[0.0,-0.64732]},"93s":{"weight":1.0,"played":[1.0,0.0],"evs":[0.0,-0.56157]},"94s":{"weight":1.0,"played":[0.9998,2.0E-4],"evs":[0.0,-0.56762]},"95s":{"weight":1.0,"played":[0.8011,0.1989],"evs":[0.0,-0.08189]},"96s":{"weight":1.0,"played":[0.0031,0.9969],"evs":[0.0,0.06601]},"97s":{"weight":1.0,"played":[1.0E-4,0.9999],"evs":[0.0,0.32604]},"98s":{"weight":1.0,"played":[1.0E-4,0.9999],"evs":[0.0,0.63185]},"99":{"weight":1.0,"played":[0.0,1.0],"evs":[0.0,2.69033]},"T9o":{"weight":1.0,"played":[0.9083,0.0917],"evs":[0.0,-0.09717]},"J9o":{"weight":1.0,"played":[0.9956,0.0044],"evs":[0.0,-0.28835]},"Q9o":{"weight":1.0,"played":[0.9998,2.0E-4],"evs":[0.0,-0.29615]},"K9o":{"weight":1.0,"played":[0.9994,6.0E-4],"evs":[0.0,-0.34235]},"A9o":{"weight":1.0,"played":[0.0157,0.9843],"evs":[0.0,0.10543]},"T2s":{"weight":1.0,"played":[1.0,0.0],"evs":[0.0,-0.61245]},"T3s":{"weight":1.0,"played":[1.0,0.0],"evs":[0.0,-0.56915]},"T4s":{"weight":1.0,"played":[1.0,0.0],"evs":[0.0,-0.4716]},"T5s":{"weight":1.0,"played":[1.0,0.0],"evs":[0.0,-0.33936]},"T6s":{"weight":1.0,"played":[0.9908,0.0092],"evs":[0.0,-0.06786]},"T7s":{"weight":1.0,"played":[1.0E-4,0.9999],"evs":[0.0,0.21814]},"T8s":{"weight":1.0,"played":[0.0,1.0],"evs":[0.0,0.47008]},"T9s":{"weight":1.0,"played":[0.002,0.998],"evs":[0.0,0.53163]},"TT":{"weight":1.0,"played":[0.0,1.0],"evs":[0.0,3.41881]},"JTo":{"weight":1.0,"played":[0.2291,0.7709],"evs":[0.0,0.06532]},"QTo":{"weight":1.0,"played":[0.0323,0.9677],"evs":[0.0,0.06065]},"KTo":{"weight":1.0,"played":[0.0256,0.9744],"evs":[0.0,0.11531]},"ATo":{"weight":1.0,"played":[0.0,1.0],"evs":[0.0,0.68293]},"J2s":{"weight":1.0,"played":[0.9998,2.0E-4],"evs":[0.0,-0.53292]},"J3s":{"weight":1.0,"played":[0.9998,2.0E-4],"evs":[0.0,-0.37535]},"J4s":{"weight":1.0,"played":[0.9936,0.0064],"evs":[0.0,-0.37479]},"J5s":{"weight":1.0,"played":[0.9848,0.0152],"evs":[0.0,-0.10471]},"J6s":{"weight":1.0,"played":[0.9785,0.0215],"evs":[0.0,-0.12838]},"J7s":{"weight":1.0,"played":[0.1542,0.8458],"evs":[0.0,0.0601]},"J8s":{"weight":1.0,"played":[0.0156,0.9844],"evs":[0.0,0.45999]},"J9s":{"weight":1.0,"played":[0.0,1.0],"evs":[0.0,0.54071]},"JTs":{"weight":1.0,"played":[2.0E-4,0.9998],"evs":[0.0,0.80924]},"JJ":{"weight":1.0,"played":[0.0,1.0],"evs":[0.0,4.3034]},"QJo":{"weight":1.0,"played":[6.0E-4,0.9994],"evs":[0.0,0.29247]},"KJo":{"weight":1.0,"played":[3.0E-4,0.9997],"evs":[0.0,0.33685]},"AJo":{"weight":1.0,"played":[0.0,1.0],"evs":[0.0,1.22428]},"Q2s":{"weight":1.0,"played":[0.9995,5.0E-4],"evs":[0.0,-0.41082]},"Q3s":{"weight":1.0,"played":[0.9984,0.0016],"evs":[0.0,-0.36438]},"Q4s":{"weight":1.0,"played":[0.9988,0.0012],"evs":[0.0,-0.35302]},"Q5s":{"weight":1.0,"played":[0.9565,0.0435],"evs":[0.0,-0.16139]},"Q6s":{"weight":1.0,"played":[0.0911,0.9089],"evs":[0.0,0.13371]},"Q7s":{"weight":1.0,"played":[0.0522,0.9478],"evs":[0.0,0.04632]},"Q8s":{"weight":1.0,"played":[0.0023,0.9977],"evs":[0.0,0.32258]},"Q9s":{"weight":1.0,"played":[0.0,1.0],"evs":[0.0,0.6522]},"QTs":{"weight":1.0,"played":[1.0E-4,0.9999],"evs":[0.0,0.7533]},"QJs":{"weight":1.0,"played":[0.0,1.0],"evs":[0.0,0.99126]},"QQ":{"weight":1.0,"played":[0.0,1.0],"evs":[0.0,5.25869]},"KQo":{"weight":1.0,"played":[0.0,1.0],"evs":[0.0,0.76283]},"AQo":{"weight":1.0,"played":[0.0,1.0],"evs":[0.0,1.59133]},"K2s":{"weight":1.0,"played":[1.0,0.0],"evs":[0.0,-0.4014]},"K3s":{"weight":1.0,"played":[0.9993,7.0E-4],"evs":[0.0,-0.19459]},"K4s":{"weight":1.0,"played":[1.0,0.0],"evs":[0.0,-0.20842]},"K5s":{"weight":1.0,"played":[0.9897,0.0103],"evs":[0.0,-0.20789]},"K6s":{"weight":1.0,"played":[0.2468,0.7532],"evs":[0.0,0.03992]},"K7s":{"weight":1.0,"played":[0.0157,0.9843],"evs":[0.0,0.08415]},"K8s":{"weight":1.0,"played":[2.0E-4,0.9998],"evs":[0.0,0.23813]},"K9s":{"weight":1.0,"played":[0.0033,0.9967],"evs":[0.0,0.42199]},"KTs":{"weight":1.0,"played":[3.0E-4,0.9997],"evs":[0.0,0.79497]},"KJs":{"weight":1.0,"played":[0.0,1.0],"evs":[0.0,1.25822]},"KQs":{"weight":1.0,"played":[0.0,1.0],"evs":[0.0,1.35151]},"KK":{"weight":1.0,"played":[0.0,1.0],"evs":[0.0,6.34398]},"AKo":{"weight":1.0,"played":[0.0,1.0],"evs":[0.0,1.92351]},"A2s":{"weight":1.0,"played":[0.5516,0.4484],"evs":[0.0,0.0484]},"A3s":{"weight":1.0,"played":[0.0608,0.9392],"evs":[0.0,0.04196]},"A4s":{"weight":1.0,"played":[0.0094,0.9906],"evs":[0.0,0.24881]},"A5s":{"weight":1.0,"played":[0.0013,0.9987],"evs":[0.0,0.48994]},"A6s":{"weight":1.0,"played":[3.0E-4,0.9997],"evs":[0.0,0.34803]},"A7s":{"weight":1.0,"played":[6.0E-4,0.9994],"evs":[0.0,0.57112]},"A8s":{"weight":1.0,"played":[1.0E-4,0.9999],"evs":[0.0,0.90901]},"A9s":{"weight":1.0,"played":[0.0,1.0],"evs":[0.0,0.94184]},"ATs":{"weight":1.0,"played":[0.0,1.0],"evs":[0.0,1.55002]},"AJs":{"weight":1.0,"played":[0.0,1.0],"evs":[0.0,1.90028]},"AQs":{"weight":1.0,"played":[0.0,1.0],"evs":[0.0,2.30335]},"AKs":{"weight":1.0,"played":[0.0,1.0],"evs":[0.0,2.75738]},"AA":{"weight":1.0,"played":[0.0,1.0],"evs":[0.0,8.33301]}}}