{"player":4,"street":0,"children":2,"sequence":[{"player":0,"type":"F","amount":0,"street":0},{"player":1,"type":"R","amount":24800000,"street":0},{"player":2,"type":"F","amount":0,"street":0},{"player":3,"type":"F","amount":0,"street":0}],"actions":[{"type":"F","amount":0},{"type":"C","amount":23200000}],"hands":{"22":{"weight":1.0,"played":[0.0,1.0],"evs":[0.0,0.6584]},"32o":{"weight":1.0,"played":[1.0,0.0],"evs":[0.0,-2.40226]},"42o":{"weight":1.0,"played":[1.0,0.0],"evs":[0.0,-2.25324]},"52o":{"weight":1.0,"played":[1.0,0.0],"evs":[0.0,-2.1075]},"62o":{"weight":1.0,"played":[1.0,0.0],"evs":[0.0,-2.31035]},"72o":{"weight":1.0,"played":[1.0,0.0],"evs":[0.0,-2.43507]},"82o":{"weight":1.0,"played":[1.0,0.0],"evs":[0.0,-2.33346]},"92o":{"weight":1.0,"played":[1.0,0.0],"evs":[0.0,-2.25118]},"T2o":{"weight":1.0,"played":[1.0,0.0],"evs":[0.0,-2.08133]},"J2o":{"weight":1.0,"played":[1.0,0.0],"evs":[0.0,-1.90436]},"Q2o":{"weight":1.0,"played":[1.0,0.0],"evs":[0.0,-1.62883]},"K2o":{"weight":1.0,"played":[1.0,0.0],"evs":[0.0,-1.05013]},"A2o":{"weight":1.0,"played":[0.0,1.0],"evs":[0.0,0.56749]},"32s":{"weight":1.0,"played":[1.0,0.0],"evs":[0.0,-1.6226]},"33":{"weight":1.0,"played":[0.0,1.0],"evs":[0.0,1.00864]},"43o":{"weight":1.0,"played":[1.0,0.0],"evs":[0.0,-1.95413]},"53o":{"weight":1.0,"played":[1.0,0.0],"evs":[0.0,-1.8121]},"63o":{"weight":1.0,"played":[1.0,0.0],"evs":[0.0,-2.00144]},"73o":{"weight":1.0,"played":[1.0,0.0],"evs":[0.0,-2.13926]},"83o":{"weight":1.0,"played":[1.0,0.0],"evs":[0.0,-2.27756]},"93o":{"weight":1.0,"played":[1.0,0.0],"evs":[0.0,-2.14819]},"T3o":{"weight":1.0,"played":[1.0,0.0],"evs":[0.0,-1.97078]},"J3o":{"weight":1.0,"played":[1.0,0.0],"evs":[0.0,-1.80589]},"Q3o":{"weight":1.0,"played":[1.0,0.0],"evs":[0.0,-1.53447]},"K3o":{"weight":1.0,"played":[1.0,0.0],"evs":[0.0,-0.93776]},"A3o":{"weight":1.0,"played":[0.0,1.0],"evs":[0.0,0.69523]},"42s":{"weight":1.0,"played":[1.0,0.0],"evs":[0.0,-1.50672]},"43s":{"weight":1.0,"played":[1.0,0.0],"evs":[0.0,-1.24473]},"44":{"weight":1.0,"played":[0.0,1.0],"evs":[0.0,1.4236]},"54o":{"weight":1.0,"played":[1.0,0.0],"evs":[0.0,-1.48537]},"64o":{"weight":1.0,"played":[1.0,0.0],"evs":[0.0,-1.662]},"74o":{"weight":1.0,"played":[1.0,0.0],"evs":[0.0,-1.78648]},"84o":{"weight":1.0,"played":[1.0,0.0],"evs":[0.0,-1.92887]},"94o":{"weight":1.0,"played":[1.0,0.0],"evs":[0.0,-2.05502]},"T4o":{"weight":1.0,"played":[1.0,0.0],"evs":[0.0,-1.83654]},"J4o":{"weight":1.0,"played":[1.0,0.0],"evs":[0.0,-1.67112]},"Q4o":{"weight":1.0,"played":[1.0,0.0],"evs":[0.0,-1.40406]},"K4o":{"weight":1.0,"played":[1.0,0.0],"evs":[0.0,-0.8037]},"A4o":{"weight":1.0,"played":[0.0,1.0],"evs":[0.0,0.82425]},"52s":{"weight":1.0,"played":[1.0,0.0],"evs":[0.0,-1.37769]},"53s":{"weight":1.0,"played":[1.0,0.0],"evs":[0.0,-1.10385]},"54s":{"weight":1.0,"played":[1.0,0.0],"evs":[0.0,-0.80366]},"55":{"weight":1.0,"played":[0.0,1.0],"evs":[0.0,1.82468]},"65o":{"weight":1.0,"played":[1.0,0.0],"evs":[0.0,-1.33828]},"75o":{"weight":1.0,"played":[1.0,0.0],"evs":[0.0,-1.46786]},"85o":{"weight":1.0,"played":[1.0,0.0],"evs":[0.0,-1.60721]},"95o":{"weight":1.0,"played":[1.0,0.0],"evs":[0.0,-1.73229]},"T5o":{"weight":1.0,"played":[1.0,0.0],"evs":[0.0,-1.75915]},"J5o":{"weight":1.0,"played":[1.0,0.0],"evs":[0.0,-1.54094]},"Q5o":{"weight":1.0,"played":[1.0,0.0],"evs":[0.0,-1.27309]},"K5o":{"weight":1.0,"played":[1.0,0.0],"evs":[0.0,-0.66347]},"A5o":{"weight":1.0,"played":[0.0,1.0],"evs":[0.0,1.00877]},"62s":{"weight":1.0,"played":[1.0,0.0],"evs":[0.0,-1.56218]},"63s":{"weight":1.0,"played":[1.0,0.0],"evs":[0.0,-1.27555]},"64s":{"weight":1.0,"played":[1.0,0.0],"evs":[0.0,-0.96171]},"65s":{"weight":1.0,"played":[1.0,0.0],"evs":[0.0,-0.66505]},"66":{"weight":1.0,"played":[0.0,1.0],"evs":[0.0,2.15934]},"76o":{"weight":1.0,"played":[1.0,0.0],"evs":[0.0,-1.153]},"86o":{"weight":1.0,"played":[1.0,0.0],"evs":[0.0,-1.27482]},"96o":{"weight":1.0,"played":[1.0,0.0],"evs":[0.0,-1.40619]},"T6o":{"weight":1.0,"played":[1.0,0.0],"evs":[0.0,-1.44817]},"J6o":{"weight":1.0,"played":[1.0,0.0],"evs":[0.0,-1.49745]},"Q6o":{"weight":1.0,"played":[1.0,0.0],"evs":[0.0,-1.16095]},"K6o":{"weight":1.0,"played":[1.0,0.0],"evs":[0.0,-0.53309]},"A6o":{"weight":1.0,"played":[0.0,1.0],"evs":[0.0,1.05259]},"72s":{"weight":1.0,"played":[1.0,0.0],"evs":[0.0,-1.69064]},"73s":{"weight":1.0,"played":[1.0,0.0],"evs":[0.0,-1.40877]},"74s":{"weight":1.0,"played":[1.0,0.0],"evs":[0.0,-1.07682]},"75s":{"weight":1.0,"played":[1.0,0.0],"evs":[0.0,-0.78469]},"76s":{"weight":1.0,"played":[1.0,0.0],"evs":[0.0,-0.50319]},"77":{"weight":1.0,"played":[0.0,1.0],"evs":[0.0,2.52318]},"87o":{"weight":1.0,"played":[1.0,0.0],"evs":[0.0,-1.02115]},"97o":{"weight":1.0,"played":[1.0,0.0],"evs":[0.0,-1.14651]},"T7o":{"weight":1.0,"played":[1.0,0.0],"evs":[0.0,-1.16489]},"J7o":{"weight":1.0,"played":[1.0,0.0],"evs":[0.0,-1.20633]},"Q7o":{"weight":1.0,"played":[1.0,0.0],"evs":[0.0,-1.14888]},"K7o":{"weight":1.0,"played":[1.0,0.0],"evs":[0.0,-0.39948]},"A7o":{"weight":1.0,"played":[0.0,1.0],"evs":[0.0,1.39244]},"82s":{"weight":1.0,"played":[1.0,0.0],"evs":[0.0,-1.58549]},"83s":{"weight":1.0,"played":[1.0,0.0],"evs":[0.0,-1.54102]},"84s":{"weight":1.0,"played":[1.0,0.0],"evs":[0.0,-1.19861]},"85s":{"weight":1.0,"played":[1.0,0.0],"evs":[0.0,-0.88753]},"86s":{"weight":1.0,"played":[1.0,0.0],"evs":[0.0,-0.61755]},"87s":{"weight":1.0,"played":[1.0,0.0],"evs":[0.0,-0.36041]},"88":{"weight":1.0,"played":[0.0,1.0],"evs":[0.0,3.00876]},"98o":{"weight":1.0,"played":[1.0,0.0],"evs":[0.0,-0.89265]},"T8o":{"weight":1.0,"played":[1.0,0.0],"evs":[0.0,-0.88444]},"J8o":{"weight":1.0,"played":[1.0,0.0],"evs":[0.0,-0.9064]},"Q8o":{"weight":1.0,"played":[1.0,0.0],"evs":[0.0,-0.82079]},"K8o":{"weight":1.0,"played":[1.0,0.0],"evs":[0.0,-0.16135]},"A8o":{"weight":1.0,"played":[0.0,1.0],"evs":[0.0,1.87747]},"92s":{"weight":1.0,"played":[1.0,0.0],"evs":[0.0,-1.49759]},"93s":{"weight":1.0,"played":[1.0,0.0],"evs":[0.0,-1.38943]},"94s":{"weight":1.0,"played":[1.0,0.0],"evs":[0.0,-1.32046]},"95s":{"weight":1.0,"played":[1.0,0.0],"evs":[0.0,-0.98558]},"96s":{"weight":1.0,"played":[1.0,0.0],"evs":[0.0,-0.72474]},"97s":{"weight":1.0,"played":[1.0,0.0],"evs":[0.0,-0.46976]},"98s":{"weight":1.0,"played":[1.0,0.0],"evs":[0.0,-0.21774]},"99":{"weight":1.0,"played":[0.0,1.0],"evs":[0.0,3.61827]},"T9o":{"weight":1.0,"played":[1.0,0.0],"evs":[0.0,-0.56861]},"J9o":{"weight":1.0,"played":[1.0,0.0],"evs":[0.0,-0.57601]},"Q9o":{"weight":1.0,"played":[1.0,0.0],"evs":[0.0,-0.38179]},"K9o":{"weight":1.0,"played":[0.0,1.0],"evs":[0.0,0.36686]},"A9o":{"weight":1.0,"played":[0.0,1.0],"evs":[0.0,2.32823]},"T2s":{"weight":1.0,"played":[1.0,0.0],"evs":[0.0,-1.3333]},"T3s":{"weight":1.0,"played":[1.0,0.0],"evs":[0.0,-1.25052]},"T4s":{"weight":1.0,"played":[1.0,0.0],"evs":[0.0,-1.12487]},"T5s":{"weight":1.0,"played":[1.0,0.0],"evs":[0.0,-1.04132]},"T6s":{"weight":1.0,"played":[1.0,0.0],"evs":[0.0,-0.76296]},"T7s":{"weight":1.0,"played":[1.0,0.0],"evs":[0.0,-0.48886]},"T8s":{"weight":1.0,"played":[1.0,0.0],"evs":[0.0,-0.22948]},"T9s":{"weight":1.0,"played":[0.0031,0.9969],"evs":[0.0,0.06574]},"TT":{"weight":1.0,"played":[0.0,1.0],"evs":[0.0,4.41738]},"JTo":{"weight":1.0,"played":[0.3634,0.6366],"evs":[0.0,0.00969]},"QTo":{"weight":1.0,"played":[0.0,1.0],"evs":[0.0,0.29619]},"KTo":{"weight":1.0,"played":[0.0,1.0],"evs":[0.0,1.10402]},"ATo":{"weight":1.0,"played":[0.0,1.0],"evs":[0.0,3.08929]},"J2s":{"weight":1.0,"played":[1.0,0.0],"evs":[0.0,-1.17308]},"J3s":{"weight":1.0,"played":[1.0,0.0],"evs":[0.0,-1.07976]},"J4s":{"weight":1.0,"played":[1.0,0.0],"evs":[0.0,-0.93935]},"J5s":{"weight":1.0,"played":[1.0,0.0],"evs":[0.0,-0.82296]},"J6s":{"weight":1.0,"played":[1.0,0.0],"evs":[0.0,-0.78902]},"J7s":{"weight":1.0,"played":[1.0,0.0],"evs":[0.0,-0.53184]},"J8s":{"weight":1.0,"played":[1.0,0.0],"evs":[0.0,-0.26454]},"J9s":{"weight":1.0,"played":[0.0,1.0],"evs":[0.0,0.04124]},"JTs":{"weight":1.0,"played":[0.0,1.0],"evs":[0.0,0.57982]},"JJ":{"weight":1.0,"played":[0.0,1.0],"evs":[0.0,5.061]},"QJo":{"weight":1.0,"played":[0.0,1.0],"evs":[0.0,0.61991]},"KJo":{"weight":1.0,"played":[0.0,1.0],"evs":[0.0,1.4381]},"AJo":{"weight":1.0,"played":[0.0,1.0],"evs":[0.0,3.49956]},"Q2s":{"weight":1.0,"played":[1.0,0.0],"evs":[0.0,-0.89926]},"Q3s":{"weight":1.0,"played":[1.0,0.0],"evs":[0.0,-0.81409]},"Q4s":{"weight":1.0,"played":[1.0,0.0],"evs":[0.0,-0.69667]},"Q5s":{"weight":1.0,"played":[1.0,0.0],"evs":[0.0,-0.58746]},"Q6s":{"weight":1.0,"played":[1.0,0.0],"evs":[0.0,-0.48036]},"Q7s":{"weight":1.0,"played":[1.0,0.0],"evs":[0.0,-0.44149]},"Q8s":{"weight":1.0,"played":[1.0,0.0],"evs":[0.0,-0.14923]},"Q9s":{"weight":1.0,"played":[0.0,1.0],"evs":[0.0,0.22454]},"QTs":{"weight":1.0,"played":[0.0,1.0],"evs":[0.0,0.88925]},"QJs":{"weight":1.0,"played":[0.0,1.0],"evs":[0.0,1.19326]},"QQ":{"weight":1.0,"played":[0.0,1.0],"evs":[0.0,5.77036]},"KQo":{"weight":1.0,"played":[0.0,1.0],"evs":[0.0,1.82039]},"AQo":{"weight":1.0,"played":[0.0,1.0],"evs":[0.0,3.978]},"K2s":{"weight":1.0,"played":[1.0,0.0],"evs":[0.0,-0.36446]},"K3s":{"weight":1.0,"played":[1.0,0.0],"evs":[0.0,-0.23186]},"K4s":{"weight":1.0,"played":[0.9997,3.0E-4],"evs":[0.0,-0.12692]},"K5s":{"weight":1.0,"played":[0.3124,0.6876],"evs":[0.0,-0.00973]},"K6s":{"weight":1.0,"played":[3.0E-4,0.9997],"evs":[0.0,0.15155]},"K7s":{"weight":1.0,"played":[0.0,1.0],"evs":[0.0,0.26257]},"K8s":{"weight":1.0,"played":[0.0,1.0],"evs":[0.0,0.45546]},"K9s":{"weight":1.0,"played":[0.0,1.0],"evs":[0.0,0.94603]},"KTs":{"weight":1.0,"played":[0.0,1.0],"evs":[0.0,1.6437]},"KJs":{"weight":1.0,"played":[0.0,1.0],"evs":[0.0,1.94992]},"KQs":{"weight":1.0,"played":[0.0,1.0],"evs":[0.0,2.31437]},"KK":{"weight":1.0,"played":[0.0,1.0],"evs":[0.0,6.71072]},"AKo":{"weight":1.0,"played":[0.0,1.0],"evs":[0.0,4.59285]},"A2s":{"weight":1.0,"played":[0.0,1.0],"evs":[0.0,1.1729]},"A3s":{"weight":1.0,"played":[0.0,1.0],"evs":[0.0,1.28855]},"A4s":{"weight":1.0,"played":[0.0,1.0],"evs":[0.0,1.41909]},"A5s":{"weight":1.0,"played":[0.0,1.0],"evs":[0.0,1.57967]},"A6s":{"weight":1.0,"played":[0.0,1.0],"evs":[0.0,1.63135]},"A7s":{"weight":1.0,"played":[0.0,1.0],"evs":[0.0,1.92388]},"A8s":{"weight":1.0,"played":[0.0,1.0],"evs":[0.0,2.37356]},"A9s":{"weight":1.0,"played":[0.0,1.0],"evs":[0.0,2.80693]},"ATs":{"weight":1.0,"played":[0.0,1.0],"evs":[0.0,3.51949]},"AJs":{"weight":1.0,"played":[0.0,1.0],"evs":[0.0,3.91506]},"AQs":{"weight":1.0,"played":[0.0,1.0],"evs":[0.0,4.3293]},"AKs":{"weight":1.0,"played":[0.0,1.0],"evs":[0.0,4.91161]},"AA":{"weight":1.0,"played":[0.0,1.0],"evs":[0.0,8.61772]}}}