{"player":0,"street":0,"children":2,"sequence":[],"actions":[{"type":"F","amount":0,"node":1},{"type":"R","amount":7520000,"node":21}],"hands":{"22":{"weight":1.0,"played":[1.0,0.0],"evs":[0.0,-1.03836]},"32o":{"weight":1.0,"played":[1.0,0.0],"evs":[0.0,-2.77292]},"42o":{"weight":1.0,"played":[1.0,0.0],"evs":[0.0,-2.67594]},"52o":{"weight":1.0,"played":[1.0,0.0],"evs":[0.0,-2.57213]},"62o":{"weight":1.0,"played":[1.0,0.0],"evs":[0.0,-2.63075]},"72o":{"weight":1.0,"played":[1.0,0.0],"evs":[0.0,-2.63163]},"82o":{"weight":1.0,"played":[1.0,0.0],"evs":[0.0,-2.44848]},"92o":{"weight":1.0,"played":[1.0,0.0],"evs":[0.0,-2.28624]},"T2o":{"weight":1.0,"played":[1.0,0.0],"evs":[0.0,-2.06519]},"J2o":{"weight":1.0,"played":[1.0,0.0],"evs":[0.0,-1.80597]},"Q2o":{"weight":1.0,"played":[1.0,0.0],"evs":[0.0,-1.50518]},"K2o":{"weight":1.0,"played":[1.0,0.0],"evs":[0.0,-1.16093]},"A2o":{"weight":1.0,"played":[1.0,0.0],"evs":[0.0,-0.59123]},"32s":{"weight":1.0,"played":[1.0,0.0],"evs":[0.0,-2.31309]},"33":{"weight":1.0,"played":[1.0,0.0],"evs":[0.0,-0.76694]},"43o":{"weight":1.0,"played":[1.0,0.0],"evs":[0.0,-2.4821]},"53o":{"weight":1.0,"played":[1.0,0.0],"evs":[0.0,-2.35928]},"63o":{"weight":1.0,"played":[1.0,0.0],"evs":[0.0,-2.41956]},"73o":{"weight":1.0,"played":[1.0,0.0],"evs":[0.0,-2.41854]},"83o":{"weight":1.0,"played":[1.0,0.0],"evs":[0.0,-2.39326]},"93o":{"weight":1.0,"played":[1.0,0.0],"evs":[0.0,-2.19871]},"T3o":{"weight":1.0,"played":[1.0,0.0],"evs":[0.0,-1.97082]},"J3o":{"weight":1.0,"played":[1.0,0.0],"evs":[0.0,-1.70236]},"Q3o":{"weight":1.0,"played":[1.0,0.0],"evs":[0.0,-1.39922]},"K3o":{"weight":1.0,"played":[1.0,0.0],"evs":[0.0,-1.04653]},"A3o":{"weight":1.0,"played":[1.0,0.0],"evs":[0.0,-0.48437]},"42s":{"weight":1.0,"played":[1.0,0.0],"evs":[0.0,-2.21931]},"43s":{"weight":1.0,"played":[1.0,0.0],"evs":[0.0,-2.04483]},"44":{"weight":1.0,"played":[1.0,0.0],"evs":[0.0,-0.44972]},"54o":{"weight":1.0,"played":[1.0,0.0],"evs":[0.0,-2.15309]},"64o":{"weight":1.0,"played":[1.0,0.0],"evs":[0.0,-2.19261]},"74o":{"weight":1.0,"played":[1.0,0.0],"evs":[0.0,-2.1865]},"84o":{"weight":1.0,"played":[1.0,0.0],"evs":[0.0,-2.15997]},"94o":{"weight":1.0,"played":[1.0,0.0],"evs":[0.0,-2.12959]},"T4o":{"weight":1.0,"played":[1.0,0.0],"evs":[0.0,-1.86777]},"J4o":{"weight":1.0,"played":[1.0,0.0],"evs":[0.0,-1.59524]},"Q4o":{"weight":1.0,"played":[1.0,0.0],"evs":[0.0,-1.29343]},"K4o":{"weight":1.0,"played":[1.0,0.0],"evs":[0.0,-0.9321]},"A4o":{"weight":1.0,"played":[1.0,0.0],"evs":[0.0,-0.35903]},"52s":{"weight":1.0,"played":[1.0,0.0],"evs":[0.0,-2.13455]},"53s":{"weight":1.0,"played":[1.0,0.0],"evs":[0.0,-1.93136]},"54s":{"weight":1.0,"played":[1.0,0.0],"evs":[0.0,-1.72322]},"55":{"weight":1.0,"played":[1.0,0.0],"evs":[0.0,-0.10231]},"65o":{"weight":1.0,"played":[1.0,0.0],"evs":[0.0,-1.97608]},"75o":{"weight":1.0,"played":[1.0,0.0],"evs":[0.0,-1.96208]},"85o":{"weight":1.0,"played":[1.0,0.0],"evs":[0.0,-1.93468]},"95o":{"weight":1.0,"played":[1.0,0.0],"evs":[0.0,-1.89176]},"T5o":{"weight":1.0,"played":[1.0,0.0],"evs":[0.0,-1.77914]},"J5o":{"weight":1.0,"played":[1.0,0.0],"evs":[0.0,-1.49051]},"Q5o":{"weight":1.0,"played":[1.0,0.0],"evs":[0.0,-1.1687]},"K5o":{"weight":1.0,"played":[1.0,0.0],"evs":[0.0,-0.82254]},"A5o":{"weight":1.0,"played":[1.0,0.0],"evs":[0.0,-0.23817]},"62s":{"weight":1.0,"played":[1.0,0.0],"evs":[0.0,-2.17933]},"63s":{"weight":1.0,"played":[1.0,0.0],"evs":[0.0,-1.98928]},"64s":{"weight":1.0,"played":[1.0,0.0],"evs":[0.0,-1.76919]},"65s":{"weight":1.0,"played":[1.0,0.0],"evs":[0.0,-1.57032]},"66":{"weight":1.0,"played":[0.0,1.0],"evs":[0.0,0.2384]},"76o":{"weight":1.0,"played":[1.0,0.0],"evs":[0.0,-1.75385]},"86o":{"weight":1.0,"played":[1.0,0.0],"evs":[0.0,-1.72391]},"96o":{"weight":1.0,"played":[1.0,0.0],"evs":[0.0,-1.68076]},"T6o":{"weight":1.0,"played":[1.0,0.0],"evs":[0.0,-1.56821]},"J6o":{"weight":1.0,"played":[1.0,0.0],"evs":[0.0,-1.40979]},"Q6o":{"weight":1.0,"played":[1.0,0.0],"evs":[0.0,-1.07977]},"K6o":{"weight":1.0,"played":[1.0,0.0],"evs":[0.0,-0.71509]},"A6o":{"weight":1.0,"played":[1.0,0.0],"evs":[0.0,-0.25934]},"72s":{"weight":1.0,"played":[1.0,0.0],"evs":[0.0,-2.17978]},"73s":{"weight":1.0,"played":[1.0,0.0],"evs":[0.0,-1.968]},"74s":{"weight":1.0,"played":[1.0,0.0],"evs":[0.0,-1.75611]},"75s":{"weight":1.0,"played":[1.0,0.0],"evs":[0.0,-1.55362]},"76s":{"weight":1.0,"played":[1.0,0.0],"evs":[0.0,-1.35974]},"77":{"weight":1.0,"played":[0.0,1.0],"evs":[0.0,0.57245]},"87o":{"weight":1.0,"played":[1.0,0.0],"evs":[0.0,-1.52424]},"97o":{"weight":1.0,"played":[1.0,0.0],"evs":[0.0,-1.47194]},"T7o":{"weight":1.0,"played":[1.0,0.0],"evs":[0.0,-1.3511]},"J7o":{"weight":1.0,"played":[1.0,0.0],"evs":[0.0,-1.20051]},"Q7o":{"weight":1.0,"played":[1.0,0.0],"evs":[0.0,-1.00329]},"K7o":{"weight":1.0,"played":[1.0,0.0],"evs":[0.0,-0.61544]},"A7o":{"weight":1.0,"played":[1.0,0.0],"evs":[0.0,-0.13477]},"82s":{"weight":1.0,"played":[1.0,0.0],"evs":[0.0,-2.00058]},"83s":{"weight":1.0,"played":[1.0,0.0],"evs":[0.0,-1.94218]},"84s":{"weight":1.0,"played":[1.0,0.0],"evs":[0.0,-1.72746]},"85s":{"weight":1.0,"played":[1.0,0.0],"evs":[0.0,-1.5249]},"86s":{"weight":1.0,"played":[1.0,0.0],"evs":[0.0,-1.32821]},"87s":{"weight":1.0,"played":[1.0,0.0],"evs":[0.0,-1.13323]},"88":{"weight":1.0,"played":[0.0,1.0],"evs":[0.0,0.91866]},"98o":{"weight":1.0,"played":[1.0,0.0],"evs":[0.0,-1.27209]},"T8o":{"weight":1.0,"played":[1.0,0.0],"evs":[0.0,-1.13746]},"J8o":{"weight":1.0,"played":[1.0,0.0],"evs":[0.0,-0.98843]},"Q8o":{"weight":1.0,"played":[1.0,0.0],"evs":[0.0,-0.79077]},"K8o":{"weight":1.0,"played":[1.0,0.0],"evs":[0.0,-0.53277]},"A8o":{"weight":1.0,"played":[0.2625,0.7375],"evs":[0.0,-6.9E-4]},"92s":{"weight":1.0,"played":[1.0,0.0],"evs":[0.0,-1.85468]},"93s":{"weight":1.0,"played":[1.0,0.0],"evs":[0.0,-1.75771]},"94s":{"weight":1.0,"played":[1.0,0.0],"evs":[0.0,-1.70997]},"95s":{"weight":1.0,"played":[1.0,0.0],"evs":[0.0,-1.46203]},"96s":{"weight":1.0,"played":[1.0,0.0],"evs":[0.0,-1.27724]},"97s":{"weight":1.0,"played":[1.0,0.0],"evs":[0.0,-1.0836]},"98s":{"weight":1.0,"played":[1.0,0.0],"evs":[0.0,-0.90863]},"99":{"weight":1.0,"played":[0.0,1.0],"evs":[0.0,1.26818]},"T9o":{"weight":1.0,"played":[1.0,0.0],"evs":[0.0,-0.91429]},"J9o":{"weight":1.0,"played":[1.0,0.0],"evs":[0.0,-0.77244]},"Q9o":{"weight":1.0,"played":[1.0,0.0],"evs":[0.0,-0.57432]},"K9o":{"weight":1.0,"played":[1.0,0.0],"evs":[0.0,-0.31678]},"A9o":{"weight":1.0,"played":[0.0,1.0],"evs":[0.0,0.11595]},"T2s":{"weight":1.0,"played":[1.0,0.0],"evs":[0.0,-1.64086]},"T3s":{"weight":1.0,"played":[1.0,0.0],"evs":[0.0,-1.55506]},"T4s":{"weight":1.0,"played":[1.0,0.0],"evs":[0.0,-1.44589]},"T5s":{"weight":1.0,"played":[1.0,0.0],"evs":[0.0,-1.37464]},"T6s":{"weight":1.0,"played":[1.0,0.0],"evs":[0.0,-1.16866]},"T7s":{"weight":1.0,"played":[1.0,0.0],"evs":[0.0,-0.96671]},"T8s":{"weight":1.0,"played":[1.0,0.0],"evs":[0.0,-0.77488]},"T9s":{"weight":1.0,"played":[1.0,0.0],"evs":[0.0,-0.58111]},"TT":{"weight":1.0,"played":[0.0,1.0],"evs":[0.0,1.71984]},"JTo":{"weight":1.0,"played":[1.0,0.0],"evs":[0.0,-0.4961]},"QTo":{"weight":1.0,"played":[1.0,0.0],"evs":[0.0,-0.29686]},"KTo":{"weight":1.0,"played":[0.9998,2.0E-4],"evs":[0.0,-0.01331]},"ATo":{"weight":1.0,"played":[0.0,1.0],"evs":[0.0,0.44686]},"J2s":{"weight":1.0,"played":[1.0,0.0],"evs":[0.0,-1.39621]},"J3s":{"weight":1.0,"played":[1.0,0.0],"evs":[0.0,-1.29746]},"J4s":{"weight":1.0,"played":[1.0,0.0],"evs":[0.0,-1.20551]},"J5s":{"weight":1.0,"played":[1.0,0.0],"evs":[0.0,-1.09193]},"J6s":{"weight":1.0,"played":[1.0,0.0],"evs":[0.0,-1.02665]},"J7s":{"weight":1.0,"played":[1.0,0.0],"evs":[0.0,-0.81912]},"J8s":{"weight":1.0,"played":[1.0,0.0],"evs":[0.0,-0.62962]},"J9s":{"weight":1.0,"played":[1.0,0.0],"evs":[0.0,-0.43236]},"JTs":{"weight":1.0,"played":[1.0,0.0],"evs":[0.0,-0.16886]},"JJ":{"weight":1.0,"played":[0.0,1.0],"evs":[0.0,2.1293]},"QJo":{"weight":1.0,"played":[1.0,0.0],"evs":[0.0,-0.16526]},"KJo":{"weight":1.0,"played":[0.0,1.0],"evs":[0.0,0.13491]},"AJo":{"weight":1.0,"played":[0.0,1.0],"evs":[0.0,0.63932]},"Q2s":{"weight":1.0,"played":[1.0,0.0],"evs":[0.0,-1.12168]},"Q3s":{"weight":1.0,"played":[1.0,0.0],"evs":[0.0,-1.01611]},"Q4s":{"weight":1.0,"played":[1.0,0.0],"evs":[0.0,-0.8998]},"Q5s":{"weight":1.0,"played":[1.0,0.0],"evs":[0.0,-0.80743]},"Q6s":{"weight":1.0,"played":[1.0,0.0],"evs":[0.0,-0.70815]},"Q7s":{"weight":1.0,"played":[1.0,0.0],"evs":[0.0,-0.63732]},"Q8s":{"weight":1.0,"played":[1.0,0.0],"evs":[0.0,-0.4352]},"Q9s":{"weight":1.0,"played":[1.0,0.0],"evs":[0.0,-0.23816]},"QTs":{"weight":1.0,"played":[0.0783,0.9217],"evs":[0.0,0.02997]},"QJs":{"weight":1.0,"played":[0.0,1.0],"evs":[0.0,0.13992]},"QQ":{"weight":1.0,"played":[0.0,1.0],"evs":[0.0,2.5702]},"KQo":{"weight":1.0,"played":[0.0,1.0],"evs":[0.0,0.28804]},"AQo":{"weight":1.0,"played":[0.0,1.0],"evs":[0.0,0.85186]},"K2s":{"weight":1.0,"played":[1.0,0.0],"evs":[0.0,-0.77617]},"K3s":{"weight":1.0,"played":[1.0,0.0],"evs":[0.0,-0.66395]},"K4s":{"weight":1.0,"played":[1.0,0.0],"evs":[0.0,-0.56976]},"K5s":{"weight":1.0,"played":[1.0,0.0],"evs":[0.0,-0.4681]},"K6s":{"weight":1.0,"played":[1.0,0.0],"evs":[0.0,-0.36177]},"K7s":{"weight":1.0,"played":[1.0,0.0],"evs":[0.0,-0.26364]},"K8s":{"weight":1.0,"played":[1.0,0.0],"evs":[0.0,-0.19014]},"K9s":{"weight":1.0,"played":[0.2194,0.7806],"evs":[0.0,0.01444]},"KTs":{"weight":1.0,"played":[0.0,1.0],"evs":[0.0,0.2699]},"KJs":{"weight":1.0,"played":[0.0,1.0],"evs":[0.0,0.42404]},"KQs":{"weight":1.0,"played":[0.0,1.0],"evs":[0.0,0.58538]},"KK":{"weight":1.0,"played":[0.0,1.0],"evs":[0.0,3.08388]},"AKo":{"weight":1.0,"played":[0.0,1.0],"evs":[0.0,1.1057]},"A2s":{"weight":1.0,"played":[1.0,0.0],"evs":[0.0,-0.2325]},"A3s":{"weight":1.0,"played":[1.0,0.0],"evs":[0.0,-0.12649]},"A4s":{"weight":1.0,"played":[0.9923,0.0077],"evs":[0.0,-0.02347]},"A5s":{"weight":1.0,"played":[0.0,1.0],"evs":[0.0,0.0839]},"A6s":{"weight":1.0,"played":[0.0,1.0],"evs":[0.0,0.06891]},"A7s":{"weight":1.0,"played":[0.0,1.0],"evs":[0.0,0.1854]},"A8s":{"weight":1.0,"played":[0.0,1.0],"evs":[0.0,0.31773]},"A9s":{"weight":1.0,"played":[0.0,1.0],"evs":[0.0,0.41941]},"ATs":{"weight":1.0,"played":[0.0,1.0],"evs":[0.0,0.73306]},"AJs":{"weight":1.0,"played":[0.0,1.0],"evs":[0.0,0.9076]},"AQs":{"weight":1.0,"played":[0.0,1.0],"evs":[0.0,1.09948]},"AKs":{"weight":1.0,"played":[0.0,1.0],"evs":[0.0,1.32895]},"AA":{"weight":1.0,"played":[0.0,1.0],"evs":[0.0,3.77978]}}}