{"player":3,"street":0,"children":2,"sequence":[{"player":0,"type":"F","amount":0,"street":0},{"player":1,"type":"R","amount":12320000,"street":0},{"player":2,"type":"F","amount":0,"street":0},{"player":3,"type":"C","amount":10720000,"street":0},{"player":4,"type":"R","amount":26400000,"street":0}],"actions":[{"type":"F","amount":0},{"type":"C","amount":14080000}],"hands":{"22":{"weight":0.0059,"played":[0.0,1.0],"evs":[0.0,1.88839]},"32o":{"weight":0.0,"played":[0.0088,0.9912],"evs":[0.0,0.15842]},"42o":{"weight":0.0,"played":[8.0E-4,0.9992],"evs":[0.0,0.22606]},"52o":{"weight":0.0,"played":[1.0E-4,0.9999],"evs":[0.0,0.32286]},"62o":{"weight":0.0,"played":[0.0075,0.9925],"evs":[0.0,0.05635]},"72o":{"weight":0.0,"played":[0.9833,0.0167],"evs":[0.0,-0.12265]},"82o":{"weight":0.0,"played":[0.972,0.028],"evs":[0.0,-0.09601]},"92o":{"weight":0.0,"played":[0.4216,0.5784],"evs":[0.0,0.0157]},"T2o":{"weight":0.0,"played":[6.0E-4,0.9994],"evs":[0.0,0.08371]},"J2o":{"weight":0.0,"played":[0.0059,0.9941],"evs":[0.0,0.25252]},"Q2o":{"weight":0.0,"played":[2.0E-4,0.9998],"evs":[0.0,0.30811]},"K2o":{"weight":0.0,"played":[0.0,1.0],"evs":[0.0,0.6306]},"A2o":{"weight":0.2392,"played":[0.0,1.0],"evs":[0.0,0.26476]},"32s":{"weight":0.0,"played":[0.0,1.0],"evs":[0.0,0.6235]},"33":{"weight":0.0038,"played":[0.0,1.0],"evs":[0.0,1.90455]},"43o":{"weight":0.0,"played":[1.0E-4,0.9999],"evs":[0.0,0.47312]},"53o":{"weight":0.0,"played":[0.0,1.0],"evs":[0.0,0.58484]},"63o":{"weight":0.0,"played":[0.0,1.0],"evs":[0.0,0.34492]},"73o":{"weight":0.0,"played":[0.2271,0.7729],"evs":[0.0,0.0946]},"83o":{"weight":0.0,"played":[0.07,0.93],"evs":[0.0,0.00569]},"93o":{"weight":0.0,"played":[0.1131,0.8869],"evs":[0.0,0.05531]},"T3o":{"weight":0.0,"played":[0.0,1.0],"evs":[0.0,0.23817]},"J3o":{"weight":0.0,"played":[0.0233,0.9767],"evs":[0.0,0.30185]},"Q3o":{"weight":0.0,"played":[4.0E-4,0.9996],"evs":[0.0,0.36328]},"K3o":{"weight":0.0,"played":[0.0,1.0],"evs":[0.0,0.62042]},"A3o":{"weight":0.044,"played":[0.0,1.0],"evs":[0.0,0.32546]},"42s":{"weight":0.0,"played":[2.0E-4,0.9998],"evs":[0.0,0.79126]},"43s":{"weight":0.0116,"played":[0.0,1.0],"evs":[0.0,1.10822]},"44":{"weight":9.0E-4,"played":[0.0,1.0],"evs":[0.0,1.9182]},"54o":{"weight":0.0,"played":[0.0,1.0],"evs":[0.0,0.82567]},"64o":{"weight":0.0,"played":[0.0,1.0],"evs":[0.0,0.63139]},"74o":{"weight":0.0,"played":[0.0,1.0],"evs":[0.0,0.28326]},"84o":{"weight":0.0,"played":[0.0123,0.9877],"evs":[0.0,0.33834]},"94o":{"weight":0.0,"played":[0.0302,0.9698],"evs":[0.0,0.17216]},"T4o":{"weight":0.0,"played":[8.0E-4,0.9992],"evs":[0.0,0.32084]},"J4o":{"weight":0.0,"played":[0.0,1.0],"evs":[0.0,0.3657]},"Q4o":{"weight":0.0,"played":[0.0,1.0],"evs":[0.0,0.41135]},"K4o":{"weight":0.0,"played":[3.0E-4,0.9997],"evs":[0.0,0.65353]},"A4o":{"weight":0.0816,"played":[0.0,1.0],"evs":[0.0,0.34414]},"52s":{"weight":0.0,"played":[8.0E-4,0.9992],"evs":[0.0,1.03898]},"53s":{"weight":0.302,"played":[0.0,1.0],"evs":[0.0,1.26247]},"54s":{"weight":0.5118,"played":[0.0,1.0],"evs":[0.0,1.58922]},"55":{"weight":0.0012,"played":[0.0,1.0],"evs":[0.0,2.12626]},"65o":{"weight":0.0,"played":[0.0,1.0],"evs":[0.0,0.83773]},"75o":{"weight":0.0,"played":[0.0,1.0],"evs":[0.0,0.62822]},"85o":{"weight":0.0,"played":[3.0E-4,0.9997],"evs":[0.0,0.45889]},"95o":{"weight":0.0,"played":[0.0097,0.9903],"evs":[0.0,0.45525]},"T5o":{"weight":0.0,"played":[0.0,1.0],"evs":[0.0,0.28905]},"J5o":{"weight":0.0,"played":[0.0,1.0],"evs":[0.0,0.41373]},"Q5o":{"weight":0.0,"played":[1.0E-4,0.9999],"evs":[0.0,0.70613]},"K5o":{"weight":0.0,"played":[0.0,1.0],"evs":[0.0,0.6696]},"A5o":{"weight":0.4516,"played":[0.0,1.0],"evs":[0.0,0.43921]},"62s":{"weight":0.0,"played":[1.0E-4,0.9999],"evs":[0.0,0.80764]},"63s":{"weight":0.0,"played":[0.0,1.0],"evs":[0.0,1.24477]},"64s":{"weight":0.2182,"played":[0.0,1.0],"evs":[0.0,1.2967]},"65s":{"weight":0.4474,"played":[0.0,1.0],"evs":[0.0,1.73858]},"66":{"weight":0.0102,"played":[0.0,1.0],"evs":[0.0,2.16016]},"76o":{"weight":0.0,"played":[0.0,1.0],"evs":[0.0,0.75813]},"86o":{"weight":0.0,"played":[0.0,1.0],"evs":[0.0,0.62947]},"96o":{"weight":0.0,"played":[0.0,1.0],"evs":[0.0,0.57774]},"T6o":{"weight":0.0,"played":[0.0,1.0],"evs":[0.0,0.58714]},"J6o":{"weight":0.0,"played":[0.004,0.996],"evs":[0.0,0.32133]},"Q6o":{"weight":0.0,"played":[0.0,1.0],"evs":[0.0,0.50313]},"K6o":{"weight":0.0,"played":[0.0,1.0],"evs":[0.0,0.74893]},"A6o":{"weight":0.0716,"played":[0.0605,0.9395],"evs":[0.0,0.05534]},"72s":{"weight":0.0,"played":[1.0E-4,0.9999],"evs":[0.0,0.35474]},"73s":{"weight":0.0,"played":[2.0E-4,0.9998],"evs":[0.0,0.75462]},"74s":{"weight":0.0077,"played":[0.0,1.0],"evs":[0.0,0.92772]},"75s":{"weight":0.3186,"played":[2.0E-4,0.9998],"evs":[0.0,1.21147]},"76s":{"weight":0.0187,"played":[0.0,1.0],"evs":[0.0,1.55879]},"77":{"weight":6.0E-4,"played":[0.0,1.0],"evs":[0.0,2.32299]},"87o":{"weight":0.0,"played":[0.0,1.0],"evs":[0.0,0.85182]},"97o":{"weight":0.0,"played":[0.0,1.0],"evs":[0.0,0.79429]},"T7o":{"weight":0.0,"played":[0.0,1.0],"evs":[0.0,0.65051]},"J7o":{"weight":0.0,"played":[3.0E-4,0.9997],"evs":[0.0,0.48135]},"Q7o":{"weight":0.0,"played":[0.0,1.0],"evs":[0.0,0.51587]},"K7o":{"weight":0.0,"played":[0.0,1.0],"evs":[0.0,0.83396]},"A7o":{"weight":0.4439,"played":[0.0,1.0],"evs":[0.0,0.22229]},"82s":{"weight":0.0,"played":[4.0E-4,0.9996],"evs":[0.0,0.67588]},"83s":{"weight":0.0,"played":[0.0,1.0],"evs":[0.0,0.7037]},"84s":{"weight":0.0,"played":[4.0E-4,0.9996],"evs":[0.0,0.86641]},"85s":{"weight":0.2493,"played":[0.0,1.0],"evs":[0.0,1.15766]},"86s":{"weight":0.0173,"played":[0.0,1.0],"evs":[0.0,1.38258]},"87s":{"weight":0.0089,"played":[0.0,1.0],"evs":[0.0,1.59188]},"88":{"weight":0.002,"played":[0.0,1.0],"evs":[0.0,2.98515]},"98o":{"weight":0.0,"played":[0.0,1.0],"evs":[0.0,0.97994]},"T8o":{"weight":0.0,"played":[1.0E-4,0.9999],"evs":[0.0,1.03842]},"J8o":{"weight":0.0,"played":[0.0,1.0],"evs":[0.0,0.86381]},"Q8o":{"weight":0.0,"played":[0.0,1.0],"evs":[0.0,0.71573]},"K8o":{"weight":0.0,"played":[0.0,1.0],"evs":[0.0,0.78954]},"A8o":{"weight":0.2141,"played":[7.0E-4,0.9993],"evs":[0.0,0.20377]},"92s":{"weight":0.0,"played":[0.0043,0.9957],"evs":[0.0,0.69311]},"93s":{"weight":0.0,"played":[0.0,1.0],"evs":[0.0,0.83394]},"94s":{"weight":0.0,"played":[0.0,1.0],"evs":[0.0,0.70462]},"95s":{"weight":1.0E-4,"played":[0.0,1.0],"evs":[0.0,1.16189]},"96s":{"weight":0.0034,"played":[0.0,1.0],"evs":[0.0,1.14314]},"97s":{"weight":0.0023,"played":[0.0,1.0],"evs":[0.0,1.32284]},"98s":{"weight":0.0331,"played":[0.0,1.0],"evs":[0.0,1.59283]},"99":{"weight":0.0,"played":[0.0,1.0],"evs":[0.0,3.78061]},"T9o":{"weight":5.0E-4,"played":[0.0,1.0],"evs":[0.0,1.15256]},"J9o":{"weight":0.119,"played":[0.0,1.0],"evs":[0.0,1.06211]},"Q9o":{"weight":0.0108,"played":[0.0,1.0],"evs":[0.0,0.97223]},"K9o":{"weight":2.0E-4,"played":[0.0,1.0],"evs":[0.0,1.00129]},"A9o":{"weight":0.0035,"played":[0.0,1.0],"evs":[0.0,0.39032]},"T2s":{"weight":0.0,"played":[0.0031,0.9969],"evs":[0.0,0.88208]},"T3s":{"weight":0.0,"played":[0.0,1.0],"evs":[0.0,0.99915]},"T4s":{"weight":0.0,"played":[1.0E-4,0.9999],"evs":[0.0,0.99945]},"T5s":{"weight":0.0,"played":[0.0025,0.9975],"evs":[0.0,0.95976]},"T6s":{"weight":0.329,"played":[0.0,1.0],"evs":[0.0,1.11946]},"T7s":{"weight":0.0317,"played":[0.0,1.0],"evs":[0.0,1.18889]},"T8s":{"weight":0.1705,"played":[1.0E-4,0.9999],"evs":[0.0,1.7536]},"T9s":{"weight":1.0E-4,"played":[0.0,1.0],"evs":[0.0,1.97142]},"TT":{"weight":0.0064,"played":[0.0,1.0],"evs":[0.0,4.25828]},"JTo":{"weight":0.001,"played":[0.0,1.0],"evs":[0.0,1.42774]},"QTo":{"weight":6.0E-4,"played":[0.0,1.0],"evs":[0.0,1.38386]},"KTo":{"weight":0.0061,"played":[0.0,1.0],"evs":[0.0,1.34626]},"ATo":{"weight":0.0024,"played":[0.0,1.0],"evs":[0.0,0.91403]},"J2s":{"weight":0.0,"played":[1.0E-4,0.9999],"evs":[0.0,0.89185]},"J3s":{"weight":4.0E-4,"played":[0.0,1.0],"evs":[0.0,0.90702]},"J4s":{"weight":0.0157,"played":[1.0E-4,0.9999],"evs":[0.0,1.10017]},"J5s":{"weight":0.012,"played":[0.0,1.0],"evs":[0.0,1.20508]},"J6s":{"weight":0.0094,"played":[5.0E-4,0.9995],"evs":[0.0,1.04474]},"J7s":{"weight":0.331,"played":[0.0,1.0],"evs":[0.0,1.31069]},"J8s":{"weight":0.0,"played":[1.0E-4,0.9999],"evs":[0.0,1.67359]},"J9s":{"weight":0.0133,"played":[0.0,1.0],"evs":[0.0,1.76374]},"JTs":{"weight":0.0655,"played":[0.0,1.0],"evs":[0.0,1.92007]},"JJ":{"weight":8.0E-4,"played":[0.0,1.0],"evs":[0.0,5.42462]},"QJo":{"weight":0.0968,"played":[0.0,1.0],"evs":[0.0,1.29277]},"KJo":{"weight":0.1251,"played":[0.0,1.0],"evs":[0.0,1.40988]},"AJo":{"weight":0.0065,"played":[0.0,1.0],"evs":[0.0,1.57456]},"Q2s":{"weight":0.018,"played":[0.0,1.0],"evs":[0.0,1.21171]},"Q3s":{"weight":0.1057,"played":[3.0E-4,0.9997],"evs":[0.0,1.09146]},"Q4s":{"weight":0.2217,"played":[4.0E-4,0.9996],"evs":[0.0,1.00551]},"Q5s":{"weight":0.0151,"played":[0.0,1.0],"evs":[0.0,1.31793]},"Q6s":{"weight":0.0125,"played":[0.0,1.0],"evs":[0.0,1.16279]},"Q7s":{"weight":0.0283,"played":[0.002,0.998],"evs":[0.0,1.19003]},"Q8s":{"weight":0.0259,"played":[0.0,1.0],"evs":[0.0,1.33567]},"Q9s":{"weight":0.0039,"played":[0.0,1.0],"evs":[0.0,1.5238]},"QTs":{"weight":0.0506,"played":[0.0,1.0],"evs":[0.0,2.13826]},"QJs":{"weight":0.002,"played":[0.0,1.0],"evs":[0.0,2.17727]},"QQ":{"weight":6.0E-4,"played":[0.0,1.0],"evs":[0.0,6.67914]},"KQo":{"weight":0.0152,"played":[0.0,1.0],"evs":[0.0,1.73153]},"AQo":{"weight":0.0052,"played":[0.0,1.0],"evs":[0.0,2.59867]},"K2s":{"weight":0.2299,"played":[4.0E-4,0.9996],"evs":[0.0,1.21949]},"K3s":{"weight":0.04,"played":[2.0E-4,0.9998],"evs":[0.0,1.42508]},"K4s":{"weight":0.0077,"played":[5.0E-4,0.9995],"evs":[0.0,1.47246]},"K5s":{"weight":0.0307,"played":[0.0,1.0],"evs":[0.0,1.49265]},"K6s":{"weight":0.4498,"played":[1.0E-4,0.9999],"evs":[0.0,1.56862]},"K7s":{"weight":0.0332,"played":[0.0,1.0],"evs":[0.0,1.58339]},"K8s":{"weight":0.0334,"played":[0.0,1.0],"evs":[0.0,1.44973]},"K9s":{"weight":0.042,"played":[0.0,1.0],"evs":[0.0,1.85604]},"KTs":{"weight":0.5432,"played":[0.0,1.0],"evs":[0.0,2.23806]},"KJs":{"weight":0.0461,"played":[0.0,1.0],"evs":[0.0,2.30039]},"KQs":{"weight":0.0339,"played":[0.0,1.0],"evs":[0.0,2.29446]},"KK":{"weight":0.7347,"played":[0.0,1.0],"evs":[0.0,8.04217]},"AKo":{"weight":0.0024,"played":[0.0,1.0],"evs":[0.0,3.92283]},"A2s":{"weight":0.2242,"played":[0.0,1.0],"evs":[0.0,1.02136]},"A3s":{"weight":0.2071,"played":[3.0E-4,0.9997],"evs":[0.0,0.9777]},"A4s":{"weight":0.0959,"played":[0.0,1.0],"evs":[0.0,1.03688]},"A5s":{"weight":0.9057,"played":[0.0,1.0],"evs":[0.0,1.22401]},"A6s":{"weight":0.0166,"played":[0.0012,0.9988],"evs":[0.0,0.92348]},"A7s":{"weight":0.0165,"played":[3.0E-4,0.9997],"evs":[0.0,0.743]},"A8s":{"weight":0.2806,"played":[0.0,1.0],"evs":[0.0,1.03918]},"A9s":{"weight":0.3882,"played":[0.0,1.0],"evs":[0.0,1.17641]},"ATs":{"weight":0.9808,"played":[0.0,1.0],"evs":[0.0,1.69024]},"AJs":{"weight":0.0109,"played":[0.0,1.0],"evs":[0.0,2.23536]},"AQs":{"weight":0.0206,"played":[0.0,1.0],"evs":[0.0,3.37723]},"AKs":{"weight":0.078,"played":[0.0,1.0],"evs":[0.0,4.49177]},"AA":{"weight":0.9996,"played":[0.0,1.0],"evs":[0.0,10.24045]}}}