{"player":4,"street":0,"children":2,"sequence":[{"player":0,"type":"F","amount":0,"street":0},{"player":1,"type":"R","amount":12320000,"street":0},{"player":2,"type":"F","amount":0,"street":0},{"player":3,"type":"R","amount":26400000,"street":0}],"actions":[{"type":"F","amount":0},{"type":"C","amount":23200000}],"hands":{"22":{"weight":1.0,"played":[1.0,0.0],"evs":[0.0,-2.40713]},"32o":{"weight":1.0,"played":[1.0,0.0],"evs":[0.0,-5.52292]},"42o":{"weight":1.0,"played":[1.0,0.0],"evs":[0.0,-5.33314]},"52o":{"weight":1.0,"played":[1.0,0.0],"evs":[0.0,-5.24382]},"62o":{"weight":1.0,"played":[1.0,0.0],"evs":[0.0,-5.41966]},"72o":{"weight":1.0,"played":[1.0,0.0],"evs":[0.0,-5.72072]},"82o":{"weight":1.0,"played":[1.0,0.0],"evs":[0.0,-5.51343]},"92o":{"weight":1.0,"played":[1.0,0.0],"evs":[0.0,-5.39555]},"T2o":{"weight":1.0,"played":[1.0,0.0],"evs":[0.0,-5.22554]},"J2o":{"weight":1.0,"played":[1.0,0.0],"evs":[0.0,-4.8945]},"Q2o":{"weight":1.0,"played":[1.0,0.0],"evs":[0.0,-4.56107]},"K2o":{"weight":1.0,"played":[1.0,0.0],"evs":[0.0,-3.94016]},"A2o":{"weight":1.0,"played":[1.0,0.0],"evs":[0.0,-3.17203]},"32s":{"weight":1.0,"played":[1.0,0.0],"evs":[0.0,-4.56566]},"33":{"weight":1.0,"played":[1.0,0.0],"evs":[0.0,-1.97879]},"43o":{"weight":1.0,"played":[1.0,0.0],"evs":[0.0,-5.00065]},"53o":{"weight":1.0,"played":[1.0,0.0],"evs":[0.0,-4.75298]},"63o":{"weight":1.0,"played":[1.0,0.0],"evs":[0.0,-5.07327]},"73o":{"weight":1.0,"played":[1.0,0.0],"evs":[0.0,-5.31512]},"83o":{"weight":1.0,"played":[1.0,0.0],"evs":[0.0,-5.41374]},"93o":{"weight":1.0,"played":[1.0,0.0],"evs":[0.0,-5.30193]},"T3o":{"weight":1.0,"played":[1.0,0.0],"evs":[0.0,-5.08772]},"J3o":{"weight":1.0,"played":[1.0,0.0],"evs":[0.0,-4.79492]},"Q3o":{"weight":1.0,"played":[1.0,0.0],"evs":[0.0,-4.35547]},"K3o":{"weight":1.0,"played":[1.0,0.0],"evs":[0.0,-3.86027]},"A3o":{"weight":1.0,"played":[1.0,0.0],"evs":[0.0,-2.98498]},"42s":{"weight":1.0,"played":[1.0,0.0],"evs":[0.0,-4.4747]},"43s":{"weight":1.0,"played":[1.0,0.0],"evs":[0.0,-4.06409]},"44":{"weight":1.0,"played":[1.0,0.0],"evs":[0.0,-1.56119]},"54o":{"weight":1.0,"played":[1.0,0.0],"evs":[0.0,-4.46506]},"64o":{"weight":1.0,"played":[1.0,0.0],"evs":[0.0,-4.62478]},"74o":{"weight":1.0,"played":[1.0,0.0],"evs":[0.0,-4.83414]},"84o":{"weight":1.0,"played":[1.0,0.0],"evs":[0.0,-5.09984]},"94o":{"weight":1.0,"played":[1.0,0.0],"evs":[0.0,-5.22081]},"T4o":{"weight":1.0,"played":[1.0,0.0],"evs":[0.0,-4.98159]},"J4o":{"weight":1.0,"played":[1.0,0.0],"evs":[0.0,-4.7057]},"Q4o":{"weight":1.0,"played":[1.0,0.0],"evs":[0.0,-4.22487]},"K4o":{"weight":1.0,"played":[1.0,0.0],"evs":[0.0,-3.66005]},"A4o":{"weight":1.0,"played":[1.0,0.0],"evs":[0.0,-2.74723]},"52s":{"weight":1.0,"played":[1.0,0.0],"evs":[0.0,-4.16655]},"53s":{"weight":1.0,"played":[1.0,0.0],"evs":[0.0,-3.96192]},"54s":{"weight":1.0,"played":[1.0,0.0],"evs":[0.0,-3.67428]},"55":{"weight":1.0,"played":[1.0,0.0],"evs":[0.0,-1.04777]},"65o":{"weight":1.0,"played":[1.0,0.0],"evs":[0.0,-4.19137]},"75o":{"weight":1.0,"played":[1.0,0.0],"evs":[0.0,-4.52512]},"85o":{"weight":1.0,"played":[1.0,0.0],"evs":[0.0,-4.60099]},"95o":{"weight":1.0,"played":[1.0,0.0],"evs":[0.0,-4.8044]},"T5o":{"weight":1.0,"played":[1.0,0.0],"evs":[0.0,-4.89501]},"J5o":{"weight":1.0,"played":[1.0,0.0],"evs":[0.0,-4.47591]},"Q5o":{"weight":1.0,"played":[1.0,0.0],"evs":[0.0,-4.07254]},"K5o":{"weight":1.0,"played":[1.0,0.0],"evs":[0.0,-3.43908]},"A5o":{"weight":1.0,"played":[1.0,0.0],"evs":[0.0,-2.54032]},"62s":{"weight":1.0,"played":[1.0,0.0],"evs":[0.0,-4.48038]},"63s":{"weight":1.0,"played":[1.0,0.0],"evs":[0.0,-4.0369]},"64s":{"weight":1.0,"played":[1.0,0.0],"evs":[0.0,-3.72339]},"65s":{"weight":1.0,"played":[1.0,0.0],"evs":[0.0,-3.3852]},"66":{"weight":1.0,"played":[0.9998,2.0E-4],"evs":[0.0,-0.65568]},"76o":{"weight":1.0,"played":[1.0,0.0],"evs":[0.0,-4.09802]},"86o":{"weight":1.0,"played":[1.0,0.0],"evs":[0.0,-4.22213]},"96o":{"weight":1.0,"played":[1.0,0.0],"evs":[0.0,-4.36581]},"T6o":{"weight":1.0,"played":[1.0,0.0],"evs":[0.0,-4.48833]},"J6o":{"weight":1.0,"played":[1.0,0.0],"evs":[0.0,-4.41564]},"Q6o":{"weight":1.0,"played":[1.0,0.0],"evs":[0.0,-3.90969]},"K6o":{"weight":1.0,"played":[1.0,0.0],"evs":[0.0,-3.35029]},"A6o":{"weight":1.0,"played":[1.0,0.0],"evs":[0.0,-2.70624]},"72s":{"weight":1.0,"played":[1.0,0.0],"evs":[0.0,-4.69267]},"73s":{"weight":1.0,"played":[1.0,0.0],"evs":[0.0,-4.34493]},"74s":{"weight":1.0,"played":[1.0,0.0],"evs":[0.0,-4.00207]},"75s":{"weight":1.0,"played":[1.0,0.0],"evs":[0.0,-3.60997]},"76s":{"weight":1.0,"played":[1.0,0.0],"evs":[0.0,-3.21442]},"77":{"weight":1.0,"played":[0.0922,0.9078],"evs":[0.0,0.04518]},"87o":{"weight":1.0,"played":[1.0,0.0],"evs":[0.0,-3.93854]},"97o":{"weight":1.0,"played":[1.0,0.0],"evs":[0.0,-4.03388]},"T7o":{"weight":1.0,"played":[1.0,0.0],"evs":[0.0,-4.14611]},"J7o":{"weight":1.0,"played":[1.0,0.0],"evs":[0.0,-4.03908]},"Q7o":{"weight":1.0,"played":[1.0,0.0],"evs":[0.0,-3.81468]},"K7o":{"weight":1.0,"played":[1.0,0.0],"evs":[0.0,-3.18752]},"A7o":{"weight":1.0,"played":[1.0,0.0],"evs":[0.0,-2.38673]},"82s":{"weight":1.0,"played":[1.0,0.0],"evs":[0.0,-4.64303]},"83s":{"weight":1.0,"played":[1.0,0.0],"evs":[0.0,-4.59612]},"84s":{"weight":1.0,"played":[1.0,0.0],"evs":[0.0,-4.23029]},"85s":{"weight":1.0,"played":[1.0,0.0],"evs":[0.0,-3.73432]},"86s":{"weight":1.0,"played":[1.0,0.0],"evs":[0.0,-3.3311]},"87s":{"weight":1.0,"played":[1.0,0.0],"evs":[0.0,-3.05068]},"88":{"weight":1.0,"played":[1.0E-4,0.9999],"evs":[0.0,0.74461]},"98o":{"weight":1.0,"played":[1.0,0.0],"evs":[0.0,-3.75457]},"T8o":{"weight":1.0,"played":[1.0,0.0],"evs":[0.0,-3.77728]},"J8o":{"weight":1.0,"played":[1.0,0.0],"evs":[0.0,-3.69434]},"Q8o":{"weight":1.0,"played":[1.0,0.0],"evs":[0.0,-3.4869]},"K8o":{"weight":1.0,"played":[1.0,0.0],"evs":[0.0,-3.01111]},"A8o":{"weight":1.0,"played":[1.0,0.0],"evs":[0.0,-1.99653]},"92s":{"weight":1.0,"played":[1.0,0.0],"evs":[0.0,-4.40577]},"93s":{"weight":1.0,"played":[1.0,0.0],"evs":[0.0,-4.35283]},"94s":{"weight":1.0,"played":[1.0,0.0],"evs":[0.0,-4.26147]},"95s":{"weight":1.0,"played":[1.0,0.0],"evs":[0.0,-3.9326]},"96s":{"weight":1.0,"played":[1.0,0.0],"evs":[0.0,-3.42383]},"97s":{"weight":1.0,"played":[1.0,0.0],"evs":[0.0,-3.2884]},"98s":{"weight":1.0,"played":[1.0,0.0],"evs":[0.0,-2.86956]},"99":{"weight":1.0,"played":[0.0,1.0],"evs":[0.0,1.44786]},"T9o":{"weight":1.0,"played":[1.0,0.0],"evs":[0.0,-3.3]},"J9o":{"weight":1.0,"played":[1.0,0.0],"evs":[0.0,-3.24379]},"Q9o":{"weight":1.0,"played":[1.0,0.0],"evs":[0.0,-3.02779]},"K9o":{"weight":1.0,"played":[1.0,0.0],"evs":[0.0,-2.59712]},"A9o":{"weight":1.0,"played":[1.0,0.0],"evs":[0.0,-1.49057]},"T2s":{"weight":1.0,"played":[1.0,0.0],"evs":[0.0,-4.24474]},"T3s":{"weight":1.0,"played":[1.0,0.0],"evs":[0.0,-4.21102]},"T4s":{"weight":1.0,"played":[1.0,0.0],"evs":[0.0,-4.12516]},"T5s":{"weight":1.0,"played":[1.0,0.0],"evs":[0.0,-3.96922]},"T6s":{"weight":1.0,"played":[1.0,0.0],"evs":[0.0,-3.50702]},"T7s":{"weight":1.0,"played":[1.0,0.0],"evs":[0.0,-3.26236]},"T8s":{"weight":1.0,"played":[1.0,0.0],"evs":[0.0,-2.94895]},"T9s":{"weight":1.0,"played":[1.0,0.0],"evs":[0.0,-2.57746]},"TT":{"weight":1.0,"played":[0.0,1.0],"evs":[0.0,2.61626]},"JTo":{"weight":1.0,"played":[1.0,0.0],"evs":[0.0,-2.67593]},"QTo":{"weight":1.0,"played":[1.0,0.0],"evs":[0.0,-2.3535]},"KTo":{"weight":1.0,"played":[1.0,0.0],"evs":[0.0,-2.00955]},"ATo":{"weight":1.0,"played":[1.0,0.0],"evs":[0.0,-0.51164]},"J2s":{"weight":1.0,"played":[1.0,0.0],"evs":[0.0,-4.08649]},"J3s":{"weight":1.0,"played":[1.0,0.0],"evs":[0.0,-3.80514]},"J4s":{"weight":1.0,"played":[1.0,0.0],"evs":[0.0,-3.72434]},"J5s":{"weight":1.0,"played":[1.0,0.0],"evs":[0.0,-3.69242]},"J6s":{"weight":1.0,"played":[1.0,0.0],"evs":[0.0,-3.4528]},"J7s":{"weight":1.0,"played":[1.0,0.0],"evs":[0.0,-3.19011]},"J8s":{"weight":1.0,"played":[1.0,0.0],"evs":[0.0,-2.86709]},"J9s":{"weight":1.0,"played":[1.0,0.0],"evs":[0.0,-2.37878]},"JTs":{"weight":1.0,"played":[1.0,0.0],"evs":[0.0,-1.86093]},"JJ":{"weight":1.0,"played":[0.0,1.0],"evs":[0.0,3.72286]},"QJo":{"weight":1.0,"played":[1.0,0.0],"evs":[0.0,-2.00757]},"KJo":{"weight":1.0,"played":[1.0,0.0],"evs":[0.0,-1.5768]},"AJo":{"weight":1.0,"played":[6.0E-4,0.9994],"evs":[0.0,0.15189]},"Q2s":{"weight":1.0,"played":[1.0,0.0],"evs":[0.0,-3.55762]},"Q3s":{"weight":1.0,"played":[1.0,0.0],"evs":[0.0,-3.42509]},"Q4s":{"weight":1.0,"played":[1.0,0.0],"evs":[0.0,-3.26947]},"Q5s":{"weight":1.0,"played":[1.0,0.0],"evs":[0.0,-3.14048]},"Q6s":{"weight":1.0,"played":[1.0,0.0],"evs":[0.0,-2.94879]},"Q7s":{"weight":1.0,"played":[1.0,0.0],"evs":[0.0,-2.85717]},"Q8s":{"weight":1.0,"played":[1.0,0.0],"evs":[0.0,-2.68748]},"Q9s":{"weight":1.0,"played":[1.0,0.0],"evs":[0.0,-2.23]},"QTs":{"weight":1.0,"played":[1.0,0.0],"evs":[0.0,-1.60581]},"QJs":{"weight":1.0,"played":[0.9999,1.0E-4],"evs":[0.0,-1.33711]},"QQ":{"weight":1.0,"played":[0.0,1.0],"evs":[0.0,4.91443]},"KQo":{"weight":1.0,"played":[1.0,0.0],"evs":[0.0,-1.05992]},"AQo":{"weight":1.0,"played":[0.0,1.0],"evs":[0.0,0.83841]},"K2s":{"weight":1.0,"played":[1.0,0.0],"evs":[0.0,-2.97191]},"K3s":{"weight":1.0,"played":[1.0,0.0],"evs":[0.0,-2.98239]},"K4s":{"weight":1.0,"played":[1.0,0.0],"evs":[0.0,-2.63968]},"K5s":{"weight":1.0,"played":[1.0,0.0],"evs":[0.0,-2.50668]},"K6s":{"weight":1.0,"played":[1.0,0.0],"evs":[0.0,-2.41918]},"K7s":{"weight":1.0,"played":[1.0,0.0],"evs":[0.0,-2.34282]},"K8s":{"weight":1.0,"played":[1.0,0.0],"evs":[0.0,-2.21585]},"K9s":{"weight":1.0,"played":[1.0,0.0],"evs":[0.0,-1.78774]},"KTs":{"weight":1.0,"played":[1.0,0.0],"evs":[0.0,-1.20789]},"KJs":{"weight":1.0,"played":[1.0,0.0],"evs":[0.0,-0.85768]},"KQs":{"weight":1.0,"played":[0.9878,0.0122],"evs":[0.0,-0.37241]},"KK":{"weight":1.0,"played":[0.0,1.0],"evs":[0.0,6.11135]},"AKo":{"weight":1.0,"played":[0.0,1.0],"evs":[0.0,1.51313]},"A2s":{"weight":1.0,"played":[1.0,0.0],"evs":[0.0,-2.22116]},"A3s":{"weight":1.0,"played":[1.0,0.0],"evs":[0.0,-1.94435]},"A4s":{"weight":1.0,"played":[1.0,0.0],"evs":[0.0,-1.97649]},"A5s":{"weight":1.0,"played":[1.0,0.0],"evs":[0.0,-1.63714]},"A6s":{"weight":1.0,"played":[1.0,0.0],"evs":[0.0,-1.76838]},"A7s":{"weight":1.0,"played":[1.0,0.0],"evs":[0.0,-1.535]},"A8s":{"weight":1.0,"played":[1.0,0.0],"evs":[0.0,-1.16995]},"A9s":{"weight":1.0,"played":[0.9985,0.0015],"evs":[0.0,-0.70063]},"ATs":{"weight":1.0,"played":[2.0E-4,0.9998],"evs":[0.0,0.1982]},"AJs":{"weight":1.0,"played":[0.0,1.0],"evs":[0.0,0.73071]},"AQs":{"weight":1.0,"played":[0.0,1.0],"evs":[0.0,1.5089]},"AKs":{"weight":1.0,"played":[0.0,1.0],"evs":[0.0,2.135]},"AA":{"weight":1.0,"played":[0.0,1.0],"evs":[0.0,8.10141]}}}