{"player":3,"street":0,"children":3,"sequence":[{"player":0,"type":"F","amount":0,"street":0},{"player":1,"type":"R","amount":12320000,"street":0},{"player":2,"type":"C","amount":4000000,"street":0}],"actions":[{"type":"F","amount":0,"node":17},{"type":"C","amount":10720000,"node":18},{"type":"R","amount":26400000,"node":20}],"hands":{"22":{"weight":1.0,"played":[0.0,0.0014,0.9986],"evs":[0.0,0.67511,0.70303]},"32o":{"weight":1.0,"played":[1.0,0.0,0.0],"evs":[0.0,-0.45651,-0.4507]},"42o":{"weight":1.0,"played":[1.0,0.0,0.0],"evs":[0.0,-0.40313,-0.39713]},"52o":{"weight":1.0,"played":[1.0,0.0,0.0],"evs":[0.0,-0.35973,-0.34669]},"62o":{"weight":1.0,"played":[1.0,0.0,0.0],"evs":[0.0,-0.49313,-0.48421]},"72o":{"weight":1.0,"played":[1.0,0.0,0.0],"evs":[0.0,-0.5487,-0.55076]},"82o":{"weight":1.0,"played":[1.0,0.0,0.0],"evs":[0.0,-0.53938,-0.53392]},"92o":{"weight":1.0,"played":[1.0,0.0,0.0],"evs":[0.0,-0.51287,-0.51119]},"T2o":{"weight":1.0,"played":[1.0,0.0,0.0],"evs":[0.0,-0.43462,-0.42345]},"J2o":{"weight":1.0,"played":[1.0,0.0,0.0],"evs":[0.0,-0.43241,-0.42375]},"Q2o":{"weight":1.0,"played":[1.0,0.0,0.0],"evs":[0.0,-0.36935,-0.35896]},"K2o":{"weight":1.0,"played":[0.9998,2.0E-4,1.0E-4],"evs":[0.0,-0.31126,-0.28617]},"A2o":{"weight":1.0,"played":[1.0,0.0,0.0],"evs":[0.0,-0.22672,-0.22038]},"32s":{"weight":1.0,"played":[0.8532,0.0078,0.1391],"evs":[0.0,-0.17728,-0.15448]},"33":{"weight":1.0,"played":[1.0E-4,0.0,0.9999],"evs":[0.0,0.76312,0.78291]},"43o":{"weight":1.0,"played":[0.9999,0.0,0.0],"evs":[0.0,-0.22955,-0.21583]},"53o":{"weight":1.0,"played":[0.9998,0.0,2.0E-4],"evs":[0.0,-0.17997,-0.1691]},"63o":{"weight":1.0,"played":[0.9997,0.0,2.0E-4],"evs":[0.0,-0.3004,-0.27257]},"73o":{"weight":1.0,"played":[1.0,0.0,0.0],"evs":[0.0,-0.44052,-0.41716]},"83o":{"weight":1.0,"played":[1.0,0.0,0.0],"evs":[0.0,-0.5717,-0.56827]},"93o":{"weight":1.0,"played":[1.0,0.0,0.0],"evs":[0.0,-0.44428,-0.44122]},"T3o":{"weight":1.0,"played":[1.0,0.0,0.0],"evs":[0.0,-0.38379,-0.37856]},"J3o":{"weight":1.0,"played":[1.0,0.0,0.0],"evs":[0.0,-0.36472,-0.34749]},"Q3o":{"weight":1.0,"played":[1.0,0.0,0.0],"evs":[0.0,-0.30626,-0.29536]},"K3o":{"weight":1.0,"played":[0.9988,5.0E-4,7.0E-4],"evs":[0.0,-0.24722,-0.23143]},"A3o":{"weight":1.0,"played":[0.9999,0.0,1.0E-4],"evs":[0.0,-0.18228,-0.17985]},"42s":{"weight":1.0,"played":[0.6137,0.2528,0.1335],"evs":[0.0,-0.09291,-0.09338]},"43s":{"weight":1.0,"played":[5.0E-4,0.4659,0.5336],"evs":[0.0,0.17294,0.17673]},"44":{"weight":1.0,"played":[0.0,2.0E-4,0.9998],"evs":[0.0,0.84206,0.86192]},"54o":{"weight":1.0,"played":[0.7569,0.1063,0.1368],"evs":[0.0,-0.06924,-0.0568]},"64o":{"weight":1.0,"played":[0.9992,6.0E-4,2.0E-4],"evs":[0.0,-0.10758,-0.10057]},"74o":{"weight":1.0,"played":[1.0,0.0,0.0],"evs":[0.0,-0.26834,-0.24213]},"84o":{"weight":1.0,"played":[1.0,0.0,0.0],"evs":[0.0,-0.38381,-0.37789]},"94o":{"weight":1.0,"played":[1.0,0.0,0.0],"evs":[0.0,-0.50028,-0.48447]},"T4o":{"weight":1.0,"played":[1.0,0.0,0.0],"evs":[0.0,-0.38634,-0.37622]},"J4o":{"weight":1.0,"played":[0.9997,2.0E-4,1.0E-4],"evs":[0.0,-0.31203,-0.30478]},"Q4o":{"weight":1.0,"played":[1.0,0.0,0.0],"evs":[0.0,-0.30006,-0.28597]},"K4o":{"weight":1.0,"played":[1.0,0.0,0.0],"evs":[0.0,-0.22806,-0.20315]},"A4o":{"weight":1.0,"played":[0.9931,0.0056,0.0013],"evs":[0.0,-0.15815,-0.15888]},"52s":{"weight":1.0,"played":[0.4424,0.3661,0.1916],"evs":[0.0,-0.0254,-0.02164]},"53s":{"weight":1.0,"played":[0.0049,0.1,0.895],"evs":[0.0,0.13708,0.15805]},"54s":{"weight":1.0,"played":[6.0E-4,0.0163,0.983],"evs":[0.0,0.32469,0.33806]},"55":{"weight":1.0,"played":[0.0,0.0097,0.9903],"evs":[0.0,0.90796,0.93497]},"65o":{"weight":1.0,"played":[0.0702,0.2624,0.6674],"evs":[0.0,0.02521,0.03683]},"75o":{"weight":1.0,"played":[0.9951,0.0033,0.0016],"evs":[0.0,-0.13608,-0.13397]},"85o":{"weight":1.0,"played":[0.9998,1.0E-4,2.0E-4],"evs":[0.0,-0.24232,-0.23477]},"95o":{"weight":1.0,"played":[1.0,0.0,0.0],"evs":[0.0,-0.28388,-0.27789]},"T5o":{"weight":1.0,"played":[0.9998,2.0E-4,0.0],"evs":[0.0,-0.35951,-0.35848]},"J5o":{"weight":1.0,"played":[1.0,0.0,0.0],"evs":[0.0,-0.29702,-0.29511]},"Q5o":{"weight":1.0,"played":[0.9998,0.0,2.0E-4],"evs":[0.0,-0.29333,-0.28642]},"K5o":{"weight":1.0,"played":[0.9928,0.0072,0.0],"evs":[0.0,-0.11674,-0.10038]},"A5o":{"weight":1.0,"played":[0.998,0.0013,7.0E-4],"evs":[0.0,-0.10487,-0.09743]},"62s":{"weight":1.0,"played":[0.6392,0.2662,0.0946],"evs":[0.0,-0.09055,-0.09067]},"63s":{"weight":1.0,"played":[0.0036,0.6717,0.3247],"evs":[0.0,0.06979,0.07092]},"64s":{"weight":1.0,"played":[1.0E-4,0.0133,0.9866],"evs":[0.0,0.26187,0.28673]},"65s":{"weight":1.0,"played":[0.0035,0.3481,0.6484],"evs":[0.0,0.25032,0.28043]},"66":{"weight":1.0,"played":[0.0,0.1291,0.8709],"evs":[0.0,1.04199,1.06378]},"76o":{"weight":1.0,"played":[2.0E-4,0.4021,0.5977],"evs":[0.0,0.01918,0.02613]},"86o":{"weight":1.0,"played":[0.9996,3.0E-4,1.0E-4],"evs":[0.0,-0.08104,-0.07987]},"96o":{"weight":1.0,"played":[0.9998,1.0E-4,1.0E-4],"evs":[0.0,-0.16756,-0.1686]},"T6o":{"weight":1.0,"played":[0.9999,1.0E-4,0.0],"evs":[0.0,-0.25587,-0.24513]},"J6o":{"weight":1.0,"played":[1.0,0.0,0.0],"evs":[0.0,-0.31329,-0.30388]},"Q6o":{"weight":1.0,"played":[0.9994,1.0E-4,5.0E-4],"evs":[0.0,-0.2608,-0.25822]},"K6o":{"weight":1.0,"played":[0.9998,1.0E-4,1.0E-4],"evs":[0.0,-0.13616,-0.12109]},"A6o":{"weight":1.0,"played":[0.9985,9.0E-4,6.0E-4],"evs":[0.0,-0.20438,-0.20031]},"72s":{"weight":1.0,"played":[0.9375,0.0039,0.0586],"evs":[0.0,-0.16715,-0.15696]},"73s":{"weight":1.0,"played":[0.0541,0.1146,0.8313],"evs":[0.0,-0.00941,0.02976]},"74s":{"weight":1.0,"played":[0.1019,0.5038,0.3943],"evs":[0.0,0.09909,0.10798]},"75s":{"weight":1.0,"played":[0.0,0.1177,0.8823],"evs":[0.0,0.31926,0.33175]},"76s":{"weight":1.0,"played":[0.0,0.0318,0.9681],"evs":[0.0,0.39656,0.40006]},"77":{"weight":1.0,"played":[0.0,0.3102,0.6898],"evs":[0.0,1.31158,1.32733]},"87o":{"weight":1.0,"played":[0.2633,0.2013,0.5354],"evs":[0.0,0.05452,0.0648]},"97o":{"weight":1.0,"played":[0.4372,0.0835,0.4793],"evs":[0.0,-0.01209,0.00368]},"T7o":{"weight":1.0,"played":[0.9596,0.0207,0.0197],"evs":[0.0,-0.10679,-0.09451]},"J7o":{"weight":1.0,"played":[0.9996,4.0E-4,0.0],"evs":[0.0,-0.15915,-0.14663]},"Q7o":{"weight":1.0,"played":[0.9947,0.0032,0.0022],"evs":[0.0,-0.23082,-0.218]},"K7o":{"weight":1.0,"played":[0.9986,0.0014,0.0],"evs":[0.0,-0.10815,-0.09632]},"A7o":{"weight":1.0,"played":[0.9625,0.0084,0.0291],"evs":[0.0,-0.16173,-0.14036]},"82s":{"weight":1.0,"played":[0.9988,1.0E-4,0.0011],"evs":[0.0,-0.17522,-0.16868]},"83s":{"weight":1.0,"played":[0.9789,0.0142,0.0069],"evs":[0.0,-0.19056,-0.16352]},"84s":{"weight":1.0,"played":[0.2309,0.12,0.649],"evs":[0.0,0.04796,0.06699]},"85s":{"weight":1.0,"played":[0.0069,0.9779,0.0152],"evs":[0.0,0.20892,0.20317]},"86s":{"weight":1.0,"played":[5.0E-4,0.0215,0.978],"evs":[0.0,0.4323,0.46046]},"87s":{"weight":1.0,"played":[1.0E-4,0.0189,0.981],"evs":[0.0,0.41498,0.43718]},"88":{"weight":1.0,"played":[0.0,4.0E-4,0.9996],"evs":[0.0,1.60661,1.62647]},"98o":{"weight":1.0,"played":[0.1194,0.2402,0.6404],"evs":[0.0,0.04797,0.06308]},"T8o":{"weight":1.0,"played":[0.6376,0.1254,0.237],"evs":[0.0,-0.03742,-0.02779]},"J8o":{"weight":1.0,"played":[0.7193,0.0717,0.209],"evs":[0.0,-0.02194,-0.00842]},"Q8o":{"weight":1.0,"played":[0.998,0.002,0.0],"evs":[0.0,-0.15456,-0.14445]},"K8o":{"weight":1.0,"played":[0.9997,3.0E-4,1.0E-4],"evs":[0.0,-0.17512,-0.15394]},"A8o":{"weight":1.0,"played":[0.847,0.0529,0.1],"evs":[0.0,-0.06069,-0.06086]},"92s":{"weight":1.0,"played":[0.9892,5.0E-4,0.0103],"evs":[0.0,-0.06831,-0.08802]},"93s":{"weight":1.0,"played":[0.2509,0.2623,0.4868],"evs":[0.0,-0.02861,-0.00621]},"94s":{"weight":1.0,"played":[0.7698,0.1119,0.1183],"evs":[0.0,-0.0744,-0.081]},"95s":{"weight":1.0,"played":[5.0E-4,0.1772,0.8223],"evs":[0.0,0.11081,0.12622]},"96s":{"weight":1.0,"played":[1.0E-4,0.0241,0.9758],"evs":[0.0,0.16741,0.18412]},"97s":{"weight":1.0,"played":[0.0,0.4742,0.5258],"evs":[0.0,0.2569,0.26359]},"98s":{"weight":1.0,"played":[0.0,0.8335,0.1665],"evs":[0.0,0.40202,0.40016]},"99":{"weight":1.0,"played":[0.0,0.14,0.86],"evs":[0.0,1.93036,1.94107]},"T9o":{"weight":1.0,"played":[1.0E-4,0.8798,0.1201],"evs":[0.0,0.16727,0.1649]},"J9o":{"weight":1.0,"played":[0.013,0.1451,0.8418],"evs":[0.0,0.12507,0.13528]},"Q9o":{"weight":1.0,"played":[0.1745,0.464,0.3615],"evs":[0.0,0.0045,0.00313]},"K9o":{"weight":1.0,"played":[0.076,0.1558,0.7682],"evs":[0.0,0.06215,0.08332]},"A9o":{"weight":1.0,"played":[0.0,0.0448,0.9552],"evs":[0.0,0.2118,0.21774]},"T2s":{"weight":1.0,"played":[0.9176,0.067,0.0154],"evs":[0.0,-0.03728,-0.03968]},"T3s":{"weight":1.0,"played":[0.9919,0.0026,0.0055],"evs":[0.0,-0.12537,-0.13288]},"T4s":{"weight":1.0,"played":[0.1203,0.4669,0.4129],"evs":[0.0,0.03145,0.01954]},"T5s":{"weight":1.0,"played":[0.2532,0.3352,0.4116],"evs":[0.0,0.03247,0.0444]},"T6s":{"weight":1.0,"played":[0.0026,0.2561,0.7413],"evs":[0.0,0.17892,0.18723]},"T7s":{"weight":1.0,"played":[3.0E-4,0.5012,0.4985],"evs":[0.0,0.29566,0.29674]},"T8s":{"weight":1.0,"played":[2.0E-4,0.3826,0.6172],"evs":[0.0,0.42554,0.43897]},"T9s":{"weight":1.0,"played":[0.0,0.5224,0.4776],"evs":[0.0,0.63367,0.64689]},"TT":{"weight":1.0,"played":[0.0,0.1185,0.8815],"evs":[0.0,2.3387,2.36334]},"JTo":{"weight":1.0,"played":[0.0,0.013,0.987],"evs":[0.0,0.23364,0.23793]},"QTo":{"weight":1.0,"played":[0.0,0.5902,0.4098],"evs":[0.0,0.20994,0.20424]},"KTo":{"weight":1.0,"played":[0.0013,0.0613,0.9373],"evs":[0.0,0.18809,0.21508]},"ATo":{"weight":1.0,"played":[1.0E-4,0.2249,0.775],"evs":[0.0,0.63058,0.64182]},"J2s":{"weight":1.0,"played":[0.7798,0.088,0.1322],"evs":[0.0,-0.08281,-0.07215]},"J3s":{"weight":1.0,"played":[0.278,0.4224,0.2996],"evs":[0.0,-0.04062,-0.02543]},"J4s":{"weight":1.0,"played":[0.2009,0.1446,0.6544],"evs":[0.0,0.01652,0.03159]},"J5s":{"weight":1.0,"played":[0.0298,0.5367,0.4335],"evs":[0.0,0.09045,0.09987]},"J6s":{"weight":1.0,"played":[0.8492,0.0384,0.1125],"evs":[0.0,-0.03474,-0.0202]},"J7s":{"weight":1.0,"played":[0.0036,0.0349,0.9615],"evs":[0.0,0.23716,0.25602]},"J8s":{"weight":1.0,"played":[6.0E-4,0.0391,0.9604],"evs":[0.0,0.25808,0.26735]},"J9s":{"weight":1.0,"played":[1.0E-4,0.0986,0.9014],"evs":[0.0,0.55649,0.56895]},"JTs":{"weight":1.0,"played":[0.0,0.6208,0.3792],"evs":[0.0,0.61421,0.62599]},"JJ":{"weight":1.0,"played":[0.0,0.8178,0.1822],"evs":[0.0,2.94855,2.94254]},"QJo":{"weight":1.0,"played":[0.0,0.0039,0.9961],"evs":[0.0,0.27888,0.29224]},"KJo":{"weight":1.0,"played":[0.0,0.4842,0.5158],"evs":[0.0,0.39325,0.39396]},"AJo":{"weight":1.0,"played":[0.0,0.3857,0.6143],"evs":[0.0,1.04553,1.05414]},"Q2s":{"weight":1.0,"played":[0.6473,0.1591,0.1936],"evs":[0.0,-0.05952,-0.0569]},"Q3s":{"weight":1.0,"played":[0.0111,0.7592,0.2297],"evs":[0.0,0.13223,0.13303]},"Q4s":{"weight":1.0,"played":[3.0E-4,0.1002,0.8995],"evs":[0.0,0.18284,0.18785]},"Q5s":{"weight":1.0,"played":[1.0E-4,0.3843,0.6156],"evs":[0.0,0.14552,0.14885]},"Q6s":{"weight":1.0,"played":[0.0014,0.9365,0.0621],"evs":[0.0,0.1867,0.1823]},"Q7s":{"weight":1.0,"played":[0.0538,0.2026,0.7436],"evs":[0.0,0.23209,0.24604]},"Q8s":{"weight":1.0,"played":[1.0E-4,0.4417,0.5582],"evs":[0.0,0.31461,0.31906]},"Q9s":{"weight":1.0,"played":[2.0E-4,0.7986,0.2012],"evs":[0.0,0.39943,0.39756]},"QTs":{"weight":1.0,"played":[0.0,0.5862,0.4137],"evs":[0.0,0.61514,0.60246]},"QJs":{"weight":1.0,"played":[0.0,0.142,0.858],"evs":[0.0,0.60896,0.61917]},"QQ":{"weight":1.0,"played":[0.0,0.4638,0.5362],"evs":[0.0,3.60523,3.61112]},"KQo":{"weight":1.0,"played":[0.0,0.7621,0.2379],"evs":[0.0,0.62454,0.61847]},"AQo":{"weight":1.0,"played":[0.0,0.0738,0.9262],"evs":[0.0,1.49509,1.5039]},"K2s":{"weight":1.0,"played":[0.0037,0.0366,0.9597],"evs":[0.0,0.12724,0.16165]},"K3s":{"weight":1.0,"played":[0.0011,0.0362,0.9627],"evs":[0.0,0.17936,0.21074]},"K4s":{"weight":1.0,"played":[8.0E-4,0.4972,0.502],"evs":[0.0,0.25576,0.25511]},"K5s":{"weight":1.0,"played":[0.0016,0.0374,0.9611],"evs":[0.0,0.24125,0.27924]},"K6s":{"weight":1.0,"played":[0.001,0.402,0.5969],"evs":[0.0,0.22946,0.25364]},"K7s":{"weight":1.0,"played":[0.0099,0.2767,0.7135],"evs":[0.0,0.32754,0.3356]},"K8s":{"weight":1.0,"played":[1.0E-4,0.0089,0.991],"evs":[0.0,0.28523,0.29738]},"K9s":{"weight":1.0,"played":[0.0,0.0977,0.9022],"evs":[0.0,0.39341,0.40808]},"KTs":{"weight":1.0,"played":[0.0,0.0,1.0],"evs":[0.0,0.58626,0.60821]},"KJs":{"weight":1.0,"played":[0.0,0.0039,0.9961],"evs":[0.0,0.77004,0.77733]},"KQs":{"weight":1.0,"played":[0.0,0.6338,0.3662],"evs":[0.0,0.99948,0.98111]},"KK":{"weight":1.0,"played":[0.0,0.549,0.451],"evs":[0.0,4.30898,4.2996]},"AKo":{"weight":1.0,"played":[0.0,0.5058,0.4942],"evs":[0.0,2.23621,2.2324]},"A2s":{"weight":1.0,"played":[0.0,0.0128,0.9872],"evs":[0.0,0.24867,0.25469]},"A3s":{"weight":1.0,"played":[0.0,0.914,0.086],"evs":[0.0,0.30575,0.29549]},"A4s":{"weight":1.0,"played":[1.0E-4,0.4884,0.5115],"evs":[0.0,0.32134,0.32524]},"A5s":{"weight":1.0,"played":[0.0026,0.5578,0.4396],"evs":[0.0,0.31609,0.31225]},"A6s":{"weight":1.0,"played":[2.0E-4,0.9537,0.0461],"evs":[0.0,0.2194,0.20378]},"A7s":{"weight":1.0,"played":[1.0E-4,0.9033,0.0966],"evs":[0.0,0.34214,0.33115]},"A8s":{"weight":1.0,"played":[0.0,0.0457,0.9543],"evs":[0.0,0.32537,0.35108]},"A9s":{"weight":1.0,"played":[0.0,0.0034,0.9966],"evs":[0.0,0.62592,0.64075]},"ATs":{"weight":1.0,"played":[0.0,0.3453,0.6547],"evs":[0.0,1.16556,1.16788]},"AJs":{"weight":1.0,"played":[0.0,0.0,1.0],"evs":[0.0,1.31483,1.33749]},"AQs":{"weight":1.0,"played":[0.0,0.9875,0.0125],"evs":[0.0,1.95148,1.94988]},"AKs":{"weight":1.0,"played":[0.0,0.706,0.294],"evs":[0.0,2.42618,2.40836]},"AA":{"weight":1.0,"played":[0.0,0.7014,0.2986],"evs":[0.0,5.66647,5.64028]}}}