{"player":4,"street":0,"children":2,"sequence":[{"player":0,"type":"F","amount":0,"street":0},{"player":1,"type":"R","amount":12320000,"street":0},{"player":2,"type":"C","amount":4000000,"street":0},{"player":3,"type":"R","amount":26400000,"street":0}],"actions":[{"type":"F","amount":0},{"type":"C","amount":23200000}],"hands":{"22":{"weight":1.0,"played":[0.9981,0.0019],"evs":[0.0,-1.06993]},"32o":{"weight":1.0,"played":[1.0,0.0],"evs":[0.0,-4.07097]},"42o":{"weight":1.0,"played":[1.0,0.0],"evs":[0.0,-3.74935]},"52o":{"weight":1.0,"played":[1.0,0.0],"evs":[0.0,-3.57202]},"62o":{"weight":1.0,"played":[1.0,0.0],"evs":[0.0,-3.70832]},"72o":{"weight":1.0,"played":[1.0,0.0],"evs":[0.0,-4.00391]},"82o":{"weight":1.0,"played":[1.0,0.0],"evs":[0.0,-3.51813]},"92o":{"weight":1.0,"played":[1.0,0.0],"evs":[0.0,-3.61894]},"T2o":{"weight":1.0,"played":[1.0,0.0],"evs":[0.0,-3.13596]},"J2o":{"weight":1.0,"played":[1.0,0.0],"evs":[0.0,-3.13773]},"Q2o":{"weight":1.0,"played":[1.0,0.0],"evs":[0.0,-2.53078]},"K2o":{"weight":1.0,"played":[1.0,0.0],"evs":[0.0,-2.15786]},"A2o":{"weight":1.0,"played":[0.9999,1.0E-4],"evs":[0.0,-1.82868]},"32s":{"weight":1.0,"played":[1.0,0.0],"evs":[0.0,-2.95415]},"33":{"weight":1.0,"played":[1.0,0.0],"evs":[0.0,-0.70194]},"43o":{"weight":1.0,"played":[1.0,0.0],"evs":[0.0,-3.26384]},"53o":{"weight":1.0,"played":[1.0,0.0],"evs":[0.0,-2.9651]},"63o":{"weight":1.0,"played":[1.0,0.0],"evs":[0.0,-3.32281]},"73o":{"weight":1.0,"played":[1.0,0.0],"evs":[0.0,-3.44953]},"83o":{"weight":1.0,"played":[1.0,0.0],"evs":[0.0,-3.54517]},"93o":{"weight":1.0,"played":[1.0,0.0],"evs":[0.0,-3.3254]},"T3o":{"weight":1.0,"played":[1.0,0.0],"evs":[0.0,-3.01839]},"J3o":{"weight":1.0,"played":[1.0,0.0],"evs":[0.0,-2.89249]},"Q3o":{"weight":1.0,"played":[1.0,0.0],"evs":[0.0,-2.16902]},"K3o":{"weight":1.0,"played":[1.0,0.0],"evs":[0.0,-1.85515]},"A3o":{"weight":1.0,"played":[0.9999,1.0E-4],"evs":[0.0,-1.57349]},"42s":{"weight":1.0,"played":[1.0,0.0],"evs":[0.0,-2.67112]},"43s":{"weight":1.0,"played":[1.0,0.0],"evs":[0.0,-2.57403]},"44":{"weight":1.0,"played":[0.8576,0.1424],"evs":[0.0,-0.20204]},"54o":{"weight":1.0,"played":[1.0,0.0],"evs":[0.0,-2.62657]},"64o":{"weight":1.0,"played":[1.0,0.0],"evs":[0.0,-2.775]},"74o":{"weight":1.0,"played":[1.0,0.0],"evs":[0.0,-3.02344]},"84o":{"weight":1.0,"played":[1.0,0.0],"evs":[0.0,-3.12232]},"94o":{"weight":1.0,"played":[1.0,0.0],"evs":[0.0,-3.36532]},"T4o":{"weight":1.0,"played":[1.0,0.0],"evs":[0.0,-2.81484]},"J4o":{"weight":1.0,"played":[1.0,0.0],"evs":[0.0,-2.6464]},"Q4o":{"weight":1.0,"played":[1.0,0.0],"evs":[0.0,-2.10601]},"K4o":{"weight":1.0,"played":[1.0,0.0],"evs":[0.0,-1.6893]},"A4o":{"weight":1.0,"played":[1.0,0.0],"evs":[0.0,-1.48213]},"52s":{"weight":1.0,"played":[1.0,0.0],"evs":[0.0,-2.52914]},"53s":{"weight":1.0,"played":[0.9987,0.0013],"evs":[0.0,-2.52254]},"54s":{"weight":1.0,"played":[1.0,0.0],"evs":[0.0,-1.78717]},"55":{"weight":1.0,"played":[1.0E-4,0.9999],"evs":[0.0,0.2995]},"65o":{"weight":1.0,"played":[1.0,0.0],"evs":[0.0,-2.28244]},"75o":{"weight":1.0,"played":[1.0,0.0],"evs":[0.0,-2.78443]},"85o":{"weight":1.0,"played":[1.0,0.0],"evs":[0.0,-2.65075]},"95o":{"weight":1.0,"played":[1.0,0.0],"evs":[0.0,-2.81426]},"T5o":{"weight":1.0,"played":[1.0,0.0],"evs":[0.0,-2.7836]},"J5o":{"weight":1.0,"played":[1.0,0.0],"evs":[0.0,-2.34324]},"Q5o":{"weight":1.0,"played":[0.9999,1.0E-4],"evs":[0.0,-2.36461]},"K5o":{"weight":1.0,"played":[1.0,0.0],"evs":[0.0,-1.53678]},"A5o":{"weight":1.0,"played":[0.9996,4.0E-4],"evs":[0.0,-1.15087]},"62s":{"weight":1.0,"played":[0.9999,1.0E-4],"evs":[0.0,-2.78665]},"63s":{"weight":1.0,"played":[1.0,0.0],"evs":[0.0,-2.63413]},"64s":{"weight":1.0,"played":[0.9999,1.0E-4],"evs":[0.0,-2.05824]},"65s":{"weight":1.0,"played":[0.9998,2.0E-4],"evs":[0.0,-1.72079]},"66":{"weight":1.0,"played":[0.0,1.0],"evs":[0.0,0.91219]},"76o":{"weight":1.0,"played":[1.0,0.0],"evs":[0.0,-2.07053]},"86o":{"weight":1.0,"played":[1.0,0.0],"evs":[0.0,-2.38548]},"96o":{"weight":1.0,"played":[1.0,0.0],"evs":[0.0,-2.27151]},"T6o":{"weight":1.0,"played":[1.0,0.0],"evs":[0.0,-2.28525]},"J6o":{"weight":1.0,"played":[1.0,0.0],"evs":[0.0,-2.32444]},"Q6o":{"weight":1.0,"played":[1.0,0.0],"evs":[0.0,-2.06264]},"K6o":{"weight":1.0,"played":[0.9999,1.0E-4],"evs":[0.0,-1.34588]},"A6o":{"weight":1.0,"played":[0.9998,2.0E-4],"evs":[0.0,-1.33765]},"72s":{"weight":1.0,"played":[1.0,0.0],"evs":[0.0,-3.15694]},"73s":{"weight":1.0,"played":[0.9998,2.0E-4],"evs":[0.0,-2.28236]},"74s":{"weight":1.0,"played":[1.0,0.0],"evs":[0.0,-2.16082]},"75s":{"weight":1.0,"played":[0.9981,0.0019],"evs":[0.0,-1.83781]},"76s":{"weight":1.0,"played":[0.9998,2.0E-4],"evs":[0.0,-1.33779]},"77":{"weight":1.0,"played":[0.0,1.0],"evs":[0.0,1.73774]},"87o":{"weight":1.0,"played":[1.0,0.0],"evs":[0.0,-2.15146]},"97o":{"weight":1.0,"played":[1.0,0.0],"evs":[0.0,-1.85315]},"T7o":{"weight":1.0,"played":[0.9998,2.0E-4],"evs":[0.0,-1.85307]},"J7o":{"weight":1.0,"played":[1.0,0.0],"evs":[0.0,-2.20201]},"Q7o":{"weight":1.0,"played":[1.0,0.0],"evs":[0.0,-1.63876]},"K7o":{"weight":1.0,"played":[0.9995,5.0E-4],"evs":[0.0,-1.27941]},"A7o":{"weight":1.0,"played":[1.0,0.0],"evs":[0.0,-0.92805]},"82s":{"weight":1.0,"played":[1.0,0.0],"evs":[0.0,-3.02871]},"83s":{"weight":1.0,"played":[1.0,0.0],"evs":[0.0,-2.72174]},"84s":{"weight":1.0,"played":[0.9988,0.0012],"evs":[0.0,-2.18761]},"85s":{"weight":1.0,"played":[0.9968,0.0032],"evs":[0.0,-1.4917]},"86s":{"weight":1.0,"played":[0.9999,1.0E-4],"evs":[0.0,-1.92189]},"87s":{"weight":1.0,"played":[0.9998,2.0E-4],"evs":[0.0,-0.76183]},"88":{"weight":1.0,"played":[1.0E-4,0.9999],"evs":[0.0,2.30858]},"98o":{"weight":1.0,"played":[1.0,0.0],"evs":[0.0,-1.89805]},"T8o":{"weight":1.0,"played":[0.9998,2.0E-4],"evs":[0.0,-1.70832]},"J8o":{"weight":1.0,"played":[0.9997,3.0E-4],"evs":[0.0,-1.93512]},"Q8o":{"weight":1.0,"played":[1.0,0.0],"evs":[0.0,-1.62406]},"K8o":{"weight":1.0,"played":[0.9998,2.0E-4],"evs":[0.0,-1.21614]},"A8o":{"weight":1.0,"played":[0.9959,0.0041],"evs":[0.0,-1.0229]},"92s":{"weight":1.0,"played":[1.0,0.0],"evs":[0.0,-2.62847]},"93s":{"weight":1.0,"played":[0.9999,1.0E-4],"evs":[0.0,-2.31932]},"94s":{"weight":1.0,"played":[0.9998,2.0E-4],"evs":[0.0,-2.5193]},"95s":{"weight":1.0,"played":[1.0,0.0],"evs":[0.0,-1.88172]},"96s":{"weight":1.0,"played":[0.9995,5.0E-4],"evs":[0.0,-1.50783]},"97s":{"weight":1.0,"played":[0.9996,4.0E-4],"evs":[0.0,-1.14377]},"98s":{"weight":1.0,"played":[0.9999,1.0E-4],"evs":[0.0,-0.95005]},"99":{"weight":1.0,"played":[0.0,1.0],"evs":[0.0,3.25955]},"T9o":{"weight":1.0,"played":[0.9998,2.0E-4],"evs":[0.0,-1.3912]},"J9o":{"weight":1.0,"played":[0.9998,2.0E-4],"evs":[0.0,-1.14568]},"Q9o":{"weight":1.0,"played":[0.9996,4.0E-4],"evs":[0.0,-1.33264]},"K9o":{"weight":1.0,"played":[1.0,0.0],"evs":[0.0,-0.86695]},"A9o":{"weight":1.0,"played":[0.9115,0.0885],"evs":[0.0,-0.51106]},"T2s":{"weight":1.0,"played":[1.0,0.0],"evs":[0.0,-2.62006]},"T3s":{"weight":1.0,"played":[1.0,0.0],"evs":[0.0,-1.99161]},"T4s":{"weight":1.0,"played":[0.9999,1.0E-4],"evs":[0.0,-2.00772]},"T5s":{"weight":1.0,"played":[1.0,0.0],"evs":[0.0,-1.66101]},"T6s":{"weight":1.0,"played":[1.0,0.0],"evs":[0.0,-1.29985]},"T7s":{"weight":1.0,"played":[0.9976,0.0024],"evs":[0.0,-0.99106]},"T8s":{"weight":1.0,"played":[0.9516,0.0484],"evs":[0.0,-0.68917]},"T9s":{"weight":1.0,"played":[0.9899,0.0101],"evs":[0.0,-0.57947]},"TT":{"weight":1.0,"played":[0.0,1.0],"evs":[0.0,4.36156]},"JTo":{"weight":1.0,"played":[0.9993,7.0E-4],"evs":[0.0,-0.71075]},"QTo":{"weight":1.0,"played":[0.9999,1.0E-4],"evs":[0.0,-0.60592]},"KTo":{"weight":1.0,"played":[0.9565,0.0435],"evs":[0.0,-0.30036]},"ATo":{"weight":1.0,"played":[0.0925,0.9075],"evs":[0.0,0.21203]},"J2s":{"weight":1.0,"played":[1.0,0.0],"evs":[0.0,-2.585]},"J3s":{"weight":1.0,"played":[1.0,0.0],"evs":[0.0,-1.66783]},"J4s":{"weight":1.0,"played":[0.9998,2.0E-4],"evs":[0.0,-1.79599]},"J5s":{"weight":1.0,"played":[0.9996,4.0E-4],"evs":[0.0,-1.44514]},"J6s":{"weight":1.0,"played":[0.9996,4.0E-4],"evs":[0.0,-1.60455]},"J7s":{"weight":1.0,"played":[0.9948,0.0052],"evs":[0.0,-1.02624]},"J8s":{"weight":1.0,"played":[0.9796,0.0204],"evs":[0.0,-0.82288]},"J9s":{"weight":1.0,"played":[0.9606,0.0394],"evs":[0.0,-0.16878]},"JTs":{"weight":1.0,"played":[0.0173,0.9827],"evs":[0.0,0.44955]},"JJ":{"weight":1.0,"played":[0.0,1.0],"evs":[0.0,5.54154]},"QJo":{"weight":1.0,"played":[0.9983,0.0017],"evs":[0.0,-0.34062]},"KJo":{"weight":1.0,"played":[0.862,0.138],"evs":[0.0,-0.00801]},"AJo":{"weight":1.0,"played":[0.0,1.0],"evs":[0.0,0.90947]},"Q2s":{"weight":1.0,"played":[0.9986,0.0014],"evs":[0.0,-1.79745]},"Q3s":{"weight":1.0,"played":[1.0,0.0],"evs":[0.0,-1.81627]},"Q4s":{"weight":1.0,"played":[0.9989,0.0011],"evs":[0.0,-1.61668]},"Q5s":{"weight":1.0,"played":[0.9939,0.0061],"evs":[0.0,-1.13265]},"Q6s":{"weight":1.0,"played":[0.9331,0.0669],"evs":[0.0,-1.14153]},"Q7s":{"weight":1.0,"played":[0.9999,1.0E-4],"evs":[0.0,-0.84979]},"Q8s":{"weight":1.0,"played":[0.9998,2.0E-4],"evs":[0.0,-0.89574]},"Q9s":{"weight":1.0,"played":[0.7741,0.2259],"evs":[0.0,-0.46373]},"QTs":{"weight":1.0,"played":[0.9091,0.0909],"evs":[0.0,-0.43418]},"QJs":{"weight":1.0,"played":[0.0852,0.9148],"evs":[0.0,0.64579]},"QQ":{"weight":1.0,"played":[0.0,1.0],"evs":[0.0,6.46481]},"KQo":{"weight":1.0,"played":[0.0016,0.9984],"evs":[0.0,0.29897]},"AQo":{"weight":1.0,"played":[1.0E-4,0.9999],"evs":[0.0,1.34012]},"K2s":{"weight":1.0,"played":[0.9996,4.0E-4],"evs":[0.0,-1.27638]},"K3s":{"weight":1.0,"played":[0.9997,3.0E-4],"evs":[0.0,-1.19331]},"K4s":{"weight":1.0,"played":[0.9986,0.0014],"evs":[0.0,-1.05572]},"K5s":{"weight":1.0,"played":[0.9961,0.0039],"evs":[0.0,-0.65549]},"K6s":{"weight":1.0,"played":[0.9889,0.0111],"evs":[0.0,-0.66987]},"K7s":{"weight":1.0,"played":[0.652,0.348],"evs":[0.0,-0.37567]},"K8s":{"weight":1.0,"played":[0.8308,0.1692],"evs":[0.0,-0.38722]},"K9s":{"weight":1.0,"played":[0.3454,0.6546],"evs":[0.0,0.00342]},"KTs":{"weight":1.0,"played":[0.0064,0.9936],"evs":[0.0,0.15743]},"KJs":{"weight":1.0,"played":[0.0036,0.9964],"evs":[0.0,0.72499]},"KQs":{"weight":1.0,"played":[9.0E-4,0.9991],"evs":[0.0,0.57274]},"KK":{"weight":1.0,"played":[0.0,1.0],"evs":[0.0,7.08433]},"AKo":{"weight":1.0,"played":[0.0,1.0],"evs":[0.0,1.82825]},"A2s":{"weight":1.0,"played":[0.9745,0.0255],"evs":[0.0,-0.90007]},"A3s":{"weight":1.0,"played":[0.995,0.005],"evs":[0.0,-0.78193]},"A4s":{"weight":1.0,"played":[0.9961,0.0039],"evs":[0.0,-0.64799]},"A5s":{"weight":1.0,"played":[0.7476,0.2524],"evs":[0.0,-0.23668]},"A6s":{"weight":1.0,"played":[0.9906,0.0094],"evs":[0.0,-0.2288]},"A7s":{"weight":1.0,"played":[0.922,0.078],"evs":[0.0,-0.54461]},"A8s":{"weight":1.0,"played":[0.8922,0.1078],"evs":[0.0,-0.03039]},"A9s":{"weight":1.0,"played":[0.0454,0.9546],"evs":[0.0,0.054]},"ATs":{"weight":1.0,"played":[1.0E-4,0.9999],"evs":[0.0,0.39972]},"AJs":{"weight":1.0,"played":[6.0E-4,0.9994],"evs":[0.0,1.24139]},"AQs":{"weight":1.0,"played":[1.0E-4,0.9999],"evs":[0.0,1.89431]},"AKs":{"weight":1.0,"played":[2.0E-4,0.9998],"evs":[0.0,2.36979]},"AA":{"weight":1.0,"played":[0.0,1.0],"evs":[0.0,8.86397]}}}