{"player":4,"street":0,"children":2,"sequence":[{"player":0,"type":"F","amount":0,"street":0},{"player":1,"type":"F","amount":0,"street":0},{"player":2,"type":"R","amount":4000000,"street":0},{"player":3,"type":"R","amount":26400000,"street":0}],"actions":[{"type":"F","amount":0},{"type":"C","amount":23200000}],"hands":{"22":{"weight":1.0,"played":[1.0,0.0],"evs":[0.0,-1.04084]},"32o":{"weight":1.0,"played":[1.0,0.0],"evs":[0.0,-4.71636]},"42o":{"weight":1.0,"played":[1.0,0.0],"evs":[0.0,-4.57127]},"52o":{"weight":1.0,"played":[1.0,0.0],"evs":[0.0,-4.369]},"62o":{"weight":1.0,"played":[1.0,0.0],"evs":[0.0,-4.49123]},"72o":{"weight":1.0,"played":[1.0,0.0],"evs":[0.0,-4.49162]},"82o":{"weight":1.0,"played":[1.0,0.0],"evs":[0.0,-4.12213]},"92o":{"weight":1.0,"played":[1.0,0.0],"evs":[0.0,-3.74842]},"T2o":{"weight":1.0,"played":[1.0,0.0],"evs":[0.0,-3.31386]},"J2o":{"weight":1.0,"played":[1.0,0.0],"evs":[0.0,-2.78935]},"Q2o":{"weight":1.0,"played":[1.0,0.0],"evs":[0.0,-2.11958]},"K2o":{"weight":1.0,"played":[1.0,0.0],"evs":[0.0,-1.3395]},"A2o":{"weight":1.0,"played":[1.0,0.0],"evs":[0.0,-0.16524]},"32s":{"weight":1.0,"played":[1.0,0.0],"evs":[0.0,-3.85765]},"33":{"weight":1.0,"played":[1.0,0.0],"evs":[0.0,-0.48521]},"43o":{"weight":1.0,"played":[1.0,0.0],"evs":[0.0,-4.22682]},"53o":{"weight":1.0,"played":[1.0,0.0],"evs":[0.0,-3.98171]},"63o":{"weight":1.0,"played":[1.0,0.0],"evs":[0.0,-4.09366]},"73o":{"weight":1.0,"played":[1.0,0.0],"evs":[0.0,-4.07669]},"83o":{"weight":1.0,"played":[1.0,0.0],"evs":[0.0,-4.01086]},"93o":{"weight":1.0,"played":[1.0,0.0],"evs":[0.0,-3.59325]},"T3o":{"weight":1.0,"played":[1.0,0.0],"evs":[0.0,-3.14384]},"J3o":{"weight":1.0,"played":[1.0,0.0],"evs":[0.0,-2.57333]},"Q3o":{"weight":1.0,"played":[1.0,0.0],"evs":[0.0,-1.90658]},"K3o":{"weight":1.0,"played":[1.0,0.0],"evs":[0.0,-1.13625]},"A3o":{"weight":1.0,"played":[8.0E-4,0.9992],"evs":[0.0,0.07114]},"42s":{"weight":1.0,"played":[1.0,0.0],"evs":[0.0,-3.73455]},"43s":{"weight":1.0,"played":[1.0,0.0],"evs":[0.0,-3.4103]},"44":{"weight":1.0,"played":[0.0,1.0],"evs":[0.0,0.16505]},"54o":{"weight":1.0,"played":[1.0,0.0],"evs":[0.0,-3.62931]},"64o":{"weight":1.0,"played":[1.0,0.0],"evs":[0.0,-3.72314]},"74o":{"weight":1.0,"played":[1.0,0.0],"evs":[0.0,-3.7019]},"84o":{"weight":1.0,"played":[1.0,0.0],"evs":[0.0,-3.58485]},"94o":{"weight":1.0,"played":[1.0,0.0],"evs":[0.0,-3.45655]},"T4o":{"weight":1.0,"played":[1.0,0.0],"evs":[0.0,-2.92799]},"J4o":{"weight":1.0,"played":[1.0,0.0],"evs":[0.0,-2.36118]},"Q4o":{"weight":1.0,"played":[1.0,0.0],"evs":[0.0,-1.68916]},"K4o":{"weight":1.0,"played":[1.0,0.0],"evs":[0.0,-0.89166]},"A4o":{"weight":1.0,"played":[0.0,1.0],"evs":[0.0,0.31433]},"52s":{"weight":1.0,"played":[1.0,0.0],"evs":[0.0,-3.53914]},"53s":{"weight":1.0,"played":[1.0,0.0],"evs":[0.0,-3.19404]},"54s":{"weight":1.0,"played":[1.0,0.0],"evs":[0.0,-2.86255]},"55":{"weight":1.0,"played":[0.0,1.0],"evs":[0.0,0.92385]},"65o":{"weight":1.0,"played":[1.0,0.0],"evs":[0.0,-3.28398]},"75o":{"weight":1.0,"played":[1.0,0.0],"evs":[0.0,-3.26574]},"85o":{"weight":1.0,"played":[1.0,0.0],"evs":[0.0,-3.167]},"95o":{"weight":1.0,"played":[1.0,0.0],"evs":[0.0,-3.01283]},"T5o":{"weight":1.0,"played":[1.0,0.0],"evs":[0.0,-2.77457]},"J5o":{"weight":1.0,"played":[1.0,0.0],"evs":[0.0,-2.12374]},"Q5o":{"weight":1.0,"played":[1.0,0.0],"evs":[0.0,-1.44919]},"K5o":{"weight":1.0,"played":[1.0,0.0],"evs":[0.0,-0.67107]},"A5o":{"weight":1.0,"played":[0.0,1.0],"evs":[0.0,0.55439]},"62s":{"weight":1.0,"played":[1.0,0.0],"evs":[0.0,-3.64519]},"63s":{"weight":1.0,"played":[1.0,0.0],"evs":[0.0,-3.29781]},"64s":{"weight":1.0,"played":[1.0,0.0],"evs":[0.0,-2.90842]},"65s":{"weight":1.0,"played":[1.0,0.0],"evs":[0.0,-2.54496]},"66":{"weight":1.0,"played":[0.0,1.0],"evs":[0.0,1.60541]},"76o":{"weight":1.0,"played":[1.0,0.0],"evs":[0.0,-2.86074]},"86o":{"weight":1.0,"played":[1.0,0.0],"evs":[0.0,-2.74536]},"96o":{"weight":1.0,"played":[1.0,0.0],"evs":[0.0,-2.59292]},"T6o":{"weight":1.0,"played":[1.0,0.0],"evs":[0.0,-2.33419]},"J6o":{"weight":1.0,"played":[1.0,0.0],"evs":[0.0,-1.9824]},"Q6o":{"weight":1.0,"played":[1.0,0.0],"evs":[0.0,-1.22059]},"K6o":{"weight":1.0,"played":[1.0,0.0],"evs":[0.0,-0.42016]},"A6o":{"weight":1.0,"played":[0.0,1.0],"evs":[0.0,0.55049]},"72s":{"weight":1.0,"played":[1.0,0.0],"evs":[0.0,-3.65661]},"73s":{"weight":1.0,"played":[1.0,0.0],"evs":[0.0,-3.25157]},"74s":{"weight":1.0,"played":[1.0,0.0],"evs":[0.0,-2.93007]},"75s":{"weight":1.0,"played":[1.0,0.0],"evs":[0.0,-2.49901]},"76s":{"weight":1.0,"played":[1.0,0.0],"evs":[0.0,-2.13882]},"77":{"weight":1.0,"played":[0.0,1.0],"evs":[0.0,2.29365]},"87o":{"weight":1.0,"played":[1.0,0.0],"evs":[0.0,-2.37715]},"97o":{"weight":1.0,"played":[1.0,0.0],"evs":[0.0,-2.20638]},"T7o":{"weight":1.0,"played":[1.0,0.0],"evs":[0.0,-1.94603]},"J7o":{"weight":1.0,"played":[1.0,0.0],"evs":[0.0,-1.58054]},"Q7o":{"weight":1.0,"played":[1.0,0.0],"evs":[0.0,-1.05991]},"K7o":{"weight":1.0,"played":[1.0,0.0],"evs":[0.0,-0.2071]},"A7o":{"weight":1.0,"played":[0.0,1.0],"evs":[0.0,0.80713]},"82s":{"weight":1.0,"played":[1.0,0.0],"evs":[0.0,-3.2762]},"83s":{"weight":1.0,"played":[1.0,0.0],"evs":[0.0,-3.18466]},"84s":{"weight":1.0,"played":[1.0,0.0],"evs":[0.0,-2.82528]},"85s":{"weight":1.0,"played":[1.0,0.0],"evs":[0.0,-2.39648]},"86s":{"weight":1.0,"played":[1.0,0.0],"evs":[0.0,-1.99961]},"87s":{"weight":1.0,"played":[1.0,0.0],"evs":[0.0,-1.63632]},"88":{"weight":1.0,"played":[0.0,1.0],"evs":[0.0,2.96319]},"98o":{"weight":1.0,"played":[1.0,0.0],"evs":[0.0,-1.80452]},"T8o":{"weight":1.0,"played":[1.0,0.0],"evs":[0.0,-1.52294]},"J8o":{"weight":1.0,"played":[1.0,0.0],"evs":[0.0,-1.14651]},"Q8o":{"weight":1.0,"played":[1.0,0.0],"evs":[0.0,-0.63044]},"K8o":{"weight":1.0,"played":[0.6508,0.3492],"evs":[0.0,0.00829]},"A8o":{"weight":1.0,"played":[0.0,1.0],"evs":[0.0,1.08883]},"92s":{"weight":1.0,"played":[1.0,0.0],"evs":[0.0,-2.91326]},"93s":{"weight":1.0,"played":[1.0,0.0],"evs":[0.0,-2.79052]},"94s":{"weight":1.0,"played":[1.0,0.0],"evs":[0.0,-2.67302]},"95s":{"weight":1.0,"played":[1.0,0.0],"evs":[0.0,-2.24326]},"96s":{"weight":1.0,"played":[1.0,0.0],"evs":[0.0,-1.85846]},"97s":{"weight":1.0,"played":[1.0,0.0],"evs":[0.0,-1.49758]},"98s":{"weight":1.0,"played":[1.0,0.0],"evs":[0.0,-1.10163]},"99":{"weight":1.0,"played":[0.0,1.0],"evs":[0.0,3.62726]},"T9o":{"weight":1.0,"played":[1.0,0.0],"evs":[0.0,-1.04794]},"J9o":{"weight":1.0,"played":[1.0,0.0],"evs":[0.0,-0.71033]},"Q9o":{"weight":1.0,"played":[1.0,0.0],"evs":[0.0,-0.20425]},"K9o":{"weight":1.0,"played":[0.0,1.0],"evs":[0.0,0.44753]},"A9o":{"weight":1.0,"played":[0.0,1.0],"evs":[0.0,1.29726]},"T2s":{"weight":1.0,"played":[1.0,0.0],"evs":[0.0,-2.53951]},"T3s":{"weight":1.0,"played":[1.0,0.0],"evs":[0.0,-2.36508]},"T4s":{"weight":1.0,"played":[1.0,0.0],"evs":[0.0,-2.15124]},"T5s":{"weight":1.0,"played":[1.0,0.0],"evs":[0.0,-2.01486]},"T6s":{"weight":1.0,"played":[1.0,0.0],"evs":[0.0,-1.60676]},"T7s":{"weight":1.0,"played":[1.0,0.0],"evs":[0.0,-1.23281]},"T8s":{"weight":1.0,"played":[1.0,0.0],"evs":[0.0,-0.85434]},"T9s":{"weight":1.0,"played":[1.0,0.0],"evs":[0.0,-0.42618]},"TT":{"weight":1.0,"played":[0.0,1.0],"evs":[0.0,4.37093]},"JTo":{"weight":1.0,"played":[1.0,0.0],"evs":[0.0,-0.20811]},"QTo":{"weight":1.0,"played":[0.0,1.0],"evs":[0.0,0.33206]},"KTo":{"weight":1.0,"played":[0.0,1.0],"evs":[0.0,0.93874]},"ATo":{"weight":1.0,"played":[0.0,1.0],"evs":[0.0,1.80017]},"J2s":{"weight":1.0,"played":[1.0,0.0],"evs":[0.0,-2.02175]},"J3s":{"weight":1.0,"played":[1.0,0.0],"evs":[0.0,-1.8223]},"J4s":{"weight":1.0,"played":[1.0,0.0],"evs":[0.0,-1.663]},"J5s":{"weight":1.0,"played":[1.0,0.0],"evs":[0.0,-1.44188]},"J6s":{"weight":1.0,"played":[1.0,0.0],"evs":[0.0,-1.32201]},"J7s":{"weight":1.0,"played":[1.0,0.0],"evs":[0.0,-0.89759]},"J8s":{"weight":1.0,"played":[1.0,0.0],"evs":[0.0,-0.4879]},"J9s":{"weight":1.0,"played":[0.9998,2.0E-4],"evs":[0.0,-0.0823]},"JTs":{"weight":1.0,"played":[0.0,1.0],"evs":[0.0,0.34942]},"JJ":{"weight":1.0,"played":[0.0,1.0],"evs":[0.0,5.02126]},"QJo":{"weight":1.0,"played":[0.0,1.0],"evs":[0.0,0.53796]},"KJo":{"weight":1.0,"played":[0.0,1.0],"evs":[0.0,1.17568]},"AJo":{"weight":1.0,"played":[0.0,1.0],"evs":[0.0,2.06514]},"Q2s":{"weight":1.0,"played":[1.0,0.0],"evs":[0.0,-1.38065]},"Q3s":{"weight":1.0,"played":[1.0,0.0],"evs":[0.0,-1.19786]},"Q4s":{"weight":1.0,"played":[1.0,0.0],"evs":[0.0,-0.98503]},"Q5s":{"weight":1.0,"played":[1.0,0.0],"evs":[0.0,-0.79226]},"Q6s":{"weight":1.0,"played":[1.0,0.0],"evs":[0.0,-0.57475]},"Q7s":{"weight":1.0,"played":[1.0,0.0],"evs":[0.0,-0.4171]},"Q8s":{"weight":1.0,"played":[0.9832,0.0168],"evs":[0.0,-0.02682]},"Q9s":{"weight":1.0,"played":[0.0,1.0],"evs":[0.0,0.37]},"QTs":{"weight":1.0,"played":[0.0,1.0],"evs":[0.0,0.87562]},"QJs":{"weight":1.0,"played":[0.0,1.0],"evs":[0.0,1.08519]},"QQ":{"weight":1.0,"played":[0.0,1.0],"evs":[0.0,5.74807]},"KQo":{"weight":1.0,"played":[0.0,1.0],"evs":[0.0,1.39874]},"AQo":{"weight":1.0,"played":[0.0,1.0],"evs":[0.0,2.31841]},"K2s":{"weight":1.0,"played":[1.0,0.0],"evs":[0.0,-0.65642]},"K3s":{"weight":1.0,"played":[1.0,0.0],"evs":[0.0,-0.4471]},"K4s":{"weight":1.0,"played":[1.0,0.0],"evs":[0.0,-0.2318]},"K5s":{"weight":1.0,"played":[0.8837,0.1163],"evs":[0.0,-0.01047]},"K6s":{"weight":1.0,"played":[7.0E-4,0.9993],"evs":[0.0,0.18993]},"K7s":{"weight":1.0,"played":[0.0,1.0],"evs":[0.0,0.3676]},"K8s":{"weight":1.0,"played":[0.0,1.0],"evs":[0.0,0.55577]},"K9s":{"weight":1.0,"played":[0.0,1.0],"evs":[0.0,1.01083]},"KTs":{"weight":1.0,"played":[0.0,1.0],"evs":[0.0,1.45526]},"KJs":{"weight":1.0,"played":[0.0,1.0],"evs":[0.0,1.67878]},"KQs":{"weight":1.0,"played":[0.0,1.0],"evs":[0.0,1.90691]},"KK":{"weight":1.0,"played":[0.0,1.0],"evs":[0.0,6.41752]},"AKo":{"weight":1.0,"played":[0.0,1.0],"evs":[0.0,2.55109]},"A2s":{"weight":1.0,"played":[0.0,1.0],"evs":[0.0,0.44616]},"A3s":{"weight":1.0,"played":[0.0,1.0],"evs":[0.0,0.66114]},"A4s":{"weight":1.0,"played":[0.0,1.0],"evs":[0.0,0.87503]},"A5s":{"weight":1.0,"played":[0.0,1.0],"evs":[0.0,1.12933]},"A6s":{"weight":1.0,"played":[0.0,1.0],"evs":[0.0,1.11869]},"A7s":{"weight":1.0,"played":[0.0,1.0],"evs":[0.0,1.34801]},"A8s":{"weight":1.0,"played":[0.0,1.0],"evs":[0.0,1.60348]},"A9s":{"weight":1.0,"played":[0.0,1.0],"evs":[0.0,1.78068]},"ATs":{"weight":1.0,"played":[0.0,1.0],"evs":[0.0,2.30277]},"AJs":{"weight":1.0,"played":[0.0,1.0],"evs":[0.0,2.5749]},"AQs":{"weight":1.0,"played":[0.0,1.0],"evs":[0.0,2.75211]},"AKs":{"weight":1.0,"played":[0.0,1.0],"evs":[0.0,3.02928]},"AA":{"weight":1.0,"played":[0.0,1.0],"evs":[0.0,7.28174]}}}