{"player":0,"street":0,"children":3,"sequence":[],"actions":[{"type":"F","amount":0,"node":1},{"type":"R","amount":200000},{"type":"R","amount":935000,"node":25}],"hands":{"22":{"weight":1.0,"played":[2.0E-4,2.0E-4,0.9996],"evs":[0.0,0.08418,0.11331]},"32o":{"weight":1.0,"played":[1.0,0.0,0.0],"evs":[0.0,-1.06768,-2.79755]},"42o":{"weight":1.0,"played":[1.0,0.0,0.0],"evs":[0.0,-1.01861,-2.6491]},"52o":{"weight":1.0,"played":[1.0,0.0,0.0],"evs":[0.0,-0.99093,-2.50634]},"62o":{"weight":1.0,"played":[1.0,0.0,0.0],"evs":[0.0,-0.99692,-2.70044]},"72o":{"weight":1.0,"played":[1.0,0.0,0.0],"evs":[0.0,-0.9787,-2.86491]},"82o":{"weight":1.0,"played":[1.0,0.0,0.0],"evs":[0.0,-0.97913,-2.69213]},"92o":{"weight":1.0,"played":[1.0,0.0,0.0],"evs":[0.0,-0.96263,-2.57486]},"T2o":{"weight":1.0,"played":[1.0,0.0,0.0],"evs":[0.0,-0.91249,-2.3632]},"J2o":{"weight":1.0,"played":[1.0,0.0,0.0],"evs":[0.0,-0.87907,-2.14477]},"Q2o":{"weight":1.0,"played":[1.0,0.0,0.0],"evs":[0.0,-0.83655,-1.86159]},"K2o":{"weight":1.0,"played":[1.0,0.0,0.0],"evs":[0.0,-0.76066,-1.4391]},"A2o":{"weight":1.0,"played":[1.0,0.0,0.0],"evs":[0.0,-0.08379,-0.10523]},"32s":{"weight":1.0,"played":[1.0,0.0,0.0],"evs":[0.0,-0.97928,-1.98066]},"33":{"weight":1.0,"played":[0.0,0.0,1.0],"evs":[0.0,0.33852,0.48929]},"43o":{"weight":1.0,"played":[1.0,0.0,0.0],"evs":[0.0,-0.97166,-2.30823]},"53o":{"weight":1.0,"played":[1.0,0.0,0.0],"evs":[0.0,-0.94197,-2.15019]},"63o":{"weight":1.0,"played":[1.0,0.0,0.0],"evs":[0.0,-0.94601,-2.36082]},"73o":{"weight":1.0,"played":[1.0,0.0,0.0],"evs":[0.0,-0.93734,-2.52376]},"83o":{"weight":1.0,"played":[1.0,0.0,0.0],"evs":[0.0,-0.96167,-2.6379]},"93o":{"weight":1.0,"played":[1.0,0.0,0.0],"evs":[0.0,-0.93611,-2.4449]},"T3o":{"weight":1.0,"played":[1.0,0.0,0.0],"evs":[0.0,-0.89207,-2.23715]},"J3o":{"weight":1.0,"played":[1.0,0.0,0.0],"evs":[0.0,-0.85479,-2.01226]},"Q3o":{"weight":1.0,"played":[1.0,0.0,0.0],"evs":[0.0,-0.80403,-1.73728]},"K3o":{"weight":1.0,"played":[1.0,0.0,0.0],"evs":[0.0,-0.7387,-1.30797]},"A3o":{"weight":1.0,"played":[9.0E-4,0.0016,0.9975],"evs":[0.0,-0.00332,0.01636]},"42s":{"weight":1.0,"played":[1.0,0.0,0.0],"evs":[0.0,-0.9353,-1.86606]},"43s":{"weight":1.0,"played":[1.0,0.0,0.0],"evs":[0.0,-0.89385,-1.53126]},"44":{"weight":1.0,"played":[0.0,0.0,1.0],"evs":[0.0,0.71507,0.90595]},"54o":{"weight":1.0,"played":[1.0,0.0,0.0],"evs":[0.0,-0.87734,-1.8099]},"64o":{"weight":1.0,"played":[1.0,0.0,0.0],"evs":[0.0,-0.87321,-2.00319]},"74o":{"weight":1.0,"played":[1.0,0.0,0.0],"evs":[0.0,-0.8659,-2.15896]},"84o":{"weight":1.0,"played":[1.0,0.0,0.0],"evs":[0.0,-0.88723,-2.28675]},"94o":{"weight":1.0,"played":[1.0,0.0,0.0],"evs":[0.0,-0.88974,-2.37822]},"T4o":{"weight":1.0,"played":[1.0,0.0,0.0],"evs":[0.0,-0.83804,-2.11203]},"J4o":{"weight":1.0,"played":[1.0,0.0,0.0],"evs":[0.0,-0.80508,-1.8919]},"Q4o":{"weight":1.0,"played":[1.0,0.0,0.0],"evs":[0.0,-0.75586,-1.60508]},"K4o":{"weight":1.0,"played":[1.0,0.0,0.0],"evs":[0.0,-0.67593,-1.18618]},"A4o":{"weight":1.0,"played":[0.0,0.0,1.0],"evs":[0.0,0.13525,0.16135]},"52s":{"weight":1.0,"played":[1.0,0.0,0.0],"evs":[0.0,-0.90866,-1.72034]},"53s":{"weight":1.0,"played":[1.0,0.0,0.0],"evs":[0.0,-0.85904,-1.39561]},"54s":{"weight":1.0,"played":[1.0,0.0,0.0],"evs":[0.0,-0.78081,-1.06246]},"55":{"weight":1.0,"played":[0.0,0.0,1.0],"evs":[0.0,1.15842,1.33678]},"65o":{"weight":1.0,"played":[1.0,0.0,0.0],"evs":[0.0,-0.81939,-1.65537]},"75o":{"weight":1.0,"played":[1.0,0.0,0.0],"evs":[0.0,-0.80748,-1.79686]},"85o":{"weight":1.0,"played":[1.0,0.0,0.0],"evs":[0.0,-0.83136,-1.90031]},"95o":{"weight":1.0,"played":[1.0,0.0,0.0],"evs":[0.0,-0.83256,-1.99736]},"T5o":{"weight":1.0,"played":[1.0,0.0,0.0],"evs":[0.0,-0.81509,-2.01303]},"J5o":{"weight":1.0,"played":[1.0,0.0,0.0],"evs":[0.0,-0.77467,-1.74359]},"Q5o":{"weight":1.0,"played":[1.0,0.0,0.0],"evs":[0.0,-0.72009,-1.45421]},"K5o":{"weight":1.0,"played":[1.0,0.0,0.0],"evs":[0.0,-0.6321,-1.03666]},"A5o":{"weight":1.0,"played":[0.0,0.0,1.0],"evs":[0.0,0.30351,0.35965]},"62s":{"weight":1.0,"played":[1.0,0.0,0.0],"evs":[0.0,-0.91512,-1.90091]},"63s":{"weight":1.0,"played":[1.0,0.0,0.0],"evs":[0.0,-0.86571,-1.56928]},"64s":{"weight":1.0,"played":[1.0,0.0,0.0],"evs":[0.0,-0.78141,-1.23194]},"65s":{"weight":1.0,"played":[1.0,0.0,0.0],"evs":[0.0,-0.69962,-0.92116]},"66":{"weight":1.0,"played":[0.0,0.0,1.0],"evs":[0.0,1.61197,1.78112]},"76o":{"weight":1.0,"played":[1.0,0.0,0.0],"evs":[0.0,-0.75649,-1.47888]},"86o":{"weight":1.0,"played":[1.0,0.0,0.0],"evs":[0.0,-0.78443,-1.57996]},"96o":{"weight":1.0,"played":[1.0,0.0,0.0],"evs":[0.0,-0.77572,-1.66681]},"T6o":{"weight":1.0,"played":[1.0,0.0,0.0],"evs":[0.0,-0.75722,-1.68405]},"J6o":{"weight":1.0,"played":[1.0,0.0,0.0],"evs":[0.0,-0.73927,-1.68007]},"Q6o":{"weight":1.0,"played":[1.0,0.0,0.0],"evs":[0.0,-0.68154,-1.3304]},"K6o":{"weight":1.0,"played":[1.0,0.0,0.0],"evs":[0.0,-0.59156,-0.8797]},"A6o":{"weight":1.0,"played":[0.0,0.0015,0.9985],"evs":[0.0,0.29571,0.33673]},"72s":{"weight":1.0,"played":[1.0,0.0,0.0],"evs":[0.0,-0.89918,-2.06126]},"73s":{"weight":1.0,"played":[1.0,0.0,0.0],"evs":[0.0,-0.8655,-1.74206]},"74s":{"weight":1.0,"played":[1.0,0.0,0.0],"evs":[0.0,-0.78324,-1.39391]},"75s":{"weight":1.0,"played":[1.0,0.0,0.0],"evs":[0.0,-0.72359,-1.04753]},"76s":{"weight":1.0,"played":[1.0,0.0,0.0],"evs":[0.0,-0.56474,-0.77076]},"77":{"weight":1.0,"played":[0.0,0.0,1.0],"evs":[0.0,2.12137,2.23861]},"87o":{"weight":1.0,"played":[1.0,0.0,0.0],"evs":[0.0,-0.72533,-1.31521]},"97o":{"weight":1.0,"played":[1.0,0.0,0.0],"evs":[0.0,-0.71682,-1.38568]},"T7o":{"weight":1.0,"played":[1.0,0.0,0.0],"evs":[0.0,-0.68581,-1.38283]},"J7o":{"weight":1.0,"played":[1.0,0.0,0.0],"evs":[0.0,-0.67122,-1.38247]},"Q7o":{"weight":1.0,"played":[1.0,0.0,0.0],"evs":[0.0,-0.63277,-1.28995]},"K7o":{"weight":1.0,"played":[1.0,0.0,0.0],"evs":[0.0,-0.5323,-0.77396]},"A7o":{"weight":1.0,"played":[0.0,0.0,1.0],"evs":[0.0,0.6321,0.66693]},"82s":{"weight":1.0,"played":[1.0,0.0,0.0],"evs":[0.0,-0.88949,-1.89466]},"83s":{"weight":1.0,"played":[1.0,0.0,0.0],"evs":[0.0,-0.87676,-1.83574]},"84s":{"weight":1.0,"played":[1.0,0.0,0.0],"evs":[0.0,-0.8106,-1.50583]},"85s":{"weight":1.0,"played":[1.0,0.0,0.0],"evs":[0.0,-0.75176,-1.14989]},"86s":{"weight":1.0,"played":[1.0,0.0,0.0],"evs":[0.0,-0.66385,-0.86111]},"87s":{"weight":1.0,"played":[1.0,0.0,0.0],"evs":[0.0,-0.4294,-0.59271]},"88":{"weight":1.0,"played":[0.0,0.0034,0.9966],"evs":[0.0,2.69755,2.78918]},"98o":{"weight":1.0,"played":[1.0,0.0,0.0],"evs":[0.0,-0.68757,-1.06022]},"T8o":{"weight":1.0,"played":[1.0,0.0,0.0],"evs":[0.0,-0.65771,-1.04949]},"J8o":{"weight":1.0,"played":[1.0,0.0,0.0],"evs":[0.0,-0.62253,-1.04168]},"Q8o":{"weight":1.0,"played":[1.0,0.0,0.0],"evs":[0.0,-0.59145,-0.94593]},"K8o":{"weight":1.0,"played":[1.0,0.0,0.0],"evs":[0.0,-0.50212,-0.65556]},"A8o":{"weight":1.0,"played":[0.0,0.0,1.0],"evs":[0.0,0.9448,1.05599]},"92s":{"weight":1.0,"played":[1.0,0.0,0.0],"evs":[0.0,-0.87702,-1.75063]},"93s":{"weight":1.0,"played":[1.0,0.0,0.0],"evs":[0.0,-0.84796,-1.65128]},"94s":{"weight":1.0,"played":[1.0,0.0,0.0],"evs":[0.0,-0.80637,-1.59644]},"95s":{"weight":1.0,"played":[1.0,0.0,0.0],"evs":[0.0,-0.7482,-1.25031]},"96s":{"weight":1.0,"played":[1.0,0.0,0.0],"evs":[0.0,-0.68831,-0.94487]},"97s":{"weight":1.0,"played":[1.0,0.0,0.0],"evs":[0.0,-0.56244,-0.68025]},"98s":{"weight":1.0,"played":[1.0,0.0,0.0],"evs":[0.0,-0.29009,-0.36998]},"99":{"weight":1.0,"played":[0.0,0.0,1.0],"evs":[0.0,3.2671,3.42335]},"T9o":{"weight":1.0,"played":[1.0,0.0,0.0],"evs":[0.0,-0.59054,-0.6944]},"J9o":{"weight":1.0,"played":[1.0,0.0,0.0],"evs":[0.0,-0.54435,-0.68012]},"Q9o":{"weight":1.0,"played":[1.0,0.0,0.0],"evs":[0.0,-0.50958,-0.54797]},"K9o":{"weight":1.0,"played":[1.0,0.0,0.0],"evs":[0.0,-0.22811,-0.19715]},"A9o":{"weight":1.0,"played":[0.0,0.0,1.0],"evs":[0.0,1.35068,1.55494]},"T2s":{"weight":1.0,"played":[1.0,0.0,0.0],"evs":[0.0,-0.82052,-1.59247]},"T3s":{"weight":1.0,"played":[1.0,0.0,0.0],"evs":[0.0,-0.79964,-1.46092]},"T4s":{"weight":1.0,"played":[1.0,0.0,0.0],"evs":[0.0,-0.75242,-1.35429]},"T5s":{"weight":1.0,"played":[1.0,0.0,0.0],"evs":[0.0,-0.72291,-1.25451]},"T6s":{"weight":1.0,"played":[1.0,0.0,0.0],"evs":[0.0,-0.66173,-0.9369]},"T7s":{"weight":1.0,"played":[1.0,0.0,0.0],"evs":[0.0,-0.58834,-0.66574]},"T8s":{"weight":1.0,"played":[1.0,0.0,0.0],"evs":[0.0,-0.32395,-0.35565]},"T9s":{"weight":1.0,"played":[0.9919,0.0059,0.0022],"evs":[0.0,-0.06554,-0.02664]},"TT":{"weight":1.0,"played":[0.0,0.0,1.0],"evs":[0.0,4.07182,4.28031]},"JTo":{"weight":1.0,"played":[1.0,0.0,0.0],"evs":[0.0,-0.2503,-0.18722]},"QTo":{"weight":1.0,"played":[0.9998,0.0,2.0E-4],"evs":[0.0,-0.1035,-0.04837]},"KTo":{"weight":1.0,"played":[0.0,0.0,1.0],"evs":[0.0,0.32507,0.41654]},"ATo":{"weight":1.0,"played":[0.0,0.0,1.0],"evs":[0.0,2.12525,2.30737]},"J2s":{"weight":1.0,"played":[1.0,0.0,0.0],"evs":[0.0,-0.77725,-1.3589]},"J3s":{"weight":1.0,"played":[1.0,0.0,0.0],"evs":[0.0,-0.75138,-1.23484]},"J4s":{"weight":1.0,"played":[1.0,0.0,0.0],"evs":[0.0,-0.70661,-1.1259]},"J5s":{"weight":1.0,"played":[1.0,0.0,0.0],"evs":[0.0,-0.6753,-0.99959]},"J6s":{"weight":1.0,"played":[1.0,0.0,0.0],"evs":[0.0,-0.64986,-0.92513]},"J7s":{"weight":1.0,"played":[1.0,0.0,0.0],"evs":[0.0,-0.57221,-0.65729]},"J8s":{"weight":1.0,"played":[1.0,0.0,0.0],"evs":[0.0,-0.36797,-0.3512]},"J9s":{"weight":1.0,"played":[0.7122,2.0E-4,0.2876],"evs":[0.0,-0.09599,-0.01802]},"JTs":{"weight":1.0,"played":[0.0,2.0E-4,0.9998],"evs":[0.0,0.39846,0.46014]},"JJ":{"weight":1.0,"played":[0.0,0.0,1.0],"evs":[0.0,4.85246,5.05825]},"QJo":{"weight":1.0,"played":[0.0,4.0E-4,0.9996],"evs":[0.0,0.19332,0.23776]},"KJo":{"weight":1.0,"played":[0.0,0.0,1.0],"evs":[0.0,0.70297,0.8132]},"AJo":{"weight":1.0,"played":[0.0,0.0,1.0],"evs":[0.0,2.65533,2.80475]},"Q2s":{"weight":1.0,"played":[1.0,0.0,0.0],"evs":[0.0,-0.72895,-1.07849]},"Q3s":{"weight":1.0,"played":[1.0,0.0,0.0],"evs":[0.0,-0.70541,-0.9693]},"Q4s":{"weight":1.0,"played":[1.0,0.0,0.0],"evs":[0.0,-0.6597,-0.85355]},"Q5s":{"weight":1.0,"played":[1.0,0.0,0.0],"evs":[0.0,-0.61301,-0.70543]},"Q6s":{"weight":1.0,"played":[1.0,0.0,0.0],"evs":[0.0,-0.5856,-0.60678]},"Q7s":{"weight":1.0,"played":[1.0,0.0,0.0],"evs":[0.0,-0.52243,-0.57476]},"Q8s":{"weight":1.0,"played":[1.0,0.0,0.0],"evs":[0.0,-0.27614,-0.24642]},"Q9s":{"weight":1.0,"played":[0.0,0.0,1.0],"evs":[0.0,0.03137,0.12062]},"QTs":{"weight":1.0,"played":[0.0,0.0,1.0],"evs":[0.0,0.54037,0.58176]},"QJs":{"weight":1.0,"played":[0.0,2.0E-4,0.9998],"evs":[0.0,0.79884,0.84542]},"QQ":{"weight":1.0,"played":[0.0,0.0,1.0],"evs":[0.0,5.73943,5.86411]},"KQo":{"weight":1.0,"played":[0.0,0.0,1.0],"evs":[0.0,1.13222,1.243]},"AQo":{"weight":1.0,"played":[0.0,0.0,1.0],"evs":[0.0,3.20045,3.3142]},"K2s":{"weight":1.0,"played":[1.0,0.0,0.0],"evs":[0.0,-0.60072,-0.668]},"K3s":{"weight":1.0,"played":[1.0,0.0,0.0],"evs":[0.0,-0.55876,-0.55745]},"K4s":{"weight":1.0,"played":[1.0,0.0,0.0],"evs":[0.0,-0.44137,-0.42993]},"K5s":{"weight":1.0,"played":[1.0,0.0,0.0],"evs":[0.0,-0.34038,-0.30231]},"K6s":{"weight":1.0,"played":[1.0,0.0,0.0],"evs":[0.0,-0.21038,-0.16705]},"K7s":{"weight":1.0,"played":[1.0,0.0,0.0],"evs":[0.0,-0.11645,-0.0816]},"K8s":{"weight":1.0,"played":[0.0,3.0E-4,0.9997],"evs":[0.0,-0.02309,0.04552]},"K9s":{"weight":1.0,"played":[0.0,0.0,1.0],"evs":[0.0,0.34438,0.44853]},"KTs":{"weight":1.0,"played":[0.0,1.0E-4,0.9999],"evs":[0.0,0.93943,1.01771]},"KJs":{"weight":1.0,"played":[0.0,0.0,1.0],"evs":[0.0,1.30691,1.41338]},"KQs":{"weight":1.0,"played":[0.0,0.0,1.0],"evs":[0.0,1.7212,1.83073]},"KK":{"weight":1.0,"played":[0.0,0.0,1.0],"evs":[0.0,6.67648,6.73677]},"AKo":{"weight":1.0,"played":[0.0,0.0,1.0],"evs":[0.0,3.81931,3.93828]},"A2s":{"weight":1.0,"played":[0.0,0.0,1.0],"evs":[0.0,0.47355,0.55331]},"A3s":{"weight":1.0,"played":[0.0,0.0,1.0],"evs":[0.0,0.54618,0.6831]},"A4s":{"weight":1.0,"played":[0.0,0.0,1.0],"evs":[0.0,0.67634,0.81216]},"A5s":{"weight":1.0,"played":[0.0,0.0,1.0],"evs":[0.0,0.85384,0.99296]},"A6s":{"weight":1.0,"played":[0.0,0.0,1.0],"evs":[0.0,0.81841,0.95635]},"A7s":{"weight":1.0,"played":[0.0,0.0,1.0],"evs":[0.0,1.17013,1.29317]},"A8s":{"weight":1.0,"played":[0.0,0.0,1.0],"evs":[0.0,1.47817,1.63539]},"A9s":{"weight":1.0,"played":[0.0,0.0,1.0],"evs":[0.0,1.90089,2.09755]},"ATs":{"weight":1.0,"played":[0.0,0.0,1.0],"evs":[0.0,2.6443,2.80638]},"AJs":{"weight":1.0,"played":[0.0,0.0,1.0],"evs":[0.0,3.14752,3.26619]},"AQs":{"weight":1.0,"played":[0.0,0.0,1.0],"evs":[0.0,3.6504,3.74824]},"AKs":{"weight":1.0,"played":[0.0,0.0,1.0],"evs":[0.0,4.20543,4.30446]},"AA":{"weight":1.0,"played":[0.0,0.0072,0.9928],"evs":[0.0,8.10146,8.15466]}}}