{"player":1,"street":0,"children":2,"sequence":[{"player":0,"type":"F","amount":0,"street":0},{"player":1,"type":"R","amount":200000,"street":0},{"player":2,"type":"C","amount":150000,"street":0},{"player":3,"type":"R","amount":2295000,"street":0}],"actions":[{"type":"F","amount":0,"node":15},{"type":"C","amount":1135000,"node":16}],"hands":{"22":{"weight":0.0,"played":[0.9159,0.0841],"evs":[0.0,-0.73512]},"32o":{"weight":0.0,"played":[1.0,0.0],"evs":[0.0,-5.62802]},"42o":{"weight":0.0,"played":[1.0,0.0],"evs":[0.0,-5.58738]},"52o":{"weight":0.0,"played":[1.0,0.0],"evs":[0.0,-5.42689]},"62o":{"weight":0.0,"played":[1.0,0.0],"evs":[0.0,-5.71419]},"72o":{"weight":0.0,"played":[1.0,0.0],"evs":[0.0,-6.03413]},"82o":{"weight":0.0,"played":[1.0,0.0],"evs":[0.0,-5.61751]},"92o":{"weight":0.0,"played":[1.0,0.0],"evs":[0.0,-5.67402]},"T2o":{"weight":0.0,"played":[1.0,0.0],"evs":[0.0,-5.5357]},"J2o":{"weight":0.0,"played":[1.0,0.0],"evs":[0.0,-5.08232]},"Q2o":{"weight":0.0,"played":[1.0,0.0],"evs":[0.0,-4.51348]},"K2o":{"weight":0.0,"played":[1.0,0.0],"evs":[0.0,-4.00538]},"A2o":{"weight":0.7693,"played":[0.9999,1.0E-4],"evs":[0.0,-3.44682]},"32s":{"weight":0.0,"played":[0.9998,2.0E-4],"evs":[0.0,-3.79408]},"33":{"weight":0.0,"played":[0.1026,0.8974],"evs":[0.0,0.24437]},"43o":{"weight":0.0,"played":[1.0,0.0],"evs":[0.0,-5.01254]},"53o":{"weight":0.0,"played":[1.0,0.0],"evs":[0.0,-4.63267]},"63o":{"weight":0.0,"played":[1.0,0.0],"evs":[0.0,-4.95909]},"73o":{"weight":0.0,"played":[1.0,0.0],"evs":[0.0,-5.58158]},"83o":{"weight":0.0,"played":[1.0,0.0],"evs":[0.0,-5.64384]},"93o":{"weight":0.0,"played":[1.0,0.0],"evs":[0.0,-5.47558]},"T3o":{"weight":0.0,"played":[1.0,0.0],"evs":[0.0,-5.38526]},"J3o":{"weight":0.0,"played":[1.0,0.0],"evs":[0.0,-4.80247]},"Q3o":{"weight":0.0,"played":[1.0,0.0],"evs":[0.0,-4.1252]},"K3o":{"weight":0.0,"played":[1.0,0.0],"evs":[0.0,-3.81384]},"A3o":{"weight":0.0,"played":[0.9995,5.0E-4],"evs":[0.0,-3.1961]},"42s":{"weight":0.0,"played":[1.0,0.0],"evs":[0.0,-3.9103]},"43s":{"weight":0.0,"played":[0.9999,1.0E-4],"evs":[0.0,-3.4156]},"44":{"weight":0.0,"played":[0.0184,0.9816],"evs":[0.0,0.16532]},"54o":{"weight":0.0,"played":[1.0,0.0],"evs":[0.0,-4.39833]},"64o":{"weight":0.0,"played":[1.0,0.0],"evs":[0.0,-4.70298]},"74o":{"weight":0.0,"played":[1.0,0.0],"evs":[0.0,-4.95787]},"84o":{"weight":0.0,"played":[1.0,0.0],"evs":[0.0,-5.11509]},"94o":{"weight":0.0,"played":[1.0,0.0],"evs":[0.0,-5.58014]},"T4o":{"weight":0.0,"played":[1.0,0.0],"evs":[0.0,-5.35489]},"J4o":{"weight":0.0,"played":[1.0,0.0],"evs":[0.0,-5.03603]},"Q4o":{"weight":0.0,"played":[1.0,0.0],"evs":[0.0,-4.00341]},"K4o":{"weight":0.0,"played":[1.0,0.0],"evs":[0.0,-3.86248]},"A4o":{"weight":1.0E-4,"played":[0.9999,1.0E-4],"evs":[0.0,-3.34069]},"52s":{"weight":0.0,"played":[1.0,0.0],"evs":[0.0,-3.73175]},"53s":{"weight":0.0,"played":[1.0,0.0],"evs":[0.0,-3.55957]},"54s":{"weight":0.0,"played":[0.9995,5.0E-4],"evs":[0.0,-2.67771]},"55":{"weight":0.0,"played":[0.0,1.0],"evs":[0.0,0.22224]},"65o":{"weight":0.0,"played":[1.0,0.0],"evs":[0.0,-4.04177]},"75o":{"weight":0.0,"played":[1.0,0.0],"evs":[0.0,-4.5343]},"85o":{"weight":0.0,"played":[1.0,0.0],"evs":[0.0,-4.52503]},"95o":{"weight":0.0,"played":[1.0,0.0],"evs":[0.0,-5.12611]},"T5o":{"weight":0.0,"played":[1.0,0.0],"evs":[0.0,-5.23598]},"J5o":{"weight":0.0,"played":[1.0,0.0],"evs":[0.0,-4.69522]},"Q5o":{"weight":0.0,"played":[0.9999,1.0E-4],"evs":[0.0,-3.89897]},"K5o":{"weight":0.0,"played":[1.0,0.0],"evs":[0.0,-3.86037]},"A5o":{"weight":0.0,"played":[0.9995,5.0E-4],"evs":[0.0,-2.84529]},"62s":{"weight":0.0,"played":[1.0,0.0],"evs":[0.0,-4.24911]},"63s":{"weight":0.0,"played":[0.9999,1.0E-4],"evs":[0.0,-3.02947]},"64s":{"weight":0.0,"played":[0.9994,6.0E-4],"evs":[0.0,-2.93702]},"65s":{"weight":0.0088,"played":[0.9996,4.0E-4],"evs":[0.0,-2.38922]},"66":{"weight":0.0011,"played":[0.0,1.0],"evs":[0.0,1.52475]},"76o":{"weight":0.0,"played":[1.0,0.0],"evs":[0.0,-3.4058]},"86o":{"weight":0.0,"played":[1.0,0.0],"evs":[0.0,-3.64889]},"96o":{"weight":0.0,"played":[1.0,0.0],"evs":[0.0,-4.09487]},"T6o":{"weight":0.0,"played":[1.0,0.0],"evs":[0.0,-4.69568]},"J6o":{"weight":0.0,"played":[1.0,0.0],"evs":[0.0,-4.37335]},"Q6o":{"weight":0.0,"played":[1.0,0.0],"evs":[0.0,-3.32947]},"K6o":{"weight":0.0,"played":[1.0,0.0],"evs":[0.0,-3.35697]},"A6o":{"weight":0.0,"played":[0.9998,2.0E-4],"evs":[0.0,-3.00206]},"72s":{"weight":0.0,"played":[1.0,0.0],"evs":[0.0,-4.24462]},"73s":{"weight":0.0,"played":[1.0,0.0],"evs":[0.0,-3.77197]},"74s":{"weight":0.0,"played":[1.0,0.0],"evs":[0.0,-3.49917]},"75s":{"weight":0.0012,"played":[1.0,0.0],"evs":[0.0,-2.72435]},"76s":{"weight":0.2387,"played":[0.9982,0.0018],"evs":[0.0,-1.90037]},"77":{"weight":0.0234,"played":[0.0,1.0],"evs":[0.0,3.23157]},"87o":{"weight":0.0,"played":[0.9999,1.0E-4],"evs":[0.0,-3.11494]},"97o":{"weight":0.0,"played":[1.0,0.0],"evs":[0.0,-3.65702]},"T7o":{"weight":0.0,"played":[0.9999,1.0E-4],"evs":[0.0,-3.79737]},"J7o":{"weight":0.0,"played":[1.0,0.0],"evs":[0.0,-4.00707]},"Q7o":{"weight":0.0,"played":[1.0,0.0],"evs":[0.0,-3.60201]},"K7o":{"weight":1.0E-4,"played":[0.9999,1.0E-4],"evs":[0.0,-3.33657]},"A7o":{"weight":0.0,"played":[0.9994,6.0E-4],"evs":[0.0,-2.40166]},"82s":{"weight":0.0,"played":[1.0,0.0],"evs":[0.0,-3.53986]},"83s":{"weight":0.0,"played":[0.9999,1.0E-4],"evs":[0.0,-3.82471]},"84s":{"weight":0.0,"played":[1.0,0.0],"evs":[0.0,-3.53799]},"85s":{"weight":0.0,"played":[0.9998,2.0E-4],"evs":[0.0,-3.24376]},"86s":{"weight":6.0E-4,"played":[0.9999,1.0E-4],"evs":[0.0,-2.52303]},"87s":{"weight":0.6214,"played":[0.9999,1.0E-4],"evs":[0.0,-1.43217]},"88":{"weight":0.7609,"played":[0.0,1.0],"evs":[0.0,4.16509]},"98o":{"weight":0.0,"played":[1.0,0.0],"evs":[0.0,-2.75455]},"T8o":{"weight":0.0,"played":[1.0,0.0],"evs":[0.0,-2.77208]},"J8o":{"weight":0.0,"played":[0.9999,1.0E-4],"evs":[0.0,-2.98532]},"Q8o":{"weight":0.0,"played":[1.0,0.0],"evs":[0.0,-3.05475]},"K8o":{"weight":1.0E-4,"played":[0.9997,3.0E-4],"evs":[0.0,-3.23641]},"A8o":{"weight":0.0,"played":[0.982,0.018],"evs":[0.0,-1.68803]},"92s":{"weight":0.0,"played":[1.0,0.0],"evs":[0.0,-3.81391]},"93s":{"weight":0.0,"played":[1.0,0.0],"evs":[0.0,-3.38761]},"94s":{"weight":0.0,"played":[0.9999,1.0E-4],"evs":[0.0,-3.87272]},"95s":{"weight":0.0,"played":[0.9999,1.0E-4],"evs":[0.0,-3.53904]},"96s":{"weight":0.0,"played":[0.9998,2.0E-4],"evs":[0.0,-2.66471]},"97s":{"weight":0.0152,"played":[1.0,0.0],"evs":[0.0,-1.85406]},"98s":{"weight":0.9755,"played":[1.0,0.0],"evs":[0.0,-1.54844]},"99":{"weight":0.9984,"played":[0.0,1.0],"evs":[0.0,5.84718]},"T9o":{"weight":0.0,"played":[1.0,0.0],"evs":[0.0,-2.2095]},"J9o":{"weight":0.0,"played":[1.0,0.0],"evs":[0.0,-2.48035]},"Q9o":{"weight":0.0,"played":[1.0,0.0],"evs":[0.0,-2.35048]},"K9o":{"weight":1.0,"played":[0.9999,1.0E-4],"evs":[0.0,-2.47671]},"A9o":{"weight":0.0,"played":[0.5933,0.4067],"evs":[0.0,-0.50964]},"T2s":{"weight":0.0,"played":[1.0,0.0],"evs":[0.0,-3.86487]},"T3s":{"weight":0.0,"played":[0.9999,1.0E-4],"evs":[0.0,-3.58839]},"T4s":{"weight":0.0,"played":[1.0,0.0],"evs":[0.0,-3.3759]},"T5s":{"weight":0.0,"played":[1.0,0.0],"evs":[0.0,-3.54557]},"T6s":{"weight":0.0,"played":[0.9999,1.0E-4],"evs":[0.0,-2.52816]},"T7s":{"weight":0.002,"played":[0.9999,1.0E-4],"evs":[0.0,-2.23385]},"T8s":{"weight":0.5648,"played":[0.9995,5.0E-4],"evs":[0.0,-1.40535]},"T9s":{"weight":1.0E-4,"played":[0.9965,0.0035],"evs":[0.0,-1.37879]},"TT":{"weight":1.0,"played":[0.0,1.0],"evs":[0.0,7.27781]},"JTo":{"weight":0.9965,"played":[1.0,0.0],"evs":[0.0,-1.3493]},"QTo":{"weight":1.0,"played":[0.9997,3.0E-4],"evs":[0.0,-1.39221]},"KTo":{"weight":0.0,"played":[0.9994,6.0E-4],"evs":[0.0,-1.76299]},"ATo":{"weight":0.0,"played":[0.0,1.0],"evs":[0.0,1.55781]},"J2s":{"weight":0.0,"played":[1.0,0.0],"evs":[0.0,-3.88254]},"J3s":{"weight":0.0,"played":[0.9991,9.0E-4],"evs":[0.0,-3.38338]},"J4s":{"weight":0.0,"played":[0.9999,1.0E-4],"evs":[0.0,-3.11793]},"J5s":{"weight":0.0,"played":[1.0,0.0],"evs":[0.0,-3.32155]},"J6s":{"weight":0.0,"played":[1.0,0.0],"evs":[0.0,-2.78321]},"J7s":{"weight":0.03,"played":[0.9999,1.0E-4],"evs":[0.0,-2.26199]},"J8s":{"weight":0.9997,"played":[0.9992,8.0E-4],"evs":[0.0,-1.35058]},"J9s":{"weight":4.0E-4,"played":[0.9745,0.0255],"evs":[0.0,-1.49661]},"JTs":{"weight":2.0E-4,"played":[0.6399,0.3601],"evs":[0.0,-0.08409]},"JJ":{"weight":1.0,"played":[0.0,1.0],"evs":[0.0,9.12338]},"QJo":{"weight":0.028,"played":[0.9995,5.0E-4],"evs":[0.0,-1.03034]},"KJo":{"weight":0.0,"played":[0.9978,0.0022],"evs":[0.0,-1.1552]},"AJo":{"weight":0.0,"played":[0.0,1.0],"evs":[0.0,3.65058]},"Q2s":{"weight":0.0,"played":[0.9999,1.0E-4],"evs":[0.0,-2.76094]},"Q3s":{"weight":0.0,"played":[0.9999,1.0E-4],"evs":[0.0,-2.39245]},"Q4s":{"weight":0.0,"played":[0.9996,4.0E-4],"evs":[0.0,-2.84413]},"Q5s":{"weight":0.0013,"played":[0.9996,4.0E-4],"evs":[0.0,-2.22954]},"Q6s":{"weight":0.0723,"played":[0.9998,2.0E-4],"evs":[0.0,-2.17447]},"Q7s":{"weight":0.5668,"played":[0.9996,4.0E-4],"evs":[0.0,-1.87701]},"Q8s":{"weight":1.0,"played":[0.9997,3.0E-4],"evs":[0.0,-1.60963]},"Q9s":{"weight":0.1398,"played":[0.9871,0.0129],"evs":[0.0,-0.7154]},"QTs":{"weight":0.0017,"played":[0.0605,0.9395],"evs":[0.0,0.25181]},"QJs":{"weight":0.5653,"played":[6.0E-4,0.9994],"evs":[0.0,0.79314]},"QQ":{"weight":1.0,"played":[0.0,1.0],"evs":[0.0,10.80028]},"KQo":{"weight":0.0,"played":[0.9827,0.0173],"evs":[0.0,-0.66527]},"AQo":{"weight":4.0E-4,"played":[0.0,1.0],"evs":[0.0,5.16614]},"K2s":{"weight":0.0,"played":[0.9999,1.0E-4],"evs":[0.0,-3.02751]},"K3s":{"weight":4.0E-4,"played":[1.0,0.0],"evs":[0.0,-2.42492]},"K4s":{"weight":0.0414,"played":[0.9999,1.0E-4],"evs":[0.0,-2.3193]},"K5s":{"weight":0.9976,"played":[1.0,0.0],"evs":[0.0,-2.32986]},"K6s":{"weight":0.9994,"played":[1.0,0.0],"evs":[0.0,-1.80437]},"K7s":{"weight":1.0,"played":[0.9999,1.0E-4],"evs":[0.0,-1.86233]},"K8s":{"weight":1.0,"played":[0.9997,3.0E-4],"evs":[0.0,-1.6767]},"K9s":{"weight":0.0285,"played":[0.9934,0.0066],"evs":[0.0,-1.14303]},"KTs":{"weight":0.6239,"played":[0.1999,0.8001],"evs":[0.0,-0.01598]},"KJs":{"weight":0.4276,"played":[0.0,1.0],"evs":[0.0,0.75509]},"KQs":{"weight":0.9741,"played":[3.0E-4,0.9997],"evs":[0.0,0.53474]},"KK":{"weight":1.0,"played":[0.0,1.0],"evs":[0.0,12.35316]},"AKo":{"weight":0.0226,"played":[0.0,1.0],"evs":[0.0,7.19023]},"A2s":{"weight":0.0,"played":[0.9993,7.0E-4],"evs":[0.0,-1.80354]},"A3s":{"weight":0.0,"played":[0.9976,0.0024],"evs":[0.0,-1.14837]},"A4s":{"weight":0.0062,"played":[0.9979,0.0021],"evs":[0.0,-1.34612]},"A5s":{"weight":0.3428,"played":[0.9988,0.0012],"evs":[0.0,-1.82652]},"A6s":{"weight":0.1447,"played":[0.9997,3.0E-4],"evs":[0.0,-1.19515]},"A7s":{"weight":0.2467,"played":[0.9823,0.0177],"evs":[0.0,-0.93375]},"A8s":{"weight":0.0043,"played":[0.7266,0.2734],"evs":[0.0,-0.53511]},"A9s":{"weight":0.0014,"played":[0.0,1.0],"evs":[0.0,1.08636]},"ATs":{"weight":0.5142,"played":[0.0,1.0],"evs":[0.0,3.08368]},"AJs":{"weight":0.9644,"played":[0.0,1.0],"evs":[0.0,4.476]},"AQs":{"weight":1.0,"played":[0.0,1.0],"evs":[0.0,6.33078]},"AKs":{"weight":1.0,"played":[0.0,1.0],"evs":[0.0,8.13496]},"AA":{"weight":1.0,"played":[0.0,1.0],"evs":[0.0,18.71556]}}}