{"player":3,"street":0,"children":3,"sequence":[{"player":0,"type":"F","amount":0,"street":0},{"player":1,"type":"R","amount":1335000,"street":0},{"player":2,"type":"C","amount":1285000,"street":0}],"actions":[{"type":"F","amount":0},{"type":"C","amount":1235000},{"type":"R","amount":2295000,"node":23}],"hands":{"22":{"weight":1.0,"played":[1.0,0.0,0.0],"evs":[0.0,-3.02978,-2.94128]},"32o":{"weight":1.0,"played":[1.0,0.0,0.0],"evs":[0.0,-8.64865,-12.12092]},"42o":{"weight":1.0,"played":[1.0,0.0,0.0],"evs":[0.0,-8.11077,-11.32971]},"52o":{"weight":1.0,"played":[1.0,0.0,0.0],"evs":[0.0,-7.82119,-10.76696]},"62o":{"weight":1.0,"played":[1.0,0.0,0.0],"evs":[0.0,-8.49962,-11.90344]},"72o":{"weight":1.0,"played":[1.0,0.0,0.0],"evs":[0.0,-8.70457,-12.09847]},"82o":{"weight":1.0,"played":[1.0,0.0,0.0],"evs":[0.0,-8.32007,-11.30449]},"92o":{"weight":1.0,"played":[1.0,0.0,0.0],"evs":[0.0,-8.69567,-11.88865]},"T2o":{"weight":1.0,"played":[1.0,0.0,0.0],"evs":[0.0,-8.35128,-11.05582]},"J2o":{"weight":1.0,"played":[1.0,0.0,0.0],"evs":[0.0,-8.119,-10.79079]},"Q2o":{"weight":1.0,"played":[1.0,0.0,0.0],"evs":[0.0,-7.86346,-10.27897]},"K2o":{"weight":1.0,"played":[1.0,0.0,0.0],"evs":[0.0,-7.63198,-9.60567]},"A2o":{"weight":1.0,"played":[1.0,0.0,0.0],"evs":[0.0,-7.41902,-8.34341]},"32s":{"weight":1.0,"played":[1.0,0.0,0.0],"evs":[0.0,-6.16068,-8.49232]},"33":{"weight":1.0,"played":[0.9659,0.0011,0.0329],"evs":[0.0,-1.2681,-1.10335]},"43o":{"weight":1.0,"played":[1.0,0.0,0.0],"evs":[0.0,-7.17551,-9.86306]},"53o":{"weight":1.0,"played":[1.0,0.0,0.0],"evs":[0.0,-6.63633,-9.29999]},"63o":{"weight":1.0,"played":[1.0,0.0,0.0],"evs":[0.0,-7.32174,-10.28869]},"73o":{"weight":1.0,"played":[1.0,0.0,0.0],"evs":[0.0,-7.79459,-10.756]},"83o":{"weight":1.0,"played":[1.0,0.0,0.0],"evs":[0.0,-8.21172,-11.15597]},"93o":{"weight":1.0,"played":[1.0,0.0,0.0],"evs":[0.0,-8.44839,-11.29773]},"T3o":{"weight":1.0,"played":[1.0,0.0,0.0],"evs":[0.0,-8.24238,-10.71845]},"J3o":{"weight":1.0,"played":[1.0,0.0,0.0],"evs":[0.0,-7.97881,-10.35839]},"Q3o":{"weight":1.0,"played":[1.0,0.0,0.0],"evs":[0.0,-7.63932,-9.75614]},"K3o":{"weight":1.0,"played":[1.0,0.0,0.0],"evs":[0.0,-7.16084,-8.946]},"A3o":{"weight":1.0,"played":[1.0,0.0,0.0],"evs":[0.0,-6.81441,-7.44132]},"42s":{"weight":1.0,"played":[1.0,0.0,0.0],"evs":[0.0,-5.8261,-7.98464]},"43s":{"weight":1.0,"played":[1.0,0.0,0.0],"evs":[0.0,-4.44298,-6.32076]},"44":{"weight":1.0,"played":[0.1207,0.0042,0.875],"evs":[0.0,0.91978,1.14523]},"54o":{"weight":1.0,"played":[1.0,0.0,0.0],"evs":[0.0,-5.51514,-7.64959]},"64o":{"weight":1.0,"played":[1.0,0.0,0.0],"evs":[0.0,-6.00523,-8.55151]},"74o":{"weight":1.0,"played":[1.0,0.0,0.0],"evs":[0.0,-6.46651,-8.91687]},"84o":{"weight":1.0,"played":[1.0,0.0,0.0],"evs":[0.0,-6.90271,-9.20559]},"94o":{"weight":1.0,"played":[1.0,0.0,0.0],"evs":[0.0,-7.97652,-10.55921]},"T4o":{"weight":1.0,"played":[1.0,0.0,0.0],"evs":[0.0,-7.60046,-9.64991]},"J4o":{"weight":1.0,"played":[1.0,0.0,0.0],"evs":[0.0,-7.43951,-9.61054]},"Q4o":{"weight":1.0,"played":[1.0,0.0,0.0],"evs":[0.0,-6.94173,-8.65598]},"K4o":{"weight":1.0,"played":[1.0,0.0,0.0],"evs":[0.0,-6.85689,-8.31358]},"A4o":{"weight":1.0,"played":[1.0,0.0,0.0],"evs":[0.0,-5.92927,-6.38163]},"52s":{"weight":1.0,"played":[1.0,0.0,0.0],"evs":[0.0,-5.45372,-7.87701]},"53s":{"weight":1.0,"played":[1.0,0.0,0.0],"evs":[0.0,-4.16845,-5.80896]},"54s":{"weight":1.0,"played":[1.0,0.0,0.0],"evs":[0.0,-3.25552,-4.71726]},"55":{"weight":1.0,"played":[0.0,3.0E-4,0.9997],"evs":[0.0,2.07895,2.14588]},"65o":{"weight":1.0,"played":[1.0,0.0,0.0],"evs":[0.0,-5.02834,-7.23188]},"75o":{"weight":1.0,"played":[1.0,0.0,0.0],"evs":[0.0,-5.70602,-7.95655]},"85o":{"weight":1.0,"played":[1.0,0.0,0.0],"evs":[0.0,-5.83361,-7.84608]},"95o":{"weight":1.0,"played":[1.0,0.0,0.0],"evs":[0.0,-6.87182,-9.07006]},"T5o":{"weight":1.0,"played":[1.0,0.0,0.0],"evs":[0.0,-7.44862,-9.49586]},"J5o":{"weight":1.0,"played":[1.0,0.0,0.0],"evs":[0.0,-7.14457,-8.8828]},"Q5o":{"weight":1.0,"played":[1.0,0.0,0.0],"evs":[0.0,-6.82826,-8.49345]},"K5o":{"weight":1.0,"played":[1.0,0.0,0.0],"evs":[0.0,-6.4913,-7.82013]},"A5o":{"weight":1.0,"played":[1.0,0.0,0.0],"evs":[0.0,-5.59362,-5.94057]},"62s":{"weight":1.0,"played":[1.0,0.0,0.0],"evs":[0.0,-5.69669,-8.42391]},"63s":{"weight":1.0,"played":[1.0,0.0,0.0],"evs":[0.0,-4.8024,-6.94184]},"64s":{"weight":1.0,"played":[1.0,0.0,0.0],"evs":[0.0,-4.10057,-5.93295]},"65s":{"weight":1.0,"played":[0.9999,1.0E-4,0.0],"evs":[0.0,-2.75855,-4.50385]},"66":{"weight":1.0,"played":[0.0,0.0365,0.9635],"evs":[0.0,4.05037,4.1306]},"76o":{"weight":1.0,"played":[1.0,0.0,0.0],"evs":[0.0,-4.91868,-6.96829]},"86o":{"weight":1.0,"played":[1.0,0.0,0.0],"evs":[0.0,-5.02108,-6.92605]},"96o":{"weight":1.0,"played":[1.0,0.0,0.0],"evs":[0.0,-6.02606,-8.08677]},"T6o":{"weight":1.0,"played":[1.0,0.0,0.0],"evs":[0.0,-6.73377,-8.80142]},"J6o":{"weight":1.0,"played":[1.0,0.0,0.0],"evs":[0.0,-7.226,-9.45411]},"Q6o":{"weight":1.0,"played":[1.0,0.0,0.0],"evs":[0.0,-6.62138,-8.41532]},"K6o":{"weight":1.0,"played":[1.0,0.0,0.0],"evs":[0.0,-6.21198,-7.58424]},"A6o":{"weight":1.0,"played":[1.0,0.0,0.0],"evs":[0.0,-6.15268,-6.63067]},"72s":{"weight":1.0,"played":[1.0,0.0,0.0],"evs":[0.0,-6.33815,-8.87862]},"73s":{"weight":1.0,"played":[1.0,0.0,0.0],"evs":[0.0,-5.17679,-7.35495]},"74s":{"weight":1.0,"played":[1.0,0.0,0.0],"evs":[0.0,-4.05874,-5.84536]},"75s":{"weight":1.0,"played":[1.0,0.0,0.0],"evs":[0.0,-3.03462,-4.59893]},"76s":{"weight":1.0,"played":[0.9988,0.001,1.0E-4],"evs":[0.0,-2.30625,-3.90786]},"77":{"weight":1.0,"played":[0.0,0.1416,0.8584],"evs":[0.0,6.58389,6.62648]},"87o":{"weight":1.0,"played":[1.0,0.0,0.0],"evs":[0.0,-4.1026,-5.64455]},"97o":{"weight":1.0,"played":[1.0,0.0,0.0],"evs":[0.0,-4.74658,-6.54555]},"T7o":{"weight":1.0,"played":[1.0,0.0,0.0],"evs":[0.0,-5.50835,-7.09406]},"J7o":{"weight":1.0,"played":[1.0,0.0,0.0],"evs":[0.0,-6.0398,-7.79636]},"Q7o":{"weight":1.0,"played":[1.0,0.0,0.0],"evs":[0.0,-6.4041,-8.05035]},"K7o":{"weight":1.0,"played":[1.0,0.0,0.0],"evs":[0.0,-5.72213,-6.90374]},"A7o":{"weight":1.0,"played":[1.0,0.0,0.0],"evs":[0.0,-4.41823,-4.66026]},"82s":{"weight":1.0,"played":[1.0,0.0,0.0],"evs":[0.0,-5.75504,-7.99006]},"83s":{"weight":1.0,"played":[1.0,0.0,0.0],"evs":[0.0,-5.64858,-7.72959]},"84s":{"weight":1.0,"played":[1.0,0.0,0.0],"evs":[0.0,-4.08371,-5.60777]},"85s":{"weight":1.0,"played":[1.0,0.0,0.0],"evs":[0.0,-3.48194,-5.07012]},"86s":{"weight":1.0,"played":[0.9998,2.0E-4,0.0],"evs":[0.0,-3.18558,-4.45844]},"87s":{"weight":1.0,"played":[1.0,0.0,0.0],"evs":[0.0,-1.51313,-2.81679]},"88":{"weight":1.0,"played":[0.0,1.0E-4,0.9999],"evs":[0.0,8.65912,8.76877]},"98o":{"weight":1.0,"played":[1.0,0.0,0.0],"evs":[0.0,-3.9741,-5.45405]},"T8o":{"weight":1.0,"played":[1.0,0.0,0.0],"evs":[0.0,-3.87772,-5.14193]},"J8o":{"weight":1.0,"played":[1.0,0.0,0.0],"evs":[0.0,-5.05223,-6.3461]},"Q8o":{"weight":1.0,"played":[1.0,0.0,0.0],"evs":[0.0,-5.09375,-6.30609]},"K8o":{"weight":1.0,"played":[1.0,0.0,0.0],"evs":[0.0,-5.42218,-6.21867]},"A8o":{"weight":1.0,"played":[1.0,0.0,0.0],"evs":[0.0,-3.56912,-3.60108]},"92s":{"weight":1.0,"played":[1.0,0.0,0.0],"evs":[0.0,-6.35852,-8.58768]},"93s":{"weight":1.0,"played":[1.0,0.0,0.0],"evs":[0.0,-5.81686,-7.79995]},"94s":{"weight":1.0,"played":[1.0,0.0,0.0],"evs":[0.0,-5.37565,-7.50591]},"95s":{"weight":1.0,"played":[0.9998,2.0E-4,0.0],"evs":[0.0,-4.44662,-6.05155]},"96s":{"weight":1.0,"played":[1.0,0.0,0.0],"evs":[0.0,-3.44444,-5.00822]},"97s":{"weight":1.0,"played":[1.0,0.0,0.0],"evs":[0.0,-2.42386,-3.74267]},"98s":{"weight":1.0,"played":[1.0,0.0,0.0],"evs":[0.0,-1.27831,-2.34974]},"99":{"weight":1.0,"played":[0.0,0.0,1.0],"evs":[0.0,10.91278,10.92668]},"T9o":{"weight":1.0,"played":[1.0,0.0,0.0],"evs":[0.0,-3.88818,-5.04569]},"J9o":{"weight":1.0,"played":[1.0,0.0,0.0],"evs":[0.0,-4.19976,-5.25713]},"Q9o":{"weight":1.0,"played":[1.0,0.0,0.0],"evs":[0.0,-4.63243,-5.6416]},"K9o":{"weight":1.0,"played":[1.0,0.0,0.0],"evs":[0.0,-5.2217,-5.92688]},"A9o":{"weight":1.0,"played":[0.997,1.0E-4,0.0029],"evs":[0.0,-1.43128,-1.35699]},"T2s":{"weight":1.0,"played":[1.0,0.0,0.0],"evs":[0.0,-5.55215,-7.52786]},"T3s":{"weight":1.0,"played":[1.0,0.0,0.0],"evs":[0.0,-5.61293,-7.42381]},"T4s":{"weight":1.0,"played":[0.9999,1.0E-4,0.0],"evs":[0.0,-5.30767,-6.82815]},"T5s":{"weight":1.0,"played":[1.0,0.0,0.0],"evs":[0.0,-4.70816,-6.26794]},"T6s":{"weight":1.0,"played":[1.0,0.0,0.0],"evs":[0.0,-4.24081,-5.61907]},"T7s":{"weight":1.0,"played":[0.9999,1.0E-4,0.0],"evs":[0.0,-2.56194,-3.73864]},"T8s":{"weight":1.0,"played":[1.0,0.0,0.0],"evs":[0.0,-1.7274,-2.8313]},"T9s":{"weight":1.0,"played":[0.9886,0.0113,0.0],"evs":[0.0,-1.28499,-2.2109]},"TT":{"weight":1.0,"played":[0.0,0.0,1.0],"evs":[0.0,14.82859,14.98287]},"JTo":{"weight":1.0,"played":[1.0,0.0,0.0],"evs":[0.0,-2.61785,-3.24341]},"QTo":{"weight":1.0,"played":[1.0,0.0,0.0],"evs":[0.0,-3.39216,-3.88661]},"KTo":{"weight":1.0,"played":[1.0,0.0,0.0],"evs":[0.0,-3.251,-3.35808]},"ATo":{"weight":1.0,"played":[2.0E-4,7.0E-4,0.9991],"evs":[0.0,2.79033,2.99616]},"J2s":{"weight":1.0,"played":[1.0,0.0,0.0],"evs":[0.0,-5.9479,-7.68517]},"J3s":{"weight":1.0,"played":[1.0,0.0,0.0],"evs":[0.0,-5.45003,-7.16809]},"J4s":{"weight":1.0,"played":[1.0,0.0,0.0],"evs":[0.0,-5.1626,-6.60642]},"J5s":{"weight":1.0,"played":[1.0,0.0,0.0],"evs":[0.0,-4.54604,-5.96786]},"J6s":{"weight":1.0,"played":[1.0,0.0,0.0],"evs":[0.0,-4.38797,-5.92111]},"J7s":{"weight":1.0,"played":[0.9999,0.0,0.0],"evs":[0.0,-3.57267,-4.79595]},"J8s":{"weight":1.0,"played":[0.9997,1.0E-4,2.0E-4],"evs":[0.0,-2.13116,-3.19861]},"J9s":{"weight":1.0,"played":[0.9902,0.0074,0.0023],"evs":[0.0,-1.60801,-2.45433]},"JTs":{"weight":1.0,"played":[0.9076,0.0897,0.0027],"evs":[0.0,-0.41776,-0.87494]},"JJ":{"weight":1.0,"played":[0.0,0.0,1.0],"evs":[0.0,17.77712,17.99932]},"QJo":{"weight":1.0,"played":[0.9998,2.0E-4,0.0],"evs":[0.0,-2.34412,-2.59262]},"KJo":{"weight":1.0,"played":[0.9991,3.0E-4,5.0E-4],"evs":[0.0,-1.31621,-1.34694]},"AJo":{"weight":1.0,"played":[0.0,0.0,1.0],"evs":[0.0,5.16687,5.47316]},"Q2s":{"weight":1.0,"played":[1.0,0.0,0.0],"evs":[0.0,-5.33544,-7.12844]},"Q3s":{"weight":1.0,"played":[1.0,0.0,0.0],"evs":[0.0,-5.26061,-6.70517]},"Q4s":{"weight":1.0,"played":[1.0,0.0,0.0],"evs":[0.0,-4.26553,-5.44949]},"Q5s":{"weight":1.0,"played":[1.0,0.0,0.0],"evs":[0.0,-3.74575,-4.90127]},"Q6s":{"weight":1.0,"played":[1.0,0.0,0.0],"evs":[0.0,-3.88758,-5.02929]},"Q7s":{"weight":1.0,"played":[1.0,0.0,0.0],"evs":[0.0,-3.58595,-4.73388]},"Q8s":{"weight":1.0,"played":[0.9969,0.0031,0.0],"evs":[0.0,-2.41862,-3.41634]},"Q9s":{"weight":1.0,"played":[1.0,0.0,0.0],"evs":[0.0,-1.77409,-2.41862]},"QTs":{"weight":1.0,"played":[0.9459,0.0452,0.0089],"evs":[0.0,-0.29587,-0.55299]},"QJs":{"weight":1.0,"played":[0.8015,0.1737,0.0248],"evs":[0.0,0.26954,0.08484]},"QQ":{"weight":1.0,"played":[0.0,0.0,1.0],"evs":[0.0,21.00304,21.30306]},"KQo":{"weight":1.0,"played":[0.9385,9.0E-4,0.0606],"evs":[0.0,-0.11324,0.01215]},"AQo":{"weight":1.0,"played":[0.0,0.0,1.0],"evs":[0.0,7.18257,7.34517]},"K2s":{"weight":1.0,"played":[1.0,0.0,0.0],"evs":[0.0,-5.23309,-6.59195]},"K3s":{"weight":1.0,"played":[1.0,0.0,0.0],"evs":[0.0,-4.35873,-5.43474]},"K4s":{"weight":1.0,"played":[1.0,0.0,0.0],"evs":[0.0,-3.80811,-4.75035]},"K5s":{"weight":1.0,"played":[0.9999,0.0,0.0],"evs":[0.0,-3.77481,-4.87059]},"K6s":{"weight":1.0,"played":[1.0,0.0,0.0],"evs":[0.0,-3.45192,-4.41689]},"K7s":{"weight":1.0,"played":[0.9999,1.0E-4,0.0],"evs":[0.0,-2.62162,-3.2995]},"K8s":{"weight":1.0,"played":[1.0,0.0,0.0],"evs":[0.0,-2.41274,-3.24818]},"K9s":{"weight":1.0,"played":[1.0,0.0,0.0],"evs":[0.0,-2.33341,-2.82194]},"KTs":{"weight":1.0,"played":[0.8771,0.0525,0.0704],"evs":[0.0,-0.17321,-0.15235]},"KJs":{"weight":1.0,"played":[0.2524,0.5434,0.2042],"evs":[0.0,0.91426,0.93633]},"KQs":{"weight":1.0,"played":[4.0E-4,0.0969,0.9027],"evs":[0.0,3.04715,3.12579]},"KK":{"weight":1.0,"played":[0.0,0.0,1.0],"evs":[0.0,25.22643,25.56718]},"AKo":{"weight":1.0,"played":[0.0,0.0,1.0],"evs":[0.0,10.24264,10.39653]},"A2s":{"weight":1.0,"played":[0.9999,0.0,0.0],"evs":[0.0,-4.52804,-5.06426]},"A3s":{"weight":1.0,"played":[0.9999,0.0,0.0],"evs":[0.0,-3.66729,-4.13479]},"A4s":{"weight":1.0,"played":[0.9998,1.0E-4,1.0E-4],"evs":[0.0,-3.18955,-3.56156]},"A5s":{"weight":1.0,"played":[0.9998,1.0E-4,1.0E-4],"evs":[0.0,-2.58007,-3.00085]},"A6s":{"weight":1.0,"played":[1.0,0.0,0.0],"evs":[0.0,-3.09981,-3.3962]},"A7s":{"weight":1.0,"played":[0.9996,2.0E-4,2.0E-4],"evs":[0.0,-1.35911,-1.29359]},"A8s":{"weight":1.0,"played":[0.7221,0.0143,0.2636],"evs":[0.0,-0.8756,-0.85678]},"A9s":{"weight":1.0,"played":[0.0541,0.0086,0.9374],"evs":[0.0,1.5687,1.72142]},"ATs":{"weight":1.0,"played":[0.0,0.0013,0.9987],"evs":[0.0,5.37182,5.63946]},"AJs":{"weight":1.0,"played":[0.0,0.0,1.0],"evs":[0.0,7.67824,7.95035]},"AQs":{"weight":1.0,"played":[0.0,0.0,1.0],"evs":[0.0,9.74591,9.91095]},"AKs":{"weight":1.0,"played":[0.0,3.0E-4,0.9997],"evs":[0.0,12.43639,12.5824]},"AA":{"weight":1.0,"played":[0.0,0.0,1.0],"evs":[0.0,34.41611,34.78971]}}}