{"player":2,"street":0,"children":2,"sequence":[{"player":0,"type":"R","amount":935000,"street":0},{"player":1,"type":"F","amount":0,"street":0},{"player":2,"type":"C","amount":885000,"street":0},{"player":3,"type":"R","amount":2295000,"street":0}],"actions":[{"type":"F","amount":0},{"type":"C","amount":1360000}],"hands":{"22":{"weight":0.0228,"played":[0.0,1.0],"evs":[0.0,9.79426]},"32o":{"weight":0.0,"played":[6.0E-4,0.9994],"evs":[0.0,0.46804]},"42o":{"weight":0.0,"played":[0.0,1.0],"evs":[0.0,0.98265]},"52o":{"weight":0.0,"played":[0.0,1.0],"evs":[0.0,1.8155]},"62o":{"weight":0.0,"played":[5.0E-4,0.9995],"evs":[0.0,1.22298]},"72o":{"weight":0.0,"played":[0.0,1.0],"evs":[0.0,0.11797]},"82o":{"weight":0.0,"played":[0.0,1.0],"evs":[0.0,0.98276]},"92o":{"weight":0.0,"played":[0.0,1.0],"evs":[0.0,1.04753]},"T2o":{"weight":0.0,"played":[0.0012,0.9988],"evs":[0.0,1.44879]},"J2o":{"weight":0.0,"played":[0.0,1.0],"evs":[0.0,1.81439]},"Q2o":{"weight":0.0,"played":[0.0,1.0],"evs":[0.0,1.98727]},"K2o":{"weight":0.0,"played":[0.0,1.0],"evs":[0.0,2.95172]},"A2o":{"weight":0.0,"played":[0.0,1.0],"evs":[0.0,3.36819]},"32s":{"weight":0.0,"played":[0.0,1.0],"evs":[0.0,3.66874]},"33":{"weight":0.0738,"played":[0.0,1.0],"evs":[0.0,10.3852]},"43o":{"weight":0.0,"played":[0.0,1.0],"evs":[0.0,2.39492]},"53o":{"weight":0.0,"played":[0.0,1.0],"evs":[0.0,3.01727]},"63o":{"weight":0.0,"played":[0.0,1.0],"evs":[0.0,2.58893]},"73o":{"weight":0.0,"played":[0.0,1.0],"evs":[0.0,1.72592]},"83o":{"weight":0.0,"played":[0.0,1.0],"evs":[0.0,1.07873]},"93o":{"weight":0.0,"played":[0.0,1.0],"evs":[0.0,1.32088]},"T3o":{"weight":0.0,"played":[0.0,1.0],"evs":[0.0,1.76996]},"J3o":{"weight":0.0,"played":[0.0,1.0],"evs":[0.0,2.23513]},"Q3o":{"weight":0.0,"played":[0.0,1.0],"evs":[0.0,2.33725]},"K3o":{"weight":0.0,"played":[0.0,1.0],"evs":[0.0,2.81253]},"A3o":{"weight":0.0,"played":[0.0,1.0],"evs":[0.0,4.11215]},"42s":{"weight":0.0,"played":[0.0,1.0],"evs":[0.0,4.60015]},"43s":{"weight":0.0,"played":[0.0,1.0],"evs":[0.0,5.68209]},"44":{"weight":3.0E-4,"played":[0.0,1.0],"evs":[0.0,11.90972]},"54o":{"weight":0.0,"played":[0.0,1.0],"evs":[0.0,4.34918]},"64o":{"weight":0.0,"played":[0.0,1.0],"evs":[0.0,4.05913]},"74o":{"weight":0.0,"played":[0.0,1.0],"evs":[0.0,3.18673]},"84o":{"weight":0.0,"played":[0.0,1.0],"evs":[0.0,2.55149]},"94o":{"weight":0.0,"played":[0.0,1.0],"evs":[0.0,1.25981]},"T4o":{"weight":0.0,"played":[0.0,1.0],"evs":[0.0,1.83835]},"J4o":{"weight":0.0,"played":[0.0,1.0],"evs":[0.0,2.41604]},"Q4o":{"weight":0.0,"played":[0.0,1.0],"evs":[0.0,2.82506]},"K4o":{"weight":0.0,"played":[0.0,1.0],"evs":[0.0,3.47318]},"A4o":{"weight":0.2847,"played":[0.0,1.0],"evs":[0.0,4.7317]},"52s":{"weight":0.0,"played":[0.0,1.0],"evs":[0.0,4.978]},"53s":{"weight":0.0,"played":[0.0,1.0],"evs":[0.0,6.4548]},"54s":{"weight":0.0,"played":[0.0,1.0],"evs":[0.0,7.12564]},"55":{"weight":0.0022,"played":[0.0,1.0],"evs":[0.0,13.5682]},"65o":{"weight":0.0,"played":[0.0,1.0],"evs":[0.0,5.78131]},"75o":{"weight":0.0,"played":[0.0,1.0],"evs":[0.0,4.91528]},"85o":{"weight":0.0,"played":[0.0,1.0],"evs":[0.0,4.15141]},"95o":{"weight":0.0,"played":[0.0,1.0],"evs":[0.0,3.27633]},"T5o":{"weight":0.0,"played":[0.0,1.0],"evs":[0.0,2.32324]},"J5o":{"weight":0.0,"played":[0.0,1.0],"evs":[0.0,3.27948]},"Q5o":{"weight":0.0,"played":[0.0,1.0],"evs":[0.0,3.61046]},"K5o":{"weight":0.0,"played":[0.0,1.0],"evs":[0.0,4.18917]},"A5o":{"weight":0.0016,"played":[0.0,1.0],"evs":[0.0,5.48158]},"62s":{"weight":0.0,"played":[0.0,1.0],"evs":[0.0,4.70176]},"63s":{"weight":0.0,"played":[0.0,1.0],"evs":[0.0,5.9082]},"64s":{"weight":0.0,"played":[0.0,1.0],"evs":[0.0,7.40329]},"65s":{"weight":0.0,"played":[0.0,1.0],"evs":[0.0,9.15911]},"66":{"weight":2.0E-4,"played":[0.0,1.0],"evs":[0.0,16.26031]},"76o":{"weight":0.0,"played":[0.0,1.0],"evs":[0.0,5.84187]},"86o":{"weight":0.0,"played":[0.0,1.0],"evs":[0.0,5.51742]},"96o":{"weight":0.0,"played":[0.0,1.0],"evs":[0.0,4.85373]},"T6o":{"weight":0.0,"played":[0.0,1.0],"evs":[0.0,4.07671]},"J6o":{"weight":0.0,"played":[0.0,1.0],"evs":[0.0,3.56646]},"Q6o":{"weight":0.0,"played":[0.0,1.0],"evs":[0.0,4.24739]},"K6o":{"weight":0.0,"played":[0.0,1.0],"evs":[0.0,4.76615]},"A6o":{"weight":0.0615,"played":[0.0,1.0],"evs":[0.0,4.44497]},"72s":{"weight":0.0,"played":[0.0,1.0],"evs":[0.0,4.01331]},"73s":{"weight":0.0,"played":[0.0,1.0],"evs":[0.0,4.88167]},"74s":{"weight":0.0,"played":[0.0,1.0],"evs":[0.0,6.26299]},"75s":{"weight":0.0,"played":[0.0,1.0],"evs":[0.0,7.91325]},"76s":{"weight":0.0014,"played":[0.0,1.0],"evs":[0.0,9.20026]},"77":{"weight":0.0017,"played":[0.0,1.0],"evs":[0.0,17.82316]},"87o":{"weight":0.0,"played":[0.0,1.0],"evs":[0.0,6.73193]},"97o":{"weight":0.0,"played":[0.0,1.0],"evs":[0.0,5.66047]},"T7o":{"weight":0.0,"played":[0.0,1.0],"evs":[0.0,5.32474]},"J7o":{"weight":0.0,"played":[0.0,1.0],"evs":[0.0,4.70244]},"Q7o":{"weight":0.0,"played":[0.0,1.0],"evs":[0.0,4.36079]},"K7o":{"weight":0.0,"played":[0.0,1.0],"evs":[0.0,5.08503]},"A7o":{"weight":0.2834,"played":[0.0,1.0],"evs":[0.0,5.82111]},"82s":{"weight":0.0,"played":[0.0,1.0],"evs":[0.0,4.61693]},"83s":{"weight":0.0,"played":[0.0,1.0],"evs":[0.0,4.38972]},"84s":{"weight":0.0,"played":[0.0,1.0],"evs":[0.0,6.21512]},"85s":{"weight":0.0,"played":[0.0,1.0],"evs":[0.0,6.70602]},"86s":{"weight":5.0E-4,"played":[0.0,1.0],"evs":[0.0,8.86435]},"87s":{"weight":0.6969,"played":[0.0,1.0],"evs":[0.0,10.22444]},"88":{"weight":9.0E-4,"played":[0.0,1.0],"evs":[0.0,20.24884]},"98o":{"weight":0.0,"played":[0.0,1.0],"evs":[0.0,6.82252]},"T8o":{"weight":0.0,"played":[0.0,1.0],"evs":[0.0,6.80137]},"J8o":{"weight":0.0,"played":[0.0,1.0],"evs":[0.0,6.09918]},"Q8o":{"weight":0.0,"played":[0.0,1.0],"evs":[0.0,5.1477]},"K8o":{"weight":0.0,"played":[0.0,1.0],"evs":[0.0,5.46293]},"A8o":{"weight":0.1041,"played":[0.0,1.0],"evs":[0.0,6.62394]},"92s":{"weight":0.0,"played":[0.0,1.0],"evs":[0.0,4.2922]},"93s":{"weight":0.0,"played":[0.0,1.0],"evs":[0.0,5.17845]},"94s":{"weight":0.0,"played":[0.0,1.0],"evs":[0.0,4.8437]},"95s":{"weight":0.0,"played":[0.0,1.0],"evs":[0.0,6.4085]},"96s":{"weight":0.0,"played":[0.0,1.0],"evs":[0.0,7.39459]},"97s":{"weight":0.2291,"played":[0.0,1.0],"evs":[0.0,9.50877]},"98s":{"weight":0.3751,"played":[0.0,1.0],"evs":[0.0,10.07721]},"99":{"weight":0.0013,"played":[0.0,1.0],"evs":[0.0,22.31824]},"T9o":{"weight":0.0,"played":[0.0,1.0],"evs":[0.0,7.56038]},"J9o":{"weight":0.0,"played":[0.0,1.0],"evs":[0.0,6.82459]},"Q9o":{"weight":0.0,"played":[0.0,1.0],"evs":[0.0,6.0098]},"K9o":{"weight":0.0,"played":[0.0,1.0],"evs":[0.0,6.02058]},"A9o":{"weight":0.0439,"played":[0.0,1.0],"evs":[0.0,7.86086]},"T2s":{"weight":0.0,"played":[0.0,1.0],"evs":[0.0,5.07175]},"T3s":{"weight":0.0,"played":[0.0,1.0],"evs":[0.0,5.24362]},"T4s":{"weight":0.0,"played":[0.0,1.0],"evs":[0.0,5.5203]},"T5s":{"weight":0.0,"played":[0.0,1.0],"evs":[0.0,5.49912]},"T6s":{"weight":0.0,"played":[0.0,1.0],"evs":[0.0,7.2744]},"T7s":{"weight":5.0E-4,"played":[0.0,1.0],"evs":[0.0,8.76115]},"T8s":{"weight":0.3193,"played":[0.0,1.0],"evs":[0.0,9.92776]},"T9s":{"weight":0.4274,"played":[0.0,1.0],"evs":[0.0,10.65635]},"TT":{"weight":0.0109,"played":[0.0,1.0],"evs":[0.0,26.94526]},"JTo":{"weight":0.0,"played":[0.0,1.0],"evs":[0.0,8.57242]},"QTo":{"weight":0.0062,"played":[0.0,1.0],"evs":[0.0,7.82536]},"KTo":{"weight":0.0,"played":[0.0,1.0],"evs":[0.0,8.04404]},"ATo":{"weight":0.1883,"played":[0.0,1.0],"evs":[0.0,12.142]},"J2s":{"weight":0.0,"played":[0.0,1.0],"evs":[0.0,5.29269]},"J3s":{"weight":0.0,"played":[0.0,1.0],"evs":[0.0,5.25872]},"J4s":{"weight":0.0,"played":[0.0,1.0],"evs":[0.0,5.88261]},"J5s":{"weight":0.0,"played":[0.0,1.0],"evs":[0.0,6.5497]},"J6s":{"weight":0.0,"played":[0.0,1.0],"evs":[0.0,6.64213]},"J7s":{"weight":0.0,"played":[0.0,1.0],"evs":[0.0,8.43467]},"J8s":{"weight":0.0571,"played":[0.0,1.0],"evs":[0.0,9.23605]},"J9s":{"weight":0.7264,"played":[0.0,1.0],"evs":[0.0,10.2773]},"JTs":{"weight":0.1074,"played":[0.0,1.0],"evs":[0.0,11.49489]},"JJ":{"weight":0.1241,"played":[0.0,1.0],"evs":[0.0,30.70224]},"QJo":{"weight":0.1146,"played":[0.0,1.0],"evs":[0.0,8.94809]},"KJo":{"weight":0.1043,"played":[0.0,1.0],"evs":[0.0,9.54668]},"AJo":{"weight":1.0E-4,"played":[0.0,1.0],"evs":[0.0,15.36032]},"Q2s":{"weight":0.0,"played":[0.0,1.0],"evs":[0.0,5.79097]},"Q3s":{"weight":0.0,"played":[0.0,1.0],"evs":[0.0,5.62103]},"Q4s":{"weight":0.0,"played":[0.0,1.0],"evs":[0.0,6.28491]},"Q5s":{"weight":0.0,"played":[0.0,1.0],"evs":[0.0,7.17617]},"Q6s":{"weight":0.0,"played":[0.0,1.0],"evs":[0.0,7.50512]},"Q7s":{"weight":0.0,"played":[0.0,1.0],"evs":[0.0,7.36776]},"Q8s":{"weight":4.0E-4,"played":[0.0,1.0],"evs":[0.0,8.28883]},"Q9s":{"weight":0.5143,"played":[0.0,1.0],"evs":[0.0,9.32484]},"QTs":{"weight":0.6286,"played":[0.0,1.0],"evs":[0.0,11.13875]},"QJs":{"weight":0.5407,"played":[0.0,1.0],"evs":[0.0,12.23967]},"QQ":{"weight":0.1875,"played":[0.0,1.0],"evs":[0.0,35.39218]},"KQo":{"weight":0.2748,"played":[0.0,1.0],"evs":[0.0,11.25532]},"AQo":{"weight":0.0257,"played":[0.0,1.0],"evs":[0.0,19.15432]},"K2s":{"weight":0.0,"played":[0.0,1.0],"evs":[0.0,5.81909]},"K3s":{"weight":0.0,"played":[0.0,1.0],"evs":[0.0,6.92756]},"K4s":{"weight":0.0,"played":[0.0,1.0],"evs":[0.0,6.93525]},"K5s":{"weight":0.0,"played":[0.0,1.0],"evs":[0.0,7.49564]},"K6s":{"weight":0.0034,"played":[0.0,1.0],"evs":[0.0,7.95727]},"K7s":{"weight":0.0104,"played":[0.0,1.0],"evs":[0.0,8.50267]},"K8s":{"weight":0.0012,"played":[0.0,1.0],"evs":[0.0,8.66305]},"K9s":{"weight":0.0059,"played":[0.0,1.0],"evs":[0.0,9.82751]},"KTs":{"weight":0.1072,"played":[0.0,1.0],"evs":[0.0,11.30796]},"KJs":{"weight":0.2654,"played":[0.0,1.0],"evs":[0.0,12.45467]},"KQs":{"weight":0.2152,"played":[0.0,1.0],"evs":[0.0,14.7456]},"KK":{"weight":0.4863,"played":[0.0,1.0],"evs":[0.0,40.85669]},"AKo":{"weight":0.1121,"played":[0.0,1.0],"evs":[0.0,23.75163]},"A2s":{"weight":0.5085,"played":[0.0,1.0],"evs":[0.0,7.03461]},"A3s":{"weight":0.1163,"played":[0.0,1.0],"evs":[0.0,7.33406]},"A4s":{"weight":0.3645,"played":[0.0,1.0],"evs":[0.0,7.98477]},"A5s":{"weight":0.1848,"played":[0.0,1.0],"evs":[0.0,8.8629]},"A6s":{"weight":0.3703,"played":[0.0,1.0],"evs":[0.0,8.21211]},"A7s":{"weight":0.5262,"played":[0.0,1.0],"evs":[0.0,9.19583]},"A8s":{"weight":0.0461,"played":[0.0,1.0],"evs":[0.0,9.40958]},"A9s":{"weight":0.0035,"played":[0.0,1.0],"evs":[0.0,11.3012]},"ATs":{"weight":0.5816,"played":[0.0,1.0],"evs":[0.0,14.97268]},"AJs":{"weight":0.6021,"played":[0.0,1.0],"evs":[0.0,18.08109]},"AQs":{"weight":0.0226,"played":[0.0,1.0],"evs":[0.0,21.71195]},"AKs":{"weight":0.1634,"played":[0.0,1.0],"evs":[0.0,25.34423]},"AA":{"weight":0.5323,"played":[0.0,1.0],"evs":[0.0,50.70179]}}}