{"player":1,"street":0,"children":2,"sequence":[{"player":0,"type":"R","amount":935000,"street":0},{"player":1,"type":"C","amount":935000,"street":0},{"player":2,"type":"C","amount":885000,"street":0},{"player":3,"type":"R","amount":2295000,"street":0}],"actions":[{"type":"F","amount":0},{"type":"C","amount":400000,"node":36}],"hands":{"22":{"weight":0.0963,"played":[0.0,1.0],"evs":[0.0,10.31596]},"32o":{"weight":0.0,"played":[0.0,1.0],"evs":[0.0,5.80253]},"42o":{"weight":0.0,"played":[0.0,1.0],"evs":[0.0,6.03762]},"52o":{"weight":0.0,"played":[0.0,1.0],"evs":[0.0,6.45183]},"62o":{"weight":0.0,"played":[0.0,1.0],"evs":[0.0,5.5245]},"72o":{"weight":0.0,"played":[0.0,1.0],"evs":[0.0,4.9056]},"82o":{"weight":0.0,"played":[0.0,1.0],"evs":[0.0,4.59169]},"92o":{"weight":0.0,"played":[0.0,1.0],"evs":[0.0,4.45968]},"T2o":{"weight":0.0,"played":[0.0,1.0],"evs":[0.0,4.92847]},"J2o":{"weight":0.0,"played":[0.0,1.0],"evs":[0.0,4.99558]},"Q2o":{"weight":0.0,"played":[0.0,1.0],"evs":[0.0,5.7321]},"K2o":{"weight":0.0,"played":[0.0,1.0],"evs":[0.0,6.12029]},"A2o":{"weight":0.0,"played":[0.0,1.0],"evs":[0.0,6.42727]},"32s":{"weight":0.0,"played":[0.0,1.0],"evs":[0.0,7.98198]},"33":{"weight":0.0021,"played":[0.0,1.0],"evs":[0.0,10.50894]},"43o":{"weight":0.0,"played":[0.0,1.0],"evs":[0.0,6.77852]},"53o":{"weight":0.0,"played":[0.0,1.0],"evs":[0.0,8.38554]},"63o":{"weight":0.0,"played":[0.0,1.0],"evs":[0.0,6.7273]},"73o":{"weight":0.0,"played":[0.0,1.0],"evs":[0.0,5.87698]},"83o":{"weight":0.0,"played":[0.0,1.0],"evs":[0.0,5.37231]},"93o":{"weight":0.0,"played":[0.0,1.0],"evs":[0.0,4.07119]},"T3o":{"weight":0.0,"played":[2.0E-4,0.9998],"evs":[0.0,5.28227]},"J3o":{"weight":0.0,"played":[0.0,1.0],"evs":[0.0,5.71417]},"Q3o":{"weight":0.0,"played":[0.0,1.0],"evs":[0.0,6.17528]},"K3o":{"weight":0.0,"played":[0.0,1.0],"evs":[0.0,6.64097]},"A3o":{"weight":0.0,"played":[0.0,1.0],"evs":[0.0,5.95655]},"42s":{"weight":0.0,"played":[0.0,1.0],"evs":[0.0,9.52376]},"43s":{"weight":0.0,"played":[0.0,1.0],"evs":[0.0,9.70813]},"44":{"weight":0.0057,"played":[0.0,1.0],"evs":[0.0,10.59783]},"54o":{"weight":0.0,"played":[0.0,1.0],"evs":[0.0,8.8708]},"64o":{"weight":0.0,"played":[0.0,1.0],"evs":[0.0,8.16675]},"74o":{"weight":0.0,"played":[0.0,1.0],"evs":[0.0,7.07143]},"84o":{"weight":0.0,"played":[0.0,1.0],"evs":[0.0,6.53854]},"94o":{"weight":0.0,"played":[0.0,1.0],"evs":[0.0,5.21838]},"T4o":{"weight":0.0,"played":[0.0,1.0],"evs":[0.0,5.36358]},"J4o":{"weight":0.0,"played":[0.0,1.0],"evs":[0.0,6.33728]},"Q4o":{"weight":0.0,"played":[0.0,1.0],"evs":[0.0,5.75288]},"K4o":{"weight":0.0,"played":[0.0,1.0],"evs":[0.0,6.33257]},"A4o":{"weight":0.0,"played":[0.0,1.0],"evs":[0.0,6.16744]},"52s":{"weight":0.0,"played":[0.0,1.0],"evs":[0.0,9.66957]},"53s":{"weight":0.0,"played":[0.0,1.0],"evs":[0.0,9.98479]},"54s":{"weight":0.0,"played":[0.0,1.0],"evs":[0.0,10.25638]},"55":{"weight":0.0097,"played":[0.0,1.0],"evs":[0.0,12.86058]},"65o":{"weight":0.0,"played":[0.0,1.0],"evs":[0.0,9.14173]},"75o":{"weight":0.0,"played":[0.0,1.0],"evs":[0.0,8.65868]},"85o":{"weight":0.0,"played":[0.0,1.0],"evs":[0.0,7.11035]},"95o":{"weight":0.0,"played":[0.0,1.0],"evs":[0.0,5.80854]},"T5o":{"weight":0.0,"played":[0.0,1.0],"evs":[0.0,5.54382]},"J5o":{"weight":0.0,"played":[0.0,1.0],"evs":[0.0,6.24759]},"Q5o":{"weight":0.0,"played":[0.0,1.0],"evs":[0.0,6.85271]},"K5o":{"weight":0.0,"played":[0.0,1.0],"evs":[0.0,7.19728]},"A5o":{"weight":0.0,"played":[0.0,1.0],"evs":[0.0,7.17894]},"62s":{"weight":0.0,"played":[1.0E-4,0.9999],"evs":[0.0,8.71528]},"63s":{"weight":0.0,"played":[0.0,1.0],"evs":[0.0,9.11526]},"64s":{"weight":0.0,"played":[0.0,1.0],"evs":[0.0,10.68612]},"65s":{"weight":0.0,"played":[1.0E-4,0.9999],"evs":[0.0,11.75134]},"66":{"weight":0.192,"played":[0.0,1.0],"evs":[0.0,13.50017]},"76o":{"weight":0.0,"played":[0.0,1.0],"evs":[0.0,9.13165]},"86o":{"weight":0.0,"played":[0.0,1.0],"evs":[0.0,8.6169]},"96o":{"weight":0.0,"played":[0.0,1.0],"evs":[0.0,7.98483]},"T6o":{"weight":0.0,"played":[0.0,1.0],"evs":[0.0,6.1905]},"J6o":{"weight":0.0,"played":[0.0,1.0],"evs":[0.0,6.4815]},"Q6o":{"weight":0.0,"played":[0.0,1.0],"evs":[0.0,6.41318]},"K6o":{"weight":0.0,"played":[0.0,1.0],"evs":[0.0,7.30125]},"A6o":{"weight":0.0,"played":[0.0,1.0],"evs":[0.0,5.96597]},"72s":{"weight":0.0,"played":[1.0E-4,0.9999],"evs":[0.0,8.15064]},"73s":{"weight":0.0,"played":[0.0,1.0],"evs":[0.0,8.6224]},"74s":{"weight":0.0,"played":[0.0,1.0],"evs":[0.0,9.74918]},"75s":{"weight":0.0,"played":[0.0,1.0],"evs":[0.0,9.72386]},"76s":{"weight":0.0,"played":[1.0E-4,0.9999],"evs":[0.0,11.90418]},"77":{"weight":1.0E-4,"played":[0.0,1.0],"evs":[0.0,14.07695]},"87o":{"weight":0.0,"played":[0.0,1.0],"evs":[0.0,8.94121]},"97o":{"weight":0.0,"played":[0.0,1.0],"evs":[0.0,7.34966]},"T7o":{"weight":0.0,"played":[0.0,1.0],"evs":[0.0,7.69954]},"J7o":{"weight":0.0,"played":[0.0,1.0],"evs":[0.0,8.02163]},"Q7o":{"weight":0.0,"played":[0.0,1.0],"evs":[0.0,7.25958]},"K7o":{"weight":0.0,"played":[0.0,1.0],"evs":[0.0,7.63769]},"A7o":{"weight":0.0978,"played":[0.0,1.0],"evs":[0.0,7.50162]},"82s":{"weight":0.0,"played":[0.0,1.0],"evs":[0.0,8.57183]},"83s":{"weight":0.0,"played":[0.0,1.0],"evs":[0.0,8.4877]},"84s":{"weight":0.0,"played":[0.0,1.0],"evs":[0.0,9.94445]},"85s":{"weight":0.0,"played":[0.0,1.0],"evs":[0.0,10.01586]},"86s":{"weight":0.0,"played":[0.0,1.0],"evs":[0.0,11.30566]},"87s":{"weight":0.0,"played":[0.0,1.0],"evs":[0.0,11.42439]},"88":{"weight":0.0253,"played":[0.0,1.0],"evs":[0.0,16.41406]},"98o":{"weight":0.0,"played":[0.0,1.0],"evs":[0.0,8.90102]},"T8o":{"weight":0.0,"played":[0.0,1.0],"evs":[0.0,8.32145]},"J8o":{"weight":0.0,"played":[0.0,1.0],"evs":[0.0,7.81219]},"Q8o":{"weight":0.0,"played":[0.0,1.0],"evs":[0.0,7.30424]},"K8o":{"weight":0.0,"played":[0.0,1.0],"evs":[0.0,8.04928]},"A8o":{"weight":0.0257,"played":[0.0,1.0],"evs":[0.0,7.12946]},"92s":{"weight":0.0,"played":[3.0E-4,0.9997],"evs":[0.0,6.16373]},"93s":{"weight":0.0,"played":[0.0,1.0],"evs":[0.0,7.5774]},"94s":{"weight":0.0,"played":[0.0,1.0],"evs":[0.0,7.83622]},"95s":{"weight":0.0,"played":[0.0,1.0],"evs":[0.0,8.9725]},"96s":{"weight":0.0,"played":[0.0,1.0],"evs":[0.0,9.8538]},"97s":{"weight":0.0,"played":[0.0,1.0],"evs":[0.0,10.05188]},"98s":{"weight":0.0,"played":[0.0,1.0],"evs":[0.0,11.75717]},"99":{"weight":2.0E-4,"played":[0.0,1.0],"evs":[0.0,17.29577]},"T9o":{"weight":0.0,"played":[0.0,1.0],"evs":[0.0,8.8471]},"J9o":{"weight":0.0,"played":[0.0,1.0],"evs":[0.0,7.60671]},"Q9o":{"weight":0.0,"played":[0.0,1.0],"evs":[0.0,7.36751]},"K9o":{"weight":0.0,"played":[0.0,1.0],"evs":[0.0,7.9872]},"A9o":{"weight":0.0209,"played":[0.0,1.0],"evs":[0.0,8.88493]},"T2s":{"weight":0.0,"played":[0.0,1.0],"evs":[0.0,7.13986]},"T3s":{"weight":0.0,"played":[0.0,1.0],"evs":[0.0,7.20557]},"T4s":{"weight":0.0,"played":[0.0,1.0],"evs":[0.0,8.32183]},"T5s":{"weight":0.0,"played":[0.0,1.0],"evs":[0.0,7.92304]},"T6s":{"weight":0.0,"played":[0.0,1.0],"evs":[0.0,8.98262]},"T7s":{"weight":0.0,"played":[0.0,1.0],"evs":[0.0,9.93743]},"T8s":{"weight":0.0,"played":[0.0,1.0],"evs":[0.0,11.21085]},"T9s":{"weight":0.0753,"played":[0.0,1.0],"evs":[0.0,11.20656]},"TT":{"weight":0.0126,"played":[0.0,1.0],"evs":[0.0,20.75835]},"JTo":{"weight":0.0,"played":[0.0,1.0],"evs":[0.0,9.64716]},"QTo":{"weight":0.0,"played":[0.0,1.0],"evs":[0.0,10.00944]},"KTo":{"weight":0.0611,"played":[0.0,1.0],"evs":[0.0,9.7354]},"ATo":{"weight":0.0015,"played":[0.0,1.0],"evs":[0.0,10.98436]},"J2s":{"weight":0.0,"played":[0.0,1.0],"evs":[0.0,8.47135]},"J3s":{"weight":0.0,"played":[0.0,1.0],"evs":[0.0,9.25018]},"J4s":{"weight":0.0,"played":[0.0,1.0],"evs":[0.0,8.53242]},"J5s":{"weight":0.0,"played":[1.0E-4,0.9999],"evs":[0.0,7.99008]},"J6s":{"weight":0.0,"played":[0.0,1.0],"evs":[0.0,8.57117]},"J7s":{"weight":0.0,"played":[0.0,1.0],"evs":[0.0,8.75143]},"J8s":{"weight":0.0,"played":[0.0,1.0],"evs":[0.0,11.9325]},"J9s":{"weight":0.003,"played":[0.0,1.0],"evs":[0.0,11.31226]},"JTs":{"weight":0.0149,"played":[0.0,1.0],"evs":[0.0,12.94119]},"JJ":{"weight":0.0212,"played":[0.0,1.0],"evs":[0.0,22.54073]},"QJo":{"weight":0.004,"played":[0.0,1.0],"evs":[0.0,9.65809]},"KJo":{"weight":0.0037,"played":[0.0,1.0],"evs":[0.0,10.451]},"AJo":{"weight":0.0495,"played":[0.0,1.0],"evs":[0.0,12.11024]},"Q2s":{"weight":0.0,"played":[1.0E-4,0.9999],"evs":[0.0,8.69535]},"Q3s":{"weight":0.0,"played":[4.0E-4,0.9996],"evs":[0.0,8.56606]},"Q4s":{"weight":0.0,"played":[0.0,1.0],"evs":[0.0,9.2701]},"Q5s":{"weight":0.0,"played":[0.0,1.0],"evs":[0.0,9.29404]},"Q6s":{"weight":0.0,"played":[0.0,1.0],"evs":[0.0,9.23468]},"Q7s":{"weight":0.0,"played":[0.0,1.0],"evs":[0.0,9.8782]},"Q8s":{"weight":0.0,"played":[0.0,1.0],"evs":[0.0,10.27121]},"Q9s":{"weight":0.0162,"played":[0.0,1.0],"evs":[0.0,11.00842]},"QTs":{"weight":0.0653,"played":[0.0,1.0],"evs":[0.0,10.90024]},"QJs":{"weight":0.1831,"played":[0.0,1.0],"evs":[0.0,14.80799]},"QQ":{"weight":0.0662,"played":[0.0,1.0],"evs":[0.0,27.69049]},"KQo":{"weight":0.022,"played":[0.0,1.0],"evs":[0.0,12.27401]},"AQo":{"weight":0.0309,"played":[0.0,1.0],"evs":[0.0,15.08202]},"K2s":{"weight":0.0,"played":[0.0,1.0],"evs":[0.0,8.6831]},"K3s":{"weight":0.0,"played":[0.0,1.0],"evs":[0.0,8.93855]},"K4s":{"weight":0.0,"played":[0.0,1.0],"evs":[0.0,10.37779]},"K5s":{"weight":0.0,"played":[0.0,1.0],"evs":[0.0,8.57786]},"K6s":{"weight":0.0,"played":[0.0,1.0],"evs":[0.0,9.17422]},"K7s":{"weight":1.0E-4,"played":[0.0,1.0],"evs":[0.0,10.53603]},"K8s":{"weight":2.0E-4,"played":[0.0,1.0],"evs":[0.0,11.22003]},"K9s":{"weight":0.0814,"played":[0.0,1.0],"evs":[0.0,11.42612]},"KTs":{"weight":0.0276,"played":[0.0,1.0],"evs":[0.0,11.49312]},"KJs":{"weight":0.0714,"played":[0.0,1.0],"evs":[0.0,12.72526]},"KQs":{"weight":0.284,"played":[0.0,1.0],"evs":[0.0,14.21892]},"KK":{"weight":0.0694,"played":[0.0,1.0],"evs":[0.0,34.96039]},"AKo":{"weight":0.1185,"played":[0.0,1.0],"evs":[0.0,16.60018]},"A2s":{"weight":0.005,"played":[0.0,1.0],"evs":[0.0,9.70655]},"A3s":{"weight":0.5891,"played":[0.0,1.0],"evs":[0.0,9.93408]},"A4s":{"weight":6.0E-4,"played":[0.0,1.0],"evs":[0.0,10.57339]},"A5s":{"weight":0.4529,"played":[0.0,1.0],"evs":[0.0,9.98726]},"A6s":{"weight":0.0018,"played":[0.0,1.0],"evs":[0.0,9.18874]},"A7s":{"weight":0.0095,"played":[0.0,1.0],"evs":[0.0,10.12781]},"A8s":{"weight":0.1329,"played":[0.0,1.0],"evs":[0.0,9.71905]},"A9s":{"weight":0.4113,"played":[0.0,1.0],"evs":[0.0,10.4865]},"ATs":{"weight":0.0086,"played":[0.0,1.0],"evs":[0.0,11.14598]},"AJs":{"weight":0.0729,"played":[0.0,1.0],"evs":[0.0,13.7732]},"AQs":{"weight":0.005,"played":[0.0,1.0],"evs":[0.0,17.87453]},"AKs":{"weight":0.035,"played":[0.0,1.0],"evs":[0.0,19.80408]},"AA":{"weight":0.2918,"played":[0.0,1.0],"evs":[0.0,39.48048]}}}