{"player":2,"street":0,"children":2,"sequence":[{"player":0,"type":"R","amount":935000,"street":0},{"player":1,"type":"C","amount":935000,"street":0},{"player":2,"type":"C","amount":885000,"street":0},{"player":3,"type":"R","amount":2295000,"street":0},{"player":1,"type":"C","amount":400000,"street":0}],"actions":[{"type":"F","amount":0},{"type":"C","amount":1360000}],"hands":{"22":{"weight":0.0985,"played":[0.0,1.0],"evs":[0.0,9.04551]},"32o":{"weight":0.0,"played":[1.0E-4,0.9999],"evs":[0.0,2.7211]},"42o":{"weight":0.0,"played":[0.0426,0.9574],"evs":[0.0,2.67663]},"52o":{"weight":0.0,"played":[0.0038,0.9962],"evs":[0.0,3.69635]},"62o":{"weight":0.0,"played":[0.0023,0.9977],"evs":[0.0,3.03626]},"72o":{"weight":0.0,"played":[0.4082,0.5918],"evs":[0.0,0.25669]},"82o":{"weight":0.0,"played":[0.008,0.992],"evs":[0.0,1.78573]},"92o":{"weight":0.0,"played":[0.002,0.998],"evs":[0.0,1.1074]},"T2o":{"weight":0.0,"played":[0.1109,0.8891],"evs":[0.0,0.9874]},"J2o":{"weight":0.0,"played":[2.0E-4,0.9998],"evs":[0.0,2.02438]},"Q2o":{"weight":0.0,"played":[0.0048,0.9952],"evs":[0.0,2.00713]},"K2o":{"weight":0.0,"played":[1.0E-4,0.9999],"evs":[0.0,3.04114]},"A2o":{"weight":1.0E-4,"played":[0.0,1.0],"evs":[0.0,5.43465]},"32s":{"weight":0.0,"played":[0.0,1.0],"evs":[0.0,5.53836]},"33":{"weight":0.2429,"played":[0.0,1.0],"evs":[0.0,13.9243]},"43o":{"weight":0.0,"played":[0.0032,0.9968],"evs":[0.0,2.16026]},"53o":{"weight":0.0,"played":[1.0E-4,0.9999],"evs":[0.0,2.9912]},"63o":{"weight":0.0,"played":[0.0,1.0],"evs":[0.0,3.01612]},"73o":{"weight":0.0,"played":[0.0,1.0],"evs":[0.0,3.44355]},"83o":{"weight":0.0,"played":[0.0571,0.9429],"evs":[0.0,0.64081]},"93o":{"weight":0.0,"played":[0.0,1.0],"evs":[0.0,1.1397]},"T3o":{"weight":0.0,"played":[0.0019,0.9981],"evs":[0.0,0.38054]},"J3o":{"weight":0.0,"played":[0.006,0.994],"evs":[0.0,2.52587]},"Q3o":{"weight":0.0,"played":[0.0,1.0],"evs":[0.0,1.4653]},"K3o":{"weight":0.0,"played":[1.0E-4,0.9999],"evs":[0.0,3.68703]},"A3o":{"weight":1.0E-4,"played":[0.0,1.0],"evs":[0.0,2.66142]},"42s":{"weight":0.0,"played":[1.0E-4,0.9999],"evs":[0.0,3.40256]},"43s":{"weight":5.0E-4,"played":[0.0,1.0],"evs":[0.0,7.32846]},"44":{"weight":0.0304,"played":[0.0,1.0],"evs":[0.0,12.77596]},"54o":{"weight":0.0,"played":[0.0,1.0],"evs":[0.0,6.3831]},"64o":{"weight":0.0,"played":[0.0,1.0],"evs":[0.0,6.95222]},"74o":{"weight":0.0,"played":[3.0E-4,0.9997],"evs":[0.0,4.46869]},"84o":{"weight":0.0,"played":[0.0177,0.9823],"evs":[0.0,4.66549]},"94o":{"weight":0.0,"played":[0.1173,0.8827],"evs":[0.0,0.92307]},"T4o":{"weight":0.0,"played":[8.0E-4,0.9992],"evs":[0.0,5.04246]},"J4o":{"weight":0.0,"played":[2.0E-4,0.9998],"evs":[0.0,2.67875]},"Q4o":{"weight":0.0,"played":[0.0,1.0],"evs":[0.0,3.87287]},"K4o":{"weight":0.0,"played":[0.0021,0.9979],"evs":[0.0,3.00528]},"A4o":{"weight":1.0E-4,"played":[0.0,1.0],"evs":[0.0,5.01852]},"52s":{"weight":0.0015,"played":[4.0E-4,0.9996],"evs":[0.0,6.62469]},"53s":{"weight":0.0,"played":[2.0E-4,0.9998],"evs":[0.0,7.59471]},"54s":{"weight":0.0478,"played":[0.0,1.0],"evs":[0.0,9.62804]},"55":{"weight":0.0129,"played":[2.0E-4,0.9998],"evs":[0.0,14.783]},"65o":{"weight":0.0,"played":[8.0E-4,0.9992],"evs":[0.0,6.04547]},"75o":{"weight":0.0,"played":[0.0,1.0],"evs":[0.0,6.30126]},"85o":{"weight":0.0,"played":[0.0,1.0],"evs":[0.0,6.32789]},"95o":{"weight":0.0,"played":[0.0017,0.9983],"evs":[0.0,2.37517]},"T5o":{"weight":0.0,"played":[0.0,1.0],"evs":[0.0,2.24311]},"J5o":{"weight":0.0,"played":[6.0E-4,0.9994],"evs":[0.0,3.09604]},"Q5o":{"weight":0.0,"played":[1.0E-4,0.9999],"evs":[0.0,4.40066]},"K5o":{"weight":0.0,"played":[0.0,1.0],"evs":[0.0,4.58651]},"A5o":{"weight":0.0013,"played":[0.0,1.0],"evs":[0.0,5.20571]},"62s":{"weight":1.0E-4,"played":[7.0E-4,0.9993],"evs":[0.0,8.05813]},"63s":{"weight":9.0E-4,"played":[0.0,1.0],"evs":[0.0,5.31045]},"64s":{"weight":0.1081,"played":[2.0E-4,0.9998],"evs":[0.0,10.08336]},"65s":{"weight":0.2942,"played":[6.0E-4,0.9994],"evs":[0.0,10.82216]},"66":{"weight":0.0162,"played":[0.0,1.0],"evs":[0.0,18.85131]},"76o":{"weight":0.0,"played":[0.0,1.0],"evs":[0.0,7.80476]},"86o":{"weight":0.0,"played":[0.0,1.0],"evs":[0.0,7.80484]},"96o":{"weight":0.0,"played":[1.0E-4,0.9999],"evs":[0.0,6.08405]},"T6o":{"weight":0.0,"played":[0.0,1.0],"evs":[0.0,3.07087]},"J6o":{"weight":0.0,"played":[0.0,1.0],"evs":[0.0,5.30319]},"Q6o":{"weight":0.0,"played":[0.0011,0.9989],"evs":[0.0,4.3813]},"K6o":{"weight":0.0,"played":[2.0E-4,0.9998],"evs":[0.0,6.17936]},"A6o":{"weight":1.0E-4,"played":[1.0E-4,0.9999],"evs":[0.0,4.01654]},"72s":{"weight":0.0,"played":[0.0011,0.9989],"evs":[0.0,4.45566]},"73s":{"weight":0.0,"played":[0.0015,0.9985],"evs":[0.0,5.93166]},"74s":{"weight":2.0E-4,"played":[8.0E-4,0.9992],"evs":[0.0,8.02981]},"75s":{"weight":0.2903,"played":[2.0E-4,0.9998],"evs":[0.0,11.10691]},"76s":{"weight":0.3442,"played":[0.0,1.0],"evs":[0.0,9.67606]},"77":{"weight":0.069,"played":[0.0,1.0],"evs":[0.0,18.77013]},"87o":{"weight":1.0E-4,"played":[0.0,1.0],"evs":[0.0,6.89339]},"97o":{"weight":0.0,"played":[0.0,1.0],"evs":[0.0,5.44327]},"T7o":{"weight":0.0,"played":[0.0,1.0],"evs":[0.0,6.77423]},"J7o":{"weight":0.0,"played":[1.0E-4,0.9999],"evs":[0.0,4.77318]},"Q7o":{"weight":0.0,"played":[0.0,1.0],"evs":[0.0,4.64213]},"K7o":{"weight":1.0E-4,"played":[0.0,1.0],"evs":[0.0,5.81388]},"A7o":{"weight":3.0E-4,"played":[1.0E-4,0.9999],"evs":[0.0,5.68133]},"82s":{"weight":3.0E-4,"played":[0.0,1.0],"evs":[0.0,5.50305]},"83s":{"weight":2.0E-4,"played":[0.0,1.0],"evs":[0.0,6.267]},"84s":{"weight":0.002,"played":[0.0,1.0],"evs":[0.0,10.00532]},"85s":{"weight":1.0E-4,"played":[1.0E-4,0.9999],"evs":[0.0,5.98963]},"86s":{"weight":0.5351,"played":[1.0E-4,0.9999],"evs":[0.0,8.92303]},"87s":{"weight":0.8942,"played":[0.0,1.0],"evs":[0.0,11.69156]},"88":{"weight":0.0123,"played":[0.0,1.0],"evs":[0.0,21.04243]},"98o":{"weight":0.0,"played":[0.0,1.0],"evs":[0.0,9.64197]},"T8o":{"weight":0.0,"played":[1.0E-4,0.9999],"evs":[0.0,8.27405]},"J8o":{"weight":0.0,"played":[0.0,1.0],"evs":[0.0,7.33409]},"Q8o":{"weight":0.0,"played":[0.0,1.0],"evs":[0.0,6.86103]},"K8o":{"weight":0.0,"played":[0.0,1.0],"evs":[0.0,5.50866]},"A8o":{"weight":0.0101,"played":[0.0,1.0],"evs":[0.0,7.50648]},"92s":{"weight":0.0,"played":[0.0174,0.9826],"evs":[0.0,3.59464]},"93s":{"weight":0.0,"played":[0.0022,0.9978],"evs":[0.0,5.62145]},"94s":{"weight":0.0,"played":[0.0085,0.9915],"evs":[0.0,4.20607]},"95s":{"weight":5.0E-4,"played":[0.0,1.0],"evs":[0.0,4.71758]},"96s":{"weight":0.0285,"played":[0.0,1.0],"evs":[0.0,9.60687]},"97s":{"weight":0.7461,"played":[2.0E-4,0.9998],"evs":[0.0,10.34779]},"98s":{"weight":0.1661,"played":[0.0011,0.9989],"evs":[0.0,12.06088]},"99":{"weight":0.1394,"played":[0.0,1.0],"evs":[0.0,24.92566]},"T9o":{"weight":0.0,"played":[0.0,1.0],"evs":[0.0,7.37946]},"J9o":{"weight":6.0E-4,"played":[0.0,1.0],"evs":[0.0,7.72751]},"Q9o":{"weight":1.0E-4,"played":[0.0,1.0],"evs":[0.0,8.82555]},"K9o":{"weight":3.0E-4,"played":[0.0,1.0],"evs":[0.0,5.96083]},"A9o":{"weight":0.6828,"played":[0.0,1.0],"evs":[0.0,7.28861]},"T2s":{"weight":0.0,"played":[0.0,1.0],"evs":[0.0,5.28472]},"T3s":{"weight":0.0,"played":[1.0E-4,0.9999],"evs":[0.0,3.26832]},"T4s":{"weight":0.0,"played":[0.0096,0.9904],"evs":[0.0,8.31548]},"T5s":{"weight":0.0,"played":[3.0E-4,0.9997],"evs":[0.0,7.80823]},"T6s":{"weight":0.0,"played":[7.0E-4,0.9993],"evs":[0.0,7.89341]},"T7s":{"weight":0.0502,"played":[3.0E-4,0.9997],"evs":[0.0,10.5676]},"T8s":{"weight":0.5397,"played":[0.0,1.0],"evs":[0.0,12.04207]},"T9s":{"weight":0.373,"played":[1.0E-4,0.9999],"evs":[0.0,12.91348]},"TT":{"weight":0.1852,"played":[0.0,1.0],"evs":[0.0,28.34792]},"JTo":{"weight":0.043,"played":[0.0,1.0],"evs":[0.0,7.64526]},"QTo":{"weight":0.0613,"played":[0.0,1.0],"evs":[0.0,8.55909]},"KTo":{"weight":0.0143,"played":[3.0E-4,0.9997],"evs":[0.0,7.938]},"ATo":{"weight":0.4551,"played":[0.0,1.0],"evs":[0.0,10.56811]},"J2s":{"weight":2.0E-4,"played":[0.0,1.0],"evs":[0.0,4.48213]},"J3s":{"weight":3.0E-4,"played":[1.0E-4,0.9999],"evs":[0.0,6.36304]},"J4s":{"weight":2.0E-4,"played":[0.0,1.0],"evs":[0.0,5.721]},"J5s":{"weight":0.0,"played":[0.0011,0.9989],"evs":[0.0,5.58196]},"J6s":{"weight":0.0012,"played":[0.0,1.0],"evs":[0.0,6.57588]},"J7s":{"weight":0.0045,"played":[1.0E-4,0.9999],"evs":[0.0,9.1302]},"J8s":{"weight":0.1015,"played":[1.0E-4,0.9999],"evs":[0.0,7.00049]},"J9s":{"weight":0.4503,"played":[0.0017,0.9983],"evs":[0.0,11.54436]},"JTs":{"weight":0.8363,"played":[0.0,1.0],"evs":[0.0,13.04982]},"JJ":{"weight":0.0138,"played":[0.0,1.0],"evs":[0.0,32.95565]},"QJo":{"weight":0.1235,"played":[0.0,1.0],"evs":[0.0,9.63038]},"KJo":{"weight":0.036,"played":[0.0,1.0],"evs":[0.0,11.91897]},"AJo":{"weight":0.0012,"played":[0.0,1.0],"evs":[0.0,14.82272]},"Q2s":{"weight":0.0,"played":[0.0057,0.9943],"evs":[0.0,8.28083]},"Q3s":{"weight":7.0E-4,"played":[0.0,1.0],"evs":[0.0,7.02788]},"Q4s":{"weight":3.0E-4,"played":[1.0E-4,0.9999],"evs":[0.0,7.93814]},"Q5s":{"weight":2.0E-4,"played":[0.0025,0.9975],"evs":[0.0,7.55937]},"Q6s":{"weight":0.0018,"played":[0.0159,0.9841],"evs":[0.0,5.86015]},"Q7s":{"weight":2.0E-4,"played":[7.0E-4,0.9993],"evs":[0.0,4.02144]},"Q8s":{"weight":0.4584,"played":[0.0,1.0],"evs":[0.0,8.4215]},"Q9s":{"weight":0.9037,"played":[0.0,1.0],"evs":[0.0,10.15214]},"QTs":{"weight":0.0043,"played":[0.0,1.0],"evs":[0.0,9.26001]},"QJs":{"weight":0.0721,"played":[1.0E-4,0.9999],"evs":[0.0,13.04411]},"QQ":{"weight":0.7225,"played":[0.0,1.0],"evs":[0.0,37.83318]},"KQo":{"weight":0.0104,"played":[0.0,1.0],"evs":[0.0,12.35762]},"AQo":{"weight":0.1581,"played":[0.0,1.0],"evs":[0.0,16.8827]},"K2s":{"weight":0.0,"played":[4.0E-4,0.9996],"evs":[0.0,6.09701]},"K3s":{"weight":0.0136,"played":[0.0,1.0],"evs":[0.0,5.83209]},"K4s":{"weight":0.0011,"played":[0.0,1.0],"evs":[0.0,9.42655]},"K5s":{"weight":0.0723,"played":[0.0013,0.9987],"evs":[0.0,10.75521]},"K6s":{"weight":0.0797,"played":[0.0,1.0],"evs":[0.0,8.0361]},"K7s":{"weight":0.0904,"played":[1.0E-4,0.9999],"evs":[0.0,6.14097]},"K8s":{"weight":0.0518,"played":[0.0,1.0],"evs":[0.0,9.82287]},"K9s":{"weight":0.7459,"played":[4.0E-4,0.9996],"evs":[0.0,10.04913]},"KTs":{"weight":0.4308,"played":[0.0,1.0],"evs":[0.0,10.21733]},"KJs":{"weight":0.0412,"played":[0.0,1.0],"evs":[0.0,15.34956]},"KQs":{"weight":0.4949,"played":[0.0,1.0],"evs":[0.0,15.86882]},"KK":{"weight":0.8412,"played":[0.0,1.0],"evs":[0.0,44.15042]},"AKo":{"weight":0.0588,"played":[0.0,1.0],"evs":[0.0,20.48581]},"A2s":{"weight":0.0922,"played":[3.0E-4,0.9997],"evs":[0.0,7.9241]},"A3s":{"weight":0.035,"played":[0.0,1.0],"evs":[0.0,5.85405]},"A4s":{"weight":0.0898,"played":[1.0E-4,0.9999],"evs":[0.0,12.12835]},"A5s":{"weight":0.6301,"played":[2.0E-4,0.9998],"evs":[0.0,8.03451]},"A6s":{"weight":0.1198,"played":[2.0E-4,0.9998],"evs":[0.0,10.61621]},"A7s":{"weight":0.0276,"played":[1.0E-4,0.9999],"evs":[0.0,9.86427]},"A8s":{"weight":0.1317,"played":[0.0,1.0],"evs":[0.0,13.09004]},"A9s":{"weight":0.8282,"played":[0.0,1.0],"evs":[0.0,10.933]},"ATs":{"weight":0.6462,"played":[0.0,1.0],"evs":[0.0,12.90962]},"AJs":{"weight":0.6099,"played":[0.0,1.0],"evs":[0.0,19.10383]},"AQs":{"weight":0.6714,"played":[0.0,1.0],"evs":[0.0,23.47993]},"AKs":{"weight":0.4593,"played":[0.0,1.0],"evs":[0.0,23.46484]},"AA":{"weight":0.0695,"played":[0.0,1.0],"evs":[0.0,60.32242]}}}