{"player":2,"street":0,"children":2,"sequence":[{"player":0,"type":"F","amount":0,"street":0},{"player":1,"type":"F","amount":0,"street":0},{"player":2,"type":"C","amount":50000,"street":0},{"player":3,"type":"R","amount":2295000,"street":0}],"actions":[{"type":"F","amount":0},{"type":"C","amount":2195000}],"hands":{"22":{"weight":0.0,"played":[1.0E-4,0.9999],"evs":[0.0,3.25077]},"32o":{"weight":0.0,"played":[1.0,0.0],"evs":[0.0,-10.23362]},"42o":{"weight":0.0,"played":[1.0,0.0],"evs":[0.0,-9.03755]},"52o":{"weight":1.0E-4,"played":[1.0,0.0],"evs":[0.0,-8.39329]},"62o":{"weight":0.0,"played":[1.0,0.0],"evs":[0.0,-9.27505]},"72o":{"weight":0.0,"played":[1.0,0.0],"evs":[0.0,-9.76079]},"82o":{"weight":0.0,"played":[1.0,0.0],"evs":[0.0,-9.21656]},"92o":{"weight":0.0,"played":[1.0,0.0],"evs":[0.0,-8.84285]},"T2o":{"weight":0.0,"played":[1.0,0.0],"evs":[0.0,-7.87106]},"J2o":{"weight":0.4727,"played":[1.0,0.0],"evs":[0.0,-7.54778]},"Q2o":{"weight":1.0,"played":[1.0,0.0],"evs":[0.0,-7.26568]},"K2o":{"weight":0.6968,"played":[1.0,0.0],"evs":[0.0,-6.89467]},"A2o":{"weight":0.156,"played":[1.0,0.0],"evs":[0.0,-3.62065]},"32s":{"weight":0.0701,"played":[1.0,0.0],"evs":[0.0,-7.28256]},"33":{"weight":1.0E-4,"played":[0.0,1.0],"evs":[0.0,6.83953]},"43o":{"weight":3.0E-4,"played":[1.0,0.0],"evs":[0.0,-6.73259]},"53o":{"weight":0.8748,"played":[1.0,0.0],"evs":[0.0,-6.3418]},"63o":{"weight":4.0E-4,"played":[1.0,0.0],"evs":[0.0,-7.00552]},"73o":{"weight":0.0,"played":[1.0,0.0],"evs":[0.0,-7.69431]},"83o":{"weight":0.0,"played":[1.0,0.0],"evs":[0.0,-8.09543]},"93o":{"weight":0.0,"played":[1.0,0.0],"evs":[0.0,-7.46876]},"T3o":{"weight":0.0023,"played":[1.0,0.0],"evs":[0.0,-6.67674]},"J3o":{"weight":0.9962,"played":[1.0,0.0],"evs":[0.0,-6.11675]},"Q3o":{"weight":0.9979,"played":[1.0,0.0],"evs":[0.0,-6.05565]},"K3o":{"weight":0.8045,"played":[1.0,0.0],"evs":[0.0,-5.8986]},"A3o":{"weight":7.0E-4,"played":[1.0,0.0],"evs":[0.0,-2.38006]},"42s":{"weight":0.4953,"played":[1.0,0.0],"evs":[0.0,-6.06146]},"43s":{"weight":0.8981,"played":[1.0,0.0],"evs":[0.0,-4.04727]},"44":{"weight":0.8916,"played":[0.0,1.0],"evs":[0.0,9.64166]},"54o":{"weight":0.2586,"played":[1.0,0.0],"evs":[0.0,-4.2376]},"64o":{"weight":0.9983,"played":[1.0,0.0],"evs":[0.0,-4.98916]},"74o":{"weight":0.9989,"played":[1.0,0.0],"evs":[0.0,-5.5597]},"84o":{"weight":0.0,"played":[1.0,0.0],"evs":[0.0,-5.78865]},"94o":{"weight":0.0,"played":[1.0,0.0],"evs":[0.0,-6.51569]},"T4o":{"weight":0.7009,"played":[1.0,0.0],"evs":[0.0,-5.48236]},"J4o":{"weight":0.9617,"played":[1.0,0.0],"evs":[0.0,-5.16624]},"Q4o":{"weight":0.5517,"played":[1.0,0.0],"evs":[0.0,-4.91934]},"K4o":{"weight":0.7462,"played":[1.0,0.0],"evs":[0.0,-4.63227]},"A4o":{"weight":0.0,"played":[0.9999,1.0E-4],"evs":[0.0,-1.37945]},"52s":{"weight":0.8366,"played":[1.0,0.0],"evs":[0.0,-5.68909]},"53s":{"weight":0.9755,"played":[1.0,0.0],"evs":[0.0,-3.70949]},"54s":{"weight":0.937,"played":[1.0,0.0],"evs":[0.0,-1.76612]},"55":{"weight":0.3208,"played":[0.0,1.0],"evs":[0.0,12.62737]},"65o":{"weight":0.0485,"played":[1.0,0.0],"evs":[0.0,-3.79696]},"75o":{"weight":0.2521,"played":[1.0,0.0],"evs":[0.0,-4.38492]},"85o":{"weight":0.998,"played":[1.0,0.0],"evs":[0.0,-4.84356]},"95o":{"weight":1.0,"played":[1.0,0.0],"evs":[0.0,-5.21892]},"T5o":{"weight":1.0,"played":[1.0,0.0],"evs":[0.0,-5.24076]},"J5o":{"weight":0.7717,"played":[1.0,0.0],"evs":[0.0,-4.5175]},"Q5o":{"weight":0.3998,"played":[1.0,0.0],"evs":[0.0,-4.48365]},"K5o":{"weight":0.5346,"played":[1.0,0.0],"evs":[0.0,-4.31256]},"A5o":{"weight":0.0,"played":[0.9888,0.0112],"evs":[0.0,-0.34469]},"62s":{"weight":0.4345,"played":[1.0,0.0],"evs":[0.0,-6.47338]},"63s":{"weight":0.5085,"played":[1.0,0.0],"evs":[0.0,-4.5305]},"64s":{"weight":0.7436,"played":[1.0,0.0],"evs":[0.0,-2.43148]},"65s":{"weight":0.4701,"played":[0.9995,5.0E-4],"evs":[0.0,-1.33692]},"66":{"weight":0.867,"played":[0.0,1.0],"evs":[0.0,13.9094]},"76o":{"weight":0.3515,"played":[1.0,0.0],"evs":[0.0,-3.21169]},"86o":{"weight":0.4146,"played":[1.0,0.0],"evs":[0.0,-3.81525]},"96o":{"weight":0.2669,"played":[1.0,0.0],"evs":[0.0,-4.25025]},"T6o":{"weight":0.5228,"played":[1.0,0.0],"evs":[0.0,-4.34011]},"J6o":{"weight":0.9993,"played":[1.0,0.0],"evs":[0.0,-4.6283]},"Q6o":{"weight":0.6663,"played":[1.0,0.0],"evs":[0.0,-4.01629]},"K6o":{"weight":0.1715,"played":[1.0,0.0],"evs":[0.0,-3.89726]},"A6o":{"weight":0.0,"played":[0.0582,0.9418],"evs":[0.0,0.3527]},"72s":{"weight":0.9709,"played":[1.0,0.0],"evs":[0.0,-6.96246]},"73s":{"weight":0.1628,"played":[1.0,0.0],"evs":[0.0,-4.98188]},"74s":{"weight":0.9998,"played":[1.0,0.0],"evs":[0.0,-2.99949]},"75s":{"weight":0.6691,"played":[1.0,0.0],"evs":[0.0,-1.66415]},"76s":{"weight":0.0615,"played":[0.9965,0.0035],"evs":[0.0,-1.32272]},"77":{"weight":0.7251,"played":[0.0,1.0],"evs":[0.0,15.51906]},"87o":{"weight":0.0956,"played":[1.0,0.0],"evs":[0.0,-2.575]},"97o":{"weight":0.6085,"played":[1.0,0.0],"evs":[0.0,-3.15605]},"T7o":{"weight":0.1091,"played":[1.0,0.0],"evs":[0.0,-3.20622]},"J7o":{"weight":0.367,"played":[1.0,0.0],"evs":[0.0,-3.4184]},"Q7o":{"weight":0.6303,"played":[1.0,0.0],"evs":[0.0,-4.17153]},"K7o":{"weight":0.2777,"played":[1.0,0.0],"evs":[0.0,-3.61531]},"A7o":{"weight":0.0,"played":[0.0,1.0],"evs":[0.0,2.98248]},"82s":{"weight":0.822,"played":[1.0,0.0],"evs":[0.0,-6.33741]},"83s":{"weight":0.4279,"played":[1.0,0.0],"evs":[0.0,-5.44362]},"84s":{"weight":0.7087,"played":[1.0,0.0],"evs":[0.0,-3.32399]},"85s":{"weight":0.9992,"played":[1.0,0.0],"evs":[0.0,-2.18487]},"86s":{"weight":0.0024,"played":[0.9994,6.0E-4],"evs":[0.0,-1.14654]},"87s":{"weight":0.0025,"played":[0.8799,0.1201],"evs":[0.0,-0.39417]},"88":{"weight":0.9276,"played":[0.0,1.0],"evs":[0.0,16.91871]},"98o":{"weight":0.2401,"played":[1.0,0.0],"evs":[0.0,-2.00088]},"T8o":{"weight":0.6142,"played":[1.0,0.0],"evs":[0.0,-1.97701]},"J8o":{"weight":0.7399,"played":[1.0,0.0],"evs":[0.0,-2.38289]},"Q8o":{"weight":0.1553,"played":[1.0,0.0],"evs":[0.0,-3.03439]},"K8o":{"weight":0.0184,"played":[1.0,0.0],"evs":[0.0,-3.38231]},"A8o":{"weight":0.0,"played":[0.0,1.0],"evs":[0.0,6.3482]},"92s":{"weight":0.9987,"played":[1.0,0.0],"evs":[0.0,-6.13815]},"93s":{"weight":0.9867,"played":[1.0,0.0],"evs":[0.0,-4.60818]},"94s":{"weight":0.3214,"played":[1.0,0.0],"evs":[0.0,-3.75961]},"95s":{"weight":0.9126,"played":[1.0,0.0],"evs":[0.0,-2.62513]},"96s":{"weight":0.9041,"played":[0.9998,2.0E-4],"evs":[0.0,-1.86539]},"97s":{"weight":0.6167,"played":[0.9741,0.0259],"evs":[0.0,-0.81738]},"98s":{"weight":0.0164,"played":[0.0144,0.9856],"evs":[0.0,0.33881]},"99":{"weight":0.8066,"played":[0.0,1.0],"evs":[0.0,18.20957]},"T9o":{"weight":0.6902,"played":[0.9954,0.0046],"evs":[0.0,-0.72473]},"J9o":{"weight":0.9879,"played":[1.0,0.0],"evs":[0.0,-1.18546]},"Q9o":{"weight":0.607,"played":[1.0,0.0],"evs":[0.0,-1.82007]},"K9o":{"weight":0.0168,"played":[0.9999,1.0E-4],"evs":[0.0,-2.02546]},"A9o":{"weight":0.0,"played":[0.0,1.0],"evs":[0.0,9.70653]},"T2s":{"weight":0.996,"played":[1.0,0.0],"evs":[0.0,-5.36287]},"T3s":{"weight":0.3112,"played":[1.0,0.0],"evs":[0.0,-3.97126]},"T4s":{"weight":0.4859,"played":[1.0,0.0],"evs":[0.0,-2.88338]},"T5s":{"weight":0.9818,"played":[1.0,0.0],"evs":[0.0,-2.6883]},"T6s":{"weight":0.9997,"played":[1.0,0.0],"evs":[0.0,-1.52327]},"T7s":{"weight":0.838,"played":[0.9958,0.0042],"evs":[0.0,-0.61441]},"T8s":{"weight":0.5495,"played":[0.1286,0.8714],"evs":[0.0,0.08438]},"T9s":{"weight":4.0E-4,"played":[1.0E-4,0.9999],"evs":[0.0,1.46846]},"TT":{"weight":0.0,"played":[0.0,1.0],"evs":[0.0,19.96291]},"JTo":{"weight":0.2757,"played":[5.0E-4,0.9995],"evs":[0.0,0.27591]},"QTo":{"weight":0.8008,"played":[0.2976,0.7024],"evs":[0.0,0.03724]},"KTo":{"weight":0.4682,"played":[0.8546,0.1454],"evs":[0.0,-0.14918]},"ATo":{"weight":0.3451,"played":[0.0,1.0],"evs":[0.0,14.32225]},"J2s":{"weight":0.4704,"played":[1.0,0.0],"evs":[0.0,-4.98224]},"J3s":{"weight":0.9971,"played":[1.0,0.0],"evs":[0.0,-3.36591]},"J4s":{"weight":0.9641,"played":[1.0,0.0],"evs":[0.0,-2.47901]},"J5s":{"weight":0.9093,"played":[1.0,0.0],"evs":[0.0,-2.16848]},"J6s":{"weight":0.9746,"played":[1.0,0.0],"evs":[0.0,-1.89457]},"J7s":{"weight":0.9997,"played":[1.0,0.0],"evs":[0.0,-1.03649]},"J8s":{"weight":0.3138,"played":[0.2632,0.7368],"evs":[0.0,0.15839]},"J9s":{"weight":0.4361,"played":[0.0,1.0],"evs":[0.0,0.97067]},"JTs":{"weight":0.0,"played":[1.0E-4,0.9999],"evs":[0.0,2.61053]},"JJ":{"weight":0.0,"played":[0.0,1.0],"evs":[0.0,20.44645]},"QJo":{"weight":0.2796,"played":[0.0263,0.9737],"evs":[0.0,0.24731]},"KJo":{"weight":0.5153,"played":[0.0106,0.9894],"evs":[0.0,0.58718]},"AJo":{"weight":0.1921,"played":[0.0,1.0],"evs":[0.0,16.21439]},"Q2s":{"weight":0.9995,"played":[1.0,0.0],"evs":[0.0,-4.53607]},"Q3s":{"weight":0.9997,"played":[1.0,0.0],"evs":[0.0,-3.17617]},"Q4s":{"weight":0.9992,"played":[1.0,0.0],"evs":[0.0,-2.37585]},"Q5s":{"weight":1.0,"played":[1.0,0.0],"evs":[0.0,-1.86237]},"Q6s":{"weight":0.8174,"played":[1.0,0.0],"evs":[0.0,-1.87263]},"Q7s":{"weight":0.9998,"played":[1.0,0.0],"evs":[0.0,-1.58695]},"Q8s":{"weight":0.9993,"played":[0.9904,0.0096],"evs":[0.0,-0.5459]},"Q9s":{"weight":0.6831,"played":[0.0,1.0],"evs":[0.0,0.67101]},"QTs":{"weight":0.0366,"played":[0.0,1.0],"evs":[0.0,2.01945]},"QJs":{"weight":0.0027,"played":[0.0,1.0],"evs":[0.0,2.66307]},"QQ":{"weight":0.0,"played":[0.0,1.0],"evs":[0.0,20.46423]},"KQo":{"weight":0.0825,"played":[0.0,1.0],"evs":[0.0,0.98951]},"AQo":{"weight":0.6048,"played":[0.0,1.0],"evs":[0.0,17.30818]},"K2s":{"weight":0.9996,"played":[1.0,0.0],"evs":[0.0,-4.39289]},"K3s":{"weight":0.9919,"played":[1.0,0.0],"evs":[0.0,-3.2062]},"K4s":{"weight":1.0,"played":[1.0,0.0],"evs":[0.0,-2.15014]},"K5s":{"weight":0.9986,"played":[0.9999,1.0E-4],"evs":[0.0,-1.67898]},"K6s":{"weight":0.9953,"played":[0.9997,3.0E-4],"evs":[0.0,-1.47274]},"K7s":{"weight":1.0,"played":[1.0,0.0],"evs":[0.0,-1.12788]},"K8s":{"weight":0.9988,"played":[0.9998,2.0E-4],"evs":[0.0,-0.8139]},"K9s":{"weight":0.5245,"played":[1.0E-4,0.9999],"evs":[0.0,0.24618]},"KTs":{"weight":0.0015,"played":[0.0,1.0],"evs":[0.0,1.83781]},"KJs":{"weight":0.0037,"played":[0.0,1.0],"evs":[0.0,3.00112]},"KQs":{"weight":0.0,"played":[0.0,1.0],"evs":[0.0,3.06305]},"KK":{"weight":0.0,"played":[0.0,1.0],"evs":[0.0,20.93569]},"AKo":{"weight":0.0096,"played":[0.0,1.0],"evs":[0.0,18.15809]},"A2s":{"weight":0.9981,"played":[0.9999,1.0E-4],"evs":[0.0,-1.21226]},"A3s":{"weight":0.878,"played":[0.9053,0.0947],"evs":[0.0,-0.12971]},"A4s":{"weight":0.9994,"played":[3.0E-4,0.9997],"evs":[0.0,0.96849]},"A5s":{"weight":0.7987,"played":[0.0,1.0],"evs":[0.0,1.74666]},"A6s":{"weight":0.9147,"played":[0.0,1.0],"evs":[0.0,2.50295]},"A7s":{"weight":0.0453,"played":[0.0,1.0],"evs":[0.0,5.11654]},"A8s":{"weight":0.6433,"played":[0.0,1.0],"evs":[0.0,7.96272]},"A9s":{"weight":0.311,"played":[0.0,1.0],"evs":[0.0,11.5728]},"ATs":{"weight":0.1304,"played":[0.0,1.0],"evs":[0.0,15.318]},"AJs":{"weight":0.2929,"played":[0.0,1.0],"evs":[0.0,17.46054]},"AQs":{"weight":0.0026,"played":[0.0,1.0],"evs":[0.0,18.65399]},"AKs":{"weight":0.002,"played":[0.0,1.0],"evs":[0.0,19.29567]},"AA":{"weight":0.0,"played":[0.0,1.0],"evs":[0.0,32.70255]}}}