{"player":3,"street":0,"children":3,"sequence":[{"player":0,"type":"F","amount":0,"street":0},{"player":1,"type":"F","amount":0,"street":0},{"player":2,"type":"R","amount":300000,"street":0}],"actions":[{"type":"F","amount":0},{"type":"C","amount":200000},{"type":"R","amount":2295000,"node":8}],"hands":{"22":{"weight":1.0,"played":[0.0,0.0,1.0],"evs":[0.0,1.31941,1.50426]},"32o":{"weight":1.0,"played":[1.0,0.0,0.0],"evs":[0.0,-0.35582,-2.23288]},"42o":{"weight":1.0,"played":[1.0,0.0,0.0],"evs":[0.0,-0.31167,-2.16126]},"52o":{"weight":1.0,"played":[1.0,0.0,0.0],"evs":[0.0,-0.26713,-2.06761]},"62o":{"weight":1.0,"played":[1.0,0.0,0.0],"evs":[0.0,-0.58067,-2.47509]},"72o":{"weight":1.0,"played":[1.0,0.0,0.0],"evs":[0.0,-0.82019,-2.72117]},"82o":{"weight":1.0,"played":[1.0,0.0,0.0],"evs":[0.0,-0.72747,-2.62024]},"92o":{"weight":1.0,"played":[1.0,0.0,0.0],"evs":[0.0,-0.64215,-2.50428]},"T2o":{"weight":1.0,"played":[1.0,0.0,0.0],"evs":[0.0,-0.52306,-2.11936]},"J2o":{"weight":1.0,"played":[1.0,0.0,0.0],"evs":[0.0,-0.31055,-1.60185]},"Q2o":{"weight":1.0,"played":[1.0,0.0,0.0],"evs":[0.0,-0.14242,-0.80893]},"K2o":{"weight":1.0,"played":[0.1354,0.7556,0.109],"evs":[0.0,0.00645,0.01151]},"A2o":{"weight":1.0,"played":[0.0,0.0,1.0],"evs":[0.0,1.88958,2.07201]},"32s":{"weight":1.0,"played":[0.0,1.0,0.0],"evs":[0.0,0.52429,-1.14996]},"33":{"weight":1.0,"played":[0.0,0.0185,0.9815],"evs":[0.0,1.50679,1.61063]},"43o":{"weight":1.0,"played":[1.0,0.0,0.0],"evs":[0.0,-0.06272,-1.76654]},"53o":{"weight":1.0,"played":[0.6415,0.3585,0.0],"evs":[0.0,0.00691,-1.63758]},"63o":{"weight":1.0,"played":[1.0,0.0,0.0],"evs":[0.0,-0.29853,-2.03649]},"73o":{"weight":1.0,"played":[1.0,0.0,0.0],"evs":[0.0,-0.53304,-2.37642]},"83o":{"weight":1.0,"played":[1.0,0.0,0.0],"evs":[0.0,-0.6858,-2.54381]},"93o":{"weight":1.0,"played":[1.0,0.0,0.0],"evs":[0.0,-0.54947,-2.29763]},"T3o":{"weight":1.0,"played":[1.0,0.0,0.0],"evs":[0.0,-0.42275,-1.99148]},"J3o":{"weight":1.0,"played":[0.9999,1.0E-4,0.0],"evs":[0.0,-0.24006,-1.4063]},"Q3o":{"weight":1.0,"played":[0.999,0.001,0.0],"evs":[0.0,-0.07735,-0.73684]},"K3o":{"weight":1.0,"played":[0.0,0.9042,0.0957],"evs":[0.0,0.11816,0.1281]},"A3o":{"weight":1.0,"played":[0.0,3.0E-4,0.9997],"evs":[0.0,2.05183,2.19236]},"42s":{"weight":1.0,"played":[0.0,1.0,0.0],"evs":[0.0,0.54452,-1.10329]},"43s":{"weight":1.0,"played":[0.0,1.0,0.0],"evs":[0.0,0.83229,-0.80579]},"44":{"weight":1.0,"played":[0.0,0.4051,0.5949],"evs":[0.0,1.77474,1.78928]},"54o":{"weight":1.0,"played":[0.0013,0.9987,0.0],"evs":[0.0,0.20706,-1.32032]},"64o":{"weight":1.0,"played":[0.9978,0.0022,0.0],"evs":[0.0,-0.03477,-1.69751]},"74o":{"weight":1.0,"played":[1.0,0.0,0.0],"evs":[0.0,-0.30404,-2.02849]},"84o":{"weight":1.0,"played":[1.0,0.0,0.0],"evs":[0.0,-0.43444,-2.21252]},"94o":{"weight":1.0,"played":[1.0,0.0,0.0],"evs":[0.0,-0.55683,-2.35436]},"T4o":{"weight":1.0,"played":[1.0,0.0,0.0],"evs":[0.0,-0.40601,-1.91941]},"J4o":{"weight":1.0,"played":[1.0,0.0,0.0],"evs":[0.0,-0.22331,-1.3917]},"Q4o":{"weight":1.0,"played":[0.9991,9.0E-4,0.0],"evs":[0.0,-0.03166,-0.63399]},"K4o":{"weight":1.0,"played":[0.0,0.9469,0.0531],"evs":[0.0,0.20155,0.18911]},"A4o":{"weight":1.0,"played":[0.0,0.0821,0.9179],"evs":[0.0,2.16411,2.1838]},"52s":{"weight":1.0,"played":[2.0E-4,0.9998,0.0],"evs":[0.0,0.53729,-1.07915]},"53s":{"weight":1.0,"played":[0.0,1.0,0.0],"evs":[0.0,0.75262,-0.69261]},"54s":{"weight":1.0,"played":[0.0,1.0,0.0],"evs":[0.0,1.09122,-0.35741]},"55":{"weight":1.0,"played":[0.0,0.2846,0.7154],"evs":[0.0,2.05927,2.07607]},"65o":{"weight":1.0,"played":[9.0E-4,0.9991,0.0],"evs":[0.0,0.17616,-1.42476]},"75o":{"weight":1.0,"played":[0.9996,4.0E-4,0.0],"evs":[0.0,-0.04212,-1.66724]},"85o":{"weight":1.0,"played":[1.0,0.0,0.0],"evs":[0.0,-0.23037,-1.86929]},"95o":{"weight":1.0,"played":[1.0,0.0,0.0],"evs":[0.0,-0.3796,-2.00847]},"T5o":{"weight":1.0,"played":[1.0,0.0,0.0],"evs":[0.0,-0.43523,-1.98596]},"J5o":{"weight":1.0,"played":[1.0,0.0,0.0],"evs":[0.0,-0.18456,-1.3202]},"Q5o":{"weight":1.0,"played":[0.514,0.486,0.0],"evs":[0.0,0.00582,-0.63748]},"K5o":{"weight":1.0,"played":[0.0,0.9697,0.0303],"evs":[0.0,0.2524,0.24429]},"A5o":{"weight":1.0,"played":[0.0,0.7902,0.2098],"evs":[0.0,2.32731,2.31884]},"62s":{"weight":1.0,"played":[3.0E-4,0.9997,0.0],"evs":[0.0,0.28952,-1.44692]},"63s":{"weight":1.0,"played":[0.0,1.0,0.0],"evs":[0.0,0.5471,-1.08702]},"64s":{"weight":1.0,"played":[0.0,1.0,0.0],"evs":[0.0,0.8268,-0.7297]},"65s":{"weight":1.0,"played":[0.0,1.0,0.0],"evs":[0.0,1.05599,-0.41183]},"66":{"weight":1.0,"played":[0.0,0.2176,0.7824],"evs":[0.0,2.43758,2.44041]},"76o":{"weight":1.0,"played":[2.0E-4,0.9998,0.0],"evs":[0.0,0.17686,-1.315]},"86o":{"weight":1.0,"played":[0.1685,0.8315,0.0],"evs":[0.0,-0.00161,-1.55437]},"96o":{"weight":1.0,"played":[0.9996,4.0E-4,0.0],"evs":[0.0,-0.14807,-1.65843]},"T6o":{"weight":1.0,"played":[1.0,0.0,0.0],"evs":[0.0,-0.22311,-1.66271]},"J6o":{"weight":1.0,"played":[1.0,0.0,0.0],"evs":[0.0,-0.20083,-1.36029]},"Q6o":{"weight":1.0,"played":[0.0,1.0,0.0],"evs":[0.0,0.03445,-0.52608]},"K6o":{"weight":1.0,"played":[0.0,1.0,0.0],"evs":[0.0,0.29081,0.28308]},"A6o":{"weight":1.0,"played":[0.0,0.0092,0.9908],"evs":[0.0,2.12302,2.12926]},"72s":{"weight":1.0,"played":[0.9055,0.0945,0.0],"evs":[0.0,-0.03551,-1.80327]},"73s":{"weight":1.0,"played":[1.0E-4,0.9999,0.0],"evs":[0.0,0.32622,-1.26842]},"74s":{"weight":1.0,"played":[1.0E-4,0.9999,0.0],"evs":[0.0,0.57065,-1.09084]},"75s":{"weight":1.0,"played":[0.0,1.0,0.0],"evs":[0.0,0.84573,-0.69773]},"76s":{"weight":1.0,"played":[0.0,1.0,0.0],"evs":[0.0,1.01642,-0.46801]},"77":{"weight":1.0,"played":[0.0,0.9016,0.0984],"evs":[0.0,2.81637,2.77709]},"87o":{"weight":1.0,"played":[0.0,1.0,0.0],"evs":[0.0,0.2258,-1.28841]},"97o":{"weight":1.0,"played":[0.0,1.0,0.0],"evs":[0.0,0.09862,-1.42774]},"T7o":{"weight":1.0,"played":[1.0E-4,0.9999,0.0],"evs":[0.0,0.07518,-1.33109]},"J7o":{"weight":1.0,"played":[0.2314,0.7686,0.0],"evs":[0.0,0.02866,-1.08939]},"Q7o":{"weight":1.0,"played":[1.0E-4,0.9999,0.0],"evs":[0.0,0.12437,-0.5335]},"K7o":{"weight":1.0,"played":[0.0,1.0,0.0],"evs":[0.0,0.45565,0.39826]},"A7o":{"weight":1.0,"played":[0.0,0.4464,0.5536],"evs":[0.0,2.34725,2.34691]},"82s":{"weight":1.0,"played":[0.0027,0.9973,0.0],"evs":[0.0,0.08146,-1.57901]},"83s":{"weight":1.0,"played":[1.0E-4,0.9999,0.0],"evs":[0.0,0.14986,-1.56781]},"84s":{"weight":1.0,"played":[1.0E-4,0.9999,0.0],"evs":[0.0,0.42323,-1.24786]},"85s":{"weight":1.0,"played":[0.0,1.0,0.0],"evs":[0.0,0.71471,-0.93165]},"86s":{"weight":1.0,"played":[0.0,1.0,0.0],"evs":[0.0,0.91391,-0.63111]},"87s":{"weight":1.0,"played":[0.0,1.0,0.0],"evs":[0.0,1.09669,-0.30656]},"88":{"weight":1.0,"played":[0.0,0.9228,0.0772],"evs":[0.0,3.2442,3.18963]},"98o":{"weight":1.0,"played":[0.0,1.0,0.0],"evs":[0.0,0.40805,-1.04883]},"T8o":{"weight":1.0,"played":[0.0,1.0,0.0],"evs":[0.0,0.46296,-0.9058]},"J8o":{"weight":1.0,"played":[0.0,1.0,0.0],"evs":[0.0,0.41603,-0.58157]},"Q8o":{"weight":1.0,"played":[0.0,1.0,0.0],"evs":[0.0,0.51694,-0.04266]},"K8o":{"weight":1.0,"played":[0.0,1.0,0.0],"evs":[0.0,0.71241,0.571]},"A8o":{"weight":1.0,"played":[0.0,0.0,1.0],"evs":[0.0,2.55711,2.71244]},"92s":{"weight":1.0,"played":[1.0E-4,0.9999,0.0],"evs":[0.0,0.21696,-1.38583]},"93s":{"weight":1.0,"played":[1.0E-4,0.9999,0.0],"evs":[0.0,0.30585,-1.32192]},"94s":{"weight":1.0,"played":[2.0E-4,0.9998,0.0],"evs":[0.0,0.31459,-1.31384]},"95s":{"weight":1.0,"played":[0.0,1.0,0.0],"evs":[0.0,0.49427,-1.04246]},"96s":{"weight":1.0,"played":[1.0E-4,0.9999,0.0],"evs":[0.0,0.88107,-0.59137]},"97s":{"weight":1.0,"played":[0.0,1.0,0.0],"evs":[0.0,1.05483,-0.47797]},"98s":{"weight":1.0,"played":[0.0,1.0,0.0],"evs":[0.0,1.2938,-0.16163]},"99":{"weight":1.0,"played":[0.0,0.9677,0.0323],"evs":[0.0,3.83701,3.80273]},"T9o":{"weight":1.0,"played":[0.0,1.0,0.0],"evs":[0.0,0.92446,-0.45553]},"J9o":{"weight":1.0,"played":[0.0,1.0,0.0],"evs":[0.0,0.83923,-0.16545]},"Q9o":{"weight":1.0,"played":[0.0,1.0,0.0],"evs":[0.0,0.96265,0.33251]},"K9o":{"weight":1.0,"played":[0.0,1.0,0.0],"evs":[0.0,1.31535,1.00521]},"A9o":{"weight":1.0,"played":[0.0,0.0,1.0],"evs":[0.0,2.74005,2.98992]},"T2s":{"weight":1.0,"played":[0.0,1.0,0.0],"evs":[0.0,0.37494,-1.11106]},"T3s":{"weight":1.0,"played":[1.0E-4,0.9999,0.0],"evs":[0.0,0.41757,-0.9625]},"T4s":{"weight":1.0,"played":[0.0,1.0,0.0],"evs":[0.0,0.46593,-0.90746]},"T5s":{"weight":1.0,"played":[0.0,1.0,0.0],"evs":[0.0,0.49146,-0.97136]},"T6s":{"weight":1.0,"played":[0.0,1.0,0.0],"evs":[0.0,0.73972,-0.71229]},"T7s":{"weight":1.0,"played":[0.0,1.0,0.0],"evs":[0.0,1.07908,-0.27968]},"T8s":{"weight":1.0,"played":[0.0,1.0,0.0],"evs":[0.0,1.42656,-0.00357]},"T9s":{"weight":1.0,"played":[0.0,1.0,0.0],"evs":[0.0,1.91453,0.47409]},"TT":{"weight":1.0,"played":[0.0,0.2674,0.7326],"evs":[0.0,5.05967,5.15941]},"JTo":{"weight":1.0,"played":[0.0,1.0,0.0],"evs":[0.0,1.51111,0.76211]},"QTo":{"weight":1.0,"played":[0.0,1.0,0.0],"evs":[0.0,1.672,1.08689]},"KTo":{"weight":1.0,"played":[0.0,1.0,0.0],"evs":[0.0,2.20983,1.92482]},"ATo":{"weight":1.0,"played":[0.0,0.0,1.0],"evs":[0.0,3.47049,3.92448]},"J2s":{"weight":1.0,"played":[1.0E-4,0.9999,0.0],"evs":[0.0,0.56239,-0.55666]},"J3s":{"weight":1.0,"played":[1.0E-4,0.9999,0.0],"evs":[0.0,0.69721,-0.37021]},"J4s":{"weight":1.0,"played":[0.0,1.0,0.0],"evs":[0.0,0.72804,-0.3914]},"J5s":{"weight":1.0,"played":[0.0,1.0,0.0],"evs":[0.0,0.73767,-0.42263]},"J6s":{"weight":1.0,"played":[0.0,1.0,0.0],"evs":[0.0,0.74948,-0.41031]},"J7s":{"weight":1.0,"played":[0.0,1.0,0.0],"evs":[0.0,1.0397,-0.14511]},"J8s":{"weight":1.0,"played":[0.0,1.0,0.0],"evs":[0.0,1.43065,0.32411]},"J9s":{"weight":1.0,"played":[0.0,1.0,0.0],"evs":[0.0,1.75704,0.67542]},"JTs":{"weight":1.0,"played":[0.0,1.0,0.0],"evs":[0.0,2.53433,1.55074]},"JJ":{"weight":1.0,"played":[0.0,8.0E-4,0.9992],"evs":[0.0,6.558,6.66764]},"QJo":{"weight":1.0,"played":[0.0,0.9998,2.0E-4],"evs":[0.0,2.09086,1.84991]},"KJo":{"weight":1.0,"played":[0.0,0.9985,0.0015],"evs":[0.0,2.79894,2.71227]},"AJo":{"weight":1.0,"played":[0.0,0.0,1.0],"evs":[0.0,3.81265,4.60176]},"Q2s":{"weight":1.0,"played":[0.0,1.0,0.0],"evs":[0.0,0.71855,0.07079]},"Q3s":{"weight":1.0,"played":[0.0,1.0,0.0],"evs":[0.0,0.77882,0.19431]},"Q4s":{"weight":1.0,"played":[0.0,1.0,0.0],"evs":[0.0,0.90947,0.33301]},"Q5s":{"weight":1.0,"played":[0.0,1.0,0.0],"evs":[0.0,0.96017,0.3268]},"Q6s":{"weight":1.0,"played":[0.0,1.0,0.0],"evs":[0.0,1.00074,0.25498]},"Q7s":{"weight":1.0,"played":[0.0,1.0,0.0],"evs":[0.0,1.13185,0.37972]},"Q8s":{"weight":1.0,"played":[0.0,1.0,0.0],"evs":[0.0,1.45166,0.74592]},"Q9s":{"weight":1.0,"played":[0.0,1.0,0.0],"evs":[0.0,1.9502,1.08509]},"QTs":{"weight":1.0,"played":[0.0,1.0,0.0],"evs":[0.0,2.67584,1.9641]},"QJs":{"weight":1.0,"played":[0.0,1.0,0.0],"evs":[0.0,3.05725,2.63993]},"QQ":{"weight":1.0,"played":[0.0,0.7076,0.2924],"evs":[0.0,8.63546,8.61442]},"KQo":{"weight":1.0,"played":[0.0,0.764,0.236],"evs":[0.0,3.54579,3.53089]},"AQo":{"weight":1.0,"played":[0.0,0.0,1.0],"evs":[0.0,4.49802,5.26464]},"K2s":{"weight":1.0,"played":[0.0,1.0,0.0],"evs":[0.0,1.00661,0.92285]},"K3s":{"weight":1.0,"played":[0.0,0.9998,2.0E-4],"evs":[0.0,1.06998,1.00508]},"K4s":{"weight":1.0,"played":[0.0,0.9998,2.0E-4],"evs":[0.0,1.23463,1.05411]},"K5s":{"weight":1.0,"played":[0.0,1.0,0.0],"evs":[0.0,1.30423,1.09658]},"K6s":{"weight":1.0,"played":[0.0,0.9998,2.0E-4],"evs":[0.0,1.44291,1.34872]},"K7s":{"weight":1.0,"played":[0.0,1.0,0.0],"evs":[0.0,1.50856,1.29312]},"K8s":{"weight":1.0,"played":[0.0,1.0,0.0],"evs":[0.0,1.76684,1.42853]},"K9s":{"weight":1.0,"played":[0.0,1.0,0.0],"evs":[0.0,2.29668,1.80654]},"KTs":{"weight":1.0,"played":[0.0,1.0,0.0],"evs":[0.0,3.21474,2.65499]},"KJs":{"weight":1.0,"played":[0.0,0.9998,2.0E-4],"evs":[0.0,3.71981,3.30949]},"KQs":{"weight":1.0,"played":[0.0,0.9998,2.0E-4],"evs":[0.0,4.44595,4.19426]},"KK":{"weight":1.0,"played":[0.0,1.0,0.0],"evs":[0.0,11.79006,10.65927]},"AKo":{"weight":1.0,"played":[0.0,0.0,1.0],"evs":[0.0,5.52895,6.43988]},"A2s":{"weight":1.0,"played":[0.0,0.2489,0.7511],"evs":[0.0,2.90066,2.93182]},"A3s":{"weight":1.0,"played":[0.0,0.8932,0.1068],"evs":[0.0,3.0411,2.96147]},"A4s":{"weight":1.0,"played":[0.0,0.9725,0.0275],"evs":[0.0,3.18027,3.05113]},"A5s":{"weight":1.0,"played":[0.0,1.0,0.0],"evs":[0.0,3.3434,3.15427]},"A6s":{"weight":1.0,"played":[0.0,0.9988,0.0012],"evs":[0.0,3.17009,2.92357]},"A7s":{"weight":1.0,"played":[0.0,1.0,0.0],"evs":[0.0,3.32277,3.14343]},"A8s":{"weight":1.0,"played":[0.0,0.9718,0.0282],"evs":[0.0,3.49383,3.43991]},"A9s":{"weight":1.0,"played":[0.0,0.352,0.648],"evs":[0.0,3.75706,3.81849]},"ATs":{"weight":1.0,"played":[0.0,1.0E-4,0.9999],"evs":[0.0,4.40864,4.57137]},"AJs":{"weight":1.0,"played":[0.0,0.0,1.0],"evs":[0.0,4.87996,5.26997]},"AQs":{"weight":1.0,"played":[0.0,0.0,1.0],"evs":[0.0,5.3846,5.8437]},"AKs":{"weight":1.0,"played":[0.0,0.0,1.0],"evs":[0.0,6.31174,6.99137]},"AA":{"weight":1.0,"played":[0.0,1.0,0.0],"evs":[0.0,13.95988,12.25062]}}}