{"player":5,"street":0,"children":3,"sequence":[{"player":0,"type":"F","amount":0,"street":0},{"player":1,"type":"F","amount":0,"street":0},{"player":2,"type":"F","amount":0,"street":0},{"player":3,"type":"R","amount":15750000,"street":0},{"player":4,"type":"C","amount":13250000,"street":0}],"actions":[{"type":"F","amount":0},{"type":"C","amount":10750000},{"type":"R","amount":31250000,"node":11}],"hands":{"22":{"weight":1.0,"played":[0.9998,0.0,2.0E-4],"evs":[0.0,-0.17044,-0.04556]},"32o":{"weight":1.0,"played":[1.0,0.0,0.0],"evs":[0.0,-1.01427,-2.61735]},"42o":{"weight":1.0,"played":[1.0,0.0,0.0],"evs":[0.0,-1.01636,-2.53644]},"52o":{"weight":1.0,"played":[1.0,0.0,0.0],"evs":[0.0,-1.03758,-2.4908]},"62o":{"weight":1.0,"played":[1.0,0.0,0.0],"evs":[0.0,-1.12586,-2.76008]},"72o":{"weight":1.0,"played":[1.0,0.0,0.0],"evs":[0.0,-1.21831,-2.92028]},"82o":{"weight":1.0,"played":[1.0,0.0,0.0],"evs":[0.0,-1.09466,-2.65466]},"92o":{"weight":1.0,"played":[1.0,0.0,0.0],"evs":[0.0,-1.29798,-2.90303]},"T2o":{"weight":1.0,"played":[1.0,0.0,0.0],"evs":[0.0,-1.14354,-2.53556]},"J2o":{"weight":1.0,"played":[1.0,0.0,0.0],"evs":[0.0,-1.05503,-2.2105]},"Q2o":{"weight":1.0,"played":[1.0,0.0,0.0],"evs":[0.0,-0.86267,-1.65529]},"K2o":{"weight":1.0,"played":[1.0,0.0,0.0],"evs":[0.0,-0.71452,-1.20539]},"A2o":{"weight":1.0,"played":[0.9991,0.0,9.0E-4],"evs":[0.0,-0.19352,-0.28606]},"32s":{"weight":1.0,"played":[1.0,0.0,0.0],"evs":[0.0,-0.69374,-1.97156]},"33":{"weight":1.0,"played":[0.6444,2.0E-4,0.3554],"evs":[0.0,-0.06787,0.12122]},"43o":{"weight":1.0,"played":[1.0,0.0,0.0],"evs":[0.0,-0.77417,-2.08097]},"53o":{"weight":1.0,"played":[1.0,0.0,0.0],"evs":[0.0,-0.79224,-2.10123]},"63o":{"weight":1.0,"played":[1.0,0.0,0.0],"evs":[0.0,-0.85548,-2.25585]},"73o":{"weight":1.0,"played":[1.0,0.0,0.0],"evs":[0.0,-0.90406,-2.34793]},"83o":{"weight":1.0,"played":[1.0,0.0,0.0],"evs":[0.0,-0.92283,-2.38687]},"93o":{"weight":1.0,"played":[1.0,0.0,0.0],"evs":[0.0,-1.18057,-2.60795]},"T3o":{"weight":1.0,"played":[1.0,0.0,0.0],"evs":[0.0,-0.95395,-2.22696]},"J3o":{"weight":1.0,"played":[1.0,0.0,0.0],"evs":[0.0,-0.926,-1.9354]},"Q3o":{"weight":1.0,"played":[1.0,0.0,0.0],"evs":[0.0,-0.70964,-1.37361]},"K3o":{"weight":1.0,"played":[1.0,0.0,0.0],"evs":[0.0,-0.6365,-1.10072]},"A3o":{"weight":1.0,"played":[0.9981,0.0017,2.0E-4],"evs":[0.0,-0.10352,-0.2147]},"42s":{"weight":1.0,"played":[1.0,0.0,0.0],"evs":[0.0,-0.64695,-1.88134]},"43s":{"weight":1.0,"played":[0.9992,8.0E-4,0.0],"evs":[0.0,-0.28785,-1.36644]},"44":{"weight":1.0,"played":[0.0158,0.1034,0.8808],"evs":[0.0,0.25404,0.35981]},"54o":{"weight":1.0,"played":[1.0,0.0,0.0],"evs":[0.0,-0.64622,-1.83411]},"64o":{"weight":1.0,"played":[1.0,0.0,0.0],"evs":[0.0,-0.7313,-1.98226]},"74o":{"weight":1.0,"played":[1.0,0.0,0.0],"evs":[0.0,-0.85608,-2.1924]},"84o":{"weight":1.0,"played":[1.0,0.0,0.0],"evs":[0.0,-0.94208,-2.23438]},"94o":{"weight":1.0,"played":[1.0,0.0,0.0],"evs":[0.0,-1.11665,-2.5599]},"T4o":{"weight":1.0,"played":[1.0,0.0,0.0],"evs":[0.0,-0.96713,-2.21181]},"J4o":{"weight":1.0,"played":[1.0,0.0,0.0],"evs":[0.0,-0.9021,-1.79703]},"Q4o":{"weight":1.0,"played":[1.0,0.0,0.0],"evs":[0.0,-0.70386,-1.34011]},"K4o":{"weight":1.0,"played":[1.0,0.0,0.0],"evs":[0.0,-0.63621,-1.0581]},"A4o":{"weight":1.0,"played":[0.85,0.1481,0.0019],"evs":[0.0,-0.02344,-0.08651]},"52s":{"weight":1.0,"played":[1.0,0.0,0.0],"evs":[0.0,-0.57788,-1.80189]},"53s":{"weight":1.0,"played":[0.9999,1.0E-4,0.0],"evs":[0.0,-0.36101,-1.42515]},"54s":{"weight":1.0,"played":[1.0,0.0,0.0],"evs":[0.0,-0.31838,-1.21389]},"55":{"weight":1.0,"played":[0.0022,0.4405,0.5573],"evs":[0.0,0.46507,0.47403]},"65o":{"weight":1.0,"played":[1.0,0.0,0.0],"evs":[0.0,-0.5978,-1.79159]},"75o":{"weight":1.0,"played":[1.0,0.0,0.0],"evs":[0.0,-0.61491,-1.83089]},"85o":{"weight":1.0,"played":[1.0,0.0,0.0],"evs":[0.0,-0.72397,-1.95157]},"95o":{"weight":1.0,"played":[1.0,0.0,0.0],"evs":[0.0,-1.01637,-2.32025]},"T5o":{"weight":1.0,"played":[1.0,0.0,0.0],"evs":[0.0,-0.98021,-2.20497]},"J5o":{"weight":1.0,"played":[1.0,0.0,0.0],"evs":[0.0,-0.86732,-1.82632]},"Q5o":{"weight":1.0,"played":[1.0,0.0,0.0],"evs":[0.0,-0.69203,-1.30952]},"K5o":{"weight":1.0,"played":[1.0,0.0,0.0],"evs":[0.0,-0.56101,-0.94489]},"A5o":{"weight":1.0,"played":[0.0212,0.2481,0.7307],"evs":[0.0,0.05998,0.01574]},"62s":{"weight":1.0,"played":[1.0,0.0,0.0],"evs":[0.0,-0.67792,-1.93921]},"63s":{"weight":1.0,"played":[1.0,0.0,0.0],"evs":[0.0,-0.55689,-1.70322]},"64s":{"weight":1.0,"played":[0.9987,0.0013,0.0],"evs":[0.0,-0.33495,-1.36796]},"65s":{"weight":1.0,"played":[0.9995,5.0E-4,0.0],"evs":[0.0,-0.16679,-1.09529]},"66":{"weight":1.0,"played":[0.0,0.213,0.787],"evs":[0.0,0.7545,0.77543]},"76o":{"weight":1.0,"played":[1.0,0.0,0.0],"evs":[0.0,-0.53588,-1.65202]},"86o":{"weight":1.0,"played":[1.0,0.0,0.0],"evs":[0.0,-0.61282,-1.74472]},"96o":{"weight":1.0,"played":[1.0,0.0,0.0],"evs":[0.0,-0.95062,-2.18151]},"T6o":{"weight":1.0,"played":[1.0,0.0,0.0],"evs":[0.0,-0.86551,-1.93101]},"J6o":{"weight":1.0,"played":[1.0,0.0,0.0],"evs":[0.0,-0.83745,-1.73794]},"Q6o":{"weight":1.0,"played":[1.0,0.0,0.0],"evs":[0.0,-0.67439,-1.19916]},"K6o":{"weight":1.0,"played":[1.0,0.0,0.0],"evs":[0.0,-0.53392,-0.78833]},"A6o":{"weight":1.0,"played":[0.4073,0.0294,0.5633],"evs":[0.0,-0.05776,-0.03104]},"72s":{"weight":1.0,"played":[1.0,0.0,0.0],"evs":[0.0,-0.9083,-2.3218]},"73s":{"weight":1.0,"played":[1.0,0.0,0.0],"evs":[0.0,-0.55381,-1.73671]},"74s":{"weight":1.0,"played":[1.0,0.0,0.0],"evs":[0.0,-0.37773,-1.42626]},"75s":{"weight":1.0,"played":[0.9998,2.0E-4,0.0],"evs":[0.0,-0.2658,-1.23898]},"76s":{"weight":1.0,"played":[0.9942,0.0058,0.0],"evs":[0.0,-0.103,-1.05999]},"77":{"weight":1.0,"played":[0.0,0.0,1.0],"evs":[0.0,0.95241,1.07671]},"87o":{"weight":1.0,"played":[1.0,0.0,0.0],"evs":[0.0,-0.43106,-1.43107]},"97o":{"weight":1.0,"played":[1.0,0.0,0.0],"evs":[0.0,-0.65036,-1.74573]},"T7o":{"weight":1.0,"played":[1.0,0.0,0.0],"evs":[0.0,-0.67588,-1.63259]},"J7o":{"weight":1.0,"played":[1.0,0.0,0.0],"evs":[0.0,-0.7123,-1.44862]},"Q7o":{"weight":1.0,"played":[1.0,0.0,0.0],"evs":[0.0,-0.67878,-1.20068]},"K7o":{"weight":1.0,"played":[1.0,0.0,0.0],"evs":[0.0,-0.45359,-0.69775]},"A7o":{"weight":1.0,"played":[0.0332,0.0141,0.9526],"evs":[0.0,0.1354,0.19658]},"82s":{"weight":1.0,"played":[1.0,0.0,0.0],"evs":[0.0,-0.79209,-2.1536]},"83s":{"weight":1.0,"played":[0.9999,1.0E-4,0.0],"evs":[0.0,-0.64512,-1.83443]},"84s":{"weight":1.0,"played":[1.0,0.0,0.0],"evs":[0.0,-0.40512,-1.47321]},"85s":{"weight":1.0,"played":[1.0,0.0,0.0],"evs":[0.0,-0.3768,-1.40382]},"86s":{"weight":1.0,"played":[0.9997,3.0E-4,0.0],"evs":[0.0,-0.25932,-1.19585]},"87s":{"weight":1.0,"played":[0.8793,0.1207,0.0],"evs":[0.0,-0.11579,-0.92588]},"88":{"weight":1.0,"played":[0.0,0.0,1.0],"evs":[0.0,1.31667,1.47862]},"98o":{"weight":1.0,"played":[1.0,0.0,0.0],"evs":[0.0,-0.61344,-1.61336]},"T8o":{"weight":1.0,"played":[1.0,0.0,0.0],"evs":[0.0,-0.5244,-1.39747]},"J8o":{"weight":1.0,"played":[1.0,0.0,0.0],"evs":[0.0,-0.53211,-1.12529]},"Q8o":{"weight":1.0,"played":[1.0,0.0,0.0],"evs":[0.0,-0.49465,-0.90061]},"K8o":{"weight":1.0,"played":[1.0,0.0,0.0],"evs":[0.0,-0.44104,-0.66073]},"A8o":{"weight":1.0,"played":[0.0,0.0,1.0],"evs":[0.0,0.26202,0.31673]},"92s":{"weight":1.0,"played":[1.0,0.0,0.0],"evs":[0.0,-0.91813,-2.18409]},"93s":{"weight":1.0,"played":[1.0,0.0,0.0],"evs":[0.0,-0.66701,-1.8348]},"94s":{"weight":1.0,"played":[1.0,0.0,0.0],"evs":[0.0,-0.70156,-1.85673]},"95s":{"weight":1.0,"played":[0.9998,2.0E-4,0.0],"evs":[0.0,-0.61804,-1.71778]},"96s":{"weight":1.0,"played":[0.9997,3.0E-4,0.0],"evs":[0.0,-0.38767,-1.34941]},"97s":{"weight":1.0,"played":[0.9999,0.0,1.0E-4],"evs":[0.0,-0.2228,-1.06054]},"98s":{"weight":1.0,"played":[0.7859,0.2141,0.0],"evs":[0.0,-0.07739,-0.91827]},"99":{"weight":1.0,"played":[0.0,0.0,1.0],"evs":[0.0,1.66753,1.9378]},"T9o":{"weight":1.0,"played":[1.0,0.0,0.0],"evs":[0.0,-0.55346,-1.25575]},"J9o":{"weight":1.0,"played":[0.9996,4.0E-4,0.0],"evs":[0.0,-0.46595,-0.79725]},"Q9o":{"weight":1.0,"played":[0.9999,0.0,1.0E-4],"evs":[0.0,-0.44507,-0.61475]},"K9o":{"weight":1.0,"played":[0.9971,0.0,0.0029],"evs":[0.0,-0.30307,-0.21618]},"A9o":{"weight":1.0,"played":[0.0,0.0,1.0],"evs":[0.0,0.64703,0.87387]},"T2s":{"weight":1.0,"played":[1.0,0.0,0.0],"evs":[0.0,-0.59387,-1.75487]},"T3s":{"weight":1.0,"played":[1.0,0.0,0.0],"evs":[0.0,-0.5997,-1.56151]},"T4s":{"weight":1.0,"played":[1.0,0.0,0.0],"evs":[0.0,-0.47606,-1.47853]},"T5s":{"weight":1.0,"played":[1.0,0.0,0.0],"evs":[0.0,-0.64136,-1.6368]},"T6s":{"weight":1.0,"played":[0.9962,0.0035,4.0E-4],"evs":[0.0,-0.54458,-1.37676]},"T7s":{"weight":1.0,"played":[0.8893,0.1107,0.0],"evs":[0.0,-0.16589,-0.92641]},"T8s":{"weight":1.0,"played":[0.8162,0.1838,0.0],"evs":[0.0,-0.12961,-0.82438]},"T9s":{"weight":1.0,"played":[0.6986,0.301,4.0E-4],"evs":[0.0,-0.05655,-0.62678]},"TT":{"weight":1.0,"played":[0.0,0.0,1.0],"evs":[0.0,2.54928,2.89476]},"JTo":{"weight":1.0,"played":[0.9999,1.0E-4,0.0],"evs":[0.0,-0.10179,-0.18417]},"QTo":{"weight":1.0,"played":[0.9201,0.0625,0.0174],"evs":[0.0,-0.09507,-0.07429]},"KTo":{"weight":1.0,"played":[8.0E-4,4.0E-4,0.9988],"evs":[0.0,0.08459,0.30575]},"ATo":{"weight":1.0,"played":[0.0,0.0,1.0],"evs":[0.0,1.23008,1.50247]},"J2s":{"weight":1.0,"played":[1.0,0.0,0.0],"evs":[0.0,-0.60895,-1.46306]},"J3s":{"weight":1.0,"played":[0.9998,2.0E-4,0.0],"evs":[0.0,-0.52139,-1.26546]},"J4s":{"weight":1.0,"played":[1.0,0.0,0.0],"evs":[0.0,-0.4739,-1.22817]},"J5s":{"weight":1.0,"played":[1.0,0.0,0.0],"evs":[0.0,-0.4787,-1.19395]},"J6s":{"weight":1.0,"played":[0.9999,1.0E-4,0.0],"evs":[0.0,-0.31713,-0.97065]},"J7s":{"weight":1.0,"played":[0.9998,1.0E-4,1.0E-4],"evs":[0.0,-0.32969,-0.83156]},"J8s":{"weight":1.0,"played":[0.9683,0.0316,1.0E-4],"evs":[0.0,-0.12592,-0.55133]},"J9s":{"weight":1.0,"played":[0.8961,0.1034,5.0E-4],"evs":[0.0,-0.05593,-0.2745]},"JTs":{"weight":1.0,"played":[0.0,0.9024,0.0976],"evs":[0.0,0.37665,0.3938]},"JJ":{"weight":1.0,"played":[0.0,0.0,1.0],"evs":[0.0,3.06697,3.47773]},"QJo":{"weight":1.0,"played":[0.0346,0.1491,0.8163],"evs":[0.0,0.1543,0.2997]},"KJo":{"weight":1.0,"played":[0.0,3.0E-4,0.9997],"evs":[0.0,0.25425,0.50314]},"AJo":{"weight":1.0,"played":[0.0,0.0,1.0],"evs":[0.0,1.43702,1.65403]},"Q2s":{"weight":1.0,"played":[0.9999,1.0E-4,0.0],"evs":[0.0,-0.3872,-0.97211]},"Q3s":{"weight":1.0,"played":[1.0,0.0,0.0],"evs":[0.0,-0.25661,-0.80788]},"Q4s":{"weight":1.0,"played":[0.9997,3.0E-4,0.0],"evs":[0.0,-0.31394,-0.7635]},"Q5s":{"weight":1.0,"played":[0.9937,0.0063,0.0],"evs":[0.0,-0.14374,-0.54123]},"Q6s":{"weight":1.0,"played":[0.9995,4.0E-4,1.0E-4],"evs":[0.0,-0.21524,-0.57789]},"Q7s":{"weight":1.0,"played":[0.9789,0.0211,0.0],"evs":[0.0,-0.13071,-0.50519]},"Q8s":{"weight":1.0,"played":[0.5724,0.4262,0.0014],"evs":[0.0,-0.02299,-0.21852]},"Q9s":{"weight":1.0,"played":[0.1419,0.8575,7.0E-4],"evs":[0.0,0.12443,0.04973]},"QTs":{"weight":1.0,"played":[0.006,0.067,0.927],"evs":[0.0,0.28672,0.39141]},"QJs":{"weight":1.0,"played":[0.0,0.1317,0.8683],"evs":[0.0,0.62428,0.75319]},"QQ":{"weight":1.0,"played":[0.0,0.0,1.0],"evs":[0.0,3.82359,4.26349]},"KQo":{"weight":1.0,"played":[0.0,0.0,1.0],"evs":[0.0,0.52677,0.77642]},"AQo":{"weight":1.0,"played":[0.0,0.0,1.0],"evs":[0.0,1.73298,1.91767]},"K2s":{"weight":1.0,"played":[0.9982,0.0011,7.0E-4],"evs":[0.0,-0.27508,-0.64273]},"K3s":{"weight":1.0,"played":[0.9996,3.0E-4,1.0E-4],"evs":[0.0,-0.1532,-0.43966]},"K4s":{"weight":1.0,"played":[0.9885,0.0115,0.0],"evs":[0.0,-0.17868,-0.39564]},"K5s":{"weight":1.0,"played":[0.9607,0.0309,0.0084],"evs":[0.0,-0.21164,-0.38001]},"K6s":{"weight":1.0,"played":[0.8646,0.135,4.0E-4],"evs":[0.0,-7.2E-4,-0.05025]},"K7s":{"weight":1.0,"played":[0.8695,0.1291,0.0014],"evs":[0.0,-0.04524,-0.1323]},"K8s":{"weight":1.0,"played":[0.5801,0.264,0.1559],"evs":[0.0,0.02317,0.00362]},"K9s":{"weight":1.0,"played":[0.0,0.0018,0.9982],"evs":[0.0,0.27776,0.41804]},"KTs":{"weight":1.0,"played":[0.0,0.001,0.999],"evs":[0.0,0.64623,0.90719]},"KJs":{"weight":1.0,"played":[1.0E-4,2.0E-4,0.9997],"evs":[0.0,0.85129,1.16993]},"KQs":{"weight":1.0,"played":[0.0,0.0017,0.9983],"evs":[0.0,1.13382,1.40498]},"KK":{"weight":1.0,"played":[0.0,0.0,1.0],"evs":[0.0,4.62123,5.07559]},"AKo":{"weight":1.0,"played":[0.0,0.0,1.0],"evs":[0.0,2.46738,2.67413]},"A2s":{"weight":1.0,"played":[0.0,0.141,0.859],"evs":[0.0,0.50647,0.50278]},"A3s":{"weight":1.0,"played":[0.0037,0.3092,0.6871],"evs":[0.0,0.43732,0.44073]},"A4s":{"weight":1.0,"played":[0.0,0.4992,0.5008],"evs":[0.0,0.55947,0.58615]},"A5s":{"weight":1.0,"played":[0.0,0.1943,0.8056],"evs":[0.0,0.52778,0.52207]},"A6s":{"weight":1.0,"played":[6.0E-4,0.0021,0.9972],"evs":[0.0,0.57906,0.65961]},"A7s":{"weight":1.0,"played":[0.0,0.0061,0.9938],"evs":[0.0,0.79738,0.92273]},"A8s":{"weight":1.0,"played":[0.0,1.0E-4,0.9998],"evs":[0.0,0.82292,0.98651]},"A9s":{"weight":1.0,"played":[0.0,0.0,1.0],"evs":[0.0,1.3024,1.56187]},"ATs":{"weight":1.0,"played":[0.0,4.0E-4,0.9996],"evs":[0.0,1.60926,1.88955]},"AJs":{"weight":1.0,"played":[0.0,2.0E-4,0.9998],"evs":[0.0,1.87267,2.12807]},"AQs":{"weight":1.0,"played":[0.0,0.0,1.0],"evs":[0.0,2.1998,2.42195]},"AKs":{"weight":1.0,"played":[0.0,0.0,1.0],"evs":[0.0,2.86975,3.04758]},"AA":{"weight":1.0,"played":[0.0,0.0,1.0],"evs":[0.0,6.88563,7.28603]}}}