{"player":4,"street":0,"children":2,"sequence":[{"player":0,"type":"F","amount":0,"street":0},{"player":1,"type":"F","amount":0,"street":0},{"player":2,"type":"F","amount":0,"street":0},{"player":3,"type":"R","amount":15750000,"street":0},{"player":4,"type":"C","amount":13250000,"street":0},{"player":5,"type":"R","amount":31250000,"street":0}],"actions":[{"type":"F","amount":0},{"type":"C","amount":15500000}],"hands":{"22":{"weight":0.1709,"played":[0.0,1.0],"evs":[0.0,2.65626]},"32o":{"weight":0.0,"played":[0.0,1.0],"evs":[0.0,0.49302]},"42o":{"weight":0.0,"played":[0.0,1.0],"evs":[0.0,0.59735]},"52o":{"weight":0.0,"played":[0.0,1.0],"evs":[0.0,0.66522]},"62o":{"weight":0.0,"played":[0.0,1.0],"evs":[0.0,0.53207]},"72o":{"weight":0.0,"played":[0.0,1.0],"evs":[0.0,0.35374]},"82o":{"weight":0.0,"played":[0.0,1.0],"evs":[0.0,0.55299]},"92o":{"weight":0.0,"played":[0.0,1.0],"evs":[0.0,0.55306]},"T2o":{"weight":0.0,"played":[0.0,1.0],"evs":[0.0,0.59189]},"J2o":{"weight":0.0,"played":[0.0,1.0],"evs":[0.0,0.65602]},"Q2o":{"weight":0.0,"played":[0.0,1.0],"evs":[0.0,0.80322]},"K2o":{"weight":0.0,"played":[0.0,1.0],"evs":[0.0,0.9923]},"A2o":{"weight":0.0444,"played":[0.0,1.0],"evs":[0.0,1.71241]},"32s":{"weight":0.0,"played":[0.0,1.0],"evs":[0.0,1.21526]},"33":{"weight":0.0,"played":[0.0,1.0],"evs":[0.0,2.81289]},"43o":{"weight":0.0,"played":[0.0,1.0],"evs":[0.0,0.84511]},"53o":{"weight":0.0,"played":[0.0,1.0],"evs":[0.0,0.91905]},"63o":{"weight":0.0,"played":[0.0,1.0],"evs":[0.0,0.75217]},"73o":{"weight":0.0,"played":[0.0,1.0],"evs":[0.0,0.58892]},"83o":{"weight":0.0,"played":[0.0,1.0],"evs":[0.0,0.52258]},"93o":{"weight":0.0,"played":[0.0,1.0],"evs":[0.0,0.62397]},"T3o":{"weight":0.0,"played":[0.0,1.0],"evs":[0.0,0.66507]},"J3o":{"weight":0.0,"played":[0.0,1.0],"evs":[0.0,0.76431]},"Q3o":{"weight":0.0,"played":[0.0,1.0],"evs":[0.0,0.8958]},"K3o":{"weight":0.0,"played":[0.0,1.0],"evs":[0.0,1.05521]},"A3o":{"weight":0.0,"played":[0.0,1.0],"evs":[0.0,1.78536]},"42s":{"weight":0.0,"played":[0.0,1.0],"evs":[0.0,1.22675]},"43s":{"weight":0.0,"played":[0.0,1.0],"evs":[0.0,1.51771]},"44":{"weight":0.0,"played":[0.0,1.0],"evs":[0.0,3.07523]},"54o":{"weight":0.0,"played":[0.0,1.0],"evs":[0.0,1.26846]},"64o":{"weight":0.0,"played":[0.0,1.0],"evs":[0.0,1.04616]},"74o":{"weight":0.0,"played":[0.0,1.0],"evs":[0.0,0.91989]},"84o":{"weight":0.0,"played":[0.0,1.0],"evs":[0.0,0.82822]},"94o":{"weight":0.0,"played":[0.0,1.0],"evs":[0.0,0.67715]},"T4o":{"weight":0.0,"played":[0.0,1.0],"evs":[0.0,0.79937]},"J4o":{"weight":0.0,"played":[0.0,1.0],"evs":[0.0,0.82072]},"Q4o":{"weight":0.0,"played":[0.0,1.0],"evs":[0.0,0.96526]},"K4o":{"weight":0.0,"played":[0.0,1.0],"evs":[0.0,1.13174]},"A4o":{"weight":0.0,"played":[0.0,1.0],"evs":[0.0,1.87366]},"52s":{"weight":0.0,"played":[0.0,1.0],"evs":[0.0,1.34794]},"53s":{"weight":0.0,"played":[0.0,1.0],"evs":[0.0,1.56065]},"54s":{"weight":0.0264,"played":[0.0,1.0],"evs":[0.0,1.82658]},"55":{"weight":1.0E-4,"played":[0.0,1.0],"evs":[0.0,3.40519]},"65o":{"weight":0.0,"played":[0.0,1.0],"evs":[0.0,1.30498]},"75o":{"weight":0.0,"played":[0.0,1.0],"evs":[0.0,1.18228]},"85o":{"weight":0.0,"played":[0.0,1.0],"evs":[0.0,1.10487]},"95o":{"weight":0.0,"played":[0.0,1.0],"evs":[0.0,0.95057]},"T5o":{"weight":0.0,"played":[0.0,1.0],"evs":[0.0,0.84413]},"J5o":{"weight":0.0,"played":[0.0,1.0],"evs":[0.0,0.90553]},"Q5o":{"weight":0.0,"played":[0.0,1.0],"evs":[0.0,1.05244]},"K5o":{"weight":0.0,"played":[0.0,1.0],"evs":[0.0,1.20558]},"A5o":{"weight":1.0E-4,"played":[0.0,1.0],"evs":[0.0,1.9954]},"62s":{"weight":0.0,"played":[0.0,1.0],"evs":[0.0,1.17161]},"63s":{"weight":0.0,"played":[0.0,1.0],"evs":[0.0,1.43445]},"64s":{"weight":4.0E-4,"played":[0.0,1.0],"evs":[0.0,1.74999]},"65s":{"weight":0.0039,"played":[0.0,1.0],"evs":[0.0,1.91706]},"66":{"weight":1.0E-4,"played":[0.0,1.0],"evs":[0.0,3.6963]},"76o":{"weight":0.0,"played":[0.0,1.0],"evs":[0.0,1.45343]},"86o":{"weight":0.0,"played":[0.0,1.0],"evs":[0.0,1.3643]},"96o":{"weight":0.0,"played":[0.0,1.0],"evs":[0.0,1.24492]},"T6o":{"weight":0.0,"played":[0.0,1.0],"evs":[0.0,1.06765]},"J6o":{"weight":0.0,"played":[0.0,1.0],"evs":[0.0,0.94686]},"Q6o":{"weight":0.0,"played":[0.0,1.0],"evs":[0.0,1.12004]},"K6o":{"weight":0.0,"played":[0.0,1.0],"evs":[0.0,1.30984]},"A6o":{"weight":0.0,"played":[0.0,1.0],"evs":[0.0,2.00695]},"72s":{"weight":0.0,"played":[0.0,1.0],"evs":[0.0,1.08397]},"73s":{"weight":0.0,"played":[0.0,1.0],"evs":[0.0,1.28181]},"74s":{"weight":0.0,"played":[0.0,1.0],"evs":[0.0,1.64818]},"75s":{"weight":0.0204,"played":[0.0,1.0],"evs":[0.0,1.83364]},"76s":{"weight":0.1787,"played":[0.0,1.0],"evs":[0.0,2.03042]},"77":{"weight":0.0,"played":[0.0,1.0],"evs":[0.0,4.08586]},"87o":{"weight":0.0,"played":[0.0,1.0],"evs":[0.0,1.58727]},"97o":{"weight":0.0,"played":[0.0,1.0],"evs":[0.0,1.46739]},"T7o":{"weight":0.0,"played":[0.0,1.0],"evs":[0.0,1.30885]},"J7o":{"weight":0.0,"played":[0.0,1.0],"evs":[0.0,1.19933]},"Q7o":{"weight":0.0,"played":[0.0,1.0],"evs":[0.0,1.10322]},"K7o":{"weight":1.0E-4,"played":[0.0,1.0],"evs":[0.0,1.33988]},"A7o":{"weight":0.0,"played":[0.0,1.0],"evs":[0.0,2.2704]},"82s":{"weight":0.0,"played":[0.0,1.0],"evs":[0.0,1.25357]},"83s":{"weight":0.0,"played":[0.0,1.0],"evs":[0.0,1.23105]},"84s":{"weight":0.0,"played":[0.0,1.0],"evs":[0.0,1.46962]},"85s":{"weight":0.0036,"played":[0.0,1.0],"evs":[0.0,1.75115]},"86s":{"weight":0.124,"played":[0.0,1.0],"evs":[0.0,1.96257]},"87s":{"weight":0.0039,"played":[0.0,1.0],"evs":[0.0,2.23599]},"88":{"weight":0.0,"played":[0.0,1.0],"evs":[0.0,4.5504]},"98o":{"weight":0.0,"played":[0.0,1.0],"evs":[0.0,1.73309]},"T8o":{"weight":0.0,"played":[0.0,1.0],"evs":[0.0,1.62968]},"J8o":{"weight":0.0,"played":[0.0,1.0],"evs":[0.0,1.49806]},"Q8o":{"weight":0.0,"played":[0.0,1.0],"evs":[0.0,1.44685]},"K8o":{"weight":4.0E-4,"played":[0.0,1.0],"evs":[0.0,1.44553]},"A8o":{"weight":0.0,"played":[0.0,1.0],"evs":[0.0,2.68196]},"92s":{"weight":0.0,"played":[0.0,1.0],"evs":[0.0,1.30407]},"93s":{"weight":0.0,"played":[0.0,1.0],"evs":[0.0,1.32928]},"94s":{"weight":0.0,"played":[0.0,1.0],"evs":[0.0,1.33913]},"95s":{"weight":0.0,"played":[0.0,1.0],"evs":[0.0,1.60245]},"96s":{"weight":0.1509,"played":[0.0,1.0],"evs":[0.0,1.81832]},"97s":{"weight":0.0056,"played":[0.0,1.0],"evs":[0.0,2.12665]},"98s":{"weight":0.0181,"played":[0.0,1.0],"evs":[0.0,2.34829]},"99":{"weight":2.0E-4,"played":[0.0,1.0],"evs":[0.0,4.95935]},"T9o":{"weight":0.1568,"played":[0.0,1.0],"evs":[0.0,1.8451]},"J9o":{"weight":0.0483,"played":[0.0,1.0],"evs":[0.0,1.7397]},"Q9o":{"weight":0.0,"played":[0.0,1.0],"evs":[0.0,1.70147]},"K9o":{"weight":0.0045,"played":[0.0,1.0],"evs":[0.0,1.72869]},"A9o":{"weight":0.0,"played":[0.0,1.0],"evs":[0.0,3.13658]},"T2s":{"weight":0.0,"played":[0.0,1.0],"evs":[0.0,1.2571]},"T3s":{"weight":0.0,"played":[0.0,1.0],"evs":[0.0,1.45032]},"T4s":{"weight":0.0,"played":[0.0,1.0],"evs":[0.0,1.4334]},"T5s":{"weight":0.0,"played":[0.0,1.0],"evs":[0.0,1.49241]},"T6s":{"weight":0.1588,"played":[0.0,1.0],"evs":[0.0,1.69802]},"T7s":{"weight":0.0182,"played":[0.0,1.0],"evs":[0.0,1.88918]},"T8s":{"weight":0.0169,"played":[0.0,1.0],"evs":[0.0,2.30632]},"T9s":{"weight":0.5233,"played":[0.0,1.0],"evs":[0.0,2.50285]},"TT":{"weight":8.0E-4,"played":[0.0,1.0],"evs":[0.0,5.66355]},"JTo":{"weight":0.0032,"played":[0.0,1.0],"evs":[0.0,2.01608]},"QTo":{"weight":0.0066,"played":[0.0,1.0],"evs":[0.0,2.06721]},"KTo":{"weight":1.0E-4,"played":[0.0,1.0],"evs":[0.0,2.30545]},"ATo":{"weight":3.0E-4,"played":[0.0,1.0],"evs":[0.0,3.92491]},"J2s":{"weight":0.0,"played":[0.0,1.0],"evs":[0.0,1.41475]},"J3s":{"weight":0.0,"played":[0.0,1.0],"evs":[0.0,1.46871]},"J4s":{"weight":0.0,"played":[0.0,1.0],"evs":[0.0,1.52604]},"J5s":{"weight":2.0E-4,"played":[0.0,1.0],"evs":[0.0,1.53927]},"J6s":{"weight":4.0E-4,"played":[0.0,1.0],"evs":[0.0,1.58693]},"J7s":{"weight":0.2015,"played":[0.0,1.0],"evs":[0.0,1.82473]},"J8s":{"weight":0.0353,"played":[0.0,1.0],"evs":[0.0,2.17276]},"J9s":{"weight":0.6893,"played":[0.0,1.0],"evs":[0.0,2.32153]},"JTs":{"weight":0.0533,"played":[0.0,1.0],"evs":[0.0,2.67692]},"JJ":{"weight":0.004,"played":[0.0,1.0],"evs":[0.0,6.44217]},"QJo":{"weight":0.0483,"played":[0.0,1.0],"evs":[0.0,2.26681]},"KJo":{"weight":1.0E-4,"played":[0.0,1.0],"evs":[0.0,2.68321]},"AJo":{"weight":1.0E-4,"played":[0.0,1.0],"evs":[0.0,4.52035]},"Q2s":{"weight":0.0,"played":[0.0,1.0],"evs":[0.0,1.51424]},"Q3s":{"weight":0.0053,"played":[0.0,1.0],"evs":[0.0,1.57852]},"Q4s":{"weight":0.0053,"played":[0.0,1.0],"evs":[0.0,1.67295]},"Q5s":{"weight":5.0E-4,"played":[0.0,1.0],"evs":[0.0,1.66668]},"Q6s":{"weight":0.0818,"played":[0.0,1.0],"evs":[0.0,1.80013]},"Q7s":{"weight":0.0012,"played":[0.0,1.0],"evs":[0.0,1.81735]},"Q8s":{"weight":6.0E-4,"played":[0.0,1.0],"evs":[0.0,2.06948]},"Q9s":{"weight":0.0,"played":[0.0,1.0],"evs":[0.0,2.36677]},"QTs":{"weight":0.4734,"played":[0.0,1.0],"evs":[0.0,2.64863]},"QJs":{"weight":0.0019,"played":[0.0,1.0],"evs":[0.0,2.90193]},"QQ":{"weight":0.0047,"played":[0.0,1.0],"evs":[0.0,7.22809]},"KQo":{"weight":6.0E-4,"played":[0.0,1.0],"evs":[0.0,3.14152]},"AQo":{"weight":0.0152,"played":[0.0,1.0],"evs":[0.0,5.10902]},"K2s":{"weight":0.2579,"played":[0.0,1.0],"evs":[0.0,1.62577]},"K3s":{"weight":0.0012,"played":[0.0,1.0],"evs":[0.0,1.77184]},"K4s":{"weight":4.0E-4,"played":[0.0,1.0],"evs":[0.0,1.84377]},"K5s":{"weight":1.0E-4,"played":[0.0,1.0],"evs":[0.0,1.85046]},"K6s":{"weight":0.0767,"played":[0.0,1.0],"evs":[0.0,1.95571]},"K7s":{"weight":5.0E-4,"played":[0.0,1.0],"evs":[0.0,1.98438]},"K8s":{"weight":0.0,"played":[0.0,1.0],"evs":[0.0,2.05183]},"K9s":{"weight":0.1303,"played":[0.0,1.0],"evs":[0.0,2.33749]},"KTs":{"weight":0.0,"played":[0.0,1.0],"evs":[0.0,2.92333]},"KJs":{"weight":0.0213,"played":[0.0,1.0],"evs":[0.0,3.21471]},"KQs":{"weight":0.2749,"played":[0.0,1.0],"evs":[0.0,3.63538]},"KK":{"weight":0.1003,"played":[0.0,1.0],"evs":[0.0,8.27891]},"AKo":{"weight":0.0046,"played":[0.0,1.0],"evs":[0.0,5.89009]},"A2s":{"weight":0.1175,"played":[0.0,1.0],"evs":[0.0,2.30749]},"A3s":{"weight":0.0089,"played":[0.0,1.0],"evs":[0.0,2.48735]},"A4s":{"weight":4.0E-4,"played":[0.0,1.0],"evs":[0.0,2.49479]},"A5s":{"weight":0.0228,"played":[0.0,1.0],"evs":[0.0,2.70275]},"A6s":{"weight":0.0234,"played":[0.0,1.0],"evs":[0.0,2.59593]},"A7s":{"weight":0.0041,"played":[0.0,1.0],"evs":[0.0,2.93664]},"A8s":{"weight":2.0E-4,"played":[0.0,1.0],"evs":[0.0,3.30383]},"A9s":{"weight":0.1315,"played":[0.0,1.0],"evs":[0.0,3.61454]},"ATs":{"weight":0.0277,"played":[0.0,1.0],"evs":[0.0,4.41613]},"AJs":{"weight":2.0E-4,"played":[0.0,1.0],"evs":[0.0,4.9791]},"AQs":{"weight":0.0921,"played":[0.0,1.0],"evs":[0.0,5.60865]},"AKs":{"weight":0.7685,"played":[0.0,1.0],"evs":[0.0,6.20605]},"AA":{"weight":0.235,"played":[0.0,1.0],"evs":[0.0,10.5464]}}}