{"player":3,"street":0,"children":2,"sequence":[{"player":0,"type":"F","amount":0,"street":0},{"player":1,"type":"R","amount":36750000,"street":0},{"player":2,"type":"F","amount":0,"street":0}],"actions":[{"type":"F","amount":0,"node":22},{"type":"C","amount":15750000,"node":25}],"hands":{"22":{"weight":1.0,"played":[1.0,0.0],"evs":[0.0,-0.64374]},"32o":{"weight":1.0,"played":[1.0,0.0],"evs":[0.0,-2.23315]},"42o":{"weight":1.0,"played":[1.0,0.0],"evs":[0.0,-2.16345]},"52o":{"weight":1.0,"played":[1.0,0.0],"evs":[0.0,-2.07762]},"62o":{"weight":1.0,"played":[1.0,0.0],"evs":[0.0,-2.18888]},"72o":{"weight":1.0,"played":[1.0,0.0],"evs":[0.0,-2.28134]},"82o":{"weight":1.0,"played":[1.0,0.0],"evs":[0.0,-2.19712]},"92o":{"weight":1.0,"played":[1.0,0.0],"evs":[0.0,-2.14881]},"T2o":{"weight":1.0,"played":[1.0,0.0],"evs":[0.0,-2.12205]},"J2o":{"weight":1.0,"played":[1.0,0.0],"evs":[0.0,-2.00035]},"Q2o":{"weight":1.0,"played":[1.0,0.0],"evs":[0.0,-1.79983]},"K2o":{"weight":1.0,"played":[1.0,0.0],"evs":[0.0,-1.5163]},"A2o":{"weight":1.0,"played":[1.0,0.0],"evs":[0.0,-0.81064]},"32s":{"weight":1.0,"played":[1.0,0.0],"evs":[0.0,-1.75986]},"33":{"weight":1.0,"played":[1.0,0.0],"evs":[0.0,-0.46038]},"43o":{"weight":1.0,"played":[1.0,0.0],"evs":[0.0,-1.97525]},"53o":{"weight":1.0,"played":[1.0,0.0],"evs":[0.0,-1.89256]},"63o":{"weight":1.0,"played":[1.0,0.0],"evs":[0.0,-1.99099]},"73o":{"weight":1.0,"played":[1.0,0.0],"evs":[0.0,-2.08687]},"83o":{"weight":1.0,"played":[1.0,0.0],"evs":[0.0,-2.16902]},"93o":{"weight":1.0,"played":[1.0,0.0],"evs":[0.0,-2.09096]},"T3o":{"weight":1.0,"played":[1.0,0.0],"evs":[0.0,-2.05623]},"J3o":{"weight":1.0,"played":[1.0,0.0],"evs":[0.0,-1.93935]},"Q3o":{"weight":1.0,"played":[1.0,0.0],"evs":[0.0,-1.73908]},"K3o":{"weight":1.0,"played":[1.0,0.0],"evs":[0.0,-1.45866]},"A3o":{"weight":1.0,"played":[1.0,0.0],"evs":[0.0,-0.74035]},"42s":{"weight":1.0,"played":[1.0,0.0],"evs":[0.0,-1.70563]},"43s":{"weight":1.0,"played":[1.0,0.0],"evs":[0.0,-1.54631]},"44":{"weight":1.0,"played":[1.0,0.0],"evs":[0.0,-0.24699]},"54o":{"weight":1.0,"played":[1.0,0.0],"evs":[0.0,-1.7017]},"64o":{"weight":1.0,"played":[1.0,0.0],"evs":[0.0,-1.81689]},"74o":{"weight":1.0,"played":[1.0,0.0],"evs":[0.0,-1.90512]},"84o":{"weight":1.0,"played":[1.0,0.0],"evs":[0.0,-1.99001]},"94o":{"weight":1.0,"played":[1.0,0.0],"evs":[0.0,-2.07282]},"T4o":{"weight":1.0,"played":[1.0,0.0],"evs":[0.0,-1.99871]},"J4o":{"weight":1.0,"played":[1.0,0.0],"evs":[0.0,-1.87601]},"Q4o":{"weight":1.0,"played":[1.0,0.0],"evs":[0.0,-1.68864]},"K4o":{"weight":1.0,"played":[1.0,0.0],"evs":[0.0,-1.40197]},"A4o":{"weight":1.0,"played":[1.0,0.0],"evs":[0.0,-0.65582]},"52s":{"weight":1.0,"played":[1.0,0.0],"evs":[0.0,-1.62307]},"53s":{"weight":1.0,"played":[1.0,0.0],"evs":[0.0,-1.45211]},"54s":{"weight":1.0,"played":[1.0,0.0],"evs":[0.0,-1.27641]},"55":{"weight":1.0,"played":[0.1403,0.8597],"evs":[0.0,0.00489]},"65o":{"weight":1.0,"played":[1.0,0.0],"evs":[0.0,-1.61152]},"75o":{"weight":1.0,"played":[1.0,0.0],"evs":[0.0,-1.69297]},"85o":{"weight":1.0,"played":[1.0,0.0],"evs":[0.0,-1.77395]},"95o":{"weight":1.0,"played":[1.0,0.0],"evs":[0.0,-1.85977]},"T5o":{"weight":1.0,"played":[1.0,0.0],"evs":[0.0,-1.94389]},"J5o":{"weight":1.0,"played":[1.0,0.0],"evs":[0.0,-1.79607]},"Q5o":{"weight":1.0,"played":[1.0,0.0],"evs":[0.0,-1.59848]},"K5o":{"weight":1.0,"played":[1.0,0.0],"evs":[0.0,-1.31849]},"A5o":{"weight":1.0,"played":[1.0,0.0],"evs":[0.0,-0.5445]},"62s":{"weight":1.0,"played":[1.0,0.0],"evs":[0.0,-1.73121]},"63s":{"weight":1.0,"played":[1.0,0.0],"evs":[0.0,-1.55363]},"64s":{"weight":1.0,"played":[1.0,0.0],"evs":[0.0,-1.37508]},"65s":{"weight":1.0,"played":[1.0,0.0],"evs":[0.0,-1.18491]},"66":{"weight":1.0,"played":[0.0,1.0],"evs":[0.0,0.23367]},"76o":{"weight":1.0,"played":[1.0,0.0],"evs":[0.0,-1.51237]},"86o":{"weight":1.0,"played":[1.0,0.0],"evs":[0.0,-1.579]},"96o":{"weight":1.0,"played":[1.0,0.0],"evs":[0.0,-1.6642]},"T6o":{"weight":1.0,"played":[1.0,0.0],"evs":[0.0,-1.75917]},"J6o":{"weight":1.0,"played":[1.0,0.0],"evs":[0.0,-1.75935]},"Q6o":{"weight":1.0,"played":[1.0,0.0],"evs":[0.0,-1.53418]},"K6o":{"weight":1.0,"played":[1.0,0.0],"evs":[0.0,-1.25824]},"A6o":{"weight":1.0,"played":[1.0,0.0],"evs":[0.0,-0.55622]},"72s":{"weight":1.0,"played":[1.0,0.0],"evs":[0.0,-1.81265]},"73s":{"weight":1.0,"played":[1.0,0.0],"evs":[0.0,-1.65003]},"74s":{"weight":1.0,"played":[1.0,0.0],"evs":[0.0,-1.46341]},"75s":{"weight":1.0,"played":[1.0,0.0],"evs":[0.0,-1.26455]},"76s":{"weight":1.0,"played":[1.0,0.0],"evs":[0.0,-1.10989]},"77":{"weight":1.0,"played":[0.0,1.0],"evs":[0.0,0.45031]},"87o":{"weight":1.0,"played":[1.0,0.0],"evs":[0.0,-1.42344]},"97o":{"weight":1.0,"played":[1.0,0.0],"evs":[0.0,-1.48864]},"T7o":{"weight":1.0,"played":[1.0,0.0],"evs":[0.0,-1.57809]},"J7o":{"weight":1.0,"played":[1.0,0.0],"evs":[0.0,-1.58496]},"Q7o":{"weight":1.0,"played":[1.0,0.0],"evs":[0.0,-1.52306]},"K7o":{"weight":1.0,"played":[1.0,0.0],"evs":[0.0,-1.20243]},"A7o":{"weight":1.0,"played":[1.0,0.0],"evs":[0.0,-0.35502]},"82s":{"weight":1.0,"played":[1.0,0.0],"evs":[0.0,-1.73111]},"83s":{"weight":1.0,"played":[1.0,0.0],"evs":[0.0,-1.70678]},"84s":{"weight":1.0,"played":[1.0,0.0],"evs":[0.0,-1.5409]},"85s":{"weight":1.0,"played":[1.0,0.0],"evs":[0.0,-1.32831]},"86s":{"weight":1.0,"played":[1.0,0.0],"evs":[0.0,-1.15725]},"87s":{"weight":1.0,"played":[1.0,0.0],"evs":[0.0,-1.01042]},"88":{"weight":1.0,"played":[0.0,1.0],"evs":[0.0,0.75255]},"98o":{"weight":1.0,"played":[1.0,0.0],"evs":[0.0,-1.33857]},"T8o":{"weight":1.0,"played":[1.0,0.0],"evs":[0.0,-1.38722]},"J8o":{"weight":1.0,"played":[1.0,0.0],"evs":[0.0,-1.38451]},"Q8o":{"weight":1.0,"played":[1.0,0.0],"evs":[0.0,-1.31577]},"K8o":{"weight":1.0,"played":[1.0,0.0],"evs":[0.0,-1.11406]},"A8o":{"weight":1.0,"played":[1.0,0.0],"evs":[0.0,-0.10206]},"92s":{"weight":1.0,"played":[1.0,0.0],"evs":[0.0,-1.67745]},"93s":{"weight":1.0,"played":[1.0,0.0],"evs":[0.0,-1.62867]},"94s":{"weight":1.0,"played":[1.0,0.0],"evs":[0.0,-1.59936]},"95s":{"weight":1.0,"played":[1.0,0.0],"evs":[0.0,-1.40934]},"96s":{"weight":1.0,"played":[1.0,0.0],"evs":[0.0,-1.23782]},"97s":{"weight":1.0,"played":[1.0,0.0],"evs":[0.0,-1.07084]},"98s":{"weight":1.0,"played":[1.0,0.0],"evs":[0.0,-0.91966]},"99":{"weight":1.0,"played":[0.0,1.0],"evs":[0.0,1.099]},"T9o":{"weight":1.0,"played":[1.0,0.0],"evs":[0.0,-1.18522]},"J9o":{"weight":1.0,"played":[1.0,0.0],"evs":[0.0,-1.18515]},"Q9o":{"weight":1.0,"played":[1.0,0.0],"evs":[0.0,-1.10221]},"K9o":{"weight":1.0,"played":[1.0,0.0],"evs":[0.0,-0.90307]},"A9o":{"weight":1.0,"played":[0.0,1.0],"evs":[0.0,0.16204]},"T2s":{"weight":1.0,"played":[1.0,0.0],"evs":[0.0,-1.663]},"T3s":{"weight":1.0,"played":[1.0,0.0],"evs":[0.0,-1.60718]},"T4s":{"weight":1.0,"played":[1.0,0.0],"evs":[0.0,-1.53751]},"T5s":{"weight":1.0,"played":[1.0,0.0],"evs":[0.0,-1.49928]},"T6s":{"weight":1.0,"played":[1.0,0.0],"evs":[0.0,-1.32346]},"T7s":{"weight":1.0,"played":[1.0,0.0],"evs":[0.0,-1.15034]},"T8s":{"weight":1.0,"played":[1.0,0.0],"evs":[0.0,-0.96625]},"T9s":{"weight":1.0,"played":[1.0,0.0],"evs":[0.0,-0.77628]},"TT":{"weight":1.0,"played":[0.0,1.0],"evs":[0.0,1.60976]},"JTo":{"weight":1.0,"played":[1.0,0.0],"evs":[0.0,-0.91027]},"QTo":{"weight":1.0,"played":[1.0,0.0],"evs":[0.0,-0.77604]},"KTo":{"weight":1.0,"played":[1.0,0.0],"evs":[0.0,-0.49989]},"ATo":{"weight":1.0,"played":[0.0,1.0],"evs":[0.0,0.68834]},"J2s":{"weight":1.0,"played":[1.0,0.0],"evs":[0.0,-1.54652]},"J3s":{"weight":1.0,"played":[1.0,0.0],"evs":[0.0,-1.47736]},"J4s":{"weight":1.0,"played":[1.0,0.0],"evs":[0.0,-1.41488]},"J5s":{"weight":1.0,"played":[1.0,0.0],"evs":[0.0,-1.34506]},"J6s":{"weight":1.0,"played":[1.0,0.0],"evs":[0.0,-1.30764]},"J7s":{"weight":1.0,"played":[1.0,0.0],"evs":[0.0,-1.16441]},"J8s":{"weight":1.0,"played":[1.0,0.0],"evs":[0.0,-0.98766]},"J9s":{"weight":1.0,"played":[1.0,0.0],"evs":[0.0,-0.78403]},"JTs":{"weight":1.0,"played":[1.0,0.0],"evs":[0.0,-0.51588]},"JJ":{"weight":1.0,"played":[0.0,1.0],"evs":[0.0,2.13589]},"QJo":{"weight":1.0,"played":[1.0,0.0],"evs":[0.0,-0.54289]},"KJo":{"weight":1.0,"played":[1.0,0.0],"evs":[0.0,-0.27134]},"AJo":{"weight":1.0,"played":[0.0,1.0],"evs":[0.0,1.04294]},"Q2s":{"weight":1.0,"played":[1.0,0.0],"evs":[0.0,-1.35347]},"Q3s":{"weight":1.0,"played":[1.0,0.0],"evs":[0.0,-1.28831]},"Q4s":{"weight":1.0,"played":[1.0,0.0],"evs":[0.0,-1.23255]},"Q5s":{"weight":1.0,"played":[1.0,0.0],"evs":[0.0,-1.16903]},"Q6s":{"weight":1.0,"played":[1.0,0.0],"evs":[0.0,-1.1065]},"Q7s":{"weight":1.0,"played":[1.0,0.0],"evs":[0.0,-1.07577]},"Q8s":{"weight":1.0,"played":[1.0,0.0],"evs":[0.0,-0.8957]},"Q9s":{"weight":1.0,"played":[1.0,0.0],"evs":[0.0,-0.69575]},"QTs":{"weight":1.0,"played":[1.0,0.0],"evs":[0.0,-0.39394]},"QJs":{"weight":1.0,"played":[1.0,0.0],"evs":[0.0,-0.18904]},"QQ":{"weight":1.0,"played":[0.0,1.0],"evs":[0.0,2.6872]},"KQo":{"weight":1.0,"played":[0.1371,0.8629],"evs":[0.0,0.00182]},"AQo":{"weight":1.0,"played":[0.0,1.0],"evs":[0.0,1.39979]},"K2s":{"weight":1.0,"played":[1.0,0.0],"evs":[0.0,-1.0636]},"K3s":{"weight":1.0,"played":[1.0,0.0],"evs":[0.0,-1.02031]},"K4s":{"weight":1.0,"played":[1.0,0.0],"evs":[0.0,-0.96045]},"K5s":{"weight":1.0,"played":[1.0,0.0],"evs":[0.0,-0.89448]},"K6s":{"weight":1.0,"played":[1.0,0.0],"evs":[0.0,-0.82586]},"K7s":{"weight":1.0,"played":[1.0,0.0],"evs":[0.0,-0.7819]},"K8s":{"weight":1.0,"played":[1.0,0.0],"evs":[0.0,-0.69336]},"K9s":{"weight":1.0,"played":[1.0,0.0],"evs":[0.0,-0.50538]},"KTs":{"weight":1.0,"played":[1.0,0.0],"evs":[0.0,-0.14108]},"KJs":{"weight":1.0,"played":[0.0,1.0],"evs":[0.0,0.07077]},"KQs":{"weight":1.0,"played":[0.0,1.0],"evs":[0.0,0.34177]},"KK":{"weight":1.0,"played":[0.0,1.0],"evs":[0.0,3.30352]},"AKo":{"weight":1.0,"played":[0.0,1.0],"evs":[0.0,1.80903]},"A2s":{"weight":1.0,"played":[1.0,0.0],"evs":[0.0,-0.38673]},"A3s":{"weight":1.0,"played":[1.0,0.0],"evs":[0.0,-0.33436]},"A4s":{"weight":1.0,"played":[1.0,0.0],"evs":[0.0,-0.25336]},"A5s":{"weight":1.0,"played":[0.9998,2.0E-4],"evs":[0.0,-0.15394]},"A6s":{"weight":1.0,"played":[1.0,0.0],"evs":[0.0,-0.16301]},"A7s":{"weight":1.0,"played":[8.0E-4,0.9992],"evs":[0.0,0.01919]},"A8s":{"weight":1.0,"played":[0.0,1.0],"evs":[0.0,0.25089]},"A9s":{"weight":1.0,"played":[0.0,1.0],"evs":[0.0,0.49878]},"ATs":{"weight":1.0,"played":[0.0,1.0],"evs":[0.0,1.00099]},"AJs":{"weight":1.0,"played":[0.0,1.0],"evs":[0.0,1.32936]},"AQs":{"weight":1.0,"played":[0.0,1.0],"evs":[0.0,1.66509]},"AKs":{"weight":1.0,"played":[0.0,1.0],"evs":[0.0,2.0347]},"AA":{"weight":1.0,"played":[0.0,1.0],"evs":[0.0,4.65626]}}}