{"player":5,"street":0,"children":2,"sequence":[{"player":0,"type":"F","amount":0,"street":0},{"player":1,"type":"R","amount":36750000,"street":0},{"player":2,"type":"F","amount":0,"street":0},{"player":3,"type":"C","amount":15750000,"street":0},{"player":4,"type":"F","amount":0,"street":0}],"actions":[{"type":"F","amount":0},{"type":"C","amount":26250000}],"hands":{"22":{"weight":1.0,"played":[1.0,0.0],"evs":[0.0,-0.39893]},"32o":{"weight":1.0,"played":[1.0,0.0],"evs":[0.0,-2.65417]},"42o":{"weight":1.0,"played":[1.0,0.0],"evs":[0.0,-2.51474]},"52o":{"weight":1.0,"played":[1.0,0.0],"evs":[0.0,-2.40899]},"62o":{"weight":1.0,"played":[1.0,0.0],"evs":[0.0,-2.57698]},"72o":{"weight":1.0,"played":[1.0,0.0],"evs":[0.0,-2.74504]},"82o":{"weight":1.0,"played":[1.0,0.0],"evs":[0.0,-2.6342]},"92o":{"weight":1.0,"played":[1.0,0.0],"evs":[0.0,-2.60365]},"T2o":{"weight":1.0,"played":[1.0,0.0],"evs":[0.0,-2.56492]},"J2o":{"weight":1.0,"played":[1.0,0.0],"evs":[0.0,-2.39322]},"Q2o":{"weight":1.0,"played":[1.0,0.0],"evs":[0.0,-2.16046]},"K2o":{"weight":1.0,"played":[1.0,0.0],"evs":[0.0,-1.82654]},"A2o":{"weight":1.0,"played":[1.0,0.0],"evs":[0.0,-1.32362]},"32s":{"weight":1.0,"played":[1.0,0.0],"evs":[0.0,-1.89655]},"33":{"weight":1.0,"played":[1.0,0.0],"evs":[0.0,-0.13292]},"43o":{"weight":1.0,"played":[1.0,0.0],"evs":[0.0,-2.20895]},"53o":{"weight":1.0,"played":[1.0,0.0],"evs":[0.0,-2.11011]},"63o":{"weight":1.0,"played":[1.0,0.0],"evs":[0.0,-2.23753]},"73o":{"weight":1.0,"played":[1.0,0.0],"evs":[0.0,-2.4408]},"83o":{"weight":1.0,"played":[1.0,0.0],"evs":[0.0,-2.58563]},"93o":{"weight":1.0,"played":[1.0,0.0],"evs":[0.0,-2.49963]},"T3o":{"weight":1.0,"played":[1.0,0.0],"evs":[0.0,-2.47066]},"J3o":{"weight":1.0,"played":[1.0,0.0],"evs":[0.0,-2.28939]},"Q3o":{"weight":1.0,"played":[1.0,0.0],"evs":[0.0,-2.07041]},"K3o":{"weight":1.0,"played":[1.0,0.0],"evs":[0.0,-1.70696]},"A3o":{"weight":1.0,"played":[1.0,0.0],"evs":[0.0,-1.18447]},"42s":{"weight":1.0,"played":[1.0,0.0],"evs":[0.0,-1.7701]},"43s":{"weight":1.0,"played":[1.0,0.0],"evs":[0.0,-1.49761]},"44":{"weight":1.0,"played":[0.0113,0.9887],"evs":[0.0,0.14074]},"54o":{"weight":1.0,"played":[1.0,0.0],"evs":[0.0,-1.80751]},"64o":{"weight":1.0,"played":[1.0,0.0],"evs":[0.0,-1.99888]},"74o":{"weight":1.0,"played":[1.0,0.0],"evs":[0.0,-2.15281]},"84o":{"weight":1.0,"played":[1.0,0.0],"evs":[0.0,-2.28362]},"94o":{"weight":1.0,"played":[1.0,0.0],"evs":[0.0,-2.50865]},"T4o":{"weight":1.0,"played":[1.0,0.0],"evs":[0.0,-2.36842]},"J4o":{"weight":1.0,"played":[1.0,0.0],"evs":[0.0,-2.22019]},"Q4o":{"weight":1.0,"played":[1.0,0.0],"evs":[0.0,-1.97828]},"K4o":{"weight":1.0,"played":[1.0,0.0],"evs":[0.0,-1.64519]},"A4o":{"weight":1.0,"played":[1.0,0.0],"evs":[0.0,-1.08209]},"52s":{"weight":1.0,"played":[1.0,0.0],"evs":[0.0,-1.66831]},"53s":{"weight":1.0,"played":[1.0,0.0],"evs":[0.0,-1.37742]},"54s":{"weight":1.0,"played":[1.0,0.0],"evs":[0.0,-1.12675]},"55":{"weight":1.0,"played":[0.0,1.0],"evs":[0.0,0.47015]},"65o":{"weight":1.0,"played":[1.0,0.0],"evs":[0.0,-1.65471]},"75o":{"weight":1.0,"played":[1.0,0.0],"evs":[0.0,-1.80534]},"85o":{"weight":1.0,"played":[1.0,0.0],"evs":[0.0,-1.94601]},"95o":{"weight":1.0,"played":[1.0,0.0],"evs":[0.0,-2.17609]},"T5o":{"weight":1.0,"played":[1.0,0.0],"evs":[0.0,-2.29133]},"J5o":{"weight":1.0,"played":[1.0,0.0],"evs":[0.0,-2.12621]},"Q5o":{"weight":1.0,"played":[1.0,0.0],"evs":[0.0,-1.87706]},"K5o":{"weight":1.0,"played":[1.0,0.0],"evs":[0.0,-1.52561]},"A5o":{"weight":1.0,"played":[1.0,0.0],"evs":[0.0,-0.92092]},"62s":{"weight":1.0,"played":[1.0,0.0],"evs":[0.0,-1.84341]},"63s":{"weight":1.0,"played":[1.0,0.0],"evs":[0.0,-1.55013]},"64s":{"weight":1.0,"played":[1.0,0.0],"evs":[0.0,-1.2752]},"65s":{"weight":1.0,"played":[1.0,0.0],"evs":[0.0,-0.9153]},"66":{"weight":1.0,"played":[0.0,1.0],"evs":[0.0,0.85902]},"76o":{"weight":1.0,"played":[1.0,0.0],"evs":[0.0,-1.5687]},"86o":{"weight":1.0,"played":[1.0,0.0],"evs":[0.0,-1.68063]},"96o":{"weight":1.0,"played":[1.0,0.0],"evs":[0.0,-1.87885]},"T6o":{"weight":1.0,"played":[1.0,0.0],"evs":[0.0,-2.01737]},"J6o":{"weight":1.0,"played":[1.0,0.0],"evs":[0.0,-2.06895]},"Q6o":{"weight":1.0,"played":[1.0,0.0],"evs":[0.0,-1.79325]},"K6o":{"weight":1.0,"played":[1.0,0.0],"evs":[0.0,-1.41218]},"A6o":{"weight":1.0,"played":[1.0,0.0],"evs":[0.0,-1.05202]},"72s":{"weight":1.0,"played":[1.0,0.0],"evs":[0.0,-2.03472]},"73s":{"weight":1.0,"played":[1.0,0.0],"evs":[0.0,-1.68928]},"74s":{"weight":1.0,"played":[1.0,0.0],"evs":[0.0,-1.42621]},"75s":{"weight":1.0,"played":[1.0,0.0],"evs":[0.0,-1.14688]},"76s":{"weight":1.0,"played":[1.0,0.0],"evs":[0.0,-0.81915]},"77":{"weight":1.0,"played":[0.0,1.0],"evs":[0.0,1.23856]},"87o":{"weight":1.0,"played":[1.0,0.0],"evs":[0.0,-1.44697]},"97o":{"weight":1.0,"played":[1.0,0.0],"evs":[0.0,-1.62499]},"T7o":{"weight":1.0,"played":[1.0,0.0],"evs":[0.0,-1.77346]},"J7o":{"weight":1.0,"played":[1.0,0.0],"evs":[0.0,-1.80788]},"Q7o":{"weight":1.0,"played":[1.0,0.0],"evs":[0.0,-1.7723]},"K7o":{"weight":1.0,"played":[1.0,0.0],"evs":[0.0,-1.3711]},"A7o":{"weight":1.0,"played":[1.0,0.0],"evs":[0.0,-0.75274]},"82s":{"weight":1.0,"played":[1.0,0.0],"evs":[0.0,-1.82611]},"83s":{"weight":1.0,"played":[1.0,0.0],"evs":[0.0,-1.83017]},"84s":{"weight":1.0,"played":[1.0,0.0],"evs":[0.0,-1.61487]},"85s":{"weight":1.0,"played":[1.0,0.0],"evs":[0.0,-1.23457]},"86s":{"weight":1.0,"played":[1.0,0.0],"evs":[0.0,-0.97281]},"87s":{"weight":1.0,"played":[1.0,0.0],"evs":[0.0,-0.83366]},"88":{"weight":1.0,"played":[0.0,1.0],"evs":[0.0,1.69818]},"98o":{"weight":1.0,"played":[1.0,0.0],"evs":[0.0,-1.39725]},"T8o":{"weight":1.0,"played":[1.0,0.0],"evs":[0.0,-1.46965]},"J8o":{"weight":1.0,"played":[1.0,0.0],"evs":[0.0,-1.50494]},"Q8o":{"weight":1.0,"played":[1.0,0.0],"evs":[0.0,-1.4353]},"K8o":{"weight":1.0,"played":[1.0,0.0],"evs":[0.0,-1.2235]},"A8o":{"weight":1.0,"played":[1.0,0.0],"evs":[0.0,-0.45782]},"92s":{"weight":1.0,"played":[1.0,0.0],"evs":[0.0,-1.87424]},"93s":{"weight":1.0,"played":[1.0,0.0],"evs":[0.0,-1.74636]},"94s":{"weight":1.0,"played":[1.0,0.0],"evs":[0.0,-1.76541]},"95s":{"weight":1.0,"played":[1.0,0.0],"evs":[0.0,-1.45008]},"96s":{"weight":1.0,"played":[1.0,0.0],"evs":[0.0,-1.14637]},"97s":{"weight":1.0,"played":[1.0,0.0],"evs":[0.0,-0.95321]},"98s":{"weight":1.0,"played":[1.0,0.0],"evs":[0.0,-0.76001]},"99":{"weight":1.0,"played":[0.0,1.0],"evs":[0.0,2.20988]},"T9o":{"weight":1.0,"played":[1.0,0.0],"evs":[0.0,-1.20947]},"J9o":{"weight":1.0,"played":[1.0,0.0],"evs":[0.0,-1.22176]},"Q9o":{"weight":1.0,"played":[1.0,0.0],"evs":[0.0,-1.19783]},"K9o":{"weight":1.0,"played":[1.0,0.0],"evs":[0.0,-0.95345]},"A9o":{"weight":1.0,"played":[0.9999,1.0E-4],"evs":[0.0,-0.07001]},"T2s":{"weight":1.0,"played":[1.0,0.0],"evs":[0.0,-1.82466]},"T3s":{"weight":1.0,"played":[1.0,0.0],"evs":[0.0,-1.71832]},"T4s":{"weight":1.0,"played":[1.0,0.0],"evs":[0.0,-1.64347]},"T5s":{"weight":1.0,"played":[1.0,0.0],"evs":[0.0,-1.61287]},"T6s":{"weight":1.0,"played":[1.0,0.0],"evs":[0.0,-1.32119]},"T7s":{"weight":1.0,"played":[1.0,0.0],"evs":[0.0,-1.06839]},"T8s":{"weight":1.0,"played":[1.0,0.0],"evs":[0.0,-0.77013]},"T9s":{"weight":1.0,"played":[1.0,0.0],"evs":[0.0,-0.61634]},"TT":{"weight":1.0,"played":[0.0,1.0],"evs":[0.0,3.04939]},"JTo":{"weight":1.0,"played":[1.0,0.0],"evs":[0.0,-0.81538]},"QTo":{"weight":1.0,"played":[1.0,0.0],"evs":[0.0,-0.76088]},"KTo":{"weight":1.0,"played":[1.0,0.0],"evs":[0.0,-0.46264]},"ATo":{"weight":1.0,"played":[0.0,1.0],"evs":[0.0,0.76582]},"J2s":{"weight":1.0,"played":[1.0,0.0],"evs":[0.0,-1.68252]},"J3s":{"weight":1.0,"played":[1.0,0.0],"evs":[0.0,-1.57725]},"J4s":{"weight":1.0,"played":[1.0,0.0],"evs":[0.0,-1.50363]},"J5s":{"weight":1.0,"played":[1.0,0.0],"evs":[0.0,-1.39234]},"J6s":{"weight":1.0,"played":[1.0,0.0],"evs":[0.0,-1.37505]},"J7s":{"weight":1.0,"played":[1.0,0.0],"evs":[0.0,-1.15224]},"J8s":{"weight":1.0,"played":[1.0,0.0],"evs":[0.0,-0.7943]},"J9s":{"weight":1.0,"played":[1.0,0.0],"evs":[0.0,-0.5416]},"JTs":{"weight":1.0,"played":[0.9997,3.0E-4],"evs":[0.0,-0.22374]},"JJ":{"weight":1.0,"played":[0.0,1.0],"evs":[0.0,3.94325]},"QJo":{"weight":1.0,"played":[1.0,0.0],"evs":[0.0,-0.43513]},"KJo":{"weight":1.0,"played":[1.0,0.0],"evs":[0.0,-0.12107]},"AJo":{"weight":1.0,"played":[0.0,1.0],"evs":[0.0,1.35549]},"Q2s":{"weight":1.0,"played":[1.0,0.0],"evs":[0.0,-1.45378]},"Q3s":{"weight":1.0,"played":[1.0,0.0],"evs":[0.0,-1.34804]},"Q4s":{"weight":1.0,"played":[1.0,0.0],"evs":[0.0,-1.26803]},"Q5s":{"weight":1.0,"played":[1.0,0.0],"evs":[0.0,-1.20268]},"Q6s":{"weight":1.0,"played":[1.0,0.0],"evs":[0.0,-1.06462]},"Q7s":{"weight":1.0,"played":[1.0,0.0],"evs":[0.0,-1.02839]},"Q8s":{"weight":1.0,"played":[1.0,0.0],"evs":[0.0,-0.72248]},"Q9s":{"weight":1.0,"played":[1.0,0.0],"evs":[0.0,-0.57027]},"QTs":{"weight":1.0,"played":[0.9967,0.0033],"evs":[0.0,-0.08232]},"QJs":{"weight":1.0,"played":[1.0E-4,0.9999],"evs":[0.0,0.12022]},"QQ":{"weight":1.0,"played":[0.0,1.0],"evs":[0.0,4.87091]},"KQo":{"weight":1.0,"played":[0.0,1.0],"evs":[0.0,0.25416]},"AQo":{"weight":1.0,"played":[0.0,1.0],"evs":[0.0,1.98072]},"K2s":{"weight":1.0,"played":[1.0,0.0],"evs":[0.0,-1.05421]},"K3s":{"weight":1.0,"played":[1.0,0.0],"evs":[0.0,-0.94408]},"K4s":{"weight":1.0,"played":[1.0,0.0],"evs":[0.0,-0.89899]},"K5s":{"weight":1.0,"played":[1.0,0.0],"evs":[0.0,-0.84158]},"K6s":{"weight":1.0,"played":[1.0,0.0],"evs":[0.0,-0.70487]},"K7s":{"weight":1.0,"played":[1.0,0.0],"evs":[0.0,-0.64633]},"K8s":{"weight":1.0,"played":[1.0,0.0],"evs":[0.0,-0.59142]},"K9s":{"weight":1.0,"played":[1.0,0.0],"evs":[0.0,-0.29373]},"KTs":{"weight":1.0,"played":[0.0,1.0],"evs":[0.0,0.21278]},"KJs":{"weight":1.0,"played":[0.0,1.0],"evs":[0.0,0.47172]},"KQs":{"weight":1.0,"played":[0.0,1.0],"evs":[0.0,0.82853]},"KK":{"weight":1.0,"played":[0.0,1.0],"evs":[0.0,5.94913]},"AKo":{"weight":1.0,"played":[0.0,1.0],"evs":[0.0,2.72883]},"A2s":{"weight":1.0,"played":[1.0,0.0],"evs":[0.0,-0.61614]},"A3s":{"weight":1.0,"played":[0.9999,1.0E-4],"evs":[0.0,-0.48868]},"A4s":{"weight":1.0,"played":[1.0,0.0],"evs":[0.0,-0.4069]},"A5s":{"weight":1.0,"played":[0.9999,1.0E-4],"evs":[0.0,-0.28223]},"A6s":{"weight":1.0,"played":[1.0,0.0],"evs":[0.0,-0.32622]},"A7s":{"weight":1.0,"played":[0.9992,8.0E-4],"evs":[0.0,-0.05941]},"A8s":{"weight":1.0,"played":[0.0,1.0],"evs":[0.0,0.23612]},"A9s":{"weight":1.0,"played":[0.0,1.0],"evs":[0.0,0.56028]},"ATs":{"weight":1.0,"played":[0.0,1.0],"evs":[0.0,1.31388]},"AJs":{"weight":1.0,"played":[0.0,1.0],"evs":[0.0,1.91006]},"AQs":{"weight":1.0,"played":[0.0,1.0],"evs":[0.0,2.43867]},"AKs":{"weight":1.0,"played":[0.0,1.0],"evs":[0.0,3.14813]},"AA":{"weight":1.0,"played":[0.0,1.0],"evs":[0.0,8.0421]}}}