{"player":3,"street":0,"children":2,"sequence":[{"player":0,"type":"F","amount":0,"street":0},{"player":1,"type":"F","amount":0,"street":0},{"player":2,"type":"F","amount":0,"street":0}],"actions":[{"type":"F","amount":0,"node":4},{"type":"R","amount":15750000,"node":8}],"hands":{"22":{"weight":1.0,"played":[1.0,0.0],"evs":[0.0,-0.36046]},"32o":{"weight":1.0,"played":[1.0,0.0],"evs":[0.0,-2.13993]},"42o":{"weight":1.0,"played":[1.0,0.0],"evs":[0.0,-2.06024]},"52o":{"weight":1.0,"played":[1.0,0.0],"evs":[0.0,-1.96923]},"62o":{"weight":1.0,"played":[1.0,0.0],"evs":[0.0,-2.05941]},"72o":{"weight":1.0,"played":[1.0,0.0],"evs":[0.0,-2.05577]},"82o":{"weight":1.0,"played":[1.0,0.0],"evs":[0.0,-1.86378]},"92o":{"weight":1.0,"played":[1.0,0.0],"evs":[0.0,-1.68656]},"T2o":{"weight":1.0,"played":[1.0,0.0],"evs":[0.0,-1.44852]},"J2o":{"weight":1.0,"played":[1.0,0.0],"evs":[0.0,-1.22779]},"Q2o":{"weight":1.0,"played":[1.0,0.0],"evs":[0.0,-0.95917]},"K2o":{"weight":1.0,"played":[1.0,0.0],"evs":[0.0,-0.5899]},"A2o":{"weight":1.0,"played":[0.0,1.0],"evs":[0.0,0.14579]},"32s":{"weight":1.0,"played":[1.0,0.0],"evs":[0.0,-1.73202]},"33":{"weight":1.0,"played":[1.0,0.0],"evs":[0.0,-0.10045]},"43o":{"weight":1.0,"played":[1.0,0.0],"evs":[0.0,-1.86894]},"53o":{"weight":1.0,"played":[1.0,0.0],"evs":[0.0,-1.77636]},"63o":{"weight":1.0,"played":[1.0,0.0],"evs":[0.0,-1.86571]},"73o":{"weight":1.0,"played":[1.0,0.0],"evs":[0.0,-1.85974]},"83o":{"weight":1.0,"played":[1.0,0.0],"evs":[0.0,-1.7928]},"93o":{"weight":1.0,"played":[1.0,0.0],"evs":[0.0,-1.58902]},"T3o":{"weight":1.0,"played":[1.0,0.0],"evs":[0.0,-1.3498]},"J3o":{"weight":1.0,"played":[1.0,0.0],"evs":[0.0,-1.13322]},"Q3o":{"weight":1.0,"played":[1.0,0.0],"evs":[0.0,-0.86229]},"K3o":{"weight":1.0,"played":[1.0,0.0],"evs":[0.0,-0.50063]},"A3o":{"weight":1.0,"played":[0.0,1.0],"evs":[0.0,0.23881]},"42s":{"weight":1.0,"played":[1.0,0.0],"evs":[0.0,-1.64689]},"43s":{"weight":1.0,"played":[1.0,0.0],"evs":[0.0,-1.47455]},"44":{"weight":1.0,"played":[0.0,1.0],"evs":[0.0,0.15484]},"54o":{"weight":1.0,"played":[1.0,0.0],"evs":[0.0,-1.599]},"64o":{"weight":1.0,"played":[1.0,0.0],"evs":[0.0,-1.67683]},"74o":{"weight":1.0,"played":[1.0,0.0],"evs":[0.0,-1.67245]},"84o":{"weight":1.0,"played":[1.0,0.0],"evs":[0.0,-1.60629]},"94o":{"weight":1.0,"played":[1.0,0.0],"evs":[0.0,-1.53952]},"T4o":{"weight":1.0,"played":[1.0,0.0],"evs":[0.0,-1.26874]},"J4o":{"weight":1.0,"played":[1.0,0.0],"evs":[0.0,-1.05555]},"Q4o":{"weight":1.0,"played":[1.0,0.0],"evs":[0.0,-0.78491]},"K4o":{"weight":1.0,"played":[1.0,0.0],"evs":[0.0,-0.41895]},"A4o":{"weight":1.0,"played":[0.0,1.0],"evs":[0.0,0.31828]},"52s":{"weight":1.0,"played":[1.0,0.0],"evs":[0.0,-1.57005]},"53s":{"weight":1.0,"played":[1.0,0.0],"evs":[0.0,-1.39028]},"54s":{"weight":1.0,"played":[1.0,0.0],"evs":[0.0,-1.2215]},"55":{"weight":1.0,"played":[0.0,1.0],"evs":[0.0,0.42844]},"65o":{"weight":1.0,"played":[1.0,0.0],"evs":[0.0,-1.49133]},"75o":{"weight":1.0,"played":[1.0,0.0],"evs":[0.0,-1.47769]},"85o":{"weight":1.0,"played":[1.0,0.0],"evs":[0.0,-1.41015]},"95o":{"weight":1.0,"played":[1.0,0.0],"evs":[0.0,-1.34498]},"T5o":{"weight":1.0,"played":[1.0,0.0],"evs":[0.0,-1.20844]},"J5o":{"weight":1.0,"played":[1.0,0.0],"evs":[0.0,-0.95509]},"Q5o":{"weight":1.0,"played":[1.0,0.0],"evs":[0.0,-0.69636]},"K5o":{"weight":1.0,"played":[1.0,0.0],"evs":[0.0,-0.32837]},"A5o":{"weight":1.0,"played":[0.0,1.0],"evs":[0.0,0.42332]},"62s":{"weight":1.0,"played":[1.0,0.0],"evs":[0.0,-1.64862]},"63s":{"weight":1.0,"played":[1.0,0.0],"evs":[0.0,-1.45904]},"64s":{"weight":1.0,"played":[1.0,0.0],"evs":[0.0,-1.29362]},"65s":{"weight":1.0,"played":[1.0,0.0],"evs":[0.0,-1.1198]},"66":{"weight":1.0,"played":[0.0,1.0],"evs":[0.0,0.68739]},"76o":{"weight":1.0,"played":[1.0,0.0],"evs":[0.0,-1.31255]},"86o":{"weight":1.0,"played":[1.0,0.0],"evs":[0.0,-1.23897]},"96o":{"weight":1.0,"played":[1.0,0.0],"evs":[0.0,-1.17421]},"T6o":{"weight":1.0,"played":[1.0,0.0],"evs":[0.0,-1.02836]},"J6o":{"weight":1.0,"played":[1.0,0.0],"evs":[0.0,-0.91008]},"Q6o":{"weight":1.0,"played":[1.0,0.0],"evs":[0.0,-0.61772]},"K6o":{"weight":1.0,"played":[1.0,0.0],"evs":[0.0,-0.24457]},"A6o":{"weight":1.0,"played":[0.0,1.0],"evs":[0.0,0.43396]},"72s":{"weight":1.0,"played":[1.0,0.0],"evs":[0.0,-1.6541]},"73s":{"weight":1.0,"played":[1.0,0.0],"evs":[0.0,-1.46056]},"74s":{"weight":1.0,"played":[1.0,0.0],"evs":[0.0,-1.28496]},"75s":{"weight":1.0,"played":[1.0,0.0],"evs":[0.0,-1.10241]},"76s":{"weight":1.0,"played":[1.0,0.0],"evs":[0.0,-0.9387]},"77":{"weight":1.0,"played":[0.0,1.0],"evs":[0.0,0.97446]},"87o":{"weight":1.0,"played":[1.0,0.0],"evs":[0.0,-1.06136]},"97o":{"weight":1.0,"played":[1.0,0.0],"evs":[0.0,-0.9811]},"T7o":{"weight":1.0,"played":[1.0,0.0],"evs":[0.0,-0.84185]},"J7o":{"weight":1.0,"played":[1.0,0.0],"evs":[0.0,-0.73033]},"Q7o":{"weight":1.0,"played":[1.0,0.0],"evs":[0.0,-0.55466]},"K7o":{"weight":1.0,"played":[1.0,0.0],"evs":[0.0,-0.13435]},"A7o":{"weight":1.0,"played":[0.0,1.0],"evs":[0.0,0.59361]},"82s":{"weight":1.0,"played":[1.0,0.0],"evs":[0.0,-1.46184]},"83s":{"weight":1.0,"played":[1.0,0.0],"evs":[0.0,-1.39639]},"84s":{"weight":1.0,"played":[1.0,0.0],"evs":[0.0,-1.22868]},"85s":{"weight":1.0,"played":[1.0,0.0],"evs":[0.0,-1.04003]},"86s":{"weight":1.0,"played":[1.0,0.0],"evs":[0.0,-0.88837]},"87s":{"weight":1.0,"played":[1.0,0.0],"evs":[0.0,-0.71365]},"88":{"weight":1.0,"played":[0.0,1.0],"evs":[0.0,1.29884]},"98o":{"weight":1.0,"played":[1.0,0.0],"evs":[0.0,-0.77061]},"T8o":{"weight":1.0,"played":[1.0,0.0],"evs":[0.0,-0.62883]},"J8o":{"weight":1.0,"played":[1.0,0.0],"evs":[0.0,-0.50754]},"Q8o":{"weight":1.0,"played":[1.0,0.0],"evs":[0.0,-0.32493]},"K8o":{"weight":1.0,"played":[0.9899,0.0101],"evs":[0.0,-0.01373]},"A8o":{"weight":1.0,"played":[0.0,1.0],"evs":[0.0,0.77419]},"92s":{"weight":1.0,"played":[1.0,0.0],"evs":[0.0,-1.29603]},"93s":{"weight":1.0,"played":[1.0,0.0],"evs":[0.0,-1.21525]},"94s":{"weight":1.0,"played":[1.0,0.0],"evs":[0.0,-1.16853]},"95s":{"weight":1.0,"played":[1.0,0.0],"evs":[0.0,-0.97375]},"96s":{"weight":1.0,"played":[1.0,0.0],"evs":[0.0,-0.82079]},"97s":{"weight":1.0,"played":[1.0,0.0],"evs":[0.0,-0.64]},"98s":{"weight":1.0,"played":[1.0,0.0],"evs":[0.0,-0.45583]},"99":{"weight":1.0,"played":[0.0,1.0],"evs":[0.0,1.66256]},"T9o":{"weight":1.0,"played":[1.0,0.0],"evs":[0.0,-0.41172]},"J9o":{"weight":1.0,"played":[1.0,0.0],"evs":[0.0,-0.28174]},"Q9o":{"weight":1.0,"played":[1.0,0.0],"evs":[0.0,-0.08678]},"K9o":{"weight":1.0,"played":[0.0,1.0],"evs":[0.0,0.25206]},"A9o":{"weight":1.0,"played":[0.0,1.0],"evs":[0.0,0.95675]},"T2s":{"weight":1.0,"played":[1.0,0.0],"evs":[0.0,-1.06684]},"T3s":{"weight":1.0,"played":[1.0,0.0],"evs":[0.0,-0.97559]},"T4s":{"weight":1.0,"played":[1.0,0.0],"evs":[0.0,-0.91937]},"T5s":{"weight":1.0,"played":[1.0,0.0],"evs":[0.0,-0.84463]},"T6s":{"weight":1.0,"played":[1.0,0.0],"evs":[0.0,-0.6839]},"T7s":{"weight":1.0,"played":[1.0,0.0],"evs":[0.0,-0.51338]},"T8s":{"weight":1.0,"played":[1.0,0.0],"evs":[0.0,-0.30662]},"T9s":{"weight":1.0,"played":[1.0,0.0],"evs":[0.0,-0.11084]},"TT":{"weight":1.0,"played":[0.0,1.0],"evs":[0.0,2.08426]},"JTo":{"weight":1.0,"played":[0.0,1.0],"evs":[0.0,0.0272]},"QTo":{"weight":1.0,"played":[0.0,1.0],"evs":[0.0,0.22117]},"KTo":{"weight":1.0,"played":[0.0,1.0],"evs":[0.0,0.56364]},"ATo":{"weight":1.0,"played":[0.0,1.0],"evs":[0.0,1.27713]},"J2s":{"weight":1.0,"played":[1.0,0.0],"evs":[0.0,-0.86621]},"J3s":{"weight":1.0,"played":[1.0,0.0],"evs":[0.0,-0.78253]},"J4s":{"weight":1.0,"played":[1.0,0.0],"evs":[0.0,-0.70129]},"J5s":{"weight":1.0,"played":[1.0,0.0],"evs":[0.0,-0.62631]},"J6s":{"weight":1.0,"played":[1.0,0.0],"evs":[0.0,-0.57383]},"J7s":{"weight":1.0,"played":[1.0,0.0],"evs":[0.0,-0.39295]},"J8s":{"weight":1.0,"played":[1.0,0.0],"evs":[0.0,-0.18641]},"J9s":{"weight":1.0,"played":[0.0,1.0],"evs":[0.0,0.02851]},"JTs":{"weight":1.0,"played":[0.0,1.0],"evs":[0.0,0.30369]},"JJ":{"weight":1.0,"played":[0.0,1.0],"evs":[0.0,2.41822]},"QJo":{"weight":1.0,"played":[0.0,1.0],"evs":[0.0,0.33848]},"KJo":{"weight":1.0,"played":[0.0,1.0],"evs":[0.0,0.69504]},"AJo":{"weight":1.0,"played":[0.0,1.0],"evs":[0.0,1.44031]},"Q2s":{"weight":1.0,"played":[1.0,0.0],"evs":[0.0,-0.60635]},"Q3s":{"weight":1.0,"played":[1.0,0.0],"evs":[0.0,-0.51805]},"Q4s":{"weight":1.0,"played":[1.0,0.0],"evs":[0.0,-0.44982]},"Q5s":{"weight":1.0,"played":[1.0,0.0],"evs":[0.0,-0.36399]},"Q6s":{"weight":1.0,"played":[1.0,0.0],"evs":[0.0,-0.2845]},"Q7s":{"weight":1.0,"played":[1.0,0.0],"evs":[0.0,-0.23753]},"Q8s":{"weight":1.0,"played":[0.9966,0.0034],"evs":[0.0,-0.02062]},"Q9s":{"weight":1.0,"played":[0.0,1.0],"evs":[0.0,0.20554]},"QTs":{"weight":1.0,"played":[0.0,1.0],"evs":[0.0,0.49168]},"QJs":{"weight":1.0,"played":[0.0,1.0],"evs":[0.0,0.60375]},"QQ":{"weight":1.0,"played":[0.0,1.0],"evs":[0.0,2.76282]},"KQo":{"weight":1.0,"played":[0.0,1.0],"evs":[0.0,0.84501]},"AQo":{"weight":1.0,"played":[0.0,1.0],"evs":[0.0,1.61308]},"K2s":{"weight":1.0,"played":[1.0,0.0],"evs":[0.0,-0.24659]},"K3s":{"weight":1.0,"played":[1.0,0.0],"evs":[0.0,-0.1644]},"K4s":{"weight":1.0,"played":[1.0,0.0],"evs":[0.0,-0.10002]},"K5s":{"weight":1.0,"played":[0.8093,0.1907],"evs":[0.0,-0.00761]},"K6s":{"weight":1.0,"played":[1.0E-4,0.9999],"evs":[0.0,0.06602]},"K7s":{"weight":1.0,"played":[0.0,1.0],"evs":[0.0,0.16138]},"K8s":{"weight":1.0,"played":[0.0,1.0],"evs":[0.0,0.2742]},"K9s":{"weight":1.0,"played":[0.0,1.0],"evs":[0.0,0.52231]},"KTs":{"weight":1.0,"played":[0.0,1.0],"evs":[0.0,0.80932]},"KJs":{"weight":1.0,"played":[0.0,1.0],"evs":[0.0,0.93487]},"KQs":{"weight":1.0,"played":[0.0,1.0],"evs":[0.0,1.08281]},"KK":{"weight":1.0,"played":[0.0,1.0],"evs":[0.0,3.1718]},"AKo":{"weight":1.0,"played":[0.0,1.0],"evs":[0.0,1.83413]},"A2s":{"weight":1.0,"played":[0.0,1.0],"evs":[0.0,0.44292]},"A3s":{"weight":1.0,"played":[0.0,1.0],"evs":[0.0,0.5228]},"A4s":{"weight":1.0,"played":[0.0,1.0],"evs":[0.0,0.59444]},"A5s":{"weight":1.0,"played":[0.0,1.0],"evs":[0.0,0.68515]},"A6s":{"weight":1.0,"played":[0.0,1.0],"evs":[0.0,0.69738]},"A7s":{"weight":1.0,"played":[0.0,1.0],"evs":[0.0,0.84531]},"A8s":{"weight":1.0,"played":[0.0,1.0],"evs":[0.0,1.01074]},"A9s":{"weight":1.0,"played":[0.0,1.0],"evs":[0.0,1.18925]},"ATs":{"weight":1.0,"played":[0.0,1.0],"evs":[0.0,1.49022]},"AJs":{"weight":1.0,"played":[0.0,1.0],"evs":[0.0,1.64826]},"AQs":{"weight":1.0,"played":[0.0,1.0],"evs":[0.0,1.7948]},"AKs":{"weight":1.0,"played":[0.0,1.0],"evs":[0.0,2.01051]},"AA":{"weight":1.0,"played":[0.0,1.0],"evs":[0.0,3.86795]}}}