{"player":2,"street":0,"children":2,"sequence":[{"player":0,"type":"F","amount":0,"street":0},{"player":1,"type":"R","amount":36750000,"street":0},{"player":2,"type":"C","amount":36750000,"street":0},{"player":3,"type":"F","amount":0,"street":0},{"player":4,"type":"R","amount":45250000,"street":0},{"player":5,"type":"F","amount":0,"street":0}],"actions":[{"type":"F","amount":0},{"type":"C","amount":1000000}],"hands":{"22":{"weight":0.0,"played":[0.0,1.0],"evs":[0.0,5.16917]},"32o":{"weight":0.0,"played":[0.0,1.0],"evs":[0.0,3.56704]},"42o":{"weight":0.0,"played":[0.0,1.0],"evs":[0.0,3.64541]},"52o":{"weight":0.0,"played":[0.0,1.0],"evs":[0.0,3.81577]},"62o":{"weight":0.0,"played":[0.0,1.0],"evs":[0.0,3.52074]},"72o":{"weight":0.0,"played":[0.0,1.0],"evs":[0.0,3.176]},"82o":{"weight":0.0,"played":[0.0,1.0],"evs":[0.0,3.42532]},"92o":{"weight":0.0,"played":[0.0,1.0],"evs":[0.0,3.59752]},"T2o":{"weight":0.0,"played":[0.0,1.0],"evs":[0.0,3.60452]},"J2o":{"weight":0.0,"played":[0.0,1.0],"evs":[0.0,3.94056]},"Q2o":{"weight":0.0,"played":[0.0,1.0],"evs":[0.0,4.04672]},"K2o":{"weight":0.0,"played":[0.0,1.0],"evs":[0.0,3.76442]},"A2o":{"weight":0.0,"played":[0.0,1.0],"evs":[0.0,4.03559]},"32s":{"weight":0.0,"played":[0.0,1.0],"evs":[0.0,4.41386]},"33":{"weight":0.0,"played":[0.0,1.0],"evs":[0.0,5.5718]},"43o":{"weight":0.0,"played":[0.0,1.0],"evs":[0.0,4.12181]},"53o":{"weight":0.0,"played":[0.0,1.0],"evs":[0.0,4.23106]},"63o":{"weight":0.0,"played":[0.0,1.0],"evs":[0.0,3.95491]},"73o":{"weight":0.0,"played":[0.0,1.0],"evs":[0.0,3.60234]},"83o":{"weight":0.0,"played":[0.0,1.0],"evs":[0.0,3.38804]},"93o":{"weight":0.0,"played":[0.0,1.0],"evs":[0.0,3.58966]},"T3o":{"weight":0.0,"played":[0.0,1.0],"evs":[0.0,3.77878]},"J3o":{"weight":0.0,"played":[0.0,1.0],"evs":[0.0,3.90819]},"Q3o":{"weight":0.0,"played":[0.0,1.0],"evs":[0.0,4.11045]},"K3o":{"weight":0.0,"played":[0.0,1.0],"evs":[0.0,3.94901]},"A3o":{"weight":0.0,"played":[0.0,1.0],"evs":[0.0,4.12051]},"42s":{"weight":0.0,"played":[0.0,1.0],"evs":[0.0,4.54904]},"43s":{"weight":0.0,"played":[0.0,1.0],"evs":[0.0,5.04831]},"44":{"weight":0.0,"played":[0.0,1.0],"evs":[0.0,5.60628]},"54o":{"weight":0.0,"played":[0.0,1.0],"evs":[0.0,4.55263]},"64o":{"weight":0.0,"played":[0.0,1.0],"evs":[0.0,4.19938]},"74o":{"weight":0.0,"played":[0.0,1.0],"evs":[0.0,3.94424]},"84o":{"weight":0.0,"played":[0.0,1.0],"evs":[0.0,3.71295]},"94o":{"weight":0.0,"played":[0.0,1.0],"evs":[0.0,3.65622]},"T4o":{"weight":0.0,"played":[0.0,1.0],"evs":[0.0,3.817]},"J4o":{"weight":0.0,"played":[0.0,1.0],"evs":[0.0,4.0508]},"Q4o":{"weight":0.0,"played":[0.0,1.0],"evs":[0.0,4.16012]},"K4o":{"weight":0.0,"played":[0.0,1.0],"evs":[0.0,4.06242]},"A4o":{"weight":0.0,"played":[0.0,1.0],"evs":[0.0,4.29396]},"52s":{"weight":0.0,"played":[0.0,1.0],"evs":[0.0,4.65329]},"53s":{"weight":0.0,"played":[0.0,1.0],"evs":[0.0,4.98609]},"54s":{"weight":0.0,"played":[0.0,1.0],"evs":[0.0,5.3682]},"55":{"weight":0.0,"played":[0.0,1.0],"evs":[0.0,5.85416]},"65o":{"weight":0.0,"played":[0.0,1.0],"evs":[0.0,4.57336]},"75o":{"weight":0.0,"played":[0.0,1.0],"evs":[0.0,4.31591]},"85o":{"weight":0.0,"played":[0.0,1.0],"evs":[0.0,4.12764]},"95o":{"weight":0.0,"played":[0.0,1.0],"evs":[0.0,4.0402]},"T5o":{"weight":0.0,"played":[0.0,1.0],"evs":[0.0,3.94074]},"J5o":{"weight":0.0,"played":[0.0,1.0],"evs":[0.0,4.1856]},"Q5o":{"weight":0.0,"played":[0.0,1.0],"evs":[0.0,4.34276]},"K5o":{"weight":0.0,"played":[0.0,1.0],"evs":[0.0,4.13083]},"A5o":{"weight":0.0,"played":[0.0,1.0],"evs":[0.0,4.47387]},"62s":{"weight":0.0,"played":[0.0,1.0],"evs":[0.0,4.47395]},"63s":{"weight":0.0,"played":[0.0,1.0],"evs":[0.0,4.77696]},"64s":{"weight":0.0,"played":[0.0,1.0],"evs":[0.0,5.23681]},"65s":{"weight":0.0,"played":[0.0,1.0],"evs":[0.0,5.4641]},"66":{"weight":0.0509,"played":[0.0,1.0],"evs":[0.0,5.89824]},"76o":{"weight":0.0,"played":[0.0,1.0],"evs":[0.0,4.54289]},"86o":{"weight":0.0,"played":[0.0,1.0],"evs":[0.0,4.35065]},"96o":{"weight":0.0,"played":[0.0,1.0],"evs":[0.0,4.28554]},"T6o":{"weight":0.0,"played":[0.0,1.0],"evs":[0.0,4.25521]},"J6o":{"weight":0.0,"played":[0.0,1.0],"evs":[0.0,4.12728]},"Q6o":{"weight":0.0,"played":[0.0,1.0],"evs":[0.0,4.3533]},"K6o":{"weight":0.0,"played":[0.0,1.0],"evs":[0.0,4.16928]},"A6o":{"weight":0.0,"played":[0.0,1.0],"evs":[0.0,4.0767]},"72s":{"weight":0.0,"played":[0.0,1.0],"evs":[0.0,4.26159]},"73s":{"weight":0.0,"played":[0.0,1.0],"evs":[0.0,4.57474]},"74s":{"weight":0.0,"played":[0.0,1.0],"evs":[0.0,4.9023]},"75s":{"weight":0.0,"played":[0.0,1.0],"evs":[0.0,5.25488]},"76s":{"weight":0.0,"played":[0.0,1.0],"evs":[0.0,5.33102]},"77":{"weight":0.2357,"played":[0.0,1.0],"evs":[0.0,6.10294]},"87o":{"weight":0.0,"played":[0.0,1.0],"evs":[0.0,4.68825]},"97o":{"weight":0.0,"played":[0.0,1.0],"evs":[0.0,4.63409]},"T7o":{"weight":0.0,"played":[0.0,1.0],"evs":[0.0,4.42952]},"J7o":{"weight":0.0,"played":[0.0,1.0],"evs":[0.0,4.41158]},"Q7o":{"weight":0.0,"played":[0.0,1.0],"evs":[0.0,4.30084]},"K7o":{"weight":0.0,"played":[0.0,1.0],"evs":[0.0,4.15388]},"A7o":{"weight":0.0,"played":[0.0,1.0],"evs":[0.0,4.26075]},"82s":{"weight":0.0,"played":[0.0,1.0],"evs":[0.0,4.35305]},"83s":{"weight":0.0,"played":[0.0,1.0],"evs":[0.0,4.43286]},"84s":{"weight":0.0,"played":[0.0,1.0],"evs":[0.0,4.57593]},"85s":{"weight":0.0,"played":[0.0,1.0],"evs":[0.0,5.07084]},"86s":{"weight":0.0,"played":[0.0,1.0],"evs":[0.0,5.28337]},"87s":{"weight":0.0,"played":[0.0,1.0],"evs":[0.0,5.43333]},"88":{"weight":0.1158,"played":[0.0,1.0],"evs":[0.0,6.95331]},"98o":{"weight":0.0,"played":[0.0,1.0],"evs":[0.0,4.85939]},"T8o":{"weight":0.0,"played":[0.0,1.0],"evs":[0.0,4.77431]},"J8o":{"weight":0.0,"played":[0.0,1.0],"evs":[0.0,4.70839]},"Q8o":{"weight":0.0,"played":[0.0,1.0],"evs":[0.0,4.70984]},"K8o":{"weight":0.0,"played":[0.0,1.0],"evs":[0.0,4.3242]},"A8o":{"weight":0.0,"played":[0.0,1.0],"evs":[0.0,4.48605]},"92s":{"weight":0.0,"played":[0.0,1.0],"evs":[0.0,4.51226]},"93s":{"weight":0.0,"played":[0.0,1.0],"evs":[0.0,4.60601]},"94s":{"weight":0.0,"played":[0.0,1.0],"evs":[0.0,4.69551]},"95s":{"weight":0.0,"played":[0.0,1.0],"evs":[0.0,4.95138]},"96s":{"weight":0.0,"played":[0.0,1.0],"evs":[0.0,5.28332]},"97s":{"weight":0.0,"played":[0.0,1.0],"evs":[0.0,5.5914]},"98s":{"weight":0.0,"played":[0.0,1.0],"evs":[0.0,5.72095]},"99":{"weight":0.1687,"played":[0.0,1.0],"evs":[0.0,7.967]},"T9o":{"weight":0.0,"played":[0.0,1.0],"evs":[0.0,5.37763]},"J9o":{"weight":0.0,"played":[0.0,1.0],"evs":[0.0,5.29999]},"Q9o":{"weight":0.0,"played":[0.0,1.0],"evs":[0.0,5.14953]},"K9o":{"weight":0.0,"played":[0.0,1.0],"evs":[0.0,4.7088]},"A9o":{"weight":0.0,"played":[0.0,1.0],"evs":[0.0,4.73577]},"T2s":{"weight":0.0,"played":[0.0,1.0],"evs":[0.0,4.65955]},"T3s":{"weight":0.0,"played":[0.0,1.0],"evs":[0.0,4.74356]},"T4s":{"weight":0.0,"played":[0.0,1.0],"evs":[0.0,4.69836]},"T5s":{"weight":0.0,"played":[0.0,1.0],"evs":[0.0,4.90541]},"T6s":{"weight":0.0,"played":[0.0,1.0],"evs":[0.0,5.1688]},"T7s":{"weight":0.0,"played":[0.0,1.0],"evs":[0.0,5.3977]},"T8s":{"weight":0.0,"played":[0.0,1.0],"evs":[0.0,5.71102]},"T9s":{"weight":0.0,"played":[0.0,1.0],"evs":[0.0,6.27247]},"TT":{"weight":0.8394,"played":[0.0,1.0],"evs":[0.0,9.0421]},"JTo":{"weight":0.0,"played":[0.0,1.0],"evs":[0.0,5.79004]},"QTo":{"weight":0.0,"played":[0.0,1.0],"evs":[0.0,5.64762]},"KTo":{"weight":0.0,"played":[0.0,1.0],"evs":[0.0,5.52924]},"ATo":{"weight":0.593,"played":[0.0,1.0],"evs":[0.0,5.34269]},"J2s":{"weight":0.0,"played":[0.0,1.0],"evs":[0.0,4.85411]},"J3s":{"weight":0.0,"played":[0.0,1.0],"evs":[0.0,5.01584]},"J4s":{"weight":0.0,"played":[0.0,1.0],"evs":[0.0,4.98887]},"J5s":{"weight":0.0,"played":[0.0,1.0],"evs":[0.0,5.24911]},"J6s":{"weight":0.0,"played":[0.0,1.0],"evs":[0.0,5.06026]},"J7s":{"weight":0.0,"played":[0.0,1.0],"evs":[0.0,5.30555]},"J8s":{"weight":0.0,"played":[0.0,1.0],"evs":[0.0,5.62235]},"J9s":{"weight":0.0,"played":[0.0,1.0],"evs":[0.0,6.12561]},"JTs":{"weight":0.0,"played":[0.0,1.0],"evs":[0.0,6.68511]},"JJ":{"weight":0.4992,"played":[0.0,1.0],"evs":[0.0,10.57429]},"QJo":{"weight":0.0,"played":[0.0,1.0],"evs":[0.0,6.01959]},"KJo":{"weight":0.0,"played":[0.0,1.0],"evs":[0.0,5.62475]},"AJo":{"weight":0.5194,"played":[0.0,1.0],"evs":[0.0,5.96962]},"Q2s":{"weight":0.0,"played":[0.0,1.0],"evs":[0.0,5.02006]},"Q3s":{"weight":0.0,"played":[0.0,1.0],"evs":[0.0,5.07334]},"Q4s":{"weight":0.0,"played":[0.0,1.0],"evs":[0.0,5.13069]},"Q5s":{"weight":0.0,"played":[0.0,1.0],"evs":[0.0,5.12935]},"Q6s":{"weight":0.0,"played":[0.0,1.0],"evs":[0.0,5.34725]},"Q7s":{"weight":0.0,"played":[0.0,1.0],"evs":[0.0,5.27733]},"Q8s":{"weight":0.0,"played":[0.0,1.0],"evs":[0.0,5.55183]},"Q9s":{"weight":0.0,"played":[0.0,1.0],"evs":[0.0,6.0212]},"QTs":{"weight":0.0,"played":[0.0,1.0],"evs":[0.0,6.32591]},"QJs":{"weight":0.0,"played":[0.0,1.0],"evs":[0.0,6.80206]},"QQ":{"weight":0.9162,"played":[0.0,1.0],"evs":[0.0,11.59274]},"KQo":{"weight":0.0,"played":[0.0,1.0],"evs":[0.0,5.89957]},"AQo":{"weight":0.2281,"played":[0.0,1.0],"evs":[0.0,6.73454]},"K2s":{"weight":0.0,"played":[0.0,1.0],"evs":[0.0,4.8839]},"K3s":{"weight":0.0,"played":[0.0,1.0],"evs":[0.0,4.758]},"K4s":{"weight":0.0,"played":[0.0,1.0],"evs":[0.0,5.02451]},"K5s":{"weight":0.0,"played":[0.0,1.0],"evs":[0.0,5.21343]},"K6s":{"weight":0.0,"played":[0.0,1.0],"evs":[0.0,5.22851]},"K7s":{"weight":0.0,"played":[0.0,1.0],"evs":[0.0,4.98475]},"K8s":{"weight":0.0,"played":[0.0,1.0],"evs":[0.0,5.22816]},"K9s":{"weight":0.0,"played":[0.0,1.0],"evs":[0.0,5.52871]},"KTs":{"weight":0.0,"played":[0.0,1.0],"evs":[0.0,6.35138]},"KJs":{"weight":0.0,"played":[0.0,1.0],"evs":[0.0,6.50028]},"KQs":{"weight":0.0823,"played":[0.0,1.0],"evs":[0.0,6.81598]},"KK":{"weight":0.1206,"played":[0.0,1.0],"evs":[0.0,12.95369]},"AKo":{"weight":0.3352,"played":[0.0,1.0],"evs":[0.0,8.03081]},"A2s":{"weight":0.0,"played":[0.0,1.0],"evs":[0.0,4.97361]},"A3s":{"weight":0.0,"played":[0.0,1.0],"evs":[0.0,5.11178]},"A4s":{"weight":0.0,"played":[0.0,1.0],"evs":[0.0,5.45335]},"A5s":{"weight":0.0,"played":[0.0,1.0],"evs":[0.0,5.34337]},"A6s":{"weight":0.0,"played":[0.0,1.0],"evs":[0.0,5.06684]},"A7s":{"weight":0.0,"played":[0.0,1.0],"evs":[0.0,5.26937]},"A8s":{"weight":0.3919,"played":[0.0,1.0],"evs":[0.0,5.45543]},"A9s":{"weight":0.1242,"played":[0.0,1.0],"evs":[0.0,5.77149]},"ATs":{"weight":0.4323,"played":[0.0,1.0],"evs":[0.0,6.24345]},"AJs":{"weight":0.933,"played":[0.0,1.0],"evs":[0.0,6.8759]},"AQs":{"weight":0.3896,"played":[0.0,1.0],"evs":[0.0,7.64661]},"AKs":{"weight":0.7813,"played":[0.0,1.0],"evs":[0.0,9.01478]},"AA":{"weight":0.4835,"played":[0.0,1.0],"evs":[0.0,16.77271]}}}