{"player":5,"street":0,"children":2,"sequence":[{"player":0,"type":"F","amount":0,"street":0},{"player":1,"type":"R","amount":36750000,"street":0},{"player":2,"type":"C","amount":36750000,"street":0},{"player":3,"type":"C","amount":15750000,"street":0},{"player":4,"type":"F","amount":0,"street":0}],"actions":[{"type":"F","amount":0},{"type":"C","amount":26250000}],"hands":{"22":{"weight":1.0,"played":[1.0,0.0],"evs":[0.0,-3.18576]},"32o":{"weight":1.0,"played":[1.0,0.0],"evs":[0.0,-4.57771]},"42o":{"weight":1.0,"played":[1.0,0.0],"evs":[0.0,-4.44184]},"52o":{"weight":1.0,"played":[0.9999,1.0E-4],"evs":[0.0,-4.11396]},"62o":{"weight":1.0,"played":[1.0,0.0],"evs":[0.0,-4.51543]},"72o":{"weight":1.0,"played":[1.0,0.0],"evs":[0.0,-4.68983]},"82o":{"weight":1.0,"played":[1.0,0.0],"evs":[0.0,-4.69625]},"92o":{"weight":1.0,"played":[1.0,0.0],"evs":[0.0,-4.73329]},"T2o":{"weight":1.0,"played":[1.0,0.0],"evs":[0.0,-4.98881]},"J2o":{"weight":1.0,"played":[1.0,0.0],"evs":[0.0,-4.86346]},"Q2o":{"weight":1.0,"played":[1.0,0.0],"evs":[0.0,-4.56519]},"K2o":{"weight":1.0,"played":[1.0,0.0],"evs":[0.0,-3.85565]},"A2o":{"weight":1.0,"played":[1.0,0.0],"evs":[0.0,-4.73127]},"32s":{"weight":1.0,"played":[1.0,0.0],"evs":[0.0,-3.90792]},"33":{"weight":1.0,"played":[0.9998,2.0E-4],"evs":[0.0,-2.93334]},"43o":{"weight":1.0,"played":[1.0,0.0],"evs":[0.0,-4.29287]},"53o":{"weight":1.0,"played":[0.9998,2.0E-4],"evs":[0.0,-4.05234]},"63o":{"weight":1.0,"played":[1.0,0.0],"evs":[0.0,-4.10163]},"73o":{"weight":1.0,"played":[1.0,0.0],"evs":[0.0,-4.16256]},"83o":{"weight":1.0,"played":[1.0,0.0],"evs":[0.0,-4.66229]},"93o":{"weight":1.0,"played":[1.0,0.0],"evs":[0.0,-4.48289]},"T3o":{"weight":1.0,"played":[1.0,0.0],"evs":[0.0,-4.64248]},"J3o":{"weight":1.0,"played":[1.0,0.0],"evs":[0.0,-4.61004]},"Q3o":{"weight":1.0,"played":[1.0,0.0],"evs":[0.0,-4.43809]},"K3o":{"weight":1.0,"played":[1.0,0.0],"evs":[0.0,-4.06613]},"A3o":{"weight":1.0,"played":[1.0,0.0],"evs":[0.0,-4.85131]},"42s":{"weight":1.0,"played":[1.0,0.0],"evs":[0.0,-3.22868]},"43s":{"weight":1.0,"played":[0.9965,0.0035],"evs":[0.0,-3.0379]},"44":{"weight":1.0,"played":[0.9997,3.0E-4],"evs":[0.0,-2.80448]},"54o":{"weight":1.0,"played":[1.0,0.0],"evs":[0.0,-2.99236]},"64o":{"weight":1.0,"played":[1.0,0.0],"evs":[0.0,-3.43604]},"74o":{"weight":1.0,"played":[1.0,0.0],"evs":[0.0,-3.72611]},"84o":{"weight":1.0,"played":[1.0,0.0],"evs":[0.0,-3.88648]},"94o":{"weight":1.0,"played":[1.0,0.0],"evs":[0.0,-4.46321]},"T4o":{"weight":1.0,"played":[1.0,0.0],"evs":[0.0,-4.48626]},"J4o":{"weight":1.0,"played":[1.0,0.0],"evs":[0.0,-4.4802]},"Q4o":{"weight":1.0,"played":[1.0,0.0],"evs":[0.0,-4.15182]},"K4o":{"weight":1.0,"played":[1.0,0.0],"evs":[0.0,-3.56518]},"A4o":{"weight":1.0,"played":[1.0,0.0],"evs":[0.0,-4.28097]},"52s":{"weight":1.0,"played":[0.9999,1.0E-4],"evs":[0.0,-3.4755]},"53s":{"weight":1.0,"played":[0.9999,1.0E-4],"evs":[0.0,-2.6659]},"54s":{"weight":1.0,"played":[0.9999,1.0E-4],"evs":[0.0,-2.80145]},"55":{"weight":1.0,"played":[1.0,0.0],"evs":[0.0,-2.5186]},"65o":{"weight":1.0,"played":[1.0,0.0],"evs":[0.0,-3.489]},"75o":{"weight":1.0,"played":[1.0,0.0],"evs":[0.0,-3.26294]},"85o":{"weight":1.0,"played":[1.0,0.0],"evs":[0.0,-3.77524]},"95o":{"weight":1.0,"played":[1.0,0.0],"evs":[0.0,-4.08692]},"T5o":{"weight":1.0,"played":[1.0,0.0],"evs":[0.0,-4.67724]},"J5o":{"weight":1.0,"played":[1.0,0.0],"evs":[0.0,-4.45047]},"Q5o":{"weight":1.0,"played":[1.0,0.0],"evs":[0.0,-3.9438]},"K5o":{"weight":1.0,"played":[1.0,0.0],"evs":[0.0,-3.77156]},"A5o":{"weight":1.0,"played":[1.0,0.0],"evs":[0.0,-4.2245]},"62s":{"weight":1.0,"played":[1.0,0.0],"evs":[0.0,-3.88744]},"63s":{"weight":1.0,"played":[1.0,0.0],"evs":[0.0,-2.76059]},"64s":{"weight":1.0,"played":[1.0,0.0],"evs":[0.0,-2.80689]},"65s":{"weight":1.0,"played":[0.9945,0.0055],"evs":[0.0,-2.85466]},"66":{"weight":1.0,"played":[0.9983,0.0017],"evs":[0.0,-2.17526]},"76o":{"weight":1.0,"played":[1.0,0.0],"evs":[0.0,-2.95049]},"86o":{"weight":1.0,"played":[1.0,0.0],"evs":[0.0,-3.54874]},"96o":{"weight":1.0,"played":[1.0,0.0],"evs":[0.0,-3.63802]},"T6o":{"weight":1.0,"played":[1.0,0.0],"evs":[0.0,-4.07529]},"J6o":{"weight":1.0,"played":[1.0,0.0],"evs":[0.0,-4.38945]},"Q6o":{"weight":1.0,"played":[1.0,0.0],"evs":[0.0,-4.11972]},"K6o":{"weight":1.0,"played":[1.0,0.0],"evs":[0.0,-3.3403]},"A6o":{"weight":1.0,"played":[1.0,0.0],"evs":[0.0,-4.37909]},"72s":{"weight":1.0,"played":[0.9999,1.0E-4],"evs":[0.0,-3.25385]},"73s":{"weight":1.0,"played":[1.0,0.0],"evs":[0.0,-3.20665]},"74s":{"weight":1.0,"played":[0.9991,9.0E-4],"evs":[0.0,-3.5463]},"75s":{"weight":1.0,"played":[1.0,0.0],"evs":[0.0,-2.26599]},"76s":{"weight":1.0,"played":[0.9983,0.0017],"evs":[0.0,-2.48573]},"77":{"weight":1.0,"played":[0.9997,3.0E-4],"evs":[0.0,-2.00456]},"87o":{"weight":1.0,"played":[1.0,0.0],"evs":[0.0,-3.02542]},"97o":{"weight":1.0,"played":[1.0,0.0],"evs":[0.0,-3.21209]},"T7o":{"weight":1.0,"played":[0.9999,1.0E-4],"evs":[0.0,-4.15455]},"J7o":{"weight":1.0,"played":[1.0,0.0],"evs":[0.0,-3.91372]},"Q7o":{"weight":1.0,"played":[1.0,0.0],"evs":[0.0,-4.31529]},"K7o":{"weight":1.0,"played":[1.0,0.0],"evs":[0.0,-3.34224]},"A7o":{"weight":1.0,"played":[0.9998,2.0E-4],"evs":[0.0,-4.63261]},"82s":{"weight":1.0,"played":[0.9996,4.0E-4],"evs":[0.0,-3.19856]},"83s":{"weight":1.0,"played":[0.9999,1.0E-4],"evs":[0.0,-3.57666]},"84s":{"weight":1.0,"played":[0.999,0.001],"evs":[0.0,-3.76917]},"85s":{"weight":1.0,"played":[0.9943,0.0057],"evs":[0.0,-2.21485]},"86s":{"weight":1.0,"played":[0.9988,0.0012],"evs":[0.0,-2.08999]},"87s":{"weight":1.0,"played":[0.9998,2.0E-4],"evs":[0.0,-2.33865]},"88":{"weight":1.0,"played":[0.9961,0.0039],"evs":[0.0,-1.65455]},"98o":{"weight":1.0,"played":[1.0,0.0],"evs":[0.0,-3.59582]},"T8o":{"weight":1.0,"played":[0.9997,3.0E-4],"evs":[0.0,-3.79187]},"J8o":{"weight":1.0,"played":[1.0,0.0],"evs":[0.0,-3.77899]},"Q8o":{"weight":1.0,"played":[1.0,0.0],"evs":[0.0,-3.91605]},"K8o":{"weight":1.0,"played":[0.9999,1.0E-4],"evs":[0.0,-3.6504]},"A8o":{"weight":1.0,"played":[1.0,0.0],"evs":[0.0,-3.77543]},"92s":{"weight":1.0,"played":[1.0,0.0],"evs":[0.0,-3.96935]},"93s":{"weight":1.0,"played":[1.0,0.0],"evs":[0.0,-3.34473]},"94s":{"weight":1.0,"played":[1.0,0.0],"evs":[0.0,-3.20983]},"95s":{"weight":1.0,"played":[0.9999,1.0E-4],"evs":[0.0,-3.05838]},"96s":{"weight":1.0,"played":[1.0,0.0],"evs":[0.0,-3.16574]},"97s":{"weight":1.0,"played":[0.998,0.002],"evs":[0.0,-3.01224]},"98s":{"weight":1.0,"played":[0.9999,1.0E-4],"evs":[0.0,-3.28214]},"99":{"weight":1.0,"played":[0.9999,1.0E-4],"evs":[0.0,-1.78098]},"T9o":{"weight":1.0,"played":[0.9998,2.0E-4],"evs":[0.0,-4.05701]},"J9o":{"weight":1.0,"played":[0.9987,0.0013],"evs":[0.0,-3.84033]},"Q9o":{"weight":1.0,"played":[0.9998,2.0E-4],"evs":[0.0,-3.46855]},"K9o":{"weight":1.0,"played":[0.9999,1.0E-4],"evs":[0.0,-3.35695]},"A9o":{"weight":1.0,"played":[1.0,0.0],"evs":[0.0,-4.46643]},"T2s":{"weight":1.0,"played":[1.0,0.0],"evs":[0.0,-3.80005]},"T3s":{"weight":1.0,"played":[1.0,0.0],"evs":[0.0,-3.51074]},"T4s":{"weight":1.0,"played":[1.0,0.0],"evs":[0.0,-3.36687]},"T5s":{"weight":1.0,"played":[1.0,0.0],"evs":[0.0,-3.39724]},"T6s":{"weight":1.0,"played":[1.0,0.0],"evs":[0.0,-3.39828]},"T7s":{"weight":1.0,"played":[1.0,0.0],"evs":[0.0,-2.73453]},"T8s":{"weight":1.0,"played":[0.9978,0.0022],"evs":[0.0,-3.36502]},"T9s":{"weight":1.0,"played":[0.9999,1.0E-4],"evs":[0.0,-2.76583]},"TT":{"weight":1.0,"played":[0.9977,0.0023],"evs":[0.0,-1.33879]},"JTo":{"weight":1.0,"played":[1.0,0.0],"evs":[0.0,-3.83994]},"QTo":{"weight":1.0,"played":[1.0,0.0],"evs":[0.0,-3.56042]},"KTo":{"weight":1.0,"played":[0.9999,1.0E-4],"evs":[0.0,-3.68071]},"ATo":{"weight":1.0,"played":[0.9999,1.0E-4],"evs":[0.0,-3.95596]},"J2s":{"weight":1.0,"played":[1.0,0.0],"evs":[0.0,-4.19548]},"J3s":{"weight":1.0,"played":[1.0,0.0],"evs":[0.0,-3.77539]},"J4s":{"weight":1.0,"played":[1.0,0.0],"evs":[0.0,-3.81414]},"J5s":{"weight":1.0,"played":[0.9998,2.0E-4],"evs":[0.0,-3.73459]},"J6s":{"weight":1.0,"played":[0.9972,0.0028],"evs":[0.0,-3.4647]},"J7s":{"weight":1.0,"played":[0.9999,1.0E-4],"evs":[0.0,-2.89747]},"J8s":{"weight":1.0,"played":[1.0,0.0],"evs":[0.0,-3.3337]},"J9s":{"weight":1.0,"played":[1.0,0.0],"evs":[0.0,-3.44528]},"JTs":{"weight":1.0,"played":[1.0,0.0],"evs":[0.0,-3.25316]},"JJ":{"weight":1.0,"played":[0.9628,0.0372],"evs":[0.0,-1.13387]},"QJo":{"weight":1.0,"played":[1.0,0.0],"evs":[0.0,-3.40494]},"KJo":{"weight":1.0,"played":[1.0,0.0],"evs":[0.0,-3.98238]},"AJo":{"weight":1.0,"played":[0.9993,7.0E-4],"evs":[0.0,-3.00508]},"Q2s":{"weight":1.0,"played":[1.0,0.0],"evs":[0.0,-3.68722]},"Q3s":{"weight":1.0,"played":[0.9999,1.0E-4],"evs":[0.0,-4.07817]},"Q4s":{"weight":1.0,"played":[1.0,0.0],"evs":[0.0,-3.29465]},"Q5s":{"weight":1.0,"played":[0.9999,1.0E-4],"evs":[0.0,-2.60219]},"Q6s":{"weight":1.0,"played":[0.9998,2.0E-4],"evs":[0.0,-2.38486]},"Q7s":{"weight":1.0,"played":[0.9996,4.0E-4],"evs":[0.0,-3.24425]},"Q8s":{"weight":1.0,"played":[0.9968,0.0032],"evs":[0.0,-2.87172]},"Q9s":{"weight":1.0,"played":[1.0,0.0],"evs":[0.0,-2.08533]},"QTs":{"weight":1.0,"played":[0.9964,0.0036],"evs":[0.0,-2.45672]},"QJs":{"weight":1.0,"played":[0.9972,0.0028],"evs":[0.0,-2.53484]},"QQ":{"weight":1.0,"played":[9.0E-4,0.9991],"evs":[0.0,2.07594]},"KQo":{"weight":1.0,"played":[1.0,0.0],"evs":[0.0,-2.87811]},"AQo":{"weight":1.0,"played":[0.9989,0.0011],"evs":[0.0,-1.60707]},"K2s":{"weight":1.0,"played":[0.9999,1.0E-4],"evs":[0.0,-3.01863]},"K3s":{"weight":1.0,"played":[1.0,0.0],"evs":[0.0,-2.72675]},"K4s":{"weight":1.0,"played":[1.0,0.0],"evs":[0.0,-2.94276]},"K5s":{"weight":1.0,"played":[1.0,0.0],"evs":[0.0,-2.19186]},"K6s":{"weight":1.0,"played":[0.9949,0.0051],"evs":[0.0,-2.61978]},"K7s":{"weight":1.0,"played":[0.9999,1.0E-4],"evs":[0.0,-2.25919]},"K8s":{"weight":1.0,"played":[0.9999,1.0E-4],"evs":[0.0,-3.70655]},"K9s":{"weight":1.0,"played":[0.9936,0.0064],"evs":[0.0,-2.26106]},"KTs":{"weight":1.0,"played":[0.9999,1.0E-4],"evs":[0.0,-3.29475]},"KJs":{"weight":1.0,"played":[0.9995,5.0E-4],"evs":[0.0,-2.13521]},"KQs":{"weight":1.0,"played":[0.9997,3.0E-4],"evs":[0.0,-1.89493]},"KK":{"weight":1.0,"played":[0.0,1.0],"evs":[0.0,4.50875]},"AKo":{"weight":1.0,"played":[0.8932,0.1068],"evs":[0.0,-0.4402]},"A2s":{"weight":1.0,"played":[0.9997,3.0E-4],"evs":[0.0,-4.59798]},"A3s":{"weight":1.0,"played":[0.9979,0.0021],"evs":[0.0,-3.7975]},"A4s":{"weight":1.0,"played":[1.0,0.0],"evs":[0.0,-2.95451]},"A5s":{"weight":1.0,"played":[1.0,0.0],"evs":[0.0,-3.28151]},"A6s":{"weight":1.0,"played":[1.0,0.0],"evs":[0.0,-3.53406]},"A7s":{"weight":1.0,"played":[0.9998,2.0E-4],"evs":[0.0,-3.07508]},"A8s":{"weight":1.0,"played":[0.997,0.003],"evs":[0.0,-2.97402]},"A9s":{"weight":1.0,"played":[1.0,0.0],"evs":[0.0,-3.12626]},"ATs":{"weight":1.0,"played":[0.9999,1.0E-4],"evs":[0.0,-3.14973]},"AJs":{"weight":1.0,"played":[0.9875,0.0125],"evs":[0.0,-1.9372]},"AQs":{"weight":1.0,"played":[0.9506,0.0494],"evs":[0.0,-0.52945]},"AKs":{"weight":1.0,"played":[0.7342,0.2658],"evs":[0.0,0.54026]},"AA":{"weight":1.0,"played":[0.0,1.0],"evs":[0.0,8.19191]}}}