{"player":4,"street":0,"children":3,"sequence":[{"player":0,"type":"F","amount":0,"street":0},{"player":1,"type":"F","amount":0,"street":0},{"player":2,"type":"F","amount":0,"street":0},{"player":3,"type":"F","amount":0,"street":0}],"actions":[{"type":"F","amount":0},{"type":"C","amount":2500000,"node":5},{"type":"R","amount":31250000,"node":7}],"hands":{"22":{"weight":1.0,"played":[0.0,0.0,1.0],"evs":[0.0,0.69963,1.2048]},"32o":{"weight":1.0,"played":[1.0,0.0,0.0],"evs":[0.0,-0.06247,-0.12729]},"42o":{"weight":1.0,"played":[0.9997,2.0E-4,0.0],"evs":[0.0,-0.02446,-0.07342]},"52o":{"weight":1.0,"played":[0.1941,0.8059,1.0E-4],"evs":[0.0,0.00235,-0.02031]},"62o":{"weight":1.0,"played":[0.9999,1.0E-4,0.0],"evs":[0.0,-0.0353,-0.11487]},"72o":{"weight":1.0,"played":[1.0,0.0,0.0],"evs":[0.0,-0.05271,-0.14654]},"82o":{"weight":1.0,"played":[0.9997,3.0E-4,0.0],"evs":[0.0,-0.01923,-0.06302]},"92o":{"weight":1.0,"played":[0.1693,0.8307,0.0],"evs":[0.0,0.00252,-0.01335]},"T2o":{"weight":1.0,"played":[0.0,0.9348,0.0652],"evs":[0.0,0.08284,0.07612]},"J2o":{"weight":1.0,"played":[0.0,0.3308,0.6692],"evs":[0.0,0.16782,0.16886]},"Q2o":{"weight":1.0,"played":[0.0,0.0,1.0],"evs":[0.0,0.32454,0.36147]},"K2o":{"weight":1.0,"played":[0.0,0.0,1.0],"evs":[0.0,0.5154,0.77476]},"A2o":{"weight":1.0,"played":[0.0,0.0,1.0],"evs":[0.0,1.10817,1.48676]},"32s":{"weight":1.0,"played":[0.0,0.0,1.0],"evs":[0.0,0.08369,0.15831]},"33":{"weight":1.0,"played":[0.0,0.0,1.0],"evs":[0.0,0.86437,1.36279]},"43o":{"weight":1.0,"played":[3.0E-4,0.0,0.9997],"evs":[0.0,0.03238,0.04895]},"53o":{"weight":1.0,"played":[0.0,0.0,1.0],"evs":[0.0,0.05875,0.09701]},"63o":{"weight":1.0,"played":[0.0,0.6256,0.3744],"evs":[0.0,0.02273,0.01816]},"73o":{"weight":1.0,"played":[0.0091,0.9909,0.0],"evs":[0.0,0.00702,-0.01768]},"83o":{"weight":1.0,"played":[0.5251,0.4749,0.0],"evs":[0.0,4.3E-4,-0.04285]},"93o":{"weight":1.0,"played":[0.0,0.0131,0.9869],"evs":[0.0,0.02667,0.03691]},"T3o":{"weight":1.0,"played":[0.0,0.0031,0.9969],"evs":[0.0,0.11711,0.1248]},"J3o":{"weight":1.0,"played":[0.0,5.0E-4,0.9995],"evs":[0.0,0.20196,0.21217]},"Q3o":{"weight":1.0,"played":[0.0,0.0,1.0],"evs":[0.0,0.35108,0.40677]},"K3o":{"weight":1.0,"played":[0.0,0.0,1.0],"evs":[0.0,0.58858,0.83003]},"A3o":{"weight":1.0,"played":[0.0,0.0,1.0],"evs":[0.0,1.1822,1.54027]},"42s":{"weight":1.0,"played":[0.0,0.0,1.0],"evs":[0.0,0.12754,0.21278]},"43s":{"weight":1.0,"played":[0.0,0.0,1.0],"evs":[0.0,0.18145,0.31835]},"44":{"weight":1.0,"played":[0.0,0.0,1.0],"evs":[0.0,1.07024,1.51585]},"54o":{"weight":1.0,"played":[0.0,0.0,1.0],"evs":[0.0,0.13903,0.21514]},"64o":{"weight":1.0,"played":[0.0,0.0,1.0],"evs":[0.0,0.10351,0.13821]},"74o":{"weight":1.0,"played":[0.0,0.0068,0.9932],"evs":[0.0,0.09009,0.10807]},"84o":{"weight":1.0,"played":[0.0,0.4152,0.5848],"evs":[0.0,0.07837,0.0777]},"94o":{"weight":1.0,"played":[0.0,0.513,0.487],"evs":[0.0,0.06619,0.06538]},"T4o":{"weight":1.0,"played":[0.0,0.0116,0.9884],"evs":[0.0,0.16288,0.17184]},"J4o":{"weight":1.0,"played":[0.0,0.1244,0.8756],"evs":[0.0,0.25328,0.25888]},"Q4o":{"weight":1.0,"played":[0.0,0.0,1.0],"evs":[0.0,0.39255,0.454]},"K4o":{"weight":1.0,"played":[0.0,0.0,1.0],"evs":[0.0,0.6468,0.87636]},"A4o":{"weight":1.0,"played":[0.0,0.0,1.0],"evs":[0.0,1.24998,1.58534]},"52s":{"weight":1.0,"played":[0.0,0.0,1.0],"evs":[0.0,0.15769,0.27587]},"53s":{"weight":1.0,"played":[0.0,0.0,1.0],"evs":[0.0,0.20879,0.377]},"54s":{"weight":1.0,"played":[0.0,0.0,1.0],"evs":[0.0,0.28606,0.48811]},"55":{"weight":1.0,"played":[0.0,0.0,1.0],"evs":[0.0,1.31067,1.66383]},"65o":{"weight":1.0,"played":[0.0,0.0,1.0],"evs":[0.0,0.17371,0.26512]},"75o":{"weight":1.0,"played":[0.0,0.0,1.0],"evs":[0.0,0.17199,0.23629]},"85o":{"weight":1.0,"played":[0.0,0.0,1.0],"evs":[0.0,0.16488,0.2124]},"95o":{"weight":1.0,"played":[0.0,0.0,1.0],"evs":[0.0,0.14314,0.18254]},"T5o":{"weight":1.0,"played":[0.0,0.0038,0.9962],"evs":[0.0,0.18974,0.20878]},"J5o":{"weight":1.0,"played":[0.0,1.0E-4,0.9999],"evs":[0.0,0.29159,0.31122]},"Q5o":{"weight":1.0,"played":[0.0,0.0,1.0],"evs":[0.0,0.42563,0.50882]},"K5o":{"weight":1.0,"played":[0.0,0.0,1.0],"evs":[0.0,0.72568,0.92918]},"A5o":{"weight":1.0,"played":[0.0,0.0,1.0],"evs":[0.0,1.32339,1.63339]},"62s":{"weight":1.0,"played":[0.0,0.0,1.0],"evs":[0.0,0.11714,0.18582]},"63s":{"weight":1.0,"played":[0.0,0.0,1.0],"evs":[0.0,0.17734,0.30892]},"64s":{"weight":1.0,"played":[0.0,0.0,1.0],"evs":[0.0,0.25611,0.42543]},"65s":{"weight":1.0,"played":[0.0,0.0,1.0],"evs":[0.0,0.31377,0.53152]},"66":{"weight":1.0,"played":[0.0,0.0,1.0],"evs":[0.0,1.52554,1.79802]},"76o":{"weight":1.0,"played":[0.0,0.0,1.0],"evs":[0.0,0.24098,0.34017]},"86o":{"weight":1.0,"played":[0.0,0.0,1.0],"evs":[0.0,0.25355,0.32521]},"96o":{"weight":1.0,"played":[0.0,0.0,1.0],"evs":[0.0,0.23251,0.30203]},"T6o":{"weight":1.0,"played":[0.0,0.0,1.0],"evs":[0.0,0.2729,0.31033]},"J6o":{"weight":1.0,"played":[0.0,0.1172,0.8828],"evs":[0.0,0.32248,0.32232]},"Q6o":{"weight":1.0,"played":[0.0,0.0,1.0],"evs":[0.0,0.45885,0.54763]},"K6o":{"weight":1.0,"played":[0.0,0.0,1.0],"evs":[0.0,0.8068,1.00519]},"A6o":{"weight":1.0,"played":[0.0,0.0,1.0],"evs":[0.0,1.33833,1.6544]},"72s":{"weight":1.0,"played":[0.0,1.0E-4,0.9999],"evs":[0.0,0.11342,0.15776]},"73s":{"weight":1.0,"played":[0.0,2.0E-4,0.9998],"evs":[0.0,0.16334,0.2633]},"74s":{"weight":1.0,"played":[0.0,0.0,1.0],"evs":[0.0,0.24916,0.38812]},"75s":{"weight":1.0,"played":[0.0,0.0,1.0],"evs":[0.0,0.32123,0.5025]},"76s":{"weight":1.0,"played":[0.0,0.0,1.0],"evs":[0.0,0.43196,0.62127]},"77":{"weight":1.0,"played":[0.0,0.0,1.0],"evs":[0.0,1.77397,1.96193]},"87o":{"weight":1.0,"played":[0.0,0.0,1.0],"evs":[0.0,0.32376,0.43422]},"97o":{"weight":1.0,"played":[0.0,0.0,1.0],"evs":[0.0,0.32332,0.41871]},"T7o":{"weight":1.0,"played":[0.0,0.0,1.0],"evs":[0.0,0.36316,0.42099]},"J7o":{"weight":1.0,"played":[0.0,0.0,1.0],"evs":[0.0,0.41061,0.43647]},"Q7o":{"weight":1.0,"played":[0.0,0.0,1.0],"evs":[0.0,0.50306,0.59932]},"K7o":{"weight":1.0,"played":[0.0,0.0,1.0],"evs":[0.0,0.89496,1.10381]},"A7o":{"weight":1.0,"played":[0.0,0.0,1.0],"evs":[0.0,1.44697,1.77393]},"82s":{"weight":1.0,"played":[0.0,0.0,1.0],"evs":[0.0,0.14502,0.22037]},"83s":{"weight":1.0,"played":[0.0,1.0E-4,0.9999],"evs":[0.0,0.1549,0.23773]},"84s":{"weight":1.0,"played":[0.0,0.0,1.0],"evs":[0.0,0.23788,0.37154]},"85s":{"weight":1.0,"played":[0.0,0.0,1.0],"evs":[0.0,0.31595,0.48885]},"86s":{"weight":1.0,"played":[0.0,0.0,1.0],"evs":[0.0,0.43699,0.58616]},"87s":{"weight":1.0,"played":[0.0,0.0,1.0],"evs":[0.0,0.58271,0.69743]},"88":{"weight":1.0,"played":[0.0,0.0,1.0],"evs":[0.0,2.01986,2.16932]},"98o":{"weight":1.0,"played":[0.0,0.0,1.0],"evs":[0.0,0.48149,0.53458]},"T8o":{"weight":1.0,"played":[0.0,0.0,1.0],"evs":[0.0,0.53089,0.55955]},"J8o":{"weight":1.0,"played":[0.0,0.0,1.0],"evs":[0.0,0.57016,0.60799]},"Q8o":{"weight":1.0,"played":[0.0,0.0,1.0],"evs":[0.0,0.73397,0.79757]},"K8o":{"weight":1.0,"played":[0.0,0.0,1.0],"evs":[0.0,1.01025,1.23677]},"A8o":{"weight":1.0,"played":[0.0,0.0,1.0],"evs":[0.0,1.58275,1.92386]},"92s":{"weight":1.0,"played":[0.0,0.0,1.0],"evs":[0.0,0.17596,0.27819]},"93s":{"weight":1.0,"played":[0.0,0.0,1.0],"evs":[0.0,0.18947,0.31829]},"94s":{"weight":1.0,"played":[0.0,0.0,1.0],"evs":[0.0,0.23153,0.33665]},"95s":{"weight":1.0,"played":[0.0,0.0,1.0],"evs":[0.0,0.29778,0.46859]},"96s":{"weight":1.0,"played":[0.0,0.0,1.0],"evs":[0.0,0.43605,0.57063]},"97s":{"weight":1.0,"played":[0.0,0.0,1.0],"evs":[0.0,0.573,0.65801]},"98s":{"weight":1.0,"played":[0.0,0.0,1.0],"evs":[0.0,0.74449,0.77854]},"99":{"weight":1.0,"played":[0.0,1.0E-4,0.9999],"evs":[0.0,2.28061,2.38722]},"T9o":{"weight":1.0,"played":[0.0,0.0167,0.9833],"evs":[0.0,0.6928,0.71576]},"J9o":{"weight":1.0,"played":[0.0,0.0,1.0],"evs":[0.0,0.7411,0.79171]},"Q9o":{"weight":1.0,"played":[0.0,0.0,1.0],"evs":[0.0,0.92953,0.98693]},"K9o":{"weight":1.0,"played":[0.0,0.0,1.0],"evs":[0.0,1.22773,1.44786]},"A9o":{"weight":1.0,"played":[0.0,0.0,1.0],"evs":[0.0,1.69206,2.06813]},"T2s":{"weight":1.0,"played":[0.0,0.0,1.0],"evs":[0.0,0.24772,0.36137]},"T3s":{"weight":1.0,"played":[0.0,0.0,1.0],"evs":[0.0,0.26943,0.40163]},"T4s":{"weight":1.0,"played":[0.0,0.0,1.0],"evs":[0.0,0.31966,0.45159]},"T5s":{"weight":1.0,"played":[0.0,0.0,1.0],"evs":[0.0,0.34383,0.4781]},"T6s":{"weight":1.0,"played":[0.0,0.0,1.0],"evs":[0.0,0.47393,0.57471]},"T7s":{"weight":1.0,"played":[0.0,1.0E-4,0.9999],"evs":[0.0,0.62316,0.67725]},"T8s":{"weight":1.0,"played":[0.0,0.0174,0.9826],"evs":[0.0,0.78826,0.79623]},"T9s":{"weight":1.0,"played":[0.0,0.6257,0.3743],"evs":[0.0,0.95747,0.95599]},"TT":{"weight":1.0,"played":[0.0,6.0E-4,0.9994],"evs":[0.0,2.60176,2.67415]},"JTo":{"weight":1.0,"played":[0.0,0.0,1.0],"evs":[0.0,1.02201,1.05363]},"QTo":{"weight":1.0,"played":[0.0,0.0,1.0],"evs":[0.0,1.20153,1.25085]},"KTo":{"weight":1.0,"played":[0.0,0.0,1.0],"evs":[0.0,1.48484,1.69438]},"ATo":{"weight":1.0,"played":[0.0,0.0,1.0],"evs":[0.0,1.94018,2.30435]},"J2s":{"weight":1.0,"played":[0.0,0.0,1.0],"evs":[0.0,0.33602,0.46068]},"J3s":{"weight":1.0,"played":[0.0,0.0,1.0],"evs":[0.0,0.36076,0.49912]},"J4s":{"weight":1.0,"played":[0.0,0.0,1.0],"evs":[0.0,0.40744,0.52936]},"J5s":{"weight":1.0,"played":[0.0,0.0,1.0],"evs":[0.0,0.44982,0.58408]},"J6s":{"weight":1.0,"played":[0.0,0.0,1.0],"evs":[0.0,0.48683,0.59227]},"J7s":{"weight":1.0,"played":[0.0,0.0,1.0],"evs":[0.0,0.64867,0.69043]},"J8s":{"weight":1.0,"played":[0.0,0.0,1.0],"evs":[0.0,0.82367,0.85012]},"J9s":{"weight":1.0,"played":[0.0,0.0131,0.9869],"evs":[0.0,1.01806,1.0361]},"JTs":{"weight":1.0,"played":[0.0,0.0404,0.9596],"evs":[0.0,1.26673,1.27402]},"JJ":{"weight":1.0,"played":[0.0,0.3504,0.6496],"evs":[0.0,2.87801,2.88117]},"QJo":{"weight":1.0,"played":[0.0,0.0,1.0],"evs":[0.0,1.30032,1.35756]},"KJo":{"weight":1.0,"played":[0.0,0.0,1.0],"evs":[0.0,1.58646,1.81698]},"AJo":{"weight":1.0,"played":[0.0,0.0,1.0],"evs":[0.0,2.06203,2.44039]},"Q2s":{"weight":1.0,"played":[0.0,0.0,1.0],"evs":[0.0,0.47777,0.63879]},"Q3s":{"weight":1.0,"played":[0.0,0.0,1.0],"evs":[0.0,0.50647,0.66693]},"Q4s":{"weight":1.0,"played":[0.0,0.0,1.0],"evs":[0.0,0.56181,0.71551]},"Q5s":{"weight":1.0,"played":[0.0,0.0,1.0],"evs":[0.0,0.63487,0.75867]},"Q6s":{"weight":1.0,"played":[0.0,0.0,1.0],"evs":[0.0,0.7147,0.80236]},"Q7s":{"weight":1.0,"played":[0.0,0.0,1.0],"evs":[0.0,0.78516,0.84833]},"Q8s":{"weight":1.0,"played":[0.0,0.0,1.0],"evs":[0.0,0.98825,1.02052]},"Q9s":{"weight":1.0,"played":[0.0,0.0,1.0],"evs":[0.0,1.1765,1.20681]},"QTs":{"weight":1.0,"played":[0.0,0.0019,0.9981],"evs":[0.0,1.43051,1.44857]},"QJs":{"weight":1.0,"played":[0.0,9.0E-4,0.9991],"evs":[0.0,1.50878,1.54129]},"QQ":{"weight":1.0,"played":[0.0,0.9989,0.0011],"evs":[0.0,3.13942,3.13082]},"KQo":{"weight":1.0,"played":[0.0,0.0,1.0],"evs":[0.0,1.67529,1.93976]},"AQo":{"weight":1.0,"played":[0.0,0.0,1.0],"evs":[0.0,2.18353,2.58715]},"K2s":{"weight":1.0,"played":[0.0,0.0,1.0],"evs":[0.0,0.79981,1.02148]},"K3s":{"weight":1.0,"played":[0.0,0.0,1.0],"evs":[0.0,0.86286,1.05809]},"K4s":{"weight":1.0,"played":[0.0,0.0,1.0],"evs":[0.0,0.91831,1.10386]},"K5s":{"weight":1.0,"played":[0.0,0.0,1.0],"evs":[0.0,0.99128,1.15228]},"K6s":{"weight":1.0,"played":[0.0,0.0,1.0],"evs":[0.0,1.07558,1.22538]},"K7s":{"weight":1.0,"played":[0.0,0.0,1.0],"evs":[0.0,1.14873,1.31925]},"K8s":{"weight":1.0,"played":[0.0,0.0,1.0],"evs":[0.0,1.26805,1.4516]},"K9s":{"weight":1.0,"played":[0.0,0.0,1.0],"evs":[0.0,1.4407,1.62482]},"KTs":{"weight":1.0,"played":[0.0,0.0,1.0],"evs":[0.0,1.70016,1.86656]},"KJs":{"weight":1.0,"played":[0.0,0.0,1.0],"evs":[0.0,1.78081,1.96942]},"KQs":{"weight":1.0,"played":[0.0,0.0,1.0],"evs":[0.0,1.87884,2.09623]},"KK":{"weight":1.0,"played":[0.0,1.0,0.0],"evs":[0.0,3.49407,3.45455]},"AKo":{"weight":1.0,"played":[0.0,0.0,1.0],"evs":[0.0,2.34782,2.7968]},"A2s":{"weight":1.0,"played":[0.0,0.0,1.0],"evs":[0.0,1.35627,1.68553]},"A3s":{"weight":1.0,"played":[0.0,0.0,1.0],"evs":[0.0,1.42021,1.74299]},"A4s":{"weight":1.0,"played":[0.0,0.0,1.0],"evs":[0.0,1.48616,1.76783]},"A5s":{"weight":1.0,"played":[0.0,0.0,1.0],"evs":[0.0,1.55271,1.82002]},"A6s":{"weight":1.0,"played":[0.0,0.0,1.0],"evs":[0.0,1.5733,1.84073]},"A7s":{"weight":1.0,"played":[0.0,0.0,1.0],"evs":[0.0,1.67327,1.95499]},"A8s":{"weight":1.0,"played":[0.0,0.0,1.0],"evs":[0.0,1.78734,2.08142]},"A9s":{"weight":1.0,"played":[0.0,0.0,1.0],"evs":[0.0,1.89151,2.21543]},"ATs":{"weight":1.0,"played":[0.0,0.0,1.0],"evs":[0.0,2.13751,2.44914]},"AJs":{"weight":1.0,"played":[0.0,0.0,1.0],"evs":[0.0,2.23307,2.56861]},"AQs":{"weight":1.0,"played":[0.0,0.0,1.0],"evs":[0.0,2.35092,2.69279]},"AKs":{"weight":1.0,"played":[0.0,0.0,1.0],"evs":[0.0,2.50104,2.88376]},"AA":{"weight":1.0,"played":[0.0,1.0,0.0],"evs":[0.0,4.00331,3.99612]}}}