{"player":5,"street":0,"children":2,"sequence":[{"player":0,"type":"F","amount":0,"street":0},{"player":1,"type":"R","amount":36750000,"street":0},{"player":2,"type":"R","amount":37750000,"street":0},{"player":3,"type":"F","amount":0,"street":0},{"player":4,"type":"C","amount":35250000,"street":0}],"actions":[{"type":"F","amount":0},{"type":"C","amount":26250000}],"hands":{"22":{"weight":1.0,"played":[1.0,0.0],"evs":[0.0,-5.22412]},"32o":{"weight":1.0,"played":[1.0,0.0],"evs":[0.0,-6.51137]},"42o":{"weight":1.0,"played":[1.0,0.0],"evs":[0.0,-6.22214]},"52o":{"weight":1.0,"played":[1.0,0.0],"evs":[0.0,-6.29008]},"62o":{"weight":1.0,"played":[1.0,0.0],"evs":[0.0,-6.54832]},"72o":{"weight":1.0,"played":[1.0,0.0],"evs":[0.0,-7.03772]},"82o":{"weight":1.0,"played":[1.0,0.0],"evs":[0.0,-6.73489]},"92o":{"weight":1.0,"played":[1.0,0.0],"evs":[0.0,-6.72748]},"T2o":{"weight":1.0,"played":[1.0,0.0],"evs":[0.0,-6.82449]},"J2o":{"weight":1.0,"played":[1.0,0.0],"evs":[0.0,-6.6085]},"Q2o":{"weight":1.0,"played":[1.0,0.0],"evs":[0.0,-6.76071]},"K2o":{"weight":1.0,"played":[1.0,0.0],"evs":[0.0,-6.51407]},"A2o":{"weight":1.0,"played":[1.0,0.0],"evs":[0.0,-6.79025]},"32s":{"weight":1.0,"played":[1.0,0.0],"evs":[0.0,-5.54519]},"33":{"weight":1.0,"played":[1.0,0.0],"evs":[0.0,-5.30461]},"43o":{"weight":1.0,"played":[1.0,0.0],"evs":[0.0,-5.95319]},"53o":{"weight":1.0,"played":[1.0,0.0],"evs":[0.0,-5.87489]},"63o":{"weight":1.0,"played":[1.0,0.0],"evs":[0.0,-6.17981]},"73o":{"weight":1.0,"played":[1.0,0.0],"evs":[0.0,-6.37161]},"83o":{"weight":1.0,"played":[1.0,0.0],"evs":[0.0,-6.69302]},"93o":{"weight":1.0,"played":[1.0,0.0],"evs":[0.0,-6.75464]},"T3o":{"weight":1.0,"played":[1.0,0.0],"evs":[0.0,-6.59974]},"J3o":{"weight":1.0,"played":[1.0,0.0],"evs":[0.0,-6.62592]},"Q3o":{"weight":1.0,"played":[1.0,0.0],"evs":[0.0,-6.77048]},"K3o":{"weight":1.0,"played":[1.0,0.0],"evs":[0.0,-6.22713]},"A3o":{"weight":1.0,"played":[1.0,0.0],"evs":[0.0,-6.7679]},"42s":{"weight":1.0,"played":[1.0,0.0],"evs":[0.0,-5.64036]},"43s":{"weight":1.0,"played":[1.0,0.0],"evs":[0.0,-5.08832]},"44":{"weight":1.0,"played":[1.0,0.0],"evs":[0.0,-5.16155]},"54o":{"weight":1.0,"played":[1.0,0.0],"evs":[0.0,-5.58333]},"64o":{"weight":1.0,"played":[1.0,0.0],"evs":[0.0,-5.71401]},"74o":{"weight":1.0,"played":[1.0,0.0],"evs":[0.0,-6.12215]},"84o":{"weight":1.0,"played":[1.0,0.0],"evs":[0.0,-6.42934]},"94o":{"weight":1.0,"played":[1.0,0.0],"evs":[0.0,-6.7045]},"T4o":{"weight":1.0,"played":[1.0,0.0],"evs":[0.0,-6.58904]},"J4o":{"weight":1.0,"played":[1.0,0.0],"evs":[0.0,-6.43958]},"Q4o":{"weight":1.0,"played":[1.0,0.0],"evs":[0.0,-6.55723]},"K4o":{"weight":1.0,"played":[1.0,0.0],"evs":[0.0,-6.03722]},"A4o":{"weight":1.0,"played":[1.0,0.0],"evs":[0.0,-6.47041]},"52s":{"weight":1.0,"played":[1.0,0.0],"evs":[0.0,-5.33496]},"53s":{"weight":1.0,"played":[1.0,0.0],"evs":[0.0,-4.9514]},"54s":{"weight":1.0,"played":[1.0,0.0],"evs":[0.0,-4.79877]},"55":{"weight":1.0,"played":[1.0,0.0],"evs":[0.0,-4.97784]},"65o":{"weight":1.0,"played":[1.0,0.0],"evs":[0.0,-5.53872]},"75o":{"weight":1.0,"played":[1.0,0.0],"evs":[0.0,-5.7637]},"85o":{"weight":1.0,"played":[1.0,0.0],"evs":[0.0,-5.9875]},"95o":{"weight":1.0,"played":[1.0,0.0],"evs":[0.0,-6.22801]},"T5o":{"weight":1.0,"played":[1.0,0.0],"evs":[0.0,-6.31783]},"J5o":{"weight":1.0,"played":[1.0,0.0],"evs":[0.0,-6.48285]},"Q5o":{"weight":1.0,"played":[1.0,0.0],"evs":[0.0,-6.50915]},"K5o":{"weight":1.0,"played":[1.0,0.0],"evs":[0.0,-6.02903]},"A5o":{"weight":1.0,"played":[1.0,0.0],"evs":[0.0,-6.57776]},"62s":{"weight":1.0,"played":[1.0,0.0],"evs":[0.0,-5.85477]},"63s":{"weight":1.0,"played":[1.0,0.0],"evs":[0.0,-5.03963]},"64s":{"weight":1.0,"played":[1.0,0.0],"evs":[0.0,-4.94293]},"65s":{"weight":1.0,"played":[1.0,0.0],"evs":[0.0,-4.62782]},"66":{"weight":1.0,"played":[1.0,0.0],"evs":[0.0,-5.04373]},"76o":{"weight":1.0,"played":[1.0,0.0],"evs":[0.0,-5.47918]},"86o":{"weight":1.0,"played":[1.0,0.0],"evs":[0.0,-5.78886]},"96o":{"weight":1.0,"played":[1.0,0.0],"evs":[0.0,-6.20806]},"T6o":{"weight":1.0,"played":[1.0,0.0],"evs":[0.0,-6.17591]},"J6o":{"weight":1.0,"played":[1.0,0.0],"evs":[0.0,-6.40682]},"Q6o":{"weight":1.0,"played":[1.0,0.0],"evs":[0.0,-6.69859]},"K6o":{"weight":1.0,"played":[1.0,0.0],"evs":[0.0,-5.95321]},"A6o":{"weight":1.0,"played":[1.0,0.0],"evs":[0.0,-7.08352]},"72s":{"weight":1.0,"played":[1.0,0.0],"evs":[0.0,-6.19022]},"73s":{"weight":1.0,"played":[1.0,0.0],"evs":[0.0,-5.65984]},"74s":{"weight":1.0,"played":[1.0,0.0],"evs":[0.0,-5.36217]},"75s":{"weight":1.0,"played":[1.0,0.0],"evs":[0.0,-4.91306]},"76s":{"weight":1.0,"played":[1.0,0.0],"evs":[0.0,-4.79176]},"77":{"weight":1.0,"played":[1.0,0.0],"evs":[0.0,-4.73701]},"87o":{"weight":1.0,"played":[1.0,0.0],"evs":[0.0,-5.71976]},"97o":{"weight":1.0,"played":[1.0,0.0],"evs":[0.0,-5.88379]},"T7o":{"weight":1.0,"played":[1.0,0.0],"evs":[0.0,-6.09634]},"J7o":{"weight":1.0,"played":[1.0,0.0],"evs":[0.0,-6.27966]},"Q7o":{"weight":1.0,"played":[1.0,0.0],"evs":[0.0,-6.33292]},"K7o":{"weight":1.0,"played":[1.0,0.0],"evs":[0.0,-6.09491]},"A7o":{"weight":1.0,"played":[1.0,0.0],"evs":[0.0,-6.93478]},"82s":{"weight":1.0,"played":[1.0,0.0],"evs":[0.0,-5.97234]},"83s":{"weight":1.0,"played":[1.0,0.0],"evs":[0.0,-5.96932]},"84s":{"weight":1.0,"played":[1.0,0.0],"evs":[0.0,-5.60839]},"85s":{"weight":1.0,"played":[1.0,0.0],"evs":[0.0,-5.28873]},"86s":{"weight":1.0,"played":[1.0,0.0],"evs":[0.0,-4.93871]},"87s":{"weight":1.0,"played":[1.0,0.0],"evs":[0.0,-4.99343]},"88":{"weight":1.0,"played":[1.0,0.0],"evs":[0.0,-4.37848]},"98o":{"weight":1.0,"played":[1.0,0.0],"evs":[0.0,-5.60612]},"T8o":{"weight":1.0,"played":[1.0,0.0],"evs":[0.0,-5.81041]},"J8o":{"weight":1.0,"played":[1.0,0.0],"evs":[0.0,-5.81918]},"Q8o":{"weight":1.0,"played":[1.0,0.0],"evs":[0.0,-6.48735]},"K8o":{"weight":1.0,"played":[1.0,0.0],"evs":[0.0,-6.11484]},"A8o":{"weight":1.0,"played":[1.0,0.0],"evs":[0.0,-6.88212]},"92s":{"weight":1.0,"played":[1.0,0.0],"evs":[0.0,-5.95214]},"93s":{"weight":1.0,"played":[1.0,0.0],"evs":[0.0,-5.71901]},"94s":{"weight":1.0,"played":[1.0,0.0],"evs":[0.0,-5.81264]},"95s":{"weight":1.0,"played":[1.0,0.0],"evs":[0.0,-5.40131]},"96s":{"weight":1.0,"played":[1.0,0.0],"evs":[0.0,-5.23527]},"97s":{"weight":1.0,"played":[1.0,0.0],"evs":[0.0,-4.82301]},"98s":{"weight":1.0,"played":[1.0,0.0],"evs":[0.0,-4.71084]},"99":{"weight":1.0,"played":[1.0,0.0],"evs":[0.0,-3.691]},"T9o":{"weight":1.0,"played":[1.0,0.0],"evs":[0.0,-5.51097]},"J9o":{"weight":1.0,"played":[1.0,0.0],"evs":[0.0,-5.67283]},"Q9o":{"weight":1.0,"played":[1.0,0.0],"evs":[0.0,-5.92303]},"K9o":{"weight":1.0,"played":[1.0,0.0],"evs":[0.0,-5.8749]},"A9o":{"weight":1.0,"played":[1.0,0.0],"evs":[0.0,-6.44881]},"T2s":{"weight":1.0,"played":[1.0,0.0],"evs":[0.0,-5.79641]},"T3s":{"weight":1.0,"played":[1.0,0.0],"evs":[0.0,-5.81986]},"T4s":{"weight":1.0,"played":[1.0,0.0],"evs":[0.0,-5.41297]},"T5s":{"weight":1.0,"played":[1.0,0.0],"evs":[0.0,-5.73476]},"T6s":{"weight":1.0,"played":[1.0,0.0],"evs":[0.0,-5.40492]},"T7s":{"weight":1.0,"played":[1.0,0.0],"evs":[0.0,-5.43544]},"T8s":{"weight":1.0,"played":[1.0,0.0],"evs":[0.0,-4.6786]},"T9s":{"weight":1.0,"played":[1.0,0.0],"evs":[0.0,-4.77622]},"TT":{"weight":1.0,"played":[1.0,0.0],"evs":[0.0,-2.96361]},"JTo":{"weight":1.0,"played":[1.0,0.0],"evs":[0.0,-5.25868]},"QTo":{"weight":1.0,"played":[1.0,0.0],"evs":[0.0,-5.48677]},"KTo":{"weight":1.0,"played":[1.0,0.0],"evs":[0.0,-5.56764]},"ATo":{"weight":1.0,"played":[1.0,0.0],"evs":[0.0,-5.92823]},"J2s":{"weight":1.0,"played":[1.0,0.0],"evs":[0.0,-5.81728]},"J3s":{"weight":1.0,"played":[1.0,0.0],"evs":[0.0,-5.47287]},"J4s":{"weight":1.0,"played":[1.0,0.0],"evs":[0.0,-5.57151]},"J5s":{"weight":1.0,"played":[1.0,0.0],"evs":[0.0,-5.23919]},"J6s":{"weight":1.0,"played":[1.0,0.0],"evs":[0.0,-5.55462]},"J7s":{"weight":1.0,"played":[1.0,0.0],"evs":[0.0,-5.28165]},"J8s":{"weight":1.0,"played":[1.0,0.0],"evs":[0.0,-5.28428]},"J9s":{"weight":1.0,"played":[1.0,0.0],"evs":[0.0,-4.57904]},"JTs":{"weight":1.0,"played":[1.0,0.0],"evs":[0.0,-4.06885]},"JJ":{"weight":1.0,"played":[0.9999,1.0E-4],"evs":[0.0,-1.55183]},"QJo":{"weight":1.0,"played":[1.0,0.0],"evs":[0.0,-5.4544]},"KJo":{"weight":1.0,"played":[1.0,0.0],"evs":[0.0,-4.90536]},"AJo":{"weight":1.0,"played":[1.0,0.0],"evs":[0.0,-5.40465]},"Q2s":{"weight":1.0,"played":[1.0,0.0],"evs":[0.0,-5.47692]},"Q3s":{"weight":1.0,"played":[1.0,0.0],"evs":[0.0,-5.83764]},"Q4s":{"weight":1.0,"played":[1.0,0.0],"evs":[0.0,-5.45382]},"Q5s":{"weight":1.0,"played":[1.0,0.0],"evs":[0.0,-5.69195]},"Q6s":{"weight":1.0,"played":[1.0,0.0],"evs":[0.0,-5.55894]},"Q7s":{"weight":1.0,"played":[1.0,0.0],"evs":[0.0,-5.55108]},"Q8s":{"weight":1.0,"played":[1.0,0.0],"evs":[0.0,-5.33042]},"Q9s":{"weight":1.0,"played":[1.0,0.0],"evs":[0.0,-5.19894]},"QTs":{"weight":1.0,"played":[1.0,0.0],"evs":[0.0,-4.78014]},"QJs":{"weight":1.0,"played":[1.0,0.0],"evs":[0.0,-4.38342]},"QQ":{"weight":1.0,"played":[0.9782,0.0218],"evs":[0.0,-1.11899]},"KQo":{"weight":1.0,"played":[1.0,0.0],"evs":[0.0,-5.27682]},"AQo":{"weight":1.0,"played":[1.0,0.0],"evs":[0.0,-4.83622]},"K2s":{"weight":1.0,"played":[0.9999,1.0E-4],"evs":[0.0,-5.25646]},"K3s":{"weight":1.0,"played":[1.0,0.0],"evs":[0.0,-5.24821]},"K4s":{"weight":1.0,"played":[1.0,0.0],"evs":[0.0,-5.14344]},"K5s":{"weight":1.0,"played":[1.0,0.0],"evs":[0.0,-5.11466]},"K6s":{"weight":1.0,"played":[1.0,0.0],"evs":[0.0,-5.26649]},"K7s":{"weight":1.0,"played":[1.0,0.0],"evs":[0.0,-5.30776]},"K8s":{"weight":1.0,"played":[0.9999,1.0E-4],"evs":[0.0,-5.09195]},"K9s":{"weight":1.0,"played":[1.0,0.0],"evs":[0.0,-4.95788]},"KTs":{"weight":1.0,"played":[1.0,0.0],"evs":[0.0,-4.3717]},"KJs":{"weight":1.0,"played":[0.9999,1.0E-4],"evs":[0.0,-4.37358]},"KQs":{"weight":1.0,"played":[1.0,0.0],"evs":[0.0,-4.4089]},"KK":{"weight":1.0,"played":[0.0018,0.9982],"evs":[0.0,1.40657]},"AKo":{"weight":1.0,"played":[1.0,0.0],"evs":[0.0,-3.57738]},"A2s":{"weight":1.0,"played":[1.0,0.0],"evs":[0.0,-5.62172]},"A3s":{"weight":1.0,"played":[1.0,0.0],"evs":[0.0,-5.49071]},"A4s":{"weight":1.0,"played":[1.0,0.0],"evs":[0.0,-5.6851]},"A5s":{"weight":1.0,"played":[1.0,0.0],"evs":[0.0,-5.69221]},"A6s":{"weight":1.0,"played":[1.0,0.0],"evs":[0.0,-5.74045]},"A7s":{"weight":1.0,"played":[1.0,0.0],"evs":[0.0,-5.84358]},"A8s":{"weight":1.0,"played":[0.9999,1.0E-4],"evs":[0.0,-5.74791]},"A9s":{"weight":1.0,"played":[1.0,0.0],"evs":[0.0,-5.6399]},"ATs":{"weight":1.0,"played":[1.0,0.0],"evs":[0.0,-4.95543]},"AJs":{"weight":1.0,"played":[1.0,0.0],"evs":[0.0,-4.69675]},"AQs":{"weight":1.0,"played":[0.9998,2.0E-4],"evs":[0.0,-4.3609]},"AKs":{"weight":1.0,"played":[0.9991,9.0E-4],"evs":[0.0,-2.64108]},"AA":{"weight":1.0,"played":[0.0,1.0],"evs":[0.0,4.75058]}}}