{"player":5,"street":0,"children":2,"sequence":[{"player":0,"type":"F","amount":0,"street":0},{"player":1,"type":"R","amount":36750000,"street":0},{"player":2,"type":"R","amount":37750000,"street":0},{"player":3,"type":"C","amount":15750000,"street":0},{"player":4,"type":"C","amount":35250000,"street":0}],"actions":[{"type":"F","amount":0},{"type":"C","amount":26250000}],"hands":{"22":{"weight":1.0,"played":[0.9776,0.0224],"evs":[0.0,-4.07706]},"32o":{"weight":1.0,"played":[0.9995,5.0E-4],"evs":[0.0,-5.9649]},"42o":{"weight":1.0,"played":[0.9998,2.0E-4],"evs":[0.0,-5.68526]},"52o":{"weight":1.0,"played":[1.0,0.0],"evs":[0.0,-4.9635]},"62o":{"weight":1.0,"played":[1.0,0.0],"evs":[0.0,-6.37824]},"72o":{"weight":1.0,"played":[1.0,0.0],"evs":[0.0,-6.52026]},"82o":{"weight":1.0,"played":[0.9983,0.0017],"evs":[0.0,-5.15866]},"92o":{"weight":1.0,"played":[1.0,0.0],"evs":[0.0,-6.25924]},"T2o":{"weight":1.0,"played":[1.0,0.0],"evs":[0.0,-5.94224]},"J2o":{"weight":1.0,"played":[1.0,0.0],"evs":[0.0,-6.26186]},"Q2o":{"weight":1.0,"played":[0.9996,4.0E-4],"evs":[0.0,-5.08243]},"K2o":{"weight":1.0,"played":[1.0,0.0],"evs":[0.0,-7.1338]},"A2o":{"weight":1.0,"played":[1.0,0.0],"evs":[0.0,-4.61649]},"32s":{"weight":1.0,"played":[0.9999,1.0E-4],"evs":[0.0,-4.46007]},"33":{"weight":1.0,"played":[0.9974,0.0026],"evs":[0.0,-4.67127]},"43o":{"weight":1.0,"played":[0.9998,2.0E-4],"evs":[0.0,-5.57404]},"53o":{"weight":1.0,"played":[0.9961,0.0039],"evs":[0.0,-4.81328]},"63o":{"weight":1.0,"played":[1.0,0.0],"evs":[0.0,-5.97638]},"73o":{"weight":1.0,"played":[0.999,0.001],"evs":[0.0,-6.05246]},"83o":{"weight":1.0,"played":[0.9999,1.0E-4],"evs":[0.0,-5.17471]},"93o":{"weight":1.0,"played":[0.9997,3.0E-4],"evs":[0.0,-5.92234]},"T3o":{"weight":1.0,"played":[1.0,0.0],"evs":[0.0,-6.09208]},"J3o":{"weight":1.0,"played":[0.9998,2.0E-4],"evs":[0.0,-5.35013]},"Q3o":{"weight":1.0,"played":[0.9991,9.0E-4],"evs":[0.0,-6.05193]},"K3o":{"weight":1.0,"played":[1.0,0.0],"evs":[0.0,-5.85193]},"A3o":{"weight":1.0,"played":[1.0,0.0],"evs":[0.0,-5.99084]},"42s":{"weight":1.0,"played":[0.9898,0.0102],"evs":[0.0,-4.03958]},"43s":{"weight":1.0,"played":[0.9985,0.0015],"evs":[0.0,-4.71411]},"44":{"weight":1.0,"played":[1.0,0.0],"evs":[0.0,-4.02239]},"54o":{"weight":1.0,"played":[0.9999,1.0E-4],"evs":[0.0,-4.66817]},"64o":{"weight":1.0,"played":[0.9998,2.0E-4],"evs":[0.0,-4.30076]},"74o":{"weight":1.0,"played":[1.0,0.0],"evs":[0.0,-4.40685]},"84o":{"weight":1.0,"played":[0.9993,7.0E-4],"evs":[0.0,-5.27312]},"94o":{"weight":1.0,"played":[1.0,0.0],"evs":[0.0,-6.07361]},"T4o":{"weight":1.0,"played":[1.0,0.0],"evs":[0.0,-6.07916]},"J4o":{"weight":1.0,"played":[0.9998,2.0E-4],"evs":[0.0,-5.71321]},"Q4o":{"weight":1.0,"played":[0.9997,3.0E-4],"evs":[0.0,-6.6206]},"K4o":{"weight":1.0,"played":[0.999,0.001],"evs":[0.0,-5.42198]},"A4o":{"weight":1.0,"played":[1.0,0.0],"evs":[0.0,-6.14359]},"52s":{"weight":1.0,"played":[1.0,0.0],"evs":[0.0,-3.04239]},"53s":{"weight":1.0,"played":[0.8094,0.1906],"evs":[0.0,-2.64255]},"54s":{"weight":1.0,"played":[0.9853,0.0147],"evs":[0.0,-2.86303]},"55":{"weight":1.0,"played":[0.9547,0.0453],"evs":[0.0,-4.16253]},"65o":{"weight":1.0,"played":[0.9944,0.0056],"evs":[0.0,-4.72026]},"75o":{"weight":1.0,"played":[0.9966,0.0034],"evs":[0.0,-4.92461]},"85o":{"weight":1.0,"played":[1.0,0.0],"evs":[0.0,-3.82806]},"95o":{"weight":1.0,"played":[0.9988,0.0012],"evs":[0.0,-6.2123]},"T5o":{"weight":1.0,"played":[0.9994,6.0E-4],"evs":[0.0,-5.26468]},"J5o":{"weight":1.0,"played":[0.9984,0.0016],"evs":[0.0,-5.36691]},"Q5o":{"weight":1.0,"played":[0.9971,0.0029],"evs":[0.0,-6.35049]},"K5o":{"weight":1.0,"played":[0.9999,1.0E-4],"evs":[0.0,-5.69593]},"A5o":{"weight":1.0,"played":[0.9995,5.0E-4],"evs":[0.0,-5.4548]},"62s":{"weight":1.0,"played":[0.9966,0.0034],"evs":[0.0,-4.41277]},"63s":{"weight":1.0,"played":[0.9991,9.0E-4],"evs":[0.0,-5.26738]},"64s":{"weight":1.0,"played":[0.9833,0.0167],"evs":[0.0,-4.3325]},"65s":{"weight":1.0,"played":[0.9924,0.0076],"evs":[0.0,-4.37016]},"66":{"weight":1.0,"played":[0.988,0.012],"evs":[0.0,-3.85]},"76o":{"weight":1.0,"played":[0.999,0.001],"evs":[0.0,-3.98814]},"86o":{"weight":1.0,"played":[0.9853,0.0147],"evs":[0.0,-5.53078]},"96o":{"weight":1.0,"played":[1.0,0.0],"evs":[0.0,-6.08098]},"T6o":{"weight":1.0,"played":[1.0,0.0],"evs":[0.0,-5.35466]},"J6o":{"weight":1.0,"played":[0.9992,8.0E-4],"evs":[0.0,-6.0362]},"Q6o":{"weight":1.0,"played":[0.9999,1.0E-4],"evs":[0.0,-5.55003]},"K6o":{"weight":1.0,"played":[0.9991,9.0E-4],"evs":[0.0,-5.20838]},"A6o":{"weight":1.0,"played":[0.998,0.002],"evs":[0.0,-5.10203]},"72s":{"weight":1.0,"played":[1.0,0.0],"evs":[0.0,-5.80364]},"73s":{"weight":1.0,"played":[0.9963,0.0037],"evs":[0.0,-4.14931]},"74s":{"weight":1.0,"played":[0.9999,1.0E-4],"evs":[0.0,-3.59302]},"75s":{"weight":1.0,"played":[0.9947,0.0053],"evs":[0.0,-4.73]},"76s":{"weight":1.0,"played":[0.9945,0.0055],"evs":[0.0,-4.85436]},"77":{"weight":1.0,"played":[0.9805,0.0195],"evs":[0.0,-4.20785]},"87o":{"weight":1.0,"played":[0.9996,4.0E-4],"evs":[0.0,-5.5816]},"97o":{"weight":1.0,"played":[0.9999,1.0E-4],"evs":[0.0,-5.68206]},"T7o":{"weight":1.0,"played":[0.9996,4.0E-4],"evs":[0.0,-5.85147]},"J7o":{"weight":1.0,"played":[0.9997,3.0E-4],"evs":[0.0,-5.78504]},"Q7o":{"weight":1.0,"played":[0.9888,0.0112],"evs":[0.0,-5.08604]},"K7o":{"weight":1.0,"played":[0.9998,2.0E-4],"evs":[0.0,-5.51719]},"A7o":{"weight":1.0,"played":[1.0,0.0],"evs":[0.0,-7.1959]},"82s":{"weight":1.0,"played":[0.9983,0.0017],"evs":[0.0,-5.05836]},"83s":{"weight":1.0,"played":[0.9999,1.0E-4],"evs":[0.0,-5.34753]},"84s":{"weight":1.0,"played":[0.9904,0.0096],"evs":[0.0,-5.25057]},"85s":{"weight":1.0,"played":[0.9999,1.0E-4],"evs":[0.0,-2.40916]},"86s":{"weight":1.0,"played":[0.8956,0.1044],"evs":[0.0,-3.32957]},"87s":{"weight":1.0,"played":[1.0,0.0],"evs":[0.0,-2.95922]},"88":{"weight":1.0,"played":[0.9607,0.0393],"evs":[0.0,-4.03177]},"98o":{"weight":1.0,"played":[0.9984,0.0016],"evs":[0.0,-3.52045]},"T8o":{"weight":1.0,"played":[0.9999,1.0E-4],"evs":[0.0,-5.72373]},"J8o":{"weight":1.0,"played":[1.0,0.0],"evs":[0.0,-4.29174]},"Q8o":{"weight":1.0,"played":[0.9994,6.0E-4],"evs":[0.0,-5.27409]},"K8o":{"weight":1.0,"played":[1.0,0.0],"evs":[0.0,-3.59902]},"A8o":{"weight":1.0,"played":[1.0,0.0],"evs":[0.0,-5.246]},"92s":{"weight":1.0,"played":[0.9997,3.0E-4],"evs":[0.0,-4.07444]},"93s":{"weight":1.0,"played":[0.978,0.022],"evs":[0.0,-5.08251]},"94s":{"weight":1.0,"played":[1.0,0.0],"evs":[0.0,-4.67276]},"95s":{"weight":1.0,"played":[1.0,0.0],"evs":[0.0,-6.37481]},"96s":{"weight":1.0,"played":[0.9994,6.0E-4],"evs":[0.0,-5.50239]},"97s":{"weight":1.0,"played":[0.9947,0.0053],"evs":[0.0,-5.34822]},"98s":{"weight":1.0,"played":[0.9812,0.0188],"evs":[0.0,-2.80386]},"99":{"weight":1.0,"played":[0.9607,0.0393],"evs":[0.0,-2.94946]},"T9o":{"weight":1.0,"played":[0.9999,1.0E-4],"evs":[0.0,-4.89977]},"J9o":{"weight":1.0,"played":[0.9998,2.0E-4],"evs":[0.0,-6.31462]},"Q9o":{"weight":1.0,"played":[1.0,0.0],"evs":[0.0,-5.32411]},"K9o":{"weight":1.0,"played":[1.0,0.0],"evs":[0.0,-5.57685]},"A9o":{"weight":1.0,"played":[0.9996,4.0E-4],"evs":[0.0,-4.97808]},"T2s":{"weight":1.0,"played":[1.0,0.0],"evs":[0.0,-5.04764]},"T3s":{"weight":1.0,"played":[0.988,0.012],"evs":[0.0,-5.47045]},"T4s":{"weight":1.0,"played":[0.9859,0.0141],"evs":[0.0,-4.52667]},"T5s":{"weight":1.0,"played":[0.96,0.04],"evs":[0.0,-5.05601]},"T6s":{"weight":1.0,"played":[0.9985,0.0015],"evs":[0.0,-4.42629]},"T7s":{"weight":1.0,"played":[0.9997,3.0E-4],"evs":[0.0,-6.67061]},"T8s":{"weight":1.0,"played":[0.9787,0.0213],"evs":[0.0,-5.14376]},"T9s":{"weight":1.0,"played":[0.9827,0.0173],"evs":[0.0,-4.83437]},"TT":{"weight":1.0,"played":[0.7481,0.2519],"evs":[0.0,-1.69042]},"JTo":{"weight":1.0,"played":[0.9993,7.0E-4],"evs":[0.0,-5.75803]},"QTo":{"weight":1.0,"played":[1.0,0.0],"evs":[0.0,-4.14809]},"KTo":{"weight":1.0,"played":[1.0,0.0],"evs":[0.0,-4.84257]},"ATo":{"weight":1.0,"played":[0.9999,1.0E-4],"evs":[0.0,-5.37546]},"J2s":{"weight":1.0,"played":[1.0,0.0],"evs":[0.0,-4.04866]},"J3s":{"weight":1.0,"played":[1.0,0.0],"evs":[0.0,-6.48219]},"J4s":{"weight":1.0,"played":[1.0,0.0],"evs":[0.0,-5.89563]},"J5s":{"weight":1.0,"played":[0.9999,1.0E-4],"evs":[0.0,-3.83333]},"J6s":{"weight":1.0,"played":[0.9985,0.0015],"evs":[0.0,-5.29078]},"J7s":{"weight":1.0,"played":[0.9185,0.0815],"evs":[0.0,-4.00434]},"J8s":{"weight":1.0,"played":[0.9971,0.0029],"evs":[0.0,-4.7122]},"J9s":{"weight":1.0,"played":[0.936,0.064],"evs":[0.0,-6.37953]},"JTs":{"weight":1.0,"played":[0.995,0.005],"evs":[0.0,-6.34295]},"JJ":{"weight":1.0,"played":[0.545,0.455],"evs":[0.0,-1.83702]},"QJo":{"weight":1.0,"played":[0.9988,0.0012],"evs":[0.0,-5.18629]},"KJo":{"weight":1.0,"played":[0.9939,0.0061],"evs":[0.0,-4.99945]},"AJo":{"weight":1.0,"played":[0.9997,3.0E-4],"evs":[0.0,-3.70831]},"Q2s":{"weight":1.0,"played":[0.9957,0.0043],"evs":[0.0,-6.80506]},"Q3s":{"weight":1.0,"played":[0.9943,0.0057],"evs":[0.0,-5.06885]},"Q4s":{"weight":1.0,"played":[0.9914,0.0086],"evs":[0.0,-5.68924]},"Q5s":{"weight":1.0,"played":[0.9808,0.0192],"evs":[0.0,-4.3188]},"Q6s":{"weight":1.0,"played":[0.9981,0.0019],"evs":[0.0,-5.58051]},"Q7s":{"weight":1.0,"played":[0.997,0.003],"evs":[0.0,-6.13766]},"Q8s":{"weight":1.0,"played":[0.9992,8.0E-4],"evs":[0.0,-7.05704]},"Q9s":{"weight":1.0,"played":[0.9872,0.0128],"evs":[0.0,-3.82679]},"QTs":{"weight":1.0,"played":[1.0,0.0],"evs":[0.0,-5.33072]},"QJs":{"weight":1.0,"played":[0.9018,0.0982],"evs":[0.0,-4.9479]},"QQ":{"weight":1.0,"played":[0.9908,0.0092],"evs":[0.0,0.1827]},"KQo":{"weight":1.0,"played":[0.9988,0.0012],"evs":[0.0,-4.7028]},"AQo":{"weight":1.0,"played":[0.9967,0.0033],"evs":[0.0,-4.0508]},"K2s":{"weight":1.0,"played":[0.9943,0.0057],"evs":[0.0,-6.43483]},"K3s":{"weight":1.0,"played":[0.9933,0.0067],"evs":[0.0,-3.66002]},"K4s":{"weight":1.0,"played":[1.0,0.0],"evs":[0.0,-4.44501]},"K5s":{"weight":1.0,"played":[0.9491,0.0509],"evs":[0.0,-3.29467]},"K6s":{"weight":1.0,"played":[1.0,0.0],"evs":[0.0,-5.04002]},"K7s":{"weight":1.0,"played":[1.0,0.0],"evs":[0.0,-7.30852]},"K8s":{"weight":1.0,"played":[0.9548,0.0452],"evs":[0.0,-5.71865]},"K9s":{"weight":1.0,"played":[1.0,0.0],"evs":[0.0,-4.19343]},"KTs":{"weight":1.0,"played":[0.9885,0.0115],"evs":[0.0,-3.22226]},"KJs":{"weight":1.0,"played":[0.9989,0.0011],"evs":[0.0,-3.81392]},"KQs":{"weight":1.0,"played":[0.9976,0.0024],"evs":[0.0,-4.0868]},"KK":{"weight":1.0,"played":[0.1268,0.8732],"evs":[0.0,1.92751]},"AKo":{"weight":1.0,"played":[0.9334,0.0666],"evs":[0.0,-3.13864]},"A2s":{"weight":1.0,"played":[0.9943,0.0057],"evs":[0.0,-5.58991]},"A3s":{"weight":1.0,"played":[0.9423,0.0577],"evs":[0.0,-4.10967]},"A4s":{"weight":1.0,"played":[0.9962,0.0038],"evs":[0.0,-1.78687]},"A5s":{"weight":1.0,"played":[0.9961,0.0039],"evs":[0.0,-2.58808]},"A6s":{"weight":1.0,"played":[1.0,0.0],"evs":[0.0,-4.26638]},"A7s":{"weight":1.0,"played":[1.0,0.0],"evs":[0.0,-4.31469]},"A8s":{"weight":1.0,"played":[0.7558,0.2442],"evs":[0.0,-1.98631]},"A9s":{"weight":1.0,"played":[0.8856,0.1144],"evs":[0.0,-4.33278]},"ATs":{"weight":1.0,"played":[0.9898,0.0102],"evs":[0.0,-4.72295]},"AJs":{"weight":1.0,"played":[0.9392,0.0608],"evs":[0.0,-4.48851]},"AQs":{"weight":1.0,"played":[0.9998,2.0E-4],"evs":[0.0,-3.67882]},"AKs":{"weight":1.0,"played":[0.0777,0.9223],"evs":[0.0,0.5402]},"AA":{"weight":1.0,"played":[2.0E-4,0.9998],"evs":[0.0,5.42827]}}}