{"player":4,"street":0,"children":2,"sequence":[{"player":0,"type":"R","amount":45250000,"street":0},{"player":1,"type":"F","amount":0,"street":0},{"player":2,"type":"C","amount":37750000,"street":0},{"player":3,"type":"F","amount":0,"street":0}],"actions":[{"type":"F","amount":0,"node":58},{"type":"C","amount":42750000,"node":59}],"hands":{"22":{"weight":1.0,"played":[1.0,0.0],"evs":[0.0,-2.7297]},"32o":{"weight":1.0,"played":[1.0,0.0],"evs":[0.0,-5.26957]},"42o":{"weight":1.0,"played":[1.0,0.0],"evs":[0.0,-5.11672]},"52o":{"weight":1.0,"played":[1.0,0.0],"evs":[0.0,-4.9764]},"62o":{"weight":1.0,"played":[1.0,0.0],"evs":[0.0,-5.30189]},"72o":{"weight":1.0,"played":[1.0,0.0],"evs":[0.0,-5.61016]},"82o":{"weight":1.0,"played":[1.0,0.0],"evs":[0.0,-5.53088]},"92o":{"weight":1.0,"played":[1.0,0.0],"evs":[0.0,-5.42381]},"T2o":{"weight":1.0,"played":[1.0,0.0],"evs":[0.0,-5.36277]},"J2o":{"weight":1.0,"played":[1.0,0.0],"evs":[0.0,-5.07557]},"Q2o":{"weight":1.0,"played":[1.0,0.0],"evs":[0.0,-4.694]},"K2o":{"weight":1.0,"played":[1.0,0.0],"evs":[0.0,-4.28327]},"A2o":{"weight":1.0,"played":[1.0,0.0],"evs":[0.0,-4.08831]},"32s":{"weight":1.0,"played":[1.0,0.0],"evs":[0.0,-4.22829]},"33":{"weight":1.0,"played":[1.0,0.0],"evs":[0.0,-2.39366]},"43o":{"weight":1.0,"played":[1.0,0.0],"evs":[0.0,-4.68107]},"53o":{"weight":1.0,"played":[1.0,0.0],"evs":[0.0,-4.56522]},"63o":{"weight":1.0,"played":[1.0,0.0],"evs":[0.0,-4.8441]},"73o":{"weight":1.0,"played":[1.0,0.0],"evs":[0.0,-5.17925]},"83o":{"weight":1.0,"played":[1.0,0.0],"evs":[0.0,-5.50591]},"93o":{"weight":1.0,"played":[1.0,0.0],"evs":[0.0,-5.33297]},"T3o":{"weight":1.0,"played":[1.0,0.0],"evs":[0.0,-5.2029]},"J3o":{"weight":1.0,"played":[1.0,0.0],"evs":[0.0,-4.94142]},"Q3o":{"weight":1.0,"played":[1.0,0.0],"evs":[0.0,-4.57458]},"K3o":{"weight":1.0,"played":[1.0,0.0],"evs":[0.0,-4.13784]},"A3o":{"weight":1.0,"played":[1.0,0.0],"evs":[0.0,-3.94452]},"42s":{"weight":1.0,"played":[1.0,0.0],"evs":[0.0,-4.13722]},"43s":{"weight":1.0,"played":[1.0,0.0],"evs":[0.0,-3.71903]},"44":{"weight":1.0,"played":[1.0,0.0],"evs":[0.0,-2.0808]},"54o":{"weight":1.0,"played":[1.0,0.0],"evs":[0.0,-4.17536]},"64o":{"weight":1.0,"played":[1.0,0.0],"evs":[0.0,-4.41579]},"74o":{"weight":1.0,"played":[1.0,0.0],"evs":[0.0,-4.74468]},"84o":{"weight":1.0,"played":[1.0,0.0],"evs":[0.0,-5.02971]},"94o":{"weight":1.0,"played":[1.0,0.0],"evs":[0.0,-5.2302]},"T4o":{"weight":1.0,"played":[1.0,0.0],"evs":[0.0,-5.10248]},"J4o":{"weight":1.0,"played":[1.0,0.0],"evs":[0.0,-4.80802]},"Q4o":{"weight":1.0,"played":[1.0,0.0],"evs":[0.0,-4.45688]},"K4o":{"weight":1.0,"played":[1.0,0.0],"evs":[0.0,-4.01375]},"A4o":{"weight":1.0,"played":[1.0,0.0],"evs":[0.0,-3.79017]},"52s":{"weight":1.0,"played":[1.0,0.0],"evs":[0.0,-4.01181]},"53s":{"weight":1.0,"played":[1.0,0.0],"evs":[0.0,-3.59713]},"54s":{"weight":1.0,"played":[1.0,0.0],"evs":[0.0,-3.23119]},"55":{"weight":1.0,"played":[1.0,0.0],"evs":[0.0,-1.69656]},"65o":{"weight":1.0,"played":[1.0,0.0],"evs":[0.0,-4.02653]},"75o":{"weight":1.0,"played":[1.0,0.0],"evs":[0.0,-4.35827]},"85o":{"weight":1.0,"played":[1.0,0.0],"evs":[0.0,-4.59669]},"95o":{"weight":1.0,"played":[1.0,0.0],"evs":[0.0,-4.83832]},"T5o":{"weight":1.0,"played":[1.0,0.0],"evs":[0.0,-5.01927]},"J5o":{"weight":1.0,"played":[1.0,0.0],"evs":[0.0,-4.66927]},"Q5o":{"weight":1.0,"played":[1.0,0.0],"evs":[0.0,-4.29175]},"K5o":{"weight":1.0,"played":[1.0,0.0],"evs":[0.0,-3.86689]},"A5o":{"weight":1.0,"played":[1.0,0.0],"evs":[0.0,-3.64506]},"62s":{"weight":1.0,"played":[1.0,0.0],"evs":[0.0,-4.29191]},"63s":{"weight":1.0,"played":[1.0,0.0],"evs":[0.0,-3.84991]},"64s":{"weight":1.0,"played":[1.0,0.0],"evs":[0.0,-3.46618]},"65s":{"weight":1.0,"played":[1.0,0.0],"evs":[0.0,-3.05698]},"66":{"weight":1.0,"played":[1.0,0.0],"evs":[0.0,-1.41886]},"76o":{"weight":1.0,"played":[1.0,0.0],"evs":[0.0,-4.05442]},"86o":{"weight":1.0,"played":[1.0,0.0],"evs":[0.0,-4.26765]},"96o":{"weight":1.0,"played":[1.0,0.0],"evs":[0.0,-4.46413]},"T6o":{"weight":1.0,"played":[1.0,0.0],"evs":[0.0,-4.68944]},"J6o":{"weight":1.0,"played":[1.0,0.0],"evs":[0.0,-4.62588]},"Q6o":{"weight":1.0,"played":[1.0,0.0],"evs":[0.0,-4.21911]},"K6o":{"weight":1.0,"played":[1.0,0.0],"evs":[0.0,-3.75319]},"A6o":{"weight":1.0,"played":[1.0,0.0],"evs":[0.0,-3.88832]},"72s":{"weight":1.0,"played":[1.0,0.0],"evs":[0.0,-4.57456]},"73s":{"weight":1.0,"played":[1.0,0.0],"evs":[0.0,-4.18891]},"74s":{"weight":1.0,"played":[1.0,0.0],"evs":[0.0,-3.80291]},"75s":{"weight":1.0,"played":[1.0,0.0],"evs":[0.0,-3.39496]},"76s":{"weight":1.0,"played":[1.0,0.0],"evs":[0.0,-3.08719]},"77":{"weight":1.0,"played":[1.0,0.0],"evs":[0.0,-1.14155]},"87o":{"weight":1.0,"played":[1.0,0.0],"evs":[0.0,-4.01043]},"97o":{"weight":1.0,"played":[1.0,0.0],"evs":[0.0,-4.20856]},"T7o":{"weight":1.0,"played":[1.0,0.0],"evs":[0.0,-4.34665]},"J7o":{"weight":1.0,"played":[1.0,0.0],"evs":[0.0,-4.33538]},"Q7o":{"weight":1.0,"played":[1.0,0.0],"evs":[0.0,-4.23666]},"K7o":{"weight":1.0,"played":[1.0,0.0],"evs":[0.0,-3.69148]},"A7o":{"weight":1.0,"played":[1.0,0.0],"evs":[0.0,-3.72578]},"82s":{"weight":1.0,"played":[1.0,0.0],"evs":[0.0,-4.4532]},"83s":{"weight":1.0,"played":[1.0,0.0],"evs":[0.0,-4.40533]},"84s":{"weight":1.0,"played":[1.0,0.0],"evs":[0.0,-4.03046]},"85s":{"weight":1.0,"played":[1.0,0.0],"evs":[0.0,-3.63475]},"86s":{"weight":1.0,"played":[1.0,0.0],"evs":[0.0,-3.24339]},"87s":{"weight":1.0,"played":[1.0,0.0],"evs":[0.0,-3.05464]},"88":{"weight":1.0,"played":[1.0,0.0],"evs":[0.0,-0.61518]},"98o":{"weight":1.0,"played":[1.0,0.0],"evs":[0.0,-3.95369]},"T8o":{"weight":1.0,"played":[1.0,0.0],"evs":[0.0,-4.02006]},"J8o":{"weight":1.0,"played":[1.0,0.0],"evs":[0.0,-4.00623]},"Q8o":{"weight":1.0,"played":[1.0,0.0],"evs":[0.0,-3.89432]},"K8o":{"weight":1.0,"played":[1.0,0.0],"evs":[0.0,-3.59567]},"A8o":{"weight":1.0,"played":[1.0,0.0],"evs":[0.0,-3.60495]},"92s":{"weight":1.0,"played":[1.0,0.0],"evs":[0.0,-4.34584]},"93s":{"weight":1.0,"played":[1.0,0.0],"evs":[0.0,-4.26717]},"94s":{"weight":1.0,"played":[1.0,0.0],"evs":[0.0,-4.20836]},"95s":{"weight":1.0,"played":[1.0,0.0],"evs":[0.0,-3.83545]},"96s":{"weight":1.0,"played":[1.0,0.0],"evs":[0.0,-3.46081]},"97s":{"weight":1.0,"played":[1.0,0.0],"evs":[0.0,-3.18247]},"98s":{"weight":1.0,"played":[1.0,0.0],"evs":[0.0,-2.98916]},"99":{"weight":1.0,"played":[0.0,1.0],"evs":[0.0,0.23241]},"T9o":{"weight":1.0,"played":[1.0,0.0],"evs":[0.0,-3.65729]},"J9o":{"weight":1.0,"played":[1.0,0.0],"evs":[0.0,-3.55724]},"Q9o":{"weight":1.0,"played":[1.0,0.0],"evs":[0.0,-3.47776]},"K9o":{"weight":1.0,"played":[1.0,0.0],"evs":[0.0,-3.1841]},"A9o":{"weight":1.0,"played":[1.0,0.0],"evs":[0.0,-3.30264]},"T2s":{"weight":1.0,"played":[1.0,0.0],"evs":[0.0,-4.28588]},"T3s":{"weight":1.0,"played":[1.0,0.0],"evs":[0.0,-4.18803]},"T4s":{"weight":1.0,"played":[1.0,0.0],"evs":[0.0,-4.03379]},"T5s":{"weight":1.0,"played":[1.0,0.0],"evs":[0.0,-3.98877]},"T6s":{"weight":1.0,"played":[1.0,0.0],"evs":[0.0,-3.60757]},"T7s":{"weight":1.0,"played":[1.0,0.0],"evs":[0.0,-3.37004]},"T8s":{"weight":1.0,"played":[1.0,0.0],"evs":[0.0,-3.06531]},"T9s":{"weight":1.0,"played":[1.0,0.0],"evs":[0.0,-2.6682]},"TT":{"weight":1.0,"played":[0.0,1.0],"evs":[0.0,1.36068]},"JTo":{"weight":1.0,"played":[1.0,0.0],"evs":[0.0,-3.1411]},"QTo":{"weight":1.0,"played":[1.0,0.0],"evs":[0.0,-3.00346]},"KTo":{"weight":1.0,"played":[1.0,0.0],"evs":[0.0,-2.71282]},"ATo":{"weight":1.0,"played":[1.0,0.0],"evs":[0.0,-2.36118]},"J2s":{"weight":1.0,"played":[1.0,0.0],"evs":[0.0,-4.00683]},"J3s":{"weight":1.0,"played":[1.0,0.0],"evs":[0.0,-3.9418]},"J4s":{"weight":1.0,"played":[1.0,0.0],"evs":[0.0,-3.81145]},"J5s":{"weight":1.0,"played":[1.0,0.0],"evs":[0.0,-3.68589]},"J6s":{"weight":1.0,"played":[1.0,0.0],"evs":[0.0,-3.59879]},"J7s":{"weight":1.0,"played":[1.0,0.0],"evs":[0.0,-3.3345]},"J8s":{"weight":1.0,"played":[1.0,0.0],"evs":[0.0,-3.08316]},"J9s":{"weight":1.0,"played":[1.0,0.0],"evs":[0.0,-2.63703]},"JTs":{"weight":1.0,"played":[1.0,0.0],"evs":[0.0,-2.22378]},"JJ":{"weight":1.0,"played":[0.0,1.0],"evs":[0.0,2.6299]},"QJo":{"weight":1.0,"played":[1.0,0.0],"evs":[0.0,-2.68234]},"KJo":{"weight":1.0,"played":[1.0,0.0],"evs":[0.0,-2.38448]},"AJo":{"weight":1.0,"played":[1.0,0.0],"evs":[0.0,-1.36058]},"Q2s":{"weight":1.0,"played":[1.0,0.0],"evs":[0.0,-3.66389]},"Q3s":{"weight":1.0,"played":[1.0,0.0],"evs":[0.0,-3.54684]},"Q4s":{"weight":1.0,"played":[1.0,0.0],"evs":[0.0,-3.38686]},"Q5s":{"weight":1.0,"played":[1.0,0.0],"evs":[0.0,-3.30072]},"Q6s":{"weight":1.0,"played":[1.0,0.0],"evs":[0.0,-3.18969]},"Q7s":{"weight":1.0,"played":[1.0,0.0],"evs":[0.0,-3.26143]},"Q8s":{"weight":1.0,"played":[1.0,0.0],"evs":[0.0,-2.87871]},"Q9s":{"weight":1.0,"played":[1.0,0.0],"evs":[0.0,-2.50587]},"QTs":{"weight":1.0,"played":[1.0,0.0],"evs":[0.0,-2.08148]},"QJs":{"weight":1.0,"played":[1.0,0.0],"evs":[0.0,-1.77463]},"QQ":{"weight":1.0,"played":[0.0,1.0],"evs":[0.0,4.18641]},"KQo":{"weight":1.0,"played":[1.0,0.0],"evs":[0.0,-1.91504]},"AQo":{"weight":1.0,"played":[0.9999,1.0E-4],"evs":[0.0,-0.2181]},"K2s":{"weight":1.0,"played":[1.0,0.0],"evs":[0.0,-3.25278]},"K3s":{"weight":1.0,"played":[1.0,0.0],"evs":[0.0,-3.07863]},"K4s":{"weight":1.0,"played":[1.0,0.0],"evs":[0.0,-3.00368]},"K5s":{"weight":1.0,"played":[1.0,0.0],"evs":[0.0,-2.85494]},"K6s":{"weight":1.0,"played":[1.0,0.0],"evs":[0.0,-2.77936]},"K7s":{"weight":1.0,"played":[1.0,0.0],"evs":[0.0,-2.6481]},"K8s":{"weight":1.0,"played":[1.0,0.0],"evs":[0.0,-2.56873]},"K9s":{"weight":1.0,"played":[1.0,0.0],"evs":[0.0,-2.18768]},"KTs":{"weight":1.0,"played":[1.0,0.0],"evs":[0.0,-1.73412]},"KJs":{"weight":1.0,"played":[1.0,0.0],"evs":[0.0,-1.41242]},"KQs":{"weight":1.0,"played":[1.0,0.0],"evs":[0.0,-1.05361]},"KK":{"weight":1.0,"played":[0.0,1.0],"evs":[0.0,6.01599]},"AKo":{"weight":1.0,"played":[0.0,1.0],"evs":[0.0,1.09962]},"A2s":{"weight":1.0,"played":[1.0,0.0],"evs":[0.0,-3.04321]},"A3s":{"weight":1.0,"played":[1.0,0.0],"evs":[0.0,-2.88751]},"A4s":{"weight":1.0,"played":[1.0,0.0],"evs":[0.0,-2.72981]},"A5s":{"weight":1.0,"played":[1.0,0.0],"evs":[0.0,-2.52649]},"A6s":{"weight":1.0,"played":[1.0,0.0],"evs":[0.0,-2.80489]},"A7s":{"weight":1.0,"played":[1.0,0.0],"evs":[0.0,-2.68835]},"A8s":{"weight":1.0,"played":[1.0,0.0],"evs":[0.0,-2.54255]},"A9s":{"weight":1.0,"played":[1.0,0.0],"evs":[0.0,-2.27976]},"ATs":{"weight":1.0,"played":[1.0,0.0],"evs":[0.0,-1.43157]},"AJs":{"weight":1.0,"played":[1.0,0.0],"evs":[0.0,-0.53304]},"AQs":{"weight":1.0,"played":[0.0,1.0],"evs":[0.0,0.56083]},"AKs":{"weight":1.0,"played":[0.0,1.0],"evs":[0.0,1.76627]},"AA":{"weight":1.0,"played":[0.0,1.0],"evs":[0.0,9.21216]}}}