{"player":4,"street":0,"children":2,"sequence":[{"player":0,"type":"R","amount":45250000,"street":0},{"player":1,"type":"F","amount":0,"street":0},{"player":2,"type":"C","amount":37750000,"street":0},{"player":3,"type":"C","amount":15750000,"street":0}],"actions":[{"type":"F","amount":0,"node":61},{"type":"C","amount":42750000,"node":62}],"hands":{"22":{"weight":1.0,"played":[1.0,0.0],"evs":[0.0,-1.9678]},"32o":{"weight":1.0,"played":[1.0,0.0],"evs":[0.0,-4.24945]},"42o":{"weight":1.0,"played":[1.0,0.0],"evs":[0.0,-4.02313]},"52o":{"weight":1.0,"played":[1.0,0.0],"evs":[0.0,-3.89214]},"62o":{"weight":1.0,"played":[1.0,0.0],"evs":[0.0,-4.21262]},"72o":{"weight":1.0,"played":[1.0,0.0],"evs":[0.0,-4.67005]},"82o":{"weight":1.0,"played":[1.0,0.0],"evs":[0.0,-4.48402]},"92o":{"weight":1.0,"played":[1.0,0.0],"evs":[0.0,-4.57347]},"T2o":{"weight":1.0,"played":[1.0,0.0],"evs":[0.0,-4.56496]},"J2o":{"weight":1.0,"played":[1.0,0.0],"evs":[0.0,-4.23454]},"Q2o":{"weight":1.0,"played":[1.0,0.0],"evs":[0.0,-3.97873]},"K2o":{"weight":1.0,"played":[1.0,0.0],"evs":[0.0,-3.96832]},"A2o":{"weight":1.0,"played":[1.0,0.0],"evs":[0.0,-3.6422]},"32s":{"weight":1.0,"played":[1.0,0.0],"evs":[0.0,-3.12028]},"33":{"weight":1.0,"played":[1.0,0.0],"evs":[0.0,-1.54029]},"43o":{"weight":1.0,"played":[1.0,0.0],"evs":[0.0,-3.66196]},"53o":{"weight":1.0,"played":[1.0,0.0],"evs":[0.0,-3.45994]},"63o":{"weight":1.0,"played":[1.0,0.0],"evs":[0.0,-3.70636]},"73o":{"weight":1.0,"played":[1.0,0.0],"evs":[0.0,-4.1474]},"83o":{"weight":1.0,"played":[1.0,0.0],"evs":[0.0,-4.47877]},"93o":{"weight":1.0,"played":[1.0,0.0],"evs":[0.0,-4.3504]},"T3o":{"weight":1.0,"played":[1.0,0.0],"evs":[0.0,-4.21367]},"J3o":{"weight":1.0,"played":[1.0,0.0],"evs":[0.0,-4.06117]},"Q3o":{"weight":1.0,"played":[1.0,0.0],"evs":[0.0,-3.68879]},"K3o":{"weight":1.0,"played":[1.0,0.0],"evs":[0.0,-3.71552]},"A3o":{"weight":1.0,"played":[1.0,0.0],"evs":[0.0,-3.3816]},"42s":{"weight":1.0,"played":[1.0,0.0],"evs":[0.0,-2.87656]},"43s":{"weight":1.0,"played":[1.0,0.0],"evs":[0.0,-2.64034]},"44":{"weight":1.0,"played":[1.0,0.0],"evs":[0.0,-1.21976]},"54o":{"weight":1.0,"played":[1.0,0.0],"evs":[0.0,-3.02739]},"64o":{"weight":1.0,"played":[1.0,0.0],"evs":[0.0,-3.27352]},"74o":{"weight":1.0,"played":[1.0,0.0],"evs":[0.0,-3.74096]},"84o":{"weight":1.0,"played":[1.0,0.0],"evs":[0.0,-4.03337]},"94o":{"weight":1.0,"played":[1.0,0.0],"evs":[0.0,-4.36761]},"T4o":{"weight":1.0,"played":[1.0,0.0],"evs":[0.0,-4.15031]},"J4o":{"weight":1.0,"played":[1.0,0.0],"evs":[0.0,-4.05269]},"Q4o":{"weight":1.0,"played":[1.0,0.0],"evs":[0.0,-3.65369]},"K4o":{"weight":1.0,"played":[1.0,0.0],"evs":[0.0,-3.58734]},"A4o":{"weight":1.0,"played":[1.0,0.0],"evs":[0.0,-3.15347]},"52s":{"weight":1.0,"played":[1.0,0.0],"evs":[0.0,-2.86213]},"53s":{"weight":1.0,"played":[1.0,0.0],"evs":[0.0,-2.483]},"54s":{"weight":1.0,"played":[1.0,0.0],"evs":[0.0,-1.97931]},"55":{"weight":1.0,"played":[1.0,0.0],"evs":[0.0,-0.99559]},"65o":{"weight":1.0,"played":[1.0,0.0],"evs":[0.0,-2.78305]},"75o":{"weight":1.0,"played":[1.0,0.0],"evs":[0.0,-3.08452]},"85o":{"weight":1.0,"played":[1.0,0.0],"evs":[0.0,-3.41666]},"95o":{"weight":1.0,"played":[1.0,0.0],"evs":[0.0,-3.81452]},"T5o":{"weight":1.0,"played":[1.0,0.0],"evs":[0.0,-4.15565]},"J5o":{"weight":1.0,"played":[1.0,0.0],"evs":[0.0,-3.80443]},"Q5o":{"weight":1.0,"played":[1.0,0.0],"evs":[0.0,-3.40191]},"K5o":{"weight":1.0,"played":[1.0,0.0],"evs":[0.0,-3.41947]},"A5o":{"weight":1.0,"played":[1.0,0.0],"evs":[0.0,-2.96512]},"62s":{"weight":1.0,"played":[1.0,0.0],"evs":[0.0,-3.13999]},"63s":{"weight":1.0,"played":[1.0,0.0],"evs":[0.0,-2.53605]},"64s":{"weight":1.0,"played":[1.0,0.0],"evs":[0.0,-2.19949]},"65s":{"weight":1.0,"played":[1.0,0.0],"evs":[0.0,-1.79313]},"66":{"weight":1.0,"played":[0.9983,0.0017],"evs":[0.0,-0.66761]},"76o":{"weight":1.0,"played":[1.0,0.0],"evs":[0.0,-2.73603]},"86o":{"weight":1.0,"played":[1.0,0.0],"evs":[0.0,-3.14767]},"96o":{"weight":1.0,"played":[1.0,0.0],"evs":[0.0,-3.35165]},"T6o":{"weight":1.0,"played":[1.0,0.0],"evs":[0.0,-3.71545]},"J6o":{"weight":1.0,"played":[1.0,0.0],"evs":[0.0,-3.92608]},"Q6o":{"weight":1.0,"played":[1.0,0.0],"evs":[0.0,-3.22356]},"K6o":{"weight":1.0,"played":[1.0,0.0],"evs":[0.0,-3.36284]},"A6o":{"weight":1.0,"played":[1.0,0.0],"evs":[0.0,-3.5377]},"72s":{"weight":1.0,"played":[1.0,0.0],"evs":[0.0,-3.54446]},"73s":{"weight":1.0,"played":[1.0,0.0],"evs":[0.0,-3.01619]},"74s":{"weight":1.0,"played":[1.0,0.0],"evs":[0.0,-2.75329]},"75s":{"weight":1.0,"played":[1.0,0.0],"evs":[0.0,-2.5402]},"76s":{"weight":1.0,"played":[1.0,0.0],"evs":[0.0,-1.86102]},"77":{"weight":1.0,"played":[0.9995,5.0E-4],"evs":[0.0,-0.41436]},"87o":{"weight":1.0,"played":[1.0,0.0],"evs":[0.0,-2.9248]},"97o":{"weight":1.0,"played":[1.0,0.0],"evs":[0.0,-3.19708]},"T7o":{"weight":1.0,"played":[1.0,0.0],"evs":[0.0,-3.48153]},"J7o":{"weight":1.0,"played":[1.0,0.0],"evs":[0.0,-3.46784]},"Q7o":{"weight":1.0,"played":[1.0,0.0],"evs":[0.0,-3.38548]},"K7o":{"weight":1.0,"played":[1.0,0.0],"evs":[0.0,-3.25632]},"A7o":{"weight":1.0,"played":[1.0,0.0],"evs":[0.0,-3.36921]},"82s":{"weight":1.0,"played":[1.0,0.0],"evs":[0.0,-3.3663]},"83s":{"weight":1.0,"played":[1.0,0.0],"evs":[0.0,-3.42161]},"84s":{"weight":1.0,"played":[1.0,0.0],"evs":[0.0,-2.89904]},"85s":{"weight":1.0,"played":[0.9999,1.0E-4],"evs":[0.0,-2.66877]},"86s":{"weight":1.0,"played":[0.9998,2.0E-4],"evs":[0.0,-2.09507]},"87s":{"weight":1.0,"played":[1.0,0.0],"evs":[0.0,-1.70925]},"88":{"weight":1.0,"played":[0.8412,0.1588],"evs":[0.0,-0.09616]},"98o":{"weight":1.0,"played":[1.0,0.0],"evs":[0.0,-2.94574]},"T8o":{"weight":1.0,"played":[1.0,0.0],"evs":[0.0,-3.19431]},"J8o":{"weight":1.0,"played":[1.0,0.0],"evs":[0.0,-3.25303]},"Q8o":{"weight":1.0,"played":[1.0,0.0],"evs":[0.0,-2.95675]},"K8o":{"weight":1.0,"played":[1.0,0.0],"evs":[0.0,-3.22129]},"A8o":{"weight":1.0,"played":[1.0,0.0],"evs":[0.0,-3.20447]},"92s":{"weight":1.0,"played":[1.0,0.0],"evs":[0.0,-3.53037]},"93s":{"weight":1.0,"played":[1.0,0.0],"evs":[0.0,-3.3214]},"94s":{"weight":1.0,"played":[1.0,0.0],"evs":[0.0,-2.89426]},"95s":{"weight":1.0,"played":[1.0,0.0],"evs":[0.0,-3.04278]},"96s":{"weight":1.0,"played":[1.0,0.0],"evs":[0.0,-2.312]},"97s":{"weight":1.0,"played":[0.9999,1.0E-4],"evs":[0.0,-2.08616]},"98s":{"weight":1.0,"played":[1.0,0.0],"evs":[0.0,-2.04933]},"99":{"weight":1.0,"played":[2.0E-4,0.9998],"evs":[0.0,0.5799]},"T9o":{"weight":1.0,"played":[1.0,0.0],"evs":[0.0,-2.91969]},"J9o":{"weight":1.0,"played":[1.0,0.0],"evs":[0.0,-2.89632]},"Q9o":{"weight":1.0,"played":[1.0,0.0],"evs":[0.0,-2.69705]},"K9o":{"weight":1.0,"played":[1.0,0.0],"evs":[0.0,-2.96525]},"A9o":{"weight":1.0,"played":[1.0,0.0],"evs":[0.0,-2.89857]},"T2s":{"weight":1.0,"played":[1.0,0.0],"evs":[0.0,-3.39421]},"T3s":{"weight":1.0,"played":[1.0,0.0],"evs":[0.0,-3.10018]},"T4s":{"weight":1.0,"played":[1.0,0.0],"evs":[0.0,-3.19683]},"T5s":{"weight":1.0,"played":[1.0,0.0],"evs":[0.0,-3.15248]},"T6s":{"weight":1.0,"played":[1.0,0.0],"evs":[0.0,-2.80011]},"T7s":{"weight":1.0,"played":[1.0,0.0],"evs":[0.0,-2.62303]},"T8s":{"weight":1.0,"played":[1.0,0.0],"evs":[0.0,-2.04683]},"T9s":{"weight":1.0,"played":[1.0,0.0],"evs":[0.0,-1.80722]},"TT":{"weight":1.0,"played":[0.0,1.0],"evs":[0.0,1.64222]},"JTo":{"weight":1.0,"played":[1.0,0.0],"evs":[0.0,-2.61332]},"QTo":{"weight":1.0,"played":[1.0,0.0],"evs":[0.0,-2.33687]},"KTo":{"weight":1.0,"played":[1.0,0.0],"evs":[0.0,-2.62077]},"ATo":{"weight":1.0,"played":[1.0,0.0],"evs":[0.0,-2.54121]},"J2s":{"weight":1.0,"played":[1.0,0.0],"evs":[0.0,-3.0672]},"J3s":{"weight":1.0,"played":[1.0,0.0],"evs":[0.0,-2.92037]},"J4s":{"weight":1.0,"played":[1.0,0.0],"evs":[0.0,-2.80302]},"J5s":{"weight":1.0,"played":[1.0,0.0],"evs":[0.0,-2.50572]},"J6s":{"weight":1.0,"played":[1.0,0.0],"evs":[0.0,-2.60806]},"J7s":{"weight":1.0,"played":[1.0,0.0],"evs":[0.0,-2.41534]},"J8s":{"weight":1.0,"played":[1.0,0.0],"evs":[0.0,-2.25269]},"J9s":{"weight":1.0,"played":[0.9999,1.0E-4],"evs":[0.0,-2.03625]},"JTs":{"weight":1.0,"played":[0.9999,1.0E-4],"evs":[0.0,-1.68781]},"JJ":{"weight":1.0,"played":[0.0,1.0],"evs":[0.0,2.93107]},"QJo":{"weight":1.0,"played":[1.0,0.0],"evs":[0.0,-1.97588]},"KJo":{"weight":1.0,"played":[1.0,0.0],"evs":[0.0,-2.19759]},"AJo":{"weight":1.0,"played":[1.0,0.0],"evs":[0.0,-1.66686]},"Q2s":{"weight":1.0,"played":[1.0,0.0],"evs":[0.0,-2.58464]},"Q3s":{"weight":1.0,"played":[1.0,0.0],"evs":[0.0,-2.85155]},"Q4s":{"weight":1.0,"played":[1.0,0.0],"evs":[0.0,-2.60937]},"Q5s":{"weight":1.0,"played":[1.0,0.0],"evs":[0.0,-2.35809]},"Q6s":{"weight":1.0,"played":[1.0,0.0],"evs":[0.0,-2.14498]},"Q7s":{"weight":1.0,"played":[1.0,0.0],"evs":[0.0,-2.22024]},"Q8s":{"weight":1.0,"played":[1.0,0.0],"evs":[0.0,-1.83201]},"Q9s":{"weight":1.0,"played":[1.0,0.0],"evs":[0.0,-1.57187]},"QTs":{"weight":1.0,"played":[1.0,0.0],"evs":[0.0,-1.55065]},"QJs":{"weight":1.0,"played":[0.998,0.002],"evs":[0.0,-1.65936]},"QQ":{"weight":1.0,"played":[0.0,1.0],"evs":[0.0,5.00832]},"KQo":{"weight":1.0,"played":[1.0,0.0],"evs":[0.0,-1.72781]},"AQo":{"weight":1.0,"played":[0.9985,0.0015],"evs":[0.0,-0.54528]},"K2s":{"weight":1.0,"played":[1.0,0.0],"evs":[0.0,-2.42966]},"K3s":{"weight":1.0,"played":[1.0,0.0],"evs":[0.0,-2.53472]},"K4s":{"weight":1.0,"played":[0.9999,1.0E-4],"evs":[0.0,-2.36503]},"K5s":{"weight":1.0,"played":[1.0,0.0],"evs":[0.0,-2.28031]},"K6s":{"weight":1.0,"played":[1.0,0.0],"evs":[0.0,-1.99617]},"K7s":{"weight":1.0,"played":[0.9999,1.0E-4],"evs":[0.0,-2.05581]},"K8s":{"weight":1.0,"played":[1.0,0.0],"evs":[0.0,-2.15781]},"K9s":{"weight":1.0,"played":[1.0,0.0],"evs":[0.0,-1.74528]},"KTs":{"weight":1.0,"played":[0.9999,1.0E-4],"evs":[0.0,-1.54992]},"KJs":{"weight":1.0,"played":[0.9999,1.0E-4],"evs":[0.0,-1.35065]},"KQs":{"weight":1.0,"played":[0.9985,0.0015],"evs":[0.0,-0.66065]},"KK":{"weight":1.0,"played":[0.0,1.0],"evs":[0.0,7.2321]},"AKo":{"weight":1.0,"played":[7.0E-4,0.9993],"evs":[0.0,0.55969]},"A2s":{"weight":1.0,"played":[0.9999,1.0E-4],"evs":[0.0,-2.31517]},"A3s":{"weight":1.0,"played":[1.0,0.0],"evs":[0.0,-2.22075]},"A4s":{"weight":1.0,"played":[1.0,0.0],"evs":[0.0,-2.23042]},"A5s":{"weight":1.0,"played":[0.9995,5.0E-4],"evs":[0.0,-2.15437]},"A6s":{"weight":1.0,"played":[1.0,0.0],"evs":[0.0,-2.38657]},"A7s":{"weight":1.0,"played":[1.0,0.0],"evs":[0.0,-2.08945]},"A8s":{"weight":1.0,"played":[1.0,0.0],"evs":[0.0,-2.07419]},"A9s":{"weight":1.0,"played":[1.0,0.0],"evs":[0.0,-1.86701]},"ATs":{"weight":1.0,"played":[1.0,0.0],"evs":[0.0,-1.41111]},"AJs":{"weight":1.0,"played":[0.9858,0.0142],"evs":[0.0,-0.41998]},"AQs":{"weight":1.0,"played":[0.0014,0.9986],"evs":[0.0,0.52271]},"AKs":{"weight":1.0,"played":[1.0E-4,0.9999],"evs":[0.0,1.27026]},"AA":{"weight":1.0,"played":[0.0,1.0],"evs":[0.0,10.18947]}}}