{"player":5,"street":0,"children":2,"sequence":[{"player":0,"type":"R","amount":45250000,"street":0},{"player":1,"type":"F","amount":0,"street":0},{"player":2,"type":"C","amount":37750000,"street":0},{"player":3,"type":"C","amount":15750000,"street":0},{"player":4,"type":"F","amount":0,"street":0}],"actions":[{"type":"F","amount":0},{"type":"C","amount":26250000}],"hands":{"22":{"weight":1.0,"played":[1.0,0.0],"evs":[0.0,-2.02894]},"32o":{"weight":1.0,"played":[1.0,0.0],"evs":[0.0,-3.56299]},"42o":{"weight":1.0,"played":[1.0,0.0],"evs":[0.0,-3.40309]},"52o":{"weight":1.0,"played":[1.0,0.0],"evs":[0.0,-3.26936]},"62o":{"weight":1.0,"played":[1.0,0.0],"evs":[0.0,-3.5401]},"72o":{"weight":1.0,"played":[1.0,0.0],"evs":[0.0,-3.89924]},"82o":{"weight":1.0,"played":[1.0,0.0],"evs":[0.0,-3.84632]},"92o":{"weight":1.0,"played":[1.0,0.0],"evs":[0.0,-3.87869]},"T2o":{"weight":1.0,"played":[1.0,0.0],"evs":[0.0,-3.98338]},"J2o":{"weight":1.0,"played":[1.0,0.0],"evs":[0.0,-3.79065]},"Q2o":{"weight":1.0,"played":[1.0,0.0],"evs":[0.0,-3.58439]},"K2o":{"weight":1.0,"played":[1.0,0.0],"evs":[0.0,-3.6586]},"A2o":{"weight":1.0,"played":[1.0,0.0],"evs":[0.0,-3.53333]},"32s":{"weight":1.0,"played":[1.0,0.0],"evs":[0.0,-2.58362]},"33":{"weight":1.0,"played":[1.0,0.0],"evs":[0.0,-2.07276]},"43o":{"weight":1.0,"played":[1.0,0.0],"evs":[0.0,-2.94489]},"53o":{"weight":1.0,"played":[1.0,0.0],"evs":[0.0,-2.87301]},"63o":{"weight":1.0,"played":[1.0,0.0],"evs":[0.0,-3.2408]},"73o":{"weight":1.0,"played":[1.0,0.0],"evs":[0.0,-3.56085]},"83o":{"weight":1.0,"played":[1.0,0.0],"evs":[0.0,-3.79993]},"93o":{"weight":1.0,"played":[1.0,0.0],"evs":[0.0,-3.67882]},"T3o":{"weight":1.0,"played":[1.0,0.0],"evs":[0.0,-3.9086]},"J3o":{"weight":1.0,"played":[1.0,0.0],"evs":[0.0,-3.76628]},"Q3o":{"weight":1.0,"played":[1.0,0.0],"evs":[0.0,-3.36973]},"K3o":{"weight":1.0,"played":[1.0,0.0],"evs":[0.0,-3.64483]},"A3o":{"weight":1.0,"played":[1.0,0.0],"evs":[0.0,-3.53663]},"42s":{"weight":1.0,"played":[1.0,0.0],"evs":[0.0,-2.61163]},"43s":{"weight":1.0,"played":[1.0,0.0],"evs":[0.0,-2.25745]},"44":{"weight":1.0,"played":[1.0,0.0],"evs":[0.0,-1.68496]},"54o":{"weight":1.0,"played":[1.0,0.0],"evs":[0.0,-2.55384]},"64o":{"weight":1.0,"played":[1.0,0.0],"evs":[0.0,-2.70014]},"74o":{"weight":1.0,"played":[1.0,0.0],"evs":[0.0,-3.15995]},"84o":{"weight":1.0,"played":[1.0,0.0],"evs":[0.0,-3.38938]},"94o":{"weight":1.0,"played":[1.0,0.0],"evs":[0.0,-3.71875]},"T4o":{"weight":1.0,"played":[1.0,0.0],"evs":[0.0,-3.88616]},"J4o":{"weight":1.0,"played":[1.0,0.0],"evs":[0.0,-3.47914]},"Q4o":{"weight":1.0,"played":[1.0,0.0],"evs":[0.0,-3.33305]},"K4o":{"weight":1.0,"played":[1.0,0.0],"evs":[0.0,-3.46705]},"A4o":{"weight":1.0,"played":[1.0,0.0],"evs":[0.0,-3.34724]},"52s":{"weight":1.0,"played":[1.0,0.0],"evs":[0.0,-2.48619]},"53s":{"weight":1.0,"played":[1.0,0.0],"evs":[0.0,-2.10313]},"54s":{"weight":1.0,"played":[0.9999,1.0E-4],"evs":[0.0,-1.63163]},"55":{"weight":1.0,"played":[1.0,0.0],"evs":[0.0,-1.44014]},"65o":{"weight":1.0,"played":[1.0,0.0],"evs":[0.0,-2.42947]},"75o":{"weight":1.0,"played":[1.0,0.0],"evs":[0.0,-2.82227]},"85o":{"weight":1.0,"played":[1.0,0.0],"evs":[0.0,-3.10255]},"95o":{"weight":1.0,"played":[1.0,0.0],"evs":[0.0,-3.43699]},"T5o":{"weight":1.0,"played":[1.0,0.0],"evs":[0.0,-3.78645]},"J5o":{"weight":1.0,"played":[1.0,0.0],"evs":[0.0,-3.497]},"Q5o":{"weight":1.0,"played":[1.0,0.0],"evs":[0.0,-3.2613]},"K5o":{"weight":1.0,"played":[1.0,0.0],"evs":[0.0,-3.31892]},"A5o":{"weight":1.0,"played":[1.0,0.0],"evs":[0.0,-3.08424]},"62s":{"weight":1.0,"played":[1.0,0.0],"evs":[0.0,-2.76468]},"63s":{"weight":1.0,"played":[1.0,0.0],"evs":[0.0,-2.31391]},"64s":{"weight":1.0,"played":[1.0,0.0],"evs":[0.0,-1.80663]},"65s":{"weight":1.0,"played":[1.0,0.0],"evs":[0.0,-1.75883]},"66":{"weight":1.0,"played":[0.9999,1.0E-4],"evs":[0.0,-1.42468]},"76o":{"weight":1.0,"played":[1.0,0.0],"evs":[0.0,-2.52774]},"86o":{"weight":1.0,"played":[1.0,0.0],"evs":[0.0,-2.79042]},"96o":{"weight":1.0,"played":[1.0,0.0],"evs":[0.0,-3.1064]},"T6o":{"weight":1.0,"played":[1.0,0.0],"evs":[0.0,-3.37985]},"J6o":{"weight":1.0,"played":[1.0,0.0],"evs":[0.0,-3.57162]},"Q6o":{"weight":1.0,"played":[1.0,0.0],"evs":[0.0,-3.18823]},"K6o":{"weight":1.0,"played":[1.0,0.0],"evs":[0.0,-3.36391]},"A6o":{"weight":1.0,"played":[1.0,0.0],"evs":[0.0,-3.66564]},"72s":{"weight":1.0,"played":[1.0,0.0],"evs":[0.0,-3.02206]},"73s":{"weight":1.0,"played":[1.0,0.0],"evs":[0.0,-2.67176]},"74s":{"weight":1.0,"played":[1.0,0.0],"evs":[0.0,-2.37982]},"75s":{"weight":1.0,"played":[1.0,0.0],"evs":[0.0,-2.07975]},"76s":{"weight":1.0,"played":[1.0,0.0],"evs":[0.0,-1.70252]},"77":{"weight":1.0,"played":[0.9999,1.0E-4],"evs":[0.0,-1.31002]},"87o":{"weight":1.0,"played":[1.0,0.0],"evs":[0.0,-2.63856]},"97o":{"weight":1.0,"played":[1.0,0.0],"evs":[0.0,-2.85483]},"T7o":{"weight":1.0,"played":[1.0,0.0],"evs":[0.0,-3.18985]},"J7o":{"weight":1.0,"played":[1.0,0.0],"evs":[0.0,-3.10981]},"Q7o":{"weight":1.0,"played":[1.0,0.0],"evs":[0.0,-3.23261]},"K7o":{"weight":1.0,"played":[1.0,0.0],"evs":[0.0,-3.27566]},"A7o":{"weight":1.0,"played":[1.0,0.0],"evs":[0.0,-3.57249]},"82s":{"weight":1.0,"played":[1.0,0.0],"evs":[0.0,-2.82557]},"83s":{"weight":1.0,"played":[1.0,0.0],"evs":[0.0,-3.22465]},"84s":{"weight":1.0,"played":[1.0,0.0],"evs":[0.0,-2.54185]},"85s":{"weight":1.0,"played":[1.0,0.0],"evs":[0.0,-2.31431]},"86s":{"weight":1.0,"played":[1.0,0.0],"evs":[0.0,-1.9691]},"87s":{"weight":1.0,"played":[1.0,0.0],"evs":[0.0,-1.74775]},"88":{"weight":1.0,"played":[0.9999,1.0E-4],"evs":[0.0,-0.931]},"98o":{"weight":1.0,"played":[1.0,0.0],"evs":[0.0,-2.92498]},"T8o":{"weight":1.0,"played":[1.0,0.0],"evs":[0.0,-2.91286]},"J8o":{"weight":1.0,"played":[1.0,0.0],"evs":[0.0,-3.12945]},"Q8o":{"weight":1.0,"played":[1.0,0.0],"evs":[0.0,-2.9071]},"K8o":{"weight":1.0,"played":[1.0,0.0],"evs":[0.0,-3.29084]},"A8o":{"weight":1.0,"played":[1.0,0.0],"evs":[0.0,-3.45404]},"92s":{"weight":1.0,"played":[1.0,0.0],"evs":[0.0,-3.04705]},"93s":{"weight":1.0,"played":[1.0,0.0],"evs":[0.0,-2.98696]},"94s":{"weight":1.0,"played":[1.0,0.0],"evs":[0.0,-2.77978]},"95s":{"weight":1.0,"played":[1.0,0.0],"evs":[0.0,-2.56779]},"96s":{"weight":1.0,"played":[1.0,0.0],"evs":[0.0,-2.33434]},"97s":{"weight":1.0,"played":[1.0,0.0],"evs":[0.0,-1.95853]},"98s":{"weight":1.0,"played":[0.9999,1.0E-4],"evs":[0.0,-2.15601]},"99":{"weight":1.0,"played":[0.9998,2.0E-4],"evs":[0.0,-0.81161]},"T9o":{"weight":1.0,"played":[1.0,0.0],"evs":[0.0,-2.70108]},"J9o":{"weight":1.0,"played":[1.0,0.0],"evs":[0.0,-2.86714]},"Q9o":{"weight":1.0,"played":[1.0,0.0],"evs":[0.0,-2.7831]},"K9o":{"weight":1.0,"played":[1.0,0.0],"evs":[0.0,-3.0707]},"A9o":{"weight":1.0,"played":[1.0,0.0],"evs":[0.0,-3.5188]},"T2s":{"weight":1.0,"played":[1.0,0.0],"evs":[0.0,-3.15785]},"T3s":{"weight":1.0,"played":[1.0,0.0],"evs":[0.0,-2.79995]},"T4s":{"weight":1.0,"played":[1.0,0.0],"evs":[0.0,-2.93301]},"T5s":{"weight":1.0,"played":[1.0,0.0],"evs":[0.0,-2.9758]},"T6s":{"weight":1.0,"played":[1.0,0.0],"evs":[0.0,-2.53006]},"T7s":{"weight":1.0,"played":[1.0,0.0],"evs":[0.0,-2.24266]},"T8s":{"weight":1.0,"played":[1.0,0.0],"evs":[0.0,-2.26718]},"T9s":{"weight":1.0,"played":[1.0,0.0],"evs":[0.0,-1.97207]},"TT":{"weight":1.0,"played":[0.0985,0.9015],"evs":[0.0,0.01069]},"JTo":{"weight":1.0,"played":[1.0,0.0],"evs":[0.0,-2.61402]},"QTo":{"weight":1.0,"played":[1.0,0.0],"evs":[0.0,-2.67058]},"KTo":{"weight":1.0,"played":[1.0,0.0],"evs":[0.0,-2.91729]},"ATo":{"weight":1.0,"played":[1.0,0.0],"evs":[0.0,-2.74722]},"J2s":{"weight":1.0,"played":[1.0,0.0],"evs":[0.0,-2.80758]},"J3s":{"weight":1.0,"played":[1.0,0.0],"evs":[0.0,-2.54899]},"J4s":{"weight":1.0,"played":[1.0,0.0],"evs":[0.0,-2.7632]},"J5s":{"weight":1.0,"played":[1.0,0.0],"evs":[0.0,-2.71708]},"J6s":{"weight":1.0,"played":[1.0,0.0],"evs":[0.0,-2.60782]},"J7s":{"weight":1.0,"played":[1.0,0.0],"evs":[0.0,-2.4053]},"J8s":{"weight":1.0,"played":[1.0,0.0],"evs":[0.0,-2.27768]},"J9s":{"weight":1.0,"played":[1.0,0.0],"evs":[0.0,-2.03942]},"JTs":{"weight":1.0,"played":[1.0,0.0],"evs":[0.0,-1.61612]},"JJ":{"weight":1.0,"played":[0.0,1.0],"evs":[0.0,1.46943]},"QJo":{"weight":1.0,"played":[1.0,0.0],"evs":[0.0,-2.45568]},"KJo":{"weight":1.0,"played":[1.0,0.0],"evs":[0.0,-2.60091]},"AJo":{"weight":1.0,"played":[1.0,0.0],"evs":[0.0,-2.14037]},"Q2s":{"weight":1.0,"played":[1.0,0.0],"evs":[0.0,-2.69693]},"Q3s":{"weight":1.0,"played":[1.0,0.0],"evs":[0.0,-2.59684]},"Q4s":{"weight":1.0,"played":[1.0,0.0],"evs":[0.0,-2.4721]},"Q5s":{"weight":1.0,"played":[1.0,0.0],"evs":[0.0,-2.41809]},"Q6s":{"weight":1.0,"played":[1.0,0.0],"evs":[0.0,-2.37009]},"Q7s":{"weight":1.0,"played":[1.0,0.0],"evs":[0.0,-2.30675]},"Q8s":{"weight":1.0,"played":[1.0,0.0],"evs":[0.0,-2.29913]},"Q9s":{"weight":1.0,"played":[1.0,0.0],"evs":[0.0,-2.0228]},"QTs":{"weight":1.0,"played":[1.0,0.0],"evs":[0.0,-1.70301]},"QJs":{"weight":1.0,"played":[1.0,0.0],"evs":[0.0,-1.44959]},"QQ":{"weight":1.0,"played":[0.0,1.0],"evs":[0.0,2.86081]},"KQo":{"weight":1.0,"played":[1.0,0.0],"evs":[0.0,-2.21385]},"AQo":{"weight":1.0,"played":[1.0,0.0],"evs":[0.0,-1.40843]},"K2s":{"weight":1.0,"played":[1.0,0.0],"evs":[0.0,-2.75937]},"K3s":{"weight":1.0,"played":[1.0,0.0],"evs":[0.0,-2.77891]},"K4s":{"weight":1.0,"played":[1.0,0.0],"evs":[0.0,-2.45798]},"K5s":{"weight":1.0,"played":[1.0,0.0],"evs":[0.0,-2.3546]},"K6s":{"weight":1.0,"played":[1.0,0.0],"evs":[0.0,-2.46091]},"K7s":{"weight":1.0,"played":[1.0,0.0],"evs":[0.0,-2.25946]},"K8s":{"weight":1.0,"played":[1.0,0.0],"evs":[0.0,-2.39336]},"K9s":{"weight":1.0,"played":[1.0,0.0],"evs":[0.0,-1.92182]},"KTs":{"weight":1.0,"played":[1.0,0.0],"evs":[0.0,-2.07217]},"KJs":{"weight":1.0,"played":[1.0,0.0],"evs":[0.0,-1.7402]},"KQs":{"weight":1.0,"played":[1.0,0.0],"evs":[0.0,-1.13744]},"KK":{"weight":1.0,"played":[0.0,1.0],"evs":[0.0,4.66626]},"AKo":{"weight":1.0,"played":[0.9998,2.0E-4],"evs":[0.0,-0.47583]},"A2s":{"weight":1.0,"played":[1.0,0.0],"evs":[0.0,-2.43691]},"A3s":{"weight":1.0,"played":[1.0,0.0],"evs":[0.0,-2.33191]},"A4s":{"weight":1.0,"played":[1.0,0.0],"evs":[0.0,-2.44048]},"A5s":{"weight":1.0,"played":[1.0,0.0],"evs":[0.0,-2.5145]},"A6s":{"weight":1.0,"played":[1.0,0.0],"evs":[0.0,-2.76125]},"A7s":{"weight":1.0,"played":[1.0,0.0],"evs":[0.0,-2.50603]},"A8s":{"weight":1.0,"played":[1.0,0.0],"evs":[0.0,-2.53665]},"A9s":{"weight":1.0,"played":[1.0,0.0],"evs":[0.0,-2.77807]},"ATs":{"weight":1.0,"played":[1.0,0.0],"evs":[0.0,-1.92296]},"AJs":{"weight":1.0,"played":[1.0,0.0],"evs":[0.0,-1.26244]},"AQs":{"weight":1.0,"played":[0.9959,0.0041],"evs":[0.0,-0.55862]},"AKs":{"weight":1.0,"played":[0.1367,0.8633],"evs":[0.0,0.39103]},"AA":{"weight":1.0,"played":[0.0,1.0],"evs":[0.0,8.09092]}}}