{"player":3,"street":0,"children":2,"sequence":[{"player":0,"type":"R","amount":45250000,"street":0},{"player":1,"type":"C","amount":36750000,"street":0},{"player":2,"type":"F","amount":0,"street":0}],"actions":[{"type":"F","amount":0,"node":65},{"type":"C","amount":15750000,"node":68}],"hands":{"22":{"weight":1.0,"played":[1.0,0.0],"evs":[0.0,-1.8469]},"32o":{"weight":1.0,"played":[1.0,0.0],"evs":[0.0,-2.9043]},"42o":{"weight":1.0,"played":[1.0,0.0],"evs":[0.0,-2.83488]},"52o":{"weight":1.0,"played":[1.0,0.0],"evs":[0.0,-2.79057]},"62o":{"weight":1.0,"played":[1.0,0.0],"evs":[0.0,-2.93298]},"72o":{"weight":1.0,"played":[1.0,0.0],"evs":[0.0,-3.13115]},"82o":{"weight":1.0,"played":[1.0,0.0],"evs":[0.0,-3.0997]},"92o":{"weight":1.0,"played":[1.0,0.0],"evs":[0.0,-3.06857]},"T2o":{"weight":1.0,"played":[1.0,0.0],"evs":[0.0,-3.04709]},"J2o":{"weight":1.0,"played":[1.0,0.0],"evs":[0.0,-2.94741]},"Q2o":{"weight":1.0,"played":[1.0,0.0],"evs":[0.0,-2.80743]},"K2o":{"weight":1.0,"played":[1.0,0.0],"evs":[0.0,-2.62501]},"A2o":{"weight":1.0,"played":[1.0,0.0],"evs":[0.0,-2.73773]},"32s":{"weight":1.0,"played":[1.0,0.0],"evs":[0.0,-2.38904]},"33":{"weight":1.0,"played":[1.0,0.0],"evs":[0.0,-1.70113]},"43o":{"weight":1.0,"played":[1.0,0.0],"evs":[0.0,-2.6078]},"53o":{"weight":1.0,"played":[1.0,0.0],"evs":[0.0,-2.5481]},"63o":{"weight":1.0,"played":[1.0,0.0],"evs":[0.0,-2.70429]},"73o":{"weight":1.0,"played":[1.0,0.0],"evs":[0.0,-2.90913]},"83o":{"weight":1.0,"played":[1.0,0.0],"evs":[0.0,-3.09727]},"93o":{"weight":1.0,"played":[1.0,0.0],"evs":[0.0,-3.00691]},"T3o":{"weight":1.0,"played":[1.0,0.0],"evs":[0.0,-3.00692]},"J3o":{"weight":1.0,"played":[1.0,0.0],"evs":[0.0,-2.88323]},"Q3o":{"weight":1.0,"played":[1.0,0.0],"evs":[0.0,-2.72949]},"K3o":{"weight":1.0,"played":[1.0,0.0],"evs":[0.0,-2.57079]},"A3o":{"weight":1.0,"played":[1.0,0.0],"evs":[0.0,-2.65039]},"42s":{"weight":1.0,"played":[1.0,0.0],"evs":[0.0,-2.31353]},"43s":{"weight":1.0,"played":[1.0,0.0],"evs":[0.0,-2.1168]},"44":{"weight":1.0,"played":[1.0,0.0],"evs":[0.0,-1.55695]},"54o":{"weight":1.0,"played":[1.0,0.0],"evs":[0.0,-2.33356]},"64o":{"weight":1.0,"played":[1.0,0.0],"evs":[0.0,-2.4861]},"74o":{"weight":1.0,"played":[1.0,0.0],"evs":[0.0,-2.66682]},"84o":{"weight":1.0,"played":[1.0,0.0],"evs":[0.0,-2.85723]},"94o":{"weight":1.0,"played":[1.0,0.0],"evs":[0.0,-2.97671]},"T4o":{"weight":1.0,"played":[1.0,0.0],"evs":[0.0,-2.94114]},"J4o":{"weight":1.0,"played":[1.0,0.0],"evs":[0.0,-2.8251]},"Q4o":{"weight":1.0,"played":[1.0,0.0],"evs":[0.0,-2.68397]},"K4o":{"weight":1.0,"played":[1.0,0.0],"evs":[0.0,-2.50503]},"A4o":{"weight":1.0,"played":[1.0,0.0],"evs":[0.0,-2.58426]},"52s":{"weight":1.0,"played":[1.0,0.0],"evs":[0.0,-2.22097]},"53s":{"weight":1.0,"played":[1.0,0.0],"evs":[0.0,-2.04115]},"54s":{"weight":1.0,"played":[1.0,0.0],"evs":[0.0,-1.83785]},"55":{"weight":1.0,"played":[1.0,0.0],"evs":[0.0,-1.39913]},"65o":{"weight":1.0,"played":[1.0,0.0],"evs":[0.0,-2.28953]},"75o":{"weight":1.0,"played":[1.0,0.0],"evs":[0.0,-2.47169]},"85o":{"weight":1.0,"played":[1.0,0.0],"evs":[0.0,-2.63212]},"95o":{"weight":1.0,"played":[1.0,0.0],"evs":[0.0,-2.75012]},"T5o":{"weight":1.0,"played":[1.0,0.0],"evs":[0.0,-2.90416]},"J5o":{"weight":1.0,"played":[1.0,0.0],"evs":[0.0,-2.74946]},"Q5o":{"weight":1.0,"played":[1.0,0.0],"evs":[0.0,-2.6096]},"K5o":{"weight":1.0,"played":[1.0,0.0],"evs":[0.0,-2.42152]},"A5o":{"weight":1.0,"played":[1.0,0.0],"evs":[0.0,-2.49852]},"62s":{"weight":1.0,"played":[1.0,0.0],"evs":[0.0,-2.39972]},"63s":{"weight":1.0,"played":[1.0,0.0],"evs":[0.0,-2.14464]},"64s":{"weight":1.0,"played":[1.0,0.0],"evs":[0.0,-1.96616]},"65s":{"weight":1.0,"played":[1.0,0.0],"evs":[0.0,-1.78274]},"66":{"weight":1.0,"played":[1.0,0.0],"evs":[0.0,-1.30943]},"76o":{"weight":1.0,"played":[1.0,0.0],"evs":[0.0,-2.31353]},"86o":{"weight":1.0,"played":[1.0,0.0],"evs":[0.0,-2.44472]},"96o":{"weight":1.0,"played":[1.0,0.0],"evs":[0.0,-2.56903]},"T6o":{"weight":1.0,"played":[1.0,0.0],"evs":[0.0,-2.72992]},"J6o":{"weight":1.0,"played":[1.0,0.0],"evs":[0.0,-2.74777]},"Q6o":{"weight":1.0,"played":[1.0,0.0],"evs":[0.0,-2.57874]},"K6o":{"weight":1.0,"played":[1.0,0.0],"evs":[0.0,-2.39828]},"A6o":{"weight":1.0,"played":[1.0,0.0],"evs":[0.0,-2.68205]},"72s":{"weight":1.0,"played":[1.0,0.0],"evs":[0.0,-2.60166]},"73s":{"weight":1.0,"played":[1.0,0.0],"evs":[0.0,-2.35822]},"74s":{"weight":1.0,"played":[1.0,0.0],"evs":[0.0,-2.15227]},"75s":{"weight":1.0,"played":[1.0,0.0],"evs":[0.0,-1.9562]},"76s":{"weight":1.0,"played":[1.0,0.0],"evs":[0.0,-1.80813]},"77":{"weight":1.0,"played":[1.0,0.0],"evs":[0.0,-1.23708]},"87o":{"weight":1.0,"played":[1.0,0.0],"evs":[0.0,-2.32621]},"97o":{"weight":1.0,"played":[1.0,0.0],"evs":[0.0,-2.43338]},"T7o":{"weight":1.0,"played":[1.0,0.0],"evs":[0.0,-2.57429]},"J7o":{"weight":1.0,"played":[1.0,0.0],"evs":[0.0,-2.60847]},"Q7o":{"weight":1.0,"played":[1.0,0.0],"evs":[0.0,-2.58721]},"K7o":{"weight":1.0,"played":[1.0,0.0],"evs":[0.0,-2.38177]},"A7o":{"weight":1.0,"played":[1.0,0.0],"evs":[0.0,-2.64162]},"82s":{"weight":1.0,"played":[1.0,0.0],"evs":[0.0,-2.53202]},"83s":{"weight":1.0,"played":[1.0,0.0],"evs":[0.0,-2.52329]},"84s":{"weight":1.0,"played":[1.0,0.0],"evs":[0.0,-2.31219]},"85s":{"weight":1.0,"played":[1.0,0.0],"evs":[0.0,-2.09617]},"86s":{"weight":1.0,"played":[1.0,0.0],"evs":[0.0,-1.94341]},"87s":{"weight":1.0,"played":[1.0,0.0],"evs":[0.0,-1.81081]},"88":{"weight":1.0,"played":[1.0,0.0],"evs":[0.0,-1.01762]},"98o":{"weight":1.0,"played":[1.0,0.0],"evs":[0.0,-2.31729]},"T8o":{"weight":1.0,"played":[1.0,0.0],"evs":[0.0,-2.39926]},"J8o":{"weight":1.0,"played":[1.0,0.0],"evs":[0.0,-2.41937]},"Q8o":{"weight":1.0,"played":[1.0,0.0],"evs":[0.0,-2.44432]},"K8o":{"weight":1.0,"played":[1.0,0.0],"evs":[0.0,-2.35595]},"A8o":{"weight":1.0,"played":[1.0,0.0],"evs":[0.0,-2.62439]},"92s":{"weight":1.0,"played":[1.0,0.0],"evs":[0.0,-2.50682]},"93s":{"weight":1.0,"played":[1.0,0.0],"evs":[0.0,-2.44345]},"94s":{"weight":1.0,"played":[1.0,0.0],"evs":[0.0,-2.39977]},"95s":{"weight":1.0,"played":[1.0,0.0],"evs":[0.0,-2.2319]},"96s":{"weight":1.0,"played":[1.0,0.0],"evs":[0.0,-2.04337]},"97s":{"weight":1.0,"played":[1.0,0.0],"evs":[0.0,-1.91054]},"98s":{"weight":1.0,"played":[1.0,0.0],"evs":[0.0,-1.79905]},"99":{"weight":1.0,"played":[1.0,0.0],"evs":[0.0,-0.583]},"T9o":{"weight":1.0,"played":[1.0,0.0],"evs":[0.0,-2.22414]},"J9o":{"weight":1.0,"played":[1.0,0.0],"evs":[0.0,-2.24571]},"Q9o":{"weight":1.0,"played":[1.0,0.0],"evs":[0.0,-2.24644]},"K9o":{"weight":1.0,"played":[1.0,0.0],"evs":[0.0,-2.17547]},"A9o":{"weight":1.0,"played":[1.0,0.0],"evs":[0.0,-2.48316]},"T2s":{"weight":1.0,"played":[1.0,0.0],"evs":[0.0,-2.4883]},"T3s":{"weight":1.0,"played":[1.0,0.0],"evs":[0.0,-2.4459]},"T4s":{"weight":1.0,"played":[1.0,0.0],"evs":[0.0,-2.38821]},"T5s":{"weight":1.0,"played":[1.0,0.0],"evs":[0.0,-2.33142]},"T6s":{"weight":1.0,"played":[1.0,0.0],"evs":[0.0,-2.17012]},"T7s":{"weight":1.0,"played":[1.0,0.0],"evs":[0.0,-2.0219]},"T8s":{"weight":1.0,"played":[1.0,0.0],"evs":[0.0,-1.87021]},"T9s":{"weight":1.0,"played":[1.0,0.0],"evs":[0.0,-1.70527]},"TT":{"weight":1.0,"played":[0.0014,0.9986],"evs":[0.0,0.04958]},"JTo":{"weight":1.0,"played":[1.0,0.0],"evs":[0.0,-2.03321]},"QTo":{"weight":1.0,"played":[1.0,0.0],"evs":[0.0,-2.03116]},"KTo":{"weight":1.0,"played":[1.0,0.0],"evs":[0.0,-1.96567]},"ATo":{"weight":1.0,"played":[1.0,0.0],"evs":[0.0,-1.96688]},"J2s":{"weight":1.0,"played":[1.0,0.0],"evs":[0.0,-2.3797]},"J3s":{"weight":1.0,"played":[1.0,0.0],"evs":[0.0,-2.31725]},"J4s":{"weight":1.0,"played":[1.0,0.0],"evs":[0.0,-2.24691]},"J5s":{"weight":1.0,"played":[1.0,0.0],"evs":[0.0,-2.1828]},"J6s":{"weight":1.0,"played":[1.0,0.0],"evs":[0.0,-2.19923]},"J7s":{"weight":1.0,"played":[1.0,0.0],"evs":[0.0,-2.04486]},"J8s":{"weight":1.0,"played":[1.0,0.0],"evs":[0.0,-1.89905]},"J9s":{"weight":1.0,"played":[1.0,0.0],"evs":[0.0,-1.7127]},"JTs":{"weight":1.0,"played":[1.0,0.0],"evs":[0.0,-1.5241]},"JJ":{"weight":1.0,"played":[0.0,1.0],"evs":[0.0,0.81277]},"QJo":{"weight":1.0,"played":[1.0,0.0],"evs":[0.0,-1.86296]},"KJo":{"weight":1.0,"played":[1.0,0.0],"evs":[0.0,-1.77569]},"AJo":{"weight":1.0,"played":[1.0,0.0],"evs":[0.0,-1.3519]},"Q2s":{"weight":1.0,"played":[1.0,0.0],"evs":[0.0,-2.22692]},"Q3s":{"weight":1.0,"played":[1.0,0.0],"evs":[0.0,-2.16479]},"Q4s":{"weight":1.0,"played":[1.0,0.0],"evs":[0.0,-2.11914]},"Q5s":{"weight":1.0,"played":[1.0,0.0],"evs":[0.0,-2.05145]},"Q6s":{"weight":1.0,"played":[1.0,0.0],"evs":[0.0,-2.0354]},"Q7s":{"weight":1.0,"played":[1.0,0.0],"evs":[0.0,-2.03123]},"Q8s":{"weight":1.0,"played":[1.0,0.0],"evs":[0.0,-1.87397]},"Q9s":{"weight":1.0,"played":[1.0,0.0],"evs":[0.0,-1.70376]},"QTs":{"weight":1.0,"played":[1.0,0.0],"evs":[0.0,-1.47435]},"QJs":{"weight":1.0,"played":[1.0,0.0],"evs":[0.0,-1.3287]},"QQ":{"weight":1.0,"played":[0.0,1.0],"evs":[0.0,1.74109]},"KQo":{"weight":1.0,"played":[1.0,0.0],"evs":[0.0,-1.51817]},"AQo":{"weight":1.0,"played":[1.0,0.0],"evs":[0.0,-0.66294]},"K2s":{"weight":1.0,"played":[1.0,0.0],"evs":[0.0,-2.07811]},"K3s":{"weight":1.0,"played":[1.0,0.0],"evs":[0.0,-2.01187]},"K4s":{"weight":1.0,"played":[1.0,0.0],"evs":[0.0,-1.93134]},"K5s":{"weight":1.0,"played":[1.0,0.0],"evs":[0.0,-1.87544]},"K6s":{"weight":1.0,"played":[1.0,0.0],"evs":[0.0,-1.8184]},"K7s":{"weight":1.0,"played":[1.0,0.0],"evs":[0.0,-1.81721]},"K8s":{"weight":1.0,"played":[1.0,0.0],"evs":[0.0,-1.81467]},"K9s":{"weight":1.0,"played":[1.0,0.0],"evs":[0.0,-1.62321]},"KTs":{"weight":1.0,"played":[1.0,0.0],"evs":[0.0,-1.40693]},"KJs":{"weight":1.0,"played":[1.0,0.0],"evs":[0.0,-1.24137]},"KQs":{"weight":1.0,"played":[1.0,0.0],"evs":[0.0,-1.01677]},"KK":{"weight":1.0,"played":[0.0,1.0],"evs":[0.0,2.83638]},"AKo":{"weight":1.0,"played":[0.0,1.0],"evs":[0.0,0.14398]},"A2s":{"weight":1.0,"played":[1.0,0.0],"evs":[0.0,-2.13428]},"A3s":{"weight":1.0,"played":[1.0,0.0],"evs":[0.0,-2.06129]},"A4s":{"weight":1.0,"played":[1.0,0.0],"evs":[0.0,-1.99709]},"A5s":{"weight":1.0,"played":[1.0,0.0],"evs":[0.0,-1.9081]},"A6s":{"weight":1.0,"played":[1.0,0.0],"evs":[0.0,-2.09729]},"A7s":{"weight":1.0,"played":[1.0,0.0],"evs":[0.0,-2.01215]},"A8s":{"weight":1.0,"played":[1.0,0.0],"evs":[0.0,-2.00484]},"A9s":{"weight":1.0,"played":[1.0,0.0],"evs":[0.0,-1.87339]},"ATs":{"weight":1.0,"played":[1.0,0.0],"evs":[0.0,-1.3688]},"AJs":{"weight":1.0,"played":[1.0,0.0],"evs":[0.0,-0.85145]},"AQs":{"weight":1.0,"played":[1.0,0.0],"evs":[0.0,-0.16767]},"AKs":{"weight":1.0,"played":[0.0,1.0],"evs":[0.0,0.52198]},"AA":{"weight":1.0,"played":[0.0,1.0],"evs":[0.0,4.75168]}}}