{"player":5,"street":0,"children":2,"sequence":[{"player":0,"type":"R","amount":45250000,"street":0},{"player":1,"type":"C","amount":36750000,"street":0},{"player":2,"type":"F","amount":0,"street":0},{"player":3,"type":"C","amount":15750000,"street":0},{"player":4,"type":"C","amount":42750000,"street":0}],"actions":[{"type":"F","amount":0},{"type":"C","amount":26250000}],"hands":{"22":{"weight":1.0,"played":[0.9999,1.0E-4],"evs":[0.0,-3.85465]},"32o":{"weight":1.0,"played":[1.0,0.0],"evs":[0.0,-4.29297]},"42o":{"weight":1.0,"played":[1.0,0.0],"evs":[0.0,-4.64141]},"52o":{"weight":1.0,"played":[1.0,0.0],"evs":[0.0,-4.35054]},"62o":{"weight":1.0,"played":[1.0,0.0],"evs":[0.0,-4.87447]},"72o":{"weight":1.0,"played":[1.0,0.0],"evs":[0.0,-6.00183]},"82o":{"weight":1.0,"played":[1.0,0.0],"evs":[0.0,-5.39764]},"92o":{"weight":1.0,"played":[1.0,0.0],"evs":[0.0,-5.22828]},"T2o":{"weight":1.0,"played":[1.0,0.0],"evs":[0.0,-5.99088]},"J2o":{"weight":1.0,"played":[1.0,0.0],"evs":[0.0,-4.91868]},"Q2o":{"weight":1.0,"played":[1.0,0.0],"evs":[0.0,-5.63198]},"K2o":{"weight":1.0,"played":[1.0,0.0],"evs":[0.0,-5.44923]},"A2o":{"weight":1.0,"played":[0.9999,1.0E-4],"evs":[0.0,-5.61954]},"32s":{"weight":1.0,"played":[0.9992,8.0E-4],"evs":[0.0,-3.95122]},"33":{"weight":1.0,"played":[0.9997,3.0E-4],"evs":[0.0,-4.02297]},"43o":{"weight":1.0,"played":[1.0,0.0],"evs":[0.0,-3.88326]},"53o":{"weight":1.0,"played":[0.9999,1.0E-4],"evs":[0.0,-4.23431]},"63o":{"weight":1.0,"played":[1.0,0.0],"evs":[0.0,-4.71057]},"73o":{"weight":1.0,"played":[0.9999,1.0E-4],"evs":[0.0,-4.86842]},"83o":{"weight":1.0,"played":[1.0,0.0],"evs":[0.0,-5.36344]},"93o":{"weight":1.0,"played":[1.0,0.0],"evs":[0.0,-5.55097]},"T3o":{"weight":1.0,"played":[0.9999,1.0E-4],"evs":[0.0,-4.99743]},"J3o":{"weight":1.0,"played":[0.9997,3.0E-4],"evs":[0.0,-5.33036]},"Q3o":{"weight":1.0,"played":[1.0,0.0],"evs":[0.0,-4.85916]},"K3o":{"weight":1.0,"played":[0.9999,1.0E-4],"evs":[0.0,-6.08398]},"A3o":{"weight":1.0,"played":[0.9999,1.0E-4],"evs":[0.0,-5.03772]},"42s":{"weight":1.0,"played":[0.9982,0.0018],"evs":[0.0,-3.34652]},"43s":{"weight":1.0,"played":[0.9999,1.0E-4],"evs":[0.0,-3.16025]},"44":{"weight":1.0,"played":[0.9999,1.0E-4],"evs":[0.0,-3.61138]},"54o":{"weight":1.0,"played":[1.0,0.0],"evs":[0.0,-3.56926]},"64o":{"weight":1.0,"played":[0.9999,1.0E-4],"evs":[0.0,-4.23595]},"74o":{"weight":1.0,"played":[1.0,0.0],"evs":[0.0,-4.15759]},"84o":{"weight":1.0,"played":[1.0,0.0],"evs":[0.0,-4.67006]},"94o":{"weight":1.0,"played":[1.0,0.0],"evs":[0.0,-4.87812]},"T4o":{"weight":1.0,"played":[1.0,0.0],"evs":[0.0,-5.11823]},"J4o":{"weight":1.0,"played":[0.9999,1.0E-4],"evs":[0.0,-5.20442]},"Q4o":{"weight":1.0,"played":[1.0,0.0],"evs":[0.0,-5.1724]},"K4o":{"weight":1.0,"played":[1.0,0.0],"evs":[0.0,-5.263]},"A4o":{"weight":1.0,"played":[0.9994,6.0E-4],"evs":[0.0,-4.37817]},"52s":{"weight":1.0,"played":[0.9997,3.0E-4],"evs":[0.0,-2.77361]},"53s":{"weight":1.0,"played":[0.9999,1.0E-4],"evs":[0.0,-3.50335]},"54s":{"weight":1.0,"played":[0.9971,0.0029],"evs":[0.0,-1.61381]},"55":{"weight":1.0,"played":[0.998,0.002],"evs":[0.0,-3.34186]},"65o":{"weight":1.0,"played":[1.0,0.0],"evs":[0.0,-3.68508]},"75o":{"weight":1.0,"played":[1.0,0.0],"evs":[0.0,-3.71241]},"85o":{"weight":1.0,"played":[1.0,0.0],"evs":[0.0,-4.33972]},"95o":{"weight":1.0,"played":[1.0,0.0],"evs":[0.0,-4.26048]},"T5o":{"weight":1.0,"played":[0.9996,4.0E-4],"evs":[0.0,-5.04903]},"J5o":{"weight":1.0,"played":[1.0,0.0],"evs":[0.0,-5.18565]},"Q5o":{"weight":1.0,"played":[1.0,0.0],"evs":[0.0,-5.2004]},"K5o":{"weight":1.0,"played":[1.0,0.0],"evs":[0.0,-4.63957]},"A5o":{"weight":1.0,"played":[0.9999,1.0E-4],"evs":[0.0,-4.68769]},"62s":{"weight":1.0,"played":[1.0,0.0],"evs":[0.0,-4.37815]},"63s":{"weight":1.0,"played":[0.9999,1.0E-4],"evs":[0.0,-3.4338]},"64s":{"weight":1.0,"played":[0.9996,4.0E-4],"evs":[0.0,-2.36693]},"65s":{"weight":1.0,"played":[1.0,0.0],"evs":[0.0,-2.47193]},"66":{"weight":1.0,"played":[1.0,0.0],"evs":[0.0,-2.79821]},"76o":{"weight":1.0,"played":[1.0,0.0],"evs":[0.0,-4.08583]},"86o":{"weight":1.0,"played":[1.0,0.0],"evs":[0.0,-4.39902]},"96o":{"weight":1.0,"played":[0.9999,1.0E-4],"evs":[0.0,-4.25291]},"T6o":{"weight":1.0,"played":[1.0,0.0],"evs":[0.0,-5.67607]},"J6o":{"weight":1.0,"played":[1.0,0.0],"evs":[0.0,-5.59922]},"Q6o":{"weight":1.0,"played":[1.0,0.0],"evs":[0.0,-4.82525]},"K6o":{"weight":1.0,"played":[1.0,0.0],"evs":[0.0,-5.15854]},"A6o":{"weight":1.0,"played":[1.0,0.0],"evs":[0.0,-5.29663]},"72s":{"weight":1.0,"played":[1.0,0.0],"evs":[0.0,-4.59924]},"73s":{"weight":1.0,"played":[0.9985,0.0015],"evs":[0.0,-3.73427]},"74s":{"weight":1.0,"played":[0.9999,1.0E-4],"evs":[0.0,-4.59526]},"75s":{"weight":1.0,"played":[0.9917,0.0083],"evs":[0.0,-3.6272]},"76s":{"weight":1.0,"played":[0.9999,1.0E-4],"evs":[0.0,-3.1928]},"77":{"weight":1.0,"played":[1.0,0.0],"evs":[0.0,-3.91581]},"87o":{"weight":1.0,"played":[0.9999,1.0E-4],"evs":[0.0,-4.14902]},"97o":{"weight":1.0,"played":[0.9998,2.0E-4],"evs":[0.0,-4.46292]},"T7o":{"weight":1.0,"played":[1.0,0.0],"evs":[0.0,-4.9292]},"J7o":{"weight":1.0,"played":[1.0,0.0],"evs":[0.0,-4.82225]},"Q7o":{"weight":1.0,"played":[0.9998,2.0E-4],"evs":[0.0,-4.78168]},"K7o":{"weight":1.0,"played":[0.9997,3.0E-4],"evs":[0.0,-4.46665]},"A7o":{"weight":1.0,"played":[0.9999,1.0E-4],"evs":[0.0,-5.96086]},"82s":{"weight":1.0,"played":[0.999,0.001],"evs":[0.0,-4.1202]},"83s":{"weight":1.0,"played":[0.9995,5.0E-4],"evs":[0.0,-3.88452]},"84s":{"weight":1.0,"played":[1.0,0.0],"evs":[0.0,-4.45811]},"85s":{"weight":1.0,"played":[0.9985,0.0015],"evs":[0.0,-3.29241]},"86s":{"weight":1.0,"played":[0.9998,2.0E-4],"evs":[0.0,-2.81353]},"87s":{"weight":1.0,"played":[0.9916,0.0084],"evs":[0.0,-2.91546]},"88":{"weight":1.0,"played":[0.997,0.003],"evs":[0.0,-3.53077]},"98o":{"weight":1.0,"played":[1.0,0.0],"evs":[0.0,-4.67909]},"T8o":{"weight":1.0,"played":[1.0,0.0],"evs":[0.0,-4.17778]},"J8o":{"weight":1.0,"played":[1.0,0.0],"evs":[0.0,-4.34481]},"Q8o":{"weight":1.0,"played":[0.9997,3.0E-4],"evs":[0.0,-5.18039]},"K8o":{"weight":1.0,"played":[1.0,0.0],"evs":[0.0,-5.02161]},"A8o":{"weight":1.0,"played":[0.9997,3.0E-4],"evs":[0.0,-5.3556]},"92s":{"weight":1.0,"played":[0.999,0.001],"evs":[0.0,-4.54674]},"93s":{"weight":1.0,"played":[0.9998,2.0E-4],"evs":[0.0,-5.58282]},"94s":{"weight":1.0,"played":[0.999,0.001],"evs":[0.0,-5.03214]},"95s":{"weight":1.0,"played":[0.9982,0.0018],"evs":[0.0,-4.75836]},"96s":{"weight":1.0,"played":[0.9933,0.0067],"evs":[0.0,-2.60889]},"97s":{"weight":1.0,"played":[1.0,0.0],"evs":[0.0,-3.36122]},"98s":{"weight":1.0,"played":[1.0,0.0],"evs":[0.0,-2.80408]},"99":{"weight":1.0,"played":[0.9999,1.0E-4],"evs":[0.0,-2.62725]},"T9o":{"weight":1.0,"played":[0.9999,1.0E-4],"evs":[0.0,-4.58033]},"J9o":{"weight":1.0,"played":[1.0,0.0],"evs":[0.0,-4.51408]},"Q9o":{"weight":1.0,"played":[0.9999,1.0E-4],"evs":[0.0,-5.61229]},"K9o":{"weight":1.0,"played":[0.9999,1.0E-4],"evs":[0.0,-5.02438]},"A9o":{"weight":1.0,"played":[0.9988,0.0012],"evs":[0.0,-5.50547]},"T2s":{"weight":1.0,"played":[1.0,0.0],"evs":[0.0,-4.98538]},"T3s":{"weight":1.0,"played":[0.9995,5.0E-4],"evs":[0.0,-4.20999]},"T4s":{"weight":1.0,"played":[0.9959,0.0041],"evs":[0.0,-3.90174]},"T5s":{"weight":1.0,"played":[0.9999,1.0E-4],"evs":[0.0,-4.47376]},"T6s":{"weight":1.0,"played":[1.0,0.0],"evs":[0.0,-3.283]},"T7s":{"weight":1.0,"played":[0.9996,4.0E-4],"evs":[0.0,-4.06819]},"T8s":{"weight":1.0,"played":[0.9996,4.0E-4],"evs":[0.0,-3.2056]},"T9s":{"weight":1.0,"played":[0.9986,0.0014],"evs":[0.0,-2.68337]},"TT":{"weight":1.0,"played":[0.9983,0.0017],"evs":[0.0,-2.85427]},"JTo":{"weight":1.0,"played":[0.9997,3.0E-4],"evs":[0.0,-4.66268]},"QTo":{"weight":1.0,"played":[1.0,0.0],"evs":[0.0,-5.05348]},"KTo":{"weight":1.0,"played":[1.0,0.0],"evs":[0.0,-6.01358]},"ATo":{"weight":1.0,"played":[1.0,0.0],"evs":[0.0,-4.62603]},"J2s":{"weight":1.0,"played":[0.9999,1.0E-4],"evs":[0.0,-5.22403]},"J3s":{"weight":1.0,"played":[0.9997,3.0E-4],"evs":[0.0,-3.55412]},"J4s":{"weight":1.0,"played":[0.9999,1.0E-4],"evs":[0.0,-4.66928]},"J5s":{"weight":1.0,"played":[1.0,0.0],"evs":[0.0,-4.09237]},"J6s":{"weight":1.0,"played":[0.9882,0.0118],"evs":[0.0,-4.12871]},"J7s":{"weight":1.0,"played":[0.9993,7.0E-4],"evs":[0.0,-3.7875]},"J8s":{"weight":1.0,"played":[0.9984,0.0016],"evs":[0.0,-3.96443]},"J9s":{"weight":1.0,"played":[1.0,0.0],"evs":[0.0,-4.89335]},"JTs":{"weight":1.0,"played":[1.0,0.0],"evs":[0.0,-5.27915]},"JJ":{"weight":1.0,"played":[0.9841,0.0159],"evs":[0.0,-2.84834]},"QJo":{"weight":1.0,"played":[0.9981,0.0019],"evs":[0.0,-3.23252]},"KJo":{"weight":1.0,"played":[0.9998,2.0E-4],"evs":[0.0,-5.17727]},"AJo":{"weight":1.0,"played":[1.0,0.0],"evs":[0.0,-4.84806]},"Q2s":{"weight":1.0,"played":[0.9935,0.0065],"evs":[0.0,-3.77849]},"Q3s":{"weight":1.0,"played":[0.9983,0.0017],"evs":[0.0,-4.28764]},"Q4s":{"weight":1.0,"played":[0.9981,0.0019],"evs":[0.0,-4.11006]},"Q5s":{"weight":1.0,"played":[0.9991,9.0E-4],"evs":[0.0,-4.32252]},"Q6s":{"weight":1.0,"played":[0.9993,7.0E-4],"evs":[0.0,-3.7093]},"Q7s":{"weight":1.0,"played":[0.9975,0.0025],"evs":[0.0,-3.86075]},"Q8s":{"weight":1.0,"played":[0.993,0.007],"evs":[0.0,-4.41744]},"Q9s":{"weight":1.0,"played":[0.9999,1.0E-4],"evs":[0.0,-4.08404]},"QTs":{"weight":1.0,"played":[0.9994,6.0E-4],"evs":[0.0,-4.14143]},"QJs":{"weight":1.0,"played":[0.999,0.001],"evs":[0.0,-2.9048]},"QQ":{"weight":1.0,"played":[0.7418,0.2582],"evs":[0.0,0.38079]},"KQo":{"weight":1.0,"played":[0.9962,0.0038],"evs":[0.0,-4.04375]},"AQo":{"weight":1.0,"played":[0.9995,5.0E-4],"evs":[0.0,-4.37008]},"K2s":{"weight":1.0,"played":[0.9997,3.0E-4],"evs":[0.0,-5.40963]},"K3s":{"weight":1.0,"played":[0.9944,0.0056],"evs":[0.0,-5.07442]},"K4s":{"weight":1.0,"played":[1.0,0.0],"evs":[0.0,-3.78759]},"K5s":{"weight":1.0,"played":[0.9989,0.0011],"evs":[0.0,-4.18827]},"K6s":{"weight":1.0,"played":[1.0,0.0],"evs":[0.0,-2.76574]},"K7s":{"weight":1.0,"played":[0.9993,7.0E-4],"evs":[0.0,-3.206]},"K8s":{"weight":1.0,"played":[0.9899,0.0101],"evs":[0.0,-3.21065]},"K9s":{"weight":1.0,"played":[0.9917,0.0083],"evs":[0.0,-3.25933]},"KTs":{"weight":1.0,"played":[0.9992,8.0E-4],"evs":[0.0,-5.29053]},"KJs":{"weight":1.0,"played":[1.0,0.0],"evs":[0.0,-2.13921]},"KQs":{"weight":1.0,"played":[0.9996,4.0E-4],"evs":[0.0,-5.20966]},"KK":{"weight":1.0,"played":[0.0048,0.9952],"evs":[0.0,3.5796]},"AKo":{"weight":1.0,"played":[0.9911,0.0089],"evs":[0.0,-2.6622]},"A2s":{"weight":1.0,"played":[0.9955,0.0045],"evs":[0.0,-2.42797]},"A3s":{"weight":1.0,"played":[0.9855,0.0145],"evs":[0.0,-4.23079]},"A4s":{"weight":1.0,"played":[1.0,0.0],"evs":[0.0,-5.17457]},"A5s":{"weight":1.0,"played":[0.9913,0.0087],"evs":[0.0,-4.57577]},"A6s":{"weight":1.0,"played":[0.9999,1.0E-4],"evs":[0.0,-4.8022]},"A7s":{"weight":1.0,"played":[0.9999,1.0E-4],"evs":[0.0,-3.56997]},"A8s":{"weight":1.0,"played":[1.0,0.0],"evs":[0.0,-3.60328]},"A9s":{"weight":1.0,"played":[1.0,0.0],"evs":[0.0,-4.90851]},"ATs":{"weight":1.0,"played":[0.9999,1.0E-4],"evs":[0.0,-4.76973]},"AJs":{"weight":1.0,"played":[0.9974,0.0026],"evs":[0.0,-5.31635]},"AQs":{"weight":1.0,"played":[0.9963,0.0037],"evs":[0.0,-2.39174]},"AKs":{"weight":1.0,"played":[0.999,0.001],"evs":[0.0,-1.58676]},"AA":{"weight":1.0,"played":[0.0,1.0],"evs":[0.0,6.09637]}}}