{"player":5,"street":0,"children":2,"sequence":[{"player":0,"type":"R","amount":45250000,"street":0},{"player":1,"type":"C","amount":36750000,"street":0},{"player":2,"type":"C","amount":37750000,"street":0},{"player":3,"type":"F","amount":0,"street":0},{"player":4,"type":"F","amount":0,"street":0}],"actions":[{"type":"F","amount":0},{"type":"C","amount":26250000}],"hands":{"22":{"weight":1.0,"played":[1.0,0.0],"evs":[0.0,-4.45819]},"32o":{"weight":1.0,"played":[1.0,0.0],"evs":[0.0,-5.61329]},"42o":{"weight":1.0,"played":[1.0,0.0],"evs":[0.0,-5.62107]},"52o":{"weight":1.0,"played":[1.0,0.0],"evs":[0.0,-5.52713]},"62o":{"weight":1.0,"played":[1.0,0.0],"evs":[0.0,-5.62983]},"72o":{"weight":1.0,"played":[1.0,0.0],"evs":[0.0,-6.03192]},"82o":{"weight":1.0,"played":[1.0,0.0],"evs":[0.0,-6.26131]},"92o":{"weight":1.0,"played":[1.0,0.0],"evs":[0.0,-6.21971]},"T2o":{"weight":1.0,"played":[1.0,0.0],"evs":[0.0,-6.29812]},"J2o":{"weight":1.0,"played":[1.0,0.0],"evs":[0.0,-6.32454]},"Q2o":{"weight":1.0,"played":[1.0,0.0],"evs":[0.0,-6.09873]},"K2o":{"weight":1.0,"played":[1.0,0.0],"evs":[0.0,-6.44526]},"A2o":{"weight":1.0,"played":[1.0,0.0],"evs":[0.0,-6.18387]},"32s":{"weight":1.0,"played":[1.0,0.0],"evs":[0.0,-4.66711]},"33":{"weight":1.0,"played":[1.0,0.0],"evs":[0.0,-4.09174]},"43o":{"weight":1.0,"played":[1.0,0.0],"evs":[0.0,-5.3279]},"53o":{"weight":1.0,"played":[1.0,0.0],"evs":[0.0,-5.19113]},"63o":{"weight":1.0,"played":[1.0,0.0],"evs":[0.0,-5.22839]},"73o":{"weight":1.0,"played":[1.0,0.0],"evs":[0.0,-5.72162]},"83o":{"weight":1.0,"played":[1.0,0.0],"evs":[0.0,-6.11726]},"93o":{"weight":1.0,"played":[1.0,0.0],"evs":[0.0,-6.17255]},"T3o":{"weight":1.0,"played":[1.0,0.0],"evs":[0.0,-6.23824]},"J3o":{"weight":1.0,"played":[1.0,0.0],"evs":[0.0,-6.17487]},"Q3o":{"weight":1.0,"played":[1.0,0.0],"evs":[0.0,-5.92836]},"K3o":{"weight":1.0,"played":[1.0,0.0],"evs":[0.0,-6.30251]},"A3o":{"weight":1.0,"played":[1.0,0.0],"evs":[0.0,-6.04073]},"42s":{"weight":1.0,"played":[1.0,0.0],"evs":[0.0,-4.72886]},"43s":{"weight":1.0,"played":[1.0,0.0],"evs":[0.0,-4.37104]},"44":{"weight":1.0,"played":[1.0,0.0],"evs":[0.0,-4.38519]},"54o":{"weight":1.0,"played":[1.0,0.0],"evs":[0.0,-4.78238]},"64o":{"weight":1.0,"played":[1.0,0.0],"evs":[0.0,-4.994]},"74o":{"weight":1.0,"played":[1.0,0.0],"evs":[0.0,-5.34455]},"84o":{"weight":1.0,"played":[1.0,0.0],"evs":[0.0,-5.89373]},"94o":{"weight":1.0,"played":[1.0,0.0],"evs":[0.0,-6.07614]},"T4o":{"weight":1.0,"played":[1.0,0.0],"evs":[0.0,-6.03962]},"J4o":{"weight":1.0,"played":[1.0,0.0],"evs":[0.0,-6.10235]},"Q4o":{"weight":1.0,"played":[1.0,0.0],"evs":[0.0,-5.95323]},"K4o":{"weight":1.0,"played":[1.0,0.0],"evs":[0.0,-6.12806]},"A4o":{"weight":1.0,"played":[1.0,0.0],"evs":[0.0,-5.89333]},"52s":{"weight":1.0,"played":[1.0,0.0],"evs":[0.0,-4.86342]},"53s":{"weight":1.0,"played":[1.0,0.0],"evs":[0.0,-4.30997]},"54s":{"weight":1.0,"played":[1.0,0.0],"evs":[0.0,-3.98425]},"55":{"weight":1.0,"played":[1.0,0.0],"evs":[0.0,-4.09848]},"65o":{"weight":1.0,"played":[1.0,0.0],"evs":[0.0,-4.59018]},"75o":{"weight":1.0,"played":[1.0,0.0],"evs":[0.0,-5.04054]},"85o":{"weight":1.0,"played":[1.0,0.0],"evs":[0.0,-5.28142]},"95o":{"weight":1.0,"played":[1.0,0.0],"evs":[0.0,-5.79441]},"T5o":{"weight":1.0,"played":[1.0,0.0],"evs":[0.0,-6.09437]},"J5o":{"weight":1.0,"played":[1.0,0.0],"evs":[0.0,-6.06028]},"Q5o":{"weight":1.0,"played":[1.0,0.0],"evs":[0.0,-5.7103]},"K5o":{"weight":1.0,"played":[1.0,0.0],"evs":[0.0,-6.12819]},"A5o":{"weight":1.0,"played":[1.0,0.0],"evs":[0.0,-5.67703]},"62s":{"weight":1.0,"played":[1.0,0.0],"evs":[0.0,-5.01448]},"63s":{"weight":1.0,"played":[1.0,0.0],"evs":[0.0,-4.54403]},"64s":{"weight":1.0,"played":[1.0,0.0],"evs":[0.0,-4.11692]},"65s":{"weight":1.0,"played":[1.0,0.0],"evs":[0.0,-3.87347]},"66":{"weight":1.0,"played":[1.0,0.0],"evs":[0.0,-4.10622]},"76o":{"weight":1.0,"played":[1.0,0.0],"evs":[0.0,-4.88056]},"86o":{"weight":1.0,"played":[1.0,0.0],"evs":[0.0,-5.01568]},"96o":{"weight":1.0,"played":[1.0,0.0],"evs":[0.0,-5.55898]},"T6o":{"weight":1.0,"played":[1.0,0.0],"evs":[0.0,-5.69216]},"J6o":{"weight":1.0,"played":[1.0,0.0],"evs":[0.0,-5.94011]},"Q6o":{"weight":1.0,"played":[1.0,0.0],"evs":[0.0,-5.7434]},"K6o":{"weight":1.0,"played":[1.0,0.0],"evs":[0.0,-5.948]},"A6o":{"weight":1.0,"played":[1.0,0.0],"evs":[0.0,-6.13689]},"72s":{"weight":1.0,"played":[1.0,0.0],"evs":[0.0,-5.23274]},"73s":{"weight":1.0,"played":[1.0,0.0],"evs":[0.0,-4.8459]},"74s":{"weight":1.0,"played":[1.0,0.0],"evs":[0.0,-4.23191]},"75s":{"weight":1.0,"played":[1.0,0.0],"evs":[0.0,-4.15136]},"76s":{"weight":1.0,"played":[1.0,0.0],"evs":[0.0,-3.76053]},"77":{"weight":1.0,"played":[1.0,0.0],"evs":[0.0,-4.05735]},"87o":{"weight":1.0,"played":[1.0,0.0],"evs":[0.0,-4.94519]},"97o":{"weight":1.0,"played":[1.0,0.0],"evs":[0.0,-5.25457]},"T7o":{"weight":1.0,"played":[1.0,0.0],"evs":[0.0,-5.50481]},"J7o":{"weight":1.0,"played":[1.0,0.0],"evs":[0.0,-5.86361]},"Q7o":{"weight":1.0,"played":[1.0,0.0],"evs":[0.0,-5.64549]},"K7o":{"weight":1.0,"played":[1.0,0.0],"evs":[0.0,-6.05259]},"A7o":{"weight":1.0,"played":[1.0,0.0],"evs":[0.0,-6.2436]},"82s":{"weight":1.0,"played":[1.0,0.0],"evs":[0.0,-5.2096]},"83s":{"weight":1.0,"played":[1.0,0.0],"evs":[0.0,-5.4597]},"84s":{"weight":1.0,"played":[1.0,0.0],"evs":[0.0,-5.00663]},"85s":{"weight":1.0,"played":[1.0,0.0],"evs":[0.0,-4.63304]},"86s":{"weight":1.0,"played":[1.0,0.0],"evs":[0.0,-4.12683]},"87s":{"weight":1.0,"played":[1.0,0.0],"evs":[0.0,-4.00449]},"88":{"weight":1.0,"played":[1.0,0.0],"evs":[0.0,-4.10918]},"98o":{"weight":1.0,"played":[1.0,0.0],"evs":[0.0,-5.32297]},"T8o":{"weight":1.0,"played":[1.0,0.0],"evs":[0.0,-5.4841]},"J8o":{"weight":1.0,"played":[1.0,0.0],"evs":[0.0,-5.52675]},"Q8o":{"weight":1.0,"played":[1.0,0.0],"evs":[0.0,-5.63388]},"K8o":{"weight":1.0,"played":[1.0,0.0],"evs":[0.0,-6.24043]},"A8o":{"weight":1.0,"played":[1.0,0.0],"evs":[0.0,-6.30499]},"92s":{"weight":1.0,"played":[1.0,0.0],"evs":[0.0,-5.15497]},"93s":{"weight":1.0,"played":[1.0,0.0],"evs":[0.0,-5.33591]},"94s":{"weight":1.0,"played":[1.0,0.0],"evs":[0.0,-5.2575]},"95s":{"weight":1.0,"played":[1.0,0.0],"evs":[0.0,-4.73141]},"96s":{"weight":1.0,"played":[1.0,0.0],"evs":[0.0,-4.68668]},"97s":{"weight":1.0,"played":[1.0,0.0],"evs":[0.0,-4.53546]},"98s":{"weight":1.0,"played":[1.0,0.0],"evs":[0.0,-4.56063]},"99":{"weight":1.0,"played":[1.0,0.0],"evs":[0.0,-3.91285]},"T9o":{"weight":1.0,"played":[1.0,0.0],"evs":[0.0,-5.36118]},"J9o":{"weight":1.0,"played":[1.0,0.0],"evs":[0.0,-5.46198]},"Q9o":{"weight":1.0,"played":[1.0,0.0],"evs":[0.0,-5.6033]},"K9o":{"weight":1.0,"played":[1.0,0.0],"evs":[0.0,-5.9939]},"A9o":{"weight":1.0,"played":[1.0,0.0],"evs":[0.0,-6.1878]},"T2s":{"weight":1.0,"played":[1.0,0.0],"evs":[0.0,-5.32642]},"T3s":{"weight":1.0,"played":[1.0,0.0],"evs":[0.0,-5.13742]},"T4s":{"weight":1.0,"played":[1.0,0.0],"evs":[0.0,-5.17622]},"T5s":{"weight":1.0,"played":[1.0,0.0],"evs":[0.0,-4.96509]},"T6s":{"weight":1.0,"played":[1.0,0.0],"evs":[0.0,-4.68076]},"T7s":{"weight":1.0,"played":[1.0,0.0],"evs":[0.0,-4.44652]},"T8s":{"weight":1.0,"played":[1.0,0.0],"evs":[0.0,-4.51058]},"T9s":{"weight":1.0,"played":[1.0,0.0],"evs":[0.0,-4.56263]},"TT":{"weight":1.0,"played":[1.0,0.0],"evs":[0.0,-3.55763]},"JTo":{"weight":1.0,"played":[1.0,0.0],"evs":[0.0,-5.36891]},"QTo":{"weight":1.0,"played":[1.0,0.0],"evs":[0.0,-5.44918]},"KTo":{"weight":1.0,"played":[1.0,0.0],"evs":[0.0,-5.72857]},"ATo":{"weight":1.0,"played":[1.0,0.0],"evs":[0.0,-5.98929]},"J2s":{"weight":1.0,"played":[1.0,0.0],"evs":[0.0,-5.45643]},"J3s":{"weight":1.0,"played":[1.0,0.0],"evs":[0.0,-5.23869]},"J4s":{"weight":1.0,"played":[1.0,0.0],"evs":[0.0,-4.89526]},"J5s":{"weight":1.0,"played":[1.0,0.0],"evs":[0.0,-5.36196]},"J6s":{"weight":1.0,"played":[1.0,0.0],"evs":[0.0,-5.17633]},"J7s":{"weight":1.0,"played":[1.0,0.0],"evs":[0.0,-4.80014]},"J8s":{"weight":1.0,"played":[1.0,0.0],"evs":[0.0,-4.58838]},"J9s":{"weight":1.0,"played":[1.0,0.0],"evs":[0.0,-4.59495]},"JTs":{"weight":1.0,"played":[1.0,0.0],"evs":[0.0,-4.35561]},"JJ":{"weight":1.0,"played":[1.0,0.0],"evs":[0.0,-2.67851]},"QJo":{"weight":1.0,"played":[1.0,0.0],"evs":[0.0,-5.15354]},"KJo":{"weight":1.0,"played":[1.0,0.0],"evs":[0.0,-5.97244]},"AJo":{"weight":1.0,"played":[1.0,0.0],"evs":[0.0,-5.72759]},"Q2s":{"weight":1.0,"played":[1.0,0.0],"evs":[0.0,-4.91263]},"Q3s":{"weight":1.0,"played":[1.0,0.0],"evs":[0.0,-4.96746]},"Q4s":{"weight":1.0,"played":[1.0,0.0],"evs":[0.0,-4.79712]},"Q5s":{"weight":1.0,"played":[1.0,0.0],"evs":[0.0,-4.52431]},"Q6s":{"weight":1.0,"played":[1.0,0.0],"evs":[0.0,-4.60643]},"Q7s":{"weight":1.0,"played":[1.0,0.0],"evs":[0.0,-4.82881]},"Q8s":{"weight":1.0,"played":[1.0,0.0],"evs":[0.0,-4.61571]},"Q9s":{"weight":1.0,"played":[1.0,0.0],"evs":[0.0,-4.66627]},"QTs":{"weight":1.0,"played":[1.0,0.0],"evs":[0.0,-4.20273]},"QJs":{"weight":1.0,"played":[1.0,0.0],"evs":[0.0,-4.16664]},"QQ":{"weight":1.0,"played":[1.0,0.0],"evs":[0.0,-1.15125]},"KQo":{"weight":1.0,"played":[1.0,0.0],"evs":[0.0,-5.37792]},"AQo":{"weight":1.0,"played":[1.0,0.0],"evs":[0.0,-5.00206]},"K2s":{"weight":1.0,"played":[1.0,0.0],"evs":[0.0,-5.44606]},"K3s":{"weight":1.0,"played":[1.0,0.0],"evs":[0.0,-5.04922]},"K4s":{"weight":1.0,"played":[1.0,0.0],"evs":[0.0,-5.06958]},"K5s":{"weight":1.0,"played":[1.0,0.0],"evs":[0.0,-5.15311]},"K6s":{"weight":1.0,"played":[1.0,0.0],"evs":[0.0,-4.88157]},"K7s":{"weight":1.0,"played":[1.0,0.0],"evs":[0.0,-4.87736]},"K8s":{"weight":1.0,"played":[1.0,0.0],"evs":[0.0,-5.29321]},"K9s":{"weight":1.0,"played":[1.0,0.0],"evs":[0.0,-5.12934]},"KTs":{"weight":1.0,"played":[1.0,0.0],"evs":[0.0,-4.83112]},"KJs":{"weight":1.0,"played":[1.0,0.0],"evs":[0.0,-4.90999]},"KQs":{"weight":1.0,"played":[1.0,0.0],"evs":[0.0,-4.3581]},"KK":{"weight":1.0,"played":[0.0,1.0],"evs":[0.0,1.19034]},"AKo":{"weight":1.0,"played":[0.9999,1.0E-4],"evs":[0.0,-3.93119]},"A2s":{"weight":1.0,"played":[1.0,0.0],"evs":[0.0,-4.93034]},"A3s":{"weight":1.0,"played":[1.0,0.0],"evs":[0.0,-5.21229]},"A4s":{"weight":1.0,"played":[1.0,0.0],"evs":[0.0,-4.9722]},"A5s":{"weight":1.0,"played":[1.0,0.0],"evs":[0.0,-4.80303]},"A6s":{"weight":1.0,"played":[1.0,0.0],"evs":[0.0,-4.99218]},"A7s":{"weight":1.0,"played":[1.0,0.0],"evs":[0.0,-5.10988]},"A8s":{"weight":1.0,"played":[1.0,0.0],"evs":[0.0,-5.46723]},"A9s":{"weight":1.0,"played":[1.0,0.0],"evs":[0.0,-5.19313]},"ATs":{"weight":1.0,"played":[1.0,0.0],"evs":[0.0,-4.85837]},"AJs":{"weight":1.0,"played":[1.0,0.0],"evs":[0.0,-4.71388]},"AQs":{"weight":1.0,"played":[1.0,0.0],"evs":[0.0,-3.82528]},"AKs":{"weight":1.0,"played":[1.0,0.0],"evs":[0.0,-2.57985]},"AA":{"weight":1.0,"played":[0.0,1.0],"evs":[0.0,6.10828]}}}