{"player":5,"street":0,"children":2,"sequence":[{"player":0,"type":"F","amount":0,"street":0},{"player":1,"type":"F","amount":0,"street":0},{"player":2,"type":"F","amount":0,"street":0},{"player":3,"type":"R","amount":15750000,"street":0},{"player":4,"type":"F","amount":0,"street":0}],"actions":[{"type":"F","amount":0},{"type":"C","amount":10750000}],"hands":{"22":{"weight":1.0,"played":[0.0,1.0],"evs":[0.0,1.62458]},"32o":{"weight":1.0,"played":[0.9999,1.0E-4],"evs":[0.0,-0.08074]},"42o":{"weight":1.0,"played":[0.9797,0.0203],"evs":[0.0,-0.00691]},"52o":{"weight":1.0,"played":[2.0E-4,0.9998],"evs":[0.0,0.06828]},"62o":{"weight":1.0,"played":[0.9995,5.0E-4],"evs":[0.0,-0.0504]},"72o":{"weight":1.0,"played":[1.0,0.0],"evs":[0.0,-0.08872]},"82o":{"weight":1.0,"played":[0.0813,0.9187],"evs":[0.0,-8.5E-4]},"92o":{"weight":1.0,"played":[3.0E-4,0.9997],"evs":[0.0,0.03303]},"T2o":{"weight":1.0,"played":[0.0,1.0],"evs":[0.0,0.09528]},"J2o":{"weight":1.0,"played":[0.0,1.0],"evs":[0.0,0.15764]},"Q2o":{"weight":1.0,"played":[0.0,1.0],"evs":[0.0,0.31018]},"K2o":{"weight":1.0,"played":[0.0,1.0],"evs":[0.0,0.57859]},"A2o":{"weight":1.0,"played":[0.0,1.0],"evs":[0.0,1.47294]},"32s":{"weight":1.0,"played":[0.0,1.0],"evs":[0.0,0.32742]},"33":{"weight":1.0,"played":[0.0,1.0],"evs":[0.0,1.73392]},"43o":{"weight":1.0,"played":[0.0,1.0],"evs":[0.0,0.14145]},"53o":{"weight":1.0,"played":[0.0,1.0],"evs":[0.0,0.19774]},"63o":{"weight":1.0,"played":[0.0,1.0],"evs":[0.0,0.10536]},"73o":{"weight":1.0,"played":[0.0012,0.9988],"evs":[0.0,0.04638]},"83o":{"weight":1.0,"played":[0.0,1.0],"evs":[0.0,0.02724]},"93o":{"weight":1.0,"played":[0.0,1.0],"evs":[0.0,0.08405]},"T3o":{"weight":1.0,"played":[0.0,1.0],"evs":[0.0,0.14639]},"J3o":{"weight":1.0,"played":[0.0,1.0],"evs":[0.0,0.18838]},"Q3o":{"weight":1.0,"played":[0.0,1.0],"evs":[0.0,0.35562]},"K3o":{"weight":1.0,"played":[0.0,1.0],"evs":[0.0,0.62083]},"A3o":{"weight":1.0,"played":[0.0,1.0],"evs":[0.0,1.50268]},"42s":{"weight":1.0,"played":[0.0,1.0],"evs":[0.0,0.35635]},"43s":{"weight":1.0,"played":[0.0,1.0],"evs":[0.0,0.51347]},"44":{"weight":1.0,"played":[0.0,1.0],"evs":[0.0,1.90325]},"54o":{"weight":1.0,"played":[0.0,1.0],"evs":[0.0,0.35958]},"64o":{"weight":1.0,"played":[0.0,1.0],"evs":[0.0,0.25885]},"74o":{"weight":1.0,"played":[0.0,1.0],"evs":[0.0,0.20396]},"84o":{"weight":1.0,"played":[0.0,1.0],"evs":[0.0,0.17717]},"94o":{"weight":1.0,"played":[0.0,1.0],"evs":[0.0,0.09924]},"T4o":{"weight":1.0,"played":[0.0,1.0],"evs":[0.0,0.19904]},"J4o":{"weight":1.0,"played":[0.0,1.0],"evs":[0.0,0.2381]},"Q4o":{"weight":1.0,"played":[0.0,1.0],"evs":[0.0,0.40153]},"K4o":{"weight":1.0,"played":[0.0,1.0],"evs":[0.0,0.66047]},"A4o":{"weight":1.0,"played":[0.0,1.0],"evs":[0.0,1.56284]},"52s":{"weight":1.0,"played":[0.0,1.0],"evs":[0.0,0.44405]},"53s":{"weight":1.0,"played":[0.0,1.0],"evs":[0.0,0.58321]},"54s":{"weight":1.0,"played":[0.0,1.0],"evs":[0.0,0.72806]},"55":{"weight":1.0,"played":[0.0,1.0],"evs":[0.0,2.10829]},"65o":{"weight":1.0,"played":[0.0,1.0],"evs":[0.0,0.43012]},"75o":{"weight":1.0,"played":[0.0,1.0],"evs":[0.0,0.37926]},"85o":{"weight":1.0,"played":[0.0,1.0],"evs":[0.0,0.34417]},"95o":{"weight":1.0,"played":[0.0,1.0],"evs":[0.0,0.25966]},"T5o":{"weight":1.0,"played":[0.0,1.0],"evs":[0.0,0.23381]},"J5o":{"weight":1.0,"played":[0.0,1.0],"evs":[0.0,0.31083]},"Q5o":{"weight":1.0,"played":[0.0,1.0],"evs":[0.0,0.46995]},"K5o":{"weight":1.0,"played":[0.0,1.0],"evs":[0.0,0.7244]},"A5o":{"weight":1.0,"played":[0.0,1.0],"evs":[0.0,1.65409]},"62s":{"weight":1.0,"played":[0.0,1.0],"evs":[0.0,0.33668]},"63s":{"weight":1.0,"played":[0.0,1.0],"evs":[0.0,0.48561]},"64s":{"weight":1.0,"played":[0.0,1.0],"evs":[0.0,0.63605]},"65s":{"weight":1.0,"played":[0.0,1.0],"evs":[0.0,0.78986]},"66":{"weight":1.0,"played":[0.0,1.0],"evs":[0.0,2.29785]},"76o":{"weight":1.0,"played":[0.0,1.0],"evs":[0.0,0.54248]},"86o":{"weight":1.0,"played":[0.0,1.0],"evs":[0.0,0.51129]},"96o":{"weight":1.0,"played":[0.0,1.0],"evs":[0.0,0.43404]},"T6o":{"weight":1.0,"played":[0.0,1.0],"evs":[0.0,0.38171]},"J6o":{"weight":1.0,"played":[0.0,1.0],"evs":[0.0,0.33353]},"Q6o":{"weight":1.0,"played":[0.0,1.0],"evs":[0.0,0.51103]},"K6o":{"weight":1.0,"played":[0.0,1.0],"evs":[0.0,0.79997]},"A6o":{"weight":1.0,"played":[0.0,1.0],"evs":[0.0,1.7168]},"72s":{"weight":1.0,"played":[0.0,1.0],"evs":[0.0,0.31429]},"73s":{"weight":1.0,"played":[0.0,1.0],"evs":[0.0,0.45043]},"74s":{"weight":1.0,"played":[0.0,1.0],"evs":[0.0,0.57236]},"75s":{"weight":1.0,"played":[0.0,1.0],"evs":[0.0,0.75724]},"76s":{"weight":1.0,"played":[0.0,1.0],"evs":[0.0,0.8826]},"77":{"weight":1.0,"played":[0.0,1.0],"evs":[0.0,2.47979]},"87o":{"weight":1.0,"played":[0.0,1.0],"evs":[0.0,0.66064]},"97o":{"weight":1.0,"played":[0.0,1.0],"evs":[0.0,0.57623]},"T7o":{"weight":1.0,"played":[0.0,1.0],"evs":[0.0,0.54659]},"J7o":{"weight":1.0,"played":[0.0,1.0],"evs":[0.0,0.49225]},"Q7o":{"weight":1.0,"played":[0.0,1.0],"evs":[0.0,0.54686]},"K7o":{"weight":1.0,"played":[0.0,1.0],"evs":[0.0,0.84514]},"A7o":{"weight":1.0,"played":[0.0,1.0],"evs":[0.0,1.92909]},"82s":{"weight":1.0,"played":[0.0,1.0],"evs":[0.0,0.38905]},"83s":{"weight":1.0,"played":[0.0,1.0],"evs":[0.0,0.40487]},"84s":{"weight":1.0,"played":[0.0,1.0],"evs":[0.0,0.57442]},"85s":{"weight":1.0,"played":[0.0,1.0],"evs":[0.0,0.71941]},"86s":{"weight":1.0,"played":[0.0,1.0],"evs":[0.0,0.83562]},"87s":{"weight":1.0,"played":[0.0,1.0],"evs":[0.0,1.01903]},"88":{"weight":1.0,"played":[0.0,1.0],"evs":[0.0,2.72842]},"98o":{"weight":1.0,"played":[0.0,1.0],"evs":[0.0,0.75067]},"T8o":{"weight":1.0,"played":[0.0,1.0],"evs":[0.0,0.71933]},"J8o":{"weight":1.0,"played":[0.0,1.0],"evs":[0.0,0.66421]},"Q8o":{"weight":1.0,"played":[0.0,1.0],"evs":[0.0,0.72002]},"K8o":{"weight":1.0,"played":[0.0,1.0],"evs":[0.0,0.9247]},"A8o":{"weight":1.0,"played":[0.0,1.0],"evs":[0.0,2.17232]},"92s":{"weight":1.0,"played":[0.0,1.0],"evs":[0.0,0.41614]},"93s":{"weight":1.0,"played":[0.0,1.0],"evs":[0.0,0.46567]},"94s":{"weight":1.0,"played":[0.0,1.0],"evs":[0.0,0.49963]},"95s":{"weight":1.0,"played":[0.0,1.0],"evs":[0.0,0.67754]},"96s":{"weight":1.0,"played":[0.0,1.0],"evs":[0.0,0.78232]},"97s":{"weight":1.0,"played":[0.0,1.0],"evs":[0.0,0.93238]},"98s":{"weight":1.0,"played":[0.0,1.0],"evs":[0.0,1.08773]},"99":{"weight":1.0,"played":[0.0,1.0],"evs":[0.0,2.98758]},"T9o":{"weight":1.0,"played":[0.0,1.0],"evs":[0.0,0.84714]},"J9o":{"weight":1.0,"played":[0.0,1.0],"evs":[0.0,0.80216]},"Q9o":{"weight":1.0,"played":[0.0,1.0],"evs":[0.0,0.87151]},"K9o":{"weight":1.0,"played":[0.0,1.0],"evs":[0.0,1.1645]},"A9o":{"weight":1.0,"played":[0.0,1.0],"evs":[0.0,2.48607]},"T2s":{"weight":1.0,"played":[0.0,1.0],"evs":[0.0,0.49046]},"T3s":{"weight":1.0,"played":[0.0,1.0],"evs":[0.0,0.53635]},"T4s":{"weight":1.0,"played":[0.0,1.0],"evs":[0.0,0.57174]},"T5s":{"weight":1.0,"played":[0.0,1.0],"evs":[0.0,0.59978]},"T6s":{"weight":1.0,"played":[0.0,1.0],"evs":[0.0,0.73995]},"T7s":{"weight":1.0,"played":[0.0,1.0],"evs":[0.0,0.88581]},"T8s":{"weight":1.0,"played":[0.0,1.0],"evs":[0.0,1.06321]},"T9s":{"weight":1.0,"played":[0.0,1.0],"evs":[0.0,1.16646]},"TT":{"weight":1.0,"played":[0.0,1.0],"evs":[0.0,3.41924]},"JTo":{"weight":1.0,"played":[0.0,1.0],"evs":[0.0,1.11821]},"QTo":{"weight":1.0,"played":[0.0,1.0],"evs":[0.0,1.22463]},"KTo":{"weight":1.0,"played":[0.0,1.0],"evs":[0.0,1.60742]},"ATo":{"weight":1.0,"played":[0.0,1.0],"evs":[0.0,2.98408]},"J2s":{"weight":1.0,"played":[0.0,1.0],"evs":[0.0,0.52804]},"J3s":{"weight":1.0,"played":[0.0,1.0],"evs":[0.0,0.57704]},"J4s":{"weight":1.0,"played":[0.0,1.0],"evs":[0.0,0.62241]},"J5s":{"weight":1.0,"played":[0.0,1.0],"evs":[0.0,0.69032]},"J6s":{"weight":1.0,"played":[0.0,1.0],"evs":[0.0,0.7188]},"J7s":{"weight":1.0,"played":[0.0,1.0],"evs":[0.0,0.86052]},"J8s":{"weight":1.0,"played":[0.0,1.0],"evs":[0.0,1.0286]},"J9s":{"weight":1.0,"played":[0.0,1.0],"evs":[0.0,1.13983]},"JTs":{"weight":1.0,"played":[0.0,1.0],"evs":[0.0,1.43892]},"JJ":{"weight":1.0,"played":[0.0,1.0],"evs":[0.0,3.78778]},"QJo":{"weight":1.0,"played":[0.0,1.0],"evs":[0.0,1.41862]},"KJo":{"weight":1.0,"played":[0.0,1.0],"evs":[0.0,1.80577]},"AJo":{"weight":1.0,"played":[0.0,1.0],"evs":[0.0,3.25725]},"Q2s":{"weight":1.0,"played":[0.0,1.0],"evs":[0.0,0.68821]},"Q3s":{"weight":1.0,"played":[0.0,1.0],"evs":[0.0,0.73918]},"Q4s":{"weight":1.0,"played":[0.0,1.0],"evs":[0.0,0.77862]},"Q5s":{"weight":1.0,"played":[0.0,1.0],"evs":[0.0,0.84182]},"Q6s":{"weight":1.0,"played":[0.0,1.0],"evs":[0.0,0.88008]},"Q7s":{"weight":1.0,"played":[0.0,1.0],"evs":[0.0,0.90742]},"Q8s":{"weight":1.0,"played":[0.0,1.0],"evs":[0.0,1.08582]},"Q9s":{"weight":1.0,"played":[0.0,1.0],"evs":[0.0,1.20439]},"QTs":{"weight":1.0,"played":[0.0,1.0],"evs":[0.0,1.55231]},"QJs":{"weight":1.0,"played":[0.0,1.0],"evs":[0.0,1.70956]},"QQ":{"weight":1.0,"played":[0.0,1.0],"evs":[0.0,4.14281]},"KQo":{"weight":1.0,"played":[0.0,1.0],"evs":[0.0,2.01253]},"AQo":{"weight":1.0,"played":[0.0,1.0],"evs":[0.0,3.54133]},"K2s":{"weight":1.0,"played":[0.0,1.0],"evs":[0.0,0.93301]},"K3s":{"weight":1.0,"played":[0.0,1.0],"evs":[0.0,0.97365]},"K4s":{"weight":1.0,"played":[0.0,1.0],"evs":[0.0,1.02745]},"K5s":{"weight":1.0,"played":[0.0,1.0],"evs":[0.0,1.10821]},"K6s":{"weight":1.0,"played":[0.0,1.0],"evs":[0.0,1.14858]},"K7s":{"weight":1.0,"played":[0.0,1.0],"evs":[0.0,1.18704]},"K8s":{"weight":1.0,"played":[0.0,1.0],"evs":[0.0,1.27785]},"K9s":{"weight":1.0,"played":[0.0,1.0],"evs":[0.0,1.48488]},"KTs":{"weight":1.0,"played":[0.0,1.0],"evs":[0.0,1.90293]},"KJs":{"weight":1.0,"played":[0.0,1.0],"evs":[0.0,2.08583]},"KQs":{"weight":1.0,"played":[0.0,1.0],"evs":[0.0,2.28994]},"KK":{"weight":1.0,"played":[0.0,1.0],"evs":[0.0,4.61328]},"AKo":{"weight":1.0,"played":[0.0,1.0],"evs":[0.0,3.91496]},"A2s":{"weight":1.0,"played":[0.0,1.0],"evs":[0.0,1.79207]},"A3s":{"weight":1.0,"played":[0.0,1.0],"evs":[0.0,1.81189]},"A4s":{"weight":1.0,"played":[0.0,1.0],"evs":[0.0,1.85535]},"A5s":{"weight":1.0,"played":[0.0,1.0],"evs":[0.0,1.97639]},"A6s":{"weight":1.0,"played":[0.0,1.0],"evs":[0.0,2.03882]},"A7s":{"weight":1.0,"played":[0.0,1.0],"evs":[0.0,2.20626]},"A8s":{"weight":1.0,"played":[0.0,1.0],"evs":[0.0,2.45576]},"A9s":{"weight":1.0,"played":[0.0,1.0],"evs":[0.0,2.7243]},"ATs":{"weight":1.0,"played":[0.0,1.0],"evs":[0.0,3.18256]},"AJs":{"weight":1.0,"played":[0.0,1.0],"evs":[0.0,3.45252]},"AQs":{"weight":1.0,"played":[0.0,1.0],"evs":[0.0,3.71153]},"AKs":{"weight":1.0,"played":[0.0,1.0],"evs":[0.0,4.05601]},"AA":{"weight":1.0,"played":[0.0,1.0],"evs":[0.0,5.90962]}}}