{"player":3,"street":0,"children":2,"sequence":[{"player":0,"type":"F","amount":0,"street":0},{"player":1,"type":"R","amount":1135000,"street":0},{"player":2,"type":"C","amount":795000,"street":0},{"player":3,"type":"C","amount":1085000,"street":0},{"player":4,"type":"R","amount":2155000,"street":0}],"actions":[{"type":"F","amount":0},{"type":"C","amount":840000}],"hands":{"22":{"weight":0.0187,"played":[2.0E-4,0.9998],"evs":[0.0,14.21762]},"32o":{"weight":0.0,"played":[2.0E-4,0.9998],"evs":[0.0,4.13694]},"42o":{"weight":0.0,"played":[0.0072,0.9928],"evs":[0.0,6.85726]},"52o":{"weight":1.0E-4,"played":[6.0E-4,0.9994],"evs":[0.0,7.08025]},"62o":{"weight":0.0,"played":[0.0026,0.9974],"evs":[0.0,5.8794]},"72o":{"weight":0.0,"played":[0.0022,0.9978],"evs":[0.0,5.49907]},"82o":{"weight":0.0,"played":[1.0E-4,0.9999],"evs":[0.0,5.10617]},"92o":{"weight":1.0E-4,"played":[0.0017,0.9983],"evs":[0.0,6.76905]},"T2o":{"weight":0.0,"played":[0.0031,0.9969],"evs":[0.0,4.8857]},"J2o":{"weight":0.0,"played":[6.0E-4,0.9994],"evs":[0.0,6.51427]},"Q2o":{"weight":2.0E-4,"played":[4.0E-4,0.9996],"evs":[0.0,5.45025]},"K2o":{"weight":1.0E-4,"played":[0.0019,0.9981],"evs":[0.0,9.04082]},"A2o":{"weight":0.0019,"played":[0.0,1.0],"evs":[0.0,11.25476]},"32s":{"weight":0.0025,"played":[5.0E-4,0.9995],"evs":[0.0,7.52811]},"33":{"weight":0.0978,"played":[3.0E-4,0.9997],"evs":[0.0,17.75346]},"43o":{"weight":0.0,"played":[0.001,0.999],"evs":[0.0,4.75529]},"53o":{"weight":6.0E-4,"played":[0.0,1.0],"evs":[0.0,9.0934]},"63o":{"weight":0.0,"played":[9.0E-4,0.9991],"evs":[0.0,5.94145]},"73o":{"weight":0.0,"played":[3.0E-4,0.9997],"evs":[0.0,4.29927]},"83o":{"weight":0.0,"played":[1.0E-4,0.9999],"evs":[0.0,8.86351]},"93o":{"weight":0.0,"played":[0.0023,0.9977],"evs":[0.0,5.99565]},"T3o":{"weight":2.0E-4,"played":[0.0019,0.9981],"evs":[0.0,7.05242]},"J3o":{"weight":0.0,"played":[0.0,1.0],"evs":[0.0,7.31099]},"Q3o":{"weight":0.0,"played":[0.001,0.999],"evs":[0.0,6.67559]},"K3o":{"weight":0.0,"played":[5.0E-4,0.9995],"evs":[0.0,9.68078]},"A3o":{"weight":2.0E-4,"played":[0.0025,0.9975],"evs":[0.0,10.79995]},"42s":{"weight":0.0246,"played":[0.0031,0.9969],"evs":[0.0,8.10666]},"43s":{"weight":0.0019,"played":[9.0E-4,0.9991],"evs":[0.0,7.69119]},"44":{"weight":0.3683,"played":[1.0E-4,0.9999],"evs":[0.0,14.4905]},"54o":{"weight":0.0016,"played":[0.0,1.0],"evs":[0.0,8.45985]},"64o":{"weight":1.0E-4,"played":[6.0E-4,0.9994],"evs":[0.0,9.10687]},"74o":{"weight":0.0,"played":[4.0E-4,0.9996],"evs":[0.0,8.99443]},"84o":{"weight":0.0,"played":[0.0,1.0],"evs":[0.0,8.92034]},"94o":{"weight":1.0E-4,"played":[0.0038,0.9962],"evs":[0.0,5.84543]},"T4o":{"weight":0.0,"played":[1.0E-4,0.9999],"evs":[0.0,7.88812]},"J4o":{"weight":3.0E-4,"played":[0.0,1.0],"evs":[0.0,8.76651]},"Q4o":{"weight":0.0015,"played":[0.0,1.0],"evs":[0.0,13.33218]},"K4o":{"weight":0.005,"played":[1.0E-4,0.9999],"evs":[0.0,6.72989]},"A4o":{"weight":0.0234,"played":[2.0E-4,0.9998],"evs":[0.0,11.84343]},"52s":{"weight":0.0,"played":[0.0237,0.9763],"evs":[0.0,12.55055]},"53s":{"weight":0.0769,"played":[9.0E-4,0.9991],"evs":[0.0,11.27263]},"54s":{"weight":0.0054,"played":[0.0,1.0],"evs":[0.0,6.96606]},"55":{"weight":0.0434,"played":[1.0E-4,0.9999],"evs":[0.0,19.51706]},"65o":{"weight":0.0,"played":[3.0E-4,0.9997],"evs":[0.0,11.60047]},"75o":{"weight":0.0075,"played":[1.0E-4,0.9999],"evs":[0.0,10.0186]},"85o":{"weight":8.0E-4,"played":[1.0E-4,0.9999],"evs":[0.0,8.19749]},"95o":{"weight":0.0,"played":[0.0,1.0],"evs":[0.0,6.76719]},"T5o":{"weight":0.001,"played":[0.0,1.0],"evs":[0.0,6.06731]},"J5o":{"weight":0.0,"played":[7.0E-4,0.9993],"evs":[0.0,8.33916]},"Q5o":{"weight":2.0E-4,"played":[0.0,1.0],"evs":[0.0,11.07635]},"K5o":{"weight":6.0E-4,"played":[0.0,1.0],"evs":[0.0,10.71424]},"A5o":{"weight":0.0611,"played":[0.0,1.0],"evs":[0.0,11.33429]},"62s":{"weight":0.0,"played":[0.0123,0.9877],"evs":[0.0,5.18673]},"63s":{"weight":0.0456,"played":[0.0054,0.9946],"evs":[0.0,15.51606]},"64s":{"weight":2.0E-4,"played":[0.0044,0.9956],"evs":[0.0,8.49858]},"65s":{"weight":0.0093,"played":[2.0E-4,0.9998],"evs":[0.0,10.50712]},"66":{"weight":0.4955,"played":[5.0E-4,0.9995],"evs":[0.0,18.94202]},"76o":{"weight":0.0029,"played":[0.0,1.0],"evs":[0.0,11.436]},"86o":{"weight":0.0,"played":[1.0E-4,0.9999],"evs":[0.0,8.65745]},"96o":{"weight":0.0,"played":[5.0E-4,0.9995],"evs":[0.0,8.3566]},"T6o":{"weight":7.0E-4,"played":[0.0,1.0],"evs":[0.0,11.68763]},"J6o":{"weight":0.0015,"played":[0.0,1.0],"evs":[0.0,7.72208]},"Q6o":{"weight":4.0E-4,"played":[0.0,1.0],"evs":[0.0,10.36671]},"K6o":{"weight":0.0,"played":[1.0E-4,0.9999],"evs":[0.0,10.45169]},"A6o":{"weight":0.0575,"played":[1.0E-4,0.9999],"evs":[0.0,12.24156]},"72s":{"weight":0.0,"played":[0.0678,0.9322],"evs":[0.0,5.45185]},"73s":{"weight":0.0056,"played":[0.0,1.0],"evs":[0.0,12.98683]},"74s":{"weight":0.0012,"played":[0.0039,0.9961],"evs":[0.0,8.91096]},"75s":{"weight":0.0181,"played":[0.0037,0.9963],"evs":[0.0,12.19338]},"76s":{"weight":0.0062,"played":[2.0E-4,0.9998],"evs":[0.0,14.75954]},"77":{"weight":0.3802,"played":[1.0E-4,0.9999],"evs":[0.0,19.36903]},"87o":{"weight":0.01,"played":[2.0E-4,0.9998],"evs":[0.0,11.78742]},"97o":{"weight":0.0066,"played":[1.0E-4,0.9999],"evs":[0.0,11.1026]},"T7o":{"weight":9.0E-4,"played":[0.0,1.0],"evs":[0.0,10.04232]},"J7o":{"weight":0.0,"played":[6.0E-4,0.9994],"evs":[0.0,9.45316]},"Q7o":{"weight":0.0,"played":[1.0E-4,0.9999],"evs":[0.0,12.18126]},"K7o":{"weight":0.0116,"played":[1.0E-4,0.9999],"evs":[0.0,11.62604]},"A7o":{"weight":0.1378,"played":[0.0,1.0],"evs":[0.0,13.257]},"82s":{"weight":0.0029,"played":[1.0E-4,0.9999],"evs":[0.0,15.20674]},"83s":{"weight":0.0,"played":[0.0297,0.9703],"evs":[0.0,10.4581]},"84s":{"weight":6.0E-4,"played":[4.0E-4,0.9996],"evs":[0.0,6.96676]},"85s":{"weight":3.0E-4,"played":[0.0059,0.9941],"evs":[0.0,13.65321]},"86s":{"weight":0.0062,"played":[0.0,1.0],"evs":[0.0,12.39505]},"87s":{"weight":0.5725,"played":[0.0,1.0],"evs":[0.0,15.27158]},"88":{"weight":0.4084,"played":[0.0,1.0],"evs":[0.0,24.65223]},"98o":{"weight":0.0426,"played":[0.0,1.0],"evs":[0.0,12.80298]},"T8o":{"weight":0.0216,"played":[0.0,1.0],"evs":[0.0,13.00628]},"J8o":{"weight":0.0031,"played":[0.0,1.0],"evs":[0.0,8.99712]},"Q8o":{"weight":0.0026,"played":[2.0E-4,0.9998],"evs":[0.0,10.5074]},"K8o":{"weight":0.001,"played":[1.0E-4,0.9999],"evs":[0.0,10.49337]},"A8o":{"weight":0.2696,"played":[0.0,1.0],"evs":[0.0,11.91754]},"92s":{"weight":0.0592,"played":[7.0E-4,0.9993],"evs":[0.0,15.86453]},"93s":{"weight":0.0012,"played":[5.0E-4,0.9995],"evs":[0.0,11.51432]},"94s":{"weight":0.0119,"played":[5.0E-4,0.9995],"evs":[0.0,11.21197]},"95s":{"weight":0.0321,"played":[1.0E-4,0.9999],"evs":[0.0,10.88224]},"96s":{"weight":0.4284,"played":[2.0E-4,0.9998],"evs":[0.0,10.59828]},"97s":{"weight":0.4335,"played":[0.0,1.0],"evs":[0.0,16.74017]},"98s":{"weight":0.7362,"played":[8.0E-4,0.9992],"evs":[0.0,14.41642]},"99":{"weight":0.8021,"played":[1.0E-4,0.9999],"evs":[0.0,27.2487]},"T9o":{"weight":0.1522,"played":[2.0E-4,0.9998],"evs":[0.0,14.47514]},"J9o":{"weight":0.0829,"played":[0.0,1.0],"evs":[0.0,12.70375]},"Q9o":{"weight":0.0761,"played":[0.0013,0.9987],"evs":[0.0,14.12403]},"K9o":{"weight":0.2729,"played":[4.0E-4,0.9996],"evs":[0.0,13.71987]},"A9o":{"weight":0.6408,"played":[1.0E-4,0.9999],"evs":[0.0,15.25184]},"T2s":{"weight":0.0185,"played":[8.0E-4,0.9992],"evs":[0.0,6.69286]},"T3s":{"weight":4.0E-4,"played":[8.0E-4,0.9992],"evs":[0.0,7.68018]},"T4s":{"weight":0.0066,"played":[0.0,1.0],"evs":[0.0,7.57627]},"T5s":{"weight":0.0463,"played":[0.003,0.997],"evs":[0.0,12.156]},"T6s":{"weight":0.0563,"played":[0.002,0.998],"evs":[0.0,10.21025]},"T7s":{"weight":0.1387,"played":[7.0E-4,0.9993],"evs":[0.0,15.30129]},"T8s":{"weight":0.7562,"played":[1.0E-4,0.9999],"evs":[0.0,18.39065]},"T9s":{"weight":0.7141,"played":[3.0E-4,0.9997],"evs":[0.0,15.11636]},"TT":{"weight":0.9855,"played":[0.0,1.0],"evs":[0.0,33.2234]},"JTo":{"weight":0.4644,"played":[1.0E-4,0.9999],"evs":[0.0,12.72338]},"QTo":{"weight":0.1065,"played":[0.0,1.0],"evs":[0.0,11.03941]},"KTo":{"weight":0.2885,"played":[0.0,1.0],"evs":[0.0,14.3984]},"ATo":{"weight":0.3346,"played":[0.0,1.0],"evs":[0.0,19.66487]},"J2s":{"weight":0.1587,"played":[0.0074,0.9926],"evs":[0.0,12.60594]},"J3s":{"weight":0.0064,"played":[0.0454,0.9546],"evs":[0.0,15.0869]},"J4s":{"weight":0.1366,"played":[0.0036,0.9964],"evs":[0.0,8.78111]},"J5s":{"weight":0.1474,"played":[0.0,1.0],"evs":[0.0,11.6108]},"J6s":{"weight":0.1914,"played":[0.0086,0.9914],"evs":[0.0,14.25411]},"J7s":{"weight":0.0021,"played":[7.0E-4,0.9993],"evs":[0.0,16.17233]},"J8s":{"weight":0.1398,"played":[1.0E-4,0.9999],"evs":[0.0,12.05437]},"J9s":{"weight":0.7218,"played":[0.0,1.0],"evs":[0.0,17.83282]},"JTs":{"weight":0.0826,"played":[8.0E-4,0.9992],"evs":[0.0,17.24534]},"JJ":{"weight":0.9462,"played":[2.0E-4,0.9998],"evs":[0.0,36.64962]},"QJo":{"weight":0.4628,"played":[1.0E-4,0.9999],"evs":[0.0,16.07435]},"KJo":{"weight":0.7781,"played":[0.0,1.0],"evs":[0.0,17.0042]},"AJo":{"weight":0.26,"played":[0.0,1.0],"evs":[0.0,20.45959]},"Q2s":{"weight":0.0604,"played":[6.0E-4,0.9994],"evs":[0.0,16.09779]},"Q3s":{"weight":0.0152,"played":[0.0,1.0],"evs":[0.0,11.65863]},"Q4s":{"weight":0.0694,"played":[7.0E-4,0.9993],"evs":[0.0,11.20781]},"Q5s":{"weight":0.0029,"played":[0.0,1.0],"evs":[0.0,10.25868]},"Q6s":{"weight":0.0601,"played":[2.0E-4,0.9998],"evs":[0.0,10.67082]},"Q7s":{"weight":0.1259,"played":[2.0E-4,0.9998],"evs":[0.0,11.25427]},"Q8s":{"weight":0.533,"played":[0.0,1.0],"evs":[0.0,13.32399]},"Q9s":{"weight":0.2396,"played":[0.0019,0.9981],"evs":[0.0,14.59543]},"QTs":{"weight":0.2829,"played":[1.0E-4,0.9999],"evs":[0.0,18.67246]},"QJs":{"weight":0.5765,"played":[1.0E-4,0.9999],"evs":[0.0,17.47375]},"QQ":{"weight":0.7725,"played":[0.0,1.0],"evs":[0.0,36.08058]},"KQo":{"weight":0.8625,"played":[1.0E-4,0.9999],"evs":[0.0,19.16057]},"AQo":{"weight":0.2959,"played":[0.0,1.0],"evs":[0.0,27.44765]},"K2s":{"weight":0.1562,"played":[0.0,1.0],"evs":[0.0,13.45708]},"K3s":{"weight":0.0273,"played":[1.0E-4,0.9999],"evs":[0.0,7.06645]},"K4s":{"weight":0.0774,"played":[2.0E-4,0.9998],"evs":[0.0,11.8852]},"K5s":{"weight":0.5575,"played":[0.0,1.0],"evs":[0.0,12.89992]},"K6s":{"weight":0.4167,"played":[9.0E-4,0.9991],"evs":[0.0,11.81766]},"K7s":{"weight":0.0382,"played":[3.0E-4,0.9997],"evs":[0.0,15.39161]},"K8s":{"weight":0.5087,"played":[2.0E-4,0.9998],"evs":[0.0,14.01576]},"K9s":{"weight":0.2183,"played":[4.0E-4,0.9996],"evs":[0.0,15.82227]},"KTs":{"weight":0.1706,"played":[0.0012,0.9988],"evs":[0.0,20.16189]},"KJs":{"weight":0.1669,"played":[0.0,1.0],"evs":[0.0,21.34526]},"KQs":{"weight":0.8456,"played":[1.0E-4,0.9999],"evs":[0.0,20.67637]},"KK":{"weight":0.2091,"played":[0.0,1.0],"evs":[0.0,38.59458]},"AKo":{"weight":0.4145,"played":[0.0,1.0],"evs":[0.0,23.43904]},"A2s":{"weight":0.3609,"played":[3.0E-4,0.9997],"evs":[0.0,16.37314]},"A3s":{"weight":0.3353,"played":[0.0,1.0],"evs":[0.0,15.84687]},"A4s":{"weight":0.1964,"played":[3.0E-4,0.9997],"evs":[0.0,13.9662]},"A5s":{"weight":0.1487,"played":[0.0,1.0],"evs":[0.0,14.209]},"A6s":{"weight":0.3968,"played":[3.0E-4,0.9997],"evs":[0.0,11.53524]},"A7s":{"weight":0.4636,"played":[2.0E-4,0.9998],"evs":[0.0,14.39548]},"A8s":{"weight":0.3136,"played":[0.0,1.0],"evs":[0.0,18.95403]},"A9s":{"weight":0.5427,"played":[2.0E-4,0.9998],"evs":[0.0,13.36251]},"ATs":{"weight":0.9608,"played":[0.0,1.0],"evs":[0.0,21.58698]},"AJs":{"weight":0.7521,"played":[8.0E-4,0.9992],"evs":[0.0,19.62719]},"AQs":{"weight":0.7097,"played":[1.0E-4,0.9999],"evs":[0.0,27.54088]},"AKs":{"weight":0.2736,"played":[2.0E-4,0.9998],"evs":[0.0,30.0456]},"AA":{"weight":0.7476,"played":[0.0,1.0],"evs":[0.0,50.52276]}}}