{"player":4,"street":0,"children":2,"sequence":[{"player":0,"type":"F","amount":0,"street":0},{"player":1,"type":"R","amount":1135000,"street":0},{"player":2,"type":"C","amount":795000,"street":0},{"player":3,"type":"R","amount":1975000,"street":0}],"actions":[{"type":"F","amount":0},{"type":"C","amount":1875000}],"hands":{"22":{"weight":1.0,"played":[0.3136,0.6864],"evs":[0.0,1.45706]},"32o":{"weight":1.0,"played":[1.0,0.0],"evs":[0.0,-6.42384]},"42o":{"weight":1.0,"played":[0.9968,0.0032],"evs":[0.0,-7.82039]},"52o":{"weight":1.0,"played":[0.9943,0.0057],"evs":[0.0,-7.36481]},"62o":{"weight":1.0,"played":[0.9907,0.0093],"evs":[0.0,-5.3568]},"72o":{"weight":1.0,"played":[0.9958,0.0042],"evs":[0.0,-10.26257]},"82o":{"weight":1.0,"played":[0.9977,0.0023],"evs":[0.0,-7.75894]},"92o":{"weight":1.0,"played":[0.963,0.037],"evs":[0.0,-5.41494]},"T2o":{"weight":1.0,"played":[0.9961,0.0039],"evs":[0.0,-5.79347]},"J2o":{"weight":1.0,"played":[0.9995,5.0E-4],"evs":[0.0,-6.2351]},"Q2o":{"weight":1.0,"played":[0.8537,0.1463],"evs":[0.0,-5.29078]},"K2o":{"weight":1.0,"played":[0.9611,0.0389],"evs":[0.0,-5.71256]},"A2o":{"weight":1.0,"played":[0.6768,0.3232],"evs":[0.0,0.08598]},"32s":{"weight":1.0,"played":[0.5956,0.4044],"evs":[0.0,0.12649]},"33":{"weight":1.0,"played":[0.0182,0.9818],"evs":[0.0,4.48542]},"43o":{"weight":1.0,"played":[0.9611,0.0389],"evs":[0.0,-5.24887]},"53o":{"weight":1.0,"played":[0.9298,0.0702],"evs":[0.0,-5.15759]},"63o":{"weight":1.0,"played":[0.9542,0.0458],"evs":[0.0,-4.06625]},"73o":{"weight":1.0,"played":[0.9957,0.0043],"evs":[0.0,-6.16803]},"83o":{"weight":1.0,"played":[0.9977,0.0023],"evs":[0.0,-10.15768]},"93o":{"weight":1.0,"played":[1.0,0.0],"evs":[0.0,-7.98311]},"T3o":{"weight":1.0,"played":[0.9998,2.0E-4],"evs":[0.0,-5.63834]},"J3o":{"weight":1.0,"played":[0.9787,0.0213],"evs":[0.0,-6.56441]},"Q3o":{"weight":1.0,"played":[0.9851,0.0149],"evs":[0.0,-4.96917]},"K3o":{"weight":1.0,"played":[0.7892,0.2108],"evs":[0.0,-0.14931]},"A3o":{"weight":1.0,"played":[0.8531,0.1469],"evs":[0.0,-3.36573]},"42s":{"weight":1.0,"played":[0.8423,0.1577],"evs":[0.0,-5.17277]},"43s":{"weight":1.0,"played":[0.6112,0.3888],"evs":[0.0,-0.60341]},"44":{"weight":1.0,"played":[0.0,1.0],"evs":[0.0,6.55299]},"54o":{"weight":1.0,"played":[0.9966,0.0034],"evs":[0.0,-3.6416]},"64o":{"weight":1.0,"played":[0.9539,0.0461],"evs":[0.0,-4.75451]},"74o":{"weight":1.0,"played":[0.8773,0.1227],"evs":[0.0,-5.71267]},"84o":{"weight":1.0,"played":[0.999,0.001],"evs":[0.0,-6.71758]},"94o":{"weight":1.0,"played":[0.8324,0.1676],"evs":[0.0,-4.61593]},"T4o":{"weight":1.0,"played":[0.9897,0.0103],"evs":[0.0,-11.27547]},"J4o":{"weight":1.0,"played":[1.0,0.0],"evs":[0.0,-8.66636]},"Q4o":{"weight":1.0,"played":[0.9834,0.0166],"evs":[0.0,-6.51804]},"K4o":{"weight":1.0,"played":[0.7633,0.2367],"evs":[0.0,-2.79544]},"A4o":{"weight":1.0,"played":[0.7705,0.2295],"evs":[0.0,-5.16232]},"52s":{"weight":1.0,"played":[0.8967,0.1033],"evs":[0.0,-1.43858]},"53s":{"weight":1.0,"played":[0.7955,0.2045],"evs":[0.0,-2.88499]},"54s":{"weight":1.0,"played":[0.0552,0.9448],"evs":[0.0,4.46655]},"55":{"weight":1.0,"played":[0.0118,0.9882],"evs":[0.0,7.41138]},"65o":{"weight":1.0,"played":[0.9692,0.0308],"evs":[0.0,-2.57085]},"75o":{"weight":1.0,"played":[0.7432,0.2568],"evs":[0.0,-1.28955]},"85o":{"weight":1.0,"played":[0.9478,0.0522],"evs":[0.0,-4.57187]},"95o":{"weight":1.0,"played":[0.996,0.004],"evs":[0.0,-4.61317]},"T5o":{"weight":1.0,"played":[0.9954,0.0046],"evs":[0.0,-6.95875]},"J5o":{"weight":1.0,"played":[0.9997,3.0E-4],"evs":[0.0,-1.99857]},"Q5o":{"weight":1.0,"played":[0.7973,0.2027],"evs":[0.0,-3.30337]},"K5o":{"weight":1.0,"played":[0.7465,0.2535],"evs":[0.0,-0.44574]},"A5o":{"weight":1.0,"played":[0.687,0.313],"evs":[0.0,-1.54788]},"62s":{"weight":1.0,"played":[0.9872,0.0128],"evs":[0.0,-3.80806]},"63s":{"weight":1.0,"played":[0.8543,0.1457],"evs":[0.0,-0.5085]},"64s":{"weight":1.0,"played":[0.0525,0.9475],"evs":[0.0,6.06677]},"65s":{"weight":1.0,"played":[0.6925,0.3075],"evs":[0.0,-1.64559]},"66":{"weight":1.0,"played":[6.0E-4,0.9994],"evs":[0.0,9.58062]},"76o":{"weight":1.0,"played":[0.9127,0.0873],"evs":[0.0,-1.53393]},"86o":{"weight":1.0,"played":[0.9992,8.0E-4],"evs":[0.0,-5.15061]},"96o":{"weight":1.0,"played":[0.9567,0.0433],"evs":[0.0,-4.23467]},"T6o":{"weight":1.0,"played":[0.9952,0.0048],"evs":[0.0,-5.22017]},"J6o":{"weight":1.0,"played":[0.9802,0.0198],"evs":[0.0,-3.96131]},"Q6o":{"weight":1.0,"played":[0.9976,0.0024],"evs":[0.0,-3.96904]},"K6o":{"weight":1.0,"played":[0.1188,0.8812],"evs":[0.0,-0.62359]},"A6o":{"weight":1.0,"played":[0.5781,0.4219],"evs":[0.0,-0.77185]},"72s":{"weight":1.0,"played":[0.9867,0.0133],"evs":[0.0,-6.16164]},"73s":{"weight":1.0,"played":[0.3933,0.6067],"evs":[0.0,-1.58749]},"74s":{"weight":1.0,"played":[0.9824,0.0176],"evs":[0.0,-3.35006]},"75s":{"weight":1.0,"played":[0.195,0.805],"evs":[0.0,3.60249]},"76s":{"weight":1.0,"played":[0.3556,0.6444],"evs":[0.0,-1.30356]},"77":{"weight":1.0,"played":[0.001,0.999],"evs":[0.0,11.79937]},"87o":{"weight":1.0,"played":[0.9821,0.0179],"evs":[0.0,-1.00708]},"97o":{"weight":1.0,"played":[0.821,0.179],"evs":[0.0,-3.13277]},"T7o":{"weight":1.0,"played":[0.9878,0.0122],"evs":[0.0,-4.13771]},"J7o":{"weight":1.0,"played":[0.9847,0.0153],"evs":[0.0,-4.15732]},"Q7o":{"weight":1.0,"played":[0.898,0.102],"evs":[0.0,-2.93919]},"K7o":{"weight":1.0,"played":[0.9414,0.0586],"evs":[0.0,-2.17274]},"A7o":{"weight":1.0,"played":[0.8052,0.1948],"evs":[0.0,-2.29917]},"82s":{"weight":1.0,"played":[0.7243,0.2757],"evs":[0.0,-3.48485]},"83s":{"weight":1.0,"played":[0.9769,0.0231],"evs":[0.0,-7.19658]},"84s":{"weight":1.0,"played":[0.8285,0.1715],"evs":[0.0,-7.14884]},"85s":{"weight":1.0,"played":[0.1767,0.8233],"evs":[0.0,-1.77258]},"86s":{"weight":1.0,"played":[0.9971,0.0029],"evs":[0.0,-2.53712]},"87s":{"weight":1.0,"played":[0.3228,0.6772],"evs":[0.0,6.22355]},"88":{"weight":1.0,"played":[0.0012,0.9988],"evs":[0.0,14.97368]},"98o":{"weight":1.0,"played":[0.7199,0.2801],"evs":[0.0,-0.78184]},"T8o":{"weight":1.0,"played":[0.704,0.296],"evs":[0.0,-2.76604]},"J8o":{"weight":1.0,"played":[0.916,0.084],"evs":[0.0,0.1938]},"Q8o":{"weight":1.0,"played":[0.5156,0.4844],"evs":[0.0,-0.33747]},"K8o":{"weight":1.0,"played":[0.0437,0.9563],"evs":[0.0,1.12911]},"A8o":{"weight":1.0,"played":[0.3155,0.6845],"evs":[0.0,0.10654]},"92s":{"weight":1.0,"played":[0.9969,0.0031],"evs":[0.0,-5.01011]},"93s":{"weight":1.0,"played":[0.9898,0.0102],"evs":[0.0,-1.68672]},"94s":{"weight":1.0,"played":[0.8998,0.1002],"evs":[0.0,-6.05902]},"95s":{"weight":1.0,"played":[0.7965,0.2035],"evs":[0.0,-6.03711]},"96s":{"weight":1.0,"played":[0.0856,0.9144],"evs":[0.0,2.86578]},"97s":{"weight":1.0,"played":[0.3237,0.6763],"evs":[0.0,0.72435]},"98s":{"weight":1.0,"played":[0.7331,0.2669],"evs":[0.0,0.28703]},"99":{"weight":1.0,"played":[0.0,1.0],"evs":[0.0,15.21218]},"T9o":{"weight":1.0,"played":[0.2951,0.7049],"evs":[0.0,-0.29229]},"J9o":{"weight":1.0,"played":[0.5265,0.4735],"evs":[0.0,-3.35316]},"Q9o":{"weight":1.0,"played":[0.8225,0.1775],"evs":[0.0,-3.36549]},"K9o":{"weight":1.0,"played":[0.0161,0.9839],"evs":[0.0,0.43976]},"A9o":{"weight":1.0,"played":[1.0E-4,0.9999],"evs":[0.0,2.84229]},"T2s":{"weight":1.0,"played":[0.5401,0.4599],"evs":[0.0,2.89954]},"T3s":{"weight":1.0,"played":[0.717,0.283],"evs":[0.0,-4.19473]},"T4s":{"weight":1.0,"played":[0.6497,0.3503],"evs":[0.0,-5.52658]},"T5s":{"weight":1.0,"played":[0.808,0.192],"evs":[0.0,-5.19209]},"T6s":{"weight":1.0,"played":[0.6242,0.3758],"evs":[0.0,0.70848]},"T7s":{"weight":1.0,"played":[0.7675,0.2325],"evs":[0.0,2.08106]},"T8s":{"weight":1.0,"played":[0.9885,0.0115],"evs":[0.0,-4.27429]},"T9s":{"weight":1.0,"played":[0.0873,0.9127],"evs":[0.0,8.42573]},"TT":{"weight":1.0,"played":[1.0E-4,0.9999],"evs":[0.0,19.00582]},"JTo":{"weight":1.0,"played":[0.0431,0.9569],"evs":[0.0,2.94533]},"QTo":{"weight":1.0,"played":[0.8183,0.1817],"evs":[0.0,-2.18559]},"KTo":{"weight":1.0,"played":[0.3399,0.6601],"evs":[0.0,2.95203]},"ATo":{"weight":1.0,"played":[0.0677,0.9323],"evs":[0.0,5.61126]},"J2s":{"weight":1.0,"played":[0.8566,0.1434],"evs":[0.0,-0.65025]},"J3s":{"weight":1.0,"played":[0.5623,0.4377],"evs":[0.0,-2.99442]},"J4s":{"weight":1.0,"played":[0.999,0.001],"evs":[0.0,-3.70749]},"J5s":{"weight":1.0,"played":[0.3211,0.6789],"evs":[0.0,2.37809]},"J6s":{"weight":1.0,"played":[0.8905,0.1095],"evs":[0.0,-8.3609]},"J7s":{"weight":1.0,"played":[0.0511,0.9489],"evs":[0.0,6.34024]},"J8s":{"weight":1.0,"played":[0.9189,0.0811],"evs":[0.0,-3.35829]},"J9s":{"weight":1.0,"played":[0.3651,0.6349],"evs":[0.0,2.51812]},"JTs":{"weight":1.0,"played":[0.1916,0.8084],"evs":[0.0,3.29197]},"JJ":{"weight":1.0,"played":[0.0,1.0],"evs":[0.0,14.45399]},"QJo":{"weight":1.0,"played":[0.6125,0.3875],"evs":[0.0,-3.81484]},"KJo":{"weight":1.0,"played":[2.0E-4,0.9998],"evs":[0.0,5.87463]},"AJo":{"weight":1.0,"played":[0.0012,0.9988],"evs":[0.0,6.47952]},"Q2s":{"weight":1.0,"played":[0.997,0.003],"evs":[0.0,-3.48322]},"Q3s":{"weight":1.0,"played":[0.9329,0.0671],"evs":[0.0,-8.43687]},"Q4s":{"weight":1.0,"played":[0.2525,0.7475],"evs":[0.0,-2.32306]},"Q5s":{"weight":1.0,"played":[0.174,0.826],"evs":[0.0,1.67693]},"Q6s":{"weight":1.0,"played":[0.9253,0.0747],"evs":[0.0,-8.78047]},"Q7s":{"weight":1.0,"played":[0.275,0.725],"evs":[0.0,2.88338]},"Q8s":{"weight":1.0,"played":[0.6019,0.3981],"evs":[0.0,-4.62917]},"Q9s":{"weight":1.0,"played":[0.1645,0.8355],"evs":[0.0,0.43757]},"QTs":{"weight":1.0,"played":[0.1107,0.8893],"evs":[0.0,0.6838]},"QJs":{"weight":1.0,"played":[0.7605,0.2395],"evs":[0.0,-1.44716]},"QQ":{"weight":1.0,"played":[0.0,1.0],"evs":[0.0,21.42352]},"KQo":{"weight":1.0,"played":[0.0203,0.9797],"evs":[0.0,0.85189]},"AQo":{"weight":1.0,"played":[9.0E-4,0.9991],"evs":[0.0,10.78057]},"K2s":{"weight":1.0,"played":[0.8971,0.1029],"evs":[0.0,-3.80718]},"K3s":{"weight":1.0,"played":[0.0784,0.9216],"evs":[0.0,1.4713]},"K4s":{"weight":1.0,"played":[0.0012,0.9988],"evs":[0.0,2.1218]},"K5s":{"weight":1.0,"played":[0.3514,0.6486],"evs":[0.0,-1.89771]},"K6s":{"weight":1.0,"played":[0.1044,0.8956],"evs":[0.0,8.05248]},"K7s":{"weight":1.0,"played":[0.209,0.791],"evs":[0.0,1.79857]},"K8s":{"weight":1.0,"played":[0.0645,0.9355],"evs":[0.0,6.28436]},"K9s":{"weight":1.0,"played":[9.0E-4,0.9991],"evs":[0.0,11.22981]},"KTs":{"weight":1.0,"played":[0.1284,0.8716],"evs":[0.0,3.08415]},"KJs":{"weight":1.0,"played":[0.0,1.0],"evs":[0.0,6.39021]},"KQs":{"weight":1.0,"played":[6.0E-4,0.9994],"evs":[0.0,8.97697]},"KK":{"weight":1.0,"played":[0.0,1.0],"evs":[0.0,27.62825]},"AKo":{"weight":1.0,"played":[0.0,1.0],"evs":[0.0,10.61875]},"A2s":{"weight":1.0,"played":[0.1963,0.8037],"evs":[0.0,4.38097]},"A3s":{"weight":1.0,"played":[0.1604,0.8396],"evs":[0.0,0.62341]},"A4s":{"weight":1.0,"played":[0.2986,0.7014],"evs":[0.0,3.44804]},"A5s":{"weight":1.0,"played":[0.076,0.924],"evs":[0.0,7.26202]},"A6s":{"weight":1.0,"played":[0.0383,0.9617],"evs":[0.0,2.31104]},"A7s":{"weight":1.0,"played":[0.0232,0.9768],"evs":[0.0,4.94276]},"A8s":{"weight":1.0,"played":[0.1203,0.8797],"evs":[0.0,11.90354]},"A9s":{"weight":1.0,"played":[0.0324,0.9676],"evs":[0.0,9.81396]},"ATs":{"weight":1.0,"played":[0.0032,0.9968],"evs":[0.0,11.23613]},"AJs":{"weight":1.0,"played":[0.2572,0.7428],"evs":[0.0,6.15694]},"AQs":{"weight":1.0,"played":[0.0021,0.9979],"evs":[0.0,13.646]},"AKs":{"weight":1.0,"played":[0.0,1.0],"evs":[0.0,15.35154]},"AA":{"weight":1.0,"played":[0.0,1.0],"evs":[0.0,39.23127]}}}