{"player":3,"street":0,"children":3,"sequence":[{"player":0,"type":"R","amount":945000,"street":0},{"player":1,"type":"F","amount":0,"street":0},{"player":2,"type":"F","amount":0,"street":0}],"actions":[{"type":"F","amount":0,"node":34},{"type":"C","amount":895000,"node":35},{"type":"R","amount":1975000,"node":37}],"hands":{"22":{"weight":1.0,"played":[0.0065,0.0135,0.98],"evs":[0.0,0.45204,0.49785]},"32o":{"weight":1.0,"played":[1.0,0.0,0.0],"evs":[0.0,-5.02878,-5.14075]},"42o":{"weight":1.0,"played":[1.0,0.0,0.0],"evs":[0.0,-4.69747,-4.83413]},"52o":{"weight":1.0,"played":[1.0,0.0,0.0],"evs":[0.0,-4.25085,-4.29626]},"62o":{"weight":1.0,"played":[1.0,0.0,0.0],"evs":[0.0,-4.7762,-4.83103]},"72o":{"weight":1.0,"played":[1.0,0.0,0.0],"evs":[0.0,-5.06689,-5.10918]},"82o":{"weight":1.0,"played":[1.0,0.0,0.0],"evs":[0.0,-4.73231,-4.76719]},"92o":{"weight":1.0,"played":[1.0,0.0,0.0],"evs":[0.0,-4.5616,-4.58037]},"T2o":{"weight":1.0,"played":[1.0,0.0,0.0],"evs":[0.0,-4.27059,-4.31936]},"J2o":{"weight":1.0,"played":[1.0,0.0,0.0],"evs":[0.0,-4.13693,-4.12424]},"Q2o":{"weight":1.0,"played":[1.0,0.0,0.0],"evs":[0.0,-3.8193,-3.77615]},"K2o":{"weight":1.0,"played":[1.0,0.0,0.0],"evs":[0.0,-3.05813,-3.09018]},"A2o":{"weight":1.0,"played":[0.9931,5.0E-4,0.0064],"evs":[0.0,-0.95083,-0.95662]},"32s":{"weight":1.0,"played":[0.9995,2.0E-4,3.0E-4],"evs":[0.0,-2.88508,-3.00599]},"33":{"weight":1.0,"played":[0.0041,0.0503,0.9456],"evs":[0.0,0.52342,0.68689]},"43o":{"weight":1.0,"played":[1.0,0.0,0.0],"evs":[0.0,-4.05127,-4.09741]},"53o":{"weight":1.0,"played":[1.0,0.0,0.0],"evs":[0.0,-3.78304,-3.85282]},"63o":{"weight":1.0,"played":[1.0,0.0,0.0],"evs":[0.0,-3.94984,-4.00719]},"73o":{"weight":1.0,"played":[1.0,0.0,0.0],"evs":[0.0,-4.60614,-4.74413]},"83o":{"weight":1.0,"played":[1.0,0.0,0.0],"evs":[0.0,-4.30509,-4.43776]},"93o":{"weight":1.0,"played":[1.0,0.0,0.0],"evs":[0.0,-4.38164,-4.44808]},"T3o":{"weight":1.0,"played":[1.0,0.0,0.0],"evs":[0.0,-4.20444,-4.32349]},"J3o":{"weight":1.0,"played":[1.0,0.0,0.0],"evs":[0.0,-3.80388,-3.81063]},"Q3o":{"weight":1.0,"played":[1.0,0.0,0.0],"evs":[0.0,-3.52623,-3.37571]},"K3o":{"weight":1.0,"played":[0.9999,0.0,1.0E-4],"evs":[0.0,-2.92451,-2.93819]},"A3o":{"weight":1.0,"played":[0.9638,0.0114,0.0248],"evs":[0.0,-0.77095,-0.85321]},"42s":{"weight":1.0,"played":[0.9999,0.0,1.0E-4],"evs":[0.0,-2.75254,-3.09318]},"43s":{"weight":1.0,"played":[0.9985,0.0,0.0015],"evs":[0.0,-2.5714,-2.46456]},"44":{"weight":1.0,"played":[0.0,0.7888,0.2112],"evs":[0.0,1.89907,1.91903]},"54o":{"weight":1.0,"played":[1.0,0.0,0.0],"evs":[0.0,-3.29107,-3.33251]},"64o":{"weight":1.0,"played":[1.0,0.0,0.0],"evs":[0.0,-3.47271,-3.54734]},"74o":{"weight":1.0,"played":[1.0,0.0,0.0],"evs":[0.0,-3.46214,-3.47163]},"84o":{"weight":1.0,"played":[1.0,0.0,0.0],"evs":[0.0,-4.03235,-4.09129]},"94o":{"weight":1.0,"played":[1.0,0.0,0.0],"evs":[0.0,-4.43529,-4.44249]},"T4o":{"weight":1.0,"played":[1.0,0.0,0.0],"evs":[0.0,-4.2225,-4.21655]},"J4o":{"weight":1.0,"played":[0.9999,1.0E-4,0.0],"evs":[0.0,-3.78527,-3.7679]},"Q4o":{"weight":1.0,"played":[1.0,0.0,0.0],"evs":[0.0,-3.42609,-3.41648]},"K4o":{"weight":1.0,"played":[0.9996,1.0E-4,3.0E-4],"evs":[0.0,-2.76281,-2.77223]},"A4o":{"weight":1.0,"played":[0.9878,0.0107,0.0014],"evs":[0.0,-0.17354,-0.1815]},"52s":{"weight":1.0,"played":[0.9999,0.0,1.0E-4],"evs":[0.0,-3.08914,-3.05268]},"53s":{"weight":1.0,"played":[1.0,0.0,0.0],"evs":[0.0,-2.53122,-2.60448]},"54s":{"weight":1.0,"played":[0.9998,2.0E-4,0.0],"evs":[0.0,-1.91015,-1.98304]},"55":{"weight":1.0,"played":[0.0,0.8725,0.1275],"evs":[0.0,2.71027,2.65139]},"65o":{"weight":1.0,"played":[1.0,0.0,0.0],"evs":[0.0,-2.40596,-2.50525]},"75o":{"weight":1.0,"played":[1.0,0.0,0.0],"evs":[0.0,-3.1582,-3.18246]},"85o":{"weight":1.0,"played":[1.0,0.0,0.0],"evs":[0.0,-3.66714,-3.58883]},"95o":{"weight":1.0,"played":[1.0,0.0,0.0],"evs":[0.0,-3.61065,-3.66218]},"T5o":{"weight":1.0,"played":[1.0,0.0,0.0],"evs":[0.0,-3.76888,-3.78098]},"J5o":{"weight":1.0,"played":[1.0,0.0,0.0],"evs":[0.0,-3.81843,-3.85104]},"Q5o":{"weight":1.0,"played":[1.0,0.0,0.0],"evs":[0.0,-3.39475,-3.31353]},"K5o":{"weight":1.0,"played":[0.9999,0.0,1.0E-4],"evs":[0.0,-2.5146,-2.49231]},"A5o":{"weight":1.0,"played":[0.8843,0.0025,0.1132],"evs":[0.0,-0.28776,-0.28747]},"62s":{"weight":1.0,"played":[1.0,0.0,0.0],"evs":[0.0,-3.10464,-3.11933]},"63s":{"weight":1.0,"played":[1.0,0.0,0.0],"evs":[0.0,-2.55902,-2.6636]},"64s":{"weight":1.0,"played":[0.9993,3.0E-4,3.0E-4],"evs":[0.0,-2.35055,-2.30177]},"65s":{"weight":1.0,"played":[0.9996,2.0E-4,2.0E-4],"evs":[0.0,-1.96378,-2.08411]},"66":{"weight":1.0,"played":[0.0,0.9974,0.0026],"evs":[0.0,3.3327,3.24324]},"76o":{"weight":1.0,"played":[1.0,0.0,0.0],"evs":[0.0,-2.46249,-2.61291]},"86o":{"weight":1.0,"played":[0.9999,0.0,0.0],"evs":[0.0,-2.74384,-2.71248]},"96o":{"weight":1.0,"played":[1.0,0.0,0.0],"evs":[0.0,-2.95286,-2.89926]},"T6o":{"weight":1.0,"played":[0.9999,0.0,0.0],"evs":[0.0,-3.25653,-3.32404]},"J6o":{"weight":1.0,"played":[1.0,0.0,0.0],"evs":[0.0,-3.43686,-3.47635]},"Q6o":{"weight":1.0,"played":[0.9999,0.0,0.0],"evs":[0.0,-2.71773,-2.65463]},"K6o":{"weight":1.0,"played":[0.9999,0.0,1.0E-4],"evs":[0.0,-2.08648,-2.10712]},"A6o":{"weight":1.0,"played":[0.9881,0.0114,5.0E-4],"evs":[0.0,-0.25405,-0.12925]},"72s":{"weight":1.0,"played":[1.0,0.0,0.0],"evs":[0.0,-3.67094,-3.74264]},"73s":{"weight":1.0,"played":[0.9999,0.0,0.0],"evs":[0.0,-3.38503,-3.38812]},"74s":{"weight":1.0,"played":[0.9998,2.0E-4,0.0],"evs":[0.0,-2.19122,-2.22308]},"75s":{"weight":1.0,"played":[0.9889,0.0015,0.0096],"evs":[0.0,-1.30272,-1.08688]},"76s":{"weight":1.0,"played":[0.9951,9.0E-4,0.004],"evs":[0.0,-1.18865,-1.07174]},"77":{"weight":1.0,"played":[0.0,8.0E-4,0.9992],"evs":[0.0,4.57304,4.78483]},"87o":{"weight":1.0,"played":[1.0,0.0,0.0],"evs":[0.0,-2.53064,-2.48647]},"97o":{"weight":1.0,"played":[1.0,0.0,0.0],"evs":[0.0,-2.68681,-2.64466]},"T7o":{"weight":1.0,"played":[0.9984,0.0015,2.0E-4],"evs":[0.0,-2.88736,-2.91035]},"J7o":{"weight":1.0,"played":[1.0,0.0,0.0],"evs":[0.0,-2.93353,-2.92853]},"Q7o":{"weight":1.0,"played":[0.9997,1.0E-4,2.0E-4],"evs":[0.0,-2.66534,-2.63974]},"K7o":{"weight":1.0,"played":[0.9996,3.0E-4,1.0E-4],"evs":[0.0,-2.05081,-2.05404]},"A7o":{"weight":1.0,"played":[2.0E-4,0.5622,0.4376],"evs":[0.0,0.80995,0.85066]},"82s":{"weight":1.0,"played":[0.9999,0.0,1.0E-4],"evs":[0.0,-3.44026,-3.52868]},"83s":{"weight":1.0,"played":[1.0,0.0,0.0],"evs":[0.0,-3.10484,-3.02989]},"84s":{"weight":1.0,"played":[0.9999,0.0,1.0E-4],"evs":[0.0,-2.54528,-2.46104]},"85s":{"weight":1.0,"played":[0.9977,0.0018,5.0E-4],"evs":[0.0,-2.34026,-2.3533]},"86s":{"weight":1.0,"played":[0.9959,0.0041,0.0],"evs":[0.0,-0.91708,-1.08201]},"87s":{"weight":1.0,"played":[0.9983,0.0014,3.0E-4],"evs":[0.0,-0.71547,-0.80864]},"88":{"weight":1.0,"played":[0.0,0.0657,0.9343],"evs":[0.0,4.43467,4.64668]},"98o":{"weight":1.0,"played":[1.0,0.0,0.0],"evs":[0.0,-1.90198,-2.00184]},"T8o":{"weight":1.0,"played":[0.9999,0.0,0.0],"evs":[0.0,-2.19545,-2.28782]},"J8o":{"weight":1.0,"played":[0.9996,3.0E-4,1.0E-4],"evs":[0.0,-2.21848,-2.20822]},"Q8o":{"weight":1.0,"played":[0.9999,1.0E-4,1.0E-4],"evs":[0.0,-2.02475,-1.99608]},"K8o":{"weight":1.0,"played":[0.9982,2.0E-4,0.0016],"evs":[0.0,-1.94147,-1.9201]},"A8o":{"weight":1.0,"played":[0.0,0.5923,0.4077],"evs":[0.0,1.57455,1.56149]},"92s":{"weight":1.0,"played":[0.9999,1.0E-4,0.0],"evs":[0.0,-3.34196,-3.46048]},"93s":{"weight":1.0,"played":[0.9999,0.0,1.0E-4],"evs":[0.0,-3.06197,-3.12098]},"94s":{"weight":1.0,"played":[1.0,0.0,0.0],"evs":[0.0,-2.46336,-2.41747]},"95s":{"weight":1.0,"played":[1.0,0.0,0.0],"evs":[0.0,-2.32282,-2.23149]},"96s":{"weight":1.0,"played":[0.9932,0.0047,0.0021],"evs":[0.0,-1.57987,-1.6922]},"97s":{"weight":1.0,"played":[0.9982,1.0E-4,0.0017],"evs":[0.0,-0.88817,-0.76543]},"98s":{"weight":1.0,"played":[0.9749,2.0E-4,0.0249],"evs":[0.0,-0.93558,-1.00804]},"99":{"weight":1.0,"played":[0.0,0.0954,0.9046],"evs":[0.0,6.74973,6.90203]},"T9o":{"weight":1.0,"played":[0.9997,3.0E-4,0.0],"evs":[0.0,-1.50996,-1.4895]},"J9o":{"weight":1.0,"played":[1.0,0.0,0.0],"evs":[0.0,-1.56345,-1.61306]},"Q9o":{"weight":1.0,"played":[0.9994,6.0E-4,1.0E-4],"evs":[0.0,-1.46223,-1.48033]},"K9o":{"weight":1.0,"played":[0.9539,0.0431,0.003],"evs":[0.0,-1.02023,-1.02877]},"A9o":{"weight":1.0,"played":[0.0,0.519,0.481],"evs":[0.0,2.36062,2.373]},"T2s":{"weight":1.0,"played":[0.9992,0.0,8.0E-4],"evs":[0.0,-2.72322,-2.81583]},"T3s":{"weight":1.0,"played":[1.0,0.0,0.0],"evs":[0.0,-2.71493,-2.7013]},"T4s":{"weight":1.0,"played":[0.9998,1.0E-4,1.0E-4],"evs":[0.0,-2.35154,-2.42227]},"T5s":{"weight":1.0,"played":[1.0,0.0,0.0],"evs":[0.0,-2.37853,-2.30368]},"T6s":{"weight":1.0,"played":[0.999,3.0E-4,7.0E-4],"evs":[0.0,-1.51269,-1.53512]},"T7s":{"weight":1.0,"played":[1.0,0.0,0.0],"evs":[0.0,-1.4386,-1.4821]},"T8s":{"weight":1.0,"played":[0.9969,0.0025,6.0E-4],"evs":[0.0,-0.49642,-0.68518]},"T9s":{"weight":1.0,"played":[0.6355,0.1677,0.1967],"evs":[0.0,-0.15431,-0.20818]},"TT":{"weight":1.0,"played":[0.0,0.8678,0.1322],"evs":[0.0,8.21817,8.16488]},"JTo":{"weight":1.0,"played":[0.9976,0.0014,0.0011],"evs":[0.0,-0.96834,-0.92594]},"QTo":{"weight":1.0,"played":[0.9415,0.0054,0.0532],"evs":[0.0,-0.70138,-0.6223]},"KTo":{"weight":1.0,"played":[0.2561,0.3741,0.3698],"evs":[0.0,-0.18161,-0.15233]},"ATo":{"weight":1.0,"played":[0.0,0.2852,0.7148],"evs":[0.0,3.79861,3.87687]},"J2s":{"weight":1.0,"played":[0.9998,1.0E-4,1.0E-4],"evs":[0.0,-2.70921,-2.66958]},"J3s":{"weight":1.0,"played":[0.9999,1.0E-4,0.0],"evs":[0.0,-1.95637,-2.08863]},"J4s":{"weight":1.0,"played":[1.0,0.0,0.0],"evs":[0.0,-2.11759,-2.16964]},"J5s":{"weight":1.0,"played":[0.996,1.0E-4,0.0039],"evs":[0.0,-2.00428,-1.87013]},"J6s":{"weight":1.0,"played":[0.9994,0.0,6.0E-4],"evs":[0.0,-2.07708,-2.08014]},"J7s":{"weight":1.0,"played":[1.0,0.0,0.0],"evs":[0.0,-1.59997,-1.44767]},"J8s":{"weight":1.0,"played":[0.9999,1.0E-4,1.0E-4],"evs":[0.0,-1.07509,-1.01491]},"J9s":{"weight":1.0,"played":[0.6652,0.0773,0.2576],"evs":[0.0,-0.69045,-0.48558]},"JTs":{"weight":1.0,"played":[0.0037,0.3081,0.6883],"evs":[0.0,0.20839,0.25181]},"JJ":{"weight":1.0,"played":[0.0,0.5531,0.4469],"evs":[0.0,9.71868,9.68199]},"QJo":{"weight":1.0,"played":[0.4742,0.2359,0.2899],"evs":[0.0,-0.12723,-0.08848]},"KJo":{"weight":1.0,"played":[0.0,0.5959,0.4041],"evs":[0.0,0.86712,0.81466]},"AJo":{"weight":1.0,"played":[0.0,0.2161,0.7839],"evs":[0.0,5.23245,5.26391]},"Q2s":{"weight":1.0,"played":[0.9999,1.0E-4,0.0],"evs":[0.0,-2.38491,-2.41161]},"Q3s":{"weight":1.0,"played":[0.9985,7.0E-4,8.0E-4],"evs":[0.0,-2.05005,-2.04373]},"Q4s":{"weight":1.0,"played":[0.9996,2.0E-4,1.0E-4],"evs":[0.0,-2.31646,-2.41389]},"Q5s":{"weight":1.0,"played":[0.9987,6.0E-4,7.0E-4],"evs":[0.0,-2.06343,-2.08492]},"Q6s":{"weight":1.0,"played":[0.9824,0.0077,0.0099],"evs":[0.0,-1.86485,-1.73305]},"Q7s":{"weight":1.0,"played":[0.9976,0.0011,0.0013],"evs":[0.0,-1.65998,-1.72956]},"Q8s":{"weight":1.0,"played":[0.8134,0.0146,0.172],"evs":[0.0,-1.20697,-1.15717]},"Q9s":{"weight":1.0,"played":[0.0244,0.9592,0.0163],"evs":[0.0,0.19368,0.16643]},"QTs":{"weight":1.0,"played":[4.0E-4,0.5402,0.4593],"evs":[0.0,0.64392,0.73492]},"QJs":{"weight":1.0,"played":[1.0E-4,0.7063,0.2936],"evs":[0.0,1.49766,1.39763]},"QQ":{"weight":1.0,"played":[0.0,0.6704,0.3296],"evs":[0.0,11.40305,11.40261]},"KQo":{"weight":1.0,"played":[0.0,0.7924,0.2076],"evs":[0.0,1.90417,1.89721]},"AQo":{"weight":1.0,"played":[0.0,0.8353,0.1647],"evs":[0.0,6.38862,6.29442]},"K2s":{"weight":1.0,"played":[0.9985,0.0011,4.0E-4],"evs":[0.0,-1.93239,-1.78655]},"K3s":{"weight":1.0,"played":[0.9995,2.0E-4,3.0E-4],"evs":[0.0,-1.16013,-1.31534]},"K4s":{"weight":1.0,"played":[0.9996,2.0E-4,1.0E-4],"evs":[0.0,-0.80279,-0.85721]},"K5s":{"weight":1.0,"played":[0.9931,0.0048,0.002],"evs":[0.0,-0.99651,-1.07259]},"K6s":{"weight":1.0,"played":[0.9975,0.0017,8.0E-4],"evs":[0.0,-0.58619,-0.59177]},"K7s":{"weight":1.0,"played":[0.7494,0.1457,0.1049],"evs":[0.0,-0.1503,-0.32128]},"K8s":{"weight":1.0,"played":[0.6203,0.2403,0.1395],"evs":[0.0,-0.44469,-0.60793]},"K9s":{"weight":1.0,"played":[0.7643,0.1684,0.0672],"evs":[0.0,-0.10554,-0.15672]},"KTs":{"weight":1.0,"played":[0.0,0.0769,0.9231],"evs":[0.0,1.54556,1.81856]},"KJs":{"weight":1.0,"played":[0.0,0.0195,0.9805],"evs":[0.0,2.56468,2.63815]},"KQs":{"weight":1.0,"played":[0.0,0.8371,0.1628],"evs":[0.0,2.6929,2.49854]},"KK":{"weight":1.0,"played":[0.0,0.1312,0.8688],"evs":[0.0,13.0268,12.99152]},"AKo":{"weight":1.0,"played":[0.0,0.5308,0.4692],"evs":[0.0,7.90872,7.96851]},"A2s":{"weight":1.0,"played":[0.1238,0.5171,0.3591],"evs":[0.0,0.37885,0.32452]},"A3s":{"weight":1.0,"played":[3.0E-4,0.4955,0.5042],"evs":[0.0,1.04049,0.97336]},"A4s":{"weight":1.0,"played":[8.0E-4,0.3074,0.6918],"evs":[0.0,0.57071,0.64569]},"A5s":{"weight":1.0,"played":[3.0E-4,0.3775,0.6222],"evs":[0.0,0.98426,0.90704]},"A6s":{"weight":1.0,"played":[1.0E-4,0.0337,0.9662],"evs":[0.0,1.35282,1.579]},"A7s":{"weight":1.0,"played":[2.0E-4,0.9843,0.0155],"evs":[0.0,2.08166,1.98356]},"A8s":{"weight":1.0,"played":[0.0,0.3117,0.6883],"evs":[0.0,2.806,2.85339]},"A9s":{"weight":1.0,"played":[0.0,0.7744,0.2256],"evs":[0.0,4.18769,4.17048]},"ATs":{"weight":1.0,"played":[0.0,0.0111,0.9889],"evs":[0.0,4.94807,5.11505]},"AJs":{"weight":1.0,"played":[0.0,0.6055,0.3945],"evs":[0.0,6.10344,6.07662]},"AQs":{"weight":1.0,"played":[0.0,0.0559,0.9441],"evs":[0.0,7.05894,7.18412]},"AKs":{"weight":1.0,"played":[0.0,0.9868,0.0132],"evs":[0.0,8.60849,8.5169]},"AA":{"weight":1.0,"played":[0.0,0.5661,0.4339],"evs":[0.0,17.21216,17.04731]}}}