{"player":4,"street":0,"children":2,"sequence":[{"player":0,"type":"R","amount":945000,"street":0},{"player":1,"type":"F","amount":0,"street":0},{"player":2,"type":"C","amount":795000,"street":0},{"player":3,"type":"F","amount":0,"street":0}],"actions":[{"type":"F","amount":0},{"type":"C","amount":845000}],"hands":{"22":{"weight":1.0,"played":[0.026,0.974],"evs":[0.0,2.10101]},"32o":{"weight":1.0,"played":[0.9986,0.0014],"evs":[0.0,-2.9869]},"42o":{"weight":1.0,"played":[0.9995,5.0E-4],"evs":[0.0,-2.39781]},"52o":{"weight":1.0,"played":[0.9999,1.0E-4],"evs":[0.0,-2.07607]},"62o":{"weight":1.0,"played":[0.9984,0.0016],"evs":[0.0,-1.54054]},"72o":{"weight":1.0,"played":[0.9954,0.0046],"evs":[0.0,-2.85854]},"82o":{"weight":1.0,"played":[0.9985,0.0015],"evs":[0.0,-2.86936]},"92o":{"weight":1.0,"played":[0.9962,0.0038],"evs":[0.0,-2.82164]},"T2o":{"weight":1.0,"played":[0.9915,0.0085],"evs":[0.0,-2.19133]},"J2o":{"weight":1.0,"played":[0.9992,8.0E-4],"evs":[0.0,-2.66542]},"Q2o":{"weight":1.0,"played":[0.9984,0.0016],"evs":[0.0,-1.97684]},"K2o":{"weight":1.0,"played":[0.9909,0.0091],"evs":[0.0,-1.62062]},"A2o":{"weight":1.0,"played":[0.993,0.007],"evs":[0.0,-1.71167]},"32s":{"weight":1.0,"played":[0.0707,0.9293],"evs":[0.0,0.4575]},"33":{"weight":1.0,"played":[3.0E-4,0.9997],"evs":[0.0,3.21403]},"43o":{"weight":1.0,"played":[0.9959,0.0041],"evs":[0.0,-2.14247]},"53o":{"weight":1.0,"played":[0.9934,0.0066],"evs":[0.0,-0.66003]},"63o":{"weight":1.0,"played":[0.9878,0.0122],"evs":[0.0,-2.14642]},"73o":{"weight":1.0,"played":[0.9953,0.0047],"evs":[0.0,-1.26947]},"83o":{"weight":1.0,"played":[0.9811,0.0189],"evs":[0.0,-2.71835]},"93o":{"weight":1.0,"played":[0.998,0.002],"evs":[0.0,-2.37751]},"T3o":{"weight":1.0,"played":[0.9915,0.0085],"evs":[0.0,-2.22202]},"J3o":{"weight":1.0,"played":[0.9594,0.0406],"evs":[0.0,-1.34182]},"Q3o":{"weight":1.0,"played":[0.993,0.007],"evs":[0.0,-2.21384]},"K3o":{"weight":1.0,"played":[0.8521,0.1479],"evs":[0.0,-0.93911]},"A3o":{"weight":1.0,"played":[0.785,0.215],"evs":[0.0,-1.44765]},"42s":{"weight":1.0,"played":[0.9872,0.0128],"evs":[0.0,-1.12701]},"43s":{"weight":1.0,"played":[0.8503,0.1497],"evs":[0.0,-0.66694]},"44":{"weight":1.0,"played":[0.0011,0.9989],"evs":[0.0,3.61269]},"54o":{"weight":1.0,"played":[0.9874,0.0126],"evs":[0.0,-0.71642]},"64o":{"weight":1.0,"played":[0.6935,0.3065],"evs":[0.0,0.06642]},"74o":{"weight":1.0,"played":[0.9669,0.0331],"evs":[0.0,-2.07165]},"84o":{"weight":1.0,"played":[0.9998,2.0E-4],"evs":[0.0,-2.1471]},"94o":{"weight":1.0,"played":[0.9999,1.0E-4],"evs":[0.0,-2.61433]},"T4o":{"weight":1.0,"played":[0.9943,0.0057],"evs":[0.0,-1.94129]},"J4o":{"weight":1.0,"played":[0.9471,0.0529],"evs":[0.0,-1.88484]},"Q4o":{"weight":1.0,"played":[0.994,0.006],"evs":[0.0,-1.86079]},"K4o":{"weight":1.0,"played":[0.992,0.008],"evs":[0.0,-1.37154]},"A4o":{"weight":1.0,"played":[0.783,0.217],"evs":[0.0,-0.44746]},"52s":{"weight":1.0,"played":[0.6934,0.3066],"evs":[0.0,-0.51785]},"53s":{"weight":1.0,"played":[0.3429,0.6571],"evs":[0.0,0.8858]},"54s":{"weight":1.0,"played":[0.0778,0.9222],"evs":[0.0,0.91658]},"55":{"weight":1.0,"played":[3.0E-4,0.9997],"evs":[0.0,2.824]},"65o":{"weight":1.0,"played":[0.4937,0.5063],"evs":[0.0,0.18883]},"75o":{"weight":1.0,"played":[0.8372,0.1628],"evs":[0.0,-0.92774]},"85o":{"weight":1.0,"played":[0.9039,0.0961],"evs":[0.0,-0.94551]},"95o":{"weight":1.0,"played":[1.0,0.0],"evs":[0.0,-1.67889]},"T5o":{"weight":1.0,"played":[0.9995,5.0E-4],"evs":[0.0,-1.93374]},"J5o":{"weight":1.0,"played":[0.9836,0.0164],"evs":[0.0,-1.25452]},"Q5o":{"weight":1.0,"played":[0.9994,6.0E-4],"evs":[0.0,-0.37892]},"K5o":{"weight":1.0,"played":[0.9857,0.0143],"evs":[0.0,-1.72959]},"A5o":{"weight":1.0,"played":[0.875,0.125],"evs":[0.0,-0.87413]},"62s":{"weight":1.0,"played":[0.9609,0.0391],"evs":[0.0,-0.92835]},"63s":{"weight":1.0,"played":[0.4769,0.5231],"evs":[0.0,-0.183]},"64s":{"weight":1.0,"played":[0.031,0.969],"evs":[0.0,1.33659]},"65s":{"weight":1.0,"played":[0.0017,0.9983],"evs":[0.0,2.11051]},"66":{"weight":1.0,"played":[0.004,0.996],"evs":[0.0,4.8698]},"76o":{"weight":1.0,"played":[0.1583,0.8417],"evs":[0.0,-0.23396]},"86o":{"weight":1.0,"played":[0.5728,0.4272],"evs":[0.0,-0.73632]},"96o":{"weight":1.0,"played":[0.9998,2.0E-4],"evs":[0.0,-0.64484]},"T6o":{"weight":1.0,"played":[0.7506,0.2494],"evs":[0.0,-0.31]},"J6o":{"weight":1.0,"played":[0.9999,1.0E-4],"evs":[0.0,-1.76437]},"Q6o":{"weight":1.0,"played":[0.9972,0.0028],"evs":[0.0,-0.78126]},"K6o":{"weight":1.0,"played":[0.7887,0.2113],"evs":[0.0,-0.0533]},"A6o":{"weight":1.0,"played":[0.5339,0.4661],"evs":[0.0,-0.42336]},"72s":{"weight":1.0,"played":[0.9573,0.0427],"evs":[0.0,-0.27065]},"73s":{"weight":1.0,"played":[0.9982,0.0018],"evs":[0.0,-0.26406]},"74s":{"weight":1.0,"played":[0.8851,0.1149],"evs":[0.0,0.01012]},"75s":{"weight":1.0,"played":[0.4083,0.5917],"evs":[0.0,-0.43292]},"76s":{"weight":1.0,"played":[0.0089,0.9911],"evs":[0.0,3.29263]},"77":{"weight":1.0,"played":[2.0E-4,0.9998],"evs":[0.0,4.81774]},"87o":{"weight":1.0,"played":[0.0373,0.9627],"evs":[0.0,0.45185]},"97o":{"weight":1.0,"played":[0.2314,0.7686],"evs":[0.0,0.33858]},"T7o":{"weight":1.0,"played":[0.945,0.055],"evs":[0.0,-0.68518]},"J7o":{"weight":1.0,"played":[0.8554,0.1446],"evs":[0.0,-0.91312]},"Q7o":{"weight":1.0,"played":[0.9039,0.0961],"evs":[0.0,-1.39969]},"K7o":{"weight":1.0,"played":[0.5208,0.4792],"evs":[0.0,-0.58838]},"A7o":{"weight":1.0,"played":[0.4987,0.5013],"evs":[0.0,-0.04199]},"82s":{"weight":1.0,"played":[0.8572,0.1428],"evs":[0.0,-2.29364]},"83s":{"weight":1.0,"played":[0.7569,0.2431],"evs":[0.0,-0.79516]},"84s":{"weight":1.0,"played":[0.1948,0.8052],"evs":[0.0,-0.56882]},"85s":{"weight":1.0,"played":[0.1363,0.8637],"evs":[0.0,-0.02768]},"86s":{"weight":1.0,"played":[0.305,0.695],"evs":[0.0,0.69887]},"87s":{"weight":1.0,"played":[8.0E-4,0.9992],"evs":[0.0,2.01625]},"88":{"weight":1.0,"played":[4.0E-4,0.9996],"evs":[0.0,5.28326]},"98o":{"weight":1.0,"played":[0.414,0.586],"evs":[0.0,-0.284]},"T8o":{"weight":1.0,"played":[0.0427,0.9573],"evs":[0.0,0.94247]},"J8o":{"weight":1.0,"played":[0.248,0.752],"evs":[0.0,0.34667]},"Q8o":{"weight":1.0,"played":[0.9544,0.0456],"evs":[0.0,-0.30244]},"K8o":{"weight":1.0,"played":[0.8287,0.1713],"evs":[0.0,-0.67077]},"A8o":{"weight":1.0,"played":[0.0051,0.9949],"evs":[0.0,0.9186]},"92s":{"weight":1.0,"played":[0.7781,0.2219],"evs":[0.0,0.37995]},"93s":{"weight":1.0,"played":[0.9852,0.0148],"evs":[0.0,-1.28885]},"94s":{"weight":1.0,"played":[0.7292,0.2708],"evs":[0.0,-0.32209]},"95s":{"weight":1.0,"played":[0.6089,0.3911],"evs":[0.0,0.17708]},"96s":{"weight":1.0,"played":[0.6002,0.3998],"evs":[0.0,-0.71244]},"97s":{"weight":1.0,"played":[0.0135,0.9865],"evs":[0.0,3.39213]},"98s":{"weight":1.0,"played":[0.0036,0.9964],"evs":[0.0,1.43632]},"99":{"weight":1.0,"played":[0.001,0.999],"evs":[0.0,7.62063]},"T9o":{"weight":1.0,"played":[1.0E-4,0.9999],"evs":[0.0,0.91927]},"J9o":{"weight":1.0,"played":[0.0018,0.9982],"evs":[0.0,0.40973]},"Q9o":{"weight":1.0,"played":[0.0244,0.9756],"evs":[0.0,0.46508]},"K9o":{"weight":1.0,"played":[0.0425,0.9575],"evs":[0.0,0.86406]},"A9o":{"weight":1.0,"played":[0.0316,0.9684],"evs":[0.0,0.70986]},"T2s":{"weight":1.0,"played":[0.9679,0.0321],"evs":[0.0,-0.38036]},"T3s":{"weight":1.0,"played":[0.4436,0.5564],"evs":[0.0,-0.12473]},"T4s":{"weight":1.0,"played":[0.4572,0.5428],"evs":[0.0,0.18483]},"T5s":{"weight":1.0,"played":[0.2856,0.7144],"evs":[0.0,0.29721]},"T6s":{"weight":1.0,"played":[0.1386,0.8614],"evs":[0.0,0.49469]},"T7s":{"weight":1.0,"played":[0.5992,0.4008],"evs":[0.0,-0.10478]},"T8s":{"weight":1.0,"played":[0.0777,0.9223],"evs":[0.0,1.45229]},"T9s":{"weight":1.0,"played":[0.0,1.0],"evs":[0.0,2.51909]},"TT":{"weight":1.0,"played":[3.0E-4,0.9997],"evs":[0.0,10.43319]},"JTo":{"weight":1.0,"played":[0.1536,0.8464],"evs":[0.0,1.10823]},"QTo":{"weight":1.0,"played":[0.0402,0.9598],"evs":[0.0,1.48559]},"KTo":{"weight":1.0,"played":[0.0202,0.9798],"evs":[0.0,1.0125]},"ATo":{"weight":1.0,"played":[0.0,1.0],"evs":[0.0,2.2776]},"J2s":{"weight":1.0,"played":[0.2468,0.7532],"evs":[0.0,0.43348]},"J3s":{"weight":1.0,"played":[0.7431,0.2569],"evs":[0.0,-0.69369]},"J4s":{"weight":1.0,"played":[0.0854,0.9146],"evs":[0.0,0.08414]},"J5s":{"weight":1.0,"played":[0.25,0.75],"evs":[0.0,-0.05204]},"J6s":{"weight":1.0,"played":[0.6178,0.3822],"evs":[0.0,-0.61587]},"J7s":{"weight":1.0,"played":[0.0697,0.9303],"evs":[0.0,1.11218]},"J8s":{"weight":1.0,"played":[0.1312,0.8688],"evs":[0.0,2.27953]},"J9s":{"weight":1.0,"played":[0.0108,0.9892],"evs":[0.0,3.22049]},"JTs":{"weight":1.0,"played":[0.0012,0.9988],"evs":[0.0,2.10488]},"JJ":{"weight":1.0,"played":[0.0,1.0],"evs":[0.0,11.19812]},"QJo":{"weight":1.0,"played":[1.0E-4,0.9999],"evs":[0.0,1.65038]},"KJo":{"weight":1.0,"played":[0.0021,0.9979],"evs":[0.0,1.69286]},"AJo":{"weight":1.0,"played":[0.0,1.0],"evs":[0.0,5.53971]},"Q2s":{"weight":1.0,"played":[0.5005,0.4995],"evs":[0.0,1.52588]},"Q3s":{"weight":1.0,"played":[0.9178,0.0822],"evs":[0.0,-0.00656]},"Q4s":{"weight":1.0,"played":[0.4044,0.5956],"evs":[0.0,0.40569]},"Q5s":{"weight":1.0,"played":[0.1671,0.8329],"evs":[0.0,2.0029]},"Q6s":{"weight":1.0,"played":[0.005,0.995],"evs":[0.0,1.60407]},"Q7s":{"weight":1.0,"played":[0.1029,0.8971],"evs":[0.0,0.36032]},"Q8s":{"weight":1.0,"played":[0.006,0.994],"evs":[0.0,2.06933]},"Q9s":{"weight":1.0,"played":[0.1385,0.8615],"evs":[0.0,1.90327]},"QTs":{"weight":1.0,"played":[0.0015,0.9985],"evs":[0.0,2.71758]},"QJs":{"weight":1.0,"played":[0.0066,0.9934],"evs":[0.0,3.2007]},"QQ":{"weight":1.0,"played":[0.0,1.0],"evs":[0.0,14.21635]},"KQo":{"weight":1.0,"played":[1.0E-4,0.9999],"evs":[0.0,3.15187]},"AQo":{"weight":1.0,"played":[0.0,1.0],"evs":[0.0,5.98637]},"K2s":{"weight":1.0,"played":[0.2353,0.7647],"evs":[0.0,0.14051]},"K3s":{"weight":1.0,"played":[0.7491,0.2509],"evs":[0.0,-0.51288]},"K4s":{"weight":1.0,"played":[0.3898,0.6102],"evs":[0.0,0.27753]},"K5s":{"weight":1.0,"played":[0.2177,0.7823],"evs":[0.0,1.58775]},"K6s":{"weight":1.0,"played":[2.0E-4,0.9998],"evs":[0.0,0.90197]},"K7s":{"weight":1.0,"played":[0.0441,0.9559],"evs":[0.0,1.09405]},"K8s":{"weight":1.0,"played":[0.0039,0.9961],"evs":[0.0,1.41314]},"K9s":{"weight":1.0,"played":[0.0151,0.9849],"evs":[0.0,0.50713]},"KTs":{"weight":1.0,"played":[0.0074,0.9926],"evs":[0.0,3.26389]},"KJs":{"weight":1.0,"played":[0.0092,0.9908],"evs":[0.0,2.64222]},"KQs":{"weight":1.0,"played":[7.0E-4,0.9993],"evs":[0.0,4.92012]},"KK":{"weight":1.0,"played":[0.0,1.0],"evs":[0.0,16.63124]},"AKo":{"weight":1.0,"played":[0.0,1.0],"evs":[0.0,7.66518]},"A2s":{"weight":1.0,"played":[1.0E-4,0.9999],"evs":[0.0,1.62291]},"A3s":{"weight":1.0,"played":[0.6471,0.3529],"evs":[0.0,-0.45656]},"A4s":{"weight":1.0,"played":[0.0072,0.9928],"evs":[0.0,0.91474]},"A5s":{"weight":1.0,"played":[0.4656,0.5344],"evs":[0.0,0.09368]},"A6s":{"weight":1.0,"played":[0.0194,0.9806],"evs":[0.0,1.0553]},"A7s":{"weight":1.0,"played":[0.5297,0.4703],"evs":[0.0,0.73012]},"A8s":{"weight":1.0,"played":[1.0E-4,0.9999],"evs":[0.0,3.2275]},"A9s":{"weight":1.0,"played":[2.0E-4,0.9998],"evs":[0.0,3.90596]},"ATs":{"weight":1.0,"played":[0.0056,0.9944],"evs":[0.0,3.10373]},"AJs":{"weight":1.0,"played":[1.0E-4,0.9999],"evs":[0.0,5.10027]},"AQs":{"weight":1.0,"played":[0.0039,0.9961],"evs":[0.0,7.03463]},"AKs":{"weight":1.0,"played":[1.0E-4,0.9999],"evs":[0.0,7.92173]},"AA":{"weight":1.0,"played":[0.0,1.0],"evs":[0.0,22.08722]}}}