{"player":4,"street":0,"children":2,"sequence":[{"player":0,"type":"R","amount":945000,"street":0},{"player":1,"type":"C","amount":945000,"street":0},{"player":2,"type":"F","amount":0,"street":0},{"player":3,"type":"R","amount":1975000,"street":0}],"actions":[{"type":"F","amount":0,"node":51},{"type":"C","amount":1875000,"node":52}],"hands":{"22":{"weight":1.0,"played":[0.4986,0.5014],"evs":[0.0,-2.02849]},"32o":{"weight":1.0,"played":[0.9818,0.0182],"evs":[0.0,-11.27259]},"42o":{"weight":1.0,"played":[0.9491,0.0509],"evs":[0.0,-5.75117]},"52o":{"weight":1.0,"played":[0.8961,0.1039],"evs":[0.0,-4.5802]},"62o":{"weight":1.0,"played":[0.9749,0.0251],"evs":[0.0,-9.99527]},"72o":{"weight":1.0,"played":[0.9252,0.0748],"evs":[0.0,-7.85778]},"82o":{"weight":1.0,"played":[0.9943,0.0057],"evs":[0.0,-7.70356]},"92o":{"weight":1.0,"played":[0.9999,1.0E-4],"evs":[0.0,-3.35334]},"T2o":{"weight":1.0,"played":[0.9783,0.0217],"evs":[0.0,-6.01054]},"J2o":{"weight":1.0,"played":[0.9789,0.0211],"evs":[0.0,-1.91824]},"Q2o":{"weight":1.0,"played":[0.9607,0.0393],"evs":[0.0,-6.45789]},"K2o":{"weight":1.0,"played":[0.9785,0.0215],"evs":[0.0,-9.61531]},"A2o":{"weight":1.0,"played":[0.9642,0.0358],"evs":[0.0,-9.25372]},"32s":{"weight":1.0,"played":[0.9021,0.0979],"evs":[0.0,-4.91165]},"33":{"weight":1.0,"played":[0.0101,0.9899],"evs":[0.0,2.28067]},"43o":{"weight":1.0,"played":[0.9962,0.0038],"evs":[0.0,-8.04642]},"53o":{"weight":1.0,"played":[0.7293,0.2707],"evs":[0.0,-3.05127]},"63o":{"weight":1.0,"played":[0.9452,0.0548],"evs":[0.0,-7.81903]},"73o":{"weight":1.0,"played":[0.8149,0.1851],"evs":[0.0,-3.4564]},"83o":{"weight":1.0,"played":[0.732,0.268],"evs":[0.0,-8.93906]},"93o":{"weight":1.0,"played":[0.9992,8.0E-4],"evs":[0.0,-5.61814]},"T3o":{"weight":1.0,"played":[0.989,0.011],"evs":[0.0,-7.95985]},"J3o":{"weight":1.0,"played":[0.9978,0.0022],"evs":[0.0,-10.97647]},"Q3o":{"weight":1.0,"played":[0.9981,0.0019],"evs":[0.0,-7.61058]},"K3o":{"weight":1.0,"played":[0.9966,0.0034],"evs":[0.0,-1.25909]},"A3o":{"weight":1.0,"played":[0.5838,0.4162],"evs":[0.0,-2.36212]},"42s":{"weight":1.0,"played":[0.6316,0.3684],"evs":[0.0,-3.88303]},"43s":{"weight":1.0,"played":[0.7087,0.2913],"evs":[0.0,1.28874]},"44":{"weight":1.0,"played":[0.3445,0.6555],"evs":[0.0,2.65058]},"54o":{"weight":1.0,"played":[0.9512,0.0488],"evs":[0.0,-2.00833]},"64o":{"weight":1.0,"played":[0.955,0.045],"evs":[0.0,-2.85946]},"74o":{"weight":1.0,"played":[0.9897,0.0103],"evs":[0.0,-3.85358]},"84o":{"weight":1.0,"played":[0.9463,0.0537],"evs":[0.0,-7.51166]},"94o":{"weight":1.0,"played":[0.9971,0.0029],"evs":[0.0,-8.8719]},"T4o":{"weight":1.0,"played":[0.9157,0.0843],"evs":[0.0,-6.87454]},"J4o":{"weight":1.0,"played":[0.9884,0.0116],"evs":[0.0,-6.09312]},"Q4o":{"weight":1.0,"played":[0.9997,3.0E-4],"evs":[0.0,-2.18026]},"K4o":{"weight":1.0,"played":[0.8475,0.1525],"evs":[0.0,-2.73426]},"A4o":{"weight":1.0,"played":[0.2955,0.7045],"evs":[0.0,-1.62154]},"52s":{"weight":1.0,"played":[0.04,0.96],"evs":[0.0,10.77866]},"53s":{"weight":1.0,"played":[0.4393,0.5607],"evs":[0.0,-0.50574]},"54s":{"weight":1.0,"played":[0.8387,0.1613],"evs":[0.0,-4.84882]},"55":{"weight":1.0,"played":[0.0738,0.9262],"evs":[0.0,10.81765]},"65o":{"weight":1.0,"played":[0.3245,0.6755],"evs":[0.0,1.47749]},"75o":{"weight":1.0,"played":[0.9034,0.0966],"evs":[0.0,-8.00459]},"85o":{"weight":1.0,"played":[0.809,0.191],"evs":[0.0,-6.48927]},"95o":{"weight":1.0,"played":[0.9996,4.0E-4],"evs":[0.0,-8.6767]},"T5o":{"weight":1.0,"played":[0.9189,0.0811],"evs":[0.0,-4.13263]},"J5o":{"weight":1.0,"played":[0.9762,0.0238],"evs":[0.0,-10.52572]},"Q5o":{"weight":1.0,"played":[0.5406,0.4594],"evs":[0.0,0.67425]},"K5o":{"weight":1.0,"played":[0.7364,0.2636],"evs":[0.0,0.18149]},"A5o":{"weight":1.0,"played":[0.7686,0.2314],"evs":[0.0,-6.65976]},"62s":{"weight":1.0,"played":[0.5819,0.4181],"evs":[0.0,-6.02626]},"63s":{"weight":1.0,"played":[0.9983,0.0017],"evs":[0.0,-7.44595]},"64s":{"weight":1.0,"played":[0.2834,0.7166],"evs":[0.0,2.6484]},"65s":{"weight":1.0,"played":[0.5973,0.4027],"evs":[0.0,-2.96506]},"66":{"weight":1.0,"played":[0.0189,0.9811],"evs":[0.0,8.11519]},"76o":{"weight":1.0,"played":[0.9654,0.0346],"evs":[0.0,-4.80375]},"86o":{"weight":1.0,"played":[0.9851,0.0149],"evs":[0.0,-4.37297]},"96o":{"weight":1.0,"played":[0.9275,0.0725],"evs":[0.0,-2.39673]},"T6o":{"weight":1.0,"played":[0.9774,0.0226],"evs":[0.0,-1.66262]},"J6o":{"weight":1.0,"played":[0.9102,0.0898],"evs":[0.0,-1.67011]},"Q6o":{"weight":1.0,"played":[0.9675,0.0325],"evs":[0.0,-4.12407]},"K6o":{"weight":1.0,"played":[0.9301,0.0699],"evs":[0.0,-4.86913]},"A6o":{"weight":1.0,"played":[0.5977,0.4023],"evs":[0.0,-2.31249]},"72s":{"weight":1.0,"played":[0.9936,0.0064],"evs":[0.0,-11.48601]},"73s":{"weight":1.0,"played":[0.9417,0.0583],"evs":[0.0,-10.43134]},"74s":{"weight":1.0,"played":[0.3984,0.6016],"evs":[0.0,5.47952]},"75s":{"weight":1.0,"played":[0.5719,0.4281],"evs":[0.0,-0.58657]},"76s":{"weight":1.0,"played":[0.7356,0.2644],"evs":[0.0,6.50581]},"77":{"weight":1.0,"played":[0.0024,0.9976],"evs":[0.0,20.54614]},"87o":{"weight":1.0,"played":[0.9042,0.0958],"evs":[0.0,-4.2142]},"97o":{"weight":1.0,"played":[0.7889,0.2111],"evs":[0.0,-4.85154]},"T7o":{"weight":1.0,"played":[0.8887,0.1113],"evs":[0.0,-1.04993]},"J7o":{"weight":1.0,"played":[0.5617,0.4383],"evs":[0.0,-0.21124]},"Q7o":{"weight":1.0,"played":[0.9985,0.0015],"evs":[0.0,-7.88076]},"K7o":{"weight":1.0,"played":[0.8624,0.1376],"evs":[0.0,-1.34839]},"A7o":{"weight":1.0,"played":[0.9054,0.0946],"evs":[0.0,-4.61582]},"82s":{"weight":1.0,"played":[0.2889,0.7111],"evs":[0.0,0.04193]},"83s":{"weight":1.0,"played":[0.5617,0.4383],"evs":[0.0,-8.09076]},"84s":{"weight":1.0,"played":[0.4937,0.5063],"evs":[0.0,3.39227]},"85s":{"weight":1.0,"played":[0.6835,0.3165],"evs":[0.0,-2.73736]},"86s":{"weight":1.0,"played":[0.7943,0.2057],"evs":[0.0,-2.75796]},"87s":{"weight":1.0,"played":[0.3169,0.6831],"evs":[0.0,-2.14252]},"88":{"weight":1.0,"played":[1.0E-4,0.9999],"evs":[0.0,14.07768]},"98o":{"weight":1.0,"played":[0.9534,0.0466],"evs":[0.0,-2.37741]},"T8o":{"weight":1.0,"played":[0.6962,0.3038],"evs":[0.0,-3.88938]},"J8o":{"weight":1.0,"played":[0.9921,0.0079],"evs":[0.0,-2.67596]},"Q8o":{"weight":1.0,"played":[0.9269,0.0731],"evs":[0.0,-3.0931]},"K8o":{"weight":1.0,"played":[0.9742,0.0258],"evs":[0.0,-4.53456]},"A8o":{"weight":1.0,"played":[0.8728,0.1272],"evs":[0.0,-4.84113]},"92s":{"weight":1.0,"played":[0.9805,0.0195],"evs":[0.0,-6.54132]},"93s":{"weight":1.0,"played":[0.4034,0.5966],"evs":[0.0,-0.96687]},"94s":{"weight":1.0,"played":[0.6915,0.3085],"evs":[0.0,-4.54163]},"95s":{"weight":1.0,"played":[0.7746,0.2254],"evs":[0.0,-1.26805]},"96s":{"weight":1.0,"played":[0.0481,0.9519],"evs":[0.0,5.00231]},"97s":{"weight":1.0,"played":[0.2444,0.7556],"evs":[0.0,7.21635]},"98s":{"weight":1.0,"played":[0.0097,0.9903],"evs":[0.0,11.17518]},"99":{"weight":1.0,"played":[0.0,1.0],"evs":[0.0,9.90802]},"T9o":{"weight":1.0,"played":[0.4736,0.5264],"evs":[0.0,0.73427]},"J9o":{"weight":1.0,"played":[0.887,0.113],"evs":[0.0,-6.82581]},"Q9o":{"weight":1.0,"played":[0.1137,0.8863],"evs":[0.0,3.99834]},"K9o":{"weight":1.0,"played":[0.2304,0.7696],"evs":[0.0,-0.9314]},"A9o":{"weight":1.0,"played":[0.3347,0.6653],"evs":[0.0,-1.86939]},"T2s":{"weight":1.0,"played":[0.7919,0.2081],"evs":[0.0,-11.45803]},"T3s":{"weight":1.0,"played":[0.7068,0.2932],"evs":[0.0,-1.2063]},"T4s":{"weight":1.0,"played":[0.3048,0.6952],"evs":[0.0,-3.07123]},"T5s":{"weight":1.0,"played":[0.2495,0.7505],"evs":[0.0,1.003]},"T6s":{"weight":1.0,"played":[0.4059,0.5941],"evs":[0.0,2.28904]},"T7s":{"weight":1.0,"played":[0.3357,0.6643],"evs":[0.0,-3.06487]},"T8s":{"weight":1.0,"played":[0.2012,0.7988],"evs":[0.0,6.67165]},"T9s":{"weight":1.0,"played":[0.3279,0.6721],"evs":[0.0,1.96865]},"TT":{"weight":1.0,"played":[2.0E-4,0.9998],"evs":[0.0,21.52341]},"JTo":{"weight":1.0,"played":[0.1056,0.8944],"evs":[0.0,-0.67558]},"QTo":{"weight":1.0,"played":[0.0726,0.9274],"evs":[0.0,4.21372]},"KTo":{"weight":1.0,"played":[0.023,0.977],"evs":[0.0,10.11281]},"ATo":{"weight":1.0,"played":[0.0016,0.9984],"evs":[0.0,7.6181]},"J2s":{"weight":1.0,"played":[0.9997,3.0E-4],"evs":[0.0,-4.43903]},"J3s":{"weight":1.0,"played":[0.6972,0.3028],"evs":[0.0,-0.08764]},"J4s":{"weight":1.0,"played":[0.4403,0.5597],"evs":[0.0,0.34422]},"J5s":{"weight":1.0,"played":[0.7537,0.2463],"evs":[0.0,-8.02279]},"J6s":{"weight":1.0,"played":[0.8569,0.1431],"evs":[0.0,-1.29798]},"J7s":{"weight":1.0,"played":[0.6435,0.3565],"evs":[0.0,-0.56377]},"J8s":{"weight":1.0,"played":[0.7223,0.2777],"evs":[0.0,-3.82694]},"J9s":{"weight":1.0,"played":[0.4624,0.5376],"evs":[0.0,2.38004]},"JTs":{"weight":1.0,"played":[0.4123,0.5877],"evs":[0.0,2.35078]},"JJ":{"weight":1.0,"played":[3.0E-4,0.9997],"evs":[0.0,18.55464]},"QJo":{"weight":1.0,"played":[0.1649,0.8351],"evs":[0.0,2.50678]},"KJo":{"weight":1.0,"played":[0.0062,0.9938],"evs":[0.0,9.30825]},"AJo":{"weight":1.0,"played":[0.001,0.999],"evs":[0.0,11.35571]},"Q2s":{"weight":1.0,"played":[0.9742,0.0258],"evs":[0.0,-9.35046]},"Q3s":{"weight":1.0,"played":[0.5046,0.4954],"evs":[0.0,0.7306]},"Q4s":{"weight":1.0,"played":[0.9115,0.0885],"evs":[0.0,-10.71639]},"Q5s":{"weight":1.0,"played":[0.5526,0.4474],"evs":[0.0,9.83993]},"Q6s":{"weight":1.0,"played":[0.9996,4.0E-4],"evs":[0.0,-8.62138]},"Q7s":{"weight":1.0,"played":[0.4193,0.5807],"evs":[0.0,1.48167]},"Q8s":{"weight":1.0,"played":[0.641,0.359],"evs":[0.0,-3.83832]},"Q9s":{"weight":1.0,"played":[0.2507,0.7493],"evs":[0.0,4.73985]},"QTs":{"weight":1.0,"played":[0.0075,0.9925],"evs":[0.0,4.74998]},"QJs":{"weight":1.0,"played":[0.5265,0.4735],"evs":[0.0,-0.6411]},"QQ":{"weight":1.0,"played":[5.0E-4,0.9995],"evs":[0.0,22.35024]},"KQo":{"weight":1.0,"played":[0.2484,0.7516],"evs":[0.0,0.48494]},"AQo":{"weight":1.0,"played":[1.0E-4,0.9999],"evs":[0.0,6.20398]},"K2s":{"weight":1.0,"played":[0.7352,0.2648],"evs":[0.0,-2.40438]},"K3s":{"weight":1.0,"played":[0.0945,0.9055],"evs":[0.0,6.24096]},"K4s":{"weight":1.0,"played":[0.993,0.007],"evs":[0.0,-4.16335]},"K5s":{"weight":1.0,"played":[0.257,0.743],"evs":[0.0,-0.39181]},"K6s":{"weight":1.0,"played":[0.2928,0.7072],"evs":[0.0,4.6316]},"K7s":{"weight":1.0,"played":[0.5013,0.4987],"evs":[0.0,0.22448]},"K8s":{"weight":1.0,"played":[0.9831,0.0169],"evs":[0.0,-8.3959]},"K9s":{"weight":1.0,"played":[0.1658,0.8342],"evs":[0.0,7.76429]},"KTs":{"weight":1.0,"played":[0.0408,0.9592],"evs":[0.0,6.18996]},"KJs":{"weight":1.0,"played":[0.1627,0.8373],"evs":[0.0,14.06936]},"KQs":{"weight":1.0,"played":[3.0E-4,0.9997],"evs":[0.0,9.63737]},"KK":{"weight":1.0,"played":[6.0E-4,0.9994],"evs":[0.0,38.75413]},"AKo":{"weight":1.0,"played":[0.0206,0.9794],"evs":[0.0,10.98433]},"A2s":{"weight":1.0,"played":[0.6969,0.3031],"evs":[0.0,-6.52632]},"A3s":{"weight":1.0,"played":[0.3553,0.6447],"evs":[0.0,-2.06643]},"A4s":{"weight":1.0,"played":[0.0386,0.9614],"evs":[0.0,5.18524]},"A5s":{"weight":1.0,"played":[0.2291,0.7709],"evs":[0.0,-0.82166]},"A6s":{"weight":1.0,"played":[0.4345,0.5655],"evs":[0.0,-2.11614]},"A7s":{"weight":1.0,"played":[0.0261,0.9739],"evs":[0.0,3.55269]},"A8s":{"weight":1.0,"played":[0.329,0.671],"evs":[0.0,6.66973]},"A9s":{"weight":1.0,"played":[0.1901,0.8099],"evs":[0.0,4.71114]},"ATs":{"weight":1.0,"played":[0.0066,0.9934],"evs":[0.0,5.96091]},"AJs":{"weight":1.0,"played":[0.0016,0.9984],"evs":[0.0,9.44979]},"AQs":{"weight":1.0,"played":[0.0165,0.9835],"evs":[0.0,19.09929]},"AKs":{"weight":1.0,"played":[1.0E-4,0.9999],"evs":[0.0,13.93447]},"AA":{"weight":1.0,"played":[0.0,1.0],"evs":[0.0,38.00955]}}}