{"player":1,"street":0,"children":2,"sequence":[{"player":0,"type":"R","amount":945000,"street":0},{"player":1,"type":"C","amount":945000,"street":0},{"player":2,"type":"F","amount":0,"street":0},{"player":3,"type":"R","amount":1975000,"street":0},{"player":4,"type":"F","amount":0,"street":0}],"actions":[{"type":"F","amount":0},{"type":"C","amount":190000}],"hands":{"22":{"weight":0.0704,"played":[1.0E-4,0.9999],"evs":[0.0,11.18525]},"32o":{"weight":0.0,"played":[0.0,1.0],"evs":[0.0,7.65424]},"42o":{"weight":0.0,"played":[1.0E-4,0.9999],"evs":[0.0,8.12677]},"52o":{"weight":0.0,"played":[0.0,1.0],"evs":[0.0,8.14583]},"62o":{"weight":0.0,"played":[0.0,1.0],"evs":[0.0,7.35384]},"72o":{"weight":0.0,"played":[0.0,1.0],"evs":[0.0,6.00572]},"82o":{"weight":0.0,"played":[0.0,1.0],"evs":[0.0,7.07878]},"92o":{"weight":0.0,"played":[1.0E-4,0.9999],"evs":[0.0,9.05387]},"T2o":{"weight":0.0,"played":[1.0E-4,0.9999],"evs":[0.0,6.63584]},"J2o":{"weight":0.0,"played":[0.0,1.0],"evs":[0.0,7.09334]},"Q2o":{"weight":0.0,"played":[0.0,1.0],"evs":[0.0,7.87476]},"K2o":{"weight":1.0E-4,"played":[0.0,1.0],"evs":[0.0,9.53597]},"A2o":{"weight":0.0,"played":[0.0,1.0],"evs":[0.0,10.64817]},"32s":{"weight":0.0,"played":[1.0E-4,0.9999],"evs":[0.0,10.0462]},"33":{"weight":0.3877,"played":[0.0,1.0],"evs":[0.0,12.45071]},"43o":{"weight":0.0,"played":[1.0E-4,0.9999],"evs":[0.0,8.10236]},"53o":{"weight":0.0,"played":[1.0E-4,0.9999],"evs":[0.0,8.16318]},"63o":{"weight":0.0,"played":[0.0,1.0],"evs":[0.0,8.80053]},"73o":{"weight":0.0,"played":[0.0,1.0],"evs":[0.0,9.46061]},"83o":{"weight":0.0,"played":[1.0E-4,0.9999],"evs":[0.0,8.1299]},"93o":{"weight":0.0,"played":[6.0E-4,0.9994],"evs":[0.0,7.83784]},"T3o":{"weight":0.0,"played":[0.0,1.0],"evs":[0.0,6.11837]},"J3o":{"weight":0.0,"played":[0.0,1.0],"evs":[0.0,8.36286]},"Q3o":{"weight":0.0,"played":[0.0,1.0],"evs":[0.0,8.91809]},"K3o":{"weight":0.0,"played":[0.0,1.0],"evs":[0.0,9.55648]},"A3o":{"weight":7.0E-4,"played":[0.0,1.0],"evs":[0.0,10.82633]},"42s":{"weight":0.0,"played":[0.0019,0.9981],"evs":[0.0,7.70065]},"43s":{"weight":0.0,"played":[0.0,1.0],"evs":[0.0,10.47037]},"44":{"weight":0.3226,"played":[0.0,1.0],"evs":[0.0,13.11062]},"54o":{"weight":0.0,"played":[1.0E-4,0.9999],"evs":[0.0,10.32753]},"64o":{"weight":0.0,"played":[1.0E-4,0.9999],"evs":[0.0,10.47962]},"74o":{"weight":0.0,"played":[0.0,1.0],"evs":[0.0,8.39931]},"84o":{"weight":0.0,"played":[0.0,1.0],"evs":[0.0,8.56138]},"94o":{"weight":0.0,"played":[0.0,1.0],"evs":[0.0,9.20595]},"T4o":{"weight":0.0,"played":[0.0,1.0],"evs":[0.0,7.17769]},"J4o":{"weight":0.0,"played":[0.0,1.0],"evs":[0.0,9.01097]},"Q4o":{"weight":0.0,"played":[1.0E-4,0.9999],"evs":[0.0,9.97627]},"K4o":{"weight":0.0,"played":[0.0,1.0],"evs":[0.0,8.02562]},"A4o":{"weight":4.0E-4,"played":[0.0,1.0],"evs":[0.0,10.75081]},"52s":{"weight":0.0,"played":[0.0,1.0],"evs":[0.0,8.806]},"53s":{"weight":0.0,"played":[5.0E-4,0.9995],"evs":[0.0,10.96747]},"54s":{"weight":1.0E-4,"played":[0.0,1.0],"evs":[0.0,10.72704]},"55":{"weight":0.7439,"played":[0.0,1.0],"evs":[0.0,14.34343]},"65o":{"weight":0.0,"played":[0.0,1.0],"evs":[0.0,9.66233]},"75o":{"weight":0.0,"played":[0.0,1.0],"evs":[0.0,8.94616]},"85o":{"weight":0.0,"played":[0.0,1.0],"evs":[0.0,7.51999]},"95o":{"weight":0.0,"played":[0.0,1.0],"evs":[0.0,8.58657]},"T5o":{"weight":0.0,"played":[0.0,1.0],"evs":[0.0,7.58526]},"J5o":{"weight":0.0,"played":[1.0E-4,0.9999],"evs":[0.0,9.62874]},"Q5o":{"weight":0.0,"played":[0.0,1.0],"evs":[0.0,8.89345]},"K5o":{"weight":0.0,"played":[0.0,1.0],"evs":[0.0,9.03234]},"A5o":{"weight":0.0028,"played":[0.0,1.0],"evs":[0.0,12.16037]},"62s":{"weight":0.0,"played":[2.0E-4,0.9998],"evs":[0.0,9.5]},"63s":{"weight":0.0,"played":[0.0017,0.9983],"evs":[0.0,9.8221]},"64s":{"weight":0.0,"played":[0.0,1.0],"evs":[0.0,11.50858]},"65s":{"weight":0.0,"played":[1.0E-4,0.9999],"evs":[0.0,12.77102]},"66":{"weight":7.0E-4,"played":[0.0,1.0],"evs":[0.0,15.02792]},"76o":{"weight":0.0,"played":[0.0,1.0],"evs":[0.0,9.46454]},"86o":{"weight":0.0,"played":[0.0,1.0],"evs":[0.0,10.03455]},"96o":{"weight":0.0,"played":[0.0,1.0],"evs":[0.0,9.12305]},"T6o":{"weight":0.0,"played":[0.0,1.0],"evs":[0.0,8.69538]},"J6o":{"weight":0.0,"played":[0.0,1.0],"evs":[0.0,10.24946]},"Q6o":{"weight":0.0,"played":[0.0,1.0],"evs":[0.0,9.36235]},"K6o":{"weight":0.0,"played":[0.0,1.0],"evs":[0.0,10.62868]},"A6o":{"weight":0.0012,"played":[0.0,1.0],"evs":[0.0,12.1066]},"72s":{"weight":0.0,"played":[0.0,1.0],"evs":[0.0,8.75742]},"73s":{"weight":0.0,"played":[1.0E-4,0.9999],"evs":[0.0,8.81527]},"74s":{"weight":0.0,"played":[3.0E-4,0.9997],"evs":[0.0,11.70772]},"75s":{"weight":0.0,"played":[2.0E-4,0.9998],"evs":[0.0,11.82777]},"76s":{"weight":0.0,"played":[1.0E-4,0.9999],"evs":[0.0,9.68969]},"77":{"weight":0.7734,"played":[0.0,1.0],"evs":[0.0,15.94147]},"87o":{"weight":0.0,"played":[0.0,1.0],"evs":[0.0,8.67965]},"97o":{"weight":0.0,"played":[0.0,1.0],"evs":[0.0,10.60112]},"T7o":{"weight":0.0,"played":[0.0,1.0],"evs":[0.0,9.60853]},"J7o":{"weight":0.0,"played":[1.0E-4,0.9999],"evs":[0.0,7.97249]},"Q7o":{"weight":0.0,"played":[0.0,1.0],"evs":[0.0,8.37905]},"K7o":{"weight":0.0,"played":[0.0,1.0],"evs":[0.0,9.4514]},"A7o":{"weight":0.0218,"played":[0.0,1.0],"evs":[0.0,10.8654]},"82s":{"weight":0.0,"played":[0.0,1.0],"evs":[0.0,10.04482]},"83s":{"weight":0.0,"played":[4.0E-4,0.9996],"evs":[0.0,8.87134]},"84s":{"weight":0.0,"played":[3.0E-4,0.9997],"evs":[0.0,9.17472]},"85s":{"weight":8.0E-4,"played":[2.0E-4,0.9998],"evs":[0.0,9.79624]},"86s":{"weight":2.0E-4,"played":[0.0,1.0],"evs":[0.0,12.44071]},"87s":{"weight":7.0E-4,"played":[3.0E-4,0.9997],"evs":[0.0,13.24069]},"88":{"weight":0.8416,"played":[0.0,1.0],"evs":[0.0,19.71159]},"98o":{"weight":0.0,"played":[1.0E-4,0.9999],"evs":[0.0,11.56876]},"T8o":{"weight":0.0,"played":[1.0E-4,0.9999],"evs":[0.0,12.26905]},"J8o":{"weight":0.0,"played":[1.0E-4,0.9999],"evs":[0.0,10.54586]},"Q8o":{"weight":1.0E-4,"played":[3.0E-4,0.9997],"evs":[0.0,10.51962]},"K8o":{"weight":5.0E-4,"played":[0.0,1.0],"evs":[0.0,10.33218]},"A8o":{"weight":0.5018,"played":[0.0,1.0],"evs":[0.0,12.93557]},"92s":{"weight":0.0,"played":[0.0,1.0],"evs":[0.0,9.95386]},"93s":{"weight":0.0,"played":[3.0E-4,0.9997],"evs":[0.0,8.54093]},"94s":{"weight":0.0,"played":[2.0E-4,0.9998],"evs":[0.0,10.55006]},"95s":{"weight":0.0,"played":[0.0,1.0],"evs":[0.0,9.43233]},"96s":{"weight":5.0E-4,"played":[2.0E-4,0.9998],"evs":[0.0,11.76919]},"97s":{"weight":0.0062,"played":[1.0E-4,0.9999],"evs":[0.0,7.8769]},"98s":{"weight":0.0259,"played":[0.0,1.0],"evs":[0.0,12.53295]},"99":{"weight":0.0517,"played":[0.0,1.0],"evs":[0.0,18.07066]},"T9o":{"weight":1.0E-4,"played":[0.0,1.0],"evs":[0.0,12.41438]},"J9o":{"weight":3.0E-4,"played":[0.0,1.0],"evs":[0.0,11.34649]},"Q9o":{"weight":0.0026,"played":[0.0,1.0],"evs":[0.0,11.29038]},"K9o":{"weight":0.0235,"played":[0.0,1.0],"evs":[0.0,12.28206]},"A9o":{"weight":0.0112,"played":[0.0,1.0],"evs":[0.0,11.83152]},"T2s":{"weight":0.0,"played":[1.0E-4,0.9999],"evs":[0.0,7.7753]},"T3s":{"weight":0.0,"played":[1.0E-4,0.9999],"evs":[0.0,7.41444]},"T4s":{"weight":0.0,"played":[1.0E-4,0.9999],"evs":[0.0,10.48321]},"T5s":{"weight":0.0,"played":[4.0E-4,0.9996],"evs":[0.0,12.79322]},"T6s":{"weight":0.0,"played":[5.0E-4,0.9995],"evs":[0.0,11.34991]},"T7s":{"weight":2.0E-4,"played":[0.0,1.0],"evs":[0.0,9.30901]},"T8s":{"weight":0.0013,"played":[1.0E-4,0.9999],"evs":[0.0,10.72825]},"T9s":{"weight":0.0361,"played":[4.0E-4,0.9996],"evs":[0.0,15.29791]},"TT":{"weight":0.1834,"played":[0.0,1.0],"evs":[0.0,20.73912]},"JTo":{"weight":0.1005,"played":[0.0,1.0],"evs":[0.0,11.49069]},"QTo":{"weight":0.0149,"played":[0.0,1.0],"evs":[0.0,10.90335]},"KTo":{"weight":0.1764,"played":[0.0,1.0],"evs":[0.0,13.4514]},"ATo":{"weight":0.2097,"played":[0.0,1.0],"evs":[0.0,14.58983]},"J2s":{"weight":0.0,"played":[0.0,1.0],"evs":[0.0,10.1278]},"J3s":{"weight":0.0,"played":[0.0,1.0],"evs":[0.0,9.05301]},"J4s":{"weight":0.0,"played":[4.0E-4,0.9996],"evs":[0.0,12.09147]},"J5s":{"weight":0.0,"played":[0.0,1.0],"evs":[0.0,8.44456]},"J6s":{"weight":0.0,"played":[0.0,1.0],"evs":[0.0,12.72635]},"J7s":{"weight":0.0026,"played":[2.0E-4,0.9998],"evs":[0.0,9.99751]},"J8s":{"weight":0.0868,"played":[0.0,1.0],"evs":[0.0,11.22312]},"J9s":{"weight":0.0015,"played":[0.0016,0.9984],"evs":[0.0,11.97666]},"JTs":{"weight":0.2519,"played":[0.0,1.0],"evs":[0.0,10.61948]},"JJ":{"weight":0.4568,"played":[0.0,1.0],"evs":[0.0,24.33994]},"QJo":{"weight":0.0609,"played":[0.0,1.0],"evs":[0.0,12.50317]},"KJo":{"weight":0.2604,"played":[0.0,1.0],"evs":[0.0,13.54897]},"AJo":{"weight":0.1179,"played":[0.0,1.0],"evs":[0.0,17.45079]},"Q2s":{"weight":0.0,"played":[2.0E-4,0.9998],"evs":[0.0,10.51128]},"Q3s":{"weight":0.0,"played":[3.0E-4,0.9997],"evs":[0.0,10.32612]},"Q4s":{"weight":1.0E-4,"played":[0.0,1.0],"evs":[0.0,10.75412]},"Q5s":{"weight":0.0,"played":[0.0,1.0],"evs":[0.0,14.9313]},"Q6s":{"weight":0.003,"played":[0.0,1.0],"evs":[0.0,13.56487]},"Q7s":{"weight":0.0,"played":[6.0E-4,0.9994],"evs":[0.0,13.8177]},"Q8s":{"weight":0.0,"played":[6.0E-4,0.9994],"evs":[0.0,15.41162]},"Q9s":{"weight":0.0055,"played":[0.0017,0.9983],"evs":[0.0,14.15104]},"QTs":{"weight":0.5348,"played":[0.0011,0.9989],"evs":[0.0,12.13507]},"QJs":{"weight":0.7006,"played":[0.0,1.0],"evs":[0.0,13.93349]},"QQ":{"weight":0.06,"played":[0.0,1.0],"evs":[0.0,26.24676]},"KQo":{"weight":0.0399,"played":[0.0,1.0],"evs":[0.0,15.32982]},"AQo":{"weight":0.5516,"played":[0.0,1.0],"evs":[0.0,17.39613]},"K2s":{"weight":0.0011,"played":[0.0,1.0],"evs":[0.0,11.86145]},"K3s":{"weight":0.0022,"played":[0.0,1.0],"evs":[0.0,12.44774]},"K4s":{"weight":1.0E-4,"played":[0.0,1.0],"evs":[0.0,11.84024]},"K5s":{"weight":4.0E-4,"played":[0.0,1.0],"evs":[0.0,12.08081]},"K6s":{"weight":0.0038,"played":[1.0E-4,0.9999],"evs":[0.0,10.84165]},"K7s":{"weight":0.0018,"played":[2.0E-4,0.9998],"evs":[0.0,11.44164]},"K8s":{"weight":0.006,"played":[0.0,1.0],"evs":[0.0,13.7031]},"K9s":{"weight":0.4895,"played":[0.0,1.0],"evs":[0.0,13.22303]},"KTs":{"weight":0.343,"played":[2.0E-4,0.9998],"evs":[0.0,16.23695]},"KJs":{"weight":0.0403,"played":[1.0E-4,0.9999],"evs":[0.0,15.24542]},"KQs":{"weight":0.1857,"played":[0.0,1.0],"evs":[0.0,16.78505]},"KK":{"weight":0.8337,"played":[0.0,1.0],"evs":[0.0,28.24211]},"AKo":{"weight":0.5165,"played":[0.0,1.0],"evs":[0.0,19.14849]},"A2s":{"weight":0.028,"played":[8.0E-4,0.9992],"evs":[0.0,12.99655]},"A3s":{"weight":0.0392,"played":[0.0,1.0],"evs":[0.0,11.62302]},"A4s":{"weight":0.0344,"played":[0.0,1.0],"evs":[0.0,10.54281]},"A5s":{"weight":0.7493,"played":[0.0,1.0],"evs":[0.0,14.50202]},"A6s":{"weight":0.0221,"played":[0.0,1.0],"evs":[0.0,12.57032]},"A7s":{"weight":0.5723,"played":[0.0,1.0],"evs":[0.0,15.0]},"A8s":{"weight":0.5055,"played":[0.0,1.0],"evs":[0.0,14.54582]},"A9s":{"weight":0.7059,"played":[0.0,1.0],"evs":[0.0,15.16993]},"ATs":{"weight":0.5174,"played":[1.0E-4,0.9999],"evs":[0.0,14.91498]},"AJs":{"weight":0.6774,"played":[0.0,1.0],"evs":[0.0,19.70868]},"AQs":{"weight":0.6935,"played":[0.0,1.0],"evs":[0.0,19.63466]},"AKs":{"weight":0.0011,"played":[2.0E-4,0.9998],"evs":[0.0,21.8806]},"AA":{"weight":0.3213,"played":[0.0,1.0],"evs":[0.0,34.23115]}}}