{"player":1,"street":0,"children":2,"sequence":[{"player":0,"type":"R","amount":945000,"street":0},{"player":1,"type":"C","amount":945000,"street":0},{"player":2,"type":"F","amount":0,"street":0},{"player":3,"type":"R","amount":1975000,"street":0},{"player":4,"type":"C","amount":1875000,"street":0}],"actions":[{"type":"F","amount":0},{"type":"C","amount":190000}],"hands":{"22":{"weight":0.0704,"played":[0.0053,0.9947],"evs":[0.0,13.6261]},"32o":{"weight":0.0,"played":[2.0E-4,0.9998],"evs":[0.0,5.75008]},"42o":{"weight":0.0,"played":[0.0,1.0],"evs":[0.0,5.40517]},"52o":{"weight":0.0,"played":[1.0E-4,0.9999],"evs":[0.0,6.81707]},"62o":{"weight":0.0,"played":[1.0E-4,0.9999],"evs":[0.0,6.95843]},"72o":{"weight":0.0,"played":[2.0E-4,0.9998],"evs":[0.0,5.31415]},"82o":{"weight":0.0,"played":[1.0E-4,0.9999],"evs":[0.0,7.65178]},"92o":{"weight":0.0,"played":[2.0E-4,0.9998],"evs":[0.0,6.0294]},"T2o":{"weight":0.0,"played":[0.0,1.0],"evs":[0.0,4.71015]},"J2o":{"weight":0.0,"played":[0.0,1.0],"evs":[0.0,7.15876]},"Q2o":{"weight":0.0,"played":[0.0,1.0],"evs":[0.0,7.09694]},"K2o":{"weight":1.0E-4,"played":[0.0,1.0],"evs":[0.0,6.26057]},"A2o":{"weight":0.0,"played":[1.0E-4,0.9999],"evs":[0.0,9.21209]},"32s":{"weight":0.0,"played":[0.0,1.0],"evs":[0.0,9.30993]},"33":{"weight":0.3877,"played":[2.0E-4,0.9998],"evs":[0.0,12.0263]},"43o":{"weight":0.0,"played":[1.0E-4,0.9999],"evs":[0.0,8.33954]},"53o":{"weight":0.0,"played":[3.0E-4,0.9997],"evs":[0.0,7.68451]},"63o":{"weight":0.0,"played":[0.001,0.999],"evs":[0.0,10.45422]},"73o":{"weight":0.0,"played":[0.0,1.0],"evs":[0.0,6.6073]},"83o":{"weight":0.0,"played":[0.0013,0.9987],"evs":[0.0,7.45259]},"93o":{"weight":0.0,"played":[4.0E-4,0.9996],"evs":[0.0,6.07783]},"T3o":{"weight":0.0,"played":[0.0,1.0],"evs":[0.0,7.21874]},"J3o":{"weight":0.0,"played":[0.0,1.0],"evs":[0.0,6.92467]},"Q3o":{"weight":0.0,"played":[4.0E-4,0.9996],"evs":[0.0,7.00447]},"K3o":{"weight":0.0,"played":[1.0E-4,0.9999],"evs":[0.0,8.17517]},"A3o":{"weight":7.0E-4,"played":[2.0E-4,0.9998],"evs":[0.0,10.51537]},"42s":{"weight":0.0,"played":[0.0,1.0],"evs":[0.0,10.31429]},"43s":{"weight":0.0,"played":[0.006,0.994],"evs":[0.0,9.91318]},"44":{"weight":0.3226,"played":[6.0E-4,0.9994],"evs":[0.0,10.5112]},"54o":{"weight":0.0,"played":[4.0E-4,0.9996],"evs":[0.0,9.86267]},"64o":{"weight":0.0,"played":[1.0E-4,0.9999],"evs":[0.0,8.98966]},"74o":{"weight":0.0,"played":[3.0E-4,0.9997],"evs":[0.0,9.82384]},"84o":{"weight":0.0,"played":[0.0,1.0],"evs":[0.0,10.05185]},"94o":{"weight":0.0,"played":[0.0,1.0],"evs":[0.0,5.75077]},"T4o":{"weight":0.0,"played":[0.0,1.0],"evs":[0.0,9.13781]},"J4o":{"weight":0.0,"played":[0.0,1.0],"evs":[0.0,6.88453]},"Q4o":{"weight":0.0,"played":[6.0E-4,0.9994],"evs":[0.0,6.82883]},"K4o":{"weight":0.0,"played":[0.0,1.0],"evs":[0.0,9.64751]},"A4o":{"weight":4.0E-4,"played":[4.0E-4,0.9996],"evs":[0.0,8.12714]},"52s":{"weight":0.0,"played":[0.0042,0.9958],"evs":[0.0,10.24791]},"53s":{"weight":0.0,"played":[0.0013,0.9987],"evs":[0.0,13.69015]},"54s":{"weight":1.0E-4,"played":[0.0,1.0],"evs":[0.0,10.95889]},"55":{"weight":0.7439,"played":[0.0,1.0],"evs":[0.0,15.34887]},"65o":{"weight":0.0,"played":[1.0E-4,0.9999],"evs":[0.0,9.66616]},"75o":{"weight":0.0,"played":[3.0E-4,0.9997],"evs":[0.0,9.85452]},"85o":{"weight":0.0,"played":[1.0E-4,0.9999],"evs":[0.0,7.64525]},"95o":{"weight":0.0,"played":[0.001,0.999],"evs":[0.0,9.62517]},"T5o":{"weight":0.0,"played":[5.0E-4,0.9995],"evs":[0.0,7.82133]},"J5o":{"weight":0.0,"played":[0.0022,0.9978],"evs":[0.0,7.87844]},"Q5o":{"weight":0.0,"played":[0.0,1.0],"evs":[0.0,8.07502]},"K5o":{"weight":0.0,"played":[0.0,1.0],"evs":[0.0,10.43739]},"A5o":{"weight":0.0028,"played":[3.0E-4,0.9997],"evs":[0.0,9.60077]},"62s":{"weight":0.0,"played":[0.0012,0.9988],"evs":[0.0,13.90562]},"63s":{"weight":0.0,"played":[0.0043,0.9957],"evs":[0.0,11.74035]},"64s":{"weight":0.0,"played":[2.0E-4,0.9998],"evs":[0.0,13.64211]},"65s":{"weight":0.0,"played":[0.0013,0.9987],"evs":[0.0,8.33747]},"66":{"weight":7.0E-4,"played":[0.0,1.0],"evs":[0.0,13.39713]},"76o":{"weight":0.0,"played":[0.0,1.0],"evs":[0.0,10.58289]},"86o":{"weight":0.0,"played":[0.0,1.0],"evs":[0.0,10.68932]},"96o":{"weight":0.0,"played":[0.0,1.0],"evs":[0.0,8.2375]},"T6o":{"weight":0.0,"played":[0.0019,0.9981],"evs":[0.0,7.69819]},"J6o":{"weight":0.0,"played":[0.0,1.0],"evs":[0.0,5.87182]},"Q6o":{"weight":0.0,"played":[1.0E-4,0.9999],"evs":[0.0,9.19277]},"K6o":{"weight":0.0,"played":[0.0,1.0],"evs":[0.0,9.44913]},"A6o":{"weight":0.0012,"played":[0.0,1.0],"evs":[0.0,10.89835]},"72s":{"weight":0.0,"played":[0.0016,0.9984],"evs":[0.0,11.85651]},"73s":{"weight":0.0,"played":[0.001,0.999],"evs":[0.0,11.94989]},"74s":{"weight":0.0,"played":[7.0E-4,0.9993],"evs":[0.0,11.81137]},"75s":{"weight":0.0,"played":[0.0026,0.9974],"evs":[0.0,11.31051]},"76s":{"weight":0.0,"played":[1.0E-4,0.9999],"evs":[0.0,13.1946]},"77":{"weight":0.7734,"played":[0.0,1.0],"evs":[0.0,16.25005]},"87o":{"weight":0.0,"played":[0.0,1.0],"evs":[0.0,10.30236]},"97o":{"weight":0.0,"played":[2.0E-4,0.9998],"evs":[0.0,10.02511]},"T7o":{"weight":0.0,"played":[6.0E-4,0.9994],"evs":[0.0,9.63926]},"J7o":{"weight":0.0,"played":[1.0E-4,0.9999],"evs":[0.0,7.55508]},"Q7o":{"weight":0.0,"played":[4.0E-4,0.9996],"evs":[0.0,9.67893]},"K7o":{"weight":0.0,"played":[0.0,1.0],"evs":[0.0,9.58421]},"A7o":{"weight":0.0218,"played":[0.0,1.0],"evs":[0.0,9.5025]},"82s":{"weight":0.0,"played":[3.0E-4,0.9997],"evs":[0.0,8.38464]},"83s":{"weight":0.0,"played":[0.0062,0.9938],"evs":[0.0,8.33583]},"84s":{"weight":0.0,"played":[7.0E-4,0.9993],"evs":[0.0,10.12606]},"85s":{"weight":8.0E-4,"played":[2.0E-4,0.9998],"evs":[0.0,6.80544]},"86s":{"weight":2.0E-4,"played":[8.0E-4,0.9992],"evs":[0.0,11.9132]},"87s":{"weight":7.0E-4,"played":[6.0E-4,0.9994],"evs":[0.0,12.07022]},"88":{"weight":0.8416,"played":[7.0E-4,0.9993],"evs":[0.0,15.03948]},"98o":{"weight":0.0,"played":[0.0,1.0],"evs":[0.0,10.97935]},"T8o":{"weight":0.0,"played":[0.0,1.0],"evs":[0.0,11.00702]},"J8o":{"weight":0.0,"played":[1.0E-4,0.9999],"evs":[0.0,9.6611]},"Q8o":{"weight":1.0E-4,"played":[0.0,1.0],"evs":[0.0,8.64789]},"K8o":{"weight":5.0E-4,"played":[2.0E-4,0.9998],"evs":[0.0,9.71079]},"A8o":{"weight":0.5018,"played":[2.0E-4,0.9998],"evs":[0.0,10.77671]},"92s":{"weight":0.0,"played":[0.0091,0.9909],"evs":[0.0,5.29509]},"93s":{"weight":0.0,"played":[0.0013,0.9987],"evs":[0.0,11.52276]},"94s":{"weight":0.0,"played":[0.0,1.0],"evs":[0.0,9.47734]},"95s":{"weight":0.0,"played":[0.0034,0.9966],"evs":[0.0,6.34409]},"96s":{"weight":5.0E-4,"played":[8.0E-4,0.9992],"evs":[0.0,11.88543]},"97s":{"weight":0.0062,"played":[0.0,1.0],"evs":[0.0,17.72588]},"98s":{"weight":0.0259,"played":[2.0E-4,0.9998],"evs":[0.0,17.70339]},"99":{"weight":0.0517,"played":[0.0,1.0],"evs":[0.0,14.744]},"T9o":{"weight":1.0E-4,"played":[0.0,1.0],"evs":[0.0,10.63573]},"J9o":{"weight":3.0E-4,"played":[0.0,1.0],"evs":[0.0,9.65635]},"Q9o":{"weight":0.0026,"played":[0.0,1.0],"evs":[0.0,10.4934]},"K9o":{"weight":0.0235,"played":[0.0,1.0],"evs":[0.0,11.34555]},"A9o":{"weight":0.0112,"played":[0.0,1.0],"evs":[0.0,11.1066]},"T2s":{"weight":0.0,"played":[0.0015,0.9985],"evs":[0.0,9.9179]},"T3s":{"weight":0.0,"played":[2.0E-4,0.9998],"evs":[0.0,5.44108]},"T4s":{"weight":0.0,"played":[0.0,1.0],"evs":[0.0,9.68614]},"T5s":{"weight":0.0,"played":[9.0E-4,0.9991],"evs":[0.0,8.64299]},"T6s":{"weight":0.0,"played":[6.0E-4,0.9994],"evs":[0.0,10.25561]},"T7s":{"weight":2.0E-4,"played":[0.0,1.0],"evs":[0.0,12.58461]},"T8s":{"weight":0.0013,"played":[0.0,1.0],"evs":[0.0,10.51626]},"T9s":{"weight":0.0361,"played":[0.0,1.0],"evs":[0.0,11.64742]},"TT":{"weight":0.1834,"played":[1.0E-4,0.9999],"evs":[0.0,21.03729]},"JTo":{"weight":0.1005,"played":[0.0,1.0],"evs":[0.0,12.65844]},"QTo":{"weight":0.0149,"played":[2.0E-4,0.9998],"evs":[0.0,10.36977]},"KTo":{"weight":0.1764,"played":[1.0E-4,0.9999],"evs":[0.0,11.67302]},"ATo":{"weight":0.2097,"played":[0.0,1.0],"evs":[0.0,12.64065]},"J2s":{"weight":0.0,"played":[1.0E-4,0.9999],"evs":[0.0,12.08651]},"J3s":{"weight":0.0,"played":[0.0,1.0],"evs":[0.0,9.74868]},"J4s":{"weight":0.0,"played":[0.003,0.997],"evs":[0.0,6.54783]},"J5s":{"weight":0.0,"played":[0.0024,0.9976],"evs":[0.0,10.81063]},"J6s":{"weight":0.0,"played":[0.0031,0.9969],"evs":[0.0,11.39148]},"J7s":{"weight":0.0026,"played":[7.0E-4,0.9993],"evs":[0.0,10.23441]},"J8s":{"weight":0.0868,"played":[0.0017,0.9983],"evs":[0.0,12.4262]},"J9s":{"weight":0.0015,"played":[2.0E-4,0.9998],"evs":[0.0,16.03969]},"JTs":{"weight":0.2519,"played":[0.0,1.0],"evs":[0.0,12.26966]},"JJ":{"weight":0.4568,"played":[2.0E-4,0.9998],"evs":[0.0,24.6318]},"QJo":{"weight":0.0609,"played":[2.0E-4,0.9998],"evs":[0.0,11.89705]},"KJo":{"weight":0.2604,"played":[0.0,1.0],"evs":[0.0,10.8911]},"AJo":{"weight":0.1179,"played":[0.0,1.0],"evs":[0.0,16.84931]},"Q2s":{"weight":0.0,"played":[1.0E-4,0.9999],"evs":[0.0,11.75339]},"Q3s":{"weight":0.0,"played":[1.0E-4,0.9999],"evs":[0.0,11.48221]},"Q4s":{"weight":1.0E-4,"played":[0.0014,0.9986],"evs":[0.0,14.36885]},"Q5s":{"weight":0.0,"played":[3.0E-4,0.9997],"evs":[0.0,9.84641]},"Q6s":{"weight":0.003,"played":[3.0E-4,0.9997],"evs":[0.0,12.87141]},"Q7s":{"weight":0.0,"played":[4.0E-4,0.9996],"evs":[0.0,10.77816]},"Q8s":{"weight":0.0,"played":[0.0,1.0],"evs":[0.0,10.93941]},"Q9s":{"weight":0.0055,"played":[2.0E-4,0.9998],"evs":[0.0,12.21254]},"QTs":{"weight":0.5348,"played":[2.0E-4,0.9998],"evs":[0.0,11.79869]},"QJs":{"weight":0.7006,"played":[1.0E-4,0.9999],"evs":[0.0,15.06116]},"QQ":{"weight":0.06,"played":[2.0E-4,0.9998],"evs":[0.0,29.10905]},"KQo":{"weight":0.0399,"played":[0.0,1.0],"evs":[0.0,15.57166]},"AQo":{"weight":0.5516,"played":[0.0,1.0],"evs":[0.0,15.83351]},"K2s":{"weight":0.0011,"played":[1.0E-4,0.9999],"evs":[0.0,11.41151]},"K3s":{"weight":0.0022,"played":[0.0,1.0],"evs":[0.0,11.83616]},"K4s":{"weight":1.0E-4,"played":[2.0E-4,0.9998],"evs":[0.0,11.24286]},"K5s":{"weight":4.0E-4,"played":[0.001,0.999],"evs":[0.0,11.33084]},"K6s":{"weight":0.0038,"played":[2.0E-4,0.9998],"evs":[0.0,12.20161]},"K7s":{"weight":0.0018,"played":[1.0E-4,0.9999],"evs":[0.0,12.43853]},"K8s":{"weight":0.006,"played":[4.0E-4,0.9996],"evs":[0.0,12.9274]},"K9s":{"weight":0.4895,"played":[0.0,1.0],"evs":[0.0,9.40252]},"KTs":{"weight":0.343,"played":[2.0E-4,0.9998],"evs":[0.0,16.64852]},"KJs":{"weight":0.0403,"played":[4.0E-4,0.9996],"evs":[0.0,16.77351]},"KQs":{"weight":0.1857,"played":[5.0E-4,0.9995],"evs":[0.0,17.29966]},"KK":{"weight":0.8337,"played":[0.0,1.0],"evs":[0.0,31.64971]},"AKo":{"weight":0.5165,"played":[0.0,1.0],"evs":[0.0,19.13423]},"A2s":{"weight":0.028,"played":[0.0,1.0],"evs":[0.0,13.30099]},"A3s":{"weight":0.0392,"played":[0.0,1.0],"evs":[0.0,13.33181]},"A4s":{"weight":0.0344,"played":[0.0,1.0],"evs":[0.0,10.85]},"A5s":{"weight":0.7493,"played":[0.0,1.0],"evs":[0.0,12.42397]},"A6s":{"weight":0.0221,"played":[4.0E-4,0.9996],"evs":[0.0,9.85691]},"A7s":{"weight":0.5723,"played":[2.0E-4,0.9998],"evs":[0.0,12.22178]},"A8s":{"weight":0.5055,"played":[2.0E-4,0.9998],"evs":[0.0,14.42101]},"A9s":{"weight":0.7059,"played":[0.0,1.0],"evs":[0.0,16.669]},"ATs":{"weight":0.5174,"played":[0.0015,0.9985],"evs":[0.0,12.85915]},"AJs":{"weight":0.6774,"played":[0.0,1.0],"evs":[0.0,13.29483]},"AQs":{"weight":0.6935,"played":[1.0E-4,0.9999],"evs":[0.0,17.59363]},"AKs":{"weight":0.0011,"played":[6.0E-4,0.9994],"evs":[0.0,19.16348]},"AA":{"weight":0.3213,"played":[0.0,1.0],"evs":[0.0,37.64935]}}}