{"player":3,"street":0,"children":2,"sequence":[{"player":0,"type":"R","amount":945000,"street":0},{"player":1,"type":"R","amount":1135000,"street":0},{"player":2,"type":"F","amount":0,"street":0}],"actions":[{"type":"F","amount":0,"node":61},{"type":"R","amount":1975000,"node":62}],"hands":{"22":{"weight":1.0,"played":[0.0039,0.9961],"evs":[0.0,1.10353]},"32o":{"weight":1.0,"played":[0.9999,1.0E-4],"evs":[0.0,-4.56516]},"42o":{"weight":1.0,"played":[1.0,0.0],"evs":[0.0,-5.52699]},"52o":{"weight":1.0,"played":[0.9962,0.0038],"evs":[0.0,-5.19555]},"62o":{"weight":1.0,"played":[1.0,0.0],"evs":[0.0,-5.72589]},"72o":{"weight":1.0,"played":[1.0,0.0],"evs":[0.0,-5.38219]},"82o":{"weight":1.0,"played":[1.0,0.0],"evs":[0.0,-6.31567]},"92o":{"weight":1.0,"played":[1.0,0.0],"evs":[0.0,-5.7663]},"T2o":{"weight":1.0,"played":[1.0,0.0],"evs":[0.0,-5.18362]},"J2o":{"weight":1.0,"played":[0.9983,0.0017],"evs":[0.0,-5.41929]},"Q2o":{"weight":1.0,"played":[0.9981,0.0019],"evs":[0.0,-4.19387]},"K2o":{"weight":1.0,"played":[0.9977,0.0023],"evs":[0.0,-4.89311]},"A2o":{"weight":1.0,"played":[0.9966,0.0034],"evs":[0.0,-3.19906]},"32s":{"weight":1.0,"played":[0.9931,0.0069],"evs":[0.0,-2.36516]},"33":{"weight":1.0,"played":[0.005,0.995],"evs":[0.0,1.4491]},"43o":{"weight":1.0,"played":[1.0,0.0],"evs":[0.0,-4.21153]},"53o":{"weight":1.0,"played":[0.9997,3.0E-4],"evs":[0.0,-3.73168]},"63o":{"weight":1.0,"played":[0.9997,3.0E-4],"evs":[0.0,-5.21323]},"73o":{"weight":1.0,"played":[0.9999,1.0E-4],"evs":[0.0,-4.91035]},"83o":{"weight":1.0,"played":[1.0,0.0],"evs":[0.0,-4.47732]},"93o":{"weight":1.0,"played":[0.9991,9.0E-4],"evs":[0.0,-5.58547]},"T3o":{"weight":1.0,"played":[0.9999,1.0E-4],"evs":[0.0,-5.3147]},"J3o":{"weight":1.0,"played":[1.0,0.0],"evs":[0.0,-4.32196]},"Q3o":{"weight":1.0,"played":[0.9952,0.0048],"evs":[0.0,-3.73293]},"K3o":{"weight":1.0,"played":[0.998,0.002],"evs":[0.0,-3.68815]},"A3o":{"weight":1.0,"played":[0.9716,0.0284],"evs":[0.0,-1.61678]},"42s":{"weight":1.0,"played":[0.988,0.012],"evs":[0.0,-1.88436]},"43s":{"weight":1.0,"played":[0.9854,0.0146],"evs":[0.0,-1.45111]},"44":{"weight":1.0,"played":[4.0E-4,0.9996],"evs":[0.0,3.18288]},"54o":{"weight":1.0,"played":[0.9951,0.0049],"evs":[0.0,-2.69691]},"64o":{"weight":1.0,"played":[0.9996,4.0E-4],"evs":[0.0,-3.06835]},"74o":{"weight":1.0,"played":[0.9999,1.0E-4],"evs":[0.0,-3.20126]},"84o":{"weight":1.0,"played":[0.9999,1.0E-4],"evs":[0.0,-4.15532]},"94o":{"weight":1.0,"played":[0.9999,1.0E-4],"evs":[0.0,-5.33852]},"T4o":{"weight":1.0,"played":[0.999,0.001],"evs":[0.0,-4.86554]},"J4o":{"weight":1.0,"played":[0.9998,2.0E-4],"evs":[0.0,-3.53486]},"Q4o":{"weight":1.0,"played":[0.9963,0.0037],"evs":[0.0,-5.00552]},"K4o":{"weight":1.0,"played":[0.9982,0.0018],"evs":[0.0,-4.50808]},"A4o":{"weight":1.0,"played":[0.9938,0.0062],"evs":[0.0,-2.50067]},"52s":{"weight":1.0,"played":[0.9363,0.0637],"evs":[0.0,-1.9538]},"53s":{"weight":1.0,"played":[0.9209,0.0791],"evs":[0.0,-2.32984]},"54s":{"weight":1.0,"played":[0.3658,0.6342],"evs":[0.0,0.21444]},"55":{"weight":1.0,"played":[0.0,1.0],"evs":[0.0,1.99875]},"65o":{"weight":1.0,"played":[0.995,0.005],"evs":[0.0,-2.11828]},"75o":{"weight":1.0,"played":[1.0,0.0],"evs":[0.0,-2.62548]},"85o":{"weight":1.0,"played":[1.0,0.0],"evs":[0.0,-3.08931]},"95o":{"weight":1.0,"played":[0.999,0.001],"evs":[0.0,-3.73348]},"T5o":{"weight":1.0,"played":[1.0,0.0],"evs":[0.0,-4.59331]},"J5o":{"weight":1.0,"played":[0.9997,3.0E-4],"evs":[0.0,-4.5706]},"Q5o":{"weight":1.0,"played":[0.9972,0.0028],"evs":[0.0,-2.62099]},"K5o":{"weight":1.0,"played":[0.9939,0.0061],"evs":[0.0,-2.05451]},"A5o":{"weight":1.0,"played":[0.8476,0.1524],"evs":[0.0,-0.53605]},"62s":{"weight":1.0,"played":[0.9588,0.0412],"evs":[0.0,-0.68584]},"63s":{"weight":1.0,"played":[0.8289,0.1711],"evs":[0.0,-0.83588]},"64s":{"weight":1.0,"played":[0.9324,0.0676],"evs":[0.0,-2.89087]},"65s":{"weight":1.0,"played":[0.8756,0.1244],"evs":[0.0,-1.20375]},"66":{"weight":1.0,"played":[1.0E-4,0.9999],"evs":[0.0,2.91091]},"76o":{"weight":1.0,"played":[0.9995,5.0E-4],"evs":[0.0,-1.75451]},"86o":{"weight":1.0,"played":[0.9941,0.0059],"evs":[0.0,-2.52323]},"96o":{"weight":1.0,"played":[0.9994,6.0E-4],"evs":[0.0,-3.685]},"T6o":{"weight":1.0,"played":[1.0,0.0],"evs":[0.0,-3.34843]},"J6o":{"weight":1.0,"played":[0.9972,0.0028],"evs":[0.0,-3.77252]},"Q6o":{"weight":1.0,"played":[0.9977,0.0023],"evs":[0.0,-3.75472]},"K6o":{"weight":1.0,"played":[0.9975,0.0025],"evs":[0.0,-2.93208]},"A6o":{"weight":1.0,"played":[0.9908,0.0092],"evs":[0.0,-1.96894]},"72s":{"weight":1.0,"played":[0.9997,3.0E-4],"evs":[0.0,-4.14057]},"73s":{"weight":1.0,"played":[1.0,0.0],"evs":[0.0,-2.73439]},"74s":{"weight":1.0,"played":[0.898,0.102],"evs":[0.0,-2.54087]},"75s":{"weight":1.0,"played":[0.4613,0.5387],"evs":[0.0,0.41694]},"76s":{"weight":1.0,"played":[0.5026,0.4974],"evs":[0.0,1.6976]},"77":{"weight":1.0,"played":[0.0,1.0],"evs":[0.0,6.50707]},"87o":{"weight":1.0,"played":[0.9936,0.0064],"evs":[0.0,-2.23949]},"97o":{"weight":1.0,"played":[0.9943,0.0057],"evs":[0.0,-2.23999]},"T7o":{"weight":1.0,"played":[0.9982,0.0018],"evs":[0.0,-2.63424]},"J7o":{"weight":1.0,"played":[0.9938,0.0062],"evs":[0.0,-3.21603]},"Q7o":{"weight":1.0,"played":[0.9992,8.0E-4],"evs":[0.0,-4.00082]},"K7o":{"weight":1.0,"played":[0.9966,0.0034],"evs":[0.0,-3.0018]},"A7o":{"weight":1.0,"played":[0.9799,0.0201],"evs":[0.0,-1.00553]},"82s":{"weight":1.0,"played":[0.9984,0.0016],"evs":[0.0,-5.13168]},"83s":{"weight":1.0,"played":[0.9966,0.0034],"evs":[0.0,-3.29905]},"84s":{"weight":1.0,"played":[0.9998,2.0E-4],"evs":[0.0,-4.1319]},"85s":{"weight":1.0,"played":[0.9248,0.0752],"evs":[0.0,-2.28884]},"86s":{"weight":1.0,"played":[0.2221,0.7779],"evs":[0.0,1.61364]},"87s":{"weight":1.0,"played":[0.0664,0.9336],"evs":[0.0,1.40383]},"88":{"weight":1.0,"played":[3.0E-4,0.9997],"evs":[0.0,6.11379]},"98o":{"weight":1.0,"played":[0.9921,0.0079],"evs":[0.0,-2.198]},"T8o":{"weight":1.0,"played":[0.9547,0.0453],"evs":[0.0,-1.68701]},"J8o":{"weight":1.0,"played":[0.9999,1.0E-4],"evs":[0.0,-2.5898]},"Q8o":{"weight":1.0,"played":[0.9998,2.0E-4],"evs":[0.0,-2.47094]},"K8o":{"weight":1.0,"played":[0.9358,0.0642],"evs":[0.0,-1.52759]},"A8o":{"weight":1.0,"played":[0.8091,0.1909],"evs":[0.0,-1.30381]},"92s":{"weight":1.0,"played":[0.9915,0.0085],"evs":[0.0,-2.84619]},"93s":{"weight":1.0,"played":[0.9917,0.0083],"evs":[0.0,-2.35077]},"94s":{"weight":1.0,"played":[0.922,0.078],"evs":[0.0,-3.79464]},"95s":{"weight":1.0,"played":[0.8494,0.1506],"evs":[0.0,-1.58024]},"96s":{"weight":1.0,"played":[0.8958,0.1042],"evs":[0.0,-0.99657]},"97s":{"weight":1.0,"played":[0.1989,0.8011],"evs":[0.0,0.24678]},"98s":{"weight":1.0,"played":[0.0497,0.9503],"evs":[0.0,1.95523]},"99":{"weight":1.0,"played":[1.0E-4,0.9999],"evs":[0.0,9.16146]},"T9o":{"weight":1.0,"played":[0.5543,0.4457],"evs":[0.0,0.01635]},"J9o":{"weight":1.0,"played":[0.982,0.018],"evs":[0.0,-0.95284]},"Q9o":{"weight":1.0,"played":[0.9432,0.0568],"evs":[0.0,-0.32849]},"K9o":{"weight":1.0,"played":[0.856,0.144],"evs":[0.0,-1.0235]},"A9o":{"weight":1.0,"played":[9.0E-4,0.9991],"evs":[0.0,1.16314]},"T2s":{"weight":1.0,"played":[0.9475,0.0525],"evs":[0.0,-3.1559]},"T3s":{"weight":1.0,"played":[0.9971,0.0029],"evs":[0.0,-1.4271]},"T4s":{"weight":1.0,"played":[0.9925,0.0075],"evs":[0.0,-2.63931]},"T5s":{"weight":1.0,"played":[0.9832,0.0168],"evs":[0.0,-1.97781]},"T6s":{"weight":1.0,"played":[0.8733,0.1267],"evs":[0.0,-3.70028]},"T7s":{"weight":1.0,"played":[0.5873,0.4127],"evs":[0.0,-0.13808]},"T8s":{"weight":1.0,"played":[0.2472,0.7528],"evs":[0.0,0.28868]},"T9s":{"weight":1.0,"played":[0.019,0.981],"evs":[0.0,0.00718]},"TT":{"weight":1.0,"played":[0.0,1.0],"evs":[0.0,10.79628]},"JTo":{"weight":1.0,"played":[0.9311,0.0689],"evs":[0.0,-1.48515]},"QTo":{"weight":1.0,"played":[0.5702,0.4298],"evs":[0.0,-0.44516]},"KTo":{"weight":1.0,"played":[1.0E-4,0.9999],"evs":[0.0,0.09621]},"ATo":{"weight":1.0,"played":[0.0,1.0],"evs":[0.0,3.27788]},"J2s":{"weight":1.0,"played":[0.9987,0.0013],"evs":[0.0,-2.55066]},"J3s":{"weight":1.0,"played":[0.8929,0.1071],"evs":[0.0,-3.19194]},"J4s":{"weight":1.0,"played":[0.67,0.33],"evs":[0.0,-0.08211]},"J5s":{"weight":1.0,"played":[0.8796,0.1204],"evs":[0.0,0.34296]},"J6s":{"weight":1.0,"played":[0.6689,0.3311],"evs":[0.0,-0.82619]},"J7s":{"weight":1.0,"played":[0.876,0.124],"evs":[0.0,-1.93347]},"J8s":{"weight":1.0,"played":[0.3537,0.6463],"evs":[0.0,0.22024]},"J9s":{"weight":1.0,"played":[0.0507,0.9493],"evs":[0.0,0.95868]},"JTs":{"weight":1.0,"played":[0.0081,0.9919],"evs":[0.0,2.40357]},"JJ":{"weight":1.0,"played":[0.0,1.0],"evs":[0.0,14.69692]},"QJo":{"weight":1.0,"played":[0.0237,0.9763],"evs":[0.0,1.05063]},"KJo":{"weight":1.0,"played":[1.0E-4,0.9999],"evs":[0.0,1.65457]},"AJo":{"weight":1.0,"played":[1.0E-4,0.9999],"evs":[0.0,5.78812]},"Q2s":{"weight":1.0,"played":[0.9991,9.0E-4],"evs":[0.0,-1.45628]},"Q3s":{"weight":1.0,"played":[0.9834,0.0166],"evs":[0.0,-1.91232]},"Q4s":{"weight":1.0,"played":[0.4443,0.5557],"evs":[0.0,-1.03851]},"Q5s":{"weight":1.0,"played":[0.7847,0.2153],"evs":[0.0,-0.35886]},"Q6s":{"weight":1.0,"played":[0.4055,0.5945],"evs":[0.0,0.28991]},"Q7s":{"weight":1.0,"played":[0.3373,0.6627],"evs":[0.0,0.44466]},"Q8s":{"weight":1.0,"played":[0.2894,0.7106],"evs":[0.0,1.26422]},"Q9s":{"weight":1.0,"played":[0.3267,0.6733],"evs":[0.0,0.78182]},"QTs":{"weight":1.0,"played":[3.0E-4,0.9997],"evs":[0.0,3.17598]},"QJs":{"weight":1.0,"played":[7.0E-4,0.9993],"evs":[0.0,3.37693]},"QQ":{"weight":1.0,"played":[0.0,1.0],"evs":[0.0,16.4314]},"KQo":{"weight":1.0,"played":[1.0E-4,0.9999],"evs":[0.0,2.00628]},"AQo":{"weight":1.0,"played":[0.0,1.0],"evs":[0.0,6.94993]},"K2s":{"weight":1.0,"played":[0.97,0.03],"evs":[0.0,-1.56087]},"K3s":{"weight":1.0,"played":[0.9358,0.0642],"evs":[0.0,-2.83768]},"K4s":{"weight":1.0,"played":[0.9499,0.0501],"evs":[0.0,-1.6326]},"K5s":{"weight":1.0,"played":[0.0349,0.9651],"evs":[0.0,1.00717]},"K6s":{"weight":1.0,"played":[2.0E-4,0.9998],"evs":[0.0,0.18802]},"K7s":{"weight":1.0,"played":[0.266,0.734],"evs":[0.0,0.0591]},"K8s":{"weight":1.0,"played":[0.4336,0.5664],"evs":[0.0,-0.50432]},"K9s":{"weight":1.0,"played":[0.0013,0.9987],"evs":[0.0,2.12695]},"KTs":{"weight":1.0,"played":[0.0182,0.9818],"evs":[0.0,2.67299]},"KJs":{"weight":1.0,"played":[1.0E-4,0.9999],"evs":[0.0,2.31841]},"KQs":{"weight":1.0,"played":[0.0012,0.9988],"evs":[0.0,5.44235]},"KK":{"weight":1.0,"played":[0.0,1.0],"evs":[0.0,20.94498]},"AKo":{"weight":1.0,"played":[0.0,1.0],"evs":[0.0,8.99289]},"A2s":{"weight":1.0,"played":[0.3824,0.6176],"evs":[0.0,-0.74925]},"A3s":{"weight":1.0,"played":[0.0713,0.9287],"evs":[0.0,0.69552]},"A4s":{"weight":1.0,"played":[0.9562,0.0438],"evs":[0.0,-1.56299]},"A5s":{"weight":1.0,"played":[0.0319,0.9681],"evs":[0.0,0.41866]},"A6s":{"weight":1.0,"played":[0.8386,0.1614],"evs":[0.0,-0.83458]},"A7s":{"weight":1.0,"played":[0.1191,0.8809],"evs":[0.0,0.81203]},"A8s":{"weight":1.0,"played":[1.0E-4,0.9999],"evs":[0.0,1.95577]},"A9s":{"weight":1.0,"played":[0.0,1.0],"evs":[0.0,3.30238]},"ATs":{"weight":1.0,"played":[1.0E-4,0.9999],"evs":[0.0,4.39552]},"AJs":{"weight":1.0,"played":[3.0E-4,0.9997],"evs":[0.0,5.95145]},"AQs":{"weight":1.0,"played":[1.0E-4,0.9999],"evs":[0.0,10.16181]},"AKs":{"weight":1.0,"played":[0.0,1.0],"evs":[0.0,10.11657]},"AA":{"weight":1.0,"played":[0.0,1.0],"evs":[0.0,28.50555]}}}