{"player":3,"street":0,"children":2,"sequence":[{"player":0,"type":"F","amount":0,"street":0},{"player":1,"type":"F","amount":0,"street":0},{"player":2,"type":"F","amount":0,"street":0},{"player":3,"type":"C","amount":50000,"street":0},{"player":4,"type":"R","amount":300000,"street":0},{"player":3,"type":"R","amount":600000,"street":0},{"player":4,"type":"R","amount":1975000,"street":0}],"actions":[{"type":"F","amount":0},{"type":"C","amount":1375000}],"hands":{"22":{"weight":0.0,"played":[0.2232,0.7768],"evs":[0.0,3.10287]},"32o":{"weight":0.0,"played":[1.0,0.0],"evs":[0.0,-3.22257]},"42o":{"weight":0.0,"played":[0.9989,0.0011],"evs":[0.0,-2.09768]},"52o":{"weight":0.0,"played":[0.9979,0.0021],"evs":[0.0,-4.11602]},"62o":{"weight":0.0,"played":[1.0,0.0],"evs":[0.0,-3.87335]},"72o":{"weight":0.0,"played":[0.9897,0.0103],"evs":[0.0,-6.10972]},"82o":{"weight":0.0,"played":[0.9917,0.0083],"evs":[0.0,-5.74283]},"92o":{"weight":0.0,"played":[0.9978,0.0022],"evs":[0.0,-5.56124]},"T2o":{"weight":0.0,"played":[0.9679,0.0321],"evs":[0.0,-5.45385]},"J2o":{"weight":0.0,"played":[0.9726,0.0274],"evs":[0.0,-2.81328]},"Q2o":{"weight":0.0,"played":[0.9514,0.0486],"evs":[0.0,-3.26344]},"K2o":{"weight":0.0804,"played":[0.9773,0.0227],"evs":[0.0,-2.76959]},"A2o":{"weight":0.0048,"played":[1.0E-4,0.9999],"evs":[0.0,1.56551]},"32s":{"weight":4.0E-4,"played":[0.8958,0.1042],"evs":[0.0,-2.67553]},"33":{"weight":2.0E-4,"played":[0.0034,0.9966],"evs":[0.0,3.91225]},"43o":{"weight":0.0,"played":[0.9999,1.0E-4],"evs":[0.0,-2.13715]},"53o":{"weight":0.0,"played":[0.9996,4.0E-4],"evs":[0.0,-4.88266]},"63o":{"weight":0.0,"played":[1.0,0.0],"evs":[0.0,-5.45832]},"73o":{"weight":0.0,"played":[0.9967,0.0033],"evs":[0.0,-5.33217]},"83o":{"weight":0.0,"played":[0.9907,0.0093],"evs":[0.0,-6.21083]},"93o":{"weight":0.0,"played":[0.961,0.039],"evs":[0.0,-4.02999]},"T3o":{"weight":0.0,"played":[0.99,0.01],"evs":[0.0,-5.88148]},"J3o":{"weight":0.0,"played":[0.9731,0.0269],"evs":[0.0,-2.9237]},"Q3o":{"weight":2.0E-4,"played":[0.9285,0.0715],"evs":[0.0,-4.49654]},"K3o":{"weight":0.0,"played":[0.9981,0.0019],"evs":[0.0,-3.21972]},"A3o":{"weight":0.0015,"played":[0.0,1.0],"evs":[0.0,1.86079]},"42s":{"weight":0.0,"played":[0.9028,0.0972],"evs":[0.0,-2.62498]},"43s":{"weight":0.038,"played":[0.9891,0.0109],"evs":[0.0,-3.91536]},"44":{"weight":0.0053,"played":[0.0,1.0],"evs":[0.0,3.74298]},"54o":{"weight":0.0,"played":[0.9729,0.0271],"evs":[0.0,-3.70831]},"64o":{"weight":0.0,"played":[0.9818,0.0182],"evs":[0.0,-2.59394]},"74o":{"weight":0.0,"played":[0.9965,0.0035],"evs":[0.0,-5.5339]},"84o":{"weight":0.0,"played":[0.9994,6.0E-4],"evs":[0.0,-4.15718]},"94o":{"weight":0.0,"played":[0.9993,7.0E-4],"evs":[0.0,-5.92808]},"T4o":{"weight":0.0,"played":[0.9991,9.0E-4],"evs":[0.0,-4.90831]},"J4o":{"weight":0.0,"played":[0.9976,0.0024],"evs":[0.0,-2.91598]},"Q4o":{"weight":0.0,"played":[0.9284,0.0716],"evs":[0.0,-3.37858]},"K4o":{"weight":0.0045,"played":[0.9887,0.0113],"evs":[0.0,-0.60879]},"A4o":{"weight":0.0,"played":[0.0045,0.9955],"evs":[0.0,1.85597]},"52s":{"weight":0.001,"played":[0.6804,0.3196],"evs":[0.0,0.50813]},"53s":{"weight":0.0172,"played":[0.2913,0.7087],"evs":[0.0,0.38301]},"54s":{"weight":0.0033,"played":[0.455,0.545],"evs":[0.0,0.0641]},"55":{"weight":1.0E-4,"played":[0.0079,0.9921],"evs":[0.0,2.67213]},"65o":{"weight":0.0,"played":[0.3515,0.6485],"evs":[0.0,0.33431]},"75o":{"weight":0.0,"played":[0.8502,0.1498],"evs":[0.0,-3.46862]},"85o":{"weight":0.0,"played":[0.9757,0.0243],"evs":[0.0,-2.99292]},"95o":{"weight":0.0,"played":[0.9889,0.0111],"evs":[0.0,-4.04655]},"T5o":{"weight":0.0,"played":[0.996,0.004],"evs":[0.0,-3.13679]},"J5o":{"weight":0.0888,"played":[0.9827,0.0173],"evs":[0.0,-3.41782]},"Q5o":{"weight":0.1265,"played":[0.9908,0.0092],"evs":[0.0,-2.36883]},"K5o":{"weight":3.0E-4,"played":[0.7096,0.2904],"evs":[0.0,-0.86794]},"A5o":{"weight":7.0E-4,"played":[3.0E-4,0.9997],"evs":[0.0,2.28075]},"62s":{"weight":0.0015,"played":[0.8426,0.1574],"evs":[0.0,-2.60399]},"63s":{"weight":1.0E-4,"played":[0.9263,0.0737],"evs":[0.0,-2.63853]},"64s":{"weight":0.0011,"played":[0.9947,0.0053],"evs":[0.0,-3.10024]},"65s":{"weight":0.0212,"played":[0.8035,0.1965],"evs":[0.0,-1.37817]},"66":{"weight":0.5834,"played":[0.001,0.999],"evs":[0.0,5.43929]},"76o":{"weight":0.0,"played":[0.9639,0.0361],"evs":[0.0,-1.8948]},"86o":{"weight":1.0E-4,"played":[0.9692,0.0308],"evs":[0.0,-3.64724]},"96o":{"weight":0.0,"played":[0.98,0.02],"evs":[0.0,-3.24889]},"T6o":{"weight":0.0,"played":[0.963,0.037],"evs":[0.0,-2.44137]},"J6o":{"weight":0.012,"played":[0.9919,0.0081],"evs":[0.0,-2.34936]},"Q6o":{"weight":0.0533,"played":[0.9576,0.0424],"evs":[0.0,-2.55983]},"K6o":{"weight":0.0163,"played":[0.9724,0.0276],"evs":[0.0,-1.67478]},"A6o":{"weight":0.0454,"played":[0.1135,0.8865],"evs":[0.0,-0.45631]},"72s":{"weight":0.0,"played":[0.5386,0.4614],"evs":[0.0,0.27431]},"73s":{"weight":0.0188,"played":[0.9896,0.0104],"evs":[0.0,-2.47824]},"74s":{"weight":0.0376,"played":[0.9322,0.0678],"evs":[0.0,0.01152]},"75s":{"weight":1.0E-4,"played":[0.4776,0.5224],"evs":[0.0,-0.48728]},"76s":{"weight":1.0E-4,"played":[0.9253,0.0747],"evs":[0.0,-2.38348]},"77":{"weight":0.3437,"played":[5.0E-4,0.9995],"evs":[0.0,3.78995]},"87o":{"weight":0.1243,"played":[0.9923,0.0077],"evs":[0.0,-2.22806]},"97o":{"weight":0.042,"played":[0.9103,0.0897],"evs":[0.0,-4.54256]},"T7o":{"weight":0.0232,"played":[0.9702,0.0298],"evs":[0.0,-1.75983]},"J7o":{"weight":0.0203,"played":[0.9716,0.0284],"evs":[0.0,-2.93294]},"Q7o":{"weight":0.007,"played":[0.8713,0.1287],"evs":[0.0,-2.56003]},"K7o":{"weight":0.0,"played":[0.901,0.099],"evs":[0.0,-2.24744]},"A7o":{"weight":9.0E-4,"played":[1.0E-4,0.9999],"evs":[0.0,3.69648]},"82s":{"weight":0.0038,"played":[0.9965,0.0035],"evs":[0.0,-2.51156]},"83s":{"weight":0.0195,"played":[0.9574,0.0426],"evs":[0.0,-3.13325]},"84s":{"weight":0.0765,"played":[0.9884,0.0116],"evs":[0.0,-2.51877]},"85s":{"weight":0.0,"played":[0.9119,0.0881],"evs":[0.0,-3.68323]},"86s":{"weight":2.0E-4,"played":[0.7659,0.2341],"evs":[0.0,-1.4275]},"87s":{"weight":0.0432,"played":[0.6529,0.3471],"evs":[0.0,-1.80276]},"88":{"weight":0.0276,"played":[0.0,1.0],"evs":[0.0,6.47962]},"98o":{"weight":0.0297,"played":[0.9798,0.0202],"evs":[0.0,-3.0389]},"T8o":{"weight":1.0E-4,"played":[0.9991,9.0E-4],"evs":[0.0,-2.62095]},"J8o":{"weight":0.0248,"played":[0.9258,0.0742],"evs":[0.0,-3.15005]},"Q8o":{"weight":0.0,"played":[0.8738,0.1262],"evs":[0.0,-2.53557]},"K8o":{"weight":0.0084,"played":[0.31,0.69],"evs":[0.0,-1.37068]},"A8o":{"weight":0.0121,"played":[0.0,1.0],"evs":[0.0,1.71892]},"92s":{"weight":0.0323,"played":[0.9868,0.0132],"evs":[0.0,-2.5927]},"93s":{"weight":0.0,"played":[0.8663,0.1337],"evs":[0.0,-2.10191]},"94s":{"weight":0.002,"played":[0.5981,0.4019],"evs":[0.0,-0.33804]},"95s":{"weight":1.0E-4,"played":[0.6307,0.3693],"evs":[0.0,0.12848]},"96s":{"weight":2.0E-4,"played":[0.7896,0.2104],"evs":[0.0,-0.16496]},"97s":{"weight":9.0E-4,"played":[0.8948,0.1052],"evs":[0.0,-3.92941]},"98s":{"weight":0.0051,"played":[0.0793,0.9207],"evs":[0.0,1.02382]},"99":{"weight":0.0531,"played":[0.0,1.0],"evs":[0.0,10.64044]},"T9o":{"weight":0.002,"played":[0.603,0.397],"evs":[0.0,-1.47639]},"J9o":{"weight":0.0011,"played":[0.9663,0.0337],"evs":[0.0,-1.23543]},"Q9o":{"weight":2.0E-4,"played":[0.0335,0.9665],"evs":[0.0,0.33289]},"K9o":{"weight":0.0074,"played":[0.5634,0.4366],"evs":[0.0,0.09041]},"A9o":{"weight":0.0247,"played":[0.0,1.0],"evs":[0.0,3.98533]},"T2s":{"weight":0.0,"played":[0.9138,0.0862],"evs":[0.0,-2.61768]},"T3s":{"weight":0.0,"played":[0.8996,0.1004],"evs":[0.0,-3.07546]},"T4s":{"weight":9.0E-4,"played":[0.9016,0.0984],"evs":[0.0,-2.76196]},"T5s":{"weight":0.0063,"played":[0.6396,0.3604],"evs":[0.0,-0.37353]},"T6s":{"weight":0.0097,"played":[0.9596,0.0404],"evs":[0.0,-2.98692]},"T7s":{"weight":0.021,"played":[0.0148,0.9852],"evs":[0.0,1.86653]},"T8s":{"weight":0.1331,"played":[0.5652,0.4348],"evs":[0.0,0.61622]},"T9s":{"weight":6.0E-4,"played":[0.9333,0.0667],"evs":[0.0,-1.03595]},"TT":{"weight":0.0713,"played":[0.0,1.0],"evs":[0.0,12.73456]},"JTo":{"weight":2.0E-4,"played":[0.8123,0.1877],"evs":[0.0,-0.6262]},"QTo":{"weight":0.0023,"played":[0.5675,0.4325],"evs":[0.0,-0.54701]},"KTo":{"weight":0.0976,"played":[0.0,1.0],"evs":[0.0,0.84237]},"ATo":{"weight":0.1052,"played":[0.0,1.0],"evs":[0.0,5.32411]},"J2s":{"weight":0.0011,"played":[0.2124,0.7876],"evs":[0.0,1.44881]},"J3s":{"weight":0.0011,"played":[0.4638,0.5362],"evs":[0.0,0.59061]},"J4s":{"weight":1.0E-4,"played":[0.6674,0.3326],"evs":[0.0,0.70275]},"J5s":{"weight":0.0109,"played":[0.8201,0.1799],"evs":[0.0,-0.84415]},"J6s":{"weight":0.0015,"played":[0.7853,0.2147],"evs":[0.0,-1.87729]},"J7s":{"weight":2.0E-4,"played":[0.567,0.433],"evs":[0.0,-1.97409]},"J8s":{"weight":5.0E-4,"played":[0.2796,0.7204],"evs":[0.0,1.70546]},"J9s":{"weight":0.0037,"played":[0.7633,0.2367],"evs":[0.0,0.26074]},"JTs":{"weight":0.0012,"played":[0.0347,0.9653],"evs":[0.0,1.30718]},"JJ":{"weight":0.6176,"played":[0.0,1.0],"evs":[0.0,15.24789]},"QJo":{"weight":1.0E-4,"played":[0.0117,0.9883],"evs":[0.0,1.37546]},"KJo":{"weight":0.0218,"played":[0.0,1.0],"evs":[0.0,1.79002]},"AJo":{"weight":0.0159,"played":[0.0,1.0],"evs":[0.0,6.5839]},"Q2s":{"weight":0.001,"played":[0.1163,0.8837],"evs":[0.0,1.65135]},"Q3s":{"weight":0.0172,"played":[0.9054,0.0946],"evs":[0.0,-0.78696]},"Q4s":{"weight":3.0E-4,"played":[0.819,0.181],"evs":[0.0,-0.87248]},"Q5s":{"weight":7.0E-4,"played":[0.7862,0.2138],"evs":[0.0,-1.267]},"Q6s":{"weight":0.0087,"played":[0.1368,0.8632],"evs":[0.0,-0.21816]},"Q7s":{"weight":8.0E-4,"played":[0.9135,0.0865],"evs":[0.0,-1.23151]},"Q8s":{"weight":0.015,"played":[0.434,0.566],"evs":[0.0,0.93009]},"Q9s":{"weight":0.0461,"played":[0.6383,0.3617],"evs":[0.0,1.9769]},"QTs":{"weight":0.0,"played":[0.0035,0.9965],"evs":[0.0,1.49548]},"QJs":{"weight":0.0089,"played":[0.0837,0.9163],"evs":[0.0,-0.20073]},"QQ":{"weight":0.2854,"played":[0.0,1.0],"evs":[0.0,16.75467]},"KQo":{"weight":0.3822,"played":[0.0,1.0],"evs":[0.0,3.82539]},"AQo":{"weight":0.0485,"played":[0.0,1.0],"evs":[0.0,11.7264]},"K2s":{"weight":0.105,"played":[0.7702,0.2298],"evs":[0.0,-0.56401]},"K3s":{"weight":0.0082,"played":[0.5046,0.4954],"evs":[0.0,-0.16817]},"K4s":{"weight":0.0,"played":[0.4705,0.5295],"evs":[0.0,0.28107]},"K5s":{"weight":0.0101,"played":[0.5647,0.4353],"evs":[0.0,-0.8481]},"K6s":{"weight":0.0103,"played":[0.9504,0.0496],"evs":[0.0,-0.9117]},"K7s":{"weight":0.0334,"played":[0.0,1.0],"evs":[0.0,3.32497]},"K8s":{"weight":0.0195,"played":[0.6244,0.3756],"evs":[0.0,-0.22832]},"K9s":{"weight":0.0505,"played":[0.0032,0.9968],"evs":[0.0,3.72691]},"KTs":{"weight":0.0273,"played":[1.0E-4,0.9999],"evs":[0.0,3.37648]},"KJs":{"weight":0.0634,"played":[0.006,0.994],"evs":[0.0,4.65124]},"KQs":{"weight":0.0152,"played":[0.0,1.0],"evs":[0.0,7.20508]},"KK":{"weight":0.2493,"played":[0.0,1.0],"evs":[0.0,21.50567]},"AKo":{"weight":0.1151,"played":[0.0,1.0],"evs":[0.0,15.167]},"A2s":{"weight":0.001,"played":[3.0E-4,0.9997],"evs":[0.0,0.74606]},"A3s":{"weight":7.0E-4,"played":[4.0E-4,0.9996],"evs":[0.0,3.67946]},"A4s":{"weight":0.2245,"played":[0.0,1.0],"evs":[0.0,4.25596]},"A5s":{"weight":0.0208,"played":[1.0E-4,0.9999],"evs":[0.0,4.05801]},"A6s":{"weight":0.0458,"played":[0.0057,0.9943],"evs":[0.0,4.13956]},"A7s":{"weight":0.1139,"played":[0.0453,0.9547],"evs":[0.0,2.85844]},"A8s":{"weight":0.05,"played":[2.0E-4,0.9998],"evs":[0.0,6.25629]},"A9s":{"weight":0.1257,"played":[1.0E-4,0.9999],"evs":[0.0,6.27987]},"ATs":{"weight":0.2039,"played":[2.0E-4,0.9998],"evs":[0.0,4.95298]},"AJs":{"weight":0.0643,"played":[0.0,1.0],"evs":[0.0,12.79378]},"AQs":{"weight":0.1768,"played":[0.0,1.0],"evs":[0.0,11.59239]},"AKs":{"weight":0.2385,"played":[1.0E-4,0.9999],"evs":[0.0,16.46453]},"AA":{"weight":0.0097,"played":[0.0,1.0],"evs":[0.0,28.77175]}}}