{"player":2,"street":0,"children":2,"sequence":[{"player":0,"type":"R","amount":200000,"street":0},{"player":1,"type":"F","amount":0,"street":0},{"player":2,"type":"C","amount":200000,"street":0},{"player":3,"type":"F","amount":0,"street":0},{"player":4,"type":"R","amount":1015000,"street":0},{"player":0,"type":"R","amount":1345000,"street":0}],"actions":[{"type":"F","amount":0},{"type":"C","amount":1145000}],"hands":{"22":{"weight":0.0,"played":[0.0365,0.9635],"evs":[0.0,0.77675]},"32o":{"weight":0.0,"played":[1.0,0.0],"evs":[0.0,-3.67011]},"42o":{"weight":0.0,"played":[1.0,0.0],"evs":[0.0,-3.53325]},"52o":{"weight":0.0,"played":[1.0,0.0],"evs":[0.0,-3.24353]},"62o":{"weight":0.0,"played":[1.0,0.0],"evs":[0.0,-4.11644]},"72o":{"weight":0.0,"played":[1.0,0.0],"evs":[0.0,-4.65385]},"82o":{"weight":0.0,"played":[1.0,0.0],"evs":[0.0,-4.38364]},"92o":{"weight":0.0,"played":[1.0,0.0],"evs":[0.0,-4.26159]},"T2o":{"weight":0.0,"played":[1.0,0.0],"evs":[0.0,-3.92396]},"J2o":{"weight":0.0,"played":[1.0,0.0],"evs":[0.0,-3.63069]},"Q2o":{"weight":0.0,"played":[1.0,0.0],"evs":[0.0,-3.25764]},"K2o":{"weight":0.0,"played":[1.0,0.0],"evs":[0.0,-2.94485]},"A2o":{"weight":0.0,"played":[1.0,0.0],"evs":[0.0,-3.17167]},"32s":{"weight":0.0,"played":[1.0,0.0],"evs":[0.0,-1.82336]},"33":{"weight":0.0587,"played":[0.0,1.0],"evs":[0.0,1.11716]},"43o":{"weight":0.0,"played":[1.0,0.0],"evs":[0.0,-2.89414]},"53o":{"weight":0.0,"played":[1.0,0.0],"evs":[0.0,-2.77295]},"63o":{"weight":0.0,"played":[1.0,0.0],"evs":[0.0,-3.16305]},"73o":{"weight":0.0,"played":[1.0,0.0],"evs":[0.0,-3.73971]},"83o":{"weight":0.0,"played":[1.0,0.0],"evs":[0.0,-4.24385]},"93o":{"weight":0.0,"played":[1.0,0.0],"evs":[0.0,-4.03825]},"T3o":{"weight":0.0,"played":[1.0,0.0],"evs":[0.0,-3.59608]},"J3o":{"weight":0.0,"played":[1.0,0.0],"evs":[0.0,-3.36993]},"Q3o":{"weight":0.0,"played":[1.0,0.0],"evs":[0.0,-3.33159]},"K3o":{"weight":0.0,"played":[1.0,0.0],"evs":[0.0,-2.65227]},"A3o":{"weight":0.0,"played":[1.0,0.0],"evs":[0.0,-2.89067]},"42s":{"weight":0.0,"played":[1.0,0.0],"evs":[0.0,-1.7678]},"43s":{"weight":0.0,"played":[1.0,0.0],"evs":[0.0,-0.77585]},"44":{"weight":0.2047,"played":[0.0,1.0],"evs":[0.0,1.65229]},"54o":{"weight":0.0,"played":[1.0,0.0],"evs":[0.0,-1.82162]},"64o":{"weight":0.0,"played":[1.0,0.0],"evs":[0.0,-2.34712]},"74o":{"weight":0.0,"played":[1.0,0.0],"evs":[0.0,-3.15424]},"84o":{"weight":0.0,"played":[1.0,0.0],"evs":[0.0,-3.64884]},"94o":{"weight":0.0,"played":[1.0,0.0],"evs":[0.0,-4.07352]},"T4o":{"weight":0.0,"played":[1.0,0.0],"evs":[0.0,-3.50986]},"J4o":{"weight":0.0,"played":[1.0,0.0],"evs":[0.0,-3.00088]},"Q4o":{"weight":0.0,"played":[1.0,0.0],"evs":[0.0,-2.84914]},"K4o":{"weight":0.0,"played":[0.9999,1.0E-4],"evs":[0.0,-2.3017]},"A4o":{"weight":0.0,"played":[1.0,0.0],"evs":[0.0,-2.633]},"52s":{"weight":0.0,"played":[0.9997,3.0E-4],"evs":[0.0,-1.63204]},"53s":{"weight":0.0,"played":[0.9958,0.0042],"evs":[0.0,-0.88448]},"54s":{"weight":0.0,"played":[0.9096,0.0904],"evs":[0.0,-0.23984]},"55":{"weight":0.249,"played":[0.0,1.0],"evs":[0.0,2.13682]},"65o":{"weight":0.0,"played":[1.0,0.0],"evs":[0.0,-1.73027]},"75o":{"weight":0.0,"played":[1.0,0.0],"evs":[0.0,-2.40652]},"85o":{"weight":0.0,"played":[1.0,0.0],"evs":[0.0,-2.84339]},"95o":{"weight":0.0,"played":[1.0,0.0],"evs":[0.0,-3.42096]},"T5o":{"weight":0.0,"played":[1.0,0.0],"evs":[0.0,-3.41045]},"J5o":{"weight":0.0,"played":[1.0,0.0],"evs":[0.0,-3.17929]},"Q5o":{"weight":0.0,"played":[1.0,0.0],"evs":[0.0,-2.78704]},"K5o":{"weight":0.0,"played":[1.0,0.0],"evs":[0.0,-2.54663]},"A5o":{"weight":0.0,"played":[1.0,0.0],"evs":[0.0,-2.31946]},"62s":{"weight":0.0,"played":[1.0,0.0],"evs":[0.0,-2.00394]},"63s":{"weight":0.0,"played":[0.9995,5.0E-4],"evs":[0.0,-1.50527]},"64s":{"weight":0.0,"played":[0.9905,0.0095],"evs":[0.0,-0.77894]},"65s":{"weight":0.0,"played":[0.7893,0.2107],"evs":[0.0,-0.10039]},"66":{"weight":0.1323,"played":[0.0,1.0],"evs":[0.0,2.38137]},"76o":{"weight":0.0,"played":[1.0,0.0],"evs":[0.0,-1.83704]},"86o":{"weight":0.0,"played":[0.9999,1.0E-4],"evs":[0.0,-2.29746]},"96o":{"weight":0.0,"played":[1.0,0.0],"evs":[0.0,-2.56543]},"T6o":{"weight":0.0,"played":[1.0,0.0],"evs":[0.0,-2.84426]},"J6o":{"weight":0.0,"played":[1.0,0.0],"evs":[0.0,-2.98451]},"Q6o":{"weight":0.0,"played":[1.0,0.0],"evs":[0.0,-2.67672]},"K6o":{"weight":0.0,"played":[1.0,0.0],"evs":[0.0,-2.29584]},"A6o":{"weight":0.0,"played":[0.9999,1.0E-4],"evs":[0.0,-2.80939]},"72s":{"weight":0.0,"played":[1.0,0.0],"evs":[0.0,-3.23996]},"73s":{"weight":0.0,"played":[0.9995,5.0E-4],"evs":[0.0,-1.80681]},"74s":{"weight":0.0,"played":[0.9987,0.0013],"evs":[0.0,-1.35004]},"75s":{"weight":0.0,"played":[0.9915,0.0085],"evs":[0.0,-0.8518]},"76s":{"weight":0.0,"played":[0.9993,7.0E-4],"evs":[0.0,-0.14595]},"77":{"weight":0.0102,"played":[0.0,1.0],"evs":[0.0,3.15985]},"87o":{"weight":0.0,"played":[1.0,0.0],"evs":[0.0,-2.04667]},"97o":{"weight":0.0,"played":[1.0,0.0],"evs":[0.0,-2.23787]},"T7o":{"weight":0.0,"played":[1.0,0.0],"evs":[0.0,-2.20236]},"J7o":{"weight":0.0,"played":[1.0,0.0],"evs":[0.0,-2.70874]},"Q7o":{"weight":0.0,"played":[1.0,0.0],"evs":[0.0,-2.78318]},"K7o":{"weight":0.0,"played":[1.0,0.0],"evs":[0.0,-2.15974]},"A7o":{"weight":0.0,"played":[0.9999,1.0E-4],"evs":[0.0,-2.56702]},"82s":{"weight":0.0,"played":[1.0,0.0],"evs":[0.0,-2.59199]},"83s":{"weight":0.0,"played":[1.0,0.0],"evs":[0.0,-2.4958]},"84s":{"weight":0.0,"played":[0.9998,2.0E-4],"evs":[0.0,-1.71227]},"85s":{"weight":0.0,"played":[0.9997,3.0E-4],"evs":[0.0,-1.19349]},"86s":{"weight":0.0,"played":[0.9998,2.0E-4],"evs":[0.0,-0.48499]},"87s":{"weight":0.0,"played":[0.984,0.016],"evs":[0.0,-0.19016]},"88":{"weight":0.0,"played":[0.0,1.0],"evs":[0.0,4.27566]},"98o":{"weight":0.0,"played":[0.9998,2.0E-4],"evs":[0.0,-1.59819]},"T8o":{"weight":0.0,"played":[1.0,0.0],"evs":[0.0,-1.7444]},"J8o":{"weight":0.0,"played":[1.0,0.0],"evs":[0.0,-1.79956]},"Q8o":{"weight":0.0,"played":[1.0,0.0],"evs":[0.0,-2.22931]},"K8o":{"weight":0.0,"played":[1.0,0.0],"evs":[0.0,-2.1713]},"A8o":{"weight":0.0965,"played":[0.9997,3.0E-4],"evs":[0.0,-1.81554]},"92s":{"weight":0.0,"played":[1.0,0.0],"evs":[0.0,-2.38756]},"93s":{"weight":0.0,"played":[1.0,0.0],"evs":[0.0,-2.10245]},"94s":{"weight":0.0,"played":[1.0,0.0],"evs":[0.0,-2.23831]},"95s":{"weight":0.0,"played":[0.9999,1.0E-4],"evs":[0.0,-1.1491]},"96s":{"weight":0.0,"played":[0.9995,5.0E-4],"evs":[0.0,-0.77858]},"97s":{"weight":0.0,"played":[0.9984,0.0016],"evs":[0.0,-0.37547]},"98s":{"weight":0.0,"played":[0.129,0.871],"evs":[0.0,0.4042]},"99":{"weight":0.0,"played":[0.0,1.0],"evs":[0.0,6.17004]},"T9o":{"weight":0.0,"played":[0.9993,7.0E-4],"evs":[0.0,-0.84823]},"J9o":{"weight":0.0,"played":[1.0,0.0],"evs":[0.0,-1.10237]},"Q9o":{"weight":0.0,"played":[1.0,0.0],"evs":[0.0,-1.52057]},"K9o":{"weight":0.0,"played":[1.0,0.0],"evs":[0.0,-1.65082]},"A9o":{"weight":0.0,"played":[0.9985,0.0015],"evs":[0.0,-0.60387]},"T2s":{"weight":0.0,"played":[0.9999,1.0E-4],"evs":[0.0,-2.43699]},"T3s":{"weight":0.0,"played":[1.0,0.0],"evs":[0.0,-1.73947]},"T4s":{"weight":0.0,"played":[0.9979,0.0021],"evs":[0.0,-1.70149]},"T5s":{"weight":0.0,"played":[0.9999,1.0E-4],"evs":[0.0,-1.86351]},"T6s":{"weight":0.0,"played":[0.998,0.002],"evs":[0.0,-0.97834]},"T7s":{"weight":0.0,"played":[0.9946,0.0054],"evs":[0.0,-0.58779]},"T8s":{"weight":0.0,"played":[0.9069,0.0931],"evs":[0.0,0.04551]},"T9s":{"weight":0.1491,"played":[0.066,0.934],"evs":[0.0,0.90429]},"TT":{"weight":0.0,"played":[0.0,1.0],"evs":[0.0,7.95875]},"JTo":{"weight":0.0,"played":[0.9946,0.0054],"evs":[0.0,-0.21781]},"QTo":{"weight":0.0,"played":[0.9999,1.0E-4],"evs":[0.0,-0.14793]},"KTo":{"weight":0.0,"played":[0.9009,0.0991],"evs":[0.0,-0.16234]},"ATo":{"weight":0.0,"played":[0.0,1.0],"evs":[0.0,1.50368]},"J2s":{"weight":0.0,"played":[1.0,0.0],"evs":[0.0,-1.45498]},"J3s":{"weight":0.0,"played":[0.9999,1.0E-4],"evs":[0.0,-1.19273]},"J4s":{"weight":0.0,"played":[1.0,0.0],"evs":[0.0,-1.3731]},"J5s":{"weight":0.0,"played":[0.9998,2.0E-4],"evs":[0.0,-1.56424]},"J6s":{"weight":0.0,"played":[1.0,0.0],"evs":[0.0,-0.90136]},"J7s":{"weight":0.0,"played":[0.9998,2.0E-4],"evs":[0.0,-0.86736]},"J8s":{"weight":0.0,"played":[0.9967,0.0033],"evs":[0.0,-0.4935]},"J9s":{"weight":0.0,"played":[0.0659,0.9341],"evs":[0.0,0.54249]},"JTs":{"weight":1.0,"played":[1.0E-4,0.9999],"evs":[0.0,1.5076]},"JJ":{"weight":0.0,"played":[0.0,1.0],"evs":[0.0,10.19597]},"QJo":{"weight":0.0067,"played":[0.0844,0.9156],"evs":[0.0,0.10255]},"KJo":{"weight":0.697,"played":[4.0E-4,0.9996],"evs":[0.0,0.65828]},"AJo":{"weight":0.0,"played":[0.0,1.0],"evs":[0.0,3.42279]},"Q2s":{"weight":0.0,"played":[0.9999,1.0E-4],"evs":[0.0,-1.28466]},"Q3s":{"weight":0.0,"played":[0.9993,7.0E-4],"evs":[0.0,-1.11774]},"Q4s":{"weight":0.0,"played":[0.9997,3.0E-4],"evs":[0.0,-1.01304]},"Q5s":{"weight":0.0,"played":[0.9958,0.0042],"evs":[0.0,-0.62844]},"Q6s":{"weight":0.0,"played":[0.9999,1.0E-4],"evs":[0.0,-0.72853]},"Q7s":{"weight":0.0,"played":[0.9972,0.0028],"evs":[0.0,-1.04395]},"Q8s":{"weight":0.0,"played":[0.9976,0.0024],"evs":[0.0,-0.44631]},"Q9s":{"weight":4.0E-4,"played":[0.0438,0.9562],"evs":[0.0,0.39669]},"QTs":{"weight":0.8932,"played":[0.0,1.0],"evs":[0.0,1.06861]},"QJs":{"weight":1.0,"played":[0.0,1.0],"evs":[0.0,1.6413]},"QQ":{"weight":0.0,"played":[0.0,1.0],"evs":[0.0,13.00768]},"KQo":{"weight":0.0,"played":[0.0,1.0],"evs":[0.0,1.63012]},"AQo":{"weight":0.0,"played":[0.0,1.0],"evs":[0.0,5.01165]},"K2s":{"weight":0.0,"played":[0.9999,1.0E-4],"evs":[0.0,-0.83114]},"K3s":{"weight":0.0,"played":[0.9997,3.0E-4],"evs":[0.0,-0.55145]},"K4s":{"weight":0.0,"played":[0.9713,0.0287],"evs":[0.0,-0.76909]},"K5s":{"weight":0.0,"played":[0.862,0.138],"evs":[0.0,-0.40158]},"K6s":{"weight":0.0,"played":[0.8959,0.1041],"evs":[0.0,-0.4383]},"K7s":{"weight":0.0,"played":[0.8825,0.1175],"evs":[0.0,-0.24634]},"K8s":{"weight":1.0E-4,"played":[0.8719,0.1281],"evs":[0.0,-0.17902]},"K9s":{"weight":0.453,"played":[0.0201,0.9799],"evs":[0.0,0.61576]},"KTs":{"weight":1.0,"played":[0.0,1.0],"evs":[0.0,1.57339]},"KJs":{"weight":0.025,"played":[0.0,1.0],"evs":[0.0,2.4286]},"KQs":{"weight":0.0,"played":[0.0,1.0],"evs":[0.0,3.19991]},"KK":{"weight":0.0037,"played":[0.0,1.0],"evs":[0.0,16.09073]},"AKo":{"weight":0.0,"played":[0.0,1.0],"evs":[0.0,7.30902]},"A2s":{"weight":0.2186,"played":[0.9502,0.0498],"evs":[0.0,-0.56111]},"A3s":{"weight":0.4634,"played":[0.9994,6.0E-4],"evs":[0.0,-1.03729]},"A4s":{"weight":1.0E-4,"played":[0.9887,0.0113],"evs":[0.0,-0.47597]},"A5s":{"weight":0.0028,"played":[0.967,0.033],"evs":[0.0,-0.44363]},"A6s":{"weight":0.6594,"played":[0.9755,0.0245],"evs":[0.0,-0.86574]},"A7s":{"weight":0.6616,"played":[0.9189,0.0811],"evs":[0.0,-0.3733]},"A8s":{"weight":0.0013,"played":[0.3658,0.6342],"evs":[0.0,-0.07294]},"A9s":{"weight":2.0E-4,"played":[0.0,1.0],"evs":[0.0,1.59019]},"ATs":{"weight":0.0,"played":[0.0,1.0],"evs":[0.0,3.42704]},"AJs":{"weight":0.0,"played":[0.0,1.0],"evs":[0.0,4.82407]},"AQs":{"weight":0.0,"played":[0.0,1.0],"evs":[0.0,6.45252]},"AKs":{"weight":0.0,"played":[0.0,1.0],"evs":[0.0,8.58446]},"AA":{"weight":0.8595,"played":[0.0,1.0],"evs":[0.0,22.71228]}}}