{"player":2,"street":0,"children":2,"sequence":[{"player":0,"type":"R","amount":200000,"street":0},{"player":1,"type":"F","amount":0,"street":0},{"player":2,"type":"C","amount":200000,"street":0},{"player":3,"type":"C","amount":150000,"street":0},{"player":4,"type":"R","amount":1015000,"street":0},{"player":0,"type":"R","amount":1635000,"street":0}],"actions":[{"type":"F","amount":0,"node":116},{"type":"C","amount":1145000,"node":117}],"hands":{"22":{"weight":0.0,"played":[0.9477,0.0523],"evs":[0.0,-0.25122]},"32o":{"weight":0.0,"played":[1.0,0.0],"evs":[0.0,-4.5623]},"42o":{"weight":0.0,"played":[1.0,0.0],"evs":[0.0,-3.40553]},"52o":{"weight":0.0,"played":[1.0,0.0],"evs":[0.0,-3.38229]},"62o":{"weight":0.0,"played":[1.0,0.0],"evs":[0.0,-4.5372]},"72o":{"weight":0.0,"played":[1.0,0.0],"evs":[0.0,-4.85991]},"82o":{"weight":0.0,"played":[1.0,0.0],"evs":[0.0,-4.2027]},"92o":{"weight":0.0,"played":[1.0,0.0],"evs":[0.0,-4.70358]},"T2o":{"weight":0.0,"played":[1.0,0.0],"evs":[0.0,-4.73005]},"J2o":{"weight":0.0,"played":[1.0,0.0],"evs":[0.0,-4.75575]},"Q2o":{"weight":0.0,"played":[1.0,0.0],"evs":[0.0,-4.17686]},"K2o":{"weight":0.0,"played":[0.9995,5.0E-4],"evs":[0.0,-2.9686]},"A2o":{"weight":0.0,"played":[0.9984,0.0016],"evs":[0.0,-2.48239]},"32s":{"weight":0.0,"played":[0.9982,0.0018],"evs":[0.0,-2.19883]},"33":{"weight":0.0587,"played":[0.2062,0.7938],"evs":[0.0,0.4284]},"43o":{"weight":0.0,"played":[1.0,0.0],"evs":[0.0,-2.66933]},"53o":{"weight":0.0,"played":[1.0,0.0],"evs":[0.0,-2.4863]},"63o":{"weight":0.0,"played":[1.0,0.0],"evs":[0.0,-2.88138]},"73o":{"weight":0.0,"played":[1.0,0.0],"evs":[0.0,-4.41475]},"83o":{"weight":0.0,"played":[1.0,0.0],"evs":[0.0,-4.58624]},"93o":{"weight":0.0,"played":[1.0,0.0],"evs":[0.0,-4.90287]},"T3o":{"weight":0.0,"played":[1.0,0.0],"evs":[0.0,-4.00993]},"J3o":{"weight":0.0,"played":[0.9998,2.0E-4],"evs":[0.0,-4.46229]},"Q3o":{"weight":0.0,"played":[1.0,0.0],"evs":[0.0,-3.95165]},"K3o":{"weight":0.0,"played":[0.9999,1.0E-4],"evs":[0.0,-2.46386]},"A3o":{"weight":0.0,"played":[0.9998,2.0E-4],"evs":[0.0,-2.37591]},"42s":{"weight":0.0,"played":[0.9987,0.0013],"evs":[0.0,-1.43293]},"43s":{"weight":0.0,"played":[0.9948,0.0052],"evs":[0.0,-1.29795]},"44":{"weight":0.2047,"played":[0.0054,0.9946],"evs":[0.0,1.66188]},"54o":{"weight":0.0,"played":[0.9998,2.0E-4],"evs":[0.0,-1.57127]},"64o":{"weight":0.0,"played":[1.0,0.0],"evs":[0.0,-1.82789]},"74o":{"weight":0.0,"played":[1.0,0.0],"evs":[0.0,-3.2155]},"84o":{"weight":0.0,"played":[1.0,0.0],"evs":[0.0,-3.51048]},"94o":{"weight":0.0,"played":[1.0,0.0],"evs":[0.0,-4.19169]},"T4o":{"weight":0.0,"played":[0.9999,1.0E-4],"evs":[0.0,-3.56876]},"J4o":{"weight":0.0,"played":[1.0,0.0],"evs":[0.0,-3.5553]},"Q4o":{"weight":0.0,"played":[1.0,0.0],"evs":[0.0,-3.7315]},"K4o":{"weight":0.0,"played":[1.0,0.0],"evs":[0.0,-2.65424]},"A4o":{"weight":0.0,"played":[0.9996,4.0E-4],"evs":[0.0,-2.27801]},"52s":{"weight":0.0,"played":[0.9923,0.0077],"evs":[0.0,-1.58072]},"53s":{"weight":0.0,"played":[0.9332,0.0668],"evs":[0.0,-0.5431]},"54s":{"weight":0.0,"played":[0.24,0.76],"evs":[0.0,0.59736]},"55":{"weight":0.249,"played":[5.0E-4,0.9995],"evs":[0.0,2.25048]},"65o":{"weight":0.0,"played":[0.997,0.003],"evs":[0.0,-1.5236]},"75o":{"weight":0.0,"played":[0.9999,1.0E-4],"evs":[0.0,-2.0217]},"85o":{"weight":0.0,"played":[0.9999,1.0E-4],"evs":[0.0,-2.50072]},"95o":{"weight":0.0,"played":[1.0,0.0],"evs":[0.0,-3.45891]},"T5o":{"weight":0.0,"played":[1.0,0.0],"evs":[0.0,-3.28542]},"J5o":{"weight":0.0,"played":[1.0,0.0],"evs":[0.0,-2.9745]},"Q5o":{"weight":0.0,"played":[0.9986,0.0014],"evs":[0.0,-3.08487]},"K5o":{"weight":0.0,"played":[0.9999,1.0E-4],"evs":[0.0,-2.24756]},"A5o":{"weight":0.0,"played":[0.9907,0.0093],"evs":[0.0,-1.38216]},"62s":{"weight":0.0,"played":[0.9966,0.0034],"evs":[0.0,-1.16038]},"63s":{"weight":0.0,"played":[0.9958,0.0042],"evs":[0.0,-1.14314]},"64s":{"weight":0.0,"played":[0.5232,0.4768],"evs":[0.0,-0.24285]},"65s":{"weight":0.0,"played":[0.2778,0.7222],"evs":[0.0,0.27617]},"66":{"weight":0.1323,"played":[0.0,1.0],"evs":[0.0,3.19386]},"76o":{"weight":0.0,"played":[0.9974,0.0026],"evs":[0.0,-1.53089]},"86o":{"weight":0.0,"played":[0.9995,5.0E-4],"evs":[0.0,-1.58557]},"96o":{"weight":0.0,"played":[0.9996,4.0E-4],"evs":[0.0,-2.22663]},"T6o":{"weight":0.0,"played":[0.9999,1.0E-4],"evs":[0.0,-2.6486]},"J6o":{"weight":0.0,"played":[1.0,0.0],"evs":[0.0,-3.24786]},"Q6o":{"weight":0.0,"played":[0.9999,1.0E-4],"evs":[0.0,-2.96755]},"K6o":{"weight":0.0,"played":[0.9997,3.0E-4],"evs":[0.0,-2.36252]},"A6o":{"weight":0.0,"played":[0.9959,0.0041],"evs":[0.0,-1.66421]},"72s":{"weight":0.0,"played":[0.992,0.008],"evs":[0.0,-2.43682]},"73s":{"weight":0.0,"played":[1.0,0.0],"evs":[0.0,-2.25111]},"74s":{"weight":0.0,"played":[0.7846,0.2154],"evs":[0.0,-0.75163]},"75s":{"weight":0.0,"played":[0.5767,0.4233],"evs":[0.0,-0.30138]},"76s":{"weight":0.0,"played":[0.2238,0.7762],"evs":[0.0,1.0402]},"77":{"weight":0.0102,"played":[0.0,1.0],"evs":[0.0,4.33954]},"87o":{"weight":0.0,"played":[0.9993,7.0E-4],"evs":[0.0,-1.33297]},"97o":{"weight":0.0,"played":[0.9998,2.0E-4],"evs":[0.0,-2.06701]},"T7o":{"weight":0.0,"played":[0.9998,2.0E-4],"evs":[0.0,-1.99149]},"J7o":{"weight":0.0,"played":[0.9997,3.0E-4],"evs":[0.0,-2.83993]},"Q7o":{"weight":0.0,"played":[0.9996,4.0E-4],"evs":[0.0,-3.04367]},"K7o":{"weight":0.0,"played":[1.0,0.0],"evs":[0.0,-1.97848]},"A7o":{"weight":0.0,"played":[0.9838,0.0162],"evs":[0.0,-1.42567]},"82s":{"weight":0.0,"played":[0.9986,0.0014],"evs":[0.0,-2.31089]},"83s":{"weight":0.0,"played":[0.9984,0.0016],"evs":[0.0,-1.95983]},"84s":{"weight":0.0,"played":[0.9377,0.0623],"evs":[0.0,-1.32686]},"85s":{"weight":0.0,"played":[0.6732,0.3268],"evs":[0.0,0.84992]},"86s":{"weight":0.0,"played":[0.5547,0.4453],"evs":[0.0,-0.14249]},"87s":{"weight":0.0,"played":[0.2444,0.7556],"evs":[0.0,0.40273]},"88":{"weight":0.0,"played":[0.0021,0.9979],"evs":[0.0,5.98209]},"98o":{"weight":0.0,"played":[0.9833,0.0167],"evs":[0.0,-0.80564]},"T8o":{"weight":0.0,"played":[1.0,0.0],"evs":[0.0,-1.29804]},"J8o":{"weight":0.0,"played":[0.9995,5.0E-4],"evs":[0.0,-1.55906]},"Q8o":{"weight":0.0,"played":[0.9847,0.0153],"evs":[0.0,-2.22396]},"K8o":{"weight":0.0,"played":[1.0,0.0],"evs":[0.0,-1.78238]},"A8o":{"weight":0.0965,"played":[0.9039,0.0961],"evs":[0.0,-0.52865]},"92s":{"weight":0.0,"played":[0.9997,3.0E-4],"evs":[0.0,-2.8976]},"93s":{"weight":0.0,"played":[0.9987,0.0013],"evs":[0.0,-1.21129]},"94s":{"weight":0.0,"played":[0.9985,0.0015],"evs":[0.0,-2.85675]},"95s":{"weight":0.0,"played":[0.5792,0.4208],"evs":[0.0,0.47485]},"96s":{"weight":0.0,"played":[0.9503,0.0497],"evs":[0.0,-1.17769]},"97s":{"weight":0.0,"played":[0.3963,0.6037],"evs":[0.0,0.49228]},"98s":{"weight":0.0,"played":[0.0789,0.9211],"evs":[0.0,0.19745]},"99":{"weight":0.0,"played":[0.0,1.0],"evs":[0.0,5.5959]},"T9o":{"weight":0.0,"played":[0.7405,0.2595],"evs":[0.0,-0.33476]},"J9o":{"weight":0.0,"played":[0.95,0.05],"evs":[0.0,-1.29946]},"Q9o":{"weight":0.0,"played":[0.9994,6.0E-4],"evs":[0.0,-1.65621]},"K9o":{"weight":0.0,"played":[0.9982,0.0018],"evs":[0.0,-1.65144]},"A9o":{"weight":0.0,"played":[0.3701,0.6299],"evs":[0.0,-0.18343]},"T2s":{"weight":0.0,"played":[0.9928,0.0072],"evs":[0.0,-1.04]},"T3s":{"weight":0.0,"played":[0.9994,6.0E-4],"evs":[0.0,-1.4676]},"T4s":{"weight":0.0,"played":[0.999,0.001],"evs":[0.0,-2.02541]},"T5s":{"weight":0.0,"played":[0.9995,5.0E-4],"evs":[0.0,-1.83537]},"T6s":{"weight":0.0,"played":[0.5191,0.4809],"evs":[0.0,-0.49112]},"T7s":{"weight":0.0,"played":[0.982,0.018],"evs":[0.0,-0.6031]},"T8s":{"weight":0.0,"played":[0.3786,0.6214],"evs":[0.0,0.40286]},"T9s":{"weight":0.1491,"played":[0.0202,0.9798],"evs":[0.0,1.433]},"TT":{"weight":0.0,"played":[0.0,1.0],"evs":[0.0,8.96874]},"JTo":{"weight":0.0,"played":[0.2542,0.7458],"evs":[0.0,0.06176]},"QTo":{"weight":0.0,"played":[0.0053,0.9947],"evs":[0.0,0.72567]},"KTo":{"weight":0.0,"played":[9.0E-4,0.9991],"evs":[0.0,0.54228]},"ATo":{"weight":0.0,"played":[0.0,1.0],"evs":[0.0,2.05661]},"J2s":{"weight":0.0,"played":[1.0,0.0],"evs":[0.0,-2.80632]},"J3s":{"weight":0.0,"played":[0.9996,4.0E-4],"evs":[0.0,-2.32797]},"J4s":{"weight":0.0,"played":[0.6623,0.3377],"evs":[0.0,-0.74783]},"J5s":{"weight":0.0,"played":[0.9337,0.0663],"evs":[0.0,-1.41885]},"J6s":{"weight":0.0,"played":[0.9292,0.0708],"evs":[0.0,-1.02323]},"J7s":{"weight":0.0,"played":[0.9642,0.0358],"evs":[0.0,-0.72069]},"J8s":{"weight":0.0,"played":[0.0054,0.9946],"evs":[0.0,0.846]},"J9s":{"weight":0.0,"played":[0.3139,0.6861],"evs":[0.0,0.89144]},"JTs":{"weight":1.0,"played":[0.0408,0.9592],"evs":[0.0,0.98659]},"JJ":{"weight":0.0,"played":[0.0,1.0],"evs":[0.0,11.83147]},"QJo":{"weight":0.0067,"played":[4.0E-4,0.9996],"evs":[0.0,0.56272]},"KJo":{"weight":0.697,"played":[7.0E-4,0.9993],"evs":[0.0,1.45204]},"AJo":{"weight":0.0,"played":[0.0,1.0],"evs":[0.0,3.58044]},"Q2s":{"weight":0.0,"played":[0.9933,0.0067],"evs":[0.0,-3.27608]},"Q3s":{"weight":0.0,"played":[0.9769,0.0231],"evs":[0.0,-1.97837]},"Q4s":{"weight":0.0,"played":[0.9294,0.0706],"evs":[0.0,-1.54881]},"Q5s":{"weight":0.0,"played":[0.1351,0.8649],"evs":[0.0,0.20071]},"Q6s":{"weight":0.0,"played":[0.7893,0.2107],"evs":[0.0,-0.83402]},"Q7s":{"weight":0.0,"played":[0.7865,0.2135],"evs":[0.0,-1.04706]},"Q8s":{"weight":0.0,"played":[0.2782,0.7218],"evs":[0.0,-0.15705]},"Q9s":{"weight":4.0E-4,"played":[0.0139,0.9861],"evs":[0.0,0.77666]},"QTs":{"weight":0.8932,"played":[0.0016,0.9984],"evs":[0.0,2.84958]},"QJs":{"weight":1.0,"played":[1.0E-4,0.9999],"evs":[0.0,3.18428]},"QQ":{"weight":0.0,"played":[0.0,1.0],"evs":[0.0,14.26812]},"KQo":{"weight":0.0,"played":[0.0,1.0],"evs":[0.0,2.56951]},"AQo":{"weight":0.0,"played":[0.0,1.0],"evs":[0.0,5.32993]},"K2s":{"weight":0.0,"played":[0.9957,0.0043],"evs":[0.0,-1.9146]},"K3s":{"weight":0.0,"played":[0.9931,0.0069],"evs":[0.0,-1.10083]},"K4s":{"weight":0.0,"played":[0.4007,0.5993],"evs":[0.0,0.16076]},"K5s":{"weight":0.0,"played":[0.7867,0.2133],"evs":[0.0,-0.04279]},"K6s":{"weight":0.0,"played":[0.2897,0.7103],"evs":[0.0,0.55847]},"K7s":{"weight":0.0,"played":[0.3431,0.6569],"evs":[0.0,0.61351]},"K8s":{"weight":1.0E-4,"played":[0.2541,0.7459],"evs":[0.0,-0.02851]},"K9s":{"weight":0.453,"played":[0.003,0.997],"evs":[0.0,1.10765]},"KTs":{"weight":1.0,"played":[0.0,1.0],"evs":[0.0,1.59597]},"KJs":{"weight":0.025,"played":[6.0E-4,0.9994],"evs":[0.0,4.01422]},"KQs":{"weight":0.0,"played":[3.0E-4,0.9997],"evs":[0.0,4.77072]},"KK":{"weight":0.0037,"played":[0.0,1.0],"evs":[0.0,18.1394]},"AKo":{"weight":0.0,"played":[0.0,1.0],"evs":[0.0,7.00364]},"A2s":{"weight":0.2186,"played":[0.8893,0.1107],"evs":[0.0,-0.41579]},"A3s":{"weight":0.4634,"played":[0.0081,0.9919],"evs":[0.0,0.3034]},"A4s":{"weight":1.0E-4,"played":[0.0817,0.9183],"evs":[0.0,1.23065]},"A5s":{"weight":0.0028,"played":[3.0E-4,0.9997],"evs":[0.0,0.17668]},"A6s":{"weight":0.6594,"played":[0.0026,0.9974],"evs":[0.0,0.28845]},"A7s":{"weight":0.6616,"played":[0.1506,0.8494],"evs":[0.0,0.63281]},"A8s":{"weight":0.0013,"played":[0.0011,0.9989],"evs":[0.0,1.9362]},"A9s":{"weight":2.0E-4,"played":[0.0033,0.9967],"evs":[0.0,2.4989]},"ATs":{"weight":0.0,"played":[0.0,1.0],"evs":[0.0,3.40673]},"AJs":{"weight":0.0,"played":[0.0,1.0],"evs":[0.0,5.95902]},"AQs":{"weight":0.0,"played":[0.0,1.0],"evs":[0.0,6.8307]},"AKs":{"weight":0.0,"played":[0.0,1.0],"evs":[0.0,7.72417]},"AA":{"weight":0.8595,"played":[0.0,1.0],"evs":[0.0,24.59716]}}}