{"player":2,"street":0,"children":2,"sequence":[{"player":0,"type":"R","amount":200000,"street":0},{"player":1,"type":"F","amount":0,"street":0},{"player":2,"type":"C","amount":200000,"street":0},{"player":3,"type":"R","amount":1635000,"street":0},{"player":4,"type":"C","amount":915000,"street":0},{"player":0,"type":"C","amount":1435000,"street":0}],"actions":[{"type":"F","amount":0},{"type":"C","amount":1145000}],"hands":{"22":{"weight":0.0,"played":[0.9362,0.0638],"evs":[0.0,-2.10456]},"32o":{"weight":0.0,"played":[1.0,0.0],"evs":[0.0,-4.99849]},"42o":{"weight":0.0,"played":[1.0,0.0],"evs":[0.0,-4.15775]},"52o":{"weight":0.0,"played":[1.0,0.0],"evs":[0.0,-4.2775]},"62o":{"weight":0.0,"played":[1.0,0.0],"evs":[0.0,-5.03154]},"72o":{"weight":0.0,"played":[1.0,0.0],"evs":[0.0,-5.53489]},"82o":{"weight":0.0,"played":[1.0,0.0],"evs":[0.0,-5.6151]},"92o":{"weight":0.0,"played":[1.0,0.0],"evs":[0.0,-5.33494]},"T2o":{"weight":0.0,"played":[1.0,0.0],"evs":[0.0,-4.97371]},"J2o":{"weight":0.0,"played":[0.9999,1.0E-4],"evs":[0.0,-5.3688]},"Q2o":{"weight":0.0,"played":[0.9999,1.0E-4],"evs":[0.0,-4.78384]},"K2o":{"weight":0.0,"played":[1.0,0.0],"evs":[0.0,-5.35904]},"A2o":{"weight":0.0,"played":[1.0,0.0],"evs":[0.0,-5.65971]},"32s":{"weight":0.0,"played":[0.999,0.001],"evs":[0.0,-2.33862]},"33":{"weight":0.0587,"played":[0.9996,4.0E-4],"evs":[0.0,-1.02206]},"43o":{"weight":0.0,"played":[1.0,0.0],"evs":[0.0,-3.4188]},"53o":{"weight":0.0,"played":[0.9985,0.0015],"evs":[0.0,-3.41576]},"63o":{"weight":0.0,"played":[1.0,0.0],"evs":[0.0,-3.73067]},"73o":{"weight":0.0,"played":[1.0,0.0],"evs":[0.0,-4.56742]},"83o":{"weight":0.0,"played":[1.0,0.0],"evs":[0.0,-5.71722]},"93o":{"weight":0.0,"played":[0.9999,1.0E-4],"evs":[0.0,-5.27275]},"T3o":{"weight":0.0,"played":[1.0,0.0],"evs":[0.0,-5.03079]},"J3o":{"weight":0.0,"played":[1.0,0.0],"evs":[0.0,-4.57213]},"Q3o":{"weight":0.0,"played":[0.9999,1.0E-4],"evs":[0.0,-4.33153]},"K3o":{"weight":0.0,"played":[1.0,0.0],"evs":[0.0,-4.40849]},"A3o":{"weight":0.0,"played":[0.999,0.001],"evs":[0.0,-4.98815]},"42s":{"weight":0.0,"played":[0.9999,1.0E-4],"evs":[0.0,-2.52384]},"43s":{"weight":0.0,"played":[0.999,0.001],"evs":[0.0,-1.93973]},"44":{"weight":0.2047,"played":[0.9521,0.0479],"evs":[0.0,-1.40593]},"54o":{"weight":0.0,"played":[0.9976,0.0024],"evs":[0.0,-2.66703]},"64o":{"weight":0.0,"played":[0.9989,0.0011],"evs":[0.0,-3.40215]},"74o":{"weight":0.0,"played":[1.0,0.0],"evs":[0.0,-4.09261]},"84o":{"weight":0.0,"played":[1.0,0.0],"evs":[0.0,-4.97036]},"94o":{"weight":0.0,"played":[1.0,0.0],"evs":[0.0,-5.35689]},"T4o":{"weight":0.0,"played":[0.9999,1.0E-4],"evs":[0.0,-5.09255]},"J4o":{"weight":0.0,"played":[1.0,0.0],"evs":[0.0,-4.71164]},"Q4o":{"weight":0.0,"played":[0.9999,1.0E-4],"evs":[0.0,-4.0467]},"K4o":{"weight":0.0,"played":[0.9999,1.0E-4],"evs":[0.0,-4.57843]},"A4o":{"weight":0.0,"played":[1.0,0.0],"evs":[0.0,-4.55529]},"52s":{"weight":0.0,"played":[0.9931,0.0069],"evs":[0.0,-2.43638]},"53s":{"weight":0.0,"played":[0.9515,0.0485],"evs":[0.0,-1.37576]},"54s":{"weight":0.0,"played":[0.9519,0.0481],"evs":[0.0,-1.05937]},"55":{"weight":0.249,"played":[0.6354,0.3646],"evs":[0.0,-0.41401]},"65o":{"weight":0.0,"played":[0.9998,2.0E-4],"evs":[0.0,-1.94148]},"75o":{"weight":0.0,"played":[0.9994,6.0E-4],"evs":[0.0,-2.82738]},"85o":{"weight":0.0,"played":[0.9999,1.0E-4],"evs":[0.0,-3.82109]},"95o":{"weight":0.0,"played":[1.0,0.0],"evs":[0.0,-4.71893]},"T5o":{"weight":0.0,"played":[1.0,0.0],"evs":[0.0,-5.00792]},"J5o":{"weight":0.0,"played":[1.0,0.0],"evs":[0.0,-4.34015]},"Q5o":{"weight":0.0,"played":[0.9996,4.0E-4],"evs":[0.0,-4.61921]},"K5o":{"weight":0.0,"played":[1.0,0.0],"evs":[0.0,-3.83586]},"A5o":{"weight":0.0,"played":[0.9986,0.0014],"evs":[0.0,-4.38745]},"62s":{"weight":0.0,"played":[0.9974,0.0026],"evs":[0.0,-1.84809]},"63s":{"weight":0.0,"played":[0.9957,0.0043],"evs":[0.0,-1.58218]},"64s":{"weight":0.0,"played":[0.7651,0.2349],"evs":[0.0,-1.0846]},"65s":{"weight":0.0,"played":[0.1279,0.8721],"evs":[0.0,0.71904]},"66":{"weight":0.1323,"played":[0.0,1.0],"evs":[0.0,0.71606]},"76o":{"weight":0.0,"played":[0.9973,0.0027],"evs":[0.0,-2.41024]},"86o":{"weight":0.0,"played":[1.0,0.0],"evs":[0.0,-3.57758]},"96o":{"weight":0.0,"played":[0.9999,1.0E-4],"evs":[0.0,-3.71515]},"T6o":{"weight":0.0,"played":[1.0,0.0],"evs":[0.0,-4.16076]},"J6o":{"weight":0.0,"played":[1.0,0.0],"evs":[0.0,-4.68403]},"Q6o":{"weight":0.0,"played":[0.9998,2.0E-4],"evs":[0.0,-3.82796]},"K6o":{"weight":0.0,"played":[0.9997,3.0E-4],"evs":[0.0,-3.60443]},"A6o":{"weight":0.0,"played":[0.9973,0.0027],"evs":[0.0,-5.04599]},"72s":{"weight":0.0,"played":[1.0,0.0],"evs":[0.0,-4.01731]},"73s":{"weight":0.0,"played":[0.997,0.003],"evs":[0.0,-3.75223]},"74s":{"weight":0.0,"played":[0.9829,0.0171],"evs":[0.0,-1.64902]},"75s":{"weight":0.0,"played":[0.5623,0.4377],"evs":[0.0,-0.37169]},"76s":{"weight":0.0,"played":[0.5659,0.4341],"evs":[0.0,-0.15972]},"77":{"weight":0.0102,"played":[1.0E-4,0.9999],"evs":[0.0,0.45315]},"87o":{"weight":0.0,"played":[0.9967,0.0033],"evs":[0.0,-2.28127]},"97o":{"weight":0.0,"played":[1.0,0.0],"evs":[0.0,-3.33121]},"T7o":{"weight":0.0,"played":[0.999,0.001],"evs":[0.0,-3.16654]},"J7o":{"weight":0.0,"played":[1.0,0.0],"evs":[0.0,-4.50063]},"Q7o":{"weight":0.0,"played":[0.9998,2.0E-4],"evs":[0.0,-3.9367]},"K7o":{"weight":0.0,"played":[0.9996,4.0E-4],"evs":[0.0,-3.58718]},"A7o":{"weight":0.0,"played":[0.9993,7.0E-4],"evs":[0.0,-5.05918]},"82s":{"weight":0.0,"played":[1.0,0.0],"evs":[0.0,-2.99272]},"83s":{"weight":0.0,"played":[0.9998,2.0E-4],"evs":[0.0,-3.61934]},"84s":{"weight":0.0,"played":[0.9482,0.0518],"evs":[0.0,-2.74324]},"85s":{"weight":0.0,"played":[0.9815,0.0185],"evs":[0.0,-0.91732]},"86s":{"weight":0.0,"played":[0.938,0.062],"evs":[0.0,-1.19781]},"87s":{"weight":0.0,"played":[0.084,0.916],"evs":[0.0,0.40958]},"88":{"weight":0.0,"played":[1.0E-4,0.9999],"evs":[0.0,1.90004]},"98o":{"weight":0.0,"played":[0.9989,0.0011],"evs":[0.0,-2.24741]},"T8o":{"weight":0.0,"played":[0.9998,2.0E-4],"evs":[0.0,-3.13516]},"J8o":{"weight":0.0,"played":[1.0,0.0],"evs":[0.0,-3.17565]},"Q8o":{"weight":0.0,"played":[0.9992,8.0E-4],"evs":[0.0,-4.07169]},"K8o":{"weight":0.0,"played":[0.9991,9.0E-4],"evs":[0.0,-3.57641]},"A8o":{"weight":0.0965,"played":[0.9987,0.0013],"evs":[0.0,-4.67796]},"92s":{"weight":0.0,"played":[0.9999,1.0E-4],"evs":[0.0,-2.72409]},"93s":{"weight":0.0,"played":[0.9985,0.0015],"evs":[0.0,-3.79813]},"94s":{"weight":0.0,"played":[0.9999,1.0E-4],"evs":[0.0,-2.05273]},"95s":{"weight":0.0,"played":[0.9933,0.0067],"evs":[0.0,-2.10961]},"96s":{"weight":0.0,"played":[0.9836,0.0164],"evs":[0.0,-1.84905]},"97s":{"weight":0.0,"played":[0.9947,0.0053],"evs":[0.0,-2.02393]},"98s":{"weight":0.0,"played":[0.9969,0.0031],"evs":[0.0,-0.57606]},"99":{"weight":0.0,"played":[0.0,1.0],"evs":[0.0,4.18927]},"T9o":{"weight":0.0,"played":[0.9991,9.0E-4],"evs":[0.0,-2.11263]},"J9o":{"weight":0.0,"played":[0.9988,0.0012],"evs":[0.0,-2.87207]},"Q9o":{"weight":0.0,"played":[0.9999,1.0E-4],"evs":[0.0,-2.98614]},"K9o":{"weight":0.0,"played":[0.9998,2.0E-4],"evs":[0.0,-3.95772]},"A9o":{"weight":0.0,"played":[0.9999,1.0E-4],"evs":[0.0,-4.15274]},"T2s":{"weight":0.0,"played":[1.0,0.0],"evs":[0.0,-2.88688]},"T3s":{"weight":0.0,"played":[0.999,0.001],"evs":[0.0,-2.0095]},"T4s":{"weight":0.0,"played":[1.0,0.0],"evs":[0.0,-3.20433]},"T5s":{"weight":0.0,"played":[1.0,0.0],"evs":[0.0,-2.42897]},"T6s":{"weight":0.0,"played":[0.9997,3.0E-4],"evs":[0.0,-1.38975]},"T7s":{"weight":0.0,"played":[0.999,0.001],"evs":[0.0,-1.95943]},"T8s":{"weight":0.0,"played":[0.9549,0.0451],"evs":[0.0,-1.11853]},"T9s":{"weight":0.1491,"played":[0.9773,0.0227],"evs":[0.0,-0.12693]},"TT":{"weight":0.0,"played":[0.0,1.0],"evs":[0.0,5.72894]},"JTo":{"weight":0.0,"played":[0.9821,0.0179],"evs":[0.0,-2.19312]},"QTo":{"weight":0.0,"played":[0.9996,4.0E-4],"evs":[0.0,-1.44782]},"KTo":{"weight":0.0,"played":[0.995,0.005],"evs":[0.0,-2.00659]},"ATo":{"weight":0.0,"played":[0.9767,0.0233],"evs":[0.0,-2.25752]},"J2s":{"weight":0.0,"played":[0.9934,0.0066],"evs":[0.0,-3.64772]},"J3s":{"weight":0.0,"played":[0.9997,3.0E-4],"evs":[0.0,-2.12953]},"J4s":{"weight":0.0,"played":[1.0,0.0],"evs":[0.0,-2.63604]},"J5s":{"weight":0.0,"played":[0.9997,3.0E-4],"evs":[0.0,-1.78626]},"J6s":{"weight":0.0,"played":[0.9997,3.0E-4],"evs":[0.0,-2.01102]},"J7s":{"weight":0.0,"played":[0.9983,0.0017],"evs":[0.0,-1.55811]},"J8s":{"weight":0.0,"played":[0.9716,0.0284],"evs":[0.0,-0.38946]},"J9s":{"weight":0.0,"played":[0.7272,0.2728],"evs":[0.0,-0.06769]},"JTs":{"weight":1.0,"played":[0.3138,0.6862],"evs":[0.0,-0.01535]},"JJ":{"weight":0.0,"played":[0.0,1.0],"evs":[0.0,8.50732]},"QJo":{"weight":0.0067,"played":[0.9948,0.0052],"evs":[0.0,-1.10215]},"KJo":{"weight":0.697,"played":[0.9831,0.0169],"evs":[0.0,-1.13117]},"AJo":{"weight":0.0,"played":[0.7445,0.2555],"evs":[0.0,-0.37213]},"Q2s":{"weight":0.0,"played":[0.9957,0.0043],"evs":[0.0,-2.4561]},"Q3s":{"weight":0.0,"played":[0.9986,0.0014],"evs":[0.0,-1.62627]},"Q4s":{"weight":0.0,"played":[0.9968,0.0032],"evs":[0.0,-1.74805]},"Q5s":{"weight":0.0,"played":[0.8219,0.1781],"evs":[0.0,-2.13388]},"Q6s":{"weight":0.0,"played":[0.9997,3.0E-4],"evs":[0.0,-2.29943]},"Q7s":{"weight":0.0,"played":[0.9986,0.0014],"evs":[0.0,-1.09091]},"Q8s":{"weight":0.0,"played":[0.9933,0.0067],"evs":[0.0,-1.5362]},"Q9s":{"weight":4.0E-4,"played":[0.6796,0.3204],"evs":[0.0,-0.80289]},"QTs":{"weight":0.8932,"played":[1.0E-4,0.9999],"evs":[0.0,0.54956]},"QJs":{"weight":1.0,"played":[0.0013,0.9987],"evs":[0.0,1.38724]},"QQ":{"weight":0.0,"played":[0.0,1.0],"evs":[0.0,12.82316]},"KQo":{"weight":0.0,"played":[0.8105,0.1895],"evs":[0.0,-0.30902]},"AQo":{"weight":0.0,"played":[0.0,1.0],"evs":[0.0,1.14742]},"K2s":{"weight":0.0,"played":[0.9986,0.0014],"evs":[0.0,-3.47539]},"K3s":{"weight":0.0,"played":[0.9996,4.0E-4],"evs":[0.0,-1.8433]},"K4s":{"weight":0.0,"played":[0.9883,0.0117],"evs":[0.0,-2.46879]},"K5s":{"weight":0.0,"played":[0.8759,0.1241],"evs":[0.0,-2.2215]},"K6s":{"weight":0.0,"played":[0.988,0.012],"evs":[0.0,-1.02389]},"K7s":{"weight":0.0,"played":[0.9866,0.0134],"evs":[0.0,-2.04751]},"K8s":{"weight":1.0E-4,"played":[0.9987,0.0013],"evs":[0.0,-0.87847]},"K9s":{"weight":0.453,"played":[0.9737,0.0263],"evs":[0.0,-1.22395]},"KTs":{"weight":1.0,"played":[0.2452,0.7548],"evs":[0.0,-0.13795]},"KJs":{"weight":0.025,"played":[0.1093,0.8907],"evs":[0.0,1.26116]},"KQs":{"weight":0.0,"played":[0.0,1.0],"evs":[0.0,3.39886]},"KK":{"weight":0.0037,"played":[0.0,1.0],"evs":[0.0,17.62852]},"AKo":{"weight":0.0,"played":[0.0,1.0],"evs":[0.0,3.51174]},"A2s":{"weight":0.2186,"played":[0.9999,1.0E-4],"evs":[0.0,-2.22884]},"A3s":{"weight":0.4634,"played":[0.9946,0.0054],"evs":[0.0,-2.0317]},"A4s":{"weight":1.0E-4,"played":[0.9929,0.0071],"evs":[0.0,-2.42882]},"A5s":{"weight":0.0028,"played":[0.8364,0.1636],"evs":[0.0,-1.7973]},"A6s":{"weight":0.6594,"played":[0.9503,0.0497],"evs":[0.0,-2.39879]},"A7s":{"weight":0.6616,"played":[0.9813,0.0187],"evs":[0.0,-2.07281]},"A8s":{"weight":0.0013,"played":[0.9525,0.0475],"evs":[0.0,-2.14605]},"A9s":{"weight":2.0E-4,"played":[0.3774,0.6226],"evs":[0.0,-0.1016]},"ATs":{"weight":0.0,"played":[0.0643,0.9357],"evs":[0.0,0.96595]},"AJs":{"weight":0.0,"played":[0.0498,0.9502],"evs":[0.0,0.3646]},"AQs":{"weight":0.0,"played":[1.0E-4,0.9999],"evs":[0.0,3.53851]},"AKs":{"weight":0.0,"played":[2.0E-4,0.9998],"evs":[0.0,6.25666]},"AA":{"weight":0.8595,"played":[0.0,1.0],"evs":[0.0,24.78911]}}}