{"player":3,"street":0,"children":2,"sequence":[{"player":0,"type":"R","amount":200000,"street":0},{"player":1,"type":"F","amount":0,"street":0},{"player":2,"type":"R","amount":1345000,"street":0}],"actions":[{"type":"F","amount":0,"node":126},{"type":"R","amount":1635000,"node":129}],"hands":{"22":{"weight":1.0,"played":[1.0,0.0],"evs":[0.0,-1.25763]},"32o":{"weight":1.0,"played":[1.0,0.0],"evs":[0.0,-6.17923]},"42o":{"weight":1.0,"played":[1.0,0.0],"evs":[0.0,-5.93861]},"52o":{"weight":1.0,"played":[1.0,0.0],"evs":[0.0,-5.63503]},"62o":{"weight":1.0,"played":[1.0,0.0],"evs":[0.0,-6.09101]},"72o":{"weight":1.0,"played":[1.0,0.0],"evs":[0.0,-6.62235]},"82o":{"weight":1.0,"played":[1.0,0.0],"evs":[0.0,-6.28649]},"92o":{"weight":1.0,"played":[1.0,0.0],"evs":[0.0,-6.28397]},"T2o":{"weight":1.0,"played":[1.0,0.0],"evs":[0.0,-6.09195]},"J2o":{"weight":1.0,"played":[1.0,0.0],"evs":[0.0,-5.72573]},"Q2o":{"weight":1.0,"played":[1.0,0.0],"evs":[0.0,-5.48826]},"K2o":{"weight":1.0,"played":[1.0,0.0],"evs":[0.0,-5.20842]},"A2o":{"weight":1.0,"played":[1.0,0.0],"evs":[0.0,-4.07974]},"32s":{"weight":1.0,"played":[1.0,0.0],"evs":[0.0,-4.33754]},"33":{"weight":1.0,"played":[1.0,0.0],"evs":[0.0,-0.80332]},"43o":{"weight":1.0,"played":[1.0,0.0],"evs":[0.0,-5.30626]},"53o":{"weight":1.0,"played":[1.0,0.0],"evs":[0.0,-4.9744]},"63o":{"weight":1.0,"played":[1.0,0.0],"evs":[0.0,-5.40917]},"73o":{"weight":1.0,"played":[1.0,0.0],"evs":[0.0,-5.99488]},"83o":{"weight":1.0,"played":[1.0,0.0],"evs":[0.0,-6.30576]},"93o":{"weight":1.0,"played":[1.0,0.0],"evs":[0.0,-6.07103]},"T3o":{"weight":1.0,"played":[1.0,0.0],"evs":[0.0,-5.93827]},"J3o":{"weight":1.0,"played":[1.0,0.0],"evs":[0.0,-5.56983]},"Q3o":{"weight":1.0,"played":[1.0,0.0],"evs":[0.0,-5.28388]},"K3o":{"weight":1.0,"played":[1.0,0.0],"evs":[0.0,-4.98943]},"A3o":{"weight":1.0,"played":[1.0,0.0],"evs":[0.0,-3.83626]},"42s":{"weight":1.0,"played":[1.0,0.0],"evs":[0.0,-4.13704]},"43s":{"weight":1.0,"played":[1.0,0.0],"evs":[0.0,-3.64062]},"44":{"weight":1.0,"played":[0.9998,2.0E-4],"evs":[0.0,-0.46336]},"54o":{"weight":1.0,"played":[1.0,0.0],"evs":[0.0,-4.31426]},"64o":{"weight":1.0,"played":[1.0,0.0],"evs":[0.0,-4.63852]},"74o":{"weight":1.0,"played":[1.0,0.0],"evs":[0.0,-5.21704]},"84o":{"weight":1.0,"played":[1.0,0.0],"evs":[0.0,-5.67418]},"94o":{"weight":1.0,"played":[1.0,0.0],"evs":[0.0,-6.05924]},"T4o":{"weight":1.0,"played":[1.0,0.0],"evs":[0.0,-5.7586]},"J4o":{"weight":1.0,"played":[1.0,0.0],"evs":[0.0,-5.5141]},"Q4o":{"weight":1.0,"played":[1.0,0.0],"evs":[0.0,-5.16714]},"K4o":{"weight":1.0,"played":[1.0,0.0],"evs":[0.0,-4.85126]},"A4o":{"weight":1.0,"played":[1.0,0.0],"evs":[0.0,-3.62921]},"52s":{"weight":1.0,"played":[1.0,0.0],"evs":[0.0,-3.96532]},"53s":{"weight":1.0,"played":[1.0,0.0],"evs":[0.0,-3.26123]},"54s":{"weight":1.0,"played":[1.0,0.0],"evs":[0.0,-2.63223]},"55":{"weight":1.0,"played":[0.0036,0.9964],"evs":[0.0,0.35513]},"65o":{"weight":1.0,"played":[1.0,0.0],"evs":[0.0,-3.93602]},"75o":{"weight":1.0,"played":[1.0,0.0],"evs":[0.0,-4.45585]},"85o":{"weight":1.0,"played":[1.0,0.0],"evs":[0.0,-4.93669]},"95o":{"weight":1.0,"played":[1.0,0.0],"evs":[0.0,-5.24541]},"T5o":{"weight":1.0,"played":[1.0,0.0],"evs":[0.0,-5.61308]},"J5o":{"weight":1.0,"played":[1.0,0.0],"evs":[0.0,-5.18592]},"Q5o":{"weight":1.0,"played":[1.0,0.0],"evs":[0.0,-4.77923]},"K5o":{"weight":1.0,"played":[1.0,0.0],"evs":[0.0,-4.58329]},"A5o":{"weight":1.0,"played":[1.0,0.0],"evs":[0.0,-3.284]},"62s":{"weight":1.0,"played":[1.0,0.0],"evs":[0.0,-4.19903]},"63s":{"weight":1.0,"played":[1.0,0.0],"evs":[0.0,-3.63139]},"64s":{"weight":1.0,"played":[1.0,0.0],"evs":[0.0,-3.24118]},"65s":{"weight":1.0,"played":[1.0,0.0],"evs":[0.0,-2.1531]},"66":{"weight":1.0,"played":[0.0,1.0],"evs":[0.0,1.17146]},"76o":{"weight":1.0,"played":[1.0,0.0],"evs":[0.0,-3.79778]},"86o":{"weight":1.0,"played":[1.0,0.0],"evs":[0.0,-4.11499]},"96o":{"weight":1.0,"played":[1.0,0.0],"evs":[0.0,-4.43609]},"T6o":{"weight":1.0,"played":[1.0,0.0],"evs":[0.0,-4.79726]},"J6o":{"weight":1.0,"played":[1.0,0.0],"evs":[0.0,-5.00255]},"Q6o":{"weight":1.0,"played":[1.0,0.0],"evs":[0.0,-4.58617]},"K6o":{"weight":1.0,"played":[1.0,0.0],"evs":[0.0,-4.25739]},"A6o":{"weight":1.0,"played":[1.0,0.0],"evs":[0.0,-3.756]},"72s":{"weight":1.0,"played":[1.0,0.0],"evs":[0.0,-4.8768]},"73s":{"weight":1.0,"played":[1.0,0.0],"evs":[0.0,-4.14186]},"74s":{"weight":1.0,"played":[1.0,0.0],"evs":[0.0,-3.54996]},"75s":{"weight":1.0,"played":[1.0,0.0],"evs":[0.0,-2.72416]},"76s":{"weight":1.0,"played":[1.0,0.0],"evs":[0.0,-2.17078]},"77":{"weight":1.0,"played":[0.0,1.0],"evs":[0.0,2.11004]},"87o":{"weight":1.0,"played":[1.0,0.0],"evs":[0.0,-3.62793]},"97o":{"weight":1.0,"played":[1.0,0.0],"evs":[0.0,-3.81412]},"T7o":{"weight":1.0,"played":[1.0,0.0],"evs":[0.0,-4.2358]},"J7o":{"weight":1.0,"played":[1.0,0.0],"evs":[0.0,-4.42103]},"Q7o":{"weight":1.0,"played":[1.0,0.0],"evs":[0.0,-4.57562]},"K7o":{"weight":1.0,"played":[1.0,0.0],"evs":[0.0,-4.14712]},"A7o":{"weight":1.0,"played":[1.0,0.0],"evs":[0.0,-3.38283]},"82s":{"weight":1.0,"played":[1.0,0.0],"evs":[0.0,-4.49652]},"83s":{"weight":1.0,"played":[1.0,0.0],"evs":[0.0,-4.61445]},"84s":{"weight":1.0,"played":[1.0,0.0],"evs":[0.0,-3.93901]},"85s":{"weight":1.0,"played":[1.0,0.0],"evs":[0.0,-3.1532]},"86s":{"weight":1.0,"played":[1.0,0.0],"evs":[0.0,-2.39858]},"87s":{"weight":1.0,"played":[1.0,0.0],"evs":[0.0,-1.90294]},"88":{"weight":1.0,"played":[0.0,1.0],"evs":[0.0,3.13783]},"98o":{"weight":1.0,"played":[1.0,0.0],"evs":[0.0,-3.55216]},"T8o":{"weight":1.0,"played":[1.0,0.0],"evs":[0.0,-3.63787]},"J8o":{"weight":1.0,"played":[1.0,0.0],"evs":[0.0,-3.8484]},"Q8o":{"weight":1.0,"played":[1.0,0.0],"evs":[0.0,-4.09541]},"K8o":{"weight":1.0,"played":[1.0,0.0],"evs":[0.0,-4.14399]},"A8o":{"weight":1.0,"played":[1.0,0.0],"evs":[0.0,-2.96271]},"92s":{"weight":1.0,"played":[1.0,0.0],"evs":[0.0,-4.41815]},"93s":{"weight":1.0,"played":[1.0,0.0],"evs":[0.0,-4.13669]},"94s":{"weight":1.0,"played":[1.0,0.0],"evs":[0.0,-4.23556]},"95s":{"weight":1.0,"played":[1.0,0.0],"evs":[0.0,-3.51335]},"96s":{"weight":1.0,"played":[1.0,0.0],"evs":[0.0,-2.78244]},"97s":{"weight":1.0,"played":[1.0,0.0],"evs":[0.0,-2.3126]},"98s":{"weight":1.0,"played":[1.0,0.0],"evs":[0.0,-1.91242]},"99":{"weight":1.0,"played":[0.0,1.0],"evs":[0.0,4.69805]},"T9o":{"weight":1.0,"played":[1.0,0.0],"evs":[0.0,-3.06909]},"J9o":{"weight":1.0,"played":[1.0,0.0],"evs":[0.0,-3.33295]},"Q9o":{"weight":1.0,"played":[1.0,0.0],"evs":[0.0,-3.49067]},"K9o":{"weight":1.0,"played":[1.0,0.0],"evs":[0.0,-3.65444]},"A9o":{"weight":1.0,"played":[1.0,0.0],"evs":[0.0,-2.17378]},"T2s":{"weight":1.0,"played":[1.0,0.0],"evs":[0.0,-4.23253]},"T3s":{"weight":1.0,"played":[1.0,0.0],"evs":[0.0,-4.00984]},"T4s":{"weight":1.0,"played":[1.0,0.0],"evs":[0.0,-3.91991]},"T5s":{"weight":1.0,"played":[1.0,0.0],"evs":[0.0,-3.80866]},"T6s":{"weight":1.0,"played":[1.0,0.0],"evs":[0.0,-3.21991]},"T7s":{"weight":1.0,"played":[1.0,0.0],"evs":[0.0,-2.6886]},"T8s":{"weight":1.0,"played":[1.0,0.0],"evs":[0.0,-1.95098]},"T9s":{"weight":1.0,"played":[0.9999,1.0E-4],"evs":[0.0,-1.42404]},"TT":{"weight":1.0,"played":[0.0,1.0],"evs":[0.0,6.64689]},"JTo":{"weight":1.0,"played":[1.0,0.0],"evs":[0.0,-2.48259]},"QTo":{"weight":1.0,"played":[1.0,0.0],"evs":[0.0,-2.50195]},"KTo":{"weight":1.0,"played":[1.0,0.0],"evs":[0.0,-2.71313]},"ATo":{"weight":1.0,"played":[0.9997,3.0E-4],"evs":[0.0,-0.40505]},"J2s":{"weight":1.0,"played":[1.0,0.0],"evs":[0.0,-3.95005]},"J3s":{"weight":1.0,"played":[1.0,0.0],"evs":[0.0,-3.813]},"J4s":{"weight":1.0,"played":[1.0,0.0],"evs":[0.0,-3.56073]},"J5s":{"weight":1.0,"played":[1.0,0.0],"evs":[0.0,-3.52428]},"J6s":{"weight":1.0,"played":[1.0,0.0],"evs":[0.0,-3.23313]},"J7s":{"weight":1.0,"played":[1.0,0.0],"evs":[0.0,-2.67737]},"J8s":{"weight":1.0,"played":[1.0,0.0],"evs":[0.0,-2.02927]},"J9s":{"weight":1.0,"played":[1.0,0.0],"evs":[0.0,-1.66571]},"JTs":{"weight":1.0,"played":[1.0,0.0],"evs":[0.0,-0.90241]},"JJ":{"weight":1.0,"played":[0.0,1.0],"evs":[0.0,8.93162]},"QJo":{"weight":1.0,"played":[1.0,0.0],"evs":[0.0,-2.18066]},"KJo":{"weight":1.0,"played":[1.0,0.0],"evs":[0.0,-2.0876]},"AJo":{"weight":1.0,"played":[0.0,1.0],"evs":[0.0,1.43314]},"Q2s":{"weight":1.0,"played":[1.0,0.0],"evs":[0.0,-3.46795]},"Q3s":{"weight":1.0,"played":[1.0,0.0],"evs":[0.0,-3.50442]},"Q4s":{"weight":1.0,"played":[1.0,0.0],"evs":[0.0,-3.31913]},"Q5s":{"weight":1.0,"played":[1.0,0.0],"evs":[0.0,-3.10026]},"Q6s":{"weight":1.0,"played":[1.0,0.0],"evs":[0.0,-2.74646]},"Q7s":{"weight":1.0,"played":[1.0,0.0],"evs":[0.0,-2.9423]},"Q8s":{"weight":1.0,"played":[1.0,0.0],"evs":[0.0,-2.34762]},"Q9s":{"weight":1.0,"played":[1.0,0.0],"evs":[0.0,-1.77701]},"QTs":{"weight":1.0,"played":[0.9995,5.0E-4],"evs":[0.0,-1.0512]},"QJs":{"weight":1.0,"played":[0.9999,1.0E-4],"evs":[0.0,-0.57568]},"QQ":{"weight":1.0,"played":[0.0,1.0],"evs":[0.0,11.94447]},"KQo":{"weight":1.0,"played":[0.9999,1.0E-4],"evs":[0.0,-0.73642]},"AQo":{"weight":1.0,"played":[0.0,1.0],"evs":[0.0,3.60254]},"K2s":{"weight":1.0,"played":[1.0,0.0],"evs":[0.0,-3.26066]},"K3s":{"weight":1.0,"played":[1.0,0.0],"evs":[0.0,-3.19151]},"K4s":{"weight":1.0,"played":[1.0,0.0],"evs":[0.0,-3.13517]},"K5s":{"weight":1.0,"played":[1.0,0.0],"evs":[0.0,-2.76162]},"K6s":{"weight":1.0,"played":[1.0,0.0],"evs":[0.0,-2.51059]},"K7s":{"weight":1.0,"played":[1.0,0.0],"evs":[0.0,-2.33241]},"K8s":{"weight":1.0,"played":[1.0,0.0],"evs":[0.0,-2.48696]},"K9s":{"weight":1.0,"played":[1.0,0.0],"evs":[0.0,-1.79615]},"KTs":{"weight":1.0,"played":[0.9991,9.0E-4],"evs":[0.0,-1.14234]},"KJs":{"weight":1.0,"played":[0.9838,0.0162],"evs":[0.0,-0.41248]},"KQs":{"weight":1.0,"played":[0.0,1.0],"evs":[0.0,0.90425]},"KK":{"weight":1.0,"played":[0.0,1.0],"evs":[0.0,15.30668]},"AKo":{"weight":1.0,"played":[0.0,1.0],"evs":[0.0,5.81669]},"A2s":{"weight":1.0,"played":[1.0,0.0],"evs":[0.0,-2.23398]},"A3s":{"weight":1.0,"played":[1.0,0.0],"evs":[0.0,-2.01364]},"A4s":{"weight":1.0,"played":[1.0,0.0],"evs":[0.0,-1.76314]},"A5s":{"weight":1.0,"played":[1.0,0.0],"evs":[0.0,-1.55662]},"A6s":{"weight":1.0,"played":[0.9999,1.0E-4],"evs":[0.0,-1.90101]},"A7s":{"weight":1.0,"played":[1.0,0.0],"evs":[0.0,-1.52301]},"A8s":{"weight":1.0,"played":[0.9999,1.0E-4],"evs":[0.0,-1.29726]},"A9s":{"weight":1.0,"played":[0.9982,0.0018],"evs":[0.0,-0.55127]},"ATs":{"weight":1.0,"played":[1.0E-4,0.9999],"evs":[0.0,1.40912]},"AJs":{"weight":1.0,"played":[0.0,1.0],"evs":[0.0,2.82651]},"AQs":{"weight":1.0,"played":[0.0,1.0],"evs":[0.0,4.83347]},"AKs":{"weight":1.0,"played":[0.0,1.0],"evs":[0.0,7.06083]},"AA":{"weight":1.0,"played":[0.0,1.0],"evs":[0.0,20.65723]}}}