{"player":4,"street":0,"children":2,"sequence":[{"player":0,"type":"R","amount":200000,"street":0},{"player":1,"type":"F","amount":0,"street":0},{"player":2,"type":"R","amount":1345000,"street":0},{"player":3,"type":"F","amount":0,"street":0}],"actions":[{"type":"F","amount":0,"node":127},{"type":"C","amount":915000,"node":128}],"hands":{"22":{"weight":1.0,"played":[1.0,0.0],"evs":[0.0,-1.03318]},"32o":{"weight":1.0,"played":[1.0,0.0],"evs":[0.0,-4.12167]},"42o":{"weight":1.0,"played":[1.0,0.0],"evs":[0.0,-3.95176]},"52o":{"weight":1.0,"played":[1.0,0.0],"evs":[0.0,-3.77514]},"62o":{"weight":1.0,"played":[1.0,0.0],"evs":[0.0,-4.06207]},"72o":{"weight":1.0,"played":[1.0,0.0],"evs":[0.0,-4.465]},"82o":{"weight":1.0,"played":[1.0,0.0],"evs":[0.0,-4.31985]},"92o":{"weight":1.0,"played":[1.0,0.0],"evs":[0.0,-4.24732]},"T2o":{"weight":1.0,"played":[1.0,0.0],"evs":[0.0,-4.3512]},"J2o":{"weight":1.0,"played":[1.0,0.0],"evs":[0.0,-4.04534]},"Q2o":{"weight":1.0,"played":[1.0,0.0],"evs":[0.0,-3.74194]},"K2o":{"weight":1.0,"played":[1.0,0.0],"evs":[0.0,-3.49665]},"A2o":{"weight":1.0,"played":[1.0,0.0],"evs":[0.0,-2.73581]},"32s":{"weight":1.0,"played":[1.0,0.0],"evs":[0.0,-2.78631]},"33":{"weight":1.0,"played":[1.0,0.0],"evs":[0.0,-0.86331]},"43o":{"weight":1.0,"played":[1.0,0.0],"evs":[0.0,-3.36431]},"53o":{"weight":1.0,"played":[1.0,0.0],"evs":[0.0,-3.24257]},"63o":{"weight":1.0,"played":[1.0,0.0],"evs":[0.0,-3.57106]},"73o":{"weight":1.0,"played":[1.0,0.0],"evs":[0.0,-4.02623]},"83o":{"weight":1.0,"played":[1.0,0.0],"evs":[0.0,-4.36725]},"93o":{"weight":1.0,"played":[1.0,0.0],"evs":[0.0,-4.18363]},"T3o":{"weight":1.0,"played":[1.0,0.0],"evs":[0.0,-4.10317]},"J3o":{"weight":1.0,"played":[1.0,0.0],"evs":[0.0,-3.90945]},"Q3o":{"weight":1.0,"played":[1.0,0.0],"evs":[0.0,-3.60873]},"K3o":{"weight":1.0,"played":[1.0,0.0],"evs":[0.0,-3.35025]},"A3o":{"weight":1.0,"played":[1.0,0.0],"evs":[0.0,-2.57371]},"42s":{"weight":1.0,"played":[1.0,0.0],"evs":[0.0,-2.68358]},"43s":{"weight":1.0,"played":[1.0,0.0],"evs":[0.0,-2.10012]},"44":{"weight":1.0,"played":[0.9963,0.0037],"evs":[0.0,-0.33004]},"54o":{"weight":1.0,"played":[1.0,0.0],"evs":[0.0,-2.63598]},"64o":{"weight":1.0,"played":[1.0,0.0],"evs":[0.0,-3.02992]},"74o":{"weight":1.0,"played":[1.0,0.0],"evs":[0.0,-3.48555]},"84o":{"weight":1.0,"played":[1.0,0.0],"evs":[0.0,-3.79956]},"94o":{"weight":1.0,"played":[1.0,0.0],"evs":[0.0,-4.14868]},"T4o":{"weight":1.0,"played":[1.0,0.0],"evs":[0.0,-4.03259]},"J4o":{"weight":1.0,"played":[1.0,0.0],"evs":[0.0,-3.75274]},"Q4o":{"weight":1.0,"played":[1.0,0.0],"evs":[0.0,-3.51962]},"K4o":{"weight":1.0,"played":[1.0,0.0],"evs":[0.0,-3.20421]},"A4o":{"weight":1.0,"played":[1.0,0.0],"evs":[0.0,-2.5153]},"52s":{"weight":1.0,"played":[1.0,0.0],"evs":[0.0,-2.48227]},"53s":{"weight":1.0,"played":[1.0,0.0],"evs":[0.0,-2.0314]},"54s":{"weight":1.0,"played":[1.0,0.0],"evs":[0.0,-1.35391]},"55":{"weight":1.0,"played":[0.0027,0.9973],"evs":[0.0,0.09276]},"65o":{"weight":1.0,"played":[1.0,0.0],"evs":[0.0,-2.50422]},"75o":{"weight":1.0,"played":[1.0,0.0],"evs":[0.0,-2.90561]},"85o":{"weight":1.0,"played":[1.0,0.0],"evs":[0.0,-3.23787]},"95o":{"weight":1.0,"played":[1.0,0.0],"evs":[0.0,-3.60415]},"T5o":{"weight":1.0,"played":[1.0,0.0],"evs":[0.0,-3.90244]},"J5o":{"weight":1.0,"played":[1.0,0.0],"evs":[0.0,-3.61519]},"Q5o":{"weight":1.0,"played":[1.0,0.0],"evs":[0.0,-3.35623]},"K5o":{"weight":1.0,"played":[1.0,0.0],"evs":[0.0,-3.07913]},"A5o":{"weight":1.0,"played":[1.0,0.0],"evs":[0.0,-2.19698]},"62s":{"weight":1.0,"played":[1.0,0.0],"evs":[0.0,-2.72975]},"63s":{"weight":1.0,"played":[1.0,0.0],"evs":[0.0,-2.29984]},"64s":{"weight":1.0,"played":[1.0,0.0],"evs":[0.0,-1.85916]},"65s":{"weight":1.0,"played":[1.0,0.0],"evs":[0.0,-1.3082]},"66":{"weight":1.0,"played":[0.0,1.0],"evs":[0.0,0.66747]},"76o":{"weight":1.0,"played":[1.0,0.0],"evs":[0.0,-2.49968]},"86o":{"weight":1.0,"played":[1.0,0.0],"evs":[0.0,-2.80315]},"96o":{"weight":1.0,"played":[1.0,0.0],"evs":[0.0,-3.04574]},"T6o":{"weight":1.0,"played":[1.0,0.0],"evs":[0.0,-3.40799]},"J6o":{"weight":1.0,"played":[1.0,0.0],"evs":[0.0,-3.5155]},"Q6o":{"weight":1.0,"played":[1.0,0.0],"evs":[0.0,-3.19152]},"K6o":{"weight":1.0,"played":[1.0,0.0],"evs":[0.0,-2.85034]},"A6o":{"weight":1.0,"played":[1.0,0.0],"evs":[0.0,-2.58964]},"72s":{"weight":1.0,"played":[1.0,0.0],"evs":[0.0,-3.1676]},"73s":{"weight":1.0,"played":[1.0,0.0],"evs":[0.0,-2.60826]},"74s":{"weight":1.0,"played":[1.0,0.0],"evs":[0.0,-2.14319]},"75s":{"weight":1.0,"played":[1.0,0.0],"evs":[0.0,-1.6017]},"76s":{"weight":1.0,"played":[1.0,0.0],"evs":[0.0,-1.21898]},"77":{"weight":1.0,"played":[0.0,1.0],"evs":[0.0,1.09356]},"87o":{"weight":1.0,"played":[1.0,0.0],"evs":[0.0,-2.44727]},"97o":{"weight":1.0,"played":[1.0,0.0],"evs":[0.0,-2.67301]},"T7o":{"weight":1.0,"played":[1.0,0.0],"evs":[0.0,-2.96814]},"J7o":{"weight":1.0,"played":[1.0,0.0],"evs":[0.0,-3.08455]},"Q7o":{"weight":1.0,"played":[1.0,0.0],"evs":[0.0,-3.14981]},"K7o":{"weight":1.0,"played":[1.0,0.0],"evs":[0.0,-2.78274]},"A7o":{"weight":1.0,"played":[1.0,0.0],"evs":[0.0,-2.2492]},"82s":{"weight":1.0,"played":[1.0,0.0],"evs":[0.0,-3.03539]},"83s":{"weight":1.0,"played":[1.0,0.0],"evs":[0.0,-2.99635]},"84s":{"weight":1.0,"played":[1.0,0.0],"evs":[0.0,-2.44593]},"85s":{"weight":1.0,"played":[1.0,0.0],"evs":[0.0,-1.98022]},"86s":{"weight":1.0,"played":[1.0,0.0],"evs":[0.0,-1.43193]},"87s":{"weight":1.0,"played":[1.0,0.0],"evs":[0.0,-1.2468]},"88":{"weight":1.0,"played":[0.0,1.0],"evs":[0.0,1.77947]},"98o":{"weight":1.0,"played":[1.0,0.0],"evs":[0.0,-2.40092]},"T8o":{"weight":1.0,"played":[1.0,0.0],"evs":[0.0,-2.56]},"J8o":{"weight":1.0,"played":[1.0,0.0],"evs":[0.0,-2.69913]},"Q8o":{"weight":1.0,"played":[1.0,0.0],"evs":[0.0,-2.79919]},"K8o":{"weight":1.0,"played":[1.0,0.0],"evs":[0.0,-2.76541]},"A8o":{"weight":1.0,"played":[1.0,0.0],"evs":[0.0,-2.05618]},"92s":{"weight":1.0,"played":[1.0,0.0],"evs":[0.0,-2.94964]},"93s":{"weight":1.0,"played":[1.0,0.0],"evs":[0.0,-2.88822]},"94s":{"weight":1.0,"played":[1.0,0.0],"evs":[0.0,-2.7903]},"95s":{"weight":1.0,"played":[1.0,0.0],"evs":[0.0,-2.32863]},"96s":{"weight":1.0,"played":[1.0,0.0],"evs":[0.0,-1.7557]},"97s":{"weight":1.0,"played":[1.0,0.0],"evs":[0.0,-1.31565]},"98s":{"weight":1.0,"played":[1.0,0.0],"evs":[0.0,-1.02073]},"99":{"weight":1.0,"played":[0.0,1.0],"evs":[0.0,2.88854]},"T9o":{"weight":1.0,"played":[1.0,0.0],"evs":[0.0,-2.09122]},"J9o":{"weight":1.0,"played":[1.0,0.0],"evs":[0.0,-2.28364]},"Q9o":{"weight":1.0,"played":[1.0,0.0],"evs":[0.0,-2.35093]},"K9o":{"weight":1.0,"played":[1.0,0.0],"evs":[0.0,-2.36058]},"A9o":{"weight":1.0,"played":[1.0,0.0],"evs":[0.0,-1.45857]},"T2s":{"weight":1.0,"played":[1.0,0.0],"evs":[0.0,-2.98487]},"T3s":{"weight":1.0,"played":[1.0,0.0],"evs":[0.0,-2.88347]},"T4s":{"weight":1.0,"played":[1.0,0.0],"evs":[0.0,-2.69716]},"T5s":{"weight":1.0,"played":[1.0,0.0],"evs":[0.0,-2.56728]},"T6s":{"weight":1.0,"played":[1.0,0.0],"evs":[0.0,-2.1954]},"T7s":{"weight":1.0,"played":[1.0,0.0],"evs":[0.0,-1.72681]},"T8s":{"weight":1.0,"played":[1.0,0.0],"evs":[0.0,-1.36694]},"T9s":{"weight":1.0,"played":[1.0,0.0],"evs":[0.0,-0.92573]},"TT":{"weight":1.0,"played":[0.0,1.0],"evs":[0.0,4.40931]},"JTo":{"weight":1.0,"played":[1.0,0.0],"evs":[0.0,-1.70546]},"QTo":{"weight":1.0,"played":[1.0,0.0],"evs":[0.0,-1.64904]},"KTo":{"weight":1.0,"played":[1.0,0.0],"evs":[0.0,-1.6784]},"ATo":{"weight":1.0,"played":[0.8727,0.1273],"evs":[0.0,-0.05925]},"J2s":{"weight":1.0,"played":[1.0,0.0],"evs":[0.0,-2.67426]},"J3s":{"weight":1.0,"played":[1.0,0.0],"evs":[0.0,-2.51279]},"J4s":{"weight":1.0,"played":[1.0,0.0],"evs":[0.0,-2.49925]},"J5s":{"weight":1.0,"played":[1.0,0.0],"evs":[0.0,-2.26775]},"J6s":{"weight":1.0,"played":[1.0,0.0],"evs":[0.0,-2.09857]},"J7s":{"weight":1.0,"played":[1.0,0.0],"evs":[0.0,-1.71786]},"J8s":{"weight":1.0,"played":[1.0,0.0],"evs":[0.0,-1.40282]},"J9s":{"weight":1.0,"played":[1.0,0.0],"evs":[0.0,-0.96356]},"JTs":{"weight":1.0,"played":[0.9999,1.0E-4],"evs":[0.0,-0.55644]},"JJ":{"weight":1.0,"played":[0.0,1.0],"evs":[0.0,6.23896]},"QJo":{"weight":1.0,"played":[1.0,0.0],"evs":[0.0,-1.28425]},"KJo":{"weight":1.0,"played":[1.0,0.0],"evs":[0.0,-1.03046]},"AJo":{"weight":1.0,"played":[0.0,1.0],"evs":[0.0,1.22629]},"Q2s":{"weight":1.0,"played":[1.0,0.0],"evs":[0.0,-2.33638]},"Q3s":{"weight":1.0,"played":[1.0,0.0],"evs":[0.0,-2.30962]},"Q4s":{"weight":1.0,"played":[1.0,0.0],"evs":[0.0,-2.29437]},"Q5s":{"weight":1.0,"played":[1.0,0.0],"evs":[0.0,-1.9496]},"Q6s":{"weight":1.0,"played":[1.0,0.0],"evs":[0.0,-1.9103]},"Q7s":{"weight":1.0,"played":[1.0,0.0],"evs":[0.0,-1.87678]},"Q8s":{"weight":1.0,"played":[1.0,0.0],"evs":[0.0,-1.58211]},"Q9s":{"weight":1.0,"played":[1.0,0.0],"evs":[0.0,-1.11215]},"QTs":{"weight":1.0,"played":[0.9999,1.0E-4],"evs":[0.0,-0.49823]},"QJs":{"weight":1.0,"played":[0.4572,0.5428],"evs":[0.0,0.00426]},"QQ":{"weight":1.0,"played":[0.0,1.0],"evs":[0.0,8.56805]},"KQo":{"weight":1.0,"played":[0.4476,0.5524],"evs":[0.0,-0.04275]},"AQo":{"weight":1.0,"played":[0.0,1.0],"evs":[0.0,2.61383]},"K2s":{"weight":1.0,"played":[1.0,0.0],"evs":[0.0,-2.24599]},"K3s":{"weight":1.0,"played":[1.0,0.0],"evs":[0.0,-2.053]},"K4s":{"weight":1.0,"played":[1.0,0.0],"evs":[0.0,-1.79394]},"K5s":{"weight":1.0,"played":[1.0,0.0],"evs":[0.0,-1.76386]},"K6s":{"weight":1.0,"played":[1.0,0.0],"evs":[0.0,-1.61101]},"K7s":{"weight":1.0,"played":[1.0,0.0],"evs":[0.0,-1.45214]},"K8s":{"weight":1.0,"played":[1.0,0.0],"evs":[0.0,-1.45503]},"K9s":{"weight":1.0,"played":[1.0,0.0],"evs":[0.0,-1.05417]},"KTs":{"weight":1.0,"played":[0.9995,5.0E-4],"evs":[0.0,-0.3484]},"KJs":{"weight":1.0,"played":[4.0E-4,0.9996],"evs":[0.0,0.25702]},"KQs":{"weight":1.0,"played":[0.0,1.0],"evs":[0.0,1.079]},"KK":{"weight":1.0,"played":[0.0,1.0],"evs":[0.0,11.28613]},"AKo":{"weight":1.0,"played":[0.0,1.0],"evs":[0.0,4.22178]},"A2s":{"weight":1.0,"played":[1.0,0.0],"evs":[0.0,-1.25906]},"A3s":{"weight":1.0,"played":[1.0,0.0],"evs":[0.0,-1.15957]},"A4s":{"weight":1.0,"played":[1.0,0.0],"evs":[0.0,-1.06928]},"A5s":{"weight":1.0,"played":[1.0,0.0],"evs":[0.0,-0.70913]},"A6s":{"weight":1.0,"played":[1.0,0.0],"evs":[0.0,-1.0507]},"A7s":{"weight":1.0,"played":[0.9999,1.0E-4],"evs":[0.0,-0.74052]},"A8s":{"weight":1.0,"played":[0.9994,6.0E-4],"evs":[0.0,-0.71041]},"A9s":{"weight":1.0,"played":[0.9997,3.0E-4],"evs":[0.0,-0.14167]},"ATs":{"weight":1.0,"played":[6.0E-4,0.9994],"evs":[0.0,1.12961]},"AJs":{"weight":1.0,"played":[0.0,1.0],"evs":[0.0,2.37556]},"AQs":{"weight":1.0,"played":[0.0,1.0],"evs":[0.0,3.6221]},"AKs":{"weight":1.0,"played":[0.0,1.0],"evs":[0.0,5.19914]},"AA":{"weight":1.0,"played":[0.0,1.0],"evs":[0.0,15.42491]}}}