{"player":4,"street":0,"children":3,"sequence":[{"player":0,"type":"R","amount":200000,"street":0},{"player":1,"type":"C","amount":200000,"street":0},{"player":2,"type":"F","amount":0,"street":0},{"player":3,"type":"C","amount":150000,"street":0}],"actions":[{"type":"F","amount":0},{"type":"C","amount":100000},{"type":"R","amount":1015000,"node":141}],"hands":{"22":{"weight":1.0,"played":[0.0126,0.9865,9.0E-4],"evs":[0.0,1.12087,-0.73304]},"32o":{"weight":1.0,"played":[1.0,0.0,0.0],"evs":[0.0,-0.56868,-4.25872]},"42o":{"weight":1.0,"played":[1.0,0.0,0.0],"evs":[0.0,-0.45337,-3.66664]},"52o":{"weight":1.0,"played":[1.0,0.0,0.0],"evs":[0.0,-0.426,-3.3691]},"62o":{"weight":1.0,"played":[1.0,0.0,0.0],"evs":[0.0,-0.49331,-3.54737]},"72o":{"weight":1.0,"played":[1.0,0.0,0.0],"evs":[0.0,-0.57966,-4.16]},"82o":{"weight":1.0,"played":[1.0,0.0,0.0],"evs":[0.0,-0.56695,-3.90653]},"92o":{"weight":1.0,"played":[1.0,0.0,0.0],"evs":[0.0,-0.60959,-4.06036]},"T2o":{"weight":1.0,"played":[1.0,0.0,0.0],"evs":[0.0,-0.64153,-4.19647]},"J2o":{"weight":1.0,"played":[1.0,0.0,0.0],"evs":[0.0,-0.66626,-3.96015]},"Q2o":{"weight":1.0,"played":[1.0,0.0,0.0],"evs":[0.0,-0.4336,-3.57134]},"K2o":{"weight":1.0,"played":[1.0,0.0,0.0],"evs":[0.0,-0.4724,-3.21364]},"A2o":{"weight":1.0,"played":[0.999,0.001,0.0],"evs":[0.0,-0.06574,-1.94474]},"32s":{"weight":1.0,"played":[0.9994,4.0E-4,1.0E-4],"evs":[0.0,-0.14728,-2.19437]},"33":{"weight":1.0,"played":[0.0073,0.9926,0.0],"evs":[0.0,0.92143,-0.29555]},"43o":{"weight":1.0,"played":[1.0,0.0,0.0],"evs":[0.0,-0.37875,-3.19401]},"53o":{"weight":1.0,"played":[1.0,0.0,0.0],"evs":[0.0,-0.31755,-2.80232]},"63o":{"weight":1.0,"played":[1.0,0.0,0.0],"evs":[0.0,-0.37713,-3.3374]},"73o":{"weight":1.0,"played":[1.0,0.0,0.0],"evs":[0.0,-0.41773,-3.58977]},"83o":{"weight":1.0,"played":[0.9999,1.0E-4,0.0],"evs":[0.0,-0.60114,-3.8509]},"93o":{"weight":1.0,"played":[0.9999,1.0E-4,0.0],"evs":[0.0,-0.50208,-3.52108]},"T3o":{"weight":1.0,"played":[1.0,0.0,0.0],"evs":[0.0,-0.6368,-3.97021]},"J3o":{"weight":1.0,"played":[0.9999,0.0,0.0],"evs":[0.0,-0.58132,-3.86159]},"Q3o":{"weight":1.0,"played":[1.0,0.0,0.0],"evs":[0.0,-0.40006,-3.35085]},"K3o":{"weight":1.0,"played":[0.9999,1.0E-4,0.0],"evs":[0.0,-0.36762,-3.16685]},"A3o":{"weight":1.0,"played":[1.0,0.0,0.0],"evs":[0.0,-0.0486,-1.91382]},"42s":{"weight":1.0,"played":[0.9944,0.004,0.0016],"evs":[0.0,-0.25713,-2.49677]},"43s":{"weight":1.0,"played":[0.7602,0.2393,6.0E-4],"evs":[0.0,0.05272,-1.69456]},"44":{"weight":1.0,"played":[2.0E-4,0.9857,0.014],"evs":[0.0,1.00921,0.26584]},"54o":{"weight":1.0,"played":[1.0,0.0,0.0],"evs":[0.0,-0.12424,-2.04168]},"64o":{"weight":1.0,"played":[0.9999,1.0E-4,0.0],"evs":[0.0,-0.10796,-2.22057]},"74o":{"weight":1.0,"played":[0.9992,8.0E-4,0.0],"evs":[0.0,-0.23814,-2.86891]},"84o":{"weight":1.0,"played":[1.0,0.0,0.0],"evs":[0.0,-0.422,-3.19745]},"94o":{"weight":1.0,"played":[0.9997,3.0E-4,0.0],"evs":[0.0,-0.44547,-3.6548]},"T4o":{"weight":1.0,"played":[1.0,0.0,0.0],"evs":[0.0,-0.52172,-3.61164]},"J4o":{"weight":1.0,"played":[0.9997,3.0E-4,1.0E-4],"evs":[0.0,-0.50656,-3.38053]},"Q4o":{"weight":1.0,"played":[1.0,0.0,0.0],"evs":[0.0,-0.40045,-3.05706]},"K4o":{"weight":1.0,"played":[0.9998,2.0E-4,0.0],"evs":[0.0,-0.29196,-2.75994]},"A4o":{"weight":1.0,"played":[0.9845,0.0155,0.0],"evs":[0.0,-0.14103,-1.31396]},"52s":{"weight":1.0,"played":[0.9955,0.0044,0.0],"evs":[0.0,-0.00988,-2.04615]},"53s":{"weight":1.0,"played":[0.3973,0.6026,1.0E-4],"evs":[0.0,0.31395,-1.11619]},"54s":{"weight":1.0,"played":[0.0412,0.9565,0.0023],"evs":[0.0,0.36886,-0.70327]},"55":{"weight":1.0,"played":[3.0E-4,0.0268,0.9729],"evs":[0.0,1.00087,1.01498]},"65o":{"weight":1.0,"played":[0.9998,2.0E-4,0.0],"evs":[0.0,-0.00462,-1.63995]},"75o":{"weight":1.0,"played":[0.9756,0.0244,0.0],"evs":[0.0,-0.08742,-2.03798]},"85o":{"weight":1.0,"played":[0.9969,0.0029,2.0E-4],"evs":[0.0,-0.23652,-2.20554]},"95o":{"weight":1.0,"played":[0.9999,1.0E-4,0.0],"evs":[0.0,-0.34801,-2.80419]},"T5o":{"weight":1.0,"played":[1.0,0.0,0.0],"evs":[0.0,-0.51004,-3.47662]},"J5o":{"weight":1.0,"played":[0.9999,1.0E-4,0.0],"evs":[0.0,-0.45276,-3.03541]},"Q5o":{"weight":1.0,"played":[1.0,0.0,0.0],"evs":[0.0,-0.29218,-2.73459]},"K5o":{"weight":1.0,"played":[1.0,0.0,0.0],"evs":[0.0,-0.33076,-2.55065]},"A5o":{"weight":1.0,"played":[0.1154,0.8836,0.001],"evs":[0.0,0.10602,-1.03925]},"62s":{"weight":1.0,"played":[1.0,0.0,0.0],"evs":[0.0,-0.07622,-2.1287]},"63s":{"weight":1.0,"played":[0.8931,0.1057,0.0012],"evs":[0.0,-0.04681,-1.95908]},"64s":{"weight":1.0,"played":[0.5655,0.4339,6.0E-4],"evs":[0.0,0.1461,-0.91948]},"65s":{"weight":1.0,"played":[0.1167,0.8795,0.0039],"evs":[0.0,0.31081,-0.78521]},"66":{"weight":1.0,"played":[1.0E-4,0.0119,0.988],"evs":[0.0,1.1769,2.08049]},"76o":{"weight":1.0,"played":[0.3668,0.6332,0.0],"evs":[0.0,0.02191,-1.52292]},"86o":{"weight":1.0,"played":[0.9999,1.0E-4,0.0],"evs":[0.0,-0.22225,-2.03383]},"96o":{"weight":1.0,"played":[1.0,0.0,0.0],"evs":[0.0,-0.23024,-1.95341]},"T6o":{"weight":1.0,"played":[1.0,0.0,0.0],"evs":[0.0,-0.3856,-2.75495]},"J6o":{"weight":1.0,"played":[1.0,0.0,0.0],"evs":[0.0,-0.4766,-2.8648]},"Q6o":{"weight":1.0,"played":[1.0,0.0,0.0],"evs":[0.0,-0.30102,-2.54013]},"K6o":{"weight":1.0,"played":[0.999,0.001,0.0],"evs":[0.0,-0.34502,-2.47537]},"A6o":{"weight":1.0,"played":[0.7779,0.2221,0.0],"evs":[0.0,-0.06584,-1.39593]},"72s":{"weight":1.0,"played":[0.9996,1.0E-4,2.0E-4],"evs":[0.0,-0.15133,-2.46658]},"73s":{"weight":1.0,"played":[0.9257,0.0741,2.0E-4],"evs":[0.0,-0.02082,-2.35628]},"74s":{"weight":1.0,"played":[0.5384,0.461,6.0E-4],"evs":[0.0,0.05274,-1.46869]},"75s":{"weight":1.0,"played":[0.9366,0.0634,0.0],"evs":[0.0,-0.00157,-0.76427]},"76s":{"weight":1.0,"played":[0.0961,0.8848,0.0191],"evs":[0.0,0.41667,-0.11646]},"77":{"weight":1.0,"played":[0.0,3.0E-4,0.9997],"evs":[0.0,1.47973,2.23311]},"87o":{"weight":1.0,"played":[0.5777,0.4223,0.0],"evs":[0.0,-0.00281,-1.2525]},"97o":{"weight":1.0,"played":[0.9987,0.0011,2.0E-4],"evs":[0.0,-0.1569,-1.81643]},"T7o":{"weight":1.0,"played":[0.9964,0.0036,0.0],"evs":[0.0,-0.22037,-2.31826]},"J7o":{"weight":1.0,"played":[1.0,0.0,0.0],"evs":[0.0,-0.50082,-2.81513]},"Q7o":{"weight":1.0,"played":[0.9996,4.0E-4,0.0],"evs":[0.0,-0.22272,-2.58281]},"K7o":{"weight":1.0,"played":[0.9996,3.0E-4,0.0],"evs":[0.0,-0.25393,-2.19067]},"A7o":{"weight":1.0,"played":[0.0732,0.9267,1.0E-4],"evs":[0.0,0.09375,-0.77417]},"82s":{"weight":1.0,"played":[0.9782,0.0214,4.0E-4],"evs":[0.0,-0.06515,-2.44515]},"83s":{"weight":1.0,"played":[0.9969,0.0031,0.0],"evs":[0.0,-0.27242,-2.56527]},"84s":{"weight":1.0,"played":[0.8232,0.1768,0.0],"evs":[0.0,-0.10463,-1.81845]},"85s":{"weight":1.0,"played":[0.8044,0.1887,0.0069],"evs":[0.0,0.05908,-1.08009]},"86s":{"weight":1.0,"played":[0.0022,0.9973,5.0E-4],"evs":[0.0,0.31187,-0.50202]},"87s":{"weight":1.0,"played":[0.0906,0.9092,2.0E-4],"evs":[0.0,0.28061,-0.34646]},"88":{"weight":1.0,"played":[0.0,0.0,1.0],"evs":[0.0,1.7313,3.67429]},"98o":{"weight":1.0,"played":[0.8132,0.1863,5.0E-4],"evs":[0.0,0.03991,-1.28097]},"T8o":{"weight":1.0,"played":[0.5838,0.4162,0.0],"evs":[0.0,-0.05488,-1.8335]},"J8o":{"weight":1.0,"played":[0.9998,2.0E-4,0.0],"evs":[0.0,-0.17371,-1.90031]},"Q8o":{"weight":1.0,"played":[0.9964,0.0036,0.0],"evs":[0.0,-0.18096,-2.18044]},"K8o":{"weight":1.0,"played":[0.9999,1.0E-4,0.0],"evs":[0.0,-0.12696,-1.82438]},"A8o":{"weight":1.0,"played":[0.0054,0.989,0.0057],"evs":[0.0,0.33524,-0.08679]},"92s":{"weight":1.0,"played":[1.0,0.0,0.0],"evs":[0.0,-0.35917,-2.92002]},"93s":{"weight":1.0,"played":[0.9908,0.0092,0.0],"evs":[0.0,-0.18611,-2.19972]},"94s":{"weight":1.0,"played":[0.9987,0.001,3.0E-4],"evs":[0.0,-0.1496,-2.02704]},"95s":{"weight":1.0,"played":[0.5202,0.4781,0.0017],"evs":[0.0,0.00895,-1.81649]},"96s":{"weight":1.0,"played":[0.1289,0.8666,0.0045],"evs":[0.0,0.35057,-0.4046]},"97s":{"weight":1.0,"played":[0.0364,0.963,6.0E-4],"evs":[0.0,0.29513,-0.6486]},"98s":{"weight":1.0,"played":[2.0E-4,0.8962,0.1036],"evs":[0.0,0.69263,0.17934]},"99":{"weight":1.0,"played":[0.0,0.0,1.0],"evs":[0.0,1.46459,4.26918]},"T9o":{"weight":1.0,"played":[0.9518,0.0481,0.0],"evs":[0.0,-0.12,-1.54956]},"J9o":{"weight":1.0,"played":[0.9364,0.0635,1.0E-4],"evs":[0.0,-0.02237,-1.45709]},"Q9o":{"weight":1.0,"played":[0.9959,0.0041,1.0E-4],"evs":[0.0,-0.12068,-1.5013]},"K9o":{"weight":1.0,"played":[0.9897,0.0103,0.0],"evs":[0.0,-0.11884,-1.30457]},"A9o":{"weight":1.0,"played":[0.0027,0.9933,0.004],"evs":[0.0,0.52244,0.16857]},"T2s":{"weight":1.0,"played":[0.9872,0.0123,6.0E-4],"evs":[0.0,-0.14485,-2.20608]},"T3s":{"weight":1.0,"played":[1.0,0.0,0.0],"evs":[0.0,-0.30617,-2.58321]},"T4s":{"weight":1.0,"played":[0.9967,0.0033,0.0],"evs":[0.0,-0.33527,-2.83783]},"T5s":{"weight":1.0,"played":[0.469,0.531,1.0E-4],"evs":[0.0,0.22248,-1.49824]},"T6s":{"weight":1.0,"played":[0.859,0.1401,9.0E-4],"evs":[0.0,-0.31402,-1.61984]},"T7s":{"weight":1.0,"played":[0.1326,0.8656,0.0018],"evs":[0.0,0.20892,-0.63289]},"T8s":{"weight":1.0,"played":[0.1096,0.878,0.0124],"evs":[0.0,0.25437,-0.08762]},"T9s":{"weight":1.0,"played":[0.0124,0.9611,0.0264],"evs":[0.0,0.41718,0.11772]},"TT":{"weight":1.0,"played":[0.0,0.0,1.0],"evs":[0.0,2.39116,6.28216]},"JTo":{"weight":1.0,"played":[0.9973,0.0023,5.0E-4],"evs":[0.0,-0.08575,-0.99586]},"QTo":{"weight":1.0,"played":[0.007,0.993,1.0E-4],"evs":[0.0,0.25015,-0.69784]},"KTo":{"weight":1.0,"played":[0.4347,0.5644,9.0E-4],"evs":[0.0,0.23597,-0.54102]},"ATo":{"weight":1.0,"played":[2.0E-4,3.0E-4,0.9995],"evs":[0.0,0.92083,1.5199]},"J2s":{"weight":1.0,"played":[0.9995,0.0,5.0E-4],"evs":[0.0,-0.21461,-2.42615]},"J3s":{"weight":1.0,"played":[0.9744,0.0256,0.0],"evs":[0.0,-0.32631,-2.2809]},"J4s":{"weight":1.0,"played":[0.7047,0.2952,1.0E-4],"evs":[0.0,-0.18321,-1.9446]},"J5s":{"weight":1.0,"played":[0.4951,0.5046,3.0E-4],"evs":[0.0,-0.11974,-1.95353]},"J6s":{"weight":1.0,"played":[0.9668,0.0331,0.0],"evs":[0.0,-0.28438,-1.88748]},"J7s":{"weight":1.0,"played":[0.3215,0.6775,0.001],"evs":[0.0,0.01205,-1.33748]},"J8s":{"weight":1.0,"played":[0.074,0.926,0.0],"evs":[0.0,0.26489,-0.71751]},"J9s":{"weight":1.0,"played":[0.0678,0.778,0.1542],"evs":[0.0,0.34513,-0.47411]},"JTs":{"weight":1.0,"played":[0.0338,0.0412,0.925],"evs":[0.0,0.42762,0.53012]},"JJ":{"weight":1.0,"played":[0.0,0.0,1.0],"evs":[0.0,3.12417,7.0229]},"QJo":{"weight":1.0,"played":[0.096,0.9018,0.0022],"evs":[0.0,0.39832,-0.22099]},"KJo":{"weight":1.0,"played":[0.0076,0.9862,0.0062],"evs":[0.0,0.47229,-0.09542]},"AJo":{"weight":1.0,"played":[0.0,4.0E-4,0.9996],"evs":[0.0,1.29335,2.77913]},"Q2s":{"weight":1.0,"played":[0.9648,0.0352,0.0],"evs":[0.0,-0.27868,-2.24119]},"Q3s":{"weight":1.0,"played":[0.1356,0.8638,6.0E-4],"evs":[0.0,0.07493,-1.58367]},"Q4s":{"weight":1.0,"played":[0.0777,0.9223,0.0],"evs":[0.0,0.41865,-1.31989]},"Q5s":{"weight":1.0,"played":[0.3039,0.6959,1.0E-4],"evs":[0.0,0.19148,-1.19849]},"Q6s":{"weight":1.0,"played":[0.139,0.8604,6.0E-4],"evs":[0.0,0.0117,-1.69185]},"Q7s":{"weight":1.0,"played":[0.2069,0.7931,0.0],"evs":[0.0,0.33017,-0.83093]},"Q8s":{"weight":1.0,"played":[0.0049,0.9943,7.0E-4],"evs":[0.0,0.41934,-0.61275]},"Q9s":{"weight":1.0,"played":[0.0159,0.982,0.0021],"evs":[0.0,0.57747,0.15851]},"QTs":{"weight":1.0,"played":[0.0028,0.2517,0.7455],"evs":[0.0,0.96619,1.06236]},"QJs":{"weight":1.0,"played":[1.0E-4,0.2133,0.7866],"evs":[0.0,0.78219,1.01783]},"QQ":{"weight":1.0,"played":[0.0,0.0,1.0],"evs":[0.0,4.74112,10.03719]},"KQo":{"weight":1.0,"played":[0.0,0.0482,0.9518],"evs":[0.0,1.25992,1.36344]},"AQo":{"weight":1.0,"played":[0.0,0.0028,0.9972],"evs":[0.0,1.54751,3.60869]},"K2s":{"weight":1.0,"played":[0.9689,0.0309,3.0E-4],"evs":[0.0,-0.04357,-1.95865]},"K3s":{"weight":1.0,"played":[0.7331,0.2669,0.0],"evs":[0.0,-0.00405,-1.75658]},"K4s":{"weight":1.0,"played":[0.4051,0.5942,7.0E-4],"evs":[0.0,0.08392,-1.39798]},"K5s":{"weight":1.0,"played":[0.1593,0.8359,0.0047],"evs":[0.0,0.24426,-1.00613]},"K6s":{"weight":1.0,"played":[0.3336,0.6561,0.0103],"evs":[0.0,0.27106,-0.67313]},"K7s":{"weight":1.0,"played":[0.0599,0.9398,3.0E-4],"evs":[0.0,0.44425,-0.73517]},"K8s":{"weight":1.0,"played":[0.1257,0.874,2.0E-4],"evs":[0.0,0.20769,-0.56904]},"K9s":{"weight":1.0,"played":[0.0091,0.7744,0.2165],"evs":[0.0,0.23931,0.03868]},"KTs":{"weight":1.0,"played":[0.0,0.7932,0.2068],"evs":[0.0,0.49261,0.15047]},"KJs":{"weight":1.0,"played":[8.0E-4,0.0524,0.9469],"evs":[0.0,0.94473,1.17796]},"KQs":{"weight":1.0,"played":[0.0,0.0,1.0],"evs":[0.0,1.51163,2.53647]},"KK":{"weight":1.0,"played":[0.0,0.0,1.0],"evs":[0.0,6.23978,12.17966]},"AKo":{"weight":1.0,"played":[0.0,0.0,1.0],"evs":[0.0,1.95938,4.71006]},"A2s":{"weight":1.0,"played":[0.0588,0.9278,0.0135],"evs":[0.0,0.0831,-0.74336]},"A3s":{"weight":1.0,"played":[0.1316,0.8671,0.0012],"evs":[0.0,0.77317,0.10557]},"A4s":{"weight":1.0,"played":[0.0691,0.7221,0.2088],"evs":[0.0,0.35805,-0.18163]},"A5s":{"weight":1.0,"played":[0.0041,0.8876,0.1083],"evs":[0.0,0.72588,0.53243]},"A6s":{"weight":1.0,"played":[0.0133,0.9802,0.0065],"evs":[0.0,0.4349,-0.12964]},"A7s":{"weight":1.0,"played":[1.0E-4,0.7931,0.2068],"evs":[0.0,0.87098,0.86573]},"A8s":{"weight":1.0,"played":[0.0089,0.0346,0.9565],"evs":[0.0,1.04106,1.27935]},"A9s":{"weight":1.0,"played":[0.0,0.0249,0.9751],"evs":[0.0,1.08148,1.78284]},"ATs":{"weight":1.0,"played":[0.0,0.0043,0.9957],"evs":[0.0,1.38438,3.03295]},"AJs":{"weight":1.0,"played":[0.0,1.0E-4,0.9999],"evs":[0.0,1.8876,4.26532]},"AQs":{"weight":1.0,"played":[1.0E-4,6.0E-4,0.9992],"evs":[0.0,2.25398,4.87464]},"AKs":{"weight":1.0,"played":[0.0,0.0,1.0],"evs":[0.0,2.64733,5.80373]},"AA":{"weight":1.0,"played":[0.0,0.0,1.0],"evs":[0.0,9.33865,16.78597]}}}