{"player":1,"street":0,"children":2,"sequence":[{"player":0,"type":"R","amount":200000,"street":0},{"player":1,"type":"C","amount":200000,"street":0},{"player":2,"type":"F","amount":0,"street":0},{"player":3,"type":"C","amount":150000,"street":0},{"player":4,"type":"R","amount":1015000,"street":0},{"player":0,"type":"C","amount":815000,"street":0}],"actions":[{"type":"F","amount":0,"node":148},{"type":"R","amount":2005000,"node":150}],"hands":{"22":{"weight":0.0,"played":[0.9634,0.0366],"evs":[0.0,-0.41346]},"32o":{"weight":0.0,"played":[0.9999,1.0E-4],"evs":[0.0,-7.19939]},"42o":{"weight":0.0,"played":[1.0,0.0],"evs":[0.0,-7.42883]},"52o":{"weight":0.0,"played":[0.9999,1.0E-4],"evs":[0.0,-5.77081]},"62o":{"weight":0.0,"played":[1.0,0.0],"evs":[0.0,-7.64672]},"72o":{"weight":0.0,"played":[1.0,0.0],"evs":[0.0,-7.90277]},"82o":{"weight":0.0,"played":[0.9999,1.0E-4],"evs":[0.0,-6.81703]},"92o":{"weight":0.0,"played":[1.0,0.0],"evs":[0.0,-7.76935]},"T2o":{"weight":0.0,"played":[1.0,0.0],"evs":[0.0,-7.13891]},"J2o":{"weight":0.0,"played":[1.0,0.0],"evs":[0.0,-5.76948]},"Q2o":{"weight":0.0,"played":[0.9994,6.0E-4],"evs":[0.0,-7.31826]},"K2o":{"weight":0.0,"played":[0.9976,0.0024],"evs":[0.0,-6.14245]},"A2o":{"weight":0.0,"played":[0.9996,4.0E-4],"evs":[0.0,-4.28144]},"32s":{"weight":0.0,"played":[0.9998,2.0E-4],"evs":[0.0,-3.54219]},"33":{"weight":0.9041,"played":[0.4191,0.5809],"evs":[0.0,0.36125]},"43o":{"weight":0.0,"played":[1.0,0.0],"evs":[0.0,-6.14984]},"53o":{"weight":0.0,"played":[1.0,0.0],"evs":[0.0,-5.41732]},"63o":{"weight":0.0,"played":[1.0,0.0],"evs":[0.0,-6.47901]},"73o":{"weight":0.0,"played":[0.9998,2.0E-4],"evs":[0.0,-7.26817]},"83o":{"weight":0.0,"played":[1.0,0.0],"evs":[0.0,-7.66257]},"93o":{"weight":0.0,"played":[1.0,0.0],"evs":[0.0,-7.49843]},"T3o":{"weight":0.0,"played":[1.0,0.0],"evs":[0.0,-7.01197]},"J3o":{"weight":0.0,"played":[0.9999,1.0E-4],"evs":[0.0,-6.90649]},"Q3o":{"weight":0.0,"played":[0.9997,3.0E-4],"evs":[0.0,-6.09551]},"K3o":{"weight":0.0,"played":[0.9998,2.0E-4],"evs":[0.0,-5.97778]},"A3o":{"weight":0.0,"played":[0.9979,0.0021],"evs":[0.0,-3.22808]},"42s":{"weight":0.0,"played":[0.9997,3.0E-4],"evs":[0.0,-5.22969]},"43s":{"weight":0.0,"played":[0.9995,5.0E-4],"evs":[0.0,-4.09625]},"44":{"weight":0.9987,"played":[0.1505,0.8495],"evs":[0.0,0.65157]},"54o":{"weight":0.0,"played":[0.9989,0.0011],"evs":[0.0,-4.43266]},"64o":{"weight":0.0,"played":[1.0,0.0],"evs":[0.0,-5.84267]},"74o":{"weight":0.0,"played":[1.0,0.0],"evs":[0.0,-5.55587]},"84o":{"weight":0.0,"played":[0.9998,2.0E-4],"evs":[0.0,-6.16765]},"94o":{"weight":0.0,"played":[0.9999,1.0E-4],"evs":[0.0,-6.73343]},"T4o":{"weight":0.0,"played":[1.0,0.0],"evs":[0.0,-7.71466]},"J4o":{"weight":0.0,"played":[1.0,0.0],"evs":[0.0,-6.90983]},"Q4o":{"weight":0.0,"played":[0.9994,6.0E-4],"evs":[0.0,-5.54963]},"K4o":{"weight":0.0,"played":[0.9995,5.0E-4],"evs":[0.0,-5.70659]},"A4o":{"weight":0.0,"played":[0.9996,4.0E-4],"evs":[0.0,-3.23795]},"52s":{"weight":0.0,"played":[0.9989,0.0011],"evs":[0.0,-3.2669]},"53s":{"weight":0.0,"played":[0.9999,1.0E-4],"evs":[0.0,-2.87178]},"54s":{"weight":0.0,"played":[0.9661,0.0339],"evs":[0.0,-1.19896]},"55":{"weight":0.59,"played":[0.0026,0.9974],"evs":[0.0,2.64074]},"65o":{"weight":0.0,"played":[0.9997,3.0E-4],"evs":[0.0,-2.91418]},"75o":{"weight":0.0,"played":[0.9995,5.0E-4],"evs":[0.0,-4.39971]},"85o":{"weight":0.0,"played":[1.0,0.0],"evs":[0.0,-5.48103]},"95o":{"weight":0.0,"played":[0.9999,1.0E-4],"evs":[0.0,-5.94544]},"T5o":{"weight":0.0,"played":[1.0,0.0],"evs":[0.0,-7.21049]},"J5o":{"weight":0.0,"played":[1.0,0.0],"evs":[0.0,-6.07292]},"Q5o":{"weight":0.0,"played":[1.0,0.0],"evs":[0.0,-5.71282]},"K5o":{"weight":0.0,"played":[0.9998,2.0E-4],"evs":[0.0,-5.07365]},"A5o":{"weight":0.0,"played":[0.9999,1.0E-4],"evs":[0.0,-1.74911]},"62s":{"weight":0.0,"played":[0.9998,2.0E-4],"evs":[0.0,-2.83385]},"63s":{"weight":0.0,"played":[0.9996,4.0E-4],"evs":[0.0,-4.40507]},"64s":{"weight":0.0,"played":[0.9993,7.0E-4],"evs":[0.0,-2.48989]},"65s":{"weight":0.001,"played":[0.9435,0.0565],"evs":[0.0,-2.20859]},"66":{"weight":0.8013,"played":[0.002,0.998],"evs":[0.0,2.96111]},"76o":{"weight":0.0,"played":[1.0,0.0],"evs":[0.0,-3.30177]},"86o":{"weight":0.0,"played":[0.9999,1.0E-4],"evs":[0.0,-4.35969]},"96o":{"weight":0.0,"played":[0.9995,5.0E-4],"evs":[0.0,-4.5711]},"T6o":{"weight":0.0,"played":[0.9999,1.0E-4],"evs":[0.0,-6.38273]},"J6o":{"weight":0.0,"played":[1.0,0.0],"evs":[0.0,-6.38449]},"Q6o":{"weight":0.0,"played":[0.9996,4.0E-4],"evs":[0.0,-5.30292]},"K6o":{"weight":0.0,"played":[0.9936,0.0064],"evs":[0.0,-4.71535]},"A6o":{"weight":0.0,"played":[0.9983,0.0017],"evs":[0.0,-2.56593]},"72s":{"weight":0.0,"played":[0.9999,1.0E-4],"evs":[0.0,-5.13365]},"73s":{"weight":0.0,"played":[0.9981,0.0019],"evs":[0.0,-4.25697]},"74s":{"weight":0.0,"played":[0.9992,8.0E-4],"evs":[0.0,-3.94216]},"75s":{"weight":0.0,"played":[0.9802,0.0198],"evs":[0.0,-1.74148]},"76s":{"weight":0.0,"played":[0.8809,0.1191],"evs":[0.0,-2.50556]},"77":{"weight":0.987,"played":[3.0E-4,0.9997],"evs":[0.0,2.70658]},"87o":{"weight":0.0,"played":[0.9999,1.0E-4],"evs":[0.0,-3.4996]},"97o":{"weight":0.0,"played":[0.9996,4.0E-4],"evs":[0.0,-3.68828]},"T7o":{"weight":0.0,"played":[0.9999,1.0E-4],"evs":[0.0,-5.53529]},"J7o":{"weight":0.0,"played":[0.9999,1.0E-4],"evs":[0.0,-4.89881]},"Q7o":{"weight":0.0,"played":[1.0,0.0],"evs":[0.0,-5.41495]},"K7o":{"weight":0.0,"played":[1.0,0.0],"evs":[0.0,-5.19351]},"A7o":{"weight":0.0,"played":[0.9861,0.0139],"evs":[0.0,-1.90167]},"82s":{"weight":0.0,"played":[0.9983,0.0017],"evs":[0.0,-4.74407]},"83s":{"weight":0.0,"played":[0.9988,0.0012],"evs":[0.0,-4.29178]},"84s":{"weight":0.0,"played":[0.9889,0.0111],"evs":[0.0,-4.35317]},"85s":{"weight":0.0,"played":[0.9819,0.0181],"evs":[0.0,-4.19307]},"86s":{"weight":0.0,"played":[0.9933,0.0067],"evs":[0.0,-1.1908]},"87s":{"weight":0.001,"played":[0.8472,0.1528],"evs":[0.0,-0.58549]},"88":{"weight":0.9974,"played":[0.0,1.0],"evs":[0.0,5.65438]},"98o":{"weight":0.0,"played":[0.9989,0.0011],"evs":[0.0,-3.13041]},"T8o":{"weight":0.0,"played":[0.999,0.001],"evs":[0.0,-3.88565]},"J8o":{"weight":0.0,"played":[0.9992,8.0E-4],"evs":[0.0,-3.72512]},"Q8o":{"weight":0.0,"played":[0.9994,6.0E-4],"evs":[0.0,-4.18849]},"K8o":{"weight":0.0,"played":[0.9999,1.0E-4],"evs":[0.0,-4.19339]},"A8o":{"weight":0.0,"played":[0.4796,0.5204],"evs":[0.0,-0.00148]},"92s":{"weight":0.0,"played":[0.9995,5.0E-4],"evs":[0.0,-3.92812]},"93s":{"weight":0.0,"played":[0.9996,4.0E-4],"evs":[0.0,-4.76863]},"94s":{"weight":0.0,"played":[0.9974,0.0026],"evs":[0.0,-3.57846]},"95s":{"weight":0.0,"played":[0.9222,0.0778],"evs":[0.0,-1.87133]},"96s":{"weight":0.0,"played":[0.9847,0.0153],"evs":[0.0,-2.97701]},"97s":{"weight":0.0,"played":[0.9873,0.0127],"evs":[0.0,-0.85425]},"98s":{"weight":0.5458,"played":[0.8498,0.1502],"evs":[0.0,-0.80254]},"99":{"weight":0.0,"played":[0.0,1.0],"evs":[0.0,7.22779]},"T9o":{"weight":0.0,"played":[0.9969,0.0031],"evs":[0.0,-3.32094]},"J9o":{"weight":0.0,"played":[0.9996,4.0E-4],"evs":[0.0,-4.16519]},"Q9o":{"weight":0.0,"played":[0.9952,0.0048],"evs":[0.0,-4.00081]},"K9o":{"weight":0.0,"played":[1.0,0.0],"evs":[0.0,-3.1235]},"A9o":{"weight":0.261,"played":[0.1027,0.8973],"evs":[0.0,0.29192]},"T2s":{"weight":0.0,"played":[0.9999,1.0E-4],"evs":[0.0,-5.16827]},"T3s":{"weight":0.0,"played":[0.995,0.005],"evs":[0.0,-5.75931]},"T4s":{"weight":0.0,"played":[0.9969,0.0031],"evs":[0.0,-4.38175]},"T5s":{"weight":0.0,"played":[0.9983,0.0017],"evs":[0.0,-4.13746]},"T6s":{"weight":0.0,"played":[0.7899,0.2101],"evs":[0.0,-2.53787]},"T7s":{"weight":0.0,"played":[0.9933,0.0067],"evs":[0.0,-1.69316]},"T8s":{"weight":0.0,"played":[0.9929,0.0071],"evs":[0.0,-1.79739]},"T9s":{"weight":0.9962,"played":[0.3055,0.6945],"evs":[0.0,0.18489]},"TT":{"weight":0.0,"played":[0.0,1.0],"evs":[0.0,9.98583]},"JTo":{"weight":0.0,"played":[0.9902,0.0098],"evs":[0.0,-2.43454]},"QTo":{"weight":0.0,"played":[0.9533,0.0467],"evs":[0.0,-1.39635]},"KTo":{"weight":0.0,"played":[0.9202,0.0798],"evs":[0.0,-2.3176]},"ATo":{"weight":0.943,"played":[0.0022,0.9978],"evs":[0.0,2.948]},"J2s":{"weight":0.0,"played":[0.9996,4.0E-4],"evs":[0.0,-4.78627]},"J3s":{"weight":0.0,"played":[0.9963,0.0037],"evs":[0.0,-4.59771]},"J4s":{"weight":0.0,"played":[0.9911,0.0089],"evs":[0.0,-5.62834]},"J5s":{"weight":0.0,"played":[0.9942,0.0058],"evs":[0.0,-4.28278]},"J6s":{"weight":0.0,"played":[0.9995,5.0E-4],"evs":[0.0,-2.76618]},"J7s":{"weight":0.0,"played":[0.9951,0.0049],"evs":[0.0,-3.4219]},"J8s":{"weight":0.0,"played":[1.0,0.0],"evs":[0.0,-2.06366]},"J9s":{"weight":0.9967,"played":[0.5273,0.4727],"evs":[0.0,0.9931]},"JTs":{"weight":0.921,"played":[0.1656,0.8344],"evs":[0.0,0.78953]},"JJ":{"weight":0.0,"played":[0.0,1.0],"evs":[0.0,13.16639]},"QJo":{"weight":0.571,"played":[0.9849,0.0151],"evs":[0.0,-1.98135]},"KJo":{"weight":1.0,"played":[0.9468,0.0532],"evs":[0.0,-1.35438]},"AJo":{"weight":0.152,"played":[0.0011,0.9989],"evs":[0.0,4.72713]},"Q2s":{"weight":0.0,"played":[0.9948,0.0052],"evs":[0.0,-2.32136]},"Q3s":{"weight":0.0,"played":[0.9778,0.0222],"evs":[0.0,-3.67048]},"Q4s":{"weight":0.0,"played":[0.9765,0.0235],"evs":[0.0,-2.03735]},"Q5s":{"weight":0.0,"played":[0.9757,0.0243],"evs":[0.0,-2.24076]},"Q6s":{"weight":0.0,"played":[0.9982,0.0018],"evs":[0.0,-3.78807]},"Q7s":{"weight":0.0,"played":[0.997,0.003],"evs":[0.0,-1.39103]},"Q8s":{"weight":0.0,"played":[0.9989,0.0011],"evs":[0.0,-3.4386]},"Q9s":{"weight":0.9667,"played":[0.9685,0.0315],"evs":[0.0,-1.58502]},"QTs":{"weight":0.8501,"played":[0.5614,0.4386],"evs":[0.0,0.50755]},"QJs":{"weight":0.6164,"played":[0.0431,0.9569],"evs":[0.0,1.29129]},"QQ":{"weight":0.7511,"played":[0.0,1.0],"evs":[0.0,16.62433]},"KQo":{"weight":0.2263,"played":[0.002,0.998],"evs":[0.0,0.39373]},"AQo":{"weight":0.0046,"played":[0.0,1.0],"evs":[0.0,5.87162]},"K2s":{"weight":0.0,"played":[0.9992,8.0E-4],"evs":[0.0,-2.8824]},"K3s":{"weight":0.0,"played":[0.9727,0.0273],"evs":[0.0,-2.24808]},"K4s":{"weight":0.0,"played":[0.9998,2.0E-4],"evs":[0.0,-1.87749]},"K5s":{"weight":0.0,"played":[0.9705,0.0295],"evs":[0.0,-3.97293]},"K6s":{"weight":0.0,"played":[0.986,0.014],"evs":[0.0,-1.4188]},"K7s":{"weight":0.0,"played":[0.8421,0.1579],"evs":[0.0,-1.14169]},"K8s":{"weight":0.0,"played":[0.9871,0.0129],"evs":[0.0,-3.31984]},"K9s":{"weight":0.9744,"played":[0.9955,0.0045],"evs":[0.0,-1.37794]},"KTs":{"weight":0.9688,"played":[0.0047,0.9953],"evs":[0.0,0.7395]},"KJs":{"weight":0.9793,"played":[0.0073,0.9927],"evs":[0.0,0.74584]},"KQs":{"weight":0.9293,"played":[0.0074,0.9926],"evs":[0.0,2.08671]},"KK":{"weight":1.0,"played":[0.0,1.0],"evs":[0.0,20.95794]},"AKo":{"weight":0.0,"played":[0.0,1.0],"evs":[0.0,6.98333]},"A2s":{"weight":0.0,"played":[0.7829,0.2171],"evs":[0.0,-0.12372]},"A3s":{"weight":0.1,"played":[0.8737,0.1263],"evs":[0.0,-2.04788]},"A4s":{"weight":0.69,"played":[0.7036,0.2964],"evs":[0.0,-0.73784]},"A5s":{"weight":0.0277,"played":[0.1636,0.8364],"evs":[0.0,0.38264]},"A6s":{"weight":0.9931,"played":[0.5233,0.4767],"evs":[0.0,-0.47126]},"A7s":{"weight":0.9984,"played":[0.4469,0.5531],"evs":[0.0,0.65072]},"A8s":{"weight":0.9996,"played":[5.0E-4,0.9995],"evs":[0.0,1.49789]},"A9s":{"weight":0.9994,"played":[0.0014,0.9986],"evs":[0.0,2.97288]},"ATs":{"weight":0.9998,"played":[4.0E-4,0.9996],"evs":[0.0,5.63775]},"AJs":{"weight":0.9993,"played":[6.0E-4,0.9994],"evs":[0.0,6.71216]},"AQs":{"weight":0.9978,"played":[1.0E-4,0.9999],"evs":[0.0,9.2822]},"AKs":{"weight":0.1647,"played":[0.0,1.0],"evs":[0.0,8.75217]},"AA":{"weight":1.0,"played":[0.0,1.0],"evs":[0.0,28.73291]}}}