{"player":3,"street":0,"children":2,"sequence":[{"player":0,"type":"R","amount":200000,"street":0},{"player":1,"type":"C","amount":200000,"street":0},{"player":2,"type":"F","amount":0,"street":0},{"player":3,"type":"C","amount":150000,"street":0},{"player":4,"type":"R","amount":1015000,"street":0},{"player":0,"type":"C","amount":815000,"street":0},{"player":1,"type":"R","amount":2005000,"street":0}],"actions":[{"type":"F","amount":0,"node":151},{"type":"C","amount":1435000,"node":152}],"hands":{"22":{"weight":0.9987,"played":[0.9979,0.0021],"evs":[0.0,-2.90369]},"32o":{"weight":0.0,"played":[1.0,0.0],"evs":[0.0,-6.76482]},"42o":{"weight":0.0,"played":[0.9999,1.0E-4],"evs":[0.0,-6.7921]},"52o":{"weight":0.0,"played":[1.0,0.0],"evs":[0.0,-5.68148]},"62o":{"weight":0.0,"played":[1.0,0.0],"evs":[0.0,-5.42449]},"72o":{"weight":0.0,"played":[0.9999,1.0E-4],"evs":[0.0,-7.29117]},"82o":{"weight":0.0,"played":[1.0,0.0],"evs":[0.0,-6.46049]},"92o":{"weight":0.0,"played":[1.0,0.0],"evs":[0.0,-7.15867]},"T2o":{"weight":0.0,"played":[0.9998,2.0E-4],"evs":[0.0,-7.61168]},"J2o":{"weight":0.0,"played":[1.0,0.0],"evs":[0.0,-6.87041]},"Q2o":{"weight":0.0,"played":[1.0,0.0],"evs":[0.0,-6.66529]},"K2o":{"weight":0.0,"played":[1.0,0.0],"evs":[0.0,-6.42145]},"A2o":{"weight":0.0,"played":[0.9999,1.0E-4],"evs":[0.0,-5.13685]},"32s":{"weight":0.0,"played":[1.0,0.0],"evs":[0.0,-3.74144]},"33":{"weight":0.9977,"played":[0.9915,0.0085],"evs":[0.0,-1.38827]},"43o":{"weight":0.0,"played":[0.9992,8.0E-4],"evs":[0.0,-4.84082]},"53o":{"weight":0.0,"played":[1.0,0.0],"evs":[0.0,-4.30797]},"63o":{"weight":0.0,"played":[1.0,0.0],"evs":[0.0,-4.82913]},"73o":{"weight":0.0,"played":[0.9999,1.0E-4],"evs":[0.0,-6.01576]},"83o":{"weight":0.0,"played":[1.0,0.0],"evs":[0.0,-6.46279]},"93o":{"weight":0.0,"played":[1.0,0.0],"evs":[0.0,-6.99081]},"T3o":{"weight":0.0,"played":[1.0,0.0],"evs":[0.0,-7.27233]},"J3o":{"weight":0.0,"played":[1.0,0.0],"evs":[0.0,-7.08447]},"Q3o":{"weight":0.0,"played":[0.9999,1.0E-4],"evs":[0.0,-5.63074]},"K3o":{"weight":0.0,"played":[0.9997,3.0E-4],"evs":[0.0,-5.86672]},"A3o":{"weight":0.0,"played":[0.9991,9.0E-4],"evs":[0.0,-5.69004]},"42s":{"weight":0.0,"played":[0.9824,0.0176],"evs":[0.0,-4.17509]},"43s":{"weight":0.0,"played":[0.9888,0.0112],"evs":[0.0,-3.58879]},"44":{"weight":0.9979,"played":[0.8654,0.1346],"evs":[0.0,-0.90818]},"54o":{"weight":0.0,"played":[0.9977,0.0023],"evs":[0.0,-3.35383]},"64o":{"weight":0.0,"played":[0.9999,1.0E-4],"evs":[0.0,-3.24604]},"74o":{"weight":0.0,"played":[1.0,0.0],"evs":[0.0,-3.74771]},"84o":{"weight":0.0,"played":[1.0,0.0],"evs":[0.0,-6.85542]},"94o":{"weight":0.0,"played":[1.0,0.0],"evs":[0.0,-6.15153]},"T4o":{"weight":0.0,"played":[1.0,0.0],"evs":[0.0,-6.65404]},"J4o":{"weight":0.0,"played":[1.0,0.0],"evs":[0.0,-6.97135]},"Q4o":{"weight":0.0,"played":[0.9998,2.0E-4],"evs":[0.0,-5.96741]},"K4o":{"weight":0.0,"played":[0.9999,1.0E-4],"evs":[0.0,-4.82399]},"A4o":{"weight":0.0,"played":[1.0,0.0],"evs":[0.0,-4.77062]},"52s":{"weight":0.0,"played":[0.9601,0.0399],"evs":[0.0,-2.52221]},"53s":{"weight":8.0E-4,"played":[0.9783,0.0217],"evs":[0.0,-1.48082]},"54s":{"weight":0.8268,"played":[0.9994,6.0E-4],"evs":[0.0,-2.23016]},"55":{"weight":0.6904,"played":[0.9177,0.0823],"evs":[0.0,-0.39156]},"65o":{"weight":0.0,"played":[1.0,0.0],"evs":[0.0,-3.32526]},"75o":{"weight":0.0,"played":[0.996,0.004],"evs":[0.0,-4.26736]},"85o":{"weight":0.0,"played":[0.9993,7.0E-4],"evs":[0.0,-3.84985]},"95o":{"weight":0.0,"played":[0.9999,1.0E-4],"evs":[0.0,-4.90116]},"T5o":{"weight":0.0,"played":[0.9999,1.0E-4],"evs":[0.0,-6.55829]},"J5o":{"weight":0.0,"played":[1.0,0.0],"evs":[0.0,-5.5727]},"Q5o":{"weight":0.0,"played":[1.0,0.0],"evs":[0.0,-5.24412]},"K5o":{"weight":0.0,"played":[1.0,0.0],"evs":[0.0,-4.0097]},"A5o":{"weight":0.0,"played":[1.0,0.0],"evs":[0.0,-5.00851]},"62s":{"weight":0.0,"played":[0.9956,0.0044],"evs":[0.0,-5.10341]},"63s":{"weight":0.0,"played":[0.9948,0.0052],"evs":[0.0,-2.39655]},"64s":{"weight":0.0,"played":[0.8715,0.1285],"evs":[0.0,-1.53876]},"65s":{"weight":0.4853,"played":[0.5439,0.4561],"evs":[0.0,0.32552]},"66":{"weight":0.0022,"played":[0.359,0.641],"evs":[0.0,0.85204]},"76o":{"weight":0.0,"played":[0.9999,1.0E-4],"evs":[0.0,-3.42804]},"86o":{"weight":0.0,"played":[1.0,0.0],"evs":[0.0,-4.73588]},"96o":{"weight":0.0,"played":[0.9999,1.0E-4],"evs":[0.0,-4.08101]},"T6o":{"weight":0.0,"played":[0.9999,1.0E-4],"evs":[0.0,-5.30758]},"J6o":{"weight":0.0,"played":[0.9999,1.0E-4],"evs":[0.0,-6.31744]},"Q6o":{"weight":0.0,"played":[1.0,0.0],"evs":[0.0,-5.92528]},"K6o":{"weight":0.0,"played":[0.9999,1.0E-4],"evs":[0.0,-4.99415]},"A6o":{"weight":0.0,"played":[1.0,0.0],"evs":[0.0,-5.63041]},"72s":{"weight":0.0,"played":[0.9997,3.0E-4],"evs":[0.0,-4.78952]},"73s":{"weight":0.0,"played":[0.9912,0.0088],"evs":[0.0,-3.59037]},"74s":{"weight":0.0,"played":[0.9996,4.0E-4],"evs":[0.0,-2.75556]},"75s":{"weight":0.1299,"played":[1.0,0.0],"evs":[0.0,-1.62272]},"76s":{"weight":0.2633,"played":[0.8769,0.1231],"evs":[0.0,-0.38047]},"77":{"weight":0.0,"played":[0.0011,0.9989],"evs":[0.0,3.65178]},"87o":{"weight":0.0,"played":[0.9962,0.0038],"evs":[0.0,-1.54256]},"97o":{"weight":0.0,"played":[0.9999,1.0E-4],"evs":[0.0,-3.60036]},"T7o":{"weight":0.0,"played":[0.9993,7.0E-4],"evs":[0.0,-5.28447]},"J7o":{"weight":0.0,"played":[1.0,0.0],"evs":[0.0,-4.05942]},"Q7o":{"weight":0.0,"played":[1.0,0.0],"evs":[0.0,-6.10433]},"K7o":{"weight":0.0,"played":[0.9999,1.0E-4],"evs":[0.0,-5.06884]},"A7o":{"weight":0.0,"played":[0.9998,2.0E-4],"evs":[0.0,-4.85613]},"82s":{"weight":0.0,"played":[0.9911,0.0089],"evs":[0.0,-4.04473]},"83s":{"weight":0.0,"played":[0.9387,0.0613],"evs":[0.0,-2.93201]},"84s":{"weight":0.0,"played":[0.9989,0.0011],"evs":[0.0,-4.36564]},"85s":{"weight":0.0,"played":[0.8755,0.1245],"evs":[0.0,-0.40056]},"86s":{"weight":0.0,"played":[0.9897,0.0103],"evs":[0.0,-3.30171]},"87s":{"weight":0.5579,"played":[0.991,0.009],"evs":[0.0,-2.68583]},"88":{"weight":0.0,"played":[0.0,1.0],"evs":[0.0,3.31914]},"98o":{"weight":0.0,"played":[0.9706,0.0294],"evs":[0.0,-2.98554]},"T8o":{"weight":0.0,"played":[0.9998,2.0E-4],"evs":[0.0,-3.19877]},"J8o":{"weight":0.0,"played":[0.9979,0.0021],"evs":[0.0,-4.4409]},"Q8o":{"weight":0.0,"played":[1.0,0.0],"evs":[0.0,-4.36885]},"K8o":{"weight":0.0,"played":[0.9997,3.0E-4],"evs":[0.0,-4.61746]},"A8o":{"weight":0.0,"played":[0.9995,5.0E-4],"evs":[0.0,-3.80855]},"92s":{"weight":0.0,"played":[0.995,0.005],"evs":[0.0,-5.43322]},"93s":{"weight":0.0,"played":[0.9994,6.0E-4],"evs":[0.0,-4.41678]},"94s":{"weight":0.0,"played":[0.9982,0.0018],"evs":[0.0,-4.67907]},"95s":{"weight":1.0E-4,"played":[0.9939,0.0061],"evs":[0.0,-3.74084]},"96s":{"weight":0.0,"played":[0.9638,0.0362],"evs":[0.0,-2.11451]},"97s":{"weight":1.0E-4,"played":[0.7632,0.2368],"evs":[0.0,-0.98767]},"98s":{"weight":0.5544,"played":[0.9995,5.0E-4],"evs":[0.0,-2.85099]},"99":{"weight":3.0E-4,"played":[2.0E-4,0.9998],"evs":[0.0,5.29222]},"T9o":{"weight":0.0,"played":[0.9986,0.0014],"evs":[0.0,-3.08742]},"J9o":{"weight":0.0,"played":[1.0,0.0],"evs":[0.0,-3.54543]},"Q9o":{"weight":0.0,"played":[0.9975,0.0025],"evs":[0.0,-3.89455]},"K9o":{"weight":0.0,"played":[0.9998,2.0E-4],"evs":[0.0,-4.23726]},"A9o":{"weight":2.0E-4,"played":[0.999,0.001],"evs":[0.0,-3.8375]},"T2s":{"weight":0.0,"played":[1.0,0.0],"evs":[0.0,-4.91694]},"T3s":{"weight":0.0,"played":[0.9988,0.0012],"evs":[0.0,-4.48076]},"T4s":{"weight":0.0,"played":[1.0,0.0],"evs":[0.0,-4.74631]},"T5s":{"weight":0.0,"played":[0.9842,0.0158],"evs":[0.0,-2.24267]},"T6s":{"weight":0.0,"played":[0.9999,1.0E-4],"evs":[0.0,-4.59439]},"T7s":{"weight":0.0,"played":[0.79,0.21],"evs":[0.0,-0.49159]},"T8s":{"weight":0.0,"played":[0.9156,0.0844],"evs":[0.0,-1.67868]},"T9s":{"weight":0.1829,"played":[0.9384,0.0616],"evs":[0.0,-1.01175]},"TT":{"weight":0.0,"played":[3.0E-4,0.9997],"evs":[0.0,6.94398]},"JTo":{"weight":0.0,"played":[0.9999,1.0E-4],"evs":[0.0,-2.84064]},"QTo":{"weight":0.0,"played":[0.9982,0.0018],"evs":[0.0,-3.44977]},"KTo":{"weight":0.0,"played":[0.9998,2.0E-4],"evs":[0.0,-2.25101]},"ATo":{"weight":0.3311,"played":[0.9745,0.0255],"evs":[0.0,-1.10299]},"J2s":{"weight":0.0,"played":[0.9902,0.0098],"evs":[0.0,-3.51096]},"J3s":{"weight":0.0,"played":[0.9994,6.0E-4],"evs":[0.0,-3.78823]},"J4s":{"weight":0.0,"played":[0.9919,0.0081],"evs":[0.0,-3.39992]},"J5s":{"weight":0.0,"played":[0.9919,0.0081],"evs":[0.0,-2.83682]},"J6s":{"weight":0.0,"played":[0.9874,0.0126],"evs":[0.0,-2.81349]},"J7s":{"weight":0.0,"played":[0.9578,0.0422],"evs":[0.0,-1.39049]},"J8s":{"weight":0.0,"played":[0.9835,0.0165],"evs":[0.0,-0.62269]},"J9s":{"weight":0.0244,"played":[0.6616,0.3384],"evs":[0.0,-0.35374]},"JTs":{"weight":0.3943,"played":[0.2387,0.7613],"evs":[0.0,0.28726]},"JJ":{"weight":0.0,"played":[0.0,1.0],"evs":[0.0,10.0408]},"QJo":{"weight":0.0,"played":[0.9946,0.0054],"evs":[0.0,-1.25656]},"KJo":{"weight":0.9981,"played":[0.992,0.008],"evs":[0.0,-1.08543]},"AJo":{"weight":0.0067,"played":[0.0046,0.9954],"evs":[0.0,0.60321]},"Q2s":{"weight":0.0,"played":[0.9863,0.0137],"evs":[0.0,-2.65019]},"Q3s":{"weight":0.0,"played":[0.9976,0.0024],"evs":[0.0,-3.12575]},"Q4s":{"weight":0.0,"played":[0.9998,2.0E-4],"evs":[0.0,-1.77796]},"Q5s":{"weight":0.0,"played":[0.9817,0.0183],"evs":[0.0,-3.20193]},"Q6s":{"weight":0.0,"played":[0.9988,0.0012],"evs":[0.0,-3.07325]},"Q7s":{"weight":0.0,"played":[0.8541,0.1459],"evs":[0.0,-0.9974]},"Q8s":{"weight":0.0057,"played":[0.9247,0.0753],"evs":[0.0,-1.00712]},"Q9s":{"weight":0.2039,"played":[0.1963,0.8037],"evs":[0.0,0.77402]},"QTs":{"weight":0.8956,"played":[0.4159,0.5841],"evs":[0.0,1.13286]},"QJs":{"weight":0.9404,"played":[0.4587,0.5413],"evs":[0.0,0.86482]},"QQ":{"weight":1.0E-4,"played":[1.0E-4,0.9999],"evs":[0.0,12.60644]},"KQo":{"weight":0.729,"played":[0.0788,0.9212],"evs":[0.0,0.313]},"AQo":{"weight":0.001,"played":[0.0,1.0],"evs":[0.0,3.04941]},"K2s":{"weight":0.0,"played":[0.9733,0.0267],"evs":[0.0,-3.54479]},"K3s":{"weight":0.0016,"played":[0.9913,0.0087],"evs":[0.0,-2.13907]},"K4s":{"weight":1.0E-4,"played":[0.9774,0.0226],"evs":[0.0,-2.85638]},"K5s":{"weight":1.0E-4,"played":[0.9535,0.0465],"evs":[0.0,-1.86796]},"K6s":{"weight":6.0E-4,"played":[0.9856,0.0144],"evs":[0.0,-2.33124]},"K7s":{"weight":0.0744,"played":[0.9993,7.0E-4],"evs":[0.0,-1.89646]},"K8s":{"weight":0.0038,"played":[0.988,0.012],"evs":[0.0,-2.23501]},"K9s":{"weight":0.6542,"played":[0.8959,0.1041],"evs":[0.0,-1.73577]},"KTs":{"weight":0.4599,"played":[0.8193,0.1807],"evs":[0.0,-0.93447]},"KJs":{"weight":0.7826,"played":[0.2301,0.7699],"evs":[0.0,0.64039]},"KQs":{"weight":0.0156,"played":[0.0093,0.9907],"evs":[0.0,3.67017]},"KK":{"weight":1.0E-4,"played":[0.0,1.0],"evs":[0.0,19.99546]},"AKo":{"weight":0.0,"played":[0.0,1.0],"evs":[0.0,4.70422]},"A2s":{"weight":0.5021,"played":[1.0,0.0],"evs":[0.0,-1.82331]},"A3s":{"weight":0.9289,"played":[0.9633,0.0367],"evs":[0.0,-2.33703]},"A4s":{"weight":0.9262,"played":[0.9837,0.0163],"evs":[0.0,-1.97101]},"A5s":{"weight":0.4556,"played":[0.9315,0.0685],"evs":[0.0,-2.33595]},"A6s":{"weight":0.9662,"played":[0.9937,0.0063],"evs":[0.0,-2.77355]},"A7s":{"weight":0.5377,"played":[0.982,0.018],"evs":[0.0,-1.47592]},"A8s":{"weight":0.2883,"played":[0.8909,0.1091],"evs":[0.0,-0.68507]},"A9s":{"weight":0.4638,"played":[0.4897,0.5103],"evs":[0.0,0.4126]},"ATs":{"weight":0.1784,"played":[0.0135,0.9865],"evs":[0.0,1.46728]},"AJs":{"weight":0.346,"played":[0.0,1.0],"evs":[0.0,3.68279]},"AQs":{"weight":0.0016,"played":[5.0E-4,0.9995],"evs":[0.0,5.07817]},"AKs":{"weight":0.0,"played":[0.0123,0.9877],"evs":[0.0,6.4257]},"AA":{"weight":0.0023,"played":[0.0,1.0],"evs":[0.0,26.62547]}}}