{"player":1,"street":0,"children":3,"sequence":[{"player":0,"type":"R","amount":200000,"street":0},{"player":1,"type":"C","amount":200000,"street":0},{"player":2,"type":"F","amount":0,"street":0},{"player":3,"type":"R","amount":1635000,"street":0},{"player":4,"type":"F","amount":0,"street":0},{"player":0,"type":"C","amount":1435000,"street":0}],"actions":[{"type":"F","amount":0},{"type":"C","amount":1435000},{"type":"R","amount":2005000,"node":160}],"hands":{"22":{"weight":0.0,"played":[1.0,0.0,0.0],"evs":[0.0,-6.1814,-6.02596]},"32o":{"weight":0.0,"played":[1.0,0.0,0.0],"evs":[0.0,-9.69804,-10.51146]},"42o":{"weight":0.0,"played":[1.0,0.0,0.0],"evs":[0.0,-9.09607,-9.78097]},"52o":{"weight":0.0,"played":[1.0,0.0,0.0],"evs":[0.0,-9.02539,-9.29851]},"62o":{"weight":0.0,"played":[1.0,0.0,0.0],"evs":[0.0,-9.93558,-10.67337]},"72o":{"weight":0.0,"played":[1.0,0.0,0.0],"evs":[0.0,-10.26546,-11.10072]},"82o":{"weight":0.0,"played":[1.0,0.0,0.0],"evs":[0.0,-9.52349,-10.2809]},"92o":{"weight":0.0,"played":[1.0,0.0,0.0],"evs":[0.0,-10.31378,-10.90441]},"T2o":{"weight":0.0,"played":[1.0,0.0,0.0],"evs":[0.0,-10.48997,-10.95353]},"J2o":{"weight":0.0,"played":[1.0,0.0,0.0],"evs":[0.0,-10.09629,-10.57879]},"Q2o":{"weight":0.0,"played":[1.0,0.0,0.0],"evs":[0.0,-9.24823,-9.40501]},"K2o":{"weight":0.0,"played":[1.0,0.0,0.0],"evs":[0.0,-9.07033,-9.37122]},"A2o":{"weight":0.0,"played":[1.0,0.0,0.0],"evs":[0.0,-8.20057,-8.37889]},"32s":{"weight":0.0,"played":[1.0,0.0,0.0],"evs":[0.0,-8.38118,-8.71543]},"33":{"weight":0.9041,"played":[0.9998,1.0E-4,1.0E-4],"evs":[0.0,-5.75885,-5.67966]},"43o":{"weight":0.0,"played":[1.0,0.0,0.0],"evs":[0.0,-8.3133,-8.70936]},"53o":{"weight":0.0,"played":[1.0,0.0,0.0],"evs":[0.0,-7.92164,-8.35104]},"63o":{"weight":0.0,"played":[1.0,0.0,0.0],"evs":[0.0,-8.78538,-9.33385]},"73o":{"weight":0.0,"played":[1.0,0.0,0.0],"evs":[0.0,-9.37027,-9.93442]},"83o":{"weight":0.0,"played":[1.0,0.0,0.0],"evs":[0.0,-10.12399,-10.79589]},"93o":{"weight":0.0,"played":[1.0,0.0,0.0],"evs":[0.0,-9.93617,-10.5745]},"T3o":{"weight":0.0,"played":[1.0,0.0,0.0],"evs":[0.0,-9.67535,-10.15627]},"J3o":{"weight":0.0,"played":[1.0,0.0,0.0],"evs":[0.0,-10.49578,-10.96329]},"Q3o":{"weight":0.0,"played":[1.0,0.0,0.0],"evs":[0.0,-9.57239,-9.89581]},"K3o":{"weight":0.0,"played":[1.0,0.0,0.0],"evs":[0.0,-8.56998,-8.75556]},"A3o":{"weight":0.0,"played":[1.0,0.0,0.0],"evs":[0.0,-8.11042,-8.14409]},"42s":{"weight":0.0,"played":[0.9998,0.0,2.0E-4],"evs":[0.0,-6.84166,-7.24174]},"43s":{"weight":0.0,"played":[1.0,0.0,0.0],"evs":[0.0,-5.60038,-5.70958]},"44":{"weight":0.9987,"played":[1.0,0.0,0.0],"evs":[0.0,-4.95219,-4.91365]},"54o":{"weight":0.0,"played":[1.0,0.0,0.0],"evs":[0.0,-7.52058,-7.78103]},"64o":{"weight":0.0,"played":[1.0,0.0,0.0],"evs":[0.0,-7.39721,-7.93059]},"74o":{"weight":0.0,"played":[1.0,0.0,0.0],"evs":[0.0,-8.62047,-9.16508]},"84o":{"weight":0.0,"played":[1.0,0.0,0.0],"evs":[0.0,-9.35284,-9.83186]},"94o":{"weight":0.0,"played":[1.0,0.0,0.0],"evs":[0.0,-9.86672,-10.41904]},"T4o":{"weight":0.0,"played":[1.0,0.0,0.0],"evs":[0.0,-9.39702,-9.7813]},"J4o":{"weight":0.0,"played":[1.0,0.0,0.0],"evs":[0.0,-10.31836,-10.66535]},"Q4o":{"weight":0.0,"played":[1.0,0.0,0.0],"evs":[0.0,-9.02329,-9.35142]},"K4o":{"weight":0.0,"played":[1.0,0.0,0.0],"evs":[0.0,-8.74714,-9.03462]},"A4o":{"weight":0.0,"played":[1.0,0.0,0.0],"evs":[0.0,-7.80526,-7.97993]},"52s":{"weight":0.0,"played":[0.9998,0.0,2.0E-4],"evs":[0.0,-6.62422,-7.03062]},"53s":{"weight":0.0,"played":[0.9999,0.0,0.0],"evs":[0.0,-6.05974,-6.2503]},"54s":{"weight":0.0,"played":[1.0,0.0,0.0],"evs":[0.0,-4.01944,-3.9859]},"55":{"weight":0.59,"played":[1.0,0.0,0.0],"evs":[0.0,-3.5677,-3.58907]},"65o":{"weight":0.0,"played":[1.0,0.0,0.0],"evs":[0.0,-6.82706,-7.19337]},"75o":{"weight":0.0,"played":[0.9999,0.0,1.0E-4],"evs":[0.0,-7.74755,-8.11001]},"85o":{"weight":0.0,"played":[1.0,0.0,0.0],"evs":[0.0,-8.09486,-8.38744]},"95o":{"weight":0.0,"played":[1.0,0.0,0.0],"evs":[0.0,-8.70536,-9.08633]},"T5o":{"weight":0.0,"played":[1.0,0.0,0.0],"evs":[0.0,-9.39961,-9.85635]},"J5o":{"weight":0.0,"played":[1.0,0.0,0.0],"evs":[0.0,-9.83665,-10.08647]},"Q5o":{"weight":0.0,"played":[1.0,0.0,0.0],"evs":[0.0,-8.19911,-8.5007]},"K5o":{"weight":0.0,"played":[1.0,0.0,0.0],"evs":[0.0,-7.87073,-8.04795]},"A5o":{"weight":0.0,"played":[0.9999,0.0,1.0E-4],"evs":[0.0,-7.26827,-7.36596]},"62s":{"weight":0.0,"played":[0.9998,0.0,2.0E-4],"evs":[0.0,-7.15607,-7.45679]},"63s":{"weight":0.0,"played":[1.0,0.0,0.0],"evs":[0.0,-6.5029,-6.7744]},"64s":{"weight":0.0,"played":[0.9996,1.0E-4,3.0E-4],"evs":[0.0,-6.09163,-6.31683]},"65s":{"weight":0.001,"played":[1.0,0.0,0.0],"evs":[0.0,-3.45241,-3.61779]},"66":{"weight":0.8013,"played":[0.9999,0.0,0.0],"evs":[0.0,-3.36365,-3.32937]},"76o":{"weight":0.0,"played":[1.0,0.0,0.0],"evs":[0.0,-6.30549,-6.71823]},"86o":{"weight":0.0,"played":[1.0,0.0,0.0],"evs":[0.0,-7.35775,-7.65183]},"96o":{"weight":0.0,"played":[1.0,0.0,0.0],"evs":[0.0,-7.74553,-8.10362]},"T6o":{"weight":0.0,"played":[1.0,0.0,0.0],"evs":[0.0,-8.18083,-8.56203]},"J6o":{"weight":0.0,"played":[1.0,0.0,0.0],"evs":[0.0,-9.17574,-9.47365]},"Q6o":{"weight":0.0,"played":[1.0,0.0,0.0],"evs":[0.0,-7.9898,-8.07266]},"K6o":{"weight":0.0,"played":[1.0,0.0,0.0],"evs":[0.0,-8.19506,-8.4765]},"A6o":{"weight":0.0,"played":[1.0,0.0,0.0],"evs":[0.0,-8.43686,-8.58612]},"72s":{"weight":0.0,"played":[1.0,0.0,0.0],"evs":[0.0,-8.79823,-9.35955]},"73s":{"weight":0.0,"played":[1.0,0.0,0.0],"evs":[0.0,-7.15443,-7.49356]},"74s":{"weight":0.0,"played":[0.9963,0.0019,0.0019],"evs":[0.0,-6.10746,-6.32461]},"75s":{"weight":0.0,"played":[0.9998,1.0E-4,1.0E-4],"evs":[0.0,-5.30058,-5.61285]},"76s":{"weight":0.0,"played":[0.9912,0.0023,0.0065],"evs":[0.0,-4.64129,-4.92346]},"77":{"weight":0.987,"played":[0.9991,3.0E-4,7.0E-4],"evs":[0.0,-3.45756,-3.43779]},"87o":{"weight":0.0,"played":[1.0,0.0,0.0],"evs":[0.0,-6.42682,-6.92108]},"97o":{"weight":0.0,"played":[1.0,0.0,0.0],"evs":[0.0,-7.44583,-7.76702]},"T7o":{"weight":0.0,"played":[1.0,0.0,0.0],"evs":[0.0,-7.89323,-8.27742]},"J7o":{"weight":0.0,"played":[1.0,0.0,0.0],"evs":[0.0,-8.56324,-8.898]},"Q7o":{"weight":0.0,"played":[1.0,0.0,0.0],"evs":[0.0,-8.2968,-8.38486]},"K7o":{"weight":0.0,"played":[1.0,0.0,0.0],"evs":[0.0,-8.24295,-8.45287]},"A7o":{"weight":0.0,"played":[1.0,0.0,0.0],"evs":[0.0,-8.01861,-8.08327]},"82s":{"weight":0.0,"played":[0.9999,0.0,1.0E-4],"evs":[0.0,-8.41522,-8.86666]},"83s":{"weight":0.0,"played":[1.0,0.0,0.0],"evs":[0.0,-7.26492,-7.79146]},"84s":{"weight":0.0,"played":[1.0,0.0,0.0],"evs":[0.0,-6.71309,-6.9309]},"85s":{"weight":0.0,"played":[0.9999,0.0,1.0E-4],"evs":[0.0,-5.4836,-5.59867]},"86s":{"weight":0.0,"played":[0.9996,0.0,4.0E-4],"evs":[0.0,-5.90564,-5.93497]},"87s":{"weight":0.001,"played":[0.9991,6.0E-4,3.0E-4],"evs":[0.0,-5.09265,-5.42102]},"88":{"weight":0.9974,"played":[0.9751,0.0129,0.012],"evs":[0.0,-1.8519,-1.8416]},"98o":{"weight":0.0,"played":[1.0,0.0,0.0],"evs":[0.0,-6.53617,-6.86295]},"T8o":{"weight":0.0,"played":[1.0,0.0,0.0],"evs":[0.0,-7.44179,-7.76927]},"J8o":{"weight":0.0,"played":[1.0,0.0,0.0],"evs":[0.0,-7.94903,-8.15268]},"Q8o":{"weight":0.0,"played":[0.9998,0.0,2.0E-4],"evs":[0.0,-7.57433,-7.85017]},"K8o":{"weight":0.0,"played":[0.9999,0.0,0.0],"evs":[0.0,-8.3917,-8.46113]},"A8o":{"weight":0.0,"played":[1.0,0.0,0.0],"evs":[0.0,-7.91722,-7.97184]},"92s":{"weight":0.0,"played":[1.0,0.0,0.0],"evs":[0.0,-7.69436,-7.99234]},"93s":{"weight":0.0,"played":[1.0,0.0,0.0],"evs":[0.0,-7.26798,-7.60799]},"94s":{"weight":0.0,"played":[1.0,0.0,0.0],"evs":[0.0,-7.60788,-8.0078]},"95s":{"weight":0.0,"played":[1.0,0.0,0.0],"evs":[0.0,-7.2131,-7.55948]},"96s":{"weight":0.0,"played":[1.0,0.0,0.0],"evs":[0.0,-5.39246,-5.69081]},"97s":{"weight":0.0,"played":[0.9995,1.0E-4,3.0E-4],"evs":[0.0,-4.21981,-4.5315]},"98s":{"weight":0.5458,"played":[0.9999,0.0,1.0E-4],"evs":[0.0,-4.15769,-4.3021]},"99":{"weight":0.0,"played":[0.6849,0.105,0.21],"evs":[0.0,-0.70311,-0.62718]},"T9o":{"weight":0.0,"played":[1.0,0.0,0.0],"evs":[0.0,-6.18035,-6.38615]},"J9o":{"weight":0.0,"played":[1.0,0.0,0.0],"evs":[0.0,-6.75965,-6.89001]},"Q9o":{"weight":0.0,"played":[1.0,0.0,0.0],"evs":[0.0,-6.90768,-7.14391]},"K9o":{"weight":0.0,"played":[1.0,0.0,0.0],"evs":[0.0,-7.10699,-7.24648]},"A9o":{"weight":0.261,"played":[0.9999,0.0,0.0],"evs":[0.0,-6.54054,-6.59067]},"T2s":{"weight":0.0,"played":[0.9997,3.0E-4,0.0],"evs":[0.0,-7.52071,-7.69419]},"T3s":{"weight":0.0,"played":[0.9999,0.0,1.0E-4],"evs":[0.0,-7.80232,-8.14628]},"T4s":{"weight":0.0,"played":[1.0,0.0,0.0],"evs":[0.0,-5.86694,-6.07968]},"T5s":{"weight":0.0,"played":[1.0,0.0,0.0],"evs":[0.0,-6.16207,-6.42558]},"T6s":{"weight":0.0,"played":[0.9999,0.0,1.0E-4],"evs":[0.0,-6.37827,-6.75649]},"T7s":{"weight":0.0,"played":[0.9998,0.0,2.0E-4],"evs":[0.0,-6.14302,-6.41859]},"T8s":{"weight":0.0,"played":[1.0,0.0,0.0],"evs":[0.0,-4.72774,-4.88874]},"T9s":{"weight":0.9962,"played":[1.0,0.0,0.0],"evs":[0.0,-3.16629,-3.34068]},"TT":{"weight":0.0,"played":[1.0E-4,0.4198,0.5802],"evs":[0.0,2.60097,2.66846]},"JTo":{"weight":0.0,"played":[1.0,0.0,0.0],"evs":[0.0,-5.69676,-5.93807]},"QTo":{"weight":0.0,"played":[0.9999,0.0,1.0E-4],"evs":[0.0,-6.38295,-6.54957]},"KTo":{"weight":0.0,"played":[0.9999,0.0,1.0E-4],"evs":[0.0,-6.01546,-6.08076]},"ATo":{"weight":0.943,"played":[0.9998,0.0,2.0E-4],"evs":[0.0,-5.73454,-5.77648]},"J2s":{"weight":0.0,"played":[1.0,0.0,0.0],"evs":[0.0,-7.29831,-7.60915]},"J3s":{"weight":0.0,"played":[1.0,0.0,0.0],"evs":[0.0,-8.16586,-8.3972]},"J4s":{"weight":0.0,"played":[1.0,0.0,0.0],"evs":[0.0,-7.19167,-7.14226]},"J5s":{"weight":0.0,"played":[0.9997,0.0,3.0E-4],"evs":[0.0,-6.79799,-7.03964]},"J6s":{"weight":0.0,"played":[1.0,0.0,0.0],"evs":[0.0,-7.13837,-7.24067]},"J7s":{"weight":0.0,"played":[1.0,0.0,0.0],"evs":[0.0,-6.40097,-6.64512]},"J8s":{"weight":0.0,"played":[1.0,0.0,0.0],"evs":[0.0,-4.65262,-5.08503]},"J9s":{"weight":0.9967,"played":[0.9997,0.0,3.0E-4],"evs":[0.0,-3.98983,-4.16348]},"JTs":{"weight":0.921,"played":[0.9996,0.0,4.0E-4],"evs":[0.0,-3.5093,-3.70125]},"JJ":{"weight":0.0,"played":[0.0,0.1154,0.8846],"evs":[0.0,6.04477,6.08436]},"QJo":{"weight":0.571,"played":[0.9998,1.0E-4,1.0E-4],"evs":[0.0,-6.07254,-6.22058]},"KJo":{"weight":1.0,"played":[0.9999,0.0,1.0E-4],"evs":[0.0,-5.53676,-5.71445]},"AJo":{"weight":0.152,"played":[0.9997,2.0E-4,2.0E-4],"evs":[0.0,-3.93453,-3.90696]},"Q2s":{"weight":0.0,"played":[1.0,0.0,0.0],"evs":[0.0,-6.27658,-6.3969]},"Q3s":{"weight":0.0,"played":[1.0,0.0,0.0],"evs":[0.0,-5.67804,-5.95768]},"Q4s":{"weight":0.0,"played":[0.9995,3.0E-4,2.0E-4],"evs":[0.0,-6.58753,-6.81645]},"Q5s":{"weight":0.0,"played":[0.9999,0.0,0.0],"evs":[0.0,-5.46322,-5.63794]},"Q6s":{"weight":0.0,"played":[1.0,0.0,0.0],"evs":[0.0,-5.67035,-5.7579]},"Q7s":{"weight":0.0,"played":[1.0,0.0,0.0],"evs":[0.0,-5.32192,-5.63657]},"Q8s":{"weight":0.0,"played":[0.9998,1.0E-4,1.0E-4],"evs":[0.0,-6.12708,-6.38389]},"Q9s":{"weight":0.9667,"played":[0.9993,3.0E-4,4.0E-4],"evs":[0.0,-3.92424,-3.9537]},"QTs":{"weight":0.8501,"played":[0.9997,2.0E-4,1.0E-4],"evs":[0.0,-2.62982,-2.75966]},"QJs":{"weight":0.6164,"played":[0.9987,0.0,0.0013],"evs":[0.0,-3.17483,-3.27999]},"QQ":{"weight":0.7511,"played":[0.0,0.5387,0.4613],"evs":[0.0,10.25544,10.2541]},"KQo":{"weight":0.2263,"played":[0.9999,0.0,1.0E-4],"evs":[0.0,-3.92257,-3.95437]},"AQo":{"weight":0.0046,"played":[0.9964,7.0E-4,0.0028],"evs":[0.0,-1.33683,-1.29234]},"K2s":{"weight":0.0,"played":[1.0,0.0,0.0],"evs":[0.0,-5.35522,-5.5139]},"K3s":{"weight":0.0,"played":[0.9999,1.0E-4,0.0],"evs":[0.0,-5.91427,-6.17596]},"K4s":{"weight":0.0,"played":[1.0,0.0,0.0],"evs":[0.0,-6.54488,-6.81762]},"K5s":{"weight":0.0,"played":[0.9997,0.0,2.0E-4],"evs":[0.0,-5.63852,-5.84708]},"K6s":{"weight":0.0,"played":[0.9995,2.0E-4,2.0E-4],"evs":[0.0,-5.74417,-5.8591]},"K7s":{"weight":0.0,"played":[1.0,0.0,0.0],"evs":[0.0,-5.54154,-5.67088]},"K8s":{"weight":0.0,"played":[0.994,0.0022,0.0038],"evs":[0.0,-4.04014,-4.03144]},"K9s":{"weight":0.9744,"played":[0.9989,1.0E-4,9.0E-4],"evs":[0.0,-4.49691,-4.4686]},"KTs":{"weight":0.9688,"played":[0.9994,5.0E-4,1.0E-4],"evs":[0.0,-3.80558,-3.90178]},"KJs":{"weight":0.9793,"played":[0.9951,1.0E-4,0.0049],"evs":[0.0,-3.73635,-3.84533]},"KQs":{"weight":0.9293,"played":[0.9959,0.0019,0.0022],"evs":[0.0,-1.75431,-1.78674]},"KK":{"weight":1.0,"played":[0.0,0.002,0.998],"evs":[0.0,18.2615,18.34097]},"AKo":{"weight":0.0,"played":[0.0,0.0834,0.9166],"evs":[0.0,2.68688,2.68571]},"A2s":{"weight":0.0,"played":[0.9999,0.0,1.0E-4],"evs":[0.0,-4.82874,-4.75938]},"A3s":{"weight":0.1,"played":[0.9998,0.0,2.0E-4],"evs":[0.0,-5.13389,-5.01898]},"A4s":{"weight":0.69,"played":[1.0,0.0,0.0],"evs":[0.0,-5.21595,-5.28696]},"A5s":{"weight":0.0277,"played":[0.9999,0.0,1.0E-4],"evs":[0.0,-4.52921,-4.31342]},"A6s":{"weight":0.9931,"played":[0.9997,1.0E-4,3.0E-4],"evs":[0.0,-6.03864,-6.12989]},"A7s":{"weight":0.9984,"played":[1.0,0.0,0.0],"evs":[0.0,-5.75451,-5.83992]},"A8s":{"weight":0.9996,"played":[0.9999,0.0,0.0],"evs":[0.0,-5.13846,-5.15886]},"A9s":{"weight":0.9994,"played":[0.9994,2.0E-4,4.0E-4],"evs":[0.0,-3.8537,-3.8179]},"ATs":{"weight":0.9998,"played":[0.9981,0.0014,5.0E-4],"evs":[0.0,-3.99615,-4.03411]},"AJs":{"weight":0.9993,"played":[0.9979,9.0E-4,0.0012],"evs":[0.0,-1.56802,-1.57097]},"AQs":{"weight":0.9978,"played":[0.0326,0.3388,0.6286],"evs":[0.0,2.04069,2.11939]},"AKs":{"weight":0.1647,"played":[0.0,0.271,0.729],"evs":[0.0,4.36873,4.45932]},"AA":{"weight":1.0,"played":[0.0,0.0035,0.9965],"evs":[0.0,28.21949,28.27902]}}}