{"player":3,"street":0,"children":2,"sequence":[{"player":0,"type":"R","amount":200000,"street":0},{"player":1,"type":"C","amount":200000,"street":0},{"player":2,"type":"C","amount":200000,"street":0}],"actions":[{"type":"F","amount":0,"node":166},{"type":"R","amount":1635000,"node":182}],"hands":{"22":{"weight":1.0,"played":[0.9993,7.0E-4],"evs":[0.0,-2.81354]},"32o":{"weight":1.0,"played":[1.0,0.0],"evs":[0.0,-6.84534]},"42o":{"weight":1.0,"played":[1.0,0.0],"evs":[0.0,-6.60551]},"52o":{"weight":1.0,"played":[0.9997,3.0E-4],"evs":[0.0,-5.99149]},"62o":{"weight":1.0,"played":[1.0,0.0],"evs":[0.0,-6.45403]},"72o":{"weight":1.0,"played":[1.0,0.0],"evs":[0.0,-6.82105]},"82o":{"weight":1.0,"played":[1.0,0.0],"evs":[0.0,-6.59522]},"92o":{"weight":1.0,"played":[1.0,0.0],"evs":[0.0,-6.90777]},"T2o":{"weight":1.0,"played":[1.0,0.0],"evs":[0.0,-7.30534]},"J2o":{"weight":1.0,"played":[1.0,0.0],"evs":[0.0,-6.76978]},"Q2o":{"weight":1.0,"played":[1.0,0.0],"evs":[0.0,-7.41799]},"K2o":{"weight":1.0,"played":[1.0,0.0],"evs":[0.0,-6.79655]},"A2o":{"weight":1.0,"played":[0.9999,1.0E-4],"evs":[0.0,-2.91555]},"32s":{"weight":1.0,"played":[1.0,0.0],"evs":[0.0,-4.66408]},"33":{"weight":1.0,"played":[0.9761,0.0239],"evs":[0.0,-1.66899]},"43o":{"weight":1.0,"played":[1.0,0.0],"evs":[0.0,-5.40269]},"53o":{"weight":1.0,"played":[1.0,0.0],"evs":[0.0,-5.17801]},"63o":{"weight":1.0,"played":[1.0,0.0],"evs":[0.0,-5.44752]},"73o":{"weight":1.0,"played":[1.0,0.0],"evs":[0.0,-6.52727]},"83o":{"weight":1.0,"played":[1.0,0.0],"evs":[0.0,-6.71895]},"93o":{"weight":1.0,"played":[0.9999,1.0E-4],"evs":[0.0,-6.67437]},"T3o":{"weight":1.0,"played":[1.0,0.0],"evs":[0.0,-7.19957]},"J3o":{"weight":1.0,"played":[1.0,0.0],"evs":[0.0,-6.42249]},"Q3o":{"weight":1.0,"played":[1.0,0.0],"evs":[0.0,-6.73082]},"K3o":{"weight":1.0,"played":[1.0,0.0],"evs":[0.0,-5.78208]},"A3o":{"weight":1.0,"played":[1.0,0.0],"evs":[0.0,-3.15757]},"42s":{"weight":1.0,"played":[0.9997,3.0E-4],"evs":[0.0,-5.20656]},"43s":{"weight":1.0,"played":[1.0,0.0],"evs":[0.0,-3.45149]},"44":{"weight":1.0,"played":[0.8549,0.1451],"evs":[0.0,-1.12878]},"54o":{"weight":1.0,"played":[0.9999,1.0E-4],"evs":[0.0,-3.93244]},"64o":{"weight":1.0,"played":[1.0,0.0],"evs":[0.0,-4.50871]},"74o":{"weight":1.0,"played":[1.0,0.0],"evs":[0.0,-5.65532]},"84o":{"weight":1.0,"played":[1.0,0.0],"evs":[0.0,-5.73482]},"94o":{"weight":1.0,"played":[1.0,0.0],"evs":[0.0,-6.57998]},"T4o":{"weight":1.0,"played":[1.0,0.0],"evs":[0.0,-6.44621]},"J4o":{"weight":1.0,"played":[1.0,0.0],"evs":[0.0,-6.08135]},"Q4o":{"weight":1.0,"played":[1.0,0.0],"evs":[0.0,-6.2066]},"K4o":{"weight":1.0,"played":[1.0,0.0],"evs":[0.0,-6.09817]},"A4o":{"weight":1.0,"played":[0.9998,2.0E-4],"evs":[0.0,-2.43975]},"52s":{"weight":1.0,"played":[1.0,0.0],"evs":[0.0,-3.18425]},"53s":{"weight":1.0,"played":[0.9996,4.0E-4],"evs":[0.0,-3.40324]},"54s":{"weight":1.0,"played":[0.9993,7.0E-4],"evs":[0.0,-2.62595]},"55":{"weight":1.0,"played":[0.2801,0.7199],"evs":[0.0,1.45982]},"65o":{"weight":1.0,"played":[0.9994,6.0E-4],"evs":[0.0,-3.68673]},"75o":{"weight":1.0,"played":[1.0,0.0],"evs":[0.0,-4.12282]},"85o":{"weight":1.0,"played":[1.0,0.0],"evs":[0.0,-5.0665]},"95o":{"weight":1.0,"played":[1.0,0.0],"evs":[0.0,-5.53793]},"T5o":{"weight":1.0,"played":[1.0,0.0],"evs":[0.0,-7.31329]},"J5o":{"weight":1.0,"played":[1.0,0.0],"evs":[0.0,-5.79558]},"Q5o":{"weight":1.0,"played":[1.0,0.0],"evs":[0.0,-5.50405]},"K5o":{"weight":1.0,"played":[0.9999,1.0E-4],"evs":[0.0,-5.82663]},"A5o":{"weight":1.0,"played":[0.9995,5.0E-4],"evs":[0.0,-1.93014]},"62s":{"weight":1.0,"played":[0.9997,3.0E-4],"evs":[0.0,-3.53829]},"63s":{"weight":1.0,"played":[0.9996,4.0E-4],"evs":[0.0,-3.25306]},"64s":{"weight":1.0,"played":[0.9997,3.0E-4],"evs":[0.0,-2.5163]},"65s":{"weight":1.0,"played":[0.9979,0.0021],"evs":[0.0,-2.96772]},"66":{"weight":1.0,"played":[0.0067,0.9933],"evs":[0.0,1.35819]},"76o":{"weight":1.0,"played":[0.9999,1.0E-4],"evs":[0.0,-3.32104]},"86o":{"weight":1.0,"played":[1.0,0.0],"evs":[0.0,-4.39416]},"96o":{"weight":1.0,"played":[1.0,0.0],"evs":[0.0,-4.72409]},"T6o":{"weight":1.0,"played":[1.0,0.0],"evs":[0.0,-5.49801]},"J6o":{"weight":1.0,"played":[0.9999,1.0E-4],"evs":[0.0,-5.66247]},"Q6o":{"weight":1.0,"played":[1.0,0.0],"evs":[0.0,-5.38537]},"K6o":{"weight":1.0,"played":[1.0,0.0],"evs":[0.0,-4.9973]},"A6o":{"weight":1.0,"played":[1.0,0.0],"evs":[0.0,-2.47]},"72s":{"weight":1.0,"played":[1.0,0.0],"evs":[0.0,-5.5235]},"73s":{"weight":1.0,"played":[0.9998,2.0E-4],"evs":[0.0,-4.13285]},"74s":{"weight":1.0,"played":[0.9999,1.0E-4],"evs":[0.0,-1.88462]},"75s":{"weight":1.0,"played":[0.9968,0.0032],"evs":[0.0,-2.93415]},"76s":{"weight":1.0,"played":[0.9849,0.0151],"evs":[0.0,-1.11409]},"77":{"weight":1.0,"played":[0.0102,0.9898],"evs":[0.0,3.9182]},"87o":{"weight":1.0,"played":[1.0,0.0],"evs":[0.0,-2.8932]},"97o":{"weight":1.0,"played":[1.0,0.0],"evs":[0.0,-3.21505]},"T7o":{"weight":1.0,"played":[1.0,0.0],"evs":[0.0,-4.71474]},"J7o":{"weight":1.0,"played":[1.0,0.0],"evs":[0.0,-5.11492]},"Q7o":{"weight":1.0,"played":[1.0,0.0],"evs":[0.0,-5.72959]},"K7o":{"weight":1.0,"played":[1.0,0.0],"evs":[0.0,-3.97354]},"A7o":{"weight":1.0,"played":[0.9992,8.0E-4],"evs":[0.0,-1.87244]},"82s":{"weight":1.0,"played":[1.0,0.0],"evs":[0.0,-5.03875]},"83s":{"weight":1.0,"played":[0.9996,4.0E-4],"evs":[0.0,-3.85373]},"84s":{"weight":1.0,"played":[1.0,0.0],"evs":[0.0,-4.0098]},"85s":{"weight":1.0,"played":[0.9997,3.0E-4],"evs":[0.0,-2.21253]},"86s":{"weight":1.0,"played":[0.996,0.004],"evs":[0.0,-1.23843]},"87s":{"weight":1.0,"played":[0.9928,0.0072],"evs":[0.0,-1.95048]},"88":{"weight":1.0,"played":[4.0E-4,0.9996],"evs":[0.0,4.16939]},"98o":{"weight":1.0,"played":[0.9997,3.0E-4],"evs":[0.0,-2.72048]},"T8o":{"weight":1.0,"played":[0.9999,1.0E-4],"evs":[0.0,-4.15716]},"J8o":{"weight":1.0,"played":[1.0,0.0],"evs":[0.0,-4.02752]},"Q8o":{"weight":1.0,"played":[0.9998,2.0E-4],"evs":[0.0,-4.8033]},"K8o":{"weight":1.0,"played":[1.0,0.0],"evs":[0.0,-4.55537]},"A8o":{"weight":1.0,"played":[0.9995,5.0E-4],"evs":[0.0,-1.23548]},"92s":{"weight":1.0,"played":[0.9992,8.0E-4],"evs":[0.0,-5.16486]},"93s":{"weight":1.0,"played":[1.0,0.0],"evs":[0.0,-4.68055]},"94s":{"weight":1.0,"played":[0.9995,5.0E-4],"evs":[0.0,-4.14528]},"95s":{"weight":1.0,"played":[1.0,0.0],"evs":[0.0,-3.46084]},"96s":{"weight":1.0,"played":[0.9935,0.0065],"evs":[0.0,-2.21737]},"97s":{"weight":1.0,"played":[0.9992,8.0E-4],"evs":[0.0,-1.72545]},"98s":{"weight":1.0,"played":[0.9968,0.0032],"evs":[0.0,-0.79834]},"99":{"weight":1.0,"played":[0.0,1.0],"evs":[0.0,6.35986]},"T9o":{"weight":1.0,"played":[1.0,0.0],"evs":[0.0,-2.76715]},"J9o":{"weight":1.0,"played":[1.0,0.0],"evs":[0.0,-3.67166]},"Q9o":{"weight":1.0,"played":[1.0,0.0],"evs":[0.0,-3.87811]},"K9o":{"weight":1.0,"played":[0.9999,1.0E-4],"evs":[0.0,-4.04242]},"A9o":{"weight":1.0,"played":[0.901,0.099],"evs":[0.0,-0.14511]},"T2s":{"weight":1.0,"played":[0.9999,1.0E-4],"evs":[0.0,-5.00181]},"T3s":{"weight":1.0,"played":[0.9999,1.0E-4],"evs":[0.0,-4.93784]},"T4s":{"weight":1.0,"played":[0.9999,1.0E-4],"evs":[0.0,-4.2554]},"T5s":{"weight":1.0,"played":[0.9998,2.0E-4],"evs":[0.0,-4.09808]},"T6s":{"weight":1.0,"played":[0.9995,5.0E-4],"evs":[0.0,-3.68843]},"T7s":{"weight":1.0,"played":[0.9998,2.0E-4],"evs":[0.0,-1.87622]},"T8s":{"weight":1.0,"played":[0.9166,0.0834],"evs":[0.0,-1.03901]},"T9s":{"weight":1.0,"played":[0.9934,0.0066],"evs":[0.0,-1.3292]},"TT":{"weight":1.0,"played":[0.0,1.0],"evs":[0.0,8.39316]},"JTo":{"weight":1.0,"played":[0.9997,3.0E-4],"evs":[0.0,-3.46024]},"QTo":{"weight":1.0,"played":[1.0,0.0],"evs":[0.0,-2.93252]},"KTo":{"weight":1.0,"played":[1.0,0.0],"evs":[0.0,-3.19521]},"ATo":{"weight":1.0,"played":[0.0455,0.9545],"evs":[0.0,1.01742]},"J2s":{"weight":1.0,"played":[1.0,0.0],"evs":[0.0,-5.14159]},"J3s":{"weight":1.0,"played":[1.0,0.0],"evs":[0.0,-5.24475]},"J4s":{"weight":1.0,"played":[1.0,0.0],"evs":[0.0,-4.86027]},"J5s":{"weight":1.0,"played":[0.9996,4.0E-4],"evs":[0.0,-4.88081]},"J6s":{"weight":1.0,"played":[0.9997,3.0E-4],"evs":[0.0,-3.50156]},"J7s":{"weight":1.0,"played":[0.9998,2.0E-4],"evs":[0.0,-3.11394]},"J8s":{"weight":1.0,"played":[0.9976,0.0024],"evs":[0.0,-2.47504]},"J9s":{"weight":1.0,"played":[0.9947,0.0053],"evs":[0.0,-2.34341]},"JTs":{"weight":1.0,"played":[0.9908,0.0092],"evs":[0.0,-1.329]},"JJ":{"weight":1.0,"played":[0.0,1.0],"evs":[0.0,10.29906]},"QJo":{"weight":1.0,"played":[0.9952,0.0048],"evs":[0.0,-2.17761]},"KJo":{"weight":1.0,"played":[0.9988,0.0012],"evs":[0.0,-1.94961]},"AJo":{"weight":1.0,"played":[7.0E-4,0.9993],"evs":[0.0,2.93371]},"Q2s":{"weight":1.0,"played":[1.0,0.0],"evs":[0.0,-4.88276]},"Q3s":{"weight":1.0,"played":[1.0,0.0],"evs":[0.0,-4.92288]},"Q4s":{"weight":1.0,"played":[0.9987,0.0013],"evs":[0.0,-4.10962]},"Q5s":{"weight":1.0,"played":[0.9952,0.0048],"evs":[0.0,-3.58497]},"Q6s":{"weight":1.0,"played":[0.9999,1.0E-4],"evs":[0.0,-3.47072]},"Q7s":{"weight":1.0,"played":[0.9979,0.0021],"evs":[0.0,-2.81199]},"Q8s":{"weight":1.0,"played":[0.9992,8.0E-4],"evs":[0.0,-2.87723]},"Q9s":{"weight":1.0,"played":[0.9825,0.0175],"evs":[0.0,-2.34878]},"QTs":{"weight":1.0,"played":[0.9985,0.0015],"evs":[0.0,-1.95018]},"QJs":{"weight":1.0,"played":[0.8503,0.1497],"evs":[0.0,-1.38694]},"QQ":{"weight":1.0,"played":[0.0,1.0],"evs":[0.0,13.50729]},"KQo":{"weight":1.0,"played":[0.7903,0.2097],"evs":[0.0,-0.13879]},"AQo":{"weight":1.0,"played":[2.0E-4,0.9998],"evs":[0.0,3.74141]},"K2s":{"weight":1.0,"played":[0.9989,0.0011],"evs":[0.0,-3.86877]},"K3s":{"weight":1.0,"played":[0.9954,0.0046],"evs":[0.0,-4.15583]},"K4s":{"weight":1.0,"played":[0.9998,2.0E-4],"evs":[0.0,-3.41251]},"K5s":{"weight":1.0,"played":[0.9917,0.0083],"evs":[0.0,-3.53135]},"K6s":{"weight":1.0,"played":[0.9986,0.0014],"evs":[0.0,-2.9959]},"K7s":{"weight":1.0,"played":[0.9056,0.0944],"evs":[0.0,-1.96276]},"K8s":{"weight":1.0,"played":[0.9994,6.0E-4],"evs":[0.0,-3.28001]},"K9s":{"weight":1.0,"played":[0.9971,0.0029],"evs":[0.0,-1.25141]},"KTs":{"weight":1.0,"played":[0.8321,0.1679],"evs":[0.0,-0.21087]},"KJs":{"weight":1.0,"played":[0.2292,0.7708],"evs":[0.0,1.64823]},"KQs":{"weight":1.0,"played":[0.0585,0.9415],"evs":[0.0,3.02709]},"KK":{"weight":1.0,"played":[0.0,1.0],"evs":[0.0,18.40145]},"AKo":{"weight":1.0,"played":[0.0,1.0],"evs":[0.0,4.9494]},"A2s":{"weight":1.0,"played":[0.9974,0.0026],"evs":[0.0,-1.14116]},"A3s":{"weight":1.0,"played":[0.8785,0.1215],"evs":[0.0,-0.08061]},"A4s":{"weight":1.0,"played":[0.0655,0.9345],"evs":[0.0,1.44308]},"A5s":{"weight":1.0,"played":[0.7176,0.2824],"evs":[0.0,-0.43531]},"A6s":{"weight":1.0,"played":[0.995,0.005],"evs":[0.0,-0.31934]},"A7s":{"weight":1.0,"played":[0.1229,0.8771],"evs":[0.0,0.82496]},"A8s":{"weight":1.0,"played":[8.0E-4,0.9992],"evs":[0.0,1.69844]},"A9s":{"weight":1.0,"played":[0.1185,0.8815],"evs":[0.0,1.8639]},"ATs":{"weight":1.0,"played":[1.0E-4,0.9999],"evs":[0.0,2.883]},"AJs":{"weight":1.0,"played":[1.0E-4,0.9999],"evs":[0.0,4.35482]},"AQs":{"weight":1.0,"played":[0.0,1.0],"evs":[0.0,5.30472]},"AKs":{"weight":1.0,"played":[0.0,1.0],"evs":[0.0,7.58061]},"AA":{"weight":1.0,"played":[0.0,1.0],"evs":[0.0,23.3371]}}}