{"player":1,"street":0,"children":2,"sequence":[{"player":0,"type":"R","amount":200000,"street":0},{"player":1,"type":"C","amount":200000,"street":0},{"player":2,"type":"C","amount":200000,"street":0},{"player":3,"type":"F","amount":0,"street":0},{"player":4,"type":"R","amount":1015000,"street":0},{"player":0,"type":"F","amount":0,"street":0},{"player":1,"type":"C","amount":815000,"street":0},{"player":2,"type":"R","amount":1345000,"street":0}],"actions":[{"type":"F","amount":0},{"type":"C","amount":330000}],"hands":{"22":{"weight":0.0,"played":[0.0,1.0],"evs":[0.0,11.36377]},"32o":{"weight":0.0,"played":[5.0E-4,0.9995],"evs":[0.0,5.63794]},"42o":{"weight":0.0,"played":[2.0E-4,0.9998],"evs":[0.0,7.87477]},"52o":{"weight":0.0,"played":[0.001,0.999],"evs":[0.0,9.14736]},"62o":{"weight":0.0,"played":[1.0E-4,0.9999],"evs":[0.0,8.41419]},"72o":{"weight":0.0,"played":[2.0E-4,0.9998],"evs":[0.0,8.45983]},"82o":{"weight":0.0,"played":[8.0E-4,0.9992],"evs":[0.0,9.24186]},"92o":{"weight":0.0,"played":[1.0E-4,0.9999],"evs":[0.0,6.93381]},"T2o":{"weight":0.0,"played":[4.0E-4,0.9996],"evs":[0.0,7.5865]},"J2o":{"weight":0.0,"played":[0.0014,0.9986],"evs":[0.0,5.71725]},"Q2o":{"weight":0.0,"played":[0.0,1.0],"evs":[0.0,9.69372]},"K2o":{"weight":0.0,"played":[3.0E-4,0.9997],"evs":[0.0,6.77295]},"A2o":{"weight":0.0,"played":[0.0,1.0],"evs":[0.0,10.13385]},"32s":{"weight":0.0,"played":[9.0E-4,0.9991],"evs":[0.0,7.1705]},"33":{"weight":0.1343,"played":[1.0E-4,0.9999],"evs":[0.0,14.51316]},"43o":{"weight":0.0,"played":[1.0E-4,0.9999],"evs":[0.0,8.9909]},"53o":{"weight":0.0,"played":[0.0,1.0],"evs":[0.0,10.51262]},"63o":{"weight":0.0,"played":[1.0E-4,0.9999],"evs":[0.0,8.70468]},"73o":{"weight":0.0,"played":[0.0,1.0],"evs":[0.0,8.542]},"83o":{"weight":0.0,"played":[0.0,1.0],"evs":[0.0,7.79787]},"93o":{"weight":0.0,"played":[0.0,1.0],"evs":[0.0,8.60639]},"T3o":{"weight":0.0,"played":[1.0E-4,0.9999],"evs":[0.0,8.01799]},"J3o":{"weight":0.0,"played":[0.0038,0.9962],"evs":[0.0,7.86822]},"Q3o":{"weight":0.0,"played":[6.0E-4,0.9994],"evs":[0.0,7.02052]},"K3o":{"weight":0.0,"played":[0.0,1.0],"evs":[0.0,8.35235]},"A3o":{"weight":0.0,"played":[1.0E-4,0.9999],"evs":[0.0,10.78976]},"42s":{"weight":0.0,"played":[3.0E-4,0.9997],"evs":[0.0,10.07559]},"43s":{"weight":0.0,"played":[0.0023,0.9977],"evs":[0.0,12.5872]},"44":{"weight":0.0649,"played":[1.0E-4,0.9999],"evs":[0.0,12.27303]},"54o":{"weight":0.0,"played":[1.0E-4,0.9999],"evs":[0.0,8.94099]},"64o":{"weight":0.0,"played":[3.0E-4,0.9997],"evs":[0.0,10.77091]},"74o":{"weight":0.0,"played":[0.0013,0.9987],"evs":[0.0,8.1238]},"84o":{"weight":0.0,"played":[1.0E-4,0.9999],"evs":[0.0,8.50224]},"94o":{"weight":0.0,"played":[0.0,1.0],"evs":[0.0,10.21061]},"T4o":{"weight":0.0,"played":[1.0E-4,0.9999],"evs":[0.0,7.68604]},"J4o":{"weight":0.0,"played":[1.0E-4,0.9999],"evs":[0.0,7.77692]},"Q4o":{"weight":0.0,"played":[0.0069,0.9931],"evs":[0.0,4.59115]},"K4o":{"weight":0.0,"played":[1.0E-4,0.9999],"evs":[0.0,8.15919]},"A4o":{"weight":0.0,"played":[0.0,1.0],"evs":[0.0,11.39933]},"52s":{"weight":0.0,"played":[9.0E-4,0.9991],"evs":[0.0,11.34447]},"53s":{"weight":0.0,"played":[1.0E-4,0.9999],"evs":[0.0,16.27865]},"54s":{"weight":0.0,"played":[0.0038,0.9962],"evs":[0.0,12.17446]},"55":{"weight":0.2925,"played":[1.0E-4,0.9999],"evs":[0.0,12.83586]},"65o":{"weight":0.0,"played":[5.0E-4,0.9995],"evs":[0.0,13.05134]},"75o":{"weight":0.0,"played":[0.002,0.998],"evs":[0.0,6.65783]},"85o":{"weight":0.0,"played":[7.0E-4,0.9993],"evs":[0.0,7.68768]},"95o":{"weight":0.0,"played":[2.0E-4,0.9998],"evs":[0.0,11.02729]},"T5o":{"weight":0.0,"played":[2.0E-4,0.9998],"evs":[0.0,6.47399]},"J5o":{"weight":0.0,"played":[7.0E-4,0.9993],"evs":[0.0,7.32013]},"Q5o":{"weight":0.0,"played":[0.0,1.0],"evs":[0.0,7.91654]},"K5o":{"weight":0.0,"played":[0.0,1.0],"evs":[0.0,7.72765]},"A5o":{"weight":0.0,"played":[7.0E-4,0.9993],"evs":[0.0,11.72261]},"62s":{"weight":0.0,"played":[0.0014,0.9986],"evs":[0.0,8.1335]},"63s":{"weight":0.0,"played":[0.0084,0.9916],"evs":[0.0,12.81779]},"64s":{"weight":0.0,"played":[0.001,0.999],"evs":[0.0,13.91314]},"65s":{"weight":1.0E-4,"played":[5.0E-4,0.9995],"evs":[0.0,9.31983]},"66":{"weight":0.0138,"played":[1.0E-4,0.9999],"evs":[0.0,14.96402]},"76o":{"weight":0.0,"played":[0.0,1.0],"evs":[0.0,7.51662]},"86o":{"weight":0.0,"played":[1.0E-4,0.9999],"evs":[0.0,9.60692]},"96o":{"weight":0.0,"played":[4.0E-4,0.9996],"evs":[0.0,8.83771]},"T6o":{"weight":0.0,"played":[6.0E-4,0.9994],"evs":[0.0,6.5945]},"J6o":{"weight":0.0,"played":[6.0E-4,0.9994],"evs":[0.0,6.65653]},"Q6o":{"weight":0.0,"played":[1.0E-4,0.9999],"evs":[0.0,7.32057]},"K6o":{"weight":0.0,"played":[0.0,1.0],"evs":[0.0,6.26044]},"A6o":{"weight":0.0,"played":[0.0,1.0],"evs":[0.0,11.11765]},"72s":{"weight":0.0,"played":[0.0058,0.9942],"evs":[0.0,7.65995]},"73s":{"weight":0.0,"played":[3.0E-4,0.9997],"evs":[0.0,10.01183]},"74s":{"weight":0.0,"played":[1.0E-4,0.9999],"evs":[0.0,10.6325]},"75s":{"weight":0.0,"played":[1.0E-4,0.9999],"evs":[0.0,12.88313]},"76s":{"weight":0.0,"played":[0.0011,0.9989],"evs":[0.0,12.23191]},"77":{"weight":0.0019,"played":[1.0E-4,0.9999],"evs":[0.0,16.63301]},"87o":{"weight":0.0,"played":[9.0E-4,0.9991],"evs":[0.0,8.72021]},"97o":{"weight":0.0,"played":[4.0E-4,0.9996],"evs":[0.0,12.85956]},"T7o":{"weight":0.0,"played":[1.0E-4,0.9999],"evs":[0.0,9.95935]},"J7o":{"weight":0.0,"played":[4.0E-4,0.9996],"evs":[0.0,6.15306]},"Q7o":{"weight":0.0,"played":[0.0,1.0],"evs":[0.0,8.28673]},"K7o":{"weight":0.0,"played":[1.0E-4,0.9999],"evs":[0.0,6.97668]},"A7o":{"weight":0.0,"played":[2.0E-4,0.9998],"evs":[0.0,11.07012]},"82s":{"weight":0.0,"played":[0.0136,0.9864],"evs":[0.0,8.52749]},"83s":{"weight":0.0,"played":[0.002,0.998],"evs":[0.0,11.46252]},"84s":{"weight":0.0,"played":[3.0E-4,0.9997],"evs":[0.0,11.23145]},"85s":{"weight":0.0,"played":[7.0E-4,0.9993],"evs":[0.0,11.36426]},"86s":{"weight":0.0,"played":[0.0,1.0],"evs":[0.0,10.83938]},"87s":{"weight":6.0E-4,"played":[4.0E-4,0.9996],"evs":[0.0,13.38128]},"88":{"weight":0.0641,"played":[1.0E-4,0.9999],"evs":[0.0,17.5122]},"98o":{"weight":0.0,"played":[1.0E-4,0.9999],"evs":[0.0,11.02906]},"T8o":{"weight":0.0,"played":[0.0,1.0],"evs":[0.0,10.19551]},"J8o":{"weight":0.0,"played":[0.001,0.999],"evs":[0.0,7.90669]},"Q8o":{"weight":0.0,"played":[0.0,1.0],"evs":[0.0,8.67297]},"K8o":{"weight":0.0,"played":[0.001,0.999],"evs":[0.0,7.08898]},"A8o":{"weight":0.0,"played":[1.0E-4,0.9999],"evs":[0.0,11.18245]},"92s":{"weight":0.0,"played":[0.0046,0.9954],"evs":[0.0,10.45191]},"93s":{"weight":0.0,"played":[0.0071,0.9929],"evs":[0.0,8.88253]},"94s":{"weight":0.0,"played":[3.0E-4,0.9997],"evs":[0.0,9.68137]},"95s":{"weight":0.0,"played":[3.0E-4,0.9997],"evs":[0.0,10.44514]},"96s":{"weight":0.0,"played":[0.0071,0.9929],"evs":[0.0,12.54266]},"97s":{"weight":0.0,"played":[0.0215,0.9785],"evs":[0.0,10.6547]},"98s":{"weight":0.4279,"played":[4.0E-4,0.9996],"evs":[0.0,13.44336]},"99":{"weight":0.0,"played":[0.0,1.0],"evs":[0.0,20.8618]},"T9o":{"weight":0.0,"played":[2.0E-4,0.9998],"evs":[0.0,12.92557]},"J9o":{"weight":0.0,"played":[0.0,1.0],"evs":[0.0,10.07961]},"Q9o":{"weight":0.0,"played":[0.0,1.0],"evs":[0.0,11.04315]},"K9o":{"weight":0.0,"played":[0.0,1.0],"evs":[0.0,8.68489]},"A9o":{"weight":0.1931,"played":[0.0,1.0],"evs":[0.0,12.06639]},"T2s":{"weight":0.0,"played":[0.0021,0.9979],"evs":[0.0,9.11547]},"T3s":{"weight":0.0,"played":[1.0E-4,0.9999],"evs":[0.0,11.46687]},"T4s":{"weight":0.0,"played":[0.0119,0.9881],"evs":[0.0,9.6496]},"T5s":{"weight":0.0,"played":[0.0,1.0],"evs":[0.0,9.30772]},"T6s":{"weight":0.0,"played":[0.0,1.0],"evs":[0.0,10.57612]},"T7s":{"weight":0.0,"played":[0.0038,0.9962],"evs":[0.0,10.62022]},"T8s":{"weight":0.0,"played":[1.0E-4,0.9999],"evs":[0.0,12.43635]},"T9s":{"weight":0.1739,"played":[0.0,1.0],"evs":[0.0,13.66725]},"TT":{"weight":0.0,"played":[0.0,1.0],"evs":[0.0,19.87574]},"JTo":{"weight":0.0,"played":[1.0E-4,0.9999],"evs":[0.0,10.74347]},"QTo":{"weight":0.0,"played":[0.0,1.0],"evs":[0.0,10.60414]},"KTo":{"weight":0.0,"played":[2.0E-4,0.9998],"evs":[0.0,10.31901]},"ATo":{"weight":0.2559,"played":[0.0,1.0],"evs":[0.0,15.14781]},"J2s":{"weight":0.0,"played":[0.0072,0.9928],"evs":[0.0,8.27825]},"J3s":{"weight":0.0,"played":[0.0,1.0],"evs":[0.0,8.67257]},"J4s":{"weight":0.0,"played":[8.0E-4,0.9992],"evs":[0.0,9.7812]},"J5s":{"weight":0.0,"played":[0.0013,0.9987],"evs":[0.0,12.62941]},"J6s":{"weight":0.0,"played":[6.0E-4,0.9994],"evs":[0.0,11.51525]},"J7s":{"weight":0.0,"played":[0.0127,0.9873],"evs":[0.0,7.31607]},"J8s":{"weight":0.0,"played":[2.0E-4,0.9998],"evs":[0.0,13.01491]},"J9s":{"weight":0.8385,"played":[0.0,1.0],"evs":[0.0,12.05581]},"JTs":{"weight":0.734,"played":[1.0E-4,0.9999],"evs":[0.0,11.32153]},"JJ":{"weight":0.0,"played":[0.0,1.0],"evs":[0.0,23.531]},"QJo":{"weight":0.3126,"played":[0.0,1.0],"evs":[0.0,11.10256]},"KJo":{"weight":0.2764,"played":[0.0,1.0],"evs":[0.0,12.1317]},"AJo":{"weight":0.068,"played":[0.0,1.0],"evs":[0.0,14.06541]},"Q2s":{"weight":0.0,"played":[0.0,1.0],"evs":[0.0,7.14145]},"Q3s":{"weight":0.0,"played":[0.0034,0.9966],"evs":[0.0,11.49897]},"Q4s":{"weight":0.0,"played":[0.0062,0.9938],"evs":[0.0,8.46386]},"Q5s":{"weight":0.0,"played":[0.0,1.0],"evs":[0.0,6.14624]},"Q6s":{"weight":0.0,"played":[0.0158,0.9842],"evs":[0.0,10.94191]},"Q7s":{"weight":0.0,"played":[0.0,1.0],"evs":[0.0,7.44977]},"Q8s":{"weight":0.0,"played":[0.0077,0.9923],"evs":[0.0,12.68182]},"Q9s":{"weight":0.0593,"played":[4.0E-4,0.9996],"evs":[0.0,12.075]},"QTs":{"weight":0.1521,"played":[0.0,1.0],"evs":[0.0,9.62084]},"QJs":{"weight":0.3166,"played":[4.0E-4,0.9996],"evs":[0.0,13.06301]},"QQ":{"weight":0.3583,"played":[0.0,1.0],"evs":[0.0,26.71745]},"KQo":{"weight":0.0187,"played":[0.0,1.0],"evs":[0.0,12.74144]},"AQo":{"weight":0.0025,"played":[1.0E-4,0.9999],"evs":[0.0,17.18896]},"K2s":{"weight":0.0,"played":[0.0,1.0],"evs":[0.0,4.96767]},"K3s":{"weight":0.0,"played":[0.0095,0.9905],"evs":[0.0,10.04955]},"K4s":{"weight":0.0,"played":[2.0E-4,0.9998],"evs":[0.0,5.41309]},"K5s":{"weight":0.0,"played":[0.005,0.995],"evs":[0.0,8.34347]},"K6s":{"weight":0.0,"played":[3.0E-4,0.9997],"evs":[0.0,11.92472]},"K7s":{"weight":0.0,"played":[0.0,1.0],"evs":[0.0,9.19157]},"K8s":{"weight":0.0,"played":[1.0E-4,0.9999],"evs":[0.0,10.67121]},"K9s":{"weight":0.1131,"played":[4.0E-4,0.9996],"evs":[0.0,12.1139]},"KTs":{"weight":0.3163,"played":[0.002,0.998],"evs":[0.0,10.01848]},"KJs":{"weight":0.5228,"played":[9.0E-4,0.9991],"evs":[0.0,13.53068]},"KQs":{"weight":2.0E-4,"played":[0.0026,0.9974],"evs":[0.0,18.59489]},"KK":{"weight":0.5949,"played":[0.0,1.0],"evs":[0.0,32.79114]},"AKo":{"weight":0.0,"played":[1.0E-4,0.9999],"evs":[0.0,20.2676]},"A2s":{"weight":0.0,"played":[0.0029,0.9971],"evs":[0.0,12.63069]},"A3s":{"weight":0.0,"played":[1.0E-4,0.9999],"evs":[0.0,11.26545]},"A4s":{"weight":0.4039,"played":[1.0E-4,0.9999],"evs":[0.0,12.62446]},"A5s":{"weight":0.0233,"played":[0.0,1.0],"evs":[0.0,13.63516]},"A6s":{"weight":1.0E-4,"played":[0.0022,0.9978],"evs":[0.0,14.60981]},"A7s":{"weight":0.0368,"played":[1.0E-4,0.9999],"evs":[0.0,12.70422]},"A8s":{"weight":0.4628,"played":[3.0E-4,0.9997],"evs":[0.0,16.34819]},"A9s":{"weight":0.5798,"played":[1.0E-4,0.9999],"evs":[0.0,16.39049]},"ATs":{"weight":0.2237,"played":[4.0E-4,0.9996],"evs":[0.0,14.90299]},"AJs":{"weight":0.2544,"played":[0.0,1.0],"evs":[0.0,16.32813]},"AQs":{"weight":0.9648,"played":[2.0E-4,0.9998],"evs":[0.0,22.87005]},"AKs":{"weight":3.0E-4,"played":[0.0032,0.9968],"evs":[0.0,20.68482]},"AA":{"weight":0.2397,"played":[0.0,1.0],"evs":[0.0,36.04388]}}}