{"player":2,"street":0,"children":3,"sequence":[{"player":0,"type":"R","amount":200000,"street":0},{"player":1,"type":"C","amount":200000,"street":0},{"player":2,"type":"C","amount":200000,"street":0},{"player":3,"type":"F","amount":0,"street":0},{"player":4,"type":"R","amount":1015000,"street":0},{"player":0,"type":"C","amount":815000,"street":0},{"player":1,"type":"F","amount":0,"street":0}],"actions":[{"type":"F","amount":0},{"type":"C","amount":815000},{"type":"R","amount":1345000,"node":175}],"hands":{"22":{"weight":0.0,"played":[0.1536,0.3199,0.5265],"evs":[0.0,0.88666,1.00184]},"32o":{"weight":0.0,"played":[0.9992,5.0E-4,4.0E-4],"evs":[0.0,-2.55835,-2.72183]},"42o":{"weight":0.0,"played":[0.9948,0.0033,0.0019],"evs":[0.0,-2.81371,-3.19229]},"52o":{"weight":0.0,"played":[0.9994,1.0E-4,5.0E-4],"evs":[0.0,-2.72123,-2.63879]},"62o":{"weight":0.0,"played":[0.9866,0.0,0.0134],"evs":[0.0,-2.35859,-2.69737]},"72o":{"weight":0.0,"played":[0.9963,5.0E-4,0.0033],"evs":[0.0,-3.37244,-3.63416]},"82o":{"weight":0.0,"played":[1.0,0.0,0.0],"evs":[0.0,-4.0194,-4.64653]},"92o":{"weight":0.0,"played":[0.9997,0.0,3.0E-4],"evs":[0.0,-3.87027,-4.55881]},"T2o":{"weight":0.0,"played":[1.0,0.0,0.0],"evs":[0.0,-3.67814,-3.98715]},"J2o":{"weight":0.0,"played":[0.9999,1.0E-4,0.0],"evs":[0.0,-3.65144,-3.57688]},"Q2o":{"weight":0.0,"played":[0.9999,0.0,1.0E-4],"evs":[0.0,-2.8046,-2.91453]},"K2o":{"weight":0.0,"played":[0.9933,0.0015,0.0052],"evs":[0.0,-1.93133,-1.89565]},"A2o":{"weight":0.0,"played":[0.817,0.0645,0.1185],"evs":[0.0,-0.92675,-0.88239]},"32s":{"weight":0.0,"played":[0.5077,0.2304,0.2619],"evs":[0.0,-0.04659,-0.11933]},"33":{"weight":0.0,"played":[0.3516,0.3186,0.3297],"evs":[0.0,0.70112,0.76016]},"43o":{"weight":0.0,"played":[0.9991,0.0,9.0E-4],"evs":[0.0,-2.64833,-2.98062]},"53o":{"weight":0.0,"played":[0.9996,0.0,4.0E-4],"evs":[0.0,-2.43241,-2.81828]},"63o":{"weight":0.0,"played":[0.9944,4.0E-4,0.0052],"evs":[0.0,-2.82957,-2.85492]},"73o":{"weight":0.0,"played":[0.9991,3.0E-4,6.0E-4],"evs":[0.0,-3.17271,-3.63709]},"83o":{"weight":0.0,"played":[1.0,0.0,0.0],"evs":[0.0,-3.08776,-3.82017]},"93o":{"weight":0.0,"played":[0.9988,3.0E-4,9.0E-4],"evs":[0.0,-3.16069,-3.36685]},"T3o":{"weight":0.0,"played":[0.9989,0.0,0.0011],"evs":[0.0,-4.25408,-4.02584]},"J3o":{"weight":0.0,"played":[0.9904,9.0E-4,0.0087],"evs":[0.0,-3.66339,-3.47699]},"Q3o":{"weight":0.0,"played":[1.0,0.0,0.0],"evs":[0.0,-2.84827,-2.76132]},"K3o":{"weight":0.0,"played":[0.9986,1.0E-4,0.0013],"evs":[0.0,-3.2702,-3.05634]},"A3o":{"weight":0.0,"played":[0.9946,0.0,0.0054],"evs":[0.0,-1.37183,-1.29785]},"42s":{"weight":0.0,"played":[0.9966,0.0029,5.0E-4],"evs":[0.0,-1.91968,-2.73316]},"43s":{"weight":0.0,"played":[0.2256,0.6573,0.1171],"evs":[0.0,-0.42385,-1.00707]},"44":{"weight":0.0021,"played":[0.241,0.2844,0.4747],"evs":[0.0,1.05696,1.23014]},"54o":{"weight":0.0,"played":[0.9378,0.0438,0.0185],"evs":[0.0,-0.53136,-0.65607]},"64o":{"weight":0.0,"played":[0.9491,0.0302,0.0207],"evs":[0.0,-1.48741,-1.92821]},"74o":{"weight":0.0,"played":[0.9998,0.0,2.0E-4],"evs":[0.0,-2.73473,-3.19783]},"84o":{"weight":0.0,"played":[0.9999,1.0E-4,0.0],"evs":[0.0,-3.10136,-3.54898]},"94o":{"weight":0.0,"played":[0.9888,0.0065,0.0047],"evs":[0.0,-3.48581,-3.68411]},"T4o":{"weight":0.0,"played":[0.9997,0.0,3.0E-4],"evs":[0.0,-1.54229,-1.80631]},"J4o":{"weight":0.0,"played":[0.9982,0.0017,0.0],"evs":[0.0,-3.83871,-4.02873]},"Q4o":{"weight":0.0,"played":[0.9991,2.0E-4,7.0E-4],"evs":[0.0,-3.42451,-3.44657]},"K4o":{"weight":0.0,"played":[0.9502,7.0E-4,0.0491],"evs":[0.0,-1.44545,-1.4214]},"A4o":{"weight":0.0,"played":[0.9894,0.0094,0.0012],"evs":[0.0,-1.07353,-0.91971]},"52s":{"weight":0.0,"played":[0.2477,0.4107,0.3417],"evs":[0.0,-0.60973,-0.96956]},"53s":{"weight":0.0,"played":[0.5708,0.138,0.2912],"evs":[0.0,0.1503,0.49848]},"54s":{"weight":0.0,"played":[0.3524,0.4008,0.2468],"evs":[0.0,0.21608,0.1916]},"55":{"weight":0.8213,"played":[4.0E-4,0.8542,0.1455],"evs":[0.0,2.39058,2.39708]},"65o":{"weight":0.0,"played":[0.5993,0.3499,0.0508],"evs":[0.0,-0.73963,-1.02095]},"75o":{"weight":0.0,"played":[0.9592,0.0324,0.0084],"evs":[0.0,-0.94139,-1.31035]},"85o":{"weight":0.0,"played":[0.9996,0.0,4.0E-4],"evs":[0.0,-2.18553,-2.35144]},"95o":{"weight":0.0,"played":[0.9999,0.0,1.0E-4],"evs":[0.0,-2.31108,-2.52229]},"T5o":{"weight":0.0,"played":[1.0,0.0,0.0],"evs":[0.0,-3.07006,-3.33835]},"J5o":{"weight":0.0,"played":[0.999,6.0E-4,5.0E-4],"evs":[0.0,-3.07641,-3.07768]},"Q5o":{"weight":0.0,"played":[0.9996,0.0,4.0E-4],"evs":[0.0,-1.31375,-1.49789]},"K5o":{"weight":0.0,"played":[0.9976,1.0E-4,0.0023],"evs":[0.0,-0.69192,-0.56706]},"A5o":{"weight":0.0,"played":[0.8216,0.1139,0.0645],"evs":[0.0,-0.31089,-0.31668]},"62s":{"weight":0.0,"played":[0.8208,0.1291,0.0501],"evs":[0.0,-1.03685,-1.49732]},"63s":{"weight":0.0,"played":[0.687,0.0373,0.2757],"evs":[0.0,0.26066,0.64438]},"64s":{"weight":0.0,"played":[0.7801,0.1784,0.0415],"evs":[0.0,-1.39056,-2.01168]},"65s":{"weight":0.0,"played":[0.1904,0.4481,0.3615],"evs":[0.0,0.18846,-0.15321]},"66":{"weight":0.022,"played":[0.0092,0.6533,0.3375],"evs":[0.0,2.40319,2.3426]},"76o":{"weight":0.0,"played":[0.9995,2.0E-4,3.0E-4],"evs":[0.0,-1.53171,-1.65984]},"86o":{"weight":0.0,"played":[0.9958,0.0039,3.0E-4],"evs":[0.0,-1.21757,-1.4667]},"96o":{"weight":0.0,"played":[0.9995,0.0,5.0E-4],"evs":[0.0,-1.18351,-1.04204]},"T6o":{"weight":0.0,"played":[0.9936,0.0034,0.003],"evs":[0.0,-2.03947,-2.13479]},"J6o":{"weight":0.0,"played":[0.9852,0.0,0.0148],"evs":[0.0,-4.22464,-4.54581]},"Q6o":{"weight":0.0,"played":[0.9895,9.0E-4,0.0096],"evs":[0.0,-1.03825,-0.80054]},"K6o":{"weight":0.0,"played":[0.855,0.0849,0.0602],"evs":[0.0,-1.41492,-1.37855]},"A6o":{"weight":0.0,"played":[0.9535,0.0209,0.0255],"evs":[0.0,-0.63231,-0.68358]},"72s":{"weight":0.0,"played":[0.9584,0.0229,0.0188],"evs":[0.0,-1.98015,-2.77406]},"73s":{"weight":0.0,"played":[0.9356,0.009,0.0553],"evs":[0.0,-1.90649,-2.02988]},"74s":{"weight":0.0,"played":[0.9197,0.0371,0.0432],"evs":[0.0,-1.55527,-1.80056]},"75s":{"weight":0.0,"played":[0.2308,0.4773,0.292],"evs":[0.0,0.98803,0.74469]},"76s":{"weight":0.0,"played":[0.7101,0.0096,0.2803],"evs":[0.0,-0.18663,0.08898]},"77":{"weight":7.0E-4,"played":[0.0,0.0064,0.9936],"evs":[0.0,4.88414,5.14401]},"87o":{"weight":0.0,"played":[0.852,0.1349,0.013],"evs":[0.0,-0.84246,-1.2797]},"97o":{"weight":0.0,"played":[0.9759,0.0029,0.0212],"evs":[0.0,-1.8686,-2.26481]},"T7o":{"weight":0.0,"played":[0.988,0.0044,0.0076],"evs":[0.0,-1.14394,-0.98223]},"J7o":{"weight":0.0,"played":[0.963,0.003,0.034],"evs":[0.0,-1.58394,-1.79942]},"Q7o":{"weight":0.0,"played":[0.9904,0.0018,0.0079],"evs":[0.0,-2.05449,-1.99692]},"K7o":{"weight":0.0,"played":[0.8528,0.1249,0.0223],"evs":[0.0,-0.65363,-0.69193]},"A7o":{"weight":0.0,"played":[0.9778,0.0053,0.0169],"evs":[0.0,-0.63641,-0.43924]},"82s":{"weight":0.0,"played":[0.9999,0.0,1.0E-4],"evs":[0.0,-1.79915,-1.6977]},"83s":{"weight":0.0,"played":[0.9969,0.0018,0.0013],"evs":[0.0,-1.54732,-1.23423]},"84s":{"weight":0.0,"played":[0.6732,0.1697,0.1571],"evs":[0.0,-0.03392,0.09235]},"85s":{"weight":0.0,"played":[0.2686,0.4367,0.2947],"evs":[0.0,1.33688,1.36882]},"86s":{"weight":0.0,"played":[0.1309,0.6475,0.2216],"evs":[0.0,1.85434,1.19722]},"87s":{"weight":0.0,"played":[0.8779,0.1098,0.0122],"evs":[0.0,-1.40129,-1.6071]},"88":{"weight":3.0E-4,"played":[4.0E-4,0.9771,0.0225],"evs":[0.0,3.73483,3.51478]},"98o":{"weight":0.0,"played":[0.9744,0.0125,0.0132],"evs":[0.0,-1.8854,-2.17695]},"T8o":{"weight":0.0,"played":[0.8276,0.0981,0.0743],"evs":[0.0,-1.11275,-1.45403]},"J8o":{"weight":0.0,"played":[0.9913,4.0E-4,0.0083],"evs":[0.0,-2.23584,-2.38095]},"Q8o":{"weight":0.0,"played":[0.9949,0.0012,0.0038],"evs":[0.0,-1.97318,-2.06822]},"K8o":{"weight":0.0,"played":[0.7897,0.0177,0.1926],"evs":[0.0,-0.81558,-0.57256]},"A8o":{"weight":0.0,"played":[0.867,0.077,0.0561],"evs":[0.0,-1.01111,-1.03002]},"92s":{"weight":0.0,"played":[0.8717,0.0662,0.0621],"evs":[0.0,-2.71261,-2.80939]},"93s":{"weight":0.0,"played":[0.9693,0.02,0.0108],"evs":[0.0,-1.72403,-2.3075]},"94s":{"weight":0.0,"played":[0.9844,0.0095,0.0061],"evs":[0.0,-1.67494,-1.77008]},"95s":{"weight":0.0,"played":[0.584,0.3129,0.1031],"evs":[0.0,0.17645,-0.30056]},"96s":{"weight":0.0,"played":[0.7904,0.0753,0.1343],"evs":[0.0,-1.0341,-1.55114]},"97s":{"weight":0.0,"played":[0.5316,0.1533,0.3151],"evs":[0.0,-0.45797,-1.31081]},"98s":{"weight":0.0,"played":[0.2354,0.2209,0.5437],"evs":[0.0,0.44253,0.22757]},"99":{"weight":0.0,"played":[1.0E-4,0.909,0.0909],"evs":[0.0,7.67986,7.50848]},"T9o":{"weight":0.0,"played":[0.4422,0.2328,0.325],"evs":[0.0,-0.39982,-0.29852]},"J9o":{"weight":0.0,"played":[0.8927,0.0528,0.0544],"evs":[0.0,-0.99987,-0.89864]},"Q9o":{"weight":0.0,"played":[0.7209,0.0563,0.2227],"evs":[0.0,-0.35227,0.10915]},"K9o":{"weight":0.0,"played":[0.9862,1.0E-4,0.0137],"evs":[0.0,-1.01026,-1.0049]},"A9o":{"weight":0.0,"played":[0.2788,0.2071,0.5141],"evs":[0.0,1.04984,1.14974]},"T2s":{"weight":0.0,"played":[0.3383,0.4115,0.2502],"evs":[0.0,-0.64908,-0.65738]},"T3s":{"weight":0.0,"played":[0.374,0.3713,0.2547],"evs":[0.0,-0.92137,-1.00761]},"T4s":{"weight":0.0,"played":[0.7305,0.1896,0.0799],"evs":[0.0,-1.66261,-2.24113]},"T5s":{"weight":0.0,"played":[0.7428,0.1492,0.108],"evs":[0.0,-0.31796,-0.35026]},"T6s":{"weight":0.0,"played":[0.1336,0.5259,0.3405],"evs":[0.0,0.83459,0.84324]},"T7s":{"weight":0.0,"played":[0.4453,0.4145,0.1402],"evs":[0.0,-0.53898,-0.75165]},"T8s":{"weight":0.0,"played":[0.948,0.0,0.052],"evs":[0.0,-0.7055,-0.43815]},"T9s":{"weight":0.0,"played":[0.2775,0.3879,0.3347],"evs":[0.0,0.2702,0.39154]},"TT":{"weight":0.0,"played":[5.0E-4,0.4601,0.5394],"evs":[0.0,10.89894,10.83879]},"JTo":{"weight":0.0,"played":[0.1451,0.757,0.0979],"evs":[0.0,0.98861,0.65421]},"QTo":{"weight":0.0,"played":[0.4392,0.2788,0.2819],"evs":[0.0,-0.05593,-0.05599]},"KTo":{"weight":0.0,"played":[0.8204,0.1163,0.0632],"evs":[0.0,0.03944,-0.02927]},"ATo":{"weight":0.1869,"played":[0.1598,0.3889,0.4513],"evs":[0.0,1.54432,1.5758]},"J2s":{"weight":0.0,"played":[0.9893,0.0063,0.0044],"evs":[0.0,-1.23158,-1.02712]},"J3s":{"weight":0.0,"played":[0.9803,0.0026,0.0171],"evs":[0.0,-1.634,-1.77217]},"J4s":{"weight":0.0,"played":[0.9779,0.0153,0.0068],"evs":[0.0,-1.28158,-1.10477]},"J5s":{"weight":0.0,"played":[0.4015,0.439,0.1595],"evs":[0.0,-0.90935,-1.51827]},"J6s":{"weight":0.0,"played":[0.928,0.0607,0.0113],"evs":[0.0,-1.9311,-2.42664]},"J7s":{"weight":0.0,"played":[0.904,0.048,0.048],"evs":[0.0,-1.33028,-1.58049]},"J8s":{"weight":0.0,"played":[0.6159,0.1488,0.2354],"evs":[0.0,0.53171,0.69108]},"J9s":{"weight":0.0,"played":[0.5646,0.1133,0.3221],"evs":[0.0,0.23408,0.67729]},"JTs":{"weight":0.0,"played":[0.1905,0.3509,0.4586],"evs":[0.0,1.59194,1.69595]},"JJ":{"weight":0.0,"played":[0.0,3.0E-4,0.9997],"evs":[0.0,10.14388,10.25555]},"QJo":{"weight":0.0,"played":[0.1503,0.3128,0.5369],"evs":[0.0,-9.9E-4,-5.9E-4]},"KJo":{"weight":0.0,"played":[0.0209,0.0324,0.9467],"evs":[0.0,0.50895,0.53779]},"AJo":{"weight":0.0018,"played":[1.0E-4,0.0635,0.9364],"evs":[0.0,2.50935,2.69149]},"Q2s":{"weight":0.0,"played":[0.4677,0.1352,0.3971],"evs":[0.0,0.28937,0.18132]},"Q3s":{"weight":0.0,"played":[0.9714,0.0087,0.0198],"evs":[0.0,-2.17147,-2.11911]},"Q4s":{"weight":0.0,"played":[0.938,4.0E-4,0.0616],"evs":[0.0,-3.3935,-3.63949]},"Q5s":{"weight":0.0,"played":[0.8141,0.1695,0.0163],"evs":[0.0,-0.03977,-0.5182]},"Q6s":{"weight":0.0,"played":[0.9189,0.0554,0.0256],"evs":[0.0,-0.50113,-0.65501]},"Q7s":{"weight":0.0,"played":[0.3692,0.2487,0.382],"evs":[0.0,-0.02724,0.2502]},"Q8s":{"weight":0.0,"played":[0.1664,0.0841,0.7495],"evs":[0.0,1.0768,1.47291]},"Q9s":{"weight":0.0,"played":[0.0024,0.0388,0.9588],"evs":[0.0,1.26128,1.50795]},"QTs":{"weight":0.2012,"played":[5.0E-4,0.1291,0.8704],"evs":[0.0,1.3647,1.92161]},"QJs":{"weight":0.9996,"played":[0.0072,0.3863,0.6065],"evs":[0.0,2.58137,2.75188]},"QQ":{"weight":2.0E-4,"played":[1.0E-4,2.0E-4,0.9997],"evs":[0.0,14.62011,14.86989]},"KQo":{"weight":0.6707,"played":[0.0,1.0E-4,0.9999],"evs":[0.0,2.74755,2.81446]},"AQo":{"weight":0.0,"played":[0.0011,0.8908,0.1081],"evs":[0.0,6.23305,6.1404]},"K2s":{"weight":0.0,"played":[0.3556,0.1882,0.4562],"evs":[0.0,0.62682,1.18903]},"K3s":{"weight":0.0,"played":[0.9848,0.0047,0.0105],"evs":[0.0,-0.88042,-0.59643]},"K4s":{"weight":0.0,"played":[0.9612,5.0E-4,0.0383],"evs":[0.0,-1.83867,-1.65116]},"K5s":{"weight":0.0,"played":[0.3013,0.3336,0.365],"evs":[0.0,-0.21575,-0.15272]},"K6s":{"weight":0.0,"played":[0.2173,0.7824,3.0E-4],"evs":[0.0,1.45877,0.9206]},"K7s":{"weight":0.0,"played":[0.4349,0.2256,0.3395],"evs":[0.0,1.55916,1.56879]},"K8s":{"weight":0.0,"played":[0.1211,0.5035,0.3754],"evs":[0.0,0.6369,0.41609]},"K9s":{"weight":0.0081,"played":[9.0E-4,0.0,0.9991],"evs":[0.0,2.46998,2.81604]},"KTs":{"weight":0.9956,"played":[5.0E-4,6.0E-4,0.9989],"evs":[0.0,1.95843,2.04616]},"KJs":{"weight":0.9998,"played":[3.0E-4,0.3665,0.6332],"evs":[0.0,3.3223,3.3784]},"KQs":{"weight":0.3009,"played":[0.0,0.7249,0.275],"evs":[0.0,4.82061,4.87582]},"KK":{"weight":5.0E-4,"played":[0.0,0.0022,0.9978],"evs":[0.0,18.81871,18.88309]},"AKo":{"weight":0.0,"played":[0.0,0.3724,0.6276],"evs":[0.0,6.50438,6.5696]},"A2s":{"weight":1.0E-4,"played":[6.0E-4,0.0,0.9994],"evs":[0.0,0.67802,1.32825]},"A3s":{"weight":0.0,"played":[0.4294,0.3003,0.2703],"evs":[0.0,1.1589,1.43807]},"A4s":{"weight":1.0E-4,"played":[0.1444,0.3109,0.5446],"evs":[0.0,1.31786,1.56857]},"A5s":{"weight":0.0025,"played":[0.1511,0.4888,0.3602],"evs":[0.0,1.21834,1.1325]},"A6s":{"weight":0.0,"played":[0.5985,0.2665,0.135],"evs":[0.0,0.18531,-0.08476]},"A7s":{"weight":0.1942,"played":[0.0825,0.7577,0.1598],"evs":[0.0,0.82937,0.68351]},"A8s":{"weight":0.9273,"played":[0.0492,0.5532,0.3976],"evs":[0.0,2.27961,2.39852]},"A9s":{"weight":0.6849,"played":[0.0206,0.9589,0.0204],"evs":[0.0,2.3357,2.20181]},"ATs":{"weight":0.0363,"played":[6.0E-4,0.0739,0.9255],"evs":[0.0,2.77946,3.07194]},"AJs":{"weight":0.024,"played":[0.0038,0.1196,0.8765],"evs":[0.0,5.32107,5.40978]},"AQs":{"weight":0.0,"played":[0.0,0.2547,0.7453],"evs":[0.0,7.34252,7.01565]},"AKs":{"weight":0.0,"played":[3.0E-4,0.0017,0.998],"evs":[0.0,9.96416,10.47368]},"AA":{"weight":0.0099,"played":[0.0,0.0,1.0],"evs":[0.0,21.43238,21.88601]}}}