{"player":2,"street":0,"children":2,"sequence":[{"player":0,"type":"R","amount":200000,"street":0},{"player":1,"type":"C","amount":200000,"street":0},{"player":2,"type":"C","amount":200000,"street":0},{"player":3,"type":"R","amount":1635000,"street":0},{"player":4,"type":"F","amount":0,"street":0},{"player":0,"type":"C","amount":1435000,"street":0},{"player":1,"type":"F","amount":0,"street":0}],"actions":[{"type":"F","amount":0},{"type":"C","amount":1145000}],"hands":{"22":{"weight":0.0,"played":[0.9014,0.0986],"evs":[0.0,-3.64885]},"32o":{"weight":0.0,"played":[0.9993,7.0E-4],"evs":[0.0,-5.90977]},"42o":{"weight":0.0,"played":[0.9997,3.0E-4],"evs":[0.0,-4.19426]},"52o":{"weight":0.0,"played":[0.9972,0.0028],"evs":[0.0,-3.44661]},"62o":{"weight":0.0,"played":[0.9991,9.0E-4],"evs":[0.0,-4.37008]},"72o":{"weight":0.0,"played":[0.9998,2.0E-4],"evs":[0.0,-5.93091]},"82o":{"weight":0.0,"played":[0.9976,0.0024],"evs":[0.0,-4.10066]},"92o":{"weight":0.0,"played":[0.9996,4.0E-4],"evs":[0.0,-5.04232]},"T2o":{"weight":0.0,"played":[1.0,0.0],"evs":[0.0,-5.41239]},"J2o":{"weight":0.0,"played":[0.9994,6.0E-4],"evs":[0.0,-5.48143]},"Q2o":{"weight":0.0,"played":[1.0,0.0],"evs":[0.0,-1.60653]},"K2o":{"weight":0.0,"played":[1.0,0.0],"evs":[0.0,-4.02419]},"A2o":{"weight":0.0,"played":[0.9999,1.0E-4],"evs":[0.0,-4.50983]},"32s":{"weight":0.0,"played":[0.995,0.005],"evs":[0.0,-3.78747]},"33":{"weight":0.0,"played":[0.8968,0.1032],"evs":[0.0,-2.63967]},"43o":{"weight":0.0,"played":[1.0,0.0],"evs":[0.0,-4.24976]},"53o":{"weight":0.0,"played":[0.9997,3.0E-4],"evs":[0.0,-4.04399]},"63o":{"weight":0.0,"played":[0.9995,5.0E-4],"evs":[0.0,-3.67071]},"73o":{"weight":0.0,"played":[0.9996,4.0E-4],"evs":[0.0,-4.23445]},"83o":{"weight":0.0,"played":[1.0,0.0],"evs":[0.0,-4.95091]},"93o":{"weight":0.0,"played":[0.997,0.003],"evs":[0.0,-5.27978]},"T3o":{"weight":0.0,"played":[0.9998,2.0E-4],"evs":[0.0,-4.79595]},"J3o":{"weight":0.0,"played":[0.9996,4.0E-4],"evs":[0.0,-5.10145]},"Q3o":{"weight":0.0,"played":[0.9996,4.0E-4],"evs":[0.0,-3.93166]},"K3o":{"weight":0.0,"played":[1.0,0.0],"evs":[0.0,-3.14163]},"A3o":{"weight":0.0,"played":[0.9942,0.0058],"evs":[0.0,-5.3113]},"42s":{"weight":0.0,"played":[0.9911,0.0089],"evs":[0.0,-2.40251]},"43s":{"weight":0.0,"played":[0.8934,0.1066],"evs":[0.0,-2.03082]},"44":{"weight":0.0021,"played":[0.6992,0.3008],"evs":[0.0,-1.71762]},"54o":{"weight":0.0,"played":[0.9876,0.0124],"evs":[0.0,-2.43386]},"64o":{"weight":0.0,"played":[0.9995,5.0E-4],"evs":[0.0,-2.54561]},"74o":{"weight":0.0,"played":[0.9973,0.0027],"evs":[0.0,-3.98146]},"84o":{"weight":0.0,"played":[0.9986,0.0014],"evs":[0.0,-4.2043]},"94o":{"weight":0.0,"played":[0.9997,3.0E-4],"evs":[0.0,-3.82739]},"T4o":{"weight":0.0,"played":[0.9998,2.0E-4],"evs":[0.0,-4.24481]},"J4o":{"weight":0.0,"played":[0.9999,1.0E-4],"evs":[0.0,-4.53371]},"Q4o":{"weight":0.0,"played":[0.9995,5.0E-4],"evs":[0.0,-4.58331]},"K4o":{"weight":0.0,"played":[0.9917,0.0083],"evs":[0.0,-3.74466]},"A4o":{"weight":0.0,"played":[0.9654,0.0346],"evs":[0.0,-2.12069]},"52s":{"weight":0.0,"played":[0.9543,0.0457],"evs":[0.0,-3.28916]},"53s":{"weight":0.0,"played":[0.873,0.127],"evs":[0.0,-1.58962]},"54s":{"weight":0.0,"played":[0.9091,0.0909],"evs":[0.0,-0.68907]},"55":{"weight":0.8213,"played":[0.2503,0.7497],"evs":[0.0,0.13226]},"65o":{"weight":0.0,"played":[0.9964,0.0036],"evs":[0.0,-1.76424]},"75o":{"weight":0.0,"played":[0.9958,0.0042],"evs":[0.0,-4.11507]},"85o":{"weight":0.0,"played":[0.9985,0.0015],"evs":[0.0,-4.09175]},"95o":{"weight":0.0,"played":[0.9999,1.0E-4],"evs":[0.0,-4.42543]},"T5o":{"weight":0.0,"played":[0.9999,1.0E-4],"evs":[0.0,-4.47761]},"J5o":{"weight":0.0,"played":[0.9993,7.0E-4],"evs":[0.0,-4.96817]},"Q5o":{"weight":0.0,"played":[0.9994,6.0E-4],"evs":[0.0,-3.07944]},"K5o":{"weight":0.0,"played":[0.9998,2.0E-4],"evs":[0.0,-2.66737]},"A5o":{"weight":0.0,"played":[0.9974,0.0026],"evs":[0.0,-3.35968]},"62s":{"weight":0.0,"played":[0.9974,0.0026],"evs":[0.0,-4.35618]},"63s":{"weight":0.0,"played":[1.0,0.0],"evs":[0.0,-2.90995]},"64s":{"weight":0.0,"played":[0.9892,0.0108],"evs":[0.0,-1.35873]},"65s":{"weight":0.0,"played":[0.4983,0.5017],"evs":[0.0,-0.35863]},"66":{"weight":0.022,"played":[0.2679,0.7321],"evs":[0.0,-0.21521]},"76o":{"weight":0.0,"played":[0.9996,4.0E-4],"evs":[0.0,-2.42848]},"86o":{"weight":0.0,"played":[0.9934,0.0066],"evs":[0.0,-3.74611]},"96o":{"weight":0.0,"played":[0.9992,8.0E-4],"evs":[0.0,-1.88866]},"T6o":{"weight":0.0,"played":[0.9998,2.0E-4],"evs":[0.0,-3.53717]},"J6o":{"weight":0.0,"played":[1.0,0.0],"evs":[0.0,-3.02401]},"Q6o":{"weight":0.0,"played":[0.9963,0.0037],"evs":[0.0,-3.48932]},"K6o":{"weight":0.0,"played":[0.9989,0.0011],"evs":[0.0,-3.29395]},"A6o":{"weight":0.0,"played":[0.9597,0.0403],"evs":[0.0,-3.76772]},"72s":{"weight":0.0,"played":[0.9885,0.0115],"evs":[0.0,-3.20337]},"73s":{"weight":0.0,"played":[0.8828,0.1172],"evs":[0.0,-3.64542]},"74s":{"weight":0.0,"played":[1.0,0.0],"evs":[0.0,-1.64593]},"75s":{"weight":0.0,"played":[0.9139,0.0861],"evs":[0.0,-2.39441]},"76s":{"weight":0.0,"played":[0.9794,0.0206],"evs":[0.0,-1.45519]},"77":{"weight":7.0E-4,"played":[0.2372,0.7628],"evs":[0.0,0.50346]},"87o":{"weight":0.0,"played":[0.9969,0.0031],"evs":[0.0,-2.87351]},"97o":{"weight":0.0,"played":[0.9988,0.0012],"evs":[0.0,-3.04208]},"T7o":{"weight":0.0,"played":[0.9979,0.0021],"evs":[0.0,-3.74489]},"J7o":{"weight":0.0,"played":[0.9989,0.0011],"evs":[0.0,-3.64559]},"Q7o":{"weight":0.0,"played":[0.9992,8.0E-4],"evs":[0.0,-3.63341]},"K7o":{"weight":0.0,"played":[0.9911,0.0089],"evs":[0.0,-3.3639]},"A7o":{"weight":0.0,"played":[0.9981,0.0019],"evs":[0.0,-3.86436]},"82s":{"weight":0.0,"played":[0.9993,7.0E-4],"evs":[0.0,-4.69085]},"83s":{"weight":0.0,"played":[0.9955,0.0045],"evs":[0.0,-3.33993]},"84s":{"weight":0.0,"played":[0.4037,0.5963],"evs":[0.0,-0.0474]},"85s":{"weight":0.0,"played":[0.8064,0.1936],"evs":[0.0,-2.27915]},"86s":{"weight":0.0,"played":[0.9998,2.0E-4],"evs":[0.0,-3.66503]},"87s":{"weight":0.0,"played":[0.635,0.365],"evs":[0.0,-1.21432]},"88":{"weight":3.0E-4,"played":[0.0059,0.9941],"evs":[0.0,4.53631]},"98o":{"weight":0.0,"played":[0.9962,0.0038],"evs":[0.0,-1.35587]},"T8o":{"weight":0.0,"played":[0.9983,0.0017],"evs":[0.0,-4.39353]},"J8o":{"weight":0.0,"played":[0.9959,0.0041],"evs":[0.0,-2.66429]},"Q8o":{"weight":0.0,"played":[0.9793,0.0207],"evs":[0.0,-2.89645]},"K8o":{"weight":0.0,"played":[0.9424,0.0576],"evs":[0.0,-2.8094]},"A8o":{"weight":0.0,"played":[0.9554,0.0446],"evs":[0.0,-2.91148]},"92s":{"weight":0.0,"played":[0.9998,2.0E-4],"evs":[0.0,-4.00645]},"93s":{"weight":0.0,"played":[0.9985,0.0015],"evs":[0.0,-4.51772]},"94s":{"weight":0.0,"played":[0.9874,0.0126],"evs":[0.0,-3.46988]},"95s":{"weight":0.0,"played":[0.999,0.001],"evs":[0.0,-2.90593]},"96s":{"weight":0.0,"played":[0.997,0.003],"evs":[0.0,-0.85415]},"97s":{"weight":0.0,"played":[0.8335,0.1665],"evs":[0.0,-0.94153]},"98s":{"weight":0.0,"played":[0.9743,0.0257],"evs":[0.0,-1.07867]},"99":{"weight":0.0,"played":[0.0021,0.9979],"evs":[0.0,5.82836]},"T9o":{"weight":0.0,"played":[0.9815,0.0185],"evs":[0.0,-2.59684]},"J9o":{"weight":0.0,"played":[0.9999,1.0E-4],"evs":[0.0,-3.02517]},"Q9o":{"weight":0.0,"played":[0.9861,0.0139],"evs":[0.0,-1.25369]},"K9o":{"weight":0.0,"played":[0.9974,0.0026],"evs":[0.0,-1.56833]},"A9o":{"weight":0.0,"played":[0.9622,0.0378],"evs":[0.0,-2.00825]},"T2s":{"weight":0.0,"played":[0.9974,0.0026],"evs":[0.0,-4.13541]},"T3s":{"weight":0.0,"played":[0.8989,0.1011],"evs":[0.0,-1.84696]},"T4s":{"weight":0.0,"played":[0.9872,0.0128],"evs":[0.0,-3.15626]},"T5s":{"weight":0.0,"played":[0.9972,0.0028],"evs":[0.0,-3.07451]},"T6s":{"weight":0.0,"played":[0.9868,0.0132],"evs":[0.0,-2.19969]},"T7s":{"weight":0.0,"played":[0.9984,0.0016],"evs":[0.0,-3.40086]},"T8s":{"weight":0.0,"played":[0.4614,0.5386],"evs":[0.0,-0.1654]},"T9s":{"weight":0.0,"played":[0.02,0.98],"evs":[0.0,1.33868]},"TT":{"weight":0.0,"played":[1.0E-4,0.9999],"evs":[0.0,6.29142]},"JTo":{"weight":0.0,"played":[0.6572,0.3428],"evs":[0.0,-0.71792]},"QTo":{"weight":0.0,"played":[0.9999,1.0E-4],"evs":[0.0,-0.69447]},"KTo":{"weight":0.0,"played":[0.9673,0.0327],"evs":[0.0,-1.62216]},"ATo":{"weight":0.1869,"played":[0.8947,0.1053],"evs":[0.0,-1.70264]},"J2s":{"weight":0.0,"played":[0.9215,0.0785],"evs":[0.0,-2.93147]},"J3s":{"weight":0.0,"played":[0.9518,0.0482],"evs":[0.0,-3.60422]},"J4s":{"weight":0.0,"played":[0.8818,0.1182],"evs":[0.0,-1.64107]},"J5s":{"weight":0.0,"played":[0.988,0.012],"evs":[0.0,-3.37847]},"J6s":{"weight":0.0,"played":[0.9994,6.0E-4],"evs":[0.0,-4.53258]},"J7s":{"weight":0.0,"played":[0.9973,0.0027],"evs":[0.0,-5.40165]},"J8s":{"weight":0.0,"played":[0.7165,0.2835],"evs":[0.0,0.77632]},"J9s":{"weight":0.0,"played":[0.9778,0.0222],"evs":[0.0,-2.28461]},"JTs":{"weight":0.0,"played":[0.4886,0.5114],"evs":[0.0,1.18102]},"JJ":{"weight":0.0,"played":[0.0022,0.9978],"evs":[0.0,10.27177]},"QJo":{"weight":0.0,"played":[0.8258,0.1742],"evs":[0.0,-0.71699]},"KJo":{"weight":0.0,"played":[0.9076,0.0924],"evs":[0.0,-0.95161]},"AJo":{"weight":0.0018,"played":[0.4794,0.5206],"evs":[0.0,-0.88019]},"Q2s":{"weight":0.0,"played":[0.9149,0.0851],"evs":[0.0,-4.44585]},"Q3s":{"weight":0.0,"played":[0.9991,9.0E-4],"evs":[0.0,-1.86647]},"Q4s":{"weight":0.0,"played":[0.9822,0.0178],"evs":[0.0,-0.37046]},"Q5s":{"weight":0.0,"played":[0.9895,0.0105],"evs":[0.0,-0.73306]},"Q6s":{"weight":0.0,"played":[0.9729,0.0271],"evs":[0.0,-1.98183]},"Q7s":{"weight":0.0,"played":[0.9738,0.0262],"evs":[0.0,-0.8568]},"Q8s":{"weight":0.0,"played":[0.9682,0.0318],"evs":[0.0,-1.25117]},"Q9s":{"weight":0.0,"played":[0.4733,0.5267],"evs":[0.0,1.51036]},"QTs":{"weight":0.2012,"played":[0.018,0.982],"evs":[0.0,1.43195]},"QJs":{"weight":0.9996,"played":[0.5708,0.4292],"evs":[0.0,-0.02267]},"QQ":{"weight":2.0E-4,"played":[0.0,1.0],"evs":[0.0,12.42162]},"KQo":{"weight":0.6707,"played":[0.0655,0.9345],"evs":[0.0,0.8812]},"AQo":{"weight":0.0,"played":[0.0138,0.9862],"evs":[0.0,1.60986]},"K2s":{"weight":0.0,"played":[0.6347,0.3653],"evs":[0.0,-1.69578]},"K3s":{"weight":0.0,"played":[0.999,0.001],"evs":[0.0,-3.40177]},"K4s":{"weight":0.0,"played":[0.6348,0.3652],"evs":[0.0,-0.96743]},"K5s":{"weight":0.0,"played":[0.501,0.499],"evs":[0.0,-1.02222]},"K6s":{"weight":0.0,"played":[0.934,0.066],"evs":[0.0,-2.69718]},"K7s":{"weight":0.0,"played":[0.9998,2.0E-4],"evs":[0.0,-2.25613]},"K8s":{"weight":0.0,"played":[0.813,0.187],"evs":[0.0,-1.77812]},"K9s":{"weight":0.0081,"played":[0.6233,0.3767],"evs":[0.0,-2.24257]},"KTs":{"weight":0.9956,"played":[0.6087,0.3913],"evs":[0.0,-0.29611]},"KJs":{"weight":0.9998,"played":[0.0414,0.9586],"evs":[0.0,2.42562]},"KQs":{"weight":0.3009,"played":[0.0113,0.9887],"evs":[0.0,3.6932]},"KK":{"weight":5.0E-4,"played":[0.0,1.0],"evs":[0.0,17.205]},"AKo":{"weight":0.0,"played":[6.0E-4,0.9994],"evs":[0.0,4.65559]},"A2s":{"weight":1.0E-4,"played":[0.8714,0.1286],"evs":[0.0,0.66068]},"A3s":{"weight":0.0,"played":[0.9946,0.0054],"evs":[0.0,-2.20773]},"A4s":{"weight":1.0E-4,"played":[0.9884,0.0116],"evs":[0.0,-2.13986]},"A5s":{"weight":0.0025,"played":[0.9155,0.0845],"evs":[0.0,-2.6269]},"A6s":{"weight":0.0,"played":[0.9572,0.0428],"evs":[0.0,-1.40453]},"A7s":{"weight":0.1942,"played":[0.834,0.166],"evs":[0.0,0.34036]},"A8s":{"weight":0.9273,"played":[0.9604,0.0396],"evs":[0.0,-1.76204]},"A9s":{"weight":0.6849,"played":[0.31,0.69],"evs":[0.0,0.09156]},"ATs":{"weight":0.0363,"played":[0.3168,0.6832],"evs":[0.0,0.54393]},"AJs":{"weight":0.024,"played":[0.0496,0.9504],"evs":[0.0,1.98011]},"AQs":{"weight":0.0,"played":[0.3548,0.6452],"evs":[0.0,0.38151]},"AKs":{"weight":0.0,"played":[0.0013,0.9987],"evs":[0.0,7.34314]},"AA":{"weight":0.0099,"played":[2.0E-4,0.9998],"evs":[0.0,25.10729]}}}