{"player":2,"street":0,"children":2,"sequence":[{"player":0,"type":"R","amount":200000,"street":0},{"player":1,"type":"C","amount":200000,"street":0},{"player":2,"type":"C","amount":200000,"street":0},{"player":3,"type":"R","amount":1635000,"street":0},{"player":4,"type":"F","amount":0,"street":0},{"player":0,"type":"R","amount":2165000,"street":0},{"player":1,"type":"F","amount":0,"street":0}],"actions":[{"type":"F","amount":0},{"type":"C","amount":1145000}],"hands":{"22":{"weight":0.0,"played":[0.8731,0.1269],"evs":[0.0,-0.93667]},"32o":{"weight":0.0,"played":[1.0,0.0],"evs":[0.0,-4.80357]},"42o":{"weight":0.0,"played":[0.9999,1.0E-4],"evs":[0.0,-3.92984]},"52o":{"weight":0.0,"played":[1.0,0.0],"evs":[0.0,-3.78967]},"62o":{"weight":0.0,"played":[1.0,0.0],"evs":[0.0,-4.84129]},"72o":{"weight":0.0,"played":[1.0,0.0],"evs":[0.0,-5.90701]},"82o":{"weight":0.0,"played":[0.9999,1.0E-4],"evs":[0.0,-5.02971]},"92o":{"weight":0.0,"played":[1.0,0.0],"evs":[0.0,-5.99195]},"T2o":{"weight":0.0,"played":[0.9999,1.0E-4],"evs":[0.0,-5.01491]},"J2o":{"weight":0.0,"played":[0.9999,1.0E-4],"evs":[0.0,-4.33745]},"Q2o":{"weight":0.0,"played":[0.9994,6.0E-4],"evs":[0.0,-3.67507]},"K2o":{"weight":0.0,"played":[0.9997,3.0E-4],"evs":[0.0,-4.06267]},"A2o":{"weight":0.0,"played":[0.9969,0.0031],"evs":[0.0,-3.5795]},"32s":{"weight":0.0,"played":[0.9666,0.0334],"evs":[0.0,-0.83645]},"33":{"weight":0.0,"played":[0.5464,0.4536],"evs":[0.0,-0.69093]},"43o":{"weight":0.0,"played":[0.9997,3.0E-4],"evs":[0.0,-2.84085]},"53o":{"weight":0.0,"played":[0.9999,1.0E-4],"evs":[0.0,-4.54421]},"63o":{"weight":0.0,"played":[0.9981,0.0019],"evs":[0.0,-3.988]},"73o":{"weight":0.0,"played":[0.9998,2.0E-4],"evs":[0.0,-5.43402]},"83o":{"weight":0.0,"played":[0.9998,2.0E-4],"evs":[0.0,-4.46789]},"93o":{"weight":0.0,"played":[1.0,0.0],"evs":[0.0,-4.85507]},"T3o":{"weight":0.0,"played":[0.9996,4.0E-4],"evs":[0.0,-4.80058]},"J3o":{"weight":0.0,"played":[1.0,0.0],"evs":[0.0,-5.11162]},"Q3o":{"weight":0.0,"played":[1.0,0.0],"evs":[0.0,-4.91515]},"K3o":{"weight":0.0,"played":[0.9992,8.0E-4],"evs":[0.0,-3.2446]},"A3o":{"weight":0.0,"played":[0.9981,0.0019],"evs":[0.0,-3.66111]},"42s":{"weight":0.0,"played":[0.9951,0.0049],"evs":[0.0,-3.98812]},"43s":{"weight":0.0,"played":[0.9012,0.0988],"evs":[0.0,-1.80091]},"44":{"weight":0.0021,"played":[0.6006,0.3994],"evs":[0.0,-0.92239]},"54o":{"weight":0.0,"played":[0.9985,0.0015],"evs":[0.0,-1.90467]},"64o":{"weight":0.0,"played":[0.994,0.006],"evs":[0.0,-2.0435]},"74o":{"weight":0.0,"played":[0.9999,1.0E-4],"evs":[0.0,-3.47069]},"84o":{"weight":0.0,"played":[1.0,0.0],"evs":[0.0,-4.81414]},"94o":{"weight":0.0,"played":[0.9995,5.0E-4],"evs":[0.0,-5.18339]},"T4o":{"weight":0.0,"played":[1.0,0.0],"evs":[0.0,-4.47089]},"J4o":{"weight":0.0,"played":[0.999,0.001],"evs":[0.0,-4.43012]},"Q4o":{"weight":0.0,"played":[0.9998,2.0E-4],"evs":[0.0,-3.37205]},"K4o":{"weight":0.0,"played":[0.9995,5.0E-4],"evs":[0.0,-3.33915]},"A4o":{"weight":0.0,"played":[0.9998,2.0E-4],"evs":[0.0,-3.0918]},"52s":{"weight":0.0,"played":[0.9693,0.0307],"evs":[0.0,-2.62335]},"53s":{"weight":0.0,"played":[0.9983,0.0017],"evs":[0.0,-1.80827]},"54s":{"weight":0.0,"played":[0.9846,0.0154],"evs":[0.0,-0.86127]},"55":{"weight":0.8213,"played":[0.0676,0.9324],"evs":[0.0,1.11839]},"65o":{"weight":0.0,"played":[1.0,0.0],"evs":[0.0,-2.55591]},"75o":{"weight":0.0,"played":[0.9999,1.0E-4],"evs":[0.0,-3.11885]},"85o":{"weight":0.0,"played":[0.9993,7.0E-4],"evs":[0.0,-3.91512]},"95o":{"weight":0.0,"played":[0.9999,1.0E-4],"evs":[0.0,-4.20442]},"T5o":{"weight":0.0,"played":[1.0,0.0],"evs":[0.0,-4.72011]},"J5o":{"weight":0.0,"played":[0.9998,2.0E-4],"evs":[0.0,-4.36217]},"Q5o":{"weight":0.0,"played":[0.9992,8.0E-4],"evs":[0.0,-4.03581]},"K5o":{"weight":0.0,"played":[0.9994,6.0E-4],"evs":[0.0,-3.9526]},"A5o":{"weight":0.0,"played":[0.9928,0.0072],"evs":[0.0,-2.78576]},"62s":{"weight":0.0,"played":[0.9999,1.0E-4],"evs":[0.0,-3.00629]},"63s":{"weight":0.0,"played":[0.8532,0.1468],"evs":[0.0,-0.97973]},"64s":{"weight":0.0,"played":[0.8536,0.1464],"evs":[0.0,-1.4297]},"65s":{"weight":0.0,"played":[0.9992,8.0E-4],"evs":[0.0,-3.82538]},"66":{"weight":0.022,"played":[0.0,1.0],"evs":[0.0,1.16333]},"76o":{"weight":0.0,"played":[0.991,0.009],"evs":[0.0,-1.34799]},"86o":{"weight":0.0,"played":[0.9899,0.0101],"evs":[0.0,-2.72759]},"96o":{"weight":0.0,"played":[0.9989,0.0011],"evs":[0.0,-3.13591]},"T6o":{"weight":0.0,"played":[1.0,0.0],"evs":[0.0,-3.08532]},"J6o":{"weight":0.0,"played":[0.9981,0.0019],"evs":[0.0,-4.28392]},"Q6o":{"weight":0.0,"played":[0.9956,0.0044],"evs":[0.0,-3.39115]},"K6o":{"weight":0.0,"played":[0.999,0.001],"evs":[0.0,-2.63022]},"A6o":{"weight":0.0,"played":[0.9991,9.0E-4],"evs":[0.0,-3.69141]},"72s":{"weight":0.0,"played":[0.9998,2.0E-4],"evs":[0.0,-4.57124]},"73s":{"weight":0.0,"played":[0.9921,0.0079],"evs":[0.0,-2.3909]},"74s":{"weight":0.0,"played":[0.9665,0.0335],"evs":[0.0,-2.74888]},"75s":{"weight":0.0,"played":[0.9784,0.0216],"evs":[0.0,-2.42065]},"76s":{"weight":0.0,"played":[0.6853,0.3147],"evs":[0.0,-1.6707]},"77":{"weight":7.0E-4,"played":[0.001,0.999],"evs":[0.0,2.61571]},"87o":{"weight":0.0,"played":[0.9841,0.0159],"evs":[0.0,-2.33603]},"97o":{"weight":0.0,"played":[0.9987,0.0013],"evs":[0.0,-3.16523]},"T7o":{"weight":0.0,"played":[0.9975,0.0025],"evs":[0.0,-3.71165]},"J7o":{"weight":0.0,"played":[0.9997,3.0E-4],"evs":[0.0,-3.91751]},"Q7o":{"weight":0.0,"played":[0.9999,1.0E-4],"evs":[0.0,-2.83994]},"K7o":{"weight":0.0,"played":[0.9998,2.0E-4],"evs":[0.0,-3.1638]},"A7o":{"weight":0.0,"played":[1.0,0.0],"evs":[0.0,-3.64884]},"82s":{"weight":0.0,"played":[0.9956,0.0044],"evs":[0.0,-3.03351]},"83s":{"weight":0.0,"played":[0.999,0.001],"evs":[0.0,-3.40603]},"84s":{"weight":0.0,"played":[0.9313,0.0687],"evs":[0.0,-2.36719]},"85s":{"weight":0.0,"played":[0.9687,0.0313],"evs":[0.0,-1.23416]},"86s":{"weight":0.0,"played":[0.7005,0.2995],"evs":[0.0,-1.20026]},"87s":{"weight":0.0,"played":[0.6202,0.3798],"evs":[0.0,-1.02652]},"88":{"weight":3.0E-4,"played":[1.0E-4,0.9999],"evs":[0.0,3.33343]},"98o":{"weight":0.0,"played":[0.9999,1.0E-4],"evs":[0.0,-1.95471]},"T8o":{"weight":0.0,"played":[0.9907,0.0093],"evs":[0.0,-1.65534]},"J8o":{"weight":0.0,"played":[1.0,0.0],"evs":[0.0,-3.18065]},"Q8o":{"weight":0.0,"played":[0.9988,0.0012],"evs":[0.0,-3.21019]},"K8o":{"weight":0.0,"played":[0.9998,2.0E-4],"evs":[0.0,-3.49433]},"A8o":{"weight":0.0,"played":[1.0,0.0],"evs":[0.0,-2.30443]},"92s":{"weight":0.0,"played":[0.9991,9.0E-4],"evs":[0.0,-4.03919]},"93s":{"weight":0.0,"played":[0.9623,0.0377],"evs":[0.0,-2.13848]},"94s":{"weight":0.0,"played":[0.9998,2.0E-4],"evs":[0.0,-3.61259]},"95s":{"weight":0.0,"played":[0.9981,0.0019],"evs":[0.0,-4.03734]},"96s":{"weight":0.0,"played":[0.9252,0.0748],"evs":[0.0,-0.21804]},"97s":{"weight":0.0,"played":[0.9958,0.0042],"evs":[0.0,-1.41224]},"98s":{"weight":0.0,"played":[0.4949,0.5051],"evs":[0.0,-0.33556]},"99":{"weight":0.0,"played":[0.0,1.0],"evs":[0.0,4.82578]},"T9o":{"weight":0.0,"played":[0.9863,0.0137],"evs":[0.0,-1.58238]},"J9o":{"weight":0.0,"played":[0.9881,0.0119],"evs":[0.0,-2.8894]},"Q9o":{"weight":0.0,"played":[0.9935,0.0065],"evs":[0.0,-3.21546]},"K9o":{"weight":0.0,"played":[0.9881,0.0119],"evs":[0.0,-3.3208]},"A9o":{"weight":0.0,"played":[0.9867,0.0133],"evs":[0.0,-1.75256]},"T2s":{"weight":0.0,"played":[0.9173,0.0827],"evs":[0.0,-3.42734]},"T3s":{"weight":0.0,"played":[0.9967,0.0033],"evs":[0.0,-2.17556]},"T4s":{"weight":0.0,"played":[0.9965,0.0035],"evs":[0.0,-3.19079]},"T5s":{"weight":0.0,"played":[0.9877,0.0123],"evs":[0.0,-2.94059]},"T6s":{"weight":0.0,"played":[0.997,0.003],"evs":[0.0,-1.80394]},"T7s":{"weight":0.0,"played":[0.8226,0.1774],"evs":[0.0,-1.24586]},"T8s":{"weight":0.0,"played":[0.709,0.291],"evs":[0.0,-2.10741]},"T9s":{"weight":0.0,"played":[0.2987,0.7013],"evs":[0.0,0.34321]},"TT":{"weight":0.0,"played":[0.0,1.0],"evs":[0.0,6.57592]},"JTo":{"weight":0.0,"played":[0.9719,0.0281],"evs":[0.0,-2.80729]},"QTo":{"weight":0.0,"played":[0.9877,0.0123],"evs":[0.0,-1.90525]},"KTo":{"weight":0.0,"played":[0.905,0.095],"evs":[0.0,-1.65319]},"ATo":{"weight":0.1869,"played":[0.8997,0.1003],"evs":[0.0,-0.49885]},"J2s":{"weight":0.0,"played":[0.9887,0.0113],"evs":[0.0,-1.88678]},"J3s":{"weight":0.0,"played":[0.9813,0.0187],"evs":[0.0,-1.97835]},"J4s":{"weight":0.0,"played":[0.9388,0.0612],"evs":[0.0,-2.57176]},"J5s":{"weight":0.0,"played":[0.9779,0.0221],"evs":[0.0,-3.48025]},"J6s":{"weight":0.0,"played":[0.9947,0.0053],"evs":[0.0,-1.76768]},"J7s":{"weight":0.0,"played":[0.9905,0.0095],"evs":[0.0,-2.29888]},"J8s":{"weight":0.0,"played":[0.4589,0.5411],"evs":[0.0,-1.19973]},"J9s":{"weight":0.0,"played":[0.708,0.292],"evs":[0.0,-0.42042]},"JTs":{"weight":0.0,"played":[0.5634,0.4366],"evs":[0.0,-0.98398]},"JJ":{"weight":0.0,"played":[3.0E-4,0.9997],"evs":[0.0,6.81112]},"QJo":{"weight":0.0,"played":[0.5322,0.4678],"evs":[0.0,-0.65168]},"KJo":{"weight":0.0,"played":[0.8376,0.1624],"evs":[0.0,-0.90026]},"AJo":{"weight":0.0018,"played":[0.3584,0.6416],"evs":[0.0,-0.06543]},"Q2s":{"weight":0.0,"played":[0.9455,0.0545],"evs":[0.0,-1.34028]},"Q3s":{"weight":0.0,"played":[0.9656,0.0344],"evs":[0.0,-2.60516]},"Q4s":{"weight":0.0,"played":[0.9983,0.0017],"evs":[0.0,-0.3439]},"Q5s":{"weight":0.0,"played":[0.9903,0.0097],"evs":[0.0,-3.40614]},"Q6s":{"weight":0.0,"played":[0.9962,0.0038],"evs":[0.0,-1.21425]},"Q7s":{"weight":0.0,"played":[0.9999,1.0E-4],"evs":[0.0,-1.93471]},"Q8s":{"weight":0.0,"played":[0.0183,0.9817],"evs":[0.0,1.26331]},"Q9s":{"weight":0.0,"played":[0.7012,0.2988],"evs":[0.0,0.07051]},"QTs":{"weight":0.2012,"played":[0.6627,0.3373],"evs":[0.0,-0.91046]},"QJs":{"weight":0.9996,"played":[0.4339,0.5661],"evs":[0.0,0.19906]},"QQ":{"weight":2.0E-4,"played":[1.0E-4,0.9999],"evs":[0.0,11.95231]},"KQo":{"weight":0.6707,"played":[0.0567,0.9433],"evs":[0.0,0.25889]},"AQo":{"weight":0.0,"played":[6.0E-4,0.9994],"evs":[0.0,3.27734]},"K2s":{"weight":0.0,"played":[0.9989,0.0011],"evs":[0.0,-3.3323]},"K3s":{"weight":0.0,"played":[0.9935,0.0065],"evs":[0.0,-0.74502]},"K4s":{"weight":0.0,"played":[0.9608,0.0392],"evs":[0.0,-2.38497]},"K5s":{"weight":0.0,"played":[0.8223,0.1777],"evs":[0.0,-1.13577]},"K6s":{"weight":0.0,"played":[0.9608,0.0392],"evs":[0.0,-3.05037]},"K7s":{"weight":0.0,"played":[0.6329,0.3671],"evs":[0.0,0.25944]},"K8s":{"weight":0.0,"played":[0.8152,0.1848],"evs":[0.0,-1.67783]},"K9s":{"weight":0.0081,"played":[0.7343,0.2657],"evs":[0.0,0.84775]},"KTs":{"weight":0.9956,"played":[0.1159,0.8841],"evs":[0.0,0.14867]},"KJs":{"weight":0.9998,"played":[0.0,1.0],"evs":[0.0,1.25774]},"KQs":{"weight":0.3009,"played":[0.1598,0.8402],"evs":[0.0,1.20581]},"KK":{"weight":5.0E-4,"played":[0.0,1.0],"evs":[0.0,16.27907]},"AKo":{"weight":0.0,"played":[6.0E-4,0.9994],"evs":[0.0,3.93714]},"A2s":{"weight":1.0E-4,"played":[0.9913,0.0087],"evs":[0.0,-2.63486]},"A3s":{"weight":0.0,"played":[0.998,0.002],"evs":[0.0,-2.41447]},"A4s":{"weight":1.0E-4,"played":[0.8351,0.1649],"evs":[0.0,-1.39627]},"A5s":{"weight":0.0025,"played":[0.7132,0.2868],"evs":[0.0,-0.04552]},"A6s":{"weight":0.0,"played":[0.6579,0.3421],"evs":[0.0,-1.98142]},"A7s":{"weight":0.1942,"played":[0.948,0.052],"evs":[0.0,-1.35197]},"A8s":{"weight":0.9273,"played":[0.6415,0.3585],"evs":[0.0,-0.28299]},"A9s":{"weight":0.6849,"played":[0.0738,0.9262],"evs":[0.0,0.12713]},"ATs":{"weight":0.0363,"played":[0.0542,0.9458],"evs":[0.0,0.83711]},"AJs":{"weight":0.024,"played":[0.0056,0.9944],"evs":[0.0,1.63]},"AQs":{"weight":0.0,"played":[5.0E-4,0.9995],"evs":[0.0,2.99957]},"AKs":{"weight":0.0,"played":[2.0E-4,0.9998],"evs":[0.0,7.90747]},"AA":{"weight":0.0099,"played":[0.0,1.0],"evs":[0.0,21.99178]}}}