{"player":1,"street":0,"children":2,"sequence":[{"player":0,"type":"R","amount":200000,"street":0},{"player":1,"type":"C","amount":200000,"street":0},{"player":2,"type":"C","amount":200000,"street":0},{"player":3,"type":"R","amount":1635000,"street":0},{"player":4,"type":"C","amount":915000,"street":0},{"player":0,"type":"R","amount":2165000,"street":0}],"actions":[{"type":"F","amount":0,"node":200},{"type":"C","amount":1805000,"node":201}],"hands":{"22":{"weight":0.0,"played":[0.5126,0.4874],"evs":[0.0,0.68379]},"32o":{"weight":0.0,"played":[0.9957,0.0043],"evs":[0.0,-7.59843]},"42o":{"weight":0.0,"played":[0.9987,0.0013],"evs":[0.0,-6.50742]},"52o":{"weight":0.0,"played":[0.9581,0.0419],"evs":[0.0,-4.70387]},"62o":{"weight":0.0,"played":[1.0,0.0],"evs":[0.0,-5.87878]},"72o":{"weight":0.0,"played":[1.0,0.0],"evs":[0.0,-8.04702]},"82o":{"weight":0.0,"played":[1.0,0.0],"evs":[0.0,-9.75436]},"92o":{"weight":0.0,"played":[0.9927,0.0073],"evs":[0.0,-4.37842]},"T2o":{"weight":0.0,"played":[0.996,0.004],"evs":[0.0,-8.41156]},"J2o":{"weight":0.0,"played":[0.977,0.023],"evs":[0.0,-5.82818]},"Q2o":{"weight":0.0,"played":[1.0,0.0],"evs":[0.0,-3.71815]},"K2o":{"weight":0.0,"played":[0.9992,8.0E-4],"evs":[0.0,-7.4725]},"A2o":{"weight":0.0,"played":[0.9794,0.0206],"evs":[0.0,-7.98751]},"32s":{"weight":0.0,"played":[0.7787,0.2213],"evs":[0.0,-0.28898]},"33":{"weight":0.9041,"played":[0.3308,0.6692],"evs":[0.0,1.28027]},"43o":{"weight":0.0,"played":[0.9993,7.0E-4],"evs":[0.0,-5.14666]},"53o":{"weight":0.0,"played":[0.9848,0.0152],"evs":[0.0,-4.65775]},"63o":{"weight":0.0,"played":[1.0,0.0],"evs":[0.0,-5.78863]},"73o":{"weight":0.0,"played":[1.0,0.0],"evs":[0.0,-8.20983]},"83o":{"weight":0.0,"played":[0.9994,6.0E-4],"evs":[0.0,-5.13941]},"93o":{"weight":0.0,"played":[0.9817,0.0183],"evs":[0.0,-9.62177]},"T3o":{"weight":0.0,"played":[1.0,0.0],"evs":[0.0,-9.56892]},"J3o":{"weight":0.0,"played":[0.9997,3.0E-4],"evs":[0.0,-9.01266]},"Q3o":{"weight":0.0,"played":[0.9969,0.0031],"evs":[0.0,-8.44481]},"K3o":{"weight":0.0,"played":[0.9712,0.0288],"evs":[0.0,-7.20139]},"A3o":{"weight":0.0,"played":[0.9612,0.0388],"evs":[0.0,-6.53419]},"42s":{"weight":0.0,"played":[0.9507,0.0493],"evs":[0.0,-5.89054]},"43s":{"weight":0.0,"played":[0.4573,0.5427],"evs":[0.0,2.52241]},"44":{"weight":0.9987,"played":[0.0103,0.9897],"evs":[0.0,1.72974]},"54o":{"weight":0.0,"played":[0.6475,0.3525],"evs":[0.0,0.37951]},"64o":{"weight":0.0,"played":[0.9842,0.0158],"evs":[0.0,-3.68522]},"74o":{"weight":0.0,"played":[0.9982,0.0018],"evs":[0.0,-7.35306]},"84o":{"weight":0.0,"played":[0.9959,0.0041],"evs":[0.0,-4.47777]},"94o":{"weight":0.0,"played":[1.0,0.0],"evs":[0.0,-10.24427]},"T4o":{"weight":0.0,"played":[0.9925,0.0075],"evs":[0.0,-7.43353]},"J4o":{"weight":0.0,"played":[1.0,0.0],"evs":[0.0,-5.47337]},"Q4o":{"weight":0.0,"played":[0.9655,0.0345],"evs":[0.0,-7.61259]},"K4o":{"weight":0.0,"played":[0.9992,8.0E-4],"evs":[0.0,-6.5404]},"A4o":{"weight":0.0,"played":[0.9839,0.0161],"evs":[0.0,-4.21966]},"52s":{"weight":0.0,"played":[0.7579,0.2421],"evs":[0.0,-1.69945]},"53s":{"weight":0.0,"played":[0.6252,0.3748],"evs":[0.0,-2.59324]},"54s":{"weight":0.0,"played":[0.5443,0.4557],"evs":[0.0,-0.43634]},"55":{"weight":0.59,"played":[0.55,0.45],"evs":[0.0,2.88807]},"65o":{"weight":0.0,"played":[0.9418,0.0582],"evs":[0.0,-4.85821]},"75o":{"weight":0.0,"played":[0.9993,7.0E-4],"evs":[0.0,-7.65643]},"85o":{"weight":0.0,"played":[0.9898,0.0102],"evs":[0.0,-7.82062]},"95o":{"weight":0.0,"played":[0.9914,0.0086],"evs":[0.0,-5.6399]},"T5o":{"weight":0.0,"played":[0.9643,0.0357],"evs":[0.0,-5.63244]},"J5o":{"weight":0.0,"played":[0.9723,0.0277],"evs":[0.0,-7.87034]},"Q5o":{"weight":0.0,"played":[0.955,0.045],"evs":[0.0,-6.21301]},"K5o":{"weight":0.0,"played":[0.9882,0.0118],"evs":[0.0,-5.97466]},"A5o":{"weight":0.0,"played":[0.988,0.012],"evs":[0.0,-7.60944]},"62s":{"weight":0.0,"played":[0.8107,0.1893],"evs":[0.0,-1.66205]},"63s":{"weight":0.0,"played":[0.16,0.84],"evs":[0.0,4.16358]},"64s":{"weight":0.0,"played":[0.2072,0.7928],"evs":[0.0,3.46398]},"65s":{"weight":0.001,"played":[0.0038,0.9962],"evs":[0.0,3.65544]},"66":{"weight":0.8013,"played":[0.045,0.955],"evs":[0.0,1.75632]},"76o":{"weight":0.0,"played":[0.9966,0.0034],"evs":[0.0,-0.12659]},"86o":{"weight":0.0,"played":[0.7368,0.2632],"evs":[0.0,-4.24933]},"96o":{"weight":0.0,"played":[0.9979,0.0021],"evs":[0.0,-4.30541]},"T6o":{"weight":0.0,"played":[0.9997,3.0E-4],"evs":[0.0,-6.70067]},"J6o":{"weight":0.0,"played":[0.9999,1.0E-4],"evs":[0.0,-4.43321]},"Q6o":{"weight":0.0,"played":[0.9978,0.0022],"evs":[0.0,-5.33993]},"K6o":{"weight":0.0,"played":[0.9936,0.0064],"evs":[0.0,-5.4026]},"A6o":{"weight":0.0,"played":[0.9946,0.0054],"evs":[0.0,-3.65616]},"72s":{"weight":0.0,"played":[0.9949,0.0051],"evs":[0.0,-3.73601]},"73s":{"weight":0.0,"played":[0.9419,0.0581],"evs":[0.0,-2.57203]},"74s":{"weight":0.0,"played":[0.981,0.019],"evs":[0.0,-0.4977]},"75s":{"weight":0.0,"played":[0.1108,0.8892],"evs":[0.0,3.37328]},"76s":{"weight":0.0,"played":[0.439,0.561],"evs":[0.0,3.90828]},"77":{"weight":0.987,"played":[0.0039,0.9961],"evs":[0.0,3.6022]},"87o":{"weight":0.0,"played":[0.8465,0.1535],"evs":[0.0,-2.34477]},"97o":{"weight":0.0,"played":[0.7285,0.2715],"evs":[0.0,-3.3561]},"T7o":{"weight":0.0,"played":[0.9932,0.0068],"evs":[0.0,-4.92693]},"J7o":{"weight":0.0,"played":[0.9741,0.0259],"evs":[0.0,-6.27838]},"Q7o":{"weight":0.0,"played":[0.9952,0.0048],"evs":[0.0,-5.55203]},"K7o":{"weight":0.0,"played":[0.8807,0.1193],"evs":[0.0,-6.49537]},"A7o":{"weight":0.0,"played":[0.9924,0.0076],"evs":[0.0,-5.47194]},"82s":{"weight":0.0,"played":[0.9736,0.0264],"evs":[0.0,-6.85081]},"83s":{"weight":0.0,"played":[0.9652,0.0348],"evs":[0.0,-7.24691]},"84s":{"weight":0.0,"played":[0.9984,0.0016],"evs":[0.0,-7.88476]},"85s":{"weight":0.0,"played":[0.0523,0.9477],"evs":[0.0,1.42917]},"86s":{"weight":0.0,"played":[0.438,0.562],"evs":[0.0,1.31034]},"87s":{"weight":0.001,"played":[0.2214,0.7786],"evs":[0.0,4.53658]},"88":{"weight":0.9974,"played":[0.0025,0.9975],"evs":[0.0,8.05358]},"98o":{"weight":0.0,"played":[0.8856,0.1144],"evs":[0.0,-2.41628]},"T8o":{"weight":0.0,"played":[0.8242,0.1758],"evs":[0.0,0.24642]},"J8o":{"weight":0.0,"played":[0.9887,0.0113],"evs":[0.0,-3.89631]},"Q8o":{"weight":0.0,"played":[0.9982,0.0018],"evs":[0.0,-4.34184]},"K8o":{"weight":0.0,"played":[0.9908,0.0092],"evs":[0.0,-5.71061]},"A8o":{"weight":0.0,"played":[0.889,0.111],"evs":[0.0,-5.0251]},"92s":{"weight":0.0,"played":[0.9965,0.0035],"evs":[0.0,-4.71171]},"93s":{"weight":0.0,"played":[0.4607,0.5393],"evs":[0.0,-2.95153]},"94s":{"weight":0.0,"played":[0.6923,0.3077],"evs":[0.0,-4.00547]},"95s":{"weight":0.0,"played":[0.9838,0.0162],"evs":[0.0,-5.7272]},"96s":{"weight":0.0,"played":[0.936,0.064],"evs":[0.0,-0.5566]},"97s":{"weight":0.0,"played":[0.1316,0.8684],"evs":[0.0,1.28835]},"98s":{"weight":0.5458,"played":[0.0332,0.9668],"evs":[0.0,5.66755]},"99":{"weight":0.0,"played":[0.016,0.984],"evs":[0.0,10.51072]},"T9o":{"weight":0.0,"played":[0.9927,0.0073],"evs":[0.0,-4.74355]},"J9o":{"weight":0.0,"played":[0.9965,0.0035],"evs":[0.0,-1.96968]},"Q9o":{"weight":0.0,"played":[0.9963,0.0037],"evs":[0.0,-3.80526]},"K9o":{"weight":0.0,"played":[0.9654,0.0346],"evs":[0.0,-9.06779]},"A9o":{"weight":0.261,"played":[0.6962,0.3038],"evs":[0.0,-2.7753]},"T2s":{"weight":0.0,"played":[0.9998,2.0E-4],"evs":[0.0,-4.87703]},"T3s":{"weight":0.0,"played":[0.1156,0.8844],"evs":[0.0,0.51303]},"T4s":{"weight":0.0,"played":[0.9418,0.0582],"evs":[0.0,-3.72626]},"T5s":{"weight":0.0,"played":[0.839,0.161],"evs":[0.0,-1.24148]},"T6s":{"weight":0.0,"played":[0.6409,0.3591],"evs":[0.0,-0.89086]},"T7s":{"weight":0.0,"played":[0.9389,0.0611],"evs":[0.0,-1.29401]},"T8s":{"weight":0.0,"played":[0.2829,0.7171],"evs":[0.0,-0.47966]},"T9s":{"weight":0.9962,"played":[0.0737,0.9263],"evs":[0.0,0.52255]},"TT":{"weight":0.0,"played":[0.0012,0.9988],"evs":[0.0,7.62483]},"JTo":{"weight":0.0,"played":[0.9804,0.0196],"evs":[0.0,-0.7431]},"QTo":{"weight":0.0,"played":[0.8497,0.1503],"evs":[0.0,-5.16434]},"KTo":{"weight":0.0,"played":[0.9886,0.0114],"evs":[0.0,-6.2184]},"ATo":{"weight":0.943,"played":[0.6235,0.3765],"evs":[0.0,-0.81069]},"J2s":{"weight":0.0,"played":[0.806,0.194],"evs":[0.0,-0.69917]},"J3s":{"weight":0.0,"played":[0.9984,0.0016],"evs":[0.0,-6.62374]},"J4s":{"weight":0.0,"played":[0.9157,0.0843],"evs":[0.0,-8.51018]},"J5s":{"weight":0.0,"played":[0.7863,0.2137],"evs":[0.0,-3.72619]},"J6s":{"weight":0.0,"played":[0.8558,0.1442],"evs":[0.0,-5.49718]},"J7s":{"weight":0.0,"played":[0.9503,0.0497],"evs":[0.0,-2.47988]},"J8s":{"weight":0.0,"played":[0.9319,0.0681],"evs":[0.0,1.38869]},"J9s":{"weight":0.9967,"played":[0.9073,0.0927],"evs":[0.0,-1.02251]},"JTs":{"weight":0.921,"played":[0.1614,0.8386],"evs":[0.0,0.15269]},"JJ":{"weight":0.0,"played":[0.0012,0.9988],"evs":[0.0,14.8276]},"QJo":{"weight":0.571,"played":[0.7795,0.2205],"evs":[0.0,-2.14756]},"KJo":{"weight":1.0,"played":[0.9516,0.0484],"evs":[0.0,-1.36633]},"AJo":{"weight":0.152,"played":[5.0E-4,0.9995],"evs":[0.0,2.7762]},"Q2s":{"weight":0.0,"played":[0.6167,0.3833],"evs":[0.0,-1.6169]},"Q3s":{"weight":0.0,"played":[0.9859,0.0141],"evs":[0.0,-5.81521]},"Q4s":{"weight":0.0,"played":[0.8526,0.1474],"evs":[0.0,-3.57497]},"Q5s":{"weight":0.0,"played":[0.9818,0.0182],"evs":[0.0,-5.54991]},"Q6s":{"weight":0.0,"played":[1.0,0.0],"evs":[0.0,-4.36446]},"Q7s":{"weight":0.0,"played":[0.9706,0.0294],"evs":[0.0,-7.81065]},"Q8s":{"weight":0.0,"played":[0.2592,0.7408],"evs":[0.0,-0.80496]},"Q9s":{"weight":0.9667,"played":[0.311,0.689],"evs":[0.0,1.9689]},"QTs":{"weight":0.8501,"played":[0.3563,0.6437],"evs":[0.0,0.11188]},"QJs":{"weight":0.6164,"played":[0.4999,0.5001],"evs":[0.0,-2.14032]},"QQ":{"weight":0.7511,"played":[0.0,1.0],"evs":[0.0,20.15094]},"KQo":{"weight":0.2263,"played":[0.6496,0.3504],"evs":[0.0,-2.45153]},"AQo":{"weight":0.0046,"played":[0.0043,0.9957],"evs":[0.0,0.11219]},"K2s":{"weight":0.0,"played":[0.7852,0.2148],"evs":[0.0,-4.52837]},"K3s":{"weight":0.0,"played":[0.367,0.633],"evs":[0.0,-1.37844]},"K4s":{"weight":0.0,"played":[0.8249,0.1751],"evs":[0.0,-1.81687]},"K5s":{"weight":0.0,"played":[0.9744,0.0256],"evs":[0.0,-0.88931]},"K6s":{"weight":0.0,"played":[0.5153,0.4847],"evs":[0.0,-0.97524]},"K7s":{"weight":0.0,"played":[0.2565,0.7435],"evs":[0.0,3.92722]},"K8s":{"weight":0.0,"played":[0.6061,0.3939],"evs":[0.0,-1.5177]},"K9s":{"weight":0.9744,"played":[0.7019,0.2981],"evs":[0.0,-0.39961]},"KTs":{"weight":0.9688,"played":[0.6551,0.3449],"evs":[0.0,-0.44568]},"KJs":{"weight":0.9793,"played":[0.0979,0.9021],"evs":[0.0,5.23147]},"KQs":{"weight":0.9293,"played":[0.552,0.448],"evs":[0.0,0.94403]},"KK":{"weight":1.0,"played":[0.0,1.0],"evs":[0.0,32.11963]},"AKo":{"weight":0.0,"played":[0.0016,0.9984],"evs":[0.0,2.99574]},"A2s":{"weight":0.0,"played":[0.5731,0.4269],"evs":[0.0,4.45584]},"A3s":{"weight":0.1,"played":[0.5798,0.4202],"evs":[0.0,1.1745]},"A4s":{"weight":0.69,"played":[0.1351,0.8649],"evs":[0.0,5.22908]},"A5s":{"weight":0.0277,"played":[0.611,0.389],"evs":[0.0,1.17833]},"A6s":{"weight":0.9931,"played":[0.4245,0.5755],"evs":[0.0,5.54052]},"A7s":{"weight":0.9984,"played":[0.6872,0.3128],"evs":[0.0,-0.89689]},"A8s":{"weight":0.9996,"played":[0.8252,0.1748],"evs":[0.0,0.1651]},"A9s":{"weight":0.9994,"played":[0.8665,0.1335],"evs":[0.0,-0.08083]},"ATs":{"weight":0.9998,"played":[0.0268,0.9732],"evs":[0.0,3.34022]},"AJs":{"weight":0.9993,"played":[0.002,0.998],"evs":[0.0,3.67461]},"AQs":{"weight":0.9978,"played":[4.0E-4,0.9996],"evs":[0.0,9.9975]},"AKs":{"weight":0.1647,"played":[0.0,1.0],"evs":[0.0,7.19676]},"AA":{"weight":1.0,"played":[1.0E-4,0.9999],"evs":[0.0,41.46953]}}}