{"player":4,"street":0,"children":2,"sequence":[{"player":0,"type":"F","amount":0,"street":0},{"player":1,"type":"F","amount":0,"street":0},{"player":2,"type":"R","amount":1345000,"street":0},{"player":3,"type":"F","amount":0,"street":0}],"actions":[{"type":"F","amount":0},{"type":"C","amount":915000}],"hands":{"22":{"weight":1.0,"played":[0.0,1.0],"evs":[0.0,0.85925]},"32o":{"weight":1.0,"played":[1.0,0.0],"evs":[0.0,-3.68307]},"42o":{"weight":1.0,"played":[1.0,0.0],"evs":[0.0,-3.49622]},"52o":{"weight":1.0,"played":[1.0,0.0],"evs":[0.0,-3.29864]},"62o":{"weight":1.0,"played":[1.0,0.0],"evs":[0.0,-3.56036]},"72o":{"weight":1.0,"played":[1.0,0.0],"evs":[0.0,-3.67291]},"82o":{"weight":1.0,"played":[1.0,0.0],"evs":[0.0,-3.47019]},"92o":{"weight":1.0,"played":[1.0,0.0],"evs":[0.0,-3.33697]},"T2o":{"weight":1.0,"played":[1.0,0.0],"evs":[0.0,-3.11952]},"J2o":{"weight":1.0,"played":[1.0,0.0],"evs":[0.0,-2.92791]},"Q2o":{"weight":1.0,"played":[1.0,0.0],"evs":[0.0,-2.66442]},"K2o":{"weight":1.0,"played":[1.0,0.0],"evs":[0.0,-1.91115]},"A2o":{"weight":1.0,"played":[0.0,1.0],"evs":[0.0,0.14812]},"32s":{"weight":1.0,"played":[1.0,0.0],"evs":[0.0,-2.70671]},"33":{"weight":1.0,"played":[0.0,1.0],"evs":[0.0,1.44787]},"43o":{"weight":1.0,"played":[1.0,0.0],"evs":[0.0,-3.05695]},"53o":{"weight":1.0,"played":[1.0,0.0],"evs":[0.0,-2.86833]},"63o":{"weight":1.0,"played":[1.0,0.0],"evs":[0.0,-3.11155]},"73o":{"weight":1.0,"played":[1.0,0.0],"evs":[0.0,-3.23944]},"83o":{"weight":1.0,"played":[1.0,0.0],"evs":[0.0,-3.38142]},"93o":{"weight":1.0,"played":[1.0,0.0],"evs":[0.0,-3.14856]},"T3o":{"weight":1.0,"played":[1.0,0.0],"evs":[0.0,-2.96467]},"J3o":{"weight":1.0,"played":[1.0,0.0],"evs":[0.0,-2.77625]},"Q3o":{"weight":1.0,"played":[1.0,0.0],"evs":[0.0,-2.46643]},"K3o":{"weight":1.0,"played":[1.0,0.0],"evs":[0.0,-1.72651]},"A3o":{"weight":1.0,"played":[0.0,1.0],"evs":[0.0,0.30464]},"42s":{"weight":1.0,"played":[1.0,0.0],"evs":[0.0,-2.5082]},"43s":{"weight":1.0,"played":[1.0,0.0],"evs":[0.0,-2.1008]},"44":{"weight":1.0,"played":[0.0,1.0],"evs":[0.0,2.00205]},"54o":{"weight":1.0,"played":[1.0,0.0],"evs":[0.0,-2.42964]},"64o":{"weight":1.0,"played":[1.0,0.0],"evs":[0.0,-2.67358]},"74o":{"weight":1.0,"played":[1.0,0.0],"evs":[0.0,-2.77964]},"84o":{"weight":1.0,"played":[1.0,0.0],"evs":[0.0,-2.95629]},"94o":{"weight":1.0,"played":[1.0,0.0],"evs":[0.0,-3.03832]},"T4o":{"weight":1.0,"played":[1.0,0.0],"evs":[0.0,-2.79769]},"J4o":{"weight":1.0,"played":[1.0,0.0],"evs":[0.0,-2.58616]},"Q4o":{"weight":1.0,"played":[1.0,0.0],"evs":[0.0,-2.32782]},"K4o":{"weight":1.0,"played":[1.0,0.0],"evs":[0.0,-1.56544]},"A4o":{"weight":1.0,"played":[0.0,1.0],"evs":[0.0,0.49788]},"52s":{"weight":1.0,"played":[1.0,0.0],"evs":[0.0,-2.36006]},"53s":{"weight":1.0,"played":[1.0,0.0],"evs":[0.0,-1.953]},"54s":{"weight":1.0,"played":[1.0,0.0],"evs":[0.0,-1.5318]},"55":{"weight":1.0,"played":[0.0,1.0],"evs":[0.0,2.62985]},"65o":{"weight":1.0,"played":[1.0,0.0],"evs":[0.0,-2.23942]},"75o":{"weight":1.0,"played":[1.0,0.0],"evs":[0.0,-2.37462]},"85o":{"weight":1.0,"played":[1.0,0.0],"evs":[0.0,-2.5119]},"95o":{"weight":1.0,"played":[1.0,0.0],"evs":[0.0,-2.60299]},"T5o":{"weight":1.0,"played":[1.0,0.0],"evs":[0.0,-2.68914]},"J5o":{"weight":1.0,"played":[1.0,0.0],"evs":[0.0,-2.41705]},"Q5o":{"weight":1.0,"played":[1.0,0.0],"evs":[0.0,-2.13311]},"K5o":{"weight":1.0,"played":[1.0,0.0],"evs":[0.0,-1.37546]},"A5o":{"weight":1.0,"played":[0.0,1.0],"evs":[0.0,0.78245]},"62s":{"weight":1.0,"played":[1.0,0.0],"evs":[0.0,-2.5371]},"63s":{"weight":1.0,"played":[1.0,0.0],"evs":[0.0,-2.13028]},"64s":{"weight":1.0,"played":[1.0,0.0],"evs":[0.0,-1.72788]},"65s":{"weight":1.0,"played":[1.0,0.0],"evs":[0.0,-1.32011]},"66":{"weight":1.0,"played":[0.0,1.0],"evs":[0.0,3.15101]},"76o":{"weight":1.0,"played":[1.0,0.0],"evs":[0.0,-1.96077]},"86o":{"weight":1.0,"played":[1.0,0.0],"evs":[0.0,-2.08845]},"96o":{"weight":1.0,"played":[1.0,0.0],"evs":[0.0,-2.20041]},"T6o":{"weight":1.0,"played":[1.0,0.0],"evs":[0.0,-2.24002]},"J6o":{"weight":1.0,"played":[1.0,0.0],"evs":[0.0,-2.32214]},"Q6o":{"weight":1.0,"played":[1.0,0.0],"evs":[0.0,-1.9647]},"K6o":{"weight":1.0,"played":[1.0,0.0],"evs":[0.0,-1.19512]},"A6o":{"weight":1.0,"played":[0.0,1.0],"evs":[0.0,0.95092]},"72s":{"weight":1.0,"played":[1.0,0.0],"evs":[0.0,-2.70008]},"73s":{"weight":1.0,"played":[1.0,0.0],"evs":[0.0,-2.31306]},"74s":{"weight":1.0,"played":[1.0,0.0],"evs":[0.0,-1.85312]},"75s":{"weight":1.0,"played":[1.0,0.0],"evs":[0.0,-1.42986]},"76s":{"weight":1.0,"played":[1.0,0.0],"evs":[0.0,-1.059]},"77":{"weight":1.0,"played":[0.0,1.0],"evs":[0.0,3.75814]},"87o":{"weight":1.0,"played":[1.0,0.0],"evs":[0.0,-1.68084]},"97o":{"weight":1.0,"played":[1.0,0.0],"evs":[0.0,-1.78467]},"T7o":{"weight":1.0,"played":[1.0,0.0],"evs":[0.0,-1.85245]},"J7o":{"weight":1.0,"played":[1.0,0.0],"evs":[0.0,-1.89352]},"Q7o":{"weight":1.0,"played":[1.0,0.0],"evs":[0.0,-1.89121]},"K7o":{"weight":1.0,"played":[1.0,0.0],"evs":[0.0,-0.95972]},"A7o":{"weight":1.0,"played":[0.0,1.0],"evs":[0.0,1.59516]},"82s":{"weight":1.0,"played":[1.0,0.0],"evs":[0.0,-2.49352]},"83s":{"weight":1.0,"played":[1.0,0.0],"evs":[0.0,-2.36425]},"84s":{"weight":1.0,"played":[1.0,0.0],"evs":[0.0,-2.04057]},"85s":{"weight":1.0,"played":[1.0,0.0],"evs":[0.0,-1.5882]},"86s":{"weight":1.0,"played":[1.0,0.0],"evs":[0.0,-1.19943]},"87s":{"weight":1.0,"played":[1.0,0.0],"evs":[0.0,-0.8189]},"88":{"weight":1.0,"played":[0.0,1.0],"evs":[0.0,4.46697]},"98o":{"weight":1.0,"played":[1.0,0.0],"evs":[0.0,-1.38746]},"T8o":{"weight":1.0,"played":[1.0,0.0],"evs":[0.0,-1.42883]},"J8o":{"weight":1.0,"played":[1.0,0.0],"evs":[0.0,-1.48269]},"Q8o":{"weight":1.0,"played":[1.0,0.0],"evs":[0.0,-1.43201]},"K8o":{"weight":1.0,"played":[1.0,0.0],"evs":[0.0,-0.79288]},"A8o":{"weight":1.0,"played":[0.0,1.0],"evs":[0.0,2.29194]},"92s":{"weight":1.0,"played":[1.0,0.0],"evs":[0.0,-2.3117]},"93s":{"weight":1.0,"played":[1.0,0.0],"evs":[0.0,-2.16789]},"94s":{"weight":1.0,"played":[1.0,0.0],"evs":[0.0,-2.06266]},"95s":{"weight":1.0,"played":[1.0,0.0],"evs":[0.0,-1.65441]},"96s":{"weight":1.0,"played":[1.0,0.0],"evs":[0.0,-1.25081]},"97s":{"weight":1.0,"played":[1.0,0.0],"evs":[0.0,-0.84914]},"98s":{"weight":1.0,"played":[1.0,0.0],"evs":[0.0,-0.51945]},"99":{"weight":1.0,"played":[0.0,1.0],"evs":[0.0,5.19905]},"T9o":{"weight":1.0,"played":[1.0,0.0],"evs":[0.0,-0.95731]},"J9o":{"weight":1.0,"played":[1.0,0.0],"evs":[0.0,-1.02467]},"Q9o":{"weight":1.0,"played":[1.0,0.0],"evs":[0.0,-0.96022]},"K9o":{"weight":1.0,"played":[0.9998,2.0E-4],"evs":[0.0,-0.24217]},"A9o":{"weight":1.0,"played":[0.0,1.0],"evs":[0.0,3.036]},"T2s":{"weight":1.0,"played":[1.0,0.0],"evs":[0.0,-2.17195]},"T3s":{"weight":1.0,"played":[1.0,0.0],"evs":[0.0,-2.00502]},"T4s":{"weight":1.0,"played":[1.0,0.0],"evs":[0.0,-1.79936]},"T5s":{"weight":1.0,"played":[1.0,0.0],"evs":[0.0,-1.74636]},"T6s":{"weight":1.0,"played":[1.0,0.0],"evs":[0.0,-1.38905]},"T7s":{"weight":1.0,"played":[1.0,0.0],"evs":[0.0,-0.996]},"T8s":{"weight":1.0,"played":[1.0,0.0],"evs":[0.0,-0.50389]},"T9s":{"weight":1.0,"played":[0.9992,8.0E-4],"evs":[0.0,-0.13282]},"TT":{"weight":1.0,"played":[0.0,1.0],"evs":[0.0,6.17837]},"JTo":{"weight":1.0,"played":[1.0,0.0],"evs":[0.0,-0.3956]},"QTo":{"weight":1.0,"played":[1.0,0.0],"evs":[0.0,-0.12119]},"KTo":{"weight":1.0,"played":[0.0,1.0],"evs":[0.0,0.72649]},"ATo":{"weight":1.0,"played":[0.0,1.0],"evs":[0.0,4.28203]},"J2s":{"weight":1.0,"played":[1.0,0.0],"evs":[0.0,-1.96939]},"J3s":{"weight":1.0,"played":[1.0,0.0],"evs":[0.0,-1.79482]},"J4s":{"weight":1.0,"played":[1.0,0.0],"evs":[0.0,-1.62285]},"J5s":{"weight":1.0,"played":[1.0,0.0],"evs":[0.0,-1.51634]},"J6s":{"weight":1.0,"played":[1.0,0.0],"evs":[0.0,-1.3731]},"J7s":{"weight":1.0,"played":[1.0,0.0],"evs":[0.0,-1.00358]},"J8s":{"weight":1.0,"played":[1.0,0.0],"evs":[0.0,-0.59182]},"J9s":{"weight":1.0,"played":[0.9999,1.0E-4],"evs":[0.0,-0.22425]},"JTs":{"weight":1.0,"played":[0.0,1.0],"evs":[0.0,0.40101]},"JJ":{"weight":1.0,"played":[0.0,1.0],"evs":[0.0,6.85036]},"QJo":{"weight":1.0,"played":[0.0,1.0],"evs":[0.0,0.37199]},"KJo":{"weight":1.0,"played":[0.0,1.0],"evs":[0.0,1.11524]},"AJo":{"weight":1.0,"played":[0.0,1.0],"evs":[0.0,4.95746]},"Q2s":{"weight":1.0,"played":[1.0,0.0],"evs":[0.0,-1.70718]},"Q3s":{"weight":1.0,"played":[1.0,0.0],"evs":[0.0,-1.54173]},"Q4s":{"weight":1.0,"played":[1.0,0.0],"evs":[0.0,-1.37601]},"Q5s":{"weight":1.0,"played":[1.0,0.0],"evs":[0.0,-1.23698]},"Q6s":{"weight":1.0,"played":[1.0,0.0],"evs":[0.0,-1.08481]},"Q7s":{"weight":1.0,"played":[1.0,0.0],"evs":[0.0,-1.0254]},"Q8s":{"weight":1.0,"played":[1.0,0.0],"evs":[0.0,-0.5792]},"Q9s":{"weight":1.0,"played":[0.9978,0.0022],"evs":[0.0,-0.1081]},"QTs":{"weight":1.0,"played":[0.0,1.0],"evs":[0.0,0.67739]},"QJs":{"weight":1.0,"played":[0.0,1.0],"evs":[0.0,1.07344]},"QQ":{"weight":1.0,"played":[0.0,1.0],"evs":[0.0,7.47148]},"KQo":{"weight":1.0,"played":[0.0,1.0],"evs":[0.0,1.56083]},"AQo":{"weight":1.0,"played":[0.0,1.0],"evs":[0.0,5.58642]},"K2s":{"weight":1.0,"played":[1.0,0.0],"evs":[0.0,-0.99188]},"K3s":{"weight":1.0,"played":[1.0,0.0],"evs":[0.0,-0.84099]},"K4s":{"weight":1.0,"played":[1.0,0.0],"evs":[0.0,-0.66294]},"K5s":{"weight":1.0,"played":[1.0,0.0],"evs":[0.0,-0.51014]},"K6s":{"weight":1.0,"played":[1.0,0.0],"evs":[0.0,-0.27758]},"K7s":{"weight":1.0,"played":[0.9996,4.0E-4],"evs":[0.0,-0.11046]},"K8s":{"weight":1.0,"played":[0.0123,0.9877],"evs":[0.0,0.05769]},"K9s":{"weight":1.0,"played":[0.0,1.0],"evs":[0.0,0.5946]},"KTs":{"weight":1.0,"played":[0.0,1.0],"evs":[0.0,1.43838]},"KJs":{"weight":1.0,"played":[0.0,1.0],"evs":[0.0,1.87917]},"KQs":{"weight":1.0,"played":[0.0,1.0],"evs":[0.0,2.24825]},"KK":{"weight":1.0,"played":[0.0,1.0],"evs":[0.0,8.23379]},"AKo":{"weight":1.0,"played":[0.0,1.0],"evs":[0.0,6.25243]},"A2s":{"weight":1.0,"played":[0.0,1.0],"evs":[0.0,0.93209]},"A3s":{"weight":1.0,"played":[0.0,1.0],"evs":[0.0,1.09294]},"A4s":{"weight":1.0,"played":[0.0,1.0],"evs":[0.0,1.28391]},"A5s":{"weight":1.0,"played":[0.0,1.0],"evs":[0.0,1.58639]},"A6s":{"weight":1.0,"played":[0.0,1.0],"evs":[0.0,1.72118]},"A7s":{"weight":1.0,"played":[0.0,1.0],"evs":[0.0,2.27123]},"A8s":{"weight":1.0,"played":[0.0,1.0],"evs":[0.0,2.9489]},"A9s":{"weight":1.0,"played":[0.0,1.0],"evs":[0.0,3.62376]},"ATs":{"weight":1.0,"played":[0.0,1.0],"evs":[0.0,4.82528]},"AJs":{"weight":1.0,"played":[0.0,1.0],"evs":[0.0,5.43963]},"AQs":{"weight":1.0,"played":[0.0,1.0],"evs":[0.0,6.01401]},"AKs":{"weight":1.0,"played":[0.0,1.0],"evs":[0.0,6.65565]},"AA":{"weight":1.0,"played":[0.0,1.0],"evs":[0.0,11.22896]}}}