{"player":2,"street":0,"children":2,"sequence":[{"player":0,"type":"R","amount":200000,"street":0},{"player":1,"type":"C","amount":200000,"street":0},{"player":2,"type":"C","amount":200000,"street":0},{"player":3,"type":"R","amount":1635000,"street":0},{"player":4,"type":"C","amount":915000,"street":0},{"player":0,"type":"R","amount":2165000,"street":0},{"player":1,"type":"F","amount":0,"street":0}],"actions":[{"type":"F","amount":0},{"type":"C","amount":1145000}],"hands":{"22":{"weight":0.0,"played":[0.6569,0.3431],"evs":[0.0,-0.44071]},"32o":{"weight":0.0,"played":[0.9998,2.0E-4],"evs":[0.0,-4.52041]},"42o":{"weight":0.0,"played":[0.9406,0.0594],"evs":[0.0,-0.94011]},"52o":{"weight":0.0,"played":[0.9994,6.0E-4],"evs":[0.0,-2.96598]},"62o":{"weight":0.0,"played":[1.0,0.0],"evs":[0.0,-4.1179]},"72o":{"weight":0.0,"played":[0.9999,1.0E-4],"evs":[0.0,-4.17336]},"82o":{"weight":0.0,"played":[0.9984,0.0016],"evs":[0.0,-5.2563]},"92o":{"weight":0.0,"played":[0.9975,0.0025],"evs":[0.0,-4.4989]},"T2o":{"weight":0.0,"played":[0.9999,1.0E-4],"evs":[0.0,-5.07442]},"J2o":{"weight":0.0,"played":[0.9821,0.0179],"evs":[0.0,-4.12364]},"Q2o":{"weight":0.0,"played":[0.9999,1.0E-4],"evs":[0.0,-5.93245]},"K2o":{"weight":0.0,"played":[0.9904,0.0096],"evs":[0.0,-4.61136]},"A2o":{"weight":0.0,"played":[0.9918,0.0082],"evs":[0.0,-2.99581]},"32s":{"weight":0.0,"played":[0.9895,0.0105],"evs":[0.0,0.12994]},"33":{"weight":0.0,"played":[0.0879,0.9121],"evs":[0.0,1.2353]},"43o":{"weight":0.0,"played":[0.8584,0.1416],"evs":[0.0,-1.14774]},"53o":{"weight":0.0,"played":[0.9755,0.0245],"evs":[0.0,-2.85206]},"63o":{"weight":0.0,"played":[0.9763,0.0237],"evs":[0.0,-4.68828]},"73o":{"weight":0.0,"played":[0.9999,1.0E-4],"evs":[0.0,-3.17274]},"83o":{"weight":0.0,"played":[0.9999,1.0E-4],"evs":[0.0,-4.18809]},"93o":{"weight":0.0,"played":[0.9999,1.0E-4],"evs":[0.0,-3.3345]},"T3o":{"weight":0.0,"played":[0.9975,0.0025],"evs":[0.0,-5.37838]},"J3o":{"weight":0.0,"played":[0.9844,0.0156],"evs":[0.0,-5.21809]},"Q3o":{"weight":0.0,"played":[0.992,0.008],"evs":[0.0,-4.19579]},"K3o":{"weight":0.0,"played":[0.9844,0.0156],"evs":[0.0,-5.07458]},"A3o":{"weight":0.0,"played":[0.9524,0.0476],"evs":[0.0,-5.04266]},"42s":{"weight":0.0,"played":[0.5189,0.4811],"evs":[0.0,1.02248]},"43s":{"weight":0.0,"played":[0.4389,0.5611],"evs":[0.0,-1.7281]},"44":{"weight":0.0021,"played":[0.7512,0.2488],"evs":[0.0,-2.64748]},"54o":{"weight":0.0,"played":[0.5805,0.4195],"evs":[0.0,0.04425]},"64o":{"weight":0.0,"played":[0.9994,6.0E-4],"evs":[0.0,-2.55766]},"74o":{"weight":0.0,"played":[0.9494,0.0506],"evs":[0.0,-2.23886]},"84o":{"weight":0.0,"played":[0.9981,0.0019],"evs":[0.0,-2.79855]},"94o":{"weight":0.0,"played":[0.9986,0.0014],"evs":[0.0,-4.3403]},"T4o":{"weight":0.0,"played":[0.9793,0.0207],"evs":[0.0,-4.75266]},"J4o":{"weight":0.0,"played":[0.9998,2.0E-4],"evs":[0.0,-3.26512]},"Q4o":{"weight":0.0,"played":[0.9998,2.0E-4],"evs":[0.0,-2.16141]},"K4o":{"weight":0.0,"played":[0.9991,9.0E-4],"evs":[0.0,-3.12706]},"A4o":{"weight":0.0,"played":[0.9938,0.0062],"evs":[0.0,-3.02804]},"52s":{"weight":0.0,"played":[0.9196,0.0804],"evs":[0.0,-4.56639]},"53s":{"weight":0.0,"played":[0.3062,0.6938],"evs":[0.0,-1.4196]},"54s":{"weight":0.0,"played":[0.5604,0.4396],"evs":[0.0,-1.68704]},"55":{"weight":0.8213,"played":[0.2278,0.7722],"evs":[0.0,0.13131]},"65o":{"weight":0.0,"played":[0.5061,0.4939],"evs":[0.0,-0.30259]},"75o":{"weight":0.0,"played":[0.9923,0.0077],"evs":[0.0,-1.46554]},"85o":{"weight":0.0,"played":[0.9998,2.0E-4],"evs":[0.0,-3.83354]},"95o":{"weight":0.0,"played":[0.9979,0.0021],"evs":[0.0,-0.69044]},"T5o":{"weight":0.0,"played":[0.9986,0.0014],"evs":[0.0,-3.99998]},"J5o":{"weight":0.0,"played":[0.9332,0.0668],"evs":[0.0,-4.44109]},"Q5o":{"weight":0.0,"played":[0.9399,0.0601],"evs":[0.0,-3.53934]},"K5o":{"weight":0.0,"played":[0.992,0.008],"evs":[0.0,-1.78188]},"A5o":{"weight":0.0,"played":[0.4796,0.5204],"evs":[0.0,0.02036]},"62s":{"weight":0.0,"played":[0.6453,0.3547],"evs":[0.0,-0.47819]},"63s":{"weight":0.0,"played":[0.735,0.265],"evs":[0.0,-2.31406]},"64s":{"weight":0.0,"played":[0.5063,0.4937],"evs":[0.0,0.78611]},"65s":{"weight":0.0,"played":[0.3666,0.6334],"evs":[0.0,2.1492]},"66":{"weight":0.022,"played":[0.0041,0.9959],"evs":[0.0,3.79457]},"76o":{"weight":0.0,"played":[0.9387,0.0613],"evs":[0.0,-0.68901]},"86o":{"weight":0.0,"played":[0.9265,0.0735],"evs":[0.0,-2.3796]},"96o":{"weight":0.0,"played":[0.9795,0.0205],"evs":[0.0,-2.34834]},"T6o":{"weight":0.0,"played":[0.8166,0.1834],"evs":[0.0,-3.1766]},"J6o":{"weight":0.0,"played":[0.9993,7.0E-4],"evs":[0.0,-4.46952]},"Q6o":{"weight":0.0,"played":[0.9932,0.0068],"evs":[0.0,-4.24738]},"K6o":{"weight":0.0,"played":[0.9971,0.0029],"evs":[0.0,-2.06905]},"A6o":{"weight":0.0,"played":[0.9901,0.0099],"evs":[0.0,-3.0646]},"72s":{"weight":0.0,"played":[0.9486,0.0514],"evs":[0.0,-2.84576]},"73s":{"weight":0.0,"played":[0.9982,0.0018],"evs":[0.0,-2.9583]},"74s":{"weight":0.0,"played":[0.4411,0.5589],"evs":[0.0,1.14696]},"75s":{"weight":0.0,"played":[0.9512,0.0488],"evs":[0.0,-1.31975]},"76s":{"weight":0.0,"played":[0.0757,0.9243],"evs":[0.0,1.41794]},"77":{"weight":7.0E-4,"played":[0.0093,0.9907],"evs":[0.0,3.19268]},"87o":{"weight":0.0,"played":[0.9276,0.0724],"evs":[0.0,-1.31796]},"97o":{"weight":0.0,"played":[0.9991,9.0E-4],"evs":[0.0,-2.24914]},"T7o":{"weight":0.0,"played":[0.9968,0.0032],"evs":[0.0,-2.99662]},"J7o":{"weight":0.0,"played":[0.9996,4.0E-4],"evs":[0.0,-3.80575]},"Q7o":{"weight":0.0,"played":[0.9936,0.0064],"evs":[0.0,-2.60789]},"K7o":{"weight":0.0,"played":[0.5564,0.4436],"evs":[0.0,-1.65093]},"A7o":{"weight":0.0,"played":[0.8376,0.1624],"evs":[0.0,-1.31386]},"82s":{"weight":0.0,"played":[0.8883,0.1117],"evs":[0.0,-2.54898]},"83s":{"weight":0.0,"played":[0.41,0.59],"evs":[0.0,-1.72615]},"84s":{"weight":0.0,"played":[0.9303,0.0697],"evs":[0.0,-2.16908]},"85s":{"weight":0.0,"played":[0.4111,0.5889],"evs":[0.0,-1.24813]},"86s":{"weight":0.0,"played":[0.47,0.53],"evs":[0.0,-0.49372]},"87s":{"weight":0.0,"played":[0.1024,0.8976],"evs":[0.0,1.39057]},"88":{"weight":3.0E-4,"played":[0.0015,0.9985],"evs":[0.0,1.47863]},"98o":{"weight":0.0,"played":[0.9848,0.0152],"evs":[0.0,-1.56033]},"T8o":{"weight":0.0,"played":[0.9957,0.0043],"evs":[0.0,-2.02257]},"J8o":{"weight":0.0,"played":[0.9997,3.0E-4],"evs":[0.0,-3.15082]},"Q8o":{"weight":0.0,"played":[0.9249,0.0751],"evs":[0.0,-2.85062]},"K8o":{"weight":0.0,"played":[0.9955,0.0045],"evs":[0.0,-3.29071]},"A8o":{"weight":0.0,"played":[0.9544,0.0456],"evs":[0.0,-3.59699]},"92s":{"weight":0.0,"played":[0.9827,0.0173],"evs":[0.0,-2.88155]},"93s":{"weight":0.0,"played":[0.9926,0.0074],"evs":[0.0,-3.21328]},"94s":{"weight":0.0,"played":[0.2523,0.7477],"evs":[0.0,0.81382]},"95s":{"weight":0.0,"played":[0.3723,0.6277],"evs":[0.0,4.99807]},"96s":{"weight":0.0,"played":[0.9221,0.0779],"evs":[0.0,-0.76332]},"97s":{"weight":0.0,"played":[0.2741,0.7259],"evs":[0.0,1.06046]},"98s":{"weight":0.0,"played":[0.8034,0.1966],"evs":[0.0,-3.16865]},"99":{"weight":0.0,"played":[0.0025,0.9975],"evs":[0.0,4.99367]},"T9o":{"weight":0.0,"played":[0.6495,0.3505],"evs":[0.0,-1.25312]},"J9o":{"weight":0.0,"played":[0.9767,0.0233],"evs":[0.0,-2.18849]},"Q9o":{"weight":0.0,"played":[0.9984,0.0016],"evs":[0.0,-3.22979]},"K9o":{"weight":0.0,"played":[0.6806,0.3194],"evs":[0.0,-1.97114]},"A9o":{"weight":0.0,"played":[0.9883,0.0117],"evs":[0.0,-2.69207]},"T2s":{"weight":0.0,"played":[0.409,0.591],"evs":[0.0,-2.58877]},"T3s":{"weight":0.0,"played":[0.9514,0.0486],"evs":[0.0,-5.00887]},"T4s":{"weight":0.0,"played":[0.8245,0.1755],"evs":[0.0,-3.92233]},"T5s":{"weight":0.0,"played":[0.3866,0.6134],"evs":[0.0,-0.12581]},"T6s":{"weight":0.0,"played":[0.5855,0.4145],"evs":[0.0,-1.08883]},"T7s":{"weight":0.0,"played":[0.0026,0.9974],"evs":[0.0,2.00136]},"T8s":{"weight":0.0,"played":[0.3428,0.6572],"evs":[0.0,0.96735]},"T9s":{"weight":0.0,"played":[0.0895,0.9105],"evs":[0.0,3.2675]},"TT":{"weight":0.0,"played":[0.012,0.988],"evs":[0.0,5.54239]},"JTo":{"weight":0.0,"played":[0.8363,0.1637],"evs":[0.0,-0.52415]},"QTo":{"weight":0.0,"played":[0.7838,0.2162],"evs":[0.0,-0.70096]},"KTo":{"weight":0.0,"played":[0.9848,0.0152],"evs":[0.0,-2.90669]},"ATo":{"weight":0.1869,"played":[0.6282,0.3718],"evs":[0.0,-1.94554]},"J2s":{"weight":0.0,"played":[0.3724,0.6276],"evs":[0.0,-0.02675]},"J3s":{"weight":0.0,"played":[0.9679,0.0321],"evs":[0.0,-5.89136]},"J4s":{"weight":0.0,"played":[0.8378,0.1622],"evs":[0.0,-2.88905]},"J5s":{"weight":0.0,"played":[0.4552,0.5448],"evs":[0.0,0.03831]},"J6s":{"weight":0.0,"played":[0.6751,0.3249],"evs":[0.0,-2.60466]},"J7s":{"weight":0.0,"played":[0.4601,0.5399],"evs":[0.0,1.93753]},"J8s":{"weight":0.0,"played":[0.3114,0.6886],"evs":[0.0,0.77394]},"J9s":{"weight":0.0,"played":[0.0409,0.9591],"evs":[0.0,3.61708]},"JTs":{"weight":0.0,"played":[0.0192,0.9808],"evs":[0.0,3.19809]},"JJ":{"weight":0.0,"played":[0.0011,0.9989],"evs":[0.0,10.57243]},"QJo":{"weight":0.0,"played":[0.2835,0.7165],"evs":[0.0,0.75603]},"KJo":{"weight":0.0,"played":[0.5885,0.4115],"evs":[0.0,0.30389]},"AJo":{"weight":0.0018,"played":[0.3911,0.6089],"evs":[0.0,0.98812]},"Q2s":{"weight":0.0,"played":[0.7573,0.2427],"evs":[0.0,-1.64113]},"Q3s":{"weight":0.0,"played":[0.7276,0.2724],"evs":[0.0,-1.5159]},"Q4s":{"weight":0.0,"played":[0.7981,0.2019],"evs":[0.0,-5.10525]},"Q5s":{"weight":0.0,"played":[0.4273,0.5727],"evs":[0.0,0.78279]},"Q6s":{"weight":0.0,"played":[0.8675,0.1325],"evs":[0.0,-0.68935]},"Q7s":{"weight":0.0,"played":[0.2699,0.7301],"evs":[0.0,-0.71878]},"Q8s":{"weight":0.0,"played":[0.16,0.84],"evs":[0.0,2.97845]},"Q9s":{"weight":0.0,"played":[0.0197,0.9803],"evs":[0.0,6.49997]},"QTs":{"weight":0.2012,"played":[0.0268,0.9732],"evs":[0.0,2.81169]},"QJs":{"weight":0.9996,"played":[0.2253,0.7747],"evs":[0.0,2.03736]},"QQ":{"weight":2.0E-4,"played":[6.0E-4,0.9994],"evs":[0.0,13.56466]},"KQo":{"weight":0.6707,"played":[0.3549,0.6451],"evs":[0.0,0.94697]},"AQo":{"weight":0.0,"played":[0.1544,0.8456],"evs":[0.0,2.75573]},"K2s":{"weight":0.0,"played":[0.9656,0.0344],"evs":[0.0,-2.05415]},"K3s":{"weight":0.0,"played":[0.4252,0.5748],"evs":[0.0,-0.1454]},"K4s":{"weight":0.0,"played":[0.6954,0.3046],"evs":[0.0,-4.9429]},"K5s":{"weight":0.0,"played":[0.8171,0.1829],"evs":[0.0,-3.11611]},"K6s":{"weight":0.0,"played":[0.391,0.609],"evs":[0.0,0.19595]},"K7s":{"weight":0.0,"played":[0.1106,0.8894],"evs":[0.0,1.42955]},"K8s":{"weight":0.0,"played":[0.9207,0.0793],"evs":[0.0,-1.90905]},"K9s":{"weight":0.0081,"played":[0.0489,0.9511],"evs":[0.0,2.33545]},"KTs":{"weight":0.9956,"played":[0.6625,0.3375],"evs":[0.0,-0.4362]},"KJs":{"weight":0.9998,"played":[0.1909,0.8091],"evs":[0.0,2.2475]},"KQs":{"weight":0.3009,"played":[0.2014,0.7986],"evs":[0.0,1.26223]},"KK":{"weight":5.0E-4,"played":[2.0E-4,0.9998],"evs":[0.0,15.31362]},"AKo":{"weight":0.0,"played":[0.0086,0.9914],"evs":[0.0,2.21697]},"A2s":{"weight":1.0E-4,"played":[0.4296,0.5704],"evs":[0.0,-1.5617]},"A3s":{"weight":0.0,"played":[0.0546,0.9454],"evs":[0.0,3.14911]},"A4s":{"weight":1.0E-4,"played":[0.5156,0.4844],"evs":[0.0,0.14661]},"A5s":{"weight":0.0025,"played":[0.4625,0.5375],"evs":[0.0,-0.46568]},"A6s":{"weight":0.0,"played":[0.6763,0.3237],"evs":[0.0,-0.9773]},"A7s":{"weight":0.1942,"played":[0.3183,0.6817],"evs":[0.0,-1.58821]},"A8s":{"weight":0.9273,"played":[0.4038,0.5962],"evs":[0.0,-0.24391]},"A9s":{"weight":0.6849,"played":[0.5368,0.4632],"evs":[0.0,0.02955]},"ATs":{"weight":0.0363,"played":[0.0031,0.9969],"evs":[0.0,3.26529]},"AJs":{"weight":0.024,"played":[0.0175,0.9825],"evs":[0.0,3.43894]},"AQs":{"weight":0.0,"played":[0.0108,0.9892],"evs":[0.0,6.01177]},"AKs":{"weight":0.0,"played":[8.0E-4,0.9992],"evs":[0.0,3.76881]},"AA":{"weight":0.0099,"played":[3.0E-4,0.9997],"evs":[0.0,26.14829]}}}