{"player":3,"street":0,"children":2,"sequence":[{"player":0,"type":"R","amount":200000,"street":0},{"player":1,"type":"C","amount":200000,"street":0},{"player":2,"type":"R","amount":1345000,"street":0}],"actions":[{"type":"F","amount":0,"node":203},{"type":"R","amount":1635000,"node":212}],"hands":{"22":{"weight":1.0,"played":[0.9998,2.0E-4],"evs":[0.0,-2.93072]},"32o":{"weight":1.0,"played":[1.0,0.0],"evs":[0.0,-6.85383]},"42o":{"weight":1.0,"played":[1.0,0.0],"evs":[0.0,-6.39686]},"52o":{"weight":1.0,"played":[1.0,0.0],"evs":[0.0,-6.0547]},"62o":{"weight":1.0,"played":[1.0,0.0],"evs":[0.0,-6.92374]},"72o":{"weight":1.0,"played":[1.0,0.0],"evs":[0.0,-7.54435]},"82o":{"weight":1.0,"played":[1.0,0.0],"evs":[0.0,-7.50093]},"92o":{"weight":1.0,"played":[1.0,0.0],"evs":[0.0,-7.01968]},"T2o":{"weight":1.0,"played":[1.0,0.0],"evs":[0.0,-7.3193]},"J2o":{"weight":1.0,"played":[1.0,0.0],"evs":[0.0,-7.01419]},"Q2o":{"weight":1.0,"played":[1.0,0.0],"evs":[0.0,-6.66405]},"K2o":{"weight":1.0,"played":[1.0,0.0],"evs":[0.0,-5.72037]},"A2o":{"weight":1.0,"played":[1.0,0.0],"evs":[0.0,-5.53938]},"32s":{"weight":1.0,"played":[1.0,0.0],"evs":[0.0,-4.70827]},"33":{"weight":1.0,"played":[0.9996,4.0E-4],"evs":[0.0,-2.07725]},"43o":{"weight":1.0,"played":[1.0,0.0],"evs":[0.0,-5.96341]},"53o":{"weight":1.0,"played":[1.0,0.0],"evs":[0.0,-5.5265]},"63o":{"weight":1.0,"played":[1.0,0.0],"evs":[0.0,-6.32579]},"73o":{"weight":1.0,"played":[1.0,0.0],"evs":[0.0,-6.78752]},"83o":{"weight":1.0,"played":[1.0,0.0],"evs":[0.0,-7.12253]},"93o":{"weight":1.0,"played":[1.0,0.0],"evs":[0.0,-6.90203]},"T3o":{"weight":1.0,"played":[1.0,0.0],"evs":[0.0,-6.85101]},"J3o":{"weight":1.0,"played":[1.0,0.0],"evs":[0.0,-6.99056]},"Q3o":{"weight":1.0,"played":[1.0,0.0],"evs":[0.0,-6.22148]},"K3o":{"weight":1.0,"played":[1.0,0.0],"evs":[0.0,-6.16419]},"A3o":{"weight":1.0,"played":[1.0,0.0],"evs":[0.0,-5.4946]},"42s":{"weight":1.0,"played":[1.0,0.0],"evs":[0.0,-4.24787]},"43s":{"weight":1.0,"played":[1.0,0.0],"evs":[0.0,-3.95782]},"44":{"weight":1.0,"played":[0.9992,8.0E-4],"evs":[0.0,-1.70569]},"54o":{"weight":1.0,"played":[1.0,0.0],"evs":[0.0,-4.88029]},"64o":{"weight":1.0,"played":[1.0,0.0],"evs":[0.0,-5.28139]},"74o":{"weight":1.0,"played":[1.0,0.0],"evs":[0.0,-5.93105]},"84o":{"weight":1.0,"played":[1.0,0.0],"evs":[0.0,-6.45243]},"94o":{"weight":1.0,"played":[1.0,0.0],"evs":[0.0,-6.90967]},"T4o":{"weight":1.0,"played":[1.0,0.0],"evs":[0.0,-7.05037]},"J4o":{"weight":1.0,"played":[1.0,0.0],"evs":[0.0,-6.69384]},"Q4o":{"weight":1.0,"played":[1.0,0.0],"evs":[0.0,-6.1371]},"K4o":{"weight":1.0,"played":[1.0,0.0],"evs":[0.0,-5.58564]},"A4o":{"weight":1.0,"played":[1.0,0.0],"evs":[0.0,-5.0417]},"52s":{"weight":1.0,"played":[1.0,0.0],"evs":[0.0,-4.25222]},"53s":{"weight":1.0,"played":[1.0,0.0],"evs":[0.0,-3.30376]},"54s":{"weight":1.0,"played":[0.9998,2.0E-4],"evs":[0.0,-2.95687]},"55":{"weight":1.0,"played":[0.9997,3.0E-4],"evs":[0.0,-1.52391]},"65o":{"weight":1.0,"played":[1.0,0.0],"evs":[0.0,-4.59223]},"75o":{"weight":1.0,"played":[1.0,0.0],"evs":[0.0,-5.14213]},"85o":{"weight":1.0,"played":[1.0,0.0],"evs":[0.0,-5.39862]},"95o":{"weight":1.0,"played":[1.0,0.0],"evs":[0.0,-5.87309]},"T5o":{"weight":1.0,"played":[1.0,0.0],"evs":[0.0,-7.18555]},"J5o":{"weight":1.0,"played":[1.0,0.0],"evs":[0.0,-6.83823]},"Q5o":{"weight":1.0,"played":[1.0,0.0],"evs":[0.0,-5.84336]},"K5o":{"weight":1.0,"played":[1.0,0.0],"evs":[0.0,-5.30916]},"A5o":{"weight":1.0,"played":[1.0,0.0],"evs":[0.0,-5.38036]},"62s":{"weight":1.0,"played":[0.9999,1.0E-4],"evs":[0.0,-4.63915]},"63s":{"weight":1.0,"played":[0.9999,1.0E-4],"evs":[0.0,-3.96312]},"64s":{"weight":1.0,"played":[0.9998,2.0E-4],"evs":[0.0,-3.41878]},"65s":{"weight":1.0,"played":[0.9996,4.0E-4],"evs":[0.0,-2.34186]},"66":{"weight":1.0,"played":[0.9997,3.0E-4],"evs":[0.0,-1.2809]},"76o":{"weight":1.0,"played":[1.0,0.0],"evs":[0.0,-4.50678]},"86o":{"weight":1.0,"played":[1.0,0.0],"evs":[0.0,-5.10199]},"96o":{"weight":1.0,"played":[1.0,0.0],"evs":[0.0,-5.43914]},"T6o":{"weight":1.0,"played":[1.0,0.0],"evs":[0.0,-6.13973]},"J6o":{"weight":1.0,"played":[1.0,0.0],"evs":[0.0,-6.8061]},"Q6o":{"weight":1.0,"played":[1.0,0.0],"evs":[0.0,-6.00899]},"K6o":{"weight":1.0,"played":[1.0,0.0],"evs":[0.0,-5.2708]},"A6o":{"weight":1.0,"played":[0.9999,1.0E-4],"evs":[0.0,-5.68917]},"72s":{"weight":1.0,"played":[1.0,0.0],"evs":[0.0,-5.50841]},"73s":{"weight":1.0,"played":[1.0,0.0],"evs":[0.0,-4.8206]},"74s":{"weight":1.0,"played":[0.9998,2.0E-4],"evs":[0.0,-4.25999]},"75s":{"weight":1.0,"played":[1.0,0.0],"evs":[0.0,-3.62914]},"76s":{"weight":1.0,"played":[0.9988,0.0012],"evs":[0.0,-2.32069]},"77":{"weight":1.0,"played":[0.5324,0.4676],"evs":[0.0,-0.22937]},"87o":{"weight":1.0,"played":[1.0,0.0],"evs":[0.0,-4.4566]},"97o":{"weight":1.0,"played":[1.0,0.0],"evs":[0.0,-4.82832]},"T7o":{"weight":1.0,"played":[1.0,0.0],"evs":[0.0,-5.61076]},"J7o":{"weight":1.0,"played":[1.0,0.0],"evs":[0.0,-5.79534]},"Q7o":{"weight":1.0,"played":[1.0,0.0],"evs":[0.0,-5.77026]},"K7o":{"weight":1.0,"played":[1.0,0.0],"evs":[0.0,-4.97094]},"A7o":{"weight":1.0,"played":[1.0,0.0],"evs":[0.0,-5.16404]},"82s":{"weight":1.0,"played":[1.0,0.0],"evs":[0.0,-5.09693]},"83s":{"weight":1.0,"played":[1.0,0.0],"evs":[0.0,-4.63115]},"84s":{"weight":1.0,"played":[0.9999,1.0E-4],"evs":[0.0,-4.76166]},"85s":{"weight":1.0,"played":[0.9999,1.0E-4],"evs":[0.0,-3.60022]},"86s":{"weight":1.0,"played":[0.9996,4.0E-4],"evs":[0.0,-3.28155]},"87s":{"weight":1.0,"played":[0.9989,0.0011],"evs":[0.0,-2.66377]},"88":{"weight":1.0,"played":[9.0E-4,0.9991],"evs":[0.0,1.66645]},"98o":{"weight":1.0,"played":[0.9999,1.0E-4],"evs":[0.0,-3.97253]},"T8o":{"weight":1.0,"played":[1.0,0.0],"evs":[0.0,-4.65414]},"J8o":{"weight":1.0,"played":[1.0,0.0],"evs":[0.0,-5.08039]},"Q8o":{"weight":1.0,"played":[1.0,0.0],"evs":[0.0,-4.85577]},"K8o":{"weight":1.0,"played":[1.0,0.0],"evs":[0.0,-4.87791]},"A8o":{"weight":1.0,"played":[1.0,0.0],"evs":[0.0,-5.29618]},"92s":{"weight":1.0,"played":[1.0,0.0],"evs":[0.0,-4.72195]},"93s":{"weight":1.0,"played":[1.0,0.0],"evs":[0.0,-4.84413]},"94s":{"weight":1.0,"played":[1.0,0.0],"evs":[0.0,-4.40217]},"95s":{"weight":1.0,"played":[1.0,0.0],"evs":[0.0,-3.61981]},"96s":{"weight":1.0,"played":[0.9998,2.0E-4],"evs":[0.0,-3.22608]},"97s":{"weight":1.0,"played":[0.9998,2.0E-4],"evs":[0.0,-2.66478]},"98s":{"weight":1.0,"played":[0.9998,2.0E-4],"evs":[0.0,-1.9116]},"99":{"weight":1.0,"played":[2.0E-4,0.9998],"evs":[0.0,3.19461]},"T9o":{"weight":1.0,"played":[1.0,0.0],"evs":[0.0,-4.13067]},"J9o":{"weight":1.0,"played":[1.0,0.0],"evs":[0.0,-4.57431]},"Q9o":{"weight":1.0,"played":[1.0,0.0],"evs":[0.0,-4.17205]},"K9o":{"weight":1.0,"played":[1.0,0.0],"evs":[0.0,-3.97902]},"A9o":{"weight":1.0,"played":[1.0,0.0],"evs":[0.0,-4.09701]},"T2s":{"weight":1.0,"played":[0.9999,1.0E-4],"evs":[0.0,-5.24714]},"T3s":{"weight":1.0,"played":[1.0,0.0],"evs":[0.0,-5.00569]},"T4s":{"weight":1.0,"played":[0.9999,1.0E-4],"evs":[0.0,-4.44637]},"T5s":{"weight":1.0,"played":[1.0,0.0],"evs":[0.0,-4.73984]},"T6s":{"weight":1.0,"played":[1.0,0.0],"evs":[0.0,-4.24178]},"T7s":{"weight":1.0,"played":[1.0,0.0],"evs":[0.0,-4.06888]},"T8s":{"weight":1.0,"played":[1.0,0.0],"evs":[0.0,-2.72677]},"T9s":{"weight":1.0,"played":[0.9998,2.0E-4],"evs":[0.0,-1.90005]},"TT":{"weight":1.0,"played":[0.0,1.0],"evs":[0.0,5.27667]},"JTo":{"weight":1.0,"played":[1.0,0.0],"evs":[0.0,-4.04953]},"QTo":{"weight":1.0,"played":[1.0,0.0],"evs":[0.0,-3.99497]},"KTo":{"weight":1.0,"played":[1.0,0.0],"evs":[0.0,-3.81856]},"ATo":{"weight":1.0,"played":[0.9995,5.0E-4],"evs":[0.0,-3.43168]},"J2s":{"weight":1.0,"played":[1.0,0.0],"evs":[0.0,-5.25859]},"J3s":{"weight":1.0,"played":[1.0,0.0],"evs":[0.0,-4.90398]},"J4s":{"weight":1.0,"played":[1.0,0.0],"evs":[0.0,-4.73076]},"J5s":{"weight":1.0,"played":[0.9997,3.0E-4],"evs":[0.0,-4.88957]},"J6s":{"weight":1.0,"played":[0.9998,2.0E-4],"evs":[0.0,-4.4779]},"J7s":{"weight":1.0,"played":[1.0,0.0],"evs":[0.0,-3.65242]},"J8s":{"weight":1.0,"played":[0.9997,3.0E-4],"evs":[0.0,-2.93257]},"J9s":{"weight":1.0,"played":[0.9999,1.0E-4],"evs":[0.0,-2.52374]},"JTs":{"weight":1.0,"played":[1.0,0.0],"evs":[0.0,-1.50422]},"JJ":{"weight":1.0,"played":[0.0,1.0],"evs":[0.0,7.32734]},"QJo":{"weight":1.0,"played":[0.9998,2.0E-4],"evs":[0.0,-3.36113]},"KJo":{"weight":1.0,"played":[1.0,0.0],"evs":[0.0,-3.35991]},"AJo":{"weight":1.0,"played":[0.9998,2.0E-4],"evs":[0.0,-1.89506]},"Q2s":{"weight":1.0,"played":[1.0,0.0],"evs":[0.0,-4.39147]},"Q3s":{"weight":1.0,"played":[1.0,0.0],"evs":[0.0,-4.59758]},"Q4s":{"weight":1.0,"played":[0.9997,3.0E-4],"evs":[0.0,-3.60501]},"Q5s":{"weight":1.0,"played":[1.0,0.0],"evs":[0.0,-4.49707]},"Q6s":{"weight":1.0,"played":[1.0,0.0],"evs":[0.0,-3.13892]},"Q7s":{"weight":1.0,"played":[1.0,0.0],"evs":[0.0,-3.70157]},"Q8s":{"weight":1.0,"played":[0.9999,1.0E-4],"evs":[0.0,-3.38144]},"Q9s":{"weight":1.0,"played":[1.0,0.0],"evs":[0.0,-1.8818]},"QTs":{"weight":1.0,"played":[0.9983,0.0017],"evs":[0.0,-1.81273]},"QJs":{"weight":1.0,"played":[0.9863,0.0137],"evs":[0.0,-0.99386]},"QQ":{"weight":1.0,"played":[0.0,1.0],"evs":[0.0,10.97077]},"KQo":{"weight":1.0,"played":[1.0,0.0],"evs":[0.0,-1.94753]},"AQo":{"weight":1.0,"played":[0.018,0.982],"evs":[0.0,0.71334]},"K2s":{"weight":1.0,"played":[1.0,0.0],"evs":[0.0,-4.03045]},"K3s":{"weight":1.0,"played":[1.0,0.0],"evs":[0.0,-4.02743]},"K4s":{"weight":1.0,"played":[1.0,0.0],"evs":[0.0,-3.38552]},"K5s":{"weight":1.0,"played":[0.9999,1.0E-4],"evs":[0.0,-3.42596]},"K6s":{"weight":1.0,"played":[1.0,0.0],"evs":[0.0,-3.81273]},"K7s":{"weight":1.0,"played":[1.0,0.0],"evs":[0.0,-3.4597]},"K8s":{"weight":1.0,"played":[1.0,0.0],"evs":[0.0,-3.23241]},"K9s":{"weight":1.0,"played":[0.9991,9.0E-4],"evs":[0.0,-2.5908]},"KTs":{"weight":1.0,"played":[0.9979,0.0021],"evs":[0.0,-1.47462]},"KJs":{"weight":1.0,"played":[0.9721,0.0279],"evs":[0.0,-1.85198]},"KQs":{"weight":1.0,"played":[0.4221,0.5779],"evs":[0.0,-0.04523]},"KK":{"weight":1.0,"played":[0.0,1.0],"evs":[0.0,16.65305]},"AKo":{"weight":1.0,"played":[1.0E-4,0.9999],"evs":[0.0,3.35911]},"A2s":{"weight":1.0,"played":[0.9997,3.0E-4],"evs":[0.0,-2.83735]},"A3s":{"weight":1.0,"played":[0.9995,5.0E-4],"evs":[0.0,-2.66886]},"A4s":{"weight":1.0,"played":[0.9999,1.0E-4],"evs":[0.0,-2.81262]},"A5s":{"weight":1.0,"played":[1.0,0.0],"evs":[0.0,-2.52246]},"A6s":{"weight":1.0,"played":[1.0,0.0],"evs":[0.0,-3.8769]},"A7s":{"weight":1.0,"played":[1.0,0.0],"evs":[0.0,-2.94145]},"A8s":{"weight":1.0,"played":[0.9999,1.0E-4],"evs":[0.0,-2.4123]},"A9s":{"weight":1.0,"played":[0.996,0.004],"evs":[0.0,-2.964]},"ATs":{"weight":1.0,"played":[0.9976,0.0024],"evs":[0.0,-1.02922]},"AJs":{"weight":1.0,"played":[0.2375,0.7625],"evs":[0.0,-0.15889]},"AQs":{"weight":1.0,"played":[0.0,1.0],"evs":[0.0,2.54474]},"AKs":{"weight":1.0,"played":[2.0E-4,0.9998],"evs":[0.0,5.6125]},"AA":{"weight":1.0,"played":[0.0,1.0],"evs":[0.0,23.7453]}}}