{"player":1,"street":0,"children":2,"sequence":[{"player":0,"type":"R","amount":200000,"street":0},{"player":1,"type":"C","amount":200000,"street":0},{"player":2,"type":"R","amount":1345000,"street":0},{"player":3,"type":"F","amount":0,"street":0},{"player":4,"type":"F","amount":0,"street":0},{"player":0,"type":"F","amount":0,"street":0}],"actions":[{"type":"F","amount":0},{"type":"C","amount":1145000}],"hands":{"22":{"weight":0.0,"played":[5.0E-4,0.9995],"evs":[0.0,1.14505]},"32o":{"weight":0.0,"played":[1.0,0.0],"evs":[0.0,-3.35976]},"42o":{"weight":0.0,"played":[1.0,0.0],"evs":[0.0,-3.27584]},"52o":{"weight":0.0,"played":[1.0,0.0],"evs":[0.0,-3.11281]},"62o":{"weight":0.0,"played":[1.0,0.0],"evs":[0.0,-3.63457]},"72o":{"weight":0.0,"played":[1.0,0.0],"evs":[0.0,-3.92885]},"82o":{"weight":0.0,"played":[1.0,0.0],"evs":[0.0,-3.53838]},"92o":{"weight":0.0,"played":[1.0,0.0],"evs":[0.0,-3.28575]},"T2o":{"weight":0.0,"played":[1.0,0.0],"evs":[0.0,-3.58788]},"J2o":{"weight":0.0,"played":[1.0,0.0],"evs":[0.0,-3.1278]},"Q2o":{"weight":0.0,"played":[1.0,0.0],"evs":[0.0,-2.74821]},"K2o":{"weight":0.0,"played":[1.0,0.0],"evs":[0.0,-2.32561]},"A2o":{"weight":0.0,"played":[1.0,0.0],"evs":[0.0,-2.04243]},"32s":{"weight":0.0,"played":[1.0,0.0],"evs":[0.0,-1.85137]},"33":{"weight":0.9041,"played":[0.0,1.0],"evs":[0.0,1.26875]},"43o":{"weight":0.0,"played":[1.0,0.0],"evs":[0.0,-2.77243]},"53o":{"weight":0.0,"played":[1.0,0.0],"evs":[0.0,-2.58486]},"63o":{"weight":0.0,"played":[1.0,0.0],"evs":[0.0,-2.84233]},"73o":{"weight":0.0,"played":[1.0,0.0],"evs":[0.0,-3.26007]},"83o":{"weight":0.0,"played":[1.0,0.0],"evs":[0.0,-3.554]},"93o":{"weight":0.0,"played":[1.0,0.0],"evs":[0.0,-3.08423]},"T3o":{"weight":0.0,"played":[1.0,0.0],"evs":[0.0,-3.3511]},"J3o":{"weight":0.0,"played":[1.0,0.0],"evs":[0.0,-2.86433]},"Q3o":{"weight":0.0,"played":[1.0,0.0],"evs":[0.0,-2.59661]},"K3o":{"weight":0.0,"played":[1.0,0.0],"evs":[0.0,-2.10805]},"A3o":{"weight":0.0,"played":[0.9997,3.0E-4],"evs":[0.0,-1.9443]},"42s":{"weight":0.0,"played":[0.9999,1.0E-4],"evs":[0.0,-2.00167]},"43s":{"weight":0.0,"played":[0.9998,2.0E-4],"evs":[0.0,-1.44981]},"44":{"weight":0.9987,"played":[0.0,1.0],"evs":[0.0,1.65117]},"54o":{"weight":0.0,"played":[1.0,0.0],"evs":[0.0,-2.03471]},"64o":{"weight":0.0,"played":[1.0,0.0],"evs":[0.0,-2.32614]},"74o":{"weight":0.0,"played":[1.0,0.0],"evs":[0.0,-2.76455]},"84o":{"weight":0.0,"played":[1.0,0.0],"evs":[0.0,-2.90842]},"94o":{"weight":0.0,"played":[1.0,0.0],"evs":[0.0,-3.09222]},"T4o":{"weight":0.0,"played":[1.0,0.0],"evs":[0.0,-3.28355]},"J4o":{"weight":0.0,"played":[1.0,0.0],"evs":[0.0,-2.8713]},"Q4o":{"weight":0.0,"played":[1.0,0.0],"evs":[0.0,-2.51213]},"K4o":{"weight":0.0,"played":[1.0,0.0],"evs":[0.0,-2.07469]},"A4o":{"weight":0.0,"played":[1.0,0.0],"evs":[0.0,-1.87774]},"52s":{"weight":0.0,"played":[0.9998,2.0E-4],"evs":[0.0,-1.60176]},"53s":{"weight":0.0,"played":[0.9998,2.0E-4],"evs":[0.0,-1.18766]},"54s":{"weight":0.0,"played":[0.9891,0.0109],"evs":[0.0,-0.73951]},"55":{"weight":0.59,"played":[1.0E-4,0.9999],"evs":[0.0,1.84141]},"65o":{"weight":0.0,"played":[1.0,0.0],"evs":[0.0,-1.84455]},"75o":{"weight":0.0,"played":[1.0,0.0],"evs":[0.0,-2.2998]},"85o":{"weight":0.0,"played":[1.0,0.0],"evs":[0.0,-2.38588]},"95o":{"weight":0.0,"played":[1.0,0.0],"evs":[0.0,-2.60746]},"T5o":{"weight":0.0,"played":[1.0,0.0],"evs":[0.0,-3.17787]},"J5o":{"weight":0.0,"played":[1.0,0.0],"evs":[0.0,-2.62706]},"Q5o":{"weight":0.0,"played":[1.0,0.0],"evs":[0.0,-2.46827]},"K5o":{"weight":0.0,"played":[1.0,0.0],"evs":[0.0,-1.7263]},"A5o":{"weight":0.0,"played":[1.0,0.0],"evs":[0.0,-1.53501]},"62s":{"weight":0.0,"played":[1.0,0.0],"evs":[0.0,-1.92229]},"63s":{"weight":0.0,"played":[1.0,0.0],"evs":[0.0,-1.25619]},"64s":{"weight":0.0,"played":[0.9997,3.0E-4],"evs":[0.0,-1.10346]},"65s":{"weight":0.001,"played":[0.9915,0.0085],"evs":[0.0,-0.57468]},"66":{"weight":0.8013,"played":[0.0,1.0],"evs":[0.0,2.52126]},"76o":{"weight":0.0,"played":[1.0,0.0],"evs":[0.0,-1.70445]},"86o":{"weight":0.0,"played":[1.0,0.0],"evs":[0.0,-1.93556]},"96o":{"weight":0.0,"played":[1.0,0.0],"evs":[0.0,-2.18335]},"T6o":{"weight":0.0,"played":[1.0,0.0],"evs":[0.0,-2.81936]},"J6o":{"weight":0.0,"played":[1.0,0.0],"evs":[0.0,-2.68601]},"Q6o":{"weight":0.0,"played":[1.0,0.0],"evs":[0.0,-2.3631]},"K6o":{"weight":0.0,"played":[1.0,0.0],"evs":[0.0,-1.70395]},"A6o":{"weight":0.0,"played":[1.0,0.0],"evs":[0.0,-2.20919]},"72s":{"weight":0.0,"played":[1.0,0.0],"evs":[0.0,-2.31253]},"73s":{"weight":0.0,"played":[1.0,0.0],"evs":[0.0,-1.84323]},"74s":{"weight":0.0,"played":[1.0,0.0],"evs":[0.0,-0.89574]},"75s":{"weight":0.0,"played":[0.996,0.004],"evs":[0.0,-0.72855]},"76s":{"weight":0.0,"played":[1.0,0.0],"evs":[0.0,-0.37443]},"77":{"weight":0.987,"played":[0.0,1.0],"evs":[0.0,3.99562]},"87o":{"weight":0.0,"played":[1.0,0.0],"evs":[0.0,-1.4095]},"97o":{"weight":0.0,"played":[1.0,0.0],"evs":[0.0,-1.50733]},"T7o":{"weight":0.0,"played":[1.0,0.0],"evs":[0.0,-2.13539]},"J7o":{"weight":0.0,"played":[1.0,0.0],"evs":[0.0,-2.17261]},"Q7o":{"weight":0.0,"played":[1.0,0.0],"evs":[0.0,-2.22667]},"K7o":{"weight":0.0,"played":[1.0,0.0],"evs":[0.0,-1.58064]},"A7o":{"weight":0.0,"played":[1.0,0.0],"evs":[0.0,-1.77178]},"82s":{"weight":0.0,"played":[1.0,0.0],"evs":[0.0,-2.03274]},"83s":{"weight":0.0,"played":[1.0,0.0],"evs":[0.0,-2.09526]},"84s":{"weight":0.0,"played":[1.0,0.0],"evs":[0.0,-1.2705]},"85s":{"weight":0.0,"played":[0.9959,0.0041],"evs":[0.0,-0.96357]},"86s":{"weight":0.0,"played":[0.9948,0.0052],"evs":[0.0,-0.33936]},"87s":{"weight":0.001,"played":[0.5051,0.4949],"evs":[0.0,-0.01989]},"88":{"weight":0.9974,"played":[0.0,1.0],"evs":[0.0,5.18531]},"98o":{"weight":0.0,"played":[1.0,0.0],"evs":[0.0,-0.85151]},"T8o":{"weight":0.0,"played":[1.0,0.0],"evs":[0.0,-1.27151]},"J8o":{"weight":0.0,"played":[1.0,0.0],"evs":[0.0,-1.30908]},"Q8o":{"weight":0.0,"played":[1.0,0.0],"evs":[0.0,-1.62228]},"K8o":{"weight":0.0,"played":[1.0,0.0],"evs":[0.0,-1.24226]},"A8o":{"weight":0.0,"played":[0.9999,1.0E-4],"evs":[0.0,-1.51562]},"92s":{"weight":0.0,"played":[1.0,0.0],"evs":[0.0,-1.76208]},"93s":{"weight":0.0,"played":[1.0,0.0],"evs":[0.0,-1.47781]},"94s":{"weight":0.0,"played":[1.0,0.0],"evs":[0.0,-1.35456]},"95s":{"weight":0.0,"played":[0.9999,1.0E-4],"evs":[0.0,-1.22]},"96s":{"weight":0.0,"played":[0.9969,0.0031],"evs":[0.0,-0.48925]},"97s":{"weight":0.0,"played":[0.9402,0.0598],"evs":[0.0,-0.25586]},"98s":{"weight":0.5458,"played":[0.0184,0.9816],"evs":[0.0,0.5148]},"99":{"weight":0.0,"played":[0.0,1.0],"evs":[0.0,6.56988]},"T9o":{"weight":0.0,"played":[0.9998,2.0E-4],"evs":[0.0,-0.70371]},"J9o":{"weight":0.0,"played":[1.0,0.0],"evs":[0.0,-0.85211]},"Q9o":{"weight":0.0,"played":[1.0,0.0],"evs":[0.0,-0.86443]},"K9o":{"weight":0.0,"played":[0.9999,1.0E-4],"evs":[0.0,-0.80019]},"A9o":{"weight":0.261,"played":[0.9997,3.0E-4],"evs":[0.0,-1.12601]},"T2s":{"weight":0.0,"played":[1.0,0.0],"evs":[0.0,-2.01502]},"T3s":{"weight":0.0,"played":[0.9984,0.0016],"evs":[0.0,-1.704]},"T4s":{"weight":0.0,"played":[1.0,0.0],"evs":[0.0,-1.80827]},"T5s":{"weight":0.0,"played":[0.9998,2.0E-4],"evs":[0.0,-1.53668]},"T6s":{"weight":0.0,"played":[1.0,0.0],"evs":[0.0,-1.12742]},"T7s":{"weight":0.0,"played":[1.0,0.0],"evs":[0.0,-0.63483]},"T8s":{"weight":0.0,"played":[0.0253,0.9747],"evs":[0.0,0.05761]},"T9s":{"weight":0.9962,"played":[0.0017,0.9983],"evs":[0.0,0.87691]},"TT":{"weight":0.0,"played":[0.0,1.0],"evs":[0.0,8.40756]},"JTo":{"weight":0.0,"played":[0.9901,0.0099],"evs":[0.0,-0.47916]},"QTo":{"weight":0.0,"played":[0.9985,0.0015],"evs":[0.0,-0.57884]},"KTo":{"weight":0.0,"played":[0.999,0.001],"evs":[0.0,-0.38271]},"ATo":{"weight":0.943,"played":[0.1842,0.8158],"evs":[0.0,0.10452]},"J2s":{"weight":0.0,"played":[1.0,0.0],"evs":[0.0,-1.63794]},"J3s":{"weight":0.0,"played":[1.0,0.0],"evs":[0.0,-1.48516]},"J4s":{"weight":0.0,"played":[1.0,0.0],"evs":[0.0,-1.30336]},"J5s":{"weight":0.0,"played":[1.0,0.0],"evs":[0.0,-1.19395]},"J6s":{"weight":0.0,"played":[1.0,0.0],"evs":[0.0,-1.42391]},"J7s":{"weight":0.0,"played":[0.9997,3.0E-4],"evs":[0.0,-0.59917]},"J8s":{"weight":0.0,"played":[0.729,0.271],"evs":[0.0,-0.23616]},"J9s":{"weight":0.9967,"played":[0.013,0.987],"evs":[0.0,0.56169]},"JTs":{"weight":0.921,"played":[0.0,1.0],"evs":[0.0,1.12405]},"JJ":{"weight":0.0,"played":[0.0,1.0],"evs":[0.0,10.4986]},"QJo":{"weight":0.571,"played":[0.9927,0.0073],"evs":[0.0,-0.2585]},"KJo":{"weight":1.0,"played":[0.7218,0.2782],"evs":[0.0,-0.06442]},"AJo":{"weight":0.152,"played":[0.0,1.0],"evs":[0.0,2.22249]},"Q2s":{"weight":0.0,"played":[1.0,0.0],"evs":[0.0,-1.2321]},"Q3s":{"weight":0.0,"played":[0.9946,0.0054],"evs":[0.0,-1.11862]},"Q4s":{"weight":0.0,"played":[0.9999,1.0E-4],"evs":[0.0,-1.01529]},"Q5s":{"weight":0.0,"played":[1.0,0.0],"evs":[0.0,-1.14816]},"Q6s":{"weight":0.0,"played":[0.9994,6.0E-4],"evs":[0.0,-0.97909]},"Q7s":{"weight":0.0,"played":[0.9999,1.0E-4],"evs":[0.0,-0.77487]},"Q8s":{"weight":0.0,"played":[0.4184,0.5816],"evs":[0.0,-0.08261]},"Q9s":{"weight":0.9667,"played":[0.0324,0.9676],"evs":[0.0,0.53835]},"QTs":{"weight":0.8501,"played":[0.0,1.0],"evs":[0.0,0.82389]},"QJs":{"weight":0.6164,"played":[0.001,0.999],"evs":[0.0,1.16715]},"QQ":{"weight":0.7511,"played":[0.0,1.0],"evs":[0.0,13.06386]},"KQo":{"weight":0.2263,"played":[2.0E-4,0.9998],"evs":[0.0,0.73743]},"AQo":{"weight":0.0046,"played":[0.0,1.0],"evs":[0.0,5.07498]},"K2s":{"weight":0.0,"played":[0.9889,0.0111],"evs":[0.0,-0.6344]},"K3s":{"weight":0.0,"played":[0.9942,0.0058],"evs":[0.0,-0.5306]},"K4s":{"weight":0.0,"played":[0.9982,0.0018],"evs":[0.0,-0.5782]},"K5s":{"weight":0.0,"played":[0.9981,0.0019],"evs":[0.0,-0.20082]},"K6s":{"weight":0.0,"played":[0.9805,0.0195],"evs":[0.0,-0.36506]},"K7s":{"weight":0.0,"played":[0.4608,0.5392],"evs":[0.0,0.02095]},"K8s":{"weight":0.0,"played":[0.1572,0.8428],"evs":[0.0,0.11902]},"K9s":{"weight":0.9744,"played":[1.0E-4,0.9999],"evs":[0.0,0.77101]},"KTs":{"weight":0.9688,"played":[0.0,1.0],"evs":[0.0,1.00369]},"KJs":{"weight":0.9793,"played":[1.0E-4,0.9999],"evs":[0.0,1.17677]},"KQs":{"weight":0.9293,"played":[0.0,1.0],"evs":[0.0,2.0907]},"KK":{"weight":1.0,"played":[0.0,1.0],"evs":[0.0,15.7935]},"AKo":{"weight":0.0,"played":[0.0,1.0],"evs":[0.0,7.61574]},"A2s":{"weight":0.0,"played":[0.9962,0.0038],"evs":[0.0,-0.73578]},"A3s":{"weight":0.1,"played":[0.9999,1.0E-4],"evs":[0.0,-0.32407]},"A4s":{"weight":0.69,"played":[0.952,0.048],"evs":[0.0,-0.51979]},"A5s":{"weight":0.0277,"played":[0.571,0.429],"evs":[0.0,-0.06207]},"A6s":{"weight":0.9931,"played":[0.9966,0.0034],"evs":[0.0,-0.63816]},"A7s":{"weight":0.9984,"played":[0.8522,0.1478],"evs":[0.0,-0.24113]},"A8s":{"weight":0.9996,"played":[0.1002,0.8998],"evs":[0.0,0.08365]},"A9s":{"weight":0.9994,"played":[3.0E-4,0.9997],"evs":[0.0,0.34711]},"ATs":{"weight":0.9998,"played":[0.0,1.0],"evs":[0.0,1.34162]},"AJs":{"weight":0.9993,"played":[0.0,1.0],"evs":[0.0,3.38321]},"AQs":{"weight":0.9978,"played":[0.0,1.0],"evs":[0.0,6.10777]},"AKs":{"weight":0.1647,"played":[0.0,1.0],"evs":[0.0,8.61795]},"AA":{"weight":1.0,"played":[0.0,1.0],"evs":[0.0,20.10063]}}}