{"player":0,"street":0,"children":2,"sequence":[{"player":0,"type":"R","amount":200000,"street":0},{"player":1,"type":"C","amount":200000,"street":0},{"player":2,"type":"R","amount":1345000,"street":0},{"player":3,"type":"F","amount":0,"street":0},{"player":4,"type":"C","amount":915000,"street":0}],"actions":[{"type":"F","amount":0,"node":210},{"type":"R","amount":2165000,"node":211}],"hands":{"22":{"weight":0.0,"played":[0.5939,0.4061],"evs":[0.0,1.29597]},"32o":{"weight":0.0,"played":[1.0,0.0],"evs":[0.0,-3.81869]},"42o":{"weight":0.0,"played":[0.9996,4.0E-4],"evs":[0.0,-3.41592]},"52o":{"weight":0.0,"played":[1.0,0.0],"evs":[0.0,-3.75722]},"62o":{"weight":0.0,"played":[1.0,0.0],"evs":[0.0,-4.8413]},"72o":{"weight":0.0,"played":[1.0,0.0],"evs":[0.0,-5.50301]},"82o":{"weight":0.0,"played":[1.0,0.0],"evs":[0.0,-4.85823]},"92o":{"weight":0.0,"played":[1.0,0.0],"evs":[0.0,-4.73447]},"T2o":{"weight":0.0,"played":[0.9997,3.0E-4],"evs":[0.0,-5.02056]},"J2o":{"weight":0.0,"played":[0.9999,1.0E-4],"evs":[0.0,-5.3486]},"Q2o":{"weight":0.0,"played":[1.0,0.0],"evs":[0.0,-4.83389]},"K2o":{"weight":0.0,"played":[0.9999,1.0E-4],"evs":[0.0,-3.16783]},"A2o":{"weight":0.0,"played":[0.9999,1.0E-4],"evs":[0.0,-3.56399]},"32s":{"weight":0.0,"played":[0.9997,3.0E-4],"evs":[0.0,-1.56168]},"33":{"weight":0.0,"played":[0.3899,0.6101],"evs":[0.0,0.27765]},"43o":{"weight":0.0,"played":[0.9988,0.0012],"evs":[0.0,-3.21725]},"53o":{"weight":0.0,"played":[0.9993,7.0E-4],"evs":[0.0,-2.96164]},"63o":{"weight":0.0,"played":[0.9932,0.0068],"evs":[0.0,-3.45589]},"73o":{"weight":0.0,"played":[1.0,0.0],"evs":[0.0,-4.97996]},"83o":{"weight":0.0,"played":[1.0,0.0],"evs":[0.0,-4.97508]},"93o":{"weight":0.0,"played":[1.0,0.0],"evs":[0.0,-4.48619]},"T3o":{"weight":0.0,"played":[0.9999,1.0E-4],"evs":[0.0,-5.02189]},"J3o":{"weight":0.0,"played":[0.9991,9.0E-4],"evs":[0.0,-5.1282]},"Q3o":{"weight":0.0,"played":[1.0,0.0],"evs":[0.0,-4.41626]},"K3o":{"weight":0.0,"played":[1.0,0.0],"evs":[0.0,-4.41285]},"A3o":{"weight":0.0,"played":[1.0,0.0],"evs":[0.0,-3.96808]},"42s":{"weight":0.0,"played":[0.9977,0.0023],"evs":[0.0,-1.82428]},"43s":{"weight":0.0,"played":[0.9992,8.0E-4],"evs":[0.0,-2.23168]},"44":{"weight":0.7344,"played":[0.1435,0.8565],"evs":[0.0,0.61007]},"54o":{"weight":0.0,"played":[0.9981,0.0019],"evs":[0.0,-2.25158]},"64o":{"weight":0.0,"played":[0.9999,1.0E-4],"evs":[0.0,-1.99106]},"74o":{"weight":0.0,"played":[0.9995,5.0E-4],"evs":[0.0,-3.55715]},"84o":{"weight":0.0,"played":[0.9996,4.0E-4],"evs":[0.0,-3.63716]},"94o":{"weight":0.0,"played":[1.0,0.0],"evs":[0.0,-4.65905]},"T4o":{"weight":0.0,"played":[0.9993,7.0E-4],"evs":[0.0,-3.69286]},"J4o":{"weight":0.0,"played":[0.9997,3.0E-4],"evs":[0.0,-5.18815]},"Q4o":{"weight":0.0,"played":[0.9999,1.0E-4],"evs":[0.0,-4.50051]},"K4o":{"weight":0.0,"played":[0.9999,1.0E-4],"evs":[0.0,-3.50806]},"A4o":{"weight":0.0062,"played":[0.9993,7.0E-4],"evs":[0.0,-3.819]},"52s":{"weight":0.0,"played":[0.9962,0.0038],"evs":[0.0,-2.10777]},"53s":{"weight":0.0,"played":[0.8442,0.1558],"evs":[0.0,-1.03259]},"54s":{"weight":0.0,"played":[0.3727,0.6273],"evs":[0.0,0.99847]},"55":{"weight":0.0624,"played":[0.0094,0.9906],"evs":[0.0,0.90255]},"65o":{"weight":0.0,"played":[0.9938,0.0062],"evs":[0.0,-1.39468]},"75o":{"weight":0.0,"played":[0.9993,7.0E-4],"evs":[0.0,-2.80082]},"85o":{"weight":0.0,"played":[0.9967,0.0033],"evs":[0.0,-3.05355]},"95o":{"weight":0.0,"played":[0.9996,4.0E-4],"evs":[0.0,-3.82439]},"T5o":{"weight":0.0,"played":[0.9999,1.0E-4],"evs":[0.0,-4.34101]},"J5o":{"weight":0.0,"played":[0.9991,9.0E-4],"evs":[0.0,-4.52781]},"Q5o":{"weight":0.0,"played":[0.9997,3.0E-4],"evs":[0.0,-3.90141]},"K5o":{"weight":0.0,"played":[1.0,0.0],"evs":[0.0,-3.11143]},"A5o":{"weight":1.0,"played":[0.992,0.008],"evs":[0.0,-3.01353]},"62s":{"weight":0.0,"played":[0.9966,0.0034],"evs":[0.0,-1.92361]},"63s":{"weight":0.0,"played":[0.997,0.003],"evs":[0.0,-0.71052]},"64s":{"weight":0.0,"played":[0.8885,0.1115],"evs":[0.0,-0.85673]},"65s":{"weight":0.0,"played":[0.0031,0.9969],"evs":[0.0,1.13662]},"66":{"weight":0.5495,"played":[0.0033,0.9967],"evs":[0.0,2.24998]},"76o":{"weight":0.0,"played":[0.9986,0.0014],"evs":[0.0,-2.40875]},"86o":{"weight":0.0,"played":[0.9999,1.0E-4],"evs":[0.0,-2.23673]},"96o":{"weight":0.0,"played":[0.9996,4.0E-4],"evs":[0.0,-3.11289]},"T6o":{"weight":0.0,"played":[1.0,0.0],"evs":[0.0,-3.83084]},"J6o":{"weight":0.0,"played":[0.9989,0.0011],"evs":[0.0,-3.94599]},"Q6o":{"weight":0.0,"played":[0.9988,0.0012],"evs":[0.0,-4.17849]},"K6o":{"weight":0.0,"played":[0.9998,2.0E-4],"evs":[0.0,-3.43043]},"A6o":{"weight":0.9127,"played":[0.9993,7.0E-4],"evs":[0.0,-4.13455]},"72s":{"weight":0.0,"played":[0.9903,0.0097],"evs":[0.0,-2.42117]},"73s":{"weight":0.0,"played":[1.0,0.0],"evs":[0.0,-0.88801]},"74s":{"weight":0.0,"played":[0.6989,0.3011],"evs":[0.0,-0.83111]},"75s":{"weight":0.0,"played":[0.1639,0.8361],"evs":[0.0,0.15116]},"76s":{"weight":0.0569,"played":[0.8236,0.1764],"evs":[0.0,-1.1338]},"77":{"weight":0.1231,"played":[2.0E-4,0.9998],"evs":[0.0,1.50892]},"87o":{"weight":0.0,"played":[0.999,0.001],"evs":[0.0,-1.62619]},"97o":{"weight":0.0,"played":[0.9999,1.0E-4],"evs":[0.0,-2.28915]},"T7o":{"weight":0.0,"played":[0.9993,7.0E-4],"evs":[0.0,-2.34454]},"J7o":{"weight":0.0,"played":[0.9999,1.0E-4],"evs":[0.0,-3.45335]},"Q7o":{"weight":0.0,"played":[0.9965,0.0035],"evs":[0.0,-4.7894]},"K7o":{"weight":0.0,"played":[0.9985,0.0015],"evs":[0.0,-2.84]},"A7o":{"weight":1.0,"played":[0.9991,9.0E-4],"evs":[0.0,-4.16924]},"82s":{"weight":0.0,"played":[0.9999,1.0E-4],"evs":[0.0,-1.94314]},"83s":{"weight":0.0,"played":[0.9518,0.0482],"evs":[0.0,-2.74293]},"84s":{"weight":0.0,"played":[0.979,0.021],"evs":[0.0,-1.24255]},"85s":{"weight":0.0,"played":[0.4654,0.5346],"evs":[0.0,0.28473]},"86s":{"weight":0.0,"played":[0.08,0.92],"evs":[0.0,-0.09472]},"87s":{"weight":0.8685,"played":[0.034,0.966],"evs":[0.0,0.83541]},"88":{"weight":0.663,"played":[0.0,1.0],"evs":[0.0,3.84717]},"98o":{"weight":0.0,"played":[0.9974,0.0026],"evs":[0.0,-1.72184]},"T8o":{"weight":0.0,"played":[0.9983,0.0017],"evs":[0.0,-2.69078]},"J8o":{"weight":0.0,"played":[0.9999,1.0E-4],"evs":[0.0,-2.49674]},"Q8o":{"weight":0.0,"played":[0.9971,0.0029],"evs":[0.0,-3.40647]},"K8o":{"weight":0.0,"played":[0.9974,0.0026],"evs":[0.0,-3.11879]},"A8o":{"weight":0.932,"played":[0.9998,2.0E-4],"evs":[0.0,-3.31454]},"92s":{"weight":0.0,"played":[0.9998,2.0E-4],"evs":[0.0,-1.66611]},"93s":{"weight":0.0,"played":[0.9951,0.0049],"evs":[0.0,-2.75181]},"94s":{"weight":0.0,"played":[0.9996,4.0E-4],"evs":[0.0,-1.50561]},"95s":{"weight":0.0,"played":[0.9952,0.0048],"evs":[0.0,-0.9374]},"96s":{"weight":0.0,"played":[0.8279,0.1721],"evs":[0.0,0.00145]},"97s":{"weight":0.9747,"played":[0.2944,0.7056],"evs":[0.0,0.25131]},"98s":{"weight":0.001,"played":[0.0196,0.9804],"evs":[0.0,0.72229]},"99":{"weight":1.0,"played":[0.0,1.0],"evs":[0.0,5.86354]},"T9o":{"weight":0.0,"played":[0.9968,0.0032],"evs":[0.0,-1.86602]},"J9o":{"weight":0.0,"played":[1.0,0.0],"evs":[0.0,-1.79659]},"Q9o":{"weight":0.0,"played":[0.9999,1.0E-4],"evs":[0.0,-2.01003]},"K9o":{"weight":0.0122,"played":[0.9994,6.0E-4],"evs":[0.0,-1.34083]},"A9o":{"weight":0.9999,"played":[0.996,0.004],"evs":[0.0,-3.17343]},"T2s":{"weight":0.0,"played":[0.9974,0.0026],"evs":[0.0,-2.45354]},"T3s":{"weight":0.0,"played":[0.9895,0.0105],"evs":[0.0,-2.52289]},"T4s":{"weight":0.0,"played":[0.9708,0.0292],"evs":[0.0,-2.52591]},"T5s":{"weight":0.0,"played":[0.9952,0.0048],"evs":[0.0,-1.06246]},"T6s":{"weight":0.0,"played":[0.9696,0.0304],"evs":[0.0,-1.35407]},"T7s":{"weight":1.0E-4,"played":[0.7588,0.2412],"evs":[0.0,-0.33592]},"T8s":{"weight":0.9001,"played":[0.5295,0.4705],"evs":[0.0,-0.44903]},"T9s":{"weight":0.0,"played":[0.4808,0.5192],"evs":[0.0,0.06333]},"TT":{"weight":1.0,"played":[0.0,1.0],"evs":[0.0,6.86472]},"JTo":{"weight":1.0,"played":[0.9982,0.0018],"evs":[0.0,-1.14807]},"QTo":{"weight":1.0,"played":[0.9966,0.0034],"evs":[0.0,-2.44301]},"KTo":{"weight":1.0,"played":[0.9518,0.0482],"evs":[0.0,-1.54647]},"ATo":{"weight":0.2729,"played":[0.8974,0.1026],"evs":[0.0,-0.98256]},"J2s":{"weight":0.0,"played":[0.9525,0.0475],"evs":[0.0,-1.79664]},"J3s":{"weight":0.0,"played":[0.9984,0.0016],"evs":[0.0,-1.87481]},"J4s":{"weight":0.0,"played":[0.8986,0.1014],"evs":[0.0,-1.19931]},"J5s":{"weight":0.0,"played":[0.9998,2.0E-4],"evs":[0.0,-1.65811]},"J6s":{"weight":0.0,"played":[0.9799,0.0201],"evs":[0.0,-2.64463]},"J7s":{"weight":0.0,"played":[0.4795,0.5205],"evs":[0.0,-0.24561]},"J8s":{"weight":0.987,"played":[0.6235,0.3765],"evs":[0.0,-0.6252]},"J9s":{"weight":3.0E-4,"played":[0.0178,0.9822],"evs":[0.0,1.83359]},"JTs":{"weight":0.1953,"played":[0.6168,0.3832],"evs":[0.0,0.48425]},"JJ":{"weight":1.0,"played":[0.0,1.0],"evs":[0.0,8.66917]},"QJo":{"weight":1.0,"played":[0.9711,0.0289],"evs":[0.0,-2.02964]},"KJo":{"weight":0.664,"played":[0.9995,5.0E-4],"evs":[0.0,-1.27785]},"AJo":{"weight":2.0E-4,"played":[0.7731,0.2269],"evs":[0.0,-0.99489]},"Q2s":{"weight":0.0,"played":[0.9811,0.0189],"evs":[0.0,-2.58864]},"Q3s":{"weight":0.0,"played":[0.9909,0.0091],"evs":[0.0,-2.44281]},"Q4s":{"weight":0.0,"played":[0.9989,0.0011],"evs":[0.0,-2.02625]},"Q5s":{"weight":0.0,"played":[0.9997,3.0E-4],"evs":[0.0,-3.08522]},"Q6s":{"weight":1.0E-4,"played":[0.9929,0.0071],"evs":[0.0,-2.431]},"Q7s":{"weight":2.0E-4,"played":[0.9551,0.0449],"evs":[0.0,-1.83122]},"Q8s":{"weight":0.9999,"played":[0.9999,1.0E-4],"evs":[0.0,-1.16639]},"Q9s":{"weight":0.6071,"played":[0.0028,0.9972],"evs":[0.0,1.12094]},"QTs":{"weight":0.6492,"played":[0.3903,0.6097],"evs":[0.0,0.04028]},"QJs":{"weight":0.7581,"played":[0.2567,0.7433],"evs":[0.0,-0.48021]},"QQ":{"weight":1.0,"played":[0.0,1.0],"evs":[0.0,13.24296]},"KQo":{"weight":0.3348,"played":[0.9369,0.0631],"evs":[0.0,-0.5013]},"AQo":{"weight":2.0E-4,"played":[0.0,1.0],"evs":[0.0,1.25654]},"K2s":{"weight":0.0,"played":[0.9957,0.0043],"evs":[0.0,-2.18175]},"K3s":{"weight":0.0,"played":[0.9527,0.0473],"evs":[0.0,-1.7716]},"K4s":{"weight":0.0,"played":[0.9332,0.0668],"evs":[0.0,-0.87226]},"K5s":{"weight":0.8618,"played":[0.417,0.583],"evs":[0.0,-0.74371]},"K6s":{"weight":1.0,"played":[0.5574,0.4426],"evs":[0.0,-0.20604]},"K7s":{"weight":1.0,"played":[0.9718,0.0282],"evs":[0.0,-0.87999]},"K8s":{"weight":0.9992,"played":[0.9447,0.0553],"evs":[0.0,-0.69929]},"K9s":{"weight":1.0E-4,"played":[0.0667,0.9333],"evs":[0.0,1.30121]},"KTs":{"weight":0.0024,"played":[0.3106,0.6894],"evs":[0.0,0.5973]},"KJs":{"weight":0.9986,"played":[0.0027,0.9973],"evs":[0.0,0.83629]},"KQs":{"weight":1.0,"played":[0.0169,0.9831],"evs":[0.0,1.20534]},"KK":{"weight":1.0,"played":[0.0,1.0],"evs":[0.0,18.27522]},"AKo":{"weight":0.9445,"played":[0.0,1.0],"evs":[0.0,5.08409]},"A2s":{"weight":0.9994,"played":[0.9334,0.0666],"evs":[0.0,-1.00909]},"A3s":{"weight":0.9989,"played":[0.7752,0.2248],"evs":[0.0,-1.01896]},"A4s":{"weight":0.152,"played":[0.8774,0.1226],"evs":[0.0,-1.1762]},"A5s":{"weight":0.2067,"played":[0.2738,0.7262],"evs":[0.0,-0.09507]},"A6s":{"weight":0.5952,"played":[0.968,0.032],"evs":[0.0,-1.66274]},"A7s":{"weight":0.6744,"played":[0.9833,0.0167],"evs":[0.0,-1.10793]},"A8s":{"weight":0.418,"played":[0.9716,0.0284],"evs":[0.0,-0.78389]},"A9s":{"weight":0.9999,"played":[0.4935,0.5065],"evs":[0.0,0.00872]},"ATs":{"weight":1.0,"played":[0.0135,0.9865],"evs":[0.0,1.26256]},"AJs":{"weight":1.0,"played":[0.003,0.997],"evs":[0.0,2.30463]},"AQs":{"weight":1.0,"played":[0.002,0.998],"evs":[0.0,3.96471]},"AKs":{"weight":1.0,"played":[0.0,1.0],"evs":[0.0,6.87226]},"AA":{"weight":1.0,"played":[0.0,1.0],"evs":[0.0,27.71979]}}}