{"player":4,"street":0,"children":2,"sequence":[{"player":0,"type":"F","amount":0,"street":0},{"player":1,"type":"F","amount":0,"street":0},{"player":2,"type":"R","amount":1345000,"street":0},{"player":3,"type":"C","amount":1295000,"street":0}],"actions":[{"type":"F","amount":0},{"type":"C","amount":915000}],"hands":{"22":{"weight":1.0,"played":[0.9999,1.0E-4],"evs":[0.0,-0.36538]},"32o":{"weight":1.0,"played":[1.0,0.0],"evs":[0.0,-3.98421]},"42o":{"weight":1.0,"played":[1.0,0.0],"evs":[0.0,-3.71026]},"52o":{"weight":1.0,"played":[1.0,0.0],"evs":[0.0,-3.52123]},"62o":{"weight":1.0,"played":[1.0,0.0],"evs":[0.0,-3.78417]},"72o":{"weight":1.0,"played":[1.0,0.0],"evs":[0.0,-4.01629]},"82o":{"weight":1.0,"played":[1.0,0.0],"evs":[0.0,-3.81629]},"92o":{"weight":1.0,"played":[1.0,0.0],"evs":[0.0,-3.86497]},"T2o":{"weight":1.0,"played":[1.0,0.0],"evs":[0.0,-3.733]},"J2o":{"weight":1.0,"played":[1.0,0.0],"evs":[0.0,-3.46589]},"Q2o":{"weight":1.0,"played":[1.0,0.0],"evs":[0.0,-3.21539]},"K2o":{"weight":1.0,"played":[1.0,0.0],"evs":[0.0,-2.91976]},"A2o":{"weight":1.0,"played":[1.0,0.0],"evs":[0.0,-2.29411]},"32s":{"weight":1.0,"played":[1.0,0.0],"evs":[0.0,-2.60164]},"33":{"weight":1.0,"played":[0.0,1.0],"evs":[0.0,0.3218]},"43o":{"weight":1.0,"played":[1.0,0.0],"evs":[0.0,-3.07254]},"53o":{"weight":1.0,"played":[1.0,0.0],"evs":[0.0,-2.83886]},"63o":{"weight":1.0,"played":[1.0,0.0],"evs":[0.0,-3.06707]},"73o":{"weight":1.0,"played":[1.0,0.0],"evs":[0.0,-3.38627]},"83o":{"weight":1.0,"played":[1.0,0.0],"evs":[0.0,-3.65521]},"93o":{"weight":1.0,"played":[1.0,0.0],"evs":[0.0,-3.57523]},"T3o":{"weight":1.0,"played":[1.0,0.0],"evs":[0.0,-3.48874]},"J3o":{"weight":1.0,"played":[1.0,0.0],"evs":[0.0,-3.24221]},"Q3o":{"weight":1.0,"played":[1.0,0.0],"evs":[0.0,-2.99896]},"K3o":{"weight":1.0,"played":[1.0,0.0],"evs":[0.0,-2.66709]},"A3o":{"weight":1.0,"played":[1.0,0.0],"evs":[0.0,-2.03407]},"42s":{"weight":1.0,"played":[1.0,0.0],"evs":[0.0,-2.25451]},"43s":{"weight":1.0,"played":[1.0,0.0],"evs":[0.0,-1.76641]},"44":{"weight":1.0,"played":[0.0,1.0],"evs":[0.0,1.00057]},"54o":{"weight":1.0,"played":[1.0,0.0],"evs":[0.0,-2.15999]},"64o":{"weight":1.0,"played":[1.0,0.0],"evs":[0.0,-2.42198]},"74o":{"weight":1.0,"played":[1.0,0.0],"evs":[0.0,-2.72287]},"84o":{"weight":1.0,"played":[1.0,0.0],"evs":[0.0,-3.05924]},"94o":{"weight":1.0,"played":[1.0,0.0],"evs":[0.0,-3.4258]},"T4o":{"weight":1.0,"played":[1.0,0.0],"evs":[0.0,-3.18073]},"J4o":{"weight":1.0,"played":[1.0,0.0],"evs":[0.0,-2.98408]},"Q4o":{"weight":1.0,"played":[1.0,0.0],"evs":[0.0,-2.7488]},"K4o":{"weight":1.0,"played":[1.0,0.0],"evs":[0.0,-2.43592]},"A4o":{"weight":1.0,"played":[1.0,0.0],"evs":[0.0,-1.75053]},"52s":{"weight":1.0,"played":[1.0,0.0],"evs":[0.0,-2.04185]},"53s":{"weight":1.0,"played":[1.0,0.0],"evs":[0.0,-1.36645]},"54s":{"weight":1.0,"played":[1.0,0.0],"evs":[0.0,-0.83088]},"55":{"weight":1.0,"played":[0.0,1.0],"evs":[0.0,1.76347]},"65o":{"weight":1.0,"played":[1.0,0.0],"evs":[0.0,-1.85035]},"75o":{"weight":1.0,"played":[1.0,0.0],"evs":[0.0,-2.07347]},"85o":{"weight":1.0,"played":[1.0,0.0],"evs":[0.0,-2.34126]},"95o":{"weight":1.0,"played":[1.0,0.0],"evs":[0.0,-2.78051]},"T5o":{"weight":1.0,"played":[1.0,0.0],"evs":[0.0,-3.0662]},"J5o":{"weight":1.0,"played":[1.0,0.0],"evs":[0.0,-2.77395]},"Q5o":{"weight":1.0,"played":[1.0,0.0],"evs":[0.0,-2.48356]},"K5o":{"weight":1.0,"played":[1.0,0.0],"evs":[0.0,-2.22323]},"A5o":{"weight":1.0,"played":[1.0,0.0],"evs":[0.0,-1.3321]},"62s":{"weight":1.0,"played":[1.0,0.0],"evs":[0.0,-2.25613]},"63s":{"weight":1.0,"played":[1.0,0.0],"evs":[0.0,-1.66651]},"64s":{"weight":1.0,"played":[1.0,0.0],"evs":[0.0,-1.10363]},"65s":{"weight":1.0,"played":[0.9996,4.0E-4],"evs":[0.0,-0.49218]},"66":{"weight":1.0,"played":[0.0,1.0],"evs":[0.0,2.51416]},"76o":{"weight":1.0,"played":[1.0,0.0],"evs":[0.0,-1.52024]},"86o":{"weight":1.0,"played":[1.0,0.0],"evs":[0.0,-1.74286]},"96o":{"weight":1.0,"played":[1.0,0.0],"evs":[0.0,-2.18936]},"T6o":{"weight":1.0,"played":[1.0,0.0],"evs":[0.0,-2.42272]},"J6o":{"weight":1.0,"played":[1.0,0.0],"evs":[0.0,-2.5813]},"Q6o":{"weight":1.0,"played":[1.0,0.0],"evs":[0.0,-2.2828]},"K6o":{"weight":1.0,"played":[1.0,0.0],"evs":[0.0,-1.88824]},"A6o":{"weight":1.0,"played":[1.0,0.0],"evs":[0.0,-1.32614]},"72s":{"weight":1.0,"played":[1.0,0.0],"evs":[0.0,-2.54961]},"73s":{"weight":1.0,"played":[1.0,0.0],"evs":[0.0,-1.92087]},"74s":{"weight":1.0,"played":[1.0,0.0],"evs":[0.0,-1.23232]},"75s":{"weight":1.0,"played":[1.0,0.0],"evs":[0.0,-0.72695]},"76s":{"weight":1.0,"played":[0.9506,0.0494],"evs":[0.0,-0.12861]},"77":{"weight":1.0,"played":[0.0,1.0],"evs":[0.0,3.28825]},"87o":{"weight":1.0,"played":[1.0,0.0],"evs":[0.0,-1.25128]},"97o":{"weight":1.0,"played":[1.0,0.0],"evs":[0.0,-1.55425]},"T7o":{"weight":1.0,"played":[1.0,0.0],"evs":[0.0,-1.82695]},"J7o":{"weight":1.0,"played":[1.0,0.0],"evs":[0.0,-2.00822]},"Q7o":{"weight":1.0,"played":[1.0,0.0],"evs":[0.0,-2.19033]},"K7o":{"weight":1.0,"played":[1.0,0.0],"evs":[0.0,-1.73076]},"A7o":{"weight":1.0,"played":[1.0,0.0],"evs":[0.0,-0.7205]},"82s":{"weight":1.0,"played":[1.0,0.0],"evs":[0.0,-2.40225]},"83s":{"weight":1.0,"played":[1.0,0.0],"evs":[0.0,-2.21344]},"84s":{"weight":1.0,"played":[1.0,0.0],"evs":[0.0,-1.66642]},"85s":{"weight":1.0,"played":[1.0,0.0],"evs":[0.0,-0.97541]},"86s":{"weight":1.0,"played":[1.0,0.0],"evs":[0.0,-0.31704]},"87s":{"weight":1.0,"played":[0.0297,0.9703],"evs":[0.0,0.11235]},"88":{"weight":1.0,"played":[0.0,1.0],"evs":[0.0,4.22745]},"98o":{"weight":1.0,"played":[1.0,0.0],"evs":[0.0,-1.07975]},"T8o":{"weight":1.0,"played":[1.0,0.0],"evs":[0.0,-1.25049]},"J8o":{"weight":1.0,"played":[1.0,0.0],"evs":[0.0,-1.42027]},"Q8o":{"weight":1.0,"played":[1.0,0.0],"evs":[0.0,-1.59832]},"K8o":{"weight":1.0,"played":[1.0,0.0],"evs":[0.0,-1.52277]},"A8o":{"weight":1.0,"played":[0.2155,0.7845],"evs":[0.0,0.0058]},"92s":{"weight":1.0,"played":[1.0,0.0],"evs":[0.0,-2.35098]},"93s":{"weight":1.0,"played":[1.0,0.0],"evs":[0.0,-2.13357]},"94s":{"weight":1.0,"played":[1.0,0.0],"evs":[0.0,-1.93509]},"95s":{"weight":1.0,"played":[1.0,0.0],"evs":[0.0,-1.37891]},"96s":{"weight":1.0,"played":[0.9999,1.0E-4],"evs":[0.0,-0.64076]},"97s":{"weight":1.0,"played":[0.9974,0.0026],"evs":[0.0,-0.24509]},"98s":{"weight":1.0,"played":[6.0E-4,0.9994],"evs":[0.0,0.20382]},"99":{"weight":1.0,"played":[0.0,1.0],"evs":[0.0,5.34356]},"T9o":{"weight":1.0,"played":[1.0,0.0],"evs":[0.0,-0.77635]},"J9o":{"weight":1.0,"played":[1.0,0.0],"evs":[0.0,-0.94964]},"Q9o":{"weight":1.0,"played":[1.0,0.0],"evs":[0.0,-1.01408]},"K9o":{"weight":1.0,"played":[1.0,0.0],"evs":[0.0,-0.89271]},"A9o":{"weight":1.0,"played":[0.0,1.0],"evs":[0.0,0.81084]},"T2s":{"weight":1.0,"played":[1.0,0.0],"evs":[0.0,-2.27429]},"T3s":{"weight":1.0,"played":[1.0,0.0],"evs":[0.0,-2.02694]},"T4s":{"weight":1.0,"played":[1.0,0.0],"evs":[0.0,-1.7815]},"T5s":{"weight":1.0,"played":[1.0,0.0],"evs":[0.0,-1.62618]},"T6s":{"weight":1.0,"played":[1.0,0.0],"evs":[0.0,-1.07278]},"T7s":{"weight":1.0,"played":[0.9999,1.0E-4],"evs":[0.0,-0.5389]},"T8s":{"weight":1.0,"played":[0.0178,0.9822],"evs":[0.0,0.10153]},"T9s":{"weight":1.0,"played":[0.0,1.0],"evs":[0.0,0.48123]},"TT":{"weight":1.0,"played":[0.0,1.0],"evs":[0.0,6.95098]},"JTo":{"weight":1.0,"played":[0.9975,0.0025],"evs":[0.0,-0.16228]},"QTo":{"weight":1.0,"played":[0.9993,7.0E-4],"evs":[0.0,-0.18985]},"KTo":{"weight":1.0,"played":[1.0E-4,0.9999],"evs":[0.0,0.21973]},"ATo":{"weight":1.0,"played":[0.0,1.0],"evs":[0.0,2.44416]},"J2s":{"weight":1.0,"played":[1.0,0.0],"evs":[0.0,-1.9914]},"J3s":{"weight":1.0,"played":[1.0,0.0],"evs":[0.0,-1.81226]},"J4s":{"weight":1.0,"played":[1.0,0.0],"evs":[0.0,-1.61632]},"J5s":{"weight":1.0,"played":[1.0,0.0],"evs":[0.0,-1.34162]},"J6s":{"weight":1.0,"played":[1.0,0.0],"evs":[0.0,-1.11438]},"J7s":{"weight":1.0,"played":[0.9999,1.0E-4],"evs":[0.0,-0.70294]},"J8s":{"weight":1.0,"played":[0.9829,0.0171],"evs":[0.0,-0.18176]},"J9s":{"weight":1.0,"played":[2.0E-4,0.9998],"evs":[0.0,0.42729]},"JTs":{"weight":1.0,"played":[0.0,1.0],"evs":[0.0,1.02377]},"JJ":{"weight":1.0,"played":[0.0,1.0],"evs":[0.0,8.3467]},"QJo":{"weight":1.0,"played":[0.0,1.0],"evs":[0.0,0.36647]},"KJo":{"weight":1.0,"played":[0.0,1.0],"evs":[0.0,0.82083]},"AJo":{"weight":1.0,"played":[0.0,1.0],"evs":[0.0,3.38145]},"Q2s":{"weight":1.0,"played":[1.0,0.0],"evs":[0.0,-1.77141]},"Q3s":{"weight":1.0,"played":[1.0,0.0],"evs":[0.0,-1.41859]},"Q4s":{"weight":1.0,"played":[1.0,0.0],"evs":[0.0,-1.30772]},"Q5s":{"weight":1.0,"played":[1.0,0.0],"evs":[0.0,-1.0876]},"Q6s":{"weight":1.0,"played":[1.0,0.0],"evs":[0.0,-0.85857]},"Q7s":{"weight":1.0,"played":[1.0,0.0],"evs":[0.0,-0.75181]},"Q8s":{"weight":1.0,"played":[1.0,0.0],"evs":[0.0,-0.21117]},"Q9s":{"weight":1.0,"played":[0.0011,0.9989],"evs":[0.0,0.29327]},"QTs":{"weight":1.0,"played":[0.0,1.0],"evs":[0.0,1.05413]},"QJs":{"weight":1.0,"played":[0.0,1.0],"evs":[0.0,1.55359]},"QQ":{"weight":1.0,"played":[0.0,1.0],"evs":[0.0,9.93467]},"KQo":{"weight":1.0,"played":[0.0,1.0],"evs":[0.0,1.48775]},"AQo":{"weight":1.0,"played":[0.0,1.0],"evs":[0.0,4.46522]},"K2s":{"weight":1.0,"played":[1.0,0.0],"evs":[0.0,-1.49485]},"K3s":{"weight":1.0,"played":[1.0,0.0],"evs":[0.0,-1.24765]},"K4s":{"weight":1.0,"played":[1.0,0.0],"evs":[0.0,-0.89761]},"K5s":{"weight":1.0,"played":[1.0,0.0],"evs":[0.0,-0.67502]},"K6s":{"weight":1.0,"played":[1.0,0.0],"evs":[0.0,-0.46696]},"K7s":{"weight":1.0,"played":[0.9972,0.0028],"evs":[0.0,-0.33202]},"K8s":{"weight":1.0,"played":[0.9614,0.0386],"evs":[0.0,-0.12751]},"K9s":{"weight":1.0,"played":[0.0,1.0],"evs":[0.0,0.46802]},"KTs":{"weight":1.0,"played":[0.0,1.0],"evs":[0.0,1.62248]},"KJs":{"weight":1.0,"played":[0.0,1.0],"evs":[0.0,2.00882]},"KQs":{"weight":1.0,"played":[0.0,1.0],"evs":[0.0,2.68165]},"KK":{"weight":1.0,"played":[0.0,1.0],"evs":[0.0,11.89778]},"AKo":{"weight":1.0,"played":[0.0,1.0],"evs":[0.0,5.68164]},"A2s":{"weight":1.0,"played":[1.0,0.0],"evs":[0.0,-0.79673]},"A3s":{"weight":1.0,"played":[0.9992,8.0E-4],"evs":[0.0,-0.53665]},"A4s":{"weight":1.0,"played":[0.993,0.007],"evs":[0.0,-0.15439]},"A5s":{"weight":1.0,"played":[0.0137,0.9863],"evs":[0.0,0.19317]},"A6s":{"weight":1.0,"played":[0.2626,0.7374],"evs":[0.0,0.06147]},"A7s":{"weight":1.0,"played":[0.0,1.0],"evs":[0.0,0.71836]},"A8s":{"weight":1.0,"played":[0.0,1.0],"evs":[0.0,1.36213]},"A9s":{"weight":1.0,"played":[0.0,1.0],"evs":[0.0,2.14992]},"ATs":{"weight":1.0,"played":[0.0,1.0],"evs":[0.0,3.68354]},"AJs":{"weight":1.0,"played":[0.0,1.0],"evs":[0.0,4.53586]},"AQs":{"weight":1.0,"played":[0.0,1.0],"evs":[0.0,5.60726]},"AKs":{"weight":1.0,"played":[0.0,1.0],"evs":[0.0,6.666]},"AA":{"weight":1.0,"played":[0.0,1.0],"evs":[0.0,16.23825]}}}