{"player":1,"street":0,"children":2,"sequence":[{"player":0,"type":"R","amount":200000,"street":0},{"player":1,"type":"C","amount":200000,"street":0},{"player":2,"type":"R","amount":1345000,"street":0},{"player":3,"type":"F","amount":0,"street":0},{"player":4,"type":"C","amount":915000,"street":0},{"player":0,"type":"F","amount":0,"street":0}],"actions":[{"type":"F","amount":0},{"type":"C","amount":1145000}],"hands":{"22":{"weight":0.0,"played":[0.0019,0.9981],"evs":[0.0,1.26724]},"32o":{"weight":0.0,"played":[0.9994,6.0E-4],"evs":[0.0,-3.14036]},"42o":{"weight":0.0,"played":[0.9998,2.0E-4],"evs":[0.0,-3.43033]},"52o":{"weight":0.0,"played":[1.0,0.0],"evs":[0.0,-3.22403]},"62o":{"weight":0.0,"played":[1.0,0.0],"evs":[0.0,-4.28151]},"72o":{"weight":0.0,"played":[1.0,0.0],"evs":[0.0,-4.566]},"82o":{"weight":0.0,"played":[0.9998,2.0E-4],"evs":[0.0,-3.90609]},"92o":{"weight":0.0,"played":[0.999,0.001],"evs":[0.0,-4.02863]},"T2o":{"weight":0.0,"played":[0.9998,2.0E-4],"evs":[0.0,-3.83045]},"J2o":{"weight":0.0,"played":[0.9995,5.0E-4],"evs":[0.0,-2.99809]},"Q2o":{"weight":0.0,"played":[0.9999,1.0E-4],"evs":[0.0,-3.75942]},"K2o":{"weight":0.0,"played":[0.9876,0.0124],"evs":[0.0,-3.4454]},"A2o":{"weight":0.0,"played":[0.9969,0.0031],"evs":[0.0,-3.26877]},"32s":{"weight":0.0,"played":[0.9988,0.0012],"evs":[0.0,-0.88175]},"33":{"weight":0.9041,"played":[0.049,0.951],"evs":[0.0,0.32807]},"43o":{"weight":0.0,"played":[0.9997,3.0E-4],"evs":[0.0,-2.40452]},"53o":{"weight":0.0,"played":[0.9967,0.0033],"evs":[0.0,-2.65722]},"63o":{"weight":0.0,"played":[0.9999,1.0E-4],"evs":[0.0,-2.6558]},"73o":{"weight":0.0,"played":[1.0,0.0],"evs":[0.0,-3.44242]},"83o":{"weight":0.0,"played":[0.9999,1.0E-4],"evs":[0.0,-3.53355]},"93o":{"weight":0.0,"played":[0.9998,2.0E-4],"evs":[0.0,-3.91051]},"T3o":{"weight":0.0,"played":[1.0,0.0],"evs":[0.0,-3.57125]},"J3o":{"weight":0.0,"played":[0.9999,1.0E-4],"evs":[0.0,-2.8129]},"Q3o":{"weight":0.0,"played":[1.0,0.0],"evs":[0.0,-3.42366]},"K3o":{"weight":0.0,"played":[0.9951,0.0049],"evs":[0.0,-2.35462]},"A3o":{"weight":0.0,"played":[0.9968,0.0032],"evs":[0.0,-3.12096]},"42s":{"weight":0.0,"played":[0.8086,0.1914],"evs":[0.0,-0.57542]},"43s":{"weight":0.0,"played":[0.5854,0.4146],"evs":[0.0,-0.21778]},"44":{"weight":0.9987,"played":[0.0247,0.9753],"evs":[0.0,1.00067]},"54o":{"weight":0.0,"played":[0.9998,2.0E-4],"evs":[0.0,-1.30537]},"64o":{"weight":0.0,"played":[0.9999,1.0E-4],"evs":[0.0,-1.60176]},"74o":{"weight":0.0,"played":[1.0,0.0],"evs":[0.0,-2.8914]},"84o":{"weight":0.0,"played":[1.0,0.0],"evs":[0.0,-3.10546]},"94o":{"weight":0.0,"played":[1.0,0.0],"evs":[0.0,-2.76894]},"T4o":{"weight":0.0,"played":[0.9987,0.0013],"evs":[0.0,-3.58332]},"J4o":{"weight":0.0,"played":[0.9999,1.0E-4],"evs":[0.0,-3.3342]},"Q4o":{"weight":0.0,"played":[0.9992,8.0E-4],"evs":[0.0,-2.90608]},"K4o":{"weight":0.0,"played":[0.9991,9.0E-4],"evs":[0.0,-2.81457]},"A4o":{"weight":0.0,"played":[0.9972,0.0028],"evs":[0.0,-3.4453]},"52s":{"weight":0.0,"played":[0.9983,0.0017],"evs":[0.0,-1.19368]},"53s":{"weight":0.0,"played":[0.561,0.439],"evs":[0.0,-1.27744]},"54s":{"weight":0.0,"played":[0.9219,0.0781],"evs":[0.0,-0.35558]},"55":{"weight":0.59,"played":[0.0314,0.9686],"evs":[0.0,1.20684]},"65o":{"weight":0.0,"played":[0.9938,0.0062],"evs":[0.0,-1.52426]},"75o":{"weight":0.0,"played":[0.9986,0.0014],"evs":[0.0,-1.47337]},"85o":{"weight":0.0,"played":[1.0,0.0],"evs":[0.0,-2.94961]},"95o":{"weight":0.0,"played":[0.9984,0.0016],"evs":[0.0,-2.94645]},"T5o":{"weight":0.0,"played":[1.0,0.0],"evs":[0.0,-3.02397]},"J5o":{"weight":0.0,"played":[0.9999,1.0E-4],"evs":[0.0,-3.57329]},"Q5o":{"weight":0.0,"played":[0.9997,3.0E-4],"evs":[0.0,-2.79106]},"K5o":{"weight":0.0,"played":[0.9983,0.0017],"evs":[0.0,-2.83227]},"A5o":{"weight":0.0,"played":[0.9965,0.0035],"evs":[0.0,-2.17833]},"62s":{"weight":0.0,"played":[0.9963,0.0037],"evs":[0.0,-2.35387]},"63s":{"weight":0.0,"played":[0.0241,0.9759],"evs":[0.0,1.00654]},"64s":{"weight":0.0,"played":[0.1198,0.8802],"evs":[0.0,0.09308]},"65s":{"weight":0.001,"played":[0.3109,0.6891],"evs":[0.0,0.78573]},"66":{"weight":0.8013,"played":[4.0E-4,0.9996],"evs":[0.0,0.95655]},"76o":{"weight":0.0,"played":[0.9997,3.0E-4],"evs":[0.0,-1.61504]},"86o":{"weight":0.0,"played":[0.9965,0.0035],"evs":[0.0,-2.10899]},"96o":{"weight":0.0,"played":[0.9992,8.0E-4],"evs":[0.0,-2.68948]},"T6o":{"weight":0.0,"played":[0.9996,4.0E-4],"evs":[0.0,-2.65765]},"J6o":{"weight":0.0,"played":[0.9999,1.0E-4],"evs":[0.0,-2.84285]},"Q6o":{"weight":0.0,"played":[0.9949,0.0051],"evs":[0.0,-2.03758]},"K6o":{"weight":0.0,"played":[0.9922,0.0078],"evs":[0.0,-1.86773]},"A6o":{"weight":0.0,"played":[0.9999,1.0E-4],"evs":[0.0,-3.38497]},"72s":{"weight":0.0,"played":[0.9608,0.0392],"evs":[0.0,-2.50236]},"73s":{"weight":0.0,"played":[0.9945,0.0055],"evs":[0.0,-0.72067]},"74s":{"weight":0.0,"played":[0.7159,0.2841],"evs":[0.0,0.07611]},"75s":{"weight":0.0,"played":[0.697,0.303],"evs":[0.0,-0.5053]},"76s":{"weight":0.0,"played":[0.2133,0.7867],"evs":[0.0,0.83114]},"77":{"weight":0.987,"played":[0.0071,0.9929],"evs":[0.0,2.78417]},"87o":{"weight":0.0,"played":[0.9969,0.0031],"evs":[0.0,-1.10377]},"97o":{"weight":0.0,"played":[0.99,0.01],"evs":[0.0,-1.78452]},"T7o":{"weight":0.0,"played":[0.9986,0.0014],"evs":[0.0,-2.87839]},"J7o":{"weight":0.0,"played":[0.9981,0.0019],"evs":[0.0,-2.7616]},"Q7o":{"weight":0.0,"played":[0.9998,2.0E-4],"evs":[0.0,-2.44873]},"K7o":{"weight":0.0,"played":[0.9955,0.0045],"evs":[0.0,-1.86289]},"A7o":{"weight":0.0,"played":[0.9999,1.0E-4],"evs":[0.0,-3.94845]},"82s":{"weight":0.0,"played":[0.989,0.011],"evs":[0.0,-2.61856]},"83s":{"weight":0.0,"played":[0.9921,0.0079],"evs":[0.0,-2.99768]},"84s":{"weight":0.0,"played":[0.5703,0.4297],"evs":[0.0,-0.01937]},"85s":{"weight":0.0,"played":[0.6023,0.3977],"evs":[0.0,0.16975]},"86s":{"weight":0.0,"played":[0.0396,0.9604],"evs":[0.0,0.86845]},"87s":{"weight":0.001,"played":[0.1951,0.8049],"evs":[0.0,0.24741]},"88":{"weight":0.9974,"played":[5.0E-4,0.9995],"evs":[0.0,3.67065]},"98o":{"weight":0.0,"played":[0.9932,0.0068],"evs":[0.0,-1.91152]},"T8o":{"weight":0.0,"played":[0.9989,0.0011],"evs":[0.0,-1.74282]},"J8o":{"weight":0.0,"played":[0.9999,1.0E-4],"evs":[0.0,-2.35712]},"Q8o":{"weight":0.0,"played":[0.9993,7.0E-4],"evs":[0.0,-2.69151]},"K8o":{"weight":0.0,"played":[0.9837,0.0163],"evs":[0.0,-1.46251]},"A8o":{"weight":0.0,"played":[0.9996,4.0E-4],"evs":[0.0,-3.2096]},"92s":{"weight":0.0,"played":[0.8732,0.1268],"evs":[0.0,-1.40548]},"93s":{"weight":0.0,"played":[0.9795,0.0205],"evs":[0.0,-1.91059]},"94s":{"weight":0.0,"played":[0.9434,0.0566],"evs":[0.0,-1.05219]},"95s":{"weight":0.0,"played":[0.2611,0.7389],"evs":[0.0,0.53895]},"96s":{"weight":0.0,"played":[0.1084,0.8916],"evs":[0.0,1.4432]},"97s":{"weight":0.0,"played":[0.5682,0.4318],"evs":[0.0,-0.50136]},"98s":{"weight":0.5458,"played":[4.0E-4,0.9996],"evs":[0.0,0.77918]},"99":{"weight":0.0,"played":[4.0E-4,0.9996],"evs":[0.0,6.06437]},"T9o":{"weight":0.0,"played":[0.2553,0.7447],"evs":[0.0,0.69722]},"J9o":{"weight":0.0,"played":[0.9997,3.0E-4],"evs":[0.0,-1.30918]},"Q9o":{"weight":0.0,"played":[0.997,0.003],"evs":[0.0,-2.07195]},"K9o":{"weight":0.0,"played":[0.9554,0.0446],"evs":[0.0,-0.96553]},"A9o":{"weight":0.261,"played":[0.9913,0.0087],"evs":[0.0,-2.74162]},"T2s":{"weight":0.0,"played":[0.9976,0.0024],"evs":[0.0,-1.00222]},"T3s":{"weight":0.0,"played":[0.9995,5.0E-4],"evs":[0.0,-1.7767]},"T4s":{"weight":0.0,"played":[0.9645,0.0355],"evs":[0.0,-0.51542]},"T5s":{"weight":0.0,"played":[0.985,0.015],"evs":[0.0,-1.59582]},"T6s":{"weight":0.0,"played":[0.0705,0.9295],"evs":[0.0,-0.15499]},"T7s":{"weight":0.0,"played":[0.7785,0.2215],"evs":[0.0,-0.08724]},"T8s":{"weight":0.0,"played":[0.334,0.666],"evs":[0.0,0.64114]},"T9s":{"weight":0.9962,"played":[0.0793,0.9207],"evs":[0.0,-0.11162]},"TT":{"weight":0.0,"played":[0.0,1.0],"evs":[0.0,7.90089]},"JTo":{"weight":0.0,"played":[0.2156,0.7844],"evs":[0.0,0.38388]},"QTo":{"weight":0.0,"played":[0.9277,0.0723],"evs":[0.0,-1.1733]},"KTo":{"weight":0.0,"played":[0.3602,0.6398],"evs":[0.0,0.03345]},"ATo":{"weight":0.943,"played":[0.9838,0.0162],"evs":[0.0,-1.23436]},"J2s":{"weight":0.0,"played":[0.725,0.275],"evs":[0.0,-1.18211]},"J3s":{"weight":0.0,"played":[0.9913,0.0087],"evs":[0.0,-1.03085]},"J4s":{"weight":0.0,"played":[0.9565,0.0435],"evs":[0.0,-2.57508]},"J5s":{"weight":0.0,"played":[0.9439,0.0561],"evs":[0.0,-1.45555]},"J6s":{"weight":0.0,"played":[0.961,0.039],"evs":[0.0,-1.266]},"J7s":{"weight":0.0,"played":[0.7016,0.2984],"evs":[0.0,-0.03115]},"J8s":{"weight":0.0,"played":[0.5546,0.4454],"evs":[0.0,-0.72331]},"J9s":{"weight":0.9967,"played":[0.1631,0.8369],"evs":[0.0,0.85792]},"JTs":{"weight":0.921,"played":[0.005,0.995],"evs":[0.0,1.24561]},"JJ":{"weight":0.0,"played":[0.0,1.0],"evs":[0.0,10.79266]},"QJo":{"weight":0.571,"played":[0.9498,0.0502],"evs":[0.0,-0.7986]},"KJo":{"weight":1.0,"played":[0.8898,0.1102],"evs":[0.0,-0.03485]},"AJo":{"weight":0.152,"played":[0.619,0.381],"evs":[0.0,-0.4453]},"Q2s":{"weight":0.0,"played":[0.9825,0.0175],"evs":[0.0,-1.84916]},"Q3s":{"weight":0.0,"played":[0.9787,0.0213],"evs":[0.0,-1.21233]},"Q4s":{"weight":0.0,"played":[0.9508,0.0492],"evs":[0.0,-2.58263]},"Q5s":{"weight":0.0,"played":[0.9403,0.0597],"evs":[0.0,-1.08504]},"Q6s":{"weight":0.0,"played":[0.9486,0.0514],"evs":[0.0,-0.94618]},"Q7s":{"weight":0.0,"played":[0.953,0.047],"evs":[0.0,-0.31047]},"Q8s":{"weight":0.0,"played":[0.752,0.248],"evs":[0.0,-0.09614]},"Q9s":{"weight":0.9667,"played":[0.5573,0.4427],"evs":[0.0,-0.02383]},"QTs":{"weight":0.8501,"played":[0.0,1.0],"evs":[0.0,1.84923]},"QJs":{"weight":0.6164,"played":[8.0E-4,0.9992],"evs":[0.0,0.91056]},"QQ":{"weight":0.7511,"played":[0.0,1.0],"evs":[0.0,13.29506]},"KQo":{"weight":0.2263,"played":[0.2675,0.7325],"evs":[0.0,-0.13294]},"AQo":{"weight":0.0046,"played":[0.0022,0.9978],"evs":[0.0,2.07019]},"K2s":{"weight":0.0,"played":[0.9404,0.0596],"evs":[0.0,-0.52352]},"K3s":{"weight":0.0,"played":[0.5233,0.4767],"evs":[0.0,0.30763]},"K4s":{"weight":0.0,"played":[0.551,0.449],"evs":[0.0,0.57554]},"K5s":{"weight":0.0,"played":[0.0522,0.9478],"evs":[0.0,0.29482]},"K6s":{"weight":0.0,"played":[0.4191,0.5809],"evs":[0.0,-0.95135]},"K7s":{"weight":0.0,"played":[0.7156,0.2844],"evs":[0.0,0.40591]},"K8s":{"weight":0.0,"played":[0.7835,0.2165],"evs":[0.0,0.07345]},"K9s":{"weight":0.9744,"played":[0.2403,0.7597],"evs":[0.0,1.29896]},"KTs":{"weight":0.9688,"played":[0.0076,0.9924],"evs":[0.0,1.78395]},"KJs":{"weight":0.9793,"played":[0.0,1.0],"evs":[0.0,2.60434]},"KQs":{"weight":0.9293,"played":[0.0057,0.9943],"evs":[0.0,2.92413]},"KK":{"weight":1.0,"played":[0.0,1.0],"evs":[0.0,20.41973]},"AKo":{"weight":0.0,"played":[0.0,1.0],"evs":[0.0,4.78832]},"A2s":{"weight":0.0,"played":[0.616,0.384],"evs":[0.0,-1.33403]},"A3s":{"weight":0.1,"played":[0.9995,5.0E-4],"evs":[0.0,-1.50676]},"A4s":{"weight":0.69,"played":[0.8439,0.1561],"evs":[0.0,-0.32624]},"A5s":{"weight":0.0277,"played":[0.6786,0.3214],"evs":[0.0,0.34212]},"A6s":{"weight":0.9931,"played":[0.998,0.002],"evs":[0.0,-1.3466]},"A7s":{"weight":0.9984,"played":[0.9217,0.0783],"evs":[0.0,-0.63706]},"A8s":{"weight":0.9996,"played":[0.9774,0.0226],"evs":[0.0,-1.25565]},"A9s":{"weight":0.9994,"played":[0.5052,0.4948],"evs":[0.0,0.03289]},"ATs":{"weight":0.9998,"played":[0.2808,0.7192],"evs":[0.0,0.89906]},"AJs":{"weight":0.9993,"played":[1.0E-4,0.9999],"evs":[0.0,1.87223]},"AQs":{"weight":0.9978,"played":[0.0,1.0],"evs":[0.0,4.32761]},"AKs":{"weight":0.1647,"played":[5.0E-4,0.9995],"evs":[0.0,6.31161]},"AA":{"weight":1.0,"played":[0.0,1.0],"evs":[0.0,26.08713]}}}