{"player":1,"street":0,"children":2,"sequence":[{"player":0,"type":"R","amount":200000,"street":0},{"player":1,"type":"C","amount":200000,"street":0},{"player":2,"type":"R","amount":1345000,"street":0},{"player":3,"type":"R","amount":1635000,"street":0},{"player":4,"type":"C","amount":915000,"street":0},{"player":0,"type":"F","amount":0,"street":0}],"actions":[{"type":"F","amount":0},{"type":"C","amount":1435000}],"hands":{"22":{"weight":0.0,"played":[0.565,0.435],"evs":[0.0,2.45474]},"32o":{"weight":0.0,"played":[0.9982,0.0018],"evs":[0.0,-6.11341]},"42o":{"weight":0.0,"played":[0.9974,0.0026],"evs":[0.0,-1.432]},"52o":{"weight":0.0,"played":[0.9678,0.0322],"evs":[0.0,-1.74672]},"62o":{"weight":0.0,"played":[0.9991,9.0E-4],"evs":[0.0,-4.49037]},"72o":{"weight":0.0,"played":[0.9822,0.0178],"evs":[0.0,-7.98076]},"82o":{"weight":0.0,"played":[0.9864,0.0136],"evs":[0.0,-5.1696]},"92o":{"weight":0.0,"played":[0.9709,0.0291],"evs":[0.0,-6.8298]},"T2o":{"weight":0.0,"played":[1.0,0.0],"evs":[0.0,-3.61621]},"J2o":{"weight":0.0,"played":[0.9741,0.0259],"evs":[0.0,-5.60564]},"Q2o":{"weight":0.0,"played":[0.9306,0.0694],"evs":[0.0,-4.24242]},"K2o":{"weight":0.0,"played":[0.9124,0.0876],"evs":[0.0,-2.65804]},"A2o":{"weight":0.0,"played":[0.9783,0.0217],"evs":[0.0,-2.89572]},"32s":{"weight":0.0,"played":[0.2294,0.7706],"evs":[0.0,1.1183]},"33":{"weight":0.9041,"played":[0.1154,0.8846],"evs":[0.0,-0.72773]},"43o":{"weight":0.0,"played":[0.933,0.067],"evs":[0.0,-4.58057]},"53o":{"weight":0.0,"played":[0.9931,0.0069],"evs":[0.0,-8.23231]},"63o":{"weight":0.0,"played":[0.9874,0.0126],"evs":[0.0,-4.93265]},"73o":{"weight":0.0,"played":[0.9845,0.0155],"evs":[0.0,-5.72581]},"83o":{"weight":0.0,"played":[0.9195,0.0805],"evs":[0.0,-3.74228]},"93o":{"weight":0.0,"played":[0.9881,0.0119],"evs":[0.0,-7.01094]},"T3o":{"weight":0.0,"played":[0.9946,0.0054],"evs":[0.0,-3.48858]},"J3o":{"weight":0.0,"played":[0.9528,0.0472],"evs":[0.0,-7.61575]},"Q3o":{"weight":0.0,"played":[0.986,0.014],"evs":[0.0,-7.53952]},"K3o":{"weight":0.0,"played":[0.8292,0.1708],"evs":[0.0,-0.74257]},"A3o":{"weight":0.0,"played":[0.9923,0.0077],"evs":[0.0,-3.01867]},"42s":{"weight":0.0,"played":[0.1699,0.8301],"evs":[0.0,3.67111]},"43s":{"weight":0.0,"played":[0.656,0.344],"evs":[0.0,1.19316]},"44":{"weight":0.9987,"played":[0.3572,0.6428],"evs":[0.0,-1.66672]},"54o":{"weight":0.0,"played":[0.9547,0.0453],"evs":[0.0,0.26563]},"64o":{"weight":0.0,"played":[0.9932,0.0068],"evs":[0.0,-3.25013]},"74o":{"weight":0.0,"played":[0.9782,0.0218],"evs":[0.0,-1.44185]},"84o":{"weight":0.0,"played":[0.8343,0.1657],"evs":[0.0,-3.25311]},"94o":{"weight":0.0,"played":[0.9923,0.0077],"evs":[0.0,-6.49825]},"T4o":{"weight":0.0,"played":[0.996,0.004],"evs":[0.0,-6.92531]},"J4o":{"weight":0.0,"played":[0.9911,0.0089],"evs":[0.0,-3.08704]},"Q4o":{"weight":0.0,"played":[0.8564,0.1436],"evs":[0.0,-4.16796]},"K4o":{"weight":0.0,"played":[0.9985,0.0015],"evs":[0.0,-5.93361]},"A4o":{"weight":0.0,"played":[0.1287,0.8713],"evs":[0.0,0.37022]},"52s":{"weight":0.0,"played":[0.9886,0.0114],"evs":[0.0,-0.97761]},"53s":{"weight":0.0,"played":[0.9882,0.0118],"evs":[0.0,-5.59451]},"54s":{"weight":0.0,"played":[0.9594,0.0406],"evs":[0.0,-1.9688]},"55":{"weight":0.59,"played":[0.4408,0.5592],"evs":[0.0,-0.63178]},"65o":{"weight":0.0,"played":[0.3595,0.6405],"evs":[0.0,-0.95912]},"75o":{"weight":0.0,"played":[0.1816,0.8184],"evs":[0.0,0.41974]},"85o":{"weight":0.0,"played":[0.9967,0.0033],"evs":[0.0,-6.91207]},"95o":{"weight":0.0,"played":[0.9953,0.0047],"evs":[0.0,-8.74283]},"T5o":{"weight":0.0,"played":[0.9285,0.0715],"evs":[0.0,-3.85533]},"J5o":{"weight":0.0,"played":[0.9827,0.0173],"evs":[0.0,-5.85097]},"Q5o":{"weight":0.0,"played":[0.9197,0.0803],"evs":[0.0,-6.48009]},"K5o":{"weight":0.0,"played":[0.9411,0.0589],"evs":[0.0,-4.42506]},"A5o":{"weight":0.0,"played":[0.8697,0.1303],"evs":[0.0,-3.81889]},"62s":{"weight":0.0,"played":[0.9996,4.0E-4],"evs":[0.0,-2.97272]},"63s":{"weight":0.0,"played":[0.5005,0.4995],"evs":[0.0,-2.20861]},"64s":{"weight":0.0,"played":[0.535,0.465],"evs":[0.0,-1.46806]},"65s":{"weight":0.001,"played":[0.3494,0.6506],"evs":[0.0,2.1517]},"66":{"weight":0.8013,"played":[0.0113,0.9887],"evs":[0.0,2.22878]},"76o":{"weight":0.0,"played":[0.5421,0.4579],"evs":[0.0,-0.17431]},"86o":{"weight":0.0,"played":[0.8652,0.1348],"evs":[0.0,-0.35475]},"96o":{"weight":0.0,"played":[0.9055,0.0945],"evs":[0.0,-1.50507]},"T6o":{"weight":0.0,"played":[0.9693,0.0307],"evs":[0.0,-5.8582]},"J6o":{"weight":0.0,"played":[0.9528,0.0472],"evs":[0.0,-5.00411]},"Q6o":{"weight":0.0,"played":[0.9958,0.0042],"evs":[0.0,-7.3893]},"K6o":{"weight":0.0,"played":[0.8931,0.1069],"evs":[0.0,-2.05325]},"A6o":{"weight":0.0,"played":[0.9683,0.0317],"evs":[0.0,-3.3309]},"72s":{"weight":0.0,"played":[0.9445,0.0555],"evs":[0.0,-3.73708]},"73s":{"weight":0.0,"played":[0.6517,0.3483],"evs":[0.0,-5.36986]},"74s":{"weight":0.0,"played":[0.4585,0.5415],"evs":[0.0,-2.98337]},"75s":{"weight":0.0,"played":[0.0916,0.9084],"evs":[0.0,7.4975]},"76s":{"weight":0.0,"played":[0.7523,0.2477],"evs":[0.0,-2.34356]},"77":{"weight":0.987,"played":[0.0996,0.9004],"evs":[0.0,-0.1742]},"87o":{"weight":0.0,"played":[0.8813,0.1187],"evs":[0.0,-5.4547]},"97o":{"weight":0.0,"played":[0.9445,0.0555],"evs":[0.0,-4.9472]},"T7o":{"weight":0.0,"played":[0.9131,0.0869],"evs":[0.0,-3.64947]},"J7o":{"weight":0.0,"played":[0.9268,0.0732],"evs":[0.0,-1.78813]},"Q7o":{"weight":0.0,"played":[0.9759,0.0241],"evs":[0.0,-4.95227]},"K7o":{"weight":0.0,"played":[0.7581,0.2419],"evs":[0.0,-2.63331]},"A7o":{"weight":0.0,"played":[0.496,0.504],"evs":[0.0,-0.98152]},"82s":{"weight":0.0,"played":[0.9964,0.0036],"evs":[0.0,-3.79242]},"83s":{"weight":0.0,"played":[0.9691,0.0309],"evs":[0.0,-9.0585]},"84s":{"weight":0.0,"played":[0.6989,0.3011],"evs":[0.0,-3.32378]},"85s":{"weight":0.0,"played":[0.469,0.531],"evs":[0.0,-2.66511]},"86s":{"weight":0.0,"played":[0.2736,0.7264],"evs":[0.0,1.74175]},"87s":{"weight":0.001,"played":[0.5062,0.4938],"evs":[0.0,1.04468]},"88":{"weight":0.9974,"played":[0.008,0.992],"evs":[0.0,8.41684]},"98o":{"weight":0.0,"played":[0.5891,0.4109],"evs":[0.0,-0.89493]},"T8o":{"weight":0.0,"played":[0.8564,0.1436],"evs":[0.0,-3.33862]},"J8o":{"weight":0.0,"played":[0.6672,0.3328],"evs":[0.0,-0.18657]},"Q8o":{"weight":0.0,"played":[0.9628,0.0372],"evs":[0.0,-4.56083]},"K8o":{"weight":0.0,"played":[0.9604,0.0396],"evs":[0.0,-5.69428]},"A8o":{"weight":0.0,"played":[0.9868,0.0132],"evs":[0.0,-7.36378]},"92s":{"weight":0.0,"played":[1.0,0.0],"evs":[0.0,-7.8425]},"93s":{"weight":0.0,"played":[0.7867,0.2133],"evs":[0.0,-6.57443]},"94s":{"weight":0.0,"played":[0.9403,0.0597],"evs":[0.0,-5.12247]},"95s":{"weight":0.0,"played":[0.7017,0.2983],"evs":[0.0,0.92137]},"96s":{"weight":0.0,"played":[0.2275,0.7725],"evs":[0.0,0.50562]},"97s":{"weight":0.0,"played":[0.5168,0.4832],"evs":[0.0,-2.16658]},"98s":{"weight":0.5458,"played":[0.512,0.488],"evs":[0.0,0.18292]},"99":{"weight":0.0,"played":[0.1528,0.8472],"evs":[0.0,5.27998]},"T9o":{"weight":0.0,"played":[0.995,0.005],"evs":[0.0,-4.99528]},"J9o":{"weight":0.0,"played":[0.8745,0.1255],"evs":[0.0,-2.19317]},"Q9o":{"weight":0.0,"played":[0.9953,0.0047],"evs":[0.0,-3.48835]},"K9o":{"weight":0.0,"played":[0.9946,0.0054],"evs":[0.0,-5.01503]},"A9o":{"weight":0.261,"played":[0.5357,0.4643],"evs":[0.0,-0.03922]},"T2s":{"weight":0.0,"played":[0.8954,0.1046],"evs":[0.0,0.83552]},"T3s":{"weight":0.0,"played":[0.8341,0.1659],"evs":[0.0,-5.72144]},"T4s":{"weight":0.0,"played":[0.4618,0.5382],"evs":[0.0,3.49189]},"T5s":{"weight":0.0,"played":[0.4848,0.5152],"evs":[0.0,2.37611]},"T6s":{"weight":0.0,"played":[0.1949,0.8051],"evs":[0.0,-0.1128]},"T7s":{"weight":0.0,"played":[0.8169,0.1831],"evs":[0.0,-4.83307]},"T8s":{"weight":0.0,"played":[0.8778,0.1222],"evs":[0.0,-6.01503]},"T9s":{"weight":0.9962,"played":[0.2656,0.7344],"evs":[0.0,5.45521]},"TT":{"weight":0.0,"played":[0.1995,0.8005],"evs":[0.0,9.75322]},"JTo":{"weight":0.0,"played":[0.0939,0.9061],"evs":[0.0,1.2666]},"QTo":{"weight":0.0,"played":[0.9055,0.0945],"evs":[0.0,-4.22214]},"KTo":{"weight":0.0,"played":[0.4335,0.5665],"evs":[0.0,-0.33822]},"ATo":{"weight":0.943,"played":[0.8951,0.1049],"evs":[0.0,0.19729]},"J2s":{"weight":0.0,"played":[0.6993,0.3007],"evs":[0.0,-3.37914]},"J3s":{"weight":0.0,"played":[0.8182,0.1818],"evs":[0.0,-3.71215]},"J4s":{"weight":0.0,"played":[0.8897,0.1103],"evs":[0.0,-5.87546]},"J5s":{"weight":0.0,"played":[0.4411,0.5589],"evs":[0.0,4.79463]},"J6s":{"weight":0.0,"played":[0.2625,0.7375],"evs":[0.0,0.37994]},"J7s":{"weight":0.0,"played":[0.1135,0.8865],"evs":[0.0,7.33332]},"J8s":{"weight":0.0,"played":[0.7326,0.2674],"evs":[0.0,-0.91648]},"J9s":{"weight":0.9967,"played":[0.943,0.057],"evs":[0.0,-5.24641]},"JTs":{"weight":0.921,"played":[0.0049,0.9951],"evs":[0.0,5.47444]},"JJ":{"weight":0.0,"played":[6.0E-4,0.9994],"evs":[0.0,7.81804]},"QJo":{"weight":0.571,"played":[0.9709,0.0291],"evs":[0.0,-0.21819]},"KJo":{"weight":1.0,"played":[0.9194,0.0806],"evs":[0.0,-2.15893]},"AJo":{"weight":0.152,"played":[0.4759,0.5241],"evs":[0.0,1.75997]},"Q2s":{"weight":0.0,"played":[0.699,0.301],"evs":[0.0,4.81266]},"Q3s":{"weight":0.0,"played":[0.0929,0.9071],"evs":[0.0,3.06638]},"Q4s":{"weight":0.0,"played":[0.4434,0.5566],"evs":[0.0,-2.76291]},"Q5s":{"weight":0.0,"played":[0.9245,0.0755],"evs":[0.0,0.63119]},"Q6s":{"weight":0.0,"played":[0.4467,0.5533],"evs":[0.0,1.78865]},"Q7s":{"weight":0.0,"played":[0.9018,0.0982],"evs":[0.0,-6.3571]},"Q8s":{"weight":0.0,"played":[0.7194,0.2806],"evs":[0.0,-1.3663]},"Q9s":{"weight":0.9667,"played":[0.2254,0.7746],"evs":[0.0,-1.01881]},"QTs":{"weight":0.8501,"played":[3.0E-4,0.9997],"evs":[0.0,1.50845]},"QJs":{"weight":0.6164,"played":[0.2456,0.7544],"evs":[0.0,2.31187]},"QQ":{"weight":0.7511,"played":[0.001,0.999],"evs":[0.0,17.54988]},"KQo":{"weight":0.2263,"played":[0.9294,0.0706],"evs":[0.0,-2.29683]},"AQo":{"weight":0.0046,"played":[0.3382,0.6618],"evs":[0.0,-1.08775]},"K2s":{"weight":0.0,"played":[0.7712,0.2288],"evs":[0.0,-7.95087]},"K3s":{"weight":0.0,"played":[0.8494,0.1506],"evs":[0.0,-4.60577]},"K4s":{"weight":0.0,"played":[0.368,0.632],"evs":[0.0,4.2229]},"K5s":{"weight":0.0,"played":[0.5444,0.4556],"evs":[0.0,0.32969]},"K6s":{"weight":0.0,"played":[0.9775,0.0225],"evs":[0.0,-3.15616]},"K7s":{"weight":0.0,"played":[0.0021,0.9979],"evs":[0.0,1.02392]},"K8s":{"weight":0.0,"played":[0.1734,0.8266],"evs":[0.0,3.93945]},"K9s":{"weight":0.9744,"played":[0.9736,0.0264],"evs":[0.0,-3.87652]},"KTs":{"weight":0.9688,"played":[0.0808,0.9192],"evs":[0.0,2.14156]},"KJs":{"weight":0.9793,"played":[0.6846,0.3154],"evs":[0.0,2.97463]},"KQs":{"weight":0.9293,"played":[0.6995,0.3005],"evs":[0.0,-4.5368]},"KK":{"weight":1.0,"played":[1.0E-4,0.9999],"evs":[0.0,20.10046]},"AKo":{"weight":0.0,"played":[0.0105,0.9895],"evs":[0.0,5.88831]},"A2s":{"weight":0.0,"played":[0.5435,0.4565],"evs":[0.0,-3.15044]},"A3s":{"weight":0.1,"played":[0.5692,0.4308],"evs":[0.0,-4.41969]},"A4s":{"weight":0.69,"played":[0.3837,0.6163],"evs":[0.0,-2.33068]},"A5s":{"weight":0.0277,"played":[0.8023,0.1977],"evs":[0.0,-6.99974]},"A6s":{"weight":0.9931,"played":[0.9189,0.0811],"evs":[0.0,-7.67666]},"A7s":{"weight":0.9984,"played":[0.855,0.145],"evs":[0.0,-4.65158]},"A8s":{"weight":0.9996,"played":[0.4337,0.5663],"evs":[0.0,1.91743]},"A9s":{"weight":0.9994,"played":[0.4278,0.5722],"evs":[0.0,0.4201]},"ATs":{"weight":0.9998,"played":[0.4402,0.5598],"evs":[0.0,-2.68799]},"AJs":{"weight":0.9993,"played":[0.0587,0.9413],"evs":[0.0,0.9618]},"AQs":{"weight":0.9978,"played":[0.0303,0.9697],"evs":[0.0,5.15676]},"AKs":{"weight":0.1647,"played":[0.7473,0.2527],"evs":[0.0,-1.61913]},"AA":{"weight":1.0,"played":[0.0,1.0],"evs":[0.0,32.83738]}}}