{"player":0,"street":0,"children":2,"sequence":[{"player":0,"type":"R","amount":200000,"street":0},{"player":1,"type":"R","amount":2005000,"street":0},{"player":2,"type":"C","amount":1345000,"street":0},{"player":3,"type":"F","amount":0,"street":0},{"player":4,"type":"C","amount":915000,"street":0}],"actions":[{"type":"F","amount":0},{"type":"C","amount":1805000}],"hands":{"22":{"weight":0.0,"played":[0.5407,0.4593],"evs":[0.0,-1.3169]},"32o":{"weight":0.0,"played":[0.9993,7.0E-4],"evs":[0.0,-5.91133]},"42o":{"weight":0.0,"played":[0.9999,1.0E-4],"evs":[0.0,-5.27078]},"52o":{"weight":0.0,"played":[0.9936,0.0064],"evs":[0.0,-6.13664]},"62o":{"weight":0.0,"played":[0.9993,7.0E-4],"evs":[0.0,-5.21353]},"72o":{"weight":0.0,"played":[0.9989,0.0011],"evs":[0.0,-6.24777]},"82o":{"weight":0.0,"played":[0.9998,2.0E-4],"evs":[0.0,-4.13689]},"92o":{"weight":0.0,"played":[1.0,0.0],"evs":[0.0,-5.97315]},"T2o":{"weight":0.0,"played":[1.0,0.0],"evs":[0.0,-5.90524]},"J2o":{"weight":0.0,"played":[0.9998,2.0E-4],"evs":[0.0,-5.15694]},"Q2o":{"weight":0.0,"played":[0.9665,0.0335],"evs":[0.0,-7.22242]},"K2o":{"weight":0.0,"played":[0.9923,0.0077],"evs":[0.0,-8.06829]},"A2o":{"weight":0.0,"played":[0.9866,0.0134],"evs":[0.0,-6.22208]},"32s":{"weight":0.0,"played":[0.8815,0.1185],"evs":[0.0,-3.02967]},"33":{"weight":0.0,"played":[0.872,0.128],"evs":[0.0,-2.02176]},"43o":{"weight":0.0,"played":[0.9994,6.0E-4],"evs":[0.0,-1.70059]},"53o":{"weight":0.0,"played":[0.9533,0.0467],"evs":[0.0,-4.95227]},"63o":{"weight":0.0,"played":[0.9966,0.0034],"evs":[0.0,-4.03891]},"73o":{"weight":0.0,"played":[0.9984,0.0016],"evs":[0.0,-6.19303]},"83o":{"weight":0.0,"played":[0.9996,4.0E-4],"evs":[0.0,-7.89085]},"93o":{"weight":0.0,"played":[0.9998,2.0E-4],"evs":[0.0,-5.68993]},"T3o":{"weight":0.0,"played":[0.9985,0.0015],"evs":[0.0,-4.05116]},"J3o":{"weight":0.0,"played":[0.9998,2.0E-4],"evs":[0.0,-4.74583]},"Q3o":{"weight":0.0,"played":[0.9987,0.0013],"evs":[0.0,-6.62701]},"K3o":{"weight":0.0,"played":[0.9999,1.0E-4],"evs":[0.0,-5.83723]},"A3o":{"weight":0.0,"played":[0.9943,0.0057],"evs":[0.0,-4.44832]},"42s":{"weight":0.0,"played":[0.9922,0.0078],"evs":[0.0,-1.58928]},"43s":{"weight":0.0,"played":[0.9819,0.0181],"evs":[0.0,-4.03838]},"44":{"weight":0.7344,"played":[0.0463,0.9537],"evs":[0.0,2.12358]},"54o":{"weight":0.0,"played":[0.912,0.088],"evs":[0.0,-2.42093]},"64o":{"weight":0.0,"played":[0.9587,0.0413],"evs":[0.0,-4.59445]},"74o":{"weight":0.0,"played":[0.9995,5.0E-4],"evs":[0.0,-4.1769]},"84o":{"weight":0.0,"played":[0.9972,0.0028],"evs":[0.0,-6.8362]},"94o":{"weight":0.0,"played":[0.9998,2.0E-4],"evs":[0.0,-6.69513]},"T4o":{"weight":0.0,"played":[0.9846,0.0154],"evs":[0.0,-5.86431]},"J4o":{"weight":0.0,"played":[0.9997,3.0E-4],"evs":[0.0,-6.40058]},"Q4o":{"weight":0.0,"played":[0.998,0.002],"evs":[0.0,-4.88681]},"K4o":{"weight":0.0,"played":[0.9949,0.0051],"evs":[0.0,-6.70665]},"A4o":{"weight":0.0062,"played":[0.9834,0.0166],"evs":[0.0,-1.95553]},"52s":{"weight":0.0,"played":[0.5955,0.4045],"evs":[0.0,1.09906]},"53s":{"weight":0.0,"played":[0.7154,0.2846],"evs":[0.0,0.10012]},"54s":{"weight":0.0,"played":[0.1406,0.8594],"evs":[0.0,1.4008]},"55":{"weight":0.0624,"played":[0.0034,0.9966],"evs":[0.0,3.24907]},"65o":{"weight":0.0,"played":[0.6926,0.3074],"evs":[0.0,-1.53166]},"75o":{"weight":0.0,"played":[0.9976,0.0024],"evs":[0.0,-5.26344]},"85o":{"weight":0.0,"played":[0.9885,0.0115],"evs":[0.0,-5.02487]},"95o":{"weight":0.0,"played":[0.9997,3.0E-4],"evs":[0.0,-5.85236]},"T5o":{"weight":0.0,"played":[0.9983,0.0017],"evs":[0.0,-5.69149]},"J5o":{"weight":0.0,"played":[0.9973,0.0027],"evs":[0.0,-7.01292]},"Q5o":{"weight":0.0,"played":[0.9981,0.0019],"evs":[0.0,-3.42985]},"K5o":{"weight":0.0,"played":[0.9994,6.0E-4],"evs":[0.0,-6.10322]},"A5o":{"weight":1.0,"played":[0.9989,0.0011],"evs":[0.0,-4.36088]},"62s":{"weight":0.0,"played":[0.9974,0.0026],"evs":[0.0,-2.75149]},"63s":{"weight":0.0,"played":[0.9596,0.0404],"evs":[0.0,-1.07455]},"64s":{"weight":0.0,"played":[0.8979,0.1021],"evs":[0.0,-0.65045]},"65s":{"weight":0.0,"played":[0.048,0.952],"evs":[0.0,3.93785]},"66":{"weight":0.5495,"played":[0.0165,0.9835],"evs":[0.0,2.85834]},"76o":{"weight":0.0,"played":[0.9936,0.0064],"evs":[0.0,-3.73234]},"86o":{"weight":0.0,"played":[0.9905,0.0095],"evs":[0.0,-2.00627]},"96o":{"weight":0.0,"played":[0.9861,0.0139],"evs":[0.0,-5.12534]},"T6o":{"weight":0.0,"played":[0.9959,0.0041],"evs":[0.0,-5.59685]},"J6o":{"weight":0.0,"played":[0.9626,0.0374],"evs":[0.0,-4.65253]},"Q6o":{"weight":0.0,"played":[0.9998,2.0E-4],"evs":[0.0,-2.87114]},"K6o":{"weight":0.0,"played":[0.9979,0.0021],"evs":[0.0,-3.4393]},"A6o":{"weight":0.9127,"played":[0.9995,5.0E-4],"evs":[0.0,-6.71833]},"72s":{"weight":0.0,"played":[0.762,0.238],"evs":[0.0,-4.14415]},"73s":{"weight":0.0,"played":[0.6953,0.3047],"evs":[0.0,-1.61487]},"74s":{"weight":0.0,"played":[1.0,0.0],"evs":[0.0,-0.35236]},"75s":{"weight":0.0,"played":[0.0923,0.9077],"evs":[0.0,-0.57729]},"76s":{"weight":0.0569,"played":[0.3891,0.6109],"evs":[0.0,-0.85966]},"77":{"weight":0.1231,"played":[0.0084,0.9916],"evs":[0.0,6.40305]},"87o":{"weight":0.0,"played":[0.7401,0.2599],"evs":[0.0,-1.38271]},"97o":{"weight":0.0,"played":[0.999,0.001],"evs":[0.0,-3.28548]},"T7o":{"weight":0.0,"played":[0.9998,2.0E-4],"evs":[0.0,-4.15929]},"J7o":{"weight":0.0,"played":[0.9962,0.0038],"evs":[0.0,-3.5291]},"Q7o":{"weight":0.0,"played":[0.9901,0.0099],"evs":[0.0,-4.93226]},"K7o":{"weight":0.0,"played":[0.9778,0.0222],"evs":[0.0,-5.29506]},"A7o":{"weight":1.0,"played":[0.9989,0.0011],"evs":[0.0,-6.13513]},"82s":{"weight":0.0,"played":[0.9907,0.0093],"evs":[0.0,-6.13529]},"83s":{"weight":0.0,"played":[0.8777,0.1223],"evs":[0.0,-3.30152]},"84s":{"weight":0.0,"played":[0.9052,0.0948],"evs":[0.0,-0.66301]},"85s":{"weight":0.0,"played":[0.9466,0.0534],"evs":[0.0,-3.30274]},"86s":{"weight":0.0,"played":[0.2198,0.7802],"evs":[0.0,1.61339]},"87s":{"weight":0.8685,"played":[0.9844,0.0156],"evs":[0.0,-2.837]},"88":{"weight":0.663,"played":[0.001,0.999],"evs":[0.0,5.12086]},"98o":{"weight":0.0,"played":[0.9991,9.0E-4],"evs":[0.0,-2.82949]},"T8o":{"weight":0.0,"played":[0.9961,0.0039],"evs":[0.0,-2.78181]},"J8o":{"weight":0.0,"played":[0.9909,0.0091],"evs":[0.0,-4.94345]},"Q8o":{"weight":0.0,"played":[0.9971,0.0029],"evs":[0.0,-3.96674]},"K8o":{"weight":0.0,"played":[0.9418,0.0582],"evs":[0.0,-6.3268]},"A8o":{"weight":0.932,"played":[0.9923,0.0077],"evs":[0.0,-4.95598]},"92s":{"weight":0.0,"played":[0.9722,0.0278],"evs":[0.0,-2.99054]},"93s":{"weight":0.0,"played":[0.4815,0.5185],"evs":[0.0,-0.86929]},"94s":{"weight":0.0,"played":[0.9755,0.0245],"evs":[0.0,-2.65881]},"95s":{"weight":0.0,"played":[0.8054,0.1946],"evs":[0.0,-3.46259]},"96s":{"weight":0.0,"played":[0.904,0.096],"evs":[0.0,-3.66426]},"97s":{"weight":0.9747,"played":[0.8772,0.1228],"evs":[0.0,-0.50439]},"98s":{"weight":0.001,"played":[0.0712,0.9288],"evs":[0.0,1.63278]},"99":{"weight":1.0,"played":[0.0,1.0],"evs":[0.0,6.41794]},"T9o":{"weight":0.0,"played":[0.6635,0.3365],"evs":[0.0,-0.88022]},"J9o":{"weight":0.0,"played":[0.6803,0.3197],"evs":[0.0,-0.64679]},"Q9o":{"weight":0.0,"played":[0.9939,0.0061],"evs":[0.0,-5.17499]},"K9o":{"weight":0.0122,"played":[0.9874,0.0126],"evs":[0.0,-6.09636]},"A9o":{"weight":0.9999,"played":[0.9834,0.0166],"evs":[0.0,-3.81034]},"T2s":{"weight":0.0,"played":[0.8763,0.1237],"evs":[0.0,-3.8683]},"T3s":{"weight":0.0,"played":[0.8486,0.1514],"evs":[0.0,-5.22575]},"T4s":{"weight":0.0,"played":[0.8038,0.1962],"evs":[0.0,-1.72444]},"T5s":{"weight":0.0,"played":[0.9128,0.0872],"evs":[0.0,-4.21739]},"T6s":{"weight":0.0,"played":[0.9243,0.0757],"evs":[0.0,-4.29996]},"T7s":{"weight":1.0E-4,"played":[0.7697,0.2303],"evs":[0.0,-1.50288]},"T8s":{"weight":0.9001,"played":[0.2262,0.7738],"evs":[0.0,2.58126]},"T9s":{"weight":0.0,"played":[0.8178,0.1822],"evs":[0.0,-2.23517]},"TT":{"weight":1.0,"played":[0.0,1.0],"evs":[0.0,10.55115]},"JTo":{"weight":1.0,"played":[0.8582,0.1418],"evs":[0.0,-1.31063]},"QTo":{"weight":1.0,"played":[0.9464,0.0536],"evs":[0.0,-3.52526]},"KTo":{"weight":1.0,"played":[0.8601,0.1399],"evs":[0.0,-3.46228]},"ATo":{"weight":0.2729,"played":[0.9443,0.0557],"evs":[0.0,-2.60176]},"J2s":{"weight":0.0,"played":[0.9997,3.0E-4],"evs":[0.0,-8.53402]},"J3s":{"weight":0.0,"played":[0.9473,0.0527],"evs":[0.0,-7.4624]},"J4s":{"weight":0.0,"played":[0.9502,0.0498],"evs":[0.0,-5.66745]},"J5s":{"weight":0.0,"played":[0.6296,0.3704],"evs":[0.0,-0.68925]},"J6s":{"weight":0.0,"played":[0.9054,0.0946],"evs":[0.0,-1.8026]},"J7s":{"weight":0.0,"played":[0.7671,0.2329],"evs":[0.0,-0.45923]},"J8s":{"weight":0.987,"played":[0.4514,0.5486],"evs":[0.0,2.45172]},"J9s":{"weight":3.0E-4,"played":[0.3747,0.6253],"evs":[0.0,0.66295]},"JTs":{"weight":0.1953,"played":[0.1782,0.8218],"evs":[0.0,2.23039]},"JJ":{"weight":1.0,"played":[0.0,1.0],"evs":[0.0,14.29896]},"QJo":{"weight":1.0,"played":[0.9922,0.0078],"evs":[0.0,-1.95416]},"KJo":{"weight":0.664,"played":[0.7009,0.2991],"evs":[0.0,-0.17938]},"AJo":{"weight":2.0E-4,"played":[0.6628,0.3372],"evs":[0.0,-0.06504]},"Q2s":{"weight":0.0,"played":[0.9536,0.0464],"evs":[0.0,-3.20453]},"Q3s":{"weight":0.0,"played":[0.6481,0.3519],"evs":[0.0,-0.84172]},"Q4s":{"weight":0.0,"played":[0.6588,0.3412],"evs":[0.0,1.72629]},"Q5s":{"weight":0.0,"played":[0.9963,0.0037],"evs":[0.0,-5.22286]},"Q6s":{"weight":1.0E-4,"played":[0.9218,0.0782],"evs":[0.0,-3.49929]},"Q7s":{"weight":2.0E-4,"played":[0.9842,0.0158],"evs":[0.0,-4.06875]},"Q8s":{"weight":0.9999,"played":[0.9159,0.0841],"evs":[0.0,-0.59407]},"Q9s":{"weight":0.6071,"played":[0.6981,0.3019],"evs":[0.0,-0.60256]},"QTs":{"weight":0.6492,"played":[0.0286,0.9714],"evs":[0.0,0.14033]},"QJs":{"weight":0.7581,"played":[0.7397,0.2603],"evs":[0.0,-0.96889]},"QQ":{"weight":1.0,"played":[0.0,1.0],"evs":[0.0,18.3238]},"KQo":{"weight":0.3348,"played":[0.5008,0.4992],"evs":[0.0,-0.62465]},"AQo":{"weight":2.0E-4,"played":[0.0622,0.9378],"evs":[0.0,1.05617]},"K2s":{"weight":0.0,"played":[0.9989,0.0011],"evs":[0.0,-3.57982]},"K3s":{"weight":0.0,"played":[0.9282,0.0718],"evs":[0.0,-2.4119]},"K4s":{"weight":0.0,"played":[0.5722,0.4278],"evs":[0.0,1.09626]},"K5s":{"weight":0.8618,"played":[0.9983,0.0017],"evs":[0.0,-3.9439]},"K6s":{"weight":1.0,"played":[0.0024,0.9976],"evs":[0.0,0.51802]},"K7s":{"weight":1.0,"played":[0.9732,0.0268],"evs":[0.0,-2.27988]},"K8s":{"weight":0.9992,"played":[0.8206,0.1794],"evs":[0.0,-2.90191]},"K9s":{"weight":1.0E-4,"played":[0.1042,0.8958],"evs":[0.0,1.7853]},"KTs":{"weight":0.0024,"played":[0.5825,0.4175],"evs":[0.0,2.31811]},"KJs":{"weight":0.9986,"played":[0.2226,0.7774],"evs":[0.0,-0.82371]},"KQs":{"weight":1.0,"played":[0.0948,0.9052],"evs":[0.0,1.27457]},"KK":{"weight":1.0,"played":[0.0,1.0],"evs":[0.0,26.38318]},"AKo":{"weight":0.9445,"played":[1.0E-4,0.9999],"evs":[0.0,5.94398]},"A2s":{"weight":0.9994,"played":[0.7907,0.2093],"evs":[0.0,-2.7545]},"A3s":{"weight":0.9989,"played":[0.9209,0.0791],"evs":[0.0,-0.16374]},"A4s":{"weight":0.152,"played":[0.3291,0.6709],"evs":[0.0,-1.48859]},"A5s":{"weight":0.2067,"played":[0.7462,0.2538],"evs":[0.0,0.26481]},"A6s":{"weight":0.5952,"played":[0.5677,0.4323],"evs":[0.0,-2.09783]},"A7s":{"weight":0.6744,"played":[0.716,0.284],"evs":[0.0,-0.82519]},"A8s":{"weight":0.418,"played":[0.7062,0.2938],"evs":[0.0,-3.83199]},"A9s":{"weight":0.9999,"played":[0.9348,0.0652],"evs":[0.0,-2.63584]},"ATs":{"weight":1.0,"played":[0.0542,0.9458],"evs":[0.0,0.6968]},"AJs":{"weight":1.0,"played":[0.4332,0.5668],"evs":[0.0,0.25555]},"AQs":{"weight":1.0,"played":[0.0036,0.9964],"evs":[0.0,5.1645]},"AKs":{"weight":1.0,"played":[0.0036,0.9964],"evs":[0.0,11.12823]},"AA":{"weight":1.0,"played":[0.0,1.0],"evs":[0.0,38.21617]}}}