{"player":4,"street":0,"children":2,"sequence":[{"player":0,"type":"R","amount":2005000,"street":0},{"player":1,"type":"F","amount":0,"street":0},{"player":2,"type":"F","amount":0,"street":0},{"player":3,"type":"F","amount":0,"street":0}],"actions":[{"type":"F","amount":0},{"type":"C","amount":915000}],"hands":{"22":{"weight":1.0,"played":[0.003,0.997],"evs":[0.0,0.03947]},"32o":{"weight":1.0,"played":[1.0,0.0],"evs":[0.0,-3.72897]},"42o":{"weight":1.0,"played":[1.0,0.0],"evs":[0.0,-3.54815]},"52o":{"weight":1.0,"played":[1.0,0.0],"evs":[0.0,-3.28418]},"62o":{"weight":1.0,"played":[1.0,0.0],"evs":[0.0,-3.43244]},"72o":{"weight":1.0,"played":[1.0,0.0],"evs":[0.0,-3.56592]},"82o":{"weight":1.0,"played":[1.0,0.0],"evs":[0.0,-3.34804]},"92o":{"weight":1.0,"played":[1.0,0.0],"evs":[0.0,-3.33839]},"T2o":{"weight":1.0,"played":[1.0,0.0],"evs":[0.0,-3.20827]},"J2o":{"weight":1.0,"played":[1.0,0.0],"evs":[0.0,-2.93178]},"Q2o":{"weight":1.0,"played":[1.0,0.0],"evs":[0.0,-2.4796]},"K2o":{"weight":1.0,"played":[1.0,0.0],"evs":[0.0,-2.11769]},"A2o":{"weight":1.0,"played":[1.0,0.0],"evs":[0.0,-0.758]},"32s":{"weight":1.0,"played":[1.0,0.0],"evs":[0.0,-2.82007]},"33":{"weight":1.0,"played":[0.0,1.0],"evs":[0.0,1.02598]},"43o":{"weight":1.0,"played":[1.0,0.0],"evs":[0.0,-2.992]},"53o":{"weight":1.0,"played":[1.0,0.0],"evs":[0.0,-2.73372]},"63o":{"weight":1.0,"played":[1.0,0.0],"evs":[0.0,-2.90997]},"73o":{"weight":1.0,"played":[1.0,0.0],"evs":[0.0,-3.0019]},"83o":{"weight":1.0,"played":[1.0,0.0],"evs":[0.0,-3.17893]},"93o":{"weight":1.0,"played":[1.0,0.0],"evs":[0.0,-3.04981]},"T3o":{"weight":1.0,"played":[1.0,0.0],"evs":[0.0,-2.91585]},"J3o":{"weight":1.0,"played":[1.0,0.0],"evs":[0.0,-2.62437]},"Q3o":{"weight":1.0,"played":[1.0,0.0],"evs":[0.0,-2.2026]},"K3o":{"weight":1.0,"played":[1.0,0.0],"evs":[0.0,-1.8348]},"A3o":{"weight":1.0,"played":[1.0,0.0],"evs":[0.0,-0.4797]},"42s":{"weight":1.0,"played":[1.0,0.0],"evs":[0.0,-2.55395]},"43s":{"weight":1.0,"played":[1.0,0.0],"evs":[0.0,-2.06878]},"44":{"weight":1.0,"played":[0.0,1.0],"evs":[0.0,1.77143]},"54o":{"weight":1.0,"played":[1.0,0.0],"evs":[0.0,-2.27591]},"64o":{"weight":1.0,"played":[1.0,0.0],"evs":[0.0,-2.4208]},"74o":{"weight":1.0,"played":[1.0,0.0],"evs":[0.0,-2.57183]},"84o":{"weight":1.0,"played":[1.0,0.0],"evs":[0.0,-2.7107]},"94o":{"weight":1.0,"played":[1.0,0.0],"evs":[0.0,-2.94754]},"T4o":{"weight":1.0,"played":[1.0,0.0],"evs":[0.0,-2.70139]},"J4o":{"weight":1.0,"played":[1.0,0.0],"evs":[0.0,-2.44507]},"Q4o":{"weight":1.0,"played":[1.0,0.0],"evs":[0.0,-2.02107]},"K4o":{"weight":1.0,"played":[1.0,0.0],"evs":[0.0,-1.6377]},"A4o":{"weight":1.0,"played":[1.0,0.0],"evs":[0.0,-0.21681]},"52s":{"weight":1.0,"played":[1.0,0.0],"evs":[0.0,-2.38492]},"53s":{"weight":1.0,"played":[1.0,0.0],"evs":[0.0,-1.82383]},"54s":{"weight":1.0,"played":[1.0,0.0],"evs":[0.0,-1.45148]},"55":{"weight":1.0,"played":[0.0,1.0],"evs":[0.0,2.51247]},"65o":{"weight":1.0,"played":[1.0,0.0],"evs":[0.0,-1.98606]},"75o":{"weight":1.0,"played":[1.0,0.0],"evs":[0.0,-2.0721]},"85o":{"weight":1.0,"played":[1.0,0.0],"evs":[0.0,-2.27478]},"95o":{"weight":1.0,"played":[1.0,0.0],"evs":[0.0,-2.51978]},"T5o":{"weight":1.0,"played":[1.0,0.0],"evs":[0.0,-2.53344]},"J5o":{"weight":1.0,"played":[1.0,0.0],"evs":[0.0,-2.25365]},"Q5o":{"weight":1.0,"played":[1.0,0.0],"evs":[0.0,-1.79034]},"K5o":{"weight":1.0,"played":[1.0,0.0],"evs":[0.0,-1.42282]},"A5o":{"weight":1.0,"played":[0.0428,0.9572],"evs":[0.0,0.03252]},"62s":{"weight":1.0,"played":[1.0,0.0],"evs":[0.0,-2.47602]},"63s":{"weight":1.0,"played":[1.0,0.0],"evs":[0.0,-1.99061]},"64s":{"weight":1.0,"played":[1.0,0.0],"evs":[0.0,-1.53888]},"65s":{"weight":1.0,"played":[1.0,0.0],"evs":[0.0,-1.1627]},"66":{"weight":1.0,"played":[0.0,1.0],"evs":[0.0,3.22499]},"76o":{"weight":1.0,"played":[1.0,0.0],"evs":[0.0,-1.58423]},"86o":{"weight":1.0,"played":[1.0,0.0],"evs":[0.0,-1.76496]},"96o":{"weight":1.0,"played":[1.0,0.0],"evs":[0.0,-1.96234]},"T6o":{"weight":1.0,"played":[1.0,0.0],"evs":[0.0,-2.04748]},"J6o":{"weight":1.0,"played":[1.0,0.0],"evs":[0.0,-2.06159]},"Q6o":{"weight":1.0,"played":[1.0,0.0],"evs":[0.0,-1.55278]},"K6o":{"weight":1.0,"played":[1.0,0.0],"evs":[0.0,-1.19949]},"A6o":{"weight":1.0,"played":[0.0264,0.9736],"evs":[0.0,0.04375]},"72s":{"weight":1.0,"played":[1.0,0.0],"evs":[0.0,-2.59845]},"73s":{"weight":1.0,"played":[1.0,0.0],"evs":[0.0,-2.06741]},"74s":{"weight":1.0,"played":[1.0,0.0],"evs":[0.0,-1.627]},"75s":{"weight":1.0,"played":[1.0,0.0],"evs":[0.0,-1.18767]},"76s":{"weight":1.0,"played":[1.0,0.0],"evs":[0.0,-0.76416]},"77":{"weight":1.0,"played":[0.0,1.0],"evs":[0.0,4.06241]},"87o":{"weight":1.0,"played":[1.0,0.0],"evs":[0.0,-1.37961]},"97o":{"weight":1.0,"played":[1.0,0.0],"evs":[0.0,-1.59018]},"T7o":{"weight":1.0,"played":[1.0,0.0],"evs":[0.0,-1.61238]},"J7o":{"weight":1.0,"played":[1.0,0.0],"evs":[0.0,-1.62918]},"Q7o":{"weight":1.0,"played":[1.0,0.0],"evs":[0.0,-1.42193]},"K7o":{"weight":1.0,"played":[1.0,0.0],"evs":[0.0,-0.98485]},"A7o":{"weight":1.0,"played":[0.0,1.0],"evs":[0.0,0.3819]},"82s":{"weight":1.0,"played":[1.0,0.0],"evs":[0.0,-2.38097]},"83s":{"weight":1.0,"played":[1.0,0.0],"evs":[0.0,-2.26089]},"84s":{"weight":1.0,"played":[1.0,0.0],"evs":[0.0,-1.82818]},"85s":{"weight":1.0,"played":[1.0,0.0],"evs":[0.0,-1.44354]},"86s":{"weight":1.0,"played":[1.0,0.0],"evs":[0.0,-0.91132]},"87s":{"weight":1.0,"played":[1.0,0.0],"evs":[0.0,-0.48455]},"88":{"weight":1.0,"played":[0.0,1.0],"evs":[0.0,4.76645]},"98o":{"weight":1.0,"played":[1.0,0.0],"evs":[0.0,-1.12125]},"T8o":{"weight":1.0,"played":[1.0,0.0],"evs":[0.0,-1.18277]},"J8o":{"weight":1.0,"played":[1.0,0.0],"evs":[0.0,-1.23198]},"Q8o":{"weight":1.0,"played":[1.0,0.0],"evs":[0.0,-0.97587]},"K8o":{"weight":1.0,"played":[1.0,0.0],"evs":[0.0,-0.86887]},"A8o":{"weight":1.0,"played":[0.0,1.0],"evs":[0.0,0.82635]},"92s":{"weight":1.0,"played":[1.0,0.0],"evs":[0.0,-2.36847]},"93s":{"weight":1.0,"played":[1.0,0.0],"evs":[0.0,-2.11066]},"94s":{"weight":1.0,"played":[1.0,0.0],"evs":[0.0,-1.97653]},"95s":{"weight":1.0,"played":[1.0,0.0],"evs":[0.0,-1.51952]},"96s":{"weight":1.0,"played":[1.0,0.0],"evs":[0.0,-1.07973]},"97s":{"weight":1.0,"played":[1.0,0.0],"evs":[0.0,-0.74536]},"98s":{"weight":1.0,"played":[0.9998,2.0E-4],"evs":[0.0,-0.30809]},"99":{"weight":1.0,"played":[0.0,1.0],"evs":[0.0,5.44013]},"T9o":{"weight":1.0,"played":[1.0,0.0],"evs":[0.0,-0.83837]},"J9o":{"weight":1.0,"played":[1.0,0.0],"evs":[0.0,-0.75404]},"Q9o":{"weight":1.0,"played":[1.0,0.0],"evs":[0.0,-0.50772]},"K9o":{"weight":1.0,"played":[1.0,0.0],"evs":[0.0,-0.24274]},"A9o":{"weight":1.0,"played":[0.0,1.0],"evs":[0.0,1.26605]},"T2s":{"weight":1.0,"played":[1.0,0.0],"evs":[0.0,-2.25311]},"T3s":{"weight":1.0,"played":[1.0,0.0],"evs":[0.0,-1.99629]},"T4s":{"weight":1.0,"played":[1.0,0.0],"evs":[0.0,-1.77375]},"T5s":{"weight":1.0,"played":[1.0,0.0],"evs":[0.0,-1.63448]},"T6s":{"weight":1.0,"played":[1.0,0.0],"evs":[0.0,-1.19769]},"T7s":{"weight":1.0,"played":[1.0,0.0],"evs":[0.0,-0.73705]},"T8s":{"weight":1.0,"played":[1.0,0.0],"evs":[0.0,-0.33819]},"T9s":{"weight":1.0,"played":[0.839,0.161],"evs":[0.0,-0.0396]},"TT":{"weight":1.0,"played":[0.0,1.0],"evs":[0.0,6.41068]},"JTo":{"weight":1.0,"played":[0.9991,9.0E-4],"evs":[0.0,-0.15724]},"QTo":{"weight":1.0,"played":[0.9976,0.0024],"evs":[0.0,-0.09145]},"KTo":{"weight":1.0,"played":[1.0E-4,0.9999],"evs":[0.0,0.31825]},"ATo":{"weight":1.0,"played":[0.0,1.0],"evs":[0.0,2.05101]},"J2s":{"weight":1.0,"played":[1.0,0.0],"evs":[0.0,-1.9665]},"J3s":{"weight":1.0,"played":[1.0,0.0],"evs":[0.0,-1.74538]},"J4s":{"weight":1.0,"played":[1.0,0.0],"evs":[0.0,-1.5101]},"J5s":{"weight":1.0,"played":[1.0,0.0],"evs":[0.0,-1.32764]},"J6s":{"weight":1.0,"played":[1.0,0.0],"evs":[0.0,-1.19618]},"J7s":{"weight":1.0,"played":[1.0,0.0],"evs":[0.0,-0.75954]},"J8s":{"weight":1.0,"played":[1.0,0.0],"evs":[0.0,-0.34333]},"J9s":{"weight":1.0,"played":[0.0022,0.9978],"evs":[0.0,0.09947]},"JTs":{"weight":1.0,"played":[0.0,1.0],"evs":[0.0,0.5644]},"JJ":{"weight":1.0,"played":[0.0,1.0],"evs":[0.0,7.23251]},"QJo":{"weight":1.0,"played":[0.3476,0.6524],"evs":[0.0,0.00667]},"KJo":{"weight":1.0,"played":[0.0,1.0],"evs":[0.0,0.62687]},"AJo":{"weight":1.0,"played":[0.0,1.0],"evs":[0.0,3.05325]},"Q2s":{"weight":1.0,"played":[1.0,0.0],"evs":[0.0,-1.55585]},"Q3s":{"weight":1.0,"played":[1.0,0.0],"evs":[0.0,-1.21652]},"Q4s":{"weight":1.0,"played":[1.0,0.0],"evs":[0.0,-1.0781]},"Q5s":{"weight":1.0,"played":[1.0,0.0],"evs":[0.0,-0.88178]},"Q6s":{"weight":1.0,"played":[1.0,0.0],"evs":[0.0,-0.68367]},"Q7s":{"weight":1.0,"played":[1.0,0.0],"evs":[0.0,-0.60696]},"Q8s":{"weight":1.0,"played":[0.9986,0.0014],"evs":[0.0,-0.13827]},"Q9s":{"weight":1.0,"played":[0.0,1.0],"evs":[0.0,0.28727]},"QTs":{"weight":1.0,"played":[0.0,1.0],"evs":[0.0,0.69488]},"QJs":{"weight":1.0,"played":[0.0,1.0],"evs":[0.0,0.81294]},"QQ":{"weight":1.0,"played":[0.0,1.0],"evs":[0.0,8.1185]},"KQo":{"weight":1.0,"played":[0.0,1.0],"evs":[0.0,1.26275]},"AQo":{"weight":1.0,"played":[0.0,1.0],"evs":[0.0,4.35798]},"K2s":{"weight":1.0,"played":[1.0,0.0],"evs":[0.0,-1.1272]},"K3s":{"weight":1.0,"played":[1.0,0.0],"evs":[0.0,-0.89709]},"K4s":{"weight":1.0,"played":[0.9999,1.0E-4],"evs":[0.0,-0.66592]},"K5s":{"weight":1.0,"played":[1.0,0.0],"evs":[0.0,-0.57774]},"K6s":{"weight":1.0,"played":[1.0,0.0],"evs":[0.0,-0.33944]},"K7s":{"weight":1.0,"played":[0.9988,0.0012],"evs":[0.0,-0.14924]},"K8s":{"weight":1.0,"played":[0.2879,0.7121],"evs":[0.0,-0.0044]},"K9s":{"weight":1.0,"played":[0.0,1.0],"evs":[0.0,0.55779]},"KTs":{"weight":1.0,"played":[0.0,1.0],"evs":[0.0,1.11905]},"KJs":{"weight":1.0,"played":[0.0,1.0],"evs":[0.0,1.34189]},"KQs":{"weight":1.0,"played":[0.0,1.0],"evs":[0.0,1.9198]},"KK":{"weight":1.0,"played":[0.0,1.0],"evs":[0.0,8.68411]},"AKo":{"weight":1.0,"played":[0.0,1.0],"evs":[0.0,5.16511]},"A2s":{"weight":1.0,"played":[6.0E-4,0.9994],"evs":[0.0,0.11733]},"A3s":{"weight":1.0,"played":[0.0,1.0],"evs":[0.0,0.39896]},"A4s":{"weight":1.0,"played":[2.0E-4,0.9998],"evs":[0.0,0.59392]},"A5s":{"weight":1.0,"played":[0.0,1.0],"evs":[0.0,0.82065]},"A6s":{"weight":1.0,"played":[0.0,1.0],"evs":[0.0,0.83775]},"A7s":{"weight":1.0,"played":[0.0,1.0],"evs":[0.0,1.2076]},"A8s":{"weight":1.0,"played":[0.0,1.0],"evs":[0.0,1.52226]},"A9s":{"weight":1.0,"played":[0.0,1.0],"evs":[0.0,1.93646]},"ATs":{"weight":1.0,"played":[0.0,1.0],"evs":[0.0,2.73203]},"AJs":{"weight":1.0,"played":[0.0,1.0],"evs":[0.0,3.68887]},"AQs":{"weight":1.0,"played":[0.0,1.0],"evs":[0.0,4.96722]},"AKs":{"weight":1.0,"played":[0.0,1.0],"evs":[0.0,5.59739]},"AA":{"weight":1.0,"played":[0.0,1.0],"evs":[0.0,10.67669]}}}