{"player":4,"street":0,"children":2,"sequence":[{"player":0,"type":"R","amount":2005000,"street":0},{"player":1,"type":"F","amount":0,"street":0},{"player":2,"type":"C","amount":1345000,"street":0},{"player":3,"type":"C","amount":1585000,"street":0}],"actions":[{"type":"F","amount":0},{"type":"C","amount":915000}],"hands":{"22":{"weight":1.0,"played":[0.9999,1.0E-4],"evs":[0.0,-2.77725]},"32o":{"weight":1.0,"played":[1.0,0.0],"evs":[0.0,-5.03411]},"42o":{"weight":1.0,"played":[1.0,0.0],"evs":[0.0,-4.68913]},"52o":{"weight":1.0,"played":[1.0,0.0],"evs":[0.0,-4.04133]},"62o":{"weight":1.0,"played":[1.0,0.0],"evs":[0.0,-4.72991]},"72o":{"weight":1.0,"played":[1.0,0.0],"evs":[0.0,-4.98269]},"82o":{"weight":1.0,"played":[1.0,0.0],"evs":[0.0,-5.21386]},"92o":{"weight":1.0,"played":[1.0,0.0],"evs":[0.0,-4.87185]},"T2o":{"weight":1.0,"played":[1.0,0.0],"evs":[0.0,-5.11511]},"J2o":{"weight":1.0,"played":[1.0,0.0],"evs":[0.0,-5.16191]},"Q2o":{"weight":1.0,"played":[1.0,0.0],"evs":[0.0,-4.85287]},"K2o":{"weight":1.0,"played":[1.0,0.0],"evs":[0.0,-4.13909]},"A2o":{"weight":1.0,"played":[1.0,0.0],"evs":[0.0,-4.85082]},"32s":{"weight":1.0,"played":[0.9998,2.0E-4],"evs":[0.0,-2.86703]},"33":{"weight":1.0,"played":[0.9987,0.0013],"evs":[0.0,-2.51775]},"43o":{"weight":1.0,"played":[1.0,0.0],"evs":[0.0,-3.6451]},"53o":{"weight":1.0,"played":[0.9999,1.0E-4],"evs":[0.0,-3.30401]},"63o":{"weight":1.0,"played":[1.0,0.0],"evs":[0.0,-3.88351]},"73o":{"weight":1.0,"played":[1.0,0.0],"evs":[0.0,-4.05393]},"83o":{"weight":1.0,"played":[1.0,0.0],"evs":[0.0,-4.55148]},"93o":{"weight":1.0,"played":[1.0,0.0],"evs":[0.0,-4.86294]},"T3o":{"weight":1.0,"played":[1.0,0.0],"evs":[0.0,-4.92547]},"J3o":{"weight":1.0,"played":[1.0,0.0],"evs":[0.0,-4.97956]},"Q3o":{"weight":1.0,"played":[1.0,0.0],"evs":[0.0,-4.46132]},"K3o":{"weight":1.0,"played":[1.0,0.0],"evs":[0.0,-4.04372]},"A3o":{"weight":1.0,"played":[1.0,0.0],"evs":[0.0,-4.65289]},"42s":{"weight":1.0,"played":[0.9999,1.0E-4],"evs":[0.0,-2.69046]},"43s":{"weight":1.0,"played":[1.0,0.0],"evs":[0.0,-1.91696]},"44":{"weight":1.0,"played":[1.0,0.0],"evs":[0.0,-1.29171]},"54o":{"weight":1.0,"played":[0.9999,1.0E-4],"evs":[0.0,-2.83106]},"64o":{"weight":1.0,"played":[1.0,0.0],"evs":[0.0,-3.13523]},"74o":{"weight":1.0,"played":[0.9999,1.0E-4],"evs":[0.0,-3.39589]},"84o":{"weight":1.0,"played":[1.0,0.0],"evs":[0.0,-3.80397]},"94o":{"weight":1.0,"played":[1.0,0.0],"evs":[0.0,-4.49536]},"T4o":{"weight":1.0,"played":[1.0,0.0],"evs":[0.0,-4.59021]},"J4o":{"weight":1.0,"played":[0.9999,1.0E-4],"evs":[0.0,-4.99426]},"Q4o":{"weight":1.0,"played":[1.0,0.0],"evs":[0.0,-4.40871]},"K4o":{"weight":1.0,"played":[0.9999,1.0E-4],"evs":[0.0,-3.6776]},"A4o":{"weight":1.0,"played":[1.0,0.0],"evs":[0.0,-4.44362]},"52s":{"weight":1.0,"played":[0.9987,0.0013],"evs":[0.0,-2.80924]},"53s":{"weight":1.0,"played":[1.0,0.0],"evs":[0.0,-1.62741]},"54s":{"weight":1.0,"played":[0.9987,0.0013],"evs":[0.0,-1.37466]},"55":{"weight":1.0,"played":[0.9995,5.0E-4],"evs":[0.0,-1.30418]},"65o":{"weight":1.0,"played":[1.0,0.0],"evs":[0.0,-2.59897]},"75o":{"weight":1.0,"played":[1.0,0.0],"evs":[0.0,-2.90731]},"85o":{"weight":1.0,"played":[1.0,0.0],"evs":[0.0,-3.53194]},"95o":{"weight":1.0,"played":[1.0,0.0],"evs":[0.0,-4.40651]},"T5o":{"weight":1.0,"played":[0.9997,3.0E-4],"evs":[0.0,-4.5732]},"J5o":{"weight":1.0,"played":[1.0,0.0],"evs":[0.0,-4.39357]},"Q5o":{"weight":1.0,"played":[0.9999,1.0E-4],"evs":[0.0,-4.40636]},"K5o":{"weight":1.0,"played":[1.0,0.0],"evs":[0.0,-4.20154]},"A5o":{"weight":1.0,"played":[0.9999,1.0E-4],"evs":[0.0,-4.38929]},"62s":{"weight":1.0,"played":[1.0,0.0],"evs":[0.0,-3.57179]},"63s":{"weight":1.0,"played":[1.0,0.0],"evs":[0.0,-2.00715]},"64s":{"weight":1.0,"played":[0.997,0.003],"evs":[0.0,-0.82707]},"65s":{"weight":1.0,"played":[0.9692,0.0308],"evs":[0.0,-0.42912]},"66":{"weight":1.0,"played":[0.6602,0.3398],"evs":[0.0,-0.31899]},"76o":{"weight":1.0,"played":[1.0,0.0],"evs":[0.0,-2.34235]},"86o":{"weight":1.0,"played":[1.0,0.0],"evs":[0.0,-2.51921]},"96o":{"weight":1.0,"played":[0.9999,1.0E-4],"evs":[0.0,-3.06223]},"T6o":{"weight":1.0,"played":[0.9998,2.0E-4],"evs":[0.0,-3.83483]},"J6o":{"weight":1.0,"played":[0.9999,1.0E-4],"evs":[0.0,-4.37819]},"Q6o":{"weight":1.0,"played":[1.0,0.0],"evs":[0.0,-4.02589]},"K6o":{"weight":1.0,"played":[1.0,0.0],"evs":[0.0,-3.5271]},"A6o":{"weight":1.0,"played":[1.0,0.0],"evs":[0.0,-4.53282]},"72s":{"weight":1.0,"played":[0.9998,2.0E-4],"evs":[0.0,-3.4874]},"73s":{"weight":1.0,"played":[1.0,0.0],"evs":[0.0,-2.6713]},"74s":{"weight":1.0,"played":[0.9997,3.0E-4],"evs":[0.0,-1.9744]},"75s":{"weight":1.0,"played":[0.973,0.027],"evs":[0.0,-2.31075]},"76s":{"weight":1.0,"played":[0.8092,0.1908],"evs":[0.0,-0.89546]},"77":{"weight":1.0,"played":[0.0259,0.9741],"evs":[0.0,0.71676]},"87o":{"weight":1.0,"played":[1.0,0.0],"evs":[0.0,-2.42921]},"97o":{"weight":1.0,"played":[0.9999,1.0E-4],"evs":[0.0,-2.87994]},"T7o":{"weight":1.0,"played":[1.0,0.0],"evs":[0.0,-3.38481]},"J7o":{"weight":1.0,"played":[0.9998,2.0E-4],"evs":[0.0,-3.66433]},"Q7o":{"weight":1.0,"played":[0.9999,1.0E-4],"evs":[0.0,-3.98152]},"K7o":{"weight":1.0,"played":[1.0,0.0],"evs":[0.0,-3.54103]},"A7o":{"weight":1.0,"played":[0.9997,3.0E-4],"evs":[0.0,-4.20732]},"82s":{"weight":1.0,"played":[0.9999,1.0E-4],"evs":[0.0,-2.66616]},"83s":{"weight":1.0,"played":[0.9999,1.0E-4],"evs":[0.0,-2.83909]},"84s":{"weight":1.0,"played":[0.9999,1.0E-4],"evs":[0.0,-2.34693]},"85s":{"weight":1.0,"played":[0.9864,0.0136],"evs":[0.0,-0.72089]},"86s":{"weight":1.0,"played":[0.3612,0.6388],"evs":[0.0,-0.60048]},"87s":{"weight":1.0,"played":[0.9665,0.0335],"evs":[0.0,-0.53159]},"88":{"weight":1.0,"played":[1.0E-4,0.9999],"evs":[0.0,1.35985]},"98o":{"weight":1.0,"played":[1.0,0.0],"evs":[0.0,-2.18608]},"T8o":{"weight":1.0,"played":[1.0,0.0],"evs":[0.0,-2.73985]},"J8o":{"weight":1.0,"played":[1.0,0.0],"evs":[0.0,-3.51925]},"Q8o":{"weight":1.0,"played":[1.0,0.0],"evs":[0.0,-3.07364]},"K8o":{"weight":1.0,"played":[1.0,0.0],"evs":[0.0,-3.31165]},"A8o":{"weight":1.0,"played":[0.9999,1.0E-4],"evs":[0.0,-4.25425]},"92s":{"weight":1.0,"played":[0.9998,2.0E-4],"evs":[0.0,-2.80869]},"93s":{"weight":1.0,"played":[1.0,0.0],"evs":[0.0,-2.43281]},"94s":{"weight":1.0,"played":[0.9985,0.0015],"evs":[0.0,-2.53429]},"95s":{"weight":1.0,"played":[0.9956,0.0044],"evs":[0.0,-1.98612]},"96s":{"weight":1.0,"played":[0.9998,2.0E-4],"evs":[0.0,-1.22954]},"97s":{"weight":1.0,"played":[0.9928,0.0072],"evs":[0.0,-0.68323]},"98s":{"weight":1.0,"played":[0.9991,9.0E-4],"evs":[0.0,-0.30964]},"99":{"weight":1.0,"played":[3.0E-4,0.9997],"evs":[0.0,2.32578]},"T9o":{"weight":1.0,"played":[0.9997,3.0E-4],"evs":[0.0,-2.19068]},"J9o":{"weight":1.0,"played":[0.9999,1.0E-4],"evs":[0.0,-2.95369]},"Q9o":{"weight":1.0,"played":[0.9999,1.0E-4],"evs":[0.0,-2.55997]},"K9o":{"weight":1.0,"played":[1.0,0.0],"evs":[0.0,-2.61014]},"A9o":{"weight":1.0,"played":[1.0,0.0],"evs":[0.0,-3.75873]},"T2s":{"weight":1.0,"played":[1.0,0.0],"evs":[0.0,-3.20872]},"T3s":{"weight":1.0,"played":[0.9984,0.0016],"evs":[0.0,-2.32143]},"T4s":{"weight":1.0,"played":[1.0,0.0],"evs":[0.0,-2.93728]},"T5s":{"weight":1.0,"played":[0.9988,0.0012],"evs":[0.0,-2.99934]},"T6s":{"weight":1.0,"played":[0.9975,0.0025],"evs":[0.0,-2.44057]},"T7s":{"weight":1.0,"played":[0.9952,0.0048],"evs":[0.0,-1.01346]},"T8s":{"weight":1.0,"played":[0.9835,0.0165],"evs":[0.0,-0.67641]},"T9s":{"weight":1.0,"played":[0.8288,0.1712],"evs":[0.0,-0.36659]},"TT":{"weight":1.0,"played":[0.0,1.0],"evs":[0.0,3.90885]},"JTo":{"weight":1.0,"played":[1.0,0.0],"evs":[0.0,-1.53488]},"QTo":{"weight":1.0,"played":[0.9977,0.0023],"evs":[0.0,-1.75865]},"KTo":{"weight":1.0,"played":[1.0,0.0],"evs":[0.0,-2.07334]},"ATo":{"weight":1.0,"played":[0.9996,4.0E-4],"evs":[0.0,-3.44147]},"J2s":{"weight":1.0,"played":[0.9975,0.0025],"evs":[0.0,-3.84427]},"J3s":{"weight":1.0,"played":[0.9998,2.0E-4],"evs":[0.0,-3.18343]},"J4s":{"weight":1.0,"played":[1.0,0.0],"evs":[0.0,-3.34334]},"J5s":{"weight":1.0,"played":[0.9946,0.0054],"evs":[0.0,-3.09097]},"J6s":{"weight":1.0,"played":[0.997,0.003],"evs":[0.0,-2.17219]},"J7s":{"weight":1.0,"played":[0.9999,1.0E-4],"evs":[0.0,-2.6761]},"J8s":{"weight":1.0,"played":[0.9951,0.0049],"evs":[0.0,-1.38821]},"J9s":{"weight":1.0,"played":[1.0,0.0],"evs":[0.0,-0.94021]},"JTs":{"weight":1.0,"played":[0.9134,0.0866],"evs":[0.0,-0.52588]},"JJ":{"weight":1.0,"played":[0.0,1.0],"evs":[0.0,5.87905]},"QJo":{"weight":1.0,"played":[0.9992,8.0E-4],"evs":[0.0,-1.92446]},"KJo":{"weight":1.0,"played":[0.9998,2.0E-4],"evs":[0.0,-1.59461]},"AJo":{"weight":1.0,"played":[0.9673,0.0327],"evs":[0.0,-1.87536]},"Q2s":{"weight":1.0,"played":[0.9997,3.0E-4],"evs":[0.0,-3.09752]},"Q3s":{"weight":1.0,"played":[0.9965,0.0035],"evs":[0.0,-3.23661]},"Q4s":{"weight":1.0,"played":[1.0,0.0],"evs":[0.0,-2.67112]},"Q5s":{"weight":1.0,"played":[0.9994,6.0E-4],"evs":[0.0,-2.409]},"Q6s":{"weight":1.0,"played":[0.9977,0.0023],"evs":[0.0,-1.89011]},"Q7s":{"weight":1.0,"played":[1.0,0.0],"evs":[0.0,-2.18192]},"Q8s":{"weight":1.0,"played":[0.9999,1.0E-4],"evs":[0.0,-2.23199]},"Q9s":{"weight":1.0,"played":[0.8684,0.1316],"evs":[0.0,-0.59463]},"QTs":{"weight":1.0,"played":[0.1848,0.8152],"evs":[0.0,-0.1453]},"QJs":{"weight":1.0,"played":[0.9536,0.0464],"evs":[0.0,-1.04012]},"QQ":{"weight":1.0,"played":[0.0,1.0],"evs":[0.0,8.60529]},"KQo":{"weight":1.0,"played":[0.9884,0.0116],"evs":[0.0,-1.05302]},"AQo":{"weight":1.0,"played":[0.9342,0.0658],"evs":[0.0,-0.69945]},"K2s":{"weight":1.0,"played":[0.9998,2.0E-4],"evs":[0.0,-2.92578]},"K3s":{"weight":1.0,"played":[0.9997,3.0E-4],"evs":[0.0,-2.34588]},"K4s":{"weight":1.0,"played":[0.9992,8.0E-4],"evs":[0.0,-2.44884]},"K5s":{"weight":1.0,"played":[0.9935,0.0065],"evs":[0.0,-2.02441]},"K6s":{"weight":1.0,"played":[0.9984,0.0016],"evs":[0.0,-1.74029]},"K7s":{"weight":1.0,"played":[0.9866,0.0134],"evs":[0.0,-1.46326]},"K8s":{"weight":1.0,"played":[0.9981,0.0019],"evs":[0.0,-1.87731]},"K9s":{"weight":1.0,"played":[0.7379,0.2621],"evs":[0.0,-0.48378]},"KTs":{"weight":1.0,"played":[0.1184,0.8816],"evs":[0.0,0.68144]},"KJs":{"weight":1.0,"played":[0.3399,0.6601],"evs":[0.0,-0.10845]},"KQs":{"weight":1.0,"played":[0.4063,0.5937],"evs":[0.0,0.77694]},"KK":{"weight":1.0,"played":[0.0,1.0],"evs":[0.0,12.43283]},"AKo":{"weight":1.0,"played":[0.0,1.0],"evs":[0.0,2.06985]},"A2s":{"weight":1.0,"played":[0.9999,1.0E-4],"evs":[0.0,-2.94274]},"A3s":{"weight":1.0,"played":[0.9999,1.0E-4],"evs":[0.0,-2.03139]},"A4s":{"weight":1.0,"played":[0.9999,1.0E-4],"evs":[0.0,-2.29311]},"A5s":{"weight":1.0,"played":[0.989,0.011],"evs":[0.0,-1.99538]},"A6s":{"weight":1.0,"played":[0.9928,0.0072],"evs":[0.0,-2.81575]},"A7s":{"weight":1.0,"played":[0.9726,0.0274],"evs":[0.0,-1.48019]},"A8s":{"weight":1.0,"played":[0.9932,0.0068],"evs":[0.0,-2.70886]},"A9s":{"weight":1.0,"played":[0.989,0.011],"evs":[0.0,-1.18104]},"ATs":{"weight":1.0,"played":[0.9444,0.0556],"evs":[0.0,-0.10157]},"AJs":{"weight":1.0,"played":[0.4554,0.5446],"evs":[0.0,0.03311]},"AQs":{"weight":1.0,"played":[0.0244,0.9756],"evs":[0.0,1.69842]},"AKs":{"weight":1.0,"played":[1.0E-4,0.9999],"evs":[0.0,3.86415]},"AA":{"weight":1.0,"played":[0.0,1.0],"evs":[0.0,17.40735]}}}