{"player":3,"street":0,"children":2,"sequence":[{"player":0,"type":"F","amount":0,"street":0},{"player":1,"type":"R","amount":200000,"street":0},{"player":2,"type":"F","amount":0,"street":0},{"player":3,"type":"C","amount":150000,"street":0},{"player":4,"type":"R","amount":1015000,"street":0},{"player":1,"type":"F","amount":0,"street":0}],"actions":[{"type":"F","amount":0},{"type":"C","amount":815000}],"hands":{"22":{"weight":0.9787,"played":[0.0,1.0],"evs":[0.0,3.17703]},"32o":{"weight":0.0,"played":[1.0,0.0],"evs":[0.0,-1.31778]},"42o":{"weight":0.0,"played":[1.0,0.0],"evs":[0.0,-1.11474]},"52o":{"weight":0.0,"played":[1.0,0.0],"evs":[0.0,-1.05917]},"62o":{"weight":0.0,"played":[1.0,0.0],"evs":[0.0,-1.16805]},"72o":{"weight":0.0,"played":[0.9998,2.0E-4],"evs":[0.0,-1.78957]},"82o":{"weight":0.0,"played":[0.9999,1.0E-4],"evs":[0.0,-1.53278]},"92o":{"weight":0.0,"played":[1.0,0.0],"evs":[0.0,-1.73991]},"T2o":{"weight":0.0,"played":[1.0,0.0],"evs":[0.0,-1.1117]},"J2o":{"weight":0.0,"played":[0.9999,1.0E-4],"evs":[0.0,-1.21661]},"Q2o":{"weight":0.0,"played":[0.9911,0.0089],"evs":[0.0,-0.72891]},"K2o":{"weight":0.0,"played":[0.9907,0.0093],"evs":[0.0,-1.23869]},"A2o":{"weight":1.0E-4,"played":[9.0E-4,0.9991],"evs":[0.0,0.88433]},"32s":{"weight":0.0,"played":[0.1832,0.8168],"evs":[0.0,0.12275]},"33":{"weight":0.9663,"played":[0.0,1.0],"evs":[0.0,3.67627]},"43o":{"weight":0.0,"played":[0.9988,0.0012],"evs":[0.0,-0.52514]},"53o":{"weight":0.0,"played":[0.987,0.013],"evs":[0.0,-0.05835]},"63o":{"weight":0.0,"played":[0.9999,1.0E-4],"evs":[0.0,-0.79341]},"73o":{"weight":0.0,"played":[0.9999,1.0E-4],"evs":[0.0,-1.18712]},"83o":{"weight":0.0,"played":[1.0,0.0],"evs":[0.0,-1.38141]},"93o":{"weight":0.0,"played":[1.0,0.0],"evs":[0.0,-1.46206]},"T3o":{"weight":0.0,"played":[1.0,0.0],"evs":[0.0,-1.0615]},"J3o":{"weight":0.0,"played":[1.0,0.0],"evs":[0.0,-0.9248]},"Q3o":{"weight":0.0,"played":[0.9861,0.0139],"evs":[0.0,-0.39218]},"K3o":{"weight":0.0,"played":[1.0,0.0],"evs":[0.0,-1.00895]},"A3o":{"weight":0.0152,"played":[0.0,1.0],"evs":[0.0,1.09787]},"42s":{"weight":0.0,"played":[0.0465,0.9535],"evs":[0.0,0.26878]},"43s":{"weight":1.0E-4,"played":[0.0012,0.9988],"evs":[0.0,0.63093]},"44":{"weight":0.8839,"played":[0.0,1.0],"evs":[0.0,3.69724]},"54o":{"weight":0.0,"played":[0.3007,0.6993],"evs":[0.0,0.19779]},"64o":{"weight":0.0,"played":[0.9992,8.0E-4],"evs":[0.0,-0.53461]},"74o":{"weight":0.0,"played":[1.0,0.0],"evs":[0.0,-0.6579]},"84o":{"weight":0.0,"played":[0.9768,0.0232],"evs":[0.0,-1.18612]},"94o":{"weight":0.0,"played":[1.0,0.0],"evs":[0.0,-1.59492]},"T4o":{"weight":0.0,"played":[0.9993,7.0E-4],"evs":[0.0,-0.88027]},"J4o":{"weight":0.0,"played":[0.9982,0.0018],"evs":[0.0,-0.82043]},"Q4o":{"weight":0.0,"played":[1.0,0.0],"evs":[0.0,-0.6479]},"K4o":{"weight":0.0,"played":[0.9987,0.0013],"evs":[0.0,-0.78099]},"A4o":{"weight":0.0259,"played":[0.0,1.0],"evs":[0.0,1.19104]},"52s":{"weight":0.0,"played":[0.1337,0.8663],"evs":[0.0,0.21902]},"53s":{"weight":0.0,"played":[1.0E-4,0.9999],"evs":[0.0,0.75492]},"54s":{"weight":0.5866,"played":[1.0E-4,0.9999],"evs":[0.0,1.14254]},"55":{"weight":0.277,"played":[0.0,1.0],"evs":[0.0,4.09213]},"65o":{"weight":0.0,"played":[0.0041,0.9959],"evs":[0.0,0.1264]},"75o":{"weight":0.0,"played":[0.9948,0.0052],"evs":[0.0,-0.52415]},"85o":{"weight":0.0,"played":[0.9785,0.0215],"evs":[0.0,-0.76387]},"95o":{"weight":0.0,"played":[0.9996,4.0E-4],"evs":[0.0,-1.07393]},"T5o":{"weight":0.0,"played":[0.9993,7.0E-4],"evs":[0.0,-0.67716]},"J5o":{"weight":0.0,"played":[0.9962,0.0038],"evs":[0.0,-0.73318]},"Q5o":{"weight":0.0,"played":[0.9934,0.0066],"evs":[0.0,-0.31259]},"K5o":{"weight":0.0,"played":[0.9904,0.0096],"evs":[0.0,-0.58777]},"A5o":{"weight":0.0016,"played":[0.0,1.0],"evs":[0.0,1.23553]},"62s":{"weight":0.0,"played":[0.6759,0.3241],"evs":[0.0,-0.02976]},"63s":{"weight":0.0,"played":[0.0019,0.9981],"evs":[0.0,0.9616]},"64s":{"weight":0.0,"played":[0.0044,0.9956],"evs":[0.0,0.92106]},"65s":{"weight":0.6679,"played":[1.0E-4,0.9999],"evs":[0.0,1.10052]},"66":{"weight":0.0315,"played":[0.0,1.0],"evs":[0.0,4.44345]},"76o":{"weight":0.0,"played":[0.0689,0.9311],"evs":[0.0,0.23339]},"86o":{"weight":0.0,"played":[0.5425,0.4575],"evs":[0.0,-0.28094]},"96o":{"weight":0.0,"played":[0.9782,0.0218],"evs":[0.0,-0.45754]},"T6o":{"weight":0.0,"played":[0.9959,0.0041],"evs":[0.0,-0.32703]},"J6o":{"weight":0.0,"played":[0.9967,0.0033],"evs":[0.0,-0.61209]},"Q6o":{"weight":0.0,"played":[0.9846,0.0154],"evs":[0.0,-0.17087]},"K6o":{"weight":0.0,"played":[0.9762,0.0238],"evs":[0.0,-0.50614]},"A6o":{"weight":0.1338,"played":[0.0,1.0],"evs":[0.0,0.73629]},"72s":{"weight":0.0,"played":[0.9713,0.0287],"evs":[0.0,-0.56139]},"73s":{"weight":0.0,"played":[0.7565,0.2435],"evs":[0.0,-0.29744]},"74s":{"weight":0.0,"played":[1.0E-4,0.9999],"evs":[0.0,0.27925]},"75s":{"weight":8.0E-4,"played":[0.0,1.0],"evs":[0.0,0.30235]},"76s":{"weight":0.2286,"played":[2.0E-4,0.9998],"evs":[0.0,1.34941]},"77":{"weight":0.6699,"played":[0.0,1.0],"evs":[0.0,4.41057]},"87o":{"weight":0.0,"played":[0.4181,0.5819],"evs":[0.0,-0.26799]},"97o":{"weight":0.0,"played":[0.9811,0.0189],"evs":[0.0,-0.23932]},"T7o":{"weight":0.0,"played":[0.7169,0.2831],"evs":[0.0,-0.23245]},"J7o":{"weight":0.0,"played":[0.9821,0.0179],"evs":[0.0,-0.69765]},"Q7o":{"weight":0.0,"played":[0.9644,0.0356],"evs":[0.0,-0.61308]},"K7o":{"weight":0.0,"played":[0.9772,0.0228],"evs":[0.0,-0.89376]},"A7o":{"weight":0.8887,"played":[0.0,1.0],"evs":[0.0,0.95584]},"82s":{"weight":0.0,"played":[0.9319,0.0681],"evs":[0.0,-0.61703]},"83s":{"weight":0.0,"played":[0.9568,0.0432],"evs":[0.0,-0.27385]},"84s":{"weight":0.0,"played":[0.4295,0.5705],"evs":[0.0,0.12111]},"85s":{"weight":1.0E-4,"played":[2.0E-4,0.9998],"evs":[0.0,0.38285]},"86s":{"weight":0.0,"played":[0.0018,0.9982],"evs":[0.0,0.81957]},"87s":{"weight":0.1287,"played":[0.0023,0.9977],"evs":[0.0,1.30627]},"88":{"weight":0.6454,"played":[0.0,1.0],"evs":[0.0,5.5887]},"98o":{"weight":0.0,"played":[0.683,0.317],"evs":[0.0,-0.07152]},"T8o":{"weight":0.0,"played":[0.0016,0.9984],"evs":[0.0,0.08447]},"J8o":{"weight":0.0,"played":[0.9646,0.0354],"evs":[0.0,-0.20167]},"Q8o":{"weight":0.0,"played":[0.6655,0.3345],"evs":[0.0,-0.18006]},"K8o":{"weight":0.0,"played":[0.9822,0.0178],"evs":[0.0,-0.96195]},"A8o":{"weight":0.0313,"played":[0.0,1.0],"evs":[0.0,1.77567]},"92s":{"weight":0.0,"played":[0.8678,0.1322],"evs":[0.0,-0.78627]},"93s":{"weight":0.0,"played":[0.8639,0.1361],"evs":[0.0,-0.06017]},"94s":{"weight":0.0,"played":[0.9257,0.0743],"evs":[0.0,-0.14306]},"95s":{"weight":0.0,"played":[0.1343,0.8657],"evs":[0.0,0.01086]},"96s":{"weight":0.0,"played":[0.0026,0.9974],"evs":[0.0,0.64961]},"97s":{"weight":0.0,"played":[0.0011,0.9989],"evs":[0.0,0.85267]},"98s":{"weight":2.0E-4,"played":[7.0E-4,0.9993],"evs":[0.0,1.52845]},"99":{"weight":0.7178,"played":[0.0,1.0],"evs":[0.0,6.48675]},"T9o":{"weight":0.0,"played":[0.0019,0.9981],"evs":[0.0,0.2977]},"J9o":{"weight":0.0,"played":[2.0E-4,0.9998],"evs":[0.0,0.11187]},"Q9o":{"weight":0.0,"played":[0.0027,0.9973],"evs":[0.0,0.37648]},"K9o":{"weight":0.0,"played":[0.9626,0.0374],"evs":[0.0,-0.45932]},"A9o":{"weight":0.2015,"played":[0.0,1.0],"evs":[0.0,2.58219]},"T2s":{"weight":0.0,"played":[0.6479,0.3521],"evs":[0.0,-0.10359]},"T3s":{"weight":0.0,"played":[0.0446,0.9554],"evs":[0.0,0.18054]},"T4s":{"weight":0.0,"played":[0.0012,0.9988],"evs":[0.0,0.46332]},"T5s":{"weight":0.0,"played":[0.081,0.919],"evs":[0.0,0.12117]},"T6s":{"weight":0.0,"played":[0.0272,0.9728],"evs":[0.0,0.50849]},"T7s":{"weight":1.0E-4,"played":[0.0654,0.9346],"evs":[0.0,1.06507]},"T8s":{"weight":0.5026,"played":[1.0E-4,0.9999],"evs":[0.0,1.34245]},"T9s":{"weight":0.9796,"played":[0.0,1.0],"evs":[0.0,1.38901]},"TT":{"weight":0.0,"played":[0.0,1.0],"evs":[0.0,8.0958]},"JTo":{"weight":1.0E-4,"played":[0.0,1.0],"evs":[0.0,0.68572]},"QTo":{"weight":5.0E-4,"played":[1.0E-4,0.9999],"evs":[0.0,1.28345]},"KTo":{"weight":0.9953,"played":[0.0,1.0],"evs":[0.0,0.52254]},"ATo":{"weight":3.0E-4,"played":[0.0,1.0],"evs":[0.0,4.25707]},"J2s":{"weight":0.0,"played":[0.9305,0.0695],"evs":[0.0,-0.28606]},"J3s":{"weight":0.0,"played":[0.1404,0.8596],"evs":[0.0,0.40107]},"J4s":{"weight":0.0,"played":[0.0019,0.9981],"evs":[0.0,0.47671]},"J5s":{"weight":0.0,"played":[0.0015,0.9985],"evs":[0.0,0.52045]},"J6s":{"weight":0.0,"played":[0.0029,0.9971],"evs":[0.0,0.80556]},"J7s":{"weight":0.0,"played":[0.0018,0.9982],"evs":[0.0,0.38297]},"J8s":{"weight":0.1635,"played":[0.0043,0.9957],"evs":[0.0,0.89336]},"J9s":{"weight":0.9838,"played":[8.0E-4,0.9992],"evs":[0.0,1.03193]},"JTs":{"weight":0.9852,"played":[0.0,1.0],"evs":[0.0,1.73216]},"JJ":{"weight":0.0,"played":[0.0,1.0],"evs":[0.0,9.13743]},"QJo":{"weight":0.9853,"played":[0.0,1.0],"evs":[0.0,0.95992]},"KJo":{"weight":0.3107,"played":[0.0,1.0],"evs":[0.0,1.25132]},"AJo":{"weight":0.0,"played":[0.0,1.0],"evs":[0.0,6.26543]},"Q2s":{"weight":0.0,"played":[0.0304,0.9696],"evs":[0.0,0.65851]},"Q3s":{"weight":0.0,"played":[0.0022,0.9978],"evs":[0.0,0.4805]},"Q4s":{"weight":0.0,"played":[0.0023,0.9977],"evs":[0.0,0.58225]},"Q5s":{"weight":0.0,"played":[3.0E-4,0.9997],"evs":[0.0,0.61611]},"Q6s":{"weight":1.0E-4,"played":[0.0,1.0],"evs":[0.0,0.88542]},"Q7s":{"weight":0.0,"played":[1.0E-4,0.9999],"evs":[0.0,0.81345]},"Q8s":{"weight":1.0E-4,"played":[4.0E-4,0.9996],"evs":[0.0,1.04219]},"Q9s":{"weight":0.9988,"played":[0.0,1.0],"evs":[0.0,1.13626]},"QTs":{"weight":0.9515,"played":[0.0,1.0],"evs":[0.0,2.23458]},"QJs":{"weight":0.3198,"played":[2.0E-4,0.9998],"evs":[0.0,2.12002]},"QQ":{"weight":1.0E-4,"played":[0.0,1.0],"evs":[0.0,11.14706]},"KQo":{"weight":0.003,"played":[0.0,1.0],"evs":[0.0,2.27352]},"AQo":{"weight":0.0,"played":[0.0,1.0],"evs":[0.0,7.75742]},"K2s":{"weight":0.0,"played":[0.9294,0.0706],"evs":[0.0,-0.00452]},"K3s":{"weight":1.0E-4,"played":[0.0072,0.9928],"evs":[0.0,0.5207]},"K4s":{"weight":0.0274,"played":[0.0208,0.9792],"evs":[0.0,0.12517]},"K5s":{"weight":0.0018,"played":[4.0E-4,0.9996],"evs":[0.0,0.45314]},"K6s":{"weight":0.6551,"played":[9.0E-4,0.9991],"evs":[0.0,0.4412]},"K7s":{"weight":0.6617,"played":[2.0E-4,0.9998],"evs":[0.0,0.40464]},"K8s":{"weight":0.9689,"played":[6.0E-4,0.9994],"evs":[0.0,0.39401]},"K9s":{"weight":0.9998,"played":[0.0,1.0],"evs":[0.0,0.41421]},"KTs":{"weight":0.9989,"played":[0.0,1.0],"evs":[0.0,1.63009]},"KJs":{"weight":0.9995,"played":[0.0,1.0],"evs":[0.0,2.0271]},"KQs":{"weight":0.5428,"played":[0.0,1.0],"evs":[0.0,3.25921]},"KK":{"weight":1.0E-4,"played":[0.0,1.0],"evs":[0.0,12.31934]},"AKo":{"weight":0.0,"played":[0.0,1.0],"evs":[0.0,9.10483]},"A2s":{"weight":0.0038,"played":[3.0E-4,0.9997],"evs":[0.0,1.70731]},"A3s":{"weight":0.0,"played":[1.0E-4,0.9999],"evs":[0.0,1.97406]},"A4s":{"weight":0.0,"played":[0.0,1.0],"evs":[0.0,2.37936]},"A5s":{"weight":0.0,"played":[0.0,1.0],"evs":[0.0,2.132]},"A6s":{"weight":0.7003,"played":[0.0,1.0],"evs":[0.0,2.19267]},"A7s":{"weight":0.0213,"played":[0.0,1.0],"evs":[0.0,1.90551]},"A8s":{"weight":0.004,"played":[0.0,1.0],"evs":[0.0,2.81231]},"A9s":{"weight":0.2021,"played":[0.0,1.0],"evs":[0.0,3.80411]},"ATs":{"weight":0.9472,"played":[0.0,1.0],"evs":[0.0,5.36579]},"AJs":{"weight":0.0,"played":[0.0,1.0],"evs":[0.0,6.77672]},"AQs":{"weight":0.0,"played":[0.0,1.0],"evs":[0.0,8.63452]},"AKs":{"weight":0.0,"played":[0.0,1.0],"evs":[0.0,9.59329]},"AA":{"weight":0.9999,"played":[0.0,1.0],"evs":[0.0,16.80409]}}}