{"player":1,"street":0,"children":2,"sequence":[{"player":0,"type":"F","amount":0,"street":0},{"player":1,"type":"R","amount":200000,"street":0},{"player":2,"type":"F","amount":0,"street":0},{"player":3,"type":"C","amount":150000,"street":0},{"player":4,"type":"R","amount":1015000,"street":0},{"player":1,"type":"C","amount":815000,"street":0},{"player":3,"type":"R","amount":1635000,"street":0}],"actions":[{"type":"F","amount":0},{"type":"C","amount":620000}],"hands":{"22":{"weight":0.0,"played":[0.0,1.0],"evs":[0.0,7.75789]},"32o":{"weight":0.0,"played":[0.0,1.0],"evs":[0.0,3.13978]},"42o":{"weight":0.0,"played":[0.0,1.0],"evs":[0.0,2.88992]},"52o":{"weight":0.0,"played":[0.0,1.0],"evs":[0.0,3.54172]},"62o":{"weight":0.0,"played":[0.0,1.0],"evs":[0.0,2.89847]},"72o":{"weight":0.0,"played":[0.0,1.0],"evs":[0.0,1.92017]},"82o":{"weight":0.0,"played":[0.0,1.0],"evs":[0.0,2.88411]},"92o":{"weight":0.0,"played":[0.0,1.0],"evs":[0.0,3.23516]},"T2o":{"weight":0.0,"played":[0.0,1.0],"evs":[0.0,3.39094]},"J2o":{"weight":0.0,"played":[0.0,1.0],"evs":[0.0,4.36343]},"Q2o":{"weight":0.0,"played":[0.0,1.0],"evs":[0.0,4.23047]},"K2o":{"weight":0.0,"played":[0.0,1.0],"evs":[0.0,3.13671]},"A2o":{"weight":2.0E-4,"played":[0.0,1.0],"evs":[0.0,6.66123]},"32s":{"weight":0.0,"played":[0.0,1.0],"evs":[0.0,4.73835]},"33":{"weight":0.0,"played":[0.0,1.0],"evs":[0.0,7.88089]},"43o":{"weight":0.0,"played":[0.0,1.0],"evs":[0.0,4.08325]},"53o":{"weight":0.0,"played":[0.0,1.0],"evs":[0.0,4.18591]},"63o":{"weight":0.0,"played":[0.0,1.0],"evs":[0.0,3.71594]},"73o":{"weight":0.0,"played":[6.0E-4,0.9994],"evs":[0.0,3.15314]},"83o":{"weight":0.0,"played":[1.0E-4,0.9999],"evs":[0.0,2.69777]},"93o":{"weight":0.0,"played":[1.0E-4,0.9999],"evs":[0.0,3.74572]},"T3o":{"weight":0.0,"played":[0.0,1.0],"evs":[0.0,3.80975]},"J3o":{"weight":0.0,"played":[0.0,1.0],"evs":[0.0,3.93112]},"Q3o":{"weight":0.0,"played":[0.0,1.0],"evs":[0.0,4.70894]},"K3o":{"weight":0.0,"played":[0.0,1.0],"evs":[0.0,4.34706]},"A3o":{"weight":0.1891,"played":[0.0,1.0],"evs":[0.0,7.08283]},"42s":{"weight":0.0,"played":[0.0,1.0],"evs":[0.0,5.58899]},"43s":{"weight":0.0,"played":[0.0,1.0],"evs":[0.0,6.4003]},"44":{"weight":0.0,"played":[0.0,1.0],"evs":[0.0,8.08212]},"54o":{"weight":0.0,"played":[0.0,1.0],"evs":[0.0,5.64292]},"64o":{"weight":0.0,"played":[0.0,1.0],"evs":[0.0,4.16232]},"74o":{"weight":0.0,"played":[0.0,1.0],"evs":[0.0,4.01912]},"84o":{"weight":0.0,"played":[0.0,1.0],"evs":[0.0,3.27408]},"94o":{"weight":0.0,"played":[0.0,1.0],"evs":[0.0,3.72157]},"T4o":{"weight":0.0,"played":[0.0,1.0],"evs":[0.0,3.95339]},"J4o":{"weight":0.0,"played":[0.0,1.0],"evs":[0.0,4.56176]},"Q4o":{"weight":0.0,"played":[0.0,1.0],"evs":[0.0,4.81304]},"K4o":{"weight":0.0,"played":[0.0,1.0],"evs":[0.0,3.77165]},"A4o":{"weight":2.0E-4,"played":[0.0,1.0],"evs":[0.0,7.39941]},"52s":{"weight":0.0,"played":[0.0,1.0],"evs":[0.0,6.34876]},"53s":{"weight":0.0,"played":[0.0,1.0],"evs":[0.0,5.51585]},"54s":{"weight":0.0,"played":[0.0,1.0],"evs":[0.0,6.86968]},"55":{"weight":0.0,"played":[0.0,1.0],"evs":[0.0,8.86278]},"65o":{"weight":0.0,"played":[0.0,1.0],"evs":[0.0,5.12101]},"75o":{"weight":0.0,"played":[0.0,1.0],"evs":[0.0,4.9944]},"85o":{"weight":0.0,"played":[0.0,1.0],"evs":[0.0,4.39697]},"95o":{"weight":0.0,"played":[0.0,1.0],"evs":[0.0,3.82518]},"T5o":{"weight":0.0,"played":[0.0,1.0],"evs":[0.0,4.04809]},"J5o":{"weight":0.0,"played":[0.0,1.0],"evs":[0.0,4.64174]},"Q5o":{"weight":0.0,"played":[0.0,1.0],"evs":[0.0,4.96595]},"K5o":{"weight":0.0,"played":[0.0,1.0],"evs":[0.0,3.68344]},"A5o":{"weight":0.0,"played":[0.0,1.0],"evs":[0.0,7.53167]},"62s":{"weight":0.0,"played":[4.0E-4,0.9996],"evs":[0.0,4.15237]},"63s":{"weight":0.0,"played":[0.0,1.0],"evs":[0.0,5.98448]},"64s":{"weight":0.0,"played":[0.0,1.0],"evs":[0.0,6.51669]},"65s":{"weight":0.0031,"played":[0.0,1.0],"evs":[0.0,7.46042]},"66":{"weight":0.0,"played":[0.0,1.0],"evs":[0.0,8.80191]},"76o":{"weight":0.0,"played":[0.0,1.0],"evs":[0.0,5.0088]},"86o":{"weight":0.0,"played":[0.0,1.0],"evs":[0.0,5.2406]},"96o":{"weight":0.0,"played":[0.0,1.0],"evs":[0.0,5.20814]},"T6o":{"weight":0.0,"played":[0.0,1.0],"evs":[0.0,4.6389]},"J6o":{"weight":0.0,"played":[0.0,1.0],"evs":[0.0,4.34047]},"Q6o":{"weight":0.0,"played":[0.0,1.0],"evs":[0.0,4.86496]},"K6o":{"weight":0.0,"played":[0.0,1.0],"evs":[0.0,4.66675]},"A6o":{"weight":0.0,"played":[0.0,1.0],"evs":[0.0,6.84893]},"72s":{"weight":0.0,"played":[1.0E-4,0.9999],"evs":[0.0,4.18003]},"73s":{"weight":0.0,"played":[0.0,1.0],"evs":[0.0,6.25426]},"74s":{"weight":0.0,"played":[1.0E-4,0.9999],"evs":[0.0,5.03946]},"75s":{"weight":0.0,"played":[1.0E-4,0.9999],"evs":[0.0,6.81623]},"76s":{"weight":0.0218,"played":[0.0,1.0],"evs":[0.0,6.49981]},"77":{"weight":0.0,"played":[0.0,1.0],"evs":[0.0,9.14541]},"87o":{"weight":0.0,"played":[0.0,1.0],"evs":[0.0,6.012]},"97o":{"weight":0.0,"played":[0.0,1.0],"evs":[0.0,5.891]},"T7o":{"weight":0.0,"played":[0.0,1.0],"evs":[0.0,4.54997]},"J7o":{"weight":0.0,"played":[0.0,1.0],"evs":[0.0,4.94455]},"Q7o":{"weight":0.0,"played":[0.0,1.0],"evs":[0.0,4.86133]},"K7o":{"weight":0.0,"played":[0.0,1.0],"evs":[0.0,4.14588]},"A7o":{"weight":0.003,"played":[0.0,1.0],"evs":[0.0,6.67725]},"82s":{"weight":0.0,"played":[0.0011,0.9989],"evs":[0.0,4.94665]},"83s":{"weight":0.0,"played":[0.0,1.0],"evs":[0.0,4.48501]},"84s":{"weight":0.0,"played":[0.0,1.0],"evs":[0.0,5.79354]},"85s":{"weight":0.0,"played":[0.0,1.0],"evs":[0.0,6.76975]},"86s":{"weight":0.2247,"played":[0.0,1.0],"evs":[0.0,6.72334]},"87s":{"weight":1.0E-4,"played":[0.0,1.0],"evs":[0.0,7.68204]},"88":{"weight":0.0126,"played":[0.0,1.0],"evs":[0.0,12.40899]},"98o":{"weight":0.0,"played":[0.0,1.0],"evs":[0.0,6.49366]},"T8o":{"weight":0.0,"played":[0.0,1.0],"evs":[0.0,6.59106]},"J8o":{"weight":0.0,"played":[0.0,1.0],"evs":[0.0,5.94895]},"Q8o":{"weight":0.0,"played":[0.0,1.0],"evs":[0.0,5.72157]},"K8o":{"weight":0.0,"played":[0.0,1.0],"evs":[0.0,4.14974]},"A8o":{"weight":0.0,"played":[0.0,1.0],"evs":[0.0,7.11077]},"92s":{"weight":0.0,"played":[1.0E-4,0.9999],"evs":[0.0,4.6025]},"93s":{"weight":0.0,"played":[0.0,1.0],"evs":[0.0,5.53477]},"94s":{"weight":0.0,"played":[0.0,1.0],"evs":[0.0,5.59764]},"95s":{"weight":0.0,"played":[0.0,1.0],"evs":[0.0,6.83784]},"96s":{"weight":0.0,"played":[0.0,1.0],"evs":[0.0,7.5784]},"97s":{"weight":9.0E-4,"played":[0.0,1.0],"evs":[0.0,7.28797]},"98s":{"weight":0.0,"played":[0.0,1.0],"evs":[0.0,8.58825]},"99":{"weight":0.1199,"played":[0.0,1.0],"evs":[0.0,16.35849]},"T9o":{"weight":0.0559,"played":[0.0,1.0],"evs":[0.0,7.30545]},"J9o":{"weight":0.0,"played":[0.0,1.0],"evs":[0.0,6.85048]},"Q9o":{"weight":0.0,"played":[0.0,1.0],"evs":[0.0,6.89112]},"K9o":{"weight":0.0053,"played":[0.0,1.0],"evs":[0.0,6.00495]},"A9o":{"weight":0.0,"played":[0.0,1.0],"evs":[0.0,9.43881]},"T2s":{"weight":0.0,"played":[2.0E-4,0.9998],"evs":[0.0,5.20071]},"T3s":{"weight":0.0,"played":[0.0,1.0],"evs":[0.0,6.08796]},"T4s":{"weight":0.0,"played":[0.0,1.0],"evs":[0.0,5.94016]},"T5s":{"weight":0.0,"played":[0.0,1.0],"evs":[0.0,5.40893]},"T6s":{"weight":0.0,"played":[0.0,1.0],"evs":[0.0,7.72846]},"T7s":{"weight":0.3143,"played":[0.0,1.0],"evs":[0.0,7.241]},"T8s":{"weight":0.0,"played":[0.0,1.0],"evs":[0.0,8.24675]},"T9s":{"weight":4.0E-4,"played":[0.0,1.0],"evs":[0.0,8.85414]},"TT":{"weight":0.1621,"played":[0.0,1.0],"evs":[0.0,19.52453]},"JTo":{"weight":0.0067,"played":[0.0,1.0],"evs":[0.0,7.50545]},"QTo":{"weight":0.1793,"played":[0.0,1.0],"evs":[0.0,7.64553]},"KTo":{"weight":0.0012,"played":[0.0,1.0],"evs":[0.0,7.48324]},"ATo":{"weight":0.0,"played":[0.0,1.0],"evs":[0.0,11.54637]},"J2s":{"weight":0.0,"played":[0.0,1.0],"evs":[0.0,5.63511]},"J3s":{"weight":0.0,"played":[0.0,1.0],"evs":[0.0,5.98662]},"J4s":{"weight":0.0,"played":[0.0,1.0],"evs":[0.0,6.03999]},"J5s":{"weight":0.0,"played":[0.0,1.0],"evs":[0.0,5.58656]},"J6s":{"weight":0.0,"played":[0.0,1.0],"evs":[0.0,7.43656]},"J7s":{"weight":0.001,"played":[0.0,1.0],"evs":[0.0,6.87742]},"J8s":{"weight":0.3738,"played":[0.0,1.0],"evs":[0.0,7.87306]},"J9s":{"weight":0.0,"played":[0.0,1.0],"evs":[0.0,8.00479]},"JTs":{"weight":0.005,"played":[0.0,1.0],"evs":[0.0,10.79665]},"JJ":{"weight":0.8457,"played":[0.0,1.0],"evs":[0.0,20.91974]},"QJo":{"weight":1.0E-4,"played":[0.0,1.0],"evs":[0.0,8.3865]},"KJo":{"weight":0.0,"played":[0.0,1.0],"evs":[0.0,9.65574]},"AJo":{"weight":0.0,"played":[0.0,1.0],"evs":[0.0,13.91239]},"Q2s":{"weight":0.0,"played":[0.0,1.0],"evs":[0.0,6.51255]},"Q3s":{"weight":0.0,"played":[0.0,1.0],"evs":[0.0,6.53983]},"Q4s":{"weight":0.0,"played":[0.0,1.0],"evs":[0.0,7.34647]},"Q5s":{"weight":0.0,"played":[0.0,1.0],"evs":[0.0,6.60443]},"Q6s":{"weight":0.0145,"played":[0.0,1.0],"evs":[0.0,7.69744]},"Q7s":{"weight":0.0237,"played":[0.0,1.0],"evs":[0.0,7.26839]},"Q8s":{"weight":1.0E-4,"played":[0.0,1.0],"evs":[0.0,7.95697]},"Q9s":{"weight":5.0E-4,"played":[0.0,1.0],"evs":[0.0,8.77287]},"QTs":{"weight":0.0012,"played":[0.0,1.0],"evs":[0.0,9.89315]},"QJs":{"weight":0.0232,"played":[0.0,1.0],"evs":[0.0,11.32727]},"QQ":{"weight":0.1062,"played":[0.0,1.0],"evs":[0.0,23.22684]},"KQo":{"weight":1.0E-4,"played":[0.0,1.0],"evs":[0.0,10.89149]},"AQo":{"weight":1.0E-4,"played":[0.0,1.0],"evs":[0.0,14.80498]},"K2s":{"weight":0.0,"played":[2.0E-4,0.9998],"evs":[0.0,6.35223]},"K3s":{"weight":0.0,"played":[0.0,1.0],"evs":[0.0,6.92785]},"K4s":{"weight":0.0012,"played":[0.0,1.0],"evs":[0.0,5.61863]},"K5s":{"weight":0.0194,"played":[0.0,1.0],"evs":[0.0,6.64344]},"K6s":{"weight":0.0168,"played":[0.0,1.0],"evs":[0.0,7.55101]},"K7s":{"weight":0.0238,"played":[0.0,1.0],"evs":[0.0,6.85018]},"K8s":{"weight":0.0457,"played":[0.0,1.0],"evs":[0.0,6.98889]},"K9s":{"weight":0.0,"played":[0.0,1.0],"evs":[0.0,8.54159]},"KTs":{"weight":8.0E-4,"played":[0.0,1.0],"evs":[0.0,10.05207]},"KJs":{"weight":0.0155,"played":[0.0,1.0],"evs":[0.0,10.91177]},"KQs":{"weight":0.1751,"played":[0.0,1.0],"evs":[0.0,13.38438]},"KK":{"weight":0.2679,"played":[0.0,1.0],"evs":[0.0,24.76432]},"AKo":{"weight":0.1908,"played":[0.0,1.0],"evs":[0.0,16.5883]},"A2s":{"weight":0.0,"played":[0.0,1.0],"evs":[0.0,8.92258]},"A3s":{"weight":0.0,"played":[0.0,1.0],"evs":[0.0,8.95293]},"A4s":{"weight":0.0,"played":[0.0,1.0],"evs":[0.0,9.44602]},"A5s":{"weight":1.0E-4,"played":[0.0,1.0],"evs":[0.0,8.92857]},"A6s":{"weight":0.0099,"played":[0.0,1.0],"evs":[0.0,9.49971]},"A7s":{"weight":0.5819,"played":[0.0,1.0],"evs":[0.0,8.94277]},"A8s":{"weight":0.2801,"played":[0.0,1.0],"evs":[0.0,10.15737]},"A9s":{"weight":0.0225,"played":[0.0,1.0],"evs":[0.0,11.33316]},"ATs":{"weight":0.0074,"played":[0.0,1.0],"evs":[0.0,13.66436]},"AJs":{"weight":0.8804,"played":[0.0,1.0],"evs":[0.0,15.96349]},"AQs":{"weight":0.033,"played":[0.0,1.0],"evs":[0.0,17.04844]},"AKs":{"weight":0.1726,"played":[0.0,1.0],"evs":[0.0,17.90678]},"AA":{"weight":0.5469,"played":[0.0,1.0],"evs":[0.0,34.94389]}}}