{"player":1,"street":0,"children":2,"sequence":[{"player":0,"type":"F","amount":0,"street":0},{"player":1,"type":"R","amount":200000,"street":0},{"player":2,"type":"F","amount":0,"street":0},{"player":3,"type":"R","amount":1635000,"street":0},{"player":4,"type":"F","amount":0,"street":0}],"actions":[{"type":"F","amount":0},{"type":"C","amount":1435000}],"hands":{"22":{"weight":0.0,"played":[0.0,1.0],"evs":[0.0,2.38297]},"32o":{"weight":0.0,"played":[1.0,0.0],"evs":[0.0,-5.00523]},"42o":{"weight":0.0,"played":[1.0,0.0],"evs":[0.0,-4.69503]},"52o":{"weight":0.0,"played":[1.0,0.0],"evs":[0.0,-4.36277]},"62o":{"weight":0.0,"played":[1.0,0.0],"evs":[0.0,-4.53987]},"72o":{"weight":0.0,"played":[1.0,0.0],"evs":[0.0,-4.85003]},"82o":{"weight":0.0,"played":[1.0,0.0],"evs":[0.0,-4.73607]},"92o":{"weight":0.0,"played":[1.0,0.0],"evs":[0.0,-4.5645]},"T2o":{"weight":0.0,"played":[1.0,0.0],"evs":[0.0,-4.31705]},"J2o":{"weight":0.0,"played":[1.0,0.0],"evs":[0.0,-4.22116]},"Q2o":{"weight":0.0,"played":[1.0,0.0],"evs":[0.0,-4.02471]},"K2o":{"weight":0.0,"played":[1.0,0.0],"evs":[0.0,-3.58113]},"A2o":{"weight":1.0,"played":[1.0,0.0],"evs":[0.0,-1.27147]},"32s":{"weight":0.0,"played":[1.0,0.0],"evs":[0.0,-3.29777]},"33":{"weight":0.0,"played":[0.0,1.0],"evs":[0.0,2.8058]},"43o":{"weight":0.0,"played":[1.0,0.0],"evs":[0.0,-4.40797]},"53o":{"weight":0.0,"played":[1.0,0.0],"evs":[0.0,-3.90645]},"63o":{"weight":0.0,"played":[1.0,0.0],"evs":[0.0,-4.05603]},"73o":{"weight":0.0,"played":[1.0,0.0],"evs":[0.0,-4.48564]},"83o":{"weight":0.0,"played":[1.0,0.0],"evs":[0.0,-4.90809]},"93o":{"weight":0.0,"played":[1.0,0.0],"evs":[0.0,-4.62707]},"T3o":{"weight":0.0,"played":[1.0,0.0],"evs":[0.0,-4.37033]},"J3o":{"weight":0.0,"played":[1.0,0.0],"evs":[0.0,-4.28366]},"Q3o":{"weight":0.0,"played":[1.0,0.0],"evs":[0.0,-4.11935]},"K3o":{"weight":0.0,"played":[1.0,0.0],"evs":[0.0,-3.6549]},"A3o":{"weight":0.5239,"played":[1.0,0.0],"evs":[0.0,-1.05854]},"42s":{"weight":0.0,"played":[1.0,0.0],"evs":[0.0,-3.01369]},"43s":{"weight":0.0,"played":[1.0,0.0],"evs":[0.0,-2.65288]},"44":{"weight":0.0,"played":[0.0,1.0],"evs":[0.0,3.61193]},"54o":{"weight":0.0,"played":[1.0,0.0],"evs":[0.0,-3.21141]},"64o":{"weight":0.0,"played":[1.0,0.0],"evs":[0.0,-3.37057]},"74o":{"weight":0.0,"played":[1.0,0.0],"evs":[0.0,-3.64702]},"84o":{"weight":0.0,"played":[1.0,0.0],"evs":[0.0,-4.18103]},"94o":{"weight":0.0,"played":[1.0,0.0],"evs":[0.0,-4.46779]},"T4o":{"weight":0.0,"played":[1.0,0.0],"evs":[0.0,-4.08742]},"J4o":{"weight":0.0,"played":[1.0,0.0],"evs":[0.0,-3.99689]},"Q4o":{"weight":0.0,"played":[1.0,0.0],"evs":[0.0,-3.76422]},"K4o":{"weight":0.0,"played":[1.0,0.0],"evs":[0.0,-3.35726]},"A4o":{"weight":2.0E-4,"played":[1.0,0.0],"evs":[0.0,-0.81389]},"52s":{"weight":0.0,"played":[1.0,0.0],"evs":[0.0,-2.7421]},"53s":{"weight":0.0,"played":[1.0,0.0],"evs":[0.0,-2.31287]},"54s":{"weight":0.0,"played":[1.0,0.0],"evs":[0.0,-1.6298]},"55":{"weight":0.0,"played":[0.0,1.0],"evs":[0.0,4.62711]},"65o":{"weight":0.0,"played":[1.0,0.0],"evs":[0.0,-2.61026]},"75o":{"weight":0.0,"played":[1.0,0.0],"evs":[0.0,-2.96269]},"85o":{"weight":0.0,"played":[1.0,0.0],"evs":[0.0,-3.36383]},"95o":{"weight":0.0,"played":[1.0,0.0],"evs":[0.0,-3.74403]},"T5o":{"weight":0.0,"played":[1.0,0.0],"evs":[0.0,-3.93572]},"J5o":{"weight":0.0,"played":[1.0,0.0],"evs":[0.0,-3.74305]},"Q5o":{"weight":0.0,"played":[1.0,0.0],"evs":[0.0,-3.49446]},"K5o":{"weight":0.0,"played":[1.0,0.0],"evs":[0.0,-3.09002]},"A5o":{"weight":0.0,"played":[0.9117,0.0883],"evs":[0.0,-0.1446]},"62s":{"weight":0.0,"played":[1.0,0.0],"evs":[0.0,-2.76168]},"63s":{"weight":0.0,"played":[1.0,0.0],"evs":[0.0,-2.50721]},"64s":{"weight":0.0,"played":[1.0,0.0],"evs":[0.0,-1.82669]},"65s":{"weight":0.0038,"played":[1.0,0.0],"evs":[0.0,-0.92337]},"66":{"weight":0.0,"played":[0.0,1.0],"evs":[0.0,5.72849]},"76o":{"weight":0.0,"played":[1.0,0.0],"evs":[0.0,-1.94879]},"86o":{"weight":0.0,"played":[1.0,0.0],"evs":[0.0,-2.35153]},"96o":{"weight":0.0,"played":[1.0,0.0],"evs":[0.0,-2.63261]},"T6o":{"weight":0.0,"played":[1.0,0.0],"evs":[0.0,-2.91153]},"J6o":{"weight":0.0,"played":[1.0,0.0],"evs":[0.0,-3.26235]},"Q6o":{"weight":0.0,"played":[1.0,0.0],"evs":[0.0,-2.86881]},"K6o":{"weight":0.0,"played":[1.0,0.0],"evs":[0.0,-2.4755]},"A6o":{"weight":0.0,"played":[0.0,1.0],"evs":[0.0,0.08924]},"72s":{"weight":0.0,"played":[1.0,0.0],"evs":[0.0,-3.18413]},"73s":{"weight":0.0,"played":[1.0,0.0],"evs":[0.0,-2.72041]},"74s":{"weight":0.0,"played":[1.0,0.0],"evs":[0.0,-2.04458]},"75s":{"weight":0.0,"played":[1.0,0.0],"evs":[0.0,-1.25861]},"76s":{"weight":0.0533,"played":[0.9999,1.0E-4],"evs":[0.0,-0.38818]},"77":{"weight":0.0,"played":[0.0,1.0],"evs":[0.0,6.44645]},"87o":{"weight":0.0,"played":[1.0,0.0],"evs":[0.0,-1.81721]},"97o":{"weight":0.0,"played":[1.0,0.0],"evs":[0.0,-2.05581]},"T7o":{"weight":0.0,"played":[1.0,0.0],"evs":[0.0,-2.19866]},"J7o":{"weight":0.0,"played":[1.0,0.0],"evs":[0.0,-2.60713]},"Q7o":{"weight":0.0,"played":[1.0,0.0],"evs":[0.0,-2.79252]},"K7o":{"weight":0.0,"played":[1.0,0.0],"evs":[0.0,-2.27397]},"A7o":{"weight":0.0103,"played":[0.0,1.0],"evs":[0.0,0.90188]},"82s":{"weight":0.0,"played":[1.0,0.0],"evs":[0.0,-2.99306]},"83s":{"weight":0.0,"played":[1.0,0.0],"evs":[0.0,-3.21964]},"84s":{"weight":0.0,"played":[1.0,0.0],"evs":[0.0,-2.41061]},"85s":{"weight":0.0,"played":[1.0,0.0],"evs":[0.0,-1.84438]},"86s":{"weight":0.8814,"played":[1.0,0.0],"evs":[0.0,-0.79325]},"87s":{"weight":2.0E-4,"played":[0.9998,2.0E-4],"evs":[0.0,-0.31583]},"88":{"weight":0.0865,"played":[0.0,1.0],"evs":[0.0,7.11508]},"98o":{"weight":0.0,"played":[1.0,0.0],"evs":[0.0,-1.7277]},"T8o":{"weight":0.0,"played":[1.0,0.0],"evs":[0.0,-1.79142]},"J8o":{"weight":0.0,"played":[1.0,0.0],"evs":[0.0,-2.20949]},"Q8o":{"weight":0.0,"played":[1.0,0.0],"evs":[0.0,-2.46013]},"K8o":{"weight":0.0248,"played":[1.0,0.0],"evs":[0.0,-2.53819]},"A8o":{"weight":0.0,"played":[0.0,1.0],"evs":[0.0,1.94517]},"92s":{"weight":0.0,"played":[1.0,0.0],"evs":[0.0,-2.87927]},"93s":{"weight":0.0,"played":[1.0,0.0],"evs":[0.0,-2.87061]},"94s":{"weight":0.0,"played":[1.0,0.0],"evs":[0.0,-2.87972]},"95s":{"weight":0.0,"played":[1.0,0.0],"evs":[0.0,-2.08853]},"96s":{"weight":1.0E-4,"played":[1.0,0.0],"evs":[0.0,-0.99962]},"97s":{"weight":0.0927,"played":[1.0,0.0],"evs":[0.0,-0.51609]},"98s":{"weight":0.0,"played":[0.9401,0.0599],"evs":[0.0,-0.17074]},"99":{"weight":0.2903,"played":[0.0,1.0],"evs":[0.0,7.87802]},"T9o":{"weight":0.4302,"played":[1.0,0.0],"evs":[0.0,-1.18085]},"J9o":{"weight":0.4149,"played":[1.0,0.0],"evs":[0.0,-1.57234]},"Q9o":{"weight":0.0031,"played":[1.0,0.0],"evs":[0.0,-1.74343]},"K9o":{"weight":1.0,"played":[1.0,0.0],"evs":[0.0,-1.79495]},"A9o":{"weight":0.0,"played":[0.0,1.0],"evs":[0.0,3.3246]},"T2s":{"weight":0.0,"played":[1.0,0.0],"evs":[0.0,-2.62648]},"T3s":{"weight":0.0,"played":[1.0,0.0],"evs":[0.0,-2.71764]},"T4s":{"weight":0.0,"played":[1.0,0.0],"evs":[0.0,-2.44378]},"T5s":{"weight":0.0,"played":[1.0,0.0],"evs":[0.0,-2.31961]},"T6s":{"weight":0.0,"played":[1.0,0.0],"evs":[0.0,-1.39583]},"T7s":{"weight":0.9467,"played":[1.0,0.0],"evs":[0.0,-0.65636]},"T8s":{"weight":0.0027,"played":[1.0,0.0],"evs":[0.0,-0.3914]},"T9s":{"weight":0.001,"played":[2.0E-4,0.9998],"evs":[0.0,0.2601]},"TT":{"weight":1.0,"played":[0.0,1.0],"evs":[0.0,9.29135]},"JTo":{"weight":0.0259,"played":[0.9999,1.0E-4],"evs":[0.0,-0.5708]},"QTo":{"weight":0.9966,"played":[1.0,0.0],"evs":[0.0,-0.78633]},"KTo":{"weight":0.0071,"played":[1.0,0.0],"evs":[0.0,-0.84788]},"ATo":{"weight":0.0,"played":[0.0,1.0],"evs":[0.0,5.27448]},"J2s":{"weight":0.0,"played":[1.0,0.0],"evs":[0.0,-2.54215]},"J3s":{"weight":0.0,"played":[1.0,0.0],"evs":[0.0,-2.63353]},"J4s":{"weight":0.0,"played":[1.0,0.0],"evs":[0.0,-2.2575]},"J5s":{"weight":0.0,"played":[1.0,0.0],"evs":[0.0,-2.06444]},"J6s":{"weight":0.0,"played":[1.0,0.0],"evs":[0.0,-1.69315]},"J7s":{"weight":0.944,"played":[1.0,0.0],"evs":[0.0,-1.07451]},"J8s":{"weight":0.5619,"played":[1.0,0.0],"evs":[0.0,-0.63608]},"J9s":{"weight":0.001,"played":[0.2194,0.7806],"evs":[0.0,-0.05462]},"JTs":{"weight":0.2876,"played":[0.0,1.0],"evs":[0.0,0.86369]},"JJ":{"weight":1.0,"played":[0.0,1.0],"evs":[0.0,10.77115]},"QJo":{"weight":0.0011,"played":[0.9998,2.0E-4],"evs":[0.0,-0.74766]},"KJo":{"weight":0.0,"played":[0.9813,0.0187],"evs":[0.0,-0.44957]},"AJo":{"weight":0.0,"played":[0.0,1.0],"evs":[0.0,7.19232]},"Q2s":{"weight":0.0,"played":[1.0,0.0],"evs":[0.0,-2.36737]},"Q3s":{"weight":0.0,"played":[1.0,0.0],"evs":[0.0,-2.35797]},"Q4s":{"weight":0.0,"played":[1.0,0.0],"evs":[0.0,-2.10731]},"Q5s":{"weight":0.0,"played":[1.0,0.0],"evs":[0.0,-1.8799]},"Q6s":{"weight":0.0655,"played":[1.0,0.0],"evs":[0.0,-1.35367]},"Q7s":{"weight":0.9999,"played":[1.0,0.0],"evs":[0.0,-1.21061]},"Q8s":{"weight":0.999,"played":[1.0,0.0],"evs":[0.0,-0.86366]},"Q9s":{"weight":0.0038,"played":[0.9119,0.0881],"evs":[0.0,-0.24918]},"QTs":{"weight":0.002,"played":[0.0,1.0],"evs":[0.0,0.71768]},"QJs":{"weight":0.0829,"played":[0.0,1.0],"evs":[0.0,0.74319]},"QQ":{"weight":1.0,"played":[0.0,1.0],"evs":[0.0,12.61829]},"KQo":{"weight":1.0E-4,"played":[0.0,1.0],"evs":[0.0,0.64066]},"AQo":{"weight":1.0E-4,"played":[0.0,1.0],"evs":[0.0,9.36869]},"K2s":{"weight":0.0,"played":[1.0,0.0],"evs":[0.0,-2.03045]},"K3s":{"weight":0.0,"played":[1.0,0.0],"evs":[0.0,-2.04962]},"K4s":{"weight":0.952,"played":[1.0,0.0],"evs":[0.0,-1.74276]},"K5s":{"weight":1.0,"played":[1.0,0.0],"evs":[0.0,-1.53974]},"K6s":{"weight":0.0396,"played":[1.0,0.0],"evs":[0.0,-0.87272]},"K7s":{"weight":0.5976,"played":[0.9999,1.0E-4],"evs":[0.0,-0.74404]},"K8s":{"weight":0.977,"played":[0.9999,1.0E-4],"evs":[0.0,-0.96507]},"K9s":{"weight":1.0E-4,"played":[0.9921,0.0079],"evs":[0.0,-0.30006]},"KTs":{"weight":0.002,"played":[4.0E-4,0.9996],"evs":[0.0,0.54522]},"KJs":{"weight":0.0226,"played":[0.0,1.0],"evs":[0.0,0.95281]},"KQs":{"weight":0.8629,"played":[0.0,1.0],"evs":[0.0,2.04353]},"KK":{"weight":1.0,"played":[0.0,1.0],"evs":[0.0,14.55056]},"AKo":{"weight":0.2381,"played":[0.0,1.0],"evs":[0.0,11.38964]},"A2s":{"weight":0.0,"played":[0.0065,0.9935],"evs":[0.0,0.26059]},"A3s":{"weight":0.0,"played":[1.0E-4,0.9999],"evs":[0.0,0.44656]},"A4s":{"weight":0.0,"played":[0.0,1.0],"evs":[0.0,0.62515]},"A5s":{"weight":1.0E-4,"played":[0.0,1.0],"evs":[0.0,1.28247]},"A6s":{"weight":0.0103,"played":[0.0,1.0],"evs":[0.0,1.52096]},"A7s":{"weight":0.7776,"played":[0.0,1.0],"evs":[0.0,2.308]},"A8s":{"weight":0.4452,"played":[0.0,1.0],"evs":[0.0,3.26486]},"A9s":{"weight":0.0279,"played":[0.0,1.0],"evs":[0.0,4.58843]},"ATs":{"weight":0.0114,"played":[0.0,1.0],"evs":[0.0,6.32862]},"AJs":{"weight":0.9996,"played":[0.0,1.0],"evs":[0.0,8.2261]},"AQs":{"weight":0.9999,"played":[0.0,1.0],"evs":[0.0,10.17166]},"AKs":{"weight":1.0,"played":[0.0,1.0],"evs":[0.0,12.09599]},"AA":{"weight":1.0,"played":[0.0,1.0],"evs":[0.0,21.25537]}}}