{"player":4,"street":0,"children":3,"sequence":[{"player":0,"type":"F","amount":0,"street":0},{"player":1,"type":"R","amount":200000,"street":0},{"player":2,"type":"C","amount":200000,"street":0},{"player":3,"type":"F","amount":0,"street":0}],"actions":[{"type":"F","amount":0},{"type":"C","amount":100000},{"type":"R","amount":1015000,"node":37}],"hands":{"22":{"weight":1.0,"played":[0.0025,0.9972,3.0E-4],"evs":[0.0,0.71805,-1.16251]},"32o":{"weight":1.0,"played":[1.0,0.0,0.0],"evs":[0.0,-0.50303,-4.4134]},"42o":{"weight":1.0,"played":[1.0,0.0,0.0],"evs":[0.0,-0.35827,-4.22028]},"52o":{"weight":1.0,"played":[1.0,0.0,0.0],"evs":[0.0,-0.25944,-3.79402]},"62o":{"weight":1.0,"played":[1.0,0.0,0.0],"evs":[0.0,-0.34287,-3.93774]},"72o":{"weight":1.0,"played":[1.0,0.0,0.0],"evs":[0.0,-0.54538,-4.56946]},"82o":{"weight":1.0,"played":[1.0,0.0,0.0],"evs":[0.0,-0.50802,-4.33256]},"92o":{"weight":1.0,"played":[1.0,0.0,0.0],"evs":[0.0,-0.66278,-4.50416]},"T2o":{"weight":1.0,"played":[1.0,0.0,0.0],"evs":[0.0,-0.58579,-4.24883]},"J2o":{"weight":1.0,"played":[1.0,0.0,0.0],"evs":[0.0,-0.50742,-3.98998]},"Q2o":{"weight":1.0,"played":[1.0,0.0,0.0],"evs":[0.0,-0.35042,-3.4155]},"K2o":{"weight":1.0,"played":[1.0,0.0,0.0],"evs":[0.0,-0.26048,-2.71741]},"A2o":{"weight":1.0,"played":[0.0734,0.9266,0.0],"evs":[0.0,0.28498,-0.54856]},"32s":{"weight":1.0,"played":[0.5687,0.4313,0.0],"evs":[0.0,0.04155,-3.09411]},"33":{"weight":1.0,"played":[0.0011,0.9988,1.0E-4],"evs":[0.0,0.68738,-0.9213]},"43o":{"weight":1.0,"played":[1.0,0.0,0.0],"evs":[0.0,-0.19119,-3.71649]},"53o":{"weight":1.0,"played":[1.0,0.0,0.0],"evs":[0.0,-0.14327,-3.36352]},"63o":{"weight":1.0,"played":[1.0,0.0,0.0],"evs":[0.0,-0.28491,-3.74716]},"73o":{"weight":1.0,"played":[1.0,0.0,0.0],"evs":[0.0,-0.39217,-3.97717]},"83o":{"weight":1.0,"played":[1.0,0.0,0.0],"evs":[0.0,-0.51346,-4.39604]},"93o":{"weight":1.0,"played":[1.0,0.0,0.0],"evs":[0.0,-0.61678,-4.39837]},"T3o":{"weight":1.0,"played":[1.0,0.0,0.0],"evs":[0.0,-0.50686,-4.05161]},"J3o":{"weight":1.0,"played":[1.0,0.0,0.0],"evs":[0.0,-0.42436,-3.85266]},"Q3o":{"weight":1.0,"played":[1.0,0.0,0.0],"evs":[0.0,-0.27228,-3.30077]},"K3o":{"weight":1.0,"played":[1.0,0.0,0.0],"evs":[0.0,-0.30039,-2.46929]},"A3o":{"weight":1.0,"played":[0.0643,0.9356,0.0],"evs":[0.0,0.23014,-0.565]},"42s":{"weight":1.0,"played":[0.8911,0.1089,0.0],"evs":[0.0,0.04159,-3.05316]},"43s":{"weight":1.0,"played":[0.1071,0.8929,0.0],"evs":[0.0,0.23133,-2.65363]},"44":{"weight":1.0,"played":[0.0045,0.9945,0.001],"evs":[0.0,0.9005,-0.38163]},"54o":{"weight":1.0,"played":[0.1502,0.8498,0.0],"evs":[0.0,0.06415,-2.82716]},"64o":{"weight":1.0,"played":[1.0,0.0,0.0],"evs":[0.0,-0.13448,-3.32269]},"74o":{"weight":1.0,"played":[1.0,0.0,0.0],"evs":[0.0,-0.24694,-3.70923]},"84o":{"weight":1.0,"played":[1.0,0.0,0.0],"evs":[0.0,-0.36853,-3.91925]},"94o":{"weight":1.0,"played":[1.0,0.0,0.0],"evs":[0.0,-0.57002,-4.40271]},"T4o":{"weight":1.0,"played":[1.0,0.0,0.0],"evs":[0.0,-0.46659,-4.00124]},"J4o":{"weight":1.0,"played":[1.0,0.0,0.0],"evs":[0.0,-0.39822,-3.7714]},"Q4o":{"weight":1.0,"played":[1.0,0.0,0.0],"evs":[0.0,-0.35088,-3.11907]},"K4o":{"weight":1.0,"played":[0.9999,1.0E-4,0.0],"evs":[0.0,-0.24284,-2.55457]},"A4o":{"weight":1.0,"played":[0.0112,0.9886,2.0E-4],"evs":[0.0,0.40312,-0.39906]},"52s":{"weight":1.0,"played":[0.4298,0.5702,0.0],"evs":[0.0,0.0551,-2.84551]},"53s":{"weight":1.0,"played":[0.0649,0.9351,0.0],"evs":[0.0,0.31538,-2.34054]},"54s":{"weight":1.0,"played":[0.0093,0.9907,0.0],"evs":[0.0,0.33645,-2.02205]},"55":{"weight":1.0,"played":[8.0E-4,0.9991,1.0E-4],"evs":[0.0,1.04194,0.49317]},"65o":{"weight":1.0,"played":[0.6822,0.3178,0.0],"evs":[0.0,0.06784,-2.6813]},"75o":{"weight":1.0,"played":[1.0,0.0,0.0],"evs":[0.0,-0.09764,-2.99727]},"85o":{"weight":1.0,"played":[1.0,0.0,0.0],"evs":[0.0,-0.15782,-3.24809]},"95o":{"weight":1.0,"played":[1.0,0.0,0.0],"evs":[0.0,-0.37092,-3.69013]},"T5o":{"weight":1.0,"played":[1.0,0.0,0.0],"evs":[0.0,-0.42838,-3.81448]},"J5o":{"weight":1.0,"played":[1.0,0.0,0.0],"evs":[0.0,-0.40233,-3.57337]},"Q5o":{"weight":1.0,"played":[1.0,0.0,0.0],"evs":[0.0,-0.21674,-2.83237]},"K5o":{"weight":1.0,"played":[1.0,0.0,0.0],"evs":[0.0,-0.23042,-2.13365]},"A5o":{"weight":1.0,"played":[0.006,0.9933,7.0E-4],"evs":[0.0,0.38616,-0.12646]},"62s":{"weight":1.0,"played":[0.9949,0.0051,0.0],"evs":[0.0,-0.04639,-3.08304]},"63s":{"weight":1.0,"played":[0.0539,0.9461,0.0],"evs":[0.0,0.19451,-2.51042]},"64s":{"weight":1.0,"played":[0.0676,0.9324,0.0],"evs":[0.0,0.41191,-2.05806]},"65s":{"weight":1.0,"played":[0.0176,0.9824,0.0],"evs":[0.0,0.4744,-1.65722]},"66":{"weight":1.0,"played":[5.0E-4,0.9366,0.063],"evs":[0.0,1.02409,0.81982]},"76o":{"weight":1.0,"played":[0.2409,0.7591,0.0],"evs":[0.0,0.05179,-2.59814]},"86o":{"weight":1.0,"played":[1.0,0.0,0.0],"evs":[0.0,-0.10882,-2.83527]},"96o":{"weight":1.0,"played":[1.0,0.0,0.0],"evs":[0.0,-0.2609,-3.28823]},"T6o":{"weight":1.0,"played":[0.9999,1.0E-4,0.0],"evs":[0.0,-0.32754,-3.35987]},"J6o":{"weight":1.0,"played":[0.9998,2.0E-4,0.0],"evs":[0.0,-0.31361,-3.35418]},"Q6o":{"weight":1.0,"played":[1.0,0.0,0.0],"evs":[0.0,-0.27475,-2.76981]},"K6o":{"weight":1.0,"played":[1.0,0.0,0.0],"evs":[0.0,-0.07486,-2.0712]},"A6o":{"weight":1.0,"played":[0.029,0.971,0.0],"evs":[0.0,0.20376,-0.38869]},"72s":{"weight":1.0,"played":[1.0,0.0,0.0],"evs":[0.0,-0.14441,-3.24109]},"73s":{"weight":1.0,"played":[0.9999,1.0E-4,0.0],"evs":[0.0,-0.1213,-3.09362]},"74s":{"weight":1.0,"played":[0.0093,0.9907,0.0],"evs":[0.0,0.05452,-2.65826]},"75s":{"weight":1.0,"played":[0.0696,0.9303,0.0],"evs":[0.0,0.28043,-2.00081]},"76s":{"weight":1.0,"played":[0.0509,0.949,1.0E-4],"evs":[0.0,0.29539,-1.8796]},"77":{"weight":1.0,"played":[0.0,0.0102,0.9898],"evs":[0.0,1.19664,1.43384]},"87o":{"weight":1.0,"played":[0.7032,0.2968,0.0],"evs":[0.0,-0.01464,-2.40651]},"97o":{"weight":1.0,"played":[0.9999,1.0E-4,0.0],"evs":[0.0,-0.23886,-3.06117]},"T7o":{"weight":1.0,"played":[1.0,0.0,0.0],"evs":[0.0,-0.37148,-3.28671]},"J7o":{"weight":1.0,"played":[0.9999,1.0E-4,0.0],"evs":[0.0,-0.3394,-3.23573]},"Q7o":{"weight":1.0,"played":[1.0,0.0,0.0],"evs":[0.0,-0.1813,-2.89953]},"K7o":{"weight":1.0,"played":[0.7733,0.2267,0.0],"evs":[0.0,-0.03804,-1.83677]},"A7o":{"weight":1.0,"played":[6.0E-4,0.9989,5.0E-4],"evs":[0.0,0.35525,-0.06619]},"82s":{"weight":1.0,"played":[0.9991,9.0E-4,0.0],"evs":[0.0,-0.13823,-3.28294]},"83s":{"weight":1.0,"played":[0.9884,0.0116,0.0],"evs":[0.0,-0.11884,-3.12799]},"84s":{"weight":1.0,"played":[0.8532,0.1467,0.0],"evs":[0.0,-0.03124,-2.90416]},"85s":{"weight":1.0,"played":[0.1552,0.8445,3.0E-4],"evs":[0.0,0.2806,-1.97169]},"86s":{"weight":1.0,"played":[0.0054,0.9946,0.0],"evs":[0.0,0.21383,-1.81932]},"87s":{"weight":1.0,"played":[0.0057,0.9942,1.0E-4],"evs":[0.0,0.35191,-1.5527]},"88":{"weight":1.0,"played":[0.0,0.0011,0.9989],"evs":[0.0,1.23279,1.78419]},"98o":{"weight":1.0,"played":[1.0,0.0,0.0],"evs":[0.0,-0.18018,-2.7615]},"T8o":{"weight":1.0,"played":[0.7718,0.2282,0.0],"evs":[0.0,0.02945,-2.62363]},"J8o":{"weight":1.0,"played":[1.0,0.0,0.0],"evs":[0.0,-0.16973,-2.79847]},"Q8o":{"weight":1.0,"played":[0.7965,0.2035,0.0],"evs":[0.0,-0.0158,-2.33322]},"K8o":{"weight":1.0,"played":[0.9999,1.0E-4,0.0],"evs":[0.0,-0.06576,-1.77398]},"A8o":{"weight":1.0,"played":[0.0078,0.9517,0.0406],"evs":[0.0,0.54616,0.31758]},"92s":{"weight":1.0,"played":[1.0,0.0,0.0],"evs":[0.0,-0.23034,-3.18347]},"93s":{"weight":1.0,"played":[0.9999,1.0E-4,0.0],"evs":[0.0,-0.18341,-3.40299]},"94s":{"weight":1.0,"played":[0.9996,4.0E-4,0.0],"evs":[0.0,-0.39741,-3.3242]},"95s":{"weight":1.0,"played":[0.7155,0.2845,0.0],"evs":[0.0,-0.02612,-2.79766]},"96s":{"weight":1.0,"played":[0.734,0.266,0.0],"evs":[0.0,0.02435,-2.2145]},"97s":{"weight":1.0,"played":[0.7913,0.2087,0.0],"evs":[0.0,0.08008,-2.36139]},"98s":{"weight":1.0,"played":[0.158,0.842,0.0],"evs":[0.0,0.25844,-1.5886]},"99":{"weight":1.0,"played":[0.0,0.0016,0.9984],"evs":[0.0,1.17918,2.19651]},"T9o":{"weight":1.0,"played":[1.0,0.0,0.0],"evs":[0.0,-0.20805,-2.52906]},"J9o":{"weight":1.0,"played":[1.0,0.0,0.0],"evs":[0.0,-0.27007,-2.75914]},"Q9o":{"weight":1.0,"played":[0.9999,1.0E-4,0.0],"evs":[0.0,-0.22836,-2.47748]},"K9o":{"weight":1.0,"played":[0.9737,0.0263,0.0],"evs":[0.0,-0.06922,-1.53513]},"A9o":{"weight":1.0,"played":[1.0E-4,0.1365,0.8633],"evs":[0.0,0.65145,0.60181]},"T2s":{"weight":1.0,"played":[0.9998,2.0E-4,0.0],"evs":[0.0,-0.15758,-3.00745]},"T3s":{"weight":1.0,"played":[1.0,0.0,0.0],"evs":[0.0,-0.15598,-2.98256]},"T4s":{"weight":1.0,"played":[0.926,0.074,0.0],"evs":[0.0,-0.06962,-2.91292]},"T5s":{"weight":1.0,"played":[0.831,0.169,0.0],"evs":[0.0,0.0123,-2.60609]},"T6s":{"weight":1.0,"played":[9.0E-4,0.9989,2.0E-4],"evs":[0.0,0.26293,-1.95523]},"T7s":{"weight":1.0,"played":[0.2362,0.7638,0.0],"evs":[0.0,0.11898,-2.12517]},"T8s":{"weight":1.0,"played":[0.0128,0.9871,0.0],"evs":[0.0,0.46387,-1.41722]},"T9s":{"weight":1.0,"played":[0.0455,0.9545,0.0],"evs":[0.0,0.18673,-1.61088]},"TT":{"weight":1.0,"played":[0.0,0.0,1.0],"evs":[0.0,1.74616,3.36304]},"JTo":{"weight":1.0,"played":[0.0666,0.9334,0.0],"evs":[0.0,0.11705,-1.91014]},"QTo":{"weight":1.0,"played":[0.0758,0.9242,0.0],"evs":[0.0,0.28272,-1.30773]},"KTo":{"weight":1.0,"played":[3.0E-4,0.9962,0.0035],"evs":[0.0,0.43053,-0.38253]},"ATo":{"weight":1.0,"played":[0.0,0.0,1.0],"evs":[0.0,1.08968,1.86642]},"J2s":{"weight":1.0,"played":[0.9791,0.0208,1.0E-4],"evs":[0.0,-0.25321,-3.14149]},"J3s":{"weight":1.0,"played":[0.292,0.7079,1.0E-4],"evs":[0.0,0.17418,-2.65068]},"J4s":{"weight":1.0,"played":[0.1586,0.8414,0.0],"evs":[0.0,0.05591,-2.70152]},"J5s":{"weight":1.0,"played":[0.4908,0.5091,1.0E-4],"evs":[0.0,2.9E-4,-2.44958]},"J6s":{"weight":1.0,"played":[0.1689,0.8311,0.0],"evs":[0.0,0.06411,-2.4335]},"J7s":{"weight":1.0,"played":[0.4333,0.5667,0.0],"evs":[0.0,0.04253,-2.12387]},"J8s":{"weight":1.0,"played":[0.0481,0.9518,0.0],"evs":[0.0,0.32336,-1.67811]},"J9s":{"weight":1.0,"played":[0.0486,0.9514,0.0],"evs":[0.0,0.38939,-1.63662]},"JTs":{"weight":1.0,"played":[7.0E-4,0.9992,0.0],"evs":[0.0,0.6041,-1.0028]},"JJ":{"weight":1.0,"played":[0.0,0.0,1.0],"evs":[0.0,2.76726,5.05196]},"QJo":{"weight":1.0,"played":[0.0025,0.9974,1.0E-4],"evs":[0.0,0.48147,-0.82582]},"KJo":{"weight":1.0,"played":[0.0056,0.9505,0.0439],"evs":[0.0,0.71722,0.40536]},"AJo":{"weight":1.0,"played":[0.0,1.0E-4,0.9999],"evs":[0.0,1.36778,2.59923]},"Q2s":{"weight":1.0,"played":[0.6756,0.3244,0.0],"evs":[0.0,-0.03366,-2.56553]},"Q3s":{"weight":1.0,"played":[0.7093,0.2907,0.0],"evs":[0.0,3.5E-4,-2.35299]},"Q4s":{"weight":1.0,"played":[0.1467,0.8533,0.0],"evs":[0.0,0.15437,-2.05912]},"Q5s":{"weight":1.0,"played":[0.0912,0.9088,0.0],"evs":[0.0,0.18807,-1.91597]},"Q6s":{"weight":1.0,"played":[0.0871,0.9128,1.0E-4],"evs":[0.0,0.28678,-1.52958]},"Q7s":{"weight":1.0,"played":[0.0751,0.9248,1.0E-4],"evs":[0.0,0.24678,-2.05509]},"Q8s":{"weight":1.0,"played":[0.1012,0.8986,2.0E-4],"evs":[0.0,0.19163,-1.46694]},"Q9s":{"weight":1.0,"played":[0.0388,0.9611,1.0E-4],"evs":[0.0,0.18243,-1.45275]},"QTs":{"weight":1.0,"played":[1.0E-4,0.9999,0.0],"evs":[0.0,0.7781,-0.29514]},"QJs":{"weight":1.0,"played":[0.0012,0.9988,1.0E-4],"evs":[0.0,1.12946,0.2395]},"QQ":{"weight":1.0,"played":[0.0,0.0,1.0],"evs":[0.0,3.62327,6.0764]},"KQo":{"weight":1.0,"played":[2.0E-4,0.5638,0.436],"evs":[0.0,1.00071,0.87481]},"AQo":{"weight":1.0,"played":[0.0,0.0,1.0],"evs":[0.0,1.7117,3.14554]},"K2s":{"weight":1.0,"played":[0.0215,0.9784,1.0E-4],"evs":[0.0,0.29915,-1.35546]},"K3s":{"weight":1.0,"played":[0.0641,0.9359,0.0],"evs":[0.0,0.35893,-1.36552]},"K4s":{"weight":1.0,"played":[0.0734,0.924,0.0026],"evs":[0.0,0.33951,-1.09306]},"K5s":{"weight":1.0,"played":[0.0159,0.9831,0.001],"evs":[0.0,0.37089,-1.18366]},"K6s":{"weight":1.0,"played":[3.0E-4,0.9987,0.0011],"evs":[0.0,0.50889,-0.66259]},"K7s":{"weight":1.0,"played":[0.0518,0.9482,0.0],"evs":[0.0,0.27574,-1.26153]},"K8s":{"weight":1.0,"played":[0.0074,0.9926,0.0],"evs":[0.0,0.31498,-0.77923]},"K9s":{"weight":1.0,"played":[1.0E-4,0.9996,3.0E-4],"evs":[0.0,0.64294,-0.26993]},"KTs":{"weight":1.0,"played":[0.0,0.7201,0.2799],"evs":[0.0,1.12339,0.88096]},"KJs":{"weight":1.0,"played":[2.0E-4,0.7082,0.2916],"evs":[0.0,1.32751,1.31102]},"KQs":{"weight":1.0,"played":[0.0,4.0E-4,0.9996],"evs":[0.0,1.49999,1.79977]},"KK":{"weight":1.0,"played":[0.0,0.0,1.0],"evs":[0.0,5.45797,8.01982]},"AKo":{"weight":1.0,"played":[0.0,0.0,1.0],"evs":[0.0,2.11136,3.86753]},"A2s":{"weight":1.0,"played":[0.0053,0.9701,0.0246],"evs":[0.0,0.83339,0.3263]},"A3s":{"weight":1.0,"played":[2.0E-4,0.9654,0.0344],"evs":[0.0,0.87649,0.48103]},"A4s":{"weight":1.0,"played":[0.0,0.9722,0.0278],"evs":[0.0,0.73366,0.6517]},"A5s":{"weight":1.0,"played":[0.0,0.9348,0.0652],"evs":[0.0,1.01479,0.80304]},"A6s":{"weight":1.0,"played":[5.0E-4,0.9885,0.011],"evs":[0.0,0.84139,0.70572]},"A7s":{"weight":1.0,"played":[3.0E-4,0.2822,0.7175],"evs":[0.0,0.88749,0.75581]},"A8s":{"weight":1.0,"played":[0.0,5.0E-4,0.9995],"evs":[0.0,1.11803,1.27103]},"A9s":{"weight":1.0,"played":[0.0,0.0058,0.9941],"evs":[0.0,1.44622,1.72593]},"ATs":{"weight":1.0,"played":[0.0,0.0,1.0],"evs":[0.0,2.0349,3.21387]},"AJs":{"weight":1.0,"played":[0.0,0.0,1.0],"evs":[0.0,2.23039,3.64511]},"AQs":{"weight":1.0,"played":[0.0,0.0,1.0],"evs":[0.0,2.47273,3.85377]},"AKs":{"weight":1.0,"played":[0.0,0.0,1.0],"evs":[0.0,2.92638,4.52658]},"AA":{"weight":1.0,"played":[0.0,0.0,1.0],"evs":[0.0,9.57137,12.34278]}}}