{"player":2,"street":0,"children":3,"sequence":[{"player":0,"type":"F","amount":0,"street":0},{"player":1,"type":"R","amount":200000,"street":0},{"player":2,"type":"C","amount":200000,"street":0},{"player":3,"type":"F","amount":0,"street":0},{"player":4,"type":"R","amount":1015000,"street":0},{"player":1,"type":"C","amount":815000,"street":0}],"actions":[{"type":"F","amount":0},{"type":"C","amount":815000},{"type":"R","amount":1345000,"node":40}],"hands":{"22":{"weight":0.0,"played":[0.9913,0.0017,0.007],"evs":[0.0,-2.1175,-2.10102]},"32o":{"weight":0.0,"played":[1.0,0.0,0.0],"evs":[0.0,-4.60377,-5.21269]},"42o":{"weight":0.0,"played":[1.0,0.0,0.0],"evs":[0.0,-4.28738,-4.85082]},"52o":{"weight":0.0,"played":[0.9999,0.0,1.0E-4],"evs":[0.0,-3.91,-4.37493]},"62o":{"weight":0.0,"played":[1.0,0.0,0.0],"evs":[0.0,-4.80323,-5.60371]},"72o":{"weight":0.0,"played":[1.0,0.0,0.0],"evs":[0.0,-5.60957,-6.37748]},"82o":{"weight":0.0,"played":[1.0,0.0,0.0],"evs":[0.0,-5.63397,-6.38118]},"92o":{"weight":0.0,"played":[1.0,0.0,0.0],"evs":[0.0,-5.22744,-5.7908]},"T2o":{"weight":0.0,"played":[1.0,0.0,0.0],"evs":[0.0,-5.36779,-5.79287]},"J2o":{"weight":0.0,"played":[1.0,0.0,0.0],"evs":[0.0,-4.90351,-5.31683]},"Q2o":{"weight":0.0,"played":[0.9999,1.0E-4,1.0E-4],"evs":[0.0,-5.10945,-5.40491]},"K2o":{"weight":0.0,"played":[1.0,0.0,0.0],"evs":[0.0,-3.86266,-3.94477]},"A2o":{"weight":0.0,"played":[0.9993,0.0,7.0E-4],"evs":[0.0,-3.80161,-3.84678]},"32s":{"weight":0.0,"played":[0.9994,2.0E-4,4.0E-4],"evs":[0.0,-2.93164,-3.25391]},"33":{"weight":0.0,"played":[0.9816,0.0079,0.0105],"evs":[0.0,-1.45766,-1.42698]},"43o":{"weight":0.0,"played":[1.0,0.0,0.0],"evs":[0.0,-3.80253,-4.29099]},"53o":{"weight":0.0,"played":[1.0,0.0,0.0],"evs":[0.0,-3.43463,-3.79648]},"63o":{"weight":0.0,"played":[1.0,0.0,0.0],"evs":[0.0,-4.24531,-4.8157]},"73o":{"weight":0.0,"played":[0.9999,0.0,1.0E-4],"evs":[0.0,-4.85772,-5.49302]},"83o":{"weight":0.0,"played":[1.0,0.0,0.0],"evs":[0.0,-5.53019,-6.15577]},"93o":{"weight":0.0,"played":[1.0,0.0,0.0],"evs":[0.0,-5.04633,-5.67337]},"T3o":{"weight":0.0,"played":[1.0,0.0,0.0],"evs":[0.0,-5.14502,-5.58373]},"J3o":{"weight":0.0,"played":[1.0,0.0,0.0],"evs":[0.0,-4.91978,-5.23935]},"Q3o":{"weight":0.0,"played":[1.0,0.0,0.0],"evs":[0.0,-4.90875,-5.21161]},"K3o":{"weight":0.0,"played":[1.0,0.0,0.0],"evs":[0.0,-3.74467,-3.88778]},"A3o":{"weight":0.0,"played":[0.9994,4.0E-4,2.0E-4],"evs":[0.0,-3.47996,-3.55365]},"42s":{"weight":0.0,"played":[0.9995,3.0E-4,2.0E-4],"evs":[0.0,-2.76724,-3.20038]},"43s":{"weight":0.0,"played":[0.9997,1.0E-4,2.0E-4],"evs":[0.0,-2.20908,-2.54288]},"44":{"weight":0.6878,"played":[0.915,0.0621,0.0229],"evs":[0.0,-1.61166,-1.58438]},"54o":{"weight":0.0,"played":[1.0,0.0,0.0],"evs":[0.0,-3.04586,-3.43724]},"64o":{"weight":0.0,"played":[0.9999,0.0,1.0E-4],"evs":[0.0,-3.68579,-4.16083]},"74o":{"weight":0.0,"played":[1.0,0.0,0.0],"evs":[0.0,-4.2969,-4.90648]},"84o":{"weight":0.0,"played":[0.9998,1.0E-4,1.0E-4],"evs":[0.0,-4.70241,-5.25038]},"94o":{"weight":0.0,"played":[1.0,0.0,0.0],"evs":[0.0,-4.81996,-5.40155]},"T4o":{"weight":0.0,"played":[1.0,0.0,0.0],"evs":[0.0,-5.10646,-5.51693]},"J4o":{"weight":0.0,"played":[1.0,0.0,0.0],"evs":[0.0,-4.5296,-4.88593]},"Q4o":{"weight":0.0,"played":[1.0,0.0,0.0],"evs":[0.0,-4.77231,-5.09535]},"K4o":{"weight":0.0,"played":[1.0,0.0,0.0],"evs":[0.0,-3.52118,-3.6448]},"A4o":{"weight":0.0,"played":[0.9997,0.0,2.0E-4],"evs":[0.0,-3.14765,-3.22384]},"52s":{"weight":0.0,"played":[0.9999,0.0,1.0E-4],"evs":[0.0,-2.81565,-3.34488]},"53s":{"weight":0.0,"played":[0.9994,3.0E-4,3.0E-4],"evs":[0.0,-1.74357,-1.99842]},"54s":{"weight":0.0,"played":[0.9996,3.0E-4,1.0E-4],"evs":[0.0,-1.3662,-1.71317]},"55":{"weight":0.2247,"played":[0.7894,0.1065,0.1041],"evs":[0.0,-0.83755,-0.85894]},"65o":{"weight":0.0,"played":[1.0,0.0,0.0],"evs":[0.0,-2.92085,-3.28854]},"75o":{"weight":0.0,"played":[1.0,0.0,0.0],"evs":[0.0,-3.38255,-3.74117]},"85o":{"weight":0.0,"played":[1.0,0.0,0.0],"evs":[0.0,-4.14897,-4.62455]},"95o":{"weight":0.0,"played":[0.9999,0.0,0.0],"evs":[0.0,-4.2919,-4.70666]},"T5o":{"weight":0.0,"played":[1.0,0.0,0.0],"evs":[0.0,-4.96968,-5.35533]},"J5o":{"weight":0.0,"played":[1.0,0.0,0.0],"evs":[0.0,-4.3019,-4.62209]},"Q5o":{"weight":0.0,"played":[0.9993,1.0E-4,6.0E-4],"evs":[0.0,-4.5337,-4.84976]},"K5o":{"weight":0.0,"played":[1.0,0.0,0.0],"evs":[0.0,-3.46827,-3.58959]},"A5o":{"weight":0.1004,"played":[0.9979,4.0E-4,0.0017],"evs":[0.0,-3.35061,-3.38075]},"62s":{"weight":0.0,"played":[0.9987,0.001,4.0E-4],"evs":[0.0,-3.36112,-3.87418]},"63s":{"weight":0.0,"played":[0.9994,2.0E-4,5.0E-4],"evs":[0.0,-2.55548,-2.96681]},"64s":{"weight":0.0,"played":[0.96,0.0251,0.0149],"evs":[0.0,-1.95291,-2.37237]},"65s":{"weight":0.0,"played":[0.9977,0.0015,8.0E-4],"evs":[0.0,-1.17337,-1.37578]},"66":{"weight":0.0919,"played":[0.2902,0.3163,0.3935],"evs":[0.0,-0.37459,-0.37964]},"76o":{"weight":0.0,"played":[0.999,6.0E-4,4.0E-4],"evs":[0.0,-3.22942,-3.70477]},"86o":{"weight":0.0,"played":[1.0,0.0,0.0],"evs":[0.0,-4.02524,-4.48334]},"96o":{"weight":0.0,"played":[1.0,0.0,0.0],"evs":[0.0,-3.7623,-4.12655]},"T6o":{"weight":0.0,"played":[1.0,0.0,0.0],"evs":[0.0,-4.57874,-4.87622]},"J6o":{"weight":0.0,"played":[1.0,0.0,0.0],"evs":[0.0,-4.71514,-5.06157]},"Q6o":{"weight":0.0,"played":[0.9999,0.0,1.0E-4],"evs":[0.0,-4.64022,-4.88058]},"K6o":{"weight":0.0,"played":[1.0,0.0,0.0],"evs":[0.0,-3.5015,-3.63798]},"A6o":{"weight":0.0,"played":[0.9994,0.0,6.0E-4],"evs":[0.0,-3.84136,-3.86016]},"72s":{"weight":0.0,"played":[1.0,0.0,0.0],"evs":[0.0,-3.94639,-4.52028]},"73s":{"weight":0.0,"played":[0.9997,1.0E-4,3.0E-4],"evs":[0.0,-3.098,-3.60501]},"74s":{"weight":0.0,"played":[0.9992,3.0E-4,5.0E-4],"evs":[0.0,-2.79742,-3.30782]},"75s":{"weight":0.0,"played":[0.9967,0.0014,0.002],"evs":[0.0,-1.90885,-2.21906]},"76s":{"weight":0.0,"played":[0.9857,0.0086,0.0058],"evs":[0.0,-2.04331,-2.35358]},"77":{"weight":0.3565,"played":[0.4767,0.0396,0.4837],"evs":[0.0,-0.42202,-0.39136]},"87o":{"weight":0.0,"played":[0.9999,0.0,1.0E-4],"evs":[0.0,-3.94997,-4.36206]},"97o":{"weight":0.0,"played":[0.9999,0.0,1.0E-4],"evs":[0.0,-3.76537,-4.23975]},"T7o":{"weight":0.0,"played":[0.9999,0.0,0.0],"evs":[0.0,-4.43478,-4.76718]},"J7o":{"weight":0.0,"played":[1.0,0.0,0.0],"evs":[0.0,-4.03639,-4.33948]},"Q7o":{"weight":0.0,"played":[0.9998,1.0E-4,0.0],"evs":[0.0,-5.11223,-5.41646]},"K7o":{"weight":0.0,"played":[0.9991,2.0E-4,7.0E-4],"evs":[0.0,-3.88584,-4.02447]},"A7o":{"weight":1.0E-4,"played":[0.9972,1.0E-4,0.0027],"evs":[0.0,-3.95242,-3.96658]},"82s":{"weight":0.0,"played":[0.9984,0.0011,5.0E-4],"evs":[0.0,-4.10618,-4.41738]},"83s":{"weight":0.0,"played":[1.0,0.0,0.0],"evs":[0.0,-3.82794,-4.37296]},"84s":{"weight":0.0,"played":[1.0,0.0,0.0],"evs":[0.0,-3.68793,-4.00277]},"85s":{"weight":0.0,"played":[0.9995,3.0E-4,1.0E-4],"evs":[0.0,-2.67852,-3.07369]},"86s":{"weight":0.0,"played":[0.9911,0.0064,0.0024],"evs":[0.0,-3.14004,-3.46829]},"87s":{"weight":0.0,"played":[0.9252,0.0497,0.0251],"evs":[0.0,-1.99383,-2.26334]},"88":{"weight":0.0866,"played":[0.0,0.0169,0.9831],"evs":[0.0,0.17196,0.21221]},"98o":{"weight":0.0,"played":[0.9994,3.0E-4,3.0E-4],"evs":[0.0,-3.67124,-3.97557]},"T8o":{"weight":0.0,"played":[0.9995,5.0E-4,0.0],"evs":[0.0,-3.89639,-4.2457]},"J8o":{"weight":0.0,"played":[0.9998,1.0E-4,1.0E-4],"evs":[0.0,-4.12726,-4.36456]},"Q8o":{"weight":0.0,"played":[1.0,0.0,0.0],"evs":[0.0,-4.53816,-4.72375]},"K8o":{"weight":0.0,"played":[0.9985,5.0E-4,0.001],"evs":[0.0,-3.69348,-3.77544]},"A8o":{"weight":0.0542,"played":[0.9995,2.0E-4,3.0E-4],"evs":[0.0,-3.51036,-3.49777]},"92s":{"weight":0.0,"played":[0.9991,1.0E-4,8.0E-4],"evs":[0.0,-4.22479,-4.70178]},"93s":{"weight":0.0,"played":[0.9997,2.0E-4,0.0],"evs":[0.0,-3.65847,-4.06848]},"94s":{"weight":0.0,"played":[0.9999,0.0,0.0],"evs":[0.0,-3.1918,-3.72105]},"95s":{"weight":0.0,"played":[1.0,0.0,0.0],"evs":[0.0,-2.73152,-3.03568]},"96s":{"weight":0.0,"played":[0.995,0.0028,0.0022],"evs":[0.0,-2.23558,-2.52801]},"97s":{"weight":0.0,"played":[0.9984,9.0E-4,7.0E-4],"evs":[0.0,-2.41241,-2.61955]},"98s":{"weight":0.0,"played":[0.9995,1.0E-4,4.0E-4],"evs":[0.0,-1.66804,-1.8325]},"99":{"weight":0.0186,"played":[0.0,0.8359,0.1641],"evs":[0.0,1.30368,1.31283]},"T9o":{"weight":0.0,"played":[0.9996,0.0,4.0E-4],"evs":[0.0,-2.69201,-2.79535]},"J9o":{"weight":0.0,"played":[0.9998,0.0,2.0E-4],"evs":[0.0,-3.18032,-3.28016]},"Q9o":{"weight":0.0,"played":[1.0,0.0,0.0],"evs":[0.0,-4.01902,-4.10242]},"K9o":{"weight":0.0,"played":[0.9999,0.0,1.0E-4],"evs":[0.0,-3.07896,-3.07584]},"A9o":{"weight":0.5787,"played":[0.9972,1.0E-4,0.0027],"evs":[0.0,-2.65781,-2.66951]},"T2s":{"weight":0.0,"played":[0.9995,0.0,5.0E-4],"evs":[0.0,-2.94276,-3.24141]},"T3s":{"weight":0.0,"played":[0.9987,0.0011,2.0E-4],"evs":[0.0,-3.51345,-3.63058]},"T4s":{"weight":0.0,"played":[1.0,0.0,0.0],"evs":[0.0,-3.22359,-3.56816]},"T5s":{"weight":0.0,"played":[0.9996,1.0E-4,3.0E-4],"evs":[0.0,-3.2823,-3.57792]},"T6s":{"weight":0.0,"played":[0.9965,4.0E-4,0.0031],"evs":[0.0,-3.01199,-3.19021]},"T7s":{"weight":0.0,"played":[0.9953,1.0E-4,0.0046],"evs":[0.0,-3.02447,-3.08396]},"T8s":{"weight":0.0,"played":[0.9677,0.01,0.0223],"evs":[0.0,-2.58336,-2.896]},"T9s":{"weight":0.0,"played":[0.9835,0.0123,0.0042],"evs":[0.0,-1.58458,-1.7367]},"TT":{"weight":4.0E-4,"played":[0.0,0.0627,0.9373],"evs":[0.0,2.95666,2.9955]},"JTo":{"weight":0.0,"played":[0.9999,0.0,1.0E-4],"evs":[0.0,-2.42238,-2.50959]},"QTo":{"weight":0.0,"played":[0.9994,1.0E-4,5.0E-4],"evs":[0.0,-3.17079,-3.22889]},"KTo":{"weight":0.0228,"played":[0.9988,2.0E-4,0.0011],"evs":[0.0,-2.24515,-2.22625]},"ATo":{"weight":0.0,"played":[0.6536,0.0706,0.2759],"evs":[0.0,-1.74553,-1.73257]},"J2s":{"weight":0.0,"played":[1.0,0.0,0.0],"evs":[0.0,-3.01047,-3.32725]},"J3s":{"weight":0.0,"played":[0.9999,0.0,1.0E-4],"evs":[0.0,-2.92983,-3.11317]},"J4s":{"weight":0.0,"played":[0.9998,1.0E-4,1.0E-4],"evs":[0.0,-2.73345,-2.9617]},"J5s":{"weight":0.0,"played":[0.9997,1.0E-4,2.0E-4],"evs":[0.0,-2.91196,-3.03935]},"J6s":{"weight":0.0,"played":[0.9992,1.0E-4,7.0E-4],"evs":[0.0,-2.45209,-2.62544]},"J7s":{"weight":0.0,"played":[0.9929,0.0023,0.0048],"evs":[0.0,-2.67202,-3.02086]},"J8s":{"weight":0.0,"played":[0.9935,0.0033,0.0032],"evs":[0.0,-2.76633,-2.95813]},"J9s":{"weight":0.0,"played":[0.9198,0.0367,0.0434],"evs":[0.0,-1.83487,-1.8736]},"JTs":{"weight":0.9514,"played":[0.8988,0.0498,0.0515],"evs":[0.0,-0.7481,-0.78499]},"JJ":{"weight":0.0,"played":[0.0,0.0,1.0],"evs":[0.0,5.10214,5.13212]},"QJo":{"weight":0.4192,"played":[0.9954,0.0011,0.0035],"evs":[0.0,-2.30268,-2.28729]},"KJo":{"weight":0.2408,"played":[0.9738,0.0049,0.0213],"evs":[0.0,-1.52498,-1.49591]},"AJo":{"weight":0.0,"played":[0.0,0.0079,0.9921],"evs":[0.0,0.04968,0.07753]},"Q2s":{"weight":0.0,"played":[0.9961,0.0,0.0039],"evs":[0.0,-3.63348,-3.91913]},"Q3s":{"weight":0.0,"played":[0.9983,0.001,7.0E-4],"evs":[0.0,-3.07454,-3.2091]},"Q4s":{"weight":0.0,"played":[0.9999,0.0,1.0E-4],"evs":[0.0,-2.97058,-3.21986]},"Q5s":{"weight":0.0,"played":[0.9894,0.0058,0.0048],"evs":[0.0,-2.70146,-2.94661]},"Q6s":{"weight":0.0,"played":[0.998,0.0013,7.0E-4],"evs":[0.0,-2.79352,-2.83165]},"Q7s":{"weight":0.0,"played":[0.9986,5.0E-4,9.0E-4],"evs":[0.0,-2.88934,-3.11412]},"Q8s":{"weight":0.0,"played":[0.9995,1.0E-4,4.0E-4],"evs":[0.0,-2.21661,-2.34163]},"Q9s":{"weight":0.0,"played":[0.9399,0.0233,0.0368],"evs":[0.0,-1.82394,-1.80604]},"QTs":{"weight":0.6744,"played":[0.9219,0.0031,0.075],"evs":[0.0,-1.03978,-1.04694]},"QJs":{"weight":0.0083,"played":[0.8022,0.0205,0.1773],"evs":[0.0,-0.91062,-0.8191]},"QQ":{"weight":3.0E-4,"played":[0.0,0.0,1.0],"evs":[0.0,8.36269,8.42715]},"KQo":{"weight":0.0034,"played":[0.7693,0.0387,0.192],"evs":[0.0,-0.76293,-0.7172]},"AQo":{"weight":0.0,"played":[0.0,0.0242,0.9758],"evs":[0.0,1.64721,1.68859]},"K2s":{"weight":0.0,"played":[0.9982,6.0E-4,0.0012],"evs":[0.0,-2.63728,-2.74857]},"K3s":{"weight":0.0,"played":[0.9942,8.0E-4,0.005],"evs":[0.0,-1.90607,-2.01585]},"K4s":{"weight":0.0,"played":[0.9991,4.0E-4,5.0E-4],"evs":[0.0,-1.87708,-1.9339]},"K5s":{"weight":0.0,"played":[0.9996,2.0E-4,2.0E-4],"evs":[0.0,-1.02748,-0.97617]},"K6s":{"weight":0.0,"played":[0.9775,0.0067,0.0158],"evs":[0.0,-1.59713,-1.62536]},"K7s":{"weight":0.0231,"played":[0.9513,0.0302,0.0185],"evs":[0.0,-1.57919,-1.72243]},"K8s":{"weight":1.0E-4,"played":[0.9545,0.0215,0.024],"evs":[0.0,-1.58701,-1.6193]},"K9s":{"weight":0.9937,"played":[0.7953,0.092,0.1126],"evs":[0.0,-0.8712,-0.89437]},"KTs":{"weight":0.6739,"played":[0.3421,8.0E-4,0.657],"evs":[0.0,-0.31138,-0.31247]},"KJs":{"weight":0.0,"played":[0.082,0.2613,0.6566],"evs":[0.0,0.38499,0.40968]},"KQs":{"weight":0.009,"played":[0.0,0.0265,0.9735],"evs":[0.0,1.03116,1.03389]},"KK":{"weight":0.2237,"played":[0.0,0.0,1.0],"evs":[0.0,13.83042,13.87188]},"AKo":{"weight":0.0,"played":[0.0,0.0068,0.9932],"evs":[0.0,4.58735,4.65679]},"A2s":{"weight":0.0026,"played":[0.8471,0.0804,0.0725],"evs":[0.0,-1.36767,-1.4393]},"A3s":{"weight":0.0072,"played":[0.6854,0.1578,0.1567],"evs":[0.0,-1.52675,-1.4933]},"A4s":{"weight":1.0E-4,"played":[0.9705,0.0266,0.0029],"evs":[0.0,-1.7157,-1.75151]},"A5s":{"weight":0.01,"played":[0.9073,0.0352,0.0575],"evs":[0.0,-1.10907,-1.15109]},"A6s":{"weight":0.0325,"played":[0.9437,0.0296,0.0267],"evs":[0.0,-1.94924,-1.89199]},"A7s":{"weight":0.0044,"played":[0.9739,0.0173,0.0088],"evs":[0.0,-2.0971,-2.13295]},"A8s":{"weight":0.0,"played":[0.9364,0.0439,0.0197],"evs":[0.0,-1.77252,-1.75895]},"A9s":{"weight":0.238,"played":[0.8568,0.0361,0.1071],"evs":[0.0,-1.35477,-1.31679]},"ATs":{"weight":0.3169,"played":[0.013,0.0316,0.9554],"evs":[0.0,-0.01256,0.0674]},"AJs":{"weight":0.0022,"played":[0.0,1.0E-4,0.9999],"evs":[0.0,1.37368,1.4312]},"AQs":{"weight":6.0E-4,"played":[0.0,0.1778,0.8222],"evs":[0.0,3.30552,3.33085]},"AKs":{"weight":0.0,"played":[0.0,0.1221,0.8779],"evs":[0.0,6.09788,6.1196]},"AA":{"weight":1.0,"played":[0.0,0.0,1.0],"evs":[0.0,21.66583,21.68975]}}}