{"player":4,"street":0,"children":3,"sequence":[{"player":0,"type":"F","amount":0,"street":0},{"player":1,"type":"F","amount":0,"street":0},{"player":2,"type":"F","amount":0,"street":0},{"player":3,"type":"C","amount":50000,"street":0}],"actions":[{"type":"F","amount":0},{"type":"X","amount":0},{"type":"R","amount":1015000,"node":5}],"hands":{"22":{"weight":1.0,"played":[0.0,1.0E-4,0.9999],"evs":[0.0,1.52113,1.60155]},"32o":{"weight":1.0,"played":[0.0,0.5533,0.4467],"evs":[0.0,0.88715,0.89816]},"42o":{"weight":1.0,"played":[0.0,0.9928,0.0072],"evs":[0.0,0.91856,0.88527]},"52o":{"weight":1.0,"played":[0.0,1.0,0.0],"evs":[0.0,0.95457,0.92095]},"62o":{"weight":1.0,"played":[0.0,0.9954,0.0046],"evs":[0.0,0.89593,0.86604]},"72o":{"weight":1.0,"played":[0.0,1.0,0.0],"evs":[0.0,0.88885,0.81712]},"82o":{"weight":1.0,"played":[0.0,0.9987,0.0013],"evs":[0.0,0.94154,0.89028]},"92o":{"weight":1.0,"played":[0.0,0.9999,1.0E-4],"evs":[0.0,0.99894,0.93626]},"T2o":{"weight":1.0,"played":[0.0,0.277,0.723],"evs":[0.0,1.07693,1.07901]},"J2o":{"weight":1.0,"played":[0.0,1.0E-4,0.9999],"evs":[0.0,1.37684,1.42264]},"Q2o":{"weight":1.0,"played":[0.0,0.0,1.0],"evs":[0.0,1.72188,1.88388]},"K2o":{"weight":1.0,"played":[0.0,0.0,1.0],"evs":[0.0,1.9381,2.11349]},"A2o":{"weight":1.0,"played":[0.0,0.0,1.0],"evs":[0.0,2.20092,2.34977]},"32s":{"weight":1.0,"played":[0.0,1.0,0.0],"evs":[0.0,1.21377,1.14644]},"33":{"weight":1.0,"played":[0.0,0.2645,0.7355],"evs":[0.0,1.65083,1.6658]},"43o":{"weight":1.0,"played":[0.0,0.9916,0.0084],"evs":[0.0,1.03123,1.01725]},"53o":{"weight":1.0,"played":[0.0,1.0,0.0],"evs":[0.0,1.08474,1.03824]},"63o":{"weight":1.0,"played":[0.0,0.9699,0.0301],"evs":[0.0,1.01942,1.00172]},"73o":{"weight":1.0,"played":[0.0,0.9985,0.0015],"evs":[0.0,0.97182,0.94097]},"83o":{"weight":1.0,"played":[0.0,0.9999,1.0E-4],"evs":[0.0,0.96409,0.89716]},"93o":{"weight":1.0,"played":[0.0,1.0,0.0],"evs":[0.0,1.03324,0.98438]},"T3o":{"weight":1.0,"played":[0.0,0.6708,0.3292],"evs":[0.0,1.13404,1.13512]},"J3o":{"weight":1.0,"played":[0.0,7.0E-4,0.9993],"evs":[0.0,1.41801,1.48012]},"Q3o":{"weight":1.0,"played":[0.0,1.0E-4,0.9999],"evs":[0.0,1.77619,1.92047]},"K3o":{"weight":1.0,"played":[0.0,0.0,1.0],"evs":[0.0,1.98334,2.13346]},"A3o":{"weight":1.0,"played":[0.0,0.0,1.0],"evs":[0.0,2.26243,2.3745]},"42s":{"weight":1.0,"played":[0.0,1.0,0.0],"evs":[0.0,1.24306,1.15971]},"43s":{"weight":1.0,"played":[0.0,1.0,0.0],"evs":[0.0,1.35795,1.25497]},"44":{"weight":1.0,"played":[0.0,0.9986,0.0014],"evs":[0.0,1.80133,1.64443]},"54o":{"weight":1.0,"played":[0.0,1.0,0.0],"evs":[0.0,1.18513,1.09171]},"64o":{"weight":1.0,"played":[0.0,1.0,0.0],"evs":[0.0,1.11932,1.06888]},"74o":{"weight":1.0,"played":[0.0,1.0,0.0],"evs":[0.0,1.07288,1.0111]},"84o":{"weight":1.0,"played":[0.0,1.0,0.0],"evs":[0.0,1.03611,0.95383]},"94o":{"weight":1.0,"played":[0.0,1.0,0.0],"evs":[0.0,1.04918,0.94308]},"T4o":{"weight":1.0,"played":[0.0,0.9994,6.0E-4],"evs":[0.0,1.17097,1.10532]},"J4o":{"weight":1.0,"played":[0.0,0.694,0.306],"evs":[0.0,1.48629,1.47308]},"Q4o":{"weight":1.0,"played":[0.0,0.0023,0.9977],"evs":[0.0,1.8263,1.91501]},"K4o":{"weight":1.0,"played":[0.0,0.0,1.0],"evs":[0.0,2.04845,2.14308]},"A4o":{"weight":1.0,"played":[0.0,0.0,1.0],"evs":[0.0,2.34517,2.40044]},"52s":{"weight":1.0,"played":[0.0,0.9966,0.0034],"evs":[0.0,1.28704,1.20237]},"53s":{"weight":1.0,"played":[0.0,1.0,0.0],"evs":[0.0,1.3596,1.25829]},"54s":{"weight":1.0,"played":[0.0,0.9999,1.0E-4],"evs":[0.0,1.48669,1.33926]},"55":{"weight":1.0,"played":[0.0,1.0,0.0],"evs":[0.0,2.03633,1.6997]},"65o":{"weight":1.0,"played":[0.0,1.0,0.0],"evs":[0.0,1.24497,1.13283]},"75o":{"weight":1.0,"played":[0.0,1.0,0.0],"evs":[0.0,1.2028,1.09837]},"85o":{"weight":1.0,"played":[0.0,1.0,0.0],"evs":[0.0,1.17732,1.05116]},"95o":{"weight":1.0,"played":[0.0,1.0,0.0],"evs":[0.0,1.18093,1.05016]},"T5o":{"weight":1.0,"played":[0.0,1.0,0.0],"evs":[0.0,1.23768,1.1173]},"J5o":{"weight":1.0,"played":[0.0,0.9998,2.0E-4],"evs":[0.0,1.55558,1.46548]},"Q5o":{"weight":1.0,"played":[0.0,0.0246,0.9754],"evs":[0.0,1.88894,1.93814]},"K5o":{"weight":1.0,"played":[0.0,3.0E-4,0.9997],"evs":[0.0,2.09089,2.17339]},"A5o":{"weight":1.0,"played":[0.0,0.2461,0.7539],"evs":[0.0,2.38886,2.39035]},"62s":{"weight":1.0,"played":[0.0,0.9879,0.0121],"evs":[0.0,1.21812,1.15928]},"63s":{"weight":1.0,"played":[0.0,1.0,0.0],"evs":[0.0,1.33664,1.2313]},"64s":{"weight":1.0,"played":[0.0,1.0,0.0],"evs":[0.0,1.45366,1.33041]},"65s":{"weight":1.0,"played":[0.0,1.0,0.0],"evs":[0.0,1.55409,1.39392]},"66":{"weight":1.0,"played":[0.0,1.0,0.0],"evs":[0.0,2.1919,1.84662]},"76o":{"weight":1.0,"played":[0.0,1.0,0.0],"evs":[0.0,1.37623,1.23883]},"86o":{"weight":1.0,"played":[0.0,1.0,0.0],"evs":[0.0,1.32735,1.2009]},"96o":{"weight":1.0,"played":[0.0,1.0,0.0],"evs":[0.0,1.32389,1.17921]},"T6o":{"weight":1.0,"played":[0.0,1.0,0.0],"evs":[0.0,1.3702,1.24379]},"J6o":{"weight":1.0,"played":[0.0,1.0,0.0],"evs":[0.0,1.58175,1.53099]},"Q6o":{"weight":1.0,"played":[0.0,3.0E-4,0.9997],"evs":[0.0,1.8535,1.98024]},"K6o":{"weight":1.0,"played":[0.0,0.0,1.0],"evs":[0.0,2.05856,2.19616]},"A6o":{"weight":1.0,"played":[0.0,0.0,1.0],"evs":[0.0,2.26759,2.38822]},"72s":{"weight":1.0,"played":[0.0,1.0,0.0],"evs":[0.0,1.19934,1.04257]},"73s":{"weight":1.0,"played":[0.0,1.0,0.0],"evs":[0.0,1.29203,1.1677]},"74s":{"weight":1.0,"played":[0.0,1.0,0.0],"evs":[0.0,1.38393,1.24751]},"75s":{"weight":1.0,"played":[0.0,0.9999,1.0E-4],"evs":[0.0,1.52365,1.33353]},"76s":{"weight":1.0,"played":[0.0,1.0,0.0],"evs":[0.0,1.65694,1.43879]},"77":{"weight":1.0,"played":[0.0,1.0,0.0],"evs":[0.0,2.32316,1.92982]},"87o":{"weight":1.0,"played":[0.0,1.0,0.0],"evs":[0.0,1.44462,1.2454]},"97o":{"weight":1.0,"played":[0.0,1.0,0.0],"evs":[0.0,1.44811,1.22362]},"T7o":{"weight":1.0,"played":[0.0,1.0,0.0],"evs":[0.0,1.54545,1.34849]},"J7o":{"weight":1.0,"played":[0.0,1.0,0.0],"evs":[0.0,1.75205,1.68874]},"Q7o":{"weight":1.0,"played":[0.0,1.0E-4,0.9999],"evs":[0.0,1.89902,2.04915]},"K7o":{"weight":1.0,"played":[0.0,0.0,1.0],"evs":[0.0,2.10955,2.29541]},"A7o":{"weight":1.0,"played":[0.0,0.0,1.0],"evs":[0.0,2.33581,2.48513]},"82s":{"weight":1.0,"played":[0.0,1.0,0.0],"evs":[0.0,1.24597,1.11273]},"83s":{"weight":1.0,"played":[0.0,1.0,0.0],"evs":[0.0,1.28171,1.13881]},"84s":{"weight":1.0,"played":[0.0,1.0,0.0],"evs":[0.0,1.34706,1.1917]},"85s":{"weight":1.0,"played":[0.0,1.0,0.0],"evs":[0.0,1.48997,1.29964]},"86s":{"weight":1.0,"played":[0.0,1.0,0.0],"evs":[0.0,1.65076,1.40173]},"87s":{"weight":1.0,"played":[0.0,1.0,0.0],"evs":[0.0,1.76412,1.46576]},"88":{"weight":1.0,"played":[0.0,1.0,0.0],"evs":[0.0,2.49051,2.10189]},"98o":{"weight":1.0,"played":[0.0,1.0,0.0],"evs":[0.0,1.60032,1.36863]},"T8o":{"weight":1.0,"played":[0.0,1.0,0.0],"evs":[0.0,1.71949,1.52837]},"J8o":{"weight":1.0,"played":[0.0,1.0,0.0],"evs":[0.0,1.94489,1.87515]},"Q8o":{"weight":1.0,"played":[0.0,2.0E-4,0.9998],"evs":[0.0,2.07068,2.18848]},"K8o":{"weight":1.0,"played":[0.0,0.0,1.0],"evs":[0.0,2.14502,2.3599]},"A8o":{"weight":1.0,"played":[0.0,0.0,1.0],"evs":[0.0,2.3797,2.5729]},"92s":{"weight":1.0,"played":[0.0,0.9997,3.0E-4],"evs":[0.0,1.30442,1.17518]},"93s":{"weight":1.0,"played":[0.0,1.0,0.0],"evs":[0.0,1.35889,1.22677]},"94s":{"weight":1.0,"played":[0.0,1.0,0.0],"evs":[0.0,1.37978,1.1711]},"95s":{"weight":1.0,"played":[0.0,1.0,0.0],"evs":[0.0,1.50733,1.27428]},"96s":{"weight":1.0,"played":[0.0,1.0,0.0],"evs":[0.0,1.61779,1.36923]},"97s":{"weight":1.0,"played":[0.0,1.0,0.0],"evs":[0.0,1.77097,1.47164]},"98s":{"weight":1.0,"played":[0.0,1.0,0.0],"evs":[0.0,1.93044,1.58618]},"99":{"weight":1.0,"played":[0.0,1.0,0.0],"evs":[0.0,2.71257,2.26607]},"T9o":{"weight":1.0,"played":[0.0,1.0,0.0],"evs":[0.0,1.92893,1.70795]},"J9o":{"weight":1.0,"played":[0.0,1.0,0.0],"evs":[0.0,2.14201,2.0477]},"Q9o":{"weight":1.0,"played":[0.0,0.0,1.0],"evs":[0.0,2.21709,2.2612]},"K9o":{"weight":1.0,"played":[0.0,0.0,1.0],"evs":[0.0,2.25599,2.42481]},"A9o":{"weight":1.0,"played":[0.0,0.0,1.0],"evs":[0.0,2.41512,2.58151]},"T2s":{"weight":1.0,"played":[0.0,0.9991,9.0E-4],"evs":[0.0,1.41727,1.32023]},"T3s":{"weight":1.0,"played":[0.0,0.9999,1.0E-4],"evs":[0.0,1.46171,1.35397]},"T4s":{"weight":1.0,"played":[0.0,1.0,0.0],"evs":[0.0,1.50346,1.3541]},"T5s":{"weight":1.0,"played":[0.0,1.0,0.0],"evs":[0.0,1.58241,1.35366]},"T6s":{"weight":1.0,"played":[0.0,1.0,0.0],"evs":[0.0,1.71465,1.47977]},"T7s":{"weight":1.0,"played":[0.0,1.0,0.0],"evs":[0.0,1.8769,1.58043]},"T8s":{"weight":1.0,"played":[0.0,1.0,0.0],"evs":[0.0,2.06642,1.75253]},"T9s":{"weight":1.0,"played":[0.0,1.0,0.0],"evs":[0.0,2.26196,1.89137]},"TT":{"weight":1.0,"played":[0.0,1.0,0.0],"evs":[0.0,3.30397,2.57158]},"JTo":{"weight":1.0,"played":[0.0,1.0,0.0],"evs":[0.0,2.45698,2.26339]},"QTo":{"weight":1.0,"played":[0.0,0.9999,1.0E-4],"evs":[0.0,2.55784,2.48499]},"KTo":{"weight":1.0,"played":[0.0,0.0044,0.9956],"evs":[0.0,2.61749,2.64347]},"ATo":{"weight":1.0,"played":[0.0,0.2421,0.7579],"evs":[0.0,2.76038,2.75899]},"J2s":{"weight":1.0,"played":[0.0,0.9845,0.0155],"evs":[0.0,1.69265,1.66777]},"J3s":{"weight":1.0,"played":[0.0,0.9982,0.0018],"evs":[0.0,1.78378,1.73033]},"J4s":{"weight":1.0,"played":[0.0,0.9999,1.0E-4],"evs":[0.0,1.82603,1.6865]},"J5s":{"weight":1.0,"played":[0.0,0.9996,4.0E-4],"evs":[0.0,1.89757,1.67971]},"J6s":{"weight":1.0,"played":[0.0,1.0,0.0],"evs":[0.0,1.90718,1.7745]},"J7s":{"weight":1.0,"played":[0.0,1.0,0.0],"evs":[0.0,2.05307,1.87462]},"J8s":{"weight":1.0,"played":[0.0,0.9998,2.0E-4],"evs":[0.0,2.24359,2.06495]},"J9s":{"weight":1.0,"played":[0.0,1.0,0.0],"evs":[0.0,2.43666,2.21837]},"JTs":{"weight":1.0,"played":[0.0,1.0,0.0],"evs":[0.0,2.74474,2.42417]},"JJ":{"weight":1.0,"played":[0.0,1.0,0.0],"evs":[0.0,4.31651,3.22539]},"QJo":{"weight":1.0,"played":[0.0,1.0,0.0],"evs":[0.0,2.74688,2.67591]},"KJo":{"weight":1.0,"played":[0.0,0.8121,0.1879],"evs":[0.0,2.75324,2.74276]},"AJo":{"weight":1.0,"played":[0.0,0.084,0.916],"evs":[0.0,2.86946,2.86826]},"Q2s":{"weight":1.0,"played":[0.0,0.009,0.991],"evs":[0.0,2.06873,2.10571]},"Q3s":{"weight":1.0,"played":[0.0,0.1328,0.8672],"evs":[0.0,2.12232,2.13582]},"Q4s":{"weight":1.0,"played":[0.0,0.6666,0.3334],"evs":[0.0,2.15255,2.13409]},"Q5s":{"weight":1.0,"played":[0.0,0.9999,1.0E-4],"evs":[0.0,2.19618,2.13209]},"Q6s":{"weight":1.0,"played":[0.0,0.9975,0.0025],"evs":[0.0,2.21047,2.17411]},"Q7s":{"weight":1.0,"played":[0.0,0.2512,0.7488],"evs":[0.0,2.22522,2.22282]},"Q8s":{"weight":1.0,"played":[0.0,0.6425,0.3575],"evs":[0.0,2.37632,2.36986]},"Q9s":{"weight":1.0,"played":[0.0,0.9994,6.0E-4],"evs":[0.0,2.52906,2.44829]},"QTs":{"weight":1.0,"played":[0.0,1.0,0.0],"evs":[0.0,2.84098,2.6446]},"QJs":{"weight":1.0,"played":[0.0,0.9994,6.0E-4],"evs":[0.0,2.99575,2.81433]},"QQ":{"weight":1.0,"played":[0.0,1.0,0.0],"evs":[0.0,4.90198,3.79067]},"KQo":{"weight":1.0,"played":[0.0,0.0167,0.9833],"evs":[0.0,2.77712,2.82445]},"AQo":{"weight":1.0,"played":[0.0,8.0E-4,0.9992],"evs":[0.0,2.87421,2.9237]},"K2s":{"weight":1.0,"played":[0.0,8.0E-4,0.9992],"evs":[0.0,2.26956,2.3411]},"K3s":{"weight":1.0,"played":[0.0,0.0036,0.9964],"evs":[0.0,2.31942,2.37952]},"K4s":{"weight":1.0,"played":[0.0,0.8733,0.1267],"evs":[0.0,2.36595,2.32807]},"K5s":{"weight":1.0,"played":[0.0,0.9709,0.0291],"evs":[0.0,2.41734,2.35924]},"K6s":{"weight":1.0,"played":[0.0,0.571,0.429],"evs":[0.0,2.41924,2.41895]},"K7s":{"weight":1.0,"played":[0.0,0.008,0.992],"evs":[0.0,2.44348,2.46066]},"K8s":{"weight":1.0,"played":[0.0,7.0E-4,0.9993],"evs":[0.0,2.47033,2.5419]},"K9s":{"weight":1.0,"played":[0.0,0.0481,0.9519],"evs":[0.0,2.58414,2.61282]},"KTs":{"weight":1.0,"played":[0.0,0.9994,6.0E-4],"evs":[0.0,2.91493,2.78001]},"KJs":{"weight":1.0,"played":[0.0,0.9998,2.0E-4],"evs":[0.0,2.99331,2.87852]},"KQs":{"weight":1.0,"played":[0.0,0.9989,0.0011],"evs":[0.0,3.04334,2.96225]},"KK":{"weight":1.0,"played":[0.0,1.0,0.0],"evs":[0.0,5.26215,4.20439]},"AKo":{"weight":1.0,"played":[0.0,0.0,1.0],"evs":[0.0,2.94969,3.0126]},"A2s":{"weight":1.0,"played":[0.0,0.1496,0.8504],"evs":[0.0,2.5395,2.55469]},"A3s":{"weight":1.0,"played":[0.0,0.9077,0.0923],"evs":[0.0,2.59862,2.56933]},"A4s":{"weight":1.0,"played":[0.0,0.9989,0.0011],"evs":[0.0,2.69115,2.59503]},"A5s":{"weight":1.0,"played":[0.0,0.9994,6.0E-4],"evs":[0.0,2.72232,2.58586]},"A6s":{"weight":1.0,"played":[0.0,0.6998,0.3002],"evs":[0.0,2.59831,2.57455]},"A7s":{"weight":1.0,"played":[0.0,0.9457,0.0543],"evs":[0.0,2.64779,2.63452]},"A8s":{"weight":1.0,"played":[0.0,0.0018,0.9982],"evs":[0.0,2.71233,2.73752]},"A9s":{"weight":1.0,"played":[0.0,0.002,0.998],"evs":[0.0,2.71147,2.73425]},"ATs":{"weight":1.0,"played":[0.0,0.9995,5.0E-4],"evs":[0.0,3.03549,2.90569]},"AJs":{"weight":1.0,"played":[0.0,0.9999,1.0E-4],"evs":[0.0,3.12705,3.00832]},"AQs":{"weight":1.0,"played":[0.0,0.9991,9.0E-4],"evs":[0.0,3.15699,3.09954]},"AKs":{"weight":1.0,"played":[0.0,0.9906,0.0094],"evs":[0.0,3.27134,3.19762]},"AA":{"weight":1.0,"played":[0.0,1.0,0.0],"evs":[0.0,5.71741,4.61923]}}}