{"player":2,"street":0,"children":2,"sequence":[{"player":0,"type":"F","amount":0,"street":0},{"player":1,"type":"R","amount":200000,"street":0},{"player":2,"type":"C","amount":200000,"street":0},{"player":3,"type":"F","amount":0,"street":0},{"player":4,"type":"R","amount":1015000,"street":0},{"player":1,"type":"R","amount":1345000,"street":0}],"actions":[{"type":"F","amount":0},{"type":"C","amount":1145000}],"hands":{"22":{"weight":0.0,"played":[0.9708,0.0292],"evs":[0.0,-0.77701]},"32o":{"weight":0.0,"played":[1.0,0.0],"evs":[0.0,-4.84403]},"42o":{"weight":0.0,"played":[1.0,0.0],"evs":[0.0,-4.83526]},"52o":{"weight":0.0,"played":[1.0,0.0],"evs":[0.0,-4.58589]},"62o":{"weight":0.0,"played":[1.0,0.0],"evs":[0.0,-4.97812]},"72o":{"weight":0.0,"played":[1.0,0.0],"evs":[0.0,-6.24517]},"82o":{"weight":0.0,"played":[1.0,0.0],"evs":[0.0,-6.02521]},"92o":{"weight":0.0,"played":[1.0,0.0],"evs":[0.0,-5.48144]},"T2o":{"weight":0.0,"played":[0.9999,1.0E-4],"evs":[0.0,-5.21778]},"J2o":{"weight":0.0,"played":[1.0,0.0],"evs":[0.0,-5.20249]},"Q2o":{"weight":0.0,"played":[0.9999,1.0E-4],"evs":[0.0,-3.86983]},"K2o":{"weight":0.0,"played":[1.0,0.0],"evs":[0.0,-4.01854]},"A2o":{"weight":0.0,"played":[0.999,0.001],"evs":[0.0,-3.56944]},"32s":{"weight":0.0,"played":[1.0,0.0],"evs":[0.0,-3.10585]},"33":{"weight":0.0,"played":[0.9793,0.0207],"evs":[0.0,-1.38866]},"43o":{"weight":0.0,"played":[1.0,0.0],"evs":[0.0,-4.20767]},"53o":{"weight":0.0,"played":[0.9999,1.0E-4],"evs":[0.0,-3.7924]},"63o":{"weight":0.0,"played":[1.0,0.0],"evs":[0.0,-4.31272]},"73o":{"weight":0.0,"played":[1.0,0.0],"evs":[0.0,-5.39335]},"83o":{"weight":0.0,"played":[1.0,0.0],"evs":[0.0,-5.62619]},"93o":{"weight":0.0,"played":[1.0,0.0],"evs":[0.0,-4.95031]},"T3o":{"weight":0.0,"played":[1.0,0.0],"evs":[0.0,-5.31246]},"J3o":{"weight":0.0,"played":[1.0,0.0],"evs":[0.0,-5.14118]},"Q3o":{"weight":0.0,"played":[1.0,0.0],"evs":[0.0,-3.51313]},"K3o":{"weight":0.0,"played":[1.0,0.0],"evs":[0.0,-3.5834]},"A3o":{"weight":0.0,"played":[0.9979,0.0021],"evs":[0.0,-3.67854]},"42s":{"weight":0.0,"played":[0.9998,2.0E-4],"evs":[0.0,-3.19508]},"43s":{"weight":0.0,"played":[0.9968,0.0032],"evs":[0.0,-2.24591]},"44":{"weight":0.6878,"played":[0.9558,0.0442],"evs":[0.0,-0.93951]},"54o":{"weight":0.0,"played":[0.9993,7.0E-4],"evs":[0.0,-3.1816]},"64o":{"weight":0.0,"played":[1.0,0.0],"evs":[0.0,-3.71528]},"74o":{"weight":0.0,"played":[1.0,0.0],"evs":[0.0,-4.42516]},"84o":{"weight":0.0,"played":[1.0,0.0],"evs":[0.0,-5.16331]},"94o":{"weight":0.0,"played":[1.0,0.0],"evs":[0.0,-5.39436]},"T4o":{"weight":0.0,"played":[1.0,0.0],"evs":[0.0,-5.04827]},"J4o":{"weight":0.0,"played":[1.0,0.0],"evs":[0.0,-4.66916]},"Q4o":{"weight":0.0,"played":[0.9999,1.0E-4],"evs":[0.0,-3.7077]},"K4o":{"weight":0.0,"played":[1.0,0.0],"evs":[0.0,-3.45317]},"A4o":{"weight":0.0,"played":[0.9988,0.0012],"evs":[0.0,-3.31304]},"52s":{"weight":0.0,"played":[0.9991,9.0E-4],"evs":[0.0,-3.12649]},"53s":{"weight":0.0,"played":[0.9846,0.0154],"evs":[0.0,-2.44147]},"54s":{"weight":0.0,"played":[0.9997,3.0E-4],"evs":[0.0,-1.40152]},"55":{"weight":0.2247,"played":[0.8391,0.1609],"evs":[0.0,-0.60885]},"65o":{"weight":0.0,"played":[0.9993,7.0E-4],"evs":[0.0,-3.11219]},"75o":{"weight":0.0,"played":[1.0,0.0],"evs":[0.0,-3.40334]},"85o":{"weight":0.0,"played":[1.0,0.0],"evs":[0.0,-4.33321]},"95o":{"weight":0.0,"played":[1.0,0.0],"evs":[0.0,-5.0138]},"T5o":{"weight":0.0,"played":[1.0,0.0],"evs":[0.0,-4.94781]},"J5o":{"weight":0.0,"played":[0.9998,2.0E-4],"evs":[0.0,-4.62631]},"Q5o":{"weight":0.0,"played":[1.0,0.0],"evs":[0.0,-3.25781]},"K5o":{"weight":0.0,"played":[0.9999,1.0E-4],"evs":[0.0,-3.33778]},"A5o":{"weight":0.1004,"played":[0.9976,0.0024],"evs":[0.0,-3.29971]},"62s":{"weight":0.0,"played":[1.0,0.0],"evs":[0.0,-3.73347]},"63s":{"weight":0.0,"played":[0.9984,0.0016],"evs":[0.0,-3.59004]},"64s":{"weight":0.0,"played":[0.9912,0.0088],"evs":[0.0,-2.2326]},"65s":{"weight":0.0,"played":[0.9754,0.0246],"evs":[0.0,-1.88566]},"66":{"weight":0.0919,"played":[0.4143,0.5857],"evs":[0.0,-0.23841]},"76o":{"weight":0.0,"played":[0.9994,6.0E-4],"evs":[0.0,-3.73785]},"86o":{"weight":0.0,"played":[0.9997,3.0E-4],"evs":[0.0,-3.57129]},"96o":{"weight":0.0,"played":[0.9998,2.0E-4],"evs":[0.0,-4.14862]},"T6o":{"weight":0.0,"played":[1.0,0.0],"evs":[0.0,-4.64127]},"J6o":{"weight":0.0,"played":[1.0,0.0],"evs":[0.0,-4.74572]},"Q6o":{"weight":0.0,"played":[0.9999,1.0E-4],"evs":[0.0,-3.65563]},"K6o":{"weight":0.0,"played":[1.0,0.0],"evs":[0.0,-3.33454]},"A6o":{"weight":0.0,"played":[0.996,0.004],"evs":[0.0,-4.01105]},"72s":{"weight":0.0,"played":[0.9997,3.0E-4],"evs":[0.0,-3.87669]},"73s":{"weight":0.0,"played":[0.9953,0.0047],"evs":[0.0,-3.38134]},"74s":{"weight":0.0,"played":[0.9991,9.0E-4],"evs":[0.0,-2.01865]},"75s":{"weight":0.0,"played":[0.9999,1.0E-4],"evs":[0.0,-2.22986]},"76s":{"weight":0.0,"played":[0.992,0.008],"evs":[0.0,-1.85643]},"77":{"weight":0.3565,"played":[0.4262,0.5738],"evs":[0.0,0.11798]},"87o":{"weight":0.0,"played":[1.0,0.0],"evs":[0.0,-3.22714]},"97o":{"weight":0.0,"played":[0.9999,1.0E-4],"evs":[0.0,-3.76205]},"T7o":{"weight":0.0,"played":[1.0,0.0],"evs":[0.0,-4.3893]},"J7o":{"weight":0.0,"played":[0.9999,1.0E-4],"evs":[0.0,-4.46682]},"Q7o":{"weight":0.0,"played":[0.9999,1.0E-4],"evs":[0.0,-3.89843]},"K7o":{"weight":0.0,"played":[0.9999,1.0E-4],"evs":[0.0,-3.19793]},"A7o":{"weight":1.0E-4,"played":[0.9936,0.0064],"evs":[0.0,-3.75716]},"82s":{"weight":0.0,"played":[0.9995,5.0E-4],"evs":[0.0,-4.08282]},"83s":{"weight":0.0,"played":[0.9999,1.0E-4],"evs":[0.0,-4.60054]},"84s":{"weight":0.0,"played":[0.9986,0.0014],"evs":[0.0,-3.44105]},"85s":{"weight":0.0,"played":[0.9973,0.0027],"evs":[0.0,-2.51525]},"86s":{"weight":0.0,"played":[0.9901,0.0099],"evs":[0.0,-2.28752]},"87s":{"weight":0.0,"played":[0.9981,0.0019],"evs":[0.0,-2.08641]},"88":{"weight":0.0866,"played":[0.313,0.687],"evs":[0.0,0.26696]},"98o":{"weight":0.0,"played":[0.9998,2.0E-4],"evs":[0.0,-3.25012]},"T8o":{"weight":0.0,"played":[1.0,0.0],"evs":[0.0,-3.3289]},"J8o":{"weight":0.0,"played":[0.9998,2.0E-4],"evs":[0.0,-3.86471]},"Q8o":{"weight":0.0,"played":[1.0,0.0],"evs":[0.0,-3.21648]},"K8o":{"weight":0.0,"played":[0.9998,2.0E-4],"evs":[0.0,-3.10544]},"A8o":{"weight":0.0542,"played":[0.992,0.008],"evs":[0.0,-3.39915]},"92s":{"weight":0.0,"played":[0.9999,1.0E-4],"evs":[0.0,-3.66096]},"93s":{"weight":0.0,"played":[0.9988,0.0012],"evs":[0.0,-3.56665]},"94s":{"weight":0.0,"played":[0.9997,3.0E-4],"evs":[0.0,-3.67029]},"95s":{"weight":0.0,"played":[0.9995,5.0E-4],"evs":[0.0,-3.00869]},"96s":{"weight":0.0,"played":[0.995,0.005],"evs":[0.0,-2.00802]},"97s":{"weight":0.0,"played":[0.9917,0.0083],"evs":[0.0,-2.47907]},"98s":{"weight":0.0,"played":[0.9708,0.0292],"evs":[0.0,-1.68491]},"99":{"weight":0.0186,"played":[0.0,1.0],"evs":[0.0,1.87031]},"T9o":{"weight":0.0,"played":[0.9912,0.0088],"evs":[0.0,-3.07076]},"J9o":{"weight":0.0,"played":[1.0,0.0],"evs":[0.0,-3.11931]},"Q9o":{"weight":0.0,"played":[0.9997,3.0E-4],"evs":[0.0,-2.55448]},"K9o":{"weight":0.0,"played":[1.0,0.0],"evs":[0.0,-2.59944]},"A9o":{"weight":0.5787,"played":[0.991,0.009],"evs":[0.0,-3.06253]},"T2s":{"weight":0.0,"played":[0.9995,5.0E-4],"evs":[0.0,-3.4946]},"T3s":{"weight":0.0,"played":[0.9997,3.0E-4],"evs":[0.0,-3.07994]},"T4s":{"weight":0.0,"played":[0.9987,0.0013],"evs":[0.0,-3.18902]},"T5s":{"weight":0.0,"played":[0.9996,4.0E-4],"evs":[0.0,-3.21943]},"T6s":{"weight":0.0,"played":[0.9999,1.0E-4],"evs":[0.0,-2.85712]},"T7s":{"weight":0.0,"played":[1.0,0.0],"evs":[0.0,-1.85203]},"T8s":{"weight":0.0,"played":[0.9879,0.0121],"evs":[0.0,-1.74552]},"T9s":{"weight":0.0,"played":[0.9808,0.0192],"evs":[0.0,-1.04258]},"TT":{"weight":4.0E-4,"played":[0.0,1.0],"evs":[0.0,3.89576]},"JTo":{"weight":0.0,"played":[0.9997,3.0E-4],"evs":[0.0,-1.99081]},"QTo":{"weight":0.0,"played":[0.9974,0.0026],"evs":[0.0,-1.481]},"KTo":{"weight":0.0228,"played":[0.9916,0.0084],"evs":[0.0,-1.51936]},"ATo":{"weight":0.0,"played":[0.7704,0.2296],"evs":[0.0,-1.45627]},"J2s":{"weight":0.0,"played":[0.9996,4.0E-4],"evs":[0.0,-2.43095]},"J3s":{"weight":0.0,"played":[0.9961,0.0039],"evs":[0.0,-3.0476]},"J4s":{"weight":0.0,"played":[0.9987,0.0013],"evs":[0.0,-2.89256]},"J5s":{"weight":0.0,"played":[0.9979,0.0021],"evs":[0.0,-2.48786]},"J6s":{"weight":0.0,"played":[0.9902,0.0098],"evs":[0.0,-2.48797]},"J7s":{"weight":0.0,"played":[0.9957,0.0043],"evs":[0.0,-2.35434]},"J8s":{"weight":0.0,"played":[0.9905,0.0095],"evs":[0.0,-1.89066]},"J9s":{"weight":0.0,"played":[1.0,0.0],"evs":[0.0,-1.0799]},"JTs":{"weight":0.9514,"played":[0.9377,0.0623],"evs":[0.0,-0.57554]},"JJ":{"weight":0.0,"played":[0.0,1.0],"evs":[0.0,6.94225]},"QJo":{"weight":0.4192,"played":[0.9985,0.0015],"evs":[0.0,-1.05781]},"KJo":{"weight":0.2408,"played":[0.9243,0.0757],"evs":[0.0,-1.3934]},"AJo":{"weight":0.0,"played":[0.2854,0.7146],"evs":[0.0,-0.2217]},"Q2s":{"weight":0.0,"played":[0.9944,0.0056],"evs":[0.0,-1.97258]},"Q3s":{"weight":0.0,"played":[0.9991,9.0E-4],"evs":[0.0,-2.15685]},"Q4s":{"weight":0.0,"played":[0.9979,0.0021],"evs":[0.0,-2.67394]},"Q5s":{"weight":0.0,"played":[0.9999,1.0E-4],"evs":[0.0,-1.4792]},"Q6s":{"weight":0.0,"played":[0.997,0.003],"evs":[0.0,-1.37229]},"Q7s":{"weight":0.0,"played":[0.9967,0.0033],"evs":[0.0,-1.35986]},"Q8s":{"weight":0.0,"played":[0.9991,9.0E-4],"evs":[0.0,-1.17782]},"Q9s":{"weight":0.0,"played":[0.9683,0.0317],"evs":[0.0,-0.50535]},"QTs":{"weight":0.6744,"played":[0.544,0.456],"evs":[0.0,0.10016]},"QJs":{"weight":0.0083,"played":[0.0,1.0],"evs":[0.0,0.62044]},"QQ":{"weight":3.0E-4,"played":[0.0,1.0],"evs":[0.0,11.66426]},"KQo":{"weight":0.0034,"played":[0.8805,0.1195],"evs":[0.0,-0.28381]},"AQo":{"weight":0.0,"played":[0.0,1.0],"evs":[0.0,2.51944]},"K2s":{"weight":0.0,"played":[0.9946,0.0054],"evs":[0.0,-1.60226]},"K3s":{"weight":0.0,"played":[0.9946,0.0054],"evs":[0.0,-1.73812]},"K4s":{"weight":0.0,"played":[0.9949,0.0051],"evs":[0.0,-1.52111]},"K5s":{"weight":0.0,"played":[0.9909,0.0091],"evs":[0.0,-1.91328]},"K6s":{"weight":0.0,"played":[0.9673,0.0327],"evs":[0.0,-1.63069]},"K7s":{"weight":0.0231,"played":[0.9905,0.0095],"evs":[0.0,-1.35141]},"K8s":{"weight":1.0E-4,"played":[0.9965,0.0035],"evs":[0.0,-0.85709]},"K9s":{"weight":0.9937,"played":[0.6322,0.3678],"evs":[0.0,-0.70321]},"KTs":{"weight":0.6739,"played":[0.8385,0.1615],"evs":[0.0,-0.20553]},"KJs":{"weight":0.0,"played":[0.0829,0.9171],"evs":[0.0,0.80963]},"KQs":{"weight":0.009,"played":[1.0E-4,0.9999],"evs":[0.0,1.80252]},"KK":{"weight":0.2237,"played":[0.0,1.0],"evs":[0.0,14.76214]},"AKo":{"weight":0.0,"played":[0.0,1.0],"evs":[0.0,4.31536]},"A2s":{"weight":0.0026,"played":[0.9573,0.0427],"evs":[0.0,-1.48216]},"A3s":{"weight":0.0072,"played":[0.9845,0.0155],"evs":[0.0,-1.43368]},"A4s":{"weight":1.0E-4,"played":[0.9927,0.0073],"evs":[0.0,-2.23928]},"A5s":{"weight":0.01,"played":[0.8888,0.1112],"evs":[0.0,-1.65034]},"A6s":{"weight":0.0325,"played":[0.9294,0.0706],"evs":[0.0,-1.98965]},"A7s":{"weight":0.0044,"played":[0.8798,0.1202],"evs":[0.0,-2.08034]},"A8s":{"weight":0.0,"played":[0.833,0.167],"evs":[0.0,-1.35645]},"A9s":{"weight":0.238,"played":[0.6474,0.3526],"evs":[0.0,-0.7427]},"ATs":{"weight":0.3169,"played":[0.0,1.0],"evs":[0.0,0.94068]},"AJs":{"weight":0.0022,"played":[3.0E-4,0.9997],"evs":[0.0,1.8393]},"AQs":{"weight":6.0E-4,"played":[0.0,1.0],"evs":[0.0,4.43933]},"AKs":{"weight":0.0,"played":[0.0,1.0],"evs":[0.0,5.82863]},"AA":{"weight":1.0,"played":[0.0,1.0],"evs":[0.0,21.67552]}}}