{"player":1,"street":0,"children":2,"sequence":[{"player":0,"type":"F","amount":0,"street":0},{"player":1,"type":"R","amount":200000,"street":0},{"player":2,"type":"C","amount":200000,"street":0},{"player":3,"type":"C","amount":150000,"street":0},{"player":4,"type":"R","amount":1015000,"street":0},{"player":1,"type":"C","amount":815000,"street":0},{"player":2,"type":"F","amount":0,"street":0},{"player":3,"type":"R","amount":1635000,"street":0}],"actions":[{"type":"F","amount":0},{"type":"C","amount":620000}],"hands":{"22":{"weight":0.0,"played":[0.0216,0.9784],"evs":[0.0,5.16854]},"32o":{"weight":0.0,"played":[0.009,0.991],"evs":[0.0,5.27645]},"42o":{"weight":0.0,"played":[0.002,0.998],"evs":[0.0,7.10049]},"52o":{"weight":0.0,"played":[0.0022,0.9978],"evs":[0.0,8.5702]},"62o":{"weight":0.0,"played":[0.0065,0.9935],"evs":[0.0,4.60569]},"72o":{"weight":0.0,"played":[0.0064,0.9936],"evs":[0.0,7.67222]},"82o":{"weight":0.0,"played":[0.0,1.0],"evs":[0.0,7.92883]},"92o":{"weight":0.0,"played":[0.0468,0.9532],"evs":[0.0,3.24387]},"T2o":{"weight":0.0,"played":[0.0735,0.9265],"evs":[0.0,3.79318]},"J2o":{"weight":0.0,"played":[0.0269,0.9731],"evs":[0.0,11.31953]},"Q2o":{"weight":0.0,"played":[0.0202,0.9798],"evs":[0.0,3.80665]},"K2o":{"weight":0.0,"played":[0.0623,0.9377],"evs":[0.0,10.61428]},"A2o":{"weight":0.1138,"played":[3.0E-4,0.9997],"evs":[0.0,8.53822]},"32s":{"weight":0.0,"played":[0.2694,0.7306],"evs":[0.0,6.428]},"33":{"weight":0.0,"played":[0.0077,0.9923],"evs":[0.0,4.43276]},"43o":{"weight":0.0,"played":[0.0138,0.9862],"evs":[0.0,6.53636]},"53o":{"weight":0.0,"played":[0.0298,0.9702],"evs":[0.0,4.39949]},"63o":{"weight":0.0,"played":[3.0E-4,0.9997],"evs":[0.0,7.93733]},"73o":{"weight":0.0,"played":[0.008,0.992],"evs":[0.0,9.65305]},"83o":{"weight":0.0,"played":[0.0014,0.9986],"evs":[0.0,7.18011]},"93o":{"weight":0.0,"played":[0.0019,0.9981],"evs":[0.0,8.61251]},"T3o":{"weight":0.0,"played":[0.0349,0.9651],"evs":[0.0,6.67991]},"J3o":{"weight":0.0,"played":[0.0,1.0],"evs":[0.0,7.50453]},"Q3o":{"weight":0.0,"played":[0.1254,0.8746],"evs":[0.0,6.1302]},"K3o":{"weight":0.0,"played":[0.0609,0.9391],"evs":[0.0,6.35017]},"A3o":{"weight":0.0294,"played":[0.0,1.0],"evs":[0.0,7.05167]},"42s":{"weight":0.0,"played":[0.0056,0.9944],"evs":[0.0,10.80799]},"43s":{"weight":0.0,"played":[0.2815,0.7185],"evs":[0.0,6.32754]},"44":{"weight":0.0,"played":[0.0698,0.9302],"evs":[0.0,16.93221]},"54o":{"weight":0.0,"played":[0.0119,0.9881],"evs":[0.0,5.38378]},"64o":{"weight":0.0,"played":[0.0033,0.9967],"evs":[0.0,6.62704]},"74o":{"weight":0.0,"played":[0.0485,0.9515],"evs":[0.0,9.22122]},"84o":{"weight":0.0,"played":[0.0202,0.9798],"evs":[0.0,9.46835]},"94o":{"weight":0.0,"played":[0.0032,0.9968],"evs":[0.0,6.82377]},"T4o":{"weight":0.0,"played":[1.0E-4,0.9999],"evs":[0.0,5.22756]},"J4o":{"weight":0.0,"played":[0.0028,0.9972],"evs":[0.0,12.32257]},"Q4o":{"weight":0.0,"played":[0.0034,0.9966],"evs":[0.0,3.63872]},"K4o":{"weight":0.0,"played":[0.0053,0.9947],"evs":[0.0,3.66258]},"A4o":{"weight":0.0,"played":[0.0037,0.9963],"evs":[0.0,10.35732]},"52s":{"weight":0.0,"played":[0.0,1.0],"evs":[0.0,9.37005]},"53s":{"weight":0.0,"played":[0.001,0.999],"evs":[0.0,12.73744]},"54s":{"weight":0.0,"played":[0.0088,0.9912],"evs":[0.0,10.80243]},"55":{"weight":0.0,"played":[0.0015,0.9985],"evs":[0.0,15.82497]},"65o":{"weight":0.0,"played":[1.0E-4,0.9999],"evs":[0.0,9.97542]},"75o":{"weight":0.0,"played":[8.0E-4,0.9992],"evs":[0.0,8.93084]},"85o":{"weight":0.0,"played":[0.1105,0.8895],"evs":[0.0,12.22174]},"95o":{"weight":0.0,"played":[0.035,0.965],"evs":[0.0,8.47235]},"T5o":{"weight":0.0,"played":[0.0675,0.9325],"evs":[0.0,8.73106]},"J5o":{"weight":0.0,"played":[7.0E-4,0.9993],"evs":[0.0,6.18886]},"Q5o":{"weight":0.0,"played":[0.0117,0.9883],"evs":[0.0,1.96361]},"K5o":{"weight":0.0,"played":[0.0506,0.9494],"evs":[0.0,4.62789]},"A5o":{"weight":0.0,"played":[0.0395,0.9605],"evs":[0.0,15.26737]},"62s":{"weight":0.0,"played":[0.0033,0.9967],"evs":[0.0,16.70454]},"63s":{"weight":0.0,"played":[0.0618,0.9382],"evs":[0.0,6.09688]},"64s":{"weight":0.0,"played":[0.045,0.955],"evs":[0.0,18.86628]},"65s":{"weight":0.0,"played":[0.0163,0.9837],"evs":[0.0,15.64043]},"66":{"weight":0.0,"played":[4.0E-4,0.9996],"evs":[0.0,15.21749]},"76o":{"weight":0.0,"played":[0.0022,0.9978],"evs":[0.0,9.68371]},"86o":{"weight":0.0,"played":[0.0,1.0],"evs":[0.0,12.11476]},"96o":{"weight":0.0,"played":[0.0,1.0],"evs":[0.0,5.48748]},"T6o":{"weight":0.0,"played":[0.001,0.999],"evs":[0.0,7.79317]},"J6o":{"weight":0.0,"played":[0.0016,0.9984],"evs":[0.0,8.20516]},"Q6o":{"weight":0.0,"played":[0.0245,0.9755],"evs":[0.0,9.68688]},"K6o":{"weight":0.0,"played":[0.0269,0.9731],"evs":[0.0,8.24659]},"A6o":{"weight":0.0,"played":[3.0E-4,0.9997],"evs":[0.0,8.8139]},"72s":{"weight":0.0,"played":[0.0074,0.9926],"evs":[0.0,7.43899]},"73s":{"weight":0.0,"played":[0.0073,0.9927],"evs":[0.0,7.07991]},"74s":{"weight":0.0,"played":[0.0512,0.9488],"evs":[0.0,8.20771]},"75s":{"weight":0.0,"played":[0.1399,0.8601],"evs":[0.0,8.71612]},"76s":{"weight":0.0,"played":[0.0012,0.9988],"evs":[0.0,15.56836]},"77":{"weight":0.0,"played":[4.0E-4,0.9996],"evs":[0.0,19.23997]},"87o":{"weight":0.0,"played":[0.0046,0.9954],"evs":[0.0,7.21342]},"97o":{"weight":0.0,"played":[0.0056,0.9944],"evs":[0.0,9.98067]},"T7o":{"weight":0.0,"played":[0.0,1.0],"evs":[0.0,10.66898]},"J7o":{"weight":0.0,"played":[0.0354,0.9646],"evs":[0.0,11.14671]},"Q7o":{"weight":0.0,"played":[0.0127,0.9873],"evs":[0.0,12.29479]},"K7o":{"weight":0.0,"played":[0.0,1.0],"evs":[0.0,7.14244]},"A7o":{"weight":6.0E-4,"played":[7.0E-4,0.9993],"evs":[0.0,9.70337]},"82s":{"weight":0.0,"played":[0.0369,0.9631],"evs":[0.0,10.74975]},"83s":{"weight":0.0,"played":[0.0947,0.9053],"evs":[0.0,3.42831]},"84s":{"weight":0.0,"played":[0.0046,0.9954],"evs":[0.0,6.61671]},"85s":{"weight":0.0,"played":[0.0,1.0],"evs":[0.0,8.40975]},"86s":{"weight":6.0E-4,"played":[0.1548,0.8452],"evs":[0.0,6.13269]},"87s":{"weight":0.0,"played":[0.0034,0.9966],"evs":[0.0,6.4871]},"88":{"weight":0.0,"played":[0.0041,0.9959],"evs":[0.0,10.04853]},"98o":{"weight":0.0,"played":[0.0,1.0],"evs":[0.0,10.26159]},"T8o":{"weight":0.0,"played":[0.0013,0.9987],"evs":[0.0,10.39262]},"J8o":{"weight":0.0,"played":[0.0013,0.9987],"evs":[0.0,10.20007]},"Q8o":{"weight":0.0,"played":[7.0E-4,0.9993],"evs":[0.0,5.46576]},"K8o":{"weight":1.0E-4,"played":[0.0313,0.9687],"evs":[0.0,5.21152]},"A8o":{"weight":0.0,"played":[0.0,1.0],"evs":[0.0,14.19921]},"92s":{"weight":0.0,"played":[0.462,0.538],"evs":[0.0,0.61672]},"93s":{"weight":0.0,"played":[0.282,0.718],"evs":[0.0,11.08689]},"94s":{"weight":0.0,"played":[0.0024,0.9976],"evs":[0.0,1.53133]},"95s":{"weight":0.0,"played":[0.1718,0.8282],"evs":[0.0,2.081]},"96s":{"weight":0.0,"played":[0.0091,0.9909],"evs":[0.0,11.73535]},"97s":{"weight":0.0605,"played":[0.0013,0.9987],"evs":[0.0,11.46238]},"98s":{"weight":0.0,"played":[0.0623,0.9377],"evs":[0.0,20.89467]},"99":{"weight":1.0E-4,"played":[0.0016,0.9984],"evs":[0.0,8.73431]},"T9o":{"weight":9.0E-4,"played":[0.0,1.0],"evs":[0.0,10.37964]},"J9o":{"weight":0.0031,"played":[2.0E-4,0.9998],"evs":[0.0,7.91049]},"Q9o":{"weight":0.0,"played":[5.0E-4,0.9995],"evs":[0.0,6.68402]},"K9o":{"weight":0.0033,"played":[1.0E-4,0.9999],"evs":[0.0,5.02589]},"A9o":{"weight":0.0,"played":[0.0081,0.9919],"evs":[0.0,10.21293]},"T2s":{"weight":0.0,"played":[0.0,1.0],"evs":[0.0,6.52469]},"T3s":{"weight":0.0,"played":[0.2756,0.7244],"evs":[0.0,17.74741]},"T4s":{"weight":0.0,"played":[0.3503,0.6497],"evs":[0.0,2.12582]},"T5s":{"weight":0.0,"played":[0.0439,0.9561],"evs":[0.0,10.1718]},"T6s":{"weight":0.0,"played":[0.0012,0.9988],"evs":[0.0,9.45813]},"T7s":{"weight":0.2041,"played":[0.0011,0.9989],"evs":[0.0,14.4826]},"T8s":{"weight":8.0E-4,"played":[0.0,1.0],"evs":[0.0,5.80313]},"T9s":{"weight":2.0E-4,"played":[0.0225,0.9775],"evs":[0.0,16.1318]},"TT":{"weight":0.383,"played":[0.0,1.0],"evs":[0.0,18.37257]},"JTo":{"weight":6.0E-4,"played":[0.0,1.0],"evs":[0.0,11.3693]},"QTo":{"weight":0.0149,"played":[0.0,1.0],"evs":[0.0,11.58955]},"KTo":{"weight":0.0012,"played":[0.0101,0.9899],"evs":[0.0,8.10559]},"ATo":{"weight":0.0,"played":[0.0039,0.9961],"evs":[0.0,9.63123]},"J2s":{"weight":0.0,"played":[0.006,0.994],"evs":[0.0,12.6096]},"J3s":{"weight":0.0,"played":[0.1665,0.8335],"evs":[0.0,19.175]},"J4s":{"weight":0.0,"played":[1.0E-4,0.9999],"evs":[0.0,6.68481]},"J5s":{"weight":0.0,"played":[0.0,1.0],"evs":[0.0,11.62122]},"J6s":{"weight":0.0,"played":[0.0297,0.9703],"evs":[0.0,6.72013]},"J7s":{"weight":0.2504,"played":[0.0231,0.9769],"evs":[0.0,16.47728]},"J8s":{"weight":0.0533,"played":[0.0016,0.9984],"evs":[0.0,11.12459]},"J9s":{"weight":0.0,"played":[0.0148,0.9852],"evs":[0.0,27.58515]},"JTs":{"weight":4.0E-4,"played":[0.0928,0.9072],"evs":[0.0,1.40194]},"JJ":{"weight":0.4327,"played":[0.0,1.0],"evs":[0.0,21.49124]},"QJo":{"weight":0.001,"played":[7.0E-4,0.9993],"evs":[0.0,8.68999]},"KJo":{"weight":0.0,"played":[0.0,1.0],"evs":[0.0,10.57868]},"AJo":{"weight":0.0,"played":[0.0,1.0],"evs":[0.0,15.16674]},"Q2s":{"weight":0.0,"played":[0.4151,0.5849],"evs":[0.0,8.35922]},"Q3s":{"weight":0.0,"played":[0.0279,0.9721],"evs":[0.0,5.30778]},"Q4s":{"weight":0.0,"played":[0.9165,0.0835],"evs":[0.0,-6.24827]},"Q5s":{"weight":0.0,"played":[0.4169,0.5831],"evs":[0.0,1.15779]},"Q6s":{"weight":0.0,"played":[0.0032,0.9968],"evs":[0.0,2.58948]},"Q7s":{"weight":0.0503,"played":[0.1111,0.8889],"evs":[0.0,10.54947]},"Q8s":{"weight":0.0023,"played":[0.0022,0.9978],"evs":[0.0,12.72356]},"Q9s":{"weight":0.001,"played":[0.0047,0.9953],"evs":[0.0,11.69811]},"QTs":{"weight":9.0E-4,"played":[0.0123,0.9877],"evs":[0.0,13.97464]},"QJs":{"weight":0.0154,"played":[0.0037,0.9963],"evs":[0.0,14.95702]},"QQ":{"weight":0.2994,"played":[8.0E-4,0.9992],"evs":[0.0,27.49211]},"KQo":{"weight":0.0,"played":[0.0,1.0],"evs":[0.0,12.57001]},"AQo":{"weight":0.0,"played":[0.0089,0.9911],"evs":[0.0,16.61117]},"K2s":{"weight":0.0,"played":[0.6708,0.3292],"evs":[0.0,0.68303]},"K3s":{"weight":0.0,"played":[0.0513,0.9487],"evs":[0.0,5.11344]},"K4s":{"weight":1.0E-4,"played":[0.1638,0.8362],"evs":[0.0,3.88247]},"K5s":{"weight":0.0465,"played":[0.0272,0.9728],"evs":[0.0,11.72471]},"K6s":{"weight":3.0E-4,"played":[0.3128,0.6872],"evs":[0.0,11.05848]},"K7s":{"weight":0.0722,"played":[0.0049,0.9951],"evs":[0.0,9.32701]},"K8s":{"weight":0.2487,"played":[0.0254,0.9746],"evs":[0.0,15.45203]},"K9s":{"weight":0.0,"played":[0.1781,0.8219],"evs":[0.0,1.89032]},"KTs":{"weight":0.0,"played":[0.0538,0.9462],"evs":[0.0,8.83123]},"KJs":{"weight":4.0E-4,"played":[0.6512,0.3488],"evs":[0.0,7.12704]},"KQs":{"weight":0.0,"played":[0.0,1.0],"evs":[0.0,15.93332]},"KK":{"weight":0.0528,"played":[0.0,1.0],"evs":[0.0,26.61916]},"AKo":{"weight":7.0E-4,"played":[0.0,1.0],"evs":[0.0,15.38617]},"A2s":{"weight":0.0,"played":[0.0402,0.9598],"evs":[0.0,14.50687]},"A3s":{"weight":0.0,"played":[0.0084,0.9916],"evs":[0.0,9.46569]},"A4s":{"weight":0.0,"played":[0.0,1.0],"evs":[0.0,14.51869]},"A5s":{"weight":0.0,"played":[0.0,1.0],"evs":[0.0,8.65106]},"A6s":{"weight":0.0023,"played":[0.0287,0.9713],"evs":[0.0,11.67082]},"A7s":{"weight":0.3466,"played":[0.0,1.0],"evs":[0.0,12.12064]},"A8s":{"weight":0.0229,"played":[0.0074,0.9926],"evs":[0.0,8.83777]},"A9s":{"weight":0.0049,"played":[0.089,0.911],"evs":[0.0,15.82093]},"ATs":{"weight":0.0,"played":[0.1155,0.8845],"evs":[0.0,20.50943]},"AJs":{"weight":0.166,"played":[0.0019,0.9981],"evs":[0.0,16.05357]},"AQs":{"weight":0.5715,"played":[0.0,1.0],"evs":[0.0,16.86808]},"AKs":{"weight":0.0706,"played":[0.0073,0.9927],"evs":[0.0,12.98326]},"AA":{"weight":7.0E-4,"played":[0.0,1.0],"evs":[0.0,42.98273]}}}