{"player":1,"street":0,"children":2,"sequence":[{"player":0,"type":"F","amount":0,"street":0},{"player":1,"type":"R","amount":200000,"street":0},{"player":2,"type":"C","amount":200000,"street":0},{"player":3,"type":"C","amount":150000,"street":0},{"player":4,"type":"R","amount":1015000,"street":0},{"player":1,"type":"C","amount":815000,"street":0},{"player":2,"type":"R","amount":1345000,"street":0},{"player":3,"type":"F","amount":0,"street":0}],"actions":[{"type":"F","amount":0},{"type":"C","amount":330000}],"hands":{"22":{"weight":0.0,"played":[0.0,1.0],"evs":[0.0,10.49846]},"32o":{"weight":0.0,"played":[0.0,1.0],"evs":[0.0,4.96924]},"42o":{"weight":0.0,"played":[0.005,0.995],"evs":[0.0,6.23217]},"52o":{"weight":0.0,"played":[0.0,1.0],"evs":[0.0,6.06755]},"62o":{"weight":0.0,"played":[0.0041,0.9959],"evs":[0.0,8.54577]},"72o":{"weight":0.0,"played":[0.0018,0.9982],"evs":[0.0,7.91498]},"82o":{"weight":0.0,"played":[0.0155,0.9845],"evs":[0.0,3.87921]},"92o":{"weight":0.0,"played":[2.0E-4,0.9998],"evs":[0.0,4.04703]},"T2o":{"weight":0.0,"played":[4.0E-4,0.9996],"evs":[0.0,8.40556]},"J2o":{"weight":0.0,"played":[6.0E-4,0.9994],"evs":[0.0,5.8891]},"Q2o":{"weight":0.0,"played":[1.0E-4,0.9999],"evs":[0.0,5.76027]},"K2o":{"weight":0.0,"played":[4.0E-4,0.9996],"evs":[0.0,7.53675]},"A2o":{"weight":0.1138,"played":[0.0,1.0],"evs":[0.0,8.62009]},"32s":{"weight":0.0,"played":[0.0305,0.9695],"evs":[0.0,6.47676]},"33":{"weight":0.0,"played":[0.0,1.0],"evs":[0.0,10.64872]},"43o":{"weight":0.0,"played":[2.0E-4,0.9998],"evs":[0.0,6.30999]},"53o":{"weight":0.0,"played":[1.0E-4,0.9999],"evs":[0.0,7.16295]},"63o":{"weight":0.0,"played":[2.0E-4,0.9998],"evs":[0.0,6.65127]},"73o":{"weight":0.0,"played":[1.0E-4,0.9999],"evs":[0.0,5.79258]},"83o":{"weight":0.0,"played":[0.0045,0.9955],"evs":[0.0,7.73855]},"93o":{"weight":0.0,"played":[0.0059,0.9941],"evs":[0.0,5.11695]},"T3o":{"weight":0.0,"played":[0.0203,0.9797],"evs":[0.0,5.37092]},"J3o":{"weight":0.0,"played":[6.0E-4,0.9994],"evs":[0.0,5.11694]},"Q3o":{"weight":0.0,"played":[0.0011,0.9989],"evs":[0.0,6.17005]},"K3o":{"weight":0.0,"played":[9.0E-4,0.9991],"evs":[0.0,6.43821]},"A3o":{"weight":0.0294,"played":[1.0E-4,0.9999],"evs":[0.0,8.53147]},"42s":{"weight":0.0,"played":[0.002,0.998],"evs":[0.0,9.81986]},"43s":{"weight":0.0,"played":[1.0E-4,0.9999],"evs":[0.0,6.22225]},"44":{"weight":0.0,"played":[0.0039,0.9961],"evs":[0.0,12.81572]},"54o":{"weight":0.0,"played":[0.0027,0.9973],"evs":[0.0,5.57051]},"64o":{"weight":0.0,"played":[0.001,0.999],"evs":[0.0,6.50438]},"74o":{"weight":0.0,"played":[0.0,1.0],"evs":[0.0,8.54603]},"84o":{"weight":0.0,"played":[0.0016,0.9984],"evs":[0.0,7.03015]},"94o":{"weight":0.0,"played":[0.0015,0.9985],"evs":[0.0,8.53533]},"T4o":{"weight":0.0,"played":[8.0E-4,0.9992],"evs":[0.0,5.93994]},"J4o":{"weight":0.0,"played":[0.0,1.0],"evs":[0.0,6.33427]},"Q4o":{"weight":0.0,"played":[2.0E-4,0.9998],"evs":[0.0,8.18335]},"K4o":{"weight":0.0,"played":[1.0E-4,0.9999],"evs":[0.0,7.23167]},"A4o":{"weight":0.0,"played":[9.0E-4,0.9991],"evs":[0.0,8.91606]},"52s":{"weight":0.0,"played":[3.0E-4,0.9997],"evs":[0.0,4.75102]},"53s":{"weight":0.0,"played":[0.0086,0.9914],"evs":[0.0,8.05366]},"54s":{"weight":0.0,"played":[0.0018,0.9982],"evs":[0.0,7.70943]},"55":{"weight":0.0,"played":[0.0176,0.9824],"evs":[0.0,11.97826]},"65o":{"weight":0.0,"played":[0.0026,0.9974],"evs":[0.0,8.21437]},"75o":{"weight":0.0,"played":[0.0014,0.9986],"evs":[0.0,9.16964]},"85o":{"weight":0.0,"played":[0.0027,0.9973],"evs":[0.0,6.94667]},"95o":{"weight":0.0,"played":[0.0,1.0],"evs":[0.0,7.25604]},"T5o":{"weight":0.0,"played":[8.0E-4,0.9992],"evs":[0.0,5.55448]},"J5o":{"weight":0.0,"played":[0.0127,0.9873],"evs":[0.0,5.34984]},"Q5o":{"weight":0.0,"played":[0.0157,0.9843],"evs":[0.0,7.06099]},"K5o":{"weight":0.0,"played":[0.0,1.0],"evs":[0.0,9.71827]},"A5o":{"weight":0.0,"played":[2.0E-4,0.9998],"evs":[0.0,10.2761]},"62s":{"weight":0.0,"played":[0.0013,0.9987],"evs":[0.0,9.13816]},"63s":{"weight":0.0,"played":[0.0014,0.9986],"evs":[0.0,2.89426]},"64s":{"weight":0.0,"played":[0.0,1.0],"evs":[0.0,6.49147]},"65s":{"weight":0.0,"played":[2.0E-4,0.9998],"evs":[0.0,8.5489]},"66":{"weight":0.0,"played":[0.0017,0.9983],"evs":[0.0,14.39183]},"76o":{"weight":0.0,"played":[0.0,1.0],"evs":[0.0,11.61398]},"86o":{"weight":0.0,"played":[0.0029,0.9971],"evs":[0.0,9.83053]},"96o":{"weight":0.0,"played":[7.0E-4,0.9993],"evs":[0.0,8.57415]},"T6o":{"weight":0.0,"played":[8.0E-4,0.9992],"evs":[0.0,7.22087]},"J6o":{"weight":0.0,"played":[0.0,1.0],"evs":[0.0,6.91979]},"Q6o":{"weight":0.0,"played":[0.0,1.0],"evs":[0.0,5.18526]},"K6o":{"weight":0.0,"played":[3.0E-4,0.9997],"evs":[0.0,8.0279]},"A6o":{"weight":0.0,"played":[6.0E-4,0.9994],"evs":[0.0,7.98271]},"72s":{"weight":0.0,"played":[0.0015,0.9985],"evs":[0.0,7.00686]},"73s":{"weight":0.0,"played":[0.0045,0.9955],"evs":[0.0,10.12558]},"74s":{"weight":0.0,"played":[0.0233,0.9767],"evs":[0.0,6.57917]},"75s":{"weight":0.0,"played":[2.0E-4,0.9998],"evs":[0.0,11.29169]},"76s":{"weight":0.0,"played":[0.0037,0.9963],"evs":[0.0,14.0481]},"77":{"weight":0.0,"played":[0.0015,0.9985],"evs":[0.0,16.65848]},"87o":{"weight":0.0,"played":[2.0E-4,0.9998],"evs":[0.0,7.1685]},"97o":{"weight":0.0,"played":[0.0,1.0],"evs":[0.0,5.4176]},"T7o":{"weight":0.0,"played":[4.0E-4,0.9996],"evs":[0.0,9.19784]},"J7o":{"weight":0.0,"played":[3.0E-4,0.9997],"evs":[0.0,6.48861]},"Q7o":{"weight":0.0,"played":[7.0E-4,0.9993],"evs":[0.0,8.07417]},"K7o":{"weight":0.0,"played":[0.0,1.0],"evs":[0.0,7.06931]},"A7o":{"weight":6.0E-4,"played":[1.0E-4,0.9999],"evs":[0.0,10.83657]},"82s":{"weight":0.0,"played":[0.0133,0.9867],"evs":[0.0,6.32945]},"83s":{"weight":0.0,"played":[0.0056,0.9944],"evs":[0.0,8.30226]},"84s":{"weight":0.0,"played":[0.0191,0.9809],"evs":[0.0,6.79573]},"85s":{"weight":0.0,"played":[4.0E-4,0.9996],"evs":[0.0,14.04515]},"86s":{"weight":6.0E-4,"played":[0.0045,0.9955],"evs":[0.0,7.94413]},"87s":{"weight":0.0,"played":[0.0258,0.9742],"evs":[0.0,5.87205]},"88":{"weight":0.0,"played":[0.0,1.0],"evs":[0.0,15.50269]},"98o":{"weight":0.0,"played":[0.0,1.0],"evs":[0.0,6.77799]},"T8o":{"weight":0.0,"played":[0.0023,0.9977],"evs":[0.0,10.63045]},"J8o":{"weight":0.0,"played":[1.0E-4,0.9999],"evs":[0.0,8.55858]},"Q8o":{"weight":0.0,"played":[1.0E-4,0.9999],"evs":[0.0,11.96405]},"K8o":{"weight":1.0E-4,"played":[1.0E-4,0.9999],"evs":[0.0,10.14123]},"A8o":{"weight":0.0,"played":[0.0,1.0],"evs":[0.0,10.44182]},"92s":{"weight":0.0,"played":[0.002,0.998],"evs":[0.0,8.10857]},"93s":{"weight":0.0,"played":[0.2588,0.7412],"evs":[0.0,2.17156]},"94s":{"weight":0.0,"played":[0.1045,0.8955],"evs":[0.0,7.74944]},"95s":{"weight":0.0,"played":[0.0139,0.9861],"evs":[0.0,6.25029]},"96s":{"weight":0.0,"played":[7.0E-4,0.9993],"evs":[0.0,11.0217]},"97s":{"weight":0.0605,"played":[0.0183,0.9817],"evs":[0.0,15.61415]},"98s":{"weight":0.0,"played":[0.0011,0.9989],"evs":[0.0,12.7626]},"99":{"weight":1.0E-4,"played":[0.0,1.0],"evs":[0.0,13.85384]},"T9o":{"weight":9.0E-4,"played":[3.0E-4,0.9997],"evs":[0.0,8.52641]},"J9o":{"weight":0.0031,"played":[6.0E-4,0.9994],"evs":[0.0,8.16189]},"Q9o":{"weight":0.0,"played":[0.0015,0.9985],"evs":[0.0,5.39002]},"K9o":{"weight":0.0033,"played":[1.0E-4,0.9999],"evs":[0.0,8.80765]},"A9o":{"weight":0.0,"played":[0.0,1.0],"evs":[0.0,9.50683]},"T2s":{"weight":0.0,"played":[0.0033,0.9967],"evs":[0.0,10.93776]},"T3s":{"weight":0.0,"played":[9.0E-4,0.9991],"evs":[0.0,14.40183]},"T4s":{"weight":0.0,"played":[0.0604,0.9396],"evs":[0.0,10.06746]},"T5s":{"weight":0.0,"played":[0.0138,0.9862],"evs":[0.0,8.95438]},"T6s":{"weight":0.0,"played":[0.0092,0.9908],"evs":[0.0,7.28531]},"T7s":{"weight":0.2041,"played":[0.0014,0.9986],"evs":[0.0,9.54039]},"T8s":{"weight":8.0E-4,"played":[6.0E-4,0.9994],"evs":[0.0,10.69961]},"T9s":{"weight":2.0E-4,"played":[0.0013,0.9987],"evs":[0.0,8.17057]},"TT":{"weight":0.383,"played":[0.0,1.0],"evs":[0.0,17.87741]},"JTo":{"weight":6.0E-4,"played":[2.0E-4,0.9998],"evs":[0.0,6.97452]},"QTo":{"weight":0.0149,"played":[0.0,1.0],"evs":[0.0,9.43585]},"KTo":{"weight":0.0012,"played":[1.0E-4,0.9999],"evs":[0.0,10.42088]},"ATo":{"weight":0.0,"played":[0.0,1.0],"evs":[0.0,13.8279]},"J2s":{"weight":0.0,"played":[0.0043,0.9957],"evs":[0.0,8.04313]},"J3s":{"weight":0.0,"played":[0.0058,0.9942],"evs":[0.0,7.25952]},"J4s":{"weight":0.0,"played":[0.0014,0.9986],"evs":[0.0,3.47886]},"J5s":{"weight":0.0,"played":[0.1525,0.8475],"evs":[0.0,7.33861]},"J6s":{"weight":0.0,"played":[0.0176,0.9824],"evs":[0.0,10.12765]},"J7s":{"weight":0.2504,"played":[0.0,1.0],"evs":[0.0,10.4314]},"J8s":{"weight":0.0533,"played":[1.0E-4,0.9999],"evs":[0.0,10.30496]},"J9s":{"weight":0.0,"played":[0.0011,0.9989],"evs":[0.0,10.17612]},"JTs":{"weight":4.0E-4,"played":[0.0141,0.9859],"evs":[0.0,10.23118]},"JJ":{"weight":0.4327,"played":[0.0,1.0],"evs":[0.0,22.4347]},"QJo":{"weight":0.001,"played":[0.0,1.0],"evs":[0.0,10.66365]},"KJo":{"weight":0.0,"played":[0.0016,0.9984],"evs":[0.0,10.55667]},"AJo":{"weight":0.0,"played":[0.0,1.0],"evs":[0.0,16.55623]},"Q2s":{"weight":0.0,"played":[0.0094,0.9906],"evs":[0.0,6.34627]},"Q3s":{"weight":0.0,"played":[3.0E-4,0.9997],"evs":[0.0,4.33784]},"Q4s":{"weight":0.0,"played":[0.0054,0.9946],"evs":[0.0,5.14701]},"Q5s":{"weight":0.0,"played":[5.0E-4,0.9995],"evs":[0.0,6.37363]},"Q6s":{"weight":0.0,"played":[0.0042,0.9958],"evs":[0.0,12.57828]},"Q7s":{"weight":0.0503,"played":[0.0202,0.9798],"evs":[0.0,8.13474]},"Q8s":{"weight":0.0023,"played":[0.0,1.0],"evs":[0.0,8.62704]},"Q9s":{"weight":0.001,"played":[0.0053,0.9947],"evs":[0.0,10.01291]},"QTs":{"weight":9.0E-4,"played":[2.0E-4,0.9998],"evs":[0.0,13.77913]},"QJs":{"weight":0.0154,"played":[1.0E-4,0.9999],"evs":[0.0,10.70755]},"QQ":{"weight":0.2994,"played":[0.0,1.0],"evs":[0.0,21.52262]},"KQo":{"weight":0.0,"played":[0.0,1.0],"evs":[0.0,9.97739]},"AQo":{"weight":0.0,"played":[0.0,1.0],"evs":[0.0,16.01992]},"K2s":{"weight":0.0,"played":[0.0052,0.9948],"evs":[0.0,8.28601]},"K3s":{"weight":0.0,"played":[0.0511,0.9489],"evs":[0.0,7.12407]},"K4s":{"weight":1.0E-4,"played":[0.0118,0.9882],"evs":[0.0,12.32415]},"K5s":{"weight":0.0465,"played":[3.0E-4,0.9997],"evs":[0.0,14.47611]},"K6s":{"weight":3.0E-4,"played":[0.0077,0.9923],"evs":[0.0,11.68453]},"K7s":{"weight":0.0722,"played":[0.0075,0.9925],"evs":[0.0,12.43928]},"K8s":{"weight":0.2487,"played":[0.0,1.0],"evs":[0.0,9.68208]},"K9s":{"weight":0.0,"played":[0.0166,0.9834],"evs":[0.0,9.4989]},"KTs":{"weight":0.0,"played":[1.0E-4,0.9999],"evs":[0.0,16.36199]},"KJs":{"weight":4.0E-4,"played":[0.0028,0.9972],"evs":[0.0,18.50365]},"KQs":{"weight":0.0,"played":[1.0E-4,0.9999],"evs":[0.0,15.0372]},"KK":{"weight":0.0528,"played":[0.0,1.0],"evs":[0.0,25.61725]},"AKo":{"weight":7.0E-4,"played":[0.0,1.0],"evs":[0.0,19.09934]},"A2s":{"weight":0.0,"played":[0.0033,0.9967],"evs":[0.0,8.88199]},"A3s":{"weight":0.0,"played":[0.0037,0.9963],"evs":[0.0,19.07663]},"A4s":{"weight":0.0,"played":[0.005,0.995],"evs":[0.0,14.23244]},"A5s":{"weight":0.0,"played":[0.0085,0.9915],"evs":[0.0,11.55822]},"A6s":{"weight":0.0023,"played":[0.02,0.98],"evs":[0.0,7.87453]},"A7s":{"weight":0.3466,"played":[6.0E-4,0.9994],"evs":[0.0,12.68416]},"A8s":{"weight":0.0229,"played":[2.0E-4,0.9998],"evs":[0.0,12.67386]},"A9s":{"weight":0.0049,"played":[0.0,1.0],"evs":[0.0,9.23948]},"ATs":{"weight":0.0,"played":[0.0016,0.9984],"evs":[0.0,18.44141]},"AJs":{"weight":0.166,"played":[0.0,1.0],"evs":[0.0,15.83069]},"AQs":{"weight":0.5715,"played":[2.0E-4,0.9998],"evs":[0.0,16.18588]},"AKs":{"weight":0.0706,"played":[9.0E-4,0.9991],"evs":[0.0,20.10824]},"AA":{"weight":7.0E-4,"played":[0.0,1.0],"evs":[0.0,34.92347]}}}