{"player":1,"street":0,"children":2,"sequence":[{"player":0,"type":"F","amount":0,"street":0},{"player":1,"type":"R","amount":200000,"street":0},{"player":2,"type":"C","amount":200000,"street":0},{"player":3,"type":"C","amount":150000,"street":0},{"player":4,"type":"R","amount":1015000,"street":0},{"player":1,"type":"C","amount":815000,"street":0},{"player":2,"type":"R","amount":1345000,"street":0},{"player":3,"type":"C","amount":1145000,"street":0}],"actions":[{"type":"F","amount":0},{"type":"C","amount":330000}],"hands":{"22":{"weight":0.0,"played":[0.0578,0.9422],"evs":[0.0,9.20869]},"32o":{"weight":0.0,"played":[0.0414,0.9586],"evs":[0.0,1.46062]},"42o":{"weight":0.0,"played":[0.037,0.963],"evs":[0.0,3.78478]},"52o":{"weight":0.0,"played":[0.0431,0.9569],"evs":[0.0,5.17883]},"62o":{"weight":0.0,"played":[0.0019,0.9981],"evs":[0.0,3.88537]},"72o":{"weight":0.0,"played":[0.0665,0.9335],"evs":[0.0,2.52962]},"82o":{"weight":0.0,"played":[0.3215,0.6785],"evs":[0.0,4.31741]},"92o":{"weight":0.0,"played":[0.0015,0.9985],"evs":[0.0,5.15788]},"T2o":{"weight":0.0,"played":[0.0139,0.9861],"evs":[0.0,4.68045]},"J2o":{"weight":0.0,"played":[0.0069,0.9931],"evs":[0.0,3.8792]},"Q2o":{"weight":0.0,"played":[2.0E-4,0.9998],"evs":[0.0,5.20779]},"K2o":{"weight":0.0,"played":[0.1827,0.8173],"evs":[0.0,2.47305]},"A2o":{"weight":0.1138,"played":[0.0074,0.9926],"evs":[0.0,9.43858]},"32s":{"weight":0.0,"played":[0.0718,0.9282],"evs":[0.0,12.06203]},"33":{"weight":0.0,"played":[0.0596,0.9404],"evs":[0.0,7.31856]},"43o":{"weight":0.0,"played":[0.0039,0.9961],"evs":[0.0,4.33324]},"53o":{"weight":0.0,"played":[0.0047,0.9953],"evs":[0.0,6.45991]},"63o":{"weight":0.0,"played":[0.0099,0.9901],"evs":[0.0,4.15711]},"73o":{"weight":0.0,"played":[0.0435,0.9565],"evs":[0.0,8.11383]},"83o":{"weight":0.0,"played":[0.0419,0.9581],"evs":[0.0,4.46131]},"93o":{"weight":0.0,"played":[0.0152,0.9848],"evs":[0.0,5.45343]},"T3o":{"weight":0.0,"played":[0.4429,0.5571],"evs":[0.0,5.12181]},"J3o":{"weight":0.0,"played":[0.1059,0.8941],"evs":[0.0,3.41116]},"Q3o":{"weight":0.0,"played":[0.049,0.951],"evs":[0.0,5.04625]},"K3o":{"weight":0.0,"played":[0.0378,0.9622],"evs":[0.0,4.62261]},"A3o":{"weight":0.0294,"played":[0.0,1.0],"evs":[0.0,6.10617]},"42s":{"weight":0.0,"played":[0.0054,0.9946],"evs":[0.0,4.73787]},"43s":{"weight":0.0,"played":[0.1266,0.8734],"evs":[0.0,7.61549]},"44":{"weight":0.0,"played":[0.0416,0.9584],"evs":[0.0,7.63931]},"54o":{"weight":0.0,"played":[0.0115,0.9885],"evs":[0.0,6.00973]},"64o":{"weight":0.0,"played":[0.0025,0.9975],"evs":[0.0,4.14326]},"74o":{"weight":0.0,"played":[0.0037,0.9963],"evs":[0.0,6.9023]},"84o":{"weight":0.0,"played":[0.0035,0.9965],"evs":[0.0,5.61738]},"94o":{"weight":0.0,"played":[0.0027,0.9973],"evs":[0.0,4.77598]},"T4o":{"weight":0.0,"played":[0.0114,0.9886],"evs":[0.0,4.74538]},"J4o":{"weight":0.0,"played":[0.4118,0.5882],"evs":[0.0,3.9434]},"Q4o":{"weight":0.0,"played":[0.2068,0.7932],"evs":[0.0,2.15286]},"K4o":{"weight":0.0,"played":[0.0072,0.9928],"evs":[0.0,3.36425]},"A4o":{"weight":0.0,"played":[0.0043,0.9957],"evs":[0.0,10.84304]},"52s":{"weight":0.0,"played":[0.0138,0.9862],"evs":[0.0,12.15807]},"53s":{"weight":0.0,"played":[0.004,0.996],"evs":[0.0,3.91535]},"54s":{"weight":0.0,"played":[0.0111,0.9889],"evs":[0.0,5.76704]},"55":{"weight":0.0,"played":[2.0E-4,0.9998],"evs":[0.0,12.47984]},"65o":{"weight":0.0,"played":[7.0E-4,0.9993],"evs":[0.0,7.1403]},"75o":{"weight":0.0,"played":[0.1055,0.8945],"evs":[0.0,8.05029]},"85o":{"weight":0.0,"played":[0.0112,0.9888],"evs":[0.0,9.11235]},"95o":{"weight":0.0,"played":[0.0,1.0],"evs":[0.0,7.27922]},"T5o":{"weight":0.0,"played":[0.0432,0.9568],"evs":[0.0,6.53]},"J5o":{"weight":0.0,"played":[0.004,0.996],"evs":[0.0,6.64561]},"Q5o":{"weight":0.0,"played":[0.0384,0.9616],"evs":[0.0,5.83893]},"K5o":{"weight":0.0,"played":[0.0097,0.9903],"evs":[0.0,2.31764]},"A5o":{"weight":0.0,"played":[0.0031,0.9969],"evs":[0.0,9.28408]},"62s":{"weight":0.0,"played":[0.3315,0.6685],"evs":[0.0,-0.32043]},"63s":{"weight":0.0,"played":[0.004,0.996],"evs":[0.0,11.14983]},"64s":{"weight":0.0,"played":[0.0567,0.9433],"evs":[0.0,12.59088]},"65s":{"weight":0.0,"played":[0.0047,0.9953],"evs":[0.0,5.0959]},"66":{"weight":0.0,"played":[9.0E-4,0.9991],"evs":[0.0,19.20435]},"76o":{"weight":0.0,"played":[0.0254,0.9746],"evs":[0.0,5.73239]},"86o":{"weight":0.0,"played":[0.0086,0.9914],"evs":[0.0,11.69964]},"96o":{"weight":0.0,"played":[0.0097,0.9903],"evs":[0.0,8.19538]},"T6o":{"weight":0.0,"played":[0.0266,0.9734],"evs":[0.0,6.29973]},"J6o":{"weight":0.0,"played":[0.0396,0.9604],"evs":[0.0,9.19872]},"Q6o":{"weight":0.0,"played":[0.0174,0.9826],"evs":[0.0,9.09813]},"K6o":{"weight":0.0,"played":[0.0,1.0],"evs":[0.0,4.50619]},"A6o":{"weight":0.0,"played":[6.0E-4,0.9994],"evs":[0.0,8.37328]},"72s":{"weight":0.0,"played":[0.0189,0.9811],"evs":[0.0,8.51662]},"73s":{"weight":0.0,"played":[0.0357,0.9643],"evs":[0.0,12.86513]},"74s":{"weight":0.0,"played":[0.4809,0.5191],"evs":[0.0,4.66177]},"75s":{"weight":0.0,"played":[0.0196,0.9804],"evs":[0.0,5.64809]},"76s":{"weight":0.0,"played":[0.0304,0.9696],"evs":[0.0,12.31737]},"77":{"weight":0.0,"played":[0.0,1.0],"evs":[0.0,17.344]},"87o":{"weight":0.0,"played":[4.0E-4,0.9996],"evs":[0.0,9.93036]},"97o":{"weight":0.0,"played":[4.0E-4,0.9996],"evs":[0.0,5.6346]},"T7o":{"weight":0.0,"played":[5.0E-4,0.9995],"evs":[0.0,8.69676]},"J7o":{"weight":0.0,"played":[0.0772,0.9228],"evs":[0.0,0.37123]},"Q7o":{"weight":0.0,"played":[0.0545,0.9455],"evs":[0.0,4.65764]},"K7o":{"weight":0.0,"played":[0.0158,0.9842],"evs":[0.0,6.20444]},"A7o":{"weight":6.0E-4,"played":[0.0018,0.9982],"evs":[0.0,7.40236]},"82s":{"weight":0.0,"played":[0.0926,0.9074],"evs":[0.0,3.99622]},"83s":{"weight":0.0,"played":[0.0798,0.9202],"evs":[0.0,4.67098]},"84s":{"weight":0.0,"played":[0.1265,0.8735],"evs":[0.0,16.52848]},"85s":{"weight":0.0,"played":[0.0,1.0],"evs":[0.0,7.64348]},"86s":{"weight":6.0E-4,"played":[0.0406,0.9594],"evs":[0.0,6.62262]},"87s":{"weight":0.0,"played":[0.14,0.86],"evs":[0.0,6.06925]},"88":{"weight":0.0,"played":[0.0,1.0],"evs":[0.0,18.30025]},"98o":{"weight":0.0,"played":[0.0024,0.9976],"evs":[0.0,6.19477]},"T8o":{"weight":0.0,"played":[0.0131,0.9869],"evs":[0.0,8.70567]},"J8o":{"weight":0.0,"played":[0.0312,0.9688],"evs":[0.0,8.0834]},"Q8o":{"weight":0.0,"played":[0.003,0.997],"evs":[0.0,6.3916]},"K8o":{"weight":1.0E-4,"played":[0.0555,0.9445],"evs":[0.0,5.08097]},"A8o":{"weight":0.0,"played":[0.0,1.0],"evs":[0.0,6.85109]},"92s":{"weight":0.0,"played":[0.1692,0.8308],"evs":[0.0,4.50566]},"93s":{"weight":0.0,"played":[0.0877,0.9123],"evs":[0.0,7.68732]},"94s":{"weight":0.0,"played":[0.505,0.495],"evs":[0.0,-0.60048]},"95s":{"weight":0.0,"played":[0.1153,0.8847],"evs":[0.0,15.11782]},"96s":{"weight":0.0,"played":[0.002,0.998],"evs":[0.0,6.51579]},"97s":{"weight":0.0605,"played":[9.0E-4,0.9991],"evs":[0.0,10.84212]},"98s":{"weight":0.0,"played":[2.0E-4,0.9998],"evs":[0.0,7.44362]},"99":{"weight":1.0E-4,"played":[1.0E-4,0.9999],"evs":[0.0,16.39606]},"T9o":{"weight":9.0E-4,"played":[0.0,1.0],"evs":[0.0,6.18375]},"J9o":{"weight":0.0031,"played":[0.0642,0.9358],"evs":[0.0,8.16894]},"Q9o":{"weight":0.0,"played":[0.0145,0.9855],"evs":[0.0,7.54632]},"K9o":{"weight":0.0033,"played":[3.0E-4,0.9997],"evs":[0.0,3.59885]},"A9o":{"weight":0.0,"played":[0.0013,0.9987],"evs":[0.0,10.52009]},"T2s":{"weight":0.0,"played":[0.5539,0.4461],"evs":[0.0,-1.86022]},"T3s":{"weight":0.0,"played":[0.0078,0.9922],"evs":[0.0,4.7157]},"T4s":{"weight":0.0,"played":[0.0915,0.9085],"evs":[0.0,8.12011]},"T5s":{"weight":0.0,"played":[0.1782,0.8218],"evs":[0.0,8.42644]},"T6s":{"weight":0.0,"played":[0.6404,0.3596],"evs":[0.0,6.29614]},"T7s":{"weight":0.2041,"played":[0.0448,0.9552],"evs":[0.0,8.18573]},"T8s":{"weight":8.0E-4,"played":[0.0013,0.9987],"evs":[0.0,2.53528]},"T9s":{"weight":2.0E-4,"played":[0.0129,0.9871],"evs":[0.0,12.25572]},"TT":{"weight":0.383,"played":[4.0E-4,0.9996],"evs":[0.0,18.26752]},"JTo":{"weight":6.0E-4,"played":[0.0069,0.9931],"evs":[0.0,9.70852]},"QTo":{"weight":0.0149,"played":[0.0064,0.9936],"evs":[0.0,8.47418]},"KTo":{"weight":0.0012,"played":[0.0332,0.9668],"evs":[0.0,9.83202]},"ATo":{"weight":0.0,"played":[4.0E-4,0.9996],"evs":[0.0,19.59423]},"J2s":{"weight":0.0,"played":[0.3027,0.6973],"evs":[0.0,3.73605]},"J3s":{"weight":0.0,"played":[0.0758,0.9242],"evs":[0.0,6.77825]},"J4s":{"weight":0.0,"played":[0.24,0.76],"evs":[0.0,8.81151]},"J5s":{"weight":0.0,"played":[0.103,0.897],"evs":[0.0,13.75944]},"J6s":{"weight":0.0,"played":[0.0769,0.9231],"evs":[0.0,7.95187]},"J7s":{"weight":0.2504,"played":[0.0124,0.9876],"evs":[0.0,7.72924]},"J8s":{"weight":0.0533,"played":[0.067,0.933],"evs":[0.0,6.30499]},"J9s":{"weight":0.0,"played":[0.3171,0.6829],"evs":[0.0,8.19223]},"JTs":{"weight":4.0E-4,"played":[0.0168,0.9832],"evs":[0.0,2.30833]},"JJ":{"weight":0.4327,"played":[0.0,1.0],"evs":[0.0,26.23282]},"QJo":{"weight":0.001,"played":[0.0013,0.9987],"evs":[0.0,6.62413]},"KJo":{"weight":0.0,"played":[0.0013,0.9987],"evs":[0.0,10.47614]},"AJo":{"weight":0.0,"played":[0.009,0.991],"evs":[0.0,14.54043]},"Q2s":{"weight":0.0,"played":[0.1091,0.8909],"evs":[0.0,15.25638]},"Q3s":{"weight":0.0,"played":[0.1074,0.8926],"evs":[0.0,10.99169]},"Q4s":{"weight":0.0,"played":[0.2401,0.7599],"evs":[0.0,8.63863]},"Q5s":{"weight":0.0,"played":[0.0528,0.9472],"evs":[0.0,3.46315]},"Q6s":{"weight":0.0,"played":[0.032,0.968],"evs":[0.0,8.59042]},"Q7s":{"weight":0.0503,"played":[0.0085,0.9915],"evs":[0.0,4.92741]},"Q8s":{"weight":0.0023,"played":[0.0098,0.9902],"evs":[0.0,6.5001]},"Q9s":{"weight":0.001,"played":[0.0049,0.9951],"evs":[0.0,11.51404]},"QTs":{"weight":9.0E-4,"played":[0.002,0.998],"evs":[0.0,11.11024]},"QJs":{"weight":0.0154,"played":[0.0317,0.9683],"evs":[0.0,12.55969]},"QQ":{"weight":0.2994,"played":[2.0E-4,0.9998],"evs":[0.0,23.71613]},"KQo":{"weight":0.0,"played":[0.0,1.0],"evs":[0.0,9.33243]},"AQo":{"weight":0.0,"played":[0.0,1.0],"evs":[0.0,19.67358]},"K2s":{"weight":0.0,"played":[0.1683,0.8317],"evs":[0.0,7.04754]},"K3s":{"weight":0.0,"played":[0.1603,0.8397],"evs":[0.0,6.9753]},"K4s":{"weight":1.0E-4,"played":[0.0107,0.9893],"evs":[0.0,4.33179]},"K5s":{"weight":0.0465,"played":[9.0E-4,0.9991],"evs":[0.0,5.42163]},"K6s":{"weight":3.0E-4,"played":[0.0259,0.9741],"evs":[0.0,12.87854]},"K7s":{"weight":0.0722,"played":[0.0049,0.9951],"evs":[0.0,5.54182]},"K8s":{"weight":0.2487,"played":[0.0167,0.9833],"evs":[0.0,10.54814]},"K9s":{"weight":0.0,"played":[0.1227,0.8773],"evs":[0.0,9.02838]},"KTs":{"weight":0.0,"played":[0.0855,0.9145],"evs":[0.0,11.86908]},"KJs":{"weight":4.0E-4,"played":[0.0287,0.9713],"evs":[0.0,7.39392]},"KQs":{"weight":0.0,"played":[0.008,0.992],"evs":[0.0,9.50229]},"KK":{"weight":0.0528,"played":[0.0,1.0],"evs":[0.0,34.39192]},"AKo":{"weight":7.0E-4,"played":[6.0E-4,0.9994],"evs":[0.0,17.68461]},"A2s":{"weight":0.0,"played":[0.0529,0.9471],"evs":[0.0,9.358]},"A3s":{"weight":0.0,"played":[7.0E-4,0.9993],"evs":[0.0,8.80041]},"A4s":{"weight":0.0,"played":[0.0762,0.9238],"evs":[0.0,12.05675]},"A5s":{"weight":0.0,"played":[0.0,1.0],"evs":[0.0,11.33241]},"A6s":{"weight":0.0023,"played":[7.0E-4,0.9993],"evs":[0.0,5.24968]},"A7s":{"weight":0.3466,"played":[0.006,0.994],"evs":[0.0,8.75024]},"A8s":{"weight":0.0229,"played":[0.0316,0.9684],"evs":[0.0,15.63998]},"A9s":{"weight":0.0049,"played":[0.0129,0.9871],"evs":[0.0,9.06492]},"ATs":{"weight":0.0,"played":[0.0054,0.9946],"evs":[0.0,18.75328]},"AJs":{"weight":0.166,"played":[0.0115,0.9885],"evs":[0.0,17.36338]},"AQs":{"weight":0.5715,"played":[0.0,1.0],"evs":[0.0,16.6275]},"AKs":{"weight":0.0706,"played":[0.0027,0.9973],"evs":[0.0,15.76406]},"AA":{"weight":7.0E-4,"played":[0.0,1.0],"evs":[0.0,39.40243]}}}