{"player":3,"street":0,"children":2,"sequence":[{"player":0,"type":"F","amount":0,"street":0},{"player":1,"type":"R","amount":200000,"street":0},{"player":2,"type":"C","amount":200000,"street":0},{"player":3,"type":"C","amount":150000,"street":0},{"player":4,"type":"R","amount":1015000,"street":0},{"player":1,"type":"R","amount":1635000,"street":0},{"player":2,"type":"F","amount":0,"street":0}],"actions":[{"type":"F","amount":0},{"type":"C","amount":1435000}],"hands":{"22":{"weight":0.6985,"played":[0.4468,0.5532],"evs":[0.0,0.77798]},"32o":{"weight":0.0,"played":[0.9966,0.0034],"evs":[0.0,-6.55102]},"42o":{"weight":0.0,"played":[1.0,0.0],"evs":[0.0,-4.81395]},"52o":{"weight":0.0,"played":[0.9917,0.0083],"evs":[0.0,-5.43037]},"62o":{"weight":0.0,"played":[0.9995,5.0E-4],"evs":[0.0,-5.61208]},"72o":{"weight":0.0,"played":[0.9993,7.0E-4],"evs":[0.0,-7.71371]},"82o":{"weight":0.0,"played":[0.9997,3.0E-4],"evs":[0.0,-7.1791]},"92o":{"weight":0.0,"played":[0.9993,7.0E-4],"evs":[0.0,-8.6698]},"T2o":{"weight":0.0,"played":[0.9999,1.0E-4],"evs":[0.0,-6.71851]},"J2o":{"weight":0.0,"played":[0.9988,0.0012],"evs":[0.0,-5.51304]},"Q2o":{"weight":0.0,"played":[0.9975,0.0025],"evs":[0.0,-6.91126]},"K2o":{"weight":0.0,"played":[0.9989,0.0011],"evs":[0.0,-4.88903]},"A2o":{"weight":0.0,"played":[0.9593,0.0407],"evs":[0.0,-1.83382]},"32s":{"weight":0.0,"played":[0.9247,0.0753],"evs":[0.0,-2.92932]},"33":{"weight":0.9798,"played":[0.0609,0.9391],"evs":[0.0,0.05269]},"43o":{"weight":0.0,"played":[0.9995,5.0E-4],"evs":[0.0,-7.46523]},"53o":{"weight":0.0,"played":[0.9653,0.0347],"evs":[0.0,-3.7213]},"63o":{"weight":0.0,"played":[0.9777,0.0223],"evs":[0.0,-1.58871]},"73o":{"weight":0.0,"played":[0.9965,0.0035],"evs":[0.0,-6.95766]},"83o":{"weight":0.0,"played":[0.9997,3.0E-4],"evs":[0.0,-6.46974]},"93o":{"weight":0.0,"played":[1.0,0.0],"evs":[0.0,-7.72311]},"T3o":{"weight":0.0,"played":[0.9999,1.0E-4],"evs":[0.0,-6.5207]},"J3o":{"weight":0.0,"played":[0.9984,0.0016],"evs":[0.0,-6.47641]},"Q3o":{"weight":0.0,"played":[0.9675,0.0325],"evs":[0.0,-3.6302]},"K3o":{"weight":0.0,"played":[0.9992,8.0E-4],"evs":[0.0,-5.11238]},"A3o":{"weight":1.0E-4,"played":[0.9997,3.0E-4],"evs":[0.0,-1.74754]},"42s":{"weight":0.0,"played":[0.9975,0.0025],"evs":[0.0,-0.92145]},"43s":{"weight":0.0,"played":[0.922,0.078],"evs":[0.0,-2.55091]},"44":{"weight":0.9511,"played":[0.5245,0.4755],"evs":[0.0,-0.72871]},"54o":{"weight":0.0,"played":[0.8773,0.1227],"evs":[0.0,-2.61228]},"64o":{"weight":0.0,"played":[0.9953,0.0047],"evs":[0.0,-2.97869]},"74o":{"weight":0.0,"played":[0.998,0.002],"evs":[0.0,-3.57334]},"84o":{"weight":0.0,"played":[0.9685,0.0315],"evs":[0.0,-4.50635]},"94o":{"weight":0.0,"played":[1.0,0.0],"evs":[0.0,-7.03967]},"T4o":{"weight":0.0,"played":[0.9896,0.0104],"evs":[0.0,-6.29502]},"J4o":{"weight":0.0,"played":[0.9999,1.0E-4],"evs":[0.0,-4.48199]},"Q4o":{"weight":0.0,"played":[0.9659,0.0341],"evs":[0.0,-5.72557]},"K4o":{"weight":0.0,"played":[0.9721,0.0279],"evs":[0.0,-2.17639]},"A4o":{"weight":1.0E-4,"played":[0.8267,0.1733],"evs":[0.0,-3.46258]},"52s":{"weight":0.0,"played":[0.9333,0.0667],"evs":[0.0,-4.16332]},"53s":{"weight":0.0,"played":[0.7734,0.2266],"evs":[0.0,-4.00077]},"54s":{"weight":2.0E-4,"played":[0.9589,0.0411],"evs":[0.0,-4.13037]},"55":{"weight":0.9643,"played":[0.461,0.539],"evs":[0.0,0.69472]},"65o":{"weight":0.0,"played":[0.9495,0.0505],"evs":[0.0,-3.04576]},"75o":{"weight":0.0,"played":[0.9975,0.0025],"evs":[0.0,-3.2206]},"85o":{"weight":0.0,"played":[0.918,0.082],"evs":[0.0,-6.32637]},"95o":{"weight":0.0,"played":[0.9996,4.0E-4],"evs":[0.0,-7.32861]},"T5o":{"weight":0.0,"played":[1.0,0.0],"evs":[0.0,-7.96241]},"J5o":{"weight":0.0,"played":[0.9436,0.0564],"evs":[0.0,-4.10316]},"Q5o":{"weight":0.0,"played":[0.9992,8.0E-4],"evs":[0.0,-3.17771]},"K5o":{"weight":0.0,"played":[0.9613,0.0387],"evs":[0.0,-2.38073]},"A5o":{"weight":7.0E-4,"played":[0.6488,0.3512],"evs":[0.0,0.77415]},"62s":{"weight":0.0,"played":[0.9593,0.0407],"evs":[0.0,-3.97945]},"63s":{"weight":0.0,"played":[0.9697,0.0303],"evs":[0.0,-7.39495]},"64s":{"weight":0.0,"played":[0.2542,0.7458],"evs":[0.0,1.79975]},"65s":{"weight":0.2402,"played":[0.1127,0.8873],"evs":[0.0,4.41993]},"66":{"weight":0.4888,"played":[0.0114,0.9886],"evs":[0.0,4.32459]},"76o":{"weight":0.0,"played":[0.9898,0.0102],"evs":[0.0,-4.91937]},"86o":{"weight":0.0,"played":[0.9828,0.0172],"evs":[0.0,-3.94203]},"96o":{"weight":0.0,"played":[0.9908,0.0092],"evs":[0.0,-6.26873]},"T6o":{"weight":0.0,"played":[0.9994,6.0E-4],"evs":[0.0,-5.35283]},"J6o":{"weight":0.0,"played":[0.9993,7.0E-4],"evs":[0.0,-6.98248]},"Q6o":{"weight":0.0,"played":[0.984,0.016],"evs":[0.0,-4.59578]},"K6o":{"weight":0.0,"played":[0.8618,0.1382],"evs":[0.0,-1.78705]},"A6o":{"weight":3.0E-4,"played":[0.8994,0.1006],"evs":[0.0,-2.00366]},"72s":{"weight":1.0E-4,"played":[0.9986,0.0014],"evs":[0.0,-5.184]},"73s":{"weight":1.0E-4,"played":[0.9926,0.0074],"evs":[0.0,-6.02788]},"74s":{"weight":1.0E-4,"played":[0.9991,9.0E-4],"evs":[0.0,-5.09598]},"75s":{"weight":0.0,"played":[0.7282,0.2718],"evs":[0.0,-2.60986]},"76s":{"weight":0.2559,"played":[0.3803,0.6197],"evs":[0.0,0.7862]},"77":{"weight":0.0317,"played":[0.1279,0.8721],"evs":[0.0,2.39325]},"87o":{"weight":0.0,"played":[0.9959,0.0041],"evs":[0.0,-3.45829]},"97o":{"weight":0.0,"played":[0.9966,0.0034],"evs":[0.0,-4.17063]},"T7o":{"weight":0.0,"played":[0.9994,6.0E-4],"evs":[0.0,-2.79072]},"J7o":{"weight":0.0,"played":[0.9887,0.0113],"evs":[0.0,-6.25611]},"Q7o":{"weight":0.0,"played":[0.9991,9.0E-4],"evs":[0.0,-1.98364]},"K7o":{"weight":0.0,"played":[0.9845,0.0155],"evs":[0.0,-1.29619]},"A7o":{"weight":0.0017,"played":[0.2031,0.7969],"evs":[0.0,-0.21916]},"82s":{"weight":0.0,"played":[0.9862,0.0138],"evs":[0.0,-3.65956]},"83s":{"weight":0.0,"played":[0.998,0.002],"evs":[0.0,-4.86937]},"84s":{"weight":0.0,"played":[0.8605,0.1395],"evs":[0.0,-3.02925]},"85s":{"weight":0.0,"played":[0.4937,0.5063],"evs":[0.0,-1.48828]},"86s":{"weight":0.0,"played":[0.9455,0.0545],"evs":[0.0,-2.95992]},"87s":{"weight":0.0037,"played":[0.3682,0.6318],"evs":[0.0,-1.02473]},"88":{"weight":0.0047,"played":[0.0023,0.9977],"evs":[0.0,4.25915]},"98o":{"weight":0.0,"played":[0.9941,0.0059],"evs":[0.0,-2.21044]},"T8o":{"weight":0.0,"played":[1.0,0.0],"evs":[0.0,-3.28412]},"J8o":{"weight":0.0,"played":[0.9979,0.0021],"evs":[0.0,-5.51504]},"Q8o":{"weight":0.0,"played":[0.944,0.056],"evs":[0.0,-2.86673]},"K8o":{"weight":0.0,"played":[0.9163,0.0837],"evs":[0.0,0.15712]},"A8o":{"weight":0.0492,"played":[0.9302,0.0698],"evs":[0.0,-2.16398]},"92s":{"weight":1.0E-4,"played":[0.9958,0.0042],"evs":[0.0,-5.55544]},"93s":{"weight":0.0,"played":[0.8366,0.1634],"evs":[0.0,-5.45549]},"94s":{"weight":0.0,"played":[0.965,0.035],"evs":[0.0,-3.56464]},"95s":{"weight":0.0,"played":[0.9998,2.0E-4],"evs":[0.0,-5.85935]},"96s":{"weight":0.0,"played":[0.7298,0.2702],"evs":[0.0,-2.0277]},"97s":{"weight":7.0E-4,"played":[0.0978,0.9022],"evs":[0.0,2.35188]},"98s":{"weight":1.0E-4,"played":[0.9375,0.0625],"evs":[0.0,-1.39833]},"99":{"weight":2.0E-4,"played":[0.0149,0.9851],"evs":[0.0,5.76611]},"T9o":{"weight":0.0,"played":[0.9853,0.0147],"evs":[0.0,-2.76788]},"J9o":{"weight":0.0,"played":[0.8873,0.1127],"evs":[0.0,-3.70839]},"Q9o":{"weight":1.0E-4,"played":[0.9968,0.0032],"evs":[0.0,-4.91115]},"K9o":{"weight":0.0,"played":[0.6773,0.3227],"evs":[0.0,-2.11326]},"A9o":{"weight":0.8794,"played":[0.018,0.982],"evs":[0.0,0.45117]},"T2s":{"weight":0.0,"played":[0.9575,0.0425],"evs":[0.0,-2.75974]},"T3s":{"weight":0.0,"played":[0.9972,0.0028],"evs":[0.0,-3.47715]},"T4s":{"weight":3.0E-4,"played":[0.9982,0.0018],"evs":[0.0,-4.50143]},"T5s":{"weight":0.0,"played":[0.9892,0.0108],"evs":[0.0,-5.66544]},"T6s":{"weight":0.0016,"played":[0.9831,0.0169],"evs":[0.0,-5.18591]},"T7s":{"weight":0.0013,"played":[0.9674,0.0326],"evs":[0.0,-3.09665]},"T8s":{"weight":2.0E-4,"played":[0.819,0.181],"evs":[0.0,-2.65901]},"T9s":{"weight":1.0E-4,"played":[0.9113,0.0887],"evs":[0.0,0.19909]},"TT":{"weight":0.0015,"played":[0.0044,0.9956],"evs":[0.0,5.57065]},"JTo":{"weight":0.0,"played":[0.6679,0.3321],"evs":[0.0,-0.92628]},"QTo":{"weight":3.0E-4,"played":[0.8003,0.1997],"evs":[0.0,-1.9708]},"KTo":{"weight":0.0,"played":[0.5573,0.4427],"evs":[0.0,-0.42856]},"ATo":{"weight":0.1689,"played":[0.2266,0.7734],"evs":[0.0,0.83764]},"J2s":{"weight":0.0,"played":[0.986,0.014],"evs":[0.0,-3.69351]},"J3s":{"weight":1.0E-4,"played":[0.8735,0.1265],"evs":[0.0,-1.81613]},"J4s":{"weight":3.0E-4,"played":[0.994,0.006],"evs":[0.0,-1.37368]},"J5s":{"weight":1.0E-4,"played":[0.991,0.009],"evs":[0.0,-1.36504]},"J6s":{"weight":1.0E-4,"played":[0.9739,0.0261],"evs":[0.0,-6.59122]},"J7s":{"weight":0.0021,"played":[0.9767,0.0233],"evs":[0.0,-4.9195]},"J8s":{"weight":0.0,"played":[0.9587,0.0413],"evs":[0.0,-1.54376]},"J9s":{"weight":0.0051,"played":[0.9179,0.0821],"evs":[0.0,-2.4268]},"JTs":{"weight":0.3621,"played":[0.8034,0.1966],"evs":[0.0,-0.08893]},"JJ":{"weight":0.0023,"played":[0.0,1.0],"evs":[0.0,10.72865]},"QJo":{"weight":8.0E-4,"played":[0.83,0.17],"evs":[0.0,-1.50562]},"KJo":{"weight":0.6714,"played":[0.1534,0.8466],"evs":[0.0,-0.13325]},"AJo":{"weight":0.0014,"played":[0.2626,0.7374],"evs":[0.0,-0.63751]},"Q2s":{"weight":0.0,"played":[0.9706,0.0294],"evs":[0.0,-4.81072]},"Q3s":{"weight":2.0E-4,"played":[0.743,0.257],"evs":[0.0,-3.47984]},"Q4s":{"weight":0.0,"played":[0.991,0.009],"evs":[0.0,-2.73077]},"Q5s":{"weight":5.0E-4,"played":[0.9638,0.0362],"evs":[0.0,-2.44302]},"Q6s":{"weight":7.0E-4,"played":[0.4998,0.5002],"evs":[0.0,-0.94455]},"Q7s":{"weight":0.002,"played":[0.7936,0.2064],"evs":[0.0,1.73288]},"Q8s":{"weight":0.0,"played":[0.918,0.082],"evs":[0.0,-3.4602]},"Q9s":{"weight":1.0E-4,"played":[0.1588,0.8412],"evs":[0.0,1.59614]},"QTs":{"weight":0.2373,"played":[0.3355,0.6645],"evs":[0.0,0.0374]},"QJs":{"weight":0.5748,"played":[0.3455,0.6545],"evs":[0.0,-0.2669]},"QQ":{"weight":0.0,"played":[0.0,1.0],"evs":[0.0,9.53923]},"KQo":{"weight":0.9961,"played":[0.0025,0.9975],"evs":[0.0,3.00418]},"AQo":{"weight":0.0,"played":[0.001,0.999],"evs":[0.0,2.75768]},"K2s":{"weight":1.0E-4,"played":[0.9611,0.0389],"evs":[0.0,-1.61251]},"K3s":{"weight":1.0E-4,"played":[0.82,0.18],"evs":[0.0,-1.91034]},"K4s":{"weight":0.003,"played":[0.414,0.586],"evs":[0.0,-1.2047]},"K5s":{"weight":0.0017,"played":[0.1315,0.8685],"evs":[0.0,0.65653]},"K6s":{"weight":0.1364,"played":[0.391,0.609],"evs":[0.0,1.21894]},"K7s":{"weight":2.0E-4,"played":[0.346,0.654],"evs":[0.0,0.36275]},"K8s":{"weight":0.3147,"played":[0.2342,0.7658],"evs":[0.0,5.42213]},"K9s":{"weight":0.6057,"played":[0.3775,0.6225],"evs":[0.0,0.70301]},"KTs":{"weight":0.514,"played":[0.0039,0.9961],"evs":[0.0,0.64355]},"KJs":{"weight":0.9966,"played":[0.0174,0.9826],"evs":[0.0,0.01933]},"KQs":{"weight":0.9909,"played":[0.0149,0.9851],"evs":[0.0,3.69125]},"KK":{"weight":0.0,"played":[0.0,1.0],"evs":[0.0,20.44441]},"AKo":{"weight":0.0,"played":[0.0141,0.9859],"evs":[0.0,5.35596]},"A2s":{"weight":0.4462,"played":[0.0283,0.9717],"evs":[0.0,1.86483]},"A3s":{"weight":0.7138,"played":[0.6234,0.3766],"evs":[0.0,-1.00559]},"A4s":{"weight":0.0093,"played":[0.4721,0.5279],"evs":[0.0,-0.79138]},"A5s":{"weight":0.0181,"played":[0.4533,0.5467],"evs":[0.0,0.66747]},"A6s":{"weight":0.1066,"played":[0.4199,0.5801],"evs":[0.0,2.38061]},"A7s":{"weight":0.0057,"played":[0.0693,0.9307],"evs":[0.0,3.52698]},"A8s":{"weight":0.3735,"played":[0.3881,0.6119],"evs":[0.0,0.00905]},"A9s":{"weight":0.7306,"played":[0.2602,0.7398],"evs":[0.0,0.19177]},"ATs":{"weight":0.1568,"played":[0.0773,0.9227],"evs":[0.0,6.27822]},"AJs":{"weight":0.0029,"played":[0.3785,0.6215],"evs":[0.0,0.59665]},"AQs":{"weight":0.1546,"played":[0.0211,0.9789],"evs":[0.0,6.73752]},"AKs":{"weight":0.0,"played":[0.0308,0.9692],"evs":[0.0,10.84812]},"AA":{"weight":0.3739,"played":[3.0E-4,0.9997],"evs":[0.0,23.69803]}}}