{"player":3,"street":0,"children":2,"sequence":[{"player":0,"type":"F","amount":0,"street":0},{"player":1,"type":"R","amount":200000,"street":0},{"player":2,"type":"C","amount":200000,"street":0},{"player":3,"type":"C","amount":150000,"street":0},{"player":4,"type":"R","amount":1015000,"street":0},{"player":1,"type":"R","amount":1635000,"street":0},{"player":2,"type":"C","amount":1145000,"street":0}],"actions":[{"type":"F","amount":0},{"type":"C","amount":1435000}],"hands":{"22":{"weight":0.6985,"played":[0.7806,0.2194],"evs":[0.0,-2.05468]},"32o":{"weight":0.0,"played":[1.0,0.0],"evs":[0.0,-6.55669]},"42o":{"weight":0.0,"played":[0.9973,0.0027],"evs":[0.0,-6.73363]},"52o":{"weight":0.0,"played":[0.9999,1.0E-4],"evs":[0.0,-4.77108]},"62o":{"weight":0.0,"played":[0.9998,2.0E-4],"evs":[0.0,-5.96242]},"72o":{"weight":0.0,"played":[1.0,0.0],"evs":[0.0,-8.26244]},"82o":{"weight":0.0,"played":[1.0,0.0],"evs":[0.0,-7.0075]},"92o":{"weight":0.0,"played":[0.9998,2.0E-4],"evs":[0.0,-5.56782]},"T2o":{"weight":0.0,"played":[0.9982,0.0018],"evs":[0.0,-7.11638]},"J2o":{"weight":0.0,"played":[0.9999,1.0E-4],"evs":[0.0,-8.85947]},"Q2o":{"weight":0.0,"played":[0.9994,6.0E-4],"evs":[0.0,-7.21652]},"K2o":{"weight":0.0,"played":[0.9997,3.0E-4],"evs":[0.0,-6.24111]},"A2o":{"weight":0.0,"played":[0.9975,0.0025],"evs":[0.0,-2.60054]},"32s":{"weight":0.0,"played":[0.9998,2.0E-4],"evs":[0.0,-5.4497]},"33":{"weight":0.9798,"played":[0.3689,0.6311],"evs":[0.0,-1.64587]},"43o":{"weight":0.0,"played":[0.9997,3.0E-4],"evs":[0.0,-5.01551]},"53o":{"weight":0.0,"played":[0.9979,0.0021],"evs":[0.0,-4.44725]},"63o":{"weight":0.0,"played":[0.9996,4.0E-4],"evs":[0.0,-5.33329]},"73o":{"weight":0.0,"played":[1.0,0.0],"evs":[0.0,-5.23011]},"83o":{"weight":0.0,"played":[0.9981,0.0019],"evs":[0.0,-8.42109]},"93o":{"weight":0.0,"played":[1.0,0.0],"evs":[0.0,-6.2003]},"T3o":{"weight":0.0,"played":[0.9995,5.0E-4],"evs":[0.0,-6.6735]},"J3o":{"weight":0.0,"played":[0.9983,0.0017],"evs":[0.0,-5.66846]},"Q3o":{"weight":0.0,"played":[0.9962,0.0038],"evs":[0.0,-5.71319]},"K3o":{"weight":0.0,"played":[0.9851,0.0149],"evs":[0.0,-4.74285]},"A3o":{"weight":1.0E-4,"played":[0.9882,0.0118],"evs":[0.0,-2.70081]},"42s":{"weight":0.0,"played":[0.9922,0.0078],"evs":[0.0,-6.40858]},"43s":{"weight":0.0,"played":[0.9119,0.0881],"evs":[0.0,-1.13057]},"44":{"weight":0.9511,"played":[0.8414,0.1586],"evs":[0.0,-1.47957]},"54o":{"weight":0.0,"played":[0.9984,0.0016],"evs":[0.0,-4.19375]},"64o":{"weight":0.0,"played":[1.0,0.0],"evs":[0.0,-4.158]},"74o":{"weight":0.0,"played":[1.0,0.0],"evs":[0.0,-5.37073]},"84o":{"weight":0.0,"played":[0.9998,2.0E-4],"evs":[0.0,-5.11334]},"94o":{"weight":0.0,"played":[1.0,0.0],"evs":[0.0,-6.24635]},"T4o":{"weight":0.0,"played":[1.0,0.0],"evs":[0.0,-8.80816]},"J4o":{"weight":0.0,"played":[0.9977,0.0023],"evs":[0.0,-6.88518]},"Q4o":{"weight":0.0,"played":[0.9986,0.0014],"evs":[0.0,-6.41197]},"K4o":{"weight":0.0,"played":[0.999,0.001],"evs":[0.0,-6.56132]},"A4o":{"weight":1.0E-4,"played":[0.8606,0.1394],"evs":[0.0,-1.0861]},"52s":{"weight":0.0,"played":[0.9361,0.0639],"evs":[0.0,-2.86209]},"53s":{"weight":0.0,"played":[0.7522,0.2478],"evs":[0.0,1.28714]},"54s":{"weight":2.0E-4,"played":[0.9934,0.0066],"evs":[0.0,-1.23761]},"55":{"weight":0.9643,"played":[0.7739,0.2261],"evs":[0.0,-1.63989]},"65o":{"weight":0.0,"played":[0.9664,0.0336],"evs":[0.0,-4.23666]},"75o":{"weight":0.0,"played":[0.9995,5.0E-4],"evs":[0.0,-5.06135]},"85o":{"weight":0.0,"played":[0.9964,0.0036],"evs":[0.0,-4.62074]},"95o":{"weight":0.0,"played":[0.9985,0.0015],"evs":[0.0,-5.54273]},"T5o":{"weight":0.0,"played":[0.9999,1.0E-4],"evs":[0.0,-6.88203]},"J5o":{"weight":0.0,"played":[0.9974,0.0026],"evs":[0.0,-6.05808]},"Q5o":{"weight":0.0,"played":[0.9868,0.0132],"evs":[0.0,-6.19144]},"K5o":{"weight":0.0,"played":[0.9992,8.0E-4],"evs":[0.0,-5.17862]},"A5o":{"weight":7.0E-4,"played":[0.9979,0.0021],"evs":[0.0,-1.66524]},"62s":{"weight":0.0,"played":[0.8263,0.1737],"evs":[0.0,-3.79946]},"63s":{"weight":0.0,"played":[0.9684,0.0316],"evs":[0.0,-3.82184]},"64s":{"weight":0.0,"played":[0.5748,0.4252],"evs":[0.0,-1.14958]},"65s":{"weight":0.2402,"played":[0.7446,0.2554],"evs":[0.0,-2.04565]},"66":{"weight":0.4888,"played":[0.1251,0.8749],"evs":[0.0,1.30439]},"76o":{"weight":0.0,"played":[0.9779,0.0221],"evs":[0.0,-2.20158]},"86o":{"weight":0.0,"played":[0.981,0.019],"evs":[0.0,-3.14981]},"96o":{"weight":0.0,"played":[0.9996,4.0E-4],"evs":[0.0,-5.8617]},"T6o":{"weight":0.0,"played":[0.9993,7.0E-4],"evs":[0.0,-5.14228]},"J6o":{"weight":0.0,"played":[0.992,0.008],"evs":[0.0,-7.06577]},"Q6o":{"weight":0.0,"played":[0.9996,4.0E-4],"evs":[0.0,-4.74217]},"K6o":{"weight":0.0,"played":[0.9996,4.0E-4],"evs":[0.0,-2.29143]},"A6o":{"weight":3.0E-4,"played":[0.9879,0.0121],"evs":[0.0,-3.67547]},"72s":{"weight":1.0E-4,"played":[0.9685,0.0315],"evs":[0.0,-3.66952]},"73s":{"weight":1.0E-4,"played":[0.9465,0.0535],"evs":[0.0,-4.49463]},"74s":{"weight":1.0E-4,"played":[0.8974,0.1026],"evs":[0.0,-5.18679]},"75s":{"weight":0.0,"played":[0.7107,0.2893],"evs":[0.0,-4.22477]},"76s":{"weight":0.2559,"played":[0.9245,0.0755],"evs":[0.0,-3.04451]},"77":{"weight":0.0317,"played":[0.0288,0.9712],"evs":[0.0,2.0143]},"87o":{"weight":0.0,"played":[0.975,0.025],"evs":[0.0,-3.10496]},"97o":{"weight":0.0,"played":[0.9999,1.0E-4],"evs":[0.0,-4.41674]},"T7o":{"weight":0.0,"played":[0.9971,0.0029],"evs":[0.0,-6.04197]},"J7o":{"weight":0.0,"played":[1.0,0.0],"evs":[0.0,-4.63696]},"Q7o":{"weight":0.0,"played":[0.9996,4.0E-4],"evs":[0.0,-5.21595]},"K7o":{"weight":0.0,"played":[0.9846,0.0154],"evs":[0.0,-2.60944]},"A7o":{"weight":0.0017,"played":[0.8298,0.1702],"evs":[0.0,-3.48503]},"82s":{"weight":0.0,"played":[0.9994,6.0E-4],"evs":[0.0,-3.99568]},"83s":{"weight":0.0,"played":[0.9701,0.0299],"evs":[0.0,-6.27479]},"84s":{"weight":0.0,"played":[0.6167,0.3833],"evs":[0.0,-1.72813]},"85s":{"weight":0.0,"played":[0.999,0.001],"evs":[0.0,-3.38841]},"86s":{"weight":0.0,"played":[0.9808,0.0192],"evs":[0.0,-2.21197]},"87s":{"weight":0.0037,"played":[0.5989,0.4011],"evs":[0.0,0.60991]},"88":{"weight":0.0047,"played":[5.0E-4,0.9995],"evs":[0.0,3.64005]},"98o":{"weight":0.0,"played":[0.9987,0.0013],"evs":[0.0,-2.88305]},"T8o":{"weight":0.0,"played":[0.9793,0.0207],"evs":[0.0,-5.34071]},"J8o":{"weight":0.0,"played":[0.9992,8.0E-4],"evs":[0.0,-3.34245]},"Q8o":{"weight":0.0,"played":[0.9976,0.0024],"evs":[0.0,-5.07405]},"K8o":{"weight":0.0,"played":[0.9983,0.0017],"evs":[0.0,-4.9189]},"A8o":{"weight":0.0492,"played":[0.8634,0.1366],"evs":[0.0,-2.04605]},"92s":{"weight":1.0E-4,"played":[0.9967,0.0033],"evs":[0.0,-5.36508]},"93s":{"weight":0.0,"played":[0.9994,6.0E-4],"evs":[0.0,-4.51256]},"94s":{"weight":0.0,"played":[0.9867,0.0133],"evs":[0.0,-5.20041]},"95s":{"weight":0.0,"played":[0.9996,4.0E-4],"evs":[0.0,-3.77892]},"96s":{"weight":0.0,"played":[0.4942,0.5058],"evs":[0.0,1.32319]},"97s":{"weight":7.0E-4,"played":[0.9857,0.0143],"evs":[0.0,-0.42397]},"98s":{"weight":1.0E-4,"played":[0.8825,0.1175],"evs":[0.0,1.26445]},"99":{"weight":2.0E-4,"played":[0.1052,0.8948],"evs":[0.0,0.42448]},"T9o":{"weight":0.0,"played":[0.9965,0.0035],"evs":[0.0,-4.43592]},"J9o":{"weight":0.0,"played":[0.998,0.002],"evs":[0.0,-5.20768]},"Q9o":{"weight":1.0E-4,"played":[0.9965,0.0035],"evs":[0.0,-4.39728]},"K9o":{"weight":0.0,"played":[0.9998,2.0E-4],"evs":[0.0,-3.52523]},"A9o":{"weight":0.8794,"played":[0.4929,0.5071],"evs":[0.0,-0.13077]},"T2s":{"weight":0.0,"played":[0.9809,0.0191],"evs":[0.0,-6.2591]},"T3s":{"weight":0.0,"played":[0.795,0.205],"evs":[0.0,-2.20466]},"T4s":{"weight":3.0E-4,"played":[0.9967,0.0033],"evs":[0.0,-6.96334]},"T5s":{"weight":0.0,"played":[0.9931,0.0069],"evs":[0.0,-4.05315]},"T6s":{"weight":0.0016,"played":[0.8946,0.1054],"evs":[0.0,-6.0605]},"T7s":{"weight":0.0013,"played":[0.9985,0.0015],"evs":[0.0,-2.16405]},"T8s":{"weight":2.0E-4,"played":[0.9993,7.0E-4],"evs":[0.0,-4.30261]},"T9s":{"weight":1.0E-4,"played":[0.4218,0.5782],"evs":[0.0,1.121]},"TT":{"weight":0.0015,"played":[0.0,1.0],"evs":[0.0,5.47736]},"JTo":{"weight":0.0,"played":[0.7742,0.2258],"evs":[0.0,-2.36927]},"QTo":{"weight":3.0E-4,"played":[0.9946,0.0054],"evs":[0.0,-2.87023]},"KTo":{"weight":0.0,"played":[0.6819,0.3181],"evs":[0.0,0.84957]},"ATo":{"weight":0.1689,"played":[0.0091,0.9909],"evs":[0.0,1.70412]},"J2s":{"weight":0.0,"played":[0.9963,0.0037],"evs":[0.0,-3.04423]},"J3s":{"weight":1.0E-4,"played":[0.9952,0.0048],"evs":[0.0,-6.161]},"J4s":{"weight":3.0E-4,"played":[0.8537,0.1463],"evs":[0.0,-4.06861]},"J5s":{"weight":1.0E-4,"played":[0.9973,0.0027],"evs":[0.0,-4.88861]},"J6s":{"weight":1.0E-4,"played":[0.9623,0.0377],"evs":[0.0,-0.80685]},"J7s":{"weight":0.0021,"played":[0.9998,2.0E-4],"evs":[0.0,-5.6284]},"J8s":{"weight":0.0,"played":[0.3736,0.6264],"evs":[0.0,0.40893]},"J9s":{"weight":0.0051,"played":[0.2427,0.7573],"evs":[0.0,0.17045]},"JTs":{"weight":0.3621,"played":[0.1001,0.8999],"evs":[0.0,-1.11864]},"JJ":{"weight":0.0023,"played":[0.0,1.0],"evs":[0.0,9.09166]},"QJo":{"weight":8.0E-4,"played":[0.9131,0.0869],"evs":[0.0,-2.21514]},"KJo":{"weight":0.6714,"played":[0.7837,0.2163],"evs":[0.0,-1.88905]},"AJo":{"weight":0.0014,"played":[0.0076,0.9924],"evs":[0.0,2.51025]},"Q2s":{"weight":0.0,"played":[0.9991,9.0E-4],"evs":[0.0,-5.81081]},"Q3s":{"weight":2.0E-4,"played":[0.9599,0.0401],"evs":[0.0,-3.33597]},"Q4s":{"weight":0.0,"played":[0.7719,0.2281],"evs":[0.0,-5.7127]},"Q5s":{"weight":5.0E-4,"played":[0.9068,0.0932],"evs":[0.0,-3.79088]},"Q6s":{"weight":7.0E-4,"played":[0.9801,0.0199],"evs":[0.0,-1.63401]},"Q7s":{"weight":0.002,"played":[0.9992,8.0E-4],"evs":[0.0,-2.80189]},"Q8s":{"weight":0.0,"played":[0.8081,0.1919],"evs":[0.0,0.02042]},"Q9s":{"weight":1.0E-4,"played":[0.987,0.013],"evs":[0.0,-4.73585]},"QTs":{"weight":0.2373,"played":[0.2896,0.7104],"evs":[0.0,-0.74758]},"QJs":{"weight":0.5748,"played":[0.0037,0.9963],"evs":[0.0,1.67222]},"QQ":{"weight":0.0,"played":[0.0,1.0],"evs":[0.0,12.1998]},"KQo":{"weight":0.9961,"played":[0.7732,0.2268],"evs":[0.0,-0.45311]},"AQo":{"weight":0.0,"played":[0.0219,0.9781],"evs":[0.0,3.26655]},"K2s":{"weight":1.0E-4,"played":[0.9873,0.0127],"evs":[0.0,-2.74702]},"K3s":{"weight":1.0E-4,"played":[0.5768,0.4232],"evs":[0.0,-0.16386]},"K4s":{"weight":0.003,"played":[0.6069,0.3931],"evs":[0.0,-2.43032]},"K5s":{"weight":0.0017,"played":[0.9553,0.0447],"evs":[0.0,-2.4788]},"K6s":{"weight":0.1364,"played":[0.7681,0.2319],"evs":[0.0,-2.76199]},"K7s":{"weight":2.0E-4,"played":[0.9021,0.0979],"evs":[0.0,-2.41578]},"K8s":{"weight":0.3147,"played":[0.9623,0.0377],"evs":[0.0,-2.38256]},"K9s":{"weight":0.6057,"played":[0.13,0.87],"evs":[0.0,2.80633]},"KTs":{"weight":0.514,"played":[0.0204,0.9796],"evs":[0.0,0.58685]},"KJs":{"weight":0.9966,"played":[9.0E-4,0.9991],"evs":[0.0,3.60292]},"KQs":{"weight":0.9909,"played":[0.0413,0.9587],"evs":[0.0,3.36751]},"KK":{"weight":0.0,"played":[0.0,1.0],"evs":[0.0,14.13656]},"AKo":{"weight":0.0,"played":[6.0E-4,0.9994],"evs":[0.0,6.33339]},"A2s":{"weight":0.4462,"played":[0.8551,0.1449],"evs":[0.0,-0.7117]},"A3s":{"weight":0.7138,"played":[0.0481,0.9519],"evs":[0.0,0.90988]},"A4s":{"weight":0.0093,"played":[0.6221,0.3779],"evs":[0.0,1.13468]},"A5s":{"weight":0.0181,"played":[0.1393,0.8607],"evs":[0.0,1.19905]},"A6s":{"weight":0.1066,"played":[0.4458,0.5542],"evs":[0.0,1.68341]},"A7s":{"weight":0.0057,"played":[0.4865,0.5135],"evs":[0.0,-1.21971]},"A8s":{"weight":0.3735,"played":[0.1029,0.8971],"evs":[0.0,2.50241]},"A9s":{"weight":0.7306,"played":[0.007,0.993],"evs":[0.0,2.49633]},"ATs":{"weight":0.1568,"played":[0.0055,0.9945],"evs":[0.0,3.78673]},"AJs":{"weight":0.0029,"played":[0.002,0.998],"evs":[0.0,5.31602]},"AQs":{"weight":0.1546,"played":[0.0021,0.9979],"evs":[0.0,6.85561]},"AKs":{"weight":0.0,"played":[0.0,1.0],"evs":[0.0,1.95567]},"AA":{"weight":0.3739,"played":[1.0E-4,0.9999],"evs":[0.0,30.16615]}}}