{"player":2,"street":0,"children":2,"sequence":[{"player":0,"type":"F","amount":0,"street":0},{"player":1,"type":"R","amount":200000,"street":0},{"player":2,"type":"C","amount":200000,"street":0},{"player":3,"type":"R","amount":1635000,"street":0},{"player":4,"type":"F","amount":0,"street":0},{"player":1,"type":"C","amount":1435000,"street":0}],"actions":[{"type":"F","amount":0},{"type":"C","amount":1145000}],"hands":{"22":{"weight":0.0,"played":[0.9999,1.0E-4],"evs":[0.0,-2.76681]},"32o":{"weight":0.0,"played":[1.0,0.0],"evs":[0.0,-6.24936]},"42o":{"weight":0.0,"played":[1.0,0.0],"evs":[0.0,-5.68224]},"52o":{"weight":0.0,"played":[1.0,0.0],"evs":[0.0,-5.9884]},"62o":{"weight":0.0,"played":[1.0,0.0],"evs":[0.0,-6.56477]},"72o":{"weight":0.0,"played":[1.0,0.0],"evs":[0.0,-7.17023]},"82o":{"weight":0.0,"played":[1.0,0.0],"evs":[0.0,-6.89718]},"92o":{"weight":0.0,"played":[1.0,0.0],"evs":[0.0,-6.76317]},"T2o":{"weight":0.0,"played":[1.0,0.0],"evs":[0.0,-6.95745]},"J2o":{"weight":0.0,"played":[1.0,0.0],"evs":[0.0,-6.66871]},"Q2o":{"weight":0.0,"played":[1.0,0.0],"evs":[0.0,-6.14254]},"K2o":{"weight":0.0,"played":[1.0,0.0],"evs":[0.0,-5.19996]},"A2o":{"weight":0.0,"played":[0.9999,1.0E-4],"evs":[0.0,-5.72932]},"32s":{"weight":0.0,"played":[1.0,0.0],"evs":[0.0,-3.97283]},"33":{"weight":0.0,"played":[1.0,0.0],"evs":[0.0,-2.63563]},"43o":{"weight":0.0,"played":[1.0,0.0],"evs":[0.0,-5.08443]},"53o":{"weight":0.0,"played":[1.0,0.0],"evs":[0.0,-4.65635]},"63o":{"weight":0.0,"played":[1.0,0.0],"evs":[0.0,-5.57473]},"73o":{"weight":0.0,"played":[1.0,0.0],"evs":[0.0,-6.57873]},"83o":{"weight":0.0,"played":[1.0,0.0],"evs":[0.0,-6.80762]},"93o":{"weight":0.0,"played":[1.0,0.0],"evs":[0.0,-6.83949]},"T3o":{"weight":0.0,"played":[1.0,0.0],"evs":[0.0,-6.75948]},"J3o":{"weight":0.0,"played":[1.0,0.0],"evs":[0.0,-6.34671]},"Q3o":{"weight":0.0,"played":[1.0,0.0],"evs":[0.0,-6.05365]},"K3o":{"weight":0.0,"played":[1.0,0.0],"evs":[0.0,-5.18979]},"A3o":{"weight":0.0,"played":[1.0,0.0],"evs":[0.0,-5.61862]},"42s":{"weight":0.0,"played":[1.0,0.0],"evs":[0.0,-4.16832]},"43s":{"weight":0.0,"played":[0.9998,2.0E-4],"evs":[0.0,-3.46344]},"44":{"weight":0.6878,"played":[0.9997,3.0E-4],"evs":[0.0,-2.69898]},"54o":{"weight":0.0,"played":[1.0,0.0],"evs":[0.0,-4.21301]},"64o":{"weight":0.0,"played":[1.0,0.0],"evs":[0.0,-4.87602]},"74o":{"weight":0.0,"played":[1.0,0.0],"evs":[0.0,-5.41151]},"84o":{"weight":0.0,"played":[1.0,0.0],"evs":[0.0,-6.24106]},"94o":{"weight":0.0,"played":[1.0,0.0],"evs":[0.0,-6.92612]},"T4o":{"weight":0.0,"played":[1.0,0.0],"evs":[0.0,-6.50164]},"J4o":{"weight":0.0,"played":[1.0,0.0],"evs":[0.0,-6.63113]},"Q4o":{"weight":0.0,"played":[1.0,0.0],"evs":[0.0,-5.99949]},"K4o":{"weight":0.0,"played":[0.9999,1.0E-4],"evs":[0.0,-4.93009]},"A4o":{"weight":0.0,"played":[0.9998,2.0E-4],"evs":[0.0,-5.61606]},"52s":{"weight":0.0,"played":[0.9999,1.0E-4],"evs":[0.0,-4.54505]},"53s":{"weight":0.0,"played":[0.9995,5.0E-4],"evs":[0.0,-2.84906]},"54s":{"weight":0.0,"played":[0.9998,2.0E-4],"evs":[0.0,-2.40421]},"55":{"weight":0.2247,"played":[0.9992,8.0E-4],"evs":[0.0,-2.62119]},"65o":{"weight":0.0,"played":[1.0,0.0],"evs":[0.0,-3.76154]},"75o":{"weight":0.0,"played":[1.0,0.0],"evs":[0.0,-4.95517]},"85o":{"weight":0.0,"played":[1.0,0.0],"evs":[0.0,-5.45453]},"95o":{"weight":0.0,"played":[1.0,0.0],"evs":[0.0,-5.94738]},"T5o":{"weight":0.0,"played":[1.0,0.0],"evs":[0.0,-6.60155]},"J5o":{"weight":0.0,"played":[1.0,0.0],"evs":[0.0,-6.46497]},"Q5o":{"weight":0.0,"played":[1.0,0.0],"evs":[0.0,-5.86299]},"K5o":{"weight":0.0,"played":[1.0,0.0],"evs":[0.0,-5.00011]},"A5o":{"weight":0.1004,"played":[1.0,0.0],"evs":[0.0,-5.09938]},"62s":{"weight":0.0,"played":[0.9998,2.0E-4],"evs":[0.0,-4.96252]},"63s":{"weight":0.0,"played":[1.0,0.0],"evs":[0.0,-3.81772]},"64s":{"weight":0.0,"played":[0.9998,2.0E-4],"evs":[0.0,-3.30223]},"65s":{"weight":0.0,"played":[0.9966,0.0034],"evs":[0.0,-2.78946]},"66":{"weight":0.0919,"played":[0.9979,0.0021],"evs":[0.0,-2.3945]},"76o":{"weight":0.0,"played":[0.9999,1.0E-4],"evs":[0.0,-4.53084]},"86o":{"weight":0.0,"played":[0.9999,1.0E-4],"evs":[0.0,-4.67073]},"96o":{"weight":0.0,"played":[1.0,0.0],"evs":[0.0,-5.14359]},"T6o":{"weight":0.0,"played":[1.0,0.0],"evs":[0.0,-6.1224]},"J6o":{"weight":0.0,"played":[1.0,0.0],"evs":[0.0,-6.46198]},"Q6o":{"weight":0.0,"played":[1.0,0.0],"evs":[0.0,-5.76603]},"K6o":{"weight":0.0,"played":[0.9998,2.0E-4],"evs":[0.0,-5.11117]},"A6o":{"weight":0.0,"played":[0.9999,1.0E-4],"evs":[0.0,-5.89738]},"72s":{"weight":0.0,"played":[1.0,0.0],"evs":[0.0,-5.51749]},"73s":{"weight":0.0,"played":[1.0,0.0],"evs":[0.0,-4.46744]},"74s":{"weight":0.0,"played":[1.0,0.0],"evs":[0.0,-3.52812]},"75s":{"weight":0.0,"played":[0.9993,7.0E-4],"evs":[0.0,-3.20479]},"76s":{"weight":0.0,"played":[0.9996,4.0E-4],"evs":[0.0,-3.02446]},"77":{"weight":0.3565,"played":[0.9955,0.0045],"evs":[0.0,-1.74893]},"87o":{"weight":0.0,"played":[1.0,0.0],"evs":[0.0,-4.61338]},"97o":{"weight":0.0,"played":[1.0,0.0],"evs":[0.0,-4.77814]},"T7o":{"weight":0.0,"played":[1.0,0.0],"evs":[0.0,-5.56998]},"J7o":{"weight":0.0,"played":[1.0,0.0],"evs":[0.0,-5.83236]},"Q7o":{"weight":0.0,"played":[1.0,0.0],"evs":[0.0,-5.86541]},"K7o":{"weight":0.0,"played":[0.9999,1.0E-4],"evs":[0.0,-4.78482]},"A7o":{"weight":1.0E-4,"played":[1.0,0.0],"evs":[0.0,-5.78877]},"82s":{"weight":0.0,"played":[1.0,0.0],"evs":[0.0,-4.64832]},"83s":{"weight":0.0,"played":[0.9998,2.0E-4],"evs":[0.0,-4.47991]},"84s":{"weight":0.0,"played":[1.0,0.0],"evs":[0.0,-4.02935]},"85s":{"weight":0.0,"played":[1.0,0.0],"evs":[0.0,-3.63441]},"86s":{"weight":0.0,"played":[0.9998,2.0E-4],"evs":[0.0,-3.50732]},"87s":{"weight":0.0,"played":[0.999,0.001],"evs":[0.0,-2.80865]},"88":{"weight":0.0866,"played":[0.9941,0.0059],"evs":[0.0,-1.35375]},"98o":{"weight":0.0,"played":[0.9999,1.0E-4],"evs":[0.0,-4.72959]},"T8o":{"weight":0.0,"played":[1.0,0.0],"evs":[0.0,-4.63217]},"J8o":{"weight":0.0,"played":[1.0,0.0],"evs":[0.0,-5.1769]},"Q8o":{"weight":0.0,"played":[1.0,0.0],"evs":[0.0,-5.29568]},"K8o":{"weight":0.0,"played":[1.0,0.0],"evs":[0.0,-4.7326]},"A8o":{"weight":0.0542,"played":[0.9999,1.0E-4],"evs":[0.0,-5.83013]},"92s":{"weight":0.0,"played":[1.0,0.0],"evs":[0.0,-5.00189]},"93s":{"weight":0.0,"played":[1.0,0.0],"evs":[0.0,-4.93306]},"94s":{"weight":0.0,"played":[1.0,0.0],"evs":[0.0,-4.64596]},"95s":{"weight":0.0,"played":[0.9998,2.0E-4],"evs":[0.0,-4.04238]},"96s":{"weight":0.0,"played":[0.9999,1.0E-4],"evs":[0.0,-3.90524]},"97s":{"weight":0.0,"played":[0.9997,3.0E-4],"evs":[0.0,-3.22967]},"98s":{"weight":0.0,"played":[0.9944,0.0056],"evs":[0.0,-2.82777]},"99":{"weight":0.0186,"played":[0.9761,0.0239],"evs":[0.0,-0.62304]},"T9o":{"weight":0.0,"played":[1.0,0.0],"evs":[0.0,-4.13758]},"J9o":{"weight":0.0,"played":[0.9999,1.0E-4],"evs":[0.0,-4.55795]},"Q9o":{"weight":0.0,"played":[1.0,0.0],"evs":[0.0,-4.72746]},"K9o":{"weight":0.0,"played":[0.9997,3.0E-4],"evs":[0.0,-4.35284]},"A9o":{"weight":0.5787,"played":[0.9995,5.0E-4],"evs":[0.0,-5.70348]},"T2s":{"weight":0.0,"played":[0.9999,1.0E-4],"evs":[0.0,-4.86396]},"T3s":{"weight":0.0,"played":[1.0,0.0],"evs":[0.0,-4.49153]},"T4s":{"weight":0.0,"played":[0.9997,3.0E-4],"evs":[0.0,-4.19573]},"T5s":{"weight":0.0,"played":[0.9994,6.0E-4],"evs":[0.0,-4.36049]},"T6s":{"weight":0.0,"played":[0.9999,1.0E-4],"evs":[0.0,-4.3238]},"T7s":{"weight":0.0,"played":[0.9989,0.0011],"evs":[0.0,-3.21923]},"T8s":{"weight":0.0,"played":[0.9998,2.0E-4],"evs":[0.0,-3.26645]},"T9s":{"weight":0.0,"played":[0.9988,0.0012],"evs":[0.0,-2.56131]},"TT":{"weight":4.0E-4,"played":[0.2363,0.7637],"evs":[0.0,0.16029]},"JTo":{"weight":0.0,"played":[1.0,0.0],"evs":[0.0,-4.1556]},"QTo":{"weight":0.0,"played":[0.9998,2.0E-4],"evs":[0.0,-4.4349]},"KTo":{"weight":0.0228,"played":[0.9995,5.0E-4],"evs":[0.0,-3.64804]},"ATo":{"weight":0.0,"played":[0.9995,5.0E-4],"evs":[0.0,-4.52869]},"J2s":{"weight":0.0,"played":[1.0,0.0],"evs":[0.0,-4.62093]},"J3s":{"weight":0.0,"played":[0.9999,1.0E-4],"evs":[0.0,-4.60921]},"J4s":{"weight":0.0,"played":[0.9998,2.0E-4],"evs":[0.0,-4.05938]},"J5s":{"weight":0.0,"played":[0.9991,9.0E-4],"evs":[0.0,-5.07344]},"J6s":{"weight":0.0,"played":[0.9993,7.0E-4],"evs":[0.0,-3.70497]},"J7s":{"weight":0.0,"played":[1.0,0.0],"evs":[0.0,-3.81006]},"J8s":{"weight":0.0,"played":[0.9998,2.0E-4],"evs":[0.0,-3.97038]},"J9s":{"weight":0.0,"played":[0.9997,3.0E-4],"evs":[0.0,-3.71117]},"JTs":{"weight":0.9514,"played":[0.9989,0.0011],"evs":[0.0,-2.52249]},"JJ":{"weight":0.0,"played":[0.0,1.0],"evs":[0.0,3.01537]},"QJo":{"weight":0.4192,"played":[0.9993,7.0E-4],"evs":[0.0,-3.7074]},"KJo":{"weight":0.2408,"played":[0.9987,0.0013],"evs":[0.0,-3.60381]},"AJo":{"weight":0.0,"played":[0.9984,0.0016],"evs":[0.0,-3.36959]},"Q2s":{"weight":0.0,"played":[0.9998,2.0E-4],"evs":[0.0,-3.80549]},"Q3s":{"weight":0.0,"played":[1.0,0.0],"evs":[0.0,-4.02352]},"Q4s":{"weight":0.0,"played":[1.0,0.0],"evs":[0.0,-4.11382]},"Q5s":{"weight":0.0,"played":[0.9985,0.0015],"evs":[0.0,-3.37738]},"Q6s":{"weight":0.0,"played":[1.0,0.0],"evs":[0.0,-4.08396]},"Q7s":{"weight":0.0,"played":[0.9996,4.0E-4],"evs":[0.0,-3.78856]},"Q8s":{"weight":0.0,"played":[0.9999,1.0E-4],"evs":[0.0,-3.33781]},"Q9s":{"weight":0.0,"played":[0.999,0.001],"evs":[0.0,-3.03589]},"QTs":{"weight":0.6744,"played":[0.999,0.001],"evs":[0.0,-2.5877]},"QJs":{"weight":0.0083,"played":[0.9978,0.0022],"evs":[0.0,-1.26821]},"QQ":{"weight":3.0E-4,"played":[0.0,1.0],"evs":[0.0,7.33335]},"KQo":{"weight":0.0034,"played":[0.9992,8.0E-4],"evs":[0.0,-2.69592]},"AQo":{"weight":0.0,"played":[0.992,0.008],"evs":[0.0,-0.76924]},"K2s":{"weight":0.0,"played":[0.9998,2.0E-4],"evs":[0.0,-3.11436]},"K3s":{"weight":0.0,"played":[0.9998,2.0E-4],"evs":[0.0,-2.64186]},"K4s":{"weight":0.0,"played":[0.9999,1.0E-4],"evs":[0.0,-3.11735]},"K5s":{"weight":0.0,"played":[0.9982,0.0018],"evs":[0.0,-2.46138]},"K6s":{"weight":0.0,"played":[0.9978,0.0022],"evs":[0.0,-3.3194]},"K7s":{"weight":0.0231,"played":[0.9997,3.0E-4],"evs":[0.0,-3.23641]},"K8s":{"weight":1.0E-4,"played":[0.9999,1.0E-4],"evs":[0.0,-3.16488]},"K9s":{"weight":0.9937,"played":[0.9991,9.0E-4],"evs":[0.0,-2.29781]},"KTs":{"weight":0.6739,"played":[0.9998,2.0E-4],"evs":[0.0,-1.74589]},"KJs":{"weight":0.0,"played":[0.9713,0.0287],"evs":[0.0,-1.96016]},"KQs":{"weight":0.009,"played":[0.8735,0.1265],"evs":[0.0,-1.32105]},"KK":{"weight":0.2237,"played":[0.0,1.0],"evs":[0.0,12.68691]},"AKo":{"weight":0.0,"played":[0.0,1.0],"evs":[0.0,1.82146]},"A2s":{"weight":0.0026,"played":[0.9995,5.0E-4],"evs":[0.0,-4.09409]},"A3s":{"weight":0.0072,"played":[0.9978,0.0022],"evs":[0.0,-3.17639]},"A4s":{"weight":1.0E-4,"played":[0.9972,0.0028],"evs":[0.0,-3.61819]},"A5s":{"weight":0.01,"played":[0.9998,2.0E-4],"evs":[0.0,-2.95272]},"A6s":{"weight":0.0325,"played":[0.9994,6.0E-4],"evs":[0.0,-3.81787]},"A7s":{"weight":0.0044,"played":[0.9995,5.0E-4],"evs":[0.0,-3.78373]},"A8s":{"weight":0.0,"played":[0.9992,8.0E-4],"evs":[0.0,-3.532]},"A9s":{"weight":0.238,"played":[0.9986,0.0014],"evs":[0.0,-3.149]},"ATs":{"weight":0.3169,"played":[0.9854,0.0146],"evs":[0.0,-2.46123]},"AJs":{"weight":0.0022,"played":[0.9699,0.0301],"evs":[0.0,-1.04131]},"AQs":{"weight":6.0E-4,"played":[0.0,1.0],"evs":[0.0,1.04176]},"AKs":{"weight":0.0,"played":[1.0E-4,0.9999],"evs":[0.0,2.99157]},"AA":{"weight":1.0,"played":[0.0,1.0],"evs":[0.0,20.7274]}}}