{"player":1,"street":0,"children":2,"sequence":[{"player":0,"type":"F","amount":0,"street":0},{"player":1,"type":"R","amount":200000,"street":0},{"player":2,"type":"C","amount":200000,"street":0},{"player":3,"type":"R","amount":1635000,"street":0},{"player":4,"type":"C","amount":915000,"street":0}],"actions":[{"type":"F","amount":0,"node":64},{"type":"C","amount":1435000,"node":65}],"hands":{"22":{"weight":0.0,"played":[0.5542,0.4458],"evs":[0.0,-0.4827]},"32o":{"weight":0.0,"played":[1.0,0.0],"evs":[0.0,-4.7157]},"42o":{"weight":0.0,"played":[0.9998,2.0E-4],"evs":[0.0,-4.70089]},"52o":{"weight":0.0,"played":[0.9998,2.0E-4],"evs":[0.0,-5.05745]},"62o":{"weight":0.0,"played":[0.9997,3.0E-4],"evs":[0.0,-5.59068]},"72o":{"weight":0.0,"played":[1.0,0.0],"evs":[0.0,-6.8008]},"82o":{"weight":0.0,"played":[1.0,0.0],"evs":[0.0,-5.58321]},"92o":{"weight":0.0,"played":[0.9978,0.0022],"evs":[0.0,-5.68997]},"T2o":{"weight":0.0,"played":[0.9999,1.0E-4],"evs":[0.0,-5.52233]},"J2o":{"weight":0.0,"played":[0.9998,2.0E-4],"evs":[0.0,-5.96861]},"Q2o":{"weight":0.0,"played":[0.9988,0.0012],"evs":[0.0,-4.56131]},"K2o":{"weight":0.0,"played":[0.9835,0.0165],"evs":[0.0,-3.85955]},"A2o":{"weight":1.0,"played":[0.995,0.005],"evs":[0.0,-4.63933]},"32s":{"weight":0.0,"played":[0.9605,0.0395],"evs":[0.0,-4.41619]},"33":{"weight":0.0,"played":[8.0E-4,0.9992],"evs":[0.0,0.60249]},"43o":{"weight":0.0,"played":[0.9996,4.0E-4],"evs":[0.0,-4.18221]},"53o":{"weight":0.0,"played":[1.0,0.0],"evs":[0.0,-3.0359]},"63o":{"weight":0.0,"played":[0.9945,0.0055],"evs":[0.0,-5.40142]},"73o":{"weight":0.0,"played":[0.9982,0.0018],"evs":[0.0,-4.4611]},"83o":{"weight":0.0,"played":[0.9987,0.0013],"evs":[0.0,-4.75014]},"93o":{"weight":0.0,"played":[0.9983,0.0017],"evs":[0.0,-5.53301]},"T3o":{"weight":0.0,"played":[0.9855,0.0145],"evs":[0.0,-3.3578]},"J3o":{"weight":0.0,"played":[0.9971,0.0029],"evs":[0.0,-5.04702]},"Q3o":{"weight":0.0,"played":[0.999,0.001],"evs":[0.0,-4.35233]},"K3o":{"weight":0.0,"played":[0.9994,6.0E-4],"evs":[0.0,-3.55516]},"A3o":{"weight":0.5239,"played":[0.9986,0.0014],"evs":[0.0,-5.03446]},"42s":{"weight":0.0,"played":[0.9826,0.0174],"evs":[0.0,-4.08176]},"43s":{"weight":0.0,"played":[0.5614,0.4386],"evs":[0.0,0.22754]},"44":{"weight":0.0,"played":[0.0,1.0],"evs":[0.0,2.05765]},"54o":{"weight":0.0,"played":[0.9988,0.0012],"evs":[0.0,-2.47506]},"64o":{"weight":0.0,"played":[0.9802,0.0198],"evs":[0.0,-3.2267]},"74o":{"weight":0.0,"played":[0.9923,0.0077],"evs":[0.0,-3.41371]},"84o":{"weight":0.0,"played":[0.9994,6.0E-4],"evs":[0.0,-3.62715]},"94o":{"weight":0.0,"played":[0.9999,1.0E-4],"evs":[0.0,-5.72617]},"T4o":{"weight":0.0,"played":[0.9969,0.0031],"evs":[0.0,-4.56947]},"J4o":{"weight":0.0,"played":[0.9984,0.0016],"evs":[0.0,-4.58303]},"Q4o":{"weight":0.0,"played":[1.0,0.0],"evs":[0.0,-4.86143]},"K4o":{"weight":0.0,"played":[0.9985,0.0015],"evs":[0.0,-3.94267]},"A4o":{"weight":2.0E-4,"played":[0.9683,0.0317],"evs":[0.0,-3.72926]},"52s":{"weight":0.0,"played":[0.9001,0.0999],"evs":[0.0,-1.32403]},"53s":{"weight":0.0,"played":[0.6041,0.3959],"evs":[0.0,-0.12442]},"54s":{"weight":0.0,"played":[0.4866,0.5134],"evs":[0.0,1.19516]},"55":{"weight":0.0,"played":[5.0E-4,0.9995],"evs":[0.0,0.4963]},"65o":{"weight":0.0,"played":[0.9922,0.0078],"evs":[0.0,-4.26728]},"75o":{"weight":0.0,"played":[0.996,0.004],"evs":[0.0,-4.10549]},"85o":{"weight":0.0,"played":[0.9762,0.0238],"evs":[0.0,-3.87461]},"95o":{"weight":0.0,"played":[0.9989,0.0011],"evs":[0.0,-4.87229]},"T5o":{"weight":0.0,"played":[0.9992,8.0E-4],"evs":[0.0,-6.50581]},"J5o":{"weight":0.0,"played":[0.9998,2.0E-4],"evs":[0.0,-4.35731]},"Q5o":{"weight":0.0,"played":[0.9999,1.0E-4],"evs":[0.0,-4.41164]},"K5o":{"weight":0.0,"played":[1.0,0.0],"evs":[0.0,-3.79521]},"A5o":{"weight":0.0,"played":[0.9595,0.0405],"evs":[0.0,-2.68343]},"62s":{"weight":0.0,"played":[0.9955,0.0045],"evs":[0.0,-5.37403]},"63s":{"weight":0.0,"played":[0.8483,0.1517],"evs":[0.0,-2.9893]},"64s":{"weight":0.0,"played":[0.8536,0.1464],"evs":[0.0,-3.25601]},"65s":{"weight":0.0038,"played":[0.5547,0.4453],"evs":[0.0,0.15155]},"66":{"weight":0.0,"played":[0.0112,0.9888],"evs":[0.0,0.23329]},"76o":{"weight":0.0,"played":[0.9869,0.0131],"evs":[0.0,-3.49291]},"86o":{"weight":0.0,"played":[0.9163,0.0837],"evs":[0.0,-2.85262]},"96o":{"weight":0.0,"played":[0.9917,0.0083],"evs":[0.0,-2.76225]},"T6o":{"weight":0.0,"played":[0.9984,0.0016],"evs":[0.0,-4.62837]},"J6o":{"weight":0.0,"played":[0.9998,2.0E-4],"evs":[0.0,-4.13232]},"Q6o":{"weight":0.0,"played":[0.9351,0.0649],"evs":[0.0,-5.04976]},"K6o":{"weight":0.0,"played":[0.9865,0.0135],"evs":[0.0,-3.94533]},"A6o":{"weight":0.0,"played":[0.9781,0.0219],"evs":[0.0,-2.9121]},"72s":{"weight":0.0,"played":[0.9853,0.0147],"evs":[0.0,-4.56187]},"73s":{"weight":0.0,"played":[0.9896,0.0104],"evs":[0.0,-1.70179]},"74s":{"weight":0.0,"played":[0.9526,0.0474],"evs":[0.0,-2.24134]},"75s":{"weight":0.0,"played":[0.7887,0.2113],"evs":[0.0,-0.55182]},"76s":{"weight":0.0533,"played":[0.6869,0.3131],"evs":[0.0,-2.78107]},"77":{"weight":0.0,"played":[0.0,1.0],"evs":[0.0,4.11728]},"87o":{"weight":0.0,"played":[0.8186,0.1814],"evs":[0.0,-2.14797]},"97o":{"weight":0.0,"played":[0.9668,0.0332],"evs":[0.0,-1.57003]},"T7o":{"weight":0.0,"played":[0.9981,0.0019],"evs":[0.0,-3.74592]},"J7o":{"weight":0.0,"played":[0.9998,2.0E-4],"evs":[0.0,-4.53435]},"Q7o":{"weight":0.0,"played":[0.9952,0.0048],"evs":[0.0,-3.86019]},"K7o":{"weight":0.0,"played":[0.9726,0.0274],"evs":[0.0,-2.20737]},"A7o":{"weight":0.0103,"played":[0.9971,0.0029],"evs":[0.0,-4.5016]},"82s":{"weight":0.0,"played":[0.8343,0.1657],"evs":[0.0,-2.69789]},"83s":{"weight":0.0,"played":[0.9983,0.0017],"evs":[0.0,-1.93827]},"84s":{"weight":0.0,"played":[0.9058,0.0942],"evs":[0.0,-4.31337]},"85s":{"weight":0.0,"played":[0.9943,0.0057],"evs":[0.0,-0.90887]},"86s":{"weight":0.8814,"played":[0.928,0.072],"evs":[0.0,-1.31833]},"87s":{"weight":2.0E-4,"played":[0.376,0.624],"evs":[0.0,-0.33481]},"88":{"weight":0.0865,"played":[0.0,1.0],"evs":[0.0,4.78528]},"98o":{"weight":0.0,"played":[0.8658,0.1342],"evs":[0.0,-2.64762]},"T8o":{"weight":0.0,"played":[0.8946,0.1054],"evs":[0.0,-2.12963]},"J8o":{"weight":0.0,"played":[0.8739,0.1261],"evs":[0.0,-3.59844]},"Q8o":{"weight":0.0,"played":[0.9894,0.0106],"evs":[0.0,-2.59957]},"K8o":{"weight":0.0248,"played":[0.973,0.027],"evs":[0.0,-3.75578]},"A8o":{"weight":0.0,"played":[0.9817,0.0183],"evs":[0.0,-4.79698]},"92s":{"weight":0.0,"played":[0.9992,8.0E-4],"evs":[0.0,-1.85354]},"93s":{"weight":0.0,"played":[0.9654,0.0346],"evs":[0.0,-2.65525]},"94s":{"weight":0.0,"played":[0.9957,0.0043],"evs":[0.0,-5.47438]},"95s":{"weight":0.0,"played":[0.8448,0.1552],"evs":[0.0,-2.54428]},"96s":{"weight":1.0E-4,"played":[0.6108,0.3892],"evs":[0.0,-0.31989]},"97s":{"weight":0.0927,"played":[0.024,0.976],"evs":[0.0,0.39218]},"98s":{"weight":0.0,"played":[0.7466,0.2534],"evs":[0.0,-1.75991]},"99":{"weight":0.2903,"played":[5.0E-4,0.9995],"evs":[0.0,3.79601]},"T9o":{"weight":0.4302,"played":[0.874,0.126],"evs":[0.0,-1.2247]},"J9o":{"weight":0.4149,"played":[0.9364,0.0636],"evs":[0.0,-1.98161]},"Q9o":{"weight":0.0031,"played":[0.993,0.007],"evs":[0.0,-2.29024]},"K9o":{"weight":1.0,"played":[0.9891,0.0109],"evs":[0.0,-3.05938]},"A9o":{"weight":0.0,"played":[0.9521,0.0479],"evs":[0.0,-2.7021]},"T2s":{"weight":0.0,"played":[0.9942,0.0058],"evs":[0.0,-3.57538]},"T3s":{"weight":0.0,"played":[0.9872,0.0128],"evs":[0.0,-1.36186]},"T4s":{"weight":0.0,"played":[0.9747,0.0253],"evs":[0.0,-4.04198]},"T5s":{"weight":0.0,"played":[0.9065,0.0935],"evs":[0.0,-2.70795]},"T6s":{"weight":0.0,"played":[0.9228,0.0772],"evs":[0.0,-2.98164]},"T7s":{"weight":0.9467,"played":[0.9844,0.0156],"evs":[0.0,-0.86369]},"T8s":{"weight":0.0027,"played":[0.8419,0.1581],"evs":[0.0,-2.02717]},"T9s":{"weight":0.001,"played":[0.001,0.999],"evs":[0.0,0.92772]},"TT":{"weight":1.0,"played":[1.0E-4,0.9999],"evs":[0.0,7.18523]},"JTo":{"weight":0.0259,"played":[0.3298,0.6702],"evs":[0.0,-0.51955]},"QTo":{"weight":0.9966,"played":[0.9625,0.0375],"evs":[0.0,-1.75037]},"KTo":{"weight":0.0071,"played":[0.9215,0.0785],"evs":[0.0,-2.43651]},"ATo":{"weight":0.0,"played":[0.8803,0.1197],"evs":[0.0,-1.21378]},"J2s":{"weight":0.0,"played":[0.9337,0.0663],"evs":[0.0,-2.73028]},"J3s":{"weight":0.0,"played":[0.8001,0.1999],"evs":[0.0,-1.98769]},"J4s":{"weight":0.0,"played":[0.9777,0.0223],"evs":[0.0,-5.26897]},"J5s":{"weight":0.0,"played":[0.8339,0.1661],"evs":[0.0,-0.8802]},"J6s":{"weight":0.0,"played":[0.81,0.19],"evs":[0.0,-1.40452]},"J7s":{"weight":0.944,"played":[0.9057,0.0943],"evs":[0.0,-0.62901]},"J8s":{"weight":0.5619,"played":[0.9776,0.0224],"evs":[0.0,-1.5982]},"J9s":{"weight":0.001,"played":[0.9607,0.0393],"evs":[0.0,-1.17524]},"JTs":{"weight":0.2876,"played":[0.089,0.911],"evs":[0.0,1.59931]},"JJ":{"weight":1.0,"played":[0.0,1.0],"evs":[0.0,10.36968]},"QJo":{"weight":0.0011,"played":[0.9806,0.0194],"evs":[0.0,-0.45351]},"KJo":{"weight":0.0,"played":[0.9368,0.0632],"evs":[0.0,-1.05333]},"AJo":{"weight":0.0,"played":[0.9042,0.0958],"evs":[0.0,-1.57119]},"Q2s":{"weight":0.0,"played":[0.996,0.004],"evs":[0.0,-5.06271]},"Q3s":{"weight":0.0,"played":[0.288,0.712],"evs":[0.0,-0.80679]},"Q4s":{"weight":0.0,"played":[0.9322,0.0678],"evs":[0.0,-3.16643]},"Q5s":{"weight":0.0,"played":[0.52,0.48],"evs":[0.0,-1.18954]},"Q6s":{"weight":0.0655,"played":[0.9968,0.0032],"evs":[0.0,-4.43626]},"Q7s":{"weight":0.9999,"played":[0.9617,0.0383],"evs":[0.0,-2.71544]},"Q8s":{"weight":0.999,"played":[0.8237,0.1763],"evs":[0.0,-1.35001]},"Q9s":{"weight":0.0038,"played":[0.9694,0.0306],"evs":[0.0,-2.79745]},"QTs":{"weight":0.002,"played":[0.4688,0.5312],"evs":[0.0,-1.14592]},"QJs":{"weight":0.0829,"played":[0.1786,0.8214],"evs":[0.0,1.4787]},"QQ":{"weight":1.0,"played":[0.0,1.0],"evs":[0.0,13.3296]},"KQo":{"weight":1.0E-4,"played":[0.1887,0.8113],"evs":[0.0,0.34217]},"AQo":{"weight":1.0E-4,"played":[0.0,1.0],"evs":[0.0,3.32766]},"K2s":{"weight":0.0,"played":[0.9944,0.0056],"evs":[0.0,-1.59538]},"K3s":{"weight":0.0,"played":[0.9947,0.0053],"evs":[0.0,-2.57022]},"K4s":{"weight":0.952,"played":[0.9787,0.0213],"evs":[0.0,-2.34813]},"K5s":{"weight":1.0,"played":[0.9977,0.0023],"evs":[0.0,-1.30708]},"K6s":{"weight":0.0396,"played":[0.6856,0.3144],"evs":[0.0,1.35174]},"K7s":{"weight":0.5976,"played":[0.1078,0.8922],"evs":[0.0,0.68106]},"K8s":{"weight":0.977,"played":[0.8811,0.1189],"evs":[0.0,-1.20226]},"K9s":{"weight":1.0E-4,"played":[0.897,0.103],"evs":[0.0,-2.10016]},"KTs":{"weight":0.002,"played":[0.2021,0.7979],"evs":[0.0,0.57732]},"KJs":{"weight":0.0226,"played":[0.2226,0.7774],"evs":[0.0,1.79451]},"KQs":{"weight":0.8629,"played":[1.0E-4,0.9999],"evs":[0.0,2.33173]},"KK":{"weight":1.0,"played":[0.0,1.0],"evs":[0.0,18.46919]},"AKo":{"weight":0.2381,"played":[0.0,1.0],"evs":[0.0,6.20331]},"A2s":{"weight":0.0,"played":[0.853,0.147],"evs":[0.0,-5.49429]},"A3s":{"weight":0.0,"played":[0.8222,0.1778],"evs":[0.0,-2.28285]},"A4s":{"weight":0.0,"played":[0.6672,0.3328],"evs":[0.0,-0.19825]},"A5s":{"weight":1.0E-4,"played":[0.4741,0.5259],"evs":[0.0,-0.32802]},"A6s":{"weight":0.0103,"played":[0.5448,0.4552],"evs":[0.0,-3.2257]},"A7s":{"weight":0.7776,"played":[0.7482,0.2518],"evs":[0.0,-2.33558]},"A8s":{"weight":0.4452,"played":[0.5495,0.4505],"evs":[0.0,-0.33063]},"A9s":{"weight":0.0279,"played":[0.7634,0.2366],"evs":[0.0,-0.56236]},"ATs":{"weight":0.0114,"played":[1.0E-4,0.9999],"evs":[0.0,3.10107]},"AJs":{"weight":0.9996,"played":[0.0,1.0],"evs":[0.0,1.11955]},"AQs":{"weight":0.9999,"played":[0.0,1.0],"evs":[0.0,4.52221]},"AKs":{"weight":1.0,"played":[3.0E-4,0.9997],"evs":[0.0,6.45937]},"AA":{"weight":1.0,"played":[0.0,1.0],"evs":[0.0,28.2423]}}}