{"player":4,"street":0,"children":2,"sequence":[{"player":0,"type":"F","amount":0,"street":0},{"player":1,"type":"R","amount":200000,"street":0},{"player":2,"type":"R","amount":1345000,"street":0},{"player":3,"type":"F","amount":0,"street":0}],"actions":[{"type":"F","amount":0,"node":68},{"type":"C","amount":915000,"node":69}],"hands":{"22":{"weight":1.0,"played":[0.9995,5.0E-4],"evs":[0.0,-1.1851]},"32o":{"weight":1.0,"played":[1.0,0.0],"evs":[0.0,-4.2814]},"42o":{"weight":1.0,"played":[1.0,0.0],"evs":[0.0,-4.02422]},"52o":{"weight":1.0,"played":[1.0,0.0],"evs":[0.0,-3.98092]},"62o":{"weight":1.0,"played":[1.0,0.0],"evs":[0.0,-4.20696]},"72o":{"weight":1.0,"played":[1.0,0.0],"evs":[0.0,-4.8242]},"82o":{"weight":1.0,"played":[1.0,0.0],"evs":[0.0,-4.68757]},"92o":{"weight":1.0,"played":[1.0,0.0],"evs":[0.0,-4.57689]},"T2o":{"weight":1.0,"played":[1.0,0.0],"evs":[0.0,-4.48797]},"J2o":{"weight":1.0,"played":[1.0,0.0],"evs":[0.0,-4.15196]},"Q2o":{"weight":1.0,"played":[1.0,0.0],"evs":[0.0,-3.95452]},"K2o":{"weight":1.0,"played":[1.0,0.0],"evs":[0.0,-3.55252]},"A2o":{"weight":1.0,"played":[1.0,0.0],"evs":[0.0,-2.49303]},"32s":{"weight":1.0,"played":[1.0,0.0],"evs":[0.0,-2.91603]},"33":{"weight":1.0,"played":[0.9999,1.0E-4],"evs":[0.0,-0.88591]},"43o":{"weight":1.0,"played":[1.0,0.0],"evs":[0.0,-3.46821]},"53o":{"weight":1.0,"played":[1.0,0.0],"evs":[0.0,-3.3495]},"63o":{"weight":1.0,"played":[1.0,0.0],"evs":[0.0,-3.71389]},"73o":{"weight":1.0,"played":[1.0,0.0],"evs":[0.0,-4.28183]},"83o":{"weight":1.0,"played":[1.0,0.0],"evs":[0.0,-4.66927]},"93o":{"weight":1.0,"played":[1.0,0.0],"evs":[0.0,-4.31763]},"T3o":{"weight":1.0,"played":[1.0,0.0],"evs":[0.0,-4.25518]},"J3o":{"weight":1.0,"played":[1.0,0.0],"evs":[0.0,-4.00549]},"Q3o":{"weight":1.0,"played":[1.0,0.0],"evs":[0.0,-3.817]},"K3o":{"weight":1.0,"played":[1.0,0.0],"evs":[0.0,-3.29211]},"A3o":{"weight":1.0,"played":[1.0,0.0],"evs":[0.0,-2.20845]},"42s":{"weight":1.0,"played":[1.0,0.0],"evs":[0.0,-2.79513]},"43s":{"weight":1.0,"played":[1.0,0.0],"evs":[0.0,-2.23855]},"44":{"weight":1.0,"played":[0.9983,0.0017],"evs":[0.0,-0.53332]},"54o":{"weight":1.0,"played":[1.0,0.0],"evs":[0.0,-2.79323]},"64o":{"weight":1.0,"played":[1.0,0.0],"evs":[0.0,-2.92774]},"74o":{"weight":1.0,"played":[1.0,0.0],"evs":[0.0,-3.60271]},"84o":{"weight":1.0,"played":[1.0,0.0],"evs":[0.0,-4.04196]},"94o":{"weight":1.0,"played":[1.0,0.0],"evs":[0.0,-4.25071]},"T4o":{"weight":1.0,"played":[1.0,0.0],"evs":[0.0,-4.09949]},"J4o":{"weight":1.0,"played":[1.0,0.0],"evs":[0.0,-3.79223]},"Q4o":{"weight":1.0,"played":[1.0,0.0],"evs":[0.0,-3.65686]},"K4o":{"weight":1.0,"played":[1.0,0.0],"evs":[0.0,-3.12016]},"A4o":{"weight":1.0,"played":[1.0,0.0],"evs":[0.0,-2.21036]},"52s":{"weight":1.0,"played":[1.0,0.0],"evs":[0.0,-2.60272]},"53s":{"weight":1.0,"played":[1.0,0.0],"evs":[0.0,-2.06732]},"54s":{"weight":1.0,"played":[1.0,0.0],"evs":[0.0,-1.58628]},"55":{"weight":1.0,"played":[0.0701,0.9299],"evs":[0.0,0.03529]},"65o":{"weight":1.0,"played":[1.0,0.0],"evs":[0.0,-2.623]},"75o":{"weight":1.0,"played":[1.0,0.0],"evs":[0.0,-3.15451]},"85o":{"weight":1.0,"played":[1.0,0.0],"evs":[0.0,-3.48454]},"95o":{"weight":1.0,"played":[1.0,0.0],"evs":[0.0,-3.75749]},"T5o":{"weight":1.0,"played":[1.0,0.0],"evs":[0.0,-4.06739]},"J5o":{"weight":1.0,"played":[1.0,0.0],"evs":[0.0,-3.80023]},"Q5o":{"weight":1.0,"played":[1.0,0.0],"evs":[0.0,-3.53544]},"K5o":{"weight":1.0,"played":[1.0,0.0],"evs":[0.0,-3.05768]},"A5o":{"weight":1.0,"played":[1.0,0.0],"evs":[0.0,-1.82256]},"62s":{"weight":1.0,"played":[1.0,0.0],"evs":[0.0,-2.93781]},"63s":{"weight":1.0,"played":[1.0,0.0],"evs":[0.0,-2.44594]},"64s":{"weight":1.0,"played":[1.0,0.0],"evs":[0.0,-1.75419]},"65s":{"weight":1.0,"played":[1.0,0.0],"evs":[0.0,-1.48695]},"66":{"weight":1.0,"played":[0.0,1.0],"evs":[0.0,0.66253]},"76o":{"weight":1.0,"played":[1.0,0.0],"evs":[0.0,-2.62653]},"86o":{"weight":1.0,"played":[1.0,0.0],"evs":[0.0,-3.01829]},"96o":{"weight":1.0,"played":[1.0,0.0],"evs":[0.0,-3.16935]},"T6o":{"weight":1.0,"played":[1.0,0.0],"evs":[0.0,-3.49823]},"J6o":{"weight":1.0,"played":[1.0,0.0],"evs":[0.0,-3.60086]},"Q6o":{"weight":1.0,"played":[1.0,0.0],"evs":[0.0,-3.28388]},"K6o":{"weight":1.0,"played":[1.0,0.0],"evs":[0.0,-2.73929]},"A6o":{"weight":1.0,"played":[1.0,0.0],"evs":[0.0,-2.17597]},"72s":{"weight":1.0,"played":[1.0,0.0],"evs":[0.0,-3.30438]},"73s":{"weight":1.0,"played":[1.0,0.0],"evs":[0.0,-2.88352]},"74s":{"weight":1.0,"played":[1.0,0.0],"evs":[0.0,-2.38519]},"75s":{"weight":1.0,"played":[1.0,0.0],"evs":[0.0,-2.09577]},"76s":{"weight":1.0,"played":[1.0,0.0],"evs":[0.0,-1.38847]},"77":{"weight":1.0,"played":[0.0,1.0],"evs":[0.0,0.82577]},"87o":{"weight":1.0,"played":[1.0,0.0],"evs":[0.0,-2.80511]},"97o":{"weight":1.0,"played":[1.0,0.0],"evs":[0.0,-2.89139]},"T7o":{"weight":1.0,"played":[1.0,0.0],"evs":[0.0,-3.24167]},"J7o":{"weight":1.0,"played":[1.0,0.0],"evs":[0.0,-3.29706]},"Q7o":{"weight":1.0,"played":[1.0,0.0],"evs":[0.0,-3.46075]},"K7o":{"weight":1.0,"played":[1.0,0.0],"evs":[0.0,-2.81789]},"A7o":{"weight":1.0,"played":[1.0,0.0],"evs":[0.0,-1.83694]},"82s":{"weight":1.0,"played":[1.0,0.0],"evs":[0.0,-3.07894]},"83s":{"weight":1.0,"played":[1.0,0.0],"evs":[0.0,-3.38122]},"84s":{"weight":1.0,"played":[1.0,0.0],"evs":[0.0,-2.60844]},"85s":{"weight":1.0,"played":[1.0,0.0],"evs":[0.0,-2.1843]},"86s":{"weight":1.0,"played":[1.0,0.0],"evs":[0.0,-1.80204]},"87s":{"weight":1.0,"played":[0.9999,1.0E-4],"evs":[0.0,-1.45565]},"88":{"weight":1.0,"played":[0.0,1.0],"evs":[0.0,1.62375]},"98o":{"weight":1.0,"played":[1.0,0.0],"evs":[0.0,-2.66501]},"T8o":{"weight":1.0,"played":[1.0,0.0],"evs":[0.0,-2.76084]},"J8o":{"weight":1.0,"played":[1.0,0.0],"evs":[0.0,-2.94153]},"Q8o":{"weight":1.0,"played":[1.0,0.0],"evs":[0.0,-3.10283]},"K8o":{"weight":1.0,"played":[1.0,0.0],"evs":[0.0,-2.8504]},"A8o":{"weight":1.0,"played":[1.0,0.0],"evs":[0.0,-1.38807]},"92s":{"weight":1.0,"played":[1.0,0.0],"evs":[0.0,-3.1215]},"93s":{"weight":1.0,"played":[1.0,0.0],"evs":[0.0,-2.96028]},"94s":{"weight":1.0,"played":[1.0,0.0],"evs":[0.0,-2.95533]},"95s":{"weight":1.0,"played":[1.0,0.0],"evs":[0.0,-2.44841]},"96s":{"weight":1.0,"played":[1.0,0.0],"evs":[0.0,-1.90778]},"97s":{"weight":1.0,"played":[0.9997,3.0E-4],"evs":[0.0,-1.74309]},"98s":{"weight":1.0,"played":[1.0,0.0],"evs":[0.0,-1.46534]},"99":{"weight":1.0,"played":[0.0,1.0],"evs":[0.0,2.28849]},"T9o":{"weight":1.0,"played":[1.0,0.0],"evs":[0.0,-2.1744]},"J9o":{"weight":1.0,"played":[1.0,0.0],"evs":[0.0,-2.26093]},"Q9o":{"weight":1.0,"played":[1.0,0.0],"evs":[0.0,-2.47695]},"K9o":{"weight":1.0,"played":[1.0,0.0],"evs":[0.0,-2.30065]},"A9o":{"weight":1.0,"played":[1.0,0.0],"evs":[0.0,-1.04082]},"T2s":{"weight":1.0,"played":[1.0,0.0],"evs":[0.0,-3.20862]},"T3s":{"weight":1.0,"played":[1.0,0.0],"evs":[0.0,-3.05391]},"T4s":{"weight":1.0,"played":[1.0,0.0],"evs":[0.0,-2.83181]},"T5s":{"weight":1.0,"played":[1.0,0.0],"evs":[0.0,-2.79626]},"T6s":{"weight":1.0,"played":[1.0,0.0],"evs":[0.0,-2.25545]},"T7s":{"weight":1.0,"played":[1.0,0.0],"evs":[0.0,-1.99949]},"T8s":{"weight":1.0,"played":[1.0,0.0],"evs":[0.0,-1.54971]},"T9s":{"weight":1.0,"played":[1.0,0.0],"evs":[0.0,-0.96039]},"TT":{"weight":1.0,"played":[0.0,1.0],"evs":[0.0,3.7937]},"JTo":{"weight":1.0,"played":[1.0,0.0],"evs":[0.0,-1.72908]},"QTo":{"weight":1.0,"played":[1.0,0.0],"evs":[0.0,-1.7579]},"KTo":{"weight":1.0,"played":[1.0,0.0],"evs":[0.0,-1.54014]},"ATo":{"weight":1.0,"played":[2.0E-4,0.9998],"evs":[0.0,0.33669]},"J2s":{"weight":1.0,"played":[1.0,0.0],"evs":[0.0,-2.93707]},"J3s":{"weight":1.0,"played":[1.0,0.0],"evs":[0.0,-2.63412]},"J4s":{"weight":1.0,"played":[1.0,0.0],"evs":[0.0,-2.50236]},"J5s":{"weight":1.0,"played":[1.0,0.0],"evs":[0.0,-2.5018]},"J6s":{"weight":1.0,"played":[1.0,0.0],"evs":[0.0,-2.22123]},"J7s":{"weight":1.0,"played":[1.0,0.0],"evs":[0.0,-1.96589]},"J8s":{"weight":1.0,"played":[1.0,0.0],"evs":[0.0,-1.59822]},"J9s":{"weight":1.0,"played":[1.0,0.0],"evs":[0.0,-1.1649]},"JTs":{"weight":1.0,"played":[0.9996,4.0E-4],"evs":[0.0,-0.46887]},"JJ":{"weight":1.0,"played":[0.0,1.0],"evs":[0.0,5.69082]},"QJo":{"weight":1.0,"played":[1.0,0.0],"evs":[0.0,-1.2842]},"KJo":{"weight":1.0,"played":[1.0,0.0],"evs":[0.0,-1.00199]},"AJo":{"weight":1.0,"played":[0.0,1.0],"evs":[0.0,1.45501]},"Q2s":{"weight":1.0,"played":[1.0,0.0],"evs":[0.0,-2.68542]},"Q3s":{"weight":1.0,"played":[1.0,0.0],"evs":[0.0,-2.38153]},"Q4s":{"weight":1.0,"played":[1.0,0.0],"evs":[0.0,-2.28052]},"Q5s":{"weight":1.0,"played":[1.0,0.0],"evs":[0.0,-2.22551]},"Q6s":{"weight":1.0,"played":[1.0,0.0],"evs":[0.0,-2.11779]},"Q7s":{"weight":1.0,"played":[1.0,0.0],"evs":[0.0,-2.15253]},"Q8s":{"weight":1.0,"played":[1.0,0.0],"evs":[0.0,-1.77331]},"Q9s":{"weight":1.0,"played":[0.9994,6.0E-4],"evs":[0.0,-1.22748]},"QTs":{"weight":1.0,"played":[0.9994,6.0E-4],"evs":[0.0,-0.63092]},"QJs":{"weight":1.0,"played":[0.849,0.151],"evs":[0.0,-0.12695]},"QQ":{"weight":1.0,"played":[0.0,1.0],"evs":[0.0,7.95725]},"KQo":{"weight":1.0,"played":[0.4398,0.5602],"evs":[0.0,0.00764]},"AQo":{"weight":1.0,"played":[0.0,1.0],"evs":[0.0,2.92142]},"K2s":{"weight":1.0,"played":[1.0,0.0],"evs":[0.0,-2.19602]},"K3s":{"weight":1.0,"played":[1.0,0.0],"evs":[0.0,-2.05488]},"K4s":{"weight":1.0,"played":[1.0,0.0],"evs":[0.0,-1.90696]},"K5s":{"weight":1.0,"played":[1.0,0.0],"evs":[0.0,-1.57245]},"K6s":{"weight":1.0,"played":[1.0,0.0],"evs":[0.0,-1.37511]},"K7s":{"weight":1.0,"played":[1.0,0.0],"evs":[0.0,-1.64844]},"K8s":{"weight":1.0,"played":[1.0,0.0],"evs":[0.0,-1.49787]},"K9s":{"weight":1.0,"played":[0.9998,2.0E-4],"evs":[0.0,-0.87245]},"KTs":{"weight":1.0,"played":[0.9997,3.0E-4],"evs":[0.0,-0.25579]},"KJs":{"weight":1.0,"played":[0.0205,0.9795],"evs":[0.0,0.39399]},"KQs":{"weight":1.0,"played":[0.002,0.998],"evs":[0.0,1.10177]},"KK":{"weight":1.0,"played":[0.0,1.0],"evs":[0.0,10.79172]},"AKo":{"weight":1.0,"played":[0.0,1.0],"evs":[0.0,4.51691]},"A2s":{"weight":1.0,"played":[0.9997,3.0E-4],"evs":[0.0,-1.19125]},"A3s":{"weight":1.0,"played":[1.0,0.0],"evs":[0.0,-0.83154]},"A4s":{"weight":1.0,"played":[0.9999,1.0E-4],"evs":[0.0,-0.78847]},"A5s":{"weight":1.0,"played":[0.9994,6.0E-4],"evs":[0.0,-0.59608]},"A6s":{"weight":1.0,"played":[1.0,0.0],"evs":[0.0,-0.8374]},"A7s":{"weight":1.0,"played":[0.9996,4.0E-4],"evs":[0.0,-0.46974]},"A8s":{"weight":1.0,"played":[0.8865,0.1135],"evs":[0.0,-0.2224]},"A9s":{"weight":1.0,"played":[0.0755,0.9245],"evs":[0.0,0.35352]},"ATs":{"weight":1.0,"played":[0.0,1.0],"evs":[0.0,1.65779]},"AJs":{"weight":1.0,"played":[0.0,1.0],"evs":[0.0,2.54983]},"AQs":{"weight":1.0,"played":[0.0,1.0],"evs":[0.0,3.91672]},"AKs":{"weight":1.0,"played":[0.0,1.0],"evs":[0.0,5.23455]},"AA":{"weight":1.0,"played":[0.0,1.0],"evs":[0.0,15.24114]}}}