{"player":1,"street":0,"children":2,"sequence":[{"player":0,"type":"F","amount":0,"street":0},{"player":1,"type":"R","amount":200000,"street":0},{"player":2,"type":"R","amount":1345000,"street":0},{"player":3,"type":"F","amount":0,"street":0},{"player":4,"type":"F","amount":0,"street":0}],"actions":[{"type":"F","amount":0},{"type":"C","amount":1145000}],"hands":{"22":{"weight":0.0,"played":[0.0,1.0],"evs":[0.0,2.28607]},"32o":{"weight":0.0,"played":[1.0,0.0],"evs":[0.0,-3.33495]},"42o":{"weight":0.0,"played":[1.0,0.0],"evs":[0.0,-3.23873]},"52o":{"weight":0.0,"played":[1.0,0.0],"evs":[0.0,-3.05302]},"62o":{"weight":0.0,"played":[1.0,0.0],"evs":[0.0,-3.311]},"72o":{"weight":0.0,"played":[1.0,0.0],"evs":[0.0,-3.62071]},"82o":{"weight":0.0,"played":[1.0,0.0],"evs":[0.0,-3.46927]},"92o":{"weight":0.0,"played":[1.0,0.0],"evs":[0.0,-3.12686]},"T2o":{"weight":0.0,"played":[1.0,0.0],"evs":[0.0,-2.95805]},"J2o":{"weight":0.0,"played":[1.0,0.0],"evs":[0.0,-2.94885]},"Q2o":{"weight":0.0,"played":[1.0,0.0],"evs":[0.0,-2.68506]},"K2o":{"weight":0.0,"played":[1.0,0.0],"evs":[0.0,-2.214]},"A2o":{"weight":1.0,"played":[1.0,0.0],"evs":[0.0,-0.20333]},"32s":{"weight":0.0,"played":[1.0,0.0],"evs":[0.0,-1.84269]},"33":{"weight":0.0,"played":[0.0,1.0],"evs":[0.0,2.60434]},"43o":{"weight":0.0,"played":[1.0,0.0],"evs":[0.0,-2.71469]},"53o":{"weight":0.0,"played":[1.0,0.0],"evs":[0.0,-2.49792]},"63o":{"weight":0.0,"played":[1.0,0.0],"evs":[0.0,-2.74887]},"73o":{"weight":0.0,"played":[1.0,0.0],"evs":[0.0,-3.02655]},"83o":{"weight":0.0,"played":[1.0,0.0],"evs":[0.0,-3.45246]},"93o":{"weight":0.0,"played":[1.0,0.0],"evs":[0.0,-3.04278]},"T3o":{"weight":0.0,"played":[1.0,0.0],"evs":[0.0,-2.88179]},"J3o":{"weight":0.0,"played":[1.0,0.0],"evs":[0.0,-2.77669]},"Q3o":{"weight":0.0,"played":[1.0,0.0],"evs":[0.0,-2.51073]},"K3o":{"weight":0.0,"played":[1.0,0.0],"evs":[0.0,-2.0337]},"A3o":{"weight":0.5239,"played":[0.9473,0.0527],"evs":[0.0,-0.0722]},"42s":{"weight":0.0,"played":[1.0,0.0],"evs":[0.0,-1.80628]},"43s":{"weight":0.0,"played":[1.0,0.0],"evs":[0.0,-1.30918]},"44":{"weight":0.0,"played":[0.0,1.0],"evs":[0.0,3.05603]},"54o":{"weight":0.0,"played":[1.0,0.0],"evs":[0.0,-1.93819]},"64o":{"weight":0.0,"played":[1.0,0.0],"evs":[0.0,-2.18349]},"74o":{"weight":0.0,"played":[1.0,0.0],"evs":[0.0,-2.48459]},"84o":{"weight":0.0,"played":[1.0,0.0],"evs":[0.0,-2.88925]},"94o":{"weight":0.0,"played":[1.0,0.0],"evs":[0.0,-2.96454]},"T4o":{"weight":0.0,"played":[1.0,0.0],"evs":[0.0,-2.69838]},"J4o":{"weight":0.0,"played":[1.0,0.0],"evs":[0.0,-2.6321]},"Q4o":{"weight":0.0,"played":[1.0,0.0],"evs":[0.0,-2.35671]},"K4o":{"weight":0.0,"played":[1.0,0.0],"evs":[0.0,-1.89093]},"A4o":{"weight":2.0E-4,"played":[3.0E-4,0.9997],"evs":[0.0,0.17113]},"52s":{"weight":0.0,"played":[1.0,0.0],"evs":[0.0,-1.6806]},"53s":{"weight":0.0,"played":[1.0,0.0],"evs":[0.0,-1.13631]},"54s":{"weight":0.0,"played":[0.9999,1.0E-4],"evs":[0.0,-0.63129]},"55":{"weight":0.0,"played":[0.0,1.0],"evs":[0.0,3.5879]},"65o":{"weight":0.0,"played":[1.0,0.0],"evs":[0.0,-1.68492]},"75o":{"weight":0.0,"played":[1.0,0.0],"evs":[0.0,-1.95096]},"85o":{"weight":0.0,"played":[1.0,0.0],"evs":[0.0,-2.38674]},"95o":{"weight":0.0,"played":[1.0,0.0],"evs":[0.0,-2.42752]},"T5o":{"weight":0.0,"played":[1.0,0.0],"evs":[0.0,-2.68455]},"J5o":{"weight":0.0,"played":[1.0,0.0],"evs":[0.0,-2.53312]},"Q5o":{"weight":0.0,"played":[1.0,0.0],"evs":[0.0,-2.25588]},"K5o":{"weight":0.0,"played":[1.0,0.0],"evs":[0.0,-1.75937]},"A5o":{"weight":0.0,"played":[0.0,1.0],"evs":[0.0,0.4026]},"62s":{"weight":0.0,"played":[1.0,0.0],"evs":[0.0,-1.93376]},"63s":{"weight":0.0,"played":[1.0,0.0],"evs":[0.0,-1.35613]},"64s":{"weight":0.0,"played":[1.0,0.0],"evs":[0.0,-0.781]},"65s":{"weight":0.0038,"played":[0.9983,0.0017],"evs":[0.0,-0.36765]},"66":{"weight":0.0,"played":[0.0,1.0],"evs":[0.0,4.5156]},"76o":{"weight":0.0,"played":[1.0,0.0],"evs":[0.0,-1.32509]},"86o":{"weight":0.0,"played":[1.0,0.0],"evs":[0.0,-1.63521]},"96o":{"weight":0.0,"played":[1.0,0.0],"evs":[0.0,-1.6622]},"T6o":{"weight":0.0,"played":[1.0,0.0],"evs":[0.0,-1.95111]},"J6o":{"weight":0.0,"played":[1.0,0.0],"evs":[0.0,-2.26543]},"Q6o":{"weight":0.0,"played":[1.0,0.0],"evs":[0.0,-1.87028]},"K6o":{"weight":0.0,"played":[1.0,0.0],"evs":[0.0,-1.45187]},"A6o":{"weight":0.0,"played":[5.0E-4,0.9995],"evs":[0.0,0.42975]},"72s":{"weight":0.0,"played":[1.0,0.0],"evs":[0.0,-2.13583]},"73s":{"weight":0.0,"played":[1.0,0.0],"evs":[0.0,-1.66408]},"74s":{"weight":0.0,"played":[1.0,0.0],"evs":[0.0,-1.03816]},"75s":{"weight":0.0,"played":[1.0,0.0],"evs":[0.0,-0.61789]},"76s":{"weight":0.0533,"played":[0.2351,0.7649],"evs":[0.0,-0.01419]},"77":{"weight":0.0,"played":[0.0,1.0],"evs":[0.0,5.24243]},"87o":{"weight":0.0,"played":[1.0,0.0],"evs":[0.0,-1.14531]},"97o":{"weight":0.0,"played":[1.0,0.0],"evs":[0.0,-1.21168]},"T7o":{"weight":0.0,"played":[1.0,0.0],"evs":[0.0,-1.41653]},"J7o":{"weight":0.0,"played":[1.0,0.0],"evs":[0.0,-1.72632]},"Q7o":{"weight":0.0,"played":[1.0,0.0],"evs":[0.0,-1.83016]},"K7o":{"weight":0.0,"played":[1.0,0.0],"evs":[0.0,-1.29745]},"A7o":{"weight":0.0103,"played":[0.0,1.0],"evs":[0.0,0.95385]},"82s":{"weight":0.0,"played":[1.0,0.0],"evs":[0.0,-2.0222]},"83s":{"weight":0.0,"played":[1.0,0.0],"evs":[0.0,-2.06046]},"84s":{"weight":0.0,"played":[1.0,0.0],"evs":[0.0,-1.44149]},"85s":{"weight":0.0,"played":[0.9999,1.0E-4],"evs":[0.0,-1.00514]},"86s":{"weight":0.8814,"played":[0.9996,4.0E-4],"evs":[0.0,-0.31338]},"87s":{"weight":2.0E-4,"played":[0.0305,0.9695],"evs":[0.0,0.11855]},"88":{"weight":0.0865,"played":[0.0,1.0],"evs":[0.0,6.23814]},"98o":{"weight":0.0,"played":[1.0,0.0],"evs":[0.0,-0.88394]},"T8o":{"weight":0.0,"played":[1.0,0.0],"evs":[0.0,-1.14926]},"J8o":{"weight":0.0,"played":[1.0,0.0],"evs":[0.0,-1.39687]},"Q8o":{"weight":0.0,"played":[1.0,0.0],"evs":[0.0,-1.55856]},"K8o":{"weight":0.0248,"played":[1.0,0.0],"evs":[0.0,-1.43959]},"A8o":{"weight":0.0,"played":[0.0,1.0],"evs":[0.0,1.6364]},"92s":{"weight":0.0,"played":[1.0,0.0],"evs":[0.0,-1.76833]},"93s":{"weight":0.0,"played":[1.0,0.0],"evs":[0.0,-1.54448]},"94s":{"weight":0.0,"played":[1.0,0.0],"evs":[0.0,-1.6348]},"95s":{"weight":0.0,"played":[1.0,0.0],"evs":[0.0,-1.04698]},"96s":{"weight":1.0E-4,"played":[1.0,0.0],"evs":[0.0,-0.33338]},"97s":{"weight":0.0927,"played":[0.0899,0.9101],"evs":[0.0,0.04509]},"98s":{"weight":0.0,"played":[0.0,1.0],"evs":[0.0,0.37034]},"99":{"weight":0.2903,"played":[0.0,1.0],"evs":[0.0,7.31868]},"T9o":{"weight":0.4302,"played":[1.0,0.0],"evs":[0.0,-0.34113]},"J9o":{"weight":0.4149,"played":[1.0,0.0],"evs":[0.0,-0.68108]},"Q9o":{"weight":0.0031,"played":[1.0,0.0],"evs":[0.0,-0.77506]},"K9o":{"weight":1.0,"played":[1.0,0.0],"evs":[0.0,-0.6757]},"A9o":{"weight":0.0,"played":[0.0,1.0],"evs":[0.0,2.73814]},"T2s":{"weight":0.0,"played":[1.0,0.0],"evs":[0.0,-1.56037]},"T3s":{"weight":0.0,"played":[1.0,0.0],"evs":[0.0,-1.39231]},"T4s":{"weight":0.0,"played":[1.0,0.0],"evs":[0.0,-1.43657]},"T5s":{"weight":0.0,"played":[1.0,0.0],"evs":[0.0,-1.25444]},"T6s":{"weight":0.0,"played":[1.0,0.0],"evs":[0.0,-0.65007]},"T7s":{"weight":0.9467,"played":[0.9997,3.0E-4],"evs":[0.0,-0.10109]},"T8s":{"weight":0.0027,"played":[0.0031,0.9969],"evs":[0.0,0.30656]},"T9s":{"weight":0.001,"played":[0.0,1.0],"evs":[0.0,0.93605]},"TT":{"weight":1.0,"played":[0.0,1.0],"evs":[0.0,8.80807]},"JTo":{"weight":0.0259,"played":[0.1006,0.8994],"evs":[0.0,0.11573]},"QTo":{"weight":0.9966,"played":[0.9586,0.0414],"evs":[0.0,-0.02403]},"KTo":{"weight":0.0071,"played":[0.2189,0.7811],"evs":[0.0,0.06768]},"ATo":{"weight":0.0,"played":[0.0,1.0],"evs":[0.0,4.40923]},"J2s":{"weight":0.0,"played":[1.0,0.0],"evs":[0.0,-1.52613]},"J3s":{"weight":0.0,"played":[1.0,0.0],"evs":[0.0,-1.38652]},"J4s":{"weight":0.0,"played":[1.0,0.0],"evs":[0.0,-1.31321]},"J5s":{"weight":0.0,"played":[1.0,0.0],"evs":[0.0,-1.14086]},"J6s":{"weight":0.0,"played":[1.0,0.0],"evs":[0.0,-0.95368]},"J7s":{"weight":0.944,"played":[1.0,0.0],"evs":[0.0,-0.36693]},"J8s":{"weight":0.5619,"played":[0.9999,1.0E-4],"evs":[0.0,-0.17354]},"J9s":{"weight":0.001,"played":[0.0,1.0],"evs":[0.0,0.55682]},"JTs":{"weight":0.2876,"played":[0.0,1.0],"evs":[0.0,1.21317]},"JJ":{"weight":1.0,"played":[0.0,1.0],"evs":[0.0,10.37744]},"QJo":{"weight":0.0011,"played":[0.0036,0.9964],"evs":[0.0,0.1609]},"KJo":{"weight":0.0,"played":[0.0,1.0],"evs":[0.0,0.72192]},"AJo":{"weight":0.0,"played":[0.0,1.0],"evs":[0.0,6.15948]},"Q2s":{"weight":0.0,"played":[1.0,0.0],"evs":[0.0,-1.20696]},"Q3s":{"weight":0.0,"played":[1.0,0.0],"evs":[0.0,-1.12057]},"Q4s":{"weight":0.0,"played":[1.0,0.0],"evs":[0.0,-0.9145]},"Q5s":{"weight":0.0,"played":[1.0,0.0],"evs":[0.0,-0.81064]},"Q6s":{"weight":0.0655,"played":[1.0,0.0],"evs":[0.0,-0.54777]},"Q7s":{"weight":0.9999,"played":[0.9996,4.0E-4],"evs":[0.0,-0.41835]},"Q8s":{"weight":0.999,"played":[0.9993,7.0E-4],"evs":[0.0,-0.15584]},"Q9s":{"weight":0.0038,"played":[0.0,1.0],"evs":[0.0,0.5531]},"QTs":{"weight":0.002,"played":[0.0,1.0],"evs":[0.0,1.2304]},"QJs":{"weight":0.0829,"played":[0.0,1.0],"evs":[0.0,1.42684]},"QQ":{"weight":1.0,"played":[0.0,1.0],"evs":[0.0,12.22751]},"KQo":{"weight":1.0E-4,"played":[0.0,1.0],"evs":[0.0,2.06258]},"AQo":{"weight":1.0E-4,"played":[0.0,1.0],"evs":[0.0,8.04588]},"K2s":{"weight":0.0,"played":[1.0,0.0],"evs":[0.0,-0.84649]},"K3s":{"weight":0.0,"played":[1.0,0.0],"evs":[0.0,-0.71187]},"K4s":{"weight":0.952,"played":[0.9999,1.0E-4],"evs":[0.0,-0.54796]},"K5s":{"weight":1.0,"played":[0.9996,4.0E-4],"evs":[0.0,-0.32514]},"K6s":{"weight":0.0396,"played":[0.8618,0.1382],"evs":[0.0,-0.03623]},"K7s":{"weight":0.5976,"played":[0.2638,0.7362],"evs":[0.0,0.1078]},"K8s":{"weight":0.977,"played":[0.9324,0.0676],"evs":[0.0,-0.15289]},"K9s":{"weight":1.0E-4,"played":[0.0,1.0],"evs":[0.0,0.62168]},"KTs":{"weight":0.002,"played":[0.0,1.0],"evs":[0.0,1.34878]},"KJs":{"weight":0.0226,"played":[0.0,1.0],"evs":[0.0,1.97942]},"KQs":{"weight":0.8629,"played":[0.0,1.0],"evs":[0.0,3.16104]},"KK":{"weight":1.0,"played":[0.0,1.0],"evs":[0.0,14.21377]},"AKo":{"weight":0.2381,"played":[0.0,1.0],"evs":[0.0,9.8945]},"A2s":{"weight":0.0,"played":[0.0,1.0],"evs":[0.0,1.10235]},"A3s":{"weight":0.0,"played":[0.0,1.0],"evs":[0.0,1.39977]},"A4s":{"weight":0.0,"played":[0.0,1.0],"evs":[0.0,1.47405]},"A5s":{"weight":1.0E-4,"played":[0.0,1.0],"evs":[0.0,1.72527]},"A6s":{"weight":0.0103,"played":[0.0,1.0],"evs":[0.0,1.6703]},"A7s":{"weight":0.7776,"played":[0.0,1.0],"evs":[0.0,2.22914]},"A8s":{"weight":0.4452,"played":[0.0,1.0],"evs":[0.0,2.90778]},"A9s":{"weight":0.0279,"played":[0.0,1.0],"evs":[0.0,3.9565]},"ATs":{"weight":0.0114,"played":[0.0,1.0],"evs":[0.0,5.39093]},"AJs":{"weight":0.9996,"played":[0.0,1.0],"evs":[0.0,7.08868]},"AQs":{"weight":0.9999,"played":[0.0,1.0],"evs":[0.0,8.83502]},"AKs":{"weight":1.0,"played":[0.0,1.0],"evs":[0.0,10.48145]},"AA":{"weight":1.0,"played":[0.0,1.0],"evs":[0.0,18.72447]}}}