{"player":3,"street":0,"children":3,"sequence":[{"player":0,"type":"F","amount":0,"street":0},{"player":1,"type":"F","amount":0,"street":0},{"player":2,"type":"R","amount":200000,"street":0}],"actions":[{"type":"F","amount":0,"node":8},{"type":"C","amount":150000,"node":10},{"type":"R","amount":1345000,"node":16}],"hands":{"22":{"weight":1.0,"played":[0.0,0.0,1.0],"evs":[0.0,0.45407,0.50114]},"32o":{"weight":1.0,"played":[1.0,0.0,0.0],"evs":[0.0,-0.71074,-1.56606]},"42o":{"weight":1.0,"played":[1.0,0.0,0.0],"evs":[0.0,-0.65886,-1.46045]},"52o":{"weight":1.0,"played":[1.0,0.0,0.0],"evs":[0.0,-0.65275,-1.37825]},"62o":{"weight":1.0,"played":[1.0,0.0,0.0],"evs":[0.0,-0.78266,-1.72404]},"72o":{"weight":1.0,"played":[1.0,0.0,0.0],"evs":[0.0,-0.89688,-2.08322]},"82o":{"weight":1.0,"played":[1.0,0.0,0.0],"evs":[0.0,-0.88199,-1.95931]},"92o":{"weight":1.0,"played":[1.0,0.0,0.0],"evs":[0.0,-0.91266,-2.00064]},"T2o":{"weight":1.0,"played":[1.0,0.0,0.0],"evs":[0.0,-0.8289,-1.61923]},"J2o":{"weight":1.0,"played":[1.0,0.0,0.0],"evs":[0.0,-0.72143,-1.32526]},"Q2o":{"weight":1.0,"played":[1.0,0.0,0.0],"evs":[0.0,-0.59892,-0.98139]},"K2o":{"weight":1.0,"played":[1.0,0.0,0.0],"evs":[0.0,-0.56262,-0.85978]},"A2o":{"weight":1.0,"played":[0.0,0.0,1.0],"evs":[0.0,0.84282,1.2475]},"32s":{"weight":1.0,"played":[1.0,0.0,0.0],"evs":[0.0,-0.36531,-0.75163]},"33":{"weight":1.0,"played":[0.0,0.0039,0.9961],"evs":[0.0,0.48111,0.52025]},"43o":{"weight":1.0,"played":[1.0,0.0,0.0],"evs":[0.0,-0.54462,-1.15974]},"53o":{"weight":1.0,"played":[1.0,0.0,0.0],"evs":[0.0,-0.53448,-1.0824]},"63o":{"weight":1.0,"played":[1.0,0.0,0.0],"evs":[0.0,-0.68703,-1.40225]},"73o":{"weight":1.0,"played":[1.0,0.0,0.0],"evs":[0.0,-0.79931,-1.79093]},"83o":{"weight":1.0,"played":[1.0,0.0,0.0],"evs":[0.0,-0.8915,-2.01319]},"93o":{"weight":1.0,"played":[1.0,0.0,0.0],"evs":[0.0,-0.89571,-1.91621]},"T3o":{"weight":1.0,"played":[1.0,0.0,0.0],"evs":[0.0,-0.82365,-1.54705]},"J3o":{"weight":1.0,"played":[1.0,0.0,0.0],"evs":[0.0,-0.70515,-1.26907]},"Q3o":{"weight":1.0,"played":[1.0,0.0,0.0],"evs":[0.0,-0.59911,-0.95084]},"K3o":{"weight":1.0,"played":[1.0,0.0,0.0],"evs":[0.0,-0.52219,-0.80368]},"A3o":{"weight":1.0,"played":[0.0,0.0,1.0],"evs":[0.0,0.94017,1.29009]},"42s":{"weight":1.0,"played":[1.0,0.0,0.0],"evs":[0.0,-0.27975,-0.70512]},"43s":{"weight":1.0,"played":[1.0,0.0,0.0],"evs":[0.0,-0.07821,-0.35878]},"44":{"weight":1.0,"played":[0.0,4.0E-4,0.9996],"evs":[0.0,0.58069,0.67548]},"54o":{"weight":1.0,"played":[1.0,0.0,0.0],"evs":[0.0,-0.40403,-0.72216]},"64o":{"weight":1.0,"played":[1.0,0.0,0.0],"evs":[0.0,-0.56747,-1.07278]},"74o":{"weight":1.0,"played":[1.0,0.0,0.0],"evs":[0.0,-0.64927,-1.44051]},"84o":{"weight":1.0,"played":[1.0,0.0,0.0],"evs":[0.0,-0.78262,-1.67429]},"94o":{"weight":1.0,"played":[1.0,0.0,0.0],"evs":[0.0,-0.86085,-1.91851]},"T4o":{"weight":1.0,"played":[1.0,0.0,0.0],"evs":[0.0,-0.78263,-1.47593]},"J4o":{"weight":1.0,"played":[1.0,0.0,0.0],"evs":[0.0,-0.67339,-1.15994]},"Q4o":{"weight":1.0,"played":[1.0,0.0,0.0],"evs":[0.0,-0.53939,-0.8333]},"K4o":{"weight":1.0,"played":[1.0,0.0,0.0],"evs":[0.0,-0.4713,-0.69693]},"A4o":{"weight":1.0,"played":[0.0,0.0,1.0],"evs":[0.0,1.00337,1.40187]},"52s":{"weight":1.0,"played":[1.0,0.0,0.0],"evs":[0.0,-0.23995,-0.51509]},"53s":{"weight":1.0,"played":[1.0,0.0,0.0],"evs":[0.0,-0.07796,-0.28526]},"54s":{"weight":1.0,"played":[0.0501,0.7359,0.214],"evs":[0.0,0.04853,0.00773]},"55":{"weight":1.0,"played":[0.0,5.0E-4,0.9995],"evs":[0.0,0.78775,0.90017]},"65o":{"weight":1.0,"played":[1.0,0.0,0.0],"evs":[0.0,-0.40969,-0.74692]},"75o":{"weight":1.0,"played":[1.0,0.0,0.0],"evs":[0.0,-0.52458,-1.09609]},"85o":{"weight":1.0,"played":[1.0,0.0,0.0],"evs":[0.0,-0.66026,-1.28255]},"95o":{"weight":1.0,"played":[1.0,0.0,0.0],"evs":[0.0,-0.76111,-1.52578]},"T5o":{"weight":1.0,"played":[1.0,0.0,0.0],"evs":[0.0,-0.77341,-1.44415]},"J5o":{"weight":1.0,"played":[1.0,0.0,0.0],"evs":[0.0,-0.66215,-1.07448]},"Q5o":{"weight":1.0,"played":[1.0,0.0,0.0],"evs":[0.0,-0.54401,-0.74383]},"K5o":{"weight":1.0,"played":[1.0,0.0,0.0],"evs":[0.0,-0.4388,-0.63901]},"A5o":{"weight":1.0,"played":[0.0,0.0,1.0],"evs":[0.0,1.08846,1.51319]},"62s":{"weight":1.0,"played":[1.0,0.0,0.0],"evs":[0.0,-0.42299,-0.90424]},"63s":{"weight":1.0,"played":[1.0,0.0,0.0],"evs":[0.0,-0.233,-0.64229]},"64s":{"weight":1.0,"played":[0.9994,6.0E-4,0.0],"evs":[0.0,-0.10971,-0.36428]},"65s":{"weight":1.0,"played":[0.0251,0.9748,0.0],"evs":[0.0,0.07515,0.02559]},"66":{"weight":1.0,"played":[0.0,0.0042,0.9958],"evs":[0.0,0.84395,0.92078]},"76o":{"weight":1.0,"played":[1.0,0.0,0.0],"evs":[0.0,-0.46386,-0.9314]},"86o":{"weight":1.0,"played":[1.0,0.0,0.0],"evs":[0.0,-0.55465,-1.10085]},"96o":{"weight":1.0,"played":[1.0,0.0,0.0],"evs":[0.0,-0.68103,-1.32454]},"T6o":{"weight":1.0,"played":[1.0,0.0,0.0],"evs":[0.0,-0.7155,-1.27132]},"J6o":{"weight":1.0,"played":[1.0,0.0,0.0],"evs":[0.0,-0.6572,-1.1772]},"Q6o":{"weight":1.0,"played":[1.0,0.0,0.0],"evs":[0.0,-0.56836,-0.77281]},"K6o":{"weight":1.0,"played":[1.0,0.0,0.0],"evs":[0.0,-0.46511,-0.65863]},"A6o":{"weight":1.0,"played":[0.0,0.0,1.0],"evs":[0.0,0.91881,1.26075]},"72s":{"weight":1.0,"played":[1.0,0.0,0.0],"evs":[0.0,-0.52247,-1.24597]},"73s":{"weight":1.0,"played":[1.0,0.0,0.0],"evs":[0.0,-0.40131,-0.98318]},"74s":{"weight":1.0,"played":[0.9993,7.0E-4,0.0],"evs":[0.0,-0.29968,-0.74028]},"75s":{"weight":1.0,"played":[0.9897,0.0102,0.0],"evs":[0.0,-0.04486,-0.3583]},"76s":{"weight":1.0,"played":[0.8467,0.1522,0.001],"evs":[0.0,-0.04728,-0.13602]},"77":{"weight":1.0,"played":[0.0,0.4561,0.5439],"evs":[0.0,0.86618,0.85892]},"87o":{"weight":1.0,"played":[1.0,0.0,0.0],"evs":[0.0,-0.53542,-1.05738]},"97o":{"weight":1.0,"played":[1.0,0.0,0.0],"evs":[0.0,-0.5977,-1.25108]},"T7o":{"weight":1.0,"played":[1.0,0.0,0.0],"evs":[0.0,-0.6134,-1.09676]},"J7o":{"weight":1.0,"played":[1.0,0.0,0.0],"evs":[0.0,-0.57071,-1.03897]},"Q7o":{"weight":1.0,"played":[1.0,0.0,0.0],"evs":[0.0,-0.50363,-0.93363]},"K7o":{"weight":1.0,"played":[1.0,0.0,0.0],"evs":[0.0,-0.38717,-0.69485]},"A7o":{"weight":1.0,"played":[0.0,0.0,1.0],"evs":[0.0,1.07865,1.35854]},"82s":{"weight":1.0,"played":[1.0,0.0,0.0],"evs":[0.0,-0.51771,-1.14968]},"83s":{"weight":1.0,"played":[1.0,0.0,0.0],"evs":[0.0,-0.515,-1.17066]},"84s":{"weight":1.0,"played":[1.0,0.0,0.0],"evs":[0.0,-0.41405,-0.84852]},"85s":{"weight":1.0,"played":[1.0,0.0,0.0],"evs":[0.0,-0.23581,-0.49321]},"86s":{"weight":1.0,"played":[0.9999,1.0E-4,1.0E-4],"evs":[0.0,-0.11365,-0.39303]},"87s":{"weight":1.0,"played":[0.9798,0.0202,0.0],"evs":[0.0,-0.03975,-0.32013]},"88":{"weight":1.0,"played":[0.0,0.08,0.92],"evs":[0.0,1.10285,1.10184]},"98o":{"weight":1.0,"played":[1.0,0.0,0.0],"evs":[0.0,-0.53704,-1.06509]},"T8o":{"weight":1.0,"played":[1.0,0.0,0.0],"evs":[0.0,-0.55605,-0.9032]},"J8o":{"weight":1.0,"played":[1.0,0.0,0.0],"evs":[0.0,-0.48758,-0.80896]},"Q8o":{"weight":1.0,"played":[1.0,0.0,0.0],"evs":[0.0,-0.47358,-0.6985]},"K8o":{"weight":1.0,"played":[1.0,0.0,0.0],"evs":[0.0,-0.38335,-0.67606]},"A8o":{"weight":1.0,"played":[0.0,0.0,1.0],"evs":[0.0,1.11304,1.39812]},"92s":{"weight":1.0,"played":[1.0,0.0,0.0],"evs":[0.0,-0.50489,-1.13002]},"93s":{"weight":1.0,"played":[1.0,0.0,0.0],"evs":[0.0,-0.4979,-1.06338]},"94s":{"weight":1.0,"played":[1.0,0.0,0.0],"evs":[0.0,-0.53092,-1.11874]},"95s":{"weight":1.0,"played":[1.0,0.0,0.0],"evs":[0.0,-0.37028,-0.73206]},"96s":{"weight":1.0,"played":[0.9998,2.0E-4,0.0],"evs":[0.0,-0.18781,-0.54177]},"97s":{"weight":1.0,"played":[0.9998,2.0E-4,0.0],"evs":[0.0,-0.11745,-0.44787]},"98s":{"weight":1.0,"played":[0.9998,2.0E-4,1.0E-4],"evs":[0.0,-0.06372,-0.30502]},"99":{"weight":1.0,"played":[0.0,0.0053,0.9947],"evs":[0.0,1.37493,1.39272]},"T9o":{"weight":1.0,"played":[1.0,0.0,0.0],"evs":[0.0,-0.41264,-0.64786]},"J9o":{"weight":1.0,"played":[1.0,0.0,0.0],"evs":[0.0,-0.37414,-0.59434]},"Q9o":{"weight":1.0,"played":[1.0,0.0,0.0],"evs":[0.0,-0.30185,-0.48801]},"K9o":{"weight":1.0,"played":[0.9719,0.0279,2.0E-4],"evs":[0.0,-0.08101,-0.39776]},"A9o":{"weight":1.0,"played":[0.0,0.0,1.0],"evs":[0.0,1.30755,1.57086]},"T2s":{"weight":1.0,"played":[1.0,0.0,0.0],"evs":[0.0,-0.40586,-0.80863]},"T3s":{"weight":1.0,"played":[1.0,0.0,0.0],"evs":[0.0,-0.40021,-0.83528]},"T4s":{"weight":1.0,"played":[1.0,0.0,0.0],"evs":[0.0,-0.40641,-0.77364]},"T5s":{"weight":1.0,"played":[1.0,0.0,0.0],"evs":[0.0,-0.37761,-0.71418]},"T6s":{"weight":1.0,"played":[0.9995,5.0E-4,0.0],"evs":[0.0,-0.23493,-0.46751]},"T7s":{"weight":1.0,"played":[0.9993,7.0E-4,0.0],"evs":[0.0,-0.16211,-0.32974]},"T8s":{"weight":1.0,"played":[0.301,0.6763,0.0226],"evs":[0.0,-0.01886,-0.15166]},"T9s":{"weight":1.0,"played":[7.0E-4,0.8033,0.196],"evs":[0.0,0.09172,0.03946]},"TT":{"weight":1.0,"played":[0.0,1.0E-4,0.9999],"evs":[0.0,2.2336,2.61955]},"JTo":{"weight":1.0,"played":[0.0405,0.1426,0.8169],"evs":[0.0,0.01285,0.03056]},"QTo":{"weight":1.0,"played":[0.0,0.3096,0.6904],"evs":[0.0,0.1238,0.11879]},"KTo":{"weight":1.0,"played":[0.0,0.1728,0.8272],"evs":[0.0,0.48403,0.48852]},"ATo":{"weight":1.0,"played":[0.0,0.0,1.0],"evs":[0.0,1.82126,2.23825]},"J2s":{"weight":1.0,"played":[1.0,0.0,0.0],"evs":[0.0,-0.30081,-0.52143]},"J3s":{"weight":1.0,"played":[1.0,0.0,0.0],"evs":[0.0,-0.2664,-0.48778]},"J4s":{"weight":1.0,"played":[0.9999,1.0E-4,0.0],"evs":[0.0,-0.23152,-0.39336]},"J5s":{"weight":1.0,"played":[1.0,0.0,0.0],"evs":[0.0,-0.17136,-0.28059]},"J6s":{"weight":1.0,"played":[0.9999,0.0,1.0E-4],"evs":[0.0,-0.19667,-0.35079]},"J7s":{"weight":1.0,"played":[0.9998,2.0E-4,0.0],"evs":[0.0,-0.12563,-0.2119]},"J8s":{"weight":1.0,"played":[0.0401,0.5614,0.3984],"evs":[0.0,0.04784,0.00379]},"J9s":{"weight":1.0,"played":[1.0E-4,0.0564,0.9435],"evs":[0.0,0.17755,0.17356]},"JTs":{"weight":1.0,"played":[0.0,0.0049,0.9951],"evs":[0.0,0.64962,0.72134]},"JJ":{"weight":1.0,"played":[0.0,0.0,1.0],"evs":[0.0,3.42389,4.14201]},"QJo":{"weight":1.0,"played":[0.0,0.0813,0.9187],"evs":[0.0,0.36629,0.39339]},"KJo":{"weight":1.0,"played":[0.0,0.0,1.0],"evs":[0.0,0.97619,1.12685]},"AJo":{"weight":1.0,"played":[0.0,0.0,1.0],"evs":[0.0,2.2676,2.68936]},"Q2s":{"weight":1.0,"played":[0.9999,0.0,0.0],"evs":[0.0,-0.17736,-0.25748]},"Q3s":{"weight":1.0,"played":[0.9668,0.0306,0.0026],"evs":[0.0,-0.13096,-0.09973]},"Q4s":{"weight":1.0,"played":[0.9318,0.0189,0.0493],"evs":[0.0,-0.08421,-0.04296]},"Q5s":{"weight":1.0,"played":[0.8269,0.0011,0.172],"evs":[0.0,-0.05365,0.00652]},"Q6s":{"weight":1.0,"played":[0.0359,0.0078,0.9563],"evs":[0.0,-0.01567,0.09008]},"Q7s":{"weight":1.0,"played":[0.6913,0.2445,0.0642],"evs":[0.0,-0.01871,-0.10274]},"Q8s":{"weight":1.0,"played":[0.0141,0.0392,0.9468],"evs":[0.0,0.05518,0.08409]},"Q9s":{"weight":1.0,"played":[0.0,0.7032,0.2967],"evs":[0.0,0.24265,0.21627]},"QTs":{"weight":1.0,"played":[0.0,0.0596,0.9404],"evs":[0.0,0.73888,0.78929]},"QJs":{"weight":1.0,"played":[0.0,0.2009,0.7991],"evs":[0.0,1.10596,1.10796]},"QQ":{"weight":1.0,"played":[0.0,0.0,1.0],"evs":[0.0,5.25557,5.89453]},"KQo":{"weight":1.0,"played":[0.0,0.0,1.0],"evs":[0.0,1.58898,1.92407]},"AQo":{"weight":1.0,"played":[0.0,0.0,1.0],"evs":[0.0,2.80479,3.38079]},"K2s":{"weight":1.0,"played":[0.1592,0.0157,0.8252],"evs":[0.0,-0.0326,-0.03164]},"K3s":{"weight":1.0,"played":[1.0E-4,0.0011,0.9988],"evs":[0.0,-0.03259,0.09662]},"K4s":{"weight":1.0,"played":[0.0054,0.0371,0.9575],"evs":[0.0,0.03568,0.149]},"K5s":{"weight":1.0,"played":[0.0,2.0E-4,0.9998],"evs":[0.0,0.06362,0.21966]},"K6s":{"weight":1.0,"played":[2.0E-4,0.0025,0.9973],"evs":[0.0,0.11372,0.21393]},"K7s":{"weight":1.0,"played":[3.0E-4,0.487,0.5127],"evs":[0.0,0.16233,0.18372]},"K8s":{"weight":1.0,"played":[0.0,0.7314,0.2686],"evs":[0.0,0.16234,0.15713]},"K9s":{"weight":1.0,"played":[0.0,0.9984,0.0016],"evs":[0.0,0.47127,0.34715]},"KTs":{"weight":1.0,"played":[0.0,0.7152,0.2848],"evs":[0.0,1.20469,1.1372]},"KJs":{"weight":1.0,"played":[0.0,0.0717,0.9283],"evs":[0.0,1.70015,1.73876]},"KQs":{"weight":1.0,"played":[0.0,0.0,1.0],"evs":[0.0,2.36551,2.61888]},"KK":{"weight":1.0,"played":[0.0,0.0012,0.9988],"evs":[0.0,7.8263,8.00348]},"AKo":{"weight":1.0,"played":[0.0,0.0,1.0],"evs":[0.0,3.74872,4.46776]},"A2s":{"weight":1.0,"played":[0.0,0.0,1.0],"evs":[0.0,1.59087,2.04561]},"A3s":{"weight":1.0,"played":[0.0,0.0,1.0],"evs":[0.0,1.70639,2.13028]},"A4s":{"weight":1.0,"played":[0.0,0.0,1.0],"evs":[0.0,1.75072,2.13929]},"A5s":{"weight":1.0,"played":[0.0,0.0,1.0],"evs":[0.0,1.78525,2.16242]},"A6s":{"weight":1.0,"played":[0.0,0.0,1.0],"evs":[0.0,1.67041,1.99535]},"A7s":{"weight":1.0,"played":[0.0,0.0,1.0],"evs":[0.0,1.79886,2.03417]},"A8s":{"weight":1.0,"played":[0.0,0.0114,0.9886],"evs":[0.0,1.93194,2.15997]},"A9s":{"weight":1.0,"played":[0.0,0.0,1.0],"evs":[0.0,2.10177,2.25976]},"ATs":{"weight":1.0,"played":[0.0,0.0,1.0],"evs":[0.0,2.60302,2.84091]},"AJs":{"weight":1.0,"played":[0.0,0.0,1.0],"evs":[0.0,2.95595,3.27493]},"AQs":{"weight":1.0,"played":[0.0,0.0,1.0],"evs":[0.0,3.46519,3.89087]},"AKs":{"weight":1.0,"played":[0.0,0.0,1.0],"evs":[0.0,4.3247,4.88755]},"AA":{"weight":1.0,"played":[0.0,0.6822,0.3178],"evs":[0.0,10.13122,10.14215]}}}