{"player":2,"street":0,"children":2,"sequence":[{"player":0,"type":"F","amount":0,"street":0},{"player":1,"type":"R","amount":1635000,"street":0}],"actions":[{"type":"F","amount":0,"node":74},{"type":"C","amount":1345000,"node":77}],"hands":{"22":{"weight":1.0,"played":[1.0,0.0],"evs":[0.0,-0.88695]},"32o":{"weight":1.0,"played":[1.0,0.0],"evs":[0.0,-6.25571]},"42o":{"weight":1.0,"played":[1.0,0.0],"evs":[0.0,-6.03347]},"52o":{"weight":1.0,"played":[1.0,0.0],"evs":[0.0,-5.73987]},"62o":{"weight":1.0,"played":[1.0,0.0],"evs":[0.0,-6.13169]},"72o":{"weight":1.0,"played":[1.0,0.0],"evs":[0.0,-6.35031]},"82o":{"weight":1.0,"played":[1.0,0.0],"evs":[0.0,-5.95938]},"92o":{"weight":1.0,"played":[1.0,0.0],"evs":[0.0,-5.8543]},"T2o":{"weight":1.0,"played":[1.0,0.0],"evs":[0.0,-5.66608]},"J2o":{"weight":1.0,"played":[1.0,0.0],"evs":[0.0,-5.35317]},"Q2o":{"weight":1.0,"played":[1.0,0.0],"evs":[0.0,-4.73283]},"K2o":{"weight":1.0,"played":[1.0,0.0],"evs":[0.0,-4.16502]},"A2o":{"weight":1.0,"played":[1.0,0.0],"evs":[0.0,-2.07431]},"32s":{"weight":1.0,"played":[1.0,0.0],"evs":[0.0,-4.8011]},"33":{"weight":1.0,"played":[0.9998,2.0E-4],"evs":[0.0,-0.22246]},"43o":{"weight":1.0,"played":[1.0,0.0],"evs":[0.0,-5.50275]},"53o":{"weight":1.0,"played":[1.0,0.0],"evs":[0.0,-5.17093]},"63o":{"weight":1.0,"played":[1.0,0.0],"evs":[0.0,-5.5524]},"73o":{"weight":1.0,"played":[1.0,0.0],"evs":[0.0,-5.78541]},"83o":{"weight":1.0,"played":[1.0,0.0],"evs":[0.0,-5.9479]},"93o":{"weight":1.0,"played":[1.0,0.0],"evs":[0.0,-5.71664]},"T3o":{"weight":1.0,"played":[1.0,0.0],"evs":[0.0,-5.50034]},"J3o":{"weight":1.0,"played":[1.0,0.0],"evs":[0.0,-5.18478]},"Q3o":{"weight":1.0,"played":[1.0,0.0],"evs":[0.0,-4.58486]},"K3o":{"weight":1.0,"played":[1.0,0.0],"evs":[0.0,-4.00271]},"A3o":{"weight":1.0,"played":[1.0,0.0],"evs":[0.0,-1.89806]},"42s":{"weight":1.0,"played":[1.0,0.0],"evs":[0.0,-4.59441]},"43s":{"weight":1.0,"played":[1.0,0.0],"evs":[0.0,-4.05896]},"44":{"weight":1.0,"played":[0.0,1.0],"evs":[0.0,0.50369]},"54o":{"weight":1.0,"played":[1.0,0.0],"evs":[0.0,-4.63683]},"64o":{"weight":1.0,"played":[1.0,0.0],"evs":[0.0,-4.94925]},"74o":{"weight":1.0,"played":[1.0,0.0],"evs":[0.0,-5.16219]},"84o":{"weight":1.0,"played":[1.0,0.0],"evs":[0.0,-5.34151]},"94o":{"weight":1.0,"played":[1.0,0.0],"evs":[0.0,-5.60964]},"T4o":{"weight":1.0,"played":[1.0,0.0],"evs":[0.0,-5.35759]},"J4o":{"weight":1.0,"played":[1.0,0.0],"evs":[0.0,-5.01106]},"Q4o":{"weight":1.0,"played":[1.0,0.0],"evs":[0.0,-4.40962]},"K4o":{"weight":1.0,"played":[1.0,0.0],"evs":[0.0,-3.84623]},"A4o":{"weight":1.0,"played":[1.0,0.0],"evs":[0.0,-1.62114]},"52s":{"weight":1.0,"played":[1.0,0.0],"evs":[0.0,-4.31875]},"53s":{"weight":1.0,"played":[1.0,0.0],"evs":[0.0,-3.80662]},"54s":{"weight":1.0,"played":[1.0,0.0],"evs":[0.0,-3.27495]},"55":{"weight":1.0,"played":[0.0,1.0],"evs":[0.0,1.36203]},"65o":{"weight":1.0,"played":[1.0,0.0],"evs":[0.0,-4.31847]},"75o":{"weight":1.0,"played":[1.0,0.0],"evs":[0.0,-4.49651]},"85o":{"weight":1.0,"played":[1.0,0.0],"evs":[0.0,-4.70113]},"95o":{"weight":1.0,"played":[1.0,0.0],"evs":[0.0,-4.94615]},"T5o":{"weight":1.0,"played":[1.0,0.0],"evs":[0.0,-5.09349]},"J5o":{"weight":1.0,"played":[1.0,0.0],"evs":[0.0,-4.73236]},"Q5o":{"weight":1.0,"played":[1.0,0.0],"evs":[0.0,-4.11035]},"K5o":{"weight":1.0,"played":[1.0,0.0],"evs":[0.0,-3.55687]},"A5o":{"weight":1.0,"played":[1.0,0.0],"evs":[0.0,-1.22495]},"62s":{"weight":1.0,"played":[1.0,0.0],"evs":[0.0,-4.67845]},"63s":{"weight":1.0,"played":[1.0,0.0],"evs":[0.0,-4.11813]},"64s":{"weight":1.0,"played":[1.0,0.0],"evs":[0.0,-3.5979]},"65s":{"weight":1.0,"played":[1.0,0.0],"evs":[0.0,-2.99943]},"66":{"weight":1.0,"played":[0.0,1.0],"evs":[0.0,2.26867]},"76o":{"weight":1.0,"played":[1.0,0.0],"evs":[0.0,-3.92345]},"86o":{"weight":1.0,"played":[1.0,0.0],"evs":[0.0,-4.06228]},"96o":{"weight":1.0,"played":[1.0,0.0],"evs":[0.0,-4.33297]},"T6o":{"weight":1.0,"played":[1.0,0.0],"evs":[0.0,-4.51762]},"J6o":{"weight":1.0,"played":[1.0,0.0],"evs":[0.0,-4.59773]},"Q6o":{"weight":1.0,"played":[1.0,0.0],"evs":[0.0,-3.90622]},"K6o":{"weight":1.0,"played":[1.0,0.0],"evs":[0.0,-3.26288]},"A6o":{"weight":1.0,"played":[1.0,0.0],"evs":[0.0,-1.07881]},"72s":{"weight":1.0,"played":[1.0,0.0],"evs":[0.0,-4.82761]},"73s":{"weight":1.0,"played":[1.0,0.0],"evs":[0.0,-4.32322]},"74s":{"weight":1.0,"played":[1.0,0.0],"evs":[0.0,-3.80402]},"75s":{"weight":1.0,"played":[1.0,0.0],"evs":[0.0,-3.19267]},"76s":{"weight":1.0,"played":[1.0,0.0],"evs":[0.0,-2.59397]},"77":{"weight":1.0,"played":[0.0,1.0],"evs":[0.0,3.21647]},"87o":{"weight":1.0,"played":[1.0,0.0],"evs":[0.0,-3.5007]},"97o":{"weight":1.0,"played":[1.0,0.0],"evs":[0.0,-3.68444]},"T7o":{"weight":1.0,"played":[1.0,0.0],"evs":[0.0,-3.84013]},"J7o":{"weight":1.0,"played":[1.0,0.0],"evs":[0.0,-3.96698]},"Q7o":{"weight":1.0,"played":[1.0,0.0],"evs":[0.0,-3.71131]},"K7o":{"weight":1.0,"played":[1.0,0.0],"evs":[0.0,-2.97267]},"A7o":{"weight":1.0,"played":[1.0,0.0],"evs":[0.0,-0.32952]},"82s":{"weight":1.0,"played":[1.0,0.0],"evs":[0.0,-4.53123]},"83s":{"weight":1.0,"played":[1.0,0.0],"evs":[0.0,-4.48398]},"84s":{"weight":1.0,"played":[1.0,0.0],"evs":[0.0,-3.96351]},"85s":{"weight":1.0,"played":[1.0,0.0],"evs":[0.0,-3.33]},"86s":{"weight":1.0,"played":[1.0,0.0],"evs":[0.0,-2.74187]},"87s":{"weight":1.0,"played":[1.0,0.0],"evs":[0.0,-2.16525]},"88":{"weight":1.0,"played":[0.0,1.0],"evs":[0.0,4.27413]},"98o":{"weight":1.0,"played":[1.0,0.0],"evs":[0.0,-3.07817]},"T8o":{"weight":1.0,"played":[1.0,0.0],"evs":[0.0,-3.2205]},"J8o":{"weight":1.0,"played":[1.0,0.0],"evs":[0.0,-3.31668]},"Q8o":{"weight":1.0,"played":[1.0,0.0],"evs":[0.0,-3.11664]},"K8o":{"weight":1.0,"played":[1.0,0.0],"evs":[0.0,-2.77177]},"A8o":{"weight":1.0,"played":[0.0,1.0],"evs":[0.0,0.40827]},"92s":{"weight":1.0,"played":[1.0,0.0],"evs":[0.0,-4.41817]},"93s":{"weight":1.0,"played":[1.0,0.0],"evs":[0.0,-4.25714]},"94s":{"weight":1.0,"played":[1.0,0.0],"evs":[0.0,-4.20191]},"95s":{"weight":1.0,"played":[1.0,0.0],"evs":[0.0,-3.49877]},"96s":{"weight":1.0,"played":[1.0,0.0],"evs":[0.0,-2.92247]},"97s":{"weight":1.0,"played":[1.0,0.0],"evs":[0.0,-2.35671]},"98s":{"weight":1.0,"played":[1.0,0.0],"evs":[0.0,-1.77251]},"99":{"weight":1.0,"played":[0.0,1.0],"evs":[0.0,5.37989]},"T9o":{"weight":1.0,"played":[1.0,0.0],"evs":[0.0,-2.6502]},"J9o":{"weight":1.0,"played":[1.0,0.0],"evs":[0.0,-2.73183]},"Q9o":{"weight":1.0,"played":[1.0,0.0],"evs":[0.0,-2.47563]},"K9o":{"weight":1.0,"played":[1.0,0.0],"evs":[0.0,-2.09276]},"A9o":{"weight":1.0,"played":[0.0,1.0],"evs":[0.0,1.32155]},"T2s":{"weight":1.0,"played":[1.0,0.0],"evs":[0.0,-4.23597]},"T3s":{"weight":1.0,"played":[1.0,0.0],"evs":[0.0,-4.05541]},"T4s":{"weight":1.0,"played":[1.0,0.0],"evs":[0.0,-3.9203]},"T5s":{"weight":1.0,"played":[1.0,0.0],"evs":[0.0,-3.70206]},"T6s":{"weight":1.0,"played":[1.0,0.0],"evs":[0.0,-3.14818]},"T7s":{"weight":1.0,"played":[1.0,0.0],"evs":[0.0,-2.4721]},"T8s":{"weight":1.0,"played":[1.0,0.0],"evs":[0.0,-1.93559]},"T9s":{"weight":1.0,"played":[1.0,0.0],"evs":[0.0,-1.34897]},"TT":{"weight":1.0,"played":[0.0,1.0],"evs":[0.0,6.91944]},"JTo":{"weight":1.0,"played":[1.0,0.0],"evs":[0.0,-1.82562]},"QTo":{"weight":1.0,"played":[1.0,0.0],"evs":[0.0,-1.62417]},"KTo":{"weight":1.0,"played":[1.0,0.0],"evs":[0.0,-0.96608]},"ATo":{"weight":1.0,"played":[0.0,1.0],"evs":[0.0,3.0302]},"J2s":{"weight":1.0,"played":[1.0,0.0],"evs":[0.0,-3.91262]},"J3s":{"weight":1.0,"played":[1.0,0.0],"evs":[0.0,-3.78023]},"J4s":{"weight":1.0,"played":[1.0,0.0],"evs":[0.0,-3.62845]},"J5s":{"weight":1.0,"played":[1.0,0.0],"evs":[0.0,-3.41153]},"J6s":{"weight":1.0,"played":[1.0,0.0],"evs":[0.0,-3.26665]},"J7s":{"weight":1.0,"played":[1.0,0.0],"evs":[0.0,-2.58549]},"J8s":{"weight":1.0,"played":[1.0,0.0],"evs":[0.0,-2.01582]},"J9s":{"weight":1.0,"played":[1.0,0.0],"evs":[0.0,-1.49217]},"JTs":{"weight":1.0,"played":[1.0,0.0],"evs":[0.0,-0.63404]},"JJ":{"weight":1.0,"played":[0.0,1.0],"evs":[0.0,8.26567]},"QJo":{"weight":1.0,"played":[1.0,0.0],"evs":[0.0,-1.08445]},"KJo":{"weight":1.0,"played":[0.9998,2.0E-4],"evs":[0.0,-0.13947]},"AJo":{"weight":1.0,"played":[0.0,1.0],"evs":[0.0,4.13347]},"Q2s":{"weight":1.0,"played":[1.0,0.0],"evs":[0.0,-3.33196]},"Q3s":{"weight":1.0,"played":[1.0,0.0],"evs":[0.0,-3.14859]},"Q4s":{"weight":1.0,"played":[1.0,0.0],"evs":[0.0,-3.00705]},"Q5s":{"weight":1.0,"played":[1.0,0.0],"evs":[0.0,-2.73474]},"Q6s":{"weight":1.0,"played":[1.0,0.0],"evs":[0.0,-2.52191]},"Q7s":{"weight":1.0,"played":[1.0,0.0],"evs":[0.0,-2.37679]},"Q8s":{"weight":1.0,"played":[1.0,0.0],"evs":[0.0,-1.75153]},"Q9s":{"weight":1.0,"played":[1.0,0.0],"evs":[0.0,-1.22428]},"QTs":{"weight":1.0,"played":[1.0,0.0],"evs":[0.0,-0.41629]},"QJs":{"weight":1.0,"played":[0.0489,0.9511],"evs":[0.0,0.03908]},"QQ":{"weight":1.0,"played":[0.0,1.0],"evs":[0.0,9.52569]},"KQo":{"weight":1.0,"played":[0.0,1.0],"evs":[0.0,0.5809]},"AQo":{"weight":1.0,"played":[0.0,1.0],"evs":[0.0,5.03435]},"K2s":{"weight":1.0,"played":[1.0,0.0],"evs":[0.0,-2.73582]},"K3s":{"weight":1.0,"played":[1.0,0.0],"evs":[0.0,-2.58545]},"K4s":{"weight":1.0,"played":[1.0,0.0],"evs":[0.0,-2.47251]},"K5s":{"weight":1.0,"played":[1.0,0.0],"evs":[0.0,-2.19258]},"K6s":{"weight":1.0,"played":[1.0,0.0],"evs":[0.0,-1.91064]},"K7s":{"weight":1.0,"played":[1.0,0.0],"evs":[0.0,-1.60401]},"K8s":{"weight":1.0,"played":[1.0,0.0],"evs":[0.0,-1.40616]},"K9s":{"weight":1.0,"played":[1.0,0.0],"evs":[0.0,-0.84362]},"KTs":{"weight":1.0,"played":[0.0,1.0],"evs":[0.0,0.21616]},"KJs":{"weight":1.0,"played":[0.0,1.0],"evs":[0.0,1.02053]},"KQs":{"weight":1.0,"played":[0.0,1.0],"evs":[0.0,1.64118]},"KK":{"weight":1.0,"played":[0.0,1.0],"evs":[0.0,10.95488]},"AKo":{"weight":1.0,"played":[0.0,1.0],"evs":[0.0,6.12997]},"A2s":{"weight":1.0,"played":[1.0,0.0],"evs":[0.0,-0.80566]},"A3s":{"weight":1.0,"played":[1.0,0.0],"evs":[0.0,-0.58218]},"A4s":{"weight":1.0,"played":[1.0,0.0],"evs":[0.0,-0.3623]},"A5s":{"weight":1.0,"played":[0.7713,0.2287],"evs":[0.0,-0.03068]},"A6s":{"weight":1.0,"played":[0.0,1.0],"evs":[0.0,0.16854]},"A7s":{"weight":1.0,"played":[0.0,1.0],"evs":[0.0,0.78504]},"A8s":{"weight":1.0,"played":[0.0,1.0],"evs":[0.0,1.51367]},"A9s":{"weight":1.0,"played":[0.0,1.0],"evs":[0.0,2.37004]},"ATs":{"weight":1.0,"played":[0.0,1.0],"evs":[0.0,3.96224]},"AJs":{"weight":1.0,"played":[0.0,1.0],"evs":[0.0,5.01106]},"AQs":{"weight":1.0,"played":[0.0,1.0],"evs":[0.0,5.88593]},"AKs":{"weight":1.0,"played":[0.0,1.0],"evs":[0.0,6.84438]},"AA":{"weight":1.0,"played":[0.0,1.0],"evs":[0.0,14.65221]}}}