{"player":1,"street":0,"children":3,"sequence":[{"player":0,"type":"R","amount":200000,"street":0}],"actions":[{"type":"F","amount":0,"node":81},{"type":"C","amount":200000,"node":132},{"type":"R","amount":2005000,"node":221}],"hands":{"22":{"weight":1.0,"played":[1.0,0.0,0.0],"evs":[0.0,-0.10201,-0.51724]},"32o":{"weight":1.0,"played":[1.0,0.0,0.0],"evs":[0.0,-0.97421,-2.92829]},"42o":{"weight":1.0,"played":[1.0,0.0,0.0],"evs":[0.0,-0.92984,-2.69737]},"52o":{"weight":1.0,"played":[1.0,0.0,0.0],"evs":[0.0,-0.88659,-2.66522]},"62o":{"weight":1.0,"played":[1.0,0.0,0.0],"evs":[0.0,-0.99975,-2.89905]},"72o":{"weight":1.0,"played":[1.0,0.0,0.0],"evs":[0.0,-1.12169,-3.20782]},"82o":{"weight":1.0,"played":[1.0,0.0,0.0],"evs":[0.0,-1.07773,-3.01572]},"92o":{"weight":1.0,"played":[1.0,0.0,0.0],"evs":[0.0,-1.06015,-2.76468]},"T2o":{"weight":1.0,"played":[1.0,0.0,0.0],"evs":[0.0,-1.0734,-2.66711]},"J2o":{"weight":1.0,"played":[1.0,0.0,0.0],"evs":[0.0,-1.01077,-2.41683]},"Q2o":{"weight":1.0,"played":[1.0,0.0,0.0],"evs":[0.0,-0.90947,-2.1538]},"K2o":{"weight":1.0,"played":[1.0,0.0,0.0],"evs":[0.0,-0.84709,-1.81535]},"A2o":{"weight":1.0,"played":[1.0,0.0,0.0],"evs":[0.0,-0.63166,-1.04224]},"32s":{"weight":1.0,"played":[1.0,0.0,0.0],"evs":[0.0,-0.58194,-2.06502]},"33":{"weight":1.0,"played":[0.0959,0.9041,0.0],"evs":[0.0,0.00574,-0.42107]},"43o":{"weight":1.0,"played":[1.0,0.0,0.0],"evs":[0.0,-0.77321,-2.33533]},"53o":{"weight":1.0,"played":[1.0,0.0,0.0],"evs":[0.0,-0.73094,-2.30581]},"63o":{"weight":1.0,"played":[1.0,0.0,0.0],"evs":[0.0,-0.83105,-2.5186]},"73o":{"weight":1.0,"played":[1.0,0.0,0.0],"evs":[0.0,-0.98042,-2.83768]},"83o":{"weight":1.0,"played":[1.0,0.0,0.0],"evs":[0.0,-1.05682,-2.98207]},"93o":{"weight":1.0,"played":[1.0,0.0,0.0],"evs":[0.0,-1.01119,-2.66282]},"T3o":{"weight":1.0,"played":[1.0,0.0,0.0],"evs":[0.0,-1.03183,-2.59788]},"J3o":{"weight":1.0,"played":[1.0,0.0,0.0],"evs":[0.0,-0.97701,-2.32247]},"Q3o":{"weight":1.0,"played":[1.0,0.0,0.0],"evs":[0.0,-0.87919,-2.04844]},"K3o":{"weight":1.0,"played":[1.0,0.0,0.0],"evs":[0.0,-0.81123,-1.71968]},"A3o":{"weight":1.0,"played":[1.0,0.0,0.0],"evs":[0.0,-0.55219,-0.91801]},"42s":{"weight":1.0,"played":[1.0,0.0,0.0],"evs":[0.0,-0.50629,-1.79648]},"43s":{"weight":1.0,"played":[1.0,0.0,0.0],"evs":[0.0,-0.36137,-1.45883]},"44":{"weight":1.0,"played":[0.0013,0.9987,0.0],"evs":[0.0,0.18254,-0.02121]},"54o":{"weight":1.0,"played":[1.0,0.0,0.0],"evs":[0.0,-0.58699,-1.82813]},"64o":{"weight":1.0,"played":[1.0,0.0,0.0],"evs":[0.0,-0.6588,-2.08388]},"74o":{"weight":1.0,"played":[1.0,0.0,0.0],"evs":[0.0,-0.8149,-2.3922]},"84o":{"weight":1.0,"played":[1.0,0.0,0.0],"evs":[0.0,-0.90985,-2.528]},"94o":{"weight":1.0,"played":[1.0,0.0,0.0],"evs":[0.0,-0.98387,-2.54295]},"T4o":{"weight":1.0,"played":[1.0,0.0,0.0],"evs":[0.0,-0.97449,-2.40453]},"J4o":{"weight":1.0,"played":[1.0,0.0,0.0],"evs":[0.0,-0.91913,-2.14661]},"Q4o":{"weight":1.0,"played":[1.0,0.0,0.0],"evs":[0.0,-0.81481,-1.87623]},"K4o":{"weight":1.0,"played":[1.0,0.0,0.0],"evs":[0.0,-0.75498,-1.57807]},"A4o":{"weight":1.0,"played":[1.0,0.0,0.0],"evs":[0.0,-0.50248,-0.73911]},"52s":{"weight":1.0,"played":[1.0,0.0,0.0],"evs":[0.0,-0.50893,-1.74559]},"53s":{"weight":1.0,"played":[1.0,0.0,0.0],"evs":[0.0,-0.30429,-1.44535]},"54s":{"weight":1.0,"played":[1.0,0.0,0.0],"evs":[0.0,-0.12884,-0.96411]},"55":{"weight":1.0,"played":[0.0,0.59,0.41],"evs":[0.0,0.35696,0.32507]},"65o":{"weight":1.0,"played":[1.0,0.0,0.0],"evs":[0.0,-0.52294,-1.76918]},"75o":{"weight":1.0,"played":[1.0,0.0,0.0],"evs":[0.0,-0.64447,-2.0685]},"85o":{"weight":1.0,"played":[1.0,0.0,0.0],"evs":[0.0,-0.77422,-2.19818]},"95o":{"weight":1.0,"played":[1.0,0.0,0.0],"evs":[0.0,-0.88142,-2.24988]},"T5o":{"weight":1.0,"played":[1.0,0.0,0.0],"evs":[0.0,-0.96895,-2.41307]},"J5o":{"weight":1.0,"played":[1.0,0.0,0.0],"evs":[0.0,-0.92398,-2.07617]},"Q5o":{"weight":1.0,"played":[1.0,0.0,0.0],"evs":[0.0,-0.80769,-1.79719]},"K5o":{"weight":1.0,"played":[1.0,0.0,0.0],"evs":[0.0,-0.73473,-1.49172]},"A5o":{"weight":1.0,"played":[1.0,0.0,0.0],"evs":[0.0,-0.38381,-0.66093]},"62s":{"weight":1.0,"played":[1.0,0.0,0.0],"evs":[0.0,-0.59491,-2.00871]},"63s":{"weight":1.0,"played":[1.0,0.0,0.0],"evs":[0.0,-0.43252,-1.63728]},"64s":{"weight":1.0,"played":[1.0,0.0,0.0],"evs":[0.0,-0.23374,-1.26923]},"65s":{"weight":1.0,"played":[0.999,0.001,0.0],"evs":[0.0,-0.0675,-0.88899]},"66":{"weight":1.0,"played":[0.0,0.8013,0.1987],"evs":[0.0,0.63916,0.61332]},"76o":{"weight":1.0,"played":[1.0,0.0,0.0],"evs":[0.0,-0.5175,-1.7491]},"86o":{"weight":1.0,"played":[1.0,0.0,0.0],"evs":[0.0,-0.61265,-1.88376]},"96o":{"weight":1.0,"played":[1.0,0.0,0.0],"evs":[0.0,-0.69356,-1.89872]},"T6o":{"weight":1.0,"played":[1.0,0.0,0.0],"evs":[0.0,-0.85865,-2.06679]},"J6o":{"weight":1.0,"played":[1.0,0.0,0.0],"evs":[0.0,-0.90647,-2.09278]},"Q6o":{"weight":1.0,"played":[1.0,0.0,0.0],"evs":[0.0,-0.77665,-1.70387]},"K6o":{"weight":1.0,"played":[1.0,0.0,0.0],"evs":[0.0,-0.68538,-1.40273]},"A6o":{"weight":1.0,"played":[1.0,0.0,0.0],"evs":[0.0,-0.50761,-0.91458]},"72s":{"weight":1.0,"played":[1.0,0.0,0.0],"evs":[0.0,-0.72681,-2.26102]},"73s":{"weight":1.0,"played":[1.0,0.0,0.0],"evs":[0.0,-0.57922,-1.93057]},"74s":{"weight":1.0,"played":[1.0,0.0,0.0],"evs":[0.0,-0.39013,-1.52122]},"75s":{"weight":1.0,"played":[1.0,0.0,0.0],"evs":[0.0,-0.20784,-1.20491]},"76s":{"weight":1.0,"played":[1.0,0.0,0.0],"evs":[0.0,-0.03321,-0.89423]},"77":{"weight":1.0,"played":[0.0,0.987,0.013],"evs":[0.0,1.00349,0.91909]},"87o":{"weight":1.0,"played":[1.0,0.0,0.0],"evs":[0.0,-0.52552,-1.68074]},"97o":{"weight":1.0,"played":[1.0,0.0,0.0],"evs":[0.0,-0.57855,-1.66986]},"T7o":{"weight":1.0,"played":[1.0,0.0,0.0],"evs":[0.0,-0.72188,-1.82953]},"J7o":{"weight":1.0,"played":[1.0,0.0,0.0],"evs":[0.0,-0.78487,-1.82903]},"Q7o":{"weight":1.0,"played":[1.0,0.0,0.0],"evs":[0.0,-0.76835,-1.77576]},"K7o":{"weight":1.0,"played":[1.0,0.0,0.0],"evs":[0.0,-0.65456,-1.41174]},"A7o":{"weight":1.0,"played":[1.0,0.0,0.0],"evs":[0.0,-0.40272,-0.76453]},"82s":{"weight":1.0,"played":[1.0,0.0,0.0],"evs":[0.0,-0.69578,-2.13246]},"83s":{"weight":1.0,"played":[1.0,0.0,0.0],"evs":[0.0,-0.6677,-2.05406]},"84s":{"weight":1.0,"played":[1.0,0.0,0.0],"evs":[0.0,-0.51817,-1.67026]},"85s":{"weight":1.0,"played":[1.0,0.0,0.0],"evs":[0.0,-0.33981,-1.32177]},"86s":{"weight":1.0,"played":[1.0,0.0,0.0],"evs":[0.0,-0.16471,-1.05173]},"87s":{"weight":1.0,"played":[0.999,0.001,0.0],"evs":[0.0,-0.05437,-0.81422]},"88":{"weight":1.0,"played":[0.0,0.9974,0.0026],"evs":[0.0,1.52051,1.4459]},"98o":{"weight":1.0,"played":[1.0,0.0,0.0],"evs":[0.0,-0.49545,-1.39573]},"T8o":{"weight":1.0,"played":[1.0,0.0,0.0],"evs":[0.0,-0.59218,-1.46562]},"J8o":{"weight":1.0,"played":[1.0,0.0,0.0],"evs":[0.0,-0.63396,-1.46589]},"Q8o":{"weight":1.0,"played":[1.0,0.0,0.0],"evs":[0.0,-0.64771,-1.45362]},"K8o":{"weight":1.0,"played":[1.0,0.0,0.0],"evs":[0.0,-0.58728,-1.32392]},"A8o":{"weight":1.0,"played":[1.0,0.0,0.0],"evs":[0.0,-0.20984,-0.57264]},"92s":{"weight":1.0,"played":[1.0,0.0,0.0],"evs":[0.0,-0.66152,-1.86488]},"93s":{"weight":1.0,"played":[1.0,0.0,0.0],"evs":[0.0,-0.63396,-1.73342]},"94s":{"weight":1.0,"played":[1.0,0.0,0.0],"evs":[0.0,-0.59924,-1.65699]},"95s":{"weight":1.0,"played":[1.0,0.0,0.0],"evs":[0.0,-0.46715,-1.36407]},"96s":{"weight":1.0,"played":[1.0,0.0,0.0],"evs":[0.0,-0.25398,-1.06083]},"97s":{"weight":1.0,"played":[1.0,0.0,0.0],"evs":[0.0,-0.08383,-0.77431]},"98s":{"weight":1.0,"played":[0.4542,0.5458,0.0],"evs":[0.0,0.00707,-0.58166]},"99":{"weight":1.0,"played":[0.0,0.0,1.0],"evs":[0.0,2.19806,2.4514]},"T9o":{"weight":1.0,"played":[1.0,0.0,0.0],"evs":[0.0,-0.44341,-1.00473]},"J9o":{"weight":1.0,"played":[1.0,0.0,0.0],"evs":[0.0,-0.4782,-1.00805]},"Q9o":{"weight":1.0,"played":[1.0,0.0,0.0],"evs":[0.0,-0.48626,-0.99185]},"K9o":{"weight":1.0,"played":[1.0,0.0,0.0],"evs":[0.0,-0.48413,-0.89787]},"A9o":{"weight":1.0,"played":[0.739,0.261,0.0],"evs":[0.0,-0.00489,-0.1394]},"T2s":{"weight":1.0,"played":[1.0,0.0,0.0],"evs":[0.0,-0.67915,-1.75117]},"T3s":{"weight":1.0,"played":[1.0,0.0,0.0],"evs":[0.0,-0.62491,-1.66428]},"T4s":{"weight":1.0,"played":[1.0,0.0,0.0],"evs":[0.0,-0.58599,-1.5633]},"T5s":{"weight":1.0,"played":[1.0,0.0,0.0],"evs":[0.0,-0.5741,-1.50716]},"T6s":{"weight":1.0,"played":[1.0,0.0,0.0],"evs":[0.0,-0.41175,-1.1726]},"T7s":{"weight":1.0,"played":[1.0,0.0,0.0],"evs":[0.0,-0.26694,-0.98225]},"T8s":{"weight":1.0,"played":[1.0,0.0,0.0],"evs":[0.0,-0.12036,-0.65972]},"T9s":{"weight":1.0,"played":[0.0038,0.9962,0.0],"evs":[0.0,0.09945,-0.15337]},"TT":{"weight":1.0,"played":[0.0,0.0,1.0],"evs":[0.0,3.18732,3.64296]},"JTo":{"weight":1.0,"played":[1.0,0.0,0.0],"evs":[0.0,-0.26059,-0.52792]},"QTo":{"weight":1.0,"played":[1.0,0.0,0.0],"evs":[0.0,-0.20019,-0.48524]},"KTo":{"weight":1.0,"played":[1.0,0.0,0.0],"evs":[0.0,-0.17702,-0.40652]},"ATo":{"weight":1.0,"played":[0.0,0.943,0.057],"evs":[0.0,0.53257,0.53361]},"J2s":{"weight":1.0,"played":[1.0,0.0,0.0],"evs":[0.0,-0.60124,-1.50424]},"J3s":{"weight":1.0,"played":[1.0,0.0,0.0],"evs":[0.0,-0.56475,-1.43266]},"J4s":{"weight":1.0,"played":[1.0,0.0,0.0],"evs":[0.0,-0.49076,-1.25146]},"J5s":{"weight":1.0,"played":[1.0,0.0,0.0],"evs":[0.0,-0.49145,-1.1917]},"J6s":{"weight":1.0,"played":[1.0,0.0,0.0],"evs":[0.0,-0.45829,-1.20103]},"J7s":{"weight":1.0,"played":[1.0,0.0,0.0],"evs":[0.0,-0.31197,-0.95444]},"J8s":{"weight":1.0,"played":[1.0,0.0,0.0],"evs":[0.0,-0.17625,-0.60732]},"J9s":{"weight":1.0,"played":[0.0033,0.9967,0.0],"evs":[0.0,0.0612,-0.17106]},"JTs":{"weight":1.0,"played":[2.0E-4,0.921,0.0788],"evs":[0.0,0.29483,0.23589]},"JJ":{"weight":1.0,"played":[0.0,0.0,1.0],"evs":[0.0,4.62736,4.92281]},"QJo":{"weight":1.0,"played":[0.429,0.571,0.0],"evs":[0.0,4.6E-4,-0.19246]},"KJo":{"weight":1.0,"played":[0.0,1.0,0.0],"evs":[0.0,0.1092,-0.01122]},"AJo":{"weight":1.0,"played":[0.0,0.152,0.848],"evs":[0.0,1.1428,1.14502]},"Q2s":{"weight":1.0,"played":[1.0,0.0,0.0],"evs":[0.0,-0.45206,-1.21584]},"Q3s":{"weight":1.0,"played":[1.0,0.0,0.0],"evs":[0.0,-0.43835,-1.18147]},"Q4s":{"weight":1.0,"played":[1.0,0.0,0.0],"evs":[0.0,-0.37024,-0.96924]},"Q5s":{"weight":1.0,"played":[1.0,0.0,0.0],"evs":[0.0,-0.34544,-0.94628]},"Q6s":{"weight":1.0,"played":[1.0,0.0,0.0],"evs":[0.0,-0.30893,-0.87342]},"Q7s":{"weight":1.0,"played":[1.0,0.0,0.0],"evs":[0.0,-0.31851,-0.91969]},"Q8s":{"weight":1.0,"played":[1.0,0.0,0.0],"evs":[0.0,-0.14681,-0.57805]},"Q9s":{"weight":1.0,"played":[0.0333,0.9667,0.0],"evs":[0.0,0.05746,-0.166]},"QTs":{"weight":1.0,"played":[0.0,0.8501,0.1499],"evs":[0.0,0.34224,0.30789]},"QJs":{"weight":1.0,"played":[0.0,0.6164,0.3836],"evs":[0.0,0.56433,0.56363]},"QQ":{"weight":1.0,"played":[0.0,0.7511,0.2489],"evs":[0.0,6.34487,6.35171]},"KQo":{"weight":1.0,"played":[0.0,0.2263,0.7737],"evs":[0.0,0.50976,0.53185]},"AQo":{"weight":1.0,"played":[0.0,0.0046,0.9954],"evs":[0.0,1.93307,1.95393]},"K2s":{"weight":1.0,"played":[1.0,0.0,0.0],"evs":[0.0,-0.37752,-0.91528]},"K3s":{"weight":1.0,"played":[1.0,0.0,0.0],"evs":[0.0,-0.31916,-0.87806]},"K4s":{"weight":1.0,"played":[1.0,0.0,0.0],"evs":[0.0,-0.27274,-0.67285]},"K5s":{"weight":1.0,"played":[1.0,0.0,0.0],"evs":[0.0,-0.20804,-0.61749]},"K6s":{"weight":1.0,"played":[1.0,0.0,0.0],"evs":[0.0,-0.17248,-0.4886]},"K7s":{"weight":1.0,"played":[1.0,0.0,0.0],"evs":[0.0,-0.17047,-0.50147]},"K8s":{"weight":1.0,"played":[1.0,0.0,0.0],"evs":[0.0,-0.08004,-0.4852]},"K9s":{"weight":1.0,"played":[0.0256,0.9744,0.0],"evs":[0.0,0.07503,-0.07629]},"KTs":{"weight":1.0,"played":[1.0E-4,0.9688,0.0311],"evs":[0.0,0.45072,0.37049]},"KJs":{"weight":1.0,"played":[0.0,0.9793,0.0207],"evs":[0.0,0.72315,0.71788]},"KQs":{"weight":1.0,"played":[0.0,0.9293,0.0707],"evs":[0.0,1.24267,1.23087]},"KK":{"weight":1.0,"played":[0.0,1.0,0.0],"evs":[0.0,8.71672,8.29709]},"AKo":{"weight":1.0,"played":[0.0,0.0,1.0],"evs":[0.0,3.08631,3.39571]},"A2s":{"weight":1.0,"played":[0.9953,0.0,0.0047],"evs":[0.0,-0.04636,-0.11836]},"A3s":{"weight":1.0,"played":[0.8984,0.1,0.0016],"evs":[0.0,-0.00822,-0.06382]},"A4s":{"weight":1.0,"played":[0.0015,0.69,0.3085],"evs":[0.0,0.08041,0.08777]},"A5s":{"weight":1.0,"played":[1.0E-4,0.0277,0.9722],"evs":[0.0,0.16236,0.18188]},"A6s":{"weight":1.0,"played":[0.0068,0.9931,1.0E-4],"evs":[0.0,0.04237,-0.05368]},"A7s":{"weight":1.0,"played":[1.0E-4,0.9984,0.0015],"evs":[0.0,0.17702,0.0652]},"A8s":{"weight":1.0,"played":[0.0,0.9996,4.0E-4],"evs":[0.0,0.36158,0.23632]},"A9s":{"weight":1.0,"played":[0.0,0.9994,6.0E-4],"evs":[0.0,0.66907,0.64539]},"ATs":{"weight":1.0,"played":[0.0,0.9998,2.0E-4],"evs":[0.0,1.33008,1.25038]},"AJs":{"weight":1.0,"played":[0.0,0.9993,7.0E-4],"evs":[0.0,1.99608,1.8466]},"AQs":{"weight":1.0,"played":[0.0,0.9978,0.0022],"evs":[0.0,2.79724,2.57797]},"AKs":{"weight":1.0,"played":[0.0,0.1647,0.8353],"evs":[0.0,3.94121,3.94841]},"AA":{"weight":1.0,"played":[0.0,1.0,0.0],"evs":[0.0,12.04648,10.78075]}}}