{"player":4,"street":0,"children":3,"sequence":[{"player":0,"type":"R","amount":200000,"street":0},{"player":1,"type":"F","amount":0,"street":0},{"player":2,"type":"F","amount":0,"street":0},{"player":3,"type":"F","amount":0,"street":0}],"actions":[{"type":"F","amount":0},{"type":"C","amount":100000},{"type":"R","amount":1015000,"node":84}],"hands":{"22":{"weight":1.0,"played":[0.0,0.9999,1.0E-4],"evs":[0.0,0.82563,0.38767]},"32o":{"weight":1.0,"played":[0.9976,0.0024,0.0],"evs":[0.0,-0.04434,-3.30583]},"42o":{"weight":1.0,"played":[0.9976,0.0024,0.0],"evs":[0.0,-0.01121,-3.16577]},"52o":{"weight":1.0,"played":[0.8323,0.1677,0.0],"evs":[0.0,-0.01537,-3.1443]},"62o":{"weight":1.0,"played":[0.9999,1.0E-4,0.0],"evs":[0.0,-0.10233,-3.43948]},"72o":{"weight":1.0,"played":[1.0,0.0,0.0],"evs":[0.0,-0.22096,-3.70191]},"82o":{"weight":1.0,"played":[1.0,0.0,0.0],"evs":[0.0,-0.18312,-3.54507]},"92o":{"weight":1.0,"played":[1.0,0.0,0.0],"evs":[0.0,-0.12449,-3.31883]},"T2o":{"weight":1.0,"played":[1.0,0.0,0.0],"evs":[0.0,-0.11236,-3.16838]},"J2o":{"weight":1.0,"played":[2.0E-4,0.9998,0.0],"evs":[0.0,0.03936,-2.83372]},"Q2o":{"weight":1.0,"played":[0.0,1.0,0.0],"evs":[0.0,0.16708,-2.32493]},"K2o":{"weight":1.0,"played":[0.0,1.0,0.0],"evs":[0.0,0.28346,-1.38541]},"A2o":{"weight":1.0,"played":[0.0,1.0,0.0],"evs":[0.0,0.68366,0.27432]},"32s":{"weight":1.0,"played":[1.0E-4,0.9999,0.0],"evs":[0.0,0.33045,-2.41051]},"33":{"weight":1.0,"played":[0.0,1.0,0.0],"evs":[0.0,0.90477,0.58721]},"43o":{"weight":1.0,"played":[2.0E-4,0.9998,0.0],"evs":[0.0,0.1225,-2.80116]},"53o":{"weight":1.0,"played":[0.0,1.0,0.0],"evs":[0.0,0.13789,-2.77355]},"63o":{"weight":1.0,"played":[0.022,0.978,0.0],"evs":[0.0,0.02331,-3.09968]},"73o":{"weight":1.0,"played":[1.0,0.0,0.0],"evs":[0.0,-0.10387,-3.34857]},"83o":{"weight":1.0,"played":[1.0,0.0,0.0],"evs":[0.0,-0.19835,-3.54443]},"93o":{"weight":1.0,"played":[1.0,0.0,0.0],"evs":[0.0,-0.09317,-3.22343]},"T3o":{"weight":1.0,"played":[1.0,0.0,0.0],"evs":[0.0,-0.09427,-3.08114]},"J3o":{"weight":1.0,"played":[3.0E-4,0.9997,0.0],"evs":[0.0,0.04164,-2.73059]},"Q3o":{"weight":1.0,"played":[0.0,1.0,0.0],"evs":[0.0,0.17347,-2.21074]},"K3o":{"weight":1.0,"played":[0.0,1.0,0.0],"evs":[0.0,0.27659,-1.31969]},"A3o":{"weight":1.0,"played":[0.0,1.0,0.0],"evs":[0.0,0.74548,0.35641]},"42s":{"weight":1.0,"played":[0.0,1.0,0.0],"evs":[0.0,0.36215,-2.28321]},"43s":{"weight":1.0,"played":[0.0,1.0,0.0],"evs":[0.0,0.50626,-1.9267]},"44":{"weight":1.0,"played":[0.0,1.0,0.0],"evs":[0.0,1.0702,0.95653]},"54o":{"weight":1.0,"played":[0.0,1.0,0.0],"evs":[0.0,0.2863,-2.39861]},"64o":{"weight":1.0,"played":[0.0,1.0,0.0],"evs":[0.0,0.17246,-2.70054]},"74o":{"weight":1.0,"played":[1.0E-4,0.9999,0.0],"evs":[0.0,0.04722,-2.92848]},"84o":{"weight":1.0,"played":[1.0,0.0,0.0],"evs":[0.0,-0.05385,-3.12337]},"94o":{"weight":1.0,"played":[1.0,0.0,0.0],"evs":[0.0,-0.07686,-3.14439]},"T4o":{"weight":1.0,"played":[1.0,0.0,0.0],"evs":[0.0,-0.05566,-2.93786]},"J4o":{"weight":1.0,"played":[0.0012,0.9988,0.0],"evs":[0.0,0.0769,-2.61671]},"Q4o":{"weight":1.0,"played":[0.0,1.0,0.0],"evs":[0.0,0.20739,-2.07542]},"K4o":{"weight":1.0,"played":[0.0,1.0,0.0],"evs":[0.0,0.32711,-1.17508]},"A4o":{"weight":1.0,"played":[0.0,1.0,0.0],"evs":[0.0,0.79325,0.46349]},"52s":{"weight":1.0,"played":[0.0,1.0,0.0],"evs":[0.0,0.37416,-2.27061]},"53s":{"weight":1.0,"played":[0.0,1.0,0.0],"evs":[0.0,0.49328,-1.95571]},"54s":{"weight":1.0,"played":[0.0,1.0,0.0],"evs":[0.0,0.66939,-1.55163]},"55":{"weight":1.0,"played":[0.0,0.0944,0.9056],"evs":[0.0,1.24118,1.24481]},"65o":{"weight":1.0,"played":[0.0,1.0,0.0],"evs":[0.0,0.29019,-2.44489]},"75o":{"weight":1.0,"played":[0.0,1.0,0.0],"evs":[0.0,0.15442,-2.69502]},"85o":{"weight":1.0,"played":[1.0E-4,0.9999,0.0],"evs":[0.0,0.04867,-2.85625]},"95o":{"weight":1.0,"played":[0.0347,0.9653,0.0],"evs":[0.0,0.01194,-2.88152]},"T5o":{"weight":1.0,"played":[1.0,0.0,0.0],"evs":[0.0,-0.09253,-3.00147]},"J5o":{"weight":1.0,"played":[0.0011,0.9989,0.0],"evs":[0.0,0.03995,-2.61385]},"Q5o":{"weight":1.0,"played":[0.0,1.0,0.0],"evs":[0.0,0.14901,-2.12654]},"K5o":{"weight":1.0,"played":[0.0,1.0,0.0],"evs":[0.0,0.30996,-1.13948]},"A5o":{"weight":1.0,"played":[0.0,1.0,0.0],"evs":[0.0,0.85323,0.59989]},"62s":{"weight":1.0,"played":[0.0,1.0,0.0],"evs":[0.0,0.25773,-2.53445]},"63s":{"weight":1.0,"played":[0.0,1.0,0.0],"evs":[0.0,0.40546,-2.19399]},"64s":{"weight":1.0,"played":[0.0,1.0,0.0],"evs":[0.0,0.59025,-1.77365]},"65s":{"weight":1.0,"played":[0.0,1.0,0.0],"evs":[0.0,0.67491,-1.57809]},"66":{"weight":1.0,"played":[0.0,0.0,1.0],"evs":[0.0,1.37321,1.53365]},"76o":{"weight":1.0,"played":[0.0,1.0,0.0],"evs":[0.0,0.28199,-2.387]},"86o":{"weight":1.0,"played":[0.0,1.0,0.0],"evs":[0.0,0.19303,-2.52251]},"96o":{"weight":1.0,"played":[0.0,1.0,0.0],"evs":[0.0,0.14612,-2.54316]},"T6o":{"weight":1.0,"played":[0.2268,0.7732,0.0],"evs":[0.0,0.00938,-2.69754]},"J6o":{"weight":1.0,"played":[0.0,1.0,0.0],"evs":[0.0,0.0462,-2.60208]},"Q6o":{"weight":1.0,"played":[0.0,1.0,0.0],"evs":[0.0,0.1801,-2.0285]},"K6o":{"weight":1.0,"played":[0.0,1.0,0.0],"evs":[0.0,0.34313,-1.00675]},"A6o":{"weight":1.0,"played":[0.0,1.0,0.0],"evs":[0.0,0.77255,0.5432]},"72s":{"weight":1.0,"played":[0.0,1.0,0.0],"evs":[0.0,0.15352,-2.76624]},"73s":{"weight":1.0,"played":[0.0,1.0,0.0],"evs":[0.0,0.28308,-2.44176]},"74s":{"weight":1.0,"played":[0.0,1.0,0.0],"evs":[0.0,0.44056,-2.04403]},"75s":{"weight":1.0,"played":[0.0,1.0,0.0],"evs":[0.0,0.54037,-1.81258]},"76s":{"weight":1.0,"played":[0.0,1.0,0.0],"evs":[0.0,0.68952,-1.52513]},"77":{"weight":1.0,"played":[0.0,0.0,1.0],"evs":[0.0,1.56329,1.9206]},"87o":{"weight":1.0,"played":[0.0,1.0,0.0],"evs":[0.0,0.32791,-2.2678]},"97o":{"weight":1.0,"played":[0.0,1.0,0.0],"evs":[0.0,0.32251,-2.24624]},"T7o":{"weight":1.0,"played":[0.0,1.0,0.0],"evs":[0.0,0.19487,-2.37657]},"J7o":{"weight":1.0,"played":[0.0,1.0,0.0],"evs":[0.0,0.20274,-2.29823]},"Q7o":{"weight":1.0,"played":[0.0,1.0,0.0],"evs":[0.0,0.23216,-2.00414]},"K7o":{"weight":1.0,"played":[0.0,1.0,0.0],"evs":[0.0,0.4204,-0.86988]},"A7o":{"weight":1.0,"played":[0.0,0.9998,2.0E-4],"evs":[0.0,0.96208,0.9364]},"82s":{"weight":1.0,"played":[0.0,1.0,0.0],"evs":[0.0,0.18992,-2.61324]},"83s":{"weight":1.0,"played":[0.0,1.0,0.0],"evs":[0.0,0.19685,-2.57765]},"84s":{"weight":1.0,"played":[0.0,1.0,0.0],"evs":[0.0,0.33628,-2.20044]},"85s":{"weight":1.0,"played":[0.0,1.0,0.0],"evs":[0.0,0.43096,-1.98203]},"86s":{"weight":1.0,"played":[0.0,1.0,0.0],"evs":[0.0,0.60522,-1.65408]},"87s":{"weight":1.0,"played":[0.0,1.0,0.0],"evs":[0.0,0.74084,-1.43456]},"88":{"weight":1.0,"played":[0.0,0.0,1.0],"evs":[0.0,1.9702,2.60954]},"98o":{"weight":1.0,"played":[0.0,1.0,0.0],"evs":[0.0,0.42598,-1.93785]},"T8o":{"weight":1.0,"played":[0.0,1.0,0.0],"evs":[0.0,0.34865,-2.0407]},"J8o":{"weight":1.0,"played":[0.0,1.0,0.0],"evs":[0.0,0.3583,-1.96924]},"Q8o":{"weight":1.0,"played":[0.0,1.0,0.0],"evs":[0.0,0.38926,-1.61893]},"K8o":{"weight":1.0,"played":[0.0,1.0,0.0],"evs":[0.0,0.48332,-0.62447]},"A8o":{"weight":1.0,"played":[0.0,0.0,1.0],"evs":[0.0,1.20555,1.50262]},"92s":{"weight":1.0,"played":[0.0,1.0,0.0],"evs":[0.0,0.27857,-2.37387]},"93s":{"weight":1.0,"played":[0.0,1.0,0.0],"evs":[0.0,0.26773,-2.3112]},"94s":{"weight":1.0,"played":[0.0,1.0,0.0],"evs":[0.0,0.33554,-2.20081]},"95s":{"weight":1.0,"played":[0.0,1.0,0.0],"evs":[0.0,0.4303,-1.98466]},"96s":{"weight":1.0,"played":[0.0,1.0,0.0],"evs":[0.0,0.54215,-1.67144]},"97s":{"weight":1.0,"played":[0.0,1.0,0.0],"evs":[0.0,0.7076,-1.41017]},"98s":{"weight":1.0,"played":[0.0,1.0,0.0],"evs":[0.0,0.81174,-1.1364]},"99":{"weight":1.0,"played":[0.0,0.0,1.0],"evs":[0.0,2.41483,3.44796]},"T9o":{"weight":1.0,"played":[0.0,1.0,0.0],"evs":[0.0,0.57853,-1.54056]},"J9o":{"weight":1.0,"played":[0.0,1.0,0.0],"evs":[0.0,0.60748,-1.4487]},"Q9o":{"weight":1.0,"played":[0.0,1.0,0.0],"evs":[0.0,0.60096,-1.12136]},"K9o":{"weight":1.0,"played":[0.0,1.0,0.0],"evs":[0.0,0.66213,-0.20749]},"A9o":{"weight":1.0,"played":[0.0,0.0,1.0],"evs":[0.0,1.50701,2.12611]},"T2s":{"weight":1.0,"played":[0.0,1.0,0.0],"evs":[0.0,0.26888,-2.27932]},"T3s":{"weight":1.0,"played":[0.0,1.0,0.0],"evs":[0.0,0.30858,-2.17782]},"T4s":{"weight":1.0,"played":[0.0,1.0,0.0],"evs":[0.0,0.33612,-2.04528]},"T5s":{"weight":1.0,"played":[0.0,1.0,0.0],"evs":[0.0,0.30746,-2.08114]},"T6s":{"weight":1.0,"played":[0.0,1.0,0.0],"evs":[0.0,0.45001,-1.77605]},"T7s":{"weight":1.0,"played":[0.0,1.0,0.0],"evs":[0.0,0.60599,-1.52666]},"T8s":{"weight":1.0,"played":[0.0,1.0,0.0],"evs":[0.0,0.77707,-1.18046]},"T9s":{"weight":1.0,"played":[0.0,1.0,0.0],"evs":[0.0,1.01495,-0.72001]},"TT":{"weight":1.0,"played":[0.0,0.0,1.0],"evs":[0.0,3.06361,4.54717]},"JTo":{"weight":1.0,"played":[0.0,1.0,0.0],"evs":[0.0,0.79833,-0.85223]},"QTo":{"weight":1.0,"played":[0.0,1.0,0.0],"evs":[0.0,0.96525,-0.25138]},"KTo":{"weight":1.0,"played":[0.0,1.0,0.0],"evs":[0.0,1.1158,0.82387]},"ATo":{"weight":1.0,"played":[0.0,0.0,1.0],"evs":[0.0,2.30939,3.42442]},"J2s":{"weight":1.0,"played":[0.0,1.0,0.0],"evs":[0.0,0.44744,-1.94668]},"J3s":{"weight":1.0,"played":[0.0,1.0,0.0],"evs":[0.0,0.44915,-1.84575]},"J4s":{"weight":1.0,"played":[0.0,1.0,0.0],"evs":[0.0,0.46506,-1.72961]},"J5s":{"weight":1.0,"played":[0.0,1.0,0.0],"evs":[0.0,0.44679,-1.70636]},"J6s":{"weight":1.0,"played":[0.0,1.0,0.0],"evs":[0.0,0.44711,-1.74063]},"J7s":{"weight":1.0,"played":[0.0,1.0,0.0],"evs":[0.0,0.6474,-1.42103]},"J8s":{"weight":1.0,"played":[0.0,1.0,0.0],"evs":[0.0,0.78773,-1.11568]},"J9s":{"weight":1.0,"played":[0.0,1.0,0.0],"evs":[0.0,1.01711,-0.62936]},"JTs":{"weight":1.0,"played":[0.0,1.0,0.0],"evs":[0.0,1.29073,-0.04203]},"JJ":{"weight":1.0,"played":[0.0,0.0,1.0],"evs":[0.0,4.06662,5.71928]},"QJo":{"weight":1.0,"played":[0.0,1.0,0.0],"evs":[0.0,1.24671,0.4573]},"KJo":{"weight":1.0,"played":[0.0,0.7145,0.2855],"evs":[0.0,1.46955,1.46981]},"AJo":{"weight":1.0,"played":[0.0,0.0,1.0],"evs":[0.0,2.73258,3.90904]},"Q2s":{"weight":1.0,"played":[0.0,1.0,0.0],"evs":[0.0,0.54983,-1.46857]},"Q3s":{"weight":1.0,"played":[0.0,1.0,0.0],"evs":[0.0,0.5973,-1.34466]},"Q4s":{"weight":1.0,"played":[0.0,1.0,0.0],"evs":[0.0,0.62485,-1.20534]},"Q5s":{"weight":1.0,"played":[0.0,1.0,0.0],"evs":[0.0,0.58668,-1.25543]},"Q6s":{"weight":1.0,"played":[0.0,1.0,0.0],"evs":[0.0,0.59096,-1.16744]},"Q7s":{"weight":1.0,"played":[0.0,1.0,0.0],"evs":[0.0,0.64837,-1.12907]},"Q8s":{"weight":1.0,"played":[0.0,1.0,0.0],"evs":[0.0,0.8328,-0.77824]},"Q9s":{"weight":1.0,"played":[0.0,1.0,0.0],"evs":[0.0,1.03127,-0.34182]},"QTs":{"weight":1.0,"played":[0.0,1.0,0.0],"evs":[0.0,1.39466,0.4702]},"QJs":{"weight":1.0,"played":[0.0,1.0,0.0],"evs":[0.0,1.71588,1.16184]},"QQ":{"weight":1.0,"played":[0.0,0.0,1.0],"evs":[0.0,4.99849,6.78801]},"KQo":{"weight":1.0,"played":[0.0,0.0,1.0],"evs":[0.0,1.81699,2.03796]},"AQo":{"weight":1.0,"played":[0.0,0.0,1.0],"evs":[0.0,3.07825,4.31659]},"K2s":{"weight":1.0,"played":[0.0,1.0,0.0],"evs":[0.0,0.72573,-0.57732]},"K3s":{"weight":1.0,"played":[0.0,1.0,0.0],"evs":[0.0,0.75845,-0.46284]},"K4s":{"weight":1.0,"played":[0.0,1.0,0.0],"evs":[0.0,0.80817,-0.35847]},"K5s":{"weight":1.0,"played":[0.0,1.0,0.0],"evs":[0.0,0.7578,-0.36668]},"K6s":{"weight":1.0,"played":[0.0,1.0,0.0],"evs":[0.0,0.8107,-0.20728]},"K7s":{"weight":1.0,"played":[0.0,1.0,0.0],"evs":[0.0,0.90096,-0.06194]},"K8s":{"weight":1.0,"played":[0.0,1.0,0.0],"evs":[0.0,0.97605,0.17197]},"K9s":{"weight":1.0,"played":[0.0,1.0,0.0],"evs":[0.0,1.14912,0.56055]},"KTs":{"weight":1.0,"played":[0.0,0.9992,8.0E-4],"evs":[0.0,1.61505,1.53468]},"KJs":{"weight":1.0,"played":[0.0,0.0,1.0],"evs":[0.0,1.955,2.1277]},"KQs":{"weight":1.0,"played":[0.0,0.0,1.0],"evs":[0.0,2.27838,2.64746]},"KK":{"weight":1.0,"played":[0.0,0.0,1.0],"evs":[0.0,6.25295,8.15576]},"AKo":{"weight":1.0,"played":[0.0,0.0,1.0],"evs":[0.0,3.66355,5.05553]},"A2s":{"weight":1.0,"played":[0.0,0.9997,3.0E-4],"evs":[0.0,1.22111,1.02556]},"A3s":{"weight":1.0,"played":[0.0,1.0,0.0],"evs":[0.0,1.24565,1.09888]},"A4s":{"weight":1.0,"played":[0.0,1.0,0.0],"evs":[0.0,1.32839,1.23858]},"A5s":{"weight":1.0,"played":[0.0,0.9071,0.0929],"evs":[0.0,1.40298,1.35462]},"A6s":{"weight":1.0,"played":[0.0,0.764,0.236],"evs":[0.0,1.30088,1.26454]},"A7s":{"weight":1.0,"played":[0.0,2.0E-4,0.9998],"evs":[0.0,1.50925,1.59931]},"A8s":{"weight":1.0,"played":[0.0,0.0,1.0],"evs":[0.0,1.81791,2.21925]},"A9s":{"weight":1.0,"played":[0.0,0.0,1.0],"evs":[0.0,2.08672,2.76035]},"ATs":{"weight":1.0,"played":[0.0,0.0,1.0],"evs":[0.0,2.86728,3.96925]},"AJs":{"weight":1.0,"played":[0.0,0.0,1.0],"evs":[0.0,3.25465,4.4325]},"AQs":{"weight":1.0,"played":[0.0,0.0,1.0],"evs":[0.0,3.53611,4.78006]},"AKs":{"weight":1.0,"played":[0.0,0.0,1.0],"evs":[0.0,4.09682,5.47749]},"AA":{"weight":1.0,"played":[0.0,0.0,1.0],"evs":[0.0,8.63204,10.53348]}}}