{"player":0,"street":0,"children":2,"sequence":[{"player":0,"type":"R","amount":200000,"street":0},{"player":1,"type":"F","amount":0,"street":0},{"player":2,"type":"F","amount":0,"street":0},{"player":3,"type":"R","amount":1635000,"street":0},{"player":4,"type":"C","amount":915000,"street":0}],"actions":[{"type":"F","amount":0},{"type":"C","amount":1435000}],"hands":{"22":{"weight":0.0,"played":[0.999,0.001],"evs":[0.0,-0.36149]},"32o":{"weight":0.0,"played":[1.0,0.0],"evs":[0.0,-5.79912]},"42o":{"weight":0.0,"played":[1.0,0.0],"evs":[0.0,-5.24309]},"52o":{"weight":0.0,"played":[1.0,0.0],"evs":[0.0,-4.81743]},"62o":{"weight":0.0,"played":[1.0,0.0],"evs":[0.0,-5.06956]},"72o":{"weight":0.0,"played":[1.0,0.0],"evs":[0.0,-5.66217]},"82o":{"weight":0.0,"played":[1.0,0.0],"evs":[0.0,-5.44649]},"92o":{"weight":0.0,"played":[1.0,0.0],"evs":[0.0,-5.17631]},"T2o":{"weight":0.0,"played":[1.0,0.0],"evs":[0.0,-5.09932]},"J2o":{"weight":0.0,"played":[1.0,0.0],"evs":[0.0,-4.85155]},"Q2o":{"weight":0.0,"played":[1.0,0.0],"evs":[0.0,-4.37217]},"K2o":{"weight":0.0,"played":[1.0,0.0],"evs":[0.0,-3.70425]},"A2o":{"weight":0.0,"played":[1.0,0.0],"evs":[0.0,-4.17434]},"32s":{"weight":0.0,"played":[1.0,0.0],"evs":[0.0,-3.32267]},"33":{"weight":0.0,"played":[0.0105,0.9895],"evs":[0.0,0.67903]},"43o":{"weight":0.0,"played":[1.0,0.0],"evs":[0.0,-4.176]},"53o":{"weight":0.0,"played":[1.0,0.0],"evs":[0.0,-3.81483]},"63o":{"weight":0.0,"played":[1.0,0.0],"evs":[0.0,-4.14754]},"73o":{"weight":0.0,"played":[1.0,0.0],"evs":[0.0,-4.6977]},"83o":{"weight":0.0,"played":[1.0,0.0],"evs":[0.0,-5.22882]},"93o":{"weight":0.0,"played":[1.0,0.0],"evs":[0.0,-4.86701]},"T3o":{"weight":0.0,"played":[1.0,0.0],"evs":[0.0,-4.72322]},"J3o":{"weight":0.0,"played":[1.0,0.0],"evs":[0.0,-4.63232]},"Q3o":{"weight":0.0,"played":[1.0,0.0],"evs":[0.0,-4.09735]},"K3o":{"weight":0.0,"played":[1.0,0.0],"evs":[0.0,-3.21188]},"A3o":{"weight":0.0,"played":[1.0,0.0],"evs":[0.0,-4.00212]},"42s":{"weight":0.0,"played":[1.0,0.0],"evs":[0.0,-2.96958]},"43s":{"weight":0.0,"played":[1.0,0.0],"evs":[0.0,-2.27635]},"44":{"weight":0.7344,"played":[0.0,1.0],"evs":[0.0,1.51485]},"54o":{"weight":0.0,"played":[1.0,0.0],"evs":[0.0,-2.64093]},"64o":{"weight":0.0,"played":[1.0,0.0],"evs":[0.0,-3.06625]},"74o":{"weight":0.0,"played":[1.0,0.0],"evs":[0.0,-3.73238]},"84o":{"weight":0.0,"played":[1.0,0.0],"evs":[0.0,-4.16059]},"94o":{"weight":0.0,"played":[1.0,0.0],"evs":[0.0,-4.52414]},"T4o":{"weight":0.0,"played":[1.0,0.0],"evs":[0.0,-4.46276]},"J4o":{"weight":0.0,"played":[1.0,0.0],"evs":[0.0,-4.31432]},"Q4o":{"weight":0.0,"played":[1.0,0.0],"evs":[0.0,-3.60544]},"K4o":{"weight":0.0,"played":[1.0,0.0],"evs":[0.0,-2.93376]},"A4o":{"weight":0.0062,"played":[1.0,0.0],"evs":[0.0,-3.51551]},"52s":{"weight":0.0,"played":[1.0,0.0],"evs":[0.0,-2.68346]},"53s":{"weight":0.0,"played":[0.9999,1.0E-4],"evs":[0.0,-1.5767]},"54s":{"weight":0.0,"played":[0.9999,1.0E-4],"evs":[0.0,-0.69463]},"55":{"weight":0.0624,"played":[0.0,1.0],"evs":[0.0,2.98899]},"65o":{"weight":0.0,"played":[1.0,0.0],"evs":[0.0,-2.16142]},"75o":{"weight":0.0,"played":[1.0,0.0],"evs":[0.0,-2.6934]},"85o":{"weight":0.0,"played":[1.0,0.0],"evs":[0.0,-3.16719]},"95o":{"weight":0.0,"played":[1.0,0.0],"evs":[0.0,-3.59806]},"T5o":{"weight":0.0,"played":[1.0,0.0],"evs":[0.0,-4.10479]},"J5o":{"weight":0.0,"played":[1.0,0.0],"evs":[0.0,-3.60699]},"Q5o":{"weight":0.0,"played":[1.0,0.0],"evs":[0.0,-3.19146]},"K5o":{"weight":0.0,"played":[1.0,0.0],"evs":[0.0,-2.52047]},"A5o":{"weight":1.0,"played":[1.0,0.0],"evs":[0.0,-2.8781]},"62s":{"weight":0.0,"played":[1.0,0.0],"evs":[0.0,-2.89911]},"63s":{"weight":0.0,"played":[0.9999,1.0E-4],"evs":[0.0,-2.11212]},"64s":{"weight":0.0,"played":[0.9999,1.0E-4],"evs":[0.0,-1.14146]},"65s":{"weight":0.0,"played":[0.687,0.313],"evs":[0.0,-0.09346]},"66":{"weight":0.5495,"played":[0.0,1.0],"evs":[0.0,4.1948]},"76o":{"weight":0.0,"played":[1.0,0.0],"evs":[0.0,-1.764]},"86o":{"weight":0.0,"played":[1.0,0.0],"evs":[0.0,-2.11373]},"96o":{"weight":0.0,"played":[1.0,0.0],"evs":[0.0,-2.6093]},"T6o":{"weight":0.0,"played":[1.0,0.0],"evs":[0.0,-2.98037]},"J6o":{"weight":0.0,"played":[1.0,0.0],"evs":[0.0,-3.49493]},"Q6o":{"weight":0.0,"played":[1.0,0.0],"evs":[0.0,-3.04744]},"K6o":{"weight":0.0,"played":[1.0,0.0],"evs":[0.0,-2.08083]},"A6o":{"weight":0.9127,"played":[1.0,0.0],"evs":[0.0,-3.30776]},"72s":{"weight":0.0,"played":[1.0,0.0],"evs":[0.0,-3.30474]},"73s":{"weight":0.0,"played":[1.0,0.0],"evs":[0.0,-2.44107]},"74s":{"weight":0.0,"played":[1.0,0.0],"evs":[0.0,-1.29046]},"75s":{"weight":0.0,"played":[0.9632,0.0368],"evs":[0.0,-0.49066]},"76s":{"weight":0.0569,"played":[0.0034,0.9966],"evs":[0.0,0.38245]},"77":{"weight":0.1231,"played":[0.0,1.0],"evs":[0.0,5.22756]},"87o":{"weight":0.0,"played":[1.0,0.0],"evs":[0.0,-1.47452]},"97o":{"weight":0.0,"played":[1.0,0.0],"evs":[0.0,-1.65285]},"T7o":{"weight":0.0,"played":[1.0,0.0],"evs":[0.0,-2.22872]},"J7o":{"weight":0.0,"played":[1.0,0.0],"evs":[0.0,-2.45435]},"Q7o":{"weight":0.0,"played":[1.0,0.0],"evs":[0.0,-2.7163]},"K7o":{"weight":0.0,"played":[1.0,0.0],"evs":[0.0,-1.94608]},"A7o":{"weight":1.0,"played":[1.0,0.0],"evs":[0.0,-2.82493]},"82s":{"weight":0.0,"played":[1.0,0.0],"evs":[0.0,-3.17015]},"83s":{"weight":0.0,"played":[0.9999,1.0E-4],"evs":[0.0,-3.09016]},"84s":{"weight":0.0,"played":[0.9973,0.0027],"evs":[0.0,-2.30901]},"85s":{"weight":0.0,"played":[0.9963,0.0037],"evs":[0.0,-1.02335]},"86s":{"weight":0.0,"played":[0.9885,0.0115],"evs":[0.0,-0.3523]},"87s":{"weight":0.8685,"played":[2.0E-4,0.9998],"evs":[0.0,0.32755]},"88":{"weight":0.663,"played":[0.0,1.0],"evs":[0.0,6.62362]},"98o":{"weight":0.0,"played":[0.9992,8.0E-4],"evs":[0.0,-1.05339]},"T8o":{"weight":0.0,"played":[1.0,0.0],"evs":[0.0,-1.46281]},"J8o":{"weight":0.0,"played":[1.0,0.0],"evs":[0.0,-1.57085]},"Q8o":{"weight":0.0,"played":[1.0,0.0],"evs":[0.0,-2.01721]},"K8o":{"weight":0.0,"played":[1.0,0.0],"evs":[0.0,-1.70564]},"A8o":{"weight":0.932,"played":[1.0,0.0],"evs":[0.0,-2.16447]},"92s":{"weight":0.0,"played":[0.9999,1.0E-4],"evs":[0.0,-2.89373]},"93s":{"weight":0.0,"played":[1.0,0.0],"evs":[0.0,-2.81492]},"94s":{"weight":0.0,"played":[1.0,0.0],"evs":[0.0,-2.62647]},"95s":{"weight":0.0,"played":[1.0,0.0],"evs":[0.0,-1.66562]},"96s":{"weight":0.0,"played":[0.9962,0.0038],"evs":[0.0,-0.37898]},"97s":{"weight":0.9747,"played":[0.1726,0.8274],"evs":[0.0,0.35283]},"98s":{"weight":0.001,"played":[1.0E-4,0.9999],"evs":[0.0,0.46712]},"99":{"weight":1.0,"played":[0.0,1.0],"evs":[0.0,8.30772]},"T9o":{"weight":0.0,"played":[0.9997,3.0E-4],"evs":[0.0,-0.90634]},"J9o":{"weight":0.0,"played":[1.0,0.0],"evs":[0.0,-1.08335]},"Q9o":{"weight":0.0,"played":[1.0,0.0],"evs":[0.0,-1.23588]},"K9o":{"weight":0.0122,"played":[1.0,0.0],"evs":[0.0,-1.0881]},"A9o":{"weight":0.9999,"played":[1.0,0.0],"evs":[0.0,-1.2606]},"T2s":{"weight":0.0,"played":[1.0,0.0],"evs":[0.0,-2.79329]},"T3s":{"weight":0.0,"played":[1.0,0.0],"evs":[0.0,-2.29475]},"T4s":{"weight":0.0,"played":[1.0,0.0],"evs":[0.0,-2.24403]},"T5s":{"weight":0.0,"played":[0.9999,1.0E-4],"evs":[0.0,-2.0028]},"T6s":{"weight":0.0,"played":[0.9998,2.0E-4],"evs":[0.0,-0.97757]},"T7s":{"weight":1.0E-4,"played":[0.9935,0.0065],"evs":[0.0,-0.5512]},"T8s":{"weight":0.9001,"played":[4.0E-4,0.9996],"evs":[0.0,0.5276]},"T9s":{"weight":0.0,"played":[0.0016,0.9984],"evs":[0.0,1.23935]},"TT":{"weight":1.0,"played":[0.0,1.0],"evs":[0.0,10.28995]},"JTo":{"weight":1.0,"played":[0.9989,0.0011],"evs":[0.0,-0.16441]},"QTo":{"weight":1.0,"played":[1.0,0.0],"evs":[0.0,-0.35415]},"KTo":{"weight":1.0,"played":[0.9959,0.0041],"evs":[0.0,-0.1484]},"ATo":{"weight":0.2729,"played":[0.0,1.0],"evs":[0.0,0.7862]},"J2s":{"weight":0.0,"played":[1.0,0.0],"evs":[0.0,-2.75685]},"J3s":{"weight":0.0,"played":[0.9998,2.0E-4],"evs":[0.0,-2.49768]},"J4s":{"weight":0.0,"played":[1.0,0.0],"evs":[0.0,-1.77493]},"J5s":{"weight":0.0,"played":[1.0,0.0],"evs":[0.0,-1.6314]},"J6s":{"weight":0.0,"played":[0.9998,2.0E-4],"evs":[0.0,-1.18605]},"J7s":{"weight":0.0,"played":[0.9999,1.0E-4],"evs":[0.0,-0.59837]},"J8s":{"weight":0.987,"played":[0.5435,0.4565],"evs":[0.0,0.14442]},"J9s":{"weight":3.0E-4,"played":[0.0,1.0],"evs":[0.0,0.58673]},"JTs":{"weight":0.1953,"played":[0.0,1.0],"evs":[0.0,1.45151]},"JJ":{"weight":1.0,"played":[0.0,1.0],"evs":[0.0,13.11477]},"QJo":{"weight":1.0,"played":[0.1876,0.8124],"evs":[0.0,0.12958]},"KJo":{"weight":0.664,"played":[0.0033,0.9967],"evs":[0.0,0.5086]},"AJo":{"weight":2.0E-4,"played":[0.0,1.0],"evs":[0.0,2.88449]},"Q2s":{"weight":0.0,"played":[1.0,0.0],"evs":[0.0,-2.23963]},"Q3s":{"weight":0.0,"played":[1.0,0.0],"evs":[0.0,-1.69402]},"Q4s":{"weight":0.0,"played":[1.0,0.0],"evs":[0.0,-1.53815]},"Q5s":{"weight":0.0,"played":[0.9999,1.0E-4],"evs":[0.0,-1.25383]},"Q6s":{"weight":1.0E-4,"played":[0.9918,0.0082],"evs":[0.0,-0.44094]},"Q7s":{"weight":2.0E-4,"played":[0.9655,0.0345],"evs":[0.0,-0.48584]},"Q8s":{"weight":0.9999,"played":[0.2781,0.7219],"evs":[0.0,-0.11491]},"Q9s":{"weight":0.6071,"played":[0.0011,0.9989],"evs":[0.0,0.71025]},"QTs":{"weight":0.6492,"played":[0.0,1.0],"evs":[0.0,1.58887]},"QJs":{"weight":0.7581,"played":[0.0,1.0],"evs":[0.0,1.999]},"QQ":{"weight":1.0,"played":[0.0,1.0],"evs":[0.0,16.11605]},"KQo":{"weight":0.3348,"played":[0.0,1.0],"evs":[0.0,1.263]},"AQo":{"weight":2.0E-4,"played":[0.0,1.0],"evs":[0.0,5.15755]},"K2s":{"weight":0.0,"played":[1.0,0.0],"evs":[0.0,-1.21572]},"K3s":{"weight":0.0,"played":[0.9997,3.0E-4],"evs":[0.0,-1.10516]},"K4s":{"weight":0.0,"played":[0.9941,0.0059],"evs":[0.0,-0.40356]},"K5s":{"weight":0.8618,"played":[0.997,0.003],"evs":[0.0,-0.3477]},"K6s":{"weight":1.0,"played":[0.6881,0.3119],"evs":[0.0,0.10916]},"K7s":{"weight":1.0,"played":[0.0012,0.9988],"evs":[0.0,0.39166]},"K8s":{"weight":0.9992,"played":[0.4895,0.5105],"evs":[0.0,0.04093]},"K9s":{"weight":1.0E-4,"played":[0.0024,0.9976],"evs":[0.0,1.09186]},"KTs":{"weight":0.0024,"played":[0.0,1.0],"evs":[0.0,1.63553]},"KJs":{"weight":0.9986,"played":[0.0,1.0],"evs":[0.0,2.38273]},"KQs":{"weight":1.0,"played":[0.0,1.0],"evs":[0.0,2.99993]},"KK":{"weight":1.0,"played":[0.0,1.0],"evs":[0.0,19.97177]},"AKo":{"weight":0.9445,"played":[0.0,1.0],"evs":[0.0,7.6699]},"A2s":{"weight":0.9994,"played":[1.0,0.0],"evs":[0.0,-2.2265]},"A3s":{"weight":0.9989,"played":[0.9997,3.0E-4],"evs":[0.0,-1.53481]},"A4s":{"weight":0.152,"played":[1.0,0.0],"evs":[0.0,-1.23706]},"A5s":{"weight":0.2067,"played":[0.9992,8.0E-4],"evs":[0.0,-0.74919]},"A6s":{"weight":0.5952,"played":[0.994,0.006],"evs":[0.0,-1.21014]},"A7s":{"weight":0.6744,"played":[0.9944,0.0056],"evs":[0.0,-0.67586]},"A8s":{"weight":0.418,"played":[0.0421,0.9579],"evs":[0.0,0.24349]},"A9s":{"weight":0.9999,"played":[4.0E-4,0.9996],"evs":[0.0,0.80861]},"ATs":{"weight":1.0,"played":[0.0,1.0],"evs":[0.0,2.76179]},"AJs":{"weight":1.0,"played":[0.0,1.0],"evs":[0.0,4.42206]},"AQs":{"weight":1.0,"played":[0.0,1.0],"evs":[0.0,6.86916]},"AKs":{"weight":1.0,"played":[0.0,1.0],"evs":[0.0,9.10534]},"AA":{"weight":1.0,"played":[0.0,1.0],"evs":[0.0,26.4231]}}}