{"player":0,"street":0,"children":3,"sequence":[{"player":0,"type":"R","amount":200000,"street":0},{"player":1,"type":"F","amount":0,"street":0},{"player":2,"type":"C","amount":200000,"street":0},{"player":3,"type":"F","amount":0,"street":0},{"player":4,"type":"R","amount":1015000,"street":0}],"actions":[{"type":"F","amount":0,"node":97},{"type":"C","amount":815000,"node":98},{"type":"R","amount":1345000,"node":100}],"hands":{"22":{"weight":0.0,"played":[1.0E-4,0.2698,0.7301],"evs":[0.0,1.3726,1.38628]},"32o":{"weight":0.0,"played":[1.0,0.0,0.0],"evs":[0.0,-2.86527,-2.88293]},"42o":{"weight":0.0,"played":[1.0,0.0,0.0],"evs":[0.0,-2.4983,-2.51988]},"52o":{"weight":0.0,"played":[1.0,0.0,0.0],"evs":[0.0,-2.21812,-2.24898]},"62o":{"weight":0.0,"played":[1.0,0.0,0.0],"evs":[0.0,-2.80045,-2.82377]},"72o":{"weight":0.0,"played":[1.0,0.0,0.0],"evs":[0.0,-3.42535,-3.45904]},"82o":{"weight":0.0,"played":[1.0,0.0,0.0],"evs":[0.0,-3.11707,-3.13849]},"92o":{"weight":0.0,"played":[1.0,0.0,0.0],"evs":[0.0,-3.42081,-3.44812]},"T2o":{"weight":0.0,"played":[0.9998,0.0,1.0E-4],"evs":[0.0,-3.97328,-3.98586]},"J2o":{"weight":0.0,"played":[1.0,0.0,0.0],"evs":[0.0,-3.79839,-3.76482]},"Q2o":{"weight":0.0,"played":[1.0,0.0,0.0],"evs":[0.0,-2.50418,-2.51059]},"K2o":{"weight":0.0,"played":[0.9999,0.0,0.0],"evs":[0.0,-2.52131,-2.52371]},"A2o":{"weight":0.0,"played":[0.2209,0.2635,0.5156],"evs":[0.0,0.2352,0.28048]},"32s":{"weight":0.0,"played":[0.9996,1.0E-4,3.0E-4],"evs":[0.0,-1.40569,-1.42446]},"33":{"weight":0.0,"played":[0.0,0.4547,0.5453],"evs":[0.0,1.40678,1.42696]},"43o":{"weight":0.0,"played":[0.9999,0.0,0.0],"evs":[0.0,-2.13731,-2.1435]},"53o":{"weight":0.0,"played":[1.0,0.0,0.0],"evs":[0.0,-1.49411,-1.50999]},"63o":{"weight":0.0,"played":[0.9995,4.0E-4,1.0E-4],"evs":[0.0,-2.2898,-2.27966]},"73o":{"weight":0.0,"played":[0.9999,0.0,0.0],"evs":[0.0,-2.82091,-2.82956]},"83o":{"weight":0.0,"played":[1.0,0.0,0.0],"evs":[0.0,-3.06936,-3.11048]},"93o":{"weight":0.0,"played":[1.0,0.0,0.0],"evs":[0.0,-3.54572,-3.60897]},"T3o":{"weight":0.0,"played":[0.9999,1.0E-4,1.0E-4],"evs":[0.0,-3.85012,-3.86771]},"J3o":{"weight":0.0,"played":[1.0,0.0,0.0],"evs":[0.0,-3.73797,-3.71948]},"Q3o":{"weight":0.0,"played":[0.9999,0.0,0.0],"evs":[0.0,-2.69311,-2.67175]},"K3o":{"weight":0.0,"played":[0.9999,0.0,0.0],"evs":[0.0,-2.15039,-2.17032]},"A3o":{"weight":0.0,"played":[0.5575,0.2407,0.2019],"evs":[0.0,0.12643,0.11252]},"42s":{"weight":0.0,"played":[1.0,0.0,0.0],"evs":[0.0,-0.93727,-0.96457]},"43s":{"weight":0.0,"played":[0.9546,0.0287,0.0167],"evs":[0.0,-0.92699,-0.92391]},"44":{"weight":0.7344,"played":[1.0E-4,0.3247,0.6751],"evs":[0.0,2.34357,2.36892]},"54o":{"weight":0.0,"played":[0.9999,0.0,1.0E-4],"evs":[0.0,-0.68912,-0.70975]},"64o":{"weight":0.0,"played":[1.0,0.0,0.0],"evs":[0.0,-1.50231,-1.52246]},"74o":{"weight":0.0,"played":[1.0,0.0,0.0],"evs":[0.0,-1.87078,-1.89223]},"84o":{"weight":0.0,"played":[1.0,0.0,0.0],"evs":[0.0,-2.52993,-2.55452]},"94o":{"weight":0.0,"played":[0.9999,1.0E-4,1.0E-4],"evs":[0.0,-3.10911,-3.11996]},"T4o":{"weight":0.0,"played":[1.0,0.0,0.0],"evs":[0.0,-3.52728,-3.54766]},"J4o":{"weight":0.0,"played":[1.0,0.0,0.0],"evs":[0.0,-2.97284,-2.9794]},"Q4o":{"weight":0.0,"played":[1.0,0.0,0.0],"evs":[0.0,-2.19147,-2.17008]},"K4o":{"weight":0.0,"played":[1.0,0.0,0.0],"evs":[0.0,-1.98904,-1.99951]},"A4o":{"weight":0.0062,"played":[0.1101,0.4522,0.4377],"evs":[0.0,0.29866,0.30346]},"52s":{"weight":0.0,"played":[0.9917,0.0041,0.0042],"evs":[0.0,-0.77864,-0.85026]},"53s":{"weight":0.0,"played":[0.3453,0.2861,0.3686],"evs":[0.0,0.28036,0.30017]},"54s":{"weight":0.0,"played":[0.0011,0.9929,0.006],"evs":[0.0,1.14678,1.12438]},"55":{"weight":0.0624,"played":[0.0,0.0538,0.9462],"evs":[0.0,2.56534,2.60366]},"65o":{"weight":0.0,"played":[0.9997,1.0E-4,2.0E-4],"evs":[0.0,-0.8111,-0.81402]},"75o":{"weight":0.0,"played":[1.0,0.0,0.0],"evs":[0.0,-1.14737,-1.10776]},"85o":{"weight":0.0,"played":[1.0,0.0,0.0],"evs":[0.0,-1.51371,-1.4798]},"95o":{"weight":0.0,"played":[1.0,0.0,0.0],"evs":[0.0,-2.44892,-2.46325]},"T5o":{"weight":0.0,"played":[1.0,0.0,0.0],"evs":[0.0,-3.06138,-3.06783]},"J5o":{"weight":0.0,"played":[1.0,0.0,0.0],"evs":[0.0,-3.07883,-3.0665]},"Q5o":{"weight":0.0,"played":[0.9991,5.0E-4,3.0E-4],"evs":[0.0,-1.90266,-1.89048]},"K5o":{"weight":0.0,"played":[0.9997,0.0,3.0E-4],"evs":[0.0,-1.61325,-1.6311]},"A5o":{"weight":1.0,"played":[1.0E-4,0.3046,0.6953],"evs":[0.0,0.92007,0.93933]},"62s":{"weight":0.0,"played":[0.9852,0.0091,0.0057],"evs":[0.0,-0.3823,-0.37283]},"63s":{"weight":0.0,"played":[0.9443,0.0292,0.0265],"evs":[0.0,-0.5614,-0.58558]},"64s":{"weight":0.0,"played":[0.0204,0.2569,0.7227],"evs":[0.0,0.4354,0.48107]},"65s":{"weight":0.0,"played":[0.0039,0.1432,0.8529],"evs":[0.0,0.58684,0.61696]},"66":{"weight":0.5495,"played":[0.0,0.3282,0.6717],"evs":[0.0,3.48926,3.52278]},"76o":{"weight":0.0,"played":[0.9975,5.0E-4,0.002],"evs":[0.0,-0.70606,-0.70947]},"86o":{"weight":0.0,"played":[1.0,0.0,0.0],"evs":[0.0,-0.97352,-0.96674]},"96o":{"weight":0.0,"played":[0.9999,0.0,1.0E-4],"evs":[0.0,-1.61493,-1.64261]},"T6o":{"weight":0.0,"played":[0.9996,3.0E-4,2.0E-4],"evs":[0.0,-2.6344,-2.64928]},"J6o":{"weight":0.0,"played":[1.0,0.0,0.0],"evs":[0.0,-2.90296,-2.89572]},"Q6o":{"weight":0.0,"played":[1.0,0.0,0.0],"evs":[0.0,-1.92524,-1.91155]},"K6o":{"weight":0.0,"played":[0.9804,0.0049,0.0147],"evs":[0.0,-1.31066,-1.28158]},"A6o":{"weight":0.9127,"played":[0.3571,0.3486,0.2942],"evs":[0.0,0.17329,0.18321]},"72s":{"weight":0.0,"played":[1.0,0.0,0.0],"evs":[0.0,-2.02726,-2.06796]},"73s":{"weight":0.0,"played":[0.9944,0.0011,0.0045],"evs":[0.0,-1.07836,-1.12774]},"74s":{"weight":0.0,"played":[0.9227,0.0472,0.0301],"evs":[0.0,-0.6229,-0.66687]},"75s":{"weight":0.0,"played":[0.0244,0.5018,0.4738],"evs":[0.0,0.85454,0.86509]},"76s":{"weight":0.0569,"played":[1.0E-4,0.8516,0.1483],"evs":[0.0,1.10693,1.10994]},"77":{"weight":0.1231,"played":[0.0,0.0601,0.9399],"evs":[0.0,4.00062,4.0708]},"87o":{"weight":0.0,"played":[0.9926,7.0E-4,0.0066],"evs":[0.0,-0.56774,-0.57236]},"97o":{"weight":0.0,"played":[0.9931,0.0068,1.0E-4],"evs":[0.0,-1.15364,-1.18358]},"T7o":{"weight":0.0,"played":[1.0,0.0,0.0],"evs":[0.0,-2.01408,-1.99145]},"J7o":{"weight":0.0,"played":[1.0,0.0,0.0],"evs":[0.0,-2.83765,-2.81867]},"Q7o":{"weight":0.0,"played":[1.0,0.0,0.0],"evs":[0.0,-1.93855,-1.95166]},"K7o":{"weight":0.0,"played":[0.9957,0.0036,7.0E-4],"evs":[0.0,-1.39783,-1.40638]},"A7o":{"weight":1.0,"played":[2.0E-4,0.1043,0.8956],"evs":[0.0,0.71569,0.7265]},"82s":{"weight":0.0,"played":[0.9963,0.0019,0.0018],"evs":[0.0,-1.48843,-1.48282]},"83s":{"weight":0.0,"played":[1.0,0.0,0.0],"evs":[0.0,-1.9499,-1.96795]},"84s":{"weight":0.0,"played":[0.944,0.0309,0.0251],"evs":[0.0,-0.51774,-0.49887]},"85s":{"weight":0.0,"played":[0.3084,0.3779,0.3137],"evs":[0.0,0.31169,0.28097]},"86s":{"weight":0.0,"played":[0.034,0.3973,0.5688],"evs":[0.0,0.58135,0.60084]},"87s":{"weight":0.8685,"played":[1.0E-4,0.4818,0.5182],"evs":[0.0,0.97688,0.97027]},"88":{"weight":0.663,"played":[0.0,0.1965,0.8035],"evs":[0.0,5.00243,5.0719]},"98o":{"weight":0.0,"played":[0.9931,0.0016,0.0054],"evs":[0.0,-0.85686,-0.83095]},"T8o":{"weight":0.0,"played":[0.9989,2.0E-4,9.0E-4],"evs":[0.0,-1.61428,-1.6171]},"J8o":{"weight":0.0,"played":[0.9995,1.0E-4,5.0E-4],"evs":[0.0,-1.96392,-1.95209]},"Q8o":{"weight":0.0,"played":[1.0,0.0,0.0],"evs":[0.0,-1.04202,-1.04389]},"K8o":{"weight":0.0,"played":[0.9978,0.0011,0.0012],"evs":[0.0,-1.44666,-1.41946]},"A8o":{"weight":0.932,"played":[0.0,0.0603,0.9396],"evs":[0.0,0.53776,0.56808]},"92s":{"weight":0.0,"played":[0.9858,9.0E-4,0.0133],"evs":[0.0,-0.87727,-0.90394]},"93s":{"weight":0.0,"played":[0.9967,9.0E-4,0.0024],"evs":[0.0,-1.80313,-1.77897]},"94s":{"weight":0.0,"played":[0.9993,1.0E-4,6.0E-4],"evs":[0.0,-1.33579,-1.31208]},"95s":{"weight":0.0,"played":[0.9953,0.0013,0.0034],"evs":[0.0,-0.99452,-1.02028]},"96s":{"weight":0.0,"played":[0.5379,0.2449,0.2172],"evs":[0.0,0.19702,0.19432]},"97s":{"weight":0.9747,"played":[8.0E-4,0.4273,0.5719],"evs":[0.0,0.29324,0.29581]},"98s":{"weight":0.001,"played":[0.0059,0.369,0.6251],"evs":[0.0,0.91048,0.91318]},"99":{"weight":1.0,"played":[0.0,0.1354,0.8646],"evs":[0.0,5.38566,5.45143]},"T9o":{"weight":0.0,"played":[0.9912,0.0048,0.004],"evs":[0.0,-1.09827,-1.09822]},"J9o":{"weight":0.0,"played":[0.997,0.002,0.001],"evs":[0.0,-1.69609,-1.72189]},"Q9o":{"weight":0.0,"played":[0.9975,3.0E-4,0.0022],"evs":[0.0,-0.79674,-0.80176]},"K9o":{"weight":0.0122,"played":[0.9851,0.0109,0.0041],"evs":[0.0,-0.93741,-0.92984]},"A9o":{"weight":0.9999,"played":[2.0E-4,0.4493,0.5505],"evs":[0.0,1.46197,1.47512]},"T2s":{"weight":0.0,"played":[0.9973,0.0025,3.0E-4],"evs":[0.0,-2.00066,-1.98675]},"T3s":{"weight":0.0,"played":[0.9999,0.0,1.0E-4],"evs":[0.0,-1.44183,-1.41424]},"T4s":{"weight":0.0,"played":[0.9793,0.0111,0.0096],"evs":[0.0,-1.61387,-1.60384]},"T5s":{"weight":0.0,"played":[0.9979,8.0E-4,0.0013],"evs":[0.0,-1.55962,-1.63722]},"T6s":{"weight":0.0,"played":[0.8558,0.0529,0.0913],"evs":[0.0,-0.51814,-0.46727]},"T7s":{"weight":1.0E-4,"played":[0.7364,0.1616,0.102],"evs":[0.0,-0.42467,-0.46105]},"T8s":{"weight":0.9001,"played":[0.0012,0.5731,0.4257],"evs":[0.0,0.67994,0.67139]},"T9s":{"weight":0.0,"played":[0.021,0.334,0.645],"evs":[0.0,0.44925,0.48854]},"TT":{"weight":1.0,"played":[0.0,0.4568,0.5432],"evs":[0.0,7.45872,7.48072]},"JTo":{"weight":1.0,"played":[0.9998,0.0,2.0E-4],"evs":[0.0,-1.11563,-1.10624]},"QTo":{"weight":1.0,"played":[0.9601,0.0224,0.0175],"evs":[0.0,-0.24568,-0.24244]},"KTo":{"weight":1.0,"played":[0.1874,0.2802,0.5324],"evs":[0.0,0.10939,0.12842]},"ATo":{"weight":0.2729,"played":[0.0,1.0E-4,0.9999],"evs":[0.0,3.12188,3.16882]},"J2s":{"weight":0.0,"played":[0.9997,2.0E-4,1.0E-4],"evs":[0.0,-1.28254,-1.26894]},"J3s":{"weight":0.0,"played":[0.9822,0.011,0.0068],"evs":[0.0,-2.17215,-2.10623]},"J4s":{"weight":0.0,"played":[0.9997,2.0E-4,1.0E-4],"evs":[0.0,-1.88991,-1.8988]},"J5s":{"weight":0.0,"played":[0.988,0.0109,0.0011],"evs":[0.0,-0.97324,-0.98705]},"J6s":{"weight":0.0,"played":[0.9563,0.0272,0.0166],"evs":[0.0,-1.26829,-1.2978]},"J7s":{"weight":0.0,"played":[0.9584,0.0199,0.0217],"evs":[0.0,-0.49346,-0.52653]},"J8s":{"weight":0.987,"played":[0.6295,0.2065,0.164],"evs":[0.0,-0.547,-0.52732]},"J9s":{"weight":3.0E-4,"played":[0.1501,0.3441,0.5058],"evs":[0.0,0.12591,0.12052]},"JTs":{"weight":0.1953,"played":[0.0046,0.422,0.5734],"evs":[0.0,0.33911,0.36198]},"JJ":{"weight":1.0,"played":[0.0,0.0246,0.9754],"evs":[0.0,9.56826,9.63422]},"QJo":{"weight":1.0,"played":[0.0,1.0E-4,0.9999],"evs":[0.0,0.21999,0.24644]},"KJo":{"weight":0.664,"played":[0.0,0.2607,0.7393],"evs":[0.0,1.00327,1.03915]},"AJo":{"weight":2.0E-4,"played":[0.0,0.0427,0.9573],"evs":[0.0,5.36812,5.41874]},"Q2s":{"weight":0.0,"played":[0.9406,0.015,0.0444],"evs":[0.0,-0.7528,-0.71818]},"Q3s":{"weight":0.0,"played":[0.9991,2.0E-4,7.0E-4],"evs":[0.0,-0.63982,-0.62022]},"Q4s":{"weight":0.0,"played":[0.9649,0.0223,0.0128],"evs":[0.0,-0.78765,-0.75284]},"Q5s":{"weight":0.0,"played":[0.5469,0.2214,0.2317],"evs":[0.0,-0.1631,-0.15828]},"Q6s":{"weight":1.0E-4,"played":[0.4084,0.2706,0.321],"evs":[0.0,-0.10315,-0.07711]},"Q7s":{"weight":2.0E-4,"played":[0.7606,0.1487,0.0908],"evs":[0.0,-0.63497,-0.66222]},"Q8s":{"weight":0.9999,"played":[0.0258,0.5303,0.4439],"evs":[0.0,0.38502,0.38204]},"Q9s":{"weight":0.6071,"played":[8.0E-4,0.653,0.3461],"evs":[0.0,0.93065,0.93895]},"QTs":{"weight":0.6492,"played":[3.0E-4,0.3941,0.6056],"evs":[0.0,1.1364,1.15635]},"QJs":{"weight":0.7581,"played":[0.0,0.2497,0.7503],"evs":[0.0,2.10063,2.13915]},"QQ":{"weight":1.0,"played":[0.0,0.8425,0.1575],"evs":[0.0,12.34259,12.3335]},"KQo":{"weight":0.3348,"played":[0.0,0.001,0.999],"evs":[0.0,3.00863,3.03171]},"AQo":{"weight":2.0E-4,"played":[0.0,0.0685,0.9315],"evs":[0.0,6.89564,6.92793]},"K2s":{"weight":0.0,"played":[0.2946,0.3241,0.3814],"evs":[0.0,0.24404,0.23717]},"K3s":{"weight":0.0,"played":[0.7481,0.1092,0.1427],"evs":[0.0,-0.45182,-0.4587]},"K4s":{"weight":0.0,"played":[0.9281,0.0138,0.058],"evs":[0.0,-0.66884,-0.63701]},"K5s":{"weight":0.8618,"played":[0.6465,0.1442,0.2094],"evs":[0.0,0.31604,0.31709]},"K6s":{"weight":1.0,"played":[0.0217,0.2076,0.7707],"evs":[0.0,0.4786,0.52405]},"K7s":{"weight":1.0,"played":[0.0078,0.9198,0.0723],"evs":[0.0,0.11746,0.09427]},"K8s":{"weight":0.9992,"played":[0.0014,0.4497,0.5488],"evs":[0.0,0.53903,0.53423]},"K9s":{"weight":1.0E-4,"played":[3.0E-4,0.2246,0.7751],"evs":[0.0,0.62552,0.62653]},"KTs":{"weight":0.0024,"played":[0.0,0.2298,0.7701],"evs":[0.0,0.97579,0.98756]},"KJs":{"weight":0.9986,"played":[0.0,0.1977,0.8022],"evs":[0.0,3.30444,3.342]},"KQs":{"weight":1.0,"played":[0.0,0.3392,0.6608],"evs":[0.0,4.91373,4.94912]},"KK":{"weight":1.0,"played":[0.0,0.5599,0.4401],"evs":[0.0,15.34528,15.35891]},"AKo":{"weight":0.9445,"played":[0.0,0.1872,0.8128],"evs":[0.0,8.21831,8.2631]},"A2s":{"weight":0.9994,"played":[4.0E-4,0.1037,0.8959],"evs":[0.0,1.76102,1.80151]},"A3s":{"weight":0.9989,"played":[0.0,0.3151,0.6849],"evs":[0.0,1.92213,1.93255]},"A4s":{"weight":0.152,"played":[8.0E-4,0.0093,0.9899],"evs":[0.0,2.33747,2.38588]},"A5s":{"weight":0.2067,"played":[4.0E-4,0.0769,0.9227],"evs":[0.0,2.76583,2.7956]},"A6s":{"weight":0.5952,"played":[0.0012,0.0867,0.9122],"evs":[0.0,2.29079,2.3218]},"A7s":{"weight":0.6744,"played":[0.0,0.1794,0.8206],"evs":[0.0,2.11834,2.13548]},"A8s":{"weight":0.418,"played":[0.0,0.1851,0.8149],"evs":[0.0,2.92373,2.96459]},"A9s":{"weight":0.9999,"played":[0.0,0.2491,0.7509],"evs":[0.0,3.25285,3.27026]},"ATs":{"weight":1.0,"played":[0.0,0.2752,0.7248],"evs":[0.0,5.34442,5.3551]},"AJs":{"weight":1.0,"played":[0.0,0.3086,0.6914],"evs":[0.0,6.97732,6.99587]},"AQs":{"weight":1.0,"played":[0.0,4.0E-4,0.9996],"evs":[0.0,7.35438,7.38146]},"AKs":{"weight":1.0,"played":[0.0,0.3619,0.638],"evs":[0.0,9.89483,9.90219]},"AA":{"weight":1.0,"played":[0.0,0.0618,0.9382],"evs":[0.0,23.68617,23.76509]}}}