{"player":3,"street":0,"children":2,"sequence":[{"player":0,"type":"F","amount":0,"street":0},{"player":1,"type":"F","amount":0,"street":0},{"player":2,"type":"F","amount":0,"street":0},{"player":3,"type":"R","amount":200000,"street":0},{"player":4,"type":"F","amount":0,"street":0},{"player":5,"type":"R","amount":2235000,"street":0}],"actions":[{"type":"F","amount":0},{"type":"C","amount":2035000}],"hands":{"22":{"weight":0.0,"played":[0.0028,0.9972],"evs":[0.0,0.15005]},"32o":{"weight":0.0,"played":[1.0,0.0],"evs":[0.0,-5.23691]},"42o":{"weight":0.0,"played":[1.0,0.0],"evs":[0.0,-4.8508]},"52o":{"weight":0.0,"played":[1.0,0.0],"evs":[0.0,-4.67911]},"62o":{"weight":0.0,"played":[1.0,0.0],"evs":[0.0,-4.9734]},"72o":{"weight":0.0,"played":[1.0,0.0],"evs":[0.0,-5.12293]},"82o":{"weight":0.0,"played":[1.0,0.0],"evs":[0.0,-4.69314]},"92o":{"weight":0.0,"played":[1.0,0.0],"evs":[0.0,-4.37773]},"T2o":{"weight":0.0,"played":[1.0,0.0],"evs":[0.0,-4.0886]},"J2o":{"weight":0.0,"played":[1.0,0.0],"evs":[0.0,-3.9677]},"Q2o":{"weight":0.0,"played":[1.0,0.0],"evs":[0.0,-3.77688]},"K2o":{"weight":0.0,"played":[1.0,0.0],"evs":[0.0,-3.32069]},"A2o":{"weight":1.0,"played":[1.0,0.0],"evs":[0.0,-2.16008]},"32s":{"weight":0.0,"played":[1.0,0.0],"evs":[0.0,-3.96878]},"33":{"weight":0.0,"played":[0.0,1.0],"evs":[0.0,0.99604]},"43o":{"weight":0.0,"played":[1.0,0.0],"evs":[0.0,-4.23774]},"53o":{"weight":0.0,"played":[1.0,0.0],"evs":[0.0,-4.04746]},"63o":{"weight":0.0,"played":[1.0,0.0],"evs":[0.0,-4.3433]},"73o":{"weight":0.0,"played":[1.0,0.0],"evs":[0.0,-4.4925]},"83o":{"weight":0.0,"played":[1.0,0.0],"evs":[0.0,-4.52494]},"93o":{"weight":0.0,"played":[1.0,0.0],"evs":[0.0,-4.18236]},"T3o":{"weight":0.0,"played":[1.0,0.0],"evs":[0.0,-3.84156]},"J3o":{"weight":0.0,"played":[1.0,0.0],"evs":[0.0,-3.70463]},"Q3o":{"weight":0.0,"played":[1.0,0.0],"evs":[0.0,-3.48685]},"K3o":{"weight":0.0,"played":[1.0,0.0],"evs":[0.0,-3.08573]},"A3o":{"weight":0.996,"played":[1.0,0.0],"evs":[0.0,-1.87508]},"42s":{"weight":0.0,"played":[1.0,0.0],"evs":[0.0,-3.54211]},"43s":{"weight":0.0,"played":[1.0,0.0],"evs":[0.0,-2.91939]},"44":{"weight":0.2538,"played":[0.0,1.0],"evs":[0.0,1.89847]},"54o":{"weight":0.0,"played":[1.0,0.0],"evs":[0.0,-3.31348]},"64o":{"weight":0.0,"played":[1.0,0.0],"evs":[0.0,-3.65196]},"74o":{"weight":0.0,"played":[1.0,0.0],"evs":[0.0,-3.8314]},"84o":{"weight":0.0,"played":[1.0,0.0],"evs":[0.0,-3.79369]},"94o":{"weight":0.0,"played":[1.0,0.0],"evs":[0.0,-3.88599]},"T4o":{"weight":0.0,"played":[1.0,0.0],"evs":[0.0,-3.50431]},"J4o":{"weight":0.0,"played":[1.0,0.0],"evs":[0.0,-3.31914]},"Q4o":{"weight":0.0,"played":[1.0,0.0],"evs":[0.0,-3.15177]},"K4o":{"weight":0.0,"played":[1.0,0.0],"evs":[0.0,-2.73549]},"A4o":{"weight":0.7413,"played":[1.0,0.0],"evs":[0.0,-1.53371]},"52s":{"weight":0.0,"played":[1.0,0.0],"evs":[0.0,-3.30171]},"53s":{"weight":0.0,"played":[1.0,0.0],"evs":[0.0,-2.61128]},"54s":{"weight":1.0,"played":[1.0,0.0],"evs":[0.0,-2.09891]},"55":{"weight":0.9998,"played":[0.0,1.0],"evs":[0.0,2.77603]},"65o":{"weight":0.0,"played":[1.0,0.0],"evs":[0.0,-3.08535]},"75o":{"weight":0.0,"played":[1.0,0.0],"evs":[0.0,-3.23108]},"85o":{"weight":0.0,"played":[1.0,0.0],"evs":[0.0,-3.30235]},"95o":{"weight":0.0,"played":[1.0,0.0],"evs":[0.0,-3.36692]},"T5o":{"weight":0.0,"played":[1.0,0.0],"evs":[0.0,-3.41339]},"J5o":{"weight":0.0,"played":[1.0,0.0],"evs":[0.0,-3.15457]},"Q5o":{"weight":0.0,"played":[1.0,0.0],"evs":[0.0,-3.0197]},"K5o":{"weight":1.0E-4,"played":[1.0,0.0],"evs":[0.0,-2.54728]},"A5o":{"weight":0.942,"played":[1.0,0.0],"evs":[0.0,-1.14455]},"62s":{"weight":0.0,"played":[1.0,0.0],"evs":[0.0,-3.65021]},"63s":{"weight":0.0,"played":[1.0,0.0],"evs":[0.0,-3.01922]},"64s":{"weight":0.9998,"played":[1.0,0.0],"evs":[0.0,-2.35454]},"65s":{"weight":1.0,"played":[1.0,0.0],"evs":[0.0,-1.91015]},"66":{"weight":1.0,"played":[0.0,1.0],"evs":[0.0,3.49508]},"76o":{"weight":0.0,"played":[1.0,0.0],"evs":[0.0,-2.72325]},"86o":{"weight":0.0,"played":[1.0,0.0],"evs":[0.0,-2.71847]},"96o":{"weight":0.0,"played":[1.0,0.0],"evs":[0.0,-2.82148]},"T6o":{"weight":0.0,"played":[1.0,0.0],"evs":[0.0,-2.8126]},"J6o":{"weight":0.0,"played":[1.0,0.0],"evs":[0.0,-3.06705]},"Q6o":{"weight":0.0,"played":[1.0,0.0],"evs":[0.0,-2.74917]},"K6o":{"weight":1.0,"played":[1.0,0.0],"evs":[0.0,-2.27163]},"A6o":{"weight":0.1711,"played":[1.0,0.0],"evs":[0.0,-0.95828]},"72s":{"weight":0.0,"played":[1.0,0.0],"evs":[0.0,-3.76933]},"73s":{"weight":0.0,"played":[1.0,0.0],"evs":[0.0,-3.21122]},"74s":{"weight":0.0018,"played":[1.0,0.0],"evs":[0.0,-2.51583]},"75s":{"weight":0.9998,"played":[1.0,0.0],"evs":[0.0,-2.04097]},"76s":{"weight":0.9998,"played":[1.0,0.0],"evs":[0.0,-1.44913]},"77":{"weight":1.0,"played":[0.0,1.0],"evs":[0.0,4.40411]},"87o":{"weight":0.0131,"played":[1.0,0.0],"evs":[0.0,-2.15545]},"97o":{"weight":0.0,"played":[1.0,0.0],"evs":[0.0,-2.28942]},"T7o":{"weight":0.0,"played":[1.0,0.0],"evs":[0.0,-2.30058]},"J7o":{"weight":0.0,"played":[1.0,0.0],"evs":[0.0,-2.49975]},"Q7o":{"weight":0.0,"played":[1.0,0.0],"evs":[0.0,-2.69666]},"K7o":{"weight":1.0,"played":[1.0,0.0],"evs":[0.0,-1.98853]},"A7o":{"weight":0.0,"played":[0.9935,0.0065],"evs":[0.0,-0.12586]},"82s":{"weight":0.0,"played":[1.0,0.0],"evs":[0.0,-3.39266]},"83s":{"weight":0.0,"played":[1.0,0.0],"evs":[0.0,-3.155]},"84s":{"weight":0.0,"played":[1.0,0.0],"evs":[0.0,-2.58194]},"85s":{"weight":0.9998,"played":[1.0,0.0],"evs":[0.0,-2.04746]},"86s":{"weight":0.9999,"played":[1.0,0.0],"evs":[0.0,-1.54091]},"87s":{"weight":0.9969,"played":[1.0,0.0],"evs":[0.0,-1.03863]},"88":{"weight":1.0,"played":[0.0,1.0],"evs":[0.0,5.32739]},"98o":{"weight":1.0,"played":[1.0,0.0],"evs":[0.0,-1.63965]},"T8o":{"weight":1.0,"played":[1.0,0.0],"evs":[0.0,-1.62535]},"J8o":{"weight":1.0,"played":[1.0,0.0],"evs":[0.0,-1.80184]},"Q8o":{"weight":1.0,"played":[1.0,0.0],"evs":[0.0,-2.01259]},"K8o":{"weight":1.0,"played":[1.0,0.0],"evs":[0.0,-1.73265]},"A8o":{"weight":0.0,"played":[0.0,1.0],"evs":[0.0,0.81974]},"92s":{"weight":0.0,"played":[1.0,0.0],"evs":[0.0,-3.0729]},"93s":{"weight":0.0,"played":[1.0,0.0],"evs":[0.0,-2.8182]},"94s":{"weight":0.0,"played":[1.0,0.0],"evs":[0.0,-2.60458]},"95s":{"weight":0.9989,"played":[1.0,0.0],"evs":[0.0,-2.0985]},"96s":{"weight":1.0,"played":[1.0,0.0],"evs":[0.0,-1.60096]},"97s":{"weight":0.998,"played":[1.0,0.0],"evs":[0.0,-1.06675]},"98s":{"weight":8.0E-4,"played":[1.0,0.0],"evs":[0.0,-0.43292]},"99":{"weight":1.0,"played":[0.0,1.0],"evs":[0.0,6.17035]},"T9o":{"weight":1.0,"played":[1.0,0.0],"evs":[0.0,-1.03102]},"J9o":{"weight":1.0,"played":[1.0,0.0],"evs":[0.0,-1.2043]},"Q9o":{"weight":1.0,"played":[1.0,0.0],"evs":[0.0,-1.37552]},"K9o":{"weight":1.0,"played":[1.0,0.0],"evs":[0.0,-1.13704]},"A9o":{"weight":0.0,"played":[0.0,1.0],"evs":[0.0,1.77007]},"T2s":{"weight":0.0,"played":[1.0,0.0],"evs":[0.0,-2.80473]},"T3s":{"weight":0.0,"played":[1.0,0.0],"evs":[0.0,-2.5437]},"T4s":{"weight":0.0,"played":[1.0,0.0],"evs":[0.0,-2.28755]},"T5s":{"weight":0.9065,"played":[1.0,0.0],"evs":[0.0,-2.1336]},"T6s":{"weight":0.9999,"played":[1.0,0.0],"evs":[0.0,-1.65103]},"T7s":{"weight":1.0,"played":[1.0,0.0],"evs":[0.0,-1.11114]},"T8s":{"weight":0.7744,"played":[1.0,0.0],"evs":[0.0,-0.43797]},"T9s":{"weight":0.0498,"played":[1.0E-4,0.9999],"evs":[0.0,0.09274]},"TT":{"weight":1.0,"played":[0.0,1.0],"evs":[0.0,7.41958]},"JTo":{"weight":0.9985,"played":[1.0,0.0],"evs":[0.0,-0.38782]},"QTo":{"weight":0.5911,"played":[1.0,0.0],"evs":[0.0,-0.56369]},"KTo":{"weight":1.0,"played":[1.0,0.0],"evs":[0.0,-0.26531]},"ATo":{"weight":0.9982,"played":[0.0,1.0],"evs":[0.0,3.39521]},"J2s":{"weight":0.0,"played":[1.0,0.0],"evs":[0.0,-2.72692]},"J3s":{"weight":5.0E-4,"played":[1.0,0.0],"evs":[0.0,-2.37152]},"J4s":{"weight":0.9633,"played":[1.0,0.0],"evs":[0.0,-2.10142]},"J5s":{"weight":1.0,"played":[1.0,0.0],"evs":[0.0,-1.93621]},"J6s":{"weight":1.0,"played":[1.0,0.0],"evs":[0.0,-1.78609]},"J7s":{"weight":0.9999,"played":[1.0,0.0],"evs":[0.0,-1.34705]},"J8s":{"weight":0.9998,"played":[1.0,0.0],"evs":[0.0,-0.60603]},"J9s":{"weight":0.3827,"played":[0.9955,0.0045],"evs":[0.0,-0.07735]},"JTs":{"weight":1.0,"played":[0.0,1.0],"evs":[0.0,0.69805]},"JJ":{"weight":1.0,"played":[0.0,1.0],"evs":[0.0,8.32175]},"QJo":{"weight":0.5727,"played":[1.0,0.0],"evs":[0.0,-0.31727]},"KJo":{"weight":0.8578,"played":[0.9471,0.0529],"evs":[0.0,-0.04867]},"AJo":{"weight":0.9995,"played":[0.0,1.0],"evs":[0.0,4.67229]},"Q2s":{"weight":0.4062,"played":[1.0,0.0],"evs":[0.0,-2.50345]},"Q3s":{"weight":0.9999,"played":[1.0,0.0],"evs":[0.0,-2.21488]},"Q4s":{"weight":1.0,"played":[1.0,0.0],"evs":[0.0,-1.93201]},"Q5s":{"weight":1.0,"played":[1.0,0.0],"evs":[0.0,-1.78016]},"Q6s":{"weight":1.0,"played":[1.0,0.0],"evs":[0.0,-1.54926]},"Q7s":{"weight":1.0,"played":[1.0,0.0],"evs":[0.0,-1.50842]},"Q8s":{"weight":0.9253,"played":[1.0,0.0],"evs":[0.0,-0.87713]},"Q9s":{"weight":0.1874,"played":[0.9993,7.0E-4],"evs":[0.0,-0.27737]},"QTs":{"weight":1.0,"played":[0.0,1.0],"evs":[0.0,0.4721]},"QJs":{"weight":0.9999,"played":[0.0,1.0],"evs":[0.0,0.67416]},"QQ":{"weight":1.0,"played":[0.0,1.0],"evs":[0.0,9.44587]},"KQo":{"weight":0.5431,"played":[0.0,1.0],"evs":[0.0,0.25146]},"AQo":{"weight":1.0,"played":[0.0,1.0],"evs":[0.0,6.08496]},"K2s":{"weight":1.0,"played":[1.0,0.0],"evs":[0.0,-2.09076]},"K3s":{"weight":0.9867,"played":[1.0,0.0],"evs":[0.0,-1.84292]},"K4s":{"weight":0.8394,"played":[1.0,0.0],"evs":[0.0,-1.45335]},"K5s":{"weight":0.3779,"played":[1.0,0.0],"evs":[0.0,-1.26036]},"K6s":{"weight":0.5308,"played":[0.9999,1.0E-4],"evs":[0.0,-1.01659]},"K7s":{"weight":0.9322,"played":[1.0,0.0],"evs":[0.0,-0.82572]},"K8s":{"weight":0.8617,"played":[1.0,0.0],"evs":[0.0,-0.53942]},"K9s":{"weight":0.9987,"played":[0.7959,0.2041],"evs":[0.0,-0.01008]},"KTs":{"weight":1.0,"played":[0.0,1.0],"evs":[0.0,0.77596]},"KJs":{"weight":1.0,"played":[0.0,1.0],"evs":[0.0,0.96639]},"KQs":{"weight":1.0,"played":[0.0,1.0],"evs":[0.0,1.24848]},"KK":{"weight":1.0,"played":[0.0,1.0],"evs":[0.0,10.62558]},"AKo":{"weight":1.0,"played":[0.0,1.0],"evs":[0.0,7.53417]},"A2s":{"weight":0.0,"played":[1.0,0.0],"evs":[0.0,-1.03576]},"A3s":{"weight":1.0E-4,"played":[0.9997,3.0E-4],"evs":[0.0,-0.76488]},"A4s":{"weight":1.0E-4,"played":[0.9985,0.0015],"evs":[0.0,-0.34875]},"A5s":{"weight":0.0105,"played":[0.0844,0.9156],"evs":[0.0,0.03256]},"A6s":{"weight":0.3299,"played":[3.0E-4,0.9997],"evs":[0.0,0.08546]},"A7s":{"weight":0.9977,"played":[0.0,1.0],"evs":[0.0,0.89683]},"A8s":{"weight":1.0,"played":[0.0,1.0],"evs":[0.0,1.76848]},"A9s":{"weight":1.0,"played":[0.0,1.0],"evs":[0.0,2.70438]},"ATs":{"weight":1.0,"played":[0.0,1.0],"evs":[0.0,4.17344]},"AJs":{"weight":1.0,"played":[0.0,1.0],"evs":[0.0,5.40311]},"AQs":{"weight":1.0,"played":[0.0,1.0],"evs":[0.0,6.72674]},"AKs":{"weight":1.0,"played":[0.0,1.0],"evs":[0.0,8.04826]},"AA":{"weight":1.0,"played":[0.0,1.0],"evs":[0.0,15.50497]}}}