{"player":4,"street":0,"children":3,"sequence":[{"player":0,"type":"F","amount":0,"street":0},{"player":1,"type":"R","amount":200000,"street":0},{"player":2,"type":"F","amount":0,"street":0},{"player":3,"type":"C","amount":200000,"street":0}],"actions":[{"type":"F","amount":0,"node":101},{"type":"C","amount":150000,"node":105},{"type":"R","amount":1085000,"node":113}],"hands":{"22":{"weight":1.0,"played":[0.0023,0.9976,1.0E-4],"evs":[0.0,0.11457,-0.67503]},"32o":{"weight":1.0,"played":[1.0,0.0,0.0],"evs":[0.0,-0.50666,-2.75737]},"42o":{"weight":1.0,"played":[1.0,0.0,0.0],"evs":[0.0,-0.49478,-2.64179]},"52o":{"weight":1.0,"played":[1.0,0.0,0.0],"evs":[0.0,-0.47043,-2.52148]},"62o":{"weight":1.0,"played":[1.0,0.0,0.0],"evs":[0.0,-0.52674,-2.78151]},"72o":{"weight":1.0,"played":[1.0,0.0,0.0],"evs":[0.0,-0.58238,-2.96264]},"82o":{"weight":1.0,"played":[1.0,0.0,0.0],"evs":[0.0,-0.59728,-2.92996]},"92o":{"weight":1.0,"played":[1.0,0.0,0.0],"evs":[0.0,-0.64713,-3.04302]},"T2o":{"weight":1.0,"played":[1.0,0.0,0.0],"evs":[0.0,-0.57624,-2.72938]},"J2o":{"weight":1.0,"played":[1.0,0.0,0.0],"evs":[0.0,-0.59499,-2.7658]},"Q2o":{"weight":1.0,"played":[1.0,0.0,0.0],"evs":[0.0,-0.485,-2.41196]},"K2o":{"weight":1.0,"played":[1.0,0.0,0.0],"evs":[0.0,-0.45825,-2.14126]},"A2o":{"weight":1.0,"played":[1.0,0.0,0.0],"evs":[0.0,-0.24606,-0.93281]},"32s":{"weight":1.0,"played":[1.0,0.0,0.0],"evs":[0.0,-0.34397,-2.09355]},"33":{"weight":1.0,"played":[0.0065,0.9935,0.0],"evs":[0.0,0.18677,-0.41439]},"43o":{"weight":1.0,"played":[1.0,0.0,0.0],"evs":[0.0,-0.39859,-2.31765]},"53o":{"weight":1.0,"played":[1.0,0.0,0.0],"evs":[0.0,-0.37888,-2.1747]},"63o":{"weight":1.0,"played":[1.0,0.0,0.0],"evs":[0.0,-0.44136,-2.39182]},"73o":{"weight":1.0,"played":[1.0,0.0,0.0],"evs":[0.0,-0.50897,-2.60203]},"83o":{"weight":1.0,"played":[1.0,0.0,0.0],"evs":[0.0,-0.58276,-2.87159]},"93o":{"weight":1.0,"played":[1.0,0.0,0.0],"evs":[0.0,-0.60541,-2.90474]},"T3o":{"weight":1.0,"played":[1.0,0.0,0.0],"evs":[0.0,-0.52877,-2.57009]},"J3o":{"weight":1.0,"played":[1.0,0.0,0.0],"evs":[0.0,-0.57061,-2.63494]},"Q3o":{"weight":1.0,"played":[1.0,0.0,0.0],"evs":[0.0,-0.48207,-2.31382]},"K3o":{"weight":1.0,"played":[1.0,0.0,0.0],"evs":[0.0,-0.42767,-1.99086]},"A3o":{"weight":1.0,"played":[1.0,0.0,0.0],"evs":[0.0,-0.18583,-0.74683]},"42s":{"weight":1.0,"played":[0.9999,1.0E-4,0.0],"evs":[0.0,-0.29215,-1.87284]},"43s":{"weight":1.0,"played":[1.0,0.0,0.0],"evs":[0.0,-0.15834,-1.53556]},"44":{"weight":1.0,"played":[0.0017,0.9971,0.0012],"evs":[0.0,0.28238,-0.09984]},"54o":{"weight":1.0,"played":[1.0,0.0,0.0],"evs":[0.0,-0.27432,-1.84557]},"64o":{"weight":1.0,"played":[1.0,0.0,0.0],"evs":[0.0,-0.33948,-2.04013]},"74o":{"weight":1.0,"played":[1.0,0.0,0.0],"evs":[0.0,-0.41464,-2.23517]},"84o":{"weight":1.0,"played":[1.0,0.0,0.0],"evs":[0.0,-0.49969,-2.53767]},"94o":{"weight":1.0,"played":[1.0,0.0,0.0],"evs":[0.0,-0.61096,-2.87333]},"T4o":{"weight":1.0,"played":[1.0,0.0,0.0],"evs":[0.0,-0.51234,-2.49366]},"J4o":{"weight":1.0,"played":[1.0,0.0,0.0],"evs":[0.0,-0.5573,-2.56193]},"Q4o":{"weight":1.0,"played":[1.0,0.0,0.0],"evs":[0.0,-0.46663,-2.24933]},"K4o":{"weight":1.0,"played":[1.0,0.0,0.0],"evs":[0.0,-0.40722,-1.93584]},"A4o":{"weight":1.0,"played":[1.0,0.0,0.0],"evs":[0.0,-0.1686,-0.71071]},"52s":{"weight":1.0,"played":[1.0,0.0,0.0],"evs":[0.0,-0.25466,-1.77179]},"53s":{"weight":1.0,"played":[1.0,0.0,0.0],"evs":[0.0,-0.16325,-1.42279]},"54s":{"weight":1.0,"played":[0.7147,0.2853,0.0],"evs":[0.0,-0.03425,-1.08191]},"55":{"weight":1.0,"played":[0.0,0.9912,0.0087],"evs":[0.0,0.38374,0.1916]},"65o":{"weight":1.0,"played":[1.0,0.0,0.0],"evs":[0.0,-0.24205,-1.71806]},"75o":{"weight":1.0,"played":[1.0,0.0,0.0],"evs":[0.0,-0.30129,-1.86437]},"85o":{"weight":1.0,"played":[1.0,0.0,0.0],"evs":[0.0,-0.39256,-2.15251]},"95o":{"weight":1.0,"played":[1.0,0.0,0.0],"evs":[0.0,-0.53345,-2.4803]},"T5o":{"weight":1.0,"played":[1.0,0.0,0.0],"evs":[0.0,-0.50596,-2.43804]},"J5o":{"weight":1.0,"played":[1.0,0.0,0.0],"evs":[0.0,-0.54378,-2.44068]},"Q5o":{"weight":1.0,"played":[1.0,0.0,0.0],"evs":[0.0,-0.4305,-2.04355]},"K5o":{"weight":1.0,"played":[1.0,0.0,0.0],"evs":[0.0,-0.36692,-1.73495]},"A5o":{"weight":1.0,"played":[1.0,0.0,0.0],"evs":[0.0,-0.10847,-0.46472]},"62s":{"weight":1.0,"played":[1.0,0.0,0.0],"evs":[0.0,-0.3063,-2.00292]},"63s":{"weight":1.0,"played":[1.0,0.0,0.0],"evs":[0.0,-0.25841,-1.68954]},"64s":{"weight":1.0,"played":[1.0,0.0,0.0],"evs":[0.0,-0.09842,-1.37324]},"65s":{"weight":1.0,"played":[0.1388,0.8612,0.0],"evs":[0.0,-0.0035,-1.04005]},"66":{"weight":1.0,"played":[0.0,0.3296,0.6704],"evs":[0.0,0.488,0.48243]},"76o":{"weight":1.0,"played":[1.0,0.0,0.0],"evs":[0.0,-0.26141,-1.70783]},"86o":{"weight":1.0,"played":[1.0,0.0,0.0],"evs":[0.0,-0.31972,-1.9034]},"96o":{"weight":1.0,"played":[1.0,0.0,0.0],"evs":[0.0,-0.41533,-2.15871]},"T6o":{"weight":1.0,"played":[1.0,0.0,0.0],"evs":[0.0,-0.4327,-2.13887]},"J6o":{"weight":1.0,"played":[1.0,0.0,0.0],"evs":[0.0,-0.50814,-2.38457]},"Q6o":{"weight":1.0,"played":[1.0,0.0,0.0],"evs":[0.0,-0.40611,-1.98847]},"K6o":{"weight":1.0,"played":[1.0,0.0,0.0],"evs":[0.0,-0.35838,-1.72128]},"A6o":{"weight":1.0,"played":[1.0,0.0,0.0],"evs":[0.0,-0.17568,-0.62289]},"72s":{"weight":1.0,"played":[1.0,0.0,0.0],"evs":[0.0,-0.38517,-2.16874]},"73s":{"weight":1.0,"played":[1.0,0.0,0.0],"evs":[0.0,-0.30624,-1.86909]},"74s":{"weight":1.0,"played":[1.0,0.0,0.0],"evs":[0.0,-0.19781,-1.5097]},"75s":{"weight":1.0,"played":[1.0,0.0,0.0],"evs":[0.0,-0.08122,-1.25392]},"76s":{"weight":1.0,"played":[0.1775,0.8225,0.0],"evs":[0.0,0.021,-0.98404]},"77":{"weight":1.0,"played":[0.0,1.0E-4,0.9999],"evs":[0.0,0.56046,0.70624]},"87o":{"weight":1.0,"played":[1.0,0.0,0.0],"evs":[0.0,-0.25886,-1.64864]},"97o":{"weight":1.0,"played":[1.0,0.0,0.0],"evs":[0.0,-0.37348,-1.91877]},"T7o":{"weight":1.0,"played":[1.0,0.0,0.0],"evs":[0.0,-0.36685,-1.87473]},"J7o":{"weight":1.0,"played":[1.0,0.0,0.0],"evs":[0.0,-0.46511,-2.16788]},"Q7o":{"weight":1.0,"played":[1.0,0.0,0.0],"evs":[0.0,-0.39479,-2.00007]},"K7o":{"weight":1.0,"played":[1.0,0.0,0.0],"evs":[0.0,-0.35757,-1.59777]},"A7o":{"weight":1.0,"played":[1.0,0.0,0.0],"evs":[0.0,-0.13975,-0.45077]},"82s":{"weight":1.0,"played":[1.0,0.0,0.0],"evs":[0.0,-0.39753,-2.12955]},"83s":{"weight":1.0,"played":[1.0,0.0,0.0],"evs":[0.0,-0.37191,-2.10473]},"84s":{"weight":1.0,"played":[1.0,0.0,0.0],"evs":[0.0,-0.28283,-1.69989]},"85s":{"weight":1.0,"played":[1.0,0.0,0.0],"evs":[0.0,-0.17356,-1.38904]},"86s":{"weight":1.0,"played":[0.9982,0.0018,0.0],"evs":[0.0,-0.07701,-1.16369]},"87s":{"weight":1.0,"played":[0.5792,0.4208,0.0],"evs":[0.0,-0.00273,-0.93636]},"88":{"weight":1.0,"played":[0.0,5.0E-4,0.9995],"evs":[0.0,0.68341,1.01202]},"98o":{"weight":1.0,"played":[1.0,0.0,0.0],"evs":[0.0,-0.36719,-1.80309]},"T8o":{"weight":1.0,"played":[1.0,0.0,0.0],"evs":[0.0,-0.31352,-1.69895]},"J8o":{"weight":1.0,"played":[1.0,0.0,0.0],"evs":[0.0,-0.45156,-1.97172]},"Q8o":{"weight":1.0,"played":[1.0,0.0,0.0],"evs":[0.0,-0.42616,-1.91814]},"K8o":{"weight":1.0,"played":[1.0,0.0,0.0],"evs":[0.0,-0.38866,-1.72111]},"A8o":{"weight":1.0,"played":[0.9974,0.0026,0.0],"evs":[0.0,-0.07485,-0.3372]},"92s":{"weight":1.0,"played":[1.0,0.0,0.0],"evs":[0.0,-0.43161,-2.23737]},"93s":{"weight":1.0,"played":[1.0,0.0,0.0],"evs":[0.0,-0.42153,-2.14547]},"94s":{"weight":1.0,"played":[1.0,0.0,0.0],"evs":[0.0,-0.37159,-2.00762]},"95s":{"weight":1.0,"played":[1.0,0.0,0.0],"evs":[0.0,-0.26035,-1.6249]},"96s":{"weight":1.0,"played":[1.0,0.0,0.0],"evs":[0.0,-0.17515,-1.37371]},"97s":{"weight":1.0,"played":[0.9996,4.0E-4,0.0],"evs":[0.0,-0.08906,-1.21341]},"98s":{"weight":1.0,"played":[0.9998,2.0E-4,0.0],"evs":[0.0,-0.0733,-0.9554]},"99":{"weight":1.0,"played":[0.0,0.0,1.0],"evs":[0.0,0.74536,1.57472]},"T9o":{"weight":1.0,"played":[1.0,0.0,0.0],"evs":[0.0,-0.29219,-1.51551]},"J9o":{"weight":1.0,"played":[1.0,0.0,0.0],"evs":[0.0,-0.39558,-1.82183]},"Q9o":{"weight":1.0,"played":[1.0,0.0,0.0],"evs":[0.0,-0.32616,-1.59741]},"K9o":{"weight":1.0,"played":[1.0,0.0,0.0],"evs":[0.0,-0.33638,-1.40548]},"A9o":{"weight":1.0,"played":[0.0,0.2631,0.7369],"evs":[0.0,0.10085,0.10767]},"T2s":{"weight":1.0,"played":[1.0,0.0,0.0],"evs":[0.0,-0.36698,-1.91597]},"T3s":{"weight":1.0,"played":[1.0,0.0,0.0],"evs":[0.0,-0.34852,-1.78013]},"T4s":{"weight":1.0,"played":[1.0,0.0,0.0],"evs":[0.0,-0.30257,-1.74258]},"T5s":{"weight":1.0,"played":[1.0,0.0,0.0],"evs":[0.0,-0.24836,-1.68902]},"T6s":{"weight":1.0,"played":[1.0,0.0,0.0],"evs":[0.0,-0.17928,-1.39457]},"T7s":{"weight":1.0,"played":[1.0,0.0,0.0],"evs":[0.0,-0.04408,-1.02136]},"T8s":{"weight":1.0,"played":[0.9999,1.0E-4,0.0],"evs":[0.0,-0.00548,-0.88057]},"T9s":{"weight":1.0,"played":[0.4999,0.5001,0.0],"evs":[0.0,-0.00805,-0.80928]},"TT":{"weight":1.0,"played":[0.0,0.0,1.0],"evs":[0.0,1.27443,2.38077]},"JTo":{"weight":1.0,"played":[1.0,0.0,0.0],"evs":[0.0,-0.23742,-1.19347]},"QTo":{"weight":1.0,"played":[1.0,0.0,0.0],"evs":[0.0,-0.15886,-1.05002]},"KTo":{"weight":1.0,"played":[0.9999,1.0E-4,0.0],"evs":[0.0,-0.09969,-0.82573]},"ATo":{"weight":1.0,"played":[0.0,0.0,1.0],"evs":[0.0,0.4254,0.80902]},"J2s":{"weight":1.0,"played":[1.0,0.0,0.0],"evs":[0.0,-0.36995,-1.95326]},"J3s":{"weight":1.0,"played":[1.0,0.0,0.0],"evs":[0.0,-0.36252,-1.87072]},"J4s":{"weight":1.0,"played":[1.0,0.0,0.0],"evs":[0.0,-0.28997,-1.72588]},"J5s":{"weight":1.0,"played":[1.0,0.0,0.0],"evs":[0.0,-0.29443,-1.60229]},"J6s":{"weight":1.0,"played":[1.0,0.0,0.0],"evs":[0.0,-0.29509,-1.67681]},"J7s":{"weight":1.0,"played":[1.0,0.0,0.0],"evs":[0.0,-0.21239,-1.35479]},"J8s":{"weight":1.0,"played":[1.0,0.0,0.0],"evs":[0.0,-0.15731,-1.15515]},"J9s":{"weight":1.0,"played":[0.9975,0.0025,0.0],"evs":[0.0,-0.15265,-1.06787]},"JTs":{"weight":1.0,"played":[0.0022,0.9978,0.0],"evs":[0.0,0.14413,-0.41375]},"JJ":{"weight":1.0,"played":[0.0,0.0,1.0],"evs":[0.0,1.87846,3.38936]},"QJo":{"weight":1.0,"played":[0.9987,0.0013,0.0],"evs":[0.0,-0.08431,-0.97645]},"KJo":{"weight":1.0,"played":[0.0036,0.9964,0.0],"evs":[0.0,0.07373,-0.35336]},"AJo":{"weight":1.0,"played":[0.0,0.0,1.0],"evs":[0.0,0.74467,1.50015]},"Q2s":{"weight":1.0,"played":[1.0,0.0,0.0],"evs":[0.0,-0.24026,-1.60716]},"Q3s":{"weight":1.0,"played":[1.0,0.0,0.0],"evs":[0.0,-0.21211,-1.43711]},"Q4s":{"weight":1.0,"played":[1.0,0.0,0.0],"evs":[0.0,-0.25161,-1.5076]},"Q5s":{"weight":1.0,"played":[1.0,0.0,0.0],"evs":[0.0,-0.18668,-1.28859]},"Q6s":{"weight":1.0,"played":[1.0,0.0,0.0],"evs":[0.0,-0.14086,-1.23397]},"Q7s":{"weight":1.0,"played":[0.9982,0.0018,0.0],"evs":[0.0,-0.15275,-1.21458]},"Q8s":{"weight":1.0,"played":[1.0,0.0,0.0],"evs":[0.0,-0.13212,-1.01592]},"Q9s":{"weight":1.0,"played":[0.9381,0.0619,0.0],"evs":[0.0,-0.09302,-0.95481]},"QTs":{"weight":1.0,"played":[6.0E-4,0.9994,0.0],"evs":[0.0,0.16168,-0.36923]},"QJs":{"weight":1.0,"played":[0.0,0.9998,2.0E-4],"evs":[0.0,0.26988,-0.26001]},"QQ":{"weight":1.0,"played":[0.0,0.0,1.0],"evs":[0.0,2.7566,4.33963]},"KQo":{"weight":1.0,"played":[0.0,0.5815,0.4185],"evs":[0.0,0.3364,0.33159]},"AQo":{"weight":1.0,"played":[0.0,0.0,1.0],"evs":[0.0,1.04381,1.8459]},"K2s":{"weight":1.0,"played":[0.9996,4.0E-4,0.0],"evs":[0.0,-0.18863,-1.32581]},"K3s":{"weight":1.0,"played":[1.0,0.0,0.0],"evs":[0.0,-0.2032,-1.20884]},"K4s":{"weight":1.0,"played":[1.0,0.0,0.0],"evs":[0.0,-0.10337,-1.04627]},"K5s":{"weight":1.0,"played":[0.9976,0.0024,0.0],"evs":[0.0,-0.12831,-0.94366]},"K6s":{"weight":1.0,"played":[0.9902,0.0098,0.0],"evs":[0.0,-0.07175,-0.92949]},"K7s":{"weight":1.0,"played":[0.994,0.006,0.0],"evs":[0.0,-0.06528,-0.87183]},"K8s":{"weight":1.0,"played":[0.9988,0.0012,0.0],"evs":[0.0,-0.10675,-0.93821]},"K9s":{"weight":1.0,"played":[0.9709,0.0291,0.0],"evs":[0.0,-0.0313,-0.59904]},"KTs":{"weight":1.0,"played":[1.0E-4,0.9996,3.0E-4],"evs":[0.0,0.28301,-0.11927]},"KJs":{"weight":1.0,"played":[0.0,0.9997,3.0E-4],"evs":[0.0,0.42842,0.30204]},"KQs":{"weight":1.0,"played":[0.0,3.0E-4,0.9997],"evs":[0.0,0.72597,0.98855]},"KK":{"weight":1.0,"played":[0.0,0.0,1.0],"evs":[0.0,4.07739,6.0059]},"AKo":{"weight":1.0,"played":[0.0,0.0,1.0],"evs":[0.0,1.4363,2.58928]},"A2s":{"weight":1.0,"played":[0.0017,0.995,0.0032],"evs":[0.0,0.12417,-0.06121]},"A3s":{"weight":1.0,"played":[0.0,0.9979,0.0021],"evs":[0.0,0.18876,0.0347]},"A4s":{"weight":1.0,"played":[2.0E-4,0.9917,0.0081],"evs":[0.0,0.22831,0.13696]},"A5s":{"weight":1.0,"played":[1.0E-4,0.0725,0.9273],"evs":[0.0,0.356,0.40043]},"A6s":{"weight":1.0,"played":[2.0E-4,0.9997,1.0E-4],"evs":[0.0,0.19457,0.11974]},"A7s":{"weight":1.0,"played":[3.0E-4,0.0039,0.9958],"evs":[0.0,0.26463,0.28953]},"A8s":{"weight":1.0,"played":[0.0021,0.0015,0.9964],"evs":[0.0,0.28655,0.42816]},"A9s":{"weight":1.0,"played":[0.0,4.0E-4,0.9996],"evs":[0.0,0.51391,0.83928]},"ATs":{"weight":1.0,"played":[0.0,0.0,1.0],"evs":[0.0,0.82066,1.39051]},"AJs":{"weight":1.0,"played":[0.0,0.0,1.0],"evs":[0.0,1.20094,2.10347]},"AQs":{"weight":1.0,"played":[0.0,0.0,1.0],"evs":[0.0,1.53773,2.53663]},"AKs":{"weight":1.0,"played":[0.0,0.0,1.0],"evs":[0.0,1.98562,3.30247]},"AA":{"weight":1.0,"played":[0.0,0.0,1.0],"evs":[0.0,6.39326,8.76468]}}}