{"player":3,"street":0,"children":2,"sequence":[{"player":0,"type":"F","amount":0,"street":0},{"player":1,"type":"R","amount":200000,"street":0},{"player":2,"type":"F","amount":0,"street":0},{"player":3,"type":"C","amount":200000,"street":0},{"player":4,"type":"F","amount":0,"street":0},{"player":5,"type":"R","amount":2235000,"street":0},{"player":1,"type":"C","amount":1385000,"street":0}],"actions":[{"type":"F","amount":0},{"type":"C","amount":2035000}],"hands":{"22":{"weight":0.2139,"played":[1.0,0.0],"evs":[0.0,-1.92096]},"32o":{"weight":0.0,"played":[1.0,0.0],"evs":[0.0,-5.63106]},"42o":{"weight":0.0,"played":[1.0,0.0],"evs":[0.0,-5.31184]},"52o":{"weight":0.0,"played":[1.0,0.0],"evs":[0.0,-5.34286]},"62o":{"weight":0.0,"played":[1.0,0.0],"evs":[0.0,-5.51848]},"72o":{"weight":0.0,"played":[1.0,0.0],"evs":[0.0,-5.97943]},"82o":{"weight":0.0,"played":[1.0,0.0],"evs":[0.0,-5.69904]},"92o":{"weight":0.0,"played":[1.0,0.0],"evs":[0.0,-5.37809]},"T2o":{"weight":0.0,"played":[1.0,0.0],"evs":[0.0,-5.4691]},"J2o":{"weight":0.0,"played":[1.0,0.0],"evs":[0.0,-4.87894]},"Q2o":{"weight":0.0,"played":[1.0,0.0],"evs":[0.0,-4.4306]},"K2o":{"weight":0.0,"played":[1.0,0.0],"evs":[0.0,-4.27732]},"A2o":{"weight":0.0,"played":[1.0,0.0],"evs":[0.0,-5.12519]},"32s":{"weight":0.0,"played":[1.0,0.0],"evs":[0.0,-3.75027]},"33":{"weight":0.2404,"played":[1.0,0.0],"evs":[0.0,-1.36262]},"43o":{"weight":0.0,"played":[1.0,0.0],"evs":[0.0,-4.89594]},"53o":{"weight":0.0,"played":[1.0,0.0],"evs":[0.0,-4.78768]},"63o":{"weight":0.0,"played":[1.0,0.0],"evs":[0.0,-4.82899]},"73o":{"weight":0.0,"played":[1.0,0.0],"evs":[0.0,-5.39805]},"83o":{"weight":0.0,"played":[1.0,0.0],"evs":[0.0,-5.60816]},"93o":{"weight":0.0,"played":[1.0,0.0],"evs":[0.0,-5.3401]},"T3o":{"weight":0.0,"played":[1.0,0.0],"evs":[0.0,-5.40764]},"J3o":{"weight":0.0,"played":[1.0,0.0],"evs":[0.0,-4.85835]},"Q3o":{"weight":0.0,"played":[1.0,0.0],"evs":[0.0,-4.46426]},"K3o":{"weight":0.0,"played":[1.0,0.0],"evs":[0.0,-4.38055]},"A3o":{"weight":0.0,"played":[1.0,0.0],"evs":[0.0,-5.07365]},"42s":{"weight":0.0,"played":[1.0,0.0],"evs":[0.0,-3.63799]},"43s":{"weight":0.0,"played":[1.0,0.0],"evs":[0.0,-3.23845]},"44":{"weight":0.5495,"played":[0.9997,3.0E-4],"evs":[0.0,-1.33098]},"54o":{"weight":0.0,"played":[1.0,0.0],"evs":[0.0,-3.89071]},"64o":{"weight":0.0,"played":[1.0,0.0],"evs":[0.0,-4.27258]},"74o":{"weight":0.0,"played":[1.0,0.0],"evs":[0.0,-4.59445]},"84o":{"weight":0.0,"played":[1.0,0.0],"evs":[0.0,-5.02871]},"94o":{"weight":0.0,"played":[1.0,0.0],"evs":[0.0,-5.54807]},"T4o":{"weight":0.0,"played":[1.0,0.0],"evs":[0.0,-5.13635]},"J4o":{"weight":0.0,"played":[1.0,0.0],"evs":[0.0,-4.85524]},"Q4o":{"weight":0.0,"played":[1.0,0.0],"evs":[0.0,-3.98902]},"K4o":{"weight":0.0,"played":[1.0,0.0],"evs":[0.0,-4.21967]},"A4o":{"weight":0.0,"played":[1.0,0.0],"evs":[0.0,-4.85327]},"52s":{"weight":0.0,"played":[1.0,0.0],"evs":[0.0,-3.29403]},"53s":{"weight":0.0,"played":[0.9999,1.0E-4],"evs":[0.0,-2.83554]},"54s":{"weight":0.9726,"played":[1.0,0.0],"evs":[0.0,-2.15057]},"55":{"weight":0.001,"played":[0.9996,4.0E-4],"evs":[0.0,-0.77727]},"65o":{"weight":0.0,"played":[1.0,0.0],"evs":[0.0,-3.5538]},"75o":{"weight":0.0,"played":[1.0,0.0],"evs":[0.0,-4.02677]},"85o":{"weight":0.0,"played":[1.0,0.0],"evs":[0.0,-4.62102]},"95o":{"weight":0.0,"played":[1.0,0.0],"evs":[0.0,-4.69055]},"T5o":{"weight":0.0,"played":[1.0,0.0],"evs":[0.0,-5.50433]},"J5o":{"weight":0.0,"played":[1.0,0.0],"evs":[0.0,-4.68464]},"Q5o":{"weight":0.0,"played":[1.0,0.0],"evs":[0.0,-4.13778]},"K5o":{"weight":0.0,"played":[1.0,0.0],"evs":[0.0,-3.90549]},"A5o":{"weight":0.0,"played":[1.0,0.0],"evs":[0.0,-4.53147]},"62s":{"weight":0.0,"played":[1.0,0.0],"evs":[0.0,-3.9987]},"63s":{"weight":0.0,"played":[1.0,0.0],"evs":[0.0,-2.94751]},"64s":{"weight":5.0E-4,"played":[0.9999,1.0E-4],"evs":[0.0,-2.61211]},"65s":{"weight":1.0,"played":[1.0,0.0],"evs":[0.0,-2.1135]},"66":{"weight":1.0E-4,"played":[0.001,0.999],"evs":[0.0,0.2051]},"76o":{"weight":0.0,"played":[1.0,0.0],"evs":[0.0,-3.15642]},"86o":{"weight":0.0,"played":[1.0,0.0],"evs":[0.0,-3.4678]},"96o":{"weight":0.0,"played":[1.0,0.0],"evs":[0.0,-3.68948]},"T6o":{"weight":0.0,"played":[1.0,0.0],"evs":[0.0,-4.14531]},"J6o":{"weight":0.0,"played":[1.0,0.0],"evs":[0.0,-4.10597]},"Q6o":{"weight":0.0,"played":[1.0,0.0],"evs":[0.0,-3.63585]},"K6o":{"weight":0.0,"played":[1.0,0.0],"evs":[0.0,-3.51729]},"A6o":{"weight":0.0,"played":[1.0,0.0],"evs":[0.0,-4.84322]},"72s":{"weight":0.0,"played":[1.0,0.0],"evs":[0.0,-3.97884]},"73s":{"weight":0.0,"played":[1.0,0.0],"evs":[0.0,-3.53653]},"74s":{"weight":0.0,"played":[1.0,0.0],"evs":[0.0,-2.95184]},"75s":{"weight":0.0022,"played":[0.9998,2.0E-4],"evs":[0.0,-2.62776]},"76s":{"weight":0.9997,"played":[1.0,0.0],"evs":[0.0,-1.45161]},"77":{"weight":0.0185,"played":[9.0E-4,0.9991],"evs":[0.0,0.86917]},"87o":{"weight":0.0,"played":[1.0,0.0],"evs":[0.0,-3.10248]},"97o":{"weight":0.0,"played":[1.0,0.0],"evs":[0.0,-3.12915]},"T7o":{"weight":0.0,"played":[1.0,0.0],"evs":[0.0,-3.59355]},"J7o":{"weight":0.0,"played":[1.0,0.0],"evs":[0.0,-3.6137]},"Q7o":{"weight":0.0,"played":[1.0,0.0],"evs":[0.0,-3.53743]},"K7o":{"weight":0.0,"played":[1.0,0.0],"evs":[0.0,-3.41939]},"A7o":{"weight":0.0,"played":[1.0,0.0],"evs":[0.0,-4.24052]},"82s":{"weight":0.0,"played":[1.0,0.0],"evs":[0.0,-3.58754]},"83s":{"weight":0.0,"played":[1.0,0.0],"evs":[0.0,-3.95442]},"84s":{"weight":0.0,"played":[1.0,0.0],"evs":[0.0,-3.42823]},"85s":{"weight":0.0,"played":[0.9999,1.0E-4],"evs":[0.0,-2.44782]},"86s":{"weight":0.001,"played":[0.9998,2.0E-4],"evs":[0.0,-1.88835]},"87s":{"weight":0.9983,"played":[1.0,0.0],"evs":[0.0,-1.52433]},"88":{"weight":0.2851,"played":[1.0E-4,0.9999],"evs":[0.0,1.5885]},"98o":{"weight":0.0,"played":[1.0,0.0],"evs":[0.0,-2.87241]},"T8o":{"weight":0.0,"played":[1.0,0.0],"evs":[0.0,-3.07685]},"J8o":{"weight":0.0,"played":[1.0,0.0],"evs":[0.0,-3.17654]},"Q8o":{"weight":0.0,"played":[1.0,0.0],"evs":[0.0,-2.95787]},"K8o":{"weight":0.0,"played":[1.0,0.0],"evs":[0.0,-3.34668]},"A8o":{"weight":9.0E-4,"played":[1.0,0.0],"evs":[0.0,-3.95833]},"92s":{"weight":0.0,"played":[1.0,0.0],"evs":[0.0,-3.64863]},"93s":{"weight":0.0,"played":[1.0,0.0],"evs":[0.0,-3.71379]},"94s":{"weight":0.0,"played":[1.0,0.0],"evs":[0.0,-3.55355]},"95s":{"weight":0.0,"played":[1.0,0.0],"evs":[0.0,-3.10516]},"96s":{"weight":0.0,"played":[1.0,0.0],"evs":[0.0,-1.86876]},"97s":{"weight":0.0021,"played":[1.0,0.0],"evs":[0.0,-1.6837]},"98s":{"weight":0.4155,"played":[1.0,0.0],"evs":[0.0,-1.3111]},"99":{"weight":0.0,"played":[0.0,1.0],"evs":[0.0,2.77664]},"T9o":{"weight":0.0,"played":[1.0,0.0],"evs":[0.0,-2.54127]},"J9o":{"weight":0.0,"played":[1.0,0.0],"evs":[0.0,-2.36537]},"Q9o":{"weight":0.0,"played":[1.0,0.0],"evs":[0.0,-2.29104]},"K9o":{"weight":0.0,"played":[1.0,0.0],"evs":[0.0,-2.74066]},"A9o":{"weight":0.7785,"played":[1.0,0.0],"evs":[0.0,-3.62567]},"T2s":{"weight":0.0,"played":[1.0,0.0],"evs":[0.0,-3.85477]},"T3s":{"weight":0.0,"played":[1.0,0.0],"evs":[0.0,-3.29802]},"T4s":{"weight":0.0,"played":[1.0,0.0],"evs":[0.0,-3.16493]},"T5s":{"weight":0.0,"played":[0.9999,1.0E-4],"evs":[0.0,-3.37501]},"T6s":{"weight":0.0,"played":[1.0,0.0],"evs":[0.0,-2.6172]},"T7s":{"weight":0.0,"played":[0.9998,2.0E-4],"evs":[0.0,-2.06975]},"T8s":{"weight":0.0294,"played":[0.9988,0.0012],"evs":[0.0,-1.84306]},"T9s":{"weight":0.9988,"played":[0.995,0.005],"evs":[0.0,-1.04277]},"TT":{"weight":0.0,"played":[0.0,1.0],"evs":[0.0,4.98486]},"JTo":{"weight":0.0,"played":[1.0,0.0],"evs":[0.0,-1.94212]},"QTo":{"weight":0.0017,"played":[1.0,0.0],"evs":[0.0,-1.9535]},"KTo":{"weight":0.2738,"played":[1.0,0.0],"evs":[0.0,-2.04488]},"ATo":{"weight":0.0054,"played":[1.0,0.0],"evs":[0.0,-2.16526]},"J2s":{"weight":0.0,"played":[0.9996,4.0E-4],"evs":[0.0,-2.98898]},"J3s":{"weight":0.0,"played":[1.0,0.0],"evs":[0.0,-3.06408]},"J4s":{"weight":0.0,"played":[0.9999,1.0E-4],"evs":[0.0,-2.73932]},"J5s":{"weight":0.0,"played":[1.0,0.0],"evs":[0.0,-3.1431]},"J6s":{"weight":0.0,"played":[1.0,0.0],"evs":[0.0,-2.53616]},"J7s":{"weight":0.0,"played":[0.9999,1.0E-4],"evs":[0.0,-2.04152]},"J8s":{"weight":6.0E-4,"played":[1.0,0.0],"evs":[0.0,-1.34086]},"J9s":{"weight":0.9999,"played":[1.0,0.0],"evs":[0.0,-0.71955]},"JTs":{"weight":0.0295,"played":[0.5545,0.4455],"evs":[0.0,-0.08068]},"JJ":{"weight":0.0,"played":[0.0,1.0],"evs":[0.0,7.39956]},"QJo":{"weight":0.9872,"played":[1.0,0.0],"evs":[0.0,-1.34166]},"KJo":{"weight":0.9705,"played":[1.0,0.0],"evs":[0.0,-1.42924]},"AJo":{"weight":0.0,"played":[0.9162,0.0838],"evs":[0.0,-0.57797]},"Q2s":{"weight":0.0,"played":[0.9999,1.0E-4],"evs":[0.0,-2.96105]},"Q3s":{"weight":0.0,"played":[1.0,0.0],"evs":[0.0,-2.81507]},"Q4s":{"weight":1.0E-4,"played":[1.0,0.0],"evs":[0.0,-2.59521]},"Q5s":{"weight":1.0E-4,"played":[0.9999,1.0E-4],"evs":[0.0,-2.43017]},"Q6s":{"weight":0.0,"played":[0.9999,1.0E-4],"evs":[0.0,-1.8615]},"Q7s":{"weight":1.0E-4,"played":[0.9999,1.0E-4],"evs":[0.0,-1.51785]},"Q8s":{"weight":4.0E-4,"played":[0.9999,1.0E-4],"evs":[0.0,-1.57698]},"Q9s":{"weight":0.9969,"played":[0.9998,2.0E-4],"evs":[0.0,-0.7653]},"QTs":{"weight":0.1413,"played":[0.8509,0.1491],"evs":[0.0,-0.11213]},"QJs":{"weight":0.0055,"played":[0.5438,0.4562],"evs":[0.0,-0.10126]},"QQ":{"weight":0.0037,"played":[0.0,1.0],"evs":[0.0,9.90262]},"KQo":{"weight":0.287,"played":[0.999,0.001],"evs":[0.0,-0.79008]},"AQo":{"weight":1.0E-4,"played":[0.0,1.0],"evs":[0.0,1.33505]},"K2s":{"weight":0.0,"played":[1.0,0.0],"evs":[0.0,-2.55034]},"K3s":{"weight":0.0,"played":[0.9999,1.0E-4],"evs":[0.0,-2.24221]},"K4s":{"weight":1.0E-4,"played":[1.0,0.0],"evs":[0.0,-2.40753]},"K5s":{"weight":0.0225,"played":[0.9999,1.0E-4],"evs":[0.0,-2.036]},"K6s":{"weight":0.0425,"played":[1.0,0.0],"evs":[0.0,-2.14785]},"K7s":{"weight":0.0093,"played":[0.9996,4.0E-4],"evs":[0.0,-1.73533]},"K8s":{"weight":2.0E-4,"played":[0.9998,2.0E-4],"evs":[0.0,-1.9111]},"K9s":{"weight":0.683,"played":[0.9994,6.0E-4],"evs":[0.0,-1.03393]},"KTs":{"weight":1.0E-4,"played":[0.8248,0.1752],"evs":[0.0,-0.36024]},"KJs":{"weight":0.0425,"played":[0.6901,0.3099],"evs":[0.0,-0.15238]},"KQs":{"weight":0.4879,"played":[0.0215,0.9785],"evs":[0.0,0.6538]},"KK":{"weight":1.0,"played":[0.0,1.0],"evs":[0.0,13.13445]},"AKo":{"weight":0.0,"played":[0.0,1.0],"evs":[0.0,3.57578]},"A2s":{"weight":0.8168,"played":[1.0,0.0],"evs":[0.0,-3.5061]},"A3s":{"weight":0.0931,"played":[1.0,0.0],"evs":[0.0,-2.92947]},"A4s":{"weight":0.0106,"played":[1.0,0.0],"evs":[0.0,-3.10664]},"A5s":{"weight":4.0E-4,"played":[1.0,0.0],"evs":[0.0,-2.68244]},"A6s":{"weight":0.6264,"played":[1.0,0.0],"evs":[0.0,-3.0411]},"A7s":{"weight":0.0031,"played":[0.9997,3.0E-4],"evs":[0.0,-2.56047]},"A8s":{"weight":0.7887,"played":[1.0,0.0],"evs":[0.0,-2.35425]},"A9s":{"weight":0.8758,"played":[0.9999,1.0E-4],"evs":[0.0,-1.58669]},"ATs":{"weight":0.9995,"played":[0.9802,0.0198],"evs":[0.0,-0.47296]},"AJs":{"weight":0.9986,"played":[0.0,1.0],"evs":[0.0,0.95742]},"AQs":{"weight":0.1741,"played":[0.0,1.0],"evs":[0.0,2.90606]},"AKs":{"weight":0.0076,"played":[0.0,1.0],"evs":[0.0,4.6292]},"AA":{"weight":1.0,"played":[0.0,1.0],"evs":[0.0,20.00292]}}}