{"player":1,"street":0,"children":2,"sequence":[{"player":0,"type":"F","amount":0,"street":0},{"player":1,"type":"R","amount":200000,"street":0},{"player":2,"type":"F","amount":0,"street":0},{"player":3,"type":"C","amount":200000,"street":0},{"player":4,"type":"C","amount":150000,"street":0},{"player":5,"type":"R","amount":2235000,"street":0}],"actions":[{"type":"F","amount":0,"node":107},{"type":"C","amount":1385000,"node":110}],"hands":{"22":{"weight":0.0,"played":[0.9605,0.0395],"evs":[0.0,-0.37576]},"32o":{"weight":0.0,"played":[1.0,0.0],"evs":[0.0,-3.68777]},"42o":{"weight":0.0,"played":[1.0,0.0],"evs":[0.0,-3.77838]},"52o":{"weight":0.0,"played":[0.9999,1.0E-4],"evs":[0.0,-3.53176]},"62o":{"weight":0.0,"played":[1.0,0.0],"evs":[0.0,-3.4363]},"72o":{"weight":0.0,"played":[1.0,0.0],"evs":[0.0,-3.42181]},"82o":{"weight":0.0,"played":[0.9999,1.0E-4],"evs":[0.0,-3.06912]},"92o":{"weight":0.0,"played":[1.0,0.0],"evs":[0.0,-3.62614]},"T2o":{"weight":0.0,"played":[1.0,0.0],"evs":[0.0,-3.56167]},"J2o":{"weight":0.0,"played":[1.0,0.0],"evs":[0.0,-3.46254]},"Q2o":{"weight":0.0,"played":[1.0,0.0],"evs":[0.0,-3.09089]},"K2o":{"weight":0.0,"played":[1.0,0.0],"evs":[0.0,-2.63797]},"A2o":{"weight":0.0,"played":[1.0,0.0],"evs":[0.0,-2.48206]},"32s":{"weight":0.0,"played":[0.9998,2.0E-4],"evs":[0.0,-2.60767]},"33":{"weight":0.134,"played":[0.9964,0.0036],"evs":[0.0,-0.50589]},"43o":{"weight":0.0,"played":[1.0,0.0],"evs":[0.0,-2.9442]},"53o":{"weight":0.0,"played":[0.9999,1.0E-4],"evs":[0.0,-2.84704]},"63o":{"weight":0.0,"played":[1.0,0.0],"evs":[0.0,-2.78222]},"73o":{"weight":0.0,"played":[1.0,0.0],"evs":[0.0,-3.02716]},"83o":{"weight":0.0,"played":[1.0,0.0],"evs":[0.0,-3.42986]},"93o":{"weight":0.0,"played":[1.0,0.0],"evs":[0.0,-3.62127]},"T3o":{"weight":0.0,"played":[1.0,0.0],"evs":[0.0,-3.45563]},"J3o":{"weight":0.0,"played":[0.9999,1.0E-4],"evs":[0.0,-3.38922]},"Q3o":{"weight":0.0,"played":[1.0,0.0],"evs":[0.0,-2.73361]},"K3o":{"weight":0.0,"played":[0.9997,3.0E-4],"evs":[0.0,-2.79229]},"A3o":{"weight":0.0,"played":[0.9999,1.0E-4],"evs":[0.0,-1.89206]},"42s":{"weight":0.0,"played":[0.9946,0.0054],"evs":[0.0,-2.02235]},"43s":{"weight":0.0,"played":[0.9995,5.0E-4],"evs":[0.0,-1.90251]},"44":{"weight":0.2847,"played":[0.7209,0.2791],"evs":[0.0,-0.14706]},"54o":{"weight":0.0,"played":[0.9999,1.0E-4],"evs":[0.0,-2.74025]},"64o":{"weight":0.0,"played":[0.9994,6.0E-4],"evs":[0.0,-2.25152]},"74o":{"weight":0.0,"played":[1.0,0.0],"evs":[0.0,-2.68174]},"84o":{"weight":0.0,"played":[1.0,0.0],"evs":[0.0,-2.78475]},"94o":{"weight":0.0,"played":[1.0,0.0],"evs":[0.0,-3.57743]},"T4o":{"weight":0.0,"played":[0.9998,2.0E-4],"evs":[0.0,-2.74838]},"J4o":{"weight":0.0,"played":[1.0,0.0],"evs":[0.0,-3.30423]},"Q4o":{"weight":0.0,"played":[1.0,0.0],"evs":[0.0,-2.94958]},"K4o":{"weight":0.0,"played":[0.9999,1.0E-4],"evs":[0.0,-2.85316]},"A4o":{"weight":0.0,"played":[0.9996,4.0E-4],"evs":[0.0,-2.13179]},"52s":{"weight":0.0,"played":[0.9991,9.0E-4],"evs":[0.0,-1.95383]},"53s":{"weight":0.0,"played":[0.9986,0.0014],"evs":[0.0,-1.42332]},"54s":{"weight":0.0,"played":[0.9997,3.0E-4],"evs":[0.0,-1.26898]},"55":{"weight":0.543,"played":[1.0E-4,0.9999],"evs":[0.0,0.61317]},"65o":{"weight":0.0,"played":[0.9992,8.0E-4],"evs":[0.0,-1.98343]},"75o":{"weight":0.0,"played":[1.0,0.0],"evs":[0.0,-2.38876]},"85o":{"weight":0.0,"played":[0.9993,7.0E-4],"evs":[0.0,-2.1107]},"95o":{"weight":0.0,"played":[0.9999,1.0E-4],"evs":[0.0,-2.98157]},"T5o":{"weight":0.0,"played":[0.9999,1.0E-4],"evs":[0.0,-3.02204]},"J5o":{"weight":0.0,"played":[0.9998,2.0E-4],"evs":[0.0,-3.14933]},"Q5o":{"weight":0.0,"played":[0.9999,1.0E-4],"evs":[0.0,-2.76094]},"K5o":{"weight":0.0,"played":[0.9999,1.0E-4],"evs":[0.0,-2.5738]},"A5o":{"weight":5.0E-4,"played":[0.9987,0.0013],"evs":[0.0,-1.82963]},"62s":{"weight":0.0,"played":[0.9999,1.0E-4],"evs":[0.0,-2.00752]},"63s":{"weight":0.0,"played":[1.0,0.0],"evs":[0.0,-2.16362]},"64s":{"weight":0.0,"played":[0.9191,0.0809],"evs":[0.0,-1.19885]},"65s":{"weight":0.0,"played":[0.9815,0.0185],"evs":[0.0,-0.76379]},"66":{"weight":0.0917,"played":[6.0E-4,0.9994],"evs":[0.0,0.99262]},"76o":{"weight":0.0,"played":[0.9999,1.0E-4],"evs":[0.0,-1.85192]},"86o":{"weight":0.0,"played":[0.9999,1.0E-4],"evs":[0.0,-1.94063]},"96o":{"weight":0.0,"played":[0.9999,1.0E-4],"evs":[0.0,-2.19768]},"T6o":{"weight":0.0,"played":[1.0,0.0],"evs":[0.0,-2.32223]},"J6o":{"weight":0.0,"played":[1.0,0.0],"evs":[0.0,-2.73804]},"Q6o":{"weight":0.0,"played":[0.9996,4.0E-4],"evs":[0.0,-2.29984]},"K6o":{"weight":0.0,"played":[0.9986,0.0014],"evs":[0.0,-2.3477]},"A6o":{"weight":0.0,"played":[0.998,0.002],"evs":[0.0,-1.96374]},"72s":{"weight":0.0,"played":[0.9996,4.0E-4],"evs":[0.0,-2.39191]},"73s":{"weight":0.0,"played":[0.9987,0.0013],"evs":[0.0,-1.94627]},"74s":{"weight":0.0,"played":[0.9996,4.0E-4],"evs":[0.0,-1.28705]},"75s":{"weight":0.0,"played":[0.9989,0.0011],"evs":[0.0,-1.60309]},"76s":{"weight":0.0,"played":[0.7663,0.2337],"evs":[0.0,-0.82032]},"77":{"weight":0.002,"played":[0.0,1.0],"evs":[0.0,2.00632]},"87o":{"weight":0.0,"played":[0.9999,1.0E-4],"evs":[0.0,-1.64797]},"97o":{"weight":0.0,"played":[0.9998,2.0E-4],"evs":[0.0,-1.9407]},"T7o":{"weight":0.0,"played":[0.9987,0.0013],"evs":[0.0,-2.00549]},"J7o":{"weight":0.0,"played":[1.0,0.0],"evs":[0.0,-2.28587]},"Q7o":{"weight":0.0,"played":[1.0,0.0],"evs":[0.0,-2.50261]},"K7o":{"weight":0.0,"played":[1.0,0.0],"evs":[0.0,-2.202]},"A7o":{"weight":2.0E-4,"played":[0.9988,0.0012],"evs":[0.0,-1.70976]},"82s":{"weight":0.0,"played":[1.0,0.0],"evs":[0.0,-1.89094]},"83s":{"weight":0.0,"played":[1.0,0.0],"evs":[0.0,-2.21819]},"84s":{"weight":0.0,"played":[0.9998,2.0E-4],"evs":[0.0,-1.75884]},"85s":{"weight":0.0,"played":[0.9998,2.0E-4],"evs":[0.0,-0.9537]},"86s":{"weight":0.0,"played":[0.9849,0.0151],"evs":[0.0,-0.92807]},"87s":{"weight":0.0025,"played":[0.9905,0.0095],"evs":[0.0,-0.57709]},"88":{"weight":0.6367,"played":[0.0,1.0],"evs":[0.0,2.94484]},"98o":{"weight":0.0,"played":[0.9999,1.0E-4],"evs":[0.0,-1.38998]},"T8o":{"weight":0.0,"played":[1.0,0.0],"evs":[0.0,-1.60508]},"J8o":{"weight":0.0,"played":[0.9998,2.0E-4],"evs":[0.0,-1.57168]},"Q8o":{"weight":0.0,"played":[0.9999,1.0E-4],"evs":[0.0,-1.68295]},"K8o":{"weight":0.0,"played":[0.9998,2.0E-4],"evs":[0.0,-2.17674]},"A8o":{"weight":1.0,"played":[0.9992,8.0E-4],"evs":[0.0,-1.3701]},"92s":{"weight":0.0,"played":[1.0,0.0],"evs":[0.0,-2.62052]},"93s":{"weight":0.0,"played":[0.9991,9.0E-4],"evs":[0.0,-2.04151]},"94s":{"weight":0.0,"played":[0.9996,4.0E-4],"evs":[0.0,-2.14395]},"95s":{"weight":0.0,"played":[1.0,0.0],"evs":[0.0,-1.94207]},"96s":{"weight":0.0,"played":[0.9884,0.0116],"evs":[0.0,-1.80683]},"97s":{"weight":0.0,"played":[0.9969,0.0031],"evs":[0.0,-0.71132]},"98s":{"weight":0.9974,"played":[0.8739,0.1261],"evs":[0.0,-0.60395]},"99":{"weight":1.0,"played":[0.0,1.0],"evs":[0.0,3.35248]},"T9o":{"weight":0.0,"played":[0.999,0.001],"evs":[0.0,-1.29133]},"J9o":{"weight":0.0,"played":[0.9996,4.0E-4],"evs":[0.0,-1.48571]},"Q9o":{"weight":0.0,"played":[0.9985,0.0015],"evs":[0.0,-1.42659]},"K9o":{"weight":0.0,"played":[0.9979,0.0021],"evs":[0.0,-1.57803]},"A9o":{"weight":0.8976,"played":[0.998,0.002],"evs":[0.0,-1.01112]},"T2s":{"weight":0.0,"played":[0.9993,7.0E-4],"evs":[0.0,-2.49295]},"T3s":{"weight":0.0,"played":[0.9986,0.0014],"evs":[0.0,-2.53628]},"T4s":{"weight":0.0,"played":[0.9983,0.0017],"evs":[0.0,-2.21161]},"T5s":{"weight":0.0,"played":[0.9969,0.0031],"evs":[0.0,-2.08727]},"T6s":{"weight":0.0,"played":[0.9938,0.0062],"evs":[0.0,-1.96076]},"T7s":{"weight":0.0,"played":[0.9544,0.0456],"evs":[0.0,-0.54336]},"T8s":{"weight":0.8822,"played":[0.998,0.002],"evs":[0.0,-0.07966]},"T9s":{"weight":0.7985,"played":[0.9143,0.0857],"evs":[0.0,-0.03743]},"TT":{"weight":1.0,"played":[0.0,1.0],"evs":[0.0,5.02681]},"JTo":{"weight":0.071,"played":[0.999,0.001],"evs":[0.0,-0.91175]},"QTo":{"weight":0.8252,"played":[0.9785,0.0215],"evs":[0.0,-1.13076]},"KTo":{"weight":0.8889,"played":[0.9994,6.0E-4],"evs":[0.0,-1.11251]},"ATo":{"weight":0.1142,"played":[0.0021,0.9979],"evs":[0.0,0.88627]},"J2s":{"weight":0.0,"played":[0.9975,0.0025],"evs":[0.0,-2.38584]},"J3s":{"weight":0.0,"played":[0.9977,0.0023],"evs":[0.0,-2.02345]},"J4s":{"weight":0.0,"played":[0.9999,1.0E-4],"evs":[0.0,-2.37552]},"J5s":{"weight":0.0,"played":[1.0,0.0],"evs":[0.0,-1.85852]},"J6s":{"weight":0.0,"played":[0.9868,0.0132],"evs":[0.0,-1.40899]},"J7s":{"weight":0.0,"played":[0.999,0.001],"evs":[0.0,-1.0393]},"J8s":{"weight":0.0,"played":[0.8227,0.1773],"evs":[0.0,-0.62739]},"J9s":{"weight":0.9902,"played":[0.9535,0.0465],"evs":[0.0,-0.67612]},"JTs":{"weight":3.0E-4,"played":[0.0522,0.9478],"evs":[0.0,0.29709]},"JJ":{"weight":1.0,"played":[0.0,1.0],"evs":[0.0,5.5545]},"QJo":{"weight":1.0,"played":[0.9997,3.0E-4],"evs":[0.0,-0.82649]},"KJo":{"weight":1.0,"played":[0.9985,0.0015],"evs":[0.0,-0.95499]},"AJo":{"weight":0.028,"played":[3.0E-4,0.9997],"evs":[0.0,1.62321]},"Q2s":{"weight":0.0,"played":[0.9944,0.0056],"evs":[0.0,-1.83345]},"Q3s":{"weight":0.0,"played":[0.9996,4.0E-4],"evs":[0.0,-2.07975]},"Q4s":{"weight":0.0,"played":[0.9996,4.0E-4],"evs":[0.0,-1.35069]},"Q5s":{"weight":0.0,"played":[0.9971,0.0029],"evs":[0.0,-1.78792]},"Q6s":{"weight":0.0,"played":[0.9989,0.0011],"evs":[0.0,-1.72389]},"Q7s":{"weight":0.0,"played":[0.9996,4.0E-4],"evs":[0.0,-1.30133]},"Q8s":{"weight":0.3749,"played":[0.9999,1.0E-4],"evs":[0.0,-1.17605]},"Q9s":{"weight":1.0,"played":[0.9686,0.0314],"evs":[0.0,-0.4133]},"QTs":{"weight":0.0268,"played":[0.6625,0.3375],"evs":[0.0,-0.41309]},"QJs":{"weight":0.9999,"played":[0.1667,0.8333],"evs":[0.0,0.16137]},"QQ":{"weight":1.0,"played":[0.0,1.0],"evs":[0.0,7.0587]},"KQo":{"weight":9.0E-4,"played":[0.6104,0.3896],"evs":[0.0,-0.29044]},"AQo":{"weight":0.0,"played":[0.0,1.0],"evs":[0.0,2.86449]},"K2s":{"weight":0.0,"played":[0.9997,3.0E-4],"evs":[0.0,-1.46927]},"K3s":{"weight":0.0,"played":[0.9986,0.0014],"evs":[0.0,-1.17367]},"K4s":{"weight":0.0,"played":[0.9993,7.0E-4],"evs":[0.0,-0.99542]},"K5s":{"weight":0.0,"played":[0.9919,0.0081],"evs":[0.0,-1.22658]},"K6s":{"weight":0.0,"played":[0.9996,4.0E-4],"evs":[0.0,-1.18148]},"K7s":{"weight":0.9987,"played":[0.9906,0.0094],"evs":[0.0,-0.95698]},"K8s":{"weight":0.9998,"played":[0.9464,0.0536],"evs":[0.0,-0.61992]},"K9s":{"weight":0.999,"played":[0.8777,0.1223],"evs":[0.0,-0.57646]},"KTs":{"weight":0.012,"played":[0.9815,0.0185],"evs":[0.0,-0.20134]},"KJs":{"weight":1.0,"played":[0.5047,0.4953],"evs":[0.0,-0.03435]},"KQs":{"weight":1.0,"played":[1.0E-4,0.9999],"evs":[0.0,1.03288]},"KK":{"weight":1.0,"played":[0.0,1.0],"evs":[0.0,8.97315]},"AKo":{"weight":0.9559,"played":[1.0E-4,0.9999],"evs":[0.0,3.98752]},"A2s":{"weight":1.0,"played":[0.9809,0.0191],"evs":[0.0,-1.24178]},"A3s":{"weight":1.0,"played":[0.9983,0.0017],"evs":[0.0,-0.67435]},"A4s":{"weight":1.0,"played":[0.977,0.023],"evs":[0.0,-0.81684]},"A5s":{"weight":0.9994,"played":[0.9121,0.0879],"evs":[0.0,-0.65719]},"A6s":{"weight":1.0,"played":[0.997,0.003],"evs":[0.0,-0.78465]},"A7s":{"weight":0.627,"played":[0.9059,0.0941],"evs":[0.0,-0.11279]},"A8s":{"weight":0.5921,"played":[0.993,0.007],"evs":[0.0,-0.23936]},"A9s":{"weight":1.0,"played":[0.2216,0.7784],"evs":[0.0,0.41479]},"ATs":{"weight":1.0,"played":[0.0,1.0],"evs":[0.0,1.56468]},"AJs":{"weight":1.0,"played":[0.0,1.0],"evs":[0.0,2.5255]},"AQs":{"weight":1.0,"played":[0.0,1.0],"evs":[0.0,3.99787]},"AKs":{"weight":1.0,"played":[0.0,1.0],"evs":[0.0,4.97318]},"AA":{"weight":1.0,"played":[0.0,1.0],"evs":[0.0,13.30376]}}}