{"player":3,"street":0,"children":2,"sequence":[{"player":0,"type":"F","amount":0,"street":0},{"player":1,"type":"F","amount":0,"street":0},{"player":2,"type":"F","amount":0,"street":0},{"player":3,"type":"R","amount":200000,"street":0},{"player":4,"type":"C","amount":150000,"street":0},{"player":5,"type":"R","amount":2235000,"street":0}],"actions":[{"type":"F","amount":0,"node":13},{"type":"C","amount":2035000,"node":14}],"hands":{"22":{"weight":0.0,"played":[3.0E-4,0.9997],"evs":[0.0,0.93087]},"32o":{"weight":0.0,"played":[1.0,0.0],"evs":[0.0,-4.16543]},"42o":{"weight":0.0,"played":[1.0,0.0],"evs":[0.0,-3.89936]},"52o":{"weight":0.0,"played":[1.0,0.0],"evs":[0.0,-3.81463]},"62o":{"weight":0.0,"played":[1.0,0.0],"evs":[0.0,-4.13737]},"72o":{"weight":0.0,"played":[1.0,0.0],"evs":[0.0,-4.47603]},"82o":{"weight":0.0,"played":[1.0,0.0],"evs":[0.0,-4.41305]},"92o":{"weight":0.0,"played":[1.0,0.0],"evs":[0.0,-4.33135]},"T2o":{"weight":0.0,"played":[1.0,0.0],"evs":[0.0,-4.39578]},"J2o":{"weight":0.0,"played":[1.0,0.0],"evs":[0.0,-4.11351]},"Q2o":{"weight":0.0,"played":[1.0,0.0],"evs":[0.0,-3.1333]},"K2o":{"weight":0.0,"played":[1.0,0.0],"evs":[0.0,-2.39095]},"A2o":{"weight":1.0,"played":[0.0087,0.9913],"evs":[0.0,0.25585]},"32s":{"weight":0.0,"played":[1.0,0.0],"evs":[0.0,-2.67724]},"33":{"weight":0.0,"played":[2.0E-4,0.9998],"evs":[0.0,1.9611]},"43o":{"weight":0.0,"played":[1.0,0.0],"evs":[0.0,-3.07034]},"53o":{"weight":0.0,"played":[1.0,0.0],"evs":[0.0,-2.72769]},"63o":{"weight":0.0,"played":[1.0,0.0],"evs":[0.0,-3.38804]},"73o":{"weight":0.0,"played":[1.0,0.0],"evs":[0.0,-3.58569]},"83o":{"weight":0.0,"played":[1.0,0.0],"evs":[0.0,-4.22436]},"93o":{"weight":0.0,"played":[1.0,0.0],"evs":[0.0,-4.11758]},"T3o":{"weight":0.0,"played":[1.0,0.0],"evs":[0.0,-4.09996]},"J3o":{"weight":0.0,"played":[1.0,0.0],"evs":[0.0,-3.68649]},"Q3o":{"weight":0.0,"played":[1.0,0.0],"evs":[0.0,-2.80784]},"K3o":{"weight":0.0,"played":[1.0,0.0],"evs":[0.0,-2.2151]},"A3o":{"weight":0.996,"played":[0.0,1.0],"evs":[0.0,0.60689]},"42s":{"weight":0.0,"played":[0.9999,1.0E-4],"evs":[0.0,-2.34345]},"43s":{"weight":0.0,"played":[1.0,0.0],"evs":[0.0,-1.52345]},"44":{"weight":0.2538,"played":[0.0,1.0],"evs":[0.0,2.69634]},"54o":{"weight":0.0,"played":[1.0,0.0],"evs":[0.0,-2.10782]},"64o":{"weight":0.0,"played":[1.0,0.0],"evs":[0.0,-2.59467]},"74o":{"weight":0.0,"played":[1.0,0.0],"evs":[0.0,-2.69809]},"84o":{"weight":0.0,"played":[1.0,0.0],"evs":[0.0,-3.42483]},"94o":{"weight":0.0,"played":[1.0,0.0],"evs":[0.0,-3.75687]},"T4o":{"weight":0.0,"played":[1.0,0.0],"evs":[0.0,-3.64801]},"J4o":{"weight":0.0,"played":[1.0,0.0],"evs":[0.0,-3.51498]},"Q4o":{"weight":0.0,"played":[1.0,0.0],"evs":[0.0,-2.61282]},"K4o":{"weight":0.0,"played":[1.0,0.0],"evs":[0.0,-1.60137]},"A4o":{"weight":0.7413,"played":[0.0,1.0],"evs":[0.0,0.80784]},"52s":{"weight":0.0,"played":[1.0,0.0],"evs":[0.0,-2.27459]},"53s":{"weight":0.0,"played":[0.9999,1.0E-4],"evs":[0.0,-1.21524]},"54s":{"weight":1.0,"played":[0.999,0.001],"evs":[0.0,-0.67168]},"55":{"weight":0.9998,"played":[0.0,1.0],"evs":[0.0,3.36714]},"65o":{"weight":0.0,"played":[1.0,0.0],"evs":[0.0,-1.95678]},"75o":{"weight":0.0,"played":[1.0,0.0],"evs":[0.0,-2.17414]},"85o":{"weight":0.0,"played":[1.0,0.0],"evs":[0.0,-2.68424]},"95o":{"weight":0.0,"played":[1.0,0.0],"evs":[0.0,-2.86361]},"T5o":{"weight":0.0,"played":[1.0,0.0],"evs":[0.0,-3.61404]},"J5o":{"weight":0.0,"played":[1.0,0.0],"evs":[0.0,-3.07669]},"Q5o":{"weight":0.0,"played":[1.0,0.0],"evs":[0.0,-2.26044]},"K5o":{"weight":1.0E-4,"played":[1.0,0.0],"evs":[0.0,-1.58924]},"A5o":{"weight":0.942,"played":[0.0,1.0],"evs":[0.0,1.23998]},"62s":{"weight":0.0,"played":[1.0,0.0],"evs":[0.0,-2.51884]},"63s":{"weight":0.0,"played":[0.9989,0.0011],"evs":[0.0,-1.63404]},"64s":{"weight":0.9998,"played":[1.0,0.0],"evs":[0.0,-1.19066]},"65s":{"weight":1.0,"played":[0.9999,1.0E-4],"evs":[0.0,-0.71396]},"66":{"weight":1.0,"played":[0.0,1.0],"evs":[0.0,4.06457]},"76o":{"weight":0.0,"played":[1.0,0.0],"evs":[0.0,-1.57129]},"86o":{"weight":0.0,"played":[1.0,0.0],"evs":[0.0,-2.04549]},"96o":{"weight":0.0,"played":[1.0,0.0],"evs":[0.0,-2.40207]},"T6o":{"weight":0.0,"played":[1.0,0.0],"evs":[0.0,-2.99799]},"J6o":{"weight":0.0,"played":[1.0,0.0],"evs":[0.0,-3.04492]},"Q6o":{"weight":0.0,"played":[1.0,0.0],"evs":[0.0,-2.08099]},"K6o":{"weight":1.0,"played":[1.0,0.0],"evs":[0.0,-1.34734]},"A6o":{"weight":0.1711,"played":[0.0,1.0],"evs":[0.0,1.44006]},"72s":{"weight":0.0,"played":[1.0,0.0],"evs":[0.0,-2.6583]},"73s":{"weight":0.0,"played":[1.0,0.0],"evs":[0.0,-2.02631]},"74s":{"weight":0.0018,"played":[1.0,0.0],"evs":[0.0,-1.45465]},"75s":{"weight":0.9998,"played":[1.0,0.0],"evs":[0.0,-0.82629]},"76s":{"weight":0.9998,"played":[1.0,0.0],"evs":[0.0,-0.19246]},"77":{"weight":1.0,"played":[0.0,1.0],"evs":[0.0,4.70953]},"87o":{"weight":0.0131,"played":[1.0,0.0],"evs":[0.0,-1.60435]},"97o":{"weight":0.0,"played":[1.0,0.0],"evs":[0.0,-1.84792]},"T7o":{"weight":0.0,"played":[1.0,0.0],"evs":[0.0,-2.36083]},"J7o":{"weight":0.0,"played":[1.0,0.0],"evs":[0.0,-2.4669]},"Q7o":{"weight":0.0,"played":[1.0,0.0],"evs":[0.0,-1.96368]},"K7o":{"weight":1.0,"played":[1.0,0.0],"evs":[0.0,-1.21117]},"A7o":{"weight":0.0,"played":[0.0,1.0],"evs":[0.0,2.18088]},"82s":{"weight":0.0,"played":[1.0,0.0],"evs":[0.0,-2.94047]},"83s":{"weight":0.0,"played":[1.0,0.0],"evs":[0.0,-2.7594]},"84s":{"weight":0.0,"played":[1.0,0.0],"evs":[0.0,-1.82775]},"85s":{"weight":0.9998,"played":[0.9997,3.0E-4],"evs":[0.0,-1.12313]},"86s":{"weight":0.9999,"played":[0.9994,6.0E-4],"evs":[0.0,-0.74329]},"87s":{"weight":0.9969,"played":[0.9955,0.0045],"evs":[0.0,-0.25628]},"88":{"weight":1.0,"played":[0.0,1.0],"evs":[0.0,5.62861]},"98o":{"weight":1.0,"played":[1.0,0.0],"evs":[0.0,-1.6082]},"T8o":{"weight":1.0,"played":[1.0,0.0],"evs":[0.0,-1.88605]},"J8o":{"weight":1.0,"played":[1.0,0.0],"evs":[0.0,-2.20956]},"Q8o":{"weight":1.0,"played":[1.0,0.0],"evs":[0.0,-1.59084]},"K8o":{"weight":1.0,"played":[1.0,0.0],"evs":[0.0,-1.06426]},"A8o":{"weight":0.0,"played":[0.0,1.0],"evs":[0.0,2.78863]},"92s":{"weight":0.0,"played":[1.0,0.0],"evs":[0.0,-3.02693]},"93s":{"weight":0.0,"played":[1.0,0.0],"evs":[0.0,-2.32778]},"94s":{"weight":0.0,"played":[1.0,0.0],"evs":[0.0,-2.26333]},"95s":{"weight":0.9989,"played":[1.0,0.0],"evs":[0.0,-1.44699]},"96s":{"weight":1.0,"played":[0.9995,5.0E-4],"evs":[0.0,-0.89975]},"97s":{"weight":0.998,"played":[0.9989,0.0011],"evs":[0.0,-0.47665]},"98s":{"weight":8.0E-4,"played":[0.9201,0.0799],"evs":[0.0,-0.09415]},"99":{"weight":1.0,"played":[0.0,1.0],"evs":[0.0,6.81898]},"T9o":{"weight":1.0,"played":[1.0,0.0],"evs":[0.0,-1.32554]},"J9o":{"weight":1.0,"played":[1.0,0.0],"evs":[0.0,-1.45124]},"Q9o":{"weight":1.0,"played":[1.0,0.0],"evs":[0.0,-0.94391]},"K9o":{"weight":1.0,"played":[0.9992,8.0E-4],"evs":[0.0,-0.22694]},"A9o":{"weight":0.0,"played":[0.0,1.0],"evs":[0.0,3.71614]},"T2s":{"weight":0.0,"played":[1.0,0.0],"evs":[0.0,-2.7641]},"T3s":{"weight":0.0,"played":[1.0,0.0],"evs":[0.0,-2.5766]},"T4s":{"weight":0.0,"played":[1.0,0.0],"evs":[0.0,-1.87476]},"T5s":{"weight":0.9065,"played":[1.0,0.0],"evs":[0.0,-2.01]},"T6s":{"weight":0.9999,"played":[1.0,0.0],"evs":[0.0,-1.45993]},"T7s":{"weight":1.0,"played":[1.0,0.0],"evs":[0.0,-0.76444]},"T8s":{"weight":0.7744,"played":[1.0,0.0],"evs":[0.0,-0.49067]},"T9s":{"weight":0.0498,"played":[0.9701,0.0299],"evs":[0.0,-0.04926]},"TT":{"weight":1.0,"played":[0.0,1.0],"evs":[0.0,8.55755]},"JTo":{"weight":0.9985,"played":[0.9993,7.0E-4],"evs":[0.0,-0.58301]},"QTo":{"weight":0.5911,"played":[0.4458,0.5542],"evs":[0.0,-2.6E-4]},"KTo":{"weight":1.0,"played":[0.0,1.0],"evs":[0.0,1.06726]},"ATo":{"weight":0.9982,"played":[0.0,1.0],"evs":[0.0,5.5965]},"J2s":{"weight":0.0,"played":[1.0,0.0],"evs":[0.0,-2.60796]},"J3s":{"weight":5.0E-4,"played":[1.0,0.0],"evs":[0.0,-2.17502]},"J4s":{"weight":0.9633,"played":[1.0,0.0],"evs":[0.0,-1.794]},"J5s":{"weight":1.0,"played":[1.0,0.0],"evs":[0.0,-1.79251]},"J6s":{"weight":1.0,"played":[0.9999,1.0E-4],"evs":[0.0,-1.43134]},"J7s":{"weight":0.9999,"played":[0.9989,0.0011],"evs":[0.0,-1.14927]},"J8s":{"weight":0.9998,"played":[0.9998,2.0E-4],"evs":[0.0,-0.92861]},"J9s":{"weight":0.3827,"played":[0.9766,0.0234],"evs":[0.0,-0.20523]},"JTs":{"weight":1.0,"played":[1.0E-4,0.9999],"evs":[0.0,0.8891]},"JJ":{"weight":1.0,"played":[0.0,1.0],"evs":[0.0,10.40893]},"QJo":{"weight":0.5727,"played":[0.0,1.0],"evs":[0.0,0.7357]},"KJo":{"weight":0.8578,"played":[0.0,1.0],"evs":[0.0,1.84876]},"AJo":{"weight":0.9995,"played":[0.0,1.0],"evs":[0.0,6.45117]},"Q2s":{"weight":0.4062,"played":[1.0,0.0],"evs":[0.0,-1.79209]},"Q3s":{"weight":0.9999,"played":[0.9999,1.0E-4],"evs":[0.0,-1.3525]},"Q4s":{"weight":1.0,"played":[0.9999,1.0E-4],"evs":[0.0,-1.06114]},"Q5s":{"weight":1.0,"played":[1.0,0.0],"evs":[0.0,-0.88869]},"Q6s":{"weight":1.0,"played":[1.0,0.0],"evs":[0.0,-0.60778]},"Q7s":{"weight":1.0,"played":[0.9995,5.0E-4],"evs":[0.0,-0.68299]},"Q8s":{"weight":0.9253,"played":[0.9996,4.0E-4],"evs":[0.0,-0.3073]},"Q9s":{"weight":0.1874,"played":[0.0238,0.9762],"evs":[0.0,0.35373]},"QTs":{"weight":1.0,"played":[0.0,1.0],"evs":[0.0,1.40382]},"QJs":{"weight":0.9999,"played":[0.0,1.0],"evs":[0.0,2.12695]},"QQ":{"weight":1.0,"played":[0.0,1.0],"evs":[0.0,11.92286]},"KQo":{"weight":0.5431,"played":[0.0,1.0],"evs":[0.0,2.96558]},"AQo":{"weight":1.0,"played":[0.0,1.0],"evs":[0.0,7.74554]},"K2s":{"weight":1.0,"played":[1.0,0.0],"evs":[0.0,-0.9546]},"K3s":{"weight":0.9867,"played":[0.9991,9.0E-4],"evs":[0.0,-0.62649]},"K4s":{"weight":0.8394,"played":[0.9963,0.0037],"evs":[0.0,-0.5285]},"K5s":{"weight":0.3779,"played":[0.6759,0.3241],"evs":[0.0,-0.04378]},"K6s":{"weight":0.5308,"played":[0.6263,0.3737],"evs":[0.0,0.01606]},"K7s":{"weight":0.9322,"played":[0.0077,0.9923],"evs":[0.0,0.36633]},"K8s":{"weight":0.8617,"played":[0.0025,0.9975],"evs":[0.0,0.34799]},"K9s":{"weight":0.9987,"played":[0.0,1.0],"evs":[0.0,1.12164]},"KTs":{"weight":1.0,"played":[0.0,1.0],"evs":[0.0,2.26222]},"KJs":{"weight":1.0,"played":[0.0,1.0],"evs":[0.0,3.02383]},"KQs":{"weight":1.0,"played":[0.0,1.0],"evs":[0.0,4.18933]},"KK":{"weight":1.0,"played":[0.0,1.0],"evs":[0.0,13.82545]},"AKo":{"weight":1.0,"played":[0.0,1.0],"evs":[0.0,8.71482]},"A2s":{"weight":0.0,"played":[2.0E-4,0.9998],"evs":[0.0,1.50434]},"A3s":{"weight":1.0E-4,"played":[1.0E-4,0.9999],"evs":[0.0,2.07065]},"A4s":{"weight":1.0E-4,"played":[0.0,1.0],"evs":[0.0,2.12412]},"A5s":{"weight":0.0105,"played":[0.0,1.0],"evs":[0.0,2.61501]},"A6s":{"weight":0.3299,"played":[0.0,1.0],"evs":[0.0,2.77464]},"A7s":{"weight":0.9977,"played":[0.0,1.0],"evs":[0.0,3.50098]},"A8s":{"weight":1.0,"played":[0.0,1.0],"evs":[0.0,4.0535]},"A9s":{"weight":1.0,"played":[0.0,1.0],"evs":[0.0,5.02893]},"ATs":{"weight":1.0,"played":[0.0,1.0],"evs":[0.0,6.84457]},"AJs":{"weight":1.0,"played":[0.0,1.0],"evs":[0.0,7.45955]},"AQs":{"weight":1.0,"played":[0.0,1.0],"evs":[0.0,8.57914]},"AKs":{"weight":1.0,"played":[0.0,1.0],"evs":[0.0,9.56416]},"AA":{"weight":1.0,"played":[0.0,1.0],"evs":[0.0,18.48672]}}}