{"player":1,"street":0,"children":2,"sequence":[{"player":0,"type":"F","amount":0,"street":0},{"player":1,"type":"R","amount":200000,"street":0},{"player":2,"type":"F","amount":0,"street":0},{"player":3,"type":"R","amount":2235000,"street":0},{"player":4,"type":"C","amount":1035000,"street":0},{"player":5,"type":"C","amount":2135000,"street":0}],"actions":[{"type":"F","amount":0},{"type":"C","amount":1385000}],"hands":{"22":{"weight":0.0,"played":[0.9987,0.0013],"evs":[0.0,-1.94834]},"32o":{"weight":0.0,"played":[0.9997,3.0E-4],"evs":[0.0,-4.18954]},"42o":{"weight":0.0,"played":[1.0,0.0],"evs":[0.0,-3.80581]},"52o":{"weight":0.0,"played":[0.9999,1.0E-4],"evs":[0.0,-3.69727]},"62o":{"weight":0.0,"played":[1.0,0.0],"evs":[0.0,-3.9021]},"72o":{"weight":0.0,"played":[1.0,0.0],"evs":[0.0,-4.80571]},"82o":{"weight":0.0,"played":[1.0,0.0],"evs":[0.0,-4.50451]},"92o":{"weight":0.0,"played":[0.9999,1.0E-4],"evs":[0.0,-4.41861]},"T2o":{"weight":0.0,"played":[1.0,0.0],"evs":[0.0,-4.25141]},"J2o":{"weight":0.0,"played":[1.0,0.0],"evs":[0.0,-4.30876]},"Q2o":{"weight":0.0,"played":[0.9999,1.0E-4],"evs":[0.0,-4.19548]},"K2o":{"weight":0.0,"played":[0.9998,2.0E-4],"evs":[0.0,-3.35957]},"A2o":{"weight":0.0,"played":[0.9999,1.0E-4],"evs":[0.0,-4.15017]},"32s":{"weight":0.0,"played":[0.9991,9.0E-4],"evs":[0.0,-3.09417]},"33":{"weight":0.134,"played":[0.9997,3.0E-4],"evs":[0.0,-1.78057]},"43o":{"weight":0.0,"played":[1.0,0.0],"evs":[0.0,-2.95155]},"53o":{"weight":0.0,"played":[0.9998,2.0E-4],"evs":[0.0,-2.59926]},"63o":{"weight":0.0,"played":[1.0,0.0],"evs":[0.0,-3.34901]},"73o":{"weight":0.0,"played":[1.0,0.0],"evs":[0.0,-4.29192]},"83o":{"weight":0.0,"played":[1.0,0.0],"evs":[0.0,-4.56428]},"93o":{"weight":0.0,"played":[1.0,0.0],"evs":[0.0,-3.97041]},"T3o":{"weight":0.0,"played":[0.9999,1.0E-4],"evs":[0.0,-3.72774]},"J3o":{"weight":0.0,"played":[1.0,0.0],"evs":[0.0,-4.13738]},"Q3o":{"weight":0.0,"played":[0.9995,5.0E-4],"evs":[0.0,-3.71027]},"K3o":{"weight":0.0,"played":[1.0,0.0],"evs":[0.0,-3.3178]},"A3o":{"weight":0.0,"played":[0.9999,1.0E-4],"evs":[0.0,-3.7098]},"42s":{"weight":0.0,"played":[1.0,0.0],"evs":[0.0,-2.78468]},"43s":{"weight":0.0,"played":[0.997,0.003],"evs":[0.0,-2.04213]},"44":{"weight":0.2847,"played":[0.995,0.005],"evs":[0.0,-1.66046]},"54o":{"weight":0.0,"played":[1.0,0.0],"evs":[0.0,-2.54218]},"64o":{"weight":0.0,"played":[0.9988,0.0012],"evs":[0.0,-2.89131]},"74o":{"weight":0.0,"played":[0.9999,1.0E-4],"evs":[0.0,-3.21441]},"84o":{"weight":0.0,"played":[0.9999,1.0E-4],"evs":[0.0,-3.35616]},"94o":{"weight":0.0,"played":[0.9999,1.0E-4],"evs":[0.0,-3.85131]},"T4o":{"weight":0.0,"played":[1.0,0.0],"evs":[0.0,-3.69472]},"J4o":{"weight":0.0,"played":[1.0,0.0],"evs":[0.0,-3.60268]},"Q4o":{"weight":0.0,"played":[1.0,0.0],"evs":[0.0,-3.53868]},"K4o":{"weight":0.0,"played":[1.0,0.0],"evs":[0.0,-3.63766]},"A4o":{"weight":0.0,"played":[0.9999,1.0E-4],"evs":[0.0,-3.78016]},"52s":{"weight":0.0,"played":[0.9959,0.0041],"evs":[0.0,-2.4879]},"53s":{"weight":0.0,"played":[0.9942,0.0058],"evs":[0.0,-1.39212]},"54s":{"weight":0.0,"played":[0.9941,0.0059],"evs":[0.0,-1.21539]},"55":{"weight":0.543,"played":[0.9978,0.0022],"evs":[0.0,-1.36431]},"65o":{"weight":0.0,"played":[0.9998,2.0E-4],"evs":[0.0,-1.97732]},"75o":{"weight":0.0,"played":[0.9998,2.0E-4],"evs":[0.0,-2.47014]},"85o":{"weight":0.0,"played":[0.9999,1.0E-4],"evs":[0.0,-2.89271]},"95o":{"weight":0.0,"played":[1.0,0.0],"evs":[0.0,-3.52869]},"T5o":{"weight":0.0,"played":[0.9997,3.0E-4],"evs":[0.0,-3.87121]},"J5o":{"weight":0.0,"played":[1.0,0.0],"evs":[0.0,-3.65193]},"Q5o":{"weight":0.0,"played":[1.0,0.0],"evs":[0.0,-4.02562]},"K5o":{"weight":0.0,"played":[0.9996,4.0E-4],"evs":[0.0,-3.23285]},"A5o":{"weight":5.0E-4,"played":[1.0,0.0],"evs":[0.0,-3.61685]},"62s":{"weight":0.0,"played":[0.9998,2.0E-4],"evs":[0.0,-2.3534]},"63s":{"weight":0.0,"played":[0.9922,0.0078],"evs":[0.0,-2.35693]},"64s":{"weight":0.0,"played":[0.996,0.004],"evs":[0.0,-0.99279]},"65s":{"weight":0.0,"played":[0.8052,0.1948],"evs":[0.0,-0.77644]},"66":{"weight":0.0917,"played":[0.9994,6.0E-4],"evs":[0.0,-0.90232]},"76o":{"weight":0.0,"played":[0.9989,0.0011],"evs":[0.0,-1.89574]},"86o":{"weight":0.0,"played":[0.9996,4.0E-4],"evs":[0.0,-2.86511]},"96o":{"weight":0.0,"played":[1.0,0.0],"evs":[0.0,-2.92843]},"T6o":{"weight":0.0,"played":[1.0,0.0],"evs":[0.0,-3.47736]},"J6o":{"weight":0.0,"played":[0.9997,3.0E-4],"evs":[0.0,-3.68411]},"Q6o":{"weight":0.0,"played":[0.9999,1.0E-4],"evs":[0.0,-3.87046]},"K6o":{"weight":0.0,"played":[0.9992,8.0E-4],"evs":[0.0,-2.869]},"A6o":{"weight":0.0,"played":[0.9999,1.0E-4],"evs":[0.0,-4.59185]},"72s":{"weight":0.0,"played":[0.9996,4.0E-4],"evs":[0.0,-2.52464]},"73s":{"weight":0.0,"played":[0.9986,0.0014],"evs":[0.0,-2.22206]},"74s":{"weight":0.0,"played":[0.9999,1.0E-4],"evs":[0.0,-0.78152]},"75s":{"weight":0.0,"played":[0.9827,0.0173],"evs":[0.0,-1.33969]},"76s":{"weight":0.0,"played":[0.7115,0.2885],"evs":[0.0,-0.91096]},"77":{"weight":0.002,"played":[0.7554,0.2446],"evs":[0.0,0.07934]},"87o":{"weight":0.0,"played":[0.9999,1.0E-4],"evs":[0.0,-1.96363]},"97o":{"weight":0.0,"played":[0.9996,4.0E-4],"evs":[0.0,-2.26614]},"T7o":{"weight":0.0,"played":[0.9997,3.0E-4],"evs":[0.0,-2.45118]},"J7o":{"weight":0.0,"played":[1.0,0.0],"evs":[0.0,-2.89606]},"Q7o":{"weight":0.0,"played":[1.0,0.0],"evs":[0.0,-3.39979]},"K7o":{"weight":0.0,"played":[0.9995,5.0E-4],"evs":[0.0,-2.67961]},"A7o":{"weight":2.0E-4,"played":[1.0,0.0],"evs":[0.0,-4.06882]},"82s":{"weight":0.0,"played":[0.9984,0.0016],"evs":[0.0,-2.70393]},"83s":{"weight":0.0,"played":[0.9994,6.0E-4],"evs":[0.0,-2.63316]},"84s":{"weight":0.0,"played":[0.9867,0.0133],"evs":[0.0,-2.04556]},"85s":{"weight":0.0,"played":[1.0,0.0],"evs":[0.0,-0.99507]},"86s":{"weight":0.0,"played":[0.9534,0.0466],"evs":[0.0,-0.66545]},"87s":{"weight":0.0025,"played":[0.9659,0.0341],"evs":[0.0,-0.60647]},"88":{"weight":0.6367,"played":[4.0E-4,0.9996],"evs":[0.0,1.31575]},"98o":{"weight":0.0,"played":[0.9993,7.0E-4],"evs":[0.0,-2.37173]},"T8o":{"weight":0.0,"played":[0.9994,6.0E-4],"evs":[0.0,-2.21954]},"J8o":{"weight":0.0,"played":[0.9998,2.0E-4],"evs":[0.0,-2.39628]},"Q8o":{"weight":0.0,"played":[0.9998,2.0E-4],"evs":[0.0,-3.08491]},"K8o":{"weight":0.0,"played":[0.9995,5.0E-4],"evs":[0.0,-3.13232]},"A8o":{"weight":1.0,"played":[0.9999,1.0E-4],"evs":[0.0,-3.76354]},"92s":{"weight":0.0,"played":[0.9999,1.0E-4],"evs":[0.0,-2.70864]},"93s":{"weight":0.0,"played":[0.9996,4.0E-4],"evs":[0.0,-3.00907]},"94s":{"weight":0.0,"played":[0.9993,7.0E-4],"evs":[0.0,-2.28831]},"95s":{"weight":0.0,"played":[0.998,0.002],"evs":[0.0,-1.30946]},"96s":{"weight":0.0,"played":[0.6119,0.3881],"evs":[0.0,-0.25106]},"97s":{"weight":0.0,"played":[0.7232,0.2768],"evs":[0.0,-0.71618]},"98s":{"weight":0.9974,"played":[0.9217,0.0783],"evs":[0.0,-0.34879]},"99":{"weight":1.0,"played":[0.0,1.0],"evs":[0.0,2.16018]},"T9o":{"weight":0.0,"played":[1.0,0.0],"evs":[0.0,-1.49578]},"J9o":{"weight":0.0,"played":[0.9964,0.0036],"evs":[0.0,-2.0953]},"Q9o":{"weight":0.0,"played":[1.0,0.0],"evs":[0.0,-2.54191]},"K9o":{"weight":0.0,"played":[0.9997,3.0E-4],"evs":[0.0,-2.36986]},"A9o":{"weight":0.8976,"played":[0.9988,0.0012],"evs":[0.0,-3.57994]},"T2s":{"weight":0.0,"played":[0.9995,5.0E-4],"evs":[0.0,-2.1724]},"T3s":{"weight":0.0,"played":[0.9999,1.0E-4],"evs":[0.0,-1.91588]},"T4s":{"weight":0.0,"played":[0.9998,2.0E-4],"evs":[0.0,-1.68699]},"T5s":{"weight":0.0,"played":[1.0,0.0],"evs":[0.0,-1.80266]},"T6s":{"weight":0.0,"played":[0.9933,0.0067],"evs":[0.0,-1.62293]},"T7s":{"weight":0.0,"played":[0.999,0.001],"evs":[0.0,-1.00955]},"T8s":{"weight":0.8822,"played":[0.9629,0.0371],"evs":[0.0,-0.55333]},"T9s":{"weight":0.7985,"played":[0.9264,0.0736],"evs":[0.0,-0.64249]},"TT":{"weight":1.0,"played":[0.0,1.0],"evs":[0.0,3.60849]},"JTo":{"weight":0.071,"played":[0.9726,0.0274],"evs":[0.0,-1.45852]},"QTo":{"weight":0.8252,"played":[0.9997,3.0E-4],"evs":[0.0,-1.5916]},"KTo":{"weight":0.8889,"played":[0.9977,0.0023],"evs":[0.0,-1.5165]},"ATo":{"weight":0.1142,"played":[0.9963,0.0037],"evs":[0.0,-2.13649]},"J2s":{"weight":0.0,"played":[0.9998,2.0E-4],"evs":[0.0,-2.94065]},"J3s":{"weight":0.0,"played":[0.9993,7.0E-4],"evs":[0.0,-2.28723]},"J4s":{"weight":0.0,"played":[1.0,0.0],"evs":[0.0,-1.71034]},"J5s":{"weight":0.0,"played":[0.9996,4.0E-4],"evs":[0.0,-2.321]},"J6s":{"weight":0.0,"played":[0.9976,0.0024],"evs":[0.0,-2.03439]},"J7s":{"weight":0.0,"played":[0.956,0.044],"evs":[0.0,-1.42635]},"J8s":{"weight":0.0,"played":[0.9914,0.0086],"evs":[0.0,-1.29184]},"J9s":{"weight":0.9902,"played":[0.4852,0.5148],"evs":[0.0,-0.0538]},"JTs":{"weight":3.0E-4,"played":[0.1662,0.8338],"evs":[0.0,0.32608]},"JJ":{"weight":1.0,"played":[0.0,1.0],"evs":[0.0,5.82236]},"QJo":{"weight":1.0,"played":[0.9991,9.0E-4],"evs":[0.0,-1.42263]},"KJo":{"weight":1.0,"played":[0.9949,0.0051],"evs":[0.0,-1.34402]},"AJo":{"weight":0.028,"played":[0.9999,1.0E-4],"evs":[0.0,-2.1257]},"Q2s":{"weight":0.0,"played":[0.9997,3.0E-4],"evs":[0.0,-2.81053]},"Q3s":{"weight":0.0,"played":[0.9951,0.0049],"evs":[0.0,-2.13301]},"Q4s":{"weight":0.0,"played":[0.9936,0.0064],"evs":[0.0,-2.09404]},"Q5s":{"weight":0.0,"played":[0.9869,0.0131],"evs":[0.0,-2.17865]},"Q6s":{"weight":0.0,"played":[0.9985,0.0015],"evs":[0.0,-1.72382]},"Q7s":{"weight":0.0,"played":[0.9734,0.0266],"evs":[0.0,-1.95554]},"Q8s":{"weight":0.3749,"played":[0.9781,0.0219],"evs":[0.0,-1.62733]},"Q9s":{"weight":1.0,"played":[0.7074,0.2926],"evs":[0.0,-0.65266]},"QTs":{"weight":0.0268,"played":[0.8566,0.1434],"evs":[0.0,-0.47863]},"QJs":{"weight":0.9999,"played":[4.0E-4,0.9996],"evs":[0.0,0.12114]},"QQ":{"weight":1.0,"played":[0.0,1.0],"evs":[0.0,8.39003]},"KQo":{"weight":9.0E-4,"played":[0.996,0.004],"evs":[0.0,-1.51439]},"AQo":{"weight":0.0,"played":[0.9575,0.0425],"evs":[0.0,-0.71439]},"K2s":{"weight":0.0,"played":[0.9991,9.0E-4],"evs":[0.0,-2.49467]},"K3s":{"weight":0.0,"played":[0.9993,7.0E-4],"evs":[0.0,-1.34161]},"K4s":{"weight":0.0,"played":[1.0,0.0],"evs":[0.0,-1.92831]},"K5s":{"weight":0.0,"played":[0.9926,0.0074],"evs":[0.0,-1.62732]},"K6s":{"weight":0.0,"played":[1.0,0.0],"evs":[0.0,-1.86066]},"K7s":{"weight":0.9987,"played":[0.997,0.003],"evs":[0.0,-1.49895]},"K8s":{"weight":0.9998,"played":[0.9821,0.0179],"evs":[0.0,-1.15494]},"K9s":{"weight":0.999,"played":[0.9398,0.0602],"evs":[0.0,-0.50795]},"KTs":{"weight":0.012,"played":[0.2876,0.7124],"evs":[0.0,-0.35149]},"KJs":{"weight":1.0,"played":[0.1657,0.8343],"evs":[0.0,0.59298]},"KQs":{"weight":1.0,"played":[0.8297,0.1703],"evs":[0.0,0.09858]},"KK":{"weight":1.0,"played":[0.0,1.0],"evs":[0.0,11.89977]},"AKo":{"weight":0.9559,"played":[2.0E-4,0.9998],"evs":[0.0,1.58703]},"A2s":{"weight":1.0,"played":[0.9995,5.0E-4],"evs":[0.0,-1.5231]},"A3s":{"weight":1.0,"played":[0.9993,7.0E-4],"evs":[0.0,-2.01624]},"A4s":{"weight":1.0,"played":[0.9995,5.0E-4],"evs":[0.0,-1.11466]},"A5s":{"weight":0.9994,"played":[0.989,0.011],"evs":[0.0,-1.77622]},"A6s":{"weight":1.0,"played":[0.9969,0.0031],"evs":[0.0,-2.50673]},"A7s":{"weight":0.627,"played":[0.9988,0.0012],"evs":[0.0,-2.3301]},"A8s":{"weight":0.5921,"played":[0.9954,0.0046],"evs":[0.0,-1.51102]},"A9s":{"weight":1.0,"played":[0.994,0.006],"evs":[0.0,-1.49829]},"ATs":{"weight":1.0,"played":[0.9877,0.0123],"evs":[0.0,-0.63913]},"AJs":{"weight":1.0,"played":[0.8859,0.1141],"evs":[0.0,-0.11055]},"AQs":{"weight":1.0,"played":[0.0014,0.9986],"evs":[0.0,0.46242]},"AKs":{"weight":1.0,"played":[5.0E-4,0.9995],"evs":[0.0,3.18116]},"AA":{"weight":1.0,"played":[0.0,1.0],"evs":[0.0,15.48656]}}}