{"player":2,"street":0,"children":2,"sequence":[{"player":0,"type":"F","amount":0,"street":0},{"player":1,"type":"R","amount":200000,"street":0},{"player":2,"type":"C","amount":200000,"street":0},{"player":3,"type":"F","amount":0,"street":0},{"player":4,"type":"F","amount":0,"street":0},{"player":5,"type":"R","amount":2235000,"street":0},{"player":1,"type":"C","amount":1385000,"street":0}],"actions":[{"type":"F","amount":0},{"type":"C","amount":2035000}],"hands":{"22":{"weight":0.0,"played":[1.0,0.0],"evs":[0.0,-1.73338]},"32o":{"weight":0.0,"played":[1.0,0.0],"evs":[0.0,-5.36461]},"42o":{"weight":0.0,"played":[1.0,0.0],"evs":[0.0,-5.18446]},"52o":{"weight":0.0,"played":[1.0,0.0],"evs":[0.0,-5.16246]},"62o":{"weight":0.0,"played":[1.0,0.0],"evs":[0.0,-5.64689]},"72o":{"weight":0.0,"played":[1.0,0.0],"evs":[0.0,-6.35564]},"82o":{"weight":0.0,"played":[1.0,0.0],"evs":[0.0,-6.17192]},"92o":{"weight":0.0,"played":[1.0,0.0],"evs":[0.0,-6.16987]},"T2o":{"weight":0.0,"played":[1.0,0.0],"evs":[0.0,-5.88343]},"J2o":{"weight":0.0,"played":[1.0,0.0],"evs":[0.0,-5.49175]},"Q2o":{"weight":0.0,"played":[1.0,0.0],"evs":[0.0,-5.21676]},"K2o":{"weight":0.0,"played":[1.0,0.0],"evs":[0.0,-4.79103]},"A2o":{"weight":0.0,"played":[1.0,0.0],"evs":[0.0,-4.61288]},"32s":{"weight":0.0,"played":[1.0,0.0],"evs":[0.0,-3.86338]},"33":{"weight":0.289,"played":[0.9999,1.0E-4],"evs":[0.0,-2.00557]},"43o":{"weight":0.0,"played":[1.0,0.0],"evs":[0.0,-4.68874]},"53o":{"weight":0.0,"played":[1.0,0.0],"evs":[0.0,-4.57138]},"63o":{"weight":0.0,"played":[1.0,0.0],"evs":[0.0,-5.16686]},"73o":{"weight":0.0,"played":[1.0,0.0],"evs":[0.0,-5.81037]},"83o":{"weight":0.0,"played":[1.0,0.0],"evs":[0.0,-6.23413]},"93o":{"weight":0.0,"played":[1.0,0.0],"evs":[0.0,-5.85813]},"T3o":{"weight":0.0,"played":[1.0,0.0],"evs":[0.0,-5.91355]},"J3o":{"weight":0.0,"played":[1.0,0.0],"evs":[0.0,-5.56939]},"Q3o":{"weight":0.0,"played":[1.0,0.0],"evs":[0.0,-4.98721]},"K3o":{"weight":0.0,"played":[1.0,0.0],"evs":[0.0,-4.65901]},"A3o":{"weight":0.0,"played":[1.0,0.0],"evs":[0.0,-4.49785]},"42s":{"weight":0.0,"played":[1.0,0.0],"evs":[0.0,-3.67152]},"43s":{"weight":0.0,"played":[1.0,0.0],"evs":[0.0,-3.10956]},"44":{"weight":0.9996,"played":[0.9997,3.0E-4],"evs":[0.0,-1.59811]},"54o":{"weight":0.0,"played":[1.0,0.0],"evs":[0.0,-3.67721]},"64o":{"weight":0.0,"played":[1.0,0.0],"evs":[0.0,-4.18158]},"74o":{"weight":0.0,"played":[1.0,0.0],"evs":[0.0,-5.00607]},"84o":{"weight":0.0,"played":[1.0,0.0],"evs":[0.0,-5.42673]},"94o":{"weight":0.0,"played":[1.0,0.0],"evs":[0.0,-5.81475]},"T4o":{"weight":0.0,"played":[1.0,0.0],"evs":[0.0,-5.5809]},"J4o":{"weight":0.0,"played":[1.0,0.0],"evs":[0.0,-5.46913]},"Q4o":{"weight":0.0,"played":[1.0,0.0],"evs":[0.0,-4.96865]},"K4o":{"weight":0.0,"played":[1.0,0.0],"evs":[0.0,-4.45525]},"A4o":{"weight":0.0,"played":[1.0,0.0],"evs":[0.0,-4.22088]},"52s":{"weight":0.0,"played":[1.0,0.0],"evs":[0.0,-3.89528]},"53s":{"weight":0.0,"played":[1.0,0.0],"evs":[0.0,-2.68337]},"54s":{"weight":0.0,"played":[1.0,0.0],"evs":[0.0,-2.2933]},"55":{"weight":0.8986,"played":[0.9997,3.0E-4],"evs":[0.0,-1.42911]},"65o":{"weight":0.0,"played":[1.0,0.0],"evs":[0.0,-3.94193]},"75o":{"weight":0.0,"played":[1.0,0.0],"evs":[0.0,-4.35748]},"85o":{"weight":0.0,"played":[1.0,0.0],"evs":[0.0,-4.79083]},"95o":{"weight":0.0,"played":[1.0,0.0],"evs":[0.0,-5.27299]},"T5o":{"weight":0.0,"played":[1.0,0.0],"evs":[0.0,-5.64325]},"J5o":{"weight":0.0,"played":[1.0,0.0],"evs":[0.0,-5.09609]},"Q5o":{"weight":0.0,"played":[1.0,0.0],"evs":[0.0,-4.61899]},"K5o":{"weight":0.0,"played":[1.0,0.0],"evs":[0.0,-4.50185]},"A5o":{"weight":0.0,"played":[1.0,0.0],"evs":[0.0,-4.16698]},"62s":{"weight":0.0,"played":[0.9999,1.0E-4],"evs":[0.0,-3.77801]},"63s":{"weight":0.0,"played":[0.9999,1.0E-4],"evs":[0.0,-3.51526]},"64s":{"weight":0.0,"played":[1.0,0.0],"evs":[0.0,-2.44133]},"65s":{"weight":0.2359,"played":[1.0,0.0],"evs":[0.0,-2.41786]},"66":{"weight":0.7474,"played":[0.9998,2.0E-4],"evs":[0.0,-1.06701]},"76o":{"weight":0.0,"played":[1.0,0.0],"evs":[0.0,-3.80569]},"86o":{"weight":0.0,"played":[1.0,0.0],"evs":[0.0,-4.37282]},"96o":{"weight":0.0,"played":[1.0,0.0],"evs":[0.0,-4.5854]},"T6o":{"weight":0.0,"played":[1.0,0.0],"evs":[0.0,-5.11399]},"J6o":{"weight":0.0,"played":[1.0,0.0],"evs":[0.0,-5.29861]},"Q6o":{"weight":0.0,"played":[1.0,0.0],"evs":[0.0,-4.58552]},"K6o":{"weight":0.0,"played":[1.0,0.0],"evs":[0.0,-4.47926]},"A6o":{"weight":0.0,"played":[1.0,0.0],"evs":[0.0,-4.63258]},"72s":{"weight":0.0,"played":[1.0,0.0],"evs":[0.0,-4.80292]},"73s":{"weight":0.0,"played":[1.0,0.0],"evs":[0.0,-4.51426]},"74s":{"weight":0.0,"played":[1.0,0.0],"evs":[0.0,-3.63267]},"75s":{"weight":0.0,"played":[1.0,0.0],"evs":[0.0,-2.70947]},"76s":{"weight":0.4989,"played":[1.0,0.0],"evs":[0.0,-1.96422]},"77":{"weight":0.7027,"played":[0.9917,0.0083],"evs":[0.0,-0.76164]},"87o":{"weight":0.0,"played":[1.0,0.0],"evs":[0.0,-3.8045]},"97o":{"weight":0.0,"played":[1.0,0.0],"evs":[0.0,-4.10865]},"T7o":{"weight":0.0,"played":[1.0,0.0],"evs":[0.0,-4.56181]},"J7o":{"weight":0.0,"played":[1.0,0.0],"evs":[0.0,-4.83337]},"Q7o":{"weight":0.0,"played":[1.0,0.0],"evs":[0.0,-4.83284]},"K7o":{"weight":0.0,"played":[1.0,0.0],"evs":[0.0,-4.47394]},"A7o":{"weight":0.0,"played":[1.0,0.0],"evs":[0.0,-4.48918]},"82s":{"weight":0.0,"played":[1.0,0.0],"evs":[0.0,-4.49481]},"83s":{"weight":0.0,"played":[1.0,0.0],"evs":[0.0,-4.46717]},"84s":{"weight":0.0,"played":[1.0,0.0],"evs":[0.0,-3.97356]},"85s":{"weight":0.0,"played":[1.0,0.0],"evs":[0.0,-3.48179]},"86s":{"weight":0.0,"played":[1.0,0.0],"evs":[0.0,-2.64831]},"87s":{"weight":0.3835,"played":[0.9997,3.0E-4],"evs":[0.0,-1.95376]},"88":{"weight":0.6919,"played":[0.2179,0.7821],"evs":[0.0,0.08865]},"98o":{"weight":0.0,"played":[1.0,0.0],"evs":[0.0,-3.88942]},"T8o":{"weight":0.0,"played":[1.0,0.0],"evs":[0.0,-3.89182]},"J8o":{"weight":0.0,"played":[1.0,0.0],"evs":[0.0,-4.184]},"Q8o":{"weight":0.0,"played":[1.0,0.0],"evs":[0.0,-4.15154]},"K8o":{"weight":0.0,"played":[1.0,0.0],"evs":[0.0,-4.2391]},"A8o":{"weight":0.0,"played":[0.9999,1.0E-4],"evs":[0.0,-4.28401]},"92s":{"weight":0.0,"played":[1.0,0.0],"evs":[0.0,-4.19906]},"93s":{"weight":0.0,"played":[1.0,0.0],"evs":[0.0,-3.59422]},"94s":{"weight":0.0,"played":[1.0,0.0],"evs":[0.0,-3.79674]},"95s":{"weight":0.0,"played":[1.0,0.0],"evs":[0.0,-3.60131]},"96s":{"weight":0.0,"played":[0.9998,2.0E-4],"evs":[0.0,-2.65627]},"97s":{"weight":0.0,"played":[1.0,0.0],"evs":[0.0,-2.55142]},"98s":{"weight":0.3364,"played":[0.9999,1.0E-4],"evs":[0.0,-2.07083]},"99":{"weight":1.0E-4,"played":[0.0,1.0],"evs":[0.0,1.23209]},"T9o":{"weight":0.0,"played":[1.0,0.0],"evs":[0.0,-3.4033]},"J9o":{"weight":0.0,"played":[1.0,0.0],"evs":[0.0,-3.71076]},"Q9o":{"weight":0.0,"played":[1.0,0.0],"evs":[0.0,-3.66057]},"K9o":{"weight":0.0,"played":[1.0,0.0],"evs":[0.0,-3.85784]},"A9o":{"weight":0.0114,"played":[1.0,0.0],"evs":[0.0,-4.06027]},"T2s":{"weight":0.0,"played":[1.0,0.0],"evs":[0.0,-4.04602]},"T3s":{"weight":0.0,"played":[1.0,0.0],"evs":[0.0,-4.09294]},"T4s":{"weight":0.0,"played":[1.0,0.0],"evs":[0.0,-3.99693]},"T5s":{"weight":0.0,"played":[0.9999,1.0E-4],"evs":[0.0,-3.82043]},"T6s":{"weight":0.0,"played":[1.0,0.0],"evs":[0.0,-3.07633]},"T7s":{"weight":0.0,"played":[0.9999,1.0E-4],"evs":[0.0,-2.7225]},"T8s":{"weight":4.0E-4,"played":[1.0,0.0],"evs":[0.0,-2.01473]},"T9s":{"weight":0.9989,"played":[0.9997,3.0E-4],"evs":[0.0,-1.53881]},"TT":{"weight":0.0,"played":[0.0,1.0],"evs":[0.0,3.29863]},"JTo":{"weight":0.0,"played":[1.0,0.0],"evs":[0.0,-2.96613]},"QTo":{"weight":0.0,"played":[1.0,0.0],"evs":[0.0,-2.98474]},"KTo":{"weight":0.0,"played":[1.0,0.0],"evs":[0.0,-2.62248]},"ATo":{"weight":0.8241,"played":[1.0,0.0],"evs":[0.0,-2.88611]},"J2s":{"weight":0.0,"played":[1.0,0.0],"evs":[0.0,-3.74919]},"J3s":{"weight":0.0,"played":[1.0,0.0],"evs":[0.0,-3.81344]},"J4s":{"weight":0.0,"played":[1.0,0.0],"evs":[0.0,-3.91062]},"J5s":{"weight":0.0,"played":[1.0,0.0],"evs":[0.0,-3.4841]},"J6s":{"weight":0.0,"played":[1.0,0.0],"evs":[0.0,-3.47868]},"J7s":{"weight":0.0,"played":[0.9999,1.0E-4],"evs":[0.0,-3.23495]},"J8s":{"weight":0.0,"played":[1.0,0.0],"evs":[0.0,-3.15642]},"J9s":{"weight":0.8578,"played":[1.0,0.0],"evs":[0.0,-2.02744]},"JTs":{"weight":0.6611,"played":[0.9974,0.0026],"evs":[0.0,-1.39365]},"JJ":{"weight":5.0E-4,"played":[0.0,1.0],"evs":[0.0,5.79919]},"QJo":{"weight":0.71,"played":[1.0,0.0],"evs":[0.0,-2.45406]},"KJo":{"weight":0.9975,"played":[1.0,0.0],"evs":[0.0,-2.31807]},"AJo":{"weight":0.3694,"played":[0.9998,2.0E-4],"evs":[0.0,-1.62974]},"Q2s":{"weight":0.0,"played":[0.9999,1.0E-4],"evs":[0.0,-3.56928]},"Q3s":{"weight":0.0,"played":[0.9999,1.0E-4],"evs":[0.0,-3.15009]},"Q4s":{"weight":0.0,"played":[1.0,0.0],"evs":[0.0,-3.23192]},"Q5s":{"weight":0.0,"played":[1.0,0.0],"evs":[0.0,-2.65062]},"Q6s":{"weight":0.0,"played":[0.9999,1.0E-4],"evs":[0.0,-2.93794]},"Q7s":{"weight":0.0,"played":[0.9997,3.0E-4],"evs":[0.0,-2.5932]},"Q8s":{"weight":0.0,"played":[1.0,0.0],"evs":[0.0,-2.1382]},"Q9s":{"weight":0.9987,"played":[0.9999,1.0E-4],"evs":[0.0,-1.72721]},"QTs":{"weight":0.9162,"played":[0.9999,1.0E-4],"evs":[0.0,-0.94839]},"QJs":{"weight":0.0021,"played":[0.9993,7.0E-4],"evs":[0.0,-0.88503]},"QQ":{"weight":0.3777,"played":[0.0,1.0],"evs":[0.0,8.84404]},"KQo":{"weight":0.8102,"played":[1.0,0.0],"evs":[0.0,-1.6025]},"AQo":{"weight":1.0E-4,"played":[2.0E-4,0.9998],"evs":[0.0,0.71832]},"K2s":{"weight":0.0,"played":[1.0,0.0],"evs":[0.0,-3.09202]},"K3s":{"weight":0.0,"played":[0.9998,2.0E-4],"evs":[0.0,-2.65639]},"K4s":{"weight":0.0,"played":[1.0,0.0],"evs":[0.0,-2.86918]},"K5s":{"weight":0.0,"played":[1.0,0.0],"evs":[0.0,-2.66283]},"K6s":{"weight":0.0,"played":[1.0,0.0],"evs":[0.0,-2.28837]},"K7s":{"weight":0.0,"played":[0.9998,2.0E-4],"evs":[0.0,-2.54144]},"K8s":{"weight":0.0,"played":[1.0,0.0],"evs":[0.0,-2.55947]},"K9s":{"weight":0.9953,"played":[1.0,0.0],"evs":[0.0,-1.94185]},"KTs":{"weight":0.7068,"played":[1.0,0.0],"evs":[0.0,-0.94164]},"KJs":{"weight":0.085,"played":[0.9997,3.0E-4],"evs":[0.0,-0.63888]},"KQs":{"weight":0.3619,"played":[0.6178,0.3822],"evs":[0.0,0.13866]},"KK":{"weight":0.8073,"played":[0.0,1.0],"evs":[0.0,12.85482]},"AKo":{"weight":0.0,"played":[0.0,1.0],"evs":[0.0,3.08301]},"A2s":{"weight":0.9783,"played":[1.0,0.0],"evs":[0.0,-2.70208]},"A3s":{"weight":0.7165,"played":[0.9999,1.0E-4],"evs":[0.0,-2.46899]},"A4s":{"weight":0.0108,"played":[0.9998,2.0E-4],"evs":[0.0,-2.52086]},"A5s":{"weight":0.0601,"played":[0.9999,1.0E-4],"evs":[0.0,-2.44497]},"A6s":{"weight":0.9958,"played":[1.0,0.0],"evs":[0.0,-3.08119]},"A7s":{"weight":0.4941,"played":[1.0,0.0],"evs":[0.0,-2.57306]},"A8s":{"weight":0.7395,"played":[1.0,0.0],"evs":[0.0,-2.59004]},"A9s":{"weight":0.9989,"played":[0.9997,3.0E-4],"evs":[0.0,-2.11951]},"ATs":{"weight":0.9993,"played":[0.9998,2.0E-4],"evs":[0.0,-1.043]},"AJs":{"weight":0.9985,"played":[0.902,0.098],"evs":[0.0,-0.10227]},"AQs":{"weight":0.9999,"played":[0.0,1.0],"evs":[0.0,2.0213]},"AKs":{"weight":0.0482,"played":[0.0,1.0],"evs":[0.0,4.43824]},"AA":{"weight":1.0,"played":[0.0,1.0],"evs":[0.0,19.75541]}}}