{"player":1,"street":0,"children":2,"sequence":[{"player":0,"type":"F","amount":0,"street":0},{"player":1,"type":"R","amount":200000,"street":0},{"player":2,"type":"C","amount":200000,"street":0},{"player":3,"type":"F","amount":0,"street":0},{"player":4,"type":"C","amount":150000,"street":0},{"player":5,"type":"R","amount":2235000,"street":0}],"actions":[{"type":"F","amount":0,"node":137},{"type":"C","amount":1385000,"node":140}],"hands":{"22":{"weight":0.0,"played":[0.9972,0.0028],"evs":[0.0,-0.42892]},"32o":{"weight":0.0,"played":[1.0,0.0],"evs":[0.0,-3.50727]},"42o":{"weight":0.0,"played":[1.0,0.0],"evs":[0.0,-3.54963]},"52o":{"weight":0.0,"played":[1.0,0.0],"evs":[0.0,-3.12253]},"62o":{"weight":0.0,"played":[1.0,0.0],"evs":[0.0,-3.58472]},"72o":{"weight":0.0,"played":[0.9999,1.0E-4],"evs":[0.0,-3.77771]},"82o":{"weight":0.0,"played":[0.9999,1.0E-4],"evs":[0.0,-3.52164]},"92o":{"weight":0.0,"played":[1.0,0.0],"evs":[0.0,-3.47279]},"T2o":{"weight":0.0,"played":[1.0,0.0],"evs":[0.0,-3.55153]},"J2o":{"weight":0.0,"played":[1.0,0.0],"evs":[0.0,-3.4381]},"Q2o":{"weight":0.0,"played":[1.0,0.0],"evs":[0.0,-3.27261]},"K2o":{"weight":0.0,"played":[1.0,0.0],"evs":[0.0,-2.8193]},"A2o":{"weight":0.0,"played":[0.9999,1.0E-4],"evs":[0.0,-2.5763]},"32s":{"weight":0.0,"played":[1.0,0.0],"evs":[0.0,-2.5574]},"33":{"weight":0.134,"played":[0.9994,6.0E-4],"evs":[0.0,-0.52433]},"43o":{"weight":0.0,"played":[0.9999,1.0E-4],"evs":[0.0,-3.12112]},"53o":{"weight":0.0,"played":[1.0,0.0],"evs":[0.0,-3.25328]},"63o":{"weight":0.0,"played":[1.0,0.0],"evs":[0.0,-3.1663]},"73o":{"weight":0.0,"played":[1.0,0.0],"evs":[0.0,-3.50537]},"83o":{"weight":0.0,"played":[1.0,0.0],"evs":[0.0,-3.57661]},"93o":{"weight":0.0,"played":[1.0,0.0],"evs":[0.0,-3.46909]},"T3o":{"weight":0.0,"played":[1.0,0.0],"evs":[0.0,-3.45925]},"J3o":{"weight":0.0,"played":[1.0,0.0],"evs":[0.0,-3.29258]},"Q3o":{"weight":0.0,"played":[0.9999,1.0E-4],"evs":[0.0,-2.92799]},"K3o":{"weight":0.0,"played":[1.0,0.0],"evs":[0.0,-2.74928]},"A3o":{"weight":0.0,"played":[0.9995,5.0E-4],"evs":[0.0,-2.53287]},"42s":{"weight":0.0,"played":[0.9993,7.0E-4],"evs":[0.0,-3.08767]},"43s":{"weight":0.0,"played":[0.9999,1.0E-4],"evs":[0.0,-2.27728]},"44":{"weight":0.2847,"played":[0.8028,0.1972],"evs":[0.0,-0.3381]},"54o":{"weight":0.0,"played":[0.9982,0.0018],"evs":[0.0,-2.56672]},"64o":{"weight":0.0,"played":[0.9999,1.0E-4],"evs":[0.0,-2.70529]},"74o":{"weight":0.0,"played":[1.0,0.0],"evs":[0.0,-2.84394]},"84o":{"weight":0.0,"played":[1.0,0.0],"evs":[0.0,-3.03137]},"94o":{"weight":0.0,"played":[1.0,0.0],"evs":[0.0,-3.38837]},"T4o":{"weight":0.0,"played":[1.0,0.0],"evs":[0.0,-3.07806]},"J4o":{"weight":0.0,"played":[0.9999,1.0E-4],"evs":[0.0,-3.1903]},"Q4o":{"weight":0.0,"played":[1.0,0.0],"evs":[0.0,-2.85555]},"K4o":{"weight":0.0,"played":[1.0,0.0],"evs":[0.0,-2.47986]},"A4o":{"weight":0.0,"played":[0.9998,2.0E-4],"evs":[0.0,-2.85132]},"52s":{"weight":0.0,"played":[0.9967,0.0033],"evs":[0.0,-1.98404]},"53s":{"weight":0.0,"played":[1.0,0.0],"evs":[0.0,-1.82915]},"54s":{"weight":0.0,"played":[1.0,0.0],"evs":[0.0,-1.3836]},"55":{"weight":0.543,"played":[0.9156,0.0844],"evs":[0.0,-0.05796]},"65o":{"weight":0.0,"played":[1.0,0.0],"evs":[0.0,-2.39212]},"75o":{"weight":0.0,"played":[0.9995,5.0E-4],"evs":[0.0,-2.5368]},"85o":{"weight":0.0,"played":[0.9999,1.0E-4],"evs":[0.0,-2.58746]},"95o":{"weight":0.0,"played":[1.0,0.0],"evs":[0.0,-2.94542]},"T5o":{"weight":0.0,"played":[1.0,0.0],"evs":[0.0,-3.32913]},"J5o":{"weight":0.0,"played":[0.9999,1.0E-4],"evs":[0.0,-3.09025]},"Q5o":{"weight":0.0,"played":[1.0,0.0],"evs":[0.0,-2.63866]},"K5o":{"weight":0.0,"played":[0.9999,1.0E-4],"evs":[0.0,-2.65951]},"A5o":{"weight":5.0E-4,"played":[0.9999,1.0E-4],"evs":[0.0,-2.17003]},"62s":{"weight":0.0,"played":[1.0,0.0],"evs":[0.0,-2.4681]},"63s":{"weight":0.0,"played":[0.9999,1.0E-4],"evs":[0.0,-2.50038]},"64s":{"weight":0.0,"played":[0.999,0.001],"evs":[0.0,-1.63882]},"65s":{"weight":0.0,"played":[0.9989,0.0011],"evs":[0.0,-1.92682]},"66":{"weight":0.0917,"played":[0.0063,0.9937],"evs":[0.0,0.70106]},"76o":{"weight":0.0,"played":[0.9999,1.0E-4],"evs":[0.0,-2.2984]},"86o":{"weight":0.0,"played":[1.0,0.0],"evs":[0.0,-2.09587]},"96o":{"weight":0.0,"played":[1.0,0.0],"evs":[0.0,-2.30503]},"T6o":{"weight":0.0,"played":[1.0,0.0],"evs":[0.0,-2.89426]},"J6o":{"weight":0.0,"played":[1.0,0.0],"evs":[0.0,-2.94191]},"Q6o":{"weight":0.0,"played":[1.0,0.0],"evs":[0.0,-2.63751]},"K6o":{"weight":0.0,"played":[0.9997,3.0E-4],"evs":[0.0,-2.39529]},"A6o":{"weight":0.0,"played":[1.0,0.0],"evs":[0.0,-2.58778]},"72s":{"weight":0.0,"played":[0.9944,0.0056],"evs":[0.0,-2.63492]},"73s":{"weight":0.0,"played":[0.9996,4.0E-4],"evs":[0.0,-2.17595]},"74s":{"weight":0.0,"played":[0.9994,6.0E-4],"evs":[0.0,-2.09703]},"75s":{"weight":0.0,"played":[0.9874,0.0126],"evs":[0.0,-1.44962]},"76s":{"weight":0.0,"played":[0.9929,0.0071],"evs":[0.0,-0.95723]},"77":{"weight":0.002,"played":[1.0E-4,0.9999],"evs":[0.0,1.39856]},"87o":{"weight":0.0,"played":[1.0,0.0],"evs":[0.0,-1.63287]},"97o":{"weight":0.0,"played":[0.9994,6.0E-4],"evs":[0.0,-1.93581]},"T7o":{"weight":0.0,"played":[1.0,0.0],"evs":[0.0,-2.37541]},"J7o":{"weight":0.0,"played":[1.0,0.0],"evs":[0.0,-2.59156]},"Q7o":{"weight":0.0,"played":[1.0,0.0],"evs":[0.0,-2.43723]},"K7o":{"weight":0.0,"played":[1.0,0.0],"evs":[0.0,-2.1274]},"A7o":{"weight":2.0E-4,"played":[0.9999,1.0E-4],"evs":[0.0,-2.34331]},"82s":{"weight":0.0,"played":[1.0,0.0],"evs":[0.0,-2.34513]},"83s":{"weight":0.0,"played":[1.0,0.0],"evs":[0.0,-2.0975]},"84s":{"weight":0.0,"played":[0.9946,0.0054],"evs":[0.0,-1.84169]},"85s":{"weight":0.0,"played":[1.0,0.0],"evs":[0.0,-1.71768]},"86s":{"weight":0.0,"played":[0.9928,0.0072],"evs":[0.0,-1.40813]},"87s":{"weight":0.0025,"played":[0.9272,0.0728],"evs":[0.0,-1.16663]},"88":{"weight":0.6367,"played":[1.0E-4,0.9999],"evs":[0.0,2.39001]},"98o":{"weight":0.0,"played":[0.9999,1.0E-4],"evs":[0.0,-1.48215]},"T8o":{"weight":0.0,"played":[0.9998,2.0E-4],"evs":[0.0,-1.61642]},"J8o":{"weight":0.0,"played":[0.9999,1.0E-4],"evs":[0.0,-2.01353]},"Q8o":{"weight":0.0,"played":[0.9998,2.0E-4],"evs":[0.0,-2.04919]},"K8o":{"weight":0.0,"played":[0.9996,4.0E-4],"evs":[0.0,-1.8467]},"A8o":{"weight":1.0,"played":[0.9998,2.0E-4],"evs":[0.0,-1.98294]},"92s":{"weight":0.0,"played":[0.9978,0.0022],"evs":[0.0,-2.28962]},"93s":{"weight":0.0,"played":[0.9999,1.0E-4],"evs":[0.0,-2.44927]},"94s":{"weight":0.0,"played":[1.0,0.0],"evs":[0.0,-2.39348]},"95s":{"weight":0.0,"played":[0.996,0.004],"evs":[0.0,-2.03616]},"96s":{"weight":0.0,"played":[0.9552,0.0448],"evs":[0.0,-1.76912]},"97s":{"weight":0.0,"played":[0.9979,0.0021],"evs":[0.0,-0.89217]},"98s":{"weight":0.9974,"played":[0.9865,0.0135],"evs":[0.0,-0.78267]},"99":{"weight":1.0,"played":[0.0,1.0],"evs":[0.0,3.14524]},"T9o":{"weight":0.0,"played":[1.0,0.0],"evs":[0.0,-1.0951]},"J9o":{"weight":0.0,"played":[0.9995,5.0E-4],"evs":[0.0,-1.65744]},"Q9o":{"weight":0.0,"played":[1.0,0.0],"evs":[0.0,-1.75459]},"K9o":{"weight":0.0,"played":[0.9997,3.0E-4],"evs":[0.0,-1.80327]},"A9o":{"weight":0.8976,"played":[0.9996,4.0E-4],"evs":[0.0,-1.65107]},"T2s":{"weight":0.0,"played":[0.993,0.007],"evs":[0.0,-2.41503]},"T3s":{"weight":0.0,"played":[1.0,0.0],"evs":[0.0,-2.3581]},"T4s":{"weight":0.0,"played":[0.9998,2.0E-4],"evs":[0.0,-2.42006]},"T5s":{"weight":0.0,"played":[0.9983,0.0017],"evs":[0.0,-1.90451]},"T6s":{"weight":0.0,"played":[0.9987,0.0013],"evs":[0.0,-1.68386]},"T7s":{"weight":0.0,"played":[0.9988,0.0012],"evs":[0.0,-1.345]},"T8s":{"weight":0.8822,"played":[0.9858,0.0142],"evs":[0.0,-0.92452]},"T9s":{"weight":0.7985,"played":[0.9832,0.0168],"evs":[0.0,-0.7087]},"TT":{"weight":1.0,"played":[0.0,1.0],"evs":[0.0,4.22271]},"JTo":{"weight":0.071,"played":[0.9989,0.0011],"evs":[0.0,-1.40699]},"QTo":{"weight":0.8252,"played":[1.0,0.0],"evs":[0.0,-1.30057]},"KTo":{"weight":0.8889,"played":[0.9988,0.0012],"evs":[0.0,-1.18193]},"ATo":{"weight":0.1142,"played":[0.9962,0.0038],"evs":[0.0,-0.88572]},"J2s":{"weight":0.0,"played":[0.9999,1.0E-4],"evs":[0.0,-2.73186]},"J3s":{"weight":0.0,"played":[0.9998,2.0E-4],"evs":[0.0,-2.53351]},"J4s":{"weight":0.0,"played":[0.9992,8.0E-4],"evs":[0.0,-2.39938]},"J5s":{"weight":0.0,"played":[0.9994,6.0E-4],"evs":[0.0,-1.95969]},"J6s":{"weight":0.0,"played":[0.9998,2.0E-4],"evs":[0.0,-2.00637]},"J7s":{"weight":0.0,"played":[0.9997,3.0E-4],"evs":[0.0,-1.75219]},"J8s":{"weight":0.0,"played":[0.9838,0.0162],"evs":[0.0,-0.86396]},"J9s":{"weight":0.9902,"played":[0.9985,0.0015],"evs":[0.0,-0.77834]},"JTs":{"weight":3.0E-4,"played":[0.385,0.615],"evs":[0.0,-0.26568]},"JJ":{"weight":1.0,"played":[0.0,1.0],"evs":[0.0,5.29249]},"QJo":{"weight":1.0,"played":[0.9992,8.0E-4],"evs":[0.0,-1.19932]},"KJo":{"weight":1.0,"played":[0.9928,0.0072],"evs":[0.0,-0.98215]},"AJo":{"weight":0.028,"played":[2.0E-4,0.9998],"evs":[0.0,0.96571]},"Q2s":{"weight":0.0,"played":[0.9984,0.0016],"evs":[0.0,-1.91937]},"Q3s":{"weight":0.0,"played":[0.9999,1.0E-4],"evs":[0.0,-2.15084]},"Q4s":{"weight":0.0,"played":[0.997,0.003],"evs":[0.0,-1.42056]},"Q5s":{"weight":0.0,"played":[0.9951,0.0049],"evs":[0.0,-2.16536]},"Q6s":{"weight":0.0,"played":[0.9996,4.0E-4],"evs":[0.0,-1.15918]},"Q7s":{"weight":0.0,"played":[0.9996,4.0E-4],"evs":[0.0,-1.38703]},"Q8s":{"weight":0.3749,"played":[0.9998,2.0E-4],"evs":[0.0,-0.89822]},"Q9s":{"weight":1.0,"played":[0.9772,0.0228],"evs":[0.0,-0.5098]},"QTs":{"weight":0.0268,"played":[0.7889,0.2111],"evs":[0.0,-0.53466]},"QJs":{"weight":0.9999,"played":[0.7194,0.2806],"evs":[0.0,-0.38995]},"QQ":{"weight":1.0,"played":[0.0,1.0],"evs":[0.0,6.91814]},"KQo":{"weight":9.0E-4,"played":[0.9957,0.0043],"evs":[0.0,-0.64066]},"AQo":{"weight":0.0,"played":[3.0E-4,0.9997],"evs":[0.0,1.83871]},"K2s":{"weight":0.0,"played":[0.9942,0.0058],"evs":[0.0,-1.85826]},"K3s":{"weight":0.0,"played":[0.9985,0.0015],"evs":[0.0,-1.84434]},"K4s":{"weight":0.0,"played":[0.9992,8.0E-4],"evs":[0.0,-1.60165]},"K5s":{"weight":0.0,"played":[0.9755,0.0245],"evs":[0.0,-0.96404]},"K6s":{"weight":0.0,"played":[0.9994,6.0E-4],"evs":[0.0,-1.61758]},"K7s":{"weight":0.9987,"played":[0.9978,0.0022],"evs":[0.0,-1.11027]},"K8s":{"weight":0.9998,"played":[0.9839,0.0161],"evs":[0.0,-1.03538]},"K9s":{"weight":0.999,"played":[0.9772,0.0228],"evs":[0.0,-0.43331]},"KTs":{"weight":0.012,"played":[0.5459,0.4541],"evs":[0.0,-0.0765]},"KJs":{"weight":1.0,"played":[0.7717,0.2283],"evs":[0.0,-0.38604]},"KQs":{"weight":1.0,"played":[0.0,1.0],"evs":[0.0,0.51536]},"KK":{"weight":1.0,"played":[0.0,1.0],"evs":[0.0,9.00777]},"AKo":{"weight":0.9559,"played":[0.0,1.0],"evs":[0.0,3.31619]},"A2s":{"weight":1.0,"played":[0.9998,2.0E-4],"evs":[0.0,-1.48061]},"A3s":{"weight":1.0,"played":[0.9986,0.0014],"evs":[0.0,-1.34332]},"A4s":{"weight":1.0,"played":[0.9761,0.0239],"evs":[0.0,-1.26983]},"A5s":{"weight":0.9994,"played":[0.992,0.008],"evs":[0.0,-1.5664]},"A6s":{"weight":1.0,"played":[0.9992,8.0E-4],"evs":[0.0,-1.46897]},"A7s":{"weight":0.627,"played":[0.9766,0.0234],"evs":[0.0,-0.96902]},"A8s":{"weight":0.5921,"played":[0.8788,0.1212],"evs":[0.0,-0.91229]},"A9s":{"weight":1.0,"played":[0.761,0.239],"evs":[0.0,-0.27642]},"ATs":{"weight":1.0,"played":[0.0161,0.9839],"evs":[0.0,0.30393]},"AJs":{"weight":1.0,"played":[2.0E-4,0.9998],"evs":[0.0,1.29009]},"AQs":{"weight":1.0,"played":[0.0,1.0],"evs":[0.0,2.99209]},"AKs":{"weight":1.0,"played":[0.0,1.0],"evs":[0.0,4.08344]},"AA":{"weight":1.0,"played":[0.0,1.0],"evs":[0.0,12.4826]}}}