{"player":4,"street":0,"children":2,"sequence":[{"player":0,"type":"F","amount":0,"street":0},{"player":1,"type":"F","amount":0,"street":0},{"player":2,"type":"F","amount":0,"street":0},{"player":3,"type":"R","amount":200000,"street":0},{"player":4,"type":"C","amount":150000,"street":0},{"player":5,"type":"R","amount":2235000,"street":0},{"player":3,"type":"C","amount":2035000,"street":0}],"actions":[{"type":"F","amount":0},{"type":"C","amount":885000}],"hands":{"22":{"weight":0.9959,"played":[0.0173,0.9827],"evs":[0.0,0.04357]},"32o":{"weight":0.0,"played":[1.0,0.0],"evs":[0.0,-2.09079]},"42o":{"weight":0.0,"played":[1.0,0.0],"evs":[0.0,-1.94582]},"52o":{"weight":0.0,"played":[1.0,0.0],"evs":[0.0,-1.8164]},"62o":{"weight":0.0,"played":[1.0,0.0],"evs":[0.0,-1.95352]},"72o":{"weight":0.0,"played":[1.0,0.0],"evs":[0.0,-2.13702]},"82o":{"weight":0.0,"played":[1.0,0.0],"evs":[0.0,-1.93599]},"92o":{"weight":0.0,"played":[1.0,0.0],"evs":[0.0,-1.91303]},"T2o":{"weight":0.0,"played":[1.0,0.0],"evs":[0.0,-2.00716]},"J2o":{"weight":0.0,"played":[1.0,0.0],"evs":[0.0,-1.84957]},"Q2o":{"weight":0.0,"played":[1.0,0.0],"evs":[0.0,-1.71542]},"K2o":{"weight":0.0,"played":[1.0,0.0],"evs":[0.0,-1.7152]},"A2o":{"weight":5.0E-4,"played":[1.0,0.0],"evs":[0.0,-1.13392]},"32s":{"weight":0.0,"played":[1.0,0.0],"evs":[0.0,-1.14603]},"33":{"weight":0.5817,"played":[0.0,1.0],"evs":[0.0,0.3627]},"43o":{"weight":0.0,"played":[1.0,0.0],"evs":[0.0,-1.56069]},"53o":{"weight":0.0,"played":[1.0,0.0],"evs":[0.0,-1.38911]},"63o":{"weight":0.0,"played":[1.0,0.0],"evs":[0.0,-1.54992]},"73o":{"weight":0.0,"played":[1.0,0.0],"evs":[0.0,-1.73635]},"83o":{"weight":0.0,"played":[1.0,0.0],"evs":[0.0,-1.90473]},"93o":{"weight":0.0,"played":[1.0,0.0],"evs":[0.0,-1.81261]},"T3o":{"weight":0.0,"played":[1.0,0.0],"evs":[0.0,-1.84655]},"J3o":{"weight":0.0,"played":[1.0,0.0],"evs":[0.0,-1.70529]},"Q3o":{"weight":0.0,"played":[1.0,0.0],"evs":[0.0,-1.55664]},"K3o":{"weight":0.0,"played":[1.0,0.0],"evs":[0.0,-1.53657]},"A3o":{"weight":0.0,"played":[1.0,0.0],"evs":[0.0,-0.96719]},"42s":{"weight":0.0,"played":[1.0,0.0],"evs":[0.0,-1.046]},"43s":{"weight":0.0,"played":[1.0,0.0],"evs":[0.0,-0.6769]},"44":{"weight":0.0014,"played":[0.0,1.0],"evs":[0.0,0.7046]},"54o":{"weight":0.0,"played":[1.0,0.0],"evs":[0.0,-1.00999]},"64o":{"weight":0.0,"played":[1.0,0.0],"evs":[0.0,-1.13351]},"74o":{"weight":0.0,"played":[1.0,0.0],"evs":[0.0,-1.36998]},"84o":{"weight":0.0,"played":[1.0,0.0],"evs":[0.0,-1.44591]},"94o":{"weight":0.0,"played":[1.0,0.0],"evs":[0.0,-1.72477]},"T4o":{"weight":0.0,"played":[1.0,0.0],"evs":[0.0,-1.72447]},"J4o":{"weight":0.0,"played":[1.0,0.0],"evs":[0.0,-1.55878]},"Q4o":{"weight":0.0,"played":[1.0,0.0],"evs":[0.0,-1.40446]},"K4o":{"weight":0.0,"played":[1.0,0.0],"evs":[0.0,-1.34951]},"A4o":{"weight":0.0,"played":[1.0,0.0],"evs":[0.0,-0.87349]},"52s":{"weight":0.0,"played":[1.0,0.0],"evs":[0.0,-0.90568]},"53s":{"weight":0.0,"played":[1.0,0.0],"evs":[0.0,-0.55195]},"54s":{"weight":0.0,"played":[0.9989,0.0011],"evs":[0.0,-0.153]},"55":{"weight":0.0,"played":[0.0,1.0],"evs":[0.0,1.12694]},"65o":{"weight":0.0,"played":[1.0,0.0],"evs":[0.0,-0.75407]},"75o":{"weight":0.0,"played":[1.0,0.0],"evs":[0.0,-0.96585]},"85o":{"weight":0.0,"played":[1.0,0.0],"evs":[0.0,-1.13449]},"95o":{"weight":0.0,"played":[1.0,0.0],"evs":[0.0,-1.30672]},"T5o":{"weight":0.0,"played":[1.0,0.0],"evs":[0.0,-1.63588]},"J5o":{"weight":0.0,"played":[1.0,0.0],"evs":[0.0,-1.41235]},"Q5o":{"weight":0.0,"played":[1.0,0.0],"evs":[0.0,-1.26457]},"K5o":{"weight":0.0,"played":[1.0,0.0],"evs":[0.0,-1.21619]},"A5o":{"weight":0.0,"played":[1.0,0.0],"evs":[0.0,-0.61408]},"62s":{"weight":0.0,"played":[1.0,0.0],"evs":[0.0,-0.97815]},"63s":{"weight":0.0,"played":[1.0,0.0],"evs":[0.0,-0.65157]},"64s":{"weight":0.0,"played":[0.9999,1.0E-4],"evs":[0.0,-0.2797]},"65s":{"weight":0.0,"played":[0.0223,0.9777],"evs":[0.0,0.14467]},"66":{"weight":0.0,"played":[0.0,1.0],"evs":[0.0,1.60204]},"76o":{"weight":0.0,"played":[1.0,0.0],"evs":[0.0,-0.54753]},"86o":{"weight":0.0,"played":[1.0,0.0],"evs":[0.0,-0.68792]},"96o":{"weight":0.0,"played":[1.0,0.0],"evs":[0.0,-0.90781]},"T6o":{"weight":0.0,"played":[1.0,0.0],"evs":[0.0,-1.15428]},"J6o":{"weight":0.0,"played":[1.0,0.0],"evs":[0.0,-1.2773]},"Q6o":{"weight":0.0,"played":[1.0,0.0],"evs":[0.0,-1.10845]},"K6o":{"weight":0.0,"played":[1.0,0.0],"evs":[0.0,-0.99478]},"A6o":{"weight":0.0,"played":[0.9999,1.0E-4],"evs":[0.0,-0.6363]},"72s":{"weight":0.0,"played":[1.0,0.0],"evs":[0.0,-1.20055]},"73s":{"weight":0.0,"played":[1.0,0.0],"evs":[0.0,-0.85264]},"74s":{"weight":0.0,"played":[1.0,0.0],"evs":[0.0,-0.47786]},"75s":{"weight":0.0,"played":[0.9995,5.0E-4],"evs":[0.0,-0.10197]},"76s":{"weight":0.0,"played":[0.0038,0.9962],"evs":[0.0,0.29518]},"77":{"weight":0.0,"played":[0.0,1.0],"evs":[0.0,2.03892]},"87o":{"weight":0.0,"played":[1.0,0.0],"evs":[0.0,-0.43325]},"97o":{"weight":0.0,"played":[1.0,0.0],"evs":[0.0,-0.57032]},"T7o":{"weight":0.0,"played":[1.0,0.0],"evs":[0.0,-0.80714]},"J7o":{"weight":0.0,"played":[1.0,0.0],"evs":[0.0,-0.95005]},"Q7o":{"weight":0.0,"played":[1.0,0.0],"evs":[0.0,-1.09663]},"K7o":{"weight":0.0,"played":[1.0,0.0],"evs":[0.0,-0.91323]},"A7o":{"weight":0.0,"played":[0.9999,1.0E-4],"evs":[0.0,-0.33424]},"82s":{"weight":0.0,"played":[1.0,0.0],"evs":[0.0,-1.0636]},"83s":{"weight":0.0,"played":[1.0,0.0],"evs":[0.0,-1.0249]},"84s":{"weight":0.0,"played":[1.0,0.0],"evs":[0.0,-0.64332]},"85s":{"weight":0.0,"played":[1.0,0.0],"evs":[0.0,-0.277]},"86s":{"weight":0.0,"played":[0.0055,0.9945],"evs":[0.0,0.12569]},"87s":{"weight":0.0035,"played":[0.0,1.0],"evs":[0.0,0.45053]},"88":{"weight":0.0,"played":[0.0,1.0],"evs":[0.0,2.44309]},"98o":{"weight":0.0,"played":[1.0,0.0],"evs":[0.0,-0.31281]},"T8o":{"weight":0.0,"played":[1.0,0.0],"evs":[0.0,-0.50037]},"J8o":{"weight":0.0,"played":[1.0,0.0],"evs":[0.0,-0.56933]},"Q8o":{"weight":0.0,"played":[1.0,0.0],"evs":[0.0,-0.72366]},"K8o":{"weight":1.0E-4,"played":[1.0,0.0],"evs":[0.0,-0.82233]},"A8o":{"weight":0.0,"played":[0.3288,0.6712],"evs":[0.0,8.9E-4]},"92s":{"weight":0.0,"played":[1.0,0.0],"evs":[0.0,-1.03806]},"93s":{"weight":0.0,"played":[1.0,0.0],"evs":[0.0,-0.89736]},"94s":{"weight":0.0,"played":[1.0,0.0],"evs":[0.0,-0.83867]},"95s":{"weight":0.0,"played":[1.0,0.0],"evs":[0.0,-0.47728]},"96s":{"weight":0.0,"played":[0.5843,0.4157],"evs":[0.0,-0.00865]},"97s":{"weight":0.0,"played":[0.0014,0.9986],"evs":[0.0,0.24599]},"98s":{"weight":0.9917,"played":[2.0E-4,0.9998],"evs":[0.0,0.51763]},"99":{"weight":0.0,"played":[0.0,1.0],"evs":[0.0,3.05733]},"T9o":{"weight":0.0,"played":[0.9997,3.0E-4],"evs":[0.0,-0.17259]},"J9o":{"weight":0.0,"played":[0.9999,1.0E-4],"evs":[0.0,-0.27399]},"Q9o":{"weight":0.0,"played":[1.0,0.0],"evs":[0.0,-0.39111]},"K9o":{"weight":0.0,"played":[1.0,0.0],"evs":[0.0,-0.38747]},"A9o":{"weight":0.0,"played":[0.0,1.0],"evs":[0.0,0.41401]},"T2s":{"weight":0.0,"played":[1.0,0.0],"evs":[0.0,-1.09266]},"T3s":{"weight":0.0,"played":[1.0,0.0],"evs":[0.0,-0.91622]},"T4s":{"weight":0.0,"played":[1.0,0.0],"evs":[0.0,-0.78487]},"T5s":{"weight":0.0,"played":[1.0,0.0],"evs":[0.0,-0.797]},"T6s":{"weight":0.0,"played":[1.0,0.0],"evs":[0.0,-0.32032]},"T7s":{"weight":1.0E-4,"played":[0.735,0.265],"evs":[0.0,-0.02651]},"T8s":{"weight":0.6897,"played":[0.0,1.0],"evs":[0.0,0.29345]},"T9s":{"weight":1.0,"played":[0.0,1.0],"evs":[0.0,0.63045]},"TT":{"weight":0.0,"played":[0.0,1.0],"evs":[0.0,3.91936]},"JTo":{"weight":1.0,"played":[0.2357,0.7643],"evs":[0.0,-0.0068]},"QTo":{"weight":0.0,"played":[0.9445,0.0555],"evs":[0.0,-0.063]},"KTo":{"weight":0.0,"played":[0.0085,0.9915],"evs":[0.0,0.10644]},"ATo":{"weight":0.0,"played":[0.0,1.0],"evs":[0.0,1.30915]},"J2s":{"weight":0.0,"played":[1.0,0.0],"evs":[0.0,-0.90613]},"J3s":{"weight":0.0,"played":[1.0,0.0],"evs":[0.0,-0.82283]},"J4s":{"weight":0.0,"played":[1.0,0.0],"evs":[0.0,-0.60476]},"J5s":{"weight":0.0,"played":[0.9999,1.0E-4],"evs":[0.0,-0.50077]},"J6s":{"weight":0.0,"played":[0.9998,2.0E-4],"evs":[0.0,-0.35535]},"J7s":{"weight":0.0,"played":[0.9975,0.0025],"evs":[0.0,-0.06831]},"J8s":{"weight":0.2337,"played":[8.0E-4,0.9992],"evs":[0.0,0.2522]},"J9s":{"weight":1.0,"played":[0.0,1.0],"evs":[0.0,0.5168]},"JTs":{"weight":0.9997,"played":[0.0,1.0],"evs":[0.0,0.87195]},"JJ":{"weight":0.0,"played":[0.0,1.0],"evs":[0.0,4.98444]},"QJo":{"weight":0.0,"played":[0.0,1.0],"evs":[0.0,0.2812]},"KJo":{"weight":0.0,"played":[0.0,1.0],"evs":[0.0,0.6039]},"AJo":{"weight":0.0,"played":[0.0,1.0],"evs":[0.0,2.0166]},"Q2s":{"weight":0.0,"played":[1.0,0.0],"evs":[0.0,-0.74541]},"Q3s":{"weight":0.0,"played":[1.0,0.0],"evs":[0.0,-0.66826]},"Q4s":{"weight":0.0,"played":[1.0,0.0],"evs":[0.0,-0.47998]},"Q5s":{"weight":0.0,"played":[1.0,0.0],"evs":[0.0,-0.40694]},"Q6s":{"weight":1.0E-4,"played":[0.9969,0.0031],"evs":[0.0,-0.18598]},"Q7s":{"weight":3.0E-4,"played":[0.9999,1.0E-4],"evs":[0.0,-0.22225]},"Q8s":{"weight":1.0,"played":[0.0,1.0],"evs":[0.0,0.15483]},"Q9s":{"weight":0.0023,"played":[0.0,1.0],"evs":[0.0,0.43999]},"QTs":{"weight":0.0,"played":[0.0,1.0],"evs":[0.0,0.79677]},"QJs":{"weight":0.0,"played":[0.0,1.0],"evs":[0.0,1.06639]},"QQ":{"weight":0.0,"played":[0.0,1.0],"evs":[0.0,6.18805]},"KQo":{"weight":0.0,"played":[0.0,1.0],"evs":[0.0,1.05255]},"AQo":{"weight":0.0,"played":[0.0,1.0],"evs":[0.0,2.7746]},"K2s":{"weight":8.0E-4,"played":[1.0,0.0],"evs":[0.0,-0.69933]},"K3s":{"weight":0.1168,"played":[1.0,0.0],"evs":[0.0,-0.59438]},"K4s":{"weight":1.0,"played":[1.0,0.0],"evs":[0.0,-0.42332]},"K5s":{"weight":1.0,"played":[1.0,0.0],"evs":[0.0,-0.35637]},"K6s":{"weight":1.0,"played":[0.9997,3.0E-4],"evs":[0.0,-0.11567]},"K7s":{"weight":3.0E-4,"played":[0.3578,0.6422],"evs":[0.0,-0.00796]},"K8s":{"weight":0.0,"played":[0.0106,0.9894],"evs":[0.0,0.12458]},"K9s":{"weight":0.0,"played":[0.0,1.0],"evs":[0.0,0.46329]},"KTs":{"weight":0.0,"played":[0.0,1.0],"evs":[0.0,0.97269]},"KJs":{"weight":0.0,"played":[0.0,1.0],"evs":[0.0,1.38547]},"KQs":{"weight":0.0,"played":[0.0,1.0],"evs":[0.0,1.73267]},"KK":{"weight":0.0,"played":[0.0,1.0],"evs":[0.0,7.78929]},"AKo":{"weight":0.0,"played":[0.0,1.0],"evs":[0.0,3.77372]},"A2s":{"weight":0.0,"played":[0.9979,0.0021],"evs":[0.0,-0.21135]},"A3s":{"weight":0.0,"played":[0.9968,0.0032],"evs":[0.0,-0.03007]},"A4s":{"weight":0.0,"played":[0.2161,0.7839],"evs":[0.0,0.08215]},"A5s":{"weight":0.0,"played":[0.0,1.0],"evs":[0.0,0.34653]},"A6s":{"weight":0.0,"played":[0.0,1.0],"evs":[0.0,0.26599]},"A7s":{"weight":0.0,"played":[0.0,1.0],"evs":[0.0,0.54382]},"A8s":{"weight":0.0,"played":[0.0,1.0],"evs":[0.0,0.92046]},"A9s":{"weight":0.0,"played":[0.0,1.0],"evs":[0.0,1.2698]},"ATs":{"weight":0.0,"played":[0.0,1.0],"evs":[0.0,2.11076]},"AJs":{"weight":0.0,"played":[0.0,1.0],"evs":[0.0,2.73368]},"AQs":{"weight":0.0,"played":[0.0,1.0],"evs":[0.0,3.51587]},"AKs":{"weight":0.0,"played":[0.0,1.0],"evs":[0.0,4.41844]},"AA":{"weight":0.0,"played":[0.0,1.0],"evs":[0.0,10.95553]}}}