{"player":2,"street":0,"children":2,"sequence":[{"player":0,"type":"F","amount":0,"street":0},{"player":1,"type":"R","amount":200000,"street":0},{"player":2,"type":"C","amount":200000,"street":0},{"player":3,"type":"F","amount":0,"street":0},{"player":4,"type":"C","amount":150000,"street":0},{"player":5,"type":"R","amount":2235000,"street":0},{"player":1,"type":"C","amount":1385000,"street":0}],"actions":[{"type":"F","amount":0,"node":141},{"type":"C","amount":2035000,"node":142}],"hands":{"22":{"weight":0.0,"played":[0.972,0.028],"evs":[0.0,-1.57889]},"32o":{"weight":0.0,"played":[1.0,0.0],"evs":[0.0,-5.11227]},"42o":{"weight":0.0,"played":[0.9999,1.0E-4],"evs":[0.0,-4.57921]},"52o":{"weight":0.0,"played":[1.0,0.0],"evs":[0.0,-4.78111]},"62o":{"weight":0.0,"played":[1.0,0.0],"evs":[0.0,-5.29965]},"72o":{"weight":0.0,"played":[1.0,0.0],"evs":[0.0,-5.55578]},"82o":{"weight":0.0,"played":[1.0,0.0],"evs":[0.0,-5.34039]},"92o":{"weight":0.0,"played":[1.0,0.0],"evs":[0.0,-5.82692]},"T2o":{"weight":0.0,"played":[1.0,0.0],"evs":[0.0,-5.62441]},"J2o":{"weight":0.0,"played":[1.0,0.0],"evs":[0.0,-5.42092]},"Q2o":{"weight":0.0,"played":[0.9999,1.0E-4],"evs":[0.0,-4.8788]},"K2o":{"weight":0.0,"played":[0.9999,1.0E-4],"evs":[0.0,-4.62893]},"A2o":{"weight":0.0,"played":[0.9989,0.0011],"evs":[0.0,-4.57429]},"32s":{"weight":0.0,"played":[0.9994,6.0E-4],"evs":[0.0,-4.00597]},"33":{"weight":0.289,"played":[0.9916,0.0084],"evs":[0.0,-1.57746]},"43o":{"weight":0.0,"played":[0.9999,1.0E-4],"evs":[0.0,-4.38741]},"53o":{"weight":0.0,"played":[1.0,0.0],"evs":[0.0,-4.14415]},"63o":{"weight":0.0,"played":[1.0,0.0],"evs":[0.0,-4.68641]},"73o":{"weight":0.0,"played":[1.0,0.0],"evs":[0.0,-5.42027]},"83o":{"weight":0.0,"played":[1.0,0.0],"evs":[0.0,-5.74688]},"93o":{"weight":0.0,"played":[1.0,0.0],"evs":[0.0,-5.14592]},"T3o":{"weight":0.0,"played":[1.0,0.0],"evs":[0.0,-5.48135]},"J3o":{"weight":0.0,"played":[1.0,0.0],"evs":[0.0,-5.05629]},"Q3o":{"weight":0.0,"played":[0.9998,2.0E-4],"evs":[0.0,-4.66103]},"K3o":{"weight":0.0,"played":[0.9998,2.0E-4],"evs":[0.0,-3.9149]},"A3o":{"weight":0.0,"played":[0.9995,5.0E-4],"evs":[0.0,-4.29859]},"42s":{"weight":0.0,"played":[1.0,0.0],"evs":[0.0,-4.20922]},"43s":{"weight":0.0,"played":[0.9939,0.0061],"evs":[0.0,-2.0144]},"44":{"weight":0.9996,"played":[0.9928,0.0072],"evs":[0.0,-1.4255]},"54o":{"weight":0.0,"played":[1.0,0.0],"evs":[0.0,-3.51223]},"64o":{"weight":0.0,"played":[1.0,0.0],"evs":[0.0,-4.18399]},"74o":{"weight":0.0,"played":[0.9998,2.0E-4],"evs":[0.0,-4.08931]},"84o":{"weight":0.0,"played":[0.9994,6.0E-4],"evs":[0.0,-4.81649]},"94o":{"weight":0.0,"played":[0.9999,1.0E-4],"evs":[0.0,-5.22198]},"T4o":{"weight":0.0,"played":[1.0,0.0],"evs":[0.0,-5.23628]},"J4o":{"weight":0.0,"played":[0.9999,1.0E-4],"evs":[0.0,-4.64875]},"Q4o":{"weight":0.0,"played":[1.0,0.0],"evs":[0.0,-4.91007]},"K4o":{"weight":0.0,"played":[0.9995,5.0E-4],"evs":[0.0,-4.23735]},"A4o":{"weight":0.0,"played":[0.9996,4.0E-4],"evs":[0.0,-4.70419]},"52s":{"weight":0.0,"played":[0.991,0.009],"evs":[0.0,-2.87379]},"53s":{"weight":0.0,"played":[1.0,0.0],"evs":[0.0,-2.22076]},"54s":{"weight":0.0,"played":[0.9795,0.0205],"evs":[0.0,-1.89688]},"55":{"weight":0.8986,"played":[0.8977,0.1023],"evs":[0.0,-0.64363]},"65o":{"weight":0.0,"played":[0.9955,0.0045],"evs":[0.0,-3.39955]},"75o":{"weight":0.0,"played":[0.9979,0.0021],"evs":[0.0,-3.60255]},"85o":{"weight":0.0,"played":[1.0,0.0],"evs":[0.0,-3.69911]},"95o":{"weight":0.0,"played":[1.0,0.0],"evs":[0.0,-4.77526]},"T5o":{"weight":0.0,"played":[0.9999,1.0E-4],"evs":[0.0,-4.59557]},"J5o":{"weight":0.0,"played":[0.9998,2.0E-4],"evs":[0.0,-4.83901]},"Q5o":{"weight":0.0,"played":[0.9998,2.0E-4],"evs":[0.0,-4.0811]},"K5o":{"weight":0.0,"played":[1.0,0.0],"evs":[0.0,-3.97171]},"A5o":{"weight":0.0,"played":[0.9993,7.0E-4],"evs":[0.0,-4.70546]},"62s":{"weight":0.0,"played":[0.9939,0.0061],"evs":[0.0,-3.73693]},"63s":{"weight":0.0,"played":[0.9982,0.0018],"evs":[0.0,-2.23527]},"64s":{"weight":0.0,"played":[0.9806,0.0194],"evs":[0.0,-1.80601]},"65s":{"weight":0.2359,"played":[0.9413,0.0587],"evs":[0.0,-1.42904]},"66":{"weight":0.7474,"played":[0.6932,0.3068],"evs":[0.0,-0.42827]},"76o":{"weight":0.0,"played":[1.0,0.0],"evs":[0.0,-2.74078]},"86o":{"weight":0.0,"played":[1.0,0.0],"evs":[0.0,-3.34074]},"96o":{"weight":0.0,"played":[1.0,0.0],"evs":[0.0,-3.9756]},"T6o":{"weight":0.0,"played":[1.0,0.0],"evs":[0.0,-4.98386]},"J6o":{"weight":0.0,"played":[1.0,0.0],"evs":[0.0,-4.51485]},"Q6o":{"weight":0.0,"played":[1.0,0.0],"evs":[0.0,-3.7187]},"K6o":{"weight":0.0,"played":[0.9996,4.0E-4],"evs":[0.0,-4.46591]},"A6o":{"weight":0.0,"played":[0.9998,2.0E-4],"evs":[0.0,-4.82007]},"72s":{"weight":0.0,"played":[0.999,0.001],"evs":[0.0,-4.61775]},"73s":{"weight":0.0,"played":[0.9929,0.0071],"evs":[0.0,-2.96522]},"74s":{"weight":0.0,"played":[0.9924,0.0076],"evs":[0.0,-2.88918]},"75s":{"weight":0.0,"played":[0.9685,0.0315],"evs":[0.0,-1.7383]},"76s":{"weight":0.4989,"played":[0.9814,0.0186],"evs":[0.0,-1.87357]},"77":{"weight":0.7027,"played":[0.0,1.0],"evs":[0.0,1.26282]},"87o":{"weight":0.0,"played":[1.0,0.0],"evs":[0.0,-2.7044]},"97o":{"weight":0.0,"played":[1.0,0.0],"evs":[0.0,-3.2014]},"T7o":{"weight":0.0,"played":[0.9998,2.0E-4],"evs":[0.0,-3.56418]},"J7o":{"weight":0.0,"played":[1.0,0.0],"evs":[0.0,-4.49345]},"Q7o":{"weight":0.0,"played":[0.9992,8.0E-4],"evs":[0.0,-3.44282]},"K7o":{"weight":0.0,"played":[0.9989,0.0011],"evs":[0.0,-3.51278]},"A7o":{"weight":0.0,"played":[0.9889,0.0111],"evs":[0.0,-3.9626]},"82s":{"weight":0.0,"played":[0.9999,1.0E-4],"evs":[0.0,-3.59167]},"83s":{"weight":0.0,"played":[0.9998,2.0E-4],"evs":[0.0,-3.04119]},"84s":{"weight":0.0,"played":[0.9934,0.0066],"evs":[0.0,-2.60054]},"85s":{"weight":0.0,"played":[0.9757,0.0243],"evs":[0.0,-2.16389]},"86s":{"weight":0.0,"played":[0.9991,9.0E-4],"evs":[0.0,-1.97786]},"87s":{"weight":0.3835,"played":[0.9879,0.0121],"evs":[0.0,-0.56916]},"88":{"weight":0.6919,"played":[0.0,1.0],"evs":[0.0,2.16986]},"98o":{"weight":0.0,"played":[0.9964,0.0036],"evs":[0.0,-3.03713]},"T8o":{"weight":0.0,"played":[0.9998,2.0E-4],"evs":[0.0,-3.37307]},"J8o":{"weight":0.0,"played":[0.9996,4.0E-4],"evs":[0.0,-3.6624]},"Q8o":{"weight":0.0,"played":[0.9994,6.0E-4],"evs":[0.0,-3.53064]},"K8o":{"weight":0.0,"played":[0.9995,5.0E-4],"evs":[0.0,-3.17704]},"A8o":{"weight":0.0,"played":[0.9878,0.0122],"evs":[0.0,-3.63221]},"92s":{"weight":0.0,"played":[0.9991,9.0E-4],"evs":[0.0,-2.75431]},"93s":{"weight":0.0,"played":[0.9973,0.0027],"evs":[0.0,-3.39594]},"94s":{"weight":0.0,"played":[0.9999,1.0E-4],"evs":[0.0,-3.87512]},"95s":{"weight":0.0,"played":[0.9986,0.0014],"evs":[0.0,-3.34761]},"96s":{"weight":0.0,"played":[0.9966,0.0034],"evs":[0.0,-3.5467]},"97s":{"weight":0.0,"played":[0.8563,0.1437],"evs":[0.0,-1.10295]},"98s":{"weight":0.3364,"played":[0.9401,0.0599],"evs":[0.0,-1.89181]},"99":{"weight":1.0E-4,"played":[0.0,1.0],"evs":[0.0,3.18763]},"T9o":{"weight":0.0,"played":[0.9997,3.0E-4],"evs":[0.0,-3.21664]},"J9o":{"weight":0.0,"played":[1.0,0.0],"evs":[0.0,-2.31793]},"Q9o":{"weight":0.0,"played":[0.9969,0.0031],"evs":[0.0,-2.9426]},"K9o":{"weight":0.0,"played":[0.9983,0.0017],"evs":[0.0,-3.30565]},"A9o":{"weight":0.0114,"played":[0.9973,0.0027],"evs":[0.0,-4.06207]},"T2s":{"weight":0.0,"played":[0.9875,0.0125],"evs":[0.0,-3.67592]},"T3s":{"weight":0.0,"played":[0.9996,4.0E-4],"evs":[0.0,-2.82514]},"T4s":{"weight":0.0,"played":[0.9998,2.0E-4],"evs":[0.0,-3.11258]},"T5s":{"weight":0.0,"played":[0.9997,3.0E-4],"evs":[0.0,-3.45309]},"T6s":{"weight":0.0,"played":[0.9954,0.0046],"evs":[0.0,-2.22678]},"T7s":{"weight":0.0,"played":[0.8041,0.1959],"evs":[0.0,-2.13103]},"T8s":{"weight":4.0E-4,"played":[0.9981,0.0019],"evs":[0.0,-2.61819]},"T9s":{"weight":0.9989,"played":[0.984,0.016],"evs":[0.0,-1.34829]},"TT":{"weight":0.0,"played":[0.0,1.0],"evs":[0.0,4.65169]},"JTo":{"weight":0.0,"played":[0.997,0.003],"evs":[0.0,-2.10015]},"QTo":{"weight":0.0,"played":[0.9895,0.0105],"evs":[0.0,-1.99388]},"KTo":{"weight":0.0,"played":[0.9958,0.0042],"evs":[0.0,-2.02977]},"ATo":{"weight":0.8241,"played":[0.9772,0.0228],"evs":[0.0,-2.19739]},"J2s":{"weight":0.0,"played":[0.9973,0.0027],"evs":[0.0,-3.21221]},"J3s":{"weight":0.0,"played":[0.9999,1.0E-4],"evs":[0.0,-3.32245]},"J4s":{"weight":0.0,"played":[0.991,0.009],"evs":[0.0,-3.04487]},"J5s":{"weight":0.0,"played":[0.9828,0.0172],"evs":[0.0,-2.5302]},"J6s":{"weight":0.0,"played":[0.9935,0.0065],"evs":[0.0,-2.15636]},"J7s":{"weight":0.0,"played":[0.9941,0.0059],"evs":[0.0,-2.42902]},"J8s":{"weight":0.0,"played":[0.9964,0.0036],"evs":[0.0,-1.44316]},"J9s":{"weight":0.8578,"played":[0.9966,0.0034],"evs":[0.0,-1.38382]},"JTs":{"weight":0.6611,"played":[0.9737,0.0263],"evs":[0.0,-0.30828]},"JJ":{"weight":5.0E-4,"played":[0.0,1.0],"evs":[0.0,7.49144]},"QJo":{"weight":0.71,"played":[0.991,0.009],"evs":[0.0,-2.05136]},"KJo":{"weight":0.9975,"played":[0.9929,0.0071],"evs":[0.0,-1.27791]},"AJo":{"weight":0.3694,"played":[0.6036,0.3964],"evs":[0.0,-0.33152]},"Q2s":{"weight":0.0,"played":[0.9999,1.0E-4],"evs":[0.0,-3.24958]},"Q3s":{"weight":0.0,"played":[0.9987,0.0013],"evs":[0.0,-2.71191]},"Q4s":{"weight":0.0,"played":[0.9995,5.0E-4],"evs":[0.0,-2.67325]},"Q5s":{"weight":0.0,"played":[0.9998,2.0E-4],"evs":[0.0,-2.99059]},"Q6s":{"weight":0.0,"played":[0.9997,3.0E-4],"evs":[0.0,-3.25258]},"Q7s":{"weight":0.0,"played":[0.9987,0.0013],"evs":[0.0,-1.80265]},"Q8s":{"weight":0.0,"played":[0.9997,3.0E-4],"evs":[0.0,-1.76185]},"Q9s":{"weight":0.9987,"played":[0.9762,0.0238],"evs":[0.0,-1.88174]},"QTs":{"weight":0.9162,"played":[0.9139,0.0861],"evs":[0.0,-0.04147]},"QJs":{"weight":0.0021,"played":[0.5382,0.4618],"evs":[0.0,0.47222]},"QQ":{"weight":0.3777,"played":[0.0,1.0],"evs":[0.0,10.31512]},"KQo":{"weight":0.8102,"played":[0.9763,0.0237],"evs":[0.0,-0.86896]},"AQo":{"weight":1.0E-4,"played":[0.0,1.0],"evs":[0.0,1.42963]},"K2s":{"weight":0.0,"played":[0.987,0.013],"evs":[0.0,-3.59312]},"K3s":{"weight":0.0,"played":[0.9993,7.0E-4],"evs":[0.0,-2.15606]},"K4s":{"weight":0.0,"played":[0.9919,0.0081],"evs":[0.0,-3.0198]},"K5s":{"weight":0.0,"played":[0.9916,0.0084],"evs":[0.0,-2.48378]},"K6s":{"weight":0.0,"played":[0.9969,0.0031],"evs":[0.0,-1.4827]},"K7s":{"weight":0.0,"played":[0.9924,0.0076],"evs":[0.0,-1.69341]},"K8s":{"weight":0.0,"played":[0.9437,0.0563],"evs":[0.0,-2.25782]},"K9s":{"weight":0.9953,"played":[0.9862,0.0138],"evs":[0.0,-2.20364]},"KTs":{"weight":0.7068,"played":[0.9916,0.0084],"evs":[0.0,-1.18026]},"KJs":{"weight":0.085,"played":[0.3296,0.6704],"evs":[0.0,0.58644]},"KQs":{"weight":0.3619,"played":[0.3058,0.6942],"evs":[0.0,0.19868]},"KK":{"weight":0.8073,"played":[0.0,1.0],"evs":[0.0,14.14851]},"AKo":{"weight":0.0,"played":[0.0,1.0],"evs":[0.0,3.54818]},"A2s":{"weight":0.9783,"played":[0.9892,0.0108],"evs":[0.0,-2.19852]},"A3s":{"weight":0.7165,"played":[0.9956,0.0044],"evs":[0.0,-2.47427]},"A4s":{"weight":0.0108,"played":[0.7954,0.2046],"evs":[0.0,-1.40142]},"A5s":{"weight":0.0601,"played":[0.9153,0.0847],"evs":[0.0,-1.85002]},"A6s":{"weight":0.9958,"played":[0.9897,0.0103],"evs":[0.0,-4.03026]},"A7s":{"weight":0.4941,"played":[0.9915,0.0085],"evs":[0.0,-2.34287]},"A8s":{"weight":0.7395,"played":[0.9932,0.0068],"evs":[0.0,-2.42567]},"A9s":{"weight":0.9989,"played":[0.9377,0.0623],"evs":[0.0,-2.46328]},"ATs":{"weight":0.9993,"played":[0.6952,0.3048],"evs":[0.0,-0.80456]},"AJs":{"weight":0.9985,"played":[0.0,1.0],"evs":[0.0,0.67611]},"AQs":{"weight":0.9999,"played":[0.0,1.0],"evs":[0.0,3.15297]},"AKs":{"weight":0.0482,"played":[0.0,1.0],"evs":[0.0,4.4901]},"AA":{"weight":1.0,"played":[0.0,1.0],"evs":[0.0,20.61795]}}}