{"player":1,"street":0,"children":2,"sequence":[{"player":0,"type":"F","amount":0,"street":0},{"player":1,"type":"R","amount":200000,"street":0},{"player":2,"type":"C","amount":200000,"street":0},{"player":3,"type":"F","amount":0,"street":0},{"player":4,"type":"R","amount":1085000,"street":0},{"player":5,"type":"F","amount":0,"street":0},{"player":1,"type":"C","amount":885000,"street":0},{"player":2,"type":"R","amount":1585000,"street":0}],"actions":[{"type":"F","amount":0},{"type":"C","amount":500000}],"hands":{"22":{"weight":0.0,"played":[0.0,1.0],"evs":[0.0,5.23997]},"32o":{"weight":0.0,"played":[0.0,1.0],"evs":[0.0,2.54372]},"42o":{"weight":0.0,"played":[0.0,1.0],"evs":[0.0,2.90134]},"52o":{"weight":0.0,"played":[0.0,1.0],"evs":[0.0,3.10555]},"62o":{"weight":0.0,"played":[0.0,1.0],"evs":[0.0,2.72513]},"72o":{"weight":0.0,"played":[0.0,1.0],"evs":[0.0,2.48313]},"82o":{"weight":0.0,"played":[0.0,1.0],"evs":[0.0,2.88601]},"92o":{"weight":0.0,"played":[0.0,1.0],"evs":[0.0,2.77583]},"T2o":{"weight":0.0,"played":[0.0,1.0],"evs":[0.0,2.66772]},"J2o":{"weight":0.0,"played":[0.0,1.0],"evs":[0.0,2.56866]},"Q2o":{"weight":0.0,"played":[0.0,1.0],"evs":[0.0,2.99905]},"K2o":{"weight":0.0,"played":[0.0,1.0],"evs":[0.0,3.07385]},"A2o":{"weight":0.0,"played":[0.0,1.0],"evs":[0.0,4.38366]},"32s":{"weight":0.0,"played":[0.0,1.0],"evs":[0.0,3.7652]},"33":{"weight":0.0157,"played":[0.0,1.0],"evs":[0.0,5.64126]},"43o":{"weight":0.0,"played":[0.0,1.0],"evs":[0.0,3.27673]},"53o":{"weight":0.0,"played":[0.0,1.0],"evs":[0.0,3.66174]},"63o":{"weight":0.0,"played":[0.0,1.0],"evs":[0.0,3.29672]},"73o":{"weight":0.0,"played":[0.0,1.0],"evs":[0.0,2.91016]},"83o":{"weight":0.0,"played":[0.0,1.0],"evs":[0.0,2.76965]},"93o":{"weight":0.0,"played":[0.0,1.0],"evs":[0.0,2.87445]},"T3o":{"weight":0.0,"played":[0.0,1.0],"evs":[0.0,2.64741]},"J3o":{"weight":0.0,"played":[0.0,1.0],"evs":[0.0,2.68713]},"Q3o":{"weight":0.0,"played":[0.0,1.0],"evs":[0.0,3.10168]},"K3o":{"weight":0.0,"played":[0.0,1.0],"evs":[0.0,3.22932]},"A3o":{"weight":0.0,"played":[0.0,1.0],"evs":[0.0,4.25231]},"42s":{"weight":0.0,"played":[0.0,1.0],"evs":[0.0,4.32628]},"43s":{"weight":0.0,"played":[0.0,1.0],"evs":[0.0,4.32655]},"44":{"weight":0.0308,"played":[0.0,1.0],"evs":[0.0,5.7619]},"54o":{"weight":0.0,"played":[0.0,1.0],"evs":[0.0,3.82946]},"64o":{"weight":0.0,"played":[0.0,1.0],"evs":[0.0,3.6806]},"74o":{"weight":0.0,"played":[0.0,1.0],"evs":[0.0,3.56695]},"84o":{"weight":0.0,"played":[0.0,1.0],"evs":[0.0,3.27645]},"94o":{"weight":0.0,"played":[0.0,1.0],"evs":[0.0,2.96715]},"T4o":{"weight":0.0,"played":[0.0,1.0],"evs":[0.0,2.84646]},"J4o":{"weight":0.0,"played":[0.0,1.0],"evs":[0.0,2.79332]},"Q4o":{"weight":0.0,"played":[0.0,1.0],"evs":[0.0,3.20725]},"K4o":{"weight":0.0,"played":[0.0,1.0],"evs":[0.0,3.45297]},"A4o":{"weight":0.0,"played":[0.0,1.0],"evs":[0.0,4.47534]},"52s":{"weight":0.0,"played":[0.0,1.0],"evs":[0.0,4.19718]},"53s":{"weight":0.0,"played":[0.0,1.0],"evs":[0.0,5.02895]},"54s":{"weight":0.0,"played":[0.0,1.0],"evs":[0.0,5.01771]},"55":{"weight":0.0611,"played":[0.0,1.0],"evs":[0.0,6.3832]},"65o":{"weight":0.0,"played":[0.0,1.0],"evs":[0.0,4.40226]},"75o":{"weight":0.0,"played":[0.0,1.0],"evs":[0.0,4.24544]},"85o":{"weight":0.0,"played":[0.0,1.0],"evs":[0.0,3.95116]},"95o":{"weight":0.0,"played":[0.0,1.0],"evs":[0.0,3.42119]},"T5o":{"weight":0.0,"played":[0.0,1.0],"evs":[0.0,3.17304]},"J5o":{"weight":0.0,"played":[0.0,1.0],"evs":[0.0,3.24595]},"Q5o":{"weight":0.0,"played":[0.0,1.0],"evs":[0.0,3.57568]},"K5o":{"weight":0.0,"played":[0.0,1.0],"evs":[0.0,3.63825]},"A5o":{"weight":0.0,"played":[0.0,1.0],"evs":[0.0,4.67531]},"62s":{"weight":0.0,"played":[0.0,1.0],"evs":[0.0,3.95231]},"63s":{"weight":0.0,"played":[0.0,1.0],"evs":[0.0,4.39201]},"64s":{"weight":0.0,"played":[0.0,1.0],"evs":[0.0,5.07183]},"65s":{"weight":0.0,"played":[0.0,1.0],"evs":[0.0,5.70395]},"66":{"weight":0.0384,"played":[0.0,1.0],"evs":[0.0,7.1706]},"76o":{"weight":0.0,"played":[0.0,1.0],"evs":[0.0,4.58824]},"86o":{"weight":0.0,"played":[0.0,1.0],"evs":[0.0,4.26893]},"96o":{"weight":0.0,"played":[0.0,1.0],"evs":[0.0,4.13012]},"T6o":{"weight":0.0,"played":[0.0,1.0],"evs":[0.0,3.5116]},"J6o":{"weight":0.0,"played":[0.0,1.0],"evs":[0.0,3.04186]},"Q6o":{"weight":0.0,"played":[0.0,1.0],"evs":[0.0,3.4299]},"K6o":{"weight":0.0,"played":[0.0,1.0],"evs":[0.0,3.95558]},"A6o":{"weight":0.0,"played":[0.0,1.0],"evs":[0.0,4.4699]},"72s":{"weight":0.0,"played":[0.0,1.0],"evs":[0.0,3.70511]},"73s":{"weight":0.0,"played":[0.0,1.0],"evs":[0.0,4.08145]},"74s":{"weight":0.0,"played":[0.0,1.0],"evs":[0.0,4.55432]},"75s":{"weight":0.0,"played":[0.0,1.0],"evs":[0.0,5.08551]},"76s":{"weight":0.0,"played":[0.0,1.0],"evs":[0.0,5.68199]},"77":{"weight":4.0E-4,"played":[0.0,1.0],"evs":[0.0,7.81362]},"87o":{"weight":0.0,"played":[0.0,1.0],"evs":[0.0,5.02031]},"97o":{"weight":0.0,"played":[0.0,1.0],"evs":[0.0,4.58672]},"T7o":{"weight":0.0,"played":[0.0,1.0],"evs":[0.0,4.07564]},"J7o":{"weight":0.0,"played":[0.0,1.0],"evs":[0.0,3.64392]},"Q7o":{"weight":0.0,"played":[0.0,1.0],"evs":[0.0,3.76618]},"K7o":{"weight":0.0,"played":[0.0,1.0],"evs":[0.0,4.23995]},"A7o":{"weight":0.0,"played":[0.0,1.0],"evs":[0.0,4.87048]},"82s":{"weight":0.0,"played":[0.0,1.0],"evs":[0.0,3.92422]},"83s":{"weight":0.0,"played":[0.0,1.0],"evs":[0.0,4.16335]},"84s":{"weight":0.0,"played":[0.0,1.0],"evs":[0.0,4.52109]},"85s":{"weight":0.0,"played":[0.0,1.0],"evs":[0.0,5.10635]},"86s":{"weight":0.0,"played":[0.0,1.0],"evs":[0.0,5.42229]},"87s":{"weight":2.0E-4,"played":[0.0,1.0],"evs":[0.0,6.30258]},"88":{"weight":0.4264,"played":[0.0,1.0],"evs":[0.0,8.67532]},"98o":{"weight":0.0,"played":[0.0,1.0],"evs":[0.0,5.01926]},"T8o":{"weight":0.0,"played":[0.0,1.0],"evs":[0.0,4.61802]},"J8o":{"weight":0.0,"played":[0.0,1.0],"evs":[0.0,4.22686]},"Q8o":{"weight":0.0,"played":[0.0,1.0],"evs":[0.0,4.37385]},"K8o":{"weight":0.0,"played":[0.0,1.0],"evs":[0.0,4.07293]},"A8o":{"weight":0.0,"played":[0.0,1.0],"evs":[0.0,5.00149]},"92s":{"weight":0.0,"played":[0.0,1.0],"evs":[0.0,4.17061]},"93s":{"weight":0.0,"played":[0.0,1.0],"evs":[0.0,4.44306]},"94s":{"weight":0.0,"played":[0.0,1.0],"evs":[0.0,4.12062]},"95s":{"weight":0.0,"played":[0.0,1.0],"evs":[0.0,4.686]},"96s":{"weight":0.0,"played":[0.0,1.0],"evs":[0.0,5.55676]},"97s":{"weight":0.0,"played":[0.0,1.0],"evs":[0.0,5.67645]},"98s":{"weight":0.674,"played":[0.0,1.0],"evs":[0.0,6.22985]},"99":{"weight":0.5498,"played":[0.0,1.0],"evs":[0.0,9.56051]},"T9o":{"weight":0.0,"played":[0.0,1.0],"evs":[0.0,4.83326]},"J9o":{"weight":0.0,"played":[0.0,1.0],"evs":[0.0,4.58864]},"Q9o":{"weight":0.0,"played":[0.0,1.0],"evs":[0.0,4.6277]},"K9o":{"weight":0.0,"played":[0.0,1.0],"evs":[0.0,4.69878]},"A9o":{"weight":0.0,"played":[0.0,1.0],"evs":[0.0,5.40413]},"T2s":{"weight":0.0,"played":[0.0,1.0],"evs":[0.0,3.90609]},"T3s":{"weight":0.0,"played":[0.0,1.0],"evs":[0.0,3.94317]},"T4s":{"weight":0.0,"played":[0.0,1.0],"evs":[0.0,4.22325]},"T5s":{"weight":0.0,"played":[0.0,1.0],"evs":[0.0,4.54907]},"T6s":{"weight":0.0,"played":[0.0,1.0],"evs":[0.0,4.864]},"T7s":{"weight":0.0,"played":[0.0,1.0],"evs":[0.0,5.40001]},"T8s":{"weight":0.0929,"played":[0.0,1.0],"evs":[0.0,5.7431]},"T9s":{"weight":0.1093,"played":[0.0,1.0],"evs":[0.0,6.43769]},"TT":{"weight":0.0655,"played":[0.0,1.0],"evs":[0.0,10.2735]},"JTo":{"weight":0.0,"played":[0.0,1.0],"evs":[0.0,4.83085]},"QTo":{"weight":0.0,"played":[0.0,1.0],"evs":[0.0,4.95146]},"KTo":{"weight":1.0E-4,"played":[0.0,1.0],"evs":[0.0,5.16743]},"ATo":{"weight":3.0E-4,"played":[0.0,1.0],"evs":[0.0,6.21195]},"J2s":{"weight":0.0,"played":[0.0,1.0],"evs":[0.0,3.87377]},"J3s":{"weight":0.0,"played":[0.0,1.0],"evs":[0.0,3.9059]},"J4s":{"weight":0.0,"played":[0.0,1.0],"evs":[0.0,4.17528]},"J5s":{"weight":0.0,"played":[0.0,1.0],"evs":[0.0,4.20054]},"J6s":{"weight":0.0,"played":[0.0,1.0],"evs":[0.0,4.8054]},"J7s":{"weight":0.0,"played":[0.0,1.0],"evs":[0.0,4.79441]},"J8s":{"weight":0.0,"played":[0.0,1.0],"evs":[0.0,5.51632]},"J9s":{"weight":0.1403,"played":[0.0,1.0],"evs":[0.0,5.65584]},"JTs":{"weight":2.0E-4,"played":[0.0,1.0],"evs":[0.0,6.17782]},"JJ":{"weight":0.4376,"played":[0.0,1.0],"evs":[0.0,11.65718]},"QJo":{"weight":0.0,"played":[0.0,1.0],"evs":[0.0,5.04543]},"KJo":{"weight":8.0E-4,"played":[0.0,1.0],"evs":[0.0,5.48667]},"AJo":{"weight":0.0197,"played":[0.0,1.0],"evs":[0.0,7.21162]},"Q2s":{"weight":0.0,"played":[0.0,1.0],"evs":[0.0,4.29347]},"Q3s":{"weight":0.0,"played":[0.0,1.0],"evs":[0.0,4.19348]},"Q4s":{"weight":0.0,"played":[0.0,1.0],"evs":[0.0,4.37324]},"Q5s":{"weight":0.0,"played":[0.0,1.0],"evs":[0.0,4.56368]},"Q6s":{"weight":0.0,"played":[0.0,1.0],"evs":[0.0,5.08517]},"Q7s":{"weight":0.0,"played":[0.0,1.0],"evs":[0.0,5.21103]},"Q8s":{"weight":1.0E-4,"played":[0.0,1.0],"evs":[0.0,5.45442]},"Q9s":{"weight":0.807,"played":[0.0,1.0],"evs":[0.0,6.01441]},"QTs":{"weight":0.008,"played":[0.0,1.0],"evs":[0.0,5.91543]},"QJs":{"weight":0.2883,"played":[0.0,1.0],"evs":[0.0,6.19649]},"QQ":{"weight":0.3984,"played":[0.0,1.0],"evs":[0.0,13.80965]},"KQo":{"weight":6.0E-4,"played":[0.0,1.0],"evs":[0.0,6.83672]},"AQo":{"weight":0.0,"played":[0.0,1.0],"evs":[0.0,8.62232]},"K2s":{"weight":0.0,"played":[0.0,1.0],"evs":[0.0,4.50662]},"K3s":{"weight":0.0,"played":[0.0,1.0],"evs":[0.0,4.59117]},"K4s":{"weight":0.0,"played":[0.0,1.0],"evs":[0.0,4.75682]},"K5s":{"weight":0.0,"played":[0.0,1.0],"evs":[0.0,4.91684]},"K6s":{"weight":0.0,"played":[0.0,1.0],"evs":[0.0,5.01309]},"K7s":{"weight":0.0074,"played":[0.0,1.0],"evs":[0.0,5.27015]},"K8s":{"weight":0.028,"played":[0.0,1.0],"evs":[0.0,5.46024]},"K9s":{"weight":0.4977,"played":[0.0,1.0],"evs":[0.0,5.74424]},"KTs":{"weight":0.0012,"played":[0.0,1.0],"evs":[0.0,6.15338]},"KJs":{"weight":0.1619,"played":[0.0,1.0],"evs":[0.0,6.95637]},"KQs":{"weight":0.6323,"played":[0.0,1.0],"evs":[0.0,7.75083]},"KK":{"weight":0.2992,"played":[0.0,1.0],"evs":[0.0,16.59197]},"AKo":{"weight":0.402,"played":[0.0,1.0],"evs":[0.0,10.34039]},"A2s":{"weight":0.0,"played":[0.0,1.0],"evs":[0.0,5.55156]},"A3s":{"weight":0.0,"played":[0.0,1.0],"evs":[0.0,5.73052]},"A4s":{"weight":0.0031,"played":[0.0,1.0],"evs":[0.0,5.82221]},"A5s":{"weight":0.3834,"played":[0.0,1.0],"evs":[0.0,6.13502]},"A6s":{"weight":3.0E-4,"played":[0.0,1.0],"evs":[0.0,5.77983]},"A7s":{"weight":0.212,"played":[0.0,1.0],"evs":[0.0,6.1568]},"A8s":{"weight":0.2061,"played":[0.0,1.0],"evs":[0.0,6.23864]},"A9s":{"weight":0.0114,"played":[0.0,1.0],"evs":[0.0,6.59584]},"ATs":{"weight":0.3683,"played":[0.0,1.0],"evs":[0.0,7.40936]},"AJs":{"weight":0.6268,"played":[0.0,1.0],"evs":[0.0,8.22561]},"AQs":{"weight":0.3534,"played":[0.0,1.0],"evs":[0.0,9.62796]},"AKs":{"weight":0.3766,"played":[0.0,1.0],"evs":[0.0,10.86643]},"AA":{"weight":0.4341,"played":[0.0,1.0],"evs":[0.0,21.34639]}}}