{"player":3,"street":0,"children":2,"sequence":[{"player":0,"type":"F","amount":0,"street":0},{"player":1,"type":"R","amount":200000,"street":0},{"player":2,"type":"C","amount":200000,"street":0},{"player":3,"type":"C","amount":200000,"street":0},{"player":4,"type":"F","amount":0,"street":0},{"player":5,"type":"R","amount":2235000,"street":0},{"player":1,"type":"C","amount":1385000,"street":0},{"player":2,"type":"R","amount":2985000,"street":0}],"actions":[{"type":"F","amount":0},{"type":"C","amount":2785000}],"hands":{"22":{"weight":0.9975,"played":[0.9984,0.0016],"evs":[0.0,-4.90308]},"32o":{"weight":0.0,"played":[0.9975,0.0025],"evs":[0.0,-8.74562]},"42o":{"weight":0.0,"played":[0.9964,0.0036],"evs":[0.0,-7.23289]},"52o":{"weight":0.0,"played":[1.0,0.0],"evs":[0.0,-9.22042]},"62o":{"weight":0.0,"played":[0.9997,3.0E-4],"evs":[0.0,-8.96144]},"72o":{"weight":0.0,"played":[0.9986,0.0014],"evs":[0.0,-11.20283]},"82o":{"weight":0.0,"played":[0.9998,2.0E-4],"evs":[0.0,-9.99045]},"92o":{"weight":0.0,"played":[0.9957,0.0043],"evs":[0.0,-9.21472]},"T2o":{"weight":0.0,"played":[0.9998,2.0E-4],"evs":[0.0,-8.68573]},"J2o":{"weight":0.0,"played":[1.0,0.0],"evs":[0.0,-9.78021]},"Q2o":{"weight":0.0,"played":[0.9968,0.0032],"evs":[0.0,-11.54208]},"K2o":{"weight":0.0,"played":[0.9999,1.0E-4],"evs":[0.0,-10.92034]},"A2o":{"weight":0.0,"played":[0.9997,3.0E-4],"evs":[0.0,-10.41475]},"32s":{"weight":0.0,"played":[0.9968,0.0032],"evs":[0.0,-6.93243]},"33":{"weight":0.996,"played":[0.9468,0.0532],"evs":[0.0,-3.65147]},"43o":{"weight":0.0,"played":[0.9998,2.0E-4],"evs":[0.0,-6.73688]},"53o":{"weight":0.0,"played":[0.9885,0.0115],"evs":[0.0,-4.88834]},"63o":{"weight":0.0,"played":[0.9988,0.0012],"evs":[0.0,-7.36955]},"73o":{"weight":0.0,"played":[0.9994,6.0E-4],"evs":[0.0,-9.90768]},"83o":{"weight":0.0,"played":[0.9997,3.0E-4],"evs":[0.0,-9.57722]},"93o":{"weight":0.0,"played":[0.9925,0.0075],"evs":[0.0,-8.85131]},"T3o":{"weight":0.0,"played":[0.9999,1.0E-4],"evs":[0.0,-9.73603]},"J3o":{"weight":0.0,"played":[1.0,0.0],"evs":[0.0,-9.89115]},"Q3o":{"weight":0.0,"played":[1.0,0.0],"evs":[0.0,-9.91639]},"K3o":{"weight":0.0,"played":[0.9995,5.0E-4],"evs":[0.0,-9.88902]},"A3o":{"weight":0.0,"played":[0.9997,3.0E-4],"evs":[0.0,-8.4848]},"42s":{"weight":0.0,"played":[0.831,0.169],"evs":[0.0,-4.46062]},"43s":{"weight":0.0,"played":[0.9897,0.0103],"evs":[0.0,-5.95768]},"44":{"weight":0.9973,"played":[0.9891,0.0109],"evs":[0.0,-2.35669]},"54o":{"weight":0.0,"played":[0.9999,1.0E-4],"evs":[0.0,-5.41144]},"64o":{"weight":0.0,"played":[0.9932,0.0068],"evs":[0.0,-6.96172]},"74o":{"weight":0.0,"played":[0.9602,0.0398],"evs":[0.0,-7.02533]},"84o":{"weight":0.0,"played":[1.0,0.0],"evs":[0.0,-8.8856]},"94o":{"weight":0.0,"played":[0.9974,0.0026],"evs":[0.0,-9.78807]},"T4o":{"weight":0.0,"played":[0.9989,0.0011],"evs":[0.0,-8.44386]},"J4o":{"weight":0.0,"played":[0.9999,1.0E-4],"evs":[0.0,-8.83932]},"Q4o":{"weight":0.0,"played":[0.9975,0.0025],"evs":[0.0,-10.5544]},"K4o":{"weight":0.0,"played":[0.9957,0.0043],"evs":[0.0,-8.12389]},"A4o":{"weight":0.0,"played":[0.9999,1.0E-4],"evs":[0.0,-9.19158]},"52s":{"weight":0.0,"played":[0.9831,0.0169],"evs":[0.0,-4.06634]},"53s":{"weight":0.0,"played":[0.9899,0.0101],"evs":[0.0,-3.14912]},"54s":{"weight":0.452,"played":[0.9997,3.0E-4],"evs":[0.0,-5.47423]},"55":{"weight":0.9994,"played":[0.9877,0.0123],"evs":[0.0,-2.83528]},"65o":{"weight":0.0,"played":[0.9999,1.0E-4],"evs":[0.0,-3.16961]},"75o":{"weight":0.0,"played":[0.9997,3.0E-4],"evs":[0.0,-7.92528]},"85o":{"weight":0.0,"played":[0.9999,1.0E-4],"evs":[0.0,-8.02102]},"95o":{"weight":0.0,"played":[0.9999,1.0E-4],"evs":[0.0,-8.32546]},"T5o":{"weight":0.0,"played":[1.0,0.0],"evs":[0.0,-7.96591]},"J5o":{"weight":0.0,"played":[0.9993,7.0E-4],"evs":[0.0,-8.5176]},"Q5o":{"weight":0.0,"played":[0.9999,1.0E-4],"evs":[0.0,-9.759]},"K5o":{"weight":0.0,"played":[0.9983,0.0017],"evs":[0.0,-9.00424]},"A5o":{"weight":0.0,"played":[0.9995,5.0E-4],"evs":[0.0,-7.53603]},"62s":{"weight":0.0,"played":[0.9995,5.0E-4],"evs":[0.0,-7.10502]},"63s":{"weight":0.0,"played":[0.9954,0.0046],"evs":[0.0,-6.74835]},"64s":{"weight":0.0,"played":[0.9994,6.0E-4],"evs":[0.0,-5.64131]},"65s":{"weight":0.9729,"played":[0.9901,0.0099],"evs":[0.0,-4.86131]},"66":{"weight":0.9867,"played":[0.9862,0.0138],"evs":[0.0,-4.19926]},"76o":{"weight":0.0,"played":[0.9946,0.0054],"evs":[0.0,-7.95655]},"86o":{"weight":0.0,"played":[0.9791,0.0209],"evs":[0.0,-5.96798]},"96o":{"weight":0.0,"played":[0.9993,7.0E-4],"evs":[0.0,-7.37172]},"T6o":{"weight":0.0,"played":[0.9909,0.0091],"evs":[0.0,-7.50538]},"J6o":{"weight":0.0,"played":[0.9994,6.0E-4],"evs":[0.0,-9.1193]},"Q6o":{"weight":0.0,"played":[0.9974,0.0026],"evs":[0.0,-9.41535]},"K6o":{"weight":0.0,"played":[0.9883,0.0117],"evs":[0.0,-8.57555]},"A6o":{"weight":0.0,"played":[1.0,0.0],"evs":[0.0,-8.91199]},"72s":{"weight":0.0,"played":[0.9987,0.0013],"evs":[0.0,-6.13183]},"73s":{"weight":0.0,"played":[0.971,0.029],"evs":[0.0,-6.48891]},"74s":{"weight":0.0,"played":[0.6527,0.3473],"evs":[0.0,-2.83224]},"75s":{"weight":0.2343,"played":[0.9025,0.0975],"evs":[0.0,-4.5712]},"76s":{"weight":0.6353,"played":[0.995,0.005],"evs":[0.0,-3.27334]},"77":{"weight":0.9977,"played":[0.8762,0.1238],"evs":[0.0,-5.47157]},"87o":{"weight":0.0,"played":[0.9993,7.0E-4],"evs":[0.0,-6.3956]},"97o":{"weight":0.0,"played":[0.9856,0.0144],"evs":[0.0,-7.34158]},"T7o":{"weight":0.0,"played":[0.9997,3.0E-4],"evs":[0.0,-8.30226]},"J7o":{"weight":0.0,"played":[0.996,0.004],"evs":[0.0,-8.79078]},"Q7o":{"weight":0.0,"played":[0.9999,1.0E-4],"evs":[0.0,-10.01355]},"K7o":{"weight":0.0,"played":[1.0,0.0],"evs":[0.0,-10.04179]},"A7o":{"weight":0.0,"played":[0.9997,3.0E-4],"evs":[0.0,-9.18879]},"82s":{"weight":0.0,"played":[0.9996,4.0E-4],"evs":[0.0,-11.2238]},"83s":{"weight":0.0,"played":[0.9998,2.0E-4],"evs":[0.0,-8.02386]},"84s":{"weight":0.0,"played":[0.979,0.021],"evs":[0.0,-5.34716]},"85s":{"weight":0.0,"played":[0.78,0.22],"evs":[0.0,-5.47363]},"86s":{"weight":0.0822,"played":[0.9911,0.0089],"evs":[0.0,-3.06501]},"87s":{"weight":0.0944,"played":[0.9974,0.0026],"evs":[0.0,-2.34988]},"88":{"weight":0.3493,"played":[0.7623,0.2377],"evs":[0.0,-3.0418]},"98o":{"weight":0.0,"played":[0.9992,8.0E-4],"evs":[0.0,-5.07329]},"T8o":{"weight":0.0,"played":[0.9952,0.0048],"evs":[0.0,-8.30409]},"J8o":{"weight":0.0,"played":[1.0,0.0],"evs":[0.0,-8.60656]},"Q8o":{"weight":0.0,"played":[0.9996,4.0E-4],"evs":[0.0,-10.48145]},"K8o":{"weight":0.0,"played":[1.0,0.0],"evs":[0.0,-8.62772]},"A8o":{"weight":0.0,"played":[0.9957,0.0043],"evs":[0.0,-8.76941]},"92s":{"weight":0.0,"played":[0.9907,0.0093],"evs":[0.0,-7.80387]},"93s":{"weight":0.0,"played":[0.9868,0.0132],"evs":[0.0,-4.09615]},"94s":{"weight":0.0,"played":[0.9935,0.0065],"evs":[0.0,-4.46713]},"95s":{"weight":0.0,"played":[0.955,0.045],"evs":[0.0,-5.94643]},"96s":{"weight":0.0,"played":[0.964,0.036],"evs":[0.0,-2.48997]},"97s":{"weight":0.1608,"played":[0.8947,0.1053],"evs":[0.0,-4.18502]},"98s":{"weight":0.6024,"played":[0.8618,0.1382],"evs":[0.0,-4.0747]},"99":{"weight":4.0E-4,"played":[0.8782,0.1218],"evs":[0.0,-0.64948]},"T9o":{"weight":0.0,"played":[0.9997,3.0E-4],"evs":[0.0,-6.82583]},"J9o":{"weight":0.0,"played":[0.9998,2.0E-4],"evs":[0.0,-5.96472]},"Q9o":{"weight":0.0,"played":[0.9976,0.0024],"evs":[0.0,-7.69929]},"K9o":{"weight":0.0,"played":[0.9982,0.0018],"evs":[0.0,-7.14309]},"A9o":{"weight":0.0,"played":[0.9887,0.0113],"evs":[0.0,-7.19871]},"T2s":{"weight":0.0,"played":[1.0,0.0],"evs":[0.0,-9.76267]},"T3s":{"weight":0.0,"played":[0.9967,0.0033],"evs":[0.0,-8.70624]},"T4s":{"weight":0.0,"played":[0.9605,0.0395],"evs":[0.0,-5.73159]},"T5s":{"weight":0.0,"played":[0.954,0.046],"evs":[0.0,-4.17635]},"T6s":{"weight":0.0,"played":[0.9962,0.0038],"evs":[0.0,-6.83147]},"T7s":{"weight":0.0,"played":[0.9365,0.0635],"evs":[0.0,-8.35466]},"T8s":{"weight":0.4763,"played":[0.9109,0.0891],"evs":[0.0,-3.92641]},"T9s":{"weight":0.6795,"played":[0.9289,0.0711],"evs":[0.0,-2.67441]},"TT":{"weight":0.0,"played":[0.6184,0.3816],"evs":[0.0,-1.24979]},"JTo":{"weight":0.0,"played":[0.998,0.002],"evs":[0.0,-7.38641]},"QTo":{"weight":0.0,"played":[0.9657,0.0343],"evs":[0.0,-8.6746]},"KTo":{"weight":0.0,"played":[0.9826,0.0174],"evs":[0.0,-6.10036]},"ATo":{"weight":0.8998,"played":[0.9963,0.0037],"evs":[0.0,-7.12824]},"J2s":{"weight":0.0,"played":[0.9951,0.0049],"evs":[0.0,-7.00413]},"J3s":{"weight":0.0,"played":[0.9812,0.0188],"evs":[0.0,-4.74054]},"J4s":{"weight":0.0,"played":[0.9653,0.0347],"evs":[0.0,-4.49744]},"J5s":{"weight":0.0,"played":[0.9985,0.0015],"evs":[0.0,-4.4635]},"J6s":{"weight":0.0,"played":[0.9967,0.0033],"evs":[0.0,-8.40303]},"J7s":{"weight":0.0,"played":[0.9634,0.0366],"evs":[0.0,-5.89941]},"J8s":{"weight":1.0E-4,"played":[0.9965,0.0035],"evs":[0.0,-2.80342]},"J9s":{"weight":0.0119,"played":[0.9966,0.0034],"evs":[0.0,-4.97324]},"JTs":{"weight":0.8695,"played":[0.9985,0.0015],"evs":[0.0,-5.22246]},"JJ":{"weight":2.0E-4,"played":[9.0E-4,0.9991],"evs":[0.0,1.89169]},"QJo":{"weight":0.0,"played":[0.9987,0.0013],"evs":[0.0,-6.24346]},"KJo":{"weight":0.0044,"played":[0.9609,0.0391],"evs":[0.0,-7.72855]},"AJo":{"weight":0.8224,"played":[0.9956,0.0044],"evs":[0.0,-4.88268]},"Q2s":{"weight":0.0,"played":[0.9857,0.0143],"evs":[0.0,-7.82122]},"Q3s":{"weight":0.0,"played":[0.9992,8.0E-4],"evs":[0.0,-7.82282]},"Q4s":{"weight":0.0,"played":[0.7593,0.2407],"evs":[0.0,-1.80868]},"Q5s":{"weight":0.0,"played":[0.9951,0.0049],"evs":[0.0,-7.60262]},"Q6s":{"weight":0.0,"played":[0.9813,0.0187],"evs":[0.0,-4.04156]},"Q7s":{"weight":0.0,"played":[0.9944,0.0056],"evs":[0.0,-6.43736]},"Q8s":{"weight":0.0,"played":[0.9743,0.0257],"evs":[0.0,-3.76986]},"Q9s":{"weight":0.008,"played":[0.922,0.078],"evs":[0.0,-3.78759]},"QTs":{"weight":0.6536,"played":[0.9871,0.0129],"evs":[0.0,-6.69868]},"QJs":{"weight":0.956,"played":[0.9922,0.0078],"evs":[0.0,-3.71467]},"QQ":{"weight":0.037,"played":[0.0011,0.9989],"evs":[0.0,3.43067]},"KQo":{"weight":1.0,"played":[0.9805,0.0195],"evs":[0.0,-7.47]},"AQo":{"weight":0.0024,"played":[0.9448,0.0552],"evs":[0.0,-4.65484]},"K2s":{"weight":0.0,"played":[0.9993,7.0E-4],"evs":[0.0,-11.57423]},"K3s":{"weight":2.0E-4,"played":[0.993,0.007],"evs":[0.0,-3.77144]},"K4s":{"weight":0.0,"played":[0.9658,0.0342],"evs":[0.0,-5.01975]},"K5s":{"weight":0.0,"played":[0.9789,0.0211],"evs":[0.0,-6.16442]},"K6s":{"weight":0.0,"played":[0.9463,0.0537],"evs":[0.0,-4.8159]},"K7s":{"weight":0.0,"played":[0.9914,0.0086],"evs":[0.0,-5.51819]},"K8s":{"weight":2.0E-4,"played":[0.9722,0.0278],"evs":[0.0,-8.02339]},"K9s":{"weight":0.2899,"played":[0.9874,0.0126],"evs":[0.0,-3.30315]},"KTs":{"weight":0.0427,"played":[0.9767,0.0233],"evs":[0.0,-3.61381]},"KJs":{"weight":0.4972,"played":[0.9714,0.0286],"evs":[0.0,-2.87293]},"KQs":{"weight":0.9862,"played":[0.8271,0.1729],"evs":[0.0,-4.94792]},"KK":{"weight":0.0368,"played":[0.0,1.0],"evs":[0.0,13.01324]},"AKo":{"weight":2.0E-4,"played":[0.1654,0.8346],"evs":[0.0,-0.79788]},"A2s":{"weight":0.6819,"played":[0.8981,0.1019],"evs":[0.0,-2.34732]},"A3s":{"weight":0.0467,"played":[0.9996,4.0E-4],"evs":[0.0,-4.41161]},"A4s":{"weight":0.0119,"played":[0.8984,0.1016],"evs":[0.0,-2.95924]},"A5s":{"weight":0.0089,"played":[0.4257,0.5743],"evs":[0.0,-2.02948]},"A6s":{"weight":0.3177,"played":[0.9652,0.0348],"evs":[0.0,-6.07885]},"A7s":{"weight":7.0E-4,"played":[0.8874,0.1126],"evs":[0.0,-3.81359]},"A8s":{"weight":0.1807,"played":[0.8567,0.1433],"evs":[0.0,-7.29525]},"A9s":{"weight":0.2691,"played":[0.9997,3.0E-4],"evs":[0.0,-6.06238]},"ATs":{"weight":0.28,"played":[0.8759,0.1241],"evs":[0.0,-7.5401]},"AJs":{"weight":0.9379,"played":[0.9805,0.0195],"evs":[0.0,-2.31339]},"AQs":{"weight":0.2098,"played":[0.8919,0.1081],"evs":[0.0,-2.48675]},"AKs":{"weight":0.0,"played":[2.0E-4,0.9998],"evs":[0.0,5.71978]},"AA":{"weight":1.0,"played":[0.0,1.0],"evs":[0.0,25.47406]}}}