{"player":2,"street":0,"children":2,"sequence":[{"player":0,"type":"F","amount":0,"street":0},{"player":1,"type":"R","amount":200000,"street":0},{"player":2,"type":"C","amount":200000,"street":0},{"player":3,"type":"C","amount":200000,"street":0},{"player":4,"type":"R","amount":1085000,"street":0},{"player":5,"type":"F","amount":0,"street":0},{"player":1,"type":"C","amount":885000,"street":0}],"actions":[{"type":"F","amount":0,"node":171},{"type":"R","amount":2985000,"node":173}],"hands":{"22":{"weight":0.0,"played":[0.9185,0.0815],"evs":[0.0,-1.0649]},"32o":{"weight":0.0,"played":[1.0,0.0],"evs":[0.0,-5.13107]},"42o":{"weight":0.0,"played":[1.0,0.0],"evs":[0.0,-5.40888]},"52o":{"weight":0.0,"played":[1.0,0.0],"evs":[0.0,-4.36614]},"62o":{"weight":0.0,"played":[0.9999,1.0E-4],"evs":[0.0,-4.28821]},"72o":{"weight":0.0,"played":[0.9998,2.0E-4],"evs":[0.0,-4.34539]},"82o":{"weight":0.0,"played":[1.0,0.0],"evs":[0.0,-4.52642]},"92o":{"weight":0.0,"played":[1.0,0.0],"evs":[0.0,-5.03402]},"T2o":{"weight":0.0,"played":[1.0,0.0],"evs":[0.0,-4.75443]},"J2o":{"weight":0.0,"played":[1.0,0.0],"evs":[0.0,-4.69906]},"Q2o":{"weight":0.0,"played":[1.0,0.0],"evs":[0.0,-4.24143]},"K2o":{"weight":0.0,"played":[0.9999,1.0E-4],"evs":[0.0,-4.28805]},"A2o":{"weight":0.0,"played":[1.0,0.0],"evs":[0.0,-2.56113]},"32s":{"weight":0.0,"played":[0.9997,3.0E-4],"evs":[0.0,-2.71167]},"33":{"weight":0.289,"played":[0.9758,0.0242],"evs":[0.0,-0.55451]},"43o":{"weight":0.0,"played":[1.0,0.0],"evs":[0.0,-4.39641]},"53o":{"weight":0.0,"played":[1.0,0.0],"evs":[0.0,-3.70127]},"63o":{"weight":0.0,"played":[0.9999,1.0E-4],"evs":[0.0,-4.03044]},"73o":{"weight":0.0,"played":[1.0,0.0],"evs":[0.0,-4.98625]},"83o":{"weight":0.0,"played":[1.0,0.0],"evs":[0.0,-4.59055]},"93o":{"weight":0.0,"played":[0.9999,1.0E-4],"evs":[0.0,-4.23663]},"T3o":{"weight":0.0,"played":[1.0,0.0],"evs":[0.0,-4.26693]},"J3o":{"weight":0.0,"played":[0.9998,2.0E-4],"evs":[0.0,-4.62668]},"Q3o":{"weight":0.0,"played":[0.9999,1.0E-4],"evs":[0.0,-3.73744]},"K3o":{"weight":0.0,"played":[1.0,0.0],"evs":[0.0,-4.09326]},"A3o":{"weight":0.0,"played":[0.9999,1.0E-4],"evs":[0.0,-3.51288]},"42s":{"weight":0.0,"played":[0.9978,0.0022],"evs":[0.0,-3.09548]},"43s":{"weight":0.0,"played":[0.9935,0.0065],"evs":[0.0,-2.49632]},"44":{"weight":0.9996,"played":[0.7781,0.2219],"evs":[0.0,-0.81475]},"54o":{"weight":0.0,"played":[0.999,0.001],"evs":[0.0,-3.06605]},"64o":{"weight":0.0,"played":[1.0,0.0],"evs":[0.0,-3.88629]},"74o":{"weight":0.0,"played":[1.0,0.0],"evs":[0.0,-3.95848]},"84o":{"weight":0.0,"played":[0.9999,1.0E-4],"evs":[0.0,-4.38362]},"94o":{"weight":0.0,"played":[0.9999,1.0E-4],"evs":[0.0,-4.13174]},"T4o":{"weight":0.0,"played":[1.0,0.0],"evs":[0.0,-3.67432]},"J4o":{"weight":0.0,"played":[1.0,0.0],"evs":[0.0,-4.76456]},"Q4o":{"weight":0.0,"played":[1.0,0.0],"evs":[0.0,-3.58602]},"K4o":{"weight":0.0,"played":[0.9998,2.0E-4],"evs":[0.0,-3.88992]},"A4o":{"weight":0.0,"played":[0.9999,1.0E-4],"evs":[0.0,-2.64899]},"52s":{"weight":0.0,"played":[0.9997,3.0E-4],"evs":[0.0,-2.86966]},"53s":{"weight":0.0,"played":[0.9954,0.0046],"evs":[0.0,-3.66312]},"54s":{"weight":0.0,"played":[0.9678,0.0322],"evs":[0.0,-2.60154]},"55":{"weight":0.8986,"played":[0.6199,0.3801],"evs":[0.0,0.31319]},"65o":{"weight":0.0,"played":[1.0,0.0],"evs":[0.0,-3.57846]},"75o":{"weight":0.0,"played":[0.9999,1.0E-4],"evs":[0.0,-3.53984]},"85o":{"weight":0.0,"played":[1.0,0.0],"evs":[0.0,-2.7077]},"95o":{"weight":0.0,"played":[1.0,0.0],"evs":[0.0,-3.88815]},"T5o":{"weight":0.0,"played":[1.0,0.0],"evs":[0.0,-3.70077]},"J5o":{"weight":0.0,"played":[1.0,0.0],"evs":[0.0,-4.14206]},"Q5o":{"weight":0.0,"played":[0.9999,1.0E-4],"evs":[0.0,-3.93473]},"K5o":{"weight":0.0,"played":[0.9999,1.0E-4],"evs":[0.0,-3.3446]},"A5o":{"weight":0.0,"played":[0.9999,1.0E-4],"evs":[0.0,-1.82172]},"62s":{"weight":0.0,"played":[0.9877,0.0123],"evs":[0.0,-3.26255]},"63s":{"weight":0.0,"played":[0.9999,1.0E-4],"evs":[0.0,-3.40421]},"64s":{"weight":0.0,"played":[0.9999,1.0E-4],"evs":[0.0,-1.48993]},"65s":{"weight":0.2359,"played":[0.9993,7.0E-4],"evs":[0.0,-0.29596]},"66":{"weight":0.7474,"played":[6.0E-4,0.9994],"evs":[0.0,1.42277]},"76o":{"weight":0.0,"played":[0.9999,1.0E-4],"evs":[0.0,-2.3837]},"86o":{"weight":0.0,"played":[1.0,0.0],"evs":[0.0,-2.31794]},"96o":{"weight":0.0,"played":[0.9998,2.0E-4],"evs":[0.0,-2.81884]},"T6o":{"weight":0.0,"played":[1.0,0.0],"evs":[0.0,-3.20096]},"J6o":{"weight":0.0,"played":[1.0,0.0],"evs":[0.0,-4.08373]},"Q6o":{"weight":0.0,"played":[1.0,0.0],"evs":[0.0,-3.25546]},"K6o":{"weight":0.0,"played":[0.9996,4.0E-4],"evs":[0.0,-3.36797]},"A6o":{"weight":0.0,"played":[0.9996,4.0E-4],"evs":[0.0,-1.93176]},"72s":{"weight":0.0,"played":[0.9993,7.0E-4],"evs":[0.0,-3.75116]},"73s":{"weight":0.0,"played":[0.9987,0.0013],"evs":[0.0,-3.38988]},"74s":{"weight":0.0,"played":[0.9999,1.0E-4],"evs":[0.0,-2.535]},"75s":{"weight":0.0,"played":[0.9966,0.0034],"evs":[0.0,-1.63248]},"76s":{"weight":0.4989,"played":[0.9714,0.0286],"evs":[0.0,-0.35865]},"77":{"weight":0.7027,"played":[0.0012,0.9988],"evs":[0.0,3.06695]},"87o":{"weight":0.0,"played":[1.0,0.0],"evs":[0.0,-2.08166]},"97o":{"weight":0.0,"played":[1.0,0.0],"evs":[0.0,-2.1306]},"T7o":{"weight":0.0,"played":[0.9999,1.0E-4],"evs":[0.0,-2.59733]},"J7o":{"weight":0.0,"played":[1.0,0.0],"evs":[0.0,-3.12886]},"Q7o":{"weight":0.0,"played":[1.0,0.0],"evs":[0.0,-2.61143]},"K7o":{"weight":0.0,"played":[0.9996,4.0E-4],"evs":[0.0,-2.26621]},"A7o":{"weight":0.0,"played":[0.9997,3.0E-4],"evs":[0.0,-2.7497]},"82s":{"weight":0.0,"played":[0.9998,2.0E-4],"evs":[0.0,-2.68025]},"83s":{"weight":0.0,"played":[0.9995,5.0E-4],"evs":[0.0,-4.11319]},"84s":{"weight":0.0,"played":[0.9992,8.0E-4],"evs":[0.0,-3.10365]},"85s":{"weight":0.0,"played":[0.9999,1.0E-4],"evs":[0.0,-1.06215]},"86s":{"weight":0.0,"played":[0.9649,0.0351],"evs":[0.0,-1.37634]},"87s":{"weight":0.3835,"played":[0.338,0.662],"evs":[0.0,0.12941]},"88":{"weight":0.6919,"played":[0.0,1.0],"evs":[0.0,4.03185]},"98o":{"weight":0.0,"played":[1.0,0.0],"evs":[0.0,-1.45372]},"T8o":{"weight":0.0,"played":[0.9999,1.0E-4],"evs":[0.0,-1.91375]},"J8o":{"weight":0.0,"played":[0.9997,3.0E-4],"evs":[0.0,-2.03562]},"Q8o":{"weight":0.0,"played":[1.0,0.0],"evs":[0.0,-3.22048]},"K8o":{"weight":0.0,"played":[0.9986,0.0014],"evs":[0.0,-2.79626]},"A8o":{"weight":0.0,"played":[1.0,0.0],"evs":[0.0,-1.75926]},"92s":{"weight":0.0,"played":[0.9966,0.0034],"evs":[0.0,-4.06238]},"93s":{"weight":0.0,"played":[0.9995,5.0E-4],"evs":[0.0,-3.87651]},"94s":{"weight":0.0,"played":[0.9976,0.0024],"evs":[0.0,-3.38515]},"95s":{"weight":0.0,"played":[0.9999,1.0E-4],"evs":[0.0,-2.57835]},"96s":{"weight":0.0,"played":[0.9919,0.0081],"evs":[0.0,-1.52735]},"97s":{"weight":0.0,"played":[0.948,0.052],"evs":[0.0,-0.82086]},"98s":{"weight":0.3364,"played":[0.7198,0.2802],"evs":[0.0,-0.66453]},"99":{"weight":1.0E-4,"played":[8.0E-4,0.9992],"evs":[0.0,5.53856]},"T9o":{"weight":0.0,"played":[0.9999,1.0E-4],"evs":[0.0,-0.93077]},"J9o":{"weight":0.0,"played":[0.9998,2.0E-4],"evs":[0.0,-1.92184]},"Q9o":{"weight":0.0,"played":[1.0,0.0],"evs":[0.0,-1.95744]},"K9o":{"weight":0.0,"played":[0.9994,6.0E-4],"evs":[0.0,-1.99403]},"A9o":{"weight":0.0114,"played":[0.9999,1.0E-4],"evs":[0.0,-1.83947]},"T2s":{"weight":0.0,"played":[0.9995,5.0E-4],"evs":[0.0,-3.53736]},"T3s":{"weight":0.0,"played":[0.9997,3.0E-4],"evs":[0.0,-2.32981]},"T4s":{"weight":0.0,"played":[1.0,0.0],"evs":[0.0,-2.14002]},"T5s":{"weight":0.0,"played":[0.9997,3.0E-4],"evs":[0.0,-2.74719]},"T6s":{"weight":0.0,"played":[0.9928,0.0072],"evs":[0.0,-0.92594]},"T7s":{"weight":0.0,"played":[0.3678,0.6322],"evs":[0.0,-0.67723]},"T8s":{"weight":4.0E-4,"played":[0.6962,0.3038],"evs":[0.0,0.28298]},"T9s":{"weight":0.9989,"played":[0.3885,0.6115],"evs":[0.0,0.1318]},"TT":{"weight":0.0,"played":[0.0011,0.9989],"evs":[0.0,6.22474]},"JTo":{"weight":0.0,"played":[0.9947,0.0053],"evs":[0.0,-1.32468]},"QTo":{"weight":0.0,"played":[0.999,0.001],"evs":[0.0,-1.24359]},"KTo":{"weight":0.0,"played":[0.8382,0.1618],"evs":[0.0,-0.57273]},"ATo":{"weight":0.8241,"played":[0.5634,0.4366],"evs":[0.0,-0.10275]},"J2s":{"weight":0.0,"played":[0.9983,0.0017],"evs":[0.0,-2.36035]},"J3s":{"weight":0.0,"played":[0.9989,0.0011],"evs":[0.0,-1.73972]},"J4s":{"weight":0.0,"played":[0.9992,8.0E-4],"evs":[0.0,-2.60918]},"J5s":{"weight":0.0,"played":[0.9678,0.0322],"evs":[0.0,-2.48462]},"J6s":{"weight":0.0,"played":[0.8666,0.1334],"evs":[0.0,-1.89001]},"J7s":{"weight":0.0,"played":[0.9488,0.0512],"evs":[0.0,-0.92602]},"J8s":{"weight":0.0,"played":[0.9651,0.0349],"evs":[0.0,-0.24785]},"J9s":{"weight":0.8578,"played":[0.8502,0.1498],"evs":[0.0,-0.5437]},"JTs":{"weight":0.6611,"played":[0.2888,0.7112],"evs":[0.0,-0.22898]},"JJ":{"weight":5.0E-4,"played":[0.0,1.0],"evs":[0.0,9.30648]},"QJo":{"weight":0.71,"played":[0.9994,6.0E-4],"evs":[0.0,-1.29264]},"KJo":{"weight":0.9975,"played":[0.9999,1.0E-4],"evs":[0.0,-0.87117]},"AJo":{"weight":0.3694,"played":[0.0719,0.9281],"evs":[0.0,0.96451]},"Q2s":{"weight":0.0,"played":[0.9988,0.0012],"evs":[0.0,-2.87996]},"Q3s":{"weight":0.0,"played":[0.9906,0.0094],"evs":[0.0,-2.14837]},"Q4s":{"weight":0.0,"played":[0.8979,0.1021],"evs":[0.0,-0.45267]},"Q5s":{"weight":0.0,"played":[0.9996,4.0E-4],"evs":[0.0,-1.72616]},"Q6s":{"weight":0.0,"played":[0.999,0.001],"evs":[0.0,-0.47882]},"Q7s":{"weight":0.0,"played":[0.8438,0.1562],"evs":[0.0,0.25693]},"Q8s":{"weight":0.0,"played":[0.9997,3.0E-4],"evs":[0.0,-1.16882]},"Q9s":{"weight":0.9987,"played":[0.9105,0.0895],"evs":[0.0,0.13126]},"QTs":{"weight":0.9162,"played":[0.3776,0.6224],"evs":[0.0,1.19918]},"QJs":{"weight":0.0021,"played":[0.025,0.975],"evs":[0.0,1.76987]},"QQ":{"weight":0.3777,"played":[0.0,1.0],"evs":[0.0,10.97151]},"KQo":{"weight":0.8102,"played":[0.1075,0.8925],"evs":[0.0,0.60246]},"AQo":{"weight":1.0E-4,"played":[0.0,1.0],"evs":[0.0,2.91517]},"K2s":{"weight":0.0,"played":[0.9968,0.0032],"evs":[0.0,-2.67924]},"K3s":{"weight":0.0,"played":[1.0,0.0],"evs":[0.0,-1.69112]},"K4s":{"weight":0.0,"played":[0.9962,0.0038],"evs":[0.0,-1.6368]},"K5s":{"weight":0.0,"played":[0.9995,5.0E-4],"evs":[0.0,-2.06317]},"K6s":{"weight":0.0,"played":[0.9323,0.0677],"evs":[0.0,-1.37573]},"K7s":{"weight":0.0,"played":[0.8943,0.1057],"evs":[0.0,-0.43865]},"K8s":{"weight":0.0,"played":[0.983,0.017],"evs":[0.0,-2.11221]},"K9s":{"weight":0.9953,"played":[0.8324,0.1676],"evs":[0.0,-0.37208]},"KTs":{"weight":0.7068,"played":[0.0047,0.9953],"evs":[0.0,1.04693]},"KJs":{"weight":0.085,"played":[0.1403,0.8597],"evs":[0.0,0.86074]},"KQs":{"weight":0.3619,"played":[0.0125,0.9875],"evs":[0.0,1.49916]},"KK":{"weight":0.8073,"played":[0.0,1.0],"evs":[0.0,12.88222]},"AKo":{"weight":0.0,"played":[0.0,1.0],"evs":[0.0,4.47826]},"A2s":{"weight":0.9783,"played":[0.993,0.007],"evs":[0.0,-1.21957]},"A3s":{"weight":0.7165,"played":[0.997,0.003],"evs":[0.0,-1.28612]},"A4s":{"weight":0.0108,"played":[0.7068,0.2932],"evs":[0.0,-1.18536]},"A5s":{"weight":0.0601,"played":[0.6919,0.3081],"evs":[0.0,-0.14028]},"A6s":{"weight":0.9958,"played":[0.9903,0.0097],"evs":[0.0,-1.18712]},"A7s":{"weight":0.4941,"played":[0.9982,0.0018],"evs":[0.0,-0.80404]},"A8s":{"weight":0.7395,"played":[0.5245,0.4755],"evs":[0.0,0.76836]},"A9s":{"weight":0.9989,"played":[0.0611,0.9389],"evs":[0.0,0.19313]},"ATs":{"weight":0.9993,"played":[0.0343,0.9657],"evs":[0.0,1.51729]},"AJs":{"weight":0.9985,"played":[6.0E-4,0.9994],"evs":[0.0,2.83952]},"AQs":{"weight":0.9999,"played":[1.0E-4,0.9999],"evs":[0.0,3.34399]},"AKs":{"weight":0.0482,"played":[0.0,1.0],"evs":[0.0,5.49068]},"AA":{"weight":1.0,"played":[0.0,1.0],"evs":[0.0,18.49014]}}}