{"player":3,"street":0,"children":3,"sequence":[{"player":0,"type":"F","amount":0,"street":0},{"player":1,"type":"R","amount":200000,"street":0},{"player":2,"type":"C","amount":200000,"street":0},{"player":3,"type":"C","amount":200000,"street":0},{"player":4,"type":"R","amount":1085000,"street":0},{"player":5,"type":"F","amount":0,"street":0},{"player":1,"type":"C","amount":885000,"street":0},{"player":2,"type":"F","amount":0,"street":0}],"actions":[{"type":"F","amount":0},{"type":"C","amount":885000},{"type":"R","amount":1585000,"node":172}],"hands":{"22":{"weight":0.9975,"played":[0.0151,0.3497,0.6352],"evs":[0.0,0.54177,0.58794]},"32o":{"weight":0.0,"played":[1.0,0.0,0.0],"evs":[0.0,-1.8884,-2.57552]},"42o":{"weight":0.0,"played":[0.9999,0.0,0.0],"evs":[0.0,-2.27943,-3.00098]},"52o":{"weight":0.0,"played":[1.0,0.0,0.0],"evs":[0.0,-0.81736,-1.29247]},"62o":{"weight":0.0,"played":[1.0,0.0,0.0],"evs":[0.0,-1.89247,-2.22052]},"72o":{"weight":0.0,"played":[0.9993,3.0E-4,4.0E-4],"evs":[0.0,-2.36164,-2.68587]},"82o":{"weight":0.0,"played":[0.9999,0.0,0.0],"evs":[0.0,-2.70597,-3.11269]},"92o":{"weight":0.0,"played":[0.9998,0.0,2.0E-4],"evs":[0.0,-1.97837,-2.52738]},"T2o":{"weight":0.0,"played":[1.0,0.0,0.0],"evs":[0.0,-1.77574,-2.08735]},"J2o":{"weight":0.0,"played":[0.9999,0.0,0.0],"evs":[0.0,-1.69543,-1.82565]},"Q2o":{"weight":0.0,"played":[0.9997,0.0,3.0E-4],"evs":[0.0,-1.08592,-1.3918]},"K2o":{"weight":0.0,"played":[0.9561,0.011,0.0329],"evs":[0.0,-1.55019,-1.66425]},"A2o":{"weight":0.0,"played":[0.997,3.0E-4,0.0027],"evs":[0.0,-1.04731,-0.97699]},"32s":{"weight":0.0,"played":[0.7911,0.1315,0.0775],"evs":[0.0,-0.85155,-1.48993]},"33":{"weight":0.996,"played":[0.0104,4.0E-4,0.9892],"evs":[0.0,0.79219,1.06007]},"43o":{"weight":0.0,"played":[0.9997,0.0,3.0E-4],"evs":[0.0,-0.99748,-1.29588]},"53o":{"weight":0.0,"played":[0.9992,5.0E-4,3.0E-4],"evs":[0.0,-0.69136,-0.9429]},"63o":{"weight":0.0,"played":[0.9998,1.0E-4,2.0E-4],"evs":[0.0,-1.44316,-1.81942]},"73o":{"weight":0.0,"played":[1.0,0.0,0.0],"evs":[0.0,-1.86021,-2.38838]},"83o":{"weight":0.0,"played":[0.9983,4.0E-4,0.0013],"evs":[0.0,-2.1823,-2.65117]},"93o":{"weight":0.0,"played":[0.9999,0.0,1.0E-4],"evs":[0.0,-2.82818,-3.04349]},"T3o":{"weight":0.0,"played":[0.9999,0.0,1.0E-4],"evs":[0.0,-1.69005,-1.79535]},"J3o":{"weight":0.0,"played":[1.0,0.0,0.0],"evs":[0.0,-2.10112,-2.23256]},"Q3o":{"weight":0.0,"played":[0.9689,3.0E-4,0.0307],"evs":[0.0,-1.44691,-1.5511]},"K3o":{"weight":0.0,"played":[0.8969,0.0433,0.0597],"evs":[0.0,-0.95897,-0.97568]},"A3o":{"weight":0.0,"played":[0.9791,0.0173,0.0037],"evs":[0.0,-1.3289,-1.31033]},"42s":{"weight":0.0,"played":[0.9932,0.0043,0.0024],"evs":[0.0,-0.72838,-1.00003]},"43s":{"weight":0.0,"played":[0.9978,0.001,0.0013],"evs":[0.0,-1.02032,-1.14313]},"44":{"weight":0.9973,"played":[0.0224,0.0118,0.9658],"evs":[0.0,1.1591,1.28138]},"54o":{"weight":0.0,"played":[0.9952,0.0,0.0048],"evs":[0.0,-0.61845,-0.94867]},"64o":{"weight":0.0,"played":[0.9903,0.001,0.0087],"evs":[0.0,-0.68698,-0.95036]},"74o":{"weight":0.0,"played":[0.9989,0.0,0.0011],"evs":[0.0,-1.29155,-1.57297]},"84o":{"weight":0.0,"played":[0.9996,0.0,4.0E-4],"evs":[0.0,-1.97844,-2.40578]},"94o":{"weight":0.0,"played":[0.9998,0.0,1.0E-4],"evs":[0.0,-1.58534,-2.17241]},"T4o":{"weight":0.0,"played":[0.9998,1.0E-4,0.0],"evs":[0.0,-1.42809,-1.55541]},"J4o":{"weight":0.0,"played":[0.9926,0.0027,0.0047],"evs":[0.0,-1.84095,-2.12582]},"Q4o":{"weight":0.0,"played":[0.9998,0.0,2.0E-4],"evs":[0.0,-1.03646,-0.90205]},"K4o":{"weight":0.0,"played":[0.9997,3.0E-4,0.0],"evs":[0.0,-1.27906,-1.25163]},"A4o":{"weight":0.0,"played":[0.9974,0.0,0.0026],"evs":[0.0,-0.73795,-0.69387]},"52s":{"weight":0.0,"played":[0.9999,1.0E-4,0.0],"evs":[0.0,-0.64182,-0.83976]},"53s":{"weight":0.0,"played":[0.7999,0.1883,0.0118],"evs":[0.0,-0.52426,-0.87428]},"54s":{"weight":0.452,"played":[0.1778,0.5303,0.2919],"evs":[0.0,0.71536,0.54891]},"55":{"weight":0.9994,"played":[2.0E-4,0.0,0.9998],"evs":[0.0,1.53266,1.56478]},"65o":{"weight":0.0,"played":[0.9751,0.0187,0.0063],"evs":[0.0,-0.5528,-0.8448]},"75o":{"weight":0.0,"played":[0.9611,0.0386,3.0E-4],"evs":[0.0,-0.72639,-1.01914]},"85o":{"weight":0.0,"played":[0.9996,0.0,3.0E-4],"evs":[0.0,-1.308,-1.40541]},"95o":{"weight":0.0,"played":[0.9998,0.0,2.0E-4],"evs":[0.0,-1.89444,-2.11794]},"T5o":{"weight":0.0,"played":[0.9997,1.0E-4,2.0E-4],"evs":[0.0,-2.00435,-2.31843]},"J5o":{"weight":0.0,"played":[0.9997,0.0,3.0E-4],"evs":[0.0,-2.2471,-2.54868]},"Q5o":{"weight":0.0,"played":[0.9996,1.0E-4,3.0E-4],"evs":[0.0,-1.31724,-1.50565]},"K5o":{"weight":0.0,"played":[0.9997,0.0,3.0E-4],"evs":[0.0,-1.87158,-1.94625]},"A5o":{"weight":0.0,"played":[0.9886,0.0,0.0114],"evs":[0.0,-0.68875,-0.68889]},"62s":{"weight":0.0,"played":[0.878,0.1085,0.0135],"evs":[0.0,-1.04961,-1.76105]},"63s":{"weight":0.0,"played":[0.9867,0.0126,7.0E-4],"evs":[0.0,-1.02426,-1.17064]},"64s":{"weight":0.0,"played":[1.0,0.0,0.0],"evs":[0.0,-1.2284,-1.23051]},"65s":{"weight":0.9729,"played":[0.2475,0.5345,0.218],"evs":[0.0,0.58183,0.25411]},"66":{"weight":0.9867,"played":[0.0015,0.3867,0.6118],"evs":[0.0,2.21463,2.28485]},"76o":{"weight":0.0,"played":[0.9583,0.0237,0.018],"evs":[0.0,-0.3585,-0.52813]},"86o":{"weight":0.0,"played":[0.9992,3.0E-4,5.0E-4],"evs":[0.0,-0.79142,-0.97353]},"96o":{"weight":0.0,"played":[0.9443,0.0545,0.0012],"evs":[0.0,-1.01285,-1.24088]},"T6o":{"weight":0.0,"played":[0.9959,0.0014,0.0027],"evs":[0.0,-1.20913,-1.27547]},"J6o":{"weight":0.0,"played":[0.9999,0.0,1.0E-4],"evs":[0.0,-1.53374,-1.68317]},"Q6o":{"weight":0.0,"played":[0.9941,0.0058,1.0E-4],"evs":[0.0,-0.94464,-0.98509]},"K6o":{"weight":0.0,"played":[0.9974,1.0E-4,0.0025],"evs":[0.0,-1.10929,-1.22759]},"A6o":{"weight":0.0,"played":[0.9875,0.0065,0.006],"evs":[0.0,-0.52202,-0.59911]},"72s":{"weight":0.0,"played":[0.9965,0.0018,0.0016],"evs":[0.0,-1.15516,-1.66539]},"73s":{"weight":0.0,"played":[0.8201,0.0707,0.1091],"evs":[0.0,-1.17211,-1.52265]},"74s":{"weight":0.0,"played":[0.6183,0.2675,0.1142],"evs":[0.0,-0.19396,-0.37401]},"75s":{"weight":0.2343,"played":[0.5258,0.1733,0.3009],"evs":[0.0,0.10853,0.01456]},"76s":{"weight":0.6353,"played":[0.0707,0.7072,0.2221],"evs":[0.0,0.91554,0.582]},"77":{"weight":0.9977,"played":[0.0,0.0,1.0],"evs":[0.0,2.17729,2.31341]},"87o":{"weight":0.0,"played":[0.9915,0.0032,0.0053],"evs":[0.0,-0.34152,-0.62899]},"97o":{"weight":0.0,"played":[0.974,0.0123,0.0137],"evs":[0.0,-1.14848,-1.46018]},"T7o":{"weight":0.0,"played":[0.9988,2.0E-4,0.001],"evs":[0.0,-1.7193,-1.76075]},"J7o":{"weight":0.0,"played":[0.9971,0.0016,0.0013],"evs":[0.0,-1.77221,-1.80396]},"Q7o":{"weight":0.0,"played":[0.9687,0.0093,0.0221],"evs":[0.0,-1.27868,-1.58986]},"K7o":{"weight":0.0,"played":[0.9581,0.0174,0.0245],"evs":[0.0,-1.20536,-1.14667]},"A7o":{"weight":0.0,"played":[0.7198,0.1064,0.1738],"evs":[0.0,-0.38311,-0.37005]},"82s":{"weight":0.0,"played":[0.9985,8.0E-4,7.0E-4],"evs":[0.0,-1.66529,-1.70622]},"83s":{"weight":0.0,"played":[0.9541,0.0108,0.0351],"evs":[0.0,-2.00062,-2.50939]},"84s":{"weight":0.0,"played":[0.7884,0.2072,0.0044],"evs":[0.0,-0.65096,-1.03407]},"85s":{"weight":0.0,"played":[0.3342,0.2885,0.3773],"evs":[0.0,-0.24514,-0.26277]},"86s":{"weight":0.0822,"played":[0.9167,0.0171,0.0662],"evs":[0.0,-0.54608,-0.77425]},"87s":{"weight":0.0944,"played":[0.4455,0.4053,0.1492],"evs":[0.0,0.26189,0.31011]},"88":{"weight":0.3493,"played":[0.0012,0.0966,0.9022],"evs":[0.0,3.90707,3.9441]},"98o":{"weight":0.0,"played":[0.3421,0.4465,0.2115],"evs":[0.0,-0.01001,-0.07541]},"T8o":{"weight":0.0,"played":[0.9761,0.0059,0.018],"evs":[0.0,-0.79234,-0.89946]},"J8o":{"weight":0.0,"played":[0.9175,0.0343,0.0482],"evs":[0.0,-0.81259,-0.78408]},"Q8o":{"weight":0.0,"played":[0.9974,9.0E-4,0.0017],"evs":[0.0,-0.68062,-0.54957]},"K8o":{"weight":0.0,"played":[0.9078,0.0083,0.084],"evs":[0.0,-1.18438,-0.96814]},"A8o":{"weight":0.0,"played":[0.3692,0.2063,0.4246],"evs":[0.0,-0.12222,-0.00613]},"92s":{"weight":0.0,"played":[0.9724,0.0217,0.0059],"evs":[0.0,-0.80233,-1.0108]},"93s":{"weight":0.0,"played":[0.9911,0.0078,0.0011],"evs":[0.0,-0.83592,-1.03543]},"94s":{"weight":0.0,"played":[0.6227,0.3576,0.0197],"evs":[0.0,-0.36002,-0.64304]},"95s":{"weight":0.0,"played":[0.3434,0.5843,0.0723],"evs":[0.0,-0.11626,-0.54429]},"96s":{"weight":0.0,"played":[0.0615,0.7147,0.2238],"evs":[0.0,0.42657,0.36865]},"97s":{"weight":0.1608,"played":[0.417,0.4062,0.1768],"evs":[0.0,0.47207,0.22365]},"98s":{"weight":0.6024,"played":[0.007,0.048,0.945],"evs":[0.0,1.62807,1.87526]},"99":{"weight":4.0E-4,"played":[0.0,1.0E-4,0.9999],"evs":[0.0,4.8626,5.22751]},"T9o":{"weight":0.0,"played":[0.5537,0.1366,0.3097],"evs":[0.0,0.27077,0.22447]},"J9o":{"weight":0.0,"played":[0.7961,0.031,0.173],"evs":[0.0,-0.07908,0.11]},"Q9o":{"weight":0.0,"played":[0.3199,0.169,0.5111],"evs":[0.0,0.35594,0.49753]},"K9o":{"weight":0.0,"played":[0.4773,0.3483,0.1744],"evs":[0.0,-0.55626,-0.63173]},"A9o":{"weight":0.0,"played":[0.1592,0.0474,0.7934],"evs":[0.0,0.01523,0.21798]},"T2s":{"weight":0.0,"played":[0.9924,5.0E-4,0.0071],"evs":[0.0,-1.3655,-1.60858]},"T3s":{"weight":0.0,"played":[0.9785,0.0117,0.0098],"evs":[0.0,-1.74027,-1.66849]},"T4s":{"weight":0.0,"played":[0.9919,0.0041,0.004],"evs":[0.0,-1.28084,-1.63268]},"T5s":{"weight":0.0,"played":[0.2716,0.2609,0.4675],"evs":[0.0,0.02987,-0.0529]},"T6s":{"weight":0.0,"played":[0.6732,0.0994,0.2274],"evs":[0.0,-0.34234,-0.02563]},"T7s":{"weight":0.0,"played":[0.0088,0.016,0.9752],"evs":[0.0,0.62024,0.72065]},"T8s":{"weight":0.4763,"played":[0.0675,0.3066,0.6259],"evs":[0.0,0.75395,0.73212]},"T9s":{"weight":0.6795,"played":[0.0115,0.4573,0.5312],"evs":[0.0,1.70802,1.68385]},"TT":{"weight":0.0,"played":[0.0,0.1729,0.8271],"evs":[0.0,5.5563,5.69653]},"JTo":{"weight":0.0,"played":[0.0399,0.1189,0.8411],"evs":[0.0,0.52493,0.58624]},"QTo":{"weight":0.0,"played":[0.0018,0.953,0.0453],"evs":[0.0,0.115,0.01338]},"KTo":{"weight":0.0,"played":[0.3436,0.0937,0.5627],"evs":[0.0,-0.13864,-0.06051]},"ATo":{"weight":0.8998,"played":[0.0,0.0,1.0],"evs":[0.0,1.79802,1.91824]},"J2s":{"weight":0.0,"played":[0.9636,0.0271,0.0094],"evs":[0.0,-0.59469,-0.74531]},"J3s":{"weight":0.0,"played":[0.8322,0.1123,0.0555],"evs":[0.0,-1.34302,-1.63105]},"J4s":{"weight":0.0,"played":[0.6269,0.2577,0.1155],"evs":[0.0,0.30894,0.0368]},"J5s":{"weight":0.0,"played":[0.7763,0.1885,0.0352],"evs":[0.0,0.47088,-0.04145]},"J6s":{"weight":0.0,"played":[0.9224,0.0489,0.0286],"evs":[0.0,-1.91173,-1.89794]},"J7s":{"weight":0.0,"played":[0.6379,0.1689,0.1932],"evs":[0.0,0.33708,0.35892]},"J8s":{"weight":1.0E-4,"played":[0.739,0.0481,0.2129],"evs":[0.0,-1.08292,-0.98863]},"J9s":{"weight":0.0119,"played":[0.0026,0.0014,0.9959],"evs":[0.0,-0.20917,0.13501]},"JTs":{"weight":0.8695,"played":[6.0E-4,0.4836,0.5158],"evs":[0.0,1.27373,1.42619]},"JJ":{"weight":2.0E-4,"played":[4.0E-4,0.0158,0.9839],"evs":[0.0,8.86712,9.1186]},"QJo":{"weight":0.0,"played":[2.0E-4,0.0061,0.9937],"evs":[0.0,0.76416,0.90883]},"KJo":{"weight":0.0044,"played":[0.0127,0.16,0.8273],"evs":[0.0,0.16415,0.20704]},"AJo":{"weight":0.8224,"played":[1.0E-4,1.0E-4,0.9998],"evs":[0.0,2.28414,2.48142]},"Q2s":{"weight":0.0,"played":[0.312,0.2307,0.4573],"evs":[0.0,0.13159,0.43366]},"Q3s":{"weight":0.0,"played":[0.8639,0.1202,0.0159],"evs":[0.0,-1.07892,-1.28077]},"Q4s":{"weight":0.0,"played":[0.8132,0.1526,0.0342],"evs":[0.0,0.14359,0.16509]},"Q5s":{"weight":0.0,"played":[0.1733,0.4518,0.3749],"evs":[0.0,0.90578,0.77175]},"Q6s":{"weight":0.0,"played":[0.5993,0.2592,0.1415],"evs":[0.0,-0.52702,-0.6937]},"Q7s":{"weight":0.0,"played":[0.5128,0.3223,0.165],"evs":[0.0,0.0894,-0.07033]},"Q8s":{"weight":0.0,"played":[0.0399,0.0916,0.8686],"evs":[0.0,0.55817,0.92881]},"Q9s":{"weight":0.008,"played":[0.1103,0.1713,0.7184],"evs":[0.0,0.82132,0.87181]},"QTs":{"weight":0.6536,"played":[0.0087,0.0308,0.9605],"evs":[0.0,1.78316,1.99324]},"QJs":{"weight":0.956,"played":[0.0611,0.1183,0.8206],"evs":[0.0,1.28336,1.33533]},"QQ":{"weight":0.037,"played":[0.0,1.0E-4,0.9999],"evs":[0.0,8.85654,9.15411]},"KQo":{"weight":1.0,"played":[0.0,0.0,1.0],"evs":[0.0,1.44438,1.59501]},"AQo":{"weight":0.0024,"played":[0.0,0.0437,0.9562],"evs":[0.0,3.52885,3.63584]},"K2s":{"weight":0.0,"played":[0.4317,0.3284,0.2399],"evs":[0.0,0.07607,0.07128]},"K3s":{"weight":2.0E-4,"played":[0.5288,0.1795,0.2917],"evs":[0.0,-0.48731,-0.46302]},"K4s":{"weight":0.0,"played":[0.6573,0.0313,0.3115],"evs":[0.0,-0.54712,-0.63423]},"K5s":{"weight":0.0,"played":[0.2375,0.2893,0.4733],"evs":[0.0,0.87333,0.96099]},"K6s":{"weight":0.0,"played":[0.6597,0.1064,0.2339],"evs":[0.0,-0.90715,-0.75608]},"K7s":{"weight":0.0,"played":[0.1318,0.2426,0.6257],"evs":[0.0,0.95136,1.08573]},"K8s":{"weight":2.0E-4,"played":[0.198,0.254,0.548],"evs":[0.0,-0.24322,-0.09118]},"K9s":{"weight":0.2899,"played":[0.0012,0.0296,0.9692],"evs":[0.0,0.43133,0.64763]},"KTs":{"weight":0.0427,"played":[4.0E-4,0.2483,0.7512],"evs":[0.0,0.70489,0.92788]},"KJs":{"weight":0.4972,"played":[0.0049,0.0027,0.9923],"evs":[0.0,1.71867,1.78066]},"KQs":{"weight":0.9862,"played":[2.0E-4,0.05,0.9498],"evs":[0.0,3.42389,3.56473]},"KK":{"weight":0.0368,"played":[0.0,0.0,1.0],"evs":[0.0,13.48111,13.92699]},"AKo":{"weight":2.0E-4,"played":[2.0E-4,1.0E-4,0.9997],"evs":[0.0,5.16793,5.36662]},"A2s":{"weight":0.6819,"played":[0.2275,0.1219,0.6506],"evs":[0.0,-0.27882,-0.21742]},"A3s":{"weight":0.0467,"played":[0.456,0.1903,0.3536],"evs":[0.0,0.24063,0.36013]},"A4s":{"weight":0.0119,"played":[0.1671,0.331,0.502],"evs":[0.0,0.22884,0.36914]},"A5s":{"weight":0.0089,"played":[0.3164,0.3976,0.286],"evs":[0.0,0.90853,0.7082]},"A6s":{"weight":0.3177,"played":[0.0888,0.2626,0.6486],"evs":[0.0,1.77936,1.76941]},"A7s":{"weight":7.0E-4,"played":[8.0E-4,0.0267,0.9725],"evs":[0.0,0.50859,0.7457]},"A8s":{"weight":0.1807,"played":[0.0133,0.0,0.9867],"evs":[0.0,0.78942,1.03217]},"A9s":{"weight":0.2691,"played":[0.0138,0.028,0.9583],"evs":[0.0,1.95017,2.08862]},"ATs":{"weight":0.28,"played":[0.0209,0.0,0.9791],"evs":[0.0,1.45339,1.76138]},"AJs":{"weight":0.9379,"played":[0.001,0.0141,0.9849],"evs":[0.0,4.05819,4.39582]},"AQs":{"weight":0.2098,"played":[6.0E-4,0.0287,0.9707],"evs":[0.0,3.44926,3.48227]},"AKs":{"weight":0.0,"played":[6.0E-4,8.0E-4,0.9986],"evs":[0.0,5.39289,5.64725]},"AA":{"weight":1.0,"played":[0.0,0.0,1.0],"evs":[0.0,16.74105,16.90767]}}}