{"player":1,"street":0,"children":2,"sequence":[{"player":0,"type":"F","amount":0,"street":0},{"player":1,"type":"R","amount":200000,"street":0},{"player":2,"type":"C","amount":200000,"street":0},{"player":3,"type":"C","amount":200000,"street":0},{"player":4,"type":"R","amount":1085000,"street":0},{"player":5,"type":"F","amount":0,"street":0},{"player":1,"type":"C","amount":885000,"street":0},{"player":2,"type":"F","amount":0,"street":0},{"player":3,"type":"R","amount":1585000,"street":0}],"actions":[{"type":"F","amount":0},{"type":"C","amount":500000}],"hands":{"22":{"weight":0.0,"played":[0.0,1.0],"evs":[0.0,5.99683]},"32o":{"weight":0.0,"played":[1.0E-4,0.9999],"evs":[0.0,3.43809]},"42o":{"weight":0.0,"played":[0.0,1.0],"evs":[0.0,2.94624]},"52o":{"weight":0.0,"played":[0.0,1.0],"evs":[0.0,3.5245]},"62o":{"weight":0.0,"played":[1.0E-4,0.9999],"evs":[0.0,3.54524]},"72o":{"weight":0.0,"played":[1.0E-4,0.9999],"evs":[0.0,3.17829]},"82o":{"weight":0.0,"played":[0.0,1.0],"evs":[0.0,3.51634]},"92o":{"weight":0.0,"played":[5.0E-4,0.9995],"evs":[0.0,3.26866]},"T2o":{"weight":0.0,"played":[0.0,1.0],"evs":[0.0,2.96711]},"J2o":{"weight":0.0,"played":[0.0,1.0],"evs":[0.0,3.31779]},"Q2o":{"weight":0.0,"played":[0.0,1.0],"evs":[0.0,3.4122]},"K2o":{"weight":0.0,"played":[0.0,1.0],"evs":[0.0,4.28123]},"A2o":{"weight":0.0,"played":[0.0,1.0],"evs":[0.0,4.23384]},"32s":{"weight":0.0,"played":[2.0E-4,0.9998],"evs":[0.0,4.67535]},"33":{"weight":0.0015,"played":[0.0,1.0],"evs":[0.0,6.45874]},"43o":{"weight":0.0,"played":[2.0E-4,0.9998],"evs":[0.0,4.34845]},"53o":{"weight":0.0,"played":[0.0,1.0],"evs":[0.0,4.57834]},"63o":{"weight":0.0,"played":[0.0,1.0],"evs":[0.0,4.02812]},"73o":{"weight":0.0,"played":[2.0E-4,0.9998],"evs":[0.0,3.75168]},"83o":{"weight":0.0,"played":[0.0,1.0],"evs":[0.0,4.33903]},"93o":{"weight":0.0,"played":[0.0,1.0],"evs":[0.0,4.25653]},"T3o":{"weight":0.0,"played":[0.0,1.0],"evs":[0.0,3.24199]},"J3o":{"weight":0.0,"played":[1.0E-4,0.9999],"evs":[0.0,3.9884]},"Q3o":{"weight":0.0,"played":[3.0E-4,0.9997],"evs":[0.0,4.27345]},"K3o":{"weight":0.0,"played":[1.0E-4,0.9999],"evs":[0.0,4.48831]},"A3o":{"weight":0.0,"played":[0.0,1.0],"evs":[0.0,4.83189]},"42s":{"weight":0.0,"played":[0.0,1.0],"evs":[0.0,6.02842]},"43s":{"weight":0.0,"played":[0.0,1.0],"evs":[0.0,5.41586]},"44":{"weight":0.0652,"played":[0.0,1.0],"evs":[0.0,6.92421]},"54o":{"weight":0.0,"played":[0.0,1.0],"evs":[0.0,5.49735]},"64o":{"weight":0.0,"played":[0.0,1.0],"evs":[0.0,5.15889]},"74o":{"weight":0.0,"played":[0.0,1.0],"evs":[0.0,4.60932]},"84o":{"weight":0.0,"played":[0.0,1.0],"evs":[0.0,4.22644]},"94o":{"weight":0.0,"played":[1.0E-4,0.9999],"evs":[0.0,3.41149]},"T4o":{"weight":0.0,"played":[0.0014,0.9986],"evs":[0.0,3.93726]},"J4o":{"weight":0.0,"played":[0.0,1.0],"evs":[0.0,3.78786]},"Q4o":{"weight":0.0,"played":[0.0,1.0],"evs":[0.0,4.50801]},"K4o":{"weight":0.0,"played":[1.0E-4,0.9999],"evs":[0.0,4.59093]},"A4o":{"weight":0.0,"played":[0.0,1.0],"evs":[0.0,5.81791]},"52s":{"weight":0.0,"played":[2.0E-4,0.9998],"evs":[0.0,3.94822]},"53s":{"weight":0.0,"played":[4.0E-4,0.9996],"evs":[0.0,5.89792]},"54s":{"weight":0.0,"played":[0.0,1.0],"evs":[0.0,6.79235]},"55":{"weight":0.4427,"played":[0.0,1.0],"evs":[0.0,8.27115]},"65o":{"weight":0.0,"played":[0.0,1.0],"evs":[0.0,6.00989]},"75o":{"weight":0.0,"played":[0.0,1.0],"evs":[0.0,5.03299]},"85o":{"weight":0.0,"played":[0.0,1.0],"evs":[0.0,5.19501]},"95o":{"weight":0.0,"played":[1.0E-4,0.9999],"evs":[0.0,5.07456]},"T5o":{"weight":0.0,"played":[2.0E-4,0.9998],"evs":[0.0,4.40736]},"J5o":{"weight":0.0,"played":[0.0,1.0],"evs":[0.0,3.54354]},"Q5o":{"weight":0.0,"played":[1.0E-4,0.9999],"evs":[0.0,4.49999]},"K5o":{"weight":0.0,"played":[4.0E-4,0.9996],"evs":[0.0,5.8532]},"A5o":{"weight":0.0,"played":[0.0,1.0],"evs":[0.0,5.98626]},"62s":{"weight":0.0,"played":[4.0E-4,0.9996],"evs":[0.0,4.17109]},"63s":{"weight":0.0,"played":[2.0E-4,0.9998],"evs":[0.0,5.09891]},"64s":{"weight":0.0,"played":[0.0,1.0],"evs":[0.0,5.59584]},"65s":{"weight":0.0,"played":[1.0E-4,0.9999],"evs":[0.0,5.74256]},"66":{"weight":0.0255,"played":[0.0,1.0],"evs":[0.0,8.98291]},"76o":{"weight":0.0,"played":[2.0E-4,0.9998],"evs":[0.0,6.00116]},"86o":{"weight":0.0,"played":[1.0E-4,0.9999],"evs":[0.0,5.7044]},"96o":{"weight":0.0,"played":[1.0E-4,0.9999],"evs":[0.0,5.47154]},"T6o":{"weight":0.0,"played":[0.0,1.0],"evs":[0.0,4.6171]},"J6o":{"weight":0.0,"played":[5.0E-4,0.9995],"evs":[0.0,4.01017]},"Q6o":{"weight":0.0,"played":[1.0E-4,0.9999],"evs":[0.0,4.42697]},"K6o":{"weight":0.0,"played":[0.0,1.0],"evs":[0.0,4.75514]},"A6o":{"weight":0.0,"played":[1.0E-4,0.9999],"evs":[0.0,5.02459]},"72s":{"weight":0.0,"played":[0.0012,0.9988],"evs":[0.0,4.83839]},"73s":{"weight":0.0,"played":[3.0E-4,0.9997],"evs":[0.0,5.18144]},"74s":{"weight":0.0,"played":[1.0E-4,0.9999],"evs":[0.0,6.0452]},"75s":{"weight":0.0,"played":[2.0E-4,0.9998],"evs":[0.0,7.57927]},"76s":{"weight":0.0,"played":[1.0E-4,0.9999],"evs":[0.0,6.17405]},"77":{"weight":7.0E-4,"played":[0.0,1.0],"evs":[0.0,9.74388]},"87o":{"weight":0.0,"played":[0.0,1.0],"evs":[0.0,6.55312]},"97o":{"weight":0.0,"played":[0.0,1.0],"evs":[0.0,5.88064]},"T7o":{"weight":0.0,"played":[0.0,1.0],"evs":[0.0,5.43426]},"J7o":{"weight":0.0,"played":[7.0E-4,0.9993],"evs":[0.0,4.81319]},"Q7o":{"weight":0.0,"played":[4.0E-4,0.9996],"evs":[0.0,4.69146]},"K7o":{"weight":0.0,"played":[0.0,1.0],"evs":[0.0,5.62719]},"A7o":{"weight":0.0,"played":[0.0,1.0],"evs":[0.0,6.54273]},"82s":{"weight":0.0,"played":[3.0E-4,0.9997],"evs":[0.0,5.55808]},"83s":{"weight":0.0,"played":[4.0E-4,0.9996],"evs":[0.0,6.41047]},"84s":{"weight":0.0,"played":[7.0E-4,0.9993],"evs":[0.0,5.96078]},"85s":{"weight":0.0,"played":[3.0E-4,0.9997],"evs":[0.0,6.06731]},"86s":{"weight":0.0,"played":[0.0,1.0],"evs":[0.0,7.46362]},"87s":{"weight":0.001,"played":[0.0,1.0],"evs":[0.0,7.20046]},"88":{"weight":0.5662,"played":[0.0,1.0],"evs":[0.0,10.45448]},"98o":{"weight":0.0,"played":[0.0,1.0],"evs":[0.0,7.05095]},"T8o":{"weight":0.0,"played":[1.0E-4,0.9999],"evs":[0.0,6.01143]},"J8o":{"weight":0.0,"played":[0.0,1.0],"evs":[0.0,6.06872]},"Q8o":{"weight":0.0,"played":[2.0E-4,0.9998],"evs":[0.0,5.59202]},"K8o":{"weight":0.0,"played":[0.0,1.0],"evs":[0.0,4.88712]},"A8o":{"weight":3.0E-4,"played":[0.0,1.0],"evs":[0.0,6.23656]},"92s":{"weight":0.0,"played":[0.0,1.0],"evs":[0.0,4.65717]},"93s":{"weight":0.0,"played":[4.0E-4,0.9996],"evs":[0.0,4.77594]},"94s":{"weight":0.0,"played":[0.0,1.0],"evs":[0.0,6.69828]},"95s":{"weight":0.0,"played":[0.0,1.0],"evs":[0.0,5.84526]},"96s":{"weight":0.0,"played":[0.0,1.0],"evs":[0.0,6.31961]},"97s":{"weight":0.0,"played":[0.0,1.0],"evs":[0.0,8.01824]},"98s":{"weight":0.3771,"played":[0.0,1.0],"evs":[0.0,7.7082]},"99":{"weight":0.4315,"played":[0.0,1.0],"evs":[0.0,11.61026]},"T9o":{"weight":0.0,"played":[0.0,1.0],"evs":[0.0,5.62933]},"J9o":{"weight":0.0,"played":[0.0,1.0],"evs":[0.0,6.21429]},"Q9o":{"weight":0.0,"played":[0.0,1.0],"evs":[0.0,5.9479]},"K9o":{"weight":0.0,"played":[0.0,1.0],"evs":[0.0,5.71228]},"A9o":{"weight":0.0,"played":[0.0,1.0],"evs":[0.0,6.00315]},"T2s":{"weight":0.0,"played":[0.0,1.0],"evs":[0.0,4.68729]},"T3s":{"weight":0.0,"played":[2.0E-4,0.9998],"evs":[0.0,4.79522]},"T4s":{"weight":0.0,"played":[0.0,1.0],"evs":[0.0,4.10948]},"T5s":{"weight":0.0,"played":[0.0,1.0],"evs":[0.0,5.63217]},"T6s":{"weight":0.0,"played":[8.0E-4,0.9992],"evs":[0.0,5.92917]},"T7s":{"weight":0.0,"played":[0.0,1.0],"evs":[0.0,7.0493]},"T8s":{"weight":0.3244,"played":[0.0,1.0],"evs":[0.0,7.13445]},"T9s":{"weight":0.1628,"played":[0.0,1.0],"evs":[0.0,7.28784]},"TT":{"weight":0.0646,"played":[0.0,1.0],"evs":[0.0,12.80682]},"JTo":{"weight":6.0E-4,"played":[0.0,1.0],"evs":[0.0,6.12292]},"QTo":{"weight":0.0,"played":[1.0E-4,0.9999],"evs":[0.0,5.80306]},"KTo":{"weight":2.0E-4,"played":[0.0,1.0],"evs":[0.0,6.33856]},"ATo":{"weight":0.0653,"played":[0.0,1.0],"evs":[0.0,7.26022]},"J2s":{"weight":0.0,"played":[1.0E-4,0.9999],"evs":[0.0,3.71531]},"J3s":{"weight":0.0,"played":[5.0E-4,0.9995],"evs":[0.0,4.85138]},"J4s":{"weight":0.0,"played":[0.0011,0.9989],"evs":[0.0,4.01496]},"J5s":{"weight":0.0,"played":[6.0E-4,0.9994],"evs":[0.0,4.8383]},"J6s":{"weight":0.0,"played":[8.0E-4,0.9992],"evs":[0.0,5.48427]},"J7s":{"weight":0.0,"played":[1.0E-4,0.9999],"evs":[0.0,6.65437]},"J8s":{"weight":0.0,"played":[1.0E-4,0.9999],"evs":[0.0,6.67522]},"J9s":{"weight":0.2242,"played":[0.0,1.0],"evs":[0.0,6.90221]},"JTs":{"weight":0.0,"played":[0.0,1.0],"evs":[0.0,6.91471]},"JJ":{"weight":0.6722,"played":[0.0,1.0],"evs":[0.0,13.56131]},"QJo":{"weight":0.0,"played":[0.0,1.0],"evs":[0.0,5.86636]},"KJo":{"weight":0.027,"played":[0.0,1.0],"evs":[0.0,6.03786]},"AJo":{"weight":0.0238,"played":[0.0,1.0],"evs":[0.0,7.82803]},"Q2s":{"weight":0.0,"played":[5.0E-4,0.9995],"evs":[0.0,5.04148]},"Q3s":{"weight":0.0,"played":[0.0,1.0],"evs":[0.0,4.40369]},"Q4s":{"weight":0.0,"played":[1.0E-4,0.9999],"evs":[0.0,4.17571]},"Q5s":{"weight":0.0,"played":[0.0,1.0],"evs":[0.0,5.66043]},"Q6s":{"weight":0.0,"played":[4.0E-4,0.9996],"evs":[0.0,5.89934]},"Q7s":{"weight":0.0,"played":[7.0E-4,0.9993],"evs":[0.0,6.92086]},"Q8s":{"weight":2.0E-4,"played":[3.0E-4,0.9997],"evs":[0.0,7.16147]},"Q9s":{"weight":0.2413,"played":[0.0,1.0],"evs":[0.0,6.86529]},"QTs":{"weight":0.009,"played":[1.0E-4,0.9999],"evs":[0.0,6.96302]},"QJs":{"weight":0.7125,"played":[0.0,1.0],"evs":[0.0,7.75785]},"QQ":{"weight":0.006,"played":[0.0,1.0],"evs":[0.0,15.7795]},"KQo":{"weight":0.0,"played":[0.0,1.0],"evs":[0.0,7.53844]},"AQo":{"weight":0.0,"played":[0.0,1.0],"evs":[0.0,9.6358]},"K2s":{"weight":0.0,"played":[0.0,1.0],"evs":[0.0,6.14651]},"K3s":{"weight":0.0,"played":[3.0E-4,0.9997],"evs":[0.0,6.5602]},"K4s":{"weight":0.0,"played":[2.0E-4,0.9998],"evs":[0.0,5.0509]},"K5s":{"weight":0.0,"played":[0.0012,0.9988],"evs":[0.0,6.81264]},"K6s":{"weight":0.0,"played":[1.0E-4,0.9999],"evs":[0.0,4.5172]},"K7s":{"weight":0.1361,"played":[1.0E-4,0.9999],"evs":[0.0,6.80913]},"K8s":{"weight":0.129,"played":[0.0,1.0],"evs":[0.0,6.26712]},"K9s":{"weight":0.3077,"played":[0.0,1.0],"evs":[0.0,7.04659]},"KTs":{"weight":0.011,"played":[1.0E-4,0.9999],"evs":[0.0,7.66286]},"KJs":{"weight":0.8913,"played":[0.0,1.0],"evs":[0.0,7.80483]},"KQs":{"weight":0.1684,"played":[0.0,1.0],"evs":[0.0,7.70479]},"KK":{"weight":0.418,"played":[0.0,1.0],"evs":[0.0,17.95459]},"AKo":{"weight":0.3929,"played":[0.0,1.0],"evs":[0.0,10.22915]},"A2s":{"weight":0.0981,"played":[0.0,1.0],"evs":[0.0,5.33259]},"A3s":{"weight":0.2406,"played":[0.0,1.0],"evs":[0.0,6.86168]},"A4s":{"weight":0.2556,"played":[0.0,1.0],"evs":[0.0,6.72688]},"A5s":{"weight":0.2417,"played":[0.0,1.0],"evs":[0.0,6.57321]},"A6s":{"weight":0.4343,"played":[0.0,1.0],"evs":[0.0,6.56987]},"A7s":{"weight":0.116,"played":[0.0,1.0],"evs":[0.0,6.75422]},"A8s":{"weight":0.3209,"played":[0.0,1.0],"evs":[0.0,6.86]},"A9s":{"weight":0.7255,"played":[0.0,1.0],"evs":[0.0,7.40964]},"ATs":{"weight":0.6534,"played":[0.0,1.0],"evs":[0.0,8.46325]},"AJs":{"weight":0.3886,"played":[1.0E-4,0.9999],"evs":[0.0,9.01685]},"AQs":{"weight":0.5598,"played":[0.0,1.0],"evs":[0.0,11.56275]},"AKs":{"weight":0.0411,"played":[0.0,1.0],"evs":[0.0,11.43833]},"AA":{"weight":0.3703,"played":[0.0,1.0],"evs":[0.0,21.95473]}}}