{"player":1,"street":0,"children":2,"sequence":[{"player":0,"type":"F","amount":0,"street":0},{"player":1,"type":"R","amount":200000,"street":0},{"player":2,"type":"C","amount":200000,"street":0},{"player":3,"type":"C","amount":200000,"street":0},{"player":4,"type":"R","amount":1085000,"street":0},{"player":5,"type":"F","amount":0,"street":0},{"player":1,"type":"C","amount":885000,"street":0},{"player":2,"type":"R","amount":2985000,"street":0},{"player":3,"type":"C","amount":2785000,"street":0}],"actions":[{"type":"F","amount":0},{"type":"C","amount":500000}],"hands":{"22":{"weight":0.0,"played":[0.0018,0.9982],"evs":[0.0,5.31099]},"32o":{"weight":0.0,"played":[1.0E-4,0.9999],"evs":[0.0,3.01135]},"42o":{"weight":0.0,"played":[0.0073,0.9927],"evs":[0.0,1.69351]},"52o":{"weight":0.0,"played":[5.0E-4,0.9995],"evs":[0.0,3.70506]},"62o":{"weight":0.0,"played":[9.0E-4,0.9991],"evs":[0.0,2.82271]},"72o":{"weight":0.0,"played":[4.0E-4,0.9996],"evs":[0.0,1.38852]},"82o":{"weight":0.0,"played":[0.0049,0.9951],"evs":[0.0,2.7935]},"92o":{"weight":0.0,"played":[4.0E-4,0.9996],"evs":[0.0,2.19064]},"T2o":{"weight":0.0,"played":[0.0316,0.9684],"evs":[0.0,1.72865]},"J2o":{"weight":0.0,"played":[0.0,1.0],"evs":[0.0,1.71755]},"Q2o":{"weight":0.0,"played":[3.0E-4,0.9997],"evs":[0.0,2.59092]},"K2o":{"weight":0.0,"played":[1.0E-4,0.9999],"evs":[0.0,3.84336]},"A2o":{"weight":0.0,"played":[1.0E-4,0.9999],"evs":[0.0,2.33326]},"32s":{"weight":0.0,"played":[0.0113,0.9887],"evs":[0.0,4.78522]},"33":{"weight":0.0015,"played":[0.0,1.0],"evs":[0.0,3.88006]},"43o":{"weight":0.0,"played":[0.0015,0.9985],"evs":[0.0,2.08093]},"53o":{"weight":0.0,"played":[0.0,1.0],"evs":[0.0,3.09936]},"63o":{"weight":0.0,"played":[1.0E-4,0.9999],"evs":[0.0,2.58446]},"73o":{"weight":0.0,"played":[4.0E-4,0.9996],"evs":[0.0,2.32008]},"83o":{"weight":0.0,"played":[3.0E-4,0.9997],"evs":[0.0,1.82524]},"93o":{"weight":0.0,"played":[0.0,1.0],"evs":[0.0,3.06494]},"T3o":{"weight":0.0,"played":[0.0,1.0],"evs":[0.0,2.24696]},"J3o":{"weight":0.0,"played":[0.0,1.0],"evs":[0.0,1.77772]},"Q3o":{"weight":0.0,"played":[9.0E-4,0.9991],"evs":[0.0,2.16274]},"K3o":{"weight":0.0,"played":[0.0012,0.9988],"evs":[0.0,2.89076]},"A3o":{"weight":0.0,"played":[1.0E-4,0.9999],"evs":[0.0,3.04514]},"42s":{"weight":0.0,"played":[0.007,0.993],"evs":[0.0,3.2352]},"43s":{"weight":0.0,"played":[2.0E-4,0.9998],"evs":[0.0,2.62244]},"44":{"weight":0.0652,"played":[2.0E-4,0.9998],"evs":[0.0,5.4358]},"54o":{"weight":0.0,"played":[1.0E-4,0.9999],"evs":[0.0,3.71151]},"64o":{"weight":0.0,"played":[2.0E-4,0.9998],"evs":[0.0,3.27735]},"74o":{"weight":0.0,"played":[0.0,1.0],"evs":[0.0,2.32638]},"84o":{"weight":0.0,"played":[0.0,1.0],"evs":[0.0,2.49573]},"94o":{"weight":0.0,"played":[1.0E-4,0.9999],"evs":[0.0,2.87594]},"T4o":{"weight":0.0,"played":[4.0E-4,0.9996],"evs":[0.0,2.63698]},"J4o":{"weight":0.0,"played":[0.0046,0.9954],"evs":[0.0,2.76288]},"Q4o":{"weight":0.0,"played":[3.0E-4,0.9997],"evs":[0.0,2.15695]},"K4o":{"weight":0.0,"played":[0.0,1.0],"evs":[0.0,2.69096]},"A4o":{"weight":0.0,"played":[0.0,1.0],"evs":[0.0,2.97888]},"52s":{"weight":0.0,"played":[0.0,1.0],"evs":[0.0,4.6278]},"53s":{"weight":0.0,"played":[0.0143,0.9857],"evs":[0.0,4.27151]},"54s":{"weight":0.0,"played":[0.0228,0.9772],"evs":[0.0,4.64323]},"55":{"weight":0.4427,"played":[0.0,1.0],"evs":[0.0,6.19151]},"65o":{"weight":0.0,"played":[1.0E-4,0.9999],"evs":[0.0,4.8964]},"75o":{"weight":0.0,"played":[0.0,1.0],"evs":[0.0,5.09607]},"85o":{"weight":0.0,"played":[1.0E-4,0.9999],"evs":[0.0,3.9268]},"95o":{"weight":0.0,"played":[4.0E-4,0.9996],"evs":[0.0,3.36265]},"T5o":{"weight":0.0,"played":[1.0E-4,0.9999],"evs":[0.0,1.81085]},"J5o":{"weight":0.0,"played":[2.0E-4,0.9998],"evs":[0.0,1.80372]},"Q5o":{"weight":0.0,"played":[0.0031,0.9969],"evs":[0.0,2.17869]},"K5o":{"weight":0.0,"played":[0.002,0.998],"evs":[0.0,2.1907]},"A5o":{"weight":0.0,"played":[1.0E-4,0.9999],"evs":[0.0,2.49465]},"62s":{"weight":0.0,"played":[0.0028,0.9972],"evs":[0.0,4.22835]},"63s":{"weight":0.0,"played":[3.0E-4,0.9997],"evs":[0.0,5.14332]},"64s":{"weight":0.0,"played":[0.001,0.999],"evs":[0.0,5.70778]},"65s":{"weight":0.0,"played":[0.0067,0.9933],"evs":[0.0,5.67497]},"66":{"weight":0.0255,"played":[0.0,1.0],"evs":[0.0,7.46038]},"76o":{"weight":0.0,"played":[0.0,1.0],"evs":[0.0,5.59766]},"86o":{"weight":0.0,"played":[1.0E-4,0.9999],"evs":[0.0,4.9035]},"96o":{"weight":0.0,"played":[8.0E-4,0.9992],"evs":[0.0,4.40922]},"T6o":{"weight":0.0,"played":[0.0053,0.9947],"evs":[0.0,3.1516]},"J6o":{"weight":0.0,"played":[4.0E-4,0.9996],"evs":[0.0,1.76344]},"Q6o":{"weight":0.0,"played":[2.0E-4,0.9998],"evs":[0.0,1.8228]},"K6o":{"weight":0.0,"played":[0.0,1.0],"evs":[0.0,3.5708]},"A6o":{"weight":0.0,"played":[0.0252,0.9748],"evs":[0.0,2.47177]},"72s":{"weight":0.0,"played":[0.0054,0.9946],"evs":[0.0,4.26695]},"73s":{"weight":0.0,"played":[1.0E-4,0.9999],"evs":[0.0,3.92524]},"74s":{"weight":0.0,"played":[0.0139,0.9861],"evs":[0.0,4.29504]},"75s":{"weight":0.0,"played":[0.0021,0.9979],"evs":[0.0,5.61606]},"76s":{"weight":0.0,"played":[8.0E-4,0.9992],"evs":[0.0,6.43985]},"77":{"weight":7.0E-4,"played":[7.0E-4,0.9993],"evs":[0.0,7.45002]},"87o":{"weight":0.0,"played":[1.0E-4,0.9999],"evs":[0.0,4.67986]},"97o":{"weight":0.0,"played":[1.0E-4,0.9999],"evs":[0.0,4.81181]},"T7o":{"weight":0.0,"played":[5.0E-4,0.9995],"evs":[0.0,3.49729]},"J7o":{"weight":0.0,"played":[9.0E-4,0.9991],"evs":[0.0,2.61201]},"Q7o":{"weight":0.0,"played":[0.0029,0.9971],"evs":[0.0,2.6498]},"K7o":{"weight":0.0,"played":[0.0,1.0],"evs":[0.0,3.59603]},"A7o":{"weight":0.0,"played":[0.0,1.0],"evs":[0.0,2.13245]},"82s":{"weight":0.0,"played":[0.003,0.997],"evs":[0.0,4.38981]},"83s":{"weight":0.0,"played":[0.0017,0.9983],"evs":[0.0,4.39829]},"84s":{"weight":0.0,"played":[1.0E-4,0.9999],"evs":[0.0,5.79072]},"85s":{"weight":0.0,"played":[2.0E-4,0.9998],"evs":[0.0,6.52602]},"86s":{"weight":0.0,"played":[0.0032,0.9968],"evs":[0.0,5.99056]},"87s":{"weight":0.001,"played":[6.0E-4,0.9994],"evs":[0.0,6.09052]},"88":{"weight":0.5662,"played":[0.0,1.0],"evs":[0.0,8.88182]},"98o":{"weight":0.0,"played":[2.0E-4,0.9998],"evs":[0.0,4.42984]},"T8o":{"weight":0.0,"played":[0.0,1.0],"evs":[0.0,4.42665]},"J8o":{"weight":0.0,"played":[4.0E-4,0.9996],"evs":[0.0,3.72975]},"Q8o":{"weight":0.0,"played":[1.0E-4,0.9999],"evs":[0.0,4.30083]},"K8o":{"weight":0.0,"played":[1.0E-4,0.9999],"evs":[0.0,4.96743]},"A8o":{"weight":3.0E-4,"played":[0.0,1.0],"evs":[0.0,3.18346]},"92s":{"weight":0.0,"played":[5.0E-4,0.9995],"evs":[0.0,4.27506]},"93s":{"weight":0.0,"played":[0.0046,0.9954],"evs":[0.0,3.48044]},"94s":{"weight":0.0,"played":[3.0E-4,0.9997],"evs":[0.0,5.56233]},"95s":{"weight":0.0,"played":[0.001,0.999],"evs":[0.0,4.68518]},"96s":{"weight":0.0,"played":[8.0E-4,0.9992],"evs":[0.0,4.40957]},"97s":{"weight":0.0,"played":[6.0E-4,0.9994],"evs":[0.0,6.39963]},"98s":{"weight":0.3771,"played":[0.0,1.0],"evs":[0.0,6.19335]},"99":{"weight":0.4315,"played":[0.0,1.0],"evs":[0.0,9.38281]},"T9o":{"weight":0.0,"played":[2.0E-4,0.9998],"evs":[0.0,5.42385]},"J9o":{"weight":0.0,"played":[0.0,1.0],"evs":[0.0,3.58478]},"Q9o":{"weight":0.0,"played":[0.0,1.0],"evs":[0.0,4.8606]},"K9o":{"weight":0.0,"played":[8.0E-4,0.9992],"evs":[0.0,4.05985]},"A9o":{"weight":0.0,"played":[0.0,1.0],"evs":[0.0,4.28227]},"T2s":{"weight":0.0,"played":[0.0088,0.9912],"evs":[0.0,3.23513]},"T3s":{"weight":0.0,"played":[2.0E-4,0.9998],"evs":[0.0,1.90419]},"T4s":{"weight":0.0,"played":[1.0E-4,0.9999],"evs":[0.0,3.88963]},"T5s":{"weight":0.0,"played":[0.001,0.999],"evs":[0.0,3.39514]},"T6s":{"weight":0.0,"played":[1.0E-4,0.9999],"evs":[0.0,5.75943]},"T7s":{"weight":0.0,"played":[0.0013,0.9987],"evs":[0.0,4.90093]},"T8s":{"weight":0.3244,"played":[2.0E-4,0.9998],"evs":[0.0,7.70936]},"T9s":{"weight":0.1628,"played":[1.0E-4,0.9999],"evs":[0.0,6.84028]},"TT":{"weight":0.0646,"played":[0.0,1.0],"evs":[0.0,10.04561]},"JTo":{"weight":6.0E-4,"played":[3.0E-4,0.9997],"evs":[0.0,6.68789]},"QTo":{"weight":0.0,"played":[1.0E-4,0.9999],"evs":[0.0,5.25731]},"KTo":{"weight":2.0E-4,"played":[0.0,1.0],"evs":[0.0,5.21028]},"ATo":{"weight":0.0653,"played":[0.0,1.0],"evs":[0.0,4.40316]},"J2s":{"weight":0.0,"played":[0.0064,0.9936],"evs":[0.0,3.3699]},"J3s":{"weight":0.0,"played":[0.0,1.0],"evs":[0.0,4.1041]},"J4s":{"weight":0.0,"played":[0.0086,0.9914],"evs":[0.0,3.64852]},"J5s":{"weight":0.0,"played":[2.0E-4,0.9998],"evs":[0.0,2.70654]},"J6s":{"weight":0.0,"played":[0.0145,0.9855],"evs":[0.0,2.56879]},"J7s":{"weight":0.0,"played":[0.0011,0.9989],"evs":[0.0,4.96164]},"J8s":{"weight":0.0,"played":[3.0E-4,0.9997],"evs":[0.0,4.92047]},"J9s":{"weight":0.2242,"played":[0.0,1.0],"evs":[0.0,6.7554]},"JTs":{"weight":0.0,"played":[0.0034,0.9966],"evs":[0.0,5.99682]},"JJ":{"weight":0.6722,"played":[0.0,1.0],"evs":[0.0,11.49615]},"QJo":{"weight":0.0,"played":[3.0E-4,0.9997],"evs":[0.0,3.92573]},"KJo":{"weight":0.027,"played":[0.0,1.0],"evs":[0.0,4.96899]},"AJo":{"weight":0.0238,"played":[0.0,1.0],"evs":[0.0,5.69141]},"Q2s":{"weight":0.0,"played":[0.0036,0.9964],"evs":[0.0,3.43961]},"Q3s":{"weight":0.0,"played":[9.0E-4,0.9991],"evs":[0.0,3.59867]},"Q4s":{"weight":0.0,"played":[5.0E-4,0.9995],"evs":[0.0,4.1549]},"Q5s":{"weight":0.0,"played":[0.0,1.0],"evs":[0.0,4.94827]},"Q6s":{"weight":0.0,"played":[0.0024,0.9976],"evs":[0.0,4.88952]},"Q7s":{"weight":0.0,"played":[0.0036,0.9964],"evs":[0.0,4.35785]},"Q8s":{"weight":2.0E-4,"played":[3.0E-4,0.9997],"evs":[0.0,4.98217]},"Q9s":{"weight":0.2413,"played":[6.0E-4,0.9994],"evs":[0.0,5.82821]},"QTs":{"weight":0.009,"played":[3.0E-4,0.9997],"evs":[0.0,6.55398]},"QJs":{"weight":0.7125,"played":[0.0,1.0],"evs":[0.0,5.68536]},"QQ":{"weight":0.006,"played":[0.0,1.0],"evs":[0.0,14.14293]},"KQo":{"weight":0.0,"played":[4.0E-4,0.9996],"evs":[0.0,6.33093]},"AQo":{"weight":0.0,"played":[0.0,1.0],"evs":[0.0,6.74535]},"K2s":{"weight":0.0,"played":[3.0E-4,0.9997],"evs":[0.0,3.89968]},"K3s":{"weight":0.0,"played":[2.0E-4,0.9998],"evs":[0.0,4.90067]},"K4s":{"weight":0.0,"played":[0.0018,0.9982],"evs":[0.0,5.51402]},"K5s":{"weight":0.0,"played":[1.0E-4,0.9999],"evs":[0.0,5.51846]},"K6s":{"weight":0.0,"played":[0.0121,0.9879],"evs":[0.0,2.98759]},"K7s":{"weight":0.1361,"played":[0.0,1.0],"evs":[0.0,5.06778]},"K8s":{"weight":0.129,"played":[0.0,1.0],"evs":[0.0,5.60258]},"K9s":{"weight":0.3077,"played":[1.0E-4,0.9999],"evs":[0.0,5.96753]},"KTs":{"weight":0.011,"played":[0.0014,0.9986],"evs":[0.0,8.00813]},"KJs":{"weight":0.8913,"played":[2.0E-4,0.9998],"evs":[0.0,6.88642]},"KQs":{"weight":0.1684,"played":[2.0E-4,0.9998],"evs":[0.0,6.84787]},"KK":{"weight":0.418,"played":[0.0,1.0],"evs":[0.0,17.04882]},"AKo":{"weight":0.3929,"played":[0.0,1.0],"evs":[0.0,8.39891]},"A2s":{"weight":0.0981,"played":[8.0E-4,0.9992],"evs":[0.0,5.03807]},"A3s":{"weight":0.2406,"played":[0.0,1.0],"evs":[0.0,5.70155]},"A4s":{"weight":0.2556,"played":[1.0E-4,0.9999],"evs":[0.0,5.14331]},"A5s":{"weight":0.2417,"played":[0.0,1.0],"evs":[0.0,4.22932]},"A6s":{"weight":0.4343,"played":[5.0E-4,0.9995],"evs":[0.0,5.05199]},"A7s":{"weight":0.116,"played":[0.0,1.0],"evs":[0.0,4.58736]},"A8s":{"weight":0.3209,"played":[0.0016,0.9984],"evs":[0.0,4.85097]},"A9s":{"weight":0.7255,"played":[2.0E-4,0.9998],"evs":[0.0,5.50518]},"ATs":{"weight":0.6534,"played":[1.0E-4,0.9999],"evs":[0.0,6.70588]},"AJs":{"weight":0.3886,"played":[1.0E-4,0.9999],"evs":[0.0,7.70865]},"AQs":{"weight":0.5598,"played":[2.0E-4,0.9998],"evs":[0.0,9.45186]},"AKs":{"weight":0.0411,"played":[1.0E-4,0.9999],"evs":[0.0,9.54771]},"AA":{"weight":0.3703,"played":[0.0,1.0],"evs":[0.0,23.40322]}}}