{"player":3,"street":0,"children":3,"sequence":[{"player":0,"type":"F","amount":0,"street":0},{"player":1,"type":"R","amount":200000,"street":0},{"player":2,"type":"C","amount":200000,"street":0},{"player":3,"type":"C","amount":200000,"street":0},{"player":4,"type":"R","amount":1085000,"street":0},{"player":5,"type":"F","amount":0,"street":0},{"player":1,"type":"R","amount":1585000,"street":0},{"player":2,"type":"C","amount":1385000,"street":0}],"actions":[{"type":"F","amount":0},{"type":"C","amount":1385000},{"type":"R","amount":2985000,"node":179}],"hands":{"22":{"weight":0.9975,"played":[0.9895,0.0055,0.005],"evs":[0.0,-2.59888,-1.81232]},"32o":{"weight":0.0,"played":[0.9999,1.0E-4,0.0],"evs":[0.0,-4.43329,-7.07025]},"42o":{"weight":0.0,"played":[0.9989,8.0E-4,3.0E-4],"evs":[0.0,-4.2776,-6.49585]},"52o":{"weight":0.0,"played":[0.9999,0.0,1.0E-4],"evs":[0.0,-3.92639,-6.16246]},"62o":{"weight":0.0,"played":[0.9999,0.0,1.0E-4],"evs":[0.0,-4.29498,-6.59346]},"72o":{"weight":0.0,"played":[0.9999,0.0,1.0E-4],"evs":[0.0,-4.20601,-7.31983]},"82o":{"weight":0.0,"played":[1.0,0.0,0.0],"evs":[0.0,-5.0833,-7.8994]},"92o":{"weight":0.0,"played":[1.0,0.0,0.0],"evs":[0.0,-5.21232,-8.08811]},"T2o":{"weight":0.0,"played":[0.9998,1.0E-4,2.0E-4],"evs":[0.0,-5.38928,-8.04284]},"J2o":{"weight":0.0,"played":[0.9998,0.0,2.0E-4],"evs":[0.0,-3.67463,-6.78608]},"Q2o":{"weight":0.0,"played":[0.9999,1.0E-4,0.0],"evs":[0.0,-5.00965,-7.23733]},"K2o":{"weight":0.0,"played":[0.9963,0.002,0.0018],"evs":[0.0,-4.74549,-6.4108]},"A2o":{"weight":0.0,"played":[0.9961,0.0,0.0038],"evs":[0.0,-3.35716,-4.03077]},"32s":{"weight":0.0,"played":[0.9999,0.0,1.0E-4],"evs":[0.0,-3.80546,-6.0084]},"33":{"weight":0.996,"played":[0.9359,0.011,0.0531],"evs":[0.0,-1.70991,-1.01742]},"43o":{"weight":0.0,"played":[0.999,9.0E-4,2.0E-4],"evs":[0.0,-3.70614,-5.81682]},"53o":{"weight":0.0,"played":[1.0,0.0,0.0],"evs":[0.0,-3.44262,-4.73495]},"63o":{"weight":0.0,"played":[1.0,0.0,0.0],"evs":[0.0,-3.94648,-6.8083]},"73o":{"weight":0.0,"played":[0.9972,0.0,0.0028],"evs":[0.0,-4.37603,-6.48601]},"83o":{"weight":0.0,"played":[0.9991,7.0E-4,2.0E-4],"evs":[0.0,-5.17008,-8.13962]},"93o":{"weight":0.0,"played":[0.9996,0.0,3.0E-4],"evs":[0.0,-5.17411,-7.79974]},"T3o":{"weight":0.0,"played":[0.9997,1.0E-4,2.0E-4],"evs":[0.0,-5.64935,-7.81082]},"J3o":{"weight":0.0,"played":[0.9999,0.0,1.0E-4],"evs":[0.0,-4.58845,-7.01342]},"Q3o":{"weight":0.0,"played":[0.9999,0.0,1.0E-4],"evs":[0.0,-4.01722,-6.06664]},"K3o":{"weight":0.0,"played":[0.9986,0.0011,3.0E-4],"evs":[0.0,-4.41357,-6.46019]},"A3o":{"weight":0.0,"played":[0.9994,0.0,6.0E-4],"evs":[0.0,-2.9966,-4.37326]},"42s":{"weight":0.0,"played":[0.9294,0.0666,0.004],"evs":[0.0,-1.36019,-3.23513]},"43s":{"weight":0.0,"played":[0.9959,8.0E-4,0.0033],"evs":[0.0,-3.98133,-5.5186]},"44":{"weight":0.9973,"played":[0.7571,0.0131,0.2298],"evs":[0.0,-1.03405,-0.42596]},"54o":{"weight":0.0,"played":[0.9993,0.0,7.0E-4],"evs":[0.0,-2.84164,-4.64772]},"64o":{"weight":0.0,"played":[0.9999,0.0,0.0],"evs":[0.0,-2.22567,-3.83331]},"74o":{"weight":0.0,"played":[0.9999,1.0E-4,1.0E-4],"evs":[0.0,-3.65225,-5.98546]},"84o":{"weight":0.0,"played":[0.9997,2.0E-4,1.0E-4],"evs":[0.0,-3.97126,-6.34348]},"94o":{"weight":0.0,"played":[0.9996,3.0E-4,0.0],"evs":[0.0,-5.19941,-7.41389]},"T4o":{"weight":0.0,"played":[1.0,0.0,0.0],"evs":[0.0,-4.94038,-7.82998]},"J4o":{"weight":0.0,"played":[0.9992,0.0,8.0E-4],"evs":[0.0,-4.58109,-7.33969]},"Q4o":{"weight":0.0,"played":[0.9999,0.0,0.0],"evs":[0.0,-4.12097,-5.96915]},"K4o":{"weight":0.0,"played":[0.9996,0.0,4.0E-4],"evs":[0.0,-4.20169,-5.74212]},"A4o":{"weight":0.0,"played":[0.9998,0.0,2.0E-4],"evs":[0.0,-3.32901,-3.39193]},"52s":{"weight":0.0,"played":[0.9999,0.0,0.0],"evs":[0.0,-2.64337,-4.11841]},"53s":{"weight":0.0,"played":[0.9706,0.0063,0.0232],"evs":[0.0,-2.60879,-3.70885]},"54s":{"weight":0.452,"played":[0.9466,0.0531,3.0E-4],"evs":[0.0,-2.36198,-4.10515]},"55":{"weight":0.9994,"played":[0.5387,0.1528,0.3085],"evs":[0.0,-0.41179,-0.52171]},"65o":{"weight":0.0,"played":[0.9988,7.0E-4,5.0E-4],"evs":[0.0,-1.26672,-2.9975]},"75o":{"weight":0.0,"played":[0.9994,5.0E-4,0.0],"evs":[0.0,-2.9502,-4.92051]},"85o":{"weight":0.0,"played":[0.9989,1.0E-4,0.001],"evs":[0.0,-4.47426,-6.23333]},"95o":{"weight":0.0,"played":[0.9988,0.0,0.0011],"evs":[0.0,-4.04595,-6.1948]},"T5o":{"weight":0.0,"played":[0.9996,2.0E-4,2.0E-4],"evs":[0.0,-5.12277,-7.78154]},"J5o":{"weight":0.0,"played":[0.9979,1.0E-4,0.002],"evs":[0.0,-4.67248,-6.69206]},"Q5o":{"weight":0.0,"played":[1.0,0.0,0.0],"evs":[0.0,-3.77308,-5.92514]},"K5o":{"weight":0.0,"played":[0.9999,0.0,1.0E-4],"evs":[0.0,-4.29171,-5.52379]},"A5o":{"weight":0.0,"played":[0.9997,1.0E-4,2.0E-4],"evs":[0.0,-3.1049,-3.62608]},"62s":{"weight":0.0,"played":[0.9988,0.001,2.0E-4],"evs":[0.0,-1.92201,-4.21255]},"63s":{"weight":0.0,"played":[0.9849,0.0107,0.0043],"evs":[0.0,-1.39621,-3.17524]},"64s":{"weight":0.0,"played":[0.8761,0.1197,0.0042],"evs":[0.0,-0.46305,-1.53163]},"65s":{"weight":0.9729,"played":[0.9881,0.0089,0.003],"evs":[0.0,-1.07001,-2.37197]},"66":{"weight":0.9867,"played":[0.1361,0.2355,0.6283],"evs":[0.0,0.43542,0.72543]},"76o":{"weight":0.0,"played":[0.9971,0.0,0.0029],"evs":[0.0,-2.3799,-3.56474]},"86o":{"weight":0.0,"played":[0.9998,0.0,2.0E-4],"evs":[0.0,-3.70663,-5.41926]},"96o":{"weight":0.0,"played":[0.9997,0.0,3.0E-4],"evs":[0.0,-3.86197,-5.99301]},"T6o":{"weight":0.0,"played":[1.0,0.0,0.0],"evs":[0.0,-4.06632,-6.69176]},"J6o":{"weight":0.0,"played":[0.9991,0.0,9.0E-4],"evs":[0.0,-4.06168,-6.69779]},"Q6o":{"weight":0.0,"played":[0.9998,1.0E-4,1.0E-4],"evs":[0.0,-4.3662,-7.10962]},"K6o":{"weight":0.0,"played":[0.9992,3.0E-4,5.0E-4],"evs":[0.0,-4.98239,-6.64205]},"A6o":{"weight":0.0,"played":[0.9995,0.0,5.0E-4],"evs":[0.0,-2.28419,-2.98196]},"72s":{"weight":0.0,"played":[0.9992,7.0E-4,1.0E-4],"evs":[0.0,-3.04724,-4.43434]},"73s":{"weight":0.0,"played":[0.994,0.001,0.005],"evs":[0.0,-1.63251,-3.13144]},"74s":{"weight":0.0,"played":[0.997,0.0,0.003],"evs":[0.0,-3.45432,-5.06318]},"75s":{"weight":0.2343,"played":[0.6575,0.2461,0.0965],"evs":[0.0,-1.31089,-2.44547]},"76s":{"weight":0.6353,"played":[0.5791,0.4195,0.0014],"evs":[0.0,-0.65609,-1.85206]},"77":{"weight":0.9977,"played":[0.0184,0.1164,0.8652],"evs":[0.0,0.32635,0.75452]},"87o":{"weight":0.0,"played":[0.9918,0.0045,0.0037],"evs":[0.0,-2.77485,-3.78243]},"97o":{"weight":0.0,"played":[0.9993,1.0E-4,6.0E-4],"evs":[0.0,-2.46185,-4.4463]},"T7o":{"weight":0.0,"played":[0.9998,0.0,1.0E-4],"evs":[0.0,-4.14516,-5.99785]},"J7o":{"weight":0.0,"played":[0.9999,0.0,1.0E-4],"evs":[0.0,-4.29073,-6.39552]},"Q7o":{"weight":0.0,"played":[1.0,0.0,0.0],"evs":[0.0,-4.60789,-7.03604]},"K7o":{"weight":0.0,"played":[0.9981,7.0E-4,0.0011],"evs":[0.0,-2.72778,-4.36979]},"A7o":{"weight":0.0,"played":[0.9997,3.0E-4,0.0],"evs":[0.0,-2.63658,-3.06114]},"82s":{"weight":0.0,"played":[0.9951,0.0027,0.0022],"evs":[0.0,-3.39703,-5.4463]},"83s":{"weight":0.0,"played":[0.9978,0.0018,4.0E-4],"evs":[0.0,-5.30792,-7.06248]},"84s":{"weight":0.0,"played":[0.9972,5.0E-4,0.0023],"evs":[0.0,-3.29684,-5.52668]},"85s":{"weight":0.0,"played":[0.9931,0.0069,0.0],"evs":[0.0,-1.09944,-2.8204]},"86s":{"weight":0.0822,"played":[0.7902,0.2096,2.0E-4],"evs":[0.0,-2.39766,-4.46158]},"87s":{"weight":0.0944,"played":[0.99,0.006,0.004],"evs":[0.0,-1.09964,-1.10199]},"88":{"weight":0.3493,"played":[0.0012,2.0E-4,0.9986],"evs":[0.0,1.9373,2.54356]},"98o":{"weight":0.0,"played":[0.999,0.0,9.0E-4],"evs":[0.0,-4.03867,-5.89458]},"T8o":{"weight":0.0,"played":[0.997,8.0E-4,0.0022],"evs":[0.0,-3.95868,-5.59797]},"J8o":{"weight":0.0,"played":[0.9993,0.0,7.0E-4],"evs":[0.0,-4.06988,-5.92195]},"Q8o":{"weight":0.0,"played":[0.9985,5.0E-4,0.001],"evs":[0.0,-4.08543,-6.41454]},"K8o":{"weight":0.0,"played":[0.9984,6.0E-4,9.0E-4],"evs":[0.0,-3.79709,-4.4823]},"A8o":{"weight":0.0,"played":[0.9907,4.0E-4,0.0088],"evs":[0.0,-2.21619,-2.4225]},"92s":{"weight":0.0,"played":[0.9947,0.0019,0.0034],"evs":[0.0,-3.94627,-5.83413]},"93s":{"weight":0.0,"played":[0.9998,2.0E-4,0.0],"evs":[0.0,-2.2164,-3.50415]},"94s":{"weight":0.0,"played":[0.9932,0.0056,0.0011],"evs":[0.0,-4.15388,-5.92589]},"95s":{"weight":0.0,"played":[0.9037,0.0731,0.0233],"evs":[0.0,-2.28408,-3.86104]},"96s":{"weight":0.0,"played":[0.8789,0.1183,0.0027],"evs":[0.0,-0.387,-2.00903]},"97s":{"weight":0.1608,"played":[0.9905,0.0047,0.0048],"evs":[0.0,-1.9514,-3.15915]},"98s":{"weight":0.6024,"played":[0.9426,0.044,0.0135],"evs":[0.0,-1.90817,-2.63173]},"99":{"weight":4.0E-4,"played":[0.0,2.0E-4,0.9998],"evs":[0.0,2.07045,2.82336]},"T9o":{"weight":0.0,"played":[0.9981,0.0014,5.0E-4],"evs":[0.0,-3.13434,-4.29432]},"J9o":{"weight":0.0,"played":[0.9995,0.0,4.0E-4],"evs":[0.0,-3.57759,-5.51913]},"Q9o":{"weight":0.0,"played":[0.9985,2.0E-4,0.0013],"evs":[0.0,-4.29601,-6.5368]},"K9o":{"weight":0.0,"played":[0.9996,0.0,4.0E-4],"evs":[0.0,-4.37798,-6.00585]},"A9o":{"weight":0.0,"played":[0.9349,0.0586,0.0064],"evs":[0.0,-2.91931,-3.0752]},"T2s":{"weight":0.0,"played":[0.9873,0.0073,0.0054],"evs":[0.0,-1.97225,-3.17595]},"T3s":{"weight":0.0,"played":[0.9989,2.0E-4,0.001],"evs":[0.0,-2.26178,-4.93941]},"T4s":{"weight":0.0,"played":[0.687,0.1352,0.1779],"evs":[0.0,-3.40977,-4.14433]},"T5s":{"weight":0.0,"played":[0.9993,1.0E-4,5.0E-4],"evs":[0.0,-4.29611,-6.26724]},"T6s":{"weight":0.0,"played":[0.9975,5.0E-4,0.0021],"evs":[0.0,-1.02609,-2.93684]},"T7s":{"weight":0.0,"played":[0.7389,0.1606,0.1005],"evs":[0.0,-1.23773,-2.50902]},"T8s":{"weight":0.4763,"played":[0.8772,0.1165,0.0064],"evs":[0.0,-1.37669,-3.43994]},"T9s":{"weight":0.6795,"played":[0.3323,0.6043,0.0634],"evs":[0.0,0.521,-0.42233]},"TT":{"weight":0.0,"played":[0.0043,0.007,0.9886],"evs":[0.0,4.64757,5.48827]},"JTo":{"weight":0.0,"played":[0.9994,0.0,6.0E-4],"evs":[0.0,-3.56908,-5.14678]},"QTo":{"weight":0.0,"played":[0.9843,3.0E-4,0.0153],"evs":[0.0,-3.39365,-4.14471]},"KTo":{"weight":0.0,"played":[0.9779,0.0056,0.0165],"evs":[0.0,-3.29816,-4.21494]},"ATo":{"weight":0.8998,"played":[0.9985,0.0,0.0014],"evs":[0.0,-1.28192,-0.56946]},"J2s":{"weight":0.0,"played":[0.9923,0.0047,0.0031],"evs":[0.0,-3.0426,-4.60597]},"J3s":{"weight":0.0,"played":[0.8155,0.1683,0.0162],"evs":[0.0,-1.12833,-1.83634]},"J4s":{"weight":0.0,"played":[0.9989,0.0,0.0011],"evs":[0.0,-2.88751,-4.9055]},"J5s":{"weight":0.0,"played":[0.8307,0.157,0.0123],"evs":[0.0,-3.0397,-6.30649]},"J6s":{"weight":0.0,"played":[0.9807,0.0105,0.0088],"evs":[0.0,-1.73903,-2.60193]},"J7s":{"weight":0.0,"played":[0.9945,0.0055,0.0],"evs":[0.0,-0.98669,-2.15295]},"J8s":{"weight":1.0E-4,"played":[0.9805,0.0097,0.0098],"evs":[0.0,-0.9653,-2.36828]},"J9s":{"weight":0.0119,"played":[0.9993,0.0,7.0E-4],"evs":[0.0,-3.06284,-4.83919]},"JTs":{"weight":0.8695,"played":[0.6666,0.2322,0.1012],"evs":[0.0,-0.60629,-1.85642]},"JJ":{"weight":2.0E-4,"played":[2.0E-4,0.0,0.9998],"evs":[0.0,8.30763,9.75695]},"QJo":{"weight":0.0,"played":[0.9956,2.0E-4,0.0041],"evs":[0.0,-2.38404,-3.85408]},"KJo":{"weight":0.0044,"played":[0.8987,0.0799,0.0214],"evs":[0.0,-2.44055,-2.84906]},"AJo":{"weight":0.8224,"played":[0.1631,0.0024,0.8345],"evs":[0.0,-0.09556,0.90612]},"Q2s":{"weight":0.0,"played":[0.9996,3.0E-4,1.0E-4],"evs":[0.0,-3.10395,-3.42107]},"Q3s":{"weight":0.0,"played":[0.8902,0.1073,0.0025],"evs":[0.0,-2.64283,-5.15249]},"Q4s":{"weight":0.0,"played":[0.9109,0.0869,0.0022],"evs":[0.0,-3.11729,-4.22947]},"Q5s":{"weight":0.0,"played":[0.9542,0.0224,0.0234],"evs":[0.0,-2.40616,-4.80635]},"Q6s":{"weight":0.0,"played":[0.9126,0.024,0.0634],"evs":[0.0,-4.36791,-6.04567]},"Q7s":{"weight":0.0,"played":[0.9735,0.0028,0.0237],"evs":[0.0,-3.26546,-3.68084]},"Q8s":{"weight":0.0,"played":[0.7512,0.036,0.2128],"evs":[0.0,-0.74144,-2.34265]},"Q9s":{"weight":0.008,"played":[0.9245,0.0476,0.0279],"evs":[0.0,-3.27386,-4.44634]},"QTs":{"weight":0.6536,"played":[0.9569,0.0044,0.0387],"evs":[0.0,-1.21756,-1.58273]},"QJs":{"weight":0.956,"played":[0.7202,0.2372,0.0426],"evs":[0.0,-1.17422,-2.11607]},"QQ":{"weight":0.037,"played":[0.0,0.0428,0.9572],"evs":[0.0,9.52591,10.43344]},"KQo":{"weight":1.0,"played":[0.9993,0.0,7.0E-4],"evs":[0.0,-1.7538,-1.80636]},"AQo":{"weight":0.0024,"played":[6.0E-4,9.0E-4,0.9985],"evs":[0.0,1.38881,2.6389]},"K2s":{"weight":0.0,"played":[0.9894,0.0104,2.0E-4],"evs":[0.0,-4.62984,-6.41612]},"K3s":{"weight":2.0E-4,"played":[0.9966,1.0E-4,0.0032],"evs":[0.0,-1.59533,-2.39825]},"K4s":{"weight":0.0,"played":[0.9746,0.0077,0.0178],"evs":[0.0,-1.59933,-3.57123]},"K5s":{"weight":0.0,"played":[0.9963,0.003,8.0E-4],"evs":[0.0,-2.28331,-4.08346]},"K6s":{"weight":0.0,"played":[0.9853,0.0,0.0147],"evs":[0.0,-2.11284,-2.96224]},"K7s":{"weight":0.0,"played":[1.0,0.0,0.0],"evs":[0.0,-2.96465,-4.2807]},"K8s":{"weight":2.0E-4,"played":[0.9827,0.0068,0.0105],"evs":[0.0,-3.49361,-3.02222]},"K9s":{"weight":0.2899,"played":[0.9932,0.0048,0.002],"evs":[0.0,-2.99674,-4.02979]},"KTs":{"weight":0.0427,"played":[0.9035,0.0588,0.0377],"evs":[0.0,-2.52862,-3.35602]},"KJs":{"weight":0.4972,"played":[0.9866,0.0038,0.0096],"evs":[0.0,-1.23235,-0.86776]},"KQs":{"weight":0.9862,"played":[0.4491,0.2217,0.3293],"evs":[0.0,-0.54866,-0.62241]},"KK":{"weight":0.0368,"played":[0.0,0.0,1.0],"evs":[0.0,15.96719,17.40701]},"AKo":{"weight":2.0E-4,"played":[2.0E-4,0.0013,0.9986],"evs":[0.0,4.18399,5.82191]},"A2s":{"weight":0.6819,"played":[0.9605,8.0E-4,0.0387],"evs":[0.0,-2.69413,-2.78243]},"A3s":{"weight":0.0467,"played":[0.1853,0.2674,0.5474],"evs":[0.0,-0.59745,-0.53437]},"A4s":{"weight":0.0119,"played":[0.4704,0.28,0.2496],"evs":[0.0,-0.02111,-0.34598]},"A5s":{"weight":0.0089,"played":[0.1652,0.021,0.8138],"evs":[0.0,0.60484,1.01195]},"A6s":{"weight":0.3177,"played":[0.9562,3.0E-4,0.0434],"evs":[0.0,-0.23708,-0.19528]},"A7s":{"weight":7.0E-4,"played":[0.4335,0.2502,0.3164],"evs":[0.0,0.16031,-0.30599]},"A8s":{"weight":0.1807,"played":[0.9089,0.0297,0.0613],"evs":[0.0,-2.28791,-2.57483]},"A9s":{"weight":0.2691,"played":[0.3499,0.0672,0.5829],"evs":[0.0,1.15122,2.15323]},"ATs":{"weight":0.28,"played":[0.3286,0.1616,0.5098],"evs":[0.0,-0.76992,0.27168]},"AJs":{"weight":0.9379,"played":[2.0E-4,0.0314,0.9684],"evs":[0.0,2.63837,2.96612]},"AQs":{"weight":0.2098,"played":[9.0E-4,0.0024,0.9967],"evs":[0.0,7.31747,8.81631]},"AKs":{"weight":0.0,"played":[0.0,0.0449,0.9551],"evs":[0.0,5.55908,6.11925]},"AA":{"weight":1.0,"played":[0.0,0.0,1.0],"evs":[0.0,25.71879,27.3652]}}}