{"player":2,"street":0,"children":2,"sequence":[{"player":0,"type":"F","amount":0,"street":0},{"player":1,"type":"R","amount":200000,"street":0},{"player":2,"type":"C","amount":200000,"street":0},{"player":3,"type":"C","amount":200000,"street":0},{"player":4,"type":"R","amount":1085000,"street":0},{"player":5,"type":"F","amount":0,"street":0},{"player":1,"type":"R","amount":1585000,"street":0},{"player":2,"type":"C","amount":1385000,"street":0},{"player":3,"type":"R","amount":2985000,"street":0}],"actions":[{"type":"F","amount":0},{"type":"C","amount":1400000}],"hands":{"22":{"weight":0.0,"played":[0.0,1.0],"evs":[0.0,5.15249]},"32o":{"weight":0.0,"played":[0.0054,0.9946],"evs":[0.0,1.13644]},"42o":{"weight":0.0,"played":[0.0172,0.9828],"evs":[0.0,1.09071]},"52o":{"weight":0.0,"played":[0.0115,0.9885],"evs":[0.0,1.39242]},"62o":{"weight":0.0,"played":[0.0555,0.9445],"evs":[0.0,1.57787]},"72o":{"weight":0.0,"played":[0.1053,0.8947],"evs":[0.0,0.18493]},"82o":{"weight":0.0,"played":[0.0272,0.9728],"evs":[0.0,0.6782]},"92o":{"weight":0.0,"played":[0.0011,0.9989],"evs":[0.0,2.21625]},"T2o":{"weight":0.0,"played":[0.1331,0.8669],"evs":[0.0,1.56738]},"J2o":{"weight":0.0,"played":[0.003,0.997],"evs":[0.0,3.32019]},"Q2o":{"weight":0.0,"played":[0.1378,0.8622],"evs":[0.0,3.6465]},"K2o":{"weight":0.0,"played":[0.0118,0.9882],"evs":[0.0,1.68027]},"A2o":{"weight":0.0,"played":[0.0161,0.9839],"evs":[0.0,2.28403]},"32s":{"weight":0.0,"played":[0.0708,0.9292],"evs":[0.0,4.20009]},"33":{"weight":0.0,"played":[5.0E-4,0.9995],"evs":[0.0,5.15226]},"43o":{"weight":0.0,"played":[0.1437,0.8563],"evs":[0.0,1.67472]},"53o":{"weight":0.0,"played":[0.0045,0.9955],"evs":[0.0,1.38569]},"63o":{"weight":0.0,"played":[0.5142,0.4858],"evs":[0.0,0.48561]},"73o":{"weight":0.0,"played":[0.0201,0.9799],"evs":[0.0,3.83149]},"83o":{"weight":0.0,"played":[0.0388,0.9612],"evs":[0.0,1.46195]},"93o":{"weight":0.0,"played":[0.0799,0.9201],"evs":[0.0,0.74901]},"T3o":{"weight":0.0,"played":[0.0048,0.9952],"evs":[0.0,2.7909]},"J3o":{"weight":0.0,"played":[0.138,0.862],"evs":[0.0,2.22254]},"Q3o":{"weight":0.0,"played":[0.0081,0.9919],"evs":[0.0,2.47394]},"K3o":{"weight":0.0,"played":[0.001,0.999],"evs":[0.0,1.64042]},"A3o":{"weight":0.0,"played":[2.0E-4,0.9998],"evs":[0.0,2.42725]},"42s":{"weight":0.0,"played":[2.0E-4,0.9998],"evs":[0.0,2.07174]},"43s":{"weight":0.0,"played":[5.0E-4,0.9995],"evs":[0.0,6.25422]},"44":{"weight":0.0,"played":[0.0026,0.9974],"evs":[0.0,6.38851]},"54o":{"weight":0.0,"played":[1.0E-4,0.9999],"evs":[0.0,3.56277]},"64o":{"weight":0.0,"played":[1.0E-4,0.9999],"evs":[0.0,2.1932]},"74o":{"weight":0.0,"played":[0.0036,0.9964],"evs":[0.0,3.24147]},"84o":{"weight":0.0,"played":[2.0E-4,0.9998],"evs":[0.0,0.59071]},"94o":{"weight":0.0,"played":[0.0529,0.9471],"evs":[0.0,0.69505]},"T4o":{"weight":0.0,"played":[0.1074,0.8926],"evs":[0.0,1.94126]},"J4o":{"weight":0.0,"played":[0.8764,0.1236],"evs":[0.0,-0.32494]},"Q4o":{"weight":0.0,"played":[0.0185,0.9815],"evs":[0.0,1.02703]},"K4o":{"weight":0.0,"played":[0.003,0.997],"evs":[0.0,3.49305]},"A4o":{"weight":0.0,"played":[0.0023,0.9977],"evs":[0.0,2.90538]},"52s":{"weight":0.0,"played":[0.0395,0.9605],"evs":[0.0,4.36935]},"53s":{"weight":0.0,"played":[0.152,0.848],"evs":[0.0,1.9566]},"54s":{"weight":0.0,"played":[0.011,0.989],"evs":[0.0,4.64503]},"55":{"weight":0.0444,"played":[3.0E-4,0.9997],"evs":[0.0,6.61169]},"65o":{"weight":0.0,"played":[0.0019,0.9981],"evs":[0.0,2.22284]},"75o":{"weight":0.0,"played":[3.0E-4,0.9997],"evs":[0.0,3.41455]},"85o":{"weight":0.0,"played":[0.0022,0.9978],"evs":[0.0,3.25698]},"95o":{"weight":0.0,"played":[0.0023,0.9977],"evs":[0.0,2.25045]},"T5o":{"weight":0.0,"played":[0.0525,0.9475],"evs":[0.0,1.32362]},"J5o":{"weight":0.0,"played":[0.386,0.614],"evs":[0.0,-0.20624]},"Q5o":{"weight":0.0,"played":[0.0338,0.9662],"evs":[0.0,4.47793]},"K5o":{"weight":0.0,"played":[0.0071,0.9929],"evs":[0.0,4.35681]},"A5o":{"weight":0.0,"played":[0.0011,0.9989],"evs":[0.0,3.31788]},"62s":{"weight":0.0,"played":[3.0E-4,0.9997],"evs":[0.0,4.82975]},"63s":{"weight":0.0,"played":[0.001,0.999],"evs":[0.0,3.09877]},"64s":{"weight":0.0,"played":[3.0E-4,0.9997],"evs":[0.0,6.21333]},"65s":{"weight":0.0,"played":[0.0013,0.9987],"evs":[0.0,5.50767]},"66":{"weight":0.2109,"played":[1.0E-4,0.9999],"evs":[0.0,8.72701]},"76o":{"weight":0.0,"played":[0.0032,0.9968],"evs":[0.0,4.94553]},"86o":{"weight":0.0,"played":[0.0027,0.9973],"evs":[0.0,4.23043]},"96o":{"weight":0.0,"played":[0.0,1.0],"evs":[0.0,3.58086]},"T6o":{"weight":0.0,"played":[0.0,1.0],"evs":[0.0,3.42733]},"J6o":{"weight":0.0,"played":[0.0346,0.9654],"evs":[0.0,1.40183]},"Q6o":{"weight":0.0,"played":[0.0245,0.9755],"evs":[0.0,4.18945]},"K6o":{"weight":0.0,"played":[0.0298,0.9702],"evs":[0.0,3.94478]},"A6o":{"weight":0.0,"played":[0.0132,0.9868],"evs":[0.0,1.73999]},"72s":{"weight":0.0,"played":[0.0624,0.9376],"evs":[0.0,1.44227]},"73s":{"weight":0.0,"played":[0.0036,0.9964],"evs":[0.0,1.74202]},"74s":{"weight":0.0,"played":[0.0017,0.9983],"evs":[0.0,6.22484]},"75s":{"weight":0.0,"played":[0.0047,0.9953],"evs":[0.0,6.98706]},"76s":{"weight":3.0E-4,"played":[0.0271,0.9729],"evs":[0.0,5.32135]},"77":{"weight":0.5457,"played":[1.0E-4,0.9999],"evs":[0.0,12.17865]},"87o":{"weight":0.0,"played":[3.0E-4,0.9997],"evs":[0.0,4.96156]},"97o":{"weight":0.0,"played":[0.0044,0.9956],"evs":[0.0,4.44369]},"T7o":{"weight":0.0,"played":[0.0275,0.9725],"evs":[0.0,3.70489]},"J7o":{"weight":0.0,"played":[0.039,0.961],"evs":[0.0,2.25835]},"Q7o":{"weight":0.0,"played":[0.0,1.0],"evs":[0.0,3.49574]},"K7o":{"weight":0.0,"played":[1.0E-4,0.9999],"evs":[0.0,3.41921]},"A7o":{"weight":0.0,"played":[0.0021,0.9979],"evs":[0.0,3.42392]},"82s":{"weight":0.0,"played":[0.0056,0.9944],"evs":[0.0,6.80583]},"83s":{"weight":0.0,"played":[0.0562,0.9438],"evs":[0.0,5.65606]},"84s":{"weight":0.0,"played":[0.0,1.0],"evs":[0.0,4.78593]},"85s":{"weight":0.0,"played":[1.0E-4,0.9999],"evs":[0.0,7.40529]},"86s":{"weight":0.0,"played":[0.0015,0.9985],"evs":[0.0,5.36576]},"87s":{"weight":3.0E-4,"played":[0.002,0.998],"evs":[0.0,4.2136]},"88":{"weight":0.1384,"played":[0.0022,0.9978],"evs":[0.0,11.12822]},"98o":{"weight":0.0,"played":[0.0,1.0],"evs":[0.0,4.69562]},"T8o":{"weight":0.0,"played":[3.0E-4,0.9997],"evs":[0.0,7.0595]},"J8o":{"weight":0.0,"played":[0.0,1.0],"evs":[0.0,2.30754]},"Q8o":{"weight":0.0,"played":[1.0E-4,0.9999],"evs":[0.0,4.09778]},"K8o":{"weight":0.0,"played":[0.0284,0.9716],"evs":[0.0,5.13749]},"A8o":{"weight":0.0,"played":[0.0,1.0],"evs":[0.0,2.40649]},"92s":{"weight":0.0,"played":[0.0081,0.9919],"evs":[0.0,1.05937]},"93s":{"weight":0.0,"played":[0.002,0.998],"evs":[0.0,4.53526]},"94s":{"weight":0.0,"played":[0.0453,0.9547],"evs":[0.0,2.84657]},"95s":{"weight":0.0,"played":[0.0114,0.9886],"evs":[0.0,3.79962]},"96s":{"weight":0.0,"played":[4.0E-4,0.9996],"evs":[0.0,5.84572]},"97s":{"weight":0.0,"played":[0.0089,0.9911],"evs":[0.0,9.01047]},"98s":{"weight":0.0114,"played":[1.0E-4,0.9999],"evs":[0.0,8.77256]},"99":{"weight":0.0,"played":[0.0,1.0],"evs":[0.0,15.344]},"T9o":{"weight":0.0,"played":[0.0,1.0],"evs":[0.0,3.76077]},"J9o":{"weight":0.0,"played":[0.0,1.0],"evs":[0.0,3.69814]},"Q9o":{"weight":0.0,"played":[0.0103,0.9897],"evs":[0.0,5.0221]},"K9o":{"weight":0.0,"played":[0.0029,0.9971],"evs":[0.0,3.24486]},"A9o":{"weight":0.0,"played":[2.0E-4,0.9998],"evs":[0.0,3.41366]},"T2s":{"weight":0.0,"played":[0.2425,0.7575],"evs":[0.0,4.51431]},"T3s":{"weight":0.0,"played":[9.0E-4,0.9991],"evs":[0.0,4.9718]},"T4s":{"weight":0.0,"played":[0.0263,0.9737],"evs":[0.0,2.29582]},"T5s":{"weight":0.0,"played":[0.01,0.99],"evs":[0.0,4.18909]},"T6s":{"weight":0.0,"played":[2.0E-4,0.9998],"evs":[0.0,6.83278]},"T7s":{"weight":0.0,"played":[9.0E-4,0.9991],"evs":[0.0,5.33767]},"T8s":{"weight":1.0E-4,"played":[8.0E-4,0.9992],"evs":[0.0,8.746]},"T9s":{"weight":0.0515,"played":[4.0E-4,0.9996],"evs":[0.0,9.23308]},"TT":{"weight":0.0,"played":[0.0,1.0],"evs":[0.0,16.3475]},"JTo":{"weight":0.0,"played":[1.0E-4,0.9999],"evs":[0.0,5.34655]},"QTo":{"weight":0.0,"played":[0.0238,0.9762],"evs":[0.0,6.58595]},"KTo":{"weight":0.0,"played":[1.0E-4,0.9999],"evs":[0.0,5.62186]},"ATo":{"weight":0.1142,"played":[0.0,1.0],"evs":[0.0,6.16695]},"J2s":{"weight":0.0,"played":[0.1821,0.8179],"evs":[0.0,2.04858]},"J3s":{"weight":0.0,"played":[0.1343,0.8657],"evs":[0.0,0.32432]},"J4s":{"weight":0.0,"played":[0.0115,0.9885],"evs":[0.0,2.34176]},"J5s":{"weight":0.0,"played":[1.0E-4,0.9999],"evs":[0.0,2.16367]},"J6s":{"weight":0.0,"played":[0.1038,0.8962],"evs":[0.0,3.4453]},"J7s":{"weight":0.0,"played":[1.0E-4,0.9999],"evs":[0.0,4.8997]},"J8s":{"weight":0.0,"played":[0.0,1.0],"evs":[0.0,5.20179]},"J9s":{"weight":0.139,"played":[0.0,1.0],"evs":[0.0,7.12936]},"JTs":{"weight":0.2755,"played":[8.0E-4,0.9992],"evs":[0.0,7.11845]},"JJ":{"weight":2.0E-4,"played":[0.0,1.0],"evs":[0.0,18.40417]},"QJo":{"weight":6.0E-4,"played":[2.0E-4,0.9998],"evs":[0.0,4.81237]},"KJo":{"weight":1.0E-4,"played":[0.0051,0.9949],"evs":[0.0,4.49862]},"AJo":{"weight":0.1262,"played":[0.0,1.0],"evs":[0.0,6.6757]},"Q2s":{"weight":0.0,"played":[0.0228,0.9772],"evs":[0.0,5.69473]},"Q3s":{"weight":0.0,"played":[1.0E-4,0.9999],"evs":[0.0,2.27627]},"Q4s":{"weight":0.0,"played":[0.0125,0.9875],"evs":[0.0,6.57393]},"Q5s":{"weight":0.0,"played":[0.0072,0.9928],"evs":[0.0,7.10663]},"Q6s":{"weight":0.0,"played":[0.0136,0.9864],"evs":[0.0,3.72605]},"Q7s":{"weight":0.0,"played":[5.0E-4,0.9995],"evs":[0.0,7.63531]},"Q8s":{"weight":0.0,"played":[7.0E-4,0.9993],"evs":[0.0,7.89468]},"Q9s":{"weight":0.0592,"played":[0.002,0.998],"evs":[0.0,8.78124]},"QTs":{"weight":0.7273,"played":[0.0021,0.9979],"evs":[0.0,9.87799]},"QJs":{"weight":0.0011,"played":[3.0E-4,0.9997],"evs":[0.0,7.02403]},"QQ":{"weight":0.3445,"played":[0.0,1.0],"evs":[0.0,21.60206]},"KQo":{"weight":0.3439,"played":[0.0,1.0],"evs":[0.0,6.36969]},"AQo":{"weight":0.0,"played":[0.0,1.0],"evs":[0.0,10.78033]},"K2s":{"weight":0.0,"played":[0.0024,0.9976],"evs":[0.0,7.14498]},"K3s":{"weight":0.0,"played":[0.0046,0.9954],"evs":[0.0,7.12737]},"K4s":{"weight":0.0,"played":[0.0,1.0],"evs":[0.0,4.78968]},"K5s":{"weight":0.0,"played":[0.004,0.996],"evs":[0.0,4.11528]},"K6s":{"weight":0.0,"played":[0.0154,0.9846],"evs":[0.0,5.10022]},"K7s":{"weight":0.0,"played":[0.01,0.99],"evs":[0.0,5.97877]},"K8s":{"weight":0.0,"played":[1.0E-4,0.9999],"evs":[0.0,10.10523]},"K9s":{"weight":0.1865,"played":[0.0,1.0],"evs":[0.0,7.58832]},"KTs":{"weight":0.5435,"played":[1.0E-4,0.9999],"evs":[0.0,7.15823]},"KJs":{"weight":1.0E-4,"played":[0.0,1.0],"evs":[0.0,6.14814]},"KQs":{"weight":0.2181,"played":[0.0,1.0],"evs":[0.0,8.74098]},"KK":{"weight":0.6253,"played":[0.0,1.0],"evs":[0.0,24.24109]},"AKo":{"weight":0.0,"played":[4.0E-4,0.9996],"evs":[0.0,11.66949]},"A2s":{"weight":1.0E-4,"played":[0.0075,0.9925],"evs":[0.0,3.3834]},"A3s":{"weight":0.0089,"played":[1.0E-4,0.9999],"evs":[0.0,3.77044]},"A4s":{"weight":0.0,"played":[0.0402,0.9598],"evs":[0.0,5.72482]},"A5s":{"weight":0.0373,"played":[0.0,1.0],"evs":[0.0,8.23413]},"A6s":{"weight":0.0422,"played":[7.0E-4,0.9993],"evs":[0.0,5.20998]},"A7s":{"weight":0.0079,"played":[2.0E-4,0.9998],"evs":[0.0,5.8515]},"A8s":{"weight":0.1034,"played":[0.0085,0.9915],"evs":[0.0,7.01225]},"A9s":{"weight":0.8465,"played":[1.0E-4,0.9999],"evs":[0.0,6.85228]},"ATs":{"weight":0.2651,"played":[0.0043,0.9957],"evs":[0.0,8.86866]},"AJs":{"weight":0.8693,"played":[1.0E-4,0.9999],"evs":[0.0,8.43306]},"AQs":{"weight":0.3856,"played":[0.0,1.0],"evs":[0.0,12.92367]},"AKs":{"weight":0.0219,"played":[1.0E-4,0.9999],"evs":[0.0,11.54284]},"AA":{"weight":0.7449,"played":[0.0,1.0],"evs":[0.0,33.13308]}}}