{"player":3,"street":0,"children":2,"sequence":[{"player":0,"type":"F","amount":0,"street":0},{"player":1,"type":"R","amount":200000,"street":0},{"player":2,"type":"C","amount":200000,"street":0},{"player":3,"type":"C","amount":200000,"street":0},{"player":4,"type":"R","amount":1085000,"street":0},{"player":5,"type":"F","amount":0,"street":0},{"player":1,"type":"R","amount":1585000,"street":0},{"player":2,"type":"R","amount":2985000,"street":0}],"actions":[{"type":"F","amount":0},{"type":"C","amount":2785000}],"hands":{"22":{"weight":0.9975,"played":[0.9813,0.0187],"evs":[0.0,-2.9333]},"32o":{"weight":0.0,"played":[1.0,0.0],"evs":[0.0,-7.07559]},"42o":{"weight":0.0,"played":[0.9999,1.0E-4],"evs":[0.0,-7.4669]},"52o":{"weight":0.0,"played":[1.0,0.0],"evs":[0.0,-5.70951]},"62o":{"weight":0.0,"played":[1.0,0.0],"evs":[0.0,-7.37905]},"72o":{"weight":0.0,"played":[1.0,0.0],"evs":[0.0,-7.19269]},"82o":{"weight":0.0,"played":[0.9999,1.0E-4],"evs":[0.0,-5.79655]},"92o":{"weight":0.0,"played":[1.0,0.0],"evs":[0.0,-7.47492]},"T2o":{"weight":0.0,"played":[1.0,0.0],"evs":[0.0,-8.0098]},"J2o":{"weight":0.0,"played":[1.0,0.0],"evs":[0.0,-5.95131]},"Q2o":{"weight":0.0,"played":[0.9999,1.0E-4],"evs":[0.0,-6.21298]},"K2o":{"weight":0.0,"played":[0.999,0.001],"evs":[0.0,-5.2652]},"A2o":{"weight":0.0,"played":[0.9997,3.0E-4],"evs":[0.0,-5.42674]},"32s":{"weight":0.0,"played":[0.9971,0.0029],"evs":[0.0,-3.80088]},"33":{"weight":0.996,"played":[0.9872,0.0128],"evs":[0.0,-1.15864]},"43o":{"weight":0.0,"played":[0.9974,0.0026],"evs":[0.0,-6.1696]},"53o":{"weight":0.0,"played":[1.0,0.0],"evs":[0.0,-6.82189]},"63o":{"weight":0.0,"played":[0.9999,1.0E-4],"evs":[0.0,-5.86974]},"73o":{"weight":0.0,"played":[0.9999,1.0E-4],"evs":[0.0,-6.60017]},"83o":{"weight":0.0,"played":[1.0,0.0],"evs":[0.0,-7.17348]},"93o":{"weight":0.0,"played":[0.9998,2.0E-4],"evs":[0.0,-7.28778]},"T3o":{"weight":0.0,"played":[1.0,0.0],"evs":[0.0,-6.78749]},"J3o":{"weight":0.0,"played":[1.0,0.0],"evs":[0.0,-6.32188]},"Q3o":{"weight":0.0,"played":[0.9999,1.0E-4],"evs":[0.0,-6.34357]},"K3o":{"weight":0.0,"played":[1.0,0.0],"evs":[0.0,-4.79418]},"A3o":{"weight":0.0,"played":[0.9985,0.0015],"evs":[0.0,-5.64573]},"42s":{"weight":0.0,"played":[0.9991,9.0E-4],"evs":[0.0,-6.90294]},"43s":{"weight":0.0,"played":[0.713,0.287],"evs":[0.0,-1.78098]},"44":{"weight":0.9973,"played":[0.4659,0.5341],"evs":[0.0,-1.7398]},"54o":{"weight":0.0,"played":[0.9999,1.0E-4],"evs":[0.0,-5.93192]},"64o":{"weight":0.0,"played":[0.9992,8.0E-4],"evs":[0.0,-5.31686]},"74o":{"weight":0.0,"played":[0.9997,3.0E-4],"evs":[0.0,-5.79243]},"84o":{"weight":0.0,"played":[1.0,0.0],"evs":[0.0,-7.3507]},"94o":{"weight":0.0,"played":[0.9989,0.0011],"evs":[0.0,-7.06193]},"T4o":{"weight":0.0,"played":[0.9998,2.0E-4],"evs":[0.0,-6.87642]},"J4o":{"weight":0.0,"played":[1.0,0.0],"evs":[0.0,-5.87539]},"Q4o":{"weight":0.0,"played":[0.9999,1.0E-4],"evs":[0.0,-7.38839]},"K4o":{"weight":0.0,"played":[0.9999,1.0E-4],"evs":[0.0,-6.40557]},"A4o":{"weight":0.0,"played":[0.9998,2.0E-4],"evs":[0.0,-5.72663]},"52s":{"weight":0.0,"played":[0.9918,0.0082],"evs":[0.0,-5.01568]},"53s":{"weight":0.0,"played":[0.9753,0.0247],"evs":[0.0,-1.70573]},"54s":{"weight":0.452,"played":[0.9999,1.0E-4],"evs":[0.0,-4.51958]},"55":{"weight":0.9994,"played":[0.908,0.092],"evs":[0.0,-1.06809]},"65o":{"weight":0.0,"played":[0.9995,5.0E-4],"evs":[0.0,-4.39785]},"75o":{"weight":0.0,"played":[0.9993,7.0E-4],"evs":[0.0,-4.69808]},"85o":{"weight":0.0,"played":[1.0,0.0],"evs":[0.0,-4.86877]},"95o":{"weight":0.0,"played":[0.9987,0.0013],"evs":[0.0,-5.8808]},"T5o":{"weight":0.0,"played":[1.0,0.0],"evs":[0.0,-6.41609]},"J5o":{"weight":0.0,"played":[0.9999,1.0E-4],"evs":[0.0,-5.80057]},"Q5o":{"weight":0.0,"played":[0.9999,1.0E-4],"evs":[0.0,-5.46911]},"K5o":{"weight":0.0,"played":[0.9998,2.0E-4],"evs":[0.0,-4.57633]},"A5o":{"weight":0.0,"played":[0.9991,9.0E-4],"evs":[0.0,-4.52748]},"62s":{"weight":0.0,"played":[0.9964,0.0036],"evs":[0.0,-3.19701]},"63s":{"weight":0.0,"played":[0.9543,0.0457],"evs":[0.0,-5.2061]},"64s":{"weight":0.0,"played":[0.999,0.001],"evs":[0.0,-2.37796]},"65s":{"weight":0.9729,"played":[0.9904,0.0096],"evs":[0.0,-0.58132]},"66":{"weight":0.9867,"played":[0.2749,0.7251],"evs":[0.0,2.6664]},"76o":{"weight":0.0,"played":[0.9998,2.0E-4],"evs":[0.0,-3.02169]},"86o":{"weight":0.0,"played":[1.0,0.0],"evs":[0.0,-2.86785]},"96o":{"weight":0.0,"played":[1.0,0.0],"evs":[0.0,-4.88588]},"T6o":{"weight":0.0,"played":[0.9999,1.0E-4],"evs":[0.0,-5.67097]},"J6o":{"weight":0.0,"played":[1.0,0.0],"evs":[0.0,-6.70117]},"Q6o":{"weight":0.0,"played":[0.9999,1.0E-4],"evs":[0.0,-6.22985]},"K6o":{"weight":0.0,"played":[0.9998,2.0E-4],"evs":[0.0,-4.4519]},"A6o":{"weight":0.0,"played":[1.0,0.0],"evs":[0.0,-4.9813]},"72s":{"weight":0.0,"played":[0.9995,5.0E-4],"evs":[0.0,-6.02144]},"73s":{"weight":0.0,"played":[0.9998,2.0E-4],"evs":[0.0,-4.86822]},"74s":{"weight":0.0,"played":[0.9968,0.0032],"evs":[0.0,-2.2019]},"75s":{"weight":0.2343,"played":[0.5562,0.4438],"evs":[0.0,0.78399]},"76s":{"weight":0.6353,"played":[0.5556,0.4444],"evs":[0.0,-0.28047]},"77":{"weight":0.9977,"played":[0.007,0.993],"evs":[0.0,5.44298]},"87o":{"weight":0.0,"played":[0.9974,0.0026],"evs":[0.0,-2.99328]},"97o":{"weight":0.0,"played":[1.0,0.0],"evs":[0.0,-3.55822]},"T7o":{"weight":0.0,"played":[0.9983,0.0017],"evs":[0.0,-3.8044]},"J7o":{"weight":0.0,"played":[1.0,0.0],"evs":[0.0,-3.69349]},"Q7o":{"weight":0.0,"played":[0.9987,0.0013],"evs":[0.0,-4.99255]},"K7o":{"weight":0.0,"played":[0.9995,5.0E-4],"evs":[0.0,-3.96142]},"A7o":{"weight":0.0,"played":[0.9971,0.0029],"evs":[0.0,-3.8128]},"82s":{"weight":0.0,"played":[1.0,0.0],"evs":[0.0,-6.78005]},"83s":{"weight":0.0,"played":[1.0,0.0],"evs":[0.0,-5.87045]},"84s":{"weight":0.0,"played":[0.993,0.007],"evs":[0.0,-3.68814]},"85s":{"weight":0.0,"played":[1.0,0.0],"evs":[0.0,-3.92312]},"86s":{"weight":0.0822,"played":[1.0,0.0],"evs":[0.0,-2.4749]},"87s":{"weight":0.0944,"played":[0.9987,0.0013],"evs":[0.0,-1.22093]},"88":{"weight":0.3493,"played":[0.0499,0.9501],"evs":[0.0,6.72057]},"98o":{"weight":0.0,"played":[0.9999,1.0E-4],"evs":[0.0,-2.56975]},"T8o":{"weight":0.0,"played":[0.9991,9.0E-4],"evs":[0.0,-4.04418]},"J8o":{"weight":0.0,"played":[0.9977,0.0023],"evs":[0.0,-3.21034]},"Q8o":{"weight":0.0,"played":[0.9999,1.0E-4],"evs":[0.0,-3.79918]},"K8o":{"weight":0.0,"played":[1.0,0.0],"evs":[0.0,-3.02959]},"A8o":{"weight":0.0,"played":[0.999,0.001],"evs":[0.0,-2.21598]},"92s":{"weight":0.0,"played":[0.9996,4.0E-4],"evs":[0.0,-6.03539]},"93s":{"weight":0.0,"played":[0.9998,2.0E-4],"evs":[0.0,-4.99583]},"94s":{"weight":0.0,"played":[0.9772,0.0228],"evs":[0.0,-4.12461]},"95s":{"weight":0.0,"played":[0.9977,0.0023],"evs":[0.0,-3.53957]},"96s":{"weight":0.0,"played":[0.9503,0.0497],"evs":[0.0,-1.31077]},"97s":{"weight":0.1608,"played":[0.953,0.047],"evs":[0.0,-3.63874]},"98s":{"weight":0.6024,"played":[0.5874,0.4126],"evs":[0.0,0.14362]},"99":{"weight":4.0E-4,"played":[0.0109,0.9891],"evs":[0.0,6.48134]},"T9o":{"weight":0.0,"played":[0.9998,2.0E-4],"evs":[0.0,-2.93355]},"J9o":{"weight":0.0,"played":[0.9994,6.0E-4],"evs":[0.0,-3.0067]},"Q9o":{"weight":0.0,"played":[0.9989,0.0011],"evs":[0.0,-2.7619]},"K9o":{"weight":0.0,"played":[0.9977,0.0023],"evs":[0.0,-2.47065]},"A9o":{"weight":0.0,"played":[0.9943,0.0057],"evs":[0.0,-2.38068]},"T2s":{"weight":0.0,"played":[1.0,0.0],"evs":[0.0,-4.54671]},"T3s":{"weight":0.0,"played":[0.9984,0.0016],"evs":[0.0,-4.69494]},"T4s":{"weight":0.0,"played":[0.9953,0.0047],"evs":[0.0,-2.7527]},"T5s":{"weight":0.0,"played":[0.9992,8.0E-4],"evs":[0.0,-2.89384]},"T6s":{"weight":0.0,"played":[0.9799,0.0201],"evs":[0.0,-4.55166]},"T7s":{"weight":0.0,"played":[0.9812,0.0188],"evs":[0.0,-1.78155]},"T8s":{"weight":0.4763,"played":[0.658,0.342],"evs":[0.0,-1.31931]},"T9s":{"weight":0.6795,"played":[0.9616,0.0384],"evs":[0.0,-0.12589]},"TT":{"weight":0.0,"played":[0.0,1.0],"evs":[0.0,10.56716]},"JTo":{"weight":0.0,"played":[0.9998,2.0E-4],"evs":[0.0,-1.61104]},"QTo":{"weight":0.0,"played":[0.9987,0.0013],"evs":[0.0,-2.10883]},"KTo":{"weight":0.0,"played":[0.9989,0.0011],"evs":[0.0,-1.44465]},"ATo":{"weight":0.8998,"played":[0.7896,0.2104],"evs":[0.0,-1.32514]},"J2s":{"weight":0.0,"played":[0.9926,0.0074],"evs":[0.0,-6.33064]},"J3s":{"weight":0.0,"played":[0.9734,0.0266],"evs":[0.0,-3.9302]},"J4s":{"weight":0.0,"played":[0.996,0.004],"evs":[0.0,-5.72231]},"J5s":{"weight":0.0,"played":[0.9633,0.0367],"evs":[0.0,-6.02208]},"J6s":{"weight":0.0,"played":[0.9851,0.0149],"evs":[0.0,-2.69474]},"J7s":{"weight":0.0,"played":[0.9885,0.0115],"evs":[0.0,-2.16314]},"J8s":{"weight":1.0E-4,"played":[0.9988,0.0012],"evs":[0.0,-3.26142]},"J9s":{"weight":0.0119,"played":[0.8021,0.1979],"evs":[0.0,-0.30489]},"JTs":{"weight":0.8695,"played":[0.9891,0.0109],"evs":[0.0,-0.46615]},"JJ":{"weight":2.0E-4,"played":[0.0,1.0],"evs":[0.0,13.18962]},"QJo":{"weight":0.0,"played":[0.9945,0.0055],"evs":[0.0,-1.08609]},"KJo":{"weight":0.0044,"played":[0.9901,0.0099],"evs":[0.0,-1.34498]},"AJo":{"weight":0.8224,"played":[0.1593,0.8407],"evs":[0.0,1.32142]},"Q2s":{"weight":0.0,"played":[1.0,0.0],"evs":[0.0,-4.68456]},"Q3s":{"weight":0.0,"played":[0.984,0.016],"evs":[0.0,-2.50198]},"Q4s":{"weight":0.0,"played":[0.9985,0.0015],"evs":[0.0,-5.84487]},"Q5s":{"weight":0.0,"played":[0.9929,0.0071],"evs":[0.0,-3.01684]},"Q6s":{"weight":0.0,"played":[0.9997,3.0E-4],"evs":[0.0,-3.61237]},"Q7s":{"weight":0.0,"played":[0.9972,0.0028],"evs":[0.0,-3.32056]},"Q8s":{"weight":0.0,"played":[0.8962,0.1038],"evs":[0.0,-0.06263]},"Q9s":{"weight":0.008,"played":[0.587,0.413],"evs":[0.0,0.49616]},"QTs":{"weight":0.6536,"played":[0.267,0.733],"evs":[0.0,1.69314]},"QJs":{"weight":0.956,"played":[0.9553,0.0447],"evs":[0.0,-0.79036]},"QQ":{"weight":0.037,"played":[0.0,1.0],"evs":[0.0,13.77199]},"KQo":{"weight":1.0,"played":[0.9946,0.0054],"evs":[0.0,-0.86316]},"AQo":{"weight":0.0024,"played":[0.0152,0.9848],"evs":[0.0,4.46825]},"K2s":{"weight":0.0,"played":[0.9947,0.0053],"evs":[0.0,-4.19944]},"K3s":{"weight":2.0E-4,"played":[0.9925,0.0075],"evs":[0.0,-2.57946]},"K4s":{"weight":0.0,"played":[0.9741,0.0259],"evs":[0.0,-3.18717]},"K5s":{"weight":0.0,"played":[0.9993,7.0E-4],"evs":[0.0,-2.06958]},"K6s":{"weight":0.0,"played":[0.9421,0.0579],"evs":[0.0,-2.07324]},"K7s":{"weight":0.0,"played":[0.9704,0.0296],"evs":[0.0,-2.29147]},"K8s":{"weight":2.0E-4,"played":[0.9968,0.0032],"evs":[0.0,-1.27536]},"K9s":{"weight":0.2899,"played":[0.65,0.35],"evs":[0.0,-0.45377]},"KTs":{"weight":0.0427,"played":[0.8428,0.1572],"evs":[0.0,-1.22135]},"KJs":{"weight":0.4972,"played":[0.9234,0.0766],"evs":[0.0,-0.24275]},"KQs":{"weight":0.9862,"played":[0.16,0.84],"evs":[0.0,2.71075]},"KK":{"weight":0.0368,"played":[0.0,1.0],"evs":[0.0,19.16858]},"AKo":{"weight":2.0E-4,"played":[5.0E-4,0.9995],"evs":[0.0,4.77961]},"A2s":{"weight":0.6819,"played":[0.9389,0.0611],"evs":[0.0,-2.45755]},"A3s":{"weight":0.0467,"played":[0.9994,6.0E-4],"evs":[0.0,-2.60814]},"A4s":{"weight":0.0119,"played":[0.9015,0.0985],"evs":[0.0,-4.73534]},"A5s":{"weight":0.0089,"played":[0.9495,0.0505],"evs":[0.0,-1.77457]},"A6s":{"weight":0.3177,"played":[0.9941,0.0059],"evs":[0.0,-1.75452]},"A7s":{"weight":7.0E-4,"played":[0.9783,0.0217],"evs":[0.0,-2.52287]},"A8s":{"weight":0.1807,"played":[0.9909,0.0091],"evs":[0.0,-1.07486]},"A9s":{"weight":0.2691,"played":[0.2404,0.7596],"evs":[0.0,1.46638]},"ATs":{"weight":0.28,"played":[0.1607,0.8393],"evs":[0.0,0.33489]},"AJs":{"weight":0.9379,"played":[1.0E-4,0.9999],"evs":[0.0,5.19686]},"AQs":{"weight":0.2098,"played":[0.0144,0.9856],"evs":[0.0,3.55845]},"AKs":{"weight":0.0,"played":[2.0E-4,0.9998],"evs":[0.0,7.13527]},"AA":{"weight":1.0,"played":[0.0,1.0],"evs":[0.0,25.65583]}}}