{"player":3,"street":0,"children":2,"sequence":[{"player":0,"type":"F","amount":0,"street":0},{"player":1,"type":"R","amount":200000,"street":0},{"player":2,"type":"C","amount":200000,"street":0},{"player":3,"type":"C","amount":200000,"street":0},{"player":4,"type":"R","amount":1085000,"street":0},{"player":5,"type":"R","amount":2235000,"street":0},{"player":1,"type":"F","amount":0,"street":0},{"player":2,"type":"R","amount":2985000,"street":0}],"actions":[{"type":"F","amount":0},{"type":"C","amount":2785000}],"hands":{"22":{"weight":0.9975,"played":[0.7913,0.2087],"evs":[0.0,-5.04941]},"32o":{"weight":0.0,"played":[0.9997,3.0E-4],"evs":[0.0,-6.69539]},"42o":{"weight":0.0,"played":[1.0,0.0],"evs":[0.0,-7.26541]},"52o":{"weight":0.0,"played":[0.9866,0.0134],"evs":[0.0,-4.95099]},"62o":{"weight":0.0,"played":[0.9735,0.0265],"evs":[0.0,-5.63085]},"72o":{"weight":0.0,"played":[0.9985,0.0015],"evs":[0.0,-4.9739]},"82o":{"weight":0.0,"played":[0.9945,0.0055],"evs":[0.0,-5.8338]},"92o":{"weight":0.0,"played":[0.9997,3.0E-4],"evs":[0.0,-6.96451]},"T2o":{"weight":0.0,"played":[0.9597,0.0403],"evs":[0.0,-9.31351]},"J2o":{"weight":0.0,"played":[0.9981,0.0019],"evs":[0.0,-6.09068]},"Q2o":{"weight":0.0,"played":[0.9997,3.0E-4],"evs":[0.0,-4.44162]},"K2o":{"weight":0.0,"played":[0.9984,0.0016],"evs":[0.0,-6.97042]},"A2o":{"weight":0.0,"played":[0.7449,0.2551],"evs":[0.0,-1.47409]},"32s":{"weight":0.0,"played":[0.3579,0.6421],"evs":[0.0,-2.79941]},"33":{"weight":0.996,"played":[0.7975,0.2025],"evs":[0.0,-1.34535]},"43o":{"weight":0.0,"played":[0.9998,2.0E-4],"evs":[0.0,-6.1175]},"53o":{"weight":0.0,"played":[0.9562,0.0438],"evs":[0.0,-4.29696]},"63o":{"weight":0.0,"played":[0.9966,0.0034],"evs":[0.0,-5.55104]},"73o":{"weight":0.0,"played":[0.9968,0.0032],"evs":[0.0,-8.08473]},"83o":{"weight":0.0,"played":[0.996,0.004],"evs":[0.0,-7.51259]},"93o":{"weight":0.0,"played":[0.9999,1.0E-4],"evs":[0.0,-7.0259]},"T3o":{"weight":0.0,"played":[0.9512,0.0488],"evs":[0.0,-5.35104]},"J3o":{"weight":0.0,"played":[0.9774,0.0226],"evs":[0.0,-8.53103]},"Q3o":{"weight":0.0,"played":[1.0,0.0],"evs":[0.0,-3.9618]},"K3o":{"weight":0.0,"played":[0.9742,0.0258],"evs":[0.0,-5.94926]},"A3o":{"weight":0.0,"played":[0.7906,0.2094],"evs":[0.0,-1.7978]},"42s":{"weight":0.0,"played":[1.0,0.0],"evs":[0.0,-2.81102]},"43s":{"weight":0.0,"played":[0.9148,0.0852],"evs":[0.0,-6.363]},"44":{"weight":0.9973,"played":[0.6078,0.3922],"evs":[0.0,0.6895]},"54o":{"weight":0.0,"played":[1.0,0.0],"evs":[0.0,-5.96969]},"64o":{"weight":0.0,"played":[0.9947,0.0053],"evs":[0.0,-2.31379]},"74o":{"weight":0.0,"played":[0.9989,0.0011],"evs":[0.0,-4.39043]},"84o":{"weight":0.0,"played":[0.9992,8.0E-4],"evs":[0.0,-7.367]},"94o":{"weight":0.0,"played":[0.9938,0.0062],"evs":[0.0,-2.72598]},"T4o":{"weight":0.0,"played":[0.9749,0.0251],"evs":[0.0,-2.30323]},"J4o":{"weight":0.0,"played":[0.9994,6.0E-4],"evs":[0.0,-8.48481]},"Q4o":{"weight":0.0,"played":[0.9968,0.0032],"evs":[0.0,-3.77541]},"K4o":{"weight":0.0,"played":[1.0,0.0],"evs":[0.0,-8.72545]},"A4o":{"weight":0.0,"played":[0.9624,0.0376],"evs":[0.0,-2.13667]},"52s":{"weight":0.0,"played":[0.8779,0.1221],"evs":[0.0,-5.20233]},"53s":{"weight":0.0,"played":[0.5942,0.4058],"evs":[0.0,-2.36084]},"54s":{"weight":0.452,"played":[0.9731,0.0269],"evs":[0.0,-6.89939]},"55":{"weight":0.9994,"played":[0.5017,0.4983],"evs":[0.0,-2.14977]},"65o":{"weight":0.0,"played":[0.9902,0.0098],"evs":[0.0,-3.90577]},"75o":{"weight":0.0,"played":[0.8852,0.1148],"evs":[0.0,-4.48339]},"85o":{"weight":0.0,"played":[0.9965,0.0035],"evs":[0.0,-3.67083]},"95o":{"weight":0.0,"played":[0.879,0.121],"evs":[0.0,-4.90099]},"T5o":{"weight":0.0,"played":[0.9936,0.0064],"evs":[0.0,-8.40869]},"J5o":{"weight":0.0,"played":[0.9919,0.0081],"evs":[0.0,-5.70972]},"Q5o":{"weight":0.0,"played":[0.9979,0.0021],"evs":[0.0,-2.05981]},"K5o":{"weight":0.0,"played":[0.9798,0.0202],"evs":[0.0,-4.98552]},"A5o":{"weight":0.0,"played":[0.9157,0.0843],"evs":[0.0,-6.4497]},"62s":{"weight":0.0,"played":[0.6665,0.3335],"evs":[0.0,-7.67956]},"63s":{"weight":0.0,"played":[0.9887,0.0113],"evs":[0.0,-6.59944]},"64s":{"weight":0.0,"played":[0.488,0.512],"evs":[0.0,0.3874]},"65s":{"weight":0.9729,"played":[0.992,0.008],"evs":[0.0,-3.11595]},"66":{"weight":0.9867,"played":[0.4331,0.5669],"evs":[0.0,0.31329]},"76o":{"weight":0.0,"played":[0.9938,0.0062],"evs":[0.0,-0.46515]},"86o":{"weight":0.0,"played":[0.9919,0.0081],"evs":[0.0,-3.58463]},"96o":{"weight":0.0,"played":[0.9018,0.0982],"evs":[0.0,-2.14327]},"T6o":{"weight":0.0,"played":[0.9955,0.0045],"evs":[0.0,-5.66508]},"J6o":{"weight":0.0,"played":[0.9997,3.0E-4],"evs":[0.0,-3.16202]},"Q6o":{"weight":0.0,"played":[0.9999,1.0E-4],"evs":[0.0,-2.16235]},"K6o":{"weight":0.0,"played":[0.9859,0.0141],"evs":[0.0,-3.99469]},"A6o":{"weight":0.0,"played":[0.9788,0.0212],"evs":[0.0,-5.0716]},"72s":{"weight":0.0,"played":[1.0,0.0],"evs":[0.0,-7.1084]},"73s":{"weight":0.0,"played":[0.9737,0.0263],"evs":[0.0,-1.35308]},"74s":{"weight":0.0,"played":[0.9982,0.0018],"evs":[0.0,-6.67491]},"75s":{"weight":0.2343,"played":[0.909,0.091],"evs":[0.0,-3.32461]},"76s":{"weight":0.6353,"played":[0.8251,0.1749],"evs":[0.0,-4.43335]},"77":{"weight":0.9977,"played":[0.0847,0.9153],"evs":[0.0,1.70587]},"87o":{"weight":0.0,"played":[0.968,0.032],"evs":[0.0,-3.18177]},"97o":{"weight":0.0,"played":[0.6901,0.3099],"evs":[0.0,-1.44856]},"T7o":{"weight":0.0,"played":[0.875,0.125],"evs":[0.0,-4.97551]},"J7o":{"weight":0.0,"played":[0.953,0.047],"evs":[0.0,-8.63659]},"Q7o":{"weight":0.0,"played":[0.9922,0.0078],"evs":[0.0,-3.22672]},"K7o":{"weight":0.0,"played":[0.7765,0.2235],"evs":[0.0,-7.27699]},"A7o":{"weight":0.0,"played":[0.8173,0.1827],"evs":[0.0,-1.82846]},"82s":{"weight":0.0,"played":[0.8418,0.1582],"evs":[0.0,-7.62909]},"83s":{"weight":0.0,"played":[0.9792,0.0208],"evs":[0.0,-9.08114]},"84s":{"weight":0.0,"played":[0.9294,0.0706],"evs":[0.0,-4.14789]},"85s":{"weight":0.0,"played":[0.9095,0.0905],"evs":[0.0,-3.01016]},"86s":{"weight":0.0822,"played":[0.2718,0.7282],"evs":[0.0,3.53686]},"87s":{"weight":0.0944,"played":[0.7461,0.2539],"evs":[0.0,-3.99036]},"88":{"weight":0.3493,"played":[0.0472,0.9528],"evs":[0.0,1.03086]},"98o":{"weight":0.0,"played":[0.7035,0.2965],"evs":[0.0,-3.81948]},"T8o":{"weight":0.0,"played":[0.8494,0.1506],"evs":[0.0,-5.38577]},"J8o":{"weight":0.0,"played":[1.0,0.0],"evs":[0.0,-7.01609]},"Q8o":{"weight":0.0,"played":[0.9969,0.0031],"evs":[0.0,-4.9211]},"K8o":{"weight":0.0,"played":[0.994,0.006],"evs":[0.0,-4.7303]},"A8o":{"weight":0.0,"played":[0.9663,0.0337],"evs":[0.0,-3.94795]},"92s":{"weight":0.0,"played":[0.9346,0.0654],"evs":[0.0,-5.0176]},"93s":{"weight":0.0,"played":[0.9608,0.0392],"evs":[0.0,-9.11626]},"94s":{"weight":0.0,"played":[0.91,0.09],"evs":[0.0,-6.66734]},"95s":{"weight":0.0,"played":[0.8273,0.1727],"evs":[0.0,-3.0105]},"96s":{"weight":0.0,"played":[0.6856,0.3144],"evs":[0.0,-2.68521]},"97s":{"weight":0.1608,"played":[0.3443,0.6557],"evs":[0.0,-0.17176]},"98s":{"weight":0.6024,"played":[0.8429,0.1571],"evs":[0.0,-4.77089]},"99":{"weight":4.0E-4,"played":[6.0E-4,0.9994],"evs":[0.0,6.25303]},"T9o":{"weight":0.0,"played":[0.958,0.042],"evs":[0.0,-3.87911]},"J9o":{"weight":0.0,"played":[0.9445,0.0555],"evs":[0.0,-4.96681]},"Q9o":{"weight":0.0,"played":[0.9532,0.0468],"evs":[0.0,-3.88178]},"K9o":{"weight":0.0,"played":[0.9376,0.0624],"evs":[0.0,-6.14791]},"A9o":{"weight":0.0,"played":[0.6215,0.3785],"evs":[0.0,-3.5242]},"T2s":{"weight":0.0,"played":[0.7239,0.2761],"evs":[0.0,-1.58207]},"T3s":{"weight":0.0,"played":[1.0,0.0],"evs":[0.0,-3.27817]},"T4s":{"weight":0.0,"played":[0.9964,0.0036],"evs":[0.0,-8.44266]},"T5s":{"weight":0.0,"played":[0.8774,0.1226],"evs":[0.0,-4.01097]},"T6s":{"weight":0.0,"played":[0.582,0.418],"evs":[0.0,-0.51445]},"T7s":{"weight":0.0,"played":[0.0118,0.9882],"evs":[0.0,1.2777]},"T8s":{"weight":0.4763,"played":[0.4188,0.5812],"evs":[0.0,0.55179]},"T9s":{"weight":0.6795,"played":[0.4747,0.5253],"evs":[0.0,0.26828]},"TT":{"weight":0.0,"played":[2.0E-4,0.9998],"evs":[0.0,12.57086]},"JTo":{"weight":0.0,"played":[0.8957,0.1043],"evs":[0.0,-3.63617]},"QTo":{"weight":0.0,"played":[0.866,0.134],"evs":[0.0,-1.20235]},"KTo":{"weight":0.0,"played":[0.8737,0.1263],"evs":[0.0,-3.07568]},"ATo":{"weight":0.8998,"played":[0.7501,0.2499],"evs":[0.0,-2.82636]},"J2s":{"weight":0.0,"played":[0.6924,0.3076],"evs":[0.0,-0.64463]},"J3s":{"weight":0.0,"played":[0.1562,0.8438],"evs":[0.0,0.69571]},"J4s":{"weight":0.0,"played":[0.3764,0.6236],"evs":[0.0,-0.1434]},"J5s":{"weight":0.0,"played":[0.8319,0.1681],"evs":[0.0,-6.14636]},"J6s":{"weight":0.0,"played":[0.5417,0.4583],"evs":[0.0,-1.49207]},"J7s":{"weight":0.0,"played":[0.7567,0.2433],"evs":[0.0,2.17048]},"J8s":{"weight":1.0E-4,"played":[0.5285,0.4715],"evs":[0.0,0.96099]},"J9s":{"weight":0.0119,"played":[0.8855,0.1145],"evs":[0.0,0.55169]},"JTs":{"weight":0.8695,"played":[0.678,0.322],"evs":[0.0,-0.0429]},"JJ":{"weight":2.0E-4,"played":[0.0,1.0],"evs":[0.0,10.64001]},"QJo":{"weight":0.0,"played":[0.4967,0.5033],"evs":[0.0,0.33569]},"KJo":{"weight":0.0044,"played":[0.8849,0.1151],"evs":[0.0,-2.62331]},"AJo":{"weight":0.8224,"played":[0.2742,0.7258],"evs":[0.0,1.43128]},"Q2s":{"weight":0.0,"played":[0.9649,0.0351],"evs":[0.0,-2.37614]},"Q3s":{"weight":0.0,"played":[0.9867,0.0133],"evs":[0.0,-6.26075]},"Q4s":{"weight":0.0,"played":[0.9998,2.0E-4],"evs":[0.0,-6.86728]},"Q5s":{"weight":0.0,"played":[0.9858,0.0142],"evs":[0.0,-2.74784]},"Q6s":{"weight":0.0,"played":[0.9814,0.0186],"evs":[0.0,-8.20324]},"Q7s":{"weight":0.0,"played":[0.3875,0.6125],"evs":[0.0,0.07241]},"Q8s":{"weight":0.0,"played":[0.9937,0.0063],"evs":[0.0,-5.16666]},"Q9s":{"weight":0.008,"played":[1.0,0.0],"evs":[0.0,-9.73046]},"QTs":{"weight":0.6536,"played":[0.3414,0.6586],"evs":[0.0,2.41563]},"QJs":{"weight":0.956,"played":[0.1145,0.8855],"evs":[0.0,0.54021]},"QQ":{"weight":0.037,"played":[0.0,1.0],"evs":[0.0,16.25472]},"KQo":{"weight":1.0,"played":[0.6651,0.3349],"evs":[0.0,-0.59954]},"AQo":{"weight":0.0024,"played":[0.0755,0.9245],"evs":[0.0,0.11931]},"K2s":{"weight":0.0,"played":[0.8977,0.1023],"evs":[0.0,-4.09347]},"K3s":{"weight":2.0E-4,"played":[0.7857,0.2143],"evs":[0.0,-5.88206]},"K4s":{"weight":0.0,"played":[0.9883,0.0117],"evs":[0.0,-3.50669]},"K5s":{"weight":0.0,"played":[0.9759,0.0241],"evs":[0.0,-5.76637]},"K6s":{"weight":0.0,"played":[0.8248,0.1752],"evs":[0.0,-3.39829]},"K7s":{"weight":0.0,"played":[0.5196,0.4804],"evs":[0.0,-1.36456]},"K8s":{"weight":2.0E-4,"played":[0.9198,0.0802],"evs":[0.0,-9.62799]},"K9s":{"weight":0.2899,"played":[0.6356,0.3644],"evs":[0.0,3.96318]},"KTs":{"weight":0.0427,"played":[0.2112,0.7888],"evs":[0.0,3.86933]},"KJs":{"weight":0.4972,"played":[0.4876,0.5124],"evs":[0.0,-1.20135]},"KQs":{"weight":0.9862,"played":[0.1445,0.8555],"evs":[0.0,5.24346]},"KK":{"weight":0.0368,"played":[0.0,1.0],"evs":[0.0,23.01964]},"AKo":{"weight":2.0E-4,"played":[0.0058,0.9942],"evs":[0.0,4.76957]},"A2s":{"weight":0.6819,"played":[0.5333,0.4667],"evs":[0.0,0.03884]},"A3s":{"weight":0.0467,"played":[0.5413,0.4587],"evs":[0.0,1.66078]},"A4s":{"weight":0.0119,"played":[0.3351,0.6649],"evs":[0.0,-1.75913]},"A5s":{"weight":0.0089,"played":[0.6139,0.3861],"evs":[0.0,-5.64518]},"A6s":{"weight":0.3177,"played":[0.918,0.082],"evs":[0.0,-1.70299]},"A7s":{"weight":7.0E-4,"played":[0.9204,0.0796],"evs":[0.0,-2.64705]},"A8s":{"weight":0.1807,"played":[0.7035,0.2965],"evs":[0.0,-2.05673]},"A9s":{"weight":0.2691,"played":[0.8973,0.1027],"evs":[0.0,-5.47495]},"ATs":{"weight":0.28,"played":[0.2659,0.7341],"evs":[0.0,-0.97559]},"AJs":{"weight":0.9379,"played":[0.2465,0.7535],"evs":[0.0,5.08577]},"AQs":{"weight":0.2098,"played":[0.138,0.862],"evs":[0.0,1.41263]},"AKs":{"weight":0.0,"played":[0.0046,0.9954],"evs":[0.0,16.02706]},"AA":{"weight":1.0,"played":[0.0012,0.9988],"evs":[0.0,26.44385]}}}