{"player":5,"street":0,"children":2,"sequence":[{"player":0,"type":"F","amount":0,"street":0},{"player":1,"type":"F","amount":0,"street":0},{"player":2,"type":"F","amount":0,"street":0},{"player":3,"type":"R","amount":2235000,"street":0},{"player":4,"type":"F","amount":0,"street":0}],"actions":[{"type":"F","amount":0},{"type":"C","amount":2135000}],"hands":{"22":{"weight":1.0,"played":[0.9963,0.0037],"evs":[0.0,-0.11768]},"32o":{"weight":1.0,"played":[1.0,0.0],"evs":[0.0,-5.7228]},"42o":{"weight":1.0,"played":[1.0,0.0],"evs":[0.0,-5.42464]},"52o":{"weight":1.0,"played":[1.0,0.0],"evs":[0.0,-5.12406]},"62o":{"weight":1.0,"played":[1.0,0.0],"evs":[0.0,-5.64577]},"72o":{"weight":1.0,"played":[1.0,0.0],"evs":[0.0,-5.79059]},"82o":{"weight":1.0,"played":[1.0,0.0],"evs":[0.0,-5.54168]},"92o":{"weight":1.0,"played":[1.0,0.0],"evs":[0.0,-5.39575]},"T2o":{"weight":1.0,"played":[1.0,0.0],"evs":[0.0,-4.55406]},"J2o":{"weight":1.0,"played":[1.0,0.0],"evs":[0.0,-4.34072]},"Q2o":{"weight":1.0,"played":[1.0,0.0],"evs":[0.0,-4.26273]},"K2o":{"weight":1.0,"played":[1.0,0.0],"evs":[0.0,-3.20466]},"A2o":{"weight":1.0,"played":[1.0,0.0],"evs":[0.0,-1.06192]},"32s":{"weight":1.0,"played":[1.0,0.0],"evs":[0.0,-4.47134]},"33":{"weight":1.0,"played":[0.0,1.0],"evs":[0.0,1.14661]},"43o":{"weight":1.0,"played":[1.0,0.0],"evs":[0.0,-4.75704]},"53o":{"weight":1.0,"played":[1.0,0.0],"evs":[0.0,-4.49525]},"63o":{"weight":1.0,"played":[1.0,0.0],"evs":[0.0,-4.93777]},"73o":{"weight":1.0,"played":[1.0,0.0],"evs":[0.0,-5.10239]},"83o":{"weight":1.0,"played":[1.0,0.0],"evs":[0.0,-5.30166]},"93o":{"weight":1.0,"played":[1.0,0.0],"evs":[0.0,-5.05202]},"T3o":{"weight":1.0,"played":[1.0,0.0],"evs":[0.0,-4.2209]},"J3o":{"weight":1.0,"played":[1.0,0.0],"evs":[0.0,-3.98111]},"Q3o":{"weight":1.0,"played":[1.0,0.0],"evs":[0.0,-3.89946]},"K3o":{"weight":1.0,"played":[1.0,0.0],"evs":[0.0,-2.89774]},"A3o":{"weight":1.0,"played":[1.0,0.0],"evs":[0.0,-0.70776]},"42s":{"weight":1.0,"played":[1.0,0.0],"evs":[0.0,-4.21372]},"43s":{"weight":1.0,"played":[1.0,0.0],"evs":[0.0,-3.60894]},"44":{"weight":1.0,"played":[0.0,1.0],"evs":[0.0,2.39494]},"54o":{"weight":1.0,"played":[1.0,0.0],"evs":[0.0,-3.95342]},"64o":{"weight":1.0,"played":[1.0,0.0],"evs":[0.0,-4.40155]},"74o":{"weight":1.0,"played":[1.0,0.0],"evs":[0.0,-4.52201]},"84o":{"weight":1.0,"played":[1.0,0.0],"evs":[0.0,-4.74057]},"94o":{"weight":1.0,"played":[1.0,0.0],"evs":[0.0,-4.87284]},"T4o":{"weight":1.0,"played":[1.0,0.0],"evs":[0.0,-3.99575]},"J4o":{"weight":1.0,"played":[1.0,0.0],"evs":[0.0,-3.79384]},"Q4o":{"weight":1.0,"played":[1.0,0.0],"evs":[0.0,-3.6659]},"K4o":{"weight":1.0,"played":[1.0,0.0],"evs":[0.0,-2.65895]},"A4o":{"weight":1.0,"played":[0.9998,2.0E-4],"evs":[0.0,-0.35847]},"52s":{"weight":1.0,"played":[1.0,0.0],"evs":[0.0,-3.99588]},"53s":{"weight":1.0,"played":[1.0,0.0],"evs":[0.0,-3.354]},"54s":{"weight":1.0,"played":[1.0,0.0],"evs":[0.0,-2.79479]},"55":{"weight":1.0,"played":[0.0,1.0],"evs":[0.0,3.13275]},"65o":{"weight":1.0,"played":[1.0,0.0],"evs":[0.0,-3.76287]},"75o":{"weight":1.0,"played":[1.0,0.0],"evs":[0.0,-3.90174]},"85o":{"weight":1.0,"played":[1.0,0.0],"evs":[0.0,-4.10324]},"95o":{"weight":1.0,"played":[1.0,0.0],"evs":[0.0,-4.2309]},"T5o":{"weight":1.0,"played":[1.0,0.0],"evs":[0.0,-3.78507]},"J5o":{"weight":1.0,"played":[1.0,0.0],"evs":[0.0,-3.4608]},"Q5o":{"weight":1.0,"played":[1.0,0.0],"evs":[0.0,-3.37554]},"K5o":{"weight":1.0,"played":[1.0,0.0],"evs":[0.0,-2.31184]},"A5o":{"weight":1.0,"played":[0.4982,0.5018],"evs":[0.0,0.02404]},"62s":{"weight":1.0,"played":[1.0,0.0],"evs":[0.0,-4.35435]},"63s":{"weight":1.0,"played":[1.0,0.0],"evs":[0.0,-3.80914]},"64s":{"weight":1.0,"played":[1.0,0.0],"evs":[0.0,-3.25015]},"65s":{"weight":1.0,"played":[1.0,0.0],"evs":[0.0,-2.66284]},"66":{"weight":1.0,"played":[0.0,1.0],"evs":[0.0,3.66347]},"76o":{"weight":1.0,"played":[1.0,0.0],"evs":[0.0,-3.63183]},"86o":{"weight":1.0,"played":[1.0,0.0],"evs":[0.0,-3.75915]},"96o":{"weight":1.0,"played":[1.0,0.0],"evs":[0.0,-3.93767]},"T6o":{"weight":1.0,"played":[1.0,0.0],"evs":[0.0,-3.47832]},"J6o":{"weight":1.0,"played":[1.0,0.0],"evs":[0.0,-3.56853]},"Q6o":{"weight":1.0,"played":[1.0,0.0],"evs":[0.0,-3.40804]},"K6o":{"weight":1.0,"played":[1.0,0.0],"evs":[0.0,-2.30017]},"A6o":{"weight":1.0,"played":[0.0,1.0],"evs":[0.0,0.2579]},"72s":{"weight":1.0,"played":[1.0,0.0],"evs":[0.0,-4.58811]},"73s":{"weight":1.0,"played":[1.0,0.0],"evs":[0.0,-3.98427]},"74s":{"weight":1.0,"played":[1.0,0.0],"evs":[0.0,-3.3824]},"75s":{"weight":1.0,"played":[1.0,0.0],"evs":[0.0,-2.85138]},"76s":{"weight":1.0,"played":[1.0,0.0],"evs":[0.0,-2.53648]},"77":{"weight":1.0,"played":[0.0,1.0],"evs":[0.0,4.32468]},"87o":{"weight":1.0,"played":[1.0,0.0],"evs":[0.0,-3.22004]},"97o":{"weight":1.0,"played":[1.0,0.0],"evs":[0.0,-3.40015]},"T7o":{"weight":1.0,"played":[1.0,0.0],"evs":[0.0,-2.9718]},"J7o":{"weight":1.0,"played":[1.0,0.0],"evs":[0.0,-3.01869]},"Q7o":{"weight":1.0,"played":[1.0,0.0],"evs":[0.0,-3.27345]},"K7o":{"weight":1.0,"played":[1.0,0.0],"evs":[0.0,-2.04259]},"A7o":{"weight":1.0,"played":[0.0,1.0],"evs":[0.0,1.22637]},"82s":{"weight":1.0,"played":[1.0,0.0],"evs":[0.0,-4.3183]},"83s":{"weight":1.0,"played":[1.0,0.0],"evs":[0.0,-4.06972]},"84s":{"weight":1.0,"played":[1.0,0.0],"evs":[0.0,-3.54116]},"85s":{"weight":1.0,"played":[1.0,0.0],"evs":[0.0,-3.00394]},"86s":{"weight":1.0,"played":[1.0,0.0],"evs":[0.0,-2.66931]},"87s":{"weight":1.0,"played":[1.0,0.0],"evs":[0.0,-2.24022]},"88":{"weight":1.0,"played":[0.0,1.0],"evs":[0.0,5.08621]},"98o":{"weight":1.0,"played":[1.0,0.0],"evs":[0.0,-2.76723]},"T8o":{"weight":1.0,"played":[1.0,0.0],"evs":[0.0,-2.40553]},"J8o":{"weight":1.0,"played":[1.0,0.0],"evs":[0.0,-2.4268]},"Q8o":{"weight":1.0,"played":[1.0,0.0],"evs":[0.0,-2.70771]},"K8o":{"weight":1.0,"played":[1.0,0.0],"evs":[0.0,-1.80964]},"A8o":{"weight":1.0,"played":[0.0,1.0],"evs":[0.0,2.65405]},"92s":{"weight":1.0,"played":[1.0,0.0],"evs":[0.0,-4.1278]},"93s":{"weight":1.0,"played":[1.0,0.0],"evs":[0.0,-3.85039]},"94s":{"weight":1.0,"played":[1.0,0.0],"evs":[0.0,-3.71724]},"95s":{"weight":1.0,"played":[1.0,0.0],"evs":[0.0,-3.10031]},"96s":{"weight":1.0,"played":[1.0,0.0],"evs":[0.0,-2.81758]},"97s":{"weight":1.0,"played":[1.0,0.0],"evs":[0.0,-2.3544]},"98s":{"weight":1.0,"played":[1.0,0.0],"evs":[0.0,-1.79071]},"99":{"weight":1.0,"played":[0.0,1.0],"evs":[0.0,6.15923]},"T9o":{"weight":1.0,"played":[1.0,0.0],"evs":[0.0,-1.81016]},"J9o":{"weight":1.0,"played":[1.0,0.0],"evs":[0.0,-1.8557]},"Q9o":{"weight":1.0,"played":[1.0,0.0],"evs":[0.0,-1.87379]},"K9o":{"weight":1.0,"played":[1.0,0.0],"evs":[0.0,-0.97348]},"A9o":{"weight":1.0,"played":[0.0,1.0],"evs":[0.0,4.41554]},"T2s":{"weight":1.0,"played":[1.0,0.0],"evs":[0.0,-3.38877]},"T3s":{"weight":1.0,"played":[1.0,0.0],"evs":[0.0,-3.09267]},"T4s":{"weight":1.0,"played":[1.0,0.0],"evs":[0.0,-2.94292]},"T5s":{"weight":1.0,"played":[1.0,0.0],"evs":[0.0,-2.66662]},"T6s":{"weight":1.0,"played":[1.0,0.0],"evs":[0.0,-2.43474]},"T7s":{"weight":1.0,"played":[1.0,0.0],"evs":[0.0,-1.96669]},"T8s":{"weight":1.0,"played":[1.0,0.0],"evs":[0.0,-1.43657]},"T9s":{"weight":1.0,"played":[1.0,0.0],"evs":[0.0,-0.8514]},"TT":{"weight":1.0,"played":[0.0,1.0],"evs":[0.0,6.90115]},"JTo":{"weight":1.0,"played":[1.0,0.0],"evs":[0.0,-0.74912]},"QTo":{"weight":1.0,"played":[1.0,0.0],"evs":[0.0,-0.59374]},"KTo":{"weight":1.0,"played":[0.9342,0.0658],"evs":[0.0,-0.04318]},"ATo":{"weight":1.0,"played":[0.0,1.0],"evs":[0.0,5.58237]},"J2s":{"weight":1.0,"played":[1.0,0.0],"evs":[0.0,-3.11959]},"J3s":{"weight":1.0,"played":[1.0,0.0],"evs":[0.0,-2.84712]},"J4s":{"weight":1.0,"played":[1.0,0.0],"evs":[0.0,-2.69572]},"J5s":{"weight":1.0,"played":[1.0,0.0],"evs":[0.0,-2.41847]},"J6s":{"weight":1.0,"played":[1.0,0.0],"evs":[0.0,-2.49507]},"J7s":{"weight":1.0,"played":[1.0,0.0],"evs":[0.0,-2.01714]},"J8s":{"weight":1.0,"played":[1.0,0.0],"evs":[0.0,-1.49041]},"J9s":{"weight":1.0,"played":[1.0,0.0],"evs":[0.0,-0.84081]},"JTs":{"weight":1.0,"played":[0.0816,0.9184],"evs":[0.0,0.10024]},"JJ":{"weight":1.0,"played":[0.0,1.0],"evs":[0.0,7.36672]},"QJo":{"weight":1.0,"played":[0.9806,0.0194],"evs":[0.0,-0.20353]},"KJo":{"weight":1.0,"played":[0.0237,0.9763],"evs":[0.0,0.05973]},"AJo":{"weight":1.0,"played":[0.0,1.0],"evs":[0.0,5.84643]},"Q2s":{"weight":1.0,"played":[1.0,0.0],"evs":[0.0,-3.12488]},"Q3s":{"weight":1.0,"played":[1.0,0.0],"evs":[0.0,-2.65701]},"Q4s":{"weight":1.0,"played":[1.0,0.0],"evs":[0.0,-2.50375]},"Q5s":{"weight":1.0,"played":[1.0,0.0],"evs":[0.0,-2.25551]},"Q6s":{"weight":1.0,"played":[1.0,0.0],"evs":[0.0,-2.29857]},"Q7s":{"weight":1.0,"played":[1.0,0.0],"evs":[0.0,-2.19948]},"Q8s":{"weight":1.0,"played":[1.0,0.0],"evs":[0.0,-1.61791]},"Q9s":{"weight":1.0,"played":[1.0,0.0],"evs":[0.0,-0.95676]},"QTs":{"weight":1.0,"played":[5.0E-4,0.9995],"evs":[0.0,0.28003]},"QJs":{"weight":1.0,"played":[0.0,1.0],"evs":[0.0,0.72442]},"QQ":{"weight":1.0,"played":[0.0,1.0],"evs":[0.0,7.97643]},"KQo":{"weight":1.0,"played":[0.0,1.0],"evs":[0.0,0.5103]},"AQo":{"weight":1.0,"played":[0.0,1.0],"evs":[0.0,6.39429]},"K2s":{"weight":1.0,"played":[1.0,0.0],"evs":[0.0,-2.10697]},"K3s":{"weight":1.0,"played":[1.0,0.0],"evs":[0.0,-1.8731]},"K4s":{"weight":1.0,"played":[1.0,0.0],"evs":[0.0,-1.60506]},"K5s":{"weight":1.0,"played":[1.0,0.0],"evs":[0.0,-1.26976]},"K6s":{"weight":1.0,"played":[1.0,0.0],"evs":[0.0,-1.21219]},"K7s":{"weight":1.0,"played":[1.0,0.0],"evs":[0.0,-1.04977]},"K8s":{"weight":1.0,"played":[1.0,0.0],"evs":[0.0,-0.80501]},"K9s":{"weight":1.0,"played":[0.9949,0.0051],"evs":[0.0,-0.10925]},"KTs":{"weight":1.0,"played":[0.0,1.0],"evs":[0.0,0.86534]},"KJs":{"weight":1.0,"played":[0.0,1.0],"evs":[0.0,0.93171]},"KQs":{"weight":1.0,"played":[0.0,1.0],"evs":[0.0,1.43603]},"KK":{"weight":1.0,"played":[0.0,1.0],"evs":[0.0,8.50368]},"AKo":{"weight":1.0,"played":[0.0,1.0],"evs":[0.0,6.40538]},"A2s":{"weight":1.0,"played":[0.9548,0.0452],"evs":[0.0,-0.05674]},"A3s":{"weight":1.0,"played":[0.0,1.0],"evs":[0.0,0.28399]},"A4s":{"weight":1.0,"played":[0.0,1.0],"evs":[0.0,0.54983]},"A5s":{"weight":1.0,"played":[0.0,1.0],"evs":[0.0,0.95122]},"A6s":{"weight":1.0,"played":[0.0,1.0],"evs":[0.0,1.10799]},"A7s":{"weight":1.0,"played":[0.0,1.0],"evs":[0.0,2.03627]},"A8s":{"weight":1.0,"played":[0.0,1.0],"evs":[0.0,3.32571]},"A9s":{"weight":1.0,"played":[0.0,1.0],"evs":[0.0,4.97157]},"ATs":{"weight":1.0,"played":[0.0,1.0],"evs":[0.0,6.09653]},"AJs":{"weight":1.0,"played":[0.0,1.0],"evs":[0.0,6.36626]},"AQs":{"weight":1.0,"played":[0.0,1.0],"evs":[0.0,6.86901]},"AKs":{"weight":1.0,"played":[0.0,1.0],"evs":[0.0,6.87305]},"AA":{"weight":1.0,"played":[0.0,1.0],"evs":[0.0,12.34625]}}}