{"player":4,"street":0,"children":2,"sequence":[{"player":0,"type":"F","amount":0,"street":0},{"player":1,"type":"R","amount":200000,"street":0},{"player":2,"type":"R","amount":500000,"street":0},{"player":3,"type":"F","amount":0,"street":0}],"actions":[{"type":"F","amount":0,"node":207},{"type":"R","amount":1085000,"node":213}],"hands":{"22":{"weight":1.0,"played":[0.9999,1.0E-4],"evs":[0.0,-0.47785]},"32o":{"weight":1.0,"played":[1.0,0.0],"evs":[0.0,-2.57557]},"42o":{"weight":1.0,"played":[1.0,0.0],"evs":[0.0,-2.50847]},"52o":{"weight":1.0,"played":[1.0,0.0],"evs":[0.0,-2.42802]},"62o":{"weight":1.0,"played":[1.0,0.0],"evs":[0.0,-2.76191]},"72o":{"weight":1.0,"played":[1.0,0.0],"evs":[0.0,-3.08061]},"82o":{"weight":1.0,"played":[1.0,0.0],"evs":[0.0,-2.96604]},"92o":{"weight":1.0,"played":[1.0,0.0],"evs":[0.0,-3.10773]},"T2o":{"weight":1.0,"played":[1.0,0.0],"evs":[0.0,-3.09758]},"J2o":{"weight":1.0,"played":[1.0,0.0],"evs":[0.0,-3.09559]},"Q2o":{"weight":1.0,"played":[1.0,0.0],"evs":[0.0,-2.57491]},"K2o":{"weight":1.0,"played":[1.0,0.0],"evs":[0.0,-2.36504]},"A2o":{"weight":1.0,"played":[1.0,0.0],"evs":[0.0,-2.02009]},"32s":{"weight":1.0,"played":[1.0,0.0],"evs":[0.0,-1.8544]},"33":{"weight":1.0,"played":[0.9993,7.0E-4],"evs":[0.0,-0.40608]},"43o":{"weight":1.0,"played":[1.0,0.0],"evs":[0.0,-2.19823]},"53o":{"weight":1.0,"played":[1.0,0.0],"evs":[0.0,-2.13405]},"63o":{"weight":1.0,"played":[1.0,0.0],"evs":[0.0,-2.36276]},"73o":{"weight":1.0,"played":[1.0,0.0],"evs":[0.0,-2.71966]},"83o":{"weight":1.0,"played":[1.0,0.0],"evs":[0.0,-2.94763]},"93o":{"weight":1.0,"played":[1.0,0.0],"evs":[0.0,-3.02176]},"T3o":{"weight":1.0,"played":[1.0,0.0],"evs":[0.0,-3.00712]},"J3o":{"weight":1.0,"played":[1.0,0.0],"evs":[0.0,-2.9635]},"Q3o":{"weight":1.0,"played":[1.0,0.0],"evs":[0.0,-2.48865]},"K3o":{"weight":1.0,"played":[1.0,0.0],"evs":[0.0,-2.29474]},"A3o":{"weight":1.0,"played":[1.0,0.0],"evs":[0.0,-1.9124]},"42s":{"weight":1.0,"played":[1.0,0.0],"evs":[0.0,-1.79566]},"43s":{"weight":1.0,"played":[1.0,0.0],"evs":[0.0,-1.49438]},"44":{"weight":1.0,"played":[0.9995,5.0E-4],"evs":[0.0,-0.31575]},"54o":{"weight":1.0,"played":[1.0,0.0],"evs":[0.0,-1.83172]},"64o":{"weight":1.0,"played":[1.0,0.0],"evs":[0.0,-2.05627]},"74o":{"weight":1.0,"played":[1.0,0.0],"evs":[0.0,-2.43106]},"84o":{"weight":1.0,"played":[1.0,0.0],"evs":[0.0,-2.65115]},"94o":{"weight":1.0,"played":[1.0,0.0],"evs":[0.0,-3.01598]},"T4o":{"weight":1.0,"played":[1.0,0.0],"evs":[0.0,-2.80175]},"J4o":{"weight":1.0,"played":[1.0,0.0],"evs":[0.0,-2.93491]},"Q4o":{"weight":1.0,"played":[1.0,0.0],"evs":[0.0,-2.4212]},"K4o":{"weight":1.0,"played":[1.0,0.0],"evs":[0.0,-2.26105]},"A4o":{"weight":1.0,"played":[1.0,0.0],"evs":[0.0,-1.78536]},"52s":{"weight":1.0,"played":[1.0,0.0],"evs":[0.0,-1.70369]},"53s":{"weight":1.0,"played":[1.0,0.0],"evs":[0.0,-1.41172]},"54s":{"weight":1.0,"played":[1.0,0.0],"evs":[0.0,-1.15895]},"55":{"weight":1.0,"played":[0.9988,0.0012],"evs":[0.0,-0.20423]},"65o":{"weight":1.0,"played":[1.0,0.0],"evs":[0.0,-1.69843]},"75o":{"weight":1.0,"played":[1.0,0.0],"evs":[0.0,-2.1686]},"85o":{"weight":1.0,"played":[1.0,0.0],"evs":[0.0,-2.26712]},"95o":{"weight":1.0,"played":[1.0,0.0],"evs":[0.0,-2.52067]},"T5o":{"weight":1.0,"played":[1.0,0.0],"evs":[0.0,-2.83321]},"J5o":{"weight":1.0,"played":[1.0,0.0],"evs":[0.0,-2.83616]},"Q5o":{"weight":1.0,"played":[1.0,0.0],"evs":[0.0,-2.34343]},"K5o":{"weight":1.0,"played":[1.0,0.0],"evs":[0.0,-2.20525]},"A5o":{"weight":1.0,"played":[0.9999,1.0E-4],"evs":[0.0,-1.71466]},"62s":{"weight":1.0,"played":[1.0,0.0],"evs":[0.0,-1.9322]},"63s":{"weight":1.0,"played":[1.0,0.0],"evs":[0.0,-1.63707]},"64s":{"weight":1.0,"played":[1.0,0.0],"evs":[0.0,-1.34271]},"65s":{"weight":1.0,"played":[1.0,0.0],"evs":[0.0,-0.97802]},"66":{"weight":1.0,"played":[0.1121,0.8879],"evs":[0.0,0.0625]},"76o":{"weight":1.0,"played":[1.0,0.0],"evs":[0.0,-1.85039]},"86o":{"weight":1.0,"played":[1.0,0.0],"evs":[0.0,-2.15503]},"96o":{"weight":1.0,"played":[1.0,0.0],"evs":[0.0,-2.35949]},"T6o":{"weight":1.0,"played":[1.0,0.0],"evs":[0.0,-2.59095]},"J6o":{"weight":1.0,"played":[1.0,0.0],"evs":[0.0,-2.81376]},"Q6o":{"weight":1.0,"played":[1.0,0.0],"evs":[0.0,-2.34037]},"K6o":{"weight":1.0,"played":[1.0,0.0],"evs":[0.0,-2.13288]},"A6o":{"weight":1.0,"played":[1.0,0.0],"evs":[0.0,-1.98924]},"72s":{"weight":1.0,"played":[1.0,0.0],"evs":[0.0,-2.30324]},"73s":{"weight":1.0,"played":[1.0,0.0],"evs":[0.0,-2.00382]},"74s":{"weight":1.0,"played":[1.0,0.0],"evs":[0.0,-1.67941]},"75s":{"weight":1.0,"played":[1.0,0.0],"evs":[0.0,-1.30705]},"76s":{"weight":1.0,"played":[1.0,0.0],"evs":[0.0,-1.31058]},"77":{"weight":1.0,"played":[0.0368,0.9632],"evs":[0.0,0.13856]},"87o":{"weight":1.0,"played":[1.0,0.0],"evs":[0.0,-1.96714]},"97o":{"weight":1.0,"played":[1.0,0.0],"evs":[0.0,-2.28673]},"T7o":{"weight":1.0,"played":[1.0,0.0],"evs":[0.0,-2.46047]},"J7o":{"weight":1.0,"played":[1.0,0.0],"evs":[0.0,-2.77226]},"Q7o":{"weight":1.0,"played":[1.0,0.0],"evs":[0.0,-2.37202]},"K7o":{"weight":1.0,"played":[1.0,0.0],"evs":[0.0,-2.27548]},"A7o":{"weight":1.0,"played":[1.0,0.0],"evs":[0.0,-1.88474]},"82s":{"weight":1.0,"played":[1.0,0.0],"evs":[0.0,-2.2056]},"83s":{"weight":1.0,"played":[1.0,0.0],"evs":[0.0,-2.13297]},"84s":{"weight":1.0,"played":[1.0,0.0],"evs":[0.0,-1.9558]},"85s":{"weight":1.0,"played":[1.0,0.0],"evs":[0.0,-1.60173]},"86s":{"weight":1.0,"played":[0.9999,1.0E-4],"evs":[0.0,-1.41806]},"87s":{"weight":1.0,"played":[1.0,0.0],"evs":[0.0,-1.36592]},"88":{"weight":1.0,"played":[1.0E-4,0.9999],"evs":[0.0,0.36063]},"98o":{"weight":1.0,"played":[1.0,0.0],"evs":[0.0,-2.17175]},"T8o":{"weight":1.0,"played":[1.0,0.0],"evs":[0.0,-2.34726]},"J8o":{"weight":1.0,"played":[1.0,0.0],"evs":[0.0,-2.53714]},"Q8o":{"weight":1.0,"played":[1.0,0.0],"evs":[0.0,-2.21691]},"K8o":{"weight":1.0,"played":[1.0,0.0],"evs":[0.0,-2.22369]},"A8o":{"weight":1.0,"played":[1.0,0.0],"evs":[0.0,-1.65324]},"92s":{"weight":1.0,"played":[1.0,0.0],"evs":[0.0,-2.26921]},"93s":{"weight":1.0,"played":[1.0,0.0],"evs":[0.0,-2.20035]},"94s":{"weight":1.0,"played":[1.0,0.0],"evs":[0.0,-2.23945]},"95s":{"weight":1.0,"played":[1.0,0.0],"evs":[0.0,-2.06023]},"96s":{"weight":1.0,"played":[0.9999,1.0E-4],"evs":[0.0,-1.53276]},"97s":{"weight":1.0,"played":[1.0,0.0],"evs":[0.0,-1.50889]},"98s":{"weight":1.0,"played":[1.0,0.0],"evs":[0.0,-1.34546]},"99":{"weight":1.0,"played":[0.0,1.0],"evs":[0.0,0.53059]},"T9o":{"weight":1.0,"played":[1.0,0.0],"evs":[0.0,-2.18639]},"J9o":{"weight":1.0,"played":[1.0,0.0],"evs":[0.0,-2.4018]},"Q9o":{"weight":1.0,"played":[1.0,0.0],"evs":[0.0,-2.17271]},"K9o":{"weight":1.0,"played":[1.0,0.0],"evs":[0.0,-2.15392]},"A9o":{"weight":1.0,"played":[1.0,0.0],"evs":[0.0,-1.48399]},"T2s":{"weight":1.0,"played":[1.0,0.0],"evs":[0.0,-2.20607]},"T3s":{"weight":1.0,"played":[1.0,0.0],"evs":[0.0,-2.18444]},"T4s":{"weight":1.0,"played":[1.0,0.0],"evs":[0.0,-2.15266]},"T5s":{"weight":1.0,"played":[1.0,0.0],"evs":[0.0,-2.11562]},"T6s":{"weight":1.0,"played":[1.0,0.0],"evs":[0.0,-1.96865]},"T7s":{"weight":1.0,"played":[1.0,0.0],"evs":[0.0,-1.61853]},"T8s":{"weight":1.0,"played":[1.0,0.0],"evs":[0.0,-1.59645]},"T9s":{"weight":1.0,"played":[1.0,0.0],"evs":[0.0,-1.51526]},"TT":{"weight":1.0,"played":[0.0,1.0],"evs":[0.0,1.0613]},"JTo":{"weight":1.0,"played":[1.0,0.0],"evs":[0.0,-2.19933]},"QTo":{"weight":1.0,"played":[1.0,0.0],"evs":[0.0,-1.80479]},"KTo":{"weight":1.0,"played":[1.0,0.0],"evs":[0.0,-1.77385]},"ATo":{"weight":1.0,"played":[1.0,0.0],"evs":[0.0,-0.83048]},"J2s":{"weight":1.0,"played":[1.0,0.0],"evs":[0.0,-2.36542]},"J3s":{"weight":1.0,"played":[1.0,0.0],"evs":[0.0,-2.33959]},"J4s":{"weight":1.0,"played":[1.0,0.0],"evs":[0.0,-2.26111]},"J5s":{"weight":1.0,"played":[1.0,0.0],"evs":[0.0,-2.17806]},"J6s":{"weight":1.0,"played":[1.0,0.0],"evs":[0.0,-2.02784]},"J7s":{"weight":1.0,"played":[1.0,0.0],"evs":[0.0,-1.94202]},"J8s":{"weight":1.0,"played":[1.0,0.0],"evs":[0.0,-1.97604]},"J9s":{"weight":1.0,"played":[1.0,0.0],"evs":[0.0,-1.67962]},"JTs":{"weight":1.0,"played":[1.0,0.0],"evs":[0.0,-1.4808]},"JJ":{"weight":1.0,"played":[0.0,1.0],"evs":[0.0,2.1157]},"QJo":{"weight":1.0,"played":[1.0,0.0],"evs":[0.0,-1.81761]},"KJo":{"weight":1.0,"played":[1.0,0.0],"evs":[0.0,-1.71877]},"AJo":{"weight":1.0,"played":[0.5619,0.4381],"evs":[0.0,-0.01119]},"Q2s":{"weight":1.0,"played":[1.0,0.0],"evs":[0.0,-1.8127]},"Q3s":{"weight":1.0,"played":[1.0,0.0],"evs":[0.0,-1.68451]},"Q4s":{"weight":1.0,"played":[1.0,0.0],"evs":[0.0,-1.68916]},"Q5s":{"weight":1.0,"played":[1.0,0.0],"evs":[0.0,-1.57868]},"Q6s":{"weight":1.0,"played":[1.0,0.0],"evs":[0.0,-1.57815]},"Q7s":{"weight":1.0,"played":[1.0,0.0],"evs":[0.0,-1.65558]},"Q8s":{"weight":1.0,"played":[1.0,0.0],"evs":[0.0,-1.55992]},"Q9s":{"weight":1.0,"played":[1.0,0.0],"evs":[0.0,-1.30381]},"QTs":{"weight":1.0,"played":[0.9996,4.0E-4],"evs":[0.0,-1.14178]},"QJs":{"weight":1.0,"played":[0.9991,9.0E-4],"evs":[0.0,-1.21062]},"QQ":{"weight":1.0,"played":[0.0,1.0],"evs":[0.0,4.31004]},"KQo":{"weight":1.0,"played":[0.9999,1.0E-4],"evs":[0.0,-0.78074]},"AQo":{"weight":1.0,"played":[0.0,1.0],"evs":[0.0,1.41764]},"K2s":{"weight":1.0,"played":[1.0,0.0],"evs":[0.0,-1.60457]},"K3s":{"weight":1.0,"played":[1.0,0.0],"evs":[0.0,-1.58232]},"K4s":{"weight":1.0,"played":[1.0,0.0],"evs":[0.0,-1.5911]},"K5s":{"weight":1.0,"played":[1.0,0.0],"evs":[0.0,-1.4171]},"K6s":{"weight":1.0,"played":[1.0,0.0],"evs":[0.0,-1.33157]},"K7s":{"weight":1.0,"played":[0.9999,1.0E-4],"evs":[0.0,-1.39246]},"K8s":{"weight":1.0,"played":[1.0,0.0],"evs":[0.0,-1.49524]},"K9s":{"weight":1.0,"played":[1.0,0.0],"evs":[0.0,-1.4311]},"KTs":{"weight":1.0,"played":[1.0,0.0],"evs":[0.0,-1.17574]},"KJs":{"weight":1.0,"played":[1.0,0.0],"evs":[0.0,-1.06285]},"KQs":{"weight":1.0,"played":[0.0287,0.9713],"evs":[0.0,0.00368]},"KK":{"weight":1.0,"played":[0.0,1.0],"evs":[0.0,6.41151]},"AKo":{"weight":1.0,"played":[0.0,1.0],"evs":[0.0,2.40192]},"A2s":{"weight":1.0,"played":[1.0,0.0],"evs":[0.0,-1.25047]},"A3s":{"weight":1.0,"played":[1.0,0.0],"evs":[0.0,-1.05069]},"A4s":{"weight":1.0,"played":[0.9999,1.0E-4],"evs":[0.0,-1.09755]},"A5s":{"weight":1.0,"played":[0.9999,1.0E-4],"evs":[0.0,-1.11939]},"A6s":{"weight":1.0,"played":[1.0,0.0],"evs":[0.0,-1.20495]},"A7s":{"weight":1.0,"played":[0.9997,3.0E-4],"evs":[0.0,-0.9461]},"A8s":{"weight":1.0,"played":[1.0,0.0],"evs":[0.0,-0.92451]},"A9s":{"weight":1.0,"played":[0.9973,0.0027],"evs":[0.0,-0.70214]},"ATs":{"weight":1.0,"played":[0.8462,0.1538],"evs":[0.0,-0.07647]},"AJs":{"weight":1.0,"played":[3.0E-4,0.9997],"evs":[0.0,0.72583]},"AQs":{"weight":1.0,"played":[0.0,1.0],"evs":[0.0,2.0338]},"AKs":{"weight":1.0,"played":[0.0,1.0],"evs":[0.0,2.70504]},"AA":{"weight":1.0,"played":[0.0,1.0],"evs":[0.0,8.63432]}}}