{"player":1,"street":0,"children":3,"sequence":[{"player":0,"type":"F","amount":0,"street":0},{"player":1,"type":"R","amount":200000,"street":0},{"player":2,"type":"R","amount":500000,"street":0},{"player":3,"type":"F","amount":0,"street":0},{"player":4,"type":"F","amount":0,"street":0},{"player":5,"type":"F","amount":0,"street":0}],"actions":[{"type":"F","amount":0},{"type":"C","amount":300000},{"type":"R","amount":1585000,"node":209}],"hands":{"22":{"weight":0.0,"played":[6.0E-4,1.0E-4,0.9993],"evs":[0.0,0.23765,0.40479]},"32o":{"weight":0.0,"played":[1.0,0.0,0.0],"evs":[0.0,-0.48383,-2.4752]},"42o":{"weight":0.0,"played":[1.0,0.0,0.0],"evs":[0.0,-0.47784,-2.41405]},"52o":{"weight":0.0,"played":[1.0,0.0,0.0],"evs":[0.0,-0.40779,-2.28806]},"62o":{"weight":0.0,"played":[1.0,0.0,0.0],"evs":[0.0,-0.55044,-2.57566]},"72o":{"weight":0.0,"played":[1.0,0.0,0.0],"evs":[0.0,-0.7323,-2.9153]},"82o":{"weight":0.0,"played":[1.0,0.0,0.0],"evs":[0.0,-0.71019,-2.77801]},"92o":{"weight":0.0,"played":[1.0,0.0,0.0],"evs":[0.0,-0.68193,-2.86584]},"T2o":{"weight":0.0,"played":[1.0,0.0,0.0],"evs":[0.0,-0.76789,-2.95461]},"J2o":{"weight":0.0,"played":[1.0,0.0,0.0],"evs":[0.0,-0.7737,-2.93389]},"Q2o":{"weight":0.0,"played":[1.0,0.0,0.0],"evs":[0.0,-0.31594,-2.20183]},"K2o":{"weight":0.0,"played":[1.0,0.0,0.0],"evs":[0.0,-0.17135,-1.87006]},"A2o":{"weight":0.0,"played":[1.0,0.0,0.0],"evs":[0.0,-0.29936,-1.11233]},"32s":{"weight":0.0,"played":[0.9871,0.0129,0.0],"evs":[0.0,-0.10489,-1.69465]},"33":{"weight":0.134,"played":[1.0E-4,2.0E-4,0.9997],"evs":[0.0,0.35381,0.58933]},"43o":{"weight":0.0,"played":[1.0,0.0,0.0],"evs":[0.0,-0.2749,-2.05006]},"53o":{"weight":0.0,"played":[1.0,0.0,0.0],"evs":[0.0,-0.25687,-2.03146]},"63o":{"weight":0.0,"played":[1.0,0.0,0.0],"evs":[0.0,-0.3495,-2.29867]},"73o":{"weight":0.0,"played":[1.0,0.0,0.0],"evs":[0.0,-0.57056,-2.57937]},"83o":{"weight":0.0,"played":[1.0,0.0,0.0],"evs":[0.0,-0.66051,-2.76078]},"93o":{"weight":0.0,"played":[1.0,0.0,0.0],"evs":[0.0,-0.67901,-2.78606]},"T3o":{"weight":0.0,"played":[1.0,0.0,0.0],"evs":[0.0,-0.7711,-2.92831]},"J3o":{"weight":0.0,"played":[1.0,0.0,0.0],"evs":[0.0,-0.71067,-2.83375]},"Q3o":{"weight":0.0,"played":[1.0,0.0,0.0],"evs":[0.0,-0.28382,-2.11939]},"K3o":{"weight":0.0,"played":[1.0,0.0,0.0],"evs":[0.0,-0.12735,-1.78986]},"A3o":{"weight":0.0,"played":[0.9993,7.0E-4,0.0],"evs":[0.0,-0.24549,-1.03682]},"42s":{"weight":0.0,"played":[0.028,0.972,0.0],"evs":[0.0,0.00313,-1.54671]},"43s":{"weight":0.0,"played":[0.0027,0.9973,0.0],"evs":[0.0,0.12328,-1.26478]},"44":{"weight":0.2847,"played":[2.0E-4,0.035,0.9648],"evs":[0.0,0.63185,0.76363]},"54o":{"weight":0.0,"played":[0.9847,0.0153,0.0],"evs":[0.0,-0.09438,-1.67162]},"64o":{"weight":0.0,"played":[1.0,0.0,0.0],"evs":[0.0,-0.19084,-1.97]},"74o":{"weight":0.0,"played":[1.0,0.0,0.0],"evs":[0.0,-0.44536,-2.29345]},"84o":{"weight":0.0,"played":[1.0,0.0,0.0],"evs":[0.0,-0.52304,-2.40122]},"94o":{"weight":0.0,"played":[1.0,0.0,0.0],"evs":[0.0,-0.67197,-2.75672]},"T4o":{"weight":0.0,"played":[1.0,0.0,0.0],"evs":[0.0,-0.70802,-2.76283]},"J4o":{"weight":0.0,"played":[1.0,0.0,0.0],"evs":[0.0,-0.70958,-2.7768]},"Q4o":{"weight":0.0,"played":[1.0,0.0,0.0],"evs":[0.0,-0.2846,-2.02571]},"K4o":{"weight":0.0,"played":[1.0,0.0,0.0],"evs":[0.0,-0.10053,-1.69681]},"A4o":{"weight":0.0,"played":[0.9969,0.0031,0.0],"evs":[0.0,-0.2491,-0.99341]},"52s":{"weight":0.0,"played":[0.3334,0.6666,0.0],"evs":[0.0,-0.00948,-1.5536]},"53s":{"weight":0.0,"played":[0.0086,0.9914,0.0],"evs":[0.0,0.18561,-1.24802]},"54s":{"weight":0.0,"played":[7.0E-4,0.9993,0.0],"evs":[0.0,0.36293,-0.93803]},"55":{"weight":0.543,"played":[0.0,0.533,0.467],"evs":[0.0,0.81299,0.82069]},"65o":{"weight":0.0,"played":[0.9802,0.0198,0.0],"evs":[0.0,-0.05222,-1.71388]},"75o":{"weight":0.0,"played":[1.0,0.0,0.0],"evs":[0.0,-0.26948,-1.96872]},"85o":{"weight":0.0,"played":[1.0,0.0,0.0],"evs":[0.0,-0.36262,-2.12583]},"95o":{"weight":0.0,"played":[1.0,0.0,0.0],"evs":[0.0,-0.57206,-2.49779]},"T5o":{"weight":0.0,"played":[1.0,0.0,0.0],"evs":[0.0,-0.74195,-2.8437]},"J5o":{"weight":0.0,"played":[1.0,0.0,0.0],"evs":[0.0,-0.67446,-2.62206]},"Q5o":{"weight":0.0,"played":[1.0,0.0,0.0],"evs":[0.0,-0.24598,-1.99665]},"K5o":{"weight":0.0,"played":[1.0,0.0,0.0],"evs":[0.0,-0.10363,-1.64743]},"A5o":{"weight":5.0E-4,"played":[0.995,0.005,0.0],"evs":[0.0,-0.2004,-0.91931]},"62s":{"weight":0.0,"played":[1.0,0.0,0.0],"evs":[0.0,-0.04823,-1.70547]},"63s":{"weight":0.0,"played":[0.3446,0.6554,0.0],"evs":[0.0,0.01947,-1.56365]},"64s":{"weight":0.0,"played":[8.0E-4,0.9992,0.0],"evs":[0.0,0.21742,-1.19678]},"65s":{"weight":0.0,"played":[4.0E-4,0.9996,0.0],"evs":[0.0,0.33187,-0.96178]},"66":{"weight":0.0917,"played":[0.0,0.2435,0.7565],"evs":[0.0,0.93014,1.00109]},"76o":{"weight":0.0,"played":[0.991,0.009,0.0],"evs":[0.0,-0.0892,-1.71896]},"86o":{"weight":0.0,"played":[1.0,0.0,0.0],"evs":[0.0,-0.22168,-1.89105]},"96o":{"weight":0.0,"played":[1.0,0.0,0.0],"evs":[0.0,-0.38049,-2.20834]},"T6o":{"weight":0.0,"played":[1.0,0.0,0.0],"evs":[0.0,-0.59557,-2.50712]},"J6o":{"weight":0.0,"played":[1.0,0.0,0.0],"evs":[0.0,-0.67556,-2.71746]},"Q6o":{"weight":0.0,"played":[1.0,0.0,0.0],"evs":[0.0,-0.20459,-1.94793]},"K6o":{"weight":0.0,"played":[0.9969,0.0031,0.0],"evs":[0.0,-0.09527,-1.59761]},"A6o":{"weight":0.0,"played":[0.9997,3.0E-4,0.0],"evs":[0.0,-0.33276,-1.15027]},"72s":{"weight":0.0,"played":[1.0,0.0,0.0],"evs":[0.0,-0.26046,-1.98939]},"73s":{"weight":0.0,"played":[0.9997,3.0E-4,0.0],"evs":[0.0,-0.15322,-1.78556]},"74s":{"weight":0.0,"played":[0.6987,0.3013,0.0],"evs":[0.0,-0.02183,-1.49179]},"75s":{"weight":0.0,"played":[0.0047,0.9953,0.0],"evs":[0.0,0.2217,-1.21417]},"76s":{"weight":0.0,"played":[0.0018,0.9982,0.0],"evs":[0.0,0.40318,-0.96108]},"77":{"weight":0.002,"played":[0.0,0.0019,0.9981],"evs":[0.0,0.92618,1.20973]},"87o":{"weight":0.0,"played":[1.0,0.0,0.0],"evs":[0.0,-0.20694,-1.76439]},"97o":{"weight":0.0,"played":[1.0,0.0,0.0],"evs":[0.0,-0.38103,-2.11048]},"T7o":{"weight":0.0,"played":[1.0,0.0,0.0],"evs":[0.0,-0.55175,-2.40157]},"J7o":{"weight":0.0,"played":[1.0,0.0,0.0],"evs":[0.0,-0.64774,-2.55277]},"Q7o":{"weight":0.0,"played":[1.0,0.0,0.0],"evs":[0.0,-0.34704,-2.16488]},"K7o":{"weight":0.0,"played":[1.0,0.0,0.0],"evs":[0.0,-0.17018,-1.7396]},"A7o":{"weight":2.0E-4,"played":[0.9994,6.0E-4,0.0],"evs":[0.0,-0.31044,-0.94216]},"82s":{"weight":0.0,"played":[0.9984,0.0016,0.0],"evs":[0.0,-0.22935,-1.9132]},"83s":{"weight":0.0,"played":[1.0,0.0,0.0],"evs":[0.0,-0.26142,-1.91256]},"84s":{"weight":0.0,"played":[0.9998,2.0E-4,0.0],"evs":[0.0,-0.04426,-1.53081]},"85s":{"weight":0.0,"played":[0.0454,0.9546,0.0],"evs":[0.0,0.03635,-1.37759]},"86s":{"weight":0.0,"played":[0.0105,0.9895,0.0],"evs":[0.0,0.23165,-1.08596]},"87s":{"weight":0.0025,"played":[5.0E-4,0.9995,0.0],"evs":[0.0,0.21539,-1.01914]},"88":{"weight":0.6367,"played":[0.0,0.1716,0.8284],"evs":[0.0,1.40622,1.49632]},"98o":{"weight":0.0,"played":[1.0,0.0,0.0],"evs":[0.0,-0.24048,-1.83517]},"T8o":{"weight":0.0,"played":[1.0,0.0,0.0],"evs":[0.0,-0.39183,-2.05362]},"J8o":{"weight":0.0,"played":[1.0,0.0,0.0],"evs":[0.0,-0.52986,-2.23168]},"Q8o":{"weight":0.0,"played":[0.9999,1.0E-4,0.0],"evs":[0.0,-0.15375,-1.72974]},"K8o":{"weight":0.0,"played":[1.0,0.0,0.0],"evs":[0.0,-0.10029,-1.5856]},"A8o":{"weight":1.0,"played":[0.9998,2.0E-4,0.0],"evs":[0.0,-0.24306,-0.57482]},"92s":{"weight":0.0,"played":[1.0,0.0,0.0],"evs":[0.0,-0.31075,-2.08296]},"93s":{"weight":0.0,"played":[1.0,0.0,0.0],"evs":[0.0,-0.36693,-2.07552]},"94s":{"weight":0.0,"played":[1.0,0.0,0.0],"evs":[0.0,-0.18651,-1.89329]},"95s":{"weight":0.0,"played":[0.9898,0.0102,0.0],"evs":[0.0,-0.15281,-1.75818]},"96s":{"weight":0.0,"played":[0.6972,0.3028,0.0],"evs":[0.0,-0.02168,-1.51736]},"97s":{"weight":0.0,"played":[0.3632,0.6368,0.0],"evs":[0.0,0.12509,-1.30571]},"98s":{"weight":0.9974,"played":[0.0035,0.9965,0.0],"evs":[0.0,0.21035,-1.02573]},"99":{"weight":1.0,"played":[0.0,0.9903,0.0097],"evs":[0.0,1.43234,1.40665]},"T9o":{"weight":0.0,"played":[0.9999,1.0E-4,0.0],"evs":[0.0,-0.37626,-1.98586]},"J9o":{"weight":0.0,"played":[1.0,0.0,0.0],"evs":[0.0,-0.48588,-2.15713]},"Q9o":{"weight":0.0,"played":[0.9963,0.0037,0.0],"evs":[0.0,-0.15285,-1.68557]},"K9o":{"weight":0.0,"played":[1.0,0.0,0.0],"evs":[0.0,-0.13727,-1.58643]},"A9o":{"weight":0.8976,"played":[0.9989,0.0011,0.0],"evs":[0.0,-0.21024,-0.56609]},"T2s":{"weight":0.0,"played":[1.0,0.0,0.0],"evs":[0.0,-0.359,-2.13241]},"T3s":{"weight":0.0,"played":[1.0,0.0,0.0],"evs":[0.0,-0.42413,-2.10582]},"T4s":{"weight":0.0,"played":[0.9994,6.0E-4,0.0],"evs":[0.0,-0.31078,-1.91009]},"T5s":{"weight":0.0,"played":[0.9991,9.0E-4,0.0],"evs":[0.0,-0.27904,-1.84345]},"T6s":{"weight":0.0,"played":[0.9796,0.0204,0.0],"evs":[0.0,-0.16233,-1.74309]},"T7s":{"weight":0.0,"played":[0.9805,0.0195,0.0],"evs":[0.0,-0.08468,-1.6208]},"T8s":{"weight":0.8822,"played":[0.6651,0.3349,0.0],"evs":[0.0,0.04684,-1.28544]},"T9s":{"weight":0.7985,"played":[0.138,0.8619,0.0],"evs":[0.0,0.01952,-1.23105]},"TT":{"weight":1.0,"played":[0.0,0.0,1.0],"evs":[0.0,1.67702,1.86106]},"JTo":{"weight":0.071,"played":[0.9997,3.0E-4,0.0],"evs":[0.0,-0.37165,-1.94045]},"QTo":{"weight":0.8252,"played":[0.5375,0.4625,0.0],"evs":[0.0,0.01211,-1.36461]},"KTo":{"weight":0.8889,"played":[0.7591,0.2409,0.0],"evs":[0.0,-0.01293,-1.13329]},"ATo":{"weight":0.1142,"played":[0.0488,0.9101,0.0411],"evs":[0.0,0.0946,0.00283]},"J2s":{"weight":0.0,"played":[1.0,0.0,0.0],"evs":[0.0,-0.43068,-2.12126]},"J3s":{"weight":0.0,"played":[1.0,0.0,0.0],"evs":[0.0,-0.34816,-2.09317]},"J4s":{"weight":0.0,"played":[0.9998,2.0E-4,0.0],"evs":[0.0,-0.36432,-2.01633]},"J5s":{"weight":0.0,"played":[0.9928,0.0072,0.0],"evs":[0.0,-0.25057,-1.8568]},"J6s":{"weight":0.0,"played":[0.9942,0.0058,0.0],"evs":[0.0,-0.25558,-1.9123]},"J7s":{"weight":0.0,"played":[0.9591,0.0408,0.0],"evs":[0.0,-0.31494,-1.87774]},"J8s":{"weight":0.0,"played":[0.9482,0.0518,0.0],"evs":[0.0,-0.03302,-1.46236]},"J9s":{"weight":0.9902,"played":[0.966,0.034,0.0],"evs":[0.0,-0.04514,-1.36248]},"JTs":{"weight":3.0E-4,"played":[0.2652,0.7348,0.0],"evs":[0.0,0.09499,-1.10129]},"JJ":{"weight":1.0,"played":[0.0,0.0,1.0],"evs":[0.0,2.79624,3.09204]},"QJo":{"weight":1.0,"played":[0.4748,0.5252,0.0],"evs":[0.0,-0.03812,-1.35882]},"KJo":{"weight":1.0,"played":[0.7667,0.2333,0.0],"evs":[0.0,-0.07343,-1.02348]},"AJo":{"weight":0.028,"played":[0.0,2.0E-4,0.9998],"evs":[0.0,1.04658,1.37962]},"Q2s":{"weight":0.0,"played":[0.0163,0.9837,0.0],"evs":[0.0,0.11534,-1.42612]},"Q3s":{"weight":0.0,"played":[0.0028,0.9972,0.0],"evs":[0.0,0.12177,-1.34762]},"Q4s":{"weight":0.0,"played":[5.0E-4,0.9995,0.0],"evs":[0.0,0.16014,-1.23412]},"Q5s":{"weight":0.0,"played":[0.0077,0.9923,0.0],"evs":[0.0,0.15125,-1.19647]},"Q6s":{"weight":0.0,"played":[9.0E-4,0.9991,0.0],"evs":[0.0,0.20854,-1.16604]},"Q7s":{"weight":0.0,"played":[3.0E-4,0.9997,0.0],"evs":[0.0,0.0976,-1.33549]},"Q8s":{"weight":0.3749,"played":[0.0034,0.9966,0.0],"evs":[0.0,0.22598,-0.9867]},"Q9s":{"weight":1.0,"played":[1.0E-4,0.9999,0.0],"evs":[0.0,0.28315,-0.88098]},"QTs":{"weight":0.0268,"played":[0.0,1.0,0.0],"evs":[0.0,0.40515,-0.58987]},"QJs":{"weight":0.9999,"played":[0.0,1.0,0.0],"evs":[0.0,0.35518,-0.66558]},"QQ":{"weight":1.0,"played":[0.0,0.0,1.0],"evs":[0.0,5.31597,5.66899]},"KQo":{"weight":9.0E-4,"played":[0.0,0.9997,3.0E-4],"evs":[0.0,0.62527,0.35233]},"AQo":{"weight":0.0,"played":[0.0,0.0,1.0],"evs":[0.0,2.95219,3.36931]},"K2s":{"weight":0.0,"played":[0.0079,0.9921,0.0],"evs":[0.0,0.24042,-1.03007]},"K3s":{"weight":0.0,"played":[3.0E-4,0.9997,0.0],"evs":[0.0,0.36165,-0.94644]},"K4s":{"weight":0.0,"played":[5.0E-4,0.9995,0.0],"evs":[0.0,0.26411,-0.93131]},"K5s":{"weight":0.0,"played":[0.002,0.998,0.0],"evs":[0.0,0.33882,-0.8793]},"K6s":{"weight":0.0,"played":[0.0021,0.9979,0.0],"evs":[0.0,0.38396,-0.84274]},"K7s":{"weight":0.9987,"played":[2.0E-4,0.9998,0.0],"evs":[0.0,0.2623,-0.93787]},"K8s":{"weight":0.9998,"played":[0.0084,0.9916,0.0],"evs":[0.0,0.32751,-0.85335]},"K9s":{"weight":0.999,"played":[1.0E-4,0.9999,0.0],"evs":[0.0,0.26546,-0.81182]},"KTs":{"weight":0.012,"played":[0.0012,0.9988,0.0],"evs":[0.0,0.46358,-0.3323]},"KJs":{"weight":1.0,"played":[0.0,1.0,0.0],"evs":[0.0,0.41737,-0.28335]},"KQs":{"weight":1.0,"played":[0.0,0.8513,0.1487],"evs":[0.0,1.13169,1.07099]},"KK":{"weight":1.0,"played":[0.0,0.0,1.0],"evs":[0.0,7.27546,7.6589]},"AKo":{"weight":0.9559,"played":[0.0,0.0,1.0],"evs":[0.0,4.20905,4.56008]},"A2s":{"weight":1.0,"played":[2.0E-4,0.9998,0.0],"evs":[0.0,0.26093,-0.28002]},"A3s":{"weight":1.0,"played":[1.0E-4,0.9999,0.0],"evs":[0.0,0.29856,-0.25591]},"A4s":{"weight":1.0,"played":[1.0E-4,0.9999,0.0],"evs":[0.0,0.27518,-0.23659]},"A5s":{"weight":0.9994,"played":[1.0E-4,0.9998,0.0],"evs":[0.0,0.33733,-0.15396]},"A6s":{"weight":1.0,"played":[1.0E-4,0.9998,0.0],"evs":[0.0,0.19408,-0.35977]},"A7s":{"weight":0.627,"played":[0.0,1.0,0.0],"evs":[0.0,0.19514,-0.16478]},"A8s":{"weight":0.5921,"played":[4.0E-4,0.9993,4.0E-4],"evs":[0.0,0.21097,0.06318]},"A9s":{"weight":1.0,"played":[0.0,1.0,0.0],"evs":[0.0,0.43696,0.22681]},"ATs":{"weight":1.0,"played":[0.0,0.6322,0.3678],"evs":[0.0,0.82057,0.81096]},"AJs":{"weight":1.0,"played":[0.0,0.0,1.0],"evs":[0.0,1.77813,2.02738]},"AQs":{"weight":1.0,"played":[0.0,0.0,1.0],"evs":[0.0,3.43983,3.81066]},"AKs":{"weight":1.0,"played":[0.0,0.0,1.0],"evs":[0.0,4.63396,4.88326]},"AA":{"weight":1.0,"played":[0.0,0.0,1.0],"evs":[0.0,9.95776,10.08684]}}}