{"player":2,"street":0,"children":2,"sequence":[{"player":0,"type":"F","amount":0,"street":0},{"player":1,"type":"R","amount":200000,"street":0},{"player":2,"type":"R","amount":500000,"street":0},{"player":3,"type":"F","amount":0,"street":0},{"player":4,"type":"R","amount":1085000,"street":0},{"player":5,"type":"F","amount":0,"street":0},{"player":1,"type":"F","amount":0,"street":0}],"actions":[{"type":"F","amount":0},{"type":"C","amount":585000}],"hands":{"22":{"weight":0.0,"played":[0.0,1.0],"evs":[0.0,2.82508]},"32o":{"weight":0.0,"played":[0.0,1.0],"evs":[0.0,0.71509]},"42o":{"weight":0.0,"played":[0.0,1.0],"evs":[0.0,0.84028]},"52o":{"weight":0.0,"played":[0.0,1.0],"evs":[0.0,0.81564]},"62o":{"weight":0.0,"played":[0.0,1.0],"evs":[0.0,0.58545]},"72o":{"weight":0.0,"played":[0.0,1.0],"evs":[0.0,0.5488]},"82o":{"weight":0.0,"played":[0.0,1.0],"evs":[0.0,0.66946]},"92o":{"weight":0.0,"played":[0.0,1.0],"evs":[0.0,0.84094]},"T2o":{"weight":0.0,"played":[0.0,1.0],"evs":[0.0,1.05828]},"J2o":{"weight":0.0,"played":[0.0,1.0],"evs":[0.0,1.05003]},"Q2o":{"weight":0.0,"played":[0.0,1.0],"evs":[0.0,1.10841]},"K2o":{"weight":0.0,"played":[0.0,1.0],"evs":[0.0,1.42348]},"A2o":{"weight":0.0,"played":[0.0,1.0],"evs":[0.0,1.65323]},"32s":{"weight":0.0,"played":[0.0,1.0],"evs":[0.0,1.62823]},"33":{"weight":0.0,"played":[0.0,1.0],"evs":[0.0,2.9198]},"43o":{"weight":0.0,"played":[0.0,1.0],"evs":[0.0,1.07743]},"53o":{"weight":0.0,"played":[0.0,1.0],"evs":[0.0,1.16192]},"63o":{"weight":0.0,"played":[0.0,1.0],"evs":[0.0,0.92033]},"73o":{"weight":0.0,"played":[0.0,1.0],"evs":[0.0,0.73149]},"83o":{"weight":0.0,"played":[0.0,1.0],"evs":[0.0,0.71782]},"93o":{"weight":0.0,"played":[0.0,1.0],"evs":[0.0,0.94026]},"T3o":{"weight":0.0,"played":[0.0,1.0],"evs":[0.0,1.04452]},"J3o":{"weight":0.0,"played":[0.0,1.0],"evs":[0.0,1.04513]},"Q3o":{"weight":0.0,"played":[0.0,1.0],"evs":[0.0,1.20038]},"K3o":{"weight":0.0,"played":[0.0,1.0],"evs":[0.0,1.50611]},"A3o":{"weight":0.0,"played":[0.0,1.0],"evs":[0.0,1.73708]},"42s":{"weight":0.0,"played":[0.0,1.0],"evs":[0.0,1.6047]},"43s":{"weight":0.0,"played":[0.0,1.0],"evs":[0.0,1.86397]},"44":{"weight":0.0,"played":[0.0,1.0],"evs":[0.0,2.98959]},"54o":{"weight":0.0,"played":[0.0,1.0],"evs":[0.0,1.44603]},"64o":{"weight":0.0,"played":[0.0,1.0],"evs":[0.0,1.29406]},"74o":{"weight":0.0,"played":[0.0,1.0],"evs":[0.0,1.12128]},"84o":{"weight":0.0,"played":[0.0,1.0],"evs":[0.0,1.00253]},"94o":{"weight":0.0,"played":[0.0,1.0],"evs":[0.0,0.88597]},"T4o":{"weight":0.0,"played":[0.0,1.0],"evs":[0.0,1.16252]},"J4o":{"weight":0.0,"played":[0.0,1.0],"evs":[0.0,1.22108]},"Q4o":{"weight":0.0,"played":[0.0,1.0],"evs":[0.0,1.27681]},"K4o":{"weight":0.0,"played":[0.0,1.0],"evs":[0.0,1.53119]},"A4o":{"weight":0.0,"played":[0.0,1.0],"evs":[0.0,1.94346]},"52s":{"weight":0.0,"played":[0.0,1.0],"evs":[0.0,1.58383]},"53s":{"weight":0.0,"played":[0.0,1.0],"evs":[0.0,1.88971]},"54s":{"weight":0.0,"played":[0.0,1.0],"evs":[0.0,2.10114]},"55":{"weight":0.0022,"played":[0.0,1.0],"evs":[0.0,3.20511]},"65o":{"weight":0.0,"played":[0.0,1.0],"evs":[0.0,1.46235]},"75o":{"weight":0.0,"played":[0.0,1.0],"evs":[0.0,1.37576]},"85o":{"weight":0.0,"played":[0.0,1.0],"evs":[0.0,1.34122]},"95o":{"weight":0.0,"played":[0.0,1.0],"evs":[0.0,1.22403]},"T5o":{"weight":0.0,"played":[0.0,1.0],"evs":[0.0,1.18782]},"J5o":{"weight":0.0,"played":[0.0,1.0],"evs":[0.0,1.2163]},"Q5o":{"weight":0.0,"played":[0.0,1.0],"evs":[0.0,1.3731]},"K5o":{"weight":0.0,"played":[0.0,1.0],"evs":[0.0,1.63452]},"A5o":{"weight":0.0,"played":[0.0,1.0],"evs":[0.0,1.96312]},"62s":{"weight":0.0,"played":[0.0,1.0],"evs":[0.0,1.44928]},"63s":{"weight":0.0,"played":[0.0,1.0],"evs":[0.0,1.82914]},"64s":{"weight":0.0,"played":[0.0,1.0],"evs":[0.0,2.12226]},"65s":{"weight":0.0,"played":[0.0,1.0],"evs":[0.0,2.1317]},"66":{"weight":0.0707,"played":[0.0,1.0],"evs":[0.0,3.42238]},"76o":{"weight":0.0,"played":[0.0,1.0],"evs":[0.0,1.62328]},"86o":{"weight":0.0,"played":[0.0,1.0],"evs":[0.0,1.52891]},"96o":{"weight":0.0,"played":[0.0,1.0],"evs":[0.0,1.47916]},"T6o":{"weight":0.0,"played":[0.0,1.0],"evs":[0.0,1.39396]},"J6o":{"weight":0.0,"played":[0.0,1.0],"evs":[0.0,1.21071]},"Q6o":{"weight":0.0,"played":[0.0,1.0],"evs":[0.0,1.40507]},"K6o":{"weight":0.0,"played":[0.0,1.0],"evs":[0.0,1.66113]},"A6o":{"weight":0.0,"played":[0.0,1.0],"evs":[0.0,1.64821]},"72s":{"weight":0.0,"played":[0.0,1.0],"evs":[0.0,1.18975]},"73s":{"weight":0.0,"played":[0.0,1.0],"evs":[0.0,1.62292]},"74s":{"weight":0.0,"played":[0.0,1.0],"evs":[0.0,1.83513]},"75s":{"weight":0.0,"played":[0.0,1.0],"evs":[0.0,2.17429]},"76s":{"weight":0.0,"played":[0.0,1.0],"evs":[0.0,2.3814]},"77":{"weight":0.0118,"played":[0.0,1.0],"evs":[0.0,4.19298]},"87o":{"weight":0.0,"played":[0.0,1.0],"evs":[0.0,1.81479]},"97o":{"weight":0.0,"played":[0.0,1.0],"evs":[0.0,1.71689]},"T7o":{"weight":0.0,"played":[0.0,1.0],"evs":[0.0,1.72006]},"J7o":{"weight":0.0,"played":[0.0,1.0],"evs":[0.0,1.51768]},"Q7o":{"weight":0.0,"played":[0.0,1.0],"evs":[0.0,1.46647]},"K7o":{"weight":0.0,"played":[0.0,1.0],"evs":[0.0,1.86791]},"A7o":{"weight":0.0,"played":[0.0,1.0],"evs":[0.0,1.87619]},"82s":{"weight":0.0,"played":[0.0,1.0],"evs":[0.0,1.57714]},"83s":{"weight":0.0,"played":[0.0,1.0],"evs":[0.0,1.46237]},"84s":{"weight":0.0,"played":[0.0,1.0],"evs":[0.0,1.79986]},"85s":{"weight":0.0,"played":[0.0,1.0],"evs":[0.0,1.98581]},"86s":{"weight":0.0,"played":[0.0,1.0],"evs":[0.0,2.24947]},"87s":{"weight":0.0,"played":[0.0,1.0],"evs":[0.0,2.66264]},"88":{"weight":0.0,"played":[0.0,1.0],"evs":[0.0,4.85334]},"98o":{"weight":0.0,"played":[0.0,1.0],"evs":[0.0,2.12814]},"T8o":{"weight":0.0,"played":[0.0,1.0],"evs":[0.0,2.11655]},"J8o":{"weight":0.0,"played":[0.0,1.0],"evs":[0.0,1.85261]},"Q8o":{"weight":0.0,"played":[0.0,1.0],"evs":[0.0,1.81337]},"K8o":{"weight":0.0,"played":[0.0,1.0],"evs":[0.0,1.85996]},"A8o":{"weight":0.0,"played":[0.0,1.0],"evs":[0.0,1.91377]},"92s":{"weight":0.0,"played":[0.0,1.0],"evs":[0.0,1.65168]},"93s":{"weight":0.0,"played":[0.0,1.0],"evs":[0.0,1.64267]},"94s":{"weight":0.0,"played":[0.0,1.0],"evs":[0.0,1.74602]},"95s":{"weight":0.0,"played":[0.0,1.0],"evs":[0.0,1.91661]},"96s":{"weight":0.0,"played":[0.0,1.0],"evs":[0.0,2.31906]},"97s":{"weight":0.0,"played":[0.0,1.0],"evs":[0.0,2.46611]},"98s":{"weight":0.0,"played":[0.0,1.0],"evs":[0.0,2.97852]},"99":{"weight":1.0E-4,"played":[0.0,1.0],"evs":[0.0,5.74775]},"T9o":{"weight":0.0,"played":[0.0,1.0],"evs":[0.0,2.43577]},"J9o":{"weight":0.0,"played":[0.0,1.0],"evs":[0.0,2.23363]},"Q9o":{"weight":0.0,"played":[0.0,1.0],"evs":[0.0,2.12885]},"K9o":{"weight":0.0,"played":[0.0,1.0],"evs":[0.0,2.20551]},"A9o":{"weight":0.195,"played":[0.0,1.0],"evs":[0.0,2.17537]},"T2s":{"weight":0.0,"played":[0.0,1.0],"evs":[0.0,1.77495]},"T3s":{"weight":0.0,"played":[0.0,1.0],"evs":[0.0,1.93032]},"T4s":{"weight":0.0,"played":[0.0,1.0],"evs":[0.0,1.93627]},"T5s":{"weight":0.0,"played":[0.0,1.0],"evs":[0.0,1.87091]},"T6s":{"weight":0.0,"played":[0.0,1.0],"evs":[0.0,2.18241]},"T7s":{"weight":0.0,"played":[0.0,1.0],"evs":[0.0,2.49513]},"T8s":{"weight":0.0,"played":[0.0,1.0],"evs":[0.0,2.94083]},"T9s":{"weight":0.0,"played":[0.0,1.0],"evs":[0.0,3.21323]},"TT":{"weight":1.0E-4,"played":[0.0,1.0],"evs":[0.0,6.64005]},"JTo":{"weight":0.0,"played":[0.0,1.0],"evs":[0.0,2.7493]},"QTo":{"weight":0.0,"played":[0.0,1.0],"evs":[0.0,2.645]},"KTo":{"weight":0.0,"played":[0.0,1.0],"evs":[0.0,2.70273]},"ATo":{"weight":0.1759,"played":[0.0,1.0],"evs":[0.0,2.50484]},"J2s":{"weight":0.0,"played":[0.0,1.0],"evs":[0.0,1.86575]},"J3s":{"weight":0.0,"played":[0.0,1.0],"evs":[0.0,1.82351]},"J4s":{"weight":0.0,"played":[0.0,1.0],"evs":[0.0,2.00324]},"J5s":{"weight":0.0,"played":[0.0,1.0],"evs":[0.0,2.06361]},"J6s":{"weight":0.0,"played":[0.0,1.0],"evs":[0.0,2.05734]},"J7s":{"weight":0.0,"played":[0.0,1.0],"evs":[0.0,2.36841]},"J8s":{"weight":0.0,"played":[0.0,1.0],"evs":[0.0,2.57355]},"J9s":{"weight":0.0,"played":[0.0,1.0],"evs":[0.0,2.87432]},"JTs":{"weight":2.0E-4,"played":[0.0,1.0],"evs":[0.0,3.30443]},"JJ":{"weight":0.395,"played":[0.0,1.0],"evs":[0.0,7.67753]},"QJo":{"weight":0.0029,"played":[0.0,1.0],"evs":[0.0,2.55914]},"KJo":{"weight":0.0022,"played":[0.0,1.0],"evs":[0.0,2.72539]},"AJo":{"weight":0.4377,"played":[0.0,1.0],"evs":[0.0,2.95446]},"Q2s":{"weight":0.0,"played":[0.0,1.0],"evs":[0.0,1.90927]},"Q3s":{"weight":0.0,"played":[0.0,1.0],"evs":[0.0,2.01343]},"Q4s":{"weight":0.0,"played":[0.0,1.0],"evs":[0.0,2.1131]},"Q5s":{"weight":0.0,"played":[0.0,1.0],"evs":[0.0,2.18354]},"Q6s":{"weight":0.0,"played":[0.0,1.0],"evs":[0.0,2.19869]},"Q7s":{"weight":0.0,"played":[0.0,1.0],"evs":[0.0,2.26442]},"Q8s":{"weight":0.0,"played":[0.0,1.0],"evs":[0.0,2.49491]},"Q9s":{"weight":0.0,"played":[0.0,1.0],"evs":[0.0,2.71802]},"QTs":{"weight":0.0021,"played":[0.0,1.0],"evs":[0.0,3.34876]},"QJs":{"weight":0.1377,"played":[0.0,1.0],"evs":[0.0,3.38586]},"QQ":{"weight":0.6223,"played":[0.0,1.0],"evs":[0.0,9.17745]},"KQo":{"weight":0.1892,"played":[0.0,1.0],"evs":[0.0,2.89377]},"AQo":{"weight":0.0715,"played":[0.0,1.0],"evs":[0.0,4.26776]},"K2s":{"weight":0.0,"played":[0.0,1.0],"evs":[0.0,2.18716]},"K3s":{"weight":0.0,"played":[0.0,1.0],"evs":[0.0,2.38679]},"K4s":{"weight":0.0,"played":[0.0,1.0],"evs":[0.0,2.32996]},"K5s":{"weight":0.0,"played":[0.0,1.0],"evs":[0.0,2.53238]},"K6s":{"weight":0.0,"played":[0.0,1.0],"evs":[0.0,2.55133]},"K7s":{"weight":0.0,"played":[0.0,1.0],"evs":[0.0,2.61963]},"K8s":{"weight":0.0,"played":[0.0,1.0],"evs":[0.0,2.78789]},"K9s":{"weight":0.0,"played":[0.0,1.0],"evs":[0.0,2.99024]},"KTs":{"weight":0.2825,"played":[0.0,1.0],"evs":[0.0,3.52549]},"KJs":{"weight":0.0615,"played":[0.0,1.0],"evs":[0.0,3.43139]},"KQs":{"weight":0.0441,"played":[0.0,1.0],"evs":[0.0,3.61858]},"KK":{"weight":0.1927,"played":[0.0,1.0],"evs":[0.0,10.70383]},"AKo":{"weight":0.0034,"played":[0.0,1.0],"evs":[0.0,5.92002]},"A2s":{"weight":0.0,"played":[0.0,1.0],"evs":[0.0,2.43676]},"A3s":{"weight":0.0,"played":[0.0,1.0],"evs":[0.0,2.47972]},"A4s":{"weight":0.0,"played":[0.0,1.0],"evs":[0.0,2.57995]},"A5s":{"weight":0.0036,"played":[0.0,1.0],"evs":[0.0,2.69578]},"A6s":{"weight":0.002,"played":[0.0,1.0],"evs":[0.0,2.47482]},"A7s":{"weight":0.5059,"played":[0.0,1.0],"evs":[0.0,2.69812]},"A8s":{"weight":0.2603,"played":[0.0,1.0],"evs":[0.0,2.76899]},"A9s":{"weight":0.0011,"played":[0.0,1.0],"evs":[0.0,3.0457]},"ATs":{"weight":1.0E-4,"played":[0.0,1.0],"evs":[0.0,3.12026]},"AJs":{"weight":2.0E-4,"played":[0.0,1.0],"evs":[0.0,3.69209]},"AQs":{"weight":0.0,"played":[0.0,1.0],"evs":[0.0,4.7669]},"AKs":{"weight":0.9512,"played":[0.0,1.0],"evs":[0.0,6.39525]},"AA":{"weight":0.0,"played":[0.0,1.0],"evs":[0.0,12.84372]}}}