{"player":2,"street":0,"children":2,"sequence":[{"player":0,"type":"F","amount":0,"street":0},{"player":1,"type":"R","amount":200000,"street":0},{"player":2,"type":"R","amount":500000,"street":0},{"player":3,"type":"R","amount":2985000,"street":0},{"player":4,"type":"F","amount":0,"street":0},{"player":5,"type":"F","amount":0,"street":0},{"player":1,"type":"C","amount":1385000,"street":0}],"actions":[{"type":"F","amount":0},{"type":"C","amount":2485000}],"hands":{"22":{"weight":0.0,"played":[0.9999,1.0E-4],"evs":[0.0,-3.27918]},"32o":{"weight":0.0,"played":[1.0,0.0],"evs":[0.0,-7.26928]},"42o":{"weight":0.0,"played":[1.0,0.0],"evs":[0.0,-7.14529]},"52o":{"weight":0.0,"played":[1.0,0.0],"evs":[0.0,-6.76643]},"62o":{"weight":0.0,"played":[1.0,0.0],"evs":[0.0,-7.43716]},"72o":{"weight":0.0,"played":[1.0,0.0],"evs":[0.0,-8.01945]},"82o":{"weight":0.0,"played":[1.0,0.0],"evs":[0.0,-8.12081]},"92o":{"weight":0.0,"played":[1.0,0.0],"evs":[0.0,-8.16517]},"T2o":{"weight":0.0,"played":[1.0,0.0],"evs":[0.0,-8.08568]},"J2o":{"weight":0.0,"played":[1.0,0.0],"evs":[0.0,-7.42942]},"Q2o":{"weight":0.0,"played":[1.0,0.0],"evs":[0.0,-8.18535]},"K2o":{"weight":0.0,"played":[1.0,0.0],"evs":[0.0,-8.01245]},"A2o":{"weight":0.0,"played":[0.9999,1.0E-4],"evs":[0.0,-4.38228]},"32s":{"weight":0.0,"played":[1.0,0.0],"evs":[0.0,-5.48168]},"33":{"weight":0.0,"played":[0.9996,4.0E-4],"evs":[0.0,-2.66069]},"43o":{"weight":0.0,"played":[1.0,0.0],"evs":[0.0,-6.02997]},"53o":{"weight":0.0,"played":[1.0,0.0],"evs":[0.0,-6.04706]},"63o":{"weight":0.0,"played":[1.0,0.0],"evs":[0.0,-6.69107]},"73o":{"weight":0.0,"played":[1.0,0.0],"evs":[0.0,-7.24899]},"83o":{"weight":0.0,"played":[1.0,0.0],"evs":[0.0,-8.09597]},"93o":{"weight":0.0,"played":[1.0,0.0],"evs":[0.0,-7.87599]},"T3o":{"weight":0.0,"played":[1.0,0.0],"evs":[0.0,-7.68864]},"J3o":{"weight":0.0,"played":[1.0,0.0],"evs":[0.0,-7.41486]},"Q3o":{"weight":0.0,"played":[1.0,0.0],"evs":[0.0,-7.82523]},"K3o":{"weight":0.0,"played":[1.0,0.0],"evs":[0.0,-7.74773]},"A3o":{"weight":0.0,"played":[1.0,0.0],"evs":[0.0,-4.2823]},"42s":{"weight":0.0,"played":[1.0,0.0],"evs":[0.0,-5.06749]},"43s":{"weight":0.0,"played":[0.9997,3.0E-4],"evs":[0.0,-3.87323]},"44":{"weight":0.0,"played":[0.9987,0.0013],"evs":[0.0,-2.74016]},"54o":{"weight":0.0,"played":[1.0,0.0],"evs":[0.0,-4.91466]},"64o":{"weight":0.0,"played":[1.0,0.0],"evs":[0.0,-5.57705]},"74o":{"weight":0.0,"played":[1.0,0.0],"evs":[0.0,-6.37572]},"84o":{"weight":0.0,"played":[1.0,0.0],"evs":[0.0,-6.86898]},"94o":{"weight":0.0,"played":[1.0,0.0],"evs":[0.0,-7.42328]},"T4o":{"weight":0.0,"played":[1.0,0.0],"evs":[0.0,-7.24829]},"J4o":{"weight":0.0,"played":[1.0,0.0],"evs":[0.0,-6.9526]},"Q4o":{"weight":0.0,"played":[0.9999,1.0E-4],"evs":[0.0,-7.38735]},"K4o":{"weight":0.0,"played":[1.0,0.0],"evs":[0.0,-7.36073]},"A4o":{"weight":0.0,"played":[0.9999,1.0E-4],"evs":[0.0,-4.39214]},"52s":{"weight":0.0,"played":[1.0,0.0],"evs":[0.0,-4.62622]},"53s":{"weight":0.0,"played":[1.0,0.0],"evs":[0.0,-4.04131]},"54s":{"weight":0.0,"played":[1.0,0.0],"evs":[0.0,-3.21403]},"55":{"weight":0.0022,"played":[0.9994,6.0E-4],"evs":[0.0,-2.44833]},"65o":{"weight":0.0,"played":[1.0,0.0],"evs":[0.0,-4.76746]},"75o":{"weight":0.0,"played":[1.0,0.0],"evs":[0.0,-5.8925]},"85o":{"weight":0.0,"played":[1.0,0.0],"evs":[0.0,-6.46571]},"95o":{"weight":0.0,"played":[1.0,0.0],"evs":[0.0,-6.76979]},"T5o":{"weight":0.0,"played":[1.0,0.0],"evs":[0.0,-7.38065]},"J5o":{"weight":0.0,"played":[1.0,0.0],"evs":[0.0,-6.6808]},"Q5o":{"weight":0.0,"played":[1.0,0.0],"evs":[0.0,-7.09632]},"K5o":{"weight":0.0,"played":[0.9999,1.0E-4],"evs":[0.0,-7.27914]},"A5o":{"weight":0.0,"played":[0.9999,1.0E-4],"evs":[0.0,-4.00882]},"62s":{"weight":0.0,"played":[1.0,0.0],"evs":[0.0,-5.20416]},"63s":{"weight":0.0,"played":[1.0,0.0],"evs":[0.0,-4.78259]},"64s":{"weight":0.0,"played":[0.9998,2.0E-4],"evs":[0.0,-3.21371]},"65s":{"weight":0.0,"played":[0.9997,3.0E-4],"evs":[0.0,-2.97661]},"66":{"weight":0.0707,"played":[0.9997,3.0E-4],"evs":[0.0,-1.86542]},"76o":{"weight":0.0,"played":[1.0,0.0],"evs":[0.0,-5.10362]},"86o":{"weight":0.0,"played":[1.0,0.0],"evs":[0.0,-5.54244]},"96o":{"weight":0.0,"played":[1.0,0.0],"evs":[0.0,-6.36377]},"T6o":{"weight":0.0,"played":[1.0,0.0],"evs":[0.0,-6.73516]},"J6o":{"weight":0.0,"played":[1.0,0.0],"evs":[0.0,-6.67761]},"Q6o":{"weight":0.0,"played":[1.0,0.0],"evs":[0.0,-7.21827]},"K6o":{"weight":0.0,"played":[1.0,0.0],"evs":[0.0,-7.02012]},"A6o":{"weight":0.0,"played":[1.0,0.0],"evs":[0.0,-4.45765]},"72s":{"weight":0.0,"played":[1.0,0.0],"evs":[0.0,-6.11933]},"73s":{"weight":0.0,"played":[1.0,0.0],"evs":[0.0,-5.15544]},"74s":{"weight":0.0,"played":[1.0,0.0],"evs":[0.0,-4.57914]},"75s":{"weight":0.0,"played":[0.9999,1.0E-4],"evs":[0.0,-3.63709]},"76s":{"weight":0.0,"played":[0.9999,1.0E-4],"evs":[0.0,-2.88569]},"77":{"weight":0.0118,"played":[0.9989,0.0011],"evs":[0.0,-1.03112]},"87o":{"weight":0.0,"played":[1.0,0.0],"evs":[0.0,-5.16915]},"97o":{"weight":0.0,"played":[1.0,0.0],"evs":[0.0,-5.76852]},"T7o":{"weight":0.0,"played":[1.0,0.0],"evs":[0.0,-5.98587]},"J7o":{"weight":0.0,"played":[1.0,0.0],"evs":[0.0,-6.41344]},"Q7o":{"weight":0.0,"played":[1.0,0.0],"evs":[0.0,-7.28031]},"K7o":{"weight":0.0,"played":[0.9999,1.0E-4],"evs":[0.0,-6.9293]},"A7o":{"weight":0.0,"played":[1.0,0.0],"evs":[0.0,-4.34213]},"82s":{"weight":0.0,"played":[1.0,0.0],"evs":[0.0,-5.84817]},"83s":{"weight":0.0,"played":[0.9999,1.0E-4],"evs":[0.0,-5.87564]},"84s":{"weight":0.0,"played":[1.0,0.0],"evs":[0.0,-5.05723]},"85s":{"weight":0.0,"played":[1.0,0.0],"evs":[0.0,-4.13466]},"86s":{"weight":0.0,"played":[1.0,0.0],"evs":[0.0,-4.06334]},"87s":{"weight":0.0,"played":[0.9984,0.0016],"evs":[0.0,-3.43628]},"88":{"weight":0.0,"played":[0.9976,0.0024],"evs":[0.0,-1.20648]},"98o":{"weight":0.0,"played":[1.0,0.0],"evs":[0.0,-5.86161]},"T8o":{"weight":0.0,"played":[1.0,0.0],"evs":[0.0,-5.57324]},"J8o":{"weight":0.0,"played":[1.0,0.0],"evs":[0.0,-5.80718]},"Q8o":{"weight":0.0,"played":[0.9999,1.0E-4],"evs":[0.0,-6.96223]},"K8o":{"weight":0.0,"played":[1.0,0.0],"evs":[0.0,-7.39687]},"A8o":{"weight":0.0,"played":[0.9999,1.0E-4],"evs":[0.0,-4.7952]},"92s":{"weight":0.0,"played":[0.9997,3.0E-4],"evs":[0.0,-5.81353]},"93s":{"weight":0.0,"played":[1.0,0.0],"evs":[0.0,-5.701]},"94s":{"weight":0.0,"played":[0.9999,1.0E-4],"evs":[0.0,-5.61732]},"95s":{"weight":0.0,"played":[0.9999,1.0E-4],"evs":[0.0,-4.77972]},"96s":{"weight":0.0,"played":[0.9996,4.0E-4],"evs":[0.0,-4.48576]},"97s":{"weight":0.0,"played":[1.0,0.0],"evs":[0.0,-3.70652]},"98s":{"weight":0.0,"played":[0.9999,1.0E-4],"evs":[0.0,-3.53737]},"99":{"weight":1.0E-4,"played":[0.9481,0.0519],"evs":[0.0,-0.88064]},"T9o":{"weight":0.0,"played":[1.0,0.0],"evs":[0.0,-4.92541]},"J9o":{"weight":0.0,"played":[1.0,0.0],"evs":[0.0,-5.28791]},"Q9o":{"weight":0.0,"played":[1.0,0.0],"evs":[0.0,-6.06467]},"K9o":{"weight":0.0,"played":[0.9999,1.0E-4],"evs":[0.0,-6.78055]},"A9o":{"weight":0.195,"played":[1.0,0.0],"evs":[0.0,-4.60402]},"T2s":{"weight":0.0,"played":[0.9999,1.0E-4],"evs":[0.0,-6.10061]},"T3s":{"weight":0.0,"played":[0.9998,2.0E-4],"evs":[0.0,-5.61528]},"T4s":{"weight":0.0,"played":[1.0,0.0],"evs":[0.0,-5.54981]},"T5s":{"weight":0.0,"played":[0.9994,6.0E-4],"evs":[0.0,-5.35444]},"T6s":{"weight":0.0,"played":[1.0,0.0],"evs":[0.0,-4.48381]},"T7s":{"weight":0.0,"played":[1.0,0.0],"evs":[0.0,-4.42898]},"T8s":{"weight":0.0,"played":[0.9977,0.0023],"evs":[0.0,-3.7716]},"T9s":{"weight":0.0,"played":[0.9996,4.0E-4],"evs":[0.0,-3.01266]},"TT":{"weight":1.0E-4,"played":[0.0,1.0],"evs":[0.0,1.69962]},"JTo":{"weight":0.0,"played":[0.9999,1.0E-4],"evs":[0.0,-4.51195]},"QTo":{"weight":0.0,"played":[0.9999,1.0E-4],"evs":[0.0,-5.47238]},"KTo":{"weight":0.0,"played":[0.9999,1.0E-4],"evs":[0.0,-5.79075]},"ATo":{"weight":0.1759,"played":[0.9997,3.0E-4],"evs":[0.0,-3.51305]},"J2s":{"weight":0.0,"played":[1.0,0.0],"evs":[0.0,-5.40218]},"J3s":{"weight":0.0,"played":[1.0,0.0],"evs":[0.0,-5.24376]},"J4s":{"weight":0.0,"played":[0.9999,1.0E-4],"evs":[0.0,-5.40707]},"J5s":{"weight":0.0,"played":[1.0,0.0],"evs":[0.0,-4.88102]},"J6s":{"weight":0.0,"played":[0.9999,1.0E-4],"evs":[0.0,-4.34405]},"J7s":{"weight":0.0,"played":[0.9995,5.0E-4],"evs":[0.0,-4.03712]},"J8s":{"weight":0.0,"played":[0.9997,3.0E-4],"evs":[0.0,-3.72493]},"J9s":{"weight":0.0,"played":[0.9999,1.0E-4],"evs":[0.0,-3.08213]},"JTs":{"weight":2.0E-4,"played":[0.9999,1.0E-4],"evs":[0.0,-2.44618]},"JJ":{"weight":0.395,"played":[0.0,1.0],"evs":[0.0,4.15804]},"QJo":{"weight":0.0029,"played":[1.0,0.0],"evs":[0.0,-5.0774]},"KJo":{"weight":0.0022,"played":[0.9998,2.0E-4],"evs":[0.0,-5.46492]},"AJo":{"weight":0.4377,"played":[0.9997,3.0E-4],"evs":[0.0,-2.57914]},"Q2s":{"weight":0.0,"played":[1.0,0.0],"evs":[0.0,-5.96347]},"Q3s":{"weight":0.0,"played":[1.0,0.0],"evs":[0.0,-6.02758]},"Q4s":{"weight":0.0,"played":[0.9999,1.0E-4],"evs":[0.0,-5.29861]},"Q5s":{"weight":0.0,"played":[0.9999,1.0E-4],"evs":[0.0,-5.24911]},"Q6s":{"weight":0.0,"played":[0.9999,1.0E-4],"evs":[0.0,-4.63837]},"Q7s":{"weight":0.0,"played":[0.9997,3.0E-4],"evs":[0.0,-5.369]},"Q8s":{"weight":0.0,"played":[0.9997,3.0E-4],"evs":[0.0,-4.62511]},"Q9s":{"weight":0.0,"played":[0.9998,2.0E-4],"evs":[0.0,-3.99925]},"QTs":{"weight":0.0021,"played":[0.9994,6.0E-4],"evs":[0.0,-3.24212]},"QJs":{"weight":0.1377,"played":[0.9984,0.0016],"evs":[0.0,-2.63829]},"QQ":{"weight":0.6223,"played":[0.0,1.0],"evs":[0.0,8.05364]},"KQo":{"weight":0.1892,"played":[0.9992,8.0E-4],"evs":[0.0,-4.41327]},"AQo":{"weight":0.0715,"played":[0.9965,0.0035],"evs":[0.0,-1.07686]},"K2s":{"weight":0.0,"played":[0.9999,1.0E-4],"evs":[0.0,-5.93658]},"K3s":{"weight":0.0,"played":[0.9998,2.0E-4],"evs":[0.0,-5.36031]},"K4s":{"weight":0.0,"played":[0.9996,4.0E-4],"evs":[0.0,-5.67243]},"K5s":{"weight":0.0,"played":[0.9998,2.0E-4],"evs":[0.0,-4.92369]},"K6s":{"weight":0.0,"played":[0.9993,7.0E-4],"evs":[0.0,-4.76268]},"K7s":{"weight":0.0,"played":[0.9997,3.0E-4],"evs":[0.0,-4.95633]},"K8s":{"weight":0.0,"played":[1.0,0.0],"evs":[0.0,-4.97163]},"K9s":{"weight":0.0,"played":[0.9998,2.0E-4],"evs":[0.0,-4.7382]},"KTs":{"weight":0.2825,"played":[0.9995,5.0E-4],"evs":[0.0,-3.60375]},"KJs":{"weight":0.0615,"played":[0.9961,0.0039],"evs":[0.0,-2.42734]},"KQs":{"weight":0.0441,"played":[0.9998,2.0E-4],"evs":[0.0,-2.29987]},"KK":{"weight":0.1927,"played":[0.0,1.0],"evs":[0.0,14.59323]},"AKo":{"weight":0.0034,"played":[0.0,1.0],"evs":[0.0,2.26713]},"A2s":{"weight":0.0,"played":[0.9992,8.0E-4],"evs":[0.0,-2.05569]},"A3s":{"weight":0.0,"played":[0.9991,9.0E-4],"evs":[0.0,-2.36839]},"A4s":{"weight":0.0,"played":[0.9998,2.0E-4],"evs":[0.0,-1.54903]},"A5s":{"weight":0.0036,"played":[0.9996,4.0E-4],"evs":[0.0,-1.83116]},"A6s":{"weight":0.002,"played":[0.9996,4.0E-4],"evs":[0.0,-2.72433]},"A7s":{"weight":0.5059,"played":[0.9999,1.0E-4],"evs":[0.0,-2.75414]},"A8s":{"weight":0.2603,"played":[0.9999,1.0E-4],"evs":[0.0,-2.32637]},"A9s":{"weight":0.0011,"played":[0.9998,2.0E-4],"evs":[0.0,-2.48867]},"ATs":{"weight":1.0E-4,"played":[0.9968,0.0032],"evs":[0.0,-1.45594]},"AJs":{"weight":2.0E-4,"played":[0.8897,0.1103],"evs":[0.0,-1.08306]},"AQs":{"weight":0.0,"played":[0.2958,0.7042],"evs":[0.0,0.3786]},"AKs":{"weight":0.9512,"played":[0.0,1.0],"evs":[0.0,4.14726]},"AA":{"weight":0.0,"played":[0.0,1.0],"evs":[0.0,23.52355]}}}