{"player":2,"street":0,"children":2,"sequence":[{"player":0,"type":"F","amount":0,"street":0},{"player":1,"type":"R","amount":200000,"street":0},{"player":2,"type":"R","amount":500000,"street":0},{"player":3,"type":"R","amount":2985000,"street":0},{"player":4,"type":"F","amount":0,"street":0},{"player":5,"type":"C","amount":2135000,"street":0},{"player":1,"type":"F","amount":0,"street":0}],"actions":[{"type":"F","amount":0},{"type":"C","amount":2485000}],"hands":{"22":{"weight":0.0,"played":[0.9998,2.0E-4],"evs":[0.0,-2.81234]},"32o":{"weight":0.0,"played":[1.0,0.0],"evs":[0.0,-6.43052]},"42o":{"weight":0.0,"played":[1.0,0.0],"evs":[0.0,-5.68739]},"52o":{"weight":0.0,"played":[1.0,0.0],"evs":[0.0,-6.59702]},"62o":{"weight":0.0,"played":[0.9992,8.0E-4],"evs":[0.0,-7.35049]},"72o":{"weight":0.0,"played":[0.9999,1.0E-4],"evs":[0.0,-6.93857]},"82o":{"weight":0.0,"played":[1.0,0.0],"evs":[0.0,-7.69112]},"92o":{"weight":0.0,"played":[1.0,0.0],"evs":[0.0,-6.99376]},"T2o":{"weight":0.0,"played":[1.0,0.0],"evs":[0.0,-8.73693]},"J2o":{"weight":0.0,"played":[0.9999,1.0E-4],"evs":[0.0,-7.26294]},"Q2o":{"weight":0.0,"played":[1.0,0.0],"evs":[0.0,-8.47384]},"K2o":{"weight":0.0,"played":[0.9998,2.0E-4],"evs":[0.0,-8.79006]},"A2o":{"weight":0.0,"played":[0.9996,4.0E-4],"evs":[0.0,-5.27726]},"32s":{"weight":0.0,"played":[1.0,0.0],"evs":[0.0,-3.87089]},"33":{"weight":0.0,"played":[0.9875,0.0125],"evs":[0.0,-2.7718]},"43o":{"weight":0.0,"played":[0.9987,0.0013],"evs":[0.0,-5.27278]},"53o":{"weight":0.0,"played":[0.9996,4.0E-4],"evs":[0.0,-5.0328]},"63o":{"weight":0.0,"played":[1.0,0.0],"evs":[0.0,-5.21478]},"73o":{"weight":0.0,"played":[0.9999,1.0E-4],"evs":[0.0,-6.88264]},"83o":{"weight":0.0,"played":[0.9999,1.0E-4],"evs":[0.0,-7.85553]},"93o":{"weight":0.0,"played":[0.9999,1.0E-4],"evs":[0.0,-7.71784]},"T3o":{"weight":0.0,"played":[1.0,0.0],"evs":[0.0,-8.16402]},"J3o":{"weight":0.0,"played":[0.9999,1.0E-4],"evs":[0.0,-7.75107]},"Q3o":{"weight":0.0,"played":[0.998,0.002],"evs":[0.0,-7.36337]},"K3o":{"weight":0.0,"played":[0.9994,6.0E-4],"evs":[0.0,-7.98307]},"A3o":{"weight":0.0,"played":[0.9971,0.0029],"evs":[0.0,-4.01748]},"42s":{"weight":0.0,"played":[0.9962,0.0038],"evs":[0.0,-4.31356]},"43s":{"weight":0.0,"played":[0.999,0.001],"evs":[0.0,-3.2367]},"44":{"weight":0.0,"played":[0.9927,0.0073],"evs":[0.0,-1.31676]},"54o":{"weight":0.0,"played":[1.0,0.0],"evs":[0.0,-3.34323]},"64o":{"weight":0.0,"played":[1.0,0.0],"evs":[0.0,-4.98283]},"74o":{"weight":0.0,"played":[0.9994,6.0E-4],"evs":[0.0,-5.61086]},"84o":{"weight":0.0,"played":[0.9998,2.0E-4],"evs":[0.0,-6.45383]},"94o":{"weight":0.0,"played":[1.0,0.0],"evs":[0.0,-7.55042]},"T4o":{"weight":0.0,"played":[0.9997,3.0E-4],"evs":[0.0,-7.17315]},"J4o":{"weight":0.0,"played":[1.0,0.0],"evs":[0.0,-7.17577]},"Q4o":{"weight":0.0,"played":[0.9989,0.0011],"evs":[0.0,-7.20406]},"K4o":{"weight":0.0,"played":[0.9996,4.0E-4],"evs":[0.0,-8.92172]},"A4o":{"weight":0.0,"played":[0.9998,2.0E-4],"evs":[0.0,-4.20577]},"52s":{"weight":0.0,"played":[0.9979,0.0021],"evs":[0.0,-3.28903]},"53s":{"weight":0.0,"played":[0.9797,0.0203],"evs":[0.0,-1.81141]},"54s":{"weight":0.0,"played":[0.9802,0.0198],"evs":[0.0,-0.962]},"55":{"weight":0.0022,"played":[0.9543,0.0457],"evs":[0.0,-0.21788]},"65o":{"weight":0.0,"played":[0.9988,0.0012],"evs":[0.0,-4.11692]},"75o":{"weight":0.0,"played":[0.9998,2.0E-4],"evs":[0.0,-3.80912]},"85o":{"weight":0.0,"played":[0.9989,0.0011],"evs":[0.0,-5.21543]},"95o":{"weight":0.0,"played":[0.9999,1.0E-4],"evs":[0.0,-6.4877]},"T5o":{"weight":0.0,"played":[0.9997,3.0E-4],"evs":[0.0,-7.04951]},"J5o":{"weight":0.0,"played":[0.9998,2.0E-4],"evs":[0.0,-6.78305]},"Q5o":{"weight":0.0,"played":[0.9995,5.0E-4],"evs":[0.0,-7.86565]},"K5o":{"weight":0.0,"played":[0.999,0.001],"evs":[0.0,-7.25349]},"A5o":{"weight":0.0,"played":[0.9975,0.0025],"evs":[0.0,-5.18131]},"62s":{"weight":0.0,"played":[0.9943,0.0057],"evs":[0.0,-4.61558]},"63s":{"weight":0.0,"played":[1.0,0.0],"evs":[0.0,-4.45889]},"64s":{"weight":0.0,"played":[0.9861,0.0139],"evs":[0.0,-1.33923]},"65s":{"weight":0.0,"played":[0.9602,0.0398],"evs":[0.0,-2.88098]},"66":{"weight":0.0707,"played":[0.9518,0.0482],"evs":[0.0,-1.78486]},"76o":{"weight":0.0,"played":[0.9987,0.0013],"evs":[0.0,-3.76879]},"86o":{"weight":0.0,"played":[0.9999,1.0E-4],"evs":[0.0,-4.32796]},"96o":{"weight":0.0,"played":[0.9995,5.0E-4],"evs":[0.0,-5.99396]},"T6o":{"weight":0.0,"played":[1.0,0.0],"evs":[0.0,-6.05904]},"J6o":{"weight":0.0,"played":[0.9998,2.0E-4],"evs":[0.0,-6.42816]},"Q6o":{"weight":0.0,"played":[0.9994,6.0E-4],"evs":[0.0,-7.36523]},"K6o":{"weight":0.0,"played":[0.9993,7.0E-4],"evs":[0.0,-7.43021]},"A6o":{"weight":0.0,"played":[0.9993,7.0E-4],"evs":[0.0,-4.98441]},"72s":{"weight":0.0,"played":[0.9981,0.0019],"evs":[0.0,-7.37889]},"73s":{"weight":0.0,"played":[0.9998,2.0E-4],"evs":[0.0,-6.1528]},"74s":{"weight":0.0,"played":[0.9247,0.0753],"evs":[0.0,-4.03942]},"75s":{"weight":0.0,"played":[0.9627,0.0373],"evs":[0.0,-2.2119]},"76s":{"weight":0.0,"played":[0.9985,0.0015],"evs":[0.0,-1.42824]},"77":{"weight":0.0118,"played":[0.9609,0.0391],"evs":[0.0,-0.72679]},"87o":{"weight":0.0,"played":[0.9999,1.0E-4],"evs":[0.0,-5.57222]},"97o":{"weight":0.0,"played":[0.9988,0.0012],"evs":[0.0,-4.81579]},"T7o":{"weight":0.0,"played":[0.9993,7.0E-4],"evs":[0.0,-6.04312]},"J7o":{"weight":0.0,"played":[0.9992,8.0E-4],"evs":[0.0,-5.8966]},"Q7o":{"weight":0.0,"played":[0.9957,0.0043],"evs":[0.0,-6.65463]},"K7o":{"weight":0.0,"played":[0.9957,0.0043],"evs":[0.0,-6.27555]},"A7o":{"weight":0.0,"played":[0.9996,4.0E-4],"evs":[0.0,-5.06269]},"82s":{"weight":0.0,"played":[0.9604,0.0396],"evs":[0.0,-3.40852]},"83s":{"weight":0.0,"played":[0.998,0.002],"evs":[0.0,-6.23941]},"84s":{"weight":0.0,"played":[0.9992,8.0E-4],"evs":[0.0,-3.73727]},"85s":{"weight":0.0,"played":[0.9999,1.0E-4],"evs":[0.0,-3.07133]},"86s":{"weight":0.0,"played":[0.9974,0.0026],"evs":[0.0,-3.01902]},"87s":{"weight":0.0,"played":[0.9524,0.0476],"evs":[0.0,-1.58048]},"88":{"weight":0.0,"played":[0.4727,0.5273],"evs":[0.0,-0.48632]},"98o":{"weight":0.0,"played":[0.9996,4.0E-4],"evs":[0.0,-4.94452]},"T8o":{"weight":0.0,"played":[0.9986,0.0014],"evs":[0.0,-5.12918]},"J8o":{"weight":0.0,"played":[0.9993,7.0E-4],"evs":[0.0,-5.80005]},"Q8o":{"weight":0.0,"played":[0.9967,0.0033],"evs":[0.0,-6.72927]},"K8o":{"weight":0.0,"played":[0.9991,9.0E-4],"evs":[0.0,-7.26537]},"A8o":{"weight":0.0,"played":[0.9986,0.0014],"evs":[0.0,-5.12798]},"92s":{"weight":0.0,"played":[0.9999,1.0E-4],"evs":[0.0,-6.0917]},"93s":{"weight":0.0,"played":[0.9999,1.0E-4],"evs":[0.0,-4.122]},"94s":{"weight":0.0,"played":[0.9972,0.0028],"evs":[0.0,-4.91687]},"95s":{"weight":0.0,"played":[0.9995,5.0E-4],"evs":[0.0,-4.04848]},"96s":{"weight":0.0,"played":[0.9934,0.0066],"evs":[0.0,-5.06047]},"97s":{"weight":0.0,"played":[0.9459,0.0541],"evs":[0.0,-3.17034]},"98s":{"weight":0.0,"played":[0.9938,0.0062],"evs":[0.0,-3.6924]},"99":{"weight":1.0E-4,"played":[0.9511,0.0489],"evs":[0.0,-1.2481]},"T9o":{"weight":0.0,"played":[0.9977,0.0023],"evs":[0.0,-4.63306]},"J9o":{"weight":0.0,"played":[0.9986,0.0014],"evs":[0.0,-5.02346]},"Q9o":{"weight":0.0,"played":[0.9995,5.0E-4],"evs":[0.0,-5.83104]},"K9o":{"weight":0.0,"played":[0.9998,2.0E-4],"evs":[0.0,-6.65841]},"A9o":{"weight":0.195,"played":[0.998,0.002],"evs":[0.0,-4.78608]},"T2s":{"weight":0.0,"played":[0.9994,6.0E-4],"evs":[0.0,-5.13197]},"T3s":{"weight":0.0,"played":[0.9996,4.0E-4],"evs":[0.0,-5.15462]},"T4s":{"weight":0.0,"played":[0.9874,0.0126],"evs":[0.0,-4.52383]},"T5s":{"weight":0.0,"played":[0.9995,5.0E-4],"evs":[0.0,-4.93737]},"T6s":{"weight":0.0,"played":[0.998,0.002],"evs":[0.0,-5.44961]},"T7s":{"weight":0.0,"played":[0.9369,0.0631],"evs":[0.0,-2.99637]},"T8s":{"weight":0.0,"played":[0.9027,0.0973],"evs":[0.0,-2.06876]},"T9s":{"weight":0.0,"played":[0.9703,0.0297],"evs":[0.0,-2.24961]},"TT":{"weight":1.0E-4,"played":[0.0,1.0],"evs":[0.0,1.09755]},"JTo":{"weight":0.0,"played":[0.9981,0.0019],"evs":[0.0,-4.56448]},"QTo":{"weight":0.0,"played":[0.9939,0.0061],"evs":[0.0,-6.21072]},"KTo":{"weight":0.0,"played":[0.9976,0.0024],"evs":[0.0,-6.54374]},"ATo":{"weight":0.1759,"played":[0.9946,0.0054],"evs":[0.0,-4.89669]},"J2s":{"weight":0.0,"played":[0.9999,1.0E-4],"evs":[0.0,-4.81226]},"J3s":{"weight":0.0,"played":[0.996,0.004],"evs":[0.0,-4.99642]},"J4s":{"weight":0.0,"played":[0.9969,0.0031],"evs":[0.0,-3.94893]},"J5s":{"weight":0.0,"played":[0.9985,0.0015],"evs":[0.0,-3.5381]},"J6s":{"weight":0.0,"played":[0.9896,0.0104],"evs":[0.0,-3.57977]},"J7s":{"weight":0.0,"played":[1.0,0.0],"evs":[0.0,-5.25148]},"J8s":{"weight":0.0,"played":[0.9994,6.0E-4],"evs":[0.0,-5.87113]},"J9s":{"weight":0.0,"played":[0.8885,0.1115],"evs":[0.0,-3.64089]},"JTs":{"weight":2.0E-4,"played":[0.9099,0.0901],"evs":[0.0,-1.95553]},"JJ":{"weight":0.395,"played":[0.0,1.0],"evs":[0.0,4.4524]},"QJo":{"weight":0.0029,"played":[0.9993,7.0E-4],"evs":[0.0,-5.70669]},"KJo":{"weight":0.0022,"played":[0.9999,1.0E-4],"evs":[0.0,-4.71383]},"AJo":{"weight":0.4377,"played":[0.979,0.021],"evs":[0.0,-3.62652]},"Q2s":{"weight":0.0,"played":[0.9947,0.0053],"evs":[0.0,-5.31977]},"Q3s":{"weight":0.0,"played":[0.9992,8.0E-4],"evs":[0.0,-4.78749]},"Q4s":{"weight":0.0,"played":[0.9546,0.0454],"evs":[0.0,-3.7981]},"Q5s":{"weight":0.0,"played":[0.9994,6.0E-4],"evs":[0.0,-3.54535]},"Q6s":{"weight":0.0,"played":[0.9913,0.0087],"evs":[0.0,-3.87545]},"Q7s":{"weight":0.0,"played":[0.9994,6.0E-4],"evs":[0.0,-4.44048]},"Q8s":{"weight":0.0,"played":[0.9952,0.0048],"evs":[0.0,-4.42453]},"Q9s":{"weight":0.0,"played":[0.9996,4.0E-4],"evs":[0.0,-4.50239]},"QTs":{"weight":0.0021,"played":[0.9317,0.0683],"evs":[0.0,-3.19959]},"QJs":{"weight":0.1377,"played":[0.878,0.122],"evs":[0.0,-2.60014]},"QQ":{"weight":0.6223,"played":[0.0,1.0],"evs":[0.0,8.7926]},"KQo":{"weight":0.1892,"played":[0.9742,0.0258],"evs":[0.0,-5.08925]},"AQo":{"weight":0.0715,"played":[0.9324,0.0676],"evs":[0.0,-2.308]},"K2s":{"weight":0.0,"played":[0.9945,0.0055],"evs":[0.0,-8.24794]},"K3s":{"weight":0.0,"played":[0.9994,6.0E-4],"evs":[0.0,-5.50679]},"K4s":{"weight":0.0,"played":[0.9291,0.0709],"evs":[0.0,-2.62383]},"K5s":{"weight":0.0,"played":[0.9957,0.0043],"evs":[0.0,-4.59108]},"K6s":{"weight":0.0,"played":[0.9955,0.0045],"evs":[0.0,-5.81129]},"K7s":{"weight":0.0,"played":[0.9777,0.0223],"evs":[0.0,-4.51478]},"K8s":{"weight":0.0,"played":[0.9981,0.0019],"evs":[0.0,-4.96776]},"K9s":{"weight":0.0,"played":[0.9986,0.0014],"evs":[0.0,-5.22688]},"KTs":{"weight":0.2825,"played":[0.9368,0.0632],"evs":[0.0,-5.99544]},"KJs":{"weight":0.0615,"played":[0.9664,0.0336],"evs":[0.0,-0.70331]},"KQs":{"weight":0.0441,"played":[0.8418,0.1582],"evs":[0.0,-1.25298]},"KK":{"weight":0.1927,"played":[0.0,1.0],"evs":[0.0,14.98975]},"AKo":{"weight":0.0034,"played":[0.0,1.0],"evs":[0.0,1.58478]},"A2s":{"weight":0.0,"played":[0.8677,0.1323],"evs":[0.0,-3.07844]},"A3s":{"weight":0.0,"played":[0.998,0.002],"evs":[0.0,-1.4521]},"A4s":{"weight":0.0,"played":[0.9444,0.0556],"evs":[0.0,-1.84769]},"A5s":{"weight":0.0036,"played":[0.8779,0.1221],"evs":[0.0,-0.68063]},"A6s":{"weight":0.002,"played":[0.9497,0.0503],"evs":[0.0,-2.32109]},"A7s":{"weight":0.5059,"played":[0.9756,0.0244],"evs":[0.0,-2.01032]},"A8s":{"weight":0.2603,"played":[0.9808,0.0192],"evs":[0.0,-2.05793]},"A9s":{"weight":0.0011,"played":[0.9779,0.0221],"evs":[0.0,-2.25176]},"ATs":{"weight":1.0E-4,"played":[0.9676,0.0324],"evs":[0.0,-1.21024]},"AJs":{"weight":2.0E-4,"played":[0.9647,0.0353],"evs":[0.0,-2.36522]},"AQs":{"weight":0.0,"played":[0.2274,0.7726],"evs":[0.0,0.95014]},"AKs":{"weight":0.9512,"played":[7.0E-4,0.9993],"evs":[0.0,1.92481]},"AA":{"weight":0.0,"played":[0.0,1.0],"evs":[0.0,24.96243]}}}