{"player":5,"street":0,"children":3,"sequence":[{"player":0,"type":"F","amount":0,"street":0},{"player":1,"type":"F","amount":0,"street":0},{"player":2,"type":"R","amount":200000,"street":0},{"player":3,"type":"F","amount":0,"street":0},{"player":4,"type":"F","amount":0,"street":0}],"actions":[{"type":"F","amount":0},{"type":"C","amount":100000},{"type":"R","amount":2235000,"node":24}],"hands":{"22":{"weight":1.0,"played":[0.0,0.0027,0.9973],"evs":[0.0,0.60089,0.70395]},"32o":{"weight":1.0,"played":[1.0,0.0,0.0],"evs":[0.0,-0.04376,-0.81339]},"42o":{"weight":1.0,"played":[1.0,0.0,0.0],"evs":[0.0,-0.01523,-0.70784]},"52o":{"weight":1.0,"played":[0.3251,0.6749,0.0],"evs":[0.0,0.00518,-0.63035]},"62o":{"weight":1.0,"played":[1.0,0.0,0.0],"evs":[0.0,-0.08463,-0.7493]},"72o":{"weight":1.0,"played":[1.0,0.0,0.0],"evs":[0.0,-0.14053,-0.82934]},"82o":{"weight":1.0,"played":[1.0,0.0,0.0],"evs":[0.0,-0.10678,-0.69984]},"92o":{"weight":1.0,"played":[1.0,0.0,0.0],"evs":[0.0,-0.11842,-0.72076]},"T2o":{"weight":1.0,"played":[1.0,0.0,0.0],"evs":[0.0,-0.07828,-0.57721]},"J2o":{"weight":1.0,"played":[0.9997,3.0E-4,0.0],"evs":[0.0,-0.02998,-0.45763]},"Q2o":{"weight":1.0,"played":[2.0E-4,0.9998,0.0],"evs":[0.0,0.01787,-0.34091]},"K2o":{"weight":1.0,"played":[0.0,1.0,0.0],"evs":[0.0,0.08123,-0.11363]},"A2o":{"weight":1.0,"played":[0.0,0.9959,0.0041],"evs":[0.0,0.31533,0.30219]},"32s":{"weight":1.0,"played":[0.0,1.0,0.0],"evs":[0.0,0.25209,-0.38091]},"33":{"weight":1.0,"played":[0.0,1.0E-4,0.9999],"evs":[0.0,0.63936,0.769]},"43o":{"weight":1.0,"played":[0.0,1.0,0.0],"evs":[0.0,0.05202,-0.57556]},"53o":{"weight":1.0,"played":[0.0,1.0,0.0],"evs":[0.0,0.07782,-0.48638]},"63o":{"weight":1.0,"played":[0.4704,0.5296,0.0],"evs":[0.0,-0.00572,-0.61463]},"73o":{"weight":1.0,"played":[1.0,0.0,0.0],"evs":[0.0,-0.07486,-0.67423]},"83o":{"weight":1.0,"played":[1.0,0.0,0.0],"evs":[0.0,-0.1005,-0.71259]},"93o":{"weight":1.0,"played":[1.0,0.0,0.0],"evs":[0.0,-0.10845,-0.69291]},"T3o":{"weight":1.0,"played":[1.0,0.0,0.0],"evs":[0.0,-0.06745,-0.53641]},"J3o":{"weight":1.0,"played":[0.9996,4.0E-4,0.0],"evs":[0.0,-0.01885,-0.43204]},"Q3o":{"weight":1.0,"played":[8.0E-4,0.9992,0.0],"evs":[0.0,0.0286,-0.3053]},"K3o":{"weight":1.0,"played":[0.0,1.0,0.0],"evs":[0.0,0.09438,-0.08588]},"A3o":{"weight":1.0,"played":[0.0,1.0,0.0],"evs":[0.0,0.36209,0.32391]},"42s":{"weight":1.0,"played":[0.0,1.0,0.0],"evs":[0.0,0.27958,-0.26359]},"43s":{"weight":1.0,"played":[0.0,1.0,0.0],"evs":[0.0,0.35913,-0.1474]},"44":{"weight":1.0,"played":[0.0,0.0,1.0],"evs":[0.0,0.70717,0.93284]},"54o":{"weight":1.0,"played":[0.0,1.0,0.0],"evs":[0.0,0.15111,-0.28014]},"64o":{"weight":1.0,"played":[0.0,1.0,0.0],"evs":[0.0,0.08219,-0.40735]},"74o":{"weight":1.0,"played":[0.4278,0.5722,0.0],"evs":[0.0,0.00324,-0.48045]},"84o":{"weight":1.0,"played":[1.0,0.0,0.0],"evs":[0.0,-0.03412,-0.51194]},"94o":{"weight":1.0,"played":[1.0,0.0,0.0],"evs":[0.0,-0.10684,-0.63697]},"T4o":{"weight":1.0,"played":[1.0,0.0,0.0],"evs":[0.0,-0.06246,-0.46708]},"J4o":{"weight":1.0,"played":[0.7515,0.2485,0.0],"evs":[0.0,-0.00121,-0.34831]},"Q4o":{"weight":1.0,"played":[0.0,1.0,0.0],"evs":[0.0,0.03976,-0.2155]},"K4o":{"weight":1.0,"played":[0.0,1.0,0.0],"evs":[0.0,0.11739,-0.01178]},"A4o":{"weight":1.0,"played":[0.0,0.8722,0.1278],"evs":[0.0,0.40833,0.39727]},"52s":{"weight":1.0,"played":[0.0,1.0,0.0],"evs":[0.0,0.29782,-0.19035]},"53s":{"weight":1.0,"played":[0.0,1.0,0.0],"evs":[0.0,0.41214,-0.03719]},"54s":{"weight":1.0,"played":[0.0,1.0,0.0],"evs":[0.0,0.48523,0.13676]},"55":{"weight":1.0,"played":[0.0,0.0,1.0],"evs":[0.0,0.80876,1.21007]},"65o":{"weight":1.0,"played":[0.0,1.0,0.0],"evs":[0.0,0.15953,-0.21644]},"75o":{"weight":1.0,"played":[0.0,1.0,0.0],"evs":[0.0,0.10123,-0.30025]},"85o":{"weight":1.0,"played":[1.0E-4,0.9999,0.0],"evs":[0.0,0.05036,-0.30564]},"95o":{"weight":1.0,"played":[1.0,0.0,0.0],"evs":[0.0,-0.02928,-0.43816]},"T5o":{"weight":1.0,"played":[1.0,0.0,0.0],"evs":[0.0,-0.05418,-0.43158]},"J5o":{"weight":1.0,"played":[0.0118,0.9882,0.0],"evs":[0.0,0.00789,-0.29721]},"Q5o":{"weight":1.0,"played":[0.0,1.0,0.0],"evs":[0.0,0.05602,-0.14685]},"K5o":{"weight":1.0,"played":[0.0,1.0,0.0],"evs":[0.0,0.13974,0.0637]},"A5o":{"weight":1.0,"played":[0.0,0.0722,0.9278],"evs":[0.0,0.46475,0.47649]},"62s":{"weight":1.0,"played":[0.0,1.0,0.0],"evs":[0.0,0.22735,-0.29402]},"63s":{"weight":1.0,"played":[0.0,1.0,0.0],"evs":[0.0,0.32443,-0.17302]},"64s":{"weight":1.0,"played":[0.0,1.0,0.0],"evs":[0.0,0.39393,0.02249]},"65s":{"weight":1.0,"played":[0.0,1.0,0.0],"evs":[0.0,0.50559,0.21447]},"66":{"weight":1.0,"played":[0.0,0.0,1.0],"evs":[0.0,0.87137,1.45539]},"76o":{"weight":1.0,"played":[0.0,1.0,0.0],"evs":[0.0,0.16456,-0.11127]},"86o":{"weight":1.0,"played":[0.0,1.0,0.0],"evs":[0.0,0.14352,-0.13565]},"96o":{"weight":1.0,"played":[0.0,1.0,0.0],"evs":[0.0,0.05625,-0.27047]},"T6o":{"weight":1.0,"played":[0.014,0.986,0.0],"evs":[0.0,0.01424,-0.25042]},"J6o":{"weight":1.0,"played":[0.0017,0.9983,0.0],"evs":[0.0,0.002,-0.27026]},"Q6o":{"weight":1.0,"played":[0.0,1.0,0.0],"evs":[0.0,0.07802,-0.10659]},"K6o":{"weight":1.0,"played":[0.0,1.0,0.0],"evs":[0.0,0.16916,0.11214]},"A6o":{"weight":1.0,"played":[0.0,0.5272,0.4728],"evs":[0.0,0.39904,0.39815]},"72s":{"weight":1.0,"played":[0.0,1.0,0.0],"evs":[0.0,0.1683,-0.37043]},"73s":{"weight":1.0,"played":[0.0,1.0,0.0],"evs":[0.0,0.23552,-0.22878]},"74s":{"weight":1.0,"played":[0.0,1.0,0.0],"evs":[0.0,0.32251,-0.05363]},"75s":{"weight":1.0,"played":[0.0,1.0,0.0],"evs":[0.0,0.42951,0.13499]},"76s":{"weight":1.0,"played":[0.0,1.0,0.0],"evs":[0.0,0.50806,0.30656]},"77":{"weight":1.0,"played":[0.0,0.0,1.0],"evs":[0.0,0.95106,1.71331]},"87o":{"weight":1.0,"played":[0.0,1.0,0.0],"evs":[0.0,0.18671,0.02353]},"97o":{"weight":1.0,"played":[0.0,1.0,0.0],"evs":[0.0,0.14623,-0.104]},"T7o":{"weight":1.0,"played":[0.0,1.0,0.0],"evs":[0.0,0.11976,-0.08528]},"J7o":{"weight":1.0,"played":[0.0,1.0,0.0],"evs":[0.0,0.09382,-0.09324]},"Q7o":{"weight":1.0,"played":[0.0,1.0,0.0],"evs":[0.0,0.11231,-0.08683]},"K7o":{"weight":1.0,"played":[0.0,1.0,0.0],"evs":[0.0,0.20186,0.13695]},"A7o":{"weight":1.0,"played":[0.0,0.8248,0.1752],"evs":[0.0,0.49347,0.48928]},"82s":{"weight":1.0,"played":[0.0,1.0,0.0],"evs":[0.0,0.20213,-0.27141]},"83s":{"weight":1.0,"played":[0.0,1.0,0.0],"evs":[0.0,0.2037,-0.24983]},"84s":{"weight":1.0,"played":[0.0,1.0,0.0],"evs":[0.0,0.28453,-0.07797]},"85s":{"weight":1.0,"played":[0.0,1.0,0.0],"evs":[0.0,0.37643,0.08927]},"86s":{"weight":1.0,"played":[0.0,1.0,0.0],"evs":[0.0,0.47536,0.27435]},"87s":{"weight":1.0,"played":[0.0,1.0,0.0],"evs":[0.0,0.55283,0.44585]},"88":{"weight":1.0,"played":[0.0,0.0,1.0],"evs":[0.0,1.20521,2.04659]},"98o":{"weight":1.0,"played":[0.0,1.0,0.0],"evs":[0.0,0.26508,0.08652]},"T8o":{"weight":1.0,"played":[0.0,1.0,0.0],"evs":[0.0,0.25587,0.12145]},"J8o":{"weight":1.0,"played":[0.0,1.0,0.0],"evs":[0.0,0.22927,0.11186]},"Q8o":{"weight":1.0,"played":[0.0,1.0,0.0],"evs":[0.0,0.22151,0.1137]},"K8o":{"weight":1.0,"played":[0.0,1.0,0.0],"evs":[0.0,0.27318,0.19111]},"A8o":{"weight":1.0,"played":[0.0,0.387,0.613],"evs":[0.0,0.62307,0.62274]},"92s":{"weight":1.0,"played":[0.0,1.0,0.0],"evs":[0.0,0.1897,-0.24851]},"93s":{"weight":1.0,"played":[0.0,1.0,0.0],"evs":[0.0,0.20448,-0.23758]},"94s":{"weight":1.0,"played":[0.0,1.0,0.0],"evs":[0.0,0.21596,-0.20652]},"95s":{"weight":1.0,"played":[0.0,1.0,0.0],"evs":[0.0,0.29771,-0.01905]},"96s":{"weight":1.0,"played":[0.0,1.0,0.0],"evs":[0.0,0.39013,0.15024]},"97s":{"weight":1.0,"played":[0.0,1.0,0.0],"evs":[0.0,0.48045,0.33501]},"98s":{"weight":1.0,"played":[0.0,1.0,0.0],"evs":[0.0,0.60918,0.50758]},"99":{"weight":1.0,"played":[0.0,0.0,1.0],"evs":[0.0,1.45557,2.38829]},"T9o":{"weight":1.0,"played":[0.0,1.0,0.0],"evs":[0.0,0.36844,0.23386]},"J9o":{"weight":1.0,"played":[0.0,1.0,0.0],"evs":[0.0,0.34556,0.20777]},"Q9o":{"weight":1.0,"played":[0.0,1.0,0.0],"evs":[0.0,0.35956,0.22123]},"K9o":{"weight":1.0,"played":[0.0,1.0,0.0],"evs":[0.0,0.40083,0.30744]},"A9o":{"weight":1.0,"played":[0.0,0.941,0.059],"evs":[0.0,0.81884,0.81051]},"T2s":{"weight":1.0,"played":[0.0,1.0,0.0],"evs":[0.0,0.23074,-0.13264]},"T3s":{"weight":1.0,"played":[0.0,1.0,0.0],"evs":[0.0,0.25195,-0.10557]},"T4s":{"weight":1.0,"played":[0.0,1.0,0.0],"evs":[0.0,0.25591,-0.03552]},"T5s":{"weight":1.0,"played":[0.0,1.0,0.0],"evs":[0.0,0.27764,0.00128]},"T6s":{"weight":1.0,"played":[0.0,1.0,0.0],"evs":[0.0,0.34373,0.15776]},"T7s":{"weight":1.0,"played":[0.0,1.0,0.0],"evs":[0.0,0.46951,0.32851]},"T8s":{"weight":1.0,"played":[0.0,0.9997,3.0E-4],"evs":[0.0,0.60237,0.5233]},"T9s":{"weight":1.0,"played":[0.0,1.0,0.0],"evs":[0.0,0.73318,0.63118]},"TT":{"weight":1.0,"played":[0.0,0.0,1.0],"evs":[0.0,1.99728,2.96901]},"JTo":{"weight":1.0,"played":[0.0,0.9997,3.0E-4],"evs":[0.0,0.55893,0.54102]},"QTo":{"weight":1.0,"played":[0.0,1.0,0.0],"evs":[0.0,0.61686,0.56523]},"KTo":{"weight":1.0,"played":[0.0,0.9999,1.0E-4],"evs":[0.0,0.69133,0.67125]},"ATo":{"weight":1.0,"played":[0.0,0.0,1.0],"evs":[0.0,1.24595,1.45726]},"J2s":{"weight":1.0,"played":[0.0,1.0,0.0],"evs":[0.0,0.29403,-0.03325]},"J3s":{"weight":1.0,"played":[0.0,1.0,0.0],"evs":[0.0,0.29155,-0.00158]},"J4s":{"weight":1.0,"played":[0.0,1.0,0.0],"evs":[0.0,0.31572,0.08775]},"J5s":{"weight":1.0,"played":[0.0,1.0,0.0],"evs":[0.0,0.33623,0.1521]},"J6s":{"weight":1.0,"played":[0.0,1.0,0.0],"evs":[0.0,0.33597,0.15842]},"J7s":{"weight":1.0,"played":[0.0,0.9999,1.0E-4],"evs":[0.0,0.43558,0.32997]},"J8s":{"weight":1.0,"played":[0.0,1.0,0.0],"evs":[0.0,0.57604,0.51288]},"J9s":{"weight":1.0,"played":[0.0,1.0,0.0],"evs":[0.0,0.69625,0.63233]},"JTs":{"weight":1.0,"played":[0.0,0.5851,0.4149],"evs":[0.0,0.90962,0.92071]},"JJ":{"weight":1.0,"played":[0.0,0.0,1.0],"evs":[0.0,2.56306,3.51776]},"QJo":{"weight":1.0,"played":[0.0,0.9996,4.0E-4],"evs":[0.0,0.74454,0.72536]},"KJo":{"weight":1.0,"played":[0.0,0.6409,0.3591],"evs":[0.0,0.86613,0.86156]},"AJo":{"weight":1.0,"played":[0.0,0.0,1.0],"evs":[0.0,1.51043,2.01425]},"Q2s":{"weight":1.0,"played":[0.0,1.0,0.0],"evs":[0.0,0.35162,0.11535]},"Q3s":{"weight":1.0,"played":[0.0,1.0,0.0],"evs":[0.0,0.36236,0.15045]},"Q4s":{"weight":1.0,"played":[0.0,1.0,0.0],"evs":[0.0,0.35985,0.20692]},"Q5s":{"weight":1.0,"played":[0.0,1.0,0.0],"evs":[0.0,0.39757,0.29236]},"Q6s":{"weight":1.0,"played":[0.0,0.9979,0.0021],"evs":[0.0,0.41453,0.32717]},"Q7s":{"weight":1.0,"played":[0.0,1.0,0.0],"evs":[0.0,0.44573,0.33251]},"Q8s":{"weight":1.0,"played":[0.0,1.0,0.0],"evs":[0.0,0.56988,0.54502]},"Q9s":{"weight":1.0,"played":[0.0,0.9999,1.0E-4],"evs":[0.0,0.71728,0.623]},"QTs":{"weight":1.0,"played":[0.0,0.9986,0.0014],"evs":[0.0,0.98828,0.94705]},"QJs":{"weight":1.0,"played":[0.0,0.9971,0.0029],"evs":[0.0,1.10917,1.0846]},"QQ":{"weight":1.0,"played":[0.0,0.0,1.0],"evs":[0.0,3.27391,4.08332]},"KQo":{"weight":1.0,"played":[0.0,0.1231,0.8769],"evs":[0.0,1.1081,1.11085]},"AQo":{"weight":1.0,"played":[0.0,0.0,1.0],"evs":[0.0,1.8584,2.59396]},"K2s":{"weight":1.0,"played":[0.0,1.0,0.0],"evs":[0.0,0.45415,0.30604]},"K3s":{"weight":1.0,"played":[0.0,1.0,0.0],"evs":[0.0,0.47179,0.35172]},"K4s":{"weight":1.0,"played":[0.0,1.0,0.0],"evs":[0.0,0.50086,0.4215]},"K5s":{"weight":1.0,"played":[0.0,0.9991,9.0E-4],"evs":[0.0,0.5187,0.47197]},"K6s":{"weight":1.0,"played":[0.0,0.5654,0.4346],"evs":[0.0,0.54301,0.54376]},"K7s":{"weight":1.0,"played":[0.0,0.7221,0.2779],"evs":[0.0,0.57416,0.57893]},"K8s":{"weight":1.0,"played":[0.0,0.9087,0.0913],"evs":[0.0,0.6395,0.62222]},"K9s":{"weight":1.0,"played":[0.0,1.0,0.0],"evs":[0.0,0.81568,0.71949]},"KTs":{"weight":1.0,"played":[0.0,0.9957,0.0043],"evs":[0.0,1.10224,1.04003]},"KJs":{"weight":1.0,"played":[0.0,0.9994,6.0E-4],"evs":[0.0,1.28997,1.22159]},"KQs":{"weight":1.0,"played":[0.0,0.9982,0.0018],"evs":[0.0,1.4918,1.44085]},"KK":{"weight":1.0,"played":[0.0,0.0,1.0],"evs":[0.0,4.22132,4.69689]},"AKo":{"weight":1.0,"played":[0.0,0.0,1.0],"evs":[0.0,2.24661,3.17416]},"A2s":{"weight":1.0,"played":[0.0,0.9991,9.0E-4],"evs":[0.0,0.72329,0.70225]},"A3s":{"weight":1.0,"played":[0.0,0.9966,0.0034],"evs":[0.0,0.78486,0.73625]},"A4s":{"weight":1.0,"played":[0.0,0.9885,0.0115],"evs":[0.0,0.82606,0.79061]},"A5s":{"weight":1.0,"played":[0.0,0.4869,0.5131],"evs":[0.0,0.88564,0.88405]},"A6s":{"weight":1.0,"played":[0.0,0.9979,0.0021],"evs":[0.0,0.84486,0.81232]},"A7s":{"weight":1.0,"played":[0.0,0.9993,7.0E-4],"evs":[0.0,0.93366,0.87818]},"A8s":{"weight":1.0,"played":[0.0,0.9993,7.0E-4],"evs":[0.0,1.06997,0.99464]},"A9s":{"weight":1.0,"played":[0.0,0.9999,1.0E-4],"evs":[0.0,1.29628,1.17028]},"ATs":{"weight":1.0,"played":[0.0,0.0023,0.9977],"evs":[0.0,1.70495,1.76862]},"AJs":{"weight":1.0,"played":[0.0,0.0,1.0],"evs":[0.0,1.93471,2.27637]},"AQs":{"weight":1.0,"played":[0.0,0.0,1.0],"evs":[0.0,2.25927,2.84386]},"AKs":{"weight":1.0,"played":[0.0,0.0,1.0],"evs":[0.0,2.62557,3.38451]},"AA":{"weight":1.0,"played":[0.0,0.9967,0.0033],"evs":[0.0,5.90791,5.83147]}}}