{"player":1,"street":0,"children":2,"sequence":[{"player":0,"type":"F","amount":0,"street":0},{"player":1,"type":"R","amount":200000,"street":0},{"player":2,"type":"R","amount":500000,"street":0},{"player":3,"type":"R","amount":2985000,"street":0},{"player":4,"type":"C","amount":1035000,"street":0},{"player":5,"type":"F","amount":0,"street":0}],"actions":[{"type":"F","amount":0,"node":232},{"type":"C","amount":1385000,"node":233}],"hands":{"22":{"weight":0.0,"played":[0.7146,0.2854],"evs":[0.0,-0.77881]},"32o":{"weight":0.0,"played":[1.0,0.0],"evs":[0.0,-4.32727]},"42o":{"weight":0.0,"played":[0.9999,1.0E-4],"evs":[0.0,-2.89257]},"52o":{"weight":0.0,"played":[0.9995,5.0E-4],"evs":[0.0,-3.20084]},"62o":{"weight":0.0,"played":[0.9994,6.0E-4],"evs":[0.0,-3.2708]},"72o":{"weight":0.0,"played":[1.0,0.0],"evs":[0.0,-3.35581]},"82o":{"weight":0.0,"played":[1.0,0.0],"evs":[0.0,-4.38094]},"92o":{"weight":0.0,"played":[0.9985,0.0015],"evs":[0.0,-4.44517]},"T2o":{"weight":0.0,"played":[0.9988,0.0012],"evs":[0.0,-4.16324]},"J2o":{"weight":0.0,"played":[0.9969,0.0031],"evs":[0.0,-3.64258]},"Q2o":{"weight":0.0,"played":[0.9955,0.0045],"evs":[0.0,-4.08802]},"K2o":{"weight":0.0,"played":[0.9987,0.0013],"evs":[0.0,-5.09709]},"A2o":{"weight":0.0,"played":[0.9978,0.0022],"evs":[0.0,-2.23008]},"32s":{"weight":0.0,"played":[0.89,0.11],"evs":[0.0,-0.89501]},"33":{"weight":0.134,"played":[0.9565,0.0435],"evs":[0.0,-1.96324]},"43o":{"weight":0.0,"played":[0.9988,0.0012],"evs":[0.0,-3.28678]},"53o":{"weight":0.0,"played":[0.9994,6.0E-4],"evs":[0.0,-2.71297]},"63o":{"weight":0.0,"played":[0.9991,9.0E-4],"evs":[0.0,-1.62464]},"73o":{"weight":0.0,"played":[0.9968,0.0032],"evs":[0.0,-3.43908]},"83o":{"weight":0.0,"played":[0.9994,6.0E-4],"evs":[0.0,-3.98984]},"93o":{"weight":0.0,"played":[0.9997,3.0E-4],"evs":[0.0,-4.62604]},"T3o":{"weight":0.0,"played":[0.9993,7.0E-4],"evs":[0.0,-3.38593]},"J3o":{"weight":0.0,"played":[1.0,0.0],"evs":[0.0,-3.40493]},"Q3o":{"weight":0.0,"played":[0.9982,0.0018],"evs":[0.0,-4.6444]},"K3o":{"weight":0.0,"played":[0.9977,0.0023],"evs":[0.0,-4.15312]},"A3o":{"weight":0.0,"played":[0.9978,0.0022],"evs":[0.0,-2.79828]},"42s":{"weight":0.0,"played":[0.9928,0.0072],"evs":[0.0,-1.1302]},"43s":{"weight":0.0,"played":[0.9872,0.0128],"evs":[0.0,-1.68309]},"44":{"weight":0.2847,"played":[0.9382,0.0618],"evs":[0.0,-0.77404]},"54o":{"weight":0.0,"played":[0.9423,0.0577],"evs":[0.0,-3.7182]},"64o":{"weight":0.0,"played":[0.9991,9.0E-4],"evs":[0.0,-3.39768]},"74o":{"weight":0.0,"played":[0.9993,7.0E-4],"evs":[0.0,-3.34298]},"84o":{"weight":0.0,"played":[0.9998,2.0E-4],"evs":[0.0,-3.52737]},"94o":{"weight":0.0,"played":[0.9999,1.0E-4],"evs":[0.0,-2.92354]},"T4o":{"weight":0.0,"played":[0.9961,0.0039],"evs":[0.0,-3.12919]},"J4o":{"weight":0.0,"played":[0.9981,0.0019],"evs":[0.0,-3.05715]},"Q4o":{"weight":0.0,"played":[0.989,0.011],"evs":[0.0,-4.30889]},"K4o":{"weight":0.0,"played":[0.9945,0.0055],"evs":[0.0,-3.61771]},"A4o":{"weight":0.0,"played":[0.993,0.007],"evs":[0.0,-3.00043]},"52s":{"weight":0.0,"played":[0.6705,0.3295],"evs":[0.0,-1.69872]},"53s":{"weight":0.0,"played":[0.9848,0.0152],"evs":[0.0,-1.52603]},"54s":{"weight":0.0,"played":[0.8848,0.1152],"evs":[0.0,-0.08588]},"55":{"weight":0.543,"played":[0.534,0.466],"evs":[0.0,-0.19961]},"65o":{"weight":0.0,"played":[0.9853,0.0147],"evs":[0.0,-1.90935]},"75o":{"weight":0.0,"played":[0.9582,0.0418],"evs":[0.0,-1.60711]},"85o":{"weight":0.0,"played":[0.9999,1.0E-4],"evs":[0.0,-3.11708]},"95o":{"weight":0.0,"played":[0.9841,0.0159],"evs":[0.0,-2.29421]},"T5o":{"weight":0.0,"played":[0.9903,0.0097],"evs":[0.0,-3.86852]},"J5o":{"weight":0.0,"played":[0.9991,9.0E-4],"evs":[0.0,-3.06568]},"Q5o":{"weight":0.0,"played":[0.995,0.005],"evs":[0.0,-3.78221]},"K5o":{"weight":0.0,"played":[0.9957,0.0043],"evs":[0.0,-3.88576]},"A5o":{"weight":5.0E-4,"played":[0.9908,0.0092],"evs":[0.0,-1.29753]},"62s":{"weight":0.0,"played":[1.0,0.0],"evs":[0.0,-1.32351]},"63s":{"weight":0.0,"played":[0.9719,0.0281],"evs":[0.0,-1.21175]},"64s":{"weight":0.0,"played":[0.1067,0.8933],"evs":[0.0,0.83193]},"65s":{"weight":0.0,"played":[0.8817,0.1183],"evs":[0.0,0.24193]},"66":{"weight":0.0917,"played":[0.9551,0.0449],"evs":[0.0,-1.121]},"76o":{"weight":0.0,"played":[0.987,0.013],"evs":[0.0,-2.29594]},"86o":{"weight":0.0,"played":[0.9496,0.0504],"evs":[0.0,-1.77286]},"96o":{"weight":0.0,"played":[0.9999,1.0E-4],"evs":[0.0,-3.62272]},"T6o":{"weight":0.0,"played":[0.9959,0.0041],"evs":[0.0,-4.50753]},"J6o":{"weight":0.0,"played":[0.9978,0.0022],"evs":[0.0,-3.99499]},"Q6o":{"weight":0.0,"played":[0.993,0.007],"evs":[0.0,-3.19802]},"K6o":{"weight":0.0,"played":[0.9974,0.0026],"evs":[0.0,-3.1502]},"A6o":{"weight":0.0,"played":[0.9724,0.0276],"evs":[0.0,-3.15108]},"72s":{"weight":0.0,"played":[0.9915,0.0085],"evs":[0.0,-0.52697]},"73s":{"weight":0.0,"played":[0.9285,0.0715],"evs":[0.0,-1.11938]},"74s":{"weight":0.0,"played":[0.9846,0.0154],"evs":[0.0,-2.72133]},"75s":{"weight":0.0,"played":[0.9456,0.0544],"evs":[0.0,-1.16222]},"76s":{"weight":0.0,"played":[0.6686,0.3314],"evs":[0.0,-0.3843]},"77":{"weight":0.002,"played":[0.0543,0.9457],"evs":[0.0,0.96159]},"87o":{"weight":0.0,"played":[0.9995,5.0E-4],"evs":[0.0,-2.16009]},"97o":{"weight":0.0,"played":[0.9947,0.0053],"evs":[0.0,-2.58296]},"T7o":{"weight":0.0,"played":[1.0,0.0],"evs":[0.0,-3.40853]},"J7o":{"weight":0.0,"played":[0.987,0.013],"evs":[0.0,-3.11102]},"Q7o":{"weight":0.0,"played":[0.9947,0.0053],"evs":[0.0,-4.77012]},"K7o":{"weight":0.0,"played":[0.9934,0.0066],"evs":[0.0,-3.05216]},"A7o":{"weight":2.0E-4,"played":[0.9967,0.0033],"evs":[0.0,-2.31351]},"82s":{"weight":0.0,"played":[0.92,0.08],"evs":[0.0,-3.83071]},"83s":{"weight":0.0,"played":[0.9996,4.0E-4],"evs":[0.0,-2.72356]},"84s":{"weight":0.0,"played":[0.9996,4.0E-4],"evs":[0.0,-1.84052]},"85s":{"weight":0.0,"played":[0.8886,0.1114],"evs":[0.0,-0.21989]},"86s":{"weight":0.0,"played":[0.8291,0.1709],"evs":[0.0,-2.84357]},"87s":{"weight":0.0025,"played":[0.8882,0.1118],"evs":[0.0,-2.59729]},"88":{"weight":0.6367,"played":[0.8154,0.1846],"evs":[0.0,-0.72682]},"98o":{"weight":0.0,"played":[0.9705,0.0295],"evs":[0.0,-0.85359]},"T8o":{"weight":0.0,"played":[0.986,0.014],"evs":[0.0,-2.22361]},"J8o":{"weight":0.0,"played":[0.9798,0.0202],"evs":[0.0,-3.04013]},"Q8o":{"weight":0.0,"played":[0.9994,6.0E-4],"evs":[0.0,-5.1535]},"K8o":{"weight":0.0,"played":[0.9824,0.0176],"evs":[0.0,-4.12078]},"A8o":{"weight":1.0,"played":[0.9914,0.0086],"evs":[0.0,-2.22157]},"92s":{"weight":0.0,"played":[0.9867,0.0133],"evs":[0.0,-2.69242]},"93s":{"weight":0.0,"played":[0.9989,0.0011],"evs":[0.0,-1.12781]},"94s":{"weight":0.0,"played":[0.9945,0.0055],"evs":[0.0,-1.92981]},"95s":{"weight":0.0,"played":[0.9812,0.0188],"evs":[0.0,-0.61661]},"96s":{"weight":0.0,"played":[0.9876,0.0124],"evs":[0.0,-0.1964]},"97s":{"weight":0.0,"played":[0.2866,0.7134],"evs":[0.0,0.38471]},"98s":{"weight":0.9974,"played":[0.9317,0.0683],"evs":[0.0,-1.25672]},"99":{"weight":1.0,"played":[0.2066,0.7934],"evs":[0.0,0.13471]},"T9o":{"weight":0.0,"played":[0.981,0.019],"evs":[0.0,-3.03113]},"J9o":{"weight":0.0,"played":[0.9587,0.0413],"evs":[0.0,-2.57793]},"Q9o":{"weight":0.0,"played":[0.985,0.015],"evs":[0.0,-3.68897]},"K9o":{"weight":0.0,"played":[0.9862,0.0138],"evs":[0.0,-3.79859]},"A9o":{"weight":0.8976,"played":[0.9989,0.0011],"evs":[0.0,-2.11496]},"T2s":{"weight":0.0,"played":[0.9984,0.0016],"evs":[0.0,-2.31547]},"T3s":{"weight":0.0,"played":[0.9542,0.0458],"evs":[0.0,-2.47394]},"T4s":{"weight":0.0,"played":[0.9986,0.0014],"evs":[0.0,-1.81477]},"T5s":{"weight":0.0,"played":[0.9112,0.0888],"evs":[0.0,-0.69566]},"T6s":{"weight":0.0,"played":[0.976,0.024],"evs":[0.0,-2.77596]},"T7s":{"weight":0.0,"played":[0.4354,0.5646],"evs":[0.0,-0.11524]},"T8s":{"weight":0.8822,"played":[0.8701,0.1299],"evs":[0.0,-0.48948]},"T9s":{"weight":0.7985,"played":[0.9641,0.0359],"evs":[0.0,-0.28641]},"TT":{"weight":1.0,"played":[0.0319,0.9681],"evs":[0.0,2.05743]},"JTo":{"weight":0.071,"played":[0.968,0.032],"evs":[0.0,-2.61532]},"QTo":{"weight":0.8252,"played":[0.9943,0.0057],"evs":[0.0,-3.32194]},"KTo":{"weight":0.8889,"played":[0.9813,0.0187],"evs":[0.0,-2.65476]},"ATo":{"weight":0.1142,"played":[0.9615,0.0385],"evs":[0.0,-2.57957]},"J2s":{"weight":0.0,"played":[0.9993,7.0E-4],"evs":[0.0,-2.93872]},"J3s":{"weight":0.0,"played":[0.9742,0.0258],"evs":[0.0,-4.12956]},"J4s":{"weight":0.0,"played":[0.9911,0.0089],"evs":[0.0,-2.70046]},"J5s":{"weight":0.0,"played":[0.8717,0.1283],"evs":[0.0,-1.05601]},"J6s":{"weight":0.0,"played":[0.2788,0.7212],"evs":[0.0,0.1015]},"J7s":{"weight":0.0,"played":[0.9672,0.0328],"evs":[0.0,-2.50951]},"J8s":{"weight":0.0,"played":[0.6678,0.3322],"evs":[0.0,-0.18552]},"J9s":{"weight":0.9902,"played":[0.4002,0.5998],"evs":[0.0,-1.0119]},"JTs":{"weight":3.0E-4,"played":[0.8391,0.1609],"evs":[0.0,0.34208]},"JJ":{"weight":1.0,"played":[0.0,1.0],"evs":[0.0,3.86743]},"QJo":{"weight":1.0,"played":[0.9916,0.0084],"evs":[0.0,-2.62502]},"KJo":{"weight":1.0,"played":[0.9932,0.0068],"evs":[0.0,-3.09942]},"AJo":{"weight":0.028,"played":[0.9929,0.0071],"evs":[0.0,-0.7173]},"Q2s":{"weight":0.0,"played":[0.9841,0.0159],"evs":[0.0,-4.15117]},"Q3s":{"weight":0.0,"played":[0.9993,7.0E-4],"evs":[0.0,-4.66079]},"Q4s":{"weight":0.0,"played":[0.906,0.094],"evs":[0.0,-0.66984]},"Q5s":{"weight":0.0,"played":[0.955,0.045],"evs":[0.0,-2.54703]},"Q6s":{"weight":0.0,"played":[0.9599,0.0401],"evs":[0.0,-2.62979]},"Q7s":{"weight":0.0,"played":[0.9737,0.0263],"evs":[0.0,-2.42711]},"Q8s":{"weight":0.3749,"played":[0.9846,0.0154],"evs":[0.0,-2.16113]},"Q9s":{"weight":1.0,"played":[0.6028,0.3972],"evs":[0.0,-0.83113]},"QTs":{"weight":0.0268,"played":[0.8355,0.1645],"evs":[0.0,-1.29985]},"QJs":{"weight":0.9999,"played":[0.7733,0.2267],"evs":[0.0,0.22232]},"QQ":{"weight":1.0,"played":[1.0E-4,0.9999],"evs":[0.0,6.93228]},"KQo":{"weight":9.0E-4,"played":[0.9448,0.0552],"evs":[0.0,-2.02511]},"AQo":{"weight":0.0,"played":[0.443,0.557],"evs":[0.0,-1.11616]},"K2s":{"weight":0.0,"played":[0.9909,0.0091],"evs":[0.0,-3.04951]},"K3s":{"weight":0.0,"played":[0.9675,0.0325],"evs":[0.0,-0.93486]},"K4s":{"weight":0.0,"played":[0.9389,0.0611],"evs":[0.0,-1.62666]},"K5s":{"weight":0.0,"played":[0.8148,0.1852],"evs":[0.0,0.21457]},"K6s":{"weight":0.0,"played":[0.9048,0.0952],"evs":[0.0,-2.0933]},"K7s":{"weight":0.9987,"played":[0.9682,0.0318],"evs":[0.0,-2.89288]},"K8s":{"weight":0.9998,"played":[0.9511,0.0489],"evs":[0.0,-2.48108]},"K9s":{"weight":0.999,"played":[0.591,0.409],"evs":[0.0,-0.12315]},"KTs":{"weight":0.012,"played":[0.4442,0.5558],"evs":[0.0,0.48835]},"KJs":{"weight":1.0,"played":[0.4632,0.5368],"evs":[0.0,-0.35391]},"KQs":{"weight":1.0,"played":[0.2114,0.7886],"evs":[0.0,-0.10331]},"KK":{"weight":1.0,"played":[0.0,1.0],"evs":[0.0,12.75566]},"AKo":{"weight":0.9559,"played":[0.001,0.999],"evs":[0.0,0.3012]},"A2s":{"weight":1.0,"played":[0.4842,0.5158],"evs":[0.0,-0.07229]},"A3s":{"weight":1.0,"played":[0.9666,0.0334],"evs":[0.0,-2.0586]},"A4s":{"weight":1.0,"played":[0.7454,0.2546],"evs":[0.0,-1.03013]},"A5s":{"weight":0.9994,"played":[0.9903,0.0097],"evs":[0.0,-1.70177]},"A6s":{"weight":1.0,"played":[0.7815,0.2185],"evs":[0.0,-0.78876]},"A7s":{"weight":0.627,"played":[0.7893,0.2107],"evs":[0.0,-2.77438]},"A8s":{"weight":0.5921,"played":[0.6864,0.3136],"evs":[0.0,-1.53291]},"A9s":{"weight":1.0,"played":[0.9956,0.0044],"evs":[0.0,-1.34456]},"ATs":{"weight":1.0,"played":[0.3183,0.6817],"evs":[0.0,0.27709]},"AJs":{"weight":1.0,"played":[0.269,0.731],"evs":[0.0,-0.27207]},"AQs":{"weight":1.0,"played":[0.0039,0.9961],"evs":[0.0,0.59731]},"AKs":{"weight":1.0,"played":[0.0036,0.9964],"evs":[0.0,4.08016]},"AA":{"weight":1.0,"played":[0.0,1.0],"evs":[0.0,14.81105]}}}