{"player":2,"street":0,"children":2,"sequence":[{"player":0,"type":"F","amount":0,"street":0},{"player":1,"type":"R","amount":200000,"street":0},{"player":2,"type":"R","amount":500000,"street":0},{"player":3,"type":"R","amount":2985000,"street":0},{"player":4,"type":"C","amount":1035000,"street":0},{"player":5,"type":"F","amount":0,"street":0},{"player":1,"type":"C","amount":1385000,"street":0}],"actions":[{"type":"F","amount":0},{"type":"C","amount":2485000}],"hands":{"22":{"weight":0.0,"played":[0.9955,0.0045],"evs":[0.0,-1.59787]},"32o":{"weight":0.0,"played":[1.0,0.0],"evs":[0.0,-6.3667]},"42o":{"weight":0.0,"played":[1.0,0.0],"evs":[0.0,-5.97119]},"52o":{"weight":0.0,"played":[0.9999,1.0E-4],"evs":[0.0,-6.28907]},"62o":{"weight":0.0,"played":[0.9999,1.0E-4],"evs":[0.0,-6.4563]},"72o":{"weight":0.0,"played":[1.0,0.0],"evs":[0.0,-7.33533]},"82o":{"weight":0.0,"played":[0.9999,1.0E-4],"evs":[0.0,-7.67763]},"92o":{"weight":0.0,"played":[0.9997,3.0E-4],"evs":[0.0,-7.44306]},"T2o":{"weight":0.0,"played":[1.0,0.0],"evs":[0.0,-7.24811]},"J2o":{"weight":0.0,"played":[0.9995,5.0E-4],"evs":[0.0,-8.43531]},"Q2o":{"weight":0.0,"played":[0.9998,2.0E-4],"evs":[0.0,-6.97258]},"K2o":{"weight":0.0,"played":[0.997,0.003],"evs":[0.0,-6.9963]},"A2o":{"weight":0.0,"played":[0.9962,0.0038],"evs":[0.0,-3.83368]},"32s":{"weight":0.0,"played":[0.9974,0.0026],"evs":[0.0,-3.2697]},"33":{"weight":0.0,"played":[0.9678,0.0322],"evs":[0.0,-1.99768]},"43o":{"weight":0.0,"played":[0.9995,5.0E-4],"evs":[0.0,-5.37231]},"53o":{"weight":0.0,"played":[0.9999,1.0E-4],"evs":[0.0,-4.79928]},"63o":{"weight":0.0,"played":[1.0,0.0],"evs":[0.0,-5.34695]},"73o":{"weight":0.0,"played":[0.9998,2.0E-4],"evs":[0.0,-6.0193]},"83o":{"weight":0.0,"played":[1.0,0.0],"evs":[0.0,-7.54277]},"93o":{"weight":0.0,"played":[1.0,0.0],"evs":[0.0,-7.25209]},"T3o":{"weight":0.0,"played":[1.0,0.0],"evs":[0.0,-7.09734]},"J3o":{"weight":0.0,"played":[0.9998,2.0E-4],"evs":[0.0,-6.77528]},"Q3o":{"weight":0.0,"played":[0.9997,3.0E-4],"evs":[0.0,-7.12913]},"K3o":{"weight":0.0,"played":[0.999,0.001],"evs":[0.0,-7.48647]},"A3o":{"weight":0.0,"played":[0.9956,0.0044],"evs":[0.0,-4.49223]},"42s":{"weight":0.0,"played":[0.9969,0.0031],"evs":[0.0,-3.66433]},"43s":{"weight":0.0,"played":[0.9926,0.0074],"evs":[0.0,-1.9175]},"44":{"weight":0.0,"played":[0.9745,0.0255],"evs":[0.0,-1.90015]},"54o":{"weight":0.0,"played":[1.0,0.0],"evs":[0.0,-3.79585]},"64o":{"weight":0.0,"played":[0.9988,0.0012],"evs":[0.0,-4.58097]},"74o":{"weight":0.0,"played":[0.9984,0.0016],"evs":[0.0,-4.75325]},"84o":{"weight":0.0,"played":[0.9998,2.0E-4],"evs":[0.0,-7.01771]},"94o":{"weight":0.0,"played":[1.0,0.0],"evs":[0.0,-7.11198]},"T4o":{"weight":0.0,"played":[0.9998,2.0E-4],"evs":[0.0,-6.55749]},"J4o":{"weight":0.0,"played":[1.0,0.0],"evs":[0.0,-6.08193]},"Q4o":{"weight":0.0,"played":[1.0,0.0],"evs":[0.0,-6.93968]},"K4o":{"weight":0.0,"played":[0.9997,3.0E-4],"evs":[0.0,-7.74543]},"A4o":{"weight":0.0,"played":[0.9991,9.0E-4],"evs":[0.0,-3.04755]},"52s":{"weight":0.0,"played":[0.9981,0.0019],"evs":[0.0,-3.6998]},"53s":{"weight":0.0,"played":[0.9888,0.0112],"evs":[0.0,-3.95819]},"54s":{"weight":0.0,"played":[0.9794,0.0206],"evs":[0.0,-2.10413]},"55":{"weight":0.0022,"played":[0.9727,0.0273],"evs":[0.0,-1.29096]},"65o":{"weight":0.0,"played":[0.9996,4.0E-4],"evs":[0.0,-4.92121]},"75o":{"weight":0.0,"played":[0.9999,1.0E-4],"evs":[0.0,-4.36991]},"85o":{"weight":0.0,"played":[0.9997,3.0E-4],"evs":[0.0,-5.82676]},"95o":{"weight":0.0,"played":[0.9994,6.0E-4],"evs":[0.0,-5.35765]},"T5o":{"weight":0.0,"played":[0.9999,1.0E-4],"evs":[0.0,-7.85784]},"J5o":{"weight":0.0,"played":[0.9985,0.0015],"evs":[0.0,-5.5556]},"Q5o":{"weight":0.0,"played":[0.9996,4.0E-4],"evs":[0.0,-6.12689]},"K5o":{"weight":0.0,"played":[0.9987,0.0013],"evs":[0.0,-5.74208]},"A5o":{"weight":0.0,"played":[0.9966,0.0034],"evs":[0.0,-2.79675]},"62s":{"weight":0.0,"played":[0.9998,2.0E-4],"evs":[0.0,-6.47548]},"63s":{"weight":0.0,"played":[0.9723,0.0277],"evs":[0.0,-2.73349]},"64s":{"weight":0.0,"played":[1.0,0.0],"evs":[0.0,-3.12516]},"65s":{"weight":0.0,"played":[0.9078,0.0922],"evs":[0.0,-1.21792]},"66":{"weight":0.0707,"played":[0.4255,0.5745],"evs":[0.0,-0.64697]},"76o":{"weight":0.0,"played":[0.9968,0.0032],"evs":[0.0,-4.01896]},"86o":{"weight":0.0,"played":[0.9993,7.0E-4],"evs":[0.0,-5.419]},"96o":{"weight":0.0,"played":[0.9999,1.0E-4],"evs":[0.0,-6.0887]},"T6o":{"weight":0.0,"played":[0.9996,4.0E-4],"evs":[0.0,-6.37873]},"J6o":{"weight":0.0,"played":[0.9986,0.0014],"evs":[0.0,-6.96968]},"Q6o":{"weight":0.0,"played":[0.9997,3.0E-4],"evs":[0.0,-6.2231]},"K6o":{"weight":0.0,"played":[0.9986,0.0014],"evs":[0.0,-6.64167]},"A6o":{"weight":0.0,"played":[0.9989,0.0011],"evs":[0.0,-4.30384]},"72s":{"weight":0.0,"played":[0.9974,0.0026],"evs":[0.0,-5.37695]},"73s":{"weight":0.0,"played":[0.9998,2.0E-4],"evs":[0.0,-3.92742]},"74s":{"weight":0.0,"played":[0.9991,9.0E-4],"evs":[0.0,-3.2844]},"75s":{"weight":0.0,"played":[0.9843,0.0157],"evs":[0.0,-1.97883]},"76s":{"weight":0.0,"played":[0.99,0.01],"evs":[0.0,-1.19441]},"77":{"weight":0.0118,"played":[0.4816,0.5184],"evs":[0.0,0.2458]},"87o":{"weight":0.0,"played":[0.9965,0.0035],"evs":[0.0,-5.30889]},"97o":{"weight":0.0,"played":[0.9995,5.0E-4],"evs":[0.0,-4.50222]},"T7o":{"weight":0.0,"played":[0.9995,5.0E-4],"evs":[0.0,-4.87449]},"J7o":{"weight":0.0,"played":[1.0,0.0],"evs":[0.0,-5.35209]},"Q7o":{"weight":0.0,"played":[0.9988,0.0012],"evs":[0.0,-5.54196]},"K7o":{"weight":0.0,"played":[0.9965,0.0035],"evs":[0.0,-5.93532]},"A7o":{"weight":0.0,"played":[0.9954,0.0046],"evs":[0.0,-2.90195]},"82s":{"weight":0.0,"played":[0.9957,0.0043],"evs":[0.0,-5.38827]},"83s":{"weight":0.0,"played":[0.9988,0.0012],"evs":[0.0,-4.45318]},"84s":{"weight":0.0,"played":[0.9998,2.0E-4],"evs":[0.0,-5.98108]},"85s":{"weight":0.0,"played":[0.9526,0.0474],"evs":[0.0,-2.39054]},"86s":{"weight":0.0,"played":[0.9045,0.0955],"evs":[0.0,-2.11189]},"87s":{"weight":0.0,"played":[0.4499,0.5501],"evs":[0.0,0.27714]},"88":{"weight":0.0,"played":[0.3027,0.6973],"evs":[0.0,0.63961]},"98o":{"weight":0.0,"played":[0.9988,0.0012],"evs":[0.0,-4.89549]},"T8o":{"weight":0.0,"played":[0.9995,5.0E-4],"evs":[0.0,-3.75217]},"J8o":{"weight":0.0,"played":[0.9966,0.0034],"evs":[0.0,-4.95793]},"Q8o":{"weight":0.0,"played":[0.9995,5.0E-4],"evs":[0.0,-6.85084]},"K8o":{"weight":0.0,"played":[0.9999,1.0E-4],"evs":[0.0,-5.85685]},"A8o":{"weight":0.0,"played":[0.9999,1.0E-4],"evs":[0.0,-4.5433]},"92s":{"weight":0.0,"played":[0.9998,2.0E-4],"evs":[0.0,-5.32797]},"93s":{"weight":0.0,"played":[0.9978,0.0022],"evs":[0.0,-3.77765]},"94s":{"weight":0.0,"played":[0.972,0.028],"evs":[0.0,-5.88656]},"95s":{"weight":0.0,"played":[0.9942,0.0058],"evs":[0.0,-3.19368]},"96s":{"weight":0.0,"played":[0.9206,0.0794],"evs":[0.0,-1.4422]},"97s":{"weight":0.0,"played":[0.9875,0.0125],"evs":[0.0,-2.67178]},"98s":{"weight":0.0,"played":[0.981,0.019],"evs":[0.0,-1.21932]},"99":{"weight":1.0E-4,"played":[0.6511,0.3489],"evs":[0.0,-0.00893]},"T9o":{"weight":0.0,"played":[0.9955,0.0045],"evs":[0.0,-3.5646]},"J9o":{"weight":0.0,"played":[0.9967,0.0033],"evs":[0.0,-5.17888]},"Q9o":{"weight":0.0,"played":[0.9975,0.0025],"evs":[0.0,-5.76156]},"K9o":{"weight":0.0,"played":[0.9977,0.0023],"evs":[0.0,-6.49131]},"A9o":{"weight":0.195,"played":[0.9982,0.0018],"evs":[0.0,-3.6524]},"T2s":{"weight":0.0,"played":[0.997,0.003],"evs":[0.0,-5.38593]},"T3s":{"weight":0.0,"played":[0.9956,0.0044],"evs":[0.0,-3.56954]},"T4s":{"weight":0.0,"played":[0.9991,9.0E-4],"evs":[0.0,-4.70639]},"T5s":{"weight":0.0,"played":[0.9746,0.0254],"evs":[0.0,-4.70753]},"T6s":{"weight":0.0,"played":[0.9987,0.0013],"evs":[0.0,-2.96833]},"T7s":{"weight":0.0,"played":[0.9894,0.0106],"evs":[0.0,-2.67088]},"T8s":{"weight":0.0,"played":[0.7222,0.2778],"evs":[0.0,0.2632]},"T9s":{"weight":0.0,"played":[0.9602,0.0398],"evs":[0.0,-2.68757]},"TT":{"weight":1.0E-4,"played":[0.0,1.0],"evs":[0.0,2.43514]},"JTo":{"weight":0.0,"played":[0.992,0.008],"evs":[0.0,-3.54231]},"QTo":{"weight":0.0,"played":[0.9985,0.0015],"evs":[0.0,-5.26948]},"KTo":{"weight":0.0,"played":[0.9954,0.0046],"evs":[0.0,-6.28728]},"ATo":{"weight":0.1759,"played":[0.9957,0.0043],"evs":[0.0,-3.70278]},"J2s":{"weight":0.0,"played":[0.9935,0.0065],"evs":[0.0,-4.51814]},"J3s":{"weight":0.0,"played":[0.998,0.002],"evs":[0.0,-4.32867]},"J4s":{"weight":0.0,"played":[0.9936,0.0064],"evs":[0.0,-3.3862]},"J5s":{"weight":0.0,"played":[0.9936,0.0064],"evs":[0.0,-5.20655]},"J6s":{"weight":0.0,"played":[0.9977,0.0023],"evs":[0.0,-4.72895]},"J7s":{"weight":0.0,"played":[0.9464,0.0536],"evs":[0.0,-2.08105]},"J8s":{"weight":0.0,"played":[0.9955,0.0045],"evs":[0.0,-3.60885]},"J9s":{"weight":0.0,"played":[0.994,0.006],"evs":[0.0,-1.2179]},"JTs":{"weight":2.0E-4,"played":[0.8096,0.1904],"evs":[0.0,-1.67428]},"JJ":{"weight":0.395,"played":[0.0,1.0],"evs":[0.0,5.71016]},"QJo":{"weight":0.0029,"played":[0.9987,0.0013],"evs":[0.0,-3.59321]},"KJo":{"weight":0.0022,"played":[0.9849,0.0151],"evs":[0.0,-4.72055]},"AJo":{"weight":0.4377,"played":[0.9829,0.0171],"evs":[0.0,-3.04106]},"Q2s":{"weight":0.0,"played":[0.9947,0.0053],"evs":[0.0,-4.98583]},"Q3s":{"weight":0.0,"played":[0.9939,0.0061],"evs":[0.0,-4.05713]},"Q4s":{"weight":0.0,"played":[0.9933,0.0067],"evs":[0.0,-2.0243]},"Q5s":{"weight":0.0,"played":[0.9994,6.0E-4],"evs":[0.0,-4.86185]},"Q6s":{"weight":0.0,"played":[0.9967,0.0033],"evs":[0.0,-5.35251]},"Q7s":{"weight":0.0,"played":[0.9627,0.0373],"evs":[0.0,-3.94235]},"Q8s":{"weight":0.0,"played":[0.9951,0.0049],"evs":[0.0,-4.71876]},"Q9s":{"weight":0.0,"played":[0.9993,7.0E-4],"evs":[0.0,-4.15043]},"QTs":{"weight":0.0021,"played":[0.9847,0.0153],"evs":[0.0,-2.58137]},"QJs":{"weight":0.1377,"played":[0.5939,0.4061],"evs":[0.0,-0.61376]},"QQ":{"weight":0.6223,"played":[1.0E-4,0.9999],"evs":[0.0,12.37844]},"KQo":{"weight":0.1892,"played":[0.9712,0.0288],"evs":[0.0,-2.17751]},"AQo":{"weight":0.0715,"played":[0.9114,0.0886],"evs":[0.0,-0.89384]},"K2s":{"weight":0.0,"played":[0.9938,0.0062],"evs":[0.0,-5.7923]},"K3s":{"weight":0.0,"played":[1.0,0.0],"evs":[0.0,-5.20942]},"K4s":{"weight":0.0,"played":[0.994,0.006],"evs":[0.0,-5.82844]},"K5s":{"weight":0.0,"played":[0.9608,0.0392],"evs":[0.0,-3.64293]},"K6s":{"weight":0.0,"played":[0.996,0.004],"evs":[0.0,-3.15963]},"K7s":{"weight":0.0,"played":[0.9979,0.0021],"evs":[0.0,-5.13767]},"K8s":{"weight":0.0,"played":[0.9844,0.0156],"evs":[0.0,-3.8015]},"K9s":{"weight":0.0,"played":[0.9972,0.0028],"evs":[0.0,-4.41461]},"KTs":{"weight":0.2825,"played":[0.9956,0.0044],"evs":[0.0,-3.42146]},"KJs":{"weight":0.0615,"played":[0.9765,0.0235],"evs":[0.0,-3.29963]},"KQs":{"weight":0.0441,"played":[0.8573,0.1427],"evs":[0.0,-2.08808]},"KK":{"weight":0.1927,"played":[0.0,1.0],"evs":[0.0,16.4525]},"AKo":{"weight":0.0034,"played":[0.0,1.0],"evs":[0.0,3.07001]},"A2s":{"weight":0.0,"played":[0.9139,0.0861],"evs":[0.0,-1.43481]},"A3s":{"weight":0.0,"played":[0.522,0.478],"evs":[0.0,-0.46148]},"A4s":{"weight":0.0,"played":[0.9977,0.0023],"evs":[0.0,-2.43736]},"A5s":{"weight":0.0036,"played":[0.6498,0.3502],"evs":[0.0,-1.03425]},"A6s":{"weight":0.002,"played":[0.9989,0.0011],"evs":[0.0,-3.57985]},"A7s":{"weight":0.5059,"played":[0.9876,0.0124],"evs":[0.0,-0.86207]},"A8s":{"weight":0.2603,"played":[0.9842,0.0158],"evs":[0.0,-2.96232]},"A9s":{"weight":0.0011,"played":[0.9957,0.0043],"evs":[0.0,-0.71155]},"ATs":{"weight":1.0E-4,"played":[0.5473,0.4527],"evs":[0.0,-0.80231]},"AJs":{"weight":2.0E-4,"played":[0.7333,0.2667],"evs":[0.0,-1.49099]},"AQs":{"weight":0.0,"played":[0.0027,0.9973],"evs":[0.0,4.01075]},"AKs":{"weight":0.9512,"played":[0.0,1.0],"evs":[0.0,4.301]},"AA":{"weight":0.0,"played":[0.0,1.0],"evs":[0.0,24.87255]}}}