{"player":3,"street":0,"children":2,"sequence":[{"player":0,"type":"F","amount":0,"street":0},{"player":1,"type":"R","amount":200000,"street":0},{"player":2,"type":"R","amount":2985000,"street":0}],"actions":[{"type":"F","amount":0,"node":238},{"type":"C","amount":2985000,"node":245}],"hands":{"22":{"weight":1.0,"played":[1.0,0.0],"evs":[0.0,-2.51808]},"32o":{"weight":1.0,"played":[1.0,0.0],"evs":[0.0,-8.31244]},"42o":{"weight":1.0,"played":[1.0,0.0],"evs":[0.0,-8.33656]},"52o":{"weight":1.0,"played":[1.0,0.0],"evs":[0.0,-7.88009]},"62o":{"weight":1.0,"played":[1.0,0.0],"evs":[0.0,-8.23978]},"72o":{"weight":1.0,"played":[1.0,0.0],"evs":[0.0,-8.81851]},"82o":{"weight":1.0,"played":[1.0,0.0],"evs":[0.0,-8.67912]},"92o":{"weight":1.0,"played":[1.0,0.0],"evs":[0.0,-8.43612]},"T2o":{"weight":1.0,"played":[1.0,0.0],"evs":[0.0,-7.94352]},"J2o":{"weight":1.0,"played":[1.0,0.0],"evs":[0.0,-7.97501]},"Q2o":{"weight":1.0,"played":[1.0,0.0],"evs":[0.0,-7.59043]},"K2o":{"weight":1.0,"played":[1.0,0.0],"evs":[0.0,-6.96701]},"A2o":{"weight":1.0,"played":[1.0,0.0],"evs":[0.0,-5.55358]},"32s":{"weight":1.0,"played":[1.0,0.0],"evs":[0.0,-6.48182]},"33":{"weight":1.0,"played":[1.0,0.0],"evs":[0.0,-2.16292]},"43o":{"weight":1.0,"played":[1.0,0.0],"evs":[0.0,-7.47786]},"53o":{"weight":1.0,"played":[1.0,0.0],"evs":[0.0,-7.2185]},"63o":{"weight":1.0,"played":[1.0,0.0],"evs":[0.0,-7.59424]},"73o":{"weight":1.0,"played":[1.0,0.0],"evs":[0.0,-8.15757]},"83o":{"weight":1.0,"played":[1.0,0.0],"evs":[0.0,-8.74766]},"93o":{"weight":1.0,"played":[1.0,0.0],"evs":[0.0,-8.46049]},"T3o":{"weight":1.0,"played":[1.0,0.0],"evs":[0.0,-7.8364]},"J3o":{"weight":1.0,"played":[1.0,0.0],"evs":[0.0,-7.64343]},"Q3o":{"weight":1.0,"played":[1.0,0.0],"evs":[0.0,-7.39717]},"K3o":{"weight":1.0,"played":[1.0,0.0],"evs":[0.0,-6.94108]},"A3o":{"weight":1.0,"played":[1.0,0.0],"evs":[0.0,-5.47917]},"42s":{"weight":1.0,"played":[1.0,0.0],"evs":[0.0,-6.38545]},"43s":{"weight":1.0,"played":[1.0,0.0],"evs":[0.0,-5.71772]},"44":{"weight":1.0,"played":[1.0,0.0],"evs":[0.0,-1.80646]},"54o":{"weight":1.0,"played":[1.0,0.0],"evs":[0.0,-6.64452]},"64o":{"weight":1.0,"played":[1.0,0.0],"evs":[0.0,-6.89899]},"74o":{"weight":1.0,"played":[1.0,0.0],"evs":[0.0,-7.4746]},"84o":{"weight":1.0,"played":[1.0,0.0],"evs":[0.0,-8.16381]},"94o":{"weight":1.0,"played":[1.0,0.0],"evs":[0.0,-8.49063]},"T4o":{"weight":1.0,"played":[1.0,0.0],"evs":[0.0,-7.80515]},"J4o":{"weight":1.0,"played":[1.0,0.0],"evs":[0.0,-7.71395]},"Q4o":{"weight":1.0,"played":[1.0,0.0],"evs":[0.0,-7.46454]},"K4o":{"weight":1.0,"played":[1.0,0.0],"evs":[0.0,-6.80446]},"A4o":{"weight":1.0,"played":[1.0,0.0],"evs":[0.0,-5.19718]},"52s":{"weight":1.0,"played":[1.0,0.0],"evs":[0.0,-6.11843]},"53s":{"weight":1.0,"played":[1.0,0.0],"evs":[0.0,-5.48158]},"54s":{"weight":1.0,"played":[1.0,0.0],"evs":[0.0,-4.93981]},"55":{"weight":1.0,"played":[1.0,0.0],"evs":[0.0,-1.14909]},"65o":{"weight":1.0,"played":[1.0,0.0],"evs":[0.0,-6.19853]},"75o":{"weight":1.0,"played":[1.0,0.0],"evs":[0.0,-6.57644]},"85o":{"weight":1.0,"played":[1.0,0.0],"evs":[0.0,-7.25429]},"95o":{"weight":1.0,"played":[1.0,0.0],"evs":[0.0,-7.72144]},"T5o":{"weight":1.0,"played":[1.0,0.0],"evs":[0.0,-7.60699]},"J5o":{"weight":1.0,"played":[1.0,0.0],"evs":[0.0,-7.3743]},"Q5o":{"weight":1.0,"played":[1.0,0.0],"evs":[0.0,-7.10717]},"K5o":{"weight":1.0,"played":[1.0,0.0],"evs":[0.0,-6.55453]},"A5o":{"weight":1.0,"played":[1.0,0.0],"evs":[0.0,-4.78587]},"62s":{"weight":1.0,"played":[1.0,0.0],"evs":[0.0,-6.57525]},"63s":{"weight":1.0,"played":[1.0,0.0],"evs":[0.0,-5.72272]},"64s":{"weight":1.0,"played":[1.0,0.0],"evs":[0.0,-5.39583]},"65s":{"weight":1.0,"played":[1.0,0.0],"evs":[0.0,-4.53099]},"66":{"weight":1.0,"played":[0.9488,0.0512],"evs":[0.0,-0.6089]},"76o":{"weight":1.0,"played":[1.0,0.0],"evs":[0.0,-5.95797]},"86o":{"weight":1.0,"played":[1.0,0.0],"evs":[0.0,-6.45697]},"96o":{"weight":1.0,"played":[1.0,0.0],"evs":[0.0,-6.70914]},"T6o":{"weight":1.0,"played":[1.0,0.0],"evs":[0.0,-6.74343]},"J6o":{"weight":1.0,"played":[1.0,0.0],"evs":[0.0,-6.99785]},"Q6o":{"weight":1.0,"played":[1.0,0.0],"evs":[0.0,-6.73147]},"K6o":{"weight":1.0,"played":[1.0,0.0],"evs":[0.0,-6.09312]},"A6o":{"weight":1.0,"played":[1.0,0.0],"evs":[0.0,-4.90432]},"72s":{"weight":1.0,"played":[1.0,0.0],"evs":[0.0,-7.08875]},"73s":{"weight":1.0,"played":[1.0,0.0],"evs":[0.0,-6.42566]},"74s":{"weight":1.0,"played":[1.0,0.0],"evs":[0.0,-5.54811]},"75s":{"weight":1.0,"played":[1.0,0.0],"evs":[0.0,-5.15001]},"76s":{"weight":1.0,"played":[1.0,0.0],"evs":[0.0,-4.19524]},"77":{"weight":1.0,"played":[3.0E-4,0.9997],"evs":[0.0,0.25255]},"87o":{"weight":1.0,"played":[1.0,0.0],"evs":[0.0,-5.98587]},"97o":{"weight":1.0,"played":[1.0,0.0],"evs":[0.0,-6.16906]},"T7o":{"weight":1.0,"played":[1.0,0.0],"evs":[0.0,-6.27077]},"J7o":{"weight":1.0,"played":[1.0,0.0],"evs":[0.0,-6.52451]},"Q7o":{"weight":1.0,"played":[1.0,0.0],"evs":[0.0,-6.6495]},"K7o":{"weight":1.0,"played":[1.0,0.0],"evs":[0.0,-5.92148]},"A7o":{"weight":1.0,"played":[1.0,0.0],"evs":[0.0,-4.57276]},"82s":{"weight":1.0,"played":[1.0,0.0],"evs":[0.0,-6.85777]},"83s":{"weight":1.0,"played":[1.0,0.0],"evs":[0.0,-6.87873]},"84s":{"weight":1.0,"played":[1.0,0.0],"evs":[0.0,-6.2561]},"85s":{"weight":1.0,"played":[1.0,0.0],"evs":[0.0,-5.35999]},"86s":{"weight":1.0,"played":[1.0,0.0],"evs":[0.0,-4.75141]},"87s":{"weight":1.0,"played":[1.0,0.0],"evs":[0.0,-4.49589]},"88":{"weight":1.0,"played":[0.0,1.0],"evs":[0.0,0.83931]},"98o":{"weight":1.0,"played":[1.0,0.0],"evs":[0.0,-5.84105]},"T8o":{"weight":1.0,"played":[1.0,0.0],"evs":[0.0,-5.7731]},"J8o":{"weight":1.0,"played":[1.0,0.0],"evs":[0.0,-6.18543]},"Q8o":{"weight":1.0,"played":[1.0,0.0],"evs":[0.0,-6.33557]},"K8o":{"weight":1.0,"played":[1.0,0.0],"evs":[0.0,-6.05054]},"A8o":{"weight":1.0,"played":[1.0,0.0],"evs":[0.0,-4.31297]},"92s":{"weight":1.0,"played":[1.0,0.0],"evs":[0.0,-6.75236]},"93s":{"weight":1.0,"played":[1.0,0.0],"evs":[0.0,-6.54644]},"94s":{"weight":1.0,"played":[1.0,0.0],"evs":[0.0,-6.60061]},"95s":{"weight":1.0,"played":[1.0,0.0],"evs":[0.0,-5.75083]},"96s":{"weight":1.0,"played":[1.0,0.0],"evs":[0.0,-4.69858]},"97s":{"weight":1.0,"played":[1.0,0.0],"evs":[0.0,-4.66532]},"98s":{"weight":1.0,"played":[1.0,0.0],"evs":[0.0,-4.05557]},"99":{"weight":1.0,"played":[0.0,1.0],"evs":[0.0,2.57355]},"T9o":{"weight":1.0,"played":[1.0,0.0],"evs":[0.0,-5.10268]},"J9o":{"weight":1.0,"played":[1.0,0.0],"evs":[0.0,-5.37204]},"Q9o":{"weight":1.0,"played":[1.0,0.0],"evs":[0.0,-5.56214]},"K9o":{"weight":1.0,"played":[1.0,0.0],"evs":[0.0,-5.43119]},"A9o":{"weight":1.0,"played":[1.0,0.0],"evs":[0.0,-4.00921]},"T2s":{"weight":1.0,"played":[1.0,0.0],"evs":[0.0,-6.22063]},"T3s":{"weight":1.0,"played":[1.0,0.0],"evs":[0.0,-5.91254]},"T4s":{"weight":1.0,"played":[1.0,0.0],"evs":[0.0,-6.15957]},"T5s":{"weight":1.0,"played":[1.0,0.0],"evs":[0.0,-5.68219]},"T6s":{"weight":1.0,"played":[1.0,0.0],"evs":[0.0,-4.98023]},"T7s":{"weight":1.0,"played":[1.0,0.0],"evs":[0.0,-4.4939]},"T8s":{"weight":1.0,"played":[0.9999,1.0E-4],"evs":[0.0,-4.11288]},"T9s":{"weight":1.0,"played":[1.0,0.0],"evs":[0.0,-3.48994]},"TT":{"weight":1.0,"played":[0.0,1.0],"evs":[0.0,6.11338]},"JTo":{"weight":1.0,"played":[1.0,0.0],"evs":[0.0,-3.98053]},"QTo":{"weight":1.0,"played":[1.0,0.0],"evs":[0.0,-4.16717]},"KTo":{"weight":1.0,"played":[1.0,0.0],"evs":[0.0,-4.08494]},"ATo":{"weight":1.0,"played":[1.0,0.0],"evs":[0.0,-2.73656]},"J2s":{"weight":1.0,"played":[1.0,0.0],"evs":[0.0,-5.88919]},"J3s":{"weight":1.0,"played":[1.0,0.0],"evs":[0.0,-5.88064]},"J4s":{"weight":1.0,"played":[1.0,0.0],"evs":[0.0,-5.62473]},"J5s":{"weight":1.0,"played":[1.0,0.0],"evs":[0.0,-5.4202]},"J6s":{"weight":1.0,"played":[1.0,0.0],"evs":[0.0,-5.23182]},"J7s":{"weight":1.0,"played":[1.0,0.0],"evs":[0.0,-4.7484]},"J8s":{"weight":1.0,"played":[1.0,0.0],"evs":[0.0,-4.48002]},"J9s":{"weight":1.0,"played":[1.0,0.0],"evs":[0.0,-3.61075]},"JTs":{"weight":1.0,"played":[0.9989,0.0011],"evs":[0.0,-2.42577]},"JJ":{"weight":1.0,"played":[0.0,1.0],"evs":[0.0,9.26596]},"QJo":{"weight":1.0,"played":[1.0,0.0],"evs":[0.0,-3.62159]},"KJo":{"weight":1.0,"played":[1.0,0.0],"evs":[0.0,-3.237]},"AJo":{"weight":1.0,"played":[0.9999,1.0E-4],"evs":[0.0,-1.28509]},"Q2s":{"weight":1.0,"played":[1.0,0.0],"evs":[0.0,-5.67597]},"Q3s":{"weight":1.0,"played":[1.0,0.0],"evs":[0.0,-5.38098]},"Q4s":{"weight":1.0,"played":[1.0,0.0],"evs":[0.0,-5.54675]},"Q5s":{"weight":1.0,"played":[1.0,0.0],"evs":[0.0,-4.98854]},"Q6s":{"weight":1.0,"played":[1.0,0.0],"evs":[0.0,-4.99608]},"Q7s":{"weight":1.0,"played":[1.0,0.0],"evs":[0.0,-4.93997]},"Q8s":{"weight":1.0,"played":[1.0,0.0],"evs":[0.0,-4.62029]},"Q9s":{"weight":1.0,"played":[1.0,0.0],"evs":[0.0,-3.6794]},"QTs":{"weight":1.0,"played":[1.0,0.0],"evs":[0.0,-2.37745]},"QJs":{"weight":1.0,"played":[1.0,0.0],"evs":[0.0,-2.08357]},"QQ":{"weight":1.0,"played":[0.0,1.0],"evs":[0.0,11.96999]},"KQo":{"weight":1.0,"played":[1.0,0.0],"evs":[0.0,-2.79499]},"AQo":{"weight":1.0,"played":[0.0,1.0],"evs":[0.0,0.61297]},"K2s":{"weight":1.0,"played":[1.0,0.0],"evs":[0.0,-5.15323]},"K3s":{"weight":1.0,"played":[1.0,0.0],"evs":[0.0,-4.88461]},"K4s":{"weight":1.0,"played":[1.0,0.0],"evs":[0.0,-5.05936]},"K5s":{"weight":1.0,"played":[1.0,0.0],"evs":[0.0,-4.56753]},"K6s":{"weight":1.0,"played":[1.0,0.0],"evs":[0.0,-4.07029]},"K7s":{"weight":1.0,"played":[1.0,0.0],"evs":[0.0,-4.13815]},"K8s":{"weight":1.0,"played":[1.0,0.0],"evs":[0.0,-4.1567]},"K9s":{"weight":1.0,"played":[1.0,0.0],"evs":[0.0,-3.56637]},"KTs":{"weight":1.0,"played":[1.0,0.0],"evs":[0.0,-2.38988]},"KJs":{"weight":1.0,"played":[0.9999,1.0E-4],"evs":[0.0,-1.67066]},"KQs":{"weight":1.0,"played":[0.9991,9.0E-4],"evs":[0.0,-1.05377]},"KK":{"weight":1.0,"played":[0.0,1.0],"evs":[0.0,14.45989]},"AKo":{"weight":1.0,"played":[0.0,1.0],"evs":[0.0,4.12665]},"A2s":{"weight":1.0,"played":[1.0,0.0],"evs":[0.0,-3.71442]},"A3s":{"weight":1.0,"played":[1.0,0.0],"evs":[0.0,-3.38078]},"A4s":{"weight":1.0,"played":[1.0,0.0],"evs":[0.0,-3.19779]},"A5s":{"weight":1.0,"played":[1.0,0.0],"evs":[0.0,-2.9096]},"A6s":{"weight":1.0,"played":[1.0,0.0],"evs":[0.0,-3.23699]},"A7s":{"weight":1.0,"played":[1.0,0.0],"evs":[0.0,-2.72724]},"A8s":{"weight":1.0,"played":[1.0,0.0],"evs":[0.0,-2.5662]},"A9s":{"weight":1.0,"played":[1.0,0.0],"evs":[0.0,-2.22326]},"ATs":{"weight":1.0,"played":[0.9974,0.0026],"evs":[0.0,-1.1295]},"AJs":{"weight":1.0,"played":[0.3421,0.6579],"evs":[0.0,0.00872]},"AQs":{"weight":1.0,"played":[0.0,1.0],"evs":[0.0,2.00238]},"AKs":{"weight":1.0,"played":[0.0,1.0],"evs":[0.0,5.31349]},"AA":{"weight":1.0,"played":[0.0,1.0],"evs":[0.0,19.3904]}}}