{"player":1,"street":0,"children":2,"sequence":[{"player":0,"type":"F","amount":0,"street":0},{"player":1,"type":"R","amount":200000,"street":0},{"player":2,"type":"R","amount":2985000,"street":0},{"player":3,"type":"C","amount":2985000,"street":0},{"player":4,"type":"F","amount":0,"street":0},{"player":5,"type":"C","amount":2135000,"street":0}],"actions":[{"type":"F","amount":0},{"type":"C","amount":1385000}],"hands":{"22":{"weight":0.0,"played":[0.9968,0.0032],"evs":[0.0,-1.94722]},"32o":{"weight":0.0,"played":[0.9999,1.0E-4],"evs":[0.0,-4.3576]},"42o":{"weight":0.0,"played":[0.9999,1.0E-4],"evs":[0.0,-4.2659]},"52o":{"weight":0.0,"played":[0.9996,4.0E-4],"evs":[0.0,-4.52392]},"62o":{"weight":0.0,"played":[1.0,0.0],"evs":[0.0,-4.92985]},"72o":{"weight":0.0,"played":[1.0,0.0],"evs":[0.0,-5.17125]},"82o":{"weight":0.0,"played":[1.0,0.0],"evs":[0.0,-5.04304]},"92o":{"weight":0.0,"played":[0.9998,2.0E-4],"evs":[0.0,-5.63346]},"T2o":{"weight":0.0,"played":[0.9999,1.0E-4],"evs":[0.0,-5.29629]},"J2o":{"weight":0.0,"played":[1.0,0.0],"evs":[0.0,-5.09496]},"Q2o":{"weight":0.0,"played":[0.9998,2.0E-4],"evs":[0.0,-4.49402]},"K2o":{"weight":0.0,"played":[0.997,0.003],"evs":[0.0,-5.01537]},"A2o":{"weight":0.0,"played":[0.9961,0.0039],"evs":[0.0,-3.132]},"32s":{"weight":0.0,"played":[0.9993,7.0E-4],"evs":[0.0,-2.45546]},"33":{"weight":0.134,"played":[0.9882,0.0118],"evs":[0.0,-3.35977]},"43o":{"weight":0.0,"played":[0.9987,0.0013],"evs":[0.0,-3.2836]},"53o":{"weight":0.0,"played":[0.9993,7.0E-4],"evs":[0.0,-3.93727]},"63o":{"weight":0.0,"played":[0.9994,6.0E-4],"evs":[0.0,-3.87244]},"73o":{"weight":0.0,"played":[0.9996,4.0E-4],"evs":[0.0,-4.31053]},"83o":{"weight":0.0,"played":[0.9997,3.0E-4],"evs":[0.0,-4.9836]},"93o":{"weight":0.0,"played":[1.0,0.0],"evs":[0.0,-5.48181]},"T3o":{"weight":0.0,"played":[1.0,0.0],"evs":[0.0,-5.19057]},"J3o":{"weight":0.0,"played":[0.9999,1.0E-4],"evs":[0.0,-5.32004]},"Q3o":{"weight":0.0,"played":[0.9981,0.0019],"evs":[0.0,-5.21009]},"K3o":{"weight":0.0,"played":[0.9998,2.0E-4],"evs":[0.0,-4.30904]},"A3o":{"weight":0.0,"played":[0.9961,0.0039],"evs":[0.0,-4.69741]},"42s":{"weight":0.0,"played":[0.9999,1.0E-4],"evs":[0.0,-0.87563]},"43s":{"weight":0.0,"played":[0.9452,0.0548],"evs":[0.0,-2.07094]},"44":{"weight":0.2847,"played":[0.989,0.011],"evs":[0.0,-2.36372]},"54o":{"weight":0.0,"played":[0.9947,0.0053],"evs":[0.0,-2.72307]},"64o":{"weight":0.0,"played":[0.9978,0.0022],"evs":[0.0,-3.99036]},"74o":{"weight":0.0,"played":[0.9994,6.0E-4],"evs":[0.0,-3.73945]},"84o":{"weight":0.0,"played":[0.995,0.005],"evs":[0.0,-4.55867]},"94o":{"weight":0.0,"played":[0.9999,1.0E-4],"evs":[0.0,-5.62069]},"T4o":{"weight":0.0,"played":[1.0,0.0],"evs":[0.0,-5.57528]},"J4o":{"weight":0.0,"played":[0.9954,0.0046],"evs":[0.0,-4.68876]},"Q4o":{"weight":0.0,"played":[0.998,0.002],"evs":[0.0,-4.78483]},"K4o":{"weight":0.0,"played":[0.9969,0.0031],"evs":[0.0,-4.73078]},"A4o":{"weight":0.0,"played":[0.9928,0.0072],"evs":[0.0,-3.76699]},"52s":{"weight":0.0,"played":[0.8838,0.1162],"evs":[0.0,-2.05141]},"53s":{"weight":0.0,"played":[0.9934,0.0066],"evs":[0.0,-1.15404]},"54s":{"weight":0.0,"played":[0.9859,0.0141],"evs":[0.0,-0.56948]},"55":{"weight":0.543,"played":[0.988,0.012],"evs":[0.0,-3.27418]},"65o":{"weight":0.0,"played":[0.9945,0.0055],"evs":[0.0,-1.70362]},"75o":{"weight":0.0,"played":[0.9688,0.0312],"evs":[0.0,-2.73363]},"85o":{"weight":0.0,"played":[0.9986,0.0014],"evs":[0.0,-3.26996]},"95o":{"weight":0.0,"played":[0.9991,9.0E-4],"evs":[0.0,-4.7604]},"T5o":{"weight":0.0,"played":[0.9972,0.0028],"evs":[0.0,-5.48179]},"J5o":{"weight":0.0,"played":[0.9999,1.0E-4],"evs":[0.0,-4.45588]},"Q5o":{"weight":0.0,"played":[0.9996,4.0E-4],"evs":[0.0,-4.0847]},"K5o":{"weight":0.0,"played":[0.9968,0.0032],"evs":[0.0,-4.78649]},"A5o":{"weight":5.0E-4,"played":[0.9986,0.0014],"evs":[0.0,-4.07328]},"62s":{"weight":0.0,"played":[0.9601,0.0399],"evs":[0.0,-4.30523]},"63s":{"weight":0.0,"played":[1.0,0.0],"evs":[0.0,-3.28448]},"64s":{"weight":0.0,"played":[0.9125,0.0875],"evs":[0.0,-2.79249]},"65s":{"weight":0.0,"played":[0.3388,0.6612],"evs":[0.0,0.50701]},"66":{"weight":0.0917,"played":[0.9772,0.0228],"evs":[0.0,-2.89197]},"76o":{"weight":0.0,"played":[0.9894,0.0106],"evs":[0.0,-3.3931]},"86o":{"weight":0.0,"played":[0.9967,0.0033],"evs":[0.0,-3.99593]},"96o":{"weight":0.0,"played":[1.0,0.0],"evs":[0.0,-3.99807]},"T6o":{"weight":0.0,"played":[0.9996,4.0E-4],"evs":[0.0,-4.37371]},"J6o":{"weight":0.0,"played":[0.9931,0.0069],"evs":[0.0,-4.25325]},"Q6o":{"weight":0.0,"played":[0.9954,0.0046],"evs":[0.0,-5.0635]},"K6o":{"weight":0.0,"played":[0.9986,0.0014],"evs":[0.0,-4.86682]},"A6o":{"weight":0.0,"played":[0.9963,0.0037],"evs":[0.0,-4.91229]},"72s":{"weight":0.0,"played":[0.9974,0.0026],"evs":[0.0,-2.98284]},"73s":{"weight":0.0,"played":[0.9679,0.0321],"evs":[0.0,-1.59601]},"74s":{"weight":0.0,"played":[0.9785,0.0215],"evs":[0.0,-3.1081]},"75s":{"weight":0.0,"played":[0.994,0.006],"evs":[0.0,-2.12115]},"76s":{"weight":0.0,"played":[0.8007,0.1993],"evs":[0.0,0.2362]},"77":{"weight":0.002,"played":[0.9642,0.0358],"evs":[0.0,-2.29966]},"87o":{"weight":0.0,"played":[0.9991,9.0E-4],"evs":[0.0,-2.72298]},"97o":{"weight":0.0,"played":[0.9996,4.0E-4],"evs":[0.0,-3.11677]},"T7o":{"weight":0.0,"played":[0.9994,6.0E-4],"evs":[0.0,-3.9921]},"J7o":{"weight":0.0,"played":[1.0,0.0],"evs":[0.0,-3.99353]},"Q7o":{"weight":0.0,"played":[0.9996,4.0E-4],"evs":[0.0,-4.43341]},"K7o":{"weight":0.0,"played":[0.9944,0.0056],"evs":[0.0,-4.7309]},"A7o":{"weight":2.0E-4,"played":[0.9972,0.0028],"evs":[0.0,-4.81895]},"82s":{"weight":0.0,"played":[1.0,0.0],"evs":[0.0,-4.55506]},"83s":{"weight":0.0,"played":[0.9986,0.0014],"evs":[0.0,-2.94159]},"84s":{"weight":0.0,"played":[0.9916,0.0084],"evs":[0.0,-4.39406]},"85s":{"weight":0.0,"played":[0.9792,0.0208],"evs":[0.0,-4.81917]},"86s":{"weight":0.0,"played":[0.9937,0.0063],"evs":[0.0,-2.67575]},"87s":{"weight":0.0025,"played":[0.9381,0.0619],"evs":[0.0,-2.41801]},"88":{"weight":0.6367,"played":[0.9598,0.0402],"evs":[0.0,-1.52822]},"98o":{"weight":0.0,"played":[0.9689,0.0311],"evs":[0.0,-3.14609]},"T8o":{"weight":0.0,"played":[0.9923,0.0077],"evs":[0.0,-4.04822]},"J8o":{"weight":0.0,"played":[0.9939,0.0061],"evs":[0.0,-5.0615]},"Q8o":{"weight":0.0,"played":[0.9942,0.0058],"evs":[0.0,-4.81577]},"K8o":{"weight":0.0,"played":[0.9997,3.0E-4],"evs":[0.0,-4.54991]},"A8o":{"weight":1.0,"played":[0.998,0.002],"evs":[0.0,-5.15878]},"92s":{"weight":0.0,"played":[1.0,0.0],"evs":[0.0,-2.52106]},"93s":{"weight":0.0,"played":[0.9999,1.0E-4],"evs":[0.0,-3.08938]},"94s":{"weight":0.0,"played":[0.964,0.036],"evs":[0.0,-1.05446]},"95s":{"weight":0.0,"played":[0.9877,0.0123],"evs":[0.0,-3.4154]},"96s":{"weight":0.0,"played":[0.9807,0.0193],"evs":[0.0,-1.28302]},"97s":{"weight":0.0,"played":[0.537,0.463],"evs":[0.0,-1.22908]},"98s":{"weight":0.9974,"played":[0.9967,0.0033],"evs":[0.0,-2.06105]},"99":{"weight":1.0,"played":[0.9381,0.0619],"evs":[0.0,-2.18386]},"T9o":{"weight":0.0,"played":[0.9958,0.0042],"evs":[0.0,-3.92233]},"J9o":{"weight":0.0,"played":[0.9999,1.0E-4],"evs":[0.0,-3.70414]},"Q9o":{"weight":0.0,"played":[0.9946,0.0054],"evs":[0.0,-4.65053]},"K9o":{"weight":0.0,"played":[0.9957,0.0043],"evs":[0.0,-5.22926]},"A9o":{"weight":0.8976,"played":[0.994,0.006],"evs":[0.0,-4.94433]},"T2s":{"weight":0.0,"played":[0.9884,0.0116],"evs":[0.0,-3.09387]},"T3s":{"weight":0.0,"played":[0.9909,0.0091],"evs":[0.0,-3.10193]},"T4s":{"weight":0.0,"played":[0.9952,0.0048],"evs":[0.0,-4.58406]},"T5s":{"weight":0.0,"played":[0.9995,5.0E-4],"evs":[0.0,-4.53565]},"T6s":{"weight":0.0,"played":[0.9986,0.0014],"evs":[0.0,-2.92094]},"T7s":{"weight":0.0,"played":[0.999,0.001],"evs":[0.0,-1.48105]},"T8s":{"weight":0.8822,"played":[0.9939,0.0061],"evs":[0.0,-2.60138]},"T9s":{"weight":0.7985,"played":[0.8876,0.1124],"evs":[0.0,-2.96271]},"TT":{"weight":1.0,"played":[0.782,0.218],"evs":[0.0,-1.10999]},"JTo":{"weight":0.071,"played":[0.9805,0.0195],"evs":[0.0,-3.99413]},"QTo":{"weight":0.8252,"played":[0.9908,0.0092],"evs":[0.0,-4.0077]},"KTo":{"weight":0.8889,"played":[0.9923,0.0077],"evs":[0.0,-4.69183]},"ATo":{"weight":0.1142,"played":[0.9709,0.0291],"evs":[0.0,-4.67977]},"J2s":{"weight":0.0,"played":[0.9989,0.0011],"evs":[0.0,-3.57211]},"J3s":{"weight":0.0,"played":[0.8971,0.1029],"evs":[0.0,-2.48445]},"J4s":{"weight":0.0,"played":[0.9829,0.0171],"evs":[0.0,-1.58702]},"J5s":{"weight":0.0,"played":[0.9999,1.0E-4],"evs":[0.0,-4.78955]},"J6s":{"weight":0.0,"played":[0.9923,0.0077],"evs":[0.0,-3.2486]},"J7s":{"weight":0.0,"played":[0.9901,0.0099],"evs":[0.0,-3.34428]},"J8s":{"weight":0.0,"played":[0.9884,0.0116],"evs":[0.0,-0.76268]},"J9s":{"weight":0.9902,"played":[0.9871,0.0129],"evs":[0.0,-3.50062]},"JTs":{"weight":3.0E-4,"played":[0.8905,0.1095],"evs":[0.0,-1.16695]},"JJ":{"weight":1.0,"played":[3.0E-4,0.9997],"evs":[0.0,1.20169]},"QJo":{"weight":1.0,"played":[0.9927,0.0073],"evs":[0.0,-3.39176]},"KJo":{"weight":1.0,"played":[0.9807,0.0193],"evs":[0.0,-3.202]},"AJo":{"weight":0.028,"played":[0.9527,0.0473],"evs":[0.0,-3.94729]},"Q2s":{"weight":0.0,"played":[0.9947,0.0053],"evs":[0.0,-2.64095]},"Q3s":{"weight":0.0,"played":[0.9527,0.0473],"evs":[0.0,-3.44694]},"Q4s":{"weight":0.0,"played":[0.8538,0.1462],"evs":[0.0,-1.5923]},"Q5s":{"weight":0.0,"played":[0.9482,0.0518],"evs":[0.0,-4.91274]},"Q6s":{"weight":0.0,"played":[0.9955,0.0045],"evs":[0.0,-2.34158]},"Q7s":{"weight":0.0,"played":[0.9977,0.0023],"evs":[0.0,-2.51525]},"Q8s":{"weight":0.3749,"played":[0.9974,0.0026],"evs":[0.0,-3.01847]},"Q9s":{"weight":1.0,"played":[0.892,0.108],"evs":[0.0,-1.01647]},"QTs":{"weight":0.0268,"played":[0.9984,0.0016],"evs":[0.0,-3.36247]},"QJs":{"weight":0.9999,"played":[0.8711,0.1289],"evs":[0.0,-0.58099]},"QQ":{"weight":1.0,"played":[0.0,1.0],"evs":[0.0,3.84121]},"KQo":{"weight":9.0E-4,"played":[0.988,0.012],"evs":[0.0,-3.92189]},"AQo":{"weight":0.0,"played":[0.9692,0.0308],"evs":[0.0,-4.18074]},"K2s":{"weight":0.0,"played":[0.9508,0.0492],"evs":[0.0,-2.85297]},"K3s":{"weight":0.0,"played":[0.9738,0.0262],"evs":[0.0,-4.26596]},"K4s":{"weight":0.0,"played":[0.9223,0.0777],"evs":[0.0,-2.34869]},"K5s":{"weight":0.0,"played":[0.5166,0.4834],"evs":[0.0,-0.08224]},"K6s":{"weight":0.0,"played":[0.9318,0.0682],"evs":[0.0,-2.77225]},"K7s":{"weight":0.9987,"played":[0.9931,0.0069],"evs":[0.0,-3.08025]},"K8s":{"weight":0.9998,"played":[0.9991,9.0E-4],"evs":[0.0,-3.28612]},"K9s":{"weight":0.999,"played":[0.9553,0.0447],"evs":[0.0,-2.70975]},"KTs":{"weight":0.012,"played":[0.9793,0.0207],"evs":[0.0,-3.08508]},"KJs":{"weight":1.0,"played":[0.6671,0.3329],"evs":[0.0,-1.83338]},"KQs":{"weight":1.0,"played":[0.9079,0.0921],"evs":[0.0,-0.97263]},"KK":{"weight":1.0,"played":[0.0,1.0],"evs":[0.0,8.29029]},"AKo":{"weight":0.9559,"played":[0.5518,0.4482],"evs":[0.0,-0.48462]},"A2s":{"weight":1.0,"played":[0.9907,0.0093],"evs":[0.0,-3.51163]},"A3s":{"weight":1.0,"played":[0.9895,0.0105],"evs":[0.0,-2.63462]},"A4s":{"weight":1.0,"played":[0.9958,0.0042],"evs":[0.0,-3.0925]},"A5s":{"weight":0.9994,"played":[0.9878,0.0122],"evs":[0.0,-2.5286]},"A6s":{"weight":1.0,"played":[0.9995,5.0E-4],"evs":[0.0,-3.39012]},"A7s":{"weight":0.627,"played":[0.959,0.041],"evs":[0.0,-3.94074]},"A8s":{"weight":0.5921,"played":[0.9976,0.0024],"evs":[0.0,-2.60898]},"A9s":{"weight":1.0,"played":[0.9938,0.0062],"evs":[0.0,-3.39469]},"ATs":{"weight":1.0,"played":[0.9865,0.0135],"evs":[0.0,-2.63725]},"AJs":{"weight":1.0,"played":[0.9924,0.0076],"evs":[0.0,-1.96466]},"AQs":{"weight":1.0,"played":[0.6033,0.3967],"evs":[0.0,0.91144]},"AKs":{"weight":1.0,"played":[0.2304,0.7696],"evs":[0.0,0.79379]},"AA":{"weight":1.0,"played":[0.0,1.0],"evs":[0.0,15.16381]}}}