{"player":3,"street":0,"children":3,"sequence":[{"player":0,"type":"F","amount":0,"street":0},{"player":1,"type":"R","amount":1585000,"street":0},{"player":2,"type":"F","amount":0,"street":0}],"actions":[{"type":"F","amount":0,"node":254},{"type":"C","amount":1585000,"node":257},{"type":"R","amount":2235000,"node":262}],"hands":{"22":{"weight":1.0,"played":[1.0,0.0,0.0],"evs":[0.0,-0.81898,-0.81748]},"32o":{"weight":1.0,"played":[1.0,0.0,0.0],"evs":[0.0,-4.21085,-4.22468]},"42o":{"weight":1.0,"played":[1.0,0.0,0.0],"evs":[0.0,-3.93358,-3.94445]},"52o":{"weight":1.0,"played":[1.0,0.0,0.0],"evs":[0.0,-3.70338,-3.71529]},"62o":{"weight":1.0,"played":[1.0,0.0,0.0],"evs":[0.0,-3.85332,-3.86679]},"72o":{"weight":1.0,"played":[1.0,0.0,0.0],"evs":[0.0,-3.95395,-3.9675]},"82o":{"weight":1.0,"played":[1.0,0.0,0.0],"evs":[0.0,-3.62945,-3.63653]},"92o":{"weight":1.0,"played":[1.0,0.0,0.0],"evs":[0.0,-3.55263,-3.55827]},"T2o":{"weight":1.0,"played":[1.0,0.0,0.0],"evs":[0.0,-3.8674,-3.86986]},"J2o":{"weight":1.0,"played":[1.0,0.0,0.0],"evs":[0.0,-3.5687,-3.57085]},"Q2o":{"weight":1.0,"played":[1.0,0.0,0.0],"evs":[0.0,-3.46462,-3.47123]},"K2o":{"weight":1.0,"played":[1.0,0.0,0.0],"evs":[0.0,-2.81814,-2.82182]},"A2o":{"weight":1.0,"played":[1.0,0.0,0.0],"evs":[0.0,-1.93544,-1.93373]},"32s":{"weight":1.0,"played":[1.0,0.0,0.0],"evs":[0.0,-3.18064,-3.18989]},"33":{"weight":1.0,"played":[1.0,0.0,0.0],"evs":[0.0,-0.4162,-0.4182]},"43o":{"weight":1.0,"played":[1.0,0.0,0.0],"evs":[0.0,-3.55736,-3.56787]},"53o":{"weight":1.0,"played":[1.0,0.0,0.0],"evs":[0.0,-3.31567,-3.32721]},"63o":{"weight":1.0,"played":[1.0,0.0,0.0],"evs":[0.0,-3.51442,-3.52346]},"73o":{"weight":1.0,"played":[1.0,0.0,0.0],"evs":[0.0,-3.57141,-3.58122]},"83o":{"weight":1.0,"played":[1.0,0.0,0.0],"evs":[0.0,-3.63298,-3.63911]},"93o":{"weight":1.0,"played":[1.0,0.0,0.0],"evs":[0.0,-3.47729,-3.48005]},"T3o":{"weight":1.0,"played":[1.0,0.0,0.0],"evs":[0.0,-3.79815,-3.8025]},"J3o":{"weight":1.0,"played":[1.0,0.0,0.0],"evs":[0.0,-3.46944,-3.47117]},"Q3o":{"weight":1.0,"played":[1.0,0.0,0.0],"evs":[0.0,-3.37199,-3.38072]},"K3o":{"weight":1.0,"played":[1.0,0.0,0.0],"evs":[0.0,-2.68683,-2.69191]},"A3o":{"weight":1.0,"played":[1.0,0.0,0.0],"evs":[0.0,-1.81001,-1.80772]},"42s":{"weight":1.0,"played":[1.0,0.0,0.0],"evs":[0.0,-2.89226,-2.89878]},"43s":{"weight":1.0,"played":[1.0,0.0,0.0],"evs":[0.0,-2.55641,-2.56415]},"44":{"weight":1.0,"played":[0.0,0.9394,0.0606],"evs":[0.0,0.43328,0.42936]},"54o":{"weight":1.0,"played":[1.0,0.0,0.0],"evs":[0.0,-2.79257,-2.80249]},"64o":{"weight":1.0,"played":[1.0,0.0,0.0],"evs":[0.0,-2.98139,-2.99004]},"74o":{"weight":1.0,"played":[1.0,0.0,0.0],"evs":[0.0,-3.05475,-3.06417]},"84o":{"weight":1.0,"played":[1.0,0.0,0.0],"evs":[0.0,-3.07494,-3.08292]},"94o":{"weight":1.0,"played":[1.0,0.0,0.0],"evs":[0.0,-3.27297,-3.27704]},"T4o":{"weight":1.0,"played":[1.0,0.0,0.0],"evs":[0.0,-3.49501,-3.50056]},"J4o":{"weight":1.0,"played":[1.0,0.0,0.0],"evs":[0.0,-3.21073,-3.21135]},"Q4o":{"weight":1.0,"played":[1.0,0.0,0.0],"evs":[0.0,-3.07049,-3.07506]},"K4o":{"weight":1.0,"played":[1.0,0.0,0.0],"evs":[0.0,-2.42175,-2.42481]},"A4o":{"weight":1.0,"played":[1.0,0.0,0.0],"evs":[0.0,-1.53392,-1.53262]},"52s":{"weight":1.0,"played":[1.0,0.0,0.0],"evs":[0.0,-2.68211,-2.68578]},"53s":{"weight":1.0,"played":[1.0,0.0,0.0],"evs":[0.0,-2.33929,-2.34423]},"54s":{"weight":1.0,"played":[1.0,0.0,0.0],"evs":[0.0,-1.86623,-1.87318]},"55":{"weight":1.0,"played":[0.0,0.6721,0.3279],"evs":[0.0,1.10306,1.10274]},"65o":{"weight":1.0,"played":[1.0,0.0,0.0],"evs":[0.0,-2.50247,-2.51109]},"75o":{"weight":1.0,"played":[1.0,0.0,0.0],"evs":[0.0,-2.56497,-2.57266]},"85o":{"weight":1.0,"played":[1.0,0.0,0.0],"evs":[0.0,-2.59823,-2.60539]},"95o":{"weight":1.0,"played":[1.0,0.0,0.0],"evs":[0.0,-2.77319,-2.77779]},"T5o":{"weight":1.0,"played":[1.0,0.0,0.0],"evs":[0.0,-3.34811,-3.35257]},"J5o":{"weight":1.0,"played":[1.0,0.0,0.0],"evs":[0.0,-2.94862,-2.95052]},"Q5o":{"weight":1.0,"played":[1.0,0.0,0.0],"evs":[0.0,-2.85274,-2.85757]},"K5o":{"weight":1.0,"played":[1.0,0.0,0.0],"evs":[0.0,-2.21993,-2.22228]},"A5o":{"weight":1.0,"played":[1.0,0.0,0.0],"evs":[0.0,-1.32331,-1.32214]},"62s":{"weight":1.0,"played":[1.0,0.0,0.0],"evs":[0.0,-2.88463,-2.89478]},"63s":{"weight":1.0,"played":[1.0,0.0,0.0],"evs":[0.0,-2.51623,-2.52243]},"64s":{"weight":1.0,"played":[1.0,0.0,0.0],"evs":[0.0,-1.96774,-1.97404]},"65s":{"weight":1.0,"played":[1.0,0.0,0.0],"evs":[0.0,-1.57333,-1.57887]},"66":{"weight":1.0,"played":[0.0,0.1224,0.8776],"evs":[0.0,1.86462,1.86689]},"76o":{"weight":1.0,"played":[1.0,0.0,0.0],"evs":[0.0,-2.07038,-2.07706]},"86o":{"weight":1.0,"played":[1.0,0.0,0.0],"evs":[0.0,-2.15669,-2.16111]},"96o":{"weight":1.0,"played":[1.0,0.0,0.0],"evs":[0.0,-2.35985,-2.36312]},"T6o":{"weight":1.0,"played":[1.0,0.0,0.0],"evs":[0.0,-2.92235,-2.92597]},"J6o":{"weight":1.0,"played":[1.0,0.0,0.0],"evs":[0.0,-2.88593,-2.88882]},"Q6o":{"weight":1.0,"played":[1.0,0.0,0.0],"evs":[0.0,-2.69455,-2.69949]},"K6o":{"weight":1.0,"played":[1.0,0.0,0.0],"evs":[0.0,-2.01834,-2.02151]},"A6o":{"weight":1.0,"played":[1.0,0.0,0.0],"evs":[0.0,-1.44978,-1.44583]},"72s":{"weight":1.0,"played":[1.0,0.0,0.0],"evs":[0.0,-2.88467,-2.89356]},"73s":{"weight":1.0,"played":[1.0,0.0,0.0],"evs":[0.0,-2.55227,-2.55597]},"74s":{"weight":1.0,"played":[1.0,0.0,0.0],"evs":[0.0,-2.04775,-2.05397]},"75s":{"weight":1.0,"played":[1.0,0.0,0.0],"evs":[0.0,-1.62417,-1.63145]},"76s":{"weight":1.0,"played":[1.0,0.0,0.0],"evs":[0.0,-1.16747,-1.16947]},"77":{"weight":1.0,"played":[0.0,0.9554,0.0446],"evs":[0.0,3.02444,3.02038]},"87o":{"weight":1.0,"played":[1.0,0.0,0.0],"evs":[0.0,-1.69516,-1.69834]},"97o":{"weight":1.0,"played":[1.0,0.0,0.0],"evs":[0.0,-1.86474,-1.86831]},"T7o":{"weight":1.0,"played":[1.0,0.0,0.0],"evs":[0.0,-2.39175,-2.39364]},"J7o":{"weight":1.0,"played":[1.0,0.0,0.0],"evs":[0.0,-2.40985,-2.41061]},"Q7o":{"weight":1.0,"played":[1.0,0.0,0.0],"evs":[0.0,-2.5367,-2.53991]},"K7o":{"weight":1.0,"played":[1.0,0.0,0.0],"evs":[0.0,-1.84082,-1.84386]},"A7o":{"weight":1.0,"played":[1.0,0.0,0.0],"evs":[0.0,-1.10241,-1.09732]},"82s":{"weight":1.0,"played":[1.0,0.0,0.0],"evs":[0.0,-2.63918,-2.64201]},"83s":{"weight":1.0,"played":[1.0,0.0,0.0],"evs":[0.0,-2.61626,-2.62021]},"84s":{"weight":1.0,"played":[1.0,0.0,0.0],"evs":[0.0,-2.0777,-2.07899]},"85s":{"weight":1.0,"played":[1.0,0.0,0.0],"evs":[0.0,-1.6589,-1.65883]},"86s":{"weight":1.0,"played":[1.0,0.0,0.0],"evs":[0.0,-1.19668,-1.19778]},"87s":{"weight":1.0,"played":[1.0,0.0,0.0],"evs":[0.0,-0.77767,-0.7787]},"88":{"weight":1.0,"played":[0.0,0.1697,0.8303],"evs":[0.0,3.95776,3.95968]},"98o":{"weight":1.0,"played":[1.0,0.0,0.0],"evs":[0.0,-1.40286,-1.4035]},"T8o":{"weight":1.0,"played":[1.0,0.0,0.0],"evs":[0.0,-1.8744,-1.87447]},"J8o":{"weight":1.0,"played":[1.0,0.0,0.0],"evs":[0.0,-1.86648,-1.86582]},"Q8o":{"weight":1.0,"played":[1.0,0.0,0.0],"evs":[0.0,-2.00776,-2.01156]},"K8o":{"weight":1.0,"played":[1.0,0.0,0.0],"evs":[0.0,-1.67993,-1.68253]},"A8o":{"weight":1.0,"played":[1.0,0.0,0.0],"evs":[0.0,-0.72433,-0.72098]},"92s":{"weight":1.0,"played":[1.0,0.0,0.0],"evs":[0.0,-2.55928,-2.56258]},"93s":{"weight":1.0,"played":[1.0,0.0,0.0],"evs":[0.0,-2.41439,-2.41795]},"94s":{"weight":1.0,"played":[1.0,0.0,0.0],"evs":[0.0,-2.2746,-2.27645]},"95s":{"weight":1.0,"played":[1.0,0.0,0.0],"evs":[0.0,-1.82251,-1.82767]},"96s":{"weight":1.0,"played":[1.0,0.0,0.0],"evs":[0.0,-1.40324,-1.40554]},"97s":{"weight":1.0,"played":[1.0,0.0,0.0],"evs":[0.0,-0.98028,-0.98019]},"98s":{"weight":1.0,"played":[1.0,0.0,0.0],"evs":[0.0,-0.5335,-0.53347]},"99":{"weight":1.0,"played":[0.0,0.0802,0.9198],"evs":[0.0,4.36483,4.36865]},"T9o":{"weight":1.0,"played":[1.0,0.0,0.0],"evs":[0.0,-1.49011,-1.4905]},"J9o":{"weight":1.0,"played":[1.0,0.0,0.0],"evs":[0.0,-1.47974,-1.47827]},"Q9o":{"weight":1.0,"played":[1.0,0.0,0.0],"evs":[0.0,-1.63498,-1.63796]},"K9o":{"weight":1.0,"played":[1.0,0.0,0.0],"evs":[0.0,-1.25016,-1.25327]},"A9o":{"weight":1.0,"played":[0.9999,0.0,0.0],"evs":[0.0,-0.50088,-0.4974]},"T2s":{"weight":1.0,"played":[1.0,0.0,0.0],"evs":[0.0,-2.79316,-2.79017]},"T3s":{"weight":1.0,"played":[1.0,0.0,0.0],"evs":[0.0,-2.73453,-2.73506]},"T4s":{"weight":1.0,"played":[1.0,0.0,0.0],"evs":[0.0,-2.44552,-2.44715]},"T5s":{"weight":1.0,"played":[1.0,0.0,0.0],"evs":[0.0,-2.31015,-2.30905]},"T6s":{"weight":1.0,"played":[1.0,0.0,0.0],"evs":[0.0,-1.96404,-1.9669]},"T7s":{"weight":1.0,"played":[1.0,0.0,0.0],"evs":[0.0,-1.44437,-1.44878]},"T8s":{"weight":1.0,"played":[1.0,0.0,0.0],"evs":[0.0,-0.94457,-0.94622]},"T9s":{"weight":1.0,"played":[1.0,0.0,0.0],"evs":[0.0,-0.55245,-0.55551]},"TT":{"weight":1.0,"played":[0.0,0.6283,0.3717],"evs":[0.0,5.43034,5.43134]},"JTo":{"weight":1.0,"played":[1.0,0.0,0.0],"evs":[0.0,-1.27964,-1.27838]},"QTo":{"weight":1.0,"played":[1.0,0.0,0.0],"evs":[0.0,-1.29379,-1.29531]},"KTo":{"weight":1.0,"played":[1.0,0.0,0.0],"evs":[0.0,-0.8204,-0.82164]},"ATo":{"weight":1.0,"played":[0.0,0.5923,0.4077],"evs":[0.0,0.61952,0.62097]},"J2s":{"weight":1.0,"played":[1.0,0.0,0.0],"evs":[0.0,-2.52444,-2.52389]},"J3s":{"weight":1.0,"played":[1.0,0.0,0.0],"evs":[0.0,-2.44898,-2.44938]},"J4s":{"weight":1.0,"played":[1.0,0.0,0.0],"evs":[0.0,-2.16562,-2.163]},"J5s":{"weight":1.0,"played":[1.0,0.0,0.0],"evs":[0.0,-1.95412,-1.95429]},"J6s":{"weight":1.0,"played":[1.0,0.0,0.0],"evs":[0.0,-1.88877,-1.8936]},"J7s":{"weight":1.0,"played":[1.0,0.0,0.0],"evs":[0.0,-1.47831,-1.47888]},"J8s":{"weight":1.0,"played":[1.0,0.0,0.0],"evs":[0.0,-0.97329,-0.97476]},"J9s":{"weight":1.0,"played":[1.0,0.0,0.0],"evs":[0.0,-0.57004,-0.57062]},"JTs":{"weight":1.0,"played":[0.9997,1.0E-4,2.0E-4],"evs":[0.0,-0.35542,-0.35145]},"JJ":{"weight":1.0,"played":[0.0,0.8656,0.1344],"evs":[0.0,6.28621,6.28189]},"QJo":{"weight":1.0,"played":[1.0,0.0,0.0],"evs":[0.0,-0.87532,-0.87639]},"KJo":{"weight":1.0,"played":[1.0,0.0,0.0],"evs":[0.0,-0.56224,-0.56023]},"AJo":{"weight":1.0,"played":[0.0,0.0515,0.9485],"evs":[0.0,1.70637,1.70785]},"Q2s":{"weight":1.0,"played":[1.0,0.0,0.0],"evs":[0.0,-2.44064,-2.44626]},"Q3s":{"weight":1.0,"played":[1.0,0.0,0.0],"evs":[0.0,-2.36315,-2.36841]},"Q4s":{"weight":1.0,"played":[1.0,0.0,0.0],"evs":[0.0,-2.05473,-2.06076]},"Q5s":{"weight":1.0,"played":[1.0,0.0,0.0],"evs":[0.0,-1.86496,-1.87043]},"Q6s":{"weight":1.0,"played":[1.0,0.0,0.0],"evs":[0.0,-1.70653,-1.70914]},"Q7s":{"weight":1.0,"played":[1.0,0.0,0.0],"evs":[0.0,-1.57047,-1.57421]},"Q8s":{"weight":1.0,"played":[1.0,0.0,0.0],"evs":[0.0,-1.07146,-1.07277]},"Q9s":{"weight":1.0,"played":[1.0,0.0,0.0],"evs":[0.0,-0.67644,-0.67937]},"QTs":{"weight":1.0,"played":[1.0,0.0,0.0],"evs":[0.0,-0.42723,-0.4303]},"QJs":{"weight":1.0,"played":[0.8042,0.0908,0.105],"evs":[0.0,-0.06412,-0.06308]},"QQ":{"weight":1.0,"played":[0.0,0.7627,0.2373],"evs":[0.0,7.7587,7.75712]},"KQo":{"weight":1.0,"played":[0.0029,0.8424,0.1547],"evs":[0.0,0.10209,0.10023]},"AQo":{"weight":1.0,"played":[0.0,0.344,0.656],"evs":[0.0,3.58863,3.58947]},"K2s":{"weight":1.0,"played":[1.0,0.0,0.0],"evs":[0.0,-1.80863,-1.80944]},"K3s":{"weight":1.0,"played":[1.0,0.0,0.0],"evs":[0.0,-1.73064,-1.72992]},"K4s":{"weight":1.0,"played":[1.0,0.0,0.0],"evs":[0.0,-1.48646,-1.48636]},"K5s":{"weight":1.0,"played":[1.0,0.0,0.0],"evs":[0.0,-1.2529,-1.25568]},"K6s":{"weight":1.0,"played":[1.0,0.0,0.0],"evs":[0.0,-1.12833,-1.13146]},"K7s":{"weight":1.0,"played":[1.0,0.0,0.0],"evs":[0.0,-0.88348,-0.88438]},"K8s":{"weight":1.0,"played":[1.0,0.0,0.0],"evs":[0.0,-0.71944,-0.72108]},"K9s":{"weight":1.0,"played":[0.9999,0.0,1.0E-4],"evs":[0.0,-0.38347,-0.38075]},"KTs":{"weight":1.0,"played":[0.045,0.4509,0.504],"evs":[0.0,0.04546,0.04553]},"KJs":{"weight":1.0,"played":[0.0,0.406,0.594],"evs":[0.0,0.27933,0.28003]},"KQs":{"weight":1.0,"played":[0.0,0.7023,0.2977],"evs":[0.0,0.87488,0.87237]},"KK":{"weight":1.0,"played":[0.0,0.4935,0.5065],"evs":[0.0,8.61096,8.61336]},"AKo":{"weight":1.0,"played":[0.0,0.6537,0.3463],"evs":[0.0,4.65735,4.65731]},"A2s":{"weight":1.0,"played":[1.0,0.0,0.0],"evs":[0.0,-0.95745,-0.95585]},"A3s":{"weight":1.0,"played":[1.0,0.0,0.0],"evs":[0.0,-0.8522,-0.85299]},"A4s":{"weight":1.0,"played":[1.0,0.0,0.0],"evs":[0.0,-0.58645,-0.58642]},"A5s":{"weight":1.0,"played":[1.0,0.0,0.0],"evs":[0.0,-0.44759,-0.44787]},"A6s":{"weight":1.0,"played":[0.9999,0.0,1.0E-4],"evs":[0.0,-0.55541,-0.55285]},"A7s":{"weight":1.0,"played":[0.9964,0.001,0.0027],"evs":[0.0,-0.23666,-0.23621]},"A8s":{"weight":1.0,"played":[0.0,0.5918,0.4082],"evs":[0.0,0.1315,0.13329]},"A9s":{"weight":1.0,"played":[0.0,0.3289,0.6711],"evs":[0.0,0.31403,0.32002]},"ATs":{"weight":1.0,"played":[0.0,0.1472,0.8528],"evs":[0.0,1.35896,1.36124]},"AJs":{"weight":1.0,"played":[0.0,0.9937,0.0063],"evs":[0.0,2.46998,2.46861]},"AQs":{"weight":1.0,"played":[0.0,0.344,0.656],"evs":[0.0,4.20813,4.20757]},"AKs":{"weight":1.0,"played":[0.0,0.947,0.053],"evs":[0.0,5.13302,5.13237]},"AA":{"weight":1.0,"played":[0.0,0.3326,0.6674],"evs":[0.0,10.96346,10.96578]}}}