{"player":5,"street":0,"children":2,"sequence":[{"player":0,"type":"F","amount":0,"street":0},{"player":1,"type":"R","amount":1585000,"street":0},{"player":2,"type":"F","amount":0,"street":0},{"player":3,"type":"F","amount":0,"street":0},{"player":4,"type":"C","amount":1035000,"street":0}],"actions":[{"type":"F","amount":0},{"type":"C","amount":1485000}],"hands":{"22":{"weight":1.0,"played":[0.9996,4.0E-4],"evs":[0.0,-0.33491]},"32o":{"weight":1.0,"played":[1.0,0.0],"evs":[0.0,-3.44742]},"42o":{"weight":1.0,"played":[1.0,0.0],"evs":[0.0,-3.09117]},"52o":{"weight":1.0,"played":[1.0,0.0],"evs":[0.0,-2.82556]},"62o":{"weight":1.0,"played":[1.0,0.0],"evs":[0.0,-3.01686]},"72o":{"weight":1.0,"played":[1.0,0.0],"evs":[0.0,-3.22359]},"82o":{"weight":1.0,"played":[1.0,0.0],"evs":[0.0,-2.85635]},"92o":{"weight":1.0,"played":[1.0,0.0],"evs":[0.0,-2.81714]},"T2o":{"weight":1.0,"played":[1.0,0.0],"evs":[0.0,-3.27851]},"J2o":{"weight":1.0,"played":[1.0,0.0],"evs":[0.0,-2.96605]},"Q2o":{"weight":1.0,"played":[1.0,0.0],"evs":[0.0,-3.09707]},"K2o":{"weight":1.0,"played":[1.0,0.0],"evs":[0.0,-2.27669]},"A2o":{"weight":1.0,"played":[1.0,0.0],"evs":[0.0,-2.27896]},"32s":{"weight":1.0,"played":[1.0,0.0],"evs":[0.0,-2.00261]},"33":{"weight":1.0,"played":[0.0125,0.9875],"evs":[0.0,0.16615]},"43o":{"weight":1.0,"played":[1.0,0.0],"evs":[0.0,-2.60764]},"53o":{"weight":1.0,"played":[1.0,0.0],"evs":[0.0,-2.26982]},"63o":{"weight":1.0,"played":[1.0,0.0],"evs":[0.0,-2.63869]},"73o":{"weight":1.0,"played":[1.0,0.0],"evs":[0.0,-2.83764]},"83o":{"weight":1.0,"played":[1.0,0.0],"evs":[0.0,-2.83765]},"93o":{"weight":1.0,"played":[1.0,0.0],"evs":[0.0,-2.63136]},"T3o":{"weight":1.0,"played":[1.0,0.0],"evs":[0.0,-3.17189]},"J3o":{"weight":1.0,"played":[1.0,0.0],"evs":[0.0,-2.79915]},"Q3o":{"weight":1.0,"played":[1.0,0.0],"evs":[0.0,-2.89407]},"K3o":{"weight":1.0,"played":[1.0,0.0],"evs":[0.0,-2.26836]},"A3o":{"weight":1.0,"played":[1.0,0.0],"evs":[0.0,-2.01073]},"42s":{"weight":1.0,"played":[1.0,0.0],"evs":[0.0,-1.72891]},"43s":{"weight":1.0,"played":[0.9999,1.0E-4],"evs":[0.0,-1.37548]},"44":{"weight":1.0,"played":[0.0,1.0],"evs":[0.0,0.90385]},"54o":{"weight":1.0,"played":[1.0,0.0],"evs":[0.0,-1.77123]},"64o":{"weight":1.0,"played":[1.0,0.0],"evs":[0.0,-1.90418]},"74o":{"weight":1.0,"played":[1.0,0.0],"evs":[0.0,-2.1051]},"84o":{"weight":1.0,"played":[1.0,0.0],"evs":[0.0,-2.27391]},"94o":{"weight":1.0,"played":[1.0,0.0],"evs":[0.0,-2.52224]},"T4o":{"weight":1.0,"played":[1.0,0.0],"evs":[0.0,-2.93299]},"J4o":{"weight":1.0,"played":[1.0,0.0],"evs":[0.0,-2.55788]},"Q4o":{"weight":1.0,"played":[1.0,0.0],"evs":[0.0,-2.64043]},"K4o":{"weight":1.0,"played":[1.0,0.0],"evs":[0.0,-1.93363]},"A4o":{"weight":1.0,"played":[1.0,0.0],"evs":[0.0,-1.71628]},"52s":{"weight":1.0,"played":[1.0,0.0],"evs":[0.0,-1.56002]},"53s":{"weight":1.0,"played":[1.0,0.0],"evs":[0.0,-1.09205]},"54s":{"weight":1.0,"played":[0.9999,1.0E-4],"evs":[0.0,-0.62244]},"55":{"weight":1.0,"played":[0.0,1.0],"evs":[0.0,1.78902]},"65o":{"weight":1.0,"played":[1.0,0.0],"evs":[0.0,-1.30271]},"75o":{"weight":1.0,"played":[1.0,0.0],"evs":[0.0,-1.46152]},"85o":{"weight":1.0,"played":[1.0,0.0],"evs":[0.0,-1.71629]},"95o":{"weight":1.0,"played":[1.0,0.0],"evs":[0.0,-1.85654]},"T5o":{"weight":1.0,"played":[1.0,0.0],"evs":[0.0,-2.67937]},"J5o":{"weight":1.0,"played":[1.0,0.0],"evs":[0.0,-2.26012]},"Q5o":{"weight":1.0,"played":[1.0,0.0],"evs":[0.0,-2.3196]},"K5o":{"weight":1.0,"played":[1.0,0.0],"evs":[0.0,-1.70779]},"A5o":{"weight":1.0,"played":[1.0,0.0],"evs":[0.0,-1.37501]},"62s":{"weight":1.0,"played":[1.0,0.0],"evs":[0.0,-1.79927]},"63s":{"weight":1.0,"played":[1.0,0.0],"evs":[0.0,-1.18213]},"64s":{"weight":1.0,"played":[0.9998,2.0E-4],"evs":[0.0,-0.68932]},"65s":{"weight":1.0,"played":[0.842,0.158],"evs":[0.0,-0.05143]},"66":{"weight":1.0,"played":[0.0,1.0],"evs":[0.0,2.49648]},"76o":{"weight":1.0,"played":[1.0,0.0],"evs":[0.0,-0.81205]},"86o":{"weight":1.0,"played":[1.0,0.0],"evs":[0.0,-1.0247]},"96o":{"weight":1.0,"played":[1.0,0.0],"evs":[0.0,-1.27962]},"T6o":{"weight":1.0,"played":[1.0,0.0],"evs":[0.0,-2.03022]},"J6o":{"weight":1.0,"played":[1.0,0.0],"evs":[0.0,-2.17291]},"Q6o":{"weight":1.0,"played":[1.0,0.0],"evs":[0.0,-2.13548]},"K6o":{"weight":1.0,"played":[1.0,0.0],"evs":[0.0,-1.41755]},"A6o":{"weight":1.0,"played":[1.0,0.0],"evs":[0.0,-1.72598]},"72s":{"weight":1.0,"played":[1.0,0.0],"evs":[0.0,-1.9814]},"73s":{"weight":1.0,"played":[1.0,0.0],"evs":[0.0,-1.36784]},"74s":{"weight":1.0,"played":[1.0,0.0],"evs":[0.0,-0.92131]},"75s":{"weight":1.0,"played":[0.9999,1.0E-4],"evs":[0.0,-0.19772]},"76s":{"weight":1.0,"played":[0.0131,0.9869],"evs":[0.0,0.17088]},"77":{"weight":1.0,"played":[0.0,1.0],"evs":[0.0,3.8103]},"87o":{"weight":1.0,"played":[1.0,0.0],"evs":[0.0,-0.65602]},"97o":{"weight":1.0,"played":[1.0,0.0],"evs":[0.0,-0.68182]},"T7o":{"weight":1.0,"played":[0.9999,1.0E-4],"evs":[0.0,-1.4472]},"J7o":{"weight":1.0,"played":[1.0,0.0],"evs":[0.0,-1.54572]},"Q7o":{"weight":1.0,"played":[1.0,0.0],"evs":[0.0,-1.91945]},"K7o":{"weight":1.0,"played":[1.0,0.0],"evs":[0.0,-1.21714]},"A7o":{"weight":1.0,"played":[1.0,0.0],"evs":[0.0,-1.17698]},"82s":{"weight":1.0,"played":[1.0,0.0],"evs":[0.0,-1.42172]},"83s":{"weight":1.0,"played":[1.0,0.0],"evs":[0.0,-1.60094]},"84s":{"weight":1.0,"played":[1.0,0.0],"evs":[0.0,-1.0792]},"85s":{"weight":1.0,"played":[0.9995,5.0E-4],"evs":[0.0,-0.28884]},"86s":{"weight":1.0,"played":[0.001,0.999],"evs":[0.0,0.19491]},"87s":{"weight":1.0,"played":[0.0,1.0],"evs":[0.0,0.71495]},"88":{"weight":1.0,"played":[0.0,1.0],"evs":[0.0,4.70187]},"98o":{"weight":1.0,"played":[1.0,0.0],"evs":[0.0,-0.27328]},"T8o":{"weight":1.0,"played":[1.0,0.0],"evs":[0.0,-0.86322]},"J8o":{"weight":1.0,"played":[1.0,0.0],"evs":[0.0,-0.95653]},"Q8o":{"weight":1.0,"played":[1.0,0.0],"evs":[0.0,-1.32759]},"K8o":{"weight":1.0,"played":[1.0,0.0],"evs":[0.0,-1.05514]},"A8o":{"weight":1.0,"played":[1.0,0.0],"evs":[0.0,-0.85603]},"92s":{"weight":1.0,"played":[1.0,0.0],"evs":[0.0,-1.5615]},"93s":{"weight":1.0,"played":[1.0,0.0],"evs":[0.0,-1.35211]},"94s":{"weight":1.0,"played":[1.0,0.0],"evs":[0.0,-1.24619]},"95s":{"weight":1.0,"played":[0.9995,5.0E-4],"evs":[0.0,-0.58452]},"96s":{"weight":1.0,"played":[0.9685,0.0315],"evs":[0.0,-0.15451]},"97s":{"weight":1.0,"played":[7.0E-4,0.9993],"evs":[0.0,0.41092]},"98s":{"weight":1.0,"played":[0.0,1.0],"evs":[0.0,0.98112]},"99":{"weight":1.0,"played":[0.0,1.0],"evs":[0.0,5.33109]},"T9o":{"weight":1.0,"played":[0.9998,2.0E-4],"evs":[0.0,-0.38481]},"J9o":{"weight":1.0,"played":[0.9999,1.0E-4],"evs":[0.0,-0.39147]},"Q9o":{"weight":1.0,"played":[1.0,0.0],"evs":[0.0,-0.78062]},"K9o":{"weight":1.0,"played":[1.0,0.0],"evs":[0.0,-0.55712]},"A9o":{"weight":1.0,"played":[1.0,0.0],"evs":[0.0,-0.63216]},"T2s":{"weight":1.0,"played":[1.0,0.0],"evs":[0.0,-1.81396]},"T3s":{"weight":1.0,"played":[1.0,0.0],"evs":[0.0,-1.80497]},"T4s":{"weight":1.0,"played":[1.0,0.0],"evs":[0.0,-1.44538]},"T5s":{"weight":1.0,"played":[1.0,0.0],"evs":[0.0,-1.36672]},"T6s":{"weight":1.0,"played":[0.9999,1.0E-4],"evs":[0.0,-0.79906]},"T7s":{"weight":1.0,"played":[0.9999,1.0E-4],"evs":[0.0,-0.19917]},"T8s":{"weight":1.0,"played":[0.0121,0.9879],"evs":[0.0,0.33679]},"T9s":{"weight":1.0,"played":[1.0E-4,0.9999],"evs":[0.0,0.82335]},"TT":{"weight":1.0,"played":[0.0,1.0],"evs":[0.0,6.59088]},"JTo":{"weight":1.0,"played":[0.9995,5.0E-4],"evs":[0.0,-0.34676]},"QTo":{"weight":1.0,"played":[0.9999,1.0E-4],"evs":[0.0,-0.59144]},"KTo":{"weight":1.0,"played":[0.9998,2.0E-4],"evs":[0.0,-0.15918]},"ATo":{"weight":1.0,"played":[0.0022,0.9978],"evs":[0.0,0.3066]},"J2s":{"weight":1.0,"played":[1.0,0.0],"evs":[0.0,-1.63472]},"J3s":{"weight":1.0,"played":[1.0,0.0],"evs":[0.0,-1.46155]},"J4s":{"weight":1.0,"played":[1.0,0.0],"evs":[0.0,-1.22734]},"J5s":{"weight":1.0,"played":[1.0,0.0],"evs":[0.0,-1.05372]},"J6s":{"weight":1.0,"played":[0.9999,1.0E-4],"evs":[0.0,-0.87241]},"J7s":{"weight":1.0,"played":[1.0,0.0],"evs":[0.0,-0.2037]},"J8s":{"weight":1.0,"played":[0.0011,0.9989],"evs":[0.0,0.35233]},"J9s":{"weight":1.0,"played":[0.0,1.0],"evs":[0.0,0.67825]},"JTs":{"weight":1.0,"played":[0.0,1.0],"evs":[0.0,0.6532]},"JJ":{"weight":1.0,"played":[0.0,1.0],"evs":[0.0,8.05107]},"QJo":{"weight":1.0,"played":[0.9676,0.0324],"evs":[0.0,-0.19749]},"KJo":{"weight":1.0,"played":[0.044,0.956],"evs":[0.0,0.03589]},"AJo":{"weight":1.0,"played":[0.0,1.0],"evs":[0.0,1.58475]},"Q2s":{"weight":1.0,"played":[1.0,0.0],"evs":[0.0,-1.58155]},"Q3s":{"weight":1.0,"played":[1.0,0.0],"evs":[0.0,-1.60033]},"Q4s":{"weight":1.0,"played":[1.0,0.0],"evs":[0.0,-1.16596]},"Q5s":{"weight":1.0,"played":[1.0,0.0],"evs":[0.0,-0.99917]},"Q6s":{"weight":1.0,"played":[1.0,0.0],"evs":[0.0,-0.61792]},"Q7s":{"weight":1.0,"played":[0.9998,2.0E-4],"evs":[0.0,-0.70677]},"Q8s":{"weight":1.0,"played":[0.9874,0.0126],"evs":[0.0,-0.11433]},"Q9s":{"weight":1.0,"played":[9.0E-4,0.9991],"evs":[0.0,0.40956]},"QTs":{"weight":1.0,"played":[0.0,1.0],"evs":[0.0,0.54936]},"QJs":{"weight":1.0,"played":[0.0,1.0],"evs":[0.0,0.89873]},"QQ":{"weight":1.0,"played":[0.0,1.0],"evs":[0.0,10.10885]},"KQo":{"weight":1.0,"played":[0.0,1.0],"evs":[0.0,0.67225]},"AQo":{"weight":1.0,"played":[0.0,1.0],"evs":[0.0,3.44882]},"K2s":{"weight":1.0,"played":[1.0,0.0],"evs":[0.0,-0.94983]},"K3s":{"weight":1.0,"played":[0.9998,2.0E-4],"evs":[0.0,-0.92151]},"K4s":{"weight":1.0,"played":[1.0,0.0],"evs":[0.0,-0.5642]},"K5s":{"weight":1.0,"played":[0.9999,1.0E-4],"evs":[0.0,-0.34415]},"K6s":{"weight":1.0,"played":[0.9951,0.0049],"evs":[0.0,-0.1753]},"K7s":{"weight":1.0,"played":[0.1989,0.8011],"evs":[0.0,0.19155]},"K8s":{"weight":1.0,"played":[0.0141,0.9859],"evs":[0.0,0.25923]},"K9s":{"weight":1.0,"played":[7.0E-4,0.9993],"evs":[0.0,0.65413]},"KTs":{"weight":1.0,"played":[0.0,1.0],"evs":[0.0,0.71868]},"KJs":{"weight":1.0,"played":[0.0,1.0],"evs":[0.0,1.32786]},"KQs":{"weight":1.0,"played":[0.0,1.0],"evs":[0.0,1.88663]},"KK":{"weight":1.0,"played":[0.0,1.0],"evs":[0.0,12.09177]},"AKo":{"weight":1.0,"played":[0.0,1.0],"evs":[0.0,5.07245]},"A2s":{"weight":1.0,"played":[0.9998,2.0E-4],"evs":[0.0,-0.90026]},"A3s":{"weight":1.0,"played":[0.9995,5.0E-4],"evs":[0.0,-0.49186]},"A4s":{"weight":1.0,"played":[1.0,0.0],"evs":[0.0,-0.44019]},"A5s":{"weight":1.0,"played":[0.9944,0.0056],"evs":[0.0,-0.17279]},"A6s":{"weight":1.0,"played":[0.9824,0.0176],"evs":[0.0,-0.24871]},"A7s":{"weight":1.0,"played":[0.852,0.148],"evs":[0.0,-0.06834]},"A8s":{"weight":1.0,"played":[0.0117,0.9883],"evs":[0.0,0.2902]},"A9s":{"weight":1.0,"played":[0.0,1.0],"evs":[0.0,0.68673]},"ATs":{"weight":1.0,"played":[0.0,1.0],"evs":[0.0,1.55906]},"AJs":{"weight":1.0,"played":[0.0,1.0],"evs":[0.0,2.88032]},"AQs":{"weight":1.0,"played":[0.0,1.0],"evs":[0.0,4.58282]},"AKs":{"weight":1.0,"played":[0.0,1.0],"evs":[0.0,6.0865]},"AA":{"weight":1.0,"played":[0.0,1.0],"evs":[0.0,15.58399]}}}