{"player":5,"street":0,"children":3,"sequence":[{"player":0,"type":"F","amount":0,"street":0},{"player":1,"type":"R","amount":1585000,"street":0},{"player":2,"type":"C","amount":1585000,"street":0},{"player":3,"type":"F","amount":0,"street":0},{"player":4,"type":"F","amount":0,"street":0}],"actions":[{"type":"F","amount":0},{"type":"C","amount":1485000},{"type":"R","amount":2235000,"node":268}],"hands":{"22":{"weight":1.0,"played":[1.0,0.0,0.0],"evs":[0.0,-3.54714,-3.51231]},"32o":{"weight":1.0,"played":[1.0,0.0,0.0],"evs":[0.0,-5.78954,-6.94074]},"42o":{"weight":1.0,"played":[1.0,0.0,0.0],"evs":[0.0,-5.56866,-6.65798]},"52o":{"weight":1.0,"played":[1.0,0.0,0.0],"evs":[0.0,-5.41033,-6.4703]},"62o":{"weight":1.0,"played":[1.0,0.0,0.0],"evs":[0.0,-5.48896,-6.54836]},"72o":{"weight":1.0,"played":[1.0,0.0,0.0],"evs":[0.0,-5.6959,-6.7714]},"82o":{"weight":1.0,"played":[1.0,0.0,0.0],"evs":[0.0,-5.52156,-6.50025]},"92o":{"weight":1.0,"played":[1.0,0.0,0.0],"evs":[0.0,-5.50966,-6.44013]},"T2o":{"weight":1.0,"played":[1.0,0.0,0.0],"evs":[0.0,-6.16762,-7.05411]},"J2o":{"weight":1.0,"played":[1.0,0.0,0.0],"evs":[0.0,-5.70482,-6.58499]},"Q2o":{"weight":1.0,"played":[1.0,0.0,0.0],"evs":[0.0,-5.77663,-6.63959]},"K2o":{"weight":1.0,"played":[1.0,0.0,0.0],"evs":[0.0,-4.86955,-5.46295]},"A2o":{"weight":1.0,"played":[1.0,0.0,0.0],"evs":[0.0,-5.46271,-6.06156]},"32s":{"weight":1.0,"played":[1.0,0.0,0.0],"evs":[0.0,-4.45362,-5.32375]},"33":{"weight":1.0,"played":[1.0,0.0,0.0],"evs":[0.0,-3.38803,-3.36859]},"43o":{"weight":1.0,"played":[1.0,0.0,0.0],"evs":[0.0,-5.1512,-6.15785]},"53o":{"weight":1.0,"played":[1.0,0.0,0.0],"evs":[0.0,-4.98613,-5.88999]},"63o":{"weight":1.0,"played":[1.0,0.0,0.0],"evs":[0.0,-5.0333,-5.96275]},"73o":{"weight":1.0,"played":[1.0,0.0,0.0],"evs":[0.0,-5.31412,-6.31151]},"83o":{"weight":1.0,"played":[1.0,0.0,0.0],"evs":[0.0,-5.55904,-6.4364]},"93o":{"weight":1.0,"played":[1.0,0.0,0.0],"evs":[0.0,-5.52174,-6.36564]},"T3o":{"weight":1.0,"played":[1.0,0.0,0.0],"evs":[0.0,-6.02493,-6.89491]},"J3o":{"weight":1.0,"played":[1.0,0.0,0.0],"evs":[0.0,-5.60361,-6.34157]},"Q3o":{"weight":1.0,"played":[1.0,0.0,0.0],"evs":[0.0,-5.75673,-6.53241]},"K3o":{"weight":1.0,"played":[1.0,0.0,0.0],"evs":[0.0,-4.73201,-5.31438]},"A3o":{"weight":1.0,"played":[1.0,0.0,0.0],"evs":[0.0,-5.46271,-6.00956]},"42s":{"weight":1.0,"played":[0.9999,1.0E-4,0.0],"evs":[0.0,-4.26499,-5.08117]},"43s":{"weight":1.0,"played":[1.0,0.0,0.0],"evs":[0.0,-3.75973,-4.39731]},"44":{"weight":1.0,"played":[1.0,0.0,0.0],"evs":[0.0,-2.53307,-2.5169]},"54o":{"weight":1.0,"played":[1.0,0.0,0.0],"evs":[0.0,-4.37415,-5.12038]},"64o":{"weight":1.0,"played":[1.0,0.0,0.0],"evs":[0.0,-4.32233,-5.11477]},"74o":{"weight":1.0,"played":[1.0,0.0,0.0],"evs":[0.0,-4.88899,-5.79599]},"84o":{"weight":1.0,"played":[1.0,0.0,0.0],"evs":[0.0,-4.86497,-5.70363]},"94o":{"weight":1.0,"played":[1.0,0.0,0.0],"evs":[0.0,-5.35809,-6.19888]},"T4o":{"weight":1.0,"played":[1.0,0.0,0.0],"evs":[0.0,-5.78792,-6.55734]},"J4o":{"weight":1.0,"played":[1.0,0.0,0.0],"evs":[0.0,-5.37645,-6.10677]},"Q4o":{"weight":1.0,"played":[1.0,0.0,0.0],"evs":[0.0,-5.51547,-6.16974]},"K4o":{"weight":1.0,"played":[1.0,0.0,0.0],"evs":[0.0,-4.56873,-5.11148]},"A4o":{"weight":1.0,"played":[1.0,0.0,0.0],"evs":[0.0,-5.09665,-5.61999]},"52s":{"weight":1.0,"played":[1.0,0.0,0.0],"evs":[0.0,-3.65933,-4.41023]},"53s":{"weight":1.0,"played":[0.9999,1.0E-4,0.0],"evs":[0.0,-3.49264,-4.18331]},"54s":{"weight":1.0,"played":[1.0,0.0,0.0],"evs":[0.0,-2.79694,-3.33642]},"55":{"weight":1.0,"played":[0.9999,0.0,0.0],"evs":[0.0,-1.45419,-1.44456]},"65o":{"weight":1.0,"played":[1.0,0.0,0.0],"evs":[0.0,-3.77977,-4.4567]},"75o":{"weight":1.0,"played":[1.0,0.0,0.0],"evs":[0.0,-4.33881,-4.94388]},"85o":{"weight":1.0,"played":[1.0,0.0,0.0],"evs":[0.0,-4.29092,-4.9352]},"95o":{"weight":1.0,"played":[1.0,0.0,0.0],"evs":[0.0,-4.69505,-5.36288]},"T5o":{"weight":1.0,"played":[1.0,0.0,0.0],"evs":[0.0,-5.74872,-6.4493]},"J5o":{"weight":1.0,"played":[1.0,0.0,0.0],"evs":[0.0,-5.12826,-5.78775]},"Q5o":{"weight":1.0,"played":[1.0,0.0,0.0],"evs":[0.0,-5.32158,-5.9337]},"K5o":{"weight":1.0,"played":[1.0,0.0,0.0],"evs":[0.0,-4.22578,-4.64027]},"A5o":{"weight":1.0,"played":[1.0,0.0,0.0],"evs":[0.0,-4.78177,-5.24064]},"62s":{"weight":1.0,"played":[1.0,0.0,0.0],"evs":[0.0,-4.33374,-5.0909]},"63s":{"weight":1.0,"played":[1.0,0.0,0.0],"evs":[0.0,-3.50851,-4.12521]},"64s":{"weight":1.0,"played":[1.0,0.0,0.0],"evs":[0.0,-2.99045,-3.64464]},"65s":{"weight":1.0,"played":[1.0,0.0,0.0],"evs":[0.0,-2.30849,-2.79271]},"66":{"weight":1.0,"played":[0.7745,0.0849,0.1406],"evs":[0.0,-0.09941,-0.08818]},"76o":{"weight":1.0,"played":[1.0,0.0,0.0],"evs":[0.0,-3.3293,-3.90195]},"86o":{"weight":1.0,"played":[1.0,0.0,0.0],"evs":[0.0,-3.66324,-4.18359]},"96o":{"weight":1.0,"played":[1.0,0.0,0.0],"evs":[0.0,-3.90653,-4.52588]},"T6o":{"weight":1.0,"played":[1.0,0.0,0.0],"evs":[0.0,-4.98013,-5.60157]},"J6o":{"weight":1.0,"played":[1.0,0.0,0.0],"evs":[0.0,-4.8579,-5.45872]},"Q6o":{"weight":1.0,"played":[1.0,0.0,0.0],"evs":[0.0,-4.95587,-5.49729]},"K6o":{"weight":1.0,"played":[1.0,0.0,0.0],"evs":[0.0,-3.91454,-4.34614]},"A6o":{"weight":1.0,"played":[1.0,0.0,0.0],"evs":[0.0,-5.07955,-5.48611]},"72s":{"weight":1.0,"played":[1.0,0.0,0.0],"evs":[0.0,-4.23809,-5.04283]},"73s":{"weight":1.0,"played":[1.0,0.0,0.0],"evs":[0.0,-3.84303,-4.49097]},"74s":{"weight":1.0,"played":[1.0,0.0,0.0],"evs":[0.0,-3.37334,-3.95706]},"75s":{"weight":1.0,"played":[1.0,0.0,0.0],"evs":[0.0,-2.75596,-3.323]},"76s":{"weight":1.0,"played":[1.0,0.0,0.0],"evs":[0.0,-2.06868,-2.52324]},"77":{"weight":1.0,"played":[1.0E-4,0.0342,0.9657],"evs":[0.0,1.06671,1.09356]},"87o":{"weight":1.0,"played":[1.0,0.0,0.0],"evs":[0.0,-2.99329,-3.4606]},"97o":{"weight":1.0,"played":[1.0,0.0,0.0],"evs":[0.0,-3.49705,-4.06577]},"T7o":{"weight":1.0,"played":[1.0,0.0,0.0],"evs":[0.0,-4.08672,-4.69314]},"J7o":{"weight":1.0,"played":[1.0,0.0,0.0],"evs":[0.0,-4.28945,-4.76387]},"Q7o":{"weight":1.0,"played":[1.0,0.0,0.0],"evs":[0.0,-4.74828,-5.30402]},"K7o":{"weight":1.0,"played":[1.0,0.0,0.0],"evs":[0.0,-3.71494,-4.12023]},"A7o":{"weight":1.0,"played":[1.0,0.0,0.0],"evs":[0.0,-4.6711,-5.10642]},"82s":{"weight":1.0,"played":[1.0,0.0,0.0],"evs":[0.0,-4.06961,-4.76961]},"83s":{"weight":1.0,"played":[1.0,0.0,0.0],"evs":[0.0,-4.12791,-4.81615]},"84s":{"weight":1.0,"played":[1.0,0.0,0.0],"evs":[0.0,-3.54983,-4.15335]},"85s":{"weight":1.0,"played":[1.0,0.0,0.0],"evs":[0.0,-2.96559,-3.50356]},"86s":{"weight":1.0,"played":[1.0,0.0,0.0],"evs":[0.0,-2.0248,-2.49171]},"87s":{"weight":1.0,"played":[1.0,0.0,0.0],"evs":[0.0,-2.0021,-2.4049]},"88":{"weight":1.0,"played":[0.0,0.4909,0.5091],"evs":[0.0,1.84461,1.83694]},"98o":{"weight":1.0,"played":[1.0,0.0,0.0],"evs":[0.0,-2.98337,-3.38449]},"T8o":{"weight":1.0,"played":[1.0,0.0,0.0],"evs":[0.0,-3.70344,-4.13671]},"J8o":{"weight":1.0,"played":[1.0,0.0,0.0],"evs":[0.0,-3.5785,-4.03187]},"Q8o":{"weight":1.0,"played":[1.0,0.0,0.0],"evs":[0.0,-4.13516,-4.62515]},"K8o":{"weight":1.0,"played":[1.0,0.0,0.0],"evs":[0.0,-3.4926,-3.86105]},"A8o":{"weight":1.0,"played":[1.0,0.0,0.0],"evs":[0.0,-4.4049,-4.747]},"92s":{"weight":1.0,"played":[1.0,0.0,0.0],"evs":[0.0,-3.79751,-4.45741]},"93s":{"weight":1.0,"played":[1.0,0.0,0.0],"evs":[0.0,-4.04806,-4.76302]},"94s":{"weight":1.0,"played":[1.0,0.0,0.0],"evs":[0.0,-3.93315,-4.62472]},"95s":{"weight":1.0,"played":[1.0,0.0,0.0],"evs":[0.0,-3.03945,-3.583]},"96s":{"weight":1.0,"played":[1.0,0.0,0.0],"evs":[0.0,-2.60488,-3.07033]},"97s":{"weight":1.0,"played":[1.0,0.0,0.0],"evs":[0.0,-1.90108,-2.29075]},"98s":{"weight":1.0,"played":[0.9999,0.0,0.0],"evs":[0.0,-1.62377,-1.96398]},"99":{"weight":1.0,"played":[0.0,0.4894,0.5106],"evs":[0.0,2.78022,2.78296]},"T9o":{"weight":1.0,"played":[1.0,0.0,0.0],"evs":[0.0,-3.43079,-3.80803]},"J9o":{"weight":1.0,"played":[1.0,0.0,0.0],"evs":[0.0,-3.21475,-3.5908]},"Q9o":{"weight":1.0,"played":[1.0,0.0,0.0],"evs":[0.0,-3.7679,-4.16989]},"K9o":{"weight":1.0,"played":[1.0,0.0,0.0],"evs":[0.0,-3.0752,-3.43479]},"A9o":{"weight":1.0,"played":[1.0,0.0,0.0],"evs":[0.0,-4.32316,-4.54416]},"T2s":{"weight":1.0,"played":[1.0,0.0,0.0],"evs":[0.0,-4.53447,-5.18349]},"T3s":{"weight":1.0,"played":[1.0,0.0,0.0],"evs":[0.0,-4.56774,-5.23861]},"T4s":{"weight":1.0,"played":[1.0,0.0,0.0],"evs":[0.0,-4.17479,-4.74069]},"T5s":{"weight":1.0,"played":[1.0,0.0,0.0],"evs":[0.0,-4.32177,-4.86044]},"T6s":{"weight":1.0,"played":[1.0,0.0,0.0],"evs":[0.0,-3.45794,-4.08683]},"T7s":{"weight":1.0,"played":[1.0,0.0,0.0],"evs":[0.0,-2.83101,-3.27102]},"T8s":{"weight":1.0,"played":[0.9998,2.0E-4,0.0],"evs":[0.0,-2.12481,-2.45631]},"T9s":{"weight":1.0,"played":[0.9985,9.0E-4,6.0E-4],"evs":[0.0,-1.78258,-2.04918]},"TT":{"weight":1.0,"played":[0.0,0.2775,0.7225],"evs":[0.0,4.08118,4.08623]},"JTo":{"weight":1.0,"played":[1.0,0.0,0.0],"evs":[0.0,-3.34202,-3.65341]},"QTo":{"weight":1.0,"played":[1.0,0.0,0.0],"evs":[0.0,-3.52418,-3.85598]},"KTo":{"weight":1.0,"played":[1.0,0.0,0.0],"evs":[0.0,-3.05366,-3.32283]},"ATo":{"weight":1.0,"played":[1.0,0.0,0.0],"evs":[0.0,-3.21517,-3.24846]},"J2s":{"weight":1.0,"played":[1.0,0.0,0.0],"evs":[0.0,-4.00217,-4.53546]},"J3s":{"weight":1.0,"played":[1.0,0.0,0.0],"evs":[0.0,-4.0701,-4.56659]},"J4s":{"weight":1.0,"played":[1.0,0.0,0.0],"evs":[0.0,-3.88065,-4.44845]},"J5s":{"weight":1.0,"played":[1.0,0.0,0.0],"evs":[0.0,-3.81973,-4.28025]},"J6s":{"weight":1.0,"played":[1.0,0.0,0.0],"evs":[0.0,-3.54356,-3.98318]},"J7s":{"weight":1.0,"played":[1.0,0.0,0.0],"evs":[0.0,-2.90033,-3.25487]},"J8s":{"weight":1.0,"played":[1.0,0.0,0.0],"evs":[0.0,-1.82387,-2.12907]},"J9s":{"weight":1.0,"played":[0.9998,0.0,1.0E-4],"evs":[0.0,-1.44347,-1.78977]},"JTs":{"weight":1.0,"played":[1.0,0.0,0.0],"evs":[0.0,-1.73756,-2.00858]},"JJ":{"weight":1.0,"played":[0.0,0.0,1.0],"evs":[0.0,5.87425,5.91042]},"QJo":{"weight":1.0,"played":[1.0,0.0,0.0],"evs":[0.0,-3.15399,-3.4972]},"KJo":{"weight":1.0,"played":[1.0,0.0,0.0],"evs":[0.0,-2.36258,-2.58016]},"AJo":{"weight":1.0,"played":[0.999,5.0E-4,5.0E-4],"evs":[0.0,-1.64134,-1.60876]},"Q2s":{"weight":1.0,"played":[1.0,0.0,0.0],"evs":[0.0,-4.16849,-4.78743]},"Q3s":{"weight":1.0,"played":[1.0,0.0,0.0],"evs":[0.0,-4.02772,-4.61936]},"Q4s":{"weight":1.0,"played":[1.0,0.0,0.0],"evs":[0.0,-3.98747,-4.61289]},"Q5s":{"weight":1.0,"played":[1.0,0.0,0.0],"evs":[0.0,-3.7083,-4.14904]},"Q6s":{"weight":1.0,"played":[1.0,0.0,0.0],"evs":[0.0,-3.54416,-4.0492]},"Q7s":{"weight":1.0,"played":[0.9999,0.0,0.0],"evs":[0.0,-3.20994,-3.64692]},"Q8s":{"weight":1.0,"played":[1.0,0.0,0.0],"evs":[0.0,-2.36018,-2.63502]},"Q9s":{"weight":1.0,"played":[0.9999,1.0E-4,0.0],"evs":[0.0,-2.11643,-2.47496]},"QTs":{"weight":1.0,"played":[0.9985,4.0E-4,0.0011],"evs":[0.0,-2.14916,-2.46551]},"QJs":{"weight":1.0,"played":[0.9929,0.0051,0.002],"evs":[0.0,-1.55176,-1.88297]},"QQ":{"weight":1.0,"played":[0.0,0.0768,0.9232],"evs":[0.0,8.68092,8.70386]},"KQo":{"weight":1.0,"played":[0.9994,2.0E-4,4.0E-4],"evs":[0.0,-1.98032,-2.15431]},"AQo":{"weight":1.0,"played":[0.0079,0.0275,0.9646],"evs":[0.0,0.50326,0.5443]},"K2s":{"weight":1.0,"played":[1.0,0.0,0.0],"evs":[0.0,-3.3255,-3.83746]},"K3s":{"weight":1.0,"played":[1.0,0.0,0.0],"evs":[0.0,-3.05704,-3.45578]},"K4s":{"weight":1.0,"played":[1.0,0.0,0.0],"evs":[0.0,-2.93979,-3.32201]},"K5s":{"weight":1.0,"played":[1.0,0.0,0.0],"evs":[0.0,-2.7885,-3.15432]},"K6s":{"weight":1.0,"played":[1.0,0.0,0.0],"evs":[0.0,-2.53198,-2.92574]},"K7s":{"weight":1.0,"played":[1.0,0.0,0.0],"evs":[0.0,-2.02962,-2.46826]},"K8s":{"weight":1.0,"played":[0.9999,0.0,0.0],"evs":[0.0,-1.8992,-2.24514]},"K9s":{"weight":1.0,"played":[1.0,0.0,0.0],"evs":[0.0,-1.74126,-1.95728]},"KTs":{"weight":1.0,"played":[0.9998,1.0E-4,1.0E-4],"evs":[0.0,-1.66736,-1.87223]},"KJs":{"weight":1.0,"played":[0.9831,0.0086,0.0084],"evs":[0.0,-0.71313,-0.87935]},"KQs":{"weight":1.0,"played":[0.9691,0.0203,0.0105],"evs":[0.0,-0.78905,-0.90635]},"KK":{"weight":1.0,"played":[0.0,1.0E-4,0.9999],"evs":[0.0,12.35751,12.38725]},"AKo":{"weight":1.0,"played":[0.0,0.1957,0.8043],"evs":[0.0,3.10007,3.13042]},"A2s":{"weight":1.0,"played":[1.0,0.0,0.0],"evs":[0.0,-3.93363,-4.34691]},"A3s":{"weight":1.0,"played":[1.0,0.0,0.0],"evs":[0.0,-3.47921,-3.90375]},"A4s":{"weight":1.0,"played":[0.9999,0.0,0.0],"evs":[0.0,-3.65526,-4.05048]},"A5s":{"weight":1.0,"played":[0.9998,1.0E-4,1.0E-4],"evs":[0.0,-2.86044,-3.19024]},"A6s":{"weight":1.0,"played":[1.0,0.0,0.0],"evs":[0.0,-3.52739,-3.79219]},"A7s":{"weight":1.0,"played":[1.0,0.0,0.0],"evs":[0.0,-2.80017,-3.16943]},"A8s":{"weight":1.0,"played":[0.9997,1.0E-4,2.0E-4],"evs":[0.0,-2.77128,-3.00699]},"A9s":{"weight":1.0,"played":[1.0,0.0,0.0],"evs":[0.0,-2.31991,-2.49172]},"ATs":{"weight":1.0,"played":[1.0,0.0,0.0],"evs":[0.0,-1.8224,-1.83654]},"AJs":{"weight":1.0,"played":[0.2794,0.4228,0.2978],"evs":[0.0,0.18054,0.152]},"AQs":{"weight":1.0,"played":[0.0,0.4747,0.5253],"evs":[0.0,1.91668,1.92023]},"AKs":{"weight":1.0,"played":[0.0,0.0,1.0],"evs":[0.0,4.2306,4.27598]},"AA":{"weight":1.0,"played":[0.0,0.0031,0.9969],"evs":[0.0,17.44952,17.48691]}}}