{"player":5,"street":0,"children":3,"sequence":[{"player":0,"type":"F","amount":0,"street":0},{"player":1,"type":"R","amount":1585000,"street":0},{"player":2,"type":"C","amount":1585000,"street":0},{"player":3,"type":"F","amount":0,"street":0},{"player":4,"type":"C","amount":1035000,"street":0}],"actions":[{"type":"F","amount":0},{"type":"C","amount":1485000},{"type":"R","amount":2235000,"node":270}],"hands":{"22":{"weight":1.0,"played":[0.9989,3.0E-4,8.0E-4],"evs":[0.0,-3.55206,-3.3117]},"32o":{"weight":1.0,"played":[1.0,0.0,0.0],"evs":[0.0,-5.32265,-6.45636]},"42o":{"weight":1.0,"played":[0.9999,1.0E-4,1.0E-4],"evs":[0.0,-4.41518,-5.19506]},"52o":{"weight":1.0,"played":[0.9999,0.0,0.0],"evs":[0.0,-4.90967,-5.78028]},"62o":{"weight":1.0,"played":[1.0,0.0,0.0],"evs":[0.0,-5.64386,-6.65382]},"72o":{"weight":1.0,"played":[1.0,0.0,0.0],"evs":[0.0,-5.82676,-6.63961]},"82o":{"weight":1.0,"played":[1.0,0.0,0.0],"evs":[0.0,-5.84981,-6.65917]},"92o":{"weight":1.0,"played":[1.0,0.0,0.0],"evs":[0.0,-5.48742,-6.39013]},"T2o":{"weight":1.0,"played":[1.0,0.0,0.0],"evs":[0.0,-5.57045,-6.41513]},"J2o":{"weight":1.0,"played":[1.0,0.0,0.0],"evs":[0.0,-5.90159,-6.57523]},"Q2o":{"weight":1.0,"played":[1.0,0.0,0.0],"evs":[0.0,-5.94865,-6.7776]},"K2o":{"weight":1.0,"played":[0.9999,1.0E-4,1.0E-4],"evs":[0.0,-5.36719,-5.77788]},"A2o":{"weight":1.0,"played":[1.0,0.0,0.0],"evs":[0.0,-6.31669,-6.94066]},"32s":{"weight":1.0,"played":[0.9971,0.0011,0.0018],"evs":[0.0,-4.21376,-5.07813]},"33":{"weight":1.0,"played":[0.9922,0.0012,0.0066],"evs":[0.0,-3.75124,-3.81577]},"43o":{"weight":1.0,"played":[0.9998,1.0E-4,2.0E-4],"evs":[0.0,-4.59279,-5.41238]},"53o":{"weight":1.0,"played":[1.0,0.0,0.0],"evs":[0.0,-4.21769,-5.04336]},"63o":{"weight":1.0,"played":[0.9998,1.0E-4,1.0E-4],"evs":[0.0,-4.58316,-5.27534]},"73o":{"weight":1.0,"played":[0.9999,0.0,0.0],"evs":[0.0,-5.21817,-5.94574]},"83o":{"weight":1.0,"played":[1.0,0.0,0.0],"evs":[0.0,-5.5397,-6.15792]},"93o":{"weight":1.0,"played":[1.0,0.0,0.0],"evs":[0.0,-4.84219,-5.21422]},"T3o":{"weight":1.0,"played":[0.9998,2.0E-4,0.0],"evs":[0.0,-6.31403,-7.13082]},"J3o":{"weight":1.0,"played":[1.0,0.0,0.0],"evs":[0.0,-5.17695,-5.81247]},"Q3o":{"weight":1.0,"played":[1.0,0.0,0.0],"evs":[0.0,-5.91854,-6.75103]},"K3o":{"weight":1.0,"played":[1.0,0.0,0.0],"evs":[0.0,-5.09742,-5.44285]},"A3o":{"weight":1.0,"played":[0.9998,0.0,1.0E-4],"evs":[0.0,-5.48704,-5.85198]},"42s":{"weight":1.0,"played":[0.9997,2.0E-4,1.0E-4],"evs":[0.0,-4.4843,-5.18115]},"43s":{"weight":1.0,"played":[0.9827,0.0058,0.0116],"evs":[0.0,-2.69852,-3.44786]},"44":{"weight":1.0,"played":[0.9999,1.0E-4,0.0],"evs":[0.0,-1.45713,-1.63296]},"54o":{"weight":1.0,"played":[0.9974,7.0E-4,0.0018],"evs":[0.0,-3.64435,-4.2598]},"64o":{"weight":1.0,"played":[0.9999,1.0E-4,0.0],"evs":[0.0,-4.04809,-4.47877]},"74o":{"weight":1.0,"played":[1.0,0.0,0.0],"evs":[0.0,-4.73263,-5.45684]},"84o":{"weight":1.0,"played":[0.9993,1.0E-4,6.0E-4],"evs":[0.0,-5.31114,-5.98597]},"94o":{"weight":1.0,"played":[0.9996,2.0E-4,2.0E-4],"evs":[0.0,-5.81286,-6.33701]},"T4o":{"weight":1.0,"played":[1.0,0.0,0.0],"evs":[0.0,-5.59465,-6.28166]},"J4o":{"weight":1.0,"played":[0.9997,1.0E-4,2.0E-4],"evs":[0.0,-5.79733,-6.52879]},"Q4o":{"weight":1.0,"played":[1.0,0.0,0.0],"evs":[0.0,-5.54206,-6.19157]},"K4o":{"weight":1.0,"played":[0.999,6.0E-4,4.0E-4],"evs":[0.0,-4.57876,-4.95629]},"A4o":{"weight":1.0,"played":[1.0,0.0,0.0],"evs":[0.0,-5.79295,-6.30667]},"52s":{"weight":1.0,"played":[0.9981,3.0E-4,0.0016],"evs":[0.0,-2.9139,-3.70002]},"53s":{"weight":1.0,"played":[0.9969,0.0013,0.0018],"evs":[0.0,-1.15982,-1.65627]},"54s":{"weight":1.0,"played":[0.9991,2.0E-4,7.0E-4],"evs":[0.0,-4.12283,-4.29906]},"55":{"weight":1.0,"played":[0.9915,0.0046,0.004],"evs":[0.0,-1.63753,-1.57616]},"65o":{"weight":1.0,"played":[0.9997,1.0E-4,2.0E-4],"evs":[0.0,-3.20939,-3.72598]},"75o":{"weight":1.0,"played":[0.9999,0.0,1.0E-4],"evs":[0.0,-2.99807,-3.66522]},"85o":{"weight":1.0,"played":[1.0,0.0,0.0],"evs":[0.0,-4.68519,-5.02504]},"95o":{"weight":1.0,"played":[1.0,0.0,0.0],"evs":[0.0,-4.60774,-5.16813]},"T5o":{"weight":1.0,"played":[1.0,0.0,0.0],"evs":[0.0,-5.9771,-6.59189]},"J5o":{"weight":1.0,"played":[0.9999,0.0,0.0],"evs":[0.0,-5.16817,-5.52637]},"Q5o":{"weight":1.0,"played":[0.9999,1.0E-4,0.0],"evs":[0.0,-5.53494,-6.09702]},"K5o":{"weight":1.0,"played":[0.9998,1.0E-4,1.0E-4],"evs":[0.0,-4.6679,-4.95553]},"A5o":{"weight":1.0,"played":[1.0,0.0,0.0],"evs":[0.0,-5.21599,-5.56669]},"62s":{"weight":1.0,"played":[0.9995,4.0E-4,1.0E-4],"evs":[0.0,-3.93084,-4.2906]},"63s":{"weight":1.0,"played":[0.9991,6.0E-4,4.0E-4],"evs":[0.0,-2.17883,-2.68779]},"64s":{"weight":1.0,"played":[0.9973,0.0011,0.0016],"evs":[0.0,-1.88189,-2.57891]},"65s":{"weight":1.0,"played":[0.9931,0.001,0.0059],"evs":[0.0,-1.07017,-1.34573]},"66":{"weight":1.0,"played":[0.5123,0.2653,0.2224],"evs":[0.0,-0.45072,-0.50058]},"76o":{"weight":1.0,"played":[0.9999,0.0,1.0E-4],"evs":[0.0,-3.44446,-4.04097]},"86o":{"weight":1.0,"played":[1.0,0.0,0.0],"evs":[0.0,-3.9477,-4.40269]},"96o":{"weight":1.0,"played":[1.0,0.0,0.0],"evs":[0.0,-4.22412,-4.59955]},"T6o":{"weight":1.0,"played":[1.0,0.0,0.0],"evs":[0.0,-4.64412,-4.99974]},"J6o":{"weight":1.0,"played":[0.9998,2.0E-4,0.0],"evs":[0.0,-5.01448,-5.50124]},"Q6o":{"weight":1.0,"played":[1.0,0.0,0.0],"evs":[0.0,-5.00101,-5.59797]},"K6o":{"weight":1.0,"played":[0.9997,1.0E-4,2.0E-4],"evs":[0.0,-4.56815,-4.90312]},"A6o":{"weight":1.0,"played":[1.0,0.0,0.0],"evs":[0.0,-5.86935,-6.28317]},"72s":{"weight":1.0,"played":[1.0,0.0,0.0],"evs":[0.0,-2.97797,-3.23374]},"73s":{"weight":1.0,"played":[0.999,5.0E-4,5.0E-4],"evs":[0.0,-3.23786,-3.95054]},"74s":{"weight":1.0,"played":[0.9996,1.0E-4,3.0E-4],"evs":[0.0,-3.20435,-3.60532]},"75s":{"weight":1.0,"played":[0.9999,0.0,0.0],"evs":[0.0,-3.70901,-3.85231]},"76s":{"weight":1.0,"played":[0.9797,0.0102,0.01],"evs":[0.0,-0.49382,-0.87962]},"77":{"weight":1.0,"played":[0.2863,0.3055,0.4083],"evs":[0.0,0.14224,0.21933]},"87o":{"weight":1.0,"played":[0.9997,0.0,3.0E-4],"evs":[0.0,-3.17293,-3.63102]},"97o":{"weight":1.0,"played":[0.9998,0.0,2.0E-4],"evs":[0.0,-3.3742,-3.49209]},"T7o":{"weight":1.0,"played":[0.9999,1.0E-4,1.0E-4],"evs":[0.0,-3.93993,-4.32131]},"J7o":{"weight":1.0,"played":[1.0,0.0,0.0],"evs":[0.0,-4.55403,-4.76347]},"Q7o":{"weight":1.0,"played":[0.9999,0.0,1.0E-4],"evs":[0.0,-5.64541,-6.16498]},"K7o":{"weight":1.0,"played":[0.9999,0.0,1.0E-4],"evs":[0.0,-4.41177,-5.00598]},"A7o":{"weight":1.0,"played":[0.9994,2.0E-4,4.0E-4],"evs":[0.0,-5.33657,-5.76279]},"82s":{"weight":1.0,"played":[0.9966,0.0029,5.0E-4],"evs":[0.0,-4.45331,-5.20288]},"83s":{"weight":1.0,"played":[0.9994,3.0E-4,4.0E-4],"evs":[0.0,-4.00327,-4.90773]},"84s":{"weight":1.0,"played":[0.995,0.0012,0.0038],"evs":[0.0,-3.32148,-3.77044]},"85s":{"weight":1.0,"played":[0.9998,1.0E-4,1.0E-4],"evs":[0.0,-2.67534,-2.75362]},"86s":{"weight":1.0,"played":[0.9997,2.0E-4,1.0E-4],"evs":[0.0,-1.5013,-1.70377]},"87s":{"weight":1.0,"played":[0.5528,0.3201,0.1271],"evs":[0.0,0.07965,-0.03149]},"88":{"weight":1.0,"played":[0.0023,0.7093,0.2884],"evs":[0.0,1.68024,1.64989]},"98o":{"weight":1.0,"played":[0.9978,0.0011,0.0011],"evs":[0.0,-3.27428,-3.62291]},"T8o":{"weight":1.0,"played":[0.9989,8.0E-4,3.0E-4],"evs":[0.0,-3.36351,-3.548]},"J8o":{"weight":1.0,"played":[0.9999,1.0E-4,1.0E-4],"evs":[0.0,-3.81352,-4.1818]},"Q8o":{"weight":1.0,"played":[0.9999,1.0E-4,0.0],"evs":[0.0,-5.06758,-5.43607]},"K8o":{"weight":1.0,"played":[0.9997,1.0E-4,2.0E-4],"evs":[0.0,-4.275,-4.66315]},"A8o":{"weight":1.0,"played":[1.0,0.0,0.0],"evs":[0.0,-5.04528,-5.40448]},"92s":{"weight":1.0,"played":[0.9999,0.0,1.0E-4],"evs":[0.0,-3.35586,-3.7478]},"93s":{"weight":1.0,"played":[0.9992,2.0E-4,6.0E-4],"evs":[0.0,-3.09495,-3.36736]},"94s":{"weight":1.0,"played":[0.999,6.0E-4,4.0E-4],"evs":[0.0,-3.79299,-4.04419]},"95s":{"weight":1.0,"played":[0.9998,2.0E-4,0.0],"evs":[0.0,-3.67763,-3.83823]},"96s":{"weight":1.0,"played":[0.9998,1.0E-4,1.0E-4],"evs":[0.0,-2.8378,-3.02053]},"97s":{"weight":1.0,"played":[0.8757,0.061,0.0633],"evs":[0.0,-1.89338,-2.14415]},"98s":{"weight":1.0,"played":[0.6827,0.1829,0.1345],"evs":[0.0,-1.61727,-1.843]},"99":{"weight":1.0,"played":[1.0E-4,0.0013,0.9986],"evs":[0.0,3.10185,3.12618]},"T9o":{"weight":1.0,"played":[0.9948,0.0023,0.003],"evs":[0.0,-2.74738,-2.81554]},"J9o":{"weight":1.0,"played":[1.0,0.0,0.0],"evs":[0.0,-2.7898,-2.99054]},"Q9o":{"weight":1.0,"played":[0.9998,2.0E-4,1.0E-4],"evs":[0.0,-4.05778,-4.37347]},"K9o":{"weight":1.0,"played":[1.0,0.0,0.0],"evs":[0.0,-3.56062,-3.8938]},"A9o":{"weight":1.0,"played":[1.0,0.0,0.0],"evs":[0.0,-4.49614,-4.71477]},"T2s":{"weight":1.0,"played":[0.9993,4.0E-4,3.0E-4],"evs":[0.0,-4.54989,-5.11755]},"T3s":{"weight":1.0,"played":[1.0,0.0,0.0],"evs":[0.0,-3.394,-4.12938]},"T4s":{"weight":1.0,"played":[0.9997,2.0E-4,1.0E-4],"evs":[0.0,-3.13625,-3.64881]},"T5s":{"weight":1.0,"played":[0.9999,0.0,1.0E-4],"evs":[0.0,-4.37638,-4.90341]},"T6s":{"weight":1.0,"played":[0.999,5.0E-4,5.0E-4],"evs":[0.0,-3.2605,-3.365]},"T7s":{"weight":1.0,"played":[0.9948,0.0026,0.0026],"evs":[0.0,-2.62411,-2.92977]},"T8s":{"weight":1.0,"played":[0.9741,0.0056,0.0203],"evs":[0.0,-1.43041,-1.4802]},"T9s":{"weight":1.0,"played":[0.8833,0.0594,0.0573],"evs":[0.0,-1.61017,-1.66402]},"TT":{"weight":1.0,"played":[0.0,0.0297,0.9703],"evs":[0.0,5.11011,5.14366]},"JTo":{"weight":1.0,"played":[0.9987,7.0E-4,6.0E-4],"evs":[0.0,-2.73716,-2.86156]},"QTo":{"weight":1.0,"played":[0.9991,3.0E-4,5.0E-4],"evs":[0.0,-4.21413,-4.24319]},"KTo":{"weight":1.0,"played":[0.9995,2.0E-4,3.0E-4],"evs":[0.0,-2.88516,-3.08328]},"ATo":{"weight":1.0,"played":[1.0,0.0,0.0],"evs":[0.0,-3.25824,-3.12378]},"J2s":{"weight":1.0,"played":[0.9999,1.0E-4,0.0],"evs":[0.0,-3.84398,-4.1108]},"J3s":{"weight":1.0,"played":[1.0,0.0,0.0],"evs":[0.0,-4.16577,-4.40871]},"J4s":{"weight":1.0,"played":[0.9989,4.0E-4,7.0E-4],"evs":[0.0,-5.10491,-5.64601]},"J5s":{"weight":1.0,"played":[0.9941,0.003,0.0029],"evs":[0.0,-4.12551,-4.36254]},"J6s":{"weight":1.0,"played":[0.999,2.0E-4,8.0E-4],"evs":[0.0,-3.37672,-3.81644]},"J7s":{"weight":1.0,"played":[0.99,0.0056,0.0044],"evs":[0.0,-3.72471,-4.22887]},"J8s":{"weight":1.0,"played":[0.9954,5.0E-4,0.0041],"evs":[0.0,-2.12284,-2.33174]},"J9s":{"weight":1.0,"played":[0.9992,0.0,8.0E-4],"evs":[0.0,-2.17408,-2.53321]},"JTs":{"weight":1.0,"played":[0.9087,0.0625,0.0288],"evs":[0.0,-0.56882,-0.82445]},"JJ":{"weight":1.0,"played":[0.0,9.0E-4,0.999],"evs":[0.0,6.86605,6.9251]},"QJo":{"weight":1.0,"played":[0.9989,5.0E-4,6.0E-4],"evs":[0.0,-3.36395,-3.58844]},"KJo":{"weight":1.0,"played":[0.9992,6.0E-4,3.0E-4],"evs":[0.0,-2.31826,-2.35943]},"AJo":{"weight":1.0,"played":[0.9955,0.0,0.0044],"evs":[0.0,-1.85875,-1.88291]},"Q2s":{"weight":1.0,"played":[0.9961,0.0013,0.0025],"evs":[0.0,-3.4041,-3.79906]},"Q3s":{"weight":1.0,"played":[1.0,0.0,0.0],"evs":[0.0,-3.8781,-4.3677]},"Q4s":{"weight":1.0,"played":[0.9996,4.0E-4,0.0],"evs":[0.0,-4.45533,-5.02576]},"Q5s":{"weight":1.0,"played":[1.0,0.0,0.0],"evs":[0.0,-4.17347,-4.62566]},"Q6s":{"weight":1.0,"played":[0.9994,3.0E-4,3.0E-4],"evs":[0.0,-4.7125,-5.0697]},"Q7s":{"weight":1.0,"played":[0.9877,0.0078,0.0045],"evs":[0.0,-3.74293,-3.78726]},"Q8s":{"weight":1.0,"played":[0.997,0.0,0.0029],"evs":[0.0,-2.98189,-2.77129]},"Q9s":{"weight":1.0,"played":[0.9906,0.0029,0.0065],"evs":[0.0,-2.22889,-2.31851]},"QTs":{"weight":1.0,"played":[0.9163,0.0418,0.0419],"evs":[0.0,-0.88134,-0.9652]},"QJs":{"weight":1.0,"played":[0.7894,0.1998,0.0107],"evs":[0.0,-1.75704,-2.2063]},"QQ":{"weight":1.0,"played":[0.0,0.7924,0.2076],"evs":[0.0,9.12503,9.11602]},"KQo":{"weight":1.0,"played":[0.9985,5.0E-4,9.0E-4],"evs":[0.0,-1.94988,-2.14581]},"AQo":{"weight":1.0,"played":[0.8322,0.0645,0.1033],"evs":[0.0,-0.74954,-0.69701]},"K2s":{"weight":1.0,"played":[0.983,0.0102,0.0068],"evs":[0.0,-3.15833,-3.65522]},"K3s":{"weight":1.0,"played":[1.0,0.0,0.0],"evs":[0.0,-2.00715,-2.39757]},"K4s":{"weight":1.0,"played":[0.9968,0.001,0.0022],"evs":[0.0,-2.62204,-2.99066]},"K5s":{"weight":1.0,"played":[0.9959,0.0017,0.0023],"evs":[0.0,-1.87053,-2.32074]},"K6s":{"weight":1.0,"played":[0.9965,7.0E-4,0.0028],"evs":[0.0,-2.30037,-2.53884]},"K7s":{"weight":1.0,"played":[0.9986,6.0E-4,8.0E-4],"evs":[0.0,-1.60156,-1.81501]},"K8s":{"weight":1.0,"played":[0.9999,0.0,0.0],"evs":[0.0,-1.24499,-1.46675]},"K9s":{"weight":1.0,"played":[0.9992,6.0E-4,2.0E-4],"evs":[0.0,-2.31211,-2.62129]},"KTs":{"weight":1.0,"played":[0.4511,0.1773,0.3716],"evs":[0.0,-0.72952,-0.46066]},"KJs":{"weight":1.0,"played":[0.4895,0.1086,0.4019],"evs":[0.0,-0.7642,-0.76624]},"KQs":{"weight":1.0,"played":[0.4377,0.2488,0.3136],"evs":[0.0,-0.29405,-0.34408]},"KK":{"weight":1.0,"played":[0.0,0.0018,0.9982],"evs":[0.0,14.58526,14.69282]},"AKo":{"weight":1.0,"played":[0.0044,0.2146,0.781],"evs":[0.0,1.66943,1.70297]},"A2s":{"weight":1.0,"played":[0.9995,1.0E-4,4.0E-4],"evs":[0.0,-4.59471,-4.92715]},"A3s":{"weight":1.0,"played":[0.9959,0.0041,1.0E-4],"evs":[0.0,-4.25004,-3.99304]},"A4s":{"weight":1.0,"played":[0.9999,0.0,1.0E-4],"evs":[0.0,-2.79227,-3.15478]},"A5s":{"weight":1.0,"played":[0.9849,0.0072,0.0079],"evs":[0.0,-1.05776,-1.22802]},"A6s":{"weight":1.0,"played":[1.0,0.0,0.0],"evs":[0.0,-4.04815,-4.67212]},"A7s":{"weight":1.0,"played":[0.9991,6.0E-4,3.0E-4],"evs":[0.0,-2.59221,-2.74238]},"A8s":{"weight":1.0,"played":[0.9995,1.0E-4,4.0E-4],"evs":[0.0,-2.98913,-3.41924]},"A9s":{"weight":1.0,"played":[0.9828,0.0093,0.0078],"evs":[0.0,-3.28522,-3.38795]},"ATs":{"weight":1.0,"played":[0.9583,4.0E-4,0.0413],"evs":[0.0,-1.09392,-0.99781]},"AJs":{"weight":1.0,"played":[0.2211,0.384,0.3949],"evs":[0.0,-0.26263,-0.14805]},"AQs":{"weight":1.0,"played":[0.7452,0.0285,0.2262],"evs":[0.0,-0.78544,-0.61037]},"AKs":{"weight":1.0,"played":[0.0249,0.4969,0.4783],"evs":[0.0,4.73729,4.74642]},"AA":{"weight":1.0,"played":[0.0,0.0433,0.9567],"evs":[0.0,20.70387,20.87958]}}}