{"player":2,"street":0,"children":2,"sequence":[{"player":0,"type":"F","amount":0,"street":0},{"player":1,"type":"R","amount":1585000,"street":0},{"player":2,"type":"C","amount":1585000,"street":0},{"player":3,"type":"C","amount":1585000,"street":0},{"player":4,"type":"C","amount":1035000,"street":0},{"player":5,"type":"R","amount":2235000,"street":0}],"actions":[{"type":"F","amount":0,"node":278},{"type":"C","amount":650000,"node":279}],"hands":{"22":{"weight":0.0,"played":[0.5585,0.4415],"evs":[0.0,5.36509]},"32o":{"weight":0.0,"played":[0.0691,0.9309],"evs":[0.0,3.21974]},"42o":{"weight":0.0,"played":[0.0044,0.9956],"evs":[0.0,1.23189]},"52o":{"weight":0.0,"played":[0.5529,0.4471],"evs":[0.0,2.53841]},"62o":{"weight":0.0,"played":[0.7016,0.2984],"evs":[0.0,-1.31776]},"72o":{"weight":0.0,"played":[0.0194,0.9806],"evs":[0.0,6.23847]},"82o":{"weight":0.0,"played":[0.5805,0.4195],"evs":[0.0,0.47637]},"92o":{"weight":0.0,"played":[0.8981,0.1019],"evs":[0.0,0.69289]},"T2o":{"weight":0.0,"played":[0.4385,0.5615],"evs":[0.0,1.06347]},"J2o":{"weight":0.0,"played":[0.4379,0.5621],"evs":[0.0,-2.22604]},"Q2o":{"weight":0.0,"played":[0.0048,0.9952],"evs":[0.0,2.46738]},"K2o":{"weight":0.0,"played":[0.0081,0.9919],"evs":[0.0,5.29622]},"A2o":{"weight":0.0,"played":[0.248,0.752],"evs":[0.0,3.03861]},"32s":{"weight":0.0,"played":[0.0752,0.9248],"evs":[0.0,2.10876]},"33":{"weight":0.0,"played":[0.0035,0.9965],"evs":[0.0,9.14584]},"43o":{"weight":0.0,"played":[0.1771,0.8229],"evs":[0.0,2.29704]},"53o":{"weight":0.0,"played":[0.2231,0.7769],"evs":[0.0,5.3712]},"63o":{"weight":0.0,"played":[0.3089,0.6911],"evs":[0.0,5.08234]},"73o":{"weight":0.0,"played":[0.0908,0.9092],"evs":[0.0,0.18122]},"83o":{"weight":0.0,"played":[0.5143,0.4857],"evs":[0.0,1.91702]},"93o":{"weight":0.0,"played":[0.0153,0.9847],"evs":[0.0,7.82916]},"T3o":{"weight":0.0,"played":[0.4858,0.5142],"evs":[0.0,0.46907]},"J3o":{"weight":0.0,"played":[0.357,0.643],"evs":[0.0,-0.87455]},"Q3o":{"weight":0.0,"played":[0.0225,0.9775],"evs":[0.0,2.04261]},"K3o":{"weight":0.0,"played":[0.0577,0.9423],"evs":[0.0,7.49463]},"A3o":{"weight":0.0,"played":[0.0212,0.9788],"evs":[0.0,4.20389]},"42s":{"weight":0.0,"played":[0.3775,0.6225],"evs":[0.0,-1.75976]},"43s":{"weight":0.0,"played":[0.1889,0.8111],"evs":[0.0,2.49758]},"44":{"weight":0.3701,"played":[0.01,0.99],"evs":[0.0,10.3864]},"54o":{"weight":0.0,"played":[0.2462,0.7538],"evs":[0.0,2.87478]},"64o":{"weight":0.0,"played":[0.0154,0.9846],"evs":[0.0,5.14955]},"74o":{"weight":0.0,"played":[0.0075,0.9925],"evs":[0.0,2.87134]},"84o":{"weight":0.0,"played":[0.0063,0.9937],"evs":[0.0,8.6542]},"94o":{"weight":0.0,"played":[0.0512,0.9488],"evs":[0.0,1.38521]},"T4o":{"weight":0.0,"played":[0.7563,0.2437],"evs":[0.0,1.21646]},"J4o":{"weight":0.0,"played":[0.0145,0.9855],"evs":[0.0,1.62893]},"Q4o":{"weight":0.0,"played":[0.304,0.696],"evs":[0.0,3.20238]},"K4o":{"weight":0.0,"played":[0.0983,0.9017],"evs":[0.0,0.25137]},"A4o":{"weight":0.0,"played":[0.1597,0.8403],"evs":[0.0,2.69932]},"52s":{"weight":0.0,"played":[0.9977,0.0023],"evs":[0.0,-4.76643]},"53s":{"weight":0.0,"played":[0.0,1.0],"evs":[0.0,3.87452]},"54s":{"weight":0.0,"played":[0.0094,0.9906],"evs":[0.0,8.68595]},"55":{"weight":0.5256,"played":[0.4638,0.5362],"evs":[0.0,1.45864]},"65o":{"weight":0.0,"played":[0.2625,0.7375],"evs":[0.0,1.36226]},"75o":{"weight":0.0,"played":[0.1344,0.8656],"evs":[0.0,8.2073]},"85o":{"weight":0.0,"played":[0.0252,0.9748],"evs":[0.0,5.81368]},"95o":{"weight":0.0,"played":[0.003,0.997],"evs":[0.0,2.3126]},"T5o":{"weight":0.0,"played":[0.8041,0.1959],"evs":[0.0,-4.04559]},"J5o":{"weight":0.0,"played":[7.0E-4,0.9993],"evs":[0.0,5.681]},"Q5o":{"weight":0.0,"played":[0.0049,0.9951],"evs":[0.0,4.30316]},"K5o":{"weight":0.0,"played":[0.3826,0.6174],"evs":[0.0,4.7038]},"A5o":{"weight":0.0,"played":[0.2189,0.7811],"evs":[0.0,1.76173]},"62s":{"weight":0.0,"played":[0.2201,0.7799],"evs":[0.0,14.2872]},"63s":{"weight":0.0,"played":[0.2993,0.7007],"evs":[0.0,14.69419]},"64s":{"weight":0.0,"played":[0.214,0.786],"evs":[0.0,6.47458]},"65s":{"weight":0.0,"played":[0.0901,0.9099],"evs":[0.0,12.46855]},"66":{"weight":0.4932,"played":[0.0093,0.9907],"evs":[0.0,7.66075]},"76o":{"weight":0.0,"played":[0.0235,0.9765],"evs":[0.0,4.75159]},"86o":{"weight":0.0,"played":[0.0,1.0],"evs":[0.0,8.12871]},"96o":{"weight":0.0,"played":[0.0131,0.9869],"evs":[0.0,4.3301]},"T6o":{"weight":0.0,"played":[0.0157,0.9843],"evs":[0.0,2.07583]},"J6o":{"weight":0.0,"played":[0.0072,0.9928],"evs":[0.0,1.96768]},"Q6o":{"weight":0.0,"played":[0.0475,0.9525],"evs":[0.0,0.89934]},"K6o":{"weight":0.0,"played":[4.0E-4,0.9996],"evs":[0.0,7.65042]},"A6o":{"weight":0.0,"played":[0.2177,0.7823],"evs":[0.0,1.54493]},"72s":{"weight":0.0,"played":[0.1264,0.8736],"evs":[0.0,4.9379]},"73s":{"weight":0.0,"played":[0.0178,0.9822],"evs":[0.0,8.53576]},"74s":{"weight":0.0,"played":[0.0,1.0],"evs":[0.0,12.00169]},"75s":{"weight":0.0,"played":[0.5501,0.4499],"evs":[0.0,3.25826]},"76s":{"weight":0.0,"played":[0.3213,0.6787],"evs":[0.0,7.90203]},"77":{"weight":0.2489,"played":[0.0,1.0],"evs":[0.0,12.22696]},"87o":{"weight":0.0,"played":[0.0581,0.9419],"evs":[0.0,5.51995]},"97o":{"weight":0.0,"played":[0.0564,0.9436],"evs":[0.0,3.21151]},"T7o":{"weight":0.0,"played":[0.0298,0.9702],"evs":[0.0,5.59678]},"J7o":{"weight":0.0,"played":[0.0719,0.9281],"evs":[0.0,8.61216]},"Q7o":{"weight":0.0,"played":[0.8377,0.1623],"evs":[0.0,-1.26122]},"K7o":{"weight":0.0,"played":[0.0029,0.9971],"evs":[0.0,5.3871]},"A7o":{"weight":0.0,"played":[0.0046,0.9954],"evs":[0.0,0.60184]},"82s":{"weight":0.0,"played":[0.6307,0.3693],"evs":[0.0,5.29102]},"83s":{"weight":0.0,"played":[0.0162,0.9838],"evs":[0.0,7.55693]},"84s":{"weight":0.0,"played":[0.8313,0.1687],"evs":[0.0,-1.72861]},"85s":{"weight":0.0,"played":[0.103,0.897],"evs":[0.0,18.20965]},"86s":{"weight":0.0,"played":[0.0086,0.9914],"evs":[0.0,7.6055]},"87s":{"weight":0.0,"played":[0.2541,0.7459],"evs":[0.0,5.23424]},"88":{"weight":0.1835,"played":[0.0042,0.9958],"evs":[0.0,13.92976]},"98o":{"weight":0.0,"played":[0.0018,0.9982],"evs":[0.0,1.76432]},"T8o":{"weight":0.0,"played":[0.0065,0.9935],"evs":[0.0,11.72598]},"J8o":{"weight":0.0,"played":[0.0,1.0],"evs":[0.0,4.4487]},"Q8o":{"weight":0.0,"played":[0.0347,0.9653],"evs":[0.0,1.34527]},"K8o":{"weight":0.0,"played":[0.0027,0.9973],"evs":[0.0,1.76393]},"A8o":{"weight":0.0,"played":[0.1001,0.8999],"evs":[0.0,3.33879]},"92s":{"weight":0.0,"played":[0.0521,0.9479],"evs":[0.0,1.22509]},"93s":{"weight":0.0,"played":[0.1179,0.8821],"evs":[0.0,5.87772]},"94s":{"weight":0.0,"played":[0.2262,0.7738],"evs":[0.0,5.48042]},"95s":{"weight":0.0,"played":[0.7551,0.2449],"evs":[0.0,9.74356]},"96s":{"weight":0.0,"played":[0.119,0.881],"evs":[0.0,0.0125]},"97s":{"weight":0.0,"played":[0.0212,0.9788],"evs":[0.0,12.3495]},"98s":{"weight":0.0,"played":[0.2652,0.7348],"evs":[0.0,7.34806]},"99":{"weight":0.5887,"played":[0.0142,0.9858],"evs":[0.0,6.22257]},"T9o":{"weight":0.0,"played":[0.0245,0.9755],"evs":[0.0,7.26917]},"J9o":{"weight":0.0,"played":[0.0016,0.9984],"evs":[0.0,5.61295]},"Q9o":{"weight":0.0,"played":[0.0302,0.9698],"evs":[0.0,7.59301]},"K9o":{"weight":0.0,"played":[0.0025,0.9975],"evs":[0.0,4.41602]},"A9o":{"weight":0.0,"played":[0.005,0.995],"evs":[0.0,6.97465]},"T2s":{"weight":0.0,"played":[0.0366,0.9634],"evs":[0.0,3.62146]},"T3s":{"weight":0.0,"played":[0.5612,0.4388],"evs":[0.0,1.69501]},"T4s":{"weight":0.0,"played":[0.1026,0.8974],"evs":[0.0,2.23364]},"T5s":{"weight":0.0,"played":[0.043,0.957],"evs":[0.0,8.1095]},"T6s":{"weight":0.0,"played":[0.2425,0.7575],"evs":[0.0,7.03835]},"T7s":{"weight":0.0,"played":[0.2071,0.7929],"evs":[0.0,3.35966]},"T8s":{"weight":0.0,"played":[0.169,0.831],"evs":[0.0,9.0586]},"T9s":{"weight":0.0,"played":[1.0E-4,0.9999],"evs":[0.0,12.33668]},"TT":{"weight":0.1159,"played":[0.0,1.0],"evs":[0.0,17.4972]},"JTo":{"weight":0.0,"played":[0.01,0.99],"evs":[0.0,7.40972]},"QTo":{"weight":0.0,"played":[0.0022,0.9978],"evs":[0.0,7.09704]},"KTo":{"weight":0.0,"played":[0.0027,0.9973],"evs":[0.0,6.6336]},"ATo":{"weight":0.6176,"played":[0.0,1.0],"evs":[0.0,9.42743]},"J2s":{"weight":0.0,"played":[0.3258,0.6742],"evs":[0.0,0.39122]},"J3s":{"weight":0.0,"played":[0.0072,0.9928],"evs":[0.0,9.7485]},"J4s":{"weight":0.0,"played":[0.0363,0.9637],"evs":[0.0,0.80182]},"J5s":{"weight":0.0,"played":[0.0469,0.9531],"evs":[0.0,3.38733]},"J6s":{"weight":0.0,"played":[0.0107,0.9893],"evs":[0.0,7.43777]},"J7s":{"weight":0.0,"played":[0.1392,0.8608],"evs":[0.0,2.2116]},"J8s":{"weight":0.0,"played":[0.0476,0.9524],"evs":[0.0,16.4823]},"J9s":{"weight":0.0,"played":[0.0397,0.9603],"evs":[0.0,9.75842]},"JTs":{"weight":0.0,"played":[0.0357,0.9643],"evs":[0.0,9.80827]},"JJ":{"weight":0.4918,"played":[8.0E-4,0.9992],"evs":[0.0,18.14835]},"QJo":{"weight":0.0,"played":[0.0201,0.9799],"evs":[0.0,5.05484]},"KJo":{"weight":0.0,"played":[3.0E-4,0.9997],"evs":[0.0,9.7658]},"AJo":{"weight":0.305,"played":[0.0084,0.9916],"evs":[0.0,7.97996]},"Q2s":{"weight":0.0,"played":[0.0144,0.9856],"evs":[0.0,0.73458]},"Q3s":{"weight":0.0,"played":[0.9438,0.0562],"evs":[0.0,-1.01041]},"Q4s":{"weight":0.0,"played":[0.7521,0.2479],"evs":[0.0,-0.70354]},"Q5s":{"weight":0.0,"played":[0.5672,0.4328],"evs":[0.0,-0.35321]},"Q6s":{"weight":0.0,"played":[0.2927,0.7073],"evs":[0.0,10.94497]},"Q7s":{"weight":0.0,"played":[0.0788,0.9212],"evs":[0.0,10.75319]},"Q8s":{"weight":0.0,"played":[0.0536,0.9464],"evs":[0.0,4.86269]},"Q9s":{"weight":0.0,"played":[0.1417,0.8583],"evs":[0.0,3.70971]},"QTs":{"weight":0.0,"played":[0.1849,0.8151],"evs":[0.0,7.59627]},"QJs":{"weight":1.0E-4,"played":[0.0,1.0],"evs":[0.0,0.7939]},"QQ":{"weight":0.5831,"played":[0.0,1.0],"evs":[0.0,29.18914]},"KQo":{"weight":0.0,"played":[2.0E-4,0.9998],"evs":[0.0,3.60144]},"AQo":{"weight":0.4089,"played":[0.0179,0.9821],"evs":[0.0,10.10754]},"K2s":{"weight":0.0,"played":[0.0,1.0],"evs":[0.0,10.83707]},"K3s":{"weight":0.0,"played":[0.0815,0.9185],"evs":[0.0,4.49273]},"K4s":{"weight":0.0,"played":[0.0481,0.9519],"evs":[0.0,9.24344]},"K5s":{"weight":0.0,"played":[0.0727,0.9273],"evs":[0.0,11.47966]},"K6s":{"weight":0.0,"played":[0.004,0.996],"evs":[0.0,6.37851]},"K7s":{"weight":0.0,"played":[0.0054,0.9946],"evs":[0.0,12.21174]},"K8s":{"weight":0.0,"played":[0.0053,0.9947],"evs":[0.0,9.87105]},"K9s":{"weight":0.0,"played":[0.336,0.664],"evs":[0.0,-1.58049]},"KTs":{"weight":0.0025,"played":[6.0E-4,0.9994],"evs":[0.0,16.18558]},"KJs":{"weight":0.438,"played":[0.0,1.0],"evs":[0.0,9.99559]},"KQs":{"weight":0.3113,"played":[0.0058,0.9942],"evs":[0.0,2.73634]},"KK":{"weight":0.7384,"played":[0.0,1.0],"evs":[0.0,28.25725]},"AKo":{"weight":0.1974,"played":[0.0022,0.9978],"evs":[0.0,17.42233]},"A2s":{"weight":0.0,"played":[0.0125,0.9875],"evs":[0.0,10.84797]},"A3s":{"weight":0.0,"played":[0.3338,0.6662],"evs":[0.0,12.93006]},"A4s":{"weight":0.0,"played":[0.0533,0.9467],"evs":[0.0,12.88953]},"A5s":{"weight":0.0,"played":[0.0935,0.9065],"evs":[0.0,5.4901]},"A6s":{"weight":0.0,"played":[0.0247,0.9753],"evs":[0.0,10.34948]},"A7s":{"weight":0.0,"played":[0.0064,0.9936],"evs":[0.0,5.60722]},"A8s":{"weight":0.0,"played":[0.0293,0.9707],"evs":[0.0,9.46234]},"A9s":{"weight":0.4641,"played":[0.003,0.997],"evs":[0.0,13.71366]},"ATs":{"weight":0.1655,"played":[0.0085,0.9915],"evs":[0.0,13.40203]},"AJs":{"weight":0.1245,"played":[0.0197,0.9803],"evs":[0.0,6.32012]},"AQs":{"weight":0.8312,"played":[0.0202,0.9798],"evs":[0.0,13.52609]},"AKs":{"weight":0.6606,"played":[0.0,1.0],"evs":[0.0,13.82587]},"AA":{"weight":0.598,"played":[1.0E-4,0.9999],"evs":[0.0,40.16324]}}}