{"player":3,"street":0,"children":2,"sequence":[{"player":0,"type":"F","amount":0,"street":0},{"player":1,"type":"R","amount":1585000,"street":0},{"player":2,"type":"C","amount":1585000,"street":0},{"player":3,"type":"C","amount":1585000,"street":0},{"player":4,"type":"C","amount":1035000,"street":0},{"player":5,"type":"R","amount":2235000,"street":0},{"player":2,"type":"F","amount":0,"street":0}],"actions":[{"type":"F","amount":0},{"type":"C","amount":650000}],"hands":{"22":{"weight":0.0,"played":[0.0,1.0],"evs":[0.0,24.62192]},"32o":{"weight":0.0,"played":[0.0172,0.9828],"evs":[0.0,12.2873]},"42o":{"weight":0.0,"played":[0.5195,0.4805],"evs":[0.0,4.88166]},"52o":{"weight":0.0,"played":[0.3635,0.6365],"evs":[0.0,13.94737]},"62o":{"weight":0.0,"played":[0.111,0.889],"evs":[0.0,2.10933]},"72o":{"weight":0.0,"played":[0.0284,0.9716],"evs":[0.0,11.79596]},"82o":{"weight":0.0,"played":[0.002,0.998],"evs":[0.0,16.22599]},"92o":{"weight":0.0,"played":[0.0485,0.9515],"evs":[0.0,-0.38764]},"T2o":{"weight":0.0,"played":[0.0797,0.9203],"evs":[0.0,7.04243]},"J2o":{"weight":0.0,"played":[0.0271,0.9729],"evs":[0.0,5.78008]},"Q2o":{"weight":0.0,"played":[0.0288,0.9712],"evs":[0.0,12.17603]},"K2o":{"weight":0.0,"played":[0.0103,0.9897],"evs":[0.0,5.28436]},"A2o":{"weight":0.0,"played":[0.0,1.0],"evs":[0.0,12.11908]},"32s":{"weight":0.0,"played":[0.0097,0.9903],"evs":[0.0,20.28677]},"33":{"weight":0.0,"played":[0.08,0.92],"evs":[0.0,13.5792]},"43o":{"weight":0.0,"played":[0.279,0.721],"evs":[0.0,5.79867]},"53o":{"weight":0.0,"played":[0.0019,0.9981],"evs":[0.0,19.87301]},"63o":{"weight":0.0,"played":[0.0209,0.9791],"evs":[0.0,9.77732]},"73o":{"weight":0.0,"played":[0.2117,0.7883],"evs":[0.0,4.36532]},"83o":{"weight":0.0,"played":[0.0215,0.9785],"evs":[0.0,9.62426]},"93o":{"weight":0.0,"played":[0.0484,0.9516],"evs":[0.0,10.8074]},"T3o":{"weight":0.0,"played":[0.0207,0.9793],"evs":[0.0,1.71499]},"J3o":{"weight":0.0,"played":[2.0E-4,0.9998],"evs":[0.0,5.11916]},"Q3o":{"weight":0.0,"played":[0.0612,0.9388],"evs":[0.0,11.19463]},"K3o":{"weight":0.0,"played":[0.0248,0.9752],"evs":[0.0,8.21653]},"A3o":{"weight":0.0,"played":[0.041,0.959],"evs":[0.0,14.28951]},"42s":{"weight":0.0,"played":[0.2104,0.7896],"evs":[0.0,14.34165]},"43s":{"weight":0.0,"played":[0.0,1.0],"evs":[0.0,16.77745]},"44":{"weight":0.0,"played":[0.0,1.0],"evs":[0.0,16.24912]},"54o":{"weight":0.0,"played":[0.1003,0.8997],"evs":[0.0,2.82909]},"64o":{"weight":0.0,"played":[0.0277,0.9723],"evs":[0.0,8.55563]},"74o":{"weight":0.0,"played":[0.1474,0.8526],"evs":[0.0,6.22464]},"84o":{"weight":0.0,"played":[0.1258,0.8742],"evs":[0.0,9.81071]},"94o":{"weight":0.0,"played":[0.0823,0.9177],"evs":[0.0,20.95016]},"T4o":{"weight":0.0,"played":[0.1543,0.8457],"evs":[0.0,5.53458]},"J4o":{"weight":0.0,"played":[0.0097,0.9903],"evs":[0.0,13.34268]},"Q4o":{"weight":0.0,"played":[0.0,1.0],"evs":[0.0,29.24906]},"K4o":{"weight":0.0,"played":[0.0,1.0],"evs":[0.0,26.99129]},"A4o":{"weight":0.0,"played":[0.6115,0.3885],"evs":[0.0,9.23388]},"52s":{"weight":0.0,"played":[0.0867,0.9133],"evs":[0.0,12.78878]},"53s":{"weight":0.0,"played":[0.1713,0.8287],"evs":[0.0,4.0714]},"54s":{"weight":0.0,"played":[0.0,1.0],"evs":[0.0,19.59724]},"55":{"weight":0.0,"played":[0.0,1.0],"evs":[0.0,9.23324]},"65o":{"weight":0.0,"played":[0.3131,0.6869],"evs":[0.0,1.43757]},"75o":{"weight":0.0,"played":[0.5241,0.4759],"evs":[0.0,2.68082]},"85o":{"weight":0.0,"played":[0.0,1.0],"evs":[0.0,17.05309]},"95o":{"weight":0.0,"played":[0.0,1.0],"evs":[0.0,1.76036]},"T5o":{"weight":0.0,"played":[0.0,1.0],"evs":[0.0,6.3755]},"J5o":{"weight":0.0,"played":[0.0382,0.9618],"evs":[0.0,9.5957]},"Q5o":{"weight":0.0,"played":[0.0676,0.9324],"evs":[0.0,4.4111]},"K5o":{"weight":0.0,"played":[0.0519,0.9481],"evs":[0.0,6.28383]},"A5o":{"weight":0.0,"played":[0.2134,0.7866],"evs":[0.0,10.5618]},"62s":{"weight":0.0,"played":[0.0632,0.9368],"evs":[0.0,13.09497]},"63s":{"weight":0.0,"played":[0.0,1.0],"evs":[0.0,6.5587]},"64s":{"weight":0.0,"played":[1.0,0.0],"evs":[0.0,9.08042]},"65s":{"weight":0.0,"played":[0.0447,0.9553],"evs":[0.0,8.12111]},"66":{"weight":0.0065,"played":[0.0,1.0],"evs":[0.0,18.96652]},"76o":{"weight":0.0,"played":[0.0068,0.9932],"evs":[0.0,8.34327]},"86o":{"weight":0.0,"played":[0.0402,0.9598],"evs":[0.0,18.57349]},"96o":{"weight":0.0,"played":[0.0063,0.9937],"evs":[0.0,11.9184]},"T6o":{"weight":0.0,"played":[0.0091,0.9909],"evs":[0.0,9.79366]},"J6o":{"weight":0.0,"played":[0.0,1.0],"evs":[0.0,3.42756]},"Q6o":{"weight":0.0,"played":[0.0,1.0],"evs":[0.0,17.08024]},"K6o":{"weight":0.0,"played":[0.0,1.0],"evs":[0.0,15.02515]},"A6o":{"weight":0.0,"played":[0.36,0.64],"evs":[0.0,22.57673]},"72s":{"weight":0.0,"played":[0.3304,0.6696],"evs":[0.0,1.51754]},"73s":{"weight":0.0,"played":[0.2525,0.7475],"evs":[0.0,20.22914]},"74s":{"weight":0.0,"played":[0.0,1.0],"evs":[0.0,5.4429]},"75s":{"weight":0.0,"played":[0.4034,0.5966],"evs":[0.0,-2.76607]},"76s":{"weight":0.0,"played":[0.2655,0.7345],"evs":[0.0,18.93424]},"77":{"weight":0.0033,"played":[1.0E-4,0.9999],"evs":[0.0,15.81673]},"87o":{"weight":0.0,"played":[0.0062,0.9938],"evs":[0.0,4.65924]},"97o":{"weight":0.0,"played":[0.0317,0.9683],"evs":[0.0,5.18402]},"T7o":{"weight":0.0,"played":[0.0,1.0],"evs":[0.0,17.43929]},"J7o":{"weight":0.0,"played":[0.0354,0.9646],"evs":[0.0,8.70874]},"Q7o":{"weight":0.0,"played":[0.0259,0.9741],"evs":[0.0,3.79657]},"K7o":{"weight":0.0,"played":[0.0244,0.9756],"evs":[0.0,11.14152]},"A7o":{"weight":0.0,"played":[0.0,1.0],"evs":[0.0,26.68356]},"82s":{"weight":0.0,"played":[0.0,1.0],"evs":[0.0,21.89483]},"83s":{"weight":0.0,"played":[0.0,1.0],"evs":[0.0,4.14447]},"84s":{"weight":0.0,"played":[0.0,1.0],"evs":[0.0,14.72545]},"85s":{"weight":0.0,"played":[0.3698,0.6302],"evs":[0.0,8.66046]},"86s":{"weight":0.0,"played":[7.0E-4,0.9993],"evs":[0.0,17.0969]},"87s":{"weight":1.0E-4,"played":[0.0208,0.9792],"evs":[0.0,7.20016]},"88":{"weight":0.0026,"played":[0.0,1.0],"evs":[0.0,20.68737]},"98o":{"weight":0.0,"played":[7.0E-4,0.9993],"evs":[0.0,26.21156]},"T8o":{"weight":0.0,"played":[0.0123,0.9877],"evs":[0.0,23.26668]},"J8o":{"weight":0.0,"played":[0.3248,0.6752],"evs":[0.0,0.04069]},"Q8o":{"weight":0.0,"played":[0.006,0.994],"evs":[0.0,18.07815]},"K8o":{"weight":0.0,"played":[0.0,1.0],"evs":[0.0,9.29523]},"A8o":{"weight":0.0,"played":[0.0199,0.9801],"evs":[0.0,30.11137]},"92s":{"weight":0.0,"played":[0.0,1.0],"evs":[0.0,17.79405]},"93s":{"weight":0.0,"played":[0.2217,0.7783],"evs":[0.0,13.6474]},"94s":{"weight":0.0,"played":[0.2292,0.7708],"evs":[0.0,8.66205]},"95s":{"weight":0.0,"played":[0.0,1.0],"evs":[0.0,13.10323]},"96s":{"weight":0.0,"played":[0.2738,0.7262],"evs":[0.0,9.75887]},"97s":{"weight":0.0,"played":[0.1068,0.8932],"evs":[0.0,6.08004]},"98s":{"weight":0.0,"played":[0.0887,0.9113],"evs":[0.0,28.6597]},"99":{"weight":0.0616,"played":[0.0169,0.9831],"evs":[0.0,19.87007]},"T9o":{"weight":0.0,"played":[0.0215,0.9785],"evs":[0.0,29.39526]},"J9o":{"weight":0.0,"played":[0.0031,0.9969],"evs":[0.0,8.44562]},"Q9o":{"weight":0.0,"played":[0.0,1.0],"evs":[0.0,25.66873]},"K9o":{"weight":0.0,"played":[0.1034,0.8966],"evs":[0.0,20.18926]},"A9o":{"weight":0.0,"played":[0.0485,0.9515],"evs":[0.0,13.91344]},"T2s":{"weight":0.0,"played":[0.5448,0.4552],"evs":[0.0,-1.18315]},"T3s":{"weight":0.0,"played":[0.0077,0.9923],"evs":[0.0,36.10495]},"T4s":{"weight":0.0,"played":[0.1244,0.8756],"evs":[0.0,12.42285]},"T5s":{"weight":0.0,"played":[1.0,0.0],"evs":[0.0,-1.75201]},"T6s":{"weight":0.0,"played":[0.2779,0.7221],"evs":[0.0,14.19684]},"T7s":{"weight":0.0,"played":[0.0037,0.9963],"evs":[0.0,27.04825]},"T8s":{"weight":0.0,"played":[0.1714,0.8286],"evs":[0.0,6.44584]},"T9s":{"weight":0.0,"played":[0.3539,0.6461],"evs":[0.0,22.12883]},"TT":{"weight":0.0067,"played":[0.0,1.0],"evs":[0.0,17.23622]},"JTo":{"weight":0.0,"played":[0.0,1.0],"evs":[0.0,16.15457]},"QTo":{"weight":0.0,"played":[0.008,0.992],"evs":[0.0,15.41633]},"KTo":{"weight":0.0,"played":[0.0,1.0],"evs":[0.0,13.10092]},"ATo":{"weight":0.0,"played":[0.0063,0.9937],"evs":[0.0,20.27509]},"J2s":{"weight":0.0,"played":[0.9862,0.0138],"evs":[0.0,-3.63573]},"J3s":{"weight":0.0,"played":[0.0,1.0],"evs":[0.0,25.63914]},"J4s":{"weight":0.0,"played":[0.1055,0.8945],"evs":[0.0,11.98079]},"J5s":{"weight":0.0,"played":[0.0,1.0],"evs":[0.0,13.11813]},"J6s":{"weight":0.0,"played":[0.1474,0.8526],"evs":[0.0,18.56782]},"J7s":{"weight":0.0,"played":[0.5586,0.4414],"evs":[0.0,-1.46112]},"J8s":{"weight":4.0E-4,"played":[0.0033,0.9967],"evs":[0.0,2.38179]},"J9s":{"weight":0.0,"played":[0.0,1.0],"evs":[0.0,8.28339]},"JTs":{"weight":0.0,"played":[0.0421,0.9579],"evs":[0.0,19.58917]},"JJ":{"weight":0.009,"played":[0.0105,0.9895],"evs":[0.0,20.34398]},"QJo":{"weight":0.0,"played":[0.0218,0.9782],"evs":[0.0,26.45846]},"KJo":{"weight":0.0,"played":[0.011,0.989],"evs":[0.0,13.33373]},"AJo":{"weight":0.0,"played":[0.1304,0.8696],"evs":[0.0,19.67102]},"Q2s":{"weight":0.0,"played":[0.9476,0.0524],"evs":[0.0,-4.52476]},"Q3s":{"weight":0.0,"played":[0.001,0.999],"evs":[0.0,45.5633]},"Q4s":{"weight":0.0,"played":[0.0,1.0],"evs":[0.0,10.9375]},"Q5s":{"weight":0.0,"played":[0.7041,0.2959],"evs":[0.0,7.40094]},"Q6s":{"weight":0.0,"played":[0.3002,0.6998],"evs":[0.0,13.68084]},"Q7s":{"weight":0.0,"played":[0.0016,0.9984],"evs":[0.0,15.53574]},"Q8s":{"weight":1.0E-4,"played":[0.3427,0.6573],"evs":[0.0,10.48017]},"Q9s":{"weight":3.0E-4,"played":[0.0,1.0],"evs":[0.0,30.44281]},"QTs":{"weight":9.0E-4,"played":[0.1285,0.8715],"evs":[0.0,18.02063]},"QJs":{"weight":0.001,"played":[0.1568,0.8432],"evs":[0.0,30.50117]},"QQ":{"weight":5.0E-4,"played":[0.0,1.0],"evs":[0.0,30.50465]},"KQo":{"weight":0.0,"played":[0.0,1.0],"evs":[0.0,11.25055]},"AQo":{"weight":0.0013,"played":[0.0524,0.9476],"evs":[0.0,13.60645]},"K2s":{"weight":0.0,"played":[0.2489,0.7511],"evs":[0.0,28.18484]},"K3s":{"weight":0.0,"played":[0.0264,0.9736],"evs":[0.0,16.58742]},"K4s":{"weight":0.0,"played":[0.2088,0.7912],"evs":[0.0,24.09866]},"K5s":{"weight":0.0,"played":[0.118,0.882],"evs":[0.0,34.82887]},"K6s":{"weight":0.0,"played":[0.2812,0.7188],"evs":[0.0,17.92801]},"K7s":{"weight":0.0,"played":[0.177,0.823],"evs":[0.0,1.89293]},"K8s":{"weight":0.0,"played":[0.2273,0.7727],"evs":[0.0,19.99606]},"K9s":{"weight":0.0011,"played":[0.0,1.0],"evs":[0.0,18.99955]},"KTs":{"weight":0.0116,"played":[0.2081,0.7919],"evs":[0.0,18.01831]},"KJs":{"weight":0.0012,"played":[0.2914,0.7086],"evs":[0.0,16.86792]},"KQs":{"weight":0.0033,"played":[0.332,0.668],"evs":[0.0,32.5876]},"KK":{"weight":0.1197,"played":[0.0234,0.9766],"evs":[0.0,38.62784]},"AKo":{"weight":0.0,"played":[0.0123,0.9877],"evs":[0.0,35.86175]},"A2s":{"weight":0.0,"played":[0.6401,0.3599],"evs":[0.0,-3.36993]},"A3s":{"weight":0.0,"played":[0.1955,0.8045],"evs":[0.0,42.95134]},"A4s":{"weight":0.0,"played":[0.0442,0.9558],"evs":[0.0,12.52872]},"A5s":{"weight":0.0,"played":[0.3701,0.6299],"evs":[0.0,1.91843]},"A6s":{"weight":0.0,"played":[0.2973,0.7027],"evs":[0.0,15.4917]},"A7s":{"weight":0.0,"played":[0.6528,0.3472],"evs":[0.0,-1.74937]},"A8s":{"weight":0.0,"played":[0.0581,0.9419],"evs":[0.0,14.76093]},"A9s":{"weight":1.0E-4,"played":[0.0,1.0],"evs":[0.0,24.72604]},"ATs":{"weight":0.0,"played":[0.1993,0.8007],"evs":[0.0,1.58609]},"AJs":{"weight":0.3464,"played":[0.0803,0.9197],"evs":[0.0,16.38028]},"AQs":{"weight":0.0328,"played":[0.0015,0.9985],"evs":[0.0,19.52573]},"AKs":{"weight":0.0033,"played":[0.2909,0.7091],"evs":[0.0,26.9675]},"AA":{"weight":0.0,"played":[0.2147,0.7853],"evs":[0.0,24.12144]}}}