{"player":4,"street":0,"children":2,"sequence":[{"player":0,"type":"F","amount":0,"street":0},{"player":1,"type":"R","amount":1585000,"street":0},{"player":2,"type":"C","amount":1585000,"street":0},{"player":3,"type":"R","amount":2985000,"street":0}],"actions":[{"type":"F","amount":0,"node":281},{"type":"C","amount":1035000,"node":284}],"hands":{"22":{"weight":1.0,"played":[0.9987,0.0013],"evs":[0.0,-1.9237]},"32o":{"weight":1.0,"played":[1.0,0.0],"evs":[0.0,-3.27575]},"42o":{"weight":1.0,"played":[1.0,0.0],"evs":[0.0,-3.46601]},"52o":{"weight":1.0,"played":[1.0,0.0],"evs":[0.0,-2.65623]},"62o":{"weight":1.0,"played":[1.0,0.0],"evs":[0.0,-3.29653]},"72o":{"weight":1.0,"played":[1.0,0.0],"evs":[0.0,-4.1034]},"82o":{"weight":1.0,"played":[1.0,0.0],"evs":[0.0,-3.45605]},"92o":{"weight":1.0,"played":[1.0,0.0],"evs":[0.0,-3.84565]},"T2o":{"weight":1.0,"played":[1.0,0.0],"evs":[0.0,-3.61985]},"J2o":{"weight":1.0,"played":[1.0,0.0],"evs":[0.0,-3.63248]},"Q2o":{"weight":1.0,"played":[1.0,0.0],"evs":[0.0,-3.87919]},"K2o":{"weight":1.0,"played":[1.0,0.0],"evs":[0.0,-3.03098]},"A2o":{"weight":1.0,"played":[1.0,0.0],"evs":[0.0,-3.7499]},"32s":{"weight":1.0,"played":[0.9997,3.0E-4],"evs":[0.0,-1.96539]},"33":{"weight":1.0,"played":[0.9989,0.0011],"evs":[0.0,-2.18001]},"43o":{"weight":1.0,"played":[0.9992,8.0E-4],"evs":[0.0,-2.73586]},"53o":{"weight":1.0,"played":[1.0,0.0],"evs":[0.0,-3.19324]},"63o":{"weight":1.0,"played":[1.0,0.0],"evs":[0.0,-2.8193]},"73o":{"weight":1.0,"played":[1.0,0.0],"evs":[0.0,-3.327]},"83o":{"weight":1.0,"played":[1.0,0.0],"evs":[0.0,-3.6005]},"93o":{"weight":1.0,"played":[1.0,0.0],"evs":[0.0,-3.4314]},"T3o":{"weight":1.0,"played":[0.9998,2.0E-4],"evs":[0.0,-3.77075]},"J3o":{"weight":1.0,"played":[1.0,0.0],"evs":[0.0,-3.12586]},"Q3o":{"weight":1.0,"played":[1.0,0.0],"evs":[0.0,-3.56633]},"K3o":{"weight":1.0,"played":[1.0,0.0],"evs":[0.0,-2.89361]},"A3o":{"weight":1.0,"played":[1.0,0.0],"evs":[0.0,-3.42201]},"42s":{"weight":1.0,"played":[0.9904,0.0096],"evs":[0.0,-1.77397]},"43s":{"weight":1.0,"played":[0.9915,0.0085],"evs":[0.0,-1.68631]},"44":{"weight":1.0,"played":[0.9987,0.0013],"evs":[0.0,-2.10334]},"54o":{"weight":1.0,"played":[0.9999,1.0E-4],"evs":[0.0,-2.04756]},"64o":{"weight":1.0,"played":[1.0,0.0],"evs":[0.0,-2.6427]},"74o":{"weight":1.0,"played":[0.9998,2.0E-4],"evs":[0.0,-2.62109]},"84o":{"weight":1.0,"played":[0.9992,8.0E-4],"evs":[0.0,-2.7962]},"94o":{"weight":1.0,"played":[0.9991,9.0E-4],"evs":[0.0,-3.3185]},"T4o":{"weight":1.0,"played":[1.0,0.0],"evs":[0.0,-3.46666]},"J4o":{"weight":1.0,"played":[1.0,0.0],"evs":[0.0,-3.45366]},"Q4o":{"weight":1.0,"played":[0.9999,1.0E-4],"evs":[0.0,-3.81601]},"K4o":{"weight":1.0,"played":[1.0,0.0],"evs":[0.0,-3.19015]},"A4o":{"weight":1.0,"played":[0.9999,1.0E-4],"evs":[0.0,-3.58667]},"52s":{"weight":1.0,"played":[0.9992,8.0E-4],"evs":[0.0,-1.33846]},"53s":{"weight":1.0,"played":[0.9975,0.0025],"evs":[0.0,-1.06193]},"54s":{"weight":1.0,"played":[0.9917,0.0083],"evs":[0.0,-1.11622]},"55":{"weight":1.0,"played":[0.9036,0.0964],"evs":[0.0,-0.45248]},"65o":{"weight":1.0,"played":[1.0,0.0],"evs":[0.0,-1.85367]},"75o":{"weight":1.0,"played":[0.9995,5.0E-4],"evs":[0.0,-2.1949]},"85o":{"weight":1.0,"played":[0.9999,1.0E-4],"evs":[0.0,-2.97605]},"95o":{"weight":1.0,"played":[1.0,0.0],"evs":[0.0,-2.84841]},"T5o":{"weight":1.0,"played":[0.9999,1.0E-4],"evs":[0.0,-3.21233]},"J5o":{"weight":1.0,"played":[1.0,0.0],"evs":[0.0,-3.23897]},"Q5o":{"weight":1.0,"played":[1.0,0.0],"evs":[0.0,-3.32302]},"K5o":{"weight":1.0,"played":[0.9997,3.0E-4],"evs":[0.0,-2.93236]},"A5o":{"weight":1.0,"played":[1.0,0.0],"evs":[0.0,-3.49786]},"62s":{"weight":1.0,"played":[1.0,0.0],"evs":[0.0,-2.00503]},"63s":{"weight":1.0,"played":[0.9915,0.0085],"evs":[0.0,-2.01539]},"64s":{"weight":1.0,"played":[0.9995,5.0E-4],"evs":[0.0,-1.95531]},"65s":{"weight":1.0,"played":[0.953,0.047],"evs":[0.0,-1.01447]},"66":{"weight":1.0,"played":[0.8369,0.1631],"evs":[0.0,-0.66258]},"76o":{"weight":1.0,"played":[0.9994,6.0E-4],"evs":[0.0,-1.83445]},"86o":{"weight":1.0,"played":[0.9996,4.0E-4],"evs":[0.0,-2.07714]},"96o":{"weight":1.0,"played":[0.9993,7.0E-4],"evs":[0.0,-2.53094]},"T6o":{"weight":1.0,"played":[1.0,0.0],"evs":[0.0,-3.1216]},"J6o":{"weight":1.0,"played":[1.0,0.0],"evs":[0.0,-2.76787]},"Q6o":{"weight":1.0,"played":[1.0,0.0],"evs":[0.0,-3.43249]},"K6o":{"weight":1.0,"played":[1.0,0.0],"evs":[0.0,-2.10539]},"A6o":{"weight":1.0,"played":[0.9999,1.0E-4],"evs":[0.0,-3.25807]},"72s":{"weight":1.0,"played":[0.9976,0.0024],"evs":[0.0,-2.49715]},"73s":{"weight":1.0,"played":[0.9997,3.0E-4],"evs":[0.0,-2.20839]},"74s":{"weight":1.0,"played":[0.9999,1.0E-4],"evs":[0.0,-1.91559]},"75s":{"weight":1.0,"played":[0.9996,4.0E-4],"evs":[0.0,-0.61845]},"76s":{"weight":1.0,"played":[0.9158,0.0842],"evs":[0.0,-1.42451]},"77":{"weight":1.0,"played":[0.1553,0.8447],"evs":[0.0,0.24581]},"87o":{"weight":1.0,"played":[0.9993,7.0E-4],"evs":[0.0,-2.00261]},"97o":{"weight":1.0,"played":[0.9986,0.0014],"evs":[0.0,-2.15318]},"T7o":{"weight":1.0,"played":[0.9999,1.0E-4],"evs":[0.0,-2.81065]},"J7o":{"weight":1.0,"played":[1.0,0.0],"evs":[0.0,-3.09764]},"Q7o":{"weight":1.0,"played":[1.0,0.0],"evs":[0.0,-3.53479]},"K7o":{"weight":1.0,"played":[0.9986,0.0014],"evs":[0.0,-2.54935]},"A7o":{"weight":1.0,"played":[0.9999,1.0E-4],"evs":[0.0,-3.58474]},"82s":{"weight":1.0,"played":[0.9982,0.0018],"evs":[0.0,-2.48407]},"83s":{"weight":1.0,"played":[0.9997,3.0E-4],"evs":[0.0,-2.40775]},"84s":{"weight":1.0,"played":[0.9993,7.0E-4],"evs":[0.0,-1.996]},"85s":{"weight":1.0,"played":[0.9953,0.0047],"evs":[0.0,-1.76271]},"86s":{"weight":1.0,"played":[0.9961,0.0039],"evs":[0.0,-0.73566]},"87s":{"weight":1.0,"played":[0.9811,0.0189],"evs":[0.0,-1.25017]},"88":{"weight":1.0,"played":[0.0562,0.9438],"evs":[0.0,0.3843]},"98o":{"weight":1.0,"played":[0.9994,6.0E-4],"evs":[0.0,-2.16241]},"T8o":{"weight":1.0,"played":[0.9999,1.0E-4],"evs":[0.0,-2.7895]},"J8o":{"weight":1.0,"played":[0.9999,1.0E-4],"evs":[0.0,-2.10648]},"Q8o":{"weight":1.0,"played":[0.9999,1.0E-4],"evs":[0.0,-3.02405]},"K8o":{"weight":1.0,"played":[0.9998,2.0E-4],"evs":[0.0,-2.63213]},"A8o":{"weight":1.0,"played":[0.9999,1.0E-4],"evs":[0.0,-3.56885]},"92s":{"weight":1.0,"played":[0.9999,1.0E-4],"evs":[0.0,-1.87535]},"93s":{"weight":1.0,"played":[0.999,0.001],"evs":[0.0,-1.964]},"94s":{"weight":1.0,"played":[0.9918,0.0082],"evs":[0.0,-2.25224]},"95s":{"weight":1.0,"played":[0.9996,4.0E-4],"evs":[0.0,-0.96625]},"96s":{"weight":1.0,"played":[0.9974,0.0026],"evs":[0.0,-0.64265]},"97s":{"weight":1.0,"played":[0.9994,6.0E-4],"evs":[0.0,-1.47568]},"98s":{"weight":1.0,"played":[0.9501,0.0499],"evs":[0.0,-0.65864]},"99":{"weight":1.0,"played":[0.001,0.999],"evs":[0.0,0.92441]},"T9o":{"weight":1.0,"played":[0.9996,4.0E-4],"evs":[0.0,-2.10827]},"J9o":{"weight":1.0,"played":[0.9994,6.0E-4],"evs":[0.0,-2.31167]},"Q9o":{"weight":1.0,"played":[0.9999,1.0E-4],"evs":[0.0,-2.19172]},"K9o":{"weight":1.0,"played":[0.9996,4.0E-4],"evs":[0.0,-2.09442]},"A9o":{"weight":1.0,"played":[0.9998,2.0E-4],"evs":[0.0,-3.38482]},"T2s":{"weight":1.0,"played":[1.0,0.0],"evs":[0.0,-2.86627]},"T3s":{"weight":1.0,"played":[0.9997,3.0E-4],"evs":[0.0,-2.54204]},"T4s":{"weight":1.0,"played":[0.9999,1.0E-4],"evs":[0.0,-2.61672]},"T5s":{"weight":1.0,"played":[0.9947,0.0053],"evs":[0.0,-2.25452]},"T6s":{"weight":1.0,"played":[0.9924,0.0076],"evs":[0.0,-2.3527]},"T7s":{"weight":1.0,"played":[0.9918,0.0082],"evs":[0.0,-2.27233]},"T8s":{"weight":1.0,"played":[0.9556,0.0444],"evs":[0.0,-1.10762]},"T9s":{"weight":1.0,"played":[0.9988,0.0012],"evs":[0.0,-1.21535]},"TT":{"weight":1.0,"played":[0.0168,0.9832],"evs":[0.0,1.45581]},"JTo":{"weight":1.0,"played":[1.0,0.0],"evs":[0.0,-1.97557]},"QTo":{"weight":1.0,"played":[0.9995,5.0E-4],"evs":[0.0,-2.66645]},"KTo":{"weight":1.0,"played":[0.9987,0.0013],"evs":[0.0,-1.88051]},"ATo":{"weight":1.0,"played":[0.9999,1.0E-4],"evs":[0.0,-2.49]},"J2s":{"weight":1.0,"played":[0.9988,0.0012],"evs":[0.0,-2.41281]},"J3s":{"weight":1.0,"played":[0.996,0.004],"evs":[0.0,-2.32454]},"J4s":{"weight":1.0,"played":[0.9991,9.0E-4],"evs":[0.0,-2.40425]},"J5s":{"weight":1.0,"played":[0.9976,0.0024],"evs":[0.0,-2.09144]},"J6s":{"weight":1.0,"played":[0.9997,3.0E-4],"evs":[0.0,-1.06637]},"J7s":{"weight":1.0,"played":[0.9917,0.0083],"evs":[0.0,-1.65779]},"J8s":{"weight":1.0,"played":[0.9597,0.0403],"evs":[0.0,-1.17172]},"J9s":{"weight":1.0,"played":[0.9989,0.0011],"evs":[0.0,-1.11645]},"JTs":{"weight":1.0,"played":[0.8171,0.1829],"evs":[0.0,-0.67129]},"JJ":{"weight":1.0,"played":[5.0E-4,0.9995],"evs":[0.0,2.51975]},"QJo":{"weight":1.0,"played":[0.9974,0.0026],"evs":[0.0,-1.80109]},"KJo":{"weight":1.0,"played":[0.9993,7.0E-4],"evs":[0.0,-1.69052]},"AJo":{"weight":1.0,"played":[0.9955,0.0045],"evs":[0.0,-2.00512]},"Q2s":{"weight":1.0,"played":[1.0,0.0],"evs":[0.0,-2.1064]},"Q3s":{"weight":1.0,"played":[0.9927,0.0073],"evs":[0.0,-2.48936]},"Q4s":{"weight":1.0,"played":[0.9967,0.0033],"evs":[0.0,-2.79172]},"Q5s":{"weight":1.0,"played":[0.9883,0.0117],"evs":[0.0,-1.90523]},"Q6s":{"weight":1.0,"played":[0.9851,0.0149],"evs":[0.0,-2.5322]},"Q7s":{"weight":1.0,"played":[0.9984,0.0016],"evs":[0.0,-2.07303]},"Q8s":{"weight":1.0,"played":[0.9911,0.0089],"evs":[0.0,-1.72776]},"Q9s":{"weight":1.0,"played":[0.9981,0.0019],"evs":[0.0,-0.72755]},"QTs":{"weight":1.0,"played":[0.9914,0.0086],"evs":[0.0,-0.74438]},"QJs":{"weight":1.0,"played":[0.8152,0.1848],"evs":[0.0,-0.99605]},"QQ":{"weight":1.0,"played":[0.0,1.0],"evs":[0.0,3.70115]},"KQo":{"weight":1.0,"played":[0.9968,0.0032],"evs":[0.0,-1.87851]},"AQo":{"weight":1.0,"played":[0.999,0.001],"evs":[0.0,-1.51763]},"K2s":{"weight":1.0,"played":[0.9866,0.0134],"evs":[0.0,-1.76704]},"K3s":{"weight":1.0,"played":[1.0,0.0],"evs":[0.0,-1.68239]},"K4s":{"weight":1.0,"played":[0.9998,2.0E-4],"evs":[0.0,-1.54035]},"K5s":{"weight":1.0,"played":[0.9967,0.0033],"evs":[0.0,-1.15237]},"K6s":{"weight":1.0,"played":[0.9999,1.0E-4],"evs":[0.0,-1.57893]},"K7s":{"weight":1.0,"played":[0.9823,0.0177],"evs":[0.0,-1.96174]},"K8s":{"weight":1.0,"played":[0.9964,0.0036],"evs":[0.0,-1.89717]},"K9s":{"weight":1.0,"played":[0.9559,0.0441],"evs":[0.0,-1.75759]},"KTs":{"weight":1.0,"played":[0.9737,0.0263],"evs":[0.0,-0.71878]},"KJs":{"weight":1.0,"played":[0.5552,0.4448],"evs":[0.0,0.20804]},"KQs":{"weight":1.0,"played":[0.9992,8.0E-4],"evs":[0.0,-0.58402]},"KK":{"weight":1.0,"played":[0.0,1.0],"evs":[0.0,7.09107]},"AKo":{"weight":1.0,"played":[0.2709,0.7291],"evs":[0.0,0.38719]},"A2s":{"weight":1.0,"played":[1.0,0.0],"evs":[0.0,-3.02842]},"A3s":{"weight":1.0,"played":[1.0,0.0],"evs":[0.0,-3.31379]},"A4s":{"weight":1.0,"played":[0.995,0.005],"evs":[0.0,-2.21459]},"A5s":{"weight":1.0,"played":[0.9956,0.0044],"evs":[0.0,-2.56306]},"A6s":{"weight":1.0,"played":[0.9996,4.0E-4],"evs":[0.0,-2.60624]},"A7s":{"weight":1.0,"played":[0.9978,0.0022],"evs":[0.0,-2.08795]},"A8s":{"weight":1.0,"played":[0.9717,0.0283],"evs":[0.0,-1.41995]},"A9s":{"weight":1.0,"played":[0.9998,2.0E-4],"evs":[0.0,-2.57608]},"ATs":{"weight":1.0,"played":[0.9812,0.0188],"evs":[0.0,-1.45946]},"AJs":{"weight":1.0,"played":[0.6051,0.3949],"evs":[0.0,-0.46796]},"AQs":{"weight":1.0,"played":[0.2128,0.7872],"evs":[0.0,0.19305]},"AKs":{"weight":1.0,"played":[0.0498,0.9502],"evs":[0.0,0.92838]},"AA":{"weight":1.0,"played":[0.0,1.0],"evs":[0.0,11.66409]}}}