{"player":5,"street":0,"children":2,"sequence":[{"player":0,"type":"F","amount":0,"street":0},{"player":1,"type":"R","amount":1585000,"street":0},{"player":2,"type":"C","amount":1585000,"street":0},{"player":3,"type":"R","amount":2985000,"street":0},{"player":4,"type":"F","amount":0,"street":0}],"actions":[{"type":"F","amount":0,"node":282},{"type":"C","amount":2135000,"node":283}],"hands":{"22":{"weight":1.0,"played":[1.0,0.0],"evs":[0.0,-4.14466]},"32o":{"weight":1.0,"played":[1.0,0.0],"evs":[0.0,-7.04929]},"42o":{"weight":1.0,"played":[1.0,0.0],"evs":[0.0,-6.97372]},"52o":{"weight":1.0,"played":[1.0,0.0],"evs":[0.0,-6.16481]},"62o":{"weight":1.0,"played":[1.0,0.0],"evs":[0.0,-7.05988]},"72o":{"weight":1.0,"played":[1.0,0.0],"evs":[0.0,-8.05984]},"82o":{"weight":1.0,"played":[1.0,0.0],"evs":[0.0,-7.72437]},"92o":{"weight":1.0,"played":[0.9998,2.0E-4],"evs":[0.0,-7.71787]},"T2o":{"weight":1.0,"played":[1.0,0.0],"evs":[0.0,-7.44155]},"J2o":{"weight":1.0,"played":[1.0,0.0],"evs":[0.0,-7.4123]},"Q2o":{"weight":1.0,"played":[0.9998,2.0E-4],"evs":[0.0,-8.19494]},"K2o":{"weight":1.0,"played":[1.0,0.0],"evs":[0.0,-6.71604]},"A2o":{"weight":1.0,"played":[1.0,0.0],"evs":[0.0,-6.77965]},"32s":{"weight":1.0,"played":[0.9998,2.0E-4],"evs":[0.0,-5.36925]},"33":{"weight":1.0,"played":[0.9994,6.0E-4],"evs":[0.0,-3.7092]},"43o":{"weight":1.0,"played":[1.0,0.0],"evs":[0.0,-6.2084]},"53o":{"weight":1.0,"played":[1.0,0.0],"evs":[0.0,-6.95141]},"63o":{"weight":1.0,"played":[1.0,0.0],"evs":[0.0,-6.63034]},"73o":{"weight":1.0,"played":[1.0,0.0],"evs":[0.0,-7.24129]},"83o":{"weight":1.0,"played":[1.0,0.0],"evs":[0.0,-7.3866]},"93o":{"weight":1.0,"played":[1.0,0.0],"evs":[0.0,-7.2585]},"T3o":{"weight":1.0,"played":[0.9999,1.0E-4],"evs":[0.0,-8.44766]},"J3o":{"weight":1.0,"played":[0.9996,4.0E-4],"evs":[0.0,-6.33458]},"Q3o":{"weight":1.0,"played":[0.9999,1.0E-4],"evs":[0.0,-7.83386]},"K3o":{"weight":1.0,"played":[1.0,0.0],"evs":[0.0,-6.50035]},"A3o":{"weight":1.0,"played":[1.0,0.0],"evs":[0.0,-7.94567]},"42s":{"weight":1.0,"played":[0.9951,0.0049],"evs":[0.0,-4.29886]},"43s":{"weight":1.0,"played":[0.9767,0.0233],"evs":[0.0,-4.02486]},"44":{"weight":1.0,"played":[0.9991,9.0E-4],"evs":[0.0,-3.90747]},"54o":{"weight":1.0,"played":[0.9999,1.0E-4],"evs":[0.0,-5.87278]},"64o":{"weight":1.0,"played":[1.0,0.0],"evs":[0.0,-5.29785]},"74o":{"weight":1.0,"played":[0.9999,1.0E-4],"evs":[0.0,-6.61125]},"84o":{"weight":1.0,"played":[1.0,0.0],"evs":[0.0,-6.54351]},"94o":{"weight":1.0,"played":[1.0,0.0],"evs":[0.0,-7.10908]},"T4o":{"weight":1.0,"played":[1.0,0.0],"evs":[0.0,-6.82111]},"J4o":{"weight":1.0,"played":[1.0,0.0],"evs":[0.0,-6.66072]},"Q4o":{"weight":1.0,"played":[0.9996,4.0E-4],"evs":[0.0,-6.70757]},"K4o":{"weight":1.0,"played":[0.9999,1.0E-4],"evs":[0.0,-6.29251]},"A4o":{"weight":1.0,"played":[0.9999,1.0E-4],"evs":[0.0,-7.68725]},"52s":{"weight":1.0,"played":[0.9988,0.0012],"evs":[0.0,-4.953]},"53s":{"weight":1.0,"played":[1.0,0.0],"evs":[0.0,-3.4831]},"54s":{"weight":1.0,"played":[0.9763,0.0237],"evs":[0.0,-3.16279]},"55":{"weight":1.0,"played":[0.9997,3.0E-4],"evs":[0.0,-2.77319]},"65o":{"weight":1.0,"played":[0.9999,1.0E-4],"evs":[0.0,-4.96706]},"75o":{"weight":1.0,"played":[0.9999,1.0E-4],"evs":[0.0,-4.99043]},"85o":{"weight":1.0,"played":[1.0,0.0],"evs":[0.0,-6.11975]},"95o":{"weight":1.0,"played":[1.0,0.0],"evs":[0.0,-6.34925]},"T5o":{"weight":1.0,"played":[0.9998,2.0E-4],"evs":[0.0,-7.12865]},"J5o":{"weight":1.0,"played":[0.9998,2.0E-4],"evs":[0.0,-5.87886]},"Q5o":{"weight":1.0,"played":[1.0,0.0],"evs":[0.0,-7.74963]},"K5o":{"weight":1.0,"played":[0.9999,1.0E-4],"evs":[0.0,-6.89363]},"A5o":{"weight":1.0,"played":[0.9998,2.0E-4],"evs":[0.0,-6.81102]},"62s":{"weight":1.0,"played":[0.9999,1.0E-4],"evs":[0.0,-4.59596]},"63s":{"weight":1.0,"played":[0.9999,1.0E-4],"evs":[0.0,-5.49626]},"64s":{"weight":1.0,"played":[0.9891,0.0109],"evs":[0.0,-2.30958]},"65s":{"weight":1.0,"played":[1.0,0.0],"evs":[0.0,-2.56388]},"66":{"weight":1.0,"played":[0.9987,0.0013],"evs":[0.0,-2.34575]},"76o":{"weight":1.0,"played":[0.9997,3.0E-4],"evs":[0.0,-5.16981]},"86o":{"weight":1.0,"played":[1.0,0.0],"evs":[0.0,-4.71182]},"96o":{"weight":1.0,"played":[1.0,0.0],"evs":[0.0,-5.56603]},"T6o":{"weight":1.0,"played":[0.9994,6.0E-4],"evs":[0.0,-6.63228]},"J6o":{"weight":1.0,"played":[1.0,0.0],"evs":[0.0,-6.98114]},"Q6o":{"weight":1.0,"played":[0.9999,1.0E-4],"evs":[0.0,-6.81287]},"K6o":{"weight":1.0,"played":[1.0,0.0],"evs":[0.0,-6.54744]},"A6o":{"weight":1.0,"played":[0.9995,5.0E-4],"evs":[0.0,-7.57531]},"72s":{"weight":1.0,"played":[1.0,0.0],"evs":[0.0,-6.77529]},"73s":{"weight":1.0,"played":[0.9996,4.0E-4],"evs":[0.0,-5.35979]},"74s":{"weight":1.0,"played":[0.9848,0.0152],"evs":[0.0,-3.98164]},"75s":{"weight":1.0,"played":[0.9984,0.0016],"evs":[0.0,-3.3334]},"76s":{"weight":1.0,"played":[1.0,0.0],"evs":[0.0,-3.37489]},"77":{"weight":1.0,"played":[0.9636,0.0364],"evs":[0.0,-1.16244]},"87o":{"weight":1.0,"played":[0.9998,2.0E-4],"evs":[0.0,-5.35578]},"97o":{"weight":1.0,"played":[0.9998,2.0E-4],"evs":[0.0,-5.09912]},"T7o":{"weight":1.0,"played":[0.9999,1.0E-4],"evs":[0.0,-5.96701]},"J7o":{"weight":1.0,"played":[1.0,0.0],"evs":[0.0,-5.06936]},"Q7o":{"weight":1.0,"played":[1.0,0.0],"evs":[0.0,-6.6568]},"K7o":{"weight":1.0,"played":[0.9999,1.0E-4],"evs":[0.0,-6.02068]},"A7o":{"weight":1.0,"played":[1.0,0.0],"evs":[0.0,-7.43936]},"82s":{"weight":1.0,"played":[1.0,0.0],"evs":[0.0,-4.27372]},"83s":{"weight":1.0,"played":[0.9999,1.0E-4],"evs":[0.0,-5.83545]},"84s":{"weight":1.0,"played":[0.9973,0.0027],"evs":[0.0,-3.66298]},"85s":{"weight":1.0,"played":[0.9996,4.0E-4],"evs":[0.0,-1.60801]},"86s":{"weight":1.0,"played":[0.9973,0.0027],"evs":[0.0,-3.06316]},"87s":{"weight":1.0,"played":[0.9479,0.0521],"evs":[0.0,-2.53457]},"88":{"weight":1.0,"played":[0.4578,0.5422],"evs":[0.0,-0.42449]},"98o":{"weight":1.0,"played":[1.0,0.0],"evs":[0.0,-4.59031]},"T8o":{"weight":1.0,"played":[0.9993,7.0E-4],"evs":[0.0,-6.16866]},"J8o":{"weight":1.0,"played":[1.0,0.0],"evs":[0.0,-5.84405]},"Q8o":{"weight":1.0,"played":[1.0,0.0],"evs":[0.0,-6.31785]},"K8o":{"weight":1.0,"played":[1.0,0.0],"evs":[0.0,-5.21849]},"A8o":{"weight":1.0,"played":[1.0,0.0],"evs":[0.0,-6.74434]},"92s":{"weight":1.0,"played":[0.9999,1.0E-4],"evs":[0.0,-5.3169]},"93s":{"weight":1.0,"played":[0.9997,3.0E-4],"evs":[0.0,-5.24706]},"94s":{"weight":1.0,"played":[0.9998,2.0E-4],"evs":[0.0,-4.45639]},"95s":{"weight":1.0,"played":[0.9997,3.0E-4],"evs":[0.0,-4.95778]},"96s":{"weight":1.0,"played":[0.972,0.028],"evs":[0.0,-4.91853]},"97s":{"weight":1.0,"played":[0.9996,4.0E-4],"evs":[0.0,-1.76793]},"98s":{"weight":1.0,"played":[0.9987,0.0013],"evs":[0.0,-3.164]},"99":{"weight":1.0,"played":[0.8853,0.1147],"evs":[0.0,-1.18305]},"T9o":{"weight":1.0,"played":[1.0,0.0],"evs":[0.0,-4.10148]},"J9o":{"weight":1.0,"played":[0.9992,8.0E-4],"evs":[0.0,-4.38761]},"Q9o":{"weight":1.0,"played":[0.9997,3.0E-4],"evs":[0.0,-5.41744]},"K9o":{"weight":1.0,"played":[1.0,0.0],"evs":[0.0,-4.55779]},"A9o":{"weight":1.0,"played":[1.0,0.0],"evs":[0.0,-6.33275]},"T2s":{"weight":1.0,"played":[0.9962,0.0038],"evs":[0.0,-6.36763]},"T3s":{"weight":1.0,"played":[0.9999,1.0E-4],"evs":[0.0,-5.1225]},"T4s":{"weight":1.0,"played":[0.9999,1.0E-4],"evs":[0.0,-5.02841]},"T5s":{"weight":1.0,"played":[0.9994,6.0E-4],"evs":[0.0,-4.48334]},"T6s":{"weight":1.0,"played":[0.9643,0.0357],"evs":[0.0,-3.79646]},"T7s":{"weight":1.0,"played":[0.9797,0.0203],"evs":[0.0,-2.45801]},"T8s":{"weight":1.0,"played":[0.9997,3.0E-4],"evs":[0.0,-2.31055]},"T9s":{"weight":1.0,"played":[0.9867,0.0133],"evs":[0.0,-2.84111]},"TT":{"weight":1.0,"played":[1.0E-4,0.9999],"evs":[0.0,1.11122]},"JTo":{"weight":1.0,"played":[0.9997,3.0E-4],"evs":[0.0,-5.07649]},"QTo":{"weight":1.0,"played":[1.0,0.0],"evs":[0.0,-5.23422]},"KTo":{"weight":1.0,"played":[0.9999,1.0E-4],"evs":[0.0,-4.22177]},"ATo":{"weight":1.0,"played":[0.9999,1.0E-4],"evs":[0.0,-5.4401]},"J2s":{"weight":1.0,"played":[1.0,0.0],"evs":[0.0,-4.76647]},"J3s":{"weight":1.0,"played":[0.9999,1.0E-4],"evs":[0.0,-4.77312]},"J4s":{"weight":1.0,"played":[0.9991,9.0E-4],"evs":[0.0,-3.93984]},"J5s":{"weight":1.0,"played":[0.9993,7.0E-4],"evs":[0.0,-3.15604]},"J6s":{"weight":1.0,"played":[0.9981,0.0019],"evs":[0.0,-4.64461]},"J7s":{"weight":1.0,"played":[0.9972,0.0028],"evs":[0.0,-3.75306]},"J8s":{"weight":1.0,"played":[0.7882,0.2118],"evs":[0.0,-0.58273]},"J9s":{"weight":1.0,"played":[0.9752,0.0248],"evs":[0.0,-1.89108]},"JTs":{"weight":1.0,"played":[0.9809,0.0191],"evs":[0.0,-1.36848]},"JJ":{"weight":1.0,"played":[1.0E-4,0.9999],"evs":[0.0,5.37624]},"QJo":{"weight":1.0,"played":[0.9992,8.0E-4],"evs":[0.0,-4.3075]},"KJo":{"weight":1.0,"played":[0.9989,0.0011],"evs":[0.0,-2.78353]},"AJo":{"weight":1.0,"played":[0.9998,2.0E-4],"evs":[0.0,-4.37315]},"Q2s":{"weight":1.0,"played":[1.0,0.0],"evs":[0.0,-6.17066]},"Q3s":{"weight":1.0,"played":[0.9985,0.0015],"evs":[0.0,-6.36109]},"Q4s":{"weight":1.0,"played":[0.9921,0.0079],"evs":[0.0,-5.80823]},"Q5s":{"weight":1.0,"played":[0.999,0.001],"evs":[0.0,-5.73665]},"Q6s":{"weight":1.0,"played":[0.9999,1.0E-4],"evs":[0.0,-4.598]},"Q7s":{"weight":1.0,"played":[0.9976,0.0024],"evs":[0.0,-5.94479]},"Q8s":{"weight":1.0,"played":[0.989,0.011],"evs":[0.0,-3.20082]},"Q9s":{"weight":1.0,"played":[0.996,0.004],"evs":[0.0,-2.16906]},"QTs":{"weight":1.0,"played":[0.9968,0.0032],"evs":[0.0,-2.64841]},"QJs":{"weight":1.0,"played":[0.8254,0.1746],"evs":[0.0,-1.31032]},"QQ":{"weight":1.0,"played":[0.0,1.0],"evs":[0.0,8.89464]},"KQo":{"weight":1.0,"played":[0.9977,0.0023],"evs":[0.0,-3.19641]},"AQo":{"weight":1.0,"played":[0.9961,0.0039],"evs":[0.0,-2.73248]},"K2s":{"weight":1.0,"played":[0.9873,0.0127],"evs":[0.0,-2.12694]},"K3s":{"weight":1.0,"played":[0.9956,0.0044],"evs":[0.0,-3.61541]},"K4s":{"weight":1.0,"played":[0.9965,0.0035],"evs":[0.0,-4.21264]},"K5s":{"weight":1.0,"played":[0.9982,0.0018],"evs":[0.0,-3.6676]},"K6s":{"weight":1.0,"played":[0.9996,4.0E-4],"evs":[0.0,-4.6535]},"K7s":{"weight":1.0,"played":[0.9986,0.0014],"evs":[0.0,-4.04392]},"K8s":{"weight":1.0,"played":[0.9969,0.0031],"evs":[0.0,-3.26682]},"K9s":{"weight":1.0,"played":[0.9522,0.0478],"evs":[0.0,-1.65323]},"KTs":{"weight":1.0,"played":[0.9903,0.0097],"evs":[0.0,-2.49107]},"KJs":{"weight":1.0,"played":[0.0747,0.9253],"evs":[0.0,2.04146]},"KQs":{"weight":1.0,"played":[0.9963,0.0037],"evs":[0.0,-1.18375]},"KK":{"weight":1.0,"played":[0.0,1.0],"evs":[0.0,13.33972]},"AKo":{"weight":1.0,"played":[0.9173,0.0827],"evs":[0.0,-0.64015]},"A2s":{"weight":1.0,"played":[0.9997,3.0E-4],"evs":[0.0,-5.84118]},"A3s":{"weight":1.0,"played":[1.0,0.0],"evs":[0.0,-3.91174]},"A4s":{"weight":1.0,"played":[0.9998,2.0E-4],"evs":[0.0,-5.44728]},"A5s":{"weight":1.0,"played":[0.9966,0.0034],"evs":[0.0,-3.49615]},"A6s":{"weight":1.0,"played":[0.9925,0.0075],"evs":[0.0,-4.42527]},"A7s":{"weight":1.0,"played":[1.0,0.0],"evs":[0.0,-4.76701]},"A8s":{"weight":1.0,"played":[0.9972,0.0028],"evs":[0.0,-4.5754]},"A9s":{"weight":1.0,"played":[1.0,0.0],"evs":[0.0,-3.2981]},"ATs":{"weight":1.0,"played":[0.9939,0.0061],"evs":[0.0,-3.15524]},"AJs":{"weight":1.0,"played":[0.9946,0.0054],"evs":[0.0,-2.72849]},"AQs":{"weight":1.0,"played":[0.9734,0.0266],"evs":[0.0,-1.96043]},"AKs":{"weight":1.0,"played":[0.0123,0.9877],"evs":[0.0,2.14931]},"AA":{"weight":1.0,"played":[0.0,1.0],"evs":[0.0,21.54692]}}}