{"player":2,"street":0,"children":2,"sequence":[{"player":0,"type":"F","amount":0,"street":0},{"player":1,"type":"R","amount":1585000,"street":0},{"player":2,"type":"C","amount":1585000,"street":0},{"player":3,"type":"R","amount":2985000,"street":0},{"player":4,"type":"F","amount":0,"street":0},{"player":5,"type":"F","amount":0,"street":0}],"actions":[{"type":"F","amount":0},{"type":"C","amount":1400000}],"hands":{"22":{"weight":0.0,"played":[0.0,1.0],"evs":[0.0,4.23391]},"32o":{"weight":0.0,"played":[0.3579,0.6421],"evs":[0.0,-0.01941]},"42o":{"weight":0.0,"played":[1.0E-4,0.9999],"evs":[0.0,0.30326]},"52o":{"weight":0.0,"played":[1.0E-4,0.9999],"evs":[0.0,0.69318]},"62o":{"weight":0.0,"played":[0.3782,0.6218],"evs":[0.0,0.06349]},"72o":{"weight":0.0,"played":[0.991,0.009],"evs":[0.0,-0.63824]},"82o":{"weight":0.0,"played":[0.5179,0.4821],"evs":[0.0,0.08592]},"92o":{"weight":0.0,"played":[0.0738,0.9262],"evs":[0.0,0.53215]},"T2o":{"weight":0.0,"played":[0.015,0.985],"evs":[0.0,0.24946]},"J2o":{"weight":0.0,"played":[0.0,1.0],"evs":[0.0,0.84109]},"Q2o":{"weight":0.0,"played":[0.1584,0.8416],"evs":[0.0,0.52693]},"K2o":{"weight":0.0,"played":[0.0,1.0],"evs":[0.0,1.80028]},"A2o":{"weight":0.0,"played":[0.0,1.0],"evs":[0.0,1.39458]},"32s":{"weight":0.0,"played":[2.0E-4,0.9998],"evs":[0.0,1.72466]},"33":{"weight":0.0,"played":[0.0,1.0],"evs":[0.0,4.60294]},"43o":{"weight":0.0,"played":[0.0,1.0],"evs":[0.0,1.39706]},"53o":{"weight":0.0,"played":[0.0,1.0],"evs":[0.0,1.48356]},"63o":{"weight":0.0,"played":[0.0,1.0],"evs":[0.0,0.60792]},"73o":{"weight":0.0,"played":[0.7108,0.2892],"evs":[0.0,0.06235]},"83o":{"weight":0.0,"played":[0.799,0.201],"evs":[0.0,-0.025]},"93o":{"weight":0.0,"played":[0.0,1.0],"evs":[0.0,0.6152]},"T3o":{"weight":0.0,"played":[4.0E-4,0.9996],"evs":[0.0,0.57197]},"J3o":{"weight":0.0,"played":[1.0E-4,0.9999],"evs":[0.0,1.40992]},"Q3o":{"weight":0.0,"played":[0.0,1.0],"evs":[0.0,0.51022]},"K3o":{"weight":0.0,"played":[0.0,1.0],"evs":[0.0,2.05018]},"A3o":{"weight":0.0,"played":[0.0,1.0],"evs":[0.0,1.63983]},"42s":{"weight":0.0,"played":[0.0,1.0],"evs":[0.0,2.3015]},"43s":{"weight":0.0,"played":[0.0,1.0],"evs":[0.0,3.41314]},"44":{"weight":0.3701,"played":[0.0,1.0],"evs":[0.0,5.26445]},"54o":{"weight":0.0,"played":[0.0,1.0],"evs":[0.0,2.30121]},"64o":{"weight":0.0,"played":[0.0,1.0],"evs":[0.0,1.75361]},"74o":{"weight":0.0,"played":[0.0,1.0],"evs":[0.0,0.84396]},"84o":{"weight":0.0,"played":[0.0,1.0],"evs":[0.0,0.7576]},"94o":{"weight":0.0,"played":[4.0E-4,0.9996],"evs":[0.0,0.59981]},"T4o":{"weight":0.0,"played":[3.0E-4,0.9997],"evs":[0.0,0.96497]},"J4o":{"weight":0.0,"played":[0.0,1.0],"evs":[0.0,1.43923]},"Q4o":{"weight":0.0,"played":[0.0,1.0],"evs":[0.0,0.8947]},"K4o":{"weight":0.0,"played":[0.0,1.0],"evs":[0.0,2.13812]},"A4o":{"weight":0.0,"played":[0.0,1.0],"evs":[0.0,1.71744]},"52s":{"weight":0.0,"played":[0.0,1.0],"evs":[0.0,2.72086]},"53s":{"weight":0.0,"played":[0.0,1.0],"evs":[0.0,3.71498]},"54s":{"weight":0.0,"played":[0.0,1.0],"evs":[0.0,3.73515]},"55":{"weight":0.5256,"played":[0.0,1.0],"evs":[0.0,5.39713]},"65o":{"weight":0.0,"played":[0.0,1.0],"evs":[0.0,2.42675]},"75o":{"weight":0.0,"played":[0.0,1.0],"evs":[0.0,2.05327]},"85o":{"weight":0.0,"played":[0.0,1.0],"evs":[0.0,1.6424]},"95o":{"weight":0.0,"played":[0.0,1.0],"evs":[0.0,1.54608]},"T5o":{"weight":0.0,"played":[1.0E-4,0.9999],"evs":[0.0,0.96551]},"J5o":{"weight":0.0,"played":[0.0,1.0],"evs":[0.0,1.75645]},"Q5o":{"weight":0.0,"played":[0.0,1.0],"evs":[0.0,0.96779]},"K5o":{"weight":0.0,"played":[0.0,1.0],"evs":[0.0,2.66363]},"A5o":{"weight":0.0,"played":[0.0,1.0],"evs":[0.0,2.07611]},"62s":{"weight":0.0,"played":[0.0,1.0],"evs":[0.0,1.85525]},"63s":{"weight":0.0,"played":[0.0,1.0],"evs":[0.0,2.9332]},"64s":{"weight":0.0,"played":[0.0,1.0],"evs":[0.0,3.10025]},"65s":{"weight":0.0,"played":[0.0,1.0],"evs":[0.0,4.39511]},"66":{"weight":0.4932,"played":[0.0,1.0],"evs":[0.0,5.76583]},"76o":{"weight":0.0,"played":[0.0,1.0],"evs":[0.0,2.55142]},"86o":{"weight":0.0,"played":[0.0,1.0],"evs":[0.0,2.24486]},"96o":{"weight":0.0,"played":[0.0,1.0],"evs":[0.0,2.0442]},"T6o":{"weight":0.0,"played":[0.0,1.0],"evs":[0.0,1.6794]},"J6o":{"weight":0.0,"played":[0.0,1.0],"evs":[0.0,1.93813]},"Q6o":{"weight":0.0,"played":[0.0,1.0],"evs":[0.0,1.14187]},"K6o":{"weight":0.0,"played":[0.0,1.0],"evs":[0.0,2.55163]},"A6o":{"weight":0.0,"played":[0.0,1.0],"evs":[0.0,1.28789]},"72s":{"weight":0.0,"played":[0.0,1.0],"evs":[0.0,1.71206]},"73s":{"weight":0.0,"played":[0.0,1.0],"evs":[0.0,2.16304]},"74s":{"weight":0.0,"played":[0.0,1.0],"evs":[0.0,3.0939]},"75s":{"weight":0.0,"played":[0.0,1.0],"evs":[0.0,4.17034]},"76s":{"weight":0.0,"played":[0.0,1.0],"evs":[0.0,4.68005]},"77":{"weight":0.2489,"played":[0.0,1.0],"evs":[0.0,6.67623]},"87o":{"weight":0.0,"played":[0.0,1.0],"evs":[0.0,3.04553]},"97o":{"weight":0.0,"played":[0.0,1.0],"evs":[0.0,2.78112]},"T7o":{"weight":0.0,"played":[0.0,1.0],"evs":[0.0,2.18004]},"J7o":{"weight":0.0,"played":[0.0,1.0],"evs":[0.0,2.13225]},"Q7o":{"weight":0.0,"played":[0.0,1.0],"evs":[0.0,1.26162]},"K7o":{"weight":0.0,"played":[0.0,1.0],"evs":[0.0,2.53082]},"A7o":{"weight":0.0,"played":[0.0,1.0],"evs":[0.0,1.67512]},"82s":{"weight":0.0,"played":[1.0E-4,0.9999],"evs":[0.0,2.06007]},"83s":{"weight":0.0,"played":[0.0,1.0],"evs":[0.0,2.29838]},"84s":{"weight":0.0,"played":[0.0,1.0],"evs":[0.0,2.6757]},"85s":{"weight":0.0,"played":[0.0,1.0],"evs":[0.0,3.59507]},"86s":{"weight":0.0,"played":[0.0,1.0],"evs":[0.0,4.06326]},"87s":{"weight":0.0,"played":[0.0,1.0],"evs":[0.0,5.22077]},"88":{"weight":0.1835,"played":[0.0,1.0],"evs":[0.0,8.93436]},"98o":{"weight":0.0,"played":[0.0,1.0],"evs":[0.0,3.78295]},"T8o":{"weight":0.0,"played":[0.0,1.0],"evs":[0.0,3.37806]},"J8o":{"weight":0.0,"played":[0.0,1.0],"evs":[0.0,3.30149]},"Q8o":{"weight":0.0,"played":[0.0,1.0],"evs":[0.0,2.27631]},"K8o":{"weight":0.0,"played":[0.0,1.0],"evs":[0.0,3.15414]},"A8o":{"weight":0.0,"played":[0.0,1.0],"evs":[0.0,2.23256]},"92s":{"weight":0.0,"played":[0.0,1.0],"evs":[0.0,2.37753]},"93s":{"weight":0.0,"played":[0.0,1.0],"evs":[0.0,2.80034]},"94s":{"weight":0.0,"played":[0.0,1.0],"evs":[0.0,2.8888]},"95s":{"weight":0.0,"played":[0.0,1.0],"evs":[0.0,3.86457]},"96s":{"weight":0.0,"played":[0.0,1.0],"evs":[0.0,4.20857]},"97s":{"weight":0.0,"played":[0.0,1.0],"evs":[0.0,4.93342]},"98s":{"weight":0.0,"played":[0.0,1.0],"evs":[0.0,5.55003]},"99":{"weight":0.5887,"played":[0.0,1.0],"evs":[0.0,10.84536]},"T9o":{"weight":0.0,"played":[0.0,1.0],"evs":[0.0,4.49457]},"J9o":{"weight":0.0,"played":[0.0,1.0],"evs":[0.0,4.1357]},"Q9o":{"weight":0.0,"played":[0.0,1.0],"evs":[0.0,2.91761]},"K9o":{"weight":0.0,"played":[0.0,1.0],"evs":[0.0,3.83063]},"A9o":{"weight":0.0,"played":[0.0,1.0],"evs":[0.0,2.83034]},"T2s":{"weight":0.0,"played":[0.0,1.0],"evs":[0.0,2.64347]},"T3s":{"weight":0.0,"played":[0.0,1.0],"evs":[0.0,2.82891]},"T4s":{"weight":0.0,"played":[0.0,1.0],"evs":[0.0,2.92408]},"T5s":{"weight":0.0,"played":[0.0,1.0],"evs":[0.0,3.71488]},"T6s":{"weight":0.0,"played":[2.0E-4,0.9998],"evs":[0.0,3.35519]},"T7s":{"weight":0.0,"played":[0.0,1.0],"evs":[0.0,4.36855]},"T8s":{"weight":0.0,"played":[0.0,1.0],"evs":[0.0,5.04381]},"T9s":{"weight":0.0,"played":[0.0,1.0],"evs":[0.0,6.1356]},"TT":{"weight":0.1159,"played":[0.0,1.0],"evs":[0.0,13.61516]},"JTo":{"weight":0.0,"played":[0.0,1.0],"evs":[0.0,5.00755]},"QTo":{"weight":0.0,"played":[0.0,1.0],"evs":[0.0,4.45105]},"KTo":{"weight":0.0,"played":[0.0,1.0],"evs":[0.0,4.9605]},"ATo":{"weight":0.6176,"played":[0.0,1.0],"evs":[0.0,3.75043]},"J2s":{"weight":0.0,"played":[0.0,1.0],"evs":[0.0,3.10387]},"J3s":{"weight":0.0,"played":[0.0,1.0],"evs":[0.0,3.10433]},"J4s":{"weight":0.0,"played":[0.0,1.0],"evs":[0.0,3.51529]},"J5s":{"weight":0.0,"played":[0.0,1.0],"evs":[0.0,3.60815]},"J6s":{"weight":0.0,"played":[0.0,1.0],"evs":[0.0,3.99984]},"J7s":{"weight":0.0,"played":[0.0,1.0],"evs":[0.0,3.93723]},"J8s":{"weight":0.0,"played":[0.0,1.0],"evs":[0.0,4.94998]},"J9s":{"weight":0.0,"played":[0.0,1.0],"evs":[0.0,6.61396]},"JTs":{"weight":0.0,"played":[0.0,1.0],"evs":[0.0,6.9508]},"JJ":{"weight":0.4918,"played":[0.0,1.0],"evs":[0.0,16.20145]},"QJo":{"weight":0.0,"played":[0.0,1.0],"evs":[0.0,4.87712]},"KJo":{"weight":0.0,"played":[0.0,1.0],"evs":[0.0,5.7768]},"AJo":{"weight":0.305,"played":[0.0,1.0],"evs":[0.0,4.69912]},"Q2s":{"weight":0.0,"played":[0.0,1.0],"evs":[0.0,2.58586]},"Q3s":{"weight":0.0,"played":[0.0,1.0],"evs":[0.0,2.67606]},"Q4s":{"weight":0.0,"played":[0.0,1.0],"evs":[0.0,2.978]},"Q5s":{"weight":0.0,"played":[0.0,1.0],"evs":[0.0,3.38544]},"Q6s":{"weight":0.0,"played":[0.0,1.0],"evs":[0.0,3.64752]},"Q7s":{"weight":0.0,"played":[0.0,1.0],"evs":[0.0,3.43997]},"Q8s":{"weight":0.0,"played":[0.0,1.0],"evs":[0.0,3.95133]},"Q9s":{"weight":0.0,"played":[0.0,1.0],"evs":[0.0,5.16593]},"QTs":{"weight":0.0,"played":[0.0,1.0],"evs":[0.0,6.17092]},"QJs":{"weight":1.0E-4,"played":[0.0,1.0],"evs":[0.0,6.48351]},"QQ":{"weight":0.5831,"played":[0.0,1.0],"evs":[0.0,19.74984]},"KQo":{"weight":0.0,"played":[0.0,1.0],"evs":[0.0,5.5292]},"AQo":{"weight":0.4089,"played":[0.0,1.0],"evs":[0.0,7.34435]},"K2s":{"weight":0.0,"played":[0.0,1.0],"evs":[0.0,3.90278]},"K3s":{"weight":0.0,"played":[0.0,1.0],"evs":[0.0,4.04585]},"K4s":{"weight":0.0,"played":[0.0,1.0],"evs":[0.0,4.18386]},"K5s":{"weight":0.0,"played":[0.0,1.0],"evs":[0.0,4.71117]},"K6s":{"weight":0.0,"played":[0.0,1.0],"evs":[0.0,4.20031]},"K7s":{"weight":0.0,"played":[0.0,1.0],"evs":[0.0,4.74317]},"K8s":{"weight":0.0,"played":[0.0,1.0],"evs":[0.0,5.35615]},"K9s":{"weight":0.0,"played":[0.0,1.0],"evs":[0.0,5.9137]},"KTs":{"weight":0.0025,"played":[0.0,1.0],"evs":[0.0,6.83323]},"KJs":{"weight":0.438,"played":[0.0,1.0],"evs":[0.0,7.37756]},"KQs":{"weight":0.3113,"played":[0.0,1.0],"evs":[0.0,7.03753]},"KK":{"weight":0.7384,"played":[0.0,1.0],"evs":[0.0,24.25944]},"AKo":{"weight":0.1974,"played":[0.0,1.0],"evs":[0.0,11.42107]},"A2s":{"weight":0.0,"played":[0.0,1.0],"evs":[0.0,3.51941]},"A3s":{"weight":0.0,"played":[0.0,1.0],"evs":[0.0,3.79155]},"A4s":{"weight":0.0,"played":[0.0,1.0],"evs":[0.0,4.25268]},"A5s":{"weight":0.0,"played":[0.0,1.0],"evs":[0.0,4.37756]},"A6s":{"weight":0.0,"played":[0.0,1.0],"evs":[0.0,3.80234]},"A7s":{"weight":0.0,"played":[0.0,1.0],"evs":[0.0,3.46853]},"A8s":{"weight":0.0,"played":[0.0,1.0],"evs":[0.0,4.23627]},"A9s":{"weight":0.4641,"played":[0.0,1.0],"evs":[0.0,5.03957]},"ATs":{"weight":0.1655,"played":[0.0,1.0],"evs":[0.0,6.124]},"AJs":{"weight":0.1245,"played":[0.0,1.0],"evs":[0.0,7.09599]},"AQs":{"weight":0.8312,"played":[0.0,1.0],"evs":[0.0,9.05093]},"AKs":{"weight":0.6606,"played":[0.0,1.0],"evs":[0.0,12.88724]},"AA":{"weight":0.598,"played":[0.0,1.0],"evs":[0.0,30.57995]}}}