{"player":2,"street":0,"children":2,"sequence":[{"player":0,"type":"F","amount":0,"street":0},{"player":1,"type":"R","amount":1585000,"street":0},{"player":2,"type":"C","amount":1585000,"street":0},{"player":3,"type":"R","amount":2985000,"street":0},{"player":4,"type":"C","amount":1035000,"street":0},{"player":5,"type":"C","amount":2135000,"street":0}],"actions":[{"type":"F","amount":0},{"type":"C","amount":1400000}],"hands":{"22":{"weight":0.0,"played":[6.0E-4,0.9994],"evs":[0.0,5.32201]},"32o":{"weight":0.0,"played":[0.0298,0.9702],"evs":[0.0,2.47942]},"42o":{"weight":0.0,"played":[0.1497,0.8503],"evs":[0.0,3.70559]},"52o":{"weight":0.0,"played":[0.0887,0.9113],"evs":[0.0,1.52293]},"62o":{"weight":0.0,"played":[0.8199,0.1801],"evs":[0.0,-0.82874]},"72o":{"weight":0.0,"played":[0.2413,0.7587],"evs":[0.0,1.67475]},"82o":{"weight":0.0,"played":[0.8231,0.1769],"evs":[0.0,-3.49843]},"92o":{"weight":0.0,"played":[0.0555,0.9445],"evs":[0.0,1.64704]},"T2o":{"weight":0.0,"played":[0.3392,0.6608],"evs":[0.0,0.92493]},"J2o":{"weight":0.0,"played":[0.1081,0.8919],"evs":[0.0,1.03548]},"Q2o":{"weight":0.0,"played":[3.0E-4,0.9997],"evs":[0.0,1.25083]},"K2o":{"weight":0.0,"played":[0.0018,0.9982],"evs":[0.0,2.61118]},"A2o":{"weight":0.0,"played":[0.4685,0.5315],"evs":[0.0,0.44591]},"32s":{"weight":0.0,"played":[0.0725,0.9275],"evs":[0.0,0.15543]},"33":{"weight":0.0,"played":[0.0071,0.9929],"evs":[0.0,7.86807]},"43o":{"weight":0.0,"played":[0.0203,0.9797],"evs":[0.0,2.4667]},"53o":{"weight":0.0,"played":[2.0E-4,0.9998],"evs":[0.0,4.68283]},"63o":{"weight":0.0,"played":[0.0591,0.9409],"evs":[0.0,0.9736]},"73o":{"weight":0.0,"played":[0.6689,0.3311],"evs":[0.0,1.51408]},"83o":{"weight":0.0,"played":[0.3347,0.6653],"evs":[0.0,0.23598]},"93o":{"weight":0.0,"played":[0.145,0.855],"evs":[0.0,0.21753]},"T3o":{"weight":0.0,"played":[0.2452,0.7548],"evs":[0.0,0.59257]},"J3o":{"weight":0.0,"played":[0.1465,0.8535],"evs":[0.0,1.48064]},"Q3o":{"weight":0.0,"played":[0.1525,0.8475],"evs":[0.0,1.29922]},"K3o":{"weight":0.0,"played":[7.0E-4,0.9993],"evs":[0.0,4.24832]},"A3o":{"weight":0.0,"played":[0.0046,0.9954],"evs":[0.0,0.81753]},"42s":{"weight":0.0,"played":[0.03,0.97],"evs":[0.0,6.28341]},"43s":{"weight":0.0,"played":[0.0,1.0],"evs":[0.0,7.28951]},"44":{"weight":0.3701,"played":[2.0E-4,0.9998],"evs":[0.0,7.15645]},"54o":{"weight":0.0,"played":[0.0065,0.9935],"evs":[0.0,8.86028]},"64o":{"weight":0.0,"played":[0.0977,0.9023],"evs":[0.0,1.58828]},"74o":{"weight":0.0,"played":[0.0167,0.9833],"evs":[0.0,3.65903]},"84o":{"weight":0.0,"played":[0.2459,0.7541],"evs":[0.0,-0.17582]},"94o":{"weight":0.0,"played":[0.0173,0.9827],"evs":[0.0,3.79841]},"T4o":{"weight":0.0,"played":[0.5425,0.4575],"evs":[0.0,-0.55559]},"J4o":{"weight":0.0,"played":[0.1308,0.8692],"evs":[0.0,0.43315]},"Q4o":{"weight":0.0,"played":[0.425,0.575],"evs":[0.0,-0.41139]},"K4o":{"weight":0.0,"played":[0.0039,0.9961],"evs":[0.0,2.45208]},"A4o":{"weight":0.0,"played":[0.007,0.993],"evs":[0.0,2.56619]},"52s":{"weight":0.0,"played":[0.0512,0.9488],"evs":[0.0,1.84942]},"53s":{"weight":0.0,"played":[0.0652,0.9348],"evs":[0.0,5.31208]},"54s":{"weight":0.0,"played":[0.2604,0.7396],"evs":[0.0,2.92339]},"55":{"weight":0.5256,"played":[0.0,1.0],"evs":[0.0,6.70183]},"65o":{"weight":0.0,"played":[0.0119,0.9881],"evs":[0.0,4.25453]},"75o":{"weight":0.0,"played":[9.0E-4,0.9991],"evs":[0.0,2.9743]},"85o":{"weight":0.0,"played":[0.1194,0.8806],"evs":[0.0,3.48081]},"95o":{"weight":0.0,"played":[0.0061,0.9939],"evs":[0.0,2.02667]},"T5o":{"weight":0.0,"played":[0.0512,0.9488],"evs":[0.0,1.93662]},"J5o":{"weight":0.0,"played":[0.0063,0.9937],"evs":[0.0,4.91473]},"Q5o":{"weight":0.0,"played":[0.2299,0.7701],"evs":[0.0,3.13385]},"K5o":{"weight":0.0,"played":[0.1667,0.8333],"evs":[0.0,0.63402]},"A5o":{"weight":0.0,"played":[0.0014,0.9986],"evs":[0.0,2.05407]},"62s":{"weight":0.0,"played":[0.0277,0.9723],"evs":[0.0,6.19288]},"63s":{"weight":0.0,"played":[0.0669,0.9331],"evs":[0.0,2.75876]},"64s":{"weight":0.0,"played":[0.0021,0.9979],"evs":[0.0,4.35721]},"65s":{"weight":0.0,"played":[0.0288,0.9712],"evs":[0.0,5.49915]},"66":{"weight":0.4932,"played":[0.0014,0.9986],"evs":[0.0,9.57947]},"76o":{"weight":0.0,"played":[2.0E-4,0.9998],"evs":[0.0,6.46604]},"86o":{"weight":0.0,"played":[0.0011,0.9989],"evs":[0.0,4.49356]},"96o":{"weight":0.0,"played":[0.0229,0.9771],"evs":[0.0,1.43574]},"T6o":{"weight":0.0,"played":[0.3102,0.6898],"evs":[0.0,2.44019]},"J6o":{"weight":0.0,"played":[0.3951,0.6049],"evs":[0.0,-0.97937]},"Q6o":{"weight":0.0,"played":[0.0535,0.9465],"evs":[0.0,0.40127]},"K6o":{"weight":0.0,"played":[0.0018,0.9982],"evs":[0.0,4.31308]},"A6o":{"weight":0.0,"played":[0.0084,0.9916],"evs":[0.0,3.0149]},"72s":{"weight":0.0,"played":[0.1836,0.8164],"evs":[0.0,4.57613]},"73s":{"weight":0.0,"played":[0.467,0.533],"evs":[0.0,-1.53541]},"74s":{"weight":0.0,"played":[0.079,0.921],"evs":[0.0,1.76352]},"75s":{"weight":0.0,"played":[0.2296,0.7704],"evs":[0.0,-1.18249]},"76s":{"weight":0.0,"played":[0.0044,0.9956],"evs":[0.0,5.45591]},"77":{"weight":0.2489,"played":[0.0,1.0],"evs":[0.0,11.69447]},"87o":{"weight":0.0,"played":[0.0238,0.9762],"evs":[0.0,3.96749]},"97o":{"weight":0.0,"played":[5.0E-4,0.9995],"evs":[0.0,2.56825]},"T7o":{"weight":0.0,"played":[0.0022,0.9978],"evs":[0.0,4.47445]},"J7o":{"weight":0.0,"played":[0.0,1.0],"evs":[0.0,2.6748]},"Q7o":{"weight":0.0,"played":[0.0878,0.9122],"evs":[0.0,0.73349]},"K7o":{"weight":0.0,"played":[0.0168,0.9832],"evs":[0.0,1.4135]},"A7o":{"weight":0.0,"played":[0.0031,0.9969],"evs":[0.0,3.79521]},"82s":{"weight":0.0,"played":[0.0044,0.9956],"evs":[0.0,4.8601]},"83s":{"weight":0.0,"played":[0.0578,0.9422],"evs":[0.0,4.81207]},"84s":{"weight":0.0,"played":[0.0658,0.9342],"evs":[0.0,8.43748]},"85s":{"weight":0.0,"played":[3.0E-4,0.9997],"evs":[0.0,6.15666]},"86s":{"weight":0.0,"played":[0.3356,0.6644],"evs":[0.0,5.43241]},"87s":{"weight":0.0,"played":[0.0,1.0],"evs":[0.0,1.79445]},"88":{"weight":0.1835,"played":[0.0,1.0],"evs":[0.0,10.60562]},"98o":{"weight":0.0,"played":[0.0239,0.9761],"evs":[0.0,2.85755]},"T8o":{"weight":0.0,"played":[0.0032,0.9968],"evs":[0.0,5.08908]},"J8o":{"weight":0.0,"played":[0.3582,0.6418],"evs":[0.0,1.18412]},"Q8o":{"weight":0.0,"played":[0.2353,0.7647],"evs":[0.0,0.70374]},"K8o":{"weight":0.0,"played":[0.0183,0.9817],"evs":[0.0,1.34945]},"A8o":{"weight":0.0,"played":[0.0,1.0],"evs":[0.0,3.18637]},"92s":{"weight":0.0,"played":[0.0294,0.9706],"evs":[0.0,3.2941]},"93s":{"weight":0.0,"played":[0.1008,0.8992],"evs":[0.0,2.32365]},"94s":{"weight":0.0,"played":[0.1705,0.8295],"evs":[0.0,-0.22121]},"95s":{"weight":0.0,"played":[0.0297,0.9703],"evs":[0.0,7.79985]},"96s":{"weight":0.0,"played":[0.0908,0.9092],"evs":[0.0,7.07819]},"97s":{"weight":0.0,"played":[0.0,1.0],"evs":[0.0,12.81947]},"98s":{"weight":0.0,"played":[0.0035,0.9965],"evs":[0.0,13.41884]},"99":{"weight":0.5887,"played":[4.0E-4,0.9996],"evs":[0.0,15.36966]},"T9o":{"weight":0.0,"played":[0.011,0.989],"evs":[0.0,4.2818]},"J9o":{"weight":0.0,"played":[0.0554,0.9446],"evs":[0.0,5.29136]},"Q9o":{"weight":0.0,"played":[8.0E-4,0.9992],"evs":[0.0,4.75928]},"K9o":{"weight":0.0,"played":[0.1659,0.8341],"evs":[0.0,1.83575]},"A9o":{"weight":0.0,"played":[5.0E-4,0.9995],"evs":[0.0,1.89724]},"T2s":{"weight":0.0,"played":[0.2268,0.7732],"evs":[0.0,3.15757]},"T3s":{"weight":0.0,"played":[0.1307,0.8693],"evs":[0.0,2.83684]},"T4s":{"weight":0.0,"played":[0.7764,0.2236],"evs":[0.0,-1.04974]},"T5s":{"weight":0.0,"played":[0.0212,0.9788],"evs":[0.0,9.79487]},"T6s":{"weight":0.0,"played":[0.1403,0.8597],"evs":[0.0,3.11734]},"T7s":{"weight":0.0,"played":[0.3257,0.6743],"evs":[0.0,-1.27913]},"T8s":{"weight":0.0,"played":[0.0628,0.9372],"evs":[0.0,13.64153]},"T9s":{"weight":0.0,"played":[0.0012,0.9988],"evs":[0.0,13.54418]},"TT":{"weight":0.1159,"played":[1.0E-4,0.9999],"evs":[0.0,15.15142]},"JTo":{"weight":0.0,"played":[0.0595,0.9405],"evs":[0.0,6.88968]},"QTo":{"weight":0.0,"played":[3.0E-4,0.9997],"evs":[0.0,3.92126]},"KTo":{"weight":0.0,"played":[0.0,1.0],"evs":[0.0,6.59294]},"ATo":{"weight":0.6176,"played":[0.0195,0.9805],"evs":[0.0,5.05448]},"J2s":{"weight":0.0,"played":[0.0862,0.9138],"evs":[0.0,0.25445]},"J3s":{"weight":0.0,"played":[0.4178,0.5822],"evs":[0.0,4.73271]},"J4s":{"weight":0.0,"played":[0.1599,0.8401],"evs":[0.0,5.71639]},"J5s":{"weight":0.0,"played":[0.0693,0.9307],"evs":[0.0,6.80829]},"J6s":{"weight":0.0,"played":[0.0058,0.9942],"evs":[0.0,10.45784]},"J7s":{"weight":0.0,"played":[0.002,0.998],"evs":[0.0,3.0799]},"J8s":{"weight":0.0,"played":[0.0178,0.9822],"evs":[0.0,7.78951]},"J9s":{"weight":0.0,"played":[0.0011,0.9989],"evs":[0.0,11.06242]},"JTs":{"weight":0.0,"played":[4.0E-4,0.9996],"evs":[0.0,9.01053]},"JJ":{"weight":0.4918,"played":[4.0E-4,0.9996],"evs":[0.0,18.5046]},"QJo":{"weight":0.0,"played":[0.0019,0.9981],"evs":[0.0,6.46367]},"KJo":{"weight":0.0,"played":[0.0,1.0],"evs":[0.0,6.94353]},"AJo":{"weight":0.305,"played":[5.0E-4,0.9995],"evs":[0.0,5.40141]},"Q2s":{"weight":0.0,"played":[0.5068,0.4932],"evs":[0.0,1.41115]},"Q3s":{"weight":0.0,"played":[0.113,0.887],"evs":[0.0,3.47287]},"Q4s":{"weight":0.0,"played":[0.0893,0.9107],"evs":[0.0,6.57083]},"Q5s":{"weight":0.0,"played":[0.3812,0.6188],"evs":[0.0,0.15166]},"Q6s":{"weight":0.0,"played":[0.0042,0.9958],"evs":[0.0,6.67917]},"Q7s":{"weight":0.0,"played":[0.005,0.995],"evs":[0.0,3.88281]},"Q8s":{"weight":0.0,"played":[2.0E-4,0.9998],"evs":[0.0,10.1386]},"Q9s":{"weight":0.0,"played":[0.0,1.0],"evs":[0.0,7.48844]},"QTs":{"weight":0.0,"played":[2.0E-4,0.9998],"evs":[0.0,6.20581]},"QJs":{"weight":1.0E-4,"played":[0.0302,0.9698],"evs":[0.0,9.86303]},"QQ":{"weight":0.5831,"played":[1.0E-4,0.9999],"evs":[0.0,18.76013]},"KQo":{"weight":0.0,"played":[2.0E-4,0.9998],"evs":[0.0,6.10114]},"AQo":{"weight":0.4089,"played":[0.0161,0.9839],"evs":[0.0,9.58899]},"K2s":{"weight":0.0,"played":[0.3423,0.6577],"evs":[0.0,1.13619]},"K3s":{"weight":0.0,"played":[0.01,0.99],"evs":[0.0,11.79281]},"K4s":{"weight":0.0,"played":[0.0,1.0],"evs":[0.0,10.83862]},"K5s":{"weight":0.0,"played":[0.1319,0.8681],"evs":[0.0,5.30699]},"K6s":{"weight":0.0,"played":[0.0204,0.9796],"evs":[0.0,3.35939]},"K7s":{"weight":0.0,"played":[7.0E-4,0.9993],"evs":[0.0,9.5407]},"K8s":{"weight":0.0,"played":[0.2153,0.7847],"evs":[0.0,6.01698]},"K9s":{"weight":0.0,"played":[0.0082,0.9918],"evs":[0.0,2.63062]},"KTs":{"weight":0.0025,"played":[0.04,0.96],"evs":[0.0,4.04205]},"KJs":{"weight":0.438,"played":[0.0,1.0],"evs":[0.0,4.383]},"KQs":{"weight":0.3113,"played":[0.001,0.999],"evs":[0.0,14.70866]},"KK":{"weight":0.7384,"played":[1.0E-4,0.9999],"evs":[0.0,27.73807]},"AKo":{"weight":0.1974,"played":[1.0E-4,0.9999],"evs":[0.0,12.4481]},"A2s":{"weight":0.0,"played":[0.0,1.0],"evs":[0.0,5.32923]},"A3s":{"weight":0.0,"played":[0.0104,0.9896],"evs":[0.0,2.60585]},"A4s":{"weight":0.0,"played":[0.0066,0.9934],"evs":[0.0,4.2561]},"A5s":{"weight":0.0,"played":[0.0,1.0],"evs":[0.0,4.64718]},"A6s":{"weight":0.0,"played":[0.3256,0.6744],"evs":[0.0,-0.10235]},"A7s":{"weight":0.0,"played":[0.0386,0.9614],"evs":[0.0,-0.46022]},"A8s":{"weight":0.0,"played":[0.0036,0.9964],"evs":[0.0,6.01575]},"A9s":{"weight":0.4641,"played":[0.0344,0.9656],"evs":[0.0,4.84888]},"ATs":{"weight":0.1655,"played":[0.0271,0.9729],"evs":[0.0,6.44757]},"AJs":{"weight":0.1245,"played":[4.0E-4,0.9996],"evs":[0.0,9.49851]},"AQs":{"weight":0.8312,"played":[9.0E-4,0.9991],"evs":[0.0,9.37056]},"AKs":{"weight":0.6606,"played":[9.0E-4,0.9991],"evs":[0.0,15.9742]},"AA":{"weight":0.598,"played":[0.0,1.0],"evs":[0.0,34.35893]}}}