{"player":3,"street":0,"children":2,"sequence":[{"player":0,"type":"F","amount":0,"street":0},{"player":1,"type":"R","amount":1585000,"street":0},{"player":2,"type":"R","amount":2985000,"street":0}],"actions":[{"type":"F","amount":0,"node":288},{"type":"C","amount":2985000,"node":291}],"hands":{"22":{"weight":1.0,"played":[1.0,0.0],"evs":[0.0,-3.93353]},"32o":{"weight":1.0,"played":[1.0,0.0],"evs":[0.0,-9.18175]},"42o":{"weight":1.0,"played":[1.0,0.0],"evs":[0.0,-8.67406]},"52o":{"weight":1.0,"played":[1.0,0.0],"evs":[0.0,-8.46971]},"62o":{"weight":1.0,"played":[1.0,0.0],"evs":[0.0,-8.75356]},"72o":{"weight":1.0,"played":[1.0,0.0],"evs":[0.0,-9.16936]},"82o":{"weight":1.0,"played":[1.0,0.0],"evs":[0.0,-8.47995]},"92o":{"weight":1.0,"played":[1.0,0.0],"evs":[0.0,-8.23202]},"T2o":{"weight":1.0,"played":[1.0,0.0],"evs":[0.0,-8.72108]},"J2o":{"weight":1.0,"played":[1.0,0.0],"evs":[0.0,-8.2462]},"Q2o":{"weight":1.0,"played":[1.0,0.0],"evs":[0.0,-7.94212]},"K2o":{"weight":1.0,"played":[1.0,0.0],"evs":[0.0,-7.31746]},"A2o":{"weight":1.0,"played":[1.0,0.0],"evs":[0.0,-8.12983]},"32s":{"weight":1.0,"played":[1.0,0.0],"evs":[0.0,-6.89485]},"33":{"weight":1.0,"played":[0.9999,1.0E-4],"evs":[0.0,-3.67416]},"43o":{"weight":1.0,"played":[1.0,0.0],"evs":[0.0,-7.8712]},"53o":{"weight":1.0,"played":[1.0,0.0],"evs":[0.0,-7.50683]},"63o":{"weight":1.0,"played":[1.0,0.0],"evs":[0.0,-7.8232]},"73o":{"weight":1.0,"played":[1.0,0.0],"evs":[0.0,-8.45329]},"83o":{"weight":1.0,"played":[1.0,0.0],"evs":[0.0,-8.39414]},"93o":{"weight":1.0,"played":[1.0,0.0],"evs":[0.0,-8.02169]},"T3o":{"weight":1.0,"played":[1.0,0.0],"evs":[0.0,-8.44855]},"J3o":{"weight":1.0,"played":[1.0,0.0],"evs":[0.0,-7.95693]},"Q3o":{"weight":1.0,"played":[1.0,0.0],"evs":[0.0,-7.67546]},"K3o":{"weight":1.0,"played":[1.0,0.0],"evs":[0.0,-7.03315]},"A3o":{"weight":1.0,"played":[1.0,0.0],"evs":[0.0,-7.78711]},"42s":{"weight":1.0,"played":[1.0,0.0],"evs":[0.0,-6.4251]},"43s":{"weight":1.0,"played":[1.0,0.0],"evs":[0.0,-5.57112]},"44":{"weight":1.0,"played":[1.0,0.0],"evs":[0.0,-2.92344]},"54o":{"weight":1.0,"played":[1.0,0.0],"evs":[0.0,-6.65499]},"64o":{"weight":1.0,"played":[1.0,0.0],"evs":[0.0,-6.95524]},"74o":{"weight":1.0,"played":[1.0,0.0],"evs":[0.0,-7.51338]},"84o":{"weight":1.0,"played":[1.0,0.0],"evs":[0.0,-7.52561]},"94o":{"weight":1.0,"played":[1.0,0.0],"evs":[0.0,-7.8698]},"T4o":{"weight":1.0,"played":[1.0,0.0],"evs":[0.0,-8.39263]},"J4o":{"weight":1.0,"played":[1.0,0.0],"evs":[0.0,-7.70136]},"Q4o":{"weight":1.0,"played":[1.0,0.0],"evs":[0.0,-7.43377]},"K4o":{"weight":1.0,"played":[1.0,0.0],"evs":[0.0,-6.79499]},"A4o":{"weight":1.0,"played":[1.0,0.0],"evs":[0.0,-7.35945]},"52s":{"weight":1.0,"played":[1.0,0.0],"evs":[0.0,-6.36394]},"53s":{"weight":1.0,"played":[1.0,0.0],"evs":[0.0,-5.30244]},"54s":{"weight":1.0,"played":[1.0,0.0],"evs":[0.0,-4.21649]},"55":{"weight":1.0,"played":[0.9999,1.0E-4],"evs":[0.0,-1.6427]},"65o":{"weight":1.0,"played":[1.0,0.0],"evs":[0.0,-5.98793]},"75o":{"weight":1.0,"played":[1.0,0.0],"evs":[0.0,-6.46585]},"85o":{"weight":1.0,"played":[1.0,0.0],"evs":[0.0,-6.58684]},"95o":{"weight":1.0,"played":[1.0,0.0],"evs":[0.0,-6.75826]},"T5o":{"weight":1.0,"played":[1.0,0.0],"evs":[0.0,-8.04321]},"J5o":{"weight":1.0,"played":[1.0,0.0],"evs":[0.0,-7.40629]},"Q5o":{"weight":1.0,"played":[1.0,0.0],"evs":[0.0,-7.01185]},"K5o":{"weight":1.0,"played":[1.0,0.0],"evs":[0.0,-6.28811]},"A5o":{"weight":1.0,"played":[1.0,0.0],"evs":[0.0,-7.10649]},"62s":{"weight":1.0,"played":[1.0,0.0],"evs":[0.0,-6.35167]},"63s":{"weight":1.0,"played":[1.0,0.0],"evs":[0.0,-5.61226]},"64s":{"weight":1.0,"played":[1.0,0.0],"evs":[0.0,-5.01517]},"65s":{"weight":1.0,"played":[1.0,0.0],"evs":[0.0,-4.05509]},"66":{"weight":1.0,"played":[0.9169,0.0831],"evs":[0.0,-0.31682]},"76o":{"weight":1.0,"played":[1.0,0.0],"evs":[0.0,-5.48248]},"86o":{"weight":1.0,"played":[1.0,0.0],"evs":[0.0,-5.51344]},"96o":{"weight":1.0,"played":[1.0,0.0],"evs":[0.0,-5.86405]},"T6o":{"weight":1.0,"played":[1.0,0.0],"evs":[0.0,-6.99543]},"J6o":{"weight":1.0,"played":[1.0,0.0],"evs":[0.0,-7.19392]},"Q6o":{"weight":1.0,"played":[1.0,0.0],"evs":[0.0,-6.72595]},"K6o":{"weight":1.0,"played":[1.0,0.0],"evs":[0.0,-5.88152]},"A6o":{"weight":1.0,"played":[1.0,0.0],"evs":[0.0,-7.51162]},"72s":{"weight":1.0,"played":[1.0,0.0],"evs":[0.0,-7.06131]},"73s":{"weight":1.0,"played":[1.0,0.0],"evs":[0.0,-6.09686]},"74s":{"weight":1.0,"played":[1.0,0.0],"evs":[0.0,-5.44358]},"75s":{"weight":1.0,"played":[1.0,0.0],"evs":[0.0,-4.63603]},"76s":{"weight":1.0,"played":[1.0,0.0],"evs":[0.0,-3.42068]},"77":{"weight":1.0,"played":[0.0,1.0],"evs":[0.0,1.16791]},"87o":{"weight":1.0,"played":[1.0,0.0],"evs":[0.0,-4.85631]},"97o":{"weight":1.0,"played":[1.0,0.0],"evs":[0.0,-5.19242]},"T7o":{"weight":1.0,"played":[1.0,0.0],"evs":[0.0,-6.11576]},"J7o":{"weight":1.0,"played":[1.0,0.0],"evs":[0.0,-6.39048]},"Q7o":{"weight":1.0,"played":[1.0,0.0],"evs":[0.0,-6.42529]},"K7o":{"weight":1.0,"played":[1.0,0.0],"evs":[0.0,-5.55183]},"A7o":{"weight":1.0,"played":[1.0,0.0],"evs":[0.0,-7.05663]},"82s":{"weight":1.0,"played":[1.0,0.0],"evs":[0.0,-6.43315]},"83s":{"weight":1.0,"played":[1.0,0.0],"evs":[0.0,-6.1216]},"84s":{"weight":1.0,"played":[1.0,0.0],"evs":[0.0,-5.58386]},"85s":{"weight":1.0,"played":[1.0,0.0],"evs":[0.0,-4.6611]},"86s":{"weight":1.0,"played":[1.0,0.0],"evs":[0.0,-3.67469]},"87s":{"weight":1.0,"played":[1.0,0.0],"evs":[0.0,-2.45091]},"88":{"weight":1.0,"played":[0.0,1.0],"evs":[0.0,3.24477]},"98o":{"weight":1.0,"played":[1.0,0.0],"evs":[0.0,-4.20779]},"T8o":{"weight":1.0,"played":[1.0,0.0],"evs":[0.0,-4.95579]},"J8o":{"weight":1.0,"played":[1.0,0.0],"evs":[0.0,-4.93179]},"Q8o":{"weight":1.0,"played":[1.0,0.0],"evs":[0.0,-5.38854]},"K8o":{"weight":1.0,"played":[1.0,0.0],"evs":[0.0,-5.13807]},"A8o":{"weight":1.0,"played":[1.0,0.0],"evs":[0.0,-6.37592]},"92s":{"weight":1.0,"played":[1.0,0.0],"evs":[0.0,-6.04112]},"93s":{"weight":1.0,"played":[1.0,0.0],"evs":[0.0,-5.61144]},"94s":{"weight":1.0,"played":[1.0,0.0],"evs":[0.0,-5.91138]},"95s":{"weight":1.0,"played":[1.0,0.0],"evs":[0.0,-4.57596]},"96s":{"weight":1.0,"played":[1.0,0.0],"evs":[0.0,-3.90942]},"97s":{"weight":1.0,"played":[1.0,0.0],"evs":[0.0,-3.31962]},"98s":{"weight":1.0,"played":[1.0,0.0],"evs":[0.0,-2.11537]},"99":{"weight":1.0,"played":[0.0,1.0],"evs":[0.0,4.957]},"T9o":{"weight":1.0,"played":[1.0,0.0],"evs":[0.0,-4.01034]},"J9o":{"weight":1.0,"played":[1.0,0.0],"evs":[0.0,-4.33657]},"Q9o":{"weight":1.0,"played":[1.0,0.0],"evs":[0.0,-4.68171]},"K9o":{"weight":1.0,"played":[1.0,0.0],"evs":[0.0,-4.45173]},"A9o":{"weight":1.0,"played":[1.0,0.0],"evs":[0.0,-5.91556]},"T2s":{"weight":1.0,"played":[1.0,0.0],"evs":[0.0,-6.39566]},"T3s":{"weight":1.0,"played":[1.0,0.0],"evs":[0.0,-6.39991]},"T4s":{"weight":1.0,"played":[1.0,0.0],"evs":[0.0,-6.20119]},"T5s":{"weight":1.0,"played":[1.0,0.0],"evs":[0.0,-5.49371]},"T6s":{"weight":1.0,"played":[1.0,0.0],"evs":[0.0,-4.76748]},"T7s":{"weight":1.0,"played":[1.0,0.0],"evs":[0.0,-4.0498]},"T8s":{"weight":1.0,"played":[1.0,0.0],"evs":[0.0,-2.59593]},"T9s":{"weight":1.0,"played":[1.0,0.0],"evs":[0.0,-2.06686]},"TT":{"weight":1.0,"played":[0.0,1.0],"evs":[0.0,7.50481]},"JTo":{"weight":1.0,"played":[1.0,0.0],"evs":[0.0,-4.03767]},"QTo":{"weight":1.0,"played":[1.0,0.0],"evs":[0.0,-4.11026]},"KTo":{"weight":1.0,"played":[1.0,0.0],"evs":[0.0,-3.98385]},"ATo":{"weight":1.0,"played":[1.0,0.0],"evs":[0.0,-4.61218]},"J2s":{"weight":1.0,"played":[1.0,0.0],"evs":[0.0,-5.86755]},"J3s":{"weight":1.0,"played":[1.0,0.0],"evs":[0.0,-5.49314]},"J4s":{"weight":1.0,"played":[1.0,0.0],"evs":[0.0,-5.46462]},"J5s":{"weight":1.0,"played":[1.0,0.0],"evs":[0.0,-5.07504]},"J6s":{"weight":1.0,"played":[1.0,0.0],"evs":[0.0,-5.30651]},"J7s":{"weight":1.0,"played":[0.9999,1.0E-4],"evs":[0.0,-4.44074]},"J8s":{"weight":1.0,"played":[1.0,0.0],"evs":[0.0,-3.12455]},"J9s":{"weight":1.0,"played":[0.9999,1.0E-4],"evs":[0.0,-2.64167]},"JTs":{"weight":1.0,"played":[1.0,0.0],"evs":[0.0,-1.93702]},"JJ":{"weight":1.0,"played":[0.0,1.0],"evs":[0.0,10.58206]},"QJo":{"weight":1.0,"played":[1.0,0.0],"evs":[0.0,-3.62163]},"KJo":{"weight":1.0,"played":[1.0,0.0],"evs":[0.0,-3.38596]},"AJo":{"weight":1.0,"played":[0.9996,4.0E-4],"evs":[0.0,-1.68992]},"Q2s":{"weight":1.0,"played":[1.0,0.0],"evs":[0.0,-5.70084]},"Q3s":{"weight":1.0,"played":[1.0,0.0],"evs":[0.0,-5.8205]},"Q4s":{"weight":1.0,"played":[1.0,0.0],"evs":[0.0,-5.32568]},"Q5s":{"weight":1.0,"played":[1.0,0.0],"evs":[0.0,-5.13031]},"Q6s":{"weight":1.0,"played":[1.0,0.0],"evs":[0.0,-4.85338]},"Q7s":{"weight":1.0,"played":[1.0,0.0],"evs":[0.0,-4.51641]},"Q8s":{"weight":1.0,"played":[1.0,0.0],"evs":[0.0,-3.70313]},"Q9s":{"weight":1.0,"played":[0.9999,1.0E-4],"evs":[0.0,-2.46271]},"QTs":{"weight":1.0,"played":[1.0,0.0],"evs":[0.0,-2.24224]},"QJs":{"weight":1.0,"played":[0.9998,2.0E-4],"evs":[0.0,-1.70909]},"QQ":{"weight":1.0,"played":[0.0,1.0],"evs":[0.0,13.60951]},"KQo":{"weight":1.0,"played":[0.9997,3.0E-4],"evs":[0.0,-2.60928]},"AQo":{"weight":1.0,"played":[0.0107,0.9893],"evs":[0.0,1.21665]},"K2s":{"weight":1.0,"played":[1.0,0.0],"evs":[0.0,-5.0782]},"K3s":{"weight":1.0,"played":[1.0,0.0],"evs":[0.0,-4.70844]},"K4s":{"weight":1.0,"played":[1.0,0.0],"evs":[0.0,-4.3391]},"K5s":{"weight":1.0,"played":[1.0,0.0],"evs":[0.0,-4.47114]},"K6s":{"weight":1.0,"played":[1.0,0.0],"evs":[0.0,-3.82276]},"K7s":{"weight":1.0,"played":[1.0,0.0],"evs":[0.0,-3.58118]},"K8s":{"weight":1.0,"played":[1.0,0.0],"evs":[0.0,-3.15448]},"K9s":{"weight":1.0,"played":[1.0,0.0],"evs":[0.0,-2.19688]},"KTs":{"weight":1.0,"played":[0.9995,5.0E-4],"evs":[0.0,-1.91243]},"KJs":{"weight":1.0,"played":[0.9986,0.0014],"evs":[0.0,-1.19674]},"KQs":{"weight":1.0,"played":[0.9974,0.0026],"evs":[0.0,-0.7083]},"KK":{"weight":1.0,"played":[0.0,1.0],"evs":[0.0,16.86839]},"AKo":{"weight":1.0,"played":[0.0,1.0],"evs":[0.0,4.29601]},"A2s":{"weight":1.0,"played":[1.0,0.0],"evs":[0.0,-5.91311]},"A3s":{"weight":1.0,"played":[0.9999,1.0E-4],"evs":[0.0,-5.86857]},"A4s":{"weight":1.0,"played":[1.0,0.0],"evs":[0.0,-5.32314]},"A5s":{"weight":1.0,"played":[1.0,0.0],"evs":[0.0,-4.7661]},"A6s":{"weight":1.0,"played":[1.0,0.0],"evs":[0.0,-5.17263]},"A7s":{"weight":1.0,"played":[1.0,0.0],"evs":[0.0,-4.56576]},"A8s":{"weight":1.0,"played":[1.0,0.0],"evs":[0.0,-4.49462]},"A9s":{"weight":1.0,"played":[1.0,0.0],"evs":[0.0,-3.20582]},"ATs":{"weight":1.0,"played":[0.9999,1.0E-4],"evs":[0.0,-2.33994]},"AJs":{"weight":1.0,"played":[0.2377,0.7623],"evs":[0.0,0.0818]},"AQs":{"weight":1.0,"played":[0.0,1.0],"evs":[0.0,2.96877]},"AKs":{"weight":1.0,"played":[0.0,1.0],"evs":[0.0,5.94589]},"AA":{"weight":1.0,"played":[0.0,1.0],"evs":[0.0,22.45958]}}}