{"player":5,"street":0,"children":2,"sequence":[{"player":0,"type":"F","amount":0,"street":0},{"player":1,"type":"R","amount":1585000,"street":0},{"player":2,"type":"R","amount":2985000,"street":0},{"player":3,"type":"C","amount":2985000,"street":0},{"player":4,"type":"F","amount":0,"street":0}],"actions":[{"type":"F","amount":0},{"type":"C","amount":2135000}],"hands":{"22":{"weight":1.0,"played":[0.9997,3.0E-4],"evs":[0.0,-4.77634]},"32o":{"weight":1.0,"played":[1.0,0.0],"evs":[0.0,-6.82469]},"42o":{"weight":1.0,"played":[1.0,0.0],"evs":[0.0,-7.12995]},"52o":{"weight":1.0,"played":[1.0,0.0],"evs":[0.0,-6.886]},"62o":{"weight":1.0,"played":[1.0,0.0],"evs":[0.0,-7.22368]},"72o":{"weight":1.0,"played":[1.0,0.0],"evs":[0.0,-8.01063]},"82o":{"weight":1.0,"played":[1.0,0.0],"evs":[0.0,-7.51191]},"92o":{"weight":1.0,"played":[1.0,0.0],"evs":[0.0,-6.65329]},"T2o":{"weight":1.0,"played":[1.0,0.0],"evs":[0.0,-7.53682]},"J2o":{"weight":1.0,"played":[1.0,0.0],"evs":[0.0,-7.24813]},"Q2o":{"weight":1.0,"played":[1.0,0.0],"evs":[0.0,-6.44083]},"K2o":{"weight":1.0,"played":[1.0,0.0],"evs":[0.0,-6.71233]},"A2o":{"weight":1.0,"played":[0.9999,1.0E-4],"evs":[0.0,-7.69777]},"32s":{"weight":1.0,"played":[0.9997,3.0E-4],"evs":[0.0,-4.38987]},"33":{"weight":1.0,"played":[1.0,0.0],"evs":[0.0,-3.59166]},"43o":{"weight":1.0,"played":[1.0,0.0],"evs":[0.0,-5.80383]},"53o":{"weight":1.0,"played":[1.0,0.0],"evs":[0.0,-5.82204]},"63o":{"weight":1.0,"played":[0.9998,2.0E-4],"evs":[0.0,-6.39495]},"73o":{"weight":1.0,"played":[1.0,0.0],"evs":[0.0,-6.69773]},"83o":{"weight":1.0,"played":[0.9998,2.0E-4],"evs":[0.0,-7.0191]},"93o":{"weight":1.0,"played":[1.0,0.0],"evs":[0.0,-7.02819]},"T3o":{"weight":1.0,"played":[1.0,0.0],"evs":[0.0,-7.88672]},"J3o":{"weight":1.0,"played":[1.0,0.0],"evs":[0.0,-7.10657]},"Q3o":{"weight":1.0,"played":[1.0,0.0],"evs":[0.0,-7.33217]},"K3o":{"weight":1.0,"played":[0.9999,1.0E-4],"evs":[0.0,-6.01114]},"A3o":{"weight":1.0,"played":[1.0,0.0],"evs":[0.0,-7.56436]},"42s":{"weight":1.0,"played":[0.9995,5.0E-4],"evs":[0.0,-5.27479]},"43s":{"weight":1.0,"played":[0.9995,5.0E-4],"evs":[0.0,-3.12745]},"44":{"weight":1.0,"played":[1.0,0.0],"evs":[0.0,-3.56898]},"54o":{"weight":1.0,"played":[0.9994,6.0E-4],"evs":[0.0,-5.12348]},"64o":{"weight":1.0,"played":[0.9999,1.0E-4],"evs":[0.0,-5.08724]},"74o":{"weight":1.0,"played":[1.0,0.0],"evs":[0.0,-5.98442]},"84o":{"weight":1.0,"played":[1.0,0.0],"evs":[0.0,-6.7338]},"94o":{"weight":1.0,"played":[1.0,0.0],"evs":[0.0,-6.78421]},"T4o":{"weight":1.0,"played":[1.0,0.0],"evs":[0.0,-6.56426]},"J4o":{"weight":1.0,"played":[1.0,0.0],"evs":[0.0,-6.25727]},"Q4o":{"weight":1.0,"played":[1.0,0.0],"evs":[0.0,-6.85331]},"K4o":{"weight":1.0,"played":[1.0,0.0],"evs":[0.0,-5.70237]},"A4o":{"weight":1.0,"played":[1.0,0.0],"evs":[0.0,-7.76565]},"52s":{"weight":1.0,"played":[0.9998,2.0E-4],"evs":[0.0,-3.84495]},"53s":{"weight":1.0,"played":[1.0,0.0],"evs":[0.0,-3.62845]},"54s":{"weight":1.0,"played":[0.9989,0.0011],"evs":[0.0,-2.08555]},"55":{"weight":1.0,"played":[0.9988,0.0012],"evs":[0.0,-3.77459]},"65o":{"weight":1.0,"played":[0.9999,1.0E-4],"evs":[0.0,-4.76149]},"75o":{"weight":1.0,"played":[0.9999,1.0E-4],"evs":[0.0,-5.33985]},"85o":{"weight":1.0,"played":[0.9999,1.0E-4],"evs":[0.0,-5.99709]},"95o":{"weight":1.0,"played":[1.0,0.0],"evs":[0.0,-5.83585]},"T5o":{"weight":1.0,"played":[0.9999,1.0E-4],"evs":[0.0,-6.61829]},"J5o":{"weight":1.0,"played":[1.0,0.0],"evs":[0.0,-6.34886]},"Q5o":{"weight":1.0,"played":[1.0,0.0],"evs":[0.0,-6.68162]},"K5o":{"weight":1.0,"played":[0.9999,1.0E-4],"evs":[0.0,-6.02732]},"A5o":{"weight":1.0,"played":[0.9999,1.0E-4],"evs":[0.0,-6.72989]},"62s":{"weight":1.0,"played":[1.0,0.0],"evs":[0.0,-4.57437]},"63s":{"weight":1.0,"played":[0.9994,6.0E-4],"evs":[0.0,-4.64017]},"64s":{"weight":1.0,"played":[1.0,0.0],"evs":[0.0,-4.0877]},"65s":{"weight":1.0,"played":[1.0,0.0],"evs":[0.0,-3.21923]},"66":{"weight":1.0,"played":[0.9986,0.0014],"evs":[0.0,-3.10737]},"76o":{"weight":1.0,"played":[1.0,0.0],"evs":[0.0,-4.80175]},"86o":{"weight":1.0,"played":[0.9999,1.0E-4],"evs":[0.0,-5.19044]},"96o":{"weight":1.0,"played":[1.0,0.0],"evs":[0.0,-5.35782]},"T6o":{"weight":1.0,"played":[1.0,0.0],"evs":[0.0,-6.58183]},"J6o":{"weight":1.0,"played":[1.0,0.0],"evs":[0.0,-6.46551]},"Q6o":{"weight":1.0,"played":[1.0,0.0],"evs":[0.0,-6.70231]},"K6o":{"weight":1.0,"played":[1.0,0.0],"evs":[0.0,-5.38449]},"A6o":{"weight":1.0,"played":[1.0,0.0],"evs":[0.0,-8.2636]},"72s":{"weight":1.0,"played":[1.0,0.0],"evs":[0.0,-5.57325]},"73s":{"weight":1.0,"played":[1.0,0.0],"evs":[0.0,-3.56374]},"74s":{"weight":1.0,"played":[0.9971,0.0029],"evs":[0.0,-3.88766]},"75s":{"weight":1.0,"played":[1.0,0.0],"evs":[0.0,-3.62811]},"76s":{"weight":1.0,"played":[0.9946,0.0054],"evs":[0.0,-2.90948]},"77":{"weight":1.0,"played":[0.997,0.003],"evs":[0.0,-2.08279]},"87o":{"weight":1.0,"played":[0.9998,2.0E-4],"evs":[0.0,-5.26877]},"97o":{"weight":1.0,"played":[1.0,0.0],"evs":[0.0,-5.52314]},"T7o":{"weight":1.0,"played":[1.0,0.0],"evs":[0.0,-5.95344]},"J7o":{"weight":1.0,"played":[0.9999,1.0E-4],"evs":[0.0,-6.02247]},"Q7o":{"weight":1.0,"played":[0.9999,1.0E-4],"evs":[0.0,-6.6701]},"K7o":{"weight":1.0,"played":[1.0,0.0],"evs":[0.0,-5.41338]},"A7o":{"weight":1.0,"played":[1.0,0.0],"evs":[0.0,-7.25989]},"82s":{"weight":1.0,"played":[0.9999,1.0E-4],"evs":[0.0,-5.29412]},"83s":{"weight":1.0,"played":[0.9986,0.0014],"evs":[0.0,-4.6909]},"84s":{"weight":1.0,"played":[0.9997,3.0E-4],"evs":[0.0,-4.28336]},"85s":{"weight":1.0,"played":[0.999,0.001],"evs":[0.0,-3.41118]},"86s":{"weight":1.0,"played":[0.9939,0.0061],"evs":[0.0,-1.24308]},"87s":{"weight":1.0,"played":[0.9997,3.0E-4],"evs":[0.0,-2.51417]},"88":{"weight":1.0,"played":[0.9437,0.0563],"evs":[0.0,-0.06427]},"98o":{"weight":1.0,"played":[1.0,0.0],"evs":[0.0,-4.67448]},"T8o":{"weight":1.0,"played":[0.9995,5.0E-4],"evs":[0.0,-4.39506]},"J8o":{"weight":1.0,"played":[1.0,0.0],"evs":[0.0,-4.97273]},"Q8o":{"weight":1.0,"played":[1.0,0.0],"evs":[0.0,-5.57166]},"K8o":{"weight":1.0,"played":[0.9999,1.0E-4],"evs":[0.0,-4.98692]},"A8o":{"weight":1.0,"played":[1.0,0.0],"evs":[0.0,-7.46733]},"92s":{"weight":1.0,"played":[1.0,0.0],"evs":[0.0,-4.79926]},"93s":{"weight":1.0,"played":[1.0,0.0],"evs":[0.0,-5.93078]},"94s":{"weight":1.0,"played":[1.0,0.0],"evs":[0.0,-4.47309]},"95s":{"weight":1.0,"played":[0.9994,6.0E-4],"evs":[0.0,-4.66559]},"96s":{"weight":1.0,"played":[1.0,0.0],"evs":[0.0,-3.00041]},"97s":{"weight":1.0,"played":[0.9999,1.0E-4],"evs":[0.0,-1.78875]},"98s":{"weight":1.0,"played":[0.9988,0.0012],"evs":[0.0,-1.32111]},"99":{"weight":1.0,"played":[0.1338,0.8662],"evs":[0.0,0.5326]},"T9o":{"weight":1.0,"played":[0.9997,3.0E-4],"evs":[0.0,-3.68788]},"J9o":{"weight":1.0,"played":[1.0,0.0],"evs":[0.0,-4.34152]},"Q9o":{"weight":1.0,"played":[0.9999,1.0E-4],"evs":[0.0,-4.66781]},"K9o":{"weight":1.0,"played":[1.0,0.0],"evs":[0.0,-4.195]},"A9o":{"weight":1.0,"played":[1.0,0.0],"evs":[0.0,-5.89391]},"T2s":{"weight":1.0,"played":[1.0,0.0],"evs":[0.0,-5.71086]},"T3s":{"weight":1.0,"played":[0.9999,1.0E-4],"evs":[0.0,-6.16134]},"T4s":{"weight":1.0,"played":[0.9999,1.0E-4],"evs":[0.0,-4.57801]},"T5s":{"weight":1.0,"played":[0.9992,8.0E-4],"evs":[0.0,-5.431]},"T6s":{"weight":1.0,"played":[0.9996,4.0E-4],"evs":[0.0,-3.22973]},"T7s":{"weight":1.0,"played":[1.0,0.0],"evs":[0.0,-3.3601]},"T8s":{"weight":1.0,"played":[0.9917,0.0083],"evs":[0.0,-3.28416]},"T9s":{"weight":1.0,"played":[0.9919,0.0081],"evs":[0.0,-3.11968]},"TT":{"weight":1.0,"played":[5.0E-4,0.9995],"evs":[0.0,3.44897]},"JTo":{"weight":1.0,"played":[1.0,0.0],"evs":[0.0,-4.0371]},"QTo":{"weight":1.0,"played":[0.9999,1.0E-4],"evs":[0.0,-4.5013]},"KTo":{"weight":1.0,"played":[0.9999,1.0E-4],"evs":[0.0,-3.64849]},"ATo":{"weight":1.0,"played":[0.9991,9.0E-4],"evs":[0.0,-5.99226]},"J2s":{"weight":1.0,"played":[0.9998,2.0E-4],"evs":[0.0,-5.60895]},"J3s":{"weight":1.0,"played":[0.9997,3.0E-4],"evs":[0.0,-4.51582]},"J4s":{"weight":1.0,"played":[0.9984,0.0016],"evs":[0.0,-3.80225]},"J5s":{"weight":1.0,"played":[0.9998,2.0E-4],"evs":[0.0,-4.3483]},"J6s":{"weight":1.0,"played":[0.9993,7.0E-4],"evs":[0.0,-4.63043]},"J7s":{"weight":1.0,"played":[0.9997,3.0E-4],"evs":[0.0,-3.45522]},"J8s":{"weight":1.0,"played":[0.9981,0.0019],"evs":[0.0,-3.29594]},"J9s":{"weight":1.0,"played":[0.9945,0.0055],"evs":[0.0,-3.41965]},"JTs":{"weight":1.0,"played":[0.9985,0.0015],"evs":[0.0,-2.36746]},"JJ":{"weight":1.0,"played":[0.0,1.0],"evs":[0.0,6.94145]},"QJo":{"weight":1.0,"played":[0.9997,3.0E-4],"evs":[0.0,-3.39744]},"KJo":{"weight":1.0,"played":[0.9992,8.0E-4],"evs":[0.0,-3.0354]},"AJo":{"weight":1.0,"played":[0.9993,7.0E-4],"evs":[0.0,-4.45527]},"Q2s":{"weight":1.0,"played":[0.9997,3.0E-4],"evs":[0.0,-4.52057]},"Q3s":{"weight":1.0,"played":[0.9986,0.0014],"evs":[0.0,-5.17723]},"Q4s":{"weight":1.0,"played":[0.9993,7.0E-4],"evs":[0.0,-4.57176]},"Q5s":{"weight":1.0,"played":[0.9997,3.0E-4],"evs":[0.0,-5.13588]},"Q6s":{"weight":1.0,"played":[0.9999,1.0E-4],"evs":[0.0,-4.92843]},"Q7s":{"weight":1.0,"played":[0.9995,5.0E-4],"evs":[0.0,-4.19069]},"Q8s":{"weight":1.0,"played":[0.9994,6.0E-4],"evs":[0.0,-4.0001]},"Q9s":{"weight":1.0,"played":[0.9996,4.0E-4],"evs":[0.0,-2.73245]},"QTs":{"weight":1.0,"played":[0.9817,0.0183],"evs":[0.0,-2.90406]},"QJs":{"weight":1.0,"played":[0.9845,0.0155],"evs":[0.0,-1.85097]},"QQ":{"weight":1.0,"played":[0.0,1.0],"evs":[0.0,9.43857]},"KQo":{"weight":1.0,"played":[0.9992,8.0E-4],"evs":[0.0,-3.63572]},"AQo":{"weight":1.0,"played":[0.9998,2.0E-4],"evs":[0.0,-1.75493]},"K2s":{"weight":1.0,"played":[0.9991,9.0E-4],"evs":[0.0,-3.95814]},"K3s":{"weight":1.0,"played":[0.9992,8.0E-4],"evs":[0.0,-4.55647]},"K4s":{"weight":1.0,"played":[0.9825,0.0175],"evs":[0.0,-3.6997]},"K5s":{"weight":1.0,"played":[0.9993,7.0E-4],"evs":[0.0,-3.43297]},"K6s":{"weight":1.0,"played":[1.0,0.0],"evs":[0.0,-3.91721]},"K7s":{"weight":1.0,"played":[0.9986,0.0014],"evs":[0.0,-2.817]},"K8s":{"weight":1.0,"played":[0.9999,1.0E-4],"evs":[0.0,-3.3982]},"K9s":{"weight":1.0,"played":[0.9935,0.0065],"evs":[0.0,-2.82404]},"KTs":{"weight":1.0,"played":[0.997,0.003],"evs":[0.0,-2.27613]},"KJs":{"weight":1.0,"played":[0.98,0.02],"evs":[0.0,-1.10708]},"KQs":{"weight":1.0,"played":[0.9957,0.0043],"evs":[0.0,-1.47514]},"KK":{"weight":1.0,"played":[0.0,1.0],"evs":[0.0,14.63229]},"AKo":{"weight":1.0,"played":[0.2756,0.7244],"evs":[0.0,0.25404]},"A2s":{"weight":1.0,"played":[0.9999,1.0E-4],"evs":[0.0,-5.02562]},"A3s":{"weight":1.0,"played":[0.9996,4.0E-4],"evs":[0.0,-5.145]},"A4s":{"weight":1.0,"played":[0.9995,5.0E-4],"evs":[0.0,-4.36569]},"A5s":{"weight":1.0,"played":[0.9981,0.0019],"evs":[0.0,-4.02264]},"A6s":{"weight":1.0,"played":[1.0,0.0],"evs":[0.0,-5.122]},"A7s":{"weight":1.0,"played":[0.9998,2.0E-4],"evs":[0.0,-5.50148]},"A8s":{"weight":1.0,"played":[0.9734,0.0266],"evs":[0.0,-5.74713]},"A9s":{"weight":1.0,"played":[0.999,0.001],"evs":[0.0,-3.2972]},"ATs":{"weight":1.0,"played":[0.9953,0.0047],"evs":[0.0,-3.043]},"AJs":{"weight":1.0,"played":[0.9767,0.0233],"evs":[0.0,-0.81119]},"AQs":{"weight":1.0,"played":[0.9621,0.0379],"evs":[0.0,-2.09285]},"AKs":{"weight":1.0,"played":[0.0143,0.9857],"evs":[0.0,2.2058]},"AA":{"weight":1.0,"played":[0.0,1.0],"evs":[0.0,21.4227]}}}