{"player":0,"street":0,"children":2,"sequence":[{"player":0,"type":"R","amount":200000,"street":0},{"player":1,"type":"F","amount":0,"street":0},{"player":2,"type":"F","amount":0,"street":0},{"player":3,"type":"F","amount":0,"street":0},{"player":4,"type":"F","amount":0,"street":0},{"player":5,"type":"R","amount":2235000,"street":0}],"actions":[{"type":"F","amount":0},{"type":"C","amount":2035000}],"hands":{"22":{"weight":0.0,"played":[1.0,0.0],"evs":[0.0,-1.8329]},"32o":{"weight":0.0,"played":[1.0,0.0],"evs":[0.0,-6.21247]},"42o":{"weight":0.0,"played":[1.0,0.0],"evs":[0.0,-6.04674]},"52o":{"weight":0.0,"played":[1.0,0.0],"evs":[0.0,-5.87708]},"62o":{"weight":0.0,"played":[1.0,0.0],"evs":[0.0,-6.33402]},"72o":{"weight":0.0,"played":[1.0,0.0],"evs":[0.0,-6.63806]},"82o":{"weight":0.0,"played":[1.0,0.0],"evs":[0.0,-6.19409]},"92o":{"weight":0.0,"played":[1.0,0.0],"evs":[0.0,-5.86962]},"T2o":{"weight":0.0,"played":[1.0,0.0],"evs":[0.0,-5.67605]},"J2o":{"weight":0.0,"played":[1.0,0.0],"evs":[0.0,-5.45041]},"Q2o":{"weight":0.0,"played":[1.0,0.0],"evs":[0.0,-5.07487]},"K2o":{"weight":0.0,"played":[1.0,0.0],"evs":[0.0,-4.40224]},"A2o":{"weight":0.0,"played":[1.0,0.0],"evs":[0.0,-3.58095]},"32s":{"weight":0.0,"played":[1.0,0.0],"evs":[0.0,-4.89051]},"33":{"weight":0.4165,"played":[1.0,0.0],"evs":[0.0,-0.93033]},"43o":{"weight":0.0,"played":[1.0,0.0],"evs":[0.0,-5.06877]},"53o":{"weight":0.0,"played":[1.0,0.0],"evs":[0.0,-4.96505]},"63o":{"weight":0.0,"played":[1.0,0.0],"evs":[0.0,-5.39678]},"73o":{"weight":0.0,"played":[1.0,0.0],"evs":[0.0,-5.63505]},"83o":{"weight":0.0,"played":[1.0,0.0],"evs":[0.0,-5.67695]},"93o":{"weight":0.0,"played":[1.0,0.0],"evs":[0.0,-5.29066]},"T3o":{"weight":0.0,"played":[1.0,0.0],"evs":[0.0,-5.0382]},"J3o":{"weight":0.0,"played":[1.0,0.0],"evs":[0.0,-4.90356]},"Q3o":{"weight":0.0,"played":[1.0,0.0],"evs":[0.0,-4.50751]},"K3o":{"weight":0.0,"played":[1.0,0.0],"evs":[0.0,-3.85819]},"A3o":{"weight":0.0,"played":[1.0,0.0],"evs":[0.0,-3.28267]},"42s":{"weight":0.0,"played":[1.0,0.0],"evs":[0.0,-4.76768]},"43s":{"weight":0.0,"played":[1.0,0.0],"evs":[0.0,-3.84587]},"44":{"weight":0.9999,"played":[1.0,0.0],"evs":[0.0,-0.53005]},"54o":{"weight":0.0,"played":[1.0,0.0],"evs":[0.0,-4.39029]},"64o":{"weight":0.0,"played":[1.0,0.0],"evs":[0.0,-4.80345]},"74o":{"weight":0.0,"played":[1.0,0.0],"evs":[0.0,-4.99891]},"84o":{"weight":0.0,"played":[1.0,0.0],"evs":[0.0,-5.12405]},"94o":{"weight":0.0,"played":[1.0,0.0],"evs":[0.0,-5.16601]},"T4o":{"weight":0.0,"played":[1.0,0.0],"evs":[0.0,-4.84287]},"J4o":{"weight":0.0,"played":[1.0,0.0],"evs":[0.0,-4.60232]},"Q4o":{"weight":0.0,"played":[1.0,0.0],"evs":[0.0,-4.22719]},"K4o":{"weight":0.0,"played":[1.0,0.0],"evs":[0.0,-3.6266]},"A4o":{"weight":0.0,"played":[1.0,0.0],"evs":[0.0,-2.98059]},"52s":{"weight":0.0,"played":[1.0,0.0],"evs":[0.0,-4.533]},"53s":{"weight":0.0,"played":[1.0,0.0],"evs":[0.0,-3.70286]},"54s":{"weight":0.0,"played":[1.0,0.0],"evs":[0.0,-3.10876]},"55":{"weight":1.0,"played":[0.9981,0.0019],"evs":[0.0,-0.3351]},"65o":{"weight":0.0,"played":[1.0,0.0],"evs":[0.0,-4.36973]},"75o":{"weight":0.0,"played":[1.0,0.0],"evs":[0.0,-4.53946]},"85o":{"weight":0.0,"played":[1.0,0.0],"evs":[0.0,-4.63755]},"95o":{"weight":0.0,"played":[1.0,0.0],"evs":[0.0,-4.63908]},"T5o":{"weight":0.0,"played":[1.0,0.0],"evs":[0.0,-4.76552]},"J5o":{"weight":0.0,"played":[1.0,0.0],"evs":[0.0,-4.5441]},"Q5o":{"weight":0.0,"played":[1.0,0.0],"evs":[0.0,-4.122]},"K5o":{"weight":0.0,"played":[1.0,0.0],"evs":[0.0,-3.53341]},"A5o":{"weight":0.0,"played":[1.0,0.0],"evs":[0.0,-2.80074]},"62s":{"weight":0.0,"played":[1.0,0.0],"evs":[0.0,-4.9112]},"63s":{"weight":0.0,"played":[1.0,0.0],"evs":[0.0,-4.1753]},"64s":{"weight":0.0,"played":[1.0,0.0],"evs":[0.0,-3.57477]},"65s":{"weight":0.0,"played":[1.0,0.0],"evs":[0.0,-3.17051]},"66":{"weight":1.0,"played":[0.9143,0.0857],"evs":[0.0,-0.0642]},"76o":{"weight":0.0,"played":[1.0,0.0],"evs":[0.0,-4.10186]},"86o":{"weight":0.0,"played":[1.0,0.0],"evs":[0.0,-4.19605]},"96o":{"weight":0.0,"played":[1.0,0.0],"evs":[0.0,-4.22841]},"T6o":{"weight":0.0,"played":[1.0,0.0],"evs":[0.0,-4.31778]},"J6o":{"weight":0.0,"played":[1.0,0.0],"evs":[0.0,-4.52093]},"Q6o":{"weight":0.0,"played":[1.0,0.0],"evs":[0.0,-4.00425]},"K6o":{"weight":0.0,"played":[1.0,0.0],"evs":[0.0,-3.3695]},"A6o":{"weight":0.0,"played":[1.0,0.0],"evs":[0.0,-3.05797]},"72s":{"weight":0.0,"played":[1.0,0.0],"evs":[0.0,-5.17845]},"73s":{"weight":0.0,"played":[1.0,0.0],"evs":[0.0,-4.38928]},"74s":{"weight":0.0,"played":[1.0,0.0],"evs":[0.0,-3.77485]},"75s":{"weight":0.0,"played":[1.0,0.0],"evs":[0.0,-3.3266]},"76s":{"weight":0.0038,"played":[1.0,0.0],"evs":[0.0,-2.95073]},"77":{"weight":1.0,"played":[2.0E-4,0.9998],"evs":[0.0,0.69717]},"87o":{"weight":0.0,"played":[1.0,0.0],"evs":[0.0,-3.76563]},"97o":{"weight":0.0,"played":[1.0,0.0],"evs":[0.0,-3.82041]},"T7o":{"weight":0.0,"played":[1.0,0.0],"evs":[0.0,-3.93377]},"J7o":{"weight":0.0,"played":[1.0,0.0],"evs":[0.0,-4.09801]},"Q7o":{"weight":0.0,"played":[1.0,0.0],"evs":[0.0,-3.95496]},"K7o":{"weight":0.0,"played":[1.0,0.0],"evs":[0.0,-3.24923]},"A7o":{"weight":0.0,"played":[1.0,0.0],"evs":[0.0,-2.72063]},"82s":{"weight":0.0,"played":[1.0,0.0],"evs":[0.0,-4.88849]},"83s":{"weight":0.0,"played":[1.0,0.0],"evs":[0.0,-4.51543]},"84s":{"weight":0.0,"played":[1.0,0.0],"evs":[0.0,-3.88099]},"85s":{"weight":0.0,"played":[1.0,0.0],"evs":[0.0,-3.43154]},"86s":{"weight":0.0,"played":[1.0,0.0],"evs":[0.0,-2.93821]},"87s":{"weight":0.9996,"played":[1.0,0.0],"evs":[0.0,-2.57033]},"88":{"weight":0.9986,"played":[0.0,1.0],"evs":[0.0,2.01072]},"98o":{"weight":0.0,"played":[1.0,0.0],"evs":[0.0,-3.29642]},"T8o":{"weight":0.0,"played":[1.0,0.0],"evs":[0.0,-3.32082]},"J8o":{"weight":0.0,"played":[1.0,0.0],"evs":[0.0,-3.3948]},"Q8o":{"weight":0.0,"played":[1.0,0.0],"evs":[0.0,-3.37341]},"K8o":{"weight":0.0,"played":[1.0,0.0],"evs":[0.0,-3.07784]},"A8o":{"weight":4.0E-4,"played":[1.0,0.0],"evs":[0.0,-2.1984]},"92s":{"weight":0.0,"played":[1.0,0.0],"evs":[0.0,-4.48554]},"93s":{"weight":0.0,"played":[1.0,0.0],"evs":[0.0,-4.04094]},"94s":{"weight":0.0,"played":[1.0,0.0],"evs":[0.0,-3.9414]},"95s":{"weight":0.0,"played":[1.0,0.0],"evs":[0.0,-3.38391]},"96s":{"weight":0.0,"played":[1.0,0.0],"evs":[0.0,-3.08487]},"97s":{"weight":0.0,"played":[1.0,0.0],"evs":[0.0,-2.56324]},"98s":{"weight":0.9997,"played":[1.0,0.0],"evs":[0.0,-2.04597]},"99":{"weight":0.9988,"played":[0.0,1.0],"evs":[0.0,3.2698]},"T9o":{"weight":0.0,"played":[1.0,0.0],"evs":[0.0,-2.61565]},"J9o":{"weight":0.0,"played":[1.0,0.0],"evs":[0.0,-2.69327]},"Q9o":{"weight":0.0,"played":[1.0,0.0],"evs":[0.0,-2.72934]},"K9o":{"weight":0.0,"played":[1.0,0.0],"evs":[0.0,-2.41173]},"A9o":{"weight":1.0,"played":[1.0,0.0],"evs":[0.0,-1.74752]},"T2s":{"weight":0.0,"played":[1.0,0.0],"evs":[0.0,-4.28645]},"T3s":{"weight":0.0,"played":[1.0,0.0],"evs":[0.0,-3.75482]},"T4s":{"weight":0.0,"played":[1.0,0.0],"evs":[0.0,-3.55461]},"T5s":{"weight":0.0,"played":[1.0,0.0],"evs":[0.0,-3.52364]},"T6s":{"weight":0.0,"played":[1.0,0.0],"evs":[0.0,-3.12387]},"T7s":{"weight":0.0,"played":[1.0,0.0],"evs":[0.0,-2.7959]},"T8s":{"weight":0.9999,"played":[1.0,0.0],"evs":[0.0,-2.09089]},"T9s":{"weight":1.0,"played":[1.0,0.0],"evs":[0.0,-1.43192]},"TT":{"weight":1.0,"played":[0.0,1.0],"evs":[0.0,5.0038]},"JTo":{"weight":0.0,"played":[1.0,0.0],"evs":[0.0,-1.92398]},"QTo":{"weight":0.0605,"played":[1.0,0.0],"evs":[0.0,-1.77425]},"KTo":{"weight":0.9453,"played":[1.0,0.0],"evs":[0.0,-1.32225]},"ATo":{"weight":1.0,"played":[1.0,0.0],"evs":[0.0,-0.82047]},"J2s":{"weight":0.0,"played":[1.0,0.0],"evs":[0.0,-4.17787]},"J3s":{"weight":0.0,"played":[1.0,0.0],"evs":[0.0,-3.54341]},"J4s":{"weight":0.0,"played":[1.0,0.0],"evs":[0.0,-3.33066]},"J5s":{"weight":0.0,"played":[1.0,0.0],"evs":[0.0,-3.17384]},"J6s":{"weight":0.0,"played":[1.0,0.0],"evs":[0.0,-3.17192]},"J7s":{"weight":0.0,"played":[1.0,0.0],"evs":[0.0,-2.79591]},"J8s":{"weight":0.6993,"played":[1.0,0.0],"evs":[0.0,-2.21041]},"J9s":{"weight":1.0,"played":[1.0,0.0],"evs":[0.0,-1.52243]},"JTs":{"weight":1.0,"played":[1.0,0.0],"evs":[0.0,-0.78156]},"JJ":{"weight":1.0,"played":[0.0,1.0],"evs":[0.0,6.76263]},"QJo":{"weight":1.0,"played":[1.0,0.0],"evs":[0.0,-1.6164]},"KJo":{"weight":1.0,"played":[1.0,0.0],"evs":[0.0,-1.16949]},"AJo":{"weight":1.0,"played":[0.5992,0.4008],"evs":[0.0,-0.00883]},"Q2s":{"weight":0.0,"played":[1.0,0.0],"evs":[0.0,-3.67652]},"Q3s":{"weight":0.0,"played":[1.0,0.0],"evs":[0.0,-3.19818]},"Q4s":{"weight":0.0,"played":[1.0,0.0],"evs":[0.0,-2.90749]},"Q5s":{"weight":0.0,"played":[1.0,0.0],"evs":[0.0,-2.87659]},"Q6s":{"weight":0.0,"played":[1.0,0.0],"evs":[0.0,-2.77679]},"Q7s":{"weight":0.0,"played":[1.0,0.0],"evs":[0.0,-2.73441]},"Q8s":{"weight":0.9709,"played":[1.0,0.0],"evs":[0.0,-2.18952]},"Q9s":{"weight":1.0,"played":[1.0,0.0],"evs":[0.0,-1.58999]},"QTs":{"weight":1.0,"played":[1.0,0.0],"evs":[0.0,-0.59784]},"QJs":{"weight":1.0,"played":[0.9997,3.0E-4],"evs":[0.0,-0.49238]},"QQ":{"weight":1.0,"played":[0.0,1.0],"evs":[0.0,8.92]},"KQo":{"weight":1.0,"played":[1.0,0.0],"evs":[0.0,-0.91724]},"AQo":{"weight":0.9981,"played":[0.0,1.0],"evs":[0.0,2.20494]},"K2s":{"weight":0.0,"played":[1.0,0.0],"evs":[0.0,-2.98553]},"K3s":{"weight":0.0,"played":[1.0,0.0],"evs":[0.0,-2.58181]},"K4s":{"weight":0.0,"played":[1.0,0.0],"evs":[0.0,-2.28255]},"K5s":{"weight":0.0,"played":[1.0,0.0],"evs":[0.0,-2.21276]},"K6s":{"weight":2.0E-4,"played":[1.0,0.0],"evs":[0.0,-2.10427]},"K7s":{"weight":0.9982,"played":[1.0,0.0],"evs":[0.0,-2.03157]},"K8s":{"weight":1.0,"played":[1.0,0.0],"evs":[0.0,-1.90675]},"K9s":{"weight":1.0,"played":[1.0,0.0],"evs":[0.0,-1.25245]},"KTs":{"weight":1.0,"played":[0.9716,0.0284],"evs":[0.0,-0.21221]},"KJs":{"weight":0.9971,"played":[0.518,0.482],"evs":[0.0,0.00474]},"KQs":{"weight":1.0,"played":[0.0121,0.9879],"evs":[0.0,0.17332]},"KK":{"weight":1.0,"played":[0.0,1.0],"evs":[0.0,11.34166]},"AKo":{"weight":0.9989,"played":[0.0,1.0],"evs":[0.0,4.97108]},"A2s":{"weight":1.0,"played":[1.0,0.0],"evs":[0.0,-2.31297]},"A3s":{"weight":1.0,"played":[1.0,0.0],"evs":[0.0,-1.9459]},"A4s":{"weight":1.0,"played":[1.0,0.0],"evs":[0.0,-1.72524]},"A5s":{"weight":1.0,"played":[1.0,0.0],"evs":[0.0,-1.62573]},"A6s":{"weight":1.0,"played":[1.0,0.0],"evs":[0.0,-1.87331]},"A7s":{"weight":1.0,"played":[1.0,0.0],"evs":[0.0,-1.49371]},"A8s":{"weight":1.0,"played":[1.0,0.0],"evs":[0.0,-1.07408]},"A9s":{"weight":1.0,"played":[1.0,0.0],"evs":[0.0,-0.62183]},"ATs":{"weight":1.0,"played":[0.0841,0.9159],"evs":[0.0,0.24124]},"AJs":{"weight":1.0,"played":[0.0,1.0],"evs":[0.0,1.04534]},"AQs":{"weight":1.0,"played":[0.0,1.0],"evs":[0.0,3.11786]},"AKs":{"weight":1.0,"played":[0.0,1.0],"evs":[0.0,5.61443]},"AA":{"weight":1.0,"played":[0.0,1.0],"evs":[0.0,14.91576]}}}