{"player":3,"street":0,"children":3,"sequence":[{"player":0,"type":"F","amount":0,"street":0},{"player":1,"type":"F","amount":0,"street":0},{"player":2,"type":"F","amount":0,"street":0}],"actions":[{"type":"F","amount":0,"node":4},{"type":"R","amount":200000,"node":8},{"type":"R","amount":2235000,"node":18}],"hands":{"22":{"weight":1.0,"played":[0.0,0.0,1.0],"evs":[0.0,0.47924,0.7067]},"32o":{"weight":1.0,"played":[1.0,0.0,0.0],"evs":[0.0,-0.31568,-1.0239]},"42o":{"weight":1.0,"played":[1.0,0.0,0.0],"evs":[0.0,-0.29216,-0.9391]},"52o":{"weight":1.0,"played":[1.0,0.0,0.0],"evs":[0.0,-0.27687,-0.8668]},"62o":{"weight":1.0,"played":[1.0,0.0,0.0],"evs":[0.0,-0.30824,-0.98109]},"72o":{"weight":1.0,"played":[1.0,0.0,0.0],"evs":[0.0,-0.32044,-1.04675]},"82o":{"weight":1.0,"played":[1.0,0.0,0.0],"evs":[0.0,-0.31314,-0.94753]},"92o":{"weight":1.0,"played":[1.0,0.0,0.0],"evs":[0.0,-0.28673,-0.88083]},"T2o":{"weight":1.0,"played":[1.0,0.0,0.0],"evs":[0.0,-0.26011,-0.80045]},"J2o":{"weight":1.0,"played":[1.0,0.0,0.0],"evs":[0.0,-0.25129,-0.71805]},"Q2o":{"weight":1.0,"played":[1.0,0.0,0.0],"evs":[0.0,-0.20446,-0.57411]},"K2o":{"weight":1.0,"played":[1.0,0.0,0.0],"evs":[0.0,-0.16722,-0.33399]},"A2o":{"weight":1.0,"played":[0.0,1.0,0.0],"evs":[0.0,0.38781,0.36702]},"32s":{"weight":1.0,"played":[1.0,0.0,0.0],"evs":[0.0,-0.19946,-0.55353]},"33":{"weight":1.0,"played":[0.0,0.0,1.0],"evs":[0.0,0.77697,0.87957]},"43o":{"weight":1.0,"played":[1.0,0.0,0.0],"evs":[0.0,-0.24632,-0.73846]},"53o":{"weight":1.0,"played":[1.0,0.0,0.0],"evs":[0.0,-0.22212,-0.66486]},"63o":{"weight":1.0,"played":[1.0,0.0,0.0],"evs":[0.0,-0.25606,-0.78427]},"73o":{"weight":1.0,"played":[1.0,0.0,0.0],"evs":[0.0,-0.27448,-0.86391]},"83o":{"weight":1.0,"played":[1.0,0.0,0.0],"evs":[0.0,-0.29667,-0.91301]},"93o":{"weight":1.0,"played":[1.0,0.0,0.0],"evs":[0.0,-0.26694,-0.8145]},"T3o":{"weight":1.0,"played":[1.0,0.0,0.0],"evs":[0.0,-0.23791,-0.73215]},"J3o":{"weight":1.0,"played":[1.0,0.0,0.0],"evs":[0.0,-0.22529,-0.64988]},"Q3o":{"weight":1.0,"played":[1.0,0.0,0.0],"evs":[0.0,-0.18409,-0.51078]},"K3o":{"weight":1.0,"played":[1.0,0.0,0.0],"evs":[0.0,-0.12826,-0.28267]},"A3o":{"weight":1.0,"played":[0.0,0.996,0.004],"evs":[0.0,0.44605,0.42535]},"42s":{"weight":1.0,"played":[1.0,0.0,0.0],"evs":[0.0,-0.18092,-0.46514]},"43s":{"weight":1.0,"played":[1.0,0.0,0.0],"evs":[0.0,-0.08373,-0.28638]},"44":{"weight":1.0,"played":[0.0,0.2538,0.7462],"evs":[0.0,1.10681,1.112]},"54o":{"weight":1.0,"played":[1.0,0.0,0.0],"evs":[0.0,-0.18378,-0.46661]},"64o":{"weight":1.0,"played":[1.0,0.0,0.0],"evs":[0.0,-0.20441,-0.58178]},"74o":{"weight":1.0,"played":[1.0,0.0,0.0],"evs":[0.0,-0.22651,-0.65724]},"84o":{"weight":1.0,"played":[1.0,0.0,0.0],"evs":[0.0,-0.2504,-0.71259]},"94o":{"weight":1.0,"played":[1.0,0.0,0.0],"evs":[0.0,-0.25007,-0.776]},"T4o":{"weight":1.0,"played":[1.0,0.0,0.0],"evs":[0.0,-0.22166,-0.64875]},"J4o":{"weight":1.0,"played":[1.0,0.0,0.0],"evs":[0.0,-0.20352,-0.5706]},"Q4o":{"weight":1.0,"played":[1.0,0.0,0.0],"evs":[0.0,-0.15259,-0.43098]},"K4o":{"weight":1.0,"played":[1.0,0.0,0.0],"evs":[0.0,-0.07116,-0.2033]},"A4o":{"weight":1.0,"played":[0.0,0.7413,0.2587],"evs":[0.0,0.50173,0.4979]},"52s":{"weight":1.0,"played":[1.0,0.0,0.0],"evs":[0.0,-0.14623,-0.39412]},"53s":{"weight":1.0,"played":[1.0,0.0,0.0],"evs":[0.0,-0.03022,-0.20408]},"54s":{"weight":1.0,"played":[0.0,1.0,0.0],"evs":[0.0,0.07271,-0.01168]},"55":{"weight":1.0,"played":[0.0,0.9998,2.0E-4],"evs":[0.0,1.44816,1.3518]},"65o":{"weight":1.0,"played":[1.0,0.0,0.0],"evs":[0.0,-0.13338,-0.38979]},"75o":{"weight":1.0,"played":[1.0,0.0,0.0],"evs":[0.0,-0.1703,-0.45676]},"85o":{"weight":1.0,"played":[1.0,0.0,0.0],"evs":[0.0,-0.19439,-0.52019]},"95o":{"weight":1.0,"played":[1.0,0.0,0.0],"evs":[0.0,-0.20129,-0.57926]},"T5o":{"weight":1.0,"played":[1.0,0.0,0.0],"evs":[0.0,-0.19465,-0.62698]},"J5o":{"weight":1.0,"played":[1.0,0.0,0.0],"evs":[0.0,-0.17488,-0.51176]},"Q5o":{"weight":1.0,"played":[1.0,0.0,0.0],"evs":[0.0,-0.12152,-0.37393]},"K5o":{"weight":1.0,"played":[0.9999,1.0E-4,0.0],"evs":[0.0,-0.00465,-0.14675]},"A5o":{"weight":1.0,"played":[0.0,0.942,0.058],"evs":[0.0,0.58706,0.57844]},"62s":{"weight":1.0,"played":[1.0,0.0,0.0],"evs":[0.0,-0.1924,-0.513]},"63s":{"weight":1.0,"played":[1.0,0.0,0.0],"evs":[0.0,-0.09622,-0.32219]},"64s":{"weight":1.0,"played":[2.0E-4,0.9998,0.0],"evs":[0.0,0.02302,-0.12987]},"65s":{"weight":1.0,"played":[0.0,1.0,0.0],"evs":[0.0,0.1368,0.03508]},"66":{"weight":1.0,"played":[0.0,1.0,0.0],"evs":[0.0,1.75111,1.60031]},"76o":{"weight":1.0,"played":[1.0,0.0,0.0],"evs":[0.0,-0.06482,-0.28379]},"86o":{"weight":1.0,"played":[1.0,0.0,0.0],"evs":[0.0,-0.11184,-0.33907]},"96o":{"weight":1.0,"played":[1.0,0.0,0.0],"evs":[0.0,-0.15217,-0.3985]},"T6o":{"weight":1.0,"played":[1.0,0.0,0.0],"evs":[0.0,-0.16325,-0.44321]},"J6o":{"weight":1.0,"played":[1.0,0.0,0.0],"evs":[0.0,-0.16265,-0.48705]},"Q6o":{"weight":1.0,"played":[1.0,0.0,0.0],"evs":[0.0,-0.10769,-0.31607]},"K6o":{"weight":1.0,"played":[0.0,1.0,0.0],"evs":[0.0,0.03652,-0.08606]},"A6o":{"weight":1.0,"played":[0.0,0.1711,0.8289],"evs":[0.0,0.58063,0.58245]},"72s":{"weight":1.0,"played":[1.0,0.0,0.0],"evs":[0.0,-0.20596,-0.57596]},"73s":{"weight":1.0,"played":[1.0,0.0,0.0],"evs":[0.0,-0.14279,-0.39255]},"74s":{"weight":1.0,"played":[0.9982,0.0018,0.0],"evs":[0.0,-0.02142,-0.19525]},"75s":{"weight":1.0,"played":[2.0E-4,0.9998,0.0],"evs":[0.0,0.09826,-0.02127]},"76s":{"weight":1.0,"played":[0.0,0.9998,2.0E-4],"evs":[0.0,0.20655,0.14817]},"77":{"weight":1.0,"played":[0.0,1.0,0.0],"evs":[0.0,2.07618,1.86695]},"87o":{"weight":1.0,"played":[0.9869,0.0131,0.0],"evs":[0.0,-0.00301,-0.16262]},"97o":{"weight":1.0,"played":[1.0,0.0,0.0],"evs":[0.0,-0.04062,-0.21698]},"T7o":{"weight":1.0,"played":[1.0,0.0,0.0],"evs":[0.0,-0.05246,-0.2578]},"J7o":{"weight":1.0,"played":[1.0,0.0,0.0],"evs":[0.0,-0.08626,-0.3127]},"Q7o":{"weight":1.0,"played":[1.0,0.0,0.0],"evs":[0.0,-0.08609,-0.29315]},"K7o":{"weight":1.0,"played":[0.0,1.0,0.0],"evs":[0.0,0.0779,-0.03141]},"A7o":{"weight":1.0,"played":[0.0,0.0,1.0],"evs":[0.0,0.70478,0.78146]},"82s":{"weight":1.0,"played":[1.0,0.0,0.0],"evs":[0.0,-0.19056,-0.48566]},"83s":{"weight":1.0,"played":[1.0,0.0,0.0],"evs":[0.0,-0.17981,-0.45177]},"84s":{"weight":1.0,"played":[1.0,0.0,0.0],"evs":[0.0,-0.06919,-0.26257]},"85s":{"weight":1.0,"played":[2.0E-4,0.9998,0.0],"evs":[0.0,0.0521,-0.0846]},"86s":{"weight":1.0,"played":[0.0,0.9999,1.0E-4],"evs":[0.0,0.16615,0.08554]},"87s":{"weight":1.0,"played":[0.0,0.9969,0.0031],"evs":[0.0,0.27877,0.25492]},"88":{"weight":1.0,"played":[0.0,1.0,0.0],"evs":[0.0,2.44652,2.16556]},"98o":{"weight":1.0,"played":[0.0,1.0,0.0],"evs":[0.0,0.05955,-0.03607]},"T8o":{"weight":1.0,"played":[0.0,1.0,0.0],"evs":[0.0,0.04812,-0.07126]},"J8o":{"weight":1.0,"played":[0.0,1.0,0.0],"evs":[0.0,0.02547,-0.12205]},"Q8o":{"weight":1.0,"played":[0.0,1.0,0.0],"evs":[0.0,0.02437,-0.10596]},"K8o":{"weight":1.0,"played":[0.0,1.0,0.0],"evs":[0.0,0.12821,0.00645]},"A8o":{"weight":1.0,"played":[0.0,0.0,1.0],"evs":[0.0,0.95064,1.02664]},"92s":{"weight":1.0,"played":[1.0,0.0,0.0],"evs":[0.0,-0.16215,-0.41704]},"93s":{"weight":1.0,"played":[1.0,0.0,0.0],"evs":[0.0,-0.12486,-0.34961]},"94s":{"weight":1.0,"played":[1.0,0.0,0.0],"evs":[0.0,-0.10956,-0.31371]},"95s":{"weight":1.0,"played":[0.0011,0.9989,0.0],"evs":[0.0,0.0159,-0.13342]},"96s":{"weight":1.0,"played":[0.0,1.0,0.0],"evs":[0.0,0.12181,0.02741]},"97s":{"weight":1.0,"played":[0.0,0.998,0.002],"evs":[0.0,0.23685,0.21573]},"98s":{"weight":1.0,"played":[0.0,8.0E-4,0.9992],"evs":[0.0,0.35269,0.37426]},"99":{"weight":1.0,"played":[0.0,1.0,0.0],"evs":[0.0,2.84645,2.4719]},"T9o":{"weight":1.0,"played":[0.0,1.0,0.0],"evs":[0.0,0.18152,0.11796]},"J9o":{"weight":1.0,"played":[0.0,1.0,0.0],"evs":[0.0,0.16185,0.08297]},"Q9o":{"weight":1.0,"played":[0.0,1.0,0.0],"evs":[0.0,0.16566,0.09639]},"K9o":{"weight":1.0,"played":[0.0,1.0,0.0],"evs":[0.0,0.31352,0.21423]},"A9o":{"weight":1.0,"played":[0.0,0.0,1.0],"evs":[0.0,1.30045,1.32965]},"T2s":{"weight":1.0,"played":[1.0,0.0,0.0],"evs":[0.0,-0.10911,-0.33765]},"T3s":{"weight":1.0,"played":[1.0,0.0,0.0],"evs":[0.0,-0.05996,-0.2772]},"T4s":{"weight":1.0,"played":[1.0,0.0,0.0],"evs":[0.0,-0.02587,-0.20647]},"T5s":{"weight":1.0,"played":[0.0935,0.9065,0.0],"evs":[0.0,0.00986,-0.18439]},"T6s":{"weight":1.0,"played":[1.0E-4,0.9999,0.0],"evs":[0.0,0.11555,-0.01873]},"T7s":{"weight":1.0,"played":[0.0,1.0,0.0],"evs":[0.0,0.2234,0.15278]},"T8s":{"weight":1.0,"played":[0.0,0.7744,0.2256],"evs":[0.0,0.34781,0.33864]},"T9s":{"weight":1.0,"played":[0.0,0.0498,0.9502],"evs":[0.0,0.50565,0.50807]},"TT":{"weight":1.0,"played":[0.0,1.0,0.0],"evs":[0.0,3.43575,2.91699]},"JTo":{"weight":1.0,"played":[0.0,0.9985,0.0015],"evs":[0.0,0.35771,0.34025]},"QTo":{"weight":1.0,"played":[0.0,0.5911,0.4089],"evs":[0.0,0.41032,0.40765]},"KTo":{"weight":1.0,"played":[0.0,1.0,0.0],"evs":[0.0,0.61331,0.58393]},"ATo":{"weight":1.0,"played":[0.0,0.9982,0.0018],"evs":[0.0,1.88602,1.86224]},"J2s":{"weight":1.0,"played":[1.0,0.0,0.0],"evs":[0.0,-0.08124,-0.27098]},"J3s":{"weight":1.0,"played":[0.9995,5.0E-4,0.0],"evs":[0.0,-0.02764,-0.20673]},"J4s":{"weight":1.0,"played":[0.0367,0.9633,0.0],"evs":[0.0,0.01908,-0.12985]},"J5s":{"weight":1.0,"played":[0.0,1.0,0.0],"evs":[0.0,0.0716,-0.07864]},"J6s":{"weight":1.0,"played":[0.0,1.0,0.0],"evs":[0.0,0.10117,-0.05281]},"J7s":{"weight":1.0,"played":[0.0,0.9999,1.0E-4],"evs":[0.0,0.20047,0.11055]},"J8s":{"weight":1.0,"played":[0.0,0.9998,2.0E-4],"evs":[0.0,0.30951,0.29208]},"J9s":{"weight":1.0,"played":[0.0,0.3827,0.6173],"evs":[0.0,0.46632,0.46695]},"JTs":{"weight":1.0,"played":[0.0,1.0,0.0],"evs":[0.0,0.80625,0.71757]},"JJ":{"weight":1.0,"played":[0.0,1.0,0.0],"evs":[0.0,3.9927,3.35597]},"QJo":{"weight":1.0,"played":[0.0,0.5727,0.4273],"evs":[0.0,0.5813,0.58326]},"KJo":{"weight":1.0,"played":[0.0,0.8578,0.1422],"evs":[0.0,0.83594,0.8318]},"AJo":{"weight":1.0,"played":[0.0,0.9995,5.0E-4],"evs":[0.0,2.25814,2.21203]},"Q2s":{"weight":1.0,"played":[0.5938,0.4062,0.0],"evs":[0.0,0.00255,-0.1214]},"Q3s":{"weight":1.0,"played":[1.0E-4,0.9999,0.0],"evs":[0.0,0.03787,-0.06463]},"Q4s":{"weight":1.0,"played":[0.0,1.0,0.0],"evs":[0.0,0.08753,0.01129]},"Q5s":{"weight":1.0,"played":[0.0,1.0,0.0],"evs":[0.0,0.14424,0.06134]},"Q6s":{"weight":1.0,"played":[0.0,1.0,0.0],"evs":[0.0,0.17416,0.10871]},"Q7s":{"weight":1.0,"played":[0.0,1.0,0.0],"evs":[0.0,0.20381,0.12959]},"Q8s":{"weight":1.0,"played":[0.0,0.9253,0.0747],"evs":[0.0,0.31514,0.30129]},"Q9s":{"weight":1.0,"played":[0.0,0.1874,0.8126],"evs":[0.0,0.48265,0.48472]},"QTs":{"weight":1.0,"played":[0.0,1.0,0.0],"evs":[0.0,0.84012,0.77378]},"QJs":{"weight":1.0,"played":[0.0,0.9999,1.0E-4],"evs":[0.0,1.03388,0.93768]},"QQ":{"weight":1.0,"played":[0.0,1.0,0.0],"evs":[0.0,4.61528,3.83741]},"KQo":{"weight":1.0,"played":[0.0,0.5431,0.4569],"evs":[0.0,1.13818,1.13743]},"AQo":{"weight":1.0,"played":[0.0,1.0,0.0],"evs":[0.0,2.6817,2.57636]},"K2s":{"weight":1.0,"played":[0.0,1.0,0.0],"evs":[0.0,0.13666,0.09413]},"K3s":{"weight":1.0,"played":[0.0,0.9867,0.0133],"evs":[0.0,0.17866,0.15737]},"K4s":{"weight":1.0,"played":[0.0,0.8394,0.1606],"evs":[0.0,0.2326,0.23002]},"K5s":{"weight":1.0,"played":[0.0,0.3779,0.6221],"evs":[0.0,0.28463,0.2869]},"K6s":{"weight":1.0,"played":[0.0,0.5308,0.4692],"evs":[0.0,0.33065,0.33285]},"K7s":{"weight":1.0,"played":[0.0,0.9322,0.0678],"evs":[0.0,0.38693,0.36976]},"K8s":{"weight":1.0,"played":[0.0,0.8617,0.1383],"evs":[0.0,0.42786,0.41396]},"K9s":{"weight":1.0,"played":[0.0,0.9987,0.0013],"evs":[0.0,0.63068,0.60275]},"KTs":{"weight":1.0,"played":[0.0,1.0,0.0],"evs":[0.0,1.07921,0.94258]},"KJs":{"weight":1.0,"played":[0.0,1.0,0.0],"evs":[0.0,1.3075,1.16257]},"KQs":{"weight":1.0,"played":[0.0,1.0,0.0],"evs":[0.0,1.58558,1.44765]},"KK":{"weight":1.0,"played":[0.0,1.0,0.0],"evs":[0.0,5.32081,4.33197]},"AKo":{"weight":1.0,"played":[0.0,1.0,0.0],"evs":[0.0,3.12121,2.95493]},"A2s":{"weight":1.0,"played":[0.0,0.0,1.0],"evs":[0.0,0.70596,0.74008]},"A3s":{"weight":1.0,"played":[0.0,1.0E-4,0.9999],"evs":[0.0,0.76055,0.79623]},"A4s":{"weight":1.0,"played":[0.0,1.0E-4,0.9999],"evs":[0.0,0.82711,0.85588]},"A5s":{"weight":1.0,"played":[0.0,0.0105,0.9895],"evs":[0.0,0.92138,0.93896]},"A6s":{"weight":1.0,"played":[0.0,0.3299,0.6701],"evs":[0.0,0.92389,0.93197]},"A7s":{"weight":1.0,"played":[0.0,0.9977,0.0023],"evs":[0.0,1.16146,1.12436]},"A8s":{"weight":1.0,"played":[0.0,1.0,0.0],"evs":[0.0,1.42894,1.35138]},"A9s":{"weight":1.0,"played":[0.0,1.0,0.0],"evs":[0.0,1.74877,1.62826]},"ATs":{"weight":1.0,"played":[0.0,1.0,0.0],"evs":[0.0,2.29988,2.11414]},"AJs":{"weight":1.0,"played":[0.0,1.0,0.0],"evs":[0.0,2.64392,2.44952]},"AQs":{"weight":1.0,"played":[0.0,1.0,0.0],"evs":[0.0,3.03721,2.78366]},"AKs":{"weight":1.0,"played":[0.0,1.0,0.0],"evs":[0.0,3.44103,3.13313]},"AA":{"weight":1.0,"played":[0.0,1.0,0.0],"evs":[0.0,6.31888,5.01986]}}}