{"player":4,"street":0,"children":2,"sequence":[{"player":0,"type":"R","amount":200000,"street":0},{"player":1,"type":"F","amount":0,"street":0},{"player":2,"type":"F","amount":0,"street":0},{"player":3,"type":"F","amount":0,"street":0},{"player":4,"type":"C","amount":150000,"street":0},{"player":5,"type":"R","amount":2235000,"street":0},{"player":0,"type":"C","amount":2035000,"street":0}],"actions":[{"type":"F","amount":0},{"type":"C","amount":885000}],"hands":{"22":{"weight":2.0E-4,"played":[1.0,0.0],"evs":[0.0,-0.906]},"32o":{"weight":0.0,"played":[1.0,0.0],"evs":[0.0,-2.47283]},"42o":{"weight":0.0,"played":[1.0,0.0],"evs":[0.0,-2.42911]},"52o":{"weight":0.0,"played":[1.0,0.0],"evs":[0.0,-2.32003]},"62o":{"weight":0.0,"played":[1.0,0.0],"evs":[0.0,-2.48971]},"72o":{"weight":0.0,"played":[1.0,0.0],"evs":[0.0,-2.72236]},"82o":{"weight":0.0,"played":[1.0,0.0],"evs":[0.0,-2.55662]},"92o":{"weight":0.0,"played":[1.0,0.0],"evs":[0.0,-2.39366]},"T2o":{"weight":0.0,"played":[1.0,0.0],"evs":[0.0,-2.50842]},"J2o":{"weight":0.0,"played":[1.0,0.0],"evs":[0.0,-2.26071]},"Q2o":{"weight":0.0,"played":[1.0,0.0],"evs":[0.0,-2.25771]},"K2o":{"weight":0.0,"played":[1.0,0.0],"evs":[0.0,-1.88498]},"A2o":{"weight":0.0,"played":[1.0,0.0],"evs":[0.0,-2.44535]},"32s":{"weight":0.0,"played":[1.0,0.0],"evs":[0.0,-1.54454]},"33":{"weight":0.9999,"played":[1.0,0.0],"evs":[0.0,-0.86512]},"43o":{"weight":0.0,"played":[1.0,0.0],"evs":[0.0,-2.08512]},"53o":{"weight":0.0,"played":[1.0,0.0],"evs":[0.0,-1.94115]},"63o":{"weight":0.0,"played":[1.0,0.0],"evs":[0.0,-2.11684]},"73o":{"weight":0.0,"played":[1.0,0.0],"evs":[0.0,-2.45057]},"83o":{"weight":0.0,"played":[1.0,0.0],"evs":[0.0,-2.55768]},"93o":{"weight":0.0,"played":[1.0,0.0],"evs":[0.0,-2.41769]},"T3o":{"weight":0.0,"played":[1.0,0.0],"evs":[0.0,-2.41217]},"J3o":{"weight":0.0,"played":[1.0,0.0],"evs":[0.0,-2.26962]},"Q3o":{"weight":0.0,"played":[1.0,0.0],"evs":[0.0,-2.14327]},"K3o":{"weight":0.0,"played":[1.0,0.0],"evs":[0.0,-1.80525]},"A3o":{"weight":0.0,"played":[1.0,0.0],"evs":[0.0,-2.3698]},"42s":{"weight":0.0,"played":[1.0,0.0],"evs":[0.0,-1.50039]},"43s":{"weight":0.0,"played":[1.0,0.0],"evs":[0.0,-1.1832]},"44":{"weight":1.0,"played":[1.0,0.0],"evs":[0.0,-0.73764]},"54o":{"weight":0.0,"played":[1.0,0.0],"evs":[0.0,-1.64343]},"64o":{"weight":0.0,"played":[1.0,0.0],"evs":[0.0,-1.85196]},"74o":{"weight":0.0,"played":[1.0,0.0],"evs":[0.0,-2.03695]},"84o":{"weight":0.0,"played":[1.0,0.0],"evs":[0.0,-2.17118]},"94o":{"weight":0.0,"played":[1.0,0.0],"evs":[0.0,-2.31837]},"T4o":{"weight":0.0,"played":[1.0,0.0],"evs":[0.0,-2.31246]},"J4o":{"weight":0.0,"played":[1.0,0.0],"evs":[0.0,-2.24118]},"Q4o":{"weight":0.0,"played":[1.0,0.0],"evs":[0.0,-2.07174]},"K4o":{"weight":0.0,"played":[1.0,0.0],"evs":[0.0,-1.65538]},"A4o":{"weight":0.0,"played":[1.0,0.0],"evs":[0.0,-2.29585]},"52s":{"weight":0.0,"played":[1.0,0.0],"evs":[0.0,-1.30844]},"53s":{"weight":0.0,"played":[1.0,0.0],"evs":[0.0,-1.21428]},"54s":{"weight":0.0326,"played":[0.9998,2.0E-4],"evs":[0.0,-0.62457]},"55":{"weight":1.0,"played":[0.9998,2.0E-4],"evs":[0.0,-0.46508]},"65o":{"weight":0.0,"played":[1.0,0.0],"evs":[0.0,-1.51141]},"75o":{"weight":0.0,"played":[1.0,0.0],"evs":[0.0,-1.70495]},"85o":{"weight":0.0,"played":[1.0,0.0],"evs":[0.0,-1.83812]},"95o":{"weight":0.0,"played":[1.0,0.0],"evs":[0.0,-2.04834]},"T5o":{"weight":0.0,"played":[1.0,0.0],"evs":[0.0,-2.36159]},"J5o":{"weight":0.0,"played":[1.0,0.0],"evs":[0.0,-2.24741]},"Q5o":{"weight":0.0,"played":[1.0,0.0],"evs":[0.0,-2.09215]},"K5o":{"weight":0.0,"played":[1.0,0.0],"evs":[0.0,-1.62475]},"A5o":{"weight":0.0373,"played":[1.0,0.0],"evs":[0.0,-2.17104]},"62s":{"weight":0.0,"played":[1.0,0.0],"evs":[0.0,-1.53875]},"63s":{"weight":0.0,"played":[1.0,0.0],"evs":[0.0,-1.18315]},"64s":{"weight":0.0,"played":[0.9999,1.0E-4],"evs":[0.0,-1.08709]},"65s":{"weight":0.9998,"played":[0.9999,1.0E-4],"evs":[0.0,-0.64266]},"66":{"weight":0.0017,"played":[0.8618,0.1382],"evs":[0.0,-0.14387]},"76o":{"weight":0.0,"played":[1.0,0.0],"evs":[0.0,-1.38588]},"86o":{"weight":0.0,"played":[1.0,0.0],"evs":[0.0,-1.51281]},"96o":{"weight":0.0,"played":[1.0,0.0],"evs":[0.0,-1.67815]},"T6o":{"weight":0.0,"played":[1.0,0.0],"evs":[0.0,-2.01864]},"J6o":{"weight":0.0,"played":[1.0,0.0],"evs":[0.0,-2.07314]},"Q6o":{"weight":0.0,"played":[1.0,0.0],"evs":[0.0,-1.90005]},"K6o":{"weight":0.0,"played":[1.0,0.0],"evs":[0.0,-1.55316]},"A6o":{"weight":0.0,"played":[1.0,0.0],"evs":[0.0,-2.3366]},"72s":{"weight":0.0,"played":[1.0,0.0],"evs":[0.0,-1.93462]},"73s":{"weight":0.0,"played":[1.0,0.0],"evs":[0.0,-1.44022]},"74s":{"weight":0.0,"played":[0.9999,1.0E-4],"evs":[0.0,-1.26129]},"75s":{"weight":0.0,"played":[0.9999,1.0E-4],"evs":[0.0,-0.97281]},"76s":{"weight":0.9934,"played":[1.0,0.0],"evs":[0.0,-0.47681]},"77":{"weight":0.0,"played":[3.0E-4,0.9997],"evs":[0.0,0.33571]},"87o":{"weight":0.0,"played":[1.0,0.0],"evs":[0.0,-1.16691]},"97o":{"weight":0.0,"played":[1.0,0.0],"evs":[0.0,-1.35095]},"T7o":{"weight":0.0,"played":[1.0,0.0],"evs":[0.0,-1.65486]},"J7o":{"weight":0.0,"played":[1.0,0.0],"evs":[0.0,-1.73136]},"Q7o":{"weight":0.0,"played":[1.0,0.0],"evs":[0.0,-1.8097]},"K7o":{"weight":0.0,"played":[1.0,0.0],"evs":[0.0,-1.44604]},"A7o":{"weight":4.0E-4,"played":[1.0,0.0],"evs":[0.0,-2.20466]},"82s":{"weight":0.0,"played":[1.0,0.0],"evs":[0.0,-1.59959]},"83s":{"weight":0.0,"played":[1.0,0.0],"evs":[0.0,-1.61273]},"84s":{"weight":0.0,"played":[1.0,0.0],"evs":[0.0,-1.34504]},"85s":{"weight":1.0E-4,"played":[0.9999,1.0E-4],"evs":[0.0,-0.9805]},"86s":{"weight":0.0304,"played":[0.999,0.001],"evs":[0.0,-0.73092]},"87s":{"weight":0.9997,"played":[0.9999,1.0E-4],"evs":[0.0,-0.38798]},"88":{"weight":0.0,"played":[0.0,1.0],"evs":[0.0,1.04012]},"98o":{"weight":0.0,"played":[1.0,0.0],"evs":[0.0,-1.07155]},"T8o":{"weight":0.0,"played":[1.0,0.0],"evs":[0.0,-1.25297]},"J8o":{"weight":0.0,"played":[1.0,0.0],"evs":[0.0,-1.31308]},"Q8o":{"weight":0.0,"played":[1.0,0.0],"evs":[0.0,-1.4859]},"K8o":{"weight":0.0,"played":[1.0,0.0],"evs":[0.0,-1.30008]},"A8o":{"weight":1.0,"played":[1.0,0.0],"evs":[0.0,-2.0248]},"92s":{"weight":0.0,"played":[1.0,0.0],"evs":[0.0,-1.69741]},"93s":{"weight":0.0,"played":[1.0,0.0],"evs":[0.0,-1.31463]},"94s":{"weight":0.0,"played":[1.0,0.0],"evs":[0.0,-1.33812]},"95s":{"weight":0.0,"played":[1.0,0.0],"evs":[0.0,-1.20572]},"96s":{"weight":5.0E-4,"played":[0.9999,1.0E-4],"evs":[0.0,-0.91617]},"97s":{"weight":0.0307,"played":[1.0,0.0],"evs":[0.0,-0.51421]},"98s":{"weight":1.0,"played":[0.999,0.001],"evs":[0.0,-0.37085]},"99":{"weight":0.0,"played":[0.0,1.0],"evs":[0.0,1.65077]},"T9o":{"weight":0.0,"played":[1.0,0.0],"evs":[0.0,-1.01683]},"J9o":{"weight":0.0,"played":[1.0,0.0],"evs":[0.0,-1.05032]},"Q9o":{"weight":0.0,"played":[1.0,0.0],"evs":[0.0,-1.23269]},"K9o":{"weight":0.0,"played":[1.0,0.0],"evs":[0.0,-1.06007]},"A9o":{"weight":1.0E-4,"played":[1.0,0.0],"evs":[0.0,-1.89354]},"T2s":{"weight":0.0,"played":[1.0,0.0],"evs":[0.0,-1.67862]},"T3s":{"weight":0.0,"played":[1.0,0.0],"evs":[0.0,-1.594]},"T4s":{"weight":0.0,"played":[0.9999,1.0E-4],"evs":[0.0,-1.45225]},"T5s":{"weight":0.0,"played":[1.0,0.0],"evs":[0.0,-1.50897]},"T6s":{"weight":0.0,"played":[1.0,0.0],"evs":[0.0,-0.97188]},"T7s":{"weight":2.0E-4,"played":[0.9999,1.0E-4],"evs":[0.0,-0.7704]},"T8s":{"weight":0.9985,"played":[1.0,0.0],"evs":[0.0,-0.43508]},"T9s":{"weight":0.9999,"played":[0.9816,0.0184],"evs":[0.0,-0.21106]},"TT":{"weight":0.0,"played":[0.0,1.0],"evs":[0.0,2.3045]},"JTo":{"weight":0.001,"played":[1.0,0.0],"evs":[0.0,-0.80774]},"QTo":{"weight":0.7351,"played":[0.9998,2.0E-4],"evs":[0.0,-0.9049]},"KTo":{"weight":1.0,"played":[1.0,0.0],"evs":[0.0,-0.68371]},"ATo":{"weight":0.0,"played":[1.0,0.0],"evs":[0.0,-1.31484]},"J2s":{"weight":0.0,"played":[1.0,0.0],"evs":[0.0,-1.4341]},"J3s":{"weight":0.0,"played":[1.0,0.0],"evs":[0.0,-1.29033]},"J4s":{"weight":0.0,"played":[1.0,0.0],"evs":[0.0,-1.25407]},"J5s":{"weight":0.0,"played":[1.0,0.0],"evs":[0.0,-1.2]},"J6s":{"weight":0.0,"played":[1.0,0.0],"evs":[0.0,-1.14684]},"J7s":{"weight":1.0E-4,"played":[1.0,0.0],"evs":[0.0,-0.96531]},"J8s":{"weight":0.9968,"played":[0.999,0.001],"evs":[0.0,-0.51108]},"J9s":{"weight":1.0,"played":[0.9996,4.0E-4],"evs":[0.0,-0.2558]},"JTs":{"weight":1.0,"played":[0.2066,0.7934],"evs":[0.0,-0.01505]},"JJ":{"weight":0.0,"played":[0.0,1.0],"evs":[0.0,3.52583]},"QJo":{"weight":1.0,"played":[1.0,0.0],"evs":[0.0,-0.68731]},"KJo":{"weight":1.0,"played":[1.0,0.0],"evs":[0.0,-0.55589]},"AJo":{"weight":0.0,"played":[0.9976,0.0024],"evs":[0.0,-0.65914]},"Q2s":{"weight":0.0,"played":[1.0,0.0],"evs":[0.0,-1.2524]},"Q3s":{"weight":0.0,"played":[0.9999,1.0E-4],"evs":[0.0,-1.23895]},"Q4s":{"weight":0.0,"played":[1.0,0.0],"evs":[0.0,-1.2509]},"Q5s":{"weight":0.0,"played":[1.0,0.0],"evs":[0.0,-1.14529]},"Q6s":{"weight":4.0E-4,"played":[0.9999,1.0E-4],"evs":[0.0,-0.8987]},"Q7s":{"weight":0.0017,"played":[1.0,0.0],"evs":[0.0,-0.9012]},"Q8s":{"weight":0.9993,"played":[0.9996,4.0E-4],"evs":[0.0,-0.62438]},"Q9s":{"weight":1.0,"played":[0.995,0.005],"evs":[0.0,-0.2908]},"QTs":{"weight":1.0,"played":[0.1493,0.8507],"evs":[0.0,0.03647]},"QJs":{"weight":1.0,"played":[0.001,0.999],"evs":[0.0,0.12234]},"QQ":{"weight":0.0,"played":[0.0,1.0],"evs":[0.0,5.17627]},"KQo":{"weight":0.0022,"played":[0.9793,0.0207],"evs":[0.0,-0.2614]},"AQo":{"weight":0.0,"played":[0.0,1.0],"evs":[0.0,0.60273]},"K2s":{"weight":1.0E-4,"played":[1.0,0.0],"evs":[0.0,-1.05549]},"K3s":{"weight":0.0,"played":[0.9991,9.0E-4],"evs":[0.0,-0.95289]},"K4s":{"weight":1.0E-4,"played":[1.0,0.0],"evs":[0.0,-0.85914]},"K5s":{"weight":0.6712,"played":[1.0,0.0],"evs":[0.0,-0.79492]},"K6s":{"weight":0.9501,"played":[1.0,0.0],"evs":[0.0,-0.54685]},"K7s":{"weight":0.9998,"played":[0.9999,1.0E-4],"evs":[0.0,-0.62543]},"K8s":{"weight":0.9994,"played":[0.9995,5.0E-4],"evs":[0.0,-0.43212]},"K9s":{"weight":1.0,"played":[0.9927,0.0073],"evs":[0.0,-0.25507]},"KTs":{"weight":1.0,"played":[0.7221,0.2779],"evs":[0.0,-0.09132]},"KJs":{"weight":0.9999,"played":[5.0E-4,0.9995],"evs":[0.0,0.25926]},"KQs":{"weight":0.0,"played":[3.0E-4,0.9997],"evs":[0.0,0.49657]},"KK":{"weight":0.0,"played":[0.0,1.0],"evs":[0.0,7.22442]},"AKo":{"weight":0.0,"played":[0.0,1.0],"evs":[0.0,1.90667]},"A2s":{"weight":1.0,"played":[1.0,0.0],"evs":[0.0,-1.53719]},"A3s":{"weight":1.0,"played":[0.9999,1.0E-4],"evs":[0.0,-1.3215]},"A4s":{"weight":1.0,"played":[1.0,0.0],"evs":[0.0,-1.28688]},"A5s":{"weight":1.0,"played":[1.0,0.0],"evs":[0.0,-1.11166]},"A6s":{"weight":1.0,"played":[1.0,0.0],"evs":[0.0,-1.48648]},"A7s":{"weight":1.0,"played":[0.9999,1.0E-4],"evs":[0.0,-1.36169]},"A8s":{"weight":0.027,"played":[1.0,0.0],"evs":[0.0,-1.09704]},"A9s":{"weight":0.0,"played":[0.9998,2.0E-4],"evs":[0.0,-1.13347]},"ATs":{"weight":0.0,"played":[0.9875,0.0125],"evs":[0.0,-0.41976]},"AJs":{"weight":0.0,"played":[0.0,1.0],"evs":[0.0,0.36946]},"AQs":{"weight":0.0,"played":[0.0,1.0],"evs":[0.0,1.32554]},"AKs":{"weight":0.0,"played":[0.0,1.0],"evs":[0.0,2.44505]},"AA":{"weight":0.0,"played":[0.0,1.0],"evs":[0.0,10.22748]}}}