{"player":0,"street":0,"children":2,"sequence":[{"player":0,"type":"R","amount":200000,"street":0},{"player":1,"type":"F","amount":0,"street":0},{"player":2,"type":"F","amount":0,"street":0},{"player":3,"type":"F","amount":0,"street":0},{"player":4,"type":"R","amount":1085000,"street":0},{"player":5,"type":"F","amount":0,"street":0}],"actions":[{"type":"F","amount":0},{"type":"C","amount":885000}],"hands":{"22":{"weight":0.0,"played":[0.0,1.0],"evs":[0.0,1.26856]},"32o":{"weight":0.0,"played":[1.0,0.0],"evs":[0.0,-1.23291]},"42o":{"weight":0.0,"played":[1.0,0.0],"evs":[0.0,-1.18648]},"52o":{"weight":0.0,"played":[1.0,0.0],"evs":[0.0,-1.07747]},"62o":{"weight":0.0,"played":[1.0,0.0],"evs":[0.0,-1.34529]},"72o":{"weight":0.0,"played":[1.0,0.0],"evs":[0.0,-1.45649]},"82o":{"weight":0.0,"played":[1.0,0.0],"evs":[0.0,-1.32991]},"92o":{"weight":0.0,"played":[1.0,0.0],"evs":[0.0,-1.3401]},"T2o":{"weight":0.0,"played":[1.0,0.0],"evs":[0.0,-1.14586]},"J2o":{"weight":0.0,"played":[1.0,0.0],"evs":[0.0,-0.95031]},"Q2o":{"weight":0.0,"played":[1.0,0.0],"evs":[0.0,-0.93015]},"K2o":{"weight":0.0,"played":[1.0,0.0],"evs":[0.0,-0.66736]},"A2o":{"weight":0.0,"played":[1.0,0.0],"evs":[0.0,-0.2092]},"32s":{"weight":0.0,"played":[1.0,0.0],"evs":[0.0,-0.48967]},"33":{"weight":0.4165,"played":[0.0,1.0],"evs":[0.0,1.38243]},"43o":{"weight":0.0,"played":[1.0,0.0],"evs":[0.0,-0.88331]},"53o":{"weight":0.0,"played":[1.0,0.0],"evs":[0.0,-0.82504]},"63o":{"weight":0.0,"played":[1.0,0.0],"evs":[0.0,-1.07146]},"73o":{"weight":0.0,"played":[1.0,0.0],"evs":[0.0,-1.1912]},"83o":{"weight":0.0,"played":[1.0,0.0],"evs":[0.0,-1.30202]},"93o":{"weight":0.0,"played":[1.0,0.0],"evs":[0.0,-1.26339]},"T3o":{"weight":0.0,"played":[1.0,0.0],"evs":[0.0,-1.07709]},"J3o":{"weight":0.0,"played":[1.0,0.0],"evs":[0.0,-0.87877]},"Q3o":{"weight":0.0,"played":[1.0,0.0],"evs":[0.0,-0.83502]},"K3o":{"weight":0.0,"played":[1.0,0.0],"evs":[0.0,-0.62467]},"A3o":{"weight":0.0,"played":[1.0,0.0],"evs":[0.0,-0.15623]},"42s":{"weight":0.0,"played":[1.0,0.0],"evs":[0.0,-0.44331]},"43s":{"weight":0.0,"played":[1.0,0.0],"evs":[0.0,-0.19972]},"44":{"weight":0.9999,"played":[0.0,1.0],"evs":[0.0,1.49857]},"54o":{"weight":0.0,"played":[1.0,0.0],"evs":[0.0,-0.58166]},"64o":{"weight":0.0,"played":[1.0,0.0],"evs":[0.0,-0.79974]},"74o":{"weight":0.0,"played":[1.0,0.0],"evs":[0.0,-0.90237]},"84o":{"weight":0.0,"played":[1.0,0.0],"evs":[0.0,-1.03468]},"94o":{"weight":0.0,"played":[1.0,0.0],"evs":[0.0,-1.24956]},"T4o":{"weight":0.0,"played":[1.0,0.0],"evs":[0.0,-0.98588]},"J4o":{"weight":0.0,"played":[1.0,0.0],"evs":[0.0,-0.81952]},"Q4o":{"weight":0.0,"played":[1.0,0.0],"evs":[0.0,-0.77133]},"K4o":{"weight":0.0,"played":[1.0,0.0],"evs":[0.0,-0.54611]},"A4o":{"weight":0.0,"played":[0.9999,1.0E-4],"evs":[0.0,-0.10948]},"52s":{"weight":0.0,"played":[1.0,0.0],"evs":[0.0,-0.33693]},"53s":{"weight":0.0,"played":[0.9994,6.0E-4],"evs":[0.0,-0.13656]},"54s":{"weight":0.0,"played":[3.0E-4,0.9997],"evs":[0.0,0.11362]},"55":{"weight":1.0,"played":[0.0,1.0],"evs":[0.0,1.61215]},"65o":{"weight":0.0,"played":[1.0,0.0],"evs":[0.0,-0.55433]},"75o":{"weight":0.0,"played":[1.0,0.0],"evs":[0.0,-0.64434]},"85o":{"weight":0.0,"played":[1.0,0.0],"evs":[0.0,-0.76327]},"95o":{"weight":0.0,"played":[1.0,0.0],"evs":[0.0,-0.98847]},"T5o":{"weight":0.0,"played":[1.0,0.0],"evs":[0.0,-0.9884]},"J5o":{"weight":0.0,"played":[1.0,0.0],"evs":[0.0,-0.73992]},"Q5o":{"weight":0.0,"played":[1.0,0.0],"evs":[0.0,-0.68623]},"K5o":{"weight":0.0,"played":[1.0,0.0],"evs":[0.0,-0.46353]},"A5o":{"weight":0.0,"played":[0.9926,0.0074],"evs":[0.0,-0.01151]},"62s":{"weight":0.0,"played":[1.0,0.0],"evs":[0.0,-0.57849]},"63s":{"weight":0.0,"played":[1.0,0.0],"evs":[0.0,-0.34838]},"64s":{"weight":0.0,"played":[0.9886,0.0114],"evs":[0.0,-0.06258]},"65s":{"weight":0.0,"played":[1.0E-4,0.9999],"evs":[0.0,0.15738]},"66":{"weight":1.0,"played":[0.0,1.0],"evs":[0.0,1.82915]},"76o":{"weight":0.0,"played":[1.0,0.0],"evs":[0.0,-0.41248]},"86o":{"weight":0.0,"played":[1.0,0.0],"evs":[0.0,-0.54419]},"96o":{"weight":0.0,"played":[1.0,0.0],"evs":[0.0,-0.73186]},"T6o":{"weight":0.0,"played":[1.0,0.0],"evs":[0.0,-0.74885]},"J6o":{"weight":0.0,"played":[1.0,0.0],"evs":[0.0,-0.78]},"Q6o":{"weight":0.0,"played":[1.0,0.0],"evs":[0.0,-0.6646]},"K6o":{"weight":0.0,"played":[1.0,0.0],"evs":[0.0,-0.44706]},"A6o":{"weight":0.0,"played":[1.0,0.0],"evs":[0.0,-0.23538]},"72s":{"weight":0.0,"played":[1.0,0.0],"evs":[0.0,-0.67833]},"73s":{"weight":0.0,"played":[1.0,0.0],"evs":[0.0,-0.43741]},"74s":{"weight":0.0,"played":[0.9995,5.0E-4],"evs":[0.0,-0.17227]},"75s":{"weight":0.0,"played":[0.0055,0.9945],"evs":[0.0,0.09402]},"76s":{"weight":0.0038,"played":[1.0E-4,0.9999],"evs":[0.0,0.272]},"77":{"weight":1.0,"played":[0.0,1.0],"evs":[0.0,2.29056]},"87o":{"weight":0.0,"played":[1.0,0.0],"evs":[0.0,-0.2386]},"97o":{"weight":0.0,"played":[1.0,0.0],"evs":[0.0,-0.46594]},"T7o":{"weight":0.0,"played":[1.0,0.0],"evs":[0.0,-0.44844]},"J7o":{"weight":0.0,"played":[1.0,0.0],"evs":[0.0,-0.49381]},"Q7o":{"weight":0.0,"played":[1.0,0.0],"evs":[0.0,-0.62759]},"K7o":{"weight":0.0,"played":[1.0,0.0],"evs":[0.0,-0.35529]},"A7o":{"weight":0.0,"played":[1.0,0.0],"evs":[0.0,-0.10779]},"82s":{"weight":0.0,"played":[1.0,0.0],"evs":[0.0,-0.56378]},"83s":{"weight":0.0,"played":[1.0,0.0],"evs":[0.0,-0.58649]},"84s":{"weight":0.0,"played":[1.0,0.0],"evs":[0.0,-0.32093]},"85s":{"weight":0.0,"played":[0.9724,0.0276],"evs":[0.0,-0.06648]},"86s":{"weight":0.0,"played":[0.0018,0.9982],"evs":[0.0,0.18078]},"87s":{"weight":0.9996,"played":[0.0,1.0],"evs":[0.0,0.42306]},"88":{"weight":0.9986,"played":[0.0,1.0],"evs":[0.0,2.83432]},"98o":{"weight":0.0,"played":[0.9999,1.0E-4],"evs":[0.0,-0.20931]},"T8o":{"weight":0.0,"played":[1.0,0.0],"evs":[0.0,-0.19624]},"J8o":{"weight":0.0,"played":[1.0,0.0],"evs":[0.0,-0.20456]},"Q8o":{"weight":0.0,"played":[1.0,0.0],"evs":[0.0,-0.39113]},"K8o":{"weight":0.0,"played":[1.0,0.0],"evs":[0.0,-0.35909]},"A8o":{"weight":4.0E-4,"played":[0.0321,0.9679],"evs":[0.0,0.05763]},"92s":{"weight":0.0,"played":[1.0,0.0],"evs":[0.0,-0.61849]},"93s":{"weight":0.0,"played":[1.0,0.0],"evs":[0.0,-0.53358]},"94s":{"weight":0.0,"played":[1.0,0.0],"evs":[0.0,-0.51268]},"95s":{"weight":0.0,"played":[1.0,0.0],"evs":[0.0,-0.28755]},"96s":{"weight":0.0,"played":[0.9996,4.0E-4],"evs":[0.0,-0.04467]},"97s":{"weight":0.0,"played":[0.0,1.0],"evs":[0.0,0.22794]},"98s":{"weight":0.9997,"played":[0.0,1.0],"evs":[0.0,0.44542]},"99":{"weight":0.9988,"played":[0.0,1.0],"evs":[0.0,3.43536]},"T9o":{"weight":0.0,"played":[0.9999,1.0E-4],"evs":[0.0,-0.04272]},"J9o":{"weight":0.0,"played":[0.9997,3.0E-4],"evs":[0.0,-0.04791]},"Q9o":{"weight":0.0,"played":[0.9999,1.0E-4],"evs":[0.0,-0.2513]},"K9o":{"weight":0.0,"played":[0.9999,1.0E-4],"evs":[0.0,-0.21884]},"A9o":{"weight":1.0,"played":[0.0,1.0],"evs":[0.0,0.48529]},"T2s":{"weight":0.0,"played":[1.0,0.0],"evs":[0.0,-0.38349]},"T3s":{"weight":0.0,"played":[1.0,0.0],"evs":[0.0,-0.33423]},"T4s":{"weight":0.0,"played":[1.0,0.0],"evs":[0.0,-0.26752]},"T5s":{"weight":0.0,"played":[1.0,0.0],"evs":[0.0,-0.2428]},"T6s":{"weight":0.0,"played":[1.0,0.0],"evs":[0.0,-0.03504]},"T7s":{"weight":0.0,"played":[0.0,1.0],"evs":[0.0,0.22858]},"T8s":{"weight":0.9999,"played":[0.0,1.0],"evs":[0.0,0.51396]},"T9s":{"weight":1.0,"played":[0.0,1.0],"evs":[0.0,0.61471]},"TT":{"weight":1.0,"played":[0.0,1.0],"evs":[0.0,4.46502]},"JTo":{"weight":0.0,"played":[0.0,1.0],"evs":[0.0,0.43677]},"QTo":{"weight":0.0605,"played":[1.0E-4,0.9999],"evs":[0.0,0.27203]},"KTo":{"weight":0.9453,"played":[0.0,1.0],"evs":[0.0,0.29387]},"ATo":{"weight":1.0,"played":[0.0,1.0],"evs":[0.0,1.60455]},"J2s":{"weight":0.0,"played":[1.0,0.0],"evs":[0.0,-0.23087]},"J3s":{"weight":0.0,"played":[0.9999,1.0E-4],"evs":[0.0,-0.15219]},"J4s":{"weight":0.0,"played":[0.9998,2.0E-4],"evs":[0.0,-0.1052]},"J5s":{"weight":0.0,"played":[0.9954,0.0046],"evs":[0.0,-0.07045]},"J6s":{"weight":0.0,"played":[0.9994,6.0E-4],"evs":[0.0,-0.05923]},"J7s":{"weight":0.0,"played":[1.0E-4,0.9999],"evs":[0.0,0.19631]},"J8s":{"weight":0.6993,"played":[0.0,1.0],"evs":[0.0,0.46321]},"J9s":{"weight":1.0,"played":[0.0,1.0],"evs":[0.0,0.62099]},"JTs":{"weight":1.0,"played":[0.0,1.0],"evs":[0.0,1.06466]},"JJ":{"weight":1.0,"played":[0.0,1.0],"evs":[0.0,5.28088]},"QJo":{"weight":1.0,"played":[0.0,1.0],"evs":[0.0,0.44579]},"KJo":{"weight":1.0,"played":[0.0,1.0],"evs":[0.0,0.46123]},"AJo":{"weight":1.0,"played":[0.0,1.0],"evs":[0.0,2.61306]},"Q2s":{"weight":0.0,"played":[0.9995,5.0E-4],"evs":[0.0,-0.21037]},"Q3s":{"weight":0.0,"played":[0.9992,8.0E-4],"evs":[0.0,-0.10372]},"Q4s":{"weight":0.0,"played":[0.8273,0.1727],"evs":[0.0,-0.01696]},"Q5s":{"weight":0.0,"played":[0.2585,0.7415],"evs":[0.0,0.01571]},"Q6s":{"weight":0.0,"played":[0.0113,0.9887],"evs":[0.0,0.05885]},"Q7s":{"weight":0.0,"played":[0.0019,0.9981],"evs":[0.0,0.07644]},"Q8s":{"weight":0.9709,"played":[0.0,1.0],"evs":[0.0,0.32192]},"Q9s":{"weight":1.0,"played":[0.0,1.0],"evs":[0.0,0.4799]},"QTs":{"weight":1.0,"played":[0.0,1.0],"evs":[0.0,0.93354]},"QJs":{"weight":1.0,"played":[0.0,1.0],"evs":[0.0,1.1159]},"QQ":{"weight":1.0,"played":[0.0,1.0],"evs":[0.0,6.29675]},"KQo":{"weight":1.0,"played":[0.0,1.0],"evs":[0.0,0.89595]},"AQo":{"weight":0.9981,"played":[0.0,1.0],"evs":[0.0,3.8816]},"K2s":{"weight":0.0,"played":[0.2542,0.7458],"evs":[0.0,0.01321]},"K3s":{"weight":0.0,"played":[0.0064,0.9936],"evs":[0.0,0.09992]},"K4s":{"weight":0.0,"played":[3.0E-4,0.9997],"evs":[0.0,0.16881]},"K5s":{"weight":0.0,"played":[1.0E-4,0.9999],"evs":[0.0,0.27245]},"K6s":{"weight":2.0E-4,"played":[0.0,1.0],"evs":[0.0,0.24187]},"K7s":{"weight":0.9982,"played":[0.0,1.0],"evs":[0.0,0.34233]},"K8s":{"weight":1.0,"played":[0.0,1.0],"evs":[0.0,0.3461]},"K9s":{"weight":1.0,"played":[0.0,1.0],"evs":[0.0,0.45886]},"KTs":{"weight":1.0,"played":[0.0,1.0],"evs":[0.0,0.94203]},"KJs":{"weight":0.9971,"played":[0.0,1.0],"evs":[0.0,1.09753]},"KQs":{"weight":1.0,"played":[0.0,1.0],"evs":[0.0,1.52305]},"KK":{"weight":1.0,"played":[0.0,1.0],"evs":[0.0,7.47403]},"AKo":{"weight":0.9989,"played":[0.0,1.0],"evs":[0.0,4.98549]},"A2s":{"weight":1.0,"played":[1.0E-4,0.9999],"evs":[0.0,0.45432]},"A3s":{"weight":1.0,"played":[0.0,1.0],"evs":[0.0,0.5482]},"A4s":{"weight":1.0,"played":[0.0,1.0],"evs":[0.0,0.60403]},"A5s":{"weight":1.0,"played":[0.0,1.0],"evs":[0.0,0.64193]},"A6s":{"weight":1.0,"played":[0.0,1.0],"evs":[0.0,0.45728]},"A7s":{"weight":1.0,"played":[0.0,1.0],"evs":[0.0,0.61295]},"A8s":{"weight":1.0,"played":[0.0,1.0],"evs":[0.0,0.75161]},"A9s":{"weight":1.0,"played":[0.0,1.0],"evs":[0.0,1.11459]},"ATs":{"weight":1.0,"played":[0.0,1.0],"evs":[0.0,2.18938]},"AJs":{"weight":1.0,"played":[0.0,1.0],"evs":[0.0,3.08874]},"AQs":{"weight":1.0,"played":[0.0,1.0],"evs":[0.0,4.31922]},"AKs":{"weight":1.0,"played":[0.0,1.0],"evs":[0.0,5.35404]},"AA":{"weight":1.0,"played":[0.0,1.0],"evs":[0.0,10.12941]}}}