{"player":0,"street":0,"children":2,"sequence":[{"player":0,"type":"R","amount":200000,"street":0},{"player":1,"type":"F","amount":0,"street":0},{"player":2,"type":"F","amount":0,"street":0},{"player":3,"type":"F","amount":0,"street":0},{"player":4,"type":"R","amount":1085000,"street":0},{"player":5,"type":"R","amount":2235000,"street":0}],"actions":[{"type":"F","amount":0},{"type":"C","amount":2035000}],"hands":{"22":{"weight":0.0,"played":[1.0,0.0],"evs":[0.0,-1.47828]},"32o":{"weight":0.0,"played":[1.0,0.0],"evs":[0.0,-5.45742]},"42o":{"weight":0.0,"played":[1.0,0.0],"evs":[0.0,-5.23234]},"52o":{"weight":0.0,"played":[1.0,0.0],"evs":[0.0,-5.11157]},"62o":{"weight":0.0,"played":[1.0,0.0],"evs":[0.0,-5.72705]},"72o":{"weight":0.0,"played":[1.0,0.0],"evs":[0.0,-6.07108]},"82o":{"weight":0.0,"played":[1.0,0.0],"evs":[0.0,-5.62701]},"92o":{"weight":0.0,"played":[1.0,0.0],"evs":[0.0,-5.46071]},"T2o":{"weight":0.0,"played":[1.0,0.0],"evs":[0.0,-5.2671]},"J2o":{"weight":0.0,"played":[1.0,0.0],"evs":[0.0,-5.21231]},"Q2o":{"weight":0.0,"played":[1.0,0.0],"evs":[0.0,-4.91397]},"K2o":{"weight":0.0,"played":[1.0,0.0],"evs":[0.0,-4.34339]},"A2o":{"weight":0.0,"played":[1.0,0.0],"evs":[0.0,-4.92785]},"32s":{"weight":0.0,"played":[1.0,0.0],"evs":[0.0,-3.60579]},"33":{"weight":0.4165,"played":[1.0,0.0],"evs":[0.0,-1.45014]},"43o":{"weight":0.0,"played":[1.0,0.0],"evs":[0.0,-4.70917]},"53o":{"weight":0.0,"played":[1.0,0.0],"evs":[0.0,-4.39758]},"63o":{"weight":0.0,"played":[1.0,0.0],"evs":[0.0,-4.91592]},"73o":{"weight":0.0,"played":[1.0,0.0],"evs":[0.0,-5.24867]},"83o":{"weight":0.0,"played":[1.0,0.0],"evs":[0.0,-5.63225]},"93o":{"weight":0.0,"played":[1.0,0.0],"evs":[0.0,-5.30653]},"T3o":{"weight":0.0,"played":[1.0,0.0],"evs":[0.0,-4.96996]},"J3o":{"weight":0.0,"played":[1.0,0.0],"evs":[0.0,-5.08587]},"Q3o":{"weight":0.0,"played":[1.0,0.0],"evs":[0.0,-4.73058]},"K3o":{"weight":0.0,"played":[1.0,0.0],"evs":[0.0,-4.00071]},"A3o":{"weight":0.0,"played":[1.0,0.0],"evs":[0.0,-4.63397]},"42s":{"weight":0.0,"played":[1.0,0.0],"evs":[0.0,-3.58654]},"43s":{"weight":0.0,"played":[1.0,0.0],"evs":[0.0,-2.89016]},"44":{"weight":0.9999,"played":[0.9999,1.0E-4],"evs":[0.0,-1.35915]},"54o":{"weight":0.0,"played":[1.0,0.0],"evs":[0.0,-3.76213]},"64o":{"weight":0.0,"played":[1.0,0.0],"evs":[0.0,-4.16137]},"74o":{"weight":0.0,"played":[1.0,0.0],"evs":[0.0,-4.63807]},"84o":{"weight":0.0,"played":[1.0,0.0],"evs":[0.0,-4.85069]},"94o":{"weight":0.0,"played":[1.0,0.0],"evs":[0.0,-5.27148]},"T4o":{"weight":0.0,"played":[1.0,0.0],"evs":[0.0,-4.85252]},"J4o":{"weight":0.0,"played":[1.0,0.0],"evs":[0.0,-4.67403]},"Q4o":{"weight":0.0,"played":[1.0,0.0],"evs":[0.0,-4.5239]},"K4o":{"weight":0.0,"played":[1.0,0.0],"evs":[0.0,-3.78397]},"A4o":{"weight":0.0,"played":[1.0,0.0],"evs":[0.0,-4.35886]},"52s":{"weight":0.0,"played":[1.0,0.0],"evs":[0.0,-3.37209]},"53s":{"weight":0.0,"played":[1.0,0.0],"evs":[0.0,-2.64064]},"54s":{"weight":0.0,"played":[1.0,0.0],"evs":[0.0,-2.39415]},"55":{"weight":1.0,"played":[0.9996,4.0E-4],"evs":[0.0,-1.00287]},"65o":{"weight":0.0,"played":[1.0,0.0],"evs":[0.0,-3.61581]},"75o":{"weight":0.0,"played":[1.0,0.0],"evs":[0.0,-3.82123]},"85o":{"weight":0.0,"played":[1.0,0.0],"evs":[0.0,-4.33028]},"95o":{"weight":0.0,"played":[1.0,0.0],"evs":[0.0,-4.60445]},"T5o":{"weight":0.0,"played":[1.0,0.0],"evs":[0.0,-4.84279]},"J5o":{"weight":0.0,"played":[1.0,0.0],"evs":[0.0,-4.62168]},"Q5o":{"weight":0.0,"played":[1.0,0.0],"evs":[0.0,-4.32084]},"K5o":{"weight":0.0,"played":[1.0,0.0],"evs":[0.0,-3.71912]},"A5o":{"weight":0.0,"played":[1.0,0.0],"evs":[0.0,-4.385]},"62s":{"weight":0.0,"played":[1.0,0.0],"evs":[0.0,-4.05172]},"63s":{"weight":0.0,"played":[1.0,0.0],"evs":[0.0,-3.15631]},"64s":{"weight":0.0,"played":[1.0,0.0],"evs":[0.0,-2.52662]},"65s":{"weight":0.0,"played":[1.0,0.0],"evs":[0.0,-2.16352]},"66":{"weight":1.0,"played":[0.9641,0.0359],"evs":[0.0,-0.48676]},"76o":{"weight":0.0,"played":[1.0,0.0],"evs":[0.0,-3.47257]},"86o":{"weight":0.0,"played":[1.0,0.0],"evs":[0.0,-3.65617]},"96o":{"weight":0.0,"played":[1.0,0.0],"evs":[0.0,-4.04997]},"T6o":{"weight":0.0,"played":[1.0,0.0],"evs":[0.0,-4.37145]},"J6o":{"weight":0.0,"played":[1.0,0.0],"evs":[0.0,-4.82863]},"Q6o":{"weight":0.0,"played":[1.0,0.0],"evs":[0.0,-4.12166]},"K6o":{"weight":0.0,"played":[1.0,0.0],"evs":[0.0,-3.74378]},"A6o":{"weight":0.0,"played":[1.0,0.0],"evs":[0.0,-5.0368]},"72s":{"weight":0.0,"played":[1.0,0.0],"evs":[0.0,-4.48551]},"73s":{"weight":0.0,"played":[1.0,0.0],"evs":[0.0,-3.57062]},"74s":{"weight":0.0,"played":[1.0,0.0],"evs":[0.0,-2.91195]},"75s":{"weight":0.0,"played":[1.0,0.0],"evs":[0.0,-2.23919]},"76s":{"weight":0.0038,"played":[1.0,0.0],"evs":[0.0,-1.93285]},"77":{"weight":1.0,"played":[1.0E-4,0.9999],"evs":[0.0,0.75209]},"87o":{"weight":0.0,"played":[1.0,0.0],"evs":[0.0,-3.08348]},"97o":{"weight":0.0,"played":[1.0,0.0],"evs":[0.0,-3.54622]},"T7o":{"weight":0.0,"played":[1.0,0.0],"evs":[0.0,-3.79686]},"J7o":{"weight":0.0,"played":[1.0,0.0],"evs":[0.0,-4.07729]},"Q7o":{"weight":0.0,"played":[1.0,0.0],"evs":[0.0,-4.2784]},"K7o":{"weight":0.0,"played":[1.0,0.0],"evs":[0.0,-3.4707]},"A7o":{"weight":0.0,"played":[1.0,0.0],"evs":[0.0,-4.68692]},"82s":{"weight":0.0,"played":[1.0,0.0],"evs":[0.0,-3.79119]},"83s":{"weight":0.0,"played":[1.0,0.0],"evs":[0.0,-3.71755]},"84s":{"weight":0.0,"played":[1.0,0.0],"evs":[0.0,-3.17543]},"85s":{"weight":0.0,"played":[1.0,0.0],"evs":[0.0,-2.74403]},"86s":{"weight":0.0,"played":[1.0,0.0],"evs":[0.0,-1.92842]},"87s":{"weight":0.9996,"played":[0.9997,3.0E-4],"evs":[0.0,-1.54808]},"88":{"weight":0.9986,"played":[0.0,1.0],"evs":[0.0,1.95332]},"98o":{"weight":0.0,"played":[1.0,0.0],"evs":[0.0,-2.83798]},"T8o":{"weight":0.0,"played":[1.0,0.0],"evs":[0.0,-2.9808]},"J8o":{"weight":0.0,"played":[1.0,0.0],"evs":[0.0,-3.29137]},"Q8o":{"weight":0.0,"played":[1.0,0.0],"evs":[0.0,-3.39193]},"K8o":{"weight":0.0,"played":[1.0,0.0],"evs":[0.0,-3.3175]},"A8o":{"weight":4.0E-4,"played":[1.0,0.0],"evs":[0.0,-4.4473]},"92s":{"weight":0.0,"played":[1.0,0.0],"evs":[0.0,-4.01709]},"93s":{"weight":0.0,"played":[1.0,0.0],"evs":[0.0,-3.66358]},"94s":{"weight":0.0,"played":[1.0,0.0],"evs":[0.0,-3.66533]},"95s":{"weight":0.0,"played":[1.0,0.0],"evs":[0.0,-3.3019]},"96s":{"weight":0.0,"played":[1.0,0.0],"evs":[0.0,-2.5196]},"97s":{"weight":0.0,"played":[1.0,0.0],"evs":[0.0,-1.75165]},"98s":{"weight":0.9997,"played":[0.9998,2.0E-4],"evs":[0.0,-1.31707]},"99":{"weight":0.9988,"played":[0.0,1.0],"evs":[0.0,3.08598]},"T9o":{"weight":0.0,"played":[1.0,0.0],"evs":[0.0,-2.22641]},"J9o":{"weight":0.0,"played":[1.0,0.0],"evs":[0.0,-2.64468]},"Q9o":{"weight":0.0,"played":[1.0,0.0],"evs":[0.0,-2.98939]},"K9o":{"weight":0.0,"played":[1.0,0.0],"evs":[0.0,-2.77686]},"A9o":{"weight":1.0,"played":[1.0,0.0],"evs":[0.0,-4.11481]},"T2s":{"weight":0.0,"played":[1.0,0.0],"evs":[0.0,-3.70454]},"T3s":{"weight":0.0,"played":[1.0,0.0],"evs":[0.0,-3.35416]},"T4s":{"weight":0.0,"played":[1.0,0.0],"evs":[0.0,-3.07208]},"T5s":{"weight":0.0,"played":[1.0,0.0],"evs":[0.0,-3.33671]},"T6s":{"weight":0.0,"played":[1.0,0.0],"evs":[0.0,-3.03219]},"T7s":{"weight":0.0,"played":[1.0,0.0],"evs":[0.0,-1.895]},"T8s":{"weight":0.9999,"played":[1.0,0.0],"evs":[0.0,-1.37092]},"T9s":{"weight":1.0,"played":[1.0,0.0],"evs":[0.0,-0.89507]},"TT":{"weight":1.0,"played":[0.0,1.0],"evs":[0.0,5.34717]},"JTo":{"weight":0.0,"played":[1.0,0.0],"evs":[0.0,-2.06369]},"QTo":{"weight":0.0605,"played":[1.0,0.0],"evs":[0.0,-1.95542]},"KTo":{"weight":0.9453,"played":[1.0,0.0],"evs":[0.0,-1.83251]},"ATo":{"weight":1.0,"played":[1.0,0.0],"evs":[0.0,-2.82026]},"J2s":{"weight":0.0,"played":[1.0,0.0],"evs":[0.0,-3.53071]},"J3s":{"weight":0.0,"played":[1.0,0.0],"evs":[0.0,-3.3695]},"J4s":{"weight":0.0,"played":[1.0,0.0],"evs":[0.0,-3.20722]},"J5s":{"weight":0.0,"played":[1.0,0.0],"evs":[0.0,-2.88996]},"J6s":{"weight":0.0,"played":[1.0,0.0],"evs":[0.0,-2.92656]},"J7s":{"weight":0.0,"played":[1.0,0.0],"evs":[0.0,-2.32852]},"J8s":{"weight":0.6993,"played":[1.0,0.0],"evs":[0.0,-1.68224]},"J9s":{"weight":1.0,"played":[0.9999,1.0E-4],"evs":[0.0,-1.20345]},"JTs":{"weight":1.0,"played":[1.0,0.0],"evs":[0.0,-0.65966]},"JJ":{"weight":1.0,"played":[0.0,1.0],"evs":[0.0,7.43026]},"QJo":{"weight":1.0,"played":[1.0,0.0],"evs":[0.0,-2.15759]},"KJo":{"weight":1.0,"played":[1.0,0.0],"evs":[0.0,-1.87481]},"AJo":{"weight":1.0,"played":[0.9999,1.0E-4],"evs":[0.0,-1.58778]},"Q2s":{"weight":0.0,"played":[1.0,0.0],"evs":[0.0,-2.93909]},"Q3s":{"weight":0.0,"played":[1.0,0.0],"evs":[0.0,-2.99084]},"Q4s":{"weight":0.0,"played":[1.0,0.0],"evs":[0.0,-2.90391]},"Q5s":{"weight":0.0,"played":[1.0,0.0],"evs":[0.0,-2.45884]},"Q6s":{"weight":0.0,"played":[1.0,0.0],"evs":[0.0,-2.71665]},"Q7s":{"weight":0.0,"played":[1.0,0.0],"evs":[0.0,-2.53019]},"Q8s":{"weight":0.9709,"played":[1.0,0.0],"evs":[0.0,-1.84389]},"Q9s":{"weight":1.0,"played":[1.0,0.0],"evs":[0.0,-1.3337]},"QTs":{"weight":1.0,"played":[1.0,0.0],"evs":[0.0,-0.54507]},"QJs":{"weight":1.0,"played":[0.9901,0.0099],"evs":[0.0,-0.66546]},"QQ":{"weight":1.0,"played":[0.0,1.0],"evs":[0.0,10.43689]},"KQo":{"weight":1.0,"played":[1.0,0.0],"evs":[0.0,-1.26728]},"AQo":{"weight":0.9981,"played":[0.0,1.0],"evs":[0.0,1.14995]},"K2s":{"weight":0.0,"played":[1.0,0.0],"evs":[0.0,-2.46374]},"K3s":{"weight":0.0,"played":[1.0,0.0],"evs":[0.0,-2.33348]},"K4s":{"weight":0.0,"played":[0.9997,3.0E-4],"evs":[0.0,-2.27293]},"K5s":{"weight":0.0,"played":[0.9997,3.0E-4],"evs":[0.0,-1.95888]},"K6s":{"weight":2.0E-4,"played":[1.0,0.0],"evs":[0.0,-1.96886]},"K7s":{"weight":0.9982,"played":[1.0,0.0],"evs":[0.0,-1.71933]},"K8s":{"weight":1.0,"played":[1.0,0.0],"evs":[0.0,-1.53533]},"K9s":{"weight":1.0,"played":[1.0,0.0],"evs":[0.0,-1.03198]},"KTs":{"weight":1.0,"played":[0.8717,0.1283],"evs":[0.0,-0.28633]},"KJs":{"weight":0.9971,"played":[0.9933,0.0067],"evs":[0.0,-0.29922]},"KQs":{"weight":1.0,"played":[0.0534,0.9466],"evs":[0.0,0.21756]},"KK":{"weight":1.0,"played":[0.0,1.0],"evs":[0.0,14.21111]},"AKo":{"weight":0.9989,"played":[0.0,1.0],"evs":[0.0,4.12678]},"A2s":{"weight":1.0,"played":[1.0,0.0],"evs":[0.0,-3.18325]},"A3s":{"weight":1.0,"played":[1.0,0.0],"evs":[0.0,-2.98191]},"A4s":{"weight":1.0,"played":[1.0,0.0],"evs":[0.0,-2.72894]},"A5s":{"weight":1.0,"played":[1.0,0.0],"evs":[0.0,-2.3582]},"A6s":{"weight":1.0,"played":[1.0,0.0],"evs":[0.0,-3.21215]},"A7s":{"weight":1.0,"played":[1.0,0.0],"evs":[0.0,-3.11728]},"A8s":{"weight":1.0,"played":[1.0,0.0],"evs":[0.0,-2.66531]},"A9s":{"weight":1.0,"played":[1.0,0.0],"evs":[0.0,-2.06394]},"ATs":{"weight":1.0,"played":[1.0,0.0],"evs":[0.0,-1.2677]},"AJs":{"weight":1.0,"played":[0.0398,0.9602],"evs":[0.0,0.05391]},"AQs":{"weight":1.0,"played":[0.0,1.0],"evs":[0.0,2.49857]},"AKs":{"weight":1.0,"played":[0.0,1.0],"evs":[0.0,5.12625]},"AA":{"weight":1.0,"played":[0.0,1.0],"evs":[0.0,19.47698]}}}