{"player":3,"street":0,"children":2,"sequence":[{"player":0,"type":"R","amount":200000,"street":0},{"player":1,"type":"F","amount":0,"street":0},{"player":2,"type":"F","amount":0,"street":0},{"player":3,"type":"C","amount":200000,"street":0},{"player":4,"type":"F","amount":0,"street":0},{"player":5,"type":"R","amount":2235000,"street":0},{"player":0,"type":"F","amount":0,"street":0}],"actions":[{"type":"F","amount":0},{"type":"C","amount":2035000}],"hands":{"22":{"weight":0.4753,"played":[1.0,0.0],"evs":[0.0,-0.73347]},"32o":{"weight":0.0,"played":[1.0,0.0],"evs":[0.0,-5.16987]},"42o":{"weight":0.0,"played":[1.0,0.0],"evs":[0.0,-4.81454]},"52o":{"weight":0.0,"played":[1.0,0.0],"evs":[0.0,-4.82969]},"62o":{"weight":0.0,"played":[1.0,0.0],"evs":[0.0,-5.1906]},"72o":{"weight":0.0,"played":[1.0,0.0],"evs":[0.0,-5.49485]},"82o":{"weight":0.0,"played":[1.0,0.0],"evs":[0.0,-5.14685]},"92o":{"weight":0.0,"played":[1.0,0.0],"evs":[0.0,-5.08664]},"T2o":{"weight":0.0,"played":[1.0,0.0],"evs":[0.0,-4.93761]},"J2o":{"weight":0.0,"played":[1.0,0.0],"evs":[0.0,-4.793]},"Q2o":{"weight":0.0,"played":[1.0,0.0],"evs":[0.0,-4.22778]},"K2o":{"weight":0.0,"played":[1.0,0.0],"evs":[0.0,-3.38165]},"A2o":{"weight":0.0,"played":[1.0,0.0],"evs":[0.0,-2.90908]},"32s":{"weight":0.0,"played":[1.0,0.0],"evs":[0.0,-3.65248]},"33":{"weight":0.802,"played":[1.0,0.0],"evs":[0.0,-0.56928]},"43o":{"weight":0.0,"played":[1.0,0.0],"evs":[0.0,-4.43653]},"53o":{"weight":0.0,"played":[1.0,0.0],"evs":[0.0,-4.30753]},"63o":{"weight":0.0,"played":[1.0,0.0],"evs":[0.0,-4.66504]},"73o":{"weight":0.0,"played":[1.0,0.0],"evs":[0.0,-4.98615]},"83o":{"weight":0.0,"played":[1.0,0.0],"evs":[0.0,-5.23202]},"93o":{"weight":0.0,"played":[1.0,0.0],"evs":[0.0,-4.90463]},"T3o":{"weight":0.0,"played":[1.0,0.0],"evs":[0.0,-4.85896]},"J3o":{"weight":0.0,"played":[1.0,0.0],"evs":[0.0,-4.51952]},"Q3o":{"weight":0.0,"played":[1.0,0.0],"evs":[0.0,-3.94904]},"K3o":{"weight":0.0,"played":[1.0,0.0],"evs":[0.0,-3.33538]},"A3o":{"weight":0.0,"played":[1.0,0.0],"evs":[0.0,-2.79521]},"42s":{"weight":0.0,"played":[1.0,0.0],"evs":[0.0,-3.73605]},"43s":{"weight":0.9931,"played":[1.0,0.0],"evs":[0.0,-3.19677]},"44":{"weight":0.9996,"played":[1.0,0.0],"evs":[0.0,-0.33108]},"54o":{"weight":0.0,"played":[1.0,0.0],"evs":[0.0,-3.75761]},"64o":{"weight":0.0,"played":[1.0,0.0],"evs":[0.0,-4.26446]},"74o":{"weight":0.0,"played":[1.0,0.0],"evs":[0.0,-4.53747]},"84o":{"weight":0.0,"played":[1.0,0.0],"evs":[0.0,-4.7747]},"94o":{"weight":0.0,"played":[1.0,0.0],"evs":[0.0,-4.99937]},"T4o":{"weight":0.0,"played":[1.0,0.0],"evs":[0.0,-4.79129]},"J4o":{"weight":0.0,"played":[1.0,0.0],"evs":[0.0,-4.37401]},"Q4o":{"weight":0.0,"played":[1.0,0.0],"evs":[0.0,-3.93935]},"K4o":{"weight":0.0,"played":[1.0,0.0],"evs":[0.0,-3.20664]},"A4o":{"weight":0.0,"played":[1.0,0.0],"evs":[0.0,-2.5379]},"52s":{"weight":0.0,"played":[1.0,0.0],"evs":[0.0,-3.27575]},"53s":{"weight":1.0,"played":[1.0,0.0],"evs":[0.0,-2.98772]},"54s":{"weight":1.0,"played":[1.0,0.0],"evs":[0.0,-2.54799]},"55":{"weight":0.9865,"played":[0.4145,0.5855],"evs":[0.0,-0.02986]},"65o":{"weight":0.0,"played":[1.0,0.0],"evs":[0.0,-3.75229]},"75o":{"weight":0.0,"played":[1.0,0.0],"evs":[0.0,-3.88293]},"85o":{"weight":0.0,"played":[1.0,0.0],"evs":[0.0,-4.26145]},"95o":{"weight":0.0,"played":[1.0,0.0],"evs":[0.0,-4.3201]},"T5o":{"weight":0.0,"played":[1.0,0.0],"evs":[0.0,-4.58322]},"J5o":{"weight":0.0,"played":[1.0,0.0],"evs":[0.0,-4.24853]},"Q5o":{"weight":0.0,"played":[1.0,0.0],"evs":[0.0,-3.58728]},"K5o":{"weight":0.0,"played":[1.0,0.0],"evs":[0.0,-3.13637]},"A5o":{"weight":2.0E-4,"played":[1.0,0.0],"evs":[0.0,-2.42682]},"62s":{"weight":0.0,"played":[1.0,0.0],"evs":[0.0,-3.83826]},"63s":{"weight":0.0,"played":[1.0,0.0],"evs":[0.0,-3.6035]},"64s":{"weight":0.9999,"played":[1.0,0.0],"evs":[0.0,-2.88534]},"65s":{"weight":1.0,"played":[1.0,0.0],"evs":[0.0,-2.52476]},"66":{"weight":0.9692,"played":[0.0082,0.9918],"evs":[0.0,0.2235]},"76o":{"weight":0.0,"played":[1.0,0.0],"evs":[0.0,-3.49616]},"86o":{"weight":0.0,"played":[1.0,0.0],"evs":[0.0,-3.78774]},"96o":{"weight":0.0,"played":[1.0,0.0],"evs":[0.0,-3.81608]},"T6o":{"weight":0.0,"played":[1.0,0.0],"evs":[0.0,-4.29722]},"J6o":{"weight":0.0,"played":[1.0,0.0],"evs":[0.0,-4.21958]},"Q6o":{"weight":0.0,"played":[1.0,0.0],"evs":[0.0,-3.5682]},"K6o":{"weight":0.0,"played":[1.0,0.0],"evs":[0.0,-2.8701]},"A6o":{"weight":0.0,"played":[1.0,0.0],"evs":[0.0,-2.87932]},"72s":{"weight":0.0,"played":[1.0,0.0],"evs":[0.0,-3.97499]},"73s":{"weight":0.0,"played":[1.0,0.0],"evs":[0.0,-3.68759]},"74s":{"weight":7.0E-4,"played":[1.0,0.0],"evs":[0.0,-3.31059]},"75s":{"weight":1.0,"played":[1.0,0.0],"evs":[0.0,-2.80089]},"76s":{"weight":1.0,"played":[1.0,0.0],"evs":[0.0,-2.30672]},"77":{"weight":0.9691,"played":[0.0,1.0],"evs":[0.0,0.98338]},"87o":{"weight":0.0,"played":[1.0,0.0],"evs":[0.0,-3.2925]},"97o":{"weight":0.0,"played":[1.0,0.0],"evs":[0.0,-3.47189]},"T7o":{"weight":0.0,"played":[1.0,0.0],"evs":[0.0,-3.74803]},"J7o":{"weight":0.0,"played":[1.0,0.0],"evs":[0.0,-3.91329]},"Q7o":{"weight":0.0,"played":[1.0,0.0],"evs":[0.0,-3.55366]},"K7o":{"weight":0.0,"played":[1.0,0.0],"evs":[0.0,-2.80192]},"A7o":{"weight":0.0,"played":[1.0,0.0],"evs":[0.0,-2.58549]},"82s":{"weight":0.0,"played":[1.0,0.0],"evs":[0.0,-3.83923]},"83s":{"weight":0.0,"played":[1.0,0.0],"evs":[0.0,-3.9707]},"84s":{"weight":0.0,"played":[1.0,0.0],"evs":[0.0,-3.46628]},"85s":{"weight":0.9771,"played":[1.0,0.0],"evs":[0.0,-2.86743]},"86s":{"weight":1.0,"played":[1.0,0.0],"evs":[0.0,-2.57026]},"87s":{"weight":1.0,"played":[1.0,0.0],"evs":[0.0,-2.18599]},"88":{"weight":0.6314,"played":[0.0,1.0],"evs":[0.0,2.36499]},"98o":{"weight":0.0,"played":[1.0,0.0],"evs":[0.0,-3.08703]},"T8o":{"weight":0.0,"played":[1.0,0.0],"evs":[0.0,-3.39183]},"J8o":{"weight":0.0,"played":[1.0,0.0],"evs":[0.0,-3.33573]},"Q8o":{"weight":0.0,"played":[1.0,0.0],"evs":[0.0,-3.13464]},"K8o":{"weight":0.0,"played":[1.0,0.0],"evs":[0.0,-2.7327]},"A8o":{"weight":0.0,"played":[1.0,0.0],"evs":[0.0,-2.21887]},"92s":{"weight":0.0,"played":[1.0,0.0],"evs":[0.0,-3.87257]},"93s":{"weight":0.0,"played":[1.0,0.0],"evs":[0.0,-3.75009]},"94s":{"weight":0.0,"played":[1.0,0.0],"evs":[0.0,-3.60293]},"95s":{"weight":2.0E-4,"played":[1.0,0.0],"evs":[0.0,-3.18309]},"96s":{"weight":0.999,"played":[1.0,0.0],"evs":[0.0,-2.71475]},"97s":{"weight":1.0,"played":[1.0,0.0],"evs":[0.0,-2.31659]},"98s":{"weight":1.0,"played":[1.0,0.0],"evs":[0.0,-1.78589]},"99":{"weight":0.0,"played":[0.0,1.0],"evs":[0.0,3.64557]},"T9o":{"weight":0.0,"played":[1.0,0.0],"evs":[0.0,-2.67406]},"J9o":{"weight":0.0,"played":[1.0,0.0],"evs":[0.0,-2.75811]},"Q9o":{"weight":0.0,"played":[1.0,0.0],"evs":[0.0,-2.47294]},"K9o":{"weight":0.0,"played":[1.0,0.0],"evs":[0.0,-2.17895]},"A9o":{"weight":0.8085,"played":[1.0,0.0],"evs":[0.0,-1.5556]},"T2s":{"weight":0.0,"played":[1.0,0.0],"evs":[0.0,-3.81145]},"T3s":{"weight":0.0,"played":[1.0,0.0],"evs":[0.0,-3.59134]},"T4s":{"weight":0.0,"played":[1.0,0.0],"evs":[0.0,-3.48895]},"T5s":{"weight":0.0,"played":[1.0,0.0],"evs":[0.0,-3.42781]},"T6s":{"weight":2.0E-4,"played":[1.0,0.0],"evs":[0.0,-2.95557]},"T7s":{"weight":0.9994,"played":[1.0,0.0],"evs":[0.0,-2.42803]},"T8s":{"weight":1.0,"played":[1.0,0.0],"evs":[0.0,-2.0021]},"T9s":{"weight":0.9128,"played":[1.0,0.0],"evs":[0.0,-1.48721]},"TT":{"weight":0.0,"played":[0.0,1.0],"evs":[0.0,5.39767]},"JTo":{"weight":0.998,"played":[1.0,0.0],"evs":[0.0,-2.04524]},"QTo":{"weight":0.8366,"played":[1.0,0.0],"evs":[0.0,-1.58908]},"KTo":{"weight":0.7853,"played":[1.0,0.0],"evs":[0.0,-1.13763]},"ATo":{"weight":0.9852,"played":[1.0,0.0],"evs":[0.0,-0.5432]},"J2s":{"weight":0.0,"played":[1.0,0.0],"evs":[0.0,-3.39691]},"J3s":{"weight":0.0,"played":[1.0,0.0],"evs":[0.0,-3.35067]},"J4s":{"weight":0.0,"played":[1.0,0.0],"evs":[0.0,-3.27504]},"J5s":{"weight":0.0,"played":[1.0,0.0],"evs":[0.0,-3.08021]},"J6s":{"weight":0.0,"played":[1.0,0.0],"evs":[0.0,-3.1441]},"J7s":{"weight":0.9936,"played":[1.0,0.0],"evs":[0.0,-2.62134]},"J8s":{"weight":1.0,"played":[1.0,0.0],"evs":[0.0,-2.16347]},"J9s":{"weight":0.9999,"played":[1.0,0.0],"evs":[0.0,-1.54836]},"JTs":{"weight":0.0107,"played":[0.9961,0.0039],"evs":[0.0,-0.81703]},"JJ":{"weight":1.0E-4,"played":[0.0,1.0],"evs":[0.0,7.10325]},"QJo":{"weight":0.945,"played":[1.0,0.0],"evs":[0.0,-1.29639]},"KJo":{"weight":1.0,"played":[1.0,0.0],"evs":[0.0,-0.92311]},"AJo":{"weight":0.9888,"played":[0.0,1.0],"evs":[0.0,0.43369]},"Q2s":{"weight":0.0,"played":[1.0,0.0],"evs":[0.0,-2.8516]},"Q3s":{"weight":0.0026,"played":[1.0,0.0],"evs":[0.0,-2.64321]},"Q4s":{"weight":3.0E-4,"played":[1.0,0.0],"evs":[0.0,-2.57926]},"Q5s":{"weight":0.3222,"played":[1.0,0.0],"evs":[0.0,-2.51454]},"Q6s":{"weight":0.4815,"played":[1.0,0.0],"evs":[0.0,-2.23277]},"Q7s":{"weight":0.9399,"played":[1.0,0.0],"evs":[0.0,-2.22369]},"Q8s":{"weight":0.9184,"played":[1.0,0.0],"evs":[0.0,-1.81164]},"Q9s":{"weight":0.9135,"played":[0.9996,4.0E-4],"evs":[0.0,-1.15663]},"QTs":{"weight":0.0468,"played":[1.0,0.0],"evs":[0.0,-0.47591]},"QJs":{"weight":0.8299,"played":[0.9657,0.0343],"evs":[0.0,-0.20485]},"QQ":{"weight":0.3073,"played":[0.0,1.0],"evs":[0.0,9.2052]},"KQo":{"weight":1.0,"played":[0.9989,0.0011],"evs":[0.0,-0.46398]},"AQo":{"weight":0.1658,"played":[0.0,1.0],"evs":[0.0,2.96345]},"K2s":{"weight":0.002,"played":[1.0,0.0],"evs":[0.0,-2.24834]},"K3s":{"weight":0.419,"played":[1.0,0.0],"evs":[0.0,-2.01658]},"K4s":{"weight":0.9975,"played":[1.0,0.0],"evs":[0.0,-1.75881]},"K5s":{"weight":0.8774,"played":[1.0,0.0],"evs":[0.0,-1.76832]},"K6s":{"weight":0.9964,"played":[1.0,0.0],"evs":[0.0,-1.56139]},"K7s":{"weight":0.6448,"played":[1.0,0.0],"evs":[0.0,-1.55258]},"K8s":{"weight":0.9935,"played":[1.0,0.0],"evs":[0.0,-1.58801]},"K9s":{"weight":0.2298,"played":[0.9997,3.0E-4],"evs":[0.0,-0.86194]},"KTs":{"weight":0.1372,"played":[0.5542,0.4458],"evs":[0.0,0.03055]},"KJs":{"weight":0.9987,"played":[0.1026,0.8974],"evs":[0.0,0.20735]},"KQs":{"weight":1.0,"played":[7.0E-4,0.9993],"evs":[0.0,0.61974]},"KK":{"weight":0.8384,"played":[0.0,1.0],"evs":[0.0,11.29807]},"AKo":{"weight":0.0,"played":[0.0,1.0],"evs":[0.0,5.05803]},"A2s":{"weight":0.1659,"played":[1.0,0.0],"evs":[0.0,-1.5159]},"A3s":{"weight":0.7397,"played":[1.0,0.0],"evs":[0.0,-1.57565]},"A4s":{"weight":0.8142,"played":[1.0,0.0],"evs":[0.0,-1.49454]},"A5s":{"weight":0.4314,"played":[0.9999,1.0E-4],"evs":[0.0,-1.23997]},"A6s":{"weight":0.9989,"played":[0.9999,1.0E-4],"evs":[0.0,-1.64413]},"A7s":{"weight":0.9984,"played":[0.9998,2.0E-4],"evs":[0.0,-1.39457]},"A8s":{"weight":0.9945,"played":[0.9994,6.0E-4],"evs":[0.0,-0.82604]},"A9s":{"weight":1.0,"played":[0.933,0.067],"evs":[0.0,-0.44456]},"ATs":{"weight":0.9989,"played":[4.0E-4,0.9996],"evs":[0.0,0.66187]},"AJs":{"weight":1.0,"played":[0.0,1.0],"evs":[0.0,1.67322]},"AQs":{"weight":0.9991,"played":[0.0,1.0],"evs":[0.0,3.74484]},"AKs":{"weight":0.0,"played":[0.0,1.0],"evs":[0.0,6.05479]},"AA":{"weight":0.6185,"played":[0.0,1.0],"evs":[0.0,15.39528]}}}