{"player":0,"street":0,"children":2,"sequence":[{"player":0,"type":"R","amount":200000,"street":0},{"player":1,"type":"F","amount":0,"street":0},{"player":2,"type":"F","amount":0,"street":0},{"player":3,"type":"C","amount":200000,"street":0},{"player":4,"type":"F","amount":0,"street":0},{"player":5,"type":"R","amount":2235000,"street":0},{"player":0,"type":"C","amount":2035000,"street":0},{"player":3,"type":"R","amount":3645000,"street":0}],"actions":[{"type":"F","amount":0},{"type":"C","amount":350000}],"hands":{"22":{"weight":0.0,"played":[0.0,1.0],"evs":[0.0,8.96943]},"32o":{"weight":0.0,"played":[0.0,1.0],"evs":[0.0,5.80752]},"42o":{"weight":0.0,"played":[0.0,1.0],"evs":[0.0,6.50826]},"52o":{"weight":0.0,"played":[0.0,1.0],"evs":[0.0,6.77872]},"62o":{"weight":0.0,"played":[0.0,1.0],"evs":[0.0,5.47031]},"72o":{"weight":0.0,"played":[0.0,1.0],"evs":[0.0,5.17075]},"82o":{"weight":0.0,"played":[0.0,1.0],"evs":[0.0,5.69768]},"92o":{"weight":0.0,"played":[0.0,1.0],"evs":[0.0,6.04348]},"T2o":{"weight":0.0,"played":[0.0,1.0],"evs":[0.0,6.02076]},"J2o":{"weight":0.0,"played":[0.0,1.0],"evs":[0.0,5.83181]},"Q2o":{"weight":0.0,"played":[0.0,1.0],"evs":[0.0,5.01704]},"K2o":{"weight":0.0,"played":[0.0,1.0],"evs":[0.0,6.96286]},"A2o":{"weight":0.0,"played":[0.0,1.0],"evs":[0.0,7.7901]},"32s":{"weight":0.0,"played":[0.0,1.0],"evs":[0.0,7.32228]},"33":{"weight":0.0,"played":[0.0,1.0],"evs":[0.0,9.74142]},"43o":{"weight":0.0,"played":[0.0,1.0],"evs":[0.0,6.74708]},"53o":{"weight":0.0,"played":[0.0,1.0],"evs":[0.0,7.6256]},"63o":{"weight":0.0,"played":[0.0,1.0],"evs":[0.0,6.40713]},"73o":{"weight":0.0,"played":[0.0,1.0],"evs":[0.0,5.51569]},"83o":{"weight":0.0,"played":[0.0,1.0],"evs":[0.0,5.66836]},"93o":{"weight":0.0,"played":[0.0,1.0],"evs":[0.0,6.35685]},"T3o":{"weight":0.0,"played":[0.0,1.0],"evs":[0.0,6.03519]},"J3o":{"weight":0.0,"played":[0.0,1.0],"evs":[0.0,6.21426]},"Q3o":{"weight":0.0,"played":[0.0,1.0],"evs":[0.0,5.71975]},"K3o":{"weight":0.0,"played":[0.0,1.0],"evs":[0.0,6.92982]},"A3o":{"weight":0.0,"played":[0.0,1.0],"evs":[0.0,8.09397]},"42s":{"weight":0.0,"played":[0.0,1.0],"evs":[0.0,7.49583]},"43s":{"weight":0.0,"played":[0.0,1.0],"evs":[0.0,9.60989]},"44":{"weight":0.0,"played":[0.0,1.0],"evs":[0.0,9.54036]},"54o":{"weight":0.0,"played":[0.0,1.0],"evs":[0.0,8.02786]},"64o":{"weight":0.0,"played":[0.0,1.0],"evs":[0.0,7.26299]},"74o":{"weight":0.0,"played":[0.0,1.0],"evs":[0.0,6.75454]},"84o":{"weight":0.0,"played":[0.0,1.0],"evs":[0.0,6.86129]},"94o":{"weight":0.0,"played":[0.0,1.0],"evs":[0.0,5.89159]},"T4o":{"weight":0.0,"played":[0.0,1.0],"evs":[0.0,6.47754]},"J4o":{"weight":0.0,"played":[0.0,1.0],"evs":[0.0,6.10458]},"Q4o":{"weight":0.0,"played":[0.0,1.0],"evs":[0.0,5.92429]},"K4o":{"weight":0.0,"played":[0.0,1.0],"evs":[0.0,6.7412]},"A4o":{"weight":0.0,"played":[0.0,1.0],"evs":[0.0,8.42122]},"52s":{"weight":0.0,"played":[0.0,1.0],"evs":[0.0,8.31821]},"53s":{"weight":0.0,"played":[0.0,1.0],"evs":[0.0,9.54316]},"54s":{"weight":0.0,"played":[0.0,1.0],"evs":[0.0,10.25084]},"55":{"weight":2.0E-4,"played":[0.0,1.0],"evs":[0.0,9.77071]},"65o":{"weight":0.0,"played":[0.0,1.0],"evs":[0.0,7.76936]},"75o":{"weight":0.0,"played":[0.0,1.0],"evs":[0.0,7.47443]},"85o":{"weight":0.0,"played":[0.0,1.0],"evs":[0.0,7.24746]},"95o":{"weight":0.0,"played":[0.0,1.0],"evs":[0.0,6.60359]},"T5o":{"weight":0.0,"played":[0.0,1.0],"evs":[0.0,6.54633]},"J5o":{"weight":0.0,"played":[0.0,1.0],"evs":[0.0,6.58422]},"Q5o":{"weight":0.0,"played":[0.0,1.0],"evs":[0.0,6.54671]},"K5o":{"weight":0.0,"played":[0.0,1.0],"evs":[0.0,7.33251]},"A5o":{"weight":0.0,"played":[0.0,1.0],"evs":[0.0,8.75118]},"62s":{"weight":0.0,"played":[0.0,1.0],"evs":[0.0,7.57781]},"63s":{"weight":0.0,"played":[0.0,1.0],"evs":[0.0,8.34745]},"64s":{"weight":0.0,"played":[0.0,1.0],"evs":[0.0,9.76391]},"65s":{"weight":0.0,"played":[0.0,1.0],"evs":[0.0,8.6979]},"66":{"weight":0.0029,"played":[0.0,1.0],"evs":[0.0,9.89866]},"76o":{"weight":0.0,"played":[0.0,1.0],"evs":[0.0,7.6186]},"86o":{"weight":0.0,"played":[0.0,1.0],"evs":[0.0,7.91626]},"96o":{"weight":0.0,"played":[0.0,1.0],"evs":[0.0,7.65187]},"T6o":{"weight":0.0,"played":[0.0,1.0],"evs":[0.0,7.48517]},"J6o":{"weight":0.0,"played":[0.0,1.0],"evs":[0.0,6.51968]},"Q6o":{"weight":0.0,"played":[0.0,1.0],"evs":[0.0,6.06628]},"K6o":{"weight":0.0,"played":[0.0,1.0],"evs":[0.0,7.17846]},"A6o":{"weight":0.0,"played":[0.0,1.0],"evs":[0.0,7.60662]},"72s":{"weight":0.0,"played":[0.0,1.0],"evs":[0.0,6.6772]},"73s":{"weight":0.0,"played":[0.0,1.0],"evs":[0.0,7.22701]},"74s":{"weight":0.0,"played":[0.0,1.0],"evs":[0.0,8.07456]},"75s":{"weight":0.0,"played":[0.0,1.0],"evs":[0.0,9.40601]},"76s":{"weight":0.0,"played":[0.0,1.0],"evs":[0.0,10.15587]},"77":{"weight":0.2873,"played":[0.0,1.0],"evs":[0.0,11.12679]},"87o":{"weight":0.0,"played":[0.0,1.0],"evs":[0.0,8.93314]},"97o":{"weight":0.0,"played":[0.0,1.0],"evs":[0.0,7.80583]},"T7o":{"weight":0.0,"played":[0.0,1.0],"evs":[0.0,7.08851]},"J7o":{"weight":0.0,"played":[0.0,1.0],"evs":[0.0,7.00946]},"Q7o":{"weight":0.0,"played":[0.0,1.0],"evs":[0.0,6.39159]},"K7o":{"weight":0.0,"played":[0.0,1.0],"evs":[0.0,7.62819]},"A7o":{"weight":0.0,"played":[0.0,1.0],"evs":[0.0,7.79742]},"82s":{"weight":0.0,"played":[0.0,1.0],"evs":[0.0,7.25112]},"83s":{"weight":0.0,"played":[0.0,1.0],"evs":[0.0,7.88909]},"84s":{"weight":0.0,"played":[0.0,1.0],"evs":[0.0,8.9396]},"85s":{"weight":0.0,"played":[0.0,1.0],"evs":[0.0,9.42177]},"86s":{"weight":0.0,"played":[0.0,1.0],"evs":[0.0,9.41611]},"87s":{"weight":0.0,"played":[0.0,1.0],"evs":[0.0,9.85891]},"88":{"weight":0.5653,"played":[0.0,1.0],"evs":[0.0,13.78732]},"98o":{"weight":0.0,"played":[0.0,1.0],"evs":[0.0,9.25997]},"T8o":{"weight":0.0,"played":[0.0,1.0],"evs":[0.0,8.85269]},"J8o":{"weight":0.0,"played":[0.0,1.0],"evs":[0.0,7.52499]},"Q8o":{"weight":0.0,"played":[0.0,1.0],"evs":[0.0,6.64509]},"K8o":{"weight":0.0,"played":[0.0,1.0],"evs":[0.0,8.23963]},"A8o":{"weight":0.0,"played":[0.0,1.0],"evs":[0.0,8.77683]},"92s":{"weight":0.0,"played":[0.0,1.0],"evs":[0.0,8.32582]},"93s":{"weight":0.0,"played":[0.0,1.0],"evs":[0.0,8.01672]},"94s":{"weight":0.0,"played":[0.0,1.0],"evs":[0.0,8.08934]},"95s":{"weight":0.0,"played":[0.0,1.0],"evs":[0.0,9.06292]},"96s":{"weight":0.0,"played":[0.0,1.0],"evs":[0.0,8.47852]},"97s":{"weight":0.0,"played":[0.0,1.0],"evs":[0.0,10.27325]},"98s":{"weight":0.0,"played":[0.0,1.0],"evs":[0.0,11.48968]},"99":{"weight":0.4071,"played":[0.0,1.0],"evs":[0.0,14.99356]},"T9o":{"weight":0.0,"played":[0.0,1.0],"evs":[0.0,9.51795]},"J9o":{"weight":0.0,"played":[0.0,1.0],"evs":[0.0,8.44033]},"Q9o":{"weight":0.0,"played":[0.0,1.0],"evs":[0.0,8.29504]},"K9o":{"weight":0.0,"played":[0.0,1.0],"evs":[0.0,9.04842]},"A9o":{"weight":0.0,"played":[0.0,1.0],"evs":[0.0,8.86271]},"T2s":{"weight":0.0,"played":[0.0,1.0],"evs":[0.0,7.24914]},"T3s":{"weight":0.0,"played":[0.0,1.0],"evs":[0.0,8.24276]},"T4s":{"weight":0.0,"played":[0.0,1.0],"evs":[0.0,8.4061]},"T5s":{"weight":0.0,"played":[0.0,1.0],"evs":[0.0,8.62103]},"T6s":{"weight":0.0,"played":[0.0,1.0],"evs":[0.0,9.24111]},"T7s":{"weight":0.0,"played":[0.0,1.0],"evs":[0.0,10.27521]},"T8s":{"weight":0.0,"played":[0.0,1.0],"evs":[0.0,10.75543]},"T9s":{"weight":0.0,"played":[0.0,1.0],"evs":[0.0,11.11431]},"TT":{"weight":0.7529,"played":[0.0,1.0],"evs":[0.0,16.40926]},"JTo":{"weight":0.0,"played":[0.0,1.0],"evs":[0.0,9.50923]},"QTo":{"weight":0.0,"played":[0.0,1.0],"evs":[0.0,8.51023]},"KTo":{"weight":0.0,"played":[0.0,1.0],"evs":[0.0,10.17262]},"ATo":{"weight":0.0,"played":[0.0,1.0],"evs":[0.0,10.29262]},"J2s":{"weight":0.0,"played":[0.0,1.0],"evs":[0.0,8.24144]},"J3s":{"weight":0.0,"played":[0.0,1.0],"evs":[0.0,8.2221]},"J4s":{"weight":0.0,"played":[0.0,1.0],"evs":[0.0,8.04096]},"J5s":{"weight":0.0,"played":[0.0,1.0],"evs":[0.0,9.01158]},"J6s":{"weight":0.0,"played":[0.0,1.0],"evs":[0.0,8.21404]},"J7s":{"weight":0.0,"played":[0.0,1.0],"evs":[0.0,9.42024]},"J8s":{"weight":0.0,"played":[0.0,1.0],"evs":[0.0,9.92247]},"J9s":{"weight":0.0,"played":[0.0,1.0],"evs":[0.0,10.45563]},"JTs":{"weight":0.0,"played":[0.0,1.0],"evs":[0.0,11.53453]},"JJ":{"weight":0.218,"played":[0.0,1.0],"evs":[0.0,17.21982]},"QJo":{"weight":0.0,"played":[0.0,1.0],"evs":[0.0,8.62069]},"KJo":{"weight":0.0,"played":[0.0,1.0],"evs":[0.0,10.23854]},"AJo":{"weight":0.3792,"played":[0.0,1.0],"evs":[0.0,10.80028]},"Q2s":{"weight":0.0,"played":[0.0,1.0],"evs":[0.0,8.25741]},"Q3s":{"weight":0.0,"played":[0.0,1.0],"evs":[0.0,7.45918]},"Q4s":{"weight":0.0,"played":[0.0,1.0],"evs":[0.0,7.91678]},"Q5s":{"weight":0.0,"played":[0.0,1.0],"evs":[0.0,7.72416]},"Q6s":{"weight":0.0,"played":[0.0,1.0],"evs":[0.0,7.50556]},"Q7s":{"weight":0.0,"played":[0.0,1.0],"evs":[0.0,7.88006]},"Q8s":{"weight":0.0,"played":[0.0,1.0],"evs":[0.0,8.79241]},"Q9s":{"weight":0.0,"played":[0.0,1.0],"evs":[0.0,9.36644]},"QTs":{"weight":0.0,"played":[0.0,1.0],"evs":[0.0,11.36664]},"QJs":{"weight":0.0011,"played":[0.0,1.0],"evs":[0.0,11.1098]},"QQ":{"weight":0.4887,"played":[0.0,1.0],"evs":[0.0,20.02108]},"KQo":{"weight":0.0,"played":[0.0,1.0],"evs":[0.0,10.16216]},"AQo":{"weight":0.4933,"played":[0.0,1.0],"evs":[0.0,12.87331]},"K2s":{"weight":0.0,"played":[0.0,1.0],"evs":[0.0,9.03632]},"K3s":{"weight":0.0,"played":[0.0,1.0],"evs":[0.0,9.21912]},"K4s":{"weight":0.0,"played":[0.0,1.0],"evs":[0.0,9.34335]},"K5s":{"weight":0.0,"played":[0.0,1.0],"evs":[0.0,9.8264]},"K6s":{"weight":0.0,"played":[0.0,1.0],"evs":[0.0,9.63085]},"K7s":{"weight":0.0,"played":[0.0,1.0],"evs":[0.0,8.83594]},"K8s":{"weight":0.0,"played":[0.0,1.0],"evs":[0.0,9.79041]},"K9s":{"weight":0.0,"played":[0.0,1.0],"evs":[0.0,11.46188]},"KTs":{"weight":0.0153,"played":[0.0,1.0],"evs":[0.0,12.3574]},"KJs":{"weight":0.2942,"played":[0.0,1.0],"evs":[0.0,11.85574]},"KQs":{"weight":0.5876,"played":[0.0,1.0],"evs":[0.0,12.17939]},"KK":{"weight":0.1791,"played":[0.0,1.0],"evs":[0.0,26.23838]},"AKo":{"weight":0.3151,"played":[0.0,1.0],"evs":[0.0,16.12072]},"A2s":{"weight":0.0,"played":[0.0,1.0],"evs":[0.0,9.44654]},"A3s":{"weight":0.0,"played":[0.0,1.0],"evs":[0.0,10.37879]},"A4s":{"weight":0.0,"played":[0.0,1.0],"evs":[0.0,10.80212]},"A5s":{"weight":0.0,"played":[0.0,1.0],"evs":[0.0,10.43906]},"A6s":{"weight":0.0,"played":[0.0,1.0],"evs":[0.0,10.1848]},"A7s":{"weight":0.0,"played":[0.0,1.0],"evs":[0.0,10.27971]},"A8s":{"weight":1.0E-4,"played":[0.0,1.0],"evs":[0.0,10.77963]},"A9s":{"weight":3.0E-4,"played":[0.0,1.0],"evs":[0.0,12.15016]},"ATs":{"weight":0.8845,"played":[0.0,1.0],"evs":[0.0,12.79815]},"AJs":{"weight":0.3581,"played":[0.0,1.0],"evs":[0.0,12.73671]},"AQs":{"weight":0.689,"played":[0.0,1.0],"evs":[0.0,14.63597]},"AKs":{"weight":0.353,"played":[0.0,1.0],"evs":[0.0,18.37545]},"AA":{"weight":0.8773,"played":[0.0,1.0],"evs":[0.0,35.20574]}}}