{"player":3,"street":0,"children":2,"sequence":[{"player":0,"type":"R","amount":200000,"street":0},{"player":1,"type":"F","amount":0,"street":0},{"player":2,"type":"F","amount":0,"street":0},{"player":3,"type":"C","amount":200000,"street":0},{"player":4,"type":"C","amount":150000,"street":0},{"player":5,"type":"R","amount":2235000,"street":0},{"player":0,"type":"C","amount":2035000,"street":0}],"actions":[{"type":"F","amount":0,"node":320},{"type":"R","amount":3645000,"node":321}],"hands":{"22":{"weight":0.4753,"played":[0.7649,0.2351],"evs":[0.0,-0.6129]},"32o":{"weight":0.0,"played":[0.9996,4.0E-4],"evs":[0.0,-5.76552]},"42o":{"weight":0.0,"played":[1.0,0.0],"evs":[0.0,-5.1552]},"52o":{"weight":0.0,"played":[1.0,0.0],"evs":[0.0,-4.96117]},"62o":{"weight":0.0,"played":[1.0,0.0],"evs":[0.0,-5.04459]},"72o":{"weight":0.0,"played":[1.0,0.0],"evs":[0.0,-5.69672]},"82o":{"weight":0.0,"played":[0.9998,2.0E-4],"evs":[0.0,-5.55519]},"92o":{"weight":0.0,"played":[1.0,0.0],"evs":[0.0,-5.34812]},"T2o":{"weight":0.0,"played":[1.0,0.0],"evs":[0.0,-5.97188]},"J2o":{"weight":0.0,"played":[0.9998,2.0E-4],"evs":[0.0,-5.16868]},"Q2o":{"weight":0.0,"played":[1.0,0.0],"evs":[0.0,-4.68096]},"K2o":{"weight":0.0,"played":[0.9999,1.0E-4],"evs":[0.0,-4.1464]},"A2o":{"weight":0.0,"played":[1.0,0.0],"evs":[0.0,-4.96002]},"32s":{"weight":0.0,"played":[0.9908,0.0092],"evs":[0.0,-3.15862]},"33":{"weight":0.802,"played":[0.8591,0.1409],"evs":[0.0,-0.89265]},"43o":{"weight":0.0,"played":[0.9994,6.0E-4],"evs":[0.0,-4.22726]},"53o":{"weight":0.0,"played":[1.0,0.0],"evs":[0.0,-3.68786]},"63o":{"weight":0.0,"played":[1.0,0.0],"evs":[0.0,-4.49252]},"73o":{"weight":0.0,"played":[0.9999,1.0E-4],"evs":[0.0,-4.76426]},"83o":{"weight":0.0,"played":[1.0,0.0],"evs":[0.0,-4.32556]},"93o":{"weight":0.0,"played":[1.0,0.0],"evs":[0.0,-4.9566]},"T3o":{"weight":0.0,"played":[1.0,0.0],"evs":[0.0,-5.41779]},"J3o":{"weight":0.0,"played":[1.0,0.0],"evs":[0.0,-4.25662]},"Q3o":{"weight":0.0,"played":[1.0,0.0],"evs":[0.0,-5.35033]},"K3o":{"weight":0.0,"played":[0.9999,1.0E-4],"evs":[0.0,-4.25048]},"A3o":{"weight":0.0,"played":[0.9995,5.0E-4],"evs":[0.0,-5.05035]},"42s":{"weight":0.0,"played":[0.9752,0.0248],"evs":[0.0,-2.76509]},"43s":{"weight":0.9931,"played":[0.9938,0.0062],"evs":[0.0,-1.47168]},"44":{"weight":0.9996,"played":[0.4222,0.5778],"evs":[0.0,-0.0552]},"54o":{"weight":0.0,"played":[0.9986,0.0014],"evs":[0.0,-3.23026]},"64o":{"weight":0.0,"played":[0.9998,2.0E-4],"evs":[0.0,-3.28448]},"74o":{"weight":0.0,"played":[0.9996,4.0E-4],"evs":[0.0,-4.96804]},"84o":{"weight":0.0,"played":[0.9999,1.0E-4],"evs":[0.0,-4.58285]},"94o":{"weight":0.0,"played":[0.9999,1.0E-4],"evs":[0.0,-4.67193]},"T4o":{"weight":0.0,"played":[1.0,0.0],"evs":[0.0,-4.84882]},"J4o":{"weight":0.0,"played":[0.9999,1.0E-4],"evs":[0.0,-4.47442]},"Q4o":{"weight":0.0,"played":[1.0,0.0],"evs":[0.0,-4.74492]},"K4o":{"weight":0.0,"played":[1.0,0.0],"evs":[0.0,-4.61957]},"A4o":{"weight":0.0,"played":[0.9999,1.0E-4],"evs":[0.0,-4.35932]},"52s":{"weight":0.0,"played":[0.9986,0.0014],"evs":[0.0,-1.67421]},"53s":{"weight":1.0,"played":[0.9991,9.0E-4],"evs":[0.0,-1.98181]},"54s":{"weight":1.0,"played":[0.9724,0.0276],"evs":[0.0,-1.05008]},"55":{"weight":0.9865,"played":[0.1866,0.8134],"evs":[0.0,0.38373]},"65o":{"weight":0.0,"played":[0.9759,0.0241],"evs":[0.0,-2.44197]},"75o":{"weight":0.0,"played":[0.9971,0.0029],"evs":[0.0,-3.33866]},"85o":{"weight":0.0,"played":[1.0,0.0],"evs":[0.0,-3.47777]},"95o":{"weight":0.0,"played":[1.0,0.0],"evs":[0.0,-3.99076]},"T5o":{"weight":0.0,"played":[0.9997,3.0E-4],"evs":[0.0,-4.61687]},"J5o":{"weight":0.0,"played":[1.0,0.0],"evs":[0.0,-4.4518]},"Q5o":{"weight":0.0,"played":[1.0,0.0],"evs":[0.0,-4.58887]},"K5o":{"weight":0.0,"played":[0.9998,2.0E-4],"evs":[0.0,-4.78776]},"A5o":{"weight":2.0E-4,"played":[0.997,0.003],"evs":[0.0,-4.0217]},"62s":{"weight":0.0,"played":[0.9989,0.0011],"evs":[0.0,-3.00355]},"63s":{"weight":0.0,"played":[0.998,0.002],"evs":[0.0,-3.35378]},"64s":{"weight":0.9999,"played":[0.9921,0.0079],"evs":[0.0,-0.89998]},"65s":{"weight":1.0,"played":[0.9235,0.0765],"evs":[0.0,-0.95582]},"66":{"weight":0.9692,"played":[0.0016,0.9984],"evs":[0.0,1.62477]},"76o":{"weight":0.0,"played":[0.9996,4.0E-4],"evs":[0.0,-2.03617]},"86o":{"weight":0.0,"played":[0.9993,7.0E-4],"evs":[0.0,-3.19651]},"96o":{"weight":0.0,"played":[1.0,0.0],"evs":[0.0,-3.17905]},"T6o":{"weight":0.0,"played":[0.9992,8.0E-4],"evs":[0.0,-3.87383]},"J6o":{"weight":0.0,"played":[1.0,0.0],"evs":[0.0,-4.2411]},"Q6o":{"weight":0.0,"played":[0.9999,1.0E-4],"evs":[0.0,-3.3816]},"K6o":{"weight":0.0,"played":[0.9988,0.0012],"evs":[0.0,-3.22143]},"A6o":{"weight":0.0,"played":[0.9991,9.0E-4],"evs":[0.0,-4.78027]},"72s":{"weight":0.0,"played":[0.9995,5.0E-4],"evs":[0.0,-3.35813]},"73s":{"weight":0.0,"played":[0.9983,0.0017],"evs":[0.0,-1.55831]},"74s":{"weight":7.0E-4,"played":[0.9637,0.0363],"evs":[0.0,-3.22088]},"75s":{"weight":1.0,"played":[0.9861,0.0139],"evs":[0.0,-1.16557]},"76s":{"weight":1.0,"played":[0.4887,0.5113],"evs":[0.0,0.49448]},"77":{"weight":0.9691,"played":[0.0,1.0],"evs":[0.0,3.16944]},"87o":{"weight":0.0,"played":[0.9997,3.0E-4],"evs":[0.0,-2.54096]},"97o":{"weight":0.0,"played":[0.9998,2.0E-4],"evs":[0.0,-2.98967]},"T7o":{"weight":0.0,"played":[0.9999,1.0E-4],"evs":[0.0,-3.18596]},"J7o":{"weight":0.0,"played":[0.999,0.001],"evs":[0.0,-3.79226]},"Q7o":{"weight":0.0,"played":[1.0,0.0],"evs":[0.0,-4.52294]},"K7o":{"weight":0.0,"played":[0.9998,2.0E-4],"evs":[0.0,-2.9561]},"A7o":{"weight":0.0,"played":[1.0,0.0],"evs":[0.0,-4.0717]},"82s":{"weight":0.0,"played":[0.9977,0.0023],"evs":[0.0,-3.0103]},"83s":{"weight":0.0,"played":[1.0,0.0],"evs":[0.0,-2.37827]},"84s":{"weight":0.0,"played":[0.9386,0.0614],"evs":[0.0,-1.38231]},"85s":{"weight":0.9771,"played":[0.9988,0.0012],"evs":[0.0,-1.56671]},"86s":{"weight":1.0,"played":[0.9996,4.0E-4],"evs":[0.0,-0.53479]},"87s":{"weight":1.0,"played":[0.1157,0.8843],"evs":[0.0,0.58318]},"88":{"weight":0.6314,"played":[0.0,1.0],"evs":[0.0,4.60411]},"98o":{"weight":0.0,"played":[0.998,0.002],"evs":[0.0,-1.94873]},"T8o":{"weight":0.0,"played":[0.9991,9.0E-4],"evs":[0.0,-2.45586]},"J8o":{"weight":0.0,"played":[0.9998,2.0E-4],"evs":[0.0,-2.39477]},"Q8o":{"weight":0.0,"played":[0.998,0.002],"evs":[0.0,-1.8686]},"K8o":{"weight":0.0,"played":[0.9999,1.0E-4],"evs":[0.0,-3.43016]},"A8o":{"weight":0.0,"played":[0.9977,0.0023],"evs":[0.0,-3.63101]},"92s":{"weight":0.0,"played":[0.9992,8.0E-4],"evs":[0.0,-2.88621]},"93s":{"weight":0.0,"played":[0.9989,0.0011],"evs":[0.0,-2.63145]},"94s":{"weight":0.0,"played":[0.9783,0.0217],"evs":[0.0,-2.63187]},"95s":{"weight":2.0E-4,"played":[0.9987,0.0013],"evs":[0.0,-3.36388]},"96s":{"weight":0.999,"played":[0.8871,0.1129],"evs":[0.0,-0.88635]},"97s":{"weight":1.0,"played":[0.775,0.225],"evs":[0.0,-1.00355]},"98s":{"weight":1.0,"played":[0.0214,0.9786],"evs":[0.0,2.21277]},"99":{"weight":0.0,"played":[1.0E-4,0.9999],"evs":[0.0,6.01177]},"T9o":{"weight":0.0,"played":[0.9896,0.0104],"evs":[0.0,-1.39464]},"J9o":{"weight":0.0,"played":[0.9996,4.0E-4],"evs":[0.0,-2.16601]},"Q9o":{"weight":0.0,"played":[0.9983,0.0017],"evs":[0.0,-3.03979]},"K9o":{"weight":0.0,"played":[0.9968,0.0032],"evs":[0.0,-2.94088]},"A9o":{"weight":0.8085,"played":[0.9999,1.0E-4],"evs":[0.0,-3.5497]},"T2s":{"weight":0.0,"played":[0.9989,0.0011],"evs":[0.0,-2.85641]},"T3s":{"weight":0.0,"played":[0.9832,0.0168],"evs":[0.0,-3.6494]},"T4s":{"weight":0.0,"played":[0.9966,0.0034],"evs":[0.0,-3.4981]},"T5s":{"weight":0.0,"played":[0.9974,0.0026],"evs":[0.0,-3.16623]},"T6s":{"weight":2.0E-4,"played":[0.9884,0.0116],"evs":[0.0,-1.03335]},"T7s":{"weight":0.9994,"played":[0.9984,0.0016],"evs":[0.0,-1.25599]},"T8s":{"weight":1.0,"played":[0.5149,0.4851],"evs":[0.0,0.69524]},"T9s":{"weight":0.9128,"played":[0.001,0.999],"evs":[0.0,0.85446]},"TT":{"weight":0.0,"played":[0.0,1.0],"evs":[0.0,6.83304]},"JTo":{"weight":0.998,"played":[0.995,0.005],"evs":[0.0,-1.44616]},"QTo":{"weight":0.8366,"played":[0.9999,1.0E-4],"evs":[0.0,-1.67639]},"KTo":{"weight":0.7853,"played":[0.9998,2.0E-4],"evs":[0.0,-1.59728]},"ATo":{"weight":0.9852,"played":[0.976,0.024],"evs":[0.0,-2.53084]},"J2s":{"weight":0.0,"played":[0.9989,0.0011],"evs":[0.0,-2.37356]},"J3s":{"weight":0.0,"played":[0.8954,0.1046],"evs":[0.0,-2.90071]},"J4s":{"weight":0.0,"played":[0.9835,0.0165],"evs":[0.0,-3.20116]},"J5s":{"weight":0.0,"played":[0.9662,0.0338],"evs":[0.0,-2.1694]},"J6s":{"weight":0.0,"played":[0.9997,3.0E-4],"evs":[0.0,-1.92379]},"J7s":{"weight":0.9936,"played":[1.0,0.0],"evs":[0.0,-1.4742]},"J8s":{"weight":1.0,"played":[0.9279,0.0721],"evs":[0.0,-0.48161]},"J9s":{"weight":0.9999,"played":[0.0388,0.9612],"evs":[0.0,0.26434]},"JTs":{"weight":0.0107,"played":[0.1119,0.8881],"evs":[0.0,1.16141]},"JJ":{"weight":1.0E-4,"played":[0.0,1.0],"evs":[0.0,9.49249]},"QJo":{"weight":0.945,"played":[0.9887,0.0113],"evs":[0.0,-1.17345]},"KJo":{"weight":1.0,"played":[0.9985,0.0015],"evs":[0.0,-1.02949]},"AJo":{"weight":0.9888,"played":[0.7849,0.2151],"evs":[0.0,-0.97232]},"Q2s":{"weight":0.0,"played":[0.9999,1.0E-4],"evs":[0.0,-2.54663]},"Q3s":{"weight":0.0026,"played":[0.9914,0.0086],"evs":[0.0,-3.16519]},"Q4s":{"weight":3.0E-4,"played":[0.9973,0.0027],"evs":[0.0,-1.74854]},"Q5s":{"weight":0.3222,"played":[0.9378,0.0622],"evs":[0.0,-1.18691]},"Q6s":{"weight":0.4815,"played":[0.9942,0.0058],"evs":[0.0,-1.21074]},"Q7s":{"weight":0.9399,"played":[0.9902,0.0098],"evs":[0.0,-1.72604]},"Q8s":{"weight":0.9184,"played":[0.77,0.23],"evs":[0.0,-0.85578]},"Q9s":{"weight":0.9135,"played":[0.7147,0.2853],"evs":[0.0,-0.33806]},"QTs":{"weight":0.0468,"played":[0.0424,0.9576],"evs":[0.0,1.18809]},"QJs":{"weight":0.8299,"played":[0.0,1.0],"evs":[0.0,1.40032]},"QQ":{"weight":0.3073,"played":[0.0,1.0],"evs":[0.0,14.07251]},"KQo":{"weight":1.0,"played":[0.6104,0.3896],"evs":[0.0,-0.68672]},"AQo":{"weight":0.1658,"played":[0.0,1.0],"evs":[0.0,1.06919]},"K2s":{"weight":0.002,"played":[0.8459,0.1541],"evs":[0.0,-2.07812]},"K3s":{"weight":0.419,"played":[0.999,0.001],"evs":[0.0,-1.87872]},"K4s":{"weight":0.9975,"played":[0.9916,0.0084],"evs":[0.0,-2.12673]},"K5s":{"weight":0.8774,"played":[0.6159,0.3841],"evs":[0.0,-0.50089]},"K6s":{"weight":0.9964,"played":[0.7989,0.2011],"evs":[0.0,-0.93797]},"K7s":{"weight":0.6448,"played":[0.9952,0.0048],"evs":[0.0,-0.83811]},"K8s":{"weight":0.9935,"played":[0.6291,0.3709],"evs":[0.0,-0.95658]},"K9s":{"weight":0.2298,"played":[0.1748,0.8252],"evs":[0.0,-0.60426]},"KTs":{"weight":0.1372,"played":[0.0018,0.9982],"evs":[0.0,1.59152]},"KJs":{"weight":0.9987,"played":[0.0092,0.9908],"evs":[0.0,1.12554]},"KQs":{"weight":1.0,"played":[4.0E-4,0.9996],"evs":[0.0,0.87012]},"KK":{"weight":0.8384,"played":[0.0,1.0],"evs":[0.0,18.62325]},"AKo":{"weight":0.0,"played":[1.0E-4,0.9999],"evs":[0.0,4.48145]},"A2s":{"weight":0.1659,"played":[0.9918,0.0082],"evs":[0.0,-3.8013]},"A3s":{"weight":0.7397,"played":[0.9721,0.0279],"evs":[0.0,-2.2885]},"A4s":{"weight":0.8142,"played":[0.9889,0.0111],"evs":[0.0,-1.88997]},"A5s":{"weight":0.4314,"played":[0.981,0.019],"evs":[0.0,-2.50723]},"A6s":{"weight":0.9989,"played":[0.9772,0.0228],"evs":[0.0,-2.55136]},"A7s":{"weight":0.9984,"played":[0.9988,0.0012],"evs":[0.0,-1.39701]},"A8s":{"weight":0.9945,"played":[0.8835,0.1165],"evs":[0.0,-0.06209]},"A9s":{"weight":1.0,"played":[0.8244,0.1756],"evs":[0.0,-1.20859]},"ATs":{"weight":0.9989,"played":[0.0347,0.9653],"evs":[0.0,0.33164]},"AJs":{"weight":1.0,"played":[3.0E-4,0.9997],"evs":[0.0,0.9724]},"AQs":{"weight":0.9991,"played":[1.0E-4,0.9999],"evs":[0.0,3.74447]},"AKs":{"weight":0.0,"played":[0.0,1.0],"evs":[0.0,7.80012]},"AA":{"weight":0.6185,"played":[0.0,1.0],"evs":[0.0,27.15049]}}}