{"player":0,"street":0,"children":2,"sequence":[{"player":0,"type":"R","amount":200000,"street":0},{"player":1,"type":"F","amount":0,"street":0},{"player":2,"type":"F","amount":0,"street":0},{"player":3,"type":"C","amount":200000,"street":0},{"player":4,"type":"C","amount":150000,"street":0},{"player":5,"type":"R","amount":2235000,"street":0},{"player":0,"type":"C","amount":2035000,"street":0},{"player":3,"type":"R","amount":3645000,"street":0},{"player":4,"type":"C","amount":885000,"street":0}],"actions":[{"type":"F","amount":0},{"type":"C","amount":350000}],"hands":{"22":{"weight":0.0,"played":[0.0,1.0],"evs":[0.0,10.17432]},"32o":{"weight":0.0,"played":[0.0,1.0],"evs":[0.0,5.96769]},"42o":{"weight":0.0,"played":[0.0,1.0],"evs":[0.0,7.15374]},"52o":{"weight":0.0,"played":[0.0,1.0],"evs":[0.0,6.95843]},"62o":{"weight":0.0,"played":[0.0,1.0],"evs":[0.0,7.99238]},"72o":{"weight":0.0,"played":[0.0,1.0],"evs":[0.0,7.70608]},"82o":{"weight":0.0,"played":[0.0,1.0],"evs":[0.0,6.84414]},"92o":{"weight":0.0,"played":[0.0,1.0],"evs":[0.0,7.63418]},"T2o":{"weight":0.0,"played":[0.0,1.0],"evs":[0.0,8.56837]},"J2o":{"weight":0.0,"played":[1.0E-4,0.9999],"evs":[0.0,6.34859]},"Q2o":{"weight":0.0,"played":[1.0E-4,0.9999],"evs":[0.0,8.37459]},"K2o":{"weight":0.0,"played":[1.0E-4,0.9999],"evs":[0.0,9.39158]},"A2o":{"weight":0.0,"played":[0.0,1.0],"evs":[0.0,9.92138]},"32s":{"weight":0.0,"played":[0.0,1.0],"evs":[0.0,8.5936]},"33":{"weight":0.0,"played":[1.0E-4,0.9999],"evs":[0.0,12.58512]},"43o":{"weight":0.0,"played":[0.0,1.0],"evs":[0.0,8.69197]},"53o":{"weight":0.0,"played":[0.0,1.0],"evs":[0.0,8.30767]},"63o":{"weight":0.0,"played":[0.0,1.0],"evs":[0.0,8.63413]},"73o":{"weight":0.0,"played":[0.0,1.0],"evs":[0.0,8.47844]},"83o":{"weight":0.0,"played":[0.0,1.0],"evs":[0.0,7.48992]},"93o":{"weight":0.0,"played":[0.0,1.0],"evs":[0.0,8.57118]},"T3o":{"weight":0.0,"played":[0.0,1.0],"evs":[0.0,7.5886]},"J3o":{"weight":0.0,"played":[1.0E-4,0.9999],"evs":[0.0,7.91053]},"Q3o":{"weight":0.0,"played":[0.0,1.0],"evs":[0.0,8.26976]},"K3o":{"weight":0.0,"played":[0.0,1.0],"evs":[0.0,8.89594]},"A3o":{"weight":0.0,"played":[0.0,1.0],"evs":[0.0,10.13965]},"42s":{"weight":0.0,"played":[3.0E-4,0.9997],"evs":[0.0,10.08653]},"43s":{"weight":0.0,"played":[1.0E-4,0.9999],"evs":[0.0,10.91811]},"44":{"weight":0.0038,"played":[0.0,1.0],"evs":[0.0,12.09571]},"54o":{"weight":0.0,"played":[0.0,1.0],"evs":[0.0,9.74617]},"64o":{"weight":0.0,"played":[0.0,1.0],"evs":[0.0,8.5311]},"74o":{"weight":0.0,"played":[0.0,1.0],"evs":[0.0,8.18343]},"84o":{"weight":0.0,"played":[0.0,1.0],"evs":[0.0,7.69071]},"94o":{"weight":0.0,"played":[0.0,1.0],"evs":[0.0,7.17444]},"T4o":{"weight":0.0,"played":[2.0E-4,0.9998],"evs":[0.0,7.31949]},"J4o":{"weight":0.0,"played":[0.0,1.0],"evs":[0.0,7.47626]},"Q4o":{"weight":0.0,"played":[0.0,1.0],"evs":[0.0,8.2484]},"K4o":{"weight":0.0,"played":[0.0,1.0],"evs":[0.0,8.07232]},"A4o":{"weight":0.0,"played":[0.0,1.0],"evs":[0.0,10.55078]},"52s":{"weight":0.0,"played":[1.0E-4,0.9999],"evs":[0.0,10.97228]},"53s":{"weight":0.0,"played":[0.0,1.0],"evs":[0.0,11.48863]},"54s":{"weight":0.0,"played":[0.0,1.0],"evs":[0.0,11.23025]},"55":{"weight":0.4299,"played":[1.0E-4,0.9999],"evs":[0.0,12.84242]},"65o":{"weight":0.0,"played":[0.0,1.0],"evs":[0.0,10.75118]},"75o":{"weight":0.0,"played":[0.0,1.0],"evs":[0.0,8.94981]},"85o":{"weight":0.0,"played":[0.0,1.0],"evs":[0.0,8.2348]},"95o":{"weight":0.0,"played":[1.0E-4,0.9999],"evs":[0.0,7.38103]},"T5o":{"weight":0.0,"played":[0.0,1.0],"evs":[0.0,6.72992]},"J5o":{"weight":0.0,"played":[0.0,1.0],"evs":[0.0,8.15225]},"Q5o":{"weight":0.0,"played":[0.0,1.0],"evs":[0.0,8.76788]},"K5o":{"weight":0.0,"played":[0.0,1.0],"evs":[0.0,9.14051]},"A5o":{"weight":0.0,"played":[0.0,1.0],"evs":[0.0,9.96169]},"62s":{"weight":0.0,"played":[0.0011,0.9989],"evs":[0.0,10.76629]},"63s":{"weight":0.0,"played":[0.0,1.0],"evs":[0.0,11.03249]},"64s":{"weight":0.0,"played":[0.0,1.0],"evs":[0.0,9.21176]},"65s":{"weight":0.0,"played":[4.0E-4,0.9996],"evs":[0.0,12.39461]},"66":{"weight":0.3278,"played":[0.0,1.0],"evs":[0.0,15.47734]},"76o":{"weight":0.0,"played":[0.0,1.0],"evs":[0.0,10.24522]},"86o":{"weight":0.0,"played":[0.0,1.0],"evs":[0.0,9.12076]},"96o":{"weight":0.0,"played":[0.0,1.0],"evs":[0.0,7.73636]},"T6o":{"weight":0.0,"played":[0.0,1.0],"evs":[0.0,8.53415]},"J6o":{"weight":0.0,"played":[0.0,1.0],"evs":[0.0,8.58423]},"Q6o":{"weight":0.0,"played":[0.0,1.0],"evs":[0.0,9.32724]},"K6o":{"weight":0.0,"played":[0.0,1.0],"evs":[0.0,9.02561]},"A6o":{"weight":0.0,"played":[0.0,1.0],"evs":[0.0,10.53738]},"72s":{"weight":0.0,"played":[1.0E-4,0.9999],"evs":[0.0,8.74946]},"73s":{"weight":0.0,"played":[0.0,1.0],"evs":[0.0,9.32327]},"74s":{"weight":0.0,"played":[1.0E-4,0.9999],"evs":[0.0,10.73786]},"75s":{"weight":0.0,"played":[0.0,1.0],"evs":[0.0,8.74484]},"76s":{"weight":0.0,"played":[0.0,1.0],"evs":[0.0,12.0641]},"77":{"weight":0.7285,"played":[0.0,1.0],"evs":[0.0,15.10485]},"87o":{"weight":0.0,"played":[0.0,1.0],"evs":[0.0,10.49908]},"97o":{"weight":0.0,"played":[0.0,1.0],"evs":[0.0,8.2524]},"T7o":{"weight":0.0,"played":[0.0,1.0],"evs":[0.0,10.03402]},"J7o":{"weight":0.0,"played":[0.0,1.0],"evs":[0.0,10.80843]},"Q7o":{"weight":0.0,"played":[0.0,1.0],"evs":[0.0,8.42222]},"K7o":{"weight":0.0,"played":[0.0,1.0],"evs":[0.0,9.30071]},"A7o":{"weight":0.0,"played":[0.0,1.0],"evs":[0.0,9.87508]},"82s":{"weight":0.0,"played":[0.0,1.0],"evs":[0.0,9.80391]},"83s":{"weight":0.0,"played":[1.0E-4,0.9999],"evs":[0.0,8.56182]},"84s":{"weight":0.0,"played":[0.0,1.0],"evs":[0.0,11.42214]},"85s":{"weight":0.0,"played":[1.0E-4,0.9999],"evs":[0.0,9.81901]},"86s":{"weight":0.0,"played":[1.0E-4,0.9999],"evs":[0.0,9.45639]},"87s":{"weight":3.0E-4,"played":[0.0,1.0],"evs":[0.0,12.13395]},"88":{"weight":0.0861,"played":[0.0,1.0],"evs":[0.0,19.32569]},"98o":{"weight":0.0,"played":[0.0,1.0],"evs":[0.0,11.07178]},"T8o":{"weight":0.0,"played":[0.0,1.0],"evs":[0.0,10.17417]},"J8o":{"weight":0.0,"played":[0.0,1.0],"evs":[0.0,10.86887]},"Q8o":{"weight":0.0,"played":[0.0,1.0],"evs":[0.0,10.31652]},"K8o":{"weight":0.0,"played":[0.0,1.0],"evs":[0.0,9.81293]},"A8o":{"weight":0.0,"played":[0.0,1.0],"evs":[0.0,11.69985]},"92s":{"weight":0.0,"played":[0.0,1.0],"evs":[0.0,10.29193]},"93s":{"weight":0.0,"played":[8.0E-4,0.9992],"evs":[0.0,8.95026]},"94s":{"weight":0.0,"played":[7.0E-4,0.9993],"evs":[0.0,10.24213]},"95s":{"weight":0.0,"played":[0.0,1.0],"evs":[0.0,12.90531]},"96s":{"weight":0.0,"played":[0.0,1.0],"evs":[0.0,10.32754]},"97s":{"weight":0.0,"played":[1.0E-4,0.9999],"evs":[0.0,13.13751]},"98s":{"weight":7.0E-4,"played":[1.0E-4,0.9999],"evs":[0.0,12.35481]},"99":{"weight":0.3502,"played":[0.0,1.0],"evs":[0.0,18.53515]},"T9o":{"weight":0.0,"played":[0.0,1.0],"evs":[0.0,11.80295]},"J9o":{"weight":0.0,"played":[0.0,1.0],"evs":[0.0,11.47041]},"Q9o":{"weight":0.0,"played":[0.0,1.0],"evs":[0.0,11.21539]},"K9o":{"weight":0.0,"played":[0.0,1.0],"evs":[0.0,10.59025]},"A9o":{"weight":2.0E-4,"played":[0.0,1.0],"evs":[0.0,12.01656]},"T2s":{"weight":0.0,"played":[0.001,0.999],"evs":[0.0,9.07303]},"T3s":{"weight":0.0,"played":[1.0E-4,0.9999],"evs":[0.0,10.04275]},"T4s":{"weight":0.0,"played":[1.0E-4,0.9999],"evs":[0.0,10.46634]},"T5s":{"weight":0.0,"played":[1.0E-4,0.9999],"evs":[0.0,10.29111]},"T6s":{"weight":0.0,"played":[3.0E-4,0.9997],"evs":[0.0,10.04241]},"T7s":{"weight":0.0,"played":[6.0E-4,0.9994],"evs":[0.0,13.82221]},"T8s":{"weight":5.0E-4,"played":[0.0,1.0],"evs":[0.0,13.54756]},"T9s":{"weight":5.0E-4,"played":[0.0,1.0],"evs":[0.0,12.55499]},"TT":{"weight":0.0302,"played":[0.0,1.0],"evs":[0.0,22.09388]},"JTo":{"weight":0.0,"played":[0.0,1.0],"evs":[0.0,12.59389]},"QTo":{"weight":0.0,"played":[0.0,1.0],"evs":[0.0,13.05507]},"KTo":{"weight":0.0,"played":[0.0,1.0],"evs":[0.0,12.35123]},"ATo":{"weight":0.0248,"played":[0.0,1.0],"evs":[0.0,12.73991]},"J2s":{"weight":0.0,"played":[2.0E-4,0.9998],"evs":[0.0,9.78263]},"J3s":{"weight":0.0,"played":[3.0E-4,0.9997],"evs":[0.0,11.91272]},"J4s":{"weight":0.0,"played":[1.0E-4,0.9999],"evs":[0.0,10.73003]},"J5s":{"weight":0.0,"played":[1.0E-4,0.9999],"evs":[0.0,10.16202]},"J6s":{"weight":0.0,"played":[1.0E-4,0.9999],"evs":[0.0,11.79685]},"J7s":{"weight":0.0,"played":[0.0,1.0],"evs":[0.0,11.98085]},"J8s":{"weight":1.0E-4,"played":[0.0,1.0],"evs":[0.0,12.2843]},"J9s":{"weight":2.0E-4,"played":[1.0E-4,0.9999],"evs":[0.0,14.16854]},"JTs":{"weight":0.1604,"played":[0.0,1.0],"evs":[0.0,15.08263]},"JJ":{"weight":0.7025,"played":[0.0,1.0],"evs":[0.0,22.86932]},"QJo":{"weight":1.0E-4,"played":[0.0,1.0],"evs":[0.0,12.47246]},"KJo":{"weight":0.0,"played":[0.0,1.0],"evs":[0.0,12.93287]},"AJo":{"weight":0.0509,"played":[0.0,1.0],"evs":[0.0,16.08368]},"Q2s":{"weight":0.0,"played":[0.0,1.0],"evs":[0.0,11.40124]},"Q3s":{"weight":0.0,"played":[0.001,0.999],"evs":[0.0,11.8979]},"Q4s":{"weight":0.0,"played":[1.0E-4,0.9999],"evs":[0.0,10.3479]},"Q5s":{"weight":0.0,"played":[1.0E-4,0.9999],"evs":[0.0,11.62934]},"Q6s":{"weight":0.0,"played":[0.0018,0.9982],"evs":[0.0,10.23848]},"Q7s":{"weight":0.0,"played":[6.0E-4,0.9994],"evs":[0.0,12.85336]},"Q8s":{"weight":0.0,"played":[1.0E-4,0.9999],"evs":[0.0,12.53791]},"Q9s":{"weight":0.0016,"played":[0.0,1.0],"evs":[0.0,13.54256]},"QTs":{"weight":0.0015,"played":[0.0,1.0],"evs":[0.0,13.85004]},"QJs":{"weight":0.3584,"played":[0.0,1.0],"evs":[0.0,15.24727]},"QQ":{"weight":0.2019,"played":[0.0,1.0],"evs":[0.0,25.27378]},"KQo":{"weight":0.0147,"played":[0.0,1.0],"evs":[0.0,14.21756]},"AQo":{"weight":0.4905,"played":[0.0,1.0],"evs":[0.0,16.27821]},"K2s":{"weight":0.0,"played":[0.001,0.999],"evs":[0.0,9.1745]},"K3s":{"weight":0.0,"played":[2.0E-4,0.9998],"evs":[0.0,11.89689]},"K4s":{"weight":0.0,"played":[1.0E-4,0.9999],"evs":[0.0,11.97312]},"K5s":{"weight":0.0,"played":[0.0,1.0],"evs":[0.0,13.28224]},"K6s":{"weight":0.0,"played":[1.0E-4,0.9999],"evs":[0.0,11.73463]},"K7s":{"weight":5.0E-4,"played":[0.0,1.0],"evs":[0.0,14.04676]},"K8s":{"weight":0.0,"played":[0.0,1.0],"evs":[0.0,11.75801]},"K9s":{"weight":1.0E-4,"played":[0.0,1.0],"evs":[0.0,12.61341]},"KTs":{"weight":0.0519,"played":[1.0E-4,0.9999],"evs":[0.0,14.95369]},"KJs":{"weight":0.3629,"played":[1.0E-4,0.9999],"evs":[0.0,14.7011]},"KQs":{"weight":0.0445,"played":[0.0,1.0],"evs":[0.0,16.44745]},"KK":{"weight":0.827,"played":[0.0,1.0],"evs":[0.0,29.98257]},"AKo":{"weight":0.5168,"played":[0.0,1.0],"evs":[0.0,19.66097]},"A2s":{"weight":1.0E-4,"played":[1.0E-4,0.9999],"evs":[0.0,12.06444]},"A3s":{"weight":0.0013,"played":[0.0,1.0],"evs":[0.0,12.55435]},"A4s":{"weight":2.0E-4,"played":[0.0,1.0],"evs":[0.0,11.64163]},"A5s":{"weight":1.0E-4,"played":[0.0,1.0],"evs":[0.0,14.34444]},"A6s":{"weight":8.0E-4,"played":[0.0,1.0],"evs":[0.0,13.41515]},"A7s":{"weight":1.0E-4,"played":[1.0E-4,0.9999],"evs":[0.0,13.00932]},"A8s":{"weight":0.0027,"played":[0.0,1.0],"evs":[0.0,12.51498]},"A9s":{"weight":0.2129,"played":[0.0,1.0],"evs":[0.0,13.28555]},"ATs":{"weight":0.8031,"played":[0.0,1.0],"evs":[0.0,15.23294]},"AJs":{"weight":0.1238,"played":[0.0,1.0],"evs":[0.0,14.89713]},"AQs":{"weight":0.5631,"played":[0.0,1.0],"evs":[0.0,17.99407]},"AKs":{"weight":0.9997,"played":[0.0,1.0],"evs":[0.0,22.37988]},"AA":{"weight":0.4577,"played":[0.0,1.0],"evs":[0.0,38.1604]}}}