{"player":3,"street":0,"children":3,"sequence":[{"player":0,"type":"R","amount":200000,"street":0},{"player":1,"type":"F","amount":0,"street":0},{"player":2,"type":"F","amount":0,"street":0},{"player":3,"type":"C","amount":200000,"street":0},{"player":4,"type":"R","amount":1085000,"street":0},{"player":5,"type":"F","amount":0,"street":0},{"player":0,"type":"C","amount":885000,"street":0}],"actions":[{"type":"F","amount":0},{"type":"C","amount":885000},{"type":"R","amount":2585000,"node":331}],"hands":{"22":{"weight":0.4753,"played":[0.7847,0.0136,0.2017],"evs":[0.0,-0.9487,-0.13773]},"32o":{"weight":0.0,"played":[0.9997,2.0E-4,1.0E-4],"evs":[0.0,-2.34082,-5.1627]},"42o":{"weight":0.0,"played":[0.9999,1.0E-4,0.0],"evs":[0.0,-2.05069,-4.76349]},"52o":{"weight":0.0,"played":[0.9998,2.0E-4,1.0E-4],"evs":[0.0,-2.49237,-5.20112]},"62o":{"weight":0.0,"played":[0.9999,0.0,0.0],"evs":[0.0,-2.1817,-4.8606]},"72o":{"weight":0.0,"played":[1.0,0.0,0.0],"evs":[0.0,-2.1644,-5.11151]},"82o":{"weight":0.0,"played":[0.9999,1.0E-4,0.0],"evs":[0.0,-2.67233,-5.6537]},"92o":{"weight":0.0,"played":[1.0,0.0,0.0],"evs":[0.0,-2.15307,-4.97691]},"T2o":{"weight":0.0,"played":[0.9999,0.0,0.0],"evs":[0.0,-2.11858,-5.06857]},"J2o":{"weight":0.0,"played":[1.0,0.0,0.0],"evs":[0.0,-1.88169,-3.58551]},"Q2o":{"weight":0.0,"played":[0.9996,3.0E-4,2.0E-4],"evs":[0.0,-2.13562,-4.7762]},"K2o":{"weight":0.0,"played":[0.9999,1.0E-4,0.0],"evs":[0.0,-1.96159,-3.36901]},"A2o":{"weight":0.0,"played":[0.9964,0.0,0.0036],"evs":[0.0,-1.70335,-2.36609]},"32s":{"weight":0.0,"played":[0.996,0.004,0.0],"evs":[0.0,-0.60623,-3.60479]},"33":{"weight":0.802,"played":[0.54,0.026,0.4339],"evs":[0.0,-0.41063,-0.13403]},"43o":{"weight":0.0,"played":[0.9998,1.0E-4,1.0E-4],"evs":[0.0,-1.94106,-4.37398]},"53o":{"weight":0.0,"played":[1.0,0.0,0.0],"evs":[0.0,-1.5199,-3.67548]},"63o":{"weight":0.0,"played":[0.9984,0.0015,1.0E-4],"evs":[0.0,-1.86002,-4.44311]},"73o":{"weight":0.0,"played":[1.0,0.0,0.0],"evs":[0.0,-2.27491,-5.00107]},"83o":{"weight":0.0,"played":[1.0,0.0,0.0],"evs":[0.0,-2.93735,-5.95886]},"93o":{"weight":0.0,"played":[0.9999,1.0E-4,0.0],"evs":[0.0,-2.28181,-5.27471]},"T3o":{"weight":0.0,"played":[1.0,0.0,0.0],"evs":[0.0,-2.46297,-4.59248]},"J3o":{"weight":0.0,"played":[0.9997,3.0E-4,0.0],"evs":[0.0,-1.85187,-3.75544]},"Q3o":{"weight":0.0,"played":[1.0,0.0,0.0],"evs":[0.0,-2.06309,-3.7986]},"K3o":{"weight":0.0,"played":[0.9991,6.0E-4,3.0E-4],"evs":[0.0,-1.58276,-2.89222]},"A3o":{"weight":0.0,"played":[0.995,0.0028,0.0021],"evs":[0.0,-1.8652,-2.24305]},"42s":{"weight":0.0,"played":[0.9954,0.0042,4.0E-4],"evs":[0.0,-0.51712,-2.21782]},"43s":{"weight":0.9931,"played":[0.919,0.0799,0.0011],"evs":[0.0,-0.62428,-2.43851]},"44":{"weight":0.9996,"played":[0.0081,0.1981,0.7937],"evs":[0.0,1.17204,1.51413]},"54o":{"weight":0.0,"played":[0.9991,6.0E-4,3.0E-4],"evs":[0.0,-1.36001,-3.49741]},"64o":{"weight":0.0,"played":[0.9995,4.0E-4,2.0E-4],"evs":[0.0,-1.72843,-4.28305]},"74o":{"weight":0.0,"played":[0.9997,3.0E-4,0.0],"evs":[0.0,-1.71063,-3.85318]},"84o":{"weight":0.0,"played":[0.9999,1.0E-4,0.0],"evs":[0.0,-2.26265,-5.02715]},"94o":{"weight":0.0,"played":[0.9999,1.0E-4,0.0],"evs":[0.0,-2.34867,-4.99766]},"T4o":{"weight":0.0,"played":[0.9998,1.0E-4,1.0E-4],"evs":[0.0,-2.37502,-4.82562]},"J4o":{"weight":0.0,"played":[1.0,0.0,0.0],"evs":[0.0,-1.79832,-3.89539]},"Q4o":{"weight":0.0,"played":[0.9998,1.0E-4,1.0E-4],"evs":[0.0,-2.1354,-4.23308]},"K4o":{"weight":0.0,"played":[0.9949,0.0051,0.0],"evs":[0.0,-1.68345,-3.21725]},"A4o":{"weight":0.0,"played":[0.9976,4.0E-4,0.002],"evs":[0.0,-1.45844,-2.06281]},"52s":{"weight":0.0,"played":[0.9983,6.0E-4,0.0011],"evs":[0.0,-0.18976,-2.25352]},"53s":{"weight":1.0,"played":[0.9239,0.0529,0.0232],"evs":[0.0,-0.84628,-2.50827]},"54s":{"weight":1.0,"played":[0.345,0.6506,0.0044],"evs":[0.0,-0.19585,-1.41017]},"55":{"weight":0.9865,"played":[0.0108,0.0021,0.987],"evs":[0.0,-0.09535,0.46036]},"65o":{"weight":0.0,"played":[0.9954,0.0046,0.0],"evs":[0.0,-0.79682,-2.33121]},"75o":{"weight":0.0,"played":[0.9993,7.0E-4,0.0],"evs":[0.0,-1.58103,-3.77597]},"85o":{"weight":0.0,"played":[0.9995,5.0E-4,0.0],"evs":[0.0,-1.56905,-3.86027]},"95o":{"weight":0.0,"played":[1.0,0.0,0.0],"evs":[0.0,-1.63897,-4.16599]},"T5o":{"weight":0.0,"played":[0.9999,1.0E-4,0.0],"evs":[0.0,-2.2603,-4.36947]},"J5o":{"weight":0.0,"played":[0.9999,0.0,1.0E-4],"evs":[0.0,-1.72552,-3.92617]},"Q5o":{"weight":0.0,"played":[0.9996,4.0E-4,0.0],"evs":[0.0,-1.60558,-3.34867]},"K5o":{"weight":0.0,"played":[0.9997,1.0E-4,1.0E-4],"evs":[0.0,-1.55619,-2.45922]},"A5o":{"weight":2.0E-4,"played":[0.9449,0.0357,0.0194],"evs":[0.0,-1.5265,-1.99184]},"62s":{"weight":0.0,"played":[0.9962,0.0028,0.001],"evs":[0.0,-2.26645,-4.87182]},"63s":{"weight":0.0,"played":[0.9794,0.0153,0.0053],"evs":[0.0,-0.68366,-2.12795]},"64s":{"weight":0.9999,"played":[0.996,0.0034,6.0E-4],"evs":[0.0,-1.07376,-2.6487]},"65s":{"weight":1.0,"played":[0.771,0.2001,0.0289],"evs":[0.0,0.36423,-1.23905]},"66":{"weight":0.9692,"played":[0.0,0.0,1.0],"evs":[0.0,1.20578,1.96811]},"76o":{"weight":0.0,"played":[0.9812,0.0184,4.0E-4],"evs":[0.0,-1.22249,-2.96962]},"86o":{"weight":0.0,"played":[1.0,0.0,0.0],"evs":[0.0,-1.6954,-3.90237]},"96o":{"weight":0.0,"played":[0.993,0.0068,1.0E-4],"evs":[0.0,-1.56909,-3.78274]},"T6o":{"weight":0.0,"played":[0.9997,0.0,3.0E-4],"evs":[0.0,-1.46667,-3.24301]},"J6o":{"weight":0.0,"played":[0.9988,8.0E-4,4.0E-4],"evs":[0.0,-1.25233,-2.8842]},"Q6o":{"weight":0.0,"played":[0.9999,0.0,0.0],"evs":[0.0,-1.83904,-3.45499]},"K6o":{"weight":0.0,"played":[0.9994,1.0E-4,5.0E-4],"evs":[0.0,-1.35593,-2.41785]},"A6o":{"weight":0.0,"played":[0.9881,7.0E-4,0.0111],"evs":[0.0,-2.14708,-3.10148]},"72s":{"weight":0.0,"played":[0.9987,3.0E-4,9.0E-4],"evs":[0.0,-1.08028,-3.25152]},"73s":{"weight":0.0,"played":[0.9351,0.0447,0.0202],"evs":[0.0,-1.11809,-3.13633]},"74s":{"weight":7.0E-4,"played":[0.9115,0.0884,1.0E-4],"evs":[0.0,-0.37606,-1.75014]},"75s":{"weight":1.0,"played":[0.6655,0.3328,0.0017],"evs":[0.0,-0.42593,-1.41493]},"76s":{"weight":1.0,"played":[0.3879,0.6119,3.0E-4],"evs":[0.0,0.43797,-1.0109]},"77":{"weight":0.9691,"played":[1.0E-4,2.0E-4,0.9997],"evs":[0.0,2.17049,3.12313]},"87o":{"weight":0.0,"played":[0.9998,0.0,1.0E-4],"evs":[0.0,-1.39909,-3.0848]},"97o":{"weight":0.0,"played":[0.9998,2.0E-4,1.0E-4],"evs":[0.0,-1.28699,-3.26934]},"T7o":{"weight":0.0,"played":[0.9972,0.0028,0.0],"evs":[0.0,-1.16276,-3.36457]},"J7o":{"weight":0.0,"played":[0.9994,5.0E-4,1.0E-4],"evs":[0.0,-1.99438,-3.5242]},"Q7o":{"weight":0.0,"played":[0.9999,0.0,1.0E-4],"evs":[0.0,-1.31799,-3.15945]},"K7o":{"weight":0.0,"played":[0.9979,0.002,0.0],"evs":[0.0,-2.18479,-3.69592]},"A7o":{"weight":0.0,"played":[0.8741,0.0747,0.0512],"evs":[0.0,-1.38362,-2.02089]},"82s":{"weight":0.0,"played":[0.9854,0.0145,1.0E-4],"evs":[0.0,-1.805,-4.45184]},"83s":{"weight":0.0,"played":[0.9842,0.0156,2.0E-4],"evs":[0.0,-2.0182,-3.94923]},"84s":{"weight":0.0,"played":[0.9096,0.0748,0.0155],"evs":[0.0,-1.23175,-2.68267]},"85s":{"weight":0.9771,"played":[0.7599,0.2394,6.0E-4],"evs":[0.0,-0.03823,-1.82896]},"86s":{"weight":1.0,"played":[0.7853,0.1574,0.0573],"evs":[0.0,0.18644,-1.48407]},"87s":{"weight":1.0,"played":[0.7216,0.2773,0.0011],"evs":[0.0,-0.05432,-1.25261]},"88":{"weight":0.6314,"played":[6.0E-4,0.0201,0.9793],"evs":[0.0,3.56521,4.73714]},"98o":{"weight":0.0,"played":[0.9949,0.0043,8.0E-4],"evs":[0.0,-1.36621,-3.16449]},"T8o":{"weight":0.0,"played":[0.9858,0.0096,0.0045],"evs":[0.0,-1.13023,-2.81275]},"J8o":{"weight":0.0,"played":[0.9989,0.001,1.0E-4],"evs":[0.0,-1.10416,-2.14038]},"Q8o":{"weight":0.0,"played":[0.9998,1.0E-4,2.0E-4],"evs":[0.0,-1.32838,-2.82383]},"K8o":{"weight":0.0,"played":[0.9983,0.0016,1.0E-4],"evs":[0.0,-1.57334,-2.67758]},"A8o":{"weight":0.0,"played":[0.6472,3.0E-4,0.3524],"evs":[0.0,-1.04259,-0.82622]},"92s":{"weight":0.0,"played":[0.8717,0.1223,0.0059],"evs":[0.0,-1.07591,-3.05013]},"93s":{"weight":0.0,"played":[0.9859,0.0119,0.0022],"evs":[0.0,-1.15603,-2.99746]},"94s":{"weight":0.0,"played":[0.9841,0.0143,0.0016],"evs":[0.0,-1.38829,-3.19575]},"95s":{"weight":2.0E-4,"played":[0.8809,0.1053,0.0138],"evs":[0.0,-0.99466,-2.4873]},"96s":{"weight":0.999,"played":[0.9595,0.0383,0.0022],"evs":[0.0,0.08953,-1.85155]},"97s":{"weight":1.0,"played":[0.7071,0.2904,0.0025],"evs":[0.0,0.13822,-1.03845]},"98s":{"weight":1.0,"played":[0.2785,0.7081,0.0134],"evs":[0.0,0.63929,0.15546]},"99":{"weight":0.0,"played":[0.0,1.0E-4,0.9999],"evs":[0.0,5.12331,6.33468]},"T9o":{"weight":0.0,"played":[0.9768,0.0229,3.0E-4],"evs":[0.0,-0.12118,-0.95381]},"J9o":{"weight":0.0,"played":[0.9961,0.0034,5.0E-4],"evs":[0.0,-0.51705,-1.5375]},"Q9o":{"weight":0.0,"played":[0.999,1.0E-4,9.0E-4],"evs":[0.0,-0.49182,-1.68389]},"K9o":{"weight":0.0,"played":[0.9997,1.0E-4,2.0E-4],"evs":[0.0,-1.0213,-1.07074]},"A9o":{"weight":0.8085,"played":[0.5343,0.0086,0.4571],"evs":[0.0,-0.4412,0.52354]},"T2s":{"weight":0.0,"played":[0.9977,0.0022,1.0E-4],"evs":[0.0,-0.8178,-2.1151]},"T3s":{"weight":0.0,"played":[0.9763,0.0217,0.002],"evs":[0.0,-1.34906,-3.16583]},"T4s":{"weight":0.0,"played":[0.9814,0.0144,0.0042],"evs":[0.0,-0.75021,-1.8143]},"T5s":{"weight":0.0,"played":[0.9911,0.0043,0.0046],"evs":[0.0,-1.33866,-2.97977]},"T6s":{"weight":2.0E-4,"played":[0.949,0.0463,0.0047],"evs":[0.0,-1.14816,-2.46658]},"T7s":{"weight":0.9994,"played":[0.9764,0.0211,0.0025],"evs":[0.0,-0.98693,-2.15265]},"T8s":{"weight":1.0,"played":[0.4774,0.5215,0.0011],"evs":[0.0,0.66512,-0.32166]},"T9s":{"weight":0.9128,"played":[0.0184,0.8123,0.1693],"evs":[0.0,0.9555,0.35488]},"TT":{"weight":0.0,"played":[0.0,0.0027,0.9973],"evs":[0.0,5.53142,6.95892]},"JTo":{"weight":0.998,"played":[0.9479,0.0474,0.0047],"evs":[0.0,-0.45905,-0.8785]},"QTo":{"weight":0.8366,"played":[0.9869,0.012,0.0011],"evs":[0.0,-0.49129,-1.20256]},"KTo":{"weight":0.7853,"played":[0.9542,0.0019,0.0439],"evs":[0.0,-0.48249,-0.2447]},"ATo":{"weight":0.9852,"played":[0.0,0.0,1.0],"evs":[0.0,0.55071,1.73107]},"J2s":{"weight":0.0,"played":[0.6354,0.3643,4.0E-4],"evs":[0.0,-0.10611,-1.92683]},"J3s":{"weight":0.0,"played":[0.9971,0.0013,0.0016],"evs":[0.0,-1.48555,-2.63533]},"J4s":{"weight":0.0,"played":[0.9875,0.0125,0.0],"evs":[0.0,-0.98837,-1.90501]},"J5s":{"weight":0.0,"played":[0.9889,0.0088,0.0024],"evs":[0.0,-0.67877,-1.81141]},"J6s":{"weight":0.0,"played":[0.7961,0.2036,3.0E-4],"evs":[0.0,-0.34298,-2.18056]},"J7s":{"weight":0.9936,"played":[0.9969,0.003,1.0E-4],"evs":[0.0,-0.9632,-1.77386]},"J8s":{"weight":1.0,"played":[0.44,0.5594,5.0E-4],"evs":[0.0,0.30155,-0.4287]},"J9s":{"weight":0.9999,"played":[0.2329,0.5988,0.1682],"evs":[0.0,0.64777,0.20531]},"JTs":{"weight":0.0107,"played":[0.0186,0.3619,0.6195],"evs":[0.0,1.41983,2.54244]},"JJ":{"weight":1.0E-4,"played":[0.0,0.0,1.0],"evs":[0.0,9.0859,10.66497]},"QJo":{"weight":0.945,"played":[0.5573,0.2927,0.15],"evs":[0.0,-0.28374,-0.73144]},"KJo":{"weight":1.0,"played":[0.1485,0.0168,0.8347],"evs":[0.0,-0.21539,0.09261]},"AJo":{"weight":0.9888,"played":[2.0E-4,5.0E-4,0.9993],"evs":[0.0,1.20133,2.68357]},"Q2s":{"weight":0.0,"played":[0.326,0.6666,0.0073],"evs":[0.0,-0.24995,-1.3886]},"Q3s":{"weight":0.0026,"played":[0.9935,0.0059,6.0E-4],"evs":[0.0,-0.56838,-2.23984]},"Q4s":{"weight":3.0E-4,"played":[0.9698,0.0258,0.0044],"evs":[0.0,-0.64102,-1.94685]},"Q5s":{"weight":0.3222,"played":[0.992,0.0047,0.0033],"evs":[0.0,-1.02908,-2.23367]},"Q6s":{"weight":0.4815,"played":[0.1786,0.7868,0.0346],"evs":[0.0,-0.31461,-1.44384]},"Q7s":{"weight":0.9399,"played":[0.9143,0.085,7.0E-4],"evs":[0.0,-0.67722,-1.91503]},"Q8s":{"weight":0.9184,"played":[0.2358,0.7347,0.0295],"evs":[0.0,-0.11616,-1.29658]},"Q9s":{"weight":0.9135,"played":[0.2025,0.4968,0.3007],"evs":[0.0,0.31489,-0.11122]},"QTs":{"weight":0.0468,"played":[0.0032,0.9019,0.0949],"evs":[0.0,0.91444,-0.01751]},"QJs":{"weight":0.8299,"played":[4.0E-4,0.0926,0.9069],"evs":[0.0,1.42822,1.7753]},"QQ":{"weight":0.3073,"played":[0.0,0.0,1.0],"evs":[0.0,10.15228,11.753]},"KQo":{"weight":1.0,"played":[0.0,0.0013,0.9987],"evs":[0.0,0.61114,1.23419]},"AQo":{"weight":0.1658,"played":[0.0,0.0013,0.9987],"evs":[0.0,2.91177,4.01387]},"K2s":{"weight":0.002,"played":[0.9449,0.0466,0.0085],"evs":[0.0,-0.86304,-1.6842]},"K3s":{"weight":0.419,"played":[0.7082,0.2762,0.0156],"evs":[0.0,-0.29589,-1.30853]},"K4s":{"weight":0.9975,"played":[0.5274,0.4004,0.0722],"evs":[0.0,0.15145,-0.06556]},"K5s":{"weight":0.8774,"played":[0.8142,0.1838,0.002],"evs":[0.0,0.25977,-0.55304]},"K6s":{"weight":0.9964,"played":[0.802,0.1124,0.0856],"evs":[0.0,-0.51152,-1.17176]},"K7s":{"weight":0.6448,"played":[0.9594,0.0192,0.0215],"evs":[0.0,-0.39239,-1.09797]},"K8s":{"weight":0.9935,"played":[0.1348,0.1382,0.7269],"evs":[0.0,0.92324,0.89506]},"K9s":{"weight":0.2298,"played":[0.5553,0.2609,0.1838],"evs":[0.0,0.01057,-0.03166]},"KTs":{"weight":0.1372,"played":[0.009,0.0491,0.9419],"evs":[0.0,0.90405,1.3941]},"KJs":{"weight":0.9987,"played":[5.0E-4,0.0303,0.9692],"evs":[0.0,0.93393,1.44195]},"KQs":{"weight":1.0,"played":[1.0E-4,0.0015,0.9984],"evs":[0.0,1.48315,2.18146]},"KK":{"weight":0.8384,"played":[0.0,0.0,1.0],"evs":[0.0,12.74329,14.47658]},"AKo":{"weight":0.0,"played":[0.0,0.0,1.0],"evs":[0.0,4.10979,5.6006]},"A2s":{"weight":0.1659,"played":[0.0488,0.4279,0.5233],"evs":[0.0,0.24329,0.32633]},"A3s":{"weight":0.7397,"played":[0.0269,0.2801,0.693],"evs":[0.0,-0.17774,0.12168]},"A4s":{"weight":0.8142,"played":[0.3345,0.2646,0.4009],"evs":[0.0,-0.12601,-0.03785]},"A5s":{"weight":0.4314,"played":[0.1502,0.4321,0.4176],"evs":[0.0,-0.04828,-0.24264]},"A6s":{"weight":0.9989,"played":[0.0432,0.4027,0.554],"evs":[0.0,0.50533,0.24301]},"A7s":{"weight":0.9984,"played":[0.4515,0.0957,0.4528],"evs":[0.0,-0.5184,-0.3439]},"A8s":{"weight":0.9945,"played":[0.2137,0.2031,0.5833],"evs":[0.0,-0.19875,-0.2705]},"A9s":{"weight":1.0,"played":[0.0,2.0E-4,0.9998],"evs":[0.0,1.42633,2.42603]},"ATs":{"weight":0.9989,"played":[0.0,0.0,1.0],"evs":[0.0,1.38129,2.92453]},"AJs":{"weight":1.0,"played":[0.0,1.0E-4,0.9999],"evs":[0.0,3.54487,5.10781]},"AQs":{"weight":0.9991,"played":[0.0,0.0,1.0],"evs":[0.0,4.00087,5.28022]},"AKs":{"weight":0.0,"played":[0.0,0.0,1.0],"evs":[0.0,6.04502,7.13881]},"AA":{"weight":0.6185,"played":[0.0,0.0,1.0],"evs":[0.0,19.58859,21.41043]}}}