{"player":0,"street":0,"children":3,"sequence":[{"player":0,"type":"R","amount":200000,"street":0},{"player":1,"type":"F","amount":0,"street":0},{"player":2,"type":"F","amount":0,"street":0},{"player":3,"type":"C","amount":200000,"street":0},{"player":4,"type":"R","amount":1085000,"street":0},{"player":5,"type":"R","amount":2235000,"street":0}],"actions":[{"type":"F","amount":0,"node":334},{"type":"C","amount":2035000,"node":335},{"type":"R","amount":2585000,"node":337}],"hands":{"22":{"weight":0.0,"played":[0.9998,2.0E-4,0.0],"evs":[0.0,-1.65528,-1.763]},"32o":{"weight":0.0,"played":[1.0,0.0,0.0],"evs":[0.0,-5.607,-5.64028]},"42o":{"weight":0.0,"played":[1.0,0.0,0.0],"evs":[0.0,-5.25957,-5.20308]},"52o":{"weight":0.0,"played":[1.0,0.0,0.0],"evs":[0.0,-4.84607,-4.86191]},"62o":{"weight":0.0,"played":[1.0,0.0,0.0],"evs":[0.0,-5.41193,-5.54505]},"72o":{"weight":0.0,"played":[1.0,0.0,0.0],"evs":[0.0,-5.84114,-5.91827]},"82o":{"weight":0.0,"played":[1.0,0.0,0.0],"evs":[0.0,-5.34716,-5.44161]},"92o":{"weight":0.0,"played":[1.0,0.0,0.0],"evs":[0.0,-5.26839,-5.40457]},"T2o":{"weight":0.0,"played":[1.0,0.0,0.0],"evs":[0.0,-5.34751,-5.3849]},"J2o":{"weight":0.0,"played":[1.0,0.0,0.0],"evs":[0.0,-5.24222,-5.30249]},"Q2o":{"weight":0.0,"played":[1.0,0.0,0.0],"evs":[0.0,-4.79748,-4.77156]},"K2o":{"weight":0.0,"played":[1.0,0.0,0.0],"evs":[0.0,-3.99131,-4.03159]},"A2o":{"weight":0.0,"played":[0.9997,0.0,2.0E-4],"evs":[0.0,-4.55936,-4.57129]},"32s":{"weight":0.0,"played":[1.0,0.0,0.0],"evs":[0.0,-3.62714,-3.64458]},"33":{"weight":0.4165,"played":[0.9997,1.0E-4,2.0E-4],"evs":[0.0,-1.50555,-1.55144]},"43o":{"weight":0.0,"played":[1.0,0.0,0.0],"evs":[0.0,-4.5315,-4.5362]},"53o":{"weight":0.0,"played":[1.0,0.0,0.0],"evs":[0.0,-4.26703,-4.274]},"63o":{"weight":0.0,"played":[1.0,0.0,0.0],"evs":[0.0,-4.60791,-4.68233]},"73o":{"weight":0.0,"played":[1.0,0.0,0.0],"evs":[0.0,-5.16996,-5.27478]},"83o":{"weight":0.0,"played":[1.0,0.0,0.0],"evs":[0.0,-5.25367,-5.29436]},"93o":{"weight":0.0,"played":[1.0,0.0,0.0],"evs":[0.0,-5.28619,-5.31974]},"T3o":{"weight":0.0,"played":[1.0,0.0,0.0],"evs":[0.0,-5.18797,-5.27176]},"J3o":{"weight":0.0,"played":[1.0,0.0,0.0],"evs":[0.0,-5.2286,-5.26634]},"Q3o":{"weight":0.0,"played":[1.0,0.0,0.0],"evs":[0.0,-4.75859,-4.86254]},"K3o":{"weight":0.0,"played":[0.9999,0.0,0.0],"evs":[0.0,-4.5517,-4.57723]},"A3o":{"weight":0.0,"played":[0.9999,0.0,1.0E-4],"evs":[0.0,-4.71218,-4.82765]},"42s":{"weight":0.0,"played":[1.0,0.0,0.0],"evs":[0.0,-3.42055,-3.27727]},"43s":{"weight":0.0,"played":[0.9996,2.0E-4,1.0E-4],"evs":[0.0,-2.25959,-2.30911]},"44":{"weight":0.9999,"played":[0.9991,5.0E-4,4.0E-4],"evs":[0.0,-1.29228,-1.20592]},"54o":{"weight":0.0,"played":[1.0,0.0,0.0],"evs":[0.0,-3.53908,-3.41729]},"64o":{"weight":0.0,"played":[0.9999,0.0,0.0],"evs":[0.0,-4.15711,-4.21697]},"74o":{"weight":0.0,"played":[1.0,0.0,0.0],"evs":[0.0,-4.52646,-4.61105]},"84o":{"weight":0.0,"played":[1.0,0.0,0.0],"evs":[0.0,-4.85547,-4.92027]},"94o":{"weight":0.0,"played":[1.0,0.0,0.0],"evs":[0.0,-5.02551,-5.10999]},"T4o":{"weight":0.0,"played":[1.0,0.0,0.0],"evs":[0.0,-4.8939,-4.93373]},"J4o":{"weight":0.0,"played":[1.0,0.0,0.0],"evs":[0.0,-5.24417,-5.25644]},"Q4o":{"weight":0.0,"played":[1.0,0.0,0.0],"evs":[0.0,-4.6906,-4.7031]},"K4o":{"weight":0.0,"played":[1.0,0.0,0.0],"evs":[0.0,-3.82469,-3.80803]},"A4o":{"weight":0.0,"played":[1.0,0.0,0.0],"evs":[0.0,-4.331,-4.289]},"52s":{"weight":0.0,"played":[1.0,0.0,0.0],"evs":[0.0,-3.06008,-3.03548]},"53s":{"weight":0.0,"played":[0.9997,2.0E-4,1.0E-4],"evs":[0.0,-2.74281,-2.78517]},"54s":{"weight":0.0,"played":[0.9968,0.0031,1.0E-4],"evs":[0.0,-2.15521,-2.03564]},"55":{"weight":1.0,"played":[0.9957,0.0013,0.003],"evs":[0.0,-0.88201,-0.78199]},"65o":{"weight":0.0,"played":[0.9999,0.0,0.0],"evs":[0.0,-3.19488,-3.2153]},"75o":{"weight":0.0,"played":[1.0,0.0,0.0],"evs":[0.0,-3.85918,-3.8225]},"85o":{"weight":0.0,"played":[1.0,0.0,0.0],"evs":[0.0,-3.88514,-3.91093]},"95o":{"weight":0.0,"played":[1.0,0.0,0.0],"evs":[0.0,-4.65249,-4.6878]},"T5o":{"weight":0.0,"played":[1.0,0.0,0.0],"evs":[0.0,-4.97954,-4.98223]},"J5o":{"weight":0.0,"played":[1.0,0.0,0.0],"evs":[0.0,-4.79827,-4.8376]},"Q5o":{"weight":0.0,"played":[1.0,0.0,0.0],"evs":[0.0,-4.68295,-4.68072]},"K5o":{"weight":0.0,"played":[1.0,0.0,0.0],"evs":[0.0,-3.83821,-3.83204]},"A5o":{"weight":0.0,"played":[0.9999,0.0,1.0E-4],"evs":[0.0,-3.87178,-3.83008]},"62s":{"weight":0.0,"played":[1.0,0.0,0.0],"evs":[0.0,-3.55161,-3.65942]},"63s":{"weight":0.0,"played":[0.9998,1.0E-4,1.0E-4],"evs":[0.0,-2.76116,-2.63622]},"64s":{"weight":0.0,"played":[0.9999,0.0,1.0E-4],"evs":[0.0,-2.69521,-2.70811]},"65s":{"weight":0.0,"played":[0.9985,0.0012,3.0E-4],"evs":[0.0,-1.5352,-1.39968]},"66":{"weight":1.0,"played":[0.0822,0.1013,0.8165],"evs":[0.0,0.05329,0.11278]},"76o":{"weight":0.0,"played":[0.9999,0.0,1.0E-4],"evs":[0.0,-3.20165,-3.24477]},"86o":{"weight":0.0,"played":[1.0,0.0,0.0],"evs":[0.0,-3.63807,-3.71915]},"96o":{"weight":0.0,"played":[0.9999,0.0,0.0],"evs":[0.0,-3.93867,-3.94826]},"T6o":{"weight":0.0,"played":[1.0,0.0,0.0],"evs":[0.0,-4.28603,-4.35606]},"J6o":{"weight":0.0,"played":[1.0,0.0,0.0],"evs":[0.0,-4.79401,-4.73817]},"Q6o":{"weight":0.0,"played":[1.0,0.0,0.0],"evs":[0.0,-4.34977,-4.40655]},"K6o":{"weight":0.0,"played":[0.9999,0.0,1.0E-4],"evs":[0.0,-3.86738,-3.90844]},"A6o":{"weight":0.0,"played":[1.0,0.0,0.0],"evs":[0.0,-5.0731,-5.08842]},"72s":{"weight":0.0,"played":[0.9999,0.0,0.0],"evs":[0.0,-4.11283,-4.20351]},"73s":{"weight":0.0,"played":[0.9998,1.0E-4,2.0E-4],"evs":[0.0,-3.47981,-3.51688]},"74s":{"weight":0.0,"played":[0.9998,2.0E-4,0.0],"evs":[0.0,-2.74637,-2.76445]},"75s":{"weight":0.0,"played":[0.9989,3.0E-4,7.0E-4],"evs":[0.0,-1.62402,-1.71088]},"76s":{"weight":0.0038,"played":[0.9996,3.0E-4,1.0E-4],"evs":[0.0,-2.06565,-2.08629]},"77":{"weight":1.0,"played":[0.0,0.2651,0.7349],"evs":[0.0,1.00547,1.01678]},"87o":{"weight":0.0,"played":[1.0,0.0,0.0],"evs":[0.0,-3.07083,-3.12576]},"97o":{"weight":0.0,"played":[1.0,0.0,0.0],"evs":[0.0,-3.25735,-3.34438]},"T7o":{"weight":0.0,"played":[1.0,0.0,0.0],"evs":[0.0,-3.56657,-3.62446]},"J7o":{"weight":0.0,"played":[1.0,0.0,0.0],"evs":[0.0,-4.20295,-4.21405]},"Q7o":{"weight":0.0,"played":[1.0,0.0,0.0],"evs":[0.0,-4.20412,-4.24334]},"K7o":{"weight":0.0,"played":[1.0,0.0,0.0],"evs":[0.0,-3.50487,-3.55463]},"A7o":{"weight":0.0,"played":[1.0,0.0,0.0],"evs":[0.0,-4.68928,-4.69707]},"82s":{"weight":0.0,"played":[1.0,0.0,0.0],"evs":[0.0,-3.05817,-3.09203]},"83s":{"weight":0.0,"played":[0.9999,0.0,1.0E-4],"evs":[0.0,-3.69003,-3.75998]},"84s":{"weight":0.0,"played":[1.0,0.0,0.0],"evs":[0.0,-2.80176,-2.877]},"85s":{"weight":0.0,"played":[0.9997,0.0,3.0E-4],"evs":[0.0,-2.04106,-2.00998]},"86s":{"weight":0.0,"played":[0.9999,1.0E-4,1.0E-4],"evs":[0.0,-1.68444,-1.5828]},"87s":{"weight":0.9996,"played":[0.9997,1.0E-4,2.0E-4],"evs":[0.0,-1.00302,-1.02568]},"88":{"weight":0.9986,"played":[0.0,0.4993,0.5007],"evs":[0.0,2.39679,2.32525]},"98o":{"weight":0.0,"played":[0.9999,1.0E-4,1.0E-4],"evs":[0.0,-2.44582,-2.44931]},"T8o":{"weight":0.0,"played":[0.9999,1.0E-4,0.0],"evs":[0.0,-2.60538,-2.70274]},"J8o":{"weight":0.0,"played":[1.0,0.0,0.0],"evs":[0.0,-3.31636,-3.34588]},"Q8o":{"weight":0.0,"played":[0.9999,0.0,1.0E-4],"evs":[0.0,-3.60329,-3.61939]},"K8o":{"weight":0.0,"played":[0.9997,1.0E-4,2.0E-4],"evs":[0.0,-3.26052,-3.22774]},"A8o":{"weight":4.0E-4,"played":[0.9999,0.0,1.0E-4],"evs":[0.0,-4.02033,-3.97298]},"92s":{"weight":0.0,"played":[0.9991,3.0E-4,6.0E-4],"evs":[0.0,-3.87676,-3.93219]},"93s":{"weight":0.0,"played":[0.9999,1.0E-4,0.0],"evs":[0.0,-2.9834,-2.97119]},"94s":{"weight":0.0,"played":[0.9997,0.0,3.0E-4],"evs":[0.0,-3.22376,-3.25889]},"95s":{"weight":0.0,"played":[1.0,0.0,0.0],"evs":[0.0,-2.09035,-2.15572]},"96s":{"weight":0.0,"played":[0.9933,0.0029,0.0038],"evs":[0.0,-2.01415,-1.94948]},"97s":{"weight":0.0,"played":[0.9976,0.0012,0.0013],"evs":[0.0,-1.50121,-1.46749]},"98s":{"weight":0.9997,"played":[0.9966,1.0E-4,0.0033],"evs":[0.0,-1.09838,-1.12277]},"99":{"weight":0.9988,"played":[0.0,0.8331,0.1669],"evs":[0.0,4.20142,4.17609]},"T9o":{"weight":0.0,"played":[1.0,0.0,0.0],"evs":[0.0,-2.37898,-2.4574]},"J9o":{"weight":0.0,"played":[1.0,0.0,0.0],"evs":[0.0,-2.87979,-2.89255]},"Q9o":{"weight":0.0,"played":[1.0,0.0,0.0],"evs":[0.0,-2.97012,-2.98275]},"K9o":{"weight":0.0,"played":[0.9999,1.0E-4,1.0E-4],"evs":[0.0,-2.80175,-2.76227]},"A9o":{"weight":1.0,"played":[0.9999,0.0,0.0],"evs":[0.0,-3.60967,-3.52922]},"T2s":{"weight":0.0,"played":[0.9996,4.0E-4,0.0],"evs":[0.0,-3.79748,-3.93481]},"T3s":{"weight":0.0,"played":[1.0,0.0,0.0],"evs":[0.0,-3.23853,-3.12946]},"T4s":{"weight":0.0,"played":[0.9996,0.0,4.0E-4],"evs":[0.0,-3.3208,-3.3117]},"T5s":{"weight":0.0,"played":[1.0,0.0,0.0],"evs":[0.0,-3.00959,-2.88244]},"T6s":{"weight":0.0,"played":[0.9994,0.0,6.0E-4],"evs":[0.0,-2.79044,-2.83608]},"T7s":{"weight":0.0,"played":[0.9982,0.0012,6.0E-4],"evs":[0.0,-1.42777,-1.54795]},"T8s":{"weight":0.9999,"played":[0.999,6.0E-4,4.0E-4],"evs":[0.0,-0.92565,-0.94582]},"T9s":{"weight":1.0,"played":[0.9882,0.009,0.0028],"evs":[0.0,-0.49718,-0.53677]},"TT":{"weight":1.0,"played":[0.0,0.4287,0.5713],"evs":[0.0,6.05533,6.15566]},"JTo":{"weight":0.0,"played":[0.9999,1.0E-4,1.0E-4],"evs":[0.0,-1.99412,-1.97346]},"QTo":{"weight":0.0605,"played":[0.9992,0.0,8.0E-4],"evs":[0.0,-2.15197,-2.1771]},"KTo":{"weight":0.9453,"played":[0.9987,0.0,0.0013],"evs":[0.0,-1.71288,-1.65829]},"ATo":{"weight":1.0,"played":[0.9999,1.0E-4,1.0E-4],"evs":[0.0,-2.31802,-2.25607]},"J2s":{"weight":0.0,"played":[0.9999,0.0,1.0E-4],"evs":[0.0,-3.75909,-3.75095]},"J3s":{"weight":0.0,"played":[1.0,0.0,0.0],"evs":[0.0,-2.97494,-3.03258]},"J4s":{"weight":0.0,"played":[0.9996,2.0E-4,3.0E-4],"evs":[0.0,-3.29387,-3.29833]},"J5s":{"weight":0.0,"played":[0.9997,0.0,3.0E-4],"evs":[0.0,-3.10752,-3.03037]},"J6s":{"weight":0.0,"played":[1.0,0.0,0.0],"evs":[0.0,-3.43336,-3.38876]},"J7s":{"weight":0.0,"played":[0.9996,2.0E-4,2.0E-4],"evs":[0.0,-2.3188,-2.31042]},"J8s":{"weight":0.6993,"played":[0.9964,0.0029,7.0E-4],"evs":[0.0,-1.62189,-1.64811]},"J9s":{"weight":1.0,"played":[0.9957,0.0023,0.002],"evs":[0.0,-0.79961,-0.77859]},"JTs":{"weight":1.0,"played":[0.7787,0.0751,0.1462],"evs":[0.0,-0.55968,-0.41617]},"JJ":{"weight":1.0,"played":[0.0,0.3438,0.6561],"evs":[0.0,8.0629,8.14047]},"QJo":{"weight":1.0,"played":[0.9998,0.0,1.0E-4],"evs":[0.0,-2.20952,-2.21556]},"KJo":{"weight":1.0,"played":[0.9999,1.0E-4,0.0],"evs":[0.0,-2.08125,-2.02145]},"AJo":{"weight":1.0,"played":[0.9963,0.0025,0.0011],"evs":[0.0,-1.08623,-1.07118]},"Q2s":{"weight":0.0,"played":[0.9999,0.0,0.0],"evs":[0.0,-3.25032,-3.25376]},"Q3s":{"weight":0.0,"played":[0.9979,6.0E-4,0.0015],"evs":[0.0,-3.02975,-2.98604]},"Q4s":{"weight":0.0,"played":[0.9991,4.0E-4,5.0E-4],"evs":[0.0,-2.82512,-2.72921]},"Q5s":{"weight":0.0,"played":[0.9999,0.0,0.0],"evs":[0.0,-2.92767,-2.92093]},"Q6s":{"weight":0.0,"played":[0.9999,0.0,1.0E-4],"evs":[0.0,-2.38181,-2.25283]},"Q7s":{"weight":0.0,"played":[0.9957,8.0E-4,0.0035],"evs":[0.0,-1.86052,-1.8901]},"Q8s":{"weight":0.9709,"played":[0.9993,1.0E-4,6.0E-4],"evs":[0.0,-1.97572,-1.98189]},"Q9s":{"weight":1.0,"played":[0.9998,0.0,2.0E-4],"evs":[0.0,-1.37896,-1.3872]},"QTs":{"weight":1.0,"played":[0.909,0.0264,0.0646],"evs":[0.0,-0.69816,-0.67059]},"QJs":{"weight":1.0,"played":[0.0183,0.2759,0.7058],"evs":[0.0,-0.03228,0.01926]},"QQ":{"weight":1.0,"played":[0.0,0.4445,0.5555],"evs":[0.0,11.16756,11.15579]},"KQo":{"weight":1.0,"played":[0.9916,0.0,0.0084],"evs":[0.0,-0.82029,-0.84127]},"AQo":{"weight":0.9981,"played":[0.0,0.5631,0.4369],"evs":[0.0,1.32493,1.31855]},"K2s":{"weight":0.0,"played":[0.9992,4.0E-4,4.0E-4],"evs":[0.0,-2.42225,-2.39014]},"K3s":{"weight":0.0,"played":[0.9956,0.0018,0.0027],"evs":[0.0,-2.59936,-2.53877]},"K4s":{"weight":0.0,"played":[0.9986,6.0E-4,8.0E-4],"evs":[0.0,-2.09216,-1.97923]},"K5s":{"weight":0.0,"played":[0.9999,0.0,0.0],"evs":[0.0,-1.65656,-1.60999]},"K6s":{"weight":2.0E-4,"played":[0.9988,1.0E-4,0.0011],"evs":[0.0,-1.99262,-2.23634]},"K7s":{"weight":0.9982,"played":[0.9996,2.0E-4,2.0E-4],"evs":[0.0,-1.73748,-1.75535]},"K8s":{"weight":1.0,"played":[0.9999,1.0E-4,0.0],"evs":[0.0,-1.55902,-1.48041]},"K9s":{"weight":1.0,"played":[0.9835,0.0116,0.0049],"evs":[0.0,-1.00572,-0.90072]},"KTs":{"weight":1.0,"played":[0.3651,0.3827,0.2522],"evs":[0.0,0.25982,0.18269]},"KJs":{"weight":0.9971,"played":[0.8949,0.0715,0.0336],"evs":[0.0,-0.38044,-0.28789]},"KQs":{"weight":1.0,"played":[0.0022,0.3939,0.6039],"evs":[0.0,0.95339,1.02381]},"KK":{"weight":1.0,"played":[0.0,0.0264,0.9736],"evs":[0.0,15.50403,15.6668]},"AKo":{"weight":0.9989,"played":[0.0,0.0091,0.9909],"evs":[0.0,3.98515,4.00833]},"A2s":{"weight":1.0,"played":[1.0,0.0,0.0],"evs":[0.0,-2.46068,-2.43742]},"A3s":{"weight":1.0,"played":[0.9986,9.0E-4,5.0E-4],"evs":[0.0,-2.55955,-2.60078]},"A4s":{"weight":1.0,"played":[0.9996,2.0E-4,2.0E-4],"evs":[0.0,-2.38321,-2.36988]},"A5s":{"weight":1.0,"played":[0.9993,5.0E-4,3.0E-4],"evs":[0.0,-2.19941,-2.01032]},"A6s":{"weight":1.0,"played":[0.9999,1.0E-4,0.0],"evs":[0.0,-2.94227,-2.7996]},"A7s":{"weight":1.0,"played":[0.9991,2.0E-4,6.0E-4],"evs":[0.0,-2.57521,-2.57386]},"A8s":{"weight":1.0,"played":[0.9995,2.0E-4,4.0E-4],"evs":[0.0,-2.3419,-2.34714]},"A9s":{"weight":1.0,"played":[0.9953,0.0025,0.0022],"evs":[0.0,-1.66557,-1.60934]},"ATs":{"weight":1.0,"played":[0.906,0.0094,0.0846],"evs":[0.0,-0.4902,-0.42556]},"AJs":{"weight":1.0,"played":[0.0,0.1424,0.8576],"evs":[0.0,0.54522,0.67267]},"AQs":{"weight":1.0,"played":[0.0,0.4798,0.5202],"evs":[0.0,3.10747,3.20493]},"AKs":{"weight":1.0,"played":[0.0,0.4342,0.5658],"evs":[0.0,5.66516,5.61425]},"AA":{"weight":1.0,"played":[0.0,0.6524,0.3476],"evs":[0.0,20.88135,20.9237]}}}