{"player":5,"street":0,"children":2,"sequence":[{"player":0,"type":"R","amount":200000,"street":0},{"player":1,"type":"F","amount":0,"street":0},{"player":2,"type":"F","amount":0,"street":0},{"player":3,"type":"R","amount":500000,"street":0},{"player":4,"type":"F","amount":0,"street":0}],"actions":[{"type":"F","amount":0,"node":340},{"type":"R","amount":2235000,"node":342}],"hands":{"22":{"weight":1.0,"played":[0.997,0.003],"evs":[0.0,-0.55297]},"32o":{"weight":1.0,"played":[1.0,0.0],"evs":[0.0,-2.3134]},"42o":{"weight":1.0,"played":[1.0,0.0],"evs":[0.0,-2.28698]},"52o":{"weight":1.0,"played":[1.0,0.0],"evs":[0.0,-2.2236]},"62o":{"weight":1.0,"played":[1.0,0.0],"evs":[0.0,-2.44119]},"72o":{"weight":1.0,"played":[1.0,0.0],"evs":[0.0,-2.86507]},"82o":{"weight":1.0,"played":[1.0,0.0],"evs":[0.0,-2.73377]},"92o":{"weight":1.0,"played":[1.0,0.0],"evs":[0.0,-2.92632]},"T2o":{"weight":1.0,"played":[1.0,0.0],"evs":[0.0,-2.9589]},"J2o":{"weight":1.0,"played":[1.0,0.0],"evs":[0.0,-2.62862]},"Q2o":{"weight":1.0,"played":[1.0,0.0],"evs":[0.0,-2.25726]},"K2o":{"weight":1.0,"played":[1.0,0.0],"evs":[0.0,-1.79287]},"A2o":{"weight":1.0,"played":[1.0,0.0],"evs":[0.0,-1.04098]},"32s":{"weight":1.0,"played":[1.0,0.0],"evs":[0.0,-1.60148]},"33":{"weight":1.0,"played":[1.0,0.0],"evs":[0.0,-0.17059]},"43o":{"weight":1.0,"played":[1.0,0.0],"evs":[0.0,-1.89968]},"53o":{"weight":1.0,"played":[1.0,0.0],"evs":[0.0,-1.91736]},"63o":{"weight":1.0,"played":[1.0,0.0],"evs":[0.0,-2.05345]},"73o":{"weight":1.0,"played":[1.0,0.0],"evs":[0.0,-2.43806]},"83o":{"weight":1.0,"played":[1.0,0.0],"evs":[0.0,-2.70213]},"93o":{"weight":1.0,"played":[1.0,0.0],"evs":[0.0,-2.83324]},"T3o":{"weight":1.0,"played":[1.0,0.0],"evs":[0.0,-2.81646]},"J3o":{"weight":1.0,"played":[1.0,0.0],"evs":[0.0,-2.52656]},"Q3o":{"weight":1.0,"played":[1.0,0.0],"evs":[0.0,-2.09958]},"K3o":{"weight":1.0,"played":[1.0,0.0],"evs":[0.0,-1.72278]},"A3o":{"weight":1.0,"played":[1.0,0.0],"evs":[0.0,-0.88765]},"42s":{"weight":1.0,"played":[1.0,0.0],"evs":[0.0,-1.46378]},"43s":{"weight":1.0,"played":[1.0,0.0],"evs":[0.0,-1.12529]},"44":{"weight":1.0,"played":[0.9998,2.0E-4],"evs":[0.0,-0.10813]},"54o":{"weight":1.0,"played":[1.0,0.0],"evs":[0.0,-1.58161]},"64o":{"weight":1.0,"played":[1.0,0.0],"evs":[0.0,-1.79867]},"74o":{"weight":1.0,"played":[1.0,0.0],"evs":[0.0,-2.04021]},"84o":{"weight":1.0,"played":[1.0,0.0],"evs":[0.0,-2.36114]},"94o":{"weight":1.0,"played":[1.0,0.0],"evs":[0.0,-2.71345]},"T4o":{"weight":1.0,"played":[1.0,0.0],"evs":[0.0,-2.70524]},"J4o":{"weight":1.0,"played":[1.0,0.0],"evs":[0.0,-2.41314]},"Q4o":{"weight":1.0,"played":[1.0,0.0],"evs":[0.0,-2.12655]},"K4o":{"weight":1.0,"played":[1.0,0.0],"evs":[0.0,-1.65485]},"A4o":{"weight":1.0,"played":[1.0,0.0],"evs":[0.0,-0.82568]},"52s":{"weight":1.0,"played":[1.0,0.0],"evs":[0.0,-1.42385]},"53s":{"weight":1.0,"played":[1.0,0.0],"evs":[0.0,-1.11848]},"54s":{"weight":1.0,"played":[1.0,0.0],"evs":[0.0,-0.59814]},"55":{"weight":1.0,"played":[0.9845,0.0155],"evs":[0.0,-0.13334]},"65o":{"weight":1.0,"played":[1.0,0.0],"evs":[0.0,-1.41675]},"75o":{"weight":1.0,"played":[1.0,0.0],"evs":[0.0,-1.88797]},"85o":{"weight":1.0,"played":[1.0,0.0],"evs":[0.0,-2.1012]},"95o":{"weight":1.0,"played":[1.0,0.0],"evs":[0.0,-2.57972]},"T5o":{"weight":1.0,"played":[1.0,0.0],"evs":[0.0,-2.80386]},"J5o":{"weight":1.0,"played":[1.0,0.0],"evs":[0.0,-2.41433]},"Q5o":{"weight":1.0,"played":[1.0,0.0],"evs":[0.0,-2.01592]},"K5o":{"weight":1.0,"played":[1.0,0.0],"evs":[0.0,-1.57768]},"A5o":{"weight":1.0,"played":[1.0,0.0],"evs":[0.0,-0.83463]},"62s":{"weight":1.0,"played":[1.0,0.0],"evs":[0.0,-1.68297]},"63s":{"weight":1.0,"played":[1.0,0.0],"evs":[0.0,-1.25666]},"64s":{"weight":1.0,"played":[1.0,0.0],"evs":[0.0,-0.8186]},"65s":{"weight":1.0,"played":[1.0,0.0],"evs":[0.0,-0.65347]},"66":{"weight":1.0,"played":[0.0685,0.9315],"evs":[0.0,0.16799]},"76o":{"weight":1.0,"played":[1.0,0.0],"evs":[0.0,-1.4485]},"86o":{"weight":1.0,"played":[1.0,0.0],"evs":[0.0,-1.75769]},"96o":{"weight":1.0,"played":[1.0,0.0],"evs":[0.0,-2.05927]},"T6o":{"weight":1.0,"played":[1.0,0.0],"evs":[0.0,-2.52123]},"J6o":{"weight":1.0,"played":[1.0,0.0],"evs":[0.0,-2.32169]},"Q6o":{"weight":1.0,"played":[1.0,0.0],"evs":[0.0,-1.89948]},"K6o":{"weight":1.0,"played":[1.0,0.0],"evs":[0.0,-1.4986]},"A6o":{"weight":1.0,"played":[1.0,0.0],"evs":[0.0,-1.12574]},"72s":{"weight":1.0,"played":[1.0,0.0],"evs":[0.0,-2.0397]},"73s":{"weight":1.0,"played":[1.0,0.0],"evs":[0.0,-1.46412]},"74s":{"weight":1.0,"played":[1.0,0.0],"evs":[0.0,-1.38826]},"75s":{"weight":1.0,"played":[1.0,0.0],"evs":[0.0,-0.90804]},"76s":{"weight":1.0,"played":[1.0,0.0],"evs":[0.0,-0.74344]},"77":{"weight":1.0,"played":[0.6833,0.3167],"evs":[0.0,0.04847]},"87o":{"weight":1.0,"played":[1.0,0.0],"evs":[0.0,-1.604]},"97o":{"weight":1.0,"played":[1.0,0.0],"evs":[0.0,-1.89619]},"T7o":{"weight":1.0,"played":[1.0,0.0],"evs":[0.0,-2.20459]},"J7o":{"weight":1.0,"played":[1.0,0.0],"evs":[0.0,-2.27605]},"Q7o":{"weight":1.0,"played":[1.0,0.0],"evs":[0.0,-1.95821]},"K7o":{"weight":1.0,"played":[1.0,0.0],"evs":[0.0,-1.54378]},"A7o":{"weight":1.0,"played":[1.0,0.0],"evs":[0.0,-1.17366]},"82s":{"weight":1.0,"played":[1.0,0.0],"evs":[0.0,-1.95231]},"83s":{"weight":1.0,"played":[1.0,0.0],"evs":[0.0,-1.86059]},"84s":{"weight":1.0,"played":[1.0,0.0],"evs":[0.0,-1.58377]},"85s":{"weight":1.0,"played":[1.0,0.0],"evs":[0.0,-1.27542]},"86s":{"weight":1.0,"played":[1.0,0.0],"evs":[0.0,-1.06925]},"87s":{"weight":1.0,"played":[1.0,0.0],"evs":[0.0,-0.84054]},"88":{"weight":1.0,"played":[0.5962,0.4038],"evs":[0.0,0.00431]},"98o":{"weight":1.0,"played":[1.0,0.0],"evs":[0.0,-1.81682]},"T8o":{"weight":1.0,"played":[1.0,0.0],"evs":[0.0,-2.11513]},"J8o":{"weight":1.0,"played":[1.0,0.0],"evs":[0.0,-2.06073]},"Q8o":{"weight":1.0,"played":[1.0,0.0],"evs":[0.0,-1.67786]},"K8o":{"weight":1.0,"played":[1.0,0.0],"evs":[0.0,-1.58524]},"A8o":{"weight":1.0,"played":[1.0,0.0],"evs":[0.0,-0.98016]},"92s":{"weight":1.0,"played":[1.0,0.0],"evs":[0.0,-1.91356]},"93s":{"weight":1.0,"played":[1.0,0.0],"evs":[0.0,-1.88588]},"94s":{"weight":1.0,"played":[1.0,0.0],"evs":[0.0,-1.7646]},"95s":{"weight":1.0,"played":[1.0,0.0],"evs":[0.0,-1.75521]},"96s":{"weight":1.0,"played":[1.0,0.0],"evs":[0.0,-1.30305]},"97s":{"weight":1.0,"played":[1.0,0.0],"evs":[0.0,-1.12313]},"98s":{"weight":1.0,"played":[1.0,0.0],"evs":[0.0,-1.08499]},"99":{"weight":1.0,"played":[0.0028,0.9972],"evs":[0.0,0.25345]},"T9o":{"weight":1.0,"played":[1.0,0.0],"evs":[0.0,-2.07017]},"J9o":{"weight":1.0,"played":[1.0,0.0],"evs":[0.0,-1.97071]},"Q9o":{"weight":1.0,"played":[1.0,0.0],"evs":[0.0,-1.71908]},"K9o":{"weight":1.0,"played":[1.0,0.0],"evs":[0.0,-1.41364]},"A9o":{"weight":1.0,"played":[1.0,0.0],"evs":[0.0,-1.14739]},"T2s":{"weight":1.0,"played":[1.0,0.0],"evs":[0.0,-2.10626]},"T3s":{"weight":1.0,"played":[1.0,0.0],"evs":[0.0,-1.91944]},"T4s":{"weight":1.0,"played":[1.0,0.0],"evs":[0.0,-1.90212]},"T5s":{"weight":1.0,"played":[1.0,0.0],"evs":[0.0,-1.83787]},"T6s":{"weight":1.0,"played":[1.0,0.0],"evs":[0.0,-1.45687]},"T7s":{"weight":1.0,"played":[1.0,0.0],"evs":[0.0,-1.44946]},"T8s":{"weight":1.0,"played":[1.0,0.0],"evs":[0.0,-1.44148]},"T9s":{"weight":1.0,"played":[1.0,0.0],"evs":[0.0,-0.91943]},"TT":{"weight":1.0,"played":[0.0037,0.9963],"evs":[0.0,0.26614]},"JTo":{"weight":1.0,"played":[1.0,0.0],"evs":[0.0,-1.74875]},"QTo":{"weight":1.0,"played":[1.0,0.0],"evs":[0.0,-1.31818]},"KTo":{"weight":1.0,"played":[1.0,0.0],"evs":[0.0,-1.28574]},"ATo":{"weight":1.0,"played":[0.9999,1.0E-4],"evs":[0.0,-0.87502]},"J2s":{"weight":1.0,"played":[1.0,0.0],"evs":[0.0,-1.7616]},"J3s":{"weight":1.0,"played":[1.0,0.0],"evs":[0.0,-1.68742]},"J4s":{"weight":1.0,"played":[1.0,0.0],"evs":[0.0,-1.55294]},"J5s":{"weight":1.0,"played":[1.0,0.0],"evs":[0.0,-1.57907]},"J6s":{"weight":1.0,"played":[1.0,0.0],"evs":[0.0,-1.64622]},"J7s":{"weight":1.0,"played":[1.0,0.0],"evs":[0.0,-1.4152]},"J8s":{"weight":1.0,"played":[1.0,0.0],"evs":[0.0,-1.2593]},"J9s":{"weight":1.0,"played":[1.0,0.0],"evs":[0.0,-1.12177]},"JTs":{"weight":1.0,"played":[1.0,0.0],"evs":[0.0,-1.09278]},"JJ":{"weight":1.0,"played":[0.0,1.0],"evs":[0.0,1.18595]},"QJo":{"weight":1.0,"played":[1.0,0.0],"evs":[0.0,-1.1502]},"KJo":{"weight":1.0,"played":[1.0,0.0],"evs":[0.0,-1.02687]},"AJo":{"weight":1.0,"played":[1.0,0.0],"evs":[0.0,-0.66654]},"Q2s":{"weight":1.0,"played":[1.0,0.0],"evs":[0.0,-1.28405]},"Q3s":{"weight":1.0,"played":[1.0,0.0],"evs":[0.0,-1.1789]},"Q4s":{"weight":1.0,"played":[1.0,0.0],"evs":[0.0,-1.24023]},"Q5s":{"weight":1.0,"played":[1.0,0.0],"evs":[0.0,-1.27614]},"Q6s":{"weight":1.0,"played":[1.0,0.0],"evs":[0.0,-0.88926]},"Q7s":{"weight":1.0,"played":[1.0,0.0],"evs":[0.0,-1.0804]},"Q8s":{"weight":1.0,"played":[1.0,0.0],"evs":[0.0,-1.07339]},"Q9s":{"weight":1.0,"played":[1.0,0.0],"evs":[0.0,-0.7164]},"QTs":{"weight":1.0,"played":[1.0,0.0],"evs":[0.0,-0.65791]},"QJs":{"weight":1.0,"played":[0.9989,0.0011],"evs":[0.0,-0.19614]},"QQ":{"weight":1.0,"played":[0.0,1.0],"evs":[0.0,3.53659]},"KQo":{"weight":1.0,"played":[1.0,0.0],"evs":[0.0,-0.66388]},"AQo":{"weight":1.0,"played":[0.0645,0.9355],"evs":[0.0,0.02544]},"K2s":{"weight":1.0,"played":[1.0,0.0],"evs":[0.0,-0.89015]},"K3s":{"weight":1.0,"played":[1.0,0.0],"evs":[0.0,-0.7378]},"K4s":{"weight":1.0,"played":[1.0,0.0],"evs":[0.0,-0.86003]},"K5s":{"weight":1.0,"played":[0.9986,0.0014],"evs":[0.0,-0.76371]},"K6s":{"weight":1.0,"played":[1.0,0.0],"evs":[0.0,-0.73823]},"K7s":{"weight":1.0,"played":[0.9998,2.0E-4],"evs":[0.0,-0.71911]},"K8s":{"weight":1.0,"played":[1.0,0.0],"evs":[0.0,-0.83332]},"K9s":{"weight":1.0,"played":[1.0,0.0],"evs":[0.0,-0.62652]},"KTs":{"weight":1.0,"played":[0.9981,0.0019],"evs":[0.0,-0.36371]},"KJs":{"weight":1.0,"played":[0.9615,0.0385],"evs":[0.0,-0.24804]},"KQs":{"weight":1.0,"played":[0.1127,0.8873],"evs":[0.0,0.19189]},"KK":{"weight":1.0,"played":[0.0,1.0],"evs":[0.0,6.66654]},"AKo":{"weight":1.0,"played":[0.0,1.0],"evs":[0.0,2.04747]},"A2s":{"weight":1.0,"played":[0.9921,0.0079],"evs":[0.0,-0.30056]},"A3s":{"weight":1.0,"played":[0.9969,0.0031],"evs":[0.0,-0.25527]},"A4s":{"weight":1.0,"played":[0.9366,0.0634],"evs":[0.0,-0.09602]},"A5s":{"weight":1.0,"played":[0.7852,0.2148],"evs":[0.0,0.08303]},"A6s":{"weight":1.0,"played":[1.0,0.0],"evs":[0.0,-0.24004]},"A7s":{"weight":1.0,"played":[0.9988,0.0012],"evs":[0.0,-0.39341]},"A8s":{"weight":1.0,"played":[0.9995,5.0E-4],"evs":[0.0,-0.18574]},"A9s":{"weight":1.0,"played":[0.9966,0.0034],"evs":[0.0,-0.3966]},"ATs":{"weight":1.0,"played":[0.5352,0.4648],"evs":[0.0,-0.10507]},"AJs":{"weight":1.0,"played":[0.037,0.963],"evs":[0.0,0.14858]},"AQs":{"weight":1.0,"played":[0.0,1.0],"evs":[0.0,0.9226]},"AKs":{"weight":1.0,"played":[0.0,1.0],"evs":[0.0,2.63111]},"AA":{"weight":1.0,"played":[0.0,1.0],"evs":[0.0,10.23805]}}}