{"player":2,"street":0,"children":3,"sequence":[{"player":0,"type":"F","amount":0,"street":0},{"player":1,"type":"F","amount":0,"street":0},{"player":2,"type":"R","amount":200000,"street":0},{"player":3,"type":"C","amount":200000,"street":0},{"player":4,"type":"F","amount":0,"street":0},{"player":5,"type":"R","amount":2235000,"street":0}],"actions":[{"type":"F","amount":0,"node":35},{"type":"C","amount":2035000,"node":36},{"type":"R","amount":2985000,"node":38}],"hands":{"22":{"weight":1.0,"played":[1.0,0.0,0.0],"evs":[0.0,-0.70273,-0.70125]},"32o":{"weight":0.0,"played":[1.0,0.0,0.0],"evs":[0.0,-5.31107,-5.31051]},"42o":{"weight":0.0,"played":[1.0,0.0,0.0],"evs":[0.0,-5.13521,-5.13419]},"52o":{"weight":0.0,"played":[1.0,0.0,0.0],"evs":[0.0,-4.94079,-4.9356]},"62o":{"weight":0.0,"played":[1.0,0.0,0.0],"evs":[0.0,-5.2286,-5.23237]},"72o":{"weight":0.0,"played":[1.0,0.0,0.0],"evs":[0.0,-5.53957,-5.5521]},"82o":{"weight":0.0,"played":[1.0,0.0,0.0],"evs":[0.0,-5.34909,-5.34295]},"92o":{"weight":0.0,"played":[1.0,0.0,0.0],"evs":[0.0,-5.10367,-5.10185]},"T2o":{"weight":0.0,"played":[1.0,0.0,0.0],"evs":[0.0,-4.97344,-4.97542]},"J2o":{"weight":0.0,"played":[1.0,0.0,0.0],"evs":[0.0,-4.64872,-4.64531]},"Q2o":{"weight":0.0,"played":[1.0,0.0,0.0],"evs":[0.0,-4.18912,-4.18544]},"K2o":{"weight":0.0,"played":[1.0,0.0,0.0],"evs":[0.0,-3.65386,-3.65137]},"A2o":{"weight":0.0,"played":[1.0,0.0,0.0],"evs":[0.0,-2.91504,-2.90068]},"32s":{"weight":0.0,"played":[1.0,0.0,0.0],"evs":[0.0,-3.87217,-3.86904]},"33":{"weight":1.0,"played":[1.0,0.0,0.0],"evs":[0.0,-0.47213,-0.45763]},"43o":{"weight":0.0,"played":[1.0,0.0,0.0],"evs":[0.0,-4.62695,-4.63071]},"53o":{"weight":0.0,"played":[1.0,0.0,0.0],"evs":[0.0,-4.42063,-4.42076]},"63o":{"weight":0.0,"played":[1.0,0.0,0.0],"evs":[0.0,-4.76252,-4.76622]},"73o":{"weight":0.0,"played":[1.0,0.0,0.0],"evs":[0.0,-4.97752,-4.98487]},"83o":{"weight":0.0,"played":[1.0,0.0,0.0],"evs":[0.0,-5.25786,-5.26053]},"93o":{"weight":0.0,"played":[1.0,0.0,0.0],"evs":[0.0,-4.8841,-4.89308]},"T3o":{"weight":0.0,"played":[1.0,0.0,0.0],"evs":[0.0,-4.74488,-4.73877]},"J3o":{"weight":0.0,"played":[1.0,0.0,0.0],"evs":[0.0,-4.59854,-4.60949]},"Q3o":{"weight":0.0,"played":[1.0,0.0,0.0],"evs":[0.0,-4.13039,-4.11923]},"K3o":{"weight":0.0,"played":[1.0,0.0,0.0],"evs":[0.0,-3.49963,-3.49114]},"A3o":{"weight":0.4086,"played":[1.0,0.0,0.0],"evs":[0.0,-2.78319,-2.78854]},"42s":{"weight":0.0,"played":[1.0,0.0,0.0],"evs":[0.0,-3.79615,-3.7927]},"43s":{"weight":0.0,"played":[1.0,0.0,0.0],"evs":[0.0,-3.40046,-3.38766]},"44":{"weight":1.0,"played":[1.0,0.0,0.0],"evs":[0.0,-0.22478,-0.20612]},"54o":{"weight":0.0,"played":[1.0,0.0,0.0],"evs":[0.0,-3.93448,-3.93111]},"64o":{"weight":0.0,"played":[1.0,0.0,0.0],"evs":[0.0,-4.26766,-4.26258]},"74o":{"weight":0.0,"played":[1.0,0.0,0.0],"evs":[0.0,-4.44215,-4.45135]},"84o":{"weight":0.0,"played":[1.0,0.0,0.0],"evs":[0.0,-4.80937,-4.79799]},"94o":{"weight":0.0,"played":[1.0,0.0,0.0],"evs":[0.0,-4.87504,-4.8771]},"T4o":{"weight":0.0,"played":[1.0,0.0,0.0],"evs":[0.0,-4.68909,-4.68322]},"J4o":{"weight":0.0,"played":[1.0,0.0,0.0],"evs":[0.0,-4.46862,-4.47064]},"Q4o":{"weight":0.0,"played":[1.0,0.0,0.0],"evs":[0.0,-3.90475,-3.91704]},"K4o":{"weight":0.0,"played":[1.0,0.0,0.0],"evs":[0.0,-3.36176,-3.35021]},"A4o":{"weight":1.0,"played":[1.0,0.0,0.0],"evs":[0.0,-2.71961,-2.71962]},"52s":{"weight":0.0,"played":[1.0,0.0,0.0],"evs":[0.0,-3.36757,-3.37549]},"53s":{"weight":0.0,"played":[1.0,0.0,0.0],"evs":[0.0,-3.24416,-3.23078]},"54s":{"weight":0.0,"played":[1.0,0.0,0.0],"evs":[0.0,-2.74606,-2.73777]},"55":{"weight":1.0,"played":[1.0E-4,0.5131,0.4869],"evs":[0.0,0.52817,0.54544]},"65o":{"weight":0.0,"played":[1.0,0.0,0.0],"evs":[0.0,-3.67329,-3.66773]},"75o":{"weight":0.0,"played":[1.0,0.0,0.0],"evs":[0.0,-3.86153,-3.85801]},"85o":{"weight":0.0,"played":[1.0,0.0,0.0],"evs":[0.0,-4.15398,-4.15077]},"95o":{"weight":0.0,"played":[1.0,0.0,0.0],"evs":[0.0,-4.40091,-4.39619]},"T5o":{"weight":0.0,"played":[1.0,0.0,0.0],"evs":[0.0,-4.5821,-4.58812]},"J5o":{"weight":0.0,"played":[1.0,0.0,0.0],"evs":[0.0,-4.32348,-4.32554]},"Q5o":{"weight":0.0,"played":[1.0,0.0,0.0],"evs":[0.0,-3.71946,-3.71834]},"K5o":{"weight":0.0,"played":[1.0,0.0,0.0],"evs":[0.0,-3.25313,-3.23647]},"A5o":{"weight":1.0,"played":[1.0,0.0,0.0],"evs":[0.0,-2.44228,-2.44199]},"62s":{"weight":0.0,"played":[1.0,0.0,0.0],"evs":[0.0,-3.94877,-3.95196]},"63s":{"weight":0.0,"played":[1.0,0.0,0.0],"evs":[0.0,-3.319,-3.31817]},"64s":{"weight":0.0,"played":[1.0,0.0,0.0],"evs":[0.0,-2.80212,-2.81489]},"65s":{"weight":0.9995,"played":[1.0,0.0,0.0],"evs":[0.0,-2.26467,-2.25623]},"66":{"weight":1.0,"played":[0.0,0.2122,0.7878],"evs":[0.0,1.49158,1.51065]},"76o":{"weight":0.0,"played":[1.0,0.0,0.0],"evs":[0.0,-3.38299,-3.39252]},"86o":{"weight":0.0,"played":[1.0,0.0,0.0],"evs":[0.0,-3.61538,-3.6078]},"96o":{"weight":0.0,"played":[1.0,0.0,0.0],"evs":[0.0,-3.7043,-3.70643]},"T6o":{"weight":0.0,"played":[1.0,0.0,0.0],"evs":[0.0,-4.10872,-4.11365]},"J6o":{"weight":0.0,"played":[1.0,0.0,0.0],"evs":[0.0,-4.14482,-4.13858]},"Q6o":{"weight":0.0,"played":[1.0,0.0,0.0],"evs":[0.0,-3.58257,-3.59279]},"K6o":{"weight":0.0,"played":[1.0,0.0,0.0],"evs":[0.0,-2.97012,-2.96068]},"A6o":{"weight":1.0,"played":[1.0,0.0,0.0],"evs":[0.0,-2.68711,-2.68496]},"72s":{"weight":0.0,"played":[1.0,0.0,0.0],"evs":[0.0,-4.03955,-4.04771]},"73s":{"weight":0.0,"played":[1.0,0.0,0.0],"evs":[0.0,-3.60033,-3.60633]},"74s":{"weight":0.0,"played":[1.0,0.0,0.0],"evs":[0.0,-3.11957,-3.13036]},"75s":{"weight":0.145,"played":[1.0,0.0,0.0],"evs":[0.0,-2.50587,-2.50517]},"76s":{"weight":0.9998,"played":[1.0,0.0,0.0],"evs":[0.0,-2.08094,-2.08428]},"77":{"weight":1.0,"played":[0.0,0.4377,0.5623],"evs":[0.0,2.48305,2.48875]},"87o":{"weight":0.0,"played":[1.0,0.0,0.0],"evs":[0.0,-3.06227,-3.05976]},"97o":{"weight":0.0,"played":[1.0,0.0,0.0],"evs":[0.0,-3.20953,-3.20215]},"T7o":{"weight":0.0,"played":[1.0,0.0,0.0],"evs":[0.0,-3.42042,-3.4173]},"J7o":{"weight":0.0,"played":[1.0,0.0,0.0],"evs":[0.0,-3.66201,-3.66196]},"Q7o":{"weight":0.0,"played":[1.0,0.0,0.0],"evs":[0.0,-3.43046,-3.42616]},"K7o":{"weight":0.0,"played":[1.0,0.0,0.0],"evs":[0.0,-2.76814,-2.76603]},"A7o":{"weight":1.0,"played":[1.0,0.0,0.0],"evs":[0.0,-2.21199,-2.21292]},"82s":{"weight":0.0,"played":[1.0,0.0,0.0],"evs":[0.0,-3.9457,-3.94467]},"83s":{"weight":0.0,"played":[1.0,0.0,0.0],"evs":[0.0,-3.85208,-3.8425]},"84s":{"weight":0.0,"played":[1.0,0.0,0.0],"evs":[0.0,-3.44555,-3.45366]},"85s":{"weight":0.0,"played":[1.0,0.0,0.0],"evs":[0.0,-2.80648,-2.79749]},"86s":{"weight":0.9998,"played":[1.0,0.0,0.0],"evs":[0.0,-2.16454,-2.1736]},"87s":{"weight":1.0,"played":[1.0,0.0,0.0],"evs":[0.0,-1.86266,-1.85821]},"88":{"weight":1.0,"played":[0.0,0.375,0.625],"evs":[0.0,3.56477,3.5673]},"98o":{"weight":0.0,"played":[1.0,0.0,0.0],"evs":[0.0,-2.73775,-2.73946]},"T8o":{"weight":0.0,"played":[1.0,0.0,0.0],"evs":[0.0,-2.93521,-2.93451]},"J8o":{"weight":0.0,"played":[1.0,0.0,0.0],"evs":[0.0,-3.11987,-3.1179]},"Q8o":{"weight":0.0,"played":[1.0,0.0,0.0],"evs":[0.0,-2.99489,-2.99056]},"K8o":{"weight":0.0,"played":[1.0,0.0,0.0],"evs":[0.0,-2.68279,-2.67999]},"A8o":{"weight":1.0,"played":[1.0,0.0,0.0],"evs":[0.0,-1.50721,-1.50931]},"92s":{"weight":0.0,"played":[1.0,0.0,0.0],"evs":[0.0,-3.73583,-3.71749]},"93s":{"weight":0.0,"played":[1.0,0.0,0.0],"evs":[0.0,-3.50066,-3.50134]},"94s":{"weight":0.0,"played":[1.0,0.0,0.0],"evs":[0.0,-3.49113,-3.48964]},"95s":{"weight":0.0,"played":[1.0,0.0,0.0],"evs":[0.0,-3.13698,-3.13943]},"96s":{"weight":0.0042,"played":[1.0,0.0,0.0],"evs":[0.0,-2.52709,-2.51857]},"97s":{"weight":0.9999,"played":[1.0,0.0,0.0],"evs":[0.0,-1.87704,-1.87698]},"98s":{"weight":1.0,"played":[1.0,0.0,0.0],"evs":[0.0,-1.55185,-1.55441]},"99":{"weight":1.0,"played":[0.0,0.0792,0.9208],"evs":[0.0,4.77997,4.79042]},"T9o":{"weight":0.9999,"played":[1.0,0.0,0.0],"evs":[0.0,-2.34282,-2.32774]},"J9o":{"weight":0.6258,"played":[1.0,0.0,0.0],"evs":[0.0,-2.42498,-2.42886]},"Q9o":{"weight":0.9995,"played":[1.0,0.0,0.0],"evs":[0.0,-2.3192,-2.31677]},"K9o":{"weight":1.0,"played":[1.0,0.0,0.0],"evs":[0.0,-2.10392,-2.10363]},"A9o":{"weight":1.0,"played":[1.0,0.0,0.0],"evs":[0.0,-0.61933,-0.62091]},"T2s":{"weight":0.0,"played":[1.0,0.0,0.0],"evs":[0.0,-3.53898,-3.52961]},"T3s":{"weight":0.0,"played":[1.0,0.0,0.0],"evs":[0.0,-3.46248,-3.47579]},"T4s":{"weight":0.0,"played":[1.0,0.0,0.0],"evs":[0.0,-3.43368,-3.42703]},"T5s":{"weight":0.0,"played":[1.0,0.0,0.0],"evs":[0.0,-3.37242,-3.35684]},"T6s":{"weight":0.0,"played":[1.0,0.0,0.0],"evs":[0.0,-2.63252,-2.62329]},"T7s":{"weight":1.0,"played":[1.0,0.0,0.0],"evs":[0.0,-2.1134,-2.10669]},"T8s":{"weight":1.0,"played":[1.0,0.0,0.0],"evs":[0.0,-1.68548,-1.67967]},"T9s":{"weight":1.0,"played":[1.0,0.0,0.0],"evs":[0.0,-0.96966,-0.96662]},"TT":{"weight":1.0,"played":[0.0,0.7053,0.2947],"evs":[0.0,6.27324,6.26936]},"JTo":{"weight":1.0,"played":[1.0,0.0,0.0],"evs":[0.0,-1.65357,-1.65497]},"QTo":{"weight":1.0,"played":[1.0,0.0,0.0],"evs":[0.0,-1.60187,-1.59964]},"KTo":{"weight":1.0,"played":[1.0,0.0,0.0],"evs":[0.0,-1.38762,-1.3833]},"ATo":{"weight":1.0,"played":[4.0E-4,0.7145,0.2851],"evs":[0.0,0.85475,0.857]},"J2s":{"weight":0.0,"played":[1.0,0.0,0.0],"evs":[0.0,-3.17786,-3.17644]},"J3s":{"weight":0.0,"played":[1.0,0.0,0.0],"evs":[0.0,-3.15103,-3.15006]},"J4s":{"weight":0.0,"played":[1.0,0.0,0.0],"evs":[0.0,-2.92438,-2.92667]},"J5s":{"weight":0.0,"played":[1.0,0.0,0.0],"evs":[0.0,-2.82709,-2.82221]},"J6s":{"weight":0.0,"played":[1.0,0.0,0.0],"evs":[0.0,-2.75284,-2.74551]},"J7s":{"weight":0.9998,"played":[1.0,0.0,0.0],"evs":[0.0,-2.32048,-2.3196]},"J8s":{"weight":1.0,"played":[1.0,0.0,0.0],"evs":[0.0,-1.83827,-1.84273]},"J9s":{"weight":1.0,"played":[1.0,0.0,0.0],"evs":[0.0,-1.14279,-1.1457]},"JTs":{"weight":1.0,"played":[0.9994,1.0E-4,5.0E-4],"evs":[0.0,-0.35278,-0.34811]},"JJ":{"weight":1.0,"played":[0.0,0.3413,0.6587],"evs":[0.0,7.84401,7.84054]},"QJo":{"weight":1.0,"played":[1.0,0.0,0.0],"evs":[0.0,-1.28454,-1.28454]},"KJo":{"weight":1.0,"played":[1.0,0.0,0.0],"evs":[0.0,-1.09032,-1.0912]},"AJo":{"weight":1.0,"played":[0.0,0.5207,0.4793],"evs":[0.0,2.48454,2.48508]},"Q2s":{"weight":0.0,"played":[1.0,0.0,0.0],"evs":[0.0,-2.7536,-2.74397]},"Q3s":{"weight":0.0,"played":[1.0,0.0,0.0],"evs":[0.0,-2.48926,-2.50062]},"Q4s":{"weight":0.0,"played":[1.0,0.0,0.0],"evs":[0.0,-2.67405,-2.65999]},"Q5s":{"weight":0.996,"played":[1.0,0.0,0.0],"evs":[0.0,-2.45786,-2.44754]},"Q6s":{"weight":0.9994,"played":[1.0,0.0,0.0],"evs":[0.0,-2.21649,-2.21824]},"Q7s":{"weight":0.9999,"played":[1.0,0.0,0.0],"evs":[0.0,-2.14818,-2.14952]},"Q8s":{"weight":1.0,"played":[1.0,0.0,0.0],"evs":[0.0,-1.70002,-1.69275]},"Q9s":{"weight":1.0,"played":[0.9999,0.0,0.0],"evs":[0.0,-0.99967,-1.00961]},"QTs":{"weight":1.0,"played":[1.0,0.0,0.0],"evs":[0.0,-0.4204,-0.41838]},"QJs":{"weight":1.0,"played":[0.8855,0.061,0.0535],"evs":[0.0,-0.08294,-0.07724]},"QQ":{"weight":1.0,"played":[0.0,0.4488,0.5512],"evs":[0.0,9.97155,9.97069]},"KQo":{"weight":1.0,"played":[0.9999,1.0E-4,0.0],"evs":[0.0,-0.1727,-0.17214]},"AQo":{"weight":0.9989,"played":[0.0,0.0551,0.9449],"evs":[0.0,4.57902,4.58796]},"K2s":{"weight":0.0,"played":[1.0,0.0,0.0],"evs":[0.0,-2.27045,-2.24906]},"K3s":{"weight":0.8373,"played":[1.0,0.0,0.0],"evs":[0.0,-2.15239,-2.14674]},"K4s":{"weight":0.9998,"played":[1.0,0.0,0.0],"evs":[0.0,-1.99602,-1.97989]},"K5s":{"weight":1.0,"played":[1.0,0.0,0.0],"evs":[0.0,-1.69542,-1.69657]},"K6s":{"weight":1.0,"played":[1.0,0.0,0.0],"evs":[0.0,-1.61603,-1.60369]},"K7s":{"weight":1.0,"played":[1.0,0.0,0.0],"evs":[0.0,-1.45865,-1.45889]},"K8s":{"weight":1.0,"played":[1.0,0.0,0.0],"evs":[0.0,-1.37176,-1.37072]},"K9s":{"weight":1.0,"played":[0.9994,4.0E-4,2.0E-4],"evs":[0.0,-0.82808,-0.8274]},"KTs":{"weight":1.0,"played":[0.9786,0.0093,0.0121],"evs":[0.0,-0.07499,-0.07236]},"KJs":{"weight":1.0,"played":[0.2209,0.4022,0.3769],"evs":[0.0,0.08316,0.09136]},"KQs":{"weight":1.0,"played":[0.0,0.0533,0.9467],"evs":[0.0,0.98704,0.98967]},"KK":{"weight":1.0,"played":[0.0,0.5342,0.4658],"evs":[0.0,11.91408,11.90455]},"AKo":{"weight":1.0,"played":[0.0,0.4868,0.5132],"evs":[0.0,6.25161,6.26002]},"A2s":{"weight":1.0,"played":[1.0,0.0,0.0],"evs":[0.0,-1.46032,-1.4554]},"A3s":{"weight":1.0,"played":[1.0,0.0,0.0],"evs":[0.0,-1.36341,-1.35192]},"A4s":{"weight":1.0,"played":[1.0,0.0,0.0],"evs":[0.0,-1.24939,-1.25391]},"A5s":{"weight":1.0,"played":[1.0,0.0,0.0],"evs":[0.0,-0.99067,-0.99162]},"A6s":{"weight":1.0,"played":[1.0,0.0,0.0],"evs":[0.0,-1.19824,-1.19172]},"A7s":{"weight":1.0,"played":[1.0,0.0,0.0],"evs":[0.0,-0.87016,-0.87626]},"A8s":{"weight":1.0,"played":[0.8016,0.0854,0.1131],"evs":[0.0,-0.19103,-0.18723]},"A9s":{"weight":1.0,"played":[0.0077,0.2668,0.7255],"evs":[0.0,0.68187,0.68988]},"ATs":{"weight":1.0,"played":[0.0,0.9557,0.0443],"evs":[0.0,2.09314,2.08954]},"AJs":{"weight":1.0,"played":[0.0,0.8841,0.1159],"evs":[0.0,3.45066,3.43775]},"AQs":{"weight":1.0,"played":[0.0,0.654,0.346],"evs":[0.0,5.33409,5.33993]},"AKs":{"weight":1.0,"played":[0.0,0.2771,0.7229],"evs":[0.0,6.92963,6.93049]},"AA":{"weight":1.0,"played":[0.0,0.624,0.376],"evs":[0.0,16.53551,16.51245]}}}