{"player":0,"street":0,"children":3,"sequence":[{"player":0,"type":"R","amount":200000,"street":0},{"player":1,"type":"F","amount":0,"street":0},{"player":2,"type":"F","amount":0,"street":0},{"player":3,"type":"R","amount":500000,"street":0},{"player":4,"type":"F","amount":0,"street":0},{"player":5,"type":"R","amount":2235000,"street":0}],"actions":[{"type":"F","amount":0,"node":343},{"type":"C","amount":2035000,"node":344},{"type":"R","amount":2585000,"node":346}],"hands":{"22":{"weight":0.0,"played":[1.0,0.0,0.0],"evs":[0.0,-2.98998,-2.99025]},"32o":{"weight":0.0,"played":[1.0,0.0,0.0],"evs":[0.0,-6.77218,-6.7035]},"42o":{"weight":0.0,"played":[1.0,0.0,0.0],"evs":[0.0,-6.54221,-6.51147]},"52o":{"weight":0.0,"played":[1.0,0.0,0.0],"evs":[0.0,-6.62964,-6.56505]},"62o":{"weight":0.0,"played":[1.0,0.0,0.0],"evs":[0.0,-7.14722,-7.12459]},"72o":{"weight":0.0,"played":[1.0,0.0,0.0],"evs":[0.0,-7.28003,-7.24337]},"82o":{"weight":0.0,"played":[1.0,0.0,0.0],"evs":[0.0,-7.28935,-7.1851]},"92o":{"weight":0.0,"played":[1.0,0.0,0.0],"evs":[0.0,-7.14358,-7.09235]},"T2o":{"weight":0.0,"played":[1.0,0.0,0.0],"evs":[0.0,-7.49166,-7.44141]},"J2o":{"weight":0.0,"played":[1.0,0.0,0.0],"evs":[0.0,-6.88249,-6.8676]},"Q2o":{"weight":0.0,"played":[1.0,0.0,0.0],"evs":[0.0,-7.11192,-7.07332]},"K2o":{"weight":0.0,"played":[1.0,0.0,0.0],"evs":[0.0,-6.62391,-6.58929]},"A2o":{"weight":0.0,"played":[1.0,0.0,0.0],"evs":[0.0,-5.12868,-5.08917]},"32s":{"weight":0.0,"played":[1.0,0.0,0.0],"evs":[0.0,-5.6649,-5.54597]},"33":{"weight":0.4165,"played":[1.0,0.0,0.0],"evs":[0.0,-2.16145,-2.06456]},"43o":{"weight":0.0,"played":[1.0,0.0,0.0],"evs":[0.0,-5.62016,-5.54991]},"53o":{"weight":0.0,"played":[1.0,0.0,0.0],"evs":[0.0,-5.7372,-5.66234]},"63o":{"weight":0.0,"played":[1.0,0.0,0.0],"evs":[0.0,-6.03934,-6.04673]},"73o":{"weight":0.0,"played":[1.0,0.0,0.0],"evs":[0.0,-6.71377,-6.67279]},"83o":{"weight":0.0,"played":[1.0,0.0,0.0],"evs":[0.0,-7.15511,-7.16047]},"93o":{"weight":0.0,"played":[1.0,0.0,0.0],"evs":[0.0,-7.19301,-7.15937]},"T3o":{"weight":0.0,"played":[1.0,0.0,0.0],"evs":[0.0,-6.38933,-6.2535]},"J3o":{"weight":0.0,"played":[1.0,0.0,0.0],"evs":[0.0,-6.73428,-6.6815]},"Q3o":{"weight":0.0,"played":[1.0,0.0,0.0],"evs":[0.0,-7.02752,-7.00599]},"K3o":{"weight":0.0,"played":[1.0,0.0,0.0],"evs":[0.0,-6.43015,-6.40425]},"A3o":{"weight":0.0,"played":[1.0,0.0,0.0],"evs":[0.0,-5.18059,-5.13907]},"42s":{"weight":0.0,"played":[1.0,0.0,0.0],"evs":[0.0,-4.96999,-4.99874]},"43s":{"weight":0.0,"played":[0.9996,1.0E-4,3.0E-4],"evs":[0.0,-4.21573,-4.19496]},"44":{"weight":0.9999,"played":[1.0,0.0,0.0],"evs":[0.0,-2.52674,-2.45368]},"54o":{"weight":0.0,"played":[1.0,0.0,0.0],"evs":[0.0,-5.15581,-5.06662]},"64o":{"weight":0.0,"played":[1.0,0.0,0.0],"evs":[0.0,-5.427,-5.38619]},"74o":{"weight":0.0,"played":[1.0,0.0,0.0],"evs":[0.0,-5.65224,-5.70043]},"84o":{"weight":0.0,"played":[1.0,0.0,0.0],"evs":[0.0,-6.51157,-6.48441]},"94o":{"weight":0.0,"played":[1.0,0.0,0.0],"evs":[0.0,-7.18702,-7.13088]},"T4o":{"weight":0.0,"played":[1.0,0.0,0.0],"evs":[0.0,-6.70521,-6.70295]},"J4o":{"weight":0.0,"played":[1.0,0.0,0.0],"evs":[0.0,-6.46892,-6.40621]},"Q4o":{"weight":0.0,"played":[1.0,0.0,0.0],"evs":[0.0,-6.71857,-6.75716]},"K4o":{"weight":0.0,"played":[1.0,0.0,0.0],"evs":[0.0,-6.08928,-6.02836]},"A4o":{"weight":0.0,"played":[1.0,0.0,0.0],"evs":[0.0,-4.8055,-4.8092]},"52s":{"weight":0.0,"played":[0.9995,3.0E-4,2.0E-4],"evs":[0.0,-4.45203,-4.50319]},"53s":{"weight":0.0,"played":[0.9999,0.0,0.0],"evs":[0.0,-4.52098,-4.33776]},"54s":{"weight":0.0,"played":[0.9999,0.0,1.0E-4],"evs":[0.0,-4.0524,-4.04805]},"55":{"weight":1.0,"played":[0.9995,2.0E-4,3.0E-4],"evs":[0.0,-2.62469,-2.5487]},"65o":{"weight":0.0,"played":[1.0,0.0,0.0],"evs":[0.0,-5.17863,-5.13258]},"75o":{"weight":0.0,"played":[1.0,0.0,0.0],"evs":[0.0,-5.34457,-5.30655]},"85o":{"weight":0.0,"played":[1.0,0.0,0.0],"evs":[0.0,-6.31225,-6.27729]},"95o":{"weight":0.0,"played":[1.0,0.0,0.0],"evs":[0.0,-6.39879,-6.39977]},"T5o":{"weight":0.0,"played":[1.0,0.0,0.0],"evs":[0.0,-6.80983,-6.78054]},"J5o":{"weight":0.0,"played":[1.0,0.0,0.0],"evs":[0.0,-6.24644,-6.22577]},"Q5o":{"weight":0.0,"played":[1.0,0.0,0.0],"evs":[0.0,-6.56335,-6.56679]},"K5o":{"weight":0.0,"played":[1.0,0.0,0.0],"evs":[0.0,-6.34104,-6.25261]},"A5o":{"weight":0.0,"played":[0.9998,0.0,2.0E-4],"evs":[0.0,-5.28721,-5.21166]},"62s":{"weight":0.0,"played":[0.9998,1.0E-4,1.0E-4],"evs":[0.0,-5.33613,-5.27307]},"63s":{"weight":0.0,"played":[0.9999,0.0,1.0E-4],"evs":[0.0,-4.58467,-4.54376]},"64s":{"weight":0.0,"played":[1.0,0.0,0.0],"evs":[0.0,-3.69889,-3.64115]},"65s":{"weight":0.0,"played":[0.9994,3.0E-4,3.0E-4],"evs":[0.0,-2.84059,-2.76942]},"66":{"weight":1.0,"played":[0.9999,0.0,0.0],"evs":[0.0,-1.72417,-1.66571]},"76o":{"weight":0.0,"played":[1.0,0.0,0.0],"evs":[0.0,-4.83282,-4.84723]},"86o":{"weight":0.0,"played":[1.0,0.0,0.0],"evs":[0.0,-5.13045,-5.08586]},"96o":{"weight":0.0,"played":[1.0,0.0,0.0],"evs":[0.0,-5.75499,-5.73162]},"T6o":{"weight":0.0,"played":[1.0,0.0,0.0],"evs":[0.0,-6.05147,-5.98398]},"J6o":{"weight":0.0,"played":[1.0,0.0,0.0],"evs":[0.0,-6.20481,-6.13103]},"Q6o":{"weight":0.0,"played":[1.0,0.0,0.0],"evs":[0.0,-6.3526,-6.29028]},"K6o":{"weight":0.0,"played":[0.9999,0.0,0.0],"evs":[0.0,-5.61466,-5.53029]},"A6o":{"weight":0.0,"played":[1.0,0.0,0.0],"evs":[0.0,-5.71943,-5.69306]},"72s":{"weight":0.0,"played":[1.0,0.0,0.0],"evs":[0.0,-5.88318,-5.81775]},"73s":{"weight":0.0,"played":[1.0,0.0,0.0],"evs":[0.0,-5.08955,-5.03554]},"74s":{"weight":0.0,"played":[0.9997,1.0E-4,2.0E-4],"evs":[0.0,-4.53364,-4.53796]},"75s":{"weight":0.0,"played":[0.9999,0.0,0.0],"evs":[0.0,-3.62819,-3.61731]},"76s":{"weight":0.0038,"played":[0.9992,2.0E-4,6.0E-4],"evs":[0.0,-2.89684,-2.91448]},"77":{"weight":1.0,"played":[0.9993,2.0E-4,5.0E-4],"evs":[0.0,-1.29839,-1.33567]},"87o":{"weight":0.0,"played":[1.0,0.0,0.0],"evs":[0.0,-5.11422,-5.06213]},"97o":{"weight":0.0,"played":[1.0,0.0,0.0],"evs":[0.0,-5.04801,-5.03077]},"T7o":{"weight":0.0,"played":[1.0,0.0,0.0],"evs":[0.0,-5.80221,-5.79196]},"J7o":{"weight":0.0,"played":[1.0,0.0,0.0],"evs":[0.0,-5.97763,-5.94463]},"Q7o":{"weight":0.0,"played":[1.0,0.0,0.0],"evs":[0.0,-6.41876,-6.44499]},"K7o":{"weight":0.0,"played":[1.0,0.0,0.0],"evs":[0.0,-5.53776,-5.52511]},"A7o":{"weight":0.0,"played":[0.9999,0.0,1.0E-4],"evs":[0.0,-5.17077,-5.13383]},"82s":{"weight":0.0,"played":[1.0,0.0,0.0],"evs":[0.0,-4.86783,-4.88059]},"83s":{"weight":0.0,"played":[1.0,0.0,0.0],"evs":[0.0,-5.17097,-5.08849]},"84s":{"weight":0.0,"played":[0.9999,0.0,1.0E-4],"evs":[0.0,-4.54763,-4.51032]},"85s":{"weight":0.0,"played":[0.9998,0.0,2.0E-4],"evs":[0.0,-4.52027,-4.57283]},"86s":{"weight":0.0,"played":[1.0,0.0,0.0],"evs":[0.0,-3.04791,-2.91157]},"87s":{"weight":0.9996,"played":[0.9999,1.0E-4,0.0],"evs":[0.0,-3.10317,-3.12272]},"88":{"weight":0.9986,"played":[0.999,3.0E-4,7.0E-4],"evs":[0.0,-1.06952,-1.05261]},"98o":{"weight":0.0,"played":[1.0,0.0,0.0],"evs":[0.0,-4.55891,-4.50003]},"T8o":{"weight":0.0,"played":[1.0,0.0,0.0],"evs":[0.0,-5.26114,-5.22661]},"J8o":{"weight":0.0,"played":[0.9999,0.0,0.0],"evs":[0.0,-5.14263,-5.1238]},"Q8o":{"weight":0.0,"played":[0.9999,0.0,0.0],"evs":[0.0,-5.71937,-5.7231]},"K8o":{"weight":0.0,"played":[1.0,0.0,0.0],"evs":[0.0,-5.74488,-5.67951]},"A8o":{"weight":4.0E-4,"played":[1.0,0.0,0.0],"evs":[0.0,-4.82384,-4.79914]},"92s":{"weight":0.0,"played":[1.0,0.0,0.0],"evs":[0.0,-5.39846,-5.3195]},"93s":{"weight":0.0,"played":[1.0,0.0,0.0],"evs":[0.0,-5.50721,-5.48662]},"94s":{"weight":0.0,"played":[1.0,0.0,0.0],"evs":[0.0,-4.80944,-4.75047]},"95s":{"weight":0.0,"played":[0.9998,0.0,2.0E-4],"evs":[0.0,-5.21292,-5.21356]},"96s":{"weight":0.0,"played":[0.9999,0.0,0.0],"evs":[0.0,-4.49018,-4.42221]},"97s":{"weight":0.0,"played":[0.9986,1.0E-4,0.0013],"evs":[0.0,-3.58141,-3.49075]},"98s":{"weight":0.9997,"played":[0.9998,0.0,2.0E-4],"evs":[0.0,-3.58297,-3.5433]},"99":{"weight":0.9988,"played":[0.5141,0.059,0.4269],"evs":[0.0,-0.21598,-0.12068]},"T9o":{"weight":0.0,"played":[0.9999,1.0E-4,0.0],"evs":[0.0,-4.4037,-4.32697]},"J9o":{"weight":0.0,"played":[0.9998,0.0,2.0E-4],"evs":[0.0,-4.60427,-4.55055]},"Q9o":{"weight":0.0,"played":[1.0,0.0,0.0],"evs":[0.0,-5.55907,-5.53911]},"K9o":{"weight":0.0,"played":[0.9999,0.0,1.0E-4],"evs":[0.0,-5.61626,-5.58716]},"A9o":{"weight":1.0,"played":[0.9999,0.0,0.0],"evs":[0.0,-4.92159,-4.86195]},"T2s":{"weight":0.0,"played":[1.0,0.0,0.0],"evs":[0.0,-5.51692,-5.404]},"T3s":{"weight":0.0,"played":[0.9999,0.0,0.0],"evs":[0.0,-5.99752,-5.97878]},"T4s":{"weight":0.0,"played":[1.0,0.0,0.0],"evs":[0.0,-5.3046,-5.27738]},"T5s":{"weight":0.0,"played":[0.9996,3.0E-4,0.0],"evs":[0.0,-4.73924,-4.72157]},"T6s":{"weight":0.0,"played":[1.0,0.0,0.0],"evs":[0.0,-4.50348,-4.44734]},"T7s":{"weight":0.0,"played":[0.9994,1.0E-4,5.0E-4],"evs":[0.0,-3.91485,-3.95919]},"T8s":{"weight":0.9999,"played":[0.9999,0.0,1.0E-4],"evs":[0.0,-3.56631,-3.51791]},"T9s":{"weight":1.0,"played":[1.0,0.0,0.0],"evs":[0.0,-3.16071,-3.16664]},"TT":{"weight":1.0,"played":[0.0,0.5514,0.4486],"evs":[0.0,1.11987,1.17055]},"JTo":{"weight":0.0,"played":[0.9999,1.0E-4,0.0],"evs":[0.0,-4.11838,-4.08548]},"QTo":{"weight":0.0605,"played":[0.9998,2.0E-4,0.0],"evs":[0.0,-4.58261,-4.58129]},"KTo":{"weight":0.9453,"played":[0.9999,0.0,1.0E-4],"evs":[0.0,-4.55098,-4.54934]},"ATo":{"weight":1.0,"played":[0.9999,0.0,1.0E-4],"evs":[0.0,-4.38996,-4.38716]},"J2s":{"weight":0.0,"played":[1.0,0.0,0.0],"evs":[0.0,-5.00654,-4.95305]},"J3s":{"weight":0.0,"played":[1.0,0.0,0.0],"evs":[0.0,-4.88127,-4.83762]},"J4s":{"weight":0.0,"played":[1.0,0.0,0.0],"evs":[0.0,-4.46957,-4.38941]},"J5s":{"weight":0.0,"played":[0.9995,2.0E-4,3.0E-4],"evs":[0.0,-4.66644,-4.66995]},"J6s":{"weight":0.0,"played":[1.0,0.0,0.0],"evs":[0.0,-4.55605,-4.47421]},"J7s":{"weight":0.0,"played":[0.9999,0.0,0.0],"evs":[0.0,-4.76346,-4.73316]},"J8s":{"weight":0.6993,"played":[0.9999,0.0,1.0E-4],"evs":[0.0,-3.37969,-3.34097]},"J9s":{"weight":1.0,"played":[0.9999,0.0,1.0E-4],"evs":[0.0,-3.47751,-3.48473]},"JTs":{"weight":1.0,"played":[0.9999,0.0,1.0E-4],"evs":[0.0,-2.72422,-2.66601]},"JJ":{"weight":1.0,"played":[0.0,0.4963,0.5037],"evs":[0.0,2.35082,2.29928]},"QJo":{"weight":1.0,"played":[0.9999,0.0,1.0E-4],"evs":[0.0,-4.36004,-4.38063]},"KJo":{"weight":1.0,"played":[0.9999,1.0E-4,0.0],"evs":[0.0,-4.16515,-4.16958]},"AJo":{"weight":1.0,"played":[0.9999,0.0,1.0E-4],"evs":[0.0,-3.43571,-3.42225]},"Q2s":{"weight":0.0,"played":[1.0,0.0,0.0],"evs":[0.0,-5.64708,-5.62734]},"Q3s":{"weight":0.0,"played":[0.9997,0.0,3.0E-4],"evs":[0.0,-5.28865,-5.37116]},"Q4s":{"weight":0.0,"played":[0.9994,0.0,5.0E-4],"evs":[0.0,-4.81632,-4.72812]},"Q5s":{"weight":0.0,"played":[0.9998,1.0E-4,2.0E-4],"evs":[0.0,-4.96925,-4.95088]},"Q6s":{"weight":0.0,"played":[0.9997,0.0,2.0E-4],"evs":[0.0,-4.44492,-4.52813]},"Q7s":{"weight":0.0,"played":[0.9999,0.0,1.0E-4],"evs":[0.0,-5.60453,-5.58137]},"Q8s":{"weight":0.9709,"played":[0.9999,0.0,0.0],"evs":[0.0,-4.13794,-4.14511]},"Q9s":{"weight":1.0,"played":[1.0,0.0,0.0],"evs":[0.0,-3.78617,-3.76632]},"QTs":{"weight":1.0,"played":[0.9986,0.0,0.0014],"evs":[0.0,-3.2533,-3.23294]},"QJs":{"weight":1.0,"played":[0.9998,0.0,2.0E-4],"evs":[0.0,-2.80152,-2.84387]},"QQ":{"weight":1.0,"played":[0.0,0.6384,0.3616],"evs":[0.0,5.42333,5.39683]},"KQo":{"weight":1.0,"played":[0.9997,2.0E-4,1.0E-4],"evs":[0.0,-4.35004,-4.34687]},"AQo":{"weight":0.9981,"played":[0.9996,3.0E-4,1.0E-4],"evs":[0.0,-2.37438,-2.31655]},"K2s":{"weight":0.0,"played":[0.9999,0.0,1.0E-4],"evs":[0.0,-4.24543,-4.2446]},"K3s":{"weight":0.0,"played":[0.9999,0.0,1.0E-4],"evs":[0.0,-4.16756,-4.16442]},"K4s":{"weight":0.0,"played":[0.9997,1.0E-4,3.0E-4],"evs":[0.0,-3.97397,-3.91945]},"K5s":{"weight":0.0,"played":[0.9993,2.0E-4,4.0E-4],"evs":[0.0,-3.85525,-3.9113]},"K6s":{"weight":2.0E-4,"played":[0.9998,1.0E-4,1.0E-4],"evs":[0.0,-4.71675,-4.75504]},"K7s":{"weight":0.9982,"played":[1.0,0.0,0.0],"evs":[0.0,-4.05439,-4.11271]},"K8s":{"weight":1.0,"played":[0.9999,0.0,1.0E-4],"evs":[0.0,-3.81238,-3.81413]},"K9s":{"weight":1.0,"played":[0.9994,5.0E-4,1.0E-4],"evs":[0.0,-3.87436,-3.84658]},"KTs":{"weight":1.0,"played":[0.9998,1.0E-4,2.0E-4],"evs":[0.0,-2.45901,-2.41677]},"KJs":{"weight":0.9971,"played":[0.9991,4.0E-4,5.0E-4],"evs":[0.0,-2.32007,-2.37526]},"KQs":{"weight":1.0,"played":[0.9853,0.0067,0.008],"evs":[0.0,-2.28601,-2.27613]},"KK":{"weight":1.0,"played":[0.0,0.369,0.631],"evs":[0.0,10.72821,10.76177]},"AKo":{"weight":0.9989,"played":[0.0016,0.4596,0.5387],"evs":[0.0,1.74667,1.75465]},"A2s":{"weight":1.0,"played":[1.0,0.0,0.0],"evs":[0.0,-3.44636,-3.43152]},"A3s":{"weight":1.0,"played":[0.9998,1.0E-4,1.0E-4],"evs":[0.0,-3.45018,-3.41908]},"A4s":{"weight":1.0,"played":[0.9999,0.0,1.0E-4],"evs":[0.0,-3.38105,-3.38366]},"A5s":{"weight":1.0,"played":[0.9995,2.0E-4,3.0E-4],"evs":[0.0,-2.87646,-2.8719]},"A6s":{"weight":1.0,"played":[0.9998,1.0E-4,1.0E-4],"evs":[0.0,-3.95342,-4.00043]},"A7s":{"weight":1.0,"played":[0.9998,1.0E-4,1.0E-4],"evs":[0.0,-3.19783,-3.21153]},"A8s":{"weight":1.0,"played":[1.0,0.0,0.0],"evs":[0.0,-3.65645,-3.65722]},"A9s":{"weight":1.0,"played":[0.9999,0.0,1.0E-4],"evs":[0.0,-3.77211,-3.70101]},"ATs":{"weight":1.0,"played":[0.9982,7.0E-4,0.0012],"evs":[0.0,-3.02387,-3.04255]},"AJs":{"weight":1.0,"played":[0.9999,0.0,0.0],"evs":[0.0,-2.28558,-2.26983]},"AQs":{"weight":1.0,"played":[0.9855,0.0099,0.0045],"evs":[0.0,-0.63481,-0.63903]},"AKs":{"weight":1.0,"played":[1.0E-4,0.5375,0.4624],"evs":[0.0,2.90445,2.93943]},"AA":{"weight":1.0,"played":[0.0,0.5414,0.4586],"evs":[0.0,18.77061,18.79725]}}}