{"player":5,"street":0,"children":3,"sequence":[{"player":0,"type":"R","amount":200000,"street":0},{"player":1,"type":"F","amount":0,"street":0},{"player":2,"type":"C","amount":200000,"street":0},{"player":3,"type":"F","amount":0,"street":0},{"player":4,"type":"F","amount":0,"street":0}],"actions":[{"type":"F","amount":0},{"type":"C","amount":100000},{"type":"R","amount":2235000,"node":366}],"hands":{"22":{"weight":1.0,"played":[0.0,1.0,0.0],"evs":[0.0,0.77386,0.29091]},"32o":{"weight":1.0,"played":[1.0,0.0,0.0],"evs":[0.0,-0.09925,-1.5581]},"42o":{"weight":1.0,"played":[1.0,0.0,0.0],"evs":[0.0,-0.0821,-1.55543]},"52o":{"weight":1.0,"played":[1.0,0.0,0.0],"evs":[0.0,-0.04529,-1.35448]},"62o":{"weight":1.0,"played":[1.0,0.0,0.0],"evs":[0.0,-0.12983,-1.59951]},"72o":{"weight":1.0,"played":[1.0,0.0,0.0],"evs":[0.0,-0.20221,-1.73651]},"82o":{"weight":1.0,"played":[1.0,0.0,0.0],"evs":[0.0,-0.19552,-1.4905]},"92o":{"weight":1.0,"played":[1.0,0.0,0.0],"evs":[0.0,-0.18219,-1.41882]},"T2o":{"weight":1.0,"played":[1.0,0.0,0.0],"evs":[0.0,-0.19648,-1.35878]},"J2o":{"weight":1.0,"played":[1.0,0.0,0.0],"evs":[0.0,-0.22475,-1.41732]},"Q2o":{"weight":1.0,"played":[1.0,0.0,0.0],"evs":[0.0,-0.15075,-1.16225]},"K2o":{"weight":1.0,"played":[1.0,0.0,0.0],"evs":[0.0,-0.1116,-0.90979]},"A2o":{"weight":1.0,"played":[1.0,0.0,0.0],"evs":[0.0,-0.05267,-0.36637]},"32s":{"weight":1.0,"played":[0.04,0.96,0.0],"evs":[0.0,0.10023,-0.94917]},"33":{"weight":1.0,"played":[0.0,1.0,0.0],"evs":[0.0,0.78262,0.36327]},"43o":{"weight":1.0,"played":[0.6814,0.3186,0.0],"evs":[0.0,1.6E-4,-1.26364]},"53o":{"weight":1.0,"played":[0.0154,0.9846,0.0],"evs":[0.0,0.03293,-1.12408]},"63o":{"weight":1.0,"played":[0.9998,2.0E-4,0.0],"evs":[0.0,-0.0311,-1.32358]},"73o":{"weight":1.0,"played":[1.0,0.0,0.0],"evs":[0.0,-0.12656,-1.40698]},"83o":{"weight":1.0,"played":[1.0,0.0,0.0],"evs":[0.0,-0.1834,-1.467]},"93o":{"weight":1.0,"played":[1.0,0.0,0.0],"evs":[0.0,-0.15412,-1.31427]},"T3o":{"weight":1.0,"played":[1.0,0.0,0.0],"evs":[0.0,-0.16477,-1.30595]},"J3o":{"weight":1.0,"played":[1.0,0.0,0.0],"evs":[0.0,-0.20285,-1.27533]},"Q3o":{"weight":1.0,"played":[1.0,0.0,0.0],"evs":[0.0,-0.14668,-1.09805]},"K3o":{"weight":1.0,"played":[1.0,0.0,0.0],"evs":[0.0,-0.0922,-0.82302]},"A3o":{"weight":1.0,"played":[0.9507,0.0493,0.0],"evs":[0.0,-0.01854,-0.3102]},"42s":{"weight":1.0,"played":[3.0E-4,0.9997,0.0],"evs":[0.0,0.17722,-0.91996]},"43s":{"weight":1.0,"played":[4.0E-4,0.9996,0.0],"evs":[0.0,0.24897,-0.64462]},"44":{"weight":1.0,"played":[0.0,1.0,0.0],"evs":[0.0,0.8192,0.43013]},"54o":{"weight":1.0,"played":[0.0012,0.9988,0.0],"evs":[0.0,0.10867,-0.91927]},"64o":{"weight":1.0,"played":[0.0075,0.9925,0.0],"evs":[0.0,0.05159,-1.13579]},"74o":{"weight":1.0,"played":[1.0,0.0,0.0],"evs":[0.0,-0.05621,-1.17095]},"84o":{"weight":1.0,"played":[1.0,0.0,0.0],"evs":[0.0,-0.12903,-1.24362]},"94o":{"weight":1.0,"played":[1.0,0.0,0.0],"evs":[0.0,-0.15504,-1.41965]},"T4o":{"weight":1.0,"played":[1.0,0.0,0.0],"evs":[0.0,-0.16626,-1.28927]},"J4o":{"weight":1.0,"played":[1.0,0.0,0.0],"evs":[0.0,-0.18395,-1.27231]},"Q4o":{"weight":1.0,"played":[1.0,0.0,0.0],"evs":[0.0,-0.11147,-1.03297]},"K4o":{"weight":1.0,"played":[1.0,0.0,0.0],"evs":[0.0,-0.07425,-0.79301]},"A4o":{"weight":1.0,"played":[0.2868,0.7132,0.0],"evs":[0.0,0.0154,-0.2894]},"52s":{"weight":1.0,"played":[3.0E-4,0.9997,0.0],"evs":[0.0,0.19741,-0.76702]},"53s":{"weight":1.0,"played":[1.0E-4,0.9999,0.0],"evs":[0.0,0.3043,-0.51407]},"54s":{"weight":1.0,"played":[1.0E-4,0.9999,0.0],"evs":[0.0,0.3796,-0.28992]},"55":{"weight":1.0,"played":[0.0,0.9999,0.0],"evs":[0.0,0.8872,0.66998]},"65o":{"weight":1.0,"played":[8.0E-4,0.9992,0.0],"evs":[0.0,0.12373,-0.81215]},"75o":{"weight":1.0,"played":[0.0166,0.9834,0.0],"evs":[0.0,0.04482,-0.901]},"85o":{"weight":1.0,"played":[1.0,0.0,0.0],"evs":[0.0,-0.02195,-0.96645]},"95o":{"weight":1.0,"played":[1.0,0.0,0.0],"evs":[0.0,-0.09843,-1.122]},"T5o":{"weight":1.0,"played":[1.0,0.0,0.0],"evs":[0.0,-0.14042,-1.19124]},"J5o":{"weight":1.0,"played":[1.0,0.0,0.0],"evs":[0.0,-0.1739,-1.13057]},"Q5o":{"weight":1.0,"played":[1.0,0.0,0.0],"evs":[0.0,-0.10026,-0.92524]},"K5o":{"weight":1.0,"played":[1.0,0.0,0.0],"evs":[0.0,-0.05198,-0.67368]},"A5o":{"weight":1.0,"played":[0.0301,0.9699,0.0],"evs":[0.0,0.05389,-0.12625]},"62s":{"weight":1.0,"played":[0.0099,0.9901,0.0],"evs":[0.0,0.08099,-0.96489]},"63s":{"weight":1.0,"played":[0.0024,0.9976,0.0],"evs":[0.0,0.21551,-0.70952]},"64s":{"weight":1.0,"played":[4.0E-4,0.9996,0.0],"evs":[0.0,0.31916,-0.48425]},"65s":{"weight":1.0,"played":[0.0,1.0,0.0],"evs":[0.0,0.41686,-0.259]},"66":{"weight":1.0,"played":[0.0,0.8253,0.1747],"evs":[0.0,0.9433,0.90394]},"76o":{"weight":1.0,"played":[0.0048,0.9952,0.0],"evs":[0.0,0.11098,-0.68368]},"86o":{"weight":1.0,"played":[0.0044,0.9956,0.0],"evs":[0.0,0.05552,-0.72909]},"96o":{"weight":1.0,"played":[1.0,0.0,0.0],"evs":[0.0,-0.01821,-0.87315]},"T6o":{"weight":1.0,"played":[1.0,0.0,0.0],"evs":[0.0,-0.0755,-0.94089]},"J6o":{"weight":1.0,"played":[1.0,0.0,0.0],"evs":[0.0,-0.15718,-1.14213]},"Q6o":{"weight":1.0,"played":[1.0,0.0,0.0],"evs":[0.0,-0.08549,-0.8624]},"K6o":{"weight":1.0,"played":[1.0,0.0,0.0],"evs":[0.0,-0.02923,-0.59693]},"A6o":{"weight":1.0,"played":[0.9273,0.0727,0.0],"evs":[0.0,-0.01074,-0.31694]},"72s":{"weight":1.0,"played":[0.0229,0.9771,0.0],"evs":[0.0,0.04723,-0.9541]},"73s":{"weight":1.0,"played":[8.0E-4,0.9992,0.0],"evs":[0.0,0.10891,-0.73301]},"74s":{"weight":1.0,"played":[9.0E-4,0.9991,0.0],"evs":[0.0,0.22144,-0.52863]},"75s":{"weight":1.0,"played":[1.0E-4,0.9999,0.0],"evs":[0.0,0.32234,-0.21503]},"76s":{"weight":1.0,"played":[1.0E-4,0.9999,0.0],"evs":[0.0,0.38531,-0.03385]},"77":{"weight":1.0,"played":[0.0,0.0,1.0],"evs":[0.0,0.98269,1.35971]},"87o":{"weight":1.0,"played":[0.0085,0.9915,0.0],"evs":[0.0,0.08274,-0.44547]},"97o":{"weight":1.0,"played":[0.006,0.994,0.0],"evs":[0.0,0.07458,-0.56784]},"T7o":{"weight":1.0,"played":[0.4305,0.5695,0.0],"evs":[0.0,-0.00203,-0.67245]},"J7o":{"weight":1.0,"played":[1.0,0.0,0.0],"evs":[0.0,-0.11965,-0.8479]},"Q7o":{"weight":1.0,"played":[1.0,0.0,0.0],"evs":[0.0,-0.07256,-0.85307]},"K7o":{"weight":1.0,"played":[0.9992,8.0E-4,0.0],"evs":[0.0,-0.03229,-0.55425]},"A7o":{"weight":1.0,"played":[0.0219,0.9781,0.0],"evs":[0.0,0.03347,-0.18215]},"82s":{"weight":1.0,"played":[0.0331,0.9669,0.0],"evs":[0.0,0.0609,-0.83614]},"83s":{"weight":1.0,"played":[0.0043,0.9957,0.0],"evs":[0.0,0.0758,-0.8573]},"84s":{"weight":1.0,"played":[9.0E-4,0.9991,0.0],"evs":[0.0,0.15984,-0.65533]},"85s":{"weight":1.0,"played":[6.0E-4,0.9994,0.0],"evs":[0.0,0.27089,-0.31612]},"86s":{"weight":1.0,"played":[5.0E-4,0.9994,1.0E-4],"evs":[0.0,0.32452,-0.15388]},"87s":{"weight":1.0,"played":[1.0E-4,0.9999,0.0],"evs":[0.0,0.40361,0.20096]},"88":{"weight":1.0,"played":[0.0,0.0,1.0],"evs":[0.0,1.11123,2.12394]},"98o":{"weight":1.0,"played":[0.0015,0.9985,0.0],"evs":[0.0,0.10385,-0.3058]},"T8o":{"weight":1.0,"played":[0.0087,0.9913,0.0],"evs":[0.0,0.08828,-0.35733]},"J8o":{"weight":1.0,"played":[0.9987,0.0013,0.0],"evs":[0.0,-0.03562,-0.56126]},"Q8o":{"weight":1.0,"played":[1.0,0.0,0.0],"evs":[0.0,-0.02785,-0.52055]},"K8o":{"weight":1.0,"played":[0.3495,0.6505,0.0],"evs":[0.0,0.01529,-0.43317]},"A8o":{"weight":1.0,"played":[3.0E-4,0.9997,0.0],"evs":[0.0,0.08735,-0.0423]},"92s":{"weight":1.0,"played":[0.005,0.995,0.0],"evs":[0.0,0.05402,-0.73246]},"93s":{"weight":1.0,"played":[0.0195,0.9805,0.0],"evs":[0.0,0.03436,-0.78612]},"94s":{"weight":1.0,"played":[0.0161,0.9839,0.0],"evs":[0.0,0.10311,-0.69762]},"95s":{"weight":1.0,"played":[0.0013,0.9987,0.0],"evs":[0.0,0.19251,-0.40919]},"96s":{"weight":1.0,"played":[1.0E-4,0.9999,0.0],"evs":[0.0,0.28153,-0.23998]},"97s":{"weight":1.0,"played":[1.0E-4,0.9999,0.0],"evs":[0.0,0.35063,0.03137]},"98s":{"weight":1.0,"played":[8.0E-4,0.9989,3.0E-4],"evs":[0.0,0.44736,0.30831]},"99":{"weight":1.0,"played":[0.0,0.0,1.0],"evs":[0.0,1.26834,2.72302]},"T9o":{"weight":1.0,"played":[0.0019,0.9981,0.0],"evs":[0.0,0.11416,-0.12348]},"J9o":{"weight":1.0,"played":[0.0354,0.9646,0.0],"evs":[0.0,0.02082,-0.30235]},"Q9o":{"weight":1.0,"played":[0.0183,0.9817,0.0],"evs":[0.0,0.05783,-0.29217]},"K9o":{"weight":1.0,"played":[0.0022,0.9978,0.0],"evs":[0.0,0.08147,-0.1798]},"A9o":{"weight":1.0,"played":[2.0E-4,0.9998,0.0],"evs":[0.0,0.19018,0.02649]},"T2s":{"weight":1.0,"played":[0.062,0.938,0.0],"evs":[0.0,0.03511,-0.68677]},"T3s":{"weight":1.0,"played":[0.0053,0.9947,0.0],"evs":[0.0,0.09882,-0.64238]},"T4s":{"weight":1.0,"played":[0.0279,0.9721,0.0],"evs":[0.0,0.09968,-0.61981]},"T5s":{"weight":1.0,"played":[0.0071,0.9929,0.0],"evs":[0.0,0.13078,-0.55606]},"T6s":{"weight":1.0,"played":[4.0E-4,0.9996,0.0],"evs":[0.0,0.18192,-0.33864]},"T7s":{"weight":1.0,"played":[8.0E-4,0.9992,0.0],"evs":[0.0,0.30675,-0.06553]},"T8s":{"weight":1.0,"played":[4.0E-4,0.9979,0.0017],"evs":[0.0,0.38387,0.2877]},"T9s":{"weight":1.0,"played":[0.0,0.3835,0.6165],"evs":[0.0,0.46758,0.49194]},"TT":{"weight":1.0,"played":[0.0,0.0,1.0],"evs":[0.0,1.47453,3.34846]},"JTo":{"weight":1.0,"played":[0.0016,0.9984,0.0],"evs":[0.0,0.14549,-0.00979]},"QTo":{"weight":1.0,"played":[8.0E-4,0.9992,0.0],"evs":[0.0,0.15266,0.00651]},"KTo":{"weight":1.0,"played":[1.0E-4,0.9999,0.0],"evs":[0.0,0.22359,0.13503]},"ATo":{"weight":1.0,"played":[0.0,0.9677,0.0323],"evs":[0.0,0.43889,0.40475]},"J2s":{"weight":1.0,"played":[0.0733,0.9267,0.0],"evs":[0.0,0.03465,-0.73001]},"J3s":{"weight":1.0,"played":[0.0048,0.9952,0.0],"evs":[0.0,0.07142,-0.68282]},"J4s":{"weight":1.0,"played":[0.0219,0.9781,0.0],"evs":[0.0,0.113,-0.5967]},"J5s":{"weight":1.0,"played":[0.017,0.983,0.0],"evs":[0.0,0.11835,-0.47947]},"J6s":{"weight":1.0,"played":[6.0E-4,0.9994,0.0],"evs":[0.0,0.12132,-0.50473]},"J7s":{"weight":1.0,"played":[0.0012,0.9988,0.0],"evs":[0.0,0.17014,-0.2664]},"J8s":{"weight":1.0,"played":[2.0E-4,0.9998,0.0],"evs":[0.0,0.26527,0.08764]},"J9s":{"weight":1.0,"played":[1.0E-4,0.9093,0.0907],"evs":[0.0,0.37275,0.274]},"JTs":{"weight":1.0,"played":[0.0,0.006,0.994],"evs":[0.0,0.48311,0.62616]},"JJ":{"weight":1.0,"played":[0.0,0.0,1.0],"evs":[0.0,2.02742,4.03125]},"QJo":{"weight":1.0,"played":[0.0,1.0,0.0],"evs":[0.0,0.21552,-0.00604]},"KJo":{"weight":1.0,"played":[0.0,0.9998,1.0E-4],"evs":[0.0,0.38245,0.14514]},"AJo":{"weight":1.0,"played":[0.0,4.0E-4,0.9996],"evs":[0.0,0.75214,0.97628]},"Q2s":{"weight":1.0,"played":[0.0191,0.9809,0.0],"evs":[0.0,0.18303,-0.44803]},"Q3s":{"weight":1.0,"played":[0.0088,0.9912,0.0],"evs":[0.0,0.18542,-0.44254]},"Q4s":{"weight":1.0,"played":[0.0027,0.9973,0.0],"evs":[0.0,0.17038,-0.39448]},"Q5s":{"weight":1.0,"played":[0.001,0.999,0.0],"evs":[0.0,0.20604,-0.27634]},"Q6s":{"weight":1.0,"played":[1.0E-4,0.9999,0.0],"evs":[0.0,0.24662,-0.2185]},"Q7s":{"weight":1.0,"played":[8.0E-4,0.9992,0.0],"evs":[0.0,0.21231,-0.22743]},"Q8s":{"weight":1.0,"played":[1.0E-4,0.9999,0.0],"evs":[0.0,0.30688,0.05587]},"Q9s":{"weight":1.0,"played":[0.0,0.9824,0.0175],"evs":[0.0,0.35896,0.31168]},"QTs":{"weight":1.0,"played":[0.0,0.1284,0.8715],"evs":[0.0,0.5239,0.5719]},"QJs":{"weight":1.0,"played":[3.0E-4,0.7987,0.201],"evs":[0.0,0.55999,0.54793]},"QQ":{"weight":1.0,"played":[0.0,0.0,1.0],"evs":[0.0,2.9624,5.09501]},"KQo":{"weight":1.0,"played":[0.0,1.0,0.0],"evs":[0.0,0.76523,0.58058]},"AQo":{"weight":1.0,"played":[0.0,0.0,1.0],"evs":[0.0,1.20485,2.25552]},"K2s":{"weight":1.0,"played":[6.0E-4,0.9994,0.0],"evs":[0.0,0.19055,-0.28146]},"K3s":{"weight":1.0,"played":[2.0E-4,0.9998,0.0],"evs":[0.0,0.26561,-0.12389]},"K4s":{"weight":1.0,"played":[3.0E-4,0.9997,0.0],"evs":[0.0,0.2749,-0.16781]},"K5s":{"weight":1.0,"played":[0.0,1.0,0.0],"evs":[0.0,0.27546,-0.06815]},"K6s":{"weight":1.0,"played":[0.0,1.0,0.0],"evs":[0.0,0.28248,-0.05168]},"K7s":{"weight":1.0,"played":[0.0,0.9999,0.0],"evs":[0.0,0.30111,0.11207]},"K8s":{"weight":1.0,"played":[1.0E-4,0.9999,1.0E-4],"evs":[0.0,0.32366,0.17627]},"K9s":{"weight":1.0,"played":[1.0E-4,0.4846,0.5152],"evs":[0.0,0.47213,0.49387]},"KTs":{"weight":1.0,"played":[0.0,0.0181,0.9818],"evs":[0.0,0.59083,0.72371]},"KJs":{"weight":1.0,"played":[0.0,0.8148,0.1852],"evs":[0.0,0.8022,0.74791]},"KQs":{"weight":1.0,"played":[0.0,0.9141,0.0859],"evs":[0.0,1.13655,1.09585]},"KK":{"weight":1.0,"played":[0.0,0.0,1.0],"evs":[0.0,4.33263,6.43721]},"AKo":{"weight":1.0,"played":[0.0,0.0,1.0],"evs":[0.0,1.63731,3.4069]},"A2s":{"weight":1.0,"played":[0.0,1.0,0.0],"evs":[0.0,0.4314,0.3038]},"A3s":{"weight":1.0,"played":[1.0E-4,0.9996,4.0E-4],"evs":[0.0,0.46697,0.32488]},"A4s":{"weight":1.0,"played":[0.0,0.9998,2.0E-4],"evs":[0.0,0.50327,0.41049]},"A5s":{"weight":1.0,"played":[0.0,0.956,0.044],"evs":[0.0,0.55711,0.50683]},"A6s":{"weight":1.0,"played":[0.0,0.9997,3.0E-4],"evs":[0.0,0.48599,0.33225]},"A7s":{"weight":1.0,"played":[0.0,0.8596,0.1404],"evs":[0.0,0.47974,0.46893]},"A8s":{"weight":1.0,"played":[0.0,0.5723,0.4277],"evs":[0.0,0.53441,0.53493]},"A9s":{"weight":1.0,"played":[0.0,0.1832,0.8168],"evs":[0.0,0.63595,0.6696]},"ATs":{"weight":1.0,"played":[0.0,0.0146,0.9854],"evs":[0.0,0.8994,1.03603]},"AJs":{"weight":1.0,"played":[0.0,5.0E-4,0.9995],"evs":[0.0,1.29829,1.51431]},"AQs":{"weight":1.0,"played":[0.0,1.0E-4,0.9999],"evs":[0.0,1.75583,2.74113]},"AKs":{"weight":1.0,"played":[0.0,0.0,1.0],"evs":[0.0,2.17035,3.78418]},"AA":{"weight":1.0,"played":[0.0,0.0,1.0],"evs":[0.0,6.57463,8.21468]}}}