{"player":4,"street":0,"children":2,"sequence":[{"player":0,"type":"R","amount":200000,"street":0},{"player":1,"type":"F","amount":0,"street":0},{"player":2,"type":"C","amount":200000,"street":0},{"player":3,"type":"F","amount":0,"street":0},{"player":4,"type":"C","amount":150000,"street":0},{"player":5,"type":"R","amount":2235000,"street":0},{"player":0,"type":"F","amount":0,"street":0},{"player":2,"type":"C","amount":2035000,"street":0}],"actions":[{"type":"F","amount":0},{"type":"C","amount":885000}],"hands":{"22":{"weight":0.9998,"played":[0.9985,0.0015],"evs":[0.0,-0.73102]},"32o":{"weight":0.0,"played":[1.0,0.0],"evs":[0.0,-2.39932]},"42o":{"weight":0.0,"played":[1.0,0.0],"evs":[0.0,-1.99829]},"52o":{"weight":0.0,"played":[1.0,0.0],"evs":[0.0,-2.13468]},"62o":{"weight":0.0,"played":[1.0,0.0],"evs":[0.0,-2.20934]},"72o":{"weight":0.0,"played":[1.0,0.0],"evs":[0.0,-2.24571]},"82o":{"weight":0.0,"played":[0.9999,1.0E-4],"evs":[0.0,-2.29415]},"92o":{"weight":0.0,"played":[1.0,0.0],"evs":[0.0,-1.89646]},"T2o":{"weight":0.0,"played":[1.0,0.0],"evs":[0.0,-2.12071]},"J2o":{"weight":0.0,"played":[1.0,0.0],"evs":[0.0,-2.1696]},"Q2o":{"weight":0.0,"played":[1.0,0.0],"evs":[0.0,-2.01082]},"K2o":{"weight":0.0,"played":[1.0,0.0],"evs":[0.0,-1.6272]},"A2o":{"weight":0.0,"played":[1.0,0.0],"evs":[0.0,-2.30888]},"32s":{"weight":0.0,"played":[0.9973,0.0027],"evs":[0.0,-1.48148]},"33":{"weight":0.9996,"played":[0.9572,0.0428],"evs":[0.0,-0.60602]},"43o":{"weight":0.0,"played":[1.0,0.0],"evs":[0.0,-1.86449]},"53o":{"weight":0.0,"played":[0.9999,1.0E-4],"evs":[0.0,-1.52535]},"63o":{"weight":0.0,"played":[1.0,0.0],"evs":[0.0,-1.90687]},"73o":{"weight":0.0,"played":[1.0,0.0],"evs":[0.0,-2.01093]},"83o":{"weight":0.0,"played":[1.0,0.0],"evs":[0.0,-1.80257]},"93o":{"weight":0.0,"played":[0.9999,1.0E-4],"evs":[0.0,-1.75339]},"T3o":{"weight":0.0,"played":[1.0,0.0],"evs":[0.0,-2.21677]},"J3o":{"weight":0.0,"played":[1.0,0.0],"evs":[0.0,-2.00997]},"Q3o":{"weight":0.0,"played":[1.0,0.0],"evs":[0.0,-1.86106]},"K3o":{"weight":0.0,"played":[1.0,0.0],"evs":[0.0,-1.40252]},"A3o":{"weight":0.0,"played":[1.0,0.0],"evs":[0.0,-1.93393]},"42s":{"weight":0.0,"played":[0.9983,0.0017],"evs":[0.0,-1.00834]},"43s":{"weight":0.0,"played":[0.9989,0.0011],"evs":[0.0,-0.9146]},"44":{"weight":0.9997,"played":[0.9588,0.0412],"evs":[0.0,-0.05549]},"54o":{"weight":0.0,"played":[0.9998,2.0E-4],"evs":[0.0,-1.4419]},"64o":{"weight":0.0,"played":[0.9999,1.0E-4],"evs":[0.0,-1.18833]},"74o":{"weight":0.0,"played":[1.0,0.0],"evs":[0.0,-1.44455]},"84o":{"weight":0.0,"played":[1.0,0.0],"evs":[0.0,-1.36129]},"94o":{"weight":0.0,"played":[0.9998,2.0E-4],"evs":[0.0,-1.82171]},"T4o":{"weight":0.0,"played":[1.0,0.0],"evs":[0.0,-1.81549]},"J4o":{"weight":0.0,"played":[1.0,0.0],"evs":[0.0,-2.02514]},"Q4o":{"weight":0.0,"played":[1.0,0.0],"evs":[0.0,-1.63447]},"K4o":{"weight":0.0,"played":[1.0,0.0],"evs":[0.0,-1.44072]},"A4o":{"weight":0.0,"played":[0.9999,1.0E-4],"evs":[0.0,-2.08606]},"52s":{"weight":0.0,"played":[0.9881,0.0119],"evs":[0.0,-1.21702]},"53s":{"weight":0.0,"played":[0.9913,0.0087],"evs":[0.0,-0.91296]},"54s":{"weight":0.026,"played":[0.7389,0.2611],"evs":[0.0,-0.02657]},"55":{"weight":0.2757,"played":[0.0011,0.9989],"evs":[0.0,0.08372]},"65o":{"weight":0.0,"played":[1.0,0.0],"evs":[0.0,-1.03565]},"75o":{"weight":0.0,"played":[1.0,0.0],"evs":[0.0,-1.20484]},"85o":{"weight":0.0,"played":[0.9998,2.0E-4],"evs":[0.0,-1.15335]},"95o":{"weight":0.0,"played":[0.9999,1.0E-4],"evs":[0.0,-1.4331]},"T5o":{"weight":0.0,"played":[1.0,0.0],"evs":[0.0,-1.75094]},"J5o":{"weight":0.0,"played":[1.0,0.0],"evs":[0.0,-1.81803]},"Q5o":{"weight":0.0,"played":[0.9999,1.0E-4],"evs":[0.0,-1.47369]},"K5o":{"weight":0.0,"played":[0.9997,3.0E-4],"evs":[0.0,-1.14538]},"A5o":{"weight":0.0,"played":[1.0,0.0],"evs":[0.0,-1.56676]},"62s":{"weight":0.0,"played":[1.0,0.0],"evs":[0.0,-1.22173]},"63s":{"weight":0.0,"played":[0.997,0.003],"evs":[0.0,-0.77169]},"64s":{"weight":0.0018,"played":[0.9631,0.0369],"evs":[0.0,-0.37044]},"65s":{"weight":0.9941,"played":[0.2191,0.7809],"evs":[0.0,0.0192]},"66":{"weight":0.0,"played":[1.0E-4,0.9999],"evs":[0.0,0.56443]},"76o":{"weight":0.0,"played":[0.9986,0.0014],"evs":[0.0,-0.48989]},"86o":{"weight":0.0,"played":[0.9999,1.0E-4],"evs":[0.0,-0.78094]},"96o":{"weight":0.0,"played":[1.0,0.0],"evs":[0.0,-0.99665]},"T6o":{"weight":0.0,"played":[0.9999,1.0E-4],"evs":[0.0,-1.52491]},"J6o":{"weight":0.0,"played":[1.0,0.0],"evs":[0.0,-1.87389]},"Q6o":{"weight":0.0,"played":[0.9999,1.0E-4],"evs":[0.0,-1.39022]},"K6o":{"weight":0.0,"played":[0.9998,2.0E-4],"evs":[0.0,-0.76394]},"A6o":{"weight":0.0,"played":[1.0,0.0],"evs":[0.0,-1.82497]},"72s":{"weight":0.0,"played":[0.9988,0.0012],"evs":[0.0,-1.65014]},"73s":{"weight":0.0,"played":[0.9523,0.0477],"evs":[0.0,-1.10886]},"74s":{"weight":0.0,"played":[0.9956,0.0044],"evs":[0.0,-1.00123]},"75s":{"weight":0.0013,"played":[0.7749,0.2251],"evs":[0.0,-0.28669]},"76s":{"weight":0.9976,"played":[0.334,0.666],"evs":[0.0,0.14784]},"77":{"weight":0.0,"played":[0.0,1.0],"evs":[0.0,1.93651]},"87o":{"weight":0.0,"played":[0.8106,0.1894],"evs":[0.0,-0.26656]},"97o":{"weight":0.0,"played":[1.0,0.0],"evs":[0.0,-1.05848]},"T7o":{"weight":0.0,"played":[0.9999,1.0E-4],"evs":[0.0,-0.86735]},"J7o":{"weight":0.0,"played":[0.9996,4.0E-4],"evs":[0.0,-1.15814]},"Q7o":{"weight":0.0,"played":[0.9997,3.0E-4],"evs":[0.0,-1.10296]},"K7o":{"weight":0.0,"played":[0.9997,3.0E-4],"evs":[0.0,-0.65632]},"A7o":{"weight":0.0,"played":[1.0,0.0],"evs":[0.0,-1.58986]},"82s":{"weight":0.0,"played":[1.0,0.0],"evs":[0.0,-1.14169]},"83s":{"weight":0.0,"played":[1.0,0.0],"evs":[0.0,-1.09437]},"84s":{"weight":0.0,"played":[0.9688,0.0312],"evs":[0.0,-0.83839]},"85s":{"weight":0.0,"played":[0.0032,0.9968],"evs":[0.0,0.21787]},"86s":{"weight":0.2094,"played":[0.5689,0.4311],"evs":[0.0,0.08711]},"87s":{"weight":0.9975,"played":[0.0342,0.9658],"evs":[0.0,0.62129]},"88":{"weight":0.0,"played":[1.0E-4,0.9999],"evs":[0.0,2.52992]},"98o":{"weight":0.0,"played":[0.9532,0.0468],"evs":[0.0,-0.56383]},"T8o":{"weight":0.0,"played":[0.9943,0.0057],"evs":[0.0,-0.67076]},"J8o":{"weight":0.0,"played":[0.9989,0.0011],"evs":[0.0,-0.8691]},"Q8o":{"weight":0.0,"played":[0.9999,1.0E-4],"evs":[0.0,-0.92963]},"K8o":{"weight":0.0,"played":[1.0,0.0],"evs":[0.0,-0.42985]},"A8o":{"weight":0.0,"played":[0.9995,5.0E-4],"evs":[0.0,-1.35816]},"92s":{"weight":0.0,"played":[0.9895,0.0105],"evs":[0.0,-0.98829]},"93s":{"weight":0.0,"played":[0.9998,2.0E-4],"evs":[0.0,-0.46159]},"94s":{"weight":0.0,"played":[0.9998,2.0E-4],"evs":[0.0,-0.8171]},"95s":{"weight":0.0,"played":[0.9808,0.0192],"evs":[0.0,-0.49475]},"96s":{"weight":0.01,"played":[0.5084,0.4916],"evs":[0.0,-0.10182]},"97s":{"weight":0.082,"played":[0.9256,0.0744],"evs":[0.0,0.01011]},"98s":{"weight":0.9989,"played":[0.007,0.993],"evs":[0.0,0.43855]},"99":{"weight":0.0,"played":[0.0,1.0],"evs":[0.0,2.91573]},"T9o":{"weight":0.0,"played":[0.9712,0.0288],"evs":[0.0,-0.27628]},"J9o":{"weight":0.0,"played":[1.0,0.0],"evs":[0.0,-0.4322]},"Q9o":{"weight":0.0,"played":[0.9892,0.0108],"evs":[0.0,-0.52314]},"K9o":{"weight":0.0,"played":[0.9436,0.0564],"evs":[0.0,-0.34509]},"A9o":{"weight":0.9998,"played":[0.9995,5.0E-4],"evs":[0.0,-1.07981]},"T2s":{"weight":0.0,"played":[0.9985,0.0015],"evs":[0.0,-0.92861]},"T3s":{"weight":0.0,"played":[0.9999,1.0E-4],"evs":[0.0,-1.04414]},"T4s":{"weight":0.0,"played":[0.9992,8.0E-4],"evs":[0.0,-0.86093]},"T5s":{"weight":0.0,"played":[0.9132,0.0868],"evs":[0.0,-0.46371]},"T6s":{"weight":0.0,"played":[0.9812,0.0188],"evs":[0.0,-0.42336]},"T7s":{"weight":0.0,"played":[0.8251,0.1749],"evs":[0.0,0.00152]},"T8s":{"weight":0.9749,"played":[0.0167,0.9833],"evs":[0.0,0.30265]},"T9s":{"weight":0.9995,"played":[0.0014,0.9986],"evs":[0.0,0.59072]},"TT":{"weight":0.0,"played":[0.0,1.0],"evs":[0.0,3.61664]},"JTo":{"weight":3.0E-4,"played":[0.9125,0.0875],"evs":[0.0,-0.19974]},"QTo":{"weight":0.0,"played":[0.9999,1.0E-4],"evs":[0.0,-0.30078]},"KTo":{"weight":0.0073,"played":[0.2477,0.7523],"evs":[0.0,0.05616]},"ATo":{"weight":1.0E-4,"played":[0.9884,0.0116],"evs":[0.0,-0.62129]},"J2s":{"weight":0.0,"played":[0.9999,1.0E-4],"evs":[0.0,-1.37734]},"J3s":{"weight":0.0,"played":[0.9663,0.0337],"evs":[0.0,-1.31072]},"J4s":{"weight":0.0,"played":[0.9975,0.0025],"evs":[0.0,-0.74432]},"J5s":{"weight":0.0,"played":[0.9456,0.0544],"evs":[0.0,-0.73461]},"J6s":{"weight":0.0,"played":[0.9378,0.0622],"evs":[0.0,-0.67255]},"J7s":{"weight":0.0015,"played":[0.9766,0.0234],"evs":[0.0,-0.55828]},"J8s":{"weight":0.2597,"played":[0.3714,0.6286],"evs":[0.0,0.23437]},"J9s":{"weight":0.9998,"played":[5.0E-4,0.9995],"evs":[0.0,0.65268]},"JTs":{"weight":0.9999,"played":[0.0051,0.9949],"evs":[0.0,0.5248]},"JJ":{"weight":0.0,"played":[0.0,1.0],"evs":[0.0,4.79337]},"QJo":{"weight":0.8118,"played":[0.9957,0.0043],"evs":[0.0,-0.33111]},"KJo":{"weight":1.0,"played":[0.9111,0.0889],"evs":[0.0,-0.17644]},"AJo":{"weight":0.0,"played":[0.0082,0.9918],"evs":[0.0,0.14074]},"Q2s":{"weight":0.0,"played":[0.9873,0.0127],"evs":[0.0,-1.22761]},"Q3s":{"weight":0.0,"played":[0.999,0.001],"evs":[0.0,-0.56472]},"Q4s":{"weight":4.0E-4,"played":[0.9977,0.0023],"evs":[0.0,-0.99922]},"Q5s":{"weight":0.0,"played":[0.9888,0.0112],"evs":[0.0,-0.64053]},"Q6s":{"weight":0.0,"played":[0.9246,0.0754],"evs":[0.0,-0.19268]},"Q7s":{"weight":2.0E-4,"played":[0.9789,0.0211],"evs":[0.0,-0.79125]},"Q8s":{"weight":0.99,"played":[0.0124,0.9876],"evs":[0.0,0.50991]},"Q9s":{"weight":0.9999,"played":[0.0138,0.9862],"evs":[0.0,0.51148]},"QTs":{"weight":0.9999,"played":[0.0,1.0],"evs":[0.0,0.84339]},"QJs":{"weight":0.9999,"played":[0.0,1.0],"evs":[0.0,0.6435]},"QQ":{"weight":0.0,"played":[0.0,1.0],"evs":[0.0,6.24724]},"KQo":{"weight":0.7812,"played":[2.0E-4,0.9998],"evs":[0.0,0.53014]},"AQo":{"weight":0.0,"played":[0.0,1.0],"evs":[0.0,1.51357]},"K2s":{"weight":0.0,"played":[0.9503,0.0497],"evs":[0.0,-0.56608]},"K3s":{"weight":0.0026,"played":[1.0,0.0],"evs":[0.0,-0.81508]},"K4s":{"weight":0.0059,"played":[0.8461,0.1539],"evs":[0.0,-0.58844]},"K5s":{"weight":0.1108,"played":[0.9905,0.0095],"evs":[0.0,-0.29395]},"K6s":{"weight":0.7414,"played":[0.6701,0.3299],"evs":[0.0,-0.22437]},"K7s":{"weight":0.9989,"played":[0.3891,0.6109],"evs":[0.0,0.13398]},"K8s":{"weight":0.9976,"played":[0.5814,0.4186],"evs":[0.0,0.06071]},"K9s":{"weight":0.9999,"played":[1.0E-4,0.9999],"evs":[0.0,0.40027]},"KTs":{"weight":0.9999,"played":[0.0907,0.9093],"evs":[0.0,0.85221]},"KJs":{"weight":0.9814,"played":[5.0E-4,0.9995],"evs":[0.0,0.89021]},"KQs":{"weight":0.0,"played":[0.0087,0.9913],"evs":[0.0,1.00074]},"KK":{"weight":0.0,"played":[0.0,1.0],"evs":[0.0,8.17828]},"AKo":{"weight":0.0,"played":[0.0,1.0],"evs":[0.0,2.32279]},"A2s":{"weight":0.9998,"played":[0.9994,6.0E-4],"evs":[0.0,-1.24538]},"A3s":{"weight":0.9996,"played":[0.9991,9.0E-4],"evs":[0.0,-1.07596]},"A4s":{"weight":0.9991,"played":[0.9967,0.0033],"evs":[0.0,-0.76958]},"A5s":{"weight":0.9997,"played":[0.9999,1.0E-4],"evs":[0.0,-0.60414]},"A6s":{"weight":0.9983,"played":[0.9995,5.0E-4],"evs":[0.0,-0.84475]},"A7s":{"weight":0.9652,"played":[0.9902,0.0098],"evs":[0.0,-0.77214]},"A8s":{"weight":0.5679,"played":[0.9945,0.0055],"evs":[0.0,-0.20103]},"A9s":{"weight":3.0E-4,"played":[0.4196,0.5804],"evs":[0.0,0.06391]},"ATs":{"weight":0.0,"played":[0.3752,0.6248],"evs":[0.0,0.22326]},"AJs":{"weight":0.0,"played":[0.0014,0.9986],"evs":[0.0,1.09759]},"AQs":{"weight":0.0,"played":[2.0E-4,0.9998],"evs":[0.0,2.23592]},"AKs":{"weight":0.0,"played":[0.0,1.0],"evs":[0.0,2.74441]},"AA":{"weight":0.0,"played":[0.0,1.0],"evs":[0.0,10.53916]}}}