{"player":4,"street":0,"children":2,"sequence":[{"player":0,"type":"R","amount":200000,"street":0},{"player":1,"type":"F","amount":0,"street":0},{"player":2,"type":"C","amount":200000,"street":0},{"player":3,"type":"F","amount":0,"street":0},{"player":4,"type":"C","amount":150000,"street":0},{"player":5,"type":"R","amount":2235000,"street":0},{"player":0,"type":"C","amount":2035000,"street":0},{"player":2,"type":"F","amount":0,"street":0}],"actions":[{"type":"F","amount":0},{"type":"C","amount":885000}],"hands":{"22":{"weight":0.9998,"played":[0.9983,0.0017],"evs":[0.0,-0.50796]},"32o":{"weight":0.0,"played":[0.9988,0.0012],"evs":[0.0,-2.30653]},"42o":{"weight":0.0,"played":[1.0,0.0],"evs":[0.0,-1.71254]},"52o":{"weight":0.0,"played":[1.0,0.0],"evs":[0.0,-1.63115]},"62o":{"weight":0.0,"played":[1.0,0.0],"evs":[0.0,-2.20331]},"72o":{"weight":0.0,"played":[1.0,0.0],"evs":[0.0,-2.81045]},"82o":{"weight":0.0,"played":[1.0,0.0],"evs":[0.0,-1.91226]},"92o":{"weight":0.0,"played":[1.0,0.0],"evs":[0.0,-2.11663]},"T2o":{"weight":0.0,"played":[1.0,0.0],"evs":[0.0,-2.25189]},"J2o":{"weight":0.0,"played":[1.0,0.0],"evs":[0.0,-2.47161]},"Q2o":{"weight":0.0,"played":[1.0,0.0],"evs":[0.0,-2.02928]},"K2o":{"weight":0.0,"played":[0.9999,1.0E-4],"evs":[0.0,-1.26186]},"A2o":{"weight":0.0,"played":[0.9998,2.0E-4],"evs":[0.0,-2.29036]},"32s":{"weight":0.0,"played":[0.9976,0.0024],"evs":[0.0,-0.78937]},"33":{"weight":0.9996,"played":[0.8379,0.1621],"evs":[0.0,-0.49387]},"43o":{"weight":0.0,"played":[1.0,0.0],"evs":[0.0,-1.6851]},"53o":{"weight":0.0,"played":[1.0,0.0],"evs":[0.0,-1.6218]},"63o":{"weight":0.0,"played":[1.0,0.0],"evs":[0.0,-1.62361]},"73o":{"weight":0.0,"played":[0.9999,1.0E-4],"evs":[0.0,-2.31356]},"83o":{"weight":0.0,"played":[1.0,0.0],"evs":[0.0,-2.24247]},"93o":{"weight":0.0,"played":[1.0,0.0],"evs":[0.0,-1.97532]},"T3o":{"weight":0.0,"played":[1.0,0.0],"evs":[0.0,-1.85754]},"J3o":{"weight":0.0,"played":[0.9999,1.0E-4],"evs":[0.0,-2.25404]},"Q3o":{"weight":0.0,"played":[1.0,0.0],"evs":[0.0,-1.72994]},"K3o":{"weight":0.0,"played":[0.9998,2.0E-4],"evs":[0.0,-1.07155]},"A3o":{"weight":0.0,"played":[0.9999,1.0E-4],"evs":[0.0,-2.20449]},"42s":{"weight":0.0,"played":[0.9955,0.0045],"evs":[0.0,-1.167]},"43s":{"weight":0.0,"played":[0.9999,1.0E-4],"evs":[0.0,-0.5389]},"44":{"weight":0.9997,"played":[0.6847,0.3153],"evs":[0.0,0.00534]},"54o":{"weight":0.0,"played":[0.9997,3.0E-4],"evs":[0.0,-1.10795]},"64o":{"weight":0.0,"played":[1.0,0.0],"evs":[0.0,-1.57351]},"74o":{"weight":0.0,"played":[0.9994,6.0E-4],"evs":[0.0,-2.11164]},"84o":{"weight":0.0,"played":[1.0,0.0],"evs":[0.0,-2.0202]},"94o":{"weight":0.0,"played":[1.0,0.0],"evs":[0.0,-2.05674]},"T4o":{"weight":0.0,"played":[1.0,0.0],"evs":[0.0,-2.2131]},"J4o":{"weight":0.0,"played":[0.9999,1.0E-4],"evs":[0.0,-1.99822]},"Q4o":{"weight":0.0,"played":[0.9998,2.0E-4],"evs":[0.0,-1.85478]},"K4o":{"weight":0.0,"played":[0.9988,0.0012],"evs":[0.0,-1.56994]},"A4o":{"weight":0.0,"played":[1.0,0.0],"evs":[0.0,-1.72153]},"52s":{"weight":0.0,"played":[0.9993,7.0E-4],"evs":[0.0,-0.96973]},"53s":{"weight":0.0,"played":[0.2701,0.7299],"evs":[0.0,0.24245]},"54s":{"weight":0.026,"played":[0.6314,0.3686],"evs":[0.0,-0.02103]},"55":{"weight":0.2757,"played":[0.524,0.476],"evs":[0.0,0.24401]},"65o":{"weight":0.0,"played":[0.9988,0.0012],"evs":[0.0,-0.90129]},"75o":{"weight":0.0,"played":[0.9961,0.0039],"evs":[0.0,-1.3763]},"85o":{"weight":0.0,"played":[0.9981,0.0019],"evs":[0.0,-1.62942]},"95o":{"weight":0.0,"played":[1.0,0.0],"evs":[0.0,-1.51146]},"T5o":{"weight":0.0,"played":[0.9999,1.0E-4],"evs":[0.0,-1.88278]},"J5o":{"weight":0.0,"played":[1.0,0.0],"evs":[0.0,-1.68021]},"Q5o":{"weight":0.0,"played":[0.9999,1.0E-4],"evs":[0.0,-1.83673]},"K5o":{"weight":0.0,"played":[0.9985,0.0015],"evs":[0.0,-1.31443]},"A5o":{"weight":0.0,"played":[0.9993,7.0E-4],"evs":[0.0,-1.80391]},"62s":{"weight":0.0,"played":[0.9995,5.0E-4],"evs":[0.0,-1.21952]},"63s":{"weight":0.0,"played":[1.0,0.0],"evs":[0.0,-0.87614]},"64s":{"weight":0.0018,"played":[0.9928,0.0072],"evs":[0.0,-1.06552]},"65s":{"weight":0.9941,"played":[0.2985,0.7015],"evs":[0.0,-0.02098]},"66":{"weight":0.0,"played":[0.1591,0.8409],"evs":[0.0,0.23092]},"76o":{"weight":0.0,"played":[0.9998,2.0E-4],"evs":[0.0,-1.39255]},"86o":{"weight":0.0,"played":[1.0,0.0],"evs":[0.0,-1.09904]},"96o":{"weight":0.0,"played":[0.9998,2.0E-4],"evs":[0.0,-1.37359]},"T6o":{"weight":0.0,"played":[1.0,0.0],"evs":[0.0,-1.98072]},"J6o":{"weight":0.0,"played":[1.0,0.0],"evs":[0.0,-1.89542]},"Q6o":{"weight":0.0,"played":[0.9999,1.0E-4],"evs":[0.0,-1.65842]},"K6o":{"weight":0.0,"played":[0.995,0.005],"evs":[0.0,-1.17084]},"A6o":{"weight":0.0,"played":[0.9999,1.0E-4],"evs":[0.0,-2.2677]},"72s":{"weight":0.0,"played":[0.9757,0.0243],"evs":[0.0,-0.77556]},"73s":{"weight":0.0,"played":[0.9999,1.0E-4],"evs":[0.0,-1.12373]},"74s":{"weight":0.0,"played":[0.8647,0.1353],"evs":[0.0,-0.60346]},"75s":{"weight":0.0013,"played":[0.7398,0.2602],"evs":[0.0,-0.19247]},"76s":{"weight":0.9976,"played":[0.8378,0.1622],"evs":[0.0,-0.15009]},"77":{"weight":0.0,"played":[0.4552,0.5448],"evs":[0.0,0.00865]},"87o":{"weight":0.0,"played":[1.0,0.0],"evs":[0.0,-1.16141]},"97o":{"weight":0.0,"played":[0.9953,0.0047],"evs":[0.0,-1.13588]},"T7o":{"weight":0.0,"played":[0.9993,7.0E-4],"evs":[0.0,-1.54608]},"J7o":{"weight":0.0,"played":[1.0,0.0],"evs":[0.0,-1.20193]},"Q7o":{"weight":0.0,"played":[0.9995,5.0E-4],"evs":[0.0,-1.78467]},"K7o":{"weight":0.0,"played":[1.0,0.0],"evs":[0.0,-1.15738]},"A7o":{"weight":0.0,"played":[0.9998,2.0E-4],"evs":[0.0,-2.41701]},"82s":{"weight":0.0,"played":[0.9995,5.0E-4],"evs":[0.0,-1.45529]},"83s":{"weight":0.0,"played":[0.9922,0.0078],"evs":[0.0,-1.2892]},"84s":{"weight":0.0,"played":[0.9999,1.0E-4],"evs":[0.0,-1.03149]},"85s":{"weight":0.0,"played":[0.7858,0.2142],"evs":[0.0,-0.04413]},"86s":{"weight":0.2094,"played":[0.6111,0.3889],"evs":[0.0,0.05502]},"87s":{"weight":0.9975,"played":[0.2667,0.7333],"evs":[0.0,-0.02509]},"88":{"weight":0.0,"played":[0.0,1.0],"evs":[0.0,0.73816]},"98o":{"weight":0.0,"played":[0.9748,0.0252],"evs":[0.0,-1.26904]},"T8o":{"weight":0.0,"played":[0.9998,2.0E-4],"evs":[0.0,-1.10294]},"J8o":{"weight":0.0,"played":[0.9997,3.0E-4],"evs":[0.0,-1.02344]},"Q8o":{"weight":0.0,"played":[0.9997,3.0E-4],"evs":[0.0,-1.41586]},"K8o":{"weight":0.0,"played":[0.9991,9.0E-4],"evs":[0.0,-1.0621]},"A8o":{"weight":0.0,"played":[0.9987,0.0013],"evs":[0.0,-2.06414]},"92s":{"weight":0.0,"played":[0.9999,1.0E-4],"evs":[0.0,-0.96698]},"93s":{"weight":0.0,"played":[0.9999,1.0E-4],"evs":[0.0,-0.86802]},"94s":{"weight":0.0,"played":[1.0,0.0],"evs":[0.0,-1.15733]},"95s":{"weight":0.0,"played":[0.9984,0.0016],"evs":[0.0,-0.87299]},"96s":{"weight":0.01,"played":[0.9715,0.0285],"evs":[0.0,-0.51684]},"97s":{"weight":0.082,"played":[0.9147,0.0853],"evs":[0.0,-0.12576]},"98s":{"weight":0.9989,"played":[0.2452,0.7548],"evs":[0.0,0.06343]},"99":{"weight":0.0,"played":[0.0,1.0],"evs":[0.0,1.86419]},"T9o":{"weight":0.0,"played":[0.9983,0.0017],"evs":[0.0,-0.97336]},"J9o":{"weight":0.0,"played":[0.9649,0.0351],"evs":[0.0,-0.91007]},"Q9o":{"weight":0.0,"played":[0.9942,0.0058],"evs":[0.0,-1.0152]},"K9o":{"weight":0.0,"played":[0.9925,0.0075],"evs":[0.0,-0.54903]},"A9o":{"weight":0.9998,"played":[1.0,0.0],"evs":[0.0,-1.87416]},"T2s":{"weight":0.0,"played":[0.9999,1.0E-4],"evs":[0.0,-1.6431]},"T3s":{"weight":0.0,"played":[0.979,0.021],"evs":[0.0,-1.22851]},"T4s":{"weight":0.0,"played":[0.984,0.016],"evs":[0.0,-1.84364]},"T5s":{"weight":0.0,"played":[0.9998,2.0E-4],"evs":[0.0,-1.23189]},"T6s":{"weight":0.0,"played":[0.9998,2.0E-4],"evs":[0.0,-0.84009]},"T7s":{"weight":0.0,"played":[0.9931,0.0069],"evs":[0.0,-0.79657]},"T8s":{"weight":0.9749,"played":[0.9314,0.0686],"evs":[0.0,-0.52983]},"T9s":{"weight":0.9995,"played":[0.4621,0.5379],"evs":[0.0,0.27023]},"TT":{"weight":0.0,"played":[0.0,1.0],"evs":[0.0,3.004]},"JTo":{"weight":3.0E-4,"played":[0.9901,0.0099],"evs":[0.0,-0.59238]},"QTo":{"weight":0.0,"played":[0.9897,0.0103],"evs":[0.0,-0.6546]},"KTo":{"weight":0.0073,"played":[0.999,0.001],"evs":[0.0,-0.52176]},"ATo":{"weight":1.0E-4,"played":[0.9882,0.0118],"evs":[0.0,-1.06623]},"J2s":{"weight":0.0,"played":[0.9991,9.0E-4],"evs":[0.0,-0.76786]},"J3s":{"weight":0.0,"played":[0.9996,4.0E-4],"evs":[0.0,-0.86242]},"J4s":{"weight":0.0,"played":[0.9996,4.0E-4],"evs":[0.0,-1.26344]},"J5s":{"weight":0.0,"played":[0.9919,0.0081],"evs":[0.0,-0.58374]},"J6s":{"weight":0.0,"played":[0.9852,0.0148],"evs":[0.0,-1.42634]},"J7s":{"weight":0.0015,"played":[0.9614,0.0386],"evs":[0.0,-0.47372]},"J8s":{"weight":0.2597,"played":[0.7219,0.2781],"evs":[0.0,-0.10524]},"J9s":{"weight":0.9998,"played":[0.9947,0.0053],"evs":[0.0,-0.00198]},"JTs":{"weight":0.9999,"played":[0.5785,0.4215],"evs":[0.0,-0.03794]},"JJ":{"weight":0.0,"played":[0.0,1.0],"evs":[0.0,4.32177]},"QJo":{"weight":0.8118,"played":[0.9949,0.0051],"evs":[0.0,-0.51363]},"KJo":{"weight":1.0,"played":[0.9853,0.0147],"evs":[0.0,-0.07692]},"AJo":{"weight":0.0,"played":[0.9728,0.0272],"evs":[0.0,-0.52333]},"Q2s":{"weight":0.0,"played":[0.9765,0.0235],"evs":[0.0,-0.43136]},"Q3s":{"weight":0.0,"played":[1.0,0.0],"evs":[0.0,-1.14672]},"Q4s":{"weight":4.0E-4,"played":[0.9973,0.0027],"evs":[0.0,-0.97862]},"Q5s":{"weight":0.0,"played":[0.9982,0.0018],"evs":[0.0,-0.80785]},"Q6s":{"weight":0.0,"played":[0.2838,0.7162],"evs":[0.0,-0.35802]},"Q7s":{"weight":2.0E-4,"played":[0.9998,2.0E-4],"evs":[0.0,-0.96549]},"Q8s":{"weight":0.99,"played":[0.989,0.011],"evs":[0.0,-0.34743]},"Q9s":{"weight":0.9999,"played":[0.6215,0.3785],"evs":[0.0,0.06422]},"QTs":{"weight":0.9999,"played":[0.0064,0.9936],"evs":[0.0,0.55719]},"QJs":{"weight":0.9999,"played":[0.136,0.864],"evs":[0.0,0.59852]},"QQ":{"weight":0.0,"played":[0.0,1.0],"evs":[0.0,6.03958]},"KQo":{"weight":0.7812,"played":[0.3213,0.6787],"evs":[0.0,0.09841]},"AQo":{"weight":0.0,"played":[2.0E-4,0.9998],"evs":[0.0,0.33252]},"K2s":{"weight":0.0,"played":[0.9772,0.0228],"evs":[0.0,-0.18008]},"K3s":{"weight":0.0026,"played":[0.9983,0.0017],"evs":[0.0,-0.00749]},"K4s":{"weight":0.0059,"played":[0.8285,0.1715],"evs":[0.0,-0.0424]},"K5s":{"weight":0.1108,"played":[0.999,0.001],"evs":[0.0,-0.61756]},"K6s":{"weight":0.7414,"played":[0.3507,0.6493],"evs":[0.0,0.22078]},"K7s":{"weight":0.9989,"played":[0.774,0.226],"evs":[0.0,-0.06547]},"K8s":{"weight":0.9976,"played":[0.3663,0.6337],"evs":[0.0,0.02857]},"K9s":{"weight":0.9999,"played":[0.1754,0.8246],"evs":[0.0,0.01255]},"KTs":{"weight":0.9999,"played":[0.091,0.909],"evs":[0.0,0.81512]},"KJs":{"weight":0.9814,"played":[0.0163,0.9837],"evs":[0.0,0.1294]},"KQs":{"weight":0.0,"played":[0.002,0.998],"evs":[0.0,1.08626]},"KK":{"weight":0.0,"played":[0.0,1.0],"evs":[0.0,7.96044]},"AKo":{"weight":0.0,"played":[0.0,1.0],"evs":[0.0,2.08094]},"A2s":{"weight":0.9998,"played":[0.9669,0.0331],"evs":[0.0,-1.24274]},"A3s":{"weight":0.9996,"played":[0.9997,3.0E-4],"evs":[0.0,-0.77025]},"A4s":{"weight":0.9991,"played":[0.9988,0.0012],"evs":[0.0,-0.32302]},"A5s":{"weight":0.9997,"played":[0.9983,0.0017],"evs":[0.0,-0.82038]},"A6s":{"weight":0.9983,"played":[0.8719,0.1281],"evs":[0.0,-0.77399]},"A7s":{"weight":0.9652,"played":[0.9956,0.0044],"evs":[0.0,-1.0397]},"A8s":{"weight":0.5679,"played":[0.999,0.001],"evs":[0.0,-1.50063]},"A9s":{"weight":3.0E-4,"played":[0.871,0.129],"evs":[0.0,-0.46956]},"ATs":{"weight":0.0,"played":[0.5846,0.4154],"evs":[0.0,-0.56544]},"AJs":{"weight":0.0,"played":[0.2564,0.7436],"evs":[0.0,0.25534]},"AQs":{"weight":0.0,"played":[0.0133,0.9867],"evs":[0.0,1.66751]},"AKs":{"weight":0.0,"played":[0.0053,0.9947],"evs":[0.0,2.79584]},"AA":{"weight":0.0,"played":[0.0,1.0],"evs":[0.0,10.33339]}}}