{"player":4,"street":0,"children":2,"sequence":[{"player":0,"type":"R","amount":200000,"street":0},{"player":1,"type":"F","amount":0,"street":0},{"player":2,"type":"C","amount":200000,"street":0},{"player":3,"type":"F","amount":0,"street":0},{"player":4,"type":"C","amount":150000,"street":0},{"player":5,"type":"R","amount":2235000,"street":0},{"player":0,"type":"R","amount":2585000,"street":0},{"player":2,"type":"F","amount":0,"street":0}],"actions":[{"type":"F","amount":0},{"type":"C","amount":885000}],"hands":{"22":{"weight":0.9998,"played":[0.753,0.247],"evs":[0.0,-0.27975]},"32o":{"weight":0.0,"played":[1.0,0.0],"evs":[0.0,-2.15323]},"42o":{"weight":0.0,"played":[1.0,0.0],"evs":[0.0,-2.34726]},"52o":{"weight":0.0,"played":[1.0,0.0],"evs":[0.0,-1.87722]},"62o":{"weight":0.0,"played":[0.9999,1.0E-4],"evs":[0.0,-2.2886]},"72o":{"weight":0.0,"played":[0.9999,1.0E-4],"evs":[0.0,-2.17748]},"82o":{"weight":0.0,"played":[0.9998,2.0E-4],"evs":[0.0,-2.38164]},"92o":{"weight":0.0,"played":[0.9999,1.0E-4],"evs":[0.0,-2.22829]},"T2o":{"weight":0.0,"played":[0.9998,2.0E-4],"evs":[0.0,-2.45093]},"J2o":{"weight":0.0,"played":[1.0,0.0],"evs":[0.0,-2.51885]},"Q2o":{"weight":0.0,"played":[1.0,0.0],"evs":[0.0,-1.83348]},"K2o":{"weight":0.0,"played":[1.0,0.0],"evs":[0.0,-2.10168]},"A2o":{"weight":0.0,"played":[1.0,0.0],"evs":[0.0,-2.3413]},"32s":{"weight":0.0,"played":[0.9963,0.0037],"evs":[0.0,-1.24974]},"33":{"weight":0.9996,"played":[0.6812,0.3188],"evs":[0.0,-0.14418]},"43o":{"weight":0.0,"played":[1.0,0.0],"evs":[0.0,-1.39399]},"53o":{"weight":0.0,"played":[1.0,0.0],"evs":[0.0,-1.55048]},"63o":{"weight":0.0,"played":[0.9996,4.0E-4],"evs":[0.0,-1.71209]},"73o":{"weight":0.0,"played":[1.0,0.0],"evs":[0.0,-2.33024]},"83o":{"weight":0.0,"played":[1.0,0.0],"evs":[0.0,-2.18246]},"93o":{"weight":0.0,"played":[1.0,0.0],"evs":[0.0,-2.31852]},"T3o":{"weight":0.0,"played":[1.0,0.0],"evs":[0.0,-1.93853]},"J3o":{"weight":0.0,"played":[0.9996,4.0E-4],"evs":[0.0,-2.43019]},"Q3o":{"weight":0.0,"played":[1.0,0.0],"evs":[0.0,-1.80454]},"K3o":{"weight":0.0,"played":[0.9999,1.0E-4],"evs":[0.0,-1.98657]},"A3o":{"weight":0.0,"played":[0.999,0.001],"evs":[0.0,-2.31788]},"42s":{"weight":0.0,"played":[0.9941,0.0059],"evs":[0.0,-1.08504]},"43s":{"weight":0.0,"played":[0.987,0.013],"evs":[0.0,-0.31451]},"44":{"weight":0.9997,"played":[0.993,0.007],"evs":[0.0,-0.27374]},"54o":{"weight":0.0,"played":[0.9999,1.0E-4],"evs":[0.0,-1.38364]},"64o":{"weight":0.0,"played":[0.9997,3.0E-4],"evs":[0.0,-1.54583]},"74o":{"weight":0.0,"played":[0.9976,0.0024],"evs":[0.0,-1.65785]},"84o":{"weight":0.0,"played":[1.0,0.0],"evs":[0.0,-1.63185]},"94o":{"weight":0.0,"played":[0.9992,8.0E-4],"evs":[0.0,-2.03558]},"T4o":{"weight":0.0,"played":[1.0,0.0],"evs":[0.0,-1.89642]},"J4o":{"weight":0.0,"played":[1.0,0.0],"evs":[0.0,-2.04424]},"Q4o":{"weight":0.0,"played":[1.0,0.0],"evs":[0.0,-1.95874]},"K4o":{"weight":0.0,"played":[0.9999,1.0E-4],"evs":[0.0,-1.81683]},"A4o":{"weight":0.0,"played":[1.0,0.0],"evs":[0.0,-1.88477]},"52s":{"weight":0.0,"played":[0.9922,0.0078],"evs":[0.0,-1.25083]},"53s":{"weight":0.0,"played":[0.9923,0.0077],"evs":[0.0,-0.97116]},"54s":{"weight":0.026,"played":[0.4127,0.5873],"evs":[0.0,-0.10754]},"55":{"weight":0.2757,"played":[0.6664,0.3336],"evs":[0.0,-0.5369]},"65o":{"weight":0.0,"played":[0.998,0.002],"evs":[0.0,-1.03411]},"75o":{"weight":0.0,"played":[0.9998,2.0E-4],"evs":[0.0,-1.53875]},"85o":{"weight":0.0,"played":[0.9999,1.0E-4],"evs":[0.0,-1.52392]},"95o":{"weight":0.0,"played":[1.0,0.0],"evs":[0.0,-1.84222]},"T5o":{"weight":0.0,"played":[0.9999,1.0E-4],"evs":[0.0,-2.29549]},"J5o":{"weight":0.0,"played":[0.9984,0.0016],"evs":[0.0,-2.47191]},"Q5o":{"weight":0.0,"played":[1.0,0.0],"evs":[0.0,-1.86709]},"K5o":{"weight":0.0,"played":[0.9992,8.0E-4],"evs":[0.0,-1.60669]},"A5o":{"weight":0.0,"played":[0.9998,2.0E-4],"evs":[0.0,-2.12449]},"62s":{"weight":0.0,"played":[0.9667,0.0333],"evs":[0.0,-1.32631]},"63s":{"weight":0.0,"played":[0.9998,2.0E-4],"evs":[0.0,-1.1387]},"64s":{"weight":0.0018,"played":[0.9928,0.0072],"evs":[0.0,-0.67017]},"65s":{"weight":0.9941,"played":[0.8337,0.1663],"evs":[0.0,-0.31385]},"66":{"weight":0.0,"played":[0.0537,0.9463],"evs":[0.0,0.61361]},"76o":{"weight":0.0,"played":[0.9976,0.0024],"evs":[0.0,-0.69994]},"86o":{"weight":0.0,"played":[0.9944,0.0056],"evs":[0.0,-1.18431]},"96o":{"weight":0.0,"played":[0.9999,1.0E-4],"evs":[0.0,-1.67324]},"T6o":{"weight":0.0,"played":[0.9993,7.0E-4],"evs":[0.0,-1.94096]},"J6o":{"weight":0.0,"played":[1.0,0.0],"evs":[0.0,-2.2534]},"Q6o":{"weight":0.0,"played":[0.9999,1.0E-4],"evs":[0.0,-1.95386]},"K6o":{"weight":0.0,"played":[0.9992,8.0E-4],"evs":[0.0,-1.78033]},"A6o":{"weight":0.0,"played":[0.9996,4.0E-4],"evs":[0.0,-2.56882]},"72s":{"weight":0.0,"played":[0.9994,6.0E-4],"evs":[0.0,-1.29204]},"73s":{"weight":0.0,"played":[0.9663,0.0337],"evs":[0.0,-0.92695]},"74s":{"weight":0.0,"played":[0.8915,0.1085],"evs":[0.0,-0.05242]},"75s":{"weight":0.0013,"played":[0.9947,0.0053],"evs":[0.0,-0.81751]},"76s":{"weight":0.9976,"played":[0.6745,0.3255],"evs":[0.0,-0.33026]},"77":{"weight":0.0,"played":[6.0E-4,0.9994],"evs":[0.0,0.68031]},"87o":{"weight":0.0,"played":[0.9967,0.0033],"evs":[0.0,-0.85576]},"97o":{"weight":0.0,"played":[0.9945,0.0055],"evs":[0.0,-1.15339]},"T7o":{"weight":0.0,"played":[0.9997,3.0E-4],"evs":[0.0,-1.45084]},"J7o":{"weight":0.0,"played":[1.0,0.0],"evs":[0.0,-1.49816]},"Q7o":{"weight":0.0,"played":[1.0,0.0],"evs":[0.0,-1.41266]},"K7o":{"weight":0.0,"played":[1.0,0.0],"evs":[0.0,-1.1674]},"A7o":{"weight":0.0,"played":[0.9996,4.0E-4],"evs":[0.0,-1.65609]},"82s":{"weight":0.0,"played":[0.9993,7.0E-4],"evs":[0.0,-1.32794]},"83s":{"weight":0.0,"played":[0.9989,0.0011],"evs":[0.0,-1.0888]},"84s":{"weight":0.0,"played":[0.9993,7.0E-4],"evs":[0.0,-0.96922]},"85s":{"weight":0.0,"played":[0.9998,2.0E-4],"evs":[0.0,-1.02182]},"86s":{"weight":0.2094,"played":[0.3433,0.6567],"evs":[0.0,0.25389]},"87s":{"weight":0.9975,"played":[0.8863,0.1137],"evs":[0.0,-0.39416]},"88":{"weight":0.0,"played":[0.0,1.0],"evs":[0.0,1.2367]},"98o":{"weight":0.0,"played":[0.9991,9.0E-4],"evs":[0.0,-1.02557]},"T8o":{"weight":0.0,"played":[0.9967,0.0033],"evs":[0.0,-1.45342]},"J8o":{"weight":0.0,"played":[0.9986,0.0014],"evs":[0.0,-1.4692]},"Q8o":{"weight":0.0,"played":[0.9999,1.0E-4],"evs":[0.0,-1.1092]},"K8o":{"weight":0.0,"played":[0.998,0.002],"evs":[0.0,-1.2551]},"A8o":{"weight":0.0,"played":[0.9998,2.0E-4],"evs":[0.0,-1.71612]},"92s":{"weight":0.0,"played":[0.9749,0.0251],"evs":[0.0,-1.42612]},"93s":{"weight":0.0,"played":[0.9966,0.0034],"evs":[0.0,-0.945]},"94s":{"weight":0.0,"played":[0.9773,0.0227],"evs":[0.0,-0.75707]},"95s":{"weight":0.0,"played":[0.999,0.001],"evs":[0.0,-0.74474]},"96s":{"weight":0.01,"played":[0.1687,0.8313],"evs":[0.0,0.12962]},"97s":{"weight":0.082,"played":[0.3591,0.6409],"evs":[0.0,-0.05023]},"98s":{"weight":0.9989,"played":[0.7049,0.2951],"evs":[0.0,0.02616]},"99":{"weight":0.0,"played":[0.0,1.0],"evs":[0.0,1.55232]},"T9o":{"weight":0.0,"played":[1.0,0.0],"evs":[0.0,-0.76585]},"J9o":{"weight":0.0,"played":[0.9998,2.0E-4],"evs":[0.0,-1.1903]},"Q9o":{"weight":0.0,"played":[0.9959,0.0041],"evs":[0.0,-0.71001]},"K9o":{"weight":0.0,"played":[0.9981,0.0019],"evs":[0.0,-1.11644]},"A9o":{"weight":0.9998,"played":[0.9993,7.0E-4],"evs":[0.0,-1.74051]},"T2s":{"weight":0.0,"played":[0.9985,0.0015],"evs":[0.0,-1.28419]},"T3s":{"weight":0.0,"played":[1.0,0.0],"evs":[0.0,-1.59539]},"T4s":{"weight":0.0,"played":[0.9989,0.0011],"evs":[0.0,-0.82769]},"T5s":{"weight":0.0,"played":[0.8488,0.1512],"evs":[0.0,-0.46969]},"T6s":{"weight":0.0,"played":[0.9996,4.0E-4],"evs":[0.0,-1.45168]},"T7s":{"weight":0.0,"played":[0.8743,0.1257],"evs":[0.0,-0.75986]},"T8s":{"weight":0.9749,"played":[0.9659,0.0341],"evs":[0.0,-0.63059]},"T9s":{"weight":0.9995,"played":[0.5523,0.4477],"evs":[0.0,-0.24158]},"TT":{"weight":0.0,"played":[0.0,1.0],"evs":[0.0,2.25778]},"JTo":{"weight":3.0E-4,"played":[1.0,0.0],"evs":[0.0,-0.56474]},"QTo":{"weight":0.0,"played":[0.9998,2.0E-4],"evs":[0.0,-1.07951]},"KTo":{"weight":0.0073,"played":[0.994,0.006],"evs":[0.0,-0.95552]},"ATo":{"weight":1.0E-4,"played":[0.989,0.011],"evs":[0.0,-1.39644]},"J2s":{"weight":0.0,"played":[0.9965,0.0035],"evs":[0.0,-1.98843]},"J3s":{"weight":0.0,"played":[0.9703,0.0297],"evs":[0.0,-1.71356]},"J4s":{"weight":0.0,"played":[0.9932,0.0068],"evs":[0.0,-1.20903]},"J5s":{"weight":0.0,"played":[0.9983,0.0017],"evs":[0.0,-1.11102]},"J6s":{"weight":0.0,"played":[0.9978,0.0022],"evs":[0.0,-1.41423]},"J7s":{"weight":0.0015,"played":[0.9217,0.0783],"evs":[0.0,-0.67436]},"J8s":{"weight":0.2597,"played":[0.9232,0.0768],"evs":[0.0,-0.12678]},"J9s":{"weight":0.9998,"played":[0.796,0.204],"evs":[0.0,-0.029]},"JTs":{"weight":0.9999,"played":[0.3877,0.6123],"evs":[0.0,-0.17872]},"JJ":{"weight":0.0,"played":[0.0,1.0],"evs":[0.0,3.62338]},"QJo":{"weight":0.8118,"played":[0.9859,0.0141],"evs":[0.0,-1.05136]},"KJo":{"weight":1.0,"played":[0.986,0.014],"evs":[0.0,-0.90667]},"AJo":{"weight":0.0,"played":[0.9969,0.0031],"evs":[0.0,-0.48981]},"Q2s":{"weight":0.0,"played":[0.9936,0.0064],"evs":[0.0,-0.99113]},"Q3s":{"weight":0.0,"played":[0.8794,0.1206],"evs":[0.0,-1.11287]},"Q4s":{"weight":4.0E-4,"played":[0.8544,0.1456],"evs":[0.0,-0.61514]},"Q5s":{"weight":0.0,"played":[0.9734,0.0266],"evs":[0.0,-0.69046]},"Q6s":{"weight":0.0,"played":[0.988,0.012],"evs":[0.0,-1.29214]},"Q7s":{"weight":2.0E-4,"played":[0.9987,0.0013],"evs":[0.0,-0.81296]},"Q8s":{"weight":0.99,"played":[0.6487,0.3513],"evs":[0.0,-0.05951]},"Q9s":{"weight":0.9999,"played":[0.8237,0.1763],"evs":[0.0,-0.37932]},"QTs":{"weight":0.9999,"played":[7.0E-4,0.9993],"evs":[0.0,1.02162]},"QJs":{"weight":0.9999,"played":[0.2321,0.7679],"evs":[0.0,0.02419]},"QQ":{"weight":0.0,"played":[0.0,1.0],"evs":[0.0,5.60234]},"KQo":{"weight":0.7812,"played":[0.4519,0.5481],"evs":[0.0,-0.19214]},"AQo":{"weight":0.0,"played":[0.0051,0.9949],"evs":[0.0,0.6936]},"K2s":{"weight":0.0,"played":[0.854,0.146],"evs":[0.0,-0.74055]},"K3s":{"weight":0.0026,"played":[0.9791,0.0209],"evs":[0.0,-0.99105]},"K4s":{"weight":0.0059,"played":[0.9474,0.0526],"evs":[0.0,-0.57311]},"K5s":{"weight":0.1108,"played":[0.9274,0.0726],"evs":[0.0,-0.35819]},"K6s":{"weight":0.7414,"played":[0.9147,0.0853],"evs":[0.0,-0.17285]},"K7s":{"weight":0.9989,"played":[0.9962,0.0038],"evs":[0.0,-0.95774]},"K8s":{"weight":0.9976,"played":[0.9263,0.0737],"evs":[0.0,-0.48176]},"K9s":{"weight":0.9999,"played":[0.8588,0.1412],"evs":[0.0,-0.30505]},"KTs":{"weight":0.9999,"played":[0.029,0.971],"evs":[0.0,0.05744]},"KJs":{"weight":0.9814,"played":[0.8853,0.1147],"evs":[0.0,-0.37061]},"KQs":{"weight":0.0,"played":[0.2394,0.7606],"evs":[0.0,0.83458]},"KK":{"weight":0.0,"played":[1.0E-4,0.9999],"evs":[0.0,7.67825]},"AKo":{"weight":0.0,"played":[1.0E-4,0.9999],"evs":[0.0,1.65443]},"A2s":{"weight":0.9998,"played":[0.9983,0.0017],"evs":[0.0,-1.26097]},"A3s":{"weight":0.9996,"played":[0.9998,2.0E-4],"evs":[0.0,-1.28035]},"A4s":{"weight":0.9991,"played":[0.9986,0.0014],"evs":[0.0,-0.5337]},"A5s":{"weight":0.9997,"played":[0.9807,0.0193],"evs":[0.0,-0.63907]},"A6s":{"weight":0.9983,"played":[0.9985,0.0015],"evs":[0.0,-1.39324]},"A7s":{"weight":0.9652,"played":[0.978,0.022],"evs":[0.0,-0.99606]},"A8s":{"weight":0.5679,"played":[0.9493,0.0507],"evs":[0.0,-0.60799]},"A9s":{"weight":3.0E-4,"played":[0.9151,0.0849],"evs":[0.0,-0.90662]},"ATs":{"weight":0.0,"played":[0.4232,0.5768],"evs":[0.0,-0.12265]},"AJs":{"weight":0.0,"played":[0.1958,0.8042],"evs":[0.0,0.34092]},"AQs":{"weight":0.0,"played":[0.0,1.0],"evs":[0.0,0.54918]},"AKs":{"weight":0.0,"played":[0.0015,0.9985],"evs":[0.0,2.1935]},"AA":{"weight":0.0,"played":[0.0,1.0],"evs":[0.0,10.59235]}}}