{"player":0,"street":0,"children":3,"sequence":[{"player":0,"type":"R","amount":200000,"street":0},{"player":1,"type":"F","amount":0,"street":0},{"player":2,"type":"C","amount":200000,"street":0},{"player":3,"type":"F","amount":0,"street":0},{"player":4,"type":"R","amount":1085000,"street":0},{"player":5,"type":"F","amount":0,"street":0}],"actions":[{"type":"F","amount":0,"node":386},{"type":"C","amount":885000,"node":387},{"type":"R","amount":2585000,"node":389}],"hands":{"22":{"weight":0.0,"played":[0.9999,0.0,1.0E-4],"evs":[0.0,-0.74588,-0.81239]},"32o":{"weight":0.0,"played":[1.0,0.0,0.0],"evs":[0.0,-3.65697,-4.28515]},"42o":{"weight":0.0,"played":[1.0,0.0,0.0],"evs":[0.0,-3.56181,-3.96188]},"52o":{"weight":0.0,"played":[1.0,0.0,0.0],"evs":[0.0,-3.51614,-3.71029]},"62o":{"weight":0.0,"played":[1.0,0.0,0.0],"evs":[0.0,-3.66672,-4.02035]},"72o":{"weight":0.0,"played":[1.0,0.0,0.0],"evs":[0.0,-3.73098,-4.26602]},"82o":{"weight":0.0,"played":[1.0,0.0,0.0],"evs":[0.0,-3.68137,-4.01796]},"92o":{"weight":0.0,"played":[1.0,0.0,0.0],"evs":[0.0,-3.64677,-3.84242]},"T2o":{"weight":0.0,"played":[1.0,0.0,0.0],"evs":[0.0,-3.56186,-3.76506]},"J2o":{"weight":0.0,"played":[1.0,0.0,0.0],"evs":[0.0,-3.52666,-3.86138]},"Q2o":{"weight":0.0,"played":[1.0,0.0,0.0],"evs":[0.0,-3.35575,-3.4107]},"K2o":{"weight":0.0,"played":[1.0,0.0,0.0],"evs":[0.0,-2.81015,-2.85822]},"A2o":{"weight":0.0,"played":[1.0,0.0,0.0],"evs":[0.0,-2.51939,-2.43855]},"32s":{"weight":0.0,"played":[1.0,0.0,0.0],"evs":[0.0,-2.78814,-2.93404]},"33":{"weight":0.4165,"played":[0.9984,2.0E-4,0.0014],"evs":[0.0,-0.43176,-0.48553]},"43o":{"weight":0.0,"played":[1.0,0.0,0.0],"evs":[0.0,-3.32522,-3.46326]},"53o":{"weight":0.0,"played":[1.0,0.0,0.0],"evs":[0.0,-3.13423,-3.23552]},"63o":{"weight":0.0,"played":[1.0,0.0,0.0],"evs":[0.0,-3.2643,-3.40497]},"73o":{"weight":0.0,"played":[1.0,0.0,0.0],"evs":[0.0,-3.51336,-3.63842]},"83o":{"weight":0.0,"played":[1.0,0.0,0.0],"evs":[0.0,-3.63176,-3.86163]},"93o":{"weight":0.0,"played":[1.0,0.0,0.0],"evs":[0.0,-3.55658,-3.68345]},"T3o":{"weight":0.0,"played":[1.0,0.0,0.0],"evs":[0.0,-3.47007,-3.65165]},"J3o":{"weight":0.0,"played":[1.0,0.0,0.0],"evs":[0.0,-3.43269,-3.50045]},"Q3o":{"weight":0.0,"played":[1.0,0.0,0.0],"evs":[0.0,-3.2143,-3.20277]},"K3o":{"weight":0.0,"played":[1.0,0.0,0.0],"evs":[0.0,-2.75195,-2.76713]},"A3o":{"weight":0.0,"played":[1.0,0.0,0.0],"evs":[0.0,-2.23653,-2.21394]},"42s":{"weight":0.0,"played":[1.0,0.0,0.0],"evs":[0.0,-2.59251,-2.67363]},"43s":{"weight":0.0,"played":[1.0,0.0,0.0],"evs":[0.0,-1.99841,-2.1318]},"44":{"weight":0.9999,"played":[0.5094,0.0017,0.4889],"evs":[0.0,-0.0121,-0.00473]},"54o":{"weight":0.0,"played":[1.0,0.0,0.0],"evs":[0.0,-2.60808,-2.69648]},"64o":{"weight":0.0,"played":[1.0,0.0,0.0],"evs":[0.0,-2.79748,-2.90792]},"74o":{"weight":0.0,"played":[1.0,0.0,0.0],"evs":[0.0,-3.00397,-3.14851]},"84o":{"weight":0.0,"played":[1.0,0.0,0.0],"evs":[0.0,-3.30362,-3.40809]},"94o":{"weight":0.0,"played":[1.0,0.0,0.0],"evs":[0.0,-3.41408,-3.52144]},"T4o":{"weight":0.0,"played":[1.0,0.0,0.0],"evs":[0.0,-3.46934,-3.48804]},"J4o":{"weight":0.0,"played":[1.0,0.0,0.0],"evs":[0.0,-3.30538,-3.35514]},"Q4o":{"weight":0.0,"played":[1.0,0.0,0.0],"evs":[0.0,-3.08856,-3.04597]},"K4o":{"weight":0.0,"played":[1.0,0.0,0.0],"evs":[0.0,-2.47949,-2.47076]},"A4o":{"weight":0.0,"played":[1.0,0.0,0.0],"evs":[0.0,-2.03785,-1.98258]},"52s":{"weight":0.0,"played":[1.0,0.0,0.0],"evs":[0.0,-2.37143,-2.51882]},"53s":{"weight":0.0,"played":[1.0,0.0,0.0],"evs":[0.0,-1.7736,-1.88486]},"54s":{"weight":0.0,"played":[1.0,0.0,0.0],"evs":[0.0,-1.55863,-1.61761]},"55":{"weight":1.0,"played":[0.0,0.001,0.999],"evs":[0.0,0.63138,0.68153]},"65o":{"weight":0.0,"played":[1.0,0.0,0.0],"evs":[0.0,-2.33802,-2.40895]},"75o":{"weight":0.0,"played":[1.0,0.0,0.0],"evs":[0.0,-2.56795,-2.6673]},"85o":{"weight":0.0,"played":[1.0,0.0,0.0],"evs":[0.0,-2.60405,-2.68627]},"95o":{"weight":0.0,"played":[1.0,0.0,0.0],"evs":[0.0,-2.85661,-2.95718]},"T5o":{"weight":0.0,"played":[1.0,0.0,0.0],"evs":[0.0,-3.27611,-3.29852]},"J5o":{"weight":0.0,"played":[1.0,0.0,0.0],"evs":[0.0,-3.13338,-3.14204]},"Q5o":{"weight":0.0,"played":[1.0,0.0,0.0],"evs":[0.0,-2.7725,-2.72597]},"K5o":{"weight":0.0,"played":[1.0,0.0,0.0],"evs":[0.0,-2.30122,-2.31092]},"A5o":{"weight":0.0,"played":[1.0,0.0,0.0],"evs":[0.0,-1.84251,-1.76996]},"62s":{"weight":0.0,"played":[1.0,0.0,0.0],"evs":[0.0,-2.47648,-2.60802]},"63s":{"weight":0.0,"played":[1.0,0.0,0.0],"evs":[0.0,-2.15591,-2.30604]},"64s":{"weight":0.0,"played":[1.0,0.0,0.0],"evs":[0.0,-1.43127,-1.54999]},"65s":{"weight":0.0,"played":[1.0,0.0,0.0],"evs":[0.0,-0.92914,-0.96946]},"66":{"weight":1.0,"played":[0.0,0.0,1.0],"evs":[0.0,1.68884,1.77975]},"76o":{"weight":0.0,"played":[1.0,0.0,0.0],"evs":[0.0,-1.85155,-1.97813]},"86o":{"weight":0.0,"played":[1.0,0.0,0.0],"evs":[0.0,-2.01385,-2.1496]},"96o":{"weight":0.0,"played":[1.0,0.0,0.0],"evs":[0.0,-2.2192,-2.34387]},"T6o":{"weight":0.0,"played":[1.0,0.0,0.0],"evs":[0.0,-2.73473,-2.74854]},"J6o":{"weight":0.0,"played":[1.0,0.0,0.0],"evs":[0.0,-3.01164,-3.03112]},"Q6o":{"weight":0.0,"played":[1.0,0.0,0.0],"evs":[0.0,-2.54045,-2.49396]},"K6o":{"weight":0.0,"played":[1.0,0.0,0.0],"evs":[0.0,-2.07843,-2.10503]},"A6o":{"weight":0.0,"played":[1.0,0.0,0.0],"evs":[0.0,-2.13405,-2.05063]},"72s":{"weight":0.0,"played":[1.0,0.0,0.0],"evs":[0.0,-2.87838,-2.96989]},"73s":{"weight":0.0,"played":[1.0,0.0,0.0],"evs":[0.0,-2.34964,-2.42987]},"74s":{"weight":0.0,"played":[1.0,0.0,0.0],"evs":[0.0,-1.89933,-1.97503]},"75s":{"weight":0.0,"played":[1.0,0.0,0.0],"evs":[0.0,-1.23601,-1.32053]},"76s":{"weight":0.0038,"played":[1.0,0.0,0.0],"evs":[0.0,-0.77063,-0.85139]},"77":{"weight":1.0,"played":[0.0,8.0E-4,0.9992],"evs":[0.0,2.68955,2.75192]},"87o":{"weight":0.0,"played":[1.0,0.0,0.0],"evs":[0.0,-1.5667,-1.69308]},"97o":{"weight":0.0,"played":[1.0,0.0,0.0],"evs":[0.0,-1.83729,-1.94035]},"T7o":{"weight":0.0,"played":[1.0,0.0,0.0],"evs":[0.0,-2.23259,-2.23168]},"J7o":{"weight":0.0,"played":[1.0,0.0,0.0],"evs":[0.0,-2.55831,-2.52959]},"Q7o":{"weight":0.0,"played":[1.0,0.0,0.0],"evs":[0.0,-2.51479,-2.48535]},"K7o":{"weight":0.0,"played":[1.0,0.0,0.0],"evs":[0.0,-1.8352,-1.80923]},"A7o":{"weight":0.0,"played":[1.0,0.0,0.0],"evs":[0.0,-1.68681,-1.62264]},"82s":{"weight":0.0,"played":[1.0,0.0,0.0],"evs":[0.0,-2.71502,-2.86928]},"83s":{"weight":0.0,"played":[1.0,0.0,0.0],"evs":[0.0,-2.5957,-2.72287]},"84s":{"weight":0.0,"played":[1.0,0.0,0.0],"evs":[0.0,-2.0067,-2.14851]},"85s":{"weight":0.0,"played":[1.0,0.0,0.0],"evs":[0.0,-1.3407,-1.4648]},"86s":{"weight":0.0,"played":[1.0,0.0,0.0],"evs":[0.0,-0.80589,-0.91024]},"87s":{"weight":0.9996,"played":[1.0,0.0,0.0],"evs":[0.0,-0.48737,-0.57674]},"88":{"weight":0.9986,"played":[0.0,0.0818,0.9182],"evs":[0.0,3.84286,3.88137]},"98o":{"weight":0.0,"played":[1.0,0.0,0.0],"evs":[0.0,-1.3713,-1.45279]},"T8o":{"weight":0.0,"played":[1.0,0.0,0.0],"evs":[0.0,-1.62727,-1.61338]},"J8o":{"weight":0.0,"played":[1.0,0.0,0.0],"evs":[0.0,-1.91234,-1.91172]},"Q8o":{"weight":0.0,"played":[1.0,0.0,0.0],"evs":[0.0,-1.96188,-1.93234]},"K8o":{"weight":0.0,"played":[1.0,0.0,0.0],"evs":[0.0,-1.6975,-1.7001]},"A8o":{"weight":4.0E-4,"played":[1.0,0.0,0.0],"evs":[0.0,-1.48725,-1.41082]},"92s":{"weight":0.0,"played":[1.0,0.0,0.0],"evs":[0.0,-2.42987,-2.58663]},"93s":{"weight":0.0,"played":[1.0,0.0,0.0],"evs":[0.0,-2.27443,-2.40371]},"94s":{"weight":0.0,"played":[1.0,0.0,0.0],"evs":[0.0,-2.13468,-2.23325]},"95s":{"weight":0.0,"played":[1.0,0.0,0.0],"evs":[0.0,-1.61523,-1.67612]},"96s":{"weight":0.0,"played":[1.0,0.0,0.0],"evs":[0.0,-1.01097,-1.11182]},"97s":{"weight":0.0,"played":[1.0,0.0,0.0],"evs":[0.0,-0.77496,-0.81939]},"98s":{"weight":0.9997,"played":[0.9246,0.0578,0.0176],"evs":[0.0,-0.12428,-0.19915]},"99":{"weight":0.9988,"played":[0.0,0.0341,0.9659],"evs":[0.0,4.81056,4.90344]},"T9o":{"weight":0.0,"played":[1.0,0.0,0.0],"evs":[0.0,-1.13884,-1.16823]},"J9o":{"weight":0.0,"played":[1.0,0.0,0.0],"evs":[0.0,-1.52686,-1.50765]},"Q9o":{"weight":0.0,"played":[1.0,0.0,0.0],"evs":[0.0,-1.49447,-1.40029]},"K9o":{"weight":0.0,"played":[1.0,0.0,0.0],"evs":[0.0,-1.21862,-1.12348]},"A9o":{"weight":1.0,"played":[1.0,0.0,0.0],"evs":[0.0,-0.97968,-0.81158]},"T2s":{"weight":0.0,"played":[1.0,0.0,0.0],"evs":[0.0,-2.3616,-2.36567]},"T3s":{"weight":0.0,"played":[1.0,0.0,0.0],"evs":[0.0,-2.15806,-2.20613]},"T4s":{"weight":0.0,"played":[1.0,0.0,0.0],"evs":[0.0,-2.1145,-2.13221]},"T5s":{"weight":0.0,"played":[1.0,0.0,0.0],"evs":[0.0,-2.02748,-2.04271]},"T6s":{"weight":0.0,"played":[1.0,0.0,0.0],"evs":[0.0,-1.48637,-1.53074]},"T7s":{"weight":0.0,"played":[0.9999,0.0,0.0],"evs":[0.0,-0.95908,-0.92331]},"T8s":{"weight":0.9999,"played":[0.9992,5.0E-4,3.0E-4],"evs":[0.0,-0.41071,-0.43988]},"T9s":{"weight":1.0,"played":[0.1242,0.8021,0.0737],"evs":[0.0,0.15733,0.11172]},"TT":{"weight":1.0,"played":[0.0,0.001,0.999],"evs":[0.0,6.09899,6.2714]},"JTo":{"weight":0.0,"played":[1.0,0.0,0.0],"evs":[0.0,-1.0329,-0.90831]},"QTo":{"weight":0.0605,"played":[1.0,0.0,0.0],"evs":[0.0,-1.07036,-0.98839]},"KTo":{"weight":0.9453,"played":[1.0,0.0,0.0],"evs":[0.0,-0.78308,-0.6586]},"ATo":{"weight":1.0,"played":[0.0114,0.0058,0.9827],"evs":[0.0,0.10643,0.15666]},"J2s":{"weight":0.0,"played":[1.0,0.0,0.0],"evs":[0.0,-2.45267,-2.49342]},"J3s":{"weight":0.0,"played":[1.0,0.0,0.0],"evs":[0.0,-2.23355,-2.25927]},"J4s":{"weight":0.0,"played":[1.0,0.0,0.0],"evs":[0.0,-2.03998,-2.02885]},"J5s":{"weight":0.0,"played":[1.0,0.0,0.0],"evs":[0.0,-1.82614,-1.82138]},"J6s":{"weight":0.0,"played":[1.0,0.0,0.0],"evs":[0.0,-1.80619,-1.79803]},"J7s":{"weight":0.0,"played":[1.0,0.0,0.0],"evs":[0.0,-1.13957,-1.10871]},"J8s":{"weight":0.6993,"played":[0.9999,1.0E-4,0.0],"evs":[0.0,-0.62707,-0.65166]},"J9s":{"weight":1.0,"played":[0.9987,1.0E-4,0.0013],"evs":[0.0,-0.32941,-0.29176]},"JTs":{"weight":1.0,"played":[0.0258,0.0186,0.9556],"evs":[0.0,0.18849,0.31185]},"JJ":{"weight":1.0,"played":[0.0,0.0011,0.9989],"evs":[0.0,7.3047,7.4324]},"QJo":{"weight":1.0,"played":[1.0,0.0,0.0],"evs":[0.0,-0.9104,-0.83914]},"KJo":{"weight":1.0,"played":[0.9999,0.0,0.0],"evs":[0.0,-0.67207,-0.56265]},"AJo":{"weight":1.0,"played":[0.0,1.0E-4,0.9999],"evs":[0.0,1.41018,1.42953]},"Q2s":{"weight":0.0,"played":[1.0,0.0,0.0],"evs":[0.0,-2.20926,-2.20362]},"Q3s":{"weight":0.0,"played":[1.0,0.0,0.0],"evs":[0.0,-1.93893,-1.95347]},"Q4s":{"weight":0.0,"played":[1.0,0.0,0.0],"evs":[0.0,-1.87075,-1.80589]},"Q5s":{"weight":0.0,"played":[1.0,0.0,0.0],"evs":[0.0,-1.60878,-1.52337]},"Q6s":{"weight":0.0,"played":[1.0,0.0,0.0],"evs":[0.0,-1.28354,-1.25843]},"Q7s":{"weight":0.0,"played":[1.0,0.0,0.0],"evs":[0.0,-1.33724,-1.26562]},"Q8s":{"weight":0.9709,"played":[0.9999,0.0,0.0],"evs":[0.0,-0.64186,-0.60868]},"Q9s":{"weight":1.0,"played":[0.9903,0.0,0.0097],"evs":[0.0,-0.30125,-0.19702]},"QTs":{"weight":1.0,"played":[0.0283,0.0626,0.9091],"evs":[0.0,0.05996,0.13451]},"QJs":{"weight":1.0,"played":[0.0,0.1064,0.8936],"evs":[0.0,0.27703,0.34113]},"QQ":{"weight":1.0,"played":[0.0,0.0103,0.9897],"evs":[0.0,9.13653,9.20076]},"KQo":{"weight":1.0,"played":[3.0E-4,3.0E-4,0.9994],"evs":[0.0,0.27244,0.39554]},"AQo":{"weight":0.9981,"played":[0.0,0.0456,0.9544],"evs":[0.0,3.40455,3.40626]},"K2s":{"weight":0.0,"played":[1.0,0.0,0.0],"evs":[0.0,-1.55597,-1.57038]},"K3s":{"weight":0.0,"played":[1.0,0.0,0.0],"evs":[0.0,-1.42708,-1.49107]},"K4s":{"weight":0.0,"played":[1.0,0.0,0.0],"evs":[0.0,-1.25618,-1.22369]},"K5s":{"weight":0.0,"played":[1.0,0.0,0.0],"evs":[0.0,-1.19564,-1.14974]},"K6s":{"weight":2.0E-4,"played":[0.9999,0.0,1.0E-4],"evs":[0.0,-0.93851,-0.91526]},"K7s":{"weight":0.9982,"played":[1.0,0.0,0.0],"evs":[0.0,-0.71231,-0.72539]},"K8s":{"weight":1.0,"played":[0.9999,0.0,0.0],"evs":[0.0,-0.58342,-0.57538]},"K9s":{"weight":1.0,"played":[0.6615,0.0356,0.3029],"evs":[0.0,-0.1491,-0.06843]},"KTs":{"weight":1.0,"played":[0.0,0.094,0.9059],"evs":[0.0,0.34726,0.46007]},"KJs":{"weight":0.9971,"played":[1.0E-4,7.0E-4,0.9992],"evs":[0.0,0.46369,0.59471]},"KQs":{"weight":1.0,"played":[0.0,0.0071,0.9929],"evs":[0.0,1.32707,1.49346]},"KK":{"weight":1.0,"played":[0.0,0.1009,0.8991],"evs":[0.0,11.26289,11.37918]},"AKo":{"weight":0.9989,"played":[0.0,0.0817,0.9183],"evs":[0.0,4.86621,4.90297]},"A2s":{"weight":1.0,"played":[1.0,0.0,0.0],"evs":[0.0,-1.18513,-1.10946]},"A3s":{"weight":1.0,"played":[0.9999,0.0,0.0],"evs":[0.0,-1.00378,-0.94042]},"A4s":{"weight":1.0,"played":[1.0,0.0,0.0],"evs":[0.0,-0.83636,-0.73218]},"A5s":{"weight":1.0,"played":[0.9991,1.0E-4,8.0E-4],"evs":[0.0,-0.5855,-0.48461]},"A6s":{"weight":1.0,"played":[1.0,0.0,0.0],"evs":[0.0,-0.83629,-0.71078]},"A7s":{"weight":1.0,"played":[0.9987,7.0E-4,6.0E-4],"evs":[0.0,-0.66307,-0.56819]},"A8s":{"weight":1.0,"played":[0.9351,0.0557,0.0093],"evs":[0.0,-0.20382,-0.17911]},"A9s":{"weight":1.0,"played":[0.002,0.0881,0.9099],"evs":[0.0,0.15747,0.29621]},"ATs":{"weight":1.0,"played":[0.0,0.0089,0.9911],"evs":[0.0,1.19835,1.26927]},"AJs":{"weight":1.0,"played":[0.0,0.0872,0.9128],"evs":[0.0,2.35942,2.39624]},"AQs":{"weight":1.0,"played":[0.0,0.0858,0.9142],"evs":[0.0,4.31984,4.32105]},"AKs":{"weight":1.0,"played":[0.0,0.0759,0.9241],"evs":[0.0,5.72386,5.75025]},"AA":{"weight":1.0,"played":[0.0,0.5296,0.4704],"evs":[0.0,14.84347,14.89402]}}}