{"player":2,"street":0,"children":2,"sequence":[{"player":0,"type":"R","amount":200000,"street":0},{"player":1,"type":"F","amount":0,"street":0},{"player":2,"type":"C","amount":200000,"street":0},{"player":3,"type":"F","amount":0,"street":0},{"player":4,"type":"R","amount":1085000,"street":0},{"player":5,"type":"F","amount":0,"street":0},{"player":0,"type":"F","amount":0,"street":0}],"actions":[{"type":"F","amount":0},{"type":"C","amount":885000}],"hands":{"22":{"weight":1.0,"played":[0.0,1.0],"evs":[0.0,1.43583]},"32o":{"weight":0.0,"played":[1.0,0.0],"evs":[0.0,-0.91738]},"42o":{"weight":0.0,"played":[1.0,0.0],"evs":[0.0,-0.83978]},"52o":{"weight":0.0,"played":[1.0,0.0],"evs":[0.0,-0.80905]},"62o":{"weight":0.0,"played":[1.0,0.0],"evs":[0.0,-0.97809]},"72o":{"weight":0.0,"played":[1.0,0.0],"evs":[0.0,-1.05313]},"82o":{"weight":0.0,"played":[1.0,0.0],"evs":[0.0,-1.00414]},"92o":{"weight":0.0,"played":[1.0,0.0],"evs":[0.0,-0.86322]},"T2o":{"weight":0.0,"played":[1.0,0.0],"evs":[0.0,-0.83131]},"J2o":{"weight":0.0,"played":[1.0,0.0],"evs":[0.0,-0.70097]},"Q2o":{"weight":0.0,"played":[1.0,0.0],"evs":[0.0,-0.52984]},"K2o":{"weight":0.0,"played":[0.9999,1.0E-4],"evs":[0.0,-0.35926]},"A2o":{"weight":0.0,"played":[0.9183,0.0817],"evs":[0.0,-0.16728]},"32s":{"weight":0.0,"played":[0.9928,0.0072],"evs":[0.0,-0.24676]},"33":{"weight":0.5978,"played":[0.0,1.0],"evs":[0.0,1.60102]},"43o":{"weight":0.0,"played":[1.0,0.0],"evs":[0.0,-0.67176]},"53o":{"weight":0.0,"played":[1.0,0.0],"evs":[0.0,-0.47592]},"63o":{"weight":0.0,"played":[1.0,0.0],"evs":[0.0,-0.62671]},"73o":{"weight":0.0,"played":[1.0,0.0],"evs":[0.0,-0.84714]},"83o":{"weight":0.0,"played":[1.0,0.0],"evs":[0.0,-1.06505]},"93o":{"weight":0.0,"played":[1.0,0.0],"evs":[0.0,-0.73824]},"T3o":{"weight":0.0,"played":[1.0,0.0],"evs":[0.0,-0.77231]},"J3o":{"weight":0.0,"played":[1.0,0.0],"evs":[0.0,-0.74632]},"Q3o":{"weight":0.0,"played":[0.9998,2.0E-4],"evs":[0.0,-0.41747]},"K3o":{"weight":0.0,"played":[0.9984,0.0016],"evs":[0.0,-0.22427]},"A3o":{"weight":0.0,"played":[0.9261,0.0739],"evs":[0.0,-0.14017]},"42s":{"weight":0.0,"played":[0.9862,0.0138],"evs":[0.0,-0.21155]},"43s":{"weight":0.0,"played":[0.0055,0.9945],"evs":[0.0,0.09671]},"44":{"weight":0.9003,"played":[0.0,1.0],"evs":[0.0,1.67272]},"54o":{"weight":0.0,"played":[0.9961,0.0039],"evs":[0.0,-0.16835]},"64o":{"weight":0.0,"played":[1.0,0.0],"evs":[0.0,-0.30349]},"74o":{"weight":0.0,"played":[1.0,0.0],"evs":[0.0,-0.43098]},"84o":{"weight":0.0,"played":[1.0,0.0],"evs":[0.0,-0.65022]},"94o":{"weight":0.0,"played":[1.0,0.0],"evs":[0.0,-0.82355]},"T4o":{"weight":0.0,"played":[1.0,0.0],"evs":[0.0,-0.61479]},"J4o":{"weight":0.0,"played":[1.0,0.0],"evs":[0.0,-0.57638]},"Q4o":{"weight":0.0,"played":[0.9999,1.0E-4],"evs":[0.0,-0.37282]},"K4o":{"weight":0.0,"played":[0.998,0.002],"evs":[0.0,-0.20201]},"A4o":{"weight":0.0,"played":[0.7604,0.2396],"evs":[0.0,-0.03403]},"52s":{"weight":0.0,"played":[0.5127,0.4873],"evs":[0.0,0.06733]},"53s":{"weight":0.0,"played":[0.0015,0.9985],"evs":[0.0,0.30665]},"54s":{"weight":0.9999,"played":[0.0,1.0],"evs":[0.0,0.53503]},"55":{"weight":0.966,"played":[0.0,1.0],"evs":[0.0,1.94866]},"65o":{"weight":0.0,"played":[0.9857,0.0143],"evs":[0.0,-0.04499]},"75o":{"weight":0.0,"played":[0.9998,2.0E-4],"evs":[0.0,-0.15086]},"85o":{"weight":0.0,"played":[0.9919,0.0081],"evs":[0.0,-0.38403]},"95o":{"weight":0.0,"played":[0.9997,3.0E-4],"evs":[0.0,-0.50408]},"T5o":{"weight":0.0,"played":[1.0,0.0],"evs":[0.0,-0.63774]},"J5o":{"weight":0.0,"played":[0.9998,2.0E-4],"evs":[0.0,-0.44619]},"Q5o":{"weight":0.0,"played":[1.0,0.0],"evs":[0.0,-0.19092]},"K5o":{"weight":0.0,"played":[0.9873,0.0127],"evs":[0.0,-0.11392]},"A5o":{"weight":0.0,"played":[0.0325,0.9675],"evs":[0.0,0.11294]},"62s":{"weight":0.0,"played":[0.9663,0.0337],"evs":[0.0,-0.12834]},"63s":{"weight":0.0,"played":[1.0E-4,0.9999],"evs":[0.0,0.06626]},"64s":{"weight":0.0047,"played":[2.0E-4,0.9998],"evs":[0.0,0.55411]},"65s":{"weight":0.9997,"played":[0.0,1.0],"evs":[0.0,0.62591]},"66":{"weight":0.9338,"played":[0.0,1.0],"evs":[0.0,2.41417]},"76o":{"weight":0.0,"played":[0.0422,0.9578],"evs":[0.0,0.08275]},"86o":{"weight":0.0,"played":[0.7933,0.2067],"evs":[0.0,-0.00852]},"96o":{"weight":0.0,"played":[0.9967,0.0033],"evs":[0.0,-0.18557]},"T6o":{"weight":0.0,"played":[0.9999,1.0E-4],"evs":[0.0,-0.37463]},"J6o":{"weight":0.0,"played":[1.0,0.0],"evs":[0.0,-0.42838]},"Q6o":{"weight":0.0,"played":[0.9868,0.0132],"evs":[0.0,-0.12289]},"K6o":{"weight":0.0,"played":[0.0302,0.9698],"evs":[0.0,0.07341]},"A6o":{"weight":0.0,"played":[0.9412,0.0588],"evs":[0.0,-0.13356]},"72s":{"weight":0.0,"played":[0.9937,0.0063],"evs":[0.0,-0.30243]},"73s":{"weight":0.0,"played":[0.96,0.04],"evs":[0.0,-0.07135]},"74s":{"weight":0.0,"played":[0.0,1.0],"evs":[0.0,0.39537]},"75s":{"weight":0.0168,"played":[0.0,1.0],"evs":[0.0,0.43897]},"76s":{"weight":1.0,"played":[0.0,1.0],"evs":[0.0,0.90978]},"77":{"weight":0.9683,"played":[0.0,1.0],"evs":[0.0,3.02065]},"87o":{"weight":0.0,"played":[2.0E-4,0.9998],"evs":[0.0,0.28202]},"97o":{"weight":0.0,"played":[5.0E-4,0.9995],"evs":[0.0,0.1301]},"T7o":{"weight":0.0,"played":[0.8103,0.1897],"evs":[0.0,-0.06493]},"J7o":{"weight":0.0,"played":[0.9974,0.0026],"evs":[0.0,-0.07888]},"Q7o":{"weight":0.0,"played":[0.9977,0.0023],"evs":[0.0,-0.10835]},"K7o":{"weight":0.0,"played":[0.025,0.975],"evs":[0.0,0.20917]},"A7o":{"weight":0.0,"played":[0.5301,0.4699],"evs":[0.0,0.03032]},"82s":{"weight":0.0,"played":[0.9723,0.0277],"evs":[0.0,-0.08748]},"83s":{"weight":0.0,"played":[0.9889,0.0111],"evs":[0.0,-0.27446]},"84s":{"weight":0.0,"played":[0.0357,0.9643],"evs":[0.0,0.18225]},"85s":{"weight":0.0,"played":[0.0,1.0],"evs":[0.0,0.47886]},"86s":{"weight":0.2847,"played":[0.0,1.0],"evs":[0.0,0.8355]},"87s":{"weight":0.98,"played":[0.0,1.0],"evs":[0.0,0.92454]},"88":{"weight":0.8938,"played":[0.0,1.0],"evs":[0.0,3.69356]},"98o":{"weight":0.0,"played":[0.0,1.0],"evs":[0.0,0.415]},"T8o":{"weight":0.0,"played":[0.0013,0.9987],"evs":[0.0,0.22289]},"J8o":{"weight":0.0,"played":[5.0E-4,0.9995],"evs":[0.0,0.14871]},"Q8o":{"weight":0.0,"played":[0.0026,0.9974],"evs":[0.0,0.15787]},"K8o":{"weight":0.0,"played":[0.0,1.0],"evs":[0.0,0.20867]},"A8o":{"weight":0.0,"played":[0.0,1.0],"evs":[0.0,0.19538]},"92s":{"weight":0.0,"played":[0.6264,0.3736],"evs":[0.0,-0.0012]},"93s":{"weight":0.0,"played":[0.1263,0.8737],"evs":[0.0,0.07754]},"94s":{"weight":0.0,"played":[0.3496,0.6504],"evs":[0.0,-0.01568]},"95s":{"weight":0.0,"played":[0.0041,0.9959],"evs":[0.0,0.20347]},"96s":{"weight":2.0E-4,"played":[1.0E-4,0.9999],"evs":[0.0,0.57184]},"97s":{"weight":0.967,"played":[0.0,1.0],"evs":[0.0,0.94702]},"98s":{"weight":0.9999,"played":[0.0,1.0],"evs":[0.0,0.99567]},"99":{"weight":0.0059,"played":[0.0,1.0],"evs":[0.0,4.43101]},"T9o":{"weight":0.0,"played":[0.0,1.0],"evs":[0.0,0.46078]},"J9o":{"weight":0.0,"played":[2.0E-4,0.9998],"evs":[0.0,0.44779]},"Q9o":{"weight":0.0,"played":[0.0,1.0],"evs":[0.0,0.46605]},"K9o":{"weight":0.0,"played":[3.0E-4,0.9997],"evs":[0.0,0.40667]},"A9o":{"weight":2.0E-4,"played":[0.0,1.0],"evs":[0.0,0.38404]},"T2s":{"weight":0.0,"played":[0.3775,0.6225],"evs":[0.0,0.01848]},"T3s":{"weight":0.0,"played":[0.3708,0.6292],"evs":[0.0,-0.00379]},"T4s":{"weight":0.0,"played":[0.4144,0.5856],"evs":[0.0,0.05836]},"T5s":{"weight":0.0,"played":[0.228,0.772],"evs":[0.0,0.17499]},"T6s":{"weight":0.0,"played":[0.0,1.0],"evs":[0.0,0.57001]},"T7s":{"weight":0.3304,"played":[0.0,1.0],"evs":[0.0,0.61664]},"T8s":{"weight":0.999,"played":[0.0,1.0],"evs":[0.0,1.06686]},"T9s":{"weight":0.9995,"played":[0.0,1.0],"evs":[0.0,1.22434]},"TT":{"weight":1.0E-4,"played":[0.0,1.0],"evs":[0.0,5.18694]},"JTo":{"weight":0.0,"played":[0.0,1.0],"evs":[0.0,0.73037]},"QTo":{"weight":0.0,"played":[0.0,1.0],"evs":[0.0,0.7224]},"KTo":{"weight":5.0E-4,"played":[0.0,1.0],"evs":[0.0,0.62184]},"ATo":{"weight":0.6157,"played":[0.0,1.0],"evs":[0.0,1.26789]},"J2s":{"weight":0.0,"played":[0.0847,0.9153],"evs":[0.0,0.14741]},"J3s":{"weight":0.0,"played":[1.0E-4,0.9999],"evs":[0.0,0.20022]},"J4s":{"weight":0.0,"played":[0.0,1.0],"evs":[0.0,0.18454]},"J5s":{"weight":0.0,"played":[0.0015,0.9985],"evs":[0.0,0.23263]},"J6s":{"weight":0.0,"played":[0.0,1.0],"evs":[0.0,0.47603]},"J7s":{"weight":1.0E-4,"played":[0.0,1.0],"evs":[0.0,0.62918]},"J8s":{"weight":0.9935,"played":[0.0,1.0],"evs":[0.0,0.98151]},"J9s":{"weight":1.0,"played":[0.0,1.0],"evs":[0.0,1.14787]},"JTs":{"weight":0.4368,"played":[0.0,1.0],"evs":[0.0,1.47361]},"JJ":{"weight":0.0594,"played":[0.0,1.0],"evs":[0.0,6.23293]},"QJo":{"weight":0.8103,"played":[0.0,1.0],"evs":[0.0,0.91215]},"KJo":{"weight":0.9363,"played":[0.0,1.0],"evs":[0.0,0.82642]},"AJo":{"weight":0.9889,"played":[0.0,1.0],"evs":[0.0,2.32327]},"Q2s":{"weight":0.0,"played":[8.0E-4,0.9992],"evs":[0.0,0.34544]},"Q3s":{"weight":0.0,"played":[1.0E-4,0.9999],"evs":[0.0,0.2744]},"Q4s":{"weight":0.0,"played":[0.0,1.0],"evs":[0.0,0.39006]},"Q5s":{"weight":0.0,"played":[5.0E-4,0.9995],"evs":[0.0,0.4501]},"Q6s":{"weight":0.0,"played":[0.0017,0.9983],"evs":[0.0,0.47348]},"Q7s":{"weight":1.0E-4,"played":[0.0,1.0],"evs":[0.0,0.75815]},"Q8s":{"weight":0.4673,"played":[0.0,1.0],"evs":[0.0,0.92174]},"Q9s":{"weight":0.854,"played":[0.0,1.0],"evs":[0.0,1.20915]},"QTs":{"weight":0.455,"played":[0.0,1.0],"evs":[0.0,1.34862]},"QJs":{"weight":0.0879,"played":[0.0,1.0],"evs":[0.0,1.59908]},"QQ":{"weight":0.2308,"played":[0.0,1.0],"evs":[0.0,7.41364]},"KQo":{"weight":0.967,"played":[0.0,1.0],"evs":[0.0,1.29232]},"AQo":{"weight":0.2386,"played":[0.0,1.0],"evs":[0.0,3.64164]},"K2s":{"weight":0.0,"played":[4.0E-4,0.9996],"evs":[0.0,0.47563]},"K3s":{"weight":0.0,"played":[0.0,1.0],"evs":[0.0,0.53604]},"K4s":{"weight":2.0E-4,"played":[0.0,1.0],"evs":[0.0,0.60104]},"K5s":{"weight":0.0734,"played":[0.0,1.0],"evs":[0.0,0.73448]},"K6s":{"weight":0.0299,"played":[0.0,1.0],"evs":[0.0,0.7551]},"K7s":{"weight":0.4059,"played":[0.0,1.0],"evs":[0.0,0.79123]},"K8s":{"weight":0.7968,"played":[0.0,1.0],"evs":[0.0,0.9478]},"K9s":{"weight":0.9351,"played":[0.0,1.0],"evs":[0.0,1.05179]},"KTs":{"weight":0.8114,"played":[0.0,1.0],"evs":[0.0,1.50739]},"KJs":{"weight":0.0151,"played":[0.0,1.0],"evs":[0.0,1.72436]},"KQs":{"weight":0.9977,"played":[0.0,1.0],"evs":[0.0,1.88725]},"KK":{"weight":0.6899,"played":[0.0,1.0],"evs":[0.0,8.55729]},"AKo":{"weight":0.0,"played":[0.0,1.0],"evs":[0.0,4.83622]},"A2s":{"weight":0.9911,"played":[0.0,1.0],"evs":[0.0,0.54124]},"A3s":{"weight":0.9676,"played":[0.0,1.0],"evs":[0.0,0.64931]},"A4s":{"weight":0.4321,"played":[0.0,1.0],"evs":[0.0,0.64243]},"A5s":{"weight":0.2332,"played":[0.0,1.0],"evs":[0.0,0.832]},"A6s":{"weight":0.7584,"played":[0.0,1.0],"evs":[0.0,0.70944]},"A7s":{"weight":0.9064,"played":[0.0,1.0],"evs":[0.0,0.72767]},"A8s":{"weight":0.9825,"played":[0.0,1.0],"evs":[0.0,0.83164]},"A9s":{"weight":0.9999,"played":[0.0,1.0],"evs":[0.0,1.16454]},"ATs":{"weight":1.0,"played":[0.0,1.0],"evs":[0.0,1.84954]},"AJs":{"weight":0.9996,"played":[0.0,1.0],"evs":[0.0,2.92667]},"AQs":{"weight":1.0,"played":[0.0,1.0],"evs":[0.0,4.21566]},"AKs":{"weight":3.0E-4,"played":[0.0,1.0],"evs":[0.0,5.2728]},"AA":{"weight":0.4828,"played":[0.0,1.0],"evs":[0.0,10.9581]}}}