{"player":2,"street":0,"children":2,"sequence":[{"player":0,"type":"R","amount":200000,"street":0},{"player":1,"type":"F","amount":0,"street":0},{"player":2,"type":"C","amount":200000,"street":0},{"player":3,"type":"F","amount":0,"street":0},{"player":4,"type":"R","amount":1085000,"street":0},{"player":5,"type":"F","amount":0,"street":0},{"player":0,"type":"R","amount":2585000,"street":0}],"actions":[{"type":"F","amount":0},{"type":"C","amount":2385000}],"hands":{"22":{"weight":1.0,"played":[0.9126,0.0874],"evs":[0.0,-0.29361]},"32o":{"weight":0.0,"played":[1.0,0.0],"evs":[0.0,-5.13945]},"42o":{"weight":0.0,"played":[1.0,0.0],"evs":[0.0,-4.92545]},"52o":{"weight":0.0,"played":[1.0,0.0],"evs":[0.0,-4.78314]},"62o":{"weight":0.0,"played":[1.0,0.0],"evs":[0.0,-5.11684]},"72o":{"weight":0.0,"played":[1.0,0.0],"evs":[0.0,-5.56443]},"82o":{"weight":0.0,"played":[1.0,0.0],"evs":[0.0,-5.15103]},"92o":{"weight":0.0,"played":[1.0,0.0],"evs":[0.0,-5.0287]},"T2o":{"weight":0.0,"played":[1.0,0.0],"evs":[0.0,-5.35299]},"J2o":{"weight":0.0,"played":[1.0,0.0],"evs":[0.0,-4.92265]},"Q2o":{"weight":0.0,"played":[1.0,0.0],"evs":[0.0,-4.665]},"K2o":{"weight":0.0,"played":[1.0,0.0],"evs":[0.0,-3.58209]},"A2o":{"weight":0.0,"played":[1.0,0.0],"evs":[0.0,-3.17419]},"32s":{"weight":0.0,"played":[1.0,0.0],"evs":[0.0,-3.41418]},"33":{"weight":0.5978,"played":[0.485,0.515],"evs":[0.0,0.02471]},"43o":{"weight":0.0,"played":[1.0,0.0],"evs":[0.0,-4.45031]},"53o":{"weight":0.0,"played":[1.0,0.0],"evs":[0.0,-3.89462]},"63o":{"weight":0.0,"played":[1.0,0.0],"evs":[0.0,-4.41078]},"73o":{"weight":0.0,"played":[1.0,0.0],"evs":[0.0,-4.67816]},"83o":{"weight":0.0,"played":[1.0,0.0],"evs":[0.0,-5.09893]},"93o":{"weight":0.0,"played":[1.0,0.0],"evs":[0.0,-4.86389]},"T3o":{"weight":0.0,"played":[1.0,0.0],"evs":[0.0,-5.12734]},"J3o":{"weight":0.0,"played":[1.0,0.0],"evs":[0.0,-4.59281]},"Q3o":{"weight":0.0,"played":[1.0,0.0],"evs":[0.0,-4.33324]},"K3o":{"weight":0.0,"played":[1.0,0.0],"evs":[0.0,-3.48192]},"A3o":{"weight":0.0,"played":[1.0,0.0],"evs":[0.0,-2.93247]},"42s":{"weight":0.0,"played":[1.0,0.0],"evs":[0.0,-3.10534]},"43s":{"weight":0.0,"played":[1.0,0.0],"evs":[0.0,-2.25032]},"44":{"weight":0.9003,"played":[2.0E-4,0.9998],"evs":[0.0,0.42399]},"54o":{"weight":0.0,"played":[1.0,0.0],"evs":[0.0,-3.18913]},"64o":{"weight":0.0,"played":[1.0,0.0],"evs":[0.0,-3.4629]},"74o":{"weight":0.0,"played":[1.0,0.0],"evs":[0.0,-3.99211]},"84o":{"weight":0.0,"played":[1.0,0.0],"evs":[0.0,-4.37369]},"94o":{"weight":0.0,"played":[1.0,0.0],"evs":[0.0,-4.82222]},"T4o":{"weight":0.0,"played":[1.0,0.0],"evs":[0.0,-5.02146]},"J4o":{"weight":0.0,"played":[1.0,0.0],"evs":[0.0,-4.47506]},"Q4o":{"weight":0.0,"played":[1.0,0.0],"evs":[0.0,-4.38747]},"K4o":{"weight":0.0,"played":[1.0,0.0],"evs":[0.0,-3.23874]},"A4o":{"weight":0.0,"played":[1.0,0.0],"evs":[0.0,-2.70835]},"52s":{"weight":0.0,"played":[1.0,0.0],"evs":[0.0,-2.67671]},"53s":{"weight":0.0,"played":[1.0,0.0],"evs":[0.0,-2.16628]},"54s":{"weight":0.9999,"played":[1.0,0.0],"evs":[0.0,-1.28448]},"55":{"weight":0.966,"played":[0.0,1.0],"evs":[0.0,1.34079]},"65o":{"weight":0.0,"played":[1.0,0.0],"evs":[0.0,-2.75924]},"75o":{"weight":0.0,"played":[1.0,0.0],"evs":[0.0,-3.14492]},"85o":{"weight":0.0,"played":[1.0,0.0],"evs":[0.0,-3.67495]},"95o":{"weight":0.0,"played":[1.0,0.0],"evs":[0.0,-3.96783]},"T5o":{"weight":0.0,"played":[1.0,0.0],"evs":[0.0,-4.83938]},"J5o":{"weight":0.0,"played":[1.0,0.0],"evs":[0.0,-4.17909]},"Q5o":{"weight":0.0,"played":[1.0,0.0],"evs":[0.0,-4.00256]},"K5o":{"weight":0.0,"played":[1.0,0.0],"evs":[0.0,-2.89588]},"A5o":{"weight":0.0,"played":[1.0,0.0],"evs":[0.0,-2.41001]},"62s":{"weight":0.0,"played":[1.0,0.0],"evs":[0.0,-3.18114]},"63s":{"weight":0.0,"played":[1.0,0.0],"evs":[0.0,-2.50135]},"64s":{"weight":0.0047,"played":[1.0,0.0],"evs":[0.0,-1.80972]},"65s":{"weight":0.9997,"played":[1.0,0.0],"evs":[0.0,-0.94505]},"66":{"weight":0.9338,"played":[0.0,1.0],"evs":[0.0,2.6057]},"76o":{"weight":0.0,"played":[1.0,0.0],"evs":[0.0,-2.45228]},"86o":{"weight":0.0,"played":[1.0,0.0],"evs":[0.0,-2.77389]},"96o":{"weight":0.0,"played":[1.0,0.0],"evs":[0.0,-3.10959]},"T6o":{"weight":0.0,"played":[1.0,0.0],"evs":[0.0,-4.00675]},"J6o":{"weight":0.0,"played":[1.0,0.0],"evs":[0.0,-4.12698]},"Q6o":{"weight":0.0,"played":[1.0,0.0],"evs":[0.0,-3.49864]},"K6o":{"weight":0.0,"played":[1.0,0.0],"evs":[0.0,-2.66889]},"A6o":{"weight":0.0,"played":[1.0,0.0],"evs":[0.0,-2.76391]},"72s":{"weight":0.0,"played":[1.0,0.0],"evs":[0.0,-3.56968]},"73s":{"weight":0.0,"played":[1.0,0.0],"evs":[0.0,-2.7]},"74s":{"weight":0.0,"played":[0.9999,1.0E-4],"evs":[0.0,-2.13943]},"75s":{"weight":0.0168,"played":[1.0,0.0],"evs":[0.0,-1.19319]},"76s":{"weight":1.0,"played":[0.9989,0.0011],"evs":[0.0,-0.51838]},"77":{"weight":0.9683,"played":[0.0,1.0],"evs":[0.0,3.81024]},"87o":{"weight":0.0,"played":[1.0,0.0],"evs":[0.0,-2.04909]},"97o":{"weight":0.0,"played":[1.0,0.0],"evs":[0.0,-2.40007]},"T7o":{"weight":0.0,"played":[1.0,0.0],"evs":[0.0,-3.27902]},"J7o":{"weight":0.0,"played":[1.0,0.0],"evs":[0.0,-3.19567]},"Q7o":{"weight":0.0,"played":[1.0,0.0],"evs":[0.0,-3.5594]},"K7o":{"weight":0.0,"played":[1.0,0.0],"evs":[0.0,-2.37539]},"A7o":{"weight":0.0,"played":[1.0,0.0],"evs":[0.0,-2.55972]},"82s":{"weight":0.0,"played":[1.0,0.0],"evs":[0.0,-3.10509]},"83s":{"weight":0.0,"played":[1.0,0.0],"evs":[0.0,-3.4483]},"84s":{"weight":0.0,"played":[1.0,0.0],"evs":[0.0,-2.37903]},"85s":{"weight":0.0,"played":[1.0,0.0],"evs":[0.0,-1.71686]},"86s":{"weight":0.2847,"played":[1.0,0.0],"evs":[0.0,-0.95049]},"87s":{"weight":0.98,"played":[0.9995,5.0E-4],"evs":[0.0,-0.35604]},"88":{"weight":0.8938,"played":[0.0,1.0],"evs":[0.0,4.87934]},"98o":{"weight":0.0,"played":[1.0,0.0],"evs":[0.0,-1.94895]},"T8o":{"weight":0.0,"played":[1.0,0.0],"evs":[0.0,-2.42053]},"J8o":{"weight":0.0,"played":[1.0,0.0],"evs":[0.0,-2.66135]},"Q8o":{"weight":0.0,"played":[1.0,0.0],"evs":[0.0,-2.86918]},"K8o":{"weight":0.0,"played":[1.0,0.0],"evs":[0.0,-2.28223]},"A8o":{"weight":0.0,"played":[0.9999,1.0E-4],"evs":[0.0,-2.08876]},"92s":{"weight":0.0,"played":[1.0,0.0],"evs":[0.0,-3.01765]},"93s":{"weight":0.0,"played":[1.0,0.0],"evs":[0.0,-3.00119]},"94s":{"weight":0.0,"played":[1.0,0.0],"evs":[0.0,-2.79877]},"95s":{"weight":0.0,"played":[1.0,0.0],"evs":[0.0,-1.87776]},"96s":{"weight":2.0E-4,"played":[1.0,0.0],"evs":[0.0,-1.53808]},"97s":{"weight":0.967,"played":[0.9993,7.0E-4],"evs":[0.0,-0.71439]},"98s":{"weight":0.9999,"played":[0.1846,0.8154],"evs":[0.0,0.05308]},"99":{"weight":0.0059,"played":[0.0,1.0],"evs":[0.0,6.42644]},"T9o":{"weight":0.0,"played":[1.0,0.0],"evs":[0.0,-1.79586]},"J9o":{"weight":0.0,"played":[1.0,0.0],"evs":[0.0,-2.06153]},"Q9o":{"weight":0.0,"played":[1.0,0.0],"evs":[0.0,-2.17253]},"K9o":{"weight":0.0,"played":[1.0,0.0],"evs":[0.0,-1.77957]},"A9o":{"weight":2.0E-4,"played":[1.0,0.0],"evs":[0.0,-1.68315]},"T2s":{"weight":0.0,"played":[1.0,0.0],"evs":[0.0,-3.27401]},"T3s":{"weight":0.0,"played":[1.0,0.0],"evs":[0.0,-3.11171]},"T4s":{"weight":0.0,"played":[1.0,0.0],"evs":[0.0,-3.11276]},"T5s":{"weight":0.0,"played":[1.0,0.0],"evs":[0.0,-3.07995]},"T6s":{"weight":0.0,"played":[1.0,0.0],"evs":[0.0,-2.06329]},"T7s":{"weight":0.3304,"played":[1.0,0.0],"evs":[0.0,-1.28622]},"T8s":{"weight":0.999,"played":[0.9983,0.0017],"evs":[0.0,-0.67582]},"T9s":{"weight":0.9995,"played":[0.7102,0.2898],"evs":[0.0,-0.11107]},"TT":{"weight":1.0E-4,"played":[0.0,1.0],"evs":[0.0,8.45155]},"JTo":{"weight":0.0,"played":[1.0,0.0],"evs":[0.0,-1.5016]},"QTo":{"weight":0.0,"played":[1.0,0.0],"evs":[0.0,-1.61153]},"KTo":{"weight":5.0E-4,"played":[1.0,0.0],"evs":[0.0,-1.03869]},"ATo":{"weight":0.6157,"played":[0.6043,0.3957],"evs":[0.0,-0.05974]},"J2s":{"weight":0.0,"played":[1.0,0.0],"evs":[0.0,-2.97915]},"J3s":{"weight":0.0,"played":[1.0,0.0],"evs":[0.0,-2.83486]},"J4s":{"weight":0.0,"played":[1.0,0.0],"evs":[0.0,-2.29338]},"J5s":{"weight":0.0,"played":[0.9997,3.0E-4],"evs":[0.0,-2.22687]},"J6s":{"weight":0.0,"played":[1.0,0.0],"evs":[0.0,-1.92376]},"J7s":{"weight":1.0E-4,"played":[1.0,0.0],"evs":[0.0,-1.43858]},"J8s":{"weight":0.9935,"played":[0.9996,4.0E-4],"evs":[0.0,-0.8323]},"J9s":{"weight":1.0,"played":[0.3285,0.6715],"evs":[0.0,0.01123]},"JTs":{"weight":0.4368,"played":[0.0198,0.9802],"evs":[0.0,0.26234]},"JJ":{"weight":0.0594,"played":[0.0,1.0],"evs":[0.0,11.24957]},"QJo":{"weight":0.8103,"played":[1.0,0.0],"evs":[0.0,-0.85565]},"KJo":{"weight":0.9363,"played":[0.9993,7.0E-4],"evs":[0.0,-0.36437]},"AJo":{"weight":0.9889,"played":[0.0,1.0],"evs":[0.0,1.89922]},"Q2s":{"weight":0.0,"played":[1.0,0.0],"evs":[0.0,-2.61858]},"Q3s":{"weight":0.0,"played":[1.0,0.0],"evs":[0.0,-2.2781]},"Q4s":{"weight":0.0,"played":[1.0,0.0],"evs":[0.0,-2.01481]},"Q5s":{"weight":0.0,"played":[1.0,0.0],"evs":[0.0,-1.92985]},"Q6s":{"weight":0.0,"played":[1.0,0.0],"evs":[0.0,-1.69193]},"Q7s":{"weight":1.0E-4,"played":[1.0,0.0],"evs":[0.0,-1.50298]},"Q8s":{"weight":0.4673,"played":[1.0,0.0],"evs":[0.0,-0.8249]},"Q9s":{"weight":0.854,"played":[1.0,0.0],"evs":[0.0,-0.15482]},"QTs":{"weight":0.455,"played":[0.3058,0.6942],"evs":[0.0,0.1459]},"QJs":{"weight":0.0879,"played":[0.0,1.0],"evs":[0.0,0.9442]},"QQ":{"weight":0.2308,"played":[0.0,1.0],"evs":[0.0,14.71615]},"KQo":{"weight":0.967,"played":[0.0,1.0],"evs":[0.0,0.98963]},"AQo":{"weight":0.2386,"played":[0.0,1.0],"evs":[0.0,4.61202]},"K2s":{"weight":0.0,"played":[1.0,0.0],"evs":[0.0,-1.87186]},"K3s":{"weight":0.0,"played":[1.0,0.0],"evs":[0.0,-1.57548]},"K4s":{"weight":2.0E-4,"played":[1.0,0.0],"evs":[0.0,-1.25389]},"K5s":{"weight":0.0734,"played":[1.0,0.0],"evs":[0.0,-1.10592]},"K6s":{"weight":0.0299,"played":[0.9997,3.0E-4],"evs":[0.0,-0.76352]},"K7s":{"weight":0.4059,"played":[0.9814,0.0186],"evs":[0.0,-0.7529]},"K8s":{"weight":0.7968,"played":[1.0,0.0],"evs":[0.0,-0.25001]},"K9s":{"weight":0.9351,"played":[0.001,0.999],"evs":[0.0,0.14685]},"KTs":{"weight":0.8114,"played":[0.0,1.0],"evs":[0.0,0.70575]},"KJs":{"weight":0.0151,"played":[0.0,1.0],"evs":[0.0,1.37605]},"KQs":{"weight":0.9977,"played":[0.0,1.0],"evs":[0.0,2.77351]},"KK":{"weight":0.6899,"played":[0.0,1.0],"evs":[0.0,18.8312]},"AKo":{"weight":0.0,"played":[0.0,1.0],"evs":[0.0,7.34854]},"A2s":{"weight":0.9911,"played":[0.9999,1.0E-4],"evs":[0.0,-1.18484]},"A3s":{"weight":0.9676,"played":[1.0,0.0],"evs":[0.0,-0.91286]},"A4s":{"weight":0.4321,"played":[0.9844,0.0156],"evs":[0.0,-0.60351]},"A5s":{"weight":0.2332,"played":[0.9896,0.0104],"evs":[0.0,-0.32318]},"A6s":{"weight":0.7584,"played":[0.9993,7.0E-4],"evs":[0.0,-0.91879]},"A7s":{"weight":0.9064,"played":[0.996,0.004],"evs":[0.0,-0.41292]},"A8s":{"weight":0.9825,"played":[0.123,0.877],"evs":[0.0,0.08862]},"A9s":{"weight":0.9999,"played":[1.0E-4,0.9999],"evs":[0.0,0.33899]},"ATs":{"weight":1.0,"played":[0.0,1.0],"evs":[0.0,1.82485]},"AJs":{"weight":0.9996,"played":[0.0,1.0],"evs":[0.0,3.64403]},"AQs":{"weight":1.0,"played":[0.0,1.0],"evs":[0.0,6.18243]},"AKs":{"weight":3.0E-4,"played":[0.0,1.0],"evs":[0.0,8.69993]},"AA":{"weight":0.4828,"played":[0.0,1.0],"evs":[0.0,23.82675]}}}