{"player":0,"street":0,"children":2,"sequence":[{"player":0,"type":"R","amount":200000,"street":0},{"player":1,"type":"F","amount":0,"street":0},{"player":2,"type":"C","amount":200000,"street":0},{"player":3,"type":"F","amount":0,"street":0},{"player":4,"type":"R","amount":1085000,"street":0},{"player":5,"type":"R","amount":2235000,"street":0},{"player":0,"type":"C","amount":2035000,"street":0},{"player":2,"type":"R","amount":2985000,"street":0}],"actions":[{"type":"F","amount":0},{"type":"C","amount":350000}],"hands":{"22":{"weight":0.0,"played":[1.0E-4,0.9999],"evs":[0.0,10.66363]},"32o":{"weight":0.0,"played":[2.0E-4,0.9998],"evs":[0.0,6.67002]},"42o":{"weight":0.0,"played":[1.0E-4,0.9999],"evs":[0.0,6.78167]},"52o":{"weight":0.0,"played":[0.0,1.0],"evs":[0.0,7.56179]},"62o":{"weight":0.0,"played":[0.0,1.0],"evs":[0.0,6.92343]},"72o":{"weight":0.0,"played":[2.0E-4,0.9998],"evs":[0.0,5.50472]},"82o":{"weight":0.0,"played":[0.0,1.0],"evs":[0.0,6.23335]},"92o":{"weight":0.0,"played":[0.0,1.0],"evs":[0.0,6.76827]},"T2o":{"weight":0.0,"played":[1.0E-4,0.9999],"evs":[0.0,6.70639]},"J2o":{"weight":0.0,"played":[0.0,1.0],"evs":[0.0,7.0855]},"Q2o":{"weight":0.0,"played":[0.0,1.0],"evs":[0.0,6.55084]},"K2o":{"weight":0.0,"played":[0.0,1.0],"evs":[0.0,7.05861]},"A2o":{"weight":0.0,"played":[0.0,1.0],"evs":[0.0,8.35759]},"32s":{"weight":0.0,"played":[1.0E-4,0.9999],"evs":[0.0,9.12467]},"33":{"weight":2.0E-4,"played":[0.0,1.0],"evs":[0.0,8.83432]},"43o":{"weight":0.0,"played":[0.0,1.0],"evs":[0.0,8.59299]},"53o":{"weight":0.0,"played":[0.0,1.0],"evs":[0.0,9.23369]},"63o":{"weight":0.0,"played":[0.0,1.0],"evs":[0.0,7.82066]},"73o":{"weight":0.0,"played":[1.0E-4,0.9999],"evs":[0.0,6.40548]},"83o":{"weight":0.0,"played":[1.0E-4,0.9999],"evs":[0.0,6.46129]},"93o":{"weight":0.0,"played":[2.0E-4,0.9998],"evs":[0.0,6.48034]},"T3o":{"weight":0.0,"played":[1.0E-4,0.9999],"evs":[0.0,7.58075]},"J3o":{"weight":0.0,"played":[0.0,1.0],"evs":[0.0,5.59942]},"Q3o":{"weight":0.0,"played":[0.0,1.0],"evs":[0.0,6.39662]},"K3o":{"weight":0.0,"played":[0.0,1.0],"evs":[0.0,8.11689]},"A3o":{"weight":0.0,"played":[0.0,1.0],"evs":[0.0,7.1529]},"42s":{"weight":0.0,"played":[6.0E-4,0.9994],"evs":[0.0,7.50842]},"43s":{"weight":0.0,"played":[1.0E-4,0.9999],"evs":[0.0,11.32938]},"44":{"weight":0.005,"played":[0.0,1.0],"evs":[0.0,11.71977]},"54o":{"weight":0.0,"played":[0.0,1.0],"evs":[0.0,9.50906]},"64o":{"weight":0.0,"played":[0.0,1.0],"evs":[0.0,10.38565]},"74o":{"weight":0.0,"played":[0.0,1.0],"evs":[0.0,7.82623]},"84o":{"weight":0.0,"played":[0.0,1.0],"evs":[0.0,7.27919]},"94o":{"weight":0.0,"played":[0.0,1.0],"evs":[0.0,7.70464]},"T4o":{"weight":0.0,"played":[2.0E-4,0.9998],"evs":[0.0,8.09029]},"J4o":{"weight":0.0,"played":[1.0E-4,0.9999],"evs":[0.0,7.56971]},"Q4o":{"weight":0.0,"played":[0.0,1.0],"evs":[0.0,6.0457]},"K4o":{"weight":0.0,"played":[0.0,1.0],"evs":[0.0,6.67923]},"A4o":{"weight":0.0,"played":[0.0,1.0],"evs":[0.0,10.11011]},"52s":{"weight":0.0,"played":[0.0,1.0],"evs":[0.0,9.5999]},"53s":{"weight":0.0,"played":[0.0,1.0],"evs":[0.0,9.80488]},"54s":{"weight":0.0,"played":[0.0,1.0],"evs":[0.0,9.05679]},"55":{"weight":3.0E-4,"played":[0.0,1.0],"evs":[0.0,11.03251]},"65o":{"weight":0.0,"played":[0.0,1.0],"evs":[0.0,9.05025]},"75o":{"weight":0.0,"played":[0.0,1.0],"evs":[0.0,8.04004]},"85o":{"weight":0.0,"played":[0.0,1.0],"evs":[0.0,8.87414]},"95o":{"weight":0.0,"played":[2.0E-4,0.9998],"evs":[0.0,6.47906]},"T5o":{"weight":0.0,"played":[0.0,1.0],"evs":[0.0,7.85592]},"J5o":{"weight":0.0,"played":[0.0,1.0],"evs":[0.0,7.47499]},"Q5o":{"weight":0.0,"played":[0.0,1.0],"evs":[0.0,7.10725]},"K5o":{"weight":0.0,"played":[0.0,1.0],"evs":[0.0,8.08196]},"A5o":{"weight":0.0,"played":[0.0,1.0],"evs":[0.0,8.97191]},"62s":{"weight":0.0,"played":[1.0E-4,0.9999],"evs":[0.0,7.93383]},"63s":{"weight":0.0,"played":[0.0,1.0],"evs":[0.0,10.70571]},"64s":{"weight":0.0,"played":[1.0E-4,0.9999],"evs":[0.0,8.55465]},"65s":{"weight":0.0,"played":[0.0,1.0],"evs":[0.0,10.02013]},"66":{"weight":0.0027,"played":[0.0,1.0],"evs":[0.0,12.43881]},"76o":{"weight":0.0,"played":[0.0,1.0],"evs":[0.0,10.12916]},"86o":{"weight":0.0,"played":[1.0E-4,0.9999],"evs":[0.0,8.81065]},"96o":{"weight":0.0,"played":[0.0,1.0],"evs":[0.0,8.51132]},"T6o":{"weight":0.0,"played":[0.0,1.0],"evs":[0.0,7.58753]},"J6o":{"weight":0.0,"played":[0.0,1.0],"evs":[0.0,7.39995]},"Q6o":{"weight":0.0,"played":[1.0E-4,0.9999],"evs":[0.0,6.54588]},"K6o":{"weight":0.0,"played":[0.0,1.0],"evs":[0.0,9.64467]},"A6o":{"weight":0.0,"played":[0.0,1.0],"evs":[0.0,8.98766]},"72s":{"weight":0.0,"played":[2.0E-4,0.9998],"evs":[0.0,7.35711]},"73s":{"weight":0.0,"played":[3.0E-4,0.9997],"evs":[0.0,9.58842]},"74s":{"weight":0.0,"played":[1.0E-4,0.9999],"evs":[0.0,8.15849]},"75s":{"weight":0.0,"played":[1.0E-4,0.9999],"evs":[0.0,12.21302]},"76s":{"weight":0.0,"played":[2.0E-4,0.9998],"evs":[0.0,10.35063]},"77":{"weight":0.6653,"played":[0.0,1.0],"evs":[0.0,13.31958]},"87o":{"weight":0.0,"played":[0.0,1.0],"evs":[0.0,8.32631]},"97o":{"weight":0.0,"played":[0.0,1.0],"evs":[0.0,8.55926]},"T7o":{"weight":0.0,"played":[0.0,1.0],"evs":[0.0,8.10527]},"J7o":{"weight":0.0,"played":[0.0,1.0],"evs":[0.0,9.16799]},"Q7o":{"weight":0.0,"played":[0.0,1.0],"evs":[0.0,7.73336]},"K7o":{"weight":0.0,"played":[0.0,1.0],"evs":[0.0,8.9699]},"A7o":{"weight":0.0,"played":[0.0,1.0],"evs":[0.0,7.56474]},"82s":{"weight":0.0,"played":[1.0E-4,0.9999],"evs":[0.0,7.5579]},"83s":{"weight":0.0,"played":[1.0E-4,0.9999],"evs":[0.0,8.66888]},"84s":{"weight":0.0,"played":[1.0E-4,0.9999],"evs":[0.0,8.35555]},"85s":{"weight":0.0,"played":[2.0E-4,0.9998],"evs":[0.0,10.55597]},"86s":{"weight":0.0,"played":[0.0014,0.9986],"evs":[0.0,11.80523]},"87s":{"weight":4.0E-4,"played":[0.0,1.0],"evs":[0.0,11.60697]},"88":{"weight":0.9924,"played":[0.0,1.0],"evs":[0.0,14.70711]},"98o":{"weight":0.0,"played":[0.0,1.0],"evs":[0.0,9.46035]},"T8o":{"weight":0.0,"played":[0.0,1.0],"evs":[0.0,10.10688]},"J8o":{"weight":0.0,"played":[1.0E-4,0.9999],"evs":[0.0,9.71293]},"Q8o":{"weight":0.0,"played":[0.0,1.0],"evs":[0.0,9.11507]},"K8o":{"weight":0.0,"played":[0.0,1.0],"evs":[0.0,8.59231]},"A8o":{"weight":0.0,"played":[0.0,1.0],"evs":[0.0,8.26463]},"92s":{"weight":0.0,"played":[0.0,1.0],"evs":[0.0,12.01958]},"93s":{"weight":0.0,"played":[4.0E-4,0.9996],"evs":[0.0,8.36064]},"94s":{"weight":0.0,"played":[1.0E-4,0.9999],"evs":[0.0,9.58421]},"95s":{"weight":0.0,"played":[3.0E-4,0.9997],"evs":[0.0,8.9732]},"96s":{"weight":0.0,"played":[2.0E-4,0.9998],"evs":[0.0,10.34981]},"97s":{"weight":0.0,"played":[1.0E-4,0.9999],"evs":[0.0,8.22755]},"98s":{"weight":0.0056,"played":[1.0E-4,0.9999],"evs":[0.0,13.03433]},"99":{"weight":0.6007,"played":[0.0,1.0],"evs":[0.0,16.27315]},"T9o":{"weight":0.0,"played":[0.0,1.0],"evs":[0.0,11.42996]},"J9o":{"weight":0.0,"played":[0.0,1.0],"evs":[0.0,8.55248]},"Q9o":{"weight":0.0,"played":[0.0,1.0],"evs":[0.0,9.14572]},"K9o":{"weight":0.0,"played":[0.0,1.0],"evs":[0.0,8.77446]},"A9o":{"weight":0.0,"played":[0.0,1.0],"evs":[0.0,9.09745]},"T2s":{"weight":0.0,"played":[0.0,1.0],"evs":[0.0,7.02034]},"T3s":{"weight":0.0,"played":[1.0E-4,0.9999],"evs":[0.0,8.1075]},"T4s":{"weight":0.0,"played":[0.0,1.0],"evs":[0.0,11.17037]},"T5s":{"weight":0.0,"played":[4.0E-4,0.9996],"evs":[0.0,12.82647]},"T6s":{"weight":0.0,"played":[0.0,1.0],"evs":[0.0,11.48928]},"T7s":{"weight":0.0,"played":[2.0E-4,0.9998],"evs":[0.0,12.08855]},"T8s":{"weight":4.0E-4,"played":[2.0E-4,0.9998],"evs":[0.0,12.01498]},"T9s":{"weight":0.0189,"played":[2.0E-4,0.9998],"evs":[0.0,11.53275]},"TT":{"weight":0.6869,"played":[0.0,1.0],"evs":[0.0,18.66075]},"JTo":{"weight":0.0,"played":[0.0,1.0],"evs":[0.0,10.51291]},"QTo":{"weight":0.0,"played":[0.0,1.0],"evs":[0.0,10.08576]},"KTo":{"weight":0.0,"played":[0.0,1.0],"evs":[0.0,10.87905]},"ATo":{"weight":7.0E-4,"played":[0.0,1.0],"evs":[0.0,11.53995]},"J2s":{"weight":0.0,"played":[0.0024,0.9976],"evs":[0.0,11.28477]},"J3s":{"weight":0.0,"played":[0.0,1.0],"evs":[0.0,10.81521]},"J4s":{"weight":0.0,"played":[0.0013,0.9987],"evs":[0.0,8.85066]},"J5s":{"weight":0.0,"played":[1.0E-4,0.9999],"evs":[0.0,11.73083]},"J6s":{"weight":0.0,"played":[4.0E-4,0.9996],"evs":[0.0,8.37083]},"J7s":{"weight":0.0,"played":[0.0,1.0],"evs":[0.0,11.09982]},"J8s":{"weight":0.0012,"played":[0.0,1.0],"evs":[0.0,14.11332]},"J9s":{"weight":3.0E-4,"played":[0.0,1.0],"evs":[0.0,13.51394]},"JTs":{"weight":0.0402,"played":[0.0,1.0],"evs":[0.0,13.76012]},"JJ":{"weight":0.9631,"played":[0.0,1.0],"evs":[0.0,21.075]},"QJo":{"weight":1.0E-4,"played":[0.0,1.0],"evs":[0.0,10.82549]},"KJo":{"weight":0.0021,"played":[0.0,1.0],"evs":[0.0,11.10394]},"AJo":{"weight":0.0031,"played":[0.0,1.0],"evs":[0.0,12.84574]},"Q2s":{"weight":0.0,"played":[0.0,1.0],"evs":[0.0,12.41339]},"Q3s":{"weight":0.0,"played":[0.0018,0.9982],"evs":[0.0,10.60508]},"Q4s":{"weight":0.0,"played":[1.0E-4,0.9999],"evs":[0.0,8.12635]},"Q5s":{"weight":0.0,"played":[0.0,1.0],"evs":[0.0,8.74426]},"Q6s":{"weight":0.0,"played":[3.0E-4,0.9997],"evs":[0.0,10.82559]},"Q7s":{"weight":0.0,"played":[3.0E-4,0.9997],"evs":[0.0,9.75129]},"Q8s":{"weight":0.0,"played":[0.0,1.0],"evs":[0.0,10.8621]},"Q9s":{"weight":0.0073,"played":[3.0E-4,0.9997],"evs":[0.0,10.66355]},"QTs":{"weight":0.0013,"played":[0.0,1.0],"evs":[0.0,11.99505]},"QJs":{"weight":0.1696,"played":[1.0E-4,0.9999],"evs":[0.0,11.5257]},"QQ":{"weight":0.8903,"played":[0.0,1.0],"evs":[0.0,24.94857]},"KQo":{"weight":9.0E-4,"played":[0.0,1.0],"evs":[0.0,11.49352]},"AQo":{"weight":0.1298,"played":[0.0,1.0],"evs":[0.0,12.79632]},"K2s":{"weight":0.0,"played":[0.0,1.0],"evs":[0.0,11.18706]},"K3s":{"weight":0.0,"played":[0.0,1.0],"evs":[0.0,11.8719]},"K4s":{"weight":0.0,"played":[1.0E-4,0.9999],"evs":[0.0,9.66496]},"K5s":{"weight":0.0,"played":[0.0,1.0],"evs":[0.0,8.22548]},"K6s":{"weight":0.0,"played":[1.0E-4,0.9999],"evs":[0.0,10.03147]},"K7s":{"weight":6.0E-4,"played":[1.0E-4,0.9999],"evs":[0.0,10.62323]},"K8s":{"weight":0.0022,"played":[0.0,1.0],"evs":[0.0,12.55505]},"K9s":{"weight":0.0,"played":[0.0,1.0],"evs":[0.0,12.03175]},"KTs":{"weight":0.0053,"played":[0.0,1.0],"evs":[0.0,13.88644]},"KJs":{"weight":0.5485,"played":[0.0,1.0],"evs":[0.0,13.62686]},"KQs":{"weight":0.7953,"played":[0.0,1.0],"evs":[0.0,13.08647]},"KK":{"weight":0.8922,"played":[0.0,1.0],"evs":[0.0,29.69767]},"AKo":{"weight":0.5674,"played":[0.0,1.0],"evs":[0.0,16.94493]},"A2s":{"weight":0.0,"played":[0.0,1.0],"evs":[0.0,11.0439]},"A3s":{"weight":0.0,"played":[0.0,1.0],"evs":[0.0,11.52593]},"A4s":{"weight":3.0E-4,"played":[0.0,1.0],"evs":[0.0,12.02264]},"A5s":{"weight":0.0011,"played":[0.0,1.0],"evs":[0.0,12.20176]},"A6s":{"weight":5.0E-4,"played":[1.0E-4,0.9999],"evs":[0.0,10.28838]},"A7s":{"weight":3.0E-4,"played":[0.0,1.0],"evs":[0.0,10.53534]},"A8s":{"weight":0.0024,"played":[1.0E-4,0.9999],"evs":[0.0,11.25905]},"A9s":{"weight":0.007,"played":[0.0,1.0],"evs":[0.0,11.33066]},"ATs":{"weight":0.0268,"played":[0.0,1.0],"evs":[0.0,13.24212]},"AJs":{"weight":0.8584,"played":[0.0,1.0],"evs":[0.0,12.57738]},"AQs":{"weight":0.947,"played":[0.0,1.0],"evs":[0.0,15.56657]},"AKs":{"weight":0.9775,"played":[0.0,1.0],"evs":[0.0,17.18225]},"AA":{"weight":0.411,"played":[0.0,1.0],"evs":[0.0,37.32113]}}}