{"player":2,"street":0,"children":3,"sequence":[{"player":0,"type":"R","amount":200000,"street":0},{"player":1,"type":"F","amount":0,"street":0},{"player":2,"type":"C","amount":200000,"street":0},{"player":3,"type":"C","amount":200000,"street":0},{"player":4,"type":"F","amount":0,"street":0},{"player":5,"type":"R","amount":2235000,"street":0},{"player":0,"type":"F","amount":0,"street":0}],"actions":[{"type":"F","amount":0,"node":399},{"type":"C","amount":2035000,"node":400},{"type":"R","amount":2985000,"node":402}],"hands":{"22":{"weight":1.0,"played":[0.9998,0.0,1.0E-4],"evs":[0.0,-0.74887,-0.81556]},"32o":{"weight":0.0,"played":[1.0,0.0,0.0],"evs":[0.0,-5.16048,-5.26416]},"42o":{"weight":0.0,"played":[1.0,0.0,0.0],"evs":[0.0,-4.84384,-4.96121]},"52o":{"weight":0.0,"played":[1.0,0.0,0.0],"evs":[0.0,-5.09699,-5.11484]},"62o":{"weight":0.0,"played":[1.0,0.0,0.0],"evs":[0.0,-5.23975,-5.29431]},"72o":{"weight":0.0,"played":[1.0,0.0,0.0],"evs":[0.0,-5.7335,-5.80844]},"82o":{"weight":0.0,"played":[1.0,0.0,0.0],"evs":[0.0,-5.42231,-5.4949]},"92o":{"weight":0.0,"played":[1.0,0.0,0.0],"evs":[0.0,-5.1827,-5.21576]},"T2o":{"weight":0.0,"played":[1.0,0.0,0.0],"evs":[0.0,-5.20297,-5.37169]},"J2o":{"weight":0.0,"played":[1.0,0.0,0.0],"evs":[0.0,-4.86304,-4.80844]},"Q2o":{"weight":0.0,"played":[1.0,0.0,0.0],"evs":[0.0,-4.16026,-4.17628]},"K2o":{"weight":0.0,"played":[1.0,0.0,0.0],"evs":[0.0,-4.03887,-4.06172]},"A2o":{"weight":0.0,"played":[1.0,0.0,0.0],"evs":[0.0,-3.30877,-3.45723]},"32s":{"weight":0.0,"played":[1.0,0.0,0.0],"evs":[0.0,-3.03782,-3.08254]},"33":{"weight":0.5978,"played":[1.0,0.0,0.0],"evs":[0.0,-0.30104,-0.38581]},"43o":{"weight":0.0,"played":[1.0,0.0,0.0],"evs":[0.0,-4.7613,-4.8201]},"53o":{"weight":0.0,"played":[1.0,0.0,0.0],"evs":[0.0,-4.2447,-4.31639]},"63o":{"weight":0.0,"played":[1.0,0.0,0.0],"evs":[0.0,-5.01758,-5.03964]},"73o":{"weight":0.0,"played":[1.0,0.0,0.0],"evs":[0.0,-5.21,-5.35745]},"83o":{"weight":0.0,"played":[1.0,0.0,0.0],"evs":[0.0,-5.21968,-5.29954]},"93o":{"weight":0.0,"played":[1.0,0.0,0.0],"evs":[0.0,-4.84646,-4.81897]},"T3o":{"weight":0.0,"played":[1.0,0.0,0.0],"evs":[0.0,-4.90639,-5.05701]},"J3o":{"weight":0.0,"played":[1.0,0.0,0.0],"evs":[0.0,-4.73344,-4.77537]},"Q3o":{"weight":0.0,"played":[1.0,0.0,0.0],"evs":[0.0,-3.95781,-3.98305]},"K3o":{"weight":0.0,"played":[1.0,0.0,0.0],"evs":[0.0,-3.80956,-3.86022]},"A3o":{"weight":0.0,"played":[0.9999,1.0E-4,0.0],"evs":[0.0,-2.56737,-2.72927]},"42s":{"weight":0.0,"played":[1.0,0.0,0.0],"evs":[0.0,-3.55134,-3.65502]},"43s":{"weight":0.0,"played":[0.9999,0.0,0.0],"evs":[0.0,-3.69562,-3.75753]},"44":{"weight":0.9003,"played":[0.9944,0.004,0.0016],"evs":[0.0,-0.51227,-0.56804]},"54o":{"weight":0.0,"played":[1.0,0.0,0.0],"evs":[0.0,-3.93295,-3.98005]},"64o":{"weight":0.0,"played":[1.0,0.0,0.0],"evs":[0.0,-4.27943,-4.36403]},"74o":{"weight":0.0,"played":[1.0,0.0,0.0],"evs":[0.0,-4.44725,-4.484]},"84o":{"weight":0.0,"played":[1.0,0.0,0.0],"evs":[0.0,-4.6765,-4.75064]},"94o":{"weight":0.0,"played":[1.0,0.0,0.0],"evs":[0.0,-4.7754,-4.82116]},"T4o":{"weight":0.0,"played":[1.0,0.0,0.0],"evs":[0.0,-4.60446,-4.66037]},"J4o":{"weight":0.0,"played":[1.0,0.0,0.0],"evs":[0.0,-4.81282,-4.75487]},"Q4o":{"weight":0.0,"played":[1.0,0.0,0.0],"evs":[0.0,-3.85205,-3.86704]},"K4o":{"weight":0.0,"played":[1.0,0.0,0.0],"evs":[0.0,-3.56259,-3.54304]},"A4o":{"weight":0.0,"played":[1.0,0.0,0.0],"evs":[0.0,-2.72138,-2.66594]},"52s":{"weight":0.0,"played":[1.0,0.0,0.0],"evs":[0.0,-3.35207,-3.45643]},"53s":{"weight":0.0,"played":[0.9996,0.0,4.0E-4],"evs":[0.0,-3.28198,-3.27564]},"54s":{"weight":0.9999,"played":[1.0,0.0,0.0],"evs":[0.0,-2.75371,-2.86843]},"55":{"weight":0.966,"played":[0.9885,0.0052,0.0063],"evs":[0.0,-0.57398,-0.51198]},"65o":{"weight":0.0,"played":[1.0,0.0,0.0],"evs":[0.0,-4.09556,-4.14323]},"75o":{"weight":0.0,"played":[1.0,0.0,0.0],"evs":[0.0,-4.4024,-4.39473]},"85o":{"weight":0.0,"played":[1.0,0.0,0.0],"evs":[0.0,-4.27948,-4.21598]},"95o":{"weight":0.0,"played":[1.0,0.0,0.0],"evs":[0.0,-4.58659,-4.59219]},"T5o":{"weight":0.0,"played":[1.0,0.0,0.0],"evs":[0.0,-4.86883,-4.96007]},"J5o":{"weight":0.0,"played":[1.0,0.0,0.0],"evs":[0.0,-4.51706,-4.47015]},"Q5o":{"weight":0.0,"played":[1.0,0.0,0.0],"evs":[0.0,-3.7453,-3.63351]},"K5o":{"weight":0.0,"played":[1.0,0.0,0.0],"evs":[0.0,-3.48091,-3.47369]},"A5o":{"weight":0.0,"played":[0.9999,0.0,0.0],"evs":[0.0,-2.62875,-2.74678]},"62s":{"weight":0.0,"played":[0.9999,0.0,1.0E-4],"evs":[0.0,-3.63825,-3.83368]},"63s":{"weight":0.0,"played":[1.0,0.0,0.0],"evs":[0.0,-2.86484,-2.89752]},"64s":{"weight":0.0047,"played":[1.0,0.0,0.0],"evs":[0.0,-2.86712,-2.84587]},"65s":{"weight":0.9997,"played":[1.0,0.0,0.0],"evs":[0.0,-2.29868,-2.35914]},"66":{"weight":0.9338,"played":[0.0035,0.1784,0.818],"evs":[0.0,0.25384,0.25107]},"76o":{"weight":0.0,"played":[1.0,0.0,0.0],"evs":[0.0,-3.56049,-3.59156]},"86o":{"weight":0.0,"played":[0.9999,0.0,0.0],"evs":[0.0,-3.50325,-3.56432]},"96o":{"weight":0.0,"played":[1.0,0.0,0.0],"evs":[0.0,-4.06414,-4.10061]},"T6o":{"weight":0.0,"played":[1.0,0.0,0.0],"evs":[0.0,-4.58649,-4.67232]},"J6o":{"weight":0.0,"played":[1.0,0.0,0.0],"evs":[0.0,-4.87522,-4.85246]},"Q6o":{"weight":0.0,"played":[0.9999,0.0,0.0],"evs":[0.0,-3.83811,-3.80496]},"K6o":{"weight":0.0,"played":[1.0,0.0,0.0],"evs":[0.0,-3.50899,-3.50093]},"A6o":{"weight":0.0,"played":[1.0,0.0,0.0],"evs":[0.0,-3.38937,-3.46308]},"72s":{"weight":0.0,"played":[1.0,0.0,0.0],"evs":[0.0,-4.51647,-4.43204]},"73s":{"weight":0.0,"played":[1.0,0.0,0.0],"evs":[0.0,-3.40693,-3.48491]},"74s":{"weight":0.0,"played":[1.0,0.0,0.0],"evs":[0.0,-3.22022,-3.18858]},"75s":{"weight":0.0168,"played":[1.0,0.0,0.0],"evs":[0.0,-2.4824,-2.48523]},"76s":{"weight":1.0,"played":[0.9999,1.0E-4,0.0],"evs":[0.0,-1.92428,-1.93369]},"77":{"weight":0.9683,"played":[0.0029,0.5496,0.4475],"evs":[0.0,1.70632,1.71236]},"87o":{"weight":0.0,"played":[1.0,0.0,0.0],"evs":[0.0,-3.34877,-3.36284]},"97o":{"weight":0.0,"played":[1.0,0.0,0.0],"evs":[0.0,-3.58273,-3.56127]},"T7o":{"weight":0.0,"played":[1.0,0.0,0.0],"evs":[0.0,-3.73361,-3.87054]},"J7o":{"weight":0.0,"played":[1.0,0.0,0.0],"evs":[0.0,-3.99956,-4.07699]},"Q7o":{"weight":0.0,"played":[1.0,0.0,0.0],"evs":[0.0,-3.67457,-3.62293]},"K7o":{"weight":0.0,"played":[1.0,0.0,0.0],"evs":[0.0,-3.26821,-3.23689]},"A7o":{"weight":0.0,"played":[0.9998,0.0,2.0E-4],"evs":[0.0,-2.6652,-2.83887]},"82s":{"weight":0.0,"played":[1.0,0.0,0.0],"evs":[0.0,-3.55725,-3.56548]},"83s":{"weight":0.0,"played":[1.0,0.0,0.0],"evs":[0.0,-3.3286,-3.35543]},"84s":{"weight":0.0,"played":[1.0,0.0,0.0],"evs":[0.0,-3.21099,-3.38038]},"85s":{"weight":0.0,"played":[0.9991,4.0E-4,5.0E-4],"evs":[0.0,-2.58981,-2.58537]},"86s":{"weight":0.2847,"played":[0.9986,6.0E-4,8.0E-4],"evs":[0.0,-2.45679,-2.45784]},"87s":{"weight":0.98,"played":[0.9998,1.0E-4,2.0E-4],"evs":[0.0,-2.10594,-2.08941]},"88":{"weight":0.8938,"played":[1.0E-4,0.387,0.6129],"evs":[0.0,3.12159,3.11671]},"98o":{"weight":0.0,"played":[1.0,0.0,0.0],"evs":[0.0,-2.67376,-2.65214]},"T8o":{"weight":0.0,"played":[1.0,0.0,0.0],"evs":[0.0,-3.01598,-3.03028]},"J8o":{"weight":0.0,"played":[1.0,0.0,0.0],"evs":[0.0,-3.27329,-3.18385]},"Q8o":{"weight":0.0,"played":[1.0,0.0,0.0],"evs":[0.0,-3.04169,-3.07291]},"K8o":{"weight":0.0,"played":[1.0,0.0,0.0],"evs":[0.0,-2.78211,-2.78695]},"A8o":{"weight":0.0,"played":[1.0,0.0,0.0],"evs":[0.0,-1.98635,-2.0971]},"92s":{"weight":0.0,"played":[1.0,0.0,0.0],"evs":[0.0,-2.87285,-2.84693]},"93s":{"weight":0.0,"played":[1.0,0.0,0.0],"evs":[0.0,-3.54993,-3.60234]},"94s":{"weight":0.0,"played":[0.9999,0.0,1.0E-4],"evs":[0.0,-3.49762,-3.57057]},"95s":{"weight":0.0,"played":[1.0,0.0,0.0],"evs":[0.0,-2.92329,-2.9078]},"96s":{"weight":2.0E-4,"played":[0.9999,0.0,1.0E-4],"evs":[0.0,-2.89048,-2.97015]},"97s":{"weight":0.967,"played":[0.9989,2.0E-4,9.0E-4],"evs":[0.0,-2.04551,-2.18258]},"98s":{"weight":0.9999,"played":[0.9999,0.0,0.0],"evs":[0.0,-1.12753,-0.9523]},"99":{"weight":0.0059,"played":[0.0,0.5022,0.4977],"evs":[0.0,4.33634,4.36942]},"T9o":{"weight":0.0,"played":[0.9998,1.0E-4,1.0E-4],"evs":[0.0,-2.34154,-2.39122]},"J9o":{"weight":0.0,"played":[1.0,0.0,0.0],"evs":[0.0,-2.55996,-2.51161]},"Q9o":{"weight":0.0,"played":[1.0,0.0,0.0],"evs":[0.0,-2.15178,-2.11654]},"K9o":{"weight":0.0,"played":[1.0,0.0,0.0],"evs":[0.0,-2.42714,-2.43639]},"A9o":{"weight":2.0E-4,"played":[0.999,6.0E-4,4.0E-4],"evs":[0.0,-2.01692,-2.12914]},"T2s":{"weight":0.0,"played":[1.0,0.0,0.0],"evs":[0.0,-3.61256,-3.66106]},"T3s":{"weight":0.0,"played":[0.9997,0.0,3.0E-4],"evs":[0.0,-3.88181,-3.95716]},"T4s":{"weight":0.0,"played":[1.0,0.0,0.0],"evs":[0.0,-3.48054,-3.48017]},"T5s":{"weight":0.0,"played":[1.0,0.0,0.0],"evs":[0.0,-3.23106,-3.40166]},"T6s":{"weight":0.0,"played":[0.9998,1.0E-4,1.0E-4],"evs":[0.0,-3.18438,-3.14063]},"T7s":{"weight":0.3304,"played":[0.9999,0.0,0.0],"evs":[0.0,-2.67388,-2.65995]},"T8s":{"weight":0.999,"played":[0.9999,1.0E-4,1.0E-4],"evs":[0.0,-2.10673,-2.12941]},"T9s":{"weight":0.9995,"played":[0.9995,4.0E-4,1.0E-4],"evs":[0.0,-0.96643,-0.94082]},"TT":{"weight":1.0E-4,"played":[1.0E-4,0.0694,0.9305],"evs":[0.0,6.30745,6.45229]},"JTo":{"weight":0.0,"played":[1.0,0.0,0.0],"evs":[0.0,-2.09583,-2.14304]},"QTo":{"weight":0.0,"played":[0.9991,8.0E-4,0.0],"evs":[0.0,-1.90878,-1.96349]},"KTo":{"weight":5.0E-4,"played":[1.0,0.0,0.0],"evs":[0.0,-2.0375,-2.12405]},"ATo":{"weight":0.6157,"played":[1.0,0.0,0.0],"evs":[0.0,-0.48876,-0.47686]},"J2s":{"weight":0.0,"played":[1.0,0.0,0.0],"evs":[0.0,-3.65296,-3.67153]},"J3s":{"weight":0.0,"played":[1.0,0.0,0.0],"evs":[0.0,-2.9925,-2.93146]},"J4s":{"weight":0.0,"played":[0.9911,0.0,0.0089],"evs":[0.0,-2.47008,-2.46903]},"J5s":{"weight":0.0,"played":[1.0,0.0,0.0],"evs":[0.0,-3.09302,-3.00671]},"J6s":{"weight":0.0,"played":[0.9999,0.0,1.0E-4],"evs":[0.0,-3.16482,-3.01645]},"J7s":{"weight":1.0E-4,"played":[0.9998,2.0E-4,0.0],"evs":[0.0,-2.75609,-2.76204]},"J8s":{"weight":0.9935,"played":[0.9998,1.0E-4,0.0],"evs":[0.0,-1.60652,-1.57949]},"J9s":{"weight":1.0,"played":[0.9617,0.0157,0.0226],"evs":[0.0,-1.23799,-1.24232]},"JTs":{"weight":0.4368,"played":[0.9311,0.0237,0.0452],"evs":[0.0,-0.58266,-0.49445]},"JJ":{"weight":0.0594,"played":[0.0,0.155,0.845],"evs":[0.0,8.34239,8.49987]},"QJo":{"weight":0.8103,"played":[1.0,0.0,0.0],"evs":[0.0,-1.58947,-1.59738]},"KJo":{"weight":0.9363,"played":[1.0,0.0,0.0],"evs":[0.0,-1.28322,-1.24019]},"AJo":{"weight":0.9889,"played":[0.0117,0.6278,0.3606],"evs":[0.0,0.61925,0.65207]},"Q2s":{"weight":0.0,"played":[0.9996,2.0E-4,2.0E-4],"evs":[0.0,-2.49389,-2.47605]},"Q3s":{"weight":0.0,"played":[1.0,0.0,0.0],"evs":[0.0,-2.50564,-2.47112]},"Q4s":{"weight":0.0,"played":[0.9997,0.0,3.0E-4],"evs":[0.0,-2.49685,-2.39779]},"Q5s":{"weight":0.0,"played":[1.0,0.0,0.0],"evs":[0.0,-1.90829,-1.97912]},"Q6s":{"weight":0.0,"played":[0.9999,0.0,1.0E-4],"evs":[0.0,-2.17737,-2.20111]},"Q7s":{"weight":1.0E-4,"played":[0.9999,0.0,1.0E-4],"evs":[0.0,-2.44023,-2.51269]},"Q8s":{"weight":0.4673,"played":[0.9998,1.0E-4,1.0E-4],"evs":[0.0,-1.37228,-1.20512]},"Q9s":{"weight":0.854,"played":[0.9999,1.0E-4,0.0],"evs":[0.0,-1.22923,-1.07249]},"QTs":{"weight":0.455,"played":[0.9717,0.0055,0.0228],"evs":[0.0,-0.21174,-0.26501]},"QJs":{"weight":0.0879,"played":[0.7336,0.0999,0.1665],"evs":[0.0,-0.29538,-0.28915]},"QQ":{"weight":0.2308,"played":[0.0,0.4994,0.5006],"evs":[0.0,10.82278,10.89176]},"KQo":{"weight":0.967,"played":[0.9999,1.0E-4,0.0],"evs":[0.0,-0.23384,-0.25401]},"AQo":{"weight":0.2386,"played":[0.0,0.0105,0.9895],"evs":[0.0,2.83575,2.85253]},"K2s":{"weight":0.0,"played":[0.9998,1.0E-4,2.0E-4],"evs":[0.0,-2.26684,-2.34781]},"K3s":{"weight":0.0,"played":[0.9999,0.0,1.0E-4],"evs":[0.0,-2.78042,-2.67006]},"K4s":{"weight":2.0E-4,"played":[0.9998,0.0,2.0E-4],"evs":[0.0,-2.29021,-2.27391]},"K5s":{"weight":0.0734,"played":[0.9996,1.0E-4,2.0E-4],"evs":[0.0,-1.5373,-1.7144]},"K6s":{"weight":0.0299,"played":[0.9941,0.0029,0.0031],"evs":[0.0,-2.13092,-2.05297]},"K7s":{"weight":0.4059,"played":[0.9938,0.0026,0.0036],"evs":[0.0,-1.95978,-1.93389]},"K8s":{"weight":0.7968,"played":[0.9884,1.0E-4,0.0115],"evs":[0.0,-1.56854,-1.59164]},"K9s":{"weight":0.9351,"played":[0.9756,0.0067,0.0177],"evs":[0.0,-1.16288,-1.19079]},"KTs":{"weight":0.8114,"played":[0.9217,0.0159,0.0624],"evs":[0.0,-0.27637,-0.21735]},"KJs":{"weight":0.0151,"played":[0.4476,0.0152,0.5372],"evs":[0.0,-0.23666,0.07866]},"KQs":{"weight":0.9977,"played":[0.0099,0.3225,0.6676],"evs":[0.0,0.85482,0.89274]},"KK":{"weight":0.6899,"played":[0.0,0.1146,0.8854],"evs":[0.0,12.86792,12.89442]},"AKo":{"weight":0.0,"played":[0.0,0.1963,0.8037],"evs":[0.0,5.3884,5.45682]},"A2s":{"weight":0.9911,"played":[1.0,0.0,0.0],"evs":[0.0,-1.29346,-1.51875]},"A3s":{"weight":0.9676,"played":[0.9998,0.0,2.0E-4],"evs":[0.0,-1.57156,-1.71634]},"A4s":{"weight":0.4321,"played":[0.9993,1.0E-4,6.0E-4],"evs":[0.0,-1.26789,-1.36205]},"A5s":{"weight":0.2332,"played":[0.9889,0.0063,0.0048],"evs":[0.0,-1.18797,-1.22753]},"A6s":{"weight":0.7584,"played":[1.0,0.0,0.0],"evs":[0.0,-1.54514,-1.55007]},"A7s":{"weight":0.9064,"played":[1.0,0.0,0.0],"evs":[0.0,-1.35761,-1.43636]},"A8s":{"weight":0.9825,"played":[0.9993,2.0E-4,6.0E-4],"evs":[0.0,-0.6351,-0.81614]},"A9s":{"weight":0.9999,"played":[0.9983,0.0011,6.0E-4],"evs":[0.0,-0.40934,-0.49607]},"ATs":{"weight":1.0,"played":[0.0058,0.9649,0.0293],"evs":[0.0,0.56091,0.4997]},"AJs":{"weight":0.9996,"played":[1.0E-4,0.13,0.8698],"evs":[0.0,2.1605,2.17304]},"AQs":{"weight":1.0,"played":[0.0,0.2566,0.7434],"evs":[0.0,4.71598,4.71239]},"AKs":{"weight":3.0E-4,"played":[0.0,0.0607,0.9393],"evs":[0.0,6.36018,6.54573]},"AA":{"weight":0.4828,"played":[0.0,0.6821,0.3179],"evs":[0.0,17.15107,17.18763]}}}