{"player":3,"street":0,"children":2,"sequence":[{"player":0,"type":"R","amount":200000,"street":0},{"player":1,"type":"F","amount":0,"street":0},{"player":2,"type":"C","amount":200000,"street":0},{"player":3,"type":"C","amount":200000,"street":0},{"player":4,"type":"R","amount":1085000,"street":0},{"player":5,"type":"F","amount":0,"street":0},{"player":0,"type":"C","amount":885000,"street":0},{"player":2,"type":"R","amount":2985000,"street":0}],"actions":[{"type":"F","amount":0,"node":425},{"type":"C","amount":2785000,"node":426}],"hands":{"22":{"weight":0.9806,"played":[0.9899,0.0101],"evs":[0.0,-0.5358]},"32o":{"weight":0.0,"played":[0.9997,3.0E-4],"evs":[0.0,-4.2222]},"42o":{"weight":0.0,"played":[0.9997,3.0E-4],"evs":[0.0,-5.94363]},"52o":{"weight":0.0,"played":[0.9999,1.0E-4],"evs":[0.0,-5.40831]},"62o":{"weight":0.0,"played":[1.0,0.0],"evs":[0.0,-5.76108]},"72o":{"weight":0.0,"played":[0.9999,1.0E-4],"evs":[0.0,-5.74083]},"82o":{"weight":0.0,"played":[1.0,0.0],"evs":[0.0,-5.72131]},"92o":{"weight":0.0,"played":[0.9999,1.0E-4],"evs":[0.0,-6.37113]},"T2o":{"weight":0.0,"played":[1.0,0.0],"evs":[0.0,-6.72728]},"J2o":{"weight":0.0,"played":[1.0,0.0],"evs":[0.0,-6.31427]},"Q2o":{"weight":0.0,"played":[0.9988,0.0012],"evs":[0.0,-6.59733]},"K2o":{"weight":0.0,"played":[0.9999,1.0E-4],"evs":[0.0,-6.51203]},"A2o":{"weight":0.0,"played":[1.0,0.0],"evs":[0.0,-5.17153]},"32s":{"weight":0.0,"played":[0.985,0.015],"evs":[0.0,-3.68472]},"33":{"weight":0.7102,"played":[0.8233,0.1767],"evs":[0.0,-1.07127]},"43o":{"weight":0.0,"played":[0.9999,1.0E-4],"evs":[0.0,-4.39449]},"53o":{"weight":0.0,"played":[0.9997,3.0E-4],"evs":[0.0,-4.06918]},"63o":{"weight":0.0,"played":[0.9999,1.0E-4],"evs":[0.0,-3.66599]},"73o":{"weight":0.0,"played":[1.0,0.0],"evs":[0.0,-5.9048]},"83o":{"weight":0.0,"played":[1.0,0.0],"evs":[0.0,-5.46119]},"93o":{"weight":0.0,"played":[1.0,0.0],"evs":[0.0,-6.14145]},"T3o":{"weight":0.0,"played":[1.0,0.0],"evs":[0.0,-5.43586]},"J3o":{"weight":0.0,"played":[1.0,0.0],"evs":[0.0,-5.97044]},"Q3o":{"weight":0.0,"played":[1.0,0.0],"evs":[0.0,-6.78093]},"K3o":{"weight":0.0,"played":[1.0,0.0],"evs":[0.0,-4.89172]},"A3o":{"weight":0.0,"played":[0.9994,6.0E-4],"evs":[0.0,-4.12588]},"42s":{"weight":0.0,"played":[0.9916,0.0084],"evs":[0.0,-2.54063]},"43s":{"weight":0.0,"played":[0.9764,0.0236],"evs":[0.0,-1.50546]},"44":{"weight":0.8635,"played":[0.3097,0.6903],"evs":[0.0,0.00345]},"54o":{"weight":0.0,"played":[0.9976,0.0024],"evs":[0.0,-2.49634]},"64o":{"weight":0.0,"played":[0.9965,0.0035],"evs":[0.0,-3.55675]},"74o":{"weight":0.0,"played":[1.0,0.0],"evs":[0.0,-4.30593]},"84o":{"weight":0.0,"played":[1.0,0.0],"evs":[0.0,-5.64055]},"94o":{"weight":0.0,"played":[0.9997,3.0E-4],"evs":[0.0,-6.30292]},"T4o":{"weight":0.0,"played":[1.0,0.0],"evs":[0.0,-6.01023]},"J4o":{"weight":0.0,"played":[0.9999,1.0E-4],"evs":[0.0,-6.32572]},"Q4o":{"weight":0.0,"played":[1.0,0.0],"evs":[0.0,-5.57613]},"K4o":{"weight":0.0,"played":[0.9999,1.0E-4],"evs":[0.0,-4.75146]},"A4o":{"weight":0.0,"played":[0.9992,8.0E-4],"evs":[0.0,-3.84652]},"52s":{"weight":0.0,"played":[0.9972,0.0028],"evs":[0.0,-3.11076]},"53s":{"weight":0.0,"played":[0.9442,0.0558],"evs":[0.0,-1.8974]},"54s":{"weight":0.9818,"played":[0.822,0.178],"evs":[0.0,-0.93261]},"55":{"weight":0.9833,"played":[0.0121,0.9879],"evs":[0.0,2.3841]},"65o":{"weight":0.0,"played":[0.9998,2.0E-4],"evs":[0.0,-2.9099]},"75o":{"weight":0.0,"played":[0.9973,0.0027],"evs":[0.0,-3.35111]},"85o":{"weight":0.0,"played":[0.9984,0.0016],"evs":[0.0,-3.91327]},"95o":{"weight":0.0,"played":[1.0,0.0],"evs":[0.0,-5.76152]},"T5o":{"weight":0.0,"played":[1.0,0.0],"evs":[0.0,-6.45523]},"J5o":{"weight":0.0,"played":[1.0,0.0],"evs":[0.0,-5.02951]},"Q5o":{"weight":0.0,"played":[0.9998,2.0E-4],"evs":[0.0,-5.33056]},"K5o":{"weight":0.0,"played":[1.0,0.0],"evs":[0.0,-4.58484]},"A5o":{"weight":0.0,"played":[0.9999,1.0E-4],"evs":[0.0,-2.46317]},"62s":{"weight":0.0,"played":[1.0,0.0],"evs":[0.0,-2.44372]},"63s":{"weight":0.0,"played":[0.8108,0.1892],"evs":[0.0,-1.52336]},"64s":{"weight":9.0E-4,"played":[0.9969,0.0031],"evs":[0.0,-2.07271]},"65s":{"weight":0.9933,"played":[0.8473,0.1527],"evs":[0.0,-0.66321]},"66":{"weight":0.9994,"played":[0.001,0.999],"evs":[0.0,3.23678]},"76o":{"weight":0.0,"played":[0.9991,9.0E-4],"evs":[0.0,-3.16348]},"86o":{"weight":0.0,"played":[0.9997,3.0E-4],"evs":[0.0,-4.06819]},"96o":{"weight":0.0,"played":[1.0,0.0],"evs":[0.0,-3.80114]},"T6o":{"weight":0.0,"played":[0.9992,8.0E-4],"evs":[0.0,-4.91092]},"J6o":{"weight":0.0,"played":[1.0,0.0],"evs":[0.0,-5.39607]},"Q6o":{"weight":0.0,"played":[0.9935,0.0065],"evs":[0.0,-4.80507]},"K6o":{"weight":0.0,"played":[0.9996,4.0E-4],"evs":[0.0,-4.63202]},"A6o":{"weight":0.0,"played":[0.9937,0.0063],"evs":[0.0,-5.14003]},"72s":{"weight":0.0,"played":[0.9992,8.0E-4],"evs":[0.0,-3.94154]},"73s":{"weight":0.0,"played":[0.9909,0.0091],"evs":[0.0,-2.32002]},"74s":{"weight":0.0,"played":[0.9304,0.0696],"evs":[0.0,-4.15049]},"75s":{"weight":0.0345,"played":[0.2361,0.7639],"evs":[0.0,1.20027]},"76s":{"weight":0.9583,"played":[0.2618,0.7382],"evs":[0.0,0.75882]},"77":{"weight":0.9222,"played":[8.0E-4,0.9992],"evs":[0.0,4.76471]},"87o":{"weight":0.0,"played":[0.9999,1.0E-4],"evs":[0.0,-1.66127]},"97o":{"weight":0.0,"played":[0.9887,0.0113],"evs":[0.0,-2.99225]},"T7o":{"weight":0.0,"played":[1.0,0.0],"evs":[0.0,-3.5621]},"J7o":{"weight":0.0,"played":[0.9996,4.0E-4],"evs":[0.0,-5.18836]},"Q7o":{"weight":0.0,"played":[0.9996,4.0E-4],"evs":[0.0,-5.59041]},"K7o":{"weight":0.0,"played":[0.9807,0.0193],"evs":[0.0,-3.87425]},"A7o":{"weight":0.0,"played":[0.9775,0.0225],"evs":[0.0,-2.58042]},"82s":{"weight":0.0,"played":[0.9915,0.0085],"evs":[0.0,-4.50887]},"83s":{"weight":0.0,"played":[0.9999,1.0E-4],"evs":[0.0,-1.9894]},"84s":{"weight":0.0,"played":[0.872,0.128],"evs":[0.0,-3.654]},"85s":{"weight":1.0E-4,"played":[0.9873,0.0127],"evs":[0.0,-1.38943]},"86s":{"weight":0.4947,"played":[0.7134,0.2866],"evs":[0.0,-1.19103]},"87s":{"weight":0.9956,"played":[0.0412,0.9588],"evs":[0.0,1.41878]},"88":{"weight":1.0E-4,"played":[3.0E-4,0.9997],"evs":[0.0,7.18579]},"98o":{"weight":0.0,"played":[0.9993,7.0E-4],"evs":[0.0,-1.91551]},"T8o":{"weight":0.0,"played":[0.9998,2.0E-4],"evs":[0.0,-2.49435]},"J8o":{"weight":0.0,"played":[0.9999,1.0E-4],"evs":[0.0,-2.89127]},"Q8o":{"weight":0.0,"played":[0.992,0.008],"evs":[0.0,-4.65364]},"K8o":{"weight":0.0,"played":[1.0,0.0],"evs":[0.0,-2.92574]},"A8o":{"weight":0.0,"played":[0.9947,0.0053],"evs":[0.0,-1.25186]},"92s":{"weight":0.0,"played":[0.9895,0.0105],"evs":[0.0,-3.19901]},"93s":{"weight":0.0,"played":[0.9891,0.0109],"evs":[0.0,-4.09373]},"94s":{"weight":0.0,"played":[0.9999,1.0E-4],"evs":[0.0,-4.3169]},"95s":{"weight":0.0,"played":[0.9375,0.0625],"evs":[0.0,-2.2177]},"96s":{"weight":0.2433,"played":[0.9493,0.0507],"evs":[0.0,-0.99846]},"97s":{"weight":0.9824,"played":[0.4141,0.5859],"evs":[0.0,-0.05351]},"98s":{"weight":0.9994,"played":[0.8425,0.1575],"evs":[0.0,-1.079]},"99":{"weight":1.0E-4,"played":[1.0E-4,0.9999],"evs":[0.0,8.29619]},"T9o":{"weight":0.0,"played":[0.9998,2.0E-4],"evs":[0.0,-2.21163]},"J9o":{"weight":0.0,"played":[0.9993,7.0E-4],"evs":[0.0,-2.61946]},"Q9o":{"weight":0.0,"played":[0.9979,0.0021],"evs":[0.0,-2.5578]},"K9o":{"weight":0.0,"played":[0.9987,0.0013],"evs":[0.0,-1.90948]},"A9o":{"weight":1.0E-4,"played":[0.9994,6.0E-4],"evs":[0.0,-1.8721]},"T2s":{"weight":0.0,"played":[0.9991,9.0E-4],"evs":[0.0,-4.89634]},"T3s":{"weight":0.0,"played":[0.8541,0.1459],"evs":[0.0,-2.76614]},"T4s":{"weight":0.0,"played":[0.9998,2.0E-4],"evs":[0.0,-2.59463]},"T5s":{"weight":0.0,"played":[0.9978,0.0022],"evs":[0.0,-2.10445]},"T6s":{"weight":0.0,"played":[0.9899,0.0101],"evs":[0.0,-1.81011]},"T7s":{"weight":0.0029,"played":[0.7971,0.2029],"evs":[0.0,-0.51629]},"T8s":{"weight":0.9154,"played":[0.3436,0.6564],"evs":[0.0,0.94827]},"T9s":{"weight":0.2165,"played":[0.2123,0.7877],"evs":[0.0,-0.07437]},"TT":{"weight":0.0,"played":[0.0,1.0],"evs":[0.0,11.59926]},"JTo":{"weight":0.0,"played":[0.6505,0.3495],"evs":[0.0,-0.45077]},"QTo":{"weight":0.0,"played":[0.9545,0.0455],"evs":[0.0,-1.8532]},"KTo":{"weight":2.0E-4,"played":[0.9751,0.0249],"evs":[0.0,-2.3589]},"ATo":{"weight":0.9402,"played":[0.8877,0.1123],"evs":[0.0,-0.36441]},"J2s":{"weight":0.0,"played":[0.9995,5.0E-4],"evs":[0.0,-4.32893]},"J3s":{"weight":0.0,"played":[0.9916,0.0084],"evs":[0.0,-3.55924]},"J4s":{"weight":0.0,"played":[0.9731,0.0269],"evs":[0.0,-3.1898]},"J5s":{"weight":0.0,"played":[0.9985,0.0015],"evs":[0.0,-1.99236]},"J6s":{"weight":0.0,"played":[0.9973,0.0027],"evs":[0.0,-2.54796]},"J7s":{"weight":0.0,"played":[0.8803,0.1197],"evs":[0.0,-2.68486]},"J8s":{"weight":0.3892,"played":[0.5665,0.4335],"evs":[0.0,0.00302]},"J9s":{"weight":0.0531,"played":[0.1895,0.8105],"evs":[0.0,0.16887]},"JTs":{"weight":0.0298,"played":[0.5976,0.4024],"evs":[0.0,1.35198]},"JJ":{"weight":1.0E-4,"played":[0.0,1.0],"evs":[0.0,14.59495]},"QJo":{"weight":0.0,"played":[0.9768,0.0232],"evs":[0.0,-2.05011]},"KJo":{"weight":0.9841,"played":[0.9817,0.0183],"evs":[0.0,-1.14674]},"AJo":{"weight":0.0649,"played":[0.0116,0.9884],"evs":[0.0,1.84696]},"Q2s":{"weight":0.0,"played":[0.9868,0.0132],"evs":[0.0,-1.91846]},"Q3s":{"weight":0.0,"played":[0.9721,0.0279],"evs":[0.0,-2.40808]},"Q4s":{"weight":1.0E-4,"played":[0.9989,0.0011],"evs":[0.0,-1.66293]},"Q5s":{"weight":0.0,"played":[0.8813,0.1187],"evs":[0.0,-4.33743]},"Q6s":{"weight":2.0E-4,"played":[0.954,0.046],"evs":[0.0,-1.69553]},"Q7s":{"weight":0.0013,"played":[0.9717,0.0283],"evs":[0.0,-2.48772]},"Q8s":{"weight":0.0264,"played":[0.9915,0.0085],"evs":[0.0,-1.73273]},"Q9s":{"weight":0.8317,"played":[0.1896,0.8104],"evs":[0.0,0.59982]},"QTs":{"weight":0.0024,"played":[0.0251,0.9749],"evs":[0.0,1.84838]},"QJs":{"weight":0.2242,"played":[2.0E-4,0.9998],"evs":[0.0,1.79713]},"QQ":{"weight":2.0E-4,"played":[0.0,1.0],"evs":[0.0,16.73252]},"KQo":{"weight":1.0,"played":[0.1632,0.8368],"evs":[0.0,0.29558]},"AQo":{"weight":2.0E-4,"played":[1.0E-4,0.9999],"evs":[0.0,4.56421]},"K2s":{"weight":0.0,"played":[0.9998,2.0E-4],"evs":[0.0,-2.3559]},"K3s":{"weight":0.0014,"played":[0.8413,0.1587],"evs":[0.0,-2.89209]},"K4s":{"weight":0.0,"played":[0.0621,0.9379],"evs":[0.0,0.0527]},"K5s":{"weight":0.0,"played":[0.9827,0.0173],"evs":[0.0,-2.3707]},"K6s":{"weight":8.0E-4,"played":[0.7953,0.2047],"evs":[0.0,-1.39415]},"K7s":{"weight":0.654,"played":[0.7619,0.2381],"evs":[0.0,-0.95873]},"K8s":{"weight":0.0954,"played":[0.5774,0.4226],"evs":[0.0,-1.15524]},"K9s":{"weight":0.0022,"played":[0.0164,0.9836],"evs":[0.0,1.27007]},"KTs":{"weight":4.0E-4,"played":[0.37,0.63],"evs":[0.0,-0.5423]},"KJs":{"weight":0.0615,"played":[0.0167,0.9833],"evs":[0.0,3.23405]},"KQs":{"weight":0.9907,"played":[0.0599,0.9401],"evs":[0.0,2.72413]},"KK":{"weight":0.0027,"played":[0.0,1.0],"evs":[0.0,23.52613]},"AKo":{"weight":0.0,"played":[2.0E-4,0.9998],"evs":[0.0,7.31765]},"A2s":{"weight":0.5341,"played":[0.8734,0.1266],"evs":[0.0,-0.9297]},"A3s":{"weight":0.1558,"played":[0.9035,0.0965],"evs":[0.0,-2.58182]},"A4s":{"weight":0.1552,"played":[0.4411,0.5589],"evs":[0.0,0.36483]},"A5s":{"weight":0.4686,"played":[0.9904,0.0096],"evs":[0.0,-1.1004]},"A6s":{"weight":0.9359,"played":[0.8754,0.1246],"evs":[0.0,-2.50554]},"A7s":{"weight":0.9912,"played":[0.3941,0.6059],"evs":[0.0,-0.79425]},"A8s":{"weight":0.5912,"played":[0.1117,0.8883],"evs":[0.0,-0.41562]},"A9s":{"weight":0.7511,"played":[0.05,0.95],"evs":[0.0,1.84547]},"ATs":{"weight":0.98,"played":[0.0735,0.9265],"evs":[0.0,2.31726]},"AJs":{"weight":0.9524,"played":[0.0032,0.9968],"evs":[0.0,5.75882]},"AQs":{"weight":1.0E-4,"played":[4.0E-4,0.9996],"evs":[0.0,6.18587]},"AKs":{"weight":1.0E-4,"played":[0.0024,0.9976],"evs":[0.0,10.5632]},"AA":{"weight":0.4335,"played":[0.0,1.0],"evs":[0.0,29.63951]}}}