{"player":0,"street":0,"children":2,"sequence":[{"player":0,"type":"R","amount":200000,"street":0},{"player":1,"type":"F","amount":0,"street":0},{"player":2,"type":"C","amount":200000,"street":0},{"player":3,"type":"C","amount":200000,"street":0},{"player":4,"type":"R","amount":1085000,"street":0},{"player":5,"type":"F","amount":0,"street":0},{"player":0,"type":"C","amount":885000,"street":0},{"player":2,"type":"R","amount":2985000,"street":0},{"player":3,"type":"C","amount":2785000,"street":0}],"actions":[{"type":"F","amount":0},{"type":"C","amount":1500000}],"hands":{"22":{"weight":0.0,"played":[1.0E-4,0.9999],"evs":[0.0,3.14988]},"32o":{"weight":0.0,"played":[0.9608,0.0392],"evs":[0.0,-0.83]},"42o":{"weight":0.0,"played":[0.9995,5.0E-4],"evs":[0.0,-1.2041]},"52o":{"weight":0.0,"played":[0.588,0.412],"evs":[0.0,-0.16651]},"62o":{"weight":0.0,"played":[0.9544,0.0456],"evs":[0.0,-1.06864]},"72o":{"weight":0.0,"played":[1.0,0.0],"evs":[0.0,-1.20727]},"82o":{"weight":0.0,"played":[0.9897,0.0103],"evs":[0.0,-0.99154]},"92o":{"weight":0.0,"played":[0.8737,0.1263],"evs":[0.0,-0.58676]},"T2o":{"weight":0.0,"played":[0.4714,0.5286],"evs":[0.0,-0.50236]},"J2o":{"weight":0.0,"played":[0.8724,0.1276],"evs":[0.0,-0.36541]},"Q2o":{"weight":0.0,"played":[0.841,0.159],"evs":[0.0,-1.5195]},"K2o":{"weight":0.0,"played":[0.0663,0.9337],"evs":[0.0,0.2463]},"A2o":{"weight":0.0,"played":[0.2224,0.7776],"evs":[0.0,1.35522]},"32s":{"weight":0.0,"played":[0.1827,0.8173],"evs":[0.0,0.63839]},"33":{"weight":0.0,"played":[7.0E-4,0.9993],"evs":[0.0,2.78582]},"43o":{"weight":0.0,"played":[0.6033,0.3967],"evs":[0.0,0.12634]},"53o":{"weight":0.0,"played":[0.7973,0.2027],"evs":[0.0,0.0204]},"63o":{"weight":0.0,"played":[0.882,0.118],"evs":[0.0,-0.65453]},"73o":{"weight":0.0,"played":[0.9974,0.0026],"evs":[0.0,-0.80323]},"83o":{"weight":0.0,"played":[0.9937,0.0063],"evs":[0.0,-1.17292]},"93o":{"weight":0.0,"played":[0.9944,0.0056],"evs":[0.0,-0.51279]},"T3o":{"weight":0.0,"played":[0.9914,0.0086],"evs":[0.0,-0.83951]},"J3o":{"weight":0.0,"played":[0.9584,0.0416],"evs":[0.0,-0.935]},"Q3o":{"weight":0.0,"played":[0.4571,0.5429],"evs":[0.0,0.28666]},"K3o":{"weight":0.0,"played":[0.4023,0.5977],"evs":[0.0,-0.22183]},"A3o":{"weight":0.0,"played":[0.0,1.0],"evs":[0.0,0.51954]},"42s":{"weight":0.0,"played":[0.0171,0.9829],"evs":[0.0,1.42813]},"43s":{"weight":0.0,"played":[0.0147,0.9853],"evs":[0.0,2.15192]},"44":{"weight":0.0015,"played":[1.0E-4,0.9999],"evs":[0.0,3.44511]},"54o":{"weight":0.0,"played":[0.0221,0.9779],"evs":[0.0,0.7386]},"64o":{"weight":0.0,"played":[0.0055,0.9945],"evs":[0.0,1.17309]},"74o":{"weight":0.0,"played":[0.0016,0.9984],"evs":[0.0,0.32397]},"84o":{"weight":0.0,"played":[0.0839,0.9161],"evs":[0.0,0.25716]},"94o":{"weight":0.0,"played":[0.5671,0.4329],"evs":[0.0,-0.21296]},"T4o":{"weight":0.0,"played":[0.4491,0.5509],"evs":[0.0,-0.77814]},"J4o":{"weight":0.0,"played":[0.7484,0.2516],"evs":[0.0,-0.45463]},"Q4o":{"weight":0.0,"played":[0.8765,0.1235],"evs":[0.0,-0.84796]},"K4o":{"weight":0.0,"played":[0.2693,0.7307],"evs":[0.0,0.20953]},"A4o":{"weight":0.0,"played":[0.0,1.0],"evs":[0.0,2.03593]},"52s":{"weight":0.0,"played":[0.0068,0.9932],"evs":[0.0,2.5791]},"53s":{"weight":0.0,"played":[0.0051,0.9949],"evs":[0.0,1.71434]},"54s":{"weight":0.0,"played":[0.0014,0.9986],"evs":[0.0,2.59255]},"55":{"weight":0.1137,"played":[8.0E-4,0.9992],"evs":[0.0,4.80802]},"65o":{"weight":0.0,"played":[3.0E-4,0.9997],"evs":[0.0,2.56709]},"75o":{"weight":0.0,"played":[2.0E-4,0.9998],"evs":[0.0,1.06519]},"85o":{"weight":0.0,"played":[0.1042,0.8958],"evs":[0.0,0.81824]},"95o":{"weight":0.0,"played":[8.0E-4,0.9992],"evs":[0.0,0.76205]},"T5o":{"weight":0.0,"played":[0.0143,0.9857],"evs":[0.0,0.28491]},"J5o":{"weight":0.0,"played":[0.0745,0.9255],"evs":[0.0,0.23665]},"Q5o":{"weight":0.0,"played":[0.6352,0.3648],"evs":[0.0,-0.13639]},"K5o":{"weight":0.0,"played":[0.1377,0.8623],"evs":[0.0,0.73363]},"A5o":{"weight":0.0,"played":[0.0011,0.9989],"evs":[0.0,3.0879]},"62s":{"weight":0.0,"played":[0.0011,0.9989],"evs":[0.0,1.77109]},"63s":{"weight":0.0,"played":[0.0015,0.9985],"evs":[0.0,2.07158]},"64s":{"weight":0.0,"played":[0.0033,0.9967],"evs":[0.0,3.89214]},"65s":{"weight":0.0,"played":[0.0024,0.9976],"evs":[0.0,4.42106]},"66":{"weight":0.0284,"played":[0.0,1.0],"evs":[0.0,7.19961]},"76o":{"weight":0.0,"played":[0.0091,0.9909],"evs":[0.0,2.70322]},"86o":{"weight":0.0,"played":[0.0172,0.9828],"evs":[0.0,1.91831]},"96o":{"weight":0.0,"played":[0.046,0.954],"evs":[0.0,1.72413]},"T6o":{"weight":0.0,"played":[0.0402,0.9598],"evs":[0.0,1.19448]},"J6o":{"weight":0.0,"played":[0.1463,0.8537],"evs":[0.0,0.30269]},"Q6o":{"weight":0.0,"played":[0.0889,0.9111],"evs":[0.0,0.69254]},"K6o":{"weight":0.0,"played":[0.0024,0.9976],"evs":[0.0,0.76418]},"A6o":{"weight":0.0,"played":[8.0E-4,0.9992],"evs":[0.0,2.0247]},"72s":{"weight":0.0,"played":[1.0E-4,0.9999],"evs":[0.0,1.62063]},"73s":{"weight":0.0,"played":[0.1604,0.8396],"evs":[0.0,0.64783]},"74s":{"weight":0.0,"played":[0.0097,0.9903],"evs":[0.0,0.98468]},"75s":{"weight":0.0,"played":[1.0E-4,0.9999],"evs":[0.0,3.54002]},"76s":{"weight":0.0,"played":[0.0049,0.9951],"evs":[0.0,5.01915]},"77":{"weight":0.3393,"played":[0.0,1.0],"evs":[0.0,8.14704]},"87o":{"weight":0.0,"played":[6.0E-4,0.9994],"evs":[0.0,2.93641]},"97o":{"weight":0.0,"played":[9.0E-4,0.9991],"evs":[0.0,2.83435]},"T7o":{"weight":0.0,"played":[0.0021,0.9979],"evs":[0.0,1.214]},"J7o":{"weight":0.0,"played":[0.0039,0.9961],"evs":[0.0,1.20957]},"Q7o":{"weight":0.0,"played":[0.0703,0.9297],"evs":[0.0,1.17152]},"K7o":{"weight":0.0,"played":[1.0E-4,0.9999],"evs":[0.0,1.72143]},"A7o":{"weight":0.0,"played":[0.0,1.0],"evs":[0.0,2.58806]},"82s":{"weight":0.0,"played":[0.0362,0.9638],"evs":[0.0,1.84261]},"83s":{"weight":0.0,"played":[0.0012,0.9988],"evs":[0.0,2.82503]},"84s":{"weight":0.0,"played":[0.002,0.998],"evs":[0.0,2.38293]},"85s":{"weight":0.0,"played":[0.0,1.0],"evs":[0.0,1.45724]},"86s":{"weight":0.0,"played":[1.0E-4,0.9999],"evs":[0.0,4.38862]},"87s":{"weight":0.0049,"played":[0.0,1.0],"evs":[0.0,4.28566]},"88":{"weight":0.1257,"played":[2.0E-4,0.9998],"evs":[0.0,11.57538]},"98o":{"weight":0.0,"played":[5.0E-4,0.9995],"evs":[0.0,4.30595]},"T8o":{"weight":0.0,"played":[6.0E-4,0.9994],"evs":[0.0,2.61591]},"J8o":{"weight":0.0,"played":[0.004,0.996],"evs":[0.0,3.71424]},"Q8o":{"weight":0.0,"played":[3.0E-4,0.9997],"evs":[0.0,1.45865]},"K8o":{"weight":0.0,"played":[0.0023,0.9977],"evs":[0.0,2.8457]},"A8o":{"weight":0.0,"played":[0.0059,0.9941],"evs":[0.0,3.28842]},"92s":{"weight":0.0,"played":[0.0381,0.9619],"evs":[0.0,2.00538]},"93s":{"weight":0.0,"played":[0.0045,0.9955],"evs":[0.0,1.98831]},"94s":{"weight":0.0,"played":[0.0041,0.9959],"evs":[0.0,1.86781]},"95s":{"weight":0.0,"played":[1.0E-4,0.9999],"evs":[0.0,2.2338]},"96s":{"weight":0.0,"played":[6.0E-4,0.9994],"evs":[0.0,3.54742]},"97s":{"weight":0.0,"played":[7.0E-4,0.9993],"evs":[0.0,3.92955]},"98s":{"weight":0.5362,"played":[0.0,1.0],"evs":[0.0,5.49585]},"99":{"weight":0.106,"played":[0.0,1.0],"evs":[0.0,12.53621]},"T9o":{"weight":0.0,"played":[0.0016,0.9984],"evs":[0.0,3.60599]},"J9o":{"weight":0.0,"played":[0.0023,0.9977],"evs":[0.0,2.90566]},"Q9o":{"weight":0.0,"played":[0.0019,0.9981],"evs":[0.0,2.99437]},"K9o":{"weight":0.0,"played":[6.0E-4,0.9994],"evs":[0.0,2.94979]},"A9o":{"weight":0.0,"played":[3.0E-4,0.9997],"evs":[0.0,4.08105]},"T2s":{"weight":0.0,"played":[0.0017,0.9983],"evs":[0.0,2.15096]},"T3s":{"weight":0.0,"played":[0.019,0.981],"evs":[0.0,2.12937]},"T4s":{"weight":0.0,"played":[4.0E-4,0.9996],"evs":[0.0,2.64181]},"T5s":{"weight":0.0,"played":[0.0073,0.9927],"evs":[0.0,3.4309]},"T6s":{"weight":0.0,"played":[0.0232,0.9768],"evs":[0.0,1.21718]},"T7s":{"weight":0.0,"played":[5.0E-4,0.9995],"evs":[0.0,3.92012]},"T8s":{"weight":0.0021,"played":[0.001,0.999],"evs":[0.0,4.60172]},"T9s":{"weight":0.2113,"played":[0.0,1.0],"evs":[0.0,5.56735]},"TT":{"weight":0.0779,"played":[0.0,1.0],"evs":[0.0,13.00434]},"JTo":{"weight":0.0,"played":[4.0E-4,0.9996],"evs":[0.0,4.35251]},"QTo":{"weight":0.0,"played":[2.0E-4,0.9998],"evs":[0.0,3.49724]},"KTo":{"weight":0.0,"played":[0.0,1.0],"evs":[0.0,3.60765]},"ATo":{"weight":0.0026,"played":[0.0,1.0],"evs":[0.0,5.98462]},"J2s":{"weight":0.0,"played":[0.4087,0.5913],"evs":[0.0,-0.58875]},"J3s":{"weight":0.0,"played":[3.0E-4,0.9997],"evs":[0.0,2.24447]},"J4s":{"weight":0.0,"played":[0.0012,0.9988],"evs":[0.0,1.78212]},"J5s":{"weight":0.0,"played":[0.0038,0.9962],"evs":[0.0,2.71029]},"J6s":{"weight":0.0,"played":[0.0134,0.9866],"evs":[0.0,2.87678]},"J7s":{"weight":0.0,"played":[0.0,1.0],"evs":[0.0,5.10506]},"J8s":{"weight":0.0,"played":[0.0042,0.9958],"evs":[0.0,3.4732]},"J9s":{"weight":0.0356,"played":[0.0012,0.9988],"evs":[0.0,6.42607]},"JTs":{"weight":0.0638,"played":[3.0E-4,0.9997],"evs":[0.0,6.62005]},"JJ":{"weight":0.1313,"played":[0.0,1.0],"evs":[0.0,16.73702]},"QJo":{"weight":0.0,"played":[0.0,1.0],"evs":[0.0,4.40472]},"KJo":{"weight":1.0E-4,"played":[0.0,1.0],"evs":[0.0,4.16726]},"AJo":{"weight":0.1043,"played":[0.0,1.0],"evs":[0.0,6.67762]},"Q2s":{"weight":0.0,"played":[0.0029,0.9971],"evs":[0.0,0.92995]},"Q3s":{"weight":0.0,"played":[0.1032,0.8968],"evs":[0.0,0.96655]},"Q4s":{"weight":0.0,"played":[0.0262,0.9738],"evs":[0.0,1.8851]},"Q5s":{"weight":0.0,"played":[0.0075,0.9925],"evs":[0.0,0.72633]},"Q6s":{"weight":0.0,"played":[7.0E-4,0.9993],"evs":[0.0,3.08389]},"Q7s":{"weight":0.0,"played":[0.0033,0.9967],"evs":[0.0,2.91151]},"Q8s":{"weight":7.0E-4,"played":[3.0E-4,0.9997],"evs":[0.0,3.86311]},"Q9s":{"weight":0.0011,"played":[0.0,1.0],"evs":[0.0,5.47198]},"QTs":{"weight":0.0965,"played":[2.0E-4,0.9998],"evs":[0.0,5.68913]},"QJs":{"weight":0.1513,"played":[0.0,1.0],"evs":[0.0,6.12636]},"QQ":{"weight":0.0203,"played":[0.0,1.0],"evs":[0.0,19.28122]},"KQo":{"weight":0.013,"played":[1.0E-4,0.9999],"evs":[0.0,5.61502]},"AQo":{"weight":0.1595,"played":[0.0,1.0],"evs":[0.0,9.04964]},"K2s":{"weight":0.0,"played":[0.0406,0.9594],"evs":[0.0,2.6299]},"K3s":{"weight":0.0,"played":[1.0E-4,0.9999],"evs":[0.0,1.72854]},"K4s":{"weight":0.0,"played":[0.01,0.99],"evs":[0.0,2.01997]},"K5s":{"weight":0.0,"played":[0.0,1.0],"evs":[0.0,3.95918]},"K6s":{"weight":0.0,"played":[1.0E-4,0.9999],"evs":[0.0,2.66408]},"K7s":{"weight":0.0018,"played":[0.0018,0.9982],"evs":[0.0,4.58308]},"K8s":{"weight":0.0,"played":[0.0,1.0],"evs":[0.0,3.33415]},"K9s":{"weight":0.0049,"played":[0.0046,0.9954],"evs":[0.0,4.79738]},"KTs":{"weight":0.0403,"played":[1.0E-4,0.9999],"evs":[0.0,5.35166]},"KJs":{"weight":0.2269,"played":[0.0,1.0],"evs":[0.0,5.99707]},"KQs":{"weight":0.532,"played":[0.0,1.0],"evs":[0.0,6.96694]},"KK":{"weight":3.0E-4,"played":[0.0,1.0],"evs":[0.0,22.57529]},"AKo":{"weight":0.222,"played":[0.0,1.0],"evs":[0.0,10.23078]},"A2s":{"weight":4.0E-4,"played":[1.0E-4,0.9999],"evs":[0.0,2.41178]},"A3s":{"weight":1.0E-4,"played":[0.0128,0.9872],"evs":[0.0,3.40057]},"A4s":{"weight":0.0,"played":[5.0E-4,0.9995],"evs":[0.0,2.56193]},"A5s":{"weight":0.0469,"played":[0.0,1.0],"evs":[0.0,3.70862]},"A6s":{"weight":3.0E-4,"played":[5.0E-4,0.9995],"evs":[0.0,5.51269]},"A7s":{"weight":0.0037,"played":[1.0E-4,0.9999],"evs":[0.0,4.55929]},"A8s":{"weight":0.0045,"played":[3.0E-4,0.9997],"evs":[0.0,5.65391]},"A9s":{"weight":0.0874,"played":[0.0,1.0],"evs":[0.0,5.598]},"ATs":{"weight":0.2446,"played":[0.0,1.0],"evs":[0.0,6.8871]},"AJs":{"weight":0.0034,"played":[0.0,1.0],"evs":[0.0,8.46417]},"AQs":{"weight":0.1504,"played":[0.0,1.0],"evs":[0.0,10.71818]},"AKs":{"weight":0.0,"played":[0.0,1.0],"evs":[0.0,12.07301]},"AA":{"weight":0.5264,"played":[0.0,1.0],"evs":[0.0,29.30987]}}}