{"player":2,"street":0,"children":2,"sequence":[{"player":0,"type":"R","amount":200000,"street":0},{"player":1,"type":"F","amount":0,"street":0},{"player":2,"type":"C","amount":200000,"street":0},{"player":3,"type":"C","amount":200000,"street":0},{"player":4,"type":"R","amount":1085000,"street":0},{"player":5,"type":"F","amount":0,"street":0},{"player":0,"type":"R","amount":2585000,"street":0},{"player":2,"type":"C","amount":2385000,"street":0},{"player":3,"type":"R","amount":3645000,"street":0}],"actions":[{"type":"F","amount":0},{"type":"C","amount":400000}],"hands":{"22":{"weight":9.0E-4,"played":[0.0,1.0],"evs":[0.0,13.82024]},"32o":{"weight":0.0,"played":[0.0,1.0],"evs":[0.0,8.975]},"42o":{"weight":0.0,"played":[1.0E-4,0.9999],"evs":[0.0,9.50206]},"52o":{"weight":0.0,"played":[0.0,1.0],"evs":[0.0,9.78006]},"62o":{"weight":0.0,"played":[1.0E-4,0.9999],"evs":[0.0,9.29236]},"72o":{"weight":0.0,"played":[0.0,1.0],"evs":[0.0,8.91676]},"82o":{"weight":0.0,"played":[0.0,1.0],"evs":[0.0,9.64609]},"92o":{"weight":0.0,"played":[0.0,1.0],"evs":[0.0,9.42075]},"T2o":{"weight":0.0,"played":[0.0,1.0],"evs":[0.0,8.83947]},"J2o":{"weight":0.0,"played":[0.0,1.0],"evs":[0.0,9.90168]},"Q2o":{"weight":0.0,"played":[0.0,1.0],"evs":[0.0,8.93131]},"K2o":{"weight":0.0,"played":[0.0,1.0],"evs":[0.0,10.80315]},"A2o":{"weight":0.0,"played":[0.0,1.0],"evs":[0.0,10.71081]},"32s":{"weight":0.0,"played":[0.0,1.0],"evs":[0.0,12.65194]},"33":{"weight":0.0565,"played":[0.0,1.0],"evs":[0.0,15.06817]},"43o":{"weight":0.0,"played":[0.0,1.0],"evs":[0.0,9.67881]},"53o":{"weight":0.0,"played":[0.0,1.0],"evs":[0.0,10.77782]},"63o":{"weight":0.0,"played":[0.0,1.0],"evs":[0.0,9.9305]},"73o":{"weight":0.0,"played":[0.0,1.0],"evs":[0.0,10.00997]},"83o":{"weight":0.0,"played":[0.0,1.0],"evs":[0.0,8.78431]},"93o":{"weight":0.0,"played":[0.0,1.0],"evs":[0.0,10.42244]},"T3o":{"weight":0.0,"played":[0.0,1.0],"evs":[0.0,9.04661]},"J3o":{"weight":0.0,"played":[0.0,1.0],"evs":[0.0,10.20253]},"Q3o":{"weight":0.0,"played":[0.0,1.0],"evs":[0.0,10.49428]},"K3o":{"weight":0.0,"played":[0.0,1.0],"evs":[0.0,10.73949]},"A3o":{"weight":0.0,"played":[0.0,1.0],"evs":[0.0,11.80229]},"42s":{"weight":0.0,"played":[0.0,1.0],"evs":[0.0,11.34079]},"43s":{"weight":0.0,"played":[0.0,1.0],"evs":[0.0,13.36167]},"44":{"weight":2.0E-4,"played":[0.0,1.0],"evs":[0.0,14.02519]},"54o":{"weight":0.0,"played":[0.0,1.0],"evs":[0.0,12.02491]},"64o":{"weight":0.0,"played":[0.0,1.0],"evs":[0.0,10.90718]},"74o":{"weight":0.0,"played":[0.0,1.0],"evs":[0.0,10.9639]},"84o":{"weight":0.0,"played":[0.0,1.0],"evs":[0.0,11.08691]},"94o":{"weight":0.0,"played":[0.0,1.0],"evs":[0.0,9.95664]},"T4o":{"weight":0.0,"played":[0.0,1.0],"evs":[0.0,9.25998]},"J4o":{"weight":0.0,"played":[0.0,1.0],"evs":[0.0,10.92354]},"Q4o":{"weight":0.0,"played":[0.0,1.0],"evs":[0.0,10.53214]},"K4o":{"weight":0.0,"played":[0.0,1.0],"evs":[0.0,11.26551]},"A4o":{"weight":0.0,"played":[0.0,1.0],"evs":[0.0,11.43793]},"52s":{"weight":0.0,"played":[0.0,1.0],"evs":[0.0,11.68232]},"53s":{"weight":0.0,"played":[0.0,1.0],"evs":[0.0,13.31565]},"54s":{"weight":0.002,"played":[0.0,1.0],"evs":[0.0,13.75968]},"55":{"weight":0.7985,"played":[0.0,1.0],"evs":[0.0,16.45085]},"65o":{"weight":0.0,"played":[0.0,1.0],"evs":[0.0,12.76156]},"75o":{"weight":0.0,"played":[0.0,1.0],"evs":[0.0,11.21429]},"85o":{"weight":0.0,"played":[0.0,1.0],"evs":[0.0,11.68651]},"95o":{"weight":0.0,"played":[0.0,1.0],"evs":[0.0,10.50264]},"T5o":{"weight":0.0,"played":[0.0,1.0],"evs":[0.0,9.4169]},"J5o":{"weight":0.0,"played":[0.0,1.0],"evs":[0.0,11.4132]},"Q5o":{"weight":0.0,"played":[0.0,1.0],"evs":[0.0,10.61427]},"K5o":{"weight":0.0,"played":[0.0,1.0],"evs":[0.0,11.74978]},"A5o":{"weight":0.0,"played":[0.0,1.0],"evs":[0.0,11.90378]},"62s":{"weight":0.0,"played":[0.0,1.0],"evs":[0.0,10.60691]},"63s":{"weight":0.0,"played":[1.0E-4,0.9999],"evs":[0.0,12.88418]},"64s":{"weight":0.0,"played":[1.0E-4,0.9999],"evs":[0.0,12.66206]},"65s":{"weight":3.0E-4,"played":[0.0,1.0],"evs":[0.0,14.8474]},"66":{"weight":0.3842,"played":[0.0,1.0],"evs":[0.0,18.83317]},"76o":{"weight":0.0,"played":[0.0,1.0],"evs":[0.0,13.22948]},"86o":{"weight":0.0,"played":[0.0,1.0],"evs":[0.0,12.65409]},"96o":{"weight":0.0,"played":[1.0E-4,0.9999],"evs":[0.0,12.14522]},"T6o":{"weight":0.0,"played":[0.0,1.0],"evs":[0.0,10.95527]},"J6o":{"weight":0.0,"played":[0.0,1.0],"evs":[0.0,11.05452]},"Q6o":{"weight":0.0,"played":[0.0,1.0],"evs":[0.0,10.66001]},"K6o":{"weight":0.0,"played":[0.0,1.0],"evs":[0.0,12.0281]},"A6o":{"weight":0.0,"played":[0.0,1.0],"evs":[0.0,11.7073]},"72s":{"weight":0.0,"played":[0.0,1.0],"evs":[0.0,10.99879]},"73s":{"weight":0.0,"played":[0.0,1.0],"evs":[0.0,11.02235]},"74s":{"weight":0.0,"played":[1.0E-4,0.9999],"evs":[0.0,11.81532]},"75s":{"weight":0.0041,"played":[0.0,1.0],"evs":[0.0,16.20272]},"76s":{"weight":0.0228,"played":[0.0,1.0],"evs":[0.0,15.33401]},"77":{"weight":0.2589,"played":[0.0,1.0],"evs":[0.0,20.554]},"87o":{"weight":0.0,"played":[0.0,1.0],"evs":[0.0,13.97553]},"97o":{"weight":0.0,"played":[0.0,1.0],"evs":[0.0,11.78237]},"T7o":{"weight":0.0,"played":[0.0,1.0],"evs":[0.0,12.54876]},"J7o":{"weight":0.0,"played":[0.0,1.0],"evs":[0.0,12.84369]},"Q7o":{"weight":0.0,"played":[0.0,1.0],"evs":[0.0,11.57316]},"K7o":{"weight":0.0,"played":[0.0,1.0],"evs":[0.0,12.09026]},"A7o":{"weight":0.0,"played":[0.0,1.0],"evs":[0.0,11.54037]},"82s":{"weight":0.0,"played":[1.0E-4,0.9999],"evs":[0.0,12.09164]},"83s":{"weight":0.0,"played":[0.0,1.0],"evs":[0.0,12.32778]},"84s":{"weight":0.0,"played":[0.0,1.0],"evs":[0.0,12.54388]},"85s":{"weight":0.0,"played":[0.0,1.0],"evs":[0.0,14.3558]},"86s":{"weight":4.0E-4,"played":[0.0,1.0],"evs":[0.0,14.88742]},"87s":{"weight":0.1859,"played":[0.0,1.0],"evs":[0.0,17.05315]},"88":{"weight":0.4602,"played":[0.0,1.0],"evs":[0.0,22.64655]},"98o":{"weight":0.0,"played":[0.0,1.0],"evs":[0.0,14.66671]},"T8o":{"weight":0.0,"played":[0.0,1.0],"evs":[0.0,13.6192]},"J8o":{"weight":0.0,"played":[0.0,1.0],"evs":[0.0,13.79642]},"Q8o":{"weight":0.0,"played":[0.0,1.0],"evs":[0.0,12.42297]},"K8o":{"weight":0.0,"played":[0.0,1.0],"evs":[0.0,12.15781]},"A8o":{"weight":0.0,"played":[0.0,1.0],"evs":[0.0,13.38218]},"92s":{"weight":0.0,"played":[0.0,1.0],"evs":[0.0,11.48476]},"93s":{"weight":0.0,"played":[0.0,1.0],"evs":[0.0,13.07139]},"94s":{"weight":0.0,"played":[0.0,1.0],"evs":[0.0,12.15505]},"95s":{"weight":0.0,"played":[0.0,1.0],"evs":[0.0,12.14239]},"96s":{"weight":0.0,"played":[0.0,1.0],"evs":[0.0,14.16498]},"97s":{"weight":0.0264,"played":[0.0,1.0],"evs":[0.0,15.63444]},"98s":{"weight":0.5399,"played":[0.0,1.0],"evs":[0.0,16.84101]},"99":{"weight":0.0042,"played":[0.0,1.0],"evs":[0.0,24.43674]},"T9o":{"weight":0.0,"played":[0.0,1.0],"evs":[0.0,13.7088]},"J9o":{"weight":0.0,"played":[0.0,1.0],"evs":[0.0,14.69616]},"Q9o":{"weight":0.0,"played":[0.0,1.0],"evs":[0.0,14.7583]},"K9o":{"weight":0.0,"played":[0.0,1.0],"evs":[0.0,13.76116]},"A9o":{"weight":0.0,"played":[0.0,1.0],"evs":[0.0,14.32464]},"T2s":{"weight":0.0,"played":[2.0E-4,0.9998],"evs":[0.0,13.01447]},"T3s":{"weight":0.0,"played":[6.0E-4,0.9994],"evs":[0.0,11.10699]},"T4s":{"weight":0.0,"played":[0.0,1.0],"evs":[0.0,11.43467]},"T5s":{"weight":0.0,"played":[1.0E-4,0.9999],"evs":[0.0,13.39836]},"T6s":{"weight":0.0,"played":[0.0,1.0],"evs":[0.0,13.28479]},"T7s":{"weight":4.0E-4,"played":[1.0E-4,0.9999],"evs":[0.0,15.48683]},"T8s":{"weight":0.0011,"played":[0.0,1.0],"evs":[0.0,16.434]},"T9s":{"weight":0.3659,"played":[0.0,1.0],"evs":[0.0,16.15139]},"TT":{"weight":0.0,"played":[0.0,1.0],"evs":[0.0,27.30321]},"JTo":{"weight":0.0,"played":[0.0,1.0],"evs":[0.0,14.74288]},"QTo":{"weight":0.0,"played":[0.0,1.0],"evs":[0.0,13.67409]},"KTo":{"weight":0.0,"played":[0.0,1.0],"evs":[0.0,14.41301]},"ATo":{"weight":0.2489,"played":[0.0,1.0],"evs":[0.0,16.14145]},"J2s":{"weight":0.0,"played":[0.0,1.0],"evs":[0.0,10.41256]},"J3s":{"weight":0.0,"played":[0.0,1.0],"evs":[0.0,12.29293]},"J4s":{"weight":0.0,"played":[0.0,1.0],"evs":[0.0,12.44323]},"J5s":{"weight":0.0,"played":[0.0,1.0],"evs":[0.0,11.79594]},"J6s":{"weight":0.0,"played":[0.0,1.0],"evs":[0.0,14.21582]},"J7s":{"weight":0.0,"played":[0.0,1.0],"evs":[0.0,14.07619]},"J8s":{"weight":0.1714,"played":[0.0,1.0],"evs":[0.0,16.91812]},"J9s":{"weight":0.9413,"played":[0.0,1.0],"evs":[0.0,17.5325]},"JTs":{"weight":0.4158,"played":[0.0,1.0],"evs":[0.0,17.36952]},"JJ":{"weight":0.0514,"played":[0.0,1.0],"evs":[0.0,30.1767]},"QJo":{"weight":0.0,"played":[0.0,1.0],"evs":[0.0,15.59498]},"KJo":{"weight":1.0E-4,"played":[0.0,1.0],"evs":[0.0,15.2036]},"AJo":{"weight":0.749,"played":[0.0,1.0],"evs":[0.0,17.82526]},"Q2s":{"weight":0.0,"played":[0.0,1.0],"evs":[0.0,13.10941]},"Q3s":{"weight":0.0,"played":[0.0,1.0],"evs":[0.0,12.30785]},"Q4s":{"weight":0.0,"played":[0.0,1.0],"evs":[0.0,13.45814]},"Q5s":{"weight":0.0,"played":[0.0,1.0],"evs":[0.0,13.47076]},"Q6s":{"weight":0.0,"played":[0.0,1.0],"evs":[0.0,14.3295]},"Q7s":{"weight":0.0,"played":[0.0,1.0],"evs":[0.0,13.88892]},"Q8s":{"weight":0.062,"played":[0.0,1.0],"evs":[0.0,15.36037]},"Q9s":{"weight":0.0689,"played":[0.0,1.0],"evs":[0.0,16.60973]},"QTs":{"weight":0.0586,"played":[0.0,1.0],"evs":[0.0,17.11351]},"QJs":{"weight":0.063,"played":[0.0,1.0],"evs":[0.0,17.75494]},"QQ":{"weight":0.2239,"played":[0.0,1.0],"evs":[0.0,33.57046]},"KQo":{"weight":0.4741,"played":[0.0,1.0],"evs":[0.0,16.49799]},"AQo":{"weight":0.1618,"played":[0.0,1.0],"evs":[0.0,19.30673]},"K2s":{"weight":0.0,"played":[2.0E-4,0.9998],"evs":[0.0,14.5182]},"K3s":{"weight":0.0,"played":[0.0,1.0],"evs":[0.0,13.27338]},"K4s":{"weight":0.0,"played":[0.0,1.0],"evs":[0.0,13.33466]},"K5s":{"weight":0.0,"played":[0.0,1.0],"evs":[0.0,14.28721]},"K6s":{"weight":0.0121,"played":[0.0,1.0],"evs":[0.0,14.61881]},"K7s":{"weight":8.0E-4,"played":[0.0,1.0],"evs":[0.0,16.35021]},"K8s":{"weight":0.0014,"played":[0.0,1.0],"evs":[0.0,14.61898]},"K9s":{"weight":0.1031,"played":[0.0,1.0],"evs":[0.0,16.25025]},"KTs":{"weight":0.1092,"played":[0.0,1.0],"evs":[0.0,16.44559]},"KJs":{"weight":0.0082,"played":[1.0E-4,0.9999],"evs":[0.0,16.74434]},"KQs":{"weight":0.9858,"played":[0.0,1.0],"evs":[0.0,19.40843]},"KK":{"weight":0.3627,"played":[0.0,1.0],"evs":[0.0,37.85194]},"AKo":{"weight":0.0,"played":[0.0,1.0],"evs":[0.0,22.88438]},"A2s":{"weight":6.0E-4,"played":[0.0,1.0],"evs":[0.0,14.49986]},"A3s":{"weight":0.0235,"played":[0.0,1.0],"evs":[0.0,14.64949]},"A4s":{"weight":0.0026,"played":[0.0,1.0],"evs":[0.0,14.30279]},"A5s":{"weight":4.0E-4,"played":[0.0,1.0],"evs":[0.0,16.066]},"A6s":{"weight":0.0011,"played":[0.0,1.0],"evs":[0.0,15.63065]},"A7s":{"weight":0.1101,"played":[0.0,1.0],"evs":[0.0,15.44773]},"A8s":{"weight":0.0281,"played":[0.0,1.0],"evs":[0.0,16.51174]},"A9s":{"weight":0.0848,"played":[0.0,1.0],"evs":[0.0,17.03401]},"ATs":{"weight":0.4897,"played":[0.0,1.0],"evs":[0.0,18.09105]},"AJs":{"weight":0.6812,"played":[0.0,1.0],"evs":[0.0,20.52226]},"AQs":{"weight":0.675,"played":[0.0,1.0],"evs":[0.0,21.98604]},"AKs":{"weight":2.0E-4,"played":[0.0,1.0],"evs":[0.0,23.41876]},"AA":{"weight":0.196,"played":[0.0,1.0],"evs":[0.0,44.35837]}}}