{"player":0,"street":0,"children":3,"sequence":[{"player":0,"type":"R","amount":200000,"street":0},{"player":1,"type":"F","amount":0,"street":0},{"player":2,"type":"C","amount":200000,"street":0},{"player":3,"type":"C","amount":200000,"street":0},{"player":4,"type":"R","amount":1085000,"street":0},{"player":5,"type":"R","amount":2235000,"street":0}],"actions":[{"type":"F","amount":0,"node":433},{"type":"C","amount":2035000,"node":438},{"type":"R","amount":2585000,"node":444}],"hands":{"22":{"weight":0.0,"played":[0.9415,0.0245,0.034],"evs":[0.0,-1.13399,-0.44571]},"32o":{"weight":0.0,"played":[1.0,0.0,0.0],"evs":[0.0,-6.58628,-6.68192]},"42o":{"weight":0.0,"played":[0.9995,0.0,4.0E-4],"evs":[0.0,-5.48508,-5.90826]},"52o":{"weight":0.0,"played":[0.9999,0.0,1.0E-4],"evs":[0.0,-5.37657,-5.48583]},"62o":{"weight":0.0,"played":[0.9996,0.0,4.0E-4],"evs":[0.0,-6.1224,-6.1273]},"72o":{"weight":0.0,"played":[1.0,0.0,0.0],"evs":[0.0,-6.29493,-6.64433]},"82o":{"weight":0.0,"played":[1.0,0.0,0.0],"evs":[0.0,-6.08951,-6.50688]},"92o":{"weight":0.0,"played":[0.9999,0.0,1.0E-4],"evs":[0.0,-5.91257,-5.77891]},"T2o":{"weight":0.0,"played":[0.9996,0.0,3.0E-4],"evs":[0.0,-5.95191,-5.82551]},"J2o":{"weight":0.0,"played":[1.0,0.0,0.0],"evs":[0.0,-6.06917,-5.72544]},"Q2o":{"weight":0.0,"played":[1.0,0.0,0.0],"evs":[0.0,-5.78355,-5.73537]},"K2o":{"weight":0.0,"played":[0.9986,1.0E-4,0.0013],"evs":[0.0,-4.87484,-4.56176]},"A2o":{"weight":0.0,"played":[0.9998,0.0,2.0E-4],"evs":[0.0,-3.57864,-3.95618]},"32s":{"weight":0.0,"played":[1.0,0.0,0.0],"evs":[0.0,-5.25734,-4.73954]},"33":{"weight":0.4165,"played":[0.9879,0.007,0.0052],"evs":[0.0,-1.4076,-0.47131]},"43o":{"weight":0.0,"played":[0.998,0.001,0.001],"evs":[0.0,-4.57589,-4.79195]},"53o":{"weight":0.0,"played":[0.9991,1.0E-4,8.0E-4],"evs":[0.0,-4.67578,-4.69316]},"63o":{"weight":0.0,"played":[1.0,0.0,0.0],"evs":[0.0,-4.82327,-5.18163]},"73o":{"weight":0.0,"played":[0.9999,0.0,0.0],"evs":[0.0,-5.06846,-5.46261]},"83o":{"weight":0.0,"played":[1.0,0.0,0.0],"evs":[0.0,-6.46317,-6.8181]},"93o":{"weight":0.0,"played":[0.9998,0.0,2.0E-4],"evs":[0.0,-5.80184,-5.74883]},"T3o":{"weight":0.0,"played":[1.0,0.0,0.0],"evs":[0.0,-6.63176,-6.24889]},"J3o":{"weight":0.0,"played":[0.9997,0.0,3.0E-4],"evs":[0.0,-5.40452,-5.18866]},"Q3o":{"weight":0.0,"played":[0.9999,0.0,1.0E-4],"evs":[0.0,-4.8893,-5.22653]},"K3o":{"weight":0.0,"played":[0.9999,0.0,1.0E-4],"evs":[0.0,-5.63218,-5.22923]},"A3o":{"weight":0.0,"played":[0.9987,0.0,0.0013],"evs":[0.0,-5.15707,-5.31036]},"42s":{"weight":0.0,"played":[0.9966,1.0E-4,0.0034],"evs":[0.0,-5.05817,-5.40796]},"43s":{"weight":0.0,"played":[0.9958,0.0,0.0042],"evs":[0.0,-3.62946,-3.21609]},"44":{"weight":0.9999,"played":[0.881,0.0066,0.1125],"evs":[0.0,-0.7013,-0.24087]},"54o":{"weight":0.0,"played":[0.9991,4.0E-4,5.0E-4],"evs":[0.0,-4.47458,-4.58235]},"64o":{"weight":0.0,"played":[0.9998,0.0,2.0E-4],"evs":[0.0,-4.70044,-4.8662]},"74o":{"weight":0.0,"played":[0.9986,0.0,0.0014],"evs":[0.0,-5.34814,-5.13838]},"84o":{"weight":0.0,"played":[0.9999,0.0,1.0E-4],"evs":[0.0,-6.54181,-6.44244]},"94o":{"weight":0.0,"played":[0.9993,0.0,7.0E-4],"evs":[0.0,-5.85371,-5.70613]},"T4o":{"weight":0.0,"played":[0.9997,0.0,2.0E-4],"evs":[0.0,-5.70707,-5.36697]},"J4o":{"weight":0.0,"played":[1.0,0.0,0.0],"evs":[0.0,-5.52954,-4.80181]},"Q4o":{"weight":0.0,"played":[0.9999,0.0,1.0E-4],"evs":[0.0,-5.51076,-5.29759]},"K4o":{"weight":0.0,"played":[0.9999,0.0,0.0],"evs":[0.0,-4.81776,-4.58704]},"A4o":{"weight":0.0,"played":[0.9984,7.0E-4,9.0E-4],"evs":[0.0,-3.89283,-3.91832]},"52s":{"weight":0.0,"played":[0.986,0.0029,0.0111],"evs":[0.0,-3.99226,-3.84743]},"53s":{"weight":0.0,"played":[0.9771,0.0057,0.0172],"evs":[0.0,-2.92582,-3.01868]},"54s":{"weight":0.0,"played":[0.9766,1.0E-4,0.0234],"evs":[0.0,-1.75505,-1.48686]},"55":{"weight":1.0,"played":[0.594,0.2054,0.2005],"evs":[0.0,-0.53489,-0.70789]},"65o":{"weight":0.0,"played":[1.0,0.0,0.0],"evs":[0.0,-3.14527,-3.00407]},"75o":{"weight":0.0,"played":[0.9998,0.0,2.0E-4],"evs":[0.0,-4.32535,-4.52461]},"85o":{"weight":0.0,"played":[1.0,0.0,0.0],"evs":[0.0,-4.79867,-5.31772]},"95o":{"weight":0.0,"played":[0.9997,0.0,3.0E-4],"evs":[0.0,-5.03493,-5.15788]},"T5o":{"weight":0.0,"played":[0.9999,1.0E-4,1.0E-4],"evs":[0.0,-6.14904,-6.14474]},"J5o":{"weight":0.0,"played":[0.9985,0.0,0.0015],"evs":[0.0,-5.02361,-4.99691]},"Q5o":{"weight":0.0,"played":[0.9988,0.0,0.0012],"evs":[0.0,-4.49681,-4.55166]},"K5o":{"weight":0.0,"played":[0.9999,0.0,1.0E-4],"evs":[0.0,-5.38401,-5.27182]},"A5o":{"weight":0.0,"played":[0.98,0.0072,0.0128],"evs":[0.0,-4.31795,-4.95335]},"62s":{"weight":0.0,"played":[1.0,0.0,0.0],"evs":[0.0,-3.05129,-3.52178]},"63s":{"weight":0.0,"played":[0.9994,0.0,6.0E-4],"evs":[0.0,-3.56558,-3.9477]},"64s":{"weight":0.0,"played":[0.9885,0.0047,0.0067],"evs":[0.0,-2.6318,-2.13432]},"65s":{"weight":0.0,"played":[0.9649,0.0336,0.0015],"evs":[0.0,-1.18997,-2.13381]},"66":{"weight":1.0,"played":[0.0562,0.3991,0.5447],"evs":[0.0,0.46935,0.52]},"76o":{"weight":0.0,"played":[0.9977,1.0E-4,0.0021],"evs":[0.0,-3.51214,-3.34321]},"86o":{"weight":0.0,"played":[0.9967,2.0E-4,0.0032],"evs":[0.0,-2.94956,-2.78287]},"96o":{"weight":0.0,"played":[0.9995,3.0E-4,2.0E-4],"evs":[0.0,-4.49251,-4.00494]},"T6o":{"weight":0.0,"played":[0.9991,0.0,8.0E-4],"evs":[0.0,-5.84395,-5.5676]},"J6o":{"weight":0.0,"played":[0.9986,0.0013,0.0],"evs":[0.0,-5.70328,-5.50755]},"Q6o":{"weight":0.0,"played":[0.9998,0.0,2.0E-4],"evs":[0.0,-4.87722,-4.2424]},"K6o":{"weight":0.0,"played":[0.9979,0.0013,8.0E-4],"evs":[0.0,-4.93705,-4.44852]},"A6o":{"weight":0.0,"played":[0.9992,5.0E-4,3.0E-4],"evs":[0.0,-4.30218,-4.56089]},"72s":{"weight":0.0,"played":[1.0,0.0,0.0],"evs":[0.0,-5.02491,-4.77508]},"73s":{"weight":0.0,"played":[0.9652,0.0,0.0348],"evs":[0.0,-3.28884,-3.25435]},"74s":{"weight":0.0,"played":[0.9835,0.0,0.0165],"evs":[0.0,-1.86586,-1.93379]},"75s":{"weight":0.0,"played":[0.9915,5.0E-4,0.008],"evs":[0.0,-1.3057,-0.96433]},"76s":{"weight":0.0038,"played":[0.9921,0.001,0.0068],"evs":[0.0,-2.58437,-2.06794]},"77":{"weight":1.0,"played":[0.0013,0.8589,0.1398],"evs":[0.0,3.12156,2.88097]},"87o":{"weight":0.0,"played":[0.9994,0.0,6.0E-4],"evs":[0.0,-2.51425,-2.35767]},"97o":{"weight":0.0,"played":[0.9999,0.0,0.0],"evs":[0.0,-3.30689,-3.19249]},"T7o":{"weight":0.0,"played":[0.9998,0.0,2.0E-4],"evs":[0.0,-3.63086,-3.88647]},"J7o":{"weight":0.0,"played":[0.9998,0.0,2.0E-4],"evs":[0.0,-4.60176,-4.59431]},"Q7o":{"weight":0.0,"played":[0.9992,0.0,8.0E-4],"evs":[0.0,-4.93109,-5.17942]},"K7o":{"weight":0.0,"played":[0.9996,2.0E-4,2.0E-4],"evs":[0.0,-3.70978,-3.42201]},"A7o":{"weight":0.0,"played":[0.9999,1.0E-4,1.0E-4],"evs":[0.0,-4.69649,-4.90479]},"82s":{"weight":0.0,"played":[0.9897,0.0,0.0103],"evs":[0.0,-3.44516,-3.96597]},"83s":{"weight":0.0,"played":[0.9522,0.0152,0.0326],"evs":[0.0,-1.64306,-1.32878]},"84s":{"weight":0.0,"played":[0.999,0.0,0.001],"evs":[0.0,-3.71448,-3.58421]},"85s":{"weight":0.0,"played":[0.987,0.0,0.013],"evs":[0.0,-1.2688,-1.37745]},"86s":{"weight":0.0,"played":[0.7758,0.0844,0.1398],"evs":[0.0,-0.53082,-0.41264]},"87s":{"weight":0.9996,"played":[0.6916,0.2487,0.0597],"evs":[0.0,-1.29735,-1.2291]},"88":{"weight":0.9986,"played":[0.0,0.9746,0.0254],"evs":[0.0,4.06455,3.45511]},"98o":{"weight":0.0,"played":[0.9999,0.0,1.0E-4],"evs":[0.0,-2.05669,-1.74167]},"T8o":{"weight":0.0,"played":[0.9985,0.0,0.0015],"evs":[0.0,-2.41815,-2.20355]},"J8o":{"weight":0.0,"played":[0.9996,0.0,4.0E-4],"evs":[0.0,-3.68841,-3.10463]},"Q8o":{"weight":0.0,"played":[0.9993,2.0E-4,5.0E-4],"evs":[0.0,-3.68321,-3.11879]},"K8o":{"weight":0.0,"played":[0.9999,0.0,1.0E-4],"evs":[0.0,-3.30131,-2.78445]},"A8o":{"weight":4.0E-4,"played":[0.9897,0.0025,0.0078],"evs":[0.0,-3.91009,-3.82149]},"92s":{"weight":0.0,"played":[0.9998,0.0,2.0E-4],"evs":[0.0,-5.92073,-5.44615]},"93s":{"weight":0.0,"played":[0.9991,0.0,9.0E-4],"evs":[0.0,-3.97577,-3.96848]},"94s":{"weight":0.0,"played":[0.9961,0.0,0.0039],"evs":[0.0,-4.30513,-4.18522]},"95s":{"weight":0.0,"played":[0.9994,0.0,6.0E-4],"evs":[0.0,-1.24684,-1.85431]},"96s":{"weight":0.0,"played":[0.9755,0.0156,0.0089],"evs":[0.0,-1.76706,-1.87077]},"97s":{"weight":0.0,"played":[0.9319,0.0162,0.0519],"evs":[0.0,-1.81565,-2.1838]},"98s":{"weight":0.9997,"played":[0.7625,0.1594,0.0781],"evs":[0.0,-0.91336,-0.61971]},"99":{"weight":0.9988,"played":[0.0,0.7447,0.2553],"evs":[0.0,4.25165,4.10324]},"T9o":{"weight":0.0,"played":[0.9988,1.0E-4,0.0011],"evs":[0.0,-1.84428,-1.96888]},"J9o":{"weight":0.0,"played":[0.9996,1.0E-4,3.0E-4],"evs":[0.0,-2.61612,-2.19085]},"Q9o":{"weight":0.0,"played":[1.0,0.0,0.0],"evs":[0.0,-1.98419,-1.28205]},"K9o":{"weight":0.0,"played":[0.9845,1.0E-4,0.0153],"evs":[0.0,-2.54823,-2.30924]},"A9o":{"weight":1.0,"played":[0.9998,0.0,2.0E-4],"evs":[0.0,-3.01783,-3.29716]},"T2s":{"weight":0.0,"played":[0.9998,1.0E-4,1.0E-4],"evs":[0.0,-2.60006,-2.11621]},"T3s":{"weight":0.0,"played":[0.9908,0.0036,0.0056],"evs":[0.0,-5.55635,-5.57682]},"T4s":{"weight":0.0,"played":[0.9913,0.0015,0.0072],"evs":[0.0,-3.61956,-2.83156]},"T5s":{"weight":0.0,"played":[0.9948,0.001,0.0041],"evs":[0.0,-4.05649,-3.47763]},"T6s":{"weight":0.0,"played":[0.9454,0.0276,0.027],"evs":[0.0,-2.5151,-2.61902]},"T7s":{"weight":0.0,"played":[0.9343,0.0234,0.0423],"evs":[0.0,-1.05533,-0.81818]},"T8s":{"weight":0.9999,"played":[0.9219,0.0622,0.0159],"evs":[0.0,-0.93007,-0.51795]},"T9s":{"weight":1.0,"played":[0.6694,0.0872,0.2434],"evs":[0.0,-1.09292,-1.10093]},"TT":{"weight":1.0,"played":[0.0,0.2136,0.7864],"evs":[0.0,6.62274,7.70166]},"JTo":{"weight":0.0,"played":[0.9976,0.0,0.0024],"evs":[0.0,-2.11008,-0.99224]},"QTo":{"weight":0.0605,"played":[0.9998,2.0E-4,1.0E-4],"evs":[0.0,-1.59703,-1.32608]},"KTo":{"weight":0.9453,"played":[0.9996,1.0E-4,2.0E-4],"evs":[0.0,-2.26183,-1.85663]},"ATo":{"weight":1.0,"played":[0.9896,0.0065,0.0039],"evs":[0.0,-2.55102,-2.32658]},"J2s":{"weight":0.0,"played":[0.9999,1.0E-4,0.0],"evs":[0.0,-3.9353,-3.13698]},"J3s":{"weight":0.0,"played":[0.9997,0.0,3.0E-4],"evs":[0.0,-4.13195,-3.05318]},"J4s":{"weight":0.0,"played":[0.9972,2.0E-4,0.0026],"evs":[0.0,-4.50503,-4.58904]},"J5s":{"weight":0.0,"played":[0.9961,0.0019,0.002],"evs":[0.0,-3.94284,-3.51855]},"J6s":{"weight":0.0,"played":[0.9998,0.0,2.0E-4],"evs":[0.0,-2.71388,-2.76084]},"J7s":{"weight":0.0,"played":[0.8033,0.0025,0.1942],"evs":[0.0,-1.38778,-1.12545]},"J8s":{"weight":0.6993,"played":[0.9848,1.0E-4,0.0151],"evs":[0.0,-1.78861,-0.89282]},"J9s":{"weight":1.0,"played":[0.6486,0.274,0.0774],"evs":[0.0,-1.0304,-1.11215]},"JTs":{"weight":1.0,"played":[0.107,0.5154,0.3776],"evs":[0.0,1.53269,1.57195]},"JJ":{"weight":1.0,"played":[0.0,0.0224,0.9776],"evs":[0.0,10.03934,10.37958]},"QJo":{"weight":1.0,"played":[0.9943,0.0053,5.0E-4],"evs":[0.0,-2.34909,-1.89804]},"KJo":{"weight":1.0,"played":[0.9962,0.0013,0.0025],"evs":[0.0,-1.52612,-1.30154]},"AJo":{"weight":1.0,"played":[0.9709,0.0199,0.0092],"evs":[0.0,-0.43317,-0.75735]},"Q2s":{"weight":0.0,"played":[0.9997,0.0,3.0E-4],"evs":[0.0,-5.62845,-5.33341]},"Q3s":{"weight":0.0,"played":[0.9999,0.0,1.0E-4],"evs":[0.0,-3.64672,-3.39456]},"Q4s":{"weight":0.0,"played":[0.7525,0.1137,0.1338],"evs":[0.0,-2.66918,-2.46754]},"Q5s":{"weight":0.0,"played":[0.9055,0.0603,0.0342],"evs":[0.0,-3.62446,-4.51574]},"Q6s":{"weight":0.0,"played":[0.7164,0.0,0.2835],"evs":[0.0,-2.35207,-1.3238]},"Q7s":{"weight":0.0,"played":[0.9994,0.0,6.0E-4],"evs":[0.0,-3.0061,-2.41633]},"Q8s":{"weight":0.9709,"played":[0.8167,0.0711,0.1122],"evs":[0.0,-1.95679,-1.67901]},"Q9s":{"weight":1.0,"played":[0.815,0.0213,0.1638],"evs":[0.0,0.05825,0.31234]},"QTs":{"weight":1.0,"played":[0.5215,0.2521,0.2264],"evs":[0.0,-0.19195,-0.13453]},"QJs":{"weight":1.0,"played":[0.1228,0.1672,0.71],"evs":[0.0,0.84747,1.73777]},"QQ":{"weight":1.0,"played":[0.0,0.1303,0.8697],"evs":[0.0,12.82083,13.57531]},"KQo":{"weight":1.0,"played":[0.8306,0.1008,0.0686],"evs":[0.0,-0.81643,-0.76044]},"AQo":{"weight":0.9981,"played":[0.0147,0.6679,0.3174],"evs":[0.0,1.79698,1.64699]},"K2s":{"weight":0.0,"played":[0.9845,0.0,0.0155],"evs":[0.0,-4.11489,-2.96047]},"K3s":{"weight":0.0,"played":[0.9956,4.0E-4,0.004],"evs":[0.0,-2.68488,-2.80768]},"K4s":{"weight":0.0,"played":[0.9975,0.0014,0.0012],"evs":[0.0,-3.52137,-3.43272]},"K5s":{"weight":0.0,"played":[0.9985,0.0,0.0015],"evs":[0.0,-2.82725,-2.93912]},"K6s":{"weight":2.0E-4,"played":[0.9646,0.011,0.0244],"evs":[0.0,-2.81381,-2.71097]},"K7s":{"weight":0.9982,"played":[0.9738,0.0,0.0262],"evs":[0.0,-2.9382,-2.32152]},"K8s":{"weight":1.0,"played":[0.8738,0.01,0.1162],"evs":[0.0,-2.37873,-1.65792]},"K9s":{"weight":1.0,"played":[0.4318,0.2337,0.3345],"evs":[0.0,0.40025,0.43604]},"KTs":{"weight":1.0,"played":[0.1225,0.5807,0.2968],"evs":[0.0,1.61259,1.70183]},"KJs":{"weight":0.9971,"played":[0.0206,0.5322,0.4472],"evs":[0.0,-0.03077,0.07628]},"KQs":{"weight":1.0,"played":[0.0277,0.0092,0.9631],"evs":[0.0,1.31275,1.63444]},"KK":{"weight":1.0,"played":[0.0,0.7147,0.2853],"evs":[0.0,16.93416,16.40171]},"AKo":{"weight":0.9989,"played":[0.0,0.2407,0.7593],"evs":[0.0,3.5176,3.89255]},"A2s":{"weight":1.0,"played":[0.995,0.0028,0.0022],"evs":[0.0,-3.50393,-3.09001]},"A3s":{"weight":1.0,"played":[0.9974,6.0E-4,0.0019],"evs":[0.0,-1.45262,-1.80995]},"A4s":{"weight":1.0,"played":[0.9868,0.0084,0.0047],"evs":[0.0,-1.91134,-1.1364]},"A5s":{"weight":1.0,"played":[0.8188,0.1653,0.0159],"evs":[0.0,-1.8763,-1.93221]},"A6s":{"weight":1.0,"played":[0.9015,0.0044,0.0941],"evs":[0.0,-1.86818,-1.7324]},"A7s":{"weight":1.0,"played":[0.8853,0.0661,0.0486],"evs":[0.0,-1.75784,-1.6611]},"A8s":{"weight":1.0,"played":[0.8096,0.0375,0.1529],"evs":[0.0,-1.54099,-2.02129]},"A9s":{"weight":1.0,"played":[0.2217,0.4027,0.3756],"evs":[0.0,1.54922,1.64212]},"ATs":{"weight":1.0,"played":[0.3328,0.2942,0.3729],"evs":[0.0,0.23591,0.60453]},"AJs":{"weight":1.0,"played":[0.0,0.4553,0.5447],"evs":[0.0,1.21058,1.28752]},"AQs":{"weight":1.0,"played":[0.0,0.4564,0.5436],"evs":[0.0,4.43795,4.35872]},"AKs":{"weight":1.0,"played":[0.0,0.1244,0.8756],"evs":[0.0,6.01548,6.37229]},"AA":{"weight":1.0,"played":[0.0,0.8183,0.1817],"evs":[0.0,24.87259,24.48602]}}}