{"player":2,"street":0,"children":3,"sequence":[{"player":0,"type":"R","amount":200000,"street":0},{"player":1,"type":"F","amount":0,"street":0},{"player":2,"type":"C","amount":200000,"street":0},{"player":3,"type":"C","amount":200000,"street":0},{"player":4,"type":"R","amount":1085000,"street":0},{"player":5,"type":"R","amount":2235000,"street":0},{"player":0,"type":"F","amount":0,"street":0}],"actions":[{"type":"F","amount":0,"node":434},{"type":"C","amount":2035000,"node":435},{"type":"R","amount":2985000,"node":437}],"hands":{"22":{"weight":1.0,"played":[0.9989,0.0,0.0011],"evs":[0.0,-2.50598,-2.33387]},"32o":{"weight":0.0,"played":[0.9998,1.0E-4,1.0E-4],"evs":[0.0,-5.78202,-5.76795]},"42o":{"weight":0.0,"played":[0.9999,0.0,1.0E-4],"evs":[0.0,-6.23863,-6.12922]},"52o":{"weight":0.0,"played":[0.9998,1.0E-4,1.0E-4],"evs":[0.0,-4.62953,-4.47934]},"62o":{"weight":0.0,"played":[0.9995,4.0E-4,1.0E-4],"evs":[0.0,-5.64699,-5.18011]},"72o":{"weight":0.0,"played":[0.9998,0.0,2.0E-4],"evs":[0.0,-7.22087,-6.72812]},"82o":{"weight":0.0,"played":[0.9996,1.0E-4,3.0E-4],"evs":[0.0,-6.81621,-6.5101]},"92o":{"weight":0.0,"played":[1.0,0.0,0.0],"evs":[0.0,-6.03339,-5.46229]},"T2o":{"weight":0.0,"played":[1.0,0.0,0.0],"evs":[0.0,-6.07089,-6.12687]},"J2o":{"weight":0.0,"played":[0.9997,1.0E-4,2.0E-4],"evs":[0.0,-6.3072,-5.66167]},"Q2o":{"weight":0.0,"played":[0.9995,2.0E-4,3.0E-4],"evs":[0.0,-5.31659,-5.14066]},"K2o":{"weight":0.0,"played":[1.0,0.0,0.0],"evs":[0.0,-5.62086,-5.6728]},"A2o":{"weight":0.0,"played":[0.9984,1.0E-4,0.0014],"evs":[0.0,-4.38936,-3.57163]},"32s":{"weight":0.0,"played":[0.9999,0.0,1.0E-4],"evs":[0.0,-3.78341,-2.99381]},"33":{"weight":0.5978,"played":[0.9846,0.0043,0.0111],"evs":[0.0,-1.31999,-1.45235]},"43o":{"weight":0.0,"played":[1.0,0.0,0.0],"evs":[0.0,-4.47549,-4.45517]},"53o":{"weight":0.0,"played":[0.9999,1.0E-4,0.0],"evs":[0.0,-4.24726,-4.50366]},"63o":{"weight":0.0,"played":[0.9993,1.0E-4,6.0E-4],"evs":[0.0,-6.01158,-5.69116]},"73o":{"weight":0.0,"played":[1.0,0.0,0.0],"evs":[0.0,-4.78365,-4.65762]},"83o":{"weight":0.0,"played":[1.0,0.0,0.0],"evs":[0.0,-5.81356,-5.43943]},"93o":{"weight":0.0,"played":[0.9988,0.0011,2.0E-4],"evs":[0.0,-5.85316,-5.73446]},"T3o":{"weight":0.0,"played":[1.0,0.0,0.0],"evs":[0.0,-5.90717,-5.55881]},"J3o":{"weight":0.0,"played":[0.9993,0.0,7.0E-4],"evs":[0.0,-5.57536,-5.39494]},"Q3o":{"weight":0.0,"played":[1.0,0.0,0.0],"evs":[0.0,-5.62995,-5.70036]},"K3o":{"weight":0.0,"played":[0.9993,1.0E-4,5.0E-4],"evs":[0.0,-3.88315,-4.16675]},"A3o":{"weight":0.0,"played":[0.9973,5.0E-4,0.0022],"evs":[0.0,-3.76169,-3.49554]},"42s":{"weight":0.0,"played":[0.9992,7.0E-4,1.0E-4],"evs":[0.0,-5.91898,-5.79969]},"43s":{"weight":0.0,"played":[0.9846,0.0045,0.0109],"evs":[0.0,-3.49046,-3.44036]},"44":{"weight":0.9003,"played":[0.9018,0.0166,0.0816],"evs":[0.0,-1.11791,-1.35601]},"54o":{"weight":0.0,"played":[0.9987,0.0,0.0012],"evs":[0.0,-4.32068,-4.28559]},"64o":{"weight":0.0,"played":[0.9981,0.0,0.0018],"evs":[0.0,-5.13301,-4.76848]},"74o":{"weight":0.0,"played":[0.9997,1.0E-4,2.0E-4],"evs":[0.0,-4.42744,-3.89511]},"84o":{"weight":0.0,"played":[0.9997,1.0E-4,2.0E-4],"evs":[0.0,-4.72698,-4.3323]},"94o":{"weight":0.0,"played":[1.0,0.0,0.0],"evs":[0.0,-5.18883,-5.31525]},"T4o":{"weight":0.0,"played":[0.9998,0.0,2.0E-4],"evs":[0.0,-4.89796,-4.71107]},"J4o":{"weight":0.0,"played":[0.9997,1.0E-4,2.0E-4],"evs":[0.0,-5.13784,-5.30321]},"Q4o":{"weight":0.0,"played":[1.0,0.0,0.0],"evs":[0.0,-5.69335,-5.66654]},"K4o":{"weight":0.0,"played":[0.9986,6.0E-4,8.0E-4],"evs":[0.0,-4.45291,-4.63672]},"A4o":{"weight":0.0,"played":[0.9984,4.0E-4,0.0012],"evs":[0.0,-3.03516,-2.42747]},"52s":{"weight":0.0,"played":[0.9453,0.0183,0.0364],"evs":[0.0,-5.26712,-5.75422]},"53s":{"weight":0.0,"played":[0.9816,0.003,0.0154],"evs":[0.0,-2.74627,-2.3913]},"54s":{"weight":0.9999,"played":[0.9907,0.0031,0.0062],"evs":[0.0,-2.66867,-2.11671]},"55":{"weight":0.966,"played":[0.0528,0.3705,0.5767],"evs":[0.0,0.60437,0.32363]},"65o":{"weight":0.0,"played":[0.9992,8.0E-4,0.0],"evs":[0.0,-4.54539,-4.50682]},"75o":{"weight":0.0,"played":[0.9992,0.0,8.0E-4],"evs":[0.0,-4.92597,-4.58893]},"85o":{"weight":0.0,"played":[0.9998,1.0E-4,1.0E-4],"evs":[0.0,-4.8322,-4.1046]},"95o":{"weight":0.0,"played":[0.9997,0.0,3.0E-4],"evs":[0.0,-4.86994,-4.93065]},"T5o":{"weight":0.0,"played":[0.9998,1.0E-4,1.0E-4],"evs":[0.0,-5.32356,-5.23519]},"J5o":{"weight":0.0,"played":[0.9997,0.0,3.0E-4],"evs":[0.0,-4.86692,-4.93894]},"Q5o":{"weight":0.0,"played":[0.9999,0.0,0.0],"evs":[0.0,-4.22882,-4.28502]},"K5o":{"weight":0.0,"played":[0.9999,0.0,1.0E-4],"evs":[0.0,-4.97161,-5.34619]},"A5o":{"weight":0.0,"played":[0.9993,2.0E-4,5.0E-4],"evs":[0.0,-4.29409,-3.58805]},"62s":{"weight":0.0,"played":[0.9664,0.0041,0.0295],"evs":[0.0,-3.09915,-2.87382]},"63s":{"weight":0.0,"played":[0.9877,0.008,0.0043],"evs":[0.0,-1.93864,-1.67833]},"64s":{"weight":0.0047,"played":[0.9164,0.0197,0.064],"evs":[0.0,-2.79125,-2.06545]},"65s":{"weight":0.9997,"played":[0.992,0.002,0.006],"evs":[0.0,-2.55999,-2.33227]},"66":{"weight":0.9338,"played":[0.0087,0.2205,0.7709],"evs":[0.0,1.59146,1.52332]},"76o":{"weight":0.0,"played":[1.0,0.0,0.0],"evs":[0.0,-2.03645,-2.35603]},"86o":{"weight":0.0,"played":[0.9911,0.0,0.0088],"evs":[0.0,-2.50135,-2.07703]},"96o":{"weight":0.0,"played":[0.9966,0.002,0.0014],"evs":[0.0,-4.08507,-3.71103]},"T6o":{"weight":0.0,"played":[0.9992,8.0E-4,0.0],"evs":[0.0,-3.90864,-3.9993]},"J6o":{"weight":0.0,"played":[0.9987,0.001,2.0E-4],"evs":[0.0,-4.49455,-4.50285]},"Q6o":{"weight":0.0,"played":[0.9997,1.0E-4,2.0E-4],"evs":[0.0,-5.21815,-4.80071]},"K6o":{"weight":0.0,"played":[0.9999,0.0,0.0],"evs":[0.0,-4.41625,-4.08931]},"A6o":{"weight":0.0,"played":[0.9987,3.0E-4,0.001],"evs":[0.0,-4.30322,-4.28623]},"72s":{"weight":0.0,"played":[0.9982,7.0E-4,0.0012],"evs":[0.0,-4.32533,-4.1542]},"73s":{"weight":0.0,"played":[0.9851,0.0135,0.0014],"evs":[0.0,-4.33286,-4.47814]},"74s":{"weight":0.0,"played":[0.9964,0.0021,0.0014],"evs":[0.0,-2.55676,-2.43628]},"75s":{"weight":0.0168,"played":[0.9234,0.0011,0.0754],"evs":[0.0,-2.19474,-2.13755]},"76s":{"weight":1.0,"played":[0.6649,0.0249,0.3102],"evs":[0.0,-1.03726,-0.73642]},"77":{"weight":0.9683,"played":[1.0E-4,0.2452,0.7547],"evs":[0.0,2.98484,2.99389]},"87o":{"weight":0.0,"played":[0.9999,0.0,1.0E-4],"evs":[0.0,-2.91738,-2.81551]},"97o":{"weight":0.0,"played":[0.9898,0.0033,0.0069],"evs":[0.0,-2.94227,-2.63657]},"T7o":{"weight":0.0,"played":[0.9994,4.0E-4,2.0E-4],"evs":[0.0,-3.47497,-3.19274]},"J7o":{"weight":0.0,"played":[0.9978,0.0013,0.001],"evs":[0.0,-4.05622,-3.87633]},"Q7o":{"weight":0.0,"played":[0.9967,3.0E-4,0.0029],"evs":[0.0,-4.06041,-4.50429]},"K7o":{"weight":0.0,"played":[0.9985,0.0014,1.0E-4],"evs":[0.0,-3.58609,-3.91318]},"A7o":{"weight":0.0,"played":[0.996,0.0035,5.0E-4],"evs":[0.0,-2.45116,-2.26523]},"82s":{"weight":0.0,"played":[0.9994,0.0,6.0E-4],"evs":[0.0,-2.31393,-2.13467]},"83s":{"weight":0.0,"played":[0.9989,0.0,0.0011],"evs":[0.0,-2.59475,-2.77802]},"84s":{"weight":0.0,"played":[0.9969,0.0,0.0031],"evs":[0.0,-3.24441,-3.12537]},"85s":{"weight":0.0,"played":[0.9708,0.0292,0.0],"evs":[0.0,-1.75624,-1.92806]},"86s":{"weight":0.2847,"played":[0.9775,0.0137,0.0088],"evs":[0.0,-2.34106,-1.58639]},"87s":{"weight":0.98,"played":[0.7413,0.0782,0.1805],"evs":[0.0,-0.14965,-0.06649]},"88":{"weight":0.8938,"played":[2.0E-4,0.3624,0.6374],"evs":[0.0,6.00163,5.92764]},"98o":{"weight":0.0,"played":[0.9996,3.0E-4,1.0E-4],"evs":[0.0,-0.5822,-0.81148]},"T8o":{"weight":0.0,"played":[0.9998,0.0,2.0E-4],"evs":[0.0,-2.55928,-2.51866]},"J8o":{"weight":0.0,"played":[0.9997,0.0,3.0E-4],"evs":[0.0,-3.41819,-3.40533]},"Q8o":{"weight":0.0,"played":[0.9995,2.0E-4,4.0E-4],"evs":[0.0,-4.22273,-4.52256]},"K8o":{"weight":0.0,"played":[0.9977,2.0E-4,0.0021],"evs":[0.0,-2.45529,-2.65483]},"A8o":{"weight":0.0,"played":[0.9249,0.0432,0.0319],"evs":[0.0,-2.35102,-1.88654]},"92s":{"weight":0.0,"played":[0.9993,3.0E-4,4.0E-4],"evs":[0.0,-2.98678,-2.63725]},"93s":{"weight":0.0,"played":[0.9977,0.0,0.0023],"evs":[0.0,-3.81072,-2.98582]},"94s":{"weight":0.0,"played":[0.9992,3.0E-4,5.0E-4],"evs":[0.0,-2.08864,-2.05411]},"95s":{"weight":0.0,"played":[0.9919,0.0025,0.0056],"evs":[0.0,-1.86548,-2.25469]},"96s":{"weight":2.0E-4,"played":[0.9713,0.0042,0.0245],"evs":[0.0,-2.532,-2.42252]},"97s":{"weight":0.967,"played":[0.9813,0.0068,0.0119],"evs":[0.0,-0.40071,-0.16354]},"98s":{"weight":0.9999,"played":[0.4925,0.2746,0.2329],"evs":[0.0,0.43334,0.03653]},"99":{"weight":0.0059,"played":[0.0,0.5951,0.4049],"evs":[0.0,7.36148,6.99628]},"T9o":{"weight":0.0,"played":[0.999,0.001,0.0],"evs":[0.0,-1.76834,-1.87758]},"J9o":{"weight":0.0,"played":[0.9665,4.0E-4,0.0331],"evs":[0.0,-1.33376,-1.62097]},"Q9o":{"weight":0.0,"played":[0.9427,0.0308,0.0265],"evs":[0.0,-2.14527,-2.31508]},"K9o":{"weight":0.0,"played":[0.9129,0.0864,7.0E-4],"evs":[0.0,-1.86781,-2.42077]},"A9o":{"weight":2.0E-4,"played":[0.9893,0.0059,0.0048],"evs":[0.0,-2.75032,-2.73118]},"T2s":{"weight":0.0,"played":[0.943,0.0499,0.0071],"evs":[0.0,-3.68041,-2.8029]},"T3s":{"weight":0.0,"played":[0.9951,3.0E-4,0.0047],"evs":[0.0,-3.044,-2.90148]},"T4s":{"weight":0.0,"played":[0.9822,2.0E-4,0.0176],"evs":[0.0,-2.39131,-2.30044]},"T5s":{"weight":0.0,"played":[0.7526,0.1498,0.0976],"evs":[0.0,-2.35521,-2.61732]},"T6s":{"weight":0.0,"played":[0.9903,0.0084,0.0013],"evs":[0.0,-1.62063,-3.13953]},"T7s":{"weight":0.3304,"played":[0.7532,0.2155,0.0313],"evs":[0.0,-0.81295,-0.60246]},"T8s":{"weight":0.999,"played":[0.9743,0.0039,0.0218],"evs":[0.0,-0.60008,-0.50375]},"T9s":{"weight":0.9995,"played":[0.239,1.0E-4,0.761],"evs":[0.0,-0.86306,-0.57935]},"TT":{"weight":1.0E-4,"played":[0.0,0.8516,0.1484],"evs":[0.0,8.58743,7.92791]},"JTo":{"weight":0.0,"played":[0.8882,0.0447,0.067],"evs":[0.0,-1.59769,-2.41444]},"QTo":{"weight":0.0,"played":[0.9947,1.0E-4,0.0051],"evs":[0.0,-1.30648,-1.52494]},"KTo":{"weight":5.0E-4,"played":[0.8458,0.043,0.1112],"evs":[0.0,-1.7989,-1.80068]},"ATo":{"weight":0.6157,"played":[0.9645,0.0219,0.0136],"evs":[0.0,-1.16492,-1.43175]},"J2s":{"weight":0.0,"played":[0.9984,8.0E-4,9.0E-4],"evs":[0.0,-1.77402,-1.70673]},"J3s":{"weight":0.0,"played":[0.8652,0.0168,0.118],"evs":[0.0,-3.71382,-2.73845]},"J4s":{"weight":0.0,"played":[0.9845,0.0,0.0155],"evs":[0.0,-4.84801,-4.78248]},"J5s":{"weight":0.0,"played":[0.8827,0.0187,0.0986],"evs":[0.0,-2.69411,-2.24949]},"J6s":{"weight":0.0,"played":[0.9799,0.0192,9.0E-4],"evs":[0.0,-3.81135,-3.71614]},"J7s":{"weight":1.0E-4,"played":[0.7805,0.0285,0.191],"evs":[0.0,-1.68431,-1.10359]},"J8s":{"weight":0.9935,"played":[0.9669,0.0262,0.0069],"evs":[0.0,-1.54985,-1.44275]},"J9s":{"weight":1.0,"played":[0.3066,0.3716,0.3218],"evs":[0.0,-0.18717,-0.1811]},"JTs":{"weight":0.4368,"played":[0.0152,0.2002,0.7846],"evs":[0.0,0.01488,-0.17173]},"JJ":{"weight":0.0594,"played":[0.0,0.3932,0.6068],"evs":[0.0,10.66764,10.1277]},"QJo":{"weight":0.8103,"played":[0.9957,6.0E-4,0.0037],"evs":[0.0,-1.2847,-1.56941]},"KJo":{"weight":0.9363,"played":[0.9717,0.0193,0.009],"evs":[0.0,-1.76562,-2.03773]},"AJo":{"weight":0.9889,"played":[0.0174,0.6801,0.3025],"evs":[0.0,0.61433,0.31349]},"Q2s":{"weight":0.0,"played":[0.9957,0.0019,0.0025],"evs":[0.0,-2.77964,-2.61129]},"Q3s":{"weight":0.0,"played":[0.9949,2.0E-4,0.0049],"evs":[0.0,-3.90324,-3.5318]},"Q4s":{"weight":0.0,"played":[0.9897,0.0046,0.0057],"evs":[0.0,-2.04467,-1.94098]},"Q5s":{"weight":0.0,"played":[0.7439,0.034,0.2221],"evs":[0.0,-2.24175,-2.77114]},"Q6s":{"weight":0.0,"played":[0.9834,0.0092,0.0075],"evs":[0.0,-2.93388,-3.34126]},"Q7s":{"weight":1.0E-4,"played":[0.9979,0.0018,4.0E-4],"evs":[0.0,-1.74051,-2.11331]},"Q8s":{"weight":0.4673,"played":[0.8827,0.0653,0.0519],"evs":[0.0,-2.29833,-1.92892]},"Q9s":{"weight":0.854,"played":[0.7465,0.0142,0.2392],"evs":[0.0,-0.22635,-0.27403]},"QTs":{"weight":0.455,"played":[0.0013,0.9955,0.0032],"evs":[0.0,0.74831,0.63853]},"QJs":{"weight":0.0879,"played":[0.5792,0.1595,0.2613],"evs":[0.0,-0.54948,-0.30406]},"QQ":{"weight":0.2308,"played":[0.0,0.8505,0.1495],"evs":[0.0,15.46916,15.19451]},"KQo":{"weight":0.967,"played":[0.2968,0.3712,0.3319],"evs":[0.0,0.16322,0.31286]},"AQo":{"weight":0.2386,"played":[0.0236,0.3879,0.5885],"evs":[0.0,2.26259,2.46492]},"K2s":{"weight":0.0,"played":[0.9831,0.0092,0.0077],"evs":[0.0,-1.55197,-1.49193]},"K3s":{"weight":0.0,"played":[0.9194,9.0E-4,0.0798],"evs":[0.0,-3.69158,-4.27835]},"K4s":{"weight":2.0E-4,"played":[0.9999,0.0,0.0],"evs":[0.0,-4.17184,-3.3724]},"K5s":{"weight":0.0734,"played":[1.0,0.0,0.0],"evs":[0.0,-3.30464,-3.0711]},"K6s":{"weight":0.0299,"played":[0.867,1.0E-4,0.1329],"evs":[0.0,-1.929,-2.58174]},"K7s":{"weight":0.4059,"played":[0.5473,0.1893,0.2634],"evs":[0.0,-1.63256,-1.33965]},"K8s":{"weight":0.7968,"played":[0.8888,0.0423,0.069],"evs":[0.0,-1.37935,-1.35676]},"K9s":{"weight":0.9351,"played":[0.0741,0.5038,0.4221],"evs":[0.0,0.32727,-0.20032]},"KTs":{"weight":0.8114,"played":[5.0E-4,0.3158,0.6837],"evs":[0.0,0.86999,1.01177]},"KJs":{"weight":0.0151,"played":[0.353,0.3937,0.2533],"evs":[0.0,-0.63558,-0.19687]},"KQs":{"weight":0.9977,"played":[0.0034,0.9108,0.0858],"evs":[0.0,1.88386,1.38629]},"KK":{"weight":0.6899,"played":[0.0,0.2541,0.7459],"evs":[0.0,18.27578,18.16513]},"AKo":{"weight":0.0,"played":[0.0012,0.2208,0.7779],"evs":[0.0,3.14114,3.11094]},"A2s":{"weight":0.9911,"played":[0.9692,0.0248,0.0061],"evs":[0.0,-3.04625,-1.99139]},"A3s":{"weight":0.9676,"played":[0.9493,0.0116,0.0391],"evs":[0.0,-2.64332,-2.13081]},"A4s":{"weight":0.4321,"played":[0.9882,0.0018,0.0099],"evs":[0.0,-3.08805,-2.41044]},"A5s":{"weight":0.2332,"played":[0.9121,0.0363,0.0516],"evs":[0.0,-1.61424,-1.36248]},"A6s":{"weight":0.7584,"played":[0.9012,0.0626,0.0363],"evs":[0.0,-3.43725,-3.56292]},"A7s":{"weight":0.9064,"played":[0.9795,0.0081,0.0123],"evs":[0.0,-2.01845,-1.97759]},"A8s":{"weight":0.9825,"played":[0.062,0.5532,0.3847],"evs":[0.0,-0.29237,0.26263]},"A9s":{"weight":0.9999,"played":[0.5125,0.0153,0.4722],"evs":[0.0,-0.13053,0.50702]},"ATs":{"weight":1.0,"played":[0.0019,2.0E-4,0.998],"evs":[0.0,-0.07183,0.17197]},"AJs":{"weight":0.9996,"played":[5.0E-4,0.49,0.5095],"evs":[0.0,2.24916,2.64073]},"AQs":{"weight":1.0,"played":[0.0,0.3268,0.6732],"evs":[0.0,4.23078,4.49163]},"AKs":{"weight":3.0E-4,"played":[0.0,0.1313,0.8687],"evs":[0.0,5.76928,6.13148]},"AA":{"weight":0.4828,"played":[0.0,0.0416,0.9584],"evs":[0.0,22.14431,22.98347]}}}