{"player":3,"street":0,"children":2,"sequence":[{"player":0,"type":"R","amount":200000,"street":0},{"player":1,"type":"F","amount":0,"street":0},{"player":2,"type":"C","amount":200000,"street":0},{"player":3,"type":"C","amount":200000,"street":0},{"player":4,"type":"R","amount":1085000,"street":0},{"player":5,"type":"R","amount":2235000,"street":0},{"player":0,"type":"F","amount":0,"street":0},{"player":2,"type":"F","amount":0,"street":0}],"actions":[{"type":"F","amount":0},{"type":"C","amount":2035000}],"hands":{"22":{"weight":0.9806,"played":[0.9434,0.0566],"evs":[0.0,0.0322]},"32o":{"weight":0.0,"played":[0.9999,1.0E-4],"evs":[0.0,-3.57918]},"42o":{"weight":0.0,"played":[0.9991,9.0E-4],"evs":[0.0,-3.85375]},"52o":{"weight":0.0,"played":[0.9997,3.0E-4],"evs":[0.0,-3.58151]},"62o":{"weight":0.0,"played":[0.999,0.001],"evs":[0.0,-3.60055]},"72o":{"weight":0.0,"played":[1.0,0.0],"evs":[0.0,-4.50725]},"82o":{"weight":0.0,"played":[0.9999,1.0E-4],"evs":[0.0,-4.5691]},"92o":{"weight":0.0,"played":[0.9997,3.0E-4],"evs":[0.0,-3.71942]},"T2o":{"weight":0.0,"played":[0.9991,9.0E-4],"evs":[0.0,-4.5399]},"J2o":{"weight":0.0,"played":[0.9987,0.0013],"evs":[0.0,-4.39929]},"Q2o":{"weight":0.0,"played":[0.9985,0.0015],"evs":[0.0,-2.86287]},"K2o":{"weight":0.0,"played":[0.9974,0.0026],"evs":[0.0,-3.03696]},"A2o":{"weight":0.0,"played":[0.9995,5.0E-4],"evs":[0.0,-3.03732]},"32s":{"weight":0.0,"played":[0.9961,0.0039],"evs":[0.0,-2.61325]},"33":{"weight":0.7102,"played":[0.2143,0.7857],"evs":[0.0,0.60034]},"43o":{"weight":0.0,"played":[0.9984,0.0016],"evs":[0.0,-4.52529]},"53o":{"weight":0.0,"played":[0.9998,2.0E-4],"evs":[0.0,-3.17744]},"63o":{"weight":0.0,"played":[0.9999,1.0E-4],"evs":[0.0,-2.61972]},"73o":{"weight":0.0,"played":[1.0,0.0],"evs":[0.0,-3.41452]},"83o":{"weight":0.0,"played":[0.9998,2.0E-4],"evs":[0.0,-4.04462]},"93o":{"weight":0.0,"played":[0.9992,8.0E-4],"evs":[0.0,-3.74308]},"T3o":{"weight":0.0,"played":[0.9995,5.0E-4],"evs":[0.0,-4.86374]},"J3o":{"weight":0.0,"played":[0.9962,0.0038],"evs":[0.0,-3.16533]},"Q3o":{"weight":0.0,"played":[0.9817,0.0183],"evs":[0.0,-3.22136]},"K3o":{"weight":0.0,"played":[1.0,0.0],"evs":[0.0,-1.86685]},"A3o":{"weight":0.0,"played":[0.9989,0.0011],"evs":[0.0,-2.76245]},"42s":{"weight":0.0,"played":[0.8967,0.1033],"evs":[0.0,-3.19665]},"43s":{"weight":0.0,"played":[0.7863,0.2137],"evs":[0.0,-1.6038]},"44":{"weight":0.8635,"played":[0.7909,0.2091],"evs":[0.0,0.04475]},"54o":{"weight":0.0,"played":[0.9901,0.0099],"evs":[0.0,-2.63907]},"64o":{"weight":0.0,"played":[0.9984,0.0016],"evs":[0.0,-2.80074]},"74o":{"weight":0.0,"played":[0.9999,1.0E-4],"evs":[0.0,-3.53741]},"84o":{"weight":0.0,"played":[1.0,0.0],"evs":[0.0,-4.1556]},"94o":{"weight":0.0,"played":[1.0,0.0],"evs":[0.0,-4.91574]},"T4o":{"weight":0.0,"played":[0.9997,3.0E-4],"evs":[0.0,-4.55975]},"J4o":{"weight":0.0,"played":[0.9975,0.0025],"evs":[0.0,-4.70495]},"Q4o":{"weight":0.0,"played":[0.9914,0.0086],"evs":[0.0,-2.16766]},"K4o":{"weight":0.0,"played":[0.9924,0.0076],"evs":[0.0,-3.1338]},"A4o":{"weight":0.0,"played":[0.9822,0.0178],"evs":[0.0,-2.46731]},"52s":{"weight":0.0,"played":[0.9936,0.0064],"evs":[0.0,-2.78095]},"53s":{"weight":0.0,"played":[0.9962,0.0038],"evs":[0.0,-2.17982]},"54s":{"weight":0.9818,"played":[0.8301,0.1699],"evs":[0.0,0.57545]},"55":{"weight":0.9833,"played":[0.2662,0.7338],"evs":[0.0,0.51183]},"65o":{"weight":0.0,"played":[0.9998,2.0E-4],"evs":[0.0,-2.62286]},"75o":{"weight":0.0,"played":[0.9954,0.0046],"evs":[0.0,-2.75703]},"85o":{"weight":0.0,"played":[0.9793,0.0207],"evs":[0.0,-3.34945]},"95o":{"weight":0.0,"played":[0.9997,3.0E-4],"evs":[0.0,-3.04296]},"T5o":{"weight":0.0,"played":[0.9997,3.0E-4],"evs":[0.0,-3.32799]},"J5o":{"weight":0.0,"played":[0.9999,1.0E-4],"evs":[0.0,-4.03302]},"Q5o":{"weight":0.0,"played":[0.9998,2.0E-4],"evs":[0.0,-2.74]},"K5o":{"weight":0.0,"played":[0.9919,0.0081],"evs":[0.0,-2.43181]},"A5o":{"weight":0.0,"played":[0.9328,0.0672],"evs":[0.0,-2.07424]},"62s":{"weight":0.0,"played":[0.9967,0.0033],"evs":[0.0,-2.87186]},"63s":{"weight":0.0,"played":[0.9837,0.0163],"evs":[0.0,-0.79857]},"64s":{"weight":9.0E-4,"played":[0.7198,0.2802],"evs":[0.0,-0.77468]},"65s":{"weight":0.9933,"played":[0.3449,0.6551],"evs":[0.0,0.49619]},"66":{"weight":0.9994,"played":[0.0,1.0],"evs":[0.0,3.19178]},"76o":{"weight":0.0,"played":[0.9945,0.0055],"evs":[0.0,-1.39995]},"86o":{"weight":0.0,"played":[0.9948,0.0052],"evs":[0.0,-2.15123]},"96o":{"weight":0.0,"played":[0.9988,0.0012],"evs":[0.0,-3.39962]},"T6o":{"weight":0.0,"played":[0.9999,1.0E-4],"evs":[0.0,-3.94454]},"J6o":{"weight":0.0,"played":[0.9985,0.0015],"evs":[0.0,-4.25652]},"Q6o":{"weight":0.0,"played":[0.9999,1.0E-4],"evs":[0.0,-2.81368]},"K6o":{"weight":0.0,"played":[0.9997,3.0E-4],"evs":[0.0,-2.88742]},"A6o":{"weight":0.0,"played":[0.999,0.001],"evs":[0.0,-2.68256]},"72s":{"weight":0.0,"played":[0.9971,0.0029],"evs":[0.0,-2.59817]},"73s":{"weight":0.0,"played":[0.9332,0.0668],"evs":[0.0,-1.6741]},"74s":{"weight":0.0,"played":[0.999,0.001],"evs":[0.0,-2.4947]},"75s":{"weight":0.0345,"played":[0.906,0.094],"evs":[0.0,-1.58003]},"76s":{"weight":0.9583,"played":[0.8327,0.1673],"evs":[0.0,-0.36321]},"77":{"weight":0.9222,"played":[0.0038,0.9962],"evs":[0.0,2.46608]},"87o":{"weight":0.0,"played":[0.9723,0.0277],"evs":[0.0,-0.91655]},"97o":{"weight":0.0,"played":[0.9898,0.0102],"evs":[0.0,-2.33807]},"T7o":{"weight":0.0,"played":[0.9999,1.0E-4],"evs":[0.0,-2.74575]},"J7o":{"weight":0.0,"played":[0.9959,0.0041],"evs":[0.0,-2.09262]},"Q7o":{"weight":0.0,"played":[0.9889,0.0111],"evs":[0.0,-3.04423]},"K7o":{"weight":0.0,"played":[0.9638,0.0362],"evs":[0.0,-2.38563]},"A7o":{"weight":0.0,"played":[0.9968,0.0032],"evs":[0.0,-1.67772]},"82s":{"weight":0.0,"played":[0.99,0.01],"evs":[0.0,-1.48017]},"83s":{"weight":0.0,"played":[0.9888,0.0112],"evs":[0.0,-4.0451]},"84s":{"weight":0.0,"played":[0.4689,0.5311],"evs":[0.0,-0.31971]},"85s":{"weight":1.0E-4,"played":[0.8487,0.1513],"evs":[0.0,-0.80838]},"86s":{"weight":0.4947,"played":[0.9926,0.0074],"evs":[0.0,-1.25441]},"87s":{"weight":0.9956,"played":[0.8208,0.1792],"evs":[0.0,-0.80326]},"88":{"weight":1.0E-4,"played":[0.0,1.0],"evs":[0.0,4.1088]},"98o":{"weight":0.0,"played":[0.8975,0.1025],"evs":[0.0,-0.55403]},"T8o":{"weight":0.0,"played":[0.9949,0.0051],"evs":[0.0,-2.40856]},"J8o":{"weight":0.0,"played":[0.9862,0.0138],"evs":[0.0,-1.79618]},"Q8o":{"weight":0.0,"played":[0.9899,0.0101],"evs":[0.0,-2.15052]},"K8o":{"weight":0.0,"played":[0.9891,0.0109],"evs":[0.0,-2.63213]},"A8o":{"weight":0.0,"played":[0.9517,0.0483],"evs":[0.0,-2.32912]},"92s":{"weight":0.0,"played":[0.9966,0.0034],"evs":[0.0,-3.25705]},"93s":{"weight":0.0,"played":[0.8662,0.1338],"evs":[0.0,-2.02594]},"94s":{"weight":0.0,"played":[0.9655,0.0345],"evs":[0.0,-1.77489]},"95s":{"weight":0.0,"played":[0.9959,0.0041],"evs":[0.0,-2.29793]},"96s":{"weight":0.2433,"played":[0.8695,0.1305],"evs":[0.0,-1.16932]},"97s":{"weight":0.9824,"played":[0.6751,0.3249],"evs":[0.0,0.09476]},"98s":{"weight":0.9994,"played":[0.9984,0.0016],"evs":[0.0,-1.14627]},"99":{"weight":1.0E-4,"played":[0.0,1.0],"evs":[0.0,5.03793]},"T9o":{"weight":0.0,"played":[0.9997,3.0E-4],"evs":[0.0,-1.72669]},"J9o":{"weight":0.0,"played":[0.977,0.023],"evs":[0.0,-2.36711]},"Q9o":{"weight":0.0,"played":[0.9919,0.0081],"evs":[0.0,-2.18539]},"K9o":{"weight":0.0,"played":[0.9913,0.0087],"evs":[0.0,-2.34156]},"A9o":{"weight":1.0E-4,"played":[0.9827,0.0173],"evs":[0.0,-1.09639]},"T2s":{"weight":0.0,"played":[0.9895,0.0105],"evs":[0.0,-2.50174]},"T3s":{"weight":0.0,"played":[0.872,0.128],"evs":[0.0,-1.00702]},"T4s":{"weight":0.0,"played":[0.9945,0.0055],"evs":[0.0,-2.88122]},"T5s":{"weight":0.0,"played":[1.0,0.0],"evs":[0.0,-3.4812]},"T6s":{"weight":0.0,"played":[0.9634,0.0366],"evs":[0.0,-2.5375]},"T7s":{"weight":0.0029,"played":[0.1547,0.8453],"evs":[0.0,0.3104]},"T8s":{"weight":0.9154,"played":[0.9662,0.0338],"evs":[0.0,-1.39393]},"T9s":{"weight":0.2165,"played":[0.2218,0.7782],"evs":[0.0,0.54475]},"TT":{"weight":0.0,"played":[1.0E-4,0.9999],"evs":[0.0,7.42825]},"JTo":{"weight":0.0,"played":[0.8265,0.1735],"evs":[0.0,-1.41652]},"QTo":{"weight":0.0,"played":[0.9997,3.0E-4],"evs":[0.0,-1.9797]},"KTo":{"weight":2.0E-4,"played":[0.9815,0.0185],"evs":[0.0,-1.6012]},"ATo":{"weight":0.9402,"played":[0.5776,0.4224],"evs":[0.0,-0.57412]},"J2s":{"weight":0.0,"played":[0.9912,0.0088],"evs":[0.0,-2.57628]},"J3s":{"weight":0.0,"played":[0.9188,0.0812],"evs":[0.0,-1.43982]},"J4s":{"weight":0.0,"played":[0.9779,0.0221],"evs":[0.0,-3.72617]},"J5s":{"weight":0.0,"played":[0.8436,0.1564],"evs":[0.0,-0.97945]},"J6s":{"weight":0.0,"played":[0.9728,0.0272],"evs":[0.0,-3.61238]},"J7s":{"weight":0.0,"played":[0.9862,0.0138],"evs":[0.0,-2.40805]},"J8s":{"weight":0.3892,"played":[0.8169,0.1831],"evs":[0.0,-1.97754]},"J9s":{"weight":0.0531,"played":[0.8295,0.1705],"evs":[0.0,-1.62298]},"JTs":{"weight":0.0298,"played":[0.0111,0.9889],"evs":[0.0,1.03106]},"JJ":{"weight":1.0E-4,"played":[0.0,1.0],"evs":[0.0,10.21893]},"QJo":{"weight":0.0,"played":[0.9972,0.0028],"evs":[0.0,-0.66269]},"KJo":{"weight":0.9841,"played":[0.8287,0.1713],"evs":[0.0,-0.54181]},"AJo":{"weight":0.0649,"played":[0.3061,0.6939],"evs":[0.0,0.47329]},"Q2s":{"weight":0.0,"played":[0.9957,0.0043],"evs":[0.0,-2.2747]},"Q3s":{"weight":0.0,"played":[0.9996,4.0E-4],"evs":[0.0,-1.54567]},"Q4s":{"weight":1.0E-4,"played":[0.9928,0.0072],"evs":[0.0,-3.18322]},"Q5s":{"weight":0.0,"played":[0.9901,0.0099],"evs":[0.0,-2.90895]},"Q6s":{"weight":2.0E-4,"played":[0.9164,0.0836],"evs":[0.0,-2.36946]},"Q7s":{"weight":0.0013,"played":[0.979,0.021],"evs":[0.0,-2.83141]},"Q8s":{"weight":0.0264,"played":[0.6647,0.3353],"evs":[0.0,-0.93401]},"Q9s":{"weight":0.8317,"played":[0.484,0.516],"evs":[0.0,-0.64465]},"QTs":{"weight":0.0024,"played":[0.8613,0.1387],"evs":[0.0,0.18608]},"QJs":{"weight":0.2242,"played":[0.095,0.905],"evs":[0.0,1.58828]},"QQ":{"weight":2.0E-4,"played":[0.0,1.0],"evs":[0.0,11.54502]},"KQo":{"weight":1.0,"played":[0.0547,0.9453],"evs":[0.0,0.57767]},"AQo":{"weight":2.0E-4,"played":[2.0E-4,0.9998],"evs":[0.0,2.47196]},"K2s":{"weight":0.0,"played":[0.9881,0.0119],"evs":[0.0,-3.2005]},"K3s":{"weight":0.0014,"played":[0.7599,0.2401],"evs":[0.0,-0.77633]},"K4s":{"weight":0.0,"played":[0.9754,0.0246],"evs":[0.0,-2.69571]},"K5s":{"weight":0.0,"played":[0.9917,0.0083],"evs":[0.0,-1.44949]},"K6s":{"weight":8.0E-4,"played":[0.0407,0.9593],"evs":[0.0,1.51262]},"K7s":{"weight":0.654,"played":[0.9442,0.0558],"evs":[0.0,-0.29742]},"K8s":{"weight":0.0954,"played":[0.9974,0.0026],"evs":[0.0,-1.82427]},"K9s":{"weight":0.0022,"played":[0.9705,0.0295],"evs":[0.0,-1.33047]},"KTs":{"weight":4.0E-4,"played":[0.0019,0.9981],"evs":[0.0,2.70012]},"KJs":{"weight":0.0615,"played":[0.0288,0.9712],"evs":[0.0,1.02708]},"KQs":{"weight":0.9907,"played":[0.0019,0.9981],"evs":[0.0,1.01112]},"KK":{"weight":0.0027,"played":[0.0,1.0],"evs":[0.0,17.8325]},"AKo":{"weight":0.0,"played":[0.0,1.0],"evs":[0.0,5.0181]},"A2s":{"weight":0.5341,"played":[0.3827,0.6173],"evs":[0.0,1.05287]},"A3s":{"weight":0.1558,"played":[0.9952,0.0048],"evs":[0.0,-1.74952]},"A4s":{"weight":0.1552,"played":[0.7845,0.2155],"evs":[0.0,-2.82307]},"A5s":{"weight":0.4686,"played":[0.8524,0.1476],"evs":[0.0,-0.4256]},"A6s":{"weight":0.9359,"played":[0.9507,0.0493],"evs":[0.0,-0.54465]},"A7s":{"weight":0.9912,"played":[0.7714,0.2286],"evs":[0.0,-1.22333]},"A8s":{"weight":0.5912,"played":[0.132,0.868],"evs":[0.0,0.02576]},"A9s":{"weight":0.7511,"played":[0.4167,0.5833],"evs":[0.0,0.7295]},"ATs":{"weight":0.98,"played":[0.0022,0.9978],"evs":[0.0,0.26055]},"AJs":{"weight":0.9524,"played":[0.0813,0.9187],"evs":[0.0,1.72869]},"AQs":{"weight":1.0E-4,"played":[0.0,1.0],"evs":[0.0,4.62135]},"AKs":{"weight":1.0E-4,"played":[0.0017,0.9983],"evs":[0.0,8.64663]},"AA":{"weight":0.4335,"played":[0.0,1.0],"evs":[0.0,21.28615]}}}