{"player":3,"street":0,"children":3,"sequence":[{"player":0,"type":"R","amount":200000,"street":0},{"player":1,"type":"F","amount":0,"street":0},{"player":2,"type":"C","amount":200000,"street":0},{"player":3,"type":"C","amount":200000,"street":0},{"player":4,"type":"R","amount":1085000,"street":0},{"player":5,"type":"R","amount":2235000,"street":0},{"player":0,"type":"F","amount":0,"street":0},{"player":2,"type":"C","amount":2035000,"street":0}],"actions":[{"type":"F","amount":0},{"type":"C","amount":2035000},{"type":"R","amount":2985000,"node":436}],"hands":{"22":{"weight":0.9806,"played":[0.5107,0.0,0.4893],"evs":[0.0,0.80077,1.4398]},"32o":{"weight":0.0,"played":[1.0,0.0,0.0],"evs":[0.0,-5.51324,-5.55107]},"42o":{"weight":0.0,"played":[1.0,0.0,0.0],"evs":[0.0,-4.99097,-5.15589]},"52o":{"weight":0.0,"played":[0.9446,0.0069,0.0484],"evs":[0.0,-2.92959,-3.05618]},"62o":{"weight":0.0,"played":[0.9997,2.0E-4,1.0E-4],"evs":[0.0,-6.35556,-6.76037]},"72o":{"weight":0.0,"played":[0.9989,0.0,0.0011],"evs":[0.0,-5.30281,-6.39814]},"82o":{"weight":0.0,"played":[0.9999,0.0,1.0E-4],"evs":[0.0,-7.26443,-8.13109]},"92o":{"weight":0.0,"played":[0.995,0.0013,0.0037],"evs":[0.0,-5.22929,-6.09153]},"T2o":{"weight":0.0,"played":[0.9996,0.0,4.0E-4],"evs":[0.0,-8.22692,-8.62947]},"J2o":{"weight":0.0,"played":[0.9989,2.0E-4,9.0E-4],"evs":[0.0,-4.55429,-5.4249]},"Q2o":{"weight":0.0,"played":[0.9967,0.001,0.0023],"evs":[0.0,-6.89502,-7.26034]},"K2o":{"weight":0.0,"played":[0.9991,4.0E-4,6.0E-4],"evs":[0.0,-5.93335,-5.60245]},"A2o":{"weight":0.0,"played":[0.9937,0.0013,0.005],"evs":[0.0,-3.85794,-4.05484]},"32s":{"weight":0.0,"played":[0.6498,0.0693,0.2809],"evs":[0.0,-0.50415,0.36048]},"33":{"weight":0.7102,"played":[0.7077,0.0,0.2923],"evs":[0.0,0.71969,1.60073]},"43o":{"weight":0.0,"played":[0.9996,0.0,4.0E-4],"evs":[0.0,-5.22524,-5.30908]},"53o":{"weight":0.0,"played":[0.9958,0.0024,0.0018],"evs":[0.0,-5.23916,-5.79613]},"63o":{"weight":0.0,"played":[0.9976,3.0E-4,0.0021],"evs":[0.0,-3.58085,-3.57522]},"73o":{"weight":0.0,"played":[0.9981,7.0E-4,0.0012],"evs":[0.0,-5.11444,-5.48806]},"83o":{"weight":0.0,"played":[0.9996,2.0E-4,3.0E-4],"evs":[0.0,-6.36945,-7.13646]},"93o":{"weight":0.0,"played":[0.9954,0.0019,0.0026],"evs":[0.0,-5.14428,-4.95833]},"T3o":{"weight":0.0,"played":[0.9994,0.0,6.0E-4],"evs":[0.0,-7.97559,-7.82313]},"J3o":{"weight":0.0,"played":[0.9991,7.0E-4,3.0E-4],"evs":[0.0,-5.91654,-6.32427]},"Q3o":{"weight":0.0,"played":[0.992,0.0015,0.0064],"evs":[0.0,-8.33816,-8.73997]},"K3o":{"weight":0.0,"played":[0.9413,0.0178,0.0409],"evs":[0.0,-6.49567,-6.99568]},"A3o":{"weight":0.0,"played":[0.9784,7.0E-4,0.0209],"evs":[0.0,-1.74062,-0.8796]},"42s":{"weight":0.0,"played":[0.9917,0.0,0.0082],"evs":[0.0,-4.67207,-4.35536]},"43s":{"weight":0.0,"played":[0.6242,0.0983,0.2775],"evs":[0.0,-0.74344,-1.26796]},"44":{"weight":0.8635,"played":[0.1064,0.1836,0.7101],"evs":[0.0,1.25769,1.83642]},"54o":{"weight":0.0,"played":[0.9947,2.0E-4,0.0051],"evs":[0.0,-2.62975,-2.85134]},"64o":{"weight":0.0,"played":[0.9902,0.0019,0.0079],"evs":[0.0,-1.26247,-0.83547]},"74o":{"weight":0.0,"played":[0.9999,1.0E-4,0.0],"evs":[0.0,-2.8939,-2.84802]},"84o":{"weight":0.0,"played":[1.0,0.0,0.0],"evs":[0.0,-5.22238,-5.05403]},"94o":{"weight":0.0,"played":[0.9999,1.0E-4,0.0],"evs":[0.0,-7.1822,-7.33521]},"T4o":{"weight":0.0,"played":[0.9988,3.0E-4,9.0E-4],"evs":[0.0,-9.2083,-8.32568]},"J4o":{"weight":0.0,"played":[1.0,0.0,0.0],"evs":[0.0,-5.10011,-5.5121]},"Q4o":{"weight":0.0,"played":[0.9828,0.0093,0.0079],"evs":[0.0,-5.9754,-5.61526]},"K4o":{"weight":0.0,"played":[0.9974,0.0023,2.0E-4],"evs":[0.0,-5.44097,-3.47172]},"A4o":{"weight":0.0,"played":[0.9985,5.0E-4,0.001],"evs":[0.0,-4.75704,-3.55223]},"52s":{"weight":0.0,"played":[0.3499,0.2643,0.3857],"evs":[0.0,-1.84757,-1.10655]},"53s":{"weight":0.0,"played":[0.7406,0.0959,0.1635],"evs":[0.0,0.20298,0.42717]},"54s":{"weight":0.9818,"played":[0.8649,0.0721,0.063],"evs":[0.0,-1.40575,-1.29791]},"55":{"weight":0.9833,"played":[0.1119,0.1609,0.7272],"evs":[0.0,0.44563,0.815]},"65o":{"weight":0.0,"played":[0.9647,7.0E-4,0.0346],"evs":[0.0,-4.76916,-5.23486]},"75o":{"weight":0.0,"played":[0.9772,0.0011,0.0218],"evs":[0.0,-4.02728,-3.73756]},"85o":{"weight":0.0,"played":[0.9982,5.0E-4,0.0012],"evs":[0.0,-3.59505,-3.16263]},"95o":{"weight":0.0,"played":[0.9999,0.0,1.0E-4],"evs":[0.0,-6.82502,-6.77877]},"T5o":{"weight":0.0,"played":[0.9995,2.0E-4,4.0E-4],"evs":[0.0,-6.22922,-6.90693]},"J5o":{"weight":0.0,"played":[0.998,0.0013,7.0E-4],"evs":[0.0,-7.25592,-7.14078]},"Q5o":{"weight":0.0,"played":[0.9944,0.0,0.0056],"evs":[0.0,-4.40459,-4.19438]},"K5o":{"weight":0.0,"played":[0.9695,0.007,0.0236],"evs":[0.0,-6.27089,-6.16483]},"A5o":{"weight":0.0,"played":[0.8424,0.0095,0.1481],"evs":[0.0,-4.28208,-3.1116]},"62s":{"weight":0.0,"played":[0.4127,0.206,0.3814],"evs":[0.0,2.25179,2.6573]},"63s":{"weight":0.0,"played":[0.4954,0.146,0.3586],"evs":[0.0,-0.37183,-0.41423]},"64s":{"weight":9.0E-4,"played":[0.4508,0.2228,0.3263],"evs":[0.0,1.38903,1.83035]},"65s":{"weight":0.9933,"played":[0.2719,0.1353,0.5928],"evs":[0.0,0.25434,0.72576]},"66":{"weight":0.9994,"played":[0.2696,0.3115,0.4189],"evs":[0.0,2.77498,2.69791]},"76o":{"weight":0.0,"played":[0.9932,6.0E-4,0.0061],"evs":[0.0,-3.92074,-3.97341]},"86o":{"weight":0.0,"played":[0.9996,3.0E-4,1.0E-4],"evs":[0.0,-1.98824,-1.509]},"96o":{"weight":0.0,"played":[1.0,0.0,0.0],"evs":[0.0,-3.93595,-3.69116]},"T6o":{"weight":0.0,"played":[0.9829,0.0164,7.0E-4],"evs":[0.0,-2.11689,-2.38898]},"J6o":{"weight":0.0,"played":[0.9971,8.0E-4,0.0021],"evs":[0.0,-5.13421,-5.24676]},"Q6o":{"weight":0.0,"played":[0.9851,0.0,0.0149],"evs":[0.0,-5.06423,-4.48995]},"K6o":{"weight":0.0,"played":[0.9986,2.0E-4,0.0012],"evs":[0.0,-7.8135,-8.30463]},"A6o":{"weight":0.0,"played":[0.9917,0.0066,0.0017],"evs":[0.0,-3.27392,-2.7047]},"72s":{"weight":0.0,"played":[0.9979,8.0E-4,0.0013],"evs":[0.0,-5.98453,-4.95303]},"73s":{"weight":0.0,"played":[0.7727,2.0E-4,0.2271],"evs":[0.0,-3.97971,-4.69071]},"74s":{"weight":0.0,"played":[0.2245,0.2017,0.5738],"evs":[0.0,0.33005,0.552]},"75s":{"weight":0.0345,"played":[0.7011,0.1386,0.1604],"evs":[0.0,-1.50184,-1.5152]},"76s":{"weight":0.9583,"played":[0.9937,0.0017,0.0046],"evs":[0.0,-1.22778,-0.92671]},"77":{"weight":0.9222,"played":[1.0E-4,0.2441,0.7558],"evs":[0.0,6.61995,6.85086]},"87o":{"weight":0.0,"played":[0.9139,0.0345,0.0517],"evs":[0.0,-4.32097,-3.8414]},"97o":{"weight":0.0,"played":[0.8924,0.0078,0.0998],"evs":[0.0,-1.59378,-0.79425]},"T7o":{"weight":0.0,"played":[0.9567,2.0E-4,0.0431],"evs":[0.0,-2.31596,-1.45003]},"J7o":{"weight":0.0,"played":[0.9418,0.0016,0.0567],"evs":[0.0,-4.10408,-4.22985]},"Q7o":{"weight":0.0,"played":[1.0,0.0,0.0],"evs":[0.0,-5.18649,-4.61866]},"K7o":{"weight":0.0,"played":[0.9993,0.0,6.0E-4],"evs":[0.0,-5.70439,-4.31105]},"A7o":{"weight":0.0,"played":[0.9004,0.0,0.0996],"evs":[0.0,-5.91468,-4.34861]},"82s":{"weight":0.0,"played":[0.9999,1.0E-4,0.0],"evs":[0.0,-8.3063,-8.11168]},"83s":{"weight":0.0,"played":[0.9228,0.0365,0.0407],"evs":[0.0,-5.24895,-4.76765]},"84s":{"weight":0.0,"played":[0.1177,0.8095,0.0728],"evs":[0.0,0.6433,0.21044]},"85s":{"weight":1.0E-4,"played":[0.9586,0.0042,0.0372],"evs":[0.0,-0.84476,-0.86481]},"86s":{"weight":0.4947,"played":[0.2312,0.1361,0.6327],"evs":[0.0,-0.74673,-0.1964]},"87s":{"weight":0.9956,"played":[0.4061,0.2405,0.3534],"evs":[0.0,0.0526,0.96789]},"88":{"weight":1.0E-4,"played":[0.0,0.0033,0.9967],"evs":[0.0,6.33868,7.24244]},"98o":{"weight":0.0,"played":[0.8083,0.0148,0.1769],"evs":[0.0,-2.61073,-2.50069]},"T8o":{"weight":0.0,"played":[0.9933,5.0E-4,0.0062],"evs":[0.0,-3.93009,-4.3217]},"J8o":{"weight":0.0,"played":[0.9882,8.0E-4,0.0111],"evs":[0.0,-6.35422,-6.01662]},"Q8o":{"weight":0.0,"played":[0.9915,0.0033,0.0052],"evs":[0.0,-4.5639,-4.32194]},"K8o":{"weight":0.0,"played":[0.9982,2.0E-4,0.0016],"evs":[0.0,-7.8137,-7.28125]},"A8o":{"weight":0.0,"played":[0.7494,0.0036,0.2469],"evs":[0.0,-1.02242,-1.0491]},"92s":{"weight":0.0,"played":[0.5832,0.295,0.1218],"evs":[0.0,0.17804,-0.41385]},"93s":{"weight":0.0,"played":[0.975,5.0E-4,0.0244],"evs":[0.0,-4.90542,-4.16851]},"94s":{"weight":0.0,"played":[0.8954,0.0646,0.04],"evs":[0.0,-5.98313,-7.46983]},"95s":{"weight":0.0,"played":[0.9094,0.0329,0.0577],"evs":[0.0,-0.42521,-1.05207]},"96s":{"weight":0.2433,"played":[0.8422,0.0856,0.0722],"evs":[0.0,-1.98843,-2.39749]},"97s":{"weight":0.9824,"played":[0.6986,0.0909,0.2105],"evs":[0.0,0.46681,1.13285]},"98s":{"weight":0.9994,"played":[0.0287,0.6996,0.2717],"evs":[0.0,1.28976,1.06308]},"99":{"weight":1.0E-4,"played":[0.0211,5.0E-4,0.9784],"evs":[0.0,6.6904,7.15389]},"T9o":{"weight":0.0,"played":[0.9954,5.0E-4,0.0041],"evs":[0.0,-4.16499,-3.2618]},"J9o":{"weight":0.0,"played":[0.9996,0.0,4.0E-4],"evs":[0.0,-5.78716,-4.6549]},"Q9o":{"weight":0.0,"played":[0.8035,0.0078,0.1888],"evs":[0.0,-1.30654,-0.61682]},"K9o":{"weight":0.0,"played":[0.9978,0.0,0.0021],"evs":[0.0,-3.57542,-2.80893]},"A9o":{"weight":1.0E-4,"played":[0.9535,0.0012,0.0454],"evs":[0.0,-2.50323,-1.7291]},"T2s":{"weight":0.0,"played":[0.9825,0.0018,0.0157],"evs":[0.0,-2.72656,-2.23151]},"T3s":{"weight":0.0,"played":[0.3986,0.3047,0.2967],"evs":[0.0,2.73706,2.78056]},"T4s":{"weight":0.0,"played":[0.9803,4.0E-4,0.0194],"evs":[0.0,-4.27847,-3.45034]},"T5s":{"weight":0.0,"played":[0.9215,0.0183,0.0603],"evs":[0.0,-3.62681,-2.6708]},"T6s":{"weight":0.0,"played":[0.9217,0.0,0.0782],"evs":[0.0,-4.72718,-4.04291]},"T7s":{"weight":0.0029,"played":[0.1438,0.0129,0.8433],"evs":[0.0,-0.50983,2.05975]},"T8s":{"weight":0.9154,"played":[0.6205,0.0859,0.2935],"evs":[0.0,0.00819,0.85718]},"T9s":{"weight":0.2165,"played":[0.0444,0.2504,0.7051],"evs":[0.0,1.06797,1.85586]},"TT":{"weight":0.0,"played":[0.01,0.0076,0.9824],"evs":[0.0,12.55492,13.38362]},"JTo":{"weight":0.0,"played":[0.8774,0.0018,0.1207],"evs":[0.0,-4.49918,-2.60123]},"QTo":{"weight":0.0,"played":[0.9644,0.0251,0.0105],"evs":[0.0,-2.68547,-1.89735]},"KTo":{"weight":2.0E-4,"played":[0.9727,0.0044,0.0229],"evs":[0.0,-2.04104,-2.06439]},"ATo":{"weight":0.9402,"played":[0.9943,0.0011,0.0046],"evs":[0.0,-2.05169,-1.72168]},"J2s":{"weight":0.0,"played":[0.999,2.0E-4,8.0E-4],"evs":[0.0,-1.89607,-2.0146]},"J3s":{"weight":0.0,"played":[0.7998,0.1355,0.0647],"evs":[0.0,-5.19994,-5.63724]},"J4s":{"weight":0.0,"played":[0.9687,0.0108,0.0205],"evs":[0.0,-5.67463,-4.408]},"J5s":{"weight":0.0,"played":[0.4928,0.2579,0.2493],"evs":[0.0,-1.82305,-2.59629]},"J6s":{"weight":0.0,"played":[0.8992,0.0857,0.0151],"evs":[0.0,-6.25495,-7.12894]},"J7s":{"weight":0.0,"played":[0.3482,0.2056,0.4461],"evs":[0.0,-0.93509,-0.099]},"J8s":{"weight":0.3892,"played":[0.3371,0.1647,0.4982],"evs":[0.0,0.25177,0.88269]},"J9s":{"weight":0.0531,"played":[0.2291,0.2525,0.5184],"evs":[0.0,1.38899,1.72707]},"JTs":{"weight":0.0298,"played":[0.0934,0.3918,0.5148],"evs":[0.0,2.03748,2.28757]},"JJ":{"weight":1.0E-4,"played":[0.0045,0.0021,0.9933],"evs":[0.0,11.06119,12.15291]},"QJo":{"weight":0.0,"played":[0.9427,0.0,0.0573],"evs":[0.0,-2.5887,-2.23287]},"KJo":{"weight":0.9841,"played":[0.7793,0.059,0.1617],"evs":[0.0,-0.56583,-0.7489]},"AJo":{"weight":0.0649,"played":[0.3885,0.0557,0.5558],"evs":[0.0,0.01191,0.69508]},"Q2s":{"weight":0.0,"played":[0.9385,3.0E-4,0.0611],"evs":[0.0,-3.4754,-2.97713]},"Q3s":{"weight":0.0,"played":[0.8069,9.0E-4,0.1922],"evs":[0.0,-5.70547,-4.64285]},"Q4s":{"weight":1.0E-4,"played":[0.4113,0.0,0.5887],"evs":[0.0,-3.52842,-2.72015]},"Q5s":{"weight":0.0,"played":[0.7555,0.2244,0.02],"evs":[0.0,-0.48799,-1.93499]},"Q6s":{"weight":2.0E-4,"played":[0.8093,0.1091,0.0816],"evs":[0.0,-2.07224,-1.13892]},"Q7s":{"weight":0.0013,"played":[0.7365,1.0E-4,0.2634],"evs":[0.0,-5.72583,-4.51077]},"Q8s":{"weight":0.0264,"played":[0.4827,9.0E-4,0.5163],"evs":[0.0,-3.34613,-0.75698]},"Q9s":{"weight":0.8317,"played":[0.309,0.2212,0.4697],"evs":[0.0,1.40799,1.44375]},"QTs":{"weight":0.0024,"played":[0.1016,0.5346,0.3638],"evs":[0.0,2.83913,2.51489]},"QJs":{"weight":0.2242,"played":[0.0204,0.0547,0.9249],"evs":[0.0,1.13566,1.76599]},"QQ":{"weight":2.0E-4,"played":[0.0,0.059,0.941],"evs":[0.0,15.92647,17.43783]},"KQo":{"weight":1.0,"played":[0.9313,3.0E-4,0.0683],"evs":[0.0,-1.68965,-1.01102]},"AQo":{"weight":2.0E-4,"played":[0.032,0.05,0.918],"evs":[0.0,2.84737,3.92202]},"K2s":{"weight":0.0,"played":[0.9704,0.002,0.0276],"evs":[0.0,-5.04131,-3.50418]},"K3s":{"weight":0.0014,"played":[0.9261,0.0187,0.0552],"evs":[0.0,-3.01823,-2.95378]},"K4s":{"weight":0.0,"played":[0.1038,0.1378,0.7584],"evs":[0.0,-0.63119,0.52095]},"K5s":{"weight":0.0,"played":[0.5147,0.2174,0.2679],"evs":[0.0,-0.42499,-0.39874]},"K6s":{"weight":8.0E-4,"played":[0.6354,0.0656,0.299],"evs":[0.0,-0.64792,-0.40016]},"K7s":{"weight":0.654,"played":[0.6317,7.0E-4,0.3677],"evs":[0.0,-1.77492,-0.44719]},"K8s":{"weight":0.0954,"played":[0.5162,0.0725,0.4112],"evs":[0.0,-0.95027,-0.68976]},"K9s":{"weight":0.0022,"played":[0.4228,0.151,0.4262],"evs":[0.0,0.26059,1.0474]},"KTs":{"weight":4.0E-4,"played":[0.4142,0.0311,0.5547],"evs":[0.0,-2.11808,-1.07256]},"KJs":{"weight":0.0615,"played":[0.2101,0.0396,0.7503],"evs":[0.0,-0.06213,0.70536]},"KQs":{"weight":0.9907,"played":[0.4108,0.1739,0.4153],"evs":[0.0,1.36125,1.60514]},"KK":{"weight":0.0027,"played":[3.0E-4,6.0E-4,0.9992],"evs":[0.0,20.76123,22.88248]},"AKo":{"weight":0.0,"played":[0.0111,5.0E-4,0.9885],"evs":[0.0,5.87398,7.11751]},"A2s":{"weight":0.5341,"played":[0.0809,0.0019,0.9171],"evs":[0.0,1.92612,3.35048]},"A3s":{"weight":0.1558,"played":[0.8334,0.0041,0.1625],"evs":[0.0,-5.09707,-3.44456]},"A4s":{"weight":0.1552,"played":[0.2938,0.0976,0.6086],"evs":[0.0,-0.67233,0.34278]},"A5s":{"weight":0.4686,"played":[0.3556,0.2276,0.4168],"evs":[0.0,-1.1511,-0.74238]},"A6s":{"weight":0.9359,"played":[0.4724,0.2058,0.3218],"evs":[0.0,-3.93371,-3.86137]},"A7s":{"weight":0.9912,"played":[0.4618,0.2471,0.2911],"evs":[0.0,-1.90475,-1.87727]},"A8s":{"weight":0.5912,"played":[0.3326,0.0811,0.5862],"evs":[0.0,0.74926,2.13126]},"A9s":{"weight":0.7511,"played":[0.2482,0.3869,0.3649],"evs":[0.0,0.15147,0.17571]},"ATs":{"weight":0.98,"played":[0.0524,0.0395,0.908],"evs":[0.0,2.17231,3.59322]},"AJs":{"weight":0.9524,"played":[0.1387,0.3457,0.5156],"evs":[0.0,2.88568,3.23291]},"AQs":{"weight":1.0E-4,"played":[0.0037,0.0088,0.9875],"evs":[0.0,3.20292,5.63045]},"AKs":{"weight":1.0E-4,"played":[0.0,0.0023,0.9977],"evs":[0.0,7.02958,9.29064]},"AA":{"weight":0.4335,"played":[0.0,0.0,1.0],"evs":[0.0,27.14134,28.61744]}}}