{"player":0,"street":0,"children":2,"sequence":[{"player":0,"type":"R","amount":200000,"street":0},{"player":1,"type":"F","amount":0,"street":0},{"player":2,"type":"C","amount":200000,"street":0},{"player":3,"type":"C","amount":200000,"street":0},{"player":4,"type":"R","amount":1085000,"street":0},{"player":5,"type":"R","amount":2235000,"street":0},{"player":0,"type":"C","amount":2035000,"street":0},{"player":2,"type":"R","amount":2985000,"street":0},{"player":3,"type":"F","amount":0,"street":0}],"actions":[{"type":"F","amount":0},{"type":"C","amount":350000}],"hands":{"22":{"weight":0.0,"played":[6.0E-4,0.9994],"evs":[0.0,13.12101]},"32o":{"weight":0.0,"played":[1.0E-4,0.9999],"evs":[0.0,8.40924]},"42o":{"weight":0.0,"played":[2.0E-4,0.9998],"evs":[0.0,8.21392]},"52o":{"weight":0.0,"played":[0.0,1.0],"evs":[0.0,9.56761]},"62o":{"weight":0.0,"played":[0.0017,0.9983],"evs":[0.0,7.89291]},"72o":{"weight":0.0,"played":[3.0E-4,0.9997],"evs":[0.0,7.782]},"82o":{"weight":0.0,"played":[1.0E-4,0.9999],"evs":[0.0,7.99347]},"92o":{"weight":0.0,"played":[0.0,1.0],"evs":[0.0,8.2848]},"T2o":{"weight":0.0,"played":[2.0E-4,0.9998],"evs":[0.0,7.21273]},"J2o":{"weight":0.0,"played":[4.0E-4,0.9996],"evs":[0.0,6.48004]},"Q2o":{"weight":0.0,"played":[1.0E-4,0.9999],"evs":[0.0,10.00441]},"K2o":{"weight":0.0,"played":[0.0,1.0],"evs":[0.0,7.89527]},"A2o":{"weight":0.0,"played":[1.0E-4,0.9999],"evs":[0.0,11.14338]},"32s":{"weight":0.0,"played":[0.0019,0.9981],"evs":[0.0,9.87076]},"33":{"weight":0.0029,"played":[0.0,1.0],"evs":[0.0,12.36186]},"43o":{"weight":0.0,"played":[0.0,1.0],"evs":[0.0,9.32722]},"53o":{"weight":0.0,"played":[0.0,1.0],"evs":[0.0,11.71145]},"63o":{"weight":0.0,"played":[6.0E-4,0.9994],"evs":[0.0,7.97003]},"73o":{"weight":0.0,"played":[0.001,0.999],"evs":[0.0,10.22158]},"83o":{"weight":0.0,"played":[0.0,1.0],"evs":[0.0,5.50894]},"93o":{"weight":0.0,"played":[7.0E-4,0.9993],"evs":[0.0,7.38724]},"T3o":{"weight":0.0,"played":[0.0011,0.9989],"evs":[0.0,6.39475]},"J3o":{"weight":0.0,"played":[5.0E-4,0.9995],"evs":[0.0,6.96236]},"Q3o":{"weight":0.0,"played":[8.0E-4,0.9992],"evs":[0.0,8.86523]},"K3o":{"weight":0.0,"played":[1.0E-4,0.9999],"evs":[0.0,10.47751]},"A3o":{"weight":0.0,"played":[2.0E-4,0.9998],"evs":[0.0,7.98155]},"42s":{"weight":0.0,"played":[0.008,0.992],"evs":[0.0,10.71405]},"43s":{"weight":0.0,"played":[0.0121,0.9879],"evs":[0.0,10.16935]},"44":{"weight":0.0066,"played":[1.0E-4,0.9999],"evs":[0.0,12.80579]},"54o":{"weight":0.0,"played":[4.0E-4,0.9996],"evs":[0.0,9.16796]},"64o":{"weight":0.0,"played":[4.0E-4,0.9996],"evs":[0.0,8.38833]},"74o":{"weight":0.0,"played":[0.0086,0.9914],"evs":[0.0,7.64752]},"84o":{"weight":0.0,"played":[1.0E-4,0.9999],"evs":[0.0,8.02279]},"94o":{"weight":0.0,"played":[2.0E-4,0.9998],"evs":[0.0,9.3517]},"T4o":{"weight":0.0,"played":[2.0E-4,0.9998],"evs":[0.0,8.12527]},"J4o":{"weight":0.0,"played":[0.001,0.999],"evs":[0.0,7.07709]},"Q4o":{"weight":0.0,"played":[0.0053,0.9947],"evs":[0.0,7.19002]},"K4o":{"weight":0.0,"played":[2.0E-4,0.9998],"evs":[0.0,10.17827]},"A4o":{"weight":0.0,"played":[1.0E-4,0.9999],"evs":[0.0,11.39687]},"52s":{"weight":0.0,"played":[0.0035,0.9965],"evs":[0.0,6.65015]},"53s":{"weight":0.0,"played":[7.0E-4,0.9993],"evs":[0.0,12.6183]},"54s":{"weight":0.0,"played":[0.0014,0.9986],"evs":[0.0,11.00816]},"55":{"weight":0.2054,"played":[0.0,1.0],"evs":[0.0,13.24822]},"65o":{"weight":0.0,"played":[5.0E-4,0.9995],"evs":[0.0,11.20795]},"75o":{"weight":0.0,"played":[0.0015,0.9985],"evs":[0.0,11.44698]},"85o":{"weight":0.0,"played":[1.0E-4,0.9999],"evs":[0.0,9.17575]},"95o":{"weight":0.0,"played":[0.0029,0.9971],"evs":[0.0,7.90601]},"T5o":{"weight":0.0,"played":[0.005,0.995],"evs":[0.0,6.63333]},"J5o":{"weight":0.0,"played":[6.0E-4,0.9994],"evs":[0.0,10.24346]},"Q5o":{"weight":0.0,"played":[0.0,1.0],"evs":[0.0,8.81842]},"K5o":{"weight":0.0,"played":[0.0015,0.9985],"evs":[0.0,8.10088]},"A5o":{"weight":0.0,"played":[1.0E-4,0.9999],"evs":[0.0,10.05069]},"62s":{"weight":0.0,"played":[0.0012,0.9988],"evs":[0.0,12.43074]},"63s":{"weight":0.0,"played":[8.0E-4,0.9992],"evs":[0.0,12.27967]},"64s":{"weight":0.0,"played":[0.0,1.0],"evs":[0.0,13.97229]},"65s":{"weight":0.0,"played":[0.0013,0.9987],"evs":[0.0,15.53026]},"66":{"weight":0.3991,"played":[0.0,1.0],"evs":[0.0,13.26195]},"76o":{"weight":0.0,"played":[2.0E-4,0.9998],"evs":[0.0,10.15114]},"86o":{"weight":0.0,"played":[3.0E-4,0.9997],"evs":[0.0,11.73653]},"96o":{"weight":0.0,"played":[0.0,1.0],"evs":[0.0,9.07547]},"T6o":{"weight":0.0,"played":[0.0,1.0],"evs":[0.0,8.28989]},"J6o":{"weight":0.0,"played":[2.0E-4,0.9998],"evs":[0.0,7.85058]},"Q6o":{"weight":0.0,"played":[0.0051,0.9949],"evs":[0.0,8.81229]},"K6o":{"weight":0.0,"played":[5.0E-4,0.9995],"evs":[0.0,9.13814]},"A6o":{"weight":0.0,"played":[0.0,1.0],"evs":[0.0,9.35961]},"72s":{"weight":0.0,"played":[0.0,1.0],"evs":[0.0,8.43343]},"73s":{"weight":0.0,"played":[0.0051,0.9949],"evs":[0.0,11.29272]},"74s":{"weight":0.0,"played":[0.0041,0.9959],"evs":[0.0,7.22446]},"75s":{"weight":0.0,"played":[0.0,1.0],"evs":[0.0,11.2136]},"76s":{"weight":0.0,"played":[6.0E-4,0.9994],"evs":[0.0,11.32509]},"77":{"weight":0.8589,"played":[7.0E-4,0.9993],"evs":[0.0,16.62299]},"87o":{"weight":0.0,"played":[0.001,0.999],"evs":[0.0,11.41632]},"97o":{"weight":0.0,"played":[0.0,1.0],"evs":[0.0,9.6922]},"T7o":{"weight":0.0,"played":[1.0E-4,0.9999],"evs":[0.0,11.17864]},"J7o":{"weight":0.0,"played":[2.0E-4,0.9998],"evs":[0.0,9.11073]},"Q7o":{"weight":0.0,"played":[2.0E-4,0.9998],"evs":[0.0,9.70146]},"K7o":{"weight":0.0,"played":[0.0,1.0],"evs":[0.0,9.27799]},"A7o":{"weight":0.0,"played":[3.0E-4,0.9997],"evs":[0.0,11.73836]},"82s":{"weight":0.0,"played":[0.0018,0.9982],"evs":[0.0,11.47444]},"83s":{"weight":0.0,"played":[0.0,1.0],"evs":[0.0,12.83109]},"84s":{"weight":0.0,"played":[0.0,1.0],"evs":[0.0,8.13825]},"85s":{"weight":0.0,"played":[0.0109,0.9891],"evs":[0.0,12.60649]},"86s":{"weight":0.0,"played":[1.0E-4,0.9999],"evs":[0.0,14.0706]},"87s":{"weight":0.2486,"played":[4.0E-4,0.9996],"evs":[0.0,11.92234]},"88":{"weight":0.9732,"played":[1.0E-4,0.9999],"evs":[0.0,17.52908]},"98o":{"weight":0.0,"played":[4.0E-4,0.9996],"evs":[0.0,13.87364]},"T8o":{"weight":0.0,"played":[0.0014,0.9986],"evs":[0.0,10.89894]},"J8o":{"weight":0.0,"played":[0.0058,0.9942],"evs":[0.0,11.63134]},"Q8o":{"weight":0.0,"played":[2.0E-4,0.9998],"evs":[0.0,10.40646]},"K8o":{"weight":0.0,"played":[0.0,1.0],"evs":[0.0,11.56997]},"A8o":{"weight":0.0,"played":[1.0E-4,0.9999],"evs":[0.0,8.15525]},"92s":{"weight":0.0,"played":[0.0679,0.9321],"evs":[0.0,7.28825]},"93s":{"weight":0.0,"played":[0.0019,0.9981],"evs":[0.0,13.91229]},"94s":{"weight":0.0,"played":[0.0074,0.9926],"evs":[0.0,9.71614]},"95s":{"weight":0.0,"played":[3.0E-4,0.9997],"evs":[0.0,17.21988]},"96s":{"weight":0.0,"played":[0.0016,0.9984],"evs":[0.0,13.02398]},"97s":{"weight":0.0,"played":[1.0E-4,0.9999],"evs":[0.0,9.44848]},"98s":{"weight":0.1593,"played":[0.0,1.0],"evs":[0.0,10.35069]},"99":{"weight":0.7438,"played":[0.0,1.0],"evs":[0.0,18.4574]},"T9o":{"weight":0.0,"played":[0.0,1.0],"evs":[0.0,14.21162]},"J9o":{"weight":0.0,"played":[0.0,1.0],"evs":[0.0,11.64565]},"Q9o":{"weight":0.0,"played":[1.0E-4,0.9999],"evs":[0.0,15.76457]},"K9o":{"weight":0.0,"played":[0.0012,0.9988],"evs":[0.0,12.96976]},"A9o":{"weight":0.0,"played":[1.0E-4,0.9999],"evs":[0.0,11.84112]},"T2s":{"weight":0.0,"played":[0.0,1.0],"evs":[0.0,12.64842]},"T3s":{"weight":0.0,"played":[0.0,1.0],"evs":[0.0,9.01888]},"T4s":{"weight":0.0,"played":[0.001,0.999],"evs":[0.0,11.1826]},"T5s":{"weight":0.0,"played":[0.0042,0.9958],"evs":[0.0,12.26271]},"T6s":{"weight":0.0,"played":[0.0016,0.9984],"evs":[0.0,11.45259]},"T7s":{"weight":0.0,"played":[3.0E-4,0.9997],"evs":[0.0,15.06602]},"T8s":{"weight":0.0622,"played":[0.0,1.0],"evs":[0.0,14.81183]},"T9s":{"weight":0.0872,"played":[4.0E-4,0.9996],"evs":[0.0,12.59289]},"TT":{"weight":0.2136,"played":[0.0,1.0],"evs":[0.0,20.12558]},"JTo":{"weight":0.0,"played":[2.0E-4,0.9998],"evs":[0.0,12.91418]},"QTo":{"weight":0.0,"played":[2.0E-4,0.9998],"evs":[0.0,12.35544]},"KTo":{"weight":1.0E-4,"played":[1.0E-4,0.9999],"evs":[0.0,14.03427]},"ATo":{"weight":0.0065,"played":[0.0,1.0],"evs":[0.0,12.82799]},"J2s":{"weight":0.0,"played":[0.0,1.0],"evs":[0.0,11.40178]},"J3s":{"weight":0.0,"played":[0.0037,0.9963],"evs":[0.0,9.45816]},"J4s":{"weight":0.0,"played":[0.0018,0.9982],"evs":[0.0,9.72776]},"J5s":{"weight":0.0,"played":[0.0031,0.9969],"evs":[0.0,8.30515]},"J6s":{"weight":0.0,"played":[0.0016,0.9984],"evs":[0.0,6.99539]},"J7s":{"weight":0.0,"played":[3.0E-4,0.9997],"evs":[0.0,13.67423]},"J8s":{"weight":1.0E-4,"played":[1.0E-4,0.9999],"evs":[0.0,10.87123]},"J9s":{"weight":0.274,"played":[4.0E-4,0.9996],"evs":[0.0,13.80445]},"JTs":{"weight":0.5153,"played":[0.0,1.0],"evs":[0.0,16.98351]},"JJ":{"weight":0.0224,"played":[0.0,1.0],"evs":[0.0,24.08366]},"QJo":{"weight":0.0053,"played":[0.0,1.0],"evs":[0.0,11.66685]},"KJo":{"weight":0.0013,"played":[0.0,1.0],"evs":[0.0,13.32173]},"AJo":{"weight":0.0199,"played":[0.0,1.0],"evs":[0.0,15.91754]},"Q2s":{"weight":0.0,"played":[0.0042,0.9958],"evs":[0.0,11.3057]},"Q3s":{"weight":0.0,"played":[0.0,1.0],"evs":[0.0,9.06604]},"Q4s":{"weight":0.0,"played":[4.0E-4,0.9996],"evs":[0.0,11.95924]},"Q5s":{"weight":0.0,"played":[0.0,1.0],"evs":[0.0,12.81456]},"Q6s":{"weight":0.0,"played":[0.0138,0.9862],"evs":[0.0,12.17707]},"Q7s":{"weight":0.0,"played":[0.0128,0.9872],"evs":[0.0,10.13867]},"Q8s":{"weight":0.0691,"played":[0.0012,0.9988],"evs":[0.0,11.38933]},"Q9s":{"weight":0.0213,"played":[5.0E-4,0.9995],"evs":[0.0,15.48647]},"QTs":{"weight":0.2521,"played":[2.0E-4,0.9998],"evs":[0.0,11.45153]},"QJs":{"weight":0.1672,"played":[0.0,1.0],"evs":[0.0,14.62466]},"QQ":{"weight":0.1303,"played":[0.0,1.0],"evs":[0.0,30.82836]},"KQo":{"weight":0.1008,"played":[0.0,1.0],"evs":[0.0,14.05273]},"AQo":{"weight":0.6667,"played":[0.0,1.0],"evs":[0.0,16.6484]},"K2s":{"weight":0.0,"played":[2.0E-4,0.9998],"evs":[0.0,12.22316]},"K3s":{"weight":0.0,"played":[8.0E-4,0.9992],"evs":[0.0,10.77516]},"K4s":{"weight":0.0,"played":[7.0E-4,0.9993],"evs":[0.0,7.83967]},"K5s":{"weight":0.0,"played":[0.0079,0.9921],"evs":[0.0,14.44084]},"K6s":{"weight":0.0,"played":[6.0E-4,0.9994],"evs":[0.0,14.91051]},"K7s":{"weight":0.0,"played":[1.0E-4,0.9999],"evs":[0.0,9.03079]},"K8s":{"weight":0.01,"played":[3.0E-4,0.9997],"evs":[0.0,11.62646]},"K9s":{"weight":0.2337,"played":[2.0E-4,0.9998],"evs":[0.0,15.67446]},"KTs":{"weight":0.5806,"played":[0.0,1.0],"evs":[0.0,16.9766]},"KJs":{"weight":0.5307,"played":[7.0E-4,0.9993],"evs":[0.0,14.92011]},"KQs":{"weight":0.0092,"played":[0.0,1.0],"evs":[0.0,16.0899]},"KK":{"weight":0.7147,"played":[0.0,1.0],"evs":[0.0,31.79962]},"AKo":{"weight":0.2404,"played":[0.0,1.0],"evs":[0.0,17.87483]},"A2s":{"weight":0.0028,"played":[3.0E-4,0.9997],"evs":[0.0,13.26243]},"A3s":{"weight":6.0E-4,"played":[0.0013,0.9987],"evs":[0.0,11.96167]},"A4s":{"weight":0.0084,"played":[0.0,1.0],"evs":[0.0,8.53348]},"A5s":{"weight":0.1653,"played":[0.0,1.0],"evs":[0.0,14.14114]},"A6s":{"weight":0.0044,"played":[0.0,1.0],"evs":[0.0,11.06309]},"A7s":{"weight":0.0661,"played":[4.0E-4,0.9996],"evs":[0.0,10.87678]},"A8s":{"weight":0.0375,"played":[3.0E-4,0.9997],"evs":[0.0,12.99878]},"A9s":{"weight":0.4027,"played":[7.0E-4,0.9993],"evs":[0.0,13.04759]},"ATs":{"weight":0.2942,"played":[0.0,1.0],"evs":[0.0,13.81022]},"AJs":{"weight":0.4553,"played":[0.0,1.0],"evs":[0.0,17.56622]},"AQs":{"weight":0.4564,"played":[0.0,1.0],"evs":[0.0,16.28597]},"AKs":{"weight":0.1244,"played":[0.0,1.0],"evs":[0.0,26.97659]},"AA":{"weight":0.8183,"played":[0.0,1.0],"evs":[0.0,43.01015]}}}