{"player":3,"street":0,"children":2,"sequence":[{"player":0,"type":"R","amount":200000,"street":0},{"player":1,"type":"F","amount":0,"street":0},{"player":2,"type":"C","amount":200000,"street":0},{"player":3,"type":"C","amount":200000,"street":0},{"player":4,"type":"R","amount":1085000,"street":0},{"player":5,"type":"R","amount":2235000,"street":0},{"player":0,"type":"R","amount":2585000,"street":0},{"player":2,"type":"R","amount":2985000,"street":0}],"actions":[{"type":"F","amount":0},{"type":"C","amount":2785000}],"hands":{"22":{"weight":0.9806,"played":[0.9865,0.0135],"evs":[0.0,-2.20004]},"32o":{"weight":0.0,"played":[1.0,0.0],"evs":[0.0,-6.66716]},"42o":{"weight":0.0,"played":[0.9936,0.0064],"evs":[0.0,-6.24732]},"52o":{"weight":0.0,"played":[0.9998,2.0E-4],"evs":[0.0,-4.39038]},"62o":{"weight":0.0,"played":[0.9991,9.0E-4],"evs":[0.0,-5.48017]},"72o":{"weight":0.0,"played":[0.9986,0.0014],"evs":[0.0,-8.46906]},"82o":{"weight":0.0,"played":[1.0,0.0],"evs":[0.0,-6.35446]},"92o":{"weight":0.0,"played":[0.9995,5.0E-4],"evs":[0.0,-6.74693]},"T2o":{"weight":0.0,"played":[0.9919,0.0081],"evs":[0.0,-6.55277]},"J2o":{"weight":0.0,"played":[0.9995,5.0E-4],"evs":[0.0,-7.54849]},"Q2o":{"weight":0.0,"played":[0.9993,7.0E-4],"evs":[0.0,-7.53331]},"K2o":{"weight":0.0,"played":[0.9988,0.0012],"evs":[0.0,-6.94496]},"A2o":{"weight":0.0,"played":[1.0,0.0],"evs":[0.0,-6.13619]},"32s":{"weight":0.0,"played":[0.9713,0.0287],"evs":[0.0,-3.90798]},"33":{"weight":0.7102,"played":[0.885,0.115],"evs":[0.0,-1.70793]},"43o":{"weight":0.0,"played":[0.9914,0.0086],"evs":[0.0,-4.68121]},"53o":{"weight":0.0,"played":[0.9964,0.0036],"evs":[0.0,-5.08711]},"63o":{"weight":0.0,"played":[0.9959,0.0041],"evs":[0.0,-5.68968]},"73o":{"weight":0.0,"played":[1.0,0.0],"evs":[0.0,-6.98588]},"83o":{"weight":0.0,"played":[0.9999,1.0E-4],"evs":[0.0,-6.58178]},"93o":{"weight":0.0,"played":[0.9987,0.0013],"evs":[0.0,-1.62286]},"T3o":{"weight":0.0,"played":[0.9999,1.0E-4],"evs":[0.0,-8.48792]},"J3o":{"weight":0.0,"played":[0.9999,1.0E-4],"evs":[0.0,-5.16837]},"Q3o":{"weight":0.0,"played":[0.9985,0.0015],"evs":[0.0,-4.10613]},"K3o":{"weight":0.0,"played":[0.9965,0.0035],"evs":[0.0,-6.33023]},"A3o":{"weight":0.0,"played":[0.9411,0.0589],"evs":[0.0,-5.85899]},"42s":{"weight":0.0,"played":[0.3205,0.6795],"evs":[0.0,0.85161]},"43s":{"weight":0.0,"played":[0.9397,0.0603],"evs":[0.0,-8.50674]},"44":{"weight":0.8635,"played":[0.4112,0.5888],"evs":[0.0,-0.04179]},"54o":{"weight":0.0,"played":[0.9999,1.0E-4],"evs":[0.0,-2.61177]},"64o":{"weight":0.0,"played":[0.9271,0.0729],"evs":[0.0,-1.83703]},"74o":{"weight":0.0,"played":[0.9999,1.0E-4],"evs":[0.0,-4.59146]},"84o":{"weight":0.0,"played":[0.9947,0.0053],"evs":[0.0,-6.74555]},"94o":{"weight":0.0,"played":[0.9956,0.0044],"evs":[0.0,-9.40199]},"T4o":{"weight":0.0,"played":[0.9999,1.0E-4],"evs":[0.0,-5.91159]},"J4o":{"weight":0.0,"played":[0.9983,0.0017],"evs":[0.0,-5.77551]},"Q4o":{"weight":0.0,"played":[0.9973,0.0027],"evs":[0.0,-6.61332]},"K4o":{"weight":0.0,"played":[0.9971,0.0029],"evs":[0.0,-5.6093]},"A4o":{"weight":0.0,"played":[0.9668,0.0332],"evs":[0.0,-5.40005]},"52s":{"weight":0.0,"played":[1.0,0.0],"evs":[0.0,-2.3839]},"53s":{"weight":0.0,"played":[0.7382,0.2618],"evs":[0.0,-0.5337]},"54s":{"weight":0.9818,"played":[0.2697,0.7303],"evs":[0.0,0.87748]},"55":{"weight":0.9833,"played":[0.6519,0.3481],"evs":[0.0,0.7429]},"65o":{"weight":0.0,"played":[0.9976,0.0024],"evs":[0.0,-1.44751]},"75o":{"weight":0.0,"played":[0.8418,0.1582],"evs":[0.0,-0.49875]},"85o":{"weight":0.0,"played":[0.9978,0.0022],"evs":[0.0,-5.1775]},"95o":{"weight":0.0,"played":[0.9661,0.0339],"evs":[0.0,-4.66912]},"T5o":{"weight":0.0,"played":[0.9986,0.0014],"evs":[0.0,-7.51505]},"J5o":{"weight":0.0,"played":[0.9752,0.0248],"evs":[0.0,-6.78851]},"Q5o":{"weight":0.0,"played":[0.9697,0.0303],"evs":[0.0,-4.05706]},"K5o":{"weight":0.0,"played":[0.9999,1.0E-4],"evs":[0.0,-4.31639]},"A5o":{"weight":0.0,"played":[0.9291,0.0709],"evs":[0.0,-4.11544]},"62s":{"weight":0.0,"played":[0.7638,0.2362],"evs":[0.0,-1.07972]},"63s":{"weight":0.0,"played":[0.9902,0.0098],"evs":[0.0,-3.84205]},"64s":{"weight":9.0E-4,"played":[0.7289,0.2711],"evs":[0.0,-3.40811]},"65s":{"weight":0.9933,"played":[0.1423,0.8577],"evs":[0.0,3.36711]},"66":{"weight":0.9994,"played":[0.0492,0.9508],"evs":[0.0,1.40899]},"76o":{"weight":0.0,"played":[0.9517,0.0483],"evs":[0.0,-1.92953]},"86o":{"weight":0.0,"played":[0.9855,0.0145],"evs":[0.0,-2.28188]},"96o":{"weight":0.0,"played":[0.979,0.021],"evs":[0.0,-4.34209]},"T6o":{"weight":0.0,"played":[0.9888,0.0112],"evs":[0.0,-6.69183]},"J6o":{"weight":0.0,"played":[0.9996,4.0E-4],"evs":[0.0,-5.48247]},"Q6o":{"weight":0.0,"played":[0.9997,3.0E-4],"evs":[0.0,-5.1628]},"K6o":{"weight":0.0,"played":[0.9995,5.0E-4],"evs":[0.0,-6.70854]},"A6o":{"weight":0.0,"played":[0.962,0.038],"evs":[0.0,-4.7679]},"72s":{"weight":0.0,"played":[0.9968,0.0032],"evs":[0.0,-3.18406]},"73s":{"weight":0.0,"played":[0.899,0.101],"evs":[0.0,-5.1135]},"74s":{"weight":0.0,"played":[0.9932,0.0068],"evs":[0.0,-1.14441]},"75s":{"weight":0.0345,"played":[0.258,0.742],"evs":[0.0,0.76339]},"76s":{"weight":0.9583,"played":[0.4029,0.5971],"evs":[0.0,0.43655]},"77":{"weight":0.9222,"played":[0.0016,0.9984],"evs":[0.0,6.10637]},"87o":{"weight":0.0,"played":[0.9905,0.0095],"evs":[0.0,-3.01735]},"97o":{"weight":0.0,"played":[0.936,0.064],"evs":[0.0,-0.89141]},"T7o":{"weight":0.0,"played":[0.9997,3.0E-4],"evs":[0.0,-3.29461]},"J7o":{"weight":0.0,"played":[0.9991,9.0E-4],"evs":[0.0,-6.06414]},"Q7o":{"weight":0.0,"played":[0.9967,0.0033],"evs":[0.0,-5.86693]},"K7o":{"weight":0.0,"played":[0.967,0.033],"evs":[0.0,-5.78104]},"A7o":{"weight":0.0,"played":[0.9888,0.0112],"evs":[0.0,-4.20737]},"82s":{"weight":0.0,"played":[0.9294,0.0706],"evs":[0.0,-2.38657]},"83s":{"weight":0.0,"played":[0.7225,0.2775],"evs":[0.0,-3.83109]},"84s":{"weight":0.0,"played":[0.6272,0.3728],"evs":[0.0,-2.17168]},"85s":{"weight":1.0E-4,"played":[0.7953,0.2047],"evs":[0.0,-0.65831]},"86s":{"weight":0.4947,"played":[0.7575,0.2425],"evs":[0.0,-0.55128]},"87s":{"weight":0.9956,"played":[0.527,0.473],"evs":[0.0,0.48464]},"88":{"weight":1.0E-4,"played":[2.0E-4,0.9998],"evs":[0.0,2.05759]},"98o":{"weight":0.0,"played":[0.5344,0.4656],"evs":[0.0,-0.56139]},"T8o":{"weight":0.0,"played":[0.9321,0.0679],"evs":[0.0,-3.30034]},"J8o":{"weight":0.0,"played":[0.8376,0.1624],"evs":[0.0,-5.06889]},"Q8o":{"weight":0.0,"played":[1.0,0.0],"evs":[0.0,-4.60647]},"K8o":{"weight":0.0,"played":[0.9362,0.0638],"evs":[0.0,-2.83378]},"A8o":{"weight":0.0,"played":[0.9179,0.0821],"evs":[0.0,-5.10792]},"92s":{"weight":0.0,"played":[0.9994,6.0E-4],"evs":[0.0,-3.6807]},"93s":{"weight":0.0,"played":[0.9885,0.0115],"evs":[0.0,-4.86942]},"94s":{"weight":0.0,"played":[0.9974,0.0026],"evs":[0.0,-5.97453]},"95s":{"weight":0.0,"played":[0.7629,0.2371],"evs":[0.0,-0.53956]},"96s":{"weight":0.2433,"played":[0.4883,0.5117],"evs":[0.0,-6.32286]},"97s":{"weight":0.9824,"played":[0.098,0.902],"evs":[0.0,0.75085]},"98s":{"weight":0.9994,"played":[0.5594,0.4406],"evs":[0.0,0.69962]},"99":{"weight":1.0E-4,"played":[0.0017,0.9983],"evs":[0.0,9.8216]},"T9o":{"weight":0.0,"played":[0.2141,0.7859],"evs":[0.0,0.35223]},"J9o":{"weight":0.0,"played":[0.9869,0.0131],"evs":[0.0,-1.47802]},"Q9o":{"weight":0.0,"played":[0.6641,0.3359],"evs":[0.0,-1.89654]},"K9o":{"weight":0.0,"played":[0.9151,0.0849],"evs":[0.0,-1.86729]},"A9o":{"weight":1.0E-4,"played":[0.7782,0.2218],"evs":[0.0,-3.4954]},"T2s":{"weight":0.0,"played":[0.7075,0.2925],"evs":[0.0,-1.33968]},"T3s":{"weight":0.0,"played":[0.9997,3.0E-4],"evs":[0.0,-3.07553]},"T4s":{"weight":0.0,"played":[0.9935,0.0065],"evs":[0.0,-4.9034]},"T5s":{"weight":0.0,"played":[0.8969,0.1031],"evs":[0.0,-2.21201]},"T6s":{"weight":0.0,"played":[0.9475,0.0525],"evs":[0.0,-2.50427]},"T7s":{"weight":0.0029,"played":[0.8763,0.1237],"evs":[0.0,-1.43971]},"T8s":{"weight":0.9154,"played":[0.778,0.222],"evs":[0.0,-1.99358]},"T9s":{"weight":0.2165,"played":[0.2172,0.7828],"evs":[0.0,3.24639]},"TT":{"weight":0.0,"played":[0.0048,0.9952],"evs":[0.0,8.1285]},"JTo":{"weight":0.0,"played":[0.7341,0.2659],"evs":[0.0,-2.35841]},"QTo":{"weight":0.0,"played":[0.4107,0.5893],"evs":[0.0,-0.69854]},"KTo":{"weight":2.0E-4,"played":[0.9537,0.0463],"evs":[0.0,-2.95986]},"ATo":{"weight":0.9402,"played":[0.9693,0.0307],"evs":[0.0,-3.63554]},"J2s":{"weight":0.0,"played":[0.8858,0.1142],"evs":[0.0,-5.62783]},"J3s":{"weight":0.0,"played":[0.8242,0.1758],"evs":[0.0,-6.81964]},"J4s":{"weight":0.0,"played":[0.9958,0.0042],"evs":[0.0,-3.6982]},"J5s":{"weight":0.0,"played":[0.7055,0.2945],"evs":[0.0,1.27264]},"J6s":{"weight":0.0,"played":[0.9851,0.0149],"evs":[0.0,-4.96438]},"J7s":{"weight":0.0,"played":[0.9831,0.0169],"evs":[0.0,-1.84142]},"J8s":{"weight":0.3892,"played":[0.036,0.964],"evs":[0.0,1.81116]},"J9s":{"weight":0.0531,"played":[0.9307,0.0693],"evs":[0.0,-5.40373]},"JTs":{"weight":0.0298,"played":[0.0217,0.9783],"evs":[0.0,3.70443]},"JJ":{"weight":1.0E-4,"played":[5.0E-4,0.9995],"evs":[0.0,13.42992]},"QJo":{"weight":0.0,"played":[0.9403,0.0597],"evs":[0.0,-0.1341]},"KJo":{"weight":0.9841,"played":[0.6255,0.3745],"evs":[0.0,-0.98149]},"AJo":{"weight":0.0649,"played":[0.8032,0.1968],"evs":[0.0,-0.38395]},"Q2s":{"weight":0.0,"played":[0.5951,0.4049],"evs":[0.0,-1.56815]},"Q3s":{"weight":0.0,"played":[0.8636,0.1364],"evs":[0.0,-4.61134]},"Q4s":{"weight":1.0E-4,"played":[0.9134,0.0866],"evs":[0.0,-3.04612]},"Q5s":{"weight":0.0,"played":[0.9439,0.0561],"evs":[0.0,-2.7457]},"Q6s":{"weight":2.0E-4,"played":[0.5255,0.4745],"evs":[0.0,0.27155]},"Q7s":{"weight":0.0013,"played":[0.5612,0.4388],"evs":[0.0,-0.64432]},"Q8s":{"weight":0.0264,"played":[0.6403,0.3597],"evs":[0.0,-4.71854]},"Q9s":{"weight":0.8317,"played":[0.1853,0.8147],"evs":[0.0,2.19744]},"QTs":{"weight":0.0024,"played":[0.41,0.59],"evs":[0.0,0.33403]},"QJs":{"weight":0.2242,"played":[0.2776,0.7224],"evs":[0.0,2.80599]},"QQ":{"weight":2.0E-4,"played":[3.0E-4,0.9997],"evs":[0.0,5.99778]},"KQo":{"weight":1.0,"played":[0.1562,0.8438],"evs":[0.0,2.30877]},"AQo":{"weight":2.0E-4,"played":[0.0128,0.9872],"evs":[0.0,3.80592]},"K2s":{"weight":0.0,"played":[0.8377,0.1623],"evs":[0.0,-2.68377]},"K3s":{"weight":0.0014,"played":[0.9976,0.0024],"evs":[0.0,-5.96434]},"K4s":{"weight":0.0,"played":[0.275,0.725],"evs":[0.0,2.32997]},"K5s":{"weight":0.0,"played":[0.8194,0.1806],"evs":[0.0,-7.40013]},"K6s":{"weight":8.0E-4,"played":[0.8666,0.1334],"evs":[0.0,-4.84777]},"K7s":{"weight":0.654,"played":[0.0159,0.9841],"evs":[0.0,2.22472]},"K8s":{"weight":0.0954,"played":[0.6961,0.3039],"evs":[0.0,-2.31382]},"K9s":{"weight":0.0022,"played":[0.0109,0.9891],"evs":[0.0,0.21275]},"KTs":{"weight":4.0E-4,"played":[0.4001,0.5999],"evs":[0.0,-2.36114]},"KJs":{"weight":0.0615,"played":[0.2656,0.7344],"evs":[0.0,-0.73963]},"KQs":{"weight":0.9907,"played":[0.028,0.972],"evs":[0.0,1.89481]},"KK":{"weight":0.0027,"played":[1.0E-4,0.9999],"evs":[0.0,20.86285]},"AKo":{"weight":0.0,"played":[9.0E-4,0.9991],"evs":[0.0,5.68617]},"A2s":{"weight":0.5341,"played":[0.2838,0.7162],"evs":[0.0,-0.89175]},"A3s":{"weight":0.1558,"played":[0.7698,0.2302],"evs":[0.0,-0.28186]},"A4s":{"weight":0.1552,"played":[0.4753,0.5247],"evs":[0.0,-0.15976]},"A5s":{"weight":0.4686,"played":[0.5635,0.4365],"evs":[0.0,4.32939]},"A6s":{"weight":0.9359,"played":[0.9605,0.0395],"evs":[0.0,-3.39077]},"A7s":{"weight":0.9912,"played":[0.883,0.117],"evs":[0.0,-1.68949]},"A8s":{"weight":0.5912,"played":[0.5862,0.4138],"evs":[0.0,1.19302]},"A9s":{"weight":0.7511,"played":[0.5851,0.4149],"evs":[0.0,-0.15623]},"ATs":{"weight":0.98,"played":[0.7502,0.2498],"evs":[0.0,-1.70475]},"AJs":{"weight":0.9524,"played":[0.0248,0.9752],"evs":[0.0,2.73465]},"AQs":{"weight":1.0E-4,"played":[0.0173,0.9827],"evs":[0.0,6.43803]},"AKs":{"weight":1.0E-4,"played":[2.0E-4,0.9998],"evs":[0.0,14.01875]},"AA":{"weight":0.4335,"played":[0.0,1.0],"evs":[0.0,34.3238]}}}