{"player":2,"street":0,"children":2,"sequence":[{"player":0,"type":"R","amount":200000,"street":0},{"player":1,"type":"F","amount":0,"street":0},{"player":2,"type":"C","amount":200000,"street":0},{"player":3,"type":"R","amount":2985000,"street":0},{"player":4,"type":"F","amount":0,"street":0},{"player":5,"type":"C","amount":2135000,"street":0},{"player":0,"type":"C","amount":2385000,"street":0}],"actions":[{"type":"F","amount":0},{"type":"C","amount":2785000}],"hands":{"22":{"weight":1.0,"played":[0.934,0.066],"evs":[0.0,-2.65983]},"32o":{"weight":0.0,"played":[1.0,0.0],"evs":[0.0,-7.80541]},"42o":{"weight":0.0,"played":[0.9996,4.0E-4],"evs":[0.0,-7.47473]},"52o":{"weight":0.0,"played":[0.999,0.001],"evs":[0.0,-6.34034]},"62o":{"weight":0.0,"played":[0.9999,1.0E-4],"evs":[0.0,-8.72712]},"72o":{"weight":0.0,"played":[1.0,0.0],"evs":[0.0,-9.13416]},"82o":{"weight":0.0,"played":[0.9993,7.0E-4],"evs":[0.0,-9.14783]},"92o":{"weight":0.0,"played":[0.9992,8.0E-4],"evs":[0.0,-9.90795]},"T2o":{"weight":0.0,"played":[0.9999,1.0E-4],"evs":[0.0,-10.21835]},"J2o":{"weight":0.0,"played":[1.0,0.0],"evs":[0.0,-8.44313]},"Q2o":{"weight":0.0,"played":[0.9996,4.0E-4],"evs":[0.0,-9.09453]},"K2o":{"weight":0.0,"played":[0.9999,1.0E-4],"evs":[0.0,-9.7961]},"A2o":{"weight":0.0,"played":[1.0,0.0],"evs":[0.0,-8.75683]},"32s":{"weight":0.0,"played":[0.9891,0.0109],"evs":[0.0,-3.91945]},"33":{"weight":0.5978,"played":[0.9994,6.0E-4],"evs":[0.0,-4.65484]},"43o":{"weight":0.0,"played":[0.9992,8.0E-4],"evs":[0.0,-5.53226]},"53o":{"weight":0.0,"played":[1.0,0.0],"evs":[0.0,-6.67165]},"63o":{"weight":0.0,"played":[1.0,0.0],"evs":[0.0,-6.40303]},"73o":{"weight":0.0,"played":[1.0,0.0],"evs":[0.0,-8.12885]},"83o":{"weight":0.0,"played":[0.9996,4.0E-4],"evs":[0.0,-8.82215]},"93o":{"weight":0.0,"played":[1.0,0.0],"evs":[0.0,-9.02377]},"T3o":{"weight":0.0,"played":[1.0,0.0],"evs":[0.0,-9.32229]},"J3o":{"weight":0.0,"played":[0.9999,1.0E-4],"evs":[0.0,-8.74934]},"Q3o":{"weight":0.0,"played":[0.9996,4.0E-4],"evs":[0.0,-9.72164]},"K3o":{"weight":0.0,"played":[0.9991,9.0E-4],"evs":[0.0,-8.87049]},"A3o":{"weight":0.0,"played":[0.9994,6.0E-4],"evs":[0.0,-6.95082]},"42s":{"weight":0.0,"played":[0.9978,0.0022],"evs":[0.0,-4.98893]},"43s":{"weight":0.0,"played":[0.9305,0.0695],"evs":[0.0,-2.56665]},"44":{"weight":0.9003,"played":[0.9971,0.0029],"evs":[0.0,-3.06085]},"54o":{"weight":0.0,"played":[1.0,0.0],"evs":[0.0,-4.16804]},"64o":{"weight":0.0,"played":[0.9997,3.0E-4],"evs":[0.0,-3.9211]},"74o":{"weight":0.0,"played":[0.9986,0.0014],"evs":[0.0,-6.5419]},"84o":{"weight":0.0,"played":[1.0,0.0],"evs":[0.0,-7.64842]},"94o":{"weight":0.0,"played":[1.0,0.0],"evs":[0.0,-8.77792]},"T4o":{"weight":0.0,"played":[0.9976,0.0024],"evs":[0.0,-7.92081]},"J4o":{"weight":0.0,"played":[0.9999,1.0E-4],"evs":[0.0,-8.19115]},"Q4o":{"weight":0.0,"played":[0.9999,1.0E-4],"evs":[0.0,-7.76294]},"K4o":{"weight":0.0,"played":[0.997,0.003],"evs":[0.0,-7.15968]},"A4o":{"weight":0.0,"played":[0.9979,0.0021],"evs":[0.0,-8.56019]},"52s":{"weight":0.0,"played":[0.9994,6.0E-4],"evs":[0.0,-4.93947]},"53s":{"weight":0.0,"played":[0.9253,0.0747],"evs":[0.0,-1.64985]},"54s":{"weight":0.9999,"played":[0.973,0.027],"evs":[0.0,-1.804]},"55":{"weight":0.966,"played":[0.9998,2.0E-4],"evs":[0.0,-3.02622]},"65o":{"weight":0.0,"played":[0.9999,1.0E-4],"evs":[0.0,-3.53337]},"75o":{"weight":0.0,"played":[0.9995,5.0E-4],"evs":[0.0,-3.2317]},"85o":{"weight":0.0,"played":[1.0,0.0],"evs":[0.0,-5.62846]},"95o":{"weight":0.0,"played":[1.0,0.0],"evs":[0.0,-7.16118]},"T5o":{"weight":0.0,"played":[0.9995,5.0E-4],"evs":[0.0,-7.67164]},"J5o":{"weight":0.0,"played":[0.9999,1.0E-4],"evs":[0.0,-7.27813]},"Q5o":{"weight":0.0,"played":[0.9984,0.0016],"evs":[0.0,-7.20336]},"K5o":{"weight":0.0,"played":[1.0,0.0],"evs":[0.0,-8.33536]},"A5o":{"weight":0.0,"played":[0.9998,2.0E-4],"evs":[0.0,-6.70018]},"62s":{"weight":0.0,"played":[0.9999,1.0E-4],"evs":[0.0,-5.7402]},"63s":{"weight":0.0,"played":[0.9974,0.0026],"evs":[0.0,-3.78038]},"64s":{"weight":0.0047,"played":[0.5243,0.4757],"evs":[0.0,-1.05389]},"65s":{"weight":0.9997,"played":[0.9691,0.0309],"evs":[0.0,-2.0352]},"66":{"weight":0.9338,"played":[0.9868,0.0132],"evs":[0.0,-2.71177]},"76o":{"weight":0.0,"played":[0.9989,0.0011],"evs":[0.0,-5.83291]},"86o":{"weight":0.0,"played":[0.9994,6.0E-4],"evs":[0.0,-6.4252]},"96o":{"weight":0.0,"played":[0.9998,2.0E-4],"evs":[0.0,-6.23465]},"T6o":{"weight":0.0,"played":[1.0,0.0],"evs":[0.0,-6.40524]},"J6o":{"weight":0.0,"played":[0.9996,4.0E-4],"evs":[0.0,-8.11797]},"Q6o":{"weight":0.0,"played":[0.9991,9.0E-4],"evs":[0.0,-8.95633]},"K6o":{"weight":0.0,"played":[0.9989,0.0011],"evs":[0.0,-8.43873]},"A6o":{"weight":0.0,"played":[1.0,0.0],"evs":[0.0,-9.75969]},"72s":{"weight":0.0,"played":[0.9986,0.0014],"evs":[0.0,-6.29838]},"73s":{"weight":0.0,"played":[0.9998,2.0E-4],"evs":[0.0,-4.7528]},"74s":{"weight":0.0,"played":[0.9981,0.0019],"evs":[0.0,-3.87558]},"75s":{"weight":0.0168,"played":[0.4514,0.5486],"evs":[0.0,-0.8166]},"76s":{"weight":1.0,"played":[0.666,0.334],"evs":[0.0,-1.44634]},"77":{"weight":0.9683,"played":[0.9725,0.0275],"evs":[0.0,-0.94752]},"87o":{"weight":0.0,"played":[0.9917,0.0083],"evs":[0.0,-5.67874]},"97o":{"weight":0.0,"played":[0.9993,7.0E-4],"evs":[0.0,-7.19287]},"T7o":{"weight":0.0,"played":[0.9996,4.0E-4],"evs":[0.0,-7.45627]},"J7o":{"weight":0.0,"played":[0.9981,0.0019],"evs":[0.0,-8.37926]},"Q7o":{"weight":0.0,"played":[0.9987,0.0013],"evs":[0.0,-8.3377]},"K7o":{"weight":0.0,"played":[1.0,0.0],"evs":[0.0,-7.67766]},"A7o":{"weight":0.0,"played":[0.9999,1.0E-4],"evs":[0.0,-8.1325]},"82s":{"weight":0.0,"played":[1.0,0.0],"evs":[0.0,-5.65832]},"83s":{"weight":0.0,"played":[0.9955,0.0045],"evs":[0.0,-6.92927]},"84s":{"weight":0.0,"played":[0.9995,5.0E-4],"evs":[0.0,-4.33312]},"85s":{"weight":0.0,"played":[0.9892,0.0108],"evs":[0.0,-3.80706]},"86s":{"weight":0.2847,"played":[0.9981,0.0019],"evs":[0.0,-4.24889]},"87s":{"weight":0.98,"played":[1.0,0.0],"evs":[0.0,-2.7168]},"88":{"weight":0.8938,"played":[0.9861,0.0139],"evs":[0.0,-4.41535]},"98o":{"weight":0.0,"played":[0.9956,0.0044],"evs":[0.0,-6.34853]},"T8o":{"weight":0.0,"played":[0.9998,2.0E-4],"evs":[0.0,-6.1517]},"J8o":{"weight":0.0,"played":[0.9989,0.0011],"evs":[0.0,-7.22659]},"Q8o":{"weight":0.0,"played":[0.9946,0.0054],"evs":[0.0,-8.14543]},"K8o":{"weight":0.0,"played":[0.9994,6.0E-4],"evs":[0.0,-8.22559]},"A8o":{"weight":0.0,"played":[0.9992,8.0E-4],"evs":[0.0,-8.64226]},"92s":{"weight":0.0,"played":[0.9988,0.0012],"evs":[0.0,-6.17972]},"93s":{"weight":0.0,"played":[0.9974,0.0026],"evs":[0.0,-6.25569]},"94s":{"weight":0.0,"played":[0.9931,0.0069],"evs":[0.0,-6.67057]},"95s":{"weight":0.0,"played":[0.988,0.012],"evs":[0.0,-6.18572]},"96s":{"weight":2.0E-4,"played":[0.822,0.178],"evs":[0.0,-6.50078]},"97s":{"weight":0.967,"played":[0.9479,0.0521],"evs":[0.0,-2.03814]},"98s":{"weight":0.9999,"played":[0.9999,1.0E-4],"evs":[0.0,-3.40198]},"99":{"weight":0.0059,"played":[0.8154,0.1846],"evs":[0.0,-1.66537]},"T9o":{"weight":0.0,"played":[0.9972,0.0028],"evs":[0.0,-6.23378]},"J9o":{"weight":0.0,"played":[0.9999,1.0E-4],"evs":[0.0,-8.14943]},"Q9o":{"weight":0.0,"played":[0.9988,0.0012],"evs":[0.0,-6.6661]},"K9o":{"weight":0.0,"played":[0.9968,0.0032],"evs":[0.0,-8.46276]},"A9o":{"weight":2.0E-4,"played":[0.9996,4.0E-4],"evs":[0.0,-8.62332]},"T2s":{"weight":0.0,"played":[0.9982,0.0018],"evs":[0.0,-4.84879]},"T3s":{"weight":0.0,"played":[0.9988,0.0012],"evs":[0.0,-7.1743]},"T4s":{"weight":0.0,"played":[0.9998,2.0E-4],"evs":[0.0,-2.87771]},"T5s":{"weight":0.0,"played":[0.9987,0.0013],"evs":[0.0,-5.1138]},"T6s":{"weight":0.0,"played":[0.9896,0.0104],"evs":[0.0,-4.04715]},"T7s":{"weight":0.3304,"played":[0.9985,0.0015],"evs":[0.0,-4.92894]},"T8s":{"weight":0.999,"played":[0.9994,6.0E-4],"evs":[0.0,-3.98784]},"T9s":{"weight":0.9995,"played":[0.9713,0.0287],"evs":[0.0,-4.31285]},"TT":{"weight":1.0E-4,"played":[0.7325,0.2675],"evs":[0.0,-0.96641]},"JTo":{"weight":0.0,"played":[0.9999,1.0E-4],"evs":[0.0,-5.52306]},"QTo":{"weight":0.0,"played":[0.9996,4.0E-4],"evs":[0.0,-6.53241]},"KTo":{"weight":5.0E-4,"played":[0.9984,0.0016],"evs":[0.0,-6.43172]},"ATo":{"weight":0.6157,"played":[0.994,0.006],"evs":[0.0,-7.31787]},"J2s":{"weight":0.0,"played":[0.9881,0.0119],"evs":[0.0,-6.5254]},"J3s":{"weight":0.0,"played":[0.999,0.001],"evs":[0.0,-6.50713]},"J4s":{"weight":0.0,"played":[0.991,0.009],"evs":[0.0,-5.72641]},"J5s":{"weight":0.0,"played":[0.9918,0.0082],"evs":[0.0,-3.97779]},"J6s":{"weight":0.0,"played":[0.998,0.002],"evs":[0.0,-2.00397]},"J7s":{"weight":1.0E-4,"played":[1.0,0.0],"evs":[0.0,-3.73357]},"J8s":{"weight":0.9935,"played":[0.9997,3.0E-4],"evs":[0.0,-4.74188]},"J9s":{"weight":1.0,"played":[0.9983,0.0017],"evs":[0.0,-5.09313]},"JTs":{"weight":0.4368,"played":[0.9889,0.0111],"evs":[0.0,-2.61441]},"JJ":{"weight":0.0594,"played":[0.0,1.0],"evs":[0.0,4.57399]},"QJo":{"weight":0.8103,"played":[0.9998,2.0E-4],"evs":[0.0,-6.13029]},"KJo":{"weight":0.9363,"played":[0.9982,0.0018],"evs":[0.0,-6.66578]},"AJo":{"weight":0.9889,"played":[0.9992,8.0E-4],"evs":[0.0,-6.2362]},"Q2s":{"weight":0.0,"played":[0.9487,0.0513],"evs":[0.0,-4.29548]},"Q3s":{"weight":0.0,"played":[0.9711,0.0289],"evs":[0.0,-2.29778]},"Q4s":{"weight":0.0,"played":[0.9885,0.0115],"evs":[0.0,-3.74614]},"Q5s":{"weight":0.0,"played":[0.9927,0.0073],"evs":[0.0,-3.15905]},"Q6s":{"weight":0.0,"played":[0.999,0.001],"evs":[0.0,-3.23011]},"Q7s":{"weight":1.0E-4,"played":[1.0,0.0],"evs":[0.0,-2.38514]},"Q8s":{"weight":0.4673,"played":[0.9916,0.0084],"evs":[0.0,-2.39593]},"Q9s":{"weight":0.854,"played":[0.9798,0.0202],"evs":[0.0,-3.9381]},"QTs":{"weight":0.455,"played":[0.9727,0.0273],"evs":[0.0,-2.8297]},"QJs":{"weight":0.0879,"played":[0.9643,0.0357],"evs":[0.0,-2.58747]},"QQ":{"weight":0.2308,"played":[0.0,1.0],"evs":[0.0,11.04195]},"KQo":{"weight":0.967,"played":[0.9951,0.0049],"evs":[0.0,-5.51677]},"AQo":{"weight":0.2386,"played":[0.9315,0.0685],"evs":[0.0,-4.79408]},"K2s":{"weight":0.0,"played":[1.0,0.0],"evs":[0.0,-5.16734]},"K3s":{"weight":0.0,"played":[0.9959,0.0041],"evs":[0.0,-4.53106]},"K4s":{"weight":2.0E-4,"played":[0.9971,0.0029],"evs":[0.0,-4.57066]},"K5s":{"weight":0.0734,"played":[0.9963,0.0037],"evs":[0.0,-3.88618]},"K6s":{"weight":0.0299,"played":[0.9987,0.0013],"evs":[0.0,-4.69646]},"K7s":{"weight":0.4059,"played":[0.9881,0.0119],"evs":[0.0,-7.43901]},"K8s":{"weight":0.7968,"played":[0.9967,0.0033],"evs":[0.0,-5.6115]},"K9s":{"weight":0.9351,"played":[0.9952,0.0048],"evs":[0.0,-3.61135]},"KTs":{"weight":0.8114,"played":[0.8941,0.1059],"evs":[0.0,-3.88284]},"KJs":{"weight":0.0151,"played":[0.9502,0.0498],"evs":[0.0,-3.58183]},"KQs":{"weight":0.9977,"played":[0.988,0.012],"evs":[0.0,-3.59289]},"KK":{"weight":0.6899,"played":[0.0,1.0],"evs":[0.0,17.79999]},"AKo":{"weight":0.0,"played":[0.3246,0.6754],"evs":[0.0,1.2807]},"A2s":{"weight":0.9911,"played":[0.97,0.03],"evs":[0.0,-2.91672]},"A3s":{"weight":0.9676,"played":[0.9966,0.0034],"evs":[0.0,-3.36301]},"A4s":{"weight":0.4321,"played":[0.9814,0.0186],"evs":[0.0,-4.23209]},"A5s":{"weight":0.2332,"played":[0.9999,1.0E-4],"evs":[0.0,-4.58399]},"A6s":{"weight":0.7584,"played":[0.9993,7.0E-4],"evs":[0.0,-4.70708]},"A7s":{"weight":0.9064,"played":[0.9934,0.0066],"evs":[0.0,-4.5978]},"A8s":{"weight":0.9825,"played":[0.9993,7.0E-4],"evs":[0.0,-4.72822]},"A9s":{"weight":0.9999,"played":[0.9974,0.0026],"evs":[0.0,-5.9034]},"ATs":{"weight":1.0,"played":[0.9892,0.0108],"evs":[0.0,-4.08983]},"AJs":{"weight":0.9996,"played":[0.9856,0.0144],"evs":[0.0,-4.09906]},"AQs":{"weight":1.0,"played":[0.8784,0.1216],"evs":[0.0,-0.33086]},"AKs":{"weight":3.0E-4,"played":[0.1879,0.8121],"evs":[0.0,0.59912]},"AA":{"weight":0.4828,"played":[0.0,1.0],"evs":[0.0,29.28536]}}}