{"player":5,"street":0,"children":2,"sequence":[{"player":0,"type":"R","amount":200000,"street":0},{"player":1,"type":"F","amount":0,"street":0},{"player":2,"type":"C","amount":200000,"street":0},{"player":3,"type":"R","amount":2985000,"street":0},{"player":4,"type":"C","amount":1035000,"street":0}],"actions":[{"type":"F","amount":0,"node":456},{"type":"C","amount":2135000,"node":459}],"hands":{"22":{"weight":1.0,"played":[0.9921,0.0079],"evs":[0.0,-2.59155]},"32o":{"weight":1.0,"played":[1.0,0.0],"evs":[0.0,-5.98326]},"42o":{"weight":1.0,"played":[1.0,0.0],"evs":[0.0,-4.98878]},"52o":{"weight":1.0,"played":[1.0,0.0],"evs":[0.0,-5.46395]},"62o":{"weight":1.0,"played":[1.0,0.0],"evs":[0.0,-5.96477]},"72o":{"weight":1.0,"played":[1.0,0.0],"evs":[0.0,-6.7782]},"82o":{"weight":1.0,"played":[1.0,0.0],"evs":[0.0,-6.97259]},"92o":{"weight":1.0,"played":[1.0,0.0],"evs":[0.0,-6.84203]},"T2o":{"weight":1.0,"played":[1.0,0.0],"evs":[0.0,-6.501]},"J2o":{"weight":1.0,"played":[1.0,0.0],"evs":[0.0,-6.90651]},"Q2o":{"weight":1.0,"played":[1.0,0.0],"evs":[0.0,-5.2041]},"K2o":{"weight":1.0,"played":[1.0,0.0],"evs":[0.0,-5.89093]},"A2o":{"weight":1.0,"played":[1.0,0.0],"evs":[0.0,-4.68178]},"32s":{"weight":1.0,"played":[0.9993,7.0E-4],"evs":[0.0,-3.76332]},"33":{"weight":1.0,"played":[0.9989,0.0011],"evs":[0.0,-1.56999]},"43o":{"weight":1.0,"played":[1.0,0.0],"evs":[0.0,-5.25468]},"53o":{"weight":1.0,"played":[1.0,0.0],"evs":[0.0,-4.65931]},"63o":{"weight":1.0,"played":[1.0,0.0],"evs":[0.0,-5.03358]},"73o":{"weight":1.0,"played":[1.0,0.0],"evs":[0.0,-6.02751]},"83o":{"weight":1.0,"played":[1.0,0.0],"evs":[0.0,-6.21471]},"93o":{"weight":1.0,"played":[1.0,0.0],"evs":[0.0,-6.24283]},"T3o":{"weight":1.0,"played":[1.0,0.0],"evs":[0.0,-5.82862]},"J3o":{"weight":1.0,"played":[1.0,0.0],"evs":[0.0,-6.26357]},"Q3o":{"weight":1.0,"played":[1.0,0.0],"evs":[0.0,-5.72017]},"K3o":{"weight":1.0,"played":[1.0,0.0],"evs":[0.0,-5.30948]},"A3o":{"weight":1.0,"played":[1.0,0.0],"evs":[0.0,-4.81693]},"42s":{"weight":1.0,"played":[1.0,0.0],"evs":[0.0,-3.58496]},"43s":{"weight":1.0,"played":[0.9998,2.0E-4],"evs":[0.0,-2.88249]},"44":{"weight":1.0,"played":[0.9997,3.0E-4],"evs":[0.0,-1.74933]},"54o":{"weight":1.0,"played":[1.0,0.0],"evs":[0.0,-4.09331]},"64o":{"weight":1.0,"played":[1.0,0.0],"evs":[0.0,-4.21464]},"74o":{"weight":1.0,"played":[1.0,0.0],"evs":[0.0,-4.63658]},"84o":{"weight":1.0,"played":[1.0,0.0],"evs":[0.0,-5.44836]},"94o":{"weight":1.0,"played":[1.0,0.0],"evs":[0.0,-6.60019]},"T4o":{"weight":1.0,"played":[1.0,0.0],"evs":[0.0,-5.93058]},"J4o":{"weight":1.0,"played":[1.0,0.0],"evs":[0.0,-6.02525]},"Q4o":{"weight":1.0,"played":[1.0,0.0],"evs":[0.0,-5.24557]},"K4o":{"weight":1.0,"played":[1.0,0.0],"evs":[0.0,-4.88108]},"A4o":{"weight":1.0,"played":[0.9998,2.0E-4],"evs":[0.0,-4.82006]},"52s":{"weight":1.0,"played":[0.9999,1.0E-4],"evs":[0.0,-3.8434]},"53s":{"weight":1.0,"played":[1.0,0.0],"evs":[0.0,-3.15471]},"54s":{"weight":1.0,"played":[0.9971,0.0029],"evs":[0.0,-2.43939]},"55":{"weight":1.0,"played":[0.997,0.003],"evs":[0.0,-0.818]},"65o":{"weight":1.0,"played":[1.0,0.0],"evs":[0.0,-3.77523]},"75o":{"weight":1.0,"played":[1.0,0.0],"evs":[0.0,-4.65658]},"85o":{"weight":1.0,"played":[1.0,0.0],"evs":[0.0,-4.91915]},"95o":{"weight":1.0,"played":[1.0,0.0],"evs":[0.0,-5.71589]},"T5o":{"weight":1.0,"played":[1.0,0.0],"evs":[0.0,-5.75818]},"J5o":{"weight":1.0,"played":[1.0,0.0],"evs":[0.0,-5.84035]},"Q5o":{"weight":1.0,"played":[1.0,0.0],"evs":[0.0,-5.33255]},"K5o":{"weight":1.0,"played":[1.0,0.0],"evs":[0.0,-4.63092]},"A5o":{"weight":1.0,"played":[1.0,0.0],"evs":[0.0,-4.49412]},"62s":{"weight":1.0,"played":[1.0,0.0],"evs":[0.0,-3.58831]},"63s":{"weight":1.0,"played":[1.0,0.0],"evs":[0.0,-3.28552]},"64s":{"weight":1.0,"played":[0.9989,0.0011],"evs":[0.0,-3.1417]},"65s":{"weight":1.0,"played":[0.9979,0.0021],"evs":[0.0,-2.47964]},"66":{"weight":1.0,"played":[0.9905,0.0095],"evs":[0.0,-0.61593]},"76o":{"weight":1.0,"played":[1.0,0.0],"evs":[0.0,-4.21679]},"86o":{"weight":1.0,"played":[1.0,0.0],"evs":[0.0,-4.44595]},"96o":{"weight":1.0,"played":[0.9999,1.0E-4],"evs":[0.0,-4.79336]},"T6o":{"weight":1.0,"played":[1.0,0.0],"evs":[0.0,-5.0398]},"J6o":{"weight":1.0,"played":[0.9999,1.0E-4],"evs":[0.0,-5.69161]},"Q6o":{"weight":1.0,"played":[1.0,0.0],"evs":[0.0,-5.02203]},"K6o":{"weight":1.0,"played":[0.9996,4.0E-4],"evs":[0.0,-4.95519]},"A6o":{"weight":1.0,"played":[1.0,0.0],"evs":[0.0,-5.33134]},"72s":{"weight":1.0,"played":[1.0,0.0],"evs":[0.0,-3.81162]},"73s":{"weight":1.0,"played":[0.9995,5.0E-4],"evs":[0.0,-3.87283]},"74s":{"weight":1.0,"played":[1.0,0.0],"evs":[0.0,-2.96654]},"75s":{"weight":1.0,"played":[0.9993,7.0E-4],"evs":[0.0,-2.85439]},"76s":{"weight":1.0,"played":[0.9974,0.0026],"evs":[0.0,-2.16645]},"77":{"weight":1.0,"played":[0.3003,0.6997],"evs":[0.0,0.62608]},"87o":{"weight":1.0,"played":[1.0,0.0],"evs":[0.0,-3.91567]},"97o":{"weight":1.0,"played":[0.9999,1.0E-4],"evs":[0.0,-5.10892]},"T7o":{"weight":1.0,"played":[1.0,0.0],"evs":[0.0,-5.32228]},"J7o":{"weight":1.0,"played":[1.0,0.0],"evs":[0.0,-5.32914]},"Q7o":{"weight":1.0,"played":[1.0,0.0],"evs":[0.0,-5.55009]},"K7o":{"weight":1.0,"played":[0.9994,6.0E-4],"evs":[0.0,-4.67647]},"A7o":{"weight":1.0,"played":[1.0,0.0],"evs":[0.0,-4.38377]},"82s":{"weight":1.0,"played":[0.9997,3.0E-4],"evs":[0.0,-5.48856]},"83s":{"weight":1.0,"played":[0.9976,0.0024],"evs":[0.0,-5.4322]},"84s":{"weight":1.0,"played":[1.0,0.0],"evs":[0.0,-4.1196]},"85s":{"weight":1.0,"played":[0.9998,2.0E-4],"evs":[0.0,-3.01066]},"86s":{"weight":1.0,"played":[0.9651,0.0349],"evs":[0.0,-2.19466]},"87s":{"weight":1.0,"played":[0.9971,0.0029],"evs":[0.0,-2.26951]},"88":{"weight":1.0,"played":[0.6503,0.3497],"evs":[0.0,0.03314]},"98o":{"weight":1.0,"played":[1.0,0.0],"evs":[0.0,-4.67759]},"T8o":{"weight":1.0,"played":[1.0,0.0],"evs":[0.0,-4.8059]},"J8o":{"weight":1.0,"played":[1.0,0.0],"evs":[0.0,-4.82542]},"Q8o":{"weight":1.0,"played":[0.9999,1.0E-4],"evs":[0.0,-4.89555]},"K8o":{"weight":1.0,"played":[1.0,0.0],"evs":[0.0,-5.14645]},"A8o":{"weight":1.0,"played":[1.0,0.0],"evs":[0.0,-4.26464]},"92s":{"weight":1.0,"played":[0.9999,1.0E-4],"evs":[0.0,-4.42111]},"93s":{"weight":1.0,"played":[0.9994,6.0E-4],"evs":[0.0,-4.71314]},"94s":{"weight":1.0,"played":[1.0,0.0],"evs":[0.0,-4.48148]},"95s":{"weight":1.0,"played":[0.9998,2.0E-4],"evs":[0.0,-4.88503]},"96s":{"weight":1.0,"played":[0.9984,0.0016],"evs":[0.0,-2.42989]},"97s":{"weight":1.0,"played":[0.998,0.002],"evs":[0.0,-3.22174]},"98s":{"weight":1.0,"played":[0.9978,0.0022],"evs":[0.0,-2.7352]},"99":{"weight":1.0,"played":[1.0E-4,0.9999],"evs":[0.0,2.51955]},"T9o":{"weight":1.0,"played":[0.9998,2.0E-4],"evs":[0.0,-4.1421]},"J9o":{"weight":1.0,"played":[1.0,0.0],"evs":[0.0,-4.09852]},"Q9o":{"weight":1.0,"played":[1.0,0.0],"evs":[0.0,-4.36453]},"K9o":{"weight":1.0,"played":[1.0,0.0],"evs":[0.0,-3.28515]},"A9o":{"weight":1.0,"played":[0.9999,1.0E-4],"evs":[0.0,-4.21829]},"T2s":{"weight":1.0,"played":[1.0,0.0],"evs":[0.0,-5.9796]},"T3s":{"weight":1.0,"played":[1.0,0.0],"evs":[0.0,-4.23603]},"T4s":{"weight":1.0,"played":[0.9998,2.0E-4],"evs":[0.0,-4.65728]},"T5s":{"weight":1.0,"played":[1.0,0.0],"evs":[0.0,-3.86387]},"T6s":{"weight":1.0,"played":[0.9989,0.0011],"evs":[0.0,-3.67337]},"T7s":{"weight":1.0,"played":[0.9982,0.0018],"evs":[0.0,-3.79769]},"T8s":{"weight":1.0,"played":[0.9963,0.0037],"evs":[0.0,-2.96824]},"T9s":{"weight":1.0,"played":[0.9904,0.0096],"evs":[0.0,-2.14107]},"TT":{"weight":1.0,"played":[3.0E-4,0.9997],"evs":[0.0,3.74552]},"JTo":{"weight":1.0,"played":[1.0,0.0],"evs":[0.0,-3.23086]},"QTo":{"weight":1.0,"played":[0.9987,0.0013],"evs":[0.0,-3.64195]},"KTo":{"weight":1.0,"played":[1.0,0.0],"evs":[0.0,-2.32038]},"ATo":{"weight":1.0,"played":[0.9992,8.0E-4],"evs":[0.0,-2.82932]},"J2s":{"weight":1.0,"played":[0.9999,1.0E-4],"evs":[0.0,-4.5073]},"J3s":{"weight":1.0,"played":[0.9987,0.0013],"evs":[0.0,-4.51546]},"J4s":{"weight":1.0,"played":[0.9999,1.0E-4],"evs":[0.0,-5.10183]},"J5s":{"weight":1.0,"played":[0.9994,6.0E-4],"evs":[0.0,-4.18171]},"J6s":{"weight":1.0,"played":[0.9948,0.0052],"evs":[0.0,-3.81952]},"J7s":{"weight":1.0,"played":[0.9991,9.0E-4],"evs":[0.0,-4.5026]},"J8s":{"weight":1.0,"played":[0.9973,0.0027],"evs":[0.0,-3.46193]},"J9s":{"weight":1.0,"played":[0.9857,0.0143],"evs":[0.0,-1.91817]},"JTs":{"weight":1.0,"played":[0.9,0.1],"evs":[0.0,-0.94738]},"JJ":{"weight":1.0,"played":[1.0E-4,0.9999],"evs":[0.0,6.82498]},"QJo":{"weight":1.0,"played":[0.9996,4.0E-4],"evs":[0.0,-3.10059]},"KJo":{"weight":1.0,"played":[0.9999,1.0E-4],"evs":[0.0,-2.215]},"AJo":{"weight":1.0,"played":[0.9989,0.0011],"evs":[0.0,-1.20638]},"Q2s":{"weight":1.0,"played":[0.9999,1.0E-4],"evs":[0.0,-4.88564]},"Q3s":{"weight":1.0,"played":[1.0,0.0],"evs":[0.0,-3.4023]},"Q4s":{"weight":1.0,"played":[1.0,0.0],"evs":[0.0,-2.8948]},"Q5s":{"weight":1.0,"played":[0.9907,0.0093],"evs":[0.0,-3.72223]},"Q6s":{"weight":1.0,"played":[1.0,0.0],"evs":[0.0,-4.2239]},"Q7s":{"weight":1.0,"played":[1.0,0.0],"evs":[0.0,-2.64055]},"Q8s":{"weight":1.0,"played":[0.9997,3.0E-4],"evs":[0.0,-3.50659]},"Q9s":{"weight":1.0,"played":[0.9849,0.0151],"evs":[0.0,-2.13418]},"QTs":{"weight":1.0,"played":[0.9933,0.0067],"evs":[0.0,-1.2075]},"QJs":{"weight":1.0,"played":[0.972,0.028],"evs":[0.0,-1.72408]},"QQ":{"weight":1.0,"played":[0.0,1.0],"evs":[0.0,8.74057]},"KQo":{"weight":1.0,"played":[0.9977,0.0023],"evs":[0.0,-1.806]},"AQo":{"weight":1.0,"played":[0.8814,0.1186],"evs":[0.0,-0.14528]},"K2s":{"weight":1.0,"played":[0.9999,1.0E-4],"evs":[0.0,-2.88749]},"K3s":{"weight":1.0,"played":[0.9927,0.0073],"evs":[0.0,-3.21479]},"K4s":{"weight":1.0,"played":[0.997,0.003],"evs":[0.0,-4.45104]},"K5s":{"weight":1.0,"played":[0.9998,2.0E-4],"evs":[0.0,-2.81082]},"K6s":{"weight":1.0,"played":[0.9999,1.0E-4],"evs":[0.0,-2.32189]},"K7s":{"weight":1.0,"played":[1.0,0.0],"evs":[0.0,-3.25425]},"K8s":{"weight":1.0,"played":[0.9979,0.0021],"evs":[0.0,-3.20785]},"K9s":{"weight":1.0,"played":[1.0,0.0],"evs":[0.0,-1.58309]},"KTs":{"weight":1.0,"played":[0.9117,0.0883],"evs":[0.0,-2.37884]},"KJs":{"weight":1.0,"played":[0.5648,0.4352],"evs":[0.0,-0.38275]},"KQs":{"weight":1.0,"played":[0.8744,0.1256],"evs":[0.0,0.18958]},"KK":{"weight":1.0,"played":[0.0,1.0],"evs":[0.0,13.97705]},"AKo":{"weight":1.0,"played":[4.0E-4,0.9996],"evs":[0.0,1.95197]},"A2s":{"weight":1.0,"played":[0.9717,0.0283],"evs":[0.0,-2.72674]},"A3s":{"weight":1.0,"played":[0.9999,1.0E-4],"evs":[0.0,-2.68518]},"A4s":{"weight":1.0,"played":[0.9965,0.0035],"evs":[0.0,-1.99871]},"A5s":{"weight":1.0,"played":[0.9946,0.0054],"evs":[0.0,-1.89672]},"A6s":{"weight":1.0,"played":[0.9998,2.0E-4],"evs":[0.0,-2.64331]},"A7s":{"weight":1.0,"played":[0.9998,2.0E-4],"evs":[0.0,-1.15929]},"A8s":{"weight":1.0,"played":[0.9627,0.0373],"evs":[0.0,-2.09176]},"A9s":{"weight":1.0,"played":[0.9967,0.0033],"evs":[0.0,-1.3618]},"ATs":{"weight":1.0,"played":[0.6952,0.3048],"evs":[0.0,-0.46297]},"AJs":{"weight":1.0,"played":[0.9439,0.0561],"evs":[0.0,-0.48219]},"AQs":{"weight":1.0,"played":[0.0272,0.9728],"evs":[0.0,1.27574]},"AKs":{"weight":1.0,"played":[0.0,1.0],"evs":[0.0,4.46463]},"AA":{"weight":1.0,"played":[0.0,1.0],"evs":[0.0,18.73222]}}}