{"player":4,"street":0,"children":2,"sequence":[{"player":0,"type":"F","amount":0,"street":0},{"player":1,"type":"F","amount":0,"street":0},{"player":2,"type":"R","amount":200000,"street":0},{"player":3,"type":"C","amount":200000,"street":0},{"player":4,"type":"C","amount":150000,"street":0},{"player":5,"type":"R","amount":2235000,"street":0},{"player":2,"type":"C","amount":2035000,"street":0},{"player":3,"type":"R","amount":3645000,"street":0}],"actions":[{"type":"F","amount":0,"node":47},{"type":"C","amount":885000,"node":48}],"hands":{"22":{"weight":0.9998,"played":[0.9972,0.0028],"evs":[0.0,-0.65031]},"32o":{"weight":0.0,"played":[0.9999,1.0E-4],"evs":[0.0,-2.48495]},"42o":{"weight":0.0,"played":[1.0,0.0],"evs":[0.0,-2.12822]},"52o":{"weight":0.0,"played":[1.0,0.0],"evs":[0.0,-1.61372]},"62o":{"weight":0.0,"played":[0.9995,5.0E-4],"evs":[0.0,-2.14443]},"72o":{"weight":0.0,"played":[1.0,0.0],"evs":[0.0,-2.47326]},"82o":{"weight":0.0,"played":[1.0,0.0],"evs":[0.0,-2.06575]},"92o":{"weight":0.0,"played":[1.0,0.0],"evs":[0.0,-2.50816]},"T2o":{"weight":0.0,"played":[1.0,0.0],"evs":[0.0,-2.38489]},"J2o":{"weight":0.0,"played":[1.0,0.0],"evs":[0.0,-2.97079]},"Q2o":{"weight":0.0,"played":[0.9999,1.0E-4],"evs":[0.0,-2.21511]},"K2o":{"weight":0.0,"played":[0.9999,1.0E-4],"evs":[0.0,-1.87685]},"A2o":{"weight":0.0,"played":[0.9998,2.0E-4],"evs":[0.0,-2.29974]},"32s":{"weight":0.0,"played":[0.9996,4.0E-4],"evs":[0.0,-1.48719]},"33":{"weight":0.8103,"played":[0.9597,0.0403],"evs":[0.0,-0.43138]},"43o":{"weight":0.0,"played":[0.9999,1.0E-4],"evs":[0.0,-1.53707]},"53o":{"weight":0.0,"played":[1.0,0.0],"evs":[0.0,-1.60208]},"63o":{"weight":0.0,"played":[1.0,0.0],"evs":[0.0,-1.84648]},"73o":{"weight":0.0,"played":[0.9999,1.0E-4],"evs":[0.0,-2.24508]},"83o":{"weight":0.0,"played":[1.0,0.0],"evs":[0.0,-2.10977]},"93o":{"weight":0.0,"played":[0.9999,1.0E-4],"evs":[0.0,-2.08837]},"T3o":{"weight":0.0,"played":[1.0,0.0],"evs":[0.0,-2.57044]},"J3o":{"weight":0.0,"played":[0.9999,1.0E-4],"evs":[0.0,-2.5323]},"Q3o":{"weight":0.0,"played":[1.0,0.0],"evs":[0.0,-1.90755]},"K3o":{"weight":0.0,"played":[1.0,0.0],"evs":[0.0,-1.97578]},"A3o":{"weight":0.0,"played":[1.0,0.0],"evs":[0.0,-2.44509]},"42s":{"weight":0.0,"played":[0.9985,0.0015],"evs":[0.0,-0.61506]},"43s":{"weight":0.0,"played":[0.6905,0.3095],"evs":[0.0,-0.5]},"44":{"weight":0.0,"played":[0.9316,0.0684],"evs":[0.0,-0.39236]},"54o":{"weight":0.0,"played":[0.9999,1.0E-4],"evs":[0.0,-1.14318]},"64o":{"weight":0.0,"played":[1.0,0.0],"evs":[0.0,-1.24831]},"74o":{"weight":0.0,"played":[0.9997,3.0E-4],"evs":[0.0,-1.69689]},"84o":{"weight":0.0,"played":[0.9999,1.0E-4],"evs":[0.0,-1.74256]},"94o":{"weight":0.0,"played":[0.9999,1.0E-4],"evs":[0.0,-2.08176]},"T4o":{"weight":0.0,"played":[0.9998,2.0E-4],"evs":[0.0,-2.27229]},"J4o":{"weight":0.0,"played":[0.9999,1.0E-4],"evs":[0.0,-2.2143]},"Q4o":{"weight":0.0,"played":[1.0,0.0],"evs":[0.0,-1.65962]},"K4o":{"weight":0.0,"played":[1.0,0.0],"evs":[0.0,-1.83739]},"A4o":{"weight":0.0,"played":[1.0,0.0],"evs":[0.0,-2.112]},"52s":{"weight":0.0,"played":[0.9923,0.0077],"evs":[0.0,-0.59321]},"53s":{"weight":0.0,"played":[0.9153,0.0847],"evs":[0.0,-0.75308]},"54s":{"weight":0.5026,"played":[0.4477,0.5523],"evs":[0.0,-0.30971]},"55":{"weight":0.0,"played":[0.8196,0.1804],"evs":[0.0,-0.22807]},"65o":{"weight":0.0,"played":[0.9735,0.0265],"evs":[0.0,-1.01782]},"75o":{"weight":0.0,"played":[0.9969,0.0031],"evs":[0.0,-1.04577]},"85o":{"weight":0.0,"played":[0.9998,2.0E-4],"evs":[0.0,-1.43801]},"95o":{"weight":0.0,"played":[1.0,0.0],"evs":[0.0,-1.47754]},"T5o":{"weight":0.0,"played":[1.0,0.0],"evs":[0.0,-2.548]},"J5o":{"weight":0.0,"played":[1.0,0.0],"evs":[0.0,-2.45406]},"Q5o":{"weight":0.0,"played":[1.0,0.0],"evs":[0.0,-1.96064]},"K5o":{"weight":0.0,"played":[1.0,0.0],"evs":[0.0,-1.98185]},"A5o":{"weight":0.7845,"played":[0.9998,2.0E-4],"evs":[0.0,-1.85342]},"62s":{"weight":0.0,"played":[0.9991,9.0E-4],"evs":[0.0,-0.64879]},"63s":{"weight":1.0E-4,"played":[0.7126,0.2874],"evs":[0.0,0.09797]},"64s":{"weight":0.0,"played":[0.9885,0.0115],"evs":[0.0,-0.38457]},"65s":{"weight":0.9993,"played":[0.0038,0.9962],"evs":[0.0,0.37075]},"66":{"weight":0.0,"played":[0.0013,0.9987],"evs":[0.0,0.46719]},"76o":{"weight":0.0,"played":[0.9909,0.0091],"evs":[0.0,-0.69695]},"86o":{"weight":0.0,"played":[0.9964,0.0036],"evs":[0.0,-1.12394]},"96o":{"weight":0.0,"played":[1.0,0.0],"evs":[0.0,-1.38583]},"T6o":{"weight":0.0,"played":[1.0,0.0],"evs":[0.0,-1.70178]},"J6o":{"weight":0.0,"played":[0.9999,1.0E-4],"evs":[0.0,-2.16319]},"Q6o":{"weight":0.0,"played":[1.0,0.0],"evs":[0.0,-1.45773]},"K6o":{"weight":0.0,"played":[0.9997,3.0E-4],"evs":[0.0,-1.55194]},"A6o":{"weight":4.0E-4,"played":[0.9999,1.0E-4],"evs":[0.0,-2.44202]},"72s":{"weight":0.0,"played":[1.0,0.0],"evs":[0.0,-1.33883]},"73s":{"weight":0.0,"played":[0.9992,8.0E-4],"evs":[0.0,-1.12573]},"74s":{"weight":1.0E-4,"played":[0.9458,0.0542],"evs":[0.0,-0.58546]},"75s":{"weight":0.0,"played":[0.6995,0.3005],"evs":[0.0,-0.32791]},"76s":{"weight":1.0,"played":[0.5557,0.4443],"evs":[0.0,-0.00365]},"77":{"weight":0.0,"played":[0.0087,0.9913],"evs":[0.0,1.09798]},"87o":{"weight":0.0,"played":[0.9182,0.0818],"evs":[0.0,-0.38596]},"97o":{"weight":0.0,"played":[0.9837,0.0163],"evs":[0.0,-1.01227]},"T7o":{"weight":0.0,"played":[0.9888,0.0112],"evs":[0.0,-0.84631]},"J7o":{"weight":0.0,"played":[0.997,0.003],"evs":[0.0,-1.74676]},"Q7o":{"weight":0.0,"played":[1.0,0.0],"evs":[0.0,-1.37933]},"K7o":{"weight":0.0,"played":[0.9994,6.0E-4],"evs":[0.0,-1.19012]},"A7o":{"weight":0.0102,"played":[0.9992,8.0E-4],"evs":[0.0,-1.86233]},"82s":{"weight":0.0,"played":[1.0,0.0],"evs":[0.0,-1.11046]},"83s":{"weight":0.0,"played":[0.9999,1.0E-4],"evs":[0.0,-1.35995]},"84s":{"weight":0.0,"played":[0.9918,0.0082],"evs":[0.0,-0.26078]},"85s":{"weight":4.0E-4,"played":[0.882,0.118],"evs":[0.0,0.03625]},"86s":{"weight":0.9999,"played":[0.3469,0.6531],"evs":[0.0,0.08069]},"87s":{"weight":0.9999,"played":[0.1058,0.8942],"evs":[0.0,-0.03017]},"88":{"weight":0.0,"played":[2.0E-4,0.9998],"evs":[0.0,1.48241]},"98o":{"weight":0.0,"played":[0.9983,0.0017],"evs":[0.0,-0.38148]},"T8o":{"weight":0.0,"played":[0.9999,1.0E-4],"evs":[0.0,-0.82779]},"J8o":{"weight":0.0,"played":[1.0,0.0],"evs":[0.0,-1.26547]},"Q8o":{"weight":0.0,"played":[0.9982,0.0018],"evs":[0.0,-1.1255]},"K8o":{"weight":0.0,"played":[1.0,0.0],"evs":[0.0,-1.34382]},"A8o":{"weight":1.0E-4,"played":[1.0,0.0],"evs":[0.0,-1.66366]},"92s":{"weight":0.0,"played":[0.974,0.026],"evs":[0.0,-1.82716]},"93s":{"weight":0.0,"played":[0.9998,2.0E-4],"evs":[0.0,-1.29896]},"94s":{"weight":0.0,"played":[0.9968,0.0032],"evs":[0.0,-1.23457]},"95s":{"weight":0.0,"played":[0.9963,0.0037],"evs":[0.0,-0.4962]},"96s":{"weight":0.0,"played":[0.522,0.478],"evs":[0.0,0.01992]},"97s":{"weight":0.8868,"played":[0.92,0.08],"evs":[0.0,-0.20847]},"98s":{"weight":0.9999,"played":[0.1774,0.8226],"evs":[0.0,0.15532]},"99":{"weight":0.0,"played":[0.0,1.0],"evs":[0.0,2.32962]},"T9o":{"weight":0.0,"played":[0.9998,2.0E-4],"evs":[0.0,-0.20332]},"J9o":{"weight":0.0,"played":[0.9991,9.0E-4],"evs":[0.0,-1.15029]},"Q9o":{"weight":4.0E-4,"played":[0.9941,0.0059],"evs":[0.0,-0.56878]},"K9o":{"weight":0.0023,"played":[1.0,0.0],"evs":[0.0,-0.75566]},"A9o":{"weight":0.0,"played":[1.0,0.0],"evs":[0.0,-1.23617]},"T2s":{"weight":0.0,"played":[0.9985,0.0015],"evs":[0.0,-0.83689]},"T3s":{"weight":0.0,"played":[1.0,0.0],"evs":[0.0,-0.78942]},"T4s":{"weight":0.0,"played":[0.9246,0.0754],"evs":[0.0,-0.57158]},"T5s":{"weight":1.0E-4,"played":[0.9978,0.0022],"evs":[0.0,-0.96892]},"T6s":{"weight":1.0E-4,"played":[0.6584,0.3416],"evs":[0.0,-0.12513]},"T7s":{"weight":0.009,"played":[0.4548,0.5452],"evs":[0.0,0.03448]},"T8s":{"weight":1.0,"played":[0.6813,0.3187],"evs":[0.0,0.10319]},"T9s":{"weight":0.9999,"played":[1.0E-4,0.9999],"evs":[0.0,0.51563]},"TT":{"weight":0.0,"played":[1.0E-4,0.9999],"evs":[0.0,3.13917]},"JTo":{"weight":0.0906,"played":[0.9999,1.0E-4],"evs":[0.0,-0.97111]},"QTo":{"weight":1.0,"played":[0.9614,0.0386],"evs":[0.0,-0.56616]},"KTo":{"weight":1.0,"played":[0.9975,0.0025],"evs":[0.0,-0.36075]},"ATo":{"weight":0.0,"played":[0.9836,0.0164],"evs":[0.0,-0.62311]},"J2s":{"weight":0.0,"played":[0.9993,7.0E-4],"evs":[0.0,-1.65905]},"J3s":{"weight":0.0,"played":[0.976,0.024],"evs":[0.0,-1.25477]},"J4s":{"weight":0.0,"played":[0.9583,0.0417],"evs":[0.0,-1.11801]},"J5s":{"weight":0.0,"played":[0.9766,0.0234],"evs":[0.0,-1.36099]},"J6s":{"weight":0.0,"played":[0.9961,0.0039],"evs":[0.0,-1.06911]},"J7s":{"weight":1.0E-4,"played":[0.8175,0.1825],"evs":[0.0,-0.59224]},"J8s":{"weight":0.999,"played":[0.9943,0.0057],"evs":[0.0,-0.27469]},"J9s":{"weight":0.9999,"played":[0.2175,0.7825],"evs":[0.0,0.34787]},"JTs":{"weight":1.0,"played":[0.2785,0.7215],"evs":[0.0,0.57567]},"JJ":{"weight":0.0,"played":[0.0,1.0],"evs":[0.0,4.21647]},"QJo":{"weight":1.0,"played":[0.9987,0.0013],"evs":[0.0,-0.70654]},"KJo":{"weight":7.0E-4,"played":[0.9608,0.0392],"evs":[0.0,-0.60342]},"AJo":{"weight":0.0,"played":[0.7596,0.2404],"evs":[0.0,-0.38059]},"Q2s":{"weight":0.0,"played":[0.9974,0.0026],"evs":[0.0,-0.4323]},"Q3s":{"weight":5.0E-4,"played":[0.998,0.002],"evs":[0.0,-0.9254]},"Q4s":{"weight":0.0011,"played":[0.976,0.024],"evs":[0.0,-1.21829]},"Q5s":{"weight":0.0,"played":[0.9818,0.0182],"evs":[0.0,-0.23768]},"Q6s":{"weight":0.6603,"played":[0.9862,0.0138],"evs":[0.0,-1.25222]},"Q7s":{"weight":0.5213,"played":[0.9976,0.0024],"evs":[0.0,-0.98052]},"Q8s":{"weight":1.0,"played":[0.7293,0.2707],"evs":[0.0,0.0268]},"Q9s":{"weight":1.0,"played":[0.4503,0.5497],"evs":[0.0,-0.00212]},"QTs":{"weight":1.0,"played":[0.0832,0.9168],"evs":[0.0,0.76126]},"QJs":{"weight":0.9868,"played":[0.1863,0.8137],"evs":[0.0,0.11351]},"QQ":{"weight":0.0,"played":[0.0,1.0],"evs":[0.0,6.34883]},"KQo":{"weight":0.0,"played":[0.0388,0.9612],"evs":[0.0,0.09173]},"AQo":{"weight":0.0,"played":[0.0899,0.9101],"evs":[0.0,1.26398]},"K2s":{"weight":0.0116,"played":[0.5066,0.4934],"evs":[0.0,0.08014]},"K3s":{"weight":0.3948,"played":[0.9545,0.0455],"evs":[0.0,-0.53573]},"K4s":{"weight":0.9983,"played":[0.9958,0.0042],"evs":[0.0,-0.7347]},"K5s":{"weight":1.0,"played":[0.9994,6.0E-4],"evs":[0.0,-0.10723]},"K6s":{"weight":1.0,"played":[0.5851,0.4149],"evs":[0.0,-0.07608]},"K7s":{"weight":1.0,"played":[0.1033,0.8967],"evs":[0.0,0.45843]},"K8s":{"weight":0.9999,"played":[0.8883,0.1117],"evs":[0.0,-0.49581]},"K9s":{"weight":0.9997,"played":[0.1883,0.8117],"evs":[0.0,0.56691]},"KTs":{"weight":0.0034,"played":[0.1425,0.8575],"evs":[0.0,0.76243]},"KJs":{"weight":0.0,"played":[0.0023,0.9977],"evs":[0.0,0.7464]},"KQs":{"weight":0.0,"played":[0.0028,0.9972],"evs":[0.0,1.5628]},"KK":{"weight":0.0,"played":[0.0,1.0],"evs":[0.0,9.12244]},"AKo":{"weight":0.0,"played":[2.0E-4,0.9998],"evs":[0.0,2.23724]},"A2s":{"weight":0.9992,"played":[0.9995,5.0E-4],"evs":[0.0,-1.45858]},"A3s":{"weight":0.5851,"played":[0.9975,0.0025],"evs":[0.0,-1.48349]},"A4s":{"weight":8.0E-4,"played":[0.9834,0.0166],"evs":[0.0,-1.4335]},"A5s":{"weight":0.0,"played":[0.9991,9.0E-4],"evs":[0.0,-0.84564]},"A6s":{"weight":0.0,"played":[0.9753,0.0247],"evs":[0.0,-0.92706]},"A7s":{"weight":1.0E-4,"played":[0.9963,0.0037],"evs":[0.0,-1.23888]},"A8s":{"weight":0.0,"played":[0.9663,0.0337],"evs":[0.0,-0.47845]},"A9s":{"weight":0.0,"played":[0.1386,0.8614],"evs":[0.0,0.03015]},"ATs":{"weight":0.0,"played":[0.6191,0.3809],"evs":[0.0,-0.08802]},"AJs":{"weight":0.0,"played":[0.009,0.991],"evs":[0.0,0.88461]},"AQs":{"weight":0.0,"played":[0.0019,0.9981],"evs":[0.0,2.19113]},"AKs":{"weight":0.0,"played":[0.007,0.993],"evs":[0.0,3.22469]},"AA":{"weight":0.0,"played":[0.0,1.0],"evs":[0.0,12.64758]}}}