{"player":2,"street":0,"children":2,"sequence":[{"player":0,"type":"R","amount":200000,"street":0},{"player":1,"type":"F","amount":0,"street":0},{"player":2,"type":"C","amount":200000,"street":0},{"player":3,"type":"R","amount":2985000,"street":0},{"player":4,"type":"C","amount":1035000,"street":0},{"player":5,"type":"C","amount":2135000,"street":0},{"player":0,"type":"F","amount":0,"street":0}],"actions":[{"type":"F","amount":0},{"type":"C","amount":2785000}],"hands":{"22":{"weight":1.0,"played":[0.9789,0.0211],"evs":[0.0,-4.1394]},"32o":{"weight":0.0,"played":[0.9976,0.0024],"evs":[0.0,-8.60345]},"42o":{"weight":0.0,"played":[0.9996,4.0E-4],"evs":[0.0,-7.1823]},"52o":{"weight":0.0,"played":[0.9998,2.0E-4],"evs":[0.0,-5.88745]},"62o":{"weight":0.0,"played":[0.9999,1.0E-4],"evs":[0.0,-8.01592]},"72o":{"weight":0.0,"played":[0.9979,0.0021],"evs":[0.0,-7.5971]},"82o":{"weight":0.0,"played":[0.9999,1.0E-4],"evs":[0.0,-9.68223]},"92o":{"weight":0.0,"played":[1.0,0.0],"evs":[0.0,-9.92592]},"T2o":{"weight":0.0,"played":[1.0,0.0],"evs":[0.0,-8.31112]},"J2o":{"weight":0.0,"played":[0.9968,0.0032],"evs":[0.0,-9.12294]},"Q2o":{"weight":0.0,"played":[0.999,0.001],"evs":[0.0,-6.33083]},"K2o":{"weight":0.0,"played":[1.0,0.0],"evs":[0.0,-7.80872]},"A2o":{"weight":0.0,"played":[0.9976,0.0024],"evs":[0.0,-5.78821]},"32s":{"weight":0.0,"played":[0.9942,0.0058],"evs":[0.0,-4.3801]},"33":{"weight":0.5978,"played":[0.9927,0.0073],"evs":[0.0,-3.5756]},"43o":{"weight":0.0,"played":[0.9549,0.0451],"evs":[0.0,-4.23127]},"53o":{"weight":0.0,"played":[0.9992,8.0E-4],"evs":[0.0,-7.44246]},"63o":{"weight":0.0,"played":[0.9996,4.0E-4],"evs":[0.0,-7.37903]},"73o":{"weight":0.0,"played":[0.9996,4.0E-4],"evs":[0.0,-6.98947]},"83o":{"weight":0.0,"played":[0.9985,0.0015],"evs":[0.0,-7.4542]},"93o":{"weight":0.0,"played":[0.9999,1.0E-4],"evs":[0.0,-9.75431]},"T3o":{"weight":0.0,"played":[0.9998,2.0E-4],"evs":[0.0,-8.57767]},"J3o":{"weight":0.0,"played":[0.9989,0.0011],"evs":[0.0,-8.08966]},"Q3o":{"weight":0.0,"played":[0.9982,0.0018],"evs":[0.0,-7.65217]},"K3o":{"weight":0.0,"played":[1.0,0.0],"evs":[0.0,-8.62471]},"A3o":{"weight":0.0,"played":[0.9972,0.0028],"evs":[0.0,-6.67628]},"42s":{"weight":0.0,"played":[0.9986,0.0014],"evs":[0.0,-4.84317]},"43s":{"weight":0.0,"played":[0.6848,0.3152],"evs":[0.0,-0.15869]},"44":{"weight":0.9003,"played":[0.6267,0.3733],"evs":[0.0,-2.06554]},"54o":{"weight":0.0,"played":[0.9999,1.0E-4],"evs":[0.0,-3.98414]},"64o":{"weight":0.0,"played":[1.0,0.0],"evs":[0.0,-5.74156]},"74o":{"weight":0.0,"played":[0.9987,0.0013],"evs":[0.0,-5.14839]},"84o":{"weight":0.0,"played":[0.9997,3.0E-4],"evs":[0.0,-8.3031]},"94o":{"weight":0.0,"played":[0.9984,0.0016],"evs":[0.0,-9.47251]},"T4o":{"weight":0.0,"played":[0.9991,9.0E-4],"evs":[0.0,-7.93986]},"J4o":{"weight":0.0,"played":[0.9996,4.0E-4],"evs":[0.0,-7.09958]},"Q4o":{"weight":0.0,"played":[0.9986,0.0014],"evs":[0.0,-5.71402]},"K4o":{"weight":0.0,"played":[0.9963,0.0037],"evs":[0.0,-6.46137]},"A4o":{"weight":0.0,"played":[0.9832,0.0168],"evs":[0.0,-6.03433]},"52s":{"weight":0.0,"played":[0.994,0.006],"evs":[0.0,-6.08099]},"53s":{"weight":0.0,"played":[0.9711,0.0289],"evs":[0.0,-5.01136]},"54s":{"weight":0.9999,"played":[0.9946,0.0054],"evs":[0.0,-2.664]},"55":{"weight":0.966,"played":[0.9337,0.0663],"evs":[0.0,-2.96733]},"65o":{"weight":0.0,"played":[0.9992,8.0E-4],"evs":[0.0,-4.12003]},"75o":{"weight":0.0,"played":[0.9996,4.0E-4],"evs":[0.0,-5.21144]},"85o":{"weight":0.0,"played":[0.9987,0.0013],"evs":[0.0,-5.63913]},"95o":{"weight":0.0,"played":[1.0,0.0],"evs":[0.0,-9.37296]},"T5o":{"weight":0.0,"played":[1.0,0.0],"evs":[0.0,-7.91641]},"J5o":{"weight":0.0,"played":[1.0,0.0],"evs":[0.0,-7.64962]},"Q5o":{"weight":0.0,"played":[0.9996,4.0E-4],"evs":[0.0,-6.85543]},"K5o":{"weight":0.0,"played":[0.9997,3.0E-4],"evs":[0.0,-7.19748]},"A5o":{"weight":0.0,"played":[0.9924,0.0076],"evs":[0.0,-4.79246]},"62s":{"weight":0.0,"played":[0.9926,0.0074],"evs":[0.0,-3.24048]},"63s":{"weight":0.0,"played":[0.9996,4.0E-4],"evs":[0.0,-5.03489]},"64s":{"weight":0.0047,"played":[0.8695,0.1305],"evs":[0.0,-1.84066]},"65s":{"weight":0.9997,"played":[0.5663,0.4337],"evs":[0.0,-2.62551]},"66":{"weight":0.9338,"played":[0.6755,0.3245],"evs":[0.0,-0.52232]},"76o":{"weight":0.0,"played":[0.9997,3.0E-4],"evs":[0.0,-5.50231]},"86o":{"weight":0.0,"played":[0.9998,2.0E-4],"evs":[0.0,-5.2117]},"96o":{"weight":0.0,"played":[0.9997,3.0E-4],"evs":[0.0,-8.26429]},"T6o":{"weight":0.0,"played":[0.9997,3.0E-4],"evs":[0.0,-6.78407]},"J6o":{"weight":0.0,"played":[0.9974,0.0026],"evs":[0.0,-7.89442]},"Q6o":{"weight":0.0,"played":[1.0,0.0],"evs":[0.0,-4.96896]},"K6o":{"weight":0.0,"played":[0.9804,0.0196],"evs":[0.0,-8.53596]},"A6o":{"weight":0.0,"played":[0.9997,3.0E-4],"evs":[0.0,-6.54122]},"72s":{"weight":0.0,"played":[0.9999,1.0E-4],"evs":[0.0,-7.83894]},"73s":{"weight":0.0,"played":[0.988,0.012],"evs":[0.0,-6.83335]},"74s":{"weight":0.0,"played":[0.9716,0.0284],"evs":[0.0,-3.92015]},"75s":{"weight":0.0168,"played":[0.9972,0.0028],"evs":[0.0,-5.09121]},"76s":{"weight":1.0,"played":[0.9934,0.0066],"evs":[0.0,-2.5538]},"77":{"weight":0.9683,"played":[0.656,0.344],"evs":[0.0,-0.04988]},"87o":{"weight":0.0,"played":[0.9999,1.0E-4],"evs":[0.0,-4.94076]},"97o":{"weight":0.0,"played":[1.0,0.0],"evs":[0.0,-8.00541]},"T7o":{"weight":0.0,"played":[0.9976,0.0024],"evs":[0.0,-6.42591]},"J7o":{"weight":0.0,"played":[0.9948,0.0052],"evs":[0.0,-9.95339]},"Q7o":{"weight":0.0,"played":[0.9999,1.0E-4],"evs":[0.0,-6.31338]},"K7o":{"weight":0.0,"played":[0.9996,4.0E-4],"evs":[0.0,-7.54886]},"A7o":{"weight":0.0,"played":[0.9856,0.0144],"evs":[0.0,-6.45038]},"82s":{"weight":0.0,"played":[0.9987,0.0013],"evs":[0.0,-4.90717]},"83s":{"weight":0.0,"played":[0.9936,0.0064],"evs":[0.0,-6.74128]},"84s":{"weight":0.0,"played":[0.7006,0.2994],"evs":[0.0,-2.04024]},"85s":{"weight":0.0,"played":[0.9923,0.0077],"evs":[0.0,-3.57867]},"86s":{"weight":0.2847,"played":[0.9944,0.0056],"evs":[0.0,-2.24076]},"87s":{"weight":0.98,"played":[0.9861,0.0139],"evs":[0.0,-2.9745]},"88":{"weight":0.8938,"played":[0.7238,0.2762],"evs":[0.0,-0.9243]},"98o":{"weight":0.0,"played":[0.9979,0.0021],"evs":[0.0,-7.20246]},"T8o":{"weight":0.0,"played":[0.994,0.006],"evs":[0.0,-4.31701]},"J8o":{"weight":0.0,"played":[0.9997,3.0E-4],"evs":[0.0,-6.89269]},"Q8o":{"weight":0.0,"played":[0.9959,0.0041],"evs":[0.0,-6.93663]},"K8o":{"weight":0.0,"played":[0.9997,3.0E-4],"evs":[0.0,-7.25994]},"A8o":{"weight":0.0,"played":[0.996,0.004],"evs":[0.0,-6.9335]},"92s":{"weight":0.0,"played":[0.9932,0.0068],"evs":[0.0,-8.35672]},"93s":{"weight":0.0,"played":[0.9896,0.0104],"evs":[0.0,-4.36525]},"94s":{"weight":0.0,"played":[0.9984,0.0016],"evs":[0.0,-5.1355]},"95s":{"weight":0.0,"played":[0.9901,0.0099],"evs":[0.0,-6.97598]},"96s":{"weight":2.0E-4,"played":[0.9946,0.0054],"evs":[0.0,-6.95469]},"97s":{"weight":0.967,"played":[0.9892,0.0108],"evs":[0.0,-3.40027]},"98s":{"weight":0.9999,"played":[0.8709,0.1291],"evs":[0.0,-3.25975]},"99":{"weight":0.0059,"played":[0.1724,0.8276],"evs":[0.0,0.78758]},"T9o":{"weight":0.0,"played":[0.9941,0.0059],"evs":[0.0,-5.77034]},"J9o":{"weight":0.0,"played":[0.9895,0.0105],"evs":[0.0,-5.93679]},"Q9o":{"weight":0.0,"played":[0.9761,0.0239],"evs":[0.0,-7.04388]},"K9o":{"weight":0.0,"played":[0.9989,0.0011],"evs":[0.0,-6.42995]},"A9o":{"weight":2.0E-4,"played":[0.9997,3.0E-4],"evs":[0.0,-7.46088]},"T2s":{"weight":0.0,"played":[0.9901,0.0099],"evs":[0.0,-8.49479]},"T3s":{"weight":0.0,"played":[0.9943,0.0057],"evs":[0.0,-7.14263]},"T4s":{"weight":0.0,"played":[0.9905,0.0095],"evs":[0.0,-5.27228]},"T5s":{"weight":0.0,"played":[0.984,0.016],"evs":[0.0,-4.78126]},"T6s":{"weight":0.0,"played":[0.9983,0.0017],"evs":[0.0,-4.16623]},"T7s":{"weight":0.3304,"played":[0.7985,0.2015],"evs":[0.0,-3.44534]},"T8s":{"weight":0.999,"played":[0.9501,0.0499],"evs":[0.0,-6.79122]},"T9s":{"weight":0.9995,"played":[0.9744,0.0256],"evs":[0.0,-3.97724]},"TT":{"weight":1.0E-4,"played":[4.0E-4,0.9996],"evs":[0.0,4.90532]},"JTo":{"weight":0.0,"played":[0.9987,0.0013],"evs":[0.0,-4.08608]},"QTo":{"weight":0.0,"played":[0.9786,0.0214],"evs":[0.0,-1.64947]},"KTo":{"weight":5.0E-4,"played":[0.9985,0.0015],"evs":[0.0,-6.70764]},"ATo":{"weight":0.6157,"played":[0.9962,0.0038],"evs":[0.0,-6.55334]},"J2s":{"weight":0.0,"played":[0.8217,0.1783],"evs":[0.0,-6.66186]},"J3s":{"weight":0.0,"played":[0.9981,0.0019],"evs":[0.0,-5.57703]},"J4s":{"weight":0.0,"played":[0.9566,0.0434],"evs":[0.0,-5.31469]},"J5s":{"weight":0.0,"played":[0.9635,0.0365],"evs":[0.0,-5.71516]},"J6s":{"weight":0.0,"played":[0.9569,0.0431],"evs":[0.0,-5.65569]},"J7s":{"weight":1.0E-4,"played":[0.8966,0.1034],"evs":[0.0,-4.06928]},"J8s":{"weight":0.9935,"played":[0.9989,0.0011],"evs":[0.0,-2.55125]},"J9s":{"weight":1.0,"played":[0.8662,0.1338],"evs":[0.0,-5.22629]},"JTs":{"weight":0.4368,"played":[0.9373,0.0627],"evs":[0.0,-5.02335]},"JJ":{"weight":0.0594,"played":[0.0034,0.9966],"evs":[0.0,9.59854]},"QJo":{"weight":0.8103,"played":[0.9967,0.0033],"evs":[0.0,-5.65422]},"KJo":{"weight":0.9363,"played":[0.999,0.001],"evs":[0.0,-4.7239]},"AJo":{"weight":0.9889,"played":[0.9978,0.0022],"evs":[0.0,-4.35843]},"Q2s":{"weight":0.0,"played":[1.0,0.0],"evs":[0.0,-4.68083]},"Q3s":{"weight":0.0,"played":[1.0,0.0],"evs":[0.0,-7.94811]},"Q4s":{"weight":0.0,"played":[0.9664,0.0336],"evs":[0.0,-3.6875]},"Q5s":{"weight":0.0,"played":[0.3941,0.6059],"evs":[0.0,0.04081]},"Q6s":{"weight":0.0,"played":[0.9962,0.0038],"evs":[0.0,-5.97652]},"Q7s":{"weight":1.0E-4,"played":[0.9999,1.0E-4],"evs":[0.0,-4.14324]},"Q8s":{"weight":0.4673,"played":[0.9507,0.0493],"evs":[0.0,-2.78119]},"Q9s":{"weight":0.854,"played":[1.0,0.0],"evs":[0.0,-5.68399]},"QTs":{"weight":0.455,"played":[0.9702,0.0298],"evs":[0.0,-6.10525]},"QJs":{"weight":0.0879,"played":[0.9719,0.0281],"evs":[0.0,-3.37708]},"QQ":{"weight":0.2308,"played":[0.0,1.0],"evs":[0.0,12.51451]},"KQo":{"weight":0.967,"played":[0.9238,0.0762],"evs":[0.0,-2.86258]},"AQo":{"weight":0.2386,"played":[0.285,0.715],"evs":[0.0,0.14482]},"K2s":{"weight":0.0,"played":[0.7701,0.2299],"evs":[0.0,-3.69885]},"K3s":{"weight":0.0,"played":[0.962,0.038],"evs":[0.0,-3.6805]},"K4s":{"weight":2.0E-4,"played":[0.9719,0.0281],"evs":[0.0,-5.74136]},"K5s":{"weight":0.0734,"played":[0.9999,1.0E-4],"evs":[0.0,-3.9343]},"K6s":{"weight":0.0299,"played":[0.9474,0.0526],"evs":[0.0,-6.32037]},"K7s":{"weight":0.4059,"played":[0.8343,0.1657],"evs":[0.0,-1.94208]},"K8s":{"weight":0.7968,"played":[0.996,0.004],"evs":[0.0,-5.65034]},"K9s":{"weight":0.9351,"played":[0.8441,0.1559],"evs":[0.0,-2.62894]},"KTs":{"weight":0.8114,"played":[0.73,0.27],"evs":[0.0,-2.58615]},"KJs":{"weight":0.0151,"played":[0.9046,0.0954],"evs":[0.0,-4.74881]},"KQs":{"weight":0.9977,"played":[0.6691,0.3309],"evs":[0.0,-0.74537]},"KK":{"weight":0.6899,"played":[1.0E-4,0.9999],"evs":[0.0,15.43386]},"AKo":{"weight":0.0,"played":[0.4359,0.5641],"evs":[0.0,0.79353]},"A2s":{"weight":0.9911,"played":[0.9074,0.0926],"evs":[0.0,-3.98631]},"A3s":{"weight":0.9676,"played":[0.9971,0.0029],"evs":[0.0,-5.55698]},"A4s":{"weight":0.4321,"played":[0.996,0.004],"evs":[0.0,-1.94767]},"A5s":{"weight":0.2332,"played":[0.9749,0.0251],"evs":[0.0,-3.27898]},"A6s":{"weight":0.7584,"played":[0.9899,0.0101],"evs":[0.0,-4.30051]},"A7s":{"weight":0.9064,"played":[0.9985,0.0015],"evs":[0.0,-4.14086]},"A8s":{"weight":0.9825,"played":[0.8334,0.1666],"evs":[0.0,-4.12908]},"A9s":{"weight":0.9999,"played":[0.9374,0.0626],"evs":[0.0,-3.32267]},"ATs":{"weight":1.0,"played":[0.9387,0.0613],"evs":[0.0,-1.77703]},"AJs":{"weight":0.9996,"played":[0.9577,0.0423],"evs":[0.0,-2.6167]},"AQs":{"weight":1.0,"played":[0.1094,0.8906],"evs":[0.0,1.33824]},"AKs":{"weight":3.0E-4,"played":[0.041,0.959],"evs":[0.0,3.28912]},"AA":{"weight":0.4828,"played":[0.0,1.0],"evs":[0.0,27.68174]}}}