{"player":2,"street":0,"children":2,"sequence":[{"player":0,"type":"F","amount":0,"street":0},{"player":1,"type":"F","amount":0,"street":0},{"player":2,"type":"R","amount":200000,"street":0},{"player":3,"type":"C","amount":200000,"street":0},{"player":4,"type":"C","amount":150000,"street":0},{"player":5,"type":"R","amount":2235000,"street":0},{"player":2,"type":"C","amount":2035000,"street":0},{"player":3,"type":"R","amount":3645000,"street":0},{"player":4,"type":"F","amount":0,"street":0}],"actions":[{"type":"F","amount":0},{"type":"C","amount":750000}],"hands":{"22":{"weight":2.0E-4,"played":[0.0,1.0],"evs":[0.0,11.68961]},"32o":{"weight":0.0,"played":[0.0,1.0],"evs":[0.0,7.03603]},"42o":{"weight":0.0,"played":[0.0,1.0],"evs":[0.0,5.78379]},"52o":{"weight":0.0,"played":[1.0E-4,0.9999],"evs":[0.0,6.56481]},"62o":{"weight":0.0,"played":[2.0E-4,0.9998],"evs":[0.0,7.38806]},"72o":{"weight":0.0,"played":[0.0,1.0],"evs":[0.0,5.95848]},"82o":{"weight":0.0,"played":[0.0,1.0],"evs":[0.0,6.82934]},"92o":{"weight":0.0,"played":[0.0,1.0],"evs":[0.0,7.21972]},"T2o":{"weight":0.0,"played":[0.0,1.0],"evs":[0.0,5.75509]},"J2o":{"weight":0.0,"played":[1.0E-4,0.9999],"evs":[0.0,5.53321]},"Q2o":{"weight":0.0,"played":[0.0,1.0],"evs":[0.0,7.03424]},"K2o":{"weight":0.0,"played":[0.0,1.0],"evs":[0.0,8.23178]},"A2o":{"weight":0.0,"played":[0.0,1.0],"evs":[0.0,7.13195]},"32s":{"weight":0.0,"played":[0.0,1.0],"evs":[0.0,8.09394]},"33":{"weight":0.6958,"played":[0.0,1.0],"evs":[0.0,11.75486]},"43o":{"weight":0.0,"played":[0.0,1.0],"evs":[0.0,7.04844]},"53o":{"weight":0.0,"played":[0.0,1.0],"evs":[0.0,8.07785]},"63o":{"weight":0.0,"played":[0.0,1.0],"evs":[0.0,6.90465]},"73o":{"weight":0.0,"played":[0.0,1.0],"evs":[0.0,6.35988]},"83o":{"weight":0.0,"played":[0.0,1.0],"evs":[0.0,6.39863]},"93o":{"weight":0.0,"played":[0.0,1.0],"evs":[0.0,6.58476]},"T3o":{"weight":0.0,"played":[0.0,1.0],"evs":[0.0,6.16624]},"J3o":{"weight":0.0,"played":[1.0E-4,0.9999],"evs":[0.0,5.71673]},"Q3o":{"weight":0.0,"played":[0.0,1.0],"evs":[0.0,6.78984]},"K3o":{"weight":0.0,"played":[0.0,1.0],"evs":[0.0,7.73819]},"A3o":{"weight":0.0,"played":[0.0,1.0],"evs":[0.0,8.03504]},"42s":{"weight":0.0,"played":[0.0,1.0],"evs":[0.0,8.26423]},"43s":{"weight":0.0,"played":[1.0E-4,0.9999],"evs":[0.0,8.59922]},"44":{"weight":0.216,"played":[0.0,1.0],"evs":[0.0,11.62245]},"54o":{"weight":0.0,"played":[0.0,1.0],"evs":[0.0,9.99989]},"64o":{"weight":0.0,"played":[0.0,1.0],"evs":[0.0,8.29141]},"74o":{"weight":0.0,"played":[0.0,1.0],"evs":[0.0,8.26707]},"84o":{"weight":0.0,"played":[0.0,1.0],"evs":[0.0,7.13267]},"94o":{"weight":0.0,"played":[0.0,1.0],"evs":[0.0,6.51683]},"T4o":{"weight":0.0,"played":[0.0,1.0],"evs":[0.0,6.32909]},"J4o":{"weight":0.0,"played":[3.0E-4,0.9997],"evs":[0.0,6.44462]},"Q4o":{"weight":0.0,"played":[0.0,1.0],"evs":[0.0,7.15408]},"K4o":{"weight":0.0,"played":[0.0,1.0],"evs":[0.0,8.0599]},"A4o":{"weight":0.0,"played":[0.0,1.0],"evs":[0.0,7.85217]},"52s":{"weight":0.0,"played":[0.0,1.0],"evs":[0.0,7.68017]},"53s":{"weight":0.0,"played":[0.0,1.0],"evs":[0.0,9.19252]},"54s":{"weight":0.0,"played":[0.0,1.0],"evs":[0.0,10.57241]},"55":{"weight":0.9935,"played":[0.0,1.0],"evs":[0.0,13.02122]},"65o":{"weight":0.0,"played":[0.0,1.0],"evs":[0.0,8.76435]},"75o":{"weight":0.0,"played":[1.0E-4,0.9999],"evs":[0.0,7.86093]},"85o":{"weight":0.0,"played":[1.0E-4,0.9999],"evs":[0.0,9.0621]},"95o":{"weight":0.0,"played":[0.0,1.0],"evs":[0.0,7.05916]},"T5o":{"weight":0.0,"played":[1.0E-4,0.9999],"evs":[0.0,6.61]},"J5o":{"weight":0.0,"played":[0.0,1.0],"evs":[0.0,6.19849]},"Q5o":{"weight":0.0,"played":[0.0,1.0],"evs":[0.0,7.40258]},"K5o":{"weight":0.0,"played":[0.0,1.0],"evs":[0.0,8.71178]},"A5o":{"weight":0.0,"played":[0.0,1.0],"evs":[0.0,8.81061]},"62s":{"weight":0.0,"played":[1.0E-4,0.9999],"evs":[0.0,4.96257]},"63s":{"weight":0.0,"played":[0.0,1.0],"evs":[0.0,8.93391]},"64s":{"weight":0.0,"played":[0.0,1.0],"evs":[0.0,9.44024]},"65s":{"weight":7.0E-4,"played":[0.0,1.0],"evs":[0.0,11.91869]},"66":{"weight":0.8849,"played":[0.0,1.0],"evs":[0.0,15.33731]},"76o":{"weight":0.0,"played":[0.0,1.0],"evs":[0.0,10.12135]},"86o":{"weight":0.0,"played":[0.0,1.0],"evs":[0.0,9.30342]},"96o":{"weight":0.0,"played":[0.0,1.0],"evs":[0.0,9.59734]},"T6o":{"weight":0.0,"played":[0.0,1.0],"evs":[0.0,7.99407]},"J6o":{"weight":0.0,"played":[0.0,1.0],"evs":[0.0,7.31371]},"Q6o":{"weight":0.0,"played":[0.0,1.0],"evs":[0.0,8.82217]},"K6o":{"weight":0.0,"played":[0.0,1.0],"evs":[0.0,9.3205]},"A6o":{"weight":0.0,"played":[0.0,1.0],"evs":[0.0,9.1089]},"72s":{"weight":0.0,"played":[4.0E-4,0.9996],"evs":[0.0,7.38304]},"73s":{"weight":0.0,"played":[1.0E-4,0.9999],"evs":[0.0,8.93667]},"74s":{"weight":0.0,"played":[1.0E-4,0.9999],"evs":[0.0,8.95236]},"75s":{"weight":2.0E-4,"played":[1.0E-4,0.9999],"evs":[0.0,11.09643]},"76s":{"weight":1.0E-4,"played":[0.0,1.0],"evs":[0.0,11.62553]},"77":{"weight":0.4973,"played":[0.0,1.0],"evs":[0.0,17.70912]},"87o":{"weight":0.0,"played":[0.0,1.0],"evs":[0.0,10.17237]},"97o":{"weight":0.0,"played":[0.0,1.0],"evs":[0.0,10.50267]},"T7o":{"weight":0.0,"played":[0.0,1.0],"evs":[0.0,9.42595]},"J7o":{"weight":0.0,"played":[0.0,1.0],"evs":[0.0,8.02909]},"Q7o":{"weight":0.0,"played":[0.0,1.0],"evs":[0.0,9.61215]},"K7o":{"weight":0.0,"played":[0.0,1.0],"evs":[0.0,9.50777]},"A7o":{"weight":0.0,"played":[0.0,1.0],"evs":[0.0,9.30512]},"82s":{"weight":0.0,"played":[1.0E-4,0.9999],"evs":[0.0,7.87211]},"83s":{"weight":0.0,"played":[0.0,1.0],"evs":[0.0,8.93018]},"84s":{"weight":0.0,"played":[0.0,1.0],"evs":[0.0,10.23217]},"85s":{"weight":0.0,"played":[0.0,1.0],"evs":[0.0,10.14064]},"86s":{"weight":0.0,"played":[0.0,1.0],"evs":[0.0,11.84899]},"87s":{"weight":2.0E-4,"played":[0.0,1.0],"evs":[0.0,11.83306]},"88":{"weight":0.3938,"played":[0.0,1.0],"evs":[0.0,19.00485]},"98o":{"weight":0.0,"played":[0.0,1.0],"evs":[0.0,10.98165]},"T8o":{"weight":0.0,"played":[0.0,1.0],"evs":[0.0,10.01173]},"J8o":{"weight":0.0,"played":[0.0,1.0],"evs":[0.0,9.79284]},"Q8o":{"weight":0.0,"played":[1.0E-4,0.9999],"evs":[0.0,9.48313]},"K8o":{"weight":0.0,"played":[0.0,1.0],"evs":[0.0,9.3517]},"A8o":{"weight":0.0,"played":[0.0,1.0],"evs":[0.0,10.63723]},"92s":{"weight":0.0,"played":[0.0,1.0],"evs":[0.0,8.30969]},"93s":{"weight":0.0,"played":[0.0,1.0],"evs":[0.0,9.87144]},"94s":{"weight":0.0,"played":[3.0E-4,0.9997],"evs":[0.0,7.80051]},"95s":{"weight":0.0,"played":[0.0,1.0],"evs":[0.0,9.60471]},"96s":{"weight":0.0,"played":[0.0,1.0],"evs":[0.0,11.55069]},"97s":{"weight":0.01,"played":[0.0,1.0],"evs":[0.0,11.59438]},"98s":{"weight":3.0E-4,"played":[0.0,1.0],"evs":[0.0,14.17406]},"99":{"weight":0.5569,"played":[0.0,1.0],"evs":[0.0,19.97563]},"T9o":{"weight":0.0,"played":[0.0,1.0],"evs":[0.0,10.756]},"J9o":{"weight":0.0,"played":[0.0,1.0],"evs":[0.0,10.00135]},"Q9o":{"weight":0.0,"played":[0.0,1.0],"evs":[0.0,11.01077]},"K9o":{"weight":0.0,"played":[0.0,1.0],"evs":[0.0,9.7681]},"A9o":{"weight":2.0E-4,"played":[0.0,1.0],"evs":[0.0,10.36853]},"T2s":{"weight":0.0,"played":[0.0011,0.9989],"evs":[0.0,9.37759]},"T3s":{"weight":0.0,"played":[0.0,1.0],"evs":[0.0,10.74419]},"T4s":{"weight":0.0,"played":[0.0,1.0],"evs":[0.0,9.45579]},"T5s":{"weight":0.0,"played":[0.0,1.0],"evs":[0.0,8.64735]},"T6s":{"weight":0.0,"played":[0.0,1.0],"evs":[0.0,8.97637]},"T7s":{"weight":5.0E-4,"played":[0.0,1.0],"evs":[0.0,12.65424]},"T8s":{"weight":0.0,"played":[1.0E-4,0.9999],"evs":[0.0,13.02893]},"T9s":{"weight":0.0049,"played":[0.0,1.0],"evs":[0.0,13.03574]},"TT":{"weight":0.4338,"played":[0.0,1.0],"evs":[0.0,22.31211]},"JTo":{"weight":0.0,"played":[0.0,1.0],"evs":[0.0,10.89431]},"QTo":{"weight":0.0,"played":[0.0,1.0],"evs":[0.0,11.55191]},"KTo":{"weight":0.0,"played":[0.0,1.0],"evs":[0.0,12.04704]},"ATo":{"weight":0.5255,"played":[0.0,1.0],"evs":[0.0,12.28812]},"J2s":{"weight":0.0,"played":[0.0,1.0],"evs":[0.0,8.24249]},"J3s":{"weight":0.0,"played":[0.0,1.0],"evs":[0.0,8.01103]},"J4s":{"weight":0.0,"played":[1.0E-4,0.9999],"evs":[0.0,8.76348]},"J5s":{"weight":0.0,"played":[3.0E-4,0.9997],"evs":[0.0,7.8282]},"J6s":{"weight":0.0,"played":[0.0,1.0],"evs":[0.0,9.85404]},"J7s":{"weight":0.0,"played":[0.0,1.0],"evs":[0.0,10.25722]},"J8s":{"weight":0.0,"played":[0.0,1.0],"evs":[0.0,10.92733]},"J9s":{"weight":2.0E-4,"played":[0.0,1.0],"evs":[0.0,12.3984]},"JTs":{"weight":0.6417,"played":[0.0,1.0],"evs":[0.0,12.85521]},"JJ":{"weight":0.5616,"played":[0.0,1.0],"evs":[0.0,23.74018]},"QJo":{"weight":6.0E-4,"played":[0.0,1.0],"evs":[0.0,9.99868]},"KJo":{"weight":0.0,"played":[0.0,1.0],"evs":[0.0,11.03327]},"AJo":{"weight":0.9269,"played":[0.0,1.0],"evs":[0.0,15.14857]},"Q2s":{"weight":0.0,"played":[1.0E-4,0.9999],"evs":[0.0,8.71039]},"Q3s":{"weight":0.0,"played":[0.0,1.0],"evs":[0.0,12.15759]},"Q4s":{"weight":0.0,"played":[0.0,1.0],"evs":[0.0,11.71938]},"Q5s":{"weight":0.0,"played":[0.0,1.0],"evs":[0.0,9.07796]},"Q6s":{"weight":0.0,"played":[0.0,1.0],"evs":[0.0,9.30791]},"Q7s":{"weight":0.0,"played":[0.0,1.0],"evs":[0.0,10.01117]},"Q8s":{"weight":0.0,"played":[0.0,1.0],"evs":[0.0,10.884]},"Q9s":{"weight":0.0,"played":[0.0,1.0],"evs":[0.0,11.67496]},"QTs":{"weight":0.066,"played":[0.0,1.0],"evs":[0.0,13.80701]},"QJs":{"weight":0.2343,"played":[0.0,1.0],"evs":[0.0,11.53783]},"QQ":{"weight":0.3888,"played":[0.0,1.0],"evs":[0.0,27.56122]},"KQo":{"weight":0.6138,"played":[0.0,1.0],"evs":[0.0,13.62425]},"AQo":{"weight":0.6162,"played":[0.0,1.0],"evs":[0.0,17.7747]},"K2s":{"weight":0.0,"played":[1.0E-4,0.9999],"evs":[0.0,9.34208]},"K3s":{"weight":0.0,"played":[0.0,1.0],"evs":[0.0,9.59754]},"K4s":{"weight":0.0,"played":[0.0,1.0],"evs":[0.0,10.62914]},"K5s":{"weight":0.0,"played":[0.0,1.0],"evs":[0.0,11.42585]},"K6s":{"weight":1.0E-4,"played":[0.0,1.0],"evs":[0.0,11.6629]},"K7s":{"weight":0.0024,"played":[0.0,1.0],"evs":[0.0,11.41284]},"K8s":{"weight":0.0,"played":[0.0,1.0],"evs":[0.0,11.63618]},"K9s":{"weight":1.0E-4,"played":[0.0,1.0],"evs":[0.0,12.74255]},"KTs":{"weight":0.8845,"played":[0.0,1.0],"evs":[0.0,13.95183]},"KJs":{"weight":0.9286,"played":[0.0,1.0],"evs":[0.0,13.35605]},"KQs":{"weight":0.4913,"played":[0.0,1.0],"evs":[0.0,15.88789]},"KK":{"weight":0.6783,"played":[0.0,1.0],"evs":[0.0,32.17882]},"AKo":{"weight":0.4482,"played":[0.0,1.0],"evs":[0.0,20.03375]},"A2s":{"weight":1.0E-4,"played":[0.0,1.0],"evs":[0.0,9.53735]},"A3s":{"weight":0.0,"played":[0.0,1.0],"evs":[0.0,10.5828]},"A4s":{"weight":4.0E-4,"played":[0.0,1.0],"evs":[0.0,8.61641]},"A5s":{"weight":0.0047,"played":[0.0,1.0],"evs":[0.0,10.24331]},"A6s":{"weight":0.0028,"played":[0.0,1.0],"evs":[0.0,10.18856]},"A7s":{"weight":0.1142,"played":[0.0,1.0],"evs":[0.0,13.2299]},"A8s":{"weight":0.7181,"played":[0.0,1.0],"evs":[0.0,11.72542]},"A9s":{"weight":0.2547,"played":[0.0,1.0],"evs":[0.0,12.3031]},"ATs":{"weight":0.859,"played":[0.0,1.0],"evs":[0.0,16.6995]},"AJs":{"weight":0.3823,"played":[0.0,1.0],"evs":[0.0,16.38876]},"AQs":{"weight":0.736,"played":[0.0,1.0],"evs":[0.0,20.15352]},"AKs":{"weight":0.4366,"played":[0.0,1.0],"evs":[0.0,20.52497]},"AA":{"weight":0.7542,"played":[0.0,1.0],"evs":[0.0,37.61721]}}}