{"player":2,"street":0,"children":2,"sequence":[{"player":0,"type":"R","amount":200000,"street":0},{"player":1,"type":"F","amount":0,"street":0},{"player":2,"type":"R","amount":500000,"street":0},{"player":3,"type":"F","amount":0,"street":0},{"player":4,"type":"R","amount":1085000,"street":0},{"player":5,"type":"F","amount":0,"street":0},{"player":0,"type":"F","amount":0,"street":0}],"actions":[{"type":"F","amount":0},{"type":"C","amount":585000}],"hands":{"22":{"weight":0.0,"played":[0.0,1.0],"evs":[0.0,3.32503]},"32o":{"weight":0.0,"played":[0.0,1.0],"evs":[0.0,1.03704]},"42o":{"weight":0.0,"played":[0.0,1.0],"evs":[0.0,1.10038]},"52o":{"weight":0.0,"played":[0.0,1.0],"evs":[0.0,1.19305]},"62o":{"weight":0.0,"played":[0.0,1.0],"evs":[0.0,0.87731]},"72o":{"weight":0.0,"played":[0.0,1.0],"evs":[0.0,0.64245]},"82o":{"weight":0.0,"played":[0.0,1.0],"evs":[0.0,0.92964]},"92o":{"weight":0.0,"played":[0.0,1.0],"evs":[0.0,1.07956]},"T2o":{"weight":0.0,"played":[0.0,1.0],"evs":[0.0,1.13647]},"J2o":{"weight":0.0,"played":[0.0,1.0],"evs":[0.0,1.02196]},"Q2o":{"weight":0.0,"played":[0.0,1.0],"evs":[0.0,1.21102]},"K2o":{"weight":0.0,"played":[0.0,1.0],"evs":[0.0,1.5687]},"A2o":{"weight":0.0,"played":[0.0,1.0],"evs":[0.0,1.76098]},"32s":{"weight":0.0,"played":[0.0,1.0],"evs":[0.0,1.74939]},"33":{"weight":0.0,"played":[0.0,1.0],"evs":[0.0,3.50554]},"43o":{"weight":0.0,"played":[0.0,1.0],"evs":[0.0,1.3641]},"53o":{"weight":0.0,"played":[0.0,1.0],"evs":[0.0,1.51397]},"63o":{"weight":0.0,"played":[0.0,1.0],"evs":[0.0,1.18825]},"73o":{"weight":0.0,"played":[0.0,1.0],"evs":[0.0,0.97863]},"83o":{"weight":0.0,"played":[0.0,1.0],"evs":[0.0,0.93323]},"93o":{"weight":0.0,"played":[0.0,1.0],"evs":[0.0,1.13654]},"T3o":{"weight":0.0,"played":[0.0,1.0],"evs":[0.0,1.16965]},"J3o":{"weight":0.0,"played":[0.0,1.0],"evs":[0.0,1.11706]},"Q3o":{"weight":0.0,"played":[0.0,1.0],"evs":[0.0,1.36986]},"K3o":{"weight":0.0,"played":[0.0,1.0],"evs":[0.0,1.64018]},"A3o":{"weight":0.0,"played":[0.0,1.0],"evs":[0.0,1.8399]},"42s":{"weight":0.0,"played":[0.0,1.0],"evs":[0.0,1.92122]},"43s":{"weight":0.0,"played":[0.0,1.0],"evs":[0.0,2.16583]},"44":{"weight":0.0,"played":[0.0,1.0],"evs":[0.0,3.49051]},"54o":{"weight":0.0,"played":[0.0,1.0],"evs":[0.0,1.7793]},"64o":{"weight":0.0,"played":[0.0,1.0],"evs":[0.0,1.51123]},"74o":{"weight":0.0,"played":[0.0,1.0],"evs":[0.0,1.31953]},"84o":{"weight":0.0,"played":[0.0,1.0],"evs":[0.0,1.22833]},"94o":{"weight":0.0,"played":[0.0,1.0],"evs":[0.0,1.13439]},"T4o":{"weight":0.0,"played":[0.0,1.0],"evs":[0.0,1.23248]},"J4o":{"weight":0.0,"played":[0.0,1.0],"evs":[0.0,1.16482]},"Q4o":{"weight":0.0,"played":[0.0,1.0],"evs":[0.0,1.43039]},"K4o":{"weight":0.0,"played":[0.0,1.0],"evs":[0.0,1.71939]},"A4o":{"weight":0.0,"played":[0.0,1.0],"evs":[0.0,1.86548]},"52s":{"weight":0.0,"played":[0.0,1.0],"evs":[0.0,1.97135]},"53s":{"weight":0.0,"played":[0.0,1.0],"evs":[0.0,2.27193]},"54s":{"weight":0.0,"played":[0.0,1.0],"evs":[0.0,2.45375]},"55":{"weight":0.0335,"played":[0.0,1.0],"evs":[0.0,3.60962]},"65o":{"weight":0.0,"played":[0.0,1.0],"evs":[0.0,1.78686]},"75o":{"weight":0.0,"played":[0.0,1.0],"evs":[0.0,1.59451]},"85o":{"weight":0.0,"played":[0.0,1.0],"evs":[0.0,1.50227]},"95o":{"weight":0.0,"played":[0.0,1.0],"evs":[0.0,1.41411]},"T5o":{"weight":0.0,"played":[0.0,1.0],"evs":[0.0,1.27439]},"J5o":{"weight":0.0,"played":[0.0,1.0],"evs":[0.0,1.24729]},"Q5o":{"weight":0.0,"played":[0.0,1.0],"evs":[0.0,1.53844]},"K5o":{"weight":0.0,"played":[0.0,1.0],"evs":[0.0,1.79872]},"A5o":{"weight":0.0,"played":[0.0,1.0],"evs":[0.0,1.94196]},"62s":{"weight":0.0,"played":[0.0,1.0],"evs":[0.0,1.70798]},"63s":{"weight":0.0,"played":[0.0,1.0],"evs":[0.0,1.93195]},"64s":{"weight":0.0,"played":[0.0,1.0],"evs":[0.0,2.30851]},"65s":{"weight":0.0,"played":[0.0,1.0],"evs":[0.0,2.47235]},"66":{"weight":0.0662,"played":[0.0,1.0],"evs":[0.0,3.71225]},"76o":{"weight":0.0,"played":[0.0,1.0],"evs":[0.0,1.75477]},"86o":{"weight":0.0,"played":[0.0,1.0],"evs":[0.0,1.73561]},"96o":{"weight":0.0,"played":[0.0,1.0],"evs":[0.0,1.61202]},"T6o":{"weight":0.0,"played":[0.0,1.0],"evs":[0.0,1.47846]},"J6o":{"weight":0.0,"played":[0.0,1.0],"evs":[0.0,1.24173]},"Q6o":{"weight":0.0,"played":[0.0,1.0],"evs":[0.0,1.54462]},"K6o":{"weight":0.0,"played":[0.0,1.0],"evs":[0.0,1.84742]},"A6o":{"weight":0.0,"played":[0.0,1.0],"evs":[0.0,1.67844]},"72s":{"weight":0.0,"played":[0.0,1.0],"evs":[0.0,1.43022]},"73s":{"weight":0.0,"played":[0.0,1.0],"evs":[0.0,1.73971]},"74s":{"weight":0.0,"played":[0.0,1.0],"evs":[0.0,2.06539]},"75s":{"weight":0.0,"played":[0.0,1.0],"evs":[0.0,2.30241]},"76s":{"weight":0.0,"played":[0.0,1.0],"evs":[0.0,2.56732]},"77":{"weight":0.0309,"played":[0.0,1.0],"evs":[0.0,4.1441]},"87o":{"weight":0.0,"played":[0.0,1.0],"evs":[0.0,1.96649]},"97o":{"weight":0.0,"played":[0.0,1.0],"evs":[0.0,1.88134]},"T7o":{"weight":0.0,"played":[0.0,1.0],"evs":[0.0,1.7222]},"J7o":{"weight":0.0,"played":[0.0,1.0],"evs":[0.0,1.46645]},"Q7o":{"weight":0.0,"played":[0.0,1.0],"evs":[0.0,1.48275]},"K7o":{"weight":0.0,"played":[0.0,1.0],"evs":[0.0,1.86211]},"A7o":{"weight":0.0,"played":[0.0,1.0],"evs":[0.0,1.73883]},"82s":{"weight":0.0,"played":[0.0,1.0],"evs":[0.0,1.74472]},"83s":{"weight":0.0,"played":[0.0,1.0],"evs":[0.0,1.61121]},"84s":{"weight":0.0,"played":[0.0,1.0],"evs":[0.0,1.90425]},"85s":{"weight":0.0,"played":[0.0,1.0],"evs":[0.0,2.34828]},"86s":{"weight":0.0,"played":[0.0,1.0],"evs":[0.0,2.50939]},"87s":{"weight":0.0198,"played":[0.0,1.0],"evs":[0.0,2.58984]},"88":{"weight":0.106,"played":[0.0,1.0],"evs":[0.0,4.95775]},"98o":{"weight":0.0,"played":[0.0,1.0],"evs":[0.0,2.20764]},"T8o":{"weight":0.0,"played":[0.0,1.0],"evs":[0.0,2.08584]},"J8o":{"weight":0.0,"played":[0.0,1.0],"evs":[0.0,1.80908]},"Q8o":{"weight":0.0,"played":[0.0,1.0],"evs":[0.0,1.83613]},"K8o":{"weight":0.0,"played":[0.0,1.0],"evs":[0.0,1.96853]},"A8o":{"weight":0.0,"played":[0.0,1.0],"evs":[0.0,1.8983]},"92s":{"weight":0.0,"played":[0.0,1.0],"evs":[0.0,1.82518]},"93s":{"weight":0.0,"played":[0.0,1.0],"evs":[0.0,2.02245]},"94s":{"weight":0.0,"played":[0.0,1.0],"evs":[0.0,1.88456]},"95s":{"weight":0.0,"played":[0.0,1.0],"evs":[0.0,2.1913]},"96s":{"weight":0.0,"played":[0.0,1.0],"evs":[0.0,2.30963]},"97s":{"weight":0.0323,"played":[0.0,1.0],"evs":[0.0,2.58774]},"98s":{"weight":0.0,"played":[0.0,1.0],"evs":[0.0,2.92873]},"99":{"weight":0.0312,"played":[0.0,1.0],"evs":[0.0,5.80276]},"T9o":{"weight":0.0,"played":[0.0,1.0],"evs":[0.0,2.39837]},"J9o":{"weight":0.0,"played":[0.0,1.0],"evs":[0.0,2.1904]},"Q9o":{"weight":0.0,"played":[0.0,1.0],"evs":[0.0,2.17416]},"K9o":{"weight":0.0,"played":[0.0,1.0],"evs":[0.0,2.29965]},"A9o":{"weight":0.2733,"played":[0.0,1.0],"evs":[0.0,2.05934]},"T2s":{"weight":0.0,"played":[0.0,1.0],"evs":[0.0,1.88699]},"T3s":{"weight":0.0,"played":[0.0,1.0],"evs":[0.0,1.92541]},"T4s":{"weight":0.0,"played":[0.0,1.0],"evs":[0.0,1.96642]},"T5s":{"weight":0.0,"played":[0.0,1.0],"evs":[0.0,1.98489]},"T6s":{"weight":0.0,"played":[0.0,1.0],"evs":[0.0,2.1728]},"T7s":{"weight":0.0,"played":[0.0,1.0],"evs":[0.0,2.44829]},"T8s":{"weight":3.0E-4,"played":[0.0,1.0],"evs":[0.0,2.76579]},"T9s":{"weight":4.0E-4,"played":[0.0,1.0],"evs":[0.0,3.12103]},"TT":{"weight":4.0E-4,"played":[0.0,1.0],"evs":[0.0,6.65833]},"JTo":{"weight":0.0,"played":[0.0,1.0],"evs":[0.0,2.48201]},"QTo":{"weight":0.0025,"played":[0.0,1.0],"evs":[0.0,2.5725]},"KTo":{"weight":0.0552,"played":[0.0,1.0],"evs":[0.0,2.62789]},"ATo":{"weight":0.3843,"played":[0.0,1.0],"evs":[0.0,2.54503]},"J2s":{"weight":0.0,"played":[0.0,1.0],"evs":[0.0,1.87364]},"J3s":{"weight":0.0,"played":[0.0,1.0],"evs":[0.0,1.92143]},"J4s":{"weight":0.0,"played":[0.0,1.0],"evs":[0.0,1.973]},"J5s":{"weight":0.0,"played":[0.0,1.0],"evs":[0.0,1.91871]},"J6s":{"weight":0.0,"played":[0.0,1.0],"evs":[0.0,2.06189]},"J7s":{"weight":0.0,"played":[0.0,1.0],"evs":[0.0,2.23605]},"J8s":{"weight":0.0,"played":[0.0,1.0],"evs":[0.0,2.59826]},"J9s":{"weight":0.0,"played":[0.0,1.0],"evs":[0.0,2.9583]},"JTs":{"weight":0.0492,"played":[0.0,1.0],"evs":[0.0,3.25481]},"JJ":{"weight":0.4248,"played":[0.0,1.0],"evs":[0.0,7.63616]},"QJo":{"weight":0.14,"played":[0.0,1.0],"evs":[0.0,2.41488]},"KJo":{"weight":0.0637,"played":[0.0,1.0],"evs":[0.0,2.50629]},"AJo":{"weight":0.0111,"played":[0.0,1.0],"evs":[0.0,3.24502]},"Q2s":{"weight":0.0,"played":[0.0,1.0],"evs":[0.0,2.18325]},"Q3s":{"weight":0.0,"played":[0.0,1.0],"evs":[0.0,2.18109]},"Q4s":{"weight":0.0,"played":[0.0,1.0],"evs":[0.0,2.18331]},"Q5s":{"weight":0.0,"played":[0.0,1.0],"evs":[0.0,2.30825]},"Q6s":{"weight":0.0,"played":[0.0,1.0],"evs":[0.0,2.30171]},"Q7s":{"weight":0.0,"played":[0.0,1.0],"evs":[0.0,2.24861]},"Q8s":{"weight":0.5021,"played":[0.0,1.0],"evs":[0.0,2.5558]},"Q9s":{"weight":0.146,"played":[0.0,1.0],"evs":[0.0,2.93763]},"QTs":{"weight":0.1745,"played":[0.0,1.0],"evs":[0.0,3.17952]},"QJs":{"weight":0.0152,"played":[0.0,1.0],"evs":[0.0,3.16246]},"QQ":{"weight":0.7692,"played":[0.0,1.0],"evs":[0.0,9.06447]},"KQo":{"weight":0.033,"played":[0.0,1.0],"evs":[0.0,3.04316]},"AQo":{"weight":0.2462,"played":[0.0,1.0],"evs":[0.0,4.84707]},"K2s":{"weight":0.0,"played":[0.0,1.0],"evs":[0.0,2.41992]},"K3s":{"weight":0.0,"played":[0.0,1.0],"evs":[0.0,2.42423]},"K4s":{"weight":0.0,"played":[0.0,1.0],"evs":[0.0,2.55775]},"K5s":{"weight":0.0,"played":[0.0,1.0],"evs":[0.0,2.55723]},"K6s":{"weight":0.0181,"played":[0.0,1.0],"evs":[0.0,2.55014]},"K7s":{"weight":0.2721,"played":[0.0,1.0],"evs":[0.0,2.65833]},"K8s":{"weight":0.2022,"played":[0.0,1.0],"evs":[0.0,2.75906]},"K9s":{"weight":0.0629,"played":[0.0,1.0],"evs":[0.0,2.91612]},"KTs":{"weight":0.1402,"played":[0.0,1.0],"evs":[0.0,3.25733]},"KJs":{"weight":0.2708,"played":[0.0,1.0],"evs":[0.0,3.30643]},"KQs":{"weight":0.0023,"played":[0.0,1.0],"evs":[0.0,3.6752]},"KK":{"weight":0.3101,"played":[0.0,1.0],"evs":[0.0,10.63288]},"AKo":{"weight":0.118,"played":[0.0,1.0],"evs":[0.0,6.38955]},"A2s":{"weight":3.0E-4,"played":[0.0,1.0],"evs":[0.0,2.52147]},"A3s":{"weight":0.001,"played":[0.0,1.0],"evs":[0.0,2.62981]},"A4s":{"weight":0.0083,"played":[0.0,1.0],"evs":[0.0,2.6964]},"A5s":{"weight":0.0242,"played":[0.0,1.0],"evs":[0.0,2.77712]},"A6s":{"weight":0.241,"played":[0.0,1.0],"evs":[0.0,2.51511]},"A7s":{"weight":0.0935,"played":[0.0,1.0],"evs":[0.0,2.54956]},"A8s":{"weight":0.0172,"played":[0.0,1.0],"evs":[0.0,2.75227]},"A9s":{"weight":0.0,"played":[0.0,1.0],"evs":[0.0,2.76979]},"ATs":{"weight":0.0,"played":[0.0,1.0],"evs":[0.0,3.21276]},"AJs":{"weight":4.0E-4,"played":[0.0,1.0],"evs":[0.0,4.04578]},"AQs":{"weight":0.0,"played":[0.0,1.0],"evs":[0.0,5.40132]},"AKs":{"weight":0.9991,"played":[0.0,1.0],"evs":[0.0,6.94634]},"AA":{"weight":0.5172,"played":[0.0,1.0],"evs":[0.0,12.94559]}}}