{"player":2,"street":0,"children":2,"sequence":[{"player":0,"type":"R","amount":200000,"street":0},{"player":1,"type":"F","amount":0,"street":0},{"player":2,"type":"R","amount":500000,"street":0},{"player":3,"type":"F","amount":0,"street":0},{"player":4,"type":"R","amount":1085000,"street":0},{"player":5,"type":"F","amount":0,"street":0},{"player":0,"type":"R","amount":2585000,"street":0}],"actions":[{"type":"F","amount":0},{"type":"C","amount":2085000}],"hands":{"22":{"weight":0.0,"played":[0.9843,0.0157],"evs":[0.0,-1.49646]},"32o":{"weight":0.0,"played":[1.0,0.0],"evs":[0.0,-4.91823]},"42o":{"weight":0.0,"played":[1.0,0.0],"evs":[0.0,-4.70694]},"52o":{"weight":0.0,"played":[1.0,0.0],"evs":[0.0,-4.67728]},"62o":{"weight":0.0,"played":[1.0,0.0],"evs":[0.0,-5.41097]},"72o":{"weight":0.0,"played":[1.0,0.0],"evs":[0.0,-6.1229]},"82o":{"weight":0.0,"played":[1.0,0.0],"evs":[0.0,-5.96785]},"92o":{"weight":0.0,"played":[1.0,0.0],"evs":[0.0,-5.53982]},"T2o":{"weight":0.0,"played":[1.0,0.0],"evs":[0.0,-4.97995]},"J2o":{"weight":0.0,"played":[1.0,0.0],"evs":[0.0,-4.7777]},"Q2o":{"weight":0.0,"played":[1.0,0.0],"evs":[0.0,-4.40132]},"K2o":{"weight":0.0,"played":[1.0,0.0],"evs":[0.0,-4.19047]},"A2o":{"weight":0.0,"played":[1.0,0.0],"evs":[0.0,-3.51778]},"32s":{"weight":0.0,"played":[0.9998,2.0E-4],"evs":[0.0,-3.38387]},"33":{"weight":0.0,"played":[0.9242,0.0758],"evs":[0.0,-1.16845]},"43o":{"weight":0.0,"played":[1.0,0.0],"evs":[0.0,-3.81142]},"53o":{"weight":0.0,"played":[1.0,0.0],"evs":[0.0,-3.69576]},"63o":{"weight":0.0,"played":[1.0,0.0],"evs":[0.0,-4.63053]},"73o":{"weight":0.0,"played":[1.0,0.0],"evs":[0.0,-5.15118]},"83o":{"weight":0.0,"played":[1.0,0.0],"evs":[0.0,-6.03747]},"93o":{"weight":0.0,"played":[1.0,0.0],"evs":[0.0,-5.17522]},"T3o":{"weight":0.0,"played":[1.0,0.0],"evs":[0.0,-4.68971]},"J3o":{"weight":0.0,"played":[1.0,0.0],"evs":[0.0,-4.35135]},"Q3o":{"weight":0.0,"played":[1.0,0.0],"evs":[0.0,-4.16766]},"K3o":{"weight":0.0,"played":[1.0,0.0],"evs":[0.0,-4.04927]},"A3o":{"weight":0.0,"played":[0.9998,2.0E-4],"evs":[0.0,-3.30133]},"42s":{"weight":0.0,"played":[1.0,0.0],"evs":[0.0,-2.76045]},"43s":{"weight":0.0,"played":[0.9999,1.0E-4],"evs":[0.0,-2.41168]},"44":{"weight":0.0,"played":[0.9429,0.0571],"evs":[0.0,-0.99557]},"54o":{"weight":0.0,"played":[1.0,0.0],"evs":[0.0,-2.93878]},"64o":{"weight":0.0,"played":[1.0,0.0],"evs":[0.0,-3.64626]},"74o":{"weight":0.0,"played":[1.0,0.0],"evs":[0.0,-4.48612]},"84o":{"weight":0.0,"played":[1.0,0.0],"evs":[0.0,-5.26445]},"94o":{"weight":0.0,"played":[1.0,0.0],"evs":[0.0,-5.46642]},"T4o":{"weight":0.0,"played":[1.0,0.0],"evs":[0.0,-4.68683]},"J4o":{"weight":0.0,"played":[1.0,0.0],"evs":[0.0,-4.16347]},"Q4o":{"weight":0.0,"played":[1.0,0.0],"evs":[0.0,-3.80819]},"K4o":{"weight":0.0,"played":[0.9999,1.0E-4],"evs":[0.0,-3.65709]},"A4o":{"weight":0.0,"played":[0.9997,3.0E-4],"evs":[0.0,-3.1976]},"52s":{"weight":0.0,"played":[0.9999,1.0E-4],"evs":[0.0,-2.81271]},"53s":{"weight":0.0,"played":[1.0,0.0],"evs":[0.0,-1.91886]},"54s":{"weight":0.0,"played":[1.0,0.0],"evs":[0.0,-0.99505]},"55":{"weight":0.0335,"played":[0.7957,0.2043],"evs":[0.0,-0.49644]},"65o":{"weight":0.0,"played":[1.0,0.0],"evs":[0.0,-3.01275]},"75o":{"weight":0.0,"played":[0.9999,1.0E-4],"evs":[0.0,-3.85569]},"85o":{"weight":0.0,"played":[1.0,0.0],"evs":[0.0,-4.35594]},"95o":{"weight":0.0,"played":[1.0,0.0],"evs":[0.0,-4.38615]},"T5o":{"weight":0.0,"played":[1.0,0.0],"evs":[0.0,-4.63823]},"J5o":{"weight":0.0,"played":[1.0,0.0],"evs":[0.0,-3.97912]},"Q5o":{"weight":0.0,"played":[1.0,0.0],"evs":[0.0,-3.9287]},"K5o":{"weight":0.0,"played":[1.0,0.0],"evs":[0.0,-3.48225]},"A5o":{"weight":0.0,"played":[0.9997,3.0E-4],"evs":[0.0,-3.10368]},"62s":{"weight":0.0,"played":[1.0,0.0],"evs":[0.0,-3.5728]},"63s":{"weight":0.0,"played":[0.9999,1.0E-4],"evs":[0.0,-2.54748]},"64s":{"weight":0.0,"played":[0.9969,0.0031],"evs":[0.0,-1.72184]},"65s":{"weight":0.0,"played":[0.9955,0.0045],"evs":[0.0,-1.3711]},"66":{"weight":0.0662,"played":[0.9133,0.0867],"evs":[0.0,-0.78478]},"76o":{"weight":0.0,"played":[0.9998,2.0E-4],"evs":[0.0,-3.25951]},"86o":{"weight":0.0,"played":[1.0,0.0],"evs":[0.0,-3.9747]},"96o":{"weight":0.0,"played":[1.0,0.0],"evs":[0.0,-3.83445]},"T6o":{"weight":0.0,"played":[1.0,0.0],"evs":[0.0,-3.91878]},"J6o":{"weight":0.0,"played":[1.0,0.0],"evs":[0.0,-4.26727]},"Q6o":{"weight":0.0,"played":[1.0,0.0],"evs":[0.0,-3.5784]},"K6o":{"weight":0.0,"played":[1.0,0.0],"evs":[0.0,-3.39718]},"A6o":{"weight":0.0,"played":[1.0,0.0],"evs":[0.0,-3.63751]},"72s":{"weight":0.0,"played":[0.9999,1.0E-4],"evs":[0.0,-4.04473]},"73s":{"weight":0.0,"played":[1.0,0.0],"evs":[0.0,-3.11494]},"74s":{"weight":0.0,"played":[0.999,0.001],"evs":[0.0,-2.4116]},"75s":{"weight":0.0,"played":[0.9925,0.0075],"evs":[0.0,-1.90625]},"76s":{"weight":0.0,"played":[0.9892,0.0108],"evs":[0.0,-1.15147]},"77":{"weight":0.0309,"played":[0.8749,0.1251],"evs":[0.0,-0.58655]},"87o":{"weight":0.0,"played":[0.9999,1.0E-4],"evs":[0.0,-3.61033]},"97o":{"weight":0.0,"played":[1.0,0.0],"evs":[0.0,-3.70462]},"T7o":{"weight":0.0,"played":[1.0,0.0],"evs":[0.0,-3.63188]},"J7o":{"weight":0.0,"played":[1.0,0.0],"evs":[0.0,-3.5879]},"Q7o":{"weight":0.0,"played":[1.0,0.0],"evs":[0.0,-4.08676]},"K7o":{"weight":0.0,"played":[1.0,0.0],"evs":[0.0,-3.66201]},"A7o":{"weight":0.0,"played":[0.999,0.001],"evs":[0.0,-3.77853]},"82s":{"weight":0.0,"played":[1.0,0.0],"evs":[0.0,-4.03623]},"83s":{"weight":0.0,"played":[0.9999,1.0E-4],"evs":[0.0,-4.30915]},"84s":{"weight":0.0,"played":[0.9998,2.0E-4],"evs":[0.0,-2.93204]},"85s":{"weight":0.0,"played":[0.9981,0.0019],"evs":[0.0,-2.52253]},"86s":{"weight":0.0,"played":[0.9918,0.0082],"evs":[0.0,-2.06957]},"87s":{"weight":0.0198,"played":[0.9857,0.0143],"evs":[0.0,-1.49105]},"88":{"weight":0.106,"played":[0.4578,0.5422],"evs":[0.0,-0.22989]},"98o":{"weight":0.0,"played":[0.9997,3.0E-4],"evs":[0.0,-3.50404]},"T8o":{"weight":0.0,"played":[1.0,0.0],"evs":[0.0,-3.18413]},"J8o":{"weight":0.0,"played":[0.9999,1.0E-4],"evs":[0.0,-3.188]},"Q8o":{"weight":0.0,"played":[1.0,0.0],"evs":[0.0,-3.59288]},"K8o":{"weight":0.0,"played":[0.9999,1.0E-4],"evs":[0.0,-3.89567]},"A8o":{"weight":0.0,"played":[0.9998,2.0E-4],"evs":[0.0,-3.70558]},"92s":{"weight":0.0,"played":[0.9999,1.0E-4],"evs":[0.0,-3.58557]},"93s":{"weight":0.0,"played":[1.0,0.0],"evs":[0.0,-3.17862]},"94s":{"weight":0.0,"played":[0.9996,4.0E-4],"evs":[0.0,-2.93881]},"95s":{"weight":0.0,"played":[0.9997,3.0E-4],"evs":[0.0,-2.55178]},"96s":{"weight":0.0,"played":[0.995,0.005],"evs":[0.0,-2.46704]},"97s":{"weight":0.0323,"played":[0.9977,0.0023],"evs":[0.0,-1.34395]},"98s":{"weight":0.0,"played":[0.9968,0.0032],"evs":[0.0,-1.03919]},"99":{"weight":0.0312,"played":[0.0,1.0],"evs":[0.0,2.68103]},"T9o":{"weight":0.0,"played":[0.9999,1.0E-4],"evs":[0.0,-2.07948]},"J9o":{"weight":0.0,"played":[1.0,0.0],"evs":[0.0,-2.0968]},"Q9o":{"weight":0.0,"played":[0.9997,3.0E-4],"evs":[0.0,-2.60468]},"K9o":{"weight":0.0,"played":[0.9999,1.0E-4],"evs":[0.0,-2.75421]},"A9o":{"weight":0.2733,"played":[0.999,0.001],"evs":[0.0,-3.13201]},"T2s":{"weight":0.0,"played":[1.0,0.0],"evs":[0.0,-3.26998]},"T3s":{"weight":0.0,"played":[0.9998,2.0E-4],"evs":[0.0,-2.31726]},"T4s":{"weight":0.0,"played":[0.9998,2.0E-4],"evs":[0.0,-2.43976]},"T5s":{"weight":0.0,"played":[0.9998,2.0E-4],"evs":[0.0,-2.13875]},"T6s":{"weight":0.0,"played":[0.9998,2.0E-4],"evs":[0.0,-1.82546]},"T7s":{"weight":0.0,"played":[0.9954,0.0046],"evs":[0.0,-1.59802]},"T8s":{"weight":3.0E-4,"played":[0.9944,0.0056],"evs":[0.0,-0.96983]},"T9s":{"weight":4.0E-4,"played":[0.7355,0.2645],"evs":[0.0,-0.0781]},"TT":{"weight":4.0E-4,"played":[0.0,1.0],"evs":[0.0,5.74465]},"JTo":{"weight":0.0,"played":[0.9886,0.0114],"evs":[0.0,-1.01378]},"QTo":{"weight":0.0025,"played":[0.9985,0.0015],"evs":[0.0,-1.12285]},"KTo":{"weight":0.0552,"played":[0.9808,0.0192],"evs":[0.0,-1.465]},"ATo":{"weight":0.3843,"played":[0.9989,0.0011],"evs":[0.0,-1.86222]},"J2s":{"weight":0.0,"played":[0.9999,1.0E-4],"evs":[0.0,-2.56448]},"J3s":{"weight":0.0,"played":[1.0,0.0],"evs":[0.0,-2.6276]},"J4s":{"weight":0.0,"played":[1.0,0.0],"evs":[0.0,-1.75625]},"J5s":{"weight":0.0,"played":[0.9993,7.0E-4],"evs":[0.0,-2.05248]},"J6s":{"weight":0.0,"played":[0.9999,1.0E-4],"evs":[0.0,-2.19264]},"J7s":{"weight":0.0,"played":[0.9981,0.0019],"evs":[0.0,-1.42905]},"J8s":{"weight":0.0,"played":[0.9613,0.0387],"evs":[0.0,-1.15888]},"J9s":{"weight":0.0,"played":[0.9641,0.0359],"evs":[0.0,-0.69531]},"JTs":{"weight":0.0492,"played":[0.0,1.0],"evs":[0.0,0.36907]},"JJ":{"weight":0.4248,"played":[0.0,1.0],"evs":[0.0,8.83586]},"QJo":{"weight":0.14,"played":[0.9859,0.0141],"evs":[0.0,-0.50029]},"KJo":{"weight":0.0637,"played":[0.9941,0.0059],"evs":[0.0,-1.04335]},"AJo":{"weight":0.0111,"played":[0.994,0.006],"evs":[0.0,-1.07591]},"Q2s":{"weight":0.0,"played":[0.9999,1.0E-4],"evs":[0.0,-1.85539]},"Q3s":{"weight":0.0,"played":[0.9999,1.0E-4],"evs":[0.0,-2.33792]},"Q4s":{"weight":0.0,"played":[1.0,0.0],"evs":[0.0,-1.71845]},"Q5s":{"weight":0.0,"played":[0.9989,0.0011],"evs":[0.0,-1.73952]},"Q6s":{"weight":0.0,"played":[0.9999,1.0E-4],"evs":[0.0,-1.66616]},"Q7s":{"weight":0.0,"played":[0.9999,1.0E-4],"evs":[0.0,-2.30997]},"Q8s":{"weight":0.5021,"played":[1.0,0.0],"evs":[0.0,-1.46099]},"Q9s":{"weight":0.146,"played":[0.9744,0.0256],"evs":[0.0,-0.55365]},"QTs":{"weight":0.1745,"played":[0.0,1.0],"evs":[0.0,0.77171]},"QJs":{"weight":0.0152,"played":[0.0016,0.9984],"evs":[0.0,0.96113]},"QQ":{"weight":0.7692,"played":[0.0,1.0],"evs":[0.0,12.45948]},"KQo":{"weight":0.033,"played":[0.994,0.006],"evs":[0.0,-0.55712]},"AQo":{"weight":0.2462,"played":[0.0,1.0],"evs":[0.0,0.41929]},"K2s":{"weight":0.0,"played":[0.9989,0.0011],"evs":[0.0,-2.47776]},"K3s":{"weight":0.0,"played":[0.9918,0.0082],"evs":[0.0,-1.82515]},"K4s":{"weight":0.0,"played":[0.9985,0.0015],"evs":[0.0,-1.79538]},"K5s":{"weight":0.0,"played":[0.9992,8.0E-4],"evs":[0.0,-1.62734]},"K6s":{"weight":0.0181,"played":[0.994,0.006],"evs":[0.0,-1.36964]},"K7s":{"weight":0.2721,"played":[0.9884,0.0116],"evs":[0.0,-2.04962]},"K8s":{"weight":0.2022,"played":[0.999,0.001],"evs":[0.0,-1.59753]},"K9s":{"weight":0.0629,"played":[0.9462,0.0538],"evs":[0.0,-1.06144]},"KTs":{"weight":0.1402,"played":[9.0E-4,0.9991],"evs":[0.0,0.58022]},"KJs":{"weight":0.2708,"played":[0.0011,0.9989],"evs":[0.0,0.99147]},"KQs":{"weight":0.0023,"played":[0.0,1.0],"evs":[0.0,1.54874]},"KK":{"weight":0.3101,"played":[0.0,1.0],"evs":[0.0,18.11767]},"AKo":{"weight":0.118,"played":[0.0,1.0],"evs":[0.0,3.62195]},"A2s":{"weight":3.0E-4,"played":[0.9991,9.0E-4],"evs":[0.0,-1.36592]},"A3s":{"weight":0.001,"played":[0.9999,1.0E-4],"evs":[0.0,-1.33061]},"A4s":{"weight":0.0083,"played":[0.9982,0.0018],"evs":[0.0,-1.05471]},"A5s":{"weight":0.0242,"played":[0.9982,0.0018],"evs":[0.0,-0.54688]},"A6s":{"weight":0.241,"played":[0.9993,7.0E-4],"evs":[0.0,-1.87423]},"A7s":{"weight":0.0935,"played":[0.9979,0.0021],"evs":[0.0,-1.42854]},"A8s":{"weight":0.0172,"played":[0.9956,0.0044],"evs":[0.0,-1.79283]},"A9s":{"weight":0.0,"played":[0.9905,0.0095],"evs":[0.0,-1.23422]},"ATs":{"weight":0.0,"played":[0.0218,0.9782],"evs":[0.0,0.3178]},"AJs":{"weight":4.0E-4,"played":[0.0,1.0],"evs":[0.0,0.61509]},"AQs":{"weight":0.0,"played":[0.0,1.0],"evs":[0.0,2.3814]},"AKs":{"weight":0.9991,"played":[0.0,1.0],"evs":[0.0,5.23141]},"AA":{"weight":0.5172,"played":[0.0,1.0],"evs":[0.0,25.07531]}}}