{"player":2,"street":0,"children":2,"sequence":[{"player":0,"type":"R","amount":200000,"street":0},{"player":1,"type":"F","amount":0,"street":0},{"player":2,"type":"R","amount":500000,"street":0},{"player":3,"type":"R","amount":2985000,"street":0},{"player":4,"type":"F","amount":0,"street":0},{"player":5,"type":"F","amount":0,"street":0},{"player":0,"type":"C","amount":2385000,"street":0}],"actions":[{"type":"F","amount":0},{"type":"C","amount":2485000}],"hands":{"22":{"weight":0.0,"played":[0.9999,1.0E-4],"evs":[0.0,-2.38462]},"32o":{"weight":0.0,"played":[1.0,0.0],"evs":[0.0,-6.90884]},"42o":{"weight":0.0,"played":[1.0,0.0],"evs":[0.0,-7.02825]},"52o":{"weight":0.0,"played":[0.9999,1.0E-4],"evs":[0.0,-6.28193]},"62o":{"weight":0.0,"played":[1.0,0.0],"evs":[0.0,-7.25586]},"72o":{"weight":0.0,"played":[1.0,0.0],"evs":[0.0,-7.76605]},"82o":{"weight":0.0,"played":[1.0,0.0],"evs":[0.0,-7.65673]},"92o":{"weight":0.0,"played":[1.0,0.0],"evs":[0.0,-7.57398]},"T2o":{"weight":0.0,"played":[1.0,0.0],"evs":[0.0,-7.7674]},"J2o":{"weight":0.0,"played":[1.0,0.0],"evs":[0.0,-8.00162]},"Q2o":{"weight":0.0,"played":[1.0,0.0],"evs":[0.0,-7.49926]},"K2o":{"weight":0.0,"played":[0.9999,1.0E-4],"evs":[0.0,-9.41693]},"A2o":{"weight":0.0,"played":[1.0,0.0],"evs":[0.0,-6.20097]},"32s":{"weight":0.0,"played":[0.9995,5.0E-4],"evs":[0.0,-4.12783]},"33":{"weight":0.0,"played":[0.9984,0.0016],"evs":[0.0,-2.3239]},"43o":{"weight":0.0,"played":[1.0,0.0],"evs":[0.0,-5.7005]},"53o":{"weight":0.0,"played":[1.0,0.0],"evs":[0.0,-4.803]},"63o":{"weight":0.0,"played":[1.0,0.0],"evs":[0.0,-5.74596]},"73o":{"weight":0.0,"played":[0.9999,1.0E-4],"evs":[0.0,-6.95399]},"83o":{"weight":0.0,"played":[1.0,0.0],"evs":[0.0,-7.35976]},"93o":{"weight":0.0,"played":[1.0,0.0],"evs":[0.0,-7.3516]},"T3o":{"weight":0.0,"played":[1.0,0.0],"evs":[0.0,-7.39954]},"J3o":{"weight":0.0,"played":[0.9999,1.0E-4],"evs":[0.0,-8.15476]},"Q3o":{"weight":0.0,"played":[1.0,0.0],"evs":[0.0,-7.18614]},"K3o":{"weight":0.0,"played":[1.0,0.0],"evs":[0.0,-8.72865]},"A3o":{"weight":0.0,"played":[1.0,0.0],"evs":[0.0,-6.26447]},"42s":{"weight":0.0,"played":[0.9999,1.0E-4],"evs":[0.0,-4.39291]},"43s":{"weight":0.0,"played":[0.9984,0.0016],"evs":[0.0,-2.83197]},"44":{"weight":0.0,"played":[0.996,0.004],"evs":[0.0,-1.87335]},"54o":{"weight":0.0,"played":[1.0,0.0],"evs":[0.0,-4.36499]},"64o":{"weight":0.0,"played":[1.0,0.0],"evs":[0.0,-4.97073]},"74o":{"weight":0.0,"played":[1.0,0.0],"evs":[0.0,-5.89405]},"84o":{"weight":0.0,"played":[1.0,0.0],"evs":[0.0,-6.69144]},"94o":{"weight":0.0,"played":[1.0,0.0],"evs":[0.0,-7.56766]},"T4o":{"weight":0.0,"played":[1.0,0.0],"evs":[0.0,-7.32642]},"J4o":{"weight":0.0,"played":[1.0,0.0],"evs":[0.0,-7.83901]},"Q4o":{"weight":0.0,"played":[0.9999,1.0E-4],"evs":[0.0,-7.33939]},"K4o":{"weight":0.0,"played":[1.0,0.0],"evs":[0.0,-8.42681]},"A4o":{"weight":0.0,"played":[1.0,0.0],"evs":[0.0,-6.24423]},"52s":{"weight":0.0,"played":[0.9999,1.0E-4],"evs":[0.0,-3.66652]},"53s":{"weight":0.0,"played":[0.9997,3.0E-4],"evs":[0.0,-2.83321]},"54s":{"weight":0.0,"played":[0.9985,0.0015],"evs":[0.0,-2.31434]},"55":{"weight":0.0335,"played":[0.9841,0.0159],"evs":[0.0,-1.63263]},"65o":{"weight":0.0,"played":[0.9998,2.0E-4],"evs":[0.0,-3.71977]},"75o":{"weight":0.0,"played":[1.0,0.0],"evs":[0.0,-4.49786]},"85o":{"weight":0.0,"played":[1.0,0.0],"evs":[0.0,-5.62028]},"95o":{"weight":0.0,"played":[1.0,0.0],"evs":[0.0,-6.58792]},"T5o":{"weight":0.0,"played":[0.9999,1.0E-4],"evs":[0.0,-7.45615]},"J5o":{"weight":0.0,"played":[1.0,0.0],"evs":[0.0,-7.56308]},"Q5o":{"weight":0.0,"played":[1.0,0.0],"evs":[0.0,-6.50499]},"K5o":{"weight":0.0,"played":[1.0,0.0],"evs":[0.0,-8.16598]},"A5o":{"weight":0.0,"played":[0.9999,1.0E-4],"evs":[0.0,-5.95175]},"62s":{"weight":0.0,"played":[1.0,0.0],"evs":[0.0,-4.43173]},"63s":{"weight":0.0,"played":[1.0,0.0],"evs":[0.0,-3.59268]},"64s":{"weight":0.0,"played":[0.9999,1.0E-4],"evs":[0.0,-1.55373]},"65s":{"weight":0.0,"played":[0.9998,2.0E-4],"evs":[0.0,-1.1407]},"66":{"weight":0.0662,"played":[0.992,0.008],"evs":[0.0,-1.45067]},"76o":{"weight":0.0,"played":[1.0,0.0],"evs":[0.0,-3.58889]},"86o":{"weight":0.0,"played":[1.0,0.0],"evs":[0.0,-4.33993]},"96o":{"weight":0.0,"played":[1.0,0.0],"evs":[0.0,-5.26029]},"T6o":{"weight":0.0,"played":[1.0,0.0],"evs":[0.0,-6.1817]},"J6o":{"weight":0.0,"played":[1.0,0.0],"evs":[0.0,-7.0434]},"Q6o":{"weight":0.0,"played":[1.0,0.0],"evs":[0.0,-6.59926]},"K6o":{"weight":0.0,"played":[0.9999,1.0E-4],"evs":[0.0,-8.05334]},"A6o":{"weight":0.0,"played":[0.9999,1.0E-4],"evs":[0.0,-6.45152]},"72s":{"weight":0.0,"played":[0.9998,2.0E-4],"evs":[0.0,-5.1899]},"73s":{"weight":0.0,"played":[1.0,0.0],"evs":[0.0,-4.19774]},"74s":{"weight":0.0,"played":[0.9999,1.0E-4],"evs":[0.0,-4.74306]},"75s":{"weight":0.0,"played":[0.9997,3.0E-4],"evs":[0.0,-2.09649]},"76s":{"weight":0.0,"played":[0.9973,0.0027],"evs":[0.0,-1.80805]},"77":{"weight":0.0309,"played":[0.9928,0.0072],"evs":[0.0,-0.73568]},"87o":{"weight":0.0,"played":[0.9999,1.0E-4],"evs":[0.0,-4.4273]},"97o":{"weight":0.0,"played":[0.9999,1.0E-4],"evs":[0.0,-4.72216]},"T7o":{"weight":0.0,"played":[1.0,0.0],"evs":[0.0,-5.58133]},"J7o":{"weight":0.0,"played":[1.0,0.0],"evs":[0.0,-6.29406]},"Q7o":{"weight":0.0,"played":[0.9999,1.0E-4],"evs":[0.0,-6.70814]},"K7o":{"weight":0.0,"played":[1.0,0.0],"evs":[0.0,-7.35254]},"A7o":{"weight":0.0,"played":[0.9999,1.0E-4],"evs":[0.0,-5.93803]},"82s":{"weight":0.0,"played":[1.0,0.0],"evs":[0.0,-5.36645]},"83s":{"weight":0.0,"played":[0.999,0.001],"evs":[0.0,-4.22936]},"84s":{"weight":0.0,"played":[0.9999,1.0E-4],"evs":[0.0,-4.64923]},"85s":{"weight":0.0,"played":[1.0,0.0],"evs":[0.0,-3.5405]},"86s":{"weight":0.0,"played":[0.9993,7.0E-4],"evs":[0.0,-2.97181]},"87s":{"weight":0.0198,"played":[0.9837,0.0163],"evs":[0.0,-1.94446]},"88":{"weight":0.106,"played":[0.9772,0.0228],"evs":[0.0,-1.49105]},"98o":{"weight":0.0,"played":[1.0,0.0],"evs":[0.0,-4.31752]},"T8o":{"weight":0.0,"played":[0.9996,4.0E-4],"evs":[0.0,-4.92072]},"J8o":{"weight":0.0,"played":[0.9999,1.0E-4],"evs":[0.0,-5.8545]},"Q8o":{"weight":0.0,"played":[1.0,0.0],"evs":[0.0,-6.32014]},"K8o":{"weight":0.0,"played":[0.9999,1.0E-4],"evs":[0.0,-8.24074]},"A8o":{"weight":0.0,"played":[0.9999,1.0E-4],"evs":[0.0,-6.57213]},"92s":{"weight":0.0,"played":[1.0,0.0],"evs":[0.0,-5.37394]},"93s":{"weight":0.0,"played":[0.9999,1.0E-4],"evs":[0.0,-4.54362]},"94s":{"weight":0.0,"played":[1.0,0.0],"evs":[0.0,-6.08221]},"95s":{"weight":0.0,"played":[0.9993,7.0E-4],"evs":[0.0,-3.29711]},"96s":{"weight":0.0,"played":[0.9996,4.0E-4],"evs":[0.0,-2.91952]},"97s":{"weight":0.0323,"played":[0.9991,9.0E-4],"evs":[0.0,-1.9906]},"98s":{"weight":0.0,"played":[0.9995,5.0E-4],"evs":[0.0,-2.16063]},"99":{"weight":0.0312,"played":[0.9796,0.0204],"evs":[0.0,-0.31682]},"T9o":{"weight":0.0,"played":[0.9999,1.0E-4],"evs":[0.0,-5.11907]},"J9o":{"weight":0.0,"played":[0.9997,3.0E-4],"evs":[0.0,-5.75397]},"Q9o":{"weight":0.0,"played":[0.9995,5.0E-4],"evs":[0.0,-5.69883]},"K9o":{"weight":0.0,"played":[0.9995,5.0E-4],"evs":[0.0,-8.07341]},"A9o":{"weight":0.2733,"played":[0.9998,2.0E-4],"evs":[0.0,-6.67706]},"T2s":{"weight":0.0,"played":[1.0,0.0],"evs":[0.0,-4.39045]},"T3s":{"weight":0.0,"played":[1.0,0.0],"evs":[0.0,-4.94087]},"T4s":{"weight":0.0,"played":[1.0,0.0],"evs":[0.0,-4.8076]},"T5s":{"weight":0.0,"played":[0.9996,4.0E-4],"evs":[0.0,-4.51883]},"T6s":{"weight":0.0,"played":[1.0,0.0],"evs":[0.0,-3.00783]},"T7s":{"weight":0.0,"played":[1.0,0.0],"evs":[0.0,-3.32011]},"T8s":{"weight":3.0E-4,"played":[0.9986,0.0014],"evs":[0.0,-2.46236]},"T9s":{"weight":4.0E-4,"played":[0.9995,5.0E-4],"evs":[0.0,-3.35849]},"TT":{"weight":4.0E-4,"played":[0.7831,0.2169],"evs":[0.0,0.05011]},"JTo":{"weight":0.0,"played":[0.9987,0.0013],"evs":[0.0,-5.0664]},"QTo":{"weight":0.0025,"played":[0.9998,2.0E-4],"evs":[0.0,-5.25598]},"KTo":{"weight":0.0552,"played":[0.9998,2.0E-4],"evs":[0.0,-6.85157]},"ATo":{"weight":0.3843,"played":[0.9996,4.0E-4],"evs":[0.0,-5.82456]},"J2s":{"weight":0.0,"played":[0.998,0.002],"evs":[0.0,-5.28162]},"J3s":{"weight":0.0,"played":[1.0,0.0],"evs":[0.0,-4.24033]},"J4s":{"weight":0.0,"played":[0.9999,1.0E-4],"evs":[0.0,-5.25271]},"J5s":{"weight":0.0,"played":[1.0,0.0],"evs":[0.0,-4.81618]},"J6s":{"weight":0.0,"played":[1.0,0.0],"evs":[0.0,-4.85708]},"J7s":{"weight":0.0,"played":[0.9991,9.0E-4],"evs":[0.0,-4.26645]},"J8s":{"weight":0.0,"played":[0.9993,7.0E-4],"evs":[0.0,-3.69781]},"J9s":{"weight":0.0,"played":[0.9938,0.0062],"evs":[0.0,-2.47192]},"JTs":{"weight":0.0492,"played":[0.9964,0.0036],"evs":[0.0,-1.3226]},"JJ":{"weight":0.4248,"played":[0.0,1.0],"evs":[0.0,1.20985]},"QJo":{"weight":0.14,"played":[0.9999,1.0E-4],"evs":[0.0,-5.38824]},"KJo":{"weight":0.0637,"played":[0.9969,0.0031],"evs":[0.0,-7.58037]},"AJo":{"weight":0.0111,"played":[0.9963,0.0037],"evs":[0.0,-6.1854]},"Q2s":{"weight":0.0,"played":[1.0,0.0],"evs":[0.0,-4.38626]},"Q3s":{"weight":0.0,"played":[0.9999,1.0E-4],"evs":[0.0,-4.47097]},"Q4s":{"weight":0.0,"played":[0.9999,1.0E-4],"evs":[0.0,-5.38144]},"Q5s":{"weight":0.0,"played":[1.0,0.0],"evs":[0.0,-3.51392]},"Q6s":{"weight":0.0,"played":[0.9999,1.0E-4],"evs":[0.0,-4.15729]},"Q7s":{"weight":0.0,"played":[0.9998,2.0E-4],"evs":[0.0,-3.79235]},"Q8s":{"weight":0.5021,"played":[0.9997,3.0E-4],"evs":[0.0,-3.37782]},"Q9s":{"weight":0.146,"played":[0.9975,0.0025],"evs":[0.0,-3.53063]},"QTs":{"weight":0.1745,"played":[0.9972,0.0028],"evs":[0.0,-2.13661]},"QJs":{"weight":0.0152,"played":[0.9967,0.0033],"evs":[0.0,-1.8019]},"QQ":{"weight":0.7692,"played":[0.0,1.0],"evs":[0.0,6.56847]},"KQo":{"weight":0.033,"played":[0.9978,0.0022],"evs":[0.0,-6.43292]},"AQo":{"weight":0.2462,"played":[0.9983,0.0017],"evs":[0.0,-4.35195]},"K2s":{"weight":0.0,"played":[0.9996,4.0E-4],"evs":[0.0,-7.12607]},"K3s":{"weight":0.0,"played":[0.9991,9.0E-4],"evs":[0.0,-5.42928]},"K4s":{"weight":0.0,"played":[1.0,0.0],"evs":[0.0,-5.35903]},"K5s":{"weight":0.0,"played":[0.9995,5.0E-4],"evs":[0.0,-5.46072]},"K6s":{"weight":0.0181,"played":[0.9984,0.0016],"evs":[0.0,-5.55973]},"K7s":{"weight":0.2721,"played":[0.9997,3.0E-4],"evs":[0.0,-4.6736]},"K8s":{"weight":0.2022,"played":[0.9993,7.0E-4],"evs":[0.0,-5.86069]},"K9s":{"weight":0.0629,"played":[0.9991,9.0E-4],"evs":[0.0,-4.77067]},"KTs":{"weight":0.1402,"played":[0.9942,0.0058],"evs":[0.0,-5.4144]},"KJs":{"weight":0.2708,"played":[0.9976,0.0024],"evs":[0.0,-3.96889]},"KQs":{"weight":0.0023,"played":[0.9968,0.0032],"evs":[0.0,-3.36978]},"KK":{"weight":0.3101,"played":[0.0,1.0],"evs":[0.0,13.11316]},"AKo":{"weight":0.118,"played":[0.9614,0.0386],"evs":[0.0,-1.01693]},"A2s":{"weight":3.0E-4,"played":[0.9997,3.0E-4],"evs":[0.0,-3.4371]},"A3s":{"weight":0.001,"played":[0.9993,7.0E-4],"evs":[0.0,-3.83664]},"A4s":{"weight":0.0083,"played":[0.9991,9.0E-4],"evs":[0.0,-3.12457]},"A5s":{"weight":0.0242,"played":[0.99,0.01],"evs":[0.0,-2.6589]},"A6s":{"weight":0.241,"played":[0.9983,0.0017],"evs":[0.0,-3.09226]},"A7s":{"weight":0.0935,"played":[0.9996,4.0E-4],"evs":[0.0,-3.59841]},"A8s":{"weight":0.0172,"played":[0.9923,0.0077],"evs":[0.0,-4.74425]},"A9s":{"weight":0.0,"played":[0.9923,0.0077],"evs":[0.0,-4.59935]},"ATs":{"weight":0.0,"played":[0.9924,0.0076],"evs":[0.0,-2.99754]},"AJs":{"weight":4.0E-4,"played":[0.9893,0.0107],"evs":[0.0,-3.68764]},"AQs":{"weight":0.0,"played":[0.9722,0.0278],"evs":[0.0,-1.89998]},"AKs":{"weight":0.9991,"played":[0.0,1.0],"evs":[0.0,0.66936]},"AA":{"weight":0.5172,"played":[0.0,1.0],"evs":[0.0,27.85556]}}}