{"player":2,"street":0,"children":2,"sequence":[{"player":0,"type":"R","amount":200000,"street":0},{"player":1,"type":"F","amount":0,"street":0},{"player":2,"type":"R","amount":500000,"street":0},{"player":3,"type":"R","amount":2985000,"street":0},{"player":4,"type":"F","amount":0,"street":0},{"player":5,"type":"C","amount":2135000,"street":0},{"player":0,"type":"C","amount":2385000,"street":0}],"actions":[{"type":"F","amount":0},{"type":"C","amount":2485000}],"hands":{"22":{"weight":0.0,"played":[0.2633,0.7367],"evs":[0.0,2.60665]},"32o":{"weight":0.0,"played":[0.9996,4.0E-4],"evs":[0.0,-5.73744]},"42o":{"weight":0.0,"played":[0.9917,0.0083],"evs":[0.0,-8.20302]},"52o":{"weight":0.0,"played":[0.9949,0.0051],"evs":[0.0,-9.13967]},"62o":{"weight":0.0,"played":[0.9982,0.0018],"evs":[0.0,-6.82408]},"72o":{"weight":0.0,"played":[0.989,0.011],"evs":[0.0,-9.01909]},"82o":{"weight":0.0,"played":[0.9893,0.0107],"evs":[0.0,-7.08402]},"92o":{"weight":0.0,"played":[0.9987,0.0013],"evs":[0.0,-4.25556]},"T2o":{"weight":0.0,"played":[0.9994,6.0E-4],"evs":[0.0,-8.98617]},"J2o":{"weight":0.0,"played":[0.9991,9.0E-4],"evs":[0.0,-8.91344]},"Q2o":{"weight":0.0,"played":[0.991,0.009],"evs":[0.0,-7.52381]},"K2o":{"weight":0.0,"played":[0.9996,4.0E-4],"evs":[0.0,-8.29511]},"A2o":{"weight":0.0,"played":[0.9508,0.0492],"evs":[0.0,-8.03235]},"32s":{"weight":0.0,"played":[0.8183,0.1817],"evs":[0.0,-3.772]},"33":{"weight":0.0,"played":[0.9465,0.0535],"evs":[0.0,-2.95321]},"43o":{"weight":0.0,"played":[0.9989,0.0011],"evs":[0.0,-5.95431]},"53o":{"weight":0.0,"played":[0.9867,0.0133],"evs":[0.0,-3.89842]},"63o":{"weight":0.0,"played":[0.9994,6.0E-4],"evs":[0.0,-7.51511]},"73o":{"weight":0.0,"played":[0.9746,0.0254],"evs":[0.0,-3.84852]},"83o":{"weight":0.0,"played":[0.9946,0.0054],"evs":[0.0,-8.02705]},"93o":{"weight":0.0,"played":[0.9982,0.0018],"evs":[0.0,-7.57049]},"T3o":{"weight":0.0,"played":[0.9989,0.0011],"evs":[0.0,-8.25179]},"J3o":{"weight":0.0,"played":[0.9966,0.0034],"evs":[0.0,-9.12248]},"Q3o":{"weight":0.0,"played":[0.9763,0.0237],"evs":[0.0,-8.64056]},"K3o":{"weight":0.0,"played":[0.9436,0.0564],"evs":[0.0,-8.9323]},"A3o":{"weight":0.0,"played":[0.9892,0.0108],"evs":[0.0,-8.10962]},"42s":{"weight":0.0,"played":[0.8016,0.1984],"evs":[0.0,-4.24087]},"43s":{"weight":0.0,"played":[0.6924,0.3076],"evs":[0.0,3.57591]},"44":{"weight":0.0,"played":[0.7948,0.2052],"evs":[0.0,-3.30768]},"54o":{"weight":0.0,"played":[0.9939,0.0061],"evs":[0.0,-2.62187]},"64o":{"weight":0.0,"played":[0.8138,0.1862],"evs":[0.0,-0.15595]},"74o":{"weight":0.0,"played":[0.9818,0.0182],"evs":[0.0,-4.97692]},"84o":{"weight":0.0,"played":[0.9982,0.0018],"evs":[0.0,-6.15936]},"94o":{"weight":0.0,"played":[0.9992,8.0E-4],"evs":[0.0,-8.24473]},"T4o":{"weight":0.0,"played":[0.9906,0.0094],"evs":[0.0,-5.97472]},"J4o":{"weight":0.0,"played":[0.945,0.055],"evs":[0.0,-6.59784]},"Q4o":{"weight":0.0,"played":[0.9991,9.0E-4],"evs":[0.0,-6.62179]},"K4o":{"weight":0.0,"played":[0.9931,0.0069],"evs":[0.0,-8.09591]},"A4o":{"weight":0.0,"played":[0.998,0.002],"evs":[0.0,-4.9867]},"52s":{"weight":0.0,"played":[0.9687,0.0313],"evs":[0.0,-2.64316]},"53s":{"weight":0.0,"played":[0.8414,0.1586],"evs":[0.0,-1.00834]},"54s":{"weight":0.0,"played":[0.5225,0.4775],"evs":[0.0,1.56995]},"55":{"weight":0.0335,"played":[0.8785,0.1215],"evs":[0.0,-1.83835]},"65o":{"weight":0.0,"played":[0.9539,0.0461],"evs":[0.0,-3.0877]},"75o":{"weight":0.0,"played":[0.5947,0.4053],"evs":[0.0,-0.62949]},"85o":{"weight":0.0,"played":[0.9823,0.0177],"evs":[0.0,-6.72216]},"95o":{"weight":0.0,"played":[0.9458,0.0542],"evs":[0.0,-7.00276]},"T5o":{"weight":0.0,"played":[0.996,0.004],"evs":[0.0,-6.91002]},"J5o":{"weight":0.0,"played":[0.8705,0.1295],"evs":[0.0,-4.06738]},"Q5o":{"weight":0.0,"played":[0.9448,0.0552],"evs":[0.0,-7.2412]},"K5o":{"weight":0.0,"played":[0.6593,0.3407],"evs":[0.0,-6.10846]},"A5o":{"weight":0.0,"played":[0.9883,0.0117],"evs":[0.0,-7.08181]},"62s":{"weight":0.0,"played":[0.9597,0.0403],"evs":[0.0,-3.05627]},"63s":{"weight":0.0,"played":[0.973,0.027],"evs":[0.0,-5.60693]},"64s":{"weight":0.0,"played":[0.8379,0.1621],"evs":[0.0,-4.46293]},"65s":{"weight":0.0,"played":[0.1035,0.8965],"evs":[0.0,0.01162]},"66":{"weight":0.0662,"played":[0.3466,0.6534],"evs":[0.0,1.17905]},"76o":{"weight":0.0,"played":[0.9676,0.0324],"evs":[0.0,-2.67739]},"86o":{"weight":0.0,"played":[0.6591,0.3409],"evs":[0.0,-0.47969]},"96o":{"weight":0.0,"played":[0.9951,0.0049],"evs":[0.0,-4.97002]},"T6o":{"weight":0.0,"played":[0.9985,0.0015],"evs":[0.0,-7.04985]},"J6o":{"weight":0.0,"played":[0.9735,0.0265],"evs":[0.0,-7.90495]},"Q6o":{"weight":0.0,"played":[0.8879,0.1121],"evs":[0.0,-7.23925]},"K6o":{"weight":0.0,"played":[0.9814,0.0186],"evs":[0.0,-10.78685]},"A6o":{"weight":0.0,"played":[0.9791,0.0209],"evs":[0.0,-3.80171]},"72s":{"weight":0.0,"played":[0.9475,0.0525],"evs":[0.0,-6.26192]},"73s":{"weight":0.0,"played":[0.3559,0.6441],"evs":[0.0,-1.76275]},"74s":{"weight":0.0,"played":[0.8833,0.1167],"evs":[0.0,-0.25356]},"75s":{"weight":0.0,"played":[0.7955,0.2045],"evs":[0.0,-1.81802]},"76s":{"weight":0.0,"played":[0.6849,0.3151],"evs":[0.0,-0.5217]},"77":{"weight":0.0309,"played":[0.2742,0.7258],"evs":[0.0,0.31462]},"87o":{"weight":0.0,"played":[0.7708,0.2292],"evs":[0.0,-1.42578]},"97o":{"weight":0.0,"played":[0.9706,0.0294],"evs":[0.0,-3.81373]},"T7o":{"weight":0.0,"played":[0.8614,0.1386],"evs":[0.0,-4.94274]},"J7o":{"weight":0.0,"played":[0.9806,0.0194],"evs":[0.0,-5.25452]},"Q7o":{"weight":0.0,"played":[0.965,0.035],"evs":[0.0,-6.00401]},"K7o":{"weight":0.0,"played":[0.9616,0.0384],"evs":[0.0,-7.0996]},"A7o":{"weight":0.0,"played":[0.9746,0.0254],"evs":[0.0,-4.8467]},"82s":{"weight":0.0,"played":[0.9992,8.0E-4],"evs":[0.0,-1.91127]},"83s":{"weight":0.0,"played":[0.9022,0.0978],"evs":[0.0,-3.29691]},"84s":{"weight":0.0,"played":[0.8975,0.1025],"evs":[0.0,-1.83017]},"85s":{"weight":0.0,"played":[0.3328,0.6672],"evs":[0.0,-2.07768]},"86s":{"weight":0.0,"played":[0.5691,0.4309],"evs":[0.0,-2.41334]},"87s":{"weight":0.0198,"played":[0.1532,0.8468],"evs":[0.0,0.65029]},"88":{"weight":0.106,"played":[0.2823,0.7177],"evs":[0.0,-1.38666]},"98o":{"weight":0.0,"played":[0.8779,0.1221],"evs":[0.0,-3.00038]},"T8o":{"weight":0.0,"played":[0.9312,0.0688],"evs":[0.0,-4.36674]},"J8o":{"weight":0.0,"played":[0.8941,0.1059],"evs":[0.0,-2.53675]},"Q8o":{"weight":0.0,"played":[0.9866,0.0134],"evs":[0.0,-6.36611]},"K8o":{"weight":0.0,"played":[0.9983,0.0017],"evs":[0.0,-6.08492]},"A8o":{"weight":0.0,"played":[0.9263,0.0737],"evs":[0.0,-5.38893]},"92s":{"weight":0.0,"played":[0.5759,0.4241],"evs":[0.0,-2.35063]},"93s":{"weight":0.0,"played":[0.7866,0.2134],"evs":[0.0,-2.10055]},"94s":{"weight":0.0,"played":[0.8812,0.1188],"evs":[0.0,-5.04261]},"95s":{"weight":0.0,"played":[0.9583,0.0417],"evs":[0.0,-3.80264]},"96s":{"weight":0.0,"played":[0.4281,0.5719],"evs":[0.0,0.91444]},"97s":{"weight":0.0323,"played":[0.7161,0.2839],"evs":[0.0,-0.60743]},"98s":{"weight":0.0,"played":[0.4599,0.5401],"evs":[0.0,-2.00787]},"99":{"weight":0.0312,"played":[0.0074,0.9926],"evs":[0.0,2.65477]},"T9o":{"weight":0.0,"played":[0.7532,0.2468],"evs":[0.0,-2.71921]},"J9o":{"weight":0.0,"played":[0.9161,0.0839],"evs":[0.0,-5.81073]},"Q9o":{"weight":0.0,"played":[0.9111,0.0889],"evs":[0.0,-3.40379]},"K9o":{"weight":0.0,"played":[0.9995,5.0E-4],"evs":[0.0,-3.90279]},"A9o":{"weight":0.2733,"played":[0.8821,0.1179],"evs":[0.0,-6.36548]},"T2s":{"weight":0.0,"played":[0.9957,0.0043],"evs":[0.0,-3.00526]},"T3s":{"weight":0.0,"played":[0.9969,0.0031],"evs":[0.0,-6.15306]},"T4s":{"weight":0.0,"played":[0.838,0.162],"evs":[0.0,-3.53776]},"T5s":{"weight":0.0,"played":[0.6816,0.3184],"evs":[0.0,-1.55486]},"T6s":{"weight":0.0,"played":[0.2035,0.7965],"evs":[0.0,-0.76493]},"T7s":{"weight":0.0,"played":[0.5183,0.4817],"evs":[0.0,-3.87196]},"T8s":{"weight":3.0E-4,"played":[0.6903,0.3097],"evs":[0.0,-2.52542]},"T9s":{"weight":4.0E-4,"played":[0.3937,0.6063],"evs":[0.0,1.03364]},"TT":{"weight":4.0E-4,"played":[0.2417,0.7583],"evs":[0.0,0.17654]},"JTo":{"weight":0.0,"played":[0.8427,0.1573],"evs":[0.0,-3.01906]},"QTo":{"weight":0.0025,"played":[0.9457,0.0543],"evs":[0.0,-4.15156]},"KTo":{"weight":0.0552,"played":[0.9267,0.0733],"evs":[0.0,-6.94552]},"ATo":{"weight":0.3843,"played":[0.9358,0.0642],"evs":[0.0,-5.08388]},"J2s":{"weight":0.0,"played":[0.8205,0.1795],"evs":[0.0,-3.80214]},"J3s":{"weight":0.0,"played":[0.8699,0.1301],"evs":[0.0,-7.19007]},"J4s":{"weight":0.0,"played":[0.9974,0.0026],"evs":[0.0,-5.22522]},"J5s":{"weight":0.0,"played":[0.9906,0.0094],"evs":[0.0,-6.99617]},"J6s":{"weight":0.0,"played":[0.85,0.15],"evs":[0.0,-3.7514]},"J7s":{"weight":0.0,"played":[0.8003,0.1997],"evs":[0.0,-4.05235]},"J8s":{"weight":0.0,"played":[0.7328,0.2672],"evs":[0.0,-7.8001]},"J9s":{"weight":0.0,"played":[0.6859,0.3141],"evs":[0.0,-3.38143]},"JTs":{"weight":0.0492,"played":[0.6077,0.3923],"evs":[0.0,-2.41]},"JJ":{"weight":0.4248,"played":[0.001,0.999],"evs":[0.0,3.39127]},"QJo":{"weight":0.14,"played":[0.5948,0.4052],"evs":[0.0,-4.96228]},"KJo":{"weight":0.0637,"played":[0.8108,0.1892],"evs":[0.0,-5.20155]},"AJo":{"weight":0.0111,"played":[0.399,0.601],"evs":[0.0,-3.40527]},"Q2s":{"weight":0.0,"played":[0.8939,0.1061],"evs":[0.0,-4.74587]},"Q3s":{"weight":0.0,"played":[0.8828,0.1172],"evs":[0.0,-5.57298]},"Q4s":{"weight":0.0,"played":[0.7809,0.2191],"evs":[0.0,-2.62336]},"Q5s":{"weight":0.0,"played":[0.1404,0.8596],"evs":[0.0,0.12929]},"Q6s":{"weight":0.0,"played":[0.7353,0.2647],"evs":[0.0,-5.96659]},"Q7s":{"weight":0.0,"played":[0.3815,0.6185],"evs":[0.0,1.14302]},"Q8s":{"weight":0.5021,"played":[0.9523,0.0477],"evs":[0.0,-5.96149]},"Q9s":{"weight":0.146,"played":[0.7151,0.2849],"evs":[0.0,-5.72982]},"QTs":{"weight":0.1745,"played":[0.775,0.225],"evs":[0.0,-3.74117]},"QJs":{"weight":0.0152,"played":[0.7275,0.2725],"evs":[0.0,-5.27049]},"QQ":{"weight":0.7692,"played":[0.0017,0.9983],"evs":[0.0,6.82039]},"KQo":{"weight":0.033,"played":[0.7641,0.2359],"evs":[0.0,-4.11921]},"AQo":{"weight":0.2462,"played":[0.4828,0.5172],"evs":[0.0,-2.04952]},"K2s":{"weight":0.0,"played":[0.8688,0.1312],"evs":[0.0,-3.54258]},"K3s":{"weight":0.0,"played":[0.9747,0.0253],"evs":[0.0,-7.53703]},"K4s":{"weight":0.0,"played":[0.6162,0.3838],"evs":[0.0,-3.45004]},"K5s":{"weight":0.0,"played":[0.9966,0.0034],"evs":[0.0,-6.75545]},"K6s":{"weight":0.0181,"played":[0.9429,0.0571],"evs":[0.0,-5.62057]},"K7s":{"weight":0.2721,"played":[0.9974,0.0026],"evs":[0.0,-10.33232]},"K8s":{"weight":0.2022,"played":[0.7799,0.2201],"evs":[0.0,-7.15811]},"K9s":{"weight":0.0629,"played":[0.8328,0.1672],"evs":[0.0,-1.9641]},"KTs":{"weight":0.1402,"played":[0.6553,0.3447],"evs":[0.0,-3.43726]},"KJs":{"weight":0.2708,"played":[0.3415,0.6585],"evs":[0.0,0.06887]},"KQs":{"weight":0.0023,"played":[0.0082,0.9918],"evs":[0.0,2.01487]},"KK":{"weight":0.3101,"played":[2.0E-4,0.9998],"evs":[0.0,19.02815]},"AKo":{"weight":0.118,"played":[4.0E-4,0.9996],"evs":[0.0,0.68143]},"A2s":{"weight":3.0E-4,"played":[0.5929,0.4071],"evs":[0.0,-0.73175]},"A3s":{"weight":0.001,"played":[0.7759,0.2241],"evs":[0.0,-0.77661]},"A4s":{"weight":0.0083,"played":[0.2606,0.7394],"evs":[0.0,4.50596]},"A5s":{"weight":0.0242,"played":[0.2216,0.7784],"evs":[0.0,0.73287]},"A6s":{"weight":0.241,"played":[0.6497,0.3503],"evs":[0.0,-4.44717]},"A7s":{"weight":0.0935,"played":[0.5093,0.4907],"evs":[0.0,0.55041]},"A8s":{"weight":0.0172,"played":[0.0577,0.9423],"evs":[0.0,-0.68366]},"A9s":{"weight":0.0,"played":[0.7438,0.2562],"evs":[0.0,-5.13039]},"ATs":{"weight":0.0,"played":[0.617,0.383],"evs":[0.0,-4.81356]},"AJs":{"weight":4.0E-4,"played":[0.5939,0.4061],"evs":[0.0,-2.57875]},"AQs":{"weight":0.0,"played":[0.8028,0.1972],"evs":[0.0,-5.56112]},"AKs":{"weight":0.9991,"played":[0.0127,0.9873],"evs":[0.0,3.95614]},"AA":{"weight":0.5172,"played":[0.0,1.0],"evs":[0.0,33.53472]}}}