{"player":2,"street":0,"children":2,"sequence":[{"player":0,"type":"R","amount":200000,"street":0},{"player":1,"type":"F","amount":0,"street":0},{"player":2,"type":"R","amount":500000,"street":0},{"player":3,"type":"R","amount":2985000,"street":0},{"player":4,"type":"C","amount":1035000,"street":0},{"player":5,"type":"F","amount":0,"street":0},{"player":0,"type":"C","amount":2385000,"street":0}],"actions":[{"type":"F","amount":0},{"type":"C","amount":2485000}],"hands":{"22":{"weight":0.0,"played":[0.9734,0.0266],"evs":[0.0,-5.61926]},"32o":{"weight":0.0,"played":[0.994,0.006],"evs":[0.0,-5.00516]},"42o":{"weight":0.0,"played":[0.9924,0.0076],"evs":[0.0,-8.13065]},"52o":{"weight":0.0,"played":[0.9931,0.0069],"evs":[0.0,-5.32854]},"62o":{"weight":0.0,"played":[0.996,0.004],"evs":[0.0,-7.18329]},"72o":{"weight":0.0,"played":[0.9995,5.0E-4],"evs":[0.0,-7.83801]},"82o":{"weight":0.0,"played":[0.991,0.009],"evs":[0.0,-8.56215]},"92o":{"weight":0.0,"played":[0.9998,2.0E-4],"evs":[0.0,-7.243]},"T2o":{"weight":0.0,"played":[0.9989,0.0011],"evs":[0.0,-8.85008]},"J2o":{"weight":0.0,"played":[0.9989,0.0011],"evs":[0.0,-7.93521]},"Q2o":{"weight":0.0,"played":[0.9988,0.0012],"evs":[0.0,-7.32443]},"K2o":{"weight":0.0,"played":[0.9997,3.0E-4],"evs":[0.0,-6.49062]},"A2o":{"weight":0.0,"played":[0.9994,6.0E-4],"evs":[0.0,-7.20122]},"32s":{"weight":0.0,"played":[0.9502,0.0498],"evs":[0.0,-3.92046]},"33":{"weight":0.0,"played":[0.8807,0.1193],"evs":[0.0,-1.9952]},"43o":{"weight":0.0,"played":[0.9939,0.0061],"evs":[0.0,-4.81065]},"53o":{"weight":0.0,"played":[0.9982,0.0018],"evs":[0.0,-5.26588]},"63o":{"weight":0.0,"played":[0.9995,5.0E-4],"evs":[0.0,-5.4501]},"73o":{"weight":0.0,"played":[0.9927,0.0073],"evs":[0.0,-6.60187]},"83o":{"weight":0.0,"played":[0.9905,0.0095],"evs":[0.0,-9.21551]},"93o":{"weight":0.0,"played":[0.9968,0.0032],"evs":[0.0,-8.54112]},"T3o":{"weight":0.0,"played":[0.9835,0.0165],"evs":[0.0,-7.14183]},"J3o":{"weight":0.0,"played":[0.9987,0.0013],"evs":[0.0,-7.05067]},"Q3o":{"weight":0.0,"played":[0.9897,0.0103],"evs":[0.0,-7.75822]},"K3o":{"weight":0.0,"played":[0.9991,9.0E-4],"evs":[0.0,-7.44023]},"A3o":{"weight":0.0,"played":[0.9964,0.0036],"evs":[0.0,-5.09475]},"42s":{"weight":0.0,"played":[0.9406,0.0594],"evs":[0.0,-5.70348]},"43s":{"weight":0.0,"played":[0.8975,0.1025],"evs":[0.0,-4.13369]},"44":{"weight":0.0,"played":[0.9739,0.0261],"evs":[0.0,-6.11688]},"54o":{"weight":0.0,"played":[0.9933,0.0067],"evs":[0.0,-4.15477]},"64o":{"weight":0.0,"played":[0.9923,0.0077],"evs":[0.0,-5.08758]},"74o":{"weight":0.0,"played":[0.9998,2.0E-4],"evs":[0.0,-7.26354]},"84o":{"weight":0.0,"played":[0.9961,0.0039],"evs":[0.0,-8.28932]},"94o":{"weight":0.0,"played":[0.9994,6.0E-4],"evs":[0.0,-7.82196]},"T4o":{"weight":0.0,"played":[1.0,0.0],"evs":[0.0,-7.66631]},"J4o":{"weight":0.0,"played":[0.9992,8.0E-4],"evs":[0.0,-9.34973]},"Q4o":{"weight":0.0,"played":[1.0,0.0],"evs":[0.0,-7.70805]},"K4o":{"weight":0.0,"played":[0.9994,6.0E-4],"evs":[0.0,-8.46017]},"A4o":{"weight":0.0,"played":[0.9962,0.0038],"evs":[0.0,-6.57093]},"52s":{"weight":0.0,"played":[0.8072,0.1928],"evs":[0.0,-0.16894]},"53s":{"weight":0.0,"played":[0.8949,0.1051],"evs":[0.0,-2.73906]},"54s":{"weight":0.0,"played":[0.3383,0.6617],"evs":[0.0,-1.25898]},"55":{"weight":0.0335,"played":[0.4483,0.5517],"evs":[0.0,0.70106]},"65o":{"weight":0.0,"played":[0.9972,0.0028],"evs":[0.0,-1.27314]},"75o":{"weight":0.0,"played":[0.9997,3.0E-4],"evs":[0.0,-1.58834]},"85o":{"weight":0.0,"played":[0.9764,0.0236],"evs":[0.0,-4.03764]},"95o":{"weight":0.0,"played":[0.996,0.004],"evs":[0.0,-5.32526]},"T5o":{"weight":0.0,"played":[0.9902,0.0098],"evs":[0.0,-8.31979]},"J5o":{"weight":0.0,"played":[0.9975,0.0025],"evs":[0.0,-6.28225]},"Q5o":{"weight":0.0,"played":[0.9931,0.0069],"evs":[0.0,-6.67743]},"K5o":{"weight":0.0,"played":[0.9951,0.0049],"evs":[0.0,-6.81404]},"A5o":{"weight":0.0,"played":[0.9913,0.0087],"evs":[0.0,-4.27347]},"62s":{"weight":0.0,"played":[0.8669,0.1331],"evs":[0.0,-6.02199]},"63s":{"weight":0.0,"played":[0.9971,0.0029],"evs":[0.0,-5.18419]},"64s":{"weight":0.0,"played":[0.2915,0.7085],"evs":[0.0,0.34273]},"65s":{"weight":0.0,"played":[0.1443,0.8557],"evs":[0.0,1.01084]},"66":{"weight":0.0662,"played":[0.9308,0.0692],"evs":[0.0,-1.06818]},"76o":{"weight":0.0,"played":[0.9988,0.0012],"evs":[0.0,-3.84808]},"86o":{"weight":0.0,"played":[0.9954,0.0046],"evs":[0.0,-4.96617]},"96o":{"weight":0.0,"played":[0.9984,0.0016],"evs":[0.0,-5.64995]},"T6o":{"weight":0.0,"played":[0.9933,0.0067],"evs":[0.0,-6.69169]},"J6o":{"weight":0.0,"played":[0.9851,0.0149],"evs":[0.0,-8.08627]},"Q6o":{"weight":0.0,"played":[0.9529,0.0471],"evs":[0.0,-6.76431]},"K6o":{"weight":0.0,"played":[0.9979,0.0021],"evs":[0.0,-8.35736]},"A6o":{"weight":0.0,"played":[0.9989,0.0011],"evs":[0.0,-6.28749]},"72s":{"weight":0.0,"played":[0.9913,0.0087],"evs":[0.0,-6.46329]},"73s":{"weight":0.0,"played":[0.9133,0.0867],"evs":[0.0,-5.82249]},"74s":{"weight":0.0,"played":[0.9513,0.0487],"evs":[0.0,-2.68756]},"75s":{"weight":0.0,"played":[0.9668,0.0332],"evs":[0.0,-4.21045]},"76s":{"weight":0.0,"played":[0.9995,5.0E-4],"evs":[0.0,-2.86573]},"77":{"weight":0.0309,"played":[0.6028,0.3972],"evs":[0.0,-2.14829]},"87o":{"weight":0.0,"played":[0.9542,0.0458],"evs":[0.0,-1.91458]},"97o":{"weight":0.0,"played":[0.9878,0.0122],"evs":[0.0,-4.86245]},"T7o":{"weight":0.0,"played":[0.9889,0.0111],"evs":[0.0,-5.04968]},"J7o":{"weight":0.0,"played":[0.9869,0.0131],"evs":[0.0,-7.58928]},"Q7o":{"weight":0.0,"played":[0.9928,0.0072],"evs":[0.0,-7.01381]},"K7o":{"weight":0.0,"played":[0.9998,2.0E-4],"evs":[0.0,-7.04862]},"A7o":{"weight":0.0,"played":[0.9148,0.0852],"evs":[0.0,-2.7896]},"82s":{"weight":0.0,"played":[0.9412,0.0588],"evs":[0.0,-7.95656]},"83s":{"weight":0.0,"played":[0.976,0.024],"evs":[0.0,-5.34437]},"84s":{"weight":0.0,"played":[0.7565,0.2435],"evs":[0.0,-5.29401]},"85s":{"weight":0.0,"played":[0.6643,0.3357],"evs":[0.0,-0.1091]},"86s":{"weight":0.0,"played":[0.8827,0.1173],"evs":[0.0,-2.84764]},"87s":{"weight":0.0198,"played":[0.509,0.491],"evs":[0.0,0.76906]},"88":{"weight":0.106,"played":[0.2522,0.7478],"evs":[0.0,-1.4636]},"98o":{"weight":0.0,"played":[0.9815,0.0185],"evs":[0.0,-4.66537]},"T8o":{"weight":0.0,"played":[0.995,0.005],"evs":[0.0,-6.02155]},"J8o":{"weight":0.0,"played":[0.9886,0.0114],"evs":[0.0,-5.74391]},"Q8o":{"weight":0.0,"played":[0.9264,0.0736],"evs":[0.0,-6.43316]},"K8o":{"weight":0.0,"played":[0.9892,0.0108],"evs":[0.0,-5.95461]},"A8o":{"weight":0.0,"played":[0.973,0.027],"evs":[0.0,-6.06925]},"92s":{"weight":0.0,"played":[0.9993,7.0E-4],"evs":[0.0,-5.85749]},"93s":{"weight":0.0,"played":[0.8041,0.1959],"evs":[0.0,-4.39491]},"94s":{"weight":0.0,"played":[0.9898,0.0102],"evs":[0.0,-2.67315]},"95s":{"weight":0.0,"played":[0.9714,0.0286],"evs":[0.0,-3.84173]},"96s":{"weight":0.0,"played":[0.9462,0.0538],"evs":[0.0,-1.95191]},"97s":{"weight":0.0323,"played":[0.75,0.25],"evs":[0.0,-2.49274]},"98s":{"weight":0.0,"played":[0.8671,0.1329],"evs":[0.0,-5.10771]},"99":{"weight":0.0312,"played":[2.0E-4,0.9998],"evs":[0.0,1.91924]},"T9o":{"weight":0.0,"played":[0.9897,0.0103],"evs":[0.0,-6.70041]},"J9o":{"weight":0.0,"played":[0.9826,0.0174],"evs":[0.0,-7.55352]},"Q9o":{"weight":0.0,"played":[0.9995,5.0E-4],"evs":[0.0,-4.47631]},"K9o":{"weight":0.0,"played":[0.8742,0.1258],"evs":[0.0,-5.18209]},"A9o":{"weight":0.2733,"played":[0.9391,0.0609],"evs":[0.0,-3.82689]},"T2s":{"weight":0.0,"played":[0.9545,0.0455],"evs":[0.0,-4.55965]},"T3s":{"weight":0.0,"played":[0.8869,0.1131],"evs":[0.0,-7.43945]},"T4s":{"weight":0.0,"played":[0.8759,0.1241],"evs":[0.0,-3.77445]},"T5s":{"weight":0.0,"played":[0.9349,0.0651],"evs":[0.0,-4.97469]},"T6s":{"weight":0.0,"played":[0.7635,0.2365],"evs":[0.0,-2.84034]},"T7s":{"weight":0.0,"played":[0.2832,0.7168],"evs":[0.0,-0.72945]},"T8s":{"weight":3.0E-4,"played":[0.8123,0.1877],"evs":[0.0,-3.90248]},"T9s":{"weight":4.0E-4,"played":[0.7863,0.2137],"evs":[0.0,-1.28688]},"TT":{"weight":4.0E-4,"played":[0.021,0.979],"evs":[0.0,1.59119]},"JTo":{"weight":0.0,"played":[0.9242,0.0758],"evs":[0.0,-6.71044]},"QTo":{"weight":0.0025,"played":[0.9949,0.0051],"evs":[0.0,-6.58561]},"KTo":{"weight":0.0552,"played":[0.9593,0.0407],"evs":[0.0,-7.36061]},"ATo":{"weight":0.3843,"played":[0.9716,0.0284],"evs":[0.0,-4.35554]},"J2s":{"weight":0.0,"played":[0.9505,0.0495],"evs":[0.0,-5.99336]},"J3s":{"weight":0.0,"played":[0.9956,0.0044],"evs":[0.0,-5.55064]},"J4s":{"weight":0.0,"played":[0.9066,0.0934],"evs":[0.0,-0.5774]},"J5s":{"weight":0.0,"played":[0.8416,0.1584],"evs":[0.0,-4.80923]},"J6s":{"weight":0.0,"played":[0.9795,0.0205],"evs":[0.0,-3.34504]},"J7s":{"weight":0.0,"played":[0.9956,0.0044],"evs":[0.0,-3.03709]},"J8s":{"weight":0.0,"played":[0.913,0.087],"evs":[0.0,-6.40316]},"J9s":{"weight":0.0,"played":[0.6064,0.3936],"evs":[0.0,-2.86303]},"JTs":{"weight":0.0492,"played":[0.4447,0.5553],"evs":[0.0,-0.72615]},"JJ":{"weight":0.4248,"played":[0.0,1.0],"evs":[0.0,0.63004]},"QJo":{"weight":0.14,"played":[0.7667,0.2333],"evs":[0.0,-5.08536]},"KJo":{"weight":0.0637,"played":[0.9625,0.0375],"evs":[0.0,-6.70473]},"AJo":{"weight":0.0111,"played":[0.9375,0.0625],"evs":[0.0,-5.99775]},"Q2s":{"weight":0.0,"played":[0.987,0.013],"evs":[0.0,-4.51597]},"Q3s":{"weight":0.0,"played":[0.9955,0.0045],"evs":[0.0,-6.45786]},"Q4s":{"weight":0.0,"played":[0.9166,0.0834],"evs":[0.0,-1.63382]},"Q5s":{"weight":0.0,"played":[0.9973,0.0027],"evs":[0.0,-3.98007]},"Q6s":{"weight":0.0,"played":[0.4809,0.5191],"evs":[0.0,-2.01202]},"Q7s":{"weight":0.0,"played":[0.9045,0.0955],"evs":[0.0,-4.4479]},"Q8s":{"weight":0.5021,"played":[0.7159,0.2841],"evs":[0.0,-2.26724]},"Q9s":{"weight":0.146,"played":[0.7915,0.2085],"evs":[0.0,-3.36666]},"QTs":{"weight":0.1745,"played":[0.3127,0.6873],"evs":[0.0,-0.18778]},"QJs":{"weight":0.0152,"played":[0.5439,0.4561],"evs":[0.0,-1.98253]},"QQ":{"weight":0.7692,"played":[0.0,1.0],"evs":[0.0,5.55457]},"KQo":{"weight":0.033,"played":[0.6163,0.3837],"evs":[0.0,-3.28022]},"AQo":{"weight":0.2462,"played":[0.9445,0.0555],"evs":[0.0,-2.19007]},"K2s":{"weight":0.0,"played":[0.7983,0.2017],"evs":[0.0,-3.62048]},"K3s":{"weight":0.0,"played":[0.9596,0.0404],"evs":[0.0,-5.2873]},"K4s":{"weight":0.0,"played":[0.8526,0.1474],"evs":[0.0,-2.66119]},"K5s":{"weight":0.0,"played":[0.9052,0.0948],"evs":[0.0,-6.61557]},"K6s":{"weight":0.0181,"played":[0.8263,0.1737],"evs":[0.0,-6.676]},"K7s":{"weight":0.2721,"played":[0.9738,0.0262],"evs":[0.0,-1.58616]},"K8s":{"weight":0.2022,"played":[0.8848,0.1152],"evs":[0.0,-5.9626]},"K9s":{"weight":0.0629,"played":[0.6414,0.3586],"evs":[0.0,-4.29635]},"KTs":{"weight":0.1402,"played":[0.0748,0.9252],"evs":[0.0,2.08677]},"KJs":{"weight":0.2708,"played":[0.6539,0.3461],"evs":[0.0,-1.49437]},"KQs":{"weight":0.0023,"played":[0.8875,0.1125],"evs":[0.0,-2.75991]},"KK":{"weight":0.3101,"played":[1.0E-4,0.9999],"evs":[0.0,14.57478]},"AKo":{"weight":0.118,"played":[1.0E-4,0.9999],"evs":[0.0,1.7565]},"A2s":{"weight":3.0E-4,"played":[0.9343,0.0657],"evs":[0.0,-2.61227]},"A3s":{"weight":0.001,"played":[0.3922,0.6078],"evs":[0.0,0.76533]},"A4s":{"weight":0.0083,"played":[0.8744,0.1256],"evs":[0.0,-3.89888]},"A5s":{"weight":0.0242,"played":[0.8666,0.1334],"evs":[0.0,-3.08626]},"A6s":{"weight":0.241,"played":[0.9507,0.0493],"evs":[0.0,-0.15941]},"A7s":{"weight":0.0935,"played":[0.9977,0.0023],"evs":[0.0,-2.33338]},"A8s":{"weight":0.0172,"played":[0.766,0.234],"evs":[0.0,-2.19878]},"A9s":{"weight":0.0,"played":[0.6511,0.3489],"evs":[0.0,-2.18636]},"ATs":{"weight":0.0,"played":[0.0551,0.9449],"evs":[0.0,0.04926]},"AJs":{"weight":4.0E-4,"played":[0.6445,0.3555],"evs":[0.0,-0.96512]},"AQs":{"weight":0.0,"played":[0.8448,0.1552],"evs":[0.0,-3.23009]},"AKs":{"weight":0.9991,"played":[0.0045,0.9955],"evs":[0.0,5.55326]},"AA":{"weight":0.5172,"played":[0.0,1.0],"evs":[0.0,27.50281]}}}