{"player":5,"street":0,"children":3,"sequence":[{"player":0,"type":"F","amount":0,"street":0},{"player":1,"type":"F","amount":0,"street":0},{"player":2,"type":"F","amount":0,"street":0},{"player":3,"type":"F","amount":0,"street":0},{"player":4,"type":"C","amount":50000,"street":0}],"actions":[{"type":"F","amount":0},{"type":"X","amount":0},{"type":"R","amount":1085000,"node":6}],"hands":{"22":{"weight":1.0,"played":[0.0,0.0,1.0],"evs":[0.0,0.97861,1.03005]},"32o":{"weight":1.0,"played":[0.0,1.0,0.0],"evs":[0.0,0.51875,0.44039]},"42o":{"weight":1.0,"played":[0.0,1.0,0.0],"evs":[0.0,0.53823,0.45351]},"52o":{"weight":1.0,"played":[0.0,1.0,0.0],"evs":[0.0,0.55802,0.50234]},"62o":{"weight":1.0,"played":[0.0,1.0,0.0],"evs":[0.0,0.49808,0.43429]},"72o":{"weight":1.0,"played":[0.0,1.0,0.0],"evs":[0.0,0.49166,0.42489]},"82o":{"weight":1.0,"played":[0.0,1.0,0.0],"evs":[0.0,0.53896,0.52714]},"92o":{"weight":1.0,"played":[0.0,0.4501,0.5499],"evs":[0.0,0.59826,0.60272]},"T2o":{"weight":1.0,"played":[0.0,0.0516,0.9484],"evs":[0.0,0.67623,0.69551]},"J2o":{"weight":1.0,"played":[0.0,0.0,1.0],"evs":[0.0,0.78595,0.83241]},"Q2o":{"weight":1.0,"played":[0.0,0.0,1.0],"evs":[0.0,0.99148,1.07198]},"K2o":{"weight":1.0,"played":[0.0,0.0,1.0],"evs":[0.0,1.32496,1.44762]},"A2o":{"weight":1.0,"played":[0.0,0.0,1.0],"evs":[0.0,1.49967,1.62355]},"32s":{"weight":1.0,"played":[0.0,1.0,0.0],"evs":[0.0,0.74733,0.66237]},"33":{"weight":1.0,"played":[0.0,0.0,1.0],"evs":[0.0,1.00928,1.04617]},"43o":{"weight":1.0,"played":[0.0,1.0,0.0],"evs":[0.0,0.58549,0.52241]},"53o":{"weight":1.0,"played":[0.0,0.9995,5.0E-4],"evs":[0.0,0.61412,0.55962]},"63o":{"weight":1.0,"played":[0.0,1.0,0.0],"evs":[0.0,0.56065,0.51621]},"73o":{"weight":1.0,"played":[0.0,1.0,0.0],"evs":[0.0,0.53233,0.4938]},"83o":{"weight":1.0,"played":[0.0,0.9995,5.0E-4],"evs":[0.0,0.55373,0.53379]},"93o":{"weight":1.0,"played":[0.0,0.4086,0.5914],"evs":[0.0,0.61861,0.62582]},"T3o":{"weight":1.0,"played":[0.0,0.0056,0.9944],"evs":[0.0,0.6869,0.71017]},"J3o":{"weight":1.0,"played":[0.0,4.0E-4,0.9996],"evs":[0.0,0.80912,0.85519]},"Q3o":{"weight":1.0,"played":[0.0,0.0,1.0],"evs":[0.0,1.02624,1.08961]},"K3o":{"weight":1.0,"played":[0.0,0.0,1.0],"evs":[0.0,1.35555,1.45756]},"A3o":{"weight":1.0,"played":[0.0,0.0,1.0],"evs":[0.0,1.5294,1.64366]},"42s":{"weight":1.0,"played":[0.0,1.0,0.0],"evs":[0.0,0.76693,0.66535]},"43s":{"weight":1.0,"played":[0.0,1.0,0.0],"evs":[0.0,0.81716,0.72915]},"44":{"weight":1.0,"played":[0.0,0.9481,0.0519],"evs":[0.0,1.06257,1.05697]},"54o":{"weight":1.0,"played":[0.0,1.0,0.0],"evs":[0.0,0.66368,0.63026]},"64o":{"weight":1.0,"played":[0.0,1.0,0.0],"evs":[0.0,0.62621,0.58301]},"74o":{"weight":1.0,"played":[0.0,1.0,0.0],"evs":[0.0,0.60114,0.56045]},"84o":{"weight":1.0,"played":[0.0,0.8801,0.1199],"evs":[0.0,0.59412,0.58503]},"94o":{"weight":1.0,"played":[0.0,0.9864,0.0136],"evs":[0.0,0.62338,0.6152]},"T4o":{"weight":1.0,"played":[0.0,0.4198,0.5802],"evs":[0.0,0.70859,0.71499]},"J4o":{"weight":1.0,"played":[0.0,0.002,0.998],"evs":[0.0,0.8252,0.86861]},"Q4o":{"weight":1.0,"played":[0.0,1.0E-4,0.9999],"evs":[0.0,1.04646,1.09889]},"K4o":{"weight":1.0,"played":[0.0,0.0,1.0],"evs":[0.0,1.37799,1.4743]},"A4o":{"weight":1.0,"played":[0.0,0.0,1.0],"evs":[0.0,1.5598,1.6574]},"52s":{"weight":1.0,"played":[0.0,0.9998,2.0E-4],"evs":[0.0,0.79106,0.7197]},"53s":{"weight":1.0,"played":[0.0,0.9999,1.0E-4],"evs":[0.0,0.84299,0.76851]},"54s":{"weight":1.0,"played":[0.0,1.0,0.0],"evs":[0.0,0.90214,0.83852]},"55":{"weight":1.0,"played":[0.0,0.8519,0.1481],"evs":[0.0,1.16269,1.16404]},"65o":{"weight":1.0,"played":[0.0,1.0,0.0],"evs":[0.0,0.69535,0.65967]},"75o":{"weight":1.0,"played":[0.0,0.9998,2.0E-4],"evs":[0.0,0.67185,0.64475]},"85o":{"weight":1.0,"played":[0.0,0.0408,0.9592],"evs":[0.0,0.66836,0.67745]},"95o":{"weight":1.0,"played":[0.0,0.0153,0.9847],"evs":[0.0,0.67667,0.69586]},"T5o":{"weight":1.0,"played":[0.0,0.4725,0.5275],"evs":[0.0,0.72296,0.72678]},"J5o":{"weight":1.0,"played":[0.0,1.0E-4,0.9999],"evs":[0.0,0.85042,0.88636]},"Q5o":{"weight":1.0,"played":[0.0,0.0063,0.9937],"evs":[0.0,1.10188,1.13886]},"K5o":{"weight":1.0,"played":[0.0,0.0,1.0],"evs":[0.0,1.41955,1.50172]},"A5o":{"weight":1.0,"played":[0.0,0.0,1.0],"evs":[0.0,1.61663,1.69504]},"62s":{"weight":1.0,"played":[0.0,1.0,0.0],"evs":[0.0,0.73318,0.678]},"63s":{"weight":1.0,"played":[0.0,0.9999,1.0E-4],"evs":[0.0,0.78706,0.7109]},"64s":{"weight":1.0,"played":[0.0,1.0,0.0],"evs":[0.0,0.86003,0.77766]},"65s":{"weight":1.0,"played":[0.0,0.9999,1.0E-4],"evs":[0.0,0.9256,0.86899]},"66":{"weight":1.0,"played":[0.0,0.0,1.0],"evs":[0.0,1.3104,1.35474]},"76o":{"weight":1.0,"played":[0.0,0.9998,2.0E-4],"evs":[0.0,0.74673,0.73252]},"86o":{"weight":1.0,"played":[0.0,0.4877,0.5123],"evs":[0.0,0.76752,0.77433]},"96o":{"weight":1.0,"played":[0.0,0.2537,0.7463],"evs":[0.0,0.78192,0.78426]},"T6o":{"weight":1.0,"played":[0.0,0.5626,0.4374],"evs":[0.0,0.81301,0.81275]},"J6o":{"weight":1.0,"played":[0.0,0.549,0.451],"evs":[0.0,0.90734,0.91163]},"Q6o":{"weight":1.0,"played":[0.0,0.0556,0.9444],"evs":[0.0,1.17105,1.17679]},"K6o":{"weight":1.0,"played":[0.0,0.0,1.0],"evs":[0.0,1.45367,1.54901]},"A6o":{"weight":1.0,"played":[0.0,0.0,1.0],"evs":[0.0,1.58416,1.69386]},"72s":{"weight":1.0,"played":[0.0,0.9999,1.0E-4],"evs":[0.0,0.71928,0.64039]},"73s":{"weight":1.0,"played":[0.0,0.9999,1.0E-4],"evs":[0.0,0.76816,0.70013]},"74s":{"weight":1.0,"played":[0.0,1.0,0.0],"evs":[0.0,0.84092,0.76713]},"75s":{"weight":1.0,"played":[0.0,0.9997,3.0E-4],"evs":[0.0,0.9254,0.86358]},"76s":{"weight":1.0,"played":[0.0,1.0,0.0],"evs":[0.0,0.98856,0.92626]},"77":{"weight":1.0,"played":[0.0,0.0,1.0],"evs":[0.0,1.4715,1.57195]},"87o":{"weight":1.0,"played":[0.0,0.7352,0.2648],"evs":[0.0,0.85193,0.85045]},"97o":{"weight":1.0,"played":[0.0,0.9841,0.0159],"evs":[0.0,0.88834,0.88272]},"T7o":{"weight":1.0,"played":[0.0,0.9995,5.0E-4],"evs":[0.0,0.92458,0.90574]},"J7o":{"weight":1.0,"played":[0.0,0.9874,0.0126],"evs":[0.0,1.03513,1.02388]},"Q7o":{"weight":1.0,"played":[0.0,0.0971,0.9029],"evs":[0.0,1.23788,1.24029]},"K7o":{"weight":1.0,"played":[0.0,0.0,1.0],"evs":[0.0,1.48833,1.61322]},"A7o":{"weight":1.0,"played":[0.0,0.0,1.0],"evs":[0.0,1.64258,1.769]},"82s":{"weight":1.0,"played":[0.0,0.9993,7.0E-4],"evs":[0.0,0.7806,0.73163]},"83s":{"weight":1.0,"played":[0.0,0.9995,5.0E-4],"evs":[0.0,0.79757,0.73856]},"84s":{"weight":1.0,"played":[0.0,0.9999,1.0E-4],"evs":[0.0,0.83925,0.79963]},"85s":{"weight":1.0,"played":[0.0,0.9998,2.0E-4],"evs":[0.0,0.92315,0.89256]},"86s":{"weight":1.0,"played":[0.0,0.9985,0.0015],"evs":[0.0,1.01358,0.97415]},"87s":{"weight":1.0,"played":[0.0,0.9982,0.0018],"evs":[0.0,1.08564,1.03593]},"88":{"weight":1.0,"played":[0.0,1.0E-4,0.9999],"evs":[0.0,1.74124,1.85187]},"98o":{"weight":1.0,"played":[0.0,1.0,0.0],"evs":[0.0,1.04347,1.00688]},"T8o":{"weight":1.0,"played":[0.0,0.9999,1.0E-4],"evs":[0.0,1.10854,1.06559]},"J8o":{"weight":1.0,"played":[0.0,1.0,0.0],"evs":[0.0,1.2149,1.20328]},"Q8o":{"weight":1.0,"played":[0.0,0.6054,0.3946],"evs":[0.0,1.40994,1.40861]},"K8o":{"weight":1.0,"played":[0.0,0.0,1.0],"evs":[0.0,1.52382,1.68861]},"A8o":{"weight":1.0,"played":[0.0,0.0,1.0],"evs":[0.0,1.68251,1.85394]},"92s":{"weight":1.0,"played":[0.0,0.9902,0.0098],"evs":[0.0,0.84041,0.81107]},"93s":{"weight":1.0,"played":[0.0,1.0,0.0],"evs":[0.0,0.84902,0.83296]},"94s":{"weight":1.0,"played":[0.0,0.998,0.002],"evs":[0.0,0.87646,0.83443]},"95s":{"weight":1.0,"played":[0.0,0.9998,2.0E-4],"evs":[0.0,0.93982,0.90438]},"96s":{"weight":1.0,"played":[0.0,1.0,0.0],"evs":[0.0,1.03504,0.9924]},"97s":{"weight":1.0,"played":[0.0,1.0,0.0],"evs":[0.0,1.12136,1.05485]},"98s":{"weight":1.0,"played":[0.0,1.0,0.0],"evs":[0.0,1.28613,1.19111]},"99":{"weight":1.0,"played":[0.0,3.0E-4,0.9997],"evs":[0.0,2.08619,2.16531]},"T9o":{"weight":1.0,"played":[0.0,1.0,0.0],"evs":[0.0,1.27146,1.219]},"J9o":{"weight":1.0,"played":[0.0,0.8489,0.1511],"evs":[0.0,1.39349,1.38768]},"Q9o":{"weight":1.0,"played":[0.0,0.3505,0.6495],"evs":[0.0,1.57652,1.57702]},"K9o":{"weight":1.0,"played":[0.0,0.0,1.0],"evs":[0.0,1.6679,1.82882]},"A9o":{"weight":1.0,"played":[0.0,0.0,1.0],"evs":[0.0,1.72701,1.92927]},"T2s":{"weight":1.0,"played":[0.0,0.9967,0.0033],"evs":[0.0,0.94189,0.90111]},"T3s":{"weight":1.0,"played":[0.0,0.9985,0.0015],"evs":[0.0,0.94639,0.90847]},"T4s":{"weight":1.0,"played":[0.0,1.0,0.0],"evs":[0.0,0.96465,0.91617]},"T5s":{"weight":1.0,"played":[0.0,1.0,0.0],"evs":[0.0,0.98157,0.94066]},"T6s":{"weight":1.0,"played":[0.0,0.9996,4.0E-4],"evs":[0.0,1.07618,1.01895]},"T7s":{"weight":1.0,"played":[0.0,1.0,0.0],"evs":[0.0,1.17458,1.08691]},"T8s":{"weight":1.0,"played":[0.0,1.0,0.0],"evs":[0.0,1.35427,1.25047]},"T9s":{"weight":1.0,"played":[0.0,0.9998,2.0E-4],"evs":[0.0,1.52087,1.39763]},"TT":{"weight":1.0,"played":[0.0,0.6075,0.3925],"evs":[0.0,2.49012,2.48911]},"JTo":{"weight":1.0,"played":[0.0,1.0,0.0],"evs":[0.0,1.6146,1.57785]},"QTo":{"weight":1.0,"played":[0.0,0.9873,0.0127],"evs":[0.0,1.82453,1.81872]},"KTo":{"weight":1.0,"played":[0.0,0.0,1.0],"evs":[0.0,1.87518,2.00363]},"ATo":{"weight":1.0,"played":[0.0,0.0,1.0],"evs":[0.0,1.91895,2.1086]},"J2s":{"weight":1.0,"played":[0.0,0.9873,0.0127],"evs":[0.0,1.04907,1.04069]},"J3s":{"weight":1.0,"played":[0.0,0.9947,0.0053],"evs":[0.0,1.06814,1.05721]},"J4s":{"weight":1.0,"played":[0.0,0.9934,0.0066],"evs":[0.0,1.09131,1.06753]},"J5s":{"weight":1.0,"played":[0.0,0.9999,1.0E-4],"evs":[0.0,1.10758,1.10193]},"J6s":{"weight":1.0,"played":[0.0,0.9997,3.0E-4],"evs":[0.0,1.1813,1.1077]},"J7s":{"weight":1.0,"played":[0.0,1.0,0.0],"evs":[0.0,1.30745,1.21128]},"J8s":{"weight":1.0,"played":[0.0,1.0,0.0],"evs":[0.0,1.46576,1.39595]},"J9s":{"weight":1.0,"played":[0.0,1.0,0.0],"evs":[0.0,1.62574,1.53839]},"JTs":{"weight":1.0,"played":[0.0,1.0,0.0],"evs":[0.0,1.83172,1.71961]},"JJ":{"weight":1.0,"played":[0.0,1.0,0.0],"evs":[0.0,3.01149,2.85806]},"QJo":{"weight":1.0,"played":[0.0,0.1191,0.8809],"evs":[0.0,2.02078,2.03073]},"KJo":{"weight":1.0,"played":[0.0,1.0E-4,0.9999],"evs":[0.0,1.98435,2.06982]},"AJo":{"weight":1.0,"played":[0.0,0.0,1.0],"evs":[0.0,2.04018,2.17354]},"Q2s":{"weight":1.0,"played":[0.0,0.3202,0.6798],"evs":[0.0,1.26517,1.26242]},"Q3s":{"weight":1.0,"played":[0.0,0.9881,0.0119],"evs":[0.0,1.29945,1.28795]},"Q4s":{"weight":1.0,"played":[0.0,0.9767,0.0233],"evs":[0.0,1.30574,1.28591]},"Q5s":{"weight":1.0,"played":[0.0,0.9998,2.0E-4],"evs":[0.0,1.38495,1.32984]},"Q6s":{"weight":1.0,"played":[0.0,0.9994,6.0E-4],"evs":[0.0,1.44746,1.35536]},"Q7s":{"weight":1.0,"played":[0.0,1.0,0.0],"evs":[0.0,1.50229,1.42124]},"Q8s":{"weight":1.0,"played":[0.0,1.0,0.0],"evs":[0.0,1.66237,1.57806]},"Q9s":{"weight":1.0,"played":[0.0,0.9995,5.0E-4],"evs":[0.0,1.81308,1.72164]},"QTs":{"weight":1.0,"played":[0.0,1.0,0.0],"evs":[0.0,2.04079,1.95221]},"QJs":{"weight":1.0,"played":[0.0,1.0,0.0],"evs":[0.0,2.23905,2.15263]},"QQ":{"weight":1.0,"played":[0.0,1.0,0.0],"evs":[0.0,3.64714,3.21798]},"KQo":{"weight":1.0,"played":[0.0,2.0E-4,0.9998],"evs":[0.0,2.12853,2.16873]},"AQo":{"weight":1.0,"played":[0.0,0.0,1.0],"evs":[0.0,2.15949,2.24118]},"K2s":{"weight":1.0,"played":[0.0,0.0,1.0],"evs":[0.0,1.58664,1.61755]},"K3s":{"weight":1.0,"played":[0.0,0.0336,0.9664],"evs":[0.0,1.61437,1.63367]},"K4s":{"weight":1.0,"played":[0.0,0.9889,0.0111],"evs":[0.0,1.64152,1.63791]},"K5s":{"weight":1.0,"played":[0.0,0.9839,0.0161],"evs":[0.0,1.69964,1.68252]},"K6s":{"weight":1.0,"played":[0.0,0.6691,0.3309],"evs":[0.0,1.71691,1.71616]},"K7s":{"weight":1.0,"played":[0.0,0.0281,0.9719],"evs":[0.0,1.75754,1.77372]},"K8s":{"weight":1.0,"played":[0.0,0.0,1.0],"evs":[0.0,1.77291,1.82975]},"K9s":{"weight":1.0,"played":[0.0,0.0,1.0],"evs":[0.0,1.91605,1.97266]},"KTs":{"weight":1.0,"played":[0.0,0.0551,0.9449],"evs":[0.0,2.09268,2.13505]},"KJs":{"weight":1.0,"played":[0.0,0.7532,0.2468],"evs":[0.0,2.19513,2.19623]},"KQs":{"weight":1.0,"played":[0.0,1.0,0.0],"evs":[0.0,2.33239,2.29372]},"KK":{"weight":1.0,"played":[0.0,1.0,0.0],"evs":[0.0,3.85362,3.47115]},"AKo":{"weight":1.0,"played":[0.0,0.0,1.0],"evs":[0.0,2.17478,2.26573]},"A2s":{"weight":1.0,"played":[0.0,4.0E-4,0.9996],"evs":[0.0,1.76283,1.79906]},"A3s":{"weight":1.0,"played":[0.0,0.06,0.94],"evs":[0.0,1.79239,1.80891]},"A4s":{"weight":1.0,"played":[0.0,0.6876,0.3124],"evs":[0.0,1.81989,1.81868]},"A5s":{"weight":1.0,"played":[0.0,0.9153,0.0847],"evs":[0.0,1.87729,1.86038]},"A6s":{"weight":1.0,"played":[0.0,0.0342,0.9658],"evs":[0.0,1.84285,1.8584]},"A7s":{"weight":1.0,"played":[0.0,4.0E-4,0.9996],"evs":[0.0,1.89982,1.92844]},"A8s":{"weight":1.0,"played":[0.0,0.0,1.0],"evs":[0.0,1.93639,2.00207]},"A9s":{"weight":1.0,"played":[0.0,0.0,1.0],"evs":[0.0,1.96039,2.07138]},"ATs":{"weight":1.0,"played":[0.0,1.0E-4,0.9999],"evs":[0.0,2.15771,2.2315]},"AJs":{"weight":1.0,"played":[0.0,0.0036,0.9964],"evs":[0.0,2.25267,2.28731]},"AQs":{"weight":1.0,"played":[0.0,0.9889,0.0111],"evs":[0.0,2.36369,2.35753]},"AKs":{"weight":1.0,"played":[0.0,0.899,0.101],"evs":[0.0,2.39876,2.38864]},"AA":{"weight":1.0,"played":[0.0,1.0,0.0],"evs":[0.0,4.06937,3.67809]}}}