{"player":5,"street":0,"children":2,"sequence":[{"player":0,"type":"F","amount":0,"street":0},{"player":1,"type":"F","amount":0,"street":0},{"player":2,"type":"F","amount":0,"street":0},{"player":3,"type":"F","amount":0,"street":0},{"player":4,"type":"R","amount":1085000,"street":0}],"actions":[{"type":"F","amount":0},{"type":"C","amount":985000}],"hands":{"22":{"weight":1.0,"played":[0.0,1.0],"evs":[0.0,2.2213]},"32o":{"weight":1.0,"played":[1.0,0.0],"evs":[0.0,-1.38501]},"42o":{"weight":1.0,"played":[1.0,0.0],"evs":[0.0,-1.23252]},"52o":{"weight":1.0,"played":[1.0,0.0],"evs":[0.0,-1.11666]},"62o":{"weight":1.0,"played":[1.0,0.0],"evs":[0.0,-1.34315]},"72o":{"weight":1.0,"played":[1.0,0.0],"evs":[0.0,-1.45266]},"82o":{"weight":1.0,"played":[1.0,0.0],"evs":[0.0,-1.30348]},"92o":{"weight":1.0,"played":[1.0,0.0],"evs":[0.0,-1.19522]},"T2o":{"weight":1.0,"played":[1.0,0.0],"evs":[0.0,-1.02017]},"J2o":{"weight":1.0,"played":[1.0,0.0],"evs":[0.0,-0.87162]},"Q2o":{"weight":1.0,"played":[1.0,0.0],"evs":[0.0,-0.50945]},"K2o":{"weight":1.0,"played":[0.0,1.0],"evs":[0.0,0.36]},"A2o":{"weight":1.0,"played":[0.0,1.0],"evs":[0.0,2.27361]},"32s":{"weight":1.0,"played":[1.0,0.0],"evs":[0.0,-0.65487]},"33":{"weight":1.0,"played":[0.0,1.0],"evs":[0.0,2.62358]},"43o":{"weight":1.0,"played":[1.0,0.0],"evs":[0.0,-0.93359]},"53o":{"weight":1.0,"played":[1.0,0.0],"evs":[0.0,-0.80755]},"63o":{"weight":1.0,"played":[1.0,0.0],"evs":[0.0,-1.02957]},"73o":{"weight":1.0,"played":[1.0,0.0],"evs":[0.0,-1.14335]},"83o":{"weight":1.0,"played":[1.0,0.0],"evs":[0.0,-1.24072]},"93o":{"weight":1.0,"played":[1.0,0.0],"evs":[0.0,-1.06409]},"T3o":{"weight":1.0,"played":[1.0,0.0],"evs":[0.0,-0.90235]},"J3o":{"weight":1.0,"played":[1.0,0.0],"evs":[0.0,-0.7546]},"Q3o":{"weight":1.0,"played":[1.0,0.0],"evs":[0.0,-0.39705]},"K3o":{"weight":1.0,"played":[0.0,1.0],"evs":[0.0,0.49385]},"A3o":{"weight":1.0,"played":[0.0,1.0],"evs":[0.0,2.39231]},"42s":{"weight":1.0,"played":[1.0,0.0],"evs":[0.0,-0.53422]},"43s":{"weight":1.0,"played":[1.0,0.0],"evs":[0.0,-0.25122]},"44":{"weight":1.0,"played":[0.0,1.0],"evs":[0.0,3.0372]},"54o":{"weight":1.0,"played":[1.0,0.0],"evs":[0.0,-0.50165]},"64o":{"weight":1.0,"played":[1.0,0.0],"evs":[0.0,-0.71007]},"74o":{"weight":1.0,"played":[1.0,0.0],"evs":[0.0,-0.81305]},"84o":{"weight":1.0,"played":[1.0,0.0],"evs":[0.0,-0.91809]},"94o":{"weight":1.0,"played":[1.0,0.0],"evs":[0.0,-1.00077]},"T4o":{"weight":1.0,"played":[1.0,0.0],"evs":[0.0,-0.76269]},"J4o":{"weight":1.0,"played":[1.0,0.0],"evs":[0.0,-0.61997]},"Q4o":{"weight":1.0,"played":[1.0,0.0],"evs":[0.0,-0.24288]},"K4o":{"weight":1.0,"played":[0.0,1.0],"evs":[0.0,0.62649]},"A4o":{"weight":1.0,"played":[0.0,1.0],"evs":[0.0,2.51111]},"52s":{"weight":1.0,"played":[1.0,0.0],"evs":[0.0,-0.39649]},"53s":{"weight":1.0,"played":[0.9999,1.0E-4],"evs":[0.0,-0.12069]},"54s":{"weight":1.0,"played":[0.0,1.0],"evs":[0.0,0.1764]},"55":{"weight":1.0,"played":[0.0,1.0],"evs":[0.0,3.40247]},"65o":{"weight":1.0,"played":[1.0,0.0],"evs":[0.0,-0.3647]},"75o":{"weight":1.0,"played":[1.0,0.0],"evs":[0.0,-0.49743]},"85o":{"weight":1.0,"played":[1.0,0.0],"evs":[0.0,-0.58444]},"95o":{"weight":1.0,"played":[1.0,0.0],"evs":[0.0,-0.66199]},"T5o":{"weight":1.0,"played":[1.0,0.0],"evs":[0.0,-0.67739]},"J5o":{"weight":1.0,"played":[1.0,0.0],"evs":[0.0,-0.49523]},"Q5o":{"weight":1.0,"played":[1.0,0.0],"evs":[0.0,-0.12434]},"K5o":{"weight":1.0,"played":[0.0,1.0],"evs":[0.0,0.79797]},"A5o":{"weight":1.0,"played":[0.0,1.0],"evs":[0.0,2.68177]},"62s":{"weight":1.0,"played":[1.0,0.0],"evs":[0.0,-0.59473]},"63s":{"weight":1.0,"played":[1.0,0.0],"evs":[0.0,-0.36072]},"64s":{"weight":1.0,"played":[0.9843,0.0157],"evs":[0.0,-0.04058]},"65s":{"weight":1.0,"played":[0.0,1.0],"evs":[0.0,0.2573]},"66":{"weight":1.0,"played":[0.0,1.0],"evs":[0.0,3.69729]},"76o":{"weight":1.0,"played":[1.0,0.0],"evs":[0.0,-0.23564]},"86o":{"weight":1.0,"played":[1.0,0.0],"evs":[0.0,-0.3074]},"96o":{"weight":1.0,"played":[1.0,0.0],"evs":[0.0,-0.40614]},"T6o":{"weight":1.0,"played":[1.0,0.0],"evs":[0.0,-0.43877]},"J6o":{"weight":1.0,"played":[1.0,0.0],"evs":[0.0,-0.50267]},"Q6o":{"weight":1.0,"played":[0.5191,0.4809],"evs":[0.0,-0.0034]},"K6o":{"weight":1.0,"played":[0.0,1.0],"evs":[0.0,1.02737]},"A6o":{"weight":1.0,"played":[0.0,1.0],"evs":[0.0,2.76857]},"72s":{"weight":1.0,"played":[1.0,0.0],"evs":[0.0,-0.7357]},"73s":{"weight":1.0,"played":[1.0,0.0],"evs":[0.0,-0.43537]},"74s":{"weight":1.0,"played":[1.0,0.0],"evs":[0.0,-0.12315]},"75s":{"weight":1.0,"played":[0.0,1.0],"evs":[0.0,0.16388]},"76s":{"weight":1.0,"played":[0.0,1.0],"evs":[0.0,0.4153]},"77":{"weight":1.0,"played":[0.0,1.0],"evs":[0.0,4.01322]},"87o":{"weight":1.0,"played":[1.0,0.0],"evs":[0.0,-0.07672]},"97o":{"weight":1.0,"played":[1.0,0.0],"evs":[0.0,-0.14003]},"T7o":{"weight":1.0,"played":[1.0,0.0],"evs":[0.0,-0.15762]},"J7o":{"weight":1.0,"played":[1.0,0.0],"evs":[0.0,-0.21184]},"Q7o":{"weight":1.0,"played":[1.0E-4,0.9999],"evs":[0.0,0.12464]},"K7o":{"weight":1.0,"played":[0.0,1.0],"evs":[0.0,1.29463]},"A7o":{"weight":1.0,"played":[0.0,1.0],"evs":[0.0,3.07353]},"82s":{"weight":1.0,"played":[1.0,0.0],"evs":[0.0,-0.57874]},"83s":{"weight":1.0,"played":[1.0,0.0],"evs":[0.0,-0.52949]},"84s":{"weight":1.0,"played":[1.0,0.0],"evs":[0.0,-0.21743]},"85s":{"weight":1.0,"played":[1.0E-4,0.9999],"evs":[0.0,0.07086]},"86s":{"weight":1.0,"played":[0.0,1.0],"evs":[0.0,0.32763]},"87s":{"weight":1.0,"played":[0.0,1.0],"evs":[0.0,0.56249]},"88":{"weight":1.0,"played":[0.0,1.0],"evs":[0.0,4.44566]},"98o":{"weight":1.0,"played":[0.0,1.0],"evs":[0.0,0.11576]},"T8o":{"weight":1.0,"played":[0.0,1.0],"evs":[0.0,0.1499]},"J8o":{"weight":1.0,"played":[0.0,1.0],"evs":[0.0,0.15359]},"Q8o":{"weight":1.0,"played":[0.0,1.0],"evs":[0.0,0.60409]},"K8o":{"weight":1.0,"played":[0.0,1.0],"evs":[0.0,1.6651]},"A8o":{"weight":1.0,"played":[0.0,1.0],"evs":[0.0,3.49014]},"92s":{"weight":1.0,"played":[1.0,0.0],"evs":[0.0,-0.48436]},"93s":{"weight":1.0,"played":[1.0,0.0],"evs":[0.0,-0.37836]},"94s":{"weight":1.0,"played":[1.0,0.0],"evs":[0.0,-0.30205]},"95s":{"weight":1.0,"played":[0.0939,0.9061],"evs":[0.0,0.00838]},"96s":{"weight":1.0,"played":[0.0,1.0],"evs":[0.0,0.25276]},"97s":{"weight":1.0,"played":[0.0,1.0],"evs":[0.0,0.49587]},"98s":{"weight":1.0,"played":[0.0,1.0],"evs":[0.0,0.74321]},"99":{"weight":1.0,"played":[0.0,1.0],"evs":[0.0,4.98]},"T9o":{"weight":1.0,"played":[0.0,1.0],"evs":[0.0,0.53235]},"J9o":{"weight":1.0,"played":[0.0,1.0],"evs":[0.0,0.62789]},"Q9o":{"weight":1.0,"played":[0.0,1.0],"evs":[0.0,1.11106]},"K9o":{"weight":1.0,"played":[0.0,1.0],"evs":[0.0,2.24538]},"A9o":{"weight":1.0,"played":[0.0,1.0],"evs":[0.0,3.90219]},"T2s":{"weight":1.0,"played":[1.0,0.0],"evs":[0.0,-0.30564]},"T3s":{"weight":1.0,"played":[1.0,0.0],"evs":[0.0,-0.22392]},"T4s":{"weight":1.0,"played":[1.0,0.0],"evs":[0.0,-0.10247]},"T5s":{"weight":1.0,"played":[0.5389,0.4611],"evs":[0.0,-0.00404]},"T6s":{"weight":1.0,"played":[1.0E-4,0.9999],"evs":[0.0,0.19504]},"T7s":{"weight":1.0,"played":[0.0,1.0],"evs":[0.0,0.4403]},"T8s":{"weight":1.0,"played":[0.0,1.0],"evs":[0.0,0.76175]},"T9s":{"weight":1.0,"played":[0.0,1.0],"evs":[0.0,1.09295]},"TT":{"weight":1.0,"played":[0.0,1.0],"evs":[0.0,5.5641]},"JTo":{"weight":1.0,"played":[0.0,1.0],"evs":[0.0,1.22498]},"QTo":{"weight":1.0,"played":[0.0,1.0],"evs":[0.0,1.68384]},"KTo":{"weight":1.0,"played":[0.0,1.0],"evs":[0.0,2.85271]},"ATo":{"weight":1.0,"played":[0.0,1.0],"evs":[0.0,4.49945]},"J2s":{"weight":1.0,"played":[0.9996,4.0E-4],"evs":[0.0,-0.1879]},"J3s":{"weight":1.0,"played":[0.9901,0.0099],"evs":[0.0,-0.07508]},"J4s":{"weight":1.0,"played":[0.0258,0.9742],"evs":[0.0,0.05031]},"J5s":{"weight":1.0,"played":[0.0,1.0],"evs":[0.0,0.18968]},"J6s":{"weight":1.0,"played":[0.0,1.0],"evs":[0.0,0.19481]},"J7s":{"weight":1.0,"played":[0.0,1.0],"evs":[0.0,0.43898]},"J8s":{"weight":1.0,"played":[0.0,1.0],"evs":[0.0,0.75263]},"J9s":{"weight":1.0,"played":[0.0,1.0],"evs":[0.0,1.18658]},"JTs":{"weight":1.0,"played":[0.0,1.0],"evs":[0.0,1.74772]},"JJ":{"weight":1.0,"played":[0.0,1.0],"evs":[0.0,5.95604]},"QJo":{"weight":1.0,"played":[0.0,1.0],"evs":[0.0,1.84699]},"KJo":{"weight":1.0,"played":[0.0,1.0],"evs":[0.0,3.17698]},"AJo":{"weight":1.0,"played":[0.0,1.0],"evs":[0.0,4.86572]},"Q2s":{"weight":1.0,"played":[0.0,1.0],"evs":[0.0,0.17294]},"Q3s":{"weight":1.0,"played":[0.0,1.0],"evs":[0.0,0.26659]},"Q4s":{"weight":1.0,"played":[0.0,1.0],"evs":[0.0,0.41577]},"Q5s":{"weight":1.0,"played":[0.0,1.0],"evs":[0.0,0.51894]},"Q6s":{"weight":1.0,"played":[0.0,1.0],"evs":[0.0,0.62536]},"Q7s":{"weight":1.0,"played":[0.0,1.0],"evs":[0.0,0.72827]},"Q8s":{"weight":1.0,"played":[0.0,1.0],"evs":[0.0,1.1821]},"Q9s":{"weight":1.0,"played":[0.0,1.0],"evs":[0.0,1.67546]},"QTs":{"weight":1.0,"played":[0.0,1.0],"evs":[0.0,2.18577]},"QJs":{"weight":1.0,"played":[0.0,1.0],"evs":[0.0,2.35518]},"QQ":{"weight":1.0,"played":[0.0,1.0],"evs":[0.0,6.54371]},"KQo":{"weight":1.0,"played":[0.0,1.0],"evs":[0.0,3.57367]},"AQo":{"weight":1.0,"played":[0.0,1.0],"evs":[0.0,5.33899]},"K2s":{"weight":1.0,"played":[0.0,1.0],"evs":[0.0,0.9849]},"K3s":{"weight":1.0,"played":[0.0,1.0],"evs":[0.0,1.10314]},"K4s":{"weight":1.0,"played":[0.0,1.0],"evs":[0.0,1.22381]},"K5s":{"weight":1.0,"played":[0.0,1.0],"evs":[0.0,1.38643]},"K6s":{"weight":1.0,"played":[0.0,1.0],"evs":[0.0,1.59256]},"K7s":{"weight":1.0,"played":[0.0,1.0],"evs":[0.0,1.84596]},"K8s":{"weight":1.0,"played":[0.0,1.0],"evs":[0.0,2.16541]},"K9s":{"weight":1.0,"played":[0.0,1.0],"evs":[0.0,2.71089]},"KTs":{"weight":1.0,"played":[0.0,1.0],"evs":[0.0,3.30284]},"KJs":{"weight":1.0,"played":[0.0,1.0],"evs":[0.0,3.60542]},"KQs":{"weight":1.0,"played":[0.0,1.0],"evs":[0.0,3.96053]},"KK":{"weight":1.0,"played":[0.0,1.0],"evs":[0.0,7.65265]},"AKo":{"weight":1.0,"played":[0.0,1.0],"evs":[0.0,6.10622]},"A2s":{"weight":1.0,"played":[0.0,1.0],"evs":[0.0,2.7808]},"A3s":{"weight":1.0,"played":[0.0,1.0],"evs":[0.0,2.90735]},"A4s":{"weight":1.0,"played":[0.0,1.0],"evs":[0.0,3.01056]},"A5s":{"weight":1.0,"played":[0.0,1.0],"evs":[0.0,3.1605]},"A6s":{"weight":1.0,"played":[0.0,1.0],"evs":[0.0,3.23909]},"A7s":{"weight":1.0,"played":[0.0,1.0],"evs":[0.0,3.5334]},"A8s":{"weight":1.0,"played":[0.0,1.0],"evs":[0.0,3.91547]},"A9s":{"weight":1.0,"played":[0.0,1.0],"evs":[0.0,4.28165]},"ATs":{"weight":1.0,"played":[0.0,1.0],"evs":[0.0,4.84998]},"AJs":{"weight":1.0,"played":[0.0,1.0],"evs":[0.0,5.20385]},"AQs":{"weight":1.0,"played":[0.0,1.0],"evs":[0.0,5.64406]},"AKs":{"weight":1.0,"played":[0.0,1.0],"evs":[0.0,6.32125]},"AA":{"weight":1.0,"played":[0.0,1.0],"evs":[0.0,9.16989]}}}