{"player":2,"street":0,"children":2,"sequence":[{"player":0,"type":"F","amount":0,"street":0},{"player":1,"type":"F","amount":0,"street":0},{"player":2,"type":"R","amount":200000,"street":0},{"player":3,"type":"R","amount":500000,"street":0},{"player":4,"type":"F","amount":0,"street":0},{"player":5,"type":"R","amount":2235000,"street":0},{"player":2,"type":"C","amount":2035000,"street":0},{"player":3,"type":"R","amount":3645000,"street":0}],"actions":[{"type":"F","amount":0},{"type":"C","amount":750000}],"hands":{"22":{"weight":0.0,"played":[0.0,1.0],"evs":[0.0,7.2039]},"32o":{"weight":0.0,"played":[0.0,1.0],"evs":[0.0,3.9355]},"42o":{"weight":0.0,"played":[0.0,1.0],"evs":[0.0,4.17489]},"52o":{"weight":0.0,"played":[0.0,1.0],"evs":[0.0,4.00665]},"62o":{"weight":0.0,"played":[0.0,1.0],"evs":[0.0,3.34445]},"72o":{"weight":0.0,"played":[0.0,1.0],"evs":[0.0,3.20495]},"82o":{"weight":0.0,"played":[0.0,1.0],"evs":[0.0,3.32397]},"92o":{"weight":0.0,"played":[0.0,1.0],"evs":[0.0,2.662]},"T2o":{"weight":0.0,"played":[0.0,1.0],"evs":[0.0,3.32796]},"J2o":{"weight":0.0,"played":[0.0,1.0],"evs":[0.0,3.1536]},"Q2o":{"weight":0.0,"played":[0.0,1.0],"evs":[0.0,4.91796]},"K2o":{"weight":0.0,"played":[0.0,1.0],"evs":[0.0,3.82075]},"A2o":{"weight":0.0,"played":[0.0,1.0],"evs":[0.0,5.29795]},"32s":{"weight":0.0,"played":[0.0,1.0],"evs":[0.0,6.92491]},"33":{"weight":0.0,"played":[0.0,1.0],"evs":[0.0,8.21291]},"43o":{"weight":0.0,"played":[0.0,1.0],"evs":[0.0,5.31637]},"53o":{"weight":0.0,"played":[0.0,1.0],"evs":[0.0,5.51998]},"63o":{"weight":0.0,"played":[0.0,1.0],"evs":[0.0,5.18199]},"73o":{"weight":0.0,"played":[0.0,1.0],"evs":[0.0,4.38213]},"83o":{"weight":0.0,"played":[0.0,1.0],"evs":[0.0,3.04856]},"93o":{"weight":0.0,"played":[0.0,1.0],"evs":[0.0,2.92557]},"T3o":{"weight":0.0,"played":[0.0,1.0],"evs":[0.0,3.00227]},"J3o":{"weight":0.0,"played":[0.0,1.0],"evs":[0.0,3.91033]},"Q3o":{"weight":0.0,"played":[0.0,1.0],"evs":[0.0,4.8326]},"K3o":{"weight":0.0,"played":[0.0,1.0],"evs":[0.0,3.98247]},"A3o":{"weight":0.0,"played":[0.0,1.0],"evs":[0.0,5.22359]},"42s":{"weight":0.0,"played":[0.0,1.0],"evs":[0.0,6.42364]},"43s":{"weight":0.0,"played":[0.0,1.0],"evs":[0.0,7.51711]},"44":{"weight":0.0,"played":[0.0,1.0],"evs":[0.0,8.03423]},"54o":{"weight":0.0,"played":[0.0,1.0],"evs":[0.0,6.54402]},"64o":{"weight":0.0,"played":[0.0,1.0],"evs":[0.0,5.98924]},"74o":{"weight":0.0,"played":[0.0,1.0],"evs":[0.0,5.36183]},"84o":{"weight":0.0,"played":[0.0,1.0],"evs":[0.0,4.12675]},"94o":{"weight":0.0,"played":[2.0E-4,0.9998],"evs":[0.0,3.11622]},"T4o":{"weight":0.0,"played":[0.0,1.0],"evs":[0.0,3.64042]},"J4o":{"weight":0.0,"played":[0.0,1.0],"evs":[0.0,4.37897]},"Q4o":{"weight":0.0,"played":[0.0,1.0],"evs":[0.0,5.02854]},"K4o":{"weight":0.0,"played":[0.0,1.0],"evs":[0.0,4.21237]},"A4o":{"weight":0.0,"played":[0.0,1.0],"evs":[0.0,5.55934]},"52s":{"weight":0.0,"played":[0.0,1.0],"evs":[0.0,6.1571]},"53s":{"weight":0.0,"played":[0.0,1.0],"evs":[0.0,8.57053]},"54s":{"weight":0.0,"played":[0.0,1.0],"evs":[0.0,8.93652]},"55":{"weight":0.0,"played":[0.0,1.0],"evs":[0.0,8.28984]},"65o":{"weight":0.0,"played":[0.0,1.0],"evs":[0.0,7.15689]},"75o":{"weight":0.0,"played":[0.0,1.0],"evs":[0.0,5.8082]},"85o":{"weight":0.0,"played":[0.0,1.0],"evs":[0.0,4.83927]},"95o":{"weight":0.0,"played":[0.0,1.0],"evs":[0.0,4.17705]},"T5o":{"weight":0.0,"played":[0.0,1.0],"evs":[0.0,3.60421]},"J5o":{"weight":0.0,"played":[0.0,1.0],"evs":[0.0,3.69781]},"Q5o":{"weight":0.0,"played":[0.0,1.0],"evs":[0.0,5.62012]},"K5o":{"weight":0.0,"played":[0.0,1.0],"evs":[0.0,4.72807]},"A5o":{"weight":0.0,"played":[0.0,1.0],"evs":[0.0,5.84753]},"62s":{"weight":0.0,"played":[0.0,1.0],"evs":[0.0,5.47629]},"63s":{"weight":0.0,"played":[0.0,1.0],"evs":[0.0,6.16194]},"64s":{"weight":0.0,"played":[0.0,1.0],"evs":[0.0,7.50157]},"65s":{"weight":0.0,"played":[0.0,1.0],"evs":[0.0,8.54597]},"66":{"weight":0.0,"played":[0.0,1.0],"evs":[0.0,8.55234]},"76o":{"weight":0.0,"played":[0.0,1.0],"evs":[0.0,6.53577]},"86o":{"weight":0.0,"played":[0.0,1.0],"evs":[0.0,5.66674]},"96o":{"weight":0.0,"played":[0.0,1.0],"evs":[0.0,5.41518]},"T6o":{"weight":0.0,"played":[0.0,1.0],"evs":[0.0,4.21487]},"J6o":{"weight":0.0,"played":[0.0,1.0],"evs":[0.0,3.88002]},"Q6o":{"weight":0.0,"played":[0.0,1.0],"evs":[0.0,5.86369]},"K6o":{"weight":0.0,"played":[0.0,1.0],"evs":[0.0,5.09385]},"A6o":{"weight":0.0,"played":[0.0,1.0],"evs":[0.0,5.03212]},"72s":{"weight":0.0,"played":[0.0,1.0],"evs":[0.0,5.83167]},"73s":{"weight":0.0,"played":[0.0,1.0],"evs":[0.0,6.2781]},"74s":{"weight":0.0,"played":[0.0,1.0],"evs":[0.0,7.38766]},"75s":{"weight":0.0,"played":[0.0,1.0],"evs":[0.0,8.69046]},"76s":{"weight":0.0,"played":[0.0,1.0],"evs":[0.0,8.02007]},"77":{"weight":0.0013,"played":[0.0,1.0],"evs":[0.0,8.6463]},"87o":{"weight":0.0,"played":[0.0,1.0],"evs":[0.0,5.9386]},"97o":{"weight":0.0,"played":[0.0,1.0],"evs":[0.0,5.54272]},"T7o":{"weight":0.0,"played":[0.0,1.0],"evs":[0.0,4.77681]},"J7o":{"weight":0.0,"played":[0.0,1.0],"evs":[0.0,5.05643]},"Q7o":{"weight":0.0,"played":[0.0,1.0],"evs":[0.0,4.81357]},"K7o":{"weight":0.0,"played":[0.0,1.0],"evs":[0.0,4.44157]},"A7o":{"weight":0.0,"played":[0.0,1.0],"evs":[0.0,5.43074]},"82s":{"weight":0.0,"played":[0.0,1.0],"evs":[0.0,4.87313]},"83s":{"weight":0.0,"played":[4.0E-4,0.9996],"evs":[0.0,5.21576]},"84s":{"weight":0.0,"played":[0.0,1.0],"evs":[0.0,5.70168]},"85s":{"weight":0.0,"played":[0.0,1.0],"evs":[0.0,6.96861]},"86s":{"weight":0.0,"played":[0.0,1.0],"evs":[0.0,8.774]},"87s":{"weight":0.0,"played":[0.0,1.0],"evs":[0.0,8.16125]},"88":{"weight":0.3514,"played":[0.0,1.0],"evs":[0.0,9.24118]},"98o":{"weight":0.0,"played":[0.0,1.0],"evs":[0.0,5.72484]},"T8o":{"weight":0.0,"played":[0.0,1.0],"evs":[0.0,5.1588]},"J8o":{"weight":0.0,"played":[0.0,1.0],"evs":[0.0,5.13022]},"Q8o":{"weight":0.0,"played":[0.0,1.0],"evs":[0.0,5.84215]},"K8o":{"weight":0.0,"played":[0.0,1.0],"evs":[0.0,4.75694]},"A8o":{"weight":0.0,"played":[0.0,1.0],"evs":[0.0,4.90067]},"92s":{"weight":0.0,"played":[0.0,1.0],"evs":[0.0,5.65809]},"93s":{"weight":0.0,"played":[0.0,1.0],"evs":[0.0,4.91255]},"94s":{"weight":0.0,"played":[0.0,1.0],"evs":[0.0,4.622]},"95s":{"weight":0.0,"played":[0.0,1.0],"evs":[0.0,5.82256]},"96s":{"weight":0.0,"played":[0.0,1.0],"evs":[0.0,6.89686]},"97s":{"weight":0.0,"played":[0.0,1.0],"evs":[0.0,8.3966]},"98s":{"weight":0.0,"played":[0.0,1.0],"evs":[0.0,7.71541]},"99":{"weight":0.3761,"played":[0.0,1.0],"evs":[0.0,9.52313]},"T9o":{"weight":0.0,"played":[0.0,1.0],"evs":[0.0,5.82446]},"J9o":{"weight":0.0,"played":[0.0,1.0],"evs":[0.0,5.28577]},"Q9o":{"weight":0.0,"played":[0.0,1.0],"evs":[0.0,6.09399]},"K9o":{"weight":0.0,"played":[0.0,1.0],"evs":[0.0,5.10101]},"A9o":{"weight":0.0,"played":[0.0,1.0],"evs":[0.0,5.12778]},"T2s":{"weight":0.0,"played":[0.0,1.0],"evs":[0.0,4.63043]},"T3s":{"weight":0.0,"played":[0.0,1.0],"evs":[0.0,6.02896]},"T4s":{"weight":0.0,"played":[0.0,1.0],"evs":[0.0,5.56478]},"T5s":{"weight":0.0,"played":[0.0,1.0],"evs":[0.0,6.41091]},"T6s":{"weight":0.0,"played":[0.0,1.0],"evs":[0.0,5.42376]},"T7s":{"weight":0.0,"played":[0.0,1.0],"evs":[0.0,6.95395]},"T8s":{"weight":0.0,"played":[0.0,1.0],"evs":[0.0,7.69993]},"T9s":{"weight":0.0,"played":[0.0,1.0],"evs":[0.0,7.91686]},"TT":{"weight":0.5066,"played":[0.0,1.0],"evs":[0.0,9.97837]},"JTo":{"weight":0.0,"played":[0.0,1.0],"evs":[0.0,6.45724]},"QTo":{"weight":0.0,"played":[0.0,1.0],"evs":[0.0,6.69911]},"KTo":{"weight":0.0,"played":[0.0,1.0],"evs":[0.0,5.41616]},"ATo":{"weight":0.0,"played":[0.0,1.0],"evs":[0.0,6.26259]},"J2s":{"weight":0.0,"played":[0.0,1.0],"evs":[0.0,6.55721]},"J3s":{"weight":0.0,"played":[0.0,1.0],"evs":[0.0,6.79926]},"J4s":{"weight":0.0,"played":[2.0E-4,0.9998],"evs":[0.0,4.82979]},"J5s":{"weight":0.0,"played":[0.0,1.0],"evs":[0.0,6.50593]},"J6s":{"weight":0.0,"played":[0.0,1.0],"evs":[0.0,6.45992]},"J7s":{"weight":0.0,"played":[0.0,1.0],"evs":[0.0,6.76307]},"J8s":{"weight":0.0,"played":[0.0,1.0],"evs":[0.0,7.6188]},"J9s":{"weight":0.0,"played":[0.0,1.0],"evs":[0.0,8.47988]},"JTs":{"weight":4.0E-4,"played":[0.0,1.0],"evs":[0.0,8.58584]},"JJ":{"weight":0.1386,"played":[0.0,1.0],"evs":[0.0,14.86881]},"QJo":{"weight":0.0,"played":[0.0,1.0],"evs":[0.0,7.05461]},"KJo":{"weight":0.0,"played":[0.0,1.0],"evs":[0.0,6.46081]},"AJo":{"weight":0.0,"played":[0.0,1.0],"evs":[0.0,6.93048]},"Q2s":{"weight":0.0,"played":[0.0,1.0],"evs":[0.0,5.95874]},"Q3s":{"weight":0.0,"played":[0.0,1.0],"evs":[0.0,6.67339]},"Q4s":{"weight":0.0,"played":[0.0,1.0],"evs":[0.0,7.2334]},"Q5s":{"weight":0.0,"played":[0.0,1.0],"evs":[0.0,7.00952]},"Q6s":{"weight":0.0,"played":[0.0,1.0],"evs":[0.0,7.99808]},"Q7s":{"weight":0.0,"played":[0.0,1.0],"evs":[0.0,6.84794]},"Q8s":{"weight":0.0,"played":[0.0,1.0],"evs":[0.0,7.57625]},"Q9s":{"weight":0.0,"played":[0.0,1.0],"evs":[0.0,8.13668]},"QTs":{"weight":0.0,"played":[0.0,1.0],"evs":[0.0,9.33283]},"QJs":{"weight":6.0E-4,"played":[0.0,1.0],"evs":[0.0,9.67068]},"QQ":{"weight":0.0962,"played":[0.0,1.0],"evs":[0.0,20.00025]},"KQo":{"weight":0.0,"played":[0.0,1.0],"evs":[0.0,7.34423]},"AQo":{"weight":0.2399,"played":[0.0,1.0],"evs":[0.0,8.90704]},"K2s":{"weight":0.0,"played":[0.0,1.0],"evs":[0.0,5.83905]},"K3s":{"weight":0.0,"played":[0.0,1.0],"evs":[0.0,7.20185]},"K4s":{"weight":1.0E-4,"played":[0.0,1.0],"evs":[0.0,7.01399]},"K5s":{"weight":0.0,"played":[0.0,1.0],"evs":[0.0,6.38092]},"K6s":{"weight":0.0,"played":[0.0,1.0],"evs":[0.0,6.74199]},"K7s":{"weight":0.0,"played":[0.0,1.0],"evs":[0.0,7.04481]},"K8s":{"weight":0.0,"played":[0.0,1.0],"evs":[0.0,6.87975]},"K9s":{"weight":0.0,"played":[0.0,1.0],"evs":[0.0,7.67866]},"KTs":{"weight":0.0,"played":[0.0,1.0],"evs":[0.0,8.13892]},"KJs":{"weight":1.0E-4,"played":[0.0,1.0],"evs":[0.0,9.11937]},"KQs":{"weight":8.0E-4,"played":[0.0,1.0],"evs":[0.0,9.92579]},"KK":{"weight":0.0721,"played":[0.0,1.0],"evs":[0.0,25.79011]},"AKo":{"weight":0.0177,"played":[0.0,1.0],"evs":[0.0,12.49017]},"A2s":{"weight":0.0,"played":[0.0,1.0],"evs":[0.0,7.63017]},"A3s":{"weight":0.0,"played":[0.0,1.0],"evs":[0.0,7.2721]},"A4s":{"weight":0.0,"played":[0.0,1.0],"evs":[0.0,7.56547]},"A5s":{"weight":0.0,"played":[0.0,1.0],"evs":[0.0,8.04398]},"A6s":{"weight":0.0,"played":[0.0,1.0],"evs":[0.0,7.9664]},"A7s":{"weight":0.0,"played":[0.0,1.0],"evs":[0.0,7.32937]},"A8s":{"weight":0.0,"played":[0.0,1.0],"evs":[0.0,7.37827]},"A9s":{"weight":0.0,"played":[0.0,1.0],"evs":[0.0,7.2808]},"ATs":{"weight":0.0,"played":[0.0,1.0],"evs":[0.0,7.63549]},"AJs":{"weight":0.2767,"played":[0.0,1.0],"evs":[0.0,9.22656]},"AQs":{"weight":0.896,"played":[0.0,1.0],"evs":[0.0,11.24227]},"AKs":{"weight":0.5025,"played":[0.0,1.0],"evs":[0.0,14.65834]},"AA":{"weight":0.7394,"played":[0.0,1.0],"evs":[0.0,36.32588]}}}