{"player":3,"street":0,"children":2,"sequence":[{"player":0,"type":"F","amount":0,"street":0},{"player":1,"type":"F","amount":0,"street":0},{"player":2,"type":"R","amount":200000,"street":0},{"player":3,"type":"R","amount":500000,"street":0},{"player":4,"type":"F","amount":0,"street":0},{"player":5,"type":"R","amount":2235000,"street":0},{"player":2,"type":"R","amount":2985000,"street":0}],"actions":[{"type":"F","amount":0},{"type":"C","amount":2485000}],"hands":{"22":{"weight":0.0,"played":[1.0,0.0],"evs":[0.0,-1.5626]},"32o":{"weight":0.0,"played":[1.0,0.0],"evs":[0.0,-5.97399]},"42o":{"weight":0.0,"played":[1.0,0.0],"evs":[0.0,-5.9828]},"52o":{"weight":0.0,"played":[1.0,0.0],"evs":[0.0,-5.65333]},"62o":{"weight":0.0,"played":[1.0,0.0],"evs":[0.0,-6.65547]},"72o":{"weight":0.0,"played":[1.0,0.0],"evs":[0.0,-7.26997]},"82o":{"weight":0.0,"played":[1.0,0.0],"evs":[0.0,-7.01333]},"92o":{"weight":0.0,"played":[1.0,0.0],"evs":[0.0,-7.05475]},"T2o":{"weight":0.0,"played":[1.0,0.0],"evs":[0.0,-6.24917]},"J2o":{"weight":0.0,"played":[1.0,0.0],"evs":[0.0,-6.47701]},"Q2o":{"weight":0.0,"played":[1.0,0.0],"evs":[0.0,-6.06877]},"K2o":{"weight":0.0,"played":[1.0,0.0],"evs":[0.0,-5.73553]},"A2o":{"weight":0.0,"played":[1.0,0.0],"evs":[0.0,-5.90366]},"32s":{"weight":0.0,"played":[1.0,0.0],"evs":[0.0,-4.08364]},"33":{"weight":0.1086,"played":[0.9987,0.0013],"evs":[0.0,-1.4291]},"43o":{"weight":0.0,"played":[1.0,0.0],"evs":[0.0,-5.34787]},"53o":{"weight":0.0,"played":[1.0,0.0],"evs":[0.0,-4.86522]},"63o":{"weight":0.0,"played":[1.0,0.0],"evs":[0.0,-5.29349]},"73o":{"weight":0.0,"played":[1.0,0.0],"evs":[0.0,-6.59149]},"83o":{"weight":0.0,"played":[1.0,0.0],"evs":[0.0,-7.06964]},"93o":{"weight":0.0,"played":[1.0,0.0],"evs":[0.0,-6.60034]},"T3o":{"weight":0.0,"played":[1.0,0.0],"evs":[0.0,-6.25423]},"J3o":{"weight":0.0,"played":[1.0,0.0],"evs":[0.0,-6.07731]},"Q3o":{"weight":0.0,"played":[1.0,0.0],"evs":[0.0,-6.39028]},"K3o":{"weight":0.0,"played":[1.0,0.0],"evs":[0.0,-5.38768]},"A3o":{"weight":0.0,"played":[1.0,0.0],"evs":[0.0,-5.74599]},"42s":{"weight":0.0,"played":[1.0,0.0],"evs":[0.0,-3.44095]},"43s":{"weight":0.0,"played":[0.9998,2.0E-4],"evs":[0.0,-2.98831]},"44":{"weight":0.0148,"played":[0.9936,0.0064],"evs":[0.0,-1.00596]},"54o":{"weight":0.0,"played":[1.0,0.0],"evs":[0.0,-3.90441]},"64o":{"weight":0.0,"played":[1.0,0.0],"evs":[0.0,-4.58409]},"74o":{"weight":0.0,"played":[1.0,0.0],"evs":[0.0,-5.22242]},"84o":{"weight":0.0,"played":[1.0,0.0],"evs":[0.0,-6.44421]},"94o":{"weight":0.0,"played":[1.0,0.0],"evs":[0.0,-6.50741]},"T4o":{"weight":0.0,"played":[1.0,0.0],"evs":[0.0,-6.12353]},"J4o":{"weight":0.0,"played":[1.0,0.0],"evs":[0.0,-5.81694]},"Q4o":{"weight":0.0,"played":[1.0,0.0],"evs":[0.0,-5.94967]},"K4o":{"weight":0.0,"played":[1.0,0.0],"evs":[0.0,-4.99611]},"A4o":{"weight":0.0,"played":[1.0,0.0],"evs":[0.0,-5.37692]},"52s":{"weight":0.0,"played":[1.0,0.0],"evs":[0.0,-3.92949]},"53s":{"weight":0.0,"played":[1.0,0.0],"evs":[0.0,-2.52585]},"54s":{"weight":0.0,"played":[0.9999,1.0E-4],"evs":[0.0,-2.22526]},"55":{"weight":0.0775,"played":[0.9925,0.0075],"evs":[0.0,-1.17144]},"65o":{"weight":0.0,"played":[1.0,0.0],"evs":[0.0,-3.86853]},"75o":{"weight":0.0,"played":[1.0,0.0],"evs":[0.0,-4.31399]},"85o":{"weight":0.0,"played":[1.0,0.0],"evs":[0.0,-5.36061]},"95o":{"weight":0.0,"played":[1.0,0.0],"evs":[0.0,-5.42841]},"T5o":{"weight":0.0,"played":[1.0,0.0],"evs":[0.0,-5.938]},"J5o":{"weight":0.0,"played":[1.0,0.0],"evs":[0.0,-5.66261]},"Q5o":{"weight":0.0,"played":[1.0,0.0],"evs":[0.0,-5.56277]},"K5o":{"weight":0.0,"played":[1.0,0.0],"evs":[0.0,-4.96374]},"A5o":{"weight":0.3222,"played":[1.0,0.0],"evs":[0.0,-5.11926]},"62s":{"weight":0.0,"played":[1.0,0.0],"evs":[0.0,-4.06711]},"63s":{"weight":0.0,"played":[0.9995,5.0E-4],"evs":[0.0,-3.1613]},"64s":{"weight":0.0,"played":[0.9999,1.0E-4],"evs":[0.0,-2.74157]},"65s":{"weight":0.0,"played":[0.9936,0.0064],"evs":[0.0,-1.62718]},"66":{"weight":0.0084,"played":[0.9982,0.0018],"evs":[0.0,-0.65403]},"76o":{"weight":0.0,"played":[1.0,0.0],"evs":[0.0,-3.89732]},"86o":{"weight":0.0,"played":[1.0,0.0],"evs":[0.0,-4.55293]},"96o":{"weight":0.0,"played":[1.0,0.0],"evs":[0.0,-4.91804]},"T6o":{"weight":0.0,"played":[1.0,0.0],"evs":[0.0,-5.17396]},"J6o":{"weight":0.0,"played":[1.0,0.0],"evs":[0.0,-5.56836]},"Q6o":{"weight":0.0,"played":[1.0,0.0],"evs":[0.0,-5.77562]},"K6o":{"weight":0.0,"played":[1.0,0.0],"evs":[0.0,-4.80081]},"A6o":{"weight":0.0,"played":[1.0,0.0],"evs":[0.0,-6.0315]},"72s":{"weight":0.0,"played":[1.0,0.0],"evs":[0.0,-5.12457]},"73s":{"weight":0.0,"played":[0.999,0.001],"evs":[0.0,-3.93199]},"74s":{"weight":0.0,"played":[0.9999,1.0E-4],"evs":[0.0,-2.76592]},"75s":{"weight":0.0,"played":[0.9955,0.0045],"evs":[0.0,-2.68762]},"76s":{"weight":2.0E-4,"played":[0.9999,1.0E-4],"evs":[0.0,-1.63164]},"77":{"weight":0.1611,"played":[0.8431,0.1569],"evs":[0.0,-0.45102]},"87o":{"weight":0.0,"played":[1.0,0.0],"evs":[0.0,-4.19896]},"97o":{"weight":0.0,"played":[1.0,0.0],"evs":[0.0,-4.34876]},"T7o":{"weight":0.0,"played":[1.0,0.0],"evs":[0.0,-5.03588]},"J7o":{"weight":0.0,"played":[1.0,0.0],"evs":[0.0,-5.18272]},"Q7o":{"weight":0.0,"played":[1.0,0.0],"evs":[0.0,-5.69164]},"K7o":{"weight":0.0,"played":[1.0,0.0],"evs":[0.0,-4.93447]},"A7o":{"weight":0.1314,"played":[0.9999,1.0E-4],"evs":[0.0,-5.69578]},"82s":{"weight":0.0,"played":[1.0,0.0],"evs":[0.0,-4.87838]},"83s":{"weight":0.0,"played":[1.0,0.0],"evs":[0.0,-4.72384]},"84s":{"weight":0.0,"played":[1.0,0.0],"evs":[0.0,-4.12134]},"85s":{"weight":0.0,"played":[0.9997,3.0E-4],"evs":[0.0,-2.60953]},"86s":{"weight":0.0,"played":[0.9999,1.0E-4],"evs":[0.0,-2.56844]},"87s":{"weight":0.0079,"played":[0.9998,2.0E-4],"evs":[0.0,-1.98345]},"88":{"weight":0.1011,"played":[0.3377,0.6623],"evs":[0.0,0.51422]},"98o":{"weight":0.0,"played":[1.0,0.0],"evs":[0.0,-3.69901]},"T8o":{"weight":0.0,"played":[1.0,0.0],"evs":[0.0,-4.11495]},"J8o":{"weight":0.0,"played":[0.9999,1.0E-4],"evs":[0.0,-4.85759]},"Q8o":{"weight":0.0,"played":[1.0,0.0],"evs":[0.0,-5.21848]},"K8o":{"weight":0.0,"played":[1.0,0.0],"evs":[0.0,-4.73174]},"A8o":{"weight":0.5007,"played":[1.0,0.0],"evs":[0.0,-6.08562]},"92s":{"weight":0.0,"played":[1.0,0.0],"evs":[0.0,-4.39988]},"93s":{"weight":0.0,"played":[0.9999,1.0E-4],"evs":[0.0,-4.40026]},"94s":{"weight":0.0,"played":[0.9999,1.0E-4],"evs":[0.0,-4.28665]},"95s":{"weight":0.0,"played":[1.0,0.0],"evs":[0.0,-3.2173]},"96s":{"weight":0.0,"played":[1.0,0.0],"evs":[0.0,-2.38719]},"97s":{"weight":0.1456,"played":[0.9998,2.0E-4],"evs":[0.0,-2.24888]},"98s":{"weight":0.2375,"played":[0.9973,0.0027],"evs":[0.0,-2.09467]},"99":{"weight":0.001,"played":[0.0,1.0],"evs":[0.0,2.63648]},"T9o":{"weight":0.0,"played":[1.0,0.0],"evs":[0.0,-3.00346]},"J9o":{"weight":0.0,"played":[1.0,0.0],"evs":[0.0,-3.6635]},"Q9o":{"weight":0.0,"played":[1.0,0.0],"evs":[0.0,-4.22416]},"K9o":{"weight":1.0E-4,"played":[0.9999,1.0E-4],"evs":[0.0,-3.96865]},"A9o":{"weight":0.1141,"played":[1.0,0.0],"evs":[0.0,-5.56684]},"T2s":{"weight":0.0,"played":[0.9999,1.0E-4],"evs":[0.0,-3.99699]},"T3s":{"weight":0.0,"played":[0.9997,3.0E-4],"evs":[0.0,-3.33543]},"T4s":{"weight":0.0,"played":[1.0,0.0],"evs":[0.0,-3.8305]},"T5s":{"weight":0.0,"played":[1.0,0.0],"evs":[0.0,-3.40561]},"T6s":{"weight":0.0,"played":[0.9994,6.0E-4],"evs":[0.0,-2.40165]},"T7s":{"weight":0.1926,"played":[0.9998,2.0E-4],"evs":[0.0,-2.46641]},"T8s":{"weight":0.0912,"played":[0.9955,0.0045],"evs":[0.0,-1.88745]},"T9s":{"weight":0.337,"played":[0.9995,5.0E-4],"evs":[0.0,-0.82951]},"TT":{"weight":0.7556,"played":[0.0,1.0],"evs":[0.0,4.32846]},"JTo":{"weight":0.1607,"played":[0.9998,2.0E-4],"evs":[0.0,-2.57553]},"QTo":{"weight":0.3923,"played":[0.9995,5.0E-4],"evs":[0.0,-3.18765]},"KTo":{"weight":0.2159,"played":[0.9999,1.0E-4],"evs":[0.0,-3.09958]},"ATo":{"weight":0.0,"played":[0.9998,2.0E-4],"evs":[0.0,-3.95865]},"J2s":{"weight":0.0,"played":[1.0,0.0],"evs":[0.0,-3.93027]},"J3s":{"weight":0.0,"played":[0.9998,2.0E-4],"evs":[0.0,-4.34065]},"J4s":{"weight":0.0,"played":[1.0,0.0],"evs":[0.0,-3.39479]},"J5s":{"weight":0.0,"played":[0.9999,1.0E-4],"evs":[0.0,-2.60293]},"J6s":{"weight":0.0,"played":[0.9999,1.0E-4],"evs":[0.0,-3.02178]},"J7s":{"weight":0.0856,"played":[1.0,0.0],"evs":[0.0,-2.5592]},"J8s":{"weight":0.3226,"played":[0.9998,2.0E-4],"evs":[0.0,-2.64211]},"J9s":{"weight":0.0022,"played":[0.9986,0.0014],"evs":[0.0,-1.89449]},"JTs":{"weight":0.0169,"played":[0.3084,0.6916],"evs":[0.0,0.05196]},"JJ":{"weight":0.9893,"played":[0.0,1.0],"evs":[0.0,7.45691]},"QJo":{"weight":0.1571,"played":[0.9998,2.0E-4],"evs":[0.0,-2.57487]},"KJo":{"weight":0.318,"played":[0.9999,1.0E-4],"evs":[0.0,-2.32008]},"AJo":{"weight":0.0327,"played":[0.9997,3.0E-4],"evs":[0.0,-3.18159]},"Q2s":{"weight":0.0,"played":[0.9999,1.0E-4],"evs":[0.0,-3.83526]},"Q3s":{"weight":0.0,"played":[0.9999,1.0E-4],"evs":[0.0,-3.48161]},"Q4s":{"weight":0.0,"played":[0.9999,1.0E-4],"evs":[0.0,-3.40574]},"Q5s":{"weight":0.0,"played":[0.9999,1.0E-4],"evs":[0.0,-3.13024]},"Q6s":{"weight":1.0E-4,"played":[1.0,0.0],"evs":[0.0,-3.52709]},"Q7s":{"weight":0.6967,"played":[0.9999,1.0E-4],"evs":[0.0,-3.29282]},"Q8s":{"weight":0.2366,"played":[0.9999,1.0E-4],"evs":[0.0,-2.9434]},"Q9s":{"weight":3.0E-4,"played":[0.9998,2.0E-4],"evs":[0.0,-2.21609]},"QTs":{"weight":0.0018,"played":[0.967,0.033],"evs":[0.0,-0.96864]},"QJs":{"weight":1.0E-4,"played":[0.9677,0.0323],"evs":[0.0,-0.74116]},"QQ":{"weight":0.6905,"played":[0.0,1.0],"evs":[0.0,12.34447]},"KQo":{"weight":0.0759,"played":[0.9978,0.0022],"evs":[0.0,-2.36692]},"AQo":{"weight":0.1139,"played":[0.989,0.011],"evs":[0.0,-1.11664]},"K2s":{"weight":0.0016,"played":[0.9999,1.0E-4],"evs":[0.0,-3.21884]},"K3s":{"weight":0.0019,"played":[0.9999,1.0E-4],"evs":[0.0,-2.73633]},"K4s":{"weight":0.4145,"played":[0.9998,2.0E-4],"evs":[0.0,-2.62699]},"K5s":{"weight":3.0E-4,"played":[0.9999,1.0E-4],"evs":[0.0,-2.1971]},"K6s":{"weight":0.6127,"played":[0.9999,1.0E-4],"evs":[0.0,-2.42061]},"K7s":{"weight":0.383,"played":[0.9996,4.0E-4],"evs":[0.0,-2.64858]},"K8s":{"weight":0.0077,"played":[0.9958,0.0042],"evs":[0.0,-2.52826]},"K9s":{"weight":2.0E-4,"played":[0.9991,9.0E-4],"evs":[0.0,-1.49294]},"KTs":{"weight":1.0E-4,"played":[0.9073,0.0927],"evs":[0.0,-0.54595]},"KJs":{"weight":0.0,"played":[0.9907,0.0093],"evs":[0.0,-0.36839]},"KQs":{"weight":0.0,"played":[0.3992,0.6008],"evs":[0.0,-0.25913]},"KK":{"weight":0.6319,"played":[0.0,1.0],"evs":[0.0,19.35118]},"AKo":{"weight":0.5356,"played":[0.0,1.0],"evs":[0.0,4.55987]},"A2s":{"weight":0.8432,"played":[0.9999,1.0E-4],"evs":[0.0,-3.13788]},"A3s":{"weight":0.0533,"played":[0.9996,4.0E-4],"evs":[0.0,-3.25663]},"A4s":{"weight":0.0021,"played":[0.9997,3.0E-4],"evs":[0.0,-3.30902]},"A5s":{"weight":0.0,"played":[1.0,0.0],"evs":[0.0,-2.64579]},"A6s":{"weight":0.0,"played":[1.0,0.0],"evs":[0.0,-3.42235]},"A7s":{"weight":0.0017,"played":[0.9996,4.0E-4],"evs":[0.0,-3.76898]},"A8s":{"weight":0.2243,"played":[0.9979,0.0021],"evs":[0.0,-3.08204]},"A9s":{"weight":0.0,"played":[0.9991,9.0E-4],"evs":[0.0,-2.80106]},"ATs":{"weight":0.0,"played":[0.9969,0.0031],"evs":[0.0,-1.98736]},"AJs":{"weight":0.0,"played":[0.9745,0.0255],"evs":[0.0,-1.38091]},"AQs":{"weight":0.3194,"played":[3.0E-4,0.9997],"evs":[0.0,1.32887]},"AKs":{"weight":0.9999,"played":[0.0,1.0],"evs":[0.0,6.1521]},"AA":{"weight":0.8578,"played":[0.0,1.0],"evs":[0.0,27.37339]}}}