{"player":2,"street":0,"children":3,"sequence":[{"player":0,"type":"F","amount":0,"street":0},{"player":1,"type":"F","amount":0,"street":0},{"player":2,"type":"R","amount":200000,"street":0},{"player":3,"type":"R","amount":500000,"street":0},{"player":4,"type":"R","amount":1085000,"street":0},{"player":5,"type":"F","amount":0,"street":0}],"actions":[{"type":"F","amount":0,"node":74},{"type":"C","amount":885000,"node":75},{"type":"R","amount":2985000,"node":77}],"hands":{"22":{"weight":1.0,"played":[1.0,0.0,0.0],"evs":[0.0,-1.23273,-1.21551]},"32o":{"weight":0.0,"played":[1.0,0.0,0.0],"evs":[0.0,-2.88205,-4.5678]},"42o":{"weight":0.0,"played":[1.0,0.0,0.0],"evs":[0.0,-2.80446,-4.47202]},"52o":{"weight":0.0,"played":[1.0,0.0,0.0],"evs":[0.0,-2.76749,-4.25183]},"62o":{"weight":0.0,"played":[1.0,0.0,0.0],"evs":[0.0,-2.89546,-4.58885]},"72o":{"weight":0.0,"played":[1.0,0.0,0.0],"evs":[0.0,-3.10664,-5.22455]},"82o":{"weight":0.0,"played":[1.0,0.0,0.0],"evs":[0.0,-3.06078,-4.92518]},"92o":{"weight":0.0,"played":[1.0,0.0,0.0],"evs":[0.0,-2.82426,-4.76143]},"T2o":{"weight":0.0,"played":[1.0,0.0,0.0],"evs":[0.0,-2.87732,-4.83743]},"J2o":{"weight":0.0,"played":[1.0,0.0,0.0],"evs":[0.0,-2.75191,-4.24509]},"Q2o":{"weight":0.0,"played":[1.0,0.0,0.0],"evs":[0.0,-2.71558,-3.90997]},"K2o":{"weight":0.0,"played":[1.0,0.0,0.0],"evs":[0.0,-2.50889,-3.8284]},"A2o":{"weight":0.0,"played":[1.0,0.0,0.0],"evs":[0.0,-1.86659,-2.73602]},"32s":{"weight":0.0,"played":[1.0,0.0,0.0],"evs":[0.0,-2.49127,-3.24124]},"33":{"weight":1.0,"played":[0.9995,0.0,5.0E-4],"evs":[0.0,-1.05748,-1.04326]},"43o":{"weight":0.0,"played":[1.0,0.0,0.0],"evs":[0.0,-2.68532,-3.89203]},"53o":{"weight":0.0,"played":[1.0,0.0,0.0],"evs":[0.0,-2.6532,-3.76609]},"63o":{"weight":0.0,"played":[1.0,0.0,0.0],"evs":[0.0,-2.60432,-3.86136]},"73o":{"weight":0.0,"played":[1.0,0.0,0.0],"evs":[0.0,-2.9253,-4.5747]},"83o":{"weight":0.0,"played":[1.0,0.0,0.0],"evs":[0.0,-2.97099,-4.89772]},"93o":{"weight":0.0,"played":[1.0,0.0,0.0],"evs":[0.0,-2.90591,-4.76556]},"T3o":{"weight":0.0,"played":[1.0,0.0,0.0],"evs":[0.0,-2.75728,-4.54032]},"J3o":{"weight":0.0,"played":[1.0,0.0,0.0],"evs":[0.0,-2.6607,-4.12391]},"Q3o":{"weight":0.0,"played":[1.0,0.0,0.0],"evs":[0.0,-2.51258,-3.64552]},"K3o":{"weight":0.0,"played":[1.0,0.0,0.0],"evs":[0.0,-2.36464,-3.59143]},"A3o":{"weight":0.4086,"played":[1.0,0.0,0.0],"evs":[0.0,-1.75421,-2.59716]},"42s":{"weight":0.0,"played":[1.0,0.0,0.0],"evs":[0.0,-2.31437,-2.96199]},"43s":{"weight":0.0,"played":[1.0,0.0,0.0],"evs":[0.0,-2.12355,-2.63319]},"44":{"weight":1.0,"played":[1.0,0.0,0.0],"evs":[0.0,-0.72573,-0.74947]},"54o":{"weight":0.0,"played":[1.0,0.0,0.0],"evs":[0.0,-2.45784,-3.10049]},"64o":{"weight":0.0,"played":[1.0,0.0,0.0],"evs":[0.0,-2.48636,-3.5234]},"74o":{"weight":0.0,"played":[1.0,0.0,0.0],"evs":[0.0,-2.72668,-4.07701]},"84o":{"weight":0.0,"played":[1.0,0.0,0.0],"evs":[0.0,-2.86193,-4.49067]},"94o":{"weight":0.0,"played":[1.0,0.0,0.0],"evs":[0.0,-2.88807,-4.69337]},"T4o":{"weight":0.0,"played":[1.0,0.0,0.0],"evs":[0.0,-2.79093,-4.55493]},"J4o":{"weight":0.0,"played":[1.0,0.0,0.0],"evs":[0.0,-2.6635,-3.9977]},"Q4o":{"weight":0.0,"played":[1.0,0.0,0.0],"evs":[0.0,-2.5811,-3.57431]},"K4o":{"weight":0.0,"played":[1.0,0.0,0.0],"evs":[0.0,-2.38334,-3.33632]},"A4o":{"weight":1.0,"played":[1.0,0.0,0.0],"evs":[0.0,-1.7188,-2.4458]},"52s":{"weight":0.0,"played":[1.0,0.0,0.0],"evs":[0.0,-2.23779,-3.00841]},"53s":{"weight":0.0,"played":[1.0,0.0,0.0],"evs":[0.0,-2.07704,-2.4721]},"54s":{"weight":0.0,"played":[1.0,0.0,0.0],"evs":[0.0,-1.87469,-1.80808]},"55":{"weight":1.0,"played":[0.9908,5.0E-4,0.0087],"evs":[0.0,-0.42319,-0.34954]},"65o":{"weight":0.0,"played":[1.0,0.0,0.0],"evs":[0.0,-2.26588,-2.99985]},"75o":{"weight":0.0,"played":[1.0,0.0,0.0],"evs":[0.0,-2.43941,-3.26248]},"85o":{"weight":0.0,"played":[1.0,0.0,0.0],"evs":[0.0,-2.64241,-3.89219]},"95o":{"weight":0.0,"played":[1.0,0.0,0.0],"evs":[0.0,-2.63015,-4.23441]},"T5o":{"weight":0.0,"played":[1.0,0.0,0.0],"evs":[0.0,-2.79979,-4.51137]},"J5o":{"weight":0.0,"played":[1.0,0.0,0.0],"evs":[0.0,-2.65251,-3.88435]},"Q5o":{"weight":0.0,"played":[1.0,0.0,0.0],"evs":[0.0,-2.54815,-3.51022]},"K5o":{"weight":0.0,"played":[1.0,0.0,0.0],"evs":[0.0,-2.31405,-3.39478]},"A5o":{"weight":1.0,"played":[1.0,0.0,0.0],"evs":[0.0,-1.58153,-2.2277]},"62s":{"weight":0.0,"played":[1.0,0.0,0.0],"evs":[0.0,-2.44861,-3.23953]},"63s":{"weight":0.0,"played":[1.0,0.0,0.0],"evs":[0.0,-2.19446,-2.95247]},"64s":{"weight":0.0,"played":[1.0,0.0,0.0],"evs":[0.0,-1.9417,-2.13595]},"65s":{"weight":0.9995,"played":[1.0,0.0,0.0],"evs":[0.0,-1.60058,-1.63106]},"66":{"weight":1.0,"played":[0.1903,0.1127,0.6969],"evs":[0.0,7.0E-4,0.08877]},"76o":{"weight":0.0,"played":[1.0,0.0,0.0],"evs":[0.0,-2.26316,-2.8644]},"86o":{"weight":0.0,"played":[1.0,0.0,0.0],"evs":[0.0,-2.36001,-3.33259]},"96o":{"weight":0.0,"played":[1.0,0.0,0.0],"evs":[0.0,-2.47401,-3.60218]},"T6o":{"weight":0.0,"played":[1.0,0.0,0.0],"evs":[0.0,-2.49188,-3.80113]},"J6o":{"weight":0.0,"played":[1.0,0.0,0.0],"evs":[0.0,-2.55265,-3.90032]},"Q6o":{"weight":0.0,"played":[1.0,0.0,0.0],"evs":[0.0,-2.445,-3.24594]},"K6o":{"weight":0.0,"played":[1.0,0.0,0.0],"evs":[0.0,-2.10022,-3.14143]},"A6o":{"weight":1.0,"played":[1.0,0.0,0.0],"evs":[0.0,-1.70164,-2.62934]},"72s":{"weight":0.0,"played":[1.0,0.0,0.0],"evs":[0.0,-2.62242,-3.60207]},"73s":{"weight":0.0,"played":[1.0,0.0,0.0],"evs":[0.0,-2.41457,-3.47399]},"74s":{"weight":0.0,"played":[1.0,0.0,0.0],"evs":[0.0,-2.28881,-2.89273]},"75s":{"weight":0.145,"played":[1.0,0.0,0.0],"evs":[0.0,-2.11884,-2.21273]},"76s":{"weight":0.9998,"played":[1.0,0.0,0.0],"evs":[0.0,-1.80782,-1.73794]},"77":{"weight":1.0,"played":[3.0E-4,1.0E-4,0.9995],"evs":[0.0,0.36811,0.47027]},"87o":{"weight":0.0,"played":[1.0,0.0,0.0],"evs":[0.0,-2.20396,-3.05157]},"97o":{"weight":0.0,"played":[1.0,0.0,0.0],"evs":[0.0,-2.29856,-3.2582]},"T7o":{"weight":0.0,"played":[1.0,0.0,0.0],"evs":[0.0,-2.39282,-3.62485]},"J7o":{"weight":0.0,"played":[1.0,0.0,0.0],"evs":[0.0,-2.41027,-3.54184]},"Q7o":{"weight":0.0,"played":[1.0,0.0,0.0],"evs":[0.0,-2.45716,-3.42642]},"K7o":{"weight":0.0,"played":[1.0,0.0,0.0],"evs":[0.0,-2.17883,-3.28271]},"A7o":{"weight":1.0,"played":[1.0,0.0,0.0],"evs":[0.0,-1.59556,-2.42024]},"82s":{"weight":0.0,"played":[1.0,0.0,0.0],"evs":[0.0,-2.41354,-3.32029]},"83s":{"weight":0.0,"played":[1.0,0.0,0.0],"evs":[0.0,-2.49277,-3.49156]},"84s":{"weight":0.0,"played":[1.0,0.0,0.0],"evs":[0.0,-2.28449,-3.1154]},"85s":{"weight":0.0,"played":[1.0,0.0,0.0],"evs":[0.0,-2.138,-2.68163]},"86s":{"weight":0.9998,"played":[1.0,0.0,0.0],"evs":[0.0,-1.93981,-2.12339]},"87s":{"weight":1.0,"played":[1.0,0.0,0.0],"evs":[0.0,-1.5862,-1.54098]},"88":{"weight":1.0,"played":[0.0,0.018,0.982],"evs":[0.0,0.80415,0.94021]},"98o":{"weight":0.0,"played":[1.0,0.0,0.0],"evs":[0.0,-2.05958,-3.10269]},"T8o":{"weight":0.0,"played":[1.0,0.0,0.0],"evs":[0.0,-2.19556,-3.20776]},"J8o":{"weight":0.0,"played":[1.0,0.0,0.0],"evs":[0.0,-2.13166,-3.04337]},"Q8o":{"weight":0.0,"played":[1.0,0.0,0.0],"evs":[0.0,-2.21885,-3.09831]},"K8o":{"weight":0.0,"played":[1.0,0.0,0.0],"evs":[0.0,-2.04275,-3.1518]},"A8o":{"weight":1.0,"played":[1.0,0.0,0.0],"evs":[0.0,-1.40167,-2.25546]},"92s":{"weight":0.0,"played":[1.0,0.0,0.0],"evs":[0.0,-2.38955,-3.71844]},"93s":{"weight":0.0,"played":[1.0,0.0,0.0],"evs":[0.0,-2.35588,-3.38832]},"94s":{"weight":0.0,"played":[1.0,0.0,0.0],"evs":[0.0,-2.39139,-3.40166]},"95s":{"weight":0.0,"played":[1.0,0.0,0.0],"evs":[0.0,-2.17977,-2.80545]},"96s":{"weight":0.0042,"played":[1.0,0.0,0.0],"evs":[0.0,-1.95179,-2.24766]},"97s":{"weight":0.9999,"played":[1.0,0.0,0.0],"evs":[0.0,-1.84237,-2.11934]},"98s":{"weight":1.0,"played":[1.0,0.0,0.0],"evs":[0.0,-1.7219,-1.87652]},"99":{"weight":1.0,"played":[0.0,0.083,0.917],"evs":[0.0,1.55828,1.58635]},"T9o":{"weight":0.9999,"played":[1.0,0.0,0.0],"evs":[0.0,-1.83808,-2.59744]},"J9o":{"weight":0.6258,"played":[1.0,0.0,0.0],"evs":[0.0,-1.85558,-2.54912]},"Q9o":{"weight":0.9995,"played":[1.0,0.0,0.0],"evs":[0.0,-1.96264,-2.55119]},"K9o":{"weight":1.0,"played":[1.0,0.0,0.0],"evs":[0.0,-1.94895,-2.83755]},"A9o":{"weight":1.0,"played":[1.0,0.0,0.0],"evs":[0.0,-1.07397,-1.71938]},"T2s":{"weight":0.0,"played":[1.0,0.0,0.0],"evs":[0.0,-2.37671,-3.43562]},"T3s":{"weight":0.0,"played":[1.0,0.0,0.0],"evs":[0.0,-2.20208,-3.08315]},"T4s":{"weight":0.0,"played":[1.0,0.0,0.0],"evs":[0.0,-2.18349,-3.04037]},"T5s":{"weight":0.0,"played":[1.0,0.0,0.0],"evs":[0.0,-2.25487,-3.19196]},"T6s":{"weight":0.0,"played":[1.0,0.0,0.0],"evs":[0.0,-1.98033,-2.50634]},"T7s":{"weight":1.0,"played":[1.0,0.0,0.0],"evs":[0.0,-1.82541,-2.23152]},"T8s":{"weight":1.0,"played":[1.0,0.0,0.0],"evs":[0.0,-1.57557,-1.65997]},"T9s":{"weight":1.0,"played":[0.9999,0.0,1.0E-4],"evs":[0.0,-1.41261,-1.41627]},"TT":{"weight":1.0,"played":[0.0,3.0E-4,0.9997],"evs":[0.0,3.03022,3.10574]},"JTo":{"weight":1.0,"played":[1.0,0.0,0.0],"evs":[0.0,-1.50228,-1.84319]},"QTo":{"weight":1.0,"played":[1.0,0.0,0.0],"evs":[0.0,-1.63604,-1.99803]},"KTo":{"weight":1.0,"played":[1.0,0.0,0.0],"evs":[0.0,-1.53306,-2.10245]},"ATo":{"weight":1.0,"played":[0.9993,7.0E-4,0.0],"evs":[0.0,-0.4494,-0.81787]},"J2s":{"weight":0.0,"played":[1.0,0.0,0.0],"evs":[0.0,-2.19065,-3.0955]},"J3s":{"weight":0.0,"played":[1.0,0.0,0.0],"evs":[0.0,-2.15228,-2.67836]},"J4s":{"weight":0.0,"played":[1.0,0.0,0.0],"evs":[0.0,-2.26977,-2.78869]},"J5s":{"weight":0.0,"played":[1.0,0.0,0.0],"evs":[0.0,-2.11728,-2.63402]},"J6s":{"weight":0.0,"played":[1.0,0.0,0.0],"evs":[0.0,-2.08984,-2.47873]},"J7s":{"weight":0.9998,"played":[1.0,0.0,0.0],"evs":[0.0,-1.90482,-2.10883]},"J8s":{"weight":1.0,"played":[1.0,0.0,0.0],"evs":[0.0,-1.73804,-1.79071]},"J9s":{"weight":1.0,"played":[0.9999,0.0,1.0E-4],"evs":[0.0,-1.32194,-1.27424]},"JTs":{"weight":1.0,"played":[0.9996,1.0E-4,3.0E-4],"evs":[0.0,-0.91134,-0.86949]},"JJ":{"weight":1.0,"played":[0.0,0.0396,0.9604],"evs":[0.0,5.48392,5.50959]},"QJo":{"weight":1.0,"played":[1.0,0.0,0.0],"evs":[0.0,-1.50504,-1.49228]},"KJo":{"weight":1.0,"played":[1.0,0.0,0.0],"evs":[0.0,-1.1783,-1.35622]},"AJo":{"weight":1.0,"played":[0.0061,0.3185,0.6754],"evs":[0.0,0.12324,0.26757]},"Q2s":{"weight":0.0,"played":[1.0,0.0,0.0],"evs":[0.0,-2.06102,-2.53656]},"Q3s":{"weight":0.0,"played":[1.0,0.0,0.0],"evs":[0.0,-2.05984,-2.24847]},"Q4s":{"weight":0.0,"played":[1.0,0.0,0.0],"evs":[0.0,-2.15271,-2.22236]},"Q5s":{"weight":0.996,"played":[1.0,0.0,0.0],"evs":[0.0,-1.98619,-2.21823]},"Q6s":{"weight":0.9994,"played":[1.0,0.0,0.0],"evs":[0.0,-1.91745,-2.04023]},"Q7s":{"weight":0.9999,"played":[1.0,0.0,0.0],"evs":[0.0,-1.91527,-2.03337]},"Q8s":{"weight":1.0,"played":[1.0,0.0,0.0],"evs":[0.0,-1.79923,-1.72774]},"Q9s":{"weight":1.0,"played":[0.9999,1.0E-4,0.0],"evs":[0.0,-1.39471,-1.31508]},"QTs":{"weight":1.0,"played":[1.0,0.0,0.0],"evs":[0.0,-0.80608,-0.73467]},"QJs":{"weight":1.0,"played":[0.9791,0.0124,0.0085],"evs":[0.0,-0.32541,-0.25296]},"QQ":{"weight":1.0,"played":[0.0,0.2456,0.7544],"evs":[0.0,8.0102,8.07057]},"KQo":{"weight":1.0,"played":[0.9998,1.0E-4,1.0E-4],"evs":[0.0,-0.86945,-0.68196]},"AQo":{"weight":0.9989,"played":[0.0,0.0047,0.9953],"evs":[0.0,1.35197,1.56005]},"K2s":{"weight":0.0,"played":[1.0,0.0,0.0],"evs":[0.0,-1.74661,-2.13604]},"K3s":{"weight":0.8373,"played":[1.0,0.0,0.0],"evs":[0.0,-1.91393,-2.25461]},"K4s":{"weight":0.9998,"played":[1.0,0.0,0.0],"evs":[0.0,-1.74992,-1.98491]},"K5s":{"weight":1.0,"played":[1.0,0.0,0.0],"evs":[0.0,-1.69848,-1.80309]},"K6s":{"weight":1.0,"played":[1.0,0.0,0.0],"evs":[0.0,-1.64096,-1.77423]},"K7s":{"weight":1.0,"played":[1.0,0.0,0.0],"evs":[0.0,-1.64446,-1.87027]},"K8s":{"weight":1.0,"played":[1.0,0.0,0.0],"evs":[0.0,-1.54241,-1.79732]},"K9s":{"weight":1.0,"played":[1.0,0.0,0.0],"evs":[0.0,-1.3977,-1.35181]},"KTs":{"weight":1.0,"played":[0.9999,0.0,1.0E-4],"evs":[0.0,-1.02025,-0.91982]},"KJs":{"weight":1.0,"played":[0.9608,0.028,0.0112],"evs":[0.0,-0.15487,-0.11899]},"KQs":{"weight":1.0,"played":[0.0018,0.7041,0.294],"evs":[0.0,0.49676,0.49001]},"KK":{"weight":1.0,"played":[0.0,0.0404,0.9596],"evs":[0.0,10.79999,10.87332]},"AKo":{"weight":1.0,"played":[0.0,2.0E-4,0.9998],"evs":[0.0,3.62138,3.78717]},"A2s":{"weight":1.0,"played":[1.0,0.0,0.0],"evs":[0.0,-1.25641,-1.27937]},"A3s":{"weight":1.0,"played":[0.9998,0.0,2.0E-4],"evs":[0.0,-1.2575,-1.22335]},"A4s":{"weight":1.0,"played":[0.9997,0.0,3.0E-4],"evs":[0.0,-1.17158,-1.10928]},"A5s":{"weight":1.0,"played":[1.0,0.0,0.0],"evs":[0.0,-0.97381,-0.85358]},"A6s":{"weight":1.0,"played":[1.0,0.0,0.0],"evs":[0.0,-1.06886,-1.2465]},"A7s":{"weight":1.0,"played":[1.0,0.0,0.0],"evs":[0.0,-1.07913,-1.29943]},"A8s":{"weight":1.0,"played":[0.9996,3.0E-4,0.0],"evs":[0.0,-0.82524,-0.94165]},"A9s":{"weight":1.0,"played":[0.9953,6.0E-4,0.0042],"evs":[0.0,-0.62582,-0.67865]},"ATs":{"weight":1.0,"played":[4.0E-4,0.096,0.9036],"evs":[0.0,0.1311,0.24842]},"AJs":{"weight":1.0,"played":[3.0E-4,0.0,0.9997],"evs":[0.0,1.19228,1.29979]},"AQs":{"weight":1.0,"played":[0.0,0.0,1.0],"evs":[0.0,2.33504,2.54971]},"AKs":{"weight":1.0,"played":[0.0,0.029,0.971],"evs":[0.0,4.54524,4.65268]},"AA":{"weight":1.0,"played":[0.0,0.9803,0.0197],"evs":[0.0,15.92331,15.76979]}}}