{"player":2,"street":0,"children":2,"sequence":[{"player":0,"type":"F","amount":0,"street":0},{"player":1,"type":"F","amount":0,"street":0},{"player":2,"type":"R","amount":200000,"street":0},{"player":3,"type":"R","amount":500000,"street":0},{"player":4,"type":"R","amount":1085000,"street":0},{"player":5,"type":"F","amount":0,"street":0},{"player":2,"type":"C","amount":885000,"street":0},{"player":3,"type":"R","amount":2985000,"street":0}],"actions":[{"type":"F","amount":0},{"type":"C","amount":1900000}],"hands":{"22":{"weight":0.0,"played":[0.0389,0.9611],"evs":[0.0,0.47766]},"32o":{"weight":0.0,"played":[0.9999,1.0E-4],"evs":[0.0,-3.87746]},"42o":{"weight":0.0,"played":[1.0,0.0],"evs":[0.0,-4.05311]},"52o":{"weight":0.0,"played":[1.0,0.0],"evs":[0.0,-3.33731]},"62o":{"weight":0.0,"played":[1.0,0.0],"evs":[0.0,-3.79317]},"72o":{"weight":0.0,"played":[1.0,0.0],"evs":[0.0,-5.04328]},"82o":{"weight":0.0,"played":[0.9999,1.0E-4],"evs":[0.0,-4.38069]},"92o":{"weight":0.0,"played":[1.0,0.0],"evs":[0.0,-4.54679]},"T2o":{"weight":0.0,"played":[1.0,0.0],"evs":[0.0,-4.90322]},"J2o":{"weight":0.0,"played":[1.0,0.0],"evs":[0.0,-3.73647]},"Q2o":{"weight":0.0,"played":[1.0,0.0],"evs":[0.0,-3.28775]},"K2o":{"weight":0.0,"played":[0.9995,5.0E-4],"evs":[0.0,-3.66554]},"A2o":{"weight":0.0,"played":[0.9998,2.0E-4],"evs":[0.0,-2.50855]},"32s":{"weight":0.0,"played":[0.9959,0.0041],"evs":[0.0,-1.47323]},"33":{"weight":0.0,"played":[0.0793,0.9207],"evs":[0.0,0.24252]},"43o":{"weight":0.0,"played":[0.9997,3.0E-4],"evs":[0.0,-2.86243]},"53o":{"weight":0.0,"played":[1.0,0.0],"evs":[0.0,-2.4058]},"63o":{"weight":0.0,"played":[0.9999,1.0E-4],"evs":[0.0,-3.07915]},"73o":{"weight":0.0,"played":[0.9999,1.0E-4],"evs":[0.0,-3.5557]},"83o":{"weight":0.0,"played":[1.0,0.0],"evs":[0.0,-4.32563]},"93o":{"weight":0.0,"played":[0.9999,1.0E-4],"evs":[0.0,-4.49768]},"T3o":{"weight":0.0,"played":[1.0,0.0],"evs":[0.0,-4.15073]},"J3o":{"weight":0.0,"played":[1.0,0.0],"evs":[0.0,-3.77963]},"Q3o":{"weight":0.0,"played":[0.9998,2.0E-4],"evs":[0.0,-2.9752]},"K3o":{"weight":0.0,"played":[0.9999,1.0E-4],"evs":[0.0,-3.37856]},"A3o":{"weight":0.0,"played":[0.9997,3.0E-4],"evs":[0.0,-2.53789]},"42s":{"weight":0.0,"played":[0.9984,0.0016],"evs":[0.0,-1.13533]},"43s":{"weight":0.0,"played":[0.9821,0.0179],"evs":[0.0,-1.36764]},"44":{"weight":0.0,"played":[0.005,0.995],"evs":[0.0,0.82124]},"54o":{"weight":0.0,"played":[0.9999,1.0E-4],"evs":[0.0,-1.32267]},"64o":{"weight":0.0,"played":[0.9998,2.0E-4],"evs":[0.0,-2.28264]},"74o":{"weight":0.0,"played":[0.9989,0.0011],"evs":[0.0,-3.10228]},"84o":{"weight":0.0,"played":[1.0,0.0],"evs":[0.0,-3.84614]},"94o":{"weight":0.0,"played":[0.9999,1.0E-4],"evs":[0.0,-4.08435]},"T4o":{"weight":0.0,"played":[0.9999,1.0E-4],"evs":[0.0,-4.25224]},"J4o":{"weight":0.0,"played":[0.9999,1.0E-4],"evs":[0.0,-3.5799]},"Q4o":{"weight":0.0,"played":[1.0,0.0],"evs":[0.0,-2.56175]},"K4o":{"weight":0.0,"played":[0.9999,1.0E-4],"evs":[0.0,-2.39326]},"A4o":{"weight":0.0,"played":[0.9998,2.0E-4],"evs":[0.0,-2.00645]},"52s":{"weight":0.0,"played":[0.9992,8.0E-4],"evs":[0.0,-2.23942]},"53s":{"weight":0.0,"played":[0.9988,0.0012],"evs":[0.0,-0.8578]},"54s":{"weight":0.0,"played":[0.2435,0.7565],"evs":[0.0,0.38683]},"55":{"weight":5.0E-4,"played":[0.0,1.0],"evs":[0.0,1.02694]},"65o":{"weight":0.0,"played":[0.9996,4.0E-4],"evs":[0.0,-1.35029]},"75o":{"weight":0.0,"played":[0.9998,2.0E-4],"evs":[0.0,-1.82498]},"85o":{"weight":0.0,"played":[0.9999,1.0E-4],"evs":[0.0,-2.80228]},"95o":{"weight":0.0,"played":[1.0,0.0],"evs":[0.0,-3.68908]},"T5o":{"weight":0.0,"played":[1.0,0.0],"evs":[0.0,-4.09169]},"J5o":{"weight":0.0,"played":[0.9993,7.0E-4],"evs":[0.0,-3.3452]},"Q5o":{"weight":0.0,"played":[1.0,0.0],"evs":[0.0,-2.63647]},"K5o":{"weight":0.0,"played":[1.0,0.0],"evs":[0.0,-2.64178]},"A5o":{"weight":0.0,"played":[1.0,0.0],"evs":[0.0,-1.95664]},"62s":{"weight":0.0,"played":[0.9992,8.0E-4],"evs":[0.0,-2.71302]},"63s":{"weight":0.0,"played":[0.9753,0.0247],"evs":[0.0,-1.9906]},"64s":{"weight":0.0,"played":[0.9188,0.0812],"evs":[0.0,-0.07592]},"65s":{"weight":0.0,"played":[0.1233,0.8767],"evs":[0.0,0.32448]},"66":{"weight":0.1127,"played":[0.0,1.0],"evs":[0.0,1.01425]},"76o":{"weight":0.0,"played":[0.9966,0.0034],"evs":[0.0,-1.49638]},"86o":{"weight":0.0,"played":[0.9992,8.0E-4],"evs":[0.0,-2.32744]},"96o":{"weight":0.0,"played":[0.9999,1.0E-4],"evs":[0.0,-2.71437]},"T6o":{"weight":0.0,"played":[0.9997,3.0E-4],"evs":[0.0,-3.50739]},"J6o":{"weight":0.0,"played":[0.9994,6.0E-4],"evs":[0.0,-3.35383]},"Q6o":{"weight":0.0,"played":[0.9999,1.0E-4],"evs":[0.0,-2.07091]},"K6o":{"weight":0.0,"played":[0.9998,2.0E-4],"evs":[0.0,-2.80123]},"A6o":{"weight":0.0,"played":[1.0,0.0],"evs":[0.0,-2.57582]},"72s":{"weight":0.0,"played":[0.9981,0.0019],"evs":[0.0,-2.33099]},"73s":{"weight":0.0,"played":[0.9999,1.0E-4],"evs":[0.0,-2.58141]},"74s":{"weight":0.0,"played":[0.9928,0.0072],"evs":[0.0,-1.3304]},"75s":{"weight":0.0,"played":[0.7729,0.2271],"evs":[0.0,-0.34033]},"76s":{"weight":0.0,"played":[0.5748,0.4252],"evs":[0.0,-0.03836]},"77":{"weight":1.0E-4,"played":[5.0E-4,0.9995],"evs":[0.0,1.3502]},"87o":{"weight":0.0,"played":[0.9982,0.0018],"evs":[0.0,-2.16141]},"97o":{"weight":0.0,"played":[0.9999,1.0E-4],"evs":[0.0,-2.22813]},"T7o":{"weight":0.0,"played":[0.9998,2.0E-4],"evs":[0.0,-2.82132]},"J7o":{"weight":0.0,"played":[0.9999,1.0E-4],"evs":[0.0,-2.99175]},"Q7o":{"weight":0.0,"played":[1.0,0.0],"evs":[0.0,-2.51557]},"K7o":{"weight":0.0,"played":[0.9996,4.0E-4],"evs":[0.0,-2.83241]},"A7o":{"weight":0.0,"played":[0.9997,3.0E-4],"evs":[0.0,-2.22213]},"82s":{"weight":0.0,"played":[0.9995,5.0E-4],"evs":[0.0,-2.40998]},"83s":{"weight":0.0,"played":[1.0,0.0],"evs":[0.0,-2.58245]},"84s":{"weight":0.0,"played":[0.9955,0.0045],"evs":[0.0,-2.19192]},"85s":{"weight":0.0,"played":[0.9983,0.0017],"evs":[0.0,-1.49485]},"86s":{"weight":0.0,"played":[0.9479,0.0521],"evs":[0.0,-0.68001]},"87s":{"weight":0.0,"played":[0.173,0.827],"evs":[0.0,0.00516]},"88":{"weight":0.018,"played":[0.0,1.0],"evs":[0.0,1.41147]},"98o":{"weight":0.0,"played":[1.0,0.0],"evs":[0.0,-2.47552]},"T8o":{"weight":0.0,"played":[0.999,0.001],"evs":[0.0,-2.5371]},"J8o":{"weight":0.0,"played":[0.9995,5.0E-4],"evs":[0.0,-2.21396]},"Q8o":{"weight":0.0,"played":[0.9992,8.0E-4],"evs":[0.0,-2.06168]},"K8o":{"weight":0.0,"played":[1.0,0.0],"evs":[0.0,-3.07522]},"A8o":{"weight":0.0,"played":[0.9999,1.0E-4],"evs":[0.0,-1.92554]},"92s":{"weight":0.0,"played":[0.9998,2.0E-4],"evs":[0.0,-3.07399]},"93s":{"weight":0.0,"played":[0.9999,1.0E-4],"evs":[0.0,-1.66316]},"94s":{"weight":0.0,"played":[1.0,0.0],"evs":[0.0,-2.0805]},"95s":{"weight":0.0,"played":[0.9963,0.0037],"evs":[0.0,-1.85238]},"96s":{"weight":0.0,"played":[0.9981,0.0019],"evs":[0.0,-0.78558]},"97s":{"weight":0.0,"played":[0.999,0.001],"evs":[0.0,-0.49787]},"98s":{"weight":0.0,"played":[0.9985,0.0015],"evs":[0.0,-0.6767]},"99":{"weight":0.083,"played":[0.0,1.0],"evs":[0.0,2.4554]},"T9o":{"weight":0.0,"played":[0.9999,1.0E-4],"evs":[0.0,-1.87013]},"J9o":{"weight":0.0,"played":[0.9998,2.0E-4],"evs":[0.0,-1.80807]},"Q9o":{"weight":0.0,"played":[0.9991,9.0E-4],"evs":[0.0,-1.6852]},"K9o":{"weight":0.0,"played":[0.999,0.001],"evs":[0.0,-2.44325]},"A9o":{"weight":0.0,"played":[0.9999,1.0E-4],"evs":[0.0,-1.69389]},"T2s":{"weight":0.0,"played":[0.9998,2.0E-4],"evs":[0.0,-2.1641]},"T3s":{"weight":0.0,"played":[0.9999,1.0E-4],"evs":[0.0,-2.15514]},"T4s":{"weight":0.0,"played":[0.9985,0.0015],"evs":[0.0,-2.29074]},"T5s":{"weight":0.0,"played":[0.9993,7.0E-4],"evs":[0.0,-2.20365]},"T6s":{"weight":0.0,"played":[0.9979,0.0021],"evs":[0.0,-1.20368]},"T7s":{"weight":0.0,"played":[0.9992,8.0E-4],"evs":[0.0,-0.8845]},"T8s":{"weight":0.0,"played":[0.9999,1.0E-4],"evs":[0.0,-0.59506]},"T9s":{"weight":0.0,"played":[0.6073,0.3927],"evs":[0.0,-0.05117]},"TT":{"weight":3.0E-4,"played":[0.0,1.0],"evs":[0.0,4.27665]},"JTo":{"weight":0.0,"played":[0.9996,4.0E-4],"evs":[0.0,-0.98535]},"QTo":{"weight":0.0,"played":[0.9983,0.0017],"evs":[0.0,-1.1243]},"KTo":{"weight":0.0,"played":[0.9991,9.0E-4],"evs":[0.0,-1.76119]},"ATo":{"weight":7.0E-4,"played":[0.9994,6.0E-4],"evs":[0.0,-1.34539]},"J2s":{"weight":0.0,"played":[0.9994,6.0E-4],"evs":[0.0,-1.67599]},"J3s":{"weight":0.0,"played":[1.0,0.0],"evs":[0.0,-1.34544]},"J4s":{"weight":0.0,"played":[0.9997,3.0E-4],"evs":[0.0,-1.79695]},"J5s":{"weight":0.0,"played":[0.9977,0.0023],"evs":[0.0,-1.27197]},"J6s":{"weight":0.0,"played":[0.9988,0.0012],"evs":[0.0,-1.40558]},"J7s":{"weight":0.0,"played":[0.9977,0.0023],"evs":[0.0,-0.90307]},"J8s":{"weight":0.0,"played":[0.9914,0.0086],"evs":[0.0,-0.41372]},"J9s":{"weight":0.0,"played":[0.1119,0.8881],"evs":[0.0,0.22422]},"JTs":{"weight":1.0E-4,"played":[0.0,1.0],"evs":[0.0,0.21133]},"JJ":{"weight":0.0396,"played":[0.0,1.0],"evs":[0.0,8.24302]},"QJo":{"weight":0.0,"played":[0.8204,0.1796],"evs":[0.0,-0.28968]},"KJo":{"weight":0.0,"played":[0.9958,0.0042],"evs":[0.0,-0.75577]},"AJo":{"weight":0.3185,"played":[0.9597,0.0403],"evs":[0.0,-0.2173]},"Q2s":{"weight":0.0,"played":[0.8892,0.1108],"evs":[0.0,-1.45295]},"Q3s":{"weight":0.0,"played":[0.9431,0.0569],"evs":[0.0,-0.71536]},"Q4s":{"weight":0.0,"played":[0.9952,0.0048],"evs":[0.0,-0.59577]},"Q5s":{"weight":0.0,"played":[0.9957,0.0043],"evs":[0.0,-0.70988]},"Q6s":{"weight":0.0,"played":[0.9872,0.0128],"evs":[0.0,-0.22784]},"Q7s":{"weight":0.0,"played":[0.9713,0.0287],"evs":[0.0,-0.72131]},"Q8s":{"weight":0.0,"played":[0.9094,0.0906],"evs":[0.0,-0.2417]},"Q9s":{"weight":1.0E-4,"played":[0.4402,0.5598],"evs":[0.0,0.31976]},"QTs":{"weight":0.0,"played":[0.0109,0.9891],"evs":[0.0,0.99919]},"QJs":{"weight":0.0124,"played":[0.0,1.0],"evs":[0.0,1.63136]},"QQ":{"weight":0.2456,"played":[0.0,1.0],"evs":[0.0,12.25675]},"KQo":{"weight":1.0E-4,"played":[0.6455,0.3545],"evs":[0.0,-0.00325]},"AQo":{"weight":0.0047,"played":[0.0,1.0],"evs":[0.0,1.64233]},"K2s":{"weight":0.0,"played":[0.9997,3.0E-4],"evs":[0.0,-1.48792]},"K3s":{"weight":0.0,"played":[0.9996,4.0E-4],"evs":[0.0,-0.91377]},"K4s":{"weight":0.0,"played":[0.9993,7.0E-4],"evs":[0.0,-0.86596]},"K5s":{"weight":0.0,"played":[0.9985,0.0015],"evs":[0.0,-0.47897]},"K6s":{"weight":0.0,"played":[0.9822,0.0178],"evs":[0.0,-0.72935]},"K7s":{"weight":0.0,"played":[0.9974,0.0026],"evs":[0.0,-0.54936]},"K8s":{"weight":0.0,"played":[0.9492,0.0508],"evs":[0.0,-0.43811]},"K9s":{"weight":0.0,"played":[0.7827,0.2173],"evs":[0.0,0.01328]},"KTs":{"weight":0.0,"played":[0.1177,0.8823],"evs":[0.0,0.53644]},"KJs":{"weight":0.028,"played":[0.0057,0.9943],"evs":[0.0,1.14149]},"KQs":{"weight":0.7041,"played":[0.0078,0.9922],"evs":[0.0,2.14041]},"KK":{"weight":0.0404,"played":[0.0,1.0],"evs":[0.0,17.50621]},"AKo":{"weight":2.0E-4,"played":[0.0,1.0],"evs":[0.0,5.4196]},"A2s":{"weight":0.0,"played":[0.9701,0.0299],"evs":[0.0,-0.17584]},"A3s":{"weight":0.0,"played":[0.5614,0.4386],"evs":[0.0,0.08579]},"A4s":{"weight":0.0,"played":[0.3287,0.6713],"evs":[0.0,0.12076]},"A5s":{"weight":0.0,"played":[0.3296,0.6704],"evs":[0.0,0.01508]},"A6s":{"weight":0.0,"played":[0.9828,0.0172],"evs":[0.0,-0.25044]},"A7s":{"weight":0.0,"played":[0.9978,0.0022],"evs":[0.0,-0.16299]},"A8s":{"weight":3.0E-4,"played":[0.9418,0.0582],"evs":[0.0,-0.45652]},"A9s":{"weight":6.0E-4,"played":[0.7831,0.2169],"evs":[0.0,-0.14979]},"ATs":{"weight":0.096,"played":[0.1002,0.8998],"evs":[0.0,0.45089]},"AJs":{"weight":0.0,"played":[0.0024,0.9976],"evs":[0.0,1.66425]},"AQs":{"weight":0.0,"played":[1.0E-4,0.9999],"evs":[0.0,3.27658]},"AKs":{"weight":0.029,"played":[0.0,1.0],"evs":[0.0,6.66008]},"AA":{"weight":0.9803,"played":[0.0,1.0],"evs":[0.0,26.29588]}}}