{"player":2,"street":0,"children":2,"sequence":[{"player":0,"type":"F","amount":0,"street":0},{"player":1,"type":"F","amount":0,"street":0},{"player":2,"type":"R","amount":200000,"street":0},{"player":3,"type":"R","amount":500000,"street":0},{"player":4,"type":"R","amount":1085000,"street":0},{"player":5,"type":"R","amount":2235000,"street":0}],"actions":[{"type":"F","amount":0,"node":79},{"type":"R","amount":2985000,"node":80}],"hands":{"22":{"weight":1.0,"played":[0.9999,1.0E-4],"evs":[0.0,-3.00864]},"32o":{"weight":0.0,"played":[1.0,0.0],"evs":[0.0,-6.00135]},"42o":{"weight":0.0,"played":[1.0,0.0],"evs":[0.0,-6.06231]},"52o":{"weight":0.0,"played":[1.0,0.0],"evs":[0.0,-6.10203]},"62o":{"weight":0.0,"played":[1.0,0.0],"evs":[0.0,-6.12878]},"72o":{"weight":0.0,"played":[1.0,0.0],"evs":[0.0,-7.58927]},"82o":{"weight":0.0,"played":[1.0,0.0],"evs":[0.0,-7.26758]},"92o":{"weight":0.0,"played":[1.0,0.0],"evs":[0.0,-6.70586]},"T2o":{"weight":0.0,"played":[1.0,0.0],"evs":[0.0,-6.86311]},"J2o":{"weight":0.0,"played":[1.0,0.0],"evs":[0.0,-6.79307]},"Q2o":{"weight":0.0,"played":[1.0,0.0],"evs":[0.0,-6.21625]},"K2o":{"weight":0.0,"played":[0.9999,1.0E-4],"evs":[0.0,-6.63763]},"A2o":{"weight":0.0,"played":[1.0,0.0],"evs":[0.0,-5.87438]},"32s":{"weight":0.0,"played":[0.9999,1.0E-4],"evs":[0.0,-3.06482]},"33":{"weight":1.0,"played":[1.0,0.0],"evs":[0.0,-2.06857]},"43o":{"weight":0.0,"played":[1.0,0.0],"evs":[0.0,-5.38037]},"53o":{"weight":0.0,"played":[0.9999,1.0E-4],"evs":[0.0,-4.87598]},"63o":{"weight":0.0,"played":[0.9998,2.0E-4],"evs":[0.0,-5.40996]},"73o":{"weight":0.0,"played":[0.9999,1.0E-4],"evs":[0.0,-6.13721]},"83o":{"weight":0.0,"played":[1.0,0.0],"evs":[0.0,-7.24438]},"93o":{"weight":0.0,"played":[1.0,0.0],"evs":[0.0,-6.72971]},"T3o":{"weight":0.0,"played":[1.0,0.0],"evs":[0.0,-7.19717]},"J3o":{"weight":0.0,"played":[1.0,0.0],"evs":[0.0,-6.57679]},"Q3o":{"weight":0.0,"played":[0.9999,1.0E-4],"evs":[0.0,-6.63577]},"K3o":{"weight":0.0,"played":[0.9998,2.0E-4],"evs":[0.0,-6.31555]},"A3o":{"weight":0.4086,"played":[0.9996,4.0E-4],"evs":[0.0,-5.43111]},"42s":{"weight":0.0,"played":[0.9997,3.0E-4],"evs":[0.0,-4.39475]},"43s":{"weight":0.0,"played":[0.9997,3.0E-4],"evs":[0.0,-3.47815]},"44":{"weight":1.0,"played":[0.9989,0.0011],"evs":[0.0,-1.81339]},"54o":{"weight":0.0,"played":[0.9999,1.0E-4],"evs":[0.0,-4.72461]},"64o":{"weight":0.0,"played":[1.0,0.0],"evs":[0.0,-5.18297]},"74o":{"weight":0.0,"played":[0.9999,1.0E-4],"evs":[0.0,-5.50333]},"84o":{"weight":0.0,"played":[1.0,0.0],"evs":[0.0,-6.22589]},"94o":{"weight":0.0,"played":[1.0,0.0],"evs":[0.0,-7.08002]},"T4o":{"weight":0.0,"played":[0.9999,1.0E-4],"evs":[0.0,-6.23868]},"J4o":{"weight":0.0,"played":[1.0,0.0],"evs":[0.0,-6.31907]},"Q4o":{"weight":0.0,"played":[0.9999,1.0E-4],"evs":[0.0,-5.93641]},"K4o":{"weight":0.0,"played":[0.9999,1.0E-4],"evs":[0.0,-5.06852]},"A4o":{"weight":1.0,"played":[1.0,0.0],"evs":[0.0,-5.14775]},"52s":{"weight":0.0,"played":[0.9999,1.0E-4],"evs":[0.0,-4.08881]},"53s":{"weight":0.0,"played":[0.9993,7.0E-4],"evs":[0.0,-3.39566]},"54s":{"weight":0.0,"played":[0.9979,0.0021],"evs":[0.0,-1.74789]},"55":{"weight":1.0,"played":[0.9934,0.0066],"evs":[0.0,-1.60582]},"65o":{"weight":0.0,"played":[1.0,0.0],"evs":[0.0,-4.09868]},"75o":{"weight":0.0,"played":[1.0,0.0],"evs":[0.0,-4.47901]},"85o":{"weight":0.0,"played":[1.0,0.0],"evs":[0.0,-5.54356]},"95o":{"weight":0.0,"played":[1.0,0.0],"evs":[0.0,-5.94515]},"T5o":{"weight":0.0,"played":[1.0,0.0],"evs":[0.0,-6.3276]},"J5o":{"weight":0.0,"played":[0.9998,2.0E-4],"evs":[0.0,-6.05551]},"Q5o":{"weight":0.0,"played":[0.9999,1.0E-4],"evs":[0.0,-5.97633]},"K5o":{"weight":0.0,"played":[1.0,0.0],"evs":[0.0,-5.83829]},"A5o":{"weight":1.0,"played":[1.0,0.0],"evs":[0.0,-4.87304]},"62s":{"weight":0.0,"played":[0.9996,4.0E-4],"evs":[0.0,-3.63335]},"63s":{"weight":0.0,"played":[0.9998,2.0E-4],"evs":[0.0,-4.47431]},"64s":{"weight":0.0,"played":[0.9991,9.0E-4],"evs":[0.0,-3.43638]},"65s":{"weight":0.9995,"played":[0.9999,1.0E-4],"evs":[0.0,-2.07729]},"66":{"weight":1.0,"played":[0.9886,0.0114],"evs":[0.0,-1.33129]},"76o":{"weight":0.0,"played":[1.0,0.0],"evs":[0.0,-5.06167]},"86o":{"weight":0.0,"played":[0.9999,1.0E-4],"evs":[0.0,-4.80611]},"96o":{"weight":0.0,"played":[0.9998,2.0E-4],"evs":[0.0,-4.86139]},"T6o":{"weight":0.0,"played":[1.0,0.0],"evs":[0.0,-5.37922]},"J6o":{"weight":0.0,"played":[0.9998,2.0E-4],"evs":[0.0,-6.42228]},"Q6o":{"weight":0.0,"played":[1.0,0.0],"evs":[0.0,-5.92297]},"K6o":{"weight":0.0,"played":[0.9999,1.0E-4],"evs":[0.0,-5.40557]},"A6o":{"weight":1.0,"played":[1.0,0.0],"evs":[0.0,-5.46433]},"72s":{"weight":0.0,"played":[1.0,0.0],"evs":[0.0,-4.2649]},"73s":{"weight":0.0,"played":[0.9994,6.0E-4],"evs":[0.0,-4.01019]},"74s":{"weight":0.0,"played":[1.0,0.0],"evs":[0.0,-3.68547]},"75s":{"weight":0.145,"played":[0.9997,3.0E-4],"evs":[0.0,-2.33002]},"76s":{"weight":0.9998,"played":[0.9965,0.0035],"evs":[0.0,-2.57621]},"77":{"weight":1.0,"played":[0.9774,0.0226],"evs":[0.0,-1.02303]},"87o":{"weight":0.0,"played":[1.0,0.0],"evs":[0.0,-3.88256]},"97o":{"weight":0.0,"played":[1.0,0.0],"evs":[0.0,-4.7937]},"T7o":{"weight":0.0,"played":[1.0,0.0],"evs":[0.0,-5.102]},"J7o":{"weight":0.0,"played":[1.0,0.0],"evs":[0.0,-5.66893]},"Q7o":{"weight":0.0,"played":[1.0,0.0],"evs":[0.0,-5.88539]},"K7o":{"weight":0.0,"played":[1.0,0.0],"evs":[0.0,-5.22021]},"A7o":{"weight":1.0,"played":[0.9999,1.0E-4],"evs":[0.0,-5.50338]},"82s":{"weight":0.0,"played":[1.0,0.0],"evs":[0.0,-4.89478]},"83s":{"weight":0.0,"played":[0.9999,1.0E-4],"evs":[0.0,-4.24603]},"84s":{"weight":0.0,"played":[0.9998,2.0E-4],"evs":[0.0,-4.73062]},"85s":{"weight":0.0,"played":[0.9997,3.0E-4],"evs":[0.0,-4.23084]},"86s":{"weight":0.9998,"played":[1.0,0.0],"evs":[0.0,-2.41317]},"87s":{"weight":1.0,"played":[0.9903,0.0097],"evs":[0.0,-2.31893]},"88":{"weight":1.0,"played":[0.0022,0.9978],"evs":[0.0,0.14611]},"98o":{"weight":0.0,"played":[0.9999,1.0E-4],"evs":[0.0,-4.13562]},"T8o":{"weight":0.0,"played":[1.0,0.0],"evs":[0.0,-4.33707]},"J8o":{"weight":0.0,"played":[1.0,0.0],"evs":[0.0,-4.85083]},"Q8o":{"weight":0.0,"played":[0.9994,6.0E-4],"evs":[0.0,-5.80764]},"K8o":{"weight":0.0,"played":[1.0,0.0],"evs":[0.0,-5.72166]},"A8o":{"weight":1.0,"played":[0.9997,3.0E-4],"evs":[0.0,-5.59165]},"92s":{"weight":0.0,"played":[0.9999,1.0E-4],"evs":[0.0,-4.43385]},"93s":{"weight":0.0,"played":[1.0,0.0],"evs":[0.0,-5.6472]},"94s":{"weight":0.0,"played":[0.9998,2.0E-4],"evs":[0.0,-4.4681]},"95s":{"weight":0.0,"played":[0.9983,0.0017],"evs":[0.0,-3.62371]},"96s":{"weight":0.0042,"played":[0.9999,1.0E-4],"evs":[0.0,-2.48866]},"97s":{"weight":0.9999,"played":[0.9975,0.0025],"evs":[0.0,-2.70162]},"98s":{"weight":1.0,"played":[0.9999,1.0E-4],"evs":[0.0,-2.56841]},"99":{"weight":1.0,"played":[3.0E-4,0.9997],"evs":[0.0,1.94644]},"T9o":{"weight":0.9999,"played":[1.0,0.0],"evs":[0.0,-3.94877]},"J9o":{"weight":0.6258,"played":[0.9998,2.0E-4],"evs":[0.0,-4.19856]},"Q9o":{"weight":0.9995,"played":[0.9997,3.0E-4],"evs":[0.0,-4.29412]},"K9o":{"weight":1.0,"played":[0.9998,2.0E-4],"evs":[0.0,-5.13908]},"A9o":{"weight":1.0,"played":[0.9996,4.0E-4],"evs":[0.0,-4.76787]},"T2s":{"weight":0.0,"played":[0.9997,3.0E-4],"evs":[0.0,-5.13345]},"T3s":{"weight":0.0,"played":[0.9999,1.0E-4],"evs":[0.0,-4.12303]},"T4s":{"weight":0.0,"played":[0.9999,1.0E-4],"evs":[0.0,-4.40135]},"T5s":{"weight":0.0,"played":[1.0,0.0],"evs":[0.0,-5.08059]},"T6s":{"weight":0.0,"played":[0.9981,0.0019],"evs":[0.0,-4.06372]},"T7s":{"weight":1.0,"played":[1.0,0.0],"evs":[0.0,-1.98734]},"T8s":{"weight":1.0,"played":[0.9726,0.0274],"evs":[0.0,-1.96559]},"T9s":{"weight":1.0,"played":[0.9972,0.0028],"evs":[0.0,-2.53284]},"TT":{"weight":1.0,"played":[0.0,1.0],"evs":[0.0,2.75477]},"JTo":{"weight":1.0,"played":[1.0,0.0],"evs":[0.0,-3.85396]},"QTo":{"weight":1.0,"played":[1.0,0.0],"evs":[0.0,-3.64223]},"KTo":{"weight":1.0,"played":[0.9997,3.0E-4],"evs":[0.0,-3.8768]},"ATo":{"weight":1.0,"played":[0.9999,1.0E-4],"evs":[0.0,-4.01597]},"J2s":{"weight":0.0,"played":[1.0,0.0],"evs":[0.0,-4.25146]},"J3s":{"weight":0.0,"played":[0.9989,0.0011],"evs":[0.0,-5.16573]},"J4s":{"weight":0.0,"played":[0.9997,3.0E-4],"evs":[0.0,-4.07958]},"J5s":{"weight":0.0,"played":[0.9998,2.0E-4],"evs":[0.0,-4.52886]},"J6s":{"weight":0.0,"played":[1.0,0.0],"evs":[0.0,-3.9209]},"J7s":{"weight":0.9998,"played":[0.9997,3.0E-4],"evs":[0.0,-3.69916]},"J8s":{"weight":1.0,"played":[0.9996,4.0E-4],"evs":[0.0,-3.03099]},"J9s":{"weight":1.0,"played":[0.9999,1.0E-4],"evs":[0.0,-2.16721]},"JTs":{"weight":1.0,"played":[0.9925,0.0075],"evs":[0.0,-0.44365]},"JJ":{"weight":1.0,"played":[1.0E-4,0.9999],"evs":[0.0,6.11733]},"QJo":{"weight":1.0,"played":[0.9996,4.0E-4],"evs":[0.0,-3.46232]},"KJo":{"weight":1.0,"played":[0.9998,2.0E-4],"evs":[0.0,-3.17941]},"AJo":{"weight":1.0,"played":[0.9992,8.0E-4],"evs":[0.0,-2.99886]},"Q2s":{"weight":0.0,"played":[1.0,0.0],"evs":[0.0,-4.44263]},"Q3s":{"weight":0.0,"played":[0.9999,1.0E-4],"evs":[0.0,-4.29312]},"Q4s":{"weight":0.0,"played":[0.9993,7.0E-4],"evs":[0.0,-4.97813]},"Q5s":{"weight":0.996,"played":[0.9999,1.0E-4],"evs":[0.0,-3.15072]},"Q6s":{"weight":0.9994,"played":[0.996,0.004],"evs":[0.0,-3.63709]},"Q7s":{"weight":0.9999,"played":[0.9972,0.0028],"evs":[0.0,-4.0776]},"Q8s":{"weight":1.0,"played":[0.9998,2.0E-4],"evs":[0.0,-3.08713]},"Q9s":{"weight":1.0,"played":[0.9947,0.0053],"evs":[0.0,-2.61087]},"QTs":{"weight":1.0,"played":[0.9988,0.0012],"evs":[0.0,-2.20157]},"QJs":{"weight":1.0,"played":[0.9458,0.0542],"evs":[0.0,-1.94042]},"QQ":{"weight":1.0,"played":[0.0,1.0],"evs":[0.0,10.09824]},"KQo":{"weight":1.0,"played":[0.9999,1.0E-4],"evs":[0.0,-2.62163]},"AQo":{"weight":0.9989,"played":[0.9917,0.0083],"evs":[0.0,-1.44476]},"K2s":{"weight":0.0,"played":[0.9996,4.0E-4],"evs":[0.0,-3.55242]},"K3s":{"weight":0.8373,"played":[0.9998,2.0E-4],"evs":[0.0,-3.41947]},"K4s":{"weight":0.9998,"played":[0.9994,6.0E-4],"evs":[0.0,-3.03258]},"K5s":{"weight":1.0,"played":[0.999,0.001],"evs":[0.0,-2.74926]},"K6s":{"weight":1.0,"played":[0.9998,2.0E-4],"evs":[0.0,-3.95333]},"K7s":{"weight":1.0,"played":[0.9987,0.0013],"evs":[0.0,-3.01796]},"K8s":{"weight":1.0,"played":[0.9995,5.0E-4],"evs":[0.0,-2.83513]},"K9s":{"weight":1.0,"played":[0.9967,0.0033],"evs":[0.0,-3.64285]},"KTs":{"weight":1.0,"played":[0.9985,0.0015],"evs":[0.0,-2.17159]},"KJs":{"weight":1.0,"played":[0.9919,0.0081],"evs":[0.0,-1.65319]},"KQs":{"weight":1.0,"played":[0.999,0.001],"evs":[0.0,-0.45768]},"KK":{"weight":1.0,"played":[0.0,1.0],"evs":[0.0,15.8542]},"AKo":{"weight":1.0,"played":[1.0E-4,0.9999],"evs":[0.0,2.00518]},"A2s":{"weight":1.0,"played":[0.9991,9.0E-4],"evs":[0.0,-2.64614]},"A3s":{"weight":1.0,"played":[0.998,0.002],"evs":[0.0,-3.87769]},"A4s":{"weight":1.0,"played":[1.0,0.0],"evs":[0.0,-2.94056]},"A5s":{"weight":1.0,"played":[0.9982,0.0018],"evs":[0.0,-2.65897]},"A6s":{"weight":1.0,"played":[0.9997,3.0E-4],"evs":[0.0,-3.86171]},"A7s":{"weight":1.0,"played":[0.9998,2.0E-4],"evs":[0.0,-2.96529]},"A8s":{"weight":1.0,"played":[1.0,0.0],"evs":[0.0,-2.85131]},"A9s":{"weight":1.0,"played":[0.9991,9.0E-4],"evs":[0.0,-3.24299]},"ATs":{"weight":1.0,"played":[0.9601,0.0399],"evs":[0.0,-1.85555]},"AJs":{"weight":1.0,"played":[0.9287,0.0713],"evs":[0.0,-0.91025]},"AQs":{"weight":1.0,"played":[0.0962,0.9038],"evs":[0.0,1.48349]},"AKs":{"weight":1.0,"played":[0.0,1.0],"evs":[0.0,3.85203]},"AA":{"weight":1.0,"played":[0.0,1.0],"evs":[0.0,22.86847]}}}