{"player":4,"street":0,"children":3,"sequence":[{"player":0,"type":"F","amount":0,"street":0},{"player":1,"type":"F","amount":0,"street":0},{"player":2,"type":"F","amount":0,"street":0},{"player":3,"type":"R","amount":200000,"street":0}],"actions":[{"type":"F","amount":0,"node":9},{"type":"C","amount":150000,"node":11},{"type":"R","amount":1085000,"node":15}],"hands":{"22":{"weight":1.0,"played":[0.0,0.9959,0.0041],"evs":[0.0,0.0276,-0.00325]},"32o":{"weight":1.0,"played":[1.0,0.0,0.0],"evs":[0.0,-0.52334,-2.66444]},"42o":{"weight":1.0,"played":[1.0,0.0,0.0],"evs":[0.0,-0.4991,-2.57523]},"52o":{"weight":1.0,"played":[1.0,0.0,0.0],"evs":[0.0,-0.4822,-2.50104]},"62o":{"weight":1.0,"played":[1.0,0.0,0.0],"evs":[0.0,-0.54892,-2.68937]},"72o":{"weight":1.0,"played":[1.0,0.0,0.0],"evs":[0.0,-0.58038,-2.76897]},"82o":{"weight":1.0,"played":[1.0,0.0,0.0],"evs":[0.0,-0.59159,-2.65388]},"92o":{"weight":1.0,"played":[1.0,0.0,0.0],"evs":[0.0,-0.55005,-2.44389]},"T2o":{"weight":1.0,"played":[1.0,0.0,0.0],"evs":[0.0,-0.50712,-2.22629]},"J2o":{"weight":1.0,"played":[1.0,0.0,0.0],"evs":[0.0,-0.46943,-1.91369]},"Q2o":{"weight":1.0,"played":[1.0,0.0,0.0],"evs":[0.0,-0.3801,-1.43242]},"K2o":{"weight":1.0,"played":[1.0,0.0,0.0],"evs":[0.0,-0.27385,-0.92128]},"A2o":{"weight":1.0,"played":[0.0,5.0E-4,0.9995],"evs":[0.0,0.30239,0.32817]},"32s":{"weight":1.0,"played":[1.0,0.0,0.0],"evs":[0.0,-0.35813,-2.02078]},"33":{"weight":1.0,"played":[0.0,0.5817,0.4183],"evs":[0.0,0.21528,0.21898]},"43o":{"weight":1.0,"played":[1.0,0.0,0.0],"evs":[0.0,-0.43189,-2.32534]},"53o":{"weight":1.0,"played":[1.0,0.0,0.0],"evs":[0.0,-0.41255,-2.23748]},"63o":{"weight":1.0,"played":[1.0,0.0,0.0],"evs":[0.0,-0.47251,-2.42168]},"73o":{"weight":1.0,"played":[1.0,0.0,0.0],"evs":[0.0,-0.51427,-2.50775]},"83o":{"weight":1.0,"played":[1.0,0.0,0.0],"evs":[0.0,-0.57874,-2.61579]},"93o":{"weight":1.0,"played":[1.0,0.0,0.0],"evs":[0.0,-0.5336,-2.36425]},"T3o":{"weight":1.0,"played":[1.0,0.0,0.0],"evs":[0.0,-0.49072,-2.13688]},"J3o":{"weight":1.0,"played":[1.0,0.0,0.0],"evs":[0.0,-0.45339,-1.8294]},"Q3o":{"weight":1.0,"played":[1.0,0.0,0.0],"evs":[0.0,-0.35893,-1.34856]},"K3o":{"weight":1.0,"played":[1.0,0.0,0.0],"evs":[0.0,-0.24734,-0.83684]},"A3o":{"weight":1.0,"played":[0.0,0.0,1.0],"evs":[0.0,0.35688,0.40612]},"42s":{"weight":1.0,"played":[1.0,0.0,0.0],"evs":[0.0,-0.32848,-1.93325]},"43s":{"weight":1.0,"played":[1.0,0.0,0.0],"evs":[0.0,-0.25353,-1.69404]},"44":{"weight":1.0,"played":[0.0,0.0014,0.9986],"evs":[0.0,0.4141,0.44922]},"54o":{"weight":1.0,"played":[1.0,0.0,0.0],"evs":[0.0,-0.34514,-1.98868]},"64o":{"weight":1.0,"played":[1.0,0.0,0.0],"evs":[0.0,-0.39691,-2.15141]},"74o":{"weight":1.0,"played":[1.0,0.0,0.0],"evs":[0.0,-0.43845,-2.23739]},"84o":{"weight":1.0,"played":[1.0,0.0,0.0],"evs":[0.0,-0.51978,-2.34642]},"94o":{"weight":1.0,"played":[1.0,0.0,0.0],"evs":[0.0,-0.52739,-2.32323]},"T4o":{"weight":1.0,"played":[1.0,0.0,0.0],"evs":[0.0,-0.48546,-2.05636]},"J4o":{"weight":1.0,"played":[1.0,0.0,0.0],"evs":[0.0,-0.44179,-1.72585]},"Q4o":{"weight":1.0,"played":[1.0,0.0,0.0],"evs":[0.0,-0.34448,-1.24548]},"K4o":{"weight":1.0,"played":[1.0,0.0,0.0],"evs":[0.0,-0.23577,-0.73341]},"A4o":{"weight":1.0,"played":[0.0,0.0,1.0],"evs":[0.0,0.41195,0.50233]},"52s":{"weight":1.0,"played":[1.0,0.0,0.0],"evs":[0.0,-0.29985,-1.85421]},"53s":{"weight":1.0,"played":[1.0,0.0,0.0],"evs":[0.0,-0.23182,-1.62992]},"54s":{"weight":1.0,"played":[1.0,0.0,0.0],"evs":[0.0,-0.17194,-1.3831]},"55":{"weight":1.0,"played":[0.0,0.0,1.0],"evs":[0.0,0.66436,0.78635]},"65o":{"weight":1.0,"played":[1.0,0.0,0.0],"evs":[0.0,-0.33508,-1.90899]},"75o":{"weight":1.0,"played":[1.0,0.0,0.0],"evs":[0.0,-0.37822,-1.98584]},"85o":{"weight":1.0,"played":[1.0,0.0,0.0],"evs":[0.0,-0.45123,-2.09675]},"95o":{"weight":1.0,"played":[1.0,0.0,0.0],"evs":[0.0,-0.47202,-2.05459]},"T5o":{"weight":1.0,"played":[1.0,0.0,0.0],"evs":[0.0,-0.47464,-1.996]},"J5o":{"weight":1.0,"played":[1.0,0.0,0.0],"evs":[0.0,-0.42267,-1.62745]},"Q5o":{"weight":1.0,"played":[1.0,0.0,0.0],"evs":[0.0,-0.32422,-1.12936]},"K5o":{"weight":1.0,"played":[1.0,0.0,0.0],"evs":[0.0,-0.20875,-0.61452]},"A5o":{"weight":1.0,"played":[0.0,0.0,1.0],"evs":[0.0,0.48737,0.65571]},"62s":{"weight":1.0,"played":[1.0,0.0,0.0],"evs":[0.0,-0.37432,-2.01945]},"63s":{"weight":1.0,"played":[1.0,0.0,0.0],"evs":[0.0,-0.28557,-1.76816]},"64s":{"weight":1.0,"played":[1.0,0.0,0.0],"evs":[0.0,-0.21662,-1.52243]},"65s":{"weight":1.0,"played":[1.0,0.0,0.0],"evs":[0.0,-0.13305,-1.28822]},"66":{"weight":1.0,"played":[0.0,0.0,1.0],"evs":[0.0,0.88753,1.1411]},"76o":{"weight":1.0,"played":[1.0,0.0,0.0],"evs":[0.0,-0.31546,-1.73217]},"86o":{"weight":1.0,"played":[1.0,0.0,0.0],"evs":[0.0,-0.38645,-1.83751]},"96o":{"weight":1.0,"played":[1.0,0.0,0.0],"evs":[0.0,-0.40895,-1.79256]},"T6o":{"weight":1.0,"played":[1.0,0.0,0.0],"evs":[0.0,-0.4155,-1.73461]},"J6o":{"weight":1.0,"played":[1.0,0.0,0.0],"evs":[0.0,-0.41169,-1.56722]},"Q6o":{"weight":1.0,"played":[1.0,0.0,0.0],"evs":[0.0,-0.30382,-1.03592]},"K6o":{"weight":1.0,"played":[1.0,0.0,0.0],"evs":[0.0,-0.17364,-0.46169]},"A6o":{"weight":1.0,"played":[0.0,0.0,1.0],"evs":[0.0,0.43262,0.67199]},"72s":{"weight":1.0,"played":[1.0,0.0,0.0],"evs":[0.0,-0.39566,-2.09729]},"73s":{"weight":1.0,"played":[1.0,0.0,0.0],"evs":[0.0,-0.33274,-1.8645]},"74s":{"weight":1.0,"played":[1.0,0.0,0.0],"evs":[0.0,-0.25909,-1.61766]},"75s":{"weight":1.0,"played":[1.0,0.0,0.0],"evs":[0.0,-0.19355,-1.37368]},"76s":{"weight":1.0,"played":[1.0,0.0,0.0],"evs":[0.0,-0.06636,-1.12893]},"77":{"weight":1.0,"played":[0.0,0.0,1.0],"evs":[0.0,1.12121,1.55678]},"87o":{"weight":1.0,"played":[1.0,0.0,0.0],"evs":[0.0,-0.33058,-1.58584]},"97o":{"weight":1.0,"played":[1.0,0.0,0.0],"evs":[0.0,-0.34394,-1.53987]},"T7o":{"weight":1.0,"played":[1.0,0.0,0.0],"evs":[0.0,-0.3464,-1.46588]},"J7o":{"weight":1.0,"played":[1.0,0.0,0.0],"evs":[0.0,-0.33888,-1.30414]},"Q7o":{"weight":1.0,"played":[1.0,0.0,0.0],"evs":[0.0,-0.26818,-0.97361]},"K7o":{"weight":1.0,"played":[1.0,0.0,0.0],"evs":[0.0,-0.11958,-0.31323]},"A7o":{"weight":1.0,"played":[0.0,0.0,1.0],"evs":[0.0,0.55164,0.88503]},"82s":{"weight":1.0,"played":[1.0,0.0,0.0],"evs":[0.0,-0.40896,-2.00286]},"83s":{"weight":1.0,"played":[1.0,0.0,0.0],"evs":[0.0,-0.40863,-1.97441]},"84s":{"weight":1.0,"played":[1.0,0.0,0.0],"evs":[0.0,-0.33458,-1.71245]},"85s":{"weight":1.0,"played":[1.0,0.0,0.0],"evs":[0.0,-0.26392,-1.47483]},"86s":{"weight":1.0,"played":[1.0,0.0,0.0],"evs":[0.0,-0.17056,-1.22074]},"87s":{"weight":1.0,"played":[0.9965,0.0035,0.0],"evs":[0.0,-0.04596,-0.99007]},"88":{"weight":1.0,"played":[0.0,0.0,1.0],"evs":[0.0,1.35629,2.049]},"98o":{"weight":1.0,"played":[1.0,0.0,0.0],"evs":[0.0,-0.31496,-1.31347]},"T8o":{"weight":1.0,"played":[1.0,0.0,0.0],"evs":[0.0,-0.29264,-1.19002]},"J8o":{"weight":1.0,"played":[1.0,0.0,0.0],"evs":[0.0,-0.27545,-0.9732]},"Q8o":{"weight":1.0,"played":[1.0,0.0,0.0],"evs":[0.0,-0.19139,-0.58942]},"K8o":{"weight":1.0,"played":[0.9998,1.0E-4,1.0E-4],"evs":[0.0,-0.06263,-0.05657]},"A8o":{"weight":1.0,"played":[0.0,0.0,1.0],"evs":[0.0,0.65315,1.18397]},"92s":{"weight":1.0,"played":[1.0,0.0,0.0],"evs":[0.0,-0.37413,-1.80596]},"93s":{"weight":1.0,"played":[1.0,0.0,0.0],"evs":[0.0,-0.34838,-1.71237]},"94s":{"weight":1.0,"played":[1.0,0.0,0.0],"evs":[0.0,-0.34193,-1.68284]},"95s":{"weight":1.0,"played":[1.0,0.0,0.0],"evs":[0.0,-0.28573,-1.43708]},"96s":{"weight":1.0,"played":[1.0,0.0,0.0],"evs":[0.0,-0.20909,-1.1809]},"97s":{"weight":1.0,"played":[1.0,0.0,0.0],"evs":[0.0,-0.09441,-0.93855]},"98s":{"weight":1.0,"played":[0.0083,0.9917,0.0],"evs":[0.0,0.01274,-0.72205]},"99":{"weight":1.0,"played":[0.0,0.0,1.0],"evs":[0.0,1.72894,2.69951]},"T9o":{"weight":1.0,"played":[1.0,0.0,0.0],"evs":[0.0,-0.19094,-0.76752]},"J9o":{"weight":1.0,"played":[1.0,0.0,0.0],"evs":[0.0,-0.15956,-0.55063]},"Q9o":{"weight":1.0,"played":[1.0,0.0,0.0],"evs":[0.0,-0.06043,-0.18017]},"K9o":{"weight":1.0,"played":[0.0,0.0,1.0],"evs":[0.0,0.1102,0.38212]},"A9o":{"weight":1.0,"played":[0.0,0.0,1.0],"evs":[0.0,0.83817,1.4316]},"T2s":{"weight":1.0,"played":[1.0,0.0,0.0],"evs":[0.0,-0.32105,-1.57586]},"T3s":{"weight":1.0,"played":[1.0,0.0,0.0],"evs":[0.0,-0.30804,-1.50853]},"T4s":{"weight":1.0,"played":[1.0,0.0,0.0],"evs":[0.0,-0.29059,-1.41072]},"T5s":{"weight":1.0,"played":[1.0,0.0,0.0],"evs":[0.0,-0.27716,-1.38076]},"T6s":{"weight":1.0,"played":[1.0,0.0,0.0],"evs":[0.0,-0.21215,-1.12669]},"T7s":{"weight":1.0,"played":[0.9999,1.0E-4,0.0],"evs":[0.0,-0.14603,-0.88865]},"T8s":{"weight":1.0,"played":[0.3103,0.6897,0.0],"evs":[0.0,-0.0089,-0.62496]},"T9s":{"weight":1.0,"played":[0.0,1.0,0.0],"evs":[0.0,0.16148,-0.24044]},"TT":{"weight":1.0,"played":[0.0,0.0,1.0],"evs":[0.0,2.28559,3.45808]},"JTo":{"weight":1.0,"played":[0.0,1.0,0.0],"evs":[0.0,0.01321,-0.07454]},"QTo":{"weight":1.0,"played":[0.0,0.0,1.0],"evs":[0.0,0.13814,0.28236]},"KTo":{"weight":1.0,"played":[0.0,0.0,1.0],"evs":[0.0,0.44175,0.92309]},"ATo":{"weight":1.0,"played":[0.0,0.0,1.0],"evs":[0.0,1.2641,2.00951]},"J2s":{"weight":1.0,"played":[1.0,0.0,0.0],"evs":[0.0,-0.26666,-1.28214]},"J3s":{"weight":1.0,"played":[1.0,0.0,0.0],"evs":[0.0,-0.25089,-1.21394]},"J4s":{"weight":1.0,"played":[1.0,0.0,0.0],"evs":[0.0,-0.23134,-1.10456]},"J5s":{"weight":1.0,"played":[1.0,0.0,0.0],"evs":[0.0,-0.21317,-1.00846]},"J6s":{"weight":1.0,"played":[1.0,0.0,0.0],"evs":[0.0,-0.2034,-0.95486]},"J7s":{"weight":1.0,"played":[1.0,0.0,0.0],"evs":[0.0,-0.12706,-0.71123]},"J8s":{"weight":1.0,"played":[0.7663,0.2337,0.0],"evs":[0.0,-0.00509,-0.41436]},"J9s":{"weight":1.0,"played":[0.0,1.0,0.0],"evs":[0.0,0.19082,-0.01706]},"JTs":{"weight":1.0,"played":[0.0,0.9997,3.0E-4],"evs":[0.0,0.43246,0.42225]},"JJ":{"weight":1.0,"played":[0.0,0.0,1.0],"evs":[0.0,2.92183,4.15336]},"QJo":{"weight":1.0,"played":[0.0,0.0,1.0],"evs":[0.0,0.3603,0.5302]},"KJo":{"weight":1.0,"played":[0.0,0.0,1.0],"evs":[0.0,0.71507,1.26827]},"AJo":{"weight":1.0,"played":[0.0,0.0,1.0],"evs":[0.0,1.58738,2.39653]},"Q2s":{"weight":1.0,"played":[1.0,0.0,0.0],"evs":[0.0,-0.16043,-0.82599]},"Q3s":{"weight":1.0,"played":[1.0,0.0,0.0],"evs":[0.0,-0.14541,-0.75301]},"Q4s":{"weight":1.0,"played":[1.0,0.0,0.0],"evs":[0.0,-0.12132,-0.64671]},"Q5s":{"weight":1.0,"played":[1.0,0.0,0.0],"evs":[0.0,-0.11122,-0.5573]},"Q6s":{"weight":1.0,"played":[0.9999,1.0E-4,0.0],"evs":[0.0,-0.08088,-0.44955]},"Q7s":{"weight":1.0,"played":[0.9997,3.0E-4,0.0],"evs":[0.0,-0.04641,-0.38475]},"Q8s":{"weight":1.0,"played":[0.0,1.0,0.0],"evs":[0.0,0.05326,-0.04152]},"Q9s":{"weight":1.0,"played":[0.0,0.0023,0.9977],"evs":[0.0,0.27105,0.3353]},"QTs":{"weight":1.0,"played":[0.0,0.0,1.0],"evs":[0.0,0.5642,0.7717]},"QJs":{"weight":1.0,"played":[0.0,0.0,1.0],"evs":[0.0,0.7687,0.9889]},"QQ":{"weight":1.0,"played":[0.0,0.0,1.0],"evs":[0.0,3.67495,4.83485]},"KQo":{"weight":1.0,"played":[0.0,0.0,1.0],"evs":[0.0,1.03489,1.59536]},"AQo":{"weight":1.0,"played":[0.0,0.0,1.0],"evs":[0.0,1.9829,2.78702]},"K2s":{"weight":1.0,"played":[0.9992,8.0E-4,0.0],"evs":[0.0,-0.03203,-0.32258]},"K3s":{"weight":1.0,"played":[0.8832,0.1168,0.0],"evs":[0.0,-0.0018,-0.2353]},"K4s":{"weight":1.0,"played":[0.0,1.0,0.0],"evs":[0.0,0.02693,-0.16591]},"K5s":{"weight":1.0,"played":[0.0,1.0,0.0],"evs":[0.0,0.06635,-0.04495]},"K6s":{"weight":1.0,"played":[0.0,1.0,0.0],"evs":[0.0,0.10852,0.08095]},"K7s":{"weight":1.0,"played":[0.0,3.0E-4,0.9997],"evs":[0.0,0.18108,0.25342]},"K8s":{"weight":1.0,"played":[0.0,0.0,1.0],"evs":[0.0,0.26086,0.4874]},"K9s":{"weight":1.0,"played":[0.0,0.0,1.0],"evs":[0.0,0.51444,0.87756]},"KTs":{"weight":1.0,"played":[0.0,0.0,1.0],"evs":[0.0,0.88669,1.38921]},"KJs":{"weight":1.0,"played":[0.0,0.0,1.0],"evs":[0.0,1.1374,1.69648]},"KQs":{"weight":1.0,"played":[0.0,0.0,1.0],"evs":[0.0,1.42377,2.00177]},"KK":{"weight":1.0,"played":[0.0,0.0,1.0],"evs":[0.0,4.60021,5.69792]},"AKo":{"weight":1.0,"played":[0.0,0.0,1.0],"evs":[0.0,2.45344,3.33592]},"A2s":{"weight":1.0,"played":[0.0,0.0,1.0],"evs":[0.0,0.62877,0.83841]},"A3s":{"weight":1.0,"played":[0.0,0.0,1.0],"evs":[0.0,0.67821,0.92359]},"A4s":{"weight":1.0,"played":[0.0,0.0,1.0],"evs":[0.0,0.74331,1.0069]},"A5s":{"weight":1.0,"played":[0.0,0.0,1.0],"evs":[0.0,0.85007,1.13779]},"A6s":{"weight":1.0,"played":[0.0,0.0,1.0],"evs":[0.0,0.7944,1.1677]},"A7s":{"weight":1.0,"played":[0.0,0.0,1.0],"evs":[0.0,0.93953,1.35735]},"A8s":{"weight":1.0,"played":[0.0,0.0,1.0],"evs":[0.0,1.09238,1.64821]},"A9s":{"weight":1.0,"played":[0.0,0.0,1.0],"evs":[0.0,1.2609,1.86345]},"ATs":{"weight":1.0,"played":[0.0,0.0,1.0],"evs":[0.0,1.66971,2.41274]},"AJs":{"weight":1.0,"played":[0.0,0.0,1.0],"evs":[0.0,1.96945,2.76404]},"AQs":{"weight":1.0,"played":[0.0,0.0,1.0],"evs":[0.0,2.34,3.13995]},"AKs":{"weight":1.0,"played":[0.0,0.0,1.0],"evs":[0.0,2.76124,3.62983]},"AA":{"weight":1.0,"played":[0.0,0.0,1.0],"evs":[0.0,5.80008,6.89216]}}}