{"player":2,"street":0,"children":2,"sequence":[{"player":0,"type":"F","amount":0,"street":0},{"player":1,"type":"F","amount":0,"street":0},{"player":2,"type":"R","amount":200000,"street":0},{"player":3,"type":"R","amount":2985000,"street":0},{"player":4,"type":"F","amount":0,"street":0},{"player":5,"type":"F","amount":0,"street":0}],"actions":[{"type":"F","amount":0},{"type":"C","amount":2785000}],"hands":{"22":{"weight":1.0,"played":[1.0,0.0],"evs":[0.0,-2.20446]},"32o":{"weight":0.0,"played":[1.0,0.0],"evs":[0.0,-8.0299]},"42o":{"weight":0.0,"played":[1.0,0.0],"evs":[0.0,-7.73166]},"52o":{"weight":0.0,"played":[1.0,0.0],"evs":[0.0,-7.63068]},"62o":{"weight":0.0,"played":[1.0,0.0],"evs":[0.0,-8.11875]},"72o":{"weight":0.0,"played":[1.0,0.0],"evs":[0.0,-8.59378]},"82o":{"weight":0.0,"played":[1.0,0.0],"evs":[0.0,-8.1837]},"92o":{"weight":0.0,"played":[1.0,0.0],"evs":[0.0,-7.71272]},"T2o":{"weight":0.0,"played":[1.0,0.0],"evs":[0.0,-7.11525]},"J2o":{"weight":0.0,"played":[1.0,0.0],"evs":[0.0,-7.03165]},"Q2o":{"weight":0.0,"played":[1.0,0.0],"evs":[0.0,-6.44421]},"K2o":{"weight":0.0,"played":[1.0,0.0],"evs":[0.0,-5.30525]},"A2o":{"weight":0.0,"played":[1.0,0.0],"evs":[0.0,-3.24553]},"32s":{"weight":0.0,"played":[1.0,0.0],"evs":[0.0,-6.24868]},"33":{"weight":1.0,"played":[1.0,0.0],"evs":[0.0,-1.09875]},"43o":{"weight":0.0,"played":[1.0,0.0],"evs":[0.0,-6.91708]},"53o":{"weight":0.0,"played":[1.0,0.0],"evs":[0.0,-6.85949]},"63o":{"weight":0.0,"played":[1.0,0.0],"evs":[0.0,-7.35662]},"73o":{"weight":0.0,"played":[1.0,0.0],"evs":[0.0,-7.86366]},"83o":{"weight":0.0,"played":[1.0,0.0],"evs":[0.0,-8.05658]},"93o":{"weight":0.0,"played":[1.0,0.0],"evs":[0.0,-7.38829]},"T3o":{"weight":0.0,"played":[1.0,0.0],"evs":[0.0,-6.78581]},"J3o":{"weight":0.0,"played":[1.0,0.0],"evs":[0.0,-6.75576]},"Q3o":{"weight":0.0,"played":[1.0,0.0],"evs":[0.0,-6.13565]},"K3o":{"weight":0.0,"played":[1.0,0.0],"evs":[0.0,-4.90062]},"A3o":{"weight":0.4086,"played":[1.0,0.0],"evs":[0.0,-2.95982]},"42s":{"weight":0.0,"played":[1.0,0.0],"evs":[0.0,-6.02082]},"43s":{"weight":0.0,"played":[1.0,0.0],"evs":[0.0,-5.40243]},"44":{"weight":1.0,"played":[1.0,0.0],"evs":[0.0,-0.22815]},"54o":{"weight":0.0,"played":[1.0,0.0],"evs":[0.0,-6.10809]},"64o":{"weight":0.0,"played":[1.0,0.0],"evs":[0.0,-6.59922]},"74o":{"weight":0.0,"played":[1.0,0.0],"evs":[0.0,-7.00378]},"84o":{"weight":0.0,"played":[1.0,0.0],"evs":[0.0,-7.11784]},"94o":{"weight":0.0,"played":[1.0,0.0],"evs":[0.0,-7.07183]},"T4o":{"weight":0.0,"played":[1.0,0.0],"evs":[0.0,-6.46333]},"J4o":{"weight":0.0,"played":[1.0,0.0],"evs":[0.0,-6.29887]},"Q4o":{"weight":0.0,"played":[1.0,0.0],"evs":[0.0,-5.66617]},"K4o":{"weight":0.0,"played":[1.0,0.0],"evs":[0.0,-4.58267]},"A4o":{"weight":1.0,"played":[1.0,0.0],"evs":[0.0,-2.62364]},"52s":{"weight":0.0,"played":[1.0,0.0],"evs":[0.0,-6.16909]},"53s":{"weight":0.0,"played":[1.0,0.0],"evs":[0.0,-5.26026]},"54s":{"weight":0.0,"played":[1.0,0.0],"evs":[0.0,-4.44923]},"55":{"weight":1.0,"played":[0.2694,0.7306],"evs":[0.0,0.00103]},"65o":{"weight":0.0,"played":[1.0,0.0],"evs":[0.0,-6.10065]},"75o":{"weight":0.0,"played":[1.0,0.0],"evs":[0.0,-6.543]},"85o":{"weight":0.0,"played":[1.0,0.0],"evs":[0.0,-6.65267]},"95o":{"weight":0.0,"played":[1.0,0.0],"evs":[0.0,-6.58513]},"T5o":{"weight":0.0,"played":[1.0,0.0],"evs":[0.0,-6.39849]},"J5o":{"weight":0.0,"played":[1.0,0.0],"evs":[0.0,-6.0909]},"Q5o":{"weight":0.0,"played":[1.0,0.0],"evs":[0.0,-5.50008]},"K5o":{"weight":0.0,"played":[1.0,0.0],"evs":[0.0,-4.47926]},"A5o":{"weight":1.0,"played":[1.0,0.0],"evs":[0.0,-2.49561]},"62s":{"weight":0.0,"played":[1.0,0.0],"evs":[0.0,-6.3183]},"63s":{"weight":0.0,"played":[1.0,0.0],"evs":[0.0,-5.94794]},"64s":{"weight":0.0,"played":[1.0,0.0],"evs":[0.0,-4.8555]},"65s":{"weight":0.9995,"played":[1.0,0.0],"evs":[0.0,-4.77933]},"66":{"weight":1.0,"played":[0.0078,0.9922],"evs":[0.0,0.18571]},"76o":{"weight":0.0,"played":[1.0,0.0],"evs":[0.0,-6.17554]},"86o":{"weight":0.0,"played":[1.0,0.0],"evs":[0.0,-6.13064]},"96o":{"weight":0.0,"played":[1.0,0.0],"evs":[0.0,-6.05401]},"T6o":{"weight":0.0,"played":[1.0,0.0],"evs":[0.0,-5.98066]},"J6o":{"weight":0.0,"played":[1.0,0.0],"evs":[0.0,-6.19721]},"Q6o":{"weight":0.0,"played":[1.0,0.0],"evs":[0.0,-5.43661]},"K6o":{"weight":0.0,"played":[1.0,0.0],"evs":[0.0,-4.32203]},"A6o":{"weight":1.0,"played":[1.0,0.0],"evs":[0.0,-2.85816]},"72s":{"weight":0.0,"played":[1.0,0.0],"evs":[0.0,-7.15933]},"73s":{"weight":0.0,"played":[1.0,0.0],"evs":[0.0,-6.26457]},"74s":{"weight":0.0,"played":[1.0,0.0],"evs":[0.0,-5.51253]},"75s":{"weight":0.145,"played":[1.0,0.0],"evs":[0.0,-5.10733]},"76s":{"weight":0.9998,"played":[1.0,0.0],"evs":[0.0,-4.56511]},"77":{"weight":1.0,"played":[0.0079,0.9921],"evs":[0.0,0.1575]},"87o":{"weight":0.0,"played":[1.0,0.0],"evs":[0.0,-5.9111]},"97o":{"weight":0.0,"played":[1.0,0.0],"evs":[0.0,-5.72856]},"T7o":{"weight":0.0,"played":[1.0,0.0],"evs":[0.0,-5.6094]},"J7o":{"weight":0.0,"played":[1.0,0.0],"evs":[0.0,-5.76719]},"Q7o":{"weight":0.0,"played":[1.0,0.0],"evs":[0.0,-5.52311]},"K7o":{"weight":0.0,"played":[1.0,0.0],"evs":[0.0,-4.3044]},"A7o":{"weight":1.0,"played":[1.0,0.0],"evs":[0.0,-2.69378]},"82s":{"weight":0.0,"played":[1.0,0.0],"evs":[0.0,-6.52291]},"83s":{"weight":0.0,"played":[1.0,0.0],"evs":[0.0,-6.33711]},"84s":{"weight":0.0,"played":[1.0,0.0],"evs":[0.0,-5.64618]},"85s":{"weight":0.0,"played":[1.0,0.0],"evs":[0.0,-5.05793]},"86s":{"weight":0.9998,"played":[1.0,0.0],"evs":[0.0,-4.7535]},"87s":{"weight":1.0,"played":[1.0,0.0],"evs":[0.0,-4.32314]},"88":{"weight":1.0,"played":[0.0,1.0],"evs":[0.0,2.01169]},"98o":{"weight":0.0,"played":[1.0,0.0],"evs":[0.0,-5.10031]},"T8o":{"weight":0.0,"played":[1.0,0.0],"evs":[0.0,-4.93351]},"J8o":{"weight":0.0,"played":[1.0,0.0],"evs":[0.0,-5.2589]},"Q8o":{"weight":0.0,"played":[1.0,0.0],"evs":[0.0,-4.90437]},"K8o":{"weight":0.0,"played":[1.0,0.0],"evs":[0.0,-4.1879]},"A8o":{"weight":1.0,"played":[1.0,0.0],"evs":[0.0,-2.35832]},"92s":{"weight":0.0,"played":[1.0,0.0],"evs":[0.0,-6.06335]},"93s":{"weight":0.0,"played":[1.0,0.0],"evs":[0.0,-5.60227]},"94s":{"weight":0.0,"played":[1.0,0.0],"evs":[0.0,-5.54023]},"95s":{"weight":0.0,"played":[1.0,0.0],"evs":[0.0,-4.85294]},"96s":{"weight":0.0042,"played":[1.0,0.0],"evs":[0.0,-4.69622]},"97s":{"weight":0.9999,"played":[1.0,0.0],"evs":[0.0,-4.15483]},"98s":{"weight":1.0,"played":[1.0,0.0],"evs":[0.0,-3.73065]},"99":{"weight":1.0,"played":[0.0,1.0],"evs":[0.0,5.61896]},"T9o":{"weight":0.9999,"played":[1.0,0.0],"evs":[0.0,-3.94782]},"J9o":{"weight":0.6258,"played":[1.0,0.0],"evs":[0.0,-3.92782]},"Q9o":{"weight":0.9995,"played":[1.0,0.0],"evs":[0.0,-3.46967]},"K9o":{"weight":1.0,"played":[1.0,0.0],"evs":[0.0,-2.74871]},"A9o":{"weight":1.0,"played":[1.0,0.0],"evs":[0.0,-1.26512]},"T2s":{"weight":0.0,"played":[1.0,0.0],"evs":[0.0,-5.60627]},"T3s":{"weight":0.0,"played":[1.0,0.0],"evs":[0.0,-5.17655]},"T4s":{"weight":0.0,"played":[1.0,0.0],"evs":[0.0,-4.89177]},"T5s":{"weight":0.0,"played":[1.0,0.0],"evs":[0.0,-4.77508]},"T6s":{"weight":0.0,"played":[1.0,0.0],"evs":[0.0,-4.41347]},"T7s":{"weight":1.0,"played":[1.0,0.0],"evs":[0.0,-4.06027]},"T8s":{"weight":1.0,"played":[1.0,0.0],"evs":[0.0,-3.48404]},"T9s":{"weight":1.0,"played":[1.0,0.0],"evs":[0.0,-2.4443]},"TT":{"weight":1.0,"played":[0.0,1.0],"evs":[0.0,7.93573]},"JTo":{"weight":1.0,"played":[1.0,0.0],"evs":[0.0,-1.86983]},"QTo":{"weight":1.0,"played":[1.0,0.0],"evs":[0.0,-1.68474]},"KTo":{"weight":1.0,"played":[1.0,0.0],"evs":[0.0,-1.2774]},"ATo":{"weight":1.0,"played":[0.2364,0.7636],"evs":[0.0,0.00913]},"J2s":{"weight":0.0,"played":[1.0,0.0],"evs":[0.0,-5.43024]},"J3s":{"weight":0.0,"played":[1.0,0.0],"evs":[0.0,-5.2396]},"J4s":{"weight":0.0,"played":[1.0,0.0],"evs":[0.0,-4.9223]},"J5s":{"weight":0.0,"played":[1.0,0.0],"evs":[0.0,-4.78529]},"J6s":{"weight":0.0,"played":[1.0,0.0],"evs":[0.0,-4.72489]},"J7s":{"weight":0.9998,"played":[1.0,0.0],"evs":[0.0,-4.3454]},"J8s":{"weight":1.0,"played":[1.0,0.0],"evs":[0.0,-3.75198]},"J9s":{"weight":1.0,"played":[1.0,0.0],"evs":[0.0,-2.51427]},"JTs":{"weight":1.0,"played":[1.0,0.0],"evs":[0.0,-0.6085]},"JJ":{"weight":1.0,"played":[0.0,1.0],"evs":[0.0,8.80369]},"QJo":{"weight":1.0,"played":[1.0,0.0],"evs":[0.0,-1.68666]},"KJo":{"weight":1.0,"played":[1.0,0.0],"evs":[0.0,-0.91607]},"AJo":{"weight":1.0,"played":[0.0285,0.9715],"evs":[0.0,0.10535]},"Q2s":{"weight":0.0,"played":[1.0,0.0],"evs":[0.0,-4.81624]},"Q3s":{"weight":0.0,"played":[1.0,0.0],"evs":[0.0,-4.66087]},"Q4s":{"weight":0.0,"played":[1.0,0.0],"evs":[0.0,-4.10277]},"Q5s":{"weight":0.996,"played":[1.0,0.0],"evs":[0.0,-3.96077]},"Q6s":{"weight":0.9994,"played":[1.0,0.0],"evs":[0.0,-3.81631]},"Q7s":{"weight":0.9999,"played":[1.0,0.0],"evs":[0.0,-4.00807]},"Q8s":{"weight":1.0,"played":[1.0,0.0],"evs":[0.0,-3.40991]},"Q9s":{"weight":1.0,"played":[1.0,0.0],"evs":[0.0,-1.99049]},"QTs":{"weight":1.0,"played":[1.0,0.0],"evs":[0.0,-0.50892]},"QJs":{"weight":1.0,"played":[1.0,0.0],"evs":[0.0,-0.41608]},"QQ":{"weight":1.0,"played":[0.0,1.0],"evs":[0.0,11.56215]},"KQo":{"weight":1.0,"played":[1.0,0.0],"evs":[0.0,-0.414]},"AQo":{"weight":0.9989,"played":[0.0,1.0],"evs":[0.0,2.41909]},"K2s":{"weight":0.0,"played":[1.0,0.0],"evs":[0.0,-3.67082]},"K3s":{"weight":0.8373,"played":[1.0,0.0],"evs":[0.0,-3.24968]},"K4s":{"weight":0.9998,"played":[1.0,0.0],"evs":[0.0,-3.15338]},"K5s":{"weight":1.0,"played":[1.0,0.0],"evs":[0.0,-3.02351]},"K6s":{"weight":1.0,"played":[1.0,0.0],"evs":[0.0,-2.88198]},"K7s":{"weight":1.0,"played":[1.0,0.0],"evs":[0.0,-2.75045]},"K8s":{"weight":1.0,"played":[1.0,0.0],"evs":[0.0,-2.61297]},"K9s":{"weight":1.0,"played":[0.9999,1.0E-4],"evs":[0.0,-1.38046]},"KTs":{"weight":1.0,"played":[0.7312,0.2688],"evs":[0.0,-0.12771]},"KJs":{"weight":1.0,"played":[0.0,1.0],"evs":[0.0,0.28567]},"KQs":{"weight":1.0,"played":[2.0E-4,0.9998],"evs":[0.0,0.70048]},"KK":{"weight":1.0,"played":[0.0,1.0],"evs":[0.0,13.22908]},"AKo":{"weight":1.0,"played":[0.0,1.0],"evs":[0.0,5.76151]},"A2s":{"weight":1.0,"played":[1.0,0.0],"evs":[0.0,-1.90738]},"A3s":{"weight":1.0,"played":[1.0,0.0],"evs":[0.0,-1.54138]},"A4s":{"weight":1.0,"played":[1.0,0.0],"evs":[0.0,-1.20215]},"A5s":{"weight":1.0,"played":[1.0,0.0],"evs":[0.0,-1.14548]},"A6s":{"weight":1.0,"played":[1.0,0.0],"evs":[0.0,-1.55572]},"A7s":{"weight":1.0,"played":[1.0,0.0],"evs":[0.0,-1.37867]},"A8s":{"weight":1.0,"played":[0.9996,4.0E-4],"evs":[0.0,-0.95321]},"A9s":{"weight":1.0,"played":[0.7196,0.2804],"evs":[0.0,0.00719]},"ATs":{"weight":1.0,"played":[0.0,1.0],"evs":[0.0,1.18289]},"AJs":{"weight":1.0,"played":[0.0,1.0],"evs":[0.0,1.3248]},"AQs":{"weight":1.0,"played":[0.0,1.0],"evs":[0.0,3.50379]},"AKs":{"weight":1.0,"played":[0.0,1.0],"evs":[0.0,6.58878]},"AA":{"weight":1.0,"played":[0.0,1.0],"evs":[0.0,15.95444]}}}