{"player":5,"street":0,"children":2,"sequence":[{"player":0,"type":"F","amount":0,"street":0},{"player":1,"type":"F","amount":0,"street":0},{"player":2,"type":"R","amount":200000,"street":0},{"player":3,"type":"R","amount":2985000,"street":0},{"player":4,"type":"C","amount":1035000,"street":0}],"actions":[{"type":"F","amount":0,"node":86},{"type":"C","amount":2135000,"node":87}],"hands":{"22":{"weight":1.0,"played":[1.0,0.0],"evs":[0.0,-1.77523]},"32o":{"weight":1.0,"played":[1.0,0.0],"evs":[0.0,-5.51817]},"42o":{"weight":1.0,"played":[1.0,0.0],"evs":[0.0,-5.2804]},"52o":{"weight":1.0,"played":[1.0,0.0],"evs":[0.0,-4.96921]},"62o":{"weight":1.0,"played":[1.0,0.0],"evs":[0.0,-5.60422]},"72o":{"weight":1.0,"played":[1.0,0.0],"evs":[0.0,-6.21689]},"82o":{"weight":1.0,"played":[1.0,0.0],"evs":[0.0,-5.9272]},"92o":{"weight":1.0,"played":[1.0,0.0],"evs":[0.0,-5.81377]},"T2o":{"weight":1.0,"played":[1.0,0.0],"evs":[0.0,-5.82214]},"J2o":{"weight":1.0,"played":[1.0,0.0],"evs":[0.0,-5.57699]},"Q2o":{"weight":1.0,"played":[1.0,0.0],"evs":[0.0,-5.55029]},"K2o":{"weight":1.0,"played":[1.0,0.0],"evs":[0.0,-4.7937]},"A2o":{"weight":1.0,"played":[1.0,0.0],"evs":[0.0,-3.53703]},"32s":{"weight":1.0,"played":[1.0,0.0],"evs":[0.0,-3.96166]},"33":{"weight":1.0,"played":[1.0,0.0],"evs":[0.0,-1.21579]},"43o":{"weight":1.0,"played":[1.0,0.0],"evs":[0.0,-4.74459]},"53o":{"weight":1.0,"played":[1.0,0.0],"evs":[0.0,-4.28362]},"63o":{"weight":1.0,"played":[1.0,0.0],"evs":[0.0,-4.74663]},"73o":{"weight":1.0,"played":[1.0,0.0],"evs":[0.0,-5.46641]},"83o":{"weight":1.0,"played":[1.0,0.0],"evs":[0.0,-5.93088]},"93o":{"weight":1.0,"played":[1.0,0.0],"evs":[0.0,-5.44965]},"T3o":{"weight":1.0,"played":[1.0,0.0],"evs":[0.0,-5.23864]},"J3o":{"weight":1.0,"played":[1.0,0.0],"evs":[0.0,-5.32779]},"Q3o":{"weight":1.0,"played":[1.0,0.0],"evs":[0.0,-5.30919]},"K3o":{"weight":1.0,"played":[1.0,0.0],"evs":[0.0,-4.28134]},"A3o":{"weight":1.0,"played":[1.0,0.0],"evs":[0.0,-3.18016]},"42s":{"weight":1.0,"played":[1.0,0.0],"evs":[0.0,-3.63845]},"43s":{"weight":1.0,"played":[1.0,0.0],"evs":[0.0,-3.16727]},"44":{"weight":1.0,"played":[0.9987,0.0013],"evs":[0.0,-0.33681]},"54o":{"weight":1.0,"played":[1.0,0.0],"evs":[0.0,-3.57949]},"64o":{"weight":1.0,"played":[1.0,0.0],"evs":[0.0,-4.13185]},"74o":{"weight":1.0,"played":[1.0,0.0],"evs":[0.0,-4.61447]},"84o":{"weight":1.0,"played":[1.0,0.0],"evs":[0.0,-5.0239]},"94o":{"weight":1.0,"played":[1.0,0.0],"evs":[0.0,-5.46096]},"T4o":{"weight":1.0,"played":[1.0,0.0],"evs":[0.0,-5.19036]},"J4o":{"weight":1.0,"played":[1.0,0.0],"evs":[0.0,-5.12351]},"Q4o":{"weight":1.0,"played":[1.0,0.0],"evs":[0.0,-4.9972]},"K4o":{"weight":1.0,"played":[1.0,0.0],"evs":[0.0,-4.45161]},"A4o":{"weight":1.0,"played":[1.0,0.0],"evs":[0.0,-2.7423]},"52s":{"weight":1.0,"played":[1.0,0.0],"evs":[0.0,-3.52885]},"53s":{"weight":1.0,"played":[1.0,0.0],"evs":[0.0,-2.51157]},"54s":{"weight":1.0,"played":[1.0,0.0],"evs":[0.0,-1.64952]},"55":{"weight":1.0,"played":[0.9704,0.0296],"evs":[0.0,-0.14515]},"65o":{"weight":1.0,"played":[1.0,0.0],"evs":[0.0,-3.52349]},"75o":{"weight":1.0,"played":[1.0,0.0],"evs":[0.0,-4.07149]},"85o":{"weight":1.0,"played":[1.0,0.0],"evs":[0.0,-4.30667]},"95o":{"weight":1.0,"played":[1.0,0.0],"evs":[0.0,-4.79375]},"T5o":{"weight":1.0,"played":[1.0,0.0],"evs":[0.0,-5.00618]},"J5o":{"weight":1.0,"played":[1.0,0.0],"evs":[0.0,-4.66124]},"Q5o":{"weight":1.0,"played":[1.0,0.0],"evs":[0.0,-4.73118]},"K5o":{"weight":1.0,"played":[1.0,0.0],"evs":[0.0,-3.99029]},"A5o":{"weight":1.0,"played":[1.0,0.0],"evs":[0.0,-2.69515]},"62s":{"weight":1.0,"played":[1.0,0.0],"evs":[0.0,-4.02794]},"63s":{"weight":1.0,"played":[0.9999,1.0E-4],"evs":[0.0,-3.25962]},"64s":{"weight":1.0,"played":[0.9987,0.0013],"evs":[0.0,-2.419]},"65s":{"weight":1.0,"played":[1.0,0.0],"evs":[0.0,-2.29491]},"66":{"weight":1.0,"played":[0.1516,0.8484],"evs":[0.0,0.16895]},"76o":{"weight":1.0,"played":[1.0,0.0],"evs":[0.0,-3.66279]},"86o":{"weight":1.0,"played":[1.0,0.0],"evs":[0.0,-3.84696]},"96o":{"weight":1.0,"played":[1.0,0.0],"evs":[0.0,-3.94347]},"T6o":{"weight":1.0,"played":[1.0,0.0],"evs":[0.0,-4.47243]},"J6o":{"weight":1.0,"played":[1.0,0.0],"evs":[0.0,-4.8233]},"Q6o":{"weight":1.0,"played":[1.0,0.0],"evs":[0.0,-4.68197]},"K6o":{"weight":1.0,"played":[1.0,0.0],"evs":[0.0,-3.86865]},"A6o":{"weight":1.0,"played":[1.0,0.0],"evs":[0.0,-3.43818]},"72s":{"weight":1.0,"played":[1.0,0.0],"evs":[0.0,-4.47529]},"73s":{"weight":1.0,"played":[1.0,0.0],"evs":[0.0,-3.94869]},"74s":{"weight":1.0,"played":[1.0,0.0],"evs":[0.0,-3.16252]},"75s":{"weight":1.0,"played":[1.0,0.0],"evs":[0.0,-2.45959]},"76s":{"weight":1.0,"played":[1.0,0.0],"evs":[0.0,-2.07408]},"77":{"weight":1.0,"played":[0.0022,0.9978],"evs":[0.0,0.66441]},"87o":{"weight":1.0,"played":[1.0,0.0],"evs":[0.0,-3.70769]},"97o":{"weight":1.0,"played":[1.0,0.0],"evs":[0.0,-3.76475]},"T7o":{"weight":1.0,"played":[1.0,0.0],"evs":[0.0,-3.691]},"J7o":{"weight":1.0,"played":[1.0,0.0],"evs":[0.0,-4.29638]},"Q7o":{"weight":1.0,"played":[1.0,0.0],"evs":[0.0,-4.62246]},"K7o":{"weight":1.0,"played":[1.0,0.0],"evs":[0.0,-3.74972]},"A7o":{"weight":1.0,"played":[1.0,0.0],"evs":[0.0,-2.99451]},"82s":{"weight":1.0,"played":[1.0,0.0],"evs":[0.0,-4.08621]},"83s":{"weight":1.0,"played":[0.9999,1.0E-4],"evs":[0.0,-4.18982]},"84s":{"weight":1.0,"played":[1.0,0.0],"evs":[0.0,-3.54407]},"85s":{"weight":1.0,"played":[1.0,0.0],"evs":[0.0,-2.96195]},"86s":{"weight":1.0,"played":[0.9998,2.0E-4],"evs":[0.0,-2.28678]},"87s":{"weight":1.0,"played":[1.0,0.0],"evs":[0.0,-1.84112]},"88":{"weight":1.0,"played":[1.0E-4,0.9999],"evs":[0.0,2.22794]},"98o":{"weight":1.0,"played":[1.0,0.0],"evs":[0.0,-3.46549]},"T8o":{"weight":1.0,"played":[1.0,0.0],"evs":[0.0,-3.43554]},"J8o":{"weight":1.0,"played":[1.0,0.0],"evs":[0.0,-3.75189]},"Q8o":{"weight":1.0,"played":[1.0,0.0],"evs":[0.0,-4.17172]},"K8o":{"weight":1.0,"played":[1.0,0.0],"evs":[0.0,-3.92608]},"A8o":{"weight":1.0,"played":[1.0,0.0],"evs":[0.0,-2.89021]},"92s":{"weight":1.0,"played":[1.0,0.0],"evs":[0.0,-4.1025]},"93s":{"weight":1.0,"played":[1.0,0.0],"evs":[0.0,-3.69105]},"94s":{"weight":1.0,"played":[1.0,0.0],"evs":[0.0,-3.62637]},"95s":{"weight":1.0,"played":[1.0,0.0],"evs":[0.0,-2.62156]},"96s":{"weight":1.0,"played":[0.9999,1.0E-4],"evs":[0.0,-2.36873]},"97s":{"weight":1.0,"played":[0.9998,2.0E-4],"evs":[0.0,-2.05524]},"98s":{"weight":1.0,"played":[0.9879,0.0121],"evs":[0.0,-1.4494]},"99":{"weight":1.0,"played":[0.0,1.0],"evs":[0.0,4.4031]},"T9o":{"weight":1.0,"played":[1.0,0.0],"evs":[0.0,-2.82647]},"J9o":{"weight":1.0,"played":[1.0,0.0],"evs":[0.0,-2.72058]},"Q9o":{"weight":1.0,"played":[1.0,0.0],"evs":[0.0,-3.39663]},"K9o":{"weight":1.0,"played":[1.0,0.0],"evs":[0.0,-3.03267]},"A9o":{"weight":1.0,"played":[1.0,0.0],"evs":[0.0,-2.32847]},"T2s":{"weight":1.0,"played":[1.0,0.0],"evs":[0.0,-3.87793]},"T3s":{"weight":1.0,"played":[1.0,0.0],"evs":[0.0,-3.32233]},"T4s":{"weight":1.0,"played":[0.9999,1.0E-4],"evs":[0.0,-3.51482]},"T5s":{"weight":1.0,"played":[1.0,0.0],"evs":[0.0,-3.18796]},"T6s":{"weight":1.0,"played":[0.9999,1.0E-4],"evs":[0.0,-2.56379]},"T7s":{"weight":1.0,"played":[0.9999,1.0E-4],"evs":[0.0,-2.36249]},"T8s":{"weight":1.0,"played":[0.9993,7.0E-4],"evs":[0.0,-1.50111]},"T9s":{"weight":1.0,"played":[0.9879,0.0121],"evs":[0.0,-1.24186]},"TT":{"weight":1.0,"played":[0.0,1.0],"evs":[0.0,6.72976]},"JTo":{"weight":1.0,"played":[0.9999,1.0E-4],"evs":[0.0,-1.81879]},"QTo":{"weight":1.0,"played":[1.0,0.0],"evs":[0.0,-2.3064]},"KTo":{"weight":1.0,"played":[1.0,0.0],"evs":[0.0,-1.90081]},"ATo":{"weight":1.0,"played":[0.9973,0.0027],"evs":[0.0,-1.07217]},"J2s":{"weight":1.0,"played":[1.0,0.0],"evs":[0.0,-4.0926]},"J3s":{"weight":1.0,"played":[1.0,0.0],"evs":[0.0,-3.36275]},"J4s":{"weight":1.0,"played":[0.9999,1.0E-4],"evs":[0.0,-3.30334]},"J5s":{"weight":1.0,"played":[1.0,0.0],"evs":[0.0,-2.85749]},"J6s":{"weight":1.0,"played":[1.0,0.0],"evs":[0.0,-3.32034]},"J7s":{"weight":1.0,"played":[0.9999,1.0E-4],"evs":[0.0,-2.98257]},"J8s":{"weight":1.0,"played":[0.9999,1.0E-4],"evs":[0.0,-1.89548]},"J9s":{"weight":1.0,"played":[0.9607,0.0393],"evs":[0.0,-1.18232]},"JTs":{"weight":1.0,"played":[0.899,0.101],"evs":[0.0,-0.3284]},"JJ":{"weight":1.0,"played":[0.0,1.0],"evs":[0.0,8.46199]},"QJo":{"weight":1.0,"played":[0.9998,2.0E-4],"evs":[0.0,-2.23897]},"KJo":{"weight":1.0,"played":[0.9998,2.0E-4],"evs":[0.0,-1.42414]},"AJo":{"weight":1.0,"played":[0.9971,0.0029],"evs":[0.0,-0.35149]},"Q2s":{"weight":1.0,"played":[1.0,0.0],"evs":[0.0,-3.62112]},"Q3s":{"weight":1.0,"played":[1.0,0.0],"evs":[0.0,-3.07076]},"Q4s":{"weight":1.0,"played":[0.9999,1.0E-4],"evs":[0.0,-3.3205]},"Q5s":{"weight":1.0,"played":[1.0,0.0],"evs":[0.0,-2.87118]},"Q6s":{"weight":1.0,"played":[1.0,0.0],"evs":[0.0,-3.10339]},"Q7s":{"weight":1.0,"played":[1.0,0.0],"evs":[0.0,-2.78467]},"Q8s":{"weight":1.0,"played":[0.9985,0.0015],"evs":[0.0,-2.51656]},"Q9s":{"weight":1.0,"played":[1.0,0.0],"evs":[0.0,-1.26013]},"QTs":{"weight":1.0,"played":[0.9914,0.0086],"evs":[0.0,-0.85098]},"QJs":{"weight":1.0,"played":[0.9412,0.0588],"evs":[0.0,-0.46842]},"QQ":{"weight":1.0,"played":[0.0,1.0],"evs":[0.0,10.98488]},"KQo":{"weight":1.0,"played":[0.999,0.001],"evs":[0.0,-0.83429]},"AQo":{"weight":1.0,"played":[0.0,1.0],"evs":[0.0,1.17015]},"K2s":{"weight":1.0,"played":[1.0,0.0],"evs":[0.0,-3.41116]},"K3s":{"weight":1.0,"played":[1.0,0.0],"evs":[0.0,-2.73636]},"K4s":{"weight":1.0,"played":[1.0,0.0],"evs":[0.0,-2.64746]},"K5s":{"weight":1.0,"played":[1.0,0.0],"evs":[0.0,-2.17829]},"K6s":{"weight":1.0,"played":[1.0,0.0],"evs":[0.0,-2.10879]},"K7s":{"weight":1.0,"played":[1.0,0.0],"evs":[0.0,-1.87378]},"K8s":{"weight":1.0,"played":[0.9998,2.0E-4],"evs":[0.0,-1.83448]},"K9s":{"weight":1.0,"played":[0.9547,0.0453],"evs":[0.0,-1.01754]},"KTs":{"weight":1.0,"played":[0.9665,0.0335],"evs":[0.0,-0.46948]},"KJs":{"weight":1.0,"played":[0.7873,0.2127],"evs":[0.0,0.01477]},"KQs":{"weight":1.0,"played":[0.0165,0.9835],"evs":[0.0,0.58273]},"KK":{"weight":1.0,"played":[0.0,1.0],"evs":[0.0,14.28784]},"AKo":{"weight":1.0,"played":[0.0,1.0],"evs":[0.0,3.87491]},"A2s":{"weight":1.0,"played":[0.9997,3.0E-4],"evs":[0.0,-1.75622]},"A3s":{"weight":1.0,"played":[0.9999,1.0E-4],"evs":[0.0,-1.17624]},"A4s":{"weight":1.0,"played":[0.9992,8.0E-4],"evs":[0.0,-0.91008]},"A5s":{"weight":1.0,"played":[1.0,0.0],"evs":[0.0,-1.42475]},"A6s":{"weight":1.0,"played":[1.0,0.0],"evs":[0.0,-1.26173]},"A7s":{"weight":1.0,"played":[0.9999,1.0E-4],"evs":[0.0,-1.4942]},"A8s":{"weight":1.0,"played":[0.9992,8.0E-4],"evs":[0.0,-1.28252]},"A9s":{"weight":1.0,"played":[0.9667,0.0333],"evs":[0.0,-0.62915]},"ATs":{"weight":1.0,"played":[0.0336,0.9664],"evs":[0.0,0.63064]},"AJs":{"weight":1.0,"played":[0.0014,0.9986],"evs":[0.0,0.84632]},"AQs":{"weight":1.0,"played":[0.0,1.0],"evs":[0.0,2.49711]},"AKs":{"weight":1.0,"played":[0.0,1.0],"evs":[0.0,5.08202]},"AA":{"weight":1.0,"played":[0.0,1.0],"evs":[0.0,17.84304]}}}