{"player":4,"street":0,"children":3,"sequence":[{"player":0,"type":"F","amount":0,"street":0},{"player":1,"type":"R","amount":200000,"street":0},{"player":2,"type":"F","amount":0,"street":0},{"player":3,"type":"F","amount":0,"street":0}],"actions":[{"type":"F","amount":0,"node":91},{"type":"C","amount":150000,"node":93},{"type":"R","amount":1085000,"node":97}],"hands":{"22":{"weight":1.0,"played":[1.0,0.0,0.0],"evs":[0.0,-0.05606,-0.50513]},"32o":{"weight":1.0,"played":[1.0,0.0,0.0],"evs":[0.0,-0.53315,-2.88449]},"42o":{"weight":1.0,"played":[1.0,0.0,0.0],"evs":[0.0,-0.50856,-2.81835]},"52o":{"weight":1.0,"played":[1.0,0.0,0.0],"evs":[0.0,-0.48546,-2.70554]},"62o":{"weight":1.0,"played":[1.0,0.0,0.0],"evs":[0.0,-0.53411,-2.89898]},"72o":{"weight":1.0,"played":[1.0,0.0,0.0],"evs":[0.0,-0.59947,-3.09342]},"82o":{"weight":1.0,"played":[1.0,0.0,0.0],"evs":[0.0,-0.60605,-3.10311]},"92o":{"weight":1.0,"played":[1.0,0.0,0.0],"evs":[0.0,-0.59392,-3.01806]},"T2o":{"weight":1.0,"played":[1.0,0.0,0.0],"evs":[0.0,-0.57792,-2.82656]},"J2o":{"weight":1.0,"played":[1.0,0.0,0.0],"evs":[0.0,-0.52682,-2.60911]},"Q2o":{"weight":1.0,"played":[1.0,0.0,0.0],"evs":[0.0,-0.45452,-2.38219]},"K2o":{"weight":1.0,"played":[1.0,0.0,0.0],"evs":[0.0,-0.40085,-1.83381]},"A2o":{"weight":1.0,"played":[1.0,0.0,0.0],"evs":[0.0,-0.18159,-0.62173]},"32s":{"weight":1.0,"played":[1.0,0.0,0.0],"evs":[0.0,-0.34156,-2.27696]},"33":{"weight":1.0,"played":[0.1128,0.8872,0.0],"evs":[0.0,0.0047,-0.30328]},"43o":{"weight":1.0,"played":[1.0,0.0,0.0],"evs":[0.0,-0.43308,-2.5587]},"53o":{"weight":1.0,"played":[1.0,0.0,0.0],"evs":[0.0,-0.39917,-2.45169]},"63o":{"weight":1.0,"played":[1.0,0.0,0.0],"evs":[0.0,-0.44532,-2.64577]},"73o":{"weight":1.0,"played":[1.0,0.0,0.0],"evs":[0.0,-0.52427,-2.82393]},"83o":{"weight":1.0,"played":[1.0,0.0,0.0],"evs":[0.0,-0.59599,-3.07357]},"93o":{"weight":1.0,"played":[1.0,0.0,0.0],"evs":[0.0,-0.57295,-2.93865]},"T3o":{"weight":1.0,"played":[1.0,0.0,0.0],"evs":[0.0,-0.55044,-2.74146]},"J3o":{"weight":1.0,"played":[1.0,0.0,0.0],"evs":[0.0,-0.50826,-2.52886]},"Q3o":{"weight":1.0,"played":[1.0,0.0,0.0],"evs":[0.0,-0.42755,-2.28444]},"K3o":{"weight":1.0,"played":[1.0,0.0,0.0],"evs":[0.0,-0.37742,-1.75286]},"A3o":{"weight":1.0,"played":[1.0,0.0,0.0],"evs":[0.0,-0.15067,-0.56034]},"42s":{"weight":1.0,"played":[1.0,0.0,0.0],"evs":[0.0,-0.3033,-2.17941]},"43s":{"weight":1.0,"played":[1.0,0.0,0.0],"evs":[0.0,-0.23625,-1.94177]},"44":{"weight":1.0,"played":[0.0,1.0,0.0],"evs":[0.0,0.09668,-0.11608]},"54o":{"weight":1.0,"played":[1.0,0.0,0.0],"evs":[0.0,-0.31176,-2.19082]},"64o":{"weight":1.0,"played":[1.0,0.0,0.0],"evs":[0.0,-0.36609,-2.39243]},"74o":{"weight":1.0,"played":[1.0,0.0,0.0],"evs":[0.0,-0.45101,-2.57277]},"84o":{"weight":1.0,"played":[1.0,0.0,0.0],"evs":[0.0,-0.51794,-2.82515]},"94o":{"weight":1.0,"played":[1.0,0.0,0.0],"evs":[0.0,-0.56452,-2.91285]},"T4o":{"weight":1.0,"played":[1.0,0.0,0.0],"evs":[0.0,-0.5298,-2.65774]},"J4o":{"weight":1.0,"played":[1.0,0.0,0.0],"evs":[0.0,-0.48643,-2.45758]},"Q4o":{"weight":1.0,"played":[1.0,0.0,0.0],"evs":[0.0,-0.41363,-2.21756]},"K4o":{"weight":1.0,"played":[1.0,0.0,0.0],"evs":[0.0,-0.36401,-1.67612]},"A4o":{"weight":1.0,"played":[1.0,0.0,0.0],"evs":[0.0,-0.11979,-0.4784]},"52s":{"weight":1.0,"played":[1.0,0.0,0.0],"evs":[0.0,-0.2712,-2.08217]},"53s":{"weight":1.0,"played":[1.0,0.0,0.0],"evs":[0.0,-0.19567,-1.83758]},"54s":{"weight":1.0,"played":[1.0,0.0,0.0],"evs":[0.0,-0.11614,-1.58816]},"55":{"weight":1.0,"played":[0.0,0.9999,1.0E-4],"evs":[0.0,0.26009,0.18029]},"65o":{"weight":1.0,"played":[1.0,0.0,0.0],"evs":[0.0,-0.28557,-2.12032]},"75o":{"weight":1.0,"played":[1.0,0.0,0.0],"evs":[0.0,-0.3555,-2.30554]},"85o":{"weight":1.0,"played":[1.0,0.0,0.0],"evs":[0.0,-0.43423,-2.53118]},"95o":{"weight":1.0,"played":[1.0,0.0,0.0],"evs":[0.0,-0.49159,-2.64041]},"T5o":{"weight":1.0,"played":[1.0,0.0,0.0],"evs":[0.0,-0.51177,-2.60175]},"J5o":{"weight":1.0,"played":[1.0,0.0,0.0],"evs":[0.0,-0.46687,-2.36649]},"Q5o":{"weight":1.0,"played":[1.0,0.0,0.0],"evs":[0.0,-0.38388,-2.11573]},"K5o":{"weight":1.0,"played":[1.0,0.0,0.0],"evs":[0.0,-0.33455,-1.58924]},"A5o":{"weight":1.0,"played":[0.9997,3.0E-4,0.0],"evs":[0.0,-0.05676,-0.36087]},"62s":{"weight":1.0,"played":[1.0,0.0,0.0],"evs":[0.0,-0.33528,-2.29687]},"63s":{"weight":1.0,"played":[1.0,0.0,0.0],"evs":[0.0,-0.25839,-2.05321]},"64s":{"weight":1.0,"played":[1.0,0.0,0.0],"evs":[0.0,-0.14971,-1.78096]},"65s":{"weight":1.0,"played":[1.0,0.0,0.0],"evs":[0.0,-0.05612,-1.53626]},"66":{"weight":1.0,"played":[0.0,0.5512,0.4488],"evs":[0.0,0.3932,0.3992]},"76o":{"weight":1.0,"played":[1.0,0.0,0.0],"evs":[0.0,-0.2946,-2.09049]},"86o":{"weight":1.0,"played":[1.0,0.0,0.0],"evs":[0.0,-0.35043,-2.28933]},"96o":{"weight":1.0,"played":[1.0,0.0,0.0],"evs":[0.0,-0.40262,-2.38771]},"T6o":{"weight":1.0,"played":[1.0,0.0,0.0],"evs":[0.0,-0.44054,-2.37436]},"J6o":{"weight":1.0,"played":[1.0,0.0,0.0],"evs":[0.0,-0.43952,-2.32567]},"Q6o":{"weight":1.0,"played":[1.0,0.0,0.0],"evs":[0.0,-0.35772,-2.05231]},"K6o":{"weight":1.0,"played":[1.0,0.0,0.0],"evs":[0.0,-0.31288,-1.52308]},"A6o":{"weight":1.0,"played":[1.0,0.0,0.0],"evs":[0.0,-0.11955,-0.4217]},"72s":{"weight":1.0,"played":[1.0,0.0,0.0],"evs":[0.0,-0.40301,-2.44927]},"73s":{"weight":1.0,"played":[1.0,0.0,0.0],"evs":[0.0,-0.32779,-2.22407]},"74s":{"weight":1.0,"played":[1.0,0.0,0.0],"evs":[0.0,-0.22235,-1.95458]},"75s":{"weight":1.0,"played":[1.0,0.0,0.0],"evs":[0.0,-0.15092,-1.71227]},"76s":{"weight":1.0,"played":[1.0,0.0,0.0],"evs":[0.0,-0.08115,-1.49993]},"77":{"weight":1.0,"played":[0.0,0.0,1.0],"evs":[0.0,0.50094,0.5547]},"87o":{"weight":1.0,"played":[1.0,0.0,0.0],"evs":[0.0,-0.31237,-2.14888]},"97o":{"weight":1.0,"played":[1.0,0.0,0.0],"evs":[0.0,-0.34687,-2.20837]},"T7o":{"weight":1.0,"played":[1.0,0.0,0.0],"evs":[0.0,-0.37666,-2.19315]},"J7o":{"weight":1.0,"played":[1.0,0.0,0.0],"evs":[0.0,-0.38902,-2.15915]},"Q7o":{"weight":1.0,"played":[1.0,0.0,0.0],"evs":[0.0,-0.35442,-2.09885]},"K7o":{"weight":1.0,"played":[1.0,0.0,0.0],"evs":[0.0,-0.29034,-1.46097]},"A7o":{"weight":1.0,"played":[1.0,0.0,0.0],"evs":[0.0,-0.05885,-0.27565]},"82s":{"weight":1.0,"played":[1.0,0.0,0.0],"evs":[0.0,-0.41013,-2.4495]},"83s":{"weight":1.0,"played":[1.0,0.0,0.0],"evs":[0.0,-0.39577,-2.4494]},"84s":{"weight":1.0,"played":[1.0,0.0,0.0],"evs":[0.0,-0.31465,-2.18534]},"85s":{"weight":1.0,"played":[1.0,0.0,0.0],"evs":[0.0,-0.22526,-1.93065]},"86s":{"weight":1.0,"played":[1.0,0.0,0.0],"evs":[0.0,-0.15035,-1.73825]},"87s":{"weight":1.0,"played":[1.0,0.0,0.0],"evs":[0.0,-0.06618,-1.53351]},"88":{"weight":1.0,"played":[0.0,0.0,1.0],"evs":[0.0,0.68824,0.83685]},"98o":{"weight":1.0,"played":[1.0,0.0,0.0],"evs":[0.0,-0.31138,-2.11811]},"T8o":{"weight":1.0,"played":[1.0,0.0,0.0],"evs":[0.0,-0.32761,-2.05864]},"J8o":{"weight":1.0,"played":[1.0,0.0,0.0],"evs":[0.0,-0.34567,-2.03631]},"Q8o":{"weight":1.0,"played":[1.0,0.0,0.0],"evs":[0.0,-0.32441,-1.95973]},"K8o":{"weight":1.0,"played":[1.0,0.0,0.0],"evs":[0.0,-0.30462,-1.44542]},"A8o":{"weight":1.0,"played":[0.0,0.9992,8.0E-4],"evs":[0.0,0.01997,0.00989]},"92s":{"weight":1.0,"played":[1.0,0.0,0.0],"evs":[0.0,-0.36951,-2.36665]},"93s":{"weight":1.0,"played":[1.0,0.0,0.0],"evs":[0.0,-0.36524,-2.29268]},"94s":{"weight":1.0,"played":[1.0,0.0,0.0],"evs":[0.0,-0.35096,-2.26501]},"95s":{"weight":1.0,"played":[1.0,0.0,0.0],"evs":[0.0,-0.26202,-2.00415]},"96s":{"weight":1.0,"played":[1.0,0.0,0.0],"evs":[0.0,-0.18026,-1.77407]},"97s":{"weight":1.0,"played":[1.0,0.0,0.0],"evs":[0.0,-0.11276,-1.616]},"98s":{"weight":1.0,"played":[0.9999,1.0E-4,0.0],"evs":[0.0,-0.08034,-1.52972]},"99":{"weight":1.0,"played":[0.0,0.0,1.0],"evs":[0.0,0.99445,1.48068]},"T9o":{"weight":1.0,"played":[1.0,0.0,0.0],"evs":[0.0,-0.24838,-1.73701]},"J9o":{"weight":1.0,"played":[1.0,0.0,0.0],"evs":[0.0,-0.2498,-1.7256]},"Q9o":{"weight":1.0,"played":[1.0,0.0,0.0],"evs":[0.0,-0.21836,-1.61047]},"K9o":{"weight":1.0,"played":[1.0,0.0,0.0],"evs":[0.0,-0.20603,-1.04573]},"A9o":{"weight":1.0,"played":[0.0,0.0,1.0],"evs":[0.0,0.20347,0.53647]},"T2s":{"weight":1.0,"played":[1.0,0.0,0.0],"evs":[0.0,-0.36524,-2.18459]},"T3s":{"weight":1.0,"played":[1.0,0.0,0.0],"evs":[0.0,-0.33539,-2.1126]},"T4s":{"weight":1.0,"played":[1.0,0.0,0.0],"evs":[0.0,-0.31543,-2.0489]},"T5s":{"weight":1.0,"played":[1.0,0.0,0.0],"evs":[0.0,-0.30168,-2.00057]},"T6s":{"weight":1.0,"played":[1.0,0.0,0.0],"evs":[0.0,-0.21697,-1.77874]},"T7s":{"weight":1.0,"played":[1.0,0.0,0.0],"evs":[0.0,-0.16251,-1.60878]},"T8s":{"weight":1.0,"played":[1.0,0.0,0.0],"evs":[0.0,-0.08708,-1.47539]},"T9s":{"weight":1.0,"played":[3.0E-4,0.9997,0.0],"evs":[0.0,0.05518,-1.15091]},"TT":{"weight":1.0,"played":[0.0,0.0,1.0],"evs":[0.0,1.48088,2.32041]},"JTo":{"weight":1.0,"played":[1.0,0.0,0.0],"evs":[0.0,-0.13883,-1.29291]},"QTo":{"weight":1.0,"played":[1.0,0.0,0.0],"evs":[0.0,-0.06396,-1.04813]},"KTo":{"weight":1.0,"played":[0.9945,0.0055,0.0],"evs":[0.0,-0.00897,-0.39352]},"ATo":{"weight":1.0,"played":[0.0,0.0,1.0],"evs":[0.0,0.52619,1.27015]},"J2s":{"weight":1.0,"played":[1.0,0.0,0.0],"evs":[0.0,-0.30246,-1.96302]},"J3s":{"weight":1.0,"played":[1.0,0.0,0.0],"evs":[0.0,-0.28969,-1.91358]},"J4s":{"weight":1.0,"played":[1.0,0.0,0.0],"evs":[0.0,-0.26849,-1.823]},"J5s":{"weight":1.0,"played":[1.0,0.0,0.0],"evs":[0.0,-0.2476,-1.74897]},"J6s":{"weight":1.0,"played":[1.0,0.0,0.0],"evs":[0.0,-0.22045,-1.73818]},"J7s":{"weight":1.0,"played":[1.0,0.0,0.0],"evs":[0.0,-0.15853,-1.57191]},"J8s":{"weight":1.0,"played":[1.0,0.0,0.0],"evs":[0.0,-0.10909,-1.43956]},"J9s":{"weight":1.0,"played":[0.3321,0.6679,0.0],"evs":[0.0,0.01064,-1.14444]},"JTs":{"weight":1.0,"played":[0.0,1.0,0.0],"evs":[0.0,0.22477,-0.75422]},"JJ":{"weight":1.0,"played":[0.0,0.0,1.0],"evs":[0.0,2.1157,3.19882]},"QJo":{"weight":1.0,"played":[0.0,1.0,0.0],"evs":[0.0,0.05451,-0.62566]},"KJo":{"weight":1.0,"played":[0.0,0.9999,1.0E-4],"evs":[0.0,0.17908,0.15081]},"AJo":{"weight":1.0,"played":[0.0,0.0,1.0],"evs":[0.0,0.88595,1.76064]},"Q2s":{"weight":1.0,"played":[1.0,0.0,0.0],"evs":[0.0,-0.22968,-1.76161]},"Q3s":{"weight":1.0,"played":[1.0,0.0,0.0],"evs":[0.0,-0.20387,-1.66041]},"Q4s":{"weight":1.0,"played":[1.0,0.0,0.0],"evs":[0.0,-0.18568,-1.58936]},"Q5s":{"weight":1.0,"played":[1.0,0.0,0.0],"evs":[0.0,-0.15912,-1.50692]},"Q6s":{"weight":1.0,"played":[1.0,0.0,0.0],"evs":[0.0,-0.13895,-1.4541]},"Q7s":{"weight":1.0,"played":[1.0,0.0,0.0],"evs":[0.0,-0.12741,-1.49725]},"Q8s":{"weight":1.0,"played":[0.9998,2.0E-4,0.0],"evs":[0.0,-0.09598,-1.36142]},"Q9s":{"weight":1.0,"played":[0.0012,0.9988,0.0],"evs":[0.0,0.03508,-1.04045]},"QTs":{"weight":1.0,"played":[0.0,1.0,0.0],"evs":[0.0,0.28291,-0.53327]},"QJs":{"weight":1.0,"played":[0.0,1.0,0.0],"evs":[0.0,0.43571,-0.09929]},"QQ":{"weight":1.0,"played":[0.0,0.0,1.0],"evs":[0.0,2.86215,3.97994]},"KQo":{"weight":1.0,"played":[0.0,0.0,1.0],"evs":[0.0,0.4569,0.60859]},"AQo":{"weight":1.0,"played":[0.0,0.0,1.0],"evs":[0.0,1.18729,2.05645]},"K2s":{"weight":1.0,"played":[1.0,0.0,0.0],"evs":[0.0,-0.16144,-1.20368]},"K3s":{"weight":1.0,"played":[1.0,0.0,0.0],"evs":[0.0,-0.13894,-1.15053]},"K4s":{"weight":1.0,"played":[1.0,0.0,0.0],"evs":[0.0,-0.1108,-1.1058]},"K5s":{"weight":1.0,"played":[1.0,0.0,0.0],"evs":[0.0,-0.07948,-1.01216]},"K6s":{"weight":1.0,"played":[1.0,0.0,0.0],"evs":[0.0,-0.05195,-0.93892]},"K7s":{"weight":1.0,"played":[0.9963,0.0037,0.0],"evs":[0.0,-0.03889,-0.87818]},"K8s":{"weight":1.0,"played":[0.9994,6.0E-4,0.0],"evs":[0.0,-0.04325,-0.8721]},"K9s":{"weight":1.0,"played":[8.0E-4,0.9992,0.0],"evs":[0.0,0.06298,-0.49519]},"KTs":{"weight":1.0,"played":[0.0,1.0,0.0],"evs":[0.0,0.34373,0.08953]},"KJs":{"weight":1.0,"played":[0.0,0.0101,0.9899],"evs":[0.0,0.57826,0.62261]},"KQs":{"weight":1.0,"played":[0.0,0.0,1.0],"evs":[0.0,0.82405,1.03187]},"KK":{"weight":1.0,"played":[0.0,0.0,1.0],"evs":[0.0,3.91147,5.10541]},"AKo":{"weight":1.0,"played":[0.0,0.0,1.0],"evs":[0.0,1.68689,2.72194]},"A2s":{"weight":1.0,"played":[1.0E-4,0.9999,0.0],"evs":[0.0,0.14724,-0.06105]},"A3s":{"weight":1.0,"played":[0.0,1.0,0.0],"evs":[0.0,0.17627,-0.01612]},"A4s":{"weight":1.0,"played":[0.0,0.9998,2.0E-4],"evs":[0.0,0.21755,0.05177]},"A5s":{"weight":1.0,"played":[0.0,0.9998,2.0E-4],"evs":[0.0,0.27038,0.16342]},"A6s":{"weight":1.0,"played":[0.0,1.0,0.0],"evs":[0.0,0.22158,0.11063]},"A7s":{"weight":1.0,"played":[0.0,0.9944,0.0056],"evs":[0.0,0.26781,0.23345]},"A8s":{"weight":1.0,"played":[0.0,4.0E-4,0.9996],"evs":[0.0,0.37774,0.50422]},"A9s":{"weight":1.0,"played":[0.0,0.0,1.0],"evs":[0.0,0.57948,0.99539]},"ATs":{"weight":1.0,"played":[0.0,0.0,1.0],"evs":[0.0,0.99112,1.70322]},"AJs":{"weight":1.0,"played":[0.0,0.0,1.0],"evs":[0.0,1.30208,2.13741]},"AQs":{"weight":1.0,"played":[0.0,0.0,1.0],"evs":[0.0,1.58933,2.44932]},"AKs":{"weight":1.0,"played":[0.0,0.0,1.0],"evs":[0.0,2.05293,3.02897]},"AA":{"weight":1.0,"played":[0.0,0.0,1.0],"evs":[0.0,5.49206,6.73866]}}}