{"player":5,"street":0,"children":3,"sequence":[{"player":0,"type":"F","amount":0,"street":0},{"player":1,"type":"R","amount":200000,"street":0},{"player":2,"type":"F","amount":0,"street":0},{"player":3,"type":"F","amount":0,"street":0},{"player":4,"type":"C","amount":150000,"street":0}],"actions":[{"type":"F","amount":0},{"type":"C","amount":100000},{"type":"R","amount":1585000,"node":94}],"hands":{"22":{"weight":1.0,"played":[0.0,1.0,0.0],"evs":[0.0,0.84186,0.33389]},"32o":{"weight":1.0,"played":[0.0194,0.9806,0.0],"evs":[0.0,0.04678,-2.69541]},"42o":{"weight":1.0,"played":[0.0117,0.9883,0.0],"evs":[0.0,0.05939,-2.4971]},"52o":{"weight":1.0,"played":[0.0109,0.9891,0.0],"evs":[0.0,0.10518,-2.22506]},"62o":{"weight":1.0,"played":[0.0309,0.9691,0.0],"evs":[0.0,0.03159,-2.44579]},"72o":{"weight":1.0,"played":[1.0,0.0,0.0],"evs":[0.0,-0.05816,-2.69662]},"82o":{"weight":1.0,"played":[1.0,0.0,0.0],"evs":[0.0,-0.10686,-2.76706]},"92o":{"weight":1.0,"played":[1.0,0.0,0.0],"evs":[0.0,-0.12127,-2.70999]},"T2o":{"weight":1.0,"played":[1.0,0.0,0.0],"evs":[0.0,-0.08671,-2.48098]},"J2o":{"weight":1.0,"played":[1.0,0.0,0.0],"evs":[0.0,-0.09301,-2.44616]},"Q2o":{"weight":1.0,"played":[0.001,0.999,0.0],"evs":[0.0,0.01954,-2.05345]},"K2o":{"weight":1.0,"played":[0.011,0.989,0.0],"evs":[0.0,0.07976,-1.51505]},"A2o":{"weight":1.0,"played":[0.0,1.0,0.0],"evs":[0.0,0.31045,-0.184]},"32s":{"weight":1.0,"played":[0.0014,0.9986,0.0],"evs":[0.0,0.3365,-1.76626]},"33":{"weight":1.0,"played":[0.0,0.999,0.001],"evs":[0.0,0.89419,0.68842]},"43o":{"weight":1.0,"played":[4.0E-4,0.9996,0.0],"evs":[0.0,0.14355,-2.18969]},"53o":{"weight":1.0,"played":[5.0E-4,0.9995,0.0],"evs":[0.0,0.20894,-1.83338]},"63o":{"weight":1.0,"played":[1.0E-4,0.9999,0.0],"evs":[0.0,0.14571,-2.02665]},"73o":{"weight":1.0,"played":[0.1502,0.8498,0.0],"evs":[0.0,0.02058,-2.33327]},"83o":{"weight":1.0,"played":[1.0,0.0,0.0],"evs":[0.0,-0.09384,-2.78138]},"93o":{"weight":1.0,"played":[1.0,0.0,0.0],"evs":[0.0,-0.08358,-2.63977]},"T3o":{"weight":1.0,"played":[1.0,0.0,0.0],"evs":[0.0,-0.0339,-2.32378]},"J3o":{"weight":1.0,"played":[1.0,0.0,0.0],"evs":[0.0,-0.08222,-2.40883]},"Q3o":{"weight":1.0,"played":[0.0236,0.9764,0.0],"evs":[0.0,0.05782,-1.96559]},"K3o":{"weight":1.0,"played":[0.0024,0.9976,0.0],"evs":[0.0,0.13458,-1.43394]},"A3o":{"weight":1.0,"played":[1.0E-4,0.9999,0.0],"evs":[0.0,0.36672,-0.01137]},"42s":{"weight":1.0,"played":[2.0E-4,0.9998,0.0],"evs":[0.0,0.39836,-1.50891]},"43s":{"weight":1.0,"played":[5.0E-4,0.9995,0.0],"evs":[0.0,0.5224,-1.11752]},"44":{"weight":1.0,"played":[0.0,0.001,0.999],"evs":[0.0,0.91134,1.25353]},"54o":{"weight":1.0,"played":[2.0E-4,0.9998,0.0],"evs":[0.0,0.32486,-1.40446]},"64o":{"weight":1.0,"played":[0.0016,0.9984,0.0],"evs":[0.0,0.23208,-1.5834]},"74o":{"weight":1.0,"played":[0.0056,0.9944,0.0],"evs":[0.0,0.11037,-1.8876]},"84o":{"weight":1.0,"played":[0.9937,0.0063,0.0],"evs":[0.0,-0.02554,-2.3226]},"94o":{"weight":1.0,"played":[1.0,0.0,0.0],"evs":[0.0,-0.06275,-2.52987]},"T4o":{"weight":1.0,"played":[1.0,0.0,0.0],"evs":[0.0,-0.03558,-2.24501]},"J4o":{"weight":1.0,"played":[1.0,0.0,0.0],"evs":[0.0,-0.05767,-2.2598]},"Q4o":{"weight":1.0,"played":[0.0019,0.9981,0.0],"evs":[0.0,0.08878,-1.75626]},"K4o":{"weight":1.0,"played":[0.0033,0.9967,0.0],"evs":[0.0,0.13594,-1.23804]},"A4o":{"weight":1.0,"played":[0.0,0.9999,1.0E-4],"evs":[0.0,0.37593,0.11567]},"52s":{"weight":1.0,"played":[4.0E-4,0.9996,0.0],"evs":[0.0,0.39629,-1.3484]},"53s":{"weight":1.0,"played":[0.0,1.0,0.0],"evs":[0.0,0.54825,-0.95716]},"54s":{"weight":1.0,"played":[3.0E-4,0.9997,0.0],"evs":[0.0,0.66774,-0.49434]},"55":{"weight":1.0,"played":[0.0,0.0,1.0],"evs":[0.0,1.00558,2.07311]},"65o":{"weight":1.0,"played":[0.001,0.999,0.0],"evs":[0.0,0.33183,-1.1391]},"75o":{"weight":1.0,"played":[3.0E-4,0.9997,0.0],"evs":[0.0,0.24594,-1.31116]},"85o":{"weight":1.0,"played":[0.0028,0.9972,0.0],"evs":[0.0,0.1003,-1.78893]},"95o":{"weight":1.0,"played":[0.3617,0.6383,0.0],"evs":[0.0,0.02079,-2.00176]},"T5o":{"weight":1.0,"played":[0.7207,0.2793,0.0],"evs":[0.0,0.01046,-2.04113]},"J5o":{"weight":1.0,"played":[1.0,0.0,0.0],"evs":[0.0,-0.07052,-2.0542]},"Q5o":{"weight":1.0,"played":[0.0042,0.9958,0.0],"evs":[0.0,0.09924,-1.52585]},"K5o":{"weight":1.0,"played":[0.0032,0.9968,0.0],"evs":[0.0,0.20255,-0.92088]},"A5o":{"weight":1.0,"played":[0.0,0.4517,0.5483],"evs":[0.0,0.48529,0.46809]},"62s":{"weight":1.0,"played":[5.0E-4,0.9995,0.0],"evs":[0.0,0.36752,-1.38269]},"63s":{"weight":1.0,"played":[4.0E-4,0.9996,0.0],"evs":[0.0,0.42417,-1.20124]},"64s":{"weight":1.0,"played":[2.0E-4,0.9998,0.0],"evs":[0.0,0.53386,-0.70906]},"65s":{"weight":1.0,"played":[0.0,1.0,0.0],"evs":[0.0,0.69005,-0.23875]},"66":{"weight":1.0,"played":[0.0,0.0,1.0],"evs":[0.0,1.05805,2.64789]},"76o":{"weight":1.0,"played":[0.0,1.0,0.0],"evs":[0.0,0.2949,-0.99844]},"86o":{"weight":1.0,"played":[5.0E-4,0.9995,0.0],"evs":[0.0,0.18722,-1.33407]},"96o":{"weight":1.0,"played":[2.0E-4,0.9998,0.0],"evs":[0.0,0.15482,-1.51803]},"T6o":{"weight":1.0,"played":[0.0037,0.9963,0.0],"evs":[0.0,0.08946,-1.59662]},"J6o":{"weight":1.0,"played":[0.5233,0.4767,0.0],"evs":[0.0,-0.01091,-1.87275]},"Q6o":{"weight":1.0,"played":[7.0E-4,0.9993,0.0],"evs":[0.0,0.13779,-1.33178]},"K6o":{"weight":1.0,"played":[0.0021,0.9979,0.0],"evs":[0.0,0.19434,-0.82149]},"A6o":{"weight":1.0,"played":[0.0,0.0134,0.9865],"evs":[0.0,0.40611,0.48304]},"72s":{"weight":1.0,"played":[1.0E-4,0.9999,0.0],"evs":[0.0,0.22224,-1.68239]},"73s":{"weight":1.0,"played":[5.0E-4,0.9995,0.0],"evs":[0.0,0.3411,-1.38778]},"74s":{"weight":1.0,"played":[1.0E-4,0.9999,0.0],"evs":[0.0,0.42685,-0.90649]},"75s":{"weight":1.0,"played":[0.0,1.0,0.0],"evs":[0.0,0.55245,-0.44886]},"76s":{"weight":1.0,"played":[0.0,0.9999,0.0],"evs":[0.0,0.65864,-0.05903]},"77":{"weight":1.0,"played":[0.0,0.0,1.0],"evs":[0.0,1.08777,2.95529]},"87o":{"weight":1.0,"played":[3.0E-4,0.9997,0.0],"evs":[0.0,0.26888,-1.11827]},"97o":{"weight":1.0,"played":[9.0E-4,0.9991,0.0],"evs":[0.0,0.21754,-1.21805]},"T7o":{"weight":1.0,"played":[0.0022,0.9978,0.0],"evs":[0.0,0.18286,-1.23486]},"J7o":{"weight":1.0,"played":[0.0788,0.9212,0.0],"evs":[0.0,0.03989,-1.55396]},"Q7o":{"weight":1.0,"played":[0.0,1.0,0.0],"evs":[0.0,0.14673,-1.31368]},"K7o":{"weight":1.0,"played":[2.0E-4,0.9998,0.0],"evs":[0.0,0.22662,-0.77578]},"A7o":{"weight":1.0,"played":[0.0,0.0,1.0],"evs":[0.0,0.48281,0.76801]},"82s":{"weight":1.0,"played":[0.0011,0.9989,0.0],"evs":[0.0,0.18537,-1.84295]},"83s":{"weight":1.0,"played":[0.0021,0.9979,0.0],"evs":[0.0,0.17435,-1.8626]},"84s":{"weight":1.0,"played":[0.0048,0.9952,0.0],"evs":[0.0,0.31136,-1.29089]},"85s":{"weight":1.0,"played":[3.0E-4,0.9997,0.0],"evs":[0.0,0.38474,-0.87839]},"86s":{"weight":1.0,"played":[0.0015,0.9985,0.0],"evs":[0.0,0.49773,-0.42338]},"87s":{"weight":1.0,"played":[0.0,1.0,0.0],"evs":[0.0,0.62165,-0.08746]},"88":{"weight":1.0,"played":[0.0,0.0,1.0],"evs":[0.0,1.19042,3.26893]},"98o":{"weight":1.0,"played":[0.0,1.0,0.0],"evs":[0.0,0.23746,-1.11166]},"T8o":{"weight":1.0,"played":[0.0016,0.9984,0.0],"evs":[0.0,0.23447,-1.2343]},"J8o":{"weight":1.0,"played":[0.0019,0.9981,0.0],"evs":[0.0,0.09103,-1.49962]},"Q8o":{"weight":1.0,"played":[8.0E-4,0.9992,0.0],"evs":[0.0,0.14505,-1.35118]},"K8o":{"weight":1.0,"played":[7.0E-4,0.9993,0.0],"evs":[0.0,0.17431,-1.00873]},"A8o":{"weight":1.0,"played":[0.0,0.0,1.0],"evs":[0.0,0.5959,1.14437]},"92s":{"weight":1.0,"played":[9.0E-4,0.9991,0.0],"evs":[0.0,0.20128,-1.73576]},"93s":{"weight":1.0,"played":[0.0031,0.9969,0.0],"evs":[0.0,0.20482,-1.67106]},"94s":{"weight":1.0,"played":[0.0023,0.9977,0.0],"evs":[0.0,0.21068,-1.53236]},"95s":{"weight":1.0,"played":[1.0E-4,0.9999,0.0],"evs":[0.0,0.33553,-1.08288]},"96s":{"weight":1.0,"played":[1.0E-4,0.9999,0.0],"evs":[0.0,0.50487,-0.62638]},"97s":{"weight":1.0,"played":[0.0,0.9999,1.0E-4],"evs":[0.0,0.58915,-0.33839]},"98s":{"weight":1.0,"played":[1.0E-4,0.9999,0.0],"evs":[0.0,0.63525,-0.13741]},"99":{"weight":1.0,"played":[0.0,0.0,1.0],"evs":[0.0,1.4535,4.17122]},"T9o":{"weight":1.0,"played":[1.0E-4,0.9999,0.0],"evs":[0.0,0.33172,-0.78073]},"J9o":{"weight":1.0,"played":[1.0E-4,0.9999,0.0],"evs":[0.0,0.259,-0.95475]},"Q9o":{"weight":1.0,"played":[2.0E-4,0.9998,0.0],"evs":[0.0,0.31086,-0.78059]},"K9o":{"weight":1.0,"played":[0.0,1.0,0.0],"evs":[0.0,0.37209,-0.37477]},"A9o":{"weight":1.0,"played":[0.0,0.0,1.0],"evs":[0.0,0.87153,2.10088]},"T2s":{"weight":1.0,"played":[0.0,1.0,0.0],"evs":[0.0,0.21003,-1.47062]},"T3s":{"weight":1.0,"played":[2.0E-4,0.9998,0.0],"evs":[0.0,0.2555,-1.38395]},"T4s":{"weight":1.0,"played":[0.0,1.0,0.0],"evs":[0.0,0.29677,-1.28414]},"T5s":{"weight":1.0,"played":[0.0033,0.9967,0.0],"evs":[0.0,0.29971,-1.04978]},"T6s":{"weight":1.0,"played":[2.0E-4,0.9998,0.0],"evs":[0.0,0.44945,-0.58022]},"T7s":{"weight":1.0,"played":[0.0,1.0,0.0],"evs":[0.0,0.5772,-0.37677]},"T8s":{"weight":1.0,"played":[0.0,0.9995,5.0E-4],"evs":[0.0,0.58636,-0.25782]},"T9s":{"weight":1.0,"played":[1.0E-4,0.9999,0.0],"evs":[0.0,0.72214,0.22743]},"TT":{"weight":1.0,"played":[0.0,0.0,1.0],"evs":[0.0,1.91751,5.24482]},"JTo":{"weight":1.0,"played":[1.0E-4,0.9999,0.0],"evs":[0.0,0.42616,-0.31075]},"QTo":{"weight":1.0,"played":[1.0E-4,0.9998,1.0E-4],"evs":[0.0,0.53482,-0.03976]},"KTo":{"weight":1.0,"played":[0.0,1.0,0.0],"evs":[0.0,0.6403,0.31245]},"ATo":{"weight":1.0,"played":[0.0,0.0,1.0],"evs":[0.0,1.25033,3.14914]},"J2s":{"weight":1.0,"played":[0.0019,0.9981,0.0],"evs":[0.0,0.22606,-1.5296]},"J3s":{"weight":1.0,"played":[0.003,0.997,0.0],"evs":[0.0,0.2299,-1.56903]},"J4s":{"weight":1.0,"played":[5.0E-4,0.9995,0.0],"evs":[0.0,0.26317,-1.28153]},"J5s":{"weight":1.0,"played":[6.0E-4,0.9994,0.0],"evs":[0.0,0.26973,-1.0672]},"J6s":{"weight":1.0,"played":[1.0E-4,0.9999,0.0],"evs":[0.0,0.32408,-0.93821]},"J7s":{"weight":1.0,"played":[3.0E-4,0.9997,0.0],"evs":[0.0,0.37693,-0.61515]},"J8s":{"weight":1.0,"played":[4.0E-4,0.9996,0.0],"evs":[0.0,0.44893,-0.57942]},"J9s":{"weight":1.0,"played":[1.0E-4,0.9999,0.0],"evs":[0.0,0.54951,-0.11419]},"JTs":{"weight":1.0,"played":[0.0,1.0,0.0],"evs":[0.0,0.78617,0.63237]},"JJ":{"weight":1.0,"played":[0.0,0.0,1.0],"evs":[0.0,2.6681,6.54501]},"QJo":{"weight":1.0,"played":[0.0,1.0,0.0],"evs":[0.0,0.68834,0.22015]},"KJo":{"weight":1.0,"played":[0.0,0.4239,0.5761],"evs":[0.0,0.94335,0.91277]},"AJo":{"weight":1.0,"played":[0.0,0.0,1.0],"evs":[0.0,1.57512,3.83511]},"Q2s":{"weight":1.0,"played":[0.0,1.0,0.0],"evs":[0.0,0.37887,-0.97154]},"Q3s":{"weight":1.0,"played":[8.0E-4,0.9992,0.0],"evs":[0.0,0.42303,-0.91954]},"Q4s":{"weight":1.0,"played":[0.0,1.0,0.0],"evs":[0.0,0.39396,-0.85314]},"Q5s":{"weight":1.0,"played":[1.0E-4,0.9999,0.0],"evs":[0.0,0.41832,-0.62209]},"Q6s":{"weight":1.0,"played":[0.0,1.0,0.0],"evs":[0.0,0.48367,-0.32497]},"Q7s":{"weight":1.0,"played":[2.0E-4,0.9998,0.0],"evs":[0.0,0.49978,-0.34834]},"Q8s":{"weight":1.0,"played":[0.0,0.9999,1.0E-4],"evs":[0.0,0.53266,-0.37884]},"Q9s":{"weight":1.0,"played":[0.0,0.9985,0.0015],"evs":[0.0,0.68605,0.14426]},"QTs":{"weight":1.0,"played":[0.0,0.8272,0.1728],"evs":[0.0,0.92731,0.89534]},"QJs":{"weight":1.0,"played":[0.0,0.296,0.704],"evs":[0.0,1.0916,1.15881]},"QQ":{"weight":1.0,"played":[0.0,0.0,1.0],"evs":[0.0,3.70235,7.82222]},"KQo":{"weight":1.0,"played":[0.0,0.0,1.0],"evs":[0.0,1.34671,1.71207]},"AQo":{"weight":1.0,"played":[0.0,0.0,1.0],"evs":[0.0,1.85368,4.23478]},"K2s":{"weight":1.0,"played":[2.0E-4,0.9998,0.0],"evs":[0.0,0.50541,-0.44219]},"K3s":{"weight":1.0,"played":[1.0E-4,0.9999,0.0],"evs":[0.0,0.56936,-0.33585]},"K4s":{"weight":1.0,"played":[1.0E-4,0.9999,0.0],"evs":[0.0,0.5946,-0.15365]},"K5s":{"weight":1.0,"played":[2.0E-4,0.9998,0.0],"evs":[0.0,0.58157,-0.05971]},"K6s":{"weight":1.0,"played":[0.0,1.0,0.0],"evs":[0.0,0.60966,0.19018]},"K7s":{"weight":1.0,"played":[1.0E-4,0.999,9.0E-4],"evs":[0.0,0.63969,0.22626]},"K8s":{"weight":1.0,"played":[7.0E-4,0.9991,2.0E-4],"evs":[0.0,0.5404,-0.01765]},"K9s":{"weight":1.0,"played":[0.0,0.9998,1.0E-4],"evs":[0.0,0.69913,0.37067]},"KTs":{"weight":1.0,"played":[0.0,0.0015,0.9985],"evs":[0.0,1.06663,1.21223]},"KJs":{"weight":1.0,"played":[0.0,0.0,1.0],"evs":[0.0,1.38272,1.76384]},"KQs":{"weight":1.0,"played":[0.0,0.0,1.0],"evs":[0.0,1.79449,2.5331]},"KK":{"weight":1.0,"played":[0.0,0.0,1.0],"evs":[0.0,5.16112,9.38167]},"AKo":{"weight":1.0,"played":[0.0,0.0,1.0],"evs":[0.0,2.31527,4.96343]},"A2s":{"weight":1.0,"played":[0.0,0.7192,0.2808],"evs":[0.0,0.80743,0.73451]},"A3s":{"weight":1.0,"played":[0.0,0.0,1.0],"evs":[0.0,0.84187,0.8966]},"A4s":{"weight":1.0,"played":[0.0,1.0E-4,0.9999],"evs":[0.0,0.8606,1.08237]},"A5s":{"weight":1.0,"played":[0.0,0.0,1.0],"evs":[0.0,0.95679,1.39562]},"A6s":{"weight":1.0,"played":[0.0,0.0,1.0],"evs":[0.0,0.91711,1.39327]},"A7s":{"weight":1.0,"played":[0.0,0.0,1.0],"evs":[0.0,0.99311,1.60609]},"A8s":{"weight":1.0,"played":[0.0,0.0,1.0],"evs":[0.0,1.15415,2.022]},"A9s":{"weight":1.0,"played":[0.0,0.0,1.0],"evs":[0.0,1.35717,2.91841]},"ATs":{"weight":1.0,"played":[0.0,0.0,1.0],"evs":[0.0,1.81054,3.88992]},"AJs":{"weight":1.0,"played":[0.0,0.0,1.0],"evs":[0.0,2.10246,4.57407]},"AQs":{"weight":1.0,"played":[0.0,0.0,1.0],"evs":[0.0,2.31594,4.80954]},"AKs":{"weight":1.0,"played":[0.0,0.0,1.0],"evs":[0.0,2.79426,5.627]},"AA":{"weight":1.0,"played":[0.0,0.0,1.0],"evs":[0.0,7.28442,12.10943]}}}