{"player":4,"street":0,"children":2,"sequence":[{"player":0,"type":"F","amount":0,"street":0},{"player":1,"type":"R","amount":200000,"street":0},{"player":2,"type":"F","amount":0,"street":0},{"player":3,"type":"F","amount":0,"street":0},{"player":4,"type":"C","amount":150000,"street":0},{"player":5,"type":"R","amount":1585000,"street":0},{"player":1,"type":"C","amount":1385000,"street":0}],"actions":[{"type":"F","amount":0},{"type":"C","amount":885000}],"hands":{"22":{"weight":0.0,"played":[0.9992,8.0E-4],"evs":[0.0,-0.31006]},"32o":{"weight":0.0,"played":[1.0,0.0],"evs":[0.0,-2.10499]},"42o":{"weight":0.0,"played":[1.0,0.0],"evs":[0.0,-2.06083]},"52o":{"weight":0.0,"played":[1.0,0.0],"evs":[0.0,-1.97081]},"62o":{"weight":0.0,"played":[1.0,0.0],"evs":[0.0,-2.13299]},"72o":{"weight":0.0,"played":[1.0,0.0],"evs":[0.0,-2.35685]},"82o":{"weight":0.0,"played":[1.0,0.0],"evs":[0.0,-2.37309]},"92o":{"weight":0.0,"played":[1.0,0.0],"evs":[0.0,-2.34532]},"T2o":{"weight":0.0,"played":[1.0,0.0],"evs":[0.0,-1.93851]},"J2o":{"weight":0.0,"played":[1.0,0.0],"evs":[0.0,-1.87184]},"Q2o":{"weight":0.0,"played":[1.0,0.0],"evs":[0.0,-1.6001]},"K2o":{"weight":0.0,"played":[1.0,0.0],"evs":[0.0,-1.64801]},"A2o":{"weight":0.0,"played":[1.0,0.0],"evs":[0.0,-2.06561]},"32s":{"weight":0.0,"played":[1.0,0.0],"evs":[0.0,-1.30209]},"33":{"weight":0.8872,"played":[0.9852,0.0148],"evs":[0.0,-0.16287]},"43o":{"weight":0.0,"played":[1.0,0.0],"evs":[0.0,-1.7431]},"53o":{"weight":0.0,"played":[1.0,0.0],"evs":[0.0,-1.59532]},"63o":{"weight":0.0,"played":[1.0,0.0],"evs":[0.0,-1.80702]},"73o":{"weight":0.0,"played":[1.0,0.0],"evs":[0.0,-2.02099]},"83o":{"weight":0.0,"played":[1.0,0.0],"evs":[0.0,-2.38295]},"93o":{"weight":0.0,"played":[1.0,0.0],"evs":[0.0,-2.26708]},"T3o":{"weight":0.0,"played":[1.0,0.0],"evs":[0.0,-1.88807]},"J3o":{"weight":0.0,"played":[1.0,0.0],"evs":[0.0,-1.74401]},"Q3o":{"weight":0.0,"played":[1.0,0.0],"evs":[0.0,-1.53638]},"K3o":{"weight":0.0,"played":[1.0,0.0],"evs":[0.0,-1.58425]},"A3o":{"weight":0.0,"played":[1.0,0.0],"evs":[0.0,-1.97009]},"42s":{"weight":0.0,"played":[1.0,0.0],"evs":[0.0,-1.10359]},"43s":{"weight":0.0,"played":[1.0,0.0],"evs":[0.0,-0.76033]},"44":{"weight":1.0,"played":[0.0058,0.9942],"evs":[0.0,0.1063]},"54o":{"weight":0.0,"played":[1.0,0.0],"evs":[0.0,-1.23916]},"64o":{"weight":0.0,"played":[1.0,0.0],"evs":[0.0,-1.48734]},"74o":{"weight":0.0,"played":[1.0,0.0],"evs":[0.0,-1.67321]},"84o":{"weight":0.0,"played":[1.0,0.0],"evs":[0.0,-2.01735]},"94o":{"weight":0.0,"played":[1.0,0.0],"evs":[0.0,-2.19954]},"T4o":{"weight":0.0,"played":[1.0,0.0],"evs":[0.0,-1.78191]},"J4o":{"weight":0.0,"played":[1.0,0.0],"evs":[0.0,-1.69788]},"Q4o":{"weight":0.0,"played":[1.0,0.0],"evs":[0.0,-1.47409]},"K4o":{"weight":0.0,"played":[1.0,0.0],"evs":[0.0,-1.52099]},"A4o":{"weight":0.0,"played":[1.0,0.0],"evs":[0.0,-1.86601]},"52s":{"weight":0.0,"played":[1.0,0.0],"evs":[0.0,-1.13664]},"53s":{"weight":0.0,"played":[0.9995,5.0E-4],"evs":[0.0,-0.66654]},"54s":{"weight":0.0,"played":[0.9999,1.0E-4],"evs":[0.0,-0.3233]},"55":{"weight":0.9999,"played":[0.0,1.0],"evs":[0.0,0.45554]},"65o":{"weight":0.0,"played":[1.0,0.0],"evs":[0.0,-1.11047]},"75o":{"weight":0.0,"played":[1.0,0.0],"evs":[0.0,-1.36648]},"85o":{"weight":0.0,"played":[1.0,0.0],"evs":[0.0,-1.67166]},"95o":{"weight":0.0,"played":[1.0,0.0],"evs":[0.0,-1.88815]},"T5o":{"weight":0.0,"played":[1.0,0.0],"evs":[0.0,-1.74994]},"J5o":{"weight":0.0,"played":[1.0,0.0],"evs":[0.0,-1.67387]},"Q5o":{"weight":0.0,"played":[1.0,0.0],"evs":[0.0,-1.33101]},"K5o":{"weight":0.0,"played":[1.0,0.0],"evs":[0.0,-1.37913]},"A5o":{"weight":3.0E-4,"played":[1.0,0.0],"evs":[0.0,-1.7207]},"62s":{"weight":0.0,"played":[1.0,0.0],"evs":[0.0,-1.27559]},"63s":{"weight":0.0,"played":[0.9999,1.0E-4],"evs":[0.0,-0.91117]},"64s":{"weight":0.0,"played":[1.0,0.0],"evs":[0.0,-0.61543]},"65s":{"weight":0.0,"played":[0.9906,0.0094],"evs":[0.0,-0.26903]},"66":{"weight":0.5512,"played":[0.0,1.0],"evs":[0.0,0.78802]},"76o":{"weight":0.0,"played":[1.0,0.0],"evs":[0.0,-1.10728]},"86o":{"weight":0.0,"played":[1.0,0.0],"evs":[0.0,-1.37331]},"96o":{"weight":0.0,"played":[1.0,0.0],"evs":[0.0,-1.47541]},"T6o":{"weight":0.0,"played":[1.0,0.0],"evs":[0.0,-1.46383]},"J6o":{"weight":0.0,"played":[1.0,0.0],"evs":[0.0,-1.60495]},"Q6o":{"weight":0.0,"played":[1.0,0.0],"evs":[0.0,-1.32592]},"K6o":{"weight":0.0,"played":[1.0,0.0],"evs":[0.0,-1.32874]},"A6o":{"weight":0.0,"played":[1.0,0.0],"evs":[0.0,-1.91571]},"72s":{"weight":0.0,"played":[1.0,0.0],"evs":[0.0,-1.41503]},"73s":{"weight":0.0,"played":[1.0,0.0],"evs":[0.0,-1.2241]},"74s":{"weight":0.0,"played":[1.0,0.0],"evs":[0.0,-0.77751]},"75s":{"weight":0.0,"played":[0.9999,1.0E-4],"evs":[0.0,-0.5841]},"76s":{"weight":0.0,"played":[0.9963,0.0037],"evs":[0.0,-0.22775]},"77":{"weight":0.0,"played":[0.0,1.0],"evs":[0.0,1.11535]},"87o":{"weight":0.0,"played":[1.0,0.0],"evs":[0.0,-1.05925]},"97o":{"weight":0.0,"played":[1.0,0.0],"evs":[0.0,-1.22184]},"T7o":{"weight":0.0,"played":[1.0,0.0],"evs":[0.0,-1.18398]},"J7o":{"weight":0.0,"played":[1.0,0.0],"evs":[0.0,-1.26195]},"Q7o":{"weight":0.0,"played":[1.0,0.0],"evs":[0.0,-1.28786]},"K7o":{"weight":0.0,"played":[1.0,0.0],"evs":[0.0,-1.25637]},"A7o":{"weight":0.0,"played":[1.0,0.0],"evs":[0.0,-1.7159]},"82s":{"weight":0.0,"played":[1.0,0.0],"evs":[0.0,-1.51601]},"83s":{"weight":0.0,"played":[1.0,0.0],"evs":[0.0,-1.49155]},"84s":{"weight":0.0,"played":[1.0,0.0],"evs":[0.0,-1.13866]},"85s":{"weight":0.0,"played":[1.0,0.0],"evs":[0.0,-0.88291]},"86s":{"weight":0.0,"played":[0.9999,1.0E-4],"evs":[0.0,-0.52261]},"87s":{"weight":0.0,"played":[0.9266,0.0734],"evs":[0.0,-0.27374]},"88":{"weight":0.0,"played":[0.0,1.0],"evs":[0.0,1.46839]},"98o":{"weight":0.0,"played":[1.0,0.0],"evs":[0.0,-1.15621]},"T8o":{"weight":0.0,"played":[1.0,0.0],"evs":[0.0,-0.90385]},"J8o":{"weight":0.0,"played":[1.0,0.0],"evs":[0.0,-1.09094]},"Q8o":{"weight":0.0,"played":[1.0,0.0],"evs":[0.0,-1.15544]},"K8o":{"weight":0.0,"played":[1.0,0.0],"evs":[0.0,-1.41286]},"A8o":{"weight":0.9992,"played":[1.0,0.0],"evs":[0.0,-1.41984]},"92s":{"weight":0.0,"played":[1.0,0.0],"evs":[0.0,-1.41485]},"93s":{"weight":0.0,"played":[1.0,0.0],"evs":[0.0,-1.32217]},"94s":{"weight":0.0,"played":[1.0,0.0],"evs":[0.0,-1.26792]},"95s":{"weight":0.0,"played":[1.0,0.0],"evs":[0.0,-0.99443]},"96s":{"weight":0.0,"played":[1.0,0.0],"evs":[0.0,-0.67225]},"97s":{"weight":0.0,"played":[0.9924,0.0076],"evs":[0.0,-0.33188]},"98s":{"weight":1.0E-4,"played":[1.0,0.0],"evs":[0.0,-0.23492]},"99":{"weight":0.0,"played":[0.0,1.0],"evs":[0.0,2.22631]},"T9o":{"weight":0.0,"played":[1.0,0.0],"evs":[0.0,-0.57691]},"J9o":{"weight":0.0,"played":[1.0,0.0],"evs":[0.0,-0.71915]},"Q9o":{"weight":0.0,"played":[1.0,0.0],"evs":[0.0,-0.74582]},"K9o":{"weight":0.0,"played":[1.0,0.0],"evs":[0.0,-1.00878]},"A9o":{"weight":0.0,"played":[0.9998,2.0E-4],"evs":[0.0,-0.74808]},"T2s":{"weight":0.0,"played":[1.0,0.0],"evs":[0.0,-1.13202]},"T3s":{"weight":0.0,"played":[1.0,0.0],"evs":[0.0,-1.05776]},"T4s":{"weight":0.0,"played":[0.9999,1.0E-4],"evs":[0.0,-0.9523]},"T5s":{"weight":0.0,"played":[1.0,0.0],"evs":[0.0,-0.98357]},"T6s":{"weight":0.0,"played":[0.9999,1.0E-4],"evs":[0.0,-0.60101]},"T7s":{"weight":0.0,"played":[0.9996,4.0E-4],"evs":[0.0,-0.29489]},"T8s":{"weight":0.0,"played":[0.8896,0.1104],"evs":[0.0,-0.18923]},"T9s":{"weight":0.9997,"played":[4.0E-4,0.9996],"evs":[0.0,0.28621]},"TT":{"weight":0.0,"played":[0.0,1.0],"evs":[0.0,3.32219]},"JTo":{"weight":0.0,"played":[0.9988,0.0012],"evs":[0.0,-0.00489]},"QTo":{"weight":0.0,"played":[0.9913,0.0087],"evs":[0.0,-0.04808]},"KTo":{"weight":0.0055,"played":[0.9997,3.0E-4],"evs":[0.0,-0.19667]},"ATo":{"weight":0.0,"played":[0.0,1.0],"evs":[0.0,0.19793]},"J2s":{"weight":0.0,"played":[0.9999,1.0E-4],"evs":[0.0,-0.9015]},"J3s":{"weight":0.0,"played":[1.0,0.0],"evs":[0.0,-0.88855]},"J4s":{"weight":0.0,"played":[0.9999,1.0E-4],"evs":[0.0,-0.84807]},"J5s":{"weight":0.0,"played":[1.0,0.0],"evs":[0.0,-0.7606]},"J6s":{"weight":0.0,"played":[1.0,0.0],"evs":[0.0,-0.75625]},"J7s":{"weight":0.0,"played":[0.9999,1.0E-4],"evs":[0.0,-0.41285]},"J8s":{"weight":0.0,"played":[1.0,0.0],"evs":[0.0,-0.37359]},"J9s":{"weight":0.6679,"played":[0.0788,0.9212],"evs":[0.0,0.08283]},"JTs":{"weight":1.0,"played":[0.0,1.0],"evs":[0.0,0.69203]},"JJ":{"weight":0.0,"played":[0.0,1.0],"evs":[0.0,4.42811]},"QJo":{"weight":1.0,"played":[0.0268,0.9732],"evs":[0.0,0.05609]},"KJo":{"weight":0.9999,"played":[0.0032,0.9968],"evs":[0.0,0.03057]},"AJo":{"weight":0.0,"played":[0.0,1.0],"evs":[0.0,0.9577]},"Q2s":{"weight":0.0,"played":[0.9997,3.0E-4],"evs":[0.0,-0.73352]},"Q3s":{"weight":0.0,"played":[1.0,0.0],"evs":[0.0,-0.62625]},"Q4s":{"weight":0.0,"played":[1.0,0.0],"evs":[0.0,-0.68838]},"Q5s":{"weight":0.0,"played":[0.9977,0.0023],"evs":[0.0,-0.447]},"Q6s":{"weight":0.0,"played":[0.9978,0.0022],"evs":[0.0,-0.53382]},"Q7s":{"weight":0.0,"played":[0.9999,1.0E-4],"evs":[0.0,-0.45352]},"Q8s":{"weight":2.0E-4,"played":[0.9957,0.0043],"evs":[0.0,-0.25974]},"Q9s":{"weight":0.9988,"played":[0.0015,0.9985],"evs":[0.0,0.0928]},"QTs":{"weight":1.0,"played":[0.0,1.0],"evs":[0.0,0.72538]},"QJs":{"weight":1.0,"played":[0.0,1.0],"evs":[0.0,0.86769]},"QQ":{"weight":0.0,"played":[0.0,1.0],"evs":[0.0,5.75194]},"KQo":{"weight":0.0,"played":[0.0,1.0],"evs":[0.0,0.52502]},"AQo":{"weight":0.0,"played":[0.0,1.0],"evs":[0.0,1.65909]},"K2s":{"weight":0.0,"played":[1.0,0.0],"evs":[0.0,-0.69604]},"K3s":{"weight":0.0,"played":[0.9999,1.0E-4],"evs":[0.0,-0.69828]},"K4s":{"weight":0.0,"played":[0.9995,5.0E-4],"evs":[0.0,-0.57662]},"K5s":{"weight":0.0,"played":[0.9965,0.0035],"evs":[0.0,-0.47664]},"K6s":{"weight":0.0,"played":[0.9999,1.0E-4],"evs":[0.0,-0.35944]},"K7s":{"weight":0.0037,"played":[1.0,0.0],"evs":[0.0,-0.45045]},"K8s":{"weight":6.0E-4,"played":[0.9997,3.0E-4],"evs":[0.0,-0.60124]},"K9s":{"weight":0.9992,"played":[0.974,0.026],"evs":[0.0,-0.11848]},"KTs":{"weight":1.0,"played":[2.0E-4,0.9998],"evs":[0.0,0.50474]},"KJs":{"weight":0.0101,"played":[0.0,1.0],"evs":[0.0,0.84197]},"KQs":{"weight":0.0,"played":[0.0,1.0],"evs":[0.0,1.25988]},"KK":{"weight":0.0,"played":[0.0,1.0],"evs":[0.0,7.3709]},"AKo":{"weight":0.0,"played":[0.0,1.0],"evs":[0.0,2.67914]},"A2s":{"weight":0.9999,"played":[0.9999,1.0E-4],"evs":[0.0,-1.01937]},"A3s":{"weight":1.0,"played":[0.9999,1.0E-4],"evs":[0.0,-0.99334]},"A4s":{"weight":0.9998,"played":[0.9989,0.0011],"evs":[0.0,-0.99429]},"A5s":{"weight":0.9998,"played":[0.9991,9.0E-4],"evs":[0.0,-0.80353]},"A6s":{"weight":1.0,"played":[0.9999,1.0E-4],"evs":[0.0,-0.94537]},"A7s":{"weight":0.9944,"played":[0.9993,7.0E-4],"evs":[0.0,-0.69068]},"A8s":{"weight":4.0E-4,"played":[0.9928,0.0072],"evs":[0.0,-0.52759]},"A9s":{"weight":0.0,"played":[2.0E-4,0.9998],"evs":[0.0,0.12752]},"ATs":{"weight":0.0,"played":[0.0,1.0],"evs":[0.0,1.03091]},"AJs":{"weight":0.0,"played":[0.0,1.0],"evs":[0.0,1.80196]},"AQs":{"weight":0.0,"played":[0.0,1.0],"evs":[0.0,2.53162]},"AKs":{"weight":0.0,"played":[0.0,1.0],"evs":[0.0,3.44686]},"AA":{"weight":0.0,"played":[0.0,1.0],"evs":[0.0,10.68062]}}}