{"player":1,"street":0,"children":2,"sequence":[{"player":0,"type":"F","amount":0,"street":0}],"actions":[{"type":"F","amount":0,"node":2},{"type":"R","amount":18720000,"node":6}],"hands":{"22":{"weight":1.0,"played":[0.0,1.0],"evs":[0.0,1.33598]},"32o":{"weight":1.0,"played":[1.0,0.0],"evs":[0.0,-0.07803]},"42o":{"weight":1.0,"played":[0.9995,5.0E-4],"evs":[0.0,-0.00946]},"52o":{"weight":1.0,"played":[0.0,1.0],"evs":[0.0,0.05579]},"62o":{"weight":1.0,"played":[0.2451,0.7549],"evs":[0.0,0.00225]},"72o":{"weight":1.0,"played":[1.0,0.0],"evs":[0.0,-0.01673]},"82o":{"weight":1.0,"played":[0.0,1.0],"evs":[0.0,0.09786]},"92o":{"weight":1.0,"played":[0.0,1.0],"evs":[0.0,0.19353]},"T2o":{"weight":1.0,"played":[0.0,1.0],"evs":[0.0,0.32995]},"J2o":{"weight":1.0,"played":[0.0,1.0],"evs":[0.0,0.44937]},"Q2o":{"weight":1.0,"played":[0.0,1.0],"evs":[0.0,0.62102]},"K2o":{"weight":1.0,"played":[0.0,1.0],"evs":[0.0,0.90703]},"A2o":{"weight":1.0,"played":[0.0,1.0],"evs":[0.0,1.47624]},"32s":{"weight":1.0,"played":[0.0,1.0],"evs":[0.0,0.22828]},"33":{"weight":1.0,"played":[0.0,1.0],"evs":[0.0,1.49908]},"43o":{"weight":1.0,"played":[0.0,1.0],"evs":[0.0,0.12204]},"53o":{"weight":1.0,"played":[0.0,1.0],"evs":[0.0,0.19955]},"63o":{"weight":1.0,"played":[0.0,1.0],"evs":[0.0,0.14608]},"73o":{"weight":1.0,"played":[0.0,1.0],"evs":[0.0,0.12381]},"83o":{"weight":1.0,"played":[0.0,1.0],"evs":[0.0,0.12816]},"93o":{"weight":1.0,"played":[0.0,1.0],"evs":[0.0,0.24986]},"T3o":{"weight":1.0,"played":[0.0,1.0],"evs":[0.0,0.38142]},"J3o":{"weight":1.0,"played":[0.0,1.0],"evs":[0.0,0.50626]},"Q3o":{"weight":1.0,"played":[0.0,1.0],"evs":[0.0,0.6783]},"K3o":{"weight":1.0,"played":[0.0,1.0],"evs":[0.0,0.95243]},"A3o":{"weight":1.0,"played":[0.0,1.0],"evs":[0.0,1.52464]},"42s":{"weight":1.0,"played":[0.0,1.0],"evs":[0.0,0.28916]},"43s":{"weight":1.0,"played":[0.0,1.0],"evs":[0.0,0.421]},"44":{"weight":1.0,"played":[0.0,1.0],"evs":[0.0,1.70035]},"54o":{"weight":1.0,"played":[0.0,1.0],"evs":[0.0,0.33814]},"64o":{"weight":1.0,"played":[0.0,1.0],"evs":[0.0,0.28963]},"74o":{"weight":1.0,"played":[0.0,1.0],"evs":[0.0,0.27089]},"84o":{"weight":1.0,"played":[0.0,1.0],"evs":[0.0,0.27041]},"94o":{"weight":1.0,"played":[0.0,1.0],"evs":[0.0,0.28289]},"T4o":{"weight":1.0,"played":[0.0,1.0],"evs":[0.0,0.438]},"J4o":{"weight":1.0,"played":[0.0,1.0],"evs":[0.0,0.56715]},"Q4o":{"weight":1.0,"played":[0.0,1.0],"evs":[0.0,0.73583]},"K4o":{"weight":1.0,"played":[0.0,1.0],"evs":[0.0,1.00466]},"A4o":{"weight":1.0,"played":[0.0,1.0],"evs":[0.0,1.58582]},"52s":{"weight":1.0,"played":[0.0,1.0],"evs":[0.0,0.36189]},"53s":{"weight":1.0,"played":[0.0,1.0],"evs":[0.0,0.49693]},"54s":{"weight":1.0,"played":[0.0,1.0],"evs":[0.0,0.62088]},"55":{"weight":1.0,"played":[0.0,1.0],"evs":[0.0,1.92049]},"65o":{"weight":1.0,"played":[0.0,1.0],"evs":[0.0,0.43162]},"75o":{"weight":1.0,"played":[0.0,1.0],"evs":[0.0,0.41538]},"85o":{"weight":1.0,"played":[0.0,1.0],"evs":[0.0,0.42276]},"95o":{"weight":1.0,"played":[0.0,1.0],"evs":[0.0,0.43823]},"T5o":{"weight":1.0,"played":[0.0,1.0],"evs":[0.0,0.47783]},"J5o":{"weight":1.0,"played":[0.0,1.0],"evs":[0.0,0.62839]},"Q5o":{"weight":1.0,"played":[0.0,1.0],"evs":[0.0,0.79477]},"K5o":{"weight":1.0,"played":[0.0,1.0],"evs":[0.0,1.07513]},"A5o":{"weight":1.0,"played":[0.0,1.0],"evs":[0.0,1.66949]},"62s":{"weight":1.0,"played":[0.0,1.0],"evs":[0.0,0.31004]},"63s":{"weight":1.0,"played":[0.0,1.0],"evs":[0.0,0.44697]},"64s":{"weight":1.0,"played":[0.0,1.0],"evs":[0.0,0.57429]},"65s":{"weight":1.0,"played":[0.0,1.0],"evs":[0.0,0.71809]},"66":{"weight":1.0,"played":[0.0,1.0],"evs":[0.0,2.10444]},"76o":{"weight":1.0,"played":[0.0,1.0],"evs":[0.0,0.55542]},"86o":{"weight":1.0,"played":[0.0,1.0],"evs":[0.0,0.55666]},"96o":{"weight":1.0,"played":[0.0,1.0],"evs":[0.0,0.57823]},"T6o":{"weight":1.0,"played":[0.0,1.0],"evs":[0.0,0.62257]},"J6o":{"weight":1.0,"played":[0.0,1.0],"evs":[0.0,0.659]},"Q6o":{"weight":1.0,"played":[0.0,1.0],"evs":[0.0,0.85594]},"K6o":{"weight":1.0,"played":[0.0,1.0],"evs":[0.0,1.14085]},"A6o":{"weight":1.0,"played":[0.0,1.0],"evs":[0.0,1.6785]},"72s":{"weight":1.0,"played":[0.0,1.0],"evs":[0.0,0.29048]},"73s":{"weight":1.0,"played":[0.0,1.0],"evs":[0.0,0.42606]},"74s":{"weight":1.0,"played":[0.0,1.0],"evs":[0.0,0.55528]},"75s":{"weight":1.0,"played":[0.0,1.0],"evs":[0.0,0.69803]},"76s":{"weight":1.0,"played":[0.0,1.0],"evs":[0.0,0.83668]},"77":{"weight":1.0,"played":[0.0,1.0],"evs":[0.0,2.30451]},"87o":{"weight":1.0,"played":[0.0,1.0],"evs":[0.0,0.68136]},"97o":{"weight":1.0,"played":[0.0,1.0],"evs":[0.0,0.69602]},"T7o":{"weight":1.0,"played":[0.0,1.0],"evs":[0.0,0.7458]},"J7o":{"weight":1.0,"played":[0.0,1.0],"evs":[0.0,0.7944]},"Q7o":{"weight":1.0,"played":[0.0,1.0],"evs":[0.0,0.88803]},"K7o":{"weight":1.0,"played":[0.0,1.0],"evs":[0.0,1.2171]},"A7o":{"weight":1.0,"played":[0.0,1.0],"evs":[0.0,1.80399]},"82s":{"weight":1.0,"played":[0.0,1.0],"evs":[0.0,0.407]},"83s":{"weight":1.0,"played":[0.0,1.0],"evs":[0.0,0.43312]},"84s":{"weight":1.0,"played":[0.0,1.0],"evs":[0.0,0.57291]},"85s":{"weight":1.0,"played":[0.0,1.0],"evs":[0.0,0.70476]},"86s":{"weight":1.0,"played":[0.0,1.0],"evs":[0.0,0.82988]},"87s":{"weight":1.0,"played":[0.0,1.0],"evs":[0.0,0.94681]},"88":{"weight":1.0,"played":[0.0,1.0],"evs":[0.0,2.52894]},"98o":{"weight":1.0,"played":[0.0,1.0],"evs":[0.0,0.83081]},"T8o":{"weight":1.0,"played":[0.0,1.0],"evs":[0.0,0.88805]},"J8o":{"weight":1.0,"played":[0.0,1.0],"evs":[0.0,0.92586]},"Q8o":{"weight":1.0,"played":[0.0,1.0],"evs":[0.0,1.02605]},"K8o":{"weight":1.0,"played":[0.0,1.0],"evs":[0.0,1.30996]},"A8o":{"weight":1.0,"played":[0.0,1.0],"evs":[0.0,1.93211]},"92s":{"weight":1.0,"played":[0.0,1.0],"evs":[0.0,0.49339]},"93s":{"weight":1.0,"played":[0.0,1.0],"evs":[0.0,0.54078]},"94s":{"weight":1.0,"played":[0.0,1.0],"evs":[0.0,0.57569]},"95s":{"weight":1.0,"played":[0.0,1.0],"evs":[0.0,0.71606]},"96s":{"weight":1.0,"played":[0.0,1.0],"evs":[0.0,0.85587]},"97s":{"weight":1.0,"played":[0.0,1.0],"evs":[0.0,0.96724]},"98s":{"weight":1.0,"played":[0.0,1.0],"evs":[0.0,1.09]},"99":{"weight":1.0,"played":[0.0,1.0],"evs":[0.0,2.75743]},"T9o":{"weight":1.0,"played":[0.0,1.0],"evs":[0.0,1.01588]},"J9o":{"weight":1.0,"played":[0.0,1.0],"evs":[0.0,1.06005]},"Q9o":{"weight":1.0,"played":[0.0,1.0],"evs":[0.0,1.19168]},"K9o":{"weight":1.0,"played":[0.0,1.0],"evs":[0.0,1.49682]},"A9o":{"weight":1.0,"played":[0.0,1.0],"evs":[0.0,2.08389]},"T2s":{"weight":1.0,"played":[0.0,1.0],"evs":[0.0,0.6209]},"T3s":{"weight":1.0,"played":[0.0,1.0],"evs":[0.0,0.66115]},"T4s":{"weight":1.0,"played":[0.0,1.0],"evs":[0.0,0.71658]},"T5s":{"weight":1.0,"played":[0.0,1.0],"evs":[0.0,0.7552]},"T6s":{"weight":1.0,"played":[0.0,1.0],"evs":[0.0,0.8931]},"T7s":{"weight":1.0,"played":[0.0,1.0],"evs":[0.0,1.00703]},"T8s":{"weight":1.0,"played":[0.0,1.0],"evs":[0.0,1.13378]},"T9s":{"weight":1.0,"played":[0.0,1.0],"evs":[0.0,1.26203]},"TT":{"weight":1.0,"played":[0.0,1.0],"evs":[0.0,3.05558]},"JTo":{"weight":1.0,"played":[0.0,1.0],"evs":[0.0,1.27415]},"QTo":{"weight":1.0,"played":[0.0,1.0],"evs":[0.0,1.42258]},"KTo":{"weight":1.0,"played":[0.0,1.0],"evs":[0.0,1.73799]},"ATo":{"weight":1.0,"played":[0.0,1.0],"evs":[0.0,2.32886]},"J2s":{"weight":1.0,"played":[0.0,1.0],"evs":[0.0,0.73162]},"J3s":{"weight":1.0,"played":[0.0,1.0],"evs":[0.0,0.78686]},"J4s":{"weight":1.0,"played":[0.0,1.0],"evs":[0.0,0.83617]},"J5s":{"weight":1.0,"played":[0.0,1.0],"evs":[0.0,0.89881]},"J6s":{"weight":1.0,"played":[0.0,1.0],"evs":[0.0,0.93476]},"J7s":{"weight":1.0,"played":[0.0,1.0],"evs":[0.0,1.04086]},"J8s":{"weight":1.0,"played":[0.0,1.0],"evs":[0.0,1.172]},"J9s":{"weight":1.0,"played":[0.0,1.0],"evs":[0.0,1.29597]},"JTs":{"weight":1.0,"played":[0.0,1.0],"evs":[0.0,1.50296]},"JJ":{"weight":1.0,"played":[0.0,1.0],"evs":[0.0,3.29932]},"QJo":{"weight":1.0,"played":[0.0,1.0],"evs":[0.0,1.54381]},"KJo":{"weight":1.0,"played":[0.0,1.0],"evs":[0.0,1.86258]},"AJo":{"weight":1.0,"played":[0.0,1.0],"evs":[0.0,2.45898]},"Q2s":{"weight":1.0,"played":[0.0,1.0],"evs":[0.0,0.90405]},"Q3s":{"weight":1.0,"played":[0.0,1.0],"evs":[0.0,0.94731]},"Q4s":{"weight":1.0,"played":[0.0,1.0],"evs":[0.0,0.99686]},"Q5s":{"weight":1.0,"played":[0.0,1.0],"evs":[0.0,1.05866]},"Q6s":{"weight":1.0,"played":[0.0,1.0],"evs":[0.0,1.12121]},"Q7s":{"weight":1.0,"played":[0.0,1.0],"evs":[0.0,1.13182]},"Q8s":{"weight":1.0,"played":[0.0,1.0],"evs":[0.0,1.26904]},"Q9s":{"weight":1.0,"played":[0.0,1.0],"evs":[0.0,1.43214]},"QTs":{"weight":1.0,"played":[0.0,1.0],"evs":[0.0,1.64886]},"QJs":{"weight":1.0,"played":[0.0,1.0],"evs":[0.0,1.75639]},"QQ":{"weight":1.0,"played":[0.0,1.0],"evs":[0.0,3.5478]},"KQo":{"weight":1.0,"played":[0.0,1.0],"evs":[0.0,1.98483]},"AQo":{"weight":1.0,"played":[0.0,1.0],"evs":[0.0,2.59895]},"K2s":{"weight":1.0,"played":[0.0,1.0],"evs":[0.0,1.16235]},"K3s":{"weight":1.0,"played":[0.0,1.0],"evs":[0.0,1.20523]},"K4s":{"weight":1.0,"played":[0.0,1.0],"evs":[0.0,1.26149]},"K5s":{"weight":1.0,"played":[0.0,1.0],"evs":[0.0,1.328]},"K6s":{"weight":1.0,"played":[0.0,1.0],"evs":[0.0,1.37327]},"K7s":{"weight":1.0,"played":[0.0,1.0],"evs":[0.0,1.4525]},"K8s":{"weight":1.0,"played":[0.0,1.0],"evs":[0.0,1.5354]},"K9s":{"weight":1.0,"played":[0.0,1.0],"evs":[0.0,1.71381]},"KTs":{"weight":1.0,"played":[0.0,1.0],"evs":[0.0,1.93553]},"KJs":{"weight":1.0,"played":[0.0,1.0],"evs":[0.0,2.04372]},"KQs":{"weight":1.0,"played":[0.0,1.0],"evs":[0.0,2.16282]},"KK":{"weight":1.0,"played":[0.0,1.0],"evs":[0.0,3.85551]},"AKo":{"weight":1.0,"played":[0.0,1.0],"evs":[0.0,2.77332]},"A2s":{"weight":1.0,"played":[0.0,1.0],"evs":[0.0,1.70407]},"A3s":{"weight":1.0,"played":[0.0,1.0],"evs":[0.0,1.75089]},"A4s":{"weight":1.0,"played":[0.0,1.0],"evs":[0.0,1.80155]},"A5s":{"weight":1.0,"played":[0.0,1.0],"evs":[0.0,1.87292]},"A6s":{"weight":1.0,"played":[0.0,1.0],"evs":[0.0,1.88192]},"A7s":{"weight":1.0,"played":[0.0,1.0],"evs":[0.0,2.00308]},"A8s":{"weight":1.0,"played":[0.0,1.0],"evs":[0.0,2.12528]},"A9s":{"weight":1.0,"played":[0.0,1.0],"evs":[0.0,2.25822]},"ATs":{"weight":1.0,"played":[0.0,1.0],"evs":[0.0,2.48547]},"AJs":{"weight":1.0,"played":[0.0,1.0],"evs":[0.0,2.61572]},"AQs":{"weight":1.0,"played":[0.0,1.0],"evs":[0.0,2.74233]},"AKs":{"weight":1.0,"played":[0.0,1.0],"evs":[0.0,2.90167]},"AA":{"weight":1.0,"played":[0.0,1.0],"evs":[0.0,4.30416]}}}