{"player":3,"street":0,"children":2,"sequence":[{"player":0,"type":"R","amount":9760000,"street":0},{"player":1,"type":"F","amount":0,"street":0},{"player":2,"type":"F","amount":0,"street":0}],"actions":[{"type":"F","amount":0},{"type":"C","amount":2720000}],"hands":{"22":{"weight":1.0,"played":[0.0,1.0],"evs":[0.0,2.19904]},"32o":{"weight":1.0,"played":[0.0,1.0],"evs":[0.0,0.53742]},"42o":{"weight":1.0,"played":[0.0,1.0],"evs":[0.0,0.65097]},"52o":{"weight":1.0,"played":[0.0,1.0],"evs":[0.0,0.7377]},"62o":{"weight":1.0,"played":[0.0,1.0],"evs":[0.0,0.66499]},"72o":{"weight":1.0,"played":[0.0,1.0],"evs":[0.0,0.63724]},"82o":{"weight":1.0,"played":[0.0,1.0],"evs":[0.0,0.67815]},"92o":{"weight":1.0,"played":[0.0,1.0],"evs":[0.0,0.72737]},"T2o":{"weight":1.0,"played":[0.0,1.0],"evs":[0.0,0.72799]},"J2o":{"weight":1.0,"played":[0.0,1.0],"evs":[0.0,0.73753]},"Q2o":{"weight":1.0,"played":[0.0,1.0],"evs":[0.0,0.84864]},"K2o":{"weight":1.0,"played":[0.0,1.0],"evs":[0.0,1.1103]},"A2o":{"weight":1.0,"played":[0.0,1.0],"evs":[0.0,1.80204]},"32s":{"weight":1.0,"played":[0.0,1.0],"evs":[0.0,0.97109]},"33":{"weight":1.0,"played":[0.0,1.0],"evs":[0.0,2.30266]},"43o":{"weight":1.0,"played":[0.0,1.0],"evs":[0.0,0.78755]},"53o":{"weight":1.0,"played":[0.0,1.0],"evs":[0.0,0.91352]},"63o":{"weight":1.0,"played":[0.0,1.0],"evs":[0.0,0.80182]},"73o":{"weight":1.0,"played":[0.0,1.0],"evs":[0.0,0.79003]},"83o":{"weight":1.0,"played":[0.0,1.0],"evs":[0.0,0.72682]},"93o":{"weight":1.0,"played":[0.0,1.0],"evs":[0.0,0.77162]},"T3o":{"weight":1.0,"played":[0.0,1.0],"evs":[0.0,0.76653]},"J3o":{"weight":1.0,"played":[0.0,1.0],"evs":[0.0,0.78561]},"Q3o":{"weight":1.0,"played":[0.0,1.0],"evs":[0.0,0.91038]},"K3o":{"weight":1.0,"played":[0.0,1.0],"evs":[0.0,1.16251]},"A3o":{"weight":1.0,"played":[0.0,1.0],"evs":[0.0,1.88167]},"42s":{"weight":1.0,"played":[0.0,1.0],"evs":[0.0,0.97973]},"43s":{"weight":1.0,"played":[0.0,1.0],"evs":[0.0,1.21668]},"44":{"weight":1.0,"played":[0.0,1.0],"evs":[0.0,2.42182]},"54o":{"weight":1.0,"played":[0.0,1.0],"evs":[0.0,1.05789]},"64o":{"weight":1.0,"played":[0.0,1.0],"evs":[0.0,1.0074]},"74o":{"weight":1.0,"played":[0.0,1.0],"evs":[0.0,0.99067]},"84o":{"weight":1.0,"played":[0.0,1.0],"evs":[0.0,0.92396]},"94o":{"weight":1.0,"played":[0.0,1.0],"evs":[0.0,0.84553]},"T4o":{"weight":1.0,"played":[0.0,1.0],"evs":[0.0,0.86881]},"J4o":{"weight":1.0,"played":[0.0,1.0],"evs":[0.0,0.87353]},"Q4o":{"weight":1.0,"played":[0.0,1.0],"evs":[0.0,0.9848]},"K4o":{"weight":1.0,"played":[0.0,1.0],"evs":[0.0,1.23595]},"A4o":{"weight":1.0,"played":[0.0,1.0],"evs":[0.0,1.92639]},"52s":{"weight":1.0,"played":[0.0,1.0],"evs":[0.0,1.08923]},"53s":{"weight":1.0,"played":[0.0,1.0],"evs":[0.0,1.25643]},"54s":{"weight":1.0,"played":[0.0,1.0],"evs":[0.0,1.46507]},"55":{"weight":1.0,"played":[0.0,1.0],"evs":[0.0,2.61627]},"65o":{"weight":1.0,"played":[0.0,1.0],"evs":[0.0,1.16392]},"75o":{"weight":1.0,"played":[0.0,1.0],"evs":[0.0,1.17338]},"85o":{"weight":1.0,"played":[0.0,1.0],"evs":[0.0,1.12457]},"95o":{"weight":1.0,"played":[0.0,1.0],"evs":[0.0,1.03563]},"T5o":{"weight":1.0,"played":[0.0,1.0],"evs":[0.0,0.93504]},"J5o":{"weight":1.0,"played":[0.0,1.0],"evs":[0.0,0.93294]},"Q5o":{"weight":1.0,"played":[0.0,1.0],"evs":[0.0,1.09539]},"K5o":{"weight":1.0,"played":[0.0,1.0],"evs":[0.0,1.32797]},"A5o":{"weight":1.0,"played":[0.0,1.0],"evs":[0.0,2.01015]},"62s":{"weight":1.0,"played":[0.0,1.0],"evs":[0.0,1.01389]},"63s":{"weight":1.0,"played":[0.0,1.0],"evs":[0.0,1.19766]},"64s":{"weight":1.0,"played":[0.0,1.0],"evs":[0.0,1.32194]},"65s":{"weight":1.0,"played":[0.0,1.0],"evs":[0.0,1.55002]},"66":{"weight":1.0,"played":[0.0,1.0],"evs":[0.0,2.79786]},"76o":{"weight":1.0,"played":[0.0,1.0],"evs":[0.0,1.27346]},"86o":{"weight":1.0,"played":[0.0,1.0],"evs":[0.0,1.21434]},"96o":{"weight":1.0,"played":[0.0,1.0],"evs":[0.0,1.14691]},"T6o":{"weight":1.0,"played":[0.0,1.0],"evs":[0.0,1.04879]},"J6o":{"weight":1.0,"played":[0.0,1.0],"evs":[0.0,0.9683]},"Q6o":{"weight":1.0,"played":[0.0,1.0],"evs":[0.0,1.1255]},"K6o":{"weight":1.0,"played":[0.0,1.0],"evs":[0.0,1.35973]},"A6o":{"weight":1.0,"played":[0.0,1.0],"evs":[0.0,2.03832]},"72s":{"weight":1.0,"played":[0.0,1.0],"evs":[0.0,1.02442]},"73s":{"weight":1.0,"played":[0.0,1.0],"evs":[0.0,1.11616]},"74s":{"weight":1.0,"played":[0.0,1.0],"evs":[0.0,1.35717]},"75s":{"weight":1.0,"played":[0.0,1.0],"evs":[0.0,1.57579]},"76s":{"weight":1.0,"played":[0.0,1.0],"evs":[0.0,1.61601]},"77":{"weight":1.0,"played":[0.0,1.0],"evs":[0.0,3.05024]},"87o":{"weight":1.0,"played":[0.0,1.0],"evs":[0.0,1.38946]},"97o":{"weight":1.0,"played":[0.0,1.0],"evs":[0.0,1.35032]},"T7o":{"weight":1.0,"played":[0.0,1.0],"evs":[0.0,1.21514]},"J7o":{"weight":1.0,"played":[0.0,1.0],"evs":[0.0,1.11253]},"Q7o":{"weight":1.0,"played":[0.0,1.0],"evs":[0.0,1.1411]},"K7o":{"weight":1.0,"played":[0.0,1.0],"evs":[0.0,1.42683]},"A7o":{"weight":1.0,"played":[0.0,1.0],"evs":[0.0,2.28229]},"82s":{"weight":1.0,"played":[0.0,1.0],"evs":[0.0,1.03323]},"83s":{"weight":1.0,"played":[0.0,1.0],"evs":[0.0,1.03069]},"84s":{"weight":1.0,"played":[0.0,1.0],"evs":[0.0,1.25876]},"85s":{"weight":1.0,"played":[0.0,1.0],"evs":[0.0,1.45113]},"86s":{"weight":1.0,"played":[0.0,1.0],"evs":[0.0,1.57517]},"87s":{"weight":1.0,"played":[0.0,1.0],"evs":[0.0,1.71567]},"88":{"weight":1.0,"played":[0.0,1.0],"evs":[0.0,3.33869]},"98o":{"weight":1.0,"played":[0.0,1.0],"evs":[0.0,1.43963]},"T8o":{"weight":1.0,"played":[0.0,1.0],"evs":[0.0,1.36043]},"J8o":{"weight":1.0,"played":[0.0,1.0],"evs":[0.0,1.30696]},"Q8o":{"weight":1.0,"played":[0.0,1.0],"evs":[0.0,1.29247]},"K8o":{"weight":1.0,"played":[0.0,1.0],"evs":[0.0,1.43595]},"A8o":{"weight":1.0,"played":[0.0,1.0],"evs":[0.0,2.52799]},"92s":{"weight":1.0,"played":[0.0,1.0],"evs":[0.0,1.09468]},"93s":{"weight":1.0,"played":[0.0,1.0],"evs":[0.0,1.12389]},"94s":{"weight":1.0,"played":[0.0,1.0],"evs":[0.0,1.18168]},"95s":{"weight":1.0,"played":[0.0,1.0],"evs":[0.0,1.41924]},"96s":{"weight":1.0,"played":[0.0,1.0],"evs":[0.0,1.49806]},"97s":{"weight":1.0,"played":[0.0,1.0],"evs":[0.0,1.71462]},"98s":{"weight":1.0,"played":[0.0,1.0],"evs":[0.0,1.80183]},"99":{"weight":1.0,"played":[0.0,1.0],"evs":[0.0,3.64374]},"T9o":{"weight":1.0,"played":[0.0,1.0],"evs":[0.0,1.50392]},"J9o":{"weight":1.0,"played":[0.0,1.0],"evs":[0.0,1.47073]},"Q9o":{"weight":1.0,"played":[0.0,1.0],"evs":[0.0,1.41248]},"K9o":{"weight":1.0,"played":[0.0,1.0],"evs":[0.0,1.65384]},"A9o":{"weight":1.0,"played":[0.0,1.0],"evs":[0.0,2.7816]},"T2s":{"weight":1.0,"played":[0.0,1.0],"evs":[0.0,1.09784]},"T3s":{"weight":1.0,"played":[0.0,1.0],"evs":[0.0,1.19361]},"T4s":{"weight":1.0,"played":[0.0,1.0],"evs":[0.0,1.22674]},"T5s":{"weight":1.0,"played":[0.0,1.0],"evs":[0.0,1.35567]},"T6s":{"weight":1.0,"played":[0.0,1.0],"evs":[0.0,1.35972]},"T7s":{"weight":1.0,"played":[0.0,1.0],"evs":[0.0,1.61613]},"T8s":{"weight":1.0,"played":[0.0,1.0],"evs":[0.0,1.6798]},"T9s":{"weight":1.0,"played":[0.0,1.0],"evs":[0.0,1.8143]},"TT":{"weight":1.0,"played":[0.0,1.0],"evs":[0.0,3.98836]},"JTo":{"weight":1.0,"played":[0.0,1.0],"evs":[0.0,1.64269]},"QTo":{"weight":1.0,"played":[0.0,1.0],"evs":[0.0,1.61167]},"KTo":{"weight":1.0,"played":[0.0,1.0],"evs":[0.0,1.96015]},"ATo":{"weight":1.0,"played":[0.0,1.0],"evs":[0.0,3.27991]},"J2s":{"weight":1.0,"played":[0.0,1.0],"evs":[0.0,1.14737]},"J3s":{"weight":1.0,"played":[0.0,1.0],"evs":[0.0,1.12476]},"J4s":{"weight":1.0,"played":[0.0,1.0],"evs":[0.0,1.24505]},"J5s":{"weight":1.0,"played":[0.0,1.0],"evs":[0.0,1.35055]},"J6s":{"weight":1.0,"played":[0.0,1.0],"evs":[0.0,1.35539]},"J7s":{"weight":1.0,"played":[0.0,1.0],"evs":[0.0,1.48056]},"J8s":{"weight":1.0,"played":[0.0,1.0],"evs":[0.0,1.6234]},"J9s":{"weight":1.0,"played":[0.0,1.0],"evs":[0.0,1.78228]},"JTs":{"weight":1.0,"played":[0.0,1.0],"evs":[0.0,2.01945]},"JJ":{"weight":1.0,"played":[0.0,1.0],"evs":[0.0,4.36259]},"QJo":{"weight":1.0,"played":[0.0,1.0],"evs":[0.0,1.8069]},"KJo":{"weight":1.0,"played":[0.0,1.0],"evs":[0.0,2.23893]},"AJo":{"weight":1.0,"played":[0.0,1.0],"evs":[0.0,3.62243]},"Q2s":{"weight":1.0,"played":[0.0,1.0],"evs":[0.0,1.28042]},"Q3s":{"weight":1.0,"played":[0.0,1.0],"evs":[0.0,1.37076]},"Q4s":{"weight":1.0,"played":[0.0,1.0],"evs":[0.0,1.43514]},"Q5s":{"weight":1.0,"played":[0.0,1.0],"evs":[0.0,1.47159]},"Q6s":{"weight":1.0,"played":[0.0,1.0],"evs":[0.0,1.50452]},"Q7s":{"weight":1.0,"played":[0.0,1.0],"evs":[0.0,1.50341]},"Q8s":{"weight":1.0,"played":[0.0,1.0],"evs":[0.0,1.64894]},"Q9s":{"weight":1.0,"played":[0.0,1.0],"evs":[0.0,1.80276]},"QTs":{"weight":1.0,"played":[0.0,1.0],"evs":[0.0,2.03436]},"QJs":{"weight":1.0,"played":[0.0,1.0],"evs":[0.0,2.12943]},"QQ":{"weight":1.0,"played":[0.0,1.0],"evs":[0.0,4.74866]},"KQo":{"weight":1.0,"played":[0.0,1.0],"evs":[0.0,2.54914]},"AQo":{"weight":1.0,"played":[0.0,1.0],"evs":[0.0,3.93379]},"K2s":{"weight":1.0,"played":[0.0,1.0],"evs":[0.0,1.47966]},"K3s":{"weight":1.0,"played":[0.0,1.0],"evs":[0.0,1.57992]},"K4s":{"weight":1.0,"played":[0.0,1.0],"evs":[0.0,1.58185]},"K5s":{"weight":1.0,"played":[0.0,1.0],"evs":[0.0,1.73356]},"K6s":{"weight":1.0,"played":[0.0,1.0],"evs":[0.0,1.70286]},"K7s":{"weight":1.0,"played":[0.0,1.0],"evs":[0.0,1.81692]},"K8s":{"weight":1.0,"played":[0.0,1.0],"evs":[0.0,1.77418]},"K9s":{"weight":1.0,"played":[0.0,1.0],"evs":[0.0,2.00111]},"KTs":{"weight":1.0,"played":[0.0,1.0],"evs":[0.0,2.29776]},"KJs":{"weight":1.0,"played":[0.0,1.0],"evs":[0.0,2.52103]},"KQs":{"weight":1.0,"played":[0.0,1.0],"evs":[0.0,2.79545]},"KK":{"weight":1.0,"played":[0.0,1.0],"evs":[0.0,5.32391]},"AKo":{"weight":1.0,"played":[0.0,1.0],"evs":[0.0,4.42645]},"A2s":{"weight":1.0,"played":[0.0,1.0],"evs":[0.0,2.24865]},"A3s":{"weight":1.0,"played":[0.0,1.0],"evs":[0.0,2.23845]},"A4s":{"weight":1.0,"played":[0.0,1.0],"evs":[0.0,2.24608]},"A5s":{"weight":1.0,"played":[0.0,1.0],"evs":[0.0,2.37089]},"A6s":{"weight":1.0,"played":[0.0,1.0],"evs":[0.0,2.31323]},"A7s":{"weight":1.0,"played":[0.0,1.0],"evs":[0.0,2.55817]},"A8s":{"weight":1.0,"played":[0.0,1.0],"evs":[0.0,2.87411]},"A9s":{"weight":1.0,"played":[0.0,1.0],"evs":[0.0,3.08622]},"ATs":{"weight":1.0,"played":[0.0,1.0],"evs":[0.0,3.46009]},"AJs":{"weight":1.0,"played":[0.0,1.0],"evs":[0.0,3.85559]},"AQs":{"weight":1.0,"played":[0.0,1.0],"evs":[0.0,4.17022]},"AKs":{"weight":1.0,"played":[0.0,1.0],"evs":[0.0,4.57764]},"AA":{"weight":1.0,"played":[0.0,1.0],"evs":[0.0,6.59011]}}}