{"player":2,"street":0,"children":3,"sequence":[{"player":0,"type":"F","amount":0,"street":0},{"player":1,"type":"C","amount":0,"street":0}],"actions":[{"type":"F","amount":0},{"type":"C","amount":2500000,"node":2},{"type":"R","amount":37750000,"node":4}],"hands":{"22":{"weight":1.0,"played":[0.0,0.0,1.0],"evs":[0.0,1.32187,1.96356]},"32o":{"weight":1.0,"played":[1.0,0.0,0.0],"evs":[0.0,-0.05874,-0.24012]},"42o":{"weight":1.0,"played":[0.9997,3.0E-4,0.0],"evs":[0.0,-0.00994,-0.15513]},"52o":{"weight":1.0,"played":[0.0,1.0,0.0],"evs":[0.0,0.02062,-0.06985]},"62o":{"weight":1.0,"played":[1.0,0.0,0.0],"evs":[0.0,-0.04029,-0.19259]},"72o":{"weight":1.0,"played":[1.0,0.0,0.0],"evs":[0.0,-0.06587,-0.27028]},"82o":{"weight":1.0,"played":[0.9999,1.0E-4,0.0],"evs":[0.0,-0.00463,-0.14812]},"92o":{"weight":1.0,"played":[0.7428,0.2572,0.0],"evs":[0.0,-9.4E-4,-0.06042]},"T2o":{"weight":1.0,"played":[0.0,1.0,0.0],"evs":[0.0,0.10817,0.06933]},"J2o":{"weight":1.0,"played":[0.0,0.4262,0.5738],"evs":[0.0,0.29057,0.29131]},"Q2o":{"weight":1.0,"played":[0.0,0.0,1.0],"evs":[0.0,0.48549,0.70023]},"K2o":{"weight":1.0,"played":[0.0,0.0,1.0],"evs":[0.0,0.94985,1.36771]},"A2o":{"weight":1.0,"played":[0.0,0.0,1.0],"evs":[0.0,1.7773,2.31654]},"32s":{"weight":1.0,"played":[0.0,0.0,1.0],"evs":[0.0,0.15085,0.2366]},"33":{"weight":1.0,"played":[0.0,0.0,1.0],"evs":[0.0,1.62995,2.22716]},"43o":{"weight":1.0,"played":[0.0,0.0165,0.9835],"evs":[0.0,0.05646,0.05962]},"53o":{"weight":1.0,"played":[0.0,0.0,1.0],"evs":[0.0,0.10261,0.14504]},"63o":{"weight":1.0,"played":[0.0,0.9999,1.0E-4],"evs":[0.0,0.02842,0.02827]},"73o":{"weight":1.0,"played":[1.0E-4,0.9999,0.0],"evs":[0.0,0.00142,-0.05007]},"83o":{"weight":1.0,"played":[0.7471,0.2529,0.0],"evs":[0.0,-4.0E-4,-0.10296]},"93o":{"weight":1.0,"played":[1.0E-4,0.5215,0.4784],"evs":[0.0,0.01697,0.01637]},"T3o":{"weight":1.0,"played":[0.0,0.0012,0.9988],"evs":[0.0,0.13941,0.1516]},"J3o":{"weight":1.0,"played":[0.0,0.0,1.0],"evs":[0.0,0.32005,0.3681]},"Q3o":{"weight":1.0,"played":[0.0,0.0,1.0],"evs":[0.0,0.51756,0.77536]},"K3o":{"weight":1.0,"played":[0.0,0.0,1.0],"evs":[0.0,1.035,1.4463]},"A3o":{"weight":1.0,"played":[0.0,0.0,1.0],"evs":[0.0,1.85593,2.38828]},"42s":{"weight":1.0,"played":[0.0,0.0,1.0],"evs":[0.0,0.20417,0.32225]},"43s":{"weight":1.0,"played":[0.0,0.0,1.0],"evs":[0.0,0.26629,0.52351]},"44":{"weight":1.0,"played":[0.0,0.0,1.0],"evs":[0.0,1.96131,2.4988]},"54o":{"weight":1.0,"played":[0.0,0.0,1.0],"evs":[0.0,0.22038,0.36433]},"64o":{"weight":1.0,"played":[0.0,0.0,1.0],"evs":[0.0,0.15409,0.24486]},"74o":{"weight":1.0,"played":[0.0,0.0,1.0],"evs":[0.0,0.12823,0.1697]},"84o":{"weight":1.0,"played":[0.0,0.52,0.48],"evs":[0.0,0.11558,0.1143]},"94o":{"weight":1.0,"played":[0.0,0.9747,0.0253],"evs":[0.0,0.06858,0.06119]},"T4o":{"weight":1.0,"played":[0.0,4.0E-4,0.9996],"evs":[0.0,0.20291,0.22761]},"J4o":{"weight":1.0,"played":[0.0,0.0,1.0],"evs":[0.0,0.38159,0.44969]},"Q4o":{"weight":1.0,"played":[0.0,0.0,1.0],"evs":[0.0,0.58239,0.85213]},"K4o":{"weight":1.0,"played":[0.0,0.0,1.0],"evs":[0.0,1.16077,1.52511]},"A4o":{"weight":1.0,"played":[0.0,0.0,1.0],"evs":[0.0,1.98857,2.47163]},"52s":{"weight":1.0,"played":[0.0,0.0,1.0],"evs":[0.0,0.23797,0.39861]},"53s":{"weight":1.0,"played":[0.0,0.0,1.0],"evs":[0.0,0.31694,0.60704]},"54s":{"weight":1.0,"played":[0.0,0.0,1.0],"evs":[0.0,0.42628,0.8054]},"55":{"weight":1.0,"played":[0.0,0.0,1.0],"evs":[0.0,2.35792,2.78991]},"65o":{"weight":1.0,"played":[0.0,0.0,1.0],"evs":[0.0,0.27052,0.45229]},"75o":{"weight":1.0,"played":[0.0,0.0,1.0],"evs":[0.0,0.26009,0.37905]},"85o":{"weight":1.0,"played":[0.0,0.0,1.0],"evs":[0.0,0.2496,0.32216]},"95o":{"weight":1.0,"played":[0.0,0.0,1.0],"evs":[0.0,0.20503,0.27468]},"T5o":{"weight":1.0,"played":[0.0,0.1372,0.8628],"evs":[0.0,0.26718,0.26886]},"J5o":{"weight":1.0,"played":[0.0,0.0,1.0],"evs":[0.0,0.43996,0.52496]},"Q5o":{"weight":1.0,"played":[0.0,0.0,1.0],"evs":[0.0,0.71535,0.95799]},"K5o":{"weight":1.0,"played":[0.0,0.0,1.0],"evs":[0.0,1.29827,1.65704]},"A5o":{"weight":1.0,"played":[0.0,0.0,1.0],"evs":[0.0,2.12742,2.59847]},"62s":{"weight":1.0,"played":[0.0,0.0,1.0],"evs":[0.0,0.1872,0.28883]},"63s":{"weight":1.0,"played":[0.0,0.0,1.0],"evs":[0.0,0.25452,0.49087]},"64s":{"weight":1.0,"played":[0.0,0.0,1.0],"evs":[0.0,0.37267,0.7009]},"65s":{"weight":1.0,"played":[0.0,0.0,1.0],"evs":[0.0,0.55217,0.88907]},"66":{"weight":1.0,"played":[0.0,0.0,1.0],"evs":[0.0,2.75359,3.05892]},"76o":{"weight":1.0,"played":[0.0,0.0,1.0],"evs":[0.0,0.36562,0.57236]},"86o":{"weight":1.0,"played":[0.0,0.0,1.0],"evs":[0.0,0.37354,0.52226]},"96o":{"weight":1.0,"played":[0.0,0.0,1.0],"evs":[0.0,0.3364,0.47502]},"T6o":{"weight":1.0,"played":[0.0,0.0,1.0],"evs":[0.0,0.39891,0.4688]},"J6o":{"weight":1.0,"played":[0.0,0.0,1.0],"evs":[0.0,0.48248,0.57218]},"Q6o":{"weight":1.0,"played":[0.0,0.0,1.0],"evs":[0.0,0.85192,1.07133]},"K6o":{"weight":1.0,"played":[0.0,0.0,1.0],"evs":[0.0,1.42333,1.78652]},"A6o":{"weight":1.0,"played":[0.0,0.0,1.0],"evs":[0.0,2.11156,2.61137]},"72s":{"weight":1.0,"played":[0.0,0.0,1.0],"evs":[0.0,0.17063,0.21904]},"73s":{"weight":1.0,"played":[0.0,0.0,1.0],"evs":[0.0,0.23817,0.41759]},"74s":{"weight":1.0,"played":[0.0,0.0,1.0],"evs":[0.0,0.35622,0.62581]},"75s":{"weight":1.0,"played":[0.0,0.0,1.0],"evs":[0.0,0.53487,0.81817]},"76s":{"weight":1.0,"played":[0.0,0.0,1.0],"evs":[0.0,0.79107,0.99693]},"77":{"weight":1.0,"played":[0.0,0.0,1.0],"evs":[0.0,3.12457,3.35888]},"87o":{"weight":1.0,"played":[0.0,0.0,1.0],"evs":[0.0,0.58221,0.69369]},"97o":{"weight":1.0,"played":[0.0,0.0,1.0],"evs":[0.0,0.57101,0.65206]},"T7o":{"weight":1.0,"played":[0.0,0.0,1.0],"evs":[0.0,0.59507,0.65981]},"J7o":{"weight":1.0,"played":[0.0,0.0,1.0],"evs":[0.0,0.70256,0.80115]},"Q7o":{"weight":1.0,"played":[0.0,0.0,1.0],"evs":[0.0,0.96042,1.18919]},"K7o":{"weight":1.0,"played":[0.0,0.0,1.0],"evs":[0.0,1.57083,1.95543]},"A7o":{"weight":1.0,"played":[0.0,0.0,1.0],"evs":[0.0,2.2833,2.80723]},"82s":{"weight":1.0,"played":[0.0,0.0,1.0],"evs":[0.0,0.22944,0.33005]},"83s":{"weight":1.0,"played":[0.0,0.0,1.0],"evs":[0.0,0.23328,0.37252]},"84s":{"weight":1.0,"played":[0.0,0.0,1.0],"evs":[0.0,0.3506,0.57453]},"85s":{"weight":1.0,"played":[0.0,0.0,1.0],"evs":[0.0,0.54312,0.77399]},"86s":{"weight":1.0,"played":[0.0,0.0,1.0],"evs":[0.0,0.80689,0.9569]},"87s":{"weight":1.0,"played":[0.0,0.0,1.0],"evs":[0.0,1.04545,1.11744]},"88":{"weight":1.0,"played":[0.0,0.0,1.0],"evs":[0.0,3.50777,3.70576]},"98o":{"weight":1.0,"played":[0.0,0.0,1.0],"evs":[0.0,0.81726,0.85391]},"T8o":{"weight":1.0,"played":[0.0,0.0,1.0],"evs":[0.0,0.8735,0.91313]},"J8o":{"weight":1.0,"played":[0.0,0.0,1.0],"evs":[0.0,1.00154,1.09439]},"Q8o":{"weight":1.0,"played":[0.0,0.0,1.0],"evs":[0.0,1.29336,1.49431]},"K8o":{"weight":1.0,"played":[0.0,0.0,1.0],"evs":[0.0,1.74309,2.14017]},"A8o":{"weight":1.0,"played":[0.0,0.0,1.0],"evs":[0.0,2.46713,3.01497]},"92s":{"weight":1.0,"played":[0.0,0.0,1.0],"evs":[0.0,0.2395,0.41738]},"93s":{"weight":1.0,"played":[0.0,0.0,1.0],"evs":[0.0,0.25334,0.48954]},"94s":{"weight":1.0,"played":[0.0,0.0,1.0],"evs":[0.0,0.30568,0.52409]},"95s":{"weight":1.0,"played":[0.0,0.0,1.0],"evs":[0.0,0.53071,0.72558]},"96s":{"weight":1.0,"played":[0.0,0.0,1.0],"evs":[0.0,0.78707,0.9117]},"97s":{"weight":1.0,"played":[0.0,0.0,1.0],"evs":[0.0,1.03266,1.07621]},"98s":{"weight":1.0,"played":[0.0,0.542,0.458],"evs":[0.0,1.26287,1.26108]},"99":{"weight":1.0,"played":[0.0,0.0,1.0],"evs":[0.0,3.97396,4.07718]},"T9o":{"weight":1.0,"played":[0.0,0.0,1.0],"evs":[0.0,1.14362,1.19479]},"J9o":{"weight":1.0,"played":[0.0,0.0,1.0],"evs":[0.0,1.29489,1.37954]},"Q9o":{"weight":1.0,"played":[0.0,0.0,1.0],"evs":[0.0,1.60522,1.78801]},"K9o":{"weight":1.0,"played":[0.0,0.0,1.0],"evs":[0.0,2.03765,2.43459]},"A9o":{"weight":1.0,"played":[0.0,0.0,1.0],"evs":[0.0,2.61812,3.19735]},"T2s":{"weight":1.0,"played":[0.0,0.0,1.0],"evs":[0.0,0.34187,0.53337]},"T3s":{"weight":1.0,"played":[0.0,0.0,1.0],"evs":[0.0,0.38375,0.60744]},"T4s":{"weight":1.0,"played":[0.0,0.0,1.0],"evs":[0.0,0.47166,0.68794]},"T5s":{"weight":1.0,"played":[0.0,0.0,1.0],"evs":[0.0,0.53238,0.71169]},"T6s":{"weight":1.0,"played":[0.0,0.0,1.0],"evs":[0.0,0.80571,0.90747]},"T7s":{"weight":1.0,"played":[0.0,0.0,1.0],"evs":[0.0,1.06319,1.08659]},"T8s":{"weight":1.0,"played":[0.0,0.0,1.0],"evs":[0.0,1.31835,1.3232]},"T9s":{"weight":1.0,"played":[0.0,6.0E-4,0.9994],"evs":[0.0,1.56709,1.58078]},"TT":{"weight":1.0,"played":[0.0,8.0E-4,0.9992],"evs":[0.0,4.47881,4.50098]},"JTo":{"weight":1.0,"played":[0.0,0.0,1.0],"evs":[0.0,1.65697,1.74487]},"QTo":{"weight":1.0,"played":[0.0,0.0,1.0],"evs":[0.0,1.96392,2.14837]},"KTo":{"weight":1.0,"played":[0.0,0.0,1.0],"evs":[0.0,2.3997,2.80166]},"ATo":{"weight":1.0,"played":[0.0,0.0,1.0],"evs":[0.0,2.99145,3.55897]},"J2s":{"weight":1.0,"played":[0.0,0.0,1.0],"evs":[0.0,0.5194,0.74033]},"J3s":{"weight":1.0,"played":[0.0,0.0,1.0],"evs":[0.0,0.59082,0.81983]},"J4s":{"weight":1.0,"played":[0.0,0.0,1.0],"evs":[0.0,0.67804,0.89154]},"J5s":{"weight":1.0,"played":[0.0,0.0,1.0],"evs":[0.0,0.78599,0.95666]},"J6s":{"weight":1.0,"played":[0.0,0.0,1.0],"evs":[0.0,0.88228,1.00046]},"J7s":{"weight":1.0,"played":[0.0,0.0,1.0],"evs":[0.0,1.16076,1.21438]},"J8s":{"weight":1.0,"played":[0.0,0.0,1.0],"evs":[0.0,1.43627,1.49194]},"J9s":{"weight":1.0,"played":[0.0,2.0E-4,0.9998],"evs":[0.0,1.71735,1.7611]},"JTs":{"weight":1.0,"played":[0.0,0.0,1.0],"evs":[0.0,2.04814,2.09048]},"JJ":{"weight":1.0,"played":[0.0,0.6109,0.3891],"evs":[0.0,4.86769,4.86694]},"QJo":{"weight":1.0,"played":[0.0,0.0,1.0],"evs":[0.0,2.09841,2.32075]},"KJo":{"weight":1.0,"played":[0.0,0.0,1.0],"evs":[0.0,2.56333,2.98775]},"AJo":{"weight":1.0,"played":[0.0,0.0,1.0],"evs":[0.0,3.18883,3.74927]},"Q2s":{"weight":1.0,"played":[0.0,0.0,1.0],"evs":[0.0,0.86525,1.12556]},"Q3s":{"weight":1.0,"played":[0.0,0.0,1.0],"evs":[0.0,0.96092,1.2032]},"Q4s":{"weight":1.0,"played":[0.0,0.0,1.0],"evs":[0.0,1.06586,1.2712]},"Q5s":{"weight":1.0,"played":[0.0,0.0,1.0],"evs":[0.0,1.18624,1.37268]},"Q6s":{"weight":1.0,"played":[0.0,0.0,1.0],"evs":[0.0,1.30302,1.47212]},"Q7s":{"weight":1.0,"played":[0.0,0.0,1.0],"evs":[0.0,1.41277,1.58497]},"Q8s":{"weight":1.0,"played":[0.0,0.0,1.0],"evs":[0.0,1.72262,1.86887]},"Q9s":{"weight":1.0,"played":[0.0,0.0,1.0],"evs":[0.0,2.0094,2.1385]},"QTs":{"weight":1.0,"played":[0.0,0.0,1.0],"evs":[0.0,2.34561,2.47799]},"QJs":{"weight":1.0,"played":[0.0,0.0,1.0],"evs":[0.0,2.46015,2.62581]},"QQ":{"weight":1.0,"played":[0.0,1.0,0.0],"evs":[0.0,5.3464,5.29498]},"KQo":{"weight":1.0,"played":[0.0,0.0,1.0],"evs":[0.0,2.75716,3.21049]},"AQo":{"weight":1.0,"played":[0.0,0.0,1.0],"evs":[0.0,3.39458,3.98195]},"K2s":{"weight":1.0,"played":[0.0,0.0,1.0],"evs":[0.0,1.41373,1.76319]},"K3s":{"weight":1.0,"played":[0.0,0.0,1.0],"evs":[0.0,1.49267,1.83572]},"K4s":{"weight":1.0,"played":[0.0,0.0,1.0],"evs":[0.0,1.60351,1.90707]},"K5s":{"weight":1.0,"played":[0.0,0.0,1.0],"evs":[0.0,1.73261,2.02238]},"K6s":{"weight":1.0,"played":[0.0,0.0,1.0],"evs":[0.0,1.85808,2.15065]},"K7s":{"weight":1.0,"played":[0.0,0.0,1.0],"evs":[0.0,1.99122,2.30151]},"K8s":{"weight":1.0,"played":[0.0,0.0,1.0],"evs":[0.0,2.14414,2.47507]},"K9s":{"weight":1.0,"played":[0.0,0.0,1.0],"evs":[0.0,2.42406,2.74938]},"KTs":{"weight":1.0,"played":[0.0,0.0,1.0],"evs":[0.0,2.7596,3.09142]},"KJs":{"weight":1.0,"played":[0.0,0.0,1.0],"evs":[0.0,2.91282,3.25934]},"KQs":{"weight":1.0,"played":[0.0,0.0,1.0],"evs":[0.0,3.08547,3.46097]},"KK":{"weight":1.0,"played":[0.0,1.0,0.0],"evs":[0.0,5.88492,5.84056]},"AKo":{"weight":1.0,"played":[0.0,0.0,1.0],"evs":[0.0,3.64294,4.25771]},"A2s":{"weight":1.0,"played":[0.0,0.0,1.0],"evs":[0.0,2.19518,2.654]},"A3s":{"weight":1.0,"played":[0.0,0.0,1.0],"evs":[0.0,2.2666,2.72099]},"A4s":{"weight":1.0,"played":[0.0,0.0,1.0],"evs":[0.0,2.38528,2.79765]},"A5s":{"weight":1.0,"played":[0.0,0.0,1.0],"evs":[0.0,2.51422,2.90758]},"A6s":{"weight":1.0,"played":[0.0,0.0,1.0],"evs":[0.0,2.49705,2.91718]},"A7s":{"weight":1.0,"played":[0.0,0.0,1.0],"evs":[0.0,2.66639,3.10616]},"A8s":{"weight":1.0,"played":[0.0,0.0,1.0],"evs":[0.0,2.83862,3.30007]},"A9s":{"weight":1.0,"played":[0.0,0.0,1.0],"evs":[0.0,2.98261,3.4665]},"ATs":{"weight":1.0,"played":[0.0,0.0,1.0],"evs":[0.0,3.31467,3.7996]},"AJs":{"weight":1.0,"played":[0.0,0.0,1.0],"evs":[0.0,3.50205,3.98229]},"AQs":{"weight":1.0,"played":[0.0,0.0,1.0],"evs":[0.0,3.68344,4.18892]},"AKs":{"weight":1.0,"played":[0.0,0.0,1.0],"evs":[0.0,3.91693,4.44275]},"AA":{"weight":1.0,"played":[0.0,1.0,0.0],"evs":[0.0,6.54214,6.51141]}}}