{"player":3,"street":0,"children":2,"sequence":[{"player":0,"type":"F","amount":0,"street":0},{"player":1,"type":"C","amount":0,"street":0},{"player":2,"type":"R","amount":37750000,"street":0}],"actions":[{"type":"F","amount":0},{"type":"C","amount":32750000}],"hands":{"22":{"weight":1.0,"played":[0.0,1.0],"evs":[0.0,0.61654]},"32o":{"weight":1.0,"played":[1.0,0.0],"evs":[0.0,-3.89992]},"42o":{"weight":1.0,"played":[1.0,0.0],"evs":[0.0,-3.72003]},"52o":{"weight":1.0,"played":[1.0,0.0],"evs":[0.0,-3.50012]},"62o":{"weight":1.0,"played":[1.0,0.0],"evs":[0.0,-3.61537]},"72o":{"weight":1.0,"played":[1.0,0.0],"evs":[0.0,-3.55647]},"82o":{"weight":1.0,"played":[1.0,0.0],"evs":[0.0,-3.08012]},"92o":{"weight":1.0,"played":[1.0,0.0],"evs":[0.0,-2.61634]},"T2o":{"weight":1.0,"played":[1.0,0.0],"evs":[0.0,-2.01997]},"J2o":{"weight":1.0,"played":[1.0,0.0],"evs":[0.0,-1.32847]},"Q2o":{"weight":1.0,"played":[1.0,0.0],"evs":[0.0,-0.50718]},"K2o":{"weight":1.0,"played":[0.0,1.0],"evs":[0.0,0.43242]},"A2o":{"weight":1.0,"played":[0.0,1.0],"evs":[0.0,1.71243]},"32s":{"weight":1.0,"played":[1.0,0.0],"evs":[0.0,-2.96243]},"33":{"weight":1.0,"played":[0.0,1.0],"evs":[0.0,1.2844]},"43o":{"weight":1.0,"played":[1.0,0.0],"evs":[0.0,-3.3481]},"53o":{"weight":1.0,"played":[1.0,0.0],"evs":[0.0,-3.09132]},"63o":{"weight":1.0,"played":[1.0,0.0],"evs":[0.0,-3.19978]},"73o":{"weight":1.0,"played":[1.0,0.0],"evs":[0.0,-3.14677]},"83o":{"weight":1.0,"played":[1.0,0.0],"evs":[0.0,-2.99212]},"93o":{"weight":1.0,"played":[1.0,0.0],"evs":[0.0,-2.45133]},"T3o":{"weight":1.0,"played":[1.0,0.0],"evs":[0.0,-1.81615]},"J3o":{"weight":1.0,"played":[1.0,0.0],"evs":[0.0,-1.1008]},"Q3o":{"weight":1.0,"played":[1.0,0.0],"evs":[0.0,-0.25982]},"K3o":{"weight":1.0,"played":[0.0,1.0],"evs":[0.0,0.70034]},"A3o":{"weight":1.0,"played":[0.0,1.0],"evs":[0.0,1.9866]},"42s":{"weight":1.0,"played":[1.0,0.0],"evs":[0.0,-2.79222]},"43s":{"weight":1.0,"played":[1.0,0.0],"evs":[0.0,-2.44518]},"44":{"weight":1.0,"played":[0.0,1.0],"evs":[0.0,2.04557]},"54o":{"weight":1.0,"played":[1.0,0.0],"evs":[0.0,-2.6782]},"64o":{"weight":1.0,"played":[1.0,0.0],"evs":[0.0,-2.75965]},"74o":{"weight":1.0,"played":[1.0,0.0],"evs":[0.0,-2.66974]},"84o":{"weight":1.0,"played":[1.0,0.0],"evs":[0.0,-2.50483]},"94o":{"weight":1.0,"played":[1.0,0.0],"evs":[0.0,-2.2867]},"T4o":{"weight":1.0,"played":[1.0,0.0],"evs":[0.0,-1.58837]},"J4o":{"weight":1.0,"played":[1.0,0.0],"evs":[0.0,-0.86425]},"Q4o":{"weight":1.0,"played":[1.0,0.0],"evs":[0.0,-0.01588]},"K4o":{"weight":1.0,"played":[0.0,1.0],"evs":[0.0,0.94145]},"A4o":{"weight":1.0,"played":[0.0,1.0],"evs":[0.0,2.22649]},"52s":{"weight":1.0,"played":[1.0,0.0],"evs":[0.0,-2.57425]},"53s":{"weight":1.0,"played":[1.0,0.0],"evs":[0.0,-2.2099]},"54s":{"weight":1.0,"played":[1.0,0.0],"evs":[0.0,-1.82168]},"55":{"weight":1.0,"played":[0.0,1.0],"evs":[0.0,2.88972]},"65o":{"weight":1.0,"played":[1.0,0.0],"evs":[0.0,-2.30157]},"75o":{"weight":1.0,"played":[1.0,0.0],"evs":[0.0,-2.2094]},"85o":{"weight":1.0,"played":[1.0,0.0],"evs":[0.0,-2.02843]},"95o":{"weight":1.0,"played":[1.0,0.0],"evs":[0.0,-1.78834]},"T5o":{"weight":1.0,"played":[1.0,0.0],"evs":[0.0,-1.38444]},"J5o":{"weight":1.0,"played":[1.0,0.0],"evs":[0.0,-0.5915]},"Q5o":{"weight":1.0,"played":[0.0,1.0],"evs":[0.0,0.26104]},"K5o":{"weight":1.0,"played":[0.0,1.0],"evs":[0.0,1.21705]},"A5o":{"weight":1.0,"played":[0.0,1.0],"evs":[0.0,2.50965]},"62s":{"weight":1.0,"played":[1.0,0.0],"evs":[0.0,-2.70493]},"63s":{"weight":1.0,"played":[1.0,0.0],"evs":[0.0,-2.30257]},"64s":{"weight":1.0,"played":[1.0,0.0],"evs":[0.0,-1.89321]},"65s":{"weight":1.0,"played":[1.0,0.0],"evs":[0.0,-1.47842]},"66":{"weight":1.0,"played":[0.0,1.0],"evs":[0.0,3.66362]},"76o":{"weight":1.0,"played":[1.0,0.0],"evs":[0.0,-1.74819]},"86o":{"weight":1.0,"played":[1.0,0.0],"evs":[0.0,-1.5725]},"96o":{"weight":1.0,"played":[1.0,0.0],"evs":[0.0,-1.3317]},"T6o":{"weight":1.0,"played":[1.0,0.0],"evs":[0.0,-0.91718]},"J6o":{"weight":1.0,"played":[1.0,0.0],"evs":[0.0,-0.41015]},"Q6o":{"weight":1.0,"played":[0.0,1.0],"evs":[0.0,0.49517]},"K6o":{"weight":1.0,"played":[0.0,1.0],"evs":[0.0,1.45509]},"A6o":{"weight":1.0,"played":[0.0,1.0],"evs":[0.0,2.52389]},"72s":{"weight":1.0,"played":[1.0,0.0],"evs":[0.0,-2.62874]},"73s":{"weight":1.0,"played":[1.0,0.0],"evs":[0.0,-2.25014]},"74s":{"weight":1.0,"played":[1.0,0.0],"evs":[0.0,-1.80422]},"75s":{"weight":1.0,"played":[1.0,0.0],"evs":[0.0,-1.37842]},"76s":{"weight":1.0,"played":[1.0,0.0],"evs":[0.0,-0.95258]},"77":{"weight":1.0,"played":[0.0,1.0],"evs":[0.0,4.42449]},"87o":{"weight":1.0,"played":[1.0,0.0],"evs":[0.0,-1.12228]},"97o":{"weight":1.0,"played":[1.0,0.0],"evs":[0.0,-0.86775]},"T7o":{"weight":1.0,"played":[1.0,0.0],"evs":[0.0,-0.45089]},"J7o":{"weight":1.0,"played":[0.0,1.0],"evs":[0.0,0.05913]},"Q7o":{"weight":1.0,"played":[0.0,1.0],"evs":[0.0,0.69214]},"K7o":{"weight":1.0,"played":[0.0,1.0],"evs":[0.0,1.70931]},"A7o":{"weight":1.0,"played":[0.0,1.0],"evs":[0.0,2.82624]},"82s":{"weight":1.0,"played":[1.0,0.0],"evs":[0.0,-2.1856]},"83s":{"weight":1.0,"played":[1.0,0.0],"evs":[0.0,-2.11124]},"84s":{"weight":1.0,"played":[1.0,0.0],"evs":[0.0,-1.6554]},"85s":{"weight":1.0,"played":[1.0,0.0],"evs":[0.0,-1.21458]},"86s":{"weight":1.0,"played":[1.0,0.0],"evs":[0.0,-0.78124]},"87s":{"weight":1.0,"played":[1.0,0.0],"evs":[0.0,-0.37109]},"88":{"weight":1.0,"played":[0.0,1.0],"evs":[0.0,5.18248]},"98o":{"weight":1.0,"played":[1.0,0.0],"evs":[0.0,-0.39485]},"T8o":{"weight":1.0,"played":[0.0,1.0],"evs":[0.0,0.03795]},"J8o":{"weight":1.0,"played":[0.0,1.0],"evs":[0.0,0.54905]},"Q8o":{"weight":1.0,"played":[0.0,1.0],"evs":[0.0,1.18438]},"K8o":{"weight":1.0,"played":[0.0,1.0],"evs":[0.0,1.92935]},"A8o":{"weight":1.0,"played":[0.0,1.0],"evs":[0.0,3.10097]},"92s":{"weight":1.0,"played":[1.0,0.0],"evs":[0.0,-1.74278]},"93s":{"weight":1.0,"played":[1.0,0.0],"evs":[0.0,-1.59394]},"94s":{"weight":1.0,"played":[1.0,0.0],"evs":[0.0,-1.4302]},"95s":{"weight":1.0,"played":[1.0,0.0],"evs":[0.0,-0.97446]},"96s":{"weight":1.0,"played":[1.0,0.0],"evs":[0.0,-0.55191]},"97s":{"weight":1.0,"played":[1.0,0.0],"evs":[0.0,-0.11915]},"98s":{"weight":1.0,"played":[0.0,1.0],"evs":[0.0,0.32242]},"99":{"weight":1.0,"played":[0.0,1.0],"evs":[0.0,5.90881]},"T9o":{"weight":1.0,"played":[0.0,1.0],"evs":[0.0,0.52585]},"J9o":{"weight":1.0,"played":[0.0,1.0],"evs":[0.0,1.02454]},"Q9o":{"weight":1.0,"played":[0.0,1.0],"evs":[0.0,1.66088]},"K9o":{"weight":1.0,"played":[0.0,1.0],"evs":[0.0,2.40976]},"A9o":{"weight":1.0,"played":[0.0,1.0],"evs":[0.0,3.35521]},"T2s":{"weight":1.0,"played":[1.0,0.0],"evs":[0.0,-1.18511]},"T3s":{"weight":1.0,"played":[1.0,0.0],"evs":[0.0,-0.99405]},"T4s":{"weight":1.0,"played":[1.0,0.0],"evs":[0.0,-0.79215]},"T5s":{"weight":1.0,"played":[1.0,0.0],"evs":[0.0,-0.60168]},"T6s":{"weight":1.0,"played":[1.0,0.0],"evs":[0.0,-0.16011]},"T7s":{"weight":1.0,"played":[0.0,1.0],"evs":[0.0,0.27582]},"T8s":{"weight":1.0,"played":[0.0,1.0],"evs":[0.0,0.73221]},"T9s":{"weight":1.0,"played":[0.0,1.0],"evs":[0.0,1.19639]},"TT":{"weight":1.0,"played":[0.0,1.0],"evs":[0.0,6.73119]},"JTo":{"weight":1.0,"played":[0.0,1.0],"evs":[0.0,1.60148]},"QTo":{"weight":1.0,"played":[0.0,1.0],"evs":[0.0,2.2241]},"KTo":{"weight":1.0,"played":[0.0,1.0],"evs":[0.0,2.9868]},"ATo":{"weight":1.0,"played":[0.0,1.0],"evs":[0.0,3.93249]},"J2s":{"weight":1.0,"played":[1.0,0.0],"evs":[0.0,-0.53056]},"J3s":{"weight":1.0,"played":[1.0,0.0],"evs":[0.0,-0.30899]},"J4s":{"weight":1.0,"played":[1.0,0.0],"evs":[0.0,-0.09513]},"J5s":{"weight":1.0,"played":[0.0,1.0],"evs":[0.0,0.15922]},"J6s":{"weight":1.0,"played":[0.0,1.0],"evs":[0.0,0.32822]},"J7s":{"weight":1.0,"played":[0.0,1.0],"evs":[0.0,0.76365]},"J8s":{"weight":1.0,"played":[0.0,1.0],"evs":[0.0,1.21748]},"J9s":{"weight":1.0,"played":[0.0,1.0],"evs":[0.0,1.67632]},"JTs":{"weight":1.0,"played":[0.0,1.0],"evs":[0.0,2.20278]},"JJ":{"weight":1.0,"played":[0.0,1.0],"evs":[0.0,7.39363]},"QJo":{"weight":1.0,"played":[0.0,1.0],"evs":[0.0,2.46526]},"KJo":{"weight":1.0,"played":[0.0,1.0],"evs":[0.0,3.22831]},"AJo":{"weight":1.0,"played":[0.0,1.0],"evs":[0.0,4.18041]},"Q2s":{"weight":1.0,"played":[0.0,1.0],"evs":[0.0,0.25335]},"Q3s":{"weight":1.0,"played":[0.0,1.0],"evs":[0.0,0.47512]},"Q4s":{"weight":1.0,"played":[0.0,1.0],"evs":[0.0,0.70737]},"Q5s":{"weight":1.0,"played":[0.0,1.0],"evs":[0.0,0.9426]},"Q6s":{"weight":1.0,"played":[0.0,1.0],"evs":[0.0,1.17738]},"Q7s":{"weight":1.0,"played":[0.0,1.0],"evs":[0.0,1.34542]},"Q8s":{"weight":1.0,"played":[0.0,1.0],"evs":[0.0,1.81298]},"Q9s":{"weight":1.0,"played":[0.0,1.0],"evs":[0.0,2.26313]},"QTs":{"weight":1.0,"played":[0.0,1.0],"evs":[0.0,2.79575]},"QJs":{"weight":1.0,"played":[0.0,1.0],"evs":[0.0,3.0072]},"QQ":{"weight":1.0,"played":[0.0,1.0],"evs":[0.0,8.03695]},"KQo":{"weight":1.0,"played":[0.0,1.0],"evs":[0.0,3.47399]},"AQo":{"weight":1.0,"played":[0.0,1.0],"evs":[0.0,4.43797]},"K2s":{"weight":1.0,"played":[0.0,1.0],"evs":[0.0,1.13594]},"K3s":{"weight":1.0,"played":[0.0,1.0],"evs":[0.0,1.3729]},"K4s":{"weight":1.0,"played":[0.0,1.0],"evs":[0.0,1.60385]},"K5s":{"weight":1.0,"played":[0.0,1.0],"evs":[0.0,1.85994]},"K6s":{"weight":1.0,"played":[0.0,1.0],"evs":[0.0,2.08045]},"K7s":{"weight":1.0,"played":[0.0,1.0],"evs":[0.0,2.31284]},"K8s":{"weight":1.0,"played":[0.0,1.0],"evs":[0.0,2.52646]},"K9s":{"weight":1.0,"played":[0.0,1.0],"evs":[0.0,2.98211]},"KTs":{"weight":1.0,"played":[0.0,1.0],"evs":[0.0,3.50694]},"KJs":{"weight":1.0,"played":[0.0,1.0],"evs":[0.0,3.73303]},"KQs":{"weight":1.0,"played":[0.0,1.0],"evs":[0.0,3.9748]},"KK":{"weight":1.0,"played":[0.0,1.0],"evs":[0.0,8.7051]},"AKo":{"weight":1.0,"played":[0.0,1.0],"evs":[0.0,4.70928]},"A2s":{"weight":1.0,"played":[0.0,1.0],"evs":[0.0,2.33387]},"A3s":{"weight":1.0,"played":[0.0,1.0],"evs":[0.0,2.59523]},"A4s":{"weight":1.0,"played":[0.0,1.0],"evs":[0.0,2.81876]},"A5s":{"weight":1.0,"played":[0.0,1.0],"evs":[0.0,3.07493]},"A6s":{"weight":1.0,"played":[0.0,1.0],"evs":[0.0,3.08509]},"A7s":{"weight":1.0,"played":[0.0,1.0],"evs":[0.0,3.36516]},"A8s":{"weight":1.0,"played":[0.0,1.0],"evs":[0.0,3.6253]},"A9s":{"weight":1.0,"played":[0.0,1.0],"evs":[0.0,3.84566]},"ATs":{"weight":1.0,"played":[0.0,1.0],"evs":[0.0,4.41051]},"AJs":{"weight":1.0,"played":[0.0,1.0],"evs":[0.0,4.62581]},"AQs":{"weight":1.0,"played":[0.0,1.0],"evs":[0.0,4.87171]},"AKs":{"weight":1.0,"played":[0.0,1.0],"evs":[0.0,5.1274]},"AA":{"weight":1.0,"played":[0.0,1.0],"evs":[0.0,9.47834]}}}