{"player":3,"street":0,"children":2,"sequence":[{"player":0,"type":"R","amount":28750000,"street":0},{"player":1,"type":"C","amount":0,"street":0},{"player":2,"type":"F","amount":0,"street":0}],"actions":[{"type":"F","amount":0},{"type":"C","amount":23750000}],"hands":{"22":{"weight":1.0,"played":[0.0,1.0],"evs":[0.0,1.79606]},"32o":{"weight":1.0,"played":[1.0,0.0],"evs":[0.0,-1.4745]},"42o":{"weight":1.0,"played":[1.0,0.0],"evs":[0.0,-1.32301]},"52o":{"weight":1.0,"played":[1.0,0.0],"evs":[0.0,-1.19864]},"62o":{"weight":1.0,"played":[1.0,0.0],"evs":[0.0,-1.38034]},"72o":{"weight":1.0,"played":[1.0,0.0],"evs":[0.0,-1.53909]},"82o":{"weight":1.0,"played":[1.0,0.0],"evs":[0.0,-1.44859]},"92o":{"weight":1.0,"played":[1.0,0.0],"evs":[0.0,-1.37421]},"T2o":{"weight":1.0,"played":[1.0,0.0],"evs":[0.0,-1.2909]},"J2o":{"weight":1.0,"played":[1.0,0.0],"evs":[0.0,-1.14521]},"Q2o":{"weight":1.0,"played":[1.0,0.0],"evs":[0.0,-0.85411]},"K2o":{"weight":1.0,"played":[1.0,0.0],"evs":[0.0,-0.3624]},"A2o":{"weight":1.0,"played":[0.0,1.0],"evs":[0.0,1.38777]},"32s":{"weight":1.0,"played":[1.0,0.0],"evs":[0.0,-0.70846]},"33":{"weight":1.0,"played":[0.0,1.0],"evs":[0.0,2.22161]},"43o":{"weight":1.0,"played":[1.0,0.0],"evs":[0.0,-0.96371]},"53o":{"weight":1.0,"played":[1.0,0.0],"evs":[0.0,-0.82888]},"63o":{"weight":1.0,"played":[1.0,0.0],"evs":[0.0,-1.01846]},"73o":{"weight":1.0,"played":[1.0,0.0],"evs":[0.0,-1.17195]},"83o":{"weight":1.0,"played":[1.0,0.0],"evs":[0.0,-1.36203]},"93o":{"weight":1.0,"played":[1.0,0.0],"evs":[0.0,-1.23564]},"T3o":{"weight":1.0,"played":[1.0,0.0],"evs":[0.0,-1.15147]},"J3o":{"weight":1.0,"played":[1.0,0.0],"evs":[0.0,-1.00276]},"Q3o":{"weight":1.0,"played":[1.0,0.0],"evs":[0.0,-0.71603]},"K3o":{"weight":1.0,"played":[1.0,0.0],"evs":[0.0,-0.22585]},"A3o":{"weight":1.0,"played":[0.0,1.0],"evs":[0.0,1.52603]},"42s":{"weight":1.0,"played":[1.0,0.0],"evs":[0.0,-0.56415]},"43s":{"weight":1.0,"played":[1.0,0.0],"evs":[0.0,-0.22345]},"44":{"weight":1.0,"played":[0.0,1.0],"evs":[0.0,2.64115]},"54o":{"weight":1.0,"played":[1.0,0.0],"evs":[0.0,-0.48213]},"64o":{"weight":1.0,"played":[1.0,0.0],"evs":[0.0,-0.65938]},"74o":{"weight":1.0,"played":[1.0,0.0],"evs":[0.0,-0.81995]},"84o":{"weight":1.0,"played":[1.0,0.0],"evs":[0.0,-1.00617]},"94o":{"weight":1.0,"played":[1.0,0.0],"evs":[0.0,-1.15423]},"T4o":{"weight":1.0,"played":[1.0,0.0],"evs":[0.0,-1.01339]},"J4o":{"weight":1.0,"played":[1.0,0.0],"evs":[0.0,-0.86195]},"Q4o":{"weight":1.0,"played":[1.0,0.0],"evs":[0.0,-0.58093]},"K4o":{"weight":1.0,"played":[1.0,0.0],"evs":[0.0,-0.09858]},"A4o":{"weight":1.0,"played":[0.0,1.0],"evs":[0.0,1.66577]},"52s":{"weight":1.0,"played":[1.0,0.0],"evs":[0.0,-0.4257]},"53s":{"weight":1.0,"played":[0.9999,1.0E-4],"evs":[0.0,-0.09133]},"54s":{"weight":1.0,"played":[0.0,1.0],"evs":[0.0,0.23897]},"55":{"weight":1.0,"played":[0.0,1.0],"evs":[0.0,3.07505]},"65o":{"weight":1.0,"played":[1.0,0.0],"evs":[0.0,-0.33801]},"75o":{"weight":1.0,"played":[1.0,0.0],"evs":[0.0,-0.48329]},"85o":{"weight":1.0,"played":[1.0,0.0],"evs":[0.0,-0.66555]},"95o":{"weight":1.0,"played":[1.0,0.0],"evs":[0.0,-0.8137]},"T5o":{"weight":1.0,"played":[1.0,0.0],"evs":[0.0,-0.95589]},"J5o":{"weight":1.0,"played":[1.0,0.0],"evs":[0.0,-0.74697]},"Q5o":{"weight":1.0,"played":[1.0,0.0],"evs":[0.0,-0.4641]},"K5o":{"weight":1.0,"played":[0.0,1.0],"evs":[0.0,0.02248]},"A5o":{"weight":1.0,"played":[0.0,1.0],"evs":[0.0,1.887]},"62s":{"weight":1.0,"played":[1.0,0.0],"evs":[0.0,-0.58801]},"63s":{"weight":1.0,"played":[1.0,0.0],"evs":[0.0,-0.26556]},"64s":{"weight":1.0,"played":[2.0E-4,0.9998],"evs":[0.0,0.06716]},"65s":{"weight":1.0,"played":[0.0,1.0],"evs":[0.0,0.37179]},"66":{"weight":1.0,"played":[0.0,1.0],"evs":[0.0,3.47105]},"76o":{"weight":1.0,"played":[1.0,0.0],"evs":[0.0,-0.15635]},"86o":{"weight":1.0,"played":[1.0,0.0],"evs":[0.0,-0.32259]},"96o":{"weight":1.0,"played":[1.0,0.0],"evs":[0.0,-0.4784]},"T6o":{"weight":1.0,"played":[1.0,0.0],"evs":[0.0,-0.61827]},"J6o":{"weight":1.0,"played":[1.0,0.0],"evs":[0.0,-0.68862]},"Q6o":{"weight":1.0,"played":[1.0,0.0],"evs":[0.0,-0.34068]},"K6o":{"weight":1.0,"played":[0.0,1.0],"evs":[0.0,0.18798]},"A6o":{"weight":1.0,"played":[0.0,1.0],"evs":[0.0,1.92548]},"72s":{"weight":1.0,"played":[1.0,0.0],"evs":[0.0,-0.75082]},"73s":{"weight":1.0,"played":[1.0,0.0],"evs":[0.0,-0.40699]},"74s":{"weight":1.0,"played":[0.9993,7.0E-4],"evs":[0.0,-0.08355]},"75s":{"weight":1.0,"played":[0.0,1.0],"evs":[0.0,0.25744]},"76s":{"weight":1.0,"played":[0.0,1.0],"evs":[0.0,0.55392]},"77":{"weight":1.0,"played":[0.0,1.0],"evs":[0.0,3.87603]},"87o":{"weight":1.0,"played":[0.9995,5.0E-4],"evs":[0.0,-0.04935]},"97o":{"weight":1.0,"played":[1.0,0.0],"evs":[0.0,-0.19049]},"T7o":{"weight":1.0,"played":[1.0,0.0],"evs":[0.0,-0.32072]},"J7o":{"weight":1.0,"played":[1.0,0.0],"evs":[0.0,-0.39519]},"Q7o":{"weight":1.0,"played":[1.0,0.0],"evs":[0.0,-0.3144]},"K7o":{"weight":1.0,"played":[0.0,1.0],"evs":[0.0,0.30638]},"A7o":{"weight":1.0,"played":[0.0,1.0],"evs":[0.0,2.30396]},"82s":{"weight":1.0,"played":[1.0,0.0],"evs":[0.0,-0.66441]},"83s":{"weight":1.0,"played":[1.0,0.0],"evs":[0.0,-0.59244]},"84s":{"weight":1.0,"played":[1.0,0.0],"evs":[0.0,-0.24938]},"85s":{"weight":1.0,"played":[0.0,1.0],"evs":[0.0,0.06226]},"86s":{"weight":1.0,"played":[0.0,1.0],"evs":[0.0,0.38194]},"87s":{"weight":1.0,"played":[0.0,1.0],"evs":[0.0,0.64242]},"88":{"weight":1.0,"played":[0.0,1.0],"evs":[0.0,4.35333]},"98o":{"weight":1.0,"played":[0.0068,0.9932],"evs":[0.0,0.02603]},"T8o":{"weight":1.0,"played":[0.9998,2.0E-4],"evs":[0.0,-0.08579]},"J8o":{"weight":1.0,"played":[1.0,0.0],"evs":[0.0,-0.16613]},"Q8o":{"weight":1.0,"played":[0.9999,1.0E-4],"evs":[0.0,-0.04946]},"K8o":{"weight":1.0,"played":[0.0,1.0],"evs":[0.0,0.48619]},"A8o":{"weight":1.0,"played":[0.0,1.0],"evs":[0.0,2.78263]},"92s":{"weight":1.0,"played":[1.0,0.0],"evs":[0.0,-0.58977]},"93s":{"weight":1.0,"played":[1.0,0.0],"evs":[0.0,-0.46955]},"94s":{"weight":1.0,"played":[1.0,0.0],"evs":[0.0,-0.37948]},"95s":{"weight":1.0,"played":[1.0,0.0],"evs":[0.0,-0.05978]},"96s":{"weight":1.0,"played":[0.0,1.0],"evs":[0.0,0.24996]},"97s":{"weight":1.0,"played":[0.0,1.0],"evs":[0.0,0.51757]},"98s":{"weight":1.0,"played":[0.0,1.0],"evs":[0.0,0.71517]},"99":{"weight":1.0,"played":[0.0,1.0],"evs":[0.0,4.91749]},"T9o":{"weight":1.0,"played":[0.0,1.0],"evs":[0.0,0.24384]},"J9o":{"weight":1.0,"played":[0.0,1.0],"evs":[0.0,0.18635]},"Q9o":{"weight":1.0,"played":[0.0,1.0],"evs":[0.0,0.34497]},"K9o":{"weight":1.0,"played":[0.0,1.0],"evs":[0.0,1.05078]},"A9o":{"weight":1.0,"played":[0.0,1.0],"evs":[0.0,3.27066]},"T2s":{"weight":1.0,"played":[1.0,0.0],"evs":[0.0,-0.50413]},"T3s":{"weight":1.0,"played":[1.0,0.0],"evs":[0.0,-0.38063]},"T4s":{"weight":1.0,"played":[1.0,0.0],"evs":[0.0,-0.24247]},"T5s":{"weight":1.0,"played":[1.0,0.0],"evs":[0.0,-0.19674]},"T6s":{"weight":1.0,"played":[0.0,1.0],"evs":[0.0,0.11888]},"T7s":{"weight":1.0,"played":[0.0,1.0],"evs":[0.0,0.39997]},"T8s":{"weight":1.0,"played":[0.0,1.0],"evs":[0.0,0.62206]},"T9s":{"weight":1.0,"played":[0.0,1.0],"evs":[0.0,0.92375]},"TT":{"weight":1.0,"played":[0.0,1.0],"evs":[0.0,5.72707]},"JTo":{"weight":1.0,"played":[0.0,1.0],"evs":[0.0,0.72256]},"QTo":{"weight":1.0,"played":[0.0,1.0],"evs":[0.0,0.96649]},"KTo":{"weight":1.0,"played":[0.0,1.0],"evs":[0.0,1.81896]},"ATo":{"weight":1.0,"played":[0.0,1.0],"evs":[0.0,4.13202]},"J2s":{"weight":1.0,"played":[1.0,0.0],"evs":[0.0,-0.36415]},"J3s":{"weight":1.0,"played":[1.0,0.0],"evs":[0.0,-0.23599]},"J4s":{"weight":1.0,"played":[1.0,0.0],"evs":[0.0,-0.08768]},"J5s":{"weight":1.0,"played":[0.2854,0.7146],"evs":[0.0,-8.3E-4]},"J6s":{"weight":1.0,"played":[7.0E-4,0.9993],"evs":[0.0,0.05872]},"J7s":{"weight":1.0,"played":[0.0,1.0],"evs":[0.0,0.3342]},"J8s":{"weight":1.0,"played":[0.0,1.0],"evs":[0.0,0.54591]},"J9s":{"weight":1.0,"played":[0.0,1.0],"evs":[0.0,0.88104]},"JTs":{"weight":1.0,"played":[0.0,1.0],"evs":[0.0,1.37271]},"JJ":{"weight":1.0,"played":[0.0,1.0],"evs":[0.0,6.43032]},"QJo":{"weight":1.0,"played":[0.0,1.0],"evs":[0.0,1.31324]},"KJo":{"weight":1.0,"played":[0.0,1.0],"evs":[0.0,2.19549]},"AJo":{"weight":1.0,"played":[0.0,1.0],"evs":[0.0,4.60512]},"Q2s":{"weight":1.0,"played":[0.9996,4.0E-4],"evs":[0.0,-0.07868]},"Q3s":{"weight":1.0,"played":[2.0E-4,0.9998],"evs":[0.0,0.05223]},"Q4s":{"weight":1.0,"played":[0.0,1.0],"evs":[0.0,0.16521]},"Q5s":{"weight":1.0,"played":[0.0,1.0],"evs":[0.0,0.27213]},"Q6s":{"weight":1.0,"played":[0.0,1.0],"evs":[0.0,0.40326]},"Q7s":{"weight":1.0,"played":[0.0,1.0],"evs":[0.0,0.41099]},"Q8s":{"weight":1.0,"played":[0.0,1.0],"evs":[0.0,0.67884]},"Q9s":{"weight":1.0,"played":[0.0,1.0],"evs":[0.0,1.02832]},"QTs":{"weight":1.0,"played":[0.0,1.0],"evs":[0.0,1.61782]},"QJs":{"weight":1.0,"played":[0.0,1.0],"evs":[0.0,1.92703]},"QQ":{"weight":1.0,"played":[0.0,1.0],"evs":[0.0,7.13251]},"KQo":{"weight":1.0,"played":[0.0,1.0],"evs":[0.0,2.60595]},"AQo":{"weight":1.0,"played":[0.0,1.0],"evs":[0.0,5.08896]},"K2s":{"weight":1.0,"played":[0.0,1.0],"evs":[0.0,0.38419]},"K3s":{"weight":1.0,"played":[0.0,1.0],"evs":[0.0,0.51803]},"K4s":{"weight":1.0,"played":[0.0,1.0],"evs":[0.0,0.63183]},"K5s":{"weight":1.0,"played":[0.0,1.0],"evs":[0.0,0.7572]},"K6s":{"weight":1.0,"played":[0.0,1.0],"evs":[0.0,0.89948]},"K7s":{"weight":1.0,"played":[0.0,1.0],"evs":[0.0,1.0216]},"K8s":{"weight":1.0,"played":[0.0,1.0],"evs":[0.0,1.16879]},"K9s":{"weight":1.0,"played":[0.0,1.0],"evs":[0.0,1.68713]},"KTs":{"weight":1.0,"played":[0.0,1.0],"evs":[0.0,2.40643]},"KJs":{"weight":1.0,"played":[0.0,1.0],"evs":[0.0,2.76721]},"KQs":{"weight":1.0,"played":[0.0,1.0],"evs":[0.0,3.15304]},"KK":{"weight":1.0,"played":[0.0,1.0],"evs":[0.0,8.12601]},"AKo":{"weight":1.0,"played":[0.0,1.0],"evs":[0.0,5.76161]},"A2s":{"weight":1.0,"played":[0.0,1.0],"evs":[0.0,2.03608]},"A3s":{"weight":1.0,"played":[0.0,1.0],"evs":[0.0,2.16075]},"A4s":{"weight":1.0,"played":[0.0,1.0],"evs":[0.0,2.29707]},"A5s":{"weight":1.0,"played":[0.0,1.0],"evs":[0.0,2.50403]},"A6s":{"weight":1.0,"played":[0.0,1.0],"evs":[0.0,2.54598]},"A7s":{"weight":1.0,"played":[0.0,1.0],"evs":[0.0,2.90255]},"A8s":{"weight":1.0,"played":[0.0,1.0],"evs":[0.0,3.30703]},"A9s":{"weight":1.0,"played":[0.0,1.0],"evs":[0.0,3.78465]},"ATs":{"weight":1.0,"played":[0.0,1.0],"evs":[0.0,4.58823]},"AJs":{"weight":1.0,"played":[0.0,1.0],"evs":[0.0,5.01913]},"AQs":{"weight":1.0,"played":[0.0,1.0],"evs":[0.0,5.48486]},"AKs":{"weight":1.0,"played":[0.0,1.0],"evs":[0.0,6.11137]},"AA":{"weight":1.0,"played":[0.0,1.0],"evs":[0.0,10.18565]}}}