{"player":0,"street":0,"children":3,"sequence":[],"actions":[{"type":"F","amount":0,"node":1},{"type":"R","amount":200000,"node":197},{"type":"R","amount":2195000,"node":568}],"hands":{"22":{"weight":1.0,"played":[0.0,0.6958,0.3042],"evs":[0.0,0.14906,0.14698]},"32o":{"weight":1.0,"played":[1.0,0.0,0.0],"evs":[0.0,-0.65208,-2.11737]},"42o":{"weight":1.0,"played":[1.0,0.0,0.0],"evs":[0.0,-0.59979,-1.98029]},"52o":{"weight":1.0,"played":[1.0,0.0,0.0],"evs":[0.0,-0.5603,-1.81954]},"62o":{"weight":1.0,"played":[1.0,0.0,0.0],"evs":[0.0,-0.61879,-1.99004]},"72o":{"weight":1.0,"played":[1.0,0.0,0.0],"evs":[0.0,-0.66765,-2.13642]},"82o":{"weight":1.0,"played":[1.0,0.0,0.0],"evs":[0.0,-0.63246,-1.96955]},"92o":{"weight":1.0,"played":[1.0,0.0,0.0],"evs":[0.0,-0.60645,-1.86861]},"T2o":{"weight":1.0,"played":[1.0,0.0,0.0],"evs":[0.0,-0.5783,-1.75718]},"J2o":{"weight":1.0,"played":[1.0,0.0,0.0],"evs":[0.0,-0.56195,-1.61914]},"Q2o":{"weight":1.0,"played":[1.0,0.0,0.0],"evs":[0.0,-0.48227,-1.42618]},"K2o":{"weight":1.0,"played":[1.0,0.0,0.0],"evs":[0.0,-0.41614,-1.18931]},"A2o":{"weight":1.0,"played":[1.0,0.0,0.0],"evs":[0.0,-0.17004,-0.47162]},"32s":{"weight":1.0,"played":[1.0,0.0,0.0],"evs":[0.0,-0.44093,-1.36946]},"33":{"weight":1.0,"played":[0.0,0.9599,0.0401],"evs":[0.0,0.29465,0.29372]},"43o":{"weight":1.0,"played":[1.0,0.0,0.0],"evs":[0.0,-0.511,-1.70662]},"53o":{"weight":1.0,"played":[1.0,0.0,0.0],"evs":[0.0,-0.46274,-1.5233]},"63o":{"weight":1.0,"played":[1.0,0.0,0.0],"evs":[0.0,-0.51274,-1.69236]},"73o":{"weight":1.0,"played":[1.0,0.0,0.0],"evs":[0.0,-0.57115,-1.84045]},"83o":{"weight":1.0,"played":[1.0,0.0,0.0],"evs":[0.0,-0.60861,-1.93925]},"93o":{"weight":1.0,"played":[1.0,0.0,0.0],"evs":[0.0,-0.56687,-1.79035]},"T3o":{"weight":1.0,"played":[1.0,0.0,0.0],"evs":[0.0,-0.53452,-1.67873]},"J3o":{"weight":1.0,"played":[1.0,0.0,0.0],"evs":[0.0,-0.52209,-1.53225]},"Q3o":{"weight":1.0,"played":[1.0,0.0,0.0],"evs":[0.0,-0.44436,-1.35158]},"K3o":{"weight":1.0,"played":[1.0,0.0,0.0],"evs":[0.0,-0.37337,-1.10504]},"A3o":{"weight":1.0,"played":[1.0,0.0,0.0],"evs":[0.0,-0.10423,-0.39372]},"42s":{"weight":1.0,"played":[1.0,0.0,0.0],"evs":[0.0,-0.38739,-1.2421]},"43s":{"weight":1.0,"played":[1.0,0.0,0.0],"evs":[0.0,-0.29244,-0.97931]},"44":{"weight":1.0,"played":[0.0,0.9292,0.0708],"evs":[0.0,0.53956,0.53812]},"54o":{"weight":1.0,"played":[1.0,0.0,0.0],"evs":[0.0,-0.36034,-1.22145]},"64o":{"weight":1.0,"played":[1.0,0.0,0.0],"evs":[0.0,-0.39728,-1.38675]},"74o":{"weight":1.0,"played":[1.0,0.0,0.0],"evs":[0.0,-0.46101,-1.5281]},"84o":{"weight":1.0,"played":[1.0,0.0,0.0],"evs":[0.0,-0.50396,-1.6314]},"94o":{"weight":1.0,"played":[1.0,0.0,0.0],"evs":[0.0,-0.53495,-1.74128]},"T4o":{"weight":1.0,"played":[1.0,0.0,0.0],"evs":[0.0,-0.49043,-1.56567]},"J4o":{"weight":1.0,"played":[1.0,0.0,0.0],"evs":[0.0,-0.47387,-1.43046]},"Q4o":{"weight":1.0,"played":[1.0,0.0,0.0],"evs":[0.0,-0.39369,-1.24371]},"K4o":{"weight":1.0,"played":[1.0,0.0,0.0],"evs":[0.0,-0.32286,-1.00006]},"A4o":{"weight":1.0,"played":[1.0,0.0,0.0],"evs":[0.0,-0.05319,-0.29465]},"52s":{"weight":1.0,"played":[1.0,0.0,0.0],"evs":[0.0,-0.35246,-1.10427]},"53s":{"weight":1.0,"played":[1.0,0.0,0.0],"evs":[0.0,-0.2417,-0.81908]},"54s":{"weight":1.0,"played":[1.0,0.0,0.0],"evs":[0.0,-0.12122,-0.53464]},"55":{"weight":1.0,"played":[0.0,0.986,0.014],"evs":[0.0,0.93285,0.9276]},"65o":{"weight":1.0,"played":[1.0,0.0,0.0],"evs":[0.0,-0.30059,-1.04651]},"75o":{"weight":1.0,"played":[1.0,0.0,0.0],"evs":[0.0,-0.35135,-1.18754]},"85o":{"weight":1.0,"played":[1.0,0.0,0.0],"evs":[0.0,-0.39499,-1.28676]},"95o":{"weight":1.0,"played":[1.0,0.0,0.0],"evs":[0.0,-0.43025,-1.4028]},"T5o":{"weight":1.0,"played":[1.0,0.0,0.0],"evs":[0.0,-0.45392,-1.49158]},"J5o":{"weight":1.0,"played":[1.0,0.0,0.0],"evs":[0.0,-0.4314,-1.29976]},"Q5o":{"weight":1.0,"played":[1.0,0.0,0.0],"evs":[0.0,-0.34491,-1.10646]},"K5o":{"weight":1.0,"played":[1.0,0.0,0.0],"evs":[0.0,-0.27252,-0.87275]},"A5o":{"weight":1.0,"played":[0.0,1.0,0.0],"evs":[0.0,0.02077,-0.15776]},"62s":{"weight":1.0,"played":[1.0,0.0,0.0],"evs":[0.0,-0.39669,-1.24343]},"63s":{"weight":1.0,"played":[1.0,0.0,0.0],"evs":[0.0,-0.29124,-0.97532]},"64s":{"weight":1.0,"played":[1.0,0.0,0.0],"evs":[0.0,-0.17028,-0.68778]},"65s":{"weight":1.0,"played":[1.0,0.0,0.0],"evs":[0.0,-0.0396,-0.36136]},"66":{"weight":1.0,"played":[0.0,0.7522,0.2478],"evs":[0.0,1.37605,1.37429]},"76o":{"weight":1.0,"played":[1.0,0.0,0.0],"evs":[0.0,-0.2755,-0.87991]},"86o":{"weight":1.0,"played":[1.0,0.0,0.0],"evs":[0.0,-0.30226,-0.97825]},"96o":{"weight":1.0,"played":[1.0,0.0,0.0],"evs":[0.0,-0.33915,-1.08945]},"T6o":{"weight":1.0,"played":[1.0,0.0,0.0],"evs":[0.0,-0.37455,-1.1785]},"J6o":{"weight":1.0,"played":[1.0,0.0,0.0],"evs":[0.0,-0.40983,-1.234]},"Q6o":{"weight":1.0,"played":[1.0,0.0,0.0],"evs":[0.0,-0.3153,-0.99721]},"K6o":{"weight":1.0,"played":[1.0,0.0,0.0],"evs":[0.0,-0.23756,-0.75842]},"A6o":{"weight":1.0,"played":[0.9997,3.0E-4,0.0],"evs":[0.0,-0.01735,-0.27876]},"72s":{"weight":1.0,"played":[1.0,0.0,0.0],"evs":[0.0,-0.44721,-1.3743]},"73s":{"weight":1.0,"played":[1.0,0.0,0.0],"evs":[0.0,-0.35788,-1.11089]},"74s":{"weight":1.0,"played":[1.0,0.0,0.0],"evs":[0.0,-0.24621,-0.82218]},"75s":{"weight":1.0,"played":[1.0,0.0,0.0],"evs":[0.0,-0.11379,-0.48845]},"76s":{"weight":1.0,"played":[0.1034,0.8966,0.0],"evs":[0.0,0.00255,-0.21038]},"77":{"weight":1.0,"played":[0.0,0.839,0.161],"evs":[0.0,1.85777,1.85307]},"87o":{"weight":1.0,"played":[1.0,0.0,0.0],"evs":[0.0,-0.24301,-0.73247]},"97o":{"weight":1.0,"played":[1.0,0.0,0.0],"evs":[0.0,-0.26816,-0.82074]},"T7o":{"weight":1.0,"played":[1.0,0.0,0.0],"evs":[0.0,-0.29619,-0.89192]},"J7o":{"weight":1.0,"played":[1.0,0.0,0.0],"evs":[0.0,-0.33804,-0.96171]},"Q7o":{"weight":1.0,"played":[1.0,0.0,0.0],"evs":[0.0,-0.29933,-0.96953]},"K7o":{"weight":1.0,"played":[1.0,0.0,0.0],"evs":[0.0,-0.21167,-0.6876]},"A7o":{"weight":1.0,"played":[0.0,1.0,0.0],"evs":[0.0,0.05213,-0.12061]},"82s":{"weight":1.0,"played":[1.0,0.0,0.0],"evs":[0.0,-0.40951,-1.23079]},"83s":{"weight":1.0,"played":[1.0,0.0,0.0],"evs":[0.0,-0.38134,-1.20903]},"84s":{"weight":1.0,"played":[1.0,0.0,0.0],"evs":[0.0,-0.28503,-0.91959]},"85s":{"weight":1.0,"played":[1.0,0.0,0.0],"evs":[0.0,-0.15649,-0.59134]},"86s":{"weight":1.0,"played":[1.0,0.0,0.0],"evs":[0.0,-0.0382,-0.30152]},"87s":{"weight":1.0,"played":[2.0E-4,0.9998,0.0],"evs":[0.0,0.07335,-0.07141]},"88":{"weight":1.0,"played":[0.0,0.9982,0.0018],"evs":[0.0,2.39343,2.37971]},"98o":{"weight":1.0,"played":[1.0,0.0,0.0],"evs":[0.0,-0.18215,-0.56464]},"T8o":{"weight":1.0,"played":[1.0,0.0,0.0],"evs":[0.0,-0.20345,-0.60743]},"J8o":{"weight":1.0,"played":[1.0,0.0,0.0],"evs":[0.0,-0.24226,-0.66791]},"Q8o":{"weight":1.0,"played":[1.0,0.0,0.0],"evs":[0.0,-0.20669,-0.68349]},"K8o":{"weight":1.0,"played":[1.0,0.0,0.0],"evs":[0.0,-0.16587,-0.6237]},"A8o":{"weight":1.0,"played":[0.0,1.0,0.0],"evs":[0.0,0.19592,0.0685]},"92s":{"weight":1.0,"played":[1.0,0.0,0.0],"evs":[0.0,-0.37894,-1.13749]},"93s":{"weight":1.0,"played":[1.0,0.0,0.0],"evs":[0.0,-0.3389,-1.04698]},"94s":{"weight":1.0,"played":[1.0,0.0,0.0],"evs":[0.0,-0.30867,-1.00893]},"95s":{"weight":1.0,"played":[1.0,0.0,0.0],"evs":[0.0,-0.21017,-0.7032]},"96s":{"weight":1.0,"played":[1.0,0.0,0.0],"evs":[0.0,-0.09987,-0.40067]},"97s":{"weight":1.0,"played":[0.7575,0.2425,0.0],"evs":[0.0,-0.00413,-0.15776]},"98s":{"weight":1.0,"played":[0.0,1.0,0.0],"evs":[0.0,0.17064,0.08804]},"99":{"weight":1.0,"played":[0.0,0.9999,1.0E-4],"evs":[0.0,3.06666,2.9657]},"T9o":{"weight":1.0,"played":[1.0,0.0,0.0],"evs":[0.0,-0.103,-0.33802]},"J9o":{"weight":1.0,"played":[1.0,0.0,0.0],"evs":[0.0,-0.13743,-0.39987]},"Q9o":{"weight":1.0,"played":[1.0,0.0,0.0],"evs":[0.0,-0.08981,-0.40847]},"K9o":{"weight":1.0,"played":[1.0,0.0,0.0],"evs":[0.0,-0.05275,-0.36088]},"A9o":{"weight":1.0,"played":[0.0,1.0,0.0],"evs":[0.0,0.48481,0.35229]},"T2s":{"weight":1.0,"played":[1.0,0.0,0.0],"evs":[0.0,-0.34613,-1.02031]},"T3s":{"weight":1.0,"played":[1.0,0.0,0.0],"evs":[0.0,-0.30479,-0.94017]},"T4s":{"weight":1.0,"played":[1.0,0.0,0.0],"evs":[0.0,-0.26141,-0.86027]},"T5s":{"weight":1.0,"played":[1.0,0.0,0.0],"evs":[0.0,-0.22975,-0.78263]},"T6s":{"weight":1.0,"played":[1.0,0.0,0.0],"evs":[0.0,-0.13544,-0.48773]},"T7s":{"weight":1.0,"played":[1.0,0.0,0.0],"evs":[0.0,-0.04553,-0.23416]},"T8s":{"weight":1.0,"played":[0.0,0.9999,0.0],"evs":[0.0,0.12901,0.04396]},"T9s":{"weight":1.0,"played":[0.0,0.9992,8.0E-4],"evs":[0.0,0.33336,0.30255]},"TT":{"weight":1.0,"played":[0.0,1.0,0.0],"evs":[0.0,4.005,3.76382]},"JTo":{"weight":1.0,"played":[2.0E-4,0.9998,0.0],"evs":[0.0,0.02684,-0.03483]},"QTo":{"weight":1.0,"played":[0.0,1.0,0.0],"evs":[0.0,0.06475,-0.0201]},"KTo":{"weight":1.0,"played":[0.0,0.9999,1.0E-4],"evs":[0.0,0.13875,0.06958]},"ATo":{"weight":1.0,"played":[0.0,0.9995,5.0E-4],"evs":[0.0,1.0801,1.03632]},"J2s":{"weight":1.0,"played":[1.0,0.0,0.0],"evs":[0.0,-0.32416,-0.9008]},"J3s":{"weight":1.0,"played":[1.0,0.0,0.0],"evs":[0.0,-0.28477,-0.82029]},"J4s":{"weight":1.0,"played":[1.0,0.0,0.0],"evs":[0.0,-0.23524,-0.73094]},"J5s":{"weight":1.0,"played":[1.0,0.0,0.0],"evs":[0.0,-0.18881,-0.59775]},"J6s":{"weight":1.0,"played":[1.0,0.0,0.0],"evs":[0.0,-0.17142,-0.53581]},"J7s":{"weight":1.0,"played":[1.0,0.0,0.0],"evs":[0.0,-0.08934,-0.28508]},"J8s":{"weight":1.0,"played":[3.0E-4,0.9993,4.0E-4],"evs":[0.0,0.04992,-0.01765]},"J9s":{"weight":1.0,"played":[0.0,0.8909,0.1091],"evs":[0.0,0.24813,0.24287]},"JTs":{"weight":1.0,"played":[0.0,0.8441,0.1559],"evs":[0.0,0.57512,0.57355]},"JJ":{"weight":1.0,"played":[0.0,1.0,0.0],"evs":[0.0,4.98574,4.56456]},"QJo":{"weight":1.0,"played":[0.0,1.0,0.0],"evs":[0.0,0.17989,0.12559]},"KJo":{"weight":1.0,"played":[0.0,0.9919,0.0081],"evs":[0.0,0.34483,0.32424]},"AJo":{"weight":1.0,"played":[0.0,0.8669,0.1331],"evs":[0.0,1.70312,1.70268]},"Q2s":{"weight":1.0,"played":[1.0,0.0,0.0],"evs":[0.0,-0.24061,-0.71419]},"Q3s":{"weight":1.0,"played":[1.0,0.0,0.0],"evs":[0.0,-0.19526,-0.6297]},"Q4s":{"weight":1.0,"played":[1.0,0.0,0.0],"evs":[0.0,-0.14457,-0.54379]},"Q5s":{"weight":1.0,"played":[1.0,0.0,0.0],"evs":[0.0,-0.09767,-0.42284]},"Q6s":{"weight":1.0,"played":[1.0,0.0,0.0],"evs":[0.0,-0.07162,-0.31967]},"Q7s":{"weight":1.0,"played":[1.0,0.0,0.0],"evs":[0.0,-0.05236,-0.29104]},"Q8s":{"weight":1.0,"played":[1.0E-4,0.9998,1.0E-4],"evs":[0.0,0.06365,-0.02883]},"Q9s":{"weight":1.0,"played":[0.0,0.9999,1.0E-4],"evs":[0.0,0.27096,0.23603]},"QTs":{"weight":1.0,"played":[0.0,0.9988,0.0012],"evs":[0.0,0.59113,0.57366]},"QJs":{"weight":1.0,"played":[0.0,0.9977,0.0023],"evs":[0.0,0.73699,0.72475]},"QQ":{"weight":1.0,"played":[0.0,1.0,0.0],"evs":[0.0,6.17052,5.49654]},"KQo":{"weight":1.0,"played":[0.0,0.9491,0.0509],"evs":[0.0,0.78692,0.77901]},"AQo":{"weight":1.0,"played":[0.0,0.9015,0.0985],"evs":[0.0,2.58582,2.58574]},"K2s":{"weight":1.0,"played":[1.0,0.0,0.0],"evs":[0.0,-0.1497,-0.48175]},"K3s":{"weight":1.0,"played":[1.0,0.0,0.0],"evs":[0.0,-0.10979,-0.40055]},"K4s":{"weight":1.0,"played":[1.0,0.0,0.0],"evs":[0.0,-0.05769,-0.30744]},"K5s":{"weight":1.0,"played":[0.235,0.765,0.0],"evs":[0.0,5.1E-4,-0.18517]},"K6s":{"weight":1.0,"played":[0.0,1.0,0.0],"evs":[0.0,0.05172,-0.07751]},"K7s":{"weight":1.0,"played":[0.0,1.0,0.0],"evs":[0.0,0.07448,-0.01387]},"K8s":{"weight":1.0,"played":[0.0,1.0,0.0],"evs":[0.0,0.12742,0.04235]},"K9s":{"weight":1.0,"played":[0.0,0.999,0.001],"evs":[0.0,0.30696,0.28808]},"KTs":{"weight":1.0,"played":[0.0,0.7429,0.2571],"evs":[0.0,0.6832,0.68107]},"KJs":{"weight":1.0,"played":[0.0,0.9998,2.0E-4],"evs":[0.0,0.96955,0.90944]},"KQs":{"weight":1.0,"played":[0.0,1.0,0.0],"evs":[0.0,1.47662,1.33042]},"KK":{"weight":1.0,"played":[0.0,1.0,0.0],"evs":[0.0,7.54,6.52559]},"AKo":{"weight":1.0,"played":[0.0,1.0,0.0],"evs":[0.0,3.57504,3.46677]},"A2s":{"weight":1.0,"played":[0.0,0.9993,7.0E-4],"evs":[0.0,0.19484,0.18357]},"A3s":{"weight":1.0,"played":[0.0,0.9983,0.0017],"evs":[0.0,0.27066,0.24849]},"A4s":{"weight":1.0,"played":[0.0,0.9692,0.0308],"evs":[0.0,0.35781,0.34539]},"A5s":{"weight":1.0,"played":[0.0,0.7218,0.2782],"evs":[0.0,0.47829,0.47415]},"A6s":{"weight":1.0,"played":[0.0,0.993,0.007],"evs":[0.0,0.40832,0.36343]},"A7s":{"weight":1.0,"played":[0.0,0.9999,1.0E-4],"evs":[0.0,0.53229,0.50363]},"A8s":{"weight":1.0,"played":[0.0,1.0,0.0],"evs":[0.0,0.7197,0.68353]},"A9s":{"weight":1.0,"played":[0.0,1.0,0.0],"evs":[0.0,1.00944,0.9283]},"ATs":{"weight":1.0,"played":[0.0,1.0,0.0],"evs":[0.0,1.73278,1.56937]},"AJs":{"weight":1.0,"played":[0.0,1.0,0.0],"evs":[0.0,2.36883,2.19224]},"AQs":{"weight":1.0,"played":[0.0,1.0,0.0],"evs":[0.0,3.20199,3.00331]},"AKs":{"weight":1.0,"played":[0.0,1.0,0.0],"evs":[0.0,4.12521,3.82379]},"AA":{"weight":1.0,"played":[0.0,1.0,0.0],"evs":[0.0,9.36817,7.79677]}}}