{"player":1,"street":0,"children":2,"sequence":[{"player":0,"type":"F","amount":0,"street":0},{"player":1,"type":"R","amount":200000,"street":0},{"player":2,"type":"F","amount":0,"street":0},{"player":3,"type":"R","amount":605000,"street":0},{"player":4,"type":"F","amount":0,"street":0},{"player":5,"type":"F","amount":0,"street":0}],"actions":[{"type":"F","amount":0},{"type":"C","amount":405000}],"hands":{"22":{"weight":8.0E-4,"played":[0.0,1.0],"evs":[0.0,3.15735]},"32o":{"weight":0.0,"played":[0.0,1.0],"evs":[0.0,0.56814]},"42o":{"weight":0.0,"played":[0.0,1.0],"evs":[0.0,0.64739]},"52o":{"weight":0.0,"played":[0.0,1.0],"evs":[0.0,0.79284]},"62o":{"weight":0.0,"played":[0.0,1.0],"evs":[0.0,0.6182]},"72o":{"weight":0.0,"played":[0.0,1.0],"evs":[0.0,0.52842]},"82o":{"weight":0.0,"played":[0.0,1.0],"evs":[0.0,0.6766]},"92o":{"weight":0.0,"played":[0.0,1.0],"evs":[0.0,0.76492]},"T2o":{"weight":0.0,"played":[0.0,1.0],"evs":[0.0,0.83066]},"J2o":{"weight":0.0,"played":[0.0,1.0],"evs":[0.0,0.92538]},"Q2o":{"weight":0.0,"played":[0.0,1.0],"evs":[0.0,1.062]},"K2o":{"weight":0.0,"played":[0.0,1.0],"evs":[0.0,1.04126]},"A2o":{"weight":0.9235,"played":[0.0,1.0],"evs":[0.0,2.12312]},"32s":{"weight":0.0,"played":[0.0,1.0],"evs":[0.0,1.20886]},"33":{"weight":0.3131,"played":[0.0,1.0],"evs":[0.0,3.35437]},"43o":{"weight":0.0,"played":[0.0,1.0],"evs":[0.0,0.88723]},"53o":{"weight":0.0,"played":[0.0,1.0],"evs":[0.0,1.03227]},"63o":{"weight":0.0,"played":[0.0,1.0],"evs":[0.0,0.86833]},"73o":{"weight":0.0,"played":[0.0,1.0],"evs":[0.0,0.74719]},"83o":{"weight":0.0,"played":[0.0,1.0],"evs":[0.0,0.69848]},"93o":{"weight":0.0,"played":[0.0,1.0],"evs":[0.0,0.82107]},"T3o":{"weight":0.0,"played":[0.0,1.0],"evs":[0.0,0.89279]},"J3o":{"weight":0.0,"played":[0.0,1.0],"evs":[0.0,1.00426]},"Q3o":{"weight":0.0,"played":[0.0,1.0],"evs":[0.0,1.10568]},"K3o":{"weight":0.0,"played":[0.0,1.0],"evs":[0.0,1.11444]},"A3o":{"weight":0.1133,"played":[0.0,1.0],"evs":[0.0,2.21036]},"42s":{"weight":0.0,"played":[0.0,1.0],"evs":[0.0,1.31443]},"43s":{"weight":0.0,"played":[0.0,1.0],"evs":[0.0,1.54618]},"44":{"weight":1.0E-4,"played":[0.0,1.0],"evs":[0.0,3.70481]},"54o":{"weight":0.0,"played":[0.0,1.0],"evs":[0.0,1.23334]},"64o":{"weight":0.0,"played":[0.0,1.0],"evs":[0.0,1.09537]},"74o":{"weight":0.0,"played":[0.0,1.0],"evs":[0.0,0.99168]},"84o":{"weight":0.0,"played":[0.0,1.0],"evs":[0.0,0.91081]},"94o":{"weight":0.0,"played":[0.0,1.0],"evs":[0.0,0.81831]},"T4o":{"weight":0.0,"played":[0.0,1.0],"evs":[0.0,0.93369]},"J4o":{"weight":0.0,"played":[0.0,1.0],"evs":[0.0,1.04846]},"Q4o":{"weight":0.0,"played":[0.0,1.0],"evs":[0.0,1.14163]},"K4o":{"weight":0.0,"played":[0.0,1.0],"evs":[0.0,1.14661]},"A4o":{"weight":1.0E-4,"played":[0.0,1.0],"evs":[0.0,2.30304]},"52s":{"weight":0.0,"played":[0.0,1.0],"evs":[0.0,1.4109]},"53s":{"weight":0.0,"played":[0.0,1.0],"evs":[0.0,1.6558]},"54s":{"weight":0.0,"played":[0.0,1.0],"evs":[0.0,1.86824]},"55":{"weight":0.0,"played":[0.0,1.0],"evs":[0.0,4.14681]},"65o":{"weight":0.0,"played":[0.0,1.0],"evs":[0.0,1.4055]},"75o":{"weight":0.0,"played":[0.0,1.0],"evs":[0.0,1.30193]},"85o":{"weight":0.0,"played":[0.0,1.0],"evs":[0.0,1.22373]},"95o":{"weight":0.0,"played":[0.0,1.0],"evs":[0.0,1.12412]},"T5o":{"weight":0.0,"played":[0.0,1.0],"evs":[0.0,1.02193]},"J5o":{"weight":0.0,"played":[0.0,1.0],"evs":[0.0,1.16654]},"Q5o":{"weight":0.0,"played":[0.0,1.0],"evs":[0.0,1.28762]},"K5o":{"weight":0.0,"played":[0.0,1.0],"evs":[0.0,1.27101]},"A5o":{"weight":0.0,"played":[0.0,1.0],"evs":[0.0,2.51723]},"62s":{"weight":0.0,"played":[0.0,1.0],"evs":[0.0,1.27159]},"63s":{"weight":0.0,"played":[0.0,1.0],"evs":[0.0,1.47324]},"64s":{"weight":0.0,"played":[0.0,1.0],"evs":[0.0,1.68744]},"65s":{"weight":0.0275,"played":[0.0,1.0],"evs":[0.0,1.98609]},"66":{"weight":0.0,"played":[0.0,1.0],"evs":[0.0,4.45702]},"76o":{"weight":0.0,"played":[0.0,1.0],"evs":[0.0,1.57945]},"86o":{"weight":0.0,"played":[0.0,1.0],"evs":[0.0,1.53833]},"96o":{"weight":0.0,"played":[0.0,1.0],"evs":[0.0,1.40099]},"T6o":{"weight":0.0,"played":[0.0,1.0],"evs":[0.0,1.29644]},"J6o":{"weight":0.0,"played":[0.0,1.0],"evs":[0.0,1.24059]},"Q6o":{"weight":0.0,"played":[0.0,1.0],"evs":[0.0,1.38671]},"K6o":{"weight":0.0,"played":[0.0,1.0],"evs":[0.0,1.38167]},"A6o":{"weight":0.5189,"played":[0.0,1.0],"evs":[0.0,2.56947]},"72s":{"weight":0.0,"played":[0.0,1.0],"evs":[0.0,1.18648]},"73s":{"weight":0.0,"played":[0.0,1.0],"evs":[0.0,1.41731]},"74s":{"weight":0.0,"played":[0.0,1.0],"evs":[0.0,1.62411]},"75s":{"weight":1.0E-4,"played":[0.0,1.0],"evs":[0.0,1.89975]},"76s":{"weight":1.0E-4,"played":[0.0,1.0],"evs":[0.0,2.17041]},"77":{"weight":0.0058,"played":[0.0,1.0],"evs":[0.0,4.81789]},"87o":{"weight":0.0,"played":[0.0,1.0],"evs":[0.0,1.73462]},"97o":{"weight":0.0,"played":[0.0,1.0],"evs":[0.0,1.67642]},"T7o":{"weight":0.0,"played":[0.0,1.0],"evs":[0.0,1.5726]},"J7o":{"weight":0.0,"played":[0.0,1.0],"evs":[0.0,1.49589]},"Q7o":{"weight":0.0,"played":[0.0,1.0],"evs":[0.0,1.39723]},"K7o":{"weight":0.0,"played":[0.0,1.0],"evs":[0.0,1.45201]},"A7o":{"weight":0.2141,"played":[0.0,1.0],"evs":[0.0,2.95758]},"82s":{"weight":0.0,"played":[0.0,1.0],"evs":[0.0,1.34117]},"83s":{"weight":0.0,"played":[0.0,1.0],"evs":[0.0,1.35066]},"84s":{"weight":0.0,"played":[0.0,1.0],"evs":[0.0,1.5128]},"85s":{"weight":0.0,"played":[0.0,1.0],"evs":[0.0,1.85083]},"86s":{"weight":0.057,"played":[0.0,1.0],"evs":[0.0,2.07363]},"87s":{"weight":0.363,"played":[0.0,1.0],"evs":[0.0,2.32846]},"88":{"weight":0.0,"played":[0.0,1.0],"evs":[0.0,5.22729]},"98o":{"weight":0.0,"played":[0.0,1.0],"evs":[0.0,1.93031]},"T8o":{"weight":0.0,"played":[0.0,1.0],"evs":[0.0,1.83751]},"J8o":{"weight":0.0,"played":[0.0,1.0],"evs":[0.0,1.74684]},"Q8o":{"weight":0.0,"played":[0.0,1.0],"evs":[0.0,1.69762]},"K8o":{"weight":0.0,"played":[0.0,1.0],"evs":[0.0,1.53312]},"A8o":{"weight":0.0893,"played":[0.0,1.0],"evs":[0.0,3.43313]},"92s":{"weight":0.0,"played":[0.0,1.0],"evs":[0.0,1.43026]},"93s":{"weight":0.0,"played":[0.0,1.0],"evs":[0.0,1.48396]},"94s":{"weight":0.0,"played":[0.0,1.0],"evs":[0.0,1.44727]},"95s":{"weight":0.0,"played":[0.0,1.0],"evs":[0.0,1.74266]},"96s":{"weight":1.0E-4,"played":[0.0,1.0],"evs":[0.0,1.99091]},"97s":{"weight":0.0265,"played":[0.0,1.0],"evs":[0.0,2.22859]},"98s":{"weight":3.0E-4,"played":[0.0,1.0],"evs":[0.0,2.48662]},"99":{"weight":0.0,"played":[0.0,1.0],"evs":[0.0,5.66274]},"T9o":{"weight":0.2101,"played":[0.0,1.0],"evs":[0.0,2.12716]},"J9o":{"weight":0.0,"played":[0.0,1.0],"evs":[0.0,2.02985]},"Q9o":{"weight":0.0,"played":[0.0,1.0],"evs":[0.0,1.9323]},"K9o":{"weight":0.5405,"played":[0.0,1.0],"evs":[0.0,1.78466]},"A9o":{"weight":0.0,"played":[0.0,1.0],"evs":[0.0,3.93103]},"T2s":{"weight":0.0,"played":[0.0,1.0],"evs":[0.0,1.45063]},"T3s":{"weight":0.0,"played":[0.0,1.0],"evs":[0.0,1.52537]},"T4s":{"weight":0.0,"played":[0.0,1.0],"evs":[0.0,1.54934]},"T5s":{"weight":0.0,"played":[0.0,1.0],"evs":[0.0,1.63167]},"T6s":{"weight":0.0,"played":[0.0,1.0],"evs":[0.0,1.92856]},"T7s":{"weight":0.9798,"played":[0.0,1.0],"evs":[0.0,2.14593]},"T8s":{"weight":0.0,"played":[0.0,1.0],"evs":[0.0,2.41817]},"T9s":{"weight":0.0244,"played":[0.0,1.0],"evs":[0.0,2.67033]},"TT":{"weight":2.0E-4,"played":[0.0,1.0],"evs":[0.0,6.2516]},"JTo":{"weight":0.0282,"played":[0.0,1.0],"evs":[0.0,2.35812]},"QTo":{"weight":0.2928,"played":[0.0,1.0],"evs":[0.0,2.26881]},"KTo":{"weight":0.0,"played":[0.0,1.0],"evs":[0.0,2.26358]},"ATo":{"weight":0.0,"played":[0.0,1.0],"evs":[0.0,4.78616]},"J2s":{"weight":0.0,"played":[0.0,1.0],"evs":[0.0,1.55577]},"J3s":{"weight":0.0,"played":[0.0,1.0],"evs":[0.0,1.64411]},"J4s":{"weight":0.0,"played":[0.0,1.0],"evs":[0.0,1.66521]},"J5s":{"weight":0.0,"played":[0.0,1.0],"evs":[0.0,1.80024]},"J6s":{"weight":0.0,"played":[0.0,1.0],"evs":[0.0,1.8664]},"J7s":{"weight":0.9446,"played":[0.0,1.0],"evs":[0.0,2.0687]},"J8s":{"weight":0.1917,"played":[0.0,1.0],"evs":[0.0,2.35962]},"J9s":{"weight":0.0378,"played":[0.0,1.0],"evs":[0.0,2.60779]},"JTs":{"weight":0.9379,"played":[0.0,1.0],"evs":[0.0,2.90611]},"JJ":{"weight":0.0048,"played":[0.0,1.0],"evs":[0.0,6.80717]},"QJo":{"weight":2.0E-4,"played":[0.0,1.0],"evs":[0.0,2.38992]},"KJo":{"weight":0.0,"played":[0.0,1.0],"evs":[0.0,2.68822]},"AJo":{"weight":0.0,"played":[0.0,1.0],"evs":[0.0,5.36308]},"Q2s":{"weight":0.0,"played":[0.0,1.0],"evs":[0.0,1.68366]},"Q3s":{"weight":0.0,"played":[0.0,1.0],"evs":[0.0,1.72944]},"Q4s":{"weight":0.0,"played":[0.0,1.0],"evs":[0.0,1.77868]},"Q5s":{"weight":0.0,"played":[0.0,1.0],"evs":[0.0,1.9103]},"Q6s":{"weight":5.0E-4,"played":[0.0,1.0],"evs":[0.0,1.9648]},"Q7s":{"weight":0.389,"played":[0.0,1.0],"evs":[0.0,1.9917]},"Q8s":{"weight":0.0584,"played":[0.0,1.0],"evs":[0.0,2.28474]},"Q9s":{"weight":0.009,"played":[0.0,1.0],"evs":[0.0,2.55438]},"QTs":{"weight":0.0807,"played":[0.0,1.0],"evs":[0.0,2.85346]},"QJs":{"weight":0.8632,"played":[0.0,1.0],"evs":[0.0,2.93074]},"QQ":{"weight":0.6225,"played":[0.0,1.0],"evs":[0.0,7.3507]},"KQo":{"weight":0.0,"played":[0.0,1.0],"evs":[0.0,3.13306]},"AQo":{"weight":0.0,"played":[0.0,1.0],"evs":[0.0,5.94687]},"K2s":{"weight":0.0,"played":[0.0,1.0],"evs":[0.0,1.67541]},"K3s":{"weight":0.0,"played":[0.0,1.0],"evs":[0.0,1.73824]},"K4s":{"weight":0.5636,"played":[0.0,1.0],"evs":[0.0,1.7884]},"K5s":{"weight":1.0E-4,"played":[0.0,1.0],"evs":[0.0,1.92032]},"K6s":{"weight":1.0E-4,"played":[0.0,1.0],"evs":[0.0,1.99189]},"K7s":{"weight":0.0014,"played":[0.0,1.0],"evs":[0.0,2.03973]},"K8s":{"weight":0.0,"played":[0.0,1.0],"evs":[0.0,2.14083]},"K9s":{"weight":0.0,"played":[0.0,1.0],"evs":[0.0,2.38032]},"KTs":{"weight":0.285,"played":[0.0,1.0],"evs":[0.0,2.84472]},"KJs":{"weight":0.0037,"played":[0.0,1.0],"evs":[0.0,3.20839]},"KQs":{"weight":1.0E-4,"played":[0.0,1.0],"evs":[0.0,3.62716]},"KK":{"weight":1.0,"played":[0.0,1.0],"evs":[0.0,8.06797]},"AKo":{"weight":0.0015,"played":[0.0,1.0],"evs":[0.0,6.72644]},"A2s":{"weight":0.0,"played":[0.0,1.0],"evs":[0.0,2.70528]},"A3s":{"weight":0.0,"played":[0.0,1.0],"evs":[0.0,2.77147]},"A4s":{"weight":0.0,"played":[0.0,1.0],"evs":[0.0,2.85926]},"A5s":{"weight":0.0,"played":[0.0,1.0],"evs":[0.0,3.05789]},"A6s":{"weight":0.0,"played":[0.0,1.0],"evs":[0.0,3.12924]},"A7s":{"weight":0.0695,"played":[0.0,1.0],"evs":[0.0,3.45364]},"A8s":{"weight":0.3609,"played":[0.0,1.0],"evs":[0.0,3.89647]},"A9s":{"weight":0.0,"played":[0.0,1.0],"evs":[0.0,4.40917]},"ATs":{"weight":0.0999,"played":[0.0,1.0],"evs":[0.0,5.1569]},"AJs":{"weight":7.0E-4,"played":[0.0,1.0],"evs":[0.0,5.72902]},"AQs":{"weight":0.1848,"played":[0.0,1.0],"evs":[0.0,6.27557]},"AKs":{"weight":1.0,"played":[0.0,1.0],"evs":[0.0,6.97743]},"AA":{"weight":1.0,"played":[0.0,1.0],"evs":[0.0,10.5366]}}}