{"player":1,"street":0,"children":2,"sequence":[{"player":0,"type":"F","amount":0,"street":0},{"player":1,"type":"R","amount":200000,"street":0},{"player":2,"type":"F","amount":0,"street":0},{"player":3,"type":"R","amount":605000,"street":0},{"player":4,"type":"F","amount":0,"street":0},{"player":5,"type":"R","amount":1875000,"street":0}],"actions":[{"type":"F","amount":0},{"type":"C","amount":1675000}],"hands":{"22":{"weight":8.0E-4,"played":[0.0,1.0],"evs":[0.0,2.12251]},"32o":{"weight":0.0,"played":[1.0,0.0],"evs":[0.0,-4.1569]},"42o":{"weight":0.0,"played":[1.0,0.0],"evs":[0.0,-3.99849]},"52o":{"weight":0.0,"played":[1.0,0.0],"evs":[0.0,-3.42447]},"62o":{"weight":0.0,"played":[1.0,0.0],"evs":[0.0,-3.95693]},"72o":{"weight":0.0,"played":[1.0,0.0],"evs":[0.0,-4.26429]},"82o":{"weight":0.0,"played":[1.0,0.0],"evs":[0.0,-4.0873]},"92o":{"weight":0.0,"played":[1.0,0.0],"evs":[0.0,-3.90307]},"T2o":{"weight":0.0,"played":[1.0,0.0],"evs":[0.0,-3.74036]},"J2o":{"weight":0.0,"played":[1.0,0.0],"evs":[0.0,-3.47648]},"Q2o":{"weight":0.0,"played":[1.0,0.0],"evs":[0.0,-3.00481]},"K2o":{"weight":0.0,"played":[1.0,0.0],"evs":[0.0,-2.86393]},"A2o":{"weight":0.9235,"played":[1.0,0.0],"evs":[0.0,-1.48125]},"32s":{"weight":0.0,"played":[1.0,0.0],"evs":[0.0,-2.24919]},"33":{"weight":0.3131,"played":[0.0,1.0],"evs":[0.0,2.38874]},"43o":{"weight":0.0,"played":[1.0,0.0],"evs":[0.0,-3.17566]},"53o":{"weight":0.0,"played":[1.0,0.0],"evs":[0.0,-2.80064]},"63o":{"weight":0.0,"played":[1.0,0.0],"evs":[0.0,-3.14624]},"73o":{"weight":0.0,"played":[1.0,0.0],"evs":[0.0,-3.72422]},"83o":{"weight":0.0,"played":[1.0,0.0],"evs":[0.0,-4.06534]},"93o":{"weight":0.0,"played":[1.0,0.0],"evs":[0.0,-3.76082]},"T3o":{"weight":0.0,"played":[1.0,0.0],"evs":[0.0,-3.53819]},"J3o":{"weight":0.0,"played":[1.0,0.0],"evs":[0.0,-3.37248]},"Q3o":{"weight":0.0,"played":[1.0,0.0],"evs":[0.0,-2.8715]},"K3o":{"weight":0.0,"played":[1.0,0.0],"evs":[0.0,-2.64878]},"A3o":{"weight":0.1133,"played":[1.0,0.0],"evs":[0.0,-1.24939]},"42s":{"weight":0.0,"played":[0.9999,1.0E-4],"evs":[0.0,-1.98989]},"43s":{"weight":0.0,"played":[0.9972,0.0028],"evs":[0.0,-1.31627]},"44":{"weight":1.0E-4,"played":[0.0,1.0],"evs":[0.0,3.18729]},"54o":{"weight":0.0,"played":[1.0,0.0],"evs":[0.0,-2.0867]},"64o":{"weight":0.0,"played":[1.0,0.0],"evs":[0.0,-2.47284]},"74o":{"weight":0.0,"played":[1.0,0.0],"evs":[0.0,-2.86355]},"84o":{"weight":0.0,"played":[1.0,0.0],"evs":[0.0,-3.22629]},"94o":{"weight":0.0,"played":[1.0,0.0],"evs":[0.0,-3.84567]},"T4o":{"weight":0.0,"played":[1.0,0.0],"evs":[0.0,-3.45498]},"J4o":{"weight":0.0,"played":[1.0,0.0],"evs":[0.0,-3.21513]},"Q4o":{"weight":0.0,"played":[1.0,0.0],"evs":[0.0,-2.62777]},"K4o":{"weight":0.0,"played":[1.0,0.0],"evs":[0.0,-2.63613]},"A4o":{"weight":1.0E-4,"played":[0.9998,2.0E-4],"evs":[0.0,-0.91501]},"52s":{"weight":0.0,"played":[0.9997,3.0E-4],"evs":[0.0,-1.58415]},"53s":{"weight":0.0,"played":[0.995,0.005],"evs":[0.0,-0.97801]},"54s":{"weight":0.0,"played":[0.9972,0.0028],"evs":[0.0,-0.13714]},"55":{"weight":0.0,"played":[0.0,1.0],"evs":[0.0,4.38261]},"65o":{"weight":0.0,"played":[1.0,0.0],"evs":[0.0,-1.55438]},"75o":{"weight":0.0,"played":[1.0,0.0],"evs":[0.0,-1.97095]},"85o":{"weight":0.0,"played":[1.0,0.0],"evs":[0.0,-2.29663]},"95o":{"weight":0.0,"played":[1.0,0.0],"evs":[0.0,-2.80465]},"T5o":{"weight":0.0,"played":[1.0,0.0],"evs":[0.0,-3.12207]},"J5o":{"weight":0.0,"played":[1.0,0.0],"evs":[0.0,-2.75623]},"Q5o":{"weight":0.0,"played":[1.0,0.0],"evs":[0.0,-2.34819]},"K5o":{"weight":0.0,"played":[1.0,0.0],"evs":[0.0,-2.12376]},"A5o":{"weight":0.0,"played":[0.9927,0.0073],"evs":[0.0,-0.38684]},"62s":{"weight":0.0,"played":[1.0,0.0],"evs":[0.0,-2.04649]},"63s":{"weight":0.0,"played":[1.0,0.0],"evs":[0.0,-1.42152]},"64s":{"weight":0.0,"played":[0.9983,0.0017],"evs":[0.0,-0.39622]},"65s":{"weight":0.0275,"played":[0.0,1.0],"evs":[0.0,0.28713]},"66":{"weight":0.0,"played":[0.0,1.0],"evs":[0.0,5.5562]},"76o":{"weight":0.0,"played":[1.0,0.0],"evs":[0.0,-1.01668]},"86o":{"weight":0.0,"played":[1.0,0.0],"evs":[0.0,-1.45643]},"96o":{"weight":0.0,"played":[1.0,0.0],"evs":[0.0,-1.98884]},"T6o":{"weight":0.0,"played":[1.0,0.0],"evs":[0.0,-2.21732]},"J6o":{"weight":0.0,"played":[1.0,0.0],"evs":[0.0,-2.54902]},"Q6o":{"weight":0.0,"played":[1.0,0.0],"evs":[0.0,-2.02851]},"K6o":{"weight":0.0,"played":[1.0,0.0],"evs":[0.0,-1.78405]},"A6o":{"weight":0.5189,"played":[0.9996,4.0E-4],"evs":[0.0,-0.70038]},"72s":{"weight":0.0,"played":[1.0,0.0],"evs":[0.0,-2.18523]},"73s":{"weight":0.0,"played":[1.0,0.0],"evs":[0.0,-1.71763]},"74s":{"weight":0.0,"played":[1.0,0.0],"evs":[0.0,-0.9618]},"75s":{"weight":1.0E-4,"played":[0.06,0.94],"evs":[0.0,2.2E-4]},"76s":{"weight":1.0E-4,"played":[1.0E-4,0.9999],"evs":[0.0,0.85151]},"77":{"weight":0.0058,"played":[0.0,1.0],"evs":[0.0,6.76315]},"87o":{"weight":0.0,"played":[0.9999,1.0E-4],"evs":[0.0,-0.77661]},"97o":{"weight":0.0,"played":[1.0,0.0],"evs":[0.0,-1.13299]},"T7o":{"weight":0.0,"played":[1.0,0.0],"evs":[0.0,-1.31056]},"J7o":{"weight":0.0,"played":[1.0,0.0],"evs":[0.0,-1.75573]},"Q7o":{"weight":0.0,"played":[1.0,0.0],"evs":[0.0,-1.91316]},"K7o":{"weight":0.0,"played":[1.0,0.0],"evs":[0.0,-1.6104]},"A7o":{"weight":0.2141,"played":[0.6061,0.3939],"evs":[0.0,-0.16791]},"82s":{"weight":0.0,"played":[1.0,0.0],"evs":[0.0,-2.16669]},"83s":{"weight":0.0,"played":[1.0,0.0],"evs":[0.0,-2.11575]},"84s":{"weight":0.0,"played":[0.9997,3.0E-4],"evs":[0.0,-1.38847]},"85s":{"weight":0.0,"played":[0.9989,0.0011],"evs":[0.0,-0.31943]},"86s":{"weight":0.057,"played":[0.0025,0.9975],"evs":[0.0,0.25116]},"87s":{"weight":0.363,"played":[0.0,1.0],"evs":[0.0,0.89657]},"88":{"weight":0.0,"played":[0.0,1.0],"evs":[0.0,7.78702]},"98o":{"weight":0.0,"played":[0.9998,2.0E-4],"evs":[0.0,-0.49065]},"T8o":{"weight":0.0,"played":[0.9999,1.0E-4],"evs":[0.0,-0.65864]},"J8o":{"weight":0.0,"played":[1.0,0.0],"evs":[0.0,-1.16904]},"Q8o":{"weight":0.0,"played":[1.0,0.0],"evs":[0.0,-1.42846]},"K8o":{"weight":0.0,"played":[1.0,0.0],"evs":[0.0,-1.48406]},"A8o":{"weight":0.0893,"played":[0.0,1.0],"evs":[0.0,0.72454]},"92s":{"weight":0.0,"played":[1.0,0.0],"evs":[0.0,-1.84155]},"93s":{"weight":0.0,"played":[1.0,0.0],"evs":[0.0,-1.76117]},"94s":{"weight":0.0,"played":[0.9999,1.0E-4],"evs":[0.0,-1.75122]},"95s":{"weight":0.0,"played":[0.9989,0.0011],"evs":[0.0,-1.0579]},"96s":{"weight":1.0E-4,"played":[0.3519,0.6481],"evs":[0.0,-0.02731]},"97s":{"weight":0.0265,"played":[0.0013,0.9987],"evs":[0.0,0.78412]},"98s":{"weight":3.0E-4,"played":[1.0E-4,0.9999],"evs":[0.0,1.25077]},"99":{"weight":0.0,"played":[0.0,1.0],"evs":[0.0,9.60603]},"T9o":{"weight":0.2101,"played":[0.3921,0.6079],"evs":[0.0,-0.03016]},"J9o":{"weight":0.0,"played":[0.9999,1.0E-4],"evs":[0.0,-0.40047]},"Q9o":{"weight":0.0,"played":[0.9993,7.0E-4],"evs":[0.0,-0.55336]},"K9o":{"weight":0.5405,"played":[1.0,0.0],"evs":[0.0,-0.75879]},"A9o":{"weight":0.0,"played":[0.0,1.0],"evs":[0.0,1.99421]},"T2s":{"weight":0.0,"played":[1.0,0.0],"evs":[0.0,-1.82181]},"T3s":{"weight":0.0,"played":[0.9999,1.0E-4],"evs":[0.0,-1.64454]},"T4s":{"weight":0.0,"played":[1.0,0.0],"evs":[0.0,-1.41685]},"T5s":{"weight":0.0,"played":[0.9999,1.0E-4],"evs":[0.0,-0.96158]},"T6s":{"weight":0.0,"played":[0.9959,0.0041],"evs":[0.0,-0.29686]},"T7s":{"weight":0.9798,"played":[4.0E-4,0.9996],"evs":[0.0,0.45127]},"T8s":{"weight":0.0,"played":[1.0E-4,0.9999],"evs":[0.0,1.10563]},"T9s":{"weight":0.0244,"played":[0.0,1.0],"evs":[0.0,1.61256]},"TT":{"weight":2.0E-4,"played":[0.0,1.0],"evs":[0.0,11.79127]},"JTo":{"weight":0.0282,"played":[4.0E-4,0.9996],"evs":[0.0,0.52866]},"QTo":{"weight":0.2928,"played":[0.0,1.0],"evs":[0.0,0.4383]},"KTo":{"weight":0.0,"played":[0.0,1.0],"evs":[0.0,0.50521]},"ATo":{"weight":0.0,"played":[0.0,1.0],"evs":[0.0,4.22861]},"J2s":{"weight":0.0,"played":[1.0,0.0],"evs":[0.0,-1.5892]},"J3s":{"weight":0.0,"played":[1.0,0.0],"evs":[0.0,-1.43453]},"J4s":{"weight":0.0,"played":[1.0,0.0],"evs":[0.0,-1.17786]},"J5s":{"weight":0.0,"played":[1.0,0.0],"evs":[0.0,-0.81381]},"J6s":{"weight":0.0,"played":[0.9978,0.0022],"evs":[0.0,-0.65468]},"J7s":{"weight":0.9446,"played":[0.0098,0.9902],"evs":[0.0,0.05305]},"J8s":{"weight":0.1917,"played":[1.0E-4,0.9999],"evs":[0.0,0.64678]},"J9s":{"weight":0.0378,"played":[0.0,1.0],"evs":[0.0,1.34191]},"JTs":{"weight":0.9379,"played":[0.0,1.0],"evs":[0.0,2.47858]},"JJ":{"weight":0.0048,"played":[0.0,1.0],"evs":[0.0,13.88142]},"QJo":{"weight":2.0E-4,"played":[1.0E-4,0.9999],"evs":[0.0,0.83653]},"KJo":{"weight":0.0,"played":[0.0,1.0],"evs":[0.0,1.70744]},"AJo":{"weight":0.0,"played":[0.0,1.0],"evs":[0.0,6.27025]},"Q2s":{"weight":0.0,"played":[1.0,0.0],"evs":[0.0,-0.91055]},"Q3s":{"weight":0.0,"played":[0.9999,1.0E-4],"evs":[0.0,-0.82829]},"Q4s":{"weight":0.0,"played":[0.9999,1.0E-4],"evs":[0.0,-0.55703]},"Q5s":{"weight":0.0,"played":[0.9275,0.0725],"evs":[0.0,-0.38323]},"Q6s":{"weight":5.0E-4,"played":[0.9904,0.0096],"evs":[0.0,-0.24152]},"Q7s":{"weight":0.389,"played":[0.8009,0.1991],"evs":[0.0,-0.13079]},"Q8s":{"weight":0.0584,"played":[0.0,1.0],"evs":[0.0,0.50677]},"Q9s":{"weight":0.009,"played":[0.0,1.0],"evs":[0.0,1.14395]},"QTs":{"weight":0.0807,"played":[0.0,1.0],"evs":[0.0,2.10441]},"QJs":{"weight":0.8632,"played":[0.0,1.0],"evs":[0.0,2.65025]},"QQ":{"weight":0.6225,"played":[0.0,1.0],"evs":[0.0,16.57738]},"KQo":{"weight":0.0,"played":[0.0,1.0],"evs":[0.0,3.21906]},"AQo":{"weight":0.0,"played":[0.0,1.0],"evs":[0.0,8.40737]},"K2s":{"weight":0.0,"played":[1.0,0.0],"evs":[0.0,-0.64785]},"K3s":{"weight":0.0,"played":[0.9973,0.0027],"evs":[0.0,-0.43511]},"K4s":{"weight":0.5636,"played":[0.9912,0.0088],"evs":[0.0,-0.6057]},"K5s":{"weight":1.0E-4,"played":[0.8071,0.1929],"evs":[0.0,-0.26367]},"K6s":{"weight":1.0E-4,"played":[0.0074,0.9926],"evs":[0.0,0.2849]},"K7s":{"weight":0.0014,"played":[0.0,1.0],"evs":[0.0,0.38892]},"K8s":{"weight":0.0,"played":[4.0E-4,0.9996],"evs":[0.0,0.38365]},"K9s":{"weight":0.0,"played":[2.0E-4,0.9998],"evs":[0.0,1.2136]},"KTs":{"weight":0.285,"played":[0.0,1.0],"evs":[0.0,2.4521]},"KJs":{"weight":0.0037,"played":[0.0,1.0],"evs":[0.0,3.4593]},"KQs":{"weight":1.0E-4,"played":[0.0,1.0],"evs":[0.0,5.06181]},"KK":{"weight":1.0,"played":[0.0,1.0],"evs":[0.0,19.69103]},"AKo":{"weight":0.0015,"played":[0.0,1.0],"evs":[0.0,10.57323]},"A2s":{"weight":0.0,"played":[2.0E-4,0.9998],"evs":[0.0,0.46216]},"A3s":{"weight":0.0,"played":[0.0,1.0],"evs":[0.0,0.83944]},"A4s":{"weight":0.0,"played":[0.0,1.0],"evs":[0.0,0.96558]},"A5s":{"weight":0.0,"played":[0.0,1.0],"evs":[0.0,1.45816]},"A6s":{"weight":0.0,"played":[0.0,1.0],"evs":[0.0,1.26021]},"A7s":{"weight":0.0695,"played":[0.0,1.0],"evs":[0.0,1.88262]},"A8s":{"weight":0.3609,"played":[0.0,1.0],"evs":[0.0,2.66675]},"A9s":{"weight":0.0,"played":[0.0,1.0],"evs":[0.0,3.80148]},"ATs":{"weight":0.0999,"played":[0.0,1.0],"evs":[0.0,5.90927]},"AJs":{"weight":7.0E-4,"played":[0.0,1.0],"evs":[0.0,7.82339]},"AQs":{"weight":0.1848,"played":[0.0,1.0],"evs":[0.0,9.91397]},"AKs":{"weight":1.0,"played":[0.0,1.0],"evs":[0.0,11.83257]},"AA":{"weight":1.0,"played":[0.0,1.0],"evs":[0.0,25.61656]}}}