{"player":5,"street":0,"children":2,"sequence":[{"player":0,"type":"F","amount":0,"street":0},{"player":1,"type":"R","amount":200000,"street":0},{"player":2,"type":"F","amount":0,"street":0},{"player":3,"type":"R","amount":605000,"street":0},{"player":4,"type":"R","amount":1245000,"street":0}],"actions":[{"type":"F","amount":0,"node":103},{"type":"R","amount":1875000,"node":104}],"hands":{"22":{"weight":1.0,"played":[0.9994,6.0E-4],"evs":[0.0,-1.48255]},"32o":{"weight":1.0,"played":[1.0,0.0],"evs":[0.0,-5.28914]},"42o":{"weight":1.0,"played":[1.0,0.0],"evs":[0.0,-5.17149]},"52o":{"weight":1.0,"played":[1.0,0.0],"evs":[0.0,-4.83747]},"62o":{"weight":1.0,"played":[1.0,0.0],"evs":[0.0,-5.31686]},"72o":{"weight":1.0,"played":[1.0,0.0],"evs":[0.0,-6.04058]},"82o":{"weight":1.0,"played":[1.0,0.0],"evs":[0.0,-5.51745]},"92o":{"weight":1.0,"played":[1.0,0.0],"evs":[0.0,-5.68625]},"T2o":{"weight":1.0,"played":[1.0,0.0],"evs":[0.0,-5.94271]},"J2o":{"weight":1.0,"played":[1.0,0.0],"evs":[0.0,-5.35425]},"Q2o":{"weight":1.0,"played":[1.0,0.0],"evs":[0.0,-4.78187]},"K2o":{"weight":1.0,"played":[1.0,0.0],"evs":[0.0,-4.11459]},"A2o":{"weight":1.0,"played":[1.0,0.0],"evs":[0.0,-3.4397]},"32s":{"weight":1.0,"played":[1.0,0.0],"evs":[0.0,-3.46658]},"33":{"weight":1.0,"played":[0.9979,0.0021],"evs":[0.0,-0.79539]},"43o":{"weight":1.0,"played":[1.0,0.0],"evs":[0.0,-4.32163]},"53o":{"weight":1.0,"played":[1.0,0.0],"evs":[0.0,-3.81894]},"63o":{"weight":1.0,"played":[1.0,0.0],"evs":[0.0,-4.26896]},"73o":{"weight":1.0,"played":[1.0,0.0],"evs":[0.0,-5.43274]},"83o":{"weight":1.0,"played":[1.0,0.0],"evs":[0.0,-5.39063]},"93o":{"weight":1.0,"played":[1.0,0.0],"evs":[0.0,-5.33495]},"T3o":{"weight":1.0,"played":[1.0,0.0],"evs":[0.0,-5.63377]},"J3o":{"weight":1.0,"played":[1.0,0.0],"evs":[0.0,-5.25874]},"Q3o":{"weight":1.0,"played":[1.0,0.0],"evs":[0.0,-4.46405]},"K3o":{"weight":1.0,"played":[1.0,0.0],"evs":[0.0,-3.7008]},"A3o":{"weight":1.0,"played":[1.0,0.0],"evs":[0.0,-3.07601]},"42s":{"weight":1.0,"played":[0.9999,1.0E-4],"evs":[0.0,-3.6033]},"43s":{"weight":1.0,"played":[0.9999,1.0E-4],"evs":[0.0,-2.33552]},"44":{"weight":1.0,"played":[0.9435,0.0565],"evs":[0.0,-0.19164]},"54o":{"weight":1.0,"played":[0.9998,2.0E-4],"evs":[0.0,-3.10092]},"64o":{"weight":1.0,"played":[1.0,0.0],"evs":[0.0,-3.58804]},"74o":{"weight":1.0,"played":[1.0,0.0],"evs":[0.0,-4.22926]},"84o":{"weight":1.0,"played":[1.0,0.0],"evs":[0.0,-4.64767]},"94o":{"weight":1.0,"played":[1.0,0.0],"evs":[0.0,-5.51488]},"T4o":{"weight":1.0,"played":[1.0,0.0],"evs":[0.0,-5.58982]},"J4o":{"weight":1.0,"played":[1.0,0.0],"evs":[0.0,-5.0555]},"Q4o":{"weight":1.0,"played":[1.0,0.0],"evs":[0.0,-4.05422]},"K4o":{"weight":1.0,"played":[1.0,0.0],"evs":[0.0,-3.33209]},"A4o":{"weight":1.0,"played":[0.9998,2.0E-4],"evs":[0.0,-2.96515]},"52s":{"weight":1.0,"played":[1.0,0.0],"evs":[0.0,-2.70787]},"53s":{"weight":1.0,"played":[0.9999,1.0E-4],"evs":[0.0,-2.48794]},"54s":{"weight":1.0,"played":[1.0,0.0],"evs":[0.0,-1.25066]},"55":{"weight":1.0,"played":[0.0428,0.9572],"evs":[0.0,0.51173]},"65o":{"weight":1.0,"played":[1.0,0.0],"evs":[0.0,-2.64149]},"75o":{"weight":1.0,"played":[1.0,0.0],"evs":[0.0,-3.51548]},"85o":{"weight":1.0,"played":[1.0,0.0],"evs":[0.0,-3.74951]},"95o":{"weight":1.0,"played":[1.0,0.0],"evs":[0.0,-4.51185]},"T5o":{"weight":1.0,"played":[1.0,0.0],"evs":[0.0,-5.10929]},"J5o":{"weight":1.0,"played":[1.0,0.0],"evs":[0.0,-4.45267]},"Q5o":{"weight":1.0,"played":[1.0,0.0],"evs":[0.0,-3.73222]},"K5o":{"weight":1.0,"played":[1.0,0.0],"evs":[0.0,-3.52353]},"A5o":{"weight":1.0,"played":[0.9998,2.0E-4],"evs":[0.0,-2.37216]},"62s":{"weight":1.0,"played":[1.0,0.0],"evs":[0.0,-3.71686]},"63s":{"weight":1.0,"played":[1.0,0.0],"evs":[0.0,-3.23124]},"64s":{"weight":1.0,"played":[0.9998,2.0E-4],"evs":[0.0,-1.95707]},"65s":{"weight":1.0,"played":[0.9283,0.0717],"evs":[0.0,-1.00878]},"66":{"weight":1.0,"played":[0.0027,0.9973],"evs":[0.0,1.37403]},"76o":{"weight":1.0,"played":[0.9999,1.0E-4],"evs":[0.0,-3.0327]},"86o":{"weight":1.0,"played":[1.0,0.0],"evs":[0.0,-3.38679]},"96o":{"weight":1.0,"played":[0.9999,1.0E-4],"evs":[0.0,-3.81279]},"T6o":{"weight":1.0,"played":[1.0,0.0],"evs":[0.0,-4.48705]},"J6o":{"weight":1.0,"played":[1.0,0.0],"evs":[0.0,-4.58541]},"Q6o":{"weight":1.0,"played":[1.0,0.0],"evs":[0.0,-3.75833]},"K6o":{"weight":1.0,"played":[1.0,0.0],"evs":[0.0,-3.06854]},"A6o":{"weight":1.0,"played":[0.9999,1.0E-4],"evs":[0.0,-2.95905]},"72s":{"weight":1.0,"played":[1.0,0.0],"evs":[0.0,-4.39487]},"73s":{"weight":1.0,"played":[0.9999,1.0E-4],"evs":[0.0,-3.30696]},"74s":{"weight":1.0,"played":[1.0,0.0],"evs":[0.0,-2.0692]},"75s":{"weight":1.0,"played":[0.9977,0.0023],"evs":[0.0,-1.91729]},"76s":{"weight":1.0,"played":[0.9971,0.0029],"evs":[0.0,-1.64088]},"77":{"weight":1.0,"played":[1.0E-4,0.9999],"evs":[0.0,2.06548]},"87o":{"weight":1.0,"played":[1.0,0.0],"evs":[0.0,-2.5665]},"97o":{"weight":1.0,"played":[1.0,0.0],"evs":[0.0,-3.21696]},"T7o":{"weight":1.0,"played":[1.0,0.0],"evs":[0.0,-3.81658]},"J7o":{"weight":1.0,"played":[1.0,0.0],"evs":[0.0,-4.05045]},"Q7o":{"weight":1.0,"played":[1.0,0.0],"evs":[0.0,-3.67802]},"K7o":{"weight":1.0,"played":[1.0,0.0],"evs":[0.0,-2.62227]},"A7o":{"weight":1.0,"played":[0.9998,2.0E-4],"evs":[0.0,-2.49254]},"82s":{"weight":1.0,"played":[1.0,0.0],"evs":[0.0,-3.85323]},"83s":{"weight":1.0,"played":[1.0,0.0],"evs":[0.0,-3.72012]},"84s":{"weight":1.0,"played":[1.0,0.0],"evs":[0.0,-3.04494]},"85s":{"weight":1.0,"played":[1.0,0.0],"evs":[0.0,-1.72087]},"86s":{"weight":1.0,"played":[0.9988,0.0012],"evs":[0.0,-1.52826]},"87s":{"weight":1.0,"played":[0.9987,0.0013],"evs":[0.0,-1.0848]},"88":{"weight":1.0,"played":[0.0,1.0],"evs":[0.0,3.63549]},"98o":{"weight":1.0,"played":[1.0,0.0],"evs":[0.0,-2.45094]},"T8o":{"weight":1.0,"played":[1.0,0.0],"evs":[0.0,-2.97667]},"J8o":{"weight":1.0,"played":[1.0,0.0],"evs":[0.0,-3.0112]},"Q8o":{"weight":1.0,"played":[1.0,0.0],"evs":[0.0,-2.5951]},"K8o":{"weight":1.0,"played":[1.0,0.0],"evs":[0.0,-2.63505]},"A8o":{"weight":1.0,"played":[0.9991,9.0E-4],"evs":[0.0,-2.20302]},"92s":{"weight":1.0,"played":[1.0,0.0],"evs":[0.0,-4.09756]},"93s":{"weight":1.0,"played":[0.9997,3.0E-4],"evs":[0.0,-3.32684]},"94s":{"weight":1.0,"played":[1.0,0.0],"evs":[0.0,-3.3041]},"95s":{"weight":1.0,"played":[1.0,0.0],"evs":[0.0,-2.89848]},"96s":{"weight":1.0,"played":[0.9999,1.0E-4],"evs":[0.0,-1.62655]},"97s":{"weight":1.0,"played":[0.9999,1.0E-4],"evs":[0.0,-1.69064]},"98s":{"weight":1.0,"played":[0.9931,0.0069],"evs":[0.0,-0.96962]},"99":{"weight":1.0,"played":[0.0,1.0],"evs":[0.0,3.76509]},"T9o":{"weight":1.0,"played":[1.0,0.0],"evs":[0.0,-2.45977]},"J9o":{"weight":1.0,"played":[1.0,0.0],"evs":[0.0,-3.01088]},"Q9o":{"weight":1.0,"played":[1.0,0.0],"evs":[0.0,-2.66395]},"K9o":{"weight":1.0,"played":[1.0,0.0],"evs":[0.0,-2.19302]},"A9o":{"weight":1.0,"played":[0.9909,0.0091],"evs":[0.0,-1.78193]},"T2s":{"weight":1.0,"played":[1.0,0.0],"evs":[0.0,-4.02927]},"T3s":{"weight":1.0,"played":[0.9999,1.0E-4],"evs":[0.0,-3.30005]},"T4s":{"weight":1.0,"played":[0.9999,1.0E-4],"evs":[0.0,-3.60017]},"T5s":{"weight":1.0,"played":[1.0,0.0],"evs":[0.0,-3.52253]},"T6s":{"weight":1.0,"played":[0.9997,3.0E-4],"evs":[0.0,-2.74219]},"T7s":{"weight":1.0,"played":[0.9976,0.0024],"evs":[0.0,-2.23148]},"T8s":{"weight":1.0,"played":[0.9978,0.0022],"evs":[0.0,-0.54102]},"T9s":{"weight":1.0,"played":[0.9993,7.0E-4],"evs":[0.0,-0.31122]},"TT":{"weight":1.0,"played":[0.0,1.0],"evs":[0.0,5.54524]},"JTo":{"weight":1.0,"played":[0.9998,2.0E-4],"evs":[0.0,-2.33018]},"QTo":{"weight":1.0,"played":[0.9993,7.0E-4],"evs":[0.0,-1.52998]},"KTo":{"weight":1.0,"played":[0.9999,1.0E-4],"evs":[0.0,-1.32647]},"ATo":{"weight":1.0,"played":[1.0E-4,0.9999],"evs":[0.0,0.18556]},"J2s":{"weight":1.0,"played":[0.9996,4.0E-4],"evs":[0.0,-3.62799]},"J3s":{"weight":1.0,"played":[0.9998,2.0E-4],"evs":[0.0,-3.17367]},"J4s":{"weight":1.0,"played":[0.9997,3.0E-4],"evs":[0.0,-2.99759]},"J5s":{"weight":1.0,"played":[1.0,0.0],"evs":[0.0,-2.11961]},"J6s":{"weight":1.0,"played":[1.0,0.0],"evs":[0.0,-2.63407]},"J7s":{"weight":1.0,"played":[0.9999,1.0E-4],"evs":[0.0,-1.55189]},"J8s":{"weight":1.0,"played":[0.9998,2.0E-4],"evs":[0.0,-1.58397]},"J9s":{"weight":1.0,"played":[0.9958,0.0042],"evs":[0.0,-0.90318]},"JTs":{"weight":1.0,"played":[0.9798,0.0202],"evs":[0.0,-0.42922]},"JJ":{"weight":1.0,"played":[0.0,1.0],"evs":[0.0,7.67864]},"QJo":{"weight":1.0,"played":[0.9969,0.0031],"evs":[0.0,-1.03491]},"KJo":{"weight":1.0,"played":[0.9618,0.0382],"evs":[0.0,-0.37637]},"AJo":{"weight":1.0,"played":[0.0,1.0],"evs":[0.0,1.56877]},"Q2s":{"weight":1.0,"played":[1.0,0.0],"evs":[0.0,-2.89456]},"Q3s":{"weight":1.0,"played":[0.999,0.001],"evs":[0.0,-2.49123]},"Q4s":{"weight":1.0,"played":[0.9992,8.0E-4],"evs":[0.0,-2.01728]},"Q5s":{"weight":1.0,"played":[1.0,0.0],"evs":[0.0,-1.8448]},"Q6s":{"weight":1.0,"played":[1.0,0.0],"evs":[0.0,-1.80291]},"Q7s":{"weight":1.0,"played":[0.9985,0.0015],"evs":[0.0,-1.65368]},"Q8s":{"weight":1.0,"played":[0.9995,5.0E-4],"evs":[0.0,-1.2363]},"Q9s":{"weight":1.0,"played":[0.9975,0.0025],"evs":[0.0,-1.12316]},"QTs":{"weight":1.0,"played":[0.1886,0.8114],"evs":[0.0,0.18933]},"QJs":{"weight":1.0,"played":[0.0,1.0],"evs":[0.0,0.50853]},"QQ":{"weight":1.0,"played":[0.0,1.0],"evs":[0.0,10.47619]},"KQo":{"weight":1.0,"played":[0.0,1.0],"evs":[0.0,0.92265]},"AQo":{"weight":1.0,"played":[0.0,1.0],"evs":[0.0,2.77444]},"K2s":{"weight":1.0,"played":[1.0,0.0],"evs":[0.0,-2.20163]},"K3s":{"weight":1.0,"played":[0.9998,2.0E-4],"evs":[0.0,-1.42685]},"K4s":{"weight":1.0,"played":[1.0,0.0],"evs":[0.0,-1.29096]},"K5s":{"weight":1.0,"played":[1.0,0.0],"evs":[0.0,-1.45781]},"K6s":{"weight":1.0,"played":[0.9992,8.0E-4],"evs":[0.0,-0.77108]},"K7s":{"weight":1.0,"played":[0.9897,0.0103],"evs":[0.0,-0.51785]},"K8s":{"weight":1.0,"played":[0.9969,0.0031],"evs":[0.0,-1.00989]},"K9s":{"weight":1.0,"played":[0.946,0.054],"evs":[0.0,-0.45933]},"KTs":{"weight":1.0,"played":[0.3653,0.6347],"evs":[0.0,0.31453]},"KJs":{"weight":1.0,"played":[1.0E-4,0.9999],"evs":[0.0,1.29325]},"KQs":{"weight":1.0,"played":[0.0,1.0],"evs":[0.0,2.83683]},"KK":{"weight":1.0,"played":[0.0,1.0],"evs":[0.0,15.25315]},"AKo":{"weight":1.0,"played":[0.0,1.0],"evs":[0.0,4.35023]},"A2s":{"weight":1.0,"played":[0.9962,0.0038],"evs":[0.0,-1.37495]},"A3s":{"weight":1.0,"played":[0.9993,7.0E-4],"evs":[0.0,-1.41446]},"A4s":{"weight":1.0,"played":[0.9549,0.0451],"evs":[0.0,-0.74799]},"A5s":{"weight":1.0,"played":[0.7987,0.2013],"evs":[0.0,-0.19203]},"A6s":{"weight":1.0,"played":[0.9962,0.0038],"evs":[0.0,-0.9945]},"A7s":{"weight":1.0,"played":[0.7754,0.2246],"evs":[0.0,0.11868]},"A8s":{"weight":1.0,"played":[0.6671,0.3329],"evs":[0.0,-0.12835]},"A9s":{"weight":1.0,"played":[0.47,0.53],"evs":[0.0,-0.12754]},"ATs":{"weight":1.0,"played":[0.0,1.0],"evs":[0.0,2.17077]},"AJs":{"weight":1.0,"played":[0.0,1.0],"evs":[0.0,3.18615]},"AQs":{"weight":1.0,"played":[0.0,1.0],"evs":[0.0,4.64091]},"AKs":{"weight":1.0,"played":[0.0,1.0],"evs":[0.0,5.88551]},"AA":{"weight":1.0,"played":[0.0,1.0],"evs":[0.0,21.45266]}}}