{"player":2,"street":0,"children":2,"sequence":[{"player":0,"type":"F","amount":0,"street":0},{"player":1,"type":"R","amount":200000,"street":0},{"player":2,"type":"C","amount":200000,"street":0},{"player":3,"type":"F","amount":0,"street":0},{"player":4,"type":"F","amount":0,"street":0},{"player":5,"type":"R","amount":1875000,"street":0},{"player":1,"type":"F","amount":0,"street":0}],"actions":[{"type":"F","amount":0},{"type":"C","amount":995000}],"hands":{"22":{"weight":0.0,"played":[0.0,1.0],"evs":[0.0,0.93853]},"32o":{"weight":0.0,"played":[1.0,0.0],"evs":[0.0,-2.76258]},"42o":{"weight":0.0,"played":[1.0,0.0],"evs":[0.0,-2.74835]},"52o":{"weight":0.0,"played":[1.0,0.0],"evs":[0.0,-2.61677]},"62o":{"weight":0.0,"played":[1.0,0.0],"evs":[0.0,-3.09592]},"72o":{"weight":0.0,"played":[1.0,0.0],"evs":[0.0,-3.4822]},"82o":{"weight":0.0,"played":[1.0,0.0],"evs":[0.0,-3.0683]},"92o":{"weight":0.0,"played":[1.0,0.0],"evs":[0.0,-2.94437]},"T2o":{"weight":0.0,"played":[1.0,0.0],"evs":[0.0,-2.84115]},"J2o":{"weight":0.0,"played":[1.0,0.0],"evs":[0.0,-2.43614]},"Q2o":{"weight":0.0,"played":[1.0,0.0],"evs":[0.0,-2.59945]},"K2o":{"weight":0.0,"played":[1.0,0.0],"evs":[0.0,-2.28274]},"A2o":{"weight":0.0,"played":[0.9998,2.0E-4],"evs":[0.0,-0.94944]},"32s":{"weight":0.0,"played":[1.0,0.0],"evs":[0.0,-1.78824]},"33":{"weight":0.0,"played":[0.0,1.0],"evs":[0.0,0.77607]},"43o":{"weight":0.0,"played":[1.0,0.0],"evs":[0.0,-2.19115]},"53o":{"weight":0.0,"played":[1.0,0.0],"evs":[0.0,-2.10714]},"63o":{"weight":0.0,"played":[1.0,0.0],"evs":[0.0,-2.4392]},"73o":{"weight":0.0,"played":[1.0,0.0],"evs":[0.0,-2.78969]},"83o":{"weight":0.0,"played":[1.0,0.0],"evs":[0.0,-2.71927]},"93o":{"weight":0.0,"played":[1.0,0.0],"evs":[0.0,-2.60592]},"T3o":{"weight":0.0,"played":[1.0,0.0],"evs":[0.0,-2.51316]},"J3o":{"weight":0.0,"played":[1.0,0.0],"evs":[0.0,-2.50414]},"Q3o":{"weight":0.0,"played":[1.0,0.0],"evs":[0.0,-2.3399]},"K3o":{"weight":0.0,"played":[1.0,0.0],"evs":[0.0,-1.95927]},"A3o":{"weight":0.0,"played":[0.9992,8.0E-4],"evs":[0.0,-1.08886]},"42s":{"weight":0.0,"played":[1.0,0.0],"evs":[0.0,-1.7284]},"43s":{"weight":0.0,"played":[1.0,0.0],"evs":[0.0,-1.61181]},"44":{"weight":0.0,"played":[0.0,1.0],"evs":[0.0,1.26322]},"54o":{"weight":0.0,"played":[1.0,0.0],"evs":[0.0,-1.81156]},"64o":{"weight":0.0,"played":[1.0,0.0],"evs":[0.0,-2.03975]},"74o":{"weight":0.0,"played":[1.0,0.0],"evs":[0.0,-2.40193]},"84o":{"weight":0.0,"played":[1.0,0.0],"evs":[0.0,-2.36778]},"94o":{"weight":0.0,"played":[1.0,0.0],"evs":[0.0,-2.60662]},"T4o":{"weight":0.0,"played":[1.0,0.0],"evs":[0.0,-2.69551]},"J4o":{"weight":0.0,"played":[1.0,0.0],"evs":[0.0,-2.43213]},"Q4o":{"weight":0.0,"played":[1.0,0.0],"evs":[0.0,-2.08545]},"K4o":{"weight":0.0,"played":[1.0,0.0],"evs":[0.0,-1.73659]},"A4o":{"weight":0.0,"played":[0.999,0.001],"evs":[0.0,-0.82905]},"52s":{"weight":0.0,"played":[1.0,0.0],"evs":[0.0,-1.54706]},"53s":{"weight":0.0,"played":[1.0,0.0],"evs":[0.0,-1.26188]},"54s":{"weight":0.0,"played":[0.9995,5.0E-4],"evs":[0.0,-0.72182]},"55":{"weight":0.2986,"played":[0.0,1.0],"evs":[0.0,1.54818]},"65o":{"weight":0.0,"played":[1.0,0.0],"evs":[0.0,-1.58641]},"75o":{"weight":0.0,"played":[1.0,0.0],"evs":[0.0,-2.0009]},"85o":{"weight":0.0,"played":[1.0,0.0],"evs":[0.0,-1.99632]},"95o":{"weight":0.0,"played":[1.0,0.0],"evs":[0.0,-2.26467]},"T5o":{"weight":0.0,"played":[1.0,0.0],"evs":[0.0,-2.37784]},"J5o":{"weight":0.0,"played":[1.0,0.0],"evs":[0.0,-2.1107]},"Q5o":{"weight":0.0,"played":[1.0,0.0],"evs":[0.0,-2.04046]},"K5o":{"weight":0.0,"played":[1.0,0.0],"evs":[0.0,-1.82055]},"A5o":{"weight":0.0,"played":[0.9992,8.0E-4],"evs":[0.0,-0.77529]},"62s":{"weight":0.0,"played":[0.9999,1.0E-4],"evs":[0.0,-2.03004]},"63s":{"weight":0.0,"played":[0.9999,1.0E-4],"evs":[0.0,-1.45963]},"64s":{"weight":0.0,"played":[1.0,0.0],"evs":[0.0,-1.32865]},"65s":{"weight":0.0,"played":[0.9999,1.0E-4],"evs":[0.0,-1.06563]},"66":{"weight":0.0011,"played":[0.0,1.0],"evs":[0.0,1.76621]},"76o":{"weight":0.0,"played":[0.9999,1.0E-4],"evs":[0.0,-1.77774]},"86o":{"weight":0.0,"played":[1.0,0.0],"evs":[0.0,-1.88024]},"96o":{"weight":0.0,"played":[1.0,0.0],"evs":[0.0,-1.92339]},"T6o":{"weight":0.0,"played":[1.0,0.0],"evs":[0.0,-2.28335]},"J6o":{"weight":0.0,"played":[1.0,0.0],"evs":[0.0,-2.32875]},"Q6o":{"weight":0.0,"played":[1.0,0.0],"evs":[0.0,-2.04046]},"K6o":{"weight":0.0,"played":[1.0,0.0],"evs":[0.0,-1.68122]},"A6o":{"weight":0.0,"played":[0.9998,2.0E-4],"evs":[0.0,-0.99397]},"72s":{"weight":0.0,"played":[0.9999,1.0E-4],"evs":[0.0,-2.35524]},"73s":{"weight":0.0,"played":[0.9993,7.0E-4],"evs":[0.0,-1.63492]},"74s":{"weight":0.0,"played":[0.9975,0.0025],"evs":[0.0,-1.36587]},"75s":{"weight":0.0,"played":[1.0,0.0],"evs":[0.0,-0.72106]},"76s":{"weight":0.0,"played":[0.9919,0.0081],"evs":[0.0,-0.88181]},"77":{"weight":0.0,"played":[0.0,1.0],"evs":[0.0,2.40323]},"87o":{"weight":0.0,"played":[1.0,0.0],"evs":[0.0,-1.57884]},"97o":{"weight":0.0,"played":[1.0,0.0],"evs":[0.0,-1.48227]},"T7o":{"weight":0.0,"played":[1.0,0.0],"evs":[0.0,-1.82513]},"J7o":{"weight":0.0,"played":[1.0,0.0],"evs":[0.0,-1.93205]},"Q7o":{"weight":0.0,"played":[1.0,0.0],"evs":[0.0,-1.97605]},"K7o":{"weight":0.0,"played":[0.9999,1.0E-4],"evs":[0.0,-1.72881]},"A7o":{"weight":0.0243,"played":[0.9955,0.0045],"evs":[0.0,-0.77056]},"82s":{"weight":0.0,"played":[1.0,0.0],"evs":[0.0,-1.95563]},"83s":{"weight":0.0,"played":[0.9998,2.0E-4],"evs":[0.0,-1.71352]},"84s":{"weight":0.0,"played":[1.0,0.0],"evs":[0.0,-1.44501]},"85s":{"weight":0.0,"played":[0.9993,7.0E-4],"evs":[0.0,-1.04403]},"86s":{"weight":0.0,"played":[0.9992,8.0E-4],"evs":[0.0,-0.76718]},"87s":{"weight":0.0,"played":[0.9535,0.0465],"evs":[0.0,-0.59673]},"88":{"weight":1.0E-4,"played":[0.0,1.0],"evs":[0.0,3.5269]},"98o":{"weight":0.0,"played":[0.9993,7.0E-4],"evs":[0.0,-0.96077]},"T8o":{"weight":0.0,"played":[1.0,0.0],"evs":[0.0,-1.28]},"J8o":{"weight":0.0,"played":[1.0,0.0],"evs":[0.0,-1.38207]},"Q8o":{"weight":0.0,"played":[0.9999,1.0E-4],"evs":[0.0,-1.44355]},"K8o":{"weight":0.0,"played":[1.0,0.0],"evs":[0.0,-1.70523]},"A8o":{"weight":0.0,"played":[0.581,0.419],"evs":[0.0,-0.11356]},"92s":{"weight":0.0,"played":[1.0,0.0],"evs":[0.0,-1.91832]},"93s":{"weight":0.0,"played":[0.9999,1.0E-4],"evs":[0.0,-1.5683]},"94s":{"weight":0.0,"played":[1.0,0.0],"evs":[0.0,-1.78248]},"95s":{"weight":0.0,"played":[0.9999,1.0E-4],"evs":[0.0,-1.13142]},"96s":{"weight":0.0,"played":[0.9981,0.0019],"evs":[0.0,-0.81968]},"97s":{"weight":0.0,"played":[0.9997,3.0E-4],"evs":[0.0,-0.63939]},"98s":{"weight":0.0,"played":[0.844,0.156],"evs":[0.0,-0.42726]},"99":{"weight":0.0031,"played":[0.0,1.0],"evs":[0.0,4.18456]},"T9o":{"weight":0.0,"played":[0.9995,5.0E-4],"evs":[0.0,-0.89597]},"J9o":{"weight":0.0,"played":[0.9946,0.0054],"evs":[0.0,-0.85243]},"Q9o":{"weight":0.0,"played":[0.9996,4.0E-4],"evs":[0.0,-1.13395]},"K9o":{"weight":0.0,"played":[0.9998,2.0E-4],"evs":[0.0,-1.20756]},"A9o":{"weight":0.0168,"played":[8.0E-4,0.9992],"evs":[0.0,0.41445]},"T2s":{"weight":0.0,"played":[1.0,0.0],"evs":[0.0,-1.80465]},"T3s":{"weight":0.0,"played":[0.9998,2.0E-4],"evs":[0.0,-1.60157]},"T4s":{"weight":0.0,"played":[1.0,0.0],"evs":[0.0,-1.61105]},"T5s":{"weight":0.0,"played":[0.9999,1.0E-4],"evs":[0.0,-1.2492]},"T6s":{"weight":0.0,"played":[0.9977,0.0023],"evs":[0.0,-1.34797]},"T7s":{"weight":0.0,"played":[1.0,0.0],"evs":[0.0,-1.16611]},"T8s":{"weight":0.0,"played":[0.9801,0.0199],"evs":[0.0,-0.25721]},"T9s":{"weight":0.0,"played":[0.2924,0.7076],"evs":[0.0,0.35154]},"TT":{"weight":0.0,"played":[0.0,1.0],"evs":[0.0,5.52349]},"JTo":{"weight":0.0,"played":[0.9678,0.0322],"evs":[0.0,-0.564]},"QTo":{"weight":0.0,"played":[0.9857,0.0143],"evs":[0.0,-0.80456]},"KTo":{"weight":0.0,"played":[0.9958,0.0042],"evs":[0.0,-0.78989]},"ATo":{"weight":1.0E-4,"played":[0.0,1.0],"evs":[0.0,1.37705]},"J2s":{"weight":0.0,"played":[0.9997,3.0E-4],"evs":[0.0,-1.53242]},"J3s":{"weight":0.0,"played":[0.9992,8.0E-4],"evs":[0.0,-1.44078]},"J4s":{"weight":0.0,"played":[0.9891,0.0109],"evs":[0.0,-1.55392]},"J5s":{"weight":0.0,"played":[0.9979,0.0021],"evs":[0.0,-0.96725]},"J6s":{"weight":0.0,"played":[0.9991,9.0E-4],"evs":[0.0,-1.07991]},"J7s":{"weight":0.0,"played":[1.0,0.0],"evs":[0.0,-0.80073]},"J8s":{"weight":0.0,"played":[0.9905,0.0095],"evs":[0.0,-0.45866]},"J9s":{"weight":0.0,"played":[0.9301,0.0699],"evs":[0.0,-0.35452]},"JTs":{"weight":0.0229,"played":[0.0913,0.9087],"evs":[0.0,0.36105]},"JJ":{"weight":0.0,"played":[0.0,1.0],"evs":[0.0,6.7648]},"QJo":{"weight":1.0E-4,"played":[0.9925,0.0075],"evs":[0.0,-0.47654]},"KJo":{"weight":0.0394,"played":[0.426,0.574],"evs":[0.0,-0.11272]},"AJo":{"weight":0.0,"played":[0.0,1.0],"evs":[0.0,2.88727]},"Q2s":{"weight":0.0,"played":[1.0,0.0],"evs":[0.0,-1.37217]},"Q3s":{"weight":0.0,"played":[0.9998,2.0E-4],"evs":[0.0,-1.18859]},"Q4s":{"weight":0.0,"played":[1.0,0.0],"evs":[0.0,-1.11207]},"Q5s":{"weight":0.0,"played":[0.9983,0.0017],"evs":[0.0,-1.12086]},"Q6s":{"weight":0.0,"played":[0.9972,0.0028],"evs":[0.0,-0.8545]},"Q7s":{"weight":0.0,"played":[0.9998,2.0E-4],"evs":[0.0,-1.09323]},"Q8s":{"weight":0.0,"played":[0.9758,0.0242],"evs":[0.0,-1.08786]},"Q9s":{"weight":0.0,"played":[0.8239,0.1761],"evs":[0.0,-0.13325]},"QTs":{"weight":0.7462,"played":[0.0,1.0],"evs":[0.0,0.27545]},"QJs":{"weight":0.0021,"played":[0.0,1.0],"evs":[0.0,0.32519]},"QQ":{"weight":1.0E-4,"played":[0.0,1.0],"evs":[0.0,8.08988]},"KQo":{"weight":0.0,"played":[0.0,1.0],"evs":[0.0,0.71702]},"AQo":{"weight":0.0,"played":[0.0,1.0],"evs":[0.0,4.41897]},"K2s":{"weight":0.0,"played":[0.9988,0.0012],"evs":[0.0,-1.17187]},"K3s":{"weight":0.0,"played":[0.9995,5.0E-4],"evs":[0.0,-1.00088]},"K4s":{"weight":0.0,"played":[0.9988,0.0012],"evs":[0.0,-0.87473]},"K5s":{"weight":0.0,"played":[0.939,0.061],"evs":[0.0,-0.39235]},"K6s":{"weight":0.0,"played":[0.991,0.009],"evs":[0.0,-0.70986]},"K7s":{"weight":0.0,"played":[0.9959,0.0041],"evs":[0.0,-0.61663]},"K8s":{"weight":0.0,"played":[0.9996,4.0E-4],"evs":[0.0,-0.92074]},"K9s":{"weight":0.1237,"played":[0.3657,0.6343],"evs":[0.0,0.06054]},"KTs":{"weight":0.002,"played":[9.0E-4,0.9991],"evs":[0.0,0.53147]},"KJs":{"weight":4.0E-4,"played":[4.0E-4,0.9996],"evs":[0.0,0.5961]},"KQs":{"weight":0.0,"played":[6.0E-4,0.9994],"evs":[0.0,1.62461]},"KK":{"weight":0.0,"played":[0.0,1.0],"evs":[0.0,9.81832]},"AKo":{"weight":0.0,"played":[0.0,1.0],"evs":[0.0,5.88617]},"A2s":{"weight":0.2529,"played":[0.5828,0.4172],"evs":[0.0,-0.12764]},"A3s":{"weight":0.0695,"played":[0.0611,0.9389],"evs":[0.0,0.1867]},"A4s":{"weight":0.04,"played":[0.0481,0.9519],"evs":[0.0,0.2567]},"A5s":{"weight":0.003,"played":[0.0562,0.9438],"evs":[0.0,0.2169]},"A6s":{"weight":1.0E-4,"played":[0.3151,0.6849],"evs":[0.0,0.09123]},"A7s":{"weight":1.0E-4,"played":[0.0585,0.9415],"evs":[0.0,0.07766]},"A8s":{"weight":1.0E-4,"played":[0.0,1.0],"evs":[0.0,0.67227]},"A9s":{"weight":0.0,"played":[4.0E-4,0.9996],"evs":[0.0,1.25742]},"ATs":{"weight":0.0,"played":[0.0,1.0],"evs":[0.0,2.25647]},"AJs":{"weight":4.0E-4,"played":[0.0,1.0],"evs":[0.0,3.66948]},"AQs":{"weight":0.0,"played":[0.0,1.0],"evs":[0.0,5.16071]},"AKs":{"weight":0.0,"played":[0.0,1.0],"evs":[0.0,6.6081]},"AA":{"weight":0.2811,"played":[0.0,1.0],"evs":[0.0,13.21726]}}}