{"player":2,"street":0,"children":2,"sequence":[{"player":0,"type":"F","amount":0,"street":0},{"player":1,"type":"R","amount":200000,"street":0},{"player":2,"type":"C","amount":200000,"street":0},{"player":3,"type":"F","amount":0,"street":0},{"player":4,"type":"C","amount":150000,"street":0},{"player":5,"type":"R","amount":1875000,"street":0},{"player":1,"type":"F","amount":0,"street":0}],"actions":[{"type":"F","amount":0,"node":114},{"type":"C","amount":995000,"node":115}],"hands":{"22":{"weight":0.0,"played":[0.5326,0.4674],"evs":[0.0,0.76571]},"32o":{"weight":0.0,"played":[0.9918,0.0082],"evs":[0.0,-2.28758]},"42o":{"weight":0.0,"played":[0.9971,0.0029],"evs":[0.0,-3.28667]},"52o":{"weight":0.0,"played":[0.9997,3.0E-4],"evs":[0.0,-0.62056]},"62o":{"weight":0.0,"played":[0.9978,0.0022],"evs":[0.0,-3.63875]},"72o":{"weight":0.0,"played":[0.9928,0.0072],"evs":[0.0,-3.34103]},"82o":{"weight":0.0,"played":[0.9487,0.0513],"evs":[0.0,-0.93798]},"92o":{"weight":0.0,"played":[0.9943,0.0057],"evs":[0.0,-1.86429]},"T2o":{"weight":0.0,"played":[0.9976,0.0024],"evs":[0.0,-3.55461]},"J2o":{"weight":0.0,"played":[0.9746,0.0254],"evs":[0.0,-1.48344]},"Q2o":{"weight":0.0,"played":[0.9986,0.0014],"evs":[0.0,-2.37193]},"K2o":{"weight":0.0,"played":[0.8297,0.1703],"evs":[0.0,-2.24081]},"A2o":{"weight":0.0,"played":[0.4877,0.5123],"evs":[0.0,-3.0E-4]},"32s":{"weight":0.0,"played":[0.9903,0.0097],"evs":[0.0,-1.60683]},"33":{"weight":0.0,"played":[0.005,0.995],"evs":[0.0,2.44295]},"43o":{"weight":0.0,"played":[0.9968,0.0032],"evs":[0.0,-1.59324]},"53o":{"weight":0.0,"played":[0.9996,4.0E-4],"evs":[0.0,-1.55431]},"63o":{"weight":0.0,"played":[0.9911,0.0089],"evs":[0.0,-0.78571]},"73o":{"weight":0.0,"played":[0.9983,0.0017],"evs":[0.0,-2.71903]},"83o":{"weight":0.0,"played":[0.9824,0.0176],"evs":[0.0,-1.33648]},"93o":{"weight":0.0,"played":[0.9994,6.0E-4],"evs":[0.0,-2.14805]},"T3o":{"weight":0.0,"played":[0.9989,0.0011],"evs":[0.0,-1.81818]},"J3o":{"weight":0.0,"played":[0.8637,0.1363],"evs":[0.0,-1.99651]},"Q3o":{"weight":0.0,"played":[0.7817,0.2183],"evs":[0.0,-1.83211]},"K3o":{"weight":0.0,"played":[0.9316,0.0684],"evs":[0.0,-1.95758]},"A3o":{"weight":0.0,"played":[0.2919,0.7081],"evs":[0.0,0.62283]},"42s":{"weight":0.0,"played":[0.9763,0.0237],"evs":[0.0,-2.27465]},"43s":{"weight":0.0,"played":[0.0546,0.9454],"evs":[0.0,2.99234]},"44":{"weight":0.0,"played":[0.5755,0.4245],"evs":[0.0,0.32082]},"54o":{"weight":0.0,"played":[0.9522,0.0478],"evs":[0.0,-1.52815]},"64o":{"weight":0.0,"played":[0.9969,0.0031],"evs":[0.0,-1.06829]},"74o":{"weight":0.0,"played":[0.9977,0.0023],"evs":[0.0,-1.51705]},"84o":{"weight":0.0,"played":[0.9886,0.0114],"evs":[0.0,-1.49926]},"94o":{"weight":0.0,"played":[0.9953,0.0047],"evs":[0.0,-3.67531]},"T4o":{"weight":0.0,"played":[0.9586,0.0414],"evs":[0.0,-1.82695]},"J4o":{"weight":0.0,"played":[0.9942,0.0058],"evs":[0.0,-3.01381]},"Q4o":{"weight":0.0,"played":[0.6317,0.3683],"evs":[0.0,-0.54122]},"K4o":{"weight":0.0,"played":[0.9871,0.0129],"evs":[0.0,-1.77837]},"A4o":{"weight":0.0,"played":[0.2612,0.7388],"evs":[0.0,0.15684]},"52s":{"weight":0.0,"played":[0.322,0.678],"evs":[0.0,1.32223]},"53s":{"weight":0.0,"played":[0.2476,0.7524],"evs":[0.0,0.68139]},"54s":{"weight":0.0,"played":[0.0928,0.9072],"evs":[0.0,3.7513]},"55":{"weight":0.2986,"played":[0.0031,0.9969],"evs":[0.0,3.65256]},"65o":{"weight":0.0,"played":[0.7833,0.2167],"evs":[0.0,-1.54288]},"75o":{"weight":0.0,"played":[0.8864,0.1136],"evs":[0.0,-1.23661]},"85o":{"weight":0.0,"played":[0.9545,0.0455],"evs":[0.0,-0.08573]},"95o":{"weight":0.0,"played":[0.9491,0.0509],"evs":[0.0,-2.57028]},"T5o":{"weight":0.0,"played":[0.8734,0.1266],"evs":[0.0,-1.30584]},"J5o":{"weight":0.0,"played":[0.9661,0.0339],"evs":[0.0,-1.72864]},"Q5o":{"weight":0.0,"played":[0.9101,0.0899],"evs":[0.0,-2.80394]},"K5o":{"weight":0.0,"played":[0.9748,0.0252],"evs":[0.0,-3.05056]},"A5o":{"weight":0.0,"played":[0.0172,0.9828],"evs":[0.0,1.37635]},"62s":{"weight":0.0,"played":[0.9426,0.0574],"evs":[0.0,-1.0377]},"63s":{"weight":0.0,"played":[0.247,0.753],"evs":[0.0,0.88969]},"64s":{"weight":0.0,"played":[0.4472,0.5528],"evs":[0.0,0.79543]},"65s":{"weight":0.0,"played":[0.4343,0.5657],"evs":[0.0,0.11808]},"66":{"weight":0.0011,"played":[0.0,1.0],"evs":[0.0,1.50611]},"76o":{"weight":0.0,"played":[0.9877,0.0123],"evs":[0.0,-0.83867]},"86o":{"weight":0.0,"played":[0.5346,0.4654],"evs":[0.0,0.26125]},"96o":{"weight":0.0,"played":[0.7753,0.2247],"evs":[0.0,-1.50693]},"T6o":{"weight":0.0,"played":[0.9453,0.0547],"evs":[0.0,-0.62357]},"J6o":{"weight":0.0,"played":[0.9217,0.0783],"evs":[0.0,-0.9566]},"Q6o":{"weight":0.0,"played":[0.9419,0.0581],"evs":[0.0,-1.19205]},"K6o":{"weight":0.0,"played":[0.4567,0.5433],"evs":[0.0,-1.58608]},"A6o":{"weight":0.0,"played":[0.491,0.509],"evs":[0.0,-0.50458]},"72s":{"weight":0.0,"played":[0.9585,0.0415],"evs":[0.0,-2.54691]},"73s":{"weight":0.0,"played":[0.4899,0.5101],"evs":[0.0,-0.29564]},"74s":{"weight":0.0,"played":[0.9925,0.0075],"evs":[0.0,-2.36203]},"75s":{"weight":0.0,"played":[0.026,0.974],"evs":[0.0,1.12378]},"76s":{"weight":0.0,"played":[0.3053,0.6947],"evs":[0.0,1.44642]},"77":{"weight":0.0,"played":[0.0079,0.9921],"evs":[0.0,2.95159]},"87o":{"weight":0.0,"played":[0.8548,0.1452],"evs":[0.0,-1.13788]},"97o":{"weight":0.0,"played":[0.8289,0.1711],"evs":[0.0,0.58077]},"T7o":{"weight":0.0,"played":[0.7567,0.2433],"evs":[0.0,-1.17983]},"J7o":{"weight":0.0,"played":[0.7338,0.2662],"evs":[0.0,-0.87061]},"Q7o":{"weight":0.0,"played":[0.8262,0.1738],"evs":[0.0,-2.42138]},"K7o":{"weight":0.0,"played":[0.2803,0.7197],"evs":[0.0,1.94075]},"A7o":{"weight":0.0243,"played":[0.0172,0.9828],"evs":[0.0,2.1929]},"82s":{"weight":0.0,"played":[0.9994,6.0E-4],"evs":[0.0,-1.99553]},"83s":{"weight":0.0,"played":[0.7262,0.2738],"evs":[0.0,-1.92859]},"84s":{"weight":0.0,"played":[0.9822,0.0178],"evs":[0.0,-0.41508]},"85s":{"weight":0.0,"played":[0.6601,0.3399],"evs":[0.0,1.05141]},"86s":{"weight":0.0,"played":[0.072,0.928],"evs":[0.0,1.70691]},"87s":{"weight":0.0,"played":[0.1154,0.8846],"evs":[0.0,3.06766]},"88":{"weight":1.0E-4,"played":[4.0E-4,0.9996],"evs":[0.0,4.83472]},"98o":{"weight":0.0,"played":[0.2435,0.7565],"evs":[0.0,-1.02176]},"T8o":{"weight":0.0,"played":[0.0294,0.9706],"evs":[0.0,0.12245]},"J8o":{"weight":0.0,"played":[0.7293,0.2707],"evs":[0.0,-0.6011]},"Q8o":{"weight":0.0,"played":[0.7014,0.2986],"evs":[0.0,-0.85127]},"K8o":{"weight":0.0,"played":[0.7232,0.2768],"evs":[0.0,0.13696]},"A8o":{"weight":0.0,"played":[0.1684,0.8316],"evs":[0.0,0.75737]},"92s":{"weight":0.0,"played":[0.5357,0.4643],"evs":[0.0,-1.89128]},"93s":{"weight":0.0,"played":[0.6941,0.3059],"evs":[0.0,0.51057]},"94s":{"weight":0.0,"played":[0.9814,0.0186],"evs":[0.0,-3.26602]},"95s":{"weight":0.0,"played":[0.1908,0.8092],"evs":[0.0,1.66306]},"96s":{"weight":0.0,"played":[0.1656,0.8344],"evs":[0.0,1.44223]},"97s":{"weight":0.0,"played":[0.8518,0.1482],"evs":[0.0,-1.47267]},"98s":{"weight":0.0,"played":[0.2703,0.7297],"evs":[0.0,-0.15883]},"99":{"weight":0.0031,"played":[0.0,1.0],"evs":[0.0,5.32443]},"T9o":{"weight":0.0,"played":[0.2548,0.7452],"evs":[0.0,0.79028]},"J9o":{"weight":0.0,"played":[0.8023,0.1977],"evs":[0.0,-0.29282]},"Q9o":{"weight":0.0,"played":[0.6012,0.3988],"evs":[0.0,-0.41626]},"K9o":{"weight":0.0,"played":[0.0431,0.9569],"evs":[0.0,0.69151]},"A9o":{"weight":0.0168,"played":[0.0038,0.9962],"evs":[0.0,3.36716]},"T2s":{"weight":0.0,"played":[0.9922,0.0078],"evs":[0.0,-2.5626]},"T3s":{"weight":0.0,"played":[0.9784,0.0216],"evs":[0.0,-1.30717]},"T4s":{"weight":0.0,"played":[0.6999,0.3001],"evs":[0.0,0.16078]},"T5s":{"weight":0.0,"played":[0.7343,0.2657],"evs":[0.0,-2.74903]},"T6s":{"weight":0.0,"played":[0.3003,0.6997],"evs":[0.0,-0.24309]},"T7s":{"weight":0.0,"played":[0.3754,0.6246],"evs":[0.0,0.48986]},"T8s":{"weight":0.0,"played":[0.0661,0.9339],"evs":[0.0,1.18157]},"T9s":{"weight":0.0,"played":[0.0032,0.9968],"evs":[0.0,0.48573]},"TT":{"weight":0.0,"played":[0.0,1.0],"evs":[0.0,8.55434]},"JTo":{"weight":0.0,"played":[0.548,0.452],"evs":[0.0,-0.19209]},"QTo":{"weight":0.0,"played":[0.2017,0.7983],"evs":[0.0,0.16377]},"KTo":{"weight":0.0,"played":[0.0093,0.9907],"evs":[0.0,1.19023]},"ATo":{"weight":1.0E-4,"played":[0.008,0.992],"evs":[0.0,3.67227]},"J2s":{"weight":0.0,"played":[0.3315,0.6685],"evs":[0.0,-1.11434]},"J3s":{"weight":0.0,"played":[0.6641,0.3359],"evs":[0.0,1.39694]},"J4s":{"weight":0.0,"played":[0.8405,0.1595],"evs":[0.0,-1.41948]},"J5s":{"weight":0.0,"played":[0.7237,0.2763],"evs":[0.0,-0.50332]},"J6s":{"weight":0.0,"played":[0.142,0.858],"evs":[0.0,1.81675]},"J7s":{"weight":0.0,"played":[0.3076,0.6924],"evs":[0.0,0.61761]},"J8s":{"weight":0.0,"played":[0.7709,0.2291],"evs":[0.0,-2.01335]},"J9s":{"weight":0.0,"played":[0.2711,0.7289],"evs":[0.0,0.59935]},"JTs":{"weight":0.0229,"played":[0.0175,0.9825],"evs":[0.0,1.41789]},"JJ":{"weight":0.0,"played":[3.0E-4,0.9997],"evs":[0.0,7.68419]},"QJo":{"weight":1.0E-4,"played":[8.0E-4,0.9992],"evs":[0.0,1.26128]},"KJo":{"weight":0.0394,"played":[0.0061,0.9939],"evs":[0.0,1.78197]},"AJo":{"weight":0.0,"played":[1.0E-4,0.9999],"evs":[0.0,5.25628]},"Q2s":{"weight":0.0,"played":[0.4798,0.5202],"evs":[0.0,-0.46133]},"Q3s":{"weight":0.0,"played":[0.2693,0.7307],"evs":[0.0,-1.5326]},"Q4s":{"weight":0.0,"played":[0.0116,0.9884],"evs":[0.0,0.90245]},"Q5s":{"weight":0.0,"played":[0.2025,0.7975],"evs":[0.0,0.33565]},"Q6s":{"weight":0.0,"played":[6.0E-4,0.9994],"evs":[0.0,1.36146]},"Q7s":{"weight":0.0,"played":[0.1583,0.8417],"evs":[0.0,-0.3929]},"Q8s":{"weight":0.0,"played":[0.1534,0.8466],"evs":[0.0,1.11978]},"Q9s":{"weight":0.0,"played":[0.4526,0.5474],"evs":[0.0,0.22255]},"QTs":{"weight":0.7462,"played":[0.0107,0.9893],"evs":[0.0,2.0442]},"QJs":{"weight":0.0021,"played":[0.3367,0.6633],"evs":[0.0,1.44317]},"QQ":{"weight":1.0E-4,"played":[7.0E-4,0.9993],"evs":[0.0,11.83701]},"KQo":{"weight":0.0,"played":[0.0,1.0],"evs":[0.0,0.37944]},"AQo":{"weight":0.0,"played":[2.0E-4,0.9998],"evs":[0.0,3.0406]},"K2s":{"weight":0.0,"played":[0.5107,0.4893],"evs":[0.0,-0.33299]},"K3s":{"weight":0.0,"played":[0.6814,0.3186],"evs":[0.0,-1.56023]},"K4s":{"weight":0.0,"played":[0.1008,0.8992],"evs":[0.0,0.34908]},"K5s":{"weight":0.0,"played":[0.1822,0.8178],"evs":[0.0,0.74594]},"K6s":{"weight":0.0,"played":[0.4338,0.5662],"evs":[0.0,0.91646]},"K7s":{"weight":0.0,"played":[0.6392,0.3608],"evs":[0.0,0.289]},"K8s":{"weight":0.0,"played":[0.3645,0.6355],"evs":[0.0,0.06688]},"K9s":{"weight":0.1237,"played":[0.1472,0.8528],"evs":[0.0,0.03771]},"KTs":{"weight":0.002,"played":[0.0,1.0],"evs":[0.0,3.72212]},"KJs":{"weight":4.0E-4,"played":[4.0E-4,0.9996],"evs":[0.0,4.53251]},"KQs":{"weight":0.0,"played":[0.1286,0.8714],"evs":[0.0,1.4735]},"KK":{"weight":0.0,"played":[3.0E-4,0.9997],"evs":[0.0,11.23831]},"AKo":{"weight":0.0,"played":[3.0E-4,0.9997],"evs":[0.0,8.128]},"A2s":{"weight":0.2529,"played":[0.2349,0.7651],"evs":[0.0,2.62915]},"A3s":{"weight":0.0695,"played":[2.0E-4,0.9998],"evs":[0.0,1.99311]},"A4s":{"weight":0.04,"played":[0.6302,0.3698],"evs":[0.0,-0.41875]},"A5s":{"weight":0.003,"played":[0.1765,0.8235],"evs":[0.0,4.2777]},"A6s":{"weight":1.0E-4,"played":[0.0059,0.9941],"evs":[0.0,1.76064]},"A7s":{"weight":1.0E-4,"played":[0.0066,0.9934],"evs":[0.0,2.74698]},"A8s":{"weight":1.0E-4,"played":[0.0036,0.9964],"evs":[0.0,6.39216]},"A9s":{"weight":0.0,"played":[0.0452,0.9548],"evs":[0.0,3.16452]},"ATs":{"weight":0.0,"played":[0.0083,0.9917],"evs":[0.0,5.34589]},"AJs":{"weight":4.0E-4,"played":[0.1148,0.8852],"evs":[0.0,4.19264]},"AQs":{"weight":0.0,"played":[0.0015,0.9985],"evs":[0.0,4.39127]},"AKs":{"weight":0.0,"played":[0.0,1.0],"evs":[0.0,7.02499]},"AA":{"weight":0.2811,"played":[0.0,1.0],"evs":[0.0,15.31]}}}