{"player":4,"street":0,"children":2,"sequence":[{"player":0,"type":"F","amount":0,"street":0},{"player":1,"type":"R","amount":200000,"street":0},{"player":2,"type":"C","amount":200000,"street":0},{"player":3,"type":"F","amount":0,"street":0},{"player":4,"type":"C","amount":150000,"street":0},{"player":5,"type":"R","amount":1875000,"street":0},{"player":1,"type":"F","amount":0,"street":0},{"player":2,"type":"C","amount":995000,"street":0}],"actions":[{"type":"F","amount":0},{"type":"C","amount":1045000}],"hands":{"22":{"weight":0.0095,"played":[0.9495,0.0505],"evs":[0.0,-3.40307]},"32o":{"weight":0.0,"played":[0.9853,0.0147],"evs":[0.0,-4.87832]},"42o":{"weight":0.0,"played":[0.9855,0.0145],"evs":[0.0,-3.78845]},"52o":{"weight":0.0,"played":[0.9681,0.0319],"evs":[0.0,-5.80368]},"62o":{"weight":0.0,"played":[0.7811,0.2189],"evs":[0.0,-3.71008]},"72o":{"weight":0.0,"played":[0.9996,4.0E-4],"evs":[0.0,-4.62609]},"82o":{"weight":0.0,"played":[0.8397,0.1603],"evs":[0.0,-1.85704]},"92o":{"weight":0.0,"played":[0.9924,0.0076],"evs":[0.0,-5.43078]},"T2o":{"weight":0.0,"played":[0.9059,0.0941],"evs":[0.0,-2.44362]},"J2o":{"weight":0.0,"played":[0.9235,0.0765],"evs":[0.0,-1.98742]},"Q2o":{"weight":0.0,"played":[0.8508,0.1492],"evs":[0.0,-2.41766]},"K2o":{"weight":0.0,"played":[0.32,0.68],"evs":[0.0,-0.34403]},"A2o":{"weight":0.001,"played":[0.7626,0.2374],"evs":[0.0,-1.41955]},"32s":{"weight":4.0E-4,"played":[0.9999,1.0E-4],"evs":[0.0,-2.74513]},"33":{"weight":0.0018,"played":[0.9162,0.0838],"evs":[0.0,-3.11368]},"43o":{"weight":1.0E-4,"played":[0.3148,0.6852],"evs":[0.0,-0.92302]},"53o":{"weight":1.0E-4,"played":[0.985,0.015],"evs":[0.0,-1.5897]},"63o":{"weight":3.0E-4,"played":[0.9991,9.0E-4],"evs":[0.0,-1.76358]},"73o":{"weight":0.0,"played":[0.9364,0.0636],"evs":[0.0,-2.94577]},"83o":{"weight":0.0,"played":[0.9813,0.0187],"evs":[0.0,0.26833]},"93o":{"weight":0.0,"played":[0.7499,0.2501],"evs":[0.0,-4.66049]},"T3o":{"weight":0.0,"played":[0.9561,0.0439],"evs":[0.0,-0.81216]},"J3o":{"weight":0.0,"played":[0.9251,0.0749],"evs":[0.0,-5.07115]},"Q3o":{"weight":3.0E-4,"played":[0.8573,0.1427],"evs":[0.0,-1.80654]},"K3o":{"weight":0.0,"played":[0.8601,0.1399],"evs":[0.0,-1.78136]},"A3o":{"weight":0.0071,"played":[0.9813,0.0187],"evs":[0.0,-1.50544]},"42s":{"weight":0.0038,"played":[0.6678,0.3322],"evs":[0.0,-2.18325]},"43s":{"weight":1.0E-4,"played":[0.7064,0.2936],"evs":[0.0,-0.97064]},"44":{"weight":0.6868,"played":[0.1286,0.8714],"evs":[0.0,2.12174]},"54o":{"weight":0.0,"played":[0.5608,0.4392],"evs":[0.0,-1.92762]},"64o":{"weight":0.0,"played":[0.9974,0.0026],"evs":[0.0,-1.43133]},"74o":{"weight":0.0,"played":[0.9918,0.0082],"evs":[0.0,-3.75047]},"84o":{"weight":0.0,"played":[0.9998,2.0E-4],"evs":[0.0,-1.96887]},"94o":{"weight":0.0,"played":[0.8614,0.1386],"evs":[0.0,-1.75994]},"T4o":{"weight":1.0E-4,"played":[1.0,0.0],"evs":[0.0,-1.4248]},"J4o":{"weight":1.0E-4,"played":[0.5726,0.4274],"evs":[0.0,-0.7489]},"Q4o":{"weight":0.0,"played":[0.9042,0.0958],"evs":[0.0,-4.66875]},"K4o":{"weight":1.0E-4,"played":[0.491,0.509],"evs":[0.0,0.56705]},"A4o":{"weight":0.0,"played":[0.8943,0.1057],"evs":[0.0,-1.13221]},"52s":{"weight":0.0041,"played":[0.0877,0.9123],"evs":[0.0,0.26442]},"53s":{"weight":0.001,"played":[0.826,0.174],"evs":[0.0,-2.49229]},"54s":{"weight":0.0,"played":[0.0088,0.9912],"evs":[0.0,-0.18269]},"55":{"weight":0.0353,"played":[0.8829,0.1171],"evs":[0.0,-1.1935]},"65o":{"weight":1.0E-4,"played":[0.8634,0.1366],"evs":[0.0,1.0989]},"75o":{"weight":1.0E-4,"played":[0.923,0.077],"evs":[0.0,-3.26083]},"85o":{"weight":0.0,"played":[0.9804,0.0196],"evs":[0.0,-1.34745]},"95o":{"weight":0.0,"played":[0.5534,0.4466],"evs":[0.0,0.0308]},"T5o":{"weight":0.0,"played":[0.9994,6.0E-4],"evs":[0.0,-2.55527]},"J5o":{"weight":0.0,"played":[0.9682,0.0318],"evs":[0.0,-3.31101]},"Q5o":{"weight":0.0,"played":[0.9828,0.0172],"evs":[0.0,-1.54091]},"K5o":{"weight":3.0E-4,"played":[0.782,0.218],"evs":[0.0,-2.28942]},"A5o":{"weight":0.0025,"played":[0.0555,0.9445],"evs":[0.0,4.79529]},"62s":{"weight":3.0E-4,"played":[0.4757,0.5243],"evs":[0.0,2.1066]},"63s":{"weight":9.0E-4,"played":[0.2563,0.7437],"evs":[0.0,2.41333]},"64s":{"weight":0.015,"played":[0.8382,0.1618],"evs":[0.0,-4.29992]},"65s":{"weight":0.625,"played":[0.4836,0.5164],"evs":[0.0,1.71425]},"66":{"weight":0.0164,"played":[0.4737,0.5263],"evs":[0.0,2.2173]},"76o":{"weight":0.0,"played":[0.7067,0.2933],"evs":[0.0,-0.22457]},"86o":{"weight":0.0011,"played":[0.9108,0.0892],"evs":[0.0,-1.17184]},"96o":{"weight":0.0,"played":[0.9982,0.0018],"evs":[0.0,-1.39552]},"T6o":{"weight":0.0,"played":[0.089,0.911],"evs":[0.0,1.00576]},"J6o":{"weight":0.0,"played":[0.9782,0.0218],"evs":[0.0,-1.99225]},"Q6o":{"weight":4.0E-4,"played":[0.9838,0.0162],"evs":[0.0,-1.78393]},"K6o":{"weight":3.0E-4,"played":[0.2855,0.7145],"evs":[0.0,1.6096]},"A6o":{"weight":0.0163,"played":[0.1416,0.8584],"evs":[0.0,3.70818]},"72s":{"weight":0.0015,"played":[0.9665,0.0335],"evs":[0.0,-3.7075]},"73s":{"weight":1.0E-4,"played":[0.953,0.047],"evs":[0.0,-1.40682]},"74s":{"weight":0.0015,"played":[0.9683,0.0317],"evs":[0.0,-6.38879]},"75s":{"weight":0.0628,"played":[0.5721,0.4279],"evs":[0.0,-0.58844]},"76s":{"weight":0.0857,"played":[0.367,0.633],"evs":[0.0,2.70225]},"77":{"weight":0.0011,"played":[0.2368,0.7632],"evs":[0.0,6.36654]},"87o":{"weight":1.0E-4,"played":[0.0252,0.9748],"evs":[0.0,2.15343]},"97o":{"weight":0.0013,"played":[0.72,0.28],"evs":[0.0,-1.76292]},"T7o":{"weight":8.0E-4,"played":[0.883,0.117],"evs":[0.0,-2.24676]},"J7o":{"weight":2.0E-4,"played":[0.868,0.132],"evs":[0.0,0.34637]},"Q7o":{"weight":1.0E-4,"played":[0.5273,0.4727],"evs":[0.0,-0.2018]},"K7o":{"weight":0.0,"played":[0.4759,0.5241],"evs":[0.0,-1.70059]},"A7o":{"weight":0.2091,"played":[0.3619,0.6381],"evs":[0.0,-0.02696]},"82s":{"weight":1.0E-4,"played":[0.3945,0.6055],"evs":[0.0,-0.67013]},"83s":{"weight":3.0E-4,"played":[0.8475,0.1525],"evs":[0.0,0.45231]},"84s":{"weight":0.0026,"played":[0.3318,0.6682],"evs":[0.0,0.41411]},"85s":{"weight":3.0E-4,"played":[0.3117,0.6883],"evs":[0.0,-2.80831]},"86s":{"weight":0.0315,"played":[0.0056,0.9944],"evs":[0.0,3.64177]},"87s":{"weight":0.5384,"played":[0.9603,0.0397],"evs":[0.0,-1.89978]},"88":{"weight":0.0,"played":[0.0432,0.9568],"evs":[0.0,7.31787]},"98o":{"weight":0.0026,"played":[0.9933,0.0067],"evs":[0.0,-3.05812]},"T8o":{"weight":0.0022,"played":[0.3753,0.6247],"evs":[0.0,2.54288]},"J8o":{"weight":0.0017,"played":[1.0,0.0],"evs":[0.0,-3.83478]},"Q8o":{"weight":0.0,"played":[0.101,0.899],"evs":[0.0,1.69332]},"K8o":{"weight":3.0E-4,"played":[0.8719,0.1281],"evs":[0.0,-0.45239]},"A8o":{"weight":0.0027,"played":[0.7078,0.2922],"evs":[0.0,1.28215]},"92s":{"weight":0.0041,"played":[0.7878,0.2122],"evs":[0.0,-1.6623]},"93s":{"weight":0.004,"played":[0.9647,0.0353],"evs":[0.0,-7.30148]},"94s":{"weight":0.0,"played":[0.225,0.775],"evs":[0.0,0.55653]},"95s":{"weight":9.0E-4,"played":[0.3641,0.6359],"evs":[0.0,3.59201]},"96s":{"weight":0.0113,"played":[0.2652,0.7348],"evs":[0.0,-2.61893]},"97s":{"weight":0.0023,"played":[0.7042,0.2958],"evs":[0.0,1.99938]},"98s":{"weight":3.0E-4,"played":[0.1396,0.8604],"evs":[0.0,4.7299]},"99":{"weight":0.0018,"played":[0.008,0.992],"evs":[0.0,1.36464]},"T9o":{"weight":0.0,"played":[0.4545,0.5455],"evs":[0.0,0.9826]},"J9o":{"weight":0.0,"played":[0.7382,0.2618],"evs":[0.0,-0.01358]},"Q9o":{"weight":1.0E-4,"played":[0.5525,0.4475],"evs":[0.0,0.68894]},"K9o":{"weight":5.0E-4,"played":[0.5237,0.4763],"evs":[0.0,-0.43135]},"A9o":{"weight":0.0176,"played":[0.0361,0.9639],"evs":[0.0,2.93909]},"T2s":{"weight":0.0017,"played":[0.4836,0.5164],"evs":[0.0,0.68948]},"T3s":{"weight":0.0,"played":[0.5664,0.4336],"evs":[0.0,-0.44123]},"T4s":{"weight":0.0,"played":[0.5268,0.4732],"evs":[0.0,1.58361]},"T5s":{"weight":0.0,"played":[0.0492,0.9508],"evs":[0.0,7.16237]},"T6s":{"weight":0.0027,"played":[0.4012,0.5988],"evs":[0.0,-1.18856]},"T7s":{"weight":1.0E-4,"played":[0.6435,0.3565],"evs":[0.0,-2.13269]},"T8s":{"weight":0.0,"played":[0.1894,0.8106],"evs":[0.0,0.97058]},"T9s":{"weight":0.3459,"played":[0.0166,0.9834],"evs":[0.0,5.75698]},"TT":{"weight":7.0E-4,"played":[0.009,0.991],"evs":[0.0,11.65543]},"JTo":{"weight":7.0E-4,"played":[0.4586,0.5414],"evs":[0.0,-1.01391]},"QTo":{"weight":0.0098,"played":[0.1349,0.8651],"evs":[0.0,0.90941]},"KTo":{"weight":0.1627,"played":[0.2067,0.7933],"evs":[0.0,1.27876]},"ATo":{"weight":7.0E-4,"played":[0.1026,0.8974],"evs":[0.0,1.50478]},"J2s":{"weight":8.0E-4,"played":[0.8079,0.1921],"evs":[0.0,-2.14175]},"J3s":{"weight":0.0,"played":[0.0799,0.9201],"evs":[0.0,3.28439]},"J4s":{"weight":0.0,"played":[0.8856,0.1144],"evs":[0.0,-2.95887]},"J5s":{"weight":0.0016,"played":[0.9991,9.0E-4],"evs":[0.0,-2.55948]},"J6s":{"weight":0.0013,"played":[0.2797,0.7203],"evs":[0.0,5.3799]},"J7s":{"weight":0.0018,"played":[0.623,0.377],"evs":[0.0,-2.24033]},"J8s":{"weight":0.0,"played":[0.5007,0.4993],"evs":[0.0,3.60375]},"J9s":{"weight":0.5515,"played":[0.6471,0.3529],"evs":[0.0,-2.41033]},"JTs":{"weight":0.0548,"played":[0.0779,0.9221],"evs":[0.0,1.97387]},"JJ":{"weight":0.0,"played":[0.0145,0.9855],"evs":[0.0,13.92547]},"QJo":{"weight":0.6712,"played":[0.002,0.998],"evs":[0.0,1.16532]},"KJo":{"weight":3.0E-4,"played":[0.6859,0.3141],"evs":[0.0,2.00022]},"AJo":{"weight":0.0223,"played":[0.2271,0.7729],"evs":[0.0,-1.46183]},"Q2s":{"weight":4.0E-4,"played":[0.5841,0.4159],"evs":[0.0,0.81406]},"Q3s":{"weight":0.0013,"played":[0.9798,0.0202],"evs":[0.0,-3.00026]},"Q4s":{"weight":0.001,"played":[0.1253,0.8747],"evs":[0.0,0.1233]},"Q5s":{"weight":5.0E-4,"played":[0.4161,0.5839],"evs":[0.0,-2.94986]},"Q6s":{"weight":0.0012,"played":[0.5888,0.4112],"evs":[0.0,-1.60697]},"Q7s":{"weight":3.0E-4,"played":[0.9998,2.0E-4],"evs":[0.0,-8.29688]},"Q8s":{"weight":0.0078,"played":[0.2866,0.7134],"evs":[0.0,3.30849]},"Q9s":{"weight":0.014,"played":[0.3873,0.6127],"evs":[0.0,0.66779]},"QTs":{"weight":0.781,"played":[0.4606,0.5394],"evs":[0.0,0.91838]},"QJs":{"weight":0.0274,"played":[0.0189,0.9811],"evs":[0.0,5.83837]},"QQ":{"weight":0.0,"played":[0.0097,0.9903],"evs":[0.0,15.43042]},"KQo":{"weight":0.0401,"played":[0.0022,0.9978],"evs":[0.0,2.71222]},"AQo":{"weight":2.0E-4,"played":[0.0078,0.9922],"evs":[0.0,3.01114]},"K2s":{"weight":0.0043,"played":[0.587,0.413],"evs":[0.0,2.50741]},"K3s":{"weight":0.0065,"played":[0.0117,0.9883],"evs":[0.0,2.72563]},"K4s":{"weight":0.0193,"played":[0.4892,0.5108],"evs":[0.0,-0.58135]},"K5s":{"weight":0.0036,"played":[0.9231,0.0769],"evs":[0.0,-0.57195]},"K6s":{"weight":0.398,"played":[0.0099,0.9901],"evs":[0.0,2.43862]},"K7s":{"weight":2.0E-4,"played":[0.5152,0.4848],"evs":[0.0,-0.57256]},"K8s":{"weight":7.0E-4,"played":[0.7234,0.2766],"evs":[0.0,-1.07403]},"K9s":{"weight":0.3096,"played":[0.0371,0.9629],"evs":[0.0,1.29027]},"KTs":{"weight":0.0322,"played":[0.0487,0.9513],"evs":[0.0,4.49733]},"KJs":{"weight":0.0729,"played":[0.3462,0.6538],"evs":[0.0,1.69896]},"KQs":{"weight":0.5065,"played":[0.0281,0.9719],"evs":[0.0,7.01876]},"KK":{"weight":7.0E-4,"played":[0.0,1.0],"evs":[0.0,10.55288]},"AKo":{"weight":1.0E-4,"played":[0.0047,0.9953],"evs":[0.0,3.97592]},"A2s":{"weight":0.0736,"played":[0.5789,0.4211],"evs":[0.0,-2.3418]},"A3s":{"weight":0.227,"played":[0.5967,0.4033],"evs":[0.0,7.02388]},"A4s":{"weight":0.0865,"played":[0.2226,0.7774],"evs":[0.0,2.18192]},"A5s":{"weight":0.0065,"played":[0.7078,0.2922],"evs":[0.0,-4.83525]},"A6s":{"weight":0.4338,"played":[0.328,0.672],"evs":[0.0,5.56618]},"A7s":{"weight":0.8991,"played":[0.3673,0.6327],"evs":[0.0,0.00495]},"A8s":{"weight":0.0,"played":[0.8861,0.1139],"evs":[0.0,-3.24495]},"A9s":{"weight":0.0366,"played":[0.253,0.747],"evs":[0.0,0.00246]},"ATs":{"weight":0.0018,"played":[2.0E-4,0.9998],"evs":[0.0,3.57791]},"AJs":{"weight":0.0,"played":[0.3036,0.6964],"evs":[0.0,5.24642]},"AQs":{"weight":1.0E-4,"played":[0.0169,0.9831],"evs":[0.0,3.60321]},"AKs":{"weight":9.0E-4,"played":[0.0153,0.9847],"evs":[0.0,8.47858]},"AA":{"weight":0.0,"played":[0.0024,0.9976],"evs":[0.0,18.04007]}}}