{"player":2,"street":0,"children":2,"sequence":[{"player":0,"type":"F","amount":0,"street":0},{"player":1,"type":"R","amount":200000,"street":0},{"player":2,"type":"C","amount":200000,"street":0},{"player":3,"type":"F","amount":0,"street":0},{"player":4,"type":"C","amount":150000,"street":0},{"player":5,"type":"R","amount":1875000,"street":0},{"player":1,"type":"C","amount":1675000,"street":0}],"actions":[{"type":"F","amount":0,"node":117},{"type":"C","amount":995000,"node":118}],"hands":{"22":{"weight":0.0,"played":[0.2538,0.7462],"evs":[0.0,-0.349]},"32o":{"weight":0.0,"played":[1.0,0.0],"evs":[0.0,-3.67866]},"42o":{"weight":0.0,"played":[1.0,0.0],"evs":[0.0,-3.80974]},"52o":{"weight":0.0,"played":[0.9916,0.0084],"evs":[0.0,-3.06218]},"62o":{"weight":0.0,"played":[1.0,0.0],"evs":[0.0,-3.96653]},"72o":{"weight":0.0,"played":[1.0,0.0],"evs":[0.0,-4.21715]},"82o":{"weight":0.0,"played":[1.0,0.0],"evs":[0.0,-3.48084]},"92o":{"weight":0.0,"played":[1.0,0.0],"evs":[0.0,-4.0819]},"T2o":{"weight":0.0,"played":[0.999,0.001],"evs":[0.0,-4.44929]},"J2o":{"weight":0.0,"played":[0.9999,1.0E-4],"evs":[0.0,-3.40565]},"Q2o":{"weight":0.0,"played":[0.9953,0.0047],"evs":[0.0,-4.00975]},"K2o":{"weight":0.0,"played":[0.9991,9.0E-4],"evs":[0.0,-2.35955]},"A2o":{"weight":0.0,"played":[0.9956,0.0044],"evs":[0.0,-2.33846]},"32s":{"weight":0.0,"played":[0.9957,0.0043],"evs":[0.0,-2.24587]},"33":{"weight":0.0,"played":[0.7428,0.2572],"evs":[0.0,-0.2384]},"43o":{"weight":0.0,"played":[0.9998,2.0E-4],"evs":[0.0,-2.17634]},"53o":{"weight":0.0,"played":[0.9965,0.0035],"evs":[0.0,-2.19787]},"63o":{"weight":0.0,"played":[0.999,0.001],"evs":[0.0,-3.15756]},"73o":{"weight":0.0,"played":[1.0,0.0],"evs":[0.0,-3.85751]},"83o":{"weight":0.0,"played":[0.9993,7.0E-4],"evs":[0.0,-2.88345]},"93o":{"weight":0.0,"played":[0.9996,4.0E-4],"evs":[0.0,-4.03375]},"T3o":{"weight":0.0,"played":[1.0,0.0],"evs":[0.0,-3.51906]},"J3o":{"weight":0.0,"played":[0.9992,8.0E-4],"evs":[0.0,-3.90448]},"Q3o":{"weight":0.0,"played":[0.9983,0.0017],"evs":[0.0,-2.68705]},"K3o":{"weight":0.0,"played":[0.9973,0.0027],"evs":[0.0,-1.81005]},"A3o":{"weight":0.0,"played":[0.9804,0.0196],"evs":[0.0,-1.25089]},"42s":{"weight":0.0,"played":[0.9978,0.0022],"evs":[0.0,-2.52032]},"43s":{"weight":0.0,"played":[0.2676,0.7324],"evs":[0.0,0.3354]},"44":{"weight":0.0,"played":[0.0223,0.9777],"evs":[0.0,1.02315]},"54o":{"weight":0.0,"played":[0.9999,1.0E-4],"evs":[0.0,-1.28056]},"64o":{"weight":0.0,"played":[0.992,0.008],"evs":[0.0,-1.87007]},"74o":{"weight":0.0,"played":[1.0,0.0],"evs":[0.0,-2.67492]},"84o":{"weight":0.0,"played":[0.9979,0.0021],"evs":[0.0,-2.88547]},"94o":{"weight":0.0,"played":[0.9958,0.0042],"evs":[0.0,-3.33004]},"T4o":{"weight":0.0,"played":[0.9999,1.0E-4],"evs":[0.0,-3.09348]},"J4o":{"weight":0.0,"played":[1.0,0.0],"evs":[0.0,-2.98549]},"Q4o":{"weight":0.0,"played":[1.0,0.0],"evs":[0.0,-3.17194]},"K4o":{"weight":0.0,"played":[0.9981,0.0019],"evs":[0.0,-1.76374]},"A4o":{"weight":0.0,"played":[0.9982,0.0018],"evs":[0.0,-1.76994]},"52s":{"weight":0.0,"played":[0.9769,0.0231],"evs":[0.0,-2.62752]},"53s":{"weight":0.0,"played":[0.5603,0.4397],"evs":[0.0,-1.08871]},"54s":{"weight":0.0,"played":[0.4542,0.5458],"evs":[0.0,-0.37239]},"55":{"weight":0.2986,"played":[4.0E-4,0.9996],"evs":[0.0,1.63945]},"65o":{"weight":0.0,"played":[0.9999,1.0E-4],"evs":[0.0,-1.16878]},"75o":{"weight":0.0,"played":[0.9605,0.0395],"evs":[0.0,-1.51438]},"85o":{"weight":0.0,"played":[0.9844,0.0156],"evs":[0.0,-2.1303]},"95o":{"weight":0.0,"played":[0.9984,0.0016],"evs":[0.0,-2.10335]},"T5o":{"weight":0.0,"played":[1.0,0.0],"evs":[0.0,-2.90946]},"J5o":{"weight":0.0,"played":[0.9994,6.0E-4],"evs":[0.0,-3.17956]},"Q5o":{"weight":0.0,"played":[0.9983,0.0017],"evs":[0.0,-2.29007]},"K5o":{"weight":0.0,"played":[0.9952,0.0048],"evs":[0.0,-1.48725]},"A5o":{"weight":0.0,"played":[0.9946,0.0054],"evs":[0.0,-0.75495]},"62s":{"weight":0.0,"played":[0.9684,0.0316],"evs":[0.0,-2.01308]},"63s":{"weight":0.0,"played":[0.9912,0.0088],"evs":[0.0,-2.64916]},"64s":{"weight":0.0,"played":[0.8037,0.1963],"evs":[0.0,-0.81345]},"65s":{"weight":0.0,"played":[0.7671,0.2329],"evs":[0.0,0.3526]},"66":{"weight":0.0011,"played":[0.024,0.976],"evs":[0.0,1.13563]},"76o":{"weight":0.0,"played":[0.991,0.009],"evs":[0.0,-0.9706]},"86o":{"weight":0.0,"played":[0.9863,0.0137],"evs":[0.0,-1.13452]},"96o":{"weight":0.0,"played":[0.9994,6.0E-4],"evs":[0.0,-2.29381]},"T6o":{"weight":0.0,"played":[0.9867,0.0133],"evs":[0.0,-3.26818]},"J6o":{"weight":0.0,"played":[0.9994,6.0E-4],"evs":[0.0,-3.30235]},"Q6o":{"weight":0.0,"played":[0.9997,3.0E-4],"evs":[0.0,-2.9435]},"K6o":{"weight":0.0,"played":[0.9974,0.0026],"evs":[0.0,-2.29622]},"A6o":{"weight":0.0,"played":[0.9832,0.0168],"evs":[0.0,-1.1963]},"72s":{"weight":0.0,"played":[0.9898,0.0102],"evs":[0.0,-4.20005]},"73s":{"weight":0.0,"played":[0.9319,0.0681],"evs":[0.0,-2.13255]},"74s":{"weight":0.0,"played":[0.7667,0.2333],"evs":[0.0,-0.51419]},"75s":{"weight":0.0,"played":[0.9708,0.0292],"evs":[0.0,-1.13602]},"76s":{"weight":0.0,"played":[0.1393,0.8607],"evs":[0.0,0.73371]},"77":{"weight":0.0,"played":[2.0E-4,0.9998],"evs":[0.0,2.30551]},"87o":{"weight":0.0,"played":[0.8336,0.1664],"evs":[0.0,-1.28364]},"97o":{"weight":0.0,"played":[1.0,0.0],"evs":[0.0,-1.85302]},"T7o":{"weight":0.0,"played":[0.9992,8.0E-4],"evs":[0.0,-1.85828]},"J7o":{"weight":0.0,"played":[0.9957,0.0043],"evs":[0.0,-2.80399]},"Q7o":{"weight":0.0,"played":[0.9985,0.0015],"evs":[0.0,-3.50736]},"K7o":{"weight":0.0,"played":[0.9825,0.0175],"evs":[0.0,-1.25747]},"A7o":{"weight":0.0243,"played":[0.5268,0.4732],"evs":[0.0,-0.11449]},"82s":{"weight":0.0,"played":[0.9954,0.0046],"evs":[0.0,-1.05699]},"83s":{"weight":0.0,"played":[0.8662,0.1338],"evs":[0.0,-1.53447]},"84s":{"weight":0.0,"played":[0.978,0.022],"evs":[0.0,-1.04713]},"85s":{"weight":0.0,"played":[0.448,0.552],"evs":[0.0,0.01923]},"86s":{"weight":0.0,"played":[0.2978,0.7022],"evs":[0.0,0.9115]},"87s":{"weight":0.0,"played":[0.3897,0.6103],"evs":[0.0,0.64249]},"88":{"weight":1.0E-4,"played":[1.0E-4,0.9999],"evs":[0.0,3.16768]},"98o":{"weight":0.0,"played":[0.9966,0.0034],"evs":[0.0,-1.30619]},"T8o":{"weight":0.0,"played":[0.9994,6.0E-4],"evs":[0.0,-0.81757]},"J8o":{"weight":0.0,"played":[0.9794,0.0206],"evs":[0.0,-1.8579]},"Q8o":{"weight":0.0,"played":[0.9834,0.0166],"evs":[0.0,-1.51499]},"K8o":{"weight":0.0,"played":[0.9971,0.0029],"evs":[0.0,-1.76005]},"A8o":{"weight":0.0,"played":[0.5908,0.4092],"evs":[0.0,-0.13248]},"92s":{"weight":0.0,"played":[0.9984,0.0016],"evs":[0.0,-0.93114]},"93s":{"weight":0.0,"played":[0.9785,0.0215],"evs":[0.0,-1.54194]},"94s":{"weight":0.0,"played":[0.9991,9.0E-4],"evs":[0.0,-1.82751]},"95s":{"weight":0.0,"played":[0.4986,0.5014],"evs":[0.0,-0.14818]},"96s":{"weight":0.0,"played":[0.5147,0.4853],"evs":[0.0,0.34597]},"97s":{"weight":0.0,"played":[0.3845,0.6155],"evs":[0.0,0.62768]},"98s":{"weight":0.0,"played":[0.3733,0.6267],"evs":[0.0,-0.044]},"99":{"weight":0.0031,"played":[6.0E-4,0.9994],"evs":[0.0,4.07084]},"T9o":{"weight":0.0,"played":[0.9717,0.0283],"evs":[0.0,-1.51617]},"J9o":{"weight":0.0,"played":[0.9645,0.0355],"evs":[0.0,-1.01808]},"Q9o":{"weight":0.0,"played":[0.7697,0.2303],"evs":[0.0,-1.06726]},"K9o":{"weight":0.0,"played":[0.9806,0.0194],"evs":[0.0,-1.31411]},"A9o":{"weight":0.0168,"played":[0.5371,0.4629],"evs":[0.0,-0.09591]},"T2s":{"weight":0.0,"played":[0.9971,0.0029],"evs":[0.0,-1.7844]},"T3s":{"weight":0.0,"played":[0.615,0.385],"evs":[0.0,-1.56994]},"T4s":{"weight":0.0,"played":[0.9919,0.0081],"evs":[0.0,-2.78378]},"T5s":{"weight":0.0,"played":[0.9974,0.0026],"evs":[0.0,-1.27342]},"T6s":{"weight":0.0,"played":[0.9852,0.0148],"evs":[0.0,-2.19568]},"T7s":{"weight":0.0,"played":[0.5249,0.4751],"evs":[0.0,0.41033]},"T8s":{"weight":0.0,"played":[0.0,1.0],"evs":[0.0,1.41629]},"T9s":{"weight":0.0,"played":[0.0029,0.9971],"evs":[0.0,0.76785]},"TT":{"weight":0.0,"played":[1.0E-4,0.9999],"evs":[0.0,6.05426]},"JTo":{"weight":0.0,"played":[0.8751,0.1249],"evs":[0.0,-0.73632]},"QTo":{"weight":0.0,"played":[0.7774,0.2226],"evs":[0.0,-0.5847]},"KTo":{"weight":0.0,"played":[0.0389,0.9611],"evs":[0.0,0.37472]},"ATo":{"weight":1.0E-4,"played":[0.0049,0.9951],"evs":[0.0,0.78117]},"J2s":{"weight":0.0,"played":[0.9975,0.0025],"evs":[0.0,-2.2111]},"J3s":{"weight":0.0,"played":[0.9902,0.0098],"evs":[0.0,-1.7796]},"J4s":{"weight":0.0,"played":[0.6151,0.3849],"evs":[0.0,-0.70923]},"J5s":{"weight":0.0,"played":[0.7275,0.2725],"evs":[0.0,-1.81454]},"J6s":{"weight":0.0,"played":[0.9998,2.0E-4],"evs":[0.0,-0.48265]},"J7s":{"weight":0.0,"played":[0.2676,0.7324],"evs":[0.0,0.9222]},"J8s":{"weight":0.0,"played":[0.8637,0.1363],"evs":[0.0,-0.7313]},"J9s":{"weight":0.0,"played":[0.0647,0.9353],"evs":[0.0,-0.32376]},"JTs":{"weight":0.0229,"played":[4.0E-4,0.9996],"evs":[0.0,1.79209]},"JJ":{"weight":0.0,"played":[0.0,1.0],"evs":[0.0,6.04743]},"QJo":{"weight":1.0E-4,"played":[0.001,0.999],"evs":[0.0,0.39711]},"KJo":{"weight":0.0394,"played":[0.1864,0.8136],"evs":[0.0,0.03268]},"AJo":{"weight":0.0,"played":[1.0E-4,0.9999],"evs":[0.0,2.47823]},"Q2s":{"weight":0.0,"played":[0.9837,0.0163],"evs":[0.0,-3.59334]},"Q3s":{"weight":0.0,"played":[0.7935,0.2065],"evs":[0.0,-0.91228]},"Q4s":{"weight":0.0,"played":[0.7338,0.2662],"evs":[0.0,-0.82745]},"Q5s":{"weight":0.0,"played":[0.9498,0.0502],"evs":[0.0,-1.73165]},"Q6s":{"weight":0.0,"played":[0.9705,0.0295],"evs":[0.0,-2.81952]},"Q7s":{"weight":0.0,"played":[0.9904,0.0096],"evs":[0.0,-0.69241]},"Q8s":{"weight":0.0,"played":[0.7286,0.2714],"evs":[0.0,-0.18333]},"Q9s":{"weight":0.0,"played":[0.0015,0.9985],"evs":[0.0,0.07912]},"QTs":{"weight":0.7462,"played":[0.0803,0.9197],"evs":[0.0,1.20104]},"QJs":{"weight":0.0021,"played":[3.0E-4,0.9997],"evs":[0.0,1.52224]},"QQ":{"weight":1.0E-4,"played":[0.0,1.0],"evs":[0.0,8.05086]},"KQo":{"weight":0.0,"played":[0.0031,0.9969],"evs":[0.0,0.75969]},"AQo":{"weight":0.0,"played":[0.0,1.0],"evs":[0.0,3.22165]},"K2s":{"weight":0.0,"played":[0.6454,0.3546],"evs":[0.0,-0.1388]},"K3s":{"weight":0.0,"played":[0.8458,0.1542],"evs":[0.0,-0.62207]},"K4s":{"weight":0.0,"played":[0.9607,0.0393],"evs":[0.0,-0.64556]},"K5s":{"weight":0.0,"played":[0.1237,0.8763],"evs":[0.0,0.17563]},"K6s":{"weight":0.0,"played":[0.6999,0.3001],"evs":[0.0,-0.60615]},"K7s":{"weight":0.0,"played":[0.0304,0.9696],"evs":[0.0,0.71667]},"K8s":{"weight":0.0,"played":[0.1447,0.8553],"evs":[0.0,1.61805]},"K9s":{"weight":0.1237,"played":[0.0105,0.9895],"evs":[0.0,1.24898]},"KTs":{"weight":0.002,"played":[0.2106,0.7894],"evs":[0.0,0.80288]},"KJs":{"weight":4.0E-4,"played":[0.0,1.0],"evs":[0.0,2.12373]},"KQs":{"weight":0.0,"played":[1.0E-4,0.9999],"evs":[0.0,1.98065]},"KK":{"weight":0.0,"played":[0.0,1.0],"evs":[0.0,12.19556]},"AKo":{"weight":0.0,"played":[0.0,1.0],"evs":[0.0,4.62164]},"A2s":{"weight":0.2529,"played":[0.4454,0.5546],"evs":[0.0,-0.20633]},"A3s":{"weight":0.0695,"played":[0.1358,0.8642],"evs":[0.0,0.06562]},"A4s":{"weight":0.04,"played":[0.0123,0.9877],"evs":[0.0,1.74722]},"A5s":{"weight":0.003,"played":[3.0E-4,0.9997],"evs":[0.0,0.97406]},"A6s":{"weight":1.0E-4,"played":[0.2132,0.7868],"evs":[0.0,0.44579]},"A7s":{"weight":1.0E-4,"played":[0.0,1.0],"evs":[0.0,0.96761]},"A8s":{"weight":1.0E-4,"played":[3.0E-4,0.9997],"evs":[0.0,2.20513]},"A9s":{"weight":0.0,"played":[3.0E-4,0.9997],"evs":[0.0,1.58263]},"ATs":{"weight":0.0,"played":[0.0211,0.9789],"evs":[0.0,3.38053]},"AJs":{"weight":4.0E-4,"played":[0.0017,0.9983],"evs":[0.0,2.97953]},"AQs":{"weight":0.0,"played":[0.0,1.0],"evs":[0.0,4.02537]},"AKs":{"weight":0.0,"played":[0.0,1.0],"evs":[0.0,4.77978]},"AA":{"weight":0.2811,"played":[0.0,1.0],"evs":[0.0,18.2409]}}}