{"player":3,"street":0,"children":2,"sequence":[{"player":0,"type":"F","amount":0,"street":0},{"player":1,"type":"R","amount":200000,"street":0},{"player":2,"type":"C","amount":200000,"street":0},{"player":3,"type":"C","amount":200000,"street":0},{"player":4,"type":"F","amount":0,"street":0},{"player":5,"type":"R","amount":1875000,"street":0},{"player":1,"type":"C","amount":1675000,"street":0},{"player":2,"type":"C","amount":995000,"street":0}],"actions":[{"type":"F","amount":0},{"type":"C","amount":405000}],"hands":{"22":{"weight":0.0,"played":[0.0302,0.9698],"evs":[0.0,0.53836]},"32o":{"weight":0.0,"played":[0.9991,9.0E-4],"evs":[0.0,-0.53324]},"42o":{"weight":0.0,"played":[0.7943,0.2057],"evs":[0.0,-0.67635]},"52o":{"weight":0.0,"played":[0.9971,0.0029],"evs":[0.0,-0.89022]},"62o":{"weight":0.0,"played":[0.7428,0.2572],"evs":[0.0,-0.83983]},"72o":{"weight":0.0,"played":[0.9297,0.0703],"evs":[0.0,-0.97631]},"82o":{"weight":0.0,"played":[0.9981,0.0019],"evs":[0.0,-0.69581]},"92o":{"weight":0.0,"played":[0.9999,1.0E-4],"evs":[0.0,-1.44001]},"T2o":{"weight":0.0,"played":[0.9935,0.0065],"evs":[0.0,-1.55126]},"J2o":{"weight":0.0,"played":[0.9933,0.0067],"evs":[0.0,-1.54091]},"Q2o":{"weight":0.0,"played":[0.9578,0.0422],"evs":[0.0,-1.81066]},"K2o":{"weight":0.0,"played":[0.9739,0.0261],"evs":[0.0,-0.5621]},"A2o":{"weight":0.0,"played":[0.2064,0.7936],"evs":[0.0,-0.15735]},"32s":{"weight":2.0E-4,"played":[0.9737,0.0263],"evs":[0.0,-0.79341]},"33":{"weight":3.0E-4,"played":[0.1105,0.8895],"evs":[0.0,1.31418]},"43o":{"weight":0.0,"played":[0.7398,0.2602],"evs":[0.0,-0.83552]},"53o":{"weight":0.0,"played":[0.2313,0.7687],"evs":[0.0,-0.27911]},"63o":{"weight":0.0,"played":[0.8867,0.1133],"evs":[0.0,-0.46686]},"73o":{"weight":0.0,"played":[0.9963,0.0037],"evs":[0.0,-1.44029]},"83o":{"weight":0.0,"played":[0.9977,0.0023],"evs":[0.0,-0.46243]},"93o":{"weight":0.0,"played":[0.9949,0.0051],"evs":[0.0,-1.19841]},"T3o":{"weight":0.0,"played":[0.9453,0.0547],"evs":[0.0,-1.80261]},"J3o":{"weight":0.0,"played":[0.9768,0.0232],"evs":[0.0,-0.82156]},"Q3o":{"weight":0.0,"played":[0.9599,0.0401],"evs":[0.0,-0.98459]},"K3o":{"weight":0.0,"played":[0.3141,0.6859],"evs":[0.0,0.35544]},"A3o":{"weight":0.0,"played":[0.4361,0.5639],"evs":[0.0,0.09335]},"42s":{"weight":0.0,"played":[0.3741,0.6259],"evs":[0.0,0.58245]},"43s":{"weight":0.0,"played":[0.0014,0.9986],"evs":[0.0,1.88577]},"44":{"weight":3.0E-4,"played":[0.0061,0.9939],"evs":[0.0,1.1631]},"54o":{"weight":0.0,"played":[0.6357,0.3643],"evs":[0.0,0.53835]},"64o":{"weight":0.0,"played":[0.7555,0.2445],"evs":[0.0,-0.11261]},"74o":{"weight":0.0,"played":[0.6098,0.3902],"evs":[0.0,-0.33362]},"84o":{"weight":0.0,"played":[0.9792,0.0208],"evs":[0.0,-0.90472]},"94o":{"weight":0.0,"played":[0.9984,0.0016],"evs":[0.0,-1.47338]},"T4o":{"weight":0.0,"played":[0.9238,0.0762],"evs":[0.0,-1.21282]},"J4o":{"weight":0.0,"played":[0.9906,0.0094],"evs":[0.0,-0.62042]},"Q4o":{"weight":0.0,"played":[1.0,0.0],"evs":[0.0,-1.52657]},"K4o":{"weight":0.0,"played":[0.9062,0.0938],"evs":[0.0,-1.1201]},"A4o":{"weight":0.0,"played":[0.4623,0.5377],"evs":[0.0,0.33661]},"52s":{"weight":0.0,"played":[0.66,0.34],"evs":[0.0,-0.07823]},"53s":{"weight":0.0,"played":[0.1926,0.8074],"evs":[0.0,0.93537]},"54s":{"weight":0.0,"played":[0.0938,0.9062],"evs":[0.0,1.12932]},"55":{"weight":0.0147,"played":[0.0236,0.9764],"evs":[0.0,1.44415]},"65o":{"weight":0.0,"played":[0.2052,0.7948],"evs":[0.0,0.64603]},"75o":{"weight":0.0,"played":[0.1184,0.8816],"evs":[0.0,1.59864]},"85o":{"weight":0.0,"played":[0.6456,0.3544],"evs":[0.0,-0.14831]},"95o":{"weight":2.0E-4,"played":[0.9552,0.0448],"evs":[0.0,-0.34728]},"T5o":{"weight":0.0,"played":[0.9967,0.0033],"evs":[0.0,-0.98709]},"J5o":{"weight":0.0,"played":[0.9998,2.0E-4],"evs":[0.0,-1.1339]},"Q5o":{"weight":0.0,"played":[0.9949,0.0051],"evs":[0.0,-1.49459]},"K5o":{"weight":0.0,"played":[0.8428,0.1572],"evs":[0.0,-0.35623]},"A5o":{"weight":0.0,"played":[0.107,0.893],"evs":[0.0,1.39156]},"62s":{"weight":0.0,"played":[0.9936,0.0064],"evs":[0.0,-0.84527]},"63s":{"weight":3.0E-4,"played":[0.3753,0.6247],"evs":[0.0,0.07665]},"64s":{"weight":1.0E-4,"played":[0.0026,0.9974],"evs":[0.0,0.90116]},"65s":{"weight":0.0,"played":[0.0424,0.9576],"evs":[0.0,0.67871]},"66":{"weight":0.0,"played":[0.1361,0.8639],"evs":[0.0,1.45788]},"76o":{"weight":0.0,"played":[9.0E-4,0.9991],"evs":[0.0,0.59299]},"86o":{"weight":0.0,"played":[0.0258,0.9742],"evs":[0.0,0.31555]},"96o":{"weight":0.0,"played":[0.998,0.002],"evs":[0.0,-0.3645]},"T6o":{"weight":0.0,"played":[0.9561,0.0439],"evs":[0.0,-1.19649]},"J6o":{"weight":0.0,"played":[1.0,0.0],"evs":[0.0,-0.53695]},"Q6o":{"weight":0.0,"played":[0.9411,0.0589],"evs":[0.0,-0.38565]},"K6o":{"weight":0.0,"played":[0.3221,0.6779],"evs":[0.0,0.58212]},"A6o":{"weight":2.0E-4,"played":[0.0045,0.9955],"evs":[0.0,0.54346]},"72s":{"weight":1.0E-4,"played":[0.5076,0.4924],"evs":[0.0,-0.46653]},"73s":{"weight":0.0,"played":[0.2543,0.7457],"evs":[0.0,0.85956]},"74s":{"weight":2.0E-4,"played":[0.1085,0.8915],"evs":[0.0,1.52746]},"75s":{"weight":0.0,"played":[0.2351,0.7649],"evs":[0.0,1.20581]},"76s":{"weight":0.0022,"played":[0.2375,0.7625],"evs":[0.0,1.34694]},"77":{"weight":6.0E-4,"played":[0.002,0.998],"evs":[0.0,2.4758]},"87o":{"weight":1.0E-4,"played":[0.1838,0.8162],"evs":[0.0,1.09011]},"97o":{"weight":0.0,"played":[0.3875,0.6125],"evs":[0.0,-0.25989]},"T7o":{"weight":0.0,"played":[2.0E-4,0.9998],"evs":[0.0,1.21983]},"J7o":{"weight":0.0,"played":[0.6318,0.3682],"evs":[0.0,-0.41317]},"Q7o":{"weight":0.0,"played":[0.9168,0.0832],"evs":[0.0,-0.48577]},"K7o":{"weight":0.0,"played":[0.2718,0.7282],"evs":[0.0,0.20165]},"A7o":{"weight":0.0,"played":[0.401,0.599],"evs":[0.0,0.05719]},"82s":{"weight":0.0,"played":[0.9691,0.0309],"evs":[0.0,-1.78581]},"83s":{"weight":0.0,"played":[0.1985,0.8015],"evs":[0.0,1.36726]},"84s":{"weight":0.0,"played":[0.0247,0.9753],"evs":[0.0,1.02465]},"85s":{"weight":1.0E-4,"played":[0.2669,0.7331],"evs":[0.0,0.52029]},"86s":{"weight":0.0,"played":[0.1086,0.8914],"evs":[0.0,1.78452]},"87s":{"weight":0.003,"played":[0.0643,0.9357],"evs":[0.0,1.57859]},"88":{"weight":0.0037,"played":[1.0E-4,0.9999],"evs":[0.0,2.51221]},"98o":{"weight":0.0,"played":[0.3044,0.6956],"evs":[0.0,0.54341]},"T8o":{"weight":0.0,"played":[0.7055,0.2945],"evs":[0.0,-0.25792]},"J8o":{"weight":0.0,"played":[0.1056,0.8944],"evs":[0.0,0.5468]},"Q8o":{"weight":1.0E-4,"played":[0.0998,0.9002],"evs":[0.0,0.6607]},"K8o":{"weight":2.0E-4,"played":[0.7259,0.2741],"evs":[0.0,0.08492]},"A8o":{"weight":0.519,"played":[0.0052,0.9948],"evs":[0.0,0.4861]},"92s":{"weight":0.0,"played":[0.7053,0.2947],"evs":[0.0,-1.40637]},"93s":{"weight":0.0,"played":[0.9979,0.0021],"evs":[0.0,-0.07981]},"94s":{"weight":0.0,"played":[0.9888,0.0112],"evs":[0.0,-0.83548]},"95s":{"weight":1.0E-4,"played":[0.042,0.958],"evs":[0.0,1.07929]},"96s":{"weight":2.0E-4,"played":[0.1341,0.8659],"evs":[0.0,-0.16183]},"97s":{"weight":0.0024,"played":[0.0039,0.9961],"evs":[0.0,1.43295]},"98s":{"weight":0.0,"played":[0.0118,0.9882],"evs":[0.0,1.78516]},"99":{"weight":0.068,"played":[4.0E-4,0.9996],"evs":[0.0,3.51296]},"T9o":{"weight":0.0,"played":[0.0075,0.9925],"evs":[0.0,0.31366]},"J9o":{"weight":0.0,"played":[0.9239,0.0761],"evs":[0.0,0.15778]},"Q9o":{"weight":3.0E-4,"played":[0.304,0.696],"evs":[0.0,0.24038]},"K9o":{"weight":6.0E-4,"played":[0.0268,0.9732],"evs":[0.0,0.74227]},"A9o":{"weight":0.083,"played":[0.0168,0.9832],"evs":[0.0,0.40406]},"T2s":{"weight":0.0,"played":[0.1319,0.8681],"evs":[0.0,0.79277]},"T3s":{"weight":8.0E-4,"played":[0.913,0.087],"evs":[0.0,-0.10718]},"T4s":{"weight":2.0E-4,"played":[0.3258,0.6742],"evs":[0.0,0.8281]},"T5s":{"weight":0.0,"played":[0.4621,0.5379],"evs":[0.0,-0.33555]},"T6s":{"weight":0.0,"played":[0.4794,0.5206],"evs":[0.0,1.81654]},"T7s":{"weight":0.0,"played":[0.1227,0.8773],"evs":[0.0,1.17303]},"T8s":{"weight":0.0044,"played":[0.0312,0.9688],"evs":[0.0,2.40296]},"T9s":{"weight":4.0E-4,"played":[0.001,0.999],"evs":[0.0,0.81869]},"TT":{"weight":0.0033,"played":[0.0,1.0],"evs":[0.0,2.93371]},"JTo":{"weight":0.0,"played":[0.065,0.935],"evs":[0.0,0.72322]},"QTo":{"weight":0.0,"played":[0.3751,0.6249],"evs":[0.0,0.16114]},"KTo":{"weight":0.0,"played":[0.1153,0.8847],"evs":[0.0,1.09817]},"ATo":{"weight":0.7254,"played":[2.0E-4,0.9998],"evs":[0.0,1.7042]},"J2s":{"weight":0.0,"played":[0.1981,0.8019],"evs":[0.0,-0.18809]},"J3s":{"weight":2.0E-4,"played":[0.5571,0.4429],"evs":[0.0,0.11341]},"J4s":{"weight":0.0021,"played":[0.8719,0.1281],"evs":[0.0,-0.00107]},"J5s":{"weight":0.0,"played":[0.12,0.88],"evs":[0.0,1.54368]},"J6s":{"weight":0.0,"played":[0.9938,0.0062],"evs":[0.0,-0.51402]},"J7s":{"weight":0.0,"played":[0.4328,0.5672],"evs":[0.0,1.02505]},"J8s":{"weight":1.0E-4,"played":[0.5107,0.4893],"evs":[0.0,-0.06031]},"J9s":{"weight":0.0037,"played":[0.1677,0.8323],"evs":[0.0,1.43673]},"JTs":{"weight":0.0,"played":[0.7437,0.2563],"evs":[0.0,-0.78201]},"JJ":{"weight":8.0E-4,"played":[0.0045,0.9955],"evs":[0.0,3.78574]},"QJo":{"weight":0.0,"played":[0.0619,0.9381],"evs":[0.0,1.32573]},"KJo":{"weight":1.0E-4,"played":[0.0294,0.9706],"evs":[0.0,1.87647]},"AJo":{"weight":0.2243,"played":[8.0E-4,0.9992],"evs":[0.0,1.77491]},"Q2s":{"weight":8.0E-4,"played":[0.6601,0.3399],"evs":[0.0,-0.46576]},"Q3s":{"weight":0.0,"played":[0.087,0.913],"evs":[0.0,0.27133]},"Q4s":{"weight":0.0,"played":[0.6964,0.3036],"evs":[0.0,0.00271]},"Q5s":{"weight":1.0E-4,"played":[0.1031,0.8969],"evs":[0.0,0.33178]},"Q6s":{"weight":0.0,"played":[0.1968,0.8032],"evs":[0.0,1.78534]},"Q7s":{"weight":4.0E-4,"played":[0.6747,0.3253],"evs":[0.0,0.23665]},"Q8s":{"weight":1.0E-4,"played":[0.1686,0.8314],"evs":[0.0,1.40264]},"Q9s":{"weight":0.0039,"played":[0.0136,0.9864],"evs":[0.0,1.31797]},"QTs":{"weight":0.0048,"played":[0.1008,0.8992],"evs":[0.0,1.93926]},"QJs":{"weight":0.0171,"played":[0.0039,0.9961],"evs":[0.0,2.01536]},"QQ":{"weight":2.0E-4,"played":[0.0,1.0],"evs":[0.0,6.79762]},"KQo":{"weight":0.5875,"played":[6.0E-4,0.9994],"evs":[0.0,1.73019]},"AQo":{"weight":0.0,"played":[0.0099,0.9901],"evs":[0.0,2.3775]},"K2s":{"weight":0.0,"played":[0.0068,0.9932],"evs":[0.0,1.47129]},"K3s":{"weight":1.0E-4,"played":[0.0014,0.9986],"evs":[0.0,2.15237]},"K4s":{"weight":0.0,"played":[0.2941,0.7059],"evs":[0.0,0.88057]},"K5s":{"weight":0.0,"played":[0.4565,0.5435],"evs":[0.0,0.37805]},"K6s":{"weight":1.0E-4,"played":[0.3002,0.6998],"evs":[0.0,0.22782]},"K7s":{"weight":0.0,"played":[0.0021,0.9979],"evs":[0.0,1.99748]},"K8s":{"weight":0.0013,"played":[0.2539,0.7461],"evs":[0.0,0.14414]},"K9s":{"weight":0.146,"played":[0.0839,0.9161],"evs":[0.0,1.19253]},"KTs":{"weight":0.0925,"played":[0.0021,0.9979],"evs":[0.0,4.23165]},"KJs":{"weight":0.2313,"played":[0.0011,0.9989],"evs":[0.0,2.5612]},"KQs":{"weight":0.5539,"played":[8.0E-4,0.9992],"evs":[0.0,2.57393]},"KK":{"weight":4.0E-4,"played":[0.0,1.0],"evs":[0.0,7.3577]},"AKo":{"weight":0.0261,"played":[0.0,1.0],"evs":[0.0,3.10003]},"A2s":{"weight":1.0E-4,"played":[0.2286,0.7714],"evs":[0.0,0.94264]},"A3s":{"weight":0.7545,"played":[0.001,0.999],"evs":[0.0,2.01134]},"A4s":{"weight":0.0122,"played":[9.0E-4,0.9991],"evs":[0.0,0.47403]},"A5s":{"weight":0.0593,"played":[0.0173,0.9827],"evs":[0.0,2.27439]},"A6s":{"weight":0.0168,"played":[0.0116,0.9884],"evs":[0.0,2.23224]},"A7s":{"weight":0.0317,"played":[0.0011,0.9989],"evs":[0.0,0.4151]},"A8s":{"weight":0.2382,"played":[0.0059,0.9941],"evs":[0.0,1.57425]},"A9s":{"weight":0.5413,"played":[1.0E-4,0.9999],"evs":[0.0,2.79492]},"ATs":{"weight":0.0045,"played":[0.2819,0.7181],"evs":[0.0,1.34036]},"AJs":{"weight":0.0,"played":[0.0,1.0],"evs":[0.0,2.87348]},"AQs":{"weight":0.0892,"played":[0.0015,0.9985],"evs":[0.0,4.60474]},"AKs":{"weight":0.0,"played":[0.0082,0.9918],"evs":[0.0,3.49955]},"AA":{"weight":0.0,"played":[0.0,1.0],"evs":[0.0,12.13709]}}}