{"player":3,"street":0,"children":2,"sequence":[{"player":0,"type":"F","amount":0,"street":0},{"player":1,"type":"R","amount":200000,"street":0},{"player":2,"type":"C","amount":200000,"street":0},{"player":3,"type":"C","amount":200000,"street":0},{"player":4,"type":"R","amount":1245000,"street":0},{"player":5,"type":"F","amount":0,"street":0},{"player":1,"type":"F","amount":0,"street":0},{"player":2,"type":"C","amount":995000,"street":0}],"actions":[{"type":"F","amount":0},{"type":"C","amount":405000}],"hands":{"22":{"weight":0.0,"played":[0.0499,0.9501],"evs":[0.0,0.07261]},"32o":{"weight":0.0,"played":[0.8195,0.1805],"evs":[0.0,-0.0825]},"42o":{"weight":0.0,"played":[0.8544,0.1456],"evs":[0.0,-1.33136]},"52o":{"weight":0.0,"played":[0.003,0.997],"evs":[0.0,1.01908]},"62o":{"weight":0.0,"played":[0.0706,0.9294],"evs":[0.0,0.52912]},"72o":{"weight":0.0,"played":[0.4524,0.5476],"evs":[0.0,-0.05078]},"82o":{"weight":0.0,"played":[0.0801,0.9199],"evs":[0.0,-0.10298]},"92o":{"weight":0.0,"played":[0.0417,0.9583],"evs":[0.0,0.1514]},"T2o":{"weight":0.0,"played":[0.2053,0.7947],"evs":[0.0,0.17615]},"J2o":{"weight":0.0,"played":[0.674,0.326],"evs":[0.0,-0.39663]},"Q2o":{"weight":0.0,"played":[0.6754,0.3246],"evs":[0.0,0.35554]},"K2o":{"weight":0.0,"played":[0.9614,0.0386],"evs":[0.0,-0.41798]},"A2o":{"weight":0.0,"played":[0.2288,0.7712],"evs":[0.0,-0.29472]},"32s":{"weight":2.0E-4,"played":[0.1552,0.8448],"evs":[0.0,2.17143]},"33":{"weight":3.0E-4,"played":[0.0643,0.9357],"evs":[0.0,0.28193]},"43o":{"weight":0.0,"played":[0.5495,0.4505],"evs":[0.0,-0.48175]},"53o":{"weight":0.0,"played":[0.3311,0.6689],"evs":[0.0,2.02377]},"63o":{"weight":0.0,"played":[0.4241,0.5759],"evs":[0.0,1.15338]},"73o":{"weight":0.0,"played":[0.5402,0.4598],"evs":[0.0,0.2292]},"83o":{"weight":0.0,"played":[0.4772,0.5228],"evs":[0.0,0.56854]},"93o":{"weight":0.0,"played":[0.0955,0.9045],"evs":[0.0,0.69134]},"T3o":{"weight":0.0,"played":[0.3228,0.6772],"evs":[0.0,1.91324]},"J3o":{"weight":0.0,"played":[0.2637,0.7363],"evs":[0.0,0.39385]},"Q3o":{"weight":0.0,"played":[0.585,0.415],"evs":[0.0,-0.8346]},"K3o":{"weight":0.0,"played":[0.0787,0.9213],"evs":[0.0,0.29519]},"A3o":{"weight":0.0,"played":[0.282,0.718],"evs":[0.0,0.29189]},"42s":{"weight":0.0,"played":[0.3068,0.6932],"evs":[0.0,-0.74532]},"43s":{"weight":0.0,"played":[0.0055,0.9945],"evs":[0.0,0.6305]},"44":{"weight":3.0E-4,"played":[0.0182,0.9818],"evs":[0.0,2.31504]},"54o":{"weight":0.0,"played":[0.503,0.497],"evs":[0.0,-0.06939]},"64o":{"weight":0.0,"played":[0.388,0.612],"evs":[0.0,0.17945]},"74o":{"weight":0.0,"played":[0.6796,0.3204],"evs":[0.0,-0.52607]},"84o":{"weight":0.0,"played":[0.5957,0.4043],"evs":[0.0,0.17081]},"94o":{"weight":0.0,"played":[0.1,0.9],"evs":[0.0,1.77287]},"T4o":{"weight":0.0,"played":[0.9473,0.0527],"evs":[0.0,-2.38457]},"J4o":{"weight":0.0,"played":[0.055,0.945],"evs":[0.0,1.36374]},"Q4o":{"weight":0.0,"played":[0.5163,0.4837],"evs":[0.0,0.12466]},"K4o":{"weight":0.0,"played":[0.9179,0.0821],"evs":[0.0,-1.02274]},"A4o":{"weight":0.0,"played":[0.0147,0.9853],"evs":[0.0,0.95057]},"52s":{"weight":0.0,"played":[0.5785,0.4215],"evs":[0.0,0.81776]},"53s":{"weight":0.0,"played":[0.2999,0.7001],"evs":[0.0,1.43376]},"54s":{"weight":0.0,"played":[0.5433,0.4567],"evs":[0.0,-1.6014]},"55":{"weight":0.0147,"played":[9.0E-4,0.9991],"evs":[0.0,4.7083]},"65o":{"weight":0.0,"played":[0.0169,0.9831],"evs":[0.0,1.28113]},"75o":{"weight":0.0,"played":[0.0135,0.9865],"evs":[0.0,3.56706]},"85o":{"weight":0.0,"played":[0.0717,0.9283],"evs":[0.0,0.20534]},"95o":{"weight":2.0E-4,"played":[0.5096,0.4904],"evs":[0.0,-0.87393]},"T5o":{"weight":0.0,"played":[0.2337,0.7663],"evs":[0.0,0.6376]},"J5o":{"weight":0.0,"played":[0.6433,0.3567],"evs":[0.0,-0.66789]},"Q5o":{"weight":0.0,"played":[0.129,0.871],"evs":[0.0,1.39658]},"K5o":{"weight":0.0,"played":[0.121,0.879],"evs":[0.0,1.60848]},"A5o":{"weight":0.0,"played":[0.1495,0.8505],"evs":[0.0,1.74515]},"62s":{"weight":0.0,"played":[0.0103,0.9897],"evs":[0.0,1.51863]},"63s":{"weight":3.0E-4,"played":[0.8125,0.1875],"evs":[0.0,-1.56028]},"64s":{"weight":1.0E-4,"played":[0.1561,0.8439],"evs":[0.0,-0.63677]},"65s":{"weight":0.0,"played":[0.1485,0.8515],"evs":[0.0,4.54886]},"66":{"weight":0.0,"played":[0.0259,0.9741],"evs":[0.0,1.27261]},"76o":{"weight":0.0,"played":[0.0202,0.9798],"evs":[0.0,0.16756]},"86o":{"weight":0.0,"played":[0.0153,0.9847],"evs":[0.0,1.45457]},"96o":{"weight":0.0,"played":[0.4654,0.5346],"evs":[0.0,-0.28448]},"T6o":{"weight":0.0,"played":[0.0086,0.9914],"evs":[0.0,0.97861]},"J6o":{"weight":0.0,"played":[0.0181,0.9819],"evs":[0.0,2.87908]},"Q6o":{"weight":0.0,"played":[0.1283,0.8717],"evs":[0.0,1.23386]},"K6o":{"weight":0.0,"played":[0.0,1.0],"evs":[0.0,1.67972]},"A6o":{"weight":2.0E-4,"played":[0.249,0.751],"evs":[0.0,1.4256]},"72s":{"weight":1.0E-4,"played":[0.7837,0.2163],"evs":[0.0,0.26175]},"73s":{"weight":0.0,"played":[0.0211,0.9789],"evs":[0.0,1.68195]},"74s":{"weight":2.0E-4,"played":[0.5215,0.4785],"evs":[0.0,0.45932]},"75s":{"weight":0.0,"played":[5.0E-4,0.9995],"evs":[0.0,2.55132]},"76s":{"weight":0.0022,"played":[0.0743,0.9257],"evs":[0.0,1.61936]},"77":{"weight":6.0E-4,"played":[0.0141,0.9859],"evs":[0.0,3.34014]},"87o":{"weight":1.0E-4,"played":[0.0315,0.9685],"evs":[0.0,3.70928]},"97o":{"weight":0.0,"played":[0.671,0.329],"evs":[0.0,0.88966]},"T7o":{"weight":0.0,"played":[0.1128,0.8872],"evs":[0.0,0.99835]},"J7o":{"weight":0.0,"played":[0.1603,0.8397],"evs":[0.0,3.13594]},"Q7o":{"weight":0.0,"played":[0.4912,0.5088],"evs":[0.0,0.7942]},"K7o":{"weight":0.0,"played":[0.3264,0.6736],"evs":[0.0,1.69131]},"A7o":{"weight":0.0,"played":[0.0165,0.9835],"evs":[0.0,0.86906]},"82s":{"weight":0.0,"played":[0.3126,0.6874],"evs":[0.0,-0.16857]},"83s":{"weight":0.0,"played":[0.0938,0.9062],"evs":[0.0,1.33085]},"84s":{"weight":0.0,"played":[0.1512,0.8488],"evs":[0.0,2.37333]},"85s":{"weight":1.0E-4,"played":[0.6549,0.3451],"evs":[0.0,-0.06258]},"86s":{"weight":0.0,"played":[0.5484,0.4516],"evs":[0.0,1.78099]},"87s":{"weight":0.003,"played":[0.012,0.988],"evs":[0.0,2.70029]},"88":{"weight":0.0037,"played":[0.1461,0.8539],"evs":[0.0,0.97776]},"98o":{"weight":0.0,"played":[0.2842,0.7158],"evs":[0.0,0.46059]},"T8o":{"weight":0.0,"played":[0.0844,0.9156],"evs":[0.0,2.44588]},"J8o":{"weight":0.0,"played":[0.0303,0.9697],"evs":[0.0,2.71663]},"Q8o":{"weight":1.0E-4,"played":[0.5222,0.4778],"evs":[0.0,0.21538]},"K8o":{"weight":2.0E-4,"played":[0.5735,0.4265],"evs":[0.0,-0.43973]},"A8o":{"weight":0.519,"played":[0.0091,0.9909],"evs":[0.0,2.41269]},"92s":{"weight":0.0,"played":[0.5198,0.4802],"evs":[0.0,-0.76459]},"93s":{"weight":0.0,"played":[0.1455,0.8545],"evs":[0.0,3.15346]},"94s":{"weight":0.0,"played":[0.8292,0.1708],"evs":[0.0,-2.67262]},"95s":{"weight":1.0E-4,"played":[0.508,0.492],"evs":[0.0,-1.39223]},"96s":{"weight":2.0E-4,"played":[0.1115,0.8885],"evs":[0.0,1.87113]},"97s":{"weight":0.0024,"played":[0.0953,0.9047],"evs":[0.0,3.63457]},"98s":{"weight":0.0,"played":[0.0181,0.9819],"evs":[0.0,3.0357]},"99":{"weight":0.068,"played":[0.0,1.0],"evs":[0.0,5.21813]},"T9o":{"weight":0.0,"played":[0.052,0.948],"evs":[0.0,1.95682]},"J9o":{"weight":0.0,"played":[0.0803,0.9197],"evs":[0.0,1.21468]},"Q9o":{"weight":3.0E-4,"played":[0.0533,0.9467],"evs":[0.0,1.01585]},"K9o":{"weight":6.0E-4,"played":[0.0745,0.9255],"evs":[0.0,2.95572]},"A9o":{"weight":0.083,"played":[0.0203,0.9797],"evs":[0.0,3.98483]},"T2s":{"weight":0.0,"played":[0.1998,0.8002],"evs":[0.0,0.67552]},"T3s":{"weight":8.0E-4,"played":[0.1861,0.8139],"evs":[0.0,2.84625]},"T4s":{"weight":2.0E-4,"played":[0.7521,0.2479],"evs":[0.0,0.73687]},"T5s":{"weight":0.0,"played":[0.3663,0.6337],"evs":[0.0,-1.58792]},"T6s":{"weight":0.0,"played":[0.2717,0.7283],"evs":[0.0,-0.66961]},"T7s":{"weight":0.0,"played":[0.6029,0.3971],"evs":[0.0,-1.74091]},"T8s":{"weight":0.0044,"played":[6.0E-4,0.9994],"evs":[0.0,2.32966]},"T9s":{"weight":4.0E-4,"played":[0.3231,0.6769],"evs":[0.0,0.62281]},"TT":{"weight":0.0033,"played":[9.0E-4,0.9991],"evs":[0.0,6.7821]},"JTo":{"weight":0.0,"played":[0.5534,0.4466],"evs":[0.0,0.59736]},"QTo":{"weight":0.0,"played":[0.0505,0.9495],"evs":[0.0,3.00612]},"KTo":{"weight":0.0,"played":[0.0017,0.9983],"evs":[0.0,2.78805]},"ATo":{"weight":0.7254,"played":[0.0019,0.9981],"evs":[0.0,4.34367]},"J2s":{"weight":0.0,"played":[0.1273,0.8727],"evs":[0.0,1.48785]},"J3s":{"weight":2.0E-4,"played":[0.1518,0.8482],"evs":[0.0,3.79579]},"J4s":{"weight":0.0021,"played":[0.6559,0.3441],"evs":[0.0,-1.7504]},"J5s":{"weight":0.0,"played":[0.7755,0.2245],"evs":[0.0,-0.97177]},"J6s":{"weight":0.0,"played":[0.5551,0.4449],"evs":[0.0,1.30176]},"J7s":{"weight":0.0,"played":[0.5026,0.4974],"evs":[0.0,1.71779]},"J8s":{"weight":1.0E-4,"played":[0.4166,0.5834],"evs":[0.0,1.32013]},"J9s":{"weight":0.0037,"played":[9.0E-4,0.9991],"evs":[0.0,7.39531]},"JTs":{"weight":0.0,"played":[0.1338,0.8662],"evs":[0.0,3.73112]},"JJ":{"weight":8.0E-4,"played":[0.002,0.998],"evs":[0.0,2.76865]},"QJo":{"weight":0.0,"played":[0.0,1.0],"evs":[0.0,1.45311]},"KJo":{"weight":1.0E-4,"played":[0.0051,0.9949],"evs":[0.0,2.08038]},"AJo":{"weight":0.2243,"played":[0.0021,0.9979],"evs":[0.0,4.62542]},"Q2s":{"weight":8.0E-4,"played":[0.85,0.15],"evs":[0.0,0.64196]},"Q3s":{"weight":0.0,"played":[0.876,0.124],"evs":[0.0,2.16378]},"Q4s":{"weight":0.0,"played":[0.3272,0.6728],"evs":[0.0,0.68396]},"Q5s":{"weight":1.0E-4,"played":[0.3493,0.6507],"evs":[0.0,3.95551]},"Q6s":{"weight":0.0,"played":[0.0017,0.9983],"evs":[0.0,0.321]},"Q7s":{"weight":4.0E-4,"played":[0.3178,0.6822],"evs":[0.0,1.27744]},"Q8s":{"weight":1.0E-4,"played":[0.1854,0.8146],"evs":[0.0,0.90249]},"Q9s":{"weight":0.0039,"played":[0.0,1.0],"evs":[0.0,6.4]},"QTs":{"weight":0.0048,"played":[0.1264,0.8736],"evs":[0.0,1.55945]},"QJs":{"weight":0.0171,"played":[0.0189,0.9811],"evs":[0.0,2.84287]},"QQ":{"weight":2.0E-4,"played":[0.0,1.0],"evs":[0.0,8.01698]},"KQo":{"weight":0.5875,"played":[3.0E-4,0.9997],"evs":[0.0,3.80578]},"AQo":{"weight":0.0,"played":[0.0,1.0],"evs":[0.0,1.68608]},"K2s":{"weight":0.0,"played":[0.6525,0.3475],"evs":[0.0,-0.10351]},"K3s":{"weight":1.0E-4,"played":[0.3812,0.6188],"evs":[0.0,-0.79064]},"K4s":{"weight":0.0,"played":[0.1747,0.8253],"evs":[0.0,0.37083]},"K5s":{"weight":0.0,"played":[0.2014,0.7986],"evs":[0.0,1.73488]},"K6s":{"weight":1.0E-4,"played":[0.0599,0.9401],"evs":[0.0,1.07341]},"K7s":{"weight":0.0,"played":[0.1652,0.8348],"evs":[0.0,2.32333]},"K8s":{"weight":0.0013,"played":[0.2165,0.7835],"evs":[0.0,3.28547]},"K9s":{"weight":0.146,"played":[0.7891,0.2109],"evs":[0.0,-0.87045]},"KTs":{"weight":0.0925,"played":[0.0643,0.9357],"evs":[0.0,6.92775]},"KJs":{"weight":0.2313,"played":[0.4381,0.5619],"evs":[0.0,1.81668]},"KQs":{"weight":0.5539,"played":[0.0997,0.9003],"evs":[0.0,8.23345]},"KK":{"weight":4.0E-4,"played":[0.0028,0.9972],"evs":[0.0,10.15849]},"AKo":{"weight":0.0261,"played":[8.0E-4,0.9992],"evs":[0.0,8.17443]},"A2s":{"weight":1.0E-4,"played":[0.0415,0.9585],"evs":[0.0,1.8411]},"A3s":{"weight":0.7545,"played":[0.069,0.931],"evs":[0.0,6.3807]},"A4s":{"weight":0.0122,"played":[0.229,0.771],"evs":[0.0,1.62774]},"A5s":{"weight":0.0593,"played":[0.394,0.606],"evs":[0.0,2.49733]},"A6s":{"weight":0.0168,"played":[0.151,0.849],"evs":[0.0,6.12562]},"A7s":{"weight":0.0317,"played":[0.0154,0.9846],"evs":[0.0,3.29144]},"A8s":{"weight":0.2382,"played":[0.0871,0.9129],"evs":[0.0,2.57466]},"A9s":{"weight":0.5413,"played":[0.0123,0.9877],"evs":[0.0,9.9801]},"ATs":{"weight":0.0045,"played":[0.0754,0.9246],"evs":[0.0,6.46367]},"AJs":{"weight":0.0,"played":[0.0319,0.9681],"evs":[0.0,3.94518]},"AQs":{"weight":0.0892,"played":[0.0,1.0],"evs":[0.0,7.0777]},"AKs":{"weight":0.0,"played":[0.0,1.0],"evs":[0.0,6.06904]},"AA":{"weight":0.0,"played":[0.0065,0.9935],"evs":[0.0,13.41049]}}}