{"player":4,"street":0,"children":2,"sequence":[{"player":0,"type":"F","amount":0,"street":0},{"player":1,"type":"R","amount":200000,"street":0},{"player":2,"type":"C","amount":200000,"street":0},{"player":3,"type":"R","amount":605000,"street":0}],"actions":[{"type":"F","amount":0,"node":151},{"type":"R","amount":1245000,"node":160}],"hands":{"22":{"weight":1.0,"played":[0.8277,0.1723],"evs":[0.0,-0.75693]},"32o":{"weight":1.0,"played":[1.0,0.0],"evs":[0.0,-4.4052]},"42o":{"weight":1.0,"played":[0.9995,5.0E-4],"evs":[0.0,-4.93927]},"52o":{"weight":1.0,"played":[0.9619,0.0381],"evs":[0.0,-4.08921]},"62o":{"weight":1.0,"played":[0.9992,8.0E-4],"evs":[0.0,-3.85556]},"72o":{"weight":1.0,"played":[1.0,0.0],"evs":[0.0,-5.19374]},"82o":{"weight":1.0,"played":[0.9999,1.0E-4],"evs":[0.0,-4.45029]},"92o":{"weight":1.0,"played":[1.0,0.0],"evs":[0.0,-5.2111]},"T2o":{"weight":1.0,"played":[0.9997,3.0E-4],"evs":[0.0,-5.48568]},"J2o":{"weight":1.0,"played":[1.0,0.0],"evs":[0.0,-5.19492]},"Q2o":{"weight":1.0,"played":[1.0,0.0],"evs":[0.0,-4.71468]},"K2o":{"weight":1.0,"played":[0.9884,0.0116],"evs":[0.0,-3.14652]},"A2o":{"weight":1.0,"played":[0.9989,0.0011],"evs":[0.0,-2.89586]},"32s":{"weight":1.0,"played":[0.8495,0.1505],"evs":[0.0,-1.82691]},"33":{"weight":1.0,"played":[0.834,0.166],"evs":[0.0,-0.90553]},"43o":{"weight":1.0,"played":[0.9997,3.0E-4],"evs":[0.0,-4.59943]},"53o":{"weight":1.0,"played":[1.0,0.0],"evs":[0.0,-4.42434]},"63o":{"weight":1.0,"played":[0.9997,3.0E-4],"evs":[0.0,-4.14114]},"73o":{"weight":1.0,"played":[0.9975,0.0025],"evs":[0.0,-4.39004]},"83o":{"weight":1.0,"played":[0.9994,6.0E-4],"evs":[0.0,-4.41699]},"93o":{"weight":1.0,"played":[0.9993,7.0E-4],"evs":[0.0,-4.09755]},"T3o":{"weight":1.0,"played":[1.0,0.0],"evs":[0.0,-5.75399]},"J3o":{"weight":1.0,"played":[1.0,0.0],"evs":[0.0,-4.68684]},"Q3o":{"weight":1.0,"played":[0.9926,0.0074],"evs":[0.0,-4.09408]},"K3o":{"weight":1.0,"played":[0.9964,0.0036],"evs":[0.0,-3.88114]},"A3o":{"weight":1.0,"played":[0.9623,0.0377],"evs":[0.0,-2.30602]},"42s":{"weight":1.0,"played":[0.9901,0.0099],"evs":[0.0,-4.00363]},"43s":{"weight":1.0,"played":[0.9998,2.0E-4],"evs":[0.0,-3.89487]},"44":{"weight":1.0,"played":[0.8571,0.1429],"evs":[0.0,-0.27275]},"54o":{"weight":1.0,"played":[0.9951,0.0049],"evs":[0.0,-2.76982]},"64o":{"weight":1.0,"played":[0.9915,0.0085],"evs":[0.0,-2.31503]},"74o":{"weight":1.0,"played":[0.9964,0.0036],"evs":[0.0,-3.72609]},"84o":{"weight":1.0,"played":[0.9956,0.0044],"evs":[0.0,-3.63283]},"94o":{"weight":1.0,"played":[1.0,0.0],"evs":[0.0,-5.32823]},"T4o":{"weight":1.0,"played":[0.9933,0.0067],"evs":[0.0,-5.36933]},"J4o":{"weight":1.0,"played":[1.0,0.0],"evs":[0.0,-3.7847]},"Q4o":{"weight":1.0,"played":[0.9912,0.0088],"evs":[0.0,-4.68369]},"K4o":{"weight":1.0,"played":[0.9978,0.0022],"evs":[0.0,-3.62765]},"A4o":{"weight":1.0,"played":[0.9954,0.0046],"evs":[0.0,-1.91755]},"52s":{"weight":1.0,"played":[0.9988,0.0012],"evs":[0.0,-2.34109]},"53s":{"weight":1.0,"played":[0.9107,0.0893],"evs":[0.0,-1.77571]},"54s":{"weight":1.0,"played":[0.7791,0.2209],"evs":[0.0,-0.42813]},"55":{"weight":1.0,"played":[0.1525,0.8475],"evs":[0.0,-0.26762]},"65o":{"weight":1.0,"played":[0.9396,0.0604],"evs":[0.0,-1.99014]},"75o":{"weight":1.0,"played":[0.9991,9.0E-4],"evs":[0.0,-2.46002]},"85o":{"weight":1.0,"played":[0.9966,0.0034],"evs":[0.0,-3.35329]},"95o":{"weight":1.0,"played":[0.9999,1.0E-4],"evs":[0.0,-3.28083]},"T5o":{"weight":1.0,"played":[0.9938,0.0062],"evs":[0.0,-5.27641]},"J5o":{"weight":1.0,"played":[1.0,0.0],"evs":[0.0,-4.47562]},"Q5o":{"weight":1.0,"played":[1.0,0.0],"evs":[0.0,-4.8095]},"K5o":{"weight":1.0,"played":[0.9908,0.0092],"evs":[0.0,-3.23988]},"A5o":{"weight":1.0,"played":[0.9742,0.0258],"evs":[0.0,-1.81487]},"62s":{"weight":1.0,"played":[0.9434,0.0566],"evs":[0.0,-2.52486]},"63s":{"weight":1.0,"played":[0.9995,5.0E-4],"evs":[0.0,-3.32228]},"64s":{"weight":1.0,"played":[0.8321,0.1679],"evs":[0.0,-1.79467]},"65s":{"weight":1.0,"played":[0.6081,0.3919],"evs":[0.0,-0.83235]},"66":{"weight":1.0,"played":[0.1761,0.8239],"evs":[0.0,0.32396]},"76o":{"weight":1.0,"played":[0.9838,0.0162],"evs":[0.0,-3.50265]},"86o":{"weight":1.0,"played":[0.999,0.001],"evs":[0.0,-3.51482]},"96o":{"weight":1.0,"played":[0.9996,4.0E-4],"evs":[0.0,-2.98519]},"T6o":{"weight":1.0,"played":[1.0,0.0],"evs":[0.0,-3.61299]},"J6o":{"weight":1.0,"played":[1.0,0.0],"evs":[0.0,-4.59025]},"Q6o":{"weight":1.0,"played":[0.9686,0.0314],"evs":[0.0,-4.1651]},"K6o":{"weight":1.0,"played":[0.9759,0.0241],"evs":[0.0,-1.62656]},"A6o":{"weight":1.0,"played":[0.9674,0.0326],"evs":[0.0,-3.67429]},"72s":{"weight":1.0,"played":[0.9728,0.0272],"evs":[0.0,-2.32032]},"73s":{"weight":1.0,"played":[0.9964,0.0036],"evs":[0.0,-2.16286]},"74s":{"weight":1.0,"played":[0.9836,0.0164],"evs":[0.0,-2.35057]},"75s":{"weight":1.0,"played":[0.6791,0.3209],"evs":[0.0,-1.1117]},"76s":{"weight":1.0,"played":[0.8373,0.1627],"evs":[0.0,-2.17076]},"77":{"weight":1.0,"played":[0.1497,0.8503],"evs":[0.0,2.48031]},"87o":{"weight":1.0,"played":[0.9964,0.0036],"evs":[0.0,-2.34676]},"97o":{"weight":1.0,"played":[0.9994,6.0E-4],"evs":[0.0,-3.11748]},"T7o":{"weight":1.0,"played":[0.9937,0.0063],"evs":[0.0,-3.00716]},"J7o":{"weight":1.0,"played":[0.9997,3.0E-4],"evs":[0.0,-3.68477]},"Q7o":{"weight":1.0,"played":[0.9865,0.0135],"evs":[0.0,-3.84179]},"K7o":{"weight":1.0,"played":[0.9998,2.0E-4],"evs":[0.0,-1.90613]},"A7o":{"weight":1.0,"played":[0.9607,0.0393],"evs":[0.0,-0.92726]},"82s":{"weight":1.0,"played":[0.9988,0.0012],"evs":[0.0,-4.71417]},"83s":{"weight":1.0,"played":[1.0,0.0],"evs":[0.0,-1.20828]},"84s":{"weight":1.0,"played":[0.997,0.003],"evs":[0.0,-3.06737]},"85s":{"weight":1.0,"played":[0.957,0.043],"evs":[0.0,-1.66839]},"86s":{"weight":1.0,"played":[0.3488,0.6512],"evs":[0.0,-0.74481]},"87s":{"weight":1.0,"played":[0.8838,0.1162],"evs":[0.0,-1.49549]},"88":{"weight":1.0,"played":[1.0E-4,0.9999],"evs":[0.0,2.81345]},"98o":{"weight":1.0,"played":[0.9915,0.0085],"evs":[0.0,-2.30707]},"T8o":{"weight":1.0,"played":[0.9573,0.0427],"evs":[0.0,-1.61735]},"J8o":{"weight":1.0,"played":[0.9992,8.0E-4],"evs":[0.0,-2.40692]},"Q8o":{"weight":1.0,"played":[0.9899,0.0101],"evs":[0.0,-2.7994]},"K8o":{"weight":1.0,"played":[0.9901,0.0099],"evs":[0.0,-2.30017]},"A8o":{"weight":1.0,"played":[0.8333,0.1667],"evs":[0.0,-0.0995]},"92s":{"weight":1.0,"played":[0.9918,0.0082],"evs":[0.0,-3.79518]},"93s":{"weight":1.0,"played":[0.9837,0.0163],"evs":[0.0,-3.46932]},"94s":{"weight":1.0,"played":[0.9952,0.0048],"evs":[0.0,-4.39766]},"95s":{"weight":1.0,"played":[0.9324,0.0676],"evs":[0.0,-1.47821]},"96s":{"weight":1.0,"played":[0.6236,0.3764],"evs":[0.0,-0.00682]},"97s":{"weight":1.0,"played":[0.4248,0.5752],"evs":[0.0,-0.45249]},"98s":{"weight":1.0,"played":[0.9205,0.0795],"evs":[0.0,-2.05936]},"99":{"weight":1.0,"played":[0.0022,0.9978],"evs":[0.0,2.85244]},"T9o":{"weight":1.0,"played":[0.9941,0.0059],"evs":[0.0,-1.32226]},"J9o":{"weight":1.0,"played":[0.9995,5.0E-4],"evs":[0.0,-2.09421]},"Q9o":{"weight":1.0,"played":[0.9773,0.0227],"evs":[0.0,-3.07813]},"K9o":{"weight":1.0,"played":[0.9973,0.0027],"evs":[0.0,-0.89917]},"A9o":{"weight":1.0,"played":[0.8652,0.1348],"evs":[0.0,-0.75734]},"T2s":{"weight":1.0,"played":[0.9833,0.0167],"evs":[0.0,-3.68458]},"T3s":{"weight":1.0,"played":[0.9617,0.0383],"evs":[0.0,-3.02507]},"T4s":{"weight":1.0,"played":[0.9978,0.0022],"evs":[0.0,-3.44262]},"T5s":{"weight":1.0,"played":[0.9992,8.0E-4],"evs":[0.0,-4.31421]},"T6s":{"weight":1.0,"played":[0.9983,0.0017],"evs":[0.0,-1.48048]},"T7s":{"weight":1.0,"played":[0.921,0.079],"evs":[0.0,-3.84254]},"T8s":{"weight":1.0,"played":[0.3637,0.6363],"evs":[0.0,-1.5308]},"T9s":{"weight":1.0,"played":[0.9505,0.0495],"evs":[0.0,-1.73448]},"TT":{"weight":1.0,"played":[0.0016,0.9984],"evs":[0.0,2.38466]},"JTo":{"weight":1.0,"played":[0.9818,0.0182],"evs":[0.0,-1.35558]},"QTo":{"weight":1.0,"played":[0.9861,0.0139],"evs":[0.0,-2.01941]},"KTo":{"weight":1.0,"played":[0.9756,0.0244],"evs":[0.0,-1.46781]},"ATo":{"weight":1.0,"played":[0.2128,0.7872],"evs":[0.0,-0.29028]},"J2s":{"weight":1.0,"played":[0.9463,0.0537],"evs":[0.0,-3.63668]},"J3s":{"weight":1.0,"played":[0.9999,1.0E-4],"evs":[0.0,-1.92348]},"J4s":{"weight":1.0,"played":[0.9843,0.0157],"evs":[0.0,-4.10208]},"J5s":{"weight":1.0,"played":[0.9998,2.0E-4],"evs":[0.0,-2.35099]},"J6s":{"weight":1.0,"played":[0.9606,0.0394],"evs":[0.0,-0.74727]},"J7s":{"weight":1.0,"played":[0.8594,0.1406],"evs":[0.0,-0.44436]},"J8s":{"weight":1.0,"played":[0.8459,0.1541],"evs":[0.0,-1.29883]},"J9s":{"weight":1.0,"played":[0.8749,0.1251],"evs":[0.0,-0.16638]},"JTs":{"weight":1.0,"played":[0.5901,0.4099],"evs":[0.0,0.03545]},"JJ":{"weight":1.0,"played":[0.0,1.0],"evs":[0.0,6.45125]},"QJo":{"weight":1.0,"played":[0.9971,0.0029],"evs":[0.0,-1.89484]},"KJo":{"weight":1.0,"played":[0.5991,0.4009],"evs":[0.0,-0.20225]},"AJo":{"weight":1.0,"played":[0.1765,0.8235],"evs":[0.0,1.24033]},"Q2s":{"weight":1.0,"played":[0.9855,0.0145],"evs":[0.0,-2.23196]},"Q3s":{"weight":1.0,"played":[0.6896,0.3104],"evs":[0.0,-1.62212]},"Q4s":{"weight":1.0,"played":[0.9721,0.0279],"evs":[0.0,-1.4785]},"Q5s":{"weight":1.0,"played":[0.9192,0.0808],"evs":[0.0,-1.4605]},"Q6s":{"weight":1.0,"played":[0.9331,0.0669],"evs":[0.0,-1.96595]},"Q7s":{"weight":1.0,"played":[0.7021,0.2979],"evs":[0.0,-2.16528]},"Q8s":{"weight":1.0,"played":[0.8446,0.1554],"evs":[0.0,-1.64326]},"Q9s":{"weight":1.0,"played":[0.4691,0.5309],"evs":[0.0,1.21333]},"QTs":{"weight":1.0,"played":[0.3063,0.6937],"evs":[0.0,-0.81268]},"QJs":{"weight":1.0,"played":[0.1851,0.8149],"evs":[0.0,1.94135]},"QQ":{"weight":1.0,"played":[2.0E-4,0.9998],"evs":[0.0,7.62087]},"KQo":{"weight":1.0,"played":[0.2984,0.7016],"evs":[0.0,0.19683]},"AQo":{"weight":1.0,"played":[0.0049,0.9951],"evs":[0.0,3.20113]},"K2s":{"weight":1.0,"played":[0.7671,0.2329],"evs":[0.0,-2.16555]},"K3s":{"weight":1.0,"played":[0.7057,0.2943],"evs":[0.0,-2.26126]},"K4s":{"weight":1.0,"played":[0.1834,0.8166],"evs":[0.0,2.30779]},"K5s":{"weight":1.0,"played":[0.7093,0.2907],"evs":[0.0,-0.7958]},"K6s":{"weight":1.0,"played":[0.98,0.02],"evs":[0.0,-1.85329]},"K7s":{"weight":1.0,"played":[0.7934,0.2066],"evs":[0.0,0.70118]},"K8s":{"weight":1.0,"played":[0.9963,0.0037],"evs":[0.0,-0.93492]},"K9s":{"weight":1.0,"played":[0.95,0.05],"evs":[0.0,-2.90364]},"KTs":{"weight":1.0,"played":[0.169,0.831],"evs":[0.0,0.82925]},"KJs":{"weight":1.0,"played":[0.1452,0.8548],"evs":[0.0,3.12276]},"KQs":{"weight":1.0,"played":[0.0924,0.9076],"evs":[0.0,3.4241]},"KK":{"weight":1.0,"played":[1.0E-4,0.9999],"evs":[0.0,13.19295]},"AKo":{"weight":1.0,"played":[1.0E-4,0.9999],"evs":[0.0,3.28683]},"A2s":{"weight":1.0,"played":[0.7515,0.2485],"evs":[0.0,-0.40037]},"A3s":{"weight":1.0,"played":[0.5289,0.4711],"evs":[0.0,0.78364]},"A4s":{"weight":1.0,"played":[0.979,0.021],"evs":[0.0,-2.03828]},"A5s":{"weight":1.0,"played":[0.3003,0.6997],"evs":[0.0,2.59169]},"A6s":{"weight":1.0,"played":[0.2378,0.7622],"evs":[0.0,-0.33701]},"A7s":{"weight":1.0,"played":[0.0434,0.9566],"evs":[0.0,0.86866]},"A8s":{"weight":1.0,"played":[0.509,0.491],"evs":[0.0,-0.33124]},"A9s":{"weight":1.0,"played":[0.281,0.719],"evs":[0.0,1.81916]},"ATs":{"weight":1.0,"played":[0.0026,0.9974],"evs":[0.0,1.31913]},"AJs":{"weight":1.0,"played":[0.4059,0.5941],"evs":[0.0,0.20988]},"AQs":{"weight":1.0,"played":[0.0842,0.9158],"evs":[0.0,4.20642]},"AKs":{"weight":1.0,"played":[4.0E-4,0.9996],"evs":[0.0,4.38154]},"AA":{"weight":1.0,"played":[0.0,1.0],"evs":[0.0,18.16295]}}}