{"player":1,"street":0,"children":2,"sequence":[{"player":0,"type":"F","amount":0,"street":0},{"player":1,"type":"R","amount":200000,"street":0},{"player":2,"type":"C","amount":200000,"street":0},{"player":3,"type":"R","amount":605000,"street":0},{"player":4,"type":"F","amount":0,"street":0},{"player":5,"type":"F","amount":0,"street":0},{"player":1,"type":"C","amount":405000,"street":0},{"player":2,"type":"R","amount":1195000,"street":0}],"actions":[{"type":"F","amount":0},{"type":"C","amount":590000}],"hands":{"22":{"weight":3.0E-4,"played":[0.0,1.0],"evs":[0.0,4.70316]},"32o":{"weight":0.0,"played":[0.0016,0.9984],"evs":[0.0,1.07004]},"42o":{"weight":0.0,"played":[0.0361,0.9639],"evs":[0.0,0.83919]},"52o":{"weight":0.0,"played":[0.0022,0.9978],"evs":[0.0,1.32046]},"62o":{"weight":0.0,"played":[0.0019,0.9981],"evs":[0.0,1.33832]},"72o":{"weight":0.0,"played":[0.0014,0.9986],"evs":[0.0,1.32086]},"82o":{"weight":0.0,"played":[0.0024,0.9976],"evs":[0.0,1.76315]},"92o":{"weight":0.0,"played":[0.0235,0.9765],"evs":[0.0,1.13936]},"T2o":{"weight":0.0,"played":[0.0044,0.9956],"evs":[0.0,1.19263]},"J2o":{"weight":0.0,"played":[0.0093,0.9907],"evs":[0.0,1.5723]},"Q2o":{"weight":0.0,"played":[0.0036,0.9964],"evs":[0.0,1.33733]},"K2o":{"weight":0.0,"played":[0.0,1.0],"evs":[0.0,3.30438]},"A2o":{"weight":0.0031,"played":[0.0,1.0],"evs":[0.0,4.308]},"32s":{"weight":0.0,"played":[0.0,1.0],"evs":[0.0,2.89085]},"33":{"weight":0.0,"played":[0.0,1.0],"evs":[0.0,4.32038]},"43o":{"weight":0.0,"played":[8.0E-4,0.9992],"evs":[0.0,1.91559]},"53o":{"weight":0.0,"played":[0.0,1.0],"evs":[0.0,2.63811]},"63o":{"weight":0.0,"played":[0.0015,0.9985],"evs":[0.0,2.4583]},"73o":{"weight":0.0,"played":[0.0,1.0],"evs":[0.0,2.25767]},"83o":{"weight":0.0,"played":[0.0025,0.9975],"evs":[0.0,2.08805]},"93o":{"weight":0.0,"played":[0.0039,0.9961],"evs":[0.0,1.69005]},"T3o":{"weight":0.0,"played":[1.0E-4,0.9999],"evs":[0.0,1.66761]},"J3o":{"weight":0.0,"played":[0.0043,0.9957],"evs":[0.0,1.9295]},"Q3o":{"weight":0.0,"played":[2.0E-4,0.9998],"evs":[0.0,1.91559]},"K3o":{"weight":0.0,"played":[0.0,1.0],"evs":[0.0,4.00925]},"A3o":{"weight":0.0188,"played":[0.0,1.0],"evs":[0.0,4.11751]},"42s":{"weight":0.0,"played":[0.004,0.996],"evs":[0.0,3.14632]},"43s":{"weight":0.0,"played":[2.0E-4,0.9998],"evs":[0.0,3.12897]},"44":{"weight":0.0,"played":[0.0,1.0],"evs":[0.0,5.59801]},"54o":{"weight":0.0,"played":[0.0,1.0],"evs":[0.0,2.94277]},"64o":{"weight":0.0,"played":[0.0,1.0],"evs":[0.0,2.83212]},"74o":{"weight":0.0,"played":[1.0E-4,0.9999],"evs":[0.0,2.57127]},"84o":{"weight":0.0,"played":[1.0E-4,0.9999],"evs":[0.0,3.29794]},"94o":{"weight":0.0,"played":[0.0016,0.9984],"evs":[0.0,1.87155]},"T4o":{"weight":0.0,"played":[0.0047,0.9953],"evs":[0.0,1.84732]},"J4o":{"weight":0.0,"played":[9.0E-4,0.9991],"evs":[0.0,2.23904]},"Q4o":{"weight":0.0,"played":[0.0,1.0],"evs":[0.0,1.75798]},"K4o":{"weight":0.0,"played":[0.0,1.0],"evs":[0.0,3.57312]},"A4o":{"weight":0.0,"played":[0.0,1.0],"evs":[0.0,4.14544]},"52s":{"weight":0.0,"played":[9.0E-4,0.9991],"evs":[0.0,3.16296]},"53s":{"weight":0.0,"played":[5.0E-4,0.9995],"evs":[0.0,4.84968]},"54s":{"weight":0.0,"played":[1.0E-4,0.9999],"evs":[0.0,3.95813]},"55":{"weight":0.0,"played":[0.0,1.0],"evs":[0.0,5.83904]},"65o":{"weight":0.0,"played":[0.0,1.0],"evs":[0.0,3.91891]},"75o":{"weight":0.0,"played":[0.0,1.0],"evs":[0.0,3.45734]},"85o":{"weight":0.0,"played":[0.0,1.0],"evs":[0.0,2.76004]},"95o":{"weight":0.0,"played":[0.0,1.0],"evs":[0.0,3.32372]},"T5o":{"weight":0.0,"played":[0.006,0.994],"evs":[0.0,1.24717]},"J5o":{"weight":0.0,"played":[0.0,1.0],"evs":[0.0,2.68565]},"Q5o":{"weight":0.0,"played":[4.0E-4,0.9996],"evs":[0.0,1.19683]},"K5o":{"weight":0.0,"played":[0.0,1.0],"evs":[0.0,4.04285]},"A5o":{"weight":0.0,"played":[0.0,1.0],"evs":[0.0,4.65322]},"62s":{"weight":0.0,"played":[1.0E-4,0.9999],"evs":[0.0,3.20628]},"63s":{"weight":0.0,"played":[0.0068,0.9932],"evs":[0.0,3.03453]},"64s":{"weight":0.0,"played":[4.0E-4,0.9996],"evs":[0.0,4.13487]},"65s":{"weight":0.0104,"played":[4.0E-4,0.9996],"evs":[0.0,4.78789]},"66":{"weight":0.0,"played":[0.0,1.0],"evs":[0.0,7.43475]},"76o":{"weight":0.0,"played":[0.0,1.0],"evs":[0.0,4.0574]},"86o":{"weight":0.0,"played":[0.0,1.0],"evs":[0.0,4.60461]},"96o":{"weight":0.0,"played":[1.0E-4,0.9999],"evs":[0.0,3.73636]},"T6o":{"weight":0.0,"played":[1.0E-4,0.9999],"evs":[0.0,2.94353]},"J6o":{"weight":0.0,"played":[0.0,1.0],"evs":[0.0,2.66496]},"Q6o":{"weight":0.0,"played":[0.0,1.0],"evs":[0.0,2.29261]},"K6o":{"weight":0.0,"played":[0.0,1.0],"evs":[0.0,4.47553]},"A6o":{"weight":0.0089,"played":[0.0,1.0],"evs":[0.0,5.42787]},"72s":{"weight":0.0,"played":[0.0125,0.9875],"evs":[0.0,2.56659]},"73s":{"weight":0.0,"played":[8.0E-4,0.9992],"evs":[0.0,3.01864]},"74s":{"weight":0.0,"played":[0.0026,0.9974],"evs":[0.0,2.78018]},"75s":{"weight":0.0,"played":[1.0E-4,0.9999],"evs":[0.0,4.26863]},"76s":{"weight":0.0,"played":[0.0,1.0],"evs":[0.0,5.3444]},"77":{"weight":8.0E-4,"played":[0.0,1.0],"evs":[0.0,8.86554]},"87o":{"weight":0.0,"played":[0.0,1.0],"evs":[0.0,4.63468]},"97o":{"weight":0.0,"played":[0.0,1.0],"evs":[0.0,4.18081]},"T7o":{"weight":0.0,"played":[0.0,1.0],"evs":[0.0,3.07401]},"J7o":{"weight":0.0,"played":[1.0E-4,0.9999],"evs":[0.0,2.61535]},"Q7o":{"weight":0.0,"played":[0.0,1.0],"evs":[0.0,2.93928]},"K7o":{"weight":0.0,"played":[4.0E-4,0.9996],"evs":[0.0,4.74653]},"A7o":{"weight":3.0E-4,"played":[0.0,1.0],"evs":[0.0,5.42077]},"82s":{"weight":0.0,"played":[0.0077,0.9923],"evs":[0.0,3.2069]},"83s":{"weight":0.0,"played":[0.0017,0.9983],"evs":[0.0,3.95264]},"84s":{"weight":0.0,"played":[3.0E-4,0.9997],"evs":[0.0,3.68398]},"85s":{"weight":0.0,"played":[4.0E-4,0.9996],"evs":[0.0,4.41526]},"86s":{"weight":0.0152,"played":[1.0E-4,0.9999],"evs":[0.0,4.64962]},"87s":{"weight":0.0,"played":[1.0E-4,0.9999],"evs":[0.0,5.02425]},"88":{"weight":0.0,"played":[0.0,1.0],"evs":[0.0,8.68865]},"98o":{"weight":0.0,"played":[0.0,1.0],"evs":[0.0,4.56778]},"T8o":{"weight":0.0,"played":[0.0,1.0],"evs":[0.0,3.90191]},"J8o":{"weight":0.0,"played":[1.0E-4,0.9999],"evs":[0.0,4.1096]},"Q8o":{"weight":0.0,"played":[0.0,1.0],"evs":[0.0,3.10238]},"K8o":{"weight":0.0,"played":[0.0,1.0],"evs":[0.0,4.30227]},"A8o":{"weight":7.0E-4,"played":[0.0,1.0],"evs":[0.0,5.77447]},"92s":{"weight":0.0,"played":[0.0012,0.9988],"evs":[0.0,2.70682]},"93s":{"weight":0.0,"played":[3.0E-4,0.9997],"evs":[0.0,3.43044]},"94s":{"weight":0.0,"played":[0.0025,0.9975],"evs":[0.0,3.48907]},"95s":{"weight":0.0,"played":[0.0057,0.9943],"evs":[0.0,4.65193]},"96s":{"weight":1.0E-4,"played":[0.0,1.0],"evs":[0.0,4.98553]},"97s":{"weight":0.0107,"played":[0.0,1.0],"evs":[0.0,4.74981]},"98s":{"weight":0.0,"played":[1.0E-4,0.9999],"evs":[0.0,5.36322]},"99":{"weight":0.0,"played":[0.0,1.0],"evs":[0.0,8.72929]},"T9o":{"weight":0.0154,"played":[1.0E-4,0.9999],"evs":[0.0,3.97435]},"J9o":{"weight":0.0,"played":[0.0,1.0],"evs":[0.0,4.11841]},"Q9o":{"weight":0.0,"played":[0.0,1.0],"evs":[0.0,3.57642]},"K9o":{"weight":0.0074,"played":[0.0,1.0],"evs":[0.0,5.34981]},"A9o":{"weight":0.0,"played":[0.0,1.0],"evs":[0.0,6.05456]},"T2s":{"weight":0.0,"played":[0.0066,0.9934],"evs":[0.0,3.54883]},"T3s":{"weight":0.0,"played":[0.0023,0.9977],"evs":[0.0,2.86043]},"T4s":{"weight":0.0,"played":[0.0091,0.9909],"evs":[0.0,2.1169]},"T5s":{"weight":0.0,"played":[0.002,0.998],"evs":[0.0,3.33216]},"T6s":{"weight":0.0,"played":[1.0E-4,0.9999],"evs":[0.0,3.56677]},"T7s":{"weight":0.4543,"played":[0.0,1.0],"evs":[0.0,4.16958]},"T8s":{"weight":0.0,"played":[1.0E-4,0.9999],"evs":[0.0,4.55528]},"T9s":{"weight":1.0E-4,"played":[4.0E-4,0.9996],"evs":[0.0,4.8439]},"TT":{"weight":0.0,"played":[0.0,1.0],"evs":[0.0,10.71402]},"JTo":{"weight":0.0119,"played":[0.0,1.0],"evs":[0.0,4.51466]},"QTo":{"weight":0.0136,"played":[0.0,1.0],"evs":[0.0,4.70906]},"KTo":{"weight":0.0,"played":[0.0,1.0],"evs":[0.0,6.22668]},"ATo":{"weight":0.0,"played":[0.0,1.0],"evs":[0.0,8.41663]},"J2s":{"weight":0.0,"played":[0.0053,0.9947],"evs":[0.0,3.47221]},"J3s":{"weight":0.0,"played":[0.0,1.0],"evs":[0.0,3.67188]},"J4s":{"weight":0.0,"played":[0.0053,0.9947],"evs":[0.0,4.27818]},"J5s":{"weight":0.0,"played":[0.0029,0.9971],"evs":[0.0,3.78163]},"J6s":{"weight":0.0,"played":[1.0E-4,0.9999],"evs":[0.0,3.90589]},"J7s":{"weight":0.3284,"played":[0.0,1.0],"evs":[0.0,3.65447]},"J8s":{"weight":0.0142,"played":[0.0,1.0],"evs":[0.0,5.80057]},"J9s":{"weight":0.0162,"played":[0.0,1.0],"evs":[0.0,5.00301]},"JTs":{"weight":0.2753,"played":[0.0,1.0],"evs":[0.0,5.0878]},"JJ":{"weight":1.0E-4,"played":[0.0,1.0],"evs":[0.0,12.15608]},"QJo":{"weight":0.0,"played":[1.0E-4,0.9999],"evs":[0.0,6.16423]},"KJo":{"weight":0.0,"played":[0.0,1.0],"evs":[0.0,6.29966]},"AJo":{"weight":0.0,"played":[0.0,1.0],"evs":[0.0,7.15891]},"Q2s":{"weight":0.0,"played":[7.0E-4,0.9993],"evs":[0.0,2.14574]},"Q3s":{"weight":0.0,"played":[0.0,1.0],"evs":[0.0,2.86297]},"Q4s":{"weight":0.0,"played":[5.0E-4,0.9995],"evs":[0.0,3.26227]},"Q5s":{"weight":0.0,"played":[1.0E-4,0.9999],"evs":[0.0,2.89006]},"Q6s":{"weight":2.0E-4,"played":[0.0,1.0],"evs":[0.0,4.65852]},"Q7s":{"weight":0.2095,"played":[0.0,1.0],"evs":[0.0,4.0769]},"Q8s":{"weight":0.0272,"played":[0.0,1.0],"evs":[0.0,4.79969]},"Q9s":{"weight":0.004,"played":[1.0E-4,0.9999],"evs":[0.0,4.29203]},"QTs":{"weight":7.0E-4,"played":[0.0,1.0],"evs":[0.0,6.18631]},"QJs":{"weight":0.1946,"played":[0.0,1.0],"evs":[0.0,7.69566]},"QQ":{"weight":0.0,"played":[0.0,1.0],"evs":[0.0,14.47419]},"KQo":{"weight":0.0,"played":[0.0,1.0],"evs":[0.0,7.34095]},"AQo":{"weight":0.0,"played":[0.0,1.0],"evs":[0.0,9.13014]},"K2s":{"weight":0.0,"played":[1.0E-4,0.9999],"evs":[0.0,4.34085]},"K3s":{"weight":0.0,"played":[0.0,1.0],"evs":[0.0,5.999]},"K4s":{"weight":0.2528,"played":[0.0,1.0],"evs":[0.0,5.05447]},"K5s":{"weight":0.0,"played":[0.0,1.0],"evs":[0.0,5.41457]},"K6s":{"weight":0.0,"played":[0.0017,0.9983],"evs":[0.0,6.36309]},"K7s":{"weight":0.0,"played":[0.0,1.0],"evs":[0.0,5.67972]},"K8s":{"weight":0.0,"played":[3.0E-4,0.9997],"evs":[0.0,5.63801]},"K9s":{"weight":0.0,"played":[0.0,1.0],"evs":[0.0,5.3113]},"KTs":{"weight":1.0E-4,"played":[0.001,0.999],"evs":[0.0,7.11227]},"KJs":{"weight":0.0,"played":[0.0,1.0],"evs":[0.0,7.86956]},"KQs":{"weight":0.0,"played":[0.0,1.0],"evs":[0.0,7.65257]},"KK":{"weight":2.0E-4,"played":[0.0,1.0],"evs":[0.0,16.22973]},"AKo":{"weight":0.0,"played":[0.0,1.0],"evs":[0.0,9.37955]},"A2s":{"weight":0.0,"played":[0.0,1.0],"evs":[0.0,5.95822]},"A3s":{"weight":0.0,"played":[0.0,1.0],"evs":[0.0,5.5185]},"A4s":{"weight":0.0,"played":[9.0E-4,0.9991],"evs":[0.0,4.89056]},"A5s":{"weight":0.0,"played":[0.0,1.0],"evs":[0.0,6.71844]},"A6s":{"weight":0.0,"played":[0.0,1.0],"evs":[0.0,7.11313]},"A7s":{"weight":0.0112,"played":[0.0,1.0],"evs":[0.0,6.93629]},"A8s":{"weight":7.0E-4,"played":[1.0E-4,0.9999],"evs":[0.0,7.40458]},"A9s":{"weight":0.0,"played":[0.0,1.0],"evs":[0.0,6.67327]},"ATs":{"weight":0.0,"played":[1.0E-4,0.9999],"evs":[0.0,9.31261]},"AJs":{"weight":0.0,"played":[0.0,1.0],"evs":[0.0,8.44761]},"AQs":{"weight":0.0,"played":[0.0,1.0],"evs":[0.0,10.4261]},"AKs":{"weight":0.0019,"played":[0.0,1.0],"evs":[0.0,11.35508]},"AA":{"weight":0.0,"played":[0.0,1.0],"evs":[0.0,20.78986]}}}