{"player":1,"street":0,"children":2,"sequence":[{"player":0,"type":"F","amount":0,"street":0},{"player":1,"type":"R","amount":200000,"street":0},{"player":2,"type":"C","amount":200000,"street":0},{"player":3,"type":"R","amount":605000,"street":0},{"player":4,"type":"R","amount":1245000,"street":0},{"player":5,"type":"R","amount":1875000,"street":0}],"actions":[{"type":"F","amount":0,"node":165},{"type":"C","amount":1675000,"node":166}],"hands":{"22":{"weight":8.0E-4,"played":[0.4862,0.5138],"evs":[0.0,-0.60861]},"32o":{"weight":0.0,"played":[0.9862,0.0138],"evs":[0.0,-3.37231]},"42o":{"weight":0.0,"played":[0.9568,0.0432],"evs":[0.0,-4.21166]},"52o":{"weight":0.0,"played":[0.9352,0.0648],"evs":[0.0,-2.76292]},"62o":{"weight":0.0,"played":[0.9549,0.0451],"evs":[0.0,-4.74065]},"72o":{"weight":0.0,"played":[1.0,0.0],"evs":[0.0,-4.277]},"82o":{"weight":0.0,"played":[0.8932,0.1068],"evs":[0.0,-1.87232]},"92o":{"weight":0.0,"played":[0.4482,0.5518],"evs":[0.0,-1.13773]},"T2o":{"weight":0.0,"played":[0.9837,0.0163],"evs":[0.0,-2.05469]},"J2o":{"weight":0.0,"played":[0.8195,0.1805],"evs":[0.0,-2.22458]},"Q2o":{"weight":0.0,"played":[0.9213,0.0787],"evs":[0.0,-3.65689]},"K2o":{"weight":0.0,"played":[0.8944,0.1056],"evs":[0.0,-0.61422]},"A2o":{"weight":0.9235,"played":[0.2181,0.7819],"evs":[0.0,0.78827]},"32s":{"weight":0.0,"played":[0.4957,0.5043],"evs":[0.0,0.99134]},"33":{"weight":0.3131,"played":[0.0342,0.9658],"evs":[0.0,6.75202]},"43o":{"weight":0.0,"played":[0.7682,0.2318],"evs":[0.0,-0.54195]},"53o":{"weight":0.0,"played":[1.0,0.0],"evs":[0.0,-4.05835]},"63o":{"weight":0.0,"played":[1.0,0.0],"evs":[0.0,-2.74872]},"73o":{"weight":0.0,"played":[0.8112,0.1888],"evs":[0.0,0.19674]},"83o":{"weight":0.0,"played":[0.9684,0.0316],"evs":[0.0,-4.78382]},"93o":{"weight":0.0,"played":[1.0,0.0],"evs":[0.0,-5.12014]},"T3o":{"weight":0.0,"played":[0.8076,0.1924],"evs":[0.0,-3.29675]},"J3o":{"weight":0.0,"played":[0.7519,0.2481],"evs":[0.0,-2.53326]},"Q3o":{"weight":0.0,"played":[0.1027,0.8973],"evs":[0.0,0.61131]},"K3o":{"weight":0.0,"played":[0.823,0.177],"evs":[0.0,-3.03076]},"A3o":{"weight":0.1133,"played":[0.3402,0.6598],"evs":[0.0,-0.28484]},"42s":{"weight":0.0,"played":[0.0149,0.9851],"evs":[0.0,2.08816]},"43s":{"weight":0.0,"played":[0.3383,0.6617],"evs":[0.0,1.36581]},"44":{"weight":1.0E-4,"played":[0.0,1.0],"evs":[0.0,4.84738]},"54o":{"weight":0.0,"played":[0.4686,0.5314],"evs":[0.0,1.88255]},"64o":{"weight":0.0,"played":[0.427,0.573],"evs":[0.0,2.53639]},"74o":{"weight":0.0,"played":[0.5512,0.4488],"evs":[0.0,-1.14817]},"84o":{"weight":0.0,"played":[0.5055,0.4945],"evs":[0.0,1.41814]},"94o":{"weight":0.0,"played":[0.906,0.094],"evs":[0.0,-4.92668]},"T4o":{"weight":0.0,"played":[0.9781,0.0219],"evs":[0.0,-4.2567]},"J4o":{"weight":0.0,"played":[0.6601,0.3399],"evs":[0.0,-1.30633]},"Q4o":{"weight":0.0,"played":[0.902,0.098],"evs":[0.0,-1.38912]},"K4o":{"weight":0.0,"played":[0.1403,0.8597],"evs":[0.0,2.22852]},"A4o":{"weight":1.0E-4,"played":[0.0037,0.9963],"evs":[0.0,2.07098]},"52s":{"weight":0.0,"played":[0.4903,0.5097],"evs":[0.0,2.27713]},"53s":{"weight":0.0,"played":[0.3232,0.6768],"evs":[0.0,1.23273]},"54s":{"weight":0.0,"played":[0.3223,0.6777],"evs":[0.0,0.99492]},"55":{"weight":0.0,"played":[0.023,0.977],"evs":[0.0,4.78216]},"65o":{"weight":0.0,"played":[0.3973,0.6027],"evs":[0.0,2.27806]},"75o":{"weight":0.0,"played":[0.5325,0.4675],"evs":[0.0,-0.36183]},"85o":{"weight":0.0,"played":[0.6283,0.3717],"evs":[0.0,-1.54218]},"95o":{"weight":0.0,"played":[0.2449,0.7551],"evs":[0.0,-0.51328]},"T5o":{"weight":0.0,"played":[0.8895,0.1105],"evs":[0.0,-3.89719]},"J5o":{"weight":0.0,"played":[0.7626,0.2374],"evs":[0.0,-1.71801]},"Q5o":{"weight":0.0,"played":[0.2484,0.7516],"evs":[0.0,0.18464]},"K5o":{"weight":0.0,"played":[0.1187,0.8813],"evs":[0.0,1.19362]},"A5o":{"weight":0.0,"played":[0.1,0.9],"evs":[0.0,-0.24783]},"62s":{"weight":0.0,"played":[0.9352,0.0648],"evs":[0.0,-3.10353]},"63s":{"weight":0.0,"played":[0.2238,0.7762],"evs":[0.0,3.59301]},"64s":{"weight":0.0,"played":[0.5097,0.4903],"evs":[0.0,2.46599]},"65s":{"weight":0.0275,"played":[0.1886,0.8114],"evs":[0.0,5.10597]},"66":{"weight":0.0,"played":[0.0068,0.9932],"evs":[0.0,9.60964]},"76o":{"weight":0.0,"played":[0.7963,0.2037],"evs":[0.0,-1.02037]},"86o":{"weight":0.0,"played":[0.4887,0.5113],"evs":[0.0,-0.02734]},"96o":{"weight":0.0,"played":[0.1489,0.8511],"evs":[0.0,1.38742]},"T6o":{"weight":0.0,"played":[0.9877,0.0123],"evs":[0.0,-2.15938]},"J6o":{"weight":0.0,"played":[0.7789,0.2211],"evs":[0.0,-0.78583]},"Q6o":{"weight":0.0,"played":[0.8637,0.1363],"evs":[0.0,-2.52371]},"K6o":{"weight":0.0,"played":[0.7601,0.2399],"evs":[0.0,0.2581]},"A6o":{"weight":0.5189,"played":[0.1607,0.8393],"evs":[0.0,-0.16626]},"72s":{"weight":0.0,"played":[0.5733,0.4267],"evs":[0.0,-0.80713]},"73s":{"weight":0.0,"played":[0.0687,0.9313],"evs":[0.0,1.64753]},"74s":{"weight":0.0,"played":[0.4199,0.5801],"evs":[0.0,-1.48741]},"75s":{"weight":1.0E-4,"played":[0.7289,0.2711],"evs":[0.0,-0.70812]},"76s":{"weight":1.0E-4,"played":[0.0282,0.9718],"evs":[0.0,6.87799]},"77":{"weight":0.0058,"played":[0.0391,0.9609],"evs":[0.0,7.38996]},"87o":{"weight":0.0,"played":[0.0482,0.9518],"evs":[0.0,2.52507]},"97o":{"weight":0.0,"played":[0.0041,0.9959],"evs":[0.0,2.87301]},"T7o":{"weight":0.0,"played":[0.7792,0.2208],"evs":[0.0,-1.62675]},"J7o":{"weight":0.0,"played":[0.6715,0.3285],"evs":[0.0,-0.30371]},"Q7o":{"weight":0.0,"played":[0.6735,0.3265],"evs":[0.0,-1.17739]},"K7o":{"weight":0.0,"played":[0.0235,0.9765],"evs":[0.0,1.50825]},"A7o":{"weight":0.2141,"played":[0.2346,0.7654],"evs":[0.0,-1.63047]},"82s":{"weight":0.0,"played":[0.7522,0.2478],"evs":[0.0,-3.59357]},"83s":{"weight":0.0,"played":[0.0747,0.9253],"evs":[0.0,5.30126]},"84s":{"weight":0.0,"played":[0.5015,0.4985],"evs":[0.0,-1.7593]},"85s":{"weight":0.0,"played":[0.0245,0.9755],"evs":[0.0,4.67631]},"86s":{"weight":0.057,"played":[0.1447,0.8553],"evs":[0.0,4.43828]},"87s":{"weight":0.363,"played":[0.0967,0.9033],"evs":[0.0,3.70615]},"88":{"weight":0.0,"played":[0.0034,0.9966],"evs":[0.0,11.65459]},"98o":{"weight":0.0,"played":[0.1546,0.8454],"evs":[0.0,1.77526]},"T8o":{"weight":0.0,"played":[2.0E-4,0.9998],"evs":[0.0,1.86231]},"J8o":{"weight":0.0,"played":[0.0012,0.9988],"evs":[0.0,3.49469]},"Q8o":{"weight":0.0,"played":[0.0305,0.9695],"evs":[0.0,1.03017]},"K8o":{"weight":0.0,"played":[0.2631,0.7369],"evs":[0.0,1.68834]},"A8o":{"weight":0.0893,"played":[0.0012,0.9988],"evs":[0.0,2.36613]},"92s":{"weight":0.0,"played":[0.9689,0.0311],"evs":[0.0,-1.68052]},"93s":{"weight":0.0,"played":[0.4527,0.5473],"evs":[0.0,5.70405]},"94s":{"weight":0.0,"played":[0.4808,0.5192],"evs":[0.0,2.92575]},"95s":{"weight":0.0,"played":[0.0027,0.9973],"evs":[0.0,7.6044]},"96s":{"weight":1.0E-4,"played":[0.0864,0.9136],"evs":[0.0,4.81286]},"97s":{"weight":0.0265,"played":[0.013,0.987],"evs":[0.0,9.66253]},"98s":{"weight":3.0E-4,"played":[0.3193,0.6807],"evs":[0.0,5.54581]},"99":{"weight":0.0,"played":[0.0,1.0],"evs":[0.0,10.30307]},"T9o":{"weight":0.2101,"played":[0.0017,0.9983],"evs":[0.0,2.82389]},"J9o":{"weight":0.0,"played":[0.0811,0.9189],"evs":[0.0,6.05801]},"Q9o":{"weight":0.0,"played":[0.0025,0.9975],"evs":[0.0,2.54531]},"K9o":{"weight":0.5405,"played":[0.0188,0.9812],"evs":[0.0,2.633]},"A9o":{"weight":0.0,"played":[0.0086,0.9914],"evs":[0.0,3.16572]},"T2s":{"weight":0.0,"played":[0.4706,0.5294],"evs":[0.0,-0.66378]},"T3s":{"weight":0.0,"played":[0.466,0.534],"evs":[0.0,3.67267]},"T4s":{"weight":0.0,"played":[0.4418,0.5582],"evs":[0.0,0.85536]},"T5s":{"weight":0.0,"played":[0.1953,0.8047],"evs":[0.0,2.27192]},"T6s":{"weight":0.0,"played":[0.6767,0.3233],"evs":[0.0,4.11525]},"T7s":{"weight":0.9798,"played":[0.0014,0.9986],"evs":[0.0,4.40572]},"T8s":{"weight":0.0,"played":[0.3534,0.6466],"evs":[0.0,0.6391]},"T9s":{"weight":0.0244,"played":[0.5739,0.4261],"evs":[0.0,-0.28424]},"TT":{"weight":2.0E-4,"played":[0.0,1.0],"evs":[0.0,14.71343]},"JTo":{"weight":0.0282,"played":[0.0367,0.9633],"evs":[0.0,3.91514]},"QTo":{"weight":0.2928,"played":[0.0058,0.9942],"evs":[0.0,4.30987]},"KTo":{"weight":0.0,"played":[0.3684,0.6316],"evs":[0.0,0.13824]},"ATo":{"weight":0.0,"played":[2.0E-4,0.9998],"evs":[0.0,4.38181]},"J2s":{"weight":0.0,"played":[0.9653,0.0347],"evs":[0.0,-3.01634]},"J3s":{"weight":0.0,"played":[0.0035,0.9965],"evs":[0.0,4.64029]},"J4s":{"weight":0.0,"played":[0.2125,0.7875],"evs":[0.0,-1.7898]},"J5s":{"weight":0.0,"played":[0.6312,0.3688],"evs":[0.0,-2.64438]},"J6s":{"weight":0.0,"played":[0.0512,0.9488],"evs":[0.0,0.94186]},"J7s":{"weight":0.9446,"played":[0.324,0.676],"evs":[0.0,6.11652]},"J8s":{"weight":0.1917,"played":[0.0493,0.9507],"evs":[0.0,6.09313]},"J9s":{"weight":0.0378,"played":[0.0028,0.9972],"evs":[0.0,7.08203]},"JTs":{"weight":0.9379,"played":[0.0021,0.9979],"evs":[0.0,5.11287]},"JJ":{"weight":0.0048,"played":[0.0,1.0],"evs":[0.0,17.09347]},"QJo":{"weight":2.0E-4,"played":[0.0,1.0],"evs":[0.0,2.97945]},"KJo":{"weight":0.0,"played":[1.0E-4,0.9999],"evs":[0.0,4.71248]},"AJo":{"weight":0.0,"played":[0.0018,0.9982],"evs":[0.0,4.81107]},"Q2s":{"weight":0.0,"played":[0.0194,0.9806],"evs":[0.0,4.13127]},"Q3s":{"weight":0.0,"played":[0.2057,0.7943],"evs":[0.0,5.61703]},"Q4s":{"weight":0.0,"played":[0.3989,0.6011],"evs":[0.0,0.93084]},"Q5s":{"weight":0.0,"played":[0.3223,0.6777],"evs":[0.0,-2.83202]},"Q6s":{"weight":5.0E-4,"played":[0.0054,0.9946],"evs":[0.0,8.37293]},"Q7s":{"weight":0.389,"played":[0.5469,0.4531],"evs":[0.0,-1.90047]},"Q8s":{"weight":0.0584,"played":[0.4614,0.5386],"evs":[0.0,-0.62488]},"Q9s":{"weight":0.009,"played":[0.0382,0.9618],"evs":[0.0,4.67901]},"QTs":{"weight":0.0807,"played":[0.64,0.36],"evs":[0.0,-0.9074]},"QJs":{"weight":0.8632,"played":[0.0013,0.9987],"evs":[0.0,4.66361]},"QQ":{"weight":0.6225,"played":[0.0,1.0],"evs":[0.0,16.95037]},"KQo":{"weight":0.0,"played":[0.0052,0.9948],"evs":[0.0,2.89144]},"AQo":{"weight":0.0,"played":[0.0128,0.9872],"evs":[0.0,3.79148]},"K2s":{"weight":0.0,"played":[0.3429,0.6571],"evs":[0.0,0.28017]},"K3s":{"weight":0.0,"played":[0.1919,0.8081],"evs":[0.0,0.55048]},"K4s":{"weight":0.5636,"played":[0.0104,0.9896],"evs":[0.0,5.46195]},"K5s":{"weight":1.0E-4,"played":[0.2226,0.7774],"evs":[0.0,1.33583]},"K6s":{"weight":1.0E-4,"played":[0.2422,0.7578],"evs":[0.0,-1.85791]},"K7s":{"weight":0.0014,"played":[0.0051,0.9949],"evs":[0.0,4.94181]},"K8s":{"weight":0.0,"played":[0.0063,0.9937],"evs":[0.0,4.91702]},"K9s":{"weight":0.0,"played":[1.0E-4,0.9999],"evs":[0.0,3.77592]},"KTs":{"weight":0.285,"played":[5.0E-4,0.9995],"evs":[0.0,4.54392]},"KJs":{"weight":0.0037,"played":[0.0111,0.9889],"evs":[0.0,5.78747]},"KQs":{"weight":1.0E-4,"played":[0.0177,0.9823],"evs":[0.0,2.43758]},"KK":{"weight":1.0,"played":[0.0,1.0],"evs":[0.0,25.27335]},"AKo":{"weight":0.0015,"played":[0.0,1.0],"evs":[0.0,8.3054]},"A2s":{"weight":0.0,"played":[0.0783,0.9217],"evs":[0.0,8.7875]},"A3s":{"weight":0.0,"played":[0.0456,0.9544],"evs":[0.0,5.50704]},"A4s":{"weight":0.0,"played":[0.3235,0.6765],"evs":[0.0,3.91877]},"A5s":{"weight":0.0,"played":[0.0015,0.9985],"evs":[0.0,4.8583]},"A6s":{"weight":0.0,"played":[0.0727,0.9273],"evs":[0.0,5.25756]},"A7s":{"weight":0.0695,"played":[0.0,1.0],"evs":[0.0,8.66209]},"A8s":{"weight":0.3609,"played":[0.0113,0.9887],"evs":[0.0,4.02151]},"A9s":{"weight":0.0,"played":[0.0569,0.9431],"evs":[0.0,7.41233]},"ATs":{"weight":0.0999,"played":[0.0,1.0],"evs":[0.0,6.90164]},"AJs":{"weight":7.0E-4,"played":[0.0,1.0],"evs":[0.0,4.99391]},"AQs":{"weight":0.1848,"played":[0.0,1.0],"evs":[0.0,9.21454]},"AKs":{"weight":1.0,"played":[0.0049,0.9951],"evs":[0.0,11.39868]},"AA":{"weight":1.0,"played":[0.0,1.0],"evs":[0.0,31.05246]}}}