{"player":2,"street":0,"children":2,"sequence":[{"player":0,"type":"F","amount":0,"street":0},{"player":1,"type":"R","amount":200000,"street":0},{"player":2,"type":"C","amount":200000,"street":0},{"player":3,"type":"R","amount":605000,"street":0},{"player":4,"type":"R","amount":1245000,"street":0},{"player":5,"type":"R","amount":1875000,"street":0},{"player":1,"type":"F","amount":0,"street":0}],"actions":[{"type":"F","amount":0},{"type":"C","amount":995000}],"hands":{"22":{"weight":0.0,"played":[0.9967,0.0033],"evs":[0.0,-2.77503]},"32o":{"weight":0.0,"played":[0.9992,8.0E-4],"evs":[0.0,-3.03236]},"42o":{"weight":0.0,"played":[0.758,0.242],"evs":[0.0,-2.03142]},"52o":{"weight":0.0,"played":[0.9398,0.0602],"evs":[0.0,-2.13662]},"62o":{"weight":0.0,"played":[0.9864,0.0136],"evs":[0.0,-5.64626]},"72o":{"weight":0.0,"played":[0.999,0.001],"evs":[0.0,-2.12415]},"82o":{"weight":0.0,"played":[0.8582,0.1418],"evs":[0.0,-3.76831]},"92o":{"weight":0.0,"played":[0.9993,7.0E-4],"evs":[0.0,-2.07699]},"T2o":{"weight":0.0,"played":[0.8964,0.1036],"evs":[0.0,-1.50541]},"J2o":{"weight":0.0,"played":[0.885,0.115],"evs":[0.0,-1.15176]},"Q2o":{"weight":0.0,"played":[0.7759,0.2241],"evs":[0.0,-2.65078]},"K2o":{"weight":0.0,"played":[0.6734,0.3266],"evs":[0.0,-1.6306]},"A2o":{"weight":0.0,"played":[0.9626,0.0374],"evs":[0.0,-3.10892]},"32s":{"weight":0.0,"played":[0.9034,0.0966],"evs":[0.0,-3.53553]},"33":{"weight":0.0,"played":[0.028,0.972],"evs":[0.0,4.03881]},"43o":{"weight":0.0,"played":[0.8117,0.1883],"evs":[0.0,-2.20146]},"53o":{"weight":0.0,"played":[0.9956,0.0044],"evs":[0.0,-1.74398]},"63o":{"weight":0.0,"played":[0.7008,0.2992],"evs":[0.0,-1.19882]},"73o":{"weight":0.0,"played":[0.9997,3.0E-4],"evs":[0.0,-2.0783]},"83o":{"weight":0.0,"played":[0.9589,0.0411],"evs":[0.0,-1.83816]},"93o":{"weight":0.0,"played":[0.6775,0.3225],"evs":[0.0,-3.25445]},"T3o":{"weight":0.0,"played":[0.9306,0.0694],"evs":[0.0,-1.70788]},"J3o":{"weight":0.0,"played":[1.0,0.0],"evs":[0.0,-1.62404]},"Q3o":{"weight":0.0,"played":[0.934,0.066],"evs":[0.0,-1.75371]},"K3o":{"weight":0.0,"played":[0.9304,0.0696],"evs":[0.0,-3.79757]},"A3o":{"weight":0.0,"played":[0.5188,0.4812],"evs":[0.0,-0.83544]},"42s":{"weight":0.0,"played":[0.6894,0.3106],"evs":[0.0,-0.41624]},"43s":{"weight":0.0,"played":[0.0676,0.9324],"evs":[0.0,4.23443]},"44":{"weight":0.0,"played":[0.2448,0.7552],"evs":[0.0,3.42302]},"54o":{"weight":0.0,"played":[0.969,0.031],"evs":[0.0,-2.14594]},"64o":{"weight":0.0,"played":[0.9595,0.0405],"evs":[0.0,-1.19162]},"74o":{"weight":0.0,"played":[0.7799,0.2201],"evs":[0.0,-0.47089]},"84o":{"weight":0.0,"played":[0.9988,0.0012],"evs":[0.0,-3.24396]},"94o":{"weight":0.0,"played":[0.9699,0.0301],"evs":[0.0,-4.58409]},"T4o":{"weight":0.0,"played":[0.7088,0.2912],"evs":[0.0,-2.83285]},"J4o":{"weight":0.0,"played":[0.944,0.056],"evs":[0.0,-2.23526]},"Q4o":{"weight":0.0,"played":[0.1994,0.8006],"evs":[0.0,1.76914]},"K4o":{"weight":0.0,"played":[0.6322,0.3678],"evs":[0.0,-0.9014]},"A4o":{"weight":0.0,"played":[0.8378,0.1622],"evs":[0.0,-2.97343]},"52s":{"weight":0.0,"played":[0.7736,0.2264],"evs":[0.0,0.15845]},"53s":{"weight":0.0,"played":[0.9706,0.0294],"evs":[0.0,-1.70578]},"54s":{"weight":0.0,"played":[0.6433,0.3567],"evs":[0.0,-1.31433]},"55":{"weight":0.2986,"played":[0.1793,0.8207],"evs":[0.0,2.6702]},"65o":{"weight":0.0,"played":[0.9817,0.0183],"evs":[0.0,0.31564]},"75o":{"weight":0.0,"played":[0.1499,0.8501],"evs":[0.0,3.41842]},"85o":{"weight":0.0,"played":[0.8492,0.1508],"evs":[0.0,-1.79854]},"95o":{"weight":0.0,"played":[0.981,0.019],"evs":[0.0,-3.18815]},"T5o":{"weight":0.0,"played":[0.9908,0.0092],"evs":[0.0,-1.58187]},"J5o":{"weight":0.0,"played":[0.8881,0.1119],"evs":[0.0,-1.77434]},"Q5o":{"weight":0.0,"played":[0.9889,0.0111],"evs":[0.0,-3.57501]},"K5o":{"weight":0.0,"played":[0.3095,0.6905],"evs":[0.0,1.22602]},"A5o":{"weight":0.0,"played":[0.4264,0.5736],"evs":[0.0,-0.50106]},"62s":{"weight":0.0,"played":[0.9949,0.0051],"evs":[0.0,-3.81552]},"63s":{"weight":0.0,"played":[0.8046,0.1954],"evs":[0.0,-1.25805]},"64s":{"weight":0.0,"played":[0.8598,0.1402],"evs":[0.0,-0.68106]},"65s":{"weight":0.0,"played":[0.8816,0.1184],"evs":[0.0,-0.89397]},"66":{"weight":0.0011,"played":[0.0107,0.9893],"evs":[0.0,4.84917]},"76o":{"weight":0.0,"played":[0.0844,0.9156],"evs":[0.0,2.51015]},"86o":{"weight":0.0,"played":[0.2597,0.7403],"evs":[0.0,0.14708]},"96o":{"weight":0.0,"played":[0.7267,0.2733],"evs":[0.0,-3.97704]},"T6o":{"weight":0.0,"played":[0.5464,0.4536],"evs":[0.0,-1.3757]},"J6o":{"weight":0.0,"played":[1.0,0.0],"evs":[0.0,-3.63238]},"Q6o":{"weight":0.0,"played":[0.9946,0.0054],"evs":[0.0,-2.34595]},"K6o":{"weight":0.0,"played":[0.5629,0.4371],"evs":[0.0,0.39436]},"A6o":{"weight":0.0,"played":[0.9345,0.0655],"evs":[0.0,-1.14207]},"72s":{"weight":0.0,"played":[0.1434,0.8566],"evs":[0.0,-0.10086]},"73s":{"weight":0.0,"played":[0.3958,0.6042],"evs":[0.0,1.52493]},"74s":{"weight":0.0,"played":[0.9523,0.0477],"evs":[0.0,-6.01534]},"75s":{"weight":0.0,"played":[0.4353,0.5647],"evs":[0.0,1.60633]},"76s":{"weight":0.0,"played":[0.6008,0.3992],"evs":[0.0,-0.78848]},"77":{"weight":0.0,"played":[0.0215,0.9785],"evs":[0.0,6.56959]},"87o":{"weight":0.0,"played":[0.9604,0.0396],"evs":[0.0,-2.40223]},"97o":{"weight":0.0,"played":[0.5823,0.4177],"evs":[0.0,-0.8179]},"T7o":{"weight":0.0,"played":[0.6347,0.3653],"evs":[0.0,0.57385]},"J7o":{"weight":0.0,"played":[0.7842,0.2158],"evs":[0.0,-0.22519]},"Q7o":{"weight":0.0,"played":[0.972,0.028],"evs":[0.0,-3.6653]},"K7o":{"weight":0.0,"played":[0.7787,0.2213],"evs":[0.0,-0.95474]},"A7o":{"weight":0.0243,"played":[0.9896,0.0104],"evs":[0.0,-2.58795]},"82s":{"weight":0.0,"played":[0.3376,0.6624],"evs":[0.0,2.59501]},"83s":{"weight":0.0,"played":[0.3462,0.6538],"evs":[0.0,1.37305]},"84s":{"weight":0.0,"played":[0.087,0.913],"evs":[0.0,1.59491]},"85s":{"weight":0.0,"played":[0.9858,0.0142],"evs":[0.0,-2.12882]},"86s":{"weight":0.0,"played":[0.5806,0.4194],"evs":[0.0,-4.00667]},"87s":{"weight":0.0,"played":[0.1788,0.8212],"evs":[0.0,3.42469]},"88":{"weight":1.0E-4,"played":[0.006,0.994],"evs":[0.0,6.27362]},"98o":{"weight":0.0,"played":[0.8527,0.1473],"evs":[0.0,-0.77531]},"T8o":{"weight":0.0,"played":[0.9174,0.0826],"evs":[0.0,-1.51474]},"J8o":{"weight":0.0,"played":[0.2864,0.7136],"evs":[0.0,-1.36016]},"Q8o":{"weight":0.0,"played":[0.6976,0.3024],"evs":[0.0,-2.03311]},"K8o":{"weight":0.0,"played":[0.982,0.018],"evs":[0.0,-1.12364]},"A8o":{"weight":0.0,"played":[0.8921,0.1079],"evs":[0.0,-3.82618]},"92s":{"weight":0.0,"played":[0.7523,0.2477],"evs":[0.0,-0.09675]},"93s":{"weight":0.0,"played":[0.4968,0.5032],"evs":[0.0,-0.06784]},"94s":{"weight":0.0,"played":[0.5015,0.4985],"evs":[0.0,1.33566]},"95s":{"weight":0.0,"played":[0.9151,0.0849],"evs":[0.0,-0.9336]},"96s":{"weight":0.0,"played":[0.1323,0.8677],"evs":[0.0,1.22663]},"97s":{"weight":0.0,"played":[0.8672,0.1328],"evs":[0.0,-3.4163]},"98s":{"weight":0.0,"played":[0.0286,0.9714],"evs":[0.0,2.60946]},"99":{"weight":0.0031,"played":[0.0337,0.9663],"evs":[0.0,5.9858]},"T9o":{"weight":0.0,"played":[0.1895,0.8105],"evs":[0.0,1.73467]},"J9o":{"weight":0.0,"played":[0.5531,0.4469],"evs":[0.0,-0.9895]},"Q9o":{"weight":0.0,"played":[0.4017,0.5983],"evs":[0.0,0.31772]},"K9o":{"weight":0.0,"played":[0.7912,0.2088],"evs":[0.0,-1.41812]},"A9o":{"weight":0.0168,"played":[0.5202,0.4798],"evs":[0.0,-6.5E-4]},"T2s":{"weight":0.0,"played":[0.3345,0.6655],"evs":[0.0,-1.13934]},"T3s":{"weight":0.0,"played":[0.678,0.322],"evs":[0.0,0.87911]},"T4s":{"weight":0.0,"played":[0.5673,0.4327],"evs":[0.0,1.06368]},"T5s":{"weight":0.0,"played":[0.0714,0.9286],"evs":[0.0,4.64172]},"T6s":{"weight":0.0,"played":[0.4666,0.5334],"evs":[0.0,-1.01593]},"T7s":{"weight":0.0,"played":[0.8455,0.1545],"evs":[0.0,-2.50463]},"T8s":{"weight":0.0,"played":[0.7631,0.2369],"evs":[0.0,-4.23723]},"T9s":{"weight":0.0,"played":[0.1008,0.8992],"evs":[0.0,3.12752]},"TT":{"weight":0.0,"played":[0.002,0.998],"evs":[0.0,3.2095]},"JTo":{"weight":0.0,"played":[0.5344,0.4656],"evs":[0.0,-0.77579]},"QTo":{"weight":0.0,"played":[0.7682,0.2318],"evs":[0.0,-1.66228]},"KTo":{"weight":0.0,"played":[0.5738,0.4262],"evs":[0.0,-2.79326]},"ATo":{"weight":1.0E-4,"played":[0.1433,0.8567],"evs":[0.0,1.31969]},"J2s":{"weight":0.0,"played":[0.8822,0.1178],"evs":[0.0,-0.62222]},"J3s":{"weight":0.0,"played":[0.9018,0.0982],"evs":[0.0,-6.95352]},"J4s":{"weight":0.0,"played":[0.7396,0.2604],"evs":[0.0,-0.09848]},"J5s":{"weight":0.0,"played":[0.9334,0.0666],"evs":[0.0,-3.00573]},"J6s":{"weight":0.0,"played":[0.0149,0.9851],"evs":[0.0,5.68538]},"J7s":{"weight":0.0,"played":[0.9603,0.0397],"evs":[0.0,-0.9923]},"J8s":{"weight":0.0,"played":[0.6093,0.3907],"evs":[0.0,-2.36547]},"J9s":{"weight":0.0,"played":[0.0743,0.9257],"evs":[0.0,8.11244]},"JTs":{"weight":0.0229,"played":[0.187,0.813],"evs":[0.0,-0.04814]},"JJ":{"weight":0.0,"played":[0.0018,0.9982],"evs":[0.0,12.97221]},"QJo":{"weight":1.0E-4,"played":[0.1207,0.8793],"evs":[0.0,0.96974]},"KJo":{"weight":0.0394,"played":[0.0202,0.9798],"evs":[0.0,3.43499]},"AJo":{"weight":0.0,"played":[5.0E-4,0.9995],"evs":[0.0,5.05011]},"Q2s":{"weight":0.0,"played":[0.9704,0.0296],"evs":[0.0,-6.02818]},"Q3s":{"weight":0.0,"played":[0.2057,0.7943],"evs":[0.0,2.15742]},"Q4s":{"weight":0.0,"played":[0.2645,0.7355],"evs":[0.0,0.61743]},"Q5s":{"weight":0.0,"played":[0.968,0.032],"evs":[0.0,-4.25521]},"Q6s":{"weight":0.0,"played":[0.1117,0.8883],"evs":[0.0,0.52492]},"Q7s":{"weight":0.0,"played":[0.3353,0.6647],"evs":[0.0,-2.49022]},"Q8s":{"weight":0.0,"played":[0.2237,0.7763],"evs":[0.0,-1.74892]},"Q9s":{"weight":0.0,"played":[0.0825,0.9175],"evs":[0.0,3.05101]},"QTs":{"weight":0.7462,"played":[0.0735,0.9265],"evs":[0.0,1.5748]},"QJs":{"weight":0.0021,"played":[0.3011,0.6989],"evs":[0.0,3.9821]},"QQ":{"weight":1.0E-4,"played":[0.001,0.999],"evs":[0.0,10.20632]},"KQo":{"weight":0.0,"played":[0.0184,0.9816],"evs":[0.0,5.32356]},"AQo":{"weight":0.0,"played":[0.2043,0.7957],"evs":[0.0,-0.88268]},"K2s":{"weight":0.0,"played":[0.7523,0.2477],"evs":[0.0,-0.66667]},"K3s":{"weight":0.0,"played":[0.8322,0.1678],"evs":[0.0,-2.56749]},"K4s":{"weight":0.0,"played":[0.6104,0.3896],"evs":[0.0,2.29771]},"K5s":{"weight":0.0,"played":[0.6375,0.3625],"evs":[0.0,-2.39911]},"K6s":{"weight":0.0,"played":[0.4345,0.5655],"evs":[0.0,0.0384]},"K7s":{"weight":0.0,"played":[0.2943,0.7057],"evs":[0.0,2.78485]},"K8s":{"weight":0.0,"played":[0.1698,0.8302],"evs":[0.0,1.39758]},"K9s":{"weight":0.1237,"played":[0.7889,0.2111],"evs":[0.0,-0.03389]},"KTs":{"weight":0.002,"played":[0.0362,0.9638],"evs":[0.0,6.68607]},"KJs":{"weight":4.0E-4,"played":[0.3572,0.6428],"evs":[0.0,0.30648]},"KQs":{"weight":0.0,"played":[0.0,1.0],"evs":[0.0,4.75692]},"KK":{"weight":0.0,"played":[9.0E-4,0.9991],"evs":[0.0,17.73221]},"AKo":{"weight":0.0,"played":[0.0,1.0],"evs":[0.0,4.82034]},"A2s":{"weight":0.2529,"played":[0.6524,0.3476],"evs":[0.0,-1.51018]},"A3s":{"weight":0.0695,"played":[0.8018,0.1982],"evs":[0.0,0.32453]},"A4s":{"weight":0.04,"played":[0.0941,0.9059],"evs":[0.0,-0.4337]},"A5s":{"weight":0.003,"played":[0.8577,0.1423],"evs":[0.0,-2.37162]},"A6s":{"weight":1.0E-4,"played":[0.9335,0.0665],"evs":[0.0,-3.63764]},"A7s":{"weight":1.0E-4,"played":[0.4771,0.5229],"evs":[0.0,7.20899]},"A8s":{"weight":1.0E-4,"played":[0.3676,0.6324],"evs":[0.0,4.37612]},"A9s":{"weight":0.0,"played":[0.3821,0.6179],"evs":[0.0,3.95727]},"ATs":{"weight":0.0,"played":[0.3349,0.6651],"evs":[0.0,1.1118]},"AJs":{"weight":4.0E-4,"played":[0.0325,0.9675],"evs":[0.0,2.44074]},"AQs":{"weight":0.0,"played":[0.3116,0.6884],"evs":[0.0,4.49493]},"AKs":{"weight":0.0,"played":[0.4064,0.5936],"evs":[0.0,4.01495]},"AA":{"weight":0.2811,"played":[0.0,1.0],"evs":[0.0,17.41889]}}}