{"player":1,"street":0,"children":2,"sequence":[{"player":0,"type":"F","amount":0,"street":0},{"player":1,"type":"R","amount":200000,"street":0},{"player":2,"type":"R","amount":1195000,"street":0},{"player":3,"type":"C","amount":605000,"street":0},{"player":4,"type":"R","amount":1245000,"street":0},{"player":5,"type":"F","amount":0,"street":0}],"actions":[{"type":"F","amount":0},{"type":"C","amount":1045000}],"hands":{"22":{"weight":8.0E-4,"played":[0.0,1.0],"evs":[0.0,0.59908]},"32o":{"weight":0.0,"played":[0.9999,1.0E-4],"evs":[0.0,-2.35665]},"42o":{"weight":0.0,"played":[1.0,0.0],"evs":[0.0,-2.10472]},"52o":{"weight":0.0,"played":[0.9997,3.0E-4],"evs":[0.0,-1.74282]},"62o":{"weight":0.0,"played":[0.9999,1.0E-4],"evs":[0.0,-2.26917]},"72o":{"weight":0.0,"played":[1.0,0.0],"evs":[0.0,-2.85296]},"82o":{"weight":0.0,"played":[1.0,0.0],"evs":[0.0,-2.84449]},"92o":{"weight":0.0,"played":[0.999,0.001],"evs":[0.0,-2.66329]},"T2o":{"weight":0.0,"played":[0.9995,5.0E-4],"evs":[0.0,-2.43417]},"J2o":{"weight":0.0,"played":[0.9999,1.0E-4],"evs":[0.0,-2.48629]},"Q2o":{"weight":0.0,"played":[0.9995,5.0E-4],"evs":[0.0,-1.98549]},"K2o":{"weight":0.0,"played":[0.9985,0.0015],"evs":[0.0,-2.4312]},"A2o":{"weight":0.9235,"played":[0.9996,4.0E-4],"evs":[0.0,-1.93672]},"32s":{"weight":0.0,"played":[0.3764,0.6236],"evs":[0.0,0.54255]},"33":{"weight":0.3131,"played":[9.0E-4,0.9991],"evs":[0.0,0.47342]},"43o":{"weight":0.0,"played":[0.9991,9.0E-4],"evs":[0.0,-1.69909]},"53o":{"weight":0.0,"played":[0.9777,0.0223],"evs":[0.0,-1.1898]},"63o":{"weight":0.0,"played":[0.9998,2.0E-4],"evs":[0.0,-1.62499]},"73o":{"weight":0.0,"played":[0.9998,2.0E-4],"evs":[0.0,-2.32756]},"83o":{"weight":0.0,"played":[0.9998,2.0E-4],"evs":[0.0,-2.46699]},"93o":{"weight":0.0,"played":[0.9988,0.0012],"evs":[0.0,-2.06744]},"T3o":{"weight":0.0,"played":[0.9992,8.0E-4],"evs":[0.0,-1.78385]},"J3o":{"weight":0.0,"played":[0.9999,1.0E-4],"evs":[0.0,-2.28319]},"Q3o":{"weight":0.0,"played":[0.9998,2.0E-4],"evs":[0.0,-2.22154]},"K3o":{"weight":0.0,"played":[0.9976,0.0024],"evs":[0.0,-2.15772]},"A3o":{"weight":0.1133,"played":[0.9996,4.0E-4],"evs":[0.0,-2.12178]},"42s":{"weight":0.0,"played":[0.0078,0.9922],"evs":[0.0,0.51196]},"43s":{"weight":0.0,"played":[8.0E-4,0.9992],"evs":[0.0,0.67774]},"44":{"weight":1.0E-4,"played":[5.0E-4,0.9995],"evs":[0.0,0.68526]},"54o":{"weight":0.0,"played":[0.8962,0.1038],"evs":[0.0,-0.17445]},"64o":{"weight":0.0,"played":[0.9921,0.0079],"evs":[0.0,-1.04969]},"74o":{"weight":0.0,"played":[0.9992,8.0E-4],"evs":[0.0,-1.03366]},"84o":{"weight":0.0,"played":[0.9922,0.0078],"evs":[0.0,-1.87024]},"94o":{"weight":0.0,"played":[1.0,0.0],"evs":[0.0,-1.7973]},"T4o":{"weight":0.0,"played":[0.999,0.001],"evs":[0.0,-2.20044]},"J4o":{"weight":0.0,"played":[0.9986,0.0014],"evs":[0.0,-1.39228]},"Q4o":{"weight":0.0,"played":[0.9988,0.0012],"evs":[0.0,-1.27118]},"K4o":{"weight":0.0,"played":[0.9967,0.0033],"evs":[0.0,-1.96545]},"A4o":{"weight":1.0E-4,"played":[0.997,0.003],"evs":[0.0,-1.54207]},"52s":{"weight":0.0,"played":[0.8159,0.1841],"evs":[0.0,-0.58631]},"53s":{"weight":0.0,"played":[0.0099,0.9901],"evs":[0.0,0.57361]},"54s":{"weight":0.0,"played":[0.0022,0.9978],"evs":[0.0,1.88478]},"55":{"weight":0.0,"played":[0.0,1.0],"evs":[0.0,1.52263]},"65o":{"weight":0.0,"played":[0.4246,0.5754],"evs":[0.0,0.24022]},"75o":{"weight":0.0,"played":[0.9949,0.0051],"evs":[0.0,-0.73857]},"85o":{"weight":0.0,"played":[0.9926,0.0074],"evs":[0.0,-0.91128]},"95o":{"weight":0.0,"played":[0.9984,0.0016],"evs":[0.0,-1.58299]},"T5o":{"weight":0.0,"played":[0.9999,1.0E-4],"evs":[0.0,-1.83935]},"J5o":{"weight":0.0,"played":[0.9954,0.0046],"evs":[0.0,-1.92567]},"Q5o":{"weight":0.0,"played":[1.0,0.0],"evs":[0.0,-1.5432]},"K5o":{"weight":0.0,"played":[0.9915,0.0085],"evs":[0.0,-1.32965]},"A5o":{"weight":0.0,"played":[0.9978,0.0022],"evs":[0.0,-1.35005]},"62s":{"weight":0.0,"played":[0.9974,0.0026],"evs":[0.0,-0.73433]},"63s":{"weight":0.0,"played":[0.6408,0.3592],"evs":[0.0,-0.18396]},"64s":{"weight":0.0,"played":[1.0E-4,0.9999],"evs":[0.0,1.24774]},"65s":{"weight":0.0275,"played":[0.0059,0.9941],"evs":[0.0,2.21313]},"66":{"weight":0.0,"played":[0.0,1.0],"evs":[0.0,2.08195]},"76o":{"weight":0.0,"played":[0.3341,0.6659],"evs":[0.0,0.03617]},"86o":{"weight":0.0,"played":[0.879,0.121],"evs":[0.0,-0.56683]},"96o":{"weight":0.0,"played":[0.9991,9.0E-4],"evs":[0.0,-1.02473]},"T6o":{"weight":0.0,"played":[0.9948,0.0052],"evs":[0.0,-1.51815]},"J6o":{"weight":0.0,"played":[1.0,0.0],"evs":[0.0,-2.07662]},"Q6o":{"weight":0.0,"played":[0.9973,0.0027],"evs":[0.0,-1.37349]},"K6o":{"weight":0.0,"played":[0.9837,0.0163],"evs":[0.0,-1.29742]},"A6o":{"weight":0.5189,"played":[0.9958,0.0042],"evs":[0.0,-2.20512]},"72s":{"weight":0.0,"played":[0.9998,2.0E-4],"evs":[0.0,-0.45863]},"73s":{"weight":0.0,"played":[0.5532,0.4468],"evs":[0.0,0.03151]},"74s":{"weight":0.0,"played":[0.1966,0.8034],"evs":[0.0,-0.3632]},"75s":{"weight":1.0E-4,"played":[0.0085,0.9915],"evs":[0.0,2.24597]},"76s":{"weight":1.0E-4,"played":[0.0033,0.9967],"evs":[0.0,1.45933]},"77":{"weight":0.0058,"played":[0.0,1.0],"evs":[0.0,3.85881]},"87o":{"weight":0.0,"played":[0.36,0.64],"evs":[0.0,0.19339]},"97o":{"weight":0.0,"played":[0.5278,0.4722],"evs":[0.0,-0.0415]},"T7o":{"weight":0.0,"played":[0.958,0.042],"evs":[0.0,-0.59493]},"J7o":{"weight":0.0,"played":[0.9981,0.0019],"evs":[0.0,-1.13034]},"Q7o":{"weight":0.0,"played":[0.9948,0.0052],"evs":[0.0,-1.28441]},"K7o":{"weight":0.0,"played":[0.8989,0.1011],"evs":[0.0,-0.80707]},"A7o":{"weight":0.2141,"played":[0.9974,0.0026],"evs":[0.0,-1.98921]},"82s":{"weight":0.0,"played":[0.8715,0.1285],"evs":[0.0,-0.4788]},"83s":{"weight":0.0,"played":[0.9277,0.0723],"evs":[0.0,-0.1789]},"84s":{"weight":0.0,"played":[0.3903,0.6097],"evs":[0.0,-0.09224]},"85s":{"weight":0.0,"played":[0.0276,0.9724],"evs":[0.0,0.71516]},"86s":{"weight":0.057,"played":[0.0053,0.9947],"evs":[0.0,0.91817]},"87s":{"weight":0.363,"played":[0.0,1.0],"evs":[0.0,1.8072]},"88":{"weight":0.0,"played":[0.0,1.0],"evs":[0.0,4.43151]},"98o":{"weight":0.0,"played":[0.0681,0.9319],"evs":[0.0,-0.10849]},"T8o":{"weight":0.0,"played":[0.5279,0.4721],"evs":[0.0,-0.07272]},"J8o":{"weight":0.0,"played":[0.9342,0.0658],"evs":[0.0,-0.4792]},"Q8o":{"weight":0.0,"played":[0.9881,0.0119],"evs":[0.0,-1.11061]},"K8o":{"weight":0.0,"played":[0.9672,0.0328],"evs":[0.0,-0.99149]},"A8o":{"weight":0.0893,"played":[0.9827,0.0173],"evs":[0.0,-1.83329]},"92s":{"weight":0.0,"played":[0.746,0.254],"evs":[0.0,-0.23295]},"93s":{"weight":0.0,"played":[0.9967,0.0033],"evs":[0.0,-0.74333]},"94s":{"weight":0.0,"played":[0.2614,0.7386],"evs":[0.0,-0.04787]},"95s":{"weight":0.0,"played":[0.0119,0.9881],"evs":[0.0,0.52081]},"96s":{"weight":1.0E-4,"played":[0.2326,0.7674],"evs":[0.0,-0.27574]},"97s":{"weight":0.0265,"played":[0.0051,0.9949],"evs":[0.0,1.75582]},"98s":{"weight":3.0E-4,"played":[4.0E-4,0.9996],"evs":[0.0,1.72985]},"99":{"weight":0.0,"played":[0.0,1.0],"evs":[0.0,5.90075]},"T9o":{"weight":0.2101,"played":[0.0091,0.9909],"evs":[0.0,0.3973]},"J9o":{"weight":0.0,"played":[0.2851,0.7149],"evs":[0.0,0.02921]},"Q9o":{"weight":0.0,"played":[0.9242,0.0758],"evs":[0.0,-0.27799]},"K9o":{"weight":0.5405,"played":[0.9159,0.0841],"evs":[0.0,-0.35704]},"A9o":{"weight":0.0,"played":[0.9526,0.0474],"evs":[0.0,-1.14948]},"T2s":{"weight":0.0,"played":[0.4319,0.5681],"evs":[0.0,0.27109]},"T3s":{"weight":0.0,"played":[0.1564,0.8436],"evs":[0.0,0.11729]},"T4s":{"weight":0.0,"played":[0.0132,0.9868],"evs":[0.0,1.14648]},"T5s":{"weight":0.0,"played":[0.5625,0.4375],"evs":[0.0,-0.22238]},"T6s":{"weight":0.0,"played":[0.0074,0.9926],"evs":[0.0,1.08216]},"T7s":{"weight":0.9798,"played":[0.0046,0.9954],"evs":[0.0,1.20184]},"T8s":{"weight":0.0,"played":[2.0E-4,0.9998],"evs":[0.0,1.55985]},"T9s":{"weight":0.0244,"played":[0.0,1.0],"evs":[0.0,1.4757]},"TT":{"weight":2.0E-4,"played":[0.0,1.0],"evs":[0.0,7.92929]},"JTo":{"weight":0.0282,"played":[0.0,1.0],"evs":[0.0,0.6884]},"QTo":{"weight":0.2928,"played":[1.0E-4,0.9999],"evs":[0.0,0.85102]},"KTo":{"weight":0.0,"played":[0.0,1.0],"evs":[0.0,1.45954]},"ATo":{"weight":0.0,"played":[0.2347,0.7653],"evs":[0.0,0.15697]},"J2s":{"weight":0.0,"played":[0.8506,0.1494],"evs":[0.0,-1.01943]},"J3s":{"weight":0.0,"played":[0.1795,0.8205],"evs":[0.0,0.60068]},"J4s":{"weight":0.0,"played":[0.8562,0.1438],"evs":[0.0,-0.50968]},"J5s":{"weight":0.0,"played":[0.6145,0.3855],"evs":[0.0,0.4953]},"J6s":{"weight":0.0,"played":[0.3981,0.6019],"evs":[0.0,0.17162]},"J7s":{"weight":0.9446,"played":[0.0036,0.9964],"evs":[0.0,0.58832]},"J8s":{"weight":0.1917,"played":[0.0031,0.9969],"evs":[0.0,0.70914]},"J9s":{"weight":0.0378,"played":[0.0,1.0],"evs":[0.0,1.95548]},"JTs":{"weight":0.9379,"played":[1.0E-4,0.9999],"evs":[0.0,2.69145]},"JJ":{"weight":0.0048,"played":[0.0,1.0],"evs":[0.0,9.54662]},"QJo":{"weight":2.0E-4,"played":[0.0,1.0],"evs":[0.0,0.67859]},"KJo":{"weight":0.0,"played":[2.0E-4,0.9998],"evs":[0.0,0.72169]},"AJo":{"weight":0.0,"played":[0.0,1.0],"evs":[0.0,1.36589]},"Q2s":{"weight":0.0,"played":[0.9259,0.0741],"evs":[0.0,0.09054]},"Q3s":{"weight":0.0,"played":[0.6343,0.3657],"evs":[0.0,-1.04455]},"Q4s":{"weight":0.0,"played":[0.999,0.001],"evs":[0.0,-0.95368]},"Q5s":{"weight":0.0,"played":[0.1834,0.8166],"evs":[0.0,0.35862]},"Q6s":{"weight":5.0E-4,"played":[0.0077,0.9923],"evs":[0.0,0.04896]},"Q7s":{"weight":0.389,"played":[0.0328,0.9672],"evs":[0.0,0.28012]},"Q8s":{"weight":0.0584,"played":[0.0,1.0],"evs":[0.0,1.11675]},"Q9s":{"weight":0.009,"played":[0.0,1.0],"evs":[0.0,2.71646]},"QTs":{"weight":0.0807,"played":[1.0E-4,0.9999],"evs":[0.0,2.25363]},"QJs":{"weight":0.8632,"played":[1.0E-4,0.9999],"evs":[0.0,2.29893]},"QQ":{"weight":0.6225,"played":[0.0,1.0],"evs":[0.0,13.31486]},"KQo":{"weight":0.0,"played":[0.0,1.0],"evs":[0.0,1.93336]},"AQo":{"weight":0.0,"played":[0.0,1.0],"evs":[0.0,2.72899]},"K2s":{"weight":0.0,"played":[0.1209,0.8791],"evs":[0.0,0.04307]},"K3s":{"weight":0.0,"played":[0.0,1.0],"evs":[0.0,0.3329]},"K4s":{"weight":0.5636,"played":[0.0017,0.9983],"evs":[0.0,0.52896]},"K5s":{"weight":1.0E-4,"played":[0.0814,0.9186],"evs":[0.0,1.22407]},"K6s":{"weight":1.0E-4,"played":[0.0167,0.9833],"evs":[0.0,0.88302]},"K7s":{"weight":0.0014,"played":[0.0,1.0],"evs":[0.0,0.59547]},"K8s":{"weight":0.0,"played":[0.0632,0.9368],"evs":[0.0,1.16986]},"K9s":{"weight":0.0,"played":[3.0E-4,0.9997],"evs":[0.0,2.05054]},"KTs":{"weight":0.285,"played":[0.0,1.0],"evs":[0.0,2.21875]},"KJs":{"weight":0.0037,"played":[1.0E-4,0.9999],"evs":[0.0,2.21244]},"KQs":{"weight":1.0E-4,"played":[1.0E-4,0.9999],"evs":[0.0,2.57988]},"KK":{"weight":1.0,"played":[0.0,1.0],"evs":[0.0,17.54836]},"AKo":{"weight":0.0015,"played":[0.0,1.0],"evs":[0.0,5.05764]},"A2s":{"weight":0.0,"played":[0.6858,0.3142],"evs":[0.0,-0.84879]},"A3s":{"weight":0.0,"played":[0.1123,0.8877],"evs":[0.0,-0.30777]},"A4s":{"weight":0.0,"played":[0.6752,0.3248],"evs":[0.0,-0.19043]},"A5s":{"weight":0.0,"played":[0.0,1.0],"evs":[0.0,1.22611]},"A6s":{"weight":0.0,"played":[0.4846,0.5154],"evs":[0.0,-0.17972]},"A7s":{"weight":0.0695,"played":[0.6801,0.3199],"evs":[0.0,-0.34759]},"A8s":{"weight":0.3609,"played":[0.002,0.998],"evs":[0.0,1.10367]},"A9s":{"weight":0.0,"played":[0.2203,0.7797],"evs":[0.0,0.8591]},"ATs":{"weight":0.0999,"played":[2.0E-4,0.9998],"evs":[0.0,2.27763]},"AJs":{"weight":7.0E-4,"played":[0.0,1.0],"evs":[0.0,2.85995]},"AQs":{"weight":0.1848,"played":[0.0,1.0],"evs":[0.0,5.12451]},"AKs":{"weight":1.0,"played":[0.0,1.0],"evs":[0.0,6.60504]},"AA":{"weight":1.0,"played":[0.0,1.0],"evs":[0.0,22.73632]}}}