{"player":1,"street":0,"children":2,"sequence":[{"player":0,"type":"F","amount":0,"street":0},{"player":1,"type":"R","amount":200000,"street":0},{"player":2,"type":"R","amount":1195000,"street":0},{"player":3,"type":"C","amount":605000,"street":0},{"player":4,"type":"R","amount":1245000,"street":0},{"player":5,"type":"R","amount":1875000,"street":0}],"actions":[{"type":"F","amount":0},{"type":"C","amount":1675000}],"hands":{"22":{"weight":8.0E-4,"played":[0.2275,0.7725],"evs":[0.0,1.09971]},"32o":{"weight":0.0,"played":[1.0,0.0],"evs":[0.0,-2.76287]},"42o":{"weight":0.0,"played":[0.9996,4.0E-4],"evs":[0.0,-2.76168]},"52o":{"weight":0.0,"played":[0.9957,0.0043],"evs":[0.0,-1.99776]},"62o":{"weight":0.0,"played":[0.9942,0.0058],"evs":[0.0,-4.41061]},"72o":{"weight":0.0,"played":[0.9998,2.0E-4],"evs":[0.0,-4.0704]},"82o":{"weight":0.0,"played":[0.9996,4.0E-4],"evs":[0.0,-4.0196]},"92o":{"weight":0.0,"played":[0.9985,0.0015],"evs":[0.0,-3.77083]},"T2o":{"weight":0.0,"played":[0.9996,4.0E-4],"evs":[0.0,-3.20575]},"J2o":{"weight":0.0,"played":[0.9936,0.0064],"evs":[0.0,-4.00063]},"Q2o":{"weight":0.0,"played":[0.9988,0.0012],"evs":[0.0,-3.40246]},"K2o":{"weight":0.0,"played":[0.9791,0.0209],"evs":[0.0,-2.30009]},"A2o":{"weight":0.9235,"played":[0.9958,0.0042],"evs":[0.0,-2.35494]},"32s":{"weight":0.0,"played":[0.1313,0.8687],"evs":[0.0,1.16783]},"33":{"weight":0.3131,"played":[0.0094,0.9906],"evs":[0.0,3.76154]},"43o":{"weight":0.0,"played":[0.9997,3.0E-4],"evs":[0.0,-1.07037]},"53o":{"weight":0.0,"played":[0.9685,0.0315],"evs":[0.0,-1.56638]},"63o":{"weight":0.0,"played":[0.9656,0.0344],"evs":[0.0,-1.68562]},"73o":{"weight":0.0,"played":[0.9995,5.0E-4],"evs":[0.0,-4.44188]},"83o":{"weight":0.0,"played":[0.9986,0.0014],"evs":[0.0,-3.99333]},"93o":{"weight":0.0,"played":[0.9577,0.0423],"evs":[0.0,-2.66753]},"T3o":{"weight":0.0,"played":[0.9947,0.0053],"evs":[0.0,-3.43029]},"J3o":{"weight":0.0,"played":[0.9876,0.0124],"evs":[0.0,-2.49607]},"Q3o":{"weight":0.0,"played":[0.9798,0.0202],"evs":[0.0,-1.67004]},"K3o":{"weight":0.0,"played":[0.9796,0.0204],"evs":[0.0,-1.37547]},"A3o":{"weight":0.1133,"played":[0.9936,0.0064],"evs":[0.0,-1.68324]},"42s":{"weight":0.0,"played":[0.2105,0.7895],"evs":[0.0,1.30283]},"43s":{"weight":0.0,"played":[0.0483,0.9517],"evs":[0.0,1.6773]},"44":{"weight":1.0E-4,"played":[1.0E-4,0.9999],"evs":[0.0,3.98666]},"54o":{"weight":0.0,"played":[0.2509,0.7491],"evs":[0.0,0.9472]},"64o":{"weight":0.0,"played":[0.8121,0.1879],"evs":[0.0,-0.59814]},"74o":{"weight":0.0,"played":[0.8837,0.1163],"evs":[0.0,-1.10693]},"84o":{"weight":0.0,"played":[0.9326,0.0674],"evs":[0.0,-3.28276]},"94o":{"weight":0.0,"played":[0.9295,0.0705],"evs":[0.0,-3.67131]},"T4o":{"weight":0.0,"played":[0.9984,0.0016],"evs":[0.0,-3.51429]},"J4o":{"weight":0.0,"played":[0.9129,0.0871],"evs":[0.0,-1.88544]},"Q4o":{"weight":0.0,"played":[0.9188,0.0812],"evs":[0.0,-2.71186]},"K4o":{"weight":0.0,"played":[0.7401,0.2599],"evs":[0.0,-2.9681]},"A4o":{"weight":1.0E-4,"played":[0.179,0.821],"evs":[0.0,0.37347]},"52s":{"weight":0.0,"played":[0.8548,0.1452],"evs":[0.0,-2.57397]},"53s":{"weight":0.0,"played":[8.0E-4,0.9992],"evs":[0.0,2.11183]},"54s":{"weight":0.0,"played":[0.0071,0.9929],"evs":[0.0,4.59462]},"55":{"weight":0.0,"played":[3.0E-4,0.9997],"evs":[0.0,2.59689]},"65o":{"weight":0.0,"played":[0.0051,0.9949],"evs":[0.0,0.51451]},"75o":{"weight":0.0,"played":[0.5979,0.4021],"evs":[0.0,-0.0052]},"85o":{"weight":0.0,"played":[0.9294,0.0706],"evs":[0.0,-2.08464]},"95o":{"weight":0.0,"played":[0.9813,0.0187],"evs":[0.0,-1.12571]},"T5o":{"weight":0.0,"played":[0.9969,0.0031],"evs":[0.0,-3.64026]},"J5o":{"weight":0.0,"played":[0.9984,0.0016],"evs":[0.0,-3.27722]},"Q5o":{"weight":0.0,"played":[0.8859,0.1141],"evs":[0.0,-1.49235]},"K5o":{"weight":0.0,"played":[0.7632,0.2368],"evs":[0.0,-1.34178]},"A5o":{"weight":0.0,"played":[0.3576,0.6424],"evs":[0.0,-1.65872]},"62s":{"weight":0.0,"played":[0.4739,0.5261],"evs":[0.0,0.21932]},"63s":{"weight":0.0,"played":[0.3522,0.6478],"evs":[0.0,0.27119]},"64s":{"weight":0.0,"played":[0.0022,0.9978],"evs":[0.0,4.63645]},"65s":{"weight":0.0275,"played":[0.0519,0.9481],"evs":[0.0,3.35224]},"66":{"weight":0.0,"played":[0.0232,0.9768],"evs":[0.0,4.22698]},"76o":{"weight":0.0,"played":[0.321,0.679],"evs":[0.0,0.84639]},"86o":{"weight":0.0,"played":[0.0164,0.9836],"evs":[0.0,0.53845]},"96o":{"weight":0.0,"played":[0.9378,0.0622],"evs":[0.0,-1.85566]},"T6o":{"weight":0.0,"played":[0.9994,6.0E-4],"evs":[0.0,-2.85333]},"J6o":{"weight":0.0,"played":[0.9814,0.0186],"evs":[0.0,-2.33487]},"Q6o":{"weight":0.0,"played":[0.9901,0.0099],"evs":[0.0,-1.58448]},"K6o":{"weight":0.0,"played":[0.9545,0.0455],"evs":[0.0,-1.5987]},"A6o":{"weight":0.5189,"played":[0.9408,0.0592],"evs":[0.0,-2.74987]},"72s":{"weight":0.0,"played":[0.9865,0.0135],"evs":[0.0,-3.59245]},"73s":{"weight":0.0,"played":[0.7856,0.2144],"evs":[0.0,-2.63855]},"74s":{"weight":0.0,"played":[0.4143,0.5857],"evs":[0.0,1.25437]},"75s":{"weight":1.0E-4,"played":[0.0193,0.9807],"evs":[0.0,3.24582]},"76s":{"weight":1.0E-4,"played":[0.0801,0.9199],"evs":[0.0,1.14794]},"77":{"weight":0.0058,"played":[0.0,1.0],"evs":[0.0,6.32741]},"87o":{"weight":0.0,"played":[0.2751,0.7249],"evs":[0.0,0.307]},"97o":{"weight":0.0,"played":[0.3396,0.6604],"evs":[0.0,-0.13526]},"T7o":{"weight":0.0,"played":[0.3673,0.6327],"evs":[0.0,-0.08075]},"J7o":{"weight":0.0,"played":[0.7149,0.2851],"evs":[0.0,-1.02855]},"Q7o":{"weight":0.0,"played":[0.9946,0.0054],"evs":[0.0,-2.33331]},"K7o":{"weight":0.0,"played":[0.2478,0.7522],"evs":[0.0,0.25066]},"A7o":{"weight":0.2141,"played":[0.8352,0.1648],"evs":[0.0,-1.62919]},"82s":{"weight":0.0,"played":[0.9147,0.0853],"evs":[0.0,-3.34669]},"83s":{"weight":0.0,"played":[0.9659,0.0341],"evs":[0.0,-0.94692]},"84s":{"weight":0.0,"played":[0.4499,0.5501],"evs":[0.0,0.76645]},"85s":{"weight":0.0,"played":[0.1312,0.8688],"evs":[0.0,1.09993]},"86s":{"weight":0.057,"played":[0.0029,0.9971],"evs":[0.0,2.98345]},"87s":{"weight":0.363,"played":[0.0026,0.9974],"evs":[0.0,5.63834]},"88":{"weight":0.0,"played":[0.0,1.0],"evs":[0.0,8.58248]},"98o":{"weight":0.0,"played":[3.0E-4,0.9997],"evs":[0.0,2.35368]},"T8o":{"weight":0.0,"played":[0.04,0.96],"evs":[0.0,0.95336]},"J8o":{"weight":0.0,"played":[0.8416,0.1584],"evs":[0.0,-1.35094]},"Q8o":{"weight":0.0,"played":[0.7217,0.2783],"evs":[0.0,-0.40857]},"K8o":{"weight":0.0,"played":[0.2734,0.7266],"evs":[0.0,-0.17654]},"A8o":{"weight":0.0893,"played":[0.0175,0.9825],"evs":[0.0,0.13507]},"92s":{"weight":0.0,"played":[0.8417,0.1583],"evs":[0.0,0.28508]},"93s":{"weight":0.0,"played":[0.1262,0.8738],"evs":[0.0,0.32648]},"94s":{"weight":0.0,"played":[0.2992,0.7008],"evs":[0.0,1.61464]},"95s":{"weight":0.0,"played":[0.9817,0.0183],"evs":[0.0,-2.6833]},"96s":{"weight":1.0E-4,"played":[0.0237,0.9763],"evs":[0.0,3.33083]},"97s":{"weight":0.0265,"played":[0.3637,0.6363],"evs":[0.0,1.26373]},"98s":{"weight":3.0E-4,"played":[0.0526,0.9474],"evs":[0.0,1.17554]},"99":{"weight":0.0,"played":[3.0E-4,0.9997],"evs":[0.0,8.80105]},"T9o":{"weight":0.2101,"played":[5.0E-4,0.9995],"evs":[0.0,0.4752]},"J9o":{"weight":0.0,"played":[0.37,0.63],"evs":[0.0,-0.05682]},"Q9o":{"weight":0.0,"played":[0.0043,0.9957],"evs":[0.0,0.61017]},"K9o":{"weight":0.5405,"played":[0.3701,0.6299],"evs":[0.0,-0.4967]},"A9o":{"weight":0.0,"played":[0.8289,0.1711],"evs":[0.0,-1.43168]},"T2s":{"weight":0.0,"played":[0.3767,0.6233],"evs":[0.0,-1.75577]},"T3s":{"weight":0.0,"played":[0.403,0.597],"evs":[0.0,-0.62243]},"T4s":{"weight":0.0,"played":[0.2851,0.7149],"evs":[0.0,1.81721]},"T5s":{"weight":0.0,"played":[1.0E-4,0.9999],"evs":[0.0,0.2353]},"T6s":{"weight":0.0,"played":[0.7204,0.2796],"evs":[0.0,-1.61036]},"T7s":{"weight":0.9798,"played":[8.0E-4,0.9992],"evs":[0.0,1.64127]},"T8s":{"weight":0.0,"played":[0.3575,0.6425],"evs":[0.0,-0.63933]},"T9s":{"weight":0.0244,"played":[0.0015,0.9985],"evs":[0.0,0.64227]},"TT":{"weight":2.0E-4,"played":[0.0,1.0],"evs":[0.0,12.05879]},"JTo":{"weight":0.0282,"played":[3.0E-4,0.9997],"evs":[0.0,1.20918]},"QTo":{"weight":0.2928,"played":[0.0,1.0],"evs":[0.0,1.197]},"KTo":{"weight":0.0,"played":[0.0043,0.9957],"evs":[0.0,2.82881]},"ATo":{"weight":0.0,"played":[0.0,1.0],"evs":[0.0,1.98083]},"J2s":{"weight":0.0,"played":[0.3479,0.6521],"evs":[0.0,-2.20089]},"J3s":{"weight":0.0,"played":[0.3926,0.6074],"evs":[0.0,0.34503]},"J4s":{"weight":0.0,"played":[0.1466,0.8534],"evs":[0.0,0.14462]},"J5s":{"weight":0.0,"played":[0.8553,0.1447],"evs":[0.0,-2.62622]},"J6s":{"weight":0.0,"played":[0.1169,0.8831],"evs":[0.0,0.43476]},"J7s":{"weight":0.9446,"played":[0.0457,0.9543],"evs":[0.0,1.29911]},"J8s":{"weight":0.1917,"played":[0.001,0.999],"evs":[0.0,3.37053]},"J9s":{"weight":0.0378,"played":[8.0E-4,0.9992],"evs":[0.0,4.03804]},"JTs":{"weight":0.9379,"played":[0.0016,0.9984],"evs":[0.0,3.73105]},"JJ":{"weight":0.0048,"played":[0.0,1.0],"evs":[0.0,18.45045]},"QJo":{"weight":2.0E-4,"played":[2.0E-4,0.9998],"evs":[0.0,1.81805]},"KJo":{"weight":0.0,"played":[0.0282,0.9718],"evs":[0.0,0.72436]},"AJo":{"weight":0.0,"played":[1.0E-4,0.9999],"evs":[0.0,3.85085]},"Q2s":{"weight":0.0,"played":[0.8503,0.1497],"evs":[0.0,-2.92938]},"Q3s":{"weight":0.0,"played":[0.2591,0.7409],"evs":[0.0,0.36345]},"Q4s":{"weight":0.0,"played":[0.0087,0.9913],"evs":[0.0,1.74863]},"Q5s":{"weight":0.0,"played":[0.0542,0.9458],"evs":[0.0,1.0889]},"Q6s":{"weight":5.0E-4,"played":[0.4303,0.5697],"evs":[0.0,0.0226]},"Q7s":{"weight":0.389,"played":[0.1877,0.8123],"evs":[0.0,0.0873]},"Q8s":{"weight":0.0584,"played":[0.0015,0.9985],"evs":[0.0,3.33882]},"Q9s":{"weight":0.009,"played":[3.0E-4,0.9997],"evs":[0.0,3.88787]},"QTs":{"weight":0.0807,"played":[0.0022,0.9978],"evs":[0.0,3.64288]},"QJs":{"weight":0.8632,"played":[0.001,0.999],"evs":[0.0,3.7321]},"QQ":{"weight":0.6225,"played":[0.0,1.0],"evs":[0.0,21.27706]},"KQo":{"weight":0.0,"played":[6.0E-4,0.9994],"evs":[0.0,4.1326]},"AQo":{"weight":0.0,"played":[0.0,1.0],"evs":[0.0,4.33498]},"K2s":{"weight":0.0,"played":[0.8182,0.1818],"evs":[0.0,-1.12789]},"K3s":{"weight":0.0,"played":[0.5384,0.4616],"evs":[0.0,-0.19384]},"K4s":{"weight":0.5636,"played":[0.035,0.965],"evs":[0.0,0.99037]},"K5s":{"weight":1.0E-4,"played":[0.0038,0.9962],"evs":[0.0,4.905]},"K6s":{"weight":1.0E-4,"played":[0.1522,0.8478],"evs":[0.0,0.25795]},"K7s":{"weight":0.0014,"played":[0.0111,0.9889],"evs":[0.0,1.18011]},"K8s":{"weight":0.0,"played":[0.0704,0.9296],"evs":[0.0,1.89369]},"K9s":{"weight":0.0,"played":[0.002,0.998],"evs":[0.0,2.56872]},"KTs":{"weight":0.285,"played":[0.0012,0.9988],"evs":[0.0,2.05804]},"KJs":{"weight":0.0037,"played":[0.007,0.993],"evs":[0.0,2.64867]},"KQs":{"weight":1.0E-4,"played":[1.0E-4,0.9999],"evs":[0.0,6.74606]},"KK":{"weight":1.0,"played":[0.0,1.0],"evs":[0.0,25.66585]},"AKo":{"weight":0.0015,"played":[0.0,1.0],"evs":[0.0,6.63086]},"A2s":{"weight":0.0,"played":[0.6848,0.3152],"evs":[0.0,-1.87923]},"A3s":{"weight":0.0,"played":[0.2951,0.7049],"evs":[0.0,0.80648]},"A4s":{"weight":0.0,"played":[0.1387,0.8613],"evs":[0.0,0.36708]},"A5s":{"weight":0.0,"played":[0.0,1.0],"evs":[0.0,3.87082]},"A6s":{"weight":0.0,"played":[0.0512,0.9488],"evs":[0.0,2.98135]},"A7s":{"weight":0.0695,"played":[0.0692,0.9308],"evs":[0.0,2.12532]},"A8s":{"weight":0.3609,"played":[5.0E-4,0.9995],"evs":[0.0,3.30303]},"A9s":{"weight":0.0,"played":[0.7486,0.2514],"evs":[0.0,0.45658]},"ATs":{"weight":0.0999,"played":[1.0E-4,0.9999],"evs":[0.0,6.15051]},"AJs":{"weight":7.0E-4,"played":[0.0113,0.9887],"evs":[0.0,5.47575]},"AQs":{"weight":0.1848,"played":[1.0E-4,0.9999],"evs":[0.0,9.26755]},"AKs":{"weight":1.0,"played":[9.0E-4,0.9991],"evs":[0.0,9.99289]},"AA":{"weight":1.0,"played":[0.0,1.0],"evs":[0.0,33.84363]}}}