{"player":3,"street":0,"children":2,"sequence":[{"player":0,"type":"F","amount":0,"street":0},{"player":1,"type":"R","amount":1875000,"street":0},{"player":2,"type":"C","amount":1195000,"street":0}],"actions":[{"type":"F","amount":0,"node":191},{"type":"C","amount":605000,"node":194}],"hands":{"22":{"weight":1.0,"played":[1.0,0.0],"evs":[0.0,-0.80474]},"32o":{"weight":1.0,"played":[1.0,0.0],"evs":[0.0,-2.45018]},"42o":{"weight":1.0,"played":[1.0,0.0],"evs":[0.0,-2.31641]},"52o":{"weight":1.0,"played":[1.0,0.0],"evs":[0.0,-2.1697]},"62o":{"weight":1.0,"played":[1.0,0.0],"evs":[0.0,-2.36513]},"72o":{"weight":1.0,"played":[1.0,0.0],"evs":[0.0,-2.57198]},"82o":{"weight":1.0,"played":[1.0,0.0],"evs":[0.0,-2.50641]},"92o":{"weight":1.0,"played":[1.0,0.0],"evs":[0.0,-2.47529]},"T2o":{"weight":1.0,"played":[1.0,0.0],"evs":[0.0,-2.39495]},"J2o":{"weight":1.0,"played":[1.0,0.0],"evs":[0.0,-2.26295]},"Q2o":{"weight":1.0,"played":[1.0,0.0],"evs":[0.0,-2.1564]},"K2o":{"weight":1.0,"played":[1.0,0.0],"evs":[0.0,-1.98789]},"A2o":{"weight":1.0,"played":[1.0,0.0],"evs":[0.0,-2.07144]},"32s":{"weight":1.0,"played":[1.0,0.0],"evs":[0.0,-1.63628]},"33":{"weight":1.0,"played":[1.0,0.0],"evs":[0.0,-0.66592]},"43o":{"weight":1.0,"played":[1.0,0.0],"evs":[0.0,-2.00881]},"53o":{"weight":1.0,"played":[1.0,0.0],"evs":[0.0,-1.86767]},"63o":{"weight":1.0,"played":[1.0,0.0],"evs":[0.0,-2.05927]},"73o":{"weight":1.0,"played":[1.0,0.0],"evs":[0.0,-2.26607]},"83o":{"weight":1.0,"played":[1.0,0.0],"evs":[0.0,-2.50587]},"93o":{"weight":1.0,"played":[1.0,0.0],"evs":[0.0,-2.42581]},"T3o":{"weight":1.0,"played":[1.0,0.0],"evs":[0.0,-2.36185]},"J3o":{"weight":1.0,"played":[1.0,0.0],"evs":[0.0,-2.19458]},"Q3o":{"weight":1.0,"played":[1.0,0.0],"evs":[0.0,-2.10451]},"K3o":{"weight":1.0,"played":[1.0,0.0],"evs":[0.0,-1.93195]},"A3o":{"weight":1.0,"played":[1.0,0.0],"evs":[0.0,-1.96193]},"42s":{"weight":1.0,"played":[1.0,0.0],"evs":[0.0,-1.52107]},"43s":{"weight":1.0,"played":[1.0,0.0],"evs":[0.0,-1.20326]},"44":{"weight":1.0,"played":[0.9999,1.0E-4],"evs":[0.0,-0.35751]},"54o":{"weight":1.0,"played":[1.0,0.0],"evs":[0.0,-1.52737]},"64o":{"weight":1.0,"played":[1.0,0.0],"evs":[0.0,-1.71444]},"74o":{"weight":1.0,"played":[1.0,0.0],"evs":[0.0,-1.93555]},"84o":{"weight":1.0,"played":[1.0,0.0],"evs":[0.0,-2.16067]},"94o":{"weight":1.0,"played":[1.0,0.0],"evs":[0.0,-2.36956]},"T4o":{"weight":1.0,"played":[1.0,0.0],"evs":[0.0,-2.23906]},"J4o":{"weight":1.0,"played":[1.0,0.0],"evs":[0.0,-2.09267]},"Q4o":{"weight":1.0,"played":[1.0,0.0],"evs":[0.0,-1.99206]},"K4o":{"weight":1.0,"played":[1.0,0.0],"evs":[0.0,-1.81287]},"A4o":{"weight":1.0,"played":[1.0,0.0],"evs":[0.0,-1.84091]},"52s":{"weight":1.0,"played":[1.0,0.0],"evs":[0.0,-1.32295]},"53s":{"weight":1.0,"played":[1.0,0.0],"evs":[0.0,-1.13145]},"54s":{"weight":1.0,"played":[1.0,0.0],"evs":[0.0,-0.74977]},"55":{"weight":1.0,"played":[0.1381,0.8619],"evs":[0.0,0.02466]},"65o":{"weight":1.0,"played":[1.0,0.0],"evs":[0.0,-1.38017]},"75o":{"weight":1.0,"played":[1.0,0.0],"evs":[0.0,-1.58903]},"85o":{"weight":1.0,"played":[1.0,0.0],"evs":[0.0,-1.81823]},"95o":{"weight":1.0,"played":[1.0,0.0],"evs":[0.0,-2.02336]},"T5o":{"weight":1.0,"played":[1.0,0.0],"evs":[0.0,-2.1504]},"J5o":{"weight":1.0,"played":[1.0,0.0],"evs":[0.0,-1.96292]},"Q5o":{"weight":1.0,"played":[1.0,0.0],"evs":[0.0,-1.85484]},"K5o":{"weight":1.0,"played":[1.0,0.0],"evs":[0.0,-1.66245]},"A5o":{"weight":1.0,"played":[1.0,0.0],"evs":[0.0,-1.67274]},"62s":{"weight":1.0,"played":[1.0,0.0],"evs":[0.0,-1.54003]},"63s":{"weight":1.0,"played":[1.0,0.0],"evs":[0.0,-1.28376]},"64s":{"weight":1.0,"played":[1.0,0.0],"evs":[0.0,-0.95285]},"65s":{"weight":1.0,"played":[1.0,0.0],"evs":[0.0,-0.61139]},"66":{"weight":1.0,"played":[0.0,1.0],"evs":[0.0,0.38561]},"76o":{"weight":1.0,"played":[1.0,0.0],"evs":[0.0,-1.30437]},"86o":{"weight":1.0,"played":[1.0,0.0],"evs":[0.0,-1.46944]},"96o":{"weight":1.0,"played":[1.0,0.0],"evs":[0.0,-1.65798]},"T6o":{"weight":1.0,"played":[1.0,0.0],"evs":[0.0,-1.82523]},"J6o":{"weight":1.0,"played":[1.0,0.0],"evs":[0.0,-1.89109]},"Q6o":{"weight":1.0,"played":[1.0,0.0],"evs":[0.0,-1.78185]},"K6o":{"weight":1.0,"played":[1.0,0.0],"evs":[0.0,-1.58601]},"A6o":{"weight":1.0,"played":[1.0,0.0],"evs":[0.0,-1.83514]},"72s":{"weight":1.0,"played":[1.0,0.0],"evs":[0.0,-1.78309]},"73s":{"weight":1.0,"played":[1.0,0.0],"evs":[0.0,-1.44086]},"74s":{"weight":1.0,"played":[1.0,0.0],"evs":[0.0,-1.05994]},"75s":{"weight":1.0,"played":[1.0,0.0],"evs":[0.0,-0.81513]},"76s":{"weight":1.0,"played":[1.0,0.0],"evs":[0.0,-0.5521]},"77":{"weight":1.0,"played":[0.0,1.0],"evs":[0.0,0.76145]},"87o":{"weight":1.0,"played":[1.0,0.0],"evs":[0.0,-1.23466]},"97o":{"weight":1.0,"played":[1.0,0.0],"evs":[0.0,-1.38411]},"T7o":{"weight":1.0,"played":[1.0,0.0],"evs":[0.0,-1.53077]},"J7o":{"weight":1.0,"played":[1.0,0.0],"evs":[0.0,-1.62144]},"Q7o":{"weight":1.0,"played":[1.0,0.0],"evs":[0.0,-1.71231]},"K7o":{"weight":1.0,"played":[1.0,0.0],"evs":[0.0,-1.5102]},"A7o":{"weight":1.0,"played":[1.0,0.0],"evs":[0.0,-1.64101]},"82s":{"weight":1.0,"played":[1.0,0.0],"evs":[0.0,-1.63727]},"83s":{"weight":1.0,"played":[1.0,0.0],"evs":[0.0,-1.65321]},"84s":{"weight":1.0,"played":[1.0,0.0],"evs":[0.0,-1.35898]},"85s":{"weight":1.0,"played":[1.0,0.0],"evs":[0.0,-0.9965]},"86s":{"weight":1.0,"played":[1.0,0.0],"evs":[0.0,-0.67527]},"87s":{"weight":1.0,"played":[1.0,0.0],"evs":[0.0,-0.4976]},"88":{"weight":1.0,"played":[0.0,1.0],"evs":[0.0,1.23274]},"98o":{"weight":1.0,"played":[1.0,0.0],"evs":[0.0,-1.18119]},"T8o":{"weight":1.0,"played":[1.0,0.0],"evs":[0.0,-1.2397]},"J8o":{"weight":1.0,"played":[1.0,0.0],"evs":[0.0,-1.34805]},"Q8o":{"weight":1.0,"played":[1.0,0.0],"evs":[0.0,-1.46554]},"K8o":{"weight":1.0,"played":[1.0,0.0],"evs":[0.0,-1.45461]},"A8o":{"weight":1.0,"played":[1.0,0.0],"evs":[0.0,-1.3781]},"92s":{"weight":1.0,"played":[1.0,0.0],"evs":[0.0,-1.63222]},"93s":{"weight":1.0,"played":[1.0,0.0],"evs":[0.0,-1.57133]},"94s":{"weight":1.0,"played":[1.0,0.0],"evs":[0.0,-1.53245]},"95s":{"weight":1.0,"played":[1.0,0.0],"evs":[0.0,-1.21159]},"96s":{"weight":1.0,"played":[1.0,0.0],"evs":[0.0,-0.84656]},"97s":{"weight":1.0,"played":[1.0,0.0],"evs":[0.0,-0.58979]},"98s":{"weight":1.0,"played":[0.9998,2.0E-4],"evs":[0.0,-0.3252]},"99":{"weight":1.0,"played":[0.0,1.0],"evs":[0.0,1.87931]},"T9o":{"weight":1.0,"played":[1.0,0.0],"evs":[0.0,-0.95318]},"J9o":{"weight":1.0,"played":[1.0,0.0],"evs":[0.0,-1.03653]},"Q9o":{"weight":1.0,"played":[1.0,0.0],"evs":[0.0,-1.16019]},"K9o":{"weight":1.0,"played":[1.0,0.0],"evs":[0.0,-1.18799]},"A9o":{"weight":1.0,"played":[1.0,0.0],"evs":[0.0,-1.07451]},"T2s":{"weight":1.0,"played":[1.0,0.0],"evs":[0.0,-1.53864]},"T3s":{"weight":1.0,"played":[1.0,0.0],"evs":[0.0,-1.51666]},"T4s":{"weight":1.0,"played":[1.0,0.0],"evs":[0.0,-1.37735]},"T5s":{"weight":1.0,"played":[1.0,0.0],"evs":[0.0,-1.32909]},"T6s":{"weight":1.0,"played":[1.0,0.0],"evs":[0.0,-1.00268]},"T7s":{"weight":1.0,"played":[1.0,0.0],"evs":[0.0,-0.68685]},"T8s":{"weight":1.0,"played":[1.0,0.0],"evs":[0.0,-0.43919]},"T9s":{"weight":1.0,"played":[0.9996,4.0E-4],"evs":[0.0,-0.21826]},"TT":{"weight":1.0,"played":[0.0,1.0],"evs":[0.0,2.83126]},"JTo":{"weight":1.0,"played":[1.0,0.0],"evs":[0.0,-0.65535]},"QTo":{"weight":1.0,"played":[1.0,0.0],"evs":[0.0,-0.7042]},"KTo":{"weight":1.0,"played":[1.0,0.0],"evs":[0.0,-0.67267]},"ATo":{"weight":1.0,"played":[0.9993,7.0E-4],"evs":[0.0,-0.22414]},"J2s":{"weight":1.0,"played":[1.0,0.0],"evs":[0.0,-1.38159]},"J3s":{"weight":1.0,"played":[1.0,0.0],"evs":[0.0,-1.37395]},"J4s":{"weight":1.0,"played":[1.0,0.0],"evs":[0.0,-1.26809]},"J5s":{"weight":1.0,"played":[1.0,0.0],"evs":[0.0,-1.11335]},"J6s":{"weight":1.0,"played":[1.0,0.0],"evs":[0.0,-1.07917]},"J7s":{"weight":1.0,"played":[1.0,0.0],"evs":[0.0,-0.83625]},"J8s":{"weight":1.0,"played":[1.0,0.0],"evs":[0.0,-0.55094]},"J9s":{"weight":1.0,"played":[1.0,0.0],"evs":[0.0,-0.28586]},"JTs":{"weight":1.0,"played":[1.0E-4,0.9999],"evs":[0.0,0.12666]},"JJ":{"weight":1.0,"played":[0.0,1.0],"evs":[0.0,3.80527]},"QJo":{"weight":1.0,"played":[1.0,0.0],"evs":[0.0,-0.47133]},"KJo":{"weight":1.0,"played":[1.0,0.0],"evs":[0.0,-0.33266]},"AJo":{"weight":1.0,"played":[0.0,1.0],"evs":[0.0,0.45873]},"Q2s":{"weight":1.0,"played":[1.0,0.0],"evs":[0.0,-1.28601]},"Q3s":{"weight":1.0,"played":[1.0,0.0],"evs":[0.0,-1.24719]},"Q4s":{"weight":1.0,"played":[1.0,0.0],"evs":[0.0,-1.13013]},"Q5s":{"weight":1.0,"played":[1.0,0.0],"evs":[0.0,-1.01502]},"Q6s":{"weight":1.0,"played":[1.0,0.0],"evs":[0.0,-0.94592]},"Q7s":{"weight":1.0,"played":[1.0,0.0],"evs":[0.0,-0.89406]},"Q8s":{"weight":1.0,"played":[1.0,0.0],"evs":[0.0,-0.66311]},"Q9s":{"weight":1.0,"played":[0.9994,6.0E-4],"evs":[0.0,-0.36762]},"QTs":{"weight":1.0,"played":[0.0117,0.9883],"evs":[0.0,0.01876]},"QJs":{"weight":1.0,"played":[0.0,1.0],"evs":[0.0,0.25029]},"QQ":{"weight":1.0,"played":[0.0,1.0],"evs":[0.0,5.05658]},"KQo":{"weight":1.0,"played":[1.0E-4,0.9999],"evs":[0.0,0.0503]},"AQo":{"weight":1.0,"played":[0.0,1.0],"evs":[0.0,1.29359]},"K2s":{"weight":1.0,"played":[1.0,0.0],"evs":[0.0,-1.11463]},"K3s":{"weight":1.0,"played":[1.0,0.0],"evs":[0.0,-1.05119]},"K4s":{"weight":1.0,"played":[1.0,0.0],"evs":[0.0,-0.96077]},"K5s":{"weight":1.0,"played":[1.0,0.0],"evs":[0.0,-0.82173]},"K6s":{"weight":1.0,"played":[1.0,0.0],"evs":[0.0,-0.72352]},"K7s":{"weight":1.0,"played":[1.0,0.0],"evs":[0.0,-0.64478]},"K8s":{"weight":1.0,"played":[1.0,0.0],"evs":[0.0,-0.64509]},"K9s":{"weight":1.0,"played":[1.0,0.0],"evs":[0.0,-0.37121]},"KTs":{"weight":1.0,"played":[0.1114,0.8886],"evs":[0.0,0.0849]},"KJs":{"weight":1.0,"played":[0.0,1.0],"evs":[0.0,0.40774]},"KQs":{"weight":1.0,"played":[0.0,1.0],"evs":[0.0,0.77335]},"KK":{"weight":1.0,"played":[0.0,1.0],"evs":[0.0,6.47453]},"AKo":{"weight":1.0,"played":[0.0,1.0],"evs":[0.0,2.13319]},"A2s":{"weight":1.0,"played":[1.0,0.0],"evs":[0.0,-1.16419]},"A3s":{"weight":1.0,"played":[1.0,0.0],"evs":[0.0,-1.08196]},"A4s":{"weight":1.0,"played":[1.0,0.0],"evs":[0.0,-0.92692]},"A5s":{"weight":1.0,"played":[0.9999,1.0E-4],"evs":[0.0,-0.76643]},"A6s":{"weight":1.0,"played":[1.0,0.0],"evs":[0.0,-0.8891]},"A7s":{"weight":1.0,"played":[1.0,0.0],"evs":[0.0,-0.72802]},"A8s":{"weight":1.0,"played":[0.9999,1.0E-4],"evs":[0.0,-0.49635]},"A9s":{"weight":1.0,"played":[0.9927,0.0073],"evs":[0.0,-0.19063]},"ATs":{"weight":1.0,"played":[0.0,1.0],"evs":[0.0,0.59709]},"AJs":{"weight":1.0,"played":[0.0,1.0],"evs":[0.0,1.26447]},"AQs":{"weight":1.0,"played":[0.0,1.0],"evs":[0.0,1.95835]},"AKs":{"weight":1.0,"played":[0.0,1.0],"evs":[0.0,2.7382]},"AA":{"weight":1.0,"played":[0.0,1.0],"evs":[0.0,9.02877]}}}