{"player":5,"street":0,"children":2,"sequence":[{"player":0,"type":"F","amount":0,"street":0},{"player":1,"type":"R","amount":1875000,"street":0},{"player":2,"type":"C","amount":1195000,"street":0},{"player":3,"type":"C","amount":605000,"street":0},{"player":4,"type":"C","amount":1195000,"street":0}],"actions":[{"type":"F","amount":0},{"type":"C","amount":1775000}],"hands":{"22":{"weight":1.0,"played":[0.9209,0.0791],"evs":[0.0,-1.27853]},"32o":{"weight":1.0,"played":[1.0,0.0],"evs":[0.0,-4.81364]},"42o":{"weight":1.0,"played":[1.0,0.0],"evs":[0.0,-5.18066]},"52o":{"weight":1.0,"played":[0.9999,1.0E-4],"evs":[0.0,-4.54002]},"62o":{"weight":1.0,"played":[1.0,0.0],"evs":[0.0,-5.50801]},"72o":{"weight":1.0,"played":[1.0,0.0],"evs":[0.0,-6.12274]},"82o":{"weight":1.0,"played":[1.0,0.0],"evs":[0.0,-5.89905]},"92o":{"weight":1.0,"played":[1.0,0.0],"evs":[0.0,-5.95542]},"T2o":{"weight":1.0,"played":[1.0,0.0],"evs":[0.0,-6.46542]},"J2o":{"weight":1.0,"played":[1.0,0.0],"evs":[0.0,-5.25039]},"Q2o":{"weight":1.0,"played":[1.0,0.0],"evs":[0.0,-5.89894]},"K2o":{"weight":1.0,"played":[1.0,0.0],"evs":[0.0,-5.19943]},"A2o":{"weight":1.0,"played":[0.9996,4.0E-4],"evs":[0.0,-4.63955]},"32s":{"weight":1.0,"played":[0.997,0.003],"evs":[0.0,-2.95001]},"33":{"weight":1.0,"played":[0.3843,0.6157],"evs":[0.0,-0.21606]},"43o":{"weight":1.0,"played":[1.0,0.0],"evs":[0.0,-4.15375]},"53o":{"weight":1.0,"played":[1.0,0.0],"evs":[0.0,-3.67642]},"63o":{"weight":1.0,"played":[1.0,0.0],"evs":[0.0,-4.59988]},"73o":{"weight":1.0,"played":[1.0,0.0],"evs":[0.0,-5.08428]},"83o":{"weight":1.0,"played":[1.0,0.0],"evs":[0.0,-5.9783]},"93o":{"weight":1.0,"played":[0.9999,1.0E-4],"evs":[0.0,-5.59061]},"T3o":{"weight":1.0,"played":[1.0,0.0],"evs":[0.0,-5.85578]},"J3o":{"weight":1.0,"played":[1.0,0.0],"evs":[0.0,-5.69718]},"Q3o":{"weight":1.0,"played":[1.0,0.0],"evs":[0.0,-5.90193]},"K3o":{"weight":1.0,"played":[1.0,0.0],"evs":[0.0,-5.11422]},"A3o":{"weight":1.0,"played":[0.9998,2.0E-4],"evs":[0.0,-3.73538]},"42s":{"weight":1.0,"played":[1.0,0.0],"evs":[0.0,-2.0955]},"43s":{"weight":1.0,"played":[0.9863,0.0137],"evs":[0.0,-2.55187]},"44":{"weight":1.0,"played":[0.9815,0.0185],"evs":[0.0,-0.31414]},"54o":{"weight":1.0,"played":[0.9996,4.0E-4],"evs":[0.0,-2.71444]},"64o":{"weight":1.0,"played":[0.9997,3.0E-4],"evs":[0.0,-2.69309]},"74o":{"weight":1.0,"played":[1.0,0.0],"evs":[0.0,-3.99002]},"84o":{"weight":1.0,"played":[1.0,0.0],"evs":[0.0,-4.95591]},"94o":{"weight":1.0,"played":[0.9999,1.0E-4],"evs":[0.0,-5.683]},"T4o":{"weight":1.0,"played":[1.0,0.0],"evs":[0.0,-5.64148]},"J4o":{"weight":1.0,"played":[1.0,0.0],"evs":[0.0,-5.40712]},"Q4o":{"weight":1.0,"played":[1.0,0.0],"evs":[0.0,-5.33626]},"K4o":{"weight":1.0,"played":[1.0,0.0],"evs":[0.0,-5.23113]},"A4o":{"weight":1.0,"played":[0.9994,6.0E-4],"evs":[0.0,-3.37138]},"52s":{"weight":1.0,"played":[0.9957,0.0043],"evs":[0.0,-2.18567]},"53s":{"weight":1.0,"played":[0.9998,2.0E-4],"evs":[0.0,-1.94753]},"54s":{"weight":1.0,"played":[0.9709,0.0291],"evs":[0.0,-0.41708]},"55":{"weight":1.0,"played":[6.0E-4,0.9994],"evs":[0.0,1.40598]},"65o":{"weight":1.0,"played":[0.9982,0.0018],"evs":[0.0,-1.88688]},"75o":{"weight":1.0,"played":[1.0,0.0],"evs":[0.0,-3.81322]},"85o":{"weight":1.0,"played":[1.0,0.0],"evs":[0.0,-3.89124]},"95o":{"weight":1.0,"played":[1.0,0.0],"evs":[0.0,-4.60576]},"T5o":{"weight":1.0,"played":[0.9999,1.0E-4],"evs":[0.0,-6.05478]},"J5o":{"weight":1.0,"played":[1.0,0.0],"evs":[0.0,-5.57329]},"Q5o":{"weight":1.0,"played":[0.9997,3.0E-4],"evs":[0.0,-5.54939]},"K5o":{"weight":1.0,"played":[0.9999,1.0E-4],"evs":[0.0,-4.54137]},"A5o":{"weight":1.0,"played":[1.0,0.0],"evs":[0.0,-3.18322]},"62s":{"weight":1.0,"played":[0.9997,3.0E-4],"evs":[0.0,-2.98188]},"63s":{"weight":1.0,"played":[0.997,0.003],"evs":[0.0,-1.52138]},"64s":{"weight":1.0,"played":[0.6842,0.3158],"evs":[0.0,-0.46882]},"65s":{"weight":1.0,"played":[0.5492,0.4508],"evs":[0.0,-0.01224]},"66":{"weight":1.0,"played":[2.0E-4,0.9998],"evs":[0.0,3.97364]},"76o":{"weight":1.0,"played":[0.9999,1.0E-4],"evs":[0.0,-2.64014]},"86o":{"weight":1.0,"played":[0.9999,1.0E-4],"evs":[0.0,-2.78041]},"96o":{"weight":1.0,"played":[1.0,0.0],"evs":[0.0,-2.90597]},"T6o":{"weight":1.0,"played":[1.0,0.0],"evs":[0.0,-3.85305]},"J6o":{"weight":1.0,"played":[1.0,0.0],"evs":[0.0,-5.10338]},"Q6o":{"weight":1.0,"played":[0.9999,1.0E-4],"evs":[0.0,-5.10116]},"K6o":{"weight":1.0,"played":[0.9999,1.0E-4],"evs":[0.0,-4.26289]},"A6o":{"weight":1.0,"played":[0.9992,8.0E-4],"evs":[0.0,-4.13001]},"72s":{"weight":1.0,"played":[0.9992,8.0E-4],"evs":[0.0,-3.46887]},"73s":{"weight":1.0,"played":[0.9995,5.0E-4],"evs":[0.0,-2.93159]},"74s":{"weight":1.0,"played":[0.99,0.01],"evs":[0.0,-2.27328]},"75s":{"weight":1.0,"played":[0.5287,0.4713],"evs":[0.0,-1.19778]},"76s":{"weight":1.0,"played":[0.2934,0.7066],"evs":[0.0,0.44207]},"77":{"weight":1.0,"played":[0.0,1.0],"evs":[0.0,4.13146]},"87o":{"weight":1.0,"played":[1.0,0.0],"evs":[0.0,-1.80522]},"97o":{"weight":1.0,"played":[0.9997,3.0E-4],"evs":[0.0,-3.08926]},"T7o":{"weight":1.0,"played":[1.0,0.0],"evs":[0.0,-3.31536]},"J7o":{"weight":1.0,"played":[0.9999,1.0E-4],"evs":[0.0,-4.10119]},"Q7o":{"weight":1.0,"played":[0.9999,1.0E-4],"evs":[0.0,-4.73349]},"K7o":{"weight":1.0,"played":[0.9983,0.0017],"evs":[0.0,-4.19678]},"A7o":{"weight":1.0,"played":[1.0,0.0],"evs":[0.0,-3.26836]},"82s":{"weight":1.0,"played":[0.9998,2.0E-4],"evs":[0.0,-3.13767]},"83s":{"weight":1.0,"played":[0.9992,8.0E-4],"evs":[0.0,-4.13152]},"84s":{"weight":1.0,"played":[0.9973,0.0027],"evs":[0.0,-1.74981]},"85s":{"weight":1.0,"played":[0.9643,0.0357],"evs":[0.0,-1.88891]},"86s":{"weight":1.0,"played":[0.8516,0.1484],"evs":[0.0,-0.28898]},"87s":{"weight":1.0,"played":[0.0911,0.9089],"evs":[0.0,0.49807]},"88":{"weight":1.0,"played":[0.0,1.0],"evs":[0.0,6.94065]},"98o":{"weight":1.0,"played":[0.9974,0.0026],"evs":[0.0,-2.10659]},"T8o":{"weight":1.0,"played":[0.9992,8.0E-4],"evs":[0.0,-2.78067]},"J8o":{"weight":1.0,"played":[0.9999,1.0E-4],"evs":[0.0,-3.03616]},"Q8o":{"weight":1.0,"played":[1.0,0.0],"evs":[0.0,-4.33844]},"K8o":{"weight":1.0,"played":[0.9995,5.0E-4],"evs":[0.0,-3.32996]},"A8o":{"weight":1.0,"played":[1.0,0.0],"evs":[0.0,-3.13383]},"92s":{"weight":1.0,"played":[0.9996,4.0E-4],"evs":[0.0,-3.41702]},"93s":{"weight":1.0,"played":[0.9998,2.0E-4],"evs":[0.0,-3.5325]},"94s":{"weight":1.0,"played":[0.9997,3.0E-4],"evs":[0.0,-3.53294]},"95s":{"weight":1.0,"played":[0.9932,0.0068],"evs":[0.0,-2.13181]},"96s":{"weight":1.0,"played":[0.9348,0.0652],"evs":[0.0,-1.01139]},"97s":{"weight":1.0,"played":[0.4371,0.5629],"evs":[0.0,-0.41187]},"98s":{"weight":1.0,"played":[0.1791,0.8209],"evs":[0.0,1.79572]},"99":{"weight":1.0,"played":[0.0,1.0],"evs":[0.0,6.68885]},"T9o":{"weight":1.0,"played":[0.9997,3.0E-4],"evs":[0.0,-2.00716]},"J9o":{"weight":1.0,"played":[0.9973,0.0027],"evs":[0.0,-1.77545]},"Q9o":{"weight":1.0,"played":[0.9987,0.0013],"evs":[0.0,-3.18756]},"K9o":{"weight":1.0,"played":[0.9993,7.0E-4],"evs":[0.0,-2.98113]},"A9o":{"weight":1.0,"played":[0.9963,0.0037],"evs":[0.0,-2.04635]},"T2s":{"weight":1.0,"played":[1.0,0.0],"evs":[0.0,-3.74857]},"T3s":{"weight":1.0,"played":[0.998,0.002],"evs":[0.0,-2.98179]},"T4s":{"weight":1.0,"played":[0.9999,1.0E-4],"evs":[0.0,-2.72331]},"T5s":{"weight":1.0,"played":[0.9989,0.0011],"evs":[0.0,-2.38518]},"T6s":{"weight":1.0,"played":[0.9957,0.0043],"evs":[0.0,-2.15711]},"T7s":{"weight":1.0,"played":[0.4707,0.5293],"evs":[0.0,-0.7242]},"T8s":{"weight":1.0,"played":[0.9809,0.0191],"evs":[0.0,-0.34433]},"T9s":{"weight":1.0,"played":[0.9541,0.0459],"evs":[0.0,-0.57699]},"TT":{"weight":1.0,"played":[0.0,1.0],"evs":[0.0,9.71086]},"JTo":{"weight":1.0,"played":[0.9937,0.0063],"evs":[0.0,-2.08246]},"QTo":{"weight":1.0,"played":[0.9989,0.0011],"evs":[0.0,-1.52068]},"KTo":{"weight":1.0,"played":[0.9504,0.0496],"evs":[0.0,-1.89623]},"ATo":{"weight":1.0,"played":[0.8578,0.1422],"evs":[0.0,-0.61984]},"J2s":{"weight":1.0,"played":[0.9994,6.0E-4],"evs":[0.0,-1.96609]},"J3s":{"weight":1.0,"played":[0.999,0.001],"evs":[0.0,-2.83286]},"J4s":{"weight":1.0,"played":[0.9956,0.0044],"evs":[0.0,-2.68436]},"J5s":{"weight":1.0,"played":[0.9991,9.0E-4],"evs":[0.0,-2.20475]},"J6s":{"weight":1.0,"played":[0.9633,0.0367],"evs":[0.0,-1.02741]},"J7s":{"weight":1.0,"played":[0.9787,0.0213],"evs":[0.0,-1.53507]},"J8s":{"weight":1.0,"played":[0.9284,0.0716],"evs":[0.0,-0.54572]},"J9s":{"weight":1.0,"played":[0.3131,0.6869],"evs":[0.0,0.03425]},"JTs":{"weight":1.0,"played":[0.038,0.962],"evs":[0.0,2.42685]},"JJ":{"weight":1.0,"played":[0.0,1.0],"evs":[0.0,12.54911]},"QJo":{"weight":1.0,"played":[0.998,0.002],"evs":[0.0,-1.24234]},"KJo":{"weight":1.0,"played":[0.2836,0.7164],"evs":[0.0,-0.14551]},"AJo":{"weight":1.0,"played":[0.0061,0.9939],"evs":[0.0,0.94503]},"Q2s":{"weight":1.0,"played":[0.9977,0.0023],"evs":[0.0,-3.6049]},"Q3s":{"weight":1.0,"played":[1.0,0.0],"evs":[0.0,-2.77738]},"Q4s":{"weight":1.0,"played":[0.9854,0.0146],"evs":[0.0,-2.83897]},"Q5s":{"weight":1.0,"played":[0.9796,0.0204],"evs":[0.0,-2.5549]},"Q6s":{"weight":1.0,"played":[0.9953,0.0047],"evs":[0.0,-1.27386]},"Q7s":{"weight":1.0,"played":[0.9763,0.0237],"evs":[0.0,-1.3008]},"Q8s":{"weight":1.0,"played":[0.9991,9.0E-4],"evs":[0.0,-1.71102]},"Q9s":{"weight":1.0,"played":[0.8635,0.1365],"evs":[0.0,-0.21927]},"QTs":{"weight":1.0,"played":[0.1896,0.8104],"evs":[0.0,1.10395]},"QJs":{"weight":1.0,"played":[0.4026,0.5974],"evs":[0.0,1.02734]},"QQ":{"weight":1.0,"played":[0.0,1.0],"evs":[0.0,16.00794]},"KQo":{"weight":1.0,"played":[0.1085,0.8915],"evs":[0.0,0.10913]},"AQo":{"weight":1.0,"played":[0.0023,0.9977],"evs":[0.0,2.53212]},"K2s":{"weight":1.0,"played":[0.9986,0.0014],"evs":[0.0,-1.96229]},"K3s":{"weight":1.0,"played":[0.9984,0.0016],"evs":[0.0,-2.21176]},"K4s":{"weight":1.0,"played":[0.9888,0.0112],"evs":[0.0,-1.66473]},"K5s":{"weight":1.0,"played":[0.6847,0.3153],"evs":[0.0,-0.59448]},"K6s":{"weight":1.0,"played":[0.9086,0.0914],"evs":[0.0,-1.69865]},"K7s":{"weight":1.0,"played":[0.6838,0.3162],"evs":[0.0,-0.26283]},"K8s":{"weight":1.0,"played":[0.1155,0.8845],"evs":[0.0,0.59232]},"K9s":{"weight":1.0,"played":[0.0927,0.9073],"evs":[0.0,0.72819]},"KTs":{"weight":1.0,"played":[0.1582,0.8418],"evs":[0.0,0.85385]},"KJs":{"weight":1.0,"played":[0.0434,0.9566],"evs":[0.0,0.63519]},"KQs":{"weight":1.0,"played":[2.0E-4,0.9998],"evs":[0.0,3.14424]},"KK":{"weight":1.0,"played":[0.0,1.0],"evs":[0.0,20.8456]},"AKo":{"weight":1.0,"played":[0.0,1.0],"evs":[0.0,4.70111]},"A2s":{"weight":1.0,"played":[0.9986,0.0014],"evs":[0.0,-1.99667]},"A3s":{"weight":1.0,"played":[0.8542,0.1458],"evs":[0.0,-0.43376]},"A4s":{"weight":1.0,"played":[0.2439,0.7561],"evs":[0.0,0.07355]},"A5s":{"weight":1.0,"played":[0.8728,0.1272],"evs":[0.0,-1.47642]},"A6s":{"weight":1.0,"played":[0.954,0.046],"evs":[0.0,-1.70295]},"A7s":{"weight":1.0,"played":[0.989,0.011],"evs":[0.0,-0.61326]},"A8s":{"weight":1.0,"played":[0.9948,0.0052],"evs":[0.0,-0.00824]},"A9s":{"weight":1.0,"played":[0.1935,0.8065],"evs":[0.0,0.98489]},"ATs":{"weight":1.0,"played":[3.0E-4,0.9997],"evs":[0.0,1.92388]},"AJs":{"weight":1.0,"played":[0.0017,0.9983],"evs":[0.0,4.55853]},"AQs":{"weight":1.0,"played":[0.0014,0.9986],"evs":[0.0,3.07915]},"AKs":{"weight":1.0,"played":[0.0,1.0],"evs":[0.0,7.39193]},"AA":{"weight":1.0,"played":[0.0,1.0],"evs":[0.0,27.20956]}}}