{"player":4,"street":0,"children":3,"sequence":[{"player":0,"type":"R","amount":200000,"street":0},{"player":1,"type":"F","amount":0,"street":0},{"player":2,"type":"F","amount":0,"street":0},{"player":3,"type":"F","amount":0,"street":0}],"actions":[{"type":"F","amount":0,"node":201},{"type":"C","amount":150000,"node":203},{"type":"R","amount":1245000,"node":207}],"hands":{"22":{"weight":1.0,"played":[4.0E-4,0.9996,0.0],"evs":[0.0,0.03171,-0.20093]},"32o":{"weight":1.0,"played":[1.0,0.0,0.0],"evs":[0.0,-0.66524,-3.34038]},"42o":{"weight":1.0,"played":[1.0,0.0,0.0],"evs":[0.0,-0.62146,-3.19101]},"52o":{"weight":1.0,"played":[1.0,0.0,0.0],"evs":[0.0,-0.59996,-3.0947]},"62o":{"weight":1.0,"played":[1.0,0.0,0.0],"evs":[0.0,-0.67527,-3.32246]},"72o":{"weight":1.0,"played":[1.0,0.0,0.0],"evs":[0.0,-0.78212,-3.60904]},"82o":{"weight":1.0,"played":[1.0,0.0,0.0],"evs":[0.0,-0.7389,-3.47579]},"92o":{"weight":1.0,"played":[1.0,0.0,0.0],"evs":[0.0,-0.71169,-3.31969]},"T2o":{"weight":1.0,"played":[1.0,0.0,0.0],"evs":[0.0,-0.72296,-3.23137]},"J2o":{"weight":1.0,"played":[1.0,0.0,0.0],"evs":[0.0,-0.63708,-2.9197]},"Q2o":{"weight":1.0,"played":[1.0,0.0,0.0],"evs":[0.0,-0.55038,-2.46443]},"K2o":{"weight":1.0,"played":[1.0,0.0,0.0],"evs":[0.0,-0.47684,-1.839]},"A2o":{"weight":1.0,"played":[1.0,0.0,0.0],"evs":[0.0,-0.19,-0.66448]},"32s":{"weight":1.0,"played":[1.0,0.0,0.0],"evs":[0.0,-0.35725,-2.50786]},"33":{"weight":1.0,"played":[0.0,0.5726,0.4274],"evs":[0.0,0.14566,0.14408]},"43o":{"weight":1.0,"played":[1.0,0.0,0.0],"evs":[0.0,-0.49421,-2.82497]},"53o":{"weight":1.0,"played":[1.0,0.0,0.0],"evs":[0.0,-0.45371,-2.7327]},"63o":{"weight":1.0,"played":[1.0,0.0,0.0],"evs":[0.0,-0.53556,-2.94624]},"73o":{"weight":1.0,"played":[1.0,0.0,0.0],"evs":[0.0,-0.66289,-3.20989]},"83o":{"weight":1.0,"played":[1.0,0.0,0.0],"evs":[0.0,-0.71961,-3.40716]},"93o":{"weight":1.0,"played":[1.0,0.0,0.0],"evs":[0.0,-0.67546,-3.17364]},"T3o":{"weight":1.0,"played":[1.0,0.0,0.0],"evs":[0.0,-0.69212,-3.08622]},"J3o":{"weight":1.0,"played":[1.0,0.0,0.0],"evs":[0.0,-0.621,-2.79356]},"Q3o":{"weight":1.0,"played":[1.0,0.0,0.0],"evs":[0.0,-0.52978,-2.32675]},"K3o":{"weight":1.0,"played":[1.0,0.0,0.0],"evs":[0.0,-0.44637,-1.70207]},"A3o":{"weight":1.0,"played":[1.0,0.0,0.0],"evs":[0.0,-0.13459,-0.53489]},"42s":{"weight":1.0,"played":[1.0,0.0,0.0],"evs":[0.0,-0.32154,-2.34501]},"43s":{"weight":1.0,"played":[1.0,0.0,0.0],"evs":[0.0,-0.18307,-1.98431]},"44":{"weight":1.0,"played":[0.0,0.0,1.0],"evs":[0.0,0.32524,0.53452]},"54o":{"weight":1.0,"played":[1.0,0.0,0.0],"evs":[0.0,-0.32691,-2.3549]},"64o":{"weight":1.0,"played":[1.0,0.0,0.0],"evs":[0.0,-0.41135,-2.56811]},"74o":{"weight":1.0,"played":[1.0,0.0,0.0],"evs":[0.0,-0.52545,-2.82574]},"84o":{"weight":1.0,"played":[1.0,0.0,0.0],"evs":[0.0,-0.59675,-3.01604]},"94o":{"weight":1.0,"played":[1.0,0.0,0.0],"evs":[0.0,-0.64819,-3.08971]},"T4o":{"weight":1.0,"played":[1.0,0.0,0.0],"evs":[0.0,-0.65477,-2.92907]},"J4o":{"weight":1.0,"played":[1.0,0.0,0.0],"evs":[0.0,-0.58101,-2.63644]},"Q4o":{"weight":1.0,"played":[1.0,0.0,0.0],"evs":[0.0,-0.49553,-2.18102]},"K4o":{"weight":1.0,"played":[1.0,0.0,0.0],"evs":[0.0,-0.40754,-1.55538]},"A4o":{"weight":1.0,"played":[1.0,0.0,0.0],"evs":[0.0,-0.08211,-0.40052]},"52s":{"weight":1.0,"played":[1.0,0.0,0.0],"evs":[0.0,-0.29765,-2.25332]},"53s":{"weight":1.0,"played":[1.0,0.0,0.0],"evs":[0.0,-0.14317,-1.89646]},"54s":{"weight":1.0,"played":[0.9651,0.0349,0.0],"evs":[0.0,-0.01694,-1.55037]},"55":{"weight":1.0,"played":[0.0,0.0,1.0],"evs":[0.0,0.58635,0.90388]},"65o":{"weight":1.0,"played":[1.0,0.0,0.0],"evs":[0.0,-0.29512,-2.25644]},"75o":{"weight":1.0,"played":[1.0,0.0,0.0],"evs":[0.0,-0.40877,-2.51324]},"85o":{"weight":1.0,"played":[1.0,0.0,0.0],"evs":[0.0,-0.49244,-2.6991]},"95o":{"weight":1.0,"played":[1.0,0.0,0.0],"evs":[0.0,-0.56206,-2.78644]},"T5o":{"weight":1.0,"played":[1.0,0.0,0.0],"evs":[0.0,-0.65088,-2.91129]},"J5o":{"weight":1.0,"played":[1.0,0.0,0.0],"evs":[0.0,-0.57931,-2.56053]},"Q5o":{"weight":1.0,"played":[1.0,0.0,0.0],"evs":[0.0,-0.49519,-2.10546]},"K5o":{"weight":1.0,"played":[1.0,0.0,0.0],"evs":[0.0,-0.39328,-1.47504]},"A5o":{"weight":1.0,"played":[0.1965,0.8035,0.0],"evs":[0.0,0.00244,-0.26635]},"62s":{"weight":1.0,"played":[1.0,0.0,0.0],"evs":[0.0,-0.37908,-2.45945]},"63s":{"weight":1.0,"played":[1.0,0.0,0.0],"evs":[0.0,-0.2242,-2.08089]},"64s":{"weight":1.0,"played":[1.0,0.0,0.0],"evs":[0.0,-0.08039,-1.72292]},"65s":{"weight":1.0,"played":[0.0105,0.9895,0.0],"evs":[0.0,0.02967,-1.42261]},"66":{"weight":1.0,"played":[0.0,0.0,1.0],"evs":[0.0,0.81702,1.32004]},"76o":{"weight":1.0,"played":[1.0,0.0,0.0],"evs":[0.0,-0.29823,-2.15728]},"86o":{"weight":1.0,"played":[1.0,0.0,0.0],"evs":[0.0,-0.36027,-2.33214]},"96o":{"weight":1.0,"played":[1.0,0.0,0.0],"evs":[0.0,-0.43303,-2.42302]},"T6o":{"weight":1.0,"played":[1.0,0.0,0.0],"evs":[0.0,-0.54301,-2.54656]},"J6o":{"weight":1.0,"played":[1.0,0.0,0.0],"evs":[0.0,-0.53461,-2.48283]},"Q6o":{"weight":1.0,"played":[1.0,0.0,0.0],"evs":[0.0,-0.44061,-1.96442]},"K6o":{"weight":1.0,"played":[1.0,0.0,0.0],"evs":[0.0,-0.32712,-1.34332]},"A6o":{"weight":1.0,"played":[1.0,0.0,0.0],"evs":[0.0,-0.09526,-0.37126]},"72s":{"weight":1.0,"played":[1.0,0.0,0.0],"evs":[0.0,-0.46641,-2.7172]},"73s":{"weight":1.0,"played":[1.0,0.0,0.0],"evs":[0.0,-0.33715,-2.33533]},"74s":{"weight":1.0,"played":[1.0,0.0,0.0],"evs":[0.0,-0.21787,-1.99304]},"75s":{"weight":1.0,"played":[1.0,0.0,0.0],"evs":[0.0,-0.08965,-1.68918]},"76s":{"weight":1.0,"played":[0.0231,0.9769,0.0],"evs":[0.0,0.0187,-1.36047]},"77":{"weight":1.0,"played":[0.0,0.0,1.0],"evs":[0.0,1.00523,1.63348]},"87o":{"weight":1.0,"played":[1.0,0.0,0.0],"evs":[0.0,-0.30271,-2.12377]},"97o":{"weight":1.0,"played":[1.0,0.0,0.0],"evs":[0.0,-0.35782,-2.19383]},"T7o":{"weight":1.0,"played":[1.0,0.0,0.0],"evs":[0.0,-0.45086,-2.33376]},"J7o":{"weight":1.0,"played":[1.0,0.0,0.0],"evs":[0.0,-0.46219,-2.25492]},"Q7o":{"weight":1.0,"played":[1.0,0.0,0.0],"evs":[0.0,-0.43904,-2.03568]},"K7o":{"weight":1.0,"played":[1.0,0.0,0.0],"evs":[0.0,-0.31315,-1.3206]},"A7o":{"weight":1.0,"played":[0.9302,0.0698,0.0],"evs":[0.0,-0.00967,-0.18803]},"82s":{"weight":1.0,"played":[1.0,0.0,0.0],"evs":[0.0,-0.43444,-2.58812]},"83s":{"weight":1.0,"played":[1.0,0.0,0.0],"evs":[0.0,-0.40993,-2.52758]},"84s":{"weight":1.0,"played":[1.0,0.0,0.0],"evs":[0.0,-0.27743,-2.18393]},"85s":{"weight":1.0,"played":[1.0,0.0,0.0],"evs":[0.0,-0.14337,-1.83489]},"86s":{"weight":1.0,"played":[0.9859,0.0141,0.0],"evs":[0.0,-0.02297,-1.5125]},"87s":{"weight":1.0,"played":[0.0184,0.9816,0.0],"evs":[0.0,0.03011,-1.28054]},"88":{"weight":1.0,"played":[0.0,0.0,1.0],"evs":[0.0,1.35609,2.20827]},"98o":{"weight":1.0,"played":[1.0,0.0,0.0],"evs":[0.0,-0.27471,-1.90051]},"T8o":{"weight":1.0,"played":[1.0,0.0,0.0],"evs":[0.0,-0.3423,-1.98921]},"J8o":{"weight":1.0,"played":[1.0,0.0,0.0],"evs":[0.0,-0.34237,-1.94819]},"Q8o":{"weight":1.0,"played":[1.0,0.0,0.0],"evs":[0.0,-0.32202,-1.71391]},"K8o":{"weight":1.0,"played":[1.0,0.0,0.0],"evs":[0.0,-0.25504,-1.26393]},"A8o":{"weight":1.0,"played":[0.0,1.0E-4,0.9999],"evs":[0.0,0.12211,0.19958]},"92s":{"weight":1.0,"played":[1.0,0.0,0.0],"evs":[0.0,-0.40344,-2.42981]},"93s":{"weight":1.0,"played":[1.0,0.0,0.0],"evs":[0.0,-0.36239,-2.33157]},"94s":{"weight":1.0,"played":[1.0,0.0,0.0],"evs":[0.0,-0.34533,-2.25079]},"95s":{"weight":1.0,"played":[1.0,0.0,0.0],"evs":[0.0,-0.25347,-1.976]},"96s":{"weight":1.0,"played":[1.0,0.0,0.0],"evs":[0.0,-0.09508,-1.59797]},"97s":{"weight":1.0,"played":[0.9387,0.0613,0.0],"evs":[0.0,-0.0116,-1.35723]},"98s":{"weight":1.0,"played":[1.0E-4,0.9999,0.0],"evs":[0.0,0.05777,-1.12986]},"99":{"weight":1.0,"played":[0.0,0.0,1.0],"evs":[0.0,1.74893,2.97287]},"T9o":{"weight":1.0,"played":[1.0,0.0,0.0],"evs":[0.0,-0.22079,-1.56503]},"J9o":{"weight":1.0,"played":[1.0,0.0,0.0],"evs":[0.0,-0.20666,-1.5454]},"Q9o":{"weight":1.0,"played":[1.0,0.0,0.0],"evs":[0.0,-0.18724,-1.25978]},"K9o":{"weight":1.0,"played":[1.0,0.0,0.0],"evs":[0.0,-0.11481,-0.7492]},"A9o":{"weight":1.0,"played":[0.0,0.0,1.0],"evs":[0.0,0.32583,0.83303]},"T2s":{"weight":1.0,"played":[1.0,0.0,0.0],"evs":[0.0,-0.40393,-2.33904]},"T3s":{"weight":1.0,"played":[1.0,0.0,0.0],"evs":[0.0,-0.35812,-2.19344]},"T4s":{"weight":1.0,"played":[1.0,0.0,0.0],"evs":[0.0,-0.32466,-2.07175]},"T5s":{"weight":1.0,"played":[1.0,0.0,0.0],"evs":[0.0,-0.33106,-2.04523]},"T6s":{"weight":1.0,"played":[1.0,0.0,0.0],"evs":[0.0,-0.19028,-1.73116]},"T7s":{"weight":1.0,"played":[0.9998,2.0E-4,0.0],"evs":[0.0,-0.10959,-1.49656]},"T8s":{"weight":1.0,"played":[0.024,0.976,0.0],"evs":[0.0,0.02312,-1.17996]},"T9s":{"weight":1.0,"played":[0.0,1.0,0.0],"evs":[0.0,0.17108,-0.77458]},"TT":{"weight":1.0,"played":[0.0,0.0,1.0],"evs":[0.0,2.38441,4.04971]},"JTo":{"weight":1.0,"played":[0.9998,2.0E-4,0.0],"evs":[0.0,-0.05328,-0.94509]},"QTo":{"weight":1.0,"played":[4.0E-4,0.9996,0.0],"evs":[0.0,0.00651,-0.54357]},"KTo":{"weight":1.0,"played":[0.0,1.0,0.0],"evs":[0.0,0.11797,-0.06891]},"ATo":{"weight":1.0,"played":[0.0,0.0,1.0],"evs":[0.0,0.7976,1.89493]},"J2s":{"weight":1.0,"played":[1.0,0.0,0.0],"evs":[0.0,-0.31247,-2.05522]},"J3s":{"weight":1.0,"played":[1.0,0.0,0.0],"evs":[0.0,-0.28601,-1.94662]},"J4s":{"weight":1.0,"played":[1.0,0.0,0.0],"evs":[0.0,-0.23995,-1.78357]},"J5s":{"weight":1.0,"played":[1.0,0.0,0.0],"evs":[0.0,-0.22751,-1.72189]},"J6s":{"weight":1.0,"played":[1.0,0.0,0.0],"evs":[0.0,-0.19445,-1.67335]},"J7s":{"weight":1.0,"played":[1.0,0.0,0.0],"evs":[0.0,-0.11653,-1.43068]},"J8s":{"weight":1.0,"played":[0.8299,0.1701,0.0],"evs":[0.0,-3.4E-4,-1.14455]},"J9s":{"weight":1.0,"played":[0.0,1.0,0.0],"evs":[0.0,0.14729,-0.75125]},"JTs":{"weight":1.0,"played":[0.0,1.0,0.0],"evs":[0.0,0.41101,-0.23085]},"JJ":{"weight":1.0,"played":[0.0,0.0,1.0],"evs":[0.0,3.27841,5.16542]},"QJo":{"weight":1.0,"played":[0.0,1.0,0.0],"evs":[0.0,0.20973,-0.03313]},"KJo":{"weight":1.0,"played":[0.0,0.3549,0.6451],"evs":[0.0,0.36107,0.36483]},"AJo":{"weight":1.0,"played":[0.0,0.0,1.0],"evs":[0.0,1.33144,2.70788]},"Q2s":{"weight":1.0,"played":[1.0,0.0,0.0],"evs":[0.0,-0.20425,-1.62402]},"Q3s":{"weight":1.0,"played":[1.0,0.0,0.0],"evs":[0.0,-0.19502,-1.5124]},"Q4s":{"weight":1.0,"played":[1.0,0.0,0.0],"evs":[0.0,-0.13978,-1.36924]},"Q5s":{"weight":1.0,"played":[1.0,0.0,0.0],"evs":[0.0,-0.13052,-1.27584]},"Q6s":{"weight":1.0,"played":[1.0,0.0,0.0],"evs":[0.0,-0.08021,-1.17435]},"Q7s":{"weight":1.0,"played":[0.9999,1.0E-4,0.0],"evs":[0.0,-0.07224,-1.19166]},"Q8s":{"weight":1.0,"played":[0.0,1.0,0.0],"evs":[0.0,0.04845,-0.90526]},"Q9s":{"weight":1.0,"played":[0.0,1.0,0.0],"evs":[0.0,0.18811,-0.46582]},"QTs":{"weight":1.0,"played":[0.0,1.0,0.0],"evs":[0.0,0.46913,0.18316]},"QJs":{"weight":1.0,"played":[0.0,1.0,0.0],"evs":[0.0,0.67983,0.64615]},"QQ":{"weight":1.0,"played":[0.0,0.0,1.0],"evs":[0.0,4.38588,6.33518]},"KQo":{"weight":1.0,"played":[0.0,0.0,1.0],"evs":[0.0,0.65465,0.9614]},"AQo":{"weight":1.0,"played":[0.0,0.0,1.0],"evs":[0.0,1.91435,3.46181]},"K2s":{"weight":1.0,"played":[1.0,0.0,0.0],"evs":[0.0,-0.10344,-1.00154]},"K3s":{"weight":1.0,"played":[1.0,0.0,0.0],"evs":[0.0,-0.07323,-0.88043]},"K4s":{"weight":1.0,"played":[0.9575,0.0425,0.0],"evs":[0.0,-0.01652,-0.77607]},"K5s":{"weight":1.0,"played":[0.3159,0.6841,0.0],"evs":[0.0,0.00693,-0.6688]},"K6s":{"weight":1.0,"played":[0.0,1.0,0.0],"evs":[0.0,0.06516,-0.53073]},"K7s":{"weight":1.0,"played":[3.0E-4,0.9997,0.0],"evs":[0.0,0.09228,-0.48425]},"K8s":{"weight":1.0,"played":[0.0,1.0,0.0],"evs":[0.0,0.14459,-0.4581]},"K9s":{"weight":1.0,"played":[0.0,1.0,0.0],"evs":[0.0,0.26948,-0.0256]},"KTs":{"weight":1.0,"played":[0.0,0.5973,0.4027],"evs":[0.0,0.5933,0.60367]},"KJs":{"weight":1.0,"played":[0.0,0.0,1.0],"evs":[0.0,0.88897,1.00078]},"KQs":{"weight":1.0,"played":[0.0,0.0,1.0],"evs":[0.0,1.24512,1.60901]},"KK":{"weight":1.0,"played":[0.0,0.0,1.0],"evs":[0.0,5.75777,7.51982]},"AKo":{"weight":1.0,"played":[0.0,0.0,1.0],"evs":[0.0,2.60443,4.17629]},"A2s":{"weight":1.0,"played":[0.0,1.0,0.0],"evs":[0.0,0.25917,0.12004]},"A3s":{"weight":1.0,"played":[0.0,1.0,0.0],"evs":[0.0,0.32383,0.21966]},"A4s":{"weight":1.0,"played":[0.0,0.891,0.109],"evs":[0.0,0.37198,0.33875]},"A5s":{"weight":1.0,"played":[0.0,0.6441,0.3559],"evs":[0.0,0.44204,0.4351]},"A6s":{"weight":1.0,"played":[0.0,0.1242,0.8758],"evs":[0.0,0.36458,0.38186]},"A7s":{"weight":1.0,"played":[0.0,1.0E-4,0.9999],"evs":[0.0,0.46527,0.54085]},"A8s":{"weight":1.0,"played":[0.0,0.0,1.0],"evs":[0.0,0.63091,0.90351]},"A9s":{"weight":1.0,"played":[0.0,0.0,1.0],"evs":[0.0,0.87144,1.49093]},"ATs":{"weight":1.0,"played":[0.0,0.0,1.0],"evs":[0.0,1.4496,2.44834]},"AJs":{"weight":1.0,"played":[0.0,0.0,1.0],"evs":[0.0,1.94723,3.22155]},"AQs":{"weight":1.0,"played":[0.0,0.0,1.0],"evs":[0.0,2.48385,3.92348]},"AKs":{"weight":1.0,"played":[0.0,0.0,1.0],"evs":[0.0,3.14666,4.62662]},"AA":{"weight":1.0,"played":[0.0,0.0,1.0],"evs":[0.0,7.9878,9.59554]}}}