{"player":4,"street":0,"children":2,"sequence":[{"player":0,"type":"R","amount":200000,"street":0},{"player":1,"type":"F","amount":0,"street":0},{"player":2,"type":"F","amount":0,"street":0},{"player":3,"type":"F","amount":0,"street":0},{"player":4,"type":"C","amount":150000,"street":0},{"player":5,"type":"R","amount":1875000,"street":0},{"player":0,"type":"C","amount":1675000,"street":0}],"actions":[{"type":"F","amount":0},{"type":"C","amount":1045000}],"hands":{"22":{"weight":0.9996,"played":[1.0,0.0],"evs":[0.0,-1.00654]},"32o":{"weight":0.0,"played":[1.0,0.0],"evs":[0.0,-3.84089]},"42o":{"weight":0.0,"played":[1.0,0.0],"evs":[0.0,-3.65008]},"52o":{"weight":0.0,"played":[1.0,0.0],"evs":[0.0,-3.38706]},"62o":{"weight":0.0,"played":[1.0,0.0],"evs":[0.0,-3.82767]},"72o":{"weight":0.0,"played":[1.0,0.0],"evs":[0.0,-4.20825]},"82o":{"weight":0.0,"played":[1.0,0.0],"evs":[0.0,-4.07407]},"92o":{"weight":0.0,"played":[1.0,0.0],"evs":[0.0,-3.99732]},"T2o":{"weight":0.0,"played":[1.0,0.0],"evs":[0.0,-3.71097]},"J2o":{"weight":0.0,"played":[1.0,0.0],"evs":[0.0,-3.50606]},"Q2o":{"weight":0.0,"played":[1.0,0.0],"evs":[0.0,-3.36498]},"K2o":{"weight":0.0,"played":[1.0,0.0],"evs":[0.0,-2.96799]},"A2o":{"weight":0.0,"played":[1.0,0.0],"evs":[0.0,-3.49777]},"32s":{"weight":0.0,"played":[1.0,0.0],"evs":[0.0,-2.43289]},"33":{"weight":0.5726,"played":[0.9995,5.0E-4],"evs":[0.0,-0.5864]},"43o":{"weight":0.0,"played":[1.0,0.0],"evs":[0.0,-3.09837]},"53o":{"weight":0.0,"played":[1.0,0.0],"evs":[0.0,-2.83267]},"63o":{"weight":0.0,"played":[1.0,0.0],"evs":[0.0,-3.20114]},"73o":{"weight":0.0,"played":[1.0,0.0],"evs":[0.0,-3.53262]},"83o":{"weight":0.0,"played":[1.0,0.0],"evs":[0.0,-3.96889]},"93o":{"weight":0.0,"played":[1.0,0.0],"evs":[0.0,-3.82992]},"T3o":{"weight":0.0,"played":[1.0,0.0],"evs":[0.0,-3.55376]},"J3o":{"weight":0.0,"played":[1.0,0.0],"evs":[0.0,-3.2941]},"Q3o":{"weight":0.0,"played":[1.0,0.0],"evs":[0.0,-3.17577]},"K3o":{"weight":0.0,"played":[1.0,0.0],"evs":[0.0,-2.73253]},"A3o":{"weight":0.0,"played":[1.0,0.0],"evs":[0.0,-3.3191]},"42s":{"weight":0.0,"played":[1.0,0.0],"evs":[0.0,-2.35494]},"43s":{"weight":0.0,"played":[1.0,0.0],"evs":[0.0,-1.6858]},"44":{"weight":0.0,"played":[0.9911,0.0089],"evs":[0.0,-0.23736]},"54o":{"weight":0.0,"played":[1.0,0.0],"evs":[0.0,-2.35793]},"64o":{"weight":0.0,"played":[1.0,0.0],"evs":[0.0,-2.60874]},"74o":{"weight":0.0,"played":[1.0,0.0],"evs":[0.0,-3.00268]},"84o":{"weight":0.0,"played":[1.0,0.0],"evs":[0.0,-3.49072]},"94o":{"weight":0.0,"played":[1.0,0.0],"evs":[0.0,-3.79394]},"T4o":{"weight":0.0,"played":[1.0,0.0],"evs":[0.0,-3.40867]},"J4o":{"weight":0.0,"played":[1.0,0.0],"evs":[0.0,-3.14509]},"Q4o":{"weight":0.0,"played":[1.0,0.0],"evs":[0.0,-2.99329]},"K4o":{"weight":0.0,"played":[1.0,0.0],"evs":[0.0,-2.61907]},"A4o":{"weight":0.0,"played":[1.0,0.0],"evs":[0.0,-3.01609]},"52s":{"weight":0.0,"played":[1.0,0.0],"evs":[0.0,-2.27533]},"53s":{"weight":0.0,"played":[1.0,0.0],"evs":[0.0,-1.46169]},"54s":{"weight":0.0349,"played":[0.9997,3.0E-4],"evs":[0.0,-0.93881]},"55":{"weight":0.0,"played":[0.0,1.0],"evs":[0.0,0.56954]},"65o":{"weight":0.0,"played":[1.0,0.0],"evs":[0.0,-1.90913]},"75o":{"weight":0.0,"played":[1.0,0.0],"evs":[0.0,-2.35048]},"85o":{"weight":0.0,"played":[1.0,0.0],"evs":[0.0,-2.86974]},"95o":{"weight":0.0,"played":[1.0,0.0],"evs":[0.0,-3.16437]},"T5o":{"weight":0.0,"played":[1.0,0.0],"evs":[0.0,-3.17873]},"J5o":{"weight":0.0,"played":[1.0,0.0],"evs":[0.0,-2.88546]},"Q5o":{"weight":0.0,"played":[1.0,0.0],"evs":[0.0,-2.74273]},"K5o":{"weight":0.0,"played":[1.0,0.0],"evs":[0.0,-2.37147]},"A5o":{"weight":0.8035,"played":[1.0,0.0],"evs":[0.0,-2.69929]},"62s":{"weight":0.0,"played":[1.0,0.0],"evs":[0.0,-2.29111]},"63s":{"weight":0.0,"played":[0.9999,1.0E-4],"evs":[0.0,-1.58449]},"64s":{"weight":0.0,"played":[1.0,0.0],"evs":[0.0,-1.1282]},"65s":{"weight":0.9895,"played":[1.0,0.0],"evs":[0.0,-0.55199]},"66":{"weight":0.0,"played":[0.0,1.0],"evs":[0.0,0.99328]},"76o":{"weight":0.0,"played":[1.0,0.0],"evs":[0.0,-1.83979]},"86o":{"weight":0.0,"played":[1.0,0.0],"evs":[0.0,-2.20589]},"96o":{"weight":0.0,"played":[1.0,0.0],"evs":[0.0,-2.5006]},"T6o":{"weight":0.0,"played":[1.0,0.0],"evs":[0.0,-2.63642]},"J6o":{"weight":0.0,"played":[1.0,0.0],"evs":[0.0,-2.85757]},"Q6o":{"weight":0.0,"played":[1.0,0.0],"evs":[0.0,-2.49847]},"K6o":{"weight":0.0,"played":[1.0,0.0],"evs":[0.0,-2.13169]},"A6o":{"weight":0.0,"played":[1.0,0.0],"evs":[0.0,-3.11607]},"72s":{"weight":0.0,"played":[1.0,0.0],"evs":[0.0,-2.90568]},"73s":{"weight":0.0,"played":[1.0,0.0],"evs":[0.0,-2.1865]},"74s":{"weight":0.0,"played":[1.0,0.0],"evs":[0.0,-1.50274]},"75s":{"weight":0.0,"played":[1.0,0.0],"evs":[0.0,-0.96516]},"76s":{"weight":0.9769,"played":[1.0,0.0],"evs":[0.0,-0.65724]},"77":{"weight":0.0,"played":[0.0,1.0],"evs":[0.0,1.80753]},"87o":{"weight":0.0,"played":[1.0,0.0],"evs":[0.0,-1.86798]},"97o":{"weight":0.0,"played":[1.0,0.0],"evs":[0.0,-2.09973]},"T7o":{"weight":0.0,"played":[1.0,0.0],"evs":[0.0,-2.07585]},"J7o":{"weight":0.0,"played":[1.0,0.0],"evs":[0.0,-2.21261]},"Q7o":{"weight":0.0,"played":[1.0,0.0],"evs":[0.0,-2.56521]},"K7o":{"weight":0.0,"played":[1.0,0.0],"evs":[0.0,-1.98368]},"A7o":{"weight":0.0698,"played":[1.0,0.0],"evs":[0.0,-2.7365]},"82s":{"weight":0.0,"played":[1.0,0.0],"evs":[0.0,-2.66933]},"83s":{"weight":0.0,"played":[1.0,0.0],"evs":[0.0,-2.46061]},"84s":{"weight":0.0,"played":[1.0,0.0],"evs":[0.0,-2.13775]},"85s":{"weight":0.0,"played":[1.0,0.0],"evs":[0.0,-1.38848]},"86s":{"weight":0.0141,"played":[0.9998,2.0E-4],"evs":[0.0,-0.93372]},"87s":{"weight":0.9816,"played":[1.0,0.0],"evs":[0.0,-0.52063]},"88":{"weight":0.0,"played":[0.0,1.0],"evs":[0.0,2.72259]},"98o":{"weight":0.0,"played":[1.0,0.0],"evs":[0.0,-1.79784]},"T8o":{"weight":0.0,"played":[1.0,0.0],"evs":[0.0,-1.73841]},"J8o":{"weight":0.0,"played":[1.0,0.0],"evs":[0.0,-2.08383]},"Q8o":{"weight":0.0,"played":[1.0,0.0],"evs":[0.0,-2.29978]},"K8o":{"weight":0.0,"played":[1.0,0.0],"evs":[0.0,-2.21444]},"A8o":{"weight":1.0E-4,"played":[1.0,0.0],"evs":[0.0,-2.39683]},"92s":{"weight":0.0,"played":[1.0,0.0],"evs":[0.0,-2.50732]},"93s":{"weight":0.0,"played":[1.0,0.0],"evs":[0.0,-2.45518]},"94s":{"weight":0.0,"played":[1.0,0.0],"evs":[0.0,-2.32369]},"95s":{"weight":0.0,"played":[1.0,0.0],"evs":[0.0,-1.84502]},"96s":{"weight":0.0,"played":[1.0,0.0],"evs":[0.0,-1.16253]},"97s":{"weight":0.0613,"played":[1.0,0.0],"evs":[0.0,-0.81435]},"98s":{"weight":0.9999,"played":[0.9994,6.0E-4],"evs":[0.0,-0.48669]},"99":{"weight":0.0,"played":[0.0,1.0],"evs":[0.0,3.83993]},"T9o":{"weight":0.0,"played":[1.0,0.0],"evs":[0.0,-1.33864]},"J9o":{"weight":0.0,"played":[1.0,0.0],"evs":[0.0,-1.47915]},"Q9o":{"weight":0.0,"played":[1.0,0.0],"evs":[0.0,-1.64426]},"K9o":{"weight":0.0,"played":[1.0,0.0],"evs":[0.0,-1.62881]},"A9o":{"weight":0.0,"played":[0.9999,1.0E-4],"evs":[0.0,-1.66467]},"T2s":{"weight":0.0,"played":[1.0,0.0],"evs":[0.0,-2.16302]},"T3s":{"weight":0.0,"played":[1.0,0.0],"evs":[0.0,-2.10765]},"T4s":{"weight":0.0,"played":[0.9999,1.0E-4],"evs":[0.0,-2.04184]},"T5s":{"weight":0.0,"played":[0.9999,1.0E-4],"evs":[0.0,-1.754]},"T6s":{"weight":0.0,"played":[1.0,0.0],"evs":[0.0,-1.18414]},"T7s":{"weight":2.0E-4,"played":[0.9999,1.0E-4],"evs":[0.0,-0.74939]},"T8s":{"weight":0.976,"played":[0.9999,1.0E-4],"evs":[0.0,-0.4127]},"T9s":{"weight":1.0,"played":[0.5468,0.4532],"evs":[0.0,0.05823]},"TT":{"weight":0.0,"played":[0.0,1.0],"evs":[0.0,5.41685]},"JTo":{"weight":2.0E-4,"played":[1.0,0.0],"evs":[0.0,-0.57317]},"QTo":{"weight":0.9996,"played":[1.0,0.0],"evs":[0.0,-0.71143]},"KTo":{"weight":1.0,"played":[0.9999,1.0E-4],"evs":[0.0,-0.73553]},"ATo":{"weight":0.0,"played":[0.8827,0.1173],"evs":[0.0,-0.11364]},"J2s":{"weight":0.0,"played":[0.9999,1.0E-4],"evs":[0.0,-2.02099]},"J3s":{"weight":0.0,"played":[1.0,0.0],"evs":[0.0,-1.93944]},"J4s":{"weight":0.0,"played":[0.9999,1.0E-4],"evs":[0.0,-1.75011]},"J5s":{"weight":0.0,"played":[1.0,0.0],"evs":[0.0,-1.47402]},"J6s":{"weight":0.0,"played":[1.0,0.0],"evs":[0.0,-1.40232]},"J7s":{"weight":0.0,"played":[1.0,0.0],"evs":[0.0,-0.92472]},"J8s":{"weight":0.1701,"played":[1.0,0.0],"evs":[0.0,-0.67954]},"J9s":{"weight":1.0,"played":[0.997,0.003],"evs":[0.0,-0.14829]},"JTs":{"weight":1.0,"played":[0.0,1.0],"evs":[0.0,0.77706]},"JJ":{"weight":0.0,"played":[0.0,1.0],"evs":[0.0,7.16157]},"QJo":{"weight":1.0,"played":[0.9999,1.0E-4],"evs":[0.0,-0.39285]},"KJo":{"weight":0.3549,"played":[0.9995,5.0E-4],"evs":[0.0,-0.15695]},"AJo":{"weight":0.0,"played":[0.0,1.0],"evs":[0.0,1.10096]},"Q2s":{"weight":0.0,"played":[1.0,0.0],"evs":[0.0,-1.78002]},"Q3s":{"weight":0.0,"played":[1.0,0.0],"evs":[0.0,-1.85723]},"Q4s":{"weight":0.0,"played":[1.0,0.0],"evs":[0.0,-1.51577]},"Q5s":{"weight":0.0,"played":[0.9998,2.0E-4],"evs":[0.0,-1.41853]},"Q6s":{"weight":0.0,"played":[0.999,0.001],"evs":[0.0,-1.17767]},"Q7s":{"weight":1.0E-4,"played":[1.0,0.0],"evs":[0.0,-0.97132]},"Q8s":{"weight":1.0,"played":[0.9999,1.0E-4],"evs":[0.0,-0.97268]},"Q9s":{"weight":1.0,"played":[0.9999,1.0E-4],"evs":[0.0,-0.17018]},"QTs":{"weight":1.0,"played":[0.0,1.0],"evs":[0.0,0.45347]},"QJs":{"weight":1.0,"played":[0.0,1.0],"evs":[0.0,0.80674]},"QQ":{"weight":0.0,"played":[0.0,1.0],"evs":[0.0,9.17075]},"KQo":{"weight":0.0,"played":[2.0E-4,0.9998],"evs":[0.0,0.3067]},"AQo":{"weight":0.0,"played":[0.0,1.0],"evs":[0.0,2.71078]},"K2s":{"weight":0.0,"played":[1.0,0.0],"evs":[0.0,-1.38531]},"K3s":{"weight":0.0,"played":[0.9999,1.0E-4],"evs":[0.0,-1.32027]},"K4s":{"weight":0.0425,"played":[1.0,0.0],"evs":[0.0,-1.31042]},"K5s":{"weight":0.6841,"played":[1.0,0.0],"evs":[0.0,-0.87746]},"K6s":{"weight":1.0,"played":[1.0,0.0],"evs":[0.0,-0.60985]},"K7s":{"weight":0.9997,"played":[1.0,0.0],"evs":[0.0,-0.56156]},"K8s":{"weight":1.0,"played":[0.9998,2.0E-4],"evs":[0.0,-0.80628]},"K9s":{"weight":1.0,"played":[0.9942,0.0058],"evs":[0.0,-0.31816]},"KTs":{"weight":0.5973,"played":[0.0016,0.9984],"evs":[0.0,0.62387]},"KJs":{"weight":0.0,"played":[0.0,1.0],"evs":[0.0,0.79818]},"KQs":{"weight":0.0,"played":[0.0,1.0],"evs":[0.0,1.51049]},"KK":{"weight":0.0,"played":[0.0,1.0],"evs":[0.0,11.751]},"AKo":{"weight":0.0,"played":[0.0,1.0],"evs":[0.0,4.30806]},"A2s":{"weight":1.0,"played":[1.0,0.0],"evs":[0.0,-1.86267]},"A3s":{"weight":1.0,"played":[1.0,0.0],"evs":[0.0,-1.8041]},"A4s":{"weight":0.891,"played":[1.0,0.0],"evs":[0.0,-1.41275]},"A5s":{"weight":0.6441,"played":[1.0,0.0],"evs":[0.0,-1.37622]},"A6s":{"weight":0.1242,"played":[1.0,0.0],"evs":[0.0,-1.28985]},"A7s":{"weight":1.0E-4,"played":[1.0,0.0],"evs":[0.0,-1.07977]},"A8s":{"weight":0.0,"played":[0.9997,3.0E-4],"evs":[0.0,-0.97249]},"A9s":{"weight":0.0,"played":[0.9966,0.0034],"evs":[0.0,-0.17984]},"ATs":{"weight":0.0,"played":[0.0,1.0],"evs":[0.0,1.21868]},"AJs":{"weight":0.0,"played":[0.0,1.0],"evs":[0.0,2.55861]},"AQs":{"weight":0.0,"played":[0.0,1.0],"evs":[0.0,3.7884]},"AKs":{"weight":0.0,"played":[0.0,1.0],"evs":[0.0,5.26188]},"AA":{"weight":0.0,"played":[0.0,1.0],"evs":[0.0,16.57108]}}}