{"player":4,"street":0,"children":2,"sequence":[{"player":0,"type":"R","amount":200000,"street":0},{"player":1,"type":"F","amount":0,"street":0},{"player":2,"type":"F","amount":0,"street":0},{"player":3,"type":"C","amount":200000,"street":0},{"player":4,"type":"C","amount":150000,"street":0},{"player":5,"type":"R","amount":1875000,"street":0},{"player":0,"type":"C","amount":1675000,"street":0},{"player":3,"type":"F","amount":0,"street":0}],"actions":[{"type":"F","amount":0},{"type":"C","amount":1045000}],"hands":{"22":{"weight":0.9862,"played":[0.6061,0.3939],"evs":[0.0,3.10972]},"32o":{"weight":0.0,"played":[0.8003,0.1997],"evs":[0.0,-7.09277]},"42o":{"weight":0.0,"played":[0.5727,0.4273],"evs":[0.0,0.31068]},"52o":{"weight":0.0,"played":[0.9357,0.0643],"evs":[0.0,-2.64776]},"62o":{"weight":0.0,"played":[0.8917,0.1083],"evs":[0.0,-2.24304]},"72o":{"weight":0.0,"played":[0.1367,0.8633],"evs":[0.0,-1.57571]},"82o":{"weight":0.0,"played":[0.8994,0.1006],"evs":[0.0,0.72452]},"92o":{"weight":0.0,"played":[0.4753,0.5247],"evs":[0.0,-2.17587]},"T2o":{"weight":0.0,"played":[1.0,0.0],"evs":[0.0,-6.0604]},"J2o":{"weight":0.0,"played":[0.8586,0.1414],"evs":[0.0,-8.90066]},"Q2o":{"weight":0.0,"played":[0.6008,0.3992],"evs":[0.0,-4.64819]},"K2o":{"weight":0.0,"played":[0.5448,0.4552],"evs":[0.0,-3.69219]},"A2o":{"weight":0.9975,"played":[0.142,0.858],"evs":[0.0,5.40004]},"32s":{"weight":0.0,"played":[0.99,0.01],"evs":[0.0,-10.61836]},"33":{"weight":0.9904,"played":[0.1892,0.8108],"evs":[0.0,14.24324]},"43o":{"weight":0.0,"played":[0.9569,0.0431],"evs":[0.0,-10.15033]},"53o":{"weight":0.0,"played":[0.9687,0.0313],"evs":[0.0,-10.39274]},"63o":{"weight":0.0,"played":[0.7399,0.2601],"evs":[0.0,1.62974]},"73o":{"weight":0.0,"played":[0.9583,0.0417],"evs":[0.0,-5.9351]},"83o":{"weight":0.0,"played":[0.0492,0.9508],"evs":[0.0,5.12996]},"93o":{"weight":0.0,"played":[0.5093,0.4907],"evs":[0.0,2.05773]},"T3o":{"weight":0.0,"played":[1.0,0.0],"evs":[0.0,-9.677]},"J3o":{"weight":0.0,"played":[0.2624,0.7376],"evs":[0.0,2.18209]},"Q3o":{"weight":0.0,"played":[0.9997,3.0E-4],"evs":[0.0,-3.41389]},"K3o":{"weight":0.0,"played":[0.9777,0.0223],"evs":[0.0,-3.50181]},"A3o":{"weight":0.9896,"played":[0.4956,0.5044],"evs":[0.0,1.86869]},"42s":{"weight":0.0,"played":[0.3825,0.6175],"evs":[0.0,3.66237]},"43s":{"weight":0.0,"played":[0.1909,0.8091],"evs":[0.0,2.00068]},"44":{"weight":0.0089,"played":[0.5464,0.4536],"evs":[0.0,-3.64433]},"54o":{"weight":0.0,"played":[0.9646,0.0354],"evs":[0.0,-1.37563]},"64o":{"weight":0.0,"played":[0.8611,0.1389],"evs":[0.0,-7.55007]},"74o":{"weight":0.0,"played":[0.9008,0.0992],"evs":[0.0,-2.89254]},"84o":{"weight":0.0,"played":[0.6237,0.3763],"evs":[0.0,-5.21523]},"94o":{"weight":0.0,"played":[0.8113,0.1887],"evs":[0.0,-5.67584]},"T4o":{"weight":0.0,"played":[0.9841,0.0159],"evs":[0.0,-6.60167]},"J4o":{"weight":0.0,"played":[0.6819,0.3181],"evs":[0.0,-4.82696]},"Q4o":{"weight":0.0,"played":[0.3004,0.6996],"evs":[0.0,-0.99789]},"K4o":{"weight":0.0,"played":[0.5846,0.4154],"evs":[0.0,-0.55064]},"A4o":{"weight":0.9978,"played":[0.343,0.657],"evs":[0.0,-1.55297]},"52s":{"weight":0.0,"played":[0.9796,0.0204],"evs":[0.0,-3.53067]},"53s":{"weight":0.1723,"played":[0.4272,0.5728],"evs":[0.0,-4.62109]},"54s":{"weight":0.9862,"played":[0.0292,0.9708],"evs":[0.0,13.28273]},"55":{"weight":0.0016,"played":[0.5382,0.4618],"evs":[0.0,6.53122]},"65o":{"weight":0.0,"played":[0.6736,0.3264],"evs":[0.0,-2.66321]},"75o":{"weight":0.0,"played":[0.3589,0.6411],"evs":[0.0,3.99773]},"85o":{"weight":0.0,"played":[0.495,0.505],"evs":[0.0,-1.20758]},"95o":{"weight":0.0,"played":[0.1144,0.8856],"evs":[0.0,7.65664]},"T5o":{"weight":0.0,"played":[0.5876,0.4124],"evs":[0.0,-2.21813]},"J5o":{"weight":0.0,"played":[0.5858,0.4142],"evs":[0.0,-3.07793]},"Q5o":{"weight":0.0,"played":[0.8321,0.1679],"evs":[0.0,1.69585]},"K5o":{"weight":0.0,"played":[0.9848,0.0152],"evs":[0.0,-1.96386]},"A5o":{"weight":0.7727,"played":[0.9869,0.0131],"evs":[0.0,-1.77367]},"62s":{"weight":0.0,"played":[0.3736,0.6264],"evs":[0.0,4.08984]},"63s":{"weight":0.0,"played":[0.4517,0.5483],"evs":[0.0,-1.23321]},"64s":{"weight":0.0521,"played":[0.6139,0.3861],"evs":[0.0,-7.46491]},"65s":{"weight":0.986,"played":[0.8036,0.1964],"evs":[0.0,-1.36032]},"66":{"weight":9.0E-4,"played":[0.6078,0.3922],"evs":[0.0,4.647]},"76o":{"weight":0.0,"played":[0.805,0.195],"evs":[0.0,-0.70937]},"86o":{"weight":0.0,"played":[0.6085,0.3915],"evs":[0.0,-0.33287]},"96o":{"weight":0.0,"played":[0.5421,0.4579],"evs":[0.0,-1.86978]},"T6o":{"weight":0.0,"played":[1.0,0.0],"evs":[0.0,-7.32028]},"J6o":{"weight":0.0,"played":[0.5944,0.4056],"evs":[0.0,-1.19249]},"Q6o":{"weight":0.0,"played":[0.0022,0.9978],"evs":[0.0,-0.49161]},"K6o":{"weight":0.0,"played":[0.6314,0.3686],"evs":[0.0,-3.33378]},"A6o":{"weight":0.9992,"played":[0.9576,0.0424],"evs":[0.0,-3.34746]},"72s":{"weight":0.0,"played":[1.0,0.0],"evs":[0.0,28.91964]},"73s":{"weight":0.0,"played":[0.6308,0.3692],"evs":[0.0,-7.2434]},"74s":{"weight":0.0,"played":[0.9769,0.0231],"evs":[0.0,1.0969]},"75s":{"weight":0.7986,"played":[0.8768,0.1232],"evs":[0.0,-9.38317]},"76s":{"weight":0.9693,"played":[1.0,0.0],"evs":[0.0,-10.62739]},"77":{"weight":0.0,"played":[0.1589,0.8411],"evs":[0.0,-0.94936]},"87o":{"weight":0.0,"played":[0.2615,0.7385],"evs":[0.0,-0.79333]},"97o":{"weight":0.0,"played":[0.6752,0.3248],"evs":[0.0,-4.40114]},"T7o":{"weight":0.0,"played":[0.6082,0.3918],"evs":[0.0,-2.0616]},"J7o":{"weight":0.0,"played":[0.7296,0.2704],"evs":[0.0,-0.63869]},"Q7o":{"weight":0.0,"played":[0.959,0.041],"evs":[0.0,-10.17827]},"K7o":{"weight":0.0,"played":[0.9994,6.0E-4],"evs":[0.0,-2.83915]},"A7o":{"weight":0.0916,"played":[1.0,0.0],"evs":[0.0,-1.06747]},"82s":{"weight":0.0,"played":[1.0,0.0],"evs":[0.0,-5.5906]},"83s":{"weight":0.0,"played":[0.9031,0.0969],"evs":[0.0,-9.84866]},"84s":{"weight":0.0017,"played":[1.0,0.0],"evs":[0.0,-10.61858]},"85s":{"weight":0.1569,"played":[0.6048,0.3952],"evs":[0.0,1.84089]},"86s":{"weight":0.9762,"played":[0.0608,0.9392],"evs":[0.0,0.33404]},"87s":{"weight":0.9711,"played":[0.68,0.32],"evs":[0.0,3.88969]},"88":{"weight":0.0,"played":[0.712,0.288],"evs":[0.0,-0.95772]},"98o":{"weight":0.0,"played":[0.1788,0.8212],"evs":[0.0,1.82534]},"T8o":{"weight":0.0,"played":[0.9282,0.0718],"evs":[0.0,-7.01492]},"J8o":{"weight":0.0,"played":[0.9943,0.0057],"evs":[0.0,-3.81456]},"Q8o":{"weight":0.0,"played":[0.1201,0.8799],"evs":[0.0,4.56201]},"K8o":{"weight":0.0,"played":[0.3082,0.6918],"evs":[0.0,1.14915]},"A8o":{"weight":2.0E-4,"played":[0.2961,0.7039],"evs":[0.0,2.91014]},"92s":{"weight":0.0,"played":[0.6594,0.3406],"evs":[0.0,13.65051]},"93s":{"weight":0.0,"played":[0.6395,0.3605],"evs":[0.0,-2.65703]},"94s":{"weight":0.0,"played":[0.8371,0.1629],"evs":[0.0,-5.31406]},"95s":{"weight":0.0,"played":[1.0,0.0],"evs":[0.0,-10.61211]},"96s":{"weight":0.005,"played":[0.5186,0.4814],"evs":[0.0,-3.97659]},"97s":{"weight":0.7145,"played":[0.6765,0.3235],"evs":[0.0,-7.58948]},"98s":{"weight":0.9811,"played":[0.7267,0.2733],"evs":[0.0,-3.38445]},"99":{"weight":2.0E-4,"played":[0.0,1.0],"evs":[0.0,10.16242]},"T9o":{"weight":0.0,"played":[0.5501,0.4499],"evs":[0.0,-2.17977]},"J9o":{"weight":0.0,"played":[0.0648,0.9352],"evs":[0.0,5.95718]},"Q9o":{"weight":0.0,"played":[4.0E-4,0.9996],"evs":[0.0,1.94364]},"K9o":{"weight":0.8677,"played":[0.3705,0.6295],"evs":[0.0,-1.17779]},"A9o":{"weight":0.0,"played":[0.8793,0.1207],"evs":[0.0,-6.25191]},"T2s":{"weight":3.0E-4,"played":[0.0443,0.9557],"evs":[0.0,7.3645]},"T3s":{"weight":0.0,"played":[0.9321,0.0679],"evs":[0.0,-4.10833]},"T4s":{"weight":0.0,"played":[0.2015,0.7985],"evs":[0.0,28.68971]},"T5s":{"weight":1.0E-4,"played":[0.4933,0.5067],"evs":[0.0,20.8789]},"T6s":{"weight":3.0E-4,"played":[0.3224,0.6776],"evs":[0.0,2.14194]},"T7s":{"weight":1.0E-4,"played":[0.9561,0.0439],"evs":[0.0,-2.82601]},"T8s":{"weight":0.7633,"played":[0.3775,0.6225],"evs":[0.0,-1.34398]},"T9s":{"weight":0.9119,"played":[0.9864,0.0136],"evs":[0.0,-10.62694]},"TT":{"weight":0.0,"played":[0.445,0.555],"evs":[0.0,3.9183]},"JTo":{"weight":1.0E-4,"played":[0.1027,0.8973],"evs":[0.0,0.82459]},"QTo":{"weight":0.0,"played":[0.9419,0.0581],"evs":[0.0,0.58717]},"KTo":{"weight":0.9995,"played":[0.6547,0.3453],"evs":[0.0,1.80742]},"ATo":{"weight":0.0,"played":[0.0309,0.9691],"evs":[0.0,10.16869]},"J2s":{"weight":1.0E-4,"played":[0.4718,0.5282],"evs":[0.0,-4.21047]},"J3s":{"weight":0.0,"played":[0.2556,0.7444],"evs":[0.0,-4.43525]},"J4s":{"weight":0.0,"played":[0.9468,0.0532],"evs":[0.0,4.41424]},"J5s":{"weight":0.0,"played":[0.7838,0.2162],"evs":[0.0,-8.38087]},"J6s":{"weight":0.001,"played":[0.507,0.493],"evs":[0.0,9.27225]},"J7s":{"weight":0.0,"played":[0.4589,0.5411],"evs":[0.0,-5.06709]},"J8s":{"weight":0.0059,"played":[0.8802,0.1198],"evs":[0.0,-9.75252]},"J9s":{"weight":0.0016,"played":[0.3865,0.6135],"evs":[0.0,-0.703]},"JTs":{"weight":0.9999,"played":[0.6872,0.3128],"evs":[0.0,-3.31454]},"JJ":{"weight":0.0,"played":[0.7851,0.2149],"evs":[0.0,4.55243]},"QJo":{"weight":0.9998,"played":[0.344,0.656],"evs":[0.0,1.1689]},"KJo":{"weight":0.8611,"played":[0.0322,0.9678],"evs":[0.0,2.70944]},"AJo":{"weight":0.0,"played":[0.2389,0.7611],"evs":[0.0,2.38175]},"Q2s":{"weight":0.0,"played":[0.4159,0.5841],"evs":[0.0,21.10049]},"Q3s":{"weight":1.0E-4,"played":[0.8883,0.1117],"evs":[0.0,-10.62099]},"Q4s":{"weight":2.0E-4,"played":[0.3619,0.6381],"evs":[0.0,13.6788]},"Q5s":{"weight":4.0E-4,"played":[1.0,0.0],"evs":[0.0,-0.33478]},"Q6s":{"weight":0.0,"played":[0.1678,0.8322],"evs":[0.0,4.40615]},"Q7s":{"weight":0.0,"played":[0.3384,0.6616],"evs":[0.0,0.2809]},"Q8s":{"weight":0.097,"played":[0.2195,0.7805],"evs":[0.0,3.08199]},"Q9s":{"weight":0.9089,"played":[0.9002,0.0998],"evs":[0.0,-10.6216]},"QTs":{"weight":0.9997,"played":[0.5163,0.4837],"evs":[0.0,1.20182]},"QJs":{"weight":0.9988,"played":[0.0,1.0],"evs":[0.0,-0.64581]},"QQ":{"weight":0.0,"played":[0.0858,0.9142],"evs":[0.0,16.80677]},"KQo":{"weight":0.0,"played":[0.4598,0.5402],"evs":[0.0,3.70622]},"AQo":{"weight":0.0,"played":[0.4434,0.5566],"evs":[0.0,5.35812]},"K2s":{"weight":0.9967,"played":[0.45,0.55],"evs":[0.0,0.79181]},"K3s":{"weight":0.9945,"played":[0.5821,0.4179],"evs":[0.0,-1.24501]},"K4s":{"weight":0.9745,"played":[0.861,0.139],"evs":[0.0,-2.45018]},"K5s":{"weight":0.9968,"played":[0.5494,0.4506],"evs":[0.0,-4.14544]},"K6s":{"weight":0.9998,"played":[0.9368,0.0632],"evs":[0.0,-10.62864]},"K7s":{"weight":0.9997,"played":[0.5427,0.4573],"evs":[0.0,2.33115]},"K8s":{"weight":0.9996,"played":[0.9452,0.0548],"evs":[0.0,-10.6321]},"K9s":{"weight":0.9978,"played":[0.0475,0.9525],"evs":[0.0,1.38417]},"KTs":{"weight":0.8081,"played":[0.4351,0.5649],"evs":[0.0,7.84652]},"KJs":{"weight":0.0034,"played":[0.5861,0.4139],"evs":[0.0,1.4052]},"KQs":{"weight":0.0,"played":[0.0929,0.9071],"evs":[0.0,3.9945]},"KK":{"weight":0.0,"played":[0.0,1.0],"evs":[0.0,8.38935]},"AKo":{"weight":0.0,"played":[0.3667,0.6333],"evs":[0.0,12.33098]},"A2s":{"weight":0.0091,"played":[0.1725,0.8275],"evs":[0.0,9.0565]},"A3s":{"weight":0.0137,"played":[1.0,0.0],"evs":[0.0,-10.62142]},"A4s":{"weight":0.0012,"played":[0.2524,0.7476],"evs":[0.0,5.99217]},"A5s":{"weight":9.0E-4,"played":[0.2852,0.7148],"evs":[0.0,1.77522]},"A6s":{"weight":4.0E-4,"played":[0.4167,0.5833],"evs":[0.0,-5.36886]},"A7s":{"weight":0.003,"played":[0.7658,0.2342],"evs":[0.0,-8.26231]},"A8s":{"weight":0.0,"played":[0.4964,0.5036],"evs":[0.0,8.65331]},"A9s":{"weight":0.0,"played":[0.4704,0.5296],"evs":[0.0,2.62515]},"ATs":{"weight":0.0,"played":[0.2895,0.7105],"evs":[0.0,-4.63386]},"AJs":{"weight":0.0,"played":[0.2356,0.7644],"evs":[0.0,9.59575]},"AQs":{"weight":0.0,"played":[0.2412,0.7588],"evs":[0.0,2.56515]},"AKs":{"weight":0.0,"played":[0.2462,0.7538],"evs":[0.0,16.90189]},"AA":{"weight":0.0,"played":[0.3006,0.6994],"evs":[0.0,15.67116]}}}