{"player":3,"street":0,"children":2,"sequence":[{"player":0,"type":"R","amount":200000,"street":0},{"player":1,"type":"F","amount":0,"street":0},{"player":2,"type":"F","amount":0,"street":0},{"player":3,"type":"C","amount":200000,"street":0},{"player":4,"type":"R","amount":1245000,"street":0},{"player":5,"type":"R","amount":1875000,"street":0},{"player":0,"type":"F","amount":0,"street":0}],"actions":[{"type":"F","amount":0},{"type":"C","amount":405000}],"hands":{"22":{"weight":0.0,"played":[0.001,0.999],"evs":[0.0,1.00635]},"32o":{"weight":0.0,"played":[0.9989,0.0011],"evs":[0.0,-0.30323]},"42o":{"weight":0.0,"played":[1.0,0.0],"evs":[0.0,-0.35973]},"52o":{"weight":0.0,"played":[0.311,0.689],"evs":[0.0,-0.01531]},"62o":{"weight":0.0,"played":[0.7995,0.2005],"evs":[0.0,-0.03799]},"72o":{"weight":0.0,"played":[0.9964,0.0036],"evs":[0.0,-0.46525]},"82o":{"weight":0.0,"played":[1.0,0.0],"evs":[0.0,-0.23907]},"92o":{"weight":0.0,"played":[0.9868,0.0132],"evs":[0.0,-0.29757]},"T2o":{"weight":0.0,"played":[0.9999,1.0E-4],"evs":[0.0,-0.20542]},"J2o":{"weight":0.0,"played":[0.7871,0.2129],"evs":[0.0,-0.09464]},"Q2o":{"weight":0.0,"played":[0.9584,0.0416],"evs":[0.0,-0.22496]},"K2o":{"weight":0.0,"played":[0.0158,0.9842],"evs":[0.0,0.20392]},"A2o":{"weight":0.0,"played":[0.9985,0.0015],"evs":[0.0,-0.42921]},"32s":{"weight":0.0,"played":[0.0519,0.9481],"evs":[0.0,0.45015]},"33":{"weight":0.0,"played":[0.0,1.0],"evs":[0.0,1.39083]},"43o":{"weight":0.0,"played":[0.34,0.66],"evs":[0.0,-0.00369]},"53o":{"weight":0.0,"played":[0.0475,0.9525],"evs":[0.0,0.02643]},"63o":{"weight":0.0,"played":[0.0123,0.9877],"evs":[0.0,0.30198]},"73o":{"weight":0.0,"played":[0.9911,0.0089],"evs":[0.0,-0.20877]},"83o":{"weight":0.0,"played":[0.9951,0.0049],"evs":[0.0,-0.2316]},"93o":{"weight":0.0,"played":[0.6865,0.3135],"evs":[0.0,-0.08267]},"T3o":{"weight":0.0,"played":[0.9091,0.0909],"evs":[0.0,-0.08583]},"J3o":{"weight":0.0,"played":[0.5056,0.4944],"evs":[0.0,-0.03863]},"Q3o":{"weight":0.0,"played":[0.992,0.008],"evs":[0.0,-0.15759]},"K3o":{"weight":0.0,"played":[0.0185,0.9815],"evs":[0.0,0.05831]},"A3o":{"weight":0.0,"played":[0.9994,6.0E-4],"evs":[0.0,-0.54284]},"42s":{"weight":0.0,"played":[0.0399,0.9601],"evs":[0.0,0.91832]},"43s":{"weight":0.0,"played":[0.0,1.0],"evs":[0.0,0.8732]},"44":{"weight":0.0,"played":[0.0,1.0],"evs":[0.0,1.74111]},"54o":{"weight":0.0,"played":[5.0E-4,0.9995],"evs":[0.0,0.64001]},"64o":{"weight":0.0,"played":[0.0053,0.9947],"evs":[0.0,0.59639]},"74o":{"weight":0.0,"played":[0.008,0.992],"evs":[0.0,0.10938]},"84o":{"weight":0.0,"played":[0.5817,0.4183],"evs":[0.0,0.01263]},"94o":{"weight":0.0,"played":[0.3867,0.6133],"evs":[0.0,-0.10067]},"T4o":{"weight":0.0,"played":[0.8127,0.1873],"evs":[0.0,-0.11911]},"J4o":{"weight":0.0,"played":[0.0011,0.9989],"evs":[0.0,0.15971]},"Q4o":{"weight":0.0,"played":[0.3399,0.6601],"evs":[0.0,-0.1227]},"K4o":{"weight":0.0,"played":[9.0E-4,0.9991],"evs":[0.0,0.40928]},"A4o":{"weight":0.0,"played":[0.819,0.181],"evs":[0.0,-0.0994]},"52s":{"weight":0.0,"played":[0.0145,0.9855],"evs":[0.0,0.64894]},"53s":{"weight":0.0,"played":[1.0E-4,0.9999],"evs":[0.0,0.85139]},"54s":{"weight":0.0,"played":[0.0019,0.9981],"evs":[0.0,0.83652]},"55":{"weight":0.0,"played":[0.0,1.0],"evs":[0.0,2.1923]},"65o":{"weight":0.0,"played":[0.0,1.0],"evs":[0.0,0.76071]},"75o":{"weight":0.0,"played":[0.0029,0.9971],"evs":[0.0,0.67888]},"85o":{"weight":0.0,"played":[0.0067,0.9933],"evs":[0.0,0.43403]},"95o":{"weight":0.0,"played":[7.0E-4,0.9993],"evs":[0.0,0.2378]},"T5o":{"weight":0.0,"played":[0.115,0.885],"evs":[0.0,0.00933]},"J5o":{"weight":0.0,"played":[0.0299,0.9701],"evs":[0.0,0.09594]},"Q5o":{"weight":0.0,"played":[0.0,1.0],"evs":[0.0,0.1539]},"K5o":{"weight":0.0,"played":[9.0E-4,0.9991],"evs":[0.0,0.47635]},"A5o":{"weight":0.0,"played":[0.2197,0.7803],"evs":[0.0,0.20144]},"62s":{"weight":0.0,"played":[0.0,1.0],"evs":[0.0,0.48387]},"63s":{"weight":0.0,"played":[8.0E-4,0.9992],"evs":[0.0,0.94442]},"64s":{"weight":0.0,"played":[0.0021,0.9979],"evs":[0.0,1.10784]},"65s":{"weight":0.0,"played":[0.0,1.0],"evs":[0.0,1.81002]},"66":{"weight":0.0014,"played":[0.0,1.0],"evs":[0.0,2.46766]},"76o":{"weight":0.0,"played":[0.0,1.0],"evs":[0.0,1.15448]},"86o":{"weight":0.0,"played":[1.0E-4,0.9999],"evs":[0.0,0.66011]},"96o":{"weight":0.0,"played":[0.0058,0.9942],"evs":[0.0,0.6909]},"T6o":{"weight":0.0,"played":[0.0164,0.9836],"evs":[0.0,0.43993]},"J6o":{"weight":0.0,"played":[0.006,0.994],"evs":[0.0,0.32553]},"Q6o":{"weight":0.0,"played":[0.0121,0.9879],"evs":[0.0,0.45412]},"K6o":{"weight":0.0,"played":[2.0E-4,0.9998],"evs":[0.0,0.63662]},"A6o":{"weight":0.0,"played":[0.8974,0.1026],"evs":[0.0,-0.24724]},"72s":{"weight":0.0,"played":[0.0148,0.9852],"evs":[0.0,0.67778]},"73s":{"weight":0.0,"played":[0.0102,0.9898],"evs":[0.0,0.46593]},"74s":{"weight":0.0,"played":[2.0E-4,0.9998],"evs":[0.0,1.03687]},"75s":{"weight":0.0,"played":[0.0022,0.9978],"evs":[0.0,1.25051]},"76s":{"weight":0.0,"played":[0.0,1.0],"evs":[0.0,1.59533]},"77":{"weight":1.0E-4,"played":[0.0,1.0],"evs":[0.0,2.90761]},"87o":{"weight":0.0,"played":[8.0E-4,0.9992],"evs":[0.0,0.80891]},"97o":{"weight":0.0,"played":[0.0015,0.9985],"evs":[0.0,0.83302]},"T7o":{"weight":0.0,"played":[1.0E-4,0.9999],"evs":[0.0,0.49171]},"J7o":{"weight":0.0,"played":[1.0E-4,0.9999],"evs":[0.0,0.35398]},"Q7o":{"weight":0.0,"played":[0.0249,0.9751],"evs":[0.0,0.00787]},"K7o":{"weight":0.0,"played":[0.0,1.0],"evs":[0.0,0.62619]},"A7o":{"weight":0.0,"played":[0.1978,0.8022],"evs":[0.0,0.05801]},"82s":{"weight":0.0,"played":[0.1368,0.8632],"evs":[0.0,0.52738]},"83s":{"weight":0.0,"played":[0.0425,0.9575],"evs":[0.0,0.2701]},"84s":{"weight":0.0,"played":[0.0011,0.9989],"evs":[0.0,0.61551]},"85s":{"weight":0.0,"played":[5.0E-4,0.9995],"evs":[0.0,0.80201]},"86s":{"weight":0.0,"played":[4.0E-4,0.9996],"evs":[0.0,1.47063]},"87s":{"weight":0.0,"played":[2.0E-4,0.9998],"evs":[0.0,1.53178]},"88":{"weight":6.0E-4,"played":[0.0,1.0],"evs":[0.0,3.24717]},"98o":{"weight":0.0,"played":[7.0E-4,0.9993],"evs":[0.0,0.95181]},"T8o":{"weight":0.0,"played":[2.0E-4,0.9998],"evs":[0.0,0.72436]},"J8o":{"weight":0.0,"played":[0.001,0.999],"evs":[0.0,0.76796]},"Q8o":{"weight":0.0,"played":[0.0017,0.9983],"evs":[0.0,0.61101]},"K8o":{"weight":0.0,"played":[0.0,1.0],"evs":[0.0,0.72913]},"A8o":{"weight":0.0,"played":[1.0E-4,0.9999],"evs":[0.0,0.30942]},"92s":{"weight":0.0,"played":[0.0063,0.9937],"evs":[0.0,0.42211]},"93s":{"weight":0.0,"played":[0.0262,0.9738],"evs":[0.0,0.71564]},"94s":{"weight":0.0,"played":[6.0E-4,0.9994],"evs":[0.0,0.50889]},"95s":{"weight":0.0,"played":[3.0E-4,0.9997],"evs":[0.0,1.18458]},"96s":{"weight":0.0,"played":[2.0E-4,0.9998],"evs":[0.0,1.48766]},"97s":{"weight":0.0,"played":[3.0E-4,0.9997],"evs":[0.0,1.63305]},"98s":{"weight":2.0E-4,"played":[0.0,1.0],"evs":[0.0,1.66628]},"99":{"weight":5.0E-4,"played":[0.0,1.0],"evs":[0.0,3.92874]},"T9o":{"weight":0.0,"played":[1.0E-4,0.9999],"evs":[0.0,1.34641]},"J9o":{"weight":0.0,"played":[0.0,1.0],"evs":[0.0,1.28311]},"Q9o":{"weight":0.0,"played":[2.0E-4,0.9998],"evs":[0.0,1.1397]},"K9o":{"weight":0.0,"played":[4.0E-4,0.9996],"evs":[0.0,1.02316]},"A9o":{"weight":0.0,"played":[1.0E-4,0.9999],"evs":[0.0,0.81549]},"T2s":{"weight":0.0,"played":[0.0052,0.9948],"evs":[0.0,0.51444]},"T3s":{"weight":0.0,"played":[0.0024,0.9976],"evs":[0.0,0.51341]},"T4s":{"weight":0.0,"played":[2.0E-4,0.9998],"evs":[0.0,0.68813]},"T5s":{"weight":0.0,"played":[5.0E-4,0.9995],"evs":[0.0,0.81674]},"T6s":{"weight":0.0,"played":[0.0,1.0],"evs":[0.0,1.60211]},"T7s":{"weight":0.0,"played":[4.0E-4,0.9996],"evs":[0.0,1.23339]},"T8s":{"weight":0.0,"played":[0.0,1.0],"evs":[0.0,1.47066]},"T9s":{"weight":0.9993,"played":[0.0,1.0],"evs":[0.0,2.08014]},"TT":{"weight":1.0E-4,"played":[0.0,1.0],"evs":[0.0,4.71858]},"JTo":{"weight":0.0,"played":[0.0,1.0],"evs":[0.0,1.27793]},"QTo":{"weight":0.0,"played":[0.0,1.0],"evs":[0.0,1.38936]},"KTo":{"weight":0.0012,"played":[0.0,1.0],"evs":[0.0,1.32468]},"ATo":{"weight":0.0,"played":[0.0,1.0],"evs":[0.0,1.00121]},"J2s":{"weight":0.0,"played":[1.0E-4,0.9999],"evs":[0.0,0.67582]},"J3s":{"weight":0.0,"played":[0.0137,0.9863],"evs":[0.0,0.74881]},"J4s":{"weight":0.0,"played":[0.0029,0.9971],"evs":[0.0,0.77773]},"J5s":{"weight":0.0,"played":[0.0028,0.9972],"evs":[0.0,1.13725]},"J6s":{"weight":0.0,"played":[0.0034,0.9966],"evs":[0.0,0.95894]},"J7s":{"weight":0.0,"played":[1.0E-4,0.9999],"evs":[0.0,0.93976]},"J8s":{"weight":0.0,"played":[0.0,1.0],"evs":[0.0,1.72771]},"J9s":{"weight":0.996,"played":[0.0,1.0],"evs":[0.0,2.07653]},"JTs":{"weight":1.0,"played":[0.0,1.0],"evs":[0.0,2.11373]},"JJ":{"weight":0.0,"played":[0.0,1.0],"evs":[0.0,5.93294]},"QJo":{"weight":0.9753,"played":[0.0,1.0],"evs":[0.0,1.58989]},"KJo":{"weight":1.0E-4,"played":[0.0,1.0],"evs":[0.0,1.49634]},"AJo":{"weight":0.0,"played":[0.0,1.0],"evs":[0.0,1.74303]},"Q2s":{"weight":0.0,"played":[1.0E-4,0.9999],"evs":[0.0,0.58809]},"Q3s":{"weight":0.0,"played":[7.0E-4,0.9993],"evs":[0.0,0.68448]},"Q4s":{"weight":0.0,"played":[0.0054,0.9946],"evs":[0.0,1.07229]},"Q5s":{"weight":0.0,"played":[0.0018,0.9982],"evs":[0.0,0.95006]},"Q6s":{"weight":0.0,"played":[0.0,1.0],"evs":[0.0,1.24983]},"Q7s":{"weight":0.0,"played":[0.0012,0.9988],"evs":[0.0,0.99084]},"Q8s":{"weight":0.0,"played":[2.0E-4,0.9998],"evs":[0.0,1.45293]},"Q9s":{"weight":0.9976,"played":[0.0,1.0],"evs":[0.0,1.77267]},"QTs":{"weight":1.0,"played":[0.0,1.0],"evs":[0.0,2.19996]},"QJs":{"weight":1.0,"played":[0.0,1.0],"evs":[0.0,2.12778]},"QQ":{"weight":0.0,"played":[0.0,1.0],"evs":[0.0,7.35634]},"KQo":{"weight":0.0,"played":[0.0,1.0],"evs":[0.0,1.71776]},"AQo":{"weight":0.0,"played":[0.0,1.0],"evs":[0.0,2.65108]},"K2s":{"weight":0.0,"played":[0.0,1.0],"evs":[0.0,0.70699]},"K3s":{"weight":0.0,"played":[0.0077,0.9923],"evs":[0.0,1.47514]},"K4s":{"weight":0.0,"played":[3.0E-4,0.9997],"evs":[0.0,1.04779]},"K5s":{"weight":0.0,"played":[3.0E-4,0.9997],"evs":[0.0,1.43257]},"K6s":{"weight":0.0,"played":[5.0E-4,0.9995],"evs":[0.0,1.30114]},"K7s":{"weight":0.0,"played":[3.0E-4,0.9997],"evs":[0.0,1.67822]},"K8s":{"weight":0.0897,"played":[0.0015,0.9985],"evs":[0.0,1.48568]},"K9s":{"weight":1.0,"played":[0.0,1.0],"evs":[0.0,1.74129]},"KTs":{"weight":1.0,"played":[0.0,1.0],"evs":[0.0,1.97778]},"KJs":{"weight":6.0E-4,"played":[0.0,1.0],"evs":[0.0,2.2147]},"KQs":{"weight":0.0,"played":[1.0E-4,0.9999],"evs":[0.0,2.97955]},"KK":{"weight":0.0,"played":[0.0,1.0],"evs":[0.0,8.88718]},"AKo":{"weight":0.0,"played":[0.0,1.0],"evs":[0.0,3.45242]},"A2s":{"weight":0.0,"played":[1.0E-4,0.9999],"evs":[0.0,0.60911]},"A3s":{"weight":0.0027,"played":[0.0061,0.9939],"evs":[0.0,0.84089]},"A4s":{"weight":0.0573,"played":[4.0E-4,0.9996],"evs":[0.0,0.96659]},"A5s":{"weight":0.04,"played":[0.0,1.0],"evs":[0.0,0.94991]},"A6s":{"weight":0.0,"played":[2.0E-4,0.9998],"evs":[0.0,0.84104]},"A7s":{"weight":4.0E-4,"played":[1.0E-4,0.9999],"evs":[0.0,1.10399]},"A8s":{"weight":1.0E-4,"played":[9.0E-4,0.9991],"evs":[0.0,0.90524]},"A9s":{"weight":0.0,"played":[0.0026,0.9974],"evs":[0.0,1.80594]},"ATs":{"weight":0.0,"played":[0.0,1.0],"evs":[0.0,2.03211]},"AJs":{"weight":0.0,"played":[0.0,1.0],"evs":[0.0,2.32764]},"AQs":{"weight":1.0E-4,"played":[0.0,1.0],"evs":[0.0,3.43468]},"AKs":{"weight":0.0,"played":[0.0,1.0],"evs":[0.0,4.4546]},"AA":{"weight":0.305,"played":[0.0,1.0],"evs":[0.0,10.98585]}}}