{"player":5,"street":0,"children":2,"sequence":[{"player":0,"type":"R","amount":200000,"street":0},{"player":1,"type":"F","amount":0,"street":0},{"player":2,"type":"F","amount":0,"street":0},{"player":3,"type":"R","amount":605000,"street":0},{"player":4,"type":"F","amount":0,"street":0}],"actions":[{"type":"F","amount":0,"node":232},{"type":"R","amount":1875000,"node":233}],"hands":{"22":{"weight":1.0,"played":[1.0,0.0],"evs":[0.0,-0.77845]},"32o":{"weight":1.0,"played":[1.0,0.0],"evs":[0.0,-5.70584]},"42o":{"weight":1.0,"played":[1.0,0.0],"evs":[0.0,-5.39024]},"52o":{"weight":1.0,"played":[1.0,0.0],"evs":[0.0,-5.1777]},"62o":{"weight":1.0,"played":[1.0,0.0],"evs":[0.0,-5.4812]},"72o":{"weight":1.0,"played":[1.0,0.0],"evs":[0.0,-6.03676]},"82o":{"weight":1.0,"played":[1.0,0.0],"evs":[0.0,-5.79971]},"92o":{"weight":1.0,"played":[1.0,0.0],"evs":[0.0,-5.60429]},"T2o":{"weight":1.0,"played":[1.0,0.0],"evs":[0.0,-5.46975]},"J2o":{"weight":1.0,"played":[1.0,0.0],"evs":[0.0,-5.10272]},"Q2o":{"weight":1.0,"played":[1.0,0.0],"evs":[0.0,-4.45701]},"K2o":{"weight":1.0,"played":[1.0,0.0],"evs":[0.0,-3.70404]},"A2o":{"weight":1.0,"played":[1.0,0.0],"evs":[0.0,-2.29008]},"32s":{"weight":1.0,"played":[1.0,0.0],"evs":[0.0,-4.14562]},"33":{"weight":1.0,"played":[0.9998,2.0E-4],"evs":[0.0,-0.166]},"43o":{"weight":1.0,"played":[1.0,0.0],"evs":[0.0,-4.67507]},"53o":{"weight":1.0,"played":[1.0,0.0],"evs":[0.0,-4.45147]},"63o":{"weight":1.0,"played":[1.0,0.0],"evs":[0.0,-4.80726]},"73o":{"weight":1.0,"played":[1.0,0.0],"evs":[0.0,-5.37016]},"83o":{"weight":1.0,"played":[1.0,0.0],"evs":[0.0,-5.68807]},"93o":{"weight":1.0,"played":[1.0,0.0],"evs":[0.0,-5.37716]},"T3o":{"weight":1.0,"played":[1.0,0.0],"evs":[0.0,-5.2976]},"J3o":{"weight":1.0,"played":[1.0,0.0],"evs":[0.0,-4.88804]},"Q3o":{"weight":1.0,"played":[1.0,0.0],"evs":[0.0,-4.19336]},"K3o":{"weight":1.0,"played":[1.0,0.0],"evs":[0.0,-3.45346]},"A3o":{"weight":1.0,"played":[1.0,0.0],"evs":[0.0,-2.07573]},"42s":{"weight":1.0,"played":[1.0,0.0],"evs":[0.0,-3.80785]},"43s":{"weight":1.0,"played":[1.0,0.0],"evs":[0.0,-3.24572]},"44":{"weight":1.0,"played":[0.0,1.0],"evs":[0.0,0.72383]},"54o":{"weight":1.0,"played":[1.0,0.0],"evs":[0.0,-3.73945]},"64o":{"weight":1.0,"played":[1.0,0.0],"evs":[0.0,-4.05238]},"74o":{"weight":1.0,"played":[1.0,0.0],"evs":[0.0,-4.61453]},"84o":{"weight":1.0,"played":[1.0,0.0],"evs":[0.0,-4.91896]},"94o":{"weight":1.0,"played":[1.0,0.0],"evs":[0.0,-5.15681]},"T4o":{"weight":1.0,"played":[1.0,0.0],"evs":[0.0,-5.0044]},"J4o":{"weight":1.0,"played":[1.0,0.0],"evs":[0.0,-4.5066]},"Q4o":{"weight":1.0,"played":[1.0,0.0],"evs":[0.0,-3.87421]},"K4o":{"weight":1.0,"played":[1.0,0.0],"evs":[0.0,-3.14882]},"A4o":{"weight":1.0,"played":[1.0,0.0],"evs":[0.0,-1.76681]},"52s":{"weight":1.0,"played":[1.0,0.0],"evs":[0.0,-3.49706]},"53s":{"weight":1.0,"played":[1.0,0.0],"evs":[0.0,-2.91712]},"54s":{"weight":1.0,"played":[1.0,0.0],"evs":[0.0,-2.25276]},"55":{"weight":1.0,"played":[0.0,1.0],"evs":[0.0,1.41287]},"65o":{"weight":1.0,"played":[1.0,0.0],"evs":[0.0,-3.44367]},"75o":{"weight":1.0,"played":[1.0,0.0],"evs":[0.0,-3.92788]},"85o":{"weight":1.0,"played":[1.0,0.0],"evs":[0.0,-4.2558]},"95o":{"weight":1.0,"played":[1.0,0.0],"evs":[0.0,-4.47362]},"T5o":{"weight":1.0,"played":[1.0,0.0],"evs":[0.0,-4.87542]},"J5o":{"weight":1.0,"played":[1.0,0.0],"evs":[0.0,-4.37181]},"Q5o":{"weight":1.0,"played":[1.0,0.0],"evs":[0.0,-3.681]},"K5o":{"weight":1.0,"played":[1.0,0.0],"evs":[0.0,-2.91741]},"A5o":{"weight":1.0,"played":[1.0,0.0],"evs":[0.0,-1.38232]},"62s":{"weight":1.0,"played":[1.0,0.0],"evs":[0.0,-3.91574]},"63s":{"weight":1.0,"played":[1.0,0.0],"evs":[0.0,-3.25943]},"64s":{"weight":1.0,"played":[1.0,0.0],"evs":[0.0,-2.59739]},"65s":{"weight":1.0,"played":[1.0,0.0],"evs":[0.0,-2.03857]},"66":{"weight":1.0,"played":[0.0,1.0],"evs":[0.0,2.18828]},"76o":{"weight":1.0,"played":[1.0,0.0],"evs":[0.0,-3.3473]},"86o":{"weight":1.0,"played":[1.0,0.0],"evs":[0.0,-3.58417]},"96o":{"weight":1.0,"played":[1.0,0.0],"evs":[0.0,-3.81191]},"T6o":{"weight":1.0,"played":[1.0,0.0],"evs":[0.0,-4.19178]},"J6o":{"weight":1.0,"played":[1.0,0.0],"evs":[0.0,-4.18867]},"Q6o":{"weight":1.0,"played":[1.0,0.0],"evs":[0.0,-3.43245]},"K6o":{"weight":1.0,"played":[1.0,0.0],"evs":[0.0,-2.68889]},"A6o":{"weight":1.0,"played":[1.0,0.0],"evs":[0.0,-1.63808]},"72s":{"weight":1.0,"played":[1.0,0.0],"evs":[0.0,-4.49841]},"73s":{"weight":1.0,"played":[1.0,0.0],"evs":[0.0,-3.79542]},"74s":{"weight":1.0,"played":[1.0,0.0],"evs":[0.0,-3.02581]},"75s":{"weight":1.0,"played":[1.0,0.0],"evs":[0.0,-2.36784]},"76s":{"weight":1.0,"played":[1.0,0.0],"evs":[0.0,-1.81456]},"77":{"weight":1.0,"played":[0.0,1.0],"evs":[0.0,2.79991]},"87o":{"weight":1.0,"played":[1.0,0.0],"evs":[0.0,-3.19011]},"97o":{"weight":1.0,"played":[1.0,0.0],"evs":[0.0,-3.45169]},"T7o":{"weight":1.0,"played":[1.0,0.0],"evs":[0.0,-3.73924]},"J7o":{"weight":1.0,"played":[1.0,0.0],"evs":[0.0,-3.76997]},"Q7o":{"weight":1.0,"played":[1.0,0.0],"evs":[0.0,-3.54363]},"K7o":{"weight":1.0,"played":[1.0,0.0],"evs":[0.0,-2.617]},"A7o":{"weight":1.0,"played":[1.0,0.0],"evs":[0.0,-1.24508]},"82s":{"weight":1.0,"played":[1.0,0.0],"evs":[0.0,-4.23569]},"83s":{"weight":1.0,"played":[1.0,0.0],"evs":[0.0,-4.10175]},"84s":{"weight":1.0,"played":[1.0,0.0],"evs":[0.0,-3.45661]},"85s":{"weight":1.0,"played":[1.0,0.0],"evs":[0.0,-2.80887]},"86s":{"weight":1.0,"played":[1.0,0.0],"evs":[0.0,-2.15522]},"87s":{"weight":1.0,"played":[1.0,0.0],"evs":[0.0,-1.69333]},"88":{"weight":1.0,"played":[0.0,1.0],"evs":[0.0,3.93854]},"98o":{"weight":1.0,"played":[1.0,0.0],"evs":[0.0,-2.92021]},"T8o":{"weight":1.0,"played":[1.0,0.0],"evs":[0.0,-3.13244]},"J8o":{"weight":1.0,"played":[1.0,0.0],"evs":[0.0,-3.17257]},"Q8o":{"weight":1.0,"played":[1.0,0.0],"evs":[0.0,-2.92104]},"K8o":{"weight":1.0,"played":[1.0,0.0],"evs":[0.0,-2.42496]},"A8o":{"weight":1.0,"played":[1.0,0.0],"evs":[0.0,-0.55259]},"92s":{"weight":1.0,"played":[1.0,0.0],"evs":[0.0,-3.98619]},"93s":{"weight":1.0,"played":[1.0,0.0],"evs":[0.0,-3.78833]},"94s":{"weight":1.0,"played":[1.0,0.0],"evs":[0.0,-3.58861]},"95s":{"weight":1.0,"played":[1.0,0.0],"evs":[0.0,-2.98283]},"96s":{"weight":1.0,"played":[1.0,0.0],"evs":[0.0,-2.3332]},"97s":{"weight":1.0,"played":[1.0,0.0],"evs":[0.0,-1.97387]},"98s":{"weight":1.0,"played":[1.0,0.0],"evs":[0.0,-1.54619]},"99":{"weight":1.0,"played":[0.0,1.0],"evs":[0.0,5.24091]},"T9o":{"weight":1.0,"played":[1.0,0.0],"evs":[0.0,-2.46157]},"J9o":{"weight":1.0,"played":[1.0,0.0],"evs":[0.0,-2.45808]},"Q9o":{"weight":1.0,"played":[1.0,0.0],"evs":[0.0,-2.24504]},"K9o":{"weight":1.0,"played":[1.0,0.0],"evs":[0.0,-1.71558]},"A9o":{"weight":1.0,"played":[0.0035,0.9965],"evs":[0.0,0.1708]},"T2s":{"weight":1.0,"played":[1.0,0.0],"evs":[0.0,-3.91917]},"T3s":{"weight":1.0,"played":[1.0,0.0],"evs":[0.0,-3.60422]},"T4s":{"weight":1.0,"played":[1.0,0.0],"evs":[0.0,-3.45078]},"T5s":{"weight":1.0,"played":[1.0,0.0],"evs":[0.0,-3.25058]},"T6s":{"weight":1.0,"played":[1.0,0.0],"evs":[0.0,-2.73796]},"T7s":{"weight":1.0,"played":[1.0,0.0],"evs":[0.0,-2.29544]},"T8s":{"weight":1.0,"played":[1.0,0.0],"evs":[0.0,-1.7265]},"T9s":{"weight":1.0,"played":[1.0,0.0],"evs":[0.0,-1.02972]},"TT":{"weight":1.0,"played":[0.0,1.0],"evs":[0.0,7.08712]},"JTo":{"weight":1.0,"played":[1.0,0.0],"evs":[0.0,-1.68362]},"QTo":{"weight":1.0,"played":[1.0,0.0],"evs":[0.0,-1.1972]},"KTo":{"weight":1.0,"played":[1.0,0.0],"evs":[0.0,-0.55533]},"ATo":{"weight":1.0,"played":[0.0,1.0],"evs":[0.0,1.90788]},"J2s":{"weight":1.0,"played":[1.0,0.0],"evs":[0.0,-3.44596]},"J3s":{"weight":1.0,"played":[1.0,0.0],"evs":[0.0,-3.27187]},"J4s":{"weight":1.0,"played":[1.0,0.0],"evs":[0.0,-2.95622]},"J5s":{"weight":1.0,"played":[1.0,0.0],"evs":[0.0,-2.82468]},"J6s":{"weight":1.0,"played":[1.0,0.0],"evs":[0.0,-2.63637]},"J7s":{"weight":1.0,"played":[1.0,0.0],"evs":[0.0,-2.32802]},"J8s":{"weight":1.0,"played":[1.0,0.0],"evs":[0.0,-1.60268]},"J9s":{"weight":1.0,"played":[1.0,0.0],"evs":[0.0,-1.11177]},"JTs":{"weight":1.0,"played":[1.0,0.0],"evs":[0.0,-0.30805]},"JJ":{"weight":1.0,"played":[0.0,1.0],"evs":[0.0,9.14637]},"QJo":{"weight":1.0,"played":[1.0,0.0],"evs":[0.0,-0.46929]},"KJo":{"weight":1.0,"played":[0.0,1.0],"evs":[0.0,0.28066]},"AJo":{"weight":1.0,"played":[0.0,1.0],"evs":[0.0,3.25498]},"Q2s":{"weight":1.0,"played":[1.0,0.0],"evs":[0.0,-2.87712]},"Q3s":{"weight":1.0,"played":[1.0,0.0],"evs":[0.0,-2.60355]},"Q4s":{"weight":1.0,"played":[1.0,0.0],"evs":[0.0,-2.3642]},"Q5s":{"weight":1.0,"played":[1.0,0.0],"evs":[0.0,-2.14069]},"Q6s":{"weight":1.0,"played":[1.0,0.0],"evs":[0.0,-1.84626]},"Q7s":{"weight":1.0,"played":[1.0,0.0],"evs":[0.0,-2.08712]},"Q8s":{"weight":1.0,"played":[1.0,0.0],"evs":[0.0,-1.37345]},"Q9s":{"weight":1.0,"played":[1.0,0.0],"evs":[0.0,-0.78148]},"QTs":{"weight":1.0,"played":[0.3962,0.6038],"evs":[0.0,0.18557]},"QJs":{"weight":1.0,"played":[0.0,1.0],"evs":[0.0,0.77547]},"QQ":{"weight":1.0,"played":[0.0,1.0],"evs":[0.0,11.27078]},"KQo":{"weight":1.0,"played":[0.0,1.0],"evs":[0.0,1.43975]},"AQo":{"weight":1.0,"played":[0.0,1.0],"evs":[0.0,4.61408]},"K2s":{"weight":1.0,"played":[1.0,0.0],"evs":[0.0,-2.08722]},"K3s":{"weight":1.0,"played":[1.0,0.0],"evs":[0.0,-1.97455]},"K4s":{"weight":1.0,"played":[1.0,0.0],"evs":[0.0,-1.62231]},"K5s":{"weight":1.0,"played":[1.0,0.0],"evs":[0.0,-1.50101]},"K6s":{"weight":1.0,"played":[1.0,0.0],"evs":[0.0,-1.1664]},"K7s":{"weight":1.0,"played":[1.0,0.0],"evs":[0.0,-1.1174]},"K8s":{"weight":1.0,"played":[1.0,0.0],"evs":[0.0,-0.88138]},"K9s":{"weight":1.0,"played":[0.9999,1.0E-4],"evs":[0.0,-0.32805]},"KTs":{"weight":1.0,"played":[1.0E-4,0.9999],"evs":[0.0,0.7305]},"KJs":{"weight":1.0,"played":[0.0,1.0],"evs":[0.0,1.64289]},"KQs":{"weight":1.0,"played":[0.0,1.0],"evs":[0.0,2.68652]},"KK":{"weight":1.0,"played":[0.0,1.0],"evs":[0.0,13.73417]},"AKo":{"weight":1.0,"played":[0.0,1.0],"evs":[0.0,5.99103]},"A2s":{"weight":1.0,"played":[1.0,0.0],"evs":[0.0,-0.68266]},"A3s":{"weight":1.0,"played":[0.9999,1.0E-4],"evs":[0.0,-0.5052]},"A4s":{"weight":1.0,"played":[0.9996,4.0E-4],"evs":[0.0,-0.23807]},"A5s":{"weight":1.0,"played":[0.0261,0.9739],"evs":[0.0,0.07381]},"A6s":{"weight":1.0,"played":[0.9898,0.0102],"evs":[0.0,-0.07234]},"A7s":{"weight":1.0,"played":[0.0209,0.9791],"evs":[0.0,0.32124]},"A8s":{"weight":1.0,"played":[0.0,1.0],"evs":[0.0,0.80272]},"A9s":{"weight":1.0,"played":[0.0,1.0],"evs":[0.0,1.55149]},"ATs":{"weight":1.0,"played":[0.0,1.0],"evs":[0.0,3.15995]},"AJs":{"weight":1.0,"played":[0.0,1.0],"evs":[0.0,4.51422]},"AQs":{"weight":1.0,"played":[0.0,1.0],"evs":[0.0,5.72408]},"AKs":{"weight":1.0,"played":[0.0,1.0],"evs":[0.0,6.83519]},"AA":{"weight":1.0,"played":[0.0,1.0],"evs":[0.0,17.63949]}}}