{"player":5,"street":0,"children":2,"sequence":[{"player":0,"type":"R","amount":200000,"street":0},{"player":1,"type":"F","amount":0,"street":0},{"player":2,"type":"C","amount":200000,"street":0},{"player":3,"type":"F","amount":0,"street":0},{"player":4,"type":"R","amount":1245000,"street":0}],"actions":[{"type":"F","amount":0,"node":252},{"type":"R","amount":1875000,"node":255}],"hands":{"22":{"weight":1.0,"played":[0.9914,0.0086],"evs":[0.0,-0.46984]},"32o":{"weight":1.0,"played":[1.0,0.0],"evs":[0.0,-5.6741]},"42o":{"weight":1.0,"played":[1.0,0.0],"evs":[0.0,-5.09487]},"52o":{"weight":1.0,"played":[1.0,0.0],"evs":[0.0,-4.4698]},"62o":{"weight":1.0,"played":[1.0,0.0],"evs":[0.0,-5.1395]},"72o":{"weight":1.0,"played":[1.0,0.0],"evs":[0.0,-5.76363]},"82o":{"weight":1.0,"played":[1.0,0.0],"evs":[0.0,-5.49384]},"92o":{"weight":1.0,"played":[1.0,0.0],"evs":[0.0,-5.93148]},"T2o":{"weight":1.0,"played":[1.0,0.0],"evs":[0.0,-6.85834]},"J2o":{"weight":1.0,"played":[1.0,0.0],"evs":[0.0,-6.18384]},"Q2o":{"weight":1.0,"played":[1.0,0.0],"evs":[0.0,-5.69045]},"K2o":{"weight":1.0,"played":[1.0,0.0],"evs":[0.0,-4.3522]},"A2o":{"weight":1.0,"played":[1.0,0.0],"evs":[0.0,-3.45905]},"32s":{"weight":1.0,"played":[1.0,0.0],"evs":[0.0,-4.52446]},"33":{"weight":1.0,"played":[0.694,0.306],"evs":[0.0,-0.5029]},"43o":{"weight":1.0,"played":[1.0,0.0],"evs":[0.0,-3.85955]},"53o":{"weight":1.0,"played":[1.0,0.0],"evs":[0.0,-4.0707]},"63o":{"weight":1.0,"played":[1.0,0.0],"evs":[0.0,-4.77748]},"73o":{"weight":1.0,"played":[1.0,0.0],"evs":[0.0,-5.16892]},"83o":{"weight":1.0,"played":[1.0,0.0],"evs":[0.0,-5.3347]},"93o":{"weight":1.0,"played":[1.0,0.0],"evs":[0.0,-5.34841]},"T3o":{"weight":1.0,"played":[1.0,0.0],"evs":[0.0,-6.55557]},"J3o":{"weight":1.0,"played":[1.0,0.0],"evs":[0.0,-6.15185]},"Q3o":{"weight":1.0,"played":[1.0,0.0],"evs":[0.0,-5.07534]},"K3o":{"weight":1.0,"played":[1.0,0.0],"evs":[0.0,-4.20053]},"A3o":{"weight":1.0,"played":[1.0,0.0],"evs":[0.0,-3.03959]},"42s":{"weight":1.0,"played":[0.9998,2.0E-4],"evs":[0.0,-3.46187]},"43s":{"weight":1.0,"played":[0.9986,0.0014],"evs":[0.0,-3.30537]},"44":{"weight":1.0,"played":[0.3433,0.6567],"evs":[0.0,0.6779]},"54o":{"weight":1.0,"played":[1.0,0.0],"evs":[0.0,-3.34193]},"64o":{"weight":1.0,"played":[1.0,0.0],"evs":[0.0,-3.35784]},"74o":{"weight":1.0,"played":[1.0,0.0],"evs":[0.0,-4.24789]},"84o":{"weight":1.0,"played":[1.0,0.0],"evs":[0.0,-4.55461]},"94o":{"weight":1.0,"played":[1.0,0.0],"evs":[0.0,-5.33962]},"T4o":{"weight":1.0,"played":[1.0,0.0],"evs":[0.0,-6.12369]},"J4o":{"weight":1.0,"played":[1.0,0.0],"evs":[0.0,-6.00424]},"Q4o":{"weight":1.0,"played":[1.0,0.0],"evs":[0.0,-5.01384]},"K4o":{"weight":1.0,"played":[1.0,0.0],"evs":[0.0,-3.7992]},"A4o":{"weight":1.0,"played":[1.0,0.0],"evs":[0.0,-2.23743]},"52s":{"weight":1.0,"played":[1.0,0.0],"evs":[0.0,-2.46128]},"53s":{"weight":1.0,"played":[0.9995,5.0E-4],"evs":[0.0,-1.70253]},"54s":{"weight":1.0,"played":[0.9673,0.0327],"evs":[0.0,-1.73415]},"55":{"weight":1.0,"played":[0.1,0.9],"evs":[0.0,1.23772]},"65o":{"weight":1.0,"played":[1.0,0.0],"evs":[0.0,-3.00553]},"75o":{"weight":1.0,"played":[1.0,0.0],"evs":[0.0,-3.71317]},"85o":{"weight":1.0,"played":[1.0,0.0],"evs":[0.0,-4.02541]},"95o":{"weight":1.0,"played":[1.0,0.0],"evs":[0.0,-4.6887]},"T5o":{"weight":1.0,"played":[1.0,0.0],"evs":[0.0,-6.40986]},"J5o":{"weight":1.0,"played":[1.0,0.0],"evs":[0.0,-5.9591]},"Q5o":{"weight":1.0,"played":[1.0,0.0],"evs":[0.0,-5.31215]},"K5o":{"weight":1.0,"played":[1.0,0.0],"evs":[0.0,-3.47314]},"A5o":{"weight":1.0,"played":[0.9994,6.0E-4],"evs":[0.0,-2.68848]},"62s":{"weight":1.0,"played":[1.0,0.0],"evs":[0.0,-3.44064]},"63s":{"weight":1.0,"played":[0.9995,5.0E-4],"evs":[0.0,-1.92996]},"64s":{"weight":1.0,"played":[1.0,0.0],"evs":[0.0,-1.76421]},"65s":{"weight":1.0,"played":[0.9958,0.0042],"evs":[0.0,-0.89217]},"66":{"weight":1.0,"played":[0.0021,0.9979],"evs":[0.0,2.69904]},"76o":{"weight":1.0,"played":[1.0,0.0],"evs":[0.0,-2.72381]},"86o":{"weight":1.0,"played":[1.0,0.0],"evs":[0.0,-2.89905]},"96o":{"weight":1.0,"played":[1.0,0.0],"evs":[0.0,-3.76105]},"T6o":{"weight":1.0,"played":[1.0,0.0],"evs":[0.0,-5.24806]},"J6o":{"weight":1.0,"played":[1.0,0.0],"evs":[0.0,-5.14824]},"Q6o":{"weight":1.0,"played":[1.0,0.0],"evs":[0.0,-4.54376]},"K6o":{"weight":1.0,"played":[1.0,0.0],"evs":[0.0,-3.21705]},"A6o":{"weight":1.0,"played":[0.9997,3.0E-4],"evs":[0.0,-3.09067]},"72s":{"weight":1.0,"played":[0.9996,4.0E-4],"evs":[0.0,-4.14712]},"73s":{"weight":1.0,"played":[0.9998,2.0E-4],"evs":[0.0,-2.94175]},"74s":{"weight":1.0,"played":[0.9998,2.0E-4],"evs":[0.0,-2.13071]},"75s":{"weight":1.0,"played":[0.9911,0.0089],"evs":[0.0,-1.45232]},"76s":{"weight":1.0,"played":[0.9999,1.0E-4],"evs":[0.0,-1.29369]},"77":{"weight":1.0,"played":[2.0E-4,0.9998],"evs":[0.0,3.05855]},"87o":{"weight":1.0,"played":[1.0,0.0],"evs":[0.0,-2.53821]},"97o":{"weight":1.0,"played":[0.9999,1.0E-4],"evs":[0.0,-2.7715]},"T7o":{"weight":1.0,"played":[0.9999,1.0E-4],"evs":[0.0,-4.44372]},"J7o":{"weight":1.0,"played":[1.0,0.0],"evs":[0.0,-4.72631]},"Q7o":{"weight":1.0,"played":[0.9999,1.0E-4],"evs":[0.0,-4.37015]},"K7o":{"weight":1.0,"played":[0.9998,2.0E-4],"evs":[0.0,-3.68457]},"A7o":{"weight":1.0,"played":[0.9999,1.0E-4],"evs":[0.0,-2.49794]},"82s":{"weight":1.0,"played":[1.0,0.0],"evs":[0.0,-4.27471]},"83s":{"weight":1.0,"played":[0.9996,4.0E-4],"evs":[0.0,-3.45357]},"84s":{"weight":1.0,"played":[0.9997,3.0E-4],"evs":[0.0,-2.47424]},"85s":{"weight":1.0,"played":[1.0,0.0],"evs":[0.0,-1.25124]},"86s":{"weight":1.0,"played":[0.9685,0.0315],"evs":[0.0,-0.8501]},"87s":{"weight":1.0,"played":[0.9967,0.0033],"evs":[0.0,-0.59435]},"88":{"weight":1.0,"played":[3.0E-4,0.9997],"evs":[0.0,3.89145]},"98o":{"weight":1.0,"played":[0.9998,2.0E-4],"evs":[0.0,-2.72724]},"T8o":{"weight":1.0,"played":[1.0,0.0],"evs":[0.0,-3.99236]},"J8o":{"weight":1.0,"played":[1.0,0.0],"evs":[0.0,-4.19574]},"Q8o":{"weight":1.0,"played":[1.0,0.0],"evs":[0.0,-3.84184]},"K8o":{"weight":1.0,"played":[0.9999,1.0E-4],"evs":[0.0,-3.06197]},"A8o":{"weight":1.0,"played":[1.0,0.0],"evs":[0.0,-1.81246]},"92s":{"weight":1.0,"played":[1.0,0.0],"evs":[0.0,-3.71159]},"93s":{"weight":1.0,"played":[1.0,0.0],"evs":[0.0,-4.22351]},"94s":{"weight":1.0,"played":[0.9999,1.0E-4],"evs":[0.0,-2.97035]},"95s":{"weight":1.0,"played":[0.9991,9.0E-4],"evs":[0.0,-1.95063]},"96s":{"weight":1.0,"played":[0.8736,0.1264],"evs":[0.0,-0.94853]},"97s":{"weight":1.0,"played":[0.9009,0.0991],"evs":[0.0,-1.5105]},"98s":{"weight":1.0,"played":[0.9997,3.0E-4],"evs":[0.0,-0.89478]},"99":{"weight":1.0,"played":[0.0,1.0],"evs":[0.0,5.20836]},"T9o":{"weight":1.0,"played":[1.0,0.0],"evs":[0.0,-2.80552]},"J9o":{"weight":1.0,"played":[1.0,0.0],"evs":[0.0,-2.9351]},"Q9o":{"weight":1.0,"played":[1.0,0.0],"evs":[0.0,-3.28986]},"K9o":{"weight":1.0,"played":[1.0,0.0],"evs":[0.0,-2.55021]},"A9o":{"weight":1.0,"played":[0.9931,0.0069],"evs":[0.0,-1.51017]},"T2s":{"weight":1.0,"played":[0.9996,4.0E-4],"evs":[0.0,-4.08724]},"T3s":{"weight":1.0,"played":[1.0,0.0],"evs":[0.0,-4.04872]},"T4s":{"weight":1.0,"played":[1.0,0.0],"evs":[0.0,-3.97665]},"T5s":{"weight":1.0,"played":[0.9999,1.0E-4],"evs":[0.0,-5.01057]},"T6s":{"weight":1.0,"played":[0.9999,1.0E-4],"evs":[0.0,-1.84405]},"T7s":{"weight":1.0,"played":[0.9766,0.0234],"evs":[0.0,-2.0535]},"T8s":{"weight":1.0,"played":[0.9993,7.0E-4],"evs":[0.0,-1.69426]},"T9s":{"weight":1.0,"played":[0.9966,0.0034],"evs":[0.0,-1.07328]},"TT":{"weight":1.0,"played":[0.0,1.0],"evs":[0.0,6.05048]},"JTo":{"weight":1.0,"played":[0.9992,8.0E-4],"evs":[0.0,-2.94637]},"QTo":{"weight":1.0,"played":[0.9997,3.0E-4],"evs":[0.0,-2.48426]},"KTo":{"weight":1.0,"played":[0.9999,1.0E-4],"evs":[0.0,-1.59692]},"ATo":{"weight":1.0,"played":[0.0181,0.9819],"evs":[0.0,0.08945]},"J2s":{"weight":1.0,"played":[0.9999,1.0E-4],"evs":[0.0,-3.62742]},"J3s":{"weight":1.0,"played":[0.9998,2.0E-4],"evs":[0.0,-3.69277]},"J4s":{"weight":1.0,"played":[1.0,0.0],"evs":[0.0,-3.04654]},"J5s":{"weight":1.0,"played":[1.0,0.0],"evs":[0.0,-3.42921]},"J6s":{"weight":1.0,"played":[0.9997,3.0E-4],"evs":[0.0,-3.81238]},"J7s":{"weight":1.0,"played":[0.9999,1.0E-4],"evs":[0.0,-2.95425]},"J8s":{"weight":1.0,"played":[1.0,0.0],"evs":[0.0,-2.13936]},"J9s":{"weight":1.0,"played":[0.9889,0.0111],"evs":[0.0,-1.49252]},"JTs":{"weight":1.0,"played":[0.9998,2.0E-4],"evs":[0.0,-1.31628]},"JJ":{"weight":1.0,"played":[0.0,1.0],"evs":[0.0,9.60533]},"QJo":{"weight":1.0,"played":[0.9999,1.0E-4],"evs":[0.0,-2.13974]},"KJo":{"weight":1.0,"played":[0.9987,0.0013],"evs":[0.0,-0.59632]},"AJo":{"weight":1.0,"played":[1.0E-4,0.9999],"evs":[0.0,1.94775]},"Q2s":{"weight":1.0,"played":[1.0,0.0],"evs":[0.0,-2.93342]},"Q3s":{"weight":1.0,"played":[0.999,0.001],"evs":[0.0,-2.7245]},"Q4s":{"weight":1.0,"played":[0.9985,0.0015],"evs":[0.0,-3.33131]},"Q5s":{"weight":1.0,"played":[0.9988,0.0012],"evs":[0.0,-2.76087]},"Q6s":{"weight":1.0,"played":[0.999,0.001],"evs":[0.0,-2.2819]},"Q7s":{"weight":1.0,"played":[0.9996,4.0E-4],"evs":[0.0,-1.70231]},"Q8s":{"weight":1.0,"played":[0.9903,0.0097],"evs":[0.0,-1.33808]},"Q9s":{"weight":1.0,"played":[0.9999,1.0E-4],"evs":[0.0,-1.41591]},"QTs":{"weight":1.0,"played":[0.9555,0.0445],"evs":[0.0,-1.90128]},"QJs":{"weight":1.0,"played":[0.2214,0.7786],"evs":[0.0,0.03241]},"QQ":{"weight":1.0,"played":[0.0,1.0],"evs":[0.0,13.70534]},"KQo":{"weight":1.0,"played":[0.0045,0.9955],"evs":[0.0,0.72204]},"AQo":{"weight":1.0,"played":[0.0,1.0],"evs":[0.0,3.34208]},"K2s":{"weight":1.0,"played":[1.0,0.0],"evs":[0.0,-1.86019]},"K3s":{"weight":1.0,"played":[0.9999,1.0E-4],"evs":[0.0,-2.40926]},"K4s":{"weight":1.0,"played":[0.9997,3.0E-4],"evs":[0.0,-1.59056]},"K5s":{"weight":1.0,"played":[0.9961,0.0039],"evs":[0.0,-1.77303]},"K6s":{"weight":1.0,"played":[1.0,0.0],"evs":[0.0,-0.45278]},"K7s":{"weight":1.0,"played":[0.9864,0.0136],"evs":[0.0,-1.35111]},"K8s":{"weight":1.0,"played":[0.9992,8.0E-4],"evs":[0.0,-1.38374]},"K9s":{"weight":1.0,"played":[0.9892,0.0108],"evs":[0.0,-0.27771]},"KTs":{"weight":1.0,"played":[0.326,0.674],"evs":[0.0,0.31408]},"KJs":{"weight":1.0,"played":[0.0199,0.9801],"evs":[0.0,1.20542]},"KQs":{"weight":1.0,"played":[1.0E-4,0.9999],"evs":[0.0,2.08819]},"KK":{"weight":1.0,"played":[0.0,1.0],"evs":[0.0,16.95541]},"AKo":{"weight":1.0,"played":[0.0,1.0],"evs":[0.0,6.18773]},"A2s":{"weight":1.0,"played":[0.9968,0.0032],"evs":[0.0,-0.15118]},"A3s":{"weight":1.0,"played":[0.986,0.014],"evs":[0.0,-0.89505]},"A4s":{"weight":1.0,"played":[0.7777,0.2223],"evs":[0.0,-0.75236]},"A5s":{"weight":1.0,"played":[0.7082,0.2918],"evs":[0.0,-0.43584]},"A6s":{"weight":1.0,"played":[0.9953,0.0047],"evs":[0.0,-0.98373]},"A7s":{"weight":1.0,"played":[0.1792,0.8208],"evs":[0.0,0.97204]},"A8s":{"weight":1.0,"played":[0.1365,0.8635],"evs":[0.0,0.70489]},"A9s":{"weight":1.0,"played":[0.0224,0.9776],"evs":[0.0,0.96809]},"ATs":{"weight":1.0,"played":[0.001,0.999],"evs":[0.0,2.26459]},"AJs":{"weight":1.0,"played":[1.0E-4,0.9999],"evs":[0.0,3.36896]},"AQs":{"weight":1.0,"played":[0.0,1.0],"evs":[0.0,6.21029]},"AKs":{"weight":1.0,"played":[0.0,1.0],"evs":[0.0,8.09429]},"AA":{"weight":1.0,"played":[0.0,1.0],"evs":[0.0,24.29782]}}}