{"player":2,"street":0,"children":2,"sequence":[{"player":0,"type":"F","amount":0,"street":0},{"player":1,"type":"F","amount":0,"street":0},{"player":2,"type":"R","amount":200000,"street":0},{"player":3,"type":"F","amount":0,"street":0},{"player":4,"type":"R","amount":1245000,"street":0},{"player":5,"type":"F","amount":0,"street":0}],"actions":[{"type":"F","amount":0},{"type":"C","amount":995000}],"hands":{"22":{"weight":0.0311,"played":[0.0,1.0],"evs":[0.0,1.0825]},"32o":{"weight":0.0,"played":[1.0,0.0],"evs":[0.0,-3.14135]},"42o":{"weight":0.0,"played":[1.0,0.0],"evs":[0.0,-2.9409]},"52o":{"weight":0.0,"played":[1.0,0.0],"evs":[0.0,-2.75466]},"62o":{"weight":0.0,"played":[1.0,0.0],"evs":[0.0,-3.01841]},"72o":{"weight":0.0,"played":[1.0,0.0],"evs":[0.0,-3.13394]},"82o":{"weight":0.0,"played":[1.0,0.0],"evs":[0.0,-2.8901]},"92o":{"weight":0.0,"played":[1.0,0.0],"evs":[0.0,-2.82416]},"T2o":{"weight":0.0,"played":[1.0,0.0],"evs":[0.0,-2.56526]},"J2o":{"weight":0.0,"played":[1.0,0.0],"evs":[0.0,-2.46342]},"Q2o":{"weight":0.0,"played":[1.0,0.0],"evs":[0.0,-2.25295]},"K2o":{"weight":0.0,"played":[1.0,0.0],"evs":[0.0,-1.66501]},"A2o":{"weight":0.0603,"played":[0.9969,0.0031],"evs":[0.0,-0.0408]},"32s":{"weight":0.0,"played":[1.0,0.0],"evs":[0.0,-2.12214]},"33":{"weight":0.0,"played":[0.0,1.0],"evs":[0.0,1.42115]},"43o":{"weight":0.0,"played":[1.0,0.0],"evs":[0.0,-2.60328]},"53o":{"weight":0.0,"played":[1.0,0.0],"evs":[0.0,-2.43709]},"63o":{"weight":0.0,"played":[1.0,0.0],"evs":[0.0,-2.6911]},"73o":{"weight":0.0,"played":[1.0,0.0],"evs":[0.0,-2.7798]},"83o":{"weight":0.0,"played":[1.0,0.0],"evs":[0.0,-2.87072]},"93o":{"weight":0.0,"played":[1.0,0.0],"evs":[0.0,-2.789]},"T3o":{"weight":0.0,"played":[1.0,0.0],"evs":[0.0,-2.46895]},"J3o":{"weight":0.0,"played":[1.0,0.0],"evs":[0.0,-2.41797]},"Q3o":{"weight":0.0,"played":[1.0,0.0],"evs":[0.0,-2.19592]},"K3o":{"weight":0.0,"played":[1.0,0.0],"evs":[0.0,-1.57279]},"A3o":{"weight":1.0E-4,"played":[2.0E-4,0.9998],"evs":[0.0,0.09727]},"42s":{"weight":0.0,"played":[1.0,0.0],"evs":[0.0,-1.96608]},"43s":{"weight":0.0,"played":[1.0,0.0],"evs":[0.0,-1.67476]},"44":{"weight":0.0227,"played":[0.0,1.0],"evs":[0.0,1.99195]},"54o":{"weight":0.0,"played":[1.0,0.0],"evs":[0.0,-1.97209]},"64o":{"weight":0.0,"played":[1.0,0.0],"evs":[0.0,-2.22393]},"74o":{"weight":0.0,"played":[1.0,0.0],"evs":[0.0,-2.37282]},"84o":{"weight":0.0,"played":[1.0,0.0],"evs":[0.0,-2.46373]},"94o":{"weight":0.0,"played":[1.0,0.0],"evs":[0.0,-2.67812]},"T4o":{"weight":0.0,"played":[1.0,0.0],"evs":[0.0,-2.33326]},"J4o":{"weight":0.0,"played":[1.0,0.0],"evs":[0.0,-2.25075]},"Q4o":{"weight":0.0,"played":[1.0,0.0],"evs":[0.0,-2.04753]},"K4o":{"weight":0.0,"played":[1.0,0.0],"evs":[0.0,-1.46442]},"A4o":{"weight":0.0,"played":[0.0,1.0],"evs":[0.0,0.27768]},"52s":{"weight":0.0,"played":[1.0,0.0],"evs":[0.0,-1.71919]},"53s":{"weight":0.0,"played":[1.0,0.0],"evs":[0.0,-1.46263]},"54s":{"weight":0.0,"played":[1.0,0.0],"evs":[0.0,-1.09585]},"55":{"weight":0.0041,"played":[0.0,1.0],"evs":[0.0,2.55891]},"65o":{"weight":0.0,"played":[1.0,0.0],"evs":[0.0,-1.76484]},"75o":{"weight":0.0,"played":[1.0,0.0],"evs":[0.0,-1.91518]},"85o":{"weight":0.0,"played":[1.0,0.0],"evs":[0.0,-1.95385]},"95o":{"weight":0.0,"played":[1.0,0.0],"evs":[0.0,-2.21204]},"T5o":{"weight":0.0,"played":[1.0,0.0],"evs":[0.0,-2.20315]},"J5o":{"weight":0.0,"played":[1.0,0.0],"evs":[0.0,-2.05056]},"Q5o":{"weight":0.0,"played":[1.0,0.0],"evs":[0.0,-1.83704]},"K5o":{"weight":0.0,"played":[1.0,0.0],"evs":[0.0,-1.27707]},"A5o":{"weight":0.0,"played":[0.0,1.0],"evs":[0.0,0.57968]},"62s":{"weight":0.0,"played":[1.0,0.0],"evs":[0.0,-2.0067]},"63s":{"weight":0.0,"played":[1.0,0.0],"evs":[0.0,-1.72027]},"64s":{"weight":0.0,"played":[1.0,0.0],"evs":[0.0,-1.29143]},"65s":{"weight":0.0,"played":[1.0,0.0],"evs":[0.0,-0.86524]},"66":{"weight":0.0,"played":[0.0,1.0],"evs":[0.0,3.03126]},"76o":{"weight":0.0,"played":[1.0,0.0],"evs":[0.0,-1.51269]},"86o":{"weight":0.0,"played":[1.0,0.0],"evs":[0.0,-1.58287]},"96o":{"weight":0.0,"played":[1.0,0.0],"evs":[0.0,-1.77981]},"T6o":{"weight":0.0,"played":[1.0,0.0],"evs":[0.0,-1.79803]},"J6o":{"weight":0.0,"played":[1.0,0.0],"evs":[0.0,-1.98133]},"Q6o":{"weight":0.0,"played":[1.0,0.0],"evs":[0.0,-1.69772]},"K6o":{"weight":0.0,"played":[1.0,0.0],"evs":[0.0,-1.09906]},"A6o":{"weight":0.0014,"played":[0.0,1.0],"evs":[0.0,0.69913]},"72s":{"weight":0.0,"played":[1.0,0.0],"evs":[0.0,-2.11855]},"73s":{"weight":0.0,"played":[1.0,0.0],"evs":[0.0,-1.83507]},"74s":{"weight":0.0,"played":[1.0,0.0],"evs":[0.0,-1.39216]},"75s":{"weight":0.0,"played":[1.0,0.0],"evs":[0.0,-1.02296]},"76s":{"weight":0.0,"played":[1.0,0.0],"evs":[0.0,-0.60706]},"77":{"weight":2.0E-4,"played":[0.0,1.0],"evs":[0.0,3.60982]},"87o":{"weight":0.0,"played":[1.0,0.0],"evs":[0.0,-1.2047]},"97o":{"weight":0.0,"played":[1.0,0.0],"evs":[0.0,-1.38743]},"T7o":{"weight":0.0,"played":[1.0,0.0],"evs":[0.0,-1.40056]},"J7o":{"weight":0.0,"played":[1.0,0.0],"evs":[0.0,-1.57743]},"Q7o":{"weight":0.0,"played":[1.0,0.0],"evs":[0.0,-1.60532]},"K7o":{"weight":0.0,"played":[1.0,0.0],"evs":[0.0,-0.95727]},"A7o":{"weight":0.0,"played":[0.0,1.0],"evs":[0.0,1.30809]},"82s":{"weight":0.0,"played":[1.0,0.0],"evs":[0.0,-1.89051]},"83s":{"weight":0.0,"played":[1.0,0.0],"evs":[0.0,-1.91827]},"84s":{"weight":0.0,"played":[1.0,0.0],"evs":[0.0,-1.48665]},"85s":{"weight":0.0,"played":[1.0,0.0],"evs":[0.0,-1.11696]},"86s":{"weight":0.0,"played":[1.0,0.0],"evs":[0.0,-0.72552]},"87s":{"weight":0.0,"played":[0.9998,2.0E-4],"evs":[0.0,-0.30228]},"88":{"weight":0.0023,"played":[0.0,1.0],"evs":[0.0,4.20753]},"98o":{"weight":0.0,"played":[1.0,0.0],"evs":[0.0,-0.97271]},"T8o":{"weight":0.0,"played":[1.0,0.0],"evs":[0.0,-0.9449]},"J8o":{"weight":0.0,"played":[1.0,0.0],"evs":[0.0,-1.1388]},"Q8o":{"weight":0.0,"played":[1.0,0.0],"evs":[0.0,-1.15962]},"K8o":{"weight":0.0,"played":[1.0,0.0],"evs":[0.0,-0.79287]},"A8o":{"weight":0.0,"played":[0.0,1.0],"evs":[0.0,1.98693]},"92s":{"weight":0.0,"played":[1.0,0.0],"evs":[0.0,-1.86674]},"93s":{"weight":0.0,"played":[1.0,0.0],"evs":[0.0,-1.81474]},"94s":{"weight":0.0,"played":[1.0,0.0],"evs":[0.0,-1.73703]},"95s":{"weight":0.0,"played":[1.0,0.0],"evs":[0.0,-1.24705]},"96s":{"weight":0.0,"played":[1.0,0.0],"evs":[0.0,-0.92046]},"97s":{"weight":0.0,"played":[1.0,0.0],"evs":[0.0,-0.48607]},"98s":{"weight":0.0597,"played":[0.9986,0.0014],"evs":[0.0,-0.0725]},"99":{"weight":0.071,"played":[0.0,1.0],"evs":[0.0,4.84798]},"T9o":{"weight":0.0,"played":[1.0,0.0],"evs":[0.0,-0.62613]},"J9o":{"weight":0.0,"played":[1.0,0.0],"evs":[0.0,-0.77668]},"Q9o":{"weight":0.0,"played":[1.0,0.0],"evs":[0.0,-0.7444]},"K9o":{"weight":0.0011,"played":[1.0,0.0],"evs":[0.0,-0.37674]},"A9o":{"weight":0.0207,"played":[0.0,1.0],"evs":[0.0,2.74432]},"T2s":{"weight":0.0,"played":[1.0,0.0],"evs":[0.0,-1.5649]},"T3s":{"weight":0.0,"played":[1.0,0.0],"evs":[0.0,-1.52985]},"T4s":{"weight":0.0,"played":[1.0,0.0],"evs":[0.0,-1.396]},"T5s":{"weight":0.0,"played":[1.0,0.0],"evs":[0.0,-1.27804]},"T6s":{"weight":0.0,"played":[1.0,0.0],"evs":[0.0,-0.89579]},"T7s":{"weight":0.0,"played":[1.0,0.0],"evs":[0.0,-0.49684]},"T8s":{"weight":0.1566,"played":[1.0,0.0],"evs":[0.0,-0.1176]},"T9s":{"weight":5.0E-4,"played":[0.0,1.0],"evs":[0.0,0.23076]},"TT":{"weight":0.0278,"played":[0.0,1.0],"evs":[0.0,5.86471]},"JTo":{"weight":0.1224,"played":[0.9981,0.0019],"evs":[0.0,-0.0506]},"QTo":{"weight":0.0015,"played":[0.7365,0.2635],"evs":[0.0,0.0105]},"KTo":{"weight":0.0,"played":[0.001,0.999],"evs":[0.0,0.38684]},"ATo":{"weight":0.0,"played":[0.0,1.0],"evs":[0.0,3.91971]},"J2s":{"weight":0.0,"played":[1.0,0.0],"evs":[0.0,-1.51239]},"J3s":{"weight":0.0,"played":[1.0,0.0],"evs":[0.0,-1.47385]},"J4s":{"weight":0.0,"played":[1.0,0.0],"evs":[0.0,-1.31178]},"J5s":{"weight":0.0,"played":[1.0,0.0],"evs":[0.0,-1.08677]},"J6s":{"weight":0.0,"played":[1.0,0.0],"evs":[0.0,-1.07475]},"J7s":{"weight":0.0,"played":[1.0,0.0],"evs":[0.0,-0.72359]},"J8s":{"weight":0.0029,"played":[0.9999,1.0E-4],"evs":[0.0,-0.25563]},"J9s":{"weight":0.0,"played":[0.0059,0.9941],"evs":[0.0,0.11243]},"JTs":{"weight":0.031,"played":[0.0,1.0],"evs":[0.0,0.73159]},"JJ":{"weight":0.0,"played":[0.0,1.0],"evs":[0.0,6.61337]},"QJo":{"weight":0.0,"played":[0.0,1.0],"evs":[0.0,0.30352]},"KJo":{"weight":0.0,"played":[0.0,1.0],"evs":[0.0,0.68383]},"AJo":{"weight":0.0,"played":[0.0,1.0],"evs":[0.0,4.83608]},"Q2s":{"weight":0.0,"played":[1.0,0.0],"evs":[0.0,-1.29742]},"Q3s":{"weight":0.0,"played":[1.0,0.0],"evs":[0.0,-1.24658]},"Q4s":{"weight":0.0,"played":[1.0,0.0],"evs":[0.0,-1.08101]},"Q5s":{"weight":0.0,"played":[1.0,0.0],"evs":[0.0,-0.88446]},"Q6s":{"weight":0.0,"played":[1.0,0.0],"evs":[0.0,-0.73778]},"Q7s":{"weight":0.0,"played":[1.0,0.0],"evs":[0.0,-0.68434]},"Q8s":{"weight":0.0609,"played":[1.0,0.0],"evs":[0.0,-0.28167]},"Q9s":{"weight":5.0E-4,"played":[0.0,1.0],"evs":[0.0,0.10501]},"QTs":{"weight":0.0062,"played":[0.0,1.0],"evs":[0.0,0.78599]},"QJs":{"weight":0.0,"played":[0.0,1.0],"evs":[0.0,1.06336]},"QQ":{"weight":1.0E-4,"played":[0.0,1.0],"evs":[0.0,7.5972]},"KQo":{"weight":0.0,"played":[0.0,1.0],"evs":[0.0,1.15476]},"AQo":{"weight":0.0,"played":[0.0,1.0],"evs":[0.0,5.75284]},"K2s":{"weight":0.0,"played":[1.0,0.0],"evs":[0.0,-0.69905]},"K3s":{"weight":0.0,"played":[1.0,0.0],"evs":[0.0,-0.65518]},"K4s":{"weight":0.0,"played":[1.0,0.0],"evs":[0.0,-0.54201]},"K5s":{"weight":0.0064,"played":[1.0,0.0],"evs":[0.0,-0.38875]},"K6s":{"weight":0.1797,"played":[0.9999,1.0E-4],"evs":[0.0,-0.19275]},"K7s":{"weight":0.0039,"played":[0.929,0.071],"evs":[0.0,-0.04978]},"K8s":{"weight":0.0,"played":[0.0905,0.9095],"evs":[0.0,0.07282]},"K9s":{"weight":0.0296,"played":[0.0,1.0],"evs":[0.0,0.46272]},"KTs":{"weight":0.0,"played":[0.0,1.0],"evs":[0.0,1.18879]},"KJs":{"weight":0.0,"played":[0.0,1.0],"evs":[0.0,1.4641]},"KQs":{"weight":0.0,"played":[0.0,1.0],"evs":[0.0,1.8991]},"KK":{"weight":2.0E-4,"played":[0.0,1.0],"evs":[0.0,8.5271]},"AKo":{"weight":1.0E-4,"played":[0.0,1.0],"evs":[0.0,6.56072]},"A2s":{"weight":0.0,"played":[0.0,1.0],"evs":[0.0,0.75878]},"A3s":{"weight":0.0,"played":[0.0,1.0],"evs":[0.0,0.91768]},"A4s":{"weight":0.0,"played":[0.0,1.0],"evs":[0.0,1.11513]},"A5s":{"weight":0.0,"played":[0.0,1.0],"evs":[0.0,1.4041]},"A6s":{"weight":0.0,"played":[0.0,1.0],"evs":[0.0,1.50027]},"A7s":{"weight":0.0,"played":[0.0,1.0],"evs":[0.0,2.00216]},"A8s":{"weight":0.0,"played":[0.0,1.0],"evs":[0.0,2.66378]},"A9s":{"weight":3.0E-4,"played":[0.0,1.0],"evs":[0.0,3.41718]},"ATs":{"weight":0.0,"played":[0.0,1.0],"evs":[0.0,4.48451]},"AJs":{"weight":0.0,"played":[0.0,1.0],"evs":[0.0,5.4017]},"AQs":{"weight":0.0516,"played":[0.0,1.0],"evs":[0.0,6.21713]},"AKs":{"weight":0.0169,"played":[0.0,1.0],"evs":[0.0,6.97216]},"AA":{"weight":0.2669,"played":[0.0,1.0],"evs":[0.0,12.15592]}}}