{"player":0,"street":0,"children":2,"sequence":[{"player":0,"type":"R","amount":200000,"street":0},{"player":1,"type":"F","amount":0,"street":0},{"player":2,"type":"C","amount":200000,"street":0},{"player":3,"type":"C","amount":200000,"street":0},{"player":4,"type":"F","amount":0,"street":0},{"player":5,"type":"R","amount":1875000,"street":0}],"actions":[{"type":"F","amount":0,"node":261},{"type":"C","amount":1675000,"node":264}],"hands":{"22":{"weight":0.6958,"played":[2.0E-4,0.9998],"evs":[0.0,3.50829]},"32o":{"weight":0.0,"played":[0.9933,0.0067],"evs":[0.0,-4.2801]},"42o":{"weight":0.0,"played":[0.9937,0.0063],"evs":[0.0,-2.51553]},"52o":{"weight":0.0,"played":[0.9976,0.0024],"evs":[0.0,-2.67471]},"62o":{"weight":0.0,"played":[0.9983,0.0017],"evs":[0.0,-2.36385]},"72o":{"weight":0.0,"played":[0.9645,0.0355],"evs":[0.0,-3.52623]},"82o":{"weight":0.0,"played":[0.9987,0.0013],"evs":[0.0,-2.41207]},"92o":{"weight":0.0,"played":[0.9973,0.0027],"evs":[0.0,-5.75426]},"T2o":{"weight":0.0,"played":[0.9977,0.0023],"evs":[0.0,-5.75754]},"J2o":{"weight":0.0,"played":[0.9849,0.0151],"evs":[0.0,-4.4546]},"Q2o":{"weight":0.0,"played":[0.9966,0.0034],"evs":[0.0,-3.64205]},"K2o":{"weight":0.0,"played":[0.9972,0.0028],"evs":[0.0,-2.47602]},"A2o":{"weight":0.0,"played":[0.8996,0.1004],"evs":[0.0,-0.75337]},"32s":{"weight":0.0,"played":[0.9532,0.0468],"evs":[0.0,-2.74492]},"33":{"weight":0.9599,"played":[0.0023,0.9977],"evs":[0.0,2.33151]},"43o":{"weight":0.0,"played":[0.9995,5.0E-4],"evs":[0.0,-4.34854]},"53o":{"weight":0.0,"played":[0.9767,0.0233],"evs":[0.0,-3.17525]},"63o":{"weight":0.0,"played":[0.9804,0.0196],"evs":[0.0,-2.69801]},"73o":{"weight":0.0,"played":[0.9988,0.0012],"evs":[0.0,-3.07015]},"83o":{"weight":0.0,"played":[0.9769,0.0231],"evs":[0.0,-1.11837]},"93o":{"weight":0.0,"played":[0.9736,0.0264],"evs":[0.0,-3.18497]},"T3o":{"weight":0.0,"played":[0.9631,0.0369],"evs":[0.0,-5.25496]},"J3o":{"weight":0.0,"played":[0.9996,4.0E-4],"evs":[0.0,-4.27541]},"Q3o":{"weight":0.0,"played":[0.8733,0.1267],"evs":[0.0,-1.77002]},"K3o":{"weight":0.0,"played":[0.9054,0.0946],"evs":[0.0,-0.79916]},"A3o":{"weight":0.0,"played":[0.8244,0.1756],"evs":[0.0,-2.22357]},"42s":{"weight":0.0,"played":[0.2531,0.7469],"evs":[0.0,1.47155]},"43s":{"weight":0.0,"played":[0.8039,0.1961],"evs":[0.0,-1.10388]},"44":{"weight":0.9292,"played":[1.0E-4,0.9999],"evs":[0.0,3.69308]},"54o":{"weight":0.0,"played":[0.8184,0.1816],"evs":[0.0,-1.53875]},"64o":{"weight":0.0,"played":[0.9657,0.0343],"evs":[0.0,-0.69729]},"74o":{"weight":0.0,"played":[0.9585,0.0415],"evs":[0.0,-1.14111]},"84o":{"weight":0.0,"played":[0.989,0.011],"evs":[0.0,-1.34377]},"94o":{"weight":0.0,"played":[0.9879,0.0121],"evs":[0.0,-3.46886]},"T4o":{"weight":0.0,"played":[0.988,0.012],"evs":[0.0,-3.82587]},"J4o":{"weight":0.0,"played":[0.9812,0.0188],"evs":[0.0,-4.97417]},"Q4o":{"weight":0.0,"played":[0.9674,0.0326],"evs":[0.0,-1.98255]},"K4o":{"weight":0.0,"played":[0.998,0.002],"evs":[0.0,-2.36874]},"A4o":{"weight":0.0,"played":[0.6767,0.3233],"evs":[0.0,-0.88344]},"52s":{"weight":0.0,"played":[0.8599,0.1401],"evs":[0.0,-3.42857]},"53s":{"weight":0.0,"played":[0.8732,0.1268],"evs":[0.0,-0.14373]},"54s":{"weight":0.0,"played":[0.4015,0.5985],"evs":[0.0,0.3171]},"55":{"weight":0.986,"played":[8.0E-4,0.9992],"evs":[0.0,3.36171]},"65o":{"weight":0.0,"played":[0.4673,0.5327],"evs":[0.0,-0.01851]},"75o":{"weight":0.0,"played":[0.909,0.091],"evs":[0.0,-3.16346]},"85o":{"weight":0.0,"played":[0.9886,0.0114],"evs":[0.0,-2.14424]},"95o":{"weight":0.0,"played":[0.9882,0.0118],"evs":[0.0,-2.79613]},"T5o":{"weight":0.0,"played":[0.9863,0.0137],"evs":[0.0,-4.63737]},"J5o":{"weight":0.0,"played":[0.9988,0.0012],"evs":[0.0,-4.50167]},"Q5o":{"weight":0.0,"played":[0.8955,0.1045],"evs":[0.0,-3.31935]},"K5o":{"weight":0.0,"played":[0.9981,0.0019],"evs":[0.0,-2.69301]},"A5o":{"weight":1.0,"played":[0.7235,0.2765],"evs":[0.0,-0.53545]},"62s":{"weight":0.0,"played":[0.755,0.245],"evs":[0.0,-0.18551]},"63s":{"weight":0.0,"played":[0.1325,0.8675],"evs":[0.0,0.16051]},"64s":{"weight":0.0,"played":[0.0132,0.9868],"evs":[0.0,3.66688]},"65s":{"weight":0.0,"played":[0.0164,0.9836],"evs":[0.0,0.012]},"66":{"weight":0.7522,"played":[3.0E-4,0.9997],"evs":[0.0,7.82055]},"76o":{"weight":0.0,"played":[0.442,0.558],"evs":[0.0,-0.38586]},"86o":{"weight":0.0,"played":[0.3942,0.6058],"evs":[0.0,0.33949]},"96o":{"weight":0.0,"played":[0.928,0.072],"evs":[0.0,-1.89166]},"T6o":{"weight":0.0,"played":[0.986,0.014],"evs":[0.0,-2.91952]},"J6o":{"weight":0.0,"played":[0.998,0.002],"evs":[0.0,-3.0078]},"Q6o":{"weight":0.0,"played":[0.6218,0.3782],"evs":[0.0,-0.10991]},"K6o":{"weight":0.0,"played":[0.6864,0.3136],"evs":[0.0,0.2964]},"A6o":{"weight":3.0E-4,"played":[5.0E-4,0.9995],"evs":[0.0,2.71769]},"72s":{"weight":0.0,"played":[0.9572,0.0428],"evs":[0.0,-1.87466]},"73s":{"weight":0.0,"played":[0.7905,0.2095],"evs":[0.0,-1.24898]},"74s":{"weight":0.0,"played":[0.0627,0.9373],"evs":[0.0,2.43482]},"75s":{"weight":0.0,"played":[0.0717,0.9283],"evs":[0.0,2.30401]},"76s":{"weight":0.8966,"played":[0.0103,0.9897],"evs":[0.0,1.80211]},"77":{"weight":0.839,"played":[0.0,1.0],"evs":[0.0,5.54358]},"87o":{"weight":0.0,"played":[0.9182,0.0818],"evs":[0.0,-1.07945]},"97o":{"weight":0.0,"played":[0.0128,0.9872],"evs":[0.0,0.86317]},"T7o":{"weight":0.0,"played":[0.9889,0.0111],"evs":[0.0,-0.37465]},"J7o":{"weight":0.0,"played":[0.9333,0.0667],"evs":[0.0,-1.77351]},"Q7o":{"weight":0.0,"played":[0.9001,0.0999],"evs":[0.0,-2.95836]},"K7o":{"weight":0.0,"played":[0.6047,0.3953],"evs":[0.0,0.01534]},"A7o":{"weight":1.0,"played":[0.5462,0.4538],"evs":[0.0,0.09335]},"82s":{"weight":0.0,"played":[0.9576,0.0424],"evs":[0.0,-2.35208]},"83s":{"weight":0.0,"played":[0.4915,0.5085],"evs":[0.0,0.11483]},"84s":{"weight":0.0,"played":[0.5519,0.4481],"evs":[0.0,-0.3499]},"85s":{"weight":0.0,"played":[0.2763,0.7237],"evs":[0.0,1.35858]},"86s":{"weight":0.0,"played":[0.0213,0.9787],"evs":[0.0,2.52294]},"87s":{"weight":0.9998,"played":[3.0E-4,0.9997],"evs":[0.0,0.9418]},"88":{"weight":0.9982,"played":[0.0,1.0],"evs":[0.0,8.62573]},"98o":{"weight":0.0,"played":[0.5032,0.4968],"evs":[0.0,-0.68014]},"T8o":{"weight":0.0,"played":[0.5298,0.4702],"evs":[0.0,-0.32016]},"J8o":{"weight":0.0,"played":[0.7741,0.2259],"evs":[0.0,-2.63425]},"Q8o":{"weight":0.0,"played":[0.998,0.002],"evs":[0.0,-1.24613]},"K8o":{"weight":0.0,"played":[0.3191,0.6809],"evs":[0.0,-0.53337]},"A8o":{"weight":1.0,"played":[1.0E-4,0.9999],"evs":[0.0,1.77073]},"92s":{"weight":0.0,"played":[0.7709,0.2291],"evs":[0.0,-2.85413]},"93s":{"weight":0.0,"played":[0.3742,0.6258],"evs":[0.0,1.67419]},"94s":{"weight":0.0,"played":[0.8355,0.1645],"evs":[0.0,-0.38718]},"95s":{"weight":0.0,"played":[0.9949,0.0051],"evs":[0.0,-1.4898]},"96s":{"weight":0.0,"played":[0.5932,0.4068],"evs":[0.0,-0.06174]},"97s":{"weight":0.2425,"played":[0.006,0.994],"evs":[0.0,1.96027]},"98s":{"weight":1.0,"played":[0.0012,0.9988],"evs":[0.0,2.59995]},"99":{"weight":0.9999,"played":[0.0,1.0],"evs":[0.0,8.98925]},"T9o":{"weight":0.0,"played":[0.9034,0.0966],"evs":[0.0,-0.35742]},"J9o":{"weight":0.0,"played":[0.7541,0.2459],"evs":[0.0,-1.04353]},"Q9o":{"weight":0.0,"played":[0.9458,0.0542],"evs":[0.0,-1.10754]},"K9o":{"weight":0.0,"played":[0.8345,0.1655],"evs":[0.0,-0.32523]},"A9o":{"weight":1.0,"played":[0.0,1.0],"evs":[0.0,2.54832]},"T2s":{"weight":0.0,"played":[0.0756,0.9244],"evs":[0.0,1.47168]},"T3s":{"weight":0.0,"played":[0.9229,0.0771],"evs":[0.0,-1.48579]},"T4s":{"weight":0.0,"played":[0.1024,0.8976],"evs":[0.0,2.28956]},"T5s":{"weight":0.0,"played":[0.8441,0.1559],"evs":[0.0,-2.94437]},"T6s":{"weight":0.0,"played":[0.27,0.73],"evs":[0.0,0.37454]},"T7s":{"weight":0.0,"played":[0.1022,0.8978],"evs":[0.0,0.7813]},"T8s":{"weight":0.9999,"played":[0.1955,0.8045],"evs":[0.0,1.6383]},"T9s":{"weight":0.9992,"played":[0.0211,0.9789],"evs":[0.0,1.82595]},"TT":{"weight":1.0,"played":[0.0,1.0],"evs":[0.0,12.28078]},"JTo":{"weight":0.9998,"played":[0.7943,0.2057],"evs":[0.0,-0.71507]},"QTo":{"weight":1.0,"played":[0.0045,0.9955],"evs":[0.0,1.09644]},"KTo":{"weight":0.9999,"played":[0.342,0.658],"evs":[0.0,-0.58057]},"ATo":{"weight":0.9995,"played":[1.0E-4,0.9999],"evs":[0.0,4.24277]},"J2s":{"weight":0.0,"played":[0.0293,0.9707],"evs":[0.0,2.64727]},"J3s":{"weight":0.0,"played":[0.8193,0.1807],"evs":[0.0,-1.35139]},"J4s":{"weight":0.0,"played":[0.4193,0.5807],"evs":[0.0,-3.18783]},"J5s":{"weight":0.0,"played":[0.7758,0.2242],"evs":[0.0,-2.18444]},"J6s":{"weight":0.0,"played":[0.689,0.311],"evs":[0.0,-1.72205]},"J7s":{"weight":0.0,"played":[0.4562,0.5438],"evs":[0.0,-0.79049]},"J8s":{"weight":0.9993,"played":[0.4541,0.5459],"evs":[0.0,-0.24045]},"J9s":{"weight":0.8909,"played":[0.5059,0.4941],"evs":[0.0,-1.00255]},"JTs":{"weight":0.8441,"played":[0.1082,0.8918],"evs":[0.0,2.54594]},"JJ":{"weight":1.0,"played":[0.0,1.0],"evs":[0.0,16.18354]},"QJo":{"weight":1.0,"played":[0.3237,0.6763],"evs":[0.0,0.35151]},"KJo":{"weight":0.9919,"played":[0.0301,0.9699],"evs":[0.0,2.05809]},"AJo":{"weight":0.8669,"played":[0.0,1.0],"evs":[0.0,6.85291]},"Q2s":{"weight":0.0,"played":[0.9695,0.0305],"evs":[0.0,-2.68236]},"Q3s":{"weight":0.0,"played":[0.7341,0.2659],"evs":[0.0,-0.18895]},"Q4s":{"weight":0.0,"played":[0.1674,0.8326],"evs":[0.0,0.07184]},"Q5s":{"weight":0.0,"played":[0.4504,0.5496],"evs":[0.0,-0.90409]},"Q6s":{"weight":0.0,"played":[0.6246,0.3754],"evs":[0.0,0.6836]},"Q7s":{"weight":0.0,"played":[0.4141,0.5859],"evs":[0.0,0.96983]},"Q8s":{"weight":0.9998,"played":[0.7375,0.2625],"evs":[0.0,0.28601]},"Q9s":{"weight":0.9999,"played":[6.0E-4,0.9994],"evs":[0.0,2.87411]},"QTs":{"weight":0.9988,"played":[0.8267,0.1733],"evs":[0.0,0.28113]},"QJs":{"weight":0.9977,"played":[0.0,1.0],"evs":[0.0,1.47504]},"QQ":{"weight":1.0,"played":[0.0,1.0],"evs":[0.0,18.29799]},"KQo":{"weight":0.9491,"played":[1.0E-4,0.9999],"evs":[0.0,3.70825]},"AQo":{"weight":0.9015,"played":[0.0,1.0],"evs":[0.0,7.17655]},"K2s":{"weight":0.0,"played":[0.2924,0.7076],"evs":[0.0,2.75412]},"K3s":{"weight":0.0,"played":[0.2112,0.7888],"evs":[0.0,0.13931]},"K4s":{"weight":0.0,"played":[0.2315,0.7685],"evs":[0.0,1.89687]},"K5s":{"weight":0.765,"played":[0.2227,0.7773],"evs":[0.0,2.67339]},"K6s":{"weight":1.0,"played":[0.0031,0.9969],"evs":[0.0,2.34333]},"K7s":{"weight":1.0,"played":[0.0101,0.9899],"evs":[0.0,1.60766]},"K8s":{"weight":1.0,"played":[0.4259,0.5741],"evs":[0.0,-0.50912]},"K9s":{"weight":0.999,"played":[0.0024,0.9976],"evs":[0.0,3.17511]},"KTs":{"weight":0.7429,"played":[1.0E-4,0.9999],"evs":[0.0,2.72367]},"KJs":{"weight":0.9998,"played":[0.0112,0.9888],"evs":[0.0,4.59279]},"KQs":{"weight":1.0,"played":[1.0E-4,0.9999],"evs":[0.0,4.55625]},"KK":{"weight":1.0,"played":[0.0,1.0],"evs":[0.0,23.69173]},"AKo":{"weight":1.0,"played":[0.0,1.0],"evs":[0.0,9.26262]},"A2s":{"weight":0.9993,"played":[0.0038,0.9962],"evs":[0.0,3.18721]},"A3s":{"weight":0.9983,"played":[0.1682,0.8318],"evs":[0.0,1.52592]},"A4s":{"weight":0.9692,"played":[0.0574,0.9426],"evs":[0.0,2.57256]},"A5s":{"weight":0.7218,"played":[0.219,0.781],"evs":[0.0,-0.81112]},"A6s":{"weight":0.993,"played":[0.0081,0.9919],"evs":[0.0,6.17533]},"A7s":{"weight":0.9999,"played":[2.0E-4,0.9998],"evs":[0.0,3.23003]},"A8s":{"weight":1.0,"played":[0.0706,0.9294],"evs":[0.0,2.6084]},"A9s":{"weight":1.0,"played":[0.0146,0.9854],"evs":[0.0,4.86007]},"ATs":{"weight":1.0,"played":[8.0E-4,0.9992],"evs":[0.0,8.67524]},"AJs":{"weight":1.0,"played":[1.0E-4,0.9999],"evs":[0.0,8.25866]},"AQs":{"weight":1.0,"played":[2.0E-4,0.9998],"evs":[0.0,13.8801]},"AKs":{"weight":1.0,"played":[0.0,1.0],"evs":[0.0,11.29257]},"AA":{"weight":1.0,"played":[0.0,1.0],"evs":[0.0,32.97563]}}}