{"player":3,"street":0,"children":2,"sequence":[{"player":0,"type":"R","amount":200000,"street":0},{"player":1,"type":"F","amount":0,"street":0},{"player":2,"type":"C","amount":200000,"street":0},{"player":3,"type":"C","amount":200000,"street":0},{"player":4,"type":"R","amount":1245000,"street":0},{"player":5,"type":"R","amount":1875000,"street":0},{"player":0,"type":"C","amount":1675000,"street":0},{"player":2,"type":"C","amount":995000,"street":0}],"actions":[{"type":"F","amount":0},{"type":"C","amount":405000}],"hands":{"22":{"weight":0.0,"played":[0.0052,0.9948],"evs":[0.0,1.44168]},"32o":{"weight":0.0,"played":[0.8373,0.1627],"evs":[0.0,0.0267]},"42o":{"weight":0.0,"played":[0.5103,0.4897],"evs":[0.0,0.0191]},"52o":{"weight":0.0,"played":[0.9617,0.0383],"evs":[0.0,-0.32497]},"62o":{"weight":0.0,"played":[1.0,0.0],"evs":[0.0,-0.88628]},"72o":{"weight":0.0,"played":[0.9999,1.0E-4],"evs":[0.0,-0.43841]},"82o":{"weight":0.0,"played":[0.9999,1.0E-4],"evs":[0.0,-0.74792]},"92o":{"weight":0.0,"played":[0.9999,1.0E-4],"evs":[0.0,-0.98724]},"T2o":{"weight":0.0,"played":[1.0,0.0],"evs":[0.0,-0.99099]},"J2o":{"weight":0.0,"played":[0.9977,0.0023],"evs":[0.0,-1.12421]},"Q2o":{"weight":0.0,"played":[0.9902,0.0098],"evs":[0.0,-0.54609]},"K2o":{"weight":0.0,"played":[0.5804,0.4196],"evs":[0.0,-0.27393]},"A2o":{"weight":0.0,"played":[0.0224,0.9776],"evs":[0.0,0.30593]},"32s":{"weight":0.0,"played":[0.4363,0.5637],"evs":[0.0,0.3462]},"33":{"weight":1.0E-4,"played":[0.0052,0.9948],"evs":[0.0,1.50311]},"43o":{"weight":0.0,"played":[0.1073,0.8927],"evs":[0.0,0.39776]},"53o":{"weight":0.0,"played":[0.0668,0.9332],"evs":[0.0,0.17411]},"63o":{"weight":0.0,"played":[0.2439,0.7561],"evs":[0.0,0.40746]},"73o":{"weight":0.0,"played":[0.8514,0.1486],"evs":[0.0,0.00903]},"83o":{"weight":0.0,"played":[0.9939,0.0061],"evs":[0.0,-1.17381]},"93o":{"weight":0.0,"played":[0.966,0.034],"evs":[0.0,-0.3066]},"T3o":{"weight":0.0,"played":[1.0,0.0],"evs":[0.0,-0.72685]},"J3o":{"weight":0.0,"played":[0.9843,0.0157],"evs":[0.0,-0.55642]},"Q3o":{"weight":0.0,"played":[0.9352,0.0648],"evs":[0.0,-0.58083]},"K3o":{"weight":0.0,"played":[0.7312,0.2688],"evs":[0.0,-0.34886]},"A3o":{"weight":0.0,"played":[0.0297,0.9703],"evs":[0.0,-0.10591]},"42s":{"weight":0.0,"played":[0.1897,0.8103],"evs":[0.0,0.663]},"43s":{"weight":0.0,"played":[0.3299,0.6701],"evs":[0.0,0.05901]},"44":{"weight":0.2708,"played":[5.0E-4,0.9995],"evs":[0.0,1.70756]},"54o":{"weight":0.0,"played":[0.0351,0.9649],"evs":[0.0,1.33746]},"64o":{"weight":0.0,"played":[0.1415,0.8585],"evs":[0.0,0.7276]},"74o":{"weight":0.0,"played":[0.2485,0.7515],"evs":[0.0,-0.00894]},"84o":{"weight":0.0,"played":[0.9988,0.0012],"evs":[0.0,-0.83878]},"94o":{"weight":0.0,"played":[0.9943,0.0057],"evs":[0.0,-0.57844]},"T4o":{"weight":0.0,"played":[0.9988,0.0012],"evs":[0.0,-1.40931]},"J4o":{"weight":0.0,"played":[0.9948,0.0052],"evs":[0.0,-0.73537]},"Q4o":{"weight":0.0,"played":[0.9797,0.0203],"evs":[0.0,-0.69052]},"K4o":{"weight":0.0,"played":[0.98,0.02],"evs":[0.0,-1.10036]},"A4o":{"weight":0.0,"played":[0.3075,0.6925],"evs":[0.0,-0.00653]},"52s":{"weight":0.0,"played":[0.4415,0.5585],"evs":[0.0,0.88408]},"53s":{"weight":0.0,"played":[0.15,0.85],"evs":[0.0,1.12891]},"54s":{"weight":0.0,"played":[0.0422,0.9578],"evs":[0.0,1.96692]},"55":{"weight":0.9447,"played":[0.0125,0.9875],"evs":[0.0,1.51687]},"65o":{"weight":0.0,"played":[0.0069,0.9931],"evs":[0.0,0.96823]},"75o":{"weight":0.0,"played":[0.0703,0.9297],"evs":[0.0,0.24711]},"85o":{"weight":0.0,"played":[0.0052,0.9948],"evs":[0.0,0.22704]},"95o":{"weight":0.0,"played":[0.9696,0.0304],"evs":[0.0,-0.47421]},"T5o":{"weight":0.0,"played":[0.9827,0.0173],"evs":[0.0,-1.01358]},"J5o":{"weight":0.0,"played":[0.9996,4.0E-4],"evs":[0.0,-1.24804]},"Q5o":{"weight":0.0,"played":[0.8976,0.1024],"evs":[0.0,-0.94043]},"K5o":{"weight":0.0,"played":[0.7957,0.2043],"evs":[0.0,-0.43233]},"A5o":{"weight":0.0,"played":[0.6364,0.3636],"evs":[0.0,0.26564]},"62s":{"weight":0.0,"played":[0.3928,0.6072],"evs":[0.0,-0.22278]},"63s":{"weight":0.0,"played":[0.0164,0.9836],"evs":[0.0,0.41736]},"64s":{"weight":0.0,"played":[3.0E-4,0.9997],"evs":[0.0,1.11396]},"65s":{"weight":1.0E-4,"played":[0.0111,0.9889],"evs":[0.0,1.64657]},"66":{"weight":0.4306,"played":[3.0E-4,0.9997],"evs":[0.0,1.97181]},"76o":{"weight":0.0,"played":[0.0237,0.9763],"evs":[0.0,1.03303]},"86o":{"weight":0.0,"played":[0.0504,0.9496],"evs":[0.0,0.33934]},"96o":{"weight":0.0,"played":[0.8881,0.1119],"evs":[0.0,-0.01993]},"T6o":{"weight":0.0,"played":[0.9997,3.0E-4],"evs":[0.0,-1.11164]},"J6o":{"weight":0.0,"played":[0.9978,0.0022],"evs":[0.0,-1.13655]},"Q6o":{"weight":0.0,"played":[0.9966,0.0034],"evs":[0.0,-0.8975]},"K6o":{"weight":0.0,"played":[0.6589,0.3411],"evs":[0.0,-0.22347]},"A6o":{"weight":0.0,"played":[0.1848,0.8152],"evs":[0.0,0.41205]},"72s":{"weight":0.0,"played":[0.2415,0.7585],"evs":[0.0,0.55918]},"73s":{"weight":0.0,"played":[0.4622,0.5378],"evs":[0.0,0.02584]},"74s":{"weight":1.0E-4,"played":[0.3822,0.6178],"evs":[0.0,0.38693]},"75s":{"weight":5.0E-4,"played":[0.0255,0.9745],"evs":[0.0,1.19718]},"76s":{"weight":0.0,"played":[0.0046,0.9954],"evs":[0.0,1.15582]},"77":{"weight":0.3799,"played":[1.0E-4,0.9999],"evs":[0.0,2.72424]},"87o":{"weight":0.0,"played":[0.3075,0.6925],"evs":[0.0,0.59461]},"97o":{"weight":0.0,"played":[0.1725,0.8275],"evs":[0.0,0.94321]},"T7o":{"weight":0.0,"played":[0.9521,0.0479],"evs":[0.0,-0.8388]},"J7o":{"weight":0.0,"played":[0.6488,0.3512],"evs":[0.0,-0.41025]},"Q7o":{"weight":0.0,"played":[0.9881,0.0119],"evs":[0.0,-0.82029]},"K7o":{"weight":0.0,"played":[0.8829,0.1171],"evs":[0.0,-0.56831]},"A7o":{"weight":0.0,"played":[0.0033,0.9967],"evs":[0.0,0.37211]},"82s":{"weight":0.0,"played":[0.4196,0.5804],"evs":[0.0,-0.04648]},"83s":{"weight":0.0,"played":[0.8628,0.1372],"evs":[0.0,-0.65106]},"84s":{"weight":0.0,"played":[0.3329,0.6671],"evs":[0.0,-0.19841]},"85s":{"weight":0.0,"played":[0.0301,0.9699],"evs":[0.0,0.74117]},"86s":{"weight":0.0,"played":[0.0018,0.9982],"evs":[0.0,1.42608]},"87s":{"weight":0.1648,"played":[0.0026,0.9974],"evs":[0.0,0.87909]},"88":{"weight":0.0066,"played":[4.0E-4,0.9996],"evs":[0.0,3.26517]},"98o":{"weight":0.0,"played":[0.0596,0.9404],"evs":[0.0,0.29239]},"T8o":{"weight":0.0,"played":[0.7537,0.2463],"evs":[0.0,-0.48295]},"J8o":{"weight":0.0,"played":[0.9385,0.0615],"evs":[0.0,-0.23458]},"Q8o":{"weight":0.0,"played":[0.9299,0.0701],"evs":[0.0,-0.23903]},"K8o":{"weight":0.0,"played":[0.3841,0.6159],"evs":[0.0,0.25535]},"A8o":{"weight":0.0,"played":[0.2933,0.7067],"evs":[0.0,-0.28788]},"92s":{"weight":0.0,"played":[0.981,0.019],"evs":[0.0,-0.52485]},"93s":{"weight":0.0,"played":[0.2881,0.7119],"evs":[0.0,0.18731]},"94s":{"weight":0.0,"played":[0.3217,0.6783],"evs":[0.0,0.66893]},"95s":{"weight":0.0,"played":[0.076,0.924],"evs":[0.0,1.34162]},"96s":{"weight":0.0,"played":[0.0203,0.9797],"evs":[0.0,0.94366]},"97s":{"weight":0.0,"played":[0.0281,0.9719],"evs":[0.0,0.79099]},"98s":{"weight":0.046,"played":[0.0037,0.9963],"evs":[0.0,1.65637]},"99":{"weight":0.1407,"played":[0.0046,0.9954],"evs":[0.0,3.32108]},"T9o":{"weight":0.0,"played":[0.0022,0.9978],"evs":[0.0,0.10901]},"J9o":{"weight":0.0,"played":[0.8461,0.1539],"evs":[0.0,-0.49948]},"Q9o":{"weight":0.0,"played":[0.5841,0.4159],"evs":[0.0,-0.12064]},"K9o":{"weight":0.0,"played":[0.0064,0.9936],"evs":[0.0,0.60832]},"A9o":{"weight":0.9964,"played":[0.1819,0.8181],"evs":[0.0,0.62325]},"T2s":{"weight":0.0,"played":[0.9124,0.0876],"evs":[0.0,-0.10303]},"T3s":{"weight":0.0,"played":[0.575,0.425],"evs":[0.0,0.19888]},"T4s":{"weight":0.0,"played":[0.9142,0.0858],"evs":[0.0,-0.47432]},"T5s":{"weight":0.0,"played":[0.8736,0.1264],"evs":[0.0,-0.8069]},"T6s":{"weight":0.0,"played":[0.8481,0.1519],"evs":[0.0,-0.09049]},"T7s":{"weight":0.0,"played":[0.4998,0.5002],"evs":[0.0,0.63706]},"T8s":{"weight":0.0,"played":[0.0272,0.9728],"evs":[0.0,0.29008]},"T9s":{"weight":0.0,"played":[0.0805,0.9195],"evs":[0.0,2.01061]},"TT":{"weight":0.0,"played":[0.0025,0.9975],"evs":[0.0,3.85922]},"JTo":{"weight":0.0,"played":[0.0062,0.9938],"evs":[0.0,0.51952]},"QTo":{"weight":0.0,"played":[0.167,0.833],"evs":[0.0,-0.03321]},"KTo":{"weight":0.0,"played":[0.0025,0.9975],"evs":[0.0,1.3031]},"ATo":{"weight":7.0E-4,"played":[0.0117,0.9883],"evs":[0.0,0.70128]},"J2s":{"weight":0.0,"played":[0.5426,0.4574],"evs":[0.0,-0.87343]},"J3s":{"weight":0.0,"played":[3.0E-4,0.9997],"evs":[0.0,0.67896]},"J4s":{"weight":0.0,"played":[0.3247,0.6753],"evs":[0.0,0.50399]},"J5s":{"weight":0.0,"played":[0.9988,0.0012],"evs":[0.0,-0.57097]},"J6s":{"weight":0.0,"played":[0.2555,0.7445],"evs":[0.0,0.36512]},"J7s":{"weight":0.0,"played":[0.0292,0.9708],"evs":[0.0,0.5683]},"J8s":{"weight":0.0,"played":[0.0046,0.9954],"evs":[0.0,1.00252]},"J9s":{"weight":0.0216,"played":[0.4255,0.5745],"evs":[0.0,0.147]},"JTs":{"weight":5.0E-4,"played":[0.0678,0.9322],"evs":[0.0,0.50506]},"JJ":{"weight":0.0,"played":[2.0E-4,0.9998],"evs":[0.0,5.06524]},"QJo":{"weight":0.0,"played":[0.0215,0.9785],"evs":[0.0,0.49716]},"KJo":{"weight":0.831,"played":[3.0E-4,0.9997],"evs":[0.0,0.90696]},"AJo":{"weight":0.0,"played":[4.0E-4,0.9996],"evs":[0.0,0.7217]},"Q2s":{"weight":0.0,"played":[0.3629,0.6371],"evs":[0.0,0.71051]},"Q3s":{"weight":0.0,"played":[0.0529,0.9471],"evs":[0.0,0.32975]},"Q4s":{"weight":0.0,"played":[0.1073,0.8927],"evs":[0.0,-0.02653]},"Q5s":{"weight":0.0,"played":[0.1052,0.8948],"evs":[0.0,1.07273]},"Q6s":{"weight":0.0,"played":[0.53,0.47],"evs":[0.0,0.01562]},"Q7s":{"weight":0.0,"played":[0.0627,0.9373],"evs":[0.0,1.34757]},"Q8s":{"weight":0.0,"played":[0.103,0.897],"evs":[0.0,0.04276]},"Q9s":{"weight":0.0014,"played":[0.0187,0.9813],"evs":[0.0,1.28274]},"QTs":{"weight":0.0018,"played":[0.0399,0.9601],"evs":[0.0,1.79027]},"QJs":{"weight":0.9687,"played":[0.0258,0.9742],"evs":[0.0,2.43023]},"QQ":{"weight":1.0E-4,"played":[0.0,1.0],"evs":[0.0,5.73362]},"KQo":{"weight":0.1599,"played":[0.0,1.0],"evs":[0.0,1.53361]},"AQo":{"weight":3.0E-4,"played":[1.0E-4,0.9999],"evs":[0.0,2.27258]},"K2s":{"weight":0.0,"played":[0.0401,0.9599],"evs":[0.0,1.25425]},"K3s":{"weight":1.0E-4,"played":[4.0E-4,0.9996],"evs":[0.0,0.20316]},"K4s":{"weight":0.0,"played":[0.2448,0.7552],"evs":[0.0,-0.40976]},"K5s":{"weight":0.0,"played":[0.1224,0.8776],"evs":[0.0,0.9156]},"K6s":{"weight":0.0,"played":[0.0062,0.9938],"evs":[0.0,0.4366]},"K7s":{"weight":0.4232,"played":[0.3871,0.6129],"evs":[0.0,0.28904]},"K8s":{"weight":0.0,"played":[2.0E-4,0.9998],"evs":[0.0,1.43938]},"K9s":{"weight":0.7954,"played":[4.0E-4,0.9996],"evs":[0.0,1.43289]},"KTs":{"weight":0.9744,"played":[4.0E-4,0.9996],"evs":[0.0,1.57833]},"KJs":{"weight":0.2715,"played":[3.0E-4,0.9997],"evs":[0.0,2.88266]},"KQs":{"weight":0.0138,"played":[0.003,0.997],"evs":[0.0,2.86765]},"KK":{"weight":0.0,"played":[0.0,1.0],"evs":[0.0,9.66772]},"AKo":{"weight":0.0,"played":[1.0E-4,0.9999],"evs":[0.0,3.37235]},"A2s":{"weight":0.7795,"played":[0.0373,0.9627],"evs":[0.0,0.8458]},"A3s":{"weight":0.9628,"played":[0.0016,0.9984],"evs":[0.0,1.85134]},"A4s":{"weight":0.9609,"played":[0.0163,0.9837],"evs":[0.0,2.02621]},"A5s":{"weight":0.9989,"played":[1.0E-4,0.9999],"evs":[0.0,1.40769]},"A6s":{"weight":0.9302,"played":[0.0516,0.9484],"evs":[0.0,1.07333]},"A7s":{"weight":0.834,"played":[0.1197,0.8803],"evs":[0.0,1.52449]},"A8s":{"weight":0.5009,"played":[0.002,0.998],"evs":[0.0,1.35378]},"A9s":{"weight":0.0197,"played":[4.0E-4,0.9996],"evs":[0.0,1.6599]},"ATs":{"weight":0.0023,"played":[0.0175,0.9825],"evs":[0.0,2.84381]},"AJs":{"weight":0.0,"played":[0.0,1.0],"evs":[0.0,2.9087]},"AQs":{"weight":0.0,"played":[0.0014,0.9986],"evs":[0.0,3.36483]},"AKs":{"weight":0.0012,"played":[2.0E-4,0.9998],"evs":[0.0,4.33302]},"AA":{"weight":0.0,"played":[1.0E-4,0.9999],"evs":[0.0,12.36435]}}}