{"player":5,"street":0,"children":2,"sequence":[{"player":0,"type":"R","amount":200000,"street":0},{"player":1,"type":"F","amount":0,"street":0},{"player":2,"type":"C","amount":200000,"street":0},{"player":3,"type":"R","amount":605000,"street":0},{"player":4,"type":"R","amount":1245000,"street":0}],"actions":[{"type":"F","amount":0,"node":293},{"type":"R","amount":1875000,"node":296}],"hands":{"22":{"weight":1.0,"played":[0.3553,0.6447],"evs":[0.0,0.30387]},"32o":{"weight":1.0,"played":[0.9999,1.0E-4],"evs":[0.0,-5.0302]},"42o":{"weight":1.0,"played":[1.0,0.0],"evs":[0.0,-4.37196]},"52o":{"weight":1.0,"played":[0.9991,9.0E-4],"evs":[0.0,-3.49989]},"62o":{"weight":1.0,"played":[0.9999,1.0E-4],"evs":[0.0,-4.94626]},"72o":{"weight":1.0,"played":[1.0,0.0],"evs":[0.0,-5.27117]},"82o":{"weight":1.0,"played":[0.9984,0.0016],"evs":[0.0,-5.65027]},"92o":{"weight":1.0,"played":[1.0,0.0],"evs":[0.0,-6.51418]},"T2o":{"weight":1.0,"played":[1.0,0.0],"evs":[0.0,-6.73782]},"J2o":{"weight":1.0,"played":[0.9995,5.0E-4],"evs":[0.0,-6.11149]},"Q2o":{"weight":1.0,"played":[0.9999,1.0E-4],"evs":[0.0,-5.11293]},"K2o":{"weight":1.0,"played":[0.9998,2.0E-4],"evs":[0.0,-4.49532]},"A2o":{"weight":1.0,"played":[0.9976,0.0024],"evs":[0.0,-3.46052]},"32s":{"weight":1.0,"played":[0.9953,0.0047],"evs":[0.0,-3.51961]},"33":{"weight":1.0,"played":[0.017,0.983],"evs":[0.0,2.80124]},"43o":{"weight":1.0,"played":[0.9998,2.0E-4],"evs":[0.0,-2.64793]},"53o":{"weight":1.0,"played":[0.9982,0.0018],"evs":[0.0,-3.73481]},"63o":{"weight":1.0,"played":[0.9995,5.0E-4],"evs":[0.0,-3.98669]},"73o":{"weight":1.0,"played":[0.9999,1.0E-4],"evs":[0.0,-5.56847]},"83o":{"weight":1.0,"played":[0.9971,0.0029],"evs":[0.0,-6.26681]},"93o":{"weight":1.0,"played":[1.0,0.0],"evs":[0.0,-4.89415]},"T3o":{"weight":1.0,"played":[0.9999,1.0E-4],"evs":[0.0,-6.20028]},"J3o":{"weight":1.0,"played":[0.9998,2.0E-4],"evs":[0.0,-6.54864]},"Q3o":{"weight":1.0,"played":[0.9994,6.0E-4],"evs":[0.0,-5.069]},"K3o":{"weight":1.0,"played":[0.9999,1.0E-4],"evs":[0.0,-3.79043]},"A3o":{"weight":1.0,"played":[0.9939,0.0061],"evs":[0.0,-3.02616]},"42s":{"weight":1.0,"played":[0.9544,0.0456],"evs":[0.0,-2.7852]},"43s":{"weight":1.0,"played":[0.731,0.269],"evs":[0.0,0.6782]},"44":{"weight":1.0,"played":[0.685,0.315],"evs":[0.0,0.19912]},"54o":{"weight":1.0,"played":[0.9929,0.0071],"evs":[0.0,-2.91088]},"64o":{"weight":1.0,"played":[0.9998,2.0E-4],"evs":[0.0,-3.26556]},"74o":{"weight":1.0,"played":[0.9828,0.0172],"evs":[0.0,-3.04885]},"84o":{"weight":1.0,"played":[1.0,0.0],"evs":[0.0,-4.55802]},"94o":{"weight":1.0,"played":[0.9981,0.0019],"evs":[0.0,-4.71044]},"T4o":{"weight":1.0,"played":[0.9988,0.0012],"evs":[0.0,-6.22252]},"J4o":{"weight":1.0,"played":[0.9964,0.0036],"evs":[0.0,-6.27453]},"Q4o":{"weight":1.0,"played":[0.9997,3.0E-4],"evs":[0.0,-5.47028]},"K4o":{"weight":1.0,"played":[1.0,0.0],"evs":[0.0,-3.49839]},"A4o":{"weight":1.0,"played":[0.997,0.003],"evs":[0.0,-2.84205]},"52s":{"weight":1.0,"played":[0.979,0.021],"evs":[0.0,-1.89283]},"53s":{"weight":1.0,"played":[0.9552,0.0448],"evs":[0.0,-4.40224]},"54s":{"weight":1.0,"played":[0.9647,0.0353],"evs":[0.0,-1.90606]},"55":{"weight":1.0,"played":[0.0085,0.9915],"evs":[0.0,1.20074]},"65o":{"weight":1.0,"played":[0.9363,0.0637],"evs":[0.0,-0.70002]},"75o":{"weight":1.0,"played":[0.9994,6.0E-4],"evs":[0.0,-2.04686]},"85o":{"weight":1.0,"played":[0.9994,6.0E-4],"evs":[0.0,-3.49463]},"95o":{"weight":1.0,"played":[0.9996,4.0E-4],"evs":[0.0,-3.82227]},"T5o":{"weight":1.0,"played":[0.9993,7.0E-4],"evs":[0.0,-7.0542]},"J5o":{"weight":1.0,"played":[0.9996,4.0E-4],"evs":[0.0,-6.42339]},"Q5o":{"weight":1.0,"played":[0.9998,2.0E-4],"evs":[0.0,-6.79441]},"K5o":{"weight":1.0,"played":[0.9993,7.0E-4],"evs":[0.0,-5.05423]},"A5o":{"weight":1.0,"played":[0.9835,0.0165],"evs":[0.0,-3.37758]},"62s":{"weight":1.0,"played":[0.7806,0.2194],"evs":[0.0,-1.66854]},"63s":{"weight":1.0,"played":[0.7326,0.2674],"evs":[0.0,-2.35797]},"64s":{"weight":1.0,"played":[0.6548,0.3452],"evs":[0.0,-0.58119]},"65s":{"weight":1.0,"played":[0.9277,0.0723],"evs":[0.0,-2.22037]},"66":{"weight":1.0,"played":[0.2284,0.7716],"evs":[0.0,2.27057]},"76o":{"weight":1.0,"played":[0.963,0.037],"evs":[0.0,-1.77372]},"86o":{"weight":1.0,"played":[0.9957,0.0043],"evs":[0.0,-3.36798]},"96o":{"weight":1.0,"played":[1.0,0.0],"evs":[0.0,-2.69094]},"T6o":{"weight":1.0,"played":[0.9999,1.0E-4],"evs":[0.0,-5.22536]},"J6o":{"weight":1.0,"played":[0.9914,0.0086],"evs":[0.0,-4.93452]},"Q6o":{"weight":1.0,"played":[0.9995,5.0E-4],"evs":[0.0,-4.82862]},"K6o":{"weight":1.0,"played":[0.9995,5.0E-4],"evs":[0.0,-4.0013]},"A6o":{"weight":1.0,"played":[0.979,0.021],"evs":[0.0,-3.54213]},"72s":{"weight":1.0,"played":[0.996,0.004],"evs":[0.0,-3.05062]},"73s":{"weight":1.0,"played":[0.9795,0.0205],"evs":[0.0,-2.7275]},"74s":{"weight":1.0,"played":[0.9329,0.0671],"evs":[0.0,-0.66811]},"75s":{"weight":1.0,"played":[0.8147,0.1853],"evs":[0.0,-0.43007]},"76s":{"weight":1.0,"played":[0.8177,0.1823],"evs":[0.0,-0.00823]},"77":{"weight":1.0,"played":[8.0E-4,0.9992],"evs":[0.0,1.88065]},"87o":{"weight":1.0,"played":[0.9944,0.0056],"evs":[0.0,-1.5361]},"97o":{"weight":1.0,"played":[0.9614,0.0386],"evs":[0.0,-2.46855]},"T7o":{"weight":1.0,"played":[0.9943,0.0057],"evs":[0.0,-3.86093]},"J7o":{"weight":1.0,"played":[0.9999,1.0E-4],"evs":[0.0,-5.25135]},"Q7o":{"weight":1.0,"played":[0.9992,8.0E-4],"evs":[0.0,-5.78119]},"K7o":{"weight":1.0,"played":[0.9995,5.0E-4],"evs":[0.0,-3.10983]},"A7o":{"weight":1.0,"played":[0.9469,0.0531],"evs":[0.0,-1.93856]},"82s":{"weight":1.0,"played":[0.9669,0.0331],"evs":[0.0,-3.58048]},"83s":{"weight":1.0,"played":[0.9883,0.0117],"evs":[0.0,-4.18226]},"84s":{"weight":1.0,"played":[0.976,0.024],"evs":[0.0,-4.85239]},"85s":{"weight":1.0,"played":[0.9671,0.0329],"evs":[0.0,-1.22927]},"86s":{"weight":1.0,"played":[0.1962,0.8038],"evs":[0.0,0.42156]},"87s":{"weight":1.0,"played":[0.7288,0.2712],"evs":[0.0,-1.33293]},"88":{"weight":1.0,"played":[8.0E-4,0.9992],"evs":[0.0,7.46744]},"98o":{"weight":1.0,"played":[0.9731,0.0269],"evs":[0.0,-2.83003]},"T8o":{"weight":1.0,"played":[0.9982,0.0018],"evs":[0.0,-2.54579]},"J8o":{"weight":1.0,"played":[0.9956,0.0044],"evs":[0.0,-4.36071]},"Q8o":{"weight":1.0,"played":[0.9769,0.0231],"evs":[0.0,-3.36428]},"K8o":{"weight":1.0,"played":[0.9997,3.0E-4],"evs":[0.0,-3.22827]},"A8o":{"weight":1.0,"played":[0.9954,0.0046],"evs":[0.0,-0.73306]},"92s":{"weight":1.0,"played":[0.9433,0.0567],"evs":[0.0,-2.33667]},"93s":{"weight":1.0,"played":[0.617,0.383],"evs":[0.0,-0.178]},"94s":{"weight":1.0,"played":[0.9966,0.0034],"evs":[0.0,-1.60064]},"95s":{"weight":1.0,"played":[0.9988,0.0012],"evs":[0.0,-0.9408]},"96s":{"weight":1.0,"played":[0.5529,0.4471],"evs":[0.0,-0.57047]},"97s":{"weight":1.0,"played":[0.136,0.864],"evs":[0.0,2.47598]},"98s":{"weight":1.0,"played":[0.572,0.428],"evs":[0.0,0.45405]},"99":{"weight":1.0,"played":[7.0E-4,0.9993],"evs":[0.0,6.57002]},"T9o":{"weight":1.0,"played":[0.9314,0.0686],"evs":[0.0,-3.14908]},"J9o":{"weight":1.0,"played":[0.9996,4.0E-4],"evs":[0.0,-1.6724]},"Q9o":{"weight":1.0,"played":[0.982,0.018],"evs":[0.0,-4.13573]},"K9o":{"weight":1.0,"played":[0.9737,0.0263],"evs":[0.0,-1.45905]},"A9o":{"weight":1.0,"played":[0.7291,0.2709],"evs":[0.0,-0.30482]},"T2s":{"weight":1.0,"played":[0.996,0.004],"evs":[0.0,-2.39885]},"T3s":{"weight":1.0,"played":[0.9855,0.0145],"evs":[0.0,-5.06886]},"T4s":{"weight":1.0,"played":[0.9466,0.0534],"evs":[0.0,-3.39116]},"T5s":{"weight":1.0,"played":[0.9103,0.0897],"evs":[0.0,-3.91096]},"T6s":{"weight":1.0,"played":[0.8899,0.1101],"evs":[0.0,-1.71032]},"T7s":{"weight":1.0,"played":[0.9842,0.0158],"evs":[0.0,-2.76884]},"T8s":{"weight":1.0,"played":[0.2873,0.7127],"evs":[0.0,0.94419]},"T9s":{"weight":1.0,"played":[0.5246,0.4754],"evs":[0.0,1.21119]},"TT":{"weight":1.0,"played":[0.0065,0.9935],"evs":[0.0,5.63589]},"JTo":{"weight":1.0,"played":[0.9945,0.0055],"evs":[0.0,-1.37852]},"QTo":{"weight":1.0,"played":[0.9452,0.0548],"evs":[0.0,-3.65944]},"KTo":{"weight":1.0,"played":[0.8902,0.1098],"evs":[0.0,-2.07127]},"ATo":{"weight":1.0,"played":[0.4711,0.5289],"evs":[0.0,0.26674]},"J2s":{"weight":1.0,"played":[0.9976,0.0024],"evs":[0.0,-3.70316]},"J3s":{"weight":1.0,"played":[0.9491,0.0509],"evs":[0.0,-2.50989]},"J4s":{"weight":1.0,"played":[0.9765,0.0235],"evs":[0.0,-1.70598]},"J5s":{"weight":1.0,"played":[0.9644,0.0356],"evs":[0.0,-2.72628]},"J6s":{"weight":1.0,"played":[0.9245,0.0755],"evs":[0.0,-0.82005]},"J7s":{"weight":1.0,"played":[1.0,0.0],"evs":[0.0,-1.16145]},"J8s":{"weight":1.0,"played":[0.9338,0.0662],"evs":[0.0,-1.64116]},"J9s":{"weight":1.0,"played":[0.8865,0.1135],"evs":[0.0,-2.37607]},"JTs":{"weight":1.0,"played":[0.8161,0.1839],"evs":[0.0,-2.61066]},"JJ":{"weight":1.0,"played":[7.0E-4,0.9993],"evs":[0.0,10.52785]},"QJo":{"weight":1.0,"played":[0.8778,0.1222],"evs":[0.0,-1.72959]},"KJo":{"weight":1.0,"played":[0.8505,0.1495],"evs":[0.0,-0.61099]},"AJo":{"weight":1.0,"played":[0.2996,0.7004],"evs":[0.0,0.50836]},"Q2s":{"weight":1.0,"played":[0.9502,0.0498],"evs":[0.0,-1.28246]},"Q3s":{"weight":1.0,"played":[0.93,0.07],"evs":[0.0,-4.4015]},"Q4s":{"weight":1.0,"played":[0.9977,0.0023],"evs":[0.0,-5.551]},"Q5s":{"weight":1.0,"played":[0.962,0.038],"evs":[0.0,-2.23451]},"Q6s":{"weight":1.0,"played":[0.5335,0.4665],"evs":[0.0,-0.78489]},"Q7s":{"weight":1.0,"played":[0.9083,0.0917],"evs":[0.0,-2.96556]},"Q8s":{"weight":1.0,"played":[0.4818,0.5182],"evs":[0.0,-0.99187]},"Q9s":{"weight":1.0,"played":[0.7816,0.2184],"evs":[0.0,-2.82616]},"QTs":{"weight":1.0,"played":[0.9821,0.0179],"evs":[0.0,-0.73557]},"QJs":{"weight":1.0,"played":[0.1179,0.8821],"evs":[0.0,0.80618]},"QQ":{"weight":1.0,"played":[0.0,1.0],"evs":[0.0,13.70943]},"KQo":{"weight":1.0,"played":[0.894,0.106],"evs":[0.0,-1.55327]},"AQo":{"weight":1.0,"played":[5.0E-4,0.9995],"evs":[0.0,3.5106]},"K2s":{"weight":1.0,"played":[0.2682,0.7318],"evs":[0.0,0.0208]},"K3s":{"weight":1.0,"played":[0.5817,0.4183],"evs":[0.0,-1.64259]},"K4s":{"weight":1.0,"played":[0.9169,0.0831],"evs":[0.0,-4.34256]},"K5s":{"weight":1.0,"played":[0.8175,0.1825],"evs":[0.0,-0.61717]},"K6s":{"weight":1.0,"played":[0.9864,0.0136],"evs":[0.0,-1.99754]},"K7s":{"weight":1.0,"played":[0.0701,0.9299],"evs":[0.0,0.05923]},"K8s":{"weight":1.0,"played":[0.3442,0.6558],"evs":[0.0,0.46124]},"K9s":{"weight":1.0,"played":[0.887,0.113],"evs":[0.0,-2.61188]},"KTs":{"weight":1.0,"played":[0.0381,0.9619],"evs":[0.0,0.94026]},"KJs":{"weight":1.0,"played":[0.142,0.858],"evs":[0.0,0.58515]},"KQs":{"weight":1.0,"played":[0.1819,0.8181],"evs":[0.0,-0.84366]},"KK":{"weight":1.0,"played":[0.0,1.0],"evs":[0.0,21.6853]},"AKo":{"weight":1.0,"played":[3.0E-4,0.9997],"evs":[0.0,4.99716]},"A2s":{"weight":1.0,"played":[0.4844,0.5156],"evs":[0.0,0.74013]},"A3s":{"weight":1.0,"played":[0.7585,0.2415],"evs":[0.0,-1.83377]},"A4s":{"weight":1.0,"played":[0.5243,0.4757],"evs":[0.0,-0.33711]},"A5s":{"weight":1.0,"played":[0.2898,0.7102],"evs":[0.0,1.86501]},"A6s":{"weight":1.0,"played":[0.2015,0.7985],"evs":[0.0,1.25125]},"A7s":{"weight":1.0,"played":[0.4558,0.5442],"evs":[0.0,-1.06492]},"A8s":{"weight":1.0,"played":[0.2575,0.7425],"evs":[0.0,2.42405]},"A9s":{"weight":1.0,"played":[0.1547,0.8453],"evs":[0.0,2.3917]},"ATs":{"weight":1.0,"played":[0.0714,0.9286],"evs":[0.0,3.44657]},"AJs":{"weight":1.0,"played":[0.1087,0.8913],"evs":[0.0,3.12815]},"AQs":{"weight":1.0,"played":[0.0014,0.9986],"evs":[0.0,7.32078]},"AKs":{"weight":1.0,"played":[0.0019,0.9981],"evs":[0.0,3.50533]},"AA":{"weight":1.0,"played":[0.0,1.0],"evs":[0.0,27.6757]}}}