{"player":5,"street":0,"children":2,"sequence":[{"player":0,"type":"R","amount":200000,"street":0},{"player":1,"type":"F","amount":0,"street":0},{"player":2,"type":"R","amount":1195000,"street":0},{"player":3,"type":"F","amount":0,"street":0},{"player":4,"type":"R","amount":1245000,"street":0}],"actions":[{"type":"F","amount":0,"node":305},{"type":"R","amount":1875000,"node":306}],"hands":{"22":{"weight":1.0,"played":[0.9998,2.0E-4],"evs":[0.0,-1.6829]},"32o":{"weight":1.0,"played":[1.0,0.0],"evs":[0.0,-5.32435]},"42o":{"weight":1.0,"played":[1.0,0.0],"evs":[0.0,-4.73627]},"52o":{"weight":1.0,"played":[1.0,0.0],"evs":[0.0,-4.58434]},"62o":{"weight":1.0,"played":[1.0,0.0],"evs":[0.0,-5.34358]},"72o":{"weight":1.0,"played":[1.0,0.0],"evs":[0.0,-6.07707]},"82o":{"weight":1.0,"played":[1.0,0.0],"evs":[0.0,-5.62721]},"92o":{"weight":1.0,"played":[1.0,0.0],"evs":[0.0,-5.40817]},"T2o":{"weight":1.0,"played":[1.0,0.0],"evs":[0.0,-5.44897]},"J2o":{"weight":1.0,"played":[1.0,0.0],"evs":[0.0,-5.45969]},"Q2o":{"weight":1.0,"played":[1.0,0.0],"evs":[0.0,-4.98681]},"K2o":{"weight":1.0,"played":[1.0,0.0],"evs":[0.0,-4.25485]},"A2o":{"weight":1.0,"played":[1.0,0.0],"evs":[0.0,-4.92685]},"32s":{"weight":1.0,"played":[1.0,0.0],"evs":[0.0,-3.18592]},"33":{"weight":1.0,"played":[0.9996,4.0E-4],"evs":[0.0,-1.46591]},"43o":{"weight":1.0,"played":[1.0,0.0],"evs":[0.0,-4.14697]},"53o":{"weight":1.0,"played":[1.0,0.0],"evs":[0.0,-3.91749]},"63o":{"weight":1.0,"played":[1.0,0.0],"evs":[0.0,-4.25691]},"73o":{"weight":1.0,"played":[1.0,0.0],"evs":[0.0,-5.01065]},"83o":{"weight":1.0,"played":[1.0,0.0],"evs":[0.0,-5.49498]},"93o":{"weight":1.0,"played":[1.0,0.0],"evs":[0.0,-5.40985]},"T3o":{"weight":1.0,"played":[1.0,0.0],"evs":[0.0,-5.22859]},"J3o":{"weight":1.0,"played":[1.0,0.0],"evs":[0.0,-5.18645]},"Q3o":{"weight":1.0,"played":[1.0,0.0],"evs":[0.0,-4.81357]},"K3o":{"weight":1.0,"played":[1.0,0.0],"evs":[0.0,-4.22964]},"A3o":{"weight":1.0,"played":[1.0,0.0],"evs":[0.0,-4.76919]},"42s":{"weight":1.0,"played":[1.0,0.0],"evs":[0.0,-3.06903]},"43s":{"weight":1.0,"played":[1.0,0.0],"evs":[0.0,-2.13549]},"44":{"weight":1.0,"played":[0.9978,0.0022],"evs":[0.0,-0.82105]},"54o":{"weight":1.0,"played":[1.0,0.0],"evs":[0.0,-3.09029]},"64o":{"weight":1.0,"played":[1.0,0.0],"evs":[0.0,-3.59376]},"74o":{"weight":1.0,"played":[1.0,0.0],"evs":[0.0,-4.28355]},"84o":{"weight":1.0,"played":[1.0,0.0],"evs":[0.0,-4.59529]},"94o":{"weight":1.0,"played":[1.0,0.0],"evs":[0.0,-5.18728]},"T4o":{"weight":1.0,"played":[1.0,0.0],"evs":[0.0,-4.82706]},"J4o":{"weight":1.0,"played":[1.0,0.0],"evs":[0.0,-4.81706]},"Q4o":{"weight":1.0,"played":[1.0,0.0],"evs":[0.0,-4.69583]},"K4o":{"weight":1.0,"played":[1.0,0.0],"evs":[0.0,-3.76695]},"A4o":{"weight":1.0,"played":[1.0,0.0],"evs":[0.0,-4.30554]},"52s":{"weight":1.0,"played":[0.9997,3.0E-4],"evs":[0.0,-2.79798]},"53s":{"weight":1.0,"played":[1.0,0.0],"evs":[0.0,-1.79085]},"54s":{"weight":1.0,"played":[0.9999,1.0E-4],"evs":[0.0,-1.23328]},"55":{"weight":1.0,"played":[0.9864,0.0136],"evs":[0.0,-0.52532]},"65o":{"weight":1.0,"played":[1.0,0.0],"evs":[0.0,-3.02528]},"75o":{"weight":1.0,"played":[1.0,0.0],"evs":[0.0,-3.39166]},"85o":{"weight":1.0,"played":[1.0,0.0],"evs":[0.0,-3.84191]},"95o":{"weight":1.0,"played":[1.0,0.0],"evs":[0.0,-4.445]},"T5o":{"weight":1.0,"played":[1.0,0.0],"evs":[0.0,-4.8384]},"J5o":{"weight":1.0,"played":[1.0,0.0],"evs":[0.0,-4.89439]},"Q5o":{"weight":1.0,"played":[1.0,0.0],"evs":[0.0,-4.27392]},"K5o":{"weight":1.0,"played":[1.0,0.0],"evs":[0.0,-3.58901]},"A5o":{"weight":1.0,"played":[1.0,0.0],"evs":[0.0,-3.97432]},"62s":{"weight":1.0,"played":[1.0,0.0],"evs":[0.0,-3.17731]},"63s":{"weight":1.0,"played":[0.9999,1.0E-4],"evs":[0.0,-2.76566]},"64s":{"weight":1.0,"played":[0.9984,0.0016],"evs":[0.0,-1.46881]},"65s":{"weight":1.0,"played":[0.9979,0.0021],"evs":[0.0,-0.74314]},"66":{"weight":1.0,"played":[0.2905,0.7095],"evs":[0.0,-0.07039]},"76o":{"weight":1.0,"played":[1.0,0.0],"evs":[0.0,-2.78693]},"86o":{"weight":1.0,"played":[1.0,0.0],"evs":[0.0,-3.30822]},"96o":{"weight":1.0,"played":[1.0,0.0],"evs":[0.0,-3.63498]},"T6o":{"weight":1.0,"played":[1.0,0.0],"evs":[0.0,-4.23677]},"J6o":{"weight":1.0,"played":[1.0,0.0],"evs":[0.0,-4.68241]},"Q6o":{"weight":1.0,"played":[1.0,0.0],"evs":[0.0,-4.02998]},"K6o":{"weight":1.0,"played":[1.0,0.0],"evs":[0.0,-3.487]},"A6o":{"weight":1.0,"played":[1.0,0.0],"evs":[0.0,-4.89573]},"72s":{"weight":1.0,"played":[1.0,0.0],"evs":[0.0,-3.77481]},"73s":{"weight":1.0,"played":[1.0,0.0],"evs":[0.0,-3.29192]},"74s":{"weight":1.0,"played":[1.0,0.0],"evs":[0.0,-2.23327]},"75s":{"weight":1.0,"played":[0.9996,4.0E-4],"evs":[0.0,-1.39675]},"76s":{"weight":1.0,"played":[0.999,0.001],"evs":[0.0,-0.76033]},"77":{"weight":1.0,"played":[0.0,1.0],"evs":[0.0,1.09492]},"87o":{"weight":1.0,"played":[1.0,0.0],"evs":[0.0,-2.68931]},"97o":{"weight":1.0,"played":[1.0,0.0],"evs":[0.0,-3.24146]},"T7o":{"weight":1.0,"played":[1.0,0.0],"evs":[0.0,-3.23099]},"J7o":{"weight":1.0,"played":[1.0,0.0],"evs":[0.0,-4.09013]},"Q7o":{"weight":1.0,"played":[1.0,0.0],"evs":[0.0,-4.16115]},"K7o":{"weight":1.0,"played":[1.0,0.0],"evs":[0.0,-3.32467]},"A7o":{"weight":1.0,"played":[1.0,0.0],"evs":[0.0,-4.49012]},"82s":{"weight":1.0,"played":[1.0,0.0],"evs":[0.0,-3.36992]},"83s":{"weight":1.0,"played":[1.0,0.0],"evs":[0.0,-3.73662]},"84s":{"weight":1.0,"played":[1.0,0.0],"evs":[0.0,-2.87456]},"85s":{"weight":1.0,"played":[1.0,0.0],"evs":[0.0,-1.86787]},"86s":{"weight":1.0,"played":[1.0,0.0],"evs":[0.0,-1.19949]},"87s":{"weight":1.0,"played":[1.0,0.0],"evs":[0.0,-0.71317]},"88":{"weight":1.0,"played":[6.0E-4,0.9994],"evs":[0.0,2.30243]},"98o":{"weight":1.0,"played":[1.0,0.0],"evs":[0.0,-2.63728]},"T8o":{"weight":1.0,"played":[1.0,0.0],"evs":[0.0,-2.88407]},"J8o":{"weight":1.0,"played":[1.0,0.0],"evs":[0.0,-3.13539]},"Q8o":{"weight":1.0,"played":[1.0,0.0],"evs":[0.0,-3.46436]},"K8o":{"weight":1.0,"played":[1.0,0.0],"evs":[0.0,-3.26406]},"A8o":{"weight":1.0,"played":[1.0,0.0],"evs":[0.0,-3.9606]},"92s":{"weight":1.0,"played":[1.0,0.0],"evs":[0.0,-3.32742]},"93s":{"weight":1.0,"played":[1.0,0.0],"evs":[0.0,-3.32288]},"94s":{"weight":1.0,"played":[1.0,0.0],"evs":[0.0,-3.21214]},"95s":{"weight":1.0,"played":[1.0,0.0],"evs":[0.0,-2.53246]},"96s":{"weight":1.0,"played":[0.9997,3.0E-4],"evs":[0.0,-1.43766]},"97s":{"weight":1.0,"played":[0.9999,1.0E-4],"evs":[0.0,-1.12279]},"98s":{"weight":1.0,"played":[0.9996,4.0E-4],"evs":[0.0,-0.76163]},"99":{"weight":1.0,"played":[0.0,1.0],"evs":[0.0,4.10281]},"T9o":{"weight":1.0,"played":[1.0,0.0],"evs":[0.0,-2.35969]},"J9o":{"weight":1.0,"played":[1.0,0.0],"evs":[0.0,-2.76282]},"Q9o":{"weight":1.0,"played":[1.0,0.0],"evs":[0.0,-2.88241]},"K9o":{"weight":1.0,"played":[1.0,0.0],"evs":[0.0,-2.63761]},"A9o":{"weight":1.0,"played":[1.0,0.0],"evs":[0.0,-3.72413]},"T2s":{"weight":1.0,"played":[1.0,0.0],"evs":[0.0,-3.4517]},"T3s":{"weight":1.0,"played":[1.0,0.0],"evs":[0.0,-2.9921]},"T4s":{"weight":1.0,"played":[1.0,0.0],"evs":[0.0,-2.80542]},"T5s":{"weight":1.0,"played":[1.0,0.0],"evs":[0.0,-2.76893]},"T6s":{"weight":1.0,"played":[1.0,0.0],"evs":[0.0,-2.37309]},"T7s":{"weight":1.0,"played":[1.0,0.0],"evs":[0.0,-1.41849]},"T8s":{"weight":1.0,"played":[0.999,0.001],"evs":[0.0,-0.57675]},"T9s":{"weight":1.0,"played":[0.9988,0.0012],"evs":[0.0,-0.33223]},"TT":{"weight":1.0,"played":[0.0,1.0],"evs":[0.0,6.03571]},"JTo":{"weight":1.0,"played":[1.0,0.0],"evs":[0.0,-1.77712]},"QTo":{"weight":1.0,"played":[1.0,0.0],"evs":[0.0,-1.78394]},"KTo":{"weight":1.0,"played":[1.0,0.0],"evs":[0.0,-1.76568]},"ATo":{"weight":1.0,"played":[0.9977,0.0023],"evs":[0.0,-2.39863]},"J2s":{"weight":1.0,"played":[1.0,0.0],"evs":[0.0,-3.44961]},"J3s":{"weight":1.0,"played":[1.0,0.0],"evs":[0.0,-3.00297]},"J4s":{"weight":1.0,"played":[1.0,0.0],"evs":[0.0,-2.681]},"J5s":{"weight":1.0,"played":[0.9998,2.0E-4],"evs":[0.0,-2.64145]},"J6s":{"weight":1.0,"played":[1.0,0.0],"evs":[0.0,-3.05649]},"J7s":{"weight":1.0,"played":[0.9998,2.0E-4],"evs":[0.0,-1.99391]},"J8s":{"weight":1.0,"played":[0.9995,5.0E-4],"evs":[0.0,-1.0881]},"J9s":{"weight":1.0,"played":[1.0,0.0],"evs":[0.0,-0.8144]},"JTs":{"weight":1.0,"played":[0.8752,0.1248],"evs":[0.0,0.00232]},"JJ":{"weight":1.0,"played":[0.0,1.0],"evs":[0.0,8.12048]},"QJo":{"weight":1.0,"played":[0.9999,1.0E-4],"evs":[0.0,-1.93118]},"KJo":{"weight":1.0,"played":[0.9999,1.0E-4],"evs":[0.0,-1.36769]},"AJo":{"weight":1.0,"played":[1.0,0.0],"evs":[0.0,-1.30922]},"Q2s":{"weight":1.0,"played":[1.0,0.0],"evs":[0.0,-3.01509]},"Q3s":{"weight":1.0,"played":[1.0,0.0],"evs":[0.0,-2.4044]},"Q4s":{"weight":1.0,"played":[0.9998,2.0E-4],"evs":[0.0,-2.93005]},"Q5s":{"weight":1.0,"played":[1.0,0.0],"evs":[0.0,-2.32179]},"Q6s":{"weight":1.0,"played":[0.9995,5.0E-4],"evs":[0.0,-1.87448]},"Q7s":{"weight":1.0,"played":[0.9999,1.0E-4],"evs":[0.0,-2.14225]},"Q8s":{"weight":1.0,"played":[0.9997,3.0E-4],"evs":[0.0,-1.27757]},"Q9s":{"weight":1.0,"played":[0.9969,0.0031],"evs":[0.0,-0.78678]},"QTs":{"weight":1.0,"played":[0.4783,0.5217],"evs":[0.0,-0.16454]},"QJs":{"weight":1.0,"played":[0.883,0.117],"evs":[0.0,-0.01064]},"QQ":{"weight":1.0,"played":[0.0,1.0],"evs":[0.0,11.76976]},"KQo":{"weight":1.0,"played":[0.9982,0.0018],"evs":[0.0,-0.52341]},"AQo":{"weight":1.0,"played":[4.0E-4,0.9996],"evs":[0.0,0.47344]},"K2s":{"weight":1.0,"played":[0.9997,3.0E-4],"evs":[0.0,-2.12018]},"K3s":{"weight":1.0,"played":[0.9999,1.0E-4],"evs":[0.0,-2.04355]},"K4s":{"weight":1.0,"played":[1.0,0.0],"evs":[0.0,-2.03624]},"K5s":{"weight":1.0,"played":[0.9998,2.0E-4],"evs":[0.0,-1.58008]},"K6s":{"weight":1.0,"played":[0.9998,2.0E-4],"evs":[0.0,-2.10315]},"K7s":{"weight":1.0,"played":[0.9999,1.0E-4],"evs":[0.0,-1.86273]},"K8s":{"weight":1.0,"played":[0.9991,9.0E-4],"evs":[0.0,-1.14709]},"K9s":{"weight":1.0,"played":[0.9968,0.0032],"evs":[0.0,-0.40415]},"KTs":{"weight":1.0,"played":[0.0076,0.9924],"evs":[0.0,0.32625]},"KJs":{"weight":1.0,"played":[0.0238,0.9762],"evs":[0.0,0.86953]},"KQs":{"weight":1.0,"played":[0.0078,0.9922],"evs":[0.0,1.37152]},"KK":{"weight":1.0,"played":[0.0,1.0],"evs":[0.0,17.0314]},"AKo":{"weight":1.0,"played":[0.0,1.0],"evs":[0.0,3.17144]},"A2s":{"weight":1.0,"played":[0.9996,4.0E-4],"evs":[0.0,-2.57308]},"A3s":{"weight":1.0,"played":[1.0,0.0],"evs":[0.0,-2.53804]},"A4s":{"weight":1.0,"played":[1.0,0.0],"evs":[0.0,-1.87309]},"A5s":{"weight":1.0,"played":[0.9999,1.0E-4],"evs":[0.0,-1.62982]},"A6s":{"weight":1.0,"played":[0.9999,1.0E-4],"evs":[0.0,-2.00673]},"A7s":{"weight":1.0,"played":[0.9995,5.0E-4],"evs":[0.0,-2.11823]},"A8s":{"weight":1.0,"played":[0.9995,5.0E-4],"evs":[0.0,-1.75393]},"A9s":{"weight":1.0,"played":[0.9999,1.0E-4],"evs":[0.0,-1.89166]},"ATs":{"weight":1.0,"played":[0.8703,0.1297],"evs":[0.0,-0.29523]},"AJs":{"weight":1.0,"played":[1.0E-4,0.9999],"evs":[0.0,0.80779]},"AQs":{"weight":1.0,"played":[0.0,1.0],"evs":[0.0,2.48866]},"AKs":{"weight":1.0,"played":[0.0,1.0],"evs":[0.0,4.49291]},"AA":{"weight":1.0,"played":[0.0,1.0],"evs":[0.0,22.75101]}}}