{"player":3,"street":0,"children":2,"sequence":[{"player":0,"type":"F","amount":0,"street":0},{"player":1,"type":"F","amount":0,"street":0},{"player":2,"type":"R","amount":200000,"street":0},{"player":3,"type":"C","amount":200000,"street":0},{"player":4,"type":"F","amount":0,"street":0},{"player":5,"type":"R","amount":1195000,"street":0},{"player":2,"type":"F","amount":0,"street":0}],"actions":[{"type":"F","amount":0},{"type":"C","amount":405000}],"hands":{"22":{"weight":0.0,"played":[1.0E-4,0.9999],"evs":[0.0,2.07768]},"32o":{"weight":0.0,"played":[0.8747,0.1253],"evs":[0.0,-0.238]},"42o":{"weight":0.0,"played":[0.0878,0.9122],"evs":[0.0,1.11103]},"52o":{"weight":0.0,"played":[0.9005,0.0995],"evs":[0.0,-0.16982]},"62o":{"weight":0.0,"played":[0.0192,0.9808],"evs":[0.0,0.32095]},"72o":{"weight":0.0,"played":[0.9085,0.0915],"evs":[0.0,-0.36334]},"82o":{"weight":0.0,"played":[0.2151,0.7849],"evs":[0.0,1.01062]},"92o":{"weight":0.0,"played":[0.0571,0.9429],"evs":[0.0,0.42388]},"T2o":{"weight":0.0,"played":[0.3445,0.6555],"evs":[0.0,0.12443]},"J2o":{"weight":0.0,"played":[0.4784,0.5216],"evs":[0.0,-0.09971]},"Q2o":{"weight":0.0,"played":[0.0945,0.9055],"evs":[0.0,1.30565]},"K2o":{"weight":0.0,"played":[0.0102,0.9898],"evs":[0.0,1.34954]},"A2o":{"weight":0.0,"played":[1.0E-4,0.9999],"evs":[0.0,2.83397]},"32s":{"weight":0.0,"played":[0.0147,0.9853],"evs":[0.0,1.46219]},"33":{"weight":0.0,"played":[9.0E-4,0.9991],"evs":[0.0,4.05609]},"43o":{"weight":0.0,"played":[0.3098,0.6902],"evs":[0.0,0.26304]},"53o":{"weight":0.0,"played":[0.0037,0.9963],"evs":[0.0,0.52928]},"63o":{"weight":0.0,"played":[0.0045,0.9955],"evs":[0.0,1.36242]},"73o":{"weight":0.0,"played":[0.0159,0.9841],"evs":[0.0,0.75807]},"83o":{"weight":0.0,"played":[0.0013,0.9987],"evs":[0.0,0.67642]},"93o":{"weight":0.0,"played":[0.2507,0.7493],"evs":[0.0,0.18307]},"T3o":{"weight":0.0,"played":[0.0026,0.9974],"evs":[0.0,1.44018]},"J3o":{"weight":0.0,"played":[0.0565,0.9435],"evs":[0.0,0.48989]},"Q3o":{"weight":0.0,"played":[2.0E-4,0.9998],"evs":[0.0,0.88148]},"K3o":{"weight":0.0,"played":[0.0019,0.9981],"evs":[0.0,1.64956]},"A3o":{"weight":0.0,"played":[6.0E-4,0.9994],"evs":[0.0,3.73844]},"42s":{"weight":0.0,"played":[0.4418,0.5582],"evs":[0.0,1.10111]},"43s":{"weight":0.0,"played":[0.0124,0.9876],"evs":[0.0,1.40861]},"44":{"weight":0.0,"played":[5.0E-4,0.9995],"evs":[0.0,4.35234]},"54o":{"weight":0.0,"played":[0.0058,0.9942],"evs":[0.0,1.59143]},"64o":{"weight":0.0,"played":[0.0092,0.9908],"evs":[0.0,1.17705]},"74o":{"weight":0.0,"played":[0.0055,0.9945],"evs":[0.0,0.25445]},"84o":{"weight":0.0,"played":[0.0049,0.9951],"evs":[0.0,1.52878]},"94o":{"weight":0.0,"played":[0.0285,0.9715],"evs":[0.0,0.50557]},"T4o":{"weight":0.0,"played":[0.0178,0.9822],"evs":[0.0,1.22931]},"J4o":{"weight":0.0,"played":[0.0,1.0],"evs":[0.0,0.46305]},"Q4o":{"weight":0.0,"played":[1.0E-4,0.9999],"evs":[0.0,1.05772]},"K4o":{"weight":0.0,"played":[2.0E-4,0.9998],"evs":[0.0,1.16185]},"A4o":{"weight":0.0,"played":[8.0E-4,0.9992],"evs":[0.0,3.719]},"52s":{"weight":0.0,"played":[0.2035,0.7965],"evs":[0.0,0.85362]},"53s":{"weight":0.0,"played":[0.0021,0.9979],"evs":[0.0,0.79867]},"54s":{"weight":0.0,"played":[0.3809,0.6191],"evs":[0.0,0.88951]},"55":{"weight":2.0E-4,"played":[0.0047,0.9953],"evs":[0.0,3.66195]},"65o":{"weight":0.0,"played":[0.0095,0.9905],"evs":[0.0,2.12033]},"75o":{"weight":0.0,"played":[0.016,0.984],"evs":[0.0,2.26597]},"85o":{"weight":0.0,"played":[0.0029,0.9971],"evs":[0.0,1.4387]},"95o":{"weight":0.0,"played":[0.0,1.0],"evs":[0.0,0.76132]},"T5o":{"weight":0.0,"played":[0.0044,0.9956],"evs":[0.0,0.94364]},"J5o":{"weight":0.0,"played":[2.0E-4,0.9998],"evs":[0.0,1.06452]},"Q5o":{"weight":0.0,"played":[0.0017,0.9983],"evs":[0.0,1.80231]},"K5o":{"weight":0.0,"played":[0.0135,0.9865],"evs":[0.0,1.60641]},"A5o":{"weight":0.0,"played":[4.0E-4,0.9996],"evs":[0.0,1.70443]},"62s":{"weight":0.0,"played":[0.3683,0.6317],"evs":[0.0,1.11194]},"63s":{"weight":0.0,"played":[0.0117,0.9883],"evs":[0.0,1.11367]},"64s":{"weight":1.0E-4,"played":[0.0422,0.9578],"evs":[0.0,0.84205]},"65s":{"weight":0.0,"played":[1.0E-4,0.9999],"evs":[0.0,2.6539]},"66":{"weight":0.0092,"played":[3.0E-4,0.9997],"evs":[0.0,4.06097]},"76o":{"weight":0.0,"played":[0.0073,0.9927],"evs":[0.0,1.53941]},"86o":{"weight":0.0,"played":[0.0188,0.9812],"evs":[0.0,0.42821]},"96o":{"weight":0.0,"played":[0.0089,0.9911],"evs":[0.0,0.59845]},"T6o":{"weight":0.0,"played":[5.0E-4,0.9995],"evs":[0.0,1.16594]},"J6o":{"weight":0.0,"played":[0.0546,0.9454],"evs":[0.0,1.09685]},"Q6o":{"weight":0.0,"played":[0.0027,0.9973],"evs":[0.0,0.90868]},"K6o":{"weight":0.0,"played":[0.0035,0.9965],"evs":[0.0,2.2967]},"A6o":{"weight":0.0,"played":[2.0E-4,0.9998],"evs":[0.0,2.79971]},"72s":{"weight":0.0,"played":[0.0639,0.9361],"evs":[0.0,1.88287]},"73s":{"weight":0.0,"played":[0.6543,0.3457],"evs":[0.0,-0.09397]},"74s":{"weight":0.0,"played":[0.0062,0.9938],"evs":[0.0,2.98743]},"75s":{"weight":0.0,"played":[0.2164,0.7836],"evs":[0.0,1.13038]},"76s":{"weight":1.0E-4,"played":[0.001,0.999],"evs":[0.0,2.7993]},"77":{"weight":0.056,"played":[4.0E-4,0.9996],"evs":[0.0,4.45805]},"87o":{"weight":0.0,"played":[6.0E-4,0.9994],"evs":[0.0,2.83324]},"97o":{"weight":0.0,"played":[9.0E-4,0.9991],"evs":[0.0,1.80489]},"T7o":{"weight":0.0,"played":[0.002,0.998],"evs":[0.0,1.46425]},"J7o":{"weight":0.0,"played":[0.0011,0.9989],"evs":[0.0,1.04871]},"Q7o":{"weight":0.0,"played":[0.0016,0.9984],"evs":[0.0,2.26427]},"K7o":{"weight":0.0,"played":[0.0015,0.9985],"evs":[0.0,2.19015]},"A7o":{"weight":0.0012,"played":[0.0,1.0],"evs":[0.0,3.27717]},"82s":{"weight":0.0,"played":[0.2166,0.7834],"evs":[0.0,1.51253]},"83s":{"weight":0.0,"played":[0.1319,0.8681],"evs":[0.0,1.53065]},"84s":{"weight":0.0,"played":[0.0505,0.9495],"evs":[0.0,1.23275]},"85s":{"weight":0.0,"played":[0.0069,0.9931],"evs":[0.0,2.72039]},"86s":{"weight":0.0,"played":[0.0068,0.9932],"evs":[0.0,1.77608]},"87s":{"weight":0.0,"played":[0.0118,0.9882],"evs":[0.0,1.02107]},"88":{"weight":0.1608,"played":[1.0E-4,0.9999],"evs":[0.0,4.62499]},"98o":{"weight":0.0,"played":[0.0094,0.9906],"evs":[0.0,1.29447]},"T8o":{"weight":0.0,"played":[0.0,1.0],"evs":[0.0,0.94223]},"J8o":{"weight":0.0,"played":[0.0131,0.9869],"evs":[0.0,0.9477]},"Q8o":{"weight":0.0,"played":[0.1215,0.8785],"evs":[0.0,1.70477]},"K8o":{"weight":0.0,"played":[5.0E-4,0.9995],"evs":[0.0,2.57028]},"A8o":{"weight":0.0,"played":[1.0E-4,0.9999],"evs":[0.0,3.43096]},"92s":{"weight":0.0,"played":[0.0071,0.9929],"evs":[0.0,2.01375]},"93s":{"weight":0.0,"played":[0.0,1.0],"evs":[0.0,1.62155]},"94s":{"weight":0.0,"played":[0.0349,0.9651],"evs":[0.0,1.44176]},"95s":{"weight":0.0,"played":[0.073,0.927],"evs":[0.0,1.25007]},"96s":{"weight":0.0,"played":[0.0181,0.9819],"evs":[0.0,2.94802]},"97s":{"weight":2.0E-4,"played":[0.0,1.0],"evs":[0.0,2.65506]},"98s":{"weight":0.0,"played":[0.0,1.0],"evs":[0.0,2.723]},"99":{"weight":0.0034,"played":[0.0,1.0],"evs":[0.0,5.9526]},"T9o":{"weight":0.0,"played":[0.0,1.0],"evs":[0.0,2.05177]},"J9o":{"weight":0.0,"played":[0.0072,0.9928],"evs":[0.0,1.70144]},"Q9o":{"weight":0.0,"played":[0.0,1.0],"evs":[0.0,1.65589]},"K9o":{"weight":0.0,"played":[3.0E-4,0.9997],"evs":[0.0,2.97361]},"A9o":{"weight":0.0046,"played":[6.0E-4,0.9994],"evs":[0.0,4.65741]},"T2s":{"weight":0.0,"played":[0.3564,0.6436],"evs":[0.0,0.29959]},"T3s":{"weight":0.0,"played":[0.1209,0.8791],"evs":[0.0,0.06356]},"T4s":{"weight":0.0,"played":[0.0282,0.9718],"evs":[0.0,2.68618]},"T5s":{"weight":0.0,"played":[0.2518,0.7482],"evs":[0.0,0.17424]},"T6s":{"weight":0.0,"played":[5.0E-4,0.9995],"evs":[0.0,2.26358]},"T7s":{"weight":0.0,"played":[4.0E-4,0.9996],"evs":[0.0,1.84135]},"T8s":{"weight":0.0,"played":[0.0276,0.9724],"evs":[0.0,1.64273]},"T9s":{"weight":0.0016,"played":[0.0,1.0],"evs":[0.0,1.95963]},"TT":{"weight":0.0027,"played":[6.0E-4,0.9994],"evs":[0.0,6.46638]},"JTo":{"weight":0.0,"played":[0.0,1.0],"evs":[0.0,1.70213]},"QTo":{"weight":2.0E-4,"played":[3.0E-4,0.9997],"evs":[0.0,1.80461]},"KTo":{"weight":0.0036,"played":[2.0E-4,0.9998],"evs":[0.0,3.08989]},"ATo":{"weight":0.0,"played":[0.0,1.0],"evs":[0.0,4.5564]},"J2s":{"weight":0.0,"played":[0.0015,0.9985],"evs":[0.0,1.34697]},"J3s":{"weight":0.0,"played":[0.0051,0.9949],"evs":[0.0,1.50184]},"J4s":{"weight":0.0,"played":[0.0097,0.9903],"evs":[0.0,0.21174]},"J5s":{"weight":0.0,"played":[0.0015,0.9985],"evs":[0.0,0.68935]},"J6s":{"weight":0.0,"played":[0.0102,0.9898],"evs":[0.0,1.52895]},"J7s":{"weight":0.0,"played":[0.0322,0.9678],"evs":[0.0,1.10692]},"J8s":{"weight":0.0,"played":[0.0019,0.9981],"evs":[0.0,1.63362]},"J9s":{"weight":1.0E-4,"played":[0.0364,0.9636],"evs":[0.0,2.60861]},"JTs":{"weight":0.1959,"played":[0.0,1.0],"evs":[0.0,3.86926]},"JJ":{"weight":8.0E-4,"played":[0.0,1.0],"evs":[0.0,5.69887]},"QJo":{"weight":4.0E-4,"played":[1.0E-4,0.9999],"evs":[0.0,3.29814]},"KJo":{"weight":0.0015,"played":[1.0E-4,0.9999],"evs":[0.0,3.26314]},"AJo":{"weight":5.0E-4,"played":[0.0,1.0],"evs":[0.0,4.6776]},"Q2s":{"weight":1.0E-4,"played":[0.0831,0.9169],"evs":[0.0,1.10628]},"Q3s":{"weight":0.0,"played":[0.0126,0.9874],"evs":[0.0,2.92944]},"Q4s":{"weight":0.0,"played":[0.0039,0.9961],"evs":[0.0,1.38256]},"Q5s":{"weight":0.0,"played":[0.0062,0.9938],"evs":[0.0,2.32912]},"Q6s":{"weight":0.0,"played":[0.0376,0.9624],"evs":[0.0,1.82708]},"Q7s":{"weight":0.0,"played":[4.0E-4,0.9996],"evs":[0.0,3.16595]},"Q8s":{"weight":4.0E-4,"played":[0.0188,0.9812],"evs":[0.0,3.21679]},"Q9s":{"weight":0.0016,"played":[0.0314,0.9686],"evs":[0.0,3.46981]},"QTs":{"weight":0.5167,"played":[0.0018,0.9982],"evs":[0.0,3.38546]},"QJs":{"weight":0.046,"played":[0.0,1.0],"evs":[0.0,1.81059]},"QQ":{"weight":0.0,"played":[0.0,1.0],"evs":[0.0,6.87416]},"KQo":{"weight":0.0322,"played":[5.0E-4,0.9995],"evs":[0.0,3.63121]},"AQo":{"weight":0.0067,"played":[0.0,1.0],"evs":[0.0,5.49092]},"K2s":{"weight":0.0,"played":[0.0027,0.9973],"evs":[0.0,2.496]},"K3s":{"weight":0.0,"played":[4.0E-4,0.9996],"evs":[0.0,1.58388]},"K4s":{"weight":0.0,"played":[0.008,0.992],"evs":[0.0,1.90232]},"K5s":{"weight":1.0E-4,"played":[0.0158,0.9842],"evs":[0.0,1.09844]},"K6s":{"weight":1.0E-4,"played":[0.0,1.0],"evs":[0.0,2.05606]},"K7s":{"weight":0.0,"played":[5.0E-4,0.9995],"evs":[0.0,2.86819]},"K8s":{"weight":1.0E-4,"played":[7.0E-4,0.9993],"evs":[0.0,2.45988]},"K9s":{"weight":5.0E-4,"played":[0.0088,0.9912],"evs":[0.0,1.68467]},"KTs":{"weight":0.0027,"played":[0.0,1.0],"evs":[0.0,4.11866]},"KJs":{"weight":0.0049,"played":[0.001,0.999],"evs":[0.0,2.85462]},"KQs":{"weight":0.1522,"played":[0.0,1.0],"evs":[0.0,2.06814]},"KK":{"weight":1.0E-4,"played":[0.0,1.0],"evs":[0.0,7.22353]},"AKo":{"weight":0.0051,"played":[0.0,1.0],"evs":[0.0,6.12743]},"A2s":{"weight":0.0451,"played":[0.0567,0.9433],"evs":[0.0,3.12037]},"A3s":{"weight":0.3328,"played":[0.002,0.998],"evs":[0.0,3.2366]},"A4s":{"weight":0.2575,"played":[3.0E-4,0.9997],"evs":[0.0,4.57713]},"A5s":{"weight":0.0357,"played":[2.0E-4,0.9998],"evs":[0.0,3.36841]},"A6s":{"weight":0.0024,"played":[0.0,1.0],"evs":[0.0,4.42974]},"A7s":{"weight":0.1248,"played":[0.0082,0.9918],"evs":[0.0,3.792]},"A8s":{"weight":0.0,"played":[0.006,0.994],"evs":[0.0,4.11939]},"A9s":{"weight":0.0083,"played":[7.0E-4,0.9993],"evs":[0.0,4.69003]},"ATs":{"weight":0.0026,"played":[0.0,1.0],"evs":[0.0,4.99387]},"AJs":{"weight":0.0063,"played":[0.0078,0.9922],"evs":[0.0,4.61618]},"AQs":{"weight":0.0,"played":[3.0E-4,0.9997],"evs":[0.0,6.11311]},"AKs":{"weight":0.0013,"played":[0.0,1.0],"evs":[0.0,7.19407]},"AA":{"weight":0.3309,"played":[0.0,1.0],"evs":[0.0,9.48304]}}}