{"player":0,"street":0,"children":2,"sequence":[{"player":0,"type":"R","amount":200000,"street":0},{"player":1,"type":"F","amount":0,"street":0},{"player":2,"type":"R","amount":1195000,"street":0},{"player":3,"type":"C","amount":605000,"street":0},{"player":4,"type":"F","amount":0,"street":0},{"player":5,"type":"R","amount":1875000,"street":0}],"actions":[{"type":"F","amount":0},{"type":"C","amount":1675000}],"hands":{"22":{"weight":0.6958,"played":[0.195,0.805],"evs":[0.0,0.04651]},"32o":{"weight":0.0,"played":[1.0,0.0],"evs":[0.0,-4.6591]},"42o":{"weight":0.0,"played":[1.0,0.0],"evs":[0.0,-4.43646]},"52o":{"weight":0.0,"played":[0.9999,1.0E-4],"evs":[0.0,-4.08996]},"62o":{"weight":0.0,"played":[1.0,0.0],"evs":[0.0,-4.21119]},"72o":{"weight":0.0,"played":[0.9994,6.0E-4],"evs":[0.0,-5.01663]},"82o":{"weight":0.0,"played":[1.0,0.0],"evs":[0.0,-4.14872]},"92o":{"weight":0.0,"played":[1.0,0.0],"evs":[0.0,-4.28706]},"T2o":{"weight":0.0,"played":[1.0,0.0],"evs":[0.0,-4.48849]},"J2o":{"weight":0.0,"played":[0.9999,1.0E-4],"evs":[0.0,-4.52732]},"Q2o":{"weight":0.0,"played":[0.9995,5.0E-4],"evs":[0.0,-4.01901]},"K2o":{"weight":0.0,"played":[0.9996,4.0E-4],"evs":[0.0,-3.97226]},"A2o":{"weight":0.0,"played":[0.9984,0.0016],"evs":[0.0,-2.91614]},"32s":{"weight":0.0,"played":[0.9997,3.0E-4],"evs":[0.0,-1.73968]},"33":{"weight":0.9599,"played":[0.0564,0.9436],"evs":[0.0,0.55256]},"43o":{"weight":0.0,"played":[0.9999,1.0E-4],"evs":[0.0,-3.20338]},"53o":{"weight":0.0,"played":[0.9993,7.0E-4],"evs":[0.0,-2.8039]},"63o":{"weight":0.0,"played":[1.0,0.0],"evs":[0.0,-2.93552]},"73o":{"weight":0.0,"played":[1.0,0.0],"evs":[0.0,-4.08468]},"83o":{"weight":0.0,"played":[1.0,0.0],"evs":[0.0,-4.36564]},"93o":{"weight":0.0,"played":[0.9999,1.0E-4],"evs":[0.0,-4.27247]},"T3o":{"weight":0.0,"played":[0.9994,6.0E-4],"evs":[0.0,-4.20148]},"J3o":{"weight":0.0,"played":[0.9982,0.0018],"evs":[0.0,-4.33241]},"Q3o":{"weight":0.0,"played":[0.9988,0.0012],"evs":[0.0,-4.00372]},"K3o":{"weight":0.0,"played":[0.9975,0.0025],"evs":[0.0,-3.51162]},"A3o":{"weight":0.0,"played":[0.9996,4.0E-4],"evs":[0.0,-3.17999]},"42s":{"weight":0.0,"played":[0.998,0.002],"evs":[0.0,-2.34557]},"43s":{"weight":0.0,"played":[0.8793,0.1207],"evs":[0.0,-0.95472]},"44":{"weight":0.9292,"played":[0.003,0.997],"evs":[0.0,0.82129]},"54o":{"weight":0.0,"played":[0.9995,5.0E-4],"evs":[0.0,-2.08824]},"64o":{"weight":0.0,"played":[1.0,0.0],"evs":[0.0,-2.25709]},"74o":{"weight":0.0,"played":[0.9996,4.0E-4],"evs":[0.0,-2.68118]},"84o":{"weight":0.0,"played":[0.9997,3.0E-4],"evs":[0.0,-3.46953]},"94o":{"weight":0.0,"played":[0.9995,5.0E-4],"evs":[0.0,-4.37123]},"T4o":{"weight":0.0,"played":[0.9997,3.0E-4],"evs":[0.0,-3.84454]},"J4o":{"weight":0.0,"played":[0.9999,1.0E-4],"evs":[0.0,-4.43063]},"Q4o":{"weight":0.0,"played":[0.9999,1.0E-4],"evs":[0.0,-3.5039]},"K4o":{"weight":0.0,"played":[0.9999,1.0E-4],"evs":[0.0,-3.3294]},"A4o":{"weight":0.0,"played":[0.997,0.003],"evs":[0.0,-2.17593]},"52s":{"weight":0.0,"played":[0.9999,1.0E-4],"evs":[0.0,-2.35372]},"53s":{"weight":0.0,"played":[0.9319,0.0681],"evs":[0.0,-1.23185]},"54s":{"weight":0.0,"played":[8.0E-4,0.9992],"evs":[0.0,0.43047]},"55":{"weight":0.986,"played":[0.0,1.0],"evs":[0.0,2.37639]},"65o":{"weight":0.0,"played":[0.9826,0.0174],"evs":[0.0,-0.75215]},"75o":{"weight":0.0,"played":[0.9996,4.0E-4],"evs":[0.0,-1.64881]},"85o":{"weight":0.0,"played":[0.999,0.001],"evs":[0.0,-2.2739]},"95o":{"weight":0.0,"played":[0.9999,1.0E-4],"evs":[0.0,-3.17211]},"T5o":{"weight":0.0,"played":[1.0,0.0],"evs":[0.0,-3.62609]},"J5o":{"weight":0.0,"played":[0.9999,1.0E-4],"evs":[0.0,-4.22549]},"Q5o":{"weight":0.0,"played":[1.0,0.0],"evs":[0.0,-3.7445]},"K5o":{"weight":0.0,"played":[0.9992,8.0E-4],"evs":[0.0,-2.89246]},"A5o":{"weight":1.0,"played":[0.9927,0.0073],"evs":[0.0,-1.88747]},"62s":{"weight":0.0,"played":[0.9988,0.0012],"evs":[0.0,-1.38398]},"63s":{"weight":0.0,"played":[0.9956,0.0044],"evs":[0.0,-0.77918]},"64s":{"weight":0.0,"played":[0.2558,0.7442],"evs":[0.0,0.26638]},"65s":{"weight":0.0,"played":[0.1616,0.8384],"evs":[0.0,0.3211]},"66":{"weight":0.7522,"played":[0.0,1.0],"evs":[0.0,3.28225]},"76o":{"weight":0.0,"played":[0.9766,0.0234],"evs":[0.0,-0.53446]},"86o":{"weight":0.0,"played":[0.993,0.007],"evs":[0.0,-1.1523]},"96o":{"weight":0.0,"played":[0.992,0.008],"evs":[0.0,-1.57464]},"T6o":{"weight":0.0,"played":[0.9996,4.0E-4],"evs":[0.0,-2.39664]},"J6o":{"weight":0.0,"played":[1.0,0.0],"evs":[0.0,-3.69863]},"Q6o":{"weight":0.0,"played":[0.9994,6.0E-4],"evs":[0.0,-3.02113]},"K6o":{"weight":0.0,"played":[0.9975,0.0025],"evs":[0.0,-2.50224]},"A6o":{"weight":3.0E-4,"played":[0.9966,0.0034],"evs":[0.0,-3.0741]},"72s":{"weight":0.0,"played":[0.9997,3.0E-4],"evs":[0.0,-2.0114]},"73s":{"weight":0.0,"played":[0.9848,0.0152],"evs":[0.0,-1.39479]},"74s":{"weight":0.0,"played":[0.6459,0.3541],"evs":[0.0,-0.35566]},"75s":{"weight":0.0,"played":[0.0028,0.9972],"evs":[0.0,0.65926]},"76s":{"weight":0.8966,"played":[0.0784,0.9216],"evs":[0.0,1.51727]},"77":{"weight":0.839,"played":[0.0,1.0],"evs":[0.0,4.03553]},"87o":{"weight":0.0,"played":[0.9882,0.0118],"evs":[0.0,-0.36688]},"97o":{"weight":0.0,"played":[0.9807,0.0193],"evs":[0.0,-1.68128]},"T7o":{"weight":0.0,"played":[0.9867,0.0133],"evs":[0.0,-2.13481]},"J7o":{"weight":0.0,"played":[0.997,0.003],"evs":[0.0,-2.49837]},"Q7o":{"weight":0.0,"played":[0.9949,0.0051],"evs":[0.0,-2.73435]},"K7o":{"weight":0.0,"played":[0.9974,0.0026],"evs":[0.0,-1.98053]},"A7o":{"weight":1.0,"played":[0.9997,3.0E-4],"evs":[0.0,-3.14649]},"82s":{"weight":0.0,"played":[0.9719,0.0281],"evs":[0.0,-1.97541]},"83s":{"weight":0.0,"played":[0.9921,0.0079],"evs":[0.0,-2.07358]},"84s":{"weight":0.0,"played":[0.9799,0.0201],"evs":[0.0,-1.27557]},"85s":{"weight":0.0,"played":[0.6242,0.3758],"evs":[0.0,0.50634]},"86s":{"weight":0.0,"played":[0.4735,0.5265],"evs":[0.0,0.00197]},"87s":{"weight":0.9998,"played":[4.0E-4,0.9996],"evs":[0.0,1.38849]},"88":{"weight":0.9982,"played":[0.0,1.0],"evs":[0.0,6.10998]},"98o":{"weight":0.0,"played":[0.7371,0.2629],"evs":[0.0,-0.7874]},"T8o":{"weight":0.0,"played":[0.8048,0.1952],"evs":[0.0,-0.49598]},"J8o":{"weight":0.0,"played":[0.9978,0.0022],"evs":[0.0,-2.08469]},"Q8o":{"weight":0.0,"played":[0.9864,0.0136],"evs":[0.0,-2.14213]},"K8o":{"weight":0.0,"played":[0.9986,0.0014],"evs":[0.0,-2.0004]},"A8o":{"weight":1.0,"played":[0.9964,0.0036],"evs":[0.0,-2.66684]},"92s":{"weight":0.0,"played":[0.9996,4.0E-4],"evs":[0.0,-1.86668]},"93s":{"weight":0.0,"played":[0.9859,0.0141],"evs":[0.0,-1.90868]},"94s":{"weight":0.0,"played":[0.9663,0.0337],"evs":[0.0,-1.31579]},"95s":{"weight":0.0,"played":[0.6987,0.3013],"evs":[0.0,-0.30245]},"96s":{"weight":0.0,"played":[0.7728,0.2272],"evs":[0.0,-1.47522]},"97s":{"weight":0.2425,"played":[0.0116,0.9884],"evs":[0.0,1.38963]},"98s":{"weight":1.0,"played":[2.0E-4,0.9998],"evs":[0.0,2.19623]},"99":{"weight":0.9999,"played":[0.0,1.0],"evs":[0.0,8.36364]},"T9o":{"weight":0.0,"played":[0.0416,0.9584],"evs":[0.0,0.26466]},"J9o":{"weight":0.0,"played":[0.902,0.098],"evs":[0.0,-1.40553]},"Q9o":{"weight":0.0,"played":[0.9878,0.0122],"evs":[0.0,-1.09559]},"K9o":{"weight":0.0,"played":[0.9971,0.0029],"evs":[0.0,-1.32187]},"A9o":{"weight":1.0,"played":[0.997,0.003],"evs":[0.0,-1.75848]},"T2s":{"weight":0.0,"played":[0.9989,0.0011],"evs":[0.0,-2.23926]},"T3s":{"weight":0.0,"played":[0.9789,0.0211],"evs":[0.0,-0.69484]},"T4s":{"weight":0.0,"played":[0.9963,0.0037],"evs":[0.0,-1.52103]},"T5s":{"weight":0.0,"played":[0.9956,0.0044],"evs":[0.0,-0.8109]},"T6s":{"weight":0.0,"played":[0.9936,0.0064],"evs":[0.0,-0.4534]},"T7s":{"weight":0.0,"played":[0.3899,0.6101],"evs":[0.0,-0.53008]},"T8s":{"weight":0.9999,"played":[0.0586,0.9414],"evs":[0.0,1.8561]},"T9s":{"weight":0.9992,"played":[0.0,1.0],"evs":[0.0,2.48215]},"TT":{"weight":1.0,"played":[0.0,1.0],"evs":[0.0,10.59324]},"JTo":{"weight":0.9998,"played":[0.9212,0.0788],"evs":[0.0,-0.34691]},"QTo":{"weight":1.0,"played":[0.9691,0.0309],"evs":[0.0,-0.77138]},"KTo":{"weight":0.9999,"played":[0.2556,0.7444],"evs":[0.0,-0.35307]},"ATo":{"weight":0.9995,"played":[0.4278,0.5722],"evs":[0.0,0.0096]},"J2s":{"weight":0.0,"played":[0.9994,6.0E-4],"evs":[0.0,-2.73596]},"J3s":{"weight":0.0,"played":[0.9478,0.0522],"evs":[0.0,-1.12439]},"J4s":{"weight":0.0,"played":[0.9907,0.0093],"evs":[0.0,-2.55736]},"J5s":{"weight":0.0,"played":[0.934,0.066],"evs":[0.0,-0.87183]},"J6s":{"weight":0.0,"played":[0.896,0.104],"evs":[0.0,-0.45515]},"J7s":{"weight":0.0,"played":[0.536,0.464],"evs":[0.0,-0.28999]},"J8s":{"weight":0.9993,"played":[0.146,0.854],"evs":[0.0,1.0924]},"J9s":{"weight":0.8909,"played":[0.0,1.0],"evs":[0.0,2.11731]},"JTs":{"weight":0.8441,"played":[1.0E-4,0.9999],"evs":[0.0,2.06513]},"JJ":{"weight":1.0,"played":[0.0,1.0],"evs":[0.0,13.72939]},"QJo":{"weight":1.0,"played":[0.954,0.046],"evs":[0.0,-0.86128]},"KJo":{"weight":0.9919,"played":[0.1188,0.8812],"evs":[0.0,0.45383]},"AJo":{"weight":0.8669,"played":[0.0,1.0],"evs":[0.0,1.12246]},"Q2s":{"weight":0.0,"played":[0.9993,7.0E-4],"evs":[0.0,-2.18183]},"Q3s":{"weight":0.0,"played":[0.9762,0.0238],"evs":[0.0,-1.20306]},"Q4s":{"weight":0.0,"played":[0.8772,0.1228],"evs":[0.0,-2.14592]},"Q5s":{"weight":0.0,"played":[0.5216,0.4784],"evs":[0.0,0.00371]},"Q6s":{"weight":0.0,"played":[0.9792,0.0208],"evs":[0.0,-1.29943]},"Q7s":{"weight":0.0,"played":[0.7437,0.2563],"evs":[0.0,-0.42718]},"Q8s":{"weight":0.9998,"played":[2.0E-4,0.9998],"evs":[0.0,0.53752]},"Q9s":{"weight":0.9999,"played":[0.0133,0.9867],"evs":[0.0,0.97465]},"QTs":{"weight":0.9988,"played":[0.0012,0.9988],"evs":[0.0,1.19746]},"QJs":{"weight":0.9977,"played":[0.0,1.0],"evs":[0.0,2.54615]},"QQ":{"weight":1.0,"played":[0.0,1.0],"evs":[0.0,17.47395]},"KQo":{"weight":0.9491,"played":[0.0,1.0],"evs":[0.0,1.38851]},"AQo":{"weight":0.9015,"played":[0.0,1.0],"evs":[0.0,3.2105]},"K2s":{"weight":0.0,"played":[0.9666,0.0334],"evs":[0.0,-0.8257]},"K3s":{"weight":0.0,"played":[0.0198,0.9802],"evs":[0.0,0.25051]},"K4s":{"weight":0.0,"played":[0.9513,0.0487],"evs":[0.0,-0.36326]},"K5s":{"weight":0.765,"played":[0.1932,0.8068],"evs":[0.0,0.36452]},"K6s":{"weight":1.0,"played":[0.0011,0.9989],"evs":[0.0,0.82286]},"K7s":{"weight":1.0,"played":[0.0079,0.9921],"evs":[0.0,0.40462]},"K8s":{"weight":1.0,"played":[0.0104,0.9896],"evs":[0.0,0.85661]},"K9s":{"weight":0.999,"played":[0.0,1.0],"evs":[0.0,1.65705]},"KTs":{"weight":0.7429,"played":[8.0E-4,0.9992],"evs":[0.0,1.9101]},"KJs":{"weight":0.9998,"played":[0.0,1.0],"evs":[0.0,1.87606]},"KQs":{"weight":1.0,"played":[0.0,1.0],"evs":[0.0,3.3231]},"KK":{"weight":1.0,"played":[0.0,1.0],"evs":[0.0,23.93225]},"AKo":{"weight":1.0,"played":[0.0,1.0],"evs":[0.0,6.74499]},"A2s":{"weight":0.9993,"played":[0.9967,0.0033],"evs":[0.0,-1.40134]},"A3s":{"weight":0.9983,"played":[0.8641,0.1359],"evs":[0.0,-0.30909]},"A4s":{"weight":0.9692,"played":[0.8358,0.1642],"evs":[0.0,-0.21417]},"A5s":{"weight":0.7218,"played":[0.4836,0.5164],"evs":[0.0,0.80288]},"A6s":{"weight":0.993,"played":[0.1661,0.8339],"evs":[0.0,0.01004]},"A7s":{"weight":0.9999,"played":[0.7634,0.2366],"evs":[0.0,-0.05758]},"A8s":{"weight":1.0,"played":[0.03,0.97],"evs":[0.0,0.75535]},"A9s":{"weight":1.0,"played":[5.0E-4,0.9995],"evs":[0.0,1.07509]},"ATs":{"weight":1.0,"played":[0.0,1.0],"evs":[0.0,2.29619]},"AJs":{"weight":1.0,"played":[0.0,1.0],"evs":[0.0,3.454]},"AQs":{"weight":1.0,"played":[0.0,1.0],"evs":[0.0,6.74275]},"AKs":{"weight":1.0,"played":[0.0,1.0],"evs":[0.0,8.70312]},"AA":{"weight":1.0,"played":[0.0,1.0],"evs":[0.0,30.01709]}}}