{"player":1,"street":0,"children":2,"sequence":[{"player":0,"type":"R","amount":200000,"street":0},{"player":1,"type":"C","amount":200000,"street":0},{"player":2,"type":"F","amount":0,"street":0},{"player":3,"type":"F","amount":0,"street":0},{"player":4,"type":"F","amount":0,"street":0},{"player":5,"type":"R","amount":1875000,"street":0},{"player":0,"type":"F","amount":0,"street":0}],"actions":[{"type":"F","amount":0},{"type":"C","amount":1675000}],"hands":{"22":{"weight":0.0,"played":[0.9983,0.0017],"evs":[0.0,-0.28492]},"32o":{"weight":0.0,"played":[1.0,0.0],"evs":[0.0,-5.60692]},"42o":{"weight":0.0,"played":[1.0,0.0],"evs":[0.0,-5.29093]},"52o":{"weight":0.0,"played":[1.0,0.0],"evs":[0.0,-5.15723]},"62o":{"weight":0.0,"played":[1.0,0.0],"evs":[0.0,-5.83471]},"72o":{"weight":0.0,"played":[1.0,0.0],"evs":[0.0,-6.01363]},"82o":{"weight":0.0,"played":[1.0,0.0],"evs":[0.0,-5.60973]},"92o":{"weight":0.0,"played":[1.0,0.0],"evs":[0.0,-5.13242]},"T2o":{"weight":0.0,"played":[1.0,0.0],"evs":[0.0,-4.9578]},"J2o":{"weight":0.0,"played":[1.0,0.0],"evs":[0.0,-5.01215]},"Q2o":{"weight":0.0,"played":[1.0,0.0],"evs":[0.0,-4.49236]},"K2o":{"weight":0.0,"played":[1.0,0.0],"evs":[0.0,-3.89822]},"A2o":{"weight":0.0,"played":[1.0,0.0],"evs":[0.0,-3.46393]},"32s":{"weight":0.0,"played":[1.0,0.0],"evs":[0.0,-4.02483]},"33":{"weight":0.9647,"played":[0.577,0.423],"evs":[0.0,0.02115]},"43o":{"weight":0.0,"played":[1.0,0.0],"evs":[0.0,-4.61972]},"53o":{"weight":0.0,"played":[1.0,0.0],"evs":[0.0,-4.49859]},"63o":{"weight":0.0,"played":[1.0,0.0],"evs":[0.0,-4.98031]},"73o":{"weight":0.0,"played":[1.0,0.0],"evs":[0.0,-5.40572]},"83o":{"weight":0.0,"played":[1.0,0.0],"evs":[0.0,-5.42349]},"93o":{"weight":0.0,"played":[1.0,0.0],"evs":[0.0,-4.80384]},"T3o":{"weight":0.0,"played":[1.0,0.0],"evs":[0.0,-4.81424]},"J3o":{"weight":0.0,"played":[1.0,0.0],"evs":[0.0,-4.85593]},"Q3o":{"weight":0.0,"played":[1.0,0.0],"evs":[0.0,-4.22949]},"K3o":{"weight":0.0,"played":[1.0,0.0],"evs":[0.0,-3.65197]},"A3o":{"weight":0.0,"played":[1.0,0.0],"evs":[0.0,-2.92579]},"42s":{"weight":0.0,"played":[1.0,0.0],"evs":[0.0,-3.54923]},"43s":{"weight":0.0,"played":[1.0,0.0],"evs":[0.0,-2.83564]},"44":{"weight":0.9463,"played":[0.0055,0.9945],"evs":[0.0,0.29954]},"54o":{"weight":0.0,"played":[1.0,0.0],"evs":[0.0,-3.71642]},"64o":{"weight":0.0,"played":[1.0,0.0],"evs":[0.0,-4.31384]},"74o":{"weight":0.0,"played":[1.0,0.0],"evs":[0.0,-4.66234]},"84o":{"weight":0.0,"played":[1.0,0.0],"evs":[0.0,-4.86036]},"94o":{"weight":0.0,"played":[1.0,0.0],"evs":[0.0,-4.86553]},"T4o":{"weight":0.0,"played":[1.0,0.0],"evs":[0.0,-4.63143]},"J4o":{"weight":0.0,"played":[1.0,0.0],"evs":[0.0,-4.59309]},"Q4o":{"weight":0.0,"played":[1.0,0.0],"evs":[0.0,-4.1639]},"K4o":{"weight":0.0,"played":[1.0,0.0],"evs":[0.0,-3.53691]},"A4o":{"weight":0.0,"played":[1.0,0.0],"evs":[0.0,-3.02558]},"52s":{"weight":0.0,"played":[1.0,0.0],"evs":[0.0,-3.27345]},"53s":{"weight":0.0,"played":[1.0,0.0],"evs":[0.0,-2.61657]},"54s":{"weight":0.0,"played":[1.0,0.0],"evs":[0.0,-2.31855]},"55":{"weight":0.9904,"played":[0.0,1.0],"evs":[0.0,0.48314]},"65o":{"weight":0.0,"played":[1.0,0.0],"evs":[0.0,-3.75721]},"75o":{"weight":0.0,"played":[1.0,0.0],"evs":[0.0,-4.01101]},"85o":{"weight":0.0,"played":[1.0,0.0],"evs":[0.0,-4.10508]},"95o":{"weight":0.0,"played":[1.0,0.0],"evs":[0.0,-4.25729]},"T5o":{"weight":0.0,"played":[1.0,0.0],"evs":[0.0,-4.68404]},"J5o":{"weight":0.0,"played":[1.0,0.0],"evs":[0.0,-4.42718]},"Q5o":{"weight":0.0,"played":[1.0,0.0],"evs":[0.0,-3.947]},"K5o":{"weight":0.0,"played":[1.0,0.0],"evs":[0.0,-3.42454]},"A5o":{"weight":0.0,"played":[1.0,0.0],"evs":[0.0,-2.79626]},"62s":{"weight":0.0,"played":[1.0,0.0],"evs":[0.0,-3.84499]},"63s":{"weight":0.0,"played":[1.0,0.0],"evs":[0.0,-3.22023]},"64s":{"weight":0.0,"played":[1.0,0.0],"evs":[0.0,-2.3016]},"65s":{"weight":0.0,"played":[1.0,0.0],"evs":[0.0,-2.17642]},"66":{"weight":0.3348,"played":[0.0,1.0],"evs":[0.0,1.04935]},"76o":{"weight":0.0,"played":[1.0,0.0],"evs":[0.0,-3.63614]},"86o":{"weight":0.0,"played":[1.0,0.0],"evs":[0.0,-3.55007]},"96o":{"weight":0.0,"played":[1.0,0.0],"evs":[0.0,-3.73593]},"T6o":{"weight":0.0,"played":[1.0,0.0],"evs":[0.0,-4.05034]},"J6o":{"weight":0.0,"played":[1.0,0.0],"evs":[0.0,-4.54568]},"Q6o":{"weight":0.0,"played":[1.0,0.0],"evs":[0.0,-3.85215]},"K6o":{"weight":0.0,"played":[1.0,0.0],"evs":[0.0,-3.36496]},"A6o":{"weight":0.0,"played":[1.0,0.0],"evs":[0.0,-3.52314]},"72s":{"weight":0.0,"played":[1.0,0.0],"evs":[0.0,-4.24142]},"73s":{"weight":0.0,"played":[1.0,0.0],"evs":[0.0,-3.60831]},"74s":{"weight":0.0,"played":[1.0,0.0],"evs":[0.0,-3.00266]},"75s":{"weight":0.0,"played":[1.0,0.0],"evs":[0.0,-2.61395]},"76s":{"weight":0.0159,"played":[1.0,0.0],"evs":[0.0,-1.9808]},"77":{"weight":0.9413,"played":[0.0,1.0],"evs":[0.0,2.84641]},"87o":{"weight":0.0,"played":[1.0,0.0],"evs":[0.0,-2.90593]},"97o":{"weight":0.0,"played":[1.0,0.0],"evs":[0.0,-3.14444]},"T7o":{"weight":0.0,"played":[1.0,0.0],"evs":[0.0,-3.28334]},"J7o":{"weight":0.0,"played":[1.0,0.0],"evs":[0.0,-4.00077]},"Q7o":{"weight":0.0,"played":[1.0,0.0],"evs":[0.0,-3.83917]},"K7o":{"weight":0.0,"played":[1.0,0.0],"evs":[0.0,-3.10056]},"A7o":{"weight":0.0,"played":[1.0,0.0],"evs":[0.0,-2.99298]},"82s":{"weight":0.0,"played":[1.0,0.0],"evs":[0.0,-3.73003]},"83s":{"weight":0.0,"played":[1.0,0.0],"evs":[0.0,-3.63562]},"84s":{"weight":0.0,"played":[1.0,0.0],"evs":[0.0,-2.86624]},"85s":{"weight":0.0,"played":[1.0,0.0],"evs":[0.0,-2.26615]},"86s":{"weight":0.0,"played":[1.0,0.0],"evs":[0.0,-2.0116]},"87s":{"weight":0.4281,"played":[0.9999,1.0E-4],"evs":[0.0,-1.24167]},"88":{"weight":0.1534,"played":[0.0,1.0],"evs":[0.0,4.54107]},"98o":{"weight":0.0,"played":[1.0,0.0],"evs":[0.0,-2.22261]},"T8o":{"weight":0.0,"played":[1.0,0.0],"evs":[0.0,-2.47897]},"J8o":{"weight":0.0,"played":[1.0,0.0],"evs":[0.0,-2.9718]},"Q8o":{"weight":0.0,"played":[1.0,0.0],"evs":[0.0,-2.85406]},"K8o":{"weight":0.0,"played":[1.0,0.0],"evs":[0.0,-2.87756]},"A8o":{"weight":0.0,"played":[1.0,0.0],"evs":[0.0,-2.22774]},"92s":{"weight":0.0,"played":[1.0,0.0],"evs":[0.0,-3.11916]},"93s":{"weight":0.0,"played":[1.0,0.0],"evs":[0.0,-3.1142]},"94s":{"weight":0.0,"played":[1.0,0.0],"evs":[0.0,-2.98279]},"95s":{"weight":0.0,"played":[1.0,0.0],"evs":[0.0,-2.59191]},"96s":{"weight":0.0,"played":[1.0,0.0],"evs":[0.0,-2.10282]},"97s":{"weight":0.0,"played":[1.0,0.0],"evs":[0.0,-1.41774]},"98s":{"weight":0.9906,"played":[0.9986,0.0014],"evs":[0.0,-0.7648]},"99":{"weight":0.0,"played":[0.0,1.0],"evs":[0.0,6.47815]},"T9o":{"weight":0.0,"played":[1.0,0.0],"evs":[0.0,-1.55312]},"J9o":{"weight":0.0,"played":[1.0,0.0],"evs":[0.0,-2.27803]},"Q9o":{"weight":0.0,"played":[1.0,0.0],"evs":[0.0,-2.10414]},"K9o":{"weight":0.0,"played":[1.0,0.0],"evs":[0.0,-1.88693]},"A9o":{"weight":0.0,"played":[1.0,0.0],"evs":[0.0,-1.74926]},"T2s":{"weight":0.0,"played":[1.0,0.0],"evs":[0.0,-3.10876]},"T3s":{"weight":0.0,"played":[1.0,0.0],"evs":[0.0,-3.10467]},"T4s":{"weight":0.0,"played":[1.0,0.0],"evs":[0.0,-2.81107]},"T5s":{"weight":0.0,"played":[1.0,0.0],"evs":[0.0,-2.91374]},"T6s":{"weight":0.0,"played":[1.0,0.0],"evs":[0.0,-2.0687]},"T7s":{"weight":0.0,"played":[0.9998,2.0E-4],"evs":[0.0,-1.65821]},"T8s":{"weight":1.0E-4,"played":[0.9995,5.0E-4],"evs":[0.0,-0.8041]},"T9s":{"weight":0.9995,"played":[0.8553,0.1447],"evs":[0.0,-0.0675]},"TT":{"weight":1.0E-4,"played":[0.0,1.0],"evs":[0.0,8.35314]},"JTo":{"weight":0.0,"played":[1.0,0.0],"evs":[0.0,-1.36077]},"QTo":{"weight":0.0,"played":[1.0,0.0],"evs":[0.0,-1.18335]},"KTo":{"weight":0.0,"played":[0.9999,1.0E-4],"evs":[0.0,-0.96474]},"ATo":{"weight":1.0,"played":[1.0,0.0],"evs":[0.0,-1.07188]},"J2s":{"weight":0.0,"played":[1.0,0.0],"evs":[0.0,-3.53097]},"J3s":{"weight":0.0,"played":[1.0,0.0],"evs":[0.0,-3.18338]},"J4s":{"weight":0.0,"played":[1.0,0.0],"evs":[0.0,-3.04165]},"J5s":{"weight":0.0,"played":[1.0,0.0],"evs":[0.0,-2.77828]},"J6s":{"weight":0.0,"played":[1.0,0.0],"evs":[0.0,-2.82432]},"J7s":{"weight":0.0,"played":[1.0,0.0],"evs":[0.0,-2.34308]},"J8s":{"weight":0.0,"played":[1.0,0.0],"evs":[0.0,-1.21604]},"J9s":{"weight":0.9982,"played":[0.9998,2.0E-4],"evs":[0.0,-0.2957]},"JTs":{"weight":0.0947,"played":[0.0057,0.9943],"evs":[0.0,0.27665]},"JJ":{"weight":0.106,"played":[0.0,1.0],"evs":[0.0,10.5333]},"QJo":{"weight":0.0128,"played":[1.0,0.0],"evs":[0.0,-1.31851]},"KJo":{"weight":1.0,"played":[1.0,0.0],"evs":[0.0,-1.04731]},"AJo":{"weight":0.782,"played":[0.011,0.989],"evs":[0.0,0.21286]},"Q2s":{"weight":0.0,"played":[1.0,0.0],"evs":[0.0,-2.52363]},"Q3s":{"weight":0.0,"played":[1.0,0.0],"evs":[0.0,-2.37232]},"Q4s":{"weight":0.0,"played":[1.0,0.0],"evs":[0.0,-2.35854]},"Q5s":{"weight":0.0,"played":[1.0,0.0],"evs":[0.0,-2.044]},"Q6s":{"weight":0.0,"played":[1.0,0.0],"evs":[0.0,-1.96085]},"Q7s":{"weight":0.0,"played":[1.0,0.0],"evs":[0.0,-2.02983]},"Q8s":{"weight":0.0,"played":[0.9998,2.0E-4],"evs":[0.0,-0.95823]},"Q9s":{"weight":0.9958,"played":[0.9998,2.0E-4],"evs":[0.0,-0.35919]},"QTs":{"weight":0.3792,"played":[0.0022,0.9978],"evs":[0.0,0.53723]},"QJs":{"weight":0.966,"played":[0.0033,0.9967],"evs":[0.0,0.23442]},"QQ":{"weight":1.0,"played":[0.0,1.0],"evs":[0.0,13.61518]},"KQo":{"weight":0.4389,"played":[0.9992,8.0E-4],"evs":[0.0,-0.1696]},"AQo":{"weight":1.0E-4,"played":[0.0,1.0],"evs":[0.0,3.93759]},"K2s":{"weight":0.0,"played":[0.9995,5.0E-4],"evs":[0.0,-2.30278]},"K3s":{"weight":0.0,"played":[0.9999,1.0E-4],"evs":[0.0,-1.86944]},"K4s":{"weight":0.0,"played":[1.0,0.0],"evs":[0.0,-1.71604]},"K5s":{"weight":0.0,"played":[1.0,0.0],"evs":[0.0,-1.76984]},"K6s":{"weight":0.0,"played":[1.0,0.0],"evs":[0.0,-1.73951]},"K7s":{"weight":0.0,"played":[1.0,0.0],"evs":[0.0,-1.66275]},"K8s":{"weight":0.0,"played":[0.9999,1.0E-4],"evs":[0.0,-1.18976]},"K9s":{"weight":0.7585,"played":[0.9207,0.0793],"evs":[0.0,-0.30311]},"KTs":{"weight":0.0354,"played":[0.0018,0.9982],"evs":[0.0,0.68651]},"KJs":{"weight":0.4556,"played":[1.0E-4,0.9999],"evs":[0.0,0.53599]},"KQs":{"weight":0.9993,"played":[0.0,1.0],"evs":[0.0,1.40668]},"KK":{"weight":1.0,"played":[0.0,1.0],"evs":[0.0,16.93862]},"AKo":{"weight":0.0,"played":[0.0,1.0],"evs":[0.0,7.27243]},"A2s":{"weight":0.0,"played":[1.0,0.0],"evs":[0.0,-1.81708]},"A3s":{"weight":4.0E-4,"played":[1.0,0.0],"evs":[0.0,-1.43491]},"A4s":{"weight":0.9346,"played":[0.9997,3.0E-4],"evs":[0.0,-1.25477]},"A5s":{"weight":0.337,"played":[0.9999,1.0E-4],"evs":[0.0,-1.14565]},"A6s":{"weight":0.9956,"played":[1.0,0.0],"evs":[0.0,-1.71194]},"A7s":{"weight":0.9991,"played":[0.9998,2.0E-4],"evs":[0.0,-1.2114]},"A8s":{"weight":1.0,"played":[1.0,0.0],"evs":[0.0,-0.50779]},"A9s":{"weight":1.0,"played":[0.9456,0.0544],"evs":[0.0,0.02848]},"ATs":{"weight":1.0,"played":[0.0,1.0],"evs":[0.0,0.5864]},"AJs":{"weight":1.0,"played":[0.0,1.0],"evs":[0.0,1.98706]},"AQs":{"weight":0.3788,"played":[0.0,1.0],"evs":[0.0,5.19387]},"AKs":{"weight":4.0E-4,"played":[0.0,1.0],"evs":[0.0,8.31382]},"AA":{"weight":1.0,"played":[0.0,1.0],"evs":[0.0,22.1072]}}}