{"player":1,"street":0,"children":2,"sequence":[{"player":0,"type":"R","amount":200000,"street":0},{"player":1,"type":"C","amount":200000,"street":0},{"player":2,"type":"F","amount":0,"street":0},{"player":3,"type":"F","amount":0,"street":0},{"player":4,"type":"C","amount":150000,"street":0},{"player":5,"type":"R","amount":1875000,"street":0},{"player":0,"type":"F","amount":0,"street":0}],"actions":[{"type":"F","amount":0,"node":326},{"type":"C","amount":1675000,"node":327}],"hands":{"22":{"weight":0.0,"played":[0.014,0.986],"evs":[0.0,1.49919]},"32o":{"weight":0.0,"played":[1.0,0.0],"evs":[0.0,-4.50714]},"42o":{"weight":0.0,"played":[1.0,0.0],"evs":[0.0,-4.27731]},"52o":{"weight":0.0,"played":[0.9998,2.0E-4],"evs":[0.0,-3.96282]},"62o":{"weight":0.0,"played":[0.9999,1.0E-4],"evs":[0.0,-4.36527]},"72o":{"weight":0.0,"played":[1.0,0.0],"evs":[0.0,-4.89746]},"82o":{"weight":0.0,"played":[1.0,0.0],"evs":[0.0,-4.48405]},"92o":{"weight":0.0,"played":[1.0,0.0],"evs":[0.0,-4.99544]},"T2o":{"weight":0.0,"played":[0.9998,2.0E-4],"evs":[0.0,-4.67295]},"J2o":{"weight":0.0,"played":[0.9999,1.0E-4],"evs":[0.0,-4.20649]},"Q2o":{"weight":0.0,"played":[0.9996,4.0E-4],"evs":[0.0,-3.52609]},"K2o":{"weight":0.0,"played":[0.9998,2.0E-4],"evs":[0.0,-3.50337]},"A2o":{"weight":0.0,"played":[0.9997,3.0E-4],"evs":[0.0,-2.48114]},"32s":{"weight":0.0,"played":[0.999,0.001],"evs":[0.0,-2.84292]},"33":{"weight":0.9647,"played":[3.0E-4,0.9997],"evs":[0.0,1.53155]},"43o":{"weight":0.0,"played":[1.0,0.0],"evs":[0.0,-3.20694]},"53o":{"weight":0.0,"played":[1.0,0.0],"evs":[0.0,-3.07462]},"63o":{"weight":0.0,"played":[1.0,0.0],"evs":[0.0,-3.96822]},"73o":{"weight":0.0,"played":[1.0,0.0],"evs":[0.0,-4.11927]},"83o":{"weight":0.0,"played":[1.0,0.0],"evs":[0.0,-4.57093]},"93o":{"weight":0.0,"played":[1.0,0.0],"evs":[0.0,-4.39338]},"T3o":{"weight":0.0,"played":[0.9999,1.0E-4],"evs":[0.0,-3.9909]},"J3o":{"weight":0.0,"played":[1.0,0.0],"evs":[0.0,-4.01892]},"Q3o":{"weight":0.0,"played":[0.9999,1.0E-4],"evs":[0.0,-3.48772]},"K3o":{"weight":0.0,"played":[1.0,0.0],"evs":[0.0,-3.18154]},"A3o":{"weight":0.0,"played":[0.9996,4.0E-4],"evs":[0.0,-2.7973]},"42s":{"weight":0.0,"played":[0.9969,0.0031],"evs":[0.0,-1.97418]},"43s":{"weight":0.0,"played":[0.9813,0.0187],"evs":[0.0,-0.93569]},"44":{"weight":0.9463,"played":[1.0E-4,0.9999],"evs":[0.0,2.04929]},"54o":{"weight":0.0,"played":[1.0,0.0],"evs":[0.0,-2.65609]},"64o":{"weight":0.0,"played":[0.9991,9.0E-4],"evs":[0.0,-2.71357]},"74o":{"weight":0.0,"played":[1.0,0.0],"evs":[0.0,-3.3433]},"84o":{"weight":0.0,"played":[0.9996,4.0E-4],"evs":[0.0,-4.16378]},"94o":{"weight":0.0,"played":[1.0,0.0],"evs":[0.0,-4.00426]},"T4o":{"weight":0.0,"played":[0.9999,1.0E-4],"evs":[0.0,-4.29682]},"J4o":{"weight":0.0,"played":[1.0,0.0],"evs":[0.0,-3.57458]},"Q4o":{"weight":0.0,"played":[0.9999,1.0E-4],"evs":[0.0,-3.0789]},"K4o":{"weight":0.0,"played":[0.9986,0.0014],"evs":[0.0,-3.10145]},"A4o":{"weight":0.0,"played":[0.9988,0.0012],"evs":[0.0,-1.84575]},"52s":{"weight":0.0,"played":[0.9984,0.0016],"evs":[0.0,-2.42376]},"53s":{"weight":0.0,"played":[0.9993,7.0E-4],"evs":[0.0,-1.88772]},"54s":{"weight":0.0,"played":[0.939,0.061],"evs":[0.0,-0.62581]},"55":{"weight":0.9904,"played":[0.0,1.0],"evs":[0.0,2.88225]},"65o":{"weight":0.0,"played":[0.9999,1.0E-4],"evs":[0.0,-2.25245]},"75o":{"weight":0.0,"played":[0.9982,0.0018],"evs":[0.0,-2.39014]},"85o":{"weight":0.0,"played":[0.9999,1.0E-4],"evs":[0.0,-2.90793]},"95o":{"weight":0.0,"played":[0.9996,4.0E-4],"evs":[0.0,-3.21972]},"T5o":{"weight":0.0,"played":[0.9999,1.0E-4],"evs":[0.0,-3.68356]},"J5o":{"weight":0.0,"played":[0.9999,1.0E-4],"evs":[0.0,-4.14204]},"Q5o":{"weight":0.0,"played":[0.9999,1.0E-4],"evs":[0.0,-3.38388]},"K5o":{"weight":0.0,"played":[0.9999,1.0E-4],"evs":[0.0,-2.23894]},"A5o":{"weight":0.0,"played":[0.998,0.002],"evs":[0.0,-1.93393]},"62s":{"weight":0.0,"played":[1.0,0.0],"evs":[0.0,-2.22794]},"63s":{"weight":0.0,"played":[0.8958,0.1042],"evs":[0.0,-1.8274]},"64s":{"weight":0.0,"played":[0.9922,0.0078],"evs":[0.0,-0.77773]},"65s":{"weight":0.0,"played":[0.8057,0.1943],"evs":[0.0,-0.21697]},"66":{"weight":0.3348,"played":[0.0,1.0],"evs":[0.0,2.54305]},"76o":{"weight":0.0,"played":[0.9999,1.0E-4],"evs":[0.0,-2.33528]},"86o":{"weight":0.0,"played":[0.9995,5.0E-4],"evs":[0.0,-2.34834]},"96o":{"weight":0.0,"played":[1.0,0.0],"evs":[0.0,-3.29058]},"T6o":{"weight":0.0,"played":[0.9999,1.0E-4],"evs":[0.0,-3.32605]},"J6o":{"weight":0.0,"played":[1.0,0.0],"evs":[0.0,-3.32258]},"Q6o":{"weight":0.0,"played":[1.0,0.0],"evs":[0.0,-3.1978]},"K6o":{"weight":0.0,"played":[1.0,0.0],"evs":[0.0,-2.29646]},"A6o":{"weight":0.0,"played":[0.9989,0.0011],"evs":[0.0,-3.37033]},"72s":{"weight":0.0,"played":[0.9997,3.0E-4],"evs":[0.0,-3.33221]},"73s":{"weight":0.0,"played":[0.9852,0.0148],"evs":[0.0,-2.29898]},"74s":{"weight":0.0,"played":[0.9995,5.0E-4],"evs":[0.0,-1.23159]},"75s":{"weight":0.0,"played":[0.9986,0.0014],"evs":[0.0,-1.60041]},"76s":{"weight":0.0159,"played":[0.9843,0.0157],"evs":[0.0,-0.80207]},"77":{"weight":0.9413,"played":[0.0,1.0],"evs":[0.0,4.46637]},"87o":{"weight":0.0,"played":[0.9998,2.0E-4],"evs":[0.0,-1.16508]},"97o":{"weight":0.0,"played":[0.9998,2.0E-4],"evs":[0.0,-1.60505]},"T7o":{"weight":0.0,"played":[1.0,0.0],"evs":[0.0,-2.26982]},"J7o":{"weight":0.0,"played":[0.9999,1.0E-4],"evs":[0.0,-2.61389]},"Q7o":{"weight":0.0,"played":[0.9999,1.0E-4],"evs":[0.0,-3.00081]},"K7o":{"weight":0.0,"played":[0.9994,6.0E-4],"evs":[0.0,-2.24025]},"A7o":{"weight":0.0,"played":[0.9978,0.0022],"evs":[0.0,-2.72393]},"82s":{"weight":0.0,"played":[0.9992,8.0E-4],"evs":[0.0,-3.18031]},"83s":{"weight":0.0,"played":[0.9993,7.0E-4],"evs":[0.0,-2.16954]},"84s":{"weight":0.0,"played":[0.9084,0.0916],"evs":[0.0,-1.94372]},"85s":{"weight":0.0,"played":[0.9973,0.0027],"evs":[0.0,-1.04737]},"86s":{"weight":0.0,"played":[0.9773,0.0227],"evs":[0.0,-1.11913]},"87s":{"weight":0.4281,"played":[4.0E-4,0.9996],"evs":[0.0,0.2112]},"88":{"weight":0.1534,"played":[0.0,1.0],"evs":[0.0,6.02009]},"98o":{"weight":0.0,"played":[0.9921,0.0079],"evs":[0.0,-1.57445]},"T8o":{"weight":0.0,"played":[0.9997,3.0E-4],"evs":[0.0,-1.78081]},"J8o":{"weight":0.0,"played":[0.9999,1.0E-4],"evs":[0.0,-2.13206]},"Q8o":{"weight":0.0,"played":[0.9977,0.0023],"evs":[0.0,-1.28146]},"K8o":{"weight":0.0,"played":[0.9996,4.0E-4],"evs":[0.0,-1.87769]},"A8o":{"weight":0.0,"played":[0.9987,0.0013],"evs":[0.0,-1.74198]},"92s":{"weight":0.0,"played":[0.9999,1.0E-4],"evs":[0.0,-2.94133]},"93s":{"weight":0.0,"played":[0.9956,0.0044],"evs":[0.0,-2.01753]},"94s":{"weight":0.0,"played":[0.9997,3.0E-4],"evs":[0.0,-2.40148]},"95s":{"weight":0.0,"played":[0.9844,0.0156],"evs":[0.0,-1.61548]},"96s":{"weight":0.0,"played":[0.8019,0.1981],"evs":[0.0,-0.0291]},"97s":{"weight":0.0,"played":[0.6411,0.3589],"evs":[0.0,-0.50271]},"98s":{"weight":0.9906,"played":[0.0,1.0],"evs":[0.0,0.36907]},"99":{"weight":0.0,"played":[0.0,1.0],"evs":[0.0,7.52102]},"T9o":{"weight":0.0,"played":[0.9398,0.0602],"evs":[0.0,-1.32735]},"J9o":{"weight":0.0,"played":[0.9975,0.0025],"evs":[0.0,-1.12162]},"Q9o":{"weight":0.0,"played":[0.9969,0.0031],"evs":[0.0,-1.78878]},"K9o":{"weight":0.0,"played":[0.9988,0.0012],"evs":[0.0,-0.90683]},"A9o":{"weight":0.0,"played":[0.9844,0.0156],"evs":[0.0,-1.94114]},"T2s":{"weight":0.0,"played":[0.9757,0.0243],"evs":[0.0,-2.60808]},"T3s":{"weight":0.0,"played":[0.9997,3.0E-4],"evs":[0.0,-2.48721]},"T4s":{"weight":0.0,"played":[0.9964,0.0036],"evs":[0.0,-2.50624]},"T5s":{"weight":0.0,"played":[0.9967,0.0033],"evs":[0.0,-2.44774]},"T6s":{"weight":0.0,"played":[0.982,0.018],"evs":[0.0,-2.38551]},"T7s":{"weight":0.0,"played":[0.7327,0.2673],"evs":[0.0,-0.99559]},"T8s":{"weight":1.0E-4,"played":[0.2424,0.7576],"evs":[0.0,0.05409]},"T9s":{"weight":0.9995,"played":[0.1029,0.8971],"evs":[0.0,0.47291]},"TT":{"weight":1.0E-4,"played":[0.0,1.0],"evs":[0.0,10.43225]},"JTo":{"weight":0.0,"played":[0.9455,0.0545],"evs":[0.0,-1.06324]},"QTo":{"weight":0.0,"played":[0.9823,0.0177],"evs":[0.0,-0.70922]},"KTo":{"weight":0.0,"played":[0.6959,0.3041],"evs":[0.0,-0.84295]},"ATo":{"weight":1.0,"played":[0.0189,0.9811],"evs":[0.0,0.04088]},"J2s":{"weight":0.0,"played":[0.9997,3.0E-4],"evs":[0.0,-2.34578]},"J3s":{"weight":0.0,"played":[0.9929,0.0071],"evs":[0.0,-2.26327]},"J4s":{"weight":0.0,"played":[0.9998,2.0E-4],"evs":[0.0,-1.76671]},"J5s":{"weight":0.0,"played":[0.9993,7.0E-4],"evs":[0.0,-1.91343]},"J6s":{"weight":0.0,"played":[0.9938,0.0062],"evs":[0.0,-1.66344]},"J7s":{"weight":0.0,"played":[0.9765,0.0235],"evs":[0.0,-0.90263]},"J8s":{"weight":0.0,"played":[0.7843,0.2157],"evs":[0.0,0.11858]},"J9s":{"weight":0.9982,"played":[0.194,0.806],"evs":[0.0,0.38888]},"JTs":{"weight":0.0947,"played":[0.0021,0.9979],"evs":[0.0,0.62978]},"JJ":{"weight":0.106,"played":[0.0,1.0],"evs":[0.0,13.4778]},"QJo":{"weight":0.0128,"played":[0.4998,0.5002],"evs":[0.0,0.15834]},"KJo":{"weight":1.0,"played":[0.7012,0.2988],"evs":[0.0,-0.08733]},"AJo":{"weight":0.782,"played":[0.0,1.0],"evs":[0.0,2.4234]},"Q2s":{"weight":0.0,"played":[0.9873,0.0127],"evs":[0.0,-1.89768]},"Q3s":{"weight":0.0,"played":[0.9746,0.0254],"evs":[0.0,-1.55959]},"Q4s":{"weight":0.0,"played":[0.9958,0.0042],"evs":[0.0,-1.59692]},"Q5s":{"weight":0.0,"played":[0.9484,0.0516],"evs":[0.0,-1.16669]},"Q6s":{"weight":0.0,"played":[0.6706,0.3294],"evs":[0.0,-0.15314]},"Q7s":{"weight":0.0,"played":[0.9563,0.0437],"evs":[0.0,-0.69923]},"Q8s":{"weight":0.0,"played":[0.7342,0.2658],"evs":[0.0,0.19186]},"Q9s":{"weight":0.9958,"played":[0.0022,0.9978],"evs":[0.0,0.44926]},"QTs":{"weight":0.3792,"played":[0.006,0.994],"evs":[0.0,1.4337]},"QJs":{"weight":0.966,"played":[0.0035,0.9965],"evs":[0.0,1.63671]},"QQ":{"weight":1.0,"played":[0.0,1.0],"evs":[0.0,15.95849]},"KQo":{"weight":0.4389,"played":[0.0162,0.9838],"evs":[0.0,0.69855]},"AQo":{"weight":1.0E-4,"played":[0.0,1.0],"evs":[0.0,5.62788]},"K2s":{"weight":0.0,"played":[1.0,0.0],"evs":[0.0,-0.83248]},"K3s":{"weight":0.0,"played":[0.9953,0.0047],"evs":[0.0,-1.23829]},"K4s":{"weight":0.0,"played":[0.9781,0.0219],"evs":[0.0,-1.01858]},"K5s":{"weight":0.0,"played":[0.6669,0.3331],"evs":[0.0,-1.66392]},"K6s":{"weight":0.0,"played":[0.4253,0.5747],"evs":[0.0,0.31649]},"K7s":{"weight":0.0,"played":[0.4285,0.5715],"evs":[0.0,-0.67249]},"K8s":{"weight":0.0,"played":[0.8665,0.1335],"evs":[0.0,-0.45922]},"K9s":{"weight":0.7585,"played":[0.4206,0.5794],"evs":[0.0,-0.16286]},"KTs":{"weight":0.0354,"played":[0.0252,0.9748],"evs":[0.0,1.02785]},"KJs":{"weight":0.4556,"played":[3.0E-4,0.9997],"evs":[0.0,2.03108]},"KQs":{"weight":0.9993,"played":[0.0013,0.9987],"evs":[0.0,2.39251]},"KK":{"weight":1.0,"played":[0.0,1.0],"evs":[0.0,19.64555]},"AKo":{"weight":0.0,"played":[0.0,1.0],"evs":[0.0,8.67769]},"A2s":{"weight":0.0,"played":[0.7763,0.2237],"evs":[0.0,-0.67819]},"A3s":{"weight":4.0E-4,"played":[0.9712,0.0288],"evs":[0.0,-1.1021]},"A4s":{"weight":0.9346,"played":[0.7386,0.2614],"evs":[0.0,-0.84155]},"A5s":{"weight":0.337,"played":[0.724,0.276],"evs":[0.0,-0.91623]},"A6s":{"weight":0.9956,"played":[0.9627,0.0373],"evs":[0.0,-0.95785]},"A7s":{"weight":0.9991,"played":[0.794,0.206],"evs":[0.0,-0.23011]},"A8s":{"weight":1.0,"played":[0.458,0.542],"evs":[0.0,-0.15454]},"A9s":{"weight":1.0,"played":[0.0022,0.9978],"evs":[0.0,0.1276]},"ATs":{"weight":1.0,"played":[1.0E-4,0.9999],"evs":[0.0,1.7006]},"AJs":{"weight":1.0,"played":[0.0,1.0],"evs":[0.0,4.64789]},"AQs":{"weight":0.3788,"played":[1.0E-4,0.9999],"evs":[0.0,7.68334]},"AKs":{"weight":4.0E-4,"played":[0.0,1.0],"evs":[0.0,10.77758]},"AA":{"weight":1.0,"played":[0.0,1.0],"evs":[0.0,25.64443]}}}