{"player":1,"street":0,"children":2,"sequence":[{"player":0,"type":"R","amount":200000,"street":0},{"player":1,"type":"C","amount":200000,"street":0},{"player":2,"type":"F","amount":0,"street":0},{"player":3,"type":"F","amount":0,"street":0},{"player":4,"type":"R","amount":1245000,"street":0},{"player":5,"type":"F","amount":0,"street":0},{"player":0,"type":"F","amount":0,"street":0}],"actions":[{"type":"F","amount":0},{"type":"C","amount":1045000}],"hands":{"22":{"weight":0.0,"played":[0.0,1.0],"evs":[0.0,1.04634]},"32o":{"weight":0.0,"played":[1.0,0.0],"evs":[0.0,-2.55126]},"42o":{"weight":0.0,"played":[1.0,0.0],"evs":[0.0,-2.53919]},"52o":{"weight":0.0,"played":[1.0,0.0],"evs":[0.0,-2.42528]},"62o":{"weight":0.0,"played":[1.0,0.0],"evs":[0.0,-2.65572]},"72o":{"weight":0.0,"played":[1.0,0.0],"evs":[0.0,-2.90007]},"82o":{"weight":0.0,"played":[1.0,0.0],"evs":[0.0,-2.55115]},"92o":{"weight":0.0,"played":[1.0,0.0],"evs":[0.0,-2.45508]},"T2o":{"weight":0.0,"played":[1.0,0.0],"evs":[0.0,-2.61428]},"J2o":{"weight":0.0,"played":[1.0,0.0],"evs":[0.0,-2.30094]},"Q2o":{"weight":0.0,"played":[1.0,0.0],"evs":[0.0,-1.92625]},"K2o":{"weight":0.0,"played":[1.0,0.0],"evs":[0.0,-1.61239]},"A2o":{"weight":0.0,"played":[1.0,0.0],"evs":[0.0,-1.56187]},"32s":{"weight":0.0,"played":[1.0,0.0],"evs":[0.0,-1.43772]},"33":{"weight":0.9647,"played":[0.0,1.0],"evs":[0.0,1.1421]},"43o":{"weight":0.0,"played":[1.0,0.0],"evs":[0.0,-2.15224]},"53o":{"weight":0.0,"played":[1.0,0.0],"evs":[0.0,-1.94683]},"63o":{"weight":0.0,"played":[1.0,0.0],"evs":[0.0,-2.15254]},"73o":{"weight":0.0,"played":[1.0,0.0],"evs":[0.0,-2.40266]},"83o":{"weight":0.0,"played":[1.0,0.0],"evs":[0.0,-2.62691]},"93o":{"weight":0.0,"played":[1.0,0.0],"evs":[0.0,-2.36835]},"T3o":{"weight":0.0,"played":[1.0,0.0],"evs":[0.0,-2.47805]},"J3o":{"weight":0.0,"played":[1.0,0.0],"evs":[0.0,-2.02293]},"Q3o":{"weight":0.0,"played":[1.0,0.0],"evs":[0.0,-1.83963]},"K3o":{"weight":0.0,"played":[1.0,0.0],"evs":[0.0,-1.43925]},"A3o":{"weight":0.0,"played":[1.0,0.0],"evs":[0.0,-1.44529]},"42s":{"weight":0.0,"played":[1.0,0.0],"evs":[0.0,-1.36749]},"43s":{"weight":0.0,"played":[0.9996,4.0E-4],"evs":[0.0,-0.88249]},"44":{"weight":0.9463,"played":[0.0,1.0],"evs":[0.0,1.28292]},"54o":{"weight":0.0,"played":[1.0,0.0],"evs":[0.0,-1.46295]},"64o":{"weight":0.0,"played":[1.0,0.0],"evs":[0.0,-1.68077]},"74o":{"weight":0.0,"played":[1.0,0.0],"evs":[0.0,-1.91914]},"84o":{"weight":0.0,"played":[1.0,0.0],"evs":[0.0,-2.1304]},"94o":{"weight":0.0,"played":[1.0,0.0],"evs":[0.0,-2.28052]},"T4o":{"weight":0.0,"played":[1.0,0.0],"evs":[0.0,-2.32173]},"J4o":{"weight":0.0,"played":[1.0,0.0],"evs":[0.0,-1.98286]},"Q4o":{"weight":0.0,"played":[1.0,0.0],"evs":[0.0,-1.63363]},"K4o":{"weight":0.0,"played":[1.0,0.0],"evs":[0.0,-1.33682]},"A4o":{"weight":0.0,"played":[1.0,0.0],"evs":[0.0,-1.2973]},"52s":{"weight":0.0,"played":[1.0,0.0],"evs":[0.0,-1.36555]},"53s":{"weight":0.0,"played":[0.9999,1.0E-4],"evs":[0.0,-0.90325]},"54s":{"weight":0.0,"played":[0.9961,0.0039],"evs":[0.0,-0.2487]},"55":{"weight":0.9904,"played":[0.0,1.0],"evs":[0.0,1.60056]},"65o":{"weight":0.0,"played":[1.0,0.0],"evs":[0.0,-1.39588]},"75o":{"weight":0.0,"played":[1.0,0.0],"evs":[0.0,-1.66094]},"85o":{"weight":0.0,"played":[1.0,0.0],"evs":[0.0,-1.63624]},"95o":{"weight":0.0,"played":[1.0,0.0],"evs":[0.0,-1.9701]},"T5o":{"weight":0.0,"played":[1.0,0.0],"evs":[0.0,-2.36767]},"J5o":{"weight":0.0,"played":[1.0,0.0],"evs":[0.0,-1.92356]},"Q5o":{"weight":0.0,"played":[1.0,0.0],"evs":[0.0,-1.65194]},"K5o":{"weight":0.0,"played":[1.0,0.0],"evs":[0.0,-1.218]},"A5o":{"weight":0.0,"played":[1.0,0.0],"evs":[0.0,-1.24101]},"62s":{"weight":0.0,"played":[1.0,0.0],"evs":[0.0,-1.3621]},"63s":{"weight":0.0,"played":[1.0,0.0],"evs":[0.0,-0.9226]},"64s":{"weight":0.0,"played":[1.0,0.0],"evs":[0.0,-0.64977]},"65s":{"weight":0.0,"played":[0.9983,0.0017],"evs":[0.0,-0.28346]},"66":{"weight":0.3348,"played":[0.0,1.0],"evs":[0.0,2.27898]},"76o":{"weight":0.0,"played":[1.0,0.0],"evs":[0.0,-1.0596]},"86o":{"weight":0.0,"played":[1.0,0.0],"evs":[0.0,-1.22707]},"96o":{"weight":0.0,"played":[1.0,0.0],"evs":[0.0,-1.43481]},"T6o":{"weight":0.0,"played":[1.0,0.0],"evs":[0.0,-1.86397]},"J6o":{"weight":0.0,"played":[1.0,0.0],"evs":[0.0,-1.83518]},"Q6o":{"weight":0.0,"played":[1.0,0.0],"evs":[0.0,-1.46573]},"K6o":{"weight":0.0,"played":[1.0,0.0],"evs":[0.0,-1.02766]},"A6o":{"weight":0.0,"played":[1.0,0.0],"evs":[0.0,-1.57859]},"72s":{"weight":0.0,"played":[1.0,0.0],"evs":[0.0,-1.72544]},"73s":{"weight":0.0,"played":[0.9999,1.0E-4],"evs":[0.0,-1.38563]},"74s":{"weight":0.0,"played":[0.9999,1.0E-4],"evs":[0.0,-0.73364]},"75s":{"weight":0.0,"played":[0.9969,0.0031],"evs":[0.0,-0.47403]},"76s":{"weight":0.0159,"played":[0.0188,0.9812],"evs":[0.0,0.11634]},"77":{"weight":0.9413,"played":[0.0,1.0],"evs":[0.0,3.34199]},"87o":{"weight":0.0,"played":[1.0,0.0],"evs":[0.0,-0.72996]},"97o":{"weight":0.0,"played":[1.0,0.0],"evs":[0.0,-0.96333]},"T7o":{"weight":0.0,"played":[1.0,0.0],"evs":[0.0,-1.31779]},"J7o":{"weight":0.0,"played":[1.0,0.0],"evs":[0.0,-1.38671]},"Q7o":{"weight":0.0,"played":[1.0,0.0],"evs":[0.0,-1.39123]},"K7o":{"weight":0.0,"played":[1.0,0.0],"evs":[0.0,-0.91865]},"A7o":{"weight":0.0,"played":[1.0,0.0],"evs":[0.0,-1.29611]},"82s":{"weight":0.0,"played":[1.0,0.0],"evs":[0.0,-1.32264]},"83s":{"weight":0.0,"played":[1.0,0.0],"evs":[0.0,-1.4733]},"84s":{"weight":0.0,"played":[0.9999,1.0E-4],"evs":[0.0,-0.90498]},"85s":{"weight":0.0,"played":[0.9995,5.0E-4],"evs":[0.0,-0.69364]},"86s":{"weight":0.0,"played":[0.9542,0.0458],"evs":[0.0,0.03772]},"87s":{"weight":0.4281,"played":[0.0062,0.9938],"evs":[0.0,0.10408]},"88":{"weight":0.1534,"played":[0.0,1.0],"evs":[0.0,4.38453]},"98o":{"weight":0.0,"played":[0.9998,2.0E-4],"evs":[0.0,-0.47481]},"T8o":{"weight":0.0,"played":[1.0,0.0],"evs":[0.0,-0.82201]},"J8o":{"weight":0.0,"played":[1.0,0.0],"evs":[0.0,-0.82165]},"Q8o":{"weight":0.0,"played":[1.0,0.0],"evs":[0.0,-0.85468]},"K8o":{"weight":0.0,"played":[1.0,0.0],"evs":[0.0,-0.94635]},"A8o":{"weight":0.0,"played":[0.9999,1.0E-4],"evs":[0.0,-1.04427]},"92s":{"weight":0.0,"played":[1.0,0.0],"evs":[0.0,-1.27172]},"93s":{"weight":0.0,"played":[1.0,0.0],"evs":[0.0,-1.13194]},"94s":{"weight":0.0,"played":[1.0,0.0],"evs":[0.0,-1.12393]},"95s":{"weight":0.0,"played":[1.0,0.0],"evs":[0.0,-0.73982]},"96s":{"weight":0.0,"played":[0.9162,0.0838],"evs":[0.0,-0.2166]},"97s":{"weight":0.0,"played":[0.1375,0.8625],"evs":[0.0,0.16367]},"98s":{"weight":0.9906,"played":[1.0E-4,0.9999],"evs":[0.0,0.67539]},"99":{"weight":0.0,"played":[0.0,1.0],"evs":[0.0,5.24814]},"T9o":{"weight":0.0,"played":[1.0,0.0],"evs":[0.0,-0.39125]},"J9o":{"weight":0.0,"played":[1.0,0.0],"evs":[0.0,-0.39859]},"Q9o":{"weight":0.0,"played":[1.0,0.0],"evs":[0.0,-0.44185]},"K9o":{"weight":0.0,"played":[1.0,0.0],"evs":[0.0,-0.55283]},"A9o":{"weight":0.0,"played":[1.0,0.0],"evs":[0.0,-0.851]},"T2s":{"weight":0.0,"played":[1.0,0.0],"evs":[0.0,-1.34695]},"T3s":{"weight":0.0,"played":[1.0,0.0],"evs":[0.0,-1.22803]},"T4s":{"weight":0.0,"played":[1.0,0.0],"evs":[0.0,-1.13298]},"T5s":{"weight":0.0,"played":[1.0,0.0],"evs":[0.0,-1.17262]},"T6s":{"weight":0.0,"played":[0.9998,2.0E-4],"evs":[0.0,-0.76942]},"T7s":{"weight":0.0,"played":[0.9848,0.0152],"evs":[0.0,-0.17654]},"T8s":{"weight":1.0E-4,"played":[0.01,0.99],"evs":[0.0,0.3097]},"T9s":{"weight":0.9995,"played":[0.0,1.0],"evs":[0.0,0.6805]},"TT":{"weight":1.0E-4,"played":[0.0,1.0],"evs":[0.0,6.64905]},"JTo":{"weight":0.0,"played":[0.944,0.056],"evs":[0.0,-0.15223]},"QTo":{"weight":0.0,"played":[0.8929,0.1071],"evs":[0.0,-0.10494]},"KTo":{"weight":0.0,"played":[0.9994,6.0E-4],"evs":[0.0,-0.09598]},"ATo":{"weight":1.0,"played":[0.0015,0.9985],"evs":[0.0,0.29138]},"J2s":{"weight":0.0,"played":[1.0,0.0],"evs":[0.0,-1.04567]},"J3s":{"weight":0.0,"played":[1.0,0.0],"evs":[0.0,-0.92234]},"J4s":{"weight":0.0,"played":[0.9999,1.0E-4],"evs":[0.0,-0.7743]},"J5s":{"weight":0.0,"played":[0.9999,1.0E-4],"evs":[0.0,-0.67603]},"J6s":{"weight":0.0,"played":[0.9985,0.0015],"evs":[0.0,-0.57433]},"J7s":{"weight":0.0,"played":[0.998,0.002],"evs":[0.0,-0.40426]},"J8s":{"weight":0.0,"played":[0.0085,0.9915],"evs":[0.0,0.37779]},"J9s":{"weight":0.9982,"played":[1.0E-4,0.9999],"evs":[0.0,0.62276]},"JTs":{"weight":0.0947,"played":[0.0,1.0],"evs":[0.0,0.91701]},"JJ":{"weight":0.106,"played":[0.0,1.0],"evs":[0.0,8.23073]},"QJo":{"weight":0.0128,"played":[0.0179,0.9821],"evs":[0.0,0.20293]},"KJo":{"weight":1.0,"played":[6.0E-4,0.9994],"evs":[0.0,0.22984]},"AJo":{"weight":0.782,"played":[0.0,1.0],"evs":[0.0,2.12245]},"Q2s":{"weight":0.0,"played":[1.0,0.0],"evs":[0.0,-0.90842]},"Q3s":{"weight":0.0,"played":[1.0,0.0],"evs":[0.0,-0.63928]},"Q4s":{"weight":0.0,"played":[1.0,0.0],"evs":[0.0,-0.54212]},"Q5s":{"weight":0.0,"played":[0.9999,1.0E-4],"evs":[0.0,-0.58851]},"Q6s":{"weight":0.0,"played":[0.9978,0.0022],"evs":[0.0,-0.34322]},"Q7s":{"weight":0.0,"played":[0.9913,0.0087],"evs":[0.0,-0.35193]},"Q8s":{"weight":0.0,"played":[0.0581,0.9419],"evs":[0.0,0.40732]},"Q9s":{"weight":0.9958,"played":[2.0E-4,0.9998],"evs":[0.0,0.53959]},"QTs":{"weight":0.3792,"played":[0.0,1.0],"evs":[0.0,0.85588]},"QJs":{"weight":0.966,"played":[0.0,1.0],"evs":[0.0,1.26793]},"QQ":{"weight":1.0,"played":[0.0,1.0],"evs":[0.0,10.15184]},"KQo":{"weight":0.4389,"played":[0.0,1.0],"evs":[0.0,0.80461]},"AQo":{"weight":1.0E-4,"played":[0.0,1.0],"evs":[0.0,4.28826]},"K2s":{"weight":0.0,"played":[0.9967,0.0033],"evs":[0.0,-0.4818]},"K3s":{"weight":0.0,"played":[0.9991,9.0E-4],"evs":[0.0,-0.23832]},"K4s":{"weight":0.0,"played":[0.9991,9.0E-4],"evs":[0.0,-0.24132]},"K5s":{"weight":0.0,"played":[0.9964,0.0036],"evs":[0.0,-0.12806]},"K6s":{"weight":0.0,"played":[0.2199,0.7801],"evs":[0.0,-0.03498]},"K7s":{"weight":0.0,"played":[0.0219,0.9781],"evs":[0.0,0.145]},"K8s":{"weight":0.0,"played":[0.0179,0.9821],"evs":[0.0,0.15627]},"K9s":{"weight":0.7585,"played":[0.0,1.0],"evs":[0.0,0.69798]},"KTs":{"weight":0.0354,"played":[2.0E-4,0.9998],"evs":[0.0,1.04589]},"KJs":{"weight":0.4556,"played":[0.0,1.0],"evs":[0.0,1.39394]},"KQs":{"weight":0.9993,"played":[0.0,1.0],"evs":[0.0,1.8879]},"KK":{"weight":1.0,"played":[0.0,1.0],"evs":[0.0,11.89716]},"AKo":{"weight":0.0,"played":[0.0,1.0],"evs":[0.0,6.21436]},"A2s":{"weight":0.0,"played":[0.9922,0.0078],"evs":[0.0,-0.42919]},"A3s":{"weight":4.0E-4,"played":[0.9924,0.0076],"evs":[0.0,-0.19887]},"A4s":{"weight":0.9346,"played":[0.9671,0.0329],"evs":[0.0,-0.22504]},"A5s":{"weight":0.337,"played":[0.291,0.709],"evs":[0.0,-0.03288]},"A6s":{"weight":0.9956,"played":[0.9333,0.0667],"evs":[0.0,-0.39558]},"A7s":{"weight":0.9991,"played":[0.235,0.765],"evs":[0.0,-0.0163]},"A8s":{"weight":1.0,"played":[0.0025,0.9975],"evs":[0.0,0.0837]},"A9s":{"weight":1.0,"played":[1.0E-4,0.9999],"evs":[0.0,0.40571]},"ATs":{"weight":1.0,"played":[0.0,1.0],"evs":[0.0,1.44828]},"AJs":{"weight":1.0,"played":[0.0,1.0],"evs":[0.0,3.07552]},"AQs":{"weight":0.3788,"played":[0.0,1.0],"evs":[0.0,4.93593]},"AKs":{"weight":4.0E-4,"played":[0.0,1.0],"evs":[0.0,6.80889]},"AA":{"weight":1.0,"played":[0.0,1.0],"evs":[0.0,15.50977]}}}