{"player":0,"street":0,"children":3,"sequence":[{"player":0,"type":"R","amount":200000,"street":0},{"player":1,"type":"C","amount":200000,"street":0},{"player":2,"type":"F","amount":0,"street":0},{"player":3,"type":"F","amount":0,"street":0},{"player":4,"type":"R","amount":1245000,"street":0},{"player":5,"type":"R","amount":1875000,"street":0}],"actions":[{"type":"F","amount":0,"node":343},{"type":"C","amount":1675000,"node":344},{"type":"R","amount":2195000,"node":346}],"hands":{"22":{"weight":0.6958,"played":[0.989,0.0064,0.0045],"evs":[0.0,-0.66379,-0.78909]},"32o":{"weight":0.0,"played":[1.0,0.0,0.0],"evs":[0.0,-5.83147,-5.89922]},"42o":{"weight":0.0,"played":[1.0,0.0,0.0],"evs":[0.0,-5.60485,-5.67593]},"52o":{"weight":0.0,"played":[0.9999,0.0,1.0E-4],"evs":[0.0,-5.20304,-5.33784]},"62o":{"weight":0.0,"played":[0.9998,0.0,2.0E-4],"evs":[0.0,-5.85708,-6.01595]},"72o":{"weight":0.0,"played":[1.0,0.0,0.0],"evs":[0.0,-7.14924,-7.08652]},"82o":{"weight":0.0,"played":[1.0,0.0,0.0],"evs":[0.0,-6.81442,-6.87237]},"92o":{"weight":0.0,"played":[0.9999,0.0,1.0E-4],"evs":[0.0,-6.0118,-5.97233]},"T2o":{"weight":0.0,"played":[0.9998,0.0,2.0E-4],"evs":[0.0,-6.52292,-6.5208]},"J2o":{"weight":0.0,"played":[1.0,0.0,0.0],"evs":[0.0,-5.93978,-5.95371]},"Q2o":{"weight":0.0,"played":[0.9995,3.0E-4,2.0E-4],"evs":[0.0,-5.91595,-5.84997]},"K2o":{"weight":0.0,"played":[1.0,0.0,0.0],"evs":[0.0,-4.17144,-4.14775]},"A2o":{"weight":0.0,"played":[0.9999,1.0E-4,1.0E-4],"evs":[0.0,-5.27341,-5.28802]},"32s":{"weight":0.0,"played":[0.9937,0.0036,0.0027],"evs":[0.0,-3.39977,-3.50424]},"33":{"weight":0.9599,"played":[0.9987,9.0E-4,3.0E-4],"evs":[0.0,-1.1671,-1.13066]},"43o":{"weight":0.0,"played":[1.0,0.0,0.0],"evs":[0.0,-4.46186,-4.55298]},"53o":{"weight":0.0,"played":[0.9999,0.0,1.0E-4],"evs":[0.0,-3.72991,-3.61813]},"63o":{"weight":0.0,"played":[1.0,0.0,0.0],"evs":[0.0,-5.17631,-5.29568]},"73o":{"weight":0.0,"played":[0.9999,1.0E-4,0.0],"evs":[0.0,-6.72235,-6.8051]},"83o":{"weight":0.0,"played":[1.0,0.0,0.0],"evs":[0.0,-7.01442,-7.00031]},"93o":{"weight":0.0,"played":[0.9996,2.0E-4,2.0E-4],"evs":[0.0,-6.40922,-6.47829]},"T3o":{"weight":0.0,"played":[0.9997,1.0E-4,2.0E-4],"evs":[0.0,-6.16991,-6.08573]},"J3o":{"weight":0.0,"played":[1.0,0.0,0.0],"evs":[0.0,-5.65773,-5.73216]},"Q3o":{"weight":0.0,"played":[1.0,0.0,0.0],"evs":[0.0,-5.89255,-5.9815]},"K3o":{"weight":0.0,"played":[1.0,0.0,0.0],"evs":[0.0,-5.2815,-5.16184]},"A3o":{"weight":0.0,"played":[0.9999,0.0,1.0E-4],"evs":[0.0,-5.13215,-5.06785]},"42s":{"weight":0.0,"played":[0.9973,0.0014,0.0013],"evs":[0.0,-3.20492,-3.12767]},"43s":{"weight":0.0,"played":[0.9746,0.0055,0.0199],"evs":[0.0,-2.97871,-3.0189]},"44":{"weight":0.9292,"played":[0.999,5.0E-4,5.0E-4],"evs":[0.0,-0.63576,-0.75746]},"54o":{"weight":0.0,"played":[0.9993,4.0E-4,3.0E-4],"evs":[0.0,-2.99835,-3.06786]},"64o":{"weight":0.0,"played":[0.9999,1.0E-4,0.0],"evs":[0.0,-4.30326,-4.3849]},"74o":{"weight":0.0,"played":[1.0,0.0,0.0],"evs":[0.0,-4.43888,-4.68638]},"84o":{"weight":0.0,"played":[1.0,0.0,0.0],"evs":[0.0,-5.38452,-5.33325]},"94o":{"weight":0.0,"played":[1.0,0.0,0.0],"evs":[0.0,-6.47585,-6.37963]},"T4o":{"weight":0.0,"played":[0.9999,0.0,1.0E-4],"evs":[0.0,-5.25117,-5.50316]},"J4o":{"weight":0.0,"played":[1.0,0.0,0.0],"evs":[0.0,-5.90093,-5.90728]},"Q4o":{"weight":0.0,"played":[0.9999,1.0E-4,0.0],"evs":[0.0,-5.06977,-5.04203]},"K4o":{"weight":0.0,"played":[0.9999,0.0,1.0E-4],"evs":[0.0,-4.53322,-4.39615]},"A4o":{"weight":0.0,"played":[0.9991,5.0E-4,4.0E-4],"evs":[0.0,-4.73143,-4.80459]},"52s":{"weight":0.0,"played":[0.9889,0.0016,0.0095],"evs":[0.0,-2.56043,-2.60823]},"53s":{"weight":0.0,"played":[0.9881,0.0048,0.0072],"evs":[0.0,-1.97885,-2.06907]},"54s":{"weight":0.0,"played":[0.8698,0.0636,0.0666],"evs":[0.0,-1.47033,-1.65802]},"55":{"weight":0.986,"played":[0.934,0.054,0.012],"evs":[0.0,-0.9238,-0.98299]},"65o":{"weight":0.0,"played":[0.9998,0.0,2.0E-4],"evs":[0.0,-3.2192,-3.25708]},"75o":{"weight":0.0,"played":[0.9952,0.0028,0.002],"evs":[0.0,-3.9366,-3.96065]},"85o":{"weight":0.0,"played":[1.0,0.0,0.0],"evs":[0.0,-4.16286,-4.09645]},"95o":{"weight":0.0,"played":[0.9998,0.0,1.0E-4],"evs":[0.0,-5.20582,-5.26193]},"T5o":{"weight":0.0,"played":[0.9999,0.0,0.0],"evs":[0.0,-5.52995,-5.56577]},"J5o":{"weight":0.0,"played":[0.9998,0.0,2.0E-4],"evs":[0.0,-5.60359,-5.5333]},"Q5o":{"weight":0.0,"played":[0.9998,1.0E-4,1.0E-4],"evs":[0.0,-5.6325,-5.51156]},"K5o":{"weight":0.0,"played":[0.9995,0.0,5.0E-4],"evs":[0.0,-4.92153,-4.93793]},"A5o":{"weight":1.0,"played":[0.9992,3.0E-4,5.0E-4],"evs":[0.0,-4.5382,-4.60773]},"62s":{"weight":0.0,"played":[0.9899,0.0045,0.0056],"evs":[0.0,-3.78682,-4.00724]},"63s":{"weight":0.0,"played":[0.9962,0.0021,0.0018],"evs":[0.0,-2.02518,-2.05373]},"64s":{"weight":0.0,"played":[0.9998,1.0E-4,1.0E-4],"evs":[0.0,-2.03602,-1.95445]},"65s":{"weight":0.0,"played":[0.7816,0.0165,0.2019],"evs":[0.0,-1.19051,-1.22629]},"66":{"weight":0.7522,"played":[0.6196,0.1839,0.1965],"evs":[0.0,-0.4675,-0.54123]},"76o":{"weight":0.0,"played":[0.9971,0.0019,0.001],"evs":[0.0,-3.26667,-3.31372]},"86o":{"weight":0.0,"played":[0.9998,0.0,2.0E-4],"evs":[0.0,-3.9868,-4.08745]},"96o":{"weight":0.0,"played":[0.9995,2.0E-4,2.0E-4],"evs":[0.0,-4.32062,-4.37395]},"T6o":{"weight":0.0,"played":[0.9999,0.0,1.0E-4],"evs":[0.0,-4.84453,-4.89218]},"J6o":{"weight":0.0,"played":[0.9998,1.0E-4,1.0E-4],"evs":[0.0,-6.03755,-5.91713]},"Q6o":{"weight":0.0,"played":[0.9994,2.0E-4,4.0E-4],"evs":[0.0,-4.74084,-4.77055]},"K6o":{"weight":0.0,"played":[0.9992,5.0E-4,3.0E-4],"evs":[0.0,-3.49422,-3.59421]},"A6o":{"weight":3.0E-4,"played":[0.9977,0.0013,0.001],"evs":[0.0,-5.40244,-5.53337]},"72s":{"weight":0.0,"played":[0.9975,0.0022,3.0E-4],"evs":[0.0,-4.42733,-4.33774]},"73s":{"weight":0.0,"played":[1.0,0.0,0.0],"evs":[0.0,-4.82668,-4.96366]},"74s":{"weight":0.0,"played":[0.9957,0.0039,4.0E-4],"evs":[0.0,-2.3078,-2.59532]},"75s":{"weight":0.0,"played":[0.8862,0.0633,0.0505],"evs":[0.0,-1.69137,-1.79936]},"76s":{"weight":0.8966,"played":[0.8688,0.1234,0.0078],"evs":[0.0,-0.89038,-1.15161]},"77":{"weight":0.839,"played":[0.3998,0.2714,0.3288],"evs":[0.0,-0.35792,-0.31497]},"87o":{"weight":0.0,"played":[0.9999,0.0,0.0],"evs":[0.0,-3.52594,-3.5195]},"97o":{"weight":0.0,"played":[0.9984,7.0E-4,0.001],"evs":[0.0,-3.45914,-3.46369]},"T7o":{"weight":0.0,"played":[0.9992,7.0E-4,0.0],"evs":[0.0,-4.83799,-4.92005]},"J7o":{"weight":0.0,"played":[1.0,0.0,0.0],"evs":[0.0,-5.33106,-5.3997]},"Q7o":{"weight":0.0,"played":[0.9999,1.0E-4,1.0E-4],"evs":[0.0,-5.60561,-5.5665]},"K7o":{"weight":0.0,"played":[0.9988,2.0E-4,0.001],"evs":[0.0,-4.31307,-4.29427]},"A7o":{"weight":1.0,"played":[1.0,0.0,0.0],"evs":[0.0,-5.61599,-5.60324]},"82s":{"weight":0.0,"played":[0.9993,3.0E-4,4.0E-4],"evs":[0.0,-3.27433,-3.32857]},"83s":{"weight":0.0,"played":[0.9981,3.0E-4,0.0016],"evs":[0.0,-4.67971,-4.4813]},"84s":{"weight":0.0,"played":[0.9962,0.001,0.0028],"evs":[0.0,-2.84168,-2.89777]},"85s":{"weight":0.0,"played":[0.9949,2.0E-4,0.0048],"evs":[0.0,-2.27559,-2.29427]},"86s":{"weight":0.0,"played":[0.7465,0.1608,0.0927],"evs":[0.0,-0.14355,-0.24611]},"87s":{"weight":0.9998,"played":[0.8833,0.0503,0.0664],"evs":[0.0,-0.74759,-0.79934]},"88":{"weight":0.9982,"played":[0.0,0.9352,0.0648],"evs":[0.0,1.61468,1.59917]},"98o":{"weight":0.0,"played":[0.9999,1.0E-4,0.0],"evs":[0.0,-3.1755,-3.21152]},"T8o":{"weight":0.0,"played":[1.0,0.0,0.0],"evs":[0.0,-3.5307,-3.61483]},"J8o":{"weight":0.0,"played":[0.9994,4.0E-4,2.0E-4],"evs":[0.0,-4.35669,-4.30488]},"Q8o":{"weight":0.0,"played":[1.0,0.0,0.0],"evs":[0.0,-4.38797,-4.2214]},"K8o":{"weight":0.0,"played":[0.9986,0.0,0.0014],"evs":[0.0,-3.96114,-3.85441]},"A8o":{"weight":1.0,"played":[0.9998,2.0E-4,0.0],"evs":[0.0,-5.90082,-5.84222]},"92s":{"weight":0.0,"played":[0.9984,8.0E-4,9.0E-4],"evs":[0.0,-2.82175,-2.70983]},"93s":{"weight":0.0,"played":[0.9996,0.0,4.0E-4],"evs":[0.0,-3.56393,-3.39145]},"94s":{"weight":0.0,"played":[0.9714,0.0137,0.0148],"evs":[0.0,-4.85907,-4.97342]},"95s":{"weight":0.0,"played":[0.9999,1.0E-4,0.0],"evs":[0.0,-2.81209,-2.82885]},"96s":{"weight":0.0,"played":[0.9972,0.0016,0.0011],"evs":[0.0,-2.11895,-2.04825]},"97s":{"weight":0.2425,"played":[0.9962,0.003,8.0E-4],"evs":[0.0,-1.54147,-1.49124]},"98s":{"weight":1.0,"played":[0.5928,0.2923,0.1149],"evs":[0.0,-0.56841,-0.72131]},"99":{"weight":0.9999,"played":[0.0,0.8084,0.1916],"evs":[0.0,3.24681,3.15164]},"T9o":{"weight":0.0,"played":[0.9999,0.0,1.0E-4],"evs":[0.0,-2.60537,-2.4913]},"J9o":{"weight":0.0,"played":[0.9999,0.0,1.0E-4],"evs":[0.0,-3.1873,-3.18385]},"Q9o":{"weight":0.0,"played":[0.9999,0.0,1.0E-4],"evs":[0.0,-3.30468,-3.22082]},"K9o":{"weight":0.0,"played":[0.9987,0.0,0.0013],"evs":[0.0,-2.94563,-2.71265]},"A9o":{"weight":1.0,"played":[0.9999,0.0,1.0E-4],"evs":[0.0,-4.15643,-4.16248]},"T2s":{"weight":0.0,"played":[0.9988,4.0E-4,8.0E-4],"evs":[0.0,-3.48457,-3.3102]},"T3s":{"weight":0.0,"played":[0.9987,8.0E-4,6.0E-4],"evs":[0.0,-3.29175,-3.02365]},"T4s":{"weight":0.0,"played":[0.9914,0.0063,0.0024],"evs":[0.0,-3.38046,-3.42979]},"T5s":{"weight":0.0,"played":[0.9998,0.0,2.0E-4],"evs":[0.0,-2.74251,-2.4638]},"T6s":{"weight":0.0,"played":[1.0,0.0,0.0],"evs":[0.0,-1.99859,-1.81203]},"T7s":{"weight":0.0,"played":[0.997,0.0013,0.0018],"evs":[0.0,-1.20611,-1.05379]},"T8s":{"weight":0.9999,"played":[0.9485,0.0392,0.0124],"evs":[0.0,-0.46356,-0.67069]},"T9s":{"weight":0.9992,"played":[0.6164,0.0721,0.3114],"evs":[0.0,0.10692,0.41342]},"TT":{"weight":1.0,"played":[0.0,0.0053,0.9947],"evs":[0.0,5.96487,6.18096]},"JTo":{"weight":0.9998,"played":[0.9996,1.0E-4,2.0E-4],"evs":[0.0,-2.5749,-2.52072]},"QTo":{"weight":1.0,"played":[0.9996,2.0E-4,2.0E-4],"evs":[0.0,-2.70352,-2.686]},"KTo":{"weight":0.9999,"played":[0.9866,0.005,0.0084],"evs":[0.0,-2.39319,-2.39132]},"ATo":{"weight":0.9995,"played":[0.9959,0.0021,0.0019],"evs":[0.0,-3.43255,-3.50956]},"J2s":{"weight":0.0,"played":[0.9986,3.0E-4,0.0012],"evs":[0.0,-3.68947,-3.34649]},"J3s":{"weight":0.0,"played":[0.9935,0.0036,0.0028],"evs":[0.0,-3.82546,-3.51236]},"J4s":{"weight":0.0,"played":[0.9983,0.0,0.0017],"evs":[0.0,-3.16481,-3.12834]},"J5s":{"weight":0.0,"played":[0.9984,3.0E-4,0.0013],"evs":[0.0,-2.92345,-2.68481]},"J6s":{"weight":0.0,"played":[0.9774,0.0012,0.0213],"evs":[0.0,-1.75456,-1.73572]},"J7s":{"weight":0.0,"played":[0.9969,4.0E-4,0.0026],"evs":[0.0,-3.55755,-3.65937]},"J8s":{"weight":0.9993,"played":[0.9728,0.0036,0.0236],"evs":[0.0,-2.27853,-2.17192]},"J9s":{"weight":0.8909,"played":[0.1248,0.2893,0.586],"evs":[0.0,-0.25071,-0.00732]},"JTs":{"weight":0.8441,"played":[0.1495,0.1818,0.6688],"evs":[0.0,0.43321,0.54301]},"JJ":{"weight":1.0,"played":[0.0,0.9009,0.0991],"evs":[0.0,7.86465,7.83709]},"QJo":{"weight":1.0,"played":[0.9995,3.0E-4,1.0E-4],"evs":[0.0,-2.20735,-1.98377]},"KJo":{"weight":0.9919,"played":[0.9965,3.0E-4,0.0032],"evs":[0.0,-2.00009,-1.84577]},"AJo":{"weight":0.8669,"played":[0.9918,0.0049,0.0033],"evs":[0.0,-2.81355,-2.8253]},"Q2s":{"weight":0.0,"played":[0.9773,0.005,0.0177],"evs":[0.0,-4.70072,-4.20085]},"Q3s":{"weight":0.0,"played":[0.998,7.0E-4,0.0013],"evs":[0.0,-3.90721,-3.79622]},"Q4s":{"weight":0.0,"played":[0.9785,0.0176,0.0039],"evs":[0.0,-3.04873,-2.98522]},"Q5s":{"weight":0.0,"played":[0.9996,0.0,4.0E-4],"evs":[0.0,-3.35101,-3.18322]},"Q6s":{"weight":0.0,"played":[0.9832,0.0162,6.0E-4],"evs":[0.0,-2.18331,-2.2406]},"Q7s":{"weight":0.0,"played":[0.9719,0.0165,0.0117],"evs":[0.0,-3.12845,-2.89423]},"Q8s":{"weight":0.9998,"played":[0.9596,0.0064,0.034],"evs":[0.0,-1.68799,-1.55115]},"Q9s":{"weight":0.9999,"played":[0.9949,7.0E-4,0.0044],"evs":[0.0,-1.34632,-1.10391]},"QTs":{"weight":0.9988,"played":[0.9428,0.033,0.0242],"evs":[0.0,-0.07705,-0.11111]},"QJs":{"weight":0.9977,"played":[0.6547,0.1882,0.1571],"evs":[0.0,0.25577,0.2435]},"QQ":{"weight":1.0,"played":[0.0,0.9544,0.0456],"evs":[0.0,13.23315,13.25299]},"KQo":{"weight":0.9491,"played":[0.9986,0.001,4.0E-4],"evs":[0.0,-0.90232,-0.74631]},"AQo":{"weight":0.9015,"played":[0.7761,0.2014,0.0225],"evs":[0.0,-0.68749,-0.74685]},"K2s":{"weight":0.0,"played":[0.9953,0.0019,0.0028],"evs":[0.0,-2.79495,-2.90126]},"K3s":{"weight":0.0,"played":[0.9984,6.0E-4,9.0E-4],"evs":[0.0,-2.4481,-2.50971]},"K4s":{"weight":0.0,"played":[1.0,0.0,0.0],"evs":[0.0,-3.17889,-2.90341]},"K5s":{"weight":0.765,"played":[0.9969,0.0017,0.0014],"evs":[0.0,-0.7881,-0.82287]},"K6s":{"weight":1.0,"played":[0.9685,0.0281,0.0035],"evs":[0.0,-1.80456,-1.69663]},"K7s":{"weight":1.0,"played":[0.9153,0.0092,0.0755],"evs":[0.0,-0.5212,-0.5616]},"K8s":{"weight":1.0,"played":[0.2564,0.3596,0.384],"evs":[0.0,0.24452,0.29348]},"K9s":{"weight":0.999,"played":[0.7684,0.107,0.1246],"evs":[0.0,-0.83875,-0.83462]},"KTs":{"weight":0.7429,"played":[0.069,0.4612,0.4698],"evs":[0.0,0.32587,0.24807]},"KJs":{"weight":0.9998,"played":[0.0463,0.1266,0.8271],"evs":[0.0,1.40883,1.52531]},"KQs":{"weight":1.0,"played":[0.0,0.1171,0.8829],"evs":[0.0,0.09123,0.33532]},"KK":{"weight":1.0,"played":[0.0,0.8483,0.1517],"evs":[0.0,20.33772,20.26521]},"AKo":{"weight":1.0,"played":[0.0,0.0796,0.9204],"evs":[0.0,4.05413,4.19766]},"A2s":{"weight":0.9993,"played":[0.9962,7.0E-4,0.0031],"evs":[0.0,-2.72419,-2.60559]},"A3s":{"weight":0.9983,"played":[0.9856,0.0068,0.0076],"evs":[0.0,-0.89088,-1.24472]},"A4s":{"weight":0.9692,"played":[0.9995,3.0E-4,2.0E-4],"evs":[0.0,-2.35127,-2.17726]},"A5s":{"weight":0.7218,"played":[0.9913,0.0046,0.0041],"evs":[0.0,-1.73575,-2.03279]},"A6s":{"weight":0.993,"played":[0.9949,0.0029,0.0022],"evs":[0.0,-2.68864,-2.71285]},"A7s":{"weight":0.9999,"played":[0.9976,0.0013,0.0012],"evs":[0.0,-2.93798,-3.05383]},"A8s":{"weight":1.0,"played":[0.9713,0.0085,0.0202],"evs":[0.0,-2.27176,-2.34374]},"A9s":{"weight":1.0,"played":[0.9941,1.0E-4,0.0058],"evs":[0.0,-1.32789,-1.3642]},"ATs":{"weight":1.0,"played":[0.8773,0.064,0.0587],"evs":[0.0,-1.13873,-1.42528]},"AJs":{"weight":1.0,"played":[0.0023,0.3883,0.6094],"evs":[0.0,0.84001,0.84569]},"AQs":{"weight":1.0,"played":[0.0,0.383,0.617],"evs":[0.0,2.20964,2.33587]},"AKs":{"weight":1.0,"played":[0.0,0.8274,0.1726],"evs":[0.0,7.63211,7.48004]},"AA":{"weight":1.0,"played":[0.0,0.5508,0.4492],"evs":[0.0,27.91751,27.80538]}}}