{"player":0,"street":0,"children":3,"sequence":[{"player":0,"type":"R","amount":200000,"street":0},{"player":1,"type":"C","amount":200000,"street":0},{"player":2,"type":"F","amount":0,"street":0},{"player":3,"type":"C","amount":200000,"street":0},{"player":4,"type":"F","amount":0,"street":0},{"player":5,"type":"R","amount":1875000,"street":0}],"actions":[{"type":"F","amount":0,"node":350},{"type":"C","amount":1675000,"node":353},{"type":"R","amount":2725000,"node":358}],"hands":{"22":{"weight":0.6958,"played":[0.8165,0.0947,0.0888],"evs":[0.0,-0.69914,-1.0315]},"32o":{"weight":0.0,"played":[1.0,0.0,0.0],"evs":[0.0,-5.78666,-6.29939]},"42o":{"weight":0.0,"played":[0.9991,4.0E-4,4.0E-4],"evs":[0.0,-5.83866,-6.04985]},"52o":{"weight":0.0,"played":[1.0,0.0,0.0],"evs":[0.0,-3.69336,-3.73078]},"62o":{"weight":0.0,"played":[0.9939,0.0027,0.0034],"evs":[0.0,-5.71776,-5.83934]},"72o":{"weight":0.0,"played":[1.0,0.0,0.0],"evs":[0.0,-7.58394,-7.47606]},"82o":{"weight":0.0,"played":[1.0,0.0,0.0],"evs":[0.0,-6.3417,-6.75788]},"92o":{"weight":0.0,"played":[0.9998,0.0,2.0E-4],"evs":[0.0,-5.76035,-5.73298]},"T2o":{"weight":0.0,"played":[1.0,0.0,0.0],"evs":[0.0,-6.05091,-6.16075]},"J2o":{"weight":0.0,"played":[0.9998,0.0,2.0E-4],"evs":[0.0,-6.41578,-6.22702]},"Q2o":{"weight":0.0,"played":[0.9998,0.0,2.0E-4],"evs":[0.0,-5.70633,-5.69455]},"K2o":{"weight":0.0,"played":[0.9984,0.0013,2.0E-4],"evs":[0.0,-3.11962,-3.42555]},"A2o":{"weight":0.0,"played":[0.9997,2.0E-4,2.0E-4],"evs":[0.0,-4.19103,-4.35391]},"32s":{"weight":0.0,"played":[0.9953,1.0E-4,0.0047],"evs":[0.0,-3.71705,-3.79505]},"33":{"weight":0.9599,"played":[0.9783,0.0075,0.0142],"evs":[0.0,-1.05393,-1.13517]},"43o":{"weight":0.0,"played":[0.9985,0.0,0.0015],"evs":[0.0,-4.325,-4.29181]},"53o":{"weight":0.0,"played":[0.9998,0.0,2.0E-4],"evs":[0.0,-4.60598,-4.88838]},"63o":{"weight":0.0,"played":[0.9999,0.0,0.0],"evs":[0.0,-4.38986,-4.47154]},"73o":{"weight":0.0,"played":[0.9999,1.0E-4,0.0],"evs":[0.0,-5.95923,-6.2541]},"83o":{"weight":0.0,"played":[0.9998,0.0,2.0E-4],"evs":[0.0,-4.67703,-4.73889]},"93o":{"weight":0.0,"played":[0.9991,9.0E-4,0.0],"evs":[0.0,-6.20046,-6.11995]},"T3o":{"weight":0.0,"played":[0.9989,3.0E-4,8.0E-4],"evs":[0.0,-6.48666,-6.517]},"J3o":{"weight":0.0,"played":[0.9996,0.0,4.0E-4],"evs":[0.0,-5.95056,-6.02159]},"Q3o":{"weight":0.0,"played":[0.9997,0.0,3.0E-4],"evs":[0.0,-5.33199,-5.07614]},"K3o":{"weight":0.0,"played":[0.9996,1.0E-4,3.0E-4],"evs":[0.0,-3.38564,-3.49482]},"A3o":{"weight":0.0,"played":[0.9988,1.0E-4,0.0011],"evs":[0.0,-2.7581,-2.83242]},"42s":{"weight":0.0,"played":[0.9589,0.0116,0.0295],"evs":[0.0,-3.11398,-2.85989]},"43s":{"weight":0.0,"played":[0.9851,0.0041,0.0108],"evs":[0.0,-0.75531,-1.34535]},"44":{"weight":0.9292,"played":[0.2048,0.5271,0.2681],"evs":[0.0,1.24247,0.98718]},"54o":{"weight":0.0,"played":[1.0,0.0,0.0],"evs":[0.0,-3.56848,-3.38662]},"64o":{"weight":0.0,"played":[1.0,0.0,0.0],"evs":[0.0,-3.27222,-3.44637]},"74o":{"weight":0.0,"played":[1.0,0.0,0.0],"evs":[0.0,-4.2592,-4.58815]},"84o":{"weight":0.0,"played":[0.9978,0.0,0.0022],"evs":[0.0,-5.61877,-5.27125]},"94o":{"weight":0.0,"played":[0.9986,3.0E-4,0.0011],"evs":[0.0,-6.28746,-6.35534]},"T4o":{"weight":0.0,"played":[0.9995,0.0,4.0E-4],"evs":[0.0,-3.96111,-4.14733]},"J4o":{"weight":0.0,"played":[1.0,0.0,0.0],"evs":[0.0,-6.03786,-6.23529]},"Q4o":{"weight":0.0,"played":[0.999,6.0E-4,4.0E-4],"evs":[0.0,-4.63829,-4.72248]},"K4o":{"weight":0.0,"played":[0.9971,0.0013,0.0016],"evs":[0.0,-3.07646,-3.1945]},"A4o":{"weight":0.0,"played":[0.9919,0.007,0.0012],"evs":[0.0,-2.05964,-2.02674]},"52s":{"weight":0.0,"played":[0.9993,0.0,7.0E-4],"evs":[0.0,-3.19625,-3.4122]},"53s":{"weight":0.0,"played":[0.9077,0.005,0.0873],"evs":[0.0,-1.78094,-1.55311]},"54s":{"weight":0.0,"played":[0.8319,0.007,0.1611],"evs":[0.0,-1.70925,-0.98172]},"55":{"weight":0.986,"played":[3.0E-4,0.7919,0.2078],"evs":[0.0,2.35757,2.15979]},"65o":{"weight":0.0,"played":[0.9974,7.0E-4,0.0019],"evs":[0.0,-2.84148,-2.99517]},"75o":{"weight":0.0,"played":[0.9949,7.0E-4,0.0043],"evs":[0.0,-3.39605,-3.54163]},"85o":{"weight":0.0,"played":[0.999,9.0E-4,2.0E-4],"evs":[0.0,-4.39921,-4.43122]},"95o":{"weight":0.0,"played":[0.9995,1.0E-4,4.0E-4],"evs":[0.0,-4.10775,-3.90186]},"T5o":{"weight":0.0,"played":[1.0,0.0,0.0],"evs":[0.0,-5.58989,-5.93626]},"J5o":{"weight":0.0,"played":[1.0,0.0,0.0],"evs":[0.0,-5.15855,-4.61299]},"Q5o":{"weight":0.0,"played":[0.9998,0.0,2.0E-4],"evs":[0.0,-2.99654,-3.11491]},"K5o":{"weight":0.0,"played":[0.9987,7.0E-4,6.0E-4],"evs":[0.0,-2.10817,-2.53333]},"A5o":{"weight":1.0,"played":[0.9904,0.0048,0.0048],"evs":[0.0,-2.806,-2.93826]},"62s":{"weight":0.0,"played":[0.9298,0.038,0.0322],"evs":[0.0,-3.89502,-3.64626]},"63s":{"weight":0.0,"played":[0.9976,0.0011,0.0013],"evs":[0.0,-2.26696,-2.22636]},"64s":{"weight":0.0,"played":[0.9724,6.0E-4,0.0269],"evs":[0.0,-4.1529,-4.39954]},"65s":{"weight":0.0,"played":[0.1303,0.5828,0.287],"evs":[0.0,0.7158,0.53655]},"66":{"weight":0.7522,"played":[8.0E-4,0.6353,0.3639],"evs":[0.0,3.06414,3.12735]},"76o":{"weight":0.0,"played":[0.9885,0.0026,0.0089],"evs":[0.0,-2.81436,-2.67922]},"86o":{"weight":0.0,"played":[0.9942,7.0E-4,0.0052],"evs":[0.0,-3.07404,-3.11457]},"96o":{"weight":0.0,"played":[0.9939,0.0027,0.0033],"evs":[0.0,-4.98077,-4.70764]},"T6o":{"weight":0.0,"played":[0.9999,1.0E-4,1.0E-4],"evs":[0.0,-3.66947,-3.65794]},"J6o":{"weight":0.0,"played":[1.0,0.0,0.0],"evs":[0.0,-4.75434,-4.69473]},"Q6o":{"weight":0.0,"played":[0.9992,0.0,7.0E-4],"evs":[0.0,-4.75774,-4.90603]},"K6o":{"weight":0.0,"played":[0.9939,0.002,0.0042],"evs":[0.0,-2.05116,-1.97775]},"A6o":{"weight":3.0E-4,"played":[0.9992,1.0E-4,7.0E-4],"evs":[0.0,-4.50255,-4.53548]},"72s":{"weight":0.0,"played":[0.9989,0.0,0.0011],"evs":[0.0,-4.5816,-4.34134]},"73s":{"weight":0.0,"played":[0.9994,0.0,6.0E-4],"evs":[0.0,-3.27808,-3.31901]},"74s":{"weight":0.0,"played":[0.9944,0.0012,0.0044],"evs":[0.0,-1.98835,-2.41801]},"75s":{"weight":0.0,"played":[0.9486,0.0352,0.0162],"evs":[0.0,-2.90612,-2.92089]},"76s":{"weight":0.8966,"played":[0.828,0.0103,0.1617],"evs":[0.0,-1.46078,-1.52197]},"77":{"weight":0.839,"played":[4.0E-4,0.1605,0.8391],"evs":[0.0,1.70199,2.10691]},"87o":{"weight":0.0,"played":[0.991,0.0054,0.0036],"evs":[0.0,-2.54527,-2.4552]},"97o":{"weight":0.0,"played":[0.9992,1.0E-4,8.0E-4],"evs":[0.0,-3.54741,-3.46235]},"T7o":{"weight":0.0,"played":[0.9998,1.0E-4,1.0E-4],"evs":[0.0,-3.49347,-3.58318]},"J7o":{"weight":0.0,"played":[0.9999,0.0,1.0E-4],"evs":[0.0,-3.90025,-3.99235]},"Q7o":{"weight":0.0,"played":[0.9995,2.0E-4,3.0E-4],"evs":[0.0,-3.96894,-4.04334]},"K7o":{"weight":0.0,"played":[0.9905,0.0011,0.0085],"evs":[0.0,-3.02959,-2.93524]},"A7o":{"weight":1.0,"played":[0.9998,1.0E-4,0.0],"evs":[0.0,-2.97509,-2.70593]},"82s":{"weight":0.0,"played":[0.9901,0.005,0.0048],"evs":[0.0,-4.34335,-3.89549]},"83s":{"weight":0.0,"played":[0.9991,0.0,9.0E-4],"evs":[0.0,-2.77402,-2.69174]},"84s":{"weight":0.0,"played":[0.9897,0.0036,0.0066],"evs":[0.0,-1.82078,-1.5656]},"85s":{"weight":0.0,"played":[0.997,0.0,0.003],"evs":[0.0,-2.22863,-1.85106]},"86s":{"weight":0.0,"played":[0.3016,0.6041,0.0943],"evs":[0.0,0.81534,0.49542]},"87s":{"weight":0.9998,"played":[0.6461,0.1352,0.2187],"evs":[0.0,-0.70186,-0.5067]},"88":{"weight":0.9982,"played":[0.0,0.9837,0.0163],"evs":[0.0,5.62768,5.34028]},"98o":{"weight":0.0,"played":[0.9998,1.0E-4,1.0E-4],"evs":[0.0,-2.95837,-2.97772]},"T8o":{"weight":0.0,"played":[0.9809,0.004,0.0151],"evs":[0.0,-3.2489,-3.37555]},"J8o":{"weight":0.0,"played":[0.9998,2.0E-4,1.0E-4],"evs":[0.0,-3.63885,-4.02861]},"Q8o":{"weight":0.0,"played":[0.9988,0.0,0.0012],"evs":[0.0,-4.53344,-4.04993]},"K8o":{"weight":0.0,"played":[0.9995,5.0E-4,1.0E-4],"evs":[0.0,-1.66464,-1.10772]},"A8o":{"weight":1.0,"played":[0.9939,0.0027,0.0034],"evs":[0.0,-2.01359,-2.04]},"92s":{"weight":0.0,"played":[0.9966,4.0E-4,0.003],"evs":[0.0,-4.27511,-4.10081]},"93s":{"weight":0.0,"played":[0.9824,0.0025,0.0151],"evs":[0.0,-2.79152,-2.74488]},"94s":{"weight":0.0,"played":[0.9467,0.0384,0.0149],"evs":[0.0,-4.31882,-4.25808]},"95s":{"weight":0.0,"played":[0.9704,0.0,0.0296],"evs":[0.0,-1.63094,-1.60063]},"96s":{"weight":0.0,"played":[0.6072,0.2978,0.0951],"evs":[0.0,-1.17916,-2.00626]},"97s":{"weight":0.2425,"played":[0.9909,0.0043,0.0048],"evs":[0.0,-2.56283,-2.20491]},"98s":{"weight":1.0,"played":[0.2159,0.5953,0.1888],"evs":[0.0,0.21533,0.14562]},"99":{"weight":0.9999,"played":[0.0,0.9958,0.0042],"evs":[0.0,6.76294,6.57105]},"T9o":{"weight":0.0,"played":[0.9168,0.0773,0.0059],"evs":[0.0,-2.2102,-2.4616]},"J9o":{"weight":0.0,"played":[0.9992,7.0E-4,1.0E-4],"evs":[0.0,-2.70886,-2.78617]},"Q9o":{"weight":0.0,"played":[0.995,0.002,0.003],"evs":[0.0,-2.97572,-2.90656]},"K9o":{"weight":0.0,"played":[0.9416,0.0231,0.0353],"evs":[0.0,-0.98649,-1.16527]},"A9o":{"weight":1.0,"played":[0.9974,0.0,0.0026],"evs":[0.0,-2.59869,-2.90995]},"T2s":{"weight":0.0,"played":[0.8486,0.0075,0.1439],"evs":[0.0,-1.14546,-1.14682]},"T3s":{"weight":0.0,"played":[0.9678,0.0198,0.0125],"evs":[0.0,-3.4843,-4.15596]},"T4s":{"weight":0.0,"played":[0.9956,0.0027,0.0017],"evs":[0.0,-3.70421,-3.40356]},"T5s":{"weight":0.0,"played":[0.972,0.0,0.028],"evs":[0.0,-2.84005,-2.85877]},"T6s":{"weight":0.0,"played":[0.9916,0.0034,0.005],"evs":[0.0,-1.92663,-1.75286]},"T7s":{"weight":0.0,"played":[0.9155,0.0528,0.0317],"evs":[0.0,-3.02528,-2.54547]},"T8s":{"weight":0.9999,"played":[0.7046,0.2565,0.039],"evs":[0.0,0.67589,0.03701]},"T9s":{"weight":0.9992,"played":[0.9844,0.0116,0.0041],"evs":[0.0,-1.26485,-0.95748]},"TT":{"weight":1.0,"played":[0.0,0.1231,0.8769],"evs":[0.0,8.78089,9.32389]},"JTo":{"weight":0.9998,"played":[0.9789,0.0186,0.0025],"evs":[0.0,-2.21883,-2.40166]},"QTo":{"weight":1.0,"played":[0.9085,0.068,0.0235],"evs":[0.0,-2.21279,-2.08769]},"KTo":{"weight":0.9999,"played":[0.6253,0.3508,0.0239],"evs":[0.0,-0.31342,-0.5949]},"ATo":{"weight":0.9995,"played":[0.7905,0.0812,0.1283],"evs":[0.0,-1.22212,-1.35222]},"J2s":{"weight":0.0,"played":[0.9955,1.0E-4,0.0044],"evs":[0.0,-3.22364,-3.20666]},"J3s":{"weight":0.0,"played":[0.9939,2.0E-4,0.0058],"evs":[0.0,-4.40475,-4.29757]},"J4s":{"weight":0.0,"played":[0.9983,0.0015,2.0E-4],"evs":[0.0,-3.64866,-3.83815]},"J5s":{"weight":0.0,"played":[0.9637,0.022,0.0143],"evs":[0.0,-2.01477,-1.77728]},"J6s":{"weight":0.0,"played":[0.565,0.1934,0.2416],"evs":[0.0,-1.99215,-2.01604]},"J7s":{"weight":0.0,"played":[0.9585,8.0E-4,0.0408],"evs":[0.0,-2.01045,-0.97692]},"J8s":{"weight":0.9993,"played":[0.7437,0.1177,0.1385],"evs":[0.0,-1.44672,-1.29268]},"J9s":{"weight":0.8909,"played":[0.2015,0.5946,0.2039],"evs":[0.0,-0.13184,-0.1308]},"JTs":{"weight":0.8441,"played":[0.0156,0.9194,0.065],"evs":[0.0,2.25577,2.05531]},"JJ":{"weight":1.0,"played":[0.0,0.6964,0.3036],"evs":[0.0,10.05638,10.1139]},"QJo":{"weight":1.0,"played":[0.8372,0.1092,0.0536],"evs":[0.0,-1.81052,-1.40109]},"KJo":{"weight":0.9919,"played":[0.1872,0.6583,0.1545],"evs":[0.0,-0.16649,-0.12261]},"AJo":{"weight":0.8669,"played":[0.0,0.3549,0.6451],"evs":[0.0,1.38477,1.57297]},"Q2s":{"weight":0.0,"played":[0.7608,0.0236,0.2157],"evs":[0.0,-3.25866,-2.29371]},"Q3s":{"weight":0.0,"played":[0.9658,0.0011,0.0331],"evs":[0.0,-2.47254,-2.63301]},"Q4s":{"weight":0.0,"played":[0.9181,0.0453,0.0366],"evs":[0.0,-0.65998,-1.08466]},"Q5s":{"weight":0.0,"played":[0.9804,0.0085,0.0111],"evs":[0.0,-0.12325,-0.2463]},"Q6s":{"weight":0.0,"played":[0.701,0.2588,0.0402],"evs":[0.0,-2.6872,-2.73888]},"Q7s":{"weight":0.0,"played":[0.6346,0.1633,0.2021],"evs":[0.0,-1.77677,-1.60499]},"Q8s":{"weight":0.9998,"played":[0.9959,0.0036,6.0E-4],"evs":[0.0,-1.19098,-1.02388]},"Q9s":{"weight":0.9999,"played":[0.8283,0.1219,0.0498],"evs":[0.0,0.04513,-0.15556]},"QTs":{"weight":0.9988,"played":[0.6044,0.1597,0.2359],"evs":[0.0,0.33904,0.36537]},"QJs":{"weight":0.9977,"played":[0.0135,0.9196,0.0669],"evs":[0.0,0.17643,0.02308]},"QQ":{"weight":1.0,"played":[0.0,0.3561,0.6439],"evs":[0.0,16.86983,16.74625]},"KQo":{"weight":0.9491,"played":[0.0464,0.4785,0.4751],"evs":[0.0,0.35004,0.31231]},"AQo":{"weight":0.9015,"played":[0.0,0.9787,0.0213],"evs":[0.0,4.56716,4.20417]},"K2s":{"weight":0.0,"played":[0.3569,0.5208,0.1222],"evs":[0.0,-1.75192,-1.8288]},"K3s":{"weight":0.0,"played":[0.5655,0.2209,0.2136],"evs":[0.0,-1.36094,-1.13113]},"K4s":{"weight":0.0,"played":[0.481,0.1386,0.3804],"evs":[0.0,-0.36836,0.25966]},"K5s":{"weight":0.765,"played":[0.8189,0.0574,0.1237],"evs":[0.0,-2.27044,-2.58601]},"K6s":{"weight":1.0,"played":[0.5351,0.3291,0.1358],"evs":[0.0,-0.90941,-0.93863]},"K7s":{"weight":1.0,"played":[0.5347,0.2478,0.2175],"evs":[0.0,-0.35975,-0.48702]},"K8s":{"weight":1.0,"played":[0.9959,0.0023,0.0018],"evs":[0.0,-1.75966,-1.77969]},"K9s":{"weight":0.999,"played":[2.0E-4,0.8818,0.1179],"evs":[0.0,1.31526,1.21746]},"KTs":{"weight":0.7429,"played":[0.1634,0.4203,0.4163],"evs":[0.0,1.37511,1.76527]},"KJs":{"weight":0.9998,"played":[0.0014,0.8185,0.1802],"evs":[0.0,3.14997,3.13921]},"KQs":{"weight":1.0,"played":[1.0E-4,0.3094,0.6905],"evs":[0.0,4.72456,4.47445]},"KK":{"weight":1.0,"played":[0.0,0.9976,0.0024],"evs":[0.0,20.46902,20.34434]},"AKo":{"weight":1.0,"played":[0.0,0.6102,0.3898],"evs":[0.0,6.77363,6.81083]},"A2s":{"weight":0.9993,"played":[0.9318,0.0398,0.0284],"evs":[0.0,-1.23324,-0.92528]},"A3s":{"weight":0.9983,"played":[0.098,0.4312,0.4708],"evs":[0.0,0.23287,0.01688]},"A4s":{"weight":0.9692,"played":[0.2702,0.3519,0.3779],"evs":[0.0,0.6789,0.60061]},"A5s":{"weight":0.7218,"played":[0.9823,0.0056,0.0122],"evs":[0.0,-0.4986,-0.63087]},"A6s":{"weight":0.993,"played":[0.8068,0.0884,0.1049],"evs":[0.0,-0.71036,-1.19558]},"A7s":{"weight":0.9999,"played":[0.6515,0.1881,0.1604],"evs":[0.0,-1.10002,-1.37945]},"A8s":{"weight":1.0,"played":[0.4475,0.3595,0.1931],"evs":[0.0,0.45066,0.15102]},"A9s":{"weight":1.0,"played":[0.0307,0.5487,0.4206],"evs":[0.0,1.62468,1.47104]},"ATs":{"weight":1.0,"played":[0.0,0.888,0.112],"evs":[0.0,3.57253,3.21738]},"AJs":{"weight":1.0,"played":[2.0E-4,0.0667,0.933],"evs":[0.0,5.35422,5.60188]},"AQs":{"weight":1.0,"played":[0.0017,0.2121,0.7862],"evs":[0.0,5.68355,6.19072]},"AKs":{"weight":1.0,"played":[0.0,0.962,0.038],"evs":[0.0,10.29926,10.07559]},"AA":{"weight":1.0,"played":[0.0,0.7492,0.2508],"evs":[0.0,29.61284,29.17856]}}}