{"player":1,"street":0,"children":2,"sequence":[{"player":0,"type":"R","amount":200000,"street":0},{"player":1,"type":"C","amount":200000,"street":0},{"player":2,"type":"F","amount":0,"street":0},{"player":3,"type":"C","amount":200000,"street":0},{"player":4,"type":"F","amount":0,"street":0},{"player":5,"type":"R","amount":1875000,"street":0},{"player":0,"type":"F","amount":0,"street":0}],"actions":[{"type":"F","amount":0,"node":351},{"type":"C","amount":1675000,"node":352}],"hands":{"22":{"weight":0.0,"played":[0.0953,0.9047],"evs":[0.0,0.9835]},"32o":{"weight":0.0,"played":[1.0,0.0],"evs":[0.0,-4.97987]},"42o":{"weight":0.0,"played":[1.0,0.0],"evs":[0.0,-3.89497]},"52o":{"weight":0.0,"played":[0.9992,8.0E-4],"evs":[0.0,-3.95852]},"62o":{"weight":0.0,"played":[0.9994,6.0E-4],"evs":[0.0,-4.26365]},"72o":{"weight":0.0,"played":[0.9999,1.0E-4],"evs":[0.0,-4.72035]},"82o":{"weight":0.0,"played":[1.0,0.0],"evs":[0.0,-4.01224]},"92o":{"weight":0.0,"played":[1.0,0.0],"evs":[0.0,-4.17783]},"T2o":{"weight":0.0,"played":[0.9999,1.0E-4],"evs":[0.0,-4.90742]},"J2o":{"weight":0.0,"played":[0.9996,4.0E-4],"evs":[0.0,-3.38927]},"Q2o":{"weight":0.0,"played":[0.9999,1.0E-4],"evs":[0.0,-3.26286]},"K2o":{"weight":0.0,"played":[0.9999,1.0E-4],"evs":[0.0,-2.37237]},"A2o":{"weight":0.0,"played":[0.9975,0.0025],"evs":[0.0,-2.93256]},"32s":{"weight":0.0,"played":[0.9991,9.0E-4],"evs":[0.0,-2.38367]},"33":{"weight":0.9647,"played":[0.0093,0.9907],"evs":[0.0,1.14382]},"43o":{"weight":0.0,"played":[0.9995,5.0E-4],"evs":[0.0,-2.46833]},"53o":{"weight":0.0,"played":[0.9769,0.0231],"evs":[0.0,-3.10938]},"63o":{"weight":0.0,"played":[0.9999,1.0E-4],"evs":[0.0,-4.49288]},"73o":{"weight":0.0,"played":[0.9964,0.0036],"evs":[0.0,-5.18652]},"83o":{"weight":0.0,"played":[0.9998,2.0E-4],"evs":[0.0,-5.0961]},"93o":{"weight":0.0,"played":[0.9999,1.0E-4],"evs":[0.0,-4.69981]},"T3o":{"weight":0.0,"played":[1.0,0.0],"evs":[0.0,-4.53963]},"J3o":{"weight":0.0,"played":[0.9959,0.0041],"evs":[0.0,-3.31897]},"Q3o":{"weight":0.0,"played":[0.9989,0.0011],"evs":[0.0,-3.76127]},"K3o":{"weight":0.0,"played":[0.9986,0.0014],"evs":[0.0,-2.09768]},"A3o":{"weight":0.0,"played":[0.9882,0.0118],"evs":[0.0,-2.04293]},"42s":{"weight":0.0,"played":[0.989,0.011],"evs":[0.0,-3.24291]},"43s":{"weight":0.0,"played":[0.9371,0.0629],"evs":[0.0,-0.61607]},"44":{"weight":0.9463,"played":[1.0E-4,0.9999],"evs":[0.0,1.73215]},"54o":{"weight":0.0,"played":[0.972,0.028],"evs":[0.0,-1.16378]},"64o":{"weight":0.0,"played":[0.9997,3.0E-4],"evs":[0.0,-3.22836]},"74o":{"weight":0.0,"played":[0.9988,0.0012],"evs":[0.0,-3.02172]},"84o":{"weight":0.0,"played":[0.9997,3.0E-4],"evs":[0.0,-2.54285]},"94o":{"weight":0.0,"played":[0.9996,4.0E-4],"evs":[0.0,-3.34785]},"T4o":{"weight":0.0,"played":[0.9999,1.0E-4],"evs":[0.0,-5.74233]},"J4o":{"weight":0.0,"played":[0.9999,1.0E-4],"evs":[0.0,-3.61643]},"Q4o":{"weight":0.0,"played":[0.9986,0.0014],"evs":[0.0,-3.91805]},"K4o":{"weight":0.0,"played":[0.9997,3.0E-4],"evs":[0.0,-2.16201]},"A4o":{"weight":0.0,"played":[0.9933,0.0067],"evs":[0.0,-1.55375]},"52s":{"weight":0.0,"played":[0.8207,0.1793],"evs":[0.0,-1.04961]},"53s":{"weight":0.0,"played":[0.9665,0.0335],"evs":[0.0,-1.82023]},"54s":{"weight":0.0,"played":[0.3912,0.6088],"evs":[0.0,-0.28597]},"55":{"weight":0.9904,"played":[0.0094,0.9906],"evs":[0.0,0.85233]},"65o":{"weight":0.0,"played":[0.9994,6.0E-4],"evs":[0.0,-2.27192]},"75o":{"weight":0.0,"played":[0.9999,1.0E-4],"evs":[0.0,-2.3328]},"85o":{"weight":0.0,"played":[0.9999,1.0E-4],"evs":[0.0,-4.37536]},"95o":{"weight":0.0,"played":[0.9995,5.0E-4],"evs":[0.0,-3.80675]},"T5o":{"weight":0.0,"played":[0.9999,1.0E-4],"evs":[0.0,-3.78725]},"J5o":{"weight":0.0,"played":[0.9991,9.0E-4],"evs":[0.0,-3.33051]},"Q5o":{"weight":0.0,"played":[0.9983,0.0017],"evs":[0.0,-3.8371]},"K5o":{"weight":0.0,"played":[0.9995,5.0E-4],"evs":[0.0,-1.78938]},"A5o":{"weight":0.0,"played":[0.9858,0.0142],"evs":[0.0,-1.97468]},"62s":{"weight":0.0,"played":[0.9419,0.0581],"evs":[0.0,-1.9588]},"63s":{"weight":0.0,"played":[0.9886,0.0114],"evs":[0.0,-2.20891]},"64s":{"weight":0.0,"played":[0.9128,0.0872],"evs":[0.0,-1.6873]},"65s":{"weight":0.0,"played":[0.5158,0.4842],"evs":[0.0,0.41778]},"66":{"weight":0.3348,"played":[0.0,1.0],"evs":[0.0,3.48696]},"76o":{"weight":0.0,"played":[0.9049,0.0951],"evs":[0.0,-1.83629]},"86o":{"weight":0.0,"played":[0.9809,0.0191],"evs":[0.0,-2.33279]},"96o":{"weight":0.0,"played":[0.998,0.002],"evs":[0.0,-3.10016]},"T6o":{"weight":0.0,"played":[0.991,0.009],"evs":[0.0,-3.58421]},"J6o":{"weight":0.0,"played":[0.9988,0.0012],"evs":[0.0,-2.82123]},"Q6o":{"weight":0.0,"played":[0.9979,0.0021],"evs":[0.0,-2.30947]},"K6o":{"weight":0.0,"played":[0.9961,0.0039],"evs":[0.0,-1.32319]},"A6o":{"weight":0.0,"played":[0.9811,0.0189],"evs":[0.0,-3.29127]},"72s":{"weight":0.0,"played":[0.9984,0.0016],"evs":[0.0,-4.29271]},"73s":{"weight":0.0,"played":[0.8812,0.1188],"evs":[0.0,-3.42123]},"74s":{"weight":0.0,"played":[0.7696,0.2304],"evs":[0.0,-0.99183]},"75s":{"weight":0.0,"played":[0.6681,0.3319],"evs":[0.0,-0.62143]},"76s":{"weight":0.0159,"played":[0.0062,0.9938],"evs":[0.0,-0.02405]},"77":{"weight":0.9413,"played":[1.0E-4,0.9999],"evs":[0.0,5.19432]},"87o":{"weight":0.0,"played":[0.9994,6.0E-4],"evs":[0.0,-3.46464]},"97o":{"weight":0.0,"played":[0.9929,0.0071],"evs":[0.0,-2.56014]},"T7o":{"weight":0.0,"played":[0.9976,0.0024],"evs":[0.0,-2.56797]},"J7o":{"weight":0.0,"played":[0.9843,0.0157],"evs":[0.0,-2.89354]},"Q7o":{"weight":0.0,"played":[1.0,0.0],"evs":[0.0,-2.62579]},"K7o":{"weight":0.0,"played":[0.9849,0.0151],"evs":[0.0,-0.74791]},"A7o":{"weight":0.0,"played":[0.9898,0.0102],"evs":[0.0,-2.69403]},"82s":{"weight":0.0,"played":[0.9972,0.0028],"evs":[0.0,-3.14091]},"83s":{"weight":0.0,"played":[0.9997,3.0E-4],"evs":[0.0,-2.98031]},"84s":{"weight":0.0,"played":[0.9837,0.0163],"evs":[0.0,-1.47489]},"85s":{"weight":0.0,"played":[0.9646,0.0354],"evs":[0.0,-0.35391]},"86s":{"weight":0.0,"played":[0.874,0.126],"evs":[0.0,-0.35353]},"87s":{"weight":0.4281,"played":[0.7475,0.2525],"evs":[0.0,-1.58094]},"88":{"weight":0.1534,"played":[0.0,1.0],"evs":[0.0,5.29378]},"98o":{"weight":0.0,"played":[0.998,0.002],"evs":[0.0,-3.11376]},"T8o":{"weight":0.0,"played":[0.9989,0.0011],"evs":[0.0,-3.63011]},"J8o":{"weight":0.0,"played":[0.9942,0.0058],"evs":[0.0,-3.12575]},"Q8o":{"weight":0.0,"played":[0.9982,0.0018],"evs":[0.0,-3.1844]},"K8o":{"weight":0.0,"played":[0.9928,0.0072],"evs":[0.0,-2.26535]},"A8o":{"weight":0.0,"played":[0.9775,0.0225],"evs":[0.0,-2.78931]},"92s":{"weight":0.0,"played":[0.9236,0.0764],"evs":[0.0,-2.50019]},"93s":{"weight":0.0,"played":[0.9839,0.0161],"evs":[0.0,-2.66559]},"94s":{"weight":0.0,"played":[1.0,0.0],"evs":[0.0,-1.74906]},"95s":{"weight":0.0,"played":[0.902,0.098],"evs":[0.0,-1.00227]},"96s":{"weight":0.0,"played":[0.9226,0.0774],"evs":[0.0,-1.77619]},"97s":{"weight":0.0,"played":[0.8828,0.1172],"evs":[0.0,-1.92315]},"98s":{"weight":0.9906,"played":[0.6558,0.3442],"evs":[0.0,0.09023]},"99":{"weight":0.0,"played":[0.0,1.0],"evs":[0.0,7.09045]},"T9o":{"weight":0.0,"played":[0.968,0.032],"evs":[0.0,-2.08331]},"J9o":{"weight":0.0,"played":[0.9972,0.0028],"evs":[0.0,-2.08306]},"Q9o":{"weight":0.0,"played":[0.9556,0.0444],"evs":[0.0,-1.70261]},"K9o":{"weight":0.0,"played":[0.9465,0.0535],"evs":[0.0,-1.00504]},"A9o":{"weight":0.0,"played":[0.9889,0.0111],"evs":[0.0,-2.46353]},"T2s":{"weight":0.0,"played":[0.995,0.005],"evs":[0.0,-2.553]},"T3s":{"weight":0.0,"played":[0.9592,0.0408],"evs":[0.0,-3.18232]},"T4s":{"weight":0.0,"played":[0.9983,0.0017],"evs":[0.0,-2.60107]},"T5s":{"weight":0.0,"played":[0.9983,0.0017],"evs":[0.0,-2.7354]},"T6s":{"weight":0.0,"played":[0.8658,0.1342],"evs":[0.0,-2.19527]},"T7s":{"weight":0.0,"played":[0.5781,0.4219],"evs":[0.0,-0.54823]},"T8s":{"weight":1.0E-4,"played":[0.9989,0.0011],"evs":[0.0,-1.38473]},"T9s":{"weight":0.9995,"played":[0.5956,0.4044],"evs":[0.0,-0.6202]},"TT":{"weight":1.0E-4,"played":[0.0,1.0],"evs":[0.0,11.68271]},"JTo":{"weight":0.0,"played":[0.449,0.551],"evs":[0.0,0.11269]},"QTo":{"weight":0.0,"played":[0.7262,0.2738],"evs":[0.0,-0.63441]},"KTo":{"weight":0.0,"played":[0.7735,0.2265],"evs":[0.0,0.51595]},"ATo":{"weight":1.0,"played":[0.0,1.0],"evs":[0.0,0.11857]},"J2s":{"weight":0.0,"played":[0.9846,0.0154],"evs":[0.0,-2.56103]},"J3s":{"weight":0.0,"played":[0.9484,0.0516],"evs":[0.0,-0.63781]},"J4s":{"weight":0.0,"played":[0.719,0.281],"evs":[0.0,-1.37789]},"J5s":{"weight":0.0,"played":[0.9293,0.0707],"evs":[0.0,-1.84615]},"J6s":{"weight":0.0,"played":[0.9837,0.0163],"evs":[0.0,-1.04831]},"J7s":{"weight":0.0,"played":[0.2181,0.7819],"evs":[0.0,0.30545]},"J8s":{"weight":0.0,"played":[0.5607,0.4393],"evs":[0.0,-0.36825]},"J9s":{"weight":0.9982,"played":[0.1452,0.8548],"evs":[0.0,1.03847]},"JTs":{"weight":0.0947,"played":[0.6576,0.3424],"evs":[0.0,-0.55088]},"JJ":{"weight":0.106,"played":[0.0,1.0],"evs":[0.0,12.33316]},"QJo":{"weight":0.0128,"played":[0.2945,0.7055],"evs":[0.0,-0.54442]},"KJo":{"weight":1.0,"played":[0.0089,0.9911],"evs":[0.0,0.31935]},"AJo":{"weight":0.782,"played":[0.0,1.0],"evs":[0.0,2.82618]},"Q2s":{"weight":0.0,"played":[0.8638,0.1362],"evs":[0.0,-0.93251]},"Q3s":{"weight":0.0,"played":[0.9537,0.0463],"evs":[0.0,-0.13062]},"Q4s":{"weight":0.0,"played":[0.9863,0.0137],"evs":[0.0,-1.81871]},"Q5s":{"weight":0.0,"played":[0.7375,0.2625],"evs":[0.0,-1.86315]},"Q6s":{"weight":0.0,"played":[0.9375,0.0625],"evs":[0.0,-0.8268]},"Q7s":{"weight":0.0,"played":[0.985,0.015],"evs":[0.0,-1.38899]},"Q8s":{"weight":0.0,"played":[0.9116,0.0884],"evs":[0.0,-0.45867]},"Q9s":{"weight":0.9958,"played":[0.7891,0.2109],"evs":[0.0,-1.07579]},"QTs":{"weight":0.3792,"played":[0.4714,0.5286],"evs":[0.0,-0.42925]},"QJs":{"weight":0.966,"played":[0.0,1.0],"evs":[0.0,1.89545]},"QQ":{"weight":1.0,"played":[0.0,1.0],"evs":[0.0,16.65589]},"KQo":{"weight":0.4389,"played":[3.0E-4,0.9997],"evs":[0.0,2.57469]},"AQo":{"weight":1.0E-4,"played":[0.0,1.0],"evs":[0.0,5.56974]},"K2s":{"weight":0.0,"played":[0.6689,0.3311],"evs":[0.0,0.48862]},"K3s":{"weight":0.0,"played":[0.7459,0.2541],"evs":[0.0,-0.48737]},"K4s":{"weight":0.0,"played":[0.5174,0.4826],"evs":[0.0,-0.83354]},"K5s":{"weight":0.0,"played":[0.1486,0.8514],"evs":[0.0,1.97164]},"K6s":{"weight":0.0,"played":[0.4282,0.5718],"evs":[0.0,1.30742]},"K7s":{"weight":0.0,"played":[0.733,0.267],"evs":[0.0,-0.17231]},"K8s":{"weight":0.0,"played":[0.6116,0.3884],"evs":[0.0,-1.08363]},"K9s":{"weight":0.7585,"played":[1.0E-4,0.9999],"evs":[0.0,2.74395]},"KTs":{"weight":0.0354,"played":[0.1381,0.8619],"evs":[0.0,2.95293]},"KJs":{"weight":0.4556,"played":[0.027,0.973],"evs":[0.0,1.54376]},"KQs":{"weight":0.9993,"played":[0.0152,0.9848],"evs":[0.0,4.0241]},"KK":{"weight":1.0,"played":[0.0,1.0],"evs":[0.0,19.4119]},"AKo":{"weight":0.0,"played":[0.0,1.0],"evs":[0.0,8.51815]},"A2s":{"weight":0.0,"played":[0.8387,0.1613],"evs":[0.0,-0.32928]},"A3s":{"weight":4.0E-4,"played":[0.7004,0.2996],"evs":[0.0,0.00842]},"A4s":{"weight":0.9346,"played":[0.4971,0.5029],"evs":[0.0,-0.04524]},"A5s":{"weight":0.337,"played":[0.1381,0.8619],"evs":[0.0,0.37631]},"A6s":{"weight":0.9956,"played":[0.947,0.053],"evs":[0.0,-0.54584]},"A7s":{"weight":0.9991,"played":[0.8674,0.1326],"evs":[0.0,-0.74094]},"A8s":{"weight":1.0,"played":[0.1298,0.8702],"evs":[0.0,0.86685]},"A9s":{"weight":1.0,"played":[0.674,0.326],"evs":[0.0,0.35055]},"ATs":{"weight":1.0,"played":[8.0E-4,0.9992],"evs":[0.0,1.22873]},"AJs":{"weight":1.0,"played":[1.0E-4,0.9999],"evs":[0.0,5.35818]},"AQs":{"weight":0.3788,"played":[0.001,0.999],"evs":[0.0,6.35802]},"AKs":{"weight":4.0E-4,"played":[0.0,1.0],"evs":[0.0,10.06537]},"AA":{"weight":1.0,"played":[0.0,1.0],"evs":[0.0,25.82691]}}}