{"player":0,"street":0,"children":2,"sequence":[{"player":0,"type":"R","amount":200000,"street":0},{"player":1,"type":"C","amount":200000,"street":0},{"player":2,"type":"F","amount":0,"street":0},{"player":3,"type":"C","amount":200000,"street":0},{"player":4,"type":"F","amount":0,"street":0},{"player":5,"type":"R","amount":1875000,"street":0},{"player":0,"type":"C","amount":1675000,"street":0},{"player":1,"type":"R","amount":2195000,"street":0},{"player":3,"type":"F","amount":0,"street":0}],"actions":[{"type":"F","amount":0},{"type":"C","amount":320000}],"hands":{"22":{"weight":0.0659,"played":[0.0036,0.9964],"evs":[0.0,22.78304]},"32o":{"weight":0.0,"played":[0.0491,0.9509],"evs":[0.0,11.01245]},"42o":{"weight":0.0,"played":[0.0013,0.9987],"evs":[0.0,15.82091]},"52o":{"weight":0.0,"played":[0.0217,0.9783],"evs":[0.0,7.75197]},"62o":{"weight":0.0,"played":[0.06,0.94],"evs":[0.0,8.07342]},"72o":{"weight":0.0,"played":[0.0334,0.9666],"evs":[0.0,13.17554]},"82o":{"weight":0.0,"played":[0.0112,0.9888],"evs":[0.0,14.85121]},"92o":{"weight":0.0,"played":[0.0528,0.9472],"evs":[0.0,13.37033]},"T2o":{"weight":0.0,"played":[0.0421,0.9579],"evs":[0.0,12.70687]},"J2o":{"weight":0.0,"played":[0.1567,0.8433],"evs":[0.0,14.37184]},"Q2o":{"weight":0.0,"played":[0.4458,0.5542],"evs":[0.0,6.14654]},"K2o":{"weight":0.0,"played":[0.0128,0.9872],"evs":[0.0,15.81993]},"A2o":{"weight":0.0,"played":[0.0202,0.9798],"evs":[0.0,2.88091]},"32s":{"weight":0.0,"played":[0.0528,0.9472],"evs":[0.0,10.96851]},"33":{"weight":0.0072,"played":[0.004,0.996],"evs":[0.0,9.34473]},"43o":{"weight":0.0,"played":[0.0411,0.9589],"evs":[0.0,14.42439]},"53o":{"weight":0.0,"played":[0.0371,0.9629],"evs":[0.0,11.25727]},"63o":{"weight":0.0,"played":[0.1801,0.8199],"evs":[0.0,13.80879]},"73o":{"weight":0.0,"played":[0.0012,0.9988],"evs":[0.0,1.71508]},"83o":{"weight":0.0,"played":[0.0322,0.9678],"evs":[0.0,4.21723]},"93o":{"weight":0.0,"played":[0.02,0.98],"evs":[0.0,12.73694]},"T3o":{"weight":0.0,"played":[0.0054,0.9946],"evs":[0.0,4.59211]},"J3o":{"weight":0.0,"played":[0.0906,0.9094],"evs":[0.0,0.57295]},"Q3o":{"weight":0.0,"played":[0.002,0.998],"evs":[0.0,5.02272]},"K3o":{"weight":0.0,"played":[0.2835,0.7165],"evs":[0.0,12.79695]},"A3o":{"weight":0.0,"played":[0.1305,0.8695],"evs":[0.0,10.85651]},"42s":{"weight":0.0,"played":[0.1041,0.8959],"evs":[0.0,12.79857]},"43s":{"weight":0.0,"played":[0.0042,0.9958],"evs":[0.0,17.85316]},"44":{"weight":0.4898,"played":[0.2082,0.7918],"evs":[0.0,13.4774]},"54o":{"weight":0.0,"played":[0.0,1.0],"evs":[0.0,15.06279]},"64o":{"weight":0.0,"played":[0.0067,0.9933],"evs":[0.0,22.27776]},"74o":{"weight":0.0,"played":[0.0058,0.9942],"evs":[0.0,11.38465]},"84o":{"weight":0.0,"played":[0.0978,0.9022],"evs":[0.0,5.62515]},"94o":{"weight":0.0,"played":[0.0144,0.9856],"evs":[0.0,7.23575]},"T4o":{"weight":0.0,"played":[0.1803,0.8197],"evs":[0.0,18.89259]},"J4o":{"weight":0.0,"played":[0.0974,0.9026],"evs":[0.0,11.0672]},"Q4o":{"weight":0.0,"played":[0.0043,0.9957],"evs":[0.0,2.52603]},"K4o":{"weight":0.0,"played":[0.0078,0.9922],"evs":[0.0,8.5036]},"A4o":{"weight":0.0,"played":[0.0,1.0],"evs":[0.0,27.13941]},"52s":{"weight":0.0,"played":[0.4597,0.5403],"evs":[0.0,1.11931]},"53s":{"weight":0.0,"played":[0.1017,0.8983],"evs":[0.0,20.45247]},"54s":{"weight":0.0,"played":[0.8952,0.1048],"evs":[0.0,-2.48198]},"55":{"weight":0.7808,"played":[0.0043,0.9957],"evs":[0.0,20.16288]},"65o":{"weight":0.0,"played":[0.0065,0.9935],"evs":[0.0,21.51666]},"75o":{"weight":0.0,"played":[0.069,0.931],"evs":[0.0,10.23159]},"85o":{"weight":0.0,"played":[0.019,0.981],"evs":[0.0,6.67507]},"95o":{"weight":0.0,"played":[0.0065,0.9935],"evs":[0.0,20.32694]},"T5o":{"weight":0.0,"played":[0.0589,0.9411],"evs":[0.0,15.27056]},"J5o":{"weight":0.0,"played":[0.0049,0.9951],"evs":[0.0,0.9393]},"Q5o":{"weight":0.0,"played":[0.7631,0.2369],"evs":[0.0,-2.53762]},"K5o":{"weight":0.0,"played":[0.0462,0.9538],"evs":[0.0,7.38911]},"A5o":{"weight":0.0048,"played":[0.0,1.0],"evs":[0.0,17.53576]},"62s":{"weight":0.0,"played":[0.0092,0.9908],"evs":[0.0,16.71556]},"63s":{"weight":0.0,"played":[0.0073,0.9927],"evs":[0.0,10.60674]},"64s":{"weight":0.0,"played":[0.2593,0.7407],"evs":[0.0,5.1282]},"65s":{"weight":0.0,"played":[0.0,1.0],"evs":[0.0,46.93665]},"66":{"weight":0.4779,"played":[0.0025,0.9975],"evs":[0.0,31.06476]},"76o":{"weight":0.0,"played":[0.0111,0.9889],"evs":[0.0,8.0226]},"86o":{"weight":0.0,"played":[0.0061,0.9939],"evs":[0.0,11.44864]},"96o":{"weight":0.0,"played":[0.0043,0.9957],"evs":[0.0,6.23129]},"T6o":{"weight":0.0,"played":[0.0062,0.9938],"evs":[0.0,14.46811]},"J6o":{"weight":0.0,"played":[0.084,0.916],"evs":[0.0,6.15188]},"Q6o":{"weight":0.0,"played":[0.1002,0.8998],"evs":[0.0,9.4789]},"K6o":{"weight":0.0,"played":[0.0654,0.9346],"evs":[0.0,15.53047]},"A6o":{"weight":0.0,"played":[0.0052,0.9948],"evs":[0.0,16.54464]},"72s":{"weight":0.0,"played":[0.9712,0.0288],"evs":[0.0,-2.22217]},"73s":{"weight":0.0,"played":[0.7143,0.2857],"evs":[0.0,21.62764]},"74s":{"weight":0.0,"played":[0.0,1.0],"evs":[0.0,21.31607]},"75s":{"weight":0.0,"played":[0.1179,0.8821],"evs":[0.0,13.798]},"76s":{"weight":0.0092,"played":[0.0865,0.9135],"evs":[0.0,35.13825]},"77":{"weight":0.1347,"played":[0.0225,0.9775],"evs":[0.0,17.96118]},"87o":{"weight":0.0,"played":[0.0062,0.9938],"evs":[0.0,13.81836]},"97o":{"weight":0.0,"played":[0.0056,0.9944],"evs":[0.0,15.23378]},"T7o":{"weight":0.0,"played":[0.0052,0.9948],"evs":[0.0,9.10432]},"J7o":{"weight":0.0,"played":[0.2842,0.7158],"evs":[0.0,15.34902]},"Q7o":{"weight":0.0,"played":[0.2832,0.7168],"evs":[0.0,6.54944]},"K7o":{"weight":0.0,"played":[0.0717,0.9283],"evs":[0.0,11.51503]},"A7o":{"weight":1.0E-4,"played":[8.0E-4,0.9992],"evs":[0.0,15.27138]},"82s":{"weight":0.0,"played":[0.2767,0.7233],"evs":[0.0,23.22411]},"83s":{"weight":0.0,"played":[0.0277,0.9723],"evs":[0.0,12.55926]},"84s":{"weight":0.0,"played":[0.0614,0.9386],"evs":[0.0,29.21749]},"85s":{"weight":0.0,"played":[0.2903,0.7097],"evs":[0.0,0.67932]},"86s":{"weight":0.0,"played":[0.0742,0.9258],"evs":[0.0,15.10754]},"87s":{"weight":0.1352,"played":[0.0409,0.9591],"evs":[0.0,16.58345]},"88":{"weight":0.9819,"played":[0.0,1.0],"evs":[0.0,28.72048]},"98o":{"weight":0.0,"played":[0.0487,0.9513],"evs":[0.0,9.55458]},"T8o":{"weight":0.0,"played":[0.384,0.616],"evs":[0.0,2.21868]},"J8o":{"weight":0.0,"played":[3.0E-4,0.9997],"evs":[0.0,11.48729]},"Q8o":{"weight":0.0,"played":[0.0965,0.9035],"evs":[0.0,10.22738]},"K8o":{"weight":0.0,"played":[0.0,1.0],"evs":[0.0,13.74494]},"A8o":{"weight":0.0027,"played":[0.0186,0.9814],"evs":[0.0,9.22647]},"92s":{"weight":0.0,"played":[0.2084,0.7916],"evs":[0.0,15.89681]},"93s":{"weight":0.0,"played":[0.0664,0.9336],"evs":[0.0,12.17431]},"94s":{"weight":0.0,"played":[0.1929,0.8071],"evs":[0.0,22.89419]},"95s":{"weight":0.0,"played":[0.4514,0.5486],"evs":[0.0,11.45666]},"96s":{"weight":0.0,"played":[0.0,1.0],"evs":[0.0,29.21183]},"97s":{"weight":0.001,"played":[0.0815,0.9185],"evs":[0.0,38.19803]},"98s":{"weight":0.5953,"played":[0.0442,0.9558],"evs":[0.0,10.657]},"99":{"weight":0.9957,"played":[0.0172,0.9828],"evs":[0.0,22.292]},"T9o":{"weight":0.0,"played":[0.0189,0.9811],"evs":[0.0,25.10796]},"J9o":{"weight":0.0,"played":[0.1456,0.8544],"evs":[0.0,11.53627]},"Q9o":{"weight":0.0,"played":[0.0029,0.9971],"evs":[0.0,9.93166]},"K9o":{"weight":0.0,"played":[0.0,1.0],"evs":[0.0,17.17515]},"A9o":{"weight":0.0,"played":[0.0991,0.9009],"evs":[0.0,16.2567]},"T2s":{"weight":0.0,"played":[0.1548,0.8452],"evs":[0.0,20.63083]},"T3s":{"weight":0.0,"played":[0.109,0.891],"evs":[0.0,4.72258]},"T4s":{"weight":0.0,"played":[0.0,1.0],"evs":[0.0,42.55799]},"T5s":{"weight":0.0,"played":[0.0621,0.9379],"evs":[0.0,2.42672]},"T6s":{"weight":0.0,"played":[0.1696,0.8304],"evs":[0.0,8.22793]},"T7s":{"weight":0.0,"played":[0.0184,0.9816],"evs":[0.0,5.90377]},"T8s":{"weight":0.2564,"played":[0.0663,0.9337],"evs":[0.0,17.7959]},"T9s":{"weight":0.0115,"played":[0.0574,0.9426],"evs":[0.0,8.29621]},"TT":{"weight":0.1231,"played":[0.0,1.0],"evs":[0.0,21.3301]},"JTo":{"weight":0.0186,"played":[0.0134,0.9866],"evs":[0.0,16.02822]},"QTo":{"weight":0.068,"played":[0.0,1.0],"evs":[0.0,10.46054]},"KTo":{"weight":0.3507,"played":[0.0137,0.9863],"evs":[0.0,14.87187]},"ATo":{"weight":0.0812,"played":[0.0,1.0],"evs":[0.0,11.93767]},"J2s":{"weight":0.0,"played":[0.1195,0.8805],"evs":[0.0,24.99718]},"J3s":{"weight":0.0,"played":[0.0,1.0],"evs":[0.0,4.30596]},"J4s":{"weight":0.0,"played":[0.0237,0.9763],"evs":[0.0,4.6749]},"J5s":{"weight":0.0,"played":[0.7693,0.2307],"evs":[0.0,-0.55457]},"J6s":{"weight":0.0,"played":[0.0143,0.9857],"evs":[0.0,29.27164]},"J7s":{"weight":0.0,"played":[0.0397,0.9603],"evs":[0.0,9.07404]},"J8s":{"weight":0.1176,"played":[0.2303,0.7697],"evs":[0.0,6.72939]},"J9s":{"weight":0.5297,"played":[0.1194,0.8806],"evs":[0.0,13.88718]},"JTs":{"weight":0.776,"played":[0.0033,0.9967],"evs":[0.0,15.17608]},"JJ":{"weight":0.6964,"played":[0.0,1.0],"evs":[0.0,36.91989]},"QJo":{"weight":0.1092,"played":[0.0,1.0],"evs":[0.0,15.66052]},"KJo":{"weight":0.653,"played":[0.0028,0.9972],"evs":[0.0,8.11575]},"AJo":{"weight":0.3077,"played":[0.0,1.0],"evs":[0.0,13.77516]},"Q2s":{"weight":0.0,"played":[0.0294,0.9706],"evs":[0.0,41.99176]},"Q3s":{"weight":0.0,"played":[0.2063,0.7937],"evs":[0.0,6.00717]},"Q4s":{"weight":0.0,"played":[0.177,0.823],"evs":[0.0,6.45581]},"Q5s":{"weight":0.0,"played":[0.5197,0.4803],"evs":[0.0,17.71408]},"Q6s":{"weight":0.0,"played":[0.0813,0.9187],"evs":[0.0,2.63947]},"Q7s":{"weight":0.0,"played":[0.0047,0.9953],"evs":[0.0,4.79612]},"Q8s":{"weight":0.0036,"played":[0.1772,0.8228],"evs":[0.0,4.97854]},"Q9s":{"weight":0.1219,"played":[0.0663,0.9337],"evs":[0.0,11.31199]},"QTs":{"weight":0.1595,"played":[0.0611,0.9389],"evs":[0.0,16.35422]},"QJs":{"weight":0.9175,"played":[0.4006,0.5994],"evs":[0.0,27.07362]},"QQ":{"weight":0.3561,"played":[0.0,1.0],"evs":[0.0,41.27499]},"KQo":{"weight":0.4541,"played":[0.001,0.999],"evs":[0.0,29.46728]},"AQo":{"weight":0.8823,"played":[0.0167,0.9833],"evs":[0.0,15.55963]},"K2s":{"weight":0.0,"played":[0.2762,0.7238],"evs":[0.0,19.27773]},"K3s":{"weight":0.0,"played":[9.0E-4,0.9991],"evs":[0.0,15.52705]},"K4s":{"weight":0.0,"played":[0.6748,0.3252],"evs":[0.0,42.268]},"K5s":{"weight":0.0439,"played":[0.0,1.0],"evs":[0.0,12.61825]},"K6s":{"weight":0.3291,"played":[0.1455,0.8545],"evs":[0.0,5.99558]},"K7s":{"weight":0.2478,"played":[0.1397,0.8603],"evs":[0.0,24.53955]},"K8s":{"weight":0.0023,"played":[0.0888,0.9112],"evs":[0.0,10.05211]},"K9s":{"weight":0.8809,"played":[0.0014,0.9986],"evs":[0.0,25.40633]},"KTs":{"weight":0.3122,"played":[0.0202,0.9798],"evs":[0.0,21.86595]},"KJs":{"weight":0.8183,"played":[0.0,1.0],"evs":[0.0,17.95106]},"KQs":{"weight":0.3094,"played":[3.0E-4,0.9997],"evs":[0.0,19.40462]},"KK":{"weight":0.9976,"played":[0.0,1.0],"evs":[0.0,45.74213]},"AKo":{"weight":0.6102,"played":[0.0,1.0],"evs":[0.0,15.65184]},"A2s":{"weight":0.0398,"played":[0.2096,0.7904],"evs":[0.0,1.93142]},"A3s":{"weight":0.4305,"played":[0.0,1.0],"evs":[0.0,24.39461]},"A4s":{"weight":0.3411,"played":[0.0058,0.9942],"evs":[0.0,28.31375]},"A5s":{"weight":0.004,"played":[0.0174,0.9826],"evs":[0.0,16.04846]},"A6s":{"weight":0.0878,"played":[0.0,1.0],"evs":[0.0,17.08458]},"A7s":{"weight":0.1881,"played":[0.6662,0.3338],"evs":[0.0,-1.98557]},"A8s":{"weight":0.3595,"played":[6.0E-4,0.9994],"evs":[0.0,17.35725]},"A9s":{"weight":0.5487,"played":[0.0815,0.9185],"evs":[0.0,12.17843]},"ATs":{"weight":0.888,"played":[0.0,1.0],"evs":[0.0,12.88735]},"AJs":{"weight":0.0667,"played":[0.0079,0.9921],"evs":[0.0,11.55918]},"AQs":{"weight":0.2121,"played":[0.0081,0.9919],"evs":[0.0,23.66265]},"AKs":{"weight":0.962,"played":[0.0,1.0],"evs":[0.0,20.89536]},"AA":{"weight":0.7492,"played":[0.0181,0.9819],"evs":[0.0,54.9636]}}}