{"player":1,"street":0,"children":2,"sequence":[{"player":0,"type":"R","amount":200000,"street":0},{"player":1,"type":"C","amount":200000,"street":0},{"player":2,"type":"F","amount":0,"street":0},{"player":3,"type":"C","amount":200000,"street":0},{"player":4,"type":"F","amount":0,"street":0},{"player":5,"type":"R","amount":1875000,"street":0},{"player":0,"type":"R","amount":2725000,"street":0}],"actions":[{"type":"F","amount":0,"node":359},{"type":"C","amount":1995000,"node":360}],"hands":{"22":{"weight":0.0,"played":[0.7969,0.2031],"evs":[0.0,-1.47577]},"32o":{"weight":0.0,"played":[0.9989,0.0011],"evs":[0.0,-7.33818]},"42o":{"weight":0.0,"played":[0.9994,6.0E-4],"evs":[0.0,-7.3421]},"52o":{"weight":0.0,"played":[0.9852,0.0148],"evs":[0.0,-4.89229]},"62o":{"weight":0.0,"played":[0.9995,5.0E-4],"evs":[0.0,-7.81025]},"72o":{"weight":0.0,"played":[0.996,0.004],"evs":[0.0,-6.75857]},"82o":{"weight":0.0,"played":[0.9997,3.0E-4],"evs":[0.0,-6.4367]},"92o":{"weight":0.0,"played":[0.9995,5.0E-4],"evs":[0.0,-6.45566]},"T2o":{"weight":0.0,"played":[0.9996,4.0E-4],"evs":[0.0,-5.54224]},"J2o":{"weight":0.0,"played":[0.9988,0.0012],"evs":[0.0,-6.59705]},"Q2o":{"weight":0.0,"played":[0.9973,0.0027],"evs":[0.0,-6.04082]},"K2o":{"weight":0.0,"played":[0.9996,4.0E-4],"evs":[0.0,-5.50737]},"A2o":{"weight":0.0,"played":[0.9923,0.0077],"evs":[0.0,-5.0639]},"32s":{"weight":0.0,"played":[0.9956,0.0044],"evs":[0.0,-6.94844]},"33":{"weight":0.9647,"played":[0.5001,0.4999],"evs":[0.0,-1.5374]},"43o":{"weight":0.0,"played":[1.0,0.0],"evs":[0.0,-4.5493]},"53o":{"weight":0.0,"played":[0.9995,5.0E-4],"evs":[0.0,-5.10249]},"63o":{"weight":0.0,"played":[0.9986,0.0014],"evs":[0.0,-5.6393]},"73o":{"weight":0.0,"played":[0.9938,0.0062],"evs":[0.0,-7.34118]},"83o":{"weight":0.0,"played":[0.9988,0.0012],"evs":[0.0,-6.51059]},"93o":{"weight":0.0,"played":[0.9992,8.0E-4],"evs":[0.0,-7.0258]},"T3o":{"weight":0.0,"played":[0.9998,2.0E-4],"evs":[0.0,-7.66115]},"J3o":{"weight":0.0,"played":[0.9984,0.0016],"evs":[0.0,-6.36496]},"Q3o":{"weight":0.0,"played":[0.9999,1.0E-4],"evs":[0.0,-7.31975]},"K3o":{"weight":0.0,"played":[0.9936,0.0064],"evs":[0.0,-5.98944]},"A3o":{"weight":0.0,"played":[0.9812,0.0188],"evs":[0.0,-4.29736]},"42s":{"weight":0.0,"played":[0.9993,7.0E-4],"evs":[0.0,-3.5582]},"43s":{"weight":0.0,"played":[0.508,0.492],"evs":[0.0,-0.81082]},"44":{"weight":0.9463,"played":[0.3415,0.6585],"evs":[0.0,0.77043]},"54o":{"weight":0.0,"played":[0.9911,0.0089],"evs":[0.0,-2.95372]},"64o":{"weight":0.0,"played":[0.9975,0.0025],"evs":[0.0,-4.8415]},"74o":{"weight":0.0,"played":[0.9991,9.0E-4],"evs":[0.0,-6.28747]},"84o":{"weight":0.0,"played":[0.995,0.005],"evs":[0.0,-7.48592]},"94o":{"weight":0.0,"played":[0.9999,1.0E-4],"evs":[0.0,-5.32054]},"T4o":{"weight":0.0,"played":[0.9999,1.0E-4],"evs":[0.0,-8.41571]},"J4o":{"weight":0.0,"played":[0.9998,2.0E-4],"evs":[0.0,-6.95722]},"Q4o":{"weight":0.0,"played":[0.9991,9.0E-4],"evs":[0.0,-4.27404]},"K4o":{"weight":0.0,"played":[1.0,0.0],"evs":[0.0,-4.02829]},"A4o":{"weight":0.0,"played":[0.996,0.004],"evs":[0.0,-5.03815]},"52s":{"weight":0.0,"played":[0.9909,0.0091],"evs":[0.0,-4.54462]},"53s":{"weight":0.0,"played":[0.9749,0.0251],"evs":[0.0,-3.04497]},"54s":{"weight":0.0,"played":[0.6109,0.3891],"evs":[0.0,-0.32876]},"55":{"weight":0.9904,"played":[9.0E-4,0.9991],"evs":[0.0,0.28926]},"65o":{"weight":0.0,"played":[0.9959,0.0041],"evs":[0.0,-4.21912]},"75o":{"weight":0.0,"played":[0.995,0.005],"evs":[0.0,-4.05345]},"85o":{"weight":0.0,"played":[0.9999,1.0E-4],"evs":[0.0,-5.99175]},"95o":{"weight":0.0,"played":[1.0,0.0],"evs":[0.0,-5.28087]},"T5o":{"weight":0.0,"played":[1.0,0.0],"evs":[0.0,-6.77267]},"J5o":{"weight":0.0,"played":[0.9996,4.0E-4],"evs":[0.0,-6.92924]},"Q5o":{"weight":0.0,"played":[0.9975,0.0025],"evs":[0.0,-5.54548]},"K5o":{"weight":0.0,"played":[0.9999,1.0E-4],"evs":[0.0,-5.01256]},"A5o":{"weight":0.0,"played":[0.9883,0.0117],"evs":[0.0,-5.8781]},"62s":{"weight":0.0,"played":[0.9968,0.0032],"evs":[0.0,-6.13464]},"63s":{"weight":0.0,"played":[0.9719,0.0281],"evs":[0.0,-5.3126]},"64s":{"weight":0.0,"played":[0.9325,0.0675],"evs":[0.0,-2.26141]},"65s":{"weight":0.0,"played":[0.5498,0.4502],"evs":[0.0,-0.77406]},"66":{"weight":0.3348,"played":[0.0218,0.9782],"evs":[0.0,1.62436]},"76o":{"weight":0.0,"played":[0.9964,0.0036],"evs":[0.0,-2.18534]},"86o":{"weight":0.0,"played":[0.9973,0.0027],"evs":[0.0,-5.83242]},"96o":{"weight":0.0,"played":[0.9929,0.0071],"evs":[0.0,-5.45583]},"T6o":{"weight":0.0,"played":[0.9985,0.0015],"evs":[0.0,-3.7163]},"J6o":{"weight":0.0,"played":[0.9846,0.0154],"evs":[0.0,-6.87056]},"Q6o":{"weight":0.0,"played":[0.998,0.002],"evs":[0.0,-6.02514]},"K6o":{"weight":0.0,"played":[1.0,0.0],"evs":[0.0,-3.72677]},"A6o":{"weight":0.0,"played":[0.9752,0.0248],"evs":[0.0,-4.96259]},"72s":{"weight":0.0,"played":[0.998,0.002],"evs":[0.0,-4.45965]},"73s":{"weight":0.0,"played":[0.9969,0.0031],"evs":[0.0,-4.80761]},"74s":{"weight":0.0,"played":[0.9903,0.0097],"evs":[0.0,-1.0832]},"75s":{"weight":0.0,"played":[0.8993,0.1007],"evs":[0.0,-4.13401]},"76s":{"weight":0.0159,"played":[0.5984,0.4016],"evs":[0.0,-1.86484]},"77":{"weight":0.9413,"played":[8.0E-4,0.9992],"evs":[0.0,2.06665]},"87o":{"weight":0.0,"played":[0.9953,0.0047],"evs":[0.0,-4.60868]},"97o":{"weight":0.0,"played":[0.9933,0.0067],"evs":[0.0,-4.20246]},"T7o":{"weight":0.0,"played":[0.9804,0.0196],"evs":[0.0,-4.37137]},"J7o":{"weight":0.0,"played":[0.9988,0.0012],"evs":[0.0,-5.86954]},"Q7o":{"weight":0.0,"played":[0.9995,5.0E-4],"evs":[0.0,-5.44797]},"K7o":{"weight":0.0,"played":[0.9987,0.0013],"evs":[0.0,-3.32597]},"A7o":{"weight":0.0,"played":[0.9982,0.0018],"evs":[0.0,-6.78318]},"82s":{"weight":0.0,"played":[0.9946,0.0054],"evs":[0.0,-5.32793]},"83s":{"weight":0.0,"played":[0.9794,0.0206],"evs":[0.0,-4.46601]},"84s":{"weight":0.0,"played":[0.8536,0.1464],"evs":[0.0,-3.09266]},"85s":{"weight":0.0,"played":[0.9818,0.0182],"evs":[0.0,-2.07367]},"86s":{"weight":0.0,"played":[0.1691,0.8309],"evs":[0.0,-0.35277]},"87s":{"weight":0.4281,"played":[0.9087,0.0913],"evs":[0.0,-0.72475]},"88":{"weight":0.1534,"played":[0.0,1.0],"evs":[0.0,4.26859]},"98o":{"weight":0.0,"played":[0.9921,0.0079],"evs":[0.0,-5.39944]},"T8o":{"weight":0.0,"played":[0.9974,0.0026],"evs":[0.0,-4.59418]},"J8o":{"weight":0.0,"played":[0.9993,7.0E-4],"evs":[0.0,-5.03408]},"Q8o":{"weight":0.0,"played":[1.0,0.0],"evs":[0.0,-5.97524]},"K8o":{"weight":0.0,"played":[1.0,0.0],"evs":[0.0,-3.52458]},"A8o":{"weight":0.0,"played":[0.9972,0.0028],"evs":[0.0,-5.34253]},"92s":{"weight":0.0,"played":[0.9975,0.0025],"evs":[0.0,-5.89087]},"93s":{"weight":0.0,"played":[0.9999,1.0E-4],"evs":[0.0,-2.75267]},"94s":{"weight":0.0,"played":[0.9998,2.0E-4],"evs":[0.0,-4.60027]},"95s":{"weight":0.0,"played":[0.5168,0.4832],"evs":[0.0,-2.76477]},"96s":{"weight":0.0,"played":[0.0787,0.9213],"evs":[0.0,2.10417]},"97s":{"weight":0.0,"played":[0.9379,0.0621],"evs":[0.0,-2.60546]},"98s":{"weight":0.9906,"played":[0.9807,0.0193],"evs":[0.0,-2.68971]},"99":{"weight":0.0,"played":[0.0,1.0],"evs":[0.0,4.93463]},"T9o":{"weight":0.0,"played":[0.9694,0.0306],"evs":[0.0,-4.6291]},"J9o":{"weight":0.0,"played":[0.9948,0.0052],"evs":[0.0,-5.46261]},"Q9o":{"weight":0.0,"played":[0.9795,0.0205],"evs":[0.0,-4.46822]},"K9o":{"weight":0.0,"played":[0.9617,0.0383],"evs":[0.0,-3.44705]},"A9o":{"weight":0.0,"played":[0.9966,0.0034],"evs":[0.0,-4.3801]},"T2s":{"weight":0.0,"played":[0.9814,0.0186],"evs":[0.0,-4.89065]},"T3s":{"weight":0.0,"played":[0.9956,0.0044],"evs":[0.0,-4.25191]},"T4s":{"weight":0.0,"played":[0.9112,0.0888],"evs":[0.0,-3.77078]},"T5s":{"weight":0.0,"played":[0.986,0.014],"evs":[0.0,-1.82246]},"T6s":{"weight":0.0,"played":[0.9996,4.0E-4],"evs":[0.0,-4.27408]},"T7s":{"weight":0.0,"played":[0.8518,0.1482],"evs":[0.0,-0.60408]},"T8s":{"weight":1.0E-4,"played":[0.8982,0.1018],"evs":[0.0,-2.92516]},"T9s":{"weight":0.9995,"played":[0.994,0.006],"evs":[0.0,-3.39144]},"TT":{"weight":1.0E-4,"played":[2.0E-4,0.9998],"evs":[0.0,9.54507]},"JTo":{"weight":0.0,"played":[0.9979,0.0021],"evs":[0.0,-4.75545]},"QTo":{"weight":0.0,"played":[0.9817,0.0183],"evs":[0.0,-2.18396]},"KTo":{"weight":0.0,"played":[0.997,0.003],"evs":[0.0,-2.62725]},"ATo":{"weight":1.0,"played":[0.9786,0.0214],"evs":[0.0,-2.44655]},"J2s":{"weight":0.0,"played":[0.9245,0.0755],"evs":[0.0,-6.04506]},"J3s":{"weight":0.0,"played":[0.9495,0.0505],"evs":[0.0,-3.94876]},"J4s":{"weight":0.0,"played":[0.9195,0.0805],"evs":[0.0,-3.62779]},"J5s":{"weight":0.0,"played":[0.9277,0.0723],"evs":[0.0,-2.00666]},"J6s":{"weight":0.0,"played":[0.9735,0.0265],"evs":[0.0,-4.7024]},"J7s":{"weight":0.0,"played":[0.9656,0.0344],"evs":[0.0,-6.43106]},"J8s":{"weight":0.0,"played":[0.8969,0.1031],"evs":[0.0,-1.154]},"J9s":{"weight":0.9982,"played":[0.553,0.447],"evs":[0.0,-0.84123]},"JTs":{"weight":0.0947,"played":[0.462,0.538],"evs":[0.0,1.5484]},"JJ":{"weight":0.106,"played":[1.0E-4,0.9999],"evs":[0.0,12.93106]},"QJo":{"weight":0.0128,"played":[0.8858,0.1142],"evs":[0.0,-1.79037]},"KJo":{"weight":1.0,"played":[0.8763,0.1237],"evs":[0.0,-2.55912]},"AJo":{"weight":0.782,"played":[0.871,0.129],"evs":[0.0,-0.29481]},"Q2s":{"weight":0.0,"played":[0.9938,0.0062],"evs":[0.0,-3.52373]},"Q3s":{"weight":0.0,"played":[0.9974,0.0026],"evs":[0.0,-5.57284]},"Q4s":{"weight":0.0,"played":[0.7322,0.2678],"evs":[0.0,0.59834]},"Q5s":{"weight":0.0,"played":[0.7044,0.2956],"evs":[0.0,-2.3071]},"Q6s":{"weight":0.0,"played":[0.95,0.05],"evs":[0.0,-3.17192]},"Q7s":{"weight":0.0,"played":[0.1851,0.8149],"evs":[0.0,3.00695]},"Q8s":{"weight":0.0,"played":[0.8168,0.1832],"evs":[0.0,-1.96991]},"Q9s":{"weight":0.9958,"played":[0.9704,0.0296],"evs":[0.0,-1.5835]},"QTs":{"weight":0.3792,"played":[0.1888,0.8112],"evs":[0.0,2.07881]},"QJs":{"weight":0.966,"played":[0.8945,0.1055],"evs":[0.0,-2.96199]},"QQ":{"weight":1.0,"played":[0.0,1.0],"evs":[0.0,16.78535]},"KQo":{"weight":0.4389,"played":[0.0489,0.9511],"evs":[0.0,0.95268]},"AQo":{"weight":1.0E-4,"played":[0.0124,0.9876],"evs":[0.0,2.19006]},"K2s":{"weight":0.0,"played":[0.6524,0.3476],"evs":[0.0,-1.39056]},"K3s":{"weight":0.0,"played":[0.7991,0.2009],"evs":[0.0,-1.82363]},"K4s":{"weight":0.0,"played":[0.3652,0.6348],"evs":[0.0,0.1803]},"K5s":{"weight":0.0,"played":[0.8657,0.1343],"evs":[0.0,-2.80837]},"K6s":{"weight":0.0,"played":[0.9218,0.0782],"evs":[0.0,-3.75442]},"K7s":{"weight":0.0,"played":[0.9965,0.0035],"evs":[0.0,-3.34867]},"K8s":{"weight":0.0,"played":[0.4246,0.5754],"evs":[0.0,1.18477]},"K9s":{"weight":0.7585,"played":[0.9229,0.0771],"evs":[0.0,-1.90231]},"KTs":{"weight":0.0354,"played":[0.4521,0.5479],"evs":[0.0,0.06404]},"KJs":{"weight":0.4556,"played":[0.0077,0.9923],"evs":[0.0,-0.0042]},"KQs":{"weight":0.9993,"played":[4.0E-4,0.9996],"evs":[0.0,4.54621]},"KK":{"weight":1.0,"played":[0.0,1.0],"evs":[0.0,22.45645]},"AKo":{"weight":0.0,"played":[3.0E-4,0.9997],"evs":[0.0,10.14268]},"A2s":{"weight":0.0,"played":[0.9753,0.0247],"evs":[0.0,-4.33548]},"A3s":{"weight":4.0E-4,"played":[0.9921,0.0079],"evs":[0.0,-3.39385]},"A4s":{"weight":0.9346,"played":[0.9857,0.0143],"evs":[0.0,-1.6586]},"A5s":{"weight":0.337,"played":[0.9749,0.0251],"evs":[0.0,-2.31141]},"A6s":{"weight":0.9956,"played":[0.9892,0.0108],"evs":[0.0,-1.49888]},"A7s":{"weight":0.9991,"played":[0.8843,0.1157],"evs":[0.0,-1.95023]},"A8s":{"weight":1.0,"played":[0.959,0.041],"evs":[0.0,-2.17284]},"A9s":{"weight":1.0,"played":[0.7153,0.2847],"evs":[0.0,-2.90966]},"ATs":{"weight":1.0,"played":[0.0022,0.9978],"evs":[0.0,1.00602]},"AJs":{"weight":1.0,"played":[0.0171,0.9829],"evs":[0.0,1.88597]},"AQs":{"weight":0.3788,"played":[0.0054,0.9946],"evs":[0.0,7.3555]},"AKs":{"weight":4.0E-4,"played":[4.0E-4,0.9996],"evs":[0.0,9.07291]},"AA":{"weight":1.0,"played":[0.0,1.0],"evs":[0.0,31.9387]}}}