{"player":3,"street":0,"children":2,"sequence":[{"player":0,"type":"R","amount":200000,"street":0},{"player":1,"type":"C","amount":200000,"street":0},{"player":2,"type":"F","amount":0,"street":0},{"player":3,"type":"C","amount":200000,"street":0},{"player":4,"type":"F","amount":0,"street":0},{"player":5,"type":"R","amount":1875000,"street":0},{"player":0,"type":"R","amount":2725000,"street":0},{"player":1,"type":"F","amount":0,"street":0}],"actions":[{"type":"F","amount":0},{"type":"C","amount":405000}],"hands":{"22":{"weight":0.0,"played":[1.0E-4,0.9999],"evs":[0.0,1.41516]},"32o":{"weight":0.0,"played":[0.9874,0.0126],"evs":[0.0,-0.45342]},"42o":{"weight":0.0,"played":[0.0243,0.9757],"evs":[0.0,0.11982]},"52o":{"weight":0.0,"played":[0.0666,0.9334],"evs":[0.0,-0.03056]},"62o":{"weight":0.0,"played":[0.9824,0.0176],"evs":[0.0,-0.33475]},"72o":{"weight":0.0,"played":[0.9995,5.0E-4],"evs":[0.0,-0.65049]},"82o":{"weight":0.0,"played":[0.9936,0.0064],"evs":[0.0,-0.14478]},"92o":{"weight":0.0,"played":[0.9986,0.0014],"evs":[0.0,-0.2881]},"T2o":{"weight":0.0,"played":[0.4957,0.5043],"evs":[0.0,0.1293]},"J2o":{"weight":0.0,"played":[0.9929,0.0071],"evs":[0.0,-0.72058]},"Q2o":{"weight":0.0,"played":[0.6106,0.3894],"evs":[0.0,-0.43258]},"K2o":{"weight":0.0,"played":[0.6153,0.3847],"evs":[0.0,-0.0524]},"A2o":{"weight":0.0,"played":[0.6516,0.3484],"evs":[0.0,0.16526]},"32s":{"weight":0.0,"played":[0.0875,0.9125],"evs":[0.0,0.2589]},"33":{"weight":0.0,"played":[0.0,1.0],"evs":[0.0,1.32445]},"43o":{"weight":0.0,"played":[0.4453,0.5547],"evs":[0.0,0.03374]},"53o":{"weight":0.0,"played":[0.0208,0.9792],"evs":[0.0,0.10827]},"63o":{"weight":0.0,"played":[0.4107,0.5893],"evs":[0.0,-0.27102]},"73o":{"weight":0.0,"played":[0.8788,0.1212],"evs":[0.0,-0.25922]},"83o":{"weight":0.0,"played":[0.9511,0.0489],"evs":[0.0,-0.44796]},"93o":{"weight":0.0,"played":[0.6496,0.3504],"evs":[0.0,-0.42793]},"T3o":{"weight":0.0,"played":[0.9822,0.0178],"evs":[0.0,-0.22359]},"J3o":{"weight":0.0,"played":[0.9348,0.0652],"evs":[0.0,-0.50083]},"Q3o":{"weight":0.0,"played":[0.2096,0.7904],"evs":[0.0,0.11249]},"K3o":{"weight":0.0,"played":[0.2286,0.7714],"evs":[0.0,0.3374]},"A3o":{"weight":0.0,"played":[0.9726,0.0274],"evs":[0.0,-0.16546]},"42s":{"weight":0.0,"played":[0.0941,0.9059],"evs":[0.0,0.79308]},"43s":{"weight":0.0,"played":[0.1265,0.8735],"evs":[0.0,1.05478]},"44":{"weight":0.0,"played":[1.0E-4,0.9999],"evs":[0.0,0.97248]},"54o":{"weight":0.0,"played":[2.0E-4,0.9998],"evs":[0.0,0.52131]},"64o":{"weight":0.0,"played":[0.0246,0.9754],"evs":[0.0,0.72826]},"74o":{"weight":0.0,"played":[0.628,0.372],"evs":[0.0,0.04371]},"84o":{"weight":0.0,"played":[0.4206,0.5794],"evs":[0.0,-0.04384]},"94o":{"weight":0.0,"played":[0.9918,0.0082],"evs":[0.0,-0.86779]},"T4o":{"weight":0.0,"played":[0.619,0.381],"evs":[0.0,-0.33632]},"J4o":{"weight":0.0,"played":[0.7708,0.2292],"evs":[0.0,0.05527]},"Q4o":{"weight":0.0,"played":[0.0208,0.9792],"evs":[0.0,0.44082]},"K4o":{"weight":0.0,"played":[0.0109,0.9891],"evs":[0.0,0.17523]},"A4o":{"weight":0.0,"played":[0.2887,0.7113],"evs":[0.0,0.21769]},"52s":{"weight":0.0,"played":[0.0119,0.9881],"evs":[0.0,0.52434]},"53s":{"weight":0.0,"played":[0.0,1.0],"evs":[0.0,1.41338]},"54s":{"weight":0.0,"played":[0.0018,0.9982],"evs":[0.0,1.26134]},"55":{"weight":0.0,"played":[6.0E-4,0.9994],"evs":[0.0,1.56579]},"65o":{"weight":0.0,"played":[0.0024,0.9976],"evs":[0.0,0.71075]},"75o":{"weight":0.0,"played":[0.0242,0.9758],"evs":[0.0,0.76831]},"85o":{"weight":0.0,"played":[0.0,1.0],"evs":[0.0,0.22106]},"95o":{"weight":0.0,"played":[0.0303,0.9697],"evs":[0.0,0.17971]},"T5o":{"weight":0.0,"played":[0.8714,0.1286],"evs":[0.0,-0.36436]},"J5o":{"weight":0.0,"played":[0.3921,0.6079],"evs":[0.0,-0.31329]},"Q5o":{"weight":0.0,"played":[0.2255,0.7745],"evs":[0.0,0.10466]},"K5o":{"weight":0.0,"played":[0.0185,0.9815],"evs":[0.0,0.82102]},"A5o":{"weight":0.0,"played":[0.005,0.995],"evs":[0.0,0.25743]},"62s":{"weight":0.0,"played":[9.0E-4,0.9991],"evs":[0.0,0.69011]},"63s":{"weight":0.0,"played":[0.0037,0.9963],"evs":[0.0,1.491]},"64s":{"weight":0.0,"played":[0.0304,0.9696],"evs":[0.0,0.33824]},"65s":{"weight":0.1797,"played":[0.0,1.0],"evs":[0.0,1.5272]},"66":{"weight":0.0,"played":[3.0E-4,0.9997],"evs":[0.0,1.76776]},"76o":{"weight":0.0,"played":[0.001,0.999],"evs":[0.0,1.08931]},"86o":{"weight":0.0,"played":[0.0158,0.9842],"evs":[0.0,0.35785]},"96o":{"weight":0.0,"played":[0.0019,0.9981],"evs":[0.0,0.18228]},"T6o":{"weight":0.0,"played":[0.0507,0.9493],"evs":[0.0,0.45456]},"J6o":{"weight":0.0,"played":[0.0793,0.9207],"evs":[0.0,0.33594]},"Q6o":{"weight":0.0,"played":[0.0149,0.9851],"evs":[0.0,0.38362]},"K6o":{"weight":0.0,"played":[0.0,1.0],"evs":[0.0,1.01383]},"A6o":{"weight":0.0,"played":[0.0641,0.9359],"evs":[0.0,0.39925]},"72s":{"weight":0.0,"played":[0.0859,0.9141],"evs":[0.0,0.19065]},"73s":{"weight":0.0,"played":[0.0066,0.9934],"evs":[0.0,0.36452]},"74s":{"weight":0.0,"played":[0.0033,0.9967],"evs":[0.0,1.36656]},"75s":{"weight":0.0,"played":[1.0E-4,0.9999],"evs":[0.0,1.11499]},"76s":{"weight":0.9955,"played":[0.0016,0.9984],"evs":[0.0,1.25419]},"77":{"weight":0.0,"played":[0.0,1.0],"evs":[0.0,2.67134]},"87o":{"weight":0.0,"played":[1.0E-4,0.9999],"evs":[0.0,1.05905]},"97o":{"weight":0.0,"played":[0.0217,0.9783],"evs":[0.0,0.39323]},"T7o":{"weight":0.0,"played":[0.0017,0.9983],"evs":[0.0,0.41952]},"J7o":{"weight":0.0,"played":[0.0456,0.9544],"evs":[0.0,0.09537]},"Q7o":{"weight":0.0,"played":[0.2229,0.7771],"evs":[0.0,0.02132]},"K7o":{"weight":0.0,"played":[0.0148,0.9852],"evs":[0.0,0.12428]},"A7o":{"weight":0.0,"played":[0.9252,0.0748],"evs":[0.0,-0.00673]},"82s":{"weight":0.0,"played":[0.0037,0.9963],"evs":[0.0,0.92959]},"83s":{"weight":0.0,"played":[0.0047,0.9953],"evs":[0.0,0.75753]},"84s":{"weight":0.0,"played":[9.0E-4,0.9991],"evs":[0.0,0.21899]},"85s":{"weight":0.0,"played":[0.0193,0.9807],"evs":[0.0,1.37025]},"86s":{"weight":0.0,"played":[0.0,1.0],"evs":[0.0,0.97043]},"87s":{"weight":0.9483,"played":[0.0141,0.9859],"evs":[0.0,1.76449]},"88":{"weight":0.0,"played":[0.0,1.0],"evs":[0.0,3.26702]},"98o":{"weight":0.0,"played":[1.0E-4,0.9999],"evs":[0.0,0.77611]},"T8o":{"weight":0.0,"played":[2.0E-4,0.9998],"evs":[0.0,1.1109]},"J8o":{"weight":0.0,"played":[1.0E-4,0.9999],"evs":[0.0,0.20248]},"Q8o":{"weight":0.0,"played":[0.01,0.99],"evs":[0.0,0.4095]},"K8o":{"weight":0.0,"played":[8.0E-4,0.9992],"evs":[0.0,0.54934]},"A8o":{"weight":0.0,"played":[0.0891,0.9109],"evs":[0.0,0.38782]},"92s":{"weight":0.0,"played":[0.104,0.896],"evs":[0.0,0.20158]},"93s":{"weight":0.0,"played":[0.1146,0.8854],"evs":[0.0,-0.03028]},"94s":{"weight":0.0,"played":[0.3759,0.6241],"evs":[0.0,0.35613]},"95s":{"weight":0.0,"played":[0.0011,0.9989],"evs":[0.0,0.65399]},"96s":{"weight":0.0,"played":[0.002,0.998],"evs":[0.0,0.8525]},"97s":{"weight":5.0E-4,"played":[0.0393,0.9607],"evs":[0.0,0.92597]},"98s":{"weight":0.9995,"played":[7.0E-4,0.9993],"evs":[0.0,1.63792]},"99":{"weight":0.0,"played":[0.0,1.0],"evs":[0.0,3.52582]},"T9o":{"weight":0.0,"played":[0.0303,0.9697],"evs":[0.0,0.87139]},"J9o":{"weight":0.0,"played":[8.0E-4,0.9992],"evs":[0.0,0.76636]},"Q9o":{"weight":0.0,"played":[0.0071,0.9929],"evs":[0.0,0.61717]},"K9o":{"weight":0.0,"played":[0.0094,0.9906],"evs":[0.0,0.6229]},"A9o":{"weight":3.0E-4,"played":[0.0514,0.9486],"evs":[0.0,0.43784]},"T2s":{"weight":0.0,"played":[0.7104,0.2896],"evs":[0.0,-0.1261]},"T3s":{"weight":0.0,"played":[0.0722,0.9278],"evs":[0.0,0.43663]},"T4s":{"weight":0.0,"played":[0.0332,0.9668],"evs":[0.0,0.408]},"T5s":{"weight":0.0,"played":[0.0056,0.9944],"evs":[0.0,1.26047]},"T6s":{"weight":0.0,"played":[0.0263,0.9737],"evs":[0.0,0.71889]},"T7s":{"weight":0.0,"played":[0.0014,0.9986],"evs":[0.0,1.66378]},"T8s":{"weight":3.0E-4,"played":[0.0011,0.9989],"evs":[0.0,1.57403]},"T9s":{"weight":0.9779,"played":[0.0029,0.9971],"evs":[0.0,1.64649]},"TT":{"weight":0.0,"played":[1.0E-4,0.9999],"evs":[0.0,3.71721]},"JTo":{"weight":0.0,"played":[0.0,1.0],"evs":[0.0,1.63837]},"QTo":{"weight":0.0,"played":[0.002,0.998],"evs":[0.0,0.9612]},"KTo":{"weight":0.0,"played":[0.0043,0.9957],"evs":[0.0,0.90643]},"ATo":{"weight":6.0E-4,"played":[0.0,1.0],"evs":[0.0,0.74461]},"J2s":{"weight":0.0,"played":[0.0844,0.9156],"evs":[0.0,0.06353]},"J3s":{"weight":0.0,"played":[0.0492,0.9508],"evs":[0.0,0.85089]},"J4s":{"weight":0.0,"played":[0.0443,0.9557],"evs":[0.0,0.47677]},"J5s":{"weight":0.0,"played":[0.0157,0.9843],"evs":[0.0,0.71198]},"J6s":{"weight":0.0,"played":[0.0456,0.9544],"evs":[0.0,0.75927]},"J7s":{"weight":0.0,"played":[5.0E-4,0.9995],"evs":[0.0,1.34701]},"J8s":{"weight":0.0,"played":[0.0012,0.9988],"evs":[0.0,1.57021]},"J9s":{"weight":2.0E-4,"played":[1.0E-4,0.9999],"evs":[0.0,1.94054]},"JTs":{"weight":0.9921,"played":[1.0E-4,0.9999],"evs":[0.0,1.537]},"JJ":{"weight":0.0,"played":[0.0,1.0],"evs":[0.0,5.0086]},"QJo":{"weight":0.0,"played":[0.0013,0.9987],"evs":[0.0,0.68583]},"KJo":{"weight":5.0E-4,"played":[0.0,1.0],"evs":[0.0,1.17809]},"AJo":{"weight":0.0,"played":[0.0,1.0],"evs":[0.0,1.24268]},"Q2s":{"weight":0.0,"played":[2.0E-4,0.9998],"evs":[0.0,0.77397]},"Q3s":{"weight":0.0,"played":[0.1221,0.8779],"evs":[0.0,0.1245]},"Q4s":{"weight":0.0,"played":[0.0018,0.9982],"evs":[0.0,0.94966]},"Q5s":{"weight":0.0,"played":[0.0177,0.9823],"evs":[0.0,1.07946]},"Q6s":{"weight":0.0,"played":[3.0E-4,0.9997],"evs":[0.0,1.40354]},"Q7s":{"weight":0.0,"played":[0.0735,0.9265],"evs":[0.0,0.47802]},"Q8s":{"weight":3.0E-4,"played":[0.0096,0.9904],"evs":[0.0,1.65675]},"Q9s":{"weight":0.9975,"played":[1.0E-4,0.9999],"evs":[0.0,1.18495]},"QTs":{"weight":0.8593,"played":[0.0032,0.9968],"evs":[0.0,1.37073]},"QJs":{"weight":0.7486,"played":[3.0E-4,0.9997],"evs":[0.0,2.50391]},"QQ":{"weight":0.0,"played":[0.0,1.0],"evs":[0.0,6.93245]},"KQo":{"weight":1.0E-4,"played":[5.0E-4,0.9995],"evs":[0.0,1.5859]},"AQo":{"weight":0.0,"played":[0.0,1.0],"evs":[0.0,3.04808]},"K2s":{"weight":0.0,"played":[0.0194,0.9806],"evs":[0.0,1.3227]},"K3s":{"weight":0.0,"played":[0.0055,0.9945],"evs":[0.0,0.64909]},"K4s":{"weight":0.0,"played":[1.0E-4,0.9999],"evs":[0.0,0.90028]},"K5s":{"weight":0.0,"played":[7.0E-4,0.9993],"evs":[0.0,1.45552]},"K6s":{"weight":0.0,"played":[0.0488,0.9512],"evs":[0.0,0.73576]},"K7s":{"weight":0.0,"played":[1.0E-4,0.9999],"evs":[0.0,1.03563]},"K8s":{"weight":0.0908,"played":[0.0015,0.9985],"evs":[0.0,1.49024]},"K9s":{"weight":0.1071,"played":[0.0013,0.9987],"evs":[0.0,1.44259]},"KTs":{"weight":0.0506,"played":[0.0075,0.9925],"evs":[0.0,1.12515]},"KJs":{"weight":0.0072,"played":[0.0015,0.9985],"evs":[0.0,1.76334]},"KQs":{"weight":7.0E-4,"played":[2.0E-4,0.9998],"evs":[0.0,3.28014]},"KK":{"weight":0.0,"played":[0.0,1.0],"evs":[0.0,9.23367]},"AKo":{"weight":0.0,"played":[0.0,1.0],"evs":[0.0,3.38166]},"A2s":{"weight":0.0,"played":[4.0E-4,0.9996],"evs":[0.0,1.35782]},"A3s":{"weight":0.4876,"played":[0.0028,0.9972],"evs":[0.0,1.42944]},"A4s":{"weight":0.0807,"played":[0.0061,0.9939],"evs":[0.0,0.64958]},"A5s":{"weight":0.0,"played":[0.0095,0.9905],"evs":[0.0,1.33473]},"A6s":{"weight":0.0068,"played":[0.0024,0.9976],"evs":[0.0,0.83519]},"A7s":{"weight":1.0E-4,"played":[0.164,0.836],"evs":[0.0,1.2206]},"A8s":{"weight":0.0041,"played":[0.028,0.972],"evs":[0.0,1.16785]},"A9s":{"weight":8.0E-4,"played":[0.0402,0.9598],"evs":[0.0,1.01517]},"ATs":{"weight":0.0028,"played":[1.0E-4,0.9999],"evs":[0.0,2.31898]},"AJs":{"weight":0.0,"played":[1.0E-4,0.9999],"evs":[0.0,1.44584]},"AQs":{"weight":0.0,"played":[8.0E-4,0.9992],"evs":[0.0,3.38834]},"AKs":{"weight":0.0,"played":[0.0,1.0],"evs":[0.0,4.17768]},"AA":{"weight":0.0,"played":[0.0,1.0],"evs":[0.0,10.65554]}}}