{"player":1,"street":0,"children":2,"sequence":[{"player":0,"type":"R","amount":200000,"street":0},{"player":1,"type":"C","amount":200000,"street":0},{"player":2,"type":"F","amount":0,"street":0},{"player":3,"type":"C","amount":200000,"street":0},{"player":4,"type":"R","amount":1245000,"street":0},{"player":5,"type":"R","amount":1875000,"street":0},{"player":0,"type":"F","amount":0,"street":0}],"actions":[{"type":"F","amount":0,"node":376},{"type":"C","amount":1675000,"node":377}],"hands":{"22":{"weight":0.0,"played":[0.0066,0.9934],"evs":[0.0,2.94473]},"32o":{"weight":0.0,"played":[0.9992,8.0E-4],"evs":[0.0,-3.02681]},"42o":{"weight":0.0,"played":[0.5525,0.4475],"evs":[0.0,-1.02709]},"52o":{"weight":0.0,"played":[0.8272,0.1728],"evs":[0.0,-3.92158]},"62o":{"weight":0.0,"played":[0.9483,0.0517],"evs":[0.0,-3.08903]},"72o":{"weight":0.0,"played":[0.9592,0.0408],"evs":[0.0,-5.4396]},"82o":{"weight":0.0,"played":[1.0,0.0],"evs":[0.0,-3.22732]},"92o":{"weight":0.0,"played":[0.9953,0.0047],"evs":[0.0,-3.92837]},"T2o":{"weight":0.0,"played":[0.9204,0.0796],"evs":[0.0,-4.15047]},"J2o":{"weight":0.0,"played":[0.9717,0.0283],"evs":[0.0,-3.75205]},"Q2o":{"weight":0.0,"played":[0.8985,0.1015],"evs":[0.0,-3.04714]},"K2o":{"weight":0.0,"played":[0.3443,0.6557],"evs":[0.0,-2.89898]},"A2o":{"weight":0.0,"played":[0.602,0.398],"evs":[0.0,-0.42839]},"32s":{"weight":0.0,"played":[0.7545,0.2455],"evs":[0.0,-4.78432]},"33":{"weight":0.9647,"played":[0.3029,0.6971],"evs":[0.0,1.25237]},"43o":{"weight":0.0,"played":[0.9653,0.0347],"evs":[0.0,-1.54701]},"53o":{"weight":0.0,"played":[0.3717,0.6283],"evs":[0.0,1.5304]},"63o":{"weight":0.0,"played":[0.9669,0.0331],"evs":[0.0,-3.87488]},"73o":{"weight":0.0,"played":[0.6896,0.3104],"evs":[0.0,0.30261]},"83o":{"weight":0.0,"played":[0.9986,0.0014],"evs":[0.0,-4.41039]},"93o":{"weight":0.0,"played":[0.8825,0.1175],"evs":[0.0,-4.97684]},"T3o":{"weight":0.0,"played":[0.9647,0.0353],"evs":[0.0,-4.71752]},"J3o":{"weight":0.0,"played":[0.9973,0.0027],"evs":[0.0,-5.98068]},"Q3o":{"weight":0.0,"played":[0.9793,0.0207],"evs":[0.0,-4.86396]},"K3o":{"weight":0.0,"played":[0.9963,0.0037],"evs":[0.0,-4.81126]},"A3o":{"weight":0.0,"played":[0.9238,0.0762],"evs":[0.0,-2.88222]},"42s":{"weight":0.0,"played":[0.6331,0.3669],"evs":[0.0,1.12844]},"43s":{"weight":0.0,"played":[0.186,0.814],"evs":[0.0,1.62413]},"44":{"weight":0.9463,"played":[7.0E-4,0.9993],"evs":[0.0,4.92026]},"54o":{"weight":0.0,"played":[0.3363,0.6637],"evs":[0.0,-1.36016]},"64o":{"weight":0.0,"played":[0.8354,0.1646],"evs":[0.0,-0.91753]},"74o":{"weight":0.0,"played":[0.9988,0.0012],"evs":[0.0,-2.53378]},"84o":{"weight":0.0,"played":[0.4809,0.5191],"evs":[0.0,-1.26795]},"94o":{"weight":0.0,"played":[0.9967,0.0033],"evs":[0.0,-3.21546]},"T4o":{"weight":0.0,"played":[0.9589,0.0411],"evs":[0.0,-2.02073]},"J4o":{"weight":0.0,"played":[0.84,0.16],"evs":[0.0,-3.19025]},"Q4o":{"weight":0.0,"played":[0.9285,0.0715],"evs":[0.0,-4.69434]},"K4o":{"weight":0.0,"played":[0.0252,0.9748],"evs":[0.0,0.09893]},"A4o":{"weight":0.0,"played":[0.0371,0.9629],"evs":[0.0,2.63885]},"52s":{"weight":0.0,"played":[0.0946,0.9054],"evs":[0.0,2.73235]},"53s":{"weight":0.0,"played":[0.9905,0.0095],"evs":[0.0,-6.12671]},"54s":{"weight":0.0,"played":[0.3617,0.6383],"evs":[0.0,2.35431]},"55":{"weight":0.9904,"played":[1.0E-4,0.9999],"evs":[0.0,4.55682]},"65o":{"weight":0.0,"played":[0.8964,0.1036],"evs":[0.0,-1.77444]},"75o":{"weight":0.0,"played":[0.7908,0.2092],"evs":[0.0,-2.06926]},"85o":{"weight":0.0,"played":[0.9813,0.0187],"evs":[0.0,-0.88125]},"95o":{"weight":0.0,"played":[0.8106,0.1894],"evs":[0.0,-1.76149]},"T5o":{"weight":0.0,"played":[0.6747,0.3253],"evs":[0.0,-1.57289]},"J5o":{"weight":0.0,"played":[0.8604,0.1396],"evs":[0.0,-3.98833]},"Q5o":{"weight":0.0,"played":[0.3733,0.6267],"evs":[0.0,0.48473]},"K5o":{"weight":0.0,"played":[0.7101,0.2899],"evs":[0.0,-2.8975]},"A5o":{"weight":0.0,"played":[0.136,0.864],"evs":[0.0,1.83437]},"62s":{"weight":0.0,"played":[0.6839,0.3161],"evs":[0.0,-1.29039]},"63s":{"weight":0.0,"played":[0.8677,0.1323],"evs":[0.0,-0.32868]},"64s":{"weight":0.0,"played":[0.0192,0.9808],"evs":[0.0,3.28529]},"65s":{"weight":0.0,"played":[0.0537,0.9463],"evs":[0.0,4.13778]},"66":{"weight":0.3348,"played":[0.085,0.915],"evs":[0.0,5.68128]},"76o":{"weight":0.0,"played":[0.1088,0.8912],"evs":[0.0,-0.38003]},"86o":{"weight":0.0,"played":[0.5687,0.4313],"evs":[0.0,-2.48415]},"96o":{"weight":0.0,"played":[0.6929,0.3071],"evs":[0.0,-0.66314]},"T6o":{"weight":0.0,"played":[0.971,0.029],"evs":[0.0,-2.88181]},"J6o":{"weight":0.0,"played":[0.9945,0.0055],"evs":[0.0,-1.47142]},"Q6o":{"weight":0.0,"played":[0.8924,0.1076],"evs":[0.0,-2.35564]},"K6o":{"weight":0.0,"played":[0.8629,0.1371],"evs":[0.0,-1.5235]},"A6o":{"weight":0.0,"played":[0.5493,0.4507],"evs":[0.0,-0.86718]},"72s":{"weight":0.0,"played":[0.3908,0.6092],"evs":[0.0,-0.66209]},"73s":{"weight":0.0,"played":[0.9845,0.0155],"evs":[0.0,-5.08772]},"74s":{"weight":0.0,"played":[0.5083,0.4917],"evs":[0.0,3.17407]},"75s":{"weight":0.0,"played":[0.0861,0.9139],"evs":[0.0,3.89863]},"76s":{"weight":0.0159,"played":[0.0494,0.9506],"evs":[0.0,-0.27797]},"77":{"weight":0.9413,"played":[5.0E-4,0.9995],"evs":[0.0,9.4362]},"87o":{"weight":0.0,"played":[0.0629,0.9371],"evs":[0.0,-0.67134]},"97o":{"weight":0.0,"played":[0.9701,0.0299],"evs":[0.0,-2.32771]},"T7o":{"weight":0.0,"played":[0.6064,0.3936],"evs":[0.0,-0.47086]},"J7o":{"weight":0.0,"played":[0.8832,0.1168],"evs":[0.0,-1.11011]},"Q7o":{"weight":0.0,"played":[0.9239,0.0761],"evs":[0.0,-2.91601]},"K7o":{"weight":0.0,"played":[0.0988,0.9012],"evs":[0.0,1.85588]},"A7o":{"weight":0.0,"played":[0.8093,0.1907],"evs":[0.0,-2.27522]},"82s":{"weight":0.0,"played":[0.8655,0.1345],"evs":[0.0,-2.15935]},"83s":{"weight":0.0,"played":[0.9558,0.0442],"evs":[0.0,0.4452]},"84s":{"weight":0.0,"played":[0.8854,0.1146],"evs":[0.0,-1.97329]},"85s":{"weight":0.0,"played":[0.791,0.209],"evs":[0.0,-3.04179]},"86s":{"weight":0.0,"played":[0.4353,0.5647],"evs":[0.0,1.19249]},"87s":{"weight":0.4281,"played":[0.3415,0.6585],"evs":[0.0,-0.03445]},"88":{"weight":0.1534,"played":[0.0011,0.9989],"evs":[0.0,9.11463]},"98o":{"weight":0.0,"played":[0.8379,0.1621],"evs":[0.0,-0.41526]},"T8o":{"weight":0.0,"played":[0.9389,0.0611],"evs":[0.0,-1.65455]},"J8o":{"weight":0.0,"played":[0.7009,0.2991],"evs":[0.0,-1.34859]},"Q8o":{"weight":0.0,"played":[0.0115,0.9885],"evs":[0.0,0.00446]},"K8o":{"weight":0.0,"played":[0.559,0.441],"evs":[0.0,-0.91497]},"A8o":{"weight":0.0,"played":[0.6803,0.3197],"evs":[0.0,-0.64311]},"92s":{"weight":0.0,"played":[0.7977,0.2023],"evs":[0.0,-4.45138]},"93s":{"weight":0.0,"played":[0.8027,0.1973],"evs":[0.0,0.22071]},"94s":{"weight":0.0,"played":[0.8529,0.1471],"evs":[0.0,-1.48022]},"95s":{"weight":0.0,"played":[0.9101,0.0899],"evs":[0.0,-1.13029]},"96s":{"weight":0.0,"played":[0.5768,0.4232],"evs":[0.0,0.22559]},"97s":{"weight":0.0,"played":[0.5071,0.4929],"evs":[0.0,-0.50374]},"98s":{"weight":0.9906,"played":[0.0656,0.9344],"evs":[0.0,2.2657]},"99":{"weight":0.0,"played":[0.0011,0.9989],"evs":[0.0,9.68217]},"T9o":{"weight":0.0,"played":[0.5243,0.4757],"evs":[0.0,0.22976]},"J9o":{"weight":0.0,"played":[0.9016,0.0984],"evs":[0.0,-1.21214]},"Q9o":{"weight":0.0,"played":[0.29,0.71],"evs":[0.0,-1.78443]},"K9o":{"weight":0.0,"played":[0.0037,0.9963],"evs":[0.0,3.34381]},"A9o":{"weight":0.0,"played":[0.0295,0.9705],"evs":[0.0,1.82915]},"T2s":{"weight":0.0,"played":[0.771,0.229],"evs":[0.0,-0.38074]},"T3s":{"weight":0.0,"played":[0.3531,0.6469],"evs":[0.0,-0.6095]},"T4s":{"weight":0.0,"played":[0.1924,0.8076],"evs":[0.0,1.61441]},"T5s":{"weight":0.0,"played":[0.3209,0.6791],"evs":[0.0,2.0414]},"T6s":{"weight":0.0,"played":[0.6982,0.3018],"evs":[0.0,-2.09725]},"T7s":{"weight":0.0,"played":[0.4885,0.5115],"evs":[0.0,0.7293]},"T8s":{"weight":1.0E-4,"played":[0.02,0.98],"evs":[0.0,0.90953]},"T9s":{"weight":0.9995,"played":[0.0683,0.9317],"evs":[0.0,0.52531]},"TT":{"weight":1.0E-4,"played":[0.0,1.0],"evs":[0.0,14.02994]},"JTo":{"weight":0.0,"played":[2.0E-4,0.9998],"evs":[0.0,3.49037]},"QTo":{"weight":0.0,"played":[0.202,0.798],"evs":[0.0,0.59064]},"KTo":{"weight":0.0,"played":[0.6967,0.3033],"evs":[0.0,-0.02879]},"ATo":{"weight":1.0,"played":[5.0E-4,0.9995],"evs":[0.0,1.44615]},"J2s":{"weight":0.0,"played":[0.9637,0.0363],"evs":[0.0,-4.45833]},"J3s":{"weight":0.0,"played":[0.5341,0.4659],"evs":[0.0,1.37044]},"J4s":{"weight":0.0,"played":[0.7403,0.2597],"evs":[0.0,-2.05173]},"J5s":{"weight":0.0,"played":[0.078,0.922],"evs":[0.0,5.74432]},"J6s":{"weight":0.0,"played":[0.5764,0.4236],"evs":[0.0,-0.51842]},"J7s":{"weight":0.0,"played":[0.3647,0.6353],"evs":[0.0,4.34204]},"J8s":{"weight":0.0,"played":[0.0216,0.9784],"evs":[0.0,3.19539]},"J9s":{"weight":0.9982,"played":[0.056,0.944],"evs":[0.0,2.49506]},"JTs":{"weight":0.0947,"played":[0.1474,0.8526],"evs":[0.0,5.7243]},"JJ":{"weight":0.106,"played":[0.0,1.0],"evs":[0.0,13.90621]},"QJo":{"weight":0.0128,"played":[0.0,1.0],"evs":[0.0,2.90042]},"KJo":{"weight":1.0,"played":[0.496,0.504],"evs":[0.0,-0.76525]},"AJo":{"weight":0.782,"played":[1.0E-4,0.9999],"evs":[0.0,2.62171]},"Q2s":{"weight":0.0,"played":[0.9751,0.0249],"evs":[0.0,-4.50674]},"Q3s":{"weight":0.0,"played":[0.4015,0.5985],"evs":[0.0,-0.01603]},"Q4s":{"weight":0.0,"played":[0.7113,0.2887],"evs":[0.0,-4.7097]},"Q5s":{"weight":0.0,"played":[0.8993,0.1007],"evs":[0.0,-3.32405]},"Q6s":{"weight":0.0,"played":[0.0452,0.9548],"evs":[0.0,3.41985]},"Q7s":{"weight":0.0,"played":[0.0247,0.9753],"evs":[0.0,-0.32549]},"Q8s":{"weight":0.0,"played":[0.1214,0.8786],"evs":[0.0,7.14326]},"Q9s":{"weight":0.9958,"played":[0.1296,0.8704],"evs":[0.0,2.92876]},"QTs":{"weight":0.3792,"played":[0.1063,0.8937],"evs":[0.0,-0.09437]},"QJs":{"weight":0.966,"played":[0.1429,0.8571],"evs":[0.0,7.06217]},"QQ":{"weight":1.0,"played":[0.0,1.0],"evs":[0.0,17.45882]},"KQo":{"weight":0.4389,"played":[1.0E-4,0.9999],"evs":[0.0,3.16743]},"AQo":{"weight":1.0E-4,"played":[0.001,0.999],"evs":[0.0,8.91438]},"K2s":{"weight":0.0,"played":[0.7437,0.2563],"evs":[0.0,-0.59518]},"K3s":{"weight":0.0,"played":[0.8417,0.1583],"evs":[0.0,-0.38687]},"K4s":{"weight":0.0,"played":[0.7716,0.2284],"evs":[0.0,-3.70081]},"K5s":{"weight":0.0,"played":[0.1443,0.8557],"evs":[0.0,3.22462]},"K6s":{"weight":0.0,"played":[0.0785,0.9215],"evs":[0.0,6.15766]},"K7s":{"weight":0.0,"played":[0.0193,0.9807],"evs":[0.0,2.54042]},"K8s":{"weight":0.0,"played":[0.5936,0.4064],"evs":[0.0,-3.12236]},"K9s":{"weight":0.7585,"played":[0.002,0.998],"evs":[0.0,6.66106]},"KTs":{"weight":0.0354,"played":[0.0254,0.9746],"evs":[0.0,0.87768]},"KJs":{"weight":0.4556,"played":[0.0427,0.9573],"evs":[0.0,1.00702]},"KQs":{"weight":0.9993,"played":[0.001,0.999],"evs":[0.0,4.55595]},"KK":{"weight":1.0,"played":[0.0,1.0],"evs":[0.0,23.80985]},"AKo":{"weight":0.0,"played":[0.0261,0.9739],"evs":[0.0,9.53197]},"A2s":{"weight":0.0,"played":[0.6832,0.3168],"evs":[0.0,-2.08471]},"A3s":{"weight":4.0E-4,"played":[0.0026,0.9974],"evs":[0.0,4.37968]},"A4s":{"weight":0.9346,"played":[0.6142,0.3858],"evs":[0.0,2.44768]},"A5s":{"weight":0.337,"played":[6.0E-4,0.9994],"evs":[0.0,6.34655]},"A6s":{"weight":0.9956,"played":[0.6974,0.3026],"evs":[0.0,1.37385]},"A7s":{"weight":0.9991,"played":[0.0173,0.9827],"evs":[0.0,2.93648]},"A8s":{"weight":1.0,"played":[0.0076,0.9924],"evs":[0.0,5.20427]},"A9s":{"weight":1.0,"played":[0.0,1.0],"evs":[0.0,4.02518]},"ATs":{"weight":1.0,"played":[0.0011,0.9989],"evs":[0.0,12.34595]},"AJs":{"weight":1.0,"played":[0.0,1.0],"evs":[0.0,6.64315]},"AQs":{"weight":0.3788,"played":[0.0954,0.9046],"evs":[0.0,2.53381]},"AKs":{"weight":4.0E-4,"played":[0.0079,0.9921],"evs":[0.0,2.13599]},"AA":{"weight":1.0,"played":[2.0E-4,0.9998],"evs":[0.0,27.68727]}}}