{"player":3,"street":0,"children":2,"sequence":[{"player":0,"type":"R","amount":200000,"street":0},{"player":1,"type":"C","amount":200000,"street":0},{"player":2,"type":"F","amount":0,"street":0},{"player":3,"type":"C","amount":200000,"street":0},{"player":4,"type":"R","amount":1245000,"street":0},{"player":5,"type":"R","amount":1875000,"street":0},{"player":0,"type":"R","amount":2195000,"street":0},{"player":1,"type":"C","amount":1995000,"street":0}],"actions":[{"type":"F","amount":0},{"type":"C","amount":405000}],"hands":{"22":{"weight":0.0,"played":[0.0596,0.9404],"evs":[0.0,0.99313]},"32o":{"weight":0.0,"played":[0.9693,0.0307],"evs":[0.0,-0.69746]},"42o":{"weight":0.0,"played":[0.8657,0.1343],"evs":[0.0,-0.18578]},"52o":{"weight":0.0,"played":[0.9,0.1],"evs":[0.0,-0.39527]},"62o":{"weight":0.0,"played":[0.9999,1.0E-4],"evs":[0.0,-0.55102]},"72o":{"weight":0.0,"played":[0.9999,1.0E-4],"evs":[0.0,-1.49894]},"82o":{"weight":0.0,"played":[0.9993,7.0E-4],"evs":[0.0,-0.94619]},"92o":{"weight":0.0,"played":[0.9993,7.0E-4],"evs":[0.0,-0.92272]},"T2o":{"weight":0.0,"played":[0.9931,0.0069],"evs":[0.0,-1.33644]},"J2o":{"weight":0.0,"played":[0.9989,0.0011],"evs":[0.0,-1.7218]},"Q2o":{"weight":0.0,"played":[0.7113,0.2887],"evs":[0.0,-0.62322]},"K2o":{"weight":0.0,"played":[0.9601,0.0399],"evs":[0.0,-0.43471]},"A2o":{"weight":0.0,"played":[0.9772,0.0228],"evs":[0.0,-1.47162]},"32s":{"weight":0.0,"played":[8.0E-4,0.9992],"evs":[0.0,1.39669]},"33":{"weight":0.0,"played":[0.024,0.976],"evs":[0.0,0.78217]},"43o":{"weight":0.0,"played":[0.8288,0.1712],"evs":[0.0,-0.51818]},"53o":{"weight":0.0,"played":[0.2246,0.7754],"evs":[0.0,0.41781]},"63o":{"weight":0.0,"played":[0.4474,0.5526],"evs":[0.0,-0.24006]},"73o":{"weight":0.0,"played":[0.6273,0.3727],"evs":[0.0,0.01958]},"83o":{"weight":0.0,"played":[0.9776,0.0224],"evs":[0.0,-0.76654]},"93o":{"weight":0.0,"played":[0.9997,3.0E-4],"evs":[0.0,-0.55362]},"T3o":{"weight":0.0,"played":[0.9922,0.0078],"evs":[0.0,-1.50472]},"J3o":{"weight":0.0,"played":[0.9945,0.0055],"evs":[0.0,-1.18755]},"Q3o":{"weight":0.0,"played":[0.9833,0.0167],"evs":[0.0,-0.86186]},"K3o":{"weight":0.0,"played":[0.9674,0.0326],"evs":[0.0,-0.99744]},"A3o":{"weight":0.0,"played":[0.9969,0.0031],"evs":[0.0,-1.17758]},"42s":{"weight":0.0,"played":[0.0192,0.9808],"evs":[0.0,0.27495]},"43s":{"weight":0.0,"played":[0.0057,0.9943],"evs":[0.0,1.69454]},"44":{"weight":0.0,"played":[0.0199,0.9801],"evs":[0.0,0.77836]},"54o":{"weight":0.0,"played":[0.0,1.0],"evs":[0.0,1.12377]},"64o":{"weight":0.0,"played":[0.1436,0.8564],"evs":[0.0,0.20794]},"74o":{"weight":0.0,"played":[0.8097,0.1903],"evs":[0.0,-0.3935]},"84o":{"weight":0.0,"played":[0.9559,0.0441],"evs":[0.0,-0.21673]},"94o":{"weight":0.0,"played":[0.9993,7.0E-4],"evs":[0.0,-0.62953]},"T4o":{"weight":0.0,"played":[0.9929,0.0071],"evs":[0.0,-0.91574]},"J4o":{"weight":0.0,"played":[0.9979,0.0021],"evs":[0.0,-1.32691]},"Q4o":{"weight":0.0,"played":[0.9996,4.0E-4],"evs":[0.0,-0.92777]},"K4o":{"weight":0.0,"played":[0.675,0.325],"evs":[0.0,-0.46213]},"A4o":{"weight":0.0,"played":[0.9355,0.0645],"evs":[0.0,-0.87066]},"52s":{"weight":0.0,"played":[0.0067,0.9933],"evs":[0.0,0.63765]},"53s":{"weight":0.0,"played":[0.181,0.819],"evs":[0.0,0.20163]},"54s":{"weight":0.0,"played":[0.0358,0.9642],"evs":[0.0,1.65713]},"55":{"weight":0.0,"played":[0.0018,0.9982],"evs":[0.0,1.65402]},"65o":{"weight":0.0,"played":[6.0E-4,0.9994],"evs":[0.0,0.83043]},"75o":{"weight":0.0,"played":[0.0428,0.9572],"evs":[0.0,0.9204]},"85o":{"weight":0.0,"played":[0.4263,0.5737],"evs":[0.0,-0.10742]},"95o":{"weight":0.0,"played":[0.7338,0.2662],"evs":[0.0,-0.4165]},"T5o":{"weight":0.0,"played":[0.9978,0.0022],"evs":[0.0,-0.94893]},"J5o":{"weight":0.0,"played":[0.9987,0.0013],"evs":[0.0,-1.28544]},"Q5o":{"weight":0.0,"played":[0.9906,0.0094],"evs":[0.0,-0.96245]},"K5o":{"weight":0.0,"played":[0.9421,0.0579],"evs":[0.0,-0.79247]},"A5o":{"weight":0.0,"played":[0.958,0.042],"evs":[0.0,-0.12361]},"62s":{"weight":0.0,"played":[0.0185,0.9815],"evs":[0.0,1.33157]},"63s":{"weight":0.0,"played":[0.1786,0.8214],"evs":[0.0,0.24814]},"64s":{"weight":0.0,"played":[0.0048,0.9952],"evs":[0.0,2.33878]},"65s":{"weight":0.1797,"played":[0.002,0.998],"evs":[0.0,0.7698]},"66":{"weight":0.0,"played":[5.0E-4,0.9995],"evs":[0.0,2.3504]},"76o":{"weight":0.0,"played":[0.3218,0.6782],"evs":[0.0,0.3919]},"86o":{"weight":0.0,"played":[0.1124,0.8876],"evs":[0.0,0.24804]},"96o":{"weight":0.0,"played":[0.357,0.643],"evs":[0.0,0.08196]},"T6o":{"weight":0.0,"played":[0.9973,0.0027],"evs":[0.0,-0.67711]},"J6o":{"weight":0.0,"played":[0.9979,0.0021],"evs":[0.0,-0.77313]},"Q6o":{"weight":0.0,"played":[0.6645,0.3355],"evs":[0.0,-0.28424]},"K6o":{"weight":0.0,"played":[0.5011,0.4989],"evs":[0.0,-0.20914]},"A6o":{"weight":0.0,"played":[0.9863,0.0137],"evs":[0.0,-0.88676]},"72s":{"weight":0.0,"played":[0.4835,0.5165],"evs":[0.0,-0.50644]},"73s":{"weight":0.0,"played":[0.0131,0.9869],"evs":[0.0,1.30799]},"74s":{"weight":0.0,"played":[0.6538,0.3462],"evs":[0.0,-0.01328]},"75s":{"weight":0.0,"played":[0.0283,0.9717],"evs":[0.0,2.27025]},"76s":{"weight":0.9955,"played":[0.0015,0.9985],"evs":[0.0,1.53627]},"77":{"weight":0.0,"played":[0.0023,0.9977],"evs":[0.0,1.16384]},"87o":{"weight":0.0,"played":[0.0341,0.9659],"evs":[0.0,0.44429]},"97o":{"weight":0.0,"played":[0.1105,0.8895],"evs":[0.0,0.27063]},"T7o":{"weight":0.0,"played":[0.908,0.092],"evs":[0.0,0.06372]},"J7o":{"weight":0.0,"played":[0.8904,0.1096],"evs":[0.0,-0.50089]},"Q7o":{"weight":0.0,"played":[0.9907,0.0093],"evs":[0.0,-0.58775]},"K7o":{"weight":0.0,"played":[0.8812,0.1188],"evs":[0.0,-0.83637]},"A7o":{"weight":0.0,"played":[0.9512,0.0488],"evs":[0.0,-0.72866]},"82s":{"weight":0.0,"played":[0.9671,0.0329],"evs":[0.0,-0.61041]},"83s":{"weight":0.0,"played":[0.1369,0.8631],"evs":[0.0,-0.28004]},"84s":{"weight":0.0,"played":[0.0344,0.9656],"evs":[0.0,0.39082]},"85s":{"weight":0.0,"played":[0.0031,0.9969],"evs":[0.0,0.10615]},"86s":{"weight":0.0,"played":[0.0532,0.9468],"evs":[0.0,0.61825]},"87s":{"weight":0.9483,"played":[5.0E-4,0.9995],"evs":[0.0,0.5112]},"88":{"weight":0.0,"played":[0.0215,0.9785],"evs":[0.0,2.76738]},"98o":{"weight":0.0,"played":[0.0111,0.9889],"evs":[0.0,0.71865]},"T8o":{"weight":0.0,"played":[0.0048,0.9952],"evs":[0.0,0.37084]},"J8o":{"weight":0.0,"played":[0.939,0.061],"evs":[0.0,-0.38363]},"Q8o":{"weight":0.0,"played":[0.9283,0.0717],"evs":[0.0,-0.60892]},"K8o":{"weight":0.0,"played":[0.9659,0.0341],"evs":[0.0,-0.78042]},"A8o":{"weight":0.0,"played":[0.7403,0.2597],"evs":[0.0,-0.26657]},"92s":{"weight":0.0,"played":[0.8405,0.1595],"evs":[0.0,-0.15042]},"93s":{"weight":0.0,"played":[0.0988,0.9012],"evs":[0.0,0.34888]},"94s":{"weight":0.0,"played":[0.3173,0.6827],"evs":[0.0,-0.09173]},"95s":{"weight":0.0,"played":[0.0739,0.9261],"evs":[0.0,0.4106]},"96s":{"weight":0.0,"played":[9.0E-4,0.9991],"evs":[0.0,0.46509]},"97s":{"weight":5.0E-4,"played":[0.0418,0.9582],"evs":[0.0,1.45423]},"98s":{"weight":0.9995,"played":[0.0018,0.9982],"evs":[0.0,0.91133]},"99":{"weight":0.0,"played":[0.0,1.0],"evs":[0.0,1.79132]},"T9o":{"weight":0.0,"played":[0.0234,0.9766],"evs":[0.0,0.04136]},"J9o":{"weight":0.0,"played":[0.2984,0.7016],"evs":[0.0,0.13166]},"Q9o":{"weight":0.0,"played":[0.6336,0.3664],"evs":[0.0,-0.21998]},"K9o":{"weight":0.0,"played":[0.4097,0.5903],"evs":[0.0,-0.26031]},"A9o":{"weight":3.0E-4,"played":[0.7221,0.2779],"evs":[0.0,-0.46007]},"T2s":{"weight":0.0,"played":[0.7573,0.2427],"evs":[0.0,-0.10892]},"T3s":{"weight":0.0,"played":[0.3366,0.6634],"evs":[0.0,-0.11109]},"T4s":{"weight":0.0,"played":[0.1431,0.8569],"evs":[0.0,0.70922]},"T5s":{"weight":0.0,"played":[0.0356,0.9644],"evs":[0.0,0.52007]},"T6s":{"weight":0.0,"played":[0.2083,0.7917],"evs":[0.0,0.81816]},"T7s":{"weight":0.0,"played":[0.1519,0.8481],"evs":[0.0,1.41324]},"T8s":{"weight":3.0E-4,"played":[0.0594,0.9406],"evs":[0.0,1.42561]},"T9s":{"weight":0.9779,"played":[0.0815,0.9185],"evs":[0.0,0.8377]},"TT":{"weight":0.0,"played":[2.0E-4,0.9998],"evs":[0.0,2.56291]},"JTo":{"weight":0.0,"played":[0.0128,0.9872],"evs":[0.0,0.06945]},"QTo":{"weight":0.0,"played":[0.0164,0.9836],"evs":[0.0,0.86656]},"KTo":{"weight":0.0,"played":[0.1711,0.8289],"evs":[0.0,0.20591]},"ATo":{"weight":6.0E-4,"played":[0.0732,0.9268],"evs":[0.0,0.18304]},"J2s":{"weight":0.0,"played":[0.8867,0.1133],"evs":[0.0,-0.49858]},"J3s":{"weight":0.0,"played":[0.6176,0.3824],"evs":[0.0,0.02277]},"J4s":{"weight":0.0,"played":[0.7486,0.2514],"evs":[0.0,-0.16261]},"J5s":{"weight":0.0,"played":[0.4427,0.5573],"evs":[0.0,0.83164]},"J6s":{"weight":0.0,"played":[0.0947,0.9053],"evs":[0.0,0.70474]},"J7s":{"weight":0.0,"played":[0.1278,0.8722],"evs":[0.0,0.1985]},"J8s":{"weight":0.0,"played":[0.0889,0.9111],"evs":[0.0,1.00267]},"J9s":{"weight":2.0E-4,"played":[0.086,0.914],"evs":[0.0,0.23964]},"JTs":{"weight":0.9921,"played":[2.0E-4,0.9998],"evs":[0.0,1.21214]},"JJ":{"weight":0.0,"played":[0.0,1.0],"evs":[0.0,3.71831]},"QJo":{"weight":0.0,"played":[0.124,0.876],"evs":[0.0,0.23808]},"KJo":{"weight":5.0E-4,"played":[0.2024,0.7976],"evs":[0.0,0.1744]},"AJo":{"weight":0.0,"played":[0.0021,0.9979],"evs":[0.0,1.26182]},"Q2s":{"weight":0.0,"played":[0.2289,0.7711],"evs":[0.0,0.87418]},"Q3s":{"weight":0.0,"played":[0.1991,0.8009],"evs":[0.0,0.37321]},"Q4s":{"weight":0.0,"played":[0.2447,0.7553],"evs":[0.0,0.34575]},"Q5s":{"weight":0.0,"played":[0.0902,0.9098],"evs":[0.0,-0.09796]},"Q6s":{"weight":0.0,"played":[0.0272,0.9728],"evs":[0.0,1.45837]},"Q7s":{"weight":0.0,"played":[0.0088,0.9912],"evs":[0.0,0.56481]},"Q8s":{"weight":3.0E-4,"played":[0.0116,0.9884],"evs":[0.0,0.43646]},"Q9s":{"weight":0.9975,"played":[2.0E-4,0.9998],"evs":[0.0,0.80169]},"QTs":{"weight":0.8593,"played":[0.1127,0.8873],"evs":[0.0,0.65403]},"QJs":{"weight":0.7486,"played":[2.0E-4,0.9998],"evs":[0.0,1.04876]},"QQ":{"weight":0.0,"played":[0.0,1.0],"evs":[0.0,6.32553]},"KQo":{"weight":1.0E-4,"played":[0.0234,0.9766],"evs":[0.0,1.10689]},"AQo":{"weight":0.0,"played":[2.0E-4,0.9998],"evs":[0.0,1.89372]},"K2s":{"weight":0.0,"played":[0.9852,0.0148],"evs":[0.0,-0.06115]},"K3s":{"weight":0.0,"played":[0.1601,0.8399],"evs":[0.0,-0.01399]},"K4s":{"weight":0.0,"played":[0.7667,0.2333],"evs":[0.0,-0.456]},"K5s":{"weight":0.0,"played":[0.4934,0.5066],"evs":[0.0,0.46523]},"K6s":{"weight":0.0,"played":[0.0065,0.9935],"evs":[0.0,1.52699]},"K7s":{"weight":0.0,"played":[0.0027,0.9973],"evs":[0.0,0.95085]},"K8s":{"weight":0.0908,"played":[2.0E-4,0.9998],"evs":[0.0,1.17598]},"K9s":{"weight":0.1071,"played":[0.0154,0.9846],"evs":[0.0,1.39992]},"KTs":{"weight":0.0506,"played":[0.0153,0.9847],"evs":[0.0,0.86204]},"KJs":{"weight":0.0072,"played":[0.1212,0.8788],"evs":[0.0,0.74762]},"KQs":{"weight":7.0E-4,"played":[2.0E-4,0.9998],"evs":[0.0,2.00707]},"KK":{"weight":0.0,"played":[0.0,1.0],"evs":[0.0,9.7726]},"AKo":{"weight":0.0,"played":[0.0,1.0],"evs":[0.0,2.69797]},"A2s":{"weight":0.0,"played":[0.1717,0.8283],"evs":[0.0,1.09791]},"A3s":{"weight":0.4876,"played":[0.1177,0.8823],"evs":[0.0,1.04107]},"A4s":{"weight":0.0807,"played":[0.0416,0.9584],"evs":[0.0,0.91486]},"A5s":{"weight":0.0,"played":[0.1995,0.8005],"evs":[0.0,0.9046]},"A6s":{"weight":0.0068,"played":[0.2326,0.7674],"evs":[0.0,0.09277]},"A7s":{"weight":1.0E-4,"played":[0.0032,0.9968],"evs":[0.0,1.95034]},"A8s":{"weight":0.0041,"played":[0.0611,0.9389],"evs":[0.0,0.36696]},"A9s":{"weight":8.0E-4,"played":[0.2107,0.7893],"evs":[0.0,0.27784]},"ATs":{"weight":0.0028,"played":[0.245,0.755],"evs":[0.0,0.68406]},"AJs":{"weight":0.0,"played":[0.3336,0.6664],"evs":[0.0,-0.15361]},"AQs":{"weight":0.0,"played":[1.0E-4,0.9999],"evs":[0.0,1.23539]},"AKs":{"weight":0.0,"played":[2.0E-4,0.9998],"evs":[0.0,2.15024]},"AA":{"weight":0.0,"played":[1.0E-4,0.9999],"evs":[0.0,11.6005]}}}