{"player":1,"street":0,"children":2,"sequence":[{"player":0,"type":"R","amount":200000,"street":0},{"player":1,"type":"C","amount":200000,"street":0},{"player":2,"type":"F","amount":0,"street":0},{"player":3,"type":"R","amount":605000,"street":0},{"player":4,"type":"F","amount":0,"street":0},{"player":5,"type":"F","amount":0,"street":0},{"player":0,"type":"F","amount":0,"street":0}],"actions":[{"type":"F","amount":0},{"type":"C","amount":405000}],"hands":{"22":{"weight":0.0,"played":[0.0,1.0],"evs":[0.0,3.51954]},"32o":{"weight":0.0,"played":[0.0,1.0],"evs":[0.0,1.06511]},"42o":{"weight":0.0,"played":[0.0,1.0],"evs":[0.0,1.16596]},"52o":{"weight":0.0,"played":[0.0,1.0],"evs":[0.0,1.31533]},"62o":{"weight":0.0,"played":[0.0,1.0],"evs":[0.0,1.23104]},"72o":{"weight":0.0,"played":[0.0,1.0],"evs":[0.0,1.05934]},"82o":{"weight":0.0,"played":[0.0,1.0],"evs":[0.0,1.15763]},"92o":{"weight":0.0,"played":[0.0,1.0],"evs":[0.0,1.16839]},"T2o":{"weight":0.0,"played":[0.0,1.0],"evs":[0.0,1.23978]},"J2o":{"weight":0.0,"played":[0.0,1.0],"evs":[0.0,1.3089]},"Q2o":{"weight":0.0,"played":[0.0,1.0],"evs":[0.0,1.48607]},"K2o":{"weight":0.0,"played":[0.0,1.0],"evs":[0.0,1.56901]},"A2o":{"weight":0.0,"played":[0.0,1.0],"evs":[0.0,2.24721]},"32s":{"weight":0.0,"played":[0.0,1.0],"evs":[0.0,1.72747]},"33":{"weight":0.9647,"played":[0.0,1.0],"evs":[0.0,3.70018]},"43o":{"weight":0.0,"played":[0.0,1.0],"evs":[0.0,1.41396]},"53o":{"weight":0.0,"played":[0.0,1.0],"evs":[0.0,1.59334]},"63o":{"weight":0.0,"played":[0.0,1.0],"evs":[0.0,1.50468]},"73o":{"weight":0.0,"played":[0.0,1.0],"evs":[0.0,1.29011]},"83o":{"weight":0.0,"played":[0.0,1.0],"evs":[0.0,1.19856]},"93o":{"weight":0.0,"played":[0.0,1.0],"evs":[0.0,1.20595]},"T3o":{"weight":0.0,"played":[0.0,1.0],"evs":[0.0,1.26785]},"J3o":{"weight":0.0,"played":[0.0,1.0],"evs":[0.0,1.39873]},"Q3o":{"weight":0.0,"played":[0.0,1.0],"evs":[0.0,1.50593]},"K3o":{"weight":0.0,"played":[0.0,1.0],"evs":[0.0,1.62604]},"A3o":{"weight":0.0,"played":[0.0,1.0],"evs":[0.0,2.27485]},"42s":{"weight":0.0,"played":[0.0,1.0],"evs":[0.0,1.81574]},"43s":{"weight":0.0,"played":[0.0,1.0],"evs":[0.0,2.06575]},"44":{"weight":0.9463,"played":[0.0,1.0],"evs":[0.0,3.94863]},"54o":{"weight":0.0,"played":[0.0,1.0],"evs":[0.0,1.88236]},"64o":{"weight":0.0,"played":[0.0,1.0],"evs":[0.0,1.77889]},"74o":{"weight":0.0,"played":[0.0,1.0],"evs":[0.0,1.57038]},"84o":{"weight":0.0,"played":[0.0,1.0],"evs":[0.0,1.45004]},"94o":{"weight":0.0,"played":[0.0,1.0],"evs":[0.0,1.2126]},"T4o":{"weight":0.0,"played":[0.0,1.0],"evs":[0.0,1.33467]},"J4o":{"weight":0.0,"played":[0.0,1.0],"evs":[0.0,1.41917]},"Q4o":{"weight":0.0,"played":[0.0,1.0],"evs":[0.0,1.56157]},"K4o":{"weight":0.0,"played":[0.0,1.0],"evs":[0.0,1.66184]},"A4o":{"weight":0.0,"played":[0.0,1.0],"evs":[0.0,2.40723]},"52s":{"weight":0.0,"played":[0.0,1.0],"evs":[0.0,1.93181]},"53s":{"weight":0.0,"played":[0.0,1.0],"evs":[0.0,2.18062]},"54s":{"weight":0.0,"played":[0.0,1.0],"evs":[0.0,2.53668]},"55":{"weight":0.9904,"played":[0.0,1.0],"evs":[0.0,4.42493]},"65o":{"weight":0.0,"played":[0.0,1.0],"evs":[0.0,2.05581]},"75o":{"weight":0.0,"played":[0.0,1.0],"evs":[0.0,1.90407]},"85o":{"weight":0.0,"played":[0.0,1.0],"evs":[0.0,1.77595]},"95o":{"weight":0.0,"played":[0.0,1.0],"evs":[0.0,1.52495]},"T5o":{"weight":0.0,"played":[0.0,1.0],"evs":[0.0,1.39944]},"J5o":{"weight":0.0,"played":[0.0,1.0],"evs":[0.0,1.50333]},"Q5o":{"weight":0.0,"played":[0.0,1.0],"evs":[0.0,1.70079]},"K5o":{"weight":0.0,"played":[0.0,1.0],"evs":[0.0,1.85559]},"A5o":{"weight":0.0,"played":[0.0,1.0],"evs":[0.0,2.63646]},"62s":{"weight":0.0,"played":[0.0,1.0],"evs":[0.0,1.88808]},"63s":{"weight":0.0,"played":[0.0,1.0],"evs":[0.0,2.1287]},"64s":{"weight":0.0,"played":[0.0,1.0],"evs":[0.0,2.4773]},"65s":{"weight":0.0,"played":[0.0,1.0],"evs":[0.0,2.59128]},"66":{"weight":0.3348,"played":[0.0,1.0],"evs":[0.0,5.0413]},"76o":{"weight":0.0,"played":[0.0,1.0],"evs":[0.0,2.25838]},"86o":{"weight":0.0,"played":[0.0,1.0],"evs":[0.0,2.12192]},"96o":{"weight":0.0,"played":[0.0,1.0],"evs":[0.0,1.9485]},"T6o":{"weight":0.0,"played":[0.0,1.0],"evs":[0.0,1.70993]},"J6o":{"weight":0.0,"played":[0.0,1.0],"evs":[0.0,1.6438]},"Q6o":{"weight":0.0,"played":[0.0,1.0],"evs":[0.0,1.83423]},"K6o":{"weight":0.0,"played":[0.0,1.0],"evs":[0.0,2.02203]},"A6o":{"weight":0.0,"played":[0.0,1.0],"evs":[0.0,2.52481]},"72s":{"weight":0.0,"played":[0.0,1.0],"evs":[0.0,1.7334]},"73s":{"weight":0.0,"played":[0.0,1.0],"evs":[0.0,1.93777]},"74s":{"weight":0.0,"played":[0.0,1.0],"evs":[0.0,2.23293]},"75s":{"weight":0.0,"played":[0.0,1.0],"evs":[0.0,2.56461]},"76s":{"weight":0.0159,"played":[0.0,1.0],"evs":[0.0,2.92849]},"77":{"weight":0.9413,"played":[0.0,1.0],"evs":[0.0,5.45127]},"87o":{"weight":0.0,"played":[0.0,1.0],"evs":[0.0,2.38274]},"97o":{"weight":0.0,"played":[0.0,1.0],"evs":[0.0,2.16379]},"T7o":{"weight":0.0,"played":[0.0,1.0],"evs":[0.0,2.07925]},"J7o":{"weight":0.0,"played":[0.0,1.0],"evs":[0.0,1.91932]},"Q7o":{"weight":0.0,"played":[0.0,1.0],"evs":[0.0,1.83623]},"K7o":{"weight":0.0,"played":[0.0,1.0],"evs":[0.0,1.9903]},"A7o":{"weight":0.0,"played":[0.0,1.0],"evs":[0.0,2.78219]},"82s":{"weight":0.0,"played":[0.0,1.0],"evs":[0.0,1.83042]},"83s":{"weight":0.0,"played":[0.0,1.0],"evs":[0.0,1.80637]},"84s":{"weight":0.0,"played":[0.0,1.0],"evs":[0.0,2.05061]},"85s":{"weight":0.0,"played":[0.0,1.0],"evs":[0.0,2.50616]},"86s":{"weight":0.0,"played":[0.0,1.0],"evs":[0.0,2.73853]},"87s":{"weight":0.4281,"played":[0.0,1.0],"evs":[0.0,2.94815]},"88":{"weight":0.1534,"played":[0.0,1.0],"evs":[0.0,5.84767]},"98o":{"weight":0.0,"played":[0.0,1.0],"evs":[0.0,2.40853]},"T8o":{"weight":0.0,"played":[0.0,1.0],"evs":[0.0,2.32079]},"J8o":{"weight":0.0,"played":[0.0,1.0],"evs":[0.0,2.19273]},"Q8o":{"weight":0.0,"played":[0.0,1.0],"evs":[0.0,2.11787]},"K8o":{"weight":0.0,"played":[0.0,1.0],"evs":[0.0,2.07029]},"A8o":{"weight":0.0,"played":[0.0,1.0],"evs":[0.0,2.99456]},"92s":{"weight":0.0,"played":[0.0,1.0],"evs":[0.0,1.81376]},"93s":{"weight":0.0,"played":[0.0,1.0],"evs":[0.0,1.93009]},"94s":{"weight":0.0,"played":[0.0,1.0],"evs":[0.0,1.77812]},"95s":{"weight":0.0,"played":[0.0,1.0],"evs":[0.0,2.17047]},"96s":{"weight":0.0,"played":[0.0,1.0],"evs":[0.0,2.61049]},"97s":{"weight":0.0,"played":[0.0,1.0],"evs":[0.0,2.86461]},"98s":{"weight":0.9906,"played":[0.0,1.0],"evs":[0.0,3.01628]},"99":{"weight":0.0,"played":[0.0,1.0],"evs":[0.0,6.46964]},"T9o":{"weight":0.0,"played":[0.0,1.0],"evs":[0.0,2.42202]},"J9o":{"weight":0.0,"played":[0.0,1.0],"evs":[0.0,2.3335]},"Q9o":{"weight":0.0,"played":[0.0,1.0],"evs":[0.0,2.2639]},"K9o":{"weight":0.0,"played":[0.0,1.0],"evs":[0.0,2.23404]},"A9o":{"weight":0.0,"played":[0.0,1.0],"evs":[0.0,3.3622]},"T2s":{"weight":0.0,"played":[0.0,1.0],"evs":[0.0,1.88282]},"T3s":{"weight":0.0,"played":[0.0,1.0],"evs":[0.0,1.91001]},"T4s":{"weight":0.0,"played":[0.0,1.0],"evs":[0.0,2.10989]},"T5s":{"weight":0.0,"played":[0.0,1.0],"evs":[0.0,2.08984]},"T6s":{"weight":0.0,"played":[0.0,1.0],"evs":[0.0,2.41348]},"T7s":{"weight":0.0,"played":[0.0,1.0],"evs":[0.0,2.71172]},"T8s":{"weight":1.0E-4,"played":[0.0,1.0],"evs":[0.0,2.84575]},"T9s":{"weight":0.9995,"played":[0.0,1.0],"evs":[0.0,2.99851]},"TT":{"weight":1.0E-4,"played":[0.0,1.0],"evs":[0.0,7.28784]},"JTo":{"weight":0.0,"played":[0.0,1.0],"evs":[0.0,2.66617]},"QTo":{"weight":0.0,"played":[0.0,1.0],"evs":[0.0,2.66684]},"KTo":{"weight":0.0,"played":[0.0,1.0],"evs":[0.0,2.77008]},"ATo":{"weight":1.0,"played":[0.0,1.0],"evs":[0.0,4.22837]},"J2s":{"weight":0.0,"played":[0.0,1.0],"evs":[0.0,1.98513]},"J3s":{"weight":0.0,"played":[0.0,1.0],"evs":[0.0,2.03085]},"J4s":{"weight":0.0,"played":[0.0,1.0],"evs":[0.0,2.14051]},"J5s":{"weight":0.0,"played":[0.0,1.0],"evs":[0.0,2.36416]},"J6s":{"weight":0.0,"played":[0.0,1.0],"evs":[0.0,2.4056]},"J7s":{"weight":0.0,"played":[0.0,1.0],"evs":[0.0,2.56429]},"J8s":{"weight":0.0,"played":[0.0,1.0],"evs":[0.0,2.79129]},"J9s":{"weight":0.9982,"played":[0.0,1.0],"evs":[0.0,2.92897]},"JTs":{"weight":0.0947,"played":[0.0,1.0],"evs":[0.0,3.24654]},"JJ":{"weight":0.106,"played":[0.0,1.0],"evs":[0.0,7.92096]},"QJo":{"weight":0.0128,"played":[0.0,1.0],"evs":[0.0,2.73418]},"KJo":{"weight":1.0,"played":[0.0,1.0],"evs":[0.0,2.97982]},"AJo":{"weight":0.782,"played":[0.0,1.0],"evs":[0.0,4.89821]},"Q2s":{"weight":0.0,"played":[0.0,1.0],"evs":[0.0,2.08679]},"Q3s":{"weight":0.0,"played":[0.0,1.0],"evs":[0.0,2.18023]},"Q4s":{"weight":0.0,"played":[0.0,1.0],"evs":[0.0,2.24725]},"Q5s":{"weight":0.0,"played":[0.0,1.0],"evs":[0.0,2.46157]},"Q6s":{"weight":0.0,"played":[0.0,1.0],"evs":[0.0,2.50129]},"Q7s":{"weight":0.0,"played":[0.0,1.0],"evs":[0.0,2.54422]},"Q8s":{"weight":0.0,"played":[0.0,1.0],"evs":[0.0,2.84885]},"Q9s":{"weight":0.9958,"played":[0.0,1.0],"evs":[0.0,2.90654]},"QTs":{"weight":0.3792,"played":[0.0,1.0],"evs":[0.0,3.26016]},"QJs":{"weight":0.966,"played":[0.0,1.0],"evs":[0.0,3.3656]},"QQ":{"weight":1.0,"played":[0.0,1.0],"evs":[0.0,8.79082]},"KQo":{"weight":0.4389,"played":[0.0,1.0],"evs":[0.0,3.43373]},"AQo":{"weight":1.0E-4,"played":[0.0,1.0],"evs":[0.0,5.92944]},"K2s":{"weight":0.0,"played":[0.0,1.0],"evs":[0.0,2.2529]},"K3s":{"weight":0.0,"played":[0.0,1.0],"evs":[0.0,2.42404]},"K4s":{"weight":0.0,"played":[0.0,1.0],"evs":[0.0,2.38436]},"K5s":{"weight":0.0,"played":[0.0,1.0],"evs":[0.0,2.47235]},"K6s":{"weight":0.0,"played":[0.0,1.0],"evs":[0.0,2.64406]},"K7s":{"weight":0.0,"played":[0.0,1.0],"evs":[0.0,2.72693]},"K8s":{"weight":0.0,"played":[0.0,1.0],"evs":[0.0,2.72759]},"K9s":{"weight":0.7585,"played":[0.0,1.0],"evs":[0.0,2.92652]},"KTs":{"weight":0.0354,"played":[0.0,1.0],"evs":[0.0,3.18409]},"KJs":{"weight":0.4556,"played":[0.0,1.0],"evs":[0.0,3.6765]},"KQs":{"weight":0.9993,"played":[0.0,1.0],"evs":[0.0,3.95698]},"KK":{"weight":1.0,"played":[0.0,1.0],"evs":[0.0,9.87103]},"AKo":{"weight":0.0,"played":[0.0,1.0],"evs":[0.0,6.78054]},"A2s":{"weight":0.0,"played":[0.0,1.0],"evs":[0.0,2.85483]},"A3s":{"weight":4.0E-4,"played":[0.0,1.0],"evs":[0.0,3.0982]},"A4s":{"weight":0.9346,"played":[0.0,1.0],"evs":[0.0,3.05809]},"A5s":{"weight":0.337,"played":[0.0,1.0],"evs":[0.0,3.27085]},"A6s":{"weight":0.9956,"played":[0.0,1.0],"evs":[0.0,3.26111]},"A7s":{"weight":0.9991,"played":[0.0,1.0],"evs":[0.0,3.43754]},"A8s":{"weight":1.0,"played":[0.0,1.0],"evs":[0.0,3.60174]},"A9s":{"weight":1.0,"played":[0.0,1.0],"evs":[0.0,4.0456]},"ATs":{"weight":1.0,"played":[0.0,1.0],"evs":[0.0,4.82105]},"AJs":{"weight":1.0,"played":[0.0,1.0],"evs":[0.0,5.41499]},"AQs":{"weight":0.3788,"played":[0.0,1.0],"evs":[0.0,6.42576]},"AKs":{"weight":4.0E-4,"played":[0.0,1.0],"evs":[0.0,7.16199]},"AA":{"weight":1.0,"played":[0.0,1.0],"evs":[0.0,11.89131]}}}