{"player":0,"street":0,"children":3,"sequence":[{"player":0,"type":"R","amount":200000,"street":0},{"player":1,"type":"C","amount":200000,"street":0},{"player":2,"type":"F","amount":0,"street":0},{"player":3,"type":"R","amount":605000,"street":0},{"player":4,"type":"F","amount":0,"street":0},{"player":5,"type":"R","amount":1875000,"street":0}],"actions":[{"type":"F","amount":0,"node":394},{"type":"C","amount":1675000,"node":395},{"type":"R","amount":2725000,"node":397}],"hands":{"22":{"weight":0.6958,"played":[0.9516,0.0111,0.0373],"evs":[0.0,-1.04591,-1.06707]},"32o":{"weight":0.0,"played":[1.0,0.0,0.0],"evs":[0.0,-5.76329,-5.78097]},"42o":{"weight":0.0,"played":[1.0,0.0,0.0],"evs":[0.0,-5.20721,-5.16665]},"52o":{"weight":0.0,"played":[1.0,0.0,0.0],"evs":[0.0,-4.92483,-4.94491]},"62o":{"weight":0.0,"played":[1.0,0.0,0.0],"evs":[0.0,-5.17587,-5.15959]},"72o":{"weight":0.0,"played":[1.0,0.0,0.0],"evs":[0.0,-5.71986,-5.64237]},"82o":{"weight":0.0,"played":[0.9999,0.0,1.0E-4],"evs":[0.0,-5.14124,-5.06614]},"92o":{"weight":0.0,"played":[1.0,0.0,0.0],"evs":[0.0,-5.33191,-5.30718]},"T2o":{"weight":0.0,"played":[1.0,0.0,0.0],"evs":[0.0,-5.1973,-5.10113]},"J2o":{"weight":0.0,"played":[1.0,0.0,0.0],"evs":[0.0,-5.8008,-5.80666]},"Q2o":{"weight":0.0,"played":[1.0,0.0,0.0],"evs":[0.0,-5.04012,-4.98176]},"K2o":{"weight":0.0,"played":[1.0,0.0,0.0],"evs":[0.0,-4.65655,-4.74672]},"A2o":{"weight":0.0,"played":[0.9998,1.0E-4,2.0E-4],"evs":[0.0,-4.77401,-4.58109]},"32s":{"weight":0.0,"played":[0.9998,0.0,2.0E-4],"evs":[0.0,-3.31726,-3.34621]},"33":{"weight":0.9599,"played":[0.9819,0.0158,0.0023],"evs":[0.0,-0.91285,-0.9292]},"43o":{"weight":0.0,"played":[0.9999,0.0,1.0E-4],"evs":[0.0,-4.76089,-4.86764]},"53o":{"weight":0.0,"played":[1.0,0.0,0.0],"evs":[0.0,-4.41099,-4.43085]},"63o":{"weight":0.0,"played":[1.0,0.0,0.0],"evs":[0.0,-4.66419,-4.60793]},"73o":{"weight":0.0,"played":[1.0,0.0,0.0],"evs":[0.0,-5.34936,-5.36204]},"83o":{"weight":0.0,"played":[1.0,0.0,0.0],"evs":[0.0,-5.70399,-5.67173]},"93o":{"weight":0.0,"played":[0.9999,0.0,0.0],"evs":[0.0,-5.19611,-5.15872]},"T3o":{"weight":0.0,"played":[1.0,0.0,0.0],"evs":[0.0,-5.09025,-5.08621]},"J3o":{"weight":0.0,"played":[1.0,0.0,0.0],"evs":[0.0,-5.42171,-5.43482]},"Q3o":{"weight":0.0,"played":[1.0,0.0,0.0],"evs":[0.0,-5.50998,-5.54548]},"K3o":{"weight":0.0,"played":[1.0,0.0,0.0],"evs":[0.0,-4.14118,-4.20013]},"A3o":{"weight":0.0,"played":[0.9999,1.0E-4,1.0E-4],"evs":[0.0,-3.9699,-3.81735]},"42s":{"weight":0.0,"played":[0.9986,1.0E-4,0.0013],"evs":[0.0,-2.88387,-2.96104]},"43s":{"weight":0.0,"played":[0.9977,8.0E-4,0.0015],"evs":[0.0,-2.50803,-2.55052]},"44":{"weight":0.9292,"played":[0.9496,0.0287,0.0217],"evs":[0.0,-0.83273,-0.8798]},"54o":{"weight":0.0,"played":[1.0,0.0,0.0],"evs":[0.0,-3.48686,-3.48216]},"64o":{"weight":0.0,"played":[1.0,0.0,0.0],"evs":[0.0,-3.95457,-3.95771]},"74o":{"weight":0.0,"played":[0.9999,0.0,1.0E-4],"evs":[0.0,-4.53945,-4.55861]},"84o":{"weight":0.0,"played":[1.0,0.0,0.0],"evs":[0.0,-4.83244,-4.83169]},"94o":{"weight":0.0,"played":[1.0,0.0,0.0],"evs":[0.0,-5.27782,-5.197]},"T4o":{"weight":0.0,"played":[1.0,0.0,0.0],"evs":[0.0,-4.58211,-4.60472]},"J4o":{"weight":0.0,"played":[1.0,0.0,0.0],"evs":[0.0,-4.72641,-4.75144]},"Q4o":{"weight":0.0,"played":[0.9999,0.0,1.0E-4],"evs":[0.0,-5.13497,-5.09278]},"K4o":{"weight":0.0,"played":[1.0,0.0,0.0],"evs":[0.0,-4.11016,-4.21867]},"A4o":{"weight":0.0,"played":[0.9999,0.0,0.0],"evs":[0.0,-3.60566,-3.51216]},"52s":{"weight":0.0,"played":[1.0,0.0,0.0],"evs":[0.0,-3.4387,-3.29945]},"53s":{"weight":0.0,"played":[0.9999,1.0E-4,1.0E-4],"evs":[0.0,-2.17177,-2.27276]},"54s":{"weight":0.0,"played":[1.0,0.0,0.0],"evs":[0.0,-0.9603,-0.89308]},"55":{"weight":0.986,"played":[0.0246,0.012,0.9635],"evs":[0.0,0.51206,0.58173]},"65o":{"weight":0.0,"played":[0.9982,5.0E-4,0.0013],"evs":[0.0,-2.22054,-2.3136]},"75o":{"weight":0.0,"played":[1.0,0.0,0.0],"evs":[0.0,-3.07519,-3.06411]},"85o":{"weight":0.0,"played":[1.0,0.0,0.0],"evs":[0.0,-3.83948,-3.79848]},"95o":{"weight":0.0,"played":[1.0,0.0,0.0],"evs":[0.0,-4.62941,-4.59074]},"T5o":{"weight":0.0,"played":[1.0,0.0,0.0],"evs":[0.0,-4.96181,-4.89993]},"J5o":{"weight":0.0,"played":[1.0,0.0,0.0],"evs":[0.0,-5.25228,-5.30197]},"Q5o":{"weight":0.0,"played":[0.9999,0.0,1.0E-4],"evs":[0.0,-4.80583,-4.7292]},"K5o":{"weight":0.0,"played":[0.9999,0.0,1.0E-4],"evs":[0.0,-4.38319,-4.40142]},"A5o":{"weight":1.0,"played":[0.9998,0.0,1.0E-4],"evs":[0.0,-3.9082,-3.71241]},"62s":{"weight":0.0,"played":[0.9931,0.003,0.0039],"evs":[0.0,-3.00883,-2.94059]},"63s":{"weight":0.0,"played":[0.9996,2.0E-4,2.0E-4],"evs":[0.0,-2.21394,-2.24225]},"64s":{"weight":0.0,"played":[0.9946,0.0035,0.0019],"evs":[0.0,-1.89631,-1.82772]},"65s":{"weight":0.0,"played":[0.9966,9.0E-4,0.0025],"evs":[0.0,-0.88854,-0.93708]},"66":{"weight":0.7522,"played":[0.0,0.7055,0.2945],"evs":[0.0,2.04714,2.00089]},"76o":{"weight":0.0,"played":[0.9963,0.0032,5.0E-4],"evs":[0.0,-2.32023,-2.3276]},"86o":{"weight":0.0,"played":[0.9995,0.0,5.0E-4],"evs":[0.0,-2.99766,-2.97041]},"96o":{"weight":0.0,"played":[0.9999,0.0,0.0],"evs":[0.0,-3.68334,-3.67688]},"T6o":{"weight":0.0,"played":[0.9999,0.0,0.0],"evs":[0.0,-4.34692,-4.32633]},"J6o":{"weight":0.0,"played":[0.9998,2.0E-4,1.0E-4],"evs":[0.0,-4.4855,-4.37878]},"Q6o":{"weight":0.0,"played":[1.0,0.0,0.0],"evs":[0.0,-4.07469,-4.17729]},"K6o":{"weight":0.0,"played":[0.9997,1.0E-4,2.0E-4],"evs":[0.0,-3.68907,-3.62545]},"A6o":{"weight":3.0E-4,"played":[0.9999,0.0,1.0E-4],"evs":[0.0,-3.98489,-3.82852]},"72s":{"weight":0.0,"played":[0.9999,0.0,0.0],"evs":[0.0,-4.19535,-4.14903]},"73s":{"weight":0.0,"played":[0.9962,0.0014,0.0025],"evs":[0.0,-3.2793,-3.19242]},"74s":{"weight":0.0,"played":[0.9741,0.002,0.0238],"evs":[0.0,-1.43448,-1.24095]},"75s":{"weight":0.0,"played":[0.9331,0.0302,0.0367],"evs":[0.0,-1.26231,-1.27342]},"76s":{"weight":0.8966,"played":[0.4277,0.2428,0.3295],"evs":[0.0,-0.25782,-0.30034]},"77":{"weight":0.839,"played":[0.0,0.0625,0.9375],"evs":[0.0,3.41493,3.48876]},"87o":{"weight":0.0,"played":[1.0,0.0,0.0],"evs":[0.0,-1.90695,-1.90041]},"97o":{"weight":0.0,"played":[0.9999,0.0,1.0E-4],"evs":[0.0,-1.70093,-1.68591]},"T7o":{"weight":0.0,"played":[1.0,0.0,0.0],"evs":[0.0,-3.01554,-2.85708]},"J7o":{"weight":0.0,"played":[1.0,0.0,0.0],"evs":[0.0,-3.4018,-3.43148]},"Q7o":{"weight":0.0,"played":[1.0,0.0,0.0],"evs":[0.0,-4.36596,-4.32686]},"K7o":{"weight":0.0,"played":[0.9997,0.0,3.0E-4],"evs":[0.0,-3.78878,-3.8019]},"A7o":{"weight":1.0,"played":[0.9999,0.0,0.0],"evs":[0.0,-3.31796,-3.21853]},"82s":{"weight":0.0,"played":[0.9997,1.0E-4,3.0E-4],"evs":[0.0,-3.13889,-3.17722]},"83s":{"weight":0.0,"played":[0.9999,0.0,1.0E-4],"evs":[0.0,-2.84849,-2.89165]},"84s":{"weight":0.0,"played":[0.9404,0.0162,0.0434],"evs":[0.0,-2.04264,-2.08679]},"85s":{"weight":0.0,"played":[0.9639,0.0043,0.0318],"evs":[0.0,-2.22479,-2.18776]},"86s":{"weight":0.0,"played":[0.9781,0.0173,0.0046],"evs":[0.0,-0.69195,-0.84079]},"87s":{"weight":0.9998,"played":[0.4321,0.0294,0.5385],"evs":[0.0,0.24939,0.38568]},"88":{"weight":0.9982,"played":[0.0,0.878,0.122],"evs":[0.0,5.36303,5.28689]},"98o":{"weight":0.0,"played":[0.9997,2.0E-4,1.0E-4],"evs":[0.0,-1.35725,-1.32289]},"T8o":{"weight":0.0,"played":[0.9991,9.0E-4,0.0],"evs":[0.0,-2.30957,-2.17607]},"J8o":{"weight":0.0,"played":[1.0,0.0,0.0],"evs":[0.0,-2.49353,-2.40366]},"Q8o":{"weight":0.0,"played":[0.9998,1.0E-4,2.0E-4],"evs":[0.0,-2.78632,-2.78311]},"K8o":{"weight":0.0,"played":[0.9999,1.0E-4,1.0E-4],"evs":[0.0,-3.03357,-3.04409]},"A8o":{"weight":1.0,"played":[0.9995,3.0E-4,2.0E-4],"evs":[0.0,-3.02241,-2.91636]},"92s":{"weight":0.0,"played":[0.9988,8.0E-4,4.0E-4],"evs":[0.0,-2.924,-2.89924]},"93s":{"weight":0.0,"played":[0.9988,3.0E-4,9.0E-4],"evs":[0.0,-2.9115,-3.00857]},"94s":{"weight":0.0,"played":[0.9999,0.0,1.0E-4],"evs":[0.0,-2.65627,-2.62587]},"95s":{"weight":0.0,"played":[0.9983,6.0E-4,0.0011],"evs":[0.0,-2.68909,-2.57258]},"96s":{"weight":0.0,"played":[0.9901,0.0022,0.0076],"evs":[0.0,-1.40304,-1.31989]},"97s":{"weight":0.2425,"played":[0.8326,0.0645,0.1029],"evs":[0.0,-0.78578,-0.68895]},"98s":{"weight":1.0,"played":[1.0E-4,0.366,0.6339],"evs":[0.0,0.52832,0.47689]},"99":{"weight":0.9999,"played":[0.0,0.719,0.281],"evs":[0.0,6.44701,6.39611]},"T9o":{"weight":0.0,"played":[0.995,0.0034,0.0016],"evs":[0.0,-1.72085,-1.69829]},"J9o":{"weight":0.0,"played":[0.9999,1.0E-4,0.0],"evs":[0.0,-1.88225,-1.91718]},"Q9o":{"weight":0.0,"played":[0.9993,4.0E-4,3.0E-4],"evs":[0.0,-2.40585,-2.38469]},"K9o":{"weight":0.0,"played":[0.9985,3.0E-4,0.0012],"evs":[0.0,-2.05261,-2.08117]},"A9o":{"weight":1.0,"played":[0.9989,4.0E-4,7.0E-4],"evs":[0.0,-2.54616,-2.38421]},"T2s":{"weight":0.0,"played":[0.9997,1.0E-4,2.0E-4],"evs":[0.0,-3.01659,-3.07262]},"T3s":{"weight":0.0,"played":[0.9993,3.0E-4,4.0E-4],"evs":[0.0,-2.90197,-2.87734]},"T4s":{"weight":0.0,"played":[0.9995,5.0E-4,1.0E-4],"evs":[0.0,-2.85126,-2.84948]},"T5s":{"weight":0.0,"played":[0.9933,0.0032,0.0034],"evs":[0.0,-2.80525,-2.5316]},"T6s":{"weight":0.0,"played":[0.9988,1.0E-4,0.0011],"evs":[0.0,-1.94425,-1.86605]},"T7s":{"weight":0.0,"played":[0.9887,0.0051,0.0063],"evs":[0.0,-1.34889,-1.29275]},"T8s":{"weight":0.9999,"played":[0.271,0.3259,0.4031],"evs":[0.0,-0.01766,9.0E-4]},"T9s":{"weight":0.9992,"played":[2.0E-4,0.7883,0.2114],"evs":[0.0,1.00362,0.90714]},"TT":{"weight":1.0,"played":[0.0,0.6849,0.3151],"evs":[0.0,9.28227,9.28875]},"JTo":{"weight":0.9998,"played":[0.9982,4.0E-4,0.0014],"evs":[0.0,-1.25221,-1.10843]},"QTo":{"weight":1.0,"played":[0.9972,0.001,0.0018],"evs":[0.0,-1.11369,-1.0577]},"KTo":{"weight":0.9999,"played":[0.9899,0.0057,0.0044],"evs":[0.0,-0.90479,-0.8859]},"ATo":{"weight":0.9995,"played":[0.9997,1.0E-4,1.0E-4],"evs":[0.0,-1.06744,-1.01223]},"J2s":{"weight":0.0,"played":[0.9998,1.0E-4,1.0E-4],"evs":[0.0,-3.01733,-2.87202]},"J3s":{"weight":0.0,"played":[1.0,0.0,0.0],"evs":[0.0,-3.00448,-3.07817]},"J4s":{"weight":0.0,"played":[0.9979,4.0E-4,0.0017],"evs":[0.0,-3.07353,-2.98222]},"J5s":{"weight":0.0,"played":[0.9999,0.0,1.0E-4],"evs":[0.0,-2.54008,-2.64073]},"J6s":{"weight":0.0,"played":[0.9983,7.0E-4,0.0011],"evs":[0.0,-2.6246,-2.67651]},"J7s":{"weight":0.0,"played":[0.9953,0.0032,0.0015],"evs":[0.0,-1.3296,-1.36209]},"J8s":{"weight":0.9993,"played":[0.7399,0.1102,0.1499],"evs":[0.0,-0.63103,-0.53012]},"J9s":{"weight":0.8909,"played":[0.8555,0.0723,0.0722],"evs":[0.0,-0.4147,-0.44621]},"JTs":{"weight":0.8441,"played":[0.0412,0.3385,0.6203],"evs":[0.0,0.65537,0.71547]},"JJ":{"weight":1.0,"played":[0.0,0.4569,0.5431],"evs":[0.0,10.69229,10.75039]},"QJo":{"weight":1.0,"played":[0.9986,5.0E-4,9.0E-4],"evs":[0.0,-1.79977,-1.86842]},"KJo":{"weight":0.9919,"played":[0.9985,3.0E-4,0.0012],"evs":[0.0,-0.98283,-1.02624]},"AJo":{"weight":0.8669,"played":[0.3279,0.3361,0.336],"evs":[0.0,0.06133,0.03357]},"Q2s":{"weight":0.0,"played":[1.0,0.0,0.0],"evs":[0.0,-2.21974,-2.38077]},"Q3s":{"weight":0.0,"played":[1.0,0.0,0.0],"evs":[0.0,-2.28307,-2.28121]},"Q4s":{"weight":0.0,"played":[0.9998,0.0,2.0E-4],"evs":[0.0,-2.47833,-2.38441]},"Q5s":{"weight":0.0,"played":[0.9998,1.0E-4,1.0E-4],"evs":[0.0,-1.91789,-1.83026]},"Q6s":{"weight":0.0,"played":[0.9754,0.0204,0.0042],"evs":[0.0,-2.82677,-3.01386]},"Q7s":{"weight":0.0,"played":[0.9979,0.002,1.0E-4],"evs":[0.0,-1.25782,-1.33396]},"Q8s":{"weight":0.9998,"played":[0.9926,0.0032,0.0042],"evs":[0.0,-1.03555,-0.99339]},"Q9s":{"weight":0.9999,"played":[0.9214,0.0333,0.0452],"evs":[0.0,-0.73622,-0.65636]},"QTs":{"weight":0.9988,"played":[0.0,0.8092,0.1908],"evs":[0.0,0.61334,0.65512]},"QJs":{"weight":0.9977,"played":[0.0261,0.2137,0.7602],"evs":[0.0,0.57814,0.60999]},"QQ":{"weight":1.0,"played":[0.0,0.9381,0.0619],"evs":[0.0,15.15906,15.04298]},"KQo":{"weight":0.9491,"played":[0.0153,0.9601,0.0246],"evs":[0.0,0.49958,0.46439]},"AQo":{"weight":0.9015,"played":[0.0,0.0675,0.9325],"evs":[0.0,3.38622,3.39141]},"K2s":{"weight":0.0,"played":[0.9985,4.0E-4,0.0011],"evs":[0.0,-2.99736,-3.05391]},"K3s":{"weight":0.0,"played":[0.9994,2.0E-4,4.0E-4],"evs":[0.0,-2.73734,-2.78245]},"K4s":{"weight":0.0,"played":[0.9984,0.0,0.0016],"evs":[0.0,-1.52703,-1.67424]},"K5s":{"weight":0.765,"played":[0.9897,0.0022,0.008],"evs":[0.0,-1.60122,-1.60211]},"K6s":{"weight":1.0,"played":[0.9724,0.0224,0.0052],"evs":[0.0,-1.01644,-1.08356]},"K7s":{"weight":1.0,"played":[1.0,0.0,0.0],"evs":[0.0,-1.34784,-1.41504]},"K8s":{"weight":1.0,"played":[0.996,9.0E-4,0.0031],"evs":[0.0,-0.90682,-1.00011]},"K9s":{"weight":0.999,"played":[0.4119,0.36,0.2281],"evs":[0.0,0.05571,0.09098]},"KTs":{"weight":0.7429,"played":[0.0045,0.6394,0.3561],"evs":[0.0,0.70615,0.69917]},"KJs":{"weight":0.9998,"played":[2.0E-4,0.6555,0.3443],"evs":[0.0,0.73467,0.69144]},"KQs":{"weight":1.0,"played":[0.0,0.7001,0.2999],"evs":[0.0,2.60261,2.59325]},"KK":{"weight":1.0,"played":[0.0,0.06,0.94],"evs":[0.0,21.48716,21.56506]},"AKo":{"weight":1.0,"played":[0.0,0.2571,0.7429],"evs":[0.0,5.97206,6.01762]},"A2s":{"weight":0.9993,"played":[0.9998,1.0E-4,0.0],"evs":[0.0,-1.80909,-1.76191]},"A3s":{"weight":0.9983,"played":[0.9511,0.0039,0.045],"evs":[0.0,-1.40878,-1.20115]},"A4s":{"weight":0.9692,"played":[0.9937,0.0028,0.0036],"evs":[0.0,-1.70383,-1.67207]},"A5s":{"weight":0.7218,"played":[0.7824,0.0774,0.1402],"evs":[0.0,-1.51486,-1.50444]},"A6s":{"weight":0.993,"played":[0.9998,1.0E-4,1.0E-4],"evs":[0.0,-1.85061,-1.79901]},"A7s":{"weight":0.9999,"played":[0.8154,0.0679,0.1167],"evs":[0.0,-0.38605,-0.28561]},"A8s":{"weight":1.0,"played":[0.8743,0.0161,0.1096],"evs":[0.0,-0.26932,-0.16707]},"A9s":{"weight":1.0,"played":[0.2933,0.078,0.6287],"evs":[0.0,0.37164,0.62217]},"ATs":{"weight":1.0,"played":[0.0014,0.0541,0.9445],"evs":[0.0,1.85773,2.04544]},"AJs":{"weight":1.0,"played":[0.0,0.3253,0.6747],"evs":[0.0,1.82161,1.79862]},"AQs":{"weight":1.0,"played":[0.0,0.2924,0.7076],"evs":[0.0,5.26519,5.3362]},"AKs":{"weight":1.0,"played":[0.0,0.791,0.2089],"evs":[0.0,7.439,7.29491]},"AA":{"weight":1.0,"played":[0.0,0.0173,0.9827],"evs":[0.0,27.66039,27.84625]}}}