{"player":4,"street":0,"children":2,"sequence":[{"player":0,"type":"F","amount":0,"street":0},{"player":1,"type":"F","amount":0,"street":0},{"player":2,"type":"R","amount":200000,"street":0},{"player":3,"type":"C","amount":200000,"street":0},{"player":4,"type":"C","amount":150000,"street":0},{"player":5,"type":"R","amount":1245000,"street":0},{"player":2,"type":"C","amount":995000,"street":0},{"player":3,"type":"C","amount":405000,"street":0}],"actions":[{"type":"F","amount":0},{"type":"C","amount":1045000}],"hands":{"22":{"weight":0.2168,"played":[0.3732,0.6268],"evs":[0.0,4.64064]},"32o":{"weight":0.0046,"played":[0.9974,0.0026],"evs":[0.0,-5.57139]},"42o":{"weight":2.0E-4,"played":[0.9926,0.0074],"evs":[0.0,-2.00239]},"52o":{"weight":0.0014,"played":[0.6254,0.3746],"evs":[0.0,-1.79169]},"62o":{"weight":2.0E-4,"played":[0.9398,0.0602],"evs":[0.0,-3.54108]},"72o":{"weight":8.0E-4,"played":[0.9974,0.0026],"evs":[0.0,-1.94922]},"82o":{"weight":1.0E-4,"played":[0.9705,0.0295],"evs":[0.0,-1.70084]},"92o":{"weight":0.0,"played":[0.992,0.008],"evs":[0.0,-4.52821]},"T2o":{"weight":0.0158,"played":[0.8618,0.1382],"evs":[0.0,-2.26597]},"J2o":{"weight":0.0053,"played":[0.9504,0.0496],"evs":[0.0,-1.98587]},"Q2o":{"weight":2.0E-4,"played":[0.9933,0.0067],"evs":[0.0,-1.58697]},"K2o":{"weight":0.0058,"played":[0.9993,7.0E-4],"evs":[0.0,-0.8059]},"A2o":{"weight":0.3708,"played":[0.0027,0.9973],"evs":[0.0,0.80465]},"32s":{"weight":0.0095,"played":[0.3239,0.6761],"evs":[0.0,3.43116]},"33":{"weight":0.0638,"played":[0.6112,0.3888],"evs":[0.0,-0.60454]},"43o":{"weight":0.0028,"played":[0.6665,0.3335],"evs":[0.0,-1.64444]},"53o":{"weight":0.0045,"played":[0.989,0.011],"evs":[0.0,-2.02442]},"63o":{"weight":0.0029,"played":[0.9403,0.0597],"evs":[0.0,-2.76576]},"73o":{"weight":2.0E-4,"played":[0.989,0.011],"evs":[0.0,-2.88321]},"83o":{"weight":0.0034,"played":[0.998,0.002],"evs":[0.0,-1.52317]},"93o":{"weight":0.0,"played":[0.9738,0.0262],"evs":[0.0,-4.62647]},"T3o":{"weight":0.0,"played":[0.9998,2.0E-4],"evs":[0.0,-6.6412]},"J3o":{"weight":9.0E-4,"played":[0.9557,0.0443],"evs":[0.0,-4.38628]},"Q3o":{"weight":0.0,"played":[0.4936,0.5064],"evs":[0.0,-0.89187]},"K3o":{"weight":0.0019,"played":[0.9477,0.0523],"evs":[0.0,-1.31156]},"A3o":{"weight":0.0066,"played":[0.9049,0.0951],"evs":[0.0,-0.18973]},"42s":{"weight":1.0E-4,"played":[0.8116,0.1884],"evs":[0.0,-1.20332]},"43s":{"weight":6.0E-4,"played":[0.8867,0.1133],"evs":[0.0,-2.69456]},"44":{"weight":0.1565,"played":[0.4259,0.5741],"evs":[0.0,-2.76942]},"54o":{"weight":0.003,"played":[0.8416,0.1584],"evs":[0.0,-1.68432]},"64o":{"weight":2.0E-4,"played":[0.8484,0.1516],"evs":[0.0,-1.96822]},"74o":{"weight":1.0E-4,"played":[0.999,0.001],"evs":[0.0,-1.8985]},"84o":{"weight":0.0016,"played":[0.9412,0.0588],"evs":[0.0,-3.16982]},"94o":{"weight":8.0E-4,"played":[0.9874,0.0126],"evs":[0.0,-4.68602]},"T4o":{"weight":0.0103,"played":[0.7824,0.2176],"evs":[0.0,-0.6362]},"J4o":{"weight":0.0027,"played":[0.7551,0.2449],"evs":[0.0,-1.45587]},"Q4o":{"weight":0.0011,"played":[0.6406,0.3594],"evs":[0.0,-2.01053]},"K4o":{"weight":7.0E-4,"played":[0.5214,0.4786],"evs":[0.0,-0.27502]},"A4o":{"weight":0.0022,"played":[0.9709,0.0291],"evs":[0.0,-2.00094]},"52s":{"weight":3.0E-4,"played":[0.5767,0.4233],"evs":[0.0,3.05369]},"53s":{"weight":0.0535,"played":[0.6177,0.3823],"evs":[0.0,-2.20909]},"54s":{"weight":3.0E-4,"played":[0.9016,0.0984],"evs":[0.0,-4.41721]},"55":{"weight":0.1825,"played":[0.4928,0.5072],"evs":[0.0,1.13662]},"65o":{"weight":0.0051,"played":[0.992,0.008],"evs":[0.0,-1.21319]},"75o":{"weight":0.0097,"played":[0.3879,0.6121],"evs":[0.0,-0.05398]},"85o":{"weight":0.0087,"played":[0.9895,0.0105],"evs":[0.0,-3.04196]},"95o":{"weight":5.0E-4,"played":[0.8807,0.1193],"evs":[0.0,-1.6373]},"T5o":{"weight":0.0065,"played":[0.8142,0.1858],"evs":[0.0,-1.609]},"J5o":{"weight":0.0064,"played":[0.9945,0.0055],"evs":[0.0,-2.05961]},"Q5o":{"weight":0.0083,"played":[0.8096,0.1904],"evs":[0.0,-1.96899]},"K5o":{"weight":0.002,"played":[0.5007,0.4993],"evs":[0.0,0.48503]},"A5o":{"weight":0.0136,"played":[0.3579,0.6421],"evs":[0.0,-0.61619]},"62s":{"weight":0.002,"played":[0.7971,0.2029],"evs":[0.0,-4.31237]},"63s":{"weight":5.0E-4,"played":[0.1957,0.8043],"evs":[0.0,5.76908]},"64s":{"weight":0.0059,"played":[0.9009,0.0991],"evs":[0.0,-4.19809]},"65s":{"weight":0.3145,"played":[0.5516,0.4484],"evs":[0.0,-0.88247]},"66":{"weight":0.0368,"played":[0.0397,0.9603],"evs":[0.0,3.50643]},"76o":{"weight":0.0026,"played":[0.6336,0.3664],"evs":[0.0,-0.80976]},"86o":{"weight":2.0E-4,"played":[0.9778,0.0222],"evs":[0.0,-2.82167]},"96o":{"weight":0.0019,"played":[0.8384,0.1616],"evs":[0.0,-2.94813]},"T6o":{"weight":0.0,"played":[0.995,0.005],"evs":[0.0,-3.46149]},"J6o":{"weight":2.0E-4,"played":[0.9932,0.0068],"evs":[0.0,-1.10031]},"Q6o":{"weight":6.0E-4,"played":[0.992,0.008],"evs":[0.0,-1.50725]},"K6o":{"weight":0.2857,"played":[0.008,0.992],"evs":[0.0,1.58633]},"A6o":{"weight":0.0553,"played":[0.9464,0.0536],"evs":[0.0,-0.80222]},"72s":{"weight":7.0E-4,"played":[0.5552,0.4448],"evs":[0.0,1.94952]},"73s":{"weight":0.2522,"played":[0.0499,0.9501],"evs":[0.0,-0.21309]},"74s":{"weight":0.0402,"played":[0.7732,0.2268],"evs":[0.0,-0.59387]},"75s":{"weight":0.023,"played":[0.299,0.701],"evs":[0.0,2.77486]},"76s":{"weight":0.0817,"played":[0.9391,0.0609],"evs":[0.0,-4.35626]},"77":{"weight":0.0172,"played":[0.1455,0.8545],"evs":[0.0,1.05291]},"87o":{"weight":0.0017,"played":[0.6332,0.3668],"evs":[0.0,-0.65256]},"97o":{"weight":0.0015,"played":[0.9954,0.0046],"evs":[0.0,-2.37892]},"T7o":{"weight":0.001,"played":[0.5246,0.4754],"evs":[0.0,-0.91652]},"J7o":{"weight":0.0101,"played":[0.8689,0.1311],"evs":[0.0,-2.71581]},"Q7o":{"weight":0.0045,"played":[0.9844,0.0156],"evs":[0.0,-1.93193]},"K7o":{"weight":0.0024,"played":[0.8864,0.1136],"evs":[0.0,-0.31826]},"A7o":{"weight":0.0032,"played":[0.1754,0.8246],"evs":[0.0,0.60936]},"82s":{"weight":0.295,"played":[0.0025,0.9975],"evs":[0.0,1.69002]},"83s":{"weight":0.0057,"played":[0.9477,0.0523],"evs":[0.0,-4.66247]},"84s":{"weight":0.0035,"played":[0.9945,0.0055],"evs":[0.0,-5.19509]},"85s":{"weight":0.0163,"played":[0.7583,0.2417],"evs":[0.0,-4.19412]},"86s":{"weight":0.0243,"played":[0.9938,0.0062],"evs":[0.0,-2.09222]},"87s":{"weight":0.3059,"played":[0.7663,0.2337],"evs":[0.0,-2.78188]},"88":{"weight":1.0E-4,"played":[0.0015,0.9985],"evs":[0.0,3.97536]},"98o":{"weight":0.0073,"played":[0.8187,0.1813],"evs":[0.0,-0.30888]},"T8o":{"weight":0.0054,"played":[0.6636,0.3364],"evs":[0.0,0.43181]},"J8o":{"weight":0.0173,"played":[0.5849,0.4151],"evs":[0.0,-1.12063]},"Q8o":{"weight":0.0192,"played":[0.4703,0.5297],"evs":[0.0,2.15929]},"K8o":{"weight":0.1769,"played":[0.0151,0.9849],"evs":[0.0,2.01845]},"A8o":{"weight":0.0696,"played":[0.4943,0.5057],"evs":[0.0,-1.73173]},"92s":{"weight":0.0132,"played":[0.9724,0.0276],"evs":[0.0,-3.23033]},"93s":{"weight":0.0117,"played":[0.7343,0.2657],"evs":[0.0,-0.23071]},"94s":{"weight":0.1097,"played":[0.0571,0.9429],"evs":[0.0,0.40611]},"95s":{"weight":0.0131,"played":[0.8731,0.1269],"evs":[0.0,0.22145]},"96s":{"weight":0.0116,"played":[0.5566,0.4434],"evs":[0.0,0.38483]},"97s":{"weight":0.121,"played":[0.5096,0.4904],"evs":[0.0,2.16402]},"98s":{"weight":0.192,"played":[0.8605,0.1395],"evs":[0.0,-3.80353]},"99":{"weight":0.0116,"played":[0.2723,0.7277],"evs":[0.0,1.20627]},"T9o":{"weight":0.0276,"played":[0.1766,0.8234],"evs":[0.0,0.82656]},"J9o":{"weight":0.0273,"played":[0.7498,0.2502],"evs":[0.0,-1.03677]},"Q9o":{"weight":0.0029,"played":[0.4613,0.5387],"evs":[0.0,1.89209]},"K9o":{"weight":0.0134,"played":[0.625,0.375],"evs":[0.0,1.03625]},"A9o":{"weight":0.9319,"played":[0.013,0.987],"evs":[0.0,3.11425]},"T2s":{"weight":1.0E-4,"played":[0.9642,0.0358],"evs":[0.0,-1.33638]},"T3s":{"weight":0.0393,"played":[0.7336,0.2664],"evs":[0.0,-1.16588]},"T4s":{"weight":0.0786,"played":[0.7498,0.2502],"evs":[0.0,-0.68985]},"T5s":{"weight":0.1055,"played":[0.7655,0.2345],"evs":[0.0,-3.24663]},"T6s":{"weight":0.0067,"played":[0.7553,0.2447],"evs":[0.0,-1.36862]},"T7s":{"weight":0.0,"played":[0.4219,0.5781],"evs":[0.0,0.74885]},"T8s":{"weight":0.6194,"played":[0.0988,0.9012],"evs":[0.0,5.16919]},"T9s":{"weight":0.1048,"played":[0.8047,0.1953],"evs":[0.0,0.2579]},"TT":{"weight":0.0018,"played":[0.0995,0.9005],"evs":[0.0,11.1741]},"JTo":{"weight":0.1667,"played":[0.3475,0.6525],"evs":[0.0,0.60843]},"QTo":{"weight":0.3356,"played":[0.7513,0.2487],"evs":[0.0,0.10439]},"KTo":{"weight":0.8245,"played":[0.0168,0.9832],"evs":[0.0,2.77087]},"ATo":{"weight":0.0018,"played":[0.5757,0.4243],"evs":[0.0,-1.49654]},"J2s":{"weight":0.2193,"played":[0.2252,0.7748],"evs":[0.0,-0.9529]},"J3s":{"weight":0.0061,"played":[0.9578,0.0422],"evs":[0.0,-3.4824]},"J4s":{"weight":0.1127,"played":[0.5723,0.4277],"evs":[0.0,-2.15516]},"J5s":{"weight":0.056,"played":[0.5684,0.4316],"evs":[0.0,-0.97484]},"J6s":{"weight":0.3325,"played":[0.0702,0.9298],"evs":[0.0,0.50896]},"J7s":{"weight":0.1027,"played":[0.4015,0.5985],"evs":[0.0,0.0674]},"J8s":{"weight":0.836,"played":[0.9804,0.0196],"evs":[0.0,-1.50927]},"J9s":{"weight":0.3603,"played":[0.1696,0.8304],"evs":[0.0,1.52199]},"JTs":{"weight":0.3331,"played":[0.0933,0.9067],"evs":[0.0,2.52846]},"JJ":{"weight":3.0E-4,"played":[0.0088,0.9912],"evs":[0.0,7.41759]},"QJo":{"weight":0.5643,"played":[0.0105,0.9895],"evs":[0.0,1.70222]},"KJo":{"weight":0.0721,"played":[0.0292,0.9708],"evs":[0.0,3.36065]},"AJo":{"weight":0.0012,"played":[0.1072,0.8928],"evs":[0.0,4.69664]},"Q2s":{"weight":7.0E-4,"played":[0.581,0.419],"evs":[0.0,-0.83866]},"Q3s":{"weight":0.0,"played":[0.6559,0.3441],"evs":[0.0,0.26673]},"Q4s":{"weight":0.0048,"played":[0.821,0.179],"evs":[0.0,-2.08937]},"Q5s":{"weight":0.063,"played":[0.9109,0.0891],"evs":[0.0,-5.60215]},"Q6s":{"weight":0.1081,"played":[0.5092,0.4908],"evs":[0.0,-0.66857]},"Q7s":{"weight":0.24,"played":[0.0822,0.9178],"evs":[0.0,2.32815]},"Q8s":{"weight":0.0904,"played":[0.9876,0.0124],"evs":[0.0,-3.79241]},"Q9s":{"weight":0.0031,"played":[0.4423,0.5577],"evs":[0.0,-0.1989]},"QTs":{"weight":0.1289,"played":[0.3196,0.6804],"evs":[0.0,1.42593]},"QJs":{"weight":0.0546,"played":[0.0107,0.9893],"evs":[0.0,2.3951]},"QQ":{"weight":0.0028,"played":[1.0E-4,0.9999],"evs":[0.0,16.65847]},"KQo":{"weight":0.2293,"played":[0.0024,0.9976],"evs":[0.0,2.39497]},"AQo":{"weight":3.0E-4,"played":[0.0192,0.9808],"evs":[0.0,6.71677]},"K2s":{"weight":0.0822,"played":[0.9947,0.0053],"evs":[0.0,-1.74391]},"K3s":{"weight":0.0017,"played":[0.1268,0.8732],"evs":[0.0,2.34583]},"K4s":{"weight":0.2589,"played":[0.4162,0.5838],"evs":[0.0,0.64716]},"K5s":{"weight":0.1242,"played":[0.0057,0.9943],"evs":[0.0,5.69387]},"K6s":{"weight":0.3143,"played":[0.2169,0.7831],"evs":[0.0,0.71771]},"K7s":{"weight":0.2103,"played":[0.022,0.978],"evs":[0.0,5.31535]},"K8s":{"weight":0.0,"played":[0.2735,0.7265],"evs":[0.0,2.1054]},"K9s":{"weight":0.1855,"played":[0.0053,0.9947],"evs":[0.0,7.00139]},"KTs":{"weight":0.129,"played":[0.2011,0.7989],"evs":[0.0,0.82105]},"KJs":{"weight":0.001,"played":[0.499,0.501],"evs":[0.0,0.65318]},"KQs":{"weight":0.0,"played":[0.0548,0.9452],"evs":[0.0,3.78506]},"KK":{"weight":0.0,"played":[0.0,1.0],"evs":[0.0,12.39299]},"AKo":{"weight":6.0E-4,"played":[0.0073,0.9927],"evs":[0.0,8.08437]},"A2s":{"weight":0.5228,"played":[0.1041,0.8959],"evs":[0.0,7.42535]},"A3s":{"weight":0.0611,"played":[0.0024,0.9976],"evs":[0.0,5.41374]},"A4s":{"weight":0.1959,"played":[0.4681,0.5319],"evs":[0.0,1.50132]},"A5s":{"weight":0.0265,"played":[0.4299,0.5701],"evs":[0.0,-0.88849]},"A6s":{"weight":0.2376,"played":[0.0271,0.9729],"evs":[0.0,6.02245]},"A7s":{"weight":0.0256,"played":[0.9717,0.0283],"evs":[0.0,-2.75447]},"A8s":{"weight":0.0363,"played":[0.0289,0.9711],"evs":[0.0,0.11661]},"A9s":{"weight":0.2074,"played":[0.0384,0.9616],"evs":[0.0,3.18442]},"ATs":{"weight":0.0284,"played":[0.0049,0.9951],"evs":[0.0,5.0027]},"AJs":{"weight":0.008,"played":[0.1594,0.8406],"evs":[0.0,12.86464]},"AQs":{"weight":4.0E-4,"played":[0.2269,0.7731],"evs":[0.0,0.38864]},"AKs":{"weight":0.0015,"played":[0.0937,0.9063],"evs":[0.0,10.26823]},"AA":{"weight":0.0,"played":[0.0,1.0],"evs":[0.0,25.89894]}}}