{"player":1,"street":0,"children":2,"sequence":[{"player":0,"type":"R","amount":200000,"street":0},{"player":1,"type":"C","amount":200000,"street":0},{"player":2,"type":"F","amount":0,"street":0},{"player":3,"type":"R","amount":605000,"street":0},{"player":4,"type":"R","amount":1245000,"street":0},{"player":5,"type":"F","amount":0,"street":0},{"player":0,"type":"R","amount":2195000,"street":0}],"actions":[{"type":"F","amount":0},{"type":"C","amount":1995000}],"hands":{"22":{"weight":0.0,"played":[0.9999,1.0E-4],"evs":[0.0,-3.24047]},"32o":{"weight":0.0,"played":[1.0,0.0],"evs":[0.0,-7.83602]},"42o":{"weight":0.0,"played":[1.0,0.0],"evs":[0.0,-7.51198]},"52o":{"weight":0.0,"played":[1.0,0.0],"evs":[0.0,-6.90898]},"62o":{"weight":0.0,"played":[1.0,0.0],"evs":[0.0,-7.37388]},"72o":{"weight":0.0,"played":[1.0,0.0],"evs":[0.0,-8.40913]},"82o":{"weight":0.0,"played":[1.0,0.0],"evs":[0.0,-7.83628]},"92o":{"weight":0.0,"played":[1.0,0.0],"evs":[0.0,-8.01914]},"T2o":{"weight":0.0,"played":[1.0,0.0],"evs":[0.0,-7.10574]},"J2o":{"weight":0.0,"played":[1.0,0.0],"evs":[0.0,-6.85597]},"Q2o":{"weight":0.0,"played":[1.0,0.0],"evs":[0.0,-6.52435]},"K2o":{"weight":0.0,"played":[1.0,0.0],"evs":[0.0,-7.07631]},"A2o":{"weight":0.0,"played":[1.0,0.0],"evs":[0.0,-5.72523]},"32s":{"weight":0.0,"played":[0.9999,1.0E-4],"evs":[0.0,-4.87145]},"33":{"weight":0.9647,"played":[0.999,0.001],"evs":[0.0,-2.46336]},"43o":{"weight":0.0,"played":[1.0,0.0],"evs":[0.0,-6.89641]},"53o":{"weight":0.0,"played":[1.0,0.0],"evs":[0.0,-5.63072]},"63o":{"weight":0.0,"played":[1.0,0.0],"evs":[0.0,-6.67525]},"73o":{"weight":0.0,"played":[1.0,0.0],"evs":[0.0,-7.16094]},"83o":{"weight":0.0,"played":[1.0,0.0],"evs":[0.0,-7.6091]},"93o":{"weight":0.0,"played":[1.0,0.0],"evs":[0.0,-7.12067]},"T3o":{"weight":0.0,"played":[1.0,0.0],"evs":[0.0,-6.9777]},"J3o":{"weight":0.0,"played":[1.0,0.0],"evs":[0.0,-6.37126]},"Q3o":{"weight":0.0,"played":[1.0,0.0],"evs":[0.0,-6.74704]},"K3o":{"weight":0.0,"played":[1.0,0.0],"evs":[0.0,-6.20201]},"A3o":{"weight":0.0,"played":[0.9998,2.0E-4],"evs":[0.0,-5.65932]},"42s":{"weight":0.0,"played":[0.9999,1.0E-4],"evs":[0.0,-4.5029]},"43s":{"weight":0.0,"played":[1.0,0.0],"evs":[0.0,-3.35837]},"44":{"weight":0.9463,"played":[0.9049,0.0951],"evs":[0.0,-1.42045]},"54o":{"weight":0.0,"played":[1.0,0.0],"evs":[0.0,-5.04955]},"64o":{"weight":0.0,"played":[0.9999,1.0E-4],"evs":[0.0,-5.45207]},"74o":{"weight":0.0,"played":[1.0,0.0],"evs":[0.0,-6.76241]},"84o":{"weight":0.0,"played":[1.0,0.0],"evs":[0.0,-6.78927]},"94o":{"weight":0.0,"played":[1.0,0.0],"evs":[0.0,-7.56319]},"T4o":{"weight":0.0,"played":[1.0,0.0],"evs":[0.0,-6.84988]},"J4o":{"weight":0.0,"played":[1.0,0.0],"evs":[0.0,-5.92482]},"Q4o":{"weight":0.0,"played":[0.9999,1.0E-4],"evs":[0.0,-6.41762]},"K4o":{"weight":0.0,"played":[1.0,0.0],"evs":[0.0,-6.3952]},"A4o":{"weight":0.0,"played":[1.0,0.0],"evs":[0.0,-5.62709]},"52s":{"weight":0.0,"played":[1.0,0.0],"evs":[0.0,-4.00261]},"53s":{"weight":0.0,"played":[0.9999,1.0E-4],"evs":[0.0,-2.47359]},"54s":{"weight":0.0,"played":[0.9999,1.0E-4],"evs":[0.0,-2.96369]},"55":{"weight":0.9904,"played":[0.9428,0.0572],"evs":[0.0,-1.44077]},"65o":{"weight":0.0,"played":[1.0,0.0],"evs":[0.0,-4.68155]},"75o":{"weight":0.0,"played":[1.0,0.0],"evs":[0.0,-5.27993]},"85o":{"weight":0.0,"played":[1.0,0.0],"evs":[0.0,-5.37379]},"95o":{"weight":0.0,"played":[1.0,0.0],"evs":[0.0,-6.3416]},"T5o":{"weight":0.0,"played":[1.0,0.0],"evs":[0.0,-6.81025]},"J5o":{"weight":0.0,"played":[1.0,0.0],"evs":[0.0,-6.12791]},"Q5o":{"weight":0.0,"played":[0.9999,1.0E-4],"evs":[0.0,-6.52965]},"K5o":{"weight":0.0,"played":[0.9997,3.0E-4],"evs":[0.0,-5.64394]},"A5o":{"weight":0.0,"played":[0.9996,4.0E-4],"evs":[0.0,-4.61863]},"62s":{"weight":0.0,"played":[1.0,0.0],"evs":[0.0,-4.67286]},"63s":{"weight":0.0,"played":[0.9999,1.0E-4],"evs":[0.0,-3.6468]},"64s":{"weight":0.0,"played":[0.999,0.001],"evs":[0.0,-2.95962]},"65s":{"weight":0.0,"played":[0.9922,0.0078],"evs":[0.0,-3.28023]},"66":{"weight":0.3348,"played":[0.0046,0.9954],"evs":[0.0,0.50798]},"76o":{"weight":0.0,"played":[1.0,0.0],"evs":[0.0,-4.28178]},"86o":{"weight":0.0,"played":[0.9999,1.0E-4],"evs":[0.0,-5.29817]},"96o":{"weight":0.0,"played":[1.0,0.0],"evs":[0.0,-5.36323]},"T6o":{"weight":0.0,"played":[1.0,0.0],"evs":[0.0,-6.07424]},"J6o":{"weight":0.0,"played":[1.0,0.0],"evs":[0.0,-5.28122]},"Q6o":{"weight":0.0,"played":[1.0,0.0],"evs":[0.0,-5.54612]},"K6o":{"weight":0.0,"played":[0.9999,1.0E-4],"evs":[0.0,-5.09031]},"A6o":{"weight":0.0,"played":[1.0,0.0],"evs":[0.0,-5.03299]},"72s":{"weight":0.0,"played":[0.9996,4.0E-4],"evs":[0.0,-6.23395]},"73s":{"weight":0.0,"played":[0.9999,1.0E-4],"evs":[0.0,-4.18425]},"74s":{"weight":0.0,"played":[1.0,0.0],"evs":[0.0,-3.74561]},"75s":{"weight":0.0,"played":[0.9998,2.0E-4],"evs":[0.0,-2.64727]},"76s":{"weight":0.0159,"played":[0.9996,4.0E-4],"evs":[0.0,-2.28349]},"77":{"weight":0.9413,"played":[1.0E-4,0.9999],"evs":[0.0,1.54606]},"87o":{"weight":0.0,"played":[1.0,0.0],"evs":[0.0,-3.81362]},"97o":{"weight":0.0,"played":[1.0,0.0],"evs":[0.0,-4.63817]},"T7o":{"weight":0.0,"played":[0.9997,3.0E-4],"evs":[0.0,-5.05596]},"J7o":{"weight":0.0,"played":[0.9999,1.0E-4],"evs":[0.0,-5.38147]},"Q7o":{"weight":0.0,"played":[1.0,0.0],"evs":[0.0,-5.69373]},"K7o":{"weight":0.0,"played":[0.9999,1.0E-4],"evs":[0.0,-4.90053]},"A7o":{"weight":0.0,"played":[0.9995,5.0E-4],"evs":[0.0,-4.41447]},"82s":{"weight":0.0,"played":[1.0,0.0],"evs":[0.0,-5.84683]},"83s":{"weight":0.0,"played":[0.9999,1.0E-4],"evs":[0.0,-5.57761]},"84s":{"weight":0.0,"played":[0.9998,2.0E-4],"evs":[0.0,-5.28972]},"85s":{"weight":0.0,"played":[0.9993,7.0E-4],"evs":[0.0,-4.08579]},"86s":{"weight":0.0,"played":[0.9071,0.0929],"evs":[0.0,-2.38427]},"87s":{"weight":0.4281,"played":[1.0,0.0],"evs":[0.0,-1.67538]},"88":{"weight":0.1534,"played":[0.0,1.0],"evs":[0.0,3.82531]},"98o":{"weight":0.0,"played":[1.0,0.0],"evs":[0.0,-4.12735]},"T8o":{"weight":0.0,"played":[0.9999,1.0E-4],"evs":[0.0,-3.40543]},"J8o":{"weight":0.0,"played":[0.9999,1.0E-4],"evs":[0.0,-4.1225]},"Q8o":{"weight":0.0,"played":[1.0,0.0],"evs":[0.0,-4.25185]},"K8o":{"weight":0.0,"played":[0.9998,2.0E-4],"evs":[0.0,-4.34038]},"A8o":{"weight":0.0,"played":[0.9986,0.0014],"evs":[0.0,-4.72605]},"92s":{"weight":0.0,"played":[1.0,0.0],"evs":[0.0,-5.46489]},"93s":{"weight":0.0,"played":[0.9999,1.0E-4],"evs":[0.0,-4.49033]},"94s":{"weight":0.0,"played":[0.9998,2.0E-4],"evs":[0.0,-3.24707]},"95s":{"weight":0.0,"played":[0.999,0.001],"evs":[0.0,-3.35568]},"96s":{"weight":0.0,"played":[0.9931,0.0069],"evs":[0.0,-2.35225]},"97s":{"weight":0.0,"played":[0.9999,1.0E-4],"evs":[0.0,-1.11243]},"98s":{"weight":0.9906,"played":[0.9976,0.0024],"evs":[0.0,-1.67115]},"99":{"weight":0.0,"played":[0.0,1.0],"evs":[0.0,5.42107]},"T9o":{"weight":0.0,"played":[0.9997,3.0E-4],"evs":[0.0,-2.69215]},"J9o":{"weight":0.0,"played":[0.9984,0.0016],"evs":[0.0,-3.39675]},"Q9o":{"weight":0.0,"played":[0.9998,2.0E-4],"evs":[0.0,-4.45172]},"K9o":{"weight":0.0,"played":[0.9999,1.0E-4],"evs":[0.0,-3.74604]},"A9o":{"weight":0.0,"played":[0.9994,6.0E-4],"evs":[0.0,-3.93779]},"T2s":{"weight":0.0,"played":[1.0,0.0],"evs":[0.0,-3.68003]},"T3s":{"weight":0.0,"played":[0.9999,1.0E-4],"evs":[0.0,-5.0132]},"T4s":{"weight":0.0,"played":[0.9999,1.0E-4],"evs":[0.0,-4.47845]},"T5s":{"weight":0.0,"played":[1.0,0.0],"evs":[0.0,-5.14782]},"T6s":{"weight":0.0,"played":[0.9985,0.0015],"evs":[0.0,-2.89057]},"T7s":{"weight":0.0,"played":[0.9254,0.0746],"evs":[0.0,-2.17577]},"T8s":{"weight":1.0E-4,"played":[0.9961,0.0039],"evs":[0.0,-2.15508]},"T9s":{"weight":0.9995,"played":[0.7163,0.2837],"evs":[0.0,-0.3641]},"TT":{"weight":1.0E-4,"played":[0.0,1.0],"evs":[0.0,8.33596]},"JTo":{"weight":0.0,"played":[1.0,0.0],"evs":[0.0,-1.86429]},"QTo":{"weight":0.0,"played":[1.0,0.0],"evs":[0.0,-2.83759]},"KTo":{"weight":0.0,"played":[0.9993,7.0E-4],"evs":[0.0,-1.95863]},"ATo":{"weight":1.0,"played":[0.9979,0.0021],"evs":[0.0,-1.71052]},"J2s":{"weight":0.0,"played":[0.9998,2.0E-4],"evs":[0.0,-3.02083]},"J3s":{"weight":0.0,"played":[0.9999,1.0E-4],"evs":[0.0,-3.40664]},"J4s":{"weight":0.0,"played":[0.9994,6.0E-4],"evs":[0.0,-4.95352]},"J5s":{"weight":0.0,"played":[0.9994,6.0E-4],"evs":[0.0,-3.30925]},"J6s":{"weight":0.0,"played":[0.9999,1.0E-4],"evs":[0.0,-2.99883]},"J7s":{"weight":0.0,"played":[0.9994,6.0E-4],"evs":[0.0,-2.8003]},"J8s":{"weight":0.0,"played":[0.9997,3.0E-4],"evs":[0.0,-1.33791]},"J9s":{"weight":0.9982,"played":[0.9965,0.0035],"evs":[0.0,-1.22519]},"JTs":{"weight":0.0947,"played":[0.0724,0.9276],"evs":[0.0,0.4281]},"JJ":{"weight":0.106,"played":[0.0,1.0],"evs":[0.0,11.68546]},"QJo":{"weight":0.0128,"played":[0.9998,2.0E-4],"evs":[0.0,-2.43883]},"KJo":{"weight":1.0,"played":[0.9981,0.0019],"evs":[0.0,-1.77918]},"AJo":{"weight":0.782,"played":[0.9615,0.0385],"evs":[0.0,-0.65607]},"Q2s":{"weight":0.0,"played":[0.9997,3.0E-4],"evs":[0.0,-4.57708]},"Q3s":{"weight":0.0,"played":[1.0,0.0],"evs":[0.0,-4.21583]},"Q4s":{"weight":0.0,"played":[0.9999,1.0E-4],"evs":[0.0,-4.65849]},"Q5s":{"weight":0.0,"played":[0.9997,3.0E-4],"evs":[0.0,-3.64305]},"Q6s":{"weight":0.0,"played":[0.999,0.001],"evs":[0.0,-2.35579]},"Q7s":{"weight":0.0,"played":[0.9998,2.0E-4],"evs":[0.0,-2.92128]},"Q8s":{"weight":0.0,"played":[0.9998,2.0E-4],"evs":[0.0,-2.21082]},"Q9s":{"weight":0.9958,"played":[0.9994,6.0E-4],"evs":[0.0,-1.59673]},"QTs":{"weight":0.3792,"played":[0.9895,0.0105],"evs":[0.0,-0.96516]},"QJs":{"weight":0.966,"played":[0.3683,0.6317],"evs":[0.0,0.01695]},"QQ":{"weight":1.0,"played":[0.0,1.0],"evs":[0.0,14.55119]},"KQo":{"weight":0.4389,"played":[0.9618,0.0382],"evs":[0.0,-0.83909]},"AQo":{"weight":1.0E-4,"played":[0.0,1.0],"evs":[0.0,1.79706]},"K2s":{"weight":0.0,"played":[0.998,0.002],"evs":[0.0,-4.16466]},"K3s":{"weight":0.0,"played":[1.0,0.0],"evs":[0.0,-3.00535]},"K4s":{"weight":0.0,"played":[1.0,0.0],"evs":[0.0,-4.20143]},"K5s":{"weight":0.0,"played":[0.9994,6.0E-4],"evs":[0.0,-2.8677]},"K6s":{"weight":0.0,"played":[0.9976,0.0024],"evs":[0.0,-2.92241]},"K7s":{"weight":0.0,"played":[0.9996,4.0E-4],"evs":[0.0,-3.09722]},"K8s":{"weight":0.0,"played":[0.9986,0.0014],"evs":[0.0,-2.68428]},"K9s":{"weight":0.7585,"played":[0.9451,0.0549],"evs":[0.0,-1.63851]},"KTs":{"weight":0.0354,"played":[0.4481,0.5519],"evs":[0.0,0.21252]},"KJs":{"weight":0.4556,"played":[0.1881,0.8119],"evs":[0.0,0.91341]},"KQs":{"weight":0.9993,"played":[0.0,1.0],"evs":[0.0,1.69035]},"KK":{"weight":1.0,"played":[0.0,1.0],"evs":[0.0,20.2264]},"AKo":{"weight":0.0,"played":[0.0,1.0],"evs":[0.0,4.79778]},"A2s":{"weight":0.0,"played":[0.9988,0.0012],"evs":[0.0,-3.93738]},"A3s":{"weight":4.0E-4,"played":[0.9991,9.0E-4],"evs":[0.0,-3.25339]},"A4s":{"weight":0.9346,"played":[0.9992,8.0E-4],"evs":[0.0,-3.15278]},"A5s":{"weight":0.337,"played":[0.9995,5.0E-4],"evs":[0.0,-2.08059]},"A6s":{"weight":0.9956,"played":[0.9997,3.0E-4],"evs":[0.0,-3.07889]},"A7s":{"weight":0.9991,"played":[0.9987,0.0013],"evs":[0.0,-1.86056]},"A8s":{"weight":1.0,"played":[0.9933,0.0067],"evs":[0.0,-1.53455]},"A9s":{"weight":1.0,"played":[0.7139,0.2861],"evs":[0.0,-0.7586]},"ATs":{"weight":1.0,"played":[0.1957,0.8043],"evs":[0.0,0.35507]},"AJs":{"weight":1.0,"played":[2.0E-4,0.9998],"evs":[0.0,2.42172]},"AQs":{"weight":0.3788,"played":[0.0,1.0],"evs":[0.0,4.38052]},"AKs":{"weight":4.0E-4,"played":[0.0,1.0],"evs":[0.0,7.09848]},"AA":{"weight":1.0,"played":[0.0,1.0],"evs":[0.0,26.21564]}}}