{"player":5,"street":0,"children":2,"sequence":[{"player":0,"type":"F","amount":0,"street":0},{"player":1,"type":"F","amount":0,"street":0},{"player":2,"type":"R","amount":200000,"street":0},{"player":3,"type":"C","amount":200000,"street":0},{"player":4,"type":"R","amount":1245000,"street":0}],"actions":[{"type":"F","amount":0,"node":42},{"type":"C","amount":1145000,"node":45}],"hands":{"22":{"weight":1.0,"played":[0.2978,0.7022],"evs":[0.0,2.83426]},"32o":{"weight":1.0,"played":[0.9969,0.0031],"evs":[0.0,-3.09514]},"42o":{"weight":1.0,"played":[0.9063,0.0937],"evs":[0.0,-1.9303]},"52o":{"weight":1.0,"played":[0.7708,0.2292],"evs":[0.0,-1.73251]},"62o":{"weight":1.0,"played":[0.9532,0.0468],"evs":[0.0,-3.1038]},"72o":{"weight":1.0,"played":[1.0,0.0],"evs":[0.0,-3.7711]},"82o":{"weight":1.0,"played":[0.8265,0.1735],"evs":[0.0,-3.34226]},"92o":{"weight":1.0,"played":[0.8719,0.1281],"evs":[0.0,-2.48115]},"T2o":{"weight":1.0,"played":[0.9974,0.0026],"evs":[0.0,-3.46741]},"J2o":{"weight":1.0,"played":[0.8696,0.1304],"evs":[0.0,-2.13971]},"Q2o":{"weight":1.0,"played":[0.8398,0.1602],"evs":[0.0,-4.11436]},"K2o":{"weight":1.0,"played":[0.9089,0.0911],"evs":[0.0,-3.13289]},"A2o":{"weight":1.0,"played":[0.9626,0.0374],"evs":[0.0,-1.59706]},"32s":{"weight":1.0,"played":[0.9997,3.0E-4],"evs":[0.0,-4.19152]},"33":{"weight":1.0,"played":[0.1561,0.8439],"evs":[0.0,3.52856]},"43o":{"weight":1.0,"played":[0.8222,0.1778],"evs":[0.0,-1.56796]},"53o":{"weight":1.0,"played":[0.9084,0.0916],"evs":[0.0,-0.03083]},"63o":{"weight":1.0,"played":[0.9954,0.0046],"evs":[0.0,-3.60641]},"73o":{"weight":1.0,"played":[0.9973,0.0027],"evs":[0.0,-3.69527]},"83o":{"weight":1.0,"played":[0.9839,0.0161],"evs":[0.0,-5.6348]},"93o":{"weight":1.0,"played":[0.8959,0.1041],"evs":[0.0,-2.87666]},"T3o":{"weight":1.0,"played":[0.962,0.038],"evs":[0.0,-5.03622]},"J3o":{"weight":1.0,"played":[0.8565,0.1435],"evs":[0.0,-3.65155]},"Q3o":{"weight":1.0,"played":[0.931,0.069],"evs":[0.0,-2.91832]},"K3o":{"weight":1.0,"played":[0.9356,0.0644],"evs":[0.0,-2.61634]},"A3o":{"weight":1.0,"played":[0.6299,0.3701],"evs":[0.0,-1.8971]},"42s":{"weight":1.0,"played":[0.8665,0.1335],"evs":[0.0,-3.90738]},"43s":{"weight":1.0,"played":[0.9807,0.0193],"evs":[0.0,-1.21871]},"44":{"weight":1.0,"played":[0.0188,0.9812],"evs":[0.0,2.68428]},"54o":{"weight":1.0,"played":[0.7037,0.2963],"evs":[0.0,-3.1991]},"64o":{"weight":1.0,"played":[0.9176,0.0824],"evs":[0.0,-0.53702]},"74o":{"weight":1.0,"played":[0.9965,0.0035],"evs":[0.0,-3.54417]},"84o":{"weight":1.0,"played":[0.6876,0.3124],"evs":[0.0,-3.44089]},"94o":{"weight":1.0,"played":[0.9188,0.0812],"evs":[0.0,-1.26994]},"T4o":{"weight":1.0,"played":[0.979,0.021],"evs":[0.0,-3.85432]},"J4o":{"weight":1.0,"played":[1.0,0.0],"evs":[0.0,-2.84249]},"Q4o":{"weight":1.0,"played":[0.9843,0.0157],"evs":[0.0,-1.75913]},"K4o":{"weight":1.0,"played":[0.9987,0.0013],"evs":[0.0,-1.84392]},"A4o":{"weight":1.0,"played":[0.5976,0.4024],"evs":[0.0,0.50064]},"52s":{"weight":1.0,"played":[0.9032,0.0968],"evs":[0.0,-1.818]},"53s":{"weight":1.0,"played":[0.9107,0.0893],"evs":[0.0,-1.80078]},"54s":{"weight":1.0,"played":[0.1865,0.8135],"evs":[0.0,4.74683]},"55":{"weight":1.0,"played":[0.0272,0.9728],"evs":[0.0,3.44262]},"65o":{"weight":1.0,"played":[0.9559,0.0441],"evs":[0.0,-0.79049]},"75o":{"weight":1.0,"played":[0.8706,0.1294],"evs":[0.0,-2.07472]},"85o":{"weight":1.0,"played":[0.9761,0.0239],"evs":[0.0,-2.38515]},"95o":{"weight":1.0,"played":[0.8951,0.1049],"evs":[0.0,-3.84835]},"T5o":{"weight":1.0,"played":[0.9554,0.0446],"evs":[0.0,-3.61521]},"J5o":{"weight":1.0,"played":[0.9936,0.0064],"evs":[0.0,-3.47946]},"Q5o":{"weight":1.0,"played":[0.9464,0.0536],"evs":[0.0,-3.19031]},"K5o":{"weight":1.0,"played":[0.8513,0.1487],"evs":[0.0,-0.35141]},"A5o":{"weight":1.0,"played":[0.2081,0.7919],"evs":[0.0,-1.03051]},"62s":{"weight":1.0,"played":[0.9684,0.0316],"evs":[0.0,-4.51141]},"63s":{"weight":1.0,"played":[0.3022,0.6978],"evs":[0.0,0.02646]},"64s":{"weight":1.0,"played":[0.0011,0.9989],"evs":[0.0,4.24244]},"65s":{"weight":1.0,"played":[0.9775,0.0225],"evs":[0.0,-0.91491]},"66":{"weight":1.0,"played":[0.0013,0.9987],"evs":[0.0,3.04196]},"76o":{"weight":1.0,"played":[0.7941,0.2059],"evs":[0.0,-1.45646]},"86o":{"weight":1.0,"played":[0.3866,0.6134],"evs":[0.0,0.16316]},"96o":{"weight":1.0,"played":[0.9974,0.0026],"evs":[0.0,-1.78]},"T6o":{"weight":1.0,"played":[0.986,0.014],"evs":[0.0,-1.1961]},"J6o":{"weight":1.0,"played":[0.8955,0.1045],"evs":[0.0,-1.4589]},"Q6o":{"weight":1.0,"played":[0.9807,0.0193],"evs":[0.0,-2.53272]},"K6o":{"weight":1.0,"played":[0.9736,0.0264],"evs":[0.0,-2.70573]},"A6o":{"weight":1.0,"played":[0.8684,0.1316],"evs":[0.0,-1.41411]},"72s":{"weight":1.0,"played":[0.8249,0.1751],"evs":[0.0,-4.23219]},"73s":{"weight":1.0,"played":[0.9936,0.0064],"evs":[0.0,-2.78017]},"74s":{"weight":1.0,"played":[0.4663,0.5337],"evs":[0.0,-1.4654]},"75s":{"weight":1.0,"played":[0.9948,0.0052],"evs":[0.0,-3.7054]},"76s":{"weight":1.0,"played":[0.0309,0.9691],"evs":[0.0,0.99829]},"77":{"weight":1.0,"played":[0.0185,0.9815],"evs":[0.0,5.19299]},"87o":{"weight":1.0,"played":[0.5159,0.4841],"evs":[0.0,0.7463]},"97o":{"weight":1.0,"played":[0.6235,0.3765],"evs":[0.0,-0.80548]},"T7o":{"weight":1.0,"played":[0.961,0.039],"evs":[0.0,-2.39427]},"J7o":{"weight":1.0,"played":[0.8996,0.1004],"evs":[0.0,-1.7511]},"Q7o":{"weight":1.0,"played":[0.9123,0.0877],"evs":[0.0,-2.434]},"K7o":{"weight":1.0,"played":[0.868,0.132],"evs":[0.0,-0.76931]},"A7o":{"weight":1.0,"played":[0.5302,0.4698],"evs":[0.0,-1.47754]},"82s":{"weight":1.0,"played":[0.9206,0.0794],"evs":[0.0,-3.09508]},"83s":{"weight":1.0,"played":[0.7147,0.2853],"evs":[0.0,-1.5301]},"84s":{"weight":1.0,"played":[0.8841,0.1159],"evs":[0.0,-1.16712]},"85s":{"weight":1.0,"played":[0.8706,0.1294],"evs":[0.0,-1.2389]},"86s":{"weight":1.0,"played":[0.7183,0.2817],"evs":[0.0,-1.74197]},"87s":{"weight":1.0,"played":[0.0776,0.9224],"evs":[0.0,1.99968]},"88":{"weight":1.0,"played":[0.0012,0.9988],"evs":[0.0,3.12127]},"98o":{"weight":1.0,"played":[0.5799,0.4201],"evs":[0.0,-0.03789]},"T8o":{"weight":1.0,"played":[0.1116,0.8884],"evs":[0.0,-0.48987]},"J8o":{"weight":1.0,"played":[0.8924,0.1076],"evs":[0.0,-2.5009]},"Q8o":{"weight":1.0,"played":[0.9141,0.0859],"evs":[0.0,-1.4498]},"K8o":{"weight":1.0,"played":[0.2429,0.7571],"evs":[0.0,-0.0027]},"A8o":{"weight":1.0,"played":[0.367,0.633],"evs":[0.0,2.32064]},"92s":{"weight":1.0,"played":[0.8969,0.1031],"evs":[0.0,-2.36546]},"93s":{"weight":1.0,"played":[0.5169,0.4831],"evs":[0.0,-0.41253]},"94s":{"weight":1.0,"played":[0.4733,0.5267],"evs":[0.0,-1.91308]},"95s":{"weight":1.0,"played":[0.2934,0.7066],"evs":[0.0,-0.3439]},"96s":{"weight":1.0,"played":[0.1169,0.8831],"evs":[0.0,-0.70427]},"97s":{"weight":1.0,"played":[0.1904,0.8096],"evs":[0.0,1.41492]},"98s":{"weight":1.0,"played":[0.041,0.959],"evs":[0.0,2.58025]},"99":{"weight":1.0,"played":[0.0026,0.9974],"evs":[0.0,5.35847]},"T9o":{"weight":1.0,"played":[0.8786,0.1214],"evs":[0.0,-0.23616]},"J9o":{"weight":1.0,"played":[0.5853,0.4147],"evs":[0.0,0.27585]},"Q9o":{"weight":1.0,"played":[0.8443,0.1557],"evs":[0.0,-1.08883]},"K9o":{"weight":1.0,"played":[0.055,0.945],"evs":[0.0,0.80287]},"A9o":{"weight":1.0,"played":[0.0718,0.9282],"evs":[0.0,0.6973]},"T2s":{"weight":1.0,"played":[0.9761,0.0239],"evs":[0.0,-2.39427]},"T3s":{"weight":1.0,"played":[0.5357,0.4643],"evs":[0.0,-2.11359]},"T4s":{"weight":1.0,"played":[0.8329,0.1671],"evs":[0.0,-2.71053]},"T5s":{"weight":1.0,"played":[0.9571,0.0429],"evs":[0.0,-3.94412]},"T6s":{"weight":1.0,"played":[0.0955,0.9045],"evs":[0.0,0.69622]},"T7s":{"weight":1.0,"played":[0.914,0.086],"evs":[0.0,-3.81764]},"T8s":{"weight":1.0,"played":[0.7169,0.2831],"evs":[0.0,-1.48368]},"T9s":{"weight":1.0,"played":[0.149,0.851],"evs":[0.0,3.30092]},"TT":{"weight":1.0,"played":[0.0017,0.9983],"evs":[0.0,9.18915]},"JTo":{"weight":1.0,"played":[0.5396,0.4604],"evs":[0.0,-1.23255]},"QTo":{"weight":1.0,"played":[0.683,0.317],"evs":[0.0,-0.86167]},"KTo":{"weight":1.0,"played":[0.1815,0.8185],"evs":[0.0,-0.29825]},"ATo":{"weight":1.0,"played":[4.0E-4,0.9996],"evs":[0.0,2.87457]},"J2s":{"weight":1.0,"played":[0.0897,0.9103],"evs":[0.0,0.20809]},"J3s":{"weight":1.0,"played":[0.8525,0.1475],"evs":[0.0,-3.34407]},"J4s":{"weight":1.0,"played":[0.9267,0.0733],"evs":[0.0,-3.5209]},"J5s":{"weight":1.0,"played":[0.0138,0.9862],"evs":[0.0,2.91102]},"J6s":{"weight":1.0,"played":[0.4276,0.5724],"evs":[0.0,0.64888]},"J7s":{"weight":1.0,"played":[0.3458,0.6542],"evs":[0.0,-0.64266]},"J8s":{"weight":1.0,"played":[0.3427,0.6573],"evs":[0.0,1.49133]},"J9s":{"weight":1.0,"played":[0.2728,0.7272],"evs":[0.0,3.34564]},"JTs":{"weight":1.0,"played":[0.0202,0.9798],"evs":[0.0,2.05147]},"JJ":{"weight":1.0,"played":[0.0064,0.9936],"evs":[0.0,7.84699]},"QJo":{"weight":1.0,"played":[0.0602,0.9398],"evs":[0.0,-0.17849]},"KJo":{"weight":1.0,"played":[0.1208,0.8792],"evs":[0.0,3.14532]},"AJo":{"weight":1.0,"played":[0.0083,0.9917],"evs":[0.0,4.40874]},"Q2s":{"weight":1.0,"played":[0.9981,0.0019],"evs":[0.0,-2.87119]},"Q3s":{"weight":1.0,"played":[0.908,0.092],"evs":[0.0,-1.76382]},"Q4s":{"weight":1.0,"played":[0.1393,0.8607],"evs":[0.0,-0.4762]},"Q5s":{"weight":1.0,"played":[0.8343,0.1657],"evs":[0.0,-0.84484]},"Q6s":{"weight":1.0,"played":[0.0439,0.9561],"evs":[0.0,2.75624]},"Q7s":{"weight":1.0,"played":[0.7299,0.2701],"evs":[0.0,0.45162]},"Q8s":{"weight":1.0,"played":[0.146,0.854],"evs":[0.0,1.55754]},"Q9s":{"weight":1.0,"played":[0.9093,0.0907],"evs":[0.0,-0.63762]},"QTs":{"weight":1.0,"played":[0.1349,0.8651],"evs":[0.0,2.09359]},"QJs":{"weight":1.0,"played":[0.0295,0.9705],"evs":[0.0,6.24979]},"QQ":{"weight":1.0,"played":[3.0E-4,0.9997],"evs":[0.0,9.85256]},"KQo":{"weight":1.0,"played":[0.0112,0.9888],"evs":[0.0,0.81085]},"AQo":{"weight":1.0,"played":[0.0173,0.9827],"evs":[0.0,4.40948]},"K2s":{"weight":1.0,"played":[0.0084,0.9916],"evs":[0.0,3.3825]},"K3s":{"weight":1.0,"played":[0.9414,0.0586],"evs":[0.0,-2.6208]},"K4s":{"weight":1.0,"played":[0.0847,0.9153],"evs":[0.0,3.27341]},"K5s":{"weight":1.0,"played":[0.5093,0.4907],"evs":[0.0,0.11101]},"K6s":{"weight":1.0,"played":[0.4523,0.5477],"evs":[0.0,-1.07905]},"K7s":{"weight":1.0,"played":[0.2201,0.7799],"evs":[0.0,3.65908]},"K8s":{"weight":1.0,"played":[0.5835,0.4165],"evs":[0.0,-0.30208]},"K9s":{"weight":1.0,"played":[0.0066,0.9934],"evs":[0.0,2.40801]},"KTs":{"weight":1.0,"played":[0.1381,0.8619],"evs":[0.0,0.89736]},"KJs":{"weight":1.0,"played":[0.0885,0.9115],"evs":[0.0,0.8755]},"KQs":{"weight":1.0,"played":[0.0,1.0],"evs":[0.0,5.32928]},"KK":{"weight":1.0,"played":[0.0,1.0],"evs":[0.0,16.4918]},"AKo":{"weight":1.0,"played":[2.0E-4,0.9998],"evs":[0.0,5.47265]},"A2s":{"weight":1.0,"played":[0.182,0.818],"evs":[0.0,2.64369]},"A3s":{"weight":1.0,"played":[0.1934,0.8066],"evs":[0.0,3.74951]},"A4s":{"weight":1.0,"played":[0.5044,0.4956],"evs":[0.0,0.13903]},"A5s":{"weight":1.0,"played":[0.0105,0.9895],"evs":[0.0,6.53494]},"A6s":{"weight":1.0,"played":[3.0E-4,0.9997],"evs":[0.0,1.16394]},"A7s":{"weight":1.0,"played":[0.1549,0.8451],"evs":[0.0,-1.79071]},"A8s":{"weight":1.0,"played":[0.0029,0.9971],"evs":[0.0,2.10212]},"A9s":{"weight":1.0,"played":[0.0,1.0],"evs":[0.0,5.13036]},"ATs":{"weight":1.0,"played":[0.1882,0.8118],"evs":[0.0,1.36908]},"AJs":{"weight":1.0,"played":[0.0,1.0],"evs":[0.0,2.10814]},"AQs":{"weight":1.0,"played":[0.0397,0.9603],"evs":[0.0,10.36239]},"AKs":{"weight":1.0,"played":[0.0,1.0],"evs":[0.0,8.86107]},"AA":{"weight":1.0,"played":[0.0,1.0],"evs":[0.0,20.44529]}}}