{"player":0,"street":0,"children":2,"sequence":[{"player":0,"type":"R","amount":200000,"street":0},{"player":1,"type":"C","amount":200000,"street":0},{"player":2,"type":"C","amount":200000,"street":0},{"player":3,"type":"F","amount":0,"street":0},{"player":4,"type":"F","amount":0,"street":0},{"player":5,"type":"R","amount":1875000,"street":0},{"player":0,"type":"C","amount":1675000,"street":0},{"player":1,"type":"R","amount":2195000,"street":0},{"player":2,"type":"C","amount":995000,"street":0}],"actions":[{"type":"F","amount":0},{"type":"C","amount":320000}],"hands":{"22":{"weight":0.0531,"played":[0.0101,0.9899],"evs":[0.0,16.789]},"32o":{"weight":0.0,"played":[0.0027,0.9973],"evs":[0.0,4.58456]},"42o":{"weight":0.0,"played":[5.0E-4,0.9995],"evs":[0.0,12.86402]},"52o":{"weight":0.0,"played":[1.0E-4,0.9999],"evs":[0.0,8.69098]},"62o":{"weight":0.0,"played":[9.0E-4,0.9991],"evs":[0.0,8.84965]},"72o":{"weight":0.0,"played":[3.0E-4,0.9997],"evs":[0.0,8.43972]},"82o":{"weight":0.0,"played":[2.0E-4,0.9998],"evs":[0.0,12.06182]},"92o":{"weight":0.0,"played":[4.0E-4,0.9996],"evs":[0.0,7.25891]},"T2o":{"weight":0.0,"played":[0.0037,0.9963],"evs":[0.0,9.6983]},"J2o":{"weight":0.0,"played":[0.0014,0.9986],"evs":[0.0,6.09144]},"Q2o":{"weight":0.0,"played":[0.0041,0.9959],"evs":[0.0,10.76059]},"K2o":{"weight":0.0,"played":[0.0015,0.9985],"evs":[0.0,6.57026]},"A2o":{"weight":0.0,"played":[0.0,1.0],"evs":[0.0,15.53197]},"32s":{"weight":0.0,"played":[2.0E-4,0.9998],"evs":[0.0,4.81703]},"33":{"weight":0.4841,"played":[0.0,1.0],"evs":[0.0,15.6448]},"43o":{"weight":0.0,"played":[0.0021,0.9979],"evs":[0.0,11.20033]},"53o":{"weight":0.0,"played":[0.0023,0.9977],"evs":[0.0,11.12312]},"63o":{"weight":0.0,"played":[0.0044,0.9956],"evs":[0.0,8.09806]},"73o":{"weight":0.0,"played":[0.0,1.0],"evs":[0.0,11.26069]},"83o":{"weight":0.0,"played":[7.0E-4,0.9993],"evs":[0.0,8.89712]},"93o":{"weight":0.0,"played":[8.0E-4,0.9992],"evs":[0.0,8.87743]},"T3o":{"weight":0.0,"played":[0.001,0.999],"evs":[0.0,7.95068]},"J3o":{"weight":0.0,"played":[0.0114,0.9886],"evs":[0.0,6.69042]},"Q3o":{"weight":0.0,"played":[7.0E-4,0.9993],"evs":[0.0,11.41503]},"K3o":{"weight":0.0,"played":[3.0E-4,0.9997],"evs":[0.0,10.00965]},"A3o":{"weight":0.0,"played":[0.0021,0.9979],"evs":[0.0,7.31408]},"42s":{"weight":0.0,"played":[0.0188,0.9812],"evs":[0.0,7.0828]},"43s":{"weight":0.0,"played":[2.0E-4,0.9998],"evs":[0.0,14.64933]},"44":{"weight":0.4478,"played":[9.0E-4,0.9991],"evs":[0.0,19.67071]},"54o":{"weight":0.0,"played":[0.0011,0.9989],"evs":[0.0,13.32746]},"64o":{"weight":0.0,"played":[2.0E-4,0.9998],"evs":[0.0,12.42615]},"74o":{"weight":0.0,"played":[0.0018,0.9982],"evs":[0.0,12.95459]},"84o":{"weight":0.0,"played":[0.0,1.0],"evs":[0.0,14.0714]},"94o":{"weight":0.0,"played":[0.0043,0.9957],"evs":[0.0,9.75303]},"T4o":{"weight":0.0,"played":[0.0012,0.9988],"evs":[0.0,8.24531]},"J4o":{"weight":0.0,"played":[0.001,0.999],"evs":[0.0,7.01038]},"Q4o":{"weight":0.0,"played":[0.001,0.999],"evs":[0.0,6.90315]},"K4o":{"weight":0.0,"played":[1.0E-4,0.9999],"evs":[0.0,12.74591]},"A4o":{"weight":0.0,"played":[0.0,1.0],"evs":[0.0,12.39223]},"52s":{"weight":0.0,"played":[5.0E-4,0.9995],"evs":[0.0,8.10301]},"53s":{"weight":0.0,"played":[0.0112,0.9888],"evs":[0.0,22.11033]},"54s":{"weight":0.0,"played":[0.0027,0.9973],"evs":[0.0,12.13265]},"55":{"weight":0.4816,"played":[1.0E-4,0.9999],"evs":[0.0,19.03171]},"65o":{"weight":0.0,"played":[4.0E-4,0.9996],"evs":[0.0,13.11543]},"75o":{"weight":0.0,"played":[9.0E-4,0.9991],"evs":[0.0,13.07201]},"85o":{"weight":0.0,"played":[0.0022,0.9978],"evs":[0.0,10.87761]},"95o":{"weight":0.0,"played":[0.0,1.0],"evs":[0.0,15.11746]},"T5o":{"weight":0.0,"played":[5.0E-4,0.9995],"evs":[0.0,9.95397]},"J5o":{"weight":0.0,"played":[0.0081,0.9919],"evs":[0.0,5.36928]},"Q5o":{"weight":0.0,"played":[2.0E-4,0.9998],"evs":[0.0,12.4965]},"K5o":{"weight":0.0,"played":[9.0E-4,0.9991],"evs":[0.0,15.92992]},"A5o":{"weight":0.0057,"played":[4.0E-4,0.9996],"evs":[0.0,13.31985]},"62s":{"weight":0.0,"played":[0.1119,0.8881],"evs":[0.0,9.68026]},"63s":{"weight":0.0,"played":[0.0137,0.9863],"evs":[0.0,9.09734]},"64s":{"weight":0.0,"played":[0.0019,0.9981],"evs":[0.0,15.26398]},"65s":{"weight":0.0,"played":[0.0466,0.9534],"evs":[0.0,23.292]},"66":{"weight":0.5873,"played":[1.0E-4,0.9999],"evs":[0.0,20.37016]},"76o":{"weight":0.0,"played":[0.0,1.0],"evs":[0.0,11.05487]},"86o":{"weight":0.0,"played":[5.0E-4,0.9995],"evs":[0.0,11.25211]},"96o":{"weight":0.0,"played":[0.0044,0.9956],"evs":[0.0,12.82673]},"T6o":{"weight":0.0,"played":[0.0095,0.9905],"evs":[0.0,5.28381]},"J6o":{"weight":0.0,"played":[5.0E-4,0.9995],"evs":[0.0,9.3747]},"Q6o":{"weight":0.0,"played":[1.0E-4,0.9999],"evs":[0.0,10.52921]},"K6o":{"weight":0.0,"played":[0.0148,0.9852],"evs":[0.0,9.32698]},"A6o":{"weight":0.0,"played":[1.0E-4,0.9999],"evs":[0.0,7.84704]},"72s":{"weight":0.0,"played":[0.0016,0.9984],"evs":[0.0,9.32978]},"73s":{"weight":0.0,"played":[0.0027,0.9973],"evs":[0.0,10.75283]},"74s":{"weight":0.0,"played":[0.0046,0.9954],"evs":[0.0,13.10015]},"75s":{"weight":0.0,"played":[0.0027,0.9973],"evs":[0.0,10.68536]},"76s":{"weight":0.3249,"played":[1.0E-4,0.9999],"evs":[0.0,16.6784]},"77":{"weight":0.6896,"played":[8.0E-4,0.9992],"evs":[0.0,23.29027]},"87o":{"weight":0.0,"played":[6.0E-4,0.9994],"evs":[0.0,13.72215]},"97o":{"weight":0.0,"played":[3.0E-4,0.9997],"evs":[0.0,15.46812]},"T7o":{"weight":0.0,"played":[1.0E-4,0.9999],"evs":[0.0,9.83663]},"J7o":{"weight":0.0,"played":[0.0013,0.9987],"evs":[0.0,10.04216]},"Q7o":{"weight":0.0,"played":[2.0E-4,0.9998],"evs":[0.0,9.21262]},"K7o":{"weight":0.0,"played":[0.0,1.0],"evs":[0.0,12.6414]},"A7o":{"weight":7.0E-4,"played":[1.0E-4,0.9999],"evs":[0.0,12.4142]},"82s":{"weight":0.0,"played":[9.0E-4,0.9991],"evs":[0.0,11.66639]},"83s":{"weight":0.0,"played":[0.1191,0.8809],"evs":[0.0,9.71217]},"84s":{"weight":0.0,"played":[0.0259,0.9741],"evs":[0.0,11.62152]},"85s":{"weight":0.0,"played":[5.0E-4,0.9995],"evs":[0.0,20.41828]},"86s":{"weight":0.0,"played":[0.0094,0.9906],"evs":[0.0,16.23534]},"87s":{"weight":0.053,"played":[0.0013,0.9987],"evs":[0.0,15.445]},"88":{"weight":0.1626,"played":[0.0,1.0],"evs":[0.0,20.87387]},"98o":{"weight":0.0,"played":[3.0E-4,0.9997],"evs":[0.0,15.66026]},"T8o":{"weight":0.0,"played":[2.0E-4,0.9998],"evs":[0.0,12.74333]},"J8o":{"weight":0.0,"played":[2.0E-4,0.9998],"evs":[0.0,12.61892]},"Q8o":{"weight":0.0,"played":[0.0,1.0],"evs":[0.0,11.12421]},"K8o":{"weight":0.0,"played":[3.0E-4,0.9997],"evs":[0.0,14.16331]},"A8o":{"weight":0.0011,"played":[0.0,1.0],"evs":[0.0,13.97167]},"92s":{"weight":0.0,"played":[1.0E-4,0.9999],"evs":[0.0,11.33907]},"93s":{"weight":0.0,"played":[3.0E-4,0.9997],"evs":[0.0,12.0941]},"94s":{"weight":0.0,"played":[0.005,0.995],"evs":[0.0,17.94052]},"95s":{"weight":0.0,"played":[0.0,1.0],"evs":[0.0,18.15378]},"96s":{"weight":0.0,"played":[6.0E-4,0.9994],"evs":[0.0,9.34489]},"97s":{"weight":0.1281,"played":[0.0036,0.9964],"evs":[0.0,18.25443]},"98s":{"weight":0.0496,"played":[2.0E-4,0.9998],"evs":[0.0,16.7067]},"99":{"weight":0.1164,"played":[0.0,1.0],"evs":[0.0,23.06429]},"T9o":{"weight":0.0,"played":[2.0E-4,0.9998],"evs":[0.0,15.09736]},"J9o":{"weight":0.0,"played":[0.0027,0.9973],"evs":[0.0,10.61879]},"Q9o":{"weight":0.0,"played":[1.0E-4,0.9999],"evs":[0.0,7.83992]},"K9o":{"weight":0.0,"played":[1.0E-4,0.9999],"evs":[0.0,10.239]},"A9o":{"weight":0.0014,"played":[1.0E-4,0.9999],"evs":[0.0,13.3027]},"T2s":{"weight":0.0,"played":[0.0172,0.9828],"evs":[0.0,14.04643]},"T3s":{"weight":0.0,"played":[0.0028,0.9972],"evs":[0.0,8.78312]},"T4s":{"weight":0.0,"played":[0.0034,0.9966],"evs":[0.0,17.92231]},"T5s":{"weight":0.0,"played":[0.0135,0.9865],"evs":[0.0,9.76588]},"T6s":{"weight":0.0,"played":[0.0018,0.9982],"evs":[0.0,13.01543]},"T7s":{"weight":0.0,"played":[0.0059,0.9941],"evs":[0.0,19.02396]},"T8s":{"weight":0.3811,"played":[1.0E-4,0.9999],"evs":[0.0,21.76473]},"T9s":{"weight":0.8197,"played":[0.0,1.0],"evs":[0.0,15.75935]},"TT":{"weight":0.7734,"played":[2.0E-4,0.9998],"evs":[0.0,20.43292]},"JTo":{"weight":0.0019,"played":[0.0,1.0],"evs":[0.0,16.92019]},"QTo":{"weight":5.0E-4,"played":[1.0E-4,0.9999],"evs":[0.0,14.86305]},"KTo":{"weight":0.0105,"played":[1.0E-4,0.9999],"evs":[0.0,12.59078]},"ATo":{"weight":0.1707,"played":[4.0E-4,0.9996],"evs":[0.0,14.51068]},"J2s":{"weight":0.0,"played":[0.0027,0.9973],"evs":[0.0,16.37652]},"J3s":{"weight":0.0,"played":[0.0563,0.9437],"evs":[0.0,6.40926]},"J4s":{"weight":0.0,"played":[0.0076,0.9924],"evs":[0.0,24.50691]},"J5s":{"weight":0.0,"played":[0.0173,0.9827],"evs":[0.0,14.64187]},"J6s":{"weight":0.0,"played":[0.0048,0.9952],"evs":[0.0,14.57496]},"J7s":{"weight":0.0,"played":[0.0,1.0],"evs":[0.0,9.54897]},"J8s":{"weight":0.0056,"played":[9.0E-4,0.9991],"evs":[0.0,13.99906]},"J9s":{"weight":0.7681,"played":[0.0019,0.9981],"evs":[0.0,17.45304]},"JTs":{"weight":0.2281,"played":[3.0E-4,0.9997],"evs":[0.0,18.29175]},"JJ":{"weight":0.8698,"played":[2.0E-4,0.9998],"evs":[0.0,25.61193]},"QJo":{"weight":0.0351,"played":[1.0E-4,0.9999],"evs":[0.0,12.02718]},"KJo":{"weight":0.009,"played":[2.0E-4,0.9998],"evs":[0.0,12.42291]},"AJo":{"weight":0.612,"played":[0.0,1.0],"evs":[0.0,15.55691]},"Q2s":{"weight":0.0,"played":[0.0134,0.9866],"evs":[0.0,18.48095]},"Q3s":{"weight":0.0,"played":[1.0E-4,0.9999],"evs":[0.0,12.94715]},"Q4s":{"weight":0.0,"played":[4.0E-4,0.9996],"evs":[0.0,15.57129]},"Q5s":{"weight":0.0,"played":[0.0018,0.9982],"evs":[0.0,6.95665]},"Q6s":{"weight":0.0,"played":[0.0012,0.9988],"evs":[0.0,16.37353]},"Q7s":{"weight":0.0,"played":[1.0E-4,0.9999],"evs":[0.0,11.19994]},"Q8s":{"weight":0.454,"played":[0.0094,0.9906],"evs":[0.0,16.80784]},"Q9s":{"weight":0.4902,"played":[0.0,1.0],"evs":[0.0,12.32196]},"QTs":{"weight":0.3458,"played":[2.0E-4,0.9998],"evs":[0.0,16.80457]},"QJs":{"weight":0.0114,"played":[0.0036,0.9964],"evs":[0.0,13.13075]},"QQ":{"weight":0.0025,"played":[1.0E-4,0.9999],"evs":[0.0,31.81196]},"KQo":{"weight":0.4163,"played":[0.0036,0.9964],"evs":[0.0,16.98963]},"AQo":{"weight":0.5783,"played":[0.0,1.0],"evs":[0.0,18.44681]},"K2s":{"weight":0.0,"played":[3.0E-4,0.9997],"evs":[0.0,14.51345]},"K3s":{"weight":0.0,"played":[0.0046,0.9954],"evs":[0.0,10.54812]},"K4s":{"weight":0.0,"played":[0.001,0.999],"evs":[0.0,19.54103]},"K5s":{"weight":0.0634,"played":[3.0E-4,0.9997],"evs":[0.0,16.73229]},"K6s":{"weight":0.0327,"played":[1.0E-4,0.9999],"evs":[0.0,15.24963]},"K7s":{"weight":0.0,"played":[0.0011,0.9989],"evs":[0.0,10.18354]},"K8s":{"weight":0.3958,"played":[0.0,1.0],"evs":[0.0,19.55312]},"K9s":{"weight":0.2649,"played":[8.0E-4,0.9992],"evs":[0.0,16.64894]},"KTs":{"weight":0.1962,"played":[0.0,1.0],"evs":[0.0,14.1619]},"KJs":{"weight":0.5118,"played":[0.0054,0.9946],"evs":[0.0,17.5483]},"KQs":{"weight":0.4564,"played":[0.0066,0.9934],"evs":[0.0,17.83883]},"KK":{"weight":0.9852,"played":[0.0,1.0],"evs":[0.0,38.11998]},"AKo":{"weight":0.541,"played":[0.0,1.0],"evs":[0.0,20.87467]},"A2s":{"weight":0.0336,"played":[0.0,1.0],"evs":[0.0,19.04336]},"A3s":{"weight":0.3791,"played":[0.0,1.0],"evs":[0.0,17.35273]},"A4s":{"weight":0.7477,"played":[6.0E-4,0.9994],"evs":[0.0,18.5989]},"A5s":{"weight":0.2067,"played":[0.0013,0.9987],"evs":[0.0,17.5965]},"A6s":{"weight":0.4307,"played":[0.0013,0.9987],"evs":[0.0,10.21683]},"A7s":{"weight":0.2461,"played":[0.0,1.0],"evs":[0.0,12.95037]},"A8s":{"weight":0.4761,"played":[0.0,1.0],"evs":[0.0,15.4047]},"A9s":{"weight":0.9823,"played":[1.0E-4,0.9999],"evs":[0.0,15.63139]},"ATs":{"weight":0.1714,"played":[3.0E-4,0.9997],"evs":[0.0,17.44743]},"AJs":{"weight":0.9062,"played":[1.0E-4,0.9999],"evs":[0.0,12.31989]},"AQs":{"weight":0.9758,"played":[1.0E-4,0.9999],"evs":[0.0,25.27758]},"AKs":{"weight":0.635,"played":[0.0,1.0],"evs":[0.0,27.83295]},"AA":{"weight":0.4923,"played":[0.0,1.0],"evs":[0.0,52.91169]}}}