{"player":2,"street":0,"children":2,"sequence":[{"player":0,"type":"F","amount":0,"street":0},{"player":1,"type":"F","amount":0,"street":0},{"player":2,"type":"R","amount":200000,"street":0},{"player":3,"type":"C","amount":200000,"street":0},{"player":4,"type":"R","amount":1245000,"street":0},{"player":5,"type":"F","amount":0,"street":0}],"actions":[{"type":"F","amount":0,"node":43},{"type":"C","amount":995000,"node":44}],"hands":{"22":{"weight":0.0311,"played":[0.0,1.0],"evs":[0.0,0.3697]},"32o":{"weight":0.0,"played":[1.0,0.0],"evs":[0.0,-3.10636]},"42o":{"weight":0.0,"played":[1.0,0.0],"evs":[0.0,-3.14179]},"52o":{"weight":0.0,"played":[1.0,0.0],"evs":[0.0,-2.88619]},"62o":{"weight":0.0,"played":[1.0,0.0],"evs":[0.0,-2.82121]},"72o":{"weight":0.0,"played":[0.9998,2.0E-4],"evs":[0.0,-2.87601]},"82o":{"weight":0.0,"played":[0.9993,7.0E-4],"evs":[0.0,-2.88305]},"92o":{"weight":0.0,"played":[0.9999,1.0E-4],"evs":[0.0,-2.65119]},"T2o":{"weight":0.0,"played":[0.9997,3.0E-4],"evs":[0.0,-3.08611]},"J2o":{"weight":0.0,"played":[0.9998,2.0E-4],"evs":[0.0,-2.71767]},"Q2o":{"weight":0.0,"played":[0.9923,0.0077],"evs":[0.0,-2.57361]},"K2o":{"weight":0.0,"played":[0.9998,2.0E-4],"evs":[0.0,-1.9656]},"A2o":{"weight":0.0603,"played":[0.9776,0.0224],"evs":[0.0,-1.0579]},"32s":{"weight":0.0,"played":[0.9985,0.0015],"evs":[0.0,-1.61823]},"33":{"weight":0.0,"played":[2.0E-4,0.9998],"evs":[0.0,1.34284]},"43o":{"weight":0.0,"played":[0.9998,2.0E-4],"evs":[0.0,-2.50665]},"53o":{"weight":0.0,"played":[0.9999,1.0E-4],"evs":[0.0,-2.5159]},"63o":{"weight":0.0,"played":[0.9986,0.0014],"evs":[0.0,-2.38753]},"73o":{"weight":0.0,"played":[0.9998,2.0E-4],"evs":[0.0,-2.77087]},"83o":{"weight":0.0,"played":[0.9998,2.0E-4],"evs":[0.0,-2.98099]},"93o":{"weight":0.0,"played":[0.9989,0.0011],"evs":[0.0,-2.57847]},"T3o":{"weight":0.0,"played":[0.9999,1.0E-4],"evs":[0.0,-3.24315]},"J3o":{"weight":0.0,"played":[0.9995,5.0E-4],"evs":[0.0,-2.85681]},"Q3o":{"weight":0.0,"played":[0.9999,1.0E-4],"evs":[0.0,-2.83775]},"K3o":{"weight":0.0,"played":[0.9986,0.0014],"evs":[0.0,-1.91763]},"A3o":{"weight":1.0E-4,"played":[0.5091,0.4909],"evs":[0.0,-0.49285]},"42s":{"weight":0.0,"played":[0.9999,1.0E-4],"evs":[0.0,-1.70141]},"43s":{"weight":0.0,"played":[0.9796,0.0204],"evs":[0.0,-0.81806]},"44":{"weight":0.0227,"played":[0.0,1.0],"evs":[0.0,1.32609]},"54o":{"weight":0.0,"played":[1.0,0.0],"evs":[0.0,-1.64664]},"64o":{"weight":0.0,"played":[1.0,0.0],"evs":[0.0,-1.89389]},"74o":{"weight":0.0,"played":[0.9996,4.0E-4],"evs":[0.0,-2.17446]},"84o":{"weight":0.0,"played":[1.0,0.0],"evs":[0.0,-2.34238]},"94o":{"weight":0.0,"played":[1.0,0.0],"evs":[0.0,-2.22877]},"T4o":{"weight":0.0,"played":[0.9996,4.0E-4],"evs":[0.0,-3.32392]},"J4o":{"weight":0.0,"played":[1.0,0.0],"evs":[0.0,-2.62471]},"Q4o":{"weight":0.0,"played":[0.9979,0.0021],"evs":[0.0,-2.52781]},"K4o":{"weight":0.0,"played":[1.0,0.0],"evs":[0.0,-1.51644]},"A4o":{"weight":0.0,"played":[0.5306,0.4694],"evs":[0.0,-0.24103]},"52s":{"weight":0.0,"played":[0.9937,0.0063],"evs":[0.0,-1.2366]},"53s":{"weight":0.0,"played":[0.9979,0.0021],"evs":[0.0,-0.44053]},"54s":{"weight":0.0,"played":[0.0369,0.9631],"evs":[0.0,0.24531]},"55":{"weight":0.0041,"played":[0.0036,0.9964],"evs":[0.0,1.94517]},"65o":{"weight":0.0,"played":[0.9999,1.0E-4],"evs":[0.0,-0.81485]},"75o":{"weight":0.0,"played":[1.0,0.0],"evs":[0.0,-1.55274]},"85o":{"weight":0.0,"played":[0.9999,1.0E-4],"evs":[0.0,-1.53634]},"95o":{"weight":0.0,"played":[0.9999,1.0E-4],"evs":[0.0,-1.96133]},"T5o":{"weight":0.0,"played":[0.9998,2.0E-4],"evs":[0.0,-2.68934]},"J5o":{"weight":0.0,"played":[0.9981,0.0019],"evs":[0.0,-2.46175]},"Q5o":{"weight":0.0,"played":[0.9996,4.0E-4],"evs":[0.0,-2.09645]},"K5o":{"weight":0.0,"played":[0.9945,0.0055],"evs":[0.0,-1.04344]},"A5o":{"weight":0.0,"played":[0.0,1.0],"evs":[0.0,0.21912]},"62s":{"weight":0.0,"played":[0.9999,1.0E-4],"evs":[0.0,-1.39585]},"63s":{"weight":0.0,"played":[0.997,0.003],"evs":[0.0,-0.92459]},"64s":{"weight":0.0,"played":[0.9787,0.0213],"evs":[0.0,-1.36056]},"65s":{"weight":0.0,"played":[0.4554,0.5446],"evs":[0.0,0.51328]},"66":{"weight":0.0,"played":[0.0,1.0],"evs":[0.0,1.76701]},"76o":{"weight":0.0,"played":[0.9973,0.0027],"evs":[0.0,-1.04302]},"86o":{"weight":0.0,"played":[0.9988,0.0012],"evs":[0.0,-1.61132]},"96o":{"weight":0.0,"played":[0.9998,2.0E-4],"evs":[0.0,-0.97135]},"T6o":{"weight":0.0,"played":[1.0,0.0],"evs":[0.0,-2.28367]},"J6o":{"weight":0.0,"played":[0.9989,0.0011],"evs":[0.0,-2.10765]},"Q6o":{"weight":0.0,"played":[0.999,0.001],"evs":[0.0,-2.30813]},"K6o":{"weight":0.0,"played":[0.9897,0.0103],"evs":[0.0,-0.78671]},"A6o":{"weight":0.0014,"played":[0.1069,0.8931],"evs":[0.0,-0.28257]},"72s":{"weight":0.0,"played":[0.9999,1.0E-4],"evs":[0.0,-1.68437]},"73s":{"weight":0.0,"played":[0.9986,0.0014],"evs":[0.0,-1.72324]},"74s":{"weight":0.0,"played":[0.9941,0.0059],"evs":[0.0,-0.19868]},"75s":{"weight":0.0,"played":[0.375,0.625],"evs":[0.0,-0.04928]},"76s":{"weight":0.0,"played":[0.9976,0.0024],"evs":[0.0,-0.42926]},"77":{"weight":2.0E-4,"played":[0.0,1.0],"evs":[0.0,3.08529]},"87o":{"weight":0.0,"played":[0.9982,0.0018],"evs":[0.0,-0.58594]},"97o":{"weight":0.0,"played":[0.9893,0.0107],"evs":[0.0,-1.33209]},"T7o":{"weight":0.0,"played":[1.0,0.0],"evs":[0.0,-1.53596]},"J7o":{"weight":0.0,"played":[0.9959,0.0041],"evs":[0.0,-1.99642]},"Q7o":{"weight":0.0,"played":[0.9997,3.0E-4],"evs":[0.0,-1.88418]},"K7o":{"weight":0.0,"played":[0.947,0.053],"evs":[0.0,-1.12282]},"A7o":{"weight":0.0,"played":[0.0,1.0],"evs":[0.0,0.85749]},"82s":{"weight":0.0,"played":[1.0,0.0],"evs":[0.0,-1.16415]},"83s":{"weight":0.0,"played":[0.9912,0.0088],"evs":[0.0,-1.90631]},"84s":{"weight":0.0,"played":[0.9993,7.0E-4],"evs":[0.0,-1.63362]},"85s":{"weight":0.0,"played":[0.8147,0.1853],"evs":[0.0,-0.62477]},"86s":{"weight":0.0,"played":[0.557,0.443],"evs":[0.0,-0.17239]},"87s":{"weight":0.0,"played":[5.0E-4,0.9995],"evs":[0.0,0.299]},"88":{"weight":0.0023,"played":[0.0,1.0],"evs":[0.0,4.33111]},"98o":{"weight":0.0,"played":[0.912,0.088],"evs":[0.0,-0.64353]},"T8o":{"weight":0.0,"played":[0.989,0.011],"evs":[0.0,-1.41053]},"J8o":{"weight":0.0,"played":[0.9481,0.0519],"evs":[0.0,-0.87727]},"Q8o":{"weight":0.0,"played":[0.984,0.016],"evs":[0.0,-1.52631]},"K8o":{"weight":0.0,"played":[0.9293,0.0707],"evs":[0.0,-1.1566]},"A8o":{"weight":0.0,"played":[0.0,1.0],"evs":[0.0,1.45498]},"92s":{"weight":0.0,"played":[0.9999,1.0E-4],"evs":[0.0,-1.73335]},"93s":{"weight":0.0,"played":[1.0,0.0],"evs":[0.0,-2.25]},"94s":{"weight":0.0,"played":[0.9494,0.0506],"evs":[0.0,-1.59532]},"95s":{"weight":0.0,"played":[0.9985,0.0015],"evs":[0.0,-1.28326]},"96s":{"weight":0.0,"played":[0.9829,0.0171],"evs":[0.0,-0.63558]},"97s":{"weight":0.0,"played":[0.2335,0.7665],"evs":[0.0,-0.38834]},"98s":{"weight":0.0597,"played":[0.0097,0.9903],"evs":[0.0,0.94394]},"99":{"weight":0.071,"played":[0.0,1.0],"evs":[0.0,4.77506]},"T9o":{"weight":0.0,"played":[0.8927,0.1073],"evs":[0.0,-0.48793]},"J9o":{"weight":0.0,"played":[0.4242,0.5758],"evs":[0.0,-0.23587]},"Q9o":{"weight":0.0,"played":[0.7538,0.2462],"evs":[0.0,-0.52871]},"K9o":{"weight":0.0011,"played":[0.0943,0.9057],"evs":[0.0,0.06573]},"A9o":{"weight":0.0207,"played":[0.0,1.0],"evs":[0.0,1.87564]},"T2s":{"weight":0.0,"played":[0.9792,0.0208],"evs":[0.0,-1.89269]},"T3s":{"weight":0.0,"played":[0.9914,0.0086],"evs":[0.0,-1.91001]},"T4s":{"weight":0.0,"played":[0.9767,0.0233],"evs":[0.0,-2.1181]},"T5s":{"weight":0.0,"played":[0.9936,0.0064],"evs":[0.0,-1.66886]},"T6s":{"weight":0.0,"played":[0.4601,0.5399],"evs":[0.0,0.14997]},"T7s":{"weight":0.0,"played":[0.8187,0.1813],"evs":[0.0,-0.55268]},"T8s":{"weight":0.1566,"played":[0.0035,0.9965],"evs":[0.0,0.23315]},"T9s":{"weight":5.0E-4,"played":[0.0085,0.9915],"evs":[0.0,0.43177]},"TT":{"weight":0.0278,"played":[0.0,1.0],"evs":[0.0,5.48124]},"JTo":{"weight":0.1224,"played":[0.1822,0.8178],"evs":[0.0,-0.29977]},"QTo":{"weight":0.0015,"played":[0.1087,0.8913],"evs":[0.0,-0.38744]},"KTo":{"weight":0.0,"played":[2.0E-4,0.9998],"evs":[0.0,0.35077]},"ATo":{"weight":0.0,"played":[0.0,1.0],"evs":[0.0,2.67545]},"J2s":{"weight":0.0,"played":[0.9927,0.0073],"evs":[0.0,-1.74673]},"J3s":{"weight":0.0,"played":[0.9794,0.0206],"evs":[0.0,-1.40357]},"J4s":{"weight":0.0,"played":[0.852,0.148],"evs":[0.0,-1.41733]},"J5s":{"weight":0.0,"played":[0.903,0.097],"evs":[0.0,-0.673]},"J6s":{"weight":0.0,"played":[0.7574,0.2426],"evs":[0.0,-0.69303]},"J7s":{"weight":0.0,"played":[0.1677,0.8323],"evs":[0.0,-0.21374]},"J8s":{"weight":0.0029,"played":[0.7536,0.2464],"evs":[0.0,-0.60737]},"J9s":{"weight":0.0,"played":[0.0033,0.9967],"evs":[0.0,0.84486]},"JTs":{"weight":0.031,"played":[0.001,0.999],"evs":[0.0,0.77671]},"JJ":{"weight":0.0,"played":[0.0,1.0],"evs":[0.0,7.65569]},"QJo":{"weight":0.0,"played":[1.0E-4,0.9999],"evs":[0.0,0.05187]},"KJo":{"weight":0.0,"played":[0.0,1.0],"evs":[0.0,1.00398]},"AJo":{"weight":0.0,"played":[0.0,1.0],"evs":[0.0,4.23973]},"Q2s":{"weight":0.0,"played":[0.943,0.057],"evs":[0.0,-1.81618]},"Q3s":{"weight":0.0,"played":[0.9615,0.0385],"evs":[0.0,-1.44718]},"Q4s":{"weight":0.0,"played":[0.9747,0.0253],"evs":[0.0,-1.91231]},"Q5s":{"weight":0.0,"played":[0.9713,0.0287],"evs":[0.0,-0.73939]},"Q6s":{"weight":0.0,"played":[0.8393,0.1607],"evs":[0.0,-0.88502]},"Q7s":{"weight":0.0,"played":[0.3905,0.6095],"evs":[0.0,0.3027]},"Q8s":{"weight":0.0609,"played":[0.2265,0.7735],"evs":[0.0,0.3427]},"Q9s":{"weight":5.0E-4,"played":[0.0099,0.9901],"evs":[0.0,0.52475]},"QTs":{"weight":0.0062,"played":[0.1718,0.8282],"evs":[0.0,-0.1968]},"QJs":{"weight":0.0,"played":[0.0075,0.9925],"evs":[0.0,1.85721]},"QQ":{"weight":1.0E-4,"played":[0.0,1.0],"evs":[0.0,8.75061]},"KQo":{"weight":0.0,"played":[0.0,1.0],"evs":[0.0,1.7497]},"AQo":{"weight":0.0,"played":[0.0,1.0],"evs":[0.0,4.62408]},"K2s":{"weight":0.0,"played":[0.3798,0.6202],"evs":[0.0,-0.34631]},"K3s":{"weight":0.0,"played":[0.9607,0.0393],"evs":[0.0,-1.40511]},"K4s":{"weight":0.0,"played":[0.0348,0.9652],"evs":[0.0,0.21263]},"K5s":{"weight":0.0064,"played":[0.4144,0.5856],"evs":[0.0,-0.31723]},"K6s":{"weight":0.1797,"played":[0.0537,0.9463],"evs":[0.0,0.88451]},"K7s":{"weight":0.0039,"played":[0.4243,0.5757],"evs":[0.0,-0.3252]},"K8s":{"weight":0.0,"played":[0.0603,0.9397],"evs":[0.0,-0.01251]},"K9s":{"weight":0.0296,"played":[0.0081,0.9919],"evs":[0.0,1.64697]},"KTs":{"weight":0.0,"played":[0.0012,0.9988],"evs":[0.0,0.90252]},"KJs":{"weight":0.0,"played":[0.0,1.0],"evs":[0.0,1.92959]},"KQs":{"weight":0.0,"played":[0.0,1.0],"evs":[0.0,1.95506]},"KK":{"weight":2.0E-4,"played":[0.0,1.0],"evs":[0.0,10.25972]},"AKo":{"weight":1.0E-4,"played":[0.0,1.0],"evs":[0.0,6.71823]},"A2s":{"weight":0.0,"played":[0.0156,0.9844],"evs":[0.0,0.15815]},"A3s":{"weight":0.0,"played":[0.0029,0.9971],"evs":[0.0,0.90304]},"A4s":{"weight":0.0,"played":[0.0,1.0],"evs":[0.0,0.84328]},"A5s":{"weight":0.0,"played":[0.0013,0.9987],"evs":[0.0,1.28142]},"A6s":{"weight":0.0,"played":[2.0E-4,0.9998],"evs":[0.0,1.44293]},"A7s":{"weight":0.0,"played":[0.0,1.0],"evs":[0.0,2.11098]},"A8s":{"weight":0.0,"played":[1.0E-4,0.9999],"evs":[0.0,2.1868]},"A9s":{"weight":3.0E-4,"played":[0.0,1.0],"evs":[0.0,2.9887]},"ATs":{"weight":0.0,"played":[0.0,1.0],"evs":[0.0,3.77358]},"AJs":{"weight":0.0,"played":[0.0,1.0],"evs":[0.0,5.11062]},"AQs":{"weight":0.0516,"played":[0.0,1.0],"evs":[0.0,6.02727]},"AKs":{"weight":0.0169,"played":[0.0,1.0],"evs":[0.0,7.46253]},"AA":{"weight":0.2669,"played":[0.0,1.0],"evs":[0.0,15.95411]}}}