{"player":5,"street":0,"children":2,"sequence":[{"player":0,"type":"R","amount":200000,"street":0},{"player":1,"type":"C","amount":200000,"street":0},{"player":2,"type":"C","amount":200000,"street":0},{"player":3,"type":"F","amount":0,"street":0},{"player":4,"type":"R","amount":1245000,"street":0}],"actions":[{"type":"F","amount":0,"node":423},{"type":"R","amount":1875000,"node":435}],"hands":{"22":{"weight":1.0,"played":[0.7881,0.2119],"evs":[0.0,-1.79587]},"32o":{"weight":1.0,"played":[1.0,0.0],"evs":[0.0,-7.01615]},"42o":{"weight":1.0,"played":[1.0,0.0],"evs":[0.0,-5.28199]},"52o":{"weight":1.0,"played":[0.9999,1.0E-4],"evs":[0.0,-5.45588]},"62o":{"weight":1.0,"played":[0.9996,4.0E-4],"evs":[0.0,-5.83123]},"72o":{"weight":1.0,"played":[0.9997,3.0E-4],"evs":[0.0,-7.39808]},"82o":{"weight":1.0,"played":[1.0,0.0],"evs":[0.0,-7.27101]},"92o":{"weight":1.0,"played":[0.9999,1.0E-4],"evs":[0.0,-5.93646]},"T2o":{"weight":1.0,"played":[1.0,0.0],"evs":[0.0,-8.26161]},"J2o":{"weight":1.0,"played":[0.9997,3.0E-4],"evs":[0.0,-7.6408]},"Q2o":{"weight":1.0,"played":[0.9999,1.0E-4],"evs":[0.0,-7.19129]},"K2o":{"weight":1.0,"played":[1.0,0.0],"evs":[0.0,-7.71699]},"A2o":{"weight":1.0,"played":[0.9999,1.0E-4],"evs":[0.0,-5.4243]},"32s":{"weight":1.0,"played":[0.8053,0.1947],"evs":[0.0,-3.11173]},"33":{"weight":1.0,"played":[0.9904,0.0096],"evs":[0.0,-1.84195]},"43o":{"weight":1.0,"played":[0.9997,3.0E-4],"evs":[0.0,-4.98402]},"53o":{"weight":1.0,"played":[0.9999,1.0E-4],"evs":[0.0,-5.61483]},"63o":{"weight":1.0,"played":[1.0,0.0],"evs":[0.0,-4.96556]},"73o":{"weight":1.0,"played":[0.9999,1.0E-4],"evs":[0.0,-4.45892]},"83o":{"weight":1.0,"played":[0.9998,2.0E-4],"evs":[0.0,-6.14201]},"93o":{"weight":1.0,"played":[1.0,0.0],"evs":[0.0,-6.57445]},"T3o":{"weight":1.0,"played":[0.9999,1.0E-4],"evs":[0.0,-6.56577]},"J3o":{"weight":1.0,"played":[0.9999,1.0E-4],"evs":[0.0,-5.49286]},"Q3o":{"weight":1.0,"played":[0.9999,1.0E-4],"evs":[0.0,-6.83231]},"K3o":{"weight":1.0,"played":[1.0,0.0],"evs":[0.0,-6.58414]},"A3o":{"weight":1.0,"played":[0.9988,0.0012],"evs":[0.0,-4.51842]},"42s":{"weight":1.0,"played":[0.9825,0.0175],"evs":[0.0,-5.09488]},"43s":{"weight":1.0,"played":[0.8365,0.1635],"evs":[0.0,-2.469]},"44":{"weight":1.0,"played":[0.7644,0.2356],"evs":[0.0,-1.62026]},"54o":{"weight":1.0,"played":[0.9902,0.0098],"evs":[0.0,-2.90467]},"64o":{"weight":1.0,"played":[0.9999,1.0E-4],"evs":[0.0,-3.20042]},"74o":{"weight":1.0,"played":[0.9996,4.0E-4],"evs":[0.0,-4.04288]},"84o":{"weight":1.0,"played":[0.9992,8.0E-4],"evs":[0.0,-5.72127]},"94o":{"weight":1.0,"played":[0.9985,0.0015],"evs":[0.0,-5.28173]},"T4o":{"weight":1.0,"played":[1.0,0.0],"evs":[0.0,-7.00509]},"J4o":{"weight":1.0,"played":[0.9993,7.0E-4],"evs":[0.0,-6.80494]},"Q4o":{"weight":1.0,"played":[1.0,0.0],"evs":[0.0,-7.4829]},"K4o":{"weight":1.0,"played":[0.9997,3.0E-4],"evs":[0.0,-7.4196]},"A4o":{"weight":1.0,"played":[0.9996,4.0E-4],"evs":[0.0,-6.59571]},"52s":{"weight":1.0,"played":[0.9828,0.0172],"evs":[0.0,-3.63827]},"53s":{"weight":1.0,"played":[0.9844,0.0156],"evs":[0.0,-0.70098]},"54s":{"weight":1.0,"played":[0.9847,0.0153],"evs":[0.0,-2.24022]},"55":{"weight":1.0,"played":[0.3569,0.6431],"evs":[0.0,-0.163]},"65o":{"weight":1.0,"played":[0.9995,5.0E-4],"evs":[0.0,-2.60806]},"75o":{"weight":1.0,"played":[0.9925,0.0075],"evs":[0.0,-4.70284]},"85o":{"weight":1.0,"played":[1.0,0.0],"evs":[0.0,-3.33206]},"95o":{"weight":1.0,"played":[1.0,0.0],"evs":[0.0,-4.82484]},"T5o":{"weight":1.0,"played":[1.0,0.0],"evs":[0.0,-6.21467]},"J5o":{"weight":1.0,"played":[0.9994,6.0E-4],"evs":[0.0,-6.64627]},"Q5o":{"weight":1.0,"played":[0.9998,2.0E-4],"evs":[0.0,-5.09175]},"K5o":{"weight":1.0,"played":[0.9967,0.0033],"evs":[0.0,-7.68587]},"A5o":{"weight":1.0,"played":[0.9982,0.0018],"evs":[0.0,-3.23034]},"62s":{"weight":1.0,"played":[0.9975,0.0025],"evs":[0.0,-3.9297]},"63s":{"weight":1.0,"played":[1.0,0.0],"evs":[0.0,-4.61783]},"64s":{"weight":1.0,"played":[0.8221,0.1779],"evs":[0.0,0.19016]},"65s":{"weight":1.0,"played":[0.986,0.014],"evs":[0.0,-1.97297]},"66":{"weight":1.0,"played":[0.0011,0.9989],"evs":[0.0,2.96764]},"76o":{"weight":1.0,"played":[0.9816,0.0184],"evs":[0.0,-2.80137]},"86o":{"weight":1.0,"played":[1.0,0.0],"evs":[0.0,-3.9409]},"96o":{"weight":1.0,"played":[1.0,0.0],"evs":[0.0,-4.09888]},"T6o":{"weight":1.0,"played":[1.0,0.0],"evs":[0.0,-4.31774]},"J6o":{"weight":1.0,"played":[0.9995,5.0E-4],"evs":[0.0,-5.75973]},"Q6o":{"weight":1.0,"played":[0.9997,3.0E-4],"evs":[0.0,-6.43765]},"K6o":{"weight":1.0,"played":[0.9998,2.0E-4],"evs":[0.0,-6.63418]},"A6o":{"weight":1.0,"played":[0.9999,1.0E-4],"evs":[0.0,-5.21057]},"72s":{"weight":1.0,"played":[0.9887,0.0113],"evs":[0.0,-4.76142]},"73s":{"weight":1.0,"played":[0.8827,0.1173],"evs":[0.0,-4.2699]},"74s":{"weight":1.0,"played":[0.9944,0.0056],"evs":[0.0,-3.56956]},"75s":{"weight":1.0,"played":[0.4049,0.5951],"evs":[0.0,-0.09584]},"76s":{"weight":1.0,"played":[0.6103,0.3897],"evs":[0.0,-0.15625]},"77":{"weight":1.0,"played":[0.0011,0.9989],"evs":[0.0,2.84612]},"87o":{"weight":1.0,"played":[0.9992,8.0E-4],"evs":[0.0,-3.72196]},"97o":{"weight":1.0,"played":[0.9996,4.0E-4],"evs":[0.0,-1.52603]},"T7o":{"weight":1.0,"played":[0.9901,0.0099],"evs":[0.0,-3.2741]},"J7o":{"weight":1.0,"played":[1.0,0.0],"evs":[0.0,-5.04818]},"Q7o":{"weight":1.0,"played":[0.9999,1.0E-4],"evs":[0.0,-6.13856]},"K7o":{"weight":1.0,"played":[1.0,0.0],"evs":[0.0,-5.68696]},"A7o":{"weight":1.0,"played":[0.9988,0.0012],"evs":[0.0,-3.19462]},"82s":{"weight":1.0,"played":[0.9996,4.0E-4],"evs":[0.0,-4.04445]},"83s":{"weight":1.0,"played":[0.9966,0.0034],"evs":[0.0,-4.12535]},"84s":{"weight":1.0,"played":[0.9362,0.0638],"evs":[0.0,-1.79835]},"85s":{"weight":1.0,"played":[1.0,0.0],"evs":[0.0,-3.09929]},"86s":{"weight":1.0,"played":[0.9857,0.0143],"evs":[0.0,-1.12162]},"87s":{"weight":1.0,"played":[0.9796,0.0204],"evs":[0.0,-2.00191]},"88":{"weight":1.0,"played":[0.0076,0.9924],"evs":[0.0,5.69223]},"98o":{"weight":1.0,"played":[0.9773,0.0227],"evs":[0.0,-3.07246]},"T8o":{"weight":1.0,"played":[0.9954,0.0046],"evs":[0.0,-4.09898]},"J8o":{"weight":1.0,"played":[0.9998,2.0E-4],"evs":[0.0,-4.28382]},"Q8o":{"weight":1.0,"played":[1.0,0.0],"evs":[0.0,-5.30939]},"K8o":{"weight":1.0,"played":[0.9999,1.0E-4],"evs":[0.0,-5.25441]},"A8o":{"weight":1.0,"played":[0.994,0.006],"evs":[0.0,-2.96139]},"92s":{"weight":1.0,"played":[0.9897,0.0103],"evs":[0.0,-4.93151]},"93s":{"weight":1.0,"played":[0.9604,0.0396],"evs":[0.0,-3.73924]},"94s":{"weight":1.0,"played":[0.9902,0.0098],"evs":[0.0,-2.88664]},"95s":{"weight":1.0,"played":[0.9646,0.0354],"evs":[0.0,-4.51]},"96s":{"weight":1.0,"played":[0.9986,0.0014],"evs":[0.0,-1.27016]},"97s":{"weight":1.0,"played":[0.894,0.106],"evs":[0.0,-0.54569]},"98s":{"weight":1.0,"played":[0.405,0.595],"evs":[0.0,1.00954]},"99":{"weight":1.0,"played":[0.0094,0.9906],"evs":[0.0,4.38572]},"T9o":{"weight":1.0,"played":[0.9974,0.0026],"evs":[0.0,-4.95591]},"J9o":{"weight":1.0,"played":[1.0,0.0],"evs":[0.0,-3.46652]},"Q9o":{"weight":1.0,"played":[0.994,0.006],"evs":[0.0,-3.59677]},"K9o":{"weight":1.0,"played":[0.9951,0.0049],"evs":[0.0,-2.86322]},"A9o":{"weight":1.0,"played":[0.9355,0.0645],"evs":[0.0,-2.88847]},"T2s":{"weight":1.0,"played":[0.9985,0.0015],"evs":[0.0,-2.74758]},"T3s":{"weight":1.0,"played":[0.9998,2.0E-4],"evs":[0.0,-4.86863]},"T4s":{"weight":1.0,"played":[0.9984,0.0016],"evs":[0.0,-4.84383]},"T5s":{"weight":1.0,"played":[0.9974,0.0026],"evs":[0.0,-1.35516]},"T6s":{"weight":1.0,"played":[0.809,0.191],"evs":[0.0,-0.1131]},"T7s":{"weight":1.0,"played":[0.9931,0.0069],"evs":[0.0,-1.5566]},"T8s":{"weight":1.0,"played":[0.6866,0.3134],"evs":[0.0,0.43711]},"T9s":{"weight":1.0,"played":[0.9538,0.0462],"evs":[0.0,-1.51349]},"TT":{"weight":1.0,"played":[7.0E-4,0.9993],"evs":[0.0,7.57756]},"JTo":{"weight":1.0,"played":[0.9993,7.0E-4],"evs":[0.0,-3.80061]},"QTo":{"weight":1.0,"played":[0.9999,1.0E-4],"evs":[0.0,-4.82774]},"KTo":{"weight":1.0,"played":[1.0,0.0],"evs":[0.0,-5.00284]},"ATo":{"weight":1.0,"played":[0.6569,0.3431],"evs":[0.0,-0.00604]},"J2s":{"weight":1.0,"played":[0.9482,0.0518],"evs":[0.0,-5.83764]},"J3s":{"weight":1.0,"played":[0.685,0.315],"evs":[0.0,-3.34865]},"J4s":{"weight":1.0,"played":[0.9876,0.0124],"evs":[0.0,-3.11218]},"J5s":{"weight":1.0,"played":[0.9999,1.0E-4],"evs":[0.0,-3.18503]},"J6s":{"weight":1.0,"played":[0.9901,0.0099],"evs":[0.0,-5.65789]},"J7s":{"weight":1.0,"played":[0.9802,0.0198],"evs":[0.0,-2.67829]},"J8s":{"weight":1.0,"played":[0.992,0.008],"evs":[0.0,-2.9028]},"J9s":{"weight":1.0,"played":[0.9732,0.0268],"evs":[0.0,-2.05703]},"JTs":{"weight":1.0,"played":[0.5621,0.4379],"evs":[0.0,-0.56222]},"JJ":{"weight":1.0,"played":[0.0,1.0],"evs":[0.0,9.52286]},"QJo":{"weight":1.0,"played":[0.9726,0.0274],"evs":[0.0,-3.78912]},"KJo":{"weight":1.0,"played":[0.9962,0.0038],"evs":[0.0,-2.26676]},"AJo":{"weight":1.0,"played":[0.5061,0.4939],"evs":[0.0,-0.55353]},"Q2s":{"weight":1.0,"played":[0.9912,0.0088],"evs":[0.0,-4.75389]},"Q3s":{"weight":1.0,"played":[0.9857,0.0143],"evs":[0.0,-4.58245]},"Q4s":{"weight":1.0,"played":[0.9425,0.0575],"evs":[0.0,-4.50321]},"Q5s":{"weight":1.0,"played":[0.9981,0.0019],"evs":[0.0,-6.21504]},"Q6s":{"weight":1.0,"played":[0.7377,0.2623],"evs":[0.0,-1.13031]},"Q7s":{"weight":1.0,"played":[0.5751,0.4249],"evs":[0.0,-0.99803]},"Q8s":{"weight":1.0,"played":[0.8896,0.1104],"evs":[0.0,-5.03294]},"Q9s":{"weight":1.0,"played":[0.9652,0.0348],"evs":[0.0,-1.39116]},"QTs":{"weight":1.0,"played":[0.5627,0.4373],"evs":[0.0,1.83052]},"QJs":{"weight":1.0,"played":[0.9933,0.0067],"evs":[0.0,-0.89554]},"QQ":{"weight":1.0,"played":[0.0,1.0],"evs":[0.0,14.98546]},"KQo":{"weight":1.0,"played":[0.8557,0.1443],"evs":[0.0,-2.48925]},"AQo":{"weight":1.0,"played":[0.0367,0.9633],"evs":[0.0,1.40908]},"K2s":{"weight":1.0,"played":[0.9451,0.0549],"evs":[0.0,-5.25404]},"K3s":{"weight":1.0,"played":[0.9998,2.0E-4],"evs":[0.0,-3.73688]},"K4s":{"weight":1.0,"played":[0.9907,0.0093],"evs":[0.0,-4.27269]},"K5s":{"weight":1.0,"played":[0.9862,0.0138],"evs":[0.0,-4.18149]},"K6s":{"weight":1.0,"played":[0.6532,0.3468],"evs":[0.0,-1.84384]},"K7s":{"weight":1.0,"played":[0.9998,2.0E-4],"evs":[0.0,-2.30293]},"K8s":{"weight":1.0,"played":[0.8891,0.1109],"evs":[0.0,-2.0229]},"K9s":{"weight":1.0,"played":[0.9779,0.0221],"evs":[0.0,0.17338]},"KTs":{"weight":1.0,"played":[0.6761,0.3239],"evs":[0.0,-1.24391]},"KJs":{"weight":1.0,"played":[0.8929,0.1071],"evs":[0.0,-0.57721]},"KQs":{"weight":1.0,"played":[0.0384,0.9616],"evs":[0.0,2.64667]},"KK":{"weight":1.0,"played":[0.0,1.0],"evs":[0.0,22.33917]},"AKo":{"weight":1.0,"played":[5.0E-4,0.9995],"evs":[0.0,5.18097]},"A2s":{"weight":1.0,"played":[0.9418,0.0582],"evs":[0.0,-3.78326]},"A3s":{"weight":1.0,"played":[0.8732,0.1268],"evs":[0.0,-1.57244]},"A4s":{"weight":1.0,"played":[0.9676,0.0324],"evs":[0.0,-0.21259]},"A5s":{"weight":1.0,"played":[0.2436,0.7564],"evs":[0.0,0.02549]},"A6s":{"weight":1.0,"played":[0.6988,0.3012],"evs":[0.0,-1.80201]},"A7s":{"weight":1.0,"played":[0.8665,0.1335],"evs":[0.0,-3.68109]},"A8s":{"weight":1.0,"played":[0.2872,0.7128],"evs":[0.0,-0.4405]},"A9s":{"weight":1.0,"played":[0.1691,0.8309],"evs":[0.0,-0.51964]},"ATs":{"weight":1.0,"played":[0.1819,0.8181],"evs":[0.0,1.8145]},"AJs":{"weight":1.0,"played":[0.1143,0.8857],"evs":[0.0,1.54651]},"AQs":{"weight":1.0,"played":[0.0064,0.9936],"evs":[0.0,5.25261]},"AKs":{"weight":1.0,"played":[9.0E-4,0.9991],"evs":[0.0,4.72719]},"AA":{"weight":1.0,"played":[0.0,1.0],"evs":[0.0,29.22344]}}}