{"player":0,"street":0,"children":3,"sequence":[{"player":0,"type":"R","amount":200000,"street":0},{"player":1,"type":"C","amount":200000,"street":0},{"player":2,"type":"C","amount":200000,"street":0},{"player":3,"type":"F","amount":0,"street":0},{"player":4,"type":"R","amount":1245000,"street":0},{"player":5,"type":"F","amount":0,"street":0}],"actions":[{"type":"F","amount":0,"node":424},{"type":"C","amount":1045000,"node":427},{"type":"R","amount":2195000,"node":432}],"hands":{"22":{"weight":0.6958,"played":[0.9396,0.0428,0.0176],"evs":[0.0,-0.48773,-0.54325]},"32o":{"weight":0.0,"played":[0.9996,0.0,4.0E-4],"evs":[0.0,-5.29081,-5.16335]},"42o":{"weight":0.0,"played":[1.0,0.0,0.0],"evs":[0.0,-4.17592,-4.04539]},"52o":{"weight":0.0,"played":[1.0,0.0,0.0],"evs":[0.0,-4.24323,-4.04574]},"62o":{"weight":0.0,"played":[0.9994,0.0,6.0E-4],"evs":[0.0,-4.86326,-4.7626]},"72o":{"weight":0.0,"played":[0.9999,0.0,1.0E-4],"evs":[0.0,-4.28728,-4.31827]},"82o":{"weight":0.0,"played":[0.9998,1.0E-4,1.0E-4],"evs":[0.0,-4.43395,-4.32693]},"92o":{"weight":0.0,"played":[1.0,0.0,0.0],"evs":[0.0,-5.21388,-5.25459]},"T2o":{"weight":0.0,"played":[0.9999,0.0,1.0E-4],"evs":[0.0,-5.1982,-5.27599]},"J2o":{"weight":0.0,"played":[0.9994,0.0,6.0E-4],"evs":[0.0,-5.00042,-4.7492]},"Q2o":{"weight":0.0,"played":[0.9995,4.0E-4,1.0E-4],"evs":[0.0,-5.61806,-5.34827]},"K2o":{"weight":0.0,"played":[0.9986,3.0E-4,0.0011],"evs":[0.0,-4.722,-4.22082]},"A2o":{"weight":0.0,"played":[0.9995,5.0E-4,1.0E-4],"evs":[0.0,-3.8115,-3.7856]},"32s":{"weight":0.0,"played":[0.9929,0.0022,0.0049],"evs":[0.0,-3.10004,-2.96392]},"33":{"weight":0.9599,"played":[0.0353,0.8334,0.1313],"evs":[0.0,0.5399,0.29416]},"43o":{"weight":0.0,"played":[0.9999,0.0,1.0E-4],"evs":[0.0,-4.51294,-4.01124]},"53o":{"weight":0.0,"played":[0.9999,0.0,1.0E-4],"evs":[0.0,-2.82959,-2.89779]},"63o":{"weight":0.0,"played":[1.0,0.0,0.0],"evs":[0.0,-4.10876,-4.20016]},"73o":{"weight":0.0,"played":[1.0,0.0,0.0],"evs":[0.0,-4.74432,-4.40321]},"83o":{"weight":0.0,"played":[1.0,0.0,0.0],"evs":[0.0,-4.63402,-4.34957]},"93o":{"weight":0.0,"played":[0.9998,0.0,1.0E-4],"evs":[0.0,-4.98447,-4.85404]},"T3o":{"weight":0.0,"played":[1.0,0.0,0.0],"evs":[0.0,-5.5718,-5.34001]},"J3o":{"weight":0.0,"played":[1.0,0.0,0.0],"evs":[0.0,-4.77853,-4.67066]},"Q3o":{"weight":0.0,"played":[1.0,0.0,0.0],"evs":[0.0,-5.66853,-5.60638]},"K3o":{"weight":0.0,"played":[0.9999,0.0,1.0E-4],"evs":[0.0,-4.77924,-4.49849]},"A3o":{"weight":0.0,"played":[0.9782,0.0013,0.0204],"evs":[0.0,-2.47901,-2.13881]},"42s":{"weight":0.0,"played":[0.9535,0.0162,0.0304],"evs":[0.0,-2.59385,-2.45879]},"43s":{"weight":0.0,"played":[0.8717,0.0468,0.0816],"evs":[0.0,-2.2463,-2.554]},"44":{"weight":0.9292,"played":[0.0018,0.4772,0.521],"evs":[0.0,2.00878,1.91529]},"54o":{"weight":0.0,"played":[0.9986,9.0E-4,4.0E-4],"evs":[0.0,-2.98976,-2.78045]},"64o":{"weight":0.0,"played":[0.9976,0.0024,0.0],"evs":[0.0,-3.52697,-3.81659]},"74o":{"weight":0.0,"played":[0.9982,0.0016,2.0E-4],"evs":[0.0,-2.89741,-2.7579]},"84o":{"weight":0.0,"played":[0.9994,0.0,6.0E-4],"evs":[0.0,-3.53787,-3.6759]},"94o":{"weight":0.0,"played":[0.9999,0.0,1.0E-4],"evs":[0.0,-5.56858,-5.35744]},"T4o":{"weight":0.0,"played":[1.0,0.0,0.0],"evs":[0.0,-5.39353,-5.3955]},"J4o":{"weight":0.0,"played":[0.9997,0.0,3.0E-4],"evs":[0.0,-4.34344,-4.10497]},"Q4o":{"weight":0.0,"played":[1.0,0.0,0.0],"evs":[0.0,-4.82994,-4.56951]},"K4o":{"weight":0.0,"played":[0.9994,6.0E-4,0.0],"evs":[0.0,-4.31648,-4.21841]},"A4o":{"weight":0.0,"played":[0.9801,0.0099,0.01],"evs":[0.0,-1.78961,-1.84834]},"52s":{"weight":0.0,"played":[0.9203,5.0E-4,0.0792],"evs":[0.0,-1.61496,-1.3098]},"53s":{"weight":0.0,"played":[0.1859,0.5767,0.2374],"evs":[0.0,1.142,0.90092]},"54s":{"weight":0.0,"played":[0.4115,0.3465,0.242],"evs":[0.0,-0.8222,-0.97771]},"55":{"weight":0.986,"played":[3.0E-4,0.2104,0.7893],"evs":[0.0,2.82637,2.85215]},"65o":{"weight":0.0,"played":[0.9759,0.0158,0.0083],"evs":[0.0,-1.18845,-1.10554]},"75o":{"weight":0.0,"played":[1.0,0.0,0.0],"evs":[0.0,-2.64589,-2.54234]},"85o":{"weight":0.0,"played":[1.0,0.0,0.0],"evs":[0.0,-2.55086,-2.43062]},"95o":{"weight":0.0,"played":[1.0,0.0,0.0],"evs":[0.0,-3.04018,-3.05258]},"T5o":{"weight":0.0,"played":[0.9999,0.0,1.0E-4],"evs":[0.0,-3.92486,-4.18255]},"J5o":{"weight":0.0,"played":[1.0,0.0,0.0],"evs":[0.0,-4.40037,-4.26302]},"Q5o":{"weight":0.0,"played":[0.9998,0.0,2.0E-4],"evs":[0.0,-5.37791,-5.02653]},"K5o":{"weight":0.0,"played":[0.9996,0.0,3.0E-4],"evs":[0.0,-3.84443,-3.62926]},"A5o":{"weight":1.0,"played":[0.9863,0.0132,4.0E-4],"evs":[0.0,-2.4465,-2.23986]},"62s":{"weight":0.0,"played":[0.9993,3.0E-4,4.0E-4],"evs":[0.0,-3.00932,-3.19011]},"63s":{"weight":0.0,"played":[0.9982,0.0,0.0018],"evs":[0.0,-2.83314,-2.65722]},"64s":{"weight":0.0,"played":[0.5301,0.2052,0.2646],"evs":[0.0,-0.38701,-0.01771]},"65s":{"weight":0.0,"played":[0.0141,0.7354,0.2505],"evs":[0.0,0.14434,0.10867]},"66":{"weight":0.7522,"played":[0.0,0.672,0.328],"evs":[0.0,3.9153,3.81954]},"76o":{"weight":0.0,"played":[0.9757,0.0087,0.0157],"evs":[0.0,-1.41036,-1.37823]},"86o":{"weight":0.0,"played":[0.9986,0.0013,1.0E-4],"evs":[0.0,-2.12371,-1.97592]},"96o":{"weight":0.0,"played":[1.0,0.0,0.0],"evs":[0.0,-1.75634,-1.96021]},"T6o":{"weight":0.0,"played":[0.9973,0.0,0.0026],"evs":[0.0,-3.26667,-3.08112]},"J6o":{"weight":0.0,"played":[1.0,0.0,0.0],"evs":[0.0,-4.24148,-4.41615]},"Q6o":{"weight":0.0,"played":[1.0,0.0,0.0],"evs":[0.0,-4.49133,-4.3065]},"K6o":{"weight":0.0,"played":[0.9999,0.0,1.0E-4],"evs":[0.0,-2.56356,-2.55583]},"A6o":{"weight":3.0E-4,"played":[0.9765,0.0221,0.0014],"evs":[0.0,-2.4036,-2.35241]},"72s":{"weight":0.0,"played":[0.9839,0.0021,0.014],"evs":[0.0,-2.94582,-2.71912]},"73s":{"weight":0.0,"played":[0.9941,0.0026,0.0033],"evs":[0.0,-1.91223,-1.89462]},"74s":{"weight":0.0,"played":[0.943,0.0217,0.0353],"evs":[0.0,-0.88001,-0.85194]},"75s":{"weight":0.0,"played":[0.9056,5.0E-4,0.0939],"evs":[0.0,-0.55818,-0.64712]},"76s":{"weight":0.8966,"played":[0.0356,0.4,0.5644],"evs":[0.0,1.7022,1.63826]},"77":{"weight":0.839,"played":[0.0,1.0E-4,0.9999],"evs":[0.0,5.36636,5.64276]},"87o":{"weight":0.0,"played":[0.9945,0.0028,0.0028],"evs":[0.0,-1.27487,-0.99636]},"97o":{"weight":0.0,"played":[0.9988,5.0E-4,8.0E-4],"evs":[0.0,-1.40867,-1.3944]},"T7o":{"weight":0.0,"played":[0.9992,0.0,8.0E-4],"evs":[0.0,-2.59103,-2.58296]},"J7o":{"weight":0.0,"played":[0.9848,0.007,0.0082],"evs":[0.0,-3.6743,-3.82849]},"Q7o":{"weight":0.0,"played":[0.9971,7.0E-4,0.0022],"evs":[0.0,-3.50333,-3.62121]},"K7o":{"weight":0.0,"played":[0.9901,0.0077,0.0022],"evs":[0.0,-2.79949,-2.50203]},"A7o":{"weight":1.0,"played":[0.9992,2.0E-4,6.0E-4],"evs":[0.0,-2.32792,-2.16249]},"82s":{"weight":0.0,"played":[1.0,0.0,0.0],"evs":[0.0,-4.77667,-4.58171]},"83s":{"weight":0.0,"played":[1.0,0.0,0.0],"evs":[0.0,-2.44734,-2.42538]},"84s":{"weight":0.0,"played":[0.998,8.0E-4,0.0012],"evs":[0.0,-1.93618,-1.46773]},"85s":{"weight":0.0,"played":[0.929,0.0,0.071],"evs":[0.0,-0.00139,0.11653]},"86s":{"weight":0.0,"played":[0.7531,0.0218,0.2251],"evs":[0.0,-1.71547,-1.25641]},"87s":{"weight":0.9998,"played":[0.1873,0.4686,0.3441],"evs":[0.0,0.41394,0.37614]},"88":{"weight":0.9982,"played":[6.0E-4,4.0E-4,0.999],"evs":[0.0,6.65145,6.83763]},"98o":{"weight":0.0,"played":[1.0,0.0,0.0],"evs":[0.0,-1.88294,-2.05451]},"T8o":{"weight":0.0,"played":[0.9996,0.0,4.0E-4],"evs":[0.0,-1.70941,-1.38813]},"J8o":{"weight":0.0,"played":[0.9999,0.0,1.0E-4],"evs":[0.0,-2.48565,-2.77171]},"Q8o":{"weight":0.0,"played":[0.9985,0.0,0.0015],"evs":[0.0,-4.08622,-4.2392]},"K8o":{"weight":0.0,"played":[0.9994,1.0E-4,6.0E-4],"evs":[0.0,-2.63184,-2.60928]},"A8o":{"weight":1.0,"played":[0.8494,0.0345,0.1161],"evs":[0.0,-0.41803,-0.19314]},"92s":{"weight":0.0,"played":[0.9995,1.0E-4,4.0E-4],"evs":[0.0,-0.94487,-0.81025]},"93s":{"weight":0.0,"played":[0.9997,0.0,3.0E-4],"evs":[0.0,-2.03881,-1.81538]},"94s":{"weight":0.0,"played":[0.997,0.0,0.003],"evs":[0.0,-4.34927,-3.49688]},"95s":{"weight":0.0,"played":[0.9738,0.0044,0.0218],"evs":[0.0,-2.56071,-2.19679]},"96s":{"weight":0.0,"played":[0.4299,0.1737,0.3964],"evs":[0.0,1.66202,1.66621]},"97s":{"weight":0.2425,"played":[0.8397,0.0823,0.0781],"evs":[0.0,-0.89032,-0.6875]},"98s":{"weight":1.0,"played":[0.0197,0.3804,0.5999],"evs":[0.0,0.39414,0.49146]},"99":{"weight":0.9999,"played":[0.0,0.964,0.036],"evs":[0.0,7.94896,7.57344]},"T9o":{"weight":0.0,"played":[0.9226,0.0729,0.0046],"evs":[0.0,-1.42197,-1.28339]},"J9o":{"weight":0.0,"played":[0.9918,0.0056,0.0026],"evs":[0.0,-1.26081,-1.41151]},"Q9o":{"weight":0.0,"played":[0.9986,0.0,0.0014],"evs":[0.0,-2.54572,-2.27475]},"K9o":{"weight":0.0,"played":[0.9996,0.0,4.0E-4],"evs":[0.0,-1.84375,-1.81007]},"A9o":{"weight":1.0,"played":[0.8153,0.0572,0.1275],"evs":[0.0,-0.57491,-0.49647]},"T2s":{"weight":0.0,"played":[0.9978,2.0E-4,0.002],"evs":[0.0,-2.61339,-2.41047]},"T3s":{"weight":0.0,"played":[0.9787,0.0,0.0213],"evs":[0.0,-3.48254,-3.12816]},"T4s":{"weight":0.0,"played":[0.9904,0.006,0.0037],"evs":[0.0,-2.05897,-1.90405]},"T5s":{"weight":0.0,"played":[0.9967,0.0,0.0033],"evs":[0.0,-3.73172,-3.63192]},"T6s":{"weight":0.0,"played":[0.3051,0.206,0.4889],"evs":[0.0,-0.00141,0.40947]},"T7s":{"weight":0.0,"played":[0.9759,0.0054,0.0187],"evs":[0.0,-1.10565,-1.04737]},"T8s":{"weight":0.9999,"played":[0.2379,0.0505,0.7116],"evs":[0.0,1.26024,1.38742]},"T9s":{"weight":0.9992,"played":[0.0015,0.2782,0.7204],"evs":[0.0,1.29257,1.36031]},"TT":{"weight":1.0,"played":[0.0,0.6982,0.3018],"evs":[0.0,8.6374,8.21467]},"JTo":{"weight":0.9998,"played":[0.9992,0.0,8.0E-4],"evs":[0.0,-0.91359,-0.78672]},"QTo":{"weight":1.0,"played":[0.9964,2.0E-4,0.0035],"evs":[0.0,-2.91696,-2.57118]},"KTo":{"weight":0.9999,"played":[0.9973,5.0E-4,0.0022],"evs":[0.0,-1.83606,-1.71686]},"ATo":{"weight":0.9995,"played":[5.0E-4,0.7432,0.2562],"evs":[0.0,1.40951,1.25942]},"J2s":{"weight":0.0,"played":[0.9982,7.0E-4,0.001],"evs":[0.0,-4.3716,-4.0735]},"J3s":{"weight":0.0,"played":[0.9571,0.0052,0.0376],"evs":[0.0,-1.57788,-2.09658]},"J4s":{"weight":0.0,"played":[0.959,0.01,0.0311],"evs":[0.0,-3.21534,-3.22992]},"J5s":{"weight":0.0,"played":[0.9861,0.0027,0.0111],"evs":[0.0,-2.02058,-1.8173]},"J6s":{"weight":0.0,"played":[0.9665,0.0028,0.0307],"evs":[0.0,-1.37571,-1.14887]},"J7s":{"weight":0.0,"played":[0.9064,0.0539,0.0397],"evs":[0.0,-1.98928,-2.57233]},"J8s":{"weight":0.9993,"played":[0.5533,0.2307,0.216],"evs":[0.0,-0.16631,-0.05508]},"J9s":{"weight":0.8909,"played":[0.5267,0.2286,0.2446],"evs":[0.0,-0.73655,-0.5942]},"JTs":{"weight":0.8441,"played":[0.0055,0.8344,0.1601],"evs":[0.0,0.82175,0.36001]},"JJ":{"weight":1.0,"played":[0.0,0.109,0.891],"evs":[0.0,10.79381,10.80761]},"QJo":{"weight":1.0,"played":[0.9836,0.0133,0.003],"evs":[0.0,-1.6871,-1.53416]},"KJo":{"weight":0.9919,"played":[0.979,0.0198,0.0012],"evs":[0.0,-1.4864,-1.2895]},"AJo":{"weight":0.8669,"played":[0.0,0.311,0.689],"evs":[0.0,3.87319,3.84781]},"Q2s":{"weight":0.0,"played":[0.9551,0.0442,7.0E-4],"evs":[0.0,-2.42086,-2.3942]},"Q3s":{"weight":0.0,"played":[0.9975,4.0E-4,0.0021],"evs":[0.0,-2.77423,-3.00138]},"Q4s":{"weight":0.0,"played":[0.9978,1.0E-4,0.0021],"evs":[0.0,-3.38569,-2.98041]},"Q5s":{"weight":0.0,"played":[0.9846,0.0123,0.0031],"evs":[0.0,-2.64396,-2.39004]},"Q6s":{"weight":0.0,"played":[0.4578,0.233,0.3092],"evs":[0.0,0.30909,0.4626]},"Q7s":{"weight":0.0,"played":[0.4753,0.141,0.3836],"evs":[0.0,-0.47394,-0.32175]},"Q8s":{"weight":0.9998,"played":[0.8133,0.1295,0.0571],"evs":[0.0,0.32823,0.20465]},"Q9s":{"weight":0.9999,"played":[0.3577,0.1561,0.4862],"evs":[0.0,0.29069,0.38436]},"QTs":{"weight":0.9988,"played":[0.4153,0.3694,0.2153],"evs":[0.0,0.01644,0.15852]},"QJs":{"weight":0.9977,"played":[0.1659,0.0423,0.7918],"evs":[0.0,0.86395,1.65509]},"QQ":{"weight":1.0,"played":[0.0,0.0,1.0],"evs":[0.0,13.62628,13.75324]},"KQo":{"weight":0.9491,"played":[0.1315,0.4255,0.443],"evs":[0.0,0.28402,0.40412]},"AQo":{"weight":0.9015,"played":[0.0,0.3972,0.6028],"evs":[0.0,5.25303,5.23636]},"K2s":{"weight":0.0,"played":[0.9041,0.0738,0.0221],"evs":[0.0,-1.57158,-1.40088]},"K3s":{"weight":0.0,"played":[0.786,0.1154,0.0986],"evs":[0.0,-1.36934,-1.44814]},"K4s":{"weight":0.0,"played":[0.9993,0.0,7.0E-4],"evs":[0.0,-3.79122,-2.76456]},"K5s":{"weight":0.765,"played":[0.9144,0.055,0.0306],"evs":[0.0,-1.35176,-1.37544]},"K6s":{"weight":1.0,"played":[0.6858,0.0798,0.2344],"evs":[0.0,-0.72028,-0.53126]},"K7s":{"weight":1.0,"played":[0.7306,0.112,0.1574],"evs":[0.0,-1.32819,-1.13699]},"K8s":{"weight":1.0,"played":[0.0623,0.0175,0.9202],"evs":[0.0,-0.60228,-0.01362]},"K9s":{"weight":0.999,"played":[0.1712,0.0296,0.7992],"evs":[0.0,-0.11534,0.45388]},"KTs":{"weight":0.7429,"played":[6.0E-4,0.0808,0.9186],"evs":[0.0,0.62261,0.84368]},"KJs":{"weight":0.9998,"played":[0.0146,0.0282,0.9571],"evs":[0.0,0.41677,0.69975]},"KQs":{"weight":1.0,"played":[1.0E-4,0.9681,0.0318],"evs":[0.0,2.62477,2.3254]},"KK":{"weight":1.0,"played":[0.0,0.2905,0.7095],"evs":[0.0,18.89168,19.14929]},"AKo":{"weight":1.0,"played":[0.0,0.0568,0.9432],"evs":[0.0,7.57515,8.00543]},"A2s":{"weight":0.9993,"played":[0.6232,0.0517,0.3251],"evs":[0.0,-0.42079,-0.23832]},"A3s":{"weight":0.9983,"played":[0.9097,0.0375,0.0528],"evs":[0.0,-1.36783,-1.22912]},"A4s":{"weight":0.9692,"played":[0.3307,0.3696,0.2997],"evs":[0.0,0.71521,0.69017]},"A5s":{"weight":0.7218,"played":[0.5696,0.0056,0.4247],"evs":[0.0,-0.08807,-0.19248]},"A6s":{"weight":0.993,"played":[0.3039,0.3361,0.36],"evs":[0.0,-0.13018,0.1448]},"A7s":{"weight":0.9999,"played":[7.0E-4,0.0014,0.9979],"evs":[0.0,0.34211,1.13874]},"A8s":{"weight":1.0,"played":[4.0E-4,0.7602,0.2394],"evs":[0.0,1.51827,1.56201]},"A9s":{"weight":1.0,"played":[0.0602,0.1488,0.7911],"evs":[0.0,0.97446,1.13541]},"ATs":{"weight":1.0,"played":[0.0,0.2953,0.7047],"evs":[0.0,2.48208,2.67895]},"AJs":{"weight":1.0,"played":[0.0,0.6727,0.3273],"evs":[0.0,6.60637,6.51087]},"AQs":{"weight":1.0,"played":[1.0E-4,0.9641,0.0358],"evs":[0.0,7.76507,7.55063]},"AKs":{"weight":1.0,"played":[0.0,0.3629,0.6371],"evs":[0.0,8.81361,8.61178]},"AA":{"weight":1.0,"played":[0.0,0.0253,0.9747],"evs":[0.0,25.68331,26.07155]}}}