{"player":2,"street":0,"children":2,"sequence":[{"player":0,"type":"R","amount":200000,"street":0},{"player":1,"type":"C","amount":200000,"street":0},{"player":2,"type":"C","amount":200000,"street":0},{"player":3,"type":"F","amount":0,"street":0},{"player":4,"type":"R","amount":1245000,"street":0},{"player":5,"type":"F","amount":0,"street":0},{"player":0,"type":"R","amount":2195000,"street":0},{"player":1,"type":"F","amount":0,"street":0}],"actions":[{"type":"F","amount":0},{"type":"C","amount":995000}],"hands":{"22":{"weight":0.0,"played":[0.633,0.367],"evs":[0.0,-0.35798]},"32o":{"weight":0.0,"played":[1.0,0.0],"evs":[0.0,-2.93298]},"42o":{"weight":0.0,"played":[0.9997,3.0E-4],"evs":[0.0,-2.94251]},"52o":{"weight":0.0,"played":[0.9998,2.0E-4],"evs":[0.0,-2.95549]},"62o":{"weight":0.0,"played":[1.0,0.0],"evs":[0.0,-2.89251]},"72o":{"weight":0.0,"played":[1.0,0.0],"evs":[0.0,-3.29232]},"82o":{"weight":0.0,"played":[0.9999,1.0E-4],"evs":[0.0,-3.24394]},"92o":{"weight":0.0,"played":[0.9968,0.0032],"evs":[0.0,-3.33464]},"T2o":{"weight":0.0,"played":[1.0,0.0],"evs":[0.0,-3.19068]},"J2o":{"weight":0.0,"played":[1.0,0.0],"evs":[0.0,-3.44463]},"Q2o":{"weight":0.0,"played":[0.9994,6.0E-4],"evs":[0.0,-2.14502]},"K2o":{"weight":0.0,"played":[0.9942,0.0058],"evs":[0.0,-2.66179]},"A2o":{"weight":0.0,"played":[0.9977,0.0023],"evs":[0.0,-2.59957]},"32s":{"weight":0.0,"played":[0.9764,0.0236],"evs":[0.0,-1.10221]},"33":{"weight":0.0,"played":[0.9406,0.0594],"evs":[0.0,-0.66029]},"43o":{"weight":0.0,"played":[0.9999,1.0E-4],"evs":[0.0,-2.02464]},"53o":{"weight":0.0,"played":[0.9977,0.0023],"evs":[0.0,-1.74664]},"63o":{"weight":0.0,"played":[1.0,0.0],"evs":[0.0,-2.65922]},"73o":{"weight":0.0,"played":[0.9999,1.0E-4],"evs":[0.0,-3.31041]},"83o":{"weight":0.0,"played":[1.0,0.0],"evs":[0.0,-3.49825]},"93o":{"weight":0.0,"played":[1.0,0.0],"evs":[0.0,-3.144]},"T3o":{"weight":0.0,"played":[1.0,0.0],"evs":[0.0,-2.80209]},"J3o":{"weight":0.0,"played":[0.9994,6.0E-4],"evs":[0.0,-2.90851]},"Q3o":{"weight":0.0,"played":[0.9992,8.0E-4],"evs":[0.0,-2.48643]},"K3o":{"weight":0.0,"played":[0.9988,0.0012],"evs":[0.0,-2.9236]},"A3o":{"weight":0.0,"played":[0.9858,0.0142],"evs":[0.0,-1.48983]},"42s":{"weight":0.0,"played":[0.9993,7.0E-4],"evs":[0.0,-1.8947]},"43s":{"weight":0.0,"played":[0.9739,0.0261],"evs":[0.0,-1.49053]},"44":{"weight":0.0,"played":[0.7612,0.2388],"evs":[0.0,-0.5144]},"54o":{"weight":0.0,"played":[0.991,0.009],"evs":[0.0,-1.4342]},"64o":{"weight":0.0,"played":[0.9995,5.0E-4],"evs":[0.0,-2.47308]},"74o":{"weight":0.0,"played":[1.0,0.0],"evs":[0.0,-2.87429]},"84o":{"weight":0.0,"played":[1.0,0.0],"evs":[0.0,-3.17649]},"94o":{"weight":0.0,"played":[1.0,0.0],"evs":[0.0,-3.1193]},"T4o":{"weight":0.0,"played":[0.9999,1.0E-4],"evs":[0.0,-3.27366]},"J4o":{"weight":0.0,"played":[0.9982,0.0018],"evs":[0.0,-2.5042]},"Q4o":{"weight":0.0,"played":[0.9999,1.0E-4],"evs":[0.0,-2.00216]},"K4o":{"weight":0.0,"played":[1.0,0.0],"evs":[0.0,-2.69435]},"A4o":{"weight":0.0,"played":[0.9994,6.0E-4],"evs":[0.0,-2.38137]},"52s":{"weight":0.0,"played":[0.9847,0.0153],"evs":[0.0,-2.05616]},"53s":{"weight":0.0,"played":[0.872,0.128],"evs":[0.0,-0.85363]},"54s":{"weight":0.0,"played":[0.9024,0.0976],"evs":[0.0,-0.63247]},"55":{"weight":0.9828,"played":[1.0E-4,0.9999],"evs":[0.0,0.66513]},"65o":{"weight":0.0,"played":[0.9983,0.0017],"evs":[0.0,-1.38948]},"75o":{"weight":0.0,"played":[0.999,0.001],"evs":[0.0,-2.0127]},"85o":{"weight":0.0,"played":[0.9892,0.0108],"evs":[0.0,-1.9093]},"95o":{"weight":0.0,"played":[0.9999,1.0E-4],"evs":[0.0,-2.7485]},"T5o":{"weight":0.0,"played":[1.0,0.0],"evs":[0.0,-2.97065]},"J5o":{"weight":0.0,"played":[0.9999,1.0E-4],"evs":[0.0,-2.75546]},"Q5o":{"weight":0.0,"played":[0.9996,4.0E-4],"evs":[0.0,-1.95906]},"K5o":{"weight":0.0,"played":[0.9987,0.0013],"evs":[0.0,-2.03341]},"A5o":{"weight":0.0,"played":[0.9938,0.0062],"evs":[0.0,-2.03948]},"62s":{"weight":0.0,"played":[0.9999,1.0E-4],"evs":[0.0,-1.88958]},"63s":{"weight":0.0,"played":[0.9995,5.0E-4],"evs":[0.0,-1.41164]},"64s":{"weight":0.0,"played":[0.2734,0.7266],"evs":[0.0,-0.35286]},"65s":{"weight":0.0,"played":[0.4881,0.5119],"evs":[0.0,0.3062]},"66":{"weight":0.0059,"played":[4.0E-4,0.9996],"evs":[0.0,1.84328]},"76o":{"weight":0.0,"played":[0.9986,0.0014],"evs":[0.0,-1.39582]},"86o":{"weight":0.0,"played":[0.9973,0.0027],"evs":[0.0,-1.37878]},"96o":{"weight":0.0,"played":[0.9896,0.0104],"evs":[0.0,-1.97682]},"T6o":{"weight":0.0,"played":[1.0,0.0],"evs":[0.0,-2.1076]},"J6o":{"weight":0.0,"played":[0.9995,5.0E-4],"evs":[0.0,-2.87242]},"Q6o":{"weight":0.0,"played":[0.9998,2.0E-4],"evs":[0.0,-2.21292]},"K6o":{"weight":0.0,"played":[0.9997,3.0E-4],"evs":[0.0,-2.08418]},"A6o":{"weight":0.0,"played":[0.999,0.001],"evs":[0.0,-2.31941]},"72s":{"weight":0.0,"played":[0.9971,0.0029],"evs":[0.0,-2.28213]},"73s":{"weight":0.0,"played":[0.9744,0.0256],"evs":[0.0,-1.58198]},"74s":{"weight":0.0,"played":[0.9741,0.0259],"evs":[0.0,-1.26363]},"75s":{"weight":0.0,"played":[0.9977,0.0023],"evs":[0.0,-0.2705]},"76s":{"weight":0.0,"played":[0.5774,0.4226],"evs":[0.0,-0.28256]},"77":{"weight":3.0E-4,"played":[0.0023,0.9977],"evs":[0.0,2.61527]},"87o":{"weight":0.0,"played":[0.9999,1.0E-4],"evs":[0.0,-0.98154]},"97o":{"weight":0.0,"played":[0.9916,0.0084],"evs":[0.0,-1.20186]},"T7o":{"weight":0.0,"played":[0.9988,0.0012],"evs":[0.0,-1.33083]},"J7o":{"weight":0.0,"played":[0.9993,7.0E-4],"evs":[0.0,-1.72967]},"Q7o":{"weight":0.0,"played":[0.9998,2.0E-4],"evs":[0.0,-1.7513]},"K7o":{"weight":0.0,"played":[0.9931,0.0069],"evs":[0.0,-1.45186]},"A7o":{"weight":0.0,"played":[0.9849,0.0151],"evs":[0.0,-2.0793]},"82s":{"weight":0.0,"played":[0.999,0.001],"evs":[0.0,-1.46231]},"83s":{"weight":0.0,"played":[0.988,0.012],"evs":[0.0,-2.45015]},"84s":{"weight":0.0,"played":[1.0,0.0],"evs":[0.0,-0.97033]},"85s":{"weight":0.0,"played":[0.1298,0.8702],"evs":[0.0,0.34856]},"86s":{"weight":0.0,"played":[0.7985,0.2015],"evs":[0.0,-0.03837]},"87s":{"weight":0.0,"played":[0.1157,0.8843],"evs":[0.0,0.16429]},"88":{"weight":0.0,"played":[5.0E-4,0.9995],"evs":[0.0,3.46667]},"98o":{"weight":0.0,"played":[0.8652,0.1348],"evs":[0.0,-0.58344]},"T8o":{"weight":0.0,"played":[0.9939,0.0061],"evs":[0.0,-0.84132]},"J8o":{"weight":0.0,"played":[0.9725,0.0275],"evs":[0.0,-1.22521]},"Q8o":{"weight":0.0,"played":[0.9937,0.0063],"evs":[0.0,-1.27157]},"K8o":{"weight":0.0,"played":[0.9935,0.0065],"evs":[0.0,-1.4759]},"A8o":{"weight":0.0,"played":[0.9955,0.0045],"evs":[0.0,-1.23245]},"92s":{"weight":0.0,"played":[0.9991,9.0E-4],"evs":[0.0,-2.0016]},"93s":{"weight":0.0,"played":[0.9973,0.0027],"evs":[0.0,-1.79069]},"94s":{"weight":0.0,"played":[0.9999,1.0E-4],"evs":[0.0,-1.30032]},"95s":{"weight":0.0,"played":[0.9374,0.0626],"evs":[0.0,-0.84085]},"96s":{"weight":0.0,"played":[0.6043,0.3957],"evs":[0.0,-0.14169]},"97s":{"weight":0.0,"played":[0.7727,0.2273],"evs":[0.0,0.13541]},"98s":{"weight":0.0,"played":[0.1397,0.8603],"evs":[0.0,0.93571]},"99":{"weight":5.0E-4,"played":[0.0,1.0],"evs":[0.0,5.29765]},"T9o":{"weight":0.0,"played":[0.9811,0.0189],"evs":[0.0,-0.66191]},"J9o":{"weight":0.0,"played":[0.9992,8.0E-4],"evs":[0.0,-0.86898]},"Q9o":{"weight":0.0,"played":[0.9273,0.0727],"evs":[0.0,-0.41708]},"K9o":{"weight":0.0,"played":[0.997,0.003],"evs":[0.0,-1.49964]},"A9o":{"weight":0.0,"played":[0.9998,2.0E-4],"evs":[0.0,-0.96277]},"T2s":{"weight":0.0,"played":[0.6732,0.3268],"evs":[0.0,-0.48634]},"T3s":{"weight":0.0,"played":[0.9999,1.0E-4],"evs":[0.0,-1.34721]},"T4s":{"weight":0.0,"played":[0.9998,2.0E-4],"evs":[0.0,-0.98591]},"T5s":{"weight":0.0,"played":[0.9708,0.0292],"evs":[0.0,-1.78325]},"T6s":{"weight":0.0,"played":[0.7368,0.2632],"evs":[0.0,-0.9203]},"T7s":{"weight":0.0,"played":[0.9642,0.0358],"evs":[0.0,-0.62246]},"T8s":{"weight":0.0,"played":[0.1044,0.8956],"evs":[0.0,1.28012]},"T9s":{"weight":0.0,"played":[0.1298,0.8702],"evs":[0.0,0.08927]},"TT":{"weight":0.0,"played":[1.0E-4,0.9999],"evs":[0.0,5.24927]},"JTo":{"weight":0.0,"played":[0.7122,0.2878],"evs":[0.0,0.22888]},"QTo":{"weight":0.0,"played":[0.6687,0.3313],"evs":[0.0,0.27774]},"KTo":{"weight":0.0,"played":[0.7267,0.2733],"evs":[0.0,-0.4299]},"ATo":{"weight":0.0133,"played":[0.102,0.898],"evs":[0.0,0.68529]},"J2s":{"weight":0.0,"played":[0.9912,0.0088],"evs":[0.0,-1.37949]},"J3s":{"weight":0.0,"played":[0.9618,0.0382],"evs":[0.0,-1.59958]},"J4s":{"weight":0.0,"played":[0.992,0.008],"evs":[0.0,-2.11485]},"J5s":{"weight":0.0,"played":[0.9043,0.0957],"evs":[0.0,-0.14847]},"J6s":{"weight":0.0,"played":[0.8204,0.1796],"evs":[0.0,0.31074]},"J7s":{"weight":0.0,"played":[0.983,0.017],"evs":[0.0,-0.90866]},"J8s":{"weight":0.0,"played":[0.7884,0.2116],"evs":[0.0,-0.84113]},"J9s":{"weight":0.0,"played":[0.8118,0.1882],"evs":[0.0,-0.44008]},"JTs":{"weight":0.0,"played":[0.4017,0.5983],"evs":[0.0,1.15846]},"JJ":{"weight":0.0,"played":[0.0,1.0],"evs":[0.0,7.24248]},"QJo":{"weight":0.0,"played":[0.2775,0.7225],"evs":[0.0,0.18064]},"KJo":{"weight":0.0,"played":[0.6427,0.3573],"evs":[0.0,0.3926]},"AJo":{"weight":0.0,"played":[0.0039,0.9961],"evs":[0.0,1.01704]},"Q2s":{"weight":0.0,"played":[0.994,0.006],"evs":[0.0,-1.00338]},"Q3s":{"weight":0.0,"played":[0.9999,1.0E-4],"evs":[0.0,-1.37407]},"Q4s":{"weight":0.0,"played":[0.957,0.043],"evs":[0.0,-0.82139]},"Q5s":{"weight":0.0,"played":[0.989,0.011],"evs":[0.0,-1.1742]},"Q6s":{"weight":0.0,"played":[0.8462,0.1538],"evs":[0.0,0.01264]},"Q7s":{"weight":0.0,"played":[0.319,0.681],"evs":[0.0,-0.1979]},"Q8s":{"weight":0.0,"played":[0.2997,0.7003],"evs":[0.0,0.17845]},"Q9s":{"weight":0.0,"played":[0.0228,0.9772],"evs":[0.0,0.6489]},"QTs":{"weight":0.995,"played":[7.0E-4,0.9993],"evs":[0.0,1.588]},"QJs":{"weight":0.9974,"played":[0.0,1.0],"evs":[0.0,1.07541]},"QQ":{"weight":0.0,"played":[0.0,1.0],"evs":[0.0,10.58487]},"KQo":{"weight":1.0,"played":[5.0E-4,0.9995],"evs":[0.0,0.67814]},"AQo":{"weight":0.0,"played":[3.0E-4,0.9997],"evs":[0.0,1.88175]},"K2s":{"weight":0.0,"played":[0.9908,0.0092],"evs":[0.0,-1.54213]},"K3s":{"weight":0.0,"played":[0.9774,0.0226],"evs":[0.0,-1.86557]},"K4s":{"weight":0.0,"played":[0.4086,0.5914],"evs":[0.0,9.5E-4]},"K5s":{"weight":0.0,"played":[0.2012,0.7988],"evs":[0.0,-0.34941]},"K6s":{"weight":0.0,"played":[0.0665,0.9335],"evs":[0.0,0.62694]},"K7s":{"weight":0.0,"played":[0.9106,0.0894],"evs":[0.0,-0.55444]},"K8s":{"weight":0.0,"played":[0.439,0.561],"evs":[0.0,-0.3135]},"K9s":{"weight":0.0,"played":[0.275,0.725],"evs":[0.0,0.31717]},"KTs":{"weight":0.7081,"played":[0.0,1.0],"evs":[0.0,1.31099]},"KJs":{"weight":0.9997,"played":[1.0E-4,0.9999],"evs":[0.0,1.40924]},"KQs":{"weight":0.0021,"played":[0.0,1.0],"evs":[0.0,2.79942]},"KK":{"weight":0.0,"played":[0.0,1.0],"evs":[0.0,12.05964]},"AKo":{"weight":0.0,"played":[0.0,1.0],"evs":[0.0,3.71378]},"A2s":{"weight":0.0,"played":[0.8483,0.1517],"evs":[0.0,-0.13861]},"A3s":{"weight":0.0,"played":[0.8036,0.1964],"evs":[0.0,-0.86293]},"A4s":{"weight":0.0,"played":[0.7707,0.2293],"evs":[0.0,-1.27173]},"A5s":{"weight":1.0E-4,"played":[0.9666,0.0334],"evs":[0.0,-1.04451]},"A6s":{"weight":0.0,"played":[0.4606,0.5394],"evs":[0.0,-0.22264]},"A7s":{"weight":7.0E-4,"played":[0.7178,0.2822],"evs":[0.0,-0.53722]},"A8s":{"weight":0.4347,"played":[0.3571,0.6429],"evs":[0.0,0.14397]},"A9s":{"weight":0.4003,"played":[0.0775,0.9225],"evs":[0.0,1.19846]},"ATs":{"weight":0.0373,"played":[3.0E-4,0.9997],"evs":[0.0,1.33982]},"AJs":{"weight":1.0E-4,"played":[8.0E-4,0.9992],"evs":[0.0,3.19909]},"AQs":{"weight":0.0,"played":[4.0E-4,0.9996],"evs":[0.0,2.88598]},"AKs":{"weight":0.0,"played":[1.0E-4,0.9999],"evs":[0.0,4.82752]},"AA":{"weight":0.0025,"played":[0.0,1.0],"evs":[0.0,18.14326]}}}