{"player":2,"street":0,"children":2,"sequence":[{"player":0,"type":"R","amount":200000,"street":0},{"player":1,"type":"C","amount":200000,"street":0},{"player":2,"type":"C","amount":200000,"street":0},{"player":3,"type":"F","amount":0,"street":0},{"player":4,"type":"R","amount":1245000,"street":0},{"player":5,"type":"F","amount":0,"street":0},{"player":0,"type":"R","amount":2195000,"street":0},{"player":1,"type":"C","amount":1995000,"street":0}],"actions":[{"type":"F","amount":0},{"type":"C","amount":995000}],"hands":{"22":{"weight":0.0,"played":[1.0,0.0],"evs":[0.0,-1.42659]},"32o":{"weight":0.0,"played":[1.0,0.0],"evs":[0.0,-3.94946]},"42o":{"weight":0.0,"played":[1.0,0.0],"evs":[0.0,-3.39481]},"52o":{"weight":0.0,"played":[1.0,0.0],"evs":[0.0,-3.17635]},"62o":{"weight":0.0,"played":[1.0,0.0],"evs":[0.0,-3.80766]},"72o":{"weight":0.0,"played":[1.0,0.0],"evs":[0.0,-4.47694]},"82o":{"weight":0.0,"played":[1.0,0.0],"evs":[0.0,-4.07963]},"92o":{"weight":0.0,"played":[1.0,0.0],"evs":[0.0,-4.1081]},"T2o":{"weight":0.0,"played":[1.0,0.0],"evs":[0.0,-4.42274]},"J2o":{"weight":0.0,"played":[1.0,0.0],"evs":[0.0,-4.26471]},"Q2o":{"weight":0.0,"played":[1.0,0.0],"evs":[0.0,-3.54202]},"K2o":{"weight":0.0,"played":[0.9998,2.0E-4],"evs":[0.0,-3.15067]},"A2o":{"weight":0.0,"played":[0.9998,2.0E-4],"evs":[0.0,-4.39909]},"32s":{"weight":0.0,"played":[0.9999,1.0E-4],"evs":[0.0,-2.30356]},"33":{"weight":0.0,"played":[0.9853,0.0147],"evs":[0.0,-0.91171]},"43o":{"weight":0.0,"played":[0.9992,8.0E-4],"evs":[0.0,-2.80214]},"53o":{"weight":0.0,"played":[1.0,0.0],"evs":[0.0,-2.7586]},"63o":{"weight":0.0,"played":[1.0,0.0],"evs":[0.0,-3.06785]},"73o":{"weight":0.0,"played":[1.0,0.0],"evs":[0.0,-3.39239]},"83o":{"weight":0.0,"played":[1.0,0.0],"evs":[0.0,-3.94377]},"93o":{"weight":0.0,"played":[1.0,0.0],"evs":[0.0,-3.78413]},"T3o":{"weight":0.0,"played":[1.0,0.0],"evs":[0.0,-4.20977]},"J3o":{"weight":0.0,"played":[0.9999,1.0E-4],"evs":[0.0,-3.93383]},"Q3o":{"weight":0.0,"played":[1.0,0.0],"evs":[0.0,-3.24181]},"K3o":{"weight":0.0,"played":[1.0,0.0],"evs":[0.0,-3.05986]},"A3o":{"weight":0.0,"played":[1.0,0.0],"evs":[0.0,-3.34064]},"42s":{"weight":0.0,"played":[0.9997,3.0E-4],"evs":[0.0,-1.88447]},"43s":{"weight":0.0,"played":[0.9834,0.0166],"evs":[0.0,-1.50168]},"44":{"weight":0.0,"played":[0.9679,0.0321],"evs":[0.0,-0.13088]},"54o":{"weight":0.0,"played":[0.9999,1.0E-4],"evs":[0.0,-1.89137]},"64o":{"weight":0.0,"played":[0.9998,2.0E-4],"evs":[0.0,-2.70565]},"74o":{"weight":0.0,"played":[0.9999,1.0E-4],"evs":[0.0,-3.1795]},"84o":{"weight":0.0,"played":[1.0,0.0],"evs":[0.0,-3.69203]},"94o":{"weight":0.0,"played":[1.0,0.0],"evs":[0.0,-3.89938]},"T4o":{"weight":0.0,"played":[1.0,0.0],"evs":[0.0,-4.2897]},"J4o":{"weight":0.0,"played":[1.0,0.0],"evs":[0.0,-3.82646]},"Q4o":{"weight":0.0,"played":[1.0,0.0],"evs":[0.0,-2.88857]},"K4o":{"weight":0.0,"played":[0.9999,1.0E-4],"evs":[0.0,-2.77491]},"A4o":{"weight":0.0,"played":[0.9999,1.0E-4],"evs":[0.0,-3.7384]},"52s":{"weight":0.0,"played":[0.9941,0.0059],"evs":[0.0,-1.81451]},"53s":{"weight":0.0,"played":[0.961,0.039],"evs":[0.0,-1.27482]},"54s":{"weight":0.0,"played":[0.9864,0.0136],"evs":[0.0,-0.65775]},"55":{"weight":0.9828,"played":[0.8028,0.1972],"evs":[0.0,-0.11702]},"65o":{"weight":0.0,"played":[0.9947,0.0053],"evs":[0.0,-2.0084]},"75o":{"weight":0.0,"played":[0.9995,5.0E-4],"evs":[0.0,-2.19715]},"85o":{"weight":0.0,"played":[0.9988,0.0012],"evs":[0.0,-2.82764]},"95o":{"weight":0.0,"played":[1.0,0.0],"evs":[0.0,-3.33766]},"T5o":{"weight":0.0,"played":[1.0,0.0],"evs":[0.0,-4.07454]},"J5o":{"weight":0.0,"played":[1.0,0.0],"evs":[0.0,-3.50109]},"Q5o":{"weight":0.0,"played":[0.9998,2.0E-4],"evs":[0.0,-2.57624]},"K5o":{"weight":0.0,"played":[0.9995,5.0E-4],"evs":[0.0,-2.50966]},"A5o":{"weight":0.0,"played":[1.0,0.0],"evs":[0.0,-3.2053]},"62s":{"weight":0.0,"played":[0.9993,7.0E-4],"evs":[0.0,-2.24524]},"63s":{"weight":0.0,"played":[0.9818,0.0182],"evs":[0.0,-1.62893]},"64s":{"weight":0.0,"played":[0.9919,0.0081],"evs":[0.0,-0.92153]},"65s":{"weight":0.0,"played":[0.8277,0.1723],"evs":[0.0,-0.5946]},"66":{"weight":0.0059,"played":[0.0017,0.9983],"evs":[0.0,0.62615]},"76o":{"weight":0.0,"played":[0.9996,4.0E-4],"evs":[0.0,-1.51333]},"86o":{"weight":0.0,"played":[0.9997,3.0E-4],"evs":[0.0,-1.8155]},"96o":{"weight":0.0,"played":[1.0,0.0],"evs":[0.0,-2.37871]},"T6o":{"weight":0.0,"played":[1.0,0.0],"evs":[0.0,-3.13217]},"J6o":{"weight":0.0,"played":[1.0,0.0],"evs":[0.0,-3.70596]},"Q6o":{"weight":0.0,"played":[0.9997,3.0E-4],"evs":[0.0,-2.95755]},"K6o":{"weight":0.0,"played":[0.9982,0.0018],"evs":[0.0,-1.8805]},"A6o":{"weight":0.0,"played":[1.0,0.0],"evs":[0.0,-3.717]},"72s":{"weight":0.0,"played":[0.9995,5.0E-4],"evs":[0.0,-2.72174]},"73s":{"weight":0.0,"played":[1.0,0.0],"evs":[0.0,-2.5421]},"74s":{"weight":0.0,"played":[0.9842,0.0158],"evs":[0.0,-1.21537]},"75s":{"weight":0.0,"played":[0.9857,0.0143],"evs":[0.0,-0.78044]},"76s":{"weight":0.0,"played":[0.4977,0.5023],"evs":[0.0,-0.31912]},"77":{"weight":3.0E-4,"played":[0.0054,0.9946],"evs":[0.0,1.47428]},"87o":{"weight":0.0,"played":[0.9987,0.0013],"evs":[0.0,-2.06617]},"97o":{"weight":0.0,"played":[1.0,0.0],"evs":[0.0,-2.20858]},"T7o":{"weight":0.0,"played":[1.0,0.0],"evs":[0.0,-2.71068]},"J7o":{"weight":0.0,"played":[1.0,0.0],"evs":[0.0,-2.85021]},"Q7o":{"weight":0.0,"played":[0.9997,3.0E-4],"evs":[0.0,-2.7852]},"K7o":{"weight":0.0,"played":[0.9997,3.0E-4],"evs":[0.0,-2.86815]},"A7o":{"weight":0.0,"played":[1.0,0.0],"evs":[0.0,-3.35151]},"82s":{"weight":0.0,"played":[0.9981,0.0019],"evs":[0.0,-2.60272]},"83s":{"weight":0.0,"played":[0.9996,4.0E-4],"evs":[0.0,-2.1282]},"84s":{"weight":0.0,"played":[0.9999,1.0E-4],"evs":[0.0,-1.984]},"85s":{"weight":0.0,"played":[0.9882,0.0118],"evs":[0.0,-0.05164]},"86s":{"weight":0.0,"played":[0.9756,0.0244],"evs":[0.0,-0.65632]},"87s":{"weight":0.0,"played":[0.1312,0.8688],"evs":[0.0,0.5556]},"88":{"weight":0.0,"played":[5.0E-4,0.9995],"evs":[0.0,1.22931]},"98o":{"weight":0.0,"played":[0.9942,0.0058],"evs":[0.0,-1.14886]},"T8o":{"weight":0.0,"played":[1.0,0.0],"evs":[0.0,-1.74736]},"J8o":{"weight":0.0,"played":[0.9999,1.0E-4],"evs":[0.0,-1.93729]},"Q8o":{"weight":0.0,"played":[0.9999,1.0E-4],"evs":[0.0,-2.57338]},"K8o":{"weight":0.0,"played":[0.998,0.002],"evs":[0.0,-2.17401]},"A8o":{"weight":0.0,"played":[0.9997,3.0E-4],"evs":[0.0,-3.3092]},"92s":{"weight":0.0,"played":[0.9974,0.0026],"evs":[0.0,-2.13598]},"93s":{"weight":0.0,"played":[0.9842,0.0158],"evs":[0.0,-2.27627]},"94s":{"weight":0.0,"played":[0.9999,1.0E-4],"evs":[0.0,-2.32417]},"95s":{"weight":0.0,"played":[0.9252,0.0748],"evs":[0.0,-1.54445]},"96s":{"weight":0.0,"played":[0.9988,0.0012],"evs":[0.0,-0.98884]},"97s":{"weight":0.0,"played":[0.7336,0.2664],"evs":[0.0,-0.3158]},"98s":{"weight":0.0,"played":[0.4983,0.5017],"evs":[0.0,-0.4134]},"99":{"weight":5.0E-4,"played":[0.0,1.0],"evs":[0.0,3.52678]},"T9o":{"weight":0.0,"played":[1.0,0.0],"evs":[0.0,-1.38084]},"J9o":{"weight":0.0,"played":[0.9977,0.0023],"evs":[0.0,-1.65176]},"Q9o":{"weight":0.0,"played":[1.0,0.0],"evs":[0.0,-1.46549]},"K9o":{"weight":0.0,"played":[0.9999,1.0E-4],"evs":[0.0,-1.42783]},"A9o":{"weight":0.0,"played":[0.9999,1.0E-4],"evs":[0.0,-2.76775]},"T2s":{"weight":0.0,"played":[0.9986,0.0014],"evs":[0.0,-2.84021]},"T3s":{"weight":0.0,"played":[0.9965,0.0035],"evs":[0.0,-2.17938]},"T4s":{"weight":0.0,"played":[0.9991,9.0E-4],"evs":[0.0,-1.63747]},"T5s":{"weight":0.0,"played":[0.9997,3.0E-4],"evs":[0.0,-1.23523]},"T6s":{"weight":0.0,"played":[0.9948,0.0052],"evs":[0.0,-2.11052]},"T7s":{"weight":0.0,"played":[0.9829,0.0171],"evs":[0.0,-0.59706]},"T8s":{"weight":0.0,"played":[0.5538,0.4462],"evs":[0.0,-0.09435]},"T9s":{"weight":0.0,"played":[0.08,0.92],"evs":[0.0,0.84555]},"TT":{"weight":0.0,"played":[0.0,1.0],"evs":[0.0,3.88801]},"JTo":{"weight":0.0,"played":[0.9966,0.0034],"evs":[0.0,-1.42031]},"QTo":{"weight":0.0,"played":[0.9965,0.0035],"evs":[0.0,-0.97339]},"KTo":{"weight":0.0,"played":[0.998,0.002],"evs":[0.0,-1.47784]},"ATo":{"weight":0.0133,"played":[0.9996,4.0E-4],"evs":[0.0,-1.53895]},"J2s":{"weight":0.0,"played":[0.9991,9.0E-4],"evs":[0.0,-2.42872]},"J3s":{"weight":0.0,"played":[0.9984,0.0016],"evs":[0.0,-1.42974]},"J4s":{"weight":0.0,"played":[0.9786,0.0214],"evs":[0.0,-2.43371]},"J5s":{"weight":0.0,"played":[0.9707,0.0293],"evs":[0.0,-1.81025]},"J6s":{"weight":0.0,"played":[0.9799,0.0201],"evs":[0.0,-1.8322]},"J7s":{"weight":0.0,"played":[0.9735,0.0265],"evs":[0.0,-1.4825]},"J8s":{"weight":0.0,"played":[0.9991,9.0E-4],"evs":[0.0,-0.59167]},"J9s":{"weight":0.0,"played":[0.0423,0.9577],"evs":[0.0,0.70788]},"JTs":{"weight":0.0,"played":[0.062,0.938],"evs":[0.0,0.51601]},"JJ":{"weight":0.0,"played":[1.0E-4,0.9999],"evs":[0.0,6.43423]},"QJo":{"weight":0.0,"played":[0.9946,0.0054],"evs":[0.0,-1.25767]},"KJo":{"weight":0.0,"played":[0.9945,0.0055],"evs":[0.0,-1.15681]},"AJo":{"weight":0.0,"played":[0.9675,0.0325],"evs":[0.0,-0.71137]},"Q2s":{"weight":0.0,"played":[0.997,0.003],"evs":[0.0,-2.12234]},"Q3s":{"weight":0.0,"played":[0.999,0.001],"evs":[0.0,-1.82571]},"Q4s":{"weight":0.0,"played":[1.0,0.0],"evs":[0.0,-1.4288]},"Q5s":{"weight":0.0,"played":[0.9996,4.0E-4],"evs":[0.0,-1.47187]},"Q6s":{"weight":0.0,"played":[0.9084,0.0916],"evs":[0.0,-0.06597]},"Q7s":{"weight":0.0,"played":[0.9317,0.0683],"evs":[0.0,-1.61191]},"Q8s":{"weight":0.0,"played":[0.9906,0.0094],"evs":[0.0,-0.90225]},"Q9s":{"weight":0.0,"played":[0.2195,0.7805],"evs":[0.0,0.36585]},"QTs":{"weight":0.995,"played":[0.0274,0.9726],"evs":[0.0,0.77142]},"QJs":{"weight":0.9974,"played":[0.0053,0.9947],"evs":[0.0,1.1825]},"QQ":{"weight":0.0,"played":[0.0,1.0],"evs":[0.0,8.77832]},"KQo":{"weight":1.0,"played":[0.0018,0.9982],"evs":[0.0,0.55473]},"AQo":{"weight":0.0,"played":[1.0E-4,0.9999],"evs":[0.0,0.62347]},"K2s":{"weight":0.0,"played":[0.9698,0.0302],"evs":[0.0,-1.33564]},"K3s":{"weight":0.0,"played":[0.9681,0.0319],"evs":[0.0,-1.06129]},"K4s":{"weight":0.0,"played":[0.9704,0.0296],"evs":[0.0,-1.21044]},"K5s":{"weight":0.0,"played":[0.9922,0.0078],"evs":[0.0,-0.97432]},"K6s":{"weight":0.0,"played":[0.4876,0.5124],"evs":[0.0,-0.66142]},"K7s":{"weight":0.0,"played":[0.9944,0.0056],"evs":[0.0,-0.94012]},"K8s":{"weight":0.0,"played":[0.0591,0.9409],"evs":[0.0,-0.08764]},"K9s":{"weight":0.0,"played":[0.0812,0.9188],"evs":[0.0,0.33587]},"KTs":{"weight":0.7081,"played":[0.4429,0.5571],"evs":[0.0,0.67132]},"KJs":{"weight":0.9997,"played":[0.0041,0.9959],"evs":[0.0,1.46846]},"KQs":{"weight":0.0021,"played":[0.0387,0.9613],"evs":[0.0,1.92565]},"KK":{"weight":0.0,"played":[0.0,1.0],"evs":[0.0,12.922]},"AKo":{"weight":0.0,"played":[0.0,1.0],"evs":[0.0,2.5234]},"A2s":{"weight":0.0,"played":[0.9986,0.0014],"evs":[0.0,-1.8325]},"A3s":{"weight":0.0,"played":[0.9779,0.0221],"evs":[0.0,-1.38787]},"A4s":{"weight":0.0,"played":[0.9969,0.0031],"evs":[0.0,-0.77899]},"A5s":{"weight":1.0E-4,"played":[0.9873,0.0127],"evs":[0.0,-0.9699]},"A6s":{"weight":0.0,"played":[0.9966,0.0034],"evs":[0.0,-2.74951]},"A7s":{"weight":7.0E-4,"played":[0.8341,0.1659],"evs":[0.0,-1.32967]},"A8s":{"weight":0.4347,"played":[0.9951,0.0049],"evs":[0.0,-0.92032]},"A9s":{"weight":0.4003,"played":[0.8106,0.1894],"evs":[0.0,-0.94568]},"ATs":{"weight":0.0373,"played":[0.0319,0.9681],"evs":[0.0,0.45739]},"AJs":{"weight":1.0E-4,"played":[0.004,0.996],"evs":[0.0,1.62354]},"AQs":{"weight":0.0,"played":[0.0,1.0],"evs":[0.0,3.13789]},"AKs":{"weight":0.0,"played":[6.0E-4,0.9994],"evs":[0.0,3.74765]},"AA":{"weight":0.0025,"played":[0.0,1.0],"evs":[0.0,18.18809]}}}