{"player":2,"street":0,"children":2,"sequence":[{"player":0,"type":"R","amount":200000,"street":0},{"player":1,"type":"C","amount":200000,"street":0},{"player":2,"type":"C","amount":200000,"street":0},{"player":3,"type":"F","amount":0,"street":0},{"player":4,"type":"R","amount":1245000,"street":0},{"player":5,"type":"R","amount":1875000,"street":0},{"player":0,"type":"F","amount":0,"street":0},{"player":1,"type":"C","amount":1675000,"street":0}],"actions":[{"type":"F","amount":0},{"type":"C","amount":995000}],"hands":{"22":{"weight":0.0,"played":[0.9949,0.0051],"evs":[0.0,-1.21624]},"32o":{"weight":0.0,"played":[1.0,0.0],"evs":[0.0,-3.84438]},"42o":{"weight":0.0,"played":[0.9993,7.0E-4],"evs":[0.0,-3.94716]},"52o":{"weight":0.0,"played":[0.979,0.021],"evs":[0.0,-3.52112]},"62o":{"weight":0.0,"played":[1.0,0.0],"evs":[0.0,-3.93684]},"72o":{"weight":0.0,"played":[0.9998,2.0E-4],"evs":[0.0,-2.83822]},"82o":{"weight":0.0,"played":[1.0,0.0],"evs":[0.0,-4.07819]},"92o":{"weight":0.0,"played":[0.9976,0.0024],"evs":[0.0,-4.35906]},"T2o":{"weight":0.0,"played":[0.9972,0.0028],"evs":[0.0,-4.25482]},"J2o":{"weight":0.0,"played":[0.998,0.002],"evs":[0.0,-5.35596]},"Q2o":{"weight":0.0,"played":[0.9873,0.0127],"evs":[0.0,-1.92647]},"K2o":{"weight":0.0,"played":[1.0,0.0],"evs":[0.0,-3.78566]},"A2o":{"weight":0.0,"played":[0.9977,0.0023],"evs":[0.0,-3.34216]},"32s":{"weight":0.0,"played":[0.8413,0.1587],"evs":[0.0,-1.99082]},"33":{"weight":0.0,"played":[0.3923,0.6077],"evs":[0.0,0.71782]},"43o":{"weight":0.0,"played":[0.9914,0.0086],"evs":[0.0,-1.70853]},"53o":{"weight":0.0,"played":[0.9934,0.0066],"evs":[0.0,-1.98243]},"63o":{"weight":0.0,"played":[0.9988,0.0012],"evs":[0.0,-2.3428]},"73o":{"weight":0.0,"played":[0.9965,0.0035],"evs":[0.0,-4.71286]},"83o":{"weight":0.0,"played":[0.9997,3.0E-4],"evs":[0.0,-4.38708]},"93o":{"weight":0.0,"played":[0.9572,0.0428],"evs":[0.0,-2.75258]},"T3o":{"weight":0.0,"played":[0.9989,0.0011],"evs":[0.0,-4.59408]},"J3o":{"weight":0.0,"played":[1.0,0.0],"evs":[0.0,-3.97075]},"Q3o":{"weight":0.0,"played":[0.9997,3.0E-4],"evs":[0.0,-3.43959]},"K3o":{"weight":0.0,"played":[0.9942,0.0058],"evs":[0.0,-2.67171]},"A3o":{"weight":0.0,"played":[0.9997,3.0E-4],"evs":[0.0,-1.7273]},"42s":{"weight":0.0,"played":[0.9005,0.0995],"evs":[0.0,-1.54131]},"43s":{"weight":0.0,"played":[0.893,0.107],"evs":[0.0,-2.50269]},"44":{"weight":0.0,"played":[0.5319,0.4681],"evs":[0.0,-1.30797]},"54o":{"weight":0.0,"played":[0.8991,0.1009],"evs":[0.0,-0.98686]},"64o":{"weight":0.0,"played":[0.9989,0.0011],"evs":[0.0,-1.67804]},"74o":{"weight":0.0,"played":[0.9948,0.0052],"evs":[0.0,-2.29879]},"84o":{"weight":0.0,"played":[0.9981,0.0019],"evs":[0.0,-2.92066]},"94o":{"weight":0.0,"played":[0.9985,0.0015],"evs":[0.0,-2.73793]},"T4o":{"weight":0.0,"played":[0.9893,0.0107],"evs":[0.0,-3.01887]},"J4o":{"weight":0.0,"played":[0.9854,0.0146],"evs":[0.0,-2.74824]},"Q4o":{"weight":0.0,"played":[1.0,0.0],"evs":[0.0,-3.67989]},"K4o":{"weight":0.0,"played":[0.9994,6.0E-4],"evs":[0.0,-2.79259]},"A4o":{"weight":0.0,"played":[0.97,0.03],"evs":[0.0,-2.25841]},"52s":{"weight":0.0,"played":[0.9997,3.0E-4],"evs":[0.0,-4.1963]},"53s":{"weight":0.0,"played":[0.9995,5.0E-4],"evs":[0.0,-1.19417]},"54s":{"weight":0.0,"played":[0.2379,0.7621],"evs":[0.0,1.23931]},"55":{"weight":0.9828,"played":[0.0827,0.9173],"evs":[0.0,0.98745]},"65o":{"weight":0.0,"played":[0.3831,0.6169],"evs":[0.0,0.66767]},"75o":{"weight":0.0,"played":[0.9945,0.0055],"evs":[0.0,-1.95295]},"85o":{"weight":0.0,"played":[0.9914,0.0086],"evs":[0.0,-2.92505]},"95o":{"weight":0.0,"played":[0.9893,0.0107],"evs":[0.0,-2.84939]},"T5o":{"weight":0.0,"played":[0.9996,4.0E-4],"evs":[0.0,-2.766]},"J5o":{"weight":0.0,"played":[1.0,0.0],"evs":[0.0,-4.14915]},"Q5o":{"weight":0.0,"played":[0.9315,0.0685],"evs":[0.0,-3.49577]},"K5o":{"weight":0.0,"played":[0.9976,0.0024],"evs":[0.0,-2.13114]},"A5o":{"weight":0.0,"played":[0.9802,0.0198],"evs":[0.0,-4.49373]},"62s":{"weight":0.0,"played":[0.9922,0.0078],"evs":[0.0,-3.40562]},"63s":{"weight":0.0,"played":[0.8905,0.1095],"evs":[0.0,-1.02004]},"64s":{"weight":0.0,"played":[0.9628,0.0372],"evs":[0.0,-0.19477]},"65s":{"weight":0.0,"played":[0.3433,0.6567],"evs":[0.0,0.69233]},"66":{"weight":0.0059,"played":[0.0905,0.9095],"evs":[0.0,0.6529]},"76o":{"weight":0.0,"played":[0.8661,0.1339],"evs":[0.0,-1.47723]},"86o":{"weight":0.0,"played":[0.9972,0.0028],"evs":[0.0,-1.25862]},"96o":{"weight":0.0,"played":[0.9633,0.0367],"evs":[0.0,-2.49261]},"T6o":{"weight":0.0,"played":[0.9993,7.0E-4],"evs":[0.0,-3.23187]},"J6o":{"weight":0.0,"played":[0.9846,0.0154],"evs":[0.0,-2.38912]},"Q6o":{"weight":0.0,"played":[0.9998,2.0E-4],"evs":[0.0,-2.3266]},"K6o":{"weight":0.0,"played":[0.9984,0.0016],"evs":[0.0,-2.18386]},"A6o":{"weight":0.0,"played":[0.9867,0.0133],"evs":[0.0,-1.91651]},"72s":{"weight":0.0,"played":[0.9974,0.0026],"evs":[0.0,-4.71345]},"73s":{"weight":0.0,"played":[0.2233,0.7767],"evs":[0.0,-0.45315]},"74s":{"weight":0.0,"played":[0.3333,0.6667],"evs":[0.0,0.71715]},"75s":{"weight":0.0,"played":[0.2082,0.7918],"evs":[0.0,0.98924]},"76s":{"weight":0.0,"played":[0.6419,0.3581],"evs":[0.0,-0.81698]},"77":{"weight":3.0E-4,"played":[0.002,0.998],"evs":[0.0,1.60625]},"87o":{"weight":0.0,"played":[0.9995,5.0E-4],"evs":[0.0,-1.66715]},"97o":{"weight":0.0,"played":[0.9573,0.0427],"evs":[0.0,-2.41102]},"T7o":{"weight":0.0,"played":[0.999,0.001],"evs":[0.0,-2.21218]},"J7o":{"weight":0.0,"played":[0.9956,0.0044],"evs":[0.0,-1.23566]},"Q7o":{"weight":0.0,"played":[0.9963,0.0037],"evs":[0.0,-2.67461]},"K7o":{"weight":0.0,"played":[0.9783,0.0217],"evs":[0.0,-1.78474]},"A7o":{"weight":0.0,"played":[0.6533,0.3467],"evs":[0.0,-1.93387]},"82s":{"weight":0.0,"played":[0.9967,0.0033],"evs":[0.0,-4.31182]},"83s":{"weight":0.0,"played":[0.9312,0.0688],"evs":[0.0,-0.19345]},"84s":{"weight":0.0,"played":[0.8667,0.1333],"evs":[0.0,-1.93222]},"85s":{"weight":0.0,"played":[0.0944,0.9056],"evs":[0.0,1.15505]},"86s":{"weight":0.0,"played":[0.5861,0.4139],"evs":[0.0,-0.8438]},"87s":{"weight":0.0,"played":[0.4843,0.5157],"evs":[0.0,0.03468]},"88":{"weight":0.0,"played":[0.0039,0.9961],"evs":[0.0,4.41638]},"98o":{"weight":0.0,"played":[0.8843,0.1157],"evs":[0.0,-1.1864]},"T8o":{"weight":0.0,"played":[0.9989,0.0011],"evs":[0.0,-1.72082]},"J8o":{"weight":0.0,"played":[0.838,0.162],"evs":[0.0,-1.49959]},"Q8o":{"weight":0.0,"played":[0.9788,0.0212],"evs":[0.0,-1.73636]},"K8o":{"weight":0.0,"played":[0.9773,0.0227],"evs":[0.0,-0.66927]},"A8o":{"weight":0.0,"played":[0.9985,0.0015],"evs":[0.0,-3.08275]},"92s":{"weight":0.0,"played":[0.9998,2.0E-4],"evs":[0.0,-0.15417]},"93s":{"weight":0.0,"played":[0.9944,0.0056],"evs":[0.0,-2.13076]},"94s":{"weight":0.0,"played":[0.8362,0.1638],"evs":[0.0,-2.72244]},"95s":{"weight":0.0,"played":[0.9901,0.0099],"evs":[0.0,-4.42586]},"96s":{"weight":0.0,"played":[0.9553,0.0447],"evs":[0.0,-2.80011]},"97s":{"weight":0.0,"played":[0.01,0.99],"evs":[0.0,1.26378]},"98s":{"weight":0.0,"played":[0.1097,0.8903],"evs":[0.0,3.58345]},"99":{"weight":5.0E-4,"played":[0.0,1.0],"evs":[0.0,6.15427]},"T9o":{"weight":0.0,"played":[0.928,0.072],"evs":[0.0,-0.76239]},"J9o":{"weight":0.0,"played":[0.841,0.159],"evs":[0.0,-2.13958]},"Q9o":{"weight":0.0,"played":[0.8522,0.1478],"evs":[0.0,-0.0763]},"K9o":{"weight":0.0,"played":[0.9934,0.0066],"evs":[0.0,-1.05805]},"A9o":{"weight":0.0,"played":[1.0,0.0],"evs":[0.0,-3.17419]},"T2s":{"weight":0.0,"played":[0.9358,0.0642],"evs":[0.0,-1.52018]},"T3s":{"weight":0.0,"played":[0.9229,0.0771],"evs":[0.0,-1.69587]},"T4s":{"weight":0.0,"played":[0.8887,0.1113],"evs":[0.0,-3.82031]},"T5s":{"weight":0.0,"played":[3.0E-4,0.9997],"evs":[0.0,0.41779]},"T6s":{"weight":0.0,"played":[0.1001,0.8999],"evs":[0.0,2.03861]},"T7s":{"weight":0.0,"played":[0.1637,0.8363],"evs":[0.0,0.15862]},"T8s":{"weight":0.0,"played":[0.2719,0.7281],"evs":[0.0,0.38688]},"T9s":{"weight":0.0,"played":[0.1735,0.8265],"evs":[0.0,4.23653]},"TT":{"weight":0.0,"played":[0.0135,0.9865],"evs":[0.0,4.43541]},"JTo":{"weight":0.0,"played":[0.9731,0.0269],"evs":[0.0,-1.2447]},"QTo":{"weight":0.0,"played":[0.2942,0.7058],"evs":[0.0,0.03147]},"KTo":{"weight":0.0,"played":[0.6324,0.3676],"evs":[0.0,-0.71617]},"ATo":{"weight":0.0133,"played":[0.832,0.168],"evs":[0.0,-0.88143]},"J2s":{"weight":0.0,"played":[0.8853,0.1147],"evs":[0.0,-2.03233]},"J3s":{"weight":0.0,"played":[0.9986,0.0014],"evs":[0.0,-1.5382]},"J4s":{"weight":0.0,"played":[0.9401,0.0599],"evs":[0.0,-1.05188]},"J5s":{"weight":0.0,"played":[0.5963,0.4037],"evs":[0.0,0.20751]},"J6s":{"weight":0.0,"played":[0.9631,0.0369],"evs":[0.0,-2.703]},"J7s":{"weight":0.0,"played":[0.5103,0.4897],"evs":[0.0,0.45675]},"J8s":{"weight":0.0,"played":[0.2451,0.7549],"evs":[0.0,1.64659]},"J9s":{"weight":0.0,"played":[0.7285,0.2715],"evs":[0.0,-2.15392]},"JTs":{"weight":0.0,"played":[0.2627,0.7373],"evs":[0.0,-0.9083]},"JJ":{"weight":0.0,"played":[1.0E-4,0.9999],"evs":[0.0,6.10399]},"QJo":{"weight":0.0,"played":[0.5095,0.4905],"evs":[0.0,-0.01337]},"KJo":{"weight":0.0,"played":[0.5072,0.4928],"evs":[0.0,0.35983]},"AJo":{"weight":0.0,"played":[0.0144,0.9856],"evs":[0.0,0.61032]},"Q2s":{"weight":0.0,"played":[0.9957,0.0043],"evs":[0.0,-3.04274]},"Q3s":{"weight":0.0,"played":[0.9841,0.0159],"evs":[0.0,-0.91094]},"Q4s":{"weight":0.0,"played":[0.9247,0.0753],"evs":[0.0,-2.29257]},"Q5s":{"weight":0.0,"played":[0.6492,0.3508],"evs":[0.0,-0.08737]},"Q6s":{"weight":0.0,"played":[0.8735,0.1265],"evs":[0.0,-1.11482]},"Q7s":{"weight":0.0,"played":[0.8983,0.1017],"evs":[0.0,-2.00334]},"Q8s":{"weight":0.0,"played":[0.9129,0.0871],"evs":[0.0,-1.13926]},"Q9s":{"weight":0.0,"played":[0.4876,0.5124],"evs":[0.0,-0.58959]},"QTs":{"weight":0.995,"played":[0.7954,0.2046],"evs":[0.0,-0.52809]},"QJs":{"weight":0.9974,"played":[0.3093,0.6907],"evs":[0.0,0.29613]},"QQ":{"weight":0.0,"played":[3.0E-4,0.9997],"evs":[0.0,10.29709]},"KQo":{"weight":1.0,"played":[0.0554,0.9446],"evs":[0.0,1.18482]},"AQo":{"weight":0.0,"played":[0.0011,0.9989],"evs":[0.0,1.79301]},"K2s":{"weight":0.0,"played":[0.8096,0.1904],"evs":[0.0,-1.05116]},"K3s":{"weight":0.0,"played":[0.2224,0.7776],"evs":[0.0,0.79634]},"K4s":{"weight":0.0,"played":[0.9278,0.0722],"evs":[0.0,-1.11337]},"K5s":{"weight":0.0,"played":[0.9157,0.0843],"evs":[0.0,-1.73444]},"K6s":{"weight":0.0,"played":[0.6765,0.3235],"evs":[0.0,-1.5343]},"K7s":{"weight":0.0,"played":[0.4078,0.5922],"evs":[0.0,0.64969]},"K8s":{"weight":0.0,"played":[0.3267,0.6733],"evs":[0.0,0.55367]},"K9s":{"weight":0.0,"played":[0.4078,0.5922],"evs":[0.0,1.67679]},"KTs":{"weight":0.7081,"played":[0.0124,0.9876],"evs":[0.0,1.57169]},"KJs":{"weight":0.9997,"played":[0.2258,0.7742],"evs":[0.0,2.09567]},"KQs":{"weight":0.0021,"played":[0.7202,0.2798],"evs":[0.0,-2.3403]},"KK":{"weight":0.0,"played":[0.0,1.0],"evs":[0.0,11.80187]},"AKo":{"weight":0.0,"played":[0.0229,0.9771],"evs":[0.0,4.02154]},"A2s":{"weight":0.0,"played":[0.3035,0.6965],"evs":[0.0,0.59684]},"A3s":{"weight":0.0,"played":[0.8464,0.1536],"evs":[0.0,-4.9342]},"A4s":{"weight":0.0,"played":[0.3272,0.6728],"evs":[0.0,0.36057]},"A5s":{"weight":1.0E-4,"played":[0.1988,0.8012],"evs":[0.0,0.4943]},"A6s":{"weight":0.0,"played":[0.483,0.517],"evs":[0.0,0.05865]},"A7s":{"weight":7.0E-4,"played":[0.8928,0.1072],"evs":[0.0,-1.07394]},"A8s":{"weight":0.4347,"played":[0.9822,0.0178],"evs":[0.0,-1.51446]},"A9s":{"weight":0.4003,"played":[0.9664,0.0336],"evs":[0.0,-2.74772]},"ATs":{"weight":0.0373,"played":[0.2568,0.7432],"evs":[0.0,2.60832]},"AJs":{"weight":1.0E-4,"played":[0.7301,0.2699],"evs":[0.0,-1.33689]},"AQs":{"weight":0.0,"played":[0.0441,0.9559],"evs":[0.0,2.83987]},"AKs":{"weight":0.0,"played":[0.0079,0.9921],"evs":[0.0,4.37065]},"AA":{"weight":0.0025,"played":[0.0,1.0],"evs":[0.0,18.71793]}}}