{"player":2,"street":0,"children":2,"sequence":[{"player":0,"type":"R","amount":200000,"street":0},{"player":1,"type":"C","amount":200000,"street":0},{"player":2,"type":"C","amount":200000,"street":0},{"player":3,"type":"F","amount":0,"street":0},{"player":4,"type":"R","amount":1245000,"street":0},{"player":5,"type":"R","amount":1875000,"street":0},{"player":0,"type":"C","amount":1675000,"street":0},{"player":1,"type":"F","amount":0,"street":0}],"actions":[{"type":"F","amount":0},{"type":"C","amount":995000}],"hands":{"22":{"weight":0.0,"played":[0.031,0.969],"evs":[0.0,1.18102]},"32o":{"weight":0.0,"played":[0.9987,0.0013],"evs":[0.0,-2.98677]},"42o":{"weight":0.0,"played":[0.9771,0.0229],"evs":[0.0,-1.31578]},"52o":{"weight":0.0,"played":[0.9949,0.0051],"evs":[0.0,-2.20272]},"62o":{"weight":0.0,"played":[0.9997,3.0E-4],"evs":[0.0,-5.61952]},"72o":{"weight":0.0,"played":[0.9968,0.0032],"evs":[0.0,-3.73483]},"82o":{"weight":0.0,"played":[0.9965,0.0035],"evs":[0.0,-5.65143]},"92o":{"weight":0.0,"played":[0.904,0.096],"evs":[0.0,-2.79705]},"T2o":{"weight":0.0,"played":[0.9986,0.0014],"evs":[0.0,-3.09584]},"J2o":{"weight":0.0,"played":[0.9935,0.0065],"evs":[0.0,-2.68279]},"Q2o":{"weight":0.0,"played":[0.9417,0.0583],"evs":[0.0,-2.32733]},"K2o":{"weight":0.0,"played":[0.9881,0.0119],"evs":[0.0,-1.72331]},"A2o":{"weight":0.0,"played":[0.9997,3.0E-4],"evs":[0.0,-3.312]},"32s":{"weight":0.0,"played":[0.9972,0.0028],"evs":[0.0,-3.22751]},"33":{"weight":0.0,"played":[0.6497,0.3503],"evs":[0.0,-0.10777]},"43o":{"weight":0.0,"played":[0.9884,0.0116],"evs":[0.0,-2.7023]},"53o":{"weight":0.0,"played":[0.9851,0.0149],"evs":[0.0,-2.06426]},"63o":{"weight":0.0,"played":[0.3388,0.6612],"evs":[0.0,-1.61742]},"73o":{"weight":0.0,"played":[0.9924,0.0076],"evs":[0.0,-1.74823]},"83o":{"weight":0.0,"played":[1.0,0.0],"evs":[0.0,-4.82819]},"93o":{"weight":0.0,"played":[0.9973,0.0027],"evs":[0.0,-4.37564]},"T3o":{"weight":0.0,"played":[0.9883,0.0117],"evs":[0.0,-3.71193]},"J3o":{"weight":0.0,"played":[0.9985,0.0015],"evs":[0.0,-2.06548]},"Q3o":{"weight":0.0,"played":[0.9988,0.0012],"evs":[0.0,-4.51226]},"K3o":{"weight":0.0,"played":[0.5494,0.4506],"evs":[0.0,-2.03325]},"A3o":{"weight":0.0,"played":[0.9888,0.0112],"evs":[0.0,-3.94894]},"42s":{"weight":0.0,"played":[0.9718,0.0282],"evs":[0.0,-2.76435]},"43s":{"weight":0.0,"played":[0.9648,0.0352],"evs":[0.0,-1.61869]},"44":{"weight":0.0,"played":[0.0401,0.9599],"evs":[0.0,1.33041]},"54o":{"weight":0.0,"played":[0.9975,0.0025],"evs":[0.0,-1.74705]},"64o":{"weight":0.0,"played":[0.6825,0.3175],"evs":[0.0,-1.06754]},"74o":{"weight":0.0,"played":[0.9874,0.0126],"evs":[0.0,-2.75804]},"84o":{"weight":0.0,"played":[0.9985,0.0015],"evs":[0.0,-1.5206]},"94o":{"weight":0.0,"played":[0.9997,3.0E-4],"evs":[0.0,-3.37574]},"T4o":{"weight":0.0,"played":[0.9782,0.0218],"evs":[0.0,-4.13859]},"J4o":{"weight":0.0,"played":[0.999,0.001],"evs":[0.0,-2.13892]},"Q4o":{"weight":0.0,"played":[0.9984,0.0016],"evs":[0.0,-2.61403]},"K4o":{"weight":0.0,"played":[0.9927,0.0073],"evs":[0.0,-4.29522]},"A4o":{"weight":0.0,"played":[0.9986,0.0014],"evs":[0.0,-4.0333]},"52s":{"weight":0.0,"played":[0.4005,0.5995],"evs":[0.0,1.2492]},"53s":{"weight":0.0,"played":[0.2268,0.7732],"evs":[0.0,-0.103]},"54s":{"weight":0.0,"played":[0.8435,0.1565],"evs":[0.0,-2.94237]},"55":{"weight":0.9828,"played":[0.5468,0.4532],"evs":[0.0,-2.26834]},"65o":{"weight":0.0,"played":[0.5487,0.4513],"evs":[0.0,0.81927]},"75o":{"weight":0.0,"played":[0.9932,0.0068],"evs":[0.0,-2.29134]},"85o":{"weight":0.0,"played":[0.987,0.013],"evs":[0.0,-3.31166]},"95o":{"weight":0.0,"played":[1.0,0.0],"evs":[0.0,-3.03845]},"T5o":{"weight":0.0,"played":[0.7733,0.2267],"evs":[0.0,-1.77024]},"J5o":{"weight":0.0,"played":[0.9985,0.0015],"evs":[0.0,-3.62815]},"Q5o":{"weight":0.0,"played":[0.9389,0.0611],"evs":[0.0,-3.12857]},"K5o":{"weight":0.0,"played":[0.8869,0.1131],"evs":[0.0,-2.12904]},"A5o":{"weight":0.0,"played":[0.7179,0.2821],"evs":[0.0,-3.57352]},"62s":{"weight":0.0,"played":[0.7909,0.2091],"evs":[0.0,-2.67283]},"63s":{"weight":0.0,"played":[0.8062,0.1938],"evs":[0.0,-2.09709]},"64s":{"weight":0.0,"played":[0.1087,0.8913],"evs":[0.0,0.38076]},"65s":{"weight":0.0,"played":[0.9902,0.0098],"evs":[0.0,-4.49119]},"66":{"weight":0.0059,"played":[0.4133,0.5867],"evs":[0.0,0.57058]},"76o":{"weight":0.0,"played":[0.9989,0.0011],"evs":[0.0,-1.81315]},"86o":{"weight":0.0,"played":[0.8444,0.1556],"evs":[0.0,-1.97206]},"96o":{"weight":0.0,"played":[0.9603,0.0397],"evs":[0.0,-1.76596]},"T6o":{"weight":0.0,"played":[0.9976,0.0024],"evs":[0.0,-4.75491]},"J6o":{"weight":0.0,"played":[0.9896,0.0104],"evs":[0.0,-2.38099]},"Q6o":{"weight":0.0,"played":[0.7674,0.2326],"evs":[0.0,-3.91859]},"K6o":{"weight":0.0,"played":[0.9903,0.0097],"evs":[0.0,-2.5403]},"A6o":{"weight":0.0,"played":[0.9094,0.0906],"evs":[0.0,-4.34718]},"72s":{"weight":0.0,"played":[0.9904,0.0096],"evs":[0.0,-3.01647]},"73s":{"weight":0.0,"played":[0.9409,0.0591],"evs":[0.0,-3.73171]},"74s":{"weight":0.0,"played":[0.9175,0.0825],"evs":[0.0,-2.47395]},"75s":{"weight":0.0,"played":[0.006,0.994],"evs":[0.0,3.8998]},"76s":{"weight":0.0,"played":[0.2904,0.7096],"evs":[0.0,1.98091]},"77":{"weight":3.0E-4,"played":[0.006,0.994],"evs":[0.0,2.3267]},"87o":{"weight":0.0,"played":[0.9949,0.0051],"evs":[0.0,-1.88793]},"97o":{"weight":0.0,"played":[0.999,0.001],"evs":[0.0,-1.62857]},"T7o":{"weight":0.0,"played":[0.9509,0.0491],"evs":[0.0,-2.30202]},"J7o":{"weight":0.0,"played":[0.9886,0.0114],"evs":[0.0,-2.83263]},"Q7o":{"weight":0.0,"played":[0.8606,0.1394],"evs":[0.0,-4.18836]},"K7o":{"weight":0.0,"played":[0.7351,0.2649],"evs":[0.0,-1.89227]},"A7o":{"weight":0.0,"played":[0.8656,0.1344],"evs":[0.0,-3.68938]},"82s":{"weight":0.0,"played":[0.4481,0.5519],"evs":[0.0,-0.51774]},"83s":{"weight":0.0,"played":[0.5941,0.4059],"evs":[0.0,-0.44106]},"84s":{"weight":0.0,"played":[0.4568,0.5432],"evs":[0.0,0.72741]},"85s":{"weight":0.0,"played":[0.8262,0.1738],"evs":[0.0,-2.38021]},"86s":{"weight":0.0,"played":[0.6038,0.3962],"evs":[0.0,1.20265]},"87s":{"weight":0.0,"played":[0.0371,0.9629],"evs":[0.0,6.2037]},"88":{"weight":0.0,"played":[0.4688,0.5312],"evs":[0.0,1.18647]},"98o":{"weight":0.0,"played":[0.8021,0.1979],"evs":[0.0,-0.06722]},"T8o":{"weight":0.0,"played":[0.5506,0.4494],"evs":[0.0,-0.77386]},"J8o":{"weight":0.0,"played":[0.9368,0.0632],"evs":[0.0,-3.84116]},"Q8o":{"weight":0.0,"played":[0.9921,0.0079],"evs":[0.0,-2.91707]},"K8o":{"weight":0.0,"played":[0.5301,0.4699],"evs":[0.0,-1.66888]},"A8o":{"weight":0.0,"played":[0.8618,0.1382],"evs":[0.0,-5.36209]},"92s":{"weight":0.0,"played":[0.7562,0.2438],"evs":[0.0,-2.91912]},"93s":{"weight":0.0,"played":[0.8523,0.1477],"evs":[0.0,-1.90607]},"94s":{"weight":0.0,"played":[0.2742,0.7258],"evs":[0.0,-0.24789]},"95s":{"weight":0.0,"played":[0.868,0.132],"evs":[0.0,-1.91871]},"96s":{"weight":0.0,"played":[0.6851,0.3149],"evs":[0.0,-0.766]},"97s":{"weight":0.0,"played":[0.7563,0.2437],"evs":[0.0,-1.02766]},"98s":{"weight":0.0,"played":[0.7865,0.2135],"evs":[0.0,-4.40152]},"99":{"weight":5.0E-4,"played":[0.0146,0.9854],"evs":[0.0,2.22826]},"T9o":{"weight":0.0,"played":[0.9721,0.0279],"evs":[0.0,-1.87641]},"J9o":{"weight":0.0,"played":[0.1542,0.8458],"evs":[0.0,1.8425]},"Q9o":{"weight":0.0,"played":[0.6547,0.3453],"evs":[0.0,-1.79104]},"K9o":{"weight":0.0,"played":[0.9545,0.0455],"evs":[0.0,-0.47965]},"A9o":{"weight":0.0,"played":[0.9885,0.0115],"evs":[0.0,-3.18819]},"T2s":{"weight":0.0,"played":[0.7937,0.2063],"evs":[0.0,-1.57217]},"T3s":{"weight":0.0,"played":[1.0,0.0],"evs":[0.0,-5.1656]},"T4s":{"weight":0.0,"played":[0.3113,0.6887],"evs":[0.0,2.01125]},"T5s":{"weight":0.0,"played":[0.5043,0.4957],"evs":[0.0,-0.10255]},"T6s":{"weight":0.0,"played":[0.4513,0.5487],"evs":[0.0,1.18524]},"T7s":{"weight":0.0,"played":[0.8481,0.1519],"evs":[0.0,-2.35278]},"T8s":{"weight":0.0,"played":[0.0946,0.9054],"evs":[0.0,5.57927]},"T9s":{"weight":0.0,"played":[0.2474,0.7526],"evs":[0.0,3.71172]},"TT":{"weight":0.0,"played":[0.0012,0.9988],"evs":[0.0,7.3022]},"JTo":{"weight":0.0,"played":[0.3167,0.6833],"evs":[0.0,0.24953]},"QTo":{"weight":0.0,"played":[0.9711,0.0289],"evs":[0.0,0.51976]},"KTo":{"weight":0.0,"played":[0.6958,0.3042],"evs":[0.0,0.3184]},"ATo":{"weight":0.0133,"played":[0.8736,0.1264],"evs":[0.0,-0.77397]},"J2s":{"weight":0.0,"played":[0.758,0.242],"evs":[0.0,-2.13919]},"J3s":{"weight":0.0,"played":[0.9228,0.0772],"evs":[0.0,-5.47425]},"J4s":{"weight":0.0,"played":[0.9314,0.0686],"evs":[0.0,-3.84882]},"J5s":{"weight":0.0,"played":[0.7314,0.2686],"evs":[0.0,-1.96027]},"J6s":{"weight":0.0,"played":[0.874,0.126],"evs":[0.0,-1.54864]},"J7s":{"weight":0.0,"played":[0.2504,0.7496],"evs":[0.0,2.66893]},"J8s":{"weight":0.0,"played":[0.29,0.71],"evs":[0.0,-0.1116]},"J9s":{"weight":0.0,"played":[0.1179,0.8821],"evs":[0.0,3.18686]},"JTs":{"weight":0.0,"played":[0.2836,0.7164],"evs":[0.0,1.91541]},"JJ":{"weight":0.0,"played":[0.003,0.997],"evs":[0.0,12.88125]},"QJo":{"weight":0.0,"played":[0.0749,0.9251],"evs":[0.0,3.25376]},"KJo":{"weight":0.0,"played":[0.1463,0.8537],"evs":[0.0,-0.763]},"AJo":{"weight":0.0,"played":[0.9815,0.0185],"evs":[0.0,-2.37665]},"Q2s":{"weight":0.0,"played":[0.9724,0.0276],"evs":[0.0,-2.65516]},"Q3s":{"weight":0.0,"played":[0.6856,0.3144],"evs":[0.0,-0.55425]},"Q4s":{"weight":0.0,"played":[0.443,0.557],"evs":[0.0,0.48468]},"Q5s":{"weight":0.0,"played":[0.0387,0.9613],"evs":[0.0,0.84511]},"Q6s":{"weight":0.0,"played":[0.6693,0.3307],"evs":[0.0,-0.70717]},"Q7s":{"weight":0.0,"played":[0.3706,0.6294],"evs":[0.0,-1.12744]},"Q8s":{"weight":0.0,"played":[0.5816,0.4184],"evs":[0.0,-0.93838]},"Q9s":{"weight":0.0,"played":[0.512,0.488],"evs":[0.0,0.53139]},"QTs":{"weight":0.995,"played":[0.0138,0.9862],"evs":[0.0,1.46873]},"QJs":{"weight":0.9974,"played":[0.6204,0.3796],"evs":[0.0,-0.21237]},"QQ":{"weight":0.0,"played":[6.0E-4,0.9994],"evs":[0.0,12.03147]},"KQo":{"weight":1.0,"played":[0.0254,0.9746],"evs":[0.0,0.61894]},"AQo":{"weight":0.0,"played":[0.4429,0.5571],"evs":[0.0,1.95683]},"K2s":{"weight":0.0,"played":[0.9619,0.0381],"evs":[0.0,0.21458]},"K3s":{"weight":0.0,"played":[0.8591,0.1409],"evs":[0.0,-2.825]},"K4s":{"weight":0.0,"played":[0.6156,0.3844],"evs":[0.0,-1.80356]},"K5s":{"weight":0.0,"played":[0.8215,0.1785],"evs":[0.0,-0.90503]},"K6s":{"weight":0.0,"played":[0.6628,0.3372],"evs":[0.0,1.57697]},"K7s":{"weight":0.0,"played":[0.3094,0.6906],"evs":[0.0,0.23913]},"K8s":{"weight":0.0,"played":[0.3688,0.6312],"evs":[0.0,0.66448]},"K9s":{"weight":0.0,"played":[0.7049,0.2951],"evs":[0.0,0.07658]},"KTs":{"weight":0.7081,"played":[0.2326,0.7674],"evs":[0.0,1.8092]},"KJs":{"weight":0.9997,"played":[0.3263,0.6737],"evs":[0.0,1.00635]},"KQs":{"weight":0.0021,"played":[0.7847,0.2153],"evs":[0.0,-2.86338]},"KK":{"weight":0.0,"played":[0.0,1.0],"evs":[0.0,15.34272]},"AKo":{"weight":0.0,"played":[0.0016,0.9984],"evs":[0.0,2.40983]},"A2s":{"weight":0.0,"played":[0.5963,0.4037],"evs":[0.0,-0.55675]},"A3s":{"weight":0.0,"played":[0.8822,0.1178],"evs":[0.0,-2.72313]},"A4s":{"weight":0.0,"played":[0.9359,0.0641],"evs":[0.0,-1.14241]},"A5s":{"weight":1.0E-4,"played":[0.4838,0.5162],"evs":[0.0,-3.2472]},"A6s":{"weight":0.0,"played":[0.9768,0.0232],"evs":[0.0,-6.83044]},"A7s":{"weight":7.0E-4,"played":[0.9604,0.0396],"evs":[0.0,0.44619]},"A8s":{"weight":0.4347,"played":[0.4078,0.5922],"evs":[0.0,-1.85818]},"A9s":{"weight":0.4003,"played":[0.7855,0.2145],"evs":[0.0,-1.67423]},"ATs":{"weight":0.0373,"played":[0.7893,0.2107],"evs":[0.0,-4.05879]},"AJs":{"weight":1.0E-4,"played":[0.5496,0.4504],"evs":[0.0,-0.32464]},"AQs":{"weight":0.0,"played":[0.0,1.0],"evs":[0.0,4.90087]},"AKs":{"weight":0.0,"played":[0.0035,0.9965],"evs":[0.0,6.39436]},"AA":{"weight":0.0025,"played":[0.0,1.0],"evs":[0.0,17.20238]}}}