{"player":2,"street":0,"children":2,"sequence":[{"player":0,"type":"R","amount":200000,"street":0},{"player":1,"type":"C","amount":200000,"street":0},{"player":2,"type":"C","amount":200000,"street":0},{"player":3,"type":"F","amount":0,"street":0},{"player":4,"type":"R","amount":1245000,"street":0},{"player":5,"type":"R","amount":1875000,"street":0},{"player":0,"type":"R","amount":2195000,"street":0},{"player":1,"type":"F","amount":0,"street":0}],"actions":[{"type":"F","amount":0},{"type":"C","amount":995000}],"hands":{"22":{"weight":0.0,"played":[0.8591,0.1409],"evs":[0.0,-0.38916]},"32o":{"weight":0.0,"played":[0.9989,0.0011],"evs":[0.0,-3.57734]},"42o":{"weight":0.0,"played":[0.9979,0.0021],"evs":[0.0,-3.66052]},"52o":{"weight":0.0,"played":[0.9987,0.0013],"evs":[0.0,-2.97689]},"62o":{"weight":0.0,"played":[0.9953,0.0047],"evs":[0.0,-3.76496]},"72o":{"weight":0.0,"played":[1.0,0.0],"evs":[0.0,-3.13486]},"82o":{"weight":0.0,"played":[0.9893,0.0107],"evs":[0.0,-2.41464]},"92o":{"weight":0.0,"played":[0.9984,0.0016],"evs":[0.0,-2.70905]},"T2o":{"weight":0.0,"played":[0.9994,6.0E-4],"evs":[0.0,-4.46072]},"J2o":{"weight":0.0,"played":[0.9989,0.0011],"evs":[0.0,-4.09778]},"Q2o":{"weight":0.0,"played":[0.999,0.001],"evs":[0.0,-2.80236]},"K2o":{"weight":0.0,"played":[0.9112,0.0888],"evs":[0.0,-2.96249]},"A2o":{"weight":0.0,"played":[0.9556,0.0444],"evs":[0.0,-4.64902]},"32s":{"weight":0.0,"played":[0.9987,0.0013],"evs":[0.0,-1.72397]},"33":{"weight":0.0,"played":[0.3226,0.6774],"evs":[0.0,0.44527]},"43o":{"weight":0.0,"played":[0.9995,5.0E-4],"evs":[0.0,-2.89433]},"53o":{"weight":0.0,"played":[0.9699,0.0301],"evs":[0.0,-1.72109]},"63o":{"weight":0.0,"played":[0.9989,0.0011],"evs":[0.0,-2.48514]},"73o":{"weight":0.0,"played":[0.9991,9.0E-4],"evs":[0.0,-2.26388]},"83o":{"weight":0.0,"played":[0.9997,3.0E-4],"evs":[0.0,-3.51292]},"93o":{"weight":0.0,"played":[0.9979,0.0021],"evs":[0.0,-3.81945]},"T3o":{"weight":0.0,"played":[1.0,0.0],"evs":[0.0,-3.76247]},"J3o":{"weight":0.0,"played":[0.9969,0.0031],"evs":[0.0,-2.66807]},"Q3o":{"weight":0.0,"played":[0.9882,0.0118],"evs":[0.0,-2.95928]},"K3o":{"weight":0.0,"played":[0.9989,0.0011],"evs":[0.0,-3.7805]},"A3o":{"weight":0.0,"played":[0.9966,0.0034],"evs":[0.0,-2.32791]},"42s":{"weight":0.0,"played":[0.8202,0.1798],"evs":[0.0,0.31378]},"43s":{"weight":0.0,"played":[0.6184,0.3816],"evs":[0.0,-1.05974]},"44":{"weight":0.0,"played":[0.5463,0.4537],"evs":[0.0,0.40561]},"54o":{"weight":0.0,"played":[0.9958,0.0042],"evs":[0.0,-0.7907]},"64o":{"weight":0.0,"played":[0.9964,0.0036],"evs":[0.0,-2.18014]},"74o":{"weight":0.0,"played":[0.9881,0.0119],"evs":[0.0,-2.61966]},"84o":{"weight":0.0,"played":[0.9691,0.0309],"evs":[0.0,-2.67118]},"94o":{"weight":0.0,"played":[0.9989,0.0011],"evs":[0.0,-3.66168]},"T4o":{"weight":0.0,"played":[0.9994,6.0E-4],"evs":[0.0,-2.84779]},"J4o":{"weight":0.0,"played":[0.9512,0.0488],"evs":[0.0,-2.63963]},"Q4o":{"weight":0.0,"played":[1.0,0.0],"evs":[0.0,-2.32635]},"K4o":{"weight":0.0,"played":[0.965,0.035],"evs":[0.0,-1.93625]},"A4o":{"weight":0.0,"played":[0.9961,0.0039],"evs":[0.0,-3.63542]},"52s":{"weight":0.0,"played":[0.8112,0.1888],"evs":[0.0,0.14686]},"53s":{"weight":0.0,"played":[0.8068,0.1932],"evs":[0.0,-1.10502]},"54s":{"weight":0.0,"played":[0.9759,0.0241],"evs":[0.0,-2.46306]},"55":{"weight":0.9828,"played":[0.1657,0.8343],"evs":[0.0,0.55614]},"65o":{"weight":0.0,"played":[0.7441,0.2559],"evs":[0.0,-1.18308]},"75o":{"weight":0.0,"played":[0.8126,0.1874],"evs":[0.0,-1.24222]},"85o":{"weight":0.0,"played":[0.9912,0.0088],"evs":[0.0,-3.61665]},"95o":{"weight":0.0,"played":[0.9663,0.0337],"evs":[0.0,-2.26294]},"T5o":{"weight":0.0,"played":[0.9992,8.0E-4],"evs":[0.0,-3.64739]},"J5o":{"weight":0.0,"played":[0.9878,0.0122],"evs":[0.0,-1.5379]},"Q5o":{"weight":0.0,"played":[0.9999,1.0E-4],"evs":[0.0,-2.56813]},"K5o":{"weight":0.0,"played":[0.9975,0.0025],"evs":[0.0,-2.48097]},"A5o":{"weight":0.0,"played":[0.6108,0.3892],"evs":[0.0,-1.61575]},"62s":{"weight":0.0,"played":[0.977,0.023],"evs":[0.0,-1.01357]},"63s":{"weight":0.0,"played":[0.8815,0.1185],"evs":[0.0,-0.54854]},"64s":{"weight":0.0,"played":[0.6294,0.3706],"evs":[0.0,0.29064]},"65s":{"weight":0.0,"played":[0.8367,0.1633],"evs":[0.0,-1.319]},"66":{"weight":0.0059,"played":[0.2695,0.7305],"evs":[0.0,-0.7386]},"76o":{"weight":0.0,"played":[0.7117,0.2883],"evs":[0.0,-0.83199]},"86o":{"weight":0.0,"played":[0.993,0.007],"evs":[0.0,-2.26561]},"96o":{"weight":0.0,"played":[0.9999,1.0E-4],"evs":[0.0,-2.4777]},"T6o":{"weight":0.0,"played":[0.9988,0.0012],"evs":[0.0,-2.01662]},"J6o":{"weight":0.0,"played":[0.9998,2.0E-4],"evs":[0.0,-3.82272]},"Q6o":{"weight":0.0,"played":[0.9997,3.0E-4],"evs":[0.0,-2.55072]},"K6o":{"weight":0.0,"played":[0.9977,0.0023],"evs":[0.0,-2.14252]},"A6o":{"weight":0.0,"played":[0.9836,0.0164],"evs":[0.0,-4.62574]},"72s":{"weight":0.0,"played":[0.9204,0.0796],"evs":[0.0,-3.5804]},"73s":{"weight":0.0,"played":[0.7133,0.2867],"evs":[0.0,-0.46237]},"74s":{"weight":0.0,"played":[0.4882,0.5118],"evs":[0.0,-2.1059]},"75s":{"weight":0.0,"played":[0.5615,0.4385],"evs":[0.0,-1.40463]},"76s":{"weight":0.0,"played":[0.4099,0.5901],"evs":[0.0,0.95628]},"77":{"weight":3.0E-4,"played":[0.0118,0.9882],"evs":[0.0,1.98906]},"87o":{"weight":0.0,"played":[0.8934,0.1066],"evs":[0.0,-2.48636]},"97o":{"weight":0.0,"played":[0.9614,0.0386],"evs":[0.0,-2.13164]},"T7o":{"weight":0.0,"played":[0.9493,0.0507],"evs":[0.0,-1.9322]},"J7o":{"weight":0.0,"played":[0.9984,0.0016],"evs":[0.0,-3.04682]},"Q7o":{"weight":0.0,"played":[0.987,0.013],"evs":[0.0,-2.15768]},"K7o":{"weight":0.0,"played":[0.8888,0.1112],"evs":[0.0,-0.90084]},"A7o":{"weight":0.0,"played":[0.9078,0.0922],"evs":[0.0,-1.26919]},"82s":{"weight":0.0,"played":[0.9228,0.0772],"evs":[0.0,-3.00307]},"83s":{"weight":0.0,"played":[0.9682,0.0318],"evs":[0.0,-1.38006]},"84s":{"weight":0.0,"played":[0.4698,0.5302],"evs":[0.0,-1.12239]},"85s":{"weight":0.0,"played":[1.0,0.0],"evs":[0.0,-1.60368]},"86s":{"weight":0.0,"played":[0.1381,0.8619],"evs":[0.0,1.77696]},"87s":{"weight":0.0,"played":[0.5876,0.4124],"evs":[0.0,-1.06295]},"88":{"weight":0.0,"played":[0.5751,0.4249],"evs":[0.0,-0.16575]},"98o":{"weight":0.0,"played":[0.9983,0.0017],"evs":[0.0,-2.31501]},"T8o":{"weight":0.0,"played":[0.9799,0.0201],"evs":[0.0,-2.31707]},"J8o":{"weight":0.0,"played":[0.9758,0.0242],"evs":[0.0,-2.6759]},"Q8o":{"weight":0.0,"played":[0.8308,0.1692],"evs":[0.0,-3.49149]},"K8o":{"weight":0.0,"played":[0.9739,0.0261],"evs":[0.0,-1.50842]},"A8o":{"weight":0.0,"played":[0.9832,0.0168],"evs":[0.0,-1.44987]},"92s":{"weight":0.0,"played":[0.9772,0.0228],"evs":[0.0,-3.25141]},"93s":{"weight":0.0,"played":[0.973,0.027],"evs":[0.0,-4.5738]},"94s":{"weight":0.0,"played":[0.9365,0.0635],"evs":[0.0,-0.10268]},"95s":{"weight":0.0,"played":[0.6983,0.3017],"evs":[0.0,0.51726]},"96s":{"weight":0.0,"played":[0.3452,0.6548],"evs":[0.0,-0.10903]},"97s":{"weight":0.0,"played":[0.9879,0.0121],"evs":[0.0,-2.29254]},"98s":{"weight":0.0,"played":[0.7841,0.2159],"evs":[0.0,-3.06216]},"99":{"weight":5.0E-4,"played":[0.0385,0.9615],"evs":[0.0,1.22624]},"T9o":{"weight":0.0,"played":[0.9389,0.0611],"evs":[0.0,-1.73664]},"J9o":{"weight":0.0,"played":[0.9905,0.0095],"evs":[0.0,-0.7555]},"Q9o":{"weight":0.0,"played":[0.6252,0.3748],"evs":[0.0,-0.70837]},"K9o":{"weight":0.0,"played":[0.9873,0.0127],"evs":[0.0,-3.18802]},"A9o":{"weight":0.0,"played":[0.9806,0.0194],"evs":[0.0,-2.12839]},"T2s":{"weight":0.0,"played":[0.9531,0.0469],"evs":[0.0,-3.56105]},"T3s":{"weight":0.0,"played":[0.899,0.101],"evs":[0.0,-1.13848]},"T4s":{"weight":0.0,"played":[0.8399,0.1601],"evs":[0.0,0.3689]},"T5s":{"weight":0.0,"played":[0.9863,0.0137],"evs":[0.0,-0.79619]},"T6s":{"weight":0.0,"played":[0.2074,0.7926],"evs":[0.0,-0.8006]},"T7s":{"weight":0.0,"played":[0.7575,0.2425],"evs":[0.0,1.34689]},"T8s":{"weight":0.0,"played":[0.4096,0.5904],"evs":[0.0,0.19935]},"T9s":{"weight":0.0,"played":[0.2183,0.7817],"evs":[0.0,0.9364]},"TT":{"weight":0.0,"played":[0.0011,0.9989],"evs":[0.0,6.60877]},"JTo":{"weight":0.0,"played":[0.6157,0.3843],"evs":[0.0,0.86978]},"QTo":{"weight":0.0,"played":[0.5206,0.4794],"evs":[0.0,-0.50038]},"KTo":{"weight":0.0,"played":[0.0014,0.9986],"evs":[0.0,1.24132]},"ATo":{"weight":0.0133,"played":[0.5817,0.4183],"evs":[0.0,-0.45794]},"J2s":{"weight":0.0,"played":[0.9821,0.0179],"evs":[0.0,-1.76635]},"J3s":{"weight":0.0,"played":[0.4672,0.5328],"evs":[0.0,-1.09028]},"J4s":{"weight":0.0,"played":[0.9879,0.0121],"evs":[0.0,-0.28915]},"J5s":{"weight":0.0,"played":[0.4357,0.5643],"evs":[0.0,0.91249]},"J6s":{"weight":0.0,"played":[0.0214,0.9786],"evs":[0.0,2.66423]},"J7s":{"weight":0.0,"played":[0.7296,0.2704],"evs":[0.0,-1.61307]},"J8s":{"weight":0.0,"played":[0.4059,0.5941],"evs":[0.0,1.40937]},"J9s":{"weight":0.0,"played":[0.0128,0.9872],"evs":[0.0,1.32215]},"JTs":{"weight":0.0,"played":[0.6103,0.3897],"evs":[0.0,-3.60213]},"JJ":{"weight":0.0,"played":[0.0017,0.9983],"evs":[0.0,4.66906]},"QJo":{"weight":0.0,"played":[0.4426,0.5574],"evs":[0.0,-1.06233]},"KJo":{"weight":0.0,"played":[0.0154,0.9846],"evs":[0.0,0.67491]},"AJo":{"weight":0.0,"played":[0.5557,0.4443],"evs":[0.0,-0.50072]},"Q2s":{"weight":0.0,"played":[0.6221,0.3779],"evs":[0.0,-0.36046]},"Q3s":{"weight":0.0,"played":[0.5811,0.4189],"evs":[0.0,0.85683]},"Q4s":{"weight":0.0,"played":[0.9803,0.0197],"evs":[0.0,-1.41155]},"Q5s":{"weight":0.0,"played":[0.9584,0.0416],"evs":[0.0,-1.28988]},"Q6s":{"weight":0.0,"played":[0.9516,0.0484],"evs":[0.0,-3.87909]},"Q7s":{"weight":0.0,"played":[0.989,0.011],"evs":[0.0,-2.02119]},"Q8s":{"weight":0.0,"played":[0.6508,0.3492],"evs":[0.0,0.0602]},"Q9s":{"weight":0.0,"played":[0.1921,0.8079],"evs":[0.0,-0.00915]},"QTs":{"weight":0.995,"played":[0.7556,0.2444],"evs":[0.0,-3.06109]},"QJs":{"weight":0.9974,"played":[0.9326,0.0674],"evs":[0.0,-1.76829]},"QQ":{"weight":0.0,"played":[1.0E-4,0.9999],"evs":[0.0,10.68383]},"KQo":{"weight":1.0,"played":[0.0658,0.9342],"evs":[0.0,1.94018]},"AQo":{"weight":0.0,"played":[0.0493,0.9507],"evs":[0.0,1.68818]},"K2s":{"weight":0.0,"played":[0.2915,0.7085],"evs":[0.0,0.81101]},"K3s":{"weight":0.0,"played":[0.9838,0.0162],"evs":[0.0,-1.57574]},"K4s":{"weight":0.0,"played":[0.9103,0.0897],"evs":[0.0,-0.81755]},"K5s":{"weight":0.0,"played":[0.9049,0.0951],"evs":[0.0,-4.15302]},"K6s":{"weight":0.0,"played":[0.5541,0.4459],"evs":[0.0,0.32945]},"K7s":{"weight":0.0,"played":[0.0544,0.9456],"evs":[0.0,-0.10605]},"K8s":{"weight":0.0,"played":[0.1143,0.8857],"evs":[0.0,0.83736]},"K9s":{"weight":0.0,"played":[0.0326,0.9674],"evs":[0.0,0.03506]},"KTs":{"weight":0.7081,"played":[0.3996,0.6004],"evs":[0.0,-0.41738]},"KJs":{"weight":0.9997,"played":[3.0E-4,0.9997],"evs":[0.0,3.93427]},"KQs":{"weight":0.0021,"played":[0.1181,0.8819],"evs":[0.0,5.42334]},"KK":{"weight":0.0,"played":[0.0,1.0],"evs":[0.0,14.45688]},"AKo":{"weight":0.0,"played":[0.0061,0.9939],"evs":[0.0,5.07593]},"A2s":{"weight":0.0,"played":[0.0975,0.9025],"evs":[0.0,2.42014]},"A3s":{"weight":0.0,"played":[0.6482,0.3518],"evs":[0.0,-0.59446]},"A4s":{"weight":0.0,"played":[0.5271,0.4729],"evs":[0.0,0.57542]},"A5s":{"weight":1.0E-4,"played":[0.5097,0.4903],"evs":[0.0,-1.35396]},"A6s":{"weight":0.0,"played":[0.589,0.411],"evs":[0.0,-0.08596]},"A7s":{"weight":7.0E-4,"played":[0.993,0.007],"evs":[0.0,-1.17474]},"A8s":{"weight":0.4347,"played":[0.5671,0.4329],"evs":[0.0,-1.1908]},"A9s":{"weight":0.4003,"played":[0.8934,0.1066],"evs":[0.0,0.75894]},"ATs":{"weight":0.0373,"played":[0.102,0.898],"evs":[0.0,3.56339]},"AJs":{"weight":1.0E-4,"played":[0.6629,0.3371],"evs":[0.0,-0.12072]},"AQs":{"weight":0.0,"played":[0.01,0.99],"evs":[0.0,7.1199]},"AKs":{"weight":0.0,"played":[0.1803,0.8197],"evs":[0.0,2.89616]},"AA":{"weight":0.0025,"played":[0.0,1.0],"evs":[0.0,23.68333]}}}