{"player":0,"street":0,"children":3,"sequence":[{"player":0,"type":"R","amount":200000,"street":0},{"player":1,"type":"C","amount":200000,"street":0},{"player":2,"type":"C","amount":200000,"street":0},{"player":3,"type":"R","amount":605000,"street":0},{"player":4,"type":"F","amount":0,"street":0},{"player":5,"type":"F","amount":0,"street":0}],"actions":[{"type":"F","amount":0,"node":450},{"type":"C","amount":405000,"node":455},{"type":"R","amount":2195000,"node":461}],"hands":{"22":{"weight":0.6958,"played":[0.022,0.029,0.949],"evs":[0.0,0.67681,1.15193]},"32o":{"weight":0.0,"played":[0.9999,0.0,1.0E-4],"evs":[0.0,-2.93405,-4.57718]},"42o":{"weight":0.0,"played":[1.0,0.0,0.0],"evs":[0.0,-2.77876,-3.15341]},"52o":{"weight":0.0,"played":[0.9999,0.0,1.0E-4],"evs":[0.0,-2.92396,-3.93053]},"62o":{"weight":0.0,"played":[0.9851,0.0,0.0148],"evs":[0.0,-2.98625,-4.09045]},"72o":{"weight":0.0,"played":[1.0,0.0,0.0],"evs":[0.0,-2.79079,-4.45906]},"82o":{"weight":0.0,"played":[1.0,0.0,0.0],"evs":[0.0,-3.07299,-4.09108]},"92o":{"weight":0.0,"played":[0.9999,0.0,1.0E-4],"evs":[0.0,-3.12849,-5.07343]},"T2o":{"weight":0.0,"played":[0.9998,2.0E-4,0.0],"evs":[0.0,-3.39714,-5.39166]},"J2o":{"weight":0.0,"played":[0.9997,3.0E-4,0.0],"evs":[0.0,-2.93381,-4.81888]},"Q2o":{"weight":0.0,"played":[1.0,0.0,0.0],"evs":[0.0,-3.48335,-4.44852]},"K2o":{"weight":0.0,"played":[0.9994,0.0,6.0E-4],"evs":[0.0,-2.77128,-4.30302]},"A2o":{"weight":0.0,"played":[0.9729,0.0233,0.0038],"evs":[0.0,-1.68532,-1.81506]},"32s":{"weight":0.0,"played":[0.9951,0.0038,0.0012],"evs":[0.0,-2.86556,-2.08737]},"33":{"weight":0.9599,"played":[0.0011,0.5175,0.4814],"evs":[0.0,0.60202,0.39587]},"43o":{"weight":0.0,"played":[0.9989,0.0,0.0011],"evs":[0.0,-3.24386,-4.41264]},"53o":{"weight":0.0,"played":[0.9977,0.0,0.0022],"evs":[0.0,-2.44518,-2.7735]},"63o":{"weight":0.0,"played":[0.9999,0.0,1.0E-4],"evs":[0.0,-2.81935,-3.20645]},"73o":{"weight":0.0,"played":[0.9999,1.0E-4,0.0],"evs":[0.0,-3.09485,-3.81268]},"83o":{"weight":0.0,"played":[1.0,0.0,0.0],"evs":[0.0,-2.90631,-4.20772]},"93o":{"weight":0.0,"played":[0.9999,0.0,0.0],"evs":[0.0,-2.93418,-4.07615]},"T3o":{"weight":0.0,"played":[1.0,0.0,0.0],"evs":[0.0,-2.74227,-4.75512]},"J3o":{"weight":0.0,"played":[0.9995,0.0,5.0E-4],"evs":[0.0,-3.33604,-4.63025]},"Q3o":{"weight":0.0,"played":[0.9999,0.0,1.0E-4],"evs":[0.0,-3.12969,-5.23344]},"K3o":{"weight":0.0,"played":[0.9997,2.0E-4,1.0E-4],"evs":[0.0,-2.47982,-3.78729]},"A3o":{"weight":0.0,"played":[0.9296,0.044,0.0263],"evs":[0.0,-1.58855,-1.20372]},"42s":{"weight":0.0,"played":[0.97,3.0E-4,0.0297],"evs":[0.0,-2.73899,-2.69]},"43s":{"weight":0.0,"played":[0.6489,0.0024,0.3487],"evs":[0.0,-1.01187,-0.68755]},"44":{"weight":0.9292,"played":[0.0052,0.2498,0.745],"evs":[0.0,0.69468,0.60535]},"54o":{"weight":0.0,"played":[0.9998,0.0,2.0E-4],"evs":[0.0,-2.45359,-2.44802]},"64o":{"weight":0.0,"played":[1.0,0.0,0.0],"evs":[0.0,-3.4914,-3.50021]},"74o":{"weight":0.0,"played":[1.0,0.0,0.0],"evs":[0.0,-2.62645,-3.52856]},"84o":{"weight":0.0,"played":[0.9998,0.0,2.0E-4],"evs":[0.0,-2.99869,-3.85548]},"94o":{"weight":0.0,"played":[0.9998,2.0E-4,0.0],"evs":[0.0,-3.08867,-4.80796]},"T4o":{"weight":0.0,"played":[0.9997,0.0,2.0E-4],"evs":[0.0,-2.93654,-5.11543]},"J4o":{"weight":0.0,"played":[0.9999,0.0,0.0],"evs":[0.0,-3.04566,-4.93277]},"Q4o":{"weight":0.0,"played":[0.9998,0.0,1.0E-4],"evs":[0.0,-3.33884,-5.35691]},"K4o":{"weight":0.0,"played":[0.9995,0.0,5.0E-4],"evs":[0.0,-2.83853,-3.89894]},"A4o":{"weight":0.0,"played":[0.9682,0.0086,0.0232],"evs":[0.0,-1.91637,-2.43299]},"52s":{"weight":0.0,"played":[0.9806,9.0E-4,0.0185],"evs":[0.0,-2.79441,-1.69089]},"53s":{"weight":0.0,"played":[0.5762,0.2189,0.2049],"evs":[0.0,-1.03528,-0.63505]},"54s":{"weight":0.0,"played":[0.6417,0.0602,0.2982],"evs":[0.0,-0.15415,-0.07893]},"55":{"weight":0.986,"played":[1.0E-4,1.0E-4,0.9998],"evs":[0.0,3.2762,3.56334]},"65o":{"weight":0.0,"played":[0.9957,0.0018,0.0024],"evs":[0.0,-2.283,-1.8692]},"75o":{"weight":0.0,"played":[0.9986,1.0E-4,0.0012],"evs":[0.0,-1.23389,-1.45483]},"85o":{"weight":0.0,"played":[0.9996,1.0E-4,3.0E-4],"evs":[0.0,-1.87416,-2.05538]},"95o":{"weight":0.0,"played":[0.9996,1.0E-4,3.0E-4],"evs":[0.0,-3.46028,-4.14788]},"T5o":{"weight":0.0,"played":[0.9998,0.0,1.0E-4],"evs":[0.0,-2.93903,-4.09262]},"J5o":{"weight":0.0,"played":[1.0,0.0,0.0],"evs":[0.0,-2.8492,-3.41478]},"Q5o":{"weight":0.0,"played":[0.9999,0.0,1.0E-4],"evs":[0.0,-3.19464,-4.4842]},"K5o":{"weight":0.0,"played":[0.9987,0.0,0.0013],"evs":[0.0,-2.54816,-3.04507]},"A5o":{"weight":1.0,"played":[0.924,0.0489,0.0272],"evs":[0.0,-0.86406,-0.66457]},"62s":{"weight":0.0,"played":[0.9981,3.0E-4,0.0016],"evs":[0.0,-1.99608,-2.36453]},"63s":{"weight":0.0,"played":[0.9933,0.0,0.0067],"evs":[0.0,-1.3287,-0.87544]},"64s":{"weight":0.0,"played":[0.9281,0.0019,0.0699],"evs":[0.0,-0.95782,-0.48147]},"65s":{"weight":0.0,"played":[0.1689,0.4981,0.3329],"evs":[0.0,0.63958,0.45393]},"66":{"weight":0.7522,"played":[6.0E-4,0.2534,0.746],"evs":[0.0,5.37879,5.44448]},"76o":{"weight":0.0,"played":[0.2529,0.2704,0.4767],"evs":[0.0,-0.08148,0.12356]},"86o":{"weight":0.0,"played":[0.9999,1.0E-4,0.0],"evs":[0.0,-1.34224,-1.59906]},"96o":{"weight":0.0,"played":[0.9408,0.0,0.0592],"evs":[0.0,-2.09917,-2.00165]},"T6o":{"weight":0.0,"played":[0.9999,1.0E-4,0.0],"evs":[0.0,-2.42757,-2.24392]},"J6o":{"weight":0.0,"played":[1.0,0.0,0.0],"evs":[0.0,-2.4171,-3.74128]},"Q6o":{"weight":0.0,"played":[0.9973,0.0,0.0027],"evs":[0.0,-2.58956,-2.74113]},"K6o":{"weight":0.0,"played":[0.9985,1.0E-4,0.0014],"evs":[0.0,-2.47206,-2.31244]},"A6o":{"weight":3.0E-4,"played":[0.9846,0.0087,0.0067],"evs":[0.0,-1.06897,-0.60454]},"72s":{"weight":0.0,"played":[0.9998,0.0,2.0E-4],"evs":[0.0,-2.29964,-3.41565]},"73s":{"weight":0.0,"played":[0.9292,0.0079,0.0629],"evs":[0.0,-2.32426,-2.50181]},"74s":{"weight":0.0,"played":[0.4274,0.385,0.1876],"evs":[0.0,0.15139,-0.54845]},"75s":{"weight":0.0,"played":[0.0306,0.6178,0.3517],"evs":[0.0,1.18323,0.89717]},"76s":{"weight":0.8966,"played":[0.0582,0.6817,0.2601],"evs":[0.0,0.62301,0.11692]},"77":{"weight":0.839,"played":[0.0,0.4298,0.5702],"evs":[0.0,7.04403,6.93443]},"87o":{"weight":0.0,"played":[0.9892,6.0E-4,0.0102],"evs":[0.0,-1.35309,-1.17284]},"97o":{"weight":0.0,"played":[0.9988,4.0E-4,9.0E-4],"evs":[0.0,-0.64749,-0.70959]},"T7o":{"weight":0.0,"played":[0.9993,3.0E-4,4.0E-4],"evs":[0.0,-2.15212,-2.15947]},"J7o":{"weight":0.0,"played":[1.0,0.0,0.0],"evs":[0.0,-1.92902,-1.94467]},"Q7o":{"weight":0.0,"played":[0.9999,1.0E-4,1.0E-4],"evs":[0.0,-2.91221,-4.05298]},"K7o":{"weight":0.0,"played":[0.9917,0.0012,0.0071],"evs":[0.0,-1.81654,-1.51225]},"A7o":{"weight":1.0,"played":[0.7039,1.0E-4,0.2959],"evs":[0.0,-0.32603,-0.14014]},"82s":{"weight":0.0,"played":[0.9865,9.0E-4,0.0126],"evs":[0.0,-3.26089,-2.69156]},"83s":{"weight":0.0,"played":[0.9936,0.0046,0.0019],"evs":[0.0,-0.65665,-0.70383]},"84s":{"weight":0.0,"played":[0.9967,0.0,0.0033],"evs":[0.0,-2.06065,-1.84296]},"85s":{"weight":0.0,"played":[0.7939,0.0,0.206],"evs":[0.0,-1.55318,-0.8382]},"86s":{"weight":0.0,"played":[0.2921,0.0541,0.6538],"evs":[0.0,1.01337,1.54331]},"87s":{"weight":0.9998,"played":[0.0906,0.463,0.4465],"evs":[0.0,1.10378,1.0352]},"88":{"weight":0.9982,"played":[0.0,0.2319,0.7681],"evs":[0.0,7.98202,8.0417]},"98o":{"weight":0.0,"played":[0.5727,0.2825,0.1447],"evs":[0.0,0.1958,-0.13496]},"T8o":{"weight":0.0,"played":[0.9486,0.0097,0.0417],"evs":[0.0,-1.88342,-1.54065]},"J8o":{"weight":0.0,"played":[0.9999,0.0,1.0E-4],"evs":[0.0,-1.87594,-1.63832]},"Q8o":{"weight":0.0,"played":[0.9994,0.0,6.0E-4],"evs":[0.0,-2.88016,-2.62178]},"K8o":{"weight":0.0,"played":[0.9957,0.0,0.0043],"evs":[0.0,-2.29515,-2.36828]},"A8o":{"weight":1.0,"played":[0.1205,0.3459,0.5336],"evs":[0.0,0.56866,0.74748]},"92s":{"weight":0.0,"played":[0.9777,0.0209,0.0014],"evs":[0.0,-3.97645,-3.34286]},"93s":{"weight":0.0,"played":[0.9899,2.0E-4,0.0099],"evs":[0.0,-2.3131,-2.37555]},"94s":{"weight":0.0,"played":[0.9983,1.0E-4,0.0017],"evs":[0.0,-2.76529,-3.24831]},"95s":{"weight":0.0,"played":[0.9797,0.0,0.0203],"evs":[0.0,-2.34046,-1.45139]},"96s":{"weight":0.0,"played":[0.5872,0.003,0.4099],"evs":[0.0,-2.11737,0.42734]},"97s":{"weight":0.2425,"played":[0.0211,0.3259,0.653],"evs":[0.0,1.18043,1.4278]},"98s":{"weight":1.0,"played":[0.019,0.9375,0.0435],"evs":[0.0,0.90129,0.5801]},"99":{"weight":0.9999,"played":[0.0,0.229,0.771],"evs":[0.0,8.13527,8.13971]},"T9o":{"weight":0.0,"played":[0.9966,0.0022,0.0012],"evs":[0.0,-0.94315,-0.37031]},"J9o":{"weight":0.0,"played":[0.9783,0.0028,0.0189],"evs":[0.0,-1.43868,-1.74317]},"Q9o":{"weight":0.0,"played":[0.9889,0.0022,0.009],"evs":[0.0,-2.05019,-1.90853]},"K9o":{"weight":0.0,"played":[0.9993,1.0E-4,6.0E-4],"evs":[0.0,-1.3801,-0.75754]},"A9o":{"weight":1.0,"played":[7.0E-4,0.156,0.8433],"evs":[0.0,0.6824,0.69339]},"T2s":{"weight":0.0,"played":[0.9995,0.0,5.0E-4],"evs":[0.0,-2.16947,-1.69883]},"T3s":{"weight":0.0,"played":[0.9992,0.0,8.0E-4],"evs":[0.0,-3.23661,-3.61414]},"T4s":{"weight":0.0,"played":[0.9802,0.0153,0.0044],"evs":[0.0,-2.0709,-1.86612]},"T5s":{"weight":0.0,"played":[0.9916,0.0048,0.0036],"evs":[0.0,-2.50807,-3.6267]},"T6s":{"weight":0.0,"played":[0.9573,9.0E-4,0.0418],"evs":[0.0,-0.65885,-0.3123]},"T7s":{"weight":0.0,"played":[0.1525,1.0E-4,0.8474],"evs":[0.0,-0.90323,0.40241]},"T8s":{"weight":0.9999,"played":[0.3369,0.184,0.4792],"evs":[0.0,1.01497,1.24672]},"T9s":{"weight":0.9992,"played":[0.1442,0.5326,0.3232],"evs":[0.0,-0.20045,-0.37926]},"TT":{"weight":1.0,"played":[1.0E-4,0.5865,0.4134],"evs":[0.0,9.72627,9.73256]},"JTo":{"weight":0.9998,"played":[0.9999,1.0E-4,0.0],"evs":[0.0,-1.26712,-1.28685]},"QTo":{"weight":1.0,"played":[0.9971,2.0E-4,0.0028],"evs":[0.0,-1.67216,-1.0723]},"KTo":{"weight":0.9999,"played":[0.9951,9.0E-4,0.004],"evs":[0.0,-2.00467,-2.38832]},"ATo":{"weight":0.9995,"played":[0.0,0.0538,0.9462],"evs":[0.0,2.46451,2.65236]},"J2s":{"weight":0.0,"played":[0.9721,0.0139,0.0141],"evs":[0.0,-2.84408,-3.91989]},"J3s":{"weight":0.0,"played":[0.9424,1.0E-4,0.0575],"evs":[0.0,-2.61428,-3.41247]},"J4s":{"weight":0.0,"played":[0.9034,0.0062,0.0905],"evs":[0.0,-1.74969,-1.605]},"J5s":{"weight":0.0,"played":[0.9825,0.0,0.0175],"evs":[0.0,-2.60529,-1.16121]},"J6s":{"weight":0.0,"played":[0.6859,0.0205,0.2936],"evs":[0.0,-0.77442,-0.59526]},"J7s":{"weight":0.0,"played":[0.3045,0.3951,0.3004],"evs":[0.0,-0.35014,-0.53266]},"J8s":{"weight":0.9993,"played":[0.4173,0.3104,0.2724],"evs":[0.0,0.02885,-0.13539]},"J9s":{"weight":0.8909,"played":[0.0024,0.3341,0.6636],"evs":[0.0,0.90721,0.89221]},"JTs":{"weight":0.8441,"played":[0.035,0.3009,0.6641],"evs":[0.0,0.19747,0.34132]},"JJ":{"weight":1.0,"played":[0.0,0.5804,0.4196],"evs":[0.0,10.73987,10.57025]},"QJo":{"weight":1.0,"played":[0.9995,2.0E-4,3.0E-4],"evs":[0.0,-1.65811,-1.87108]},"KJo":{"weight":0.9919,"played":[0.816,0.0,0.184],"evs":[0.0,-0.40263,-0.03601]},"AJo":{"weight":0.8669,"played":[0.0,0.0478,0.9522],"evs":[0.0,4.7566,5.1139]},"Q2s":{"weight":0.0,"played":[0.9901,1.0E-4,0.0098],"evs":[0.0,-3.12533,-3.27042]},"Q3s":{"weight":0.0,"played":[0.9815,6.0E-4,0.0179],"evs":[0.0,-2.81419,-2.55179]},"Q4s":{"weight":0.0,"played":[0.999,8.0E-4,2.0E-4],"evs":[0.0,-2.77138,-2.74186]},"Q5s":{"weight":0.0,"played":[0.9548,0.0,0.0452],"evs":[0.0,-3.36383,-2.9949]},"Q6s":{"weight":0.0,"played":[0.7471,0.0026,0.2503],"evs":[0.0,0.11525,0.7304]},"Q7s":{"weight":0.0,"played":[0.9995,2.0E-4,4.0E-4],"evs":[0.0,-3.3581,-2.74822]},"Q8s":{"weight":0.9998,"played":[0.8821,0.0884,0.0294],"evs":[0.0,-1.38363,-1.02281]},"Q9s":{"weight":0.9999,"played":[0.2277,0.2817,0.4906],"evs":[0.0,1.02438,1.09504]},"QTs":{"weight":0.9988,"played":[0.9744,0.005,0.0206],"evs":[0.0,-0.85467,-0.59852]},"QJs":{"weight":0.9977,"played":[0.1065,0.2943,0.5992],"evs":[0.0,0.6352,0.90323]},"QQ":{"weight":1.0,"played":[0.0,0.1012,0.8988],"evs":[0.0,15.43042,15.74895]},"KQo":{"weight":0.9491,"played":[0.0081,0.1408,0.8511],"evs":[0.0,1.15397,1.51325]},"AQo":{"weight":0.9015,"played":[0.0,0.0361,0.9639],"evs":[0.0,6.82393,6.83092]},"K2s":{"weight":0.0,"played":[0.7376,0.2554,0.007],"evs":[0.0,-1.20328,-2.13282]},"K3s":{"weight":0.0,"played":[0.9814,0.0027,0.0159],"evs":[0.0,-2.10421,-0.93577]},"K4s":{"weight":0.0,"played":[0.9634,0.0185,0.0181],"evs":[0.0,-2.09725,-2.78573]},"K5s":{"weight":0.765,"played":[0.9454,0.0034,0.0512],"evs":[0.0,-2.78127,-2.48772]},"K6s":{"weight":1.0,"played":[0.4325,0.326,0.2415],"evs":[0.0,-0.40291,-0.42519]},"K7s":{"weight":1.0,"played":[0.6263,0.2091,0.1646],"evs":[0.0,0.13736,0.22549]},"K8s":{"weight":1.0,"played":[0.9977,4.0E-4,0.002],"evs":[0.0,-1.33647,-0.78409]},"K9s":{"weight":0.999,"played":[0.5334,0.0323,0.4343],"evs":[0.0,-0.60522,-0.08584]},"KTs":{"weight":0.7429,"played":[0.1566,0.14,0.7035],"evs":[0.0,0.96659,1.16138]},"KJs":{"weight":0.9998,"played":[0.8715,0.0014,0.1271],"evs":[0.0,-0.37315,-0.18679]},"KQs":{"weight":1.0,"played":[0.005,0.083,0.912],"evs":[0.0,2.90657,3.22415]},"KK":{"weight":1.0,"played":[0.0,0.6311,0.3689],"evs":[0.0,20.32443,20.14265]},"AKo":{"weight":1.0,"played":[0.0,0.5313,0.4687],"evs":[0.0,7.19202,7.31474]},"A2s":{"weight":0.9993,"played":[0.0082,0.0143,0.9775],"evs":[0.0,0.15854,0.30138]},"A3s":{"weight":0.9983,"played":[0.041,0.044,0.915],"evs":[0.0,0.30412,0.85532]},"A4s":{"weight":0.9692,"played":[0.002,0.705,0.293],"evs":[0.0,0.24958,0.02968]},"A5s":{"weight":0.7218,"played":[0.0063,0.5767,0.417],"evs":[0.0,1.4727,1.24331]},"A6s":{"weight":0.993,"played":[0.1654,0.0,0.8346],"evs":[0.0,1.48504,2.12405]},"A7s":{"weight":0.9999,"played":[5.0E-4,0.9301,0.0694],"evs":[0.0,1.26777,1.16774]},"A8s":{"weight":1.0,"played":[0.003,0.2151,0.7818],"evs":[0.0,2.32,2.27486]},"A9s":{"weight":1.0,"played":[6.0E-4,0.8378,0.1615],"evs":[0.0,3.52483,3.39997]},"ATs":{"weight":1.0,"played":[0.0,0.3567,0.6433],"evs":[0.0,5.04871,4.99101]},"AJs":{"weight":1.0,"played":[2.0E-4,5.0E-4,0.9993],"evs":[0.0,6.05402,6.4236]},"AQs":{"weight":1.0,"played":[0.0,0.3929,0.6071],"evs":[0.0,10.00501,10.33064]},"AKs":{"weight":1.0,"played":[0.0,0.016,0.984],"evs":[0.0,8.58134,8.83511]},"AA":{"weight":1.0,"played":[0.0,0.2047,0.7953],"evs":[0.0,23.43708,23.90523]}}}