{"player":1,"street":0,"children":2,"sequence":[{"player":0,"type":"R","amount":200000,"street":0},{"player":1,"type":"C","amount":200000,"street":0},{"player":2,"type":"C","amount":200000,"street":0},{"player":3,"type":"R","amount":605000,"street":0},{"player":4,"type":"F","amount":0,"street":0},{"player":5,"type":"F","amount":0,"street":0},{"player":0,"type":"F","amount":0,"street":0},{"player":1,"type":"C","amount":405000,"street":0},{"player":2,"type":"R","amount":1195000,"street":0}],"actions":[{"type":"F","amount":0},{"type":"C","amount":590000}],"hands":{"22":{"weight":0.0,"played":[3.0E-4,0.9997],"evs":[0.0,6.52745]},"32o":{"weight":0.0,"played":[4.0E-4,0.9996],"evs":[0.0,3.87335]},"42o":{"weight":0.0,"played":[0.0033,0.9967],"evs":[0.0,4.50794]},"52o":{"weight":0.0,"played":[3.0E-4,0.9997],"evs":[0.0,3.77731]},"62o":{"weight":0.0,"played":[0.0,1.0],"evs":[0.0,3.40501]},"72o":{"weight":0.0,"played":[5.0E-4,0.9995],"evs":[0.0,3.97648]},"82o":{"weight":0.0,"played":[7.0E-4,0.9993],"evs":[0.0,4.06672]},"92o":{"weight":0.0,"played":[2.0E-4,0.9998],"evs":[0.0,4.12578]},"T2o":{"weight":0.0,"played":[3.0E-4,0.9997],"evs":[0.0,1.93528]},"J2o":{"weight":0.0,"played":[1.0E-4,0.9999],"evs":[0.0,3.7962]},"Q2o":{"weight":0.0,"played":[0.0013,0.9987],"evs":[0.0,2.53378]},"K2o":{"weight":0.0,"played":[0.0044,0.9956],"evs":[0.0,3.93273]},"A2o":{"weight":0.0,"played":[1.0E-4,0.9999],"evs":[0.0,7.64239]},"32s":{"weight":0.0,"played":[0.0094,0.9906],"evs":[0.0,4.45587]},"33":{"weight":0.0,"played":[0.0016,0.9984],"evs":[0.0,7.51085]},"43o":{"weight":0.0,"played":[0.0,1.0],"evs":[0.0,3.78984]},"53o":{"weight":0.0,"played":[0.001,0.999],"evs":[0.0,4.06784]},"63o":{"weight":0.0,"played":[0.001,0.999],"evs":[0.0,5.03247]},"73o":{"weight":0.0,"played":[1.0E-4,0.9999],"evs":[0.0,3.80702]},"83o":{"weight":0.0,"played":[0.0,1.0],"evs":[0.0,3.24835]},"93o":{"weight":0.0,"played":[2.0E-4,0.9998],"evs":[0.0,3.19059]},"T3o":{"weight":0.0,"played":[0.0,1.0],"evs":[0.0,3.26603]},"J3o":{"weight":0.0,"played":[0.0,1.0],"evs":[0.0,3.48324]},"Q3o":{"weight":0.0,"played":[0.005,0.995],"evs":[0.0,2.71034]},"K3o":{"weight":0.0,"played":[0.0,1.0],"evs":[0.0,3.52719]},"A3o":{"weight":0.0,"played":[0.0011,0.9989],"evs":[0.0,5.62166]},"42s":{"weight":0.0,"played":[2.0E-4,0.9998],"evs":[0.0,3.04305]},"43s":{"weight":0.0,"played":[0.0,1.0],"evs":[0.0,5.75317]},"44":{"weight":0.0346,"played":[0.0,1.0],"evs":[0.0,7.27244]},"54o":{"weight":0.0,"played":[1.0E-4,0.9999],"evs":[0.0,5.58543]},"64o":{"weight":0.0,"played":[0.0,1.0],"evs":[0.0,4.84043]},"74o":{"weight":0.0,"played":[8.0E-4,0.9992],"evs":[0.0,4.35445]},"84o":{"weight":0.0,"played":[8.0E-4,0.9992],"evs":[0.0,4.60906]},"94o":{"weight":0.0,"played":[0.0,1.0],"evs":[0.0,3.51963]},"T4o":{"weight":0.0,"played":[0.0011,0.9989],"evs":[0.0,3.358]},"J4o":{"weight":0.0,"played":[0.0246,0.9754],"evs":[0.0,3.56104]},"Q4o":{"weight":0.0,"played":[4.0E-4,0.9996],"evs":[0.0,1.97631]},"K4o":{"weight":0.0,"played":[0.0,1.0],"evs":[0.0,3.70317]},"A4o":{"weight":0.0,"played":[0.0011,0.9989],"evs":[0.0,6.09972]},"52s":{"weight":0.0,"played":[2.0E-4,0.9998],"evs":[0.0,4.37004]},"53s":{"weight":0.0,"played":[1.0E-4,0.9999],"evs":[0.0,5.85225]},"54s":{"weight":0.0,"played":[0.0072,0.9928],"evs":[0.0,6.04855]},"55":{"weight":0.0042,"played":[0.0,1.0],"evs":[0.0,8.35205]},"65o":{"weight":0.0,"played":[3.0E-4,0.9997],"evs":[0.0,5.29691]},"75o":{"weight":0.0,"played":[0.0,1.0],"evs":[0.0,5.48688]},"85o":{"weight":0.0,"played":[1.0E-4,0.9999],"evs":[0.0,4.55278]},"95o":{"weight":0.0,"played":[5.0E-4,0.9995],"evs":[0.0,4.311]},"T5o":{"weight":0.0,"played":[0.0025,0.9975],"evs":[0.0,2.4105]},"J5o":{"weight":0.0,"played":[5.0E-4,0.9995],"evs":[0.0,3.30121]},"Q5o":{"weight":0.0,"played":[0.0066,0.9934],"evs":[0.0,2.90928]},"K5o":{"weight":0.0,"played":[2.0E-4,0.9998],"evs":[0.0,3.20648]},"A5o":{"weight":0.0,"played":[2.0E-4,0.9998],"evs":[0.0,8.3555]},"62s":{"weight":0.0,"played":[0.0013,0.9987],"evs":[0.0,5.16944]},"63s":{"weight":0.0,"played":[0.0019,0.9981],"evs":[0.0,4.50289]},"64s":{"weight":0.0,"played":[7.0E-4,0.9993],"evs":[0.0,6.25455]},"65s":{"weight":0.0,"played":[0.0025,0.9975],"evs":[0.0,6.46252]},"66":{"weight":0.0262,"played":[0.0,1.0],"evs":[0.0,10.15931]},"76o":{"weight":0.0,"played":[7.0E-4,0.9993],"evs":[0.0,6.38803]},"86o":{"weight":0.0,"played":[0.0,1.0],"evs":[0.0,5.25787]},"96o":{"weight":0.0,"played":[0.0,1.0],"evs":[0.0,5.36385]},"T6o":{"weight":0.0,"played":[0.0036,0.9964],"evs":[0.0,3.53639]},"J6o":{"weight":0.0,"played":[3.0E-4,0.9997],"evs":[0.0,3.59821]},"Q6o":{"weight":0.0,"played":[0.0,1.0],"evs":[0.0,3.27917]},"K6o":{"weight":0.0,"played":[0.0016,0.9984],"evs":[0.0,4.58951]},"A6o":{"weight":0.0,"played":[1.0E-4,0.9999],"evs":[0.0,7.16474]},"72s":{"weight":0.0,"played":[0.004,0.996],"evs":[0.0,4.62987]},"73s":{"weight":0.0,"played":[0.0027,0.9973],"evs":[0.0,5.50939]},"74s":{"weight":0.0,"played":[0.0,1.0],"evs":[0.0,6.75457]},"75s":{"weight":0.0,"played":[1.0E-4,0.9999],"evs":[0.0,6.84512]},"76s":{"weight":0.0129,"played":[0.0,1.0],"evs":[0.0,8.15739]},"77":{"weight":0.0114,"played":[0.0,1.0],"evs":[0.0,10.43962]},"87o":{"weight":0.0,"played":[0.0,1.0],"evs":[0.0,5.2932]},"97o":{"weight":0.0,"played":[0.0,1.0],"evs":[0.0,5.60052]},"T7o":{"weight":0.0,"played":[3.0E-4,0.9997],"evs":[0.0,4.5192]},"J7o":{"weight":0.0,"played":[0.0014,0.9986],"evs":[0.0,4.03214]},"Q7o":{"weight":0.0,"played":[1.0E-4,0.9999],"evs":[0.0,3.39697]},"K7o":{"weight":0.0,"played":[1.0E-4,0.9999],"evs":[0.0,4.04816]},"A7o":{"weight":0.0,"played":[0.0,1.0],"evs":[0.0,7.85551]},"82s":{"weight":0.0,"played":[3.0E-4,0.9997],"evs":[0.0,4.31149]},"83s":{"weight":0.0,"played":[0.0011,0.9989],"evs":[0.0,4.65063]},"84s":{"weight":0.0,"played":[1.0E-4,0.9999],"evs":[0.0,4.65024]},"85s":{"weight":0.0,"played":[1.0E-4,0.9999],"evs":[0.0,4.99775]},"86s":{"weight":0.0,"played":[8.0E-4,0.9992],"evs":[0.0,6.13618]},"87s":{"weight":0.2567,"played":[0.0,1.0],"evs":[0.0,6.11015]},"88":{"weight":0.0716,"played":[0.0,1.0],"evs":[0.0,11.37944]},"98o":{"weight":0.0,"played":[0.0,1.0],"evs":[0.0,5.73011]},"T8o":{"weight":0.0,"played":[0.0,1.0],"evs":[0.0,4.93465]},"J8o":{"weight":0.0,"played":[5.0E-4,0.9995],"evs":[0.0,4.07535]},"Q8o":{"weight":0.0,"played":[0.0,1.0],"evs":[0.0,3.69845]},"K8o":{"weight":0.0,"played":[0.0011,0.9989],"evs":[0.0,4.38675]},"A8o":{"weight":0.0,"played":[0.0,1.0],"evs":[0.0,8.07613]},"92s":{"weight":0.0,"played":[2.0E-4,0.9998],"evs":[0.0,4.51651]},"93s":{"weight":0.0,"played":[0.0038,0.9962],"evs":[0.0,4.56045]},"94s":{"weight":0.0,"played":[1.0E-4,0.9999],"evs":[0.0,5.19417]},"95s":{"weight":0.0,"played":[0.0,1.0],"evs":[0.0,5.46415]},"96s":{"weight":0.0,"played":[0.001,0.999],"evs":[0.0,6.51795]},"97s":{"weight":0.0,"played":[1.0E-4,0.9999],"evs":[0.0,6.8143]},"98s":{"weight":0.8413,"played":[3.0E-4,0.9997],"evs":[0.0,6.33156]},"99":{"weight":0.0,"played":[0.0,1.0],"evs":[0.0,13.07059]},"T9o":{"weight":0.0,"played":[0.0,1.0],"evs":[0.0,4.94924]},"J9o":{"weight":0.0,"played":[0.0,1.0],"evs":[0.0,5.438]},"Q9o":{"weight":0.0,"played":[0.0,1.0],"evs":[0.0,3.87134]},"K9o":{"weight":0.0,"played":[0.0,1.0],"evs":[0.0,5.34524]},"A9o":{"weight":0.0,"played":[0.0,1.0],"evs":[0.0,7.91369]},"T2s":{"weight":0.0,"played":[0.0,1.0],"evs":[0.0,4.41464]},"T3s":{"weight":0.0,"played":[0.0071,0.9929],"evs":[0.0,4.45776]},"T4s":{"weight":0.0,"played":[0.0015,0.9985],"evs":[0.0,7.01975]},"T5s":{"weight":0.0,"played":[2.0E-4,0.9998],"evs":[0.0,5.52351]},"T6s":{"weight":0.0,"played":[0.0,1.0],"evs":[0.0,5.80804]},"T7s":{"weight":0.0,"played":[0.0013,0.9987],"evs":[0.0,7.20777]},"T8s":{"weight":0.0,"played":[0.0086,0.9914],"evs":[0.0,6.30909]},"T9s":{"weight":0.0,"played":[0.0023,0.9977],"evs":[0.0,7.11883]},"TT":{"weight":0.0,"played":[0.0,1.0],"evs":[0.0,13.16938]},"JTo":{"weight":0.0,"played":[0.0,1.0],"evs":[0.0,4.10817]},"QTo":{"weight":0.0,"played":[0.0,1.0],"evs":[0.0,4.67127]},"KTo":{"weight":0.0,"played":[1.0E-4,0.9999],"evs":[0.0,5.60422]},"ATo":{"weight":0.0011,"played":[0.0,1.0],"evs":[0.0,9.02978]},"J2s":{"weight":0.0,"played":[0.001,0.999],"evs":[0.0,3.60487]},"J3s":{"weight":0.0,"played":[0.0,1.0],"evs":[0.0,5.36014]},"J4s":{"weight":0.0,"played":[0.0016,0.9984],"evs":[0.0,3.55215]},"J5s":{"weight":0.0,"played":[0.0016,0.9984],"evs":[0.0,3.87022]},"J6s":{"weight":0.0,"played":[0.0032,0.9968],"evs":[0.0,4.25533]},"J7s":{"weight":0.0,"played":[4.0E-4,0.9996],"evs":[0.0,3.95992]},"J8s":{"weight":0.0,"played":[4.0E-4,0.9996],"evs":[0.0,5.02426]},"J9s":{"weight":0.8342,"played":[1.0E-4,0.9999],"evs":[0.0,6.37132]},"JTs":{"weight":0.0743,"played":[9.0E-4,0.9991],"evs":[0.0,6.60112]},"JJ":{"weight":1.0E-4,"played":[0.0,1.0],"evs":[0.0,13.94525]},"QJo":{"weight":0.0022,"played":[0.001,0.999],"evs":[0.0,5.73087]},"KJo":{"weight":0.0767,"played":[0.0,1.0],"evs":[0.0,6.39945]},"AJo":{"weight":0.0019,"played":[0.0,1.0],"evs":[0.0,9.683]},"Q2s":{"weight":0.0,"played":[0.002,0.998],"evs":[0.0,3.27416]},"Q3s":{"weight":0.0,"played":[7.0E-4,0.9993],"evs":[0.0,3.41623]},"Q4s":{"weight":0.0,"played":[0.0,1.0],"evs":[0.0,4.95064]},"Q5s":{"weight":0.0,"played":[0.003,0.997],"evs":[0.0,5.22366]},"Q6s":{"weight":0.0,"played":[0.001,0.999],"evs":[0.0,6.4156]},"Q7s":{"weight":0.0,"played":[0.0031,0.9969],"evs":[0.0,4.60456]},"Q8s":{"weight":0.0,"played":[1.0E-4,0.9999],"evs":[0.0,6.69833]},"Q9s":{"weight":0.5632,"played":[0.0042,0.9958],"evs":[0.0,4.50857]},"QTs":{"weight":0.0249,"played":[0.0,1.0],"evs":[0.0,6.43404]},"QJs":{"weight":0.5234,"played":[0.0,1.0],"evs":[0.0,6.8527]},"QQ":{"weight":0.0,"played":[0.0,1.0],"evs":[0.0,16.33679]},"KQo":{"weight":0.0038,"played":[0.0,1.0],"evs":[0.0,8.05778]},"AQo":{"weight":0.0,"played":[0.0,1.0],"evs":[0.0,11.90477]},"K2s":{"weight":0.0,"played":[0.0031,0.9969],"evs":[0.0,4.50202]},"K3s":{"weight":0.0,"played":[0.0013,0.9987],"evs":[0.0,4.7349]},"K4s":{"weight":0.0,"played":[6.0E-4,0.9994],"evs":[0.0,4.22546]},"K5s":{"weight":0.0,"played":[0.0,1.0],"evs":[0.0,3.96753]},"K6s":{"weight":0.0,"played":[8.0E-4,0.9992],"evs":[0.0,6.23976]},"K7s":{"weight":0.0,"played":[3.0E-4,0.9997],"evs":[0.0,3.45004]},"K8s":{"weight":0.0,"played":[1.0E-4,0.9999],"evs":[0.0,6.46296]},"K9s":{"weight":8.0E-4,"played":[1.0E-4,0.9999],"evs":[0.0,6.34336]},"KTs":{"weight":0.0017,"played":[0.0,1.0],"evs":[0.0,6.32119]},"KJs":{"weight":0.0,"played":[0.0,1.0],"evs":[0.0,7.96122]},"KQs":{"weight":0.7901,"played":[0.0,1.0],"evs":[0.0,9.62553]},"KK":{"weight":1.0E-4,"played":[0.0,1.0],"evs":[0.0,19.39185]},"AKo":{"weight":0.0,"played":[0.0,1.0],"evs":[0.0,12.26269]},"A2s":{"weight":0.0,"played":[1.0E-4,0.9999],"evs":[0.0,9.30194]},"A3s":{"weight":0.0,"played":[0.0,1.0],"evs":[0.0,8.01091]},"A4s":{"weight":0.615,"played":[0.0,1.0],"evs":[0.0,8.53838]},"A5s":{"weight":0.0048,"played":[1.0E-4,0.9999],"evs":[0.0,8.68075]},"A6s":{"weight":0.0103,"played":[0.0,1.0],"evs":[0.0,7.37257]},"A7s":{"weight":0.3171,"played":[0.0,1.0],"evs":[0.0,9.21541]},"A8s":{"weight":5.0E-4,"played":[1.0E-4,0.9999],"evs":[0.0,8.71582]},"A9s":{"weight":0.0148,"played":[0.0,1.0],"evs":[0.0,9.51064]},"ATs":{"weight":0.9746,"played":[1.0E-4,0.9999],"evs":[0.0,9.77163]},"AJs":{"weight":0.0,"played":[0.0,1.0],"evs":[0.0,11.07648]},"AQs":{"weight":0.0804,"played":[0.0,1.0],"evs":[0.0,13.03207]},"AKs":{"weight":0.0,"played":[1.0E-4,0.9999],"evs":[0.0,13.80361]},"AA":{"weight":0.0,"played":[0.0,1.0],"evs":[0.0,23.64371]}}}