{"player":0,"street":0,"children":2,"sequence":[{"player":0,"type":"R","amount":200000,"street":0},{"player":1,"type":"C","amount":200000,"street":0},{"player":2,"type":"C","amount":200000,"street":0},{"player":3,"type":"R","amount":605000,"street":0},{"player":4,"type":"F","amount":0,"street":0},{"player":5,"type":"F","amount":0,"street":0},{"player":0,"type":"C","amount":405000,"street":0},{"player":1,"type":"F","amount":0,"street":0},{"player":2,"type":"R","amount":1195000,"street":0}],"actions":[{"type":"F","amount":0},{"type":"C","amount":590000}],"hands":{"22":{"weight":0.0202,"played":[0.0012,0.9988],"evs":[0.0,5.38907]},"32o":{"weight":0.0,"played":[0.006,0.994],"evs":[0.0,2.35106]},"42o":{"weight":0.0,"played":[0.0027,0.9973],"evs":[0.0,2.72627]},"52o":{"weight":0.0,"played":[4.0E-4,0.9996],"evs":[0.0,4.16655]},"62o":{"weight":0.0,"played":[4.0E-4,0.9996],"evs":[0.0,1.80979]},"72o":{"weight":0.0,"played":[0.0059,0.9941],"evs":[0.0,4.02112]},"82o":{"weight":0.0,"played":[0.0168,0.9832],"evs":[0.0,4.05048]},"92o":{"weight":0.0,"played":[0.0148,0.9852],"evs":[0.0,2.67112]},"T2o":{"weight":0.0,"played":[0.0379,0.9621],"evs":[0.0,1.31974]},"J2o":{"weight":0.0,"played":[2.0E-4,0.9998],"evs":[0.0,3.45601]},"Q2o":{"weight":0.0,"played":[0.1376,0.8624],"evs":[0.0,0.63002]},"K2o":{"weight":0.0,"played":[0.0012,0.9988],"evs":[0.0,2.04781]},"A2o":{"weight":0.0,"played":[2.0E-4,0.9998],"evs":[0.0,6.17075]},"32s":{"weight":0.0,"played":[0.05,0.95],"evs":[0.0,5.2555]},"33":{"weight":0.4967,"played":[2.0E-4,0.9998],"evs":[0.0,6.43153]},"43o":{"weight":0.0,"played":[0.0171,0.9829],"evs":[0.0,2.08402]},"53o":{"weight":0.0,"played":[1.0E-4,0.9999],"evs":[0.0,5.72965]},"63o":{"weight":0.0,"played":[0.0081,0.9919],"evs":[0.0,4.14942]},"73o":{"weight":0.0,"played":[0.003,0.997],"evs":[0.0,3.09491]},"83o":{"weight":0.0,"played":[0.009,0.991],"evs":[0.0,3.55517]},"93o":{"weight":0.0,"played":[0.0088,0.9912],"evs":[0.0,2.31778]},"T3o":{"weight":0.0,"played":[0.0,1.0],"evs":[0.0,4.66588]},"J3o":{"weight":0.0,"played":[0.0247,0.9753],"evs":[0.0,3.23538]},"Q3o":{"weight":0.0,"played":[0.0,1.0],"evs":[0.0,3.4824]},"K3o":{"weight":0.0,"played":[0.0091,0.9909],"evs":[0.0,4.61612]},"A3o":{"weight":0.0,"played":[3.0E-4,0.9997],"evs":[0.0,6.27079]},"42s":{"weight":0.0,"played":[0.0596,0.9404],"evs":[0.0,3.22396]},"43s":{"weight":0.0,"played":[0.0516,0.9484],"evs":[0.0,4.10298]},"44":{"weight":0.2321,"played":[0.0,1.0],"evs":[0.0,5.66698]},"54o":{"weight":0.0,"played":[2.0E-4,0.9998],"evs":[0.0,6.16637]},"64o":{"weight":0.0,"played":[0.0275,0.9725],"evs":[0.0,3.39784]},"74o":{"weight":0.0,"played":[0.005,0.995],"evs":[0.0,5.25003]},"84o":{"weight":0.0,"played":[0.0022,0.9978],"evs":[0.0,4.35282]},"94o":{"weight":0.0,"played":[0.0028,0.9972],"evs":[0.0,3.06446]},"T4o":{"weight":0.0,"played":[0.0014,0.9986],"evs":[0.0,3.71593]},"J4o":{"weight":0.0,"played":[0.0052,0.9948],"evs":[0.0,1.60486]},"Q4o":{"weight":0.0,"played":[0.0033,0.9967],"evs":[0.0,1.42498]},"K4o":{"weight":0.0,"played":[0.001,0.999],"evs":[0.0,3.02327]},"A4o":{"weight":0.0,"played":[0.0123,0.9877],"evs":[0.0,5.64736]},"52s":{"weight":0.0,"played":[0.0075,0.9925],"evs":[0.0,0.8331]},"53s":{"weight":0.0,"played":[0.0019,0.9981],"evs":[0.0,6.59526]},"54s":{"weight":0.0,"played":[0.0066,0.9934],"evs":[0.0,3.77193]},"55":{"weight":1.0E-4,"played":[1.0E-4,0.9999],"evs":[0.0,8.51444]},"65o":{"weight":0.0,"played":[0.0044,0.9956],"evs":[0.0,3.78803]},"75o":{"weight":0.0,"played":[2.0E-4,0.9998],"evs":[0.0,6.4829]},"85o":{"weight":0.0,"played":[0.0261,0.9739],"evs":[0.0,5.27341]},"95o":{"weight":0.0,"played":[0.0058,0.9942],"evs":[0.0,3.47613]},"T5o":{"weight":0.0,"played":[0.0446,0.9554],"evs":[0.0,1.20748]},"J5o":{"weight":0.0,"played":[3.0E-4,0.9997],"evs":[0.0,0.87028]},"Q5o":{"weight":0.0,"played":[0.1162,0.8838],"evs":[0.0,-0.39148]},"K5o":{"weight":0.0,"played":[0.0364,0.9636],"evs":[0.0,2.7364]},"A5o":{"weight":0.0489,"played":[0.0,1.0],"evs":[0.0,6.76593]},"62s":{"weight":0.0,"played":[0.019,0.981],"evs":[0.0,2.26702]},"63s":{"weight":0.0,"played":[0.0222,0.9778],"evs":[0.0,8.9199]},"64s":{"weight":0.0,"played":[0.0565,0.9435],"evs":[0.0,7.55122]},"65s":{"weight":0.0,"played":[9.0E-4,0.9991],"evs":[0.0,3.78959]},"66":{"weight":0.1906,"played":[3.0E-4,0.9997],"evs":[0.0,13.22132]},"76o":{"weight":0.0,"played":[0.0013,0.9987],"evs":[0.0,5.67262]},"86o":{"weight":0.0,"played":[0.0075,0.9925],"evs":[0.0,4.7249]},"96o":{"weight":0.0,"played":[0.0145,0.9855],"evs":[0.0,3.99672]},"T6o":{"weight":0.0,"played":[0.0089,0.9911],"evs":[0.0,6.21452]},"J6o":{"weight":0.0,"played":[0.0015,0.9985],"evs":[0.0,6.12371]},"Q6o":{"weight":0.0,"played":[0.002,0.998],"evs":[0.0,2.6523]},"K6o":{"weight":0.0,"played":[0.0021,0.9979],"evs":[0.0,5.67308]},"A6o":{"weight":0.0,"played":[0.0013,0.9987],"evs":[0.0,8.37964]},"72s":{"weight":0.0,"played":[0.0049,0.9951],"evs":[0.0,6.5028]},"73s":{"weight":0.0,"played":[0.0209,0.9791],"evs":[0.0,4.83257]},"74s":{"weight":0.0,"played":[0.0017,0.9983],"evs":[0.0,8.97796]},"75s":{"weight":0.0,"played":[0.0036,0.9964],"evs":[0.0,5.31946]},"76s":{"weight":0.6112,"played":[0.0069,0.9931],"evs":[0.0,7.40091]},"77":{"weight":0.3606,"played":[5.0E-4,0.9995],"evs":[0.0,11.75918]},"87o":{"weight":0.0,"played":[0.0041,0.9959],"evs":[0.0,4.86862]},"97o":{"weight":0.0,"played":[0.0066,0.9934],"evs":[0.0,5.52113]},"T7o":{"weight":0.0,"played":[0.0035,0.9965],"evs":[0.0,2.86432]},"J7o":{"weight":0.0,"played":[0.0025,0.9975],"evs":[0.0,5.89554]},"Q7o":{"weight":0.0,"played":[6.0E-4,0.9994],"evs":[0.0,2.16569]},"K7o":{"weight":0.0,"played":[0.0063,0.9937],"evs":[0.0,3.51625]},"A7o":{"weight":1.0E-4,"played":[5.0E-4,0.9995],"evs":[0.0,7.63736]},"82s":{"weight":0.0,"played":[0.0021,0.9979],"evs":[0.0,4.81689]},"83s":{"weight":0.0,"played":[0.0381,0.9619],"evs":[0.0,5.61379]},"84s":{"weight":0.0,"played":[0.1115,0.8885],"evs":[0.0,5.56077]},"85s":{"weight":0.0,"played":[0.0083,0.9917],"evs":[0.0,4.22249]},"86s":{"weight":0.0,"played":[0.0053,0.9947],"evs":[0.0,8.83432]},"87s":{"weight":0.4629,"played":[0.0017,0.9983],"evs":[0.0,6.87417]},"88":{"weight":0.2315,"played":[3.0E-4,0.9997],"evs":[0.0,11.32217]},"98o":{"weight":0.0,"played":[0.0099,0.9901],"evs":[0.0,6.83122]},"T8o":{"weight":0.0,"played":[0.0016,0.9984],"evs":[0.0,4.69182]},"J8o":{"weight":0.0,"played":[0.0239,0.9761],"evs":[0.0,4.04576]},"Q8o":{"weight":0.0,"played":[0.0021,0.9979],"evs":[0.0,4.50817]},"K8o":{"weight":0.0,"played":[0.0088,0.9912],"evs":[0.0,4.12781]},"A8o":{"weight":0.3459,"played":[1.0E-4,0.9999],"evs":[0.0,8.523]},"92s":{"weight":0.0,"played":[0.0141,0.9859],"evs":[0.0,3.14837]},"93s":{"weight":0.0,"played":[0.0174,0.9826],"evs":[0.0,6.92334]},"94s":{"weight":0.0,"played":[0.0139,0.9861],"evs":[0.0,2.53048]},"95s":{"weight":0.0,"played":[0.0025,0.9975],"evs":[0.0,7.24003]},"96s":{"weight":0.0,"played":[0.0013,0.9987],"evs":[0.0,9.36453]},"97s":{"weight":0.079,"played":[6.0E-4,0.9994],"evs":[0.0,9.69301]},"98s":{"weight":0.9375,"played":[2.0E-4,0.9998],"evs":[0.0,6.75731]},"99":{"weight":0.229,"played":[1.0E-4,0.9999],"evs":[0.0,10.67563]},"T9o":{"weight":0.0,"played":[1.0E-4,0.9999],"evs":[0.0,5.25123]},"J9o":{"weight":0.0,"played":[0.0,1.0],"evs":[0.0,5.56479]},"Q9o":{"weight":0.0,"played":[0.0035,0.9965],"evs":[0.0,4.48973]},"K9o":{"weight":0.0,"played":[0.0175,0.9825],"evs":[0.0,4.36546]},"A9o":{"weight":0.156,"played":[0.0,1.0],"evs":[0.0,8.77975]},"T2s":{"weight":0.0,"played":[0.0343,0.9657],"evs":[0.0,5.76686]},"T3s":{"weight":0.0,"played":[0.1122,0.8878],"evs":[0.0,4.22181]},"T4s":{"weight":0.0,"played":[0.0028,0.9972],"evs":[0.0,8.58499]},"T5s":{"weight":0.0,"played":[0.0019,0.9981],"evs":[0.0,6.91211]},"T6s":{"weight":0.0,"played":[0.1239,0.8761],"evs":[0.0,3.11692]},"T7s":{"weight":0.0,"played":[0.001,0.999],"evs":[0.0,6.14938]},"T8s":{"weight":0.1839,"played":[7.0E-4,0.9993],"evs":[0.0,7.60702]},"T9s":{"weight":0.5322,"played":[0.0,1.0],"evs":[0.0,6.77704]},"TT":{"weight":0.5865,"played":[0.0,1.0],"evs":[0.0,14.01875]},"JTo":{"weight":1.0E-4,"played":[6.0E-4,0.9994],"evs":[0.0,5.33111]},"QTo":{"weight":2.0E-4,"played":[7.0E-4,0.9993],"evs":[0.0,4.77179]},"KTo":{"weight":9.0E-4,"played":[4.0E-4,0.9996],"evs":[0.0,4.09558]},"ATo":{"weight":0.0537,"played":[0.0,1.0],"evs":[0.0,8.31299]},"J2s":{"weight":0.0,"played":[8.0E-4,0.9992],"evs":[0.0,2.68226]},"J3s":{"weight":0.0,"played":[0.0133,0.9867],"evs":[0.0,2.81444]},"J4s":{"weight":0.0,"played":[0.0125,0.9875],"evs":[0.0,6.60705]},"J5s":{"weight":0.0,"played":[0.0074,0.9926],"evs":[0.0,7.188]},"J6s":{"weight":0.0,"played":[0.0331,0.9669],"evs":[0.0,6.54492]},"J7s":{"weight":0.0,"played":[0.0086,0.9914],"evs":[0.0,6.11452]},"J8s":{"weight":0.3102,"played":[0.0,1.0],"evs":[0.0,4.54726]},"J9s":{"weight":0.2976,"played":[0.0195,0.9805],"evs":[0.0,5.96112]},"JTs":{"weight":0.254,"played":[0.002,0.998],"evs":[0.0,6.02573]},"JJ":{"weight":0.5804,"played":[0.0,1.0],"evs":[0.0,14.91012]},"QJo":{"weight":2.0E-4,"played":[0.0017,0.9983],"evs":[0.0,5.30884]},"KJo":{"weight":0.0,"played":[7.0E-4,0.9993],"evs":[0.0,6.71157]},"AJo":{"weight":0.0414,"played":[0.0,1.0],"evs":[0.0,10.02013]},"Q2s":{"weight":0.0,"played":[0.0049,0.9951],"evs":[0.0,2.88397]},"Q3s":{"weight":0.0,"played":[0.0318,0.9682],"evs":[0.0,1.41944]},"Q4s":{"weight":0.0,"played":[0.005,0.995],"evs":[0.0,3.02823]},"Q5s":{"weight":0.0,"played":[0.0565,0.9435],"evs":[0.0,3.29761]},"Q6s":{"weight":0.0,"played":[0.0153,0.9847],"evs":[0.0,5.77808]},"Q7s":{"weight":0.0,"played":[0.0251,0.9749],"evs":[0.0,4.0585]},"Q8s":{"weight":0.0884,"played":[8.0E-4,0.9992],"evs":[0.0,4.12925]},"Q9s":{"weight":0.2817,"played":[7.0E-4,0.9993],"evs":[0.0,7.59699]},"QTs":{"weight":0.005,"played":[0.0175,0.9825],"evs":[0.0,3.47108]},"QJs":{"weight":0.2936,"played":[0.0013,0.9987],"evs":[0.0,5.45592]},"QQ":{"weight":0.1012,"played":[0.0,1.0],"evs":[0.0,19.85274]},"KQo":{"weight":0.1336,"played":[0.0047,0.9953],"evs":[0.0,5.82379]},"AQo":{"weight":0.0325,"played":[1.0E-4,0.9999],"evs":[0.0,9.5345]},"K2s":{"weight":0.0,"played":[3.0E-4,0.9997],"evs":[0.0,5.13086]},"K3s":{"weight":0.0,"played":[0.1457,0.8543],"evs":[0.0,4.44826]},"K4s":{"weight":0.0,"played":[0.0,1.0],"evs":[0.0,5.01913]},"K5s":{"weight":0.0026,"played":[0.001,0.999],"evs":[0.0,4.04239]},"K6s":{"weight":0.326,"played":[0.0051,0.9949],"evs":[0.0,6.03808]},"K7s":{"weight":0.2091,"played":[7.0E-4,0.9993],"evs":[0.0,6.60174]},"K8s":{"weight":4.0E-4,"played":[0.0,1.0],"evs":[0.0,5.95409]},"K9s":{"weight":0.0323,"played":[0.0011,0.9989],"evs":[0.0,4.49107]},"KTs":{"weight":0.104,"played":[9.0E-4,0.9991],"evs":[0.0,6.83984]},"KJs":{"weight":0.0014,"played":[0.0034,0.9966],"evs":[0.0,6.17616]},"KQs":{"weight":0.083,"played":[7.0E-4,0.9993],"evs":[0.0,10.04834]},"KK":{"weight":0.6311,"played":[1.0E-4,0.9999],"evs":[0.0,19.30886]},"AKo":{"weight":0.5313,"played":[0.0,1.0],"evs":[0.0,12.03424]},"A2s":{"weight":0.0143,"played":[8.0E-4,0.9992],"evs":[0.0,6.10614]},"A3s":{"weight":0.044,"played":[0.0018,0.9982],"evs":[0.0,7.36296]},"A4s":{"weight":0.6833,"played":[2.0E-4,0.9998],"evs":[0.0,6.05932]},"A5s":{"weight":0.4162,"played":[0.0,1.0],"evs":[0.0,8.06572]},"A6s":{"weight":0.0,"played":[0.0038,0.9962],"evs":[0.0,10.48332]},"A7s":{"weight":0.9301,"played":[9.0E-4,0.9991],"evs":[0.0,8.03119]},"A8s":{"weight":0.2151,"played":[6.0E-4,0.9994],"evs":[0.0,11.27603]},"A9s":{"weight":0.8378,"played":[1.0E-4,0.9999],"evs":[0.0,9.16872]},"ATs":{"weight":0.3567,"played":[0.0,1.0],"evs":[0.0,9.79591]},"AJs":{"weight":5.0E-4,"played":[0.0,1.0],"evs":[0.0,12.80226]},"AQs":{"weight":0.3929,"played":[0.0,1.0],"evs":[0.0,13.76879]},"AKs":{"weight":0.016,"played":[2.0E-4,0.9998],"evs":[0.0,14.90425]},"AA":{"weight":0.2047,"played":[1.0E-4,0.9999],"evs":[0.0,20.36158]}}}