{"player":1,"street":0,"children":2,"sequence":[{"player":0,"type":"R","amount":200000,"street":0},{"player":1,"type":"C","amount":200000,"street":0},{"player":2,"type":"C","amount":200000,"street":0},{"player":3,"type":"R","amount":605000,"street":0},{"player":4,"type":"F","amount":0,"street":0},{"player":5,"type":"F","amount":0,"street":0},{"player":0,"type":"R","amount":2195000,"street":0}],"actions":[{"type":"F","amount":0,"node":462},{"type":"C","amount":1995000,"node":463}],"hands":{"22":{"weight":0.0,"played":[0.5117,0.4883],"evs":[0.0,-0.2504]},"32o":{"weight":0.0,"played":[1.0,0.0],"evs":[0.0,-5.22066]},"42o":{"weight":0.0,"played":[1.0,0.0],"evs":[0.0,-7.10311]},"52o":{"weight":0.0,"played":[0.9997,3.0E-4],"evs":[0.0,-5.54879]},"62o":{"weight":0.0,"played":[0.9999,1.0E-4],"evs":[0.0,-5.25905]},"72o":{"weight":0.0,"played":[1.0,0.0],"evs":[0.0,-6.65527]},"82o":{"weight":0.0,"played":[1.0,0.0],"evs":[0.0,-7.86191]},"92o":{"weight":0.0,"played":[1.0,0.0],"evs":[0.0,-7.27563]},"T2o":{"weight":0.0,"played":[1.0,0.0],"evs":[0.0,-6.6373]},"J2o":{"weight":0.0,"played":[0.9992,8.0E-4],"evs":[0.0,-6.16665]},"Q2o":{"weight":0.0,"played":[1.0,0.0],"evs":[0.0,-7.17915]},"K2o":{"weight":0.0,"played":[0.9997,3.0E-4],"evs":[0.0,-6.69006]},"A2o":{"weight":0.0,"played":[0.9981,0.0019],"evs":[0.0,-3.94034]},"32s":{"weight":0.0,"played":[0.9991,9.0E-4],"evs":[0.0,-5.50671]},"33":{"weight":0.9647,"played":[0.9707,0.0293],"evs":[0.0,-0.96308]},"43o":{"weight":0.0,"played":[1.0,0.0],"evs":[0.0,-4.97689]},"53o":{"weight":0.0,"played":[0.9999,1.0E-4],"evs":[0.0,-4.45483]},"63o":{"weight":0.0,"played":[1.0,0.0],"evs":[0.0,-5.61252]},"73o":{"weight":0.0,"played":[1.0,0.0],"evs":[0.0,-5.34024]},"83o":{"weight":0.0,"played":[1.0,0.0],"evs":[0.0,-6.27753]},"93o":{"weight":0.0,"played":[1.0,0.0],"evs":[0.0,-5.43465]},"T3o":{"weight":0.0,"played":[1.0,0.0],"evs":[0.0,-6.31314]},"J3o":{"weight":0.0,"played":[1.0,0.0],"evs":[0.0,-5.46081]},"Q3o":{"weight":0.0,"played":[0.9992,8.0E-4],"evs":[0.0,-6.79266]},"K3o":{"weight":0.0,"played":[1.0,0.0],"evs":[0.0,-6.93694]},"A3o":{"weight":0.0,"played":[1.0,0.0],"evs":[0.0,-3.61786]},"42s":{"weight":0.0,"played":[0.9997,3.0E-4],"evs":[0.0,-1.678]},"43s":{"weight":0.0,"played":[0.9982,0.0018],"evs":[0.0,-3.00097]},"44":{"weight":0.9463,"played":[0.0471,0.9529],"evs":[0.0,0.85515]},"54o":{"weight":0.0,"played":[1.0,0.0],"evs":[0.0,-2.79556]},"64o":{"weight":0.0,"played":[0.9999,1.0E-4],"evs":[0.0,-3.47591]},"74o":{"weight":0.0,"played":[1.0,0.0],"evs":[0.0,-4.56008]},"84o":{"weight":0.0,"played":[1.0,0.0],"evs":[0.0,-5.58078]},"94o":{"weight":0.0,"played":[1.0,0.0],"evs":[0.0,-5.88412]},"T4o":{"weight":0.0,"played":[1.0,0.0],"evs":[0.0,-5.92011]},"J4o":{"weight":0.0,"played":[1.0,0.0],"evs":[0.0,-5.94337]},"Q4o":{"weight":0.0,"played":[1.0,0.0],"evs":[0.0,-6.30243]},"K4o":{"weight":0.0,"played":[1.0,0.0],"evs":[0.0,-5.40414]},"A4o":{"weight":0.0,"played":[0.9992,8.0E-4],"evs":[0.0,-2.91787]},"52s":{"weight":0.0,"played":[0.9786,0.0214],"evs":[0.0,-2.73713]},"53s":{"weight":0.0,"played":[0.9379,0.0621],"evs":[0.0,-2.74343]},"54s":{"weight":0.0,"played":[0.6552,0.3448],"evs":[0.0,0.01783]},"55":{"weight":0.9904,"played":[0.0014,0.9986],"evs":[0.0,2.6199]},"65o":{"weight":0.0,"played":[0.9998,2.0E-4],"evs":[0.0,-1.96323]},"75o":{"weight":0.0,"played":[1.0,0.0],"evs":[0.0,-3.92065]},"85o":{"weight":0.0,"played":[0.9997,3.0E-4],"evs":[0.0,-3.56873]},"95o":{"weight":0.0,"played":[1.0,0.0],"evs":[0.0,-4.88606]},"T5o":{"weight":0.0,"played":[1.0,0.0],"evs":[0.0,-6.0824]},"J5o":{"weight":0.0,"played":[0.9993,7.0E-4],"evs":[0.0,-5.96063]},"Q5o":{"weight":0.0,"played":[0.9992,8.0E-4],"evs":[0.0,-6.78981]},"K5o":{"weight":0.0,"played":[0.9995,5.0E-4],"evs":[0.0,-5.69694]},"A5o":{"weight":0.0,"played":[0.9961,0.0039],"evs":[0.0,-2.80432]},"62s":{"weight":0.0,"played":[0.9997,3.0E-4],"evs":[0.0,-4.32725]},"63s":{"weight":0.0,"played":[0.9972,0.0028],"evs":[0.0,-2.21864]},"64s":{"weight":0.0,"played":[0.9616,0.0384],"evs":[0.0,-3.215]},"65s":{"weight":0.0,"played":[0.4418,0.5582],"evs":[0.0,-0.62746]},"66":{"weight":0.3348,"played":[0.0016,0.9984],"evs":[0.0,5.05156]},"76o":{"weight":0.0,"played":[0.9997,3.0E-4],"evs":[0.0,-1.72622]},"86o":{"weight":0.0,"played":[1.0,0.0],"evs":[0.0,-2.78217]},"96o":{"weight":0.0,"played":[1.0,0.0],"evs":[0.0,-2.97749]},"T6o":{"weight":0.0,"played":[1.0,0.0],"evs":[0.0,-3.56343]},"J6o":{"weight":0.0,"played":[0.9997,3.0E-4],"evs":[0.0,-4.82629]},"Q6o":{"weight":0.0,"played":[1.0,0.0],"evs":[0.0,-4.65664]},"K6o":{"weight":0.0,"played":[1.0,0.0],"evs":[0.0,-4.00299]},"A6o":{"weight":0.0,"played":[0.9992,8.0E-4],"evs":[0.0,-2.72338]},"72s":{"weight":0.0,"played":[1.0,0.0],"evs":[0.0,-3.09553]},"73s":{"weight":0.0,"played":[0.9991,9.0E-4],"evs":[0.0,-3.11377]},"74s":{"weight":0.0,"played":[0.9989,0.0011],"evs":[0.0,-2.35942]},"75s":{"weight":0.0,"played":[0.8006,0.1994],"evs":[0.0,-1.02765]},"76s":{"weight":0.0159,"played":[0.2891,0.7109],"evs":[0.0,0.68993]},"77":{"weight":0.9413,"played":[0.0,1.0],"evs":[0.0,5.48582]},"87o":{"weight":0.0,"played":[0.9986,0.0014],"evs":[0.0,-2.39233]},"97o":{"weight":0.0,"played":[0.9999,1.0E-4],"evs":[0.0,-3.28245]},"T7o":{"weight":0.0,"played":[0.9977,0.0023],"evs":[0.0,-3.5029]},"J7o":{"weight":0.0,"played":[0.9997,3.0E-4],"evs":[0.0,-3.34141]},"Q7o":{"weight":0.0,"played":[1.0,0.0],"evs":[0.0,-5.36279]},"K7o":{"weight":0.0,"played":[1.0,0.0],"evs":[0.0,-3.4378]},"A7o":{"weight":0.0,"played":[0.9998,2.0E-4],"evs":[0.0,-1.93312]},"82s":{"weight":0.0,"played":[0.9938,0.0062],"evs":[0.0,-3.8042]},"83s":{"weight":0.0,"played":[0.9985,0.0015],"evs":[0.0,-3.52307]},"84s":{"weight":0.0,"played":[0.9997,3.0E-4],"evs":[0.0,-2.30567]},"85s":{"weight":0.0,"played":[0.9971,0.0029],"evs":[0.0,-0.13787]},"86s":{"weight":0.0,"played":[0.9145,0.0855],"evs":[0.0,-0.73389]},"87s":{"weight":0.4281,"played":[0.6627,0.3373],"evs":[0.0,-0.7068]},"88":{"weight":0.1534,"played":[0.0,1.0],"evs":[0.0,6.75805]},"98o":{"weight":0.0,"played":[0.9999,1.0E-4],"evs":[0.0,-1.88234]},"T8o":{"weight":0.0,"played":[0.9999,1.0E-4],"evs":[0.0,-3.4401]},"J8o":{"weight":0.0,"played":[0.9999,1.0E-4],"evs":[0.0,-3.53711]},"Q8o":{"weight":0.0,"played":[0.9988,0.0012],"evs":[0.0,-4.36497]},"K8o":{"weight":0.0,"played":[1.0,0.0],"evs":[0.0,-5.32875]},"A8o":{"weight":0.0,"played":[0.9864,0.0136],"evs":[0.0,-1.59938]},"92s":{"weight":0.0,"played":[0.9964,0.0036],"evs":[0.0,-3.65229]},"93s":{"weight":0.0,"played":[0.9946,0.0054],"evs":[0.0,-3.90267]},"94s":{"weight":0.0,"played":[0.9996,4.0E-4],"evs":[0.0,-3.17866]},"95s":{"weight":0.0,"played":[0.9716,0.0284],"evs":[0.0,-2.65863]},"96s":{"weight":0.0,"played":[0.9991,9.0E-4],"evs":[0.0,-1.2797]},"97s":{"weight":0.0,"played":[0.9935,0.0065],"evs":[0.0,-1.47524]},"98s":{"weight":0.9906,"played":[0.1749,0.8251],"evs":[0.0,0.57007]},"99":{"weight":0.0,"played":[1.0E-4,0.9999],"evs":[0.0,8.83527]},"T9o":{"weight":0.0,"played":[1.0,0.0],"evs":[0.0,-1.07635]},"J9o":{"weight":0.0,"played":[0.9995,5.0E-4],"evs":[0.0,-3.1731]},"Q9o":{"weight":0.0,"played":[0.9999,1.0E-4],"evs":[0.0,-4.45595]},"K9o":{"weight":0.0,"played":[1.0,0.0],"evs":[0.0,-2.77166]},"A9o":{"weight":0.0,"played":[0.6989,0.3011],"evs":[0.0,-0.38135]},"T2s":{"weight":0.0,"played":[0.9956,0.0044],"evs":[0.0,-5.91928]},"T3s":{"weight":0.0,"played":[1.0,0.0],"evs":[0.0,-4.49595]},"T4s":{"weight":0.0,"played":[0.9996,4.0E-4],"evs":[0.0,-1.54387]},"T5s":{"weight":0.0,"played":[0.9596,0.0404],"evs":[0.0,-4.22954]},"T6s":{"weight":0.0,"played":[0.9537,0.0463],"evs":[0.0,-0.63396]},"T7s":{"weight":0.0,"played":[0.9469,0.0531],"evs":[0.0,-1.46607]},"T8s":{"weight":1.0E-4,"played":[0.4793,0.5207],"evs":[0.0,-1.77515]},"T9s":{"weight":0.9995,"played":[0.4711,0.5289],"evs":[0.0,0.03268]},"TT":{"weight":1.0E-4,"played":[0.0,1.0],"evs":[0.0,11.63679]},"JTo":{"weight":0.0,"played":[0.9985,0.0015],"evs":[0.0,-1.42026]},"QTo":{"weight":0.0,"played":[0.9809,0.0191],"evs":[0.0,-2.31052]},"KTo":{"weight":0.0,"played":[0.9867,0.0133],"evs":[0.0,-2.98202]},"ATo":{"weight":1.0,"played":[0.0078,0.9922],"evs":[0.0,2.02111]},"J2s":{"weight":0.0,"played":[0.9976,0.0024],"evs":[0.0,-4.63508]},"J3s":{"weight":0.0,"played":[0.9978,0.0022],"evs":[0.0,-3.52212]},"J4s":{"weight":0.0,"played":[1.0,0.0],"evs":[0.0,-2.89315]},"J5s":{"weight":0.0,"played":[0.9692,0.0308],"evs":[0.0,-1.61159]},"J6s":{"weight":0.0,"played":[0.9754,0.0246],"evs":[0.0,-1.93713]},"J7s":{"weight":0.0,"played":[0.91,0.09],"evs":[0.0,-0.62961]},"J8s":{"weight":0.0,"played":[0.5937,0.4063],"evs":[0.0,-0.17009]},"J9s":{"weight":0.9982,"played":[0.6776,0.3224],"evs":[0.0,-0.44388]},"JTs":{"weight":0.0947,"played":[0.3067,0.6933],"evs":[0.0,0.70209]},"JJ":{"weight":0.106,"played":[0.0,1.0],"evs":[0.0,13.14836]},"QJo":{"weight":0.0128,"played":[0.9992,8.0E-4],"evs":[0.0,-1.97065]},"KJo":{"weight":1.0,"played":[0.999,0.001],"evs":[0.0,-1.93812]},"AJo":{"weight":0.782,"played":[0.0,1.0],"evs":[0.0,3.54032]},"Q2s":{"weight":0.0,"played":[1.0,0.0],"evs":[0.0,-3.51521]},"Q3s":{"weight":0.0,"played":[0.9926,0.0074],"evs":[0.0,-4.5364]},"Q4s":{"weight":0.0,"played":[0.9999,1.0E-4],"evs":[0.0,-5.37293]},"Q5s":{"weight":0.0,"played":[0.8908,0.1092],"evs":[0.0,-3.13844]},"Q6s":{"weight":0.0,"played":[0.9999,1.0E-4],"evs":[0.0,-2.94945]},"Q7s":{"weight":0.0,"played":[1.0,0.0],"evs":[0.0,-2.61805]},"Q8s":{"weight":0.0,"played":[0.9981,0.0019],"evs":[0.0,-2.64116]},"Q9s":{"weight":0.9958,"played":[0.9994,6.0E-4],"evs":[0.0,-1.32626]},"QTs":{"weight":0.3792,"played":[0.9788,0.0212],"evs":[0.0,-1.34777]},"QJs":{"weight":0.966,"played":[0.4095,0.5905],"evs":[0.0,0.30955]},"QQ":{"weight":1.0,"played":[0.0,1.0],"evs":[0.0,15.25919]},"KQo":{"weight":0.4389,"played":[0.9904,0.0096],"evs":[0.0,-1.08012]},"AQo":{"weight":1.0E-4,"played":[0.0,1.0],"evs":[0.0,5.32899]},"K2s":{"weight":0.0,"played":[0.997,0.003],"evs":[0.0,-4.31865]},"K3s":{"weight":0.0,"played":[0.9999,1.0E-4],"evs":[0.0,-4.42916]},"K4s":{"weight":0.0,"played":[0.9922,0.0078],"evs":[0.0,-2.77654]},"K5s":{"weight":0.0,"played":[1.0,0.0],"evs":[0.0,-2.96025]},"K6s":{"weight":0.0,"played":[0.9461,0.0539],"evs":[0.0,-3.39467]},"K7s":{"weight":0.0,"played":[0.9999,1.0E-4],"evs":[0.0,-2.62968]},"K8s":{"weight":0.0,"played":[0.8104,0.1896],"evs":[0.0,-2.05818]},"K9s":{"weight":0.7585,"played":[0.6815,0.3185],"evs":[0.0,-0.48065]},"KTs":{"weight":0.0354,"played":[0.4315,0.5685],"evs":[0.0,0.86637]},"KJs":{"weight":0.4556,"played":[0.1091,0.8909],"evs":[0.0,-0.22718]},"KQs":{"weight":0.9993,"played":[0.0168,0.9832],"evs":[0.0,2.34609]},"KK":{"weight":1.0,"played":[0.0,1.0],"evs":[0.0,21.018]},"AKo":{"weight":0.0,"played":[1.0E-4,0.9999],"evs":[0.0,8.04484]},"A2s":{"weight":0.0,"played":[0.9819,0.0181],"evs":[0.0,-0.89792]},"A3s":{"weight":4.0E-4,"played":[0.3577,0.6423],"evs":[0.0,0.24631]},"A4s":{"weight":0.9346,"played":[0.8345,0.1655],"evs":[0.0,-0.56269]},"A5s":{"weight":0.337,"played":[0.044,0.956],"evs":[0.0,0.80033]},"A6s":{"weight":0.9956,"played":[0.7319,0.2681],"evs":[0.0,-0.52985]},"A7s":{"weight":0.9991,"played":[0.5133,0.4867],"evs":[0.0,-0.44477]},"A8s":{"weight":1.0,"played":[0.4024,0.5976],"evs":[0.0,0.2485]},"A9s":{"weight":1.0,"played":[2.0E-4,0.9998],"evs":[0.0,1.78314]},"ATs":{"weight":1.0,"played":[1.0E-4,0.9999],"evs":[0.0,4.39796]},"AJs":{"weight":1.0,"played":[0.0,1.0],"evs":[0.0,5.75718]},"AQs":{"weight":0.3788,"played":[0.0,1.0],"evs":[0.0,7.21672]},"AKs":{"weight":4.0E-4,"played":[1.0E-4,0.9999],"evs":[0.0,8.83713]},"AA":{"weight":1.0,"played":[0.0,1.0],"evs":[0.0,28.12026]}}}