{"player":1,"street":0,"children":2,"sequence":[{"player":0,"type":"R","amount":200000,"street":0},{"player":1,"type":"C","amount":200000,"street":0},{"player":2,"type":"C","amount":200000,"street":0},{"player":3,"type":"R","amount":605000,"street":0},{"player":4,"type":"R","amount":1245000,"street":0},{"player":5,"type":"F","amount":0,"street":0},{"player":0,"type":"F","amount":0,"street":0}],"actions":[{"type":"F","amount":0,"node":479},{"type":"C","amount":1045000,"node":480}],"hands":{"22":{"weight":0.0,"played":[0.2382,0.7618],"evs":[0.0,-1.04879]},"32o":{"weight":0.0,"played":[0.9638,0.0362],"evs":[0.0,-1.05322]},"42o":{"weight":0.0,"played":[0.808,0.192],"evs":[0.0,-0.42372]},"52o":{"weight":0.0,"played":[0.9956,0.0044],"evs":[0.0,-1.86089]},"62o":{"weight":0.0,"played":[0.9962,0.0038],"evs":[0.0,-0.78669]},"72o":{"weight":0.0,"played":[0.7369,0.2631],"evs":[0.0,0.77804]},"82o":{"weight":0.0,"played":[0.1849,0.8151],"evs":[0.0,1.572]},"92o":{"weight":0.0,"played":[0.8064,0.1936],"evs":[0.0,-1.41494]},"T2o":{"weight":0.0,"played":[0.8042,0.1958],"evs":[0.0,-1.98771]},"J2o":{"weight":0.0,"played":[0.7538,0.2462],"evs":[0.0,-0.78714]},"Q2o":{"weight":0.0,"played":[0.9016,0.0984],"evs":[0.0,-1.43251]},"K2o":{"weight":0.0,"played":[0.6071,0.3929],"evs":[0.0,-1.76694]},"A2o":{"weight":0.0,"played":[0.2896,0.7104],"evs":[0.0,0.2616]},"32s":{"weight":0.0,"played":[0.4747,0.5253],"evs":[0.0,3.06294]},"33":{"weight":0.9647,"played":[0.679,0.321],"evs":[0.0,-0.85268]},"43o":{"weight":0.0,"played":[0.376,0.624],"evs":[0.0,1.40971]},"53o":{"weight":0.0,"played":[0.6643,0.3357],"evs":[0.0,-1.58674]},"63o":{"weight":0.0,"played":[0.483,0.517],"evs":[0.0,0.22962]},"73o":{"weight":0.0,"played":[0.7841,0.2159],"evs":[0.0,-1.89591]},"83o":{"weight":0.0,"played":[0.8146,0.1854],"evs":[0.0,-3.01405]},"93o":{"weight":0.0,"played":[0.8831,0.1169],"evs":[0.0,-1.63755]},"T3o":{"weight":0.0,"played":[0.6517,0.3483],"evs":[0.0,-2.3139]},"J3o":{"weight":0.0,"played":[0.558,0.442],"evs":[0.0,-0.79863]},"Q3o":{"weight":0.0,"played":[0.2419,0.7581],"evs":[0.0,-0.98556]},"K3o":{"weight":0.0,"played":[0.8744,0.1256],"evs":[0.0,-1.606]},"A3o":{"weight":0.0,"played":[0.0514,0.9486],"evs":[0.0,2.49928]},"42s":{"weight":0.0,"played":[0.5924,0.4076],"evs":[0.0,-0.84691]},"43s":{"weight":0.0,"played":[0.0037,0.9963],"evs":[0.0,2.45062]},"44":{"weight":0.9463,"played":[0.0013,0.9987],"evs":[0.0,4.05185]},"54o":{"weight":0.0,"played":[0.2914,0.7086],"evs":[0.0,0.43282]},"64o":{"weight":0.0,"played":[0.3085,0.6915],"evs":[0.0,1.42431]},"74o":{"weight":0.0,"played":[0.548,0.452],"evs":[0.0,-0.7501]},"84o":{"weight":0.0,"played":[0.9932,0.0068],"evs":[0.0,-2.41178]},"94o":{"weight":0.0,"played":[0.4883,0.5117],"evs":[0.0,-0.72469]},"T4o":{"weight":0.0,"played":[0.5978,0.4022],"evs":[0.0,0.20171]},"J4o":{"weight":0.0,"played":[0.6363,0.3637],"evs":[0.0,-1.69561]},"Q4o":{"weight":0.0,"played":[0.9734,0.0266],"evs":[0.0,-1.64942]},"K4o":{"weight":0.0,"played":[0.29,0.71],"evs":[0.0,0.63951]},"A4o":{"weight":0.0,"played":[0.0593,0.9407],"evs":[0.0,1.88336]},"52s":{"weight":0.0,"played":[0.5169,0.4831],"evs":[0.0,-1.79477]},"53s":{"weight":0.0,"played":[0.2246,0.7754],"evs":[0.0,1.94288]},"54s":{"weight":0.0,"played":[0.7249,0.2751],"evs":[0.0,-3.09461]},"55":{"weight":0.9904,"played":[0.0029,0.9971],"evs":[0.0,4.31944]},"65o":{"weight":0.0,"played":[0.0704,0.9296],"evs":[0.0,0.68618]},"75o":{"weight":0.0,"played":[0.0062,0.9938],"evs":[0.0,2.39245]},"85o":{"weight":0.0,"played":[0.9364,0.0636],"evs":[0.0,-0.20464]},"95o":{"weight":0.0,"played":[0.4826,0.5174],"evs":[0.0,-1.67817]},"T5o":{"weight":0.0,"played":[0.9714,0.0286],"evs":[0.0,-1.3026]},"J5o":{"weight":0.0,"played":[0.2119,0.7881],"evs":[0.0,-0.24264]},"Q5o":{"weight":0.0,"played":[0.5233,0.4767],"evs":[0.0,-0.87319]},"K5o":{"weight":0.0,"played":[0.5776,0.4224],"evs":[0.0,-1.17147]},"A5o":{"weight":0.0,"played":[0.0426,0.9574],"evs":[0.0,2.71903]},"62s":{"weight":0.0,"played":[0.3946,0.6054],"evs":[0.0,0.87563]},"63s":{"weight":0.0,"played":[0.9793,0.0207],"evs":[0.0,-1.22978]},"64s":{"weight":0.0,"played":[0.0095,0.9905],"evs":[0.0,2.30968]},"65s":{"weight":0.0,"played":[0.4848,0.5152],"evs":[0.0,1.03111]},"66":{"weight":0.3348,"played":[0.0039,0.9961],"evs":[0.0,4.36633]},"76o":{"weight":0.0,"played":[0.0963,0.9037],"evs":[0.0,1.60878]},"86o":{"weight":0.0,"played":[0.1189,0.8811],"evs":[0.0,0.76866]},"96o":{"weight":0.0,"played":[0.6766,0.3234],"evs":[0.0,0.37718]},"T6o":{"weight":0.0,"played":[0.9082,0.0918],"evs":[0.0,-0.68909]},"J6o":{"weight":0.0,"played":[0.7285,0.2715],"evs":[0.0,-0.80686]},"Q6o":{"weight":0.0,"played":[0.9937,0.0063],"evs":[0.0,-1.46572]},"K6o":{"weight":0.0,"played":[0.7943,0.2057],"evs":[0.0,-0.99833]},"A6o":{"weight":0.0,"played":[0.0309,0.9691],"evs":[0.0,1.98302]},"72s":{"weight":0.0,"played":[0.5929,0.4071],"evs":[0.0,-2.08096]},"73s":{"weight":0.0,"played":[0.8463,0.1537],"evs":[0.0,-1.27734]},"74s":{"weight":0.0,"played":[0.0935,0.9065],"evs":[0.0,0.88196]},"75s":{"weight":0.0,"played":[0.0697,0.9303],"evs":[0.0,5.05307]},"76s":{"weight":0.0159,"played":[0.1322,0.8678],"evs":[0.0,3.79648]},"77":{"weight":0.9413,"played":[0.014,0.986],"evs":[0.0,7.90696]},"87o":{"weight":0.0,"played":[0.1749,0.8251],"evs":[0.0,1.1527]},"97o":{"weight":0.0,"played":[0.0453,0.9547],"evs":[0.0,2.06093]},"T7o":{"weight":0.0,"played":[0.964,0.036],"evs":[0.0,-0.84482]},"J7o":{"weight":0.0,"played":[0.6325,0.3675],"evs":[0.0,0.1401]},"Q7o":{"weight":0.0,"played":[0.7903,0.2097],"evs":[0.0,-0.38778]},"K7o":{"weight":0.0,"played":[0.3462,0.6538],"evs":[0.0,-0.71916]},"A7o":{"weight":0.0,"played":[0.0294,0.9706],"evs":[0.0,0.90996]},"82s":{"weight":0.0,"played":[0.0063,0.9937],"evs":[0.0,0.34605]},"83s":{"weight":0.0,"played":[0.9997,3.0E-4],"evs":[0.0,-1.12342]},"84s":{"weight":0.0,"played":[0.5426,0.4574],"evs":[0.0,-0.70596]},"85s":{"weight":0.0,"played":[0.0331,0.9669],"evs":[0.0,3.00902]},"86s":{"weight":0.0,"played":[0.4236,0.5764],"evs":[0.0,2.2718]},"87s":{"weight":0.4281,"played":[0.5698,0.4302],"evs":[0.0,-1.07482]},"88":{"weight":0.1534,"played":[0.0019,0.9981],"evs":[0.0,7.55603]},"98o":{"weight":0.0,"played":[0.26,0.74],"evs":[0.0,-0.72363]},"T8o":{"weight":0.0,"played":[0.5848,0.4152],"evs":[0.0,3.25397]},"J8o":{"weight":0.0,"played":[0.0407,0.9593],"evs":[0.0,1.22657]},"Q8o":{"weight":0.0,"played":[0.5681,0.4319],"evs":[0.0,-0.10268]},"K8o":{"weight":0.0,"played":[0.1529,0.8471],"evs":[0.0,2.45407]},"A8o":{"weight":0.0,"played":[0.0117,0.9883],"evs":[0.0,2.12352]},"92s":{"weight":0.0,"played":[0.674,0.326],"evs":[0.0,-1.2041]},"93s":{"weight":0.0,"played":[0.0137,0.9863],"evs":[0.0,3.13175]},"94s":{"weight":0.0,"played":[0.2793,0.7207],"evs":[0.0,0.7944]},"95s":{"weight":0.0,"played":[0.628,0.372],"evs":[0.0,1.85028]},"96s":{"weight":0.0,"played":[0.6995,0.3005],"evs":[0.0,1.18233]},"97s":{"weight":0.0,"played":[0.075,0.925],"evs":[0.0,1.20411]},"98s":{"weight":0.9906,"played":[7.0E-4,0.9993],"evs":[0.0,4.4622]},"99":{"weight":0.0,"played":[0.0,1.0],"evs":[0.0,4.23995]},"T9o":{"weight":0.0,"played":[0.0266,0.9734],"evs":[0.0,3.84974]},"J9o":{"weight":0.0,"played":[2.0E-4,0.9998],"evs":[0.0,2.58473]},"Q9o":{"weight":0.0,"played":[0.5919,0.4081],"evs":[0.0,-1.18943]},"K9o":{"weight":0.0,"played":[0.2706,0.7294],"evs":[0.0,0.80827]},"A9o":{"weight":0.0,"played":[7.0E-4,0.9993],"evs":[0.0,2.28213]},"T2s":{"weight":0.0,"played":[0.4081,0.5919],"evs":[0.0,3.14484]},"T3s":{"weight":0.0,"played":[0.4625,0.5375],"evs":[0.0,-0.11636]},"T4s":{"weight":0.0,"played":[0.8679,0.1321],"evs":[0.0,-2.36382]},"T5s":{"weight":0.0,"played":[0.2453,0.7547],"evs":[0.0,-0.1618]},"T6s":{"weight":0.0,"played":[0.2308,0.7692],"evs":[0.0,2.7723]},"T7s":{"weight":0.0,"played":[0.3768,0.6232],"evs":[0.0,4.78823]},"T8s":{"weight":1.0E-4,"played":[0.1606,0.8394],"evs":[0.0,3.87342]},"T9s":{"weight":0.9995,"played":[0.0014,0.9986],"evs":[0.0,3.81433]},"TT":{"weight":1.0E-4,"played":[7.0E-4,0.9993],"evs":[0.0,9.57662]},"JTo":{"weight":0.0,"played":[0.0038,0.9962],"evs":[0.0,0.685]},"QTo":{"weight":0.0,"played":[0.7242,0.2758],"evs":[0.0,-0.94055]},"KTo":{"weight":0.0,"played":[0.0562,0.9438],"evs":[0.0,2.44633]},"ATo":{"weight":1.0,"played":[0.0,1.0],"evs":[0.0,3.77735]},"J2s":{"weight":0.0,"played":[0.3789,0.6211],"evs":[0.0,0.53274]},"J3s":{"weight":0.0,"played":[0.484,0.516],"evs":[0.0,3.96794]},"J4s":{"weight":0.0,"played":[0.5185,0.4815],"evs":[0.0,0.78562]},"J5s":{"weight":0.0,"played":[0.1298,0.8702],"evs":[0.0,-1.07074]},"J6s":{"weight":0.0,"played":[0.0699,0.9301],"evs":[0.0,1.35201]},"J7s":{"weight":0.0,"played":[0.5257,0.4743],"evs":[0.0,-2.20597]},"J8s":{"weight":0.0,"played":[0.201,0.799],"evs":[0.0,4.03018]},"J9s":{"weight":0.9982,"played":[0.0017,0.9983],"evs":[0.0,4.66338]},"JTs":{"weight":0.0947,"played":[0.0472,0.9528],"evs":[0.0,1.9978]},"JJ":{"weight":0.106,"played":[0.0,1.0],"evs":[0.0,14.31276]},"QJo":{"weight":0.0128,"played":[0.0,1.0],"evs":[0.0,3.75127]},"KJo":{"weight":1.0,"played":[0.0022,0.9978],"evs":[0.0,3.93893]},"AJo":{"weight":0.782,"played":[0.0328,0.9672],"evs":[0.0,3.48741]},"Q2s":{"weight":0.0,"played":[0.6778,0.3222],"evs":[0.0,-2.15036]},"Q3s":{"weight":0.0,"played":[0.4166,0.5834],"evs":[0.0,3.3286]},"Q4s":{"weight":0.0,"played":[0.1591,0.8409],"evs":[0.0,3.70614]},"Q5s":{"weight":0.0,"played":[0.106,0.894],"evs":[0.0,3.53614]},"Q6s":{"weight":0.0,"played":[0.0641,0.9359],"evs":[0.0,1.19014]},"Q7s":{"weight":0.0,"played":[0.4749,0.5251],"evs":[0.0,0.1281]},"Q8s":{"weight":0.0,"played":[0.0962,0.9038],"evs":[0.0,1.53405]},"Q9s":{"weight":0.9958,"played":[0.1086,0.8914],"evs":[0.0,2.16889]},"QTs":{"weight":0.3792,"played":[0.008,0.992],"evs":[0.0,0.78735]},"QJs":{"weight":0.966,"played":[3.0E-4,0.9997],"evs":[0.0,3.10074]},"QQ":{"weight":1.0,"played":[0.0,1.0],"evs":[0.0,16.92152]},"KQo":{"weight":0.4389,"played":[4.0E-4,0.9996],"evs":[0.0,2.4331]},"AQo":{"weight":1.0E-4,"played":[6.0E-4,0.9994],"evs":[0.0,4.02658]},"K2s":{"weight":0.0,"played":[0.3157,0.6843],"evs":[0.0,2.41121]},"K3s":{"weight":0.0,"played":[0.0817,0.9183],"evs":[0.0,2.07494]},"K4s":{"weight":0.0,"played":[0.6455,0.3545],"evs":[0.0,-1.54085]},"K5s":{"weight":0.0,"played":[0.4222,0.5778],"evs":[0.0,-0.56178]},"K6s":{"weight":0.0,"played":[0.2553,0.7447],"evs":[0.0,1.73289]},"K7s":{"weight":0.0,"played":[1.0E-4,0.9999],"evs":[0.0,5.89348]},"K8s":{"weight":0.0,"played":[0.4066,0.5934],"evs":[0.0,2.42447]},"K9s":{"weight":0.7585,"played":[0.0,1.0],"evs":[0.0,3.05206]},"KTs":{"weight":0.0354,"played":[0.0068,0.9932],"evs":[0.0,7.72269]},"KJs":{"weight":0.4556,"played":[2.0E-4,0.9998],"evs":[0.0,3.29633]},"KQs":{"weight":0.9993,"played":[0.2212,0.7788],"evs":[0.0,5.30907]},"KK":{"weight":1.0,"played":[0.0,1.0],"evs":[0.0,21.77506]},"AKo":{"weight":0.0,"played":[0.0094,0.9906],"evs":[0.0,8.75908]},"A2s":{"weight":0.0,"played":[0.1447,0.8553],"evs":[0.0,2.94297]},"A3s":{"weight":4.0E-4,"played":[0.0517,0.9483],"evs":[0.0,2.60263]},"A4s":{"weight":0.9346,"played":[0.1476,0.8524],"evs":[0.0,1.20797]},"A5s":{"weight":0.337,"played":[0.0194,0.9806],"evs":[0.0,7.42145]},"A6s":{"weight":0.9956,"played":[0.004,0.996],"evs":[0.0,3.91933]},"A7s":{"weight":0.9991,"played":[0.1891,0.8109],"evs":[0.0,3.90869]},"A8s":{"weight":1.0,"played":[0.0038,0.9962],"evs":[0.0,8.50217]},"A9s":{"weight":1.0,"played":[0.03,0.97],"evs":[0.0,4.03311]},"ATs":{"weight":1.0,"played":[0.0025,0.9975],"evs":[0.0,4.23134]},"AJs":{"weight":1.0,"played":[0.0047,0.9953],"evs":[0.0,8.78165]},"AQs":{"weight":0.3788,"played":[6.0E-4,0.9994],"evs":[0.0,4.11925]},"AKs":{"weight":4.0E-4,"played":[0.0102,0.9898],"evs":[0.0,5.65355]},"AA":{"weight":1.0,"played":[0.0,1.0],"evs":[0.0,24.68521]}}}