{"player":4,"street":0,"children":2,"sequence":[{"player":0,"type":"F","amount":0,"street":0},{"player":1,"type":"F","amount":0,"street":0},{"player":2,"type":"R","amount":200000,"street":0},{"player":3,"type":"R","amount":605000,"street":0}],"actions":[{"type":"F","amount":0,"node":49},{"type":"R","amount":1245000,"node":52}],"hands":{"22":{"weight":1.0,"played":[0.983,0.017],"evs":[0.0,-0.43299]},"32o":{"weight":1.0,"played":[1.0,0.0],"evs":[0.0,-3.64525]},"42o":{"weight":1.0,"played":[1.0,0.0],"evs":[0.0,-3.33469]},"52o":{"weight":1.0,"played":[1.0,0.0],"evs":[0.0,-3.19742]},"62o":{"weight":1.0,"played":[1.0,0.0],"evs":[0.0,-3.58736]},"72o":{"weight":1.0,"played":[1.0,0.0],"evs":[0.0,-4.32011]},"82o":{"weight":1.0,"played":[1.0,0.0],"evs":[0.0,-4.1094]},"92o":{"weight":1.0,"played":[1.0,0.0],"evs":[0.0,-3.89918]},"T2o":{"weight":1.0,"played":[1.0,0.0],"evs":[0.0,-4.08366]},"J2o":{"weight":1.0,"played":[1.0,0.0],"evs":[0.0,-3.26134]},"Q2o":{"weight":1.0,"played":[1.0,0.0],"evs":[0.0,-2.91194]},"K2o":{"weight":1.0,"played":[1.0,0.0],"evs":[0.0,-2.56451]},"A2o":{"weight":1.0,"played":[0.9977,0.0023],"evs":[0.0,-1.12232]},"32s":{"weight":1.0,"played":[1.0,0.0],"evs":[0.0,-2.54717]},"33":{"weight":1.0,"played":[0.5777,0.4223],"evs":[0.0,-0.06439]},"43o":{"weight":1.0,"played":[1.0,0.0],"evs":[0.0,-2.88055]},"53o":{"weight":1.0,"played":[1.0,0.0],"evs":[0.0,-2.45276]},"63o":{"weight":1.0,"played":[1.0,0.0],"evs":[0.0,-3.16721]},"73o":{"weight":1.0,"played":[1.0,0.0],"evs":[0.0,-3.28502]},"83o":{"weight":1.0,"played":[1.0,0.0],"evs":[0.0,-3.91299]},"93o":{"weight":1.0,"played":[1.0,0.0],"evs":[0.0,-3.74682]},"T3o":{"weight":1.0,"played":[1.0,0.0],"evs":[0.0,-3.42415]},"J3o":{"weight":1.0,"played":[1.0,0.0],"evs":[0.0,-2.78771]},"Q3o":{"weight":1.0,"played":[1.0,0.0],"evs":[0.0,-2.45927]},"K3o":{"weight":1.0,"played":[1.0,0.0],"evs":[0.0,-2.2551]},"A3o":{"weight":1.0,"played":[0.9981,0.0019],"evs":[0.0,-1.15658]},"42s":{"weight":1.0,"played":[0.9998,2.0E-4],"evs":[0.0,-2.00901]},"43s":{"weight":1.0,"played":[0.9999,1.0E-4],"evs":[0.0,-1.76149]},"44":{"weight":1.0,"played":[0.1865,0.8135],"evs":[0.0,0.36164]},"54o":{"weight":1.0,"played":[1.0,0.0],"evs":[0.0,-2.00256]},"64o":{"weight":1.0,"played":[1.0,0.0],"evs":[0.0,-2.63682]},"74o":{"weight":1.0,"played":[1.0,0.0],"evs":[0.0,-2.74831]},"84o":{"weight":1.0,"played":[1.0,0.0],"evs":[0.0,-3.51176]},"94o":{"weight":1.0,"played":[1.0,0.0],"evs":[0.0,-3.62298]},"T4o":{"weight":1.0,"played":[1.0,0.0],"evs":[0.0,-3.32617]},"J4o":{"weight":1.0,"played":[1.0,0.0],"evs":[0.0,-2.82613]},"Q4o":{"weight":1.0,"played":[1.0,0.0],"evs":[0.0,-2.55229]},"K4o":{"weight":1.0,"played":[1.0,0.0],"evs":[0.0,-1.82492]},"A4o":{"weight":1.0,"played":[0.9995,5.0E-4],"evs":[0.0,-0.47311]},"52s":{"weight":1.0,"played":[0.9996,4.0E-4],"evs":[0.0,-1.85006]},"53s":{"weight":1.0,"played":[0.9995,5.0E-4],"evs":[0.0,-1.91386]},"54s":{"weight":1.0,"played":[0.9927,0.0073],"evs":[0.0,-0.54368]},"55":{"weight":1.0,"played":[0.0228,0.9772],"evs":[0.0,0.45071]},"65o":{"weight":1.0,"played":[0.9999,1.0E-4],"evs":[0.0,-1.82044]},"75o":{"weight":1.0,"played":[0.9999,1.0E-4],"evs":[0.0,-2.37615]},"85o":{"weight":1.0,"played":[0.9999,1.0E-4],"evs":[0.0,-2.91202]},"95o":{"weight":1.0,"played":[1.0,0.0],"evs":[0.0,-2.87506]},"T5o":{"weight":1.0,"played":[1.0,0.0],"evs":[0.0,-3.14823]},"J5o":{"weight":1.0,"played":[1.0,0.0],"evs":[0.0,-2.63568]},"Q5o":{"weight":1.0,"played":[0.9997,3.0E-4],"evs":[0.0,-2.36739]},"K5o":{"weight":1.0,"played":[0.9998,2.0E-4],"evs":[0.0,-2.0731]},"A5o":{"weight":1.0,"played":[0.979,0.021],"evs":[0.0,-0.38621]},"62s":{"weight":1.0,"played":[0.9999,1.0E-4],"evs":[0.0,-2.37813]},"63s":{"weight":1.0,"played":[0.9989,0.0011],"evs":[0.0,-1.79645]},"64s":{"weight":1.0,"played":[0.9894,0.0106],"evs":[0.0,-1.41317]},"65s":{"weight":1.0,"played":[0.9807,0.0193],"evs":[0.0,-1.23111]},"66":{"weight":1.0,"played":[0.0,1.0],"evs":[0.0,0.77969]},"76o":{"weight":1.0,"played":[1.0,0.0],"evs":[0.0,-1.83789]},"86o":{"weight":1.0,"played":[1.0,0.0],"evs":[0.0,-2.34678]},"96o":{"weight":1.0,"played":[1.0,0.0],"evs":[0.0,-2.83191]},"T6o":{"weight":1.0,"played":[1.0,0.0],"evs":[0.0,-3.07432]},"J6o":{"weight":1.0,"played":[1.0,0.0],"evs":[0.0,-2.82652]},"Q6o":{"weight":1.0,"played":[0.9998,2.0E-4],"evs":[0.0,-2.18919]},"K6o":{"weight":1.0,"played":[0.9951,0.0049],"evs":[0.0,-2.34951]},"A6o":{"weight":1.0,"played":[0.9999,1.0E-4],"evs":[0.0,-1.00182]},"72s":{"weight":1.0,"played":[1.0,0.0],"evs":[0.0,-2.32497]},"73s":{"weight":1.0,"played":[1.0,0.0],"evs":[0.0,-1.52497]},"74s":{"weight":1.0,"played":[1.0,0.0],"evs":[0.0,-1.60384]},"75s":{"weight":1.0,"played":[1.0,0.0],"evs":[0.0,-0.80174]},"76s":{"weight":1.0,"played":[0.9999,1.0E-4],"evs":[0.0,-1.03748]},"77":{"weight":1.0,"played":[0.0,1.0],"evs":[0.0,1.8104]},"87o":{"weight":1.0,"played":[1.0,0.0],"evs":[0.0,-2.1615]},"97o":{"weight":1.0,"played":[1.0,0.0],"evs":[0.0,-1.98211]},"T7o":{"weight":1.0,"played":[1.0,0.0],"evs":[0.0,-2.29079]},"J7o":{"weight":1.0,"played":[0.9998,2.0E-4],"evs":[0.0,-2.45816]},"Q7o":{"weight":1.0,"played":[1.0,0.0],"evs":[0.0,-2.02244]},"K7o":{"weight":1.0,"played":[1.0,0.0],"evs":[0.0,-1.56572]},"A7o":{"weight":1.0,"played":[0.9978,0.0022],"evs":[0.0,-0.69934]},"82s":{"weight":1.0,"played":[1.0,0.0],"evs":[0.0,-3.00946]},"83s":{"weight":1.0,"played":[1.0,0.0],"evs":[0.0,-2.39696]},"84s":{"weight":1.0,"played":[0.9996,4.0E-4],"evs":[0.0,-2.25438]},"85s":{"weight":1.0,"played":[0.9998,2.0E-4],"evs":[0.0,-1.56481]},"86s":{"weight":1.0,"played":[0.9996,4.0E-4],"evs":[0.0,-1.19156]},"87s":{"weight":1.0,"played":[0.9838,0.0162],"evs":[0.0,-0.68345]},"88":{"weight":1.0,"played":[7.0E-4,0.9993],"evs":[0.0,2.00925]},"98o":{"weight":1.0,"played":[0.999,0.001],"evs":[0.0,-2.03984]},"T8o":{"weight":1.0,"played":[0.9996,4.0E-4],"evs":[0.0,-1.93122]},"J8o":{"weight":1.0,"played":[0.9999,1.0E-4],"evs":[0.0,-2.11624]},"Q8o":{"weight":1.0,"played":[0.9999,1.0E-4],"evs":[0.0,-1.81424]},"K8o":{"weight":1.0,"played":[0.9999,1.0E-4],"evs":[0.0,-1.6138]},"A8o":{"weight":1.0,"played":[0.6546,0.3454],"evs":[0.0,-0.31562]},"92s":{"weight":1.0,"played":[1.0,0.0],"evs":[0.0,-2.7182]},"93s":{"weight":1.0,"played":[0.9997,3.0E-4],"evs":[0.0,-2.47336]},"94s":{"weight":1.0,"played":[1.0,0.0],"evs":[0.0,-2.60437]},"95s":{"weight":1.0,"played":[0.9997,3.0E-4],"evs":[0.0,-1.66528]},"96s":{"weight":1.0,"played":[0.9997,3.0E-4],"evs":[0.0,-1.463]},"97s":{"weight":1.0,"played":[0.996,0.004],"evs":[0.0,-0.64408]},"98s":{"weight":1.0,"played":[0.9792,0.0208],"evs":[0.0,-0.79334]},"99":{"weight":1.0,"played":[0.0,1.0],"evs":[0.0,3.27226]},"T9o":{"weight":1.0,"played":[0.9991,9.0E-4],"evs":[0.0,-1.23157]},"J9o":{"weight":1.0,"played":[0.9984,0.0016],"evs":[0.0,-1.57044]},"Q9o":{"weight":1.0,"played":[0.9981,0.0019],"evs":[0.0,-1.40305]},"K9o":{"weight":1.0,"played":[0.9994,6.0E-4],"evs":[0.0,-1.31186]},"A9o":{"weight":1.0,"played":[0.0028,0.9972],"evs":[0.0,0.34098]},"T2s":{"weight":1.0,"played":[0.9999,1.0E-4],"evs":[0.0,-2.30451]},"T3s":{"weight":1.0,"played":[0.9999,1.0E-4],"evs":[0.0,-1.98416]},"T4s":{"weight":1.0,"played":[0.9997,3.0E-4],"evs":[0.0,-2.17271]},"T5s":{"weight":1.0,"played":[0.9985,0.0015],"evs":[0.0,-2.10623]},"T6s":{"weight":1.0,"played":[0.9998,2.0E-4],"evs":[0.0,-2.06609]},"T7s":{"weight":1.0,"played":[0.9974,0.0026],"evs":[0.0,-0.81843]},"T8s":{"weight":1.0,"played":[0.9793,0.0207],"evs":[0.0,-0.8625]},"T9s":{"weight":1.0,"played":[0.0885,0.9115],"evs":[0.0,0.14513]},"TT":{"weight":1.0,"played":[0.0,1.0],"evs":[0.0,4.79567]},"JTo":{"weight":1.0,"played":[0.9918,0.0082],"evs":[0.0,-0.52867]},"QTo":{"weight":1.0,"played":[0.9421,0.0579],"evs":[0.0,-0.44667]},"KTo":{"weight":1.0,"played":[0.9512,0.0488],"evs":[0.0,-0.34845]},"ATo":{"weight":1.0,"played":[0.0,1.0],"evs":[0.0,1.75412]},"J2s":{"weight":1.0,"played":[0.9999,1.0E-4],"evs":[0.0,-2.49776]},"J3s":{"weight":1.0,"played":[0.9997,3.0E-4],"evs":[0.0,-1.94322]},"J4s":{"weight":1.0,"played":[0.9957,0.0043],"evs":[0.0,-1.44523]},"J5s":{"weight":1.0,"played":[0.9999,1.0E-4],"evs":[0.0,-1.61413]},"J6s":{"weight":1.0,"played":[0.9999,1.0E-4],"evs":[0.0,-2.09518]},"J7s":{"weight":1.0,"played":[0.9997,3.0E-4],"evs":[0.0,-1.22901]},"J8s":{"weight":1.0,"played":[0.9474,0.0526],"evs":[0.0,-0.70099]},"J9s":{"weight":1.0,"played":[0.9761,0.0239],"evs":[0.0,-0.62187]},"JTs":{"weight":1.0,"played":[0.0247,0.9753],"evs":[0.0,0.70559]},"JJ":{"weight":1.0,"played":[0.0,1.0],"evs":[0.0,5.77374]},"QJo":{"weight":1.0,"played":[0.9496,0.0504],"evs":[0.0,-0.22821]},"KJo":{"weight":1.0,"played":[0.1898,0.8102],"evs":[0.0,-0.05144]},"AJo":{"weight":1.0,"played":[0.0,1.0],"evs":[0.0,2.30736]},"Q2s":{"weight":1.0,"played":[1.0,0.0],"evs":[0.0,-1.78436]},"Q3s":{"weight":1.0,"played":[0.9859,0.0141],"evs":[0.0,-1.20013]},"Q4s":{"weight":1.0,"played":[0.9997,3.0E-4],"evs":[0.0,-1.06577]},"Q5s":{"weight":1.0,"played":[0.9988,0.0012],"evs":[0.0,-0.35156]},"Q6s":{"weight":1.0,"played":[0.9984,0.0016],"evs":[0.0,-1.13858]},"Q7s":{"weight":1.0,"played":[0.9991,9.0E-4],"evs":[0.0,-1.33689]},"Q8s":{"weight":1.0,"played":[0.9736,0.0264],"evs":[0.0,-0.78409]},"Q9s":{"weight":1.0,"played":[0.0406,0.9594],"evs":[0.0,0.12461]},"QTs":{"weight":1.0,"played":[0.0,1.0],"evs":[0.0,0.67185]},"QJs":{"weight":1.0,"played":[0.0285,0.9715],"evs":[0.0,0.36413]},"QQ":{"weight":1.0,"played":[0.0,1.0],"evs":[0.0,7.09538]},"KQo":{"weight":1.0,"played":[0.0,1.0],"evs":[0.0,0.47088]},"AQo":{"weight":1.0,"played":[0.0,1.0],"evs":[0.0,3.11177]},"K2s":{"weight":1.0,"played":[0.9991,9.0E-4],"evs":[0.0,-1.35299]},"K3s":{"weight":1.0,"played":[0.985,0.015],"evs":[0.0,-0.58333]},"K4s":{"weight":1.0,"played":[0.9999,1.0E-4],"evs":[0.0,-0.71719]},"K5s":{"weight":1.0,"played":[0.964,0.036],"evs":[0.0,-1.18877]},"K6s":{"weight":1.0,"played":[0.9834,0.0166],"evs":[0.0,-0.63096]},"K7s":{"weight":1.0,"played":[0.8302,0.1698],"evs":[0.0,-0.36287]},"K8s":{"weight":1.0,"played":[0.962,0.038],"evs":[0.0,-0.61661]},"K9s":{"weight":1.0,"played":[0.1747,0.8253],"evs":[0.0,-0.00921]},"KTs":{"weight":1.0,"played":[1.0E-4,0.9999],"evs":[0.0,0.90322]},"KJs":{"weight":1.0,"played":[1.0E-4,0.9999],"evs":[0.0,1.14649]},"KQs":{"weight":1.0,"played":[0.0,1.0],"evs":[0.0,1.69446]},"KK":{"weight":1.0,"played":[0.0,1.0],"evs":[0.0,8.45115]},"AKo":{"weight":1.0,"played":[0.0,1.0],"evs":[0.0,3.91162]},"A2s":{"weight":1.0,"played":[0.0919,0.9081],"evs":[0.0,0.62]},"A3s":{"weight":1.0,"played":[0.0678,0.9322],"evs":[0.0,0.02575]},"A4s":{"weight":1.0,"played":[0.2195,0.7805],"evs":[0.0,0.41605]},"A5s":{"weight":1.0,"played":[5.0E-4,0.9995],"evs":[0.0,0.78199]},"A6s":{"weight":1.0,"played":[0.0855,0.9145],"evs":[0.0,0.03877]},"A7s":{"weight":1.0,"played":[0.0,1.0],"evs":[0.0,0.60254]},"A8s":{"weight":1.0,"played":[4.0E-4,0.9996],"evs":[0.0,1.04406]},"A9s":{"weight":1.0,"played":[0.0,1.0],"evs":[0.0,1.27171]},"ATs":{"weight":1.0,"played":[0.0,1.0],"evs":[0.0,2.35044]},"AJs":{"weight":1.0,"played":[0.0,1.0],"evs":[0.0,2.99598]},"AQs":{"weight":1.0,"played":[0.0,1.0],"evs":[0.0,4.46638]},"AKs":{"weight":1.0,"played":[0.0,1.0],"evs":[0.0,4.83339]},"AA":{"weight":1.0,"played":[0.0,1.0],"evs":[0.0,14.82206]}}}