{"player":1,"street":0,"children":2,"sequence":[{"player":0,"type":"R","amount":200000,"street":0},{"player":1,"type":"C","amount":200000,"street":0},{"player":2,"type":"C","amount":200000,"street":0},{"player":3,"type":"R","amount":605000,"street":0},{"player":4,"type":"R","amount":1245000,"street":0},{"player":5,"type":"F","amount":0,"street":0},{"player":0,"type":"C","amount":1045000,"street":0}],"actions":[{"type":"F","amount":0,"node":482},{"type":"R","amount":2195000,"node":483}],"hands":{"22":{"weight":0.0,"played":[0.7439,0.2561],"evs":[0.0,-0.57517]},"32o":{"weight":0.0,"played":[0.9994,6.0E-4],"evs":[0.0,-6.27406]},"42o":{"weight":0.0,"played":[0.9999,1.0E-4],"evs":[0.0,-5.50998]},"52o":{"weight":0.0,"played":[0.9992,8.0E-4],"evs":[0.0,-2.96332]},"62o":{"weight":0.0,"played":[0.9995,5.0E-4],"evs":[0.0,-8.05606]},"72o":{"weight":0.0,"played":[0.9982,0.0018],"evs":[0.0,-9.12426]},"82o":{"weight":0.0,"played":[0.9988,0.0012],"evs":[0.0,-6.28255]},"92o":{"weight":0.0,"played":[0.9996,4.0E-4],"evs":[0.0,-6.73066]},"T2o":{"weight":0.0,"played":[0.9915,0.0085],"evs":[0.0,-3.76405]},"J2o":{"weight":0.0,"played":[1.0,0.0],"evs":[0.0,-5.99067]},"Q2o":{"weight":0.0,"played":[0.9947,0.0053],"evs":[0.0,-7.23896]},"K2o":{"weight":0.0,"played":[0.9871,0.0129],"evs":[0.0,-7.19603]},"A2o":{"weight":0.0,"played":[0.9875,0.0125],"evs":[0.0,-5.29464]},"32s":{"weight":0.0,"played":[0.9809,0.0191],"evs":[0.0,-7.41919]},"33":{"weight":0.9647,"played":[0.54,0.46],"evs":[0.0,0.45403]},"43o":{"weight":0.0,"played":[0.9333,0.0667],"evs":[0.0,-4.33809]},"53o":{"weight":0.0,"played":[0.8958,0.1042],"evs":[0.0,-6.6057]},"63o":{"weight":0.0,"played":[1.0,0.0],"evs":[0.0,-6.25039]},"73o":{"weight":0.0,"played":[0.9999,1.0E-4],"evs":[0.0,-5.71559]},"83o":{"weight":0.0,"played":[0.9978,0.0022],"evs":[0.0,-7.85966]},"93o":{"weight":0.0,"played":[0.999,0.001],"evs":[0.0,-3.13999]},"T3o":{"weight":0.0,"played":[1.0,0.0],"evs":[0.0,-5.33633]},"J3o":{"weight":0.0,"played":[0.9997,3.0E-4],"evs":[0.0,-4.00251]},"Q3o":{"weight":0.0,"played":[0.9993,7.0E-4],"evs":[0.0,-6.23734]},"K3o":{"weight":0.0,"played":[0.922,0.078],"evs":[0.0,-5.44735]},"A3o":{"weight":0.0,"played":[0.9854,0.0146],"evs":[0.0,-6.51818]},"42s":{"weight":0.0,"played":[0.9985,0.0015],"evs":[0.0,-4.19469]},"43s":{"weight":0.0,"played":[0.851,0.149],"evs":[0.0,-7.79775]},"44":{"weight":0.9463,"played":[0.1432,0.8568],"evs":[0.0,-0.13452]},"54o":{"weight":0.0,"played":[1.0,0.0],"evs":[0.0,-3.51571]},"64o":{"weight":0.0,"played":[0.9096,0.0904],"evs":[0.0,-3.30832]},"74o":{"weight":0.0,"played":[0.9165,0.0835],"evs":[0.0,-2.70633]},"84o":{"weight":0.0,"played":[0.9857,0.0143],"evs":[0.0,-4.24822]},"94o":{"weight":0.0,"played":[0.9996,4.0E-4],"evs":[0.0,-5.41915]},"T4o":{"weight":0.0,"played":[0.9999,1.0E-4],"evs":[0.0,-3.50123]},"J4o":{"weight":0.0,"played":[0.9933,0.0067],"evs":[0.0,-4.17871]},"Q4o":{"weight":0.0,"played":[0.9938,0.0062],"evs":[0.0,-6.96746]},"K4o":{"weight":0.0,"played":[0.9985,0.0015],"evs":[0.0,-6.17014]},"A4o":{"weight":0.0,"played":[0.996,0.004],"evs":[0.0,-3.07814]},"52s":{"weight":0.0,"played":[0.9047,0.0953],"evs":[0.0,-5.58519]},"53s":{"weight":0.0,"played":[0.7931,0.2069],"evs":[0.0,-2.27272]},"54s":{"weight":0.0,"played":[0.7483,0.2517],"evs":[0.0,1.62706]},"55":{"weight":0.9904,"played":[0.0,1.0],"evs":[0.0,5.55849]},"65o":{"weight":0.0,"played":[0.9249,0.0751],"evs":[0.0,-1.78684]},"75o":{"weight":0.0,"played":[0.9774,0.0226],"evs":[0.0,-4.97066]},"85o":{"weight":0.0,"played":[0.8854,0.1146],"evs":[0.0,-3.3614]},"95o":{"weight":0.0,"played":[0.9845,0.0155],"evs":[0.0,-3.08204]},"T5o":{"weight":0.0,"played":[0.9998,2.0E-4],"evs":[0.0,-6.11454]},"J5o":{"weight":0.0,"played":[0.964,0.036],"evs":[0.0,-3.10749]},"Q5o":{"weight":0.0,"played":[0.9984,0.0016],"evs":[0.0,-5.09292]},"K5o":{"weight":0.0,"played":[0.992,0.008],"evs":[0.0,-7.45559]},"A5o":{"weight":0.0,"played":[0.9845,0.0155],"evs":[0.0,-0.25493]},"62s":{"weight":0.0,"played":[0.9792,0.0208],"evs":[0.0,-2.54957]},"63s":{"weight":0.0,"played":[0.7786,0.2214],"evs":[0.0,-0.2441]},"64s":{"weight":0.0,"played":[0.0424,0.9576],"evs":[0.0,4.99621]},"65s":{"weight":0.0,"played":[0.6868,0.3132],"evs":[0.0,-1.1492]},"66":{"weight":0.3348,"played":[0.0133,0.9867],"evs":[0.0,3.74503]},"76o":{"weight":0.0,"played":[0.9986,0.0014],"evs":[0.0,-2.33365]},"86o":{"weight":0.0,"played":[0.9962,0.0038],"evs":[0.0,-3.3423]},"96o":{"weight":0.0,"played":[0.9995,5.0E-4],"evs":[0.0,-4.51452]},"T6o":{"weight":0.0,"played":[0.9706,0.0294],"evs":[0.0,-5.42322]},"J6o":{"weight":0.0,"played":[0.998,0.002],"evs":[0.0,-3.73842]},"Q6o":{"weight":0.0,"played":[0.9996,4.0E-4],"evs":[0.0,-5.04291]},"K6o":{"weight":0.0,"played":[0.871,0.129],"evs":[0.0,-4.69418]},"A6o":{"weight":0.0,"played":[0.9857,0.0143],"evs":[0.0,-3.49059]},"72s":{"weight":0.0,"played":[0.816,0.184],"evs":[0.0,-4.09374]},"73s":{"weight":0.0,"played":[0.5483,0.4517],"evs":[0.0,-0.98188]},"74s":{"weight":0.0,"played":[0.9972,0.0028],"evs":[0.0,-8.27605]},"75s":{"weight":0.0,"played":[0.3886,0.6114],"evs":[0.0,1.74465]},"76s":{"weight":0.0159,"played":[0.2706,0.7294],"evs":[0.0,-0.70573]},"77":{"weight":0.9413,"played":[6.0E-4,0.9994],"evs":[0.0,2.04298]},"87o":{"weight":0.0,"played":[0.9998,2.0E-4],"evs":[0.0,-2.5659]},"97o":{"weight":0.0,"played":[0.9972,0.0028],"evs":[0.0,-1.33949]},"T7o":{"weight":0.0,"played":[0.9856,0.0144],"evs":[0.0,-2.88388]},"J7o":{"weight":0.0,"played":[0.9999,1.0E-4],"evs":[0.0,-6.01436]},"Q7o":{"weight":0.0,"played":[0.9999,1.0E-4],"evs":[0.0,-7.06424]},"K7o":{"weight":0.0,"played":[0.9937,0.0063],"evs":[0.0,-4.73627]},"A7o":{"weight":0.0,"played":[0.8778,0.1222],"evs":[0.0,-4.12775]},"82s":{"weight":0.0,"played":[0.965,0.035],"evs":[0.0,-0.38317]},"83s":{"weight":0.0,"played":[0.5827,0.4173],"evs":[0.0,1.51376]},"84s":{"weight":0.0,"played":[0.5536,0.4464],"evs":[0.0,-0.87698]},"85s":{"weight":0.0,"played":[0.9886,0.0114],"evs":[0.0,-2.15762]},"86s":{"weight":0.0,"played":[0.8189,0.1811],"evs":[0.0,-1.52197]},"87s":{"weight":0.4281,"played":[0.9902,0.0098],"evs":[0.0,-3.57954]},"88":{"weight":0.1534,"played":[0.0277,0.9723],"evs":[0.0,12.43979]},"98o":{"weight":0.0,"played":[0.9962,0.0038],"evs":[0.0,-1.76778]},"T8o":{"weight":0.0,"played":[0.9707,0.0293],"evs":[0.0,-5.19432]},"J8o":{"weight":0.0,"played":[0.9742,0.0258],"evs":[0.0,-4.0934]},"Q8o":{"weight":0.0,"played":[0.9693,0.0307],"evs":[0.0,-3.84974]},"K8o":{"weight":0.0,"played":[0.9927,0.0073],"evs":[0.0,-3.78297]},"A8o":{"weight":0.0,"played":[0.992,0.008],"evs":[0.0,-1.18151]},"92s":{"weight":0.0,"played":[0.5163,0.4837],"evs":[0.0,1.58056]},"93s":{"weight":0.0,"played":[0.9983,0.0017],"evs":[0.0,-4.63994]},"94s":{"weight":0.0,"played":[0.5549,0.4451],"evs":[0.0,-0.18018]},"95s":{"weight":0.0,"played":[0.9068,0.0932],"evs":[0.0,-1.6181]},"96s":{"weight":0.0,"played":[0.0222,0.9778],"evs":[0.0,4.83305]},"97s":{"weight":0.0,"played":[0.7687,0.2313],"evs":[0.0,-1.98207]},"98s":{"weight":0.9906,"played":[0.7906,0.2094],"evs":[0.0,-1.75157]},"99":{"weight":0.0,"played":[0.0016,0.9984],"evs":[0.0,7.03687]},"T9o":{"weight":0.0,"played":[0.7218,0.2782],"evs":[0.0,-1.82588]},"J9o":{"weight":0.0,"played":[0.7963,0.2037],"evs":[0.0,-0.00954]},"Q9o":{"weight":0.0,"played":[0.9738,0.0262],"evs":[0.0,-2.78616]},"K9o":{"weight":0.0,"played":[0.9455,0.0545],"evs":[0.0,-0.6555]},"A9o":{"weight":0.0,"played":[4.0E-4,0.9996],"evs":[0.0,4.07608]},"T2s":{"weight":0.0,"played":[0.9028,0.0972],"evs":[0.0,-5.11489]},"T3s":{"weight":0.0,"played":[0.9776,0.0224],"evs":[0.0,-8.51511]},"T4s":{"weight":0.0,"played":[1.0,0.0],"evs":[0.0,-4.39747]},"T5s":{"weight":0.0,"played":[0.9948,0.0052],"evs":[0.0,-5.05769]},"T6s":{"weight":0.0,"played":[0.9233,0.0767],"evs":[0.0,-1.68056]},"T7s":{"weight":0.0,"played":[0.5448,0.4552],"evs":[0.0,0.11579]},"T8s":{"weight":1.0E-4,"played":[0.0583,0.9417],"evs":[0.0,3.753]},"T9s":{"weight":0.9995,"played":[0.0423,0.9577],"evs":[0.0,0.35713]},"TT":{"weight":1.0E-4,"played":[0.0042,0.9958],"evs":[0.0,7.72844]},"JTo":{"weight":0.0,"played":[0.2411,0.7589],"evs":[0.0,0.33622]},"QTo":{"weight":0.0,"played":[0.717,0.283],"evs":[0.0,-1.3509]},"KTo":{"weight":0.0,"played":[0.6112,0.3888],"evs":[0.0,1.50197]},"ATo":{"weight":1.0,"played":[0.1093,0.8907],"evs":[0.0,1.27156]},"J2s":{"weight":0.0,"played":[0.9513,0.0487],"evs":[0.0,-3.36193]},"J3s":{"weight":0.0,"played":[0.9398,0.0602],"evs":[0.0,-1.5882]},"J4s":{"weight":0.0,"played":[0.9821,0.0179],"evs":[0.0,-4.64806]},"J5s":{"weight":0.0,"played":[0.0919,0.9081],"evs":[0.0,1.25025]},"J6s":{"weight":0.0,"played":[0.8367,0.1633],"evs":[0.0,-4.97608]},"J7s":{"weight":0.0,"played":[0.9388,0.0612],"evs":[0.0,-2.6193]},"J8s":{"weight":0.0,"played":[0.4393,0.5607],"evs":[0.0,2.3557]},"J9s":{"weight":0.9982,"played":[0.9426,0.0574],"evs":[0.0,-1.93601]},"JTs":{"weight":0.0947,"played":[0.5573,0.4427],"evs":[0.0,3.25545]},"JJ":{"weight":0.106,"played":[4.0E-4,0.9996],"evs":[0.0,15.47973]},"QJo":{"weight":0.0128,"played":[0.9982,0.0018],"evs":[0.0,-2.58029]},"KJo":{"weight":1.0,"played":[0.5068,0.4932],"evs":[0.0,0.00617]},"AJo":{"weight":0.782,"played":[0.0061,0.9939],"evs":[0.0,5.26322]},"Q2s":{"weight":0.0,"played":[0.9531,0.0469],"evs":[0.0,-4.60732]},"Q3s":{"weight":0.0,"played":[0.6634,0.3366],"evs":[0.0,-1.46093]},"Q4s":{"weight":0.0,"played":[0.1839,0.8161],"evs":[0.0,0.03225]},"Q5s":{"weight":0.0,"played":[0.3393,0.6607],"evs":[0.0,-3.4212]},"Q6s":{"weight":0.0,"played":[0.8017,0.1983],"evs":[0.0,-0.62133]},"Q7s":{"weight":0.0,"played":[0.697,0.303],"evs":[0.0,-5.01039]},"Q8s":{"weight":0.0,"played":[0.8574,0.1426],"evs":[0.0,-0.32124]},"Q9s":{"weight":0.9958,"played":[0.2458,0.7542],"evs":[0.0,3.87795]},"QTs":{"weight":0.3792,"played":[0.8367,0.1633],"evs":[0.0,-2.32418]},"QJs":{"weight":0.966,"played":[0.1569,0.8431],"evs":[0.0,0.248]},"QQ":{"weight":1.0,"played":[4.0E-4,0.9996],"evs":[0.0,16.29834]},"KQo":{"weight":0.4389,"played":[0.1599,0.8401],"evs":[0.0,2.81209]},"AQo":{"weight":1.0E-4,"played":[0.0024,0.9976],"evs":[0.0,6.84578]},"K2s":{"weight":0.0,"played":[0.9322,0.0678],"evs":[0.0,-3.92051]},"K3s":{"weight":0.0,"played":[0.8945,0.1055],"evs":[0.0,-2.63924]},"K4s":{"weight":0.0,"played":[0.9154,0.0846],"evs":[0.0,-2.12987]},"K5s":{"weight":0.0,"played":[0.6452,0.3548],"evs":[0.0,2.02895]},"K6s":{"weight":0.0,"played":[0.9062,0.0938],"evs":[0.0,0.11775]},"K7s":{"weight":0.0,"played":[0.4075,0.5925],"evs":[0.0,-0.78967]},"K8s":{"weight":0.0,"played":[0.9241,0.0759],"evs":[0.0,-3.53285]},"K9s":{"weight":0.7585,"played":[0.953,0.047],"evs":[0.0,-2.95695]},"KTs":{"weight":0.0354,"played":[0.2602,0.7398],"evs":[0.0,4.24296]},"KJs":{"weight":0.4556,"played":[0.6233,0.3767],"evs":[0.0,-0.41303]},"KQs":{"weight":0.9993,"played":[0.6033,0.3967],"evs":[0.0,-0.85691]},"KK":{"weight":1.0,"played":[2.0E-4,0.9998],"evs":[0.0,21.16665]},"AKo":{"weight":0.0,"played":[0.0,1.0],"evs":[0.0,9.48727]},"A2s":{"weight":0.0,"played":[0.5886,0.4114],"evs":[0.0,-0.30328]},"A3s":{"weight":4.0E-4,"played":[0.5909,0.4091],"evs":[0.0,-4.04089]},"A4s":{"weight":0.9346,"played":[0.6804,0.3196],"evs":[0.0,-0.28701]},"A5s":{"weight":0.337,"played":[0.8435,0.1565],"evs":[0.0,-4.15781]},"A6s":{"weight":0.9956,"played":[0.187,0.813],"evs":[0.0,-1.04683]},"A7s":{"weight":0.9991,"played":[0.2566,0.7434],"evs":[0.0,-0.43645]},"A8s":{"weight":1.0,"played":[0.0605,0.9395],"evs":[0.0,1.62077]},"A9s":{"weight":1.0,"played":[0.3389,0.6611],"evs":[0.0,2.20048]},"ATs":{"weight":1.0,"played":[0.0461,0.9539],"evs":[0.0,1.18667]},"AJs":{"weight":1.0,"played":[0.0228,0.9772],"evs":[0.0,12.0923]},"AQs":{"weight":0.3788,"played":[8.0E-4,0.9992],"evs":[0.0,4.47709]},"AKs":{"weight":4.0E-4,"played":[0.0294,0.9706],"evs":[0.0,8.76782]},"AA":{"weight":1.0,"played":[0.0,1.0],"evs":[0.0,31.03822]}}}