{"player":0,"street":0,"children":2,"sequence":[{"player":0,"type":"R","amount":200000,"street":0},{"player":1,"type":"C","amount":200000,"street":0},{"player":2,"type":"C","amount":200000,"street":0},{"player":3,"type":"R","amount":605000,"street":0},{"player":4,"type":"R","amount":1245000,"street":0},{"player":5,"type":"F","amount":0,"street":0},{"player":0,"type":"C","amount":1045000,"street":0},{"player":1,"type":"R","amount":2195000,"street":0},{"player":2,"type":"C","amount":995000,"street":0}],"actions":[{"type":"F","amount":0},{"type":"C","amount":950000}],"hands":{"22":{"weight":0.0553,"played":[0.0,1.0],"evs":[0.0,10.7128]},"32o":{"weight":0.0,"played":[0.1081,0.8919],"evs":[0.0,2.76905]},"42o":{"weight":0.0,"played":[0.0145,0.9855],"evs":[0.0,6.9373]},"52o":{"weight":0.0,"played":[0.0034,0.9966],"evs":[0.0,9.15813]},"62o":{"weight":0.0,"played":[0.0052,0.9948],"evs":[0.0,1.10897]},"72o":{"weight":0.0,"played":[0.0554,0.9446],"evs":[0.0,4.849]},"82o":{"weight":0.0,"played":[0.0151,0.9849],"evs":[0.0,4.20394]},"92o":{"weight":0.0,"played":[0.0704,0.9296],"evs":[0.0,3.51653]},"T2o":{"weight":0.0,"played":[0.2394,0.7606],"evs":[0.0,1.92015]},"J2o":{"weight":0.0,"played":[0.0166,0.9834],"evs":[0.0,5.26449]},"Q2o":{"weight":0.0,"played":[0.004,0.996],"evs":[0.0,3.32757]},"K2o":{"weight":0.0,"played":[0.1245,0.8755],"evs":[0.0,5.40258]},"A2o":{"weight":0.0,"played":[0.0409,0.9591],"evs":[0.0,3.42995]},"32s":{"weight":0.0,"played":[0.2674,0.7326],"evs":[0.0,2.74775]},"33":{"weight":0.6122,"played":[0.001,0.999],"evs":[0.0,10.31615]},"43o":{"weight":0.0,"played":[0.0177,0.9823],"evs":[0.0,5.717]},"53o":{"weight":0.0,"played":[3.0E-4,0.9997],"evs":[0.0,2.86343]},"63o":{"weight":0.0,"played":[0.0068,0.9932],"evs":[0.0,9.2027]},"73o":{"weight":0.0,"played":[0.022,0.978],"evs":[0.0,4.26085]},"83o":{"weight":0.0,"played":[0.0127,0.9873],"evs":[0.0,4.55838]},"93o":{"weight":0.0,"played":[0.1035,0.8965],"evs":[0.0,4.10255]},"T3o":{"weight":0.0,"played":[0.0142,0.9858],"evs":[0.0,6.37903]},"J3o":{"weight":0.0,"played":[0.0611,0.9389],"evs":[0.0,2.6608]},"Q3o":{"weight":0.0,"played":[0.0164,0.9836],"evs":[0.0,6.19699]},"K3o":{"weight":0.0,"played":[0.034,0.966],"evs":[0.0,4.08194]},"A3o":{"weight":0.0,"played":[0.0083,0.9917],"evs":[0.0,5.56366]},"42s":{"weight":0.0,"played":[0.0102,0.9898],"evs":[0.0,12.03894]},"43s":{"weight":0.0,"played":[0.2801,0.7199],"evs":[0.0,5.18964]},"44":{"weight":0.485,"played":[8.0E-4,0.9992],"evs":[0.0,8.47489]},"54o":{"weight":0.0,"played":[0.0252,0.9748],"evs":[0.0,5.10177]},"64o":{"weight":0.0,"played":[0.0012,0.9988],"evs":[0.0,8.53114]},"74o":{"weight":0.0,"played":[0.0175,0.9825],"evs":[0.0,7.78215]},"84o":{"weight":0.0,"played":[0.0185,0.9815],"evs":[0.0,11.17904]},"94o":{"weight":0.0,"played":[0.0019,0.9981],"evs":[0.0,5.40132]},"T4o":{"weight":0.0,"played":[0.0083,0.9917],"evs":[0.0,2.76802]},"J4o":{"weight":0.0,"played":[0.2434,0.7566],"evs":[0.0,3.00688]},"Q4o":{"weight":0.0,"played":[0.1316,0.8684],"evs":[0.0,1.92797]},"K4o":{"weight":0.0,"played":[0.0277,0.9723],"evs":[0.0,5.06063]},"A4o":{"weight":0.0,"played":[0.0016,0.9984],"evs":[0.0,5.60718]},"52s":{"weight":0.0,"played":[0.0507,0.9493],"evs":[0.0,5.03805]},"53s":{"weight":0.0,"played":[0.3296,0.6704],"evs":[0.0,0.08257]},"54s":{"weight":0.0,"played":[0.0455,0.9545],"evs":[0.0,9.76599]},"55":{"weight":0.13,"played":[4.0E-4,0.9996],"evs":[0.0,16.47313]},"65o":{"weight":0.0,"played":[1.0E-4,0.9999],"evs":[0.0,5.14833]},"75o":{"weight":0.0,"played":[0.003,0.997],"evs":[0.0,8.00599]},"85o":{"weight":0.0,"played":[0.0085,0.9915],"evs":[0.0,7.57769]},"95o":{"weight":0.0,"played":[0.0316,0.9684],"evs":[0.0,3.67965]},"T5o":{"weight":0.0,"played":[0.0431,0.9569],"evs":[0.0,9.27689]},"J5o":{"weight":0.0,"played":[0.0068,0.9932],"evs":[0.0,4.31555]},"Q5o":{"weight":0.0,"played":[0.0359,0.9641],"evs":[0.0,6.68512]},"K5o":{"weight":0.0,"played":[0.0023,0.9977],"evs":[0.0,7.45119]},"A5o":{"weight":0.4046,"played":[1.0E-4,0.9999],"evs":[0.0,11.52438]},"62s":{"weight":0.0,"played":[0.0172,0.9828],"evs":[0.0,17.69329]},"63s":{"weight":0.0,"played":[0.0087,0.9913],"evs":[0.0,4.58964]},"64s":{"weight":0.0,"played":[0.0723,0.9277],"evs":[0.0,10.24987]},"65s":{"weight":0.0,"played":[0.423,0.577],"evs":[0.0,6.23557]},"66":{"weight":0.0069,"played":[0.0048,0.9952],"evs":[0.0,16.49936]},"76o":{"weight":0.0,"played":[4.0E-4,0.9996],"evs":[0.0,9.56945]},"86o":{"weight":0.0,"played":[0.033,0.967],"evs":[0.0,8.35273]},"96o":{"weight":0.0,"played":[0.0487,0.9513],"evs":[0.0,7.41456]},"T6o":{"weight":0.0,"played":[0.1026,0.8974],"evs":[0.0,5.46747]},"J6o":{"weight":0.0,"played":[0.0034,0.9966],"evs":[0.0,5.48752]},"Q6o":{"weight":0.0,"played":[0.0091,0.9909],"evs":[0.0,2.03952]},"K6o":{"weight":0.0,"played":[0.0011,0.9989],"evs":[0.0,8.01822]},"A6o":{"weight":0.0,"played":[0.0094,0.9906],"evs":[0.0,5.50025]},"72s":{"weight":0.0,"played":[0.0105,0.9895],"evs":[0.0,3.92832]},"73s":{"weight":0.0,"played":[0.0052,0.9948],"evs":[0.0,12.12078]},"74s":{"weight":0.0,"played":[0.1009,0.8991],"evs":[0.0,12.89607]},"75s":{"weight":0.0,"played":[0.0151,0.9849],"evs":[0.0,11.59357]},"76s":{"weight":0.2902,"played":[0.0064,0.9936],"evs":[0.0,7.72921]},"77":{"weight":0.2339,"played":[0.0042,0.9958],"evs":[0.0,20.21193]},"87o":{"weight":0.0,"played":[0.1062,0.8938],"evs":[0.0,9.5999]},"97o":{"weight":0.0,"played":[0.0129,0.9871],"evs":[0.0,9.82044]},"T7o":{"weight":0.0,"played":[0.0705,0.9295],"evs":[0.0,4.93858]},"J7o":{"weight":0.0,"played":[0.1604,0.8396],"evs":[0.0,6.34685]},"Q7o":{"weight":0.0,"played":[0.1136,0.8864],"evs":[0.0,4.23697]},"K7o":{"weight":0.0,"played":[0.02,0.98],"evs":[0.0,4.93263]},"A7o":{"weight":0.0213,"played":[2.0E-4,0.9998],"evs":[0.0,11.98006]},"82s":{"weight":0.0,"played":[0.0027,0.9973],"evs":[0.0,8.29026]},"83s":{"weight":0.0,"played":[0.0733,0.9267],"evs":[0.0,13.46777]},"84s":{"weight":0.0,"played":[3.0E-4,0.9997],"evs":[0.0,9.81993]},"85s":{"weight":0.0,"played":[0.0156,0.9844],"evs":[0.0,8.44021]},"86s":{"weight":0.0,"played":[0.0063,0.9937],"evs":[0.0,13.1361]},"87s":{"weight":0.1196,"played":[0.0023,0.9977],"evs":[0.0,13.81962]},"88":{"weight":0.6461,"played":[5.0E-4,0.9995],"evs":[0.0,22.13333]},"98o":{"weight":0.0,"played":[0.0133,0.9867],"evs":[0.0,7.21754]},"T8o":{"weight":0.0,"played":[0.0017,0.9983],"evs":[0.0,7.06602]},"J8o":{"weight":0.0,"played":[3.0E-4,0.9997],"evs":[0.0,5.23317]},"Q8o":{"weight":0.0,"played":[0.4086,0.5914],"evs":[0.0,0.67945]},"K8o":{"weight":0.0,"played":[0.0021,0.9979],"evs":[0.0,11.18863]},"A8o":{"weight":0.0817,"played":[0.0,1.0],"evs":[0.0,6.9855]},"92s":{"weight":0.0,"played":[0.0183,0.9817],"evs":[0.0,5.74691]},"93s":{"weight":0.0,"played":[0.0185,0.9815],"evs":[0.0,10.38556]},"94s":{"weight":0.0,"played":[0.0227,0.9773],"evs":[0.0,5.73952]},"95s":{"weight":0.0,"played":[0.0087,0.9913],"evs":[0.0,17.33965]},"96s":{"weight":0.0,"played":[0.0067,0.9933],"evs":[0.0,16.74671]},"97s":{"weight":0.0879,"played":[0.0036,0.9964],"evs":[0.0,13.33778]},"98s":{"weight":0.385,"played":[4.0E-4,0.9996],"evs":[0.0,11.84407]},"99":{"weight":0.6931,"played":[0.0011,0.9989],"evs":[0.0,23.90532]},"T9o":{"weight":0.0,"played":[0.0,1.0],"evs":[0.0,8.9018]},"J9o":{"weight":0.0,"played":[0.0409,0.9591],"evs":[0.0,6.55483]},"Q9o":{"weight":0.0,"played":[6.0E-4,0.9994],"evs":[0.0,7.91071]},"K9o":{"weight":0.0,"played":[0.0233,0.9767],"evs":[0.0,13.37746]},"A9o":{"weight":0.2253,"played":[5.0E-4,0.9995],"evs":[0.0,10.01271]},"T2s":{"weight":0.0,"played":[0.003,0.997],"evs":[0.0,6.78464]},"T3s":{"weight":0.0,"played":[0.1146,0.8854],"evs":[0.0,10.29519]},"T4s":{"weight":0.0,"played":[9.0E-4,0.9991],"evs":[0.0,8.54656]},"T5s":{"weight":0.0,"played":[0.0107,0.9893],"evs":[0.0,9.17009]},"T6s":{"weight":0.0,"played":[0.0694,0.9306],"evs":[0.0,6.81865]},"T7s":{"weight":0.0,"played":[0.0697,0.9303],"evs":[0.0,4.14384]},"T8s":{"weight":0.0074,"played":[0.1096,0.8904],"evs":[0.0,11.41042]},"T9s":{"weight":0.9775,"played":[4.0E-4,0.9996],"evs":[0.0,13.4117]},"TT":{"weight":0.0011,"played":[0.0028,0.9972],"evs":[0.0,22.2314]},"JTo":{"weight":0.1172,"played":[0.0029,0.9971],"evs":[0.0,13.37132]},"QTo":{"weight":0.0126,"played":[6.0E-4,0.9994],"evs":[0.0,6.33458]},"KTo":{"weight":1.0E-4,"played":[0.0145,0.9855],"evs":[0.0,5.64081]},"ATo":{"weight":0.3845,"played":[0.0016,0.9984],"evs":[0.0,10.93096]},"J2s":{"weight":0.0,"played":[0.0015,0.9985],"evs":[0.0,8.55462]},"J3s":{"weight":0.0,"played":[0.0226,0.9774],"evs":[0.0,2.6121]},"J4s":{"weight":0.0,"played":[0.1417,0.8583],"evs":[0.0,3.83517]},"J5s":{"weight":0.0,"played":[0.0983,0.9017],"evs":[0.0,4.09455]},"J6s":{"weight":0.0,"played":[0.0609,0.9391],"evs":[0.0,8.00613]},"J7s":{"weight":0.0,"played":[0.0099,0.9901],"evs":[0.0,12.20691]},"J8s":{"weight":0.5213,"played":[8.0E-4,0.9992],"evs":[0.0,12.98961]},"J9s":{"weight":0.0,"played":[0.0132,0.9868],"evs":[0.0,15.57538]},"JTs":{"weight":0.2547,"played":[0.0064,0.9936],"evs":[0.0,12.29121]},"JJ":{"weight":0.1505,"played":[1.0E-4,0.9999],"evs":[0.0,17.49761]},"QJo":{"weight":0.171,"played":[8.0E-4,0.9992],"evs":[0.0,7.24079]},"KJo":{"weight":0.1487,"played":[0.0015,0.9985],"evs":[0.0,10.28761]},"AJo":{"weight":5.0E-4,"played":[7.0E-4,0.9993],"evs":[0.0,14.82805]},"Q2s":{"weight":0.0,"played":[0.8842,0.1158],"evs":[0.0,0.48324]},"Q3s":{"weight":0.0,"played":[0.1036,0.8964],"evs":[0.0,8.28533]},"Q4s":{"weight":0.0,"played":[0.167,0.833],"evs":[0.0,1.9125]},"Q5s":{"weight":0.0,"played":[0.0075,0.9925],"evs":[0.0,7.03485]},"Q6s":{"weight":0.0,"played":[0.0014,0.9986],"evs":[0.0,9.02677]},"Q7s":{"weight":0.0,"played":[0.0536,0.9464],"evs":[0.0,5.94003]},"Q8s":{"weight":0.0074,"played":[0.0,1.0],"evs":[0.0,7.39198]},"Q9s":{"weight":0.017,"played":[2.0E-4,0.9998],"evs":[0.0,16.19645]},"QTs":{"weight":0.0,"played":[0.1469,0.8531],"evs":[0.0,3.94879]},"QJs":{"weight":0.1171,"played":[1.0E-4,0.9999],"evs":[0.0,9.32665]},"QQ":{"weight":0.2567,"played":[0.0,1.0],"evs":[0.0,28.33272]},"KQo":{"weight":0.0951,"played":[0.0,1.0],"evs":[0.0,9.86683]},"AQo":{"weight":0.6557,"played":[1.0E-4,0.9999],"evs":[0.0,13.15719]},"K2s":{"weight":0.0,"played":[0.1192,0.8808],"evs":[0.0,10.62023]},"K3s":{"weight":0.0,"played":[0.1835,0.8165],"evs":[0.0,7.31767]},"K4s":{"weight":0.0,"played":[0.0126,0.9874],"evs":[0.0,3.80237]},"K5s":{"weight":0.2376,"played":[0.0046,0.9954],"evs":[0.0,11.07485]},"K6s":{"weight":0.8619,"played":[0.0028,0.9972],"evs":[0.0,12.95975]},"K7s":{"weight":0.7243,"played":[0.0047,0.9953],"evs":[0.0,12.49862]},"K8s":{"weight":0.2038,"played":[0.0174,0.9826],"evs":[0.0,6.29253]},"K9s":{"weight":0.0189,"played":[0.0223,0.9777],"evs":[0.0,6.65195]},"KTs":{"weight":0.0036,"played":[0.0285,0.9715],"evs":[0.0,14.89346]},"KJs":{"weight":0.5019,"played":[0.0022,0.9978],"evs":[0.0,11.67081]},"KQs":{"weight":0.4192,"played":[1.0E-4,0.9999],"evs":[0.0,9.27044]},"KK":{"weight":0.0368,"played":[0.0,1.0],"evs":[0.0,30.26848]},"AKo":{"weight":0.0025,"played":[3.0E-4,0.9997],"evs":[0.0,14.80876]},"A2s":{"weight":0.0903,"played":[0.0,1.0],"evs":[0.0,9.99518]},"A3s":{"weight":0.1619,"played":[0.0104,0.9896],"evs":[0.0,7.98551]},"A4s":{"weight":0.1632,"played":[0.0167,0.9833],"evs":[0.0,10.05734]},"A5s":{"weight":0.1849,"played":[0.0213,0.9787],"evs":[0.0,16.21981]},"A6s":{"weight":0.6108,"played":[0.0,1.0],"evs":[0.0,14.44403]},"A7s":{"weight":0.4527,"played":[0.0051,0.9949],"evs":[0.0,8.26465]},"A8s":{"weight":0.6694,"played":[4.0E-4,0.9996],"evs":[0.0,12.04576]},"A9s":{"weight":0.438,"played":[0.0094,0.9906],"evs":[0.0,12.45166]},"ATs":{"weight":0.355,"played":[0.0029,0.9971],"evs":[0.0,14.77454]},"AJs":{"weight":0.4534,"played":[0.0067,0.9933],"evs":[0.0,17.60172]},"AQs":{"weight":0.9296,"played":[4.0E-4,0.9996],"evs":[0.0,22.26225]},"AKs":{"weight":0.4862,"played":[1.0E-4,0.9999],"evs":[0.0,26.48665]},"AA":{"weight":0.3397,"played":[1.0E-4,0.9999],"evs":[0.0,42.37765]}}}