{"player":1,"street":0,"children":2,"sequence":[{"player":0,"type":"R","amount":200000,"street":0},{"player":1,"type":"C","amount":200000,"street":0},{"player":2,"type":"C","amount":200000,"street":0},{"player":3,"type":"R","amount":605000,"street":0},{"player":4,"type":"R","amount":1245000,"street":0},{"player":5,"type":"F","amount":0,"street":0},{"player":0,"type":"R","amount":2195000,"street":0}],"actions":[{"type":"F","amount":0,"node":487},{"type":"C","amount":1995000,"node":488}],"hands":{"22":{"weight":0.0,"played":[0.5118,0.4882],"evs":[0.0,-2.19988]},"32o":{"weight":0.0,"played":[1.0,0.0],"evs":[0.0,-6.2091]},"42o":{"weight":0.0,"played":[0.9895,0.0105],"evs":[0.0,-3.29932]},"52o":{"weight":0.0,"played":[0.9905,0.0095],"evs":[0.0,-4.49587]},"62o":{"weight":0.0,"played":[0.9997,3.0E-4],"evs":[0.0,-5.17881]},"72o":{"weight":0.0,"played":[0.9982,0.0018],"evs":[0.0,-6.63328]},"82o":{"weight":0.0,"played":[0.9994,6.0E-4],"evs":[0.0,-5.58845]},"92o":{"weight":0.0,"played":[1.0,0.0],"evs":[0.0,-8.77338]},"T2o":{"weight":0.0,"played":[1.0,0.0],"evs":[0.0,-8.53716]},"J2o":{"weight":0.0,"played":[1.0,0.0],"evs":[0.0,-7.78073]},"Q2o":{"weight":0.0,"played":[0.9995,5.0E-4],"evs":[0.0,-7.29979]},"K2o":{"weight":0.0,"played":[0.998,0.002],"evs":[0.0,-6.58342]},"A2o":{"weight":0.0,"played":[0.978,0.022],"evs":[0.0,-4.28114]},"32s":{"weight":0.0,"played":[0.8191,0.1809],"evs":[0.0,-3.32474]},"33":{"weight":0.9647,"played":[0.0747,0.9253],"evs":[0.0,2.47216]},"43o":{"weight":0.0,"played":[0.9987,0.0013],"evs":[0.0,-5.11819]},"53o":{"weight":0.0,"played":[0.9522,0.0478],"evs":[0.0,-3.4902]},"63o":{"weight":0.0,"played":[0.9827,0.0173],"evs":[0.0,-4.08546]},"73o":{"weight":0.0,"played":[0.9996,4.0E-4],"evs":[0.0,-6.47408]},"83o":{"weight":0.0,"played":[0.9992,8.0E-4],"evs":[0.0,-3.94217]},"93o":{"weight":0.0,"played":[0.9992,8.0E-4],"evs":[0.0,-4.99146]},"T3o":{"weight":0.0,"played":[0.9991,9.0E-4],"evs":[0.0,-7.57376]},"J3o":{"weight":0.0,"played":[0.9903,0.0097],"evs":[0.0,-4.49703]},"Q3o":{"weight":0.0,"played":[0.9997,3.0E-4],"evs":[0.0,-6.41775]},"K3o":{"weight":0.0,"played":[0.9999,1.0E-4],"evs":[0.0,-6.70247]},"A3o":{"weight":0.0,"played":[0.9974,0.0026],"evs":[0.0,-2.24309]},"42s":{"weight":0.0,"played":[0.992,0.008],"evs":[0.0,-5.284]},"43s":{"weight":0.0,"played":[0.9858,0.0142],"evs":[0.0,-4.0036]},"44":{"weight":0.9463,"played":[0.0192,0.9808],"evs":[0.0,1.15035]},"54o":{"weight":0.0,"played":[0.9107,0.0893],"evs":[0.0,-2.44826]},"64o":{"weight":0.0,"played":[0.9999,1.0E-4],"evs":[0.0,-3.6911]},"74o":{"weight":0.0,"played":[1.0,0.0],"evs":[0.0,-4.8081]},"84o":{"weight":0.0,"played":[1.0,0.0],"evs":[0.0,-5.84497]},"94o":{"weight":0.0,"played":[0.9995,5.0E-4],"evs":[0.0,-6.72533]},"T4o":{"weight":0.0,"played":[0.9995,5.0E-4],"evs":[0.0,-5.5653]},"J4o":{"weight":0.0,"played":[0.9994,6.0E-4],"evs":[0.0,-5.62488]},"Q4o":{"weight":0.0,"played":[0.9987,0.0013],"evs":[0.0,-5.38531]},"K4o":{"weight":0.0,"played":[0.9993,7.0E-4],"evs":[0.0,-6.7947]},"A4o":{"weight":0.0,"played":[0.8492,0.1508],"evs":[0.0,-2.7374]},"52s":{"weight":0.0,"played":[0.294,0.706],"evs":[0.0,-1.27952]},"53s":{"weight":0.0,"played":[0.5261,0.4739],"evs":[0.0,-0.65194]},"54s":{"weight":0.0,"played":[0.7057,0.2943],"evs":[0.0,-1.94831]},"55":{"weight":0.9904,"played":[0.0205,0.9795],"evs":[0.0,2.55994]},"65o":{"weight":0.0,"played":[0.9934,0.0066],"evs":[0.0,-1.55029]},"75o":{"weight":0.0,"played":[0.9995,5.0E-4],"evs":[0.0,-2.73946]},"85o":{"weight":0.0,"played":[0.9992,8.0E-4],"evs":[0.0,-4.50105]},"95o":{"weight":0.0,"played":[0.9997,3.0E-4],"evs":[0.0,-3.43601]},"T5o":{"weight":0.0,"played":[0.9999,1.0E-4],"evs":[0.0,-5.90882]},"J5o":{"weight":0.0,"played":[0.9997,3.0E-4],"evs":[0.0,-5.8402]},"Q5o":{"weight":0.0,"played":[0.9983,0.0017],"evs":[0.0,-7.50627]},"K5o":{"weight":0.0,"played":[0.9994,6.0E-4],"evs":[0.0,-5.39535]},"A5o":{"weight":0.0,"played":[0.4506,0.5494],"evs":[0.0,-0.94689]},"62s":{"weight":0.0,"played":[0.9744,0.0256],"evs":[0.0,-8.21372]},"63s":{"weight":0.0,"played":[0.9867,0.0133],"evs":[0.0,-3.82155]},"64s":{"weight":0.0,"played":[0.268,0.732],"evs":[0.0,1.83847]},"65s":{"weight":0.0,"played":[0.7824,0.2176],"evs":[0.0,-2.32008]},"66":{"weight":0.3348,"played":[0.002,0.998],"evs":[0.0,5.03317]},"76o":{"weight":0.0,"played":[0.8525,0.1475],"evs":[0.0,-1.84526]},"86o":{"weight":0.0,"played":[0.8201,0.1799],"evs":[0.0,-1.39497]},"96o":{"weight":0.0,"played":[0.9304,0.0696],"evs":[0.0,-1.64007]},"T6o":{"weight":0.0,"played":[0.998,0.002],"evs":[0.0,-3.02004]},"J6o":{"weight":0.0,"played":[0.9998,2.0E-4],"evs":[0.0,-5.48255]},"Q6o":{"weight":0.0,"played":[0.9998,2.0E-4],"evs":[0.0,-5.87139]},"K6o":{"weight":0.0,"played":[0.999,0.001],"evs":[0.0,-5.38811]},"A6o":{"weight":0.0,"played":[0.9998,2.0E-4],"evs":[0.0,-3.30483]},"72s":{"weight":0.0,"played":[0.5594,0.4406],"evs":[0.0,-1.56876]},"73s":{"weight":0.0,"played":[0.9703,0.0297],"evs":[0.0,-5.65542]},"74s":{"weight":0.0,"played":[0.282,0.718],"evs":[0.0,-1.16528]},"75s":{"weight":0.0,"played":[0.8714,0.1286],"evs":[0.0,-3.70874]},"76s":{"weight":0.0159,"played":[0.9059,0.0941],"evs":[0.0,-2.54931]},"77":{"weight":0.9413,"played":[0.0361,0.9639],"evs":[0.0,4.85801]},"87o":{"weight":0.0,"played":[0.9664,0.0336],"evs":[0.0,-1.58541]},"97o":{"weight":0.0,"played":[0.9945,0.0055],"evs":[0.0,-5.30721]},"T7o":{"weight":0.0,"played":[0.9989,0.0011],"evs":[0.0,-3.86358]},"J7o":{"weight":0.0,"played":[0.995,0.005],"evs":[0.0,-5.48482]},"Q7o":{"weight":0.0,"played":[1.0,0.0],"evs":[0.0,-4.67616]},"K7o":{"weight":0.0,"played":[0.9396,0.0604],"evs":[0.0,-4.07805]},"A7o":{"weight":0.0,"played":[0.5795,0.4205],"evs":[0.0,-0.63119]},"82s":{"weight":0.0,"played":[0.9644,0.0356],"evs":[0.0,-4.09566]},"83s":{"weight":0.0,"played":[0.9637,0.0363],"evs":[0.0,-3.21341]},"84s":{"weight":0.0,"played":[0.8664,0.1336],"evs":[0.0,-4.59832]},"85s":{"weight":0.0,"played":[0.6508,0.3492],"evs":[0.0,-0.89724]},"86s":{"weight":0.0,"played":[0.9365,0.0635],"evs":[0.0,-1.3038]},"87s":{"weight":0.4281,"played":[0.3157,0.6843],"evs":[0.0,0.87587]},"88":{"weight":0.1534,"played":[0.0198,0.9802],"evs":[0.0,5.67015]},"98o":{"weight":0.0,"played":[0.8014,0.1986],"evs":[0.0,-2.66027]},"T8o":{"weight":0.0,"played":[0.9997,3.0E-4],"evs":[0.0,-2.79035]},"J8o":{"weight":0.0,"played":[0.9515,0.0485],"evs":[0.0,-3.65481]},"Q8o":{"weight":0.0,"played":[0.9971,0.0029],"evs":[0.0,-5.01202]},"K8o":{"weight":0.0,"played":[0.9984,0.0016],"evs":[0.0,-5.28652]},"A8o":{"weight":0.0,"played":[0.7588,0.2412],"evs":[0.0,-1.27784]},"92s":{"weight":0.0,"played":[0.9793,0.0207],"evs":[0.0,-2.39271]},"93s":{"weight":0.0,"played":[0.669,0.331],"evs":[0.0,0.01414]},"94s":{"weight":0.0,"played":[0.6791,0.3209],"evs":[0.0,-2.90053]},"95s":{"weight":0.0,"played":[0.8503,0.1497],"evs":[0.0,-5.5174]},"96s":{"weight":0.0,"played":[0.9998,2.0E-4],"evs":[0.0,-0.98958]},"97s":{"weight":0.0,"played":[0.6908,0.3092],"evs":[0.0,-1.00798]},"98s":{"weight":0.9906,"played":[0.5309,0.4691],"evs":[0.0,0.14346]},"99":{"weight":0.0,"played":[0.0,1.0],"evs":[0.0,3.93633]},"T9o":{"weight":0.0,"played":[0.9529,0.0471],"evs":[0.0,-2.84019]},"J9o":{"weight":0.0,"played":[0.9466,0.0534],"evs":[0.0,-4.93166]},"Q9o":{"weight":0.0,"played":[0.9445,0.0555],"evs":[0.0,-5.16973]},"K9o":{"weight":0.0,"played":[0.9544,0.0456],"evs":[0.0,-3.73153]},"A9o":{"weight":0.0,"played":[0.4416,0.5584],"evs":[0.0,-1.31048]},"T2s":{"weight":0.0,"played":[0.9991,9.0E-4],"evs":[0.0,-5.98208]},"T3s":{"weight":0.0,"played":[0.8321,0.1679],"evs":[0.0,-0.97099]},"T4s":{"weight":0.0,"played":[0.9017,0.0983],"evs":[0.0,-3.35799]},"T5s":{"weight":0.0,"played":[0.903,0.097],"evs":[0.0,-3.01661]},"T6s":{"weight":0.0,"played":[0.7214,0.2786],"evs":[0.0,-3.65814]},"T7s":{"weight":0.0,"played":[0.38,0.62],"evs":[0.0,-2.45522]},"T8s":{"weight":1.0E-4,"played":[0.3041,0.6959],"evs":[0.0,2.99874]},"T9s":{"weight":0.9995,"played":[0.5328,0.4672],"evs":[0.0,1.39349]},"TT":{"weight":1.0E-4,"played":[1.0E-4,0.9999],"evs":[0.0,12.29142]},"JTo":{"weight":0.0,"played":[0.9959,0.0041],"evs":[0.0,-1.49199]},"QTo":{"weight":0.0,"played":[0.9746,0.0254],"evs":[0.0,-1.57896]},"KTo":{"weight":0.0,"played":[0.8725,0.1275],"evs":[0.0,-3.33516]},"ATo":{"weight":1.0,"played":[0.4618,0.5382],"evs":[0.0,0.70404]},"J2s":{"weight":0.0,"played":[0.9902,0.0098],"evs":[0.0,-3.67982]},"J3s":{"weight":0.0,"played":[0.7711,0.2289],"evs":[0.0,0.47637]},"J4s":{"weight":0.0,"played":[0.839,0.161],"evs":[0.0,-2.67953]},"J5s":{"weight":0.0,"played":[0.5221,0.4779],"evs":[0.0,1.11079]},"J6s":{"weight":0.0,"played":[0.4111,0.5889],"evs":[0.0,1.12399]},"J7s":{"weight":0.0,"played":[0.748,0.252],"evs":[0.0,0.60948]},"J8s":{"weight":0.0,"played":[0.5693,0.4307],"evs":[0.0,-0.76814]},"J9s":{"weight":0.9982,"played":[0.4831,0.5169],"evs":[0.0,-0.60028]},"JTs":{"weight":0.0947,"played":[0.392,0.608],"evs":[0.0,1.06991]},"JJ":{"weight":0.106,"played":[2.0E-4,0.9998],"evs":[0.0,12.7466]},"QJo":{"weight":0.0128,"played":[0.9249,0.0751],"evs":[0.0,-1.57025]},"KJo":{"weight":1.0,"played":[0.8115,0.1885],"evs":[0.0,-1.01506]},"AJo":{"weight":0.782,"played":[0.0012,0.9988],"evs":[0.0,3.52339]},"Q2s":{"weight":0.0,"played":[0.9999,1.0E-4],"evs":[0.0,-4.41971]},"Q3s":{"weight":0.0,"played":[0.9805,0.0195],"evs":[0.0,-5.79981]},"Q4s":{"weight":0.0,"played":[0.9973,0.0027],"evs":[0.0,-1.00075]},"Q5s":{"weight":0.0,"played":[0.9774,0.0226],"evs":[0.0,-1.62111]},"Q6s":{"weight":0.0,"played":[0.9827,0.0173],"evs":[0.0,-3.81321]},"Q7s":{"weight":0.0,"played":[0.9973,0.0027],"evs":[0.0,-2.76183]},"Q8s":{"weight":0.0,"played":[0.7047,0.2953],"evs":[0.0,-2.13388]},"Q9s":{"weight":0.9958,"played":[0.5052,0.4948],"evs":[0.0,-0.12505]},"QTs":{"weight":0.3792,"played":[0.9513,0.0487],"evs":[0.0,-0.80976]},"QJs":{"weight":0.966,"played":[0.3847,0.6153],"evs":[0.0,0.7496]},"QQ":{"weight":1.0,"played":[1.0E-4,0.9999],"evs":[0.0,19.14792]},"KQo":{"weight":0.4389,"played":[0.3958,0.6042],"evs":[0.0,2.03232]},"AQo":{"weight":1.0E-4,"played":[5.0E-4,0.9995],"evs":[0.0,3.64831]},"K2s":{"weight":0.0,"played":[0.6656,0.3344],"evs":[0.0,-0.00347]},"K3s":{"weight":0.0,"played":[0.8218,0.1782],"evs":[0.0,-2.80448]},"K4s":{"weight":0.0,"played":[0.898,0.102],"evs":[0.0,-1.1825]},"K5s":{"weight":0.0,"played":[0.9976,0.0024],"evs":[0.0,-4.90179]},"K6s":{"weight":0.0,"played":[0.5595,0.4405],"evs":[0.0,-1.89127]},"K7s":{"weight":0.0,"played":[0.8028,0.1972],"evs":[0.0,-3.37035]},"K8s":{"weight":0.0,"played":[0.9943,0.0057],"evs":[0.0,-3.16732]},"K9s":{"weight":0.7585,"played":[0.2913,0.7087],"evs":[0.0,0.71296]},"KTs":{"weight":0.0354,"played":[0.398,0.602],"evs":[0.0,1.02985]},"KJs":{"weight":0.4556,"played":[0.0136,0.9864],"evs":[0.0,3.29656]},"KQs":{"weight":0.9993,"played":[0.0106,0.9894],"evs":[0.0,2.28832]},"KK":{"weight":1.0,"played":[1.0E-4,0.9999],"evs":[0.0,23.65232]},"AKo":{"weight":0.0,"played":[6.0E-4,0.9994],"evs":[0.0,6.06888]},"A2s":{"weight":0.0,"played":[0.8352,0.1648],"evs":[0.0,-2.17365]},"A3s":{"weight":4.0E-4,"played":[0.5978,0.4022],"evs":[0.0,-0.69096]},"A4s":{"weight":0.9346,"played":[0.5383,0.4617],"evs":[0.0,-0.33999]},"A5s":{"weight":0.337,"played":[0.1661,0.8339],"evs":[0.0,0.19789]},"A6s":{"weight":0.9956,"played":[0.0513,0.9487],"evs":[0.0,2.47414]},"A7s":{"weight":0.9991,"played":[0.4384,0.5616],"evs":[0.0,-1.07836]},"A8s":{"weight":1.0,"played":[0.1208,0.8792],"evs":[0.0,3.20288]},"A9s":{"weight":1.0,"played":[0.0823,0.9177],"evs":[0.0,2.86811]},"ATs":{"weight":1.0,"played":[0.0013,0.9987],"evs":[0.0,3.34093]},"AJs":{"weight":1.0,"played":[0.0144,0.9856],"evs":[0.0,6.43926]},"AQs":{"weight":0.3788,"played":[0.0026,0.9974],"evs":[0.0,7.06412]},"AKs":{"weight":4.0E-4,"played":[1.0E-4,0.9999],"evs":[0.0,11.75032]},"AA":{"weight":1.0,"played":[0.0,1.0],"evs":[0.0,29.04685]}}}