{"player":0,"street":0,"children":2,"sequence":[{"player":0,"type":"R","amount":200000,"street":0},{"player":1,"type":"C","amount":200000,"street":0},{"player":2,"type":"C","amount":200000,"street":0},{"player":3,"type":"R","amount":605000,"street":0},{"player":4,"type":"R","amount":1245000,"street":0},{"player":5,"type":"R","amount":1875000,"street":0}],"actions":[{"type":"F","amount":0,"node":490},{"type":"R","amount":2195000,"node":493}],"hands":{"22":{"weight":0.6958,"played":[0.0386,0.9614],"evs":[0.0,2.6598]},"32o":{"weight":0.0,"played":[0.992,0.008],"evs":[0.0,-7.85749]},"42o":{"weight":0.0,"played":[0.9681,0.0319],"evs":[0.0,-5.08462]},"52o":{"weight":0.0,"played":[0.9482,0.0518],"evs":[0.0,-6.04521]},"62o":{"weight":0.0,"played":[0.9882,0.0118],"evs":[0.0,-4.74273]},"72o":{"weight":0.0,"played":[0.9181,0.0819],"evs":[0.0,-2.20214]},"82o":{"weight":0.0,"played":[0.9126,0.0874],"evs":[0.0,-9.2474]},"92o":{"weight":0.0,"played":[0.9619,0.0381],"evs":[0.0,-1.56391]},"T2o":{"weight":0.0,"played":[0.9886,0.0114],"evs":[0.0,-4.81681]},"J2o":{"weight":0.0,"played":[0.7731,0.2269],"evs":[0.0,-5.49404]},"Q2o":{"weight":0.0,"played":[0.9986,0.0014],"evs":[0.0,-6.4049]},"K2o":{"weight":0.0,"played":[0.5652,0.4348],"evs":[0.0,-1.02786]},"A2o":{"weight":0.0,"played":[0.7633,0.2367],"evs":[0.0,-2.74702]},"32s":{"weight":0.0,"played":[0.2065,0.7935],"evs":[0.0,1.16762]},"33":{"weight":0.9599,"played":[0.0929,0.9071],"evs":[0.0,8.35492]},"43o":{"weight":0.0,"played":[0.4927,0.5073],"evs":[0.0,0.20306]},"53o":{"weight":0.0,"played":[0.9055,0.0945],"evs":[0.0,-4.96776]},"63o":{"weight":0.0,"played":[0.6216,0.3784],"evs":[0.0,-1.9052]},"73o":{"weight":0.0,"played":[0.9986,0.0014],"evs":[0.0,-7.45754]},"83o":{"weight":0.0,"played":[0.9675,0.0325],"evs":[0.0,-4.8357]},"93o":{"weight":0.0,"played":[0.9547,0.0453],"evs":[0.0,-3.43619]},"T3o":{"weight":0.0,"played":[0.658,0.342],"evs":[0.0,1.19978]},"J3o":{"weight":0.0,"played":[0.909,0.091],"evs":[0.0,-6.98647]},"Q3o":{"weight":0.0,"played":[0.9972,0.0028],"evs":[0.0,-2.48286]},"K3o":{"weight":0.0,"played":[0.8491,0.1509],"evs":[0.0,-5.64557]},"A3o":{"weight":0.0,"played":[0.1304,0.8696],"evs":[0.0,2.83501]},"42s":{"weight":0.0,"played":[0.4491,0.5509],"evs":[0.0,3.7657]},"43s":{"weight":0.0,"played":[0.0058,0.9942],"evs":[0.0,2.56237]},"44":{"weight":0.9292,"played":[0.1719,0.8281],"evs":[0.0,0.79408]},"54o":{"weight":0.0,"played":[0.5877,0.4123],"evs":[0.0,0.29066]},"64o":{"weight":0.0,"played":[0.7595,0.2405],"evs":[0.0,1.93414]},"74o":{"weight":0.0,"played":[0.9814,0.0186],"evs":[0.0,-8.20612]},"84o":{"weight":0.0,"played":[0.924,0.076],"evs":[0.0,-0.94525]},"94o":{"weight":0.0,"played":[0.9612,0.0388],"evs":[0.0,-6.23552]},"T4o":{"weight":0.0,"played":[0.9993,7.0E-4],"evs":[0.0,-5.46708]},"J4o":{"weight":0.0,"played":[0.8733,0.1267],"evs":[0.0,-4.30596]},"Q4o":{"weight":0.0,"played":[0.9839,0.0161],"evs":[0.0,-3.62862]},"K4o":{"weight":0.0,"played":[0.9902,0.0098],"evs":[0.0,-2.55552]},"A4o":{"weight":0.0,"played":[0.0289,0.9711],"evs":[0.0,3.84676]},"52s":{"weight":0.0,"played":[0.8174,0.1826],"evs":[0.0,-7.27895]},"53s":{"weight":0.0,"played":[0.3036,0.6964],"evs":[0.0,-0.49112]},"54s":{"weight":0.0,"played":[0.7865,0.2135],"evs":[0.0,-5.80859]},"55":{"weight":0.986,"played":[0.0014,0.9986],"evs":[0.0,8.67488]},"65o":{"weight":0.0,"played":[0.2849,0.7151],"evs":[0.0,3.53147]},"75o":{"weight":0.0,"played":[0.1658,0.8342],"evs":[0.0,3.46004]},"85o":{"weight":0.0,"played":[0.1312,0.8688],"evs":[0.0,2.90605]},"95o":{"weight":0.0,"played":[0.9526,0.0474],"evs":[0.0,-8.975]},"T5o":{"weight":0.0,"played":[0.948,0.052],"evs":[0.0,-0.80615]},"J5o":{"weight":0.0,"played":[0.986,0.014],"evs":[0.0,-6.6603]},"Q5o":{"weight":0.0,"played":[0.4547,0.5453],"evs":[0.0,-1.19507]},"K5o":{"weight":0.0,"played":[0.7143,0.2857],"evs":[0.0,-4.66814]},"A5o":{"weight":1.0,"played":[0.2757,0.7243],"evs":[0.0,4.08408]},"62s":{"weight":0.0,"played":[0.9679,0.0321],"evs":[0.0,-1.55317]},"63s":{"weight":0.0,"played":[0.0493,0.9507],"evs":[0.0,4.61095]},"64s":{"weight":0.0,"played":[0.0885,0.9115],"evs":[0.0,-0.21381]},"65s":{"weight":0.0,"played":[0.3473,0.6527],"evs":[0.0,-1.42203]},"66":{"weight":0.7522,"played":[0.0384,0.9616],"evs":[0.0,6.00518]},"76o":{"weight":0.0,"played":[0.0931,0.9069],"evs":[0.0,3.6118]},"86o":{"weight":0.0,"played":[0.7084,0.2916],"evs":[0.0,0.62493]},"96o":{"weight":0.0,"played":[0.9753,0.0247],"evs":[0.0,-5.26886]},"T6o":{"weight":0.0,"played":[0.9479,0.0521],"evs":[0.0,-3.19481]},"J6o":{"weight":0.0,"played":[0.7386,0.2614],"evs":[0.0,-1.3462]},"Q6o":{"weight":0.0,"played":[0.2641,0.7359],"evs":[0.0,0.41206]},"K6o":{"weight":0.0,"played":[0.197,0.803],"evs":[0.0,2.19822]},"A6o":{"weight":3.0E-4,"played":[0.0305,0.9695],"evs":[0.0,0.09026]},"72s":{"weight":0.0,"played":[0.8014,0.1986],"evs":[0.0,-2.6141]},"73s":{"weight":0.0,"played":[0.9006,0.0994],"evs":[0.0,-2.04579]},"74s":{"weight":0.0,"played":[0.4776,0.5224],"evs":[0.0,7.82111]},"75s":{"weight":0.0,"played":[0.5033,0.4967],"evs":[0.0,-7.20436]},"76s":{"weight":0.8966,"played":[0.0027,0.9973],"evs":[0.0,0.92627]},"77":{"weight":0.839,"played":[0.1338,0.8662],"evs":[0.0,8.99394]},"87o":{"weight":0.0,"played":[0.5131,0.4869],"evs":[0.0,-0.1925]},"97o":{"weight":0.0,"played":[0.9271,0.0729],"evs":[0.0,2.36008]},"T7o":{"weight":0.0,"played":[0.6264,0.3736],"evs":[0.0,-1.35553]},"J7o":{"weight":0.0,"played":[0.2471,0.7529],"evs":[0.0,-1.30455]},"Q7o":{"weight":0.0,"played":[0.935,0.065],"evs":[0.0,-4.18881]},"K7o":{"weight":0.0,"played":[0.8909,0.1091],"evs":[0.0,-0.94325]},"A7o":{"weight":1.0,"played":[0.7525,0.2475],"evs":[0.0,-1.45219]},"82s":{"weight":0.0,"played":[0.5264,0.4736],"evs":[0.0,-2.38433]},"83s":{"weight":0.0,"played":[0.3834,0.6166],"evs":[0.0,0.14319]},"84s":{"weight":0.0,"played":[0.3698,0.6302],"evs":[0.0,-0.79336]},"85s":{"weight":0.0,"played":[0.9537,0.0463],"evs":[0.0,-6.79385]},"86s":{"weight":0.0,"played":[0.5366,0.4634],"evs":[0.0,-4.31519]},"87s":{"weight":0.9998,"played":[0.8812,0.1188],"evs":[0.0,-3.82618]},"88":{"weight":0.9982,"played":[0.0,1.0],"evs":[0.0,13.74172]},"98o":{"weight":0.0,"played":[0.6699,0.3301],"evs":[0.0,-1.14802]},"T8o":{"weight":0.0,"played":[0.9838,0.0162],"evs":[0.0,-3.05528]},"J8o":{"weight":0.0,"played":[0.0134,0.9866],"evs":[0.0,3.53697]},"Q8o":{"weight":0.0,"played":[0.8964,0.1036],"evs":[0.0,-0.8821]},"K8o":{"weight":0.0,"played":[0.0485,0.9515],"evs":[0.0,1.00584]},"A8o":{"weight":1.0,"played":[0.1316,0.8684],"evs":[0.0,1.18307]},"92s":{"weight":0.0,"played":[0.0,1.0],"evs":[0.0,13.37763]},"93s":{"weight":0.0,"played":[0.7219,0.2781],"evs":[0.0,-5.42618]},"94s":{"weight":0.0,"played":[0.8218,0.1782],"evs":[0.0,-1.23434]},"95s":{"weight":0.0,"played":[0.4429,0.5571],"evs":[0.0,1.09862]},"96s":{"weight":0.0,"played":[0.6398,0.3602],"evs":[0.0,-0.95612]},"97s":{"weight":0.2425,"played":[0.4314,0.5686],"evs":[0.0,5.63612]},"98s":{"weight":1.0,"played":[0.0634,0.9366],"evs":[0.0,5.41703]},"99":{"weight":0.9999,"played":[0.0023,0.9977],"evs":[0.0,21.63014]},"T9o":{"weight":0.0,"played":[0.9819,0.0181],"evs":[0.0,-3.6921]},"J9o":{"weight":0.0,"played":[0.0283,0.9717],"evs":[0.0,1.49008]},"Q9o":{"weight":0.0,"played":[0.8684,0.1316],"evs":[0.0,-5.0077]},"K9o":{"weight":0.0,"played":[0.8468,0.1532],"evs":[0.0,-1.42624]},"A9o":{"weight":1.0,"played":[0.0544,0.9456],"evs":[0.0,1.64246]},"T2s":{"weight":0.0,"played":[0.7242,0.2758],"evs":[0.0,-3.63394]},"T3s":{"weight":0.0,"played":[0.1993,0.8007],"evs":[0.0,1.45605]},"T4s":{"weight":0.0,"played":[0.6952,0.3048],"evs":[0.0,-3.21534]},"T5s":{"weight":0.0,"played":[0.826,0.174],"evs":[0.0,-6.03321]},"T6s":{"weight":0.0,"played":[0.6245,0.3755],"evs":[0.0,0.16397]},"T7s":{"weight":0.0,"played":[0.3586,0.6414],"evs":[0.0,8.83276]},"T8s":{"weight":0.9999,"played":[0.2022,0.7978],"evs":[0.0,7.96105]},"T9s":{"weight":0.9992,"played":[0.9418,0.0582],"evs":[0.0,-3.29511]},"TT":{"weight":1.0,"played":[0.0,1.0],"evs":[0.0,17.45625]},"JTo":{"weight":0.9998,"played":[0.9335,0.0665],"evs":[0.0,-2.42948]},"QTo":{"weight":1.0,"played":[0.0565,0.9435],"evs":[0.0,2.02742]},"KTo":{"weight":0.9999,"played":[0.5171,0.4829],"evs":[0.0,-0.52358]},"ATo":{"weight":0.9995,"played":[0.0763,0.9237],"evs":[0.0,3.65552]},"J2s":{"weight":0.0,"played":[0.9587,0.0413],"evs":[0.0,-3.66136]},"J3s":{"weight":0.0,"played":[0.2884,0.7116],"evs":[0.0,1.87704]},"J4s":{"weight":0.0,"played":[0.9972,0.0028],"evs":[0.0,-13.50101]},"J5s":{"weight":0.0,"played":[0.4352,0.5648],"evs":[0.0,4.16271]},"J6s":{"weight":0.0,"played":[0.9458,0.0542],"evs":[0.0,-7.26864]},"J7s":{"weight":0.0,"played":[0.5166,0.4834],"evs":[0.0,-7.71125]},"J8s":{"weight":0.9993,"played":[0.1553,0.8447],"evs":[0.0,1.70181]},"J9s":{"weight":0.8909,"played":[0.0068,0.9932],"evs":[0.0,5.38124]},"JTs":{"weight":0.8441,"played":[0.2292,0.7708],"evs":[0.0,1.20352]},"JJ":{"weight":1.0,"played":[0.0,1.0],"evs":[0.0,6.71351]},"QJo":{"weight":1.0,"played":[0.4809,0.5191],"evs":[0.0,-0.18373]},"KJo":{"weight":0.9919,"played":[0.7177,0.2823],"evs":[0.0,0.47461]},"AJo":{"weight":0.8669,"played":[0.1039,0.8961],"evs":[0.0,7.94756]},"Q2s":{"weight":0.0,"played":[0.9077,0.0923],"evs":[0.0,-0.37804]},"Q3s":{"weight":0.0,"played":[0.6287,0.3713],"evs":[0.0,-1.37284]},"Q4s":{"weight":0.0,"played":[0.4528,0.5472],"evs":[0.0,2.62499]},"Q5s":{"weight":0.0,"played":[0.5662,0.4338],"evs":[0.0,-1.66558]},"Q6s":{"weight":0.0,"played":[0.4376,0.5624],"evs":[0.0,-1.11735]},"Q7s":{"weight":0.0,"played":[0.4737,0.5263],"evs":[0.0,-4.89837]},"Q8s":{"weight":0.9998,"played":[0.3633,0.6367],"evs":[0.0,-0.12176]},"Q9s":{"weight":0.9999,"played":[0.1051,0.8949],"evs":[0.0,-0.67947]},"QTs":{"weight":0.9988,"played":[0.0724,0.9276],"evs":[0.0,6.9325]},"QJs":{"weight":0.9977,"played":[0.4231,0.5769],"evs":[0.0,4.24251]},"QQ":{"weight":1.0,"played":[0.0074,0.9926],"evs":[0.0,27.78887]},"KQo":{"weight":0.9491,"played":[2.0E-4,0.9998],"evs":[0.0,0.7005]},"AQo":{"weight":0.9015,"played":[0.0552,0.9448],"evs":[0.0,8.7934]},"K2s":{"weight":0.0,"played":[0.4977,0.5023],"evs":[0.0,2.46045]},"K3s":{"weight":0.0,"played":[0.903,0.097],"evs":[0.0,-3.75611]},"K4s":{"weight":0.0,"played":[0.4236,0.5764],"evs":[0.0,10.60584]},"K5s":{"weight":0.765,"played":[0.9436,0.0564],"evs":[0.0,-4.2155]},"K6s":{"weight":1.0,"played":[0.9918,0.0082],"evs":[0.0,-2.16509]},"K7s":{"weight":1.0,"played":[0.8358,0.1642],"evs":[0.0,-9.15599]},"K8s":{"weight":1.0,"played":[0.5219,0.4781],"evs":[0.0,1.19104]},"K9s":{"weight":0.999,"played":[0.015,0.985],"evs":[0.0,0.16641]},"KTs":{"weight":0.7429,"played":[1.0E-4,0.9999],"evs":[0.0,11.06573]},"KJs":{"weight":0.9998,"played":[0.4726,0.5274],"evs":[0.0,-2.10264]},"KQs":{"weight":1.0,"played":[0.1274,0.8726],"evs":[0.0,14.40131]},"KK":{"weight":1.0,"played":[0.0011,0.9989],"evs":[0.0,22.38391]},"AKo":{"weight":1.0,"played":[0.0016,0.9984],"evs":[0.0,4.6959]},"A2s":{"weight":0.9993,"played":[0.7338,0.2662],"evs":[0.0,0.45068]},"A3s":{"weight":0.9983,"played":[0.979,0.021],"evs":[0.0,-5.47777]},"A4s":{"weight":0.9692,"played":[0.0719,0.9281],"evs":[0.0,0.63967]},"A5s":{"weight":0.7218,"played":[0.6673,0.3327],"evs":[0.0,1.12159]},"A6s":{"weight":0.993,"played":[0.7013,0.2987],"evs":[0.0,-0.7061]},"A7s":{"weight":0.9999,"played":[0.0966,0.9034],"evs":[0.0,7.21376]},"A8s":{"weight":1.0,"played":[0.0908,0.9092],"evs":[0.0,-1.08511]},"A9s":{"weight":1.0,"played":[0.0165,0.9835],"evs":[0.0,4.77676]},"ATs":{"weight":1.0,"played":[0.1412,0.8588],"evs":[0.0,3.58032]},"AJs":{"weight":1.0,"played":[0.0033,0.9967],"evs":[0.0,10.74369]},"AQs":{"weight":1.0,"played":[0.0,1.0],"evs":[0.0,8.10181]},"AKs":{"weight":1.0,"played":[0.2259,0.7741],"evs":[0.0,2.52894]},"AA":{"weight":1.0,"played":[0.0,1.0],"evs":[0.0,47.41699]}}}