{"player":5,"street":0,"children":2,"sequence":[{"player":0,"type":"F","amount":0,"street":0},{"player":1,"type":"F","amount":0,"street":0},{"player":2,"type":"R","amount":200000,"street":0},{"player":3,"type":"R","amount":605000,"street":0},{"player":4,"type":"R","amount":1245000,"street":0}],"actions":[{"type":"F","amount":0,"node":53},{"type":"C","amount":1145000,"node":54}],"hands":{"22":{"weight":1.0,"played":[0.0352,0.9648],"evs":[0.0,0.26013]},"32o":{"weight":1.0,"played":[0.9994,6.0E-4],"evs":[0.0,-3.4175]},"42o":{"weight":1.0,"played":[0.9999,1.0E-4],"evs":[0.0,-2.73488]},"52o":{"weight":1.0,"played":[0.9983,0.0017],"evs":[0.0,-2.99596]},"62o":{"weight":1.0,"played":[1.0,0.0],"evs":[0.0,-3.62848]},"72o":{"weight":1.0,"played":[1.0,0.0],"evs":[0.0,-3.61694]},"82o":{"weight":1.0,"played":[0.9999,1.0E-4],"evs":[0.0,-4.15794]},"92o":{"weight":1.0,"played":[1.0,0.0],"evs":[0.0,-3.95783]},"T2o":{"weight":1.0,"played":[0.9995,5.0E-4],"evs":[0.0,-3.32976]},"J2o":{"weight":1.0,"played":[0.9995,5.0E-4],"evs":[0.0,-3.33762]},"Q2o":{"weight":1.0,"played":[0.9996,4.0E-4],"evs":[0.0,-2.85431]},"K2o":{"weight":1.0,"played":[0.9998,2.0E-4],"evs":[0.0,-2.5768]},"A2o":{"weight":1.0,"played":[0.9883,0.0117],"evs":[0.0,-2.45392]},"32s":{"weight":1.0,"played":[0.9927,0.0073],"evs":[0.0,-1.25978]},"33":{"weight":1.0,"played":[0.0067,0.9933],"evs":[0.0,0.70484]},"43o":{"weight":1.0,"played":[0.9986,0.0014],"evs":[0.0,-2.53934]},"53o":{"weight":1.0,"played":[0.9999,1.0E-4],"evs":[0.0,-1.84877]},"63o":{"weight":1.0,"played":[0.9995,5.0E-4],"evs":[0.0,-2.67396]},"73o":{"weight":1.0,"played":[1.0,0.0],"evs":[0.0,-2.70024]},"83o":{"weight":1.0,"played":[1.0,0.0],"evs":[0.0,-3.87633]},"93o":{"weight":1.0,"played":[0.9998,2.0E-4],"evs":[0.0,-2.80747]},"T3o":{"weight":1.0,"played":[1.0,0.0],"evs":[0.0,-3.09879]},"J3o":{"weight":1.0,"played":[0.9997,3.0E-4],"evs":[0.0,-3.47268]},"Q3o":{"weight":1.0,"played":[1.0,0.0],"evs":[0.0,-2.51605]},"K3o":{"weight":1.0,"played":[0.9961,0.0039],"evs":[0.0,-2.92196]},"A3o":{"weight":1.0,"played":[0.8369,0.1631],"evs":[0.0,-0.94513]},"42s":{"weight":1.0,"played":[0.765,0.235],"evs":[0.0,-0.87094]},"43s":{"weight":1.0,"played":[0.8624,0.1376],"evs":[0.0,-0.78153]},"44":{"weight":1.0,"played":[0.0323,0.9677],"evs":[0.0,2.27917]},"54o":{"weight":1.0,"played":[0.9989,0.0011],"evs":[0.0,-1.85868]},"64o":{"weight":1.0,"played":[0.9995,5.0E-4],"evs":[0.0,-0.80666]},"74o":{"weight":1.0,"played":[0.9982,0.0018],"evs":[0.0,-1.44048]},"84o":{"weight":1.0,"played":[1.0,0.0],"evs":[0.0,-2.54069]},"94o":{"weight":1.0,"played":[0.9997,3.0E-4],"evs":[0.0,-3.40067]},"T4o":{"weight":1.0,"played":[0.9999,1.0E-4],"evs":[0.0,-3.7045]},"J4o":{"weight":1.0,"played":[0.9999,1.0E-4],"evs":[0.0,-3.16733]},"Q4o":{"weight":1.0,"played":[0.9984,0.0016],"evs":[0.0,-2.69725]},"K4o":{"weight":1.0,"played":[0.9972,0.0028],"evs":[0.0,-2.36861]},"A4o":{"weight":1.0,"played":[0.9877,0.0123],"evs":[0.0,-0.83208]},"52s":{"weight":1.0,"played":[0.997,0.003],"evs":[0.0,-0.55296]},"53s":{"weight":1.0,"played":[0.7938,0.2062],"evs":[0.0,0.50203]},"54s":{"weight":1.0,"played":[0.0037,0.9963],"evs":[0.0,0.89772]},"55":{"weight":1.0,"played":[0.0025,0.9975],"evs":[0.0,2.56501]},"65o":{"weight":1.0,"played":[0.9948,0.0052],"evs":[0.0,-1.03779]},"75o":{"weight":1.0,"played":[0.9999,1.0E-4],"evs":[0.0,-1.83965]},"85o":{"weight":1.0,"played":[0.9914,0.0086],"evs":[0.0,-1.89297]},"95o":{"weight":1.0,"played":[0.9999,1.0E-4],"evs":[0.0,-2.35606]},"T5o":{"weight":1.0,"played":[0.9991,9.0E-4],"evs":[0.0,-2.77456]},"J5o":{"weight":1.0,"played":[0.9991,9.0E-4],"evs":[0.0,-2.29186]},"Q5o":{"weight":1.0,"played":[0.999,0.001],"evs":[0.0,-2.50689]},"K5o":{"weight":1.0,"played":[0.9969,0.0031],"evs":[0.0,-1.69892]},"A5o":{"weight":1.0,"played":[0.9003,0.0997],"evs":[0.0,-1.20207]},"62s":{"weight":1.0,"played":[0.9616,0.0384],"evs":[0.0,-0.77337]},"63s":{"weight":1.0,"played":[0.583,0.417],"evs":[0.0,-0.72203]},"64s":{"weight":1.0,"played":[0.6926,0.3074],"evs":[0.0,-0.0724]},"65s":{"weight":1.0,"played":[0.1135,0.8865],"evs":[0.0,0.62173]},"66":{"weight":1.0,"played":[2.0E-4,0.9998],"evs":[0.0,2.9502]},"76o":{"weight":1.0,"played":[0.7095,0.2905],"evs":[0.0,-2.07431]},"86o":{"weight":1.0,"played":[0.9748,0.0252],"evs":[0.0,-2.09623]},"96o":{"weight":1.0,"played":[0.9992,8.0E-4],"evs":[0.0,-2.10864]},"T6o":{"weight":1.0,"played":[0.9973,0.0027],"evs":[0.0,-3.1949]},"J6o":{"weight":1.0,"played":[0.9992,8.0E-4],"evs":[0.0,-2.94149]},"Q6o":{"weight":1.0,"played":[0.9843,0.0157],"evs":[0.0,-2.5763]},"K6o":{"weight":1.0,"played":[0.9766,0.0234],"evs":[0.0,-2.27437]},"A6o":{"weight":1.0,"played":[0.9767,0.0233],"evs":[0.0,-2.0684]},"72s":{"weight":1.0,"played":[0.9483,0.0517],"evs":[0.0,-1.88759]},"73s":{"weight":1.0,"played":[0.9996,4.0E-4],"evs":[0.0,-1.71929]},"74s":{"weight":1.0,"played":[0.6816,0.3184],"evs":[0.0,-0.08961]},"75s":{"weight":1.0,"played":[0.5847,0.4153],"evs":[0.0,-0.47338]},"76s":{"weight":1.0,"played":[0.0731,0.9269],"evs":[0.0,2.35989]},"77":{"weight":1.0,"played":[4.0E-4,0.9996],"evs":[0.0,3.18834]},"87o":{"weight":1.0,"played":[0.9922,0.0078],"evs":[0.0,-1.02855]},"97o":{"weight":1.0,"played":[0.9335,0.0665],"evs":[0.0,-1.15175]},"T7o":{"weight":1.0,"played":[0.9917,0.0083],"evs":[0.0,-2.08179]},"J7o":{"weight":1.0,"played":[0.9659,0.0341],"evs":[0.0,-2.24338]},"Q7o":{"weight":1.0,"played":[0.9919,0.0081],"evs":[0.0,-1.90568]},"K7o":{"weight":1.0,"played":[0.8776,0.1224],"evs":[0.0,-1.72557]},"A7o":{"weight":1.0,"played":[0.9472,0.0528],"evs":[0.0,-1.59693]},"82s":{"weight":1.0,"played":[0.9985,0.0015],"evs":[0.0,-2.40326]},"83s":{"weight":1.0,"played":[0.9487,0.0513],"evs":[0.0,-2.69499]},"84s":{"weight":1.0,"played":[0.8994,0.1006],"evs":[0.0,-0.85928]},"85s":{"weight":1.0,"played":[0.2249,0.7751],"evs":[0.0,1.15632]},"86s":{"weight":1.0,"played":[0.9423,0.0577],"evs":[0.0,-0.38556]},"87s":{"weight":1.0,"played":[0.225,0.775],"evs":[0.0,0.06682]},"88":{"weight":1.0,"played":[1.0E-4,0.9999],"evs":[0.0,4.38517]},"98o":{"weight":1.0,"played":[0.9928,0.0072],"evs":[0.0,-0.62683]},"T8o":{"weight":1.0,"played":[0.8926,0.1074],"evs":[0.0,-1.78408]},"J8o":{"weight":1.0,"played":[0.9649,0.0351],"evs":[0.0,-2.09424]},"Q8o":{"weight":1.0,"played":[0.9994,6.0E-4],"evs":[0.0,-1.8568]},"K8o":{"weight":1.0,"played":[0.988,0.012],"evs":[0.0,-0.96909]},"A8o":{"weight":1.0,"played":[0.8617,0.1383],"evs":[0.0,-1.68028]},"92s":{"weight":1.0,"played":[0.9937,0.0063],"evs":[0.0,-2.44304]},"93s":{"weight":1.0,"played":[0.9839,0.0161],"evs":[0.0,-2.60512]},"94s":{"weight":1.0,"played":[0.9979,0.0021],"evs":[0.0,-1.878]},"95s":{"weight":1.0,"played":[0.3583,0.6417],"evs":[0.0,-0.14599]},"96s":{"weight":1.0,"played":[0.9179,0.0821],"evs":[0.0,-0.98919]},"97s":{"weight":1.0,"played":[0.9011,0.0989],"evs":[0.0,-1.31089]},"98s":{"weight":1.0,"played":[0.3503,0.6497],"evs":[0.0,0.01283]},"99":{"weight":1.0,"played":[0.0,1.0],"evs":[0.0,4.12789]},"T9o":{"weight":1.0,"played":[0.8873,0.1127],"evs":[0.0,-0.69014]},"J9o":{"weight":1.0,"played":[0.9969,0.0031],"evs":[0.0,-1.87098]},"Q9o":{"weight":1.0,"played":[0.9964,0.0036],"evs":[0.0,-1.2647]},"K9o":{"weight":1.0,"played":[0.8463,0.1537],"evs":[0.0,-0.70316]},"A9o":{"weight":1.0,"played":[0.8367,0.1633],"evs":[0.0,-0.71572]},"T2s":{"weight":1.0,"played":[1.0,0.0],"evs":[0.0,-2.48946]},"T3s":{"weight":1.0,"played":[0.9977,0.0023],"evs":[0.0,-3.01279]},"T4s":{"weight":1.0,"played":[0.9881,0.0119],"evs":[0.0,-1.29605]},"T5s":{"weight":1.0,"played":[1.0,0.0],"evs":[0.0,-1.66198]},"T6s":{"weight":1.0,"played":[0.9794,0.0206],"evs":[0.0,-0.79911]},"T7s":{"weight":1.0,"played":[0.4315,0.5685],"evs":[0.0,0.21696]},"T8s":{"weight":1.0,"played":[0.9377,0.0623],"evs":[0.0,-0.5045]},"T9s":{"weight":1.0,"played":[0.0137,0.9863],"evs":[0.0,1.59967]},"TT":{"weight":1.0,"played":[2.0E-4,0.9998],"evs":[0.0,7.55682]},"JTo":{"weight":1.0,"played":[0.987,0.013],"evs":[0.0,-1.13489]},"QTo":{"weight":1.0,"played":[0.1384,0.8616],"evs":[0.0,0.09287]},"KTo":{"weight":1.0,"played":[0.3404,0.6596],"evs":[0.0,-0.25454]},"ATo":{"weight":1.0,"played":[1.0E-4,0.9999],"evs":[0.0,1.99782]},"J2s":{"weight":1.0,"played":[0.9948,0.0052],"evs":[0.0,-3.23975]},"J3s":{"weight":1.0,"played":[0.9598,0.0402],"evs":[0.0,-1.64449]},"J4s":{"weight":1.0,"played":[0.996,0.004],"evs":[0.0,-2.01129]},"J5s":{"weight":1.0,"played":[0.8812,0.1188],"evs":[0.0,0.03545]},"J6s":{"weight":1.0,"played":[0.629,0.371],"evs":[0.0,-0.09125]},"J7s":{"weight":1.0,"played":[0.4353,0.5647],"evs":[0.0,-0.365]},"J8s":{"weight":1.0,"played":[0.7924,0.2076],"evs":[0.0,-1.3729]},"J9s":{"weight":1.0,"played":[0.0524,0.9476],"evs":[0.0,1.42959]},"JTs":{"weight":1.0,"played":[0.0621,0.9379],"evs":[0.0,1.78852]},"JJ":{"weight":1.0,"played":[0.0,1.0],"evs":[0.0,7.95996]},"QJo":{"weight":1.0,"played":[0.2006,0.7994],"evs":[0.0,0.15093]},"KJo":{"weight":1.0,"played":[0.6819,0.3181],"evs":[0.0,-0.40381]},"AJo":{"weight":1.0,"played":[0.0,1.0],"evs":[0.0,2.51496]},"Q2s":{"weight":1.0,"played":[0.8551,0.1449],"evs":[0.0,-0.13123]},"Q3s":{"weight":1.0,"played":[0.8694,0.1306],"evs":[0.0,-0.75874]},"Q4s":{"weight":1.0,"played":[0.9875,0.0125],"evs":[0.0,-1.29825]},"Q5s":{"weight":1.0,"played":[0.2752,0.7248],"evs":[0.0,0.27557]},"Q6s":{"weight":1.0,"played":[0.5921,0.4079],"evs":[0.0,0.10299]},"Q7s":{"weight":1.0,"played":[0.4814,0.5186],"evs":[0.0,-0.34621]},"Q8s":{"weight":1.0,"played":[0.154,0.846],"evs":[0.0,0.6405]},"Q9s":{"weight":1.0,"played":[0.0272,0.9728],"evs":[0.0,0.60183]},"QTs":{"weight":1.0,"played":[0.2021,0.7979],"evs":[0.0,0.91817]},"QJs":{"weight":1.0,"played":[0.0031,0.9969],"evs":[0.0,2.44151]},"QQ":{"weight":1.0,"played":[0.0,1.0],"evs":[0.0,9.56046]},"KQo":{"weight":1.0,"played":[0.0,1.0],"evs":[0.0,2.32944]},"AQo":{"weight":1.0,"played":[1.0E-4,0.9999],"evs":[0.0,3.39621]},"K2s":{"weight":1.0,"played":[0.7551,0.2449],"evs":[0.0,0.0773]},"K3s":{"weight":1.0,"played":[0.9983,0.0017],"evs":[0.0,-1.26288]},"K4s":{"weight":1.0,"played":[0.7609,0.2391],"evs":[0.0,-0.91087]},"K5s":{"weight":1.0,"played":[0.529,0.471],"evs":[0.0,-0.31488]},"K6s":{"weight":1.0,"played":[0.6321,0.3679],"evs":[0.0,-0.54486]},"K7s":{"weight":1.0,"played":[0.0884,0.9116],"evs":[0.0,0.45692]},"K8s":{"weight":1.0,"played":[0.6577,0.3423],"evs":[0.0,0.09852]},"K9s":{"weight":1.0,"played":[0.0371,0.9629],"evs":[0.0,0.50054]},"KTs":{"weight":1.0,"played":[0.0,1.0],"evs":[0.0,1.03355]},"KJs":{"weight":1.0,"played":[0.0095,0.9905],"evs":[0.0,1.6183]},"KQs":{"weight":1.0,"played":[0.0,1.0],"evs":[0.0,3.31557]},"KK":{"weight":1.0,"played":[0.0,1.0],"evs":[0.0,13.6827]},"AKo":{"weight":1.0,"played":[0.0,1.0],"evs":[0.0,4.44999]},"A2s":{"weight":1.0,"played":[0.9441,0.0559],"evs":[0.0,-0.23018]},"A3s":{"weight":1.0,"played":[0.3483,0.6517],"evs":[0.0,-0.21388]},"A4s":{"weight":1.0,"played":[0.007,0.993],"evs":[0.0,0.74799]},"A5s":{"weight":1.0,"played":[0.2286,0.7714],"evs":[0.0,1.23271]},"A6s":{"weight":1.0,"played":[0.0254,0.9746],"evs":[0.0,0.42093]},"A7s":{"weight":1.0,"played":[0.0621,0.9379],"evs":[0.0,0.8923]},"A8s":{"weight":1.0,"played":[0.0022,0.9978],"evs":[0.0,2.89451]},"A9s":{"weight":1.0,"played":[1.0E-4,0.9999],"evs":[0.0,2.36438]},"ATs":{"weight":1.0,"played":[0.0,1.0],"evs":[0.0,2.8945]},"AJs":{"weight":1.0,"played":[9.0E-4,0.9991],"evs":[0.0,5.14922]},"AQs":{"weight":1.0,"played":[0.0,1.0],"evs":[0.0,4.81551]},"AKs":{"weight":1.0,"played":[1.0E-4,0.9999],"evs":[0.0,7.1228]},"AA":{"weight":1.0,"played":[0.0,1.0],"evs":[0.0,20.02797]}}}