{"player":2,"street":0,"children":2,"sequence":[{"player":0,"type":"F","amount":0,"street":0},{"player":1,"type":"F","amount":0,"street":0},{"player":2,"type":"R","amount":200000,"street":0},{"player":3,"type":"R","amount":605000,"street":0},{"player":4,"type":"R","amount":1245000,"street":0},{"player":5,"type":"F","amount":0,"street":0}],"actions":[{"type":"F","amount":0},{"type":"C","amount":995000}],"hands":{"22":{"weight":0.0311,"played":[0.0,1.0],"evs":[0.0,0.89518]},"32o":{"weight":0.0,"played":[1.0,0.0],"evs":[0.0,-2.6321]},"42o":{"weight":0.0,"played":[1.0,0.0],"evs":[0.0,-2.46969]},"52o":{"weight":0.0,"played":[1.0,0.0],"evs":[0.0,-2.3045]},"62o":{"weight":0.0,"played":[1.0,0.0],"evs":[0.0,-2.59444]},"72o":{"weight":0.0,"played":[1.0,0.0],"evs":[0.0,-2.86363]},"82o":{"weight":0.0,"played":[1.0,0.0],"evs":[0.0,-2.79109]},"92o":{"weight":0.0,"played":[1.0,0.0],"evs":[0.0,-2.81873]},"T2o":{"weight":0.0,"played":[1.0,0.0],"evs":[0.0,-2.69245]},"J2o":{"weight":0.0,"played":[1.0,0.0],"evs":[0.0,-2.59775]},"Q2o":{"weight":0.0,"played":[1.0,0.0],"evs":[0.0,-2.22909]},"K2o":{"weight":0.0,"played":[1.0,0.0],"evs":[0.0,-1.90782]},"A2o":{"weight":0.0603,"played":[0.9998,2.0E-4],"evs":[0.0,-1.27904]},"32s":{"weight":0.0,"played":[0.9999,1.0E-4],"evs":[0.0,-1.26088]},"33":{"weight":0.0,"played":[0.0,1.0],"evs":[0.0,1.2359]},"43o":{"weight":0.0,"played":[1.0,0.0],"evs":[0.0,-1.91498]},"53o":{"weight":0.0,"played":[1.0,0.0],"evs":[0.0,-1.68131]},"63o":{"weight":0.0,"played":[1.0,0.0],"evs":[0.0,-2.06394]},"73o":{"weight":0.0,"played":[1.0,0.0],"evs":[0.0,-2.37119]},"83o":{"weight":0.0,"played":[1.0,0.0],"evs":[0.0,-2.79229]},"93o":{"weight":0.0,"played":[1.0,0.0],"evs":[0.0,-2.72595]},"T3o":{"weight":0.0,"played":[1.0,0.0],"evs":[0.0,-2.6263]},"J3o":{"weight":0.0,"played":[1.0,0.0],"evs":[0.0,-2.37056]},"Q3o":{"weight":0.0,"played":[1.0,0.0],"evs":[0.0,-2.0008]},"K3o":{"weight":0.0,"played":[1.0,0.0],"evs":[0.0,-1.8672]},"A3o":{"weight":1.0E-4,"played":[0.9989,0.0011],"evs":[0.0,-1.17368]},"42s":{"weight":0.0,"played":[1.0,0.0],"evs":[0.0,-1.14344]},"43s":{"weight":0.0,"played":[0.9999,1.0E-4],"evs":[0.0,-0.8317]},"44":{"weight":0.0227,"played":[0.0,1.0],"evs":[0.0,1.5067]},"54o":{"weight":0.0,"played":[1.0,0.0],"evs":[0.0,-1.21127]},"64o":{"weight":0.0,"played":[1.0,0.0],"evs":[0.0,-1.53628]},"74o":{"weight":0.0,"played":[1.0,0.0],"evs":[0.0,-1.85654]},"84o":{"weight":0.0,"played":[1.0,0.0],"evs":[0.0,-2.17986]},"94o":{"weight":0.0,"played":[1.0,0.0],"evs":[0.0,-2.70014]},"T4o":{"weight":0.0,"played":[1.0,0.0],"evs":[0.0,-2.26811]},"J4o":{"weight":0.0,"played":[1.0,0.0],"evs":[0.0,-2.2581]},"Q4o":{"weight":0.0,"played":[1.0,0.0],"evs":[0.0,-1.78646]},"K4o":{"weight":0.0,"played":[1.0,0.0],"evs":[0.0,-1.58062]},"A4o":{"weight":0.0,"played":[0.9994,6.0E-4],"evs":[0.0,-0.89886]},"52s":{"weight":0.0,"played":[0.9999,1.0E-4],"evs":[0.0,-1.06332]},"53s":{"weight":0.0,"played":[0.9992,8.0E-4],"evs":[0.0,-0.5225]},"54s":{"weight":0.0,"played":[0.8766,0.1234],"evs":[0.0,-0.13033]},"55":{"weight":0.0041,"played":[0.0,1.0],"evs":[0.0,2.2256]},"65o":{"weight":0.0,"played":[0.9999,1.0E-4],"evs":[0.0,-0.94572]},"75o":{"weight":0.0,"played":[1.0,0.0],"evs":[0.0,-1.28621]},"85o":{"weight":0.0,"played":[1.0,0.0],"evs":[0.0,-1.71533]},"95o":{"weight":0.0,"played":[1.0,0.0],"evs":[0.0,-2.06424]},"T5o":{"weight":0.0,"played":[1.0,0.0],"evs":[0.0,-2.16826]},"J5o":{"weight":0.0,"played":[1.0,0.0],"evs":[0.0,-1.99578]},"Q5o":{"weight":0.0,"played":[1.0,0.0],"evs":[0.0,-1.70084]},"K5o":{"weight":0.0,"played":[1.0,0.0],"evs":[0.0,-1.40641]},"A5o":{"weight":0.0,"played":[0.9937,0.0063],"evs":[0.0,-0.60175]},"62s":{"weight":0.0,"played":[0.9999,1.0E-4],"evs":[0.0,-1.12281]},"63s":{"weight":0.0,"played":[0.9997,3.0E-4],"evs":[0.0,-0.86471]},"64s":{"weight":0.0,"played":[0.9955,0.0045],"evs":[0.0,-0.23229]},"65s":{"weight":0.0,"played":[0.1649,0.8351],"evs":[0.0,0.08607]},"66":{"weight":0.0,"played":[0.0,1.0],"evs":[0.0,2.56291]},"76o":{"weight":0.0,"played":[0.9999,1.0E-4],"evs":[0.0,-0.76909]},"86o":{"weight":0.0,"played":[1.0,0.0],"evs":[0.0,-1.16093]},"96o":{"weight":0.0,"played":[1.0,0.0],"evs":[0.0,-1.54656]},"T6o":{"weight":0.0,"played":[1.0,0.0],"evs":[0.0,-1.71265]},"J6o":{"weight":0.0,"played":[1.0,0.0],"evs":[0.0,-1.85226]},"Q6o":{"weight":0.0,"played":[1.0,0.0],"evs":[0.0,-1.52971]},"K6o":{"weight":0.0,"played":[1.0,0.0],"evs":[0.0,-1.32482]},"A6o":{"weight":0.0014,"played":[0.9996,4.0E-4],"evs":[0.0,-0.91929]},"72s":{"weight":0.0,"played":[1.0,0.0],"evs":[0.0,-1.58817]},"73s":{"weight":0.0,"played":[1.0,0.0],"evs":[0.0,-1.15405]},"74s":{"weight":0.0,"played":[0.9953,0.0047],"evs":[0.0,-0.5846]},"75s":{"weight":0.0,"played":[0.9924,0.0076],"evs":[0.0,-0.13205]},"76s":{"weight":0.0,"played":[4.0E-4,0.9996],"evs":[0.0,0.34365]},"77":{"weight":2.0E-4,"played":[0.0,1.0],"evs":[0.0,3.08284]},"87o":{"weight":0.0,"played":[0.9996,4.0E-4],"evs":[0.0,-0.77062]},"97o":{"weight":0.0,"played":[1.0,0.0],"evs":[0.0,-1.00394]},"T7o":{"weight":0.0,"played":[1.0,0.0],"evs":[0.0,-1.30666]},"J7o":{"weight":0.0,"played":[1.0,0.0],"evs":[0.0,-1.51029]},"Q7o":{"weight":0.0,"played":[1.0,0.0],"evs":[0.0,-1.47217]},"K7o":{"weight":0.0,"played":[0.9999,1.0E-4],"evs":[0.0,-1.17001]},"A7o":{"weight":0.0,"played":[0.9948,0.0052],"evs":[0.0,-0.58929]},"82s":{"weight":0.0,"played":[0.9999,1.0E-4],"evs":[0.0,-1.37633]},"83s":{"weight":0.0,"played":[1.0,0.0],"evs":[0.0,-1.40175]},"84s":{"weight":0.0,"played":[1.0,0.0],"evs":[0.0,-0.92273]},"85s":{"weight":0.0,"played":[0.9972,0.0028],"evs":[0.0,-0.36825]},"86s":{"weight":0.0,"played":[0.2889,0.7111],"evs":[0.0,0.0376]},"87s":{"weight":0.0,"played":[1.0E-4,0.9999],"evs":[0.0,0.35588]},"88":{"weight":0.0023,"played":[0.0,1.0],"evs":[0.0,3.84562]},"98o":{"weight":0.0,"played":[1.0,0.0],"evs":[0.0,-0.75837]},"T8o":{"weight":0.0,"played":[0.9999,1.0E-4],"evs":[0.0,-0.81718]},"J8o":{"weight":0.0,"played":[1.0,0.0],"evs":[0.0,-1.11009]},"Q8o":{"weight":0.0,"played":[1.0,0.0],"evs":[0.0,-1.16269]},"K8o":{"weight":0.0,"played":[0.9999,1.0E-4],"evs":[0.0,-1.30347]},"A8o":{"weight":0.0,"played":[0.9644,0.0356],"evs":[0.0,-0.28771]},"92s":{"weight":0.0,"played":[0.9993,7.0E-4],"evs":[0.0,-1.68937]},"93s":{"weight":0.0,"played":[1.0,0.0],"evs":[0.0,-1.48797]},"94s":{"weight":0.0,"played":[0.9995,5.0E-4],"evs":[0.0,-1.39948]},"95s":{"weight":0.0,"played":[0.9991,9.0E-4],"evs":[0.0,-0.87034]},"96s":{"weight":0.0,"played":[0.9948,0.0052],"evs":[0.0,-0.12327]},"97s":{"weight":0.0,"played":[0.2031,0.7969],"evs":[0.0,0.10503]},"98s":{"weight":0.0597,"played":[0.0301,0.9699],"evs":[0.0,0.32952]},"99":{"weight":0.071,"played":[0.0,1.0],"evs":[0.0,4.95116]},"T9o":{"weight":0.0,"played":[0.9995,5.0E-4],"evs":[0.0,-0.62428]},"J9o":{"weight":0.0,"played":[0.9995,5.0E-4],"evs":[0.0,-0.70841]},"Q9o":{"weight":0.0,"played":[0.9998,2.0E-4],"evs":[0.0,-0.71639]},"K9o":{"weight":0.0011,"played":[0.9962,0.0038],"evs":[0.0,-0.81149]},"A9o":{"weight":0.0207,"played":[0.0,1.0],"evs":[0.0,0.36558]},"T2s":{"weight":0.0,"played":[1.0,0.0],"evs":[0.0,-1.33903]},"T3s":{"weight":0.0,"played":[1.0,0.0],"evs":[0.0,-1.23179]},"T4s":{"weight":0.0,"played":[1.0,0.0],"evs":[0.0,-0.80788]},"T5s":{"weight":0.0,"played":[1.0,0.0],"evs":[0.0,-0.97633]},"T6s":{"weight":0.0,"played":[0.9993,7.0E-4],"evs":[0.0,-0.42506]},"T7s":{"weight":0.0,"played":[0.6058,0.3942],"evs":[0.0,-0.13888]},"T8s":{"weight":0.1566,"played":[0.0052,0.9948],"evs":[0.0,0.21672]},"T9s":{"weight":5.0E-4,"played":[0.0,1.0],"evs":[0.0,0.7795]},"TT":{"weight":0.0278,"played":[0.0,1.0],"evs":[0.0,6.32342]},"JTo":{"weight":0.1224,"played":[0.8376,0.1624],"evs":[0.0,-0.02202]},"QTo":{"weight":0.0015,"played":[0.2362,0.7638],"evs":[0.0,0.0284]},"KTo":{"weight":0.0,"played":[0.0322,0.9678],"evs":[0.0,0.08231]},"ATo":{"weight":0.0,"played":[0.0,1.0],"evs":[0.0,1.85898]},"J2s":{"weight":0.0,"played":[0.9999,1.0E-4],"evs":[0.0,-1.16664]},"J3s":{"weight":0.0,"played":[0.9984,0.0016],"evs":[0.0,-1.13176]},"J4s":{"weight":0.0,"played":[0.9988,0.0012],"evs":[0.0,-0.90846]},"J5s":{"weight":0.0,"played":[0.9999,1.0E-4],"evs":[0.0,-0.54149]},"J6s":{"weight":0.0,"played":[0.9992,8.0E-4],"evs":[0.0,-0.62797]},"J7s":{"weight":0.0,"played":[0.9912,0.0088],"evs":[0.0,-0.22417]},"J8s":{"weight":0.0029,"played":[0.0016,0.9984],"evs":[0.0,0.21487]},"J9s":{"weight":0.0,"played":[0.0015,0.9985],"evs":[0.0,0.41882]},"JTs":{"weight":0.031,"played":[0.001,0.999],"evs":[0.0,1.07872]},"JJ":{"weight":0.0,"played":[0.0,1.0],"evs":[0.0,7.96312]},"QJo":{"weight":0.0,"played":[0.0,1.0],"evs":[0.0,0.29784]},"KJo":{"weight":0.0,"played":[0.0,1.0],"evs":[0.0,0.56016]},"AJo":{"weight":0.0,"played":[0.0,1.0],"evs":[0.0,3.11466]},"Q2s":{"weight":0.0,"played":[1.0,0.0],"evs":[0.0,-0.94051]},"Q3s":{"weight":0.0,"played":[0.9995,5.0E-4],"evs":[0.0,-0.86636]},"Q4s":{"weight":0.0,"played":[0.9997,3.0E-4],"evs":[0.0,-0.51057]},"Q5s":{"weight":0.0,"played":[0.9911,0.0089],"evs":[0.0,-0.48522]},"Q6s":{"weight":0.0,"played":[0.9992,8.0E-4],"evs":[0.0,-0.23378]},"Q7s":{"weight":0.0,"played":[0.9982,0.0018],"evs":[0.0,-0.20794]},"Q8s":{"weight":0.0609,"played":[0.3457,0.6543],"evs":[0.0,0.01359]},"Q9s":{"weight":5.0E-4,"played":[1.0E-4,0.9999],"evs":[0.0,0.29725]},"QTs":{"weight":0.0062,"played":[0.0,1.0],"evs":[0.0,1.40912]},"QJs":{"weight":0.0,"played":[0.0,1.0],"evs":[0.0,1.37432]},"QQ":{"weight":1.0E-4,"played":[0.0,1.0],"evs":[0.0,9.84101]},"KQo":{"weight":0.0,"played":[0.0,1.0],"evs":[0.0,1.47509]},"AQo":{"weight":0.0,"played":[0.0,1.0],"evs":[0.0,4.59781]},"K2s":{"weight":0.0,"played":[0.9995,5.0E-4],"evs":[0.0,-0.62669]},"K3s":{"weight":0.0,"played":[0.9988,0.0012],"evs":[0.0,-0.51394]},"K4s":{"weight":0.0,"played":[0.9838,0.0162],"evs":[0.0,-0.34122]},"K5s":{"weight":0.0064,"played":[0.9885,0.0115],"evs":[0.0,-0.10967]},"K6s":{"weight":0.1797,"played":[0.2915,0.7085],"evs":[0.0,0.08456]},"K7s":{"weight":0.0039,"played":[0.0988,0.9012],"evs":[0.0,0.04756]},"K8s":{"weight":0.0,"played":[0.4487,0.5513],"evs":[0.0,0.04927]},"K9s":{"weight":0.0296,"played":[1.0E-4,0.9999],"evs":[0.0,0.42166]},"KTs":{"weight":0.0,"played":[0.0,1.0],"evs":[0.0,1.16804]},"KJs":{"weight":0.0,"played":[0.0,1.0],"evs":[0.0,1.70787]},"KQs":{"weight":0.0,"played":[0.0,1.0],"evs":[0.0,2.56306]},"KK":{"weight":2.0E-4,"played":[0.0,1.0],"evs":[0.0,12.1308]},"AKo":{"weight":1.0E-4,"played":[0.0,1.0],"evs":[0.0,6.15277]},"A2s":{"weight":0.0,"played":[0.1423,0.8577],"evs":[0.0,0.05425]},"A3s":{"weight":0.0,"played":[0.0,1.0],"evs":[0.0,0.10559]},"A4s":{"weight":0.0,"played":[0.0,1.0],"evs":[0.0,0.29029]},"A5s":{"weight":0.0,"played":[1.0E-4,0.9999],"evs":[0.0,0.5585]},"A6s":{"weight":0.0,"played":[0.0,1.0],"evs":[0.0,0.4946]},"A7s":{"weight":0.0,"played":[0.0,1.0],"evs":[0.0,0.65637]},"A8s":{"weight":0.0,"played":[0.0,1.0],"evs":[0.0,1.03786]},"A9s":{"weight":3.0E-4,"played":[0.0,1.0],"evs":[0.0,1.70191]},"ATs":{"weight":0.0,"played":[0.0,1.0],"evs":[0.0,2.95458]},"AJs":{"weight":0.0,"played":[0.0,1.0],"evs":[0.0,4.09381]},"AQs":{"weight":0.0516,"played":[0.0,1.0],"evs":[0.0,5.52539]},"AKs":{"weight":0.0169,"played":[0.0,1.0],"evs":[0.0,6.99024]},"AA":{"weight":0.2669,"played":[0.0,1.0],"evs":[0.0,16.43177]}}}