{"player":4,"street":0,"children":3,"sequence":[{"player":0,"type":"F","amount":0,"street":0},{"player":1,"type":"F","amount":0,"street":0},{"player":2,"type":"R","amount":1195000,"street":0},{"player":3,"type":"F","amount":0,"street":0}],"actions":[{"type":"F","amount":0,"node":57},{"type":"C","amount":1145000,"node":58},{"type":"R","amount":1245000,"node":60}],"hands":{"22":{"weight":1.0,"played":[0.0,0.6865,0.3135],"evs":[0.0,0.17286,0.16897]},"32o":{"weight":1.0,"played":[1.0,0.0,0.0],"evs":[0.0,-4.08738,-4.08865]},"42o":{"weight":1.0,"played":[1.0,0.0,0.0],"evs":[0.0,-3.85371,-3.85389]},"52o":{"weight":1.0,"played":[1.0,0.0,0.0],"evs":[0.0,-3.66109,-3.66189]},"62o":{"weight":1.0,"played":[1.0,0.0,0.0],"evs":[0.0,-3.98859,-3.99022]},"72o":{"weight":1.0,"played":[1.0,0.0,0.0],"evs":[0.0,-4.20853,-4.2096]},"82o":{"weight":1.0,"played":[1.0,0.0,0.0],"evs":[0.0,-3.98913,-3.98933]},"92o":{"weight":1.0,"played":[1.0,0.0,0.0],"evs":[0.0,-3.94228,-3.94316]},"T2o":{"weight":1.0,"played":[1.0,0.0,0.0],"evs":[0.0,-3.80462,-3.80622]},"J2o":{"weight":1.0,"played":[1.0,0.0,0.0],"evs":[0.0,-3.50961,-3.51128]},"Q2o":{"weight":1.0,"played":[1.0,0.0,0.0],"evs":[0.0,-3.13068,-3.13]},"K2o":{"weight":1.0,"played":[1.0,0.0,0.0],"evs":[0.0,-2.40472,-2.40407]},"A2o":{"weight":1.0,"played":[1.0,0.0,0.0],"evs":[0.0,-0.64914,-0.64935]},"32s":{"weight":1.0,"played":[1.0,0.0,0.0],"evs":[0.0,-2.86533,-2.86685]},"33":{"weight":1.0,"played":[0.0,0.3995,0.6005],"evs":[0.0,0.72752,0.72638]},"43o":{"weight":1.0,"played":[1.0,0.0,0.0],"evs":[0.0,-3.35477,-3.35665]},"53o":{"weight":1.0,"played":[1.0,0.0,0.0],"evs":[0.0,-3.13172,-3.13065]},"63o":{"weight":1.0,"played":[1.0,0.0,0.0],"evs":[0.0,-3.4511,-3.45058]},"73o":{"weight":1.0,"played":[1.0,0.0,0.0],"evs":[0.0,-3.66587,-3.66443]},"83o":{"weight":1.0,"played":[1.0,0.0,0.0],"evs":[0.0,-3.86499,-3.86697]},"93o":{"weight":1.0,"played":[1.0,0.0,0.0],"evs":[0.0,-3.73962,-3.74127]},"T3o":{"weight":1.0,"played":[1.0,0.0,0.0],"evs":[0.0,-3.6104,-3.61007]},"J3o":{"weight":1.0,"played":[1.0,0.0,0.0],"evs":[0.0,-3.31476,-3.31691]},"Q3o":{"weight":1.0,"played":[1.0,0.0,0.0],"evs":[0.0,-2.92865,-2.92623]},"K3o":{"weight":1.0,"played":[1.0,0.0,0.0],"evs":[0.0,-2.23308,-2.23168]},"A3o":{"weight":1.0,"played":[1.0,0.0,0.0],"evs":[0.0,-0.44178,-0.44049]},"42s":{"weight":1.0,"played":[1.0,0.0,0.0],"evs":[0.0,-2.63048,-2.62974]},"43s":{"weight":1.0,"played":[1.0,0.0,0.0],"evs":[0.0,-2.14602,-2.14407]},"44":{"weight":1.0,"played":[0.0,0.2442,0.7558],"evs":[0.0,1.33121,1.33365]},"54o":{"weight":1.0,"played":[1.0,0.0,0.0],"evs":[0.0,-2.6054,-2.60516]},"64o":{"weight":1.0,"played":[1.0,0.0,0.0],"evs":[0.0,-2.89401,-2.89458]},"74o":{"weight":1.0,"played":[1.0,0.0,0.0],"evs":[0.0,-3.13147,-3.12999]},"84o":{"weight":1.0,"played":[1.0,0.0,0.0],"evs":[0.0,-3.34381,-3.3435]},"94o":{"weight":1.0,"played":[1.0,0.0,0.0],"evs":[0.0,-3.62188,-3.62143]},"T4o":{"weight":1.0,"played":[1.0,0.0,0.0],"evs":[0.0,-3.40335,-3.40384]},"J4o":{"weight":1.0,"played":[1.0,0.0,0.0],"evs":[0.0,-3.09797,-3.0999]},"Q4o":{"weight":1.0,"played":[1.0,0.0,0.0],"evs":[0.0,-2.71798,-2.71578]},"K4o":{"weight":1.0,"played":[1.0,0.0,0.0],"evs":[0.0,-2.02354,-2.02363]},"A4o":{"weight":1.0,"played":[1.0,0.0,0.0],"evs":[0.0,-0.19904,-0.19903]},"52s":{"weight":1.0,"played":[1.0,0.0,0.0],"evs":[0.0,-2.41577,-2.41663]},"53s":{"weight":1.0,"played":[1.0,0.0,0.0],"evs":[0.0,-1.93724,-1.93528]},"54s":{"weight":1.0,"played":[1.0,0.0,0.0],"evs":[0.0,-1.47389,-1.4732]},"55":{"weight":1.0,"played":[0.0,0.5705,0.4295],"evs":[0.0,1.99282,1.98977]},"65o":{"weight":1.0,"played":[1.0,0.0,0.0],"evs":[0.0,-2.4049,-2.40496]},"75o":{"weight":1.0,"played":[1.0,0.0,0.0],"evs":[0.0,-2.60072,-2.60022]},"85o":{"weight":1.0,"played":[1.0,0.0,0.0],"evs":[0.0,-2.80187,-2.80241]},"95o":{"weight":1.0,"played":[1.0,0.0,0.0],"evs":[0.0,-3.06921,-3.06856]},"T5o":{"weight":1.0,"played":[1.0,0.0,0.0],"evs":[0.0,-3.24514,-3.24487]},"J5o":{"weight":1.0,"played":[1.0,0.0,0.0],"evs":[0.0,-2.91333,-2.91578]},"Q5o":{"weight":1.0,"played":[1.0,0.0,0.0],"evs":[0.0,-2.49795,-2.49528]},"K5o":{"weight":1.0,"played":[1.0,0.0,0.0],"evs":[0.0,-1.81163,-1.81268]},"A5o":{"weight":1.0,"played":[0.0,0.1865,0.8135],"evs":[0.0,0.12453,0.12502]},"62s":{"weight":1.0,"played":[1.0,0.0,0.0],"evs":[0.0,-2.75546,-2.75735]},"63s":{"weight":1.0,"played":[1.0,0.0,0.0],"evs":[0.0,-2.24844,-2.24675]},"64s":{"weight":1.0,"played":[1.0,0.0,0.0],"evs":[0.0,-1.74642,-1.74515]},"65s":{"weight":1.0,"played":[1.0,0.0,0.0],"evs":[0.0,-1.26481,-1.26491]},"66":{"weight":1.0,"played":[0.0,0.5002,0.4998],"evs":[0.0,2.54158,2.53675]},"76o":{"weight":1.0,"played":[1.0,0.0,0.0],"evs":[0.0,-2.13081,-2.13077]},"86o":{"weight":1.0,"played":[1.0,0.0,0.0],"evs":[0.0,-2.29922,-2.30209]},"96o":{"weight":1.0,"played":[1.0,0.0,0.0],"evs":[0.0,-2.57688,-2.57973]},"T6o":{"weight":1.0,"played":[1.0,0.0,0.0],"evs":[0.0,-2.76874,-2.77181]},"J6o":{"weight":1.0,"played":[1.0,0.0,0.0],"evs":[0.0,-2.82135,-2.82241]},"Q6o":{"weight":1.0,"played":[1.0,0.0,0.0],"evs":[0.0,-2.33878,-2.33801]},"K6o":{"weight":1.0,"played":[1.0,0.0,0.0],"evs":[0.0,-1.63968,-1.63963]},"A6o":{"weight":1.0,"played":[0.0,0.3606,0.6394],"evs":[0.0,0.13007,0.12975]},"72s":{"weight":1.0,"played":[1.0,0.0,0.0],"evs":[0.0,-2.9454,-2.94387]},"73s":{"weight":1.0,"played":[1.0,0.0,0.0],"evs":[0.0,-2.43949,-2.43797]},"74s":{"weight":1.0,"played":[1.0,0.0,0.0],"evs":[0.0,-1.96843,-1.9676]},"75s":{"weight":1.0,"played":[1.0,0.0,0.0],"evs":[0.0,-1.48012,-1.47817]},"76s":{"weight":1.0,"played":[1.0,0.0,0.0],"evs":[0.0,-0.99337,-0.99228]},"77":{"weight":1.0,"played":[0.0,0.8417,0.1583],"evs":[0.0,3.16566,3.16168]},"87o":{"weight":1.0,"played":[1.0,0.0,0.0],"evs":[0.0,-1.90009,-1.89888]},"97o":{"weight":1.0,"played":[1.0,0.0,0.0],"evs":[0.0,-2.12416,-2.12403]},"T7o":{"weight":1.0,"played":[1.0,0.0,0.0],"evs":[0.0,-2.33098,-2.33142]},"J7o":{"weight":1.0,"played":[1.0,0.0,0.0],"evs":[0.0,-2.37904,-2.37941]},"Q7o":{"weight":1.0,"played":[1.0,0.0,0.0],"evs":[0.0,-2.27662,-2.27278]},"K7o":{"weight":1.0,"played":[1.0,0.0,0.0],"evs":[0.0,-1.46554,-1.46326]},"A7o":{"weight":1.0,"played":[0.0,0.4919,0.5081],"evs":[0.0,0.73381,0.73437]},"82s":{"weight":1.0,"played":[1.0,0.0,0.0],"evs":[0.0,-2.76271,-2.76487]},"83s":{"weight":1.0,"played":[1.0,0.0,0.0],"evs":[0.0,-2.67166,-2.67408]},"84s":{"weight":1.0,"played":[1.0,0.0,0.0],"evs":[0.0,-2.13246,-2.13222]},"85s":{"weight":1.0,"played":[1.0,0.0,0.0],"evs":[0.0,-1.64636,-1.64666]},"86s":{"weight":1.0,"played":[1.0,0.0,0.0],"evs":[0.0,-1.17652,-1.17659]},"87s":{"weight":1.0,"played":[1.0,0.0,0.0],"evs":[0.0,-0.7529,-0.7509]},"88":{"weight":1.0,"played":[0.0,0.607,0.393],"evs":[0.0,3.91877,3.91327]},"98o":{"weight":1.0,"played":[1.0,0.0,0.0],"evs":[0.0,-1.68612,-1.68931]},"T8o":{"weight":1.0,"played":[1.0,0.0,0.0],"evs":[0.0,-1.84267,-1.84342]},"J8o":{"weight":1.0,"played":[1.0,0.0,0.0],"evs":[0.0,-1.87583,-1.87741]},"Q8o":{"weight":1.0,"played":[1.0,0.0,0.0],"evs":[0.0,-1.80836,-1.80712]},"K8o":{"weight":1.0,"played":[1.0,0.0,0.0],"evs":[0.0,-1.29931,-1.30137]},"A8o":{"weight":1.0,"played":[0.0,0.4715,0.5285],"evs":[0.0,1.38121,1.38]},"92s":{"weight":1.0,"played":[1.0,0.0,0.0],"evs":[0.0,-2.66141,-2.66767]},"93s":{"weight":1.0,"played":[1.0,0.0,0.0],"evs":[0.0,-2.54312,-2.54267]},"94s":{"weight":1.0,"played":[1.0,0.0,0.0],"evs":[0.0,-2.43221,-2.43721]},"95s":{"weight":1.0,"played":[1.0,0.0,0.0],"evs":[0.0,-1.87831,-1.87575]},"96s":{"weight":1.0,"played":[1.0,0.0,0.0],"evs":[0.0,-1.40027,-1.40347]},"97s":{"weight":1.0,"played":[1.0,0.0,0.0],"evs":[0.0,-0.99949,-1.00155]},"98s":{"weight":1.0,"played":[1.0,0.0,0.0],"evs":[0.0,-0.57914,-0.58044]},"99":{"weight":1.0,"played":[0.0,0.8742,0.1258],"evs":[0.0,4.69956,4.69756]},"T9o":{"weight":1.0,"played":[1.0,0.0,0.0],"evs":[0.0,-1.35876,-1.36226]},"J9o":{"weight":1.0,"played":[1.0,0.0,0.0],"evs":[0.0,-1.38857,-1.39149]},"Q9o":{"weight":1.0,"played":[1.0,0.0,0.0],"evs":[0.0,-1.27523,-1.27534]},"K9o":{"weight":1.0,"played":[1.0,0.0,0.0],"evs":[0.0,-0.71263,-0.71349]},"A9o":{"weight":1.0,"played":[0.0,0.5969,0.4031],"evs":[0.0,2.12204,2.12297]},"T2s":{"weight":1.0,"played":[1.0,0.0,0.0],"evs":[0.0,-2.56014,-2.56002]},"T3s":{"weight":1.0,"played":[1.0,0.0,0.0],"evs":[0.0,-2.37856,-2.38153]},"T4s":{"weight":1.0,"played":[1.0,0.0,0.0],"evs":[0.0,-2.19628,-2.19534]},"T5s":{"weight":1.0,"played":[1.0,0.0,0.0],"evs":[0.0,-2.06245,-2.0634]},"T6s":{"weight":1.0,"played":[1.0,0.0,0.0],"evs":[0.0,-1.62675,-1.62837]},"T7s":{"weight":1.0,"played":[1.0,0.0,0.0],"evs":[0.0,-1.17867,-1.17885]},"T8s":{"weight":1.0,"played":[1.0,0.0,0.0],"evs":[0.0,-0.71799,-0.71937]},"T9s":{"weight":1.0,"played":[0.9994,3.0E-4,3.0E-4],"evs":[0.0,-0.31923,-0.32301]},"TT":{"weight":1.0,"played":[0.0,0.7568,0.2432],"evs":[0.0,6.10102,6.10067]},"JTo":{"weight":1.0,"played":[1.0,0.0,0.0],"evs":[0.0,-0.64446,-0.64532]},"QTo":{"weight":1.0,"played":[1.0,0.0,0.0],"evs":[0.0,-0.37028,-0.36894]},"KTo":{"weight":1.0,"played":[0.0,0.3069,0.6931],"evs":[0.0,0.34049,0.34047]},"ATo":{"weight":1.0,"played":[0.0,0.6768,0.3232],"evs":[0.0,3.65471,3.65455]},"J2s":{"weight":1.0,"played":[1.0,0.0,0.0],"evs":[0.0,-2.2846,-2.28645]},"J3s":{"weight":1.0,"played":[1.0,0.0,0.0],"evs":[0.0,-2.11437,-2.11469]},"J4s":{"weight":1.0,"played":[1.0,0.0,0.0],"evs":[0.0,-1.92026,-1.92054]},"J5s":{"weight":1.0,"played":[1.0,0.0,0.0],"evs":[0.0,-1.74694,-1.74748]},"J6s":{"weight":1.0,"played":[1.0,0.0,0.0],"evs":[0.0,-1.65327,-1.6567]},"J7s":{"weight":1.0,"played":[1.0,0.0,0.0],"evs":[0.0,-1.25362,-1.25388]},"J8s":{"weight":1.0,"played":[1.0,0.0,0.0],"evs":[0.0,-0.76835,-0.76985]},"J9s":{"weight":1.0,"played":[1.0,0.0,0.0],"evs":[0.0,-0.29496,-0.29562]},"JTs":{"weight":1.0,"played":[0.0,0.0509,0.9491],"evs":[0.0,0.34726,0.34983]},"JJ":{"weight":1.0,"played":[0.0,0.1912,0.8088],"evs":[0.0,7.39994,7.40409]},"QJo":{"weight":1.0,"played":[0.0,0.1685,0.8315],"evs":[0.0,0.19129,0.19317]},"KJo":{"weight":1.0,"played":[0.0,0.5299,0.4701],"evs":[0.0,0.97406,0.97442]},"AJo":{"weight":1.0,"played":[0.0,0.9339,0.0661],"evs":[0.0,4.5149,4.51381]},"Q2s":{"weight":1.0,"played":[1.0,0.0,0.0],"evs":[0.0,-1.88897,-1.88779]},"Q3s":{"weight":1.0,"played":[1.0,0.0,0.0],"evs":[0.0,-1.70685,-1.70585]},"Q4s":{"weight":1.0,"played":[1.0,0.0,0.0],"evs":[0.0,-1.53131,-1.53085]},"Q5s":{"weight":1.0,"played":[1.0,0.0,0.0],"evs":[0.0,-1.31473,-1.31183]},"Q6s":{"weight":1.0,"played":[1.0,0.0,0.0],"evs":[0.0,-1.13845,-1.13353]},"Q7s":{"weight":1.0,"played":[1.0,0.0,0.0],"evs":[0.0,-1.1273,-1.12446]},"Q8s":{"weight":1.0,"played":[1.0,0.0,0.0],"evs":[0.0,-0.70029,-0.69847]},"Q9s":{"weight":1.0,"played":[0.9991,4.0E-4,6.0E-4],"evs":[0.0,-0.18079,-0.17873]},"QTs":{"weight":1.0,"played":[0.0,0.3926,0.6074],"evs":[0.0,0.62542,0.62669]},"QJs":{"weight":1.0,"played":[0.0,0.3649,0.6351],"evs":[0.0,1.19671,1.19863]},"QQ":{"weight":1.0,"played":[0.0,0.3759,0.6241],"evs":[0.0,8.70516,8.70977]},"KQo":{"weight":1.0,"played":[0.0,0.3394,0.6606],"evs":[0.0,1.6125,1.61439]},"AQo":{"weight":1.0,"played":[0.0,0.4697,0.5303],"evs":[0.0,5.38457,5.38509]},"K2s":{"weight":1.0,"played":[1.0,0.0,0.0],"evs":[0.0,-1.2245,-1.22441]},"K3s":{"weight":1.0,"played":[1.0,0.0,0.0],"evs":[0.0,-0.99718,-0.99464]},"K4s":{"weight":1.0,"played":[1.0,0.0,0.0],"evs":[0.0,-0.86511,-0.86415]},"K5s":{"weight":1.0,"played":[1.0,0.0,0.0],"evs":[0.0,-0.68399,-0.68529]},"K6s":{"weight":1.0,"played":[1.0,0.0,0.0],"evs":[0.0,-0.50987,-0.51007]},"K7s":{"weight":1.0,"played":[1.0,0.0,0.0],"evs":[0.0,-0.34265,-0.3396]},"K8s":{"weight":1.0,"played":[0.9974,0.0014,0.0012],"evs":[0.0,-0.19421,-0.1948]},"K9s":{"weight":1.0,"played":[0.0,0.7705,0.2295],"evs":[0.0,0.36669,0.36445]},"KTs":{"weight":1.0,"played":[0.0,0.8073,0.1927],"evs":[0.0,1.37054,1.36786]},"KJs":{"weight":1.0,"played":[0.0,0.2719,0.7281],"evs":[0.0,1.89566,1.89539]},"KQs":{"weight":1.0,"played":[0.0,0.4767,0.5233],"evs":[0.0,2.51281,2.51466]},"KK":{"weight":1.0,"played":[0.0,0.2387,0.7613],"evs":[0.0,10.20281,10.20727]},"AKo":{"weight":1.0,"played":[0.0,0.0617,0.9383],"evs":[0.0,6.41672,6.41655]},"A2s":{"weight":1.0,"played":[0.0,0.8286,0.1714],"evs":[0.0,0.49536,0.49309]},"A3s":{"weight":1.0,"played":[0.0,0.3087,0.6913],"evs":[0.0,0.66831,0.67124]},"A4s":{"weight":1.0,"played":[0.0,0.2906,0.7094],"evs":[0.0,0.89918,0.90263]},"A5s":{"weight":1.0,"played":[0.0,0.5987,0.4013],"evs":[0.0,1.16176,1.16011]},"A6s":{"weight":1.0,"played":[0.0,0.0684,0.9316],"evs":[0.0,1.21603,1.21952]},"A7s":{"weight":1.0,"played":[0.0,0.1376,0.8624],"evs":[0.0,1.74784,1.74923]},"A8s":{"weight":1.0,"played":[0.0,0.7017,0.2983],"evs":[0.0,2.32204,2.31916]},"A9s":{"weight":1.0,"played":[0.0,0.0492,0.9508],"evs":[0.0,3.08466,3.08504]},"ATs":{"weight":1.0,"played":[0.0,0.4935,0.5065],"evs":[0.0,4.4732,4.4728]},"AJs":{"weight":1.0,"played":[0.0,0.6058,0.3942],"evs":[0.0,5.26928,5.26989]},"AQs":{"weight":1.0,"played":[0.0,0.4028,0.5972],"evs":[0.0,6.12181,6.12083]},"AKs":{"weight":1.0,"played":[0.0,0.0058,0.9942],"evs":[0.0,7.04304,7.04349]},"AA":{"weight":1.0,"played":[0.0,0.3145,0.6855],"evs":[0.0,13.8828,13.88242]}}}