{"player":5,"street":0,"children":3,"sequence":[{"player":0,"type":"F","amount":0,"street":0},{"player":1,"type":"F","amount":0,"street":0},{"player":2,"type":"R","amount":1195000,"street":0},{"player":3,"type":"F","amount":0,"street":0},{"player":4,"type":"C","amount":1145000,"street":0}],"actions":[{"type":"F","amount":0},{"type":"C","amount":1095000},{"type":"R","amount":1875000,"node":59}],"hands":{"22":{"weight":1.0,"played":[1.0E-4,0.0068,0.9931],"evs":[0.0,0.61907,0.62085]},"32o":{"weight":1.0,"played":[1.0,0.0,0.0],"evs":[0.0,-3.39187,-3.38981]},"42o":{"weight":1.0,"played":[1.0,0.0,0.0],"evs":[0.0,-3.11066,-3.1085]},"52o":{"weight":1.0,"played":[1.0,0.0,0.0],"evs":[0.0,-2.85106,-2.84941]},"62o":{"weight":1.0,"played":[1.0,0.0,0.0],"evs":[0.0,-3.24628,-3.2454]},"72o":{"weight":1.0,"played":[1.0,0.0,0.0],"evs":[0.0,-3.65306,-3.65213]},"82o":{"weight":1.0,"played":[1.0,0.0,0.0],"evs":[0.0,-3.29633,-3.29467]},"92o":{"weight":1.0,"played":[1.0,0.0,0.0],"evs":[0.0,-3.1843,-3.18336]},"T2o":{"weight":1.0,"played":[1.0,0.0,0.0],"evs":[0.0,-3.07158,-3.07021]},"J2o":{"weight":1.0,"played":[1.0,0.0,0.0],"evs":[0.0,-2.81228,-2.80917]},"Q2o":{"weight":1.0,"played":[1.0,0.0,0.0],"evs":[0.0,-2.42707,-2.42522]},"K2o":{"weight":1.0,"played":[1.0,0.0,0.0],"evs":[0.0,-2.10929,-2.10693]},"A2o":{"weight":1.0,"played":[1.0,0.0,0.0],"evs":[0.0,-1.95801,-1.95666]},"32s":{"weight":1.0,"played":[0.9999,0.0,0.0],"evs":[0.0,-1.72011,-1.7189]},"33":{"weight":1.0,"played":[0.0,1.0E-4,0.9999],"evs":[0.0,1.34876,1.35088]},"43o":{"weight":1.0,"played":[1.0,0.0,0.0],"evs":[0.0,-2.31801,-2.31621]},"53o":{"weight":1.0,"played":[1.0,0.0,0.0],"evs":[0.0,-2.12425,-2.12186]},"63o":{"weight":1.0,"played":[1.0,0.0,0.0],"evs":[0.0,-2.45105,-2.44909]},"73o":{"weight":1.0,"played":[1.0,0.0,0.0],"evs":[0.0,-2.78671,-2.78496]},"83o":{"weight":1.0,"played":[1.0,0.0,0.0],"evs":[0.0,-3.02661,-3.02506]},"93o":{"weight":1.0,"played":[1.0,0.0,0.0],"evs":[0.0,-2.83451,-2.83251]},"T3o":{"weight":1.0,"played":[1.0,0.0,0.0],"evs":[0.0,-2.67211,-2.67125]},"J3o":{"weight":1.0,"played":[1.0,0.0,0.0],"evs":[0.0,-2.59637,-2.59328]},"Q3o":{"weight":1.0,"played":[1.0,0.0,0.0],"evs":[0.0,-2.07489,-2.07191]},"K3o":{"weight":1.0,"played":[1.0,0.0,0.0],"evs":[0.0,-1.83164,-1.82929]},"A3o":{"weight":1.0,"played":[1.0,0.0,0.0],"evs":[0.0,-1.63673,-1.63505]},"42s":{"weight":1.0,"played":[1.0,0.0,0.0],"evs":[0.0,-1.46823,-1.46655]},"43s":{"weight":1.0,"played":[1.0,0.0,0.0],"evs":[0.0,-0.74787,-0.74379]},"44":{"weight":1.0,"played":[0.0,7.0E-4,0.9993],"evs":[0.0,1.96653,1.97243]},"54o":{"weight":1.0,"played":[1.0,0.0,0.0],"evs":[0.0,-1.37259,-1.37106]},"64o":{"weight":1.0,"played":[1.0,0.0,0.0],"evs":[0.0,-1.71253,-1.70994]},"74o":{"weight":1.0,"played":[1.0,0.0,0.0],"evs":[0.0,-2.0933,-2.09159]},"84o":{"weight":1.0,"played":[1.0,0.0,0.0],"evs":[0.0,-2.28758,-2.28604]},"94o":{"weight":1.0,"played":[1.0,0.0,0.0],"evs":[0.0,-2.74542,-2.74394]},"T4o":{"weight":1.0,"played":[1.0,0.0,0.0],"evs":[0.0,-2.49905,-2.49686]},"J4o":{"weight":1.0,"played":[1.0,0.0,0.0],"evs":[0.0,-2.28609,-2.28377]},"Q4o":{"weight":1.0,"played":[1.0,0.0,0.0],"evs":[0.0,-1.78414,-1.78256]},"K4o":{"weight":1.0,"played":[1.0,0.0,0.0],"evs":[0.0,-1.46934,-1.46766]},"A4o":{"weight":1.0,"played":[1.0,0.0,0.0],"evs":[0.0,-1.25487,-1.25311]},"52s":{"weight":1.0,"played":[1.0,0.0,0.0],"evs":[0.0,-1.3141,-1.31163]},"53s":{"weight":1.0,"played":[1.0,0.0,0.0],"evs":[0.0,-0.54314,-0.53973]},"54s":{"weight":1.0,"played":[2.0E-4,0.0117,0.9881],"evs":[0.0,0.17798,0.1796]},"55":{"weight":1.0,"played":[0.0,0.0,1.0],"evs":[0.0,2.6242,2.62623]},"65o":{"weight":1.0,"played":[1.0,0.0,0.0],"evs":[0.0,-1.11649,-1.11535]},"75o":{"weight":1.0,"played":[1.0,0.0,0.0],"evs":[0.0,-1.40254,-1.40111]},"85o":{"weight":1.0,"played":[1.0,0.0,0.0],"evs":[0.0,-1.68931,-1.68744]},"95o":{"weight":1.0,"played":[1.0,0.0,0.0],"evs":[0.0,-2.04381,-2.04216]},"T5o":{"weight":1.0,"played":[1.0,0.0,0.0],"evs":[0.0,-2.44817,-2.44651]},"J5o":{"weight":1.0,"played":[1.0,0.0,0.0],"evs":[0.0,-2.06579,-2.06408]},"Q5o":{"weight":1.0,"played":[1.0,0.0,0.0],"evs":[0.0,-1.64532,-1.64348]},"K5o":{"weight":1.0,"played":[1.0,0.0,0.0],"evs":[0.0,-1.35978,-1.35689]},"A5o":{"weight":1.0,"played":[1.0,0.0,0.0],"evs":[0.0,-1.0117,-1.0114]},"62s":{"weight":1.0,"played":[1.0,0.0,0.0],"evs":[0.0,-1.55301,-1.5493]},"63s":{"weight":1.0,"played":[0.9999,0.0,1.0E-4],"evs":[0.0,-0.79319,-0.79015]},"64s":{"weight":1.0,"played":[0.6454,0.1714,0.1832],"evs":[0.0,-0.1606,-0.1582]},"65s":{"weight":1.0,"played":[0.0,0.0228,0.9772],"evs":[0.0,0.32631,0.32771]},"66":{"weight":1.0,"played":[0.0,0.0,1.0],"evs":[0.0,3.34594,3.3515]},"76o":{"weight":1.0,"played":[1.0,0.0,0.0],"evs":[0.0,-0.78383,-0.78216]},"86o":{"weight":1.0,"played":[1.0,0.0,0.0],"evs":[0.0,-1.0749,-1.074]},"96o":{"weight":1.0,"played":[1.0,0.0,0.0],"evs":[0.0,-1.35164,-1.34896]},"T6o":{"weight":1.0,"played":[1.0,0.0,0.0],"evs":[0.0,-1.76547,-1.76208]},"J6o":{"weight":1.0,"played":[1.0,0.0,0.0],"evs":[0.0,-1.90776,-1.90576]},"Q6o":{"weight":1.0,"played":[1.0,0.0,0.0],"evs":[0.0,-1.35304,-1.35234]},"K6o":{"weight":1.0,"played":[1.0,0.0,0.0],"evs":[0.0,-1.12681,-1.1244]},"A6o":{"weight":1.0,"played":[1.0,0.0,0.0],"evs":[0.0,-1.04119,-1.03969]},"72s":{"weight":1.0,"played":[1.0,0.0,0.0],"evs":[0.0,-1.8704,-1.86879]},"73s":{"weight":1.0,"played":[1.0,0.0,0.0],"evs":[0.0,-1.23187,-1.22769]},"74s":{"weight":1.0,"played":[0.9998,1.0E-4,1.0E-4],"evs":[0.0,-0.58026,-0.5773]},"75s":{"weight":1.0,"played":[0.0893,0.4349,0.4758],"evs":[0.0,0.08658,0.08694]},"76s":{"weight":1.0,"played":[0.0,0.0168,0.9832],"evs":[0.0,0.66993,0.67226]},"77":{"weight":1.0,"played":[0.0,0.0053,0.9947],"evs":[0.0,4.35979,4.3631]},"87o":{"weight":1.0,"played":[1.0,0.0,0.0],"evs":[0.0,-0.56034,-0.55833]},"97o":{"weight":1.0,"played":[1.0,0.0,0.0],"evs":[0.0,-0.76631,-0.76381]},"T7o":{"weight":1.0,"played":[1.0,0.0,0.0],"evs":[0.0,-1.1048,-1.10305]},"J7o":{"weight":1.0,"played":[1.0,0.0,0.0],"evs":[0.0,-1.30426,-1.30189]},"Q7o":{"weight":1.0,"played":[1.0,0.0,0.0],"evs":[0.0,-1.25262,-1.25102]},"K7o":{"weight":1.0,"played":[1.0,0.0,0.0],"evs":[0.0,-0.96469,-0.96339]},"A7o":{"weight":1.0,"played":[0.9053,5.0E-4,0.0942],"evs":[0.0,-0.4511,-0.44805]},"82s":{"weight":1.0,"played":[1.0,0.0,0.0],"evs":[0.0,-1.64356,-1.63967]},"83s":{"weight":1.0,"played":[1.0,0.0,0.0],"evs":[0.0,-1.38635,-1.38653]},"84s":{"weight":1.0,"played":[0.9999,0.0,1.0E-4],"evs":[0.0,-0.69419,-0.69203]},"85s":{"weight":1.0,"played":[0.5893,0.1955,0.2152],"evs":[0.0,-0.08475,-0.08193]},"86s":{"weight":1.0,"played":[0.0,0.0042,0.9957],"evs":[0.0,0.3584,0.36239]},"87s":{"weight":1.0,"played":[0.0,0.0037,0.9963],"evs":[0.0,0.99611,0.99624]},"88":{"weight":1.0,"played":[0.0,0.003,0.997],"evs":[0.0,5.38545,5.38761]},"98o":{"weight":1.0,"played":[0.9853,0.006,0.0087],"evs":[0.0,-0.20658,-0.2023]},"T8o":{"weight":1.0,"played":[1.0,0.0,0.0],"evs":[0.0,-0.43044,-0.42875]},"J8o":{"weight":1.0,"played":[1.0,0.0,0.0],"evs":[0.0,-0.64814,-0.64616]},"Q8o":{"weight":1.0,"played":[1.0,0.0,0.0],"evs":[0.0,-0.74232,-0.74002]},"K8o":{"weight":1.0,"played":[1.0,0.0,0.0],"evs":[0.0,-0.73135,-0.72908]},"A8o":{"weight":1.0,"played":[3.0E-4,0.013,0.9867],"evs":[0.0,0.28052,0.28168]},"92s":{"weight":1.0,"played":[1.0,0.0,0.0],"evs":[0.0,-1.58045,-1.57603]},"93s":{"weight":1.0,"played":[1.0,0.0,0.0],"evs":[0.0,-1.26893,-1.26612]},"94s":{"weight":1.0,"played":[1.0,0.0,0.0],"evs":[0.0,-1.04623,-1.04611]},"95s":{"weight":1.0,"played":[1.0,0.0,0.0],"evs":[0.0,-0.42696,-0.42513]},"96s":{"weight":1.0,"played":[0.003,0.4277,0.5693],"evs":[0.0,0.17332,0.17607]},"97s":{"weight":1.0,"played":[0.0,9.0E-4,0.9991],"evs":[0.0,0.72342,0.72596]},"98s":{"weight":1.0,"played":[0.0,4.0E-4,0.9996],"evs":[0.0,1.27228,1.27554]},"99":{"weight":1.0,"played":[0.0,0.1276,0.8724],"evs":[0.0,6.59693,6.59924]},"T9o":{"weight":1.0,"played":[0.0033,0.2306,0.7661],"evs":[0.0,0.20318,0.20466]},"J9o":{"weight":1.0,"played":[0.8604,0.0602,0.0794],"evs":[0.0,-0.04488,-0.04246]},"Q9o":{"weight":1.0,"played":[0.9811,0.0063,0.0126],"evs":[0.0,-0.08447,-0.08222]},"K9o":{"weight":1.0,"played":[0.9957,0.0016,0.0027],"evs":[0.0,-0.02454,-0.02225]},"A9o":{"weight":1.0,"played":[0.0,2.0E-4,0.9998],"evs":[0.0,1.1893,1.1917]},"T2s":{"weight":1.0,"played":[1.0,0.0,0.0],"evs":[0.0,-1.29458,-1.29109]},"T3s":{"weight":1.0,"played":[1.0,0.0,0.0],"evs":[0.0,-1.01768,-1.01657]},"T4s":{"weight":1.0,"played":[1.0,0.0,0.0],"evs":[0.0,-0.91814,-0.91745]},"T5s":{"weight":1.0,"played":[0.9998,1.0E-4,1.0E-4],"evs":[0.0,-0.71813,-0.71509]},"T6s":{"weight":1.0,"played":[0.9642,0.0165,0.0193],"evs":[0.0,-0.06362,-0.06299]},"T7s":{"weight":1.0,"played":[0.0,0.0665,0.9335],"evs":[0.0,0.4227,0.42607]},"T8s":{"weight":1.0,"played":[0.0,0.0032,0.9967],"evs":[0.0,0.99971,1.00272]},"T9s":{"weight":1.0,"played":[0.0,0.0,1.0],"evs":[0.0,1.72003,1.72196]},"TT":{"weight":1.0,"played":[0.0,0.0,1.0],"evs":[0.0,8.91253,8.9165]},"JTo":{"weight":1.0,"played":[0.0,0.0,1.0],"evs":[0.0,0.73081,0.73303]},"QTo":{"weight":1.0,"played":[0.0,0.0,1.0],"evs":[0.0,0.85273,0.85538]},"KTo":{"weight":1.0,"played":[0.0,0.0,1.0],"evs":[0.0,1.10735,1.1117]},"ATo":{"weight":1.0,"played":[0.0,0.0,1.0],"evs":[0.0,3.13638,3.14041]},"J2s":{"weight":1.0,"played":[1.0,0.0,0.0],"evs":[0.0,-1.27447,-1.27127]},"J3s":{"weight":1.0,"played":[1.0,0.0,0.0],"evs":[0.0,-0.86655,-0.86403]},"J4s":{"weight":1.0,"played":[0.9999,0.0,1.0E-4],"evs":[0.0,-0.70547,-0.70308]},"J5s":{"weight":1.0,"played":[1.0,0.0,0.0],"evs":[0.0,-0.42104,-0.42097]},"J6s":{"weight":1.0,"played":[0.9999,0.0,0.0],"evs":[0.0,-0.3589,-0.35555]},"J7s":{"weight":1.0,"played":[0.1956,0.3712,0.4333],"evs":[0.0,0.1489,0.1503]},"J8s":{"weight":1.0,"played":[1.0E-4,0.0045,0.9954],"evs":[0.0,0.69914,0.70254]},"J9s":{"weight":1.0,"played":[0.0,2.0E-4,0.9998],"evs":[0.0,1.40559,1.40774]},"JTs":{"weight":1.0,"played":[0.0,0.0,1.0],"evs":[0.0,2.08112,2.08281]},"JJ":{"weight":1.0,"played":[0.0,0.0,1.0],"evs":[0.0,10.6241,10.62793]},"QJo":{"weight":1.0,"played":[0.0,0.0,1.0],"evs":[0.0,1.23509,1.23875]},"KJo":{"weight":1.0,"played":[0.0,2.0E-4,0.9998],"evs":[0.0,1.71553,1.71863]},"AJo":{"weight":1.0,"played":[0.0,6.0E-4,0.9994],"evs":[0.0,4.48345,4.48786]},"Q2s":{"weight":1.0,"played":[1.0,0.0,0.0],"evs":[0.0,-0.78995,-0.78931]},"Q3s":{"weight":1.0,"played":[1.0,0.0,0.0],"evs":[0.0,-0.48867,-0.48527]},"Q4s":{"weight":1.0,"played":[0.9816,0.0083,0.0101],"evs":[0.0,-0.13083,-0.13001]},"Q5s":{"weight":1.0,"played":[0.8866,0.0533,0.0601],"evs":[0.0,-0.0458,-0.04294]},"Q6s":{"weight":1.0,"played":[0.7699,0.0856,0.1445],"evs":[0.0,0.13281,0.13595]},"Q7s":{"weight":1.0,"played":[0.0045,0.3231,0.6725],"evs":[0.0,0.2929,0.29502]},"Q8s":{"weight":1.0,"played":[7.0E-4,0.0281,0.9713],"evs":[0.0,0.71803,0.71995]},"Q9s":{"weight":1.0,"played":[0.0,0.0094,0.9906],"evs":[0.0,1.48053,1.48496]},"QTs":{"weight":1.0,"played":[0.0,0.0094,0.9906],"evs":[0.0,2.25994,2.26551]},"QJs":{"weight":1.0,"played":[0.0,0.0042,0.9958],"evs":[0.0,2.57321,2.57505]},"QQ":{"weight":1.0,"played":[0.0,1.0E-4,0.9999],"evs":[0.0,12.72091,12.72787]},"KQo":{"weight":1.0,"played":[0.0,0.0,1.0],"evs":[0.0,2.75695,2.76009]},"AQo":{"weight":1.0,"played":[0.0,0.0,1.0],"evs":[0.0,6.07774,6.08085]},"K2s":{"weight":1.0,"played":[0.9957,0.0019,0.0024],"evs":[0.0,-0.43722,-0.4361]},"K3s":{"weight":1.0,"played":[0.9906,0.004,0.0054],"evs":[0.0,-0.07897,-0.07923]},"K4s":{"weight":1.0,"played":[0.5917,0.1979,0.2105],"evs":[0.0,0.06725,0.06858]},"K5s":{"weight":1.0,"played":[0.0862,0.4047,0.5092],"evs":[0.0,0.32329,0.32561]},"K6s":{"weight":1.0,"played":[6.0E-4,0.0109,0.9885],"evs":[0.0,0.59574,0.59822]},"K7s":{"weight":1.0,"played":[0.0,0.0015,0.9985],"evs":[0.0,0.68525,0.68894]},"K8s":{"weight":1.0,"played":[8.0E-4,0.0727,0.9265],"evs":[0.0,0.90256,0.90686]},"K9s":{"weight":1.0,"played":[0.0,0.0122,0.9878],"evs":[0.0,1.48581,1.48775]},"KTs":{"weight":1.0,"played":[0.0,5.0E-4,0.9995],"evs":[0.0,2.57723,2.5802]},"KJs":{"weight":1.0,"played":[0.0,5.0E-4,0.9995],"evs":[0.0,3.16274,3.16551]},"KQs":{"weight":1.0,"played":[0.0,0.0,1.0],"evs":[0.0,4.08264,4.08855]},"KK":{"weight":1.0,"played":[0.0,0.0,1.0],"evs":[0.0,14.7069,14.71064]},"AKo":{"weight":1.0,"played":[0.0,0.0,1.0],"evs":[0.0,7.57424,7.5801]},"A2s":{"weight":1.0,"played":[0.8038,0.0029,0.1933],"evs":[0.0,-0.2972,-0.29537]},"A3s":{"weight":1.0,"played":[0.0042,0.0909,0.9049],"evs":[0.0,0.09398,0.09811]},"A4s":{"weight":1.0,"played":[0.0,0.0016,0.9983],"evs":[0.0,0.23951,0.2419]},"A5s":{"weight":1.0,"played":[0.0,6.0E-4,0.9994],"evs":[0.0,0.59462,0.59844]},"A6s":{"weight":1.0,"played":[0.0,9.0E-4,0.9991],"evs":[0.0,0.25478,0.25687]},"A7s":{"weight":1.0,"played":[0.0,0.9195,0.0805],"evs":[0.0,1.10175,1.10052]},"A8s":{"weight":1.0,"played":[0.0,4.0E-4,0.9996],"evs":[0.0,1.84242,1.84457]},"A9s":{"weight":1.0,"played":[0.0,3.0E-4,0.9997],"evs":[0.0,2.63853,2.63976]},"ATs":{"weight":1.0,"played":[0.0,0.0,1.0],"evs":[0.0,4.41505,4.41876]},"AJs":{"weight":1.0,"played":[0.0,0.0,1.0],"evs":[0.0,5.84075,5.84383]},"AQs":{"weight":1.0,"played":[0.0,0.0,1.0],"evs":[0.0,7.37056,7.37736]},"AKs":{"weight":1.0,"played":[0.0,0.0046,0.9954],"evs":[0.0,8.55505,8.5586]},"AA":{"weight":1.0,"played":[0.0,0.0,1.0],"evs":[0.0,19.80902,19.81368]}}}