{"player":5,"street":0,"children":3,"sequence":[{"player":0,"type":"F","amount":0,"street":0},{"player":1,"type":"R","amount":200000,"street":0},{"player":2,"type":"F","amount":0,"street":0},{"player":3,"type":"F","amount":0,"street":0},{"player":4,"type":"F","amount":0,"street":0}],"actions":[{"type":"F","amount":0},{"type":"C","amount":100000},{"type":"R","amount":1875000,"node":70}],"hands":{"22":{"weight":1.0,"played":[0.0,0.9999,1.0E-4],"evs":[0.0,0.46822,-0.39401]},"32o":{"weight":1.0,"played":[1.0,0.0,0.0],"evs":[0.0,-0.27347,-2.03848]},"42o":{"weight":1.0,"played":[1.0,0.0,0.0],"evs":[0.0,-0.23292,-1.9458]},"52o":{"weight":1.0,"played":[1.0,0.0,0.0],"evs":[0.0,-0.2053,-1.83485]},"62o":{"weight":1.0,"played":[1.0,0.0,0.0],"evs":[0.0,-0.37534,-2.21856]},"72o":{"weight":1.0,"played":[1.0,0.0,0.0],"evs":[0.0,-0.4799,-2.56069]},"82o":{"weight":1.0,"played":[1.0,0.0,0.0],"evs":[0.0,-0.41627,-2.24861]},"92o":{"weight":1.0,"played":[1.0,0.0,0.0],"evs":[0.0,-0.43566,-2.23703]},"T2o":{"weight":1.0,"played":[1.0,0.0,0.0],"evs":[0.0,-0.4429,-2.31123]},"J2o":{"weight":1.0,"played":[1.0,0.0,0.0],"evs":[0.0,-0.39346,-2.14108]},"Q2o":{"weight":1.0,"played":[1.0,0.0,0.0],"evs":[0.0,-0.28918,-1.51688]},"K2o":{"weight":1.0,"played":[0.9999,1.0E-4,0.0],"evs":[0.0,-0.14339,-0.71098]},"A2o":{"weight":1.0,"played":[0.0,0.9734,0.0266],"evs":[0.0,0.38775,0.2902]},"32s":{"weight":1.0,"played":[0.004,0.996,0.0],"evs":[0.0,0.09214,-1.43309]},"33":{"weight":1.0,"played":[0.0,0.9993,7.0E-4],"evs":[0.0,0.57224,0.14172]},"43o":{"weight":1.0,"played":[0.9962,0.0038,0.0],"evs":[0.0,-0.0185,-1.40271]},"53o":{"weight":1.0,"played":[0.8635,0.1365,0.0],"evs":[0.0,0.00227,-1.34299]},"63o":{"weight":1.0,"played":[1.0,0.0,0.0],"evs":[0.0,-0.15412,-1.71274]},"73o":{"weight":1.0,"played":[1.0,0.0,0.0],"evs":[0.0,-0.26775,-1.97687]},"83o":{"weight":1.0,"played":[1.0,0.0,0.0],"evs":[0.0,-0.30215,-1.97924]},"93o":{"weight":1.0,"played":[1.0,0.0,0.0],"evs":[0.0,-0.31503,-1.95088]},"T3o":{"weight":1.0,"played":[1.0,0.0,0.0],"evs":[0.0,-0.30348,-1.94482]},"J3o":{"weight":1.0,"played":[1.0,0.0,0.0],"evs":[0.0,-0.24458,-1.80101]},"Q3o":{"weight":1.0,"played":[1.0,0.0,0.0],"evs":[0.0,-0.16842,-1.2603]},"K3o":{"weight":1.0,"played":[0.9995,5.0E-4,0.0],"evs":[0.0,-0.02931,-0.4644]},"A3o":{"weight":1.0,"played":[0.0,0.4032,0.5968],"evs":[0.0,0.48397,0.48282]},"42s":{"weight":1.0,"played":[0.0,1.0,0.0],"evs":[0.0,0.15428,-1.2708]},"43s":{"weight":1.0,"played":[2.0E-4,0.9998,0.0],"evs":[0.0,0.31798,-0.93039]},"44":{"weight":1.0,"played":[0.0,0.9982,0.0018],"evs":[0.0,0.72561,0.51015]},"54o":{"weight":1.0,"played":[0.0,1.0,0.0],"evs":[0.0,0.12187,-1.06149]},"64o":{"weight":1.0,"played":[0.7574,0.2426,0.0],"evs":[0.0,-0.00326,-1.39495]},"74o":{"weight":1.0,"played":[1.0,0.0,0.0],"evs":[0.0,-0.13297,-1.68638]},"84o":{"weight":1.0,"played":[1.0,0.0,0.0],"evs":[0.0,-0.20016,-1.68545]},"94o":{"weight":1.0,"played":[1.0,0.0,0.0],"evs":[0.0,-0.29558,-1.88204]},"T4o":{"weight":1.0,"played":[1.0,0.0,0.0],"evs":[0.0,-0.28239,-1.82254]},"J4o":{"weight":1.0,"played":[1.0,0.0,0.0],"evs":[0.0,-0.23539,-1.67394]},"Q4o":{"weight":1.0,"played":[1.0,0.0,0.0],"evs":[0.0,-0.13722,-1.13933]},"K4o":{"weight":1.0,"played":[7.0E-4,0.9993,0.0],"evs":[0.0,0.03839,-0.36208]},"A4o":{"weight":1.0,"played":[0.0,0.3019,0.6981],"evs":[0.0,0.56323,0.58448]},"52s":{"weight":1.0,"played":[2.0E-4,0.9998,0.0],"evs":[0.0,0.2059,-1.16688]},"53s":{"weight":1.0,"played":[0.0,1.0,0.0],"evs":[0.0,0.40402,-0.68659]},"54s":{"weight":1.0,"played":[1.0E-4,0.9999,0.0],"evs":[0.0,0.5401,-0.48626]},"55":{"weight":1.0,"played":[0.0,0.9899,0.0101],"evs":[0.0,0.78522,0.62256]},"65o":{"weight":1.0,"played":[2.0E-4,0.9998,0.0],"evs":[0.0,0.10467,-1.10054]},"75o":{"weight":1.0,"played":[0.0922,0.9078,0.0],"evs":[0.0,0.00719,-1.40454]},"85o":{"weight":1.0,"played":[0.9912,0.0088,0.0],"evs":[0.0,-0.05638,-1.43324]},"95o":{"weight":1.0,"played":[1.0,0.0,0.0],"evs":[0.0,-0.22295,-1.611]},"T5o":{"weight":1.0,"played":[1.0,0.0,0.0],"evs":[0.0,-0.25606,-1.76979]},"J5o":{"weight":1.0,"played":[1.0,0.0,0.0],"evs":[0.0,-0.18637,-1.56586]},"Q5o":{"weight":1.0,"played":[0.9999,1.0E-4,0.0],"evs":[0.0,-0.09139,-0.97778]},"K5o":{"weight":1.0,"played":[7.0E-4,0.9993,0.0],"evs":[0.0,0.05167,-0.27649]},"A5o":{"weight":1.0,"played":[0.0,0.0843,0.9157],"evs":[0.0,0.60101,0.66741]},"62s":{"weight":1.0,"played":[1.0E-4,0.9999,0.0],"evs":[0.0,0.00478,-1.5674]},"63s":{"weight":1.0,"played":[2.0E-4,0.9998,0.0],"evs":[0.0,0.25633,-1.09784]},"64s":{"weight":1.0,"played":[0.0,1.0,0.0],"evs":[0.0,0.38169,-0.74855]},"65s":{"weight":1.0,"played":[0.0,1.0,0.0],"evs":[0.0,0.55905,-0.60449]},"66":{"weight":1.0,"played":[0.0,0.9993,7.0E-4],"evs":[0.0,0.81543,0.58531]},"76o":{"weight":1.0,"played":[4.0E-4,0.9996,0.0],"evs":[0.0,0.06313,-1.30069]},"86o":{"weight":1.0,"played":[0.5208,0.4792,0.0],"evs":[0.0,-0.01517,-1.27823]},"96o":{"weight":1.0,"played":[1.0,0.0,0.0],"evs":[0.0,-0.16426,-1.50691]},"T6o":{"weight":1.0,"played":[1.0,0.0,0.0],"evs":[0.0,-0.24356,-1.69652]},"J6o":{"weight":1.0,"played":[1.0,0.0,0.0],"evs":[0.0,-0.25939,-1.74556]},"Q6o":{"weight":1.0,"played":[0.9999,1.0E-4,0.0],"evs":[0.0,-0.1376,-1.1222]},"K6o":{"weight":1.0,"played":[0.9146,0.0854,0.0],"evs":[0.0,-0.00499,-0.31917]},"A6o":{"weight":1.0,"played":[0.0,0.9995,5.0E-4],"evs":[0.0,0.47087,0.42661]},"72s":{"weight":1.0,"played":[0.9983,0.0017,0.0],"evs":[0.0,-0.10682,-1.94034]},"73s":{"weight":1.0,"played":[5.0E-4,0.9995,0.0],"evs":[0.0,0.11398,-1.36069]},"74s":{"weight":1.0,"played":[7.0E-4,0.9993,0.0],"evs":[0.0,0.34068,-1.03284]},"75s":{"weight":1.0,"played":[1.0E-4,0.9999,0.0],"evs":[0.0,0.4403,-0.73042]},"76s":{"weight":1.0,"played":[0.0,1.0,0.0],"evs":[0.0,0.49187,-0.73693]},"77":{"weight":1.0,"played":[0.0,0.9994,6.0E-4],"evs":[0.0,0.80447,0.48643]},"87o":{"weight":1.0,"played":[0.0,1.0,0.0],"evs":[0.0,0.0708,-1.1585]},"97o":{"weight":1.0,"played":[0.8889,0.1111,0.0],"evs":[0.0,-0.01761,-1.32996]},"T7o":{"weight":1.0,"played":[0.9992,8.0E-4,0.0],"evs":[0.0,-0.08889,-1.50599]},"J7o":{"weight":1.0,"played":[0.9998,2.0E-4,0.0],"evs":[0.0,-0.1416,-1.62732]},"Q7o":{"weight":1.0,"played":[0.9924,0.0076,0.0],"evs":[0.0,-0.08211,-1.19635]},"K7o":{"weight":1.0,"played":[4.0E-4,0.9996,0.0],"evs":[0.0,0.07538,-0.36055]},"A7o":{"weight":1.0,"played":[0.0,0.9999,1.0E-4],"evs":[0.0,0.63,0.50834]},"82s":{"weight":1.0,"played":[0.5306,0.4694,0.0],"evs":[0.0,-0.02803,-1.63557]},"83s":{"weight":1.0,"played":[0.0357,0.9643,0.0],"evs":[0.0,0.10034,-1.33524]},"84s":{"weight":1.0,"played":[1.0E-4,0.9999,0.0],"evs":[0.0,0.21975,-1.04143]},"85s":{"weight":1.0,"played":[1.0E-4,0.9999,0.0],"evs":[0.0,0.35378,-0.80072]},"86s":{"weight":1.0,"played":[0.0,1.0,0.0],"evs":[0.0,0.42967,-0.66332]},"87s":{"weight":1.0,"played":[0.0,1.0,0.0],"evs":[0.0,0.50812,-0.52434]},"88":{"weight":1.0,"played":[0.0,0.886,0.114],"evs":[0.0,1.05957,0.99973]},"98o":{"weight":1.0,"played":[0.0044,0.9956,0.0],"evs":[0.0,0.08929,-1.00234]},"T8o":{"weight":1.0,"played":[0.0018,0.9982,0.0],"evs":[0.0,0.08247,-1.23417]},"J8o":{"weight":1.0,"played":[0.1153,0.8847,0.0],"evs":[0.0,0.00806,-1.27527]},"Q8o":{"weight":1.0,"played":[0.194,0.806,0.0],"evs":[0.0,7.8E-4,-0.84686]},"K8o":{"weight":1.0,"played":[0.0,1.0,0.0],"evs":[0.0,0.10085,-0.26348]},"A8o":{"weight":1.0,"played":[0.0,0.0663,0.9337],"evs":[0.0,0.81306,0.85092]},"92s":{"weight":1.0,"played":[1.0,0.0,0.0],"evs":[0.0,-0.11277,-1.58049]},"93s":{"weight":1.0,"played":[0.0125,0.9875,0.0],"evs":[0.0,0.06418,-1.35391]},"94s":{"weight":1.0,"played":[1.0E-4,0.9999,0.0],"evs":[0.0,0.07468,-1.26042]},"95s":{"weight":1.0,"played":[2.0E-4,0.9998,0.0],"evs":[0.0,0.20859,-0.95655]},"96s":{"weight":1.0,"played":[1.0E-4,0.9999,0.0],"evs":[0.0,0.26753,-0.73599]},"97s":{"weight":1.0,"played":[0.0,1.0,0.0],"evs":[0.0,0.40311,-0.73088]},"98s":{"weight":1.0,"played":[1.0E-4,0.9999,0.0],"evs":[0.0,0.52692,-0.41122]},"99":{"weight":1.0,"played":[0.0,0.6396,0.3604],"evs":[0.0,1.04494,1.05449]},"T9o":{"weight":1.0,"played":[0.0019,0.9981,0.0],"evs":[0.0,0.17472,-1.03586]},"J9o":{"weight":1.0,"played":[0.0,1.0,0.0],"evs":[0.0,0.10954,-1.18547]},"Q9o":{"weight":1.0,"played":[0.0,1.0,0.0],"evs":[0.0,0.10074,-0.7074]},"K9o":{"weight":1.0,"played":[0.0,1.0,0.0],"evs":[0.0,0.26432,-0.11584]},"A9o":{"weight":1.0,"played":[0.0,0.8023,0.1977],"evs":[0.0,1.00409,0.97732]},"T2s":{"weight":1.0,"played":[0.8176,0.1824,0.0],"evs":[0.0,-0.00341,-1.54537]},"T3s":{"weight":1.0,"played":[0.0623,0.9377,0.0],"evs":[0.0,0.10329,-1.22424]},"T4s":{"weight":1.0,"played":[1.0E-4,0.9999,0.0],"evs":[0.0,0.14808,-1.23681]},"T5s":{"weight":1.0,"played":[1.0E-4,0.9999,0.0],"evs":[0.0,0.17071,-1.14172]},"T6s":{"weight":1.0,"played":[1.0E-4,0.9999,0.0],"evs":[0.0,0.18495,-1.03047]},"T7s":{"weight":1.0,"played":[1.0E-4,0.9999,0.0],"evs":[0.0,0.365,-0.75078]},"T8s":{"weight":1.0,"played":[0.0,1.0,0.0],"evs":[0.0,0.47272,-0.66012]},"T9s":{"weight":1.0,"played":[0.0,1.0,0.0],"evs":[0.0,0.64748,-0.46576]},"TT":{"weight":1.0,"played":[0.0,0.9799,0.0201],"evs":[0.0,1.38906,1.31457]},"JTo":{"weight":1.0,"played":[0.0,1.0,0.0],"evs":[0.0,0.33414,-0.76923]},"QTo":{"weight":1.0,"played":[0.0,1.0,0.0],"evs":[0.0,0.39793,-0.35979]},"KTo":{"weight":1.0,"played":[0.0,1.0,0.0],"evs":[0.0,0.56433,0.3435]},"ATo":{"weight":1.0,"played":[0.0,0.0095,0.9905],"evs":[0.0,1.42643,1.43664]},"J2s":{"weight":1.0,"played":[0.0,1.0,0.0],"evs":[0.0,0.0384,-1.42289]},"J3s":{"weight":1.0,"played":[0.0,1.0,0.0],"evs":[0.0,0.19396,-1.16055]},"J4s":{"weight":1.0,"played":[2.0E-4,0.9998,0.0],"evs":[0.0,0.21974,-1.00925]},"J5s":{"weight":1.0,"played":[0.0,1.0,0.0],"evs":[0.0,0.21629,-0.94153]},"J6s":{"weight":1.0,"played":[2.0E-4,0.9998,0.0],"evs":[0.0,0.19191,-1.04026]},"J7s":{"weight":1.0,"played":[0.0,1.0,0.0],"evs":[0.0,0.30383,-0.91353]},"J8s":{"weight":1.0,"played":[0.0,1.0,0.0],"evs":[0.0,0.47193,-0.65883]},"J9s":{"weight":1.0,"played":[0.0,1.0,0.0],"evs":[0.0,0.56613,-0.57785]},"JTs":{"weight":1.0,"played":[0.0,0.9996,4.0E-4],"evs":[0.0,0.83124,-0.12549]},"JJ":{"weight":1.0,"played":[0.0,0.7237,0.2763],"evs":[0.0,1.78007,1.74097]},"QJo":{"weight":1.0,"played":[0.0,1.0,0.0],"evs":[0.0,0.5509,0.0139]},"KJo":{"weight":1.0,"played":[0.0,0.9973,0.0027],"evs":[0.0,0.69994,0.69377]},"AJo":{"weight":1.0,"played":[0.0,0.0,1.0],"evs":[0.0,1.53387,1.62437]},"Q2s":{"weight":1.0,"played":[0.0,0.9999,0.0],"evs":[0.0,0.16314,-0.89591]},"Q3s":{"weight":1.0,"played":[0.0,1.0,0.0],"evs":[0.0,0.28137,-0.6536]},"Q4s":{"weight":1.0,"played":[0.0,0.9999,0.0],"evs":[0.0,0.30633,-0.46342]},"Q5s":{"weight":1.0,"played":[0.0,1.0,0.0],"evs":[0.0,0.34048,-0.46158]},"Q6s":{"weight":1.0,"played":[0.0,1.0,0.0],"evs":[0.0,0.27429,-0.47747]},"Q7s":{"weight":1.0,"played":[0.0,1.0,0.0],"evs":[0.0,0.39393,-0.52779]},"Q8s":{"weight":1.0,"played":[0.0,1.0,0.0],"evs":[0.0,0.48652,-0.2418]},"Q9s":{"weight":1.0,"played":[0.0,1.0,0.0],"evs":[0.0,0.57857,-0.10191]},"QTs":{"weight":1.0,"played":[0.0,0.9999,1.0E-4],"evs":[0.0,0.86107,0.13496]},"QJs":{"weight":1.0,"played":[0.0,1.0,0.0],"evs":[0.0,0.97415,0.46058]},"QQ":{"weight":1.0,"played":[0.0,0.0,1.0],"evs":[0.0,2.50353,2.78114]},"KQo":{"weight":1.0,"played":[0.0,0.6997,0.3003],"evs":[0.0,0.83766,0.85278]},"AQo":{"weight":1.0,"played":[0.0,0.0,1.0],"evs":[0.0,1.8395,1.90638]},"K2s":{"weight":1.0,"played":[1.0E-4,0.9999,0.0],"evs":[0.0,0.31607,-0.13238]},"K3s":{"weight":1.0,"played":[0.0,1.0,0.0],"evs":[0.0,0.50428,0.1485]},"K4s":{"weight":1.0,"played":[0.0,0.9998,2.0E-4],"evs":[0.0,0.56498,0.33085]},"K5s":{"weight":1.0,"played":[0.0,1.0,0.0],"evs":[0.0,0.54029,0.36714]},"K6s":{"weight":1.0,"played":[0.0,1.0,0.0],"evs":[0.0,0.49888,0.34266]},"K7s":{"weight":1.0,"played":[0.0,1.0,0.0],"evs":[0.0,0.61201,0.29752]},"K8s":{"weight":1.0,"played":[0.0,0.9998,2.0E-4],"evs":[0.0,0.6406,0.39814]},"K9s":{"weight":1.0,"played":[0.0,1.0,0.0],"evs":[0.0,0.79309,0.48609]},"KTs":{"weight":1.0,"played":[0.0,1.0,0.0],"evs":[0.0,1.14014,0.91065]},"KJs":{"weight":1.0,"played":[0.0,0.9994,6.0E-4],"evs":[0.0,1.27545,1.22069]},"KQs":{"weight":1.0,"played":[0.0,0.7928,0.2072],"evs":[0.0,1.34117,1.3506]},"KK":{"weight":1.0,"played":[0.0,5.0E-4,0.9995],"evs":[0.0,4.4555,4.85428]},"AKo":{"weight":1.0,"played":[0.0,0.0,1.0],"evs":[0.0,2.51967,2.82301]},"A2s":{"weight":1.0,"played":[0.0,0.9851,0.0149],"evs":[0.0,0.90216,0.82746]},"A3s":{"weight":1.0,"played":[0.0,0.8711,0.1289],"evs":[0.0,1.05037,1.0781]},"A4s":{"weight":1.0,"played":[0.0,0.1087,0.8913],"evs":[0.0,1.12343,1.21247]},"A5s":{"weight":1.0,"played":[0.0,0.0848,0.9152],"evs":[0.0,1.19041,1.2464]},"A6s":{"weight":1.0,"played":[0.0,0.9983,0.0017],"evs":[0.0,1.02912,0.92835]},"A7s":{"weight":1.0,"played":[0.0,0.9997,3.0E-4],"evs":[0.0,1.30961,1.16909]},"A8s":{"weight":1.0,"played":[0.0,0.9296,0.0704],"evs":[0.0,1.43814,1.42827]},"A9s":{"weight":1.0,"played":[0.0,0.9974,0.0026],"evs":[0.0,1.66866,1.53457]},"ATs":{"weight":1.0,"played":[0.0,0.9705,0.0295],"evs":[0.0,2.08642,2.00398]},"AJs":{"weight":1.0,"played":[0.0,0.8677,0.1323],"evs":[0.0,2.1595,2.11164]},"AQs":{"weight":1.0,"played":[0.0,0.9058,0.0942],"evs":[0.0,2.47866,2.36211]},"AKs":{"weight":1.0,"played":[0.0,0.0,1.0],"evs":[0.0,3.1245,3.24768]},"AA":{"weight":1.0,"played":[0.0,0.9999,1.0E-4],"evs":[0.0,8.51302,8.10203]}}}