{"player":4,"street":0,"children":2,"sequence":[{"player":0,"type":"F","amount":0,"street":0},{"player":1,"type":"R","amount":200000,"street":0},{"player":2,"type":"F","amount":0,"street":0},{"player":3,"type":"F","amount":0,"street":0},{"player":4,"type":"C","amount":150000,"street":0},{"player":5,"type":"R","amount":1875000,"street":0},{"player":1,"type":"F","amount":0,"street":0}],"actions":[{"type":"F","amount":0},{"type":"C","amount":1045000}],"hands":{"22":{"weight":0.0,"played":[0.0,1.0],"evs":[0.0,1.20093]},"32o":{"weight":0.0,"played":[1.0,0.0],"evs":[0.0,-2.81986]},"42o":{"weight":0.0,"played":[1.0,0.0],"evs":[0.0,-2.90228]},"52o":{"weight":0.0,"played":[1.0,0.0],"evs":[0.0,-2.60152]},"62o":{"weight":0.0,"played":[1.0,0.0],"evs":[0.0,-2.90778]},"72o":{"weight":0.0,"played":[1.0,0.0],"evs":[0.0,-3.31692]},"82o":{"weight":0.0,"played":[1.0,0.0],"evs":[0.0,-2.96866]},"92o":{"weight":0.0,"played":[1.0,0.0],"evs":[0.0,-2.91199]},"T2o":{"weight":0.0,"played":[1.0,0.0],"evs":[0.0,-2.83628]},"J2o":{"weight":0.0,"played":[1.0,0.0],"evs":[0.0,-2.54448]},"Q2o":{"weight":0.0,"played":[1.0,0.0],"evs":[0.0,-2.34681]},"K2o":{"weight":0.0,"played":[1.0,0.0],"evs":[0.0,-2.58705]},"A2o":{"weight":6.0E-4,"played":[0.9997,3.0E-4],"evs":[0.0,-0.45219]},"32s":{"weight":0.0,"played":[1.0,0.0],"evs":[0.0,-2.16989]},"33":{"weight":0.1614,"played":[5.0E-4,0.9995],"evs":[0.0,1.60359]},"43o":{"weight":0.0,"played":[1.0,0.0],"evs":[0.0,-2.26469]},"53o":{"weight":0.0,"played":[1.0,0.0],"evs":[0.0,-2.03805]},"63o":{"weight":0.0,"played":[1.0,0.0],"evs":[0.0,-2.34378]},"73o":{"weight":0.0,"played":[1.0,0.0],"evs":[0.0,-2.64111]},"83o":{"weight":0.0,"played":[1.0,0.0],"evs":[0.0,-2.50088]},"93o":{"weight":0.0,"played":[1.0,0.0],"evs":[0.0,-2.62182]},"T3o":{"weight":0.0,"played":[1.0,0.0],"evs":[0.0,-2.44182]},"J3o":{"weight":0.0,"played":[1.0,0.0],"evs":[0.0,-2.3711]},"Q3o":{"weight":0.0,"played":[1.0,0.0],"evs":[0.0,-1.99695]},"K3o":{"weight":0.0,"played":[1.0,0.0],"evs":[0.0,-2.07753]},"A3o":{"weight":8.0E-4,"played":[0.9232,0.0768],"evs":[0.0,-0.09101]},"42s":{"weight":0.0,"played":[1.0,0.0],"evs":[0.0,-1.65561]},"43s":{"weight":0.0,"played":[1.0,0.0],"evs":[0.0,-1.26914]},"44":{"weight":0.0,"played":[0.0,1.0],"evs":[0.0,1.94193]},"54o":{"weight":0.0,"played":[0.9999,1.0E-4],"evs":[0.0,-1.92547]},"64o":{"weight":0.0,"played":[1.0,0.0],"evs":[0.0,-1.89403]},"74o":{"weight":0.0,"played":[1.0,0.0],"evs":[0.0,-2.21599]},"84o":{"weight":0.0,"played":[1.0,0.0],"evs":[0.0,-2.13764]},"94o":{"weight":0.0,"played":[1.0,0.0],"evs":[0.0,-2.67104]},"T4o":{"weight":0.0,"played":[1.0,0.0],"evs":[0.0,-2.43203]},"J4o":{"weight":0.0,"played":[1.0,0.0],"evs":[0.0,-2.07632]},"Q4o":{"weight":0.0,"played":[1.0,0.0],"evs":[0.0,-2.2528]},"K4o":{"weight":0.0,"played":[1.0,0.0],"evs":[0.0,-1.95475]},"A4o":{"weight":0.4608,"played":[0.9781,0.0219],"evs":[0.0,-0.04375]},"52s":{"weight":0.0,"played":[1.0,0.0],"evs":[0.0,-1.61898]},"53s":{"weight":0.0,"played":[0.9993,7.0E-4],"evs":[0.0,-1.00537]},"54s":{"weight":0.0,"played":[0.9996,4.0E-4],"evs":[0.0,-0.70979]},"55":{"weight":0.0,"played":[1.0E-4,0.9999],"evs":[0.0,2.56895]},"65o":{"weight":0.0,"played":[1.0,0.0],"evs":[0.0,-1.48241]},"75o":{"weight":0.0,"played":[1.0,0.0],"evs":[0.0,-1.70779]},"85o":{"weight":0.0,"played":[1.0,0.0],"evs":[0.0,-1.65106]},"95o":{"weight":0.0,"played":[1.0,0.0],"evs":[0.0,-2.34066]},"T5o":{"weight":0.0,"played":[1.0,0.0],"evs":[0.0,-2.32334]},"J5o":{"weight":0.0,"played":[1.0,0.0],"evs":[0.0,-1.91702]},"Q5o":{"weight":0.0,"played":[1.0,0.0],"evs":[0.0,-1.87773]},"K5o":{"weight":0.0,"played":[0.9998,2.0E-4],"evs":[0.0,-1.82379]},"A5o":{"weight":0.0123,"played":[0.0,1.0],"evs":[0.0,0.14211]},"62s":{"weight":0.0,"played":[0.9989,0.0011],"evs":[0.0,-1.93566]},"63s":{"weight":0.0,"played":[1.0,0.0],"evs":[0.0,-1.09294]},"64s":{"weight":0.0,"played":[0.9977,0.0023],"evs":[0.0,-0.86042]},"65s":{"weight":0.0311,"played":[0.9959,0.0041],"evs":[0.0,-0.4118]},"66":{"weight":6.0E-4,"played":[0.0,1.0],"evs":[0.0,3.11329]},"76o":{"weight":0.0,"played":[1.0,0.0],"evs":[0.0,-1.54505]},"86o":{"weight":0.0,"played":[1.0,0.0],"evs":[0.0,-1.40492]},"96o":{"weight":0.0,"played":[1.0,0.0],"evs":[0.0,-1.80068]},"T6o":{"weight":0.0,"played":[1.0,0.0],"evs":[0.0,-1.87435]},"J6o":{"weight":0.0,"played":[1.0,0.0],"evs":[0.0,-1.97212]},"Q6o":{"weight":0.0,"played":[1.0,0.0],"evs":[0.0,-1.76048]},"K6o":{"weight":0.0,"played":[1.0,0.0],"evs":[0.0,-1.77505]},"A6o":{"weight":0.002,"played":[0.043,0.957],"evs":[0.0,0.27504]},"72s":{"weight":0.0,"played":[1.0,0.0],"evs":[0.0,-2.14147]},"73s":{"weight":0.0,"played":[1.0,0.0],"evs":[0.0,-1.67491]},"74s":{"weight":0.0,"played":[0.9996,4.0E-4],"evs":[0.0,-1.12681]},"75s":{"weight":1.0E-4,"played":[0.9914,0.0086],"evs":[0.0,-1.05546]},"76s":{"weight":0.0062,"played":[0.9588,0.0412],"evs":[0.0,-0.25599]},"77":{"weight":0.0,"played":[0.0,1.0],"evs":[0.0,3.53231]},"87o":{"weight":0.0,"played":[0.9999,1.0E-4],"evs":[0.0,-1.13116]},"97o":{"weight":0.0,"played":[1.0,0.0],"evs":[0.0,-1.48067]},"T7o":{"weight":0.0,"played":[1.0,0.0],"evs":[0.0,-1.8017]},"J7o":{"weight":0.0,"played":[1.0,0.0],"evs":[0.0,-1.65176]},"Q7o":{"weight":0.0,"played":[1.0,0.0],"evs":[0.0,-1.88324]},"K7o":{"weight":0.0,"played":[1.0,0.0],"evs":[0.0,-1.51109]},"A7o":{"weight":0.0,"played":[3.0E-4,0.9997],"evs":[0.0,0.53666]},"82s":{"weight":0.0,"played":[0.9999,1.0E-4],"evs":[0.0,-1.8765]},"83s":{"weight":0.0,"played":[0.9999,1.0E-4],"evs":[0.0,-1.63822]},"84s":{"weight":0.0,"played":[0.9994,6.0E-4],"evs":[0.0,-1.1182]},"85s":{"weight":0.0,"played":[0.9965,0.0035],"evs":[0.0,-1.16694]},"86s":{"weight":0.0,"played":[0.8839,0.1161],"evs":[0.0,-0.21605]},"87s":{"weight":0.0,"played":[0.4615,0.5385],"evs":[0.0,-0.0216]},"88":{"weight":0.0,"played":[0.0,1.0],"evs":[0.0,4.63832]},"98o":{"weight":0.0,"played":[0.9945,0.0055],"evs":[0.0,-1.02037]},"T8o":{"weight":0.0,"played":[1.0,0.0],"evs":[0.0,-0.91294]},"J8o":{"weight":0.0,"played":[0.9993,7.0E-4],"evs":[0.0,-1.2891]},"Q8o":{"weight":0.0,"played":[1.0,0.0],"evs":[0.0,-1.41092]},"K8o":{"weight":0.0,"played":[1.0,0.0],"evs":[0.0,-1.32046]},"A8o":{"weight":0.0,"played":[0.0,1.0],"evs":[0.0,1.59738]},"92s":{"weight":0.0,"played":[1.0,0.0],"evs":[0.0,-1.87264]},"93s":{"weight":0.0,"played":[0.9998,2.0E-4],"evs":[0.0,-1.65315]},"94s":{"weight":0.0,"played":[0.9996,4.0E-4],"evs":[0.0,-1.51331]},"95s":{"weight":0.0,"played":[0.9973,0.0027],"evs":[0.0,-1.45004]},"96s":{"weight":0.0,"played":[0.996,0.004],"evs":[0.0,-0.64049]},"97s":{"weight":4.0E-4,"played":[0.9526,0.0474],"evs":[0.0,-0.83568]},"98s":{"weight":0.0,"played":[0.7566,0.2434],"evs":[0.0,-0.32551]},"99":{"weight":0.0,"played":[0.0,1.0],"evs":[0.0,5.12186]},"T9o":{"weight":0.0,"played":[1.0,0.0],"evs":[0.0,-0.83269]},"J9o":{"weight":0.0,"played":[0.9984,0.0016],"evs":[0.0,-0.83518]},"Q9o":{"weight":0.0,"played":[0.9981,0.0019],"evs":[0.0,-0.78778]},"K9o":{"weight":0.0,"played":[0.9999,1.0E-4],"evs":[0.0,-1.18225]},"A9o":{"weight":0.0,"played":[0.0,1.0],"evs":[0.0,2.25026]},"T2s":{"weight":0.0,"played":[1.0,0.0],"evs":[0.0,-1.78402]},"T3s":{"weight":0.0,"played":[0.9995,5.0E-4],"evs":[0.0,-1.36644]},"T4s":{"weight":0.0,"played":[1.0,0.0],"evs":[0.0,-1.2666]},"T5s":{"weight":0.0,"played":[0.9983,0.0017],"evs":[0.0,-1.27803]},"T6s":{"weight":0.0,"played":[0.9937,0.0063],"evs":[0.0,-1.1244]},"T7s":{"weight":0.0,"played":[0.9402,0.0598],"evs":[0.0,-0.77422]},"T8s":{"weight":2.0E-4,"played":[0.7001,0.2999],"evs":[0.0,-0.09247]},"T9s":{"weight":0.1428,"played":[0.2464,0.7536],"evs":[0.0,0.29068]},"TT":{"weight":0.0,"played":[0.0,1.0],"evs":[0.0,6.34609]},"JTo":{"weight":0.0,"played":[0.9746,0.0254],"evs":[0.0,-0.23224]},"QTo":{"weight":1.0E-4,"played":[0.9824,0.0176],"evs":[0.0,-0.43422]},"KTo":{"weight":0.0281,"played":[0.9769,0.0231],"evs":[0.0,-0.60914]},"ATo":{"weight":0.0,"played":[0.0,1.0],"evs":[0.0,3.70159]},"J2s":{"weight":0.0,"played":[0.9966,0.0034],"evs":[0.0,-1.62508]},"J3s":{"weight":0.0,"played":[0.9999,1.0E-4],"evs":[0.0,-1.45398]},"J4s":{"weight":0.0,"played":[0.9996,4.0E-4],"evs":[0.0,-1.33181]},"J5s":{"weight":0.0,"played":[0.9993,7.0E-4],"evs":[0.0,-0.92014]},"J6s":{"weight":0.0,"played":[0.9983,0.0017],"evs":[0.0,-0.89265]},"J7s":{"weight":1.0E-4,"played":[0.995,0.005],"evs":[0.0,-0.69298]},"J8s":{"weight":2.0E-4,"played":[0.8165,0.1835],"evs":[0.0,-0.01709]},"J9s":{"weight":0.0043,"played":[0.3449,0.6551],"evs":[0.0,-0.07494]},"JTs":{"weight":0.9988,"played":[0.0,1.0],"evs":[0.0,0.60612]},"JJ":{"weight":0.0,"played":[0.0,1.0],"evs":[0.0,7.26707]},"QJo":{"weight":0.0264,"played":[0.6665,0.3335],"evs":[0.0,-0.2338]},"KJo":{"weight":0.2599,"played":[0.3741,0.6259],"evs":[0.0,0.03335]},"AJo":{"weight":0.0,"played":[0.0,1.0],"evs":[0.0,4.87895]},"Q2s":{"weight":0.0,"played":[0.9989,0.0011],"evs":[0.0,-1.60007]},"Q3s":{"weight":0.0,"played":[0.9896,0.0104],"evs":[0.0,-1.07115]},"Q4s":{"weight":0.0,"played":[0.9994,6.0E-4],"evs":[0.0,-0.93597]},"Q5s":{"weight":0.0,"played":[0.9999,1.0E-4],"evs":[0.0,-1.01255]},"Q6s":{"weight":0.0,"played":[0.9602,0.0398],"evs":[0.0,-0.96664]},"Q7s":{"weight":0.0,"played":[0.9847,0.0153],"evs":[0.0,-0.74108]},"Q8s":{"weight":1.0E-4,"played":[0.8564,0.1436],"evs":[0.0,-0.13174]},"Q9s":{"weight":0.0011,"played":[0.9805,0.0195],"evs":[0.0,-0.19696]},"QTs":{"weight":1.0,"played":[0.0013,0.9987],"evs":[0.0,0.43001]},"QJs":{"weight":0.0047,"played":[6.0E-4,0.9994],"evs":[0.0,0.37759]},"QQ":{"weight":0.0,"played":[0.0,1.0],"evs":[0.0,7.91811]},"KQo":{"weight":0.0035,"played":[0.0,1.0],"evs":[0.0,0.68515]},"AQo":{"weight":0.0,"played":[0.0,1.0],"evs":[0.0,5.93134]},"K2s":{"weight":0.0,"played":[0.9999,1.0E-4],"evs":[0.0,-1.53235]},"K3s":{"weight":1.0E-4,"played":[0.9996,4.0E-4],"evs":[0.0,-0.95262]},"K4s":{"weight":0.0014,"played":[0.9999,1.0E-4],"evs":[0.0,-0.83358]},"K5s":{"weight":0.0206,"played":[0.9965,0.0035],"evs":[0.0,-0.78423]},"K6s":{"weight":0.0055,"played":[0.9983,0.0017],"evs":[0.0,-0.79958]},"K7s":{"weight":9.0E-4,"played":[0.9995,5.0E-4],"evs":[0.0,-0.75103]},"K8s":{"weight":0.0469,"played":[0.9958,0.0042],"evs":[0.0,-0.4523]},"K9s":{"weight":0.8061,"played":[0.8626,0.1374],"evs":[0.0,-0.2331]},"KTs":{"weight":0.002,"played":[0.5695,0.4305],"evs":[0.0,0.2117]},"KJs":{"weight":0.0059,"played":[0.0,1.0],"evs":[0.0,0.92473]},"KQs":{"weight":0.0265,"played":[0.0,1.0],"evs":[0.0,1.49791]},"KK":{"weight":0.0,"played":[0.0,1.0],"evs":[0.0,9.00122]},"AKo":{"weight":0.0,"played":[0.0,1.0],"evs":[0.0,7.05978]},"A2s":{"weight":0.1454,"played":[0.0027,0.9973],"evs":[0.0,0.59128]},"A3s":{"weight":3.0E-4,"played":[4.0E-4,0.9996],"evs":[0.0,0.94279]},"A4s":{"weight":4.0E-4,"played":[0.0021,0.9979],"evs":[0.0,0.73117]},"A5s":{"weight":0.0,"played":[8.0E-4,0.9992],"evs":[0.0,1.24647]},"A6s":{"weight":1.0E-4,"played":[0.0,1.0],"evs":[0.0,0.98109]},"A7s":{"weight":0.0,"played":[0.0,1.0],"evs":[0.0,1.67651]},"A8s":{"weight":0.0,"played":[0.0,1.0],"evs":[0.0,2.29005]},"A9s":{"weight":0.0,"played":[0.0,1.0],"evs":[0.0,3.01573]},"ATs":{"weight":0.0,"played":[0.0,1.0],"evs":[0.0,4.33806]},"AJs":{"weight":0.0,"played":[0.0,1.0],"evs":[0.0,5.30569]},"AQs":{"weight":0.0,"played":[0.0,1.0],"evs":[0.0,6.07323]},"AKs":{"weight":0.0,"played":[0.0,1.0],"evs":[0.0,7.38602]},"AA":{"weight":0.0,"played":[0.0,1.0],"evs":[0.0,13.4188]}}}