{"player":5,"street":0,"children":3,"sequence":[{"player":0,"type":"F","amount":0,"street":0},{"player":1,"type":"R","amount":200000,"street":0},{"player":2,"type":"F","amount":0,"street":0},{"player":3,"type":"C","amount":200000,"street":0},{"player":4,"type":"F","amount":0,"street":0}],"actions":[{"type":"F","amount":0},{"type":"C","amount":100000},{"type":"R","amount":1875000,"node":80}],"hands":{"22":{"weight":1.0,"played":[0.1371,0.8629,0.0],"evs":[0.0,0.74478,-1.03783]},"32o":{"weight":1.0,"played":[1.0,0.0,0.0],"evs":[0.0,-0.43654,-4.36999]},"42o":{"weight":1.0,"played":[0.9999,0.0,0.0],"evs":[0.0,-0.48038,-4.33577]},"52o":{"weight":1.0,"played":[0.9999,1.0E-4,0.0],"evs":[0.0,-0.36549,-3.78967]},"62o":{"weight":1.0,"played":[1.0,0.0,0.0],"evs":[0.0,-0.52683,-4.73626]},"72o":{"weight":1.0,"played":[1.0,0.0,0.0],"evs":[0.0,-0.56458,-4.85863]},"82o":{"weight":1.0,"played":[1.0,0.0,0.0],"evs":[0.0,-0.58005,-4.59984]},"92o":{"weight":1.0,"played":[0.9999,1.0E-4,0.0],"evs":[0.0,-0.64347,-4.80044]},"T2o":{"weight":1.0,"played":[0.9968,0.0032,0.0],"evs":[0.0,-0.92166,-5.12654]},"J2o":{"weight":1.0,"played":[1.0,0.0,0.0],"evs":[0.0,-0.71029,-4.60308]},"Q2o":{"weight":1.0,"played":[1.0,0.0,0.0],"evs":[0.0,-0.61838,-3.74051]},"K2o":{"weight":1.0,"played":[0.9909,0.009,0.0],"evs":[0.0,-0.15723,-2.127]},"A2o":{"weight":1.0,"played":[0.0449,0.955,1.0E-4],"evs":[0.0,0.6093,-0.04419]},"32s":{"weight":1.0,"played":[0.9999,1.0E-4,0.0],"evs":[0.0,-0.20788,-3.45582]},"33":{"weight":1.0,"played":[0.1257,0.8739,4.0E-4],"evs":[0.0,0.87063,-0.4052]},"43o":{"weight":1.0,"played":[0.9989,0.0011,0.0],"evs":[0.0,-0.28389,-3.75898]},"53o":{"weight":1.0,"played":[1.0,0.0,0.0],"evs":[0.0,-0.22487,-3.37467]},"63o":{"weight":1.0,"played":[0.9998,2.0E-4,0.0],"evs":[0.0,-0.35479,-3.75392]},"73o":{"weight":1.0,"played":[0.9999,1.0E-4,0.0],"evs":[0.0,-0.41127,-3.90189]},"83o":{"weight":1.0,"played":[1.0,0.0,0.0],"evs":[0.0,-0.50882,-4.34078]},"93o":{"weight":1.0,"played":[1.0,0.0,0.0],"evs":[0.0,-0.67898,-4.6634]},"T3o":{"weight":1.0,"played":[1.0,0.0,0.0],"evs":[0.0,-0.61566,-4.63014]},"J3o":{"weight":1.0,"played":[0.9999,1.0E-4,0.0],"evs":[0.0,-0.44636,-4.4848]},"Q3o":{"weight":1.0,"played":[1.0,0.0,0.0],"evs":[0.0,-0.36467,-3.7525]},"K3o":{"weight":1.0,"played":[0.9902,0.0096,2.0E-4],"evs":[0.0,-0.0135,-1.58246]},"A3o":{"weight":1.0,"played":[0.0065,0.9935,1.0E-4],"evs":[0.0,0.5695,-0.00245]},"42s":{"weight":1.0,"played":[0.6093,0.3907,0.0],"evs":[0.0,-0.01808,-2.6767]},"43s":{"weight":1.0,"played":[0.7896,0.2104,0.0],"evs":[0.0,-0.05715,-2.09859]},"44":{"weight":1.0,"played":[0.092,0.9016,0.0064],"evs":[0.0,0.81175,0.58877]},"54o":{"weight":1.0,"played":[0.4158,0.5842,0.0],"evs":[0.0,0.22987,-2.49809]},"64o":{"weight":1.0,"played":[0.9154,0.0846,0.0],"evs":[0.0,-0.04063,-3.12616]},"74o":{"weight":1.0,"played":[0.9995,5.0E-4,0.0],"evs":[0.0,-0.40173,-3.90724]},"84o":{"weight":1.0,"played":[1.0,0.0,0.0],"evs":[0.0,-0.38866,-3.46814]},"94o":{"weight":1.0,"played":[1.0,0.0,0.0],"evs":[0.0,-0.43044,-4.13945]},"T4o":{"weight":1.0,"played":[1.0,0.0,0.0],"evs":[0.0,-0.61004,-4.39069]},"J4o":{"weight":1.0,"played":[0.9986,0.0014,0.0],"evs":[0.0,-0.50661,-4.21665]},"Q4o":{"weight":1.0,"played":[1.0,0.0,0.0],"evs":[0.0,-0.29525,-3.3412]},"K4o":{"weight":1.0,"played":[0.9056,0.0943,0.0],"evs":[0.0,0.07141,-1.59275]},"A4o":{"weight":1.0,"played":[0.0013,0.9983,4.0E-4],"evs":[0.0,0.64547,0.31385]},"52s":{"weight":1.0,"played":[0.9986,0.0013,0.0],"evs":[0.0,-0.26094,-3.08116]},"53s":{"weight":1.0,"played":[0.3916,0.6079,5.0E-4],"evs":[0.0,0.30414,-2.00741]},"54s":{"weight":1.0,"played":[0.3774,0.6226,0.0],"evs":[0.0,0.1428,-1.90442]},"55":{"weight":1.0,"played":[3.0E-4,0.8006,0.1991],"evs":[0.0,0.97418,0.67959]},"65o":{"weight":1.0,"played":[0.3116,0.6884,0.0],"evs":[0.0,-0.00998,-2.57062]},"75o":{"weight":1.0,"played":[0.9995,5.0E-4,0.0],"evs":[0.0,-0.15175,-3.0292]},"85o":{"weight":1.0,"played":[1.0,0.0,0.0],"evs":[0.0,-0.21446,-3.16446]},"95o":{"weight":1.0,"played":[0.9999,1.0E-4,0.0],"evs":[0.0,-0.37883,-3.77103]},"T5o":{"weight":1.0,"played":[1.0,0.0,0.0],"evs":[0.0,-0.53955,-4.53871]},"J5o":{"weight":1.0,"played":[1.0,0.0,0.0],"evs":[0.0,-0.40142,-4.04194]},"Q5o":{"weight":1.0,"played":[0.9999,1.0E-4,0.0],"evs":[0.0,-0.31976,-3.22978]},"K5o":{"weight":1.0,"played":[0.9979,0.0021,0.0],"evs":[0.0,-0.05668,-1.62248]},"A5o":{"weight":1.0,"played":[0.0021,0.8668,0.1311],"evs":[0.0,0.54259,0.42426]},"62s":{"weight":1.0,"played":[0.9993,3.0E-4,3.0E-4],"evs":[0.0,-0.31876,-3.68964]},"63s":{"weight":1.0,"played":[0.989,0.011,0.0],"evs":[0.0,-0.06574,-2.72765]},"64s":{"weight":1.0,"played":[0.3863,0.6137,0.0],"evs":[0.0,0.34882,-2.33623]},"65s":{"weight":1.0,"played":[0.1783,0.8217,1.0E-4],"evs":[0.0,0.39842,-1.12578]},"66":{"weight":1.0,"played":[0.0119,0.5066,0.4815],"evs":[0.0,0.60443,0.59098]},"76o":{"weight":1.0,"played":[0.9994,5.0E-4,0.0],"evs":[0.0,-0.23687,-2.87881]},"86o":{"weight":1.0,"played":[0.9276,0.0724,0.0],"evs":[0.0,0.02923,-3.01429]},"96o":{"weight":1.0,"played":[1.0,0.0,0.0],"evs":[0.0,-0.37559,-3.63089]},"T6o":{"weight":1.0,"played":[1.0,0.0,0.0],"evs":[0.0,-0.67721,-4.33158]},"J6o":{"weight":1.0,"played":[0.9998,2.0E-4,0.0],"evs":[0.0,-0.59381,-4.34017]},"Q6o":{"weight":1.0,"played":[0.9994,6.0E-4,0.0],"evs":[0.0,-0.37558,-3.14155]},"K6o":{"weight":1.0,"played":[0.6965,0.3035,0.0],"evs":[0.0,-0.0331,-1.57223]},"A6o":{"weight":1.0,"played":[0.0,0.9955,0.0044],"evs":[0.0,0.69769,0.37853]},"72s":{"weight":1.0,"played":[0.9998,1.0E-4,0.0],"evs":[0.0,-0.62476,-4.36997]},"73s":{"weight":1.0,"played":[0.9167,0.0832,2.0E-4],"evs":[0.0,0.04907,-3.31204]},"74s":{"weight":1.0,"played":[0.9791,0.0208,0.0],"evs":[0.0,-0.19906,-2.86811]},"75s":{"weight":1.0,"played":[0.0405,0.9592,3.0E-4],"evs":[0.0,0.41105,-1.98137]},"76s":{"weight":1.0,"played":[0.1522,0.8477,1.0E-4],"evs":[0.0,0.6022,-1.64132]},"77":{"weight":1.0,"played":[0.0,0.0061,0.9939],"evs":[0.0,1.15908,1.7546]},"87o":{"weight":1.0,"played":[0.9999,1.0E-4,0.0],"evs":[0.0,-0.16391,-2.7047]},"97o":{"weight":1.0,"played":[0.9581,0.0419,0.0],"evs":[0.0,-0.18882,-2.9822]},"T7o":{"weight":1.0,"played":[0.9994,6.0E-4,0.0],"evs":[0.0,-0.42604,-3.41644]},"J7o":{"weight":1.0,"played":[0.9927,0.0073,0.0],"evs":[0.0,-0.32114,-3.82049]},"Q7o":{"weight":1.0,"played":[1.0,0.0,0.0],"evs":[0.0,-0.28762,-2.9821]},"K7o":{"weight":1.0,"played":[0.7284,0.2716,0.0],"evs":[0.0,0.01947,-1.51746]},"A7o":{"weight":1.0,"played":[4.0E-4,0.9687,0.0309],"evs":[0.0,0.91876,0.75293]},"82s":{"weight":1.0,"played":[0.9992,8.0E-4,0.0],"evs":[0.0,-0.31194,-3.32465]},"83s":{"weight":1.0,"played":[0.9948,0.0052,0.0],"evs":[0.0,-0.02438,-3.5599]},"84s":{"weight":1.0,"played":[1.0,0.0,0.0],"evs":[0.0,-0.05985,-2.40561]},"85s":{"weight":1.0,"played":[0.8368,0.1632,0.0],"evs":[0.0,0.11736,-2.52139]},"86s":{"weight":1.0,"played":[0.3973,0.6025,2.0E-4],"evs":[0.0,0.37179,-1.64388]},"87s":{"weight":1.0,"played":[0.2015,0.7983,2.0E-4],"evs":[0.0,0.45893,-1.95558]},"88":{"weight":1.0,"played":[0.0,1.0E-4,0.9999],"evs":[0.0,1.34622,2.65986]},"98o":{"weight":1.0,"played":[0.112,0.888,0.0],"evs":[0.0,0.04218,-2.37597]},"T8o":{"weight":1.0,"played":[0.9361,0.0639,0.0],"evs":[0.0,-0.02241,-3.00641]},"J8o":{"weight":1.0,"played":[1.0,0.0,0.0],"evs":[0.0,-0.29725,-3.26236]},"Q8o":{"weight":1.0,"played":[0.9775,0.0224,1.0E-4],"evs":[0.0,-0.12054,-2.8996]},"K8o":{"weight":1.0,"played":[0.0852,0.9148,0.0],"evs":[0.0,0.12804,-0.82243]},"A8o":{"weight":1.0,"played":[0.0,0.1776,0.8224],"evs":[0.0,0.93145,1.21546]},"92s":{"weight":1.0,"played":[0.9976,0.0024,0.0],"evs":[0.0,-0.46558,-3.31016]},"93s":{"weight":1.0,"played":[0.9995,4.0E-4,0.0],"evs":[0.0,-0.36117,-3.23947]},"94s":{"weight":1.0,"played":[0.997,0.003,0.0],"evs":[0.0,-0.35152,-3.56808]},"95s":{"weight":1.0,"played":[0.7552,0.2444,3.0E-4],"evs":[0.0,-0.07713,-3.13013]},"96s":{"weight":1.0,"played":[0.3794,0.6204,2.0E-4],"evs":[0.0,-0.04368,-3.02914]},"97s":{"weight":1.0,"played":[0.0148,0.9851,0.0],"evs":[0.0,0.23161,-2.15926]},"98s":{"weight":1.0,"played":[0.1159,0.8841,0.0],"evs":[0.0,0.43884,-1.16904]},"99":{"weight":1.0,"played":[0.0,0.0027,0.9973],"evs":[0.0,0.99737,2.29598]},"T9o":{"weight":1.0,"played":[0.9984,0.0016,0.0],"evs":[0.0,-0.11275,-2.84677]},"J9o":{"weight":1.0,"played":[0.9869,0.0131,0.0],"evs":[0.0,-0.42842,-3.18762]},"Q9o":{"weight":1.0,"played":[0.999,0.001,0.0],"evs":[0.0,-0.44256,-2.86062]},"K9o":{"weight":1.0,"played":[1.0E-4,0.9998,1.0E-4],"evs":[0.0,0.2743,-0.53944]},"A9o":{"weight":1.0,"played":[3.0E-4,0.0681,0.9316],"evs":[0.0,1.22906,1.53335]},"T2s":{"weight":1.0,"played":[1.0,0.0,0.0],"evs":[0.0,-0.33806,-3.31976]},"T3s":{"weight":1.0,"played":[0.9995,5.0E-4,0.0],"evs":[0.0,-0.41307,-3.55293]},"T4s":{"weight":1.0,"played":[0.8401,0.1598,1.0E-4],"evs":[0.0,-0.10322,-2.685]},"T5s":{"weight":1.0,"played":[0.8392,0.1607,1.0E-4],"evs":[0.0,-0.17962,-3.04798]},"T6s":{"weight":1.0,"played":[0.8677,0.1322,1.0E-4],"evs":[0.0,-0.43192,-3.0815]},"T7s":{"weight":1.0,"played":[0.61,0.39,0.0],"evs":[0.0,-0.1244,-2.36587]},"T8s":{"weight":1.0,"played":[0.4321,0.5679,0.0],"evs":[0.0,0.10585,-2.24546]},"T9s":{"weight":1.0,"played":[0.2712,0.7287,0.0],"evs":[0.0,0.44983,-1.45702]},"TT":{"weight":1.0,"played":[0.0,4.0E-4,0.9996],"evs":[0.0,1.57472,3.52728]},"JTo":{"weight":1.0,"played":[0.2382,0.7617,1.0E-4],"evs":[0.0,-9.2E-4,-2.26622]},"QTo":{"weight":1.0,"played":[0.1735,0.8261,4.0E-4],"evs":[0.0,0.13954,-1.31886]},"KTo":{"weight":1.0,"played":[0.0,0.4173,0.5827],"evs":[0.0,0.7726,0.79407]},"ATo":{"weight":1.0,"played":[0.0,0.0,1.0],"evs":[0.0,1.35415,2.62277]},"J2s":{"weight":1.0,"played":[0.9879,0.0121,0.0],"evs":[0.0,-0.30806,-3.40782]},"J3s":{"weight":1.0,"played":[0.9613,0.0387,0.0],"evs":[0.0,0.02542,-2.74692]},"J4s":{"weight":1.0,"played":[0.6401,0.3598,0.0],"evs":[0.0,-0.06006,-2.70892]},"J5s":{"weight":1.0,"played":[0.6484,0.3516,0.0],"evs":[0.0,0.01826,-2.78328]},"J6s":{"weight":1.0,"played":[0.1091,0.8908,1.0E-4],"evs":[0.0,-0.0095,-2.8696]},"J7s":{"weight":1.0,"played":[0.4005,0.5995,0.0],"evs":[0.0,0.22342,-2.25697]},"J8s":{"weight":1.0,"played":[0.3101,0.6897,2.0E-4],"evs":[0.0,0.50074,-1.6793]},"J9s":{"weight":1.0,"played":[0.062,0.9379,1.0E-4],"evs":[0.0,0.32564,-1.7941]},"JTs":{"weight":1.0,"played":[0.0924,0.9074,2.0E-4],"evs":[0.0,0.21122,-1.66168]},"JJ":{"weight":1.0,"played":[0.0,0.0,1.0],"evs":[0.0,2.14865,4.16462]},"QJo":{"weight":1.0,"played":[0.0044,0.9949,8.0E-4],"evs":[0.0,0.46916,-0.56438]},"KJo":{"weight":1.0,"played":[0.0029,0.0193,0.9778],"evs":[0.0,0.52079,0.8701]},"AJo":{"weight":1.0,"played":[0.0,0.0,1.0],"evs":[0.0,1.49054,2.89211]},"Q2s":{"weight":1.0,"played":[0.2578,0.7418,4.0E-4],"evs":[0.0,-0.02887,-2.54698]},"Q3s":{"weight":1.0,"played":[0.3303,0.6697,1.0E-4],"evs":[0.0,0.17279,-2.08071]},"Q4s":{"weight":1.0,"played":[0.2246,0.7749,5.0E-4],"evs":[0.0,0.14856,-1.85594]},"Q5s":{"weight":1.0,"played":[0.1521,0.8478,1.0E-4],"evs":[0.0,0.24404,-2.06878]},"Q6s":{"weight":1.0,"played":[0.2212,0.7787,1.0E-4],"evs":[0.0,-0.07605,-2.41522]},"Q7s":{"weight":1.0,"played":[0.2391,0.7607,2.0E-4],"evs":[0.0,0.36389,-1.60235]},"Q8s":{"weight":1.0,"played":[0.0396,0.9597,8.0E-4],"evs":[0.0,0.39507,-1.4581]},"Q9s":{"weight":1.0,"played":[0.2214,0.778,6.0E-4],"evs":[0.0,0.08646,-1.43984]},"QTs":{"weight":1.0,"played":[0.035,0.9415,0.0235],"evs":[0.0,0.70058,-0.29364]},"QJs":{"weight":1.0,"played":[1.0E-4,0.9451,0.0548],"evs":[0.0,0.91416,0.43789]},"QQ":{"weight":1.0,"played":[0.0,0.0,1.0],"evs":[0.0,4.02343,6.28529]},"KQo":{"weight":1.0,"played":[0.0,0.1152,0.8848],"evs":[0.0,1.08726,1.43175]},"AQo":{"weight":1.0,"played":[0.0,0.0013,0.9987],"evs":[0.0,1.62954,3.00244]},"K2s":{"weight":1.0,"played":[0.1782,0.8218,0.0],"evs":[0.0,0.23105,-1.27831]},"K3s":{"weight":1.0,"played":[0.0196,0.9791,0.0013],"evs":[0.0,0.33035,-0.95223]},"K4s":{"weight":1.0,"played":[0.2623,0.7351,0.0026],"evs":[0.0,0.34323,-0.83636]},"K5s":{"weight":1.0,"played":[0.0708,0.9292,0.0],"evs":[0.0,0.43271,-0.80261]},"K6s":{"weight":1.0,"played":[0.0451,0.9548,1.0E-4],"evs":[0.0,0.34485,-0.51352]},"K7s":{"weight":1.0,"played":[0.023,0.9765,4.0E-4],"evs":[0.0,1.02669,0.21868]},"K8s":{"weight":1.0,"played":[0.0075,0.9924,0.0],"evs":[0.0,0.58501,-0.21271]},"K9s":{"weight":1.0,"played":[0.0129,0.8328,0.1544],"evs":[0.0,0.64207,0.4527]},"KTs":{"weight":1.0,"played":[2.0E-4,6.0E-4,0.9991],"evs":[0.0,1.64319,2.5344]},"KJs":{"weight":1.0,"played":[2.0E-4,0.0773,0.9226],"evs":[0.0,1.51281,2.01574]},"KQs":{"weight":1.0,"played":[1.0E-4,0.0023,0.9977],"evs":[0.0,1.73505,2.59675]},"KK":{"weight":1.0,"played":[0.0,0.0,1.0],"evs":[0.0,6.25057,9.54514]},"AKo":{"weight":1.0,"played":[0.0,0.0,1.0],"evs":[0.0,2.84916,4.44684]},"A2s":{"weight":1.0,"played":[0.0027,0.2543,0.743],"evs":[0.0,1.216,1.41]},"A3s":{"weight":1.0,"played":[4.0E-4,0.8625,0.1371],"evs":[0.0,1.36884,1.29428]},"A4s":{"weight":1.0,"played":[6.0E-4,0.1784,0.8209],"evs":[0.0,1.29386,1.33012]},"A5s":{"weight":1.0,"played":[6.0E-4,0.5512,0.4482],"evs":[0.0,1.12627,1.11945]},"A6s":{"weight":1.0,"played":[2.0E-4,0.1202,0.8797],"evs":[0.0,1.28367,1.32206]},"A7s":{"weight":1.0,"played":[4.0E-4,0.4159,0.5837],"evs":[0.0,1.88396,2.0213]},"A8s":{"weight":1.0,"played":[0.0,0.5937,0.4063],"evs":[0.0,1.58759,1.69973]},"A9s":{"weight":1.0,"played":[4.0E-4,0.002,0.9976],"evs":[0.0,1.70851,2.39779]},"ATs":{"weight":1.0,"played":[0.0,0.0,1.0],"evs":[0.0,1.88984,3.31888]},"AJs":{"weight":1.0,"played":[0.0,0.0074,0.9926],"evs":[0.0,2.77769,4.04]},"AQs":{"weight":1.0,"played":[0.0,1.0E-4,0.9999],"evs":[0.0,2.90397,3.91343]},"AKs":{"weight":1.0,"played":[0.0,0.0,1.0],"evs":[0.0,3.16502,5.35734]},"AA":{"weight":1.0,"played":[0.0,0.0,1.0],"evs":[0.0,10.66149,13.33776]}}}