{"player":4,"street":0,"children":2,"sequence":[{"player":0,"type":"F","amount":0,"street":0},{"player":1,"type":"F","amount":0,"street":0},{"player":2,"type":"F","amount":0,"street":0},{"player":3,"type":"F","amount":0,"street":0},{"player":4,"type":"C","amount":50000,"street":0},{"player":5,"type":"R","amount":1245000,"street":0}],"actions":[{"type":"F","amount":0},{"type":"C","amount":1145000}],"hands":{"22":{"weight":0.0,"played":[0.0,1.0],"evs":[0.0,1.24814]},"32o":{"weight":0.0,"played":[1.0,0.0],"evs":[0.0,-4.60648]},"42o":{"weight":0.0,"played":[1.0,0.0],"evs":[0.0,-4.13681]},"52o":{"weight":0.0,"played":[1.0,0.0],"evs":[0.0,-3.66362]},"62o":{"weight":0.0,"played":[1.0,0.0],"evs":[0.0,-3.86102]},"72o":{"weight":0.0,"played":[1.0,0.0],"evs":[0.0,-3.93291]},"82o":{"weight":0.0,"played":[1.0,0.0],"evs":[0.0,-3.66793]},"92o":{"weight":0.0,"played":[1.0,0.0],"evs":[0.0,-3.57376]},"T2o":{"weight":0.0,"played":[1.0,0.0],"evs":[0.0,-3.15118]},"J2o":{"weight":0.0,"played":[1.0,0.0],"evs":[0.0,-3.15364]},"Q2o":{"weight":1.0,"played":[1.0,0.0],"evs":[0.0,-2.7634]},"K2o":{"weight":0.9666,"played":[1.0,0.0],"evs":[0.0,-1.4713]},"A2o":{"weight":0.0,"played":[0.0,1.0],"evs":[0.0,1.5312]},"32s":{"weight":0.78,"played":[1.0,0.0],"evs":[0.0,-3.51099]},"33":{"weight":0.0,"played":[0.0,1.0],"evs":[0.0,2.67104]},"43o":{"weight":0.0,"played":[1.0,0.0],"evs":[0.0,-3.40468]},"53o":{"weight":0.0,"played":[1.0,0.0],"evs":[0.0,-2.96344]},"63o":{"weight":0.0,"played":[1.0,0.0],"evs":[0.0,-3.15615]},"73o":{"weight":0.0,"played":[1.0,0.0],"evs":[0.0,-3.23369]},"83o":{"weight":0.0,"played":[1.0,0.0],"evs":[0.0,-3.36734]},"93o":{"weight":0.0,"played":[1.0,0.0],"evs":[0.0,-3.16776]},"T3o":{"weight":0.0,"played":[1.0,0.0],"evs":[0.0,-2.78464]},"J3o":{"weight":0.0016,"played":[1.0,0.0],"evs":[0.0,-2.73467]},"Q3o":{"weight":0.9999,"played":[1.0,0.0],"evs":[0.0,-2.35654]},"K3o":{"weight":0.3409,"played":[1.0,0.0],"evs":[0.0,-1.04409]},"A3o":{"weight":0.0,"played":[0.0,1.0],"evs":[0.0,1.91164]},"42s":{"weight":0.9992,"played":[1.0,0.0],"evs":[0.0,-3.06515]},"43s":{"weight":0.9999,"played":[1.0,0.0],"evs":[0.0,-2.40322]},"44":{"weight":0.0,"played":[0.0,1.0],"evs":[0.0,3.8852]},"54o":{"weight":0.9417,"played":[1.0,0.0],"evs":[0.0,-2.18551]},"64o":{"weight":0.0,"played":[1.0,0.0],"evs":[0.0,-2.41009]},"74o":{"weight":0.0,"played":[1.0,0.0],"evs":[0.0,-2.50878]},"84o":{"weight":0.0,"played":[1.0,0.0],"evs":[0.0,-2.55705]},"94o":{"weight":0.0,"played":[1.0,0.0],"evs":[0.0,-2.76097]},"T4o":{"weight":3.0E-4,"played":[1.0,0.0],"evs":[0.0,-2.30494]},"J4o":{"weight":0.9992,"played":[1.0,0.0],"evs":[0.0,-2.34891]},"Q4o":{"weight":0.9684,"played":[1.0,0.0],"evs":[0.0,-1.93342]},"K4o":{"weight":0.0012,"played":[1.0,0.0],"evs":[0.0,-0.74873]},"A4o":{"weight":0.0,"played":[0.0,1.0],"evs":[0.0,2.16739]},"52s":{"weight":0.9989,"played":[1.0,0.0],"evs":[0.0,-2.61164]},"53s":{"weight":1.0,"played":[1.0,0.0],"evs":[0.0,-1.98402]},"54s":{"weight":1.0,"played":[1.0,0.0],"evs":[0.0,-1.30498]},"55":{"weight":0.0195,"played":[0.0,1.0],"evs":[0.0,4.95475]},"65o":{"weight":0.9259,"played":[1.0,0.0],"evs":[0.0,-1.67728]},"75o":{"weight":0.769,"played":[1.0,0.0],"evs":[0.0,-1.73565]},"85o":{"weight":0.0081,"played":[1.0,0.0],"evs":[0.0,-1.86357]},"95o":{"weight":0.0255,"played":[1.0,0.0],"evs":[0.0,-2.03738]},"T5o":{"weight":0.9757,"played":[1.0,0.0],"evs":[0.0,-1.93095]},"J5o":{"weight":0.9999,"played":[1.0,0.0],"evs":[0.0,-1.86049]},"Q5o":{"weight":0.9745,"played":[1.0,0.0],"evs":[0.0,-1.48586]},"K5o":{"weight":0.0,"played":[0.9999,1.0E-4],"evs":[0.0,-0.38577]},"A5o":{"weight":0.0,"played":[0.0,1.0],"evs":[0.0,2.46824]},"62s":{"weight":0.122,"played":[1.0,0.0],"evs":[0.0,-2.74665]},"63s":{"weight":0.9999,"played":[1.0,0.0],"evs":[0.0,-2.15018]},"64s":{"weight":0.9999,"played":[1.0,0.0],"evs":[0.0,-1.48401]},"65s":{"weight":0.9516,"played":[1.0,0.0],"evs":[0.0,-0.8076]},"66":{"weight":0.9999,"played":[0.0,1.0],"evs":[0.0,5.39428]},"76o":{"weight":0.9995,"played":[1.0,0.0],"evs":[0.0,-1.26173]},"86o":{"weight":0.9881,"played":[1.0,0.0],"evs":[0.0,-1.39632]},"96o":{"weight":0.996,"played":[1.0,0.0],"evs":[0.0,-1.52128]},"T6o":{"weight":1.0,"played":[1.0,0.0],"evs":[0.0,-1.39873]},"J6o":{"weight":0.9997,"played":[1.0,0.0],"evs":[0.0,-1.71676]},"Q6o":{"weight":0.9354,"played":[1.0,0.0],"evs":[0.0,-1.17808]},"K6o":{"weight":0.0,"played":[0.7467,0.2533],"evs":[0.0,-0.02405]},"A6o":{"weight":0.0,"played":[0.0,1.0],"evs":[0.0,2.69706]},"72s":{"weight":6.0E-4,"played":[1.0,0.0],"evs":[0.0,-2.82225]},"73s":{"weight":0.9999,"played":[1.0,0.0],"evs":[0.0,-2.26531]},"74s":{"weight":1.0,"played":[1.0,0.0],"evs":[0.0,-1.57546]},"75s":{"weight":0.9699,"played":[1.0,0.0],"evs":[0.0,-0.87862]},"76s":{"weight":0.1568,"played":[0.9999,1.0E-4],"evs":[0.0,-0.43431]},"77":{"weight":0.9998,"played":[0.0,1.0],"evs":[0.0,5.78979]},"87o":{"weight":0.9962,"played":[1.0,0.0],"evs":[0.0,-0.93761]},"97o":{"weight":0.9979,"played":[1.0,0.0],"evs":[0.0,-1.10105]},"T7o":{"weight":0.9734,"played":[1.0,0.0],"evs":[0.0,-1.01935]},"J7o":{"weight":0.9876,"played":[1.0,0.0],"evs":[0.0,-1.30094]},"Q7o":{"weight":0.9921,"played":[1.0,0.0],"evs":[0.0,-1.07019]},"K7o":{"weight":0.0,"played":[0.0,1.0],"evs":[0.0,0.21959]},"A7o":{"weight":0.0,"played":[0.0,1.0],"evs":[0.0,3.41931]},"82s":{"weight":0.972,"played":[1.0,0.0],"evs":[0.0,-2.67876]},"83s":{"weight":0.9974,"played":[1.0,0.0],"evs":[0.0,-2.28267]},"84s":{"weight":0.9998,"played":[1.0,0.0],"evs":[0.0,-1.60162]},"85s":{"weight":1.0,"played":[1.0,0.0],"evs":[0.0,-0.98181]},"86s":{"weight":0.9974,"played":[1.0,0.0],"evs":[0.0,-0.52194]},"87s":{"weight":0.0028,"played":[0.9869,0.0131],"evs":[0.0,-0.1543]},"88":{"weight":0.9165,"played":[0.0,1.0],"evs":[0.0,6.10819]},"98o":{"weight":1.0,"played":[1.0,0.0],"evs":[0.0,-0.66741]},"T8o":{"weight":0.9995,"played":[1.0,0.0],"evs":[0.0,-0.60597]},"J8o":{"weight":0.9997,"played":[1.0,0.0],"evs":[0.0,-0.87175]},"Q8o":{"weight":0.9939,"played":[0.9999,1.0E-4],"evs":[0.0,-0.50678]},"K8o":{"weight":0.0,"played":[0.0,1.0],"evs":[0.0,0.59996]},"A8o":{"weight":0.0,"played":[0.0,1.0],"evs":[0.0,4.18355]},"92s":{"weight":0.9995,"played":[1.0,0.0],"evs":[0.0,-2.54012]},"93s":{"weight":0.9998,"played":[1.0,0.0],"evs":[0.0,-2.14316]},"94s":{"weight":0.9957,"played":[1.0,0.0],"evs":[0.0,-1.75509]},"95s":{"weight":0.9999,"played":[1.0,0.0],"evs":[0.0,-1.16466]},"96s":{"weight":0.9848,"played":[1.0,0.0],"evs":[0.0,-0.60219]},"97s":{"weight":0.7003,"played":[0.9994,6.0E-4],"evs":[0.0,-0.30182]},"98s":{"weight":0.7962,"played":[0.0045,0.9955],"evs":[0.0,0.21775]},"99":{"weight":0.942,"played":[0.0,1.0],"evs":[0.0,6.47401]},"T9o":{"weight":0.1164,"played":[0.9991,9.0E-4],"evs":[0.0,-0.20195]},"J9o":{"weight":0.9898,"played":[1.0,0.0],"evs":[0.0,-0.48472]},"Q9o":{"weight":0.197,"played":[0.9233,0.0767],"evs":[0.0,-0.09892]},"K9o":{"weight":0.0,"played":[0.0,1.0],"evs":[0.0,1.18686]},"A9o":{"weight":0.0,"played":[0.0,1.0],"evs":[0.0,4.84438]},"T2s":{"weight":0.9998,"played":[1.0,0.0],"evs":[0.0,-2.17221]},"T3s":{"weight":0.9999,"played":[1.0,0.0],"evs":[0.0,-1.8106]},"T4s":{"weight":1.0,"played":[1.0,0.0],"evs":[0.0,-1.32768]},"T5s":{"weight":0.9994,"played":[1.0,0.0],"evs":[0.0,-1.04341]},"T6s":{"weight":0.9989,"played":[1.0,0.0],"evs":[0.0,-0.53957]},"T7s":{"weight":0.3565,"played":[0.9996,4.0E-4],"evs":[0.0,-0.20084]},"T8s":{"weight":0.5797,"played":[0.0,1.0],"evs":[0.0,0.20319]},"T9s":{"weight":0.9999,"played":[0.0,1.0],"evs":[0.0,0.60545]},"TT":{"weight":0.9383,"played":[0.0,1.0],"evs":[0.0,6.6605]},"JTo":{"weight":0.7752,"played":[0.0,1.0],"evs":[0.0,0.30302]},"QTo":{"weight":0.8612,"played":[0.0,1.0],"evs":[0.0,0.71296]},"KTo":{"weight":0.0,"played":[0.0,1.0],"evs":[0.0,1.93198]},"ATo":{"weight":0.0,"played":[0.0,1.0],"evs":[0.0,5.60509]},"J2s":{"weight":0.9999,"played":[1.0,0.0],"evs":[0.0,-2.1366]},"J3s":{"weight":0.9998,"played":[1.0,0.0],"evs":[0.0,-1.80395]},"J4s":{"weight":1.0,"played":[1.0,0.0],"evs":[0.0,-1.38635]},"J5s":{"weight":0.9135,"played":[1.0,0.0],"evs":[0.0,-0.98485]},"J6s":{"weight":0.9192,"played":[1.0,0.0],"evs":[0.0,-0.85076]},"J7s":{"weight":0.5367,"played":[1.0,0.0],"evs":[0.0,-0.42292]},"J8s":{"weight":0.1542,"played":[0.6717,0.3283],"evs":[0.0,-0.05211]},"J9s":{"weight":0.9998,"played":[0.0,1.0],"evs":[0.0,0.40761]},"JTs":{"weight":1.0,"played":[0.0,1.0],"evs":[0.0,1.06209]},"JJ":{"weight":0.9859,"played":[0.0,1.0],"evs":[0.0,6.79478]},"QJo":{"weight":0.0192,"played":[0.0,1.0],"evs":[0.0,0.72631]},"KJo":{"weight":1.0E-4,"played":[0.0,1.0],"evs":[0.0,1.96335]},"AJo":{"weight":0.0,"played":[0.0,1.0],"evs":[0.0,5.84986]},"Q2s":{"weight":1.0,"played":[1.0,0.0],"evs":[0.0,-1.78396]},"Q3s":{"weight":0.9977,"played":[0.9999,1.0E-4],"evs":[0.0,-1.43473]},"Q4s":{"weight":0.9997,"played":[1.0,0.0],"evs":[0.0,-1.05703]},"Q5s":{"weight":0.4165,"played":[0.9999,1.0E-4],"evs":[0.0,-0.60271]},"Q6s":{"weight":0.1225,"played":[0.9997,3.0E-4],"evs":[0.0,-0.37588]},"Q7s":{"weight":0.9948,"played":[0.9898,0.0102],"evs":[0.0,-0.20631]},"Q8s":{"weight":0.961,"played":[0.0,1.0],"evs":[0.0,0.23585]},"Q9s":{"weight":1.0,"played":[0.0,1.0],"evs":[0.0,0.71853]},"QTs":{"weight":0.9998,"played":[0.0,1.0],"evs":[0.0,1.41721]},"QJs":{"weight":0.9992,"played":[0.0,1.0],"evs":[0.0,1.41711]},"QQ":{"weight":0.9863,"played":[0.0,1.0],"evs":[0.0,7.10649]},"KQo":{"weight":0.9362,"played":[0.0,1.0],"evs":[0.0,2.11685]},"AQo":{"weight":0.0,"played":[0.0,1.0],"evs":[0.0,6.32904]},"K2s":{"weight":0.1079,"played":[1.0,0.0],"evs":[0.0,-0.51938]},"K3s":{"weight":8.0E-4,"played":[0.9998,2.0E-4],"evs":[0.0,-0.19132]},"K4s":{"weight":1.0E-4,"played":[0.0938,0.9062],"evs":[0.0,0.04046]},"K5s":{"weight":0.8647,"played":[0.0,1.0],"evs":[0.0,0.46804]},"K6s":{"weight":0.3012,"played":[0.0,1.0],"evs":[0.0,0.72419]},"K7s":{"weight":0.8051,"played":[0.0,1.0],"evs":[0.0,0.98143]},"K8s":{"weight":0.0248,"played":[0.0,1.0],"evs":[0.0,1.35567]},"K9s":{"weight":0.656,"played":[0.0,1.0],"evs":[0.0,1.82681]},"KTs":{"weight":0.902,"played":[0.0,1.0],"evs":[0.0,2.59896]},"KJs":{"weight":0.9918,"played":[0.0,1.0],"evs":[0.0,2.60604]},"KQs":{"weight":0.9963,"played":[0.0,1.0],"evs":[0.0,2.73233]},"KK":{"weight":1.0,"played":[0.0,1.0],"evs":[0.0,8.11274]},"AKo":{"weight":0.3013,"played":[0.0,1.0],"evs":[0.0,6.88762]},"A2s":{"weight":1.0E-4,"played":[0.0,1.0],"evs":[0.0,2.1875]},"A3s":{"weight":0.8439,"played":[0.0,1.0],"evs":[0.0,2.51266]},"A4s":{"weight":0.8355,"played":[0.0,1.0],"evs":[0.0,2.80594]},"A5s":{"weight":0.9911,"played":[0.0,1.0],"evs":[0.0,3.13347]},"A6s":{"weight":0.009,"played":[0.0,1.0],"evs":[0.0,3.28226]},"A7s":{"weight":1.0E-4,"played":[0.0,1.0],"evs":[0.0,3.94717]},"A8s":{"weight":9.0E-4,"played":[0.0,1.0],"evs":[0.0,4.66115]},"A9s":{"weight":0.0,"played":[0.0,1.0],"evs":[0.0,5.36534]},"ATs":{"weight":0.8867,"played":[0.0,1.0],"evs":[0.0,6.05186]},"AJs":{"weight":0.9634,"played":[0.0,1.0],"evs":[0.0,6.24277]},"AQs":{"weight":0.9803,"played":[0.0,1.0],"evs":[0.0,6.67668]},"AKs":{"weight":0.9987,"played":[0.0,1.0],"evs":[0.0,7.18485]},"AA":{"weight":0.9927,"played":[0.0,1.0],"evs":[0.0,11.47208]}}}