{"player":3,"street":0,"children":2,"sequence":[{"player":0,"type":"F","amount":0,"street":0},{"player":1,"type":"R","amount":200000,"street":0},{"player":2,"type":"F","amount":0,"street":0},{"player":3,"type":"C","amount":200000,"street":0},{"player":4,"type":"F","amount":0,"street":0},{"player":5,"type":"R","amount":1875000,"street":0},{"player":1,"type":"C","amount":1675000,"street":0}],"actions":[{"type":"F","amount":0},{"type":"C","amount":405000}],"hands":{"22":{"weight":0.0,"played":[0.0,1.0],"evs":[0.0,0.5536]},"32o":{"weight":0.0,"played":[0.9999,1.0E-4],"evs":[0.0,-0.74935]},"42o":{"weight":0.0,"played":[0.9999,1.0E-4],"evs":[0.0,-0.64565]},"52o":{"weight":0.0,"played":[0.9986,0.0014],"evs":[0.0,-0.49906]},"62o":{"weight":0.0,"played":[1.0,0.0],"evs":[0.0,-0.90223]},"72o":{"weight":0.0,"played":[1.0,0.0],"evs":[0.0,-1.16067]},"82o":{"weight":0.0,"played":[1.0,0.0],"evs":[0.0,-1.03592]},"92o":{"weight":0.0,"played":[1.0,0.0],"evs":[0.0,-0.84202]},"T2o":{"weight":0.0,"played":[0.9999,1.0E-4],"evs":[0.0,-1.02899]},"J2o":{"weight":0.0,"played":[0.9999,1.0E-4],"evs":[0.0,-0.8601]},"Q2o":{"weight":0.0,"played":[0.9998,2.0E-4],"evs":[0.0,-0.85425]},"K2o":{"weight":0.0,"played":[0.9992,8.0E-4],"evs":[0.0,-0.7218]},"A2o":{"weight":0.0,"played":[0.9979,0.0021],"evs":[0.0,-0.42583]},"32s":{"weight":0.0,"played":[0.8432,0.1568],"evs":[0.0,-0.01655]},"33":{"weight":0.1302,"played":[0.0,1.0],"evs":[0.0,0.89518]},"43o":{"weight":0.0,"played":[0.9956,0.0044],"evs":[0.0,-0.33742]},"53o":{"weight":0.0,"played":[0.9994,6.0E-4],"evs":[0.0,-0.2424]},"63o":{"weight":0.0,"played":[1.0,0.0],"evs":[0.0,-0.51394]},"73o":{"weight":0.0,"played":[1.0,0.0],"evs":[0.0,-0.70924]},"83o":{"weight":0.0,"played":[0.9995,5.0E-4],"evs":[0.0,-1.02873]},"93o":{"weight":0.0,"played":[0.9999,1.0E-4],"evs":[0.0,-0.92484]},"T3o":{"weight":0.0,"played":[1.0,0.0],"evs":[0.0,-0.89441]},"J3o":{"weight":0.0,"played":[0.9999,1.0E-4],"evs":[0.0,-0.91764]},"Q3o":{"weight":0.0,"played":[0.9984,0.0016],"evs":[0.0,-0.68881]},"K3o":{"weight":0.0,"played":[0.9981,0.0019],"evs":[0.0,-0.63243]},"A3o":{"weight":0.0,"played":[0.9383,0.0617],"evs":[0.0,-0.17423]},"42s":{"weight":0.0,"played":[0.4996,0.5004],"evs":[0.0,-0.12975]},"43s":{"weight":0.0,"played":[4.0E-4,0.9996],"evs":[0.0,0.39076]},"44":{"weight":0.0118,"played":[0.0,1.0],"evs":[0.0,0.99495]},"54o":{"weight":0.0,"played":[0.0979,0.9021],"evs":[0.0,0.08144]},"64o":{"weight":0.0,"played":[0.9983,0.0017],"evs":[0.0,-0.20592]},"74o":{"weight":0.0,"played":[0.9998,2.0E-4],"evs":[0.0,-0.45319]},"84o":{"weight":0.0,"played":[0.9999,1.0E-4],"evs":[0.0,-0.63201]},"94o":{"weight":0.0,"played":[1.0,0.0],"evs":[0.0,-0.70265]},"T4o":{"weight":0.0,"played":[1.0,0.0],"evs":[0.0,-0.84379]},"J4o":{"weight":0.0,"played":[1.0,0.0],"evs":[0.0,-0.78755]},"Q4o":{"weight":0.0,"played":[0.9979,0.0021],"evs":[0.0,-0.57513]},"K4o":{"weight":0.0,"played":[0.9998,2.0E-4],"evs":[0.0,-0.45137]},"A4o":{"weight":1.0E-4,"played":[0.9195,0.0805],"evs":[0.0,-0.14176]},"52s":{"weight":0.0,"played":[0.002,0.998],"evs":[0.0,0.12677]},"53s":{"weight":0.0,"played":[1.0E-4,0.9999],"evs":[0.0,0.45096]},"54s":{"weight":0.0,"played":[0.0037,0.9963],"evs":[0.0,0.83883]},"55":{"weight":0.0497,"played":[0.0,1.0],"evs":[0.0,1.28218]},"65o":{"weight":0.0,"played":[0.0033,0.9967],"evs":[0.0,0.10409]},"75o":{"weight":0.0,"played":[0.9982,0.0018],"evs":[0.0,-0.17332]},"85o":{"weight":0.0,"played":[0.9982,0.0018],"evs":[0.0,-0.30284]},"95o":{"weight":0.0,"played":[1.0,0.0],"evs":[0.0,-0.50938]},"T5o":{"weight":0.0,"played":[1.0,0.0],"evs":[0.0,-0.77015]},"J5o":{"weight":0.0,"played":[0.9998,2.0E-4],"evs":[0.0,-0.64936]},"Q5o":{"weight":0.0,"played":[0.9944,0.0056],"evs":[0.0,-0.57493]},"K5o":{"weight":0.0,"played":[0.9945,0.0055],"evs":[0.0,-0.30897]},"A5o":{"weight":0.0,"played":[0.4854,0.5146],"evs":[0.0,-0.05398]},"62s":{"weight":0.0,"played":[0.9645,0.0355],"evs":[0.0,-0.23828]},"63s":{"weight":0.0,"played":[0.0469,0.9531],"evs":[0.0,0.02911]},"64s":{"weight":0.0,"played":[0.0,1.0],"evs":[0.0,0.50859]},"65s":{"weight":0.0,"played":[3.0E-4,0.9997],"evs":[0.0,0.53909]},"66":{"weight":0.3772,"played":[0.0,1.0],"evs":[0.0,1.2254]},"76o":{"weight":0.0,"played":[0.9744,0.0256],"evs":[0.0,-0.02138]},"86o":{"weight":0.0,"played":[0.9651,0.0349],"evs":[0.0,-0.1895]},"96o":{"weight":0.0,"played":[0.9966,0.0034],"evs":[0.0,-0.31647]},"T6o":{"weight":0.0,"played":[0.9995,5.0E-4],"evs":[0.0,-0.63764]},"J6o":{"weight":0.0,"played":[0.9974,0.0026],"evs":[0.0,-0.81654]},"Q6o":{"weight":0.0,"played":[0.9974,0.0026],"evs":[0.0,-0.69427]},"K6o":{"weight":0.0,"played":[0.9959,0.0041],"evs":[0.0,-0.49803]},"A6o":{"weight":1.0E-4,"played":[0.9795,0.0205],"evs":[0.0,-0.2998]},"72s":{"weight":0.0,"played":[0.9956,0.0044],"evs":[0.0,-0.30353]},"73s":{"weight":0.0,"played":[0.3916,0.6084],"evs":[0.0,0.01004]},"74s":{"weight":0.0,"played":[0.0,1.0],"evs":[0.0,0.34552]},"75s":{"weight":0.0,"played":[0.0011,0.9989],"evs":[0.0,0.58598]},"76s":{"weight":0.0,"played":[3.0E-4,0.9997],"evs":[0.0,0.92666]},"77":{"weight":0.0015,"played":[0.0,1.0],"evs":[0.0,1.41588]},"87o":{"weight":0.0,"played":[0.6814,0.3186],"evs":[0.0,0.00878]},"97o":{"weight":0.0,"played":[0.5196,0.4804],"evs":[0.0,-0.03565]},"T7o":{"weight":0.0,"played":[0.9998,2.0E-4],"evs":[0.0,-0.45439]},"J7o":{"weight":0.0,"played":[0.9984,0.0016],"evs":[0.0,-0.52571]},"Q7o":{"weight":0.0,"played":[0.998,0.002],"evs":[0.0,-0.59691]},"K7o":{"weight":0.0,"played":[0.9921,0.0079],"evs":[0.0,-0.40042]},"A7o":{"weight":0.0,"played":[0.7108,0.2892],"evs":[0.0,-0.08236]},"82s":{"weight":0.0,"played":[0.7155,0.2845],"evs":[0.0,-0.1189]},"83s":{"weight":0.0,"played":[0.9836,0.0164],"evs":[0.0,-0.33801]},"84s":{"weight":0.0,"played":[0.4162,0.5838],"evs":[0.0,0.09527]},"85s":{"weight":0.0,"played":[0.004,0.996],"evs":[0.0,0.40687]},"86s":{"weight":0.0,"played":[3.0E-4,0.9997],"evs":[0.0,0.41]},"87s":{"weight":0.0,"played":[0.0,1.0],"evs":[0.0,0.70078]},"88":{"weight":0.0051,"played":[0.0,1.0],"evs":[0.0,1.64703]},"98o":{"weight":0.0,"played":[0.1842,0.8158],"evs":[0.0,0.05912]},"T8o":{"weight":0.0,"played":[0.4956,0.5044],"evs":[0.0,-0.01238]},"J8o":{"weight":0.0,"played":[0.9976,0.0024],"evs":[0.0,-0.31799]},"Q8o":{"weight":0.0,"played":[0.9959,0.0041],"evs":[0.0,-0.36984]},"K8o":{"weight":0.0,"played":[0.9942,0.0058],"evs":[0.0,-0.43036]},"A8o":{"weight":0.0,"played":[0.0,1.0],"evs":[0.0,0.13101]},"92s":{"weight":0.0,"played":[0.9546,0.0454],"evs":[0.0,-0.31151]},"93s":{"weight":0.0,"played":[0.7414,0.2586],"evs":[0.0,0.00804]},"94s":{"weight":0.0,"played":[0.9891,0.0109],"evs":[0.0,-0.14644]},"95s":{"weight":0.0,"played":[0.16,0.84],"evs":[0.0,0.17995]},"96s":{"weight":0.0,"played":[0.0032,0.9968],"evs":[0.0,0.39527]},"97s":{"weight":0.0,"played":[0.0,1.0],"evs":[0.0,0.64906]},"98s":{"weight":0.0,"played":[0.0,1.0],"evs":[0.0,0.86099]},"99":{"weight":0.003,"played":[0.0,1.0],"evs":[0.0,2.14777]},"T9o":{"weight":0.0,"played":[0.1116,0.8884],"evs":[0.0,0.16358]},"J9o":{"weight":0.0,"played":[0.6996,0.3004],"evs":[0.0,-0.05933]},"Q9o":{"weight":0.0,"played":[0.9566,0.0434],"evs":[0.0,-0.05192]},"K9o":{"weight":0.0,"played":[0.935,0.065],"evs":[0.0,-0.03472]},"A9o":{"weight":0.0,"played":[0.0,1.0],"evs":[0.0,0.3139]},"T2s":{"weight":0.0,"played":[0.9693,0.0307],"evs":[0.0,-0.38188]},"T3s":{"weight":0.0,"played":[0.9326,0.0674],"evs":[0.0,-0.14775]},"T4s":{"weight":0.0,"played":[0.9754,0.0246],"evs":[0.0,-0.04336]},"T5s":{"weight":0.0,"played":[0.4053,0.5947],"evs":[0.0,0.14593]},"T6s":{"weight":0.0,"played":[0.0016,0.9984],"evs":[0.0,0.20312]},"T7s":{"weight":0.0,"played":[0.0638,0.9362],"evs":[0.0,0.28897]},"T8s":{"weight":0.0,"played":[6.0E-4,0.9994],"evs":[0.0,0.58421]},"T9s":{"weight":1.0E-4,"played":[0.0,1.0],"evs":[0.0,0.84628]},"TT":{"weight":8.0E-4,"played":[0.0,1.0],"evs":[0.0,2.34527]},"JTo":{"weight":0.0,"played":[0.3028,0.6972],"evs":[0.0,0.06971]},"QTo":{"weight":0.0,"played":[0.0,1.0],"evs":[0.0,0.17243]},"KTo":{"weight":1.0E-4,"played":[0.0019,0.9981],"evs":[0.0,0.22653]},"ATo":{"weight":0.0,"played":[0.0,1.0],"evs":[0.0,0.9167]},"J2s":{"weight":0.0,"played":[0.997,0.003],"evs":[0.0,-0.19159]},"J3s":{"weight":0.0,"played":[0.7522,0.2478],"evs":[0.0,-0.15168]},"J4s":{"weight":0.0,"played":[0.4554,0.5446],"evs":[0.0,0.14808]},"J5s":{"weight":0.0,"played":[0.5937,0.4063],"evs":[0.0,0.07308]},"J6s":{"weight":0.0,"played":[0.8448,0.1552],"evs":[0.0,-0.10893]},"J7s":{"weight":1.0E-4,"played":[0.1659,0.8341],"evs":[0.0,0.19723]},"J8s":{"weight":0.0,"played":[1.0E-4,0.9999],"evs":[0.0,0.51699]},"J9s":{"weight":0.0,"played":[0.0,1.0],"evs":[0.0,0.63554]},"JTs":{"weight":0.9999,"played":[0.0,1.0],"evs":[0.0,0.75988]},"JJ":{"weight":2.0E-4,"played":[0.0,1.0],"evs":[0.0,3.169]},"QJo":{"weight":0.0026,"played":[0.0,1.0],"evs":[0.0,0.28656]},"KJo":{"weight":0.0,"played":[0.0,1.0],"evs":[0.0,0.39512]},"AJo":{"weight":0.0,"played":[0.0,1.0],"evs":[0.0,1.43043]},"Q2s":{"weight":0.0,"played":[0.5231,0.4769],"evs":[0.0,-0.05273]},"Q3s":{"weight":0.0,"played":[0.5131,0.4869],"evs":[0.0,-0.05426]},"Q4s":{"weight":0.0,"played":[0.0552,0.9448],"evs":[0.0,0.11371]},"Q5s":{"weight":0.0,"played":[0.0622,0.9378],"evs":[0.0,0.21262]},"Q6s":{"weight":0.0,"played":[0.0307,0.9693],"evs":[0.0,0.20266]},"Q7s":{"weight":0.0,"played":[4.0E-4,0.9996],"evs":[0.0,0.19694]},"Q8s":{"weight":0.0,"played":[0.0,1.0],"evs":[0.0,0.51361]},"Q9s":{"weight":0.0013,"played":[0.0,1.0],"evs":[0.0,0.55688]},"QTs":{"weight":1.0,"played":[0.0,1.0],"evs":[0.0,0.90722]},"QJs":{"weight":0.8499,"played":[0.0,1.0],"evs":[0.0,0.91341]},"QQ":{"weight":0.0,"played":[0.0,1.0],"evs":[0.0,4.06842]},"KQo":{"weight":0.0,"played":[0.0,1.0],"evs":[0.0,0.81677]},"AQo":{"weight":0.0,"played":[0.0,1.0],"evs":[0.0,1.94267]},"K2s":{"weight":0.0,"played":[0.1796,0.8204],"evs":[0.0,0.11293]},"K3s":{"weight":0.0,"played":[0.0309,0.9691],"evs":[0.0,0.19444]},"K4s":{"weight":0.0,"played":[0.0146,0.9854],"evs":[0.0,0.19163]},"K5s":{"weight":0.0,"played":[0.0095,0.9905],"evs":[0.0,0.56995]},"K6s":{"weight":0.0,"played":[0.0024,0.9976],"evs":[0.0,0.24135]},"K7s":{"weight":0.0,"played":[0.0,1.0],"evs":[0.0,0.2928]},"K8s":{"weight":0.026,"played":[0.0,1.0],"evs":[0.0,0.30129]},"K9s":{"weight":0.8245,"played":[0.0,1.0],"evs":[0.0,0.62616]},"KTs":{"weight":0.0,"played":[2.0E-4,0.9998],"evs":[0.0,1.01224]},"KJs":{"weight":0.0,"played":[0.0,1.0],"evs":[0.0,1.10494]},"KQs":{"weight":1.0E-4,"played":[0.0,1.0],"evs":[0.0,1.53592]},"KK":{"weight":0.0,"played":[0.0,1.0],"evs":[0.0,6.22607]},"AKo":{"weight":0.0,"played":[0.0,1.0],"evs":[0.0,3.084]},"A2s":{"weight":4.0E-4,"played":[0.0,1.0],"evs":[0.0,0.49721]},"A3s":{"weight":2.0E-4,"played":[0.0,1.0],"evs":[0.0,0.50881]},"A4s":{"weight":0.0,"played":[0.0,1.0],"evs":[0.0,0.51645]},"A5s":{"weight":0.0,"played":[0.0,1.0],"evs":[0.0,0.87441]},"A6s":{"weight":0.0011,"played":[0.0,1.0],"evs":[0.0,0.3797]},"A7s":{"weight":2.0E-4,"played":[0.0,1.0],"evs":[0.0,0.83159]},"A8s":{"weight":7.0E-4,"played":[0.0,1.0],"evs":[0.0,0.90215]},"A9s":{"weight":0.0012,"played":[0.0,1.0],"evs":[0.0,1.1655]},"ATs":{"weight":2.0E-4,"played":[0.0,1.0],"evs":[0.0,1.79438]},"AJs":{"weight":0.0,"played":[0.0,1.0],"evs":[0.0,2.21361]},"AQs":{"weight":0.0,"played":[0.0,1.0],"evs":[0.0,2.61309]},"AKs":{"weight":0.0018,"played":[0.0,1.0],"evs":[0.0,3.55027]},"AA":{"weight":0.079,"played":[0.0,1.0],"evs":[0.0,9.82728]}}}