{"player":1,"street":0,"children":2,"sequence":[{"player":0,"type":"F","amount":0,"street":0},{"player":1,"type":"R","amount":200000,"street":0},{"player":2,"type":"F","amount":0,"street":0},{"player":3,"type":"C","amount":200000,"street":0},{"player":4,"type":"C","amount":150000,"street":0},{"player":5,"type":"R","amount":1875000,"street":0}],"actions":[{"type":"F","amount":0,"node":85},{"type":"C","amount":1675000,"node":88}],"hands":{"22":{"weight":8.0E-4,"played":[0.1325,0.8675],"evs":[0.0,2.00941]},"32o":{"weight":0.0,"played":[0.9999,1.0E-4],"evs":[0.0,-4.11892]},"42o":{"weight":0.0,"played":[0.9999,1.0E-4],"evs":[0.0,-1.67911]},"52o":{"weight":0.0,"played":[0.9913,0.0087],"evs":[0.0,-1.87898]},"62o":{"weight":0.0,"played":[0.9977,0.0023],"evs":[0.0,-2.7979]},"72o":{"weight":0.0,"played":[0.9989,0.0011],"evs":[0.0,-4.45034]},"82o":{"weight":0.0,"played":[0.9947,0.0053],"evs":[0.0,-2.95919]},"92o":{"weight":0.0,"played":[0.9999,1.0E-4],"evs":[0.0,-2.472]},"T2o":{"weight":0.0,"played":[0.9996,4.0E-4],"evs":[0.0,-4.06577]},"J2o":{"weight":0.0,"played":[0.982,0.018],"evs":[0.0,-3.18653]},"Q2o":{"weight":0.0,"played":[0.9751,0.0249],"evs":[0.0,-2.65483]},"K2o":{"weight":0.0,"played":[0.9792,0.0208],"evs":[0.0,-1.30033]},"A2o":{"weight":0.9235,"played":[0.0135,0.9865],"evs":[0.0,0.24456]},"32s":{"weight":0.0,"played":[0.8659,0.1341],"evs":[0.0,-0.73582]},"33":{"weight":0.3131,"played":[5.0E-4,0.9995],"evs":[0.0,4.65027]},"43o":{"weight":0.0,"played":[0.9947,0.0053],"evs":[0.0,-3.27456]},"53o":{"weight":0.0,"played":[0.9858,0.0142],"evs":[0.0,-3.35026]},"63o":{"weight":0.0,"played":[1.0,0.0],"evs":[0.0,-1.97623]},"73o":{"weight":0.0,"played":[0.9936,0.0064],"evs":[0.0,-3.19034]},"83o":{"weight":0.0,"played":[0.9921,0.0079],"evs":[0.0,-3.23866]},"93o":{"weight":0.0,"played":[0.9325,0.0675],"evs":[0.0,-4.56681]},"T3o":{"weight":0.0,"played":[0.9833,0.0167],"evs":[0.0,-3.78093]},"J3o":{"weight":0.0,"played":[0.9753,0.0247],"evs":[0.0,-4.13374]},"Q3o":{"weight":0.0,"played":[0.9485,0.0515],"evs":[0.0,-3.117]},"K3o":{"weight":0.0,"played":[0.365,0.635],"evs":[0.0,-0.23217]},"A3o":{"weight":0.1133,"played":[9.0E-4,0.9991],"evs":[0.0,1.6983]},"42s":{"weight":0.0,"played":[0.9719,0.0281],"evs":[0.0,-2.86745]},"43s":{"weight":0.0,"played":[0.8389,0.1611],"evs":[0.0,-2.60272]},"44":{"weight":1.0E-4,"played":[0.0,1.0],"evs":[0.0,4.54742]},"54o":{"weight":0.0,"played":[0.9768,0.0232],"evs":[0.0,-1.41801]},"64o":{"weight":0.0,"played":[0.7661,0.2339],"evs":[0.0,-0.31038]},"74o":{"weight":0.0,"played":[0.7472,0.2528],"evs":[0.0,-0.85958]},"84o":{"weight":0.0,"played":[0.9982,0.0018],"evs":[0.0,-1.42067]},"94o":{"weight":0.0,"played":[0.999,0.001],"evs":[0.0,-2.08701]},"T4o":{"weight":0.0,"played":[0.9999,1.0E-4],"evs":[0.0,-3.57035]},"J4o":{"weight":0.0,"played":[0.9994,6.0E-4],"evs":[0.0,-2.59624]},"Q4o":{"weight":0.0,"played":[0.9976,0.0024],"evs":[0.0,-3.09022]},"K4o":{"weight":0.0,"played":[0.9593,0.0407],"evs":[0.0,-1.72253]},"A4o":{"weight":1.0E-4,"played":[0.0,1.0],"evs":[0.0,1.11239]},"52s":{"weight":0.0,"played":[0.9488,0.0512],"evs":[0.0,-1.95968]},"53s":{"weight":0.0,"played":[0.9961,0.0039],"evs":[0.0,-0.80036]},"54s":{"weight":0.0,"played":[0.0386,0.9614],"evs":[0.0,2.46432]},"55":{"weight":0.0,"played":[2.0E-4,0.9998],"evs":[0.0,7.31317]},"65o":{"weight":0.0,"played":[0.0115,0.9885],"evs":[0.0,1.40094]},"75o":{"weight":0.0,"played":[0.772,0.228],"evs":[0.0,-0.20171]},"85o":{"weight":0.0,"played":[0.984,0.016],"evs":[0.0,-1.70231]},"95o":{"weight":0.0,"played":[0.9475,0.0525],"evs":[0.0,-1.19733]},"T5o":{"weight":0.0,"played":[0.8794,0.1206],"evs":[0.0,-2.24228]},"J5o":{"weight":0.0,"played":[0.9977,0.0023],"evs":[0.0,-2.50945]},"Q5o":{"weight":0.0,"played":[0.9449,0.0551],"evs":[0.0,-2.30047]},"K5o":{"weight":0.0,"played":[0.9294,0.0706],"evs":[0.0,0.01133]},"A5o":{"weight":0.0,"played":[2.0E-4,0.9998],"evs":[0.0,3.51758]},"62s":{"weight":0.0,"played":[0.3318,0.6682],"evs":[0.0,0.01136]},"63s":{"weight":0.0,"played":[0.9093,0.0907],"evs":[0.0,0.87998]},"64s":{"weight":0.0,"played":[0.4344,0.5656],"evs":[0.0,-0.06695]},"65s":{"weight":0.0275,"played":[0.2367,0.7633],"evs":[0.0,1.22806]},"66":{"weight":0.0,"played":[1.0E-4,0.9999],"evs":[0.0,8.66226]},"76o":{"weight":0.0,"played":[0.0656,0.9344],"evs":[0.0,0.19569]},"86o":{"weight":0.0,"played":[0.0596,0.9404],"evs":[0.0,0.67776]},"96o":{"weight":0.0,"played":[0.7574,0.2426],"evs":[0.0,0.21966]},"T6o":{"weight":0.0,"played":[0.9979,0.0021],"evs":[0.0,-1.81616]},"J6o":{"weight":0.0,"played":[0.9893,0.0107],"evs":[0.0,-1.93607]},"Q6o":{"weight":0.0,"played":[0.9991,9.0E-4],"evs":[0.0,-1.24815]},"K6o":{"weight":0.0,"played":[0.9731,0.0269],"evs":[0.0,-2.37694]},"A6o":{"weight":0.5189,"played":[1.0E-4,0.9999],"evs":[0.0,2.06297]},"72s":{"weight":0.0,"played":[0.713,0.287],"evs":[0.0,-0.96129]},"73s":{"weight":0.0,"played":[0.998,0.002],"evs":[0.0,-1.98169]},"74s":{"weight":0.0,"played":[0.8642,0.1358],"evs":[0.0,-0.39617]},"75s":{"weight":1.0E-4,"played":[0.9637,0.0363],"evs":[0.0,-0.31336]},"76s":{"weight":1.0E-4,"played":[0.0655,0.9345],"evs":[0.0,-0.05389]},"77":{"weight":0.0058,"played":[0.0,1.0],"evs":[0.0,10.47228]},"87o":{"weight":0.0,"played":[0.27,0.73],"evs":[0.0,0.60016]},"97o":{"weight":0.0,"played":[0.3996,0.6004],"evs":[0.0,-0.45465]},"T7o":{"weight":0.0,"played":[0.9869,0.0131],"evs":[0.0,-0.88086]},"J7o":{"weight":0.0,"played":[0.9571,0.0429],"evs":[0.0,-3.15479]},"Q7o":{"weight":0.0,"played":[0.6231,0.3769],"evs":[0.0,-1.40208]},"K7o":{"weight":0.0,"played":[0.9646,0.0354],"evs":[0.0,-1.03852]},"A7o":{"weight":0.2141,"played":[0.0674,0.9326],"evs":[0.0,3.82423]},"82s":{"weight":0.0,"played":[0.831,0.169],"evs":[0.0,-0.68057]},"83s":{"weight":0.0,"played":[0.8321,0.1679],"evs":[0.0,-2.30001]},"84s":{"weight":0.0,"played":[0.959,0.041],"evs":[0.0,-1.66136]},"85s":{"weight":0.0,"played":[0.0824,0.9176],"evs":[0.0,1.0171]},"86s":{"weight":0.057,"played":[0.0014,0.9986],"evs":[0.0,2.00888]},"87s":{"weight":0.363,"played":[0.081,0.919],"evs":[0.0,4.34086]},"88":{"weight":0.0,"played":[0.0,1.0],"evs":[0.0,11.25387]},"98o":{"weight":0.0,"played":[0.224,0.776],"evs":[0.0,0.61344]},"T8o":{"weight":0.0,"played":[0.4116,0.5884],"evs":[0.0,-0.32474]},"J8o":{"weight":0.0,"played":[0.808,0.192],"evs":[0.0,-1.71337]},"Q8o":{"weight":0.0,"played":[0.9949,0.0051],"evs":[0.0,-1.70541]},"K8o":{"weight":0.0,"played":[0.1168,0.8832],"evs":[0.0,0.27751]},"A8o":{"weight":0.0893,"played":[2.0E-4,0.9998],"evs":[0.0,4.14352]},"92s":{"weight":0.0,"played":[0.933,0.067],"evs":[0.0,-2.22763]},"93s":{"weight":0.0,"played":[0.9179,0.0821],"evs":[0.0,-3.22287]},"94s":{"weight":0.0,"played":[0.6424,0.3576],"evs":[0.0,-1.52063]},"95s":{"weight":0.0,"played":[0.8345,0.1655],"evs":[0.0,-1.18186]},"96s":{"weight":1.0E-4,"played":[0.7852,0.2148],"evs":[0.0,-0.1689]},"97s":{"weight":0.0265,"played":[0.3818,0.6182],"evs":[0.0,-0.83399]},"98s":{"weight":3.0E-4,"played":[0.0498,0.9502],"evs":[0.0,2.47906]},"99":{"weight":0.0,"played":[1.0E-4,0.9999],"evs":[0.0,13.08086]},"T9o":{"weight":0.2101,"played":[0.6958,0.3042],"evs":[0.0,-1.51231]},"J9o":{"weight":0.0,"played":[0.2757,0.7243],"evs":[0.0,0.08901]},"Q9o":{"weight":0.0,"played":[0.5866,0.4134],"evs":[0.0,-1.83257]},"K9o":{"weight":0.5405,"played":[1.0E-4,0.9999],"evs":[0.0,1.24704]},"A9o":{"weight":0.0,"played":[0.0,1.0],"evs":[0.0,5.77729]},"T2s":{"weight":0.0,"played":[0.1992,0.8008],"evs":[0.0,1.8931]},"T3s":{"weight":0.0,"played":[0.4078,0.5922],"evs":[0.0,-0.86173]},"T4s":{"weight":0.0,"played":[0.9084,0.0916],"evs":[0.0,-0.06817]},"T5s":{"weight":0.0,"played":[0.8985,0.1015],"evs":[0.0,-1.18933]},"T6s":{"weight":0.0,"played":[0.3969,0.6031],"evs":[0.0,0.41763]},"T7s":{"weight":0.9798,"played":[0.4134,0.5866],"evs":[0.0,0.30452]},"T8s":{"weight":0.0,"played":[0.0108,0.9892],"evs":[0.0,0.76509]},"T9s":{"weight":0.0244,"played":[0.0518,0.9482],"evs":[0.0,3.30835]},"TT":{"weight":2.0E-4,"played":[3.0E-4,0.9997],"evs":[0.0,11.69299]},"JTo":{"weight":0.0282,"played":[0.0048,0.9952],"evs":[0.0,0.97741]},"QTo":{"weight":0.2928,"played":[0.0,1.0],"evs":[0.0,1.98631]},"KTo":{"weight":0.0,"played":[0.0,1.0],"evs":[0.0,2.84078]},"ATo":{"weight":0.0,"played":[0.0,1.0],"evs":[0.0,7.45803]},"J2s":{"weight":0.0,"played":[0.7349,0.2651],"evs":[0.0,-1.18322]},"J3s":{"weight":0.0,"played":[0.3713,0.6287],"evs":[0.0,1.27308]},"J4s":{"weight":0.0,"played":[0.443,0.557],"evs":[0.0,-0.2068]},"J5s":{"weight":0.0,"played":[0.7998,0.2002],"evs":[0.0,-3.1652]},"J6s":{"weight":0.0,"played":[0.7081,0.2919],"evs":[0.0,-1.53132]},"J7s":{"weight":0.9446,"played":[0.3661,0.6339],"evs":[0.0,1.1144]},"J8s":{"weight":0.1917,"played":[0.2797,0.7203],"evs":[0.0,1.75728]},"J9s":{"weight":0.0378,"played":[0.0952,0.9048],"evs":[0.0,1.3517]},"JTs":{"weight":0.9379,"played":[0.0117,0.9883],"evs":[0.0,0.88751]},"JJ":{"weight":0.0048,"played":[0.0,1.0],"evs":[0.0,18.20928]},"QJo":{"weight":2.0E-4,"played":[0.0858,0.9142],"evs":[0.0,2.29031]},"KJo":{"weight":0.0,"played":[1.0E-4,0.9999],"evs":[0.0,3.26107]},"AJo":{"weight":0.0,"played":[1.0E-4,0.9999],"evs":[0.0,7.92878]},"Q2s":{"weight":0.0,"played":[0.9426,0.0574],"evs":[0.0,-1.94071]},"Q3s":{"weight":0.0,"played":[0.713,0.287],"evs":[0.0,-1.00534]},"Q4s":{"weight":0.0,"played":[0.018,0.982],"evs":[0.0,1.1384]},"Q5s":{"weight":0.0,"played":[0.0025,0.9975],"evs":[0.0,4.73049]},"Q6s":{"weight":5.0E-4,"played":[0.1345,0.8655],"evs":[0.0,-0.95262]},"Q7s":{"weight":0.389,"played":[0.1134,0.8866],"evs":[0.0,2.01602]},"Q8s":{"weight":0.0584,"played":[0.0,1.0],"evs":[0.0,0.75009]},"Q9s":{"weight":0.009,"played":[0.7796,0.2204],"evs":[0.0,-0.41484]},"QTs":{"weight":0.0807,"played":[0.0166,0.9834],"evs":[0.0,3.75412]},"QJs":{"weight":0.8632,"played":[0.002,0.998],"evs":[0.0,3.38967]},"QQ":{"weight":0.6225,"played":[0.0,1.0],"evs":[0.0,19.00857]},"KQo":{"weight":0.0,"played":[0.0,1.0],"evs":[0.0,3.78469]},"AQo":{"weight":0.0,"played":[0.0,1.0],"evs":[0.0,10.65306]},"K2s":{"weight":0.0,"played":[0.7383,0.2617],"evs":[0.0,-0.51994]},"K3s":{"weight":0.0,"played":[0.1466,0.8534],"evs":[0.0,1.31208]},"K4s":{"weight":0.5636,"played":[0.4421,0.5579],"evs":[0.0,-0.05371]},"K5s":{"weight":1.0E-4,"played":[0.0748,0.9252],"evs":[0.0,0.37272]},"K6s":{"weight":1.0E-4,"played":[0.0012,0.9988],"evs":[0.0,3.07583]},"K7s":{"weight":0.0014,"played":[0.0805,0.9195],"evs":[0.0,2.49326]},"K8s":{"weight":0.0,"played":[0.2738,0.7262],"evs":[0.0,3.19943]},"K9s":{"weight":0.0,"played":[0.0144,0.9856],"evs":[0.0,4.25179]},"KTs":{"weight":0.285,"played":[8.0E-4,0.9992],"evs":[0.0,4.91355]},"KJs":{"weight":0.0037,"played":[0.0,1.0],"evs":[0.0,5.03566]},"KQs":{"weight":1.0E-4,"played":[0.0124,0.9876],"evs":[0.0,8.83229]},"KK":{"weight":1.0,"played":[0.0,1.0],"evs":[0.0,22.89427]},"AKo":{"weight":0.0015,"played":[1.0E-4,0.9999],"evs":[0.0,12.26263]},"A2s":{"weight":0.0,"played":[0.1488,0.8512],"evs":[0.0,3.65095]},"A3s":{"weight":0.0,"played":[6.0E-4,0.9994],"evs":[0.0,1.80816]},"A4s":{"weight":0.0,"played":[0.0593,0.9407],"evs":[0.0,1.27645]},"A5s":{"weight":0.0,"played":[0.0,1.0],"evs":[0.0,4.81804]},"A6s":{"weight":0.0,"played":[7.0E-4,0.9993],"evs":[0.0,3.82779]},"A7s":{"weight":0.0695,"played":[1.0E-4,0.9999],"evs":[0.0,4.19972]},"A8s":{"weight":0.3609,"played":[0.0,1.0],"evs":[0.0,5.80506]},"A9s":{"weight":0.0,"played":[1.0E-4,0.9999],"evs":[0.0,6.91642]},"ATs":{"weight":0.0999,"played":[0.003,0.997],"evs":[0.0,10.8121]},"AJs":{"weight":7.0E-4,"played":[6.0E-4,0.9994],"evs":[0.0,10.88422]},"AQs":{"weight":0.1848,"played":[1.0E-4,0.9999],"evs":[0.0,11.60845]},"AKs":{"weight":1.0,"played":[0.0,1.0],"evs":[0.0,12.94549]},"AA":{"weight":1.0,"played":[0.0,1.0],"evs":[0.0,27.33236]}}}