{"player":5,"street":0,"children":3,"sequence":[{"player":0,"type":"F","amount":0,"street":0},{"player":1,"type":"F","amount":0,"street":0},{"player":2,"type":"F","amount":0,"street":0},{"player":3,"type":"F","amount":0,"street":0},{"player":4,"type":"R","amount":300000,"street":0}],"actions":[{"type":"F","amount":0},{"type":"C","amount":200000},{"type":"R","amount":1245000,"node":10}],"hands":{"22":{"weight":1.0,"played":[0.0,1.0E-4,0.9999],"evs":[0.0,0.481,0.93305]},"32o":{"weight":1.0,"played":[0.9929,0.0071,0.0],"evs":[0.0,-0.39942,-1.1413]},"42o":{"weight":1.0,"played":[1.0,0.0,0.0],"evs":[0.0,-0.35907,-1.14075]},"52o":{"weight":1.0,"played":[0.9985,0.0015,0.0],"evs":[0.0,-0.3174,-1.11405]},"62o":{"weight":1.0,"played":[1.0,0.0,0.0],"evs":[0.0,-0.59496,-1.42532]},"72o":{"weight":1.0,"played":[1.0,0.0,0.0],"evs":[0.0,-0.68443,-1.64206]},"82o":{"weight":1.0,"played":[1.0,0.0,0.0],"evs":[0.0,-0.5831,-1.34255]},"92o":{"weight":1.0,"played":[0.9999,1.0E-4,0.0],"evs":[0.0,-0.35199,-0.96134]},"T2o":{"weight":1.0,"played":[0.9974,0.0026,0.0],"evs":[0.0,-0.23428,-0.55584]},"J2o":{"weight":1.0,"played":[0.988,0.012,0.0],"evs":[0.0,-0.03622,-0.29774]},"Q2o":{"weight":1.0,"played":[0.5473,0.4527,0.0],"evs":[0.0,-0.07782,-0.17036]},"K2o":{"weight":1.0,"played":[4.0E-4,0.8699,0.1297],"evs":[0.0,0.60081,0.60587]},"A2o":{"weight":1.0,"played":[0.0,7.0E-4,0.9993],"evs":[0.0,2.11428,2.37967]},"32s":{"weight":1.0,"played":[0.6736,0.3264,0.0],"evs":[0.0,0.07249,-0.49195]},"33":{"weight":1.0,"played":[0.0,1.0E-4,0.9999],"evs":[0.0,0.76645,1.15607]},"43o":{"weight":1.0,"played":[0.9814,0.0186,0.0],"evs":[0.0,-0.28441,-0.96216]},"53o":{"weight":1.0,"played":[0.9951,0.0049,0.0],"evs":[0.0,-0.13612,-0.734]},"63o":{"weight":1.0,"played":[1.0,0.0,0.0],"evs":[0.0,-0.40396,-1.11878]},"73o":{"weight":1.0,"played":[1.0,0.0,0.0],"evs":[0.0,-0.49902,-1.36877]},"83o":{"weight":1.0,"played":[1.0,0.0,0.0],"evs":[0.0,-0.52492,-1.40624]},"93o":{"weight":1.0,"played":[0.9972,0.0028,0.0],"evs":[0.0,-0.37702,-0.92366]},"T3o":{"weight":1.0,"played":[0.9987,0.0013,0.0],"evs":[0.0,-0.33435,-0.76477]},"J3o":{"weight":1.0,"played":[0.9915,0.0085,0.0],"evs":[0.0,-0.09111,-0.29207]},"Q3o":{"weight":1.0,"played":[0.4294,0.5706,1.0E-4],"evs":[0.0,0.03672,-0.09604]},"K3o":{"weight":1.0,"played":[0.0,0.6263,0.3737],"evs":[0.0,0.82058,0.8085]},"A3o":{"weight":1.0,"played":[0.0,0.0025,0.9975],"evs":[0.0,2.11185,2.40031]},"42s":{"weight":1.0,"played":[0.0148,0.9851,1.0E-4],"evs":[0.0,0.26848,-0.33481]},"43s":{"weight":1.0,"played":[0.3798,0.6201,1.0E-4],"evs":[0.0,-0.06007,-0.45617]},"44":{"weight":1.0,"played":[0.0,0.0,1.0],"evs":[0.0,0.88395,1.17317]},"54o":{"weight":1.0,"played":[0.9963,0.0037,0.0],"evs":[0.0,-0.17064,-0.77728]},"64o":{"weight":1.0,"played":[0.8912,0.1088,0.0],"evs":[0.0,-0.14115,-0.93748]},"74o":{"weight":1.0,"played":[0.9986,0.0014,0.0],"evs":[0.0,-0.50287,-1.32479]},"84o":{"weight":1.0,"played":[1.0,0.0,0.0],"evs":[0.0,-0.45731,-1.13649]},"94o":{"weight":1.0,"played":[0.9991,9.0E-4,0.0],"evs":[0.0,-0.34388,-0.83729]},"T4o":{"weight":1.0,"played":[0.9984,0.0016,0.0],"evs":[0.0,-0.32404,-0.65735]},"J4o":{"weight":1.0,"played":[0.8567,0.1433,0.0],"evs":[0.0,-0.04585,-0.23525]},"Q4o":{"weight":1.0,"played":[0.4807,0.4863,0.033],"evs":[0.0,-0.01204,-0.01572]},"K4o":{"weight":1.0,"played":[0.001,0.2948,0.7042],"evs":[0.0,0.77136,0.84341]},"A4o":{"weight":1.0,"played":[0.0,7.0E-4,0.9993],"evs":[0.0,2.42254,2.61719]},"52s":{"weight":1.0,"played":[0.0364,0.9632,4.0E-4],"evs":[0.0,0.0154,-0.49474]},"53s":{"weight":1.0,"played":[3.0E-4,0.9997,0.0],"evs":[0.0,0.36128,0.03632]},"54s":{"weight":1.0,"played":[0.0025,0.9972,2.0E-4],"evs":[0.0,0.58634,0.10405]},"55":{"weight":1.0,"played":[0.0,0.0378,0.9622],"evs":[0.0,1.23996,1.3479]},"65o":{"weight":1.0,"played":[0.8365,0.1635,0.0],"evs":[0.0,-0.03014,-0.68696]},"75o":{"weight":1.0,"played":[0.9987,0.0013,0.0],"evs":[0.0,-0.28847,-1.05436]},"85o":{"weight":1.0,"played":[0.9855,0.0145,0.0],"evs":[0.0,-0.30919,-0.93214]},"95o":{"weight":1.0,"played":[0.9895,0.0105,0.0],"evs":[0.0,-0.23164,-0.69563]},"T5o":{"weight":1.0,"played":[0.998,0.002,0.0],"evs":[0.0,-0.1945,-0.42884]},"J5o":{"weight":1.0,"played":[0.5581,0.4419,1.0E-4],"evs":[0.0,0.01042,-0.18654]},"Q5o":{"weight":1.0,"played":[0.0112,0.9888,0.0],"evs":[0.0,0.11994,0.03387]},"K5o":{"weight":1.0,"played":[1.0E-4,0.9534,0.0465],"evs":[0.0,0.77201,0.76264]},"A5o":{"weight":1.0,"played":[0.0,0.0,1.0],"evs":[0.0,2.31656,2.43775]},"62s":{"weight":1.0,"played":[0.0955,0.9045,0.0],"evs":[0.0,0.09502,-0.63905]},"63s":{"weight":1.0,"played":[0.188,0.812,0.0],"evs":[0.0,0.06684,-0.62699]},"64s":{"weight":1.0,"played":[5.0E-4,0.9991,3.0E-4],"evs":[0.0,0.12407,-0.49094]},"65s":{"weight":1.0,"played":[0.0698,0.9287,0.0015],"evs":[0.0,0.18671,-0.37108]},"66":{"weight":1.0,"played":[0.0,0.376,0.624],"evs":[0.0,1.31424,1.27177]},"76o":{"weight":1.0,"played":[0.9994,6.0E-4,0.0],"evs":[0.0,-0.17903,-1.01403]},"86o":{"weight":1.0,"played":[0.7432,0.2568,0.0],"evs":[0.0,-0.07895,-0.71218]},"96o":{"weight":1.0,"played":[0.9531,0.0469,0.0],"evs":[0.0,-0.11961,-0.63358]},"T6o":{"weight":1.0,"played":[0.9821,0.0178,0.0],"evs":[0.0,-0.12232,-0.40307]},"J6o":{"weight":1.0,"played":[0.6863,0.3137,0.0],"evs":[0.0,-0.04178,-0.26982]},"Q6o":{"weight":1.0,"played":[0.0147,0.9853,0.0],"evs":[0.0,0.10884,-0.09862]},"K6o":{"weight":1.0,"played":[0.0017,0.9243,0.0741],"evs":[0.0,0.91824,0.82625]},"A6o":{"weight":1.0,"played":[0.0,0.0,1.0],"evs":[0.0,2.20978,2.36337]},"72s":{"weight":1.0,"played":[0.9944,0.0056,0.0],"evs":[0.0,-0.27458,-0.97233]},"73s":{"weight":1.0,"played":[0.9902,0.0098,1.0E-4],"evs":[0.0,-0.10751,-0.75038]},"74s":{"weight":1.0,"played":[9.0E-4,0.9991,0.0],"evs":[0.0,0.1949,-0.39082]},"75s":{"weight":1.0,"played":[0.0914,0.9082,4.0E-4],"evs":[0.0,0.11729,-0.41029]},"76s":{"weight":1.0,"played":[2.0E-4,0.9995,3.0E-4],"evs":[0.0,0.46726,-0.13446]},"77":{"weight":1.0,"played":[0.0,0.8812,0.1188],"evs":[0.0,1.73989,1.4799]},"87o":{"weight":1.0,"played":[0.9689,0.0311,0.0],"evs":[0.0,-0.06586,-0.72213]},"97o":{"weight":1.0,"played":[0.5117,0.4883,1.0E-4],"evs":[0.0,-0.01181,-0.49983]},"T7o":{"weight":1.0,"played":[0.8272,0.1727,1.0E-4],"evs":[0.0,0.01371,-0.17115]},"J7o":{"weight":1.0,"played":[0.1289,0.8698,0.0013],"evs":[0.0,0.21452,-0.07203]},"Q7o":{"weight":1.0,"played":[0.0239,0.9761,0.0],"evs":[0.0,0.26176,-0.12599]},"K7o":{"weight":1.0,"played":[0.0,0.9901,0.0099],"evs":[0.0,0.92165,0.71031]},"A7o":{"weight":1.0,"played":[0.0,0.0136,0.9864],"evs":[0.0,2.30541,2.40252]},"82s":{"weight":1.0,"played":[0.8358,0.1642,0.0],"evs":[0.0,-0.12652,-0.64358]},"83s":{"weight":1.0,"played":[0.0457,0.9543,0.0],"evs":[0.0,0.04969,-0.60182]},"84s":{"weight":1.0,"played":[0.1405,0.8595,1.0E-4],"evs":[0.0,0.24504,-0.26668]},"85s":{"weight":1.0,"played":[0.0241,0.9759,0.0],"evs":[0.0,0.22702,-0.12202]},"86s":{"weight":1.0,"played":[0.0144,0.9849,6.0E-4],"evs":[0.0,0.23488,-0.2779]},"87s":{"weight":1.0,"played":[0.0019,0.9973,8.0E-4],"evs":[0.0,0.45913,-0.04589]},"88":{"weight":1.0,"played":[0.0,0.7821,0.2179],"evs":[0.0,2.51859,2.33587]},"98o":{"weight":1.0,"played":[0.0144,0.9856,0.0],"evs":[0.0,0.39215,0.02723]},"T8o":{"weight":1.0,"played":[4.0E-4,0.9988,8.0E-4],"evs":[0.0,0.46708,0.36617]},"J8o":{"weight":1.0,"played":[2.0E-4,0.9921,0.0077],"evs":[0.0,0.54979,0.43125]},"Q8o":{"weight":1.0,"played":[0.0,0.9996,4.0E-4],"evs":[0.0,0.62325,0.41524]},"K8o":{"weight":1.0,"played":[0.0,0.2967,0.7033],"evs":[0.0,1.05768,1.12604]},"A8o":{"weight":1.0,"played":[0.0,0.0,1.0],"evs":[0.0,2.47523,2.76865]},"92s":{"weight":1.0,"played":[0.6257,0.3743,0.0],"evs":[0.0,0.11188,-0.35906]},"93s":{"weight":1.0,"played":[0.4581,0.5419,0.0],"evs":[0.0,0.1638,-0.15832]},"94s":{"weight":1.0,"played":[0.1511,0.8489,0.0],"evs":[0.0,0.08459,-0.29496]},"95s":{"weight":1.0,"played":[3.0E-4,0.9995,2.0E-4],"evs":[0.0,0.46942,0.14921]},"96s":{"weight":1.0,"played":[3.0E-4,0.9994,3.0E-4],"evs":[0.0,0.38385,0.07085]},"97s":{"weight":1.0,"played":[2.0E-4,0.9993,5.0E-4],"evs":[0.0,0.71778,0.24916]},"98s":{"weight":1.0,"played":[3.0E-4,0.9958,0.0039],"evs":[0.0,0.99218,0.63489]},"99":{"weight":1.0,"played":[0.0,0.2162,0.7838],"evs":[0.0,3.8275,3.7302]},"T9o":{"weight":1.0,"played":[0.0,0.7582,0.2418],"evs":[0.0,0.85007,0.90915]},"J9o":{"weight":1.0,"played":[0.0,0.7917,0.2083],"evs":[0.0,0.87275,0.88045]},"Q9o":{"weight":1.0,"played":[0.0,0.9056,0.0944],"evs":[0.0,1.26477,1.18849]},"K9o":{"weight":1.0,"played":[0.0,8.0E-4,0.9992],"evs":[0.0,1.38712,1.48472]},"A9o":{"weight":1.0,"played":[0.0,2.0E-4,0.9998],"evs":[0.0,2.74456,3.08666]},"T2s":{"weight":1.0,"played":[0.09,0.9099,1.0E-4],"evs":[0.0,0.3639,0.19699]},"T3s":{"weight":1.0,"played":[0.0241,0.9758,1.0E-4],"evs":[0.0,0.3188,0.20808]},"T4s":{"weight":1.0,"played":[2.0E-4,0.9995,3.0E-4],"evs":[0.0,0.39498,0.16362]},"T5s":{"weight":1.0,"played":[0.0012,0.998,8.0E-4],"evs":[0.0,0.24829,0.12143]},"T6s":{"weight":1.0,"played":[0.0,0.9988,0.0012],"evs":[0.0,0.39725,0.13883]},"T7s":{"weight":1.0,"played":[2.0E-4,0.9993,5.0E-4],"evs":[0.0,0.61434,0.32499]},"T8s":{"weight":1.0,"played":[0.0028,0.9734,0.0238],"evs":[0.0,1.23035,1.08636]},"T9s":{"weight":1.0,"played":[0.0,0.9852,0.0148],"evs":[0.0,1.47051,1.27352]},"TT":{"weight":1.0,"played":[0.0,0.0692,0.9308],"evs":[0.0,5.34478,5.29949]},"JTo":{"weight":1.0,"played":[0.0,0.0303,0.9697],"evs":[0.0,1.40664,1.63567]},"QTo":{"weight":1.0,"played":[0.0,0.7821,0.2179],"evs":[0.0,1.85077,1.71272]},"KTo":{"weight":1.0,"played":[0.0,0.011,0.989],"evs":[0.0,2.37952,2.37773]},"ATo":{"weight":1.0,"played":[0.0,9.0E-4,0.9991],"evs":[0.0,3.5348,3.88206]},"J2s":{"weight":1.0,"played":[0.0,0.8222,0.1778],"evs":[0.0,0.31413,0.29434]},"J3s":{"weight":1.0,"played":[1.0E-4,0.971,0.0289],"evs":[0.0,0.62939,0.56616]},"J4s":{"weight":1.0,"played":[0.002,0.9979,0.0],"evs":[0.0,0.53555,0.25803]},"J5s":{"weight":1.0,"played":[0.0046,0.9526,0.0428],"evs":[0.0,0.62916,0.44765]},"J6s":{"weight":1.0,"played":[1.0E-4,0.8161,0.1838],"evs":[0.0,0.42938,0.46726]},"J7s":{"weight":1.0,"played":[0.0,0.9211,0.0789],"evs":[0.0,0.60322,0.51147]},"J8s":{"weight":1.0,"played":[1.0E-4,0.9954,0.0044],"evs":[0.0,0.98182,0.88472]},"J9s":{"weight":1.0,"played":[0.0,0.9838,0.0162],"evs":[0.0,1.46135,1.42567]},"JTs":{"weight":1.0,"played":[0.0,0.8179,0.1821],"evs":[0.0,1.91239,1.83741]},"JJ":{"weight":1.0,"played":[0.0,0.3582,0.6418],"evs":[0.0,6.38103,6.41082]},"QJo":{"weight":1.0,"played":[0.0,0.3163,0.6837],"evs":[0.0,2.31359,2.28745]},"KJo":{"weight":1.0,"played":[0.0,0.1022,0.8978],"evs":[0.0,2.87271,2.92523]},"AJo":{"weight":1.0,"played":[0.0,0.0,1.0],"evs":[0.0,3.80319,4.19014]},"Q2s":{"weight":1.0,"played":[0.0165,0.9785,0.005],"evs":[0.0,0.6071,0.55432]},"Q3s":{"weight":1.0,"played":[5.0E-4,0.9992,3.0E-4],"evs":[0.0,0.42479,0.3735]},"Q4s":{"weight":1.0,"played":[0.0,0.8527,0.1472],"evs":[0.0,0.6754,0.63962]},"Q5s":{"weight":1.0,"played":[7.0E-4,0.9633,0.036],"evs":[0.0,0.70409,0.67939]},"Q6s":{"weight":1.0,"played":[4.0E-4,0.9981,0.0015],"evs":[0.0,0.64071,0.46276]},"Q7s":{"weight":1.0,"played":[0.003,0.9264,0.0706],"evs":[0.0,0.84539,0.75593]},"Q8s":{"weight":1.0,"played":[0.0011,0.9886,0.0103],"evs":[0.0,1.16483,1.00263]},"Q9s":{"weight":1.0,"played":[1.0E-4,0.975,0.0248],"evs":[0.0,1.92755,1.7185]},"QTs":{"weight":1.0,"played":[0.0,0.7863,0.2137],"evs":[0.0,2.62526,2.35514]},"QJs":{"weight":1.0,"played":[0.0,0.9859,0.0141],"evs":[0.0,2.81153,2.648]},"QQ":{"weight":1.0,"played":[0.0,0.9986,0.0014],"evs":[0.0,8.4379,7.82907]},"KQo":{"weight":1.0,"played":[0.0,0.4451,0.5549],"evs":[0.0,3.57793,3.59631]},"AQo":{"weight":1.0,"played":[0.0,0.0024,0.9976],"evs":[0.0,4.77335,4.94334]},"K2s":{"weight":1.0,"played":[1.0E-4,0.8449,0.155],"evs":[0.0,1.23276,1.20926]},"K3s":{"weight":1.0,"played":[0.0,0.656,0.3439],"evs":[0.0,1.60713,1.64134]},"K4s":{"weight":1.0,"played":[1.0E-4,0.9055,0.0944],"evs":[0.0,1.56618,1.37466]},"K5s":{"weight":1.0,"played":[0.0,0.9871,0.0129],"evs":[0.0,1.48886,1.4165]},"K6s":{"weight":1.0,"played":[0.0,0.695,0.305],"evs":[0.0,1.5649,1.39237]},"K7s":{"weight":1.0,"played":[0.0,0.9976,0.0024],"evs":[0.0,1.65677,1.40659]},"K8s":{"weight":1.0,"played":[1.0E-4,0.6411,0.3589],"evs":[0.0,1.70886,1.72531]},"K9s":{"weight":1.0,"played":[0.0,0.468,0.532],"evs":[0.0,2.23105,2.18945]},"KTs":{"weight":1.0,"played":[0.0,0.0642,0.9358],"evs":[0.0,3.03889,3.0483]},"KJs":{"weight":1.0,"played":[0.0,0.3036,0.6964],"evs":[0.0,3.59091,3.51995]},"KQs":{"weight":1.0,"played":[0.0,0.8186,0.1814],"evs":[0.0,4.13554,3.95763]},"KK":{"weight":1.0,"played":[0.0,0.9993,7.0E-4],"evs":[0.0,9.65273,8.51859]},"AKo":{"weight":1.0,"played":[0.0,0.0,1.0],"evs":[0.0,4.94767,5.23286]},"A2s":{"weight":1.0,"played":[0.0,0.0,1.0],"evs":[0.0,2.57913,2.87556]},"A3s":{"weight":1.0,"played":[0.0,0.2605,0.7395],"evs":[0.0,3.06535,3.23504]},"A4s":{"weight":1.0,"played":[0.0,0.0026,0.9974],"evs":[0.0,2.77546,2.92168]},"A5s":{"weight":1.0,"played":[0.0,0.4074,0.5926],"evs":[0.0,3.02856,3.00291]},"A6s":{"weight":1.0,"played":[0.0,0.2536,0.7464],"evs":[0.0,2.80096,2.82436]},"A7s":{"weight":1.0,"played":[0.0,0.1302,0.8698],"evs":[0.0,3.14293,3.19123]},"A8s":{"weight":1.0,"played":[0.0,0.0,1.0],"evs":[0.0,3.07813,3.2458]},"A9s":{"weight":1.0,"played":[0.0,0.0798,0.9202],"evs":[0.0,3.34147,3.36021]},"ATs":{"weight":1.0,"played":[0.0,6.0E-4,0.9994],"evs":[0.0,3.94942,4.10328]},"AJs":{"weight":1.0,"played":[0.0,5.0E-4,0.9995],"evs":[0.0,4.28893,4.71601]},"AQs":{"weight":1.0,"played":[0.0,0.0134,0.9866],"evs":[0.0,5.10776,5.0905]},"AKs":{"weight":1.0,"played":[0.0,1.0E-4,0.9999],"evs":[0.0,5.30507,5.43852]},"AA":{"weight":1.0,"played":[0.0,0.9998,2.0E-4],"evs":[0.0,10.21421,9.11346]}}}