{"player":5,"street":0,"children":2,"sequence":[{"player":0,"type":"F","amount":0,"street":0},{"player":1,"type":"R","amount":200000,"street":0},{"player":2,"type":"F","amount":0,"street":0},{"player":3,"type":"C","amount":200000,"street":0},{"player":4,"type":"R","amount":1245000,"street":0}],"actions":[{"type":"F","amount":0,"node":92},{"type":"R","amount":1875000,"node":95}],"hands":{"22":{"weight":1.0,"played":[0.996,0.004],"evs":[0.0,-1.82787]},"32o":{"weight":1.0,"played":[0.9998,2.0E-4],"evs":[0.0,-5.3218]},"42o":{"weight":1.0,"played":[0.9999,1.0E-4],"evs":[0.0,-5.20179]},"52o":{"weight":1.0,"played":[1.0,0.0],"evs":[0.0,-4.92667]},"62o":{"weight":1.0,"played":[0.9998,2.0E-4],"evs":[0.0,-6.07521]},"72o":{"weight":1.0,"played":[0.9997,3.0E-4],"evs":[0.0,-6.32203]},"82o":{"weight":1.0,"played":[1.0,0.0],"evs":[0.0,-5.53378]},"92o":{"weight":1.0,"played":[0.9997,3.0E-4],"evs":[0.0,-6.36634]},"T2o":{"weight":1.0,"played":[1.0,0.0],"evs":[0.0,-6.00348]},"J2o":{"weight":1.0,"played":[0.9999,1.0E-4],"evs":[0.0,-5.85349]},"Q2o":{"weight":1.0,"played":[1.0,0.0],"evs":[0.0,-4.74184]},"K2o":{"weight":1.0,"played":[0.9999,1.0E-4],"evs":[0.0,-3.35078]},"A2o":{"weight":1.0,"played":[0.9999,1.0E-4],"evs":[0.0,-2.66725]},"32s":{"weight":1.0,"played":[1.0,0.0],"evs":[0.0,-2.93146]},"33":{"weight":1.0,"played":[0.7504,0.2496],"evs":[0.0,0.19216]},"43o":{"weight":1.0,"played":[1.0,0.0],"evs":[0.0,-3.13427]},"53o":{"weight":1.0,"played":[1.0,0.0],"evs":[0.0,-3.66519]},"63o":{"weight":1.0,"played":[1.0,0.0],"evs":[0.0,-4.7653]},"73o":{"weight":1.0,"played":[0.9998,2.0E-4],"evs":[0.0,-4.94669]},"83o":{"weight":1.0,"played":[0.9999,1.0E-4],"evs":[0.0,-5.13058]},"93o":{"weight":1.0,"played":[0.9999,1.0E-4],"evs":[0.0,-5.64246]},"T3o":{"weight":1.0,"played":[1.0,0.0],"evs":[0.0,-6.58571]},"J3o":{"weight":1.0,"played":[1.0,0.0],"evs":[0.0,-5.00486]},"Q3o":{"weight":1.0,"played":[0.9999,1.0E-4],"evs":[0.0,-5.04989]},"K3o":{"weight":1.0,"played":[0.9996,4.0E-4],"evs":[0.0,-4.61176]},"A3o":{"weight":1.0,"played":[0.9994,6.0E-4],"evs":[0.0,-2.07191]},"42s":{"weight":1.0,"played":[0.995,0.005],"evs":[0.0,-3.40349]},"43s":{"weight":1.0,"played":[1.0,0.0],"evs":[0.0,-3.50494]},"44":{"weight":1.0,"played":[0.0115,0.9885],"evs":[0.0,1.11754]},"54o":{"weight":1.0,"played":[0.9985,0.0015],"evs":[0.0,-2.65876]},"64o":{"weight":1.0,"played":[0.9992,8.0E-4],"evs":[0.0,-4.17539]},"74o":{"weight":1.0,"played":[1.0,0.0],"evs":[0.0,-4.52861]},"84o":{"weight":1.0,"played":[1.0,0.0],"evs":[0.0,-4.43552]},"94o":{"weight":1.0,"played":[0.9997,3.0E-4],"evs":[0.0,-5.44451]},"T4o":{"weight":1.0,"played":[1.0,0.0],"evs":[0.0,-5.36226]},"J4o":{"weight":1.0,"played":[1.0,0.0],"evs":[0.0,-5.58705]},"Q4o":{"weight":1.0,"played":[0.9999,1.0E-4],"evs":[0.0,-4.15299]},"K4o":{"weight":1.0,"played":[0.9996,4.0E-4],"evs":[0.0,-4.12314]},"A4o":{"weight":1.0,"played":[0.9989,0.0011],"evs":[0.0,-1.97212]},"52s":{"weight":1.0,"played":[0.9995,5.0E-4],"evs":[0.0,-2.51236]},"53s":{"weight":1.0,"played":[0.9868,0.0132],"evs":[0.0,-2.13003]},"54s":{"weight":1.0,"played":[1.0,0.0],"evs":[0.0,-3.33487]},"55":{"weight":1.0,"played":[0.2209,0.7791],"evs":[0.0,0.97251]},"65o":{"weight":1.0,"played":[0.9987,0.0013],"evs":[0.0,-2.63394]},"75o":{"weight":1.0,"played":[0.9999,1.0E-4],"evs":[0.0,-2.16619]},"85o":{"weight":1.0,"played":[1.0,0.0],"evs":[0.0,-3.32205]},"95o":{"weight":1.0,"played":[0.9999,1.0E-4],"evs":[0.0,-4.39172]},"T5o":{"weight":1.0,"played":[1.0,0.0],"evs":[0.0,-5.65122]},"J5o":{"weight":1.0,"played":[0.9998,2.0E-4],"evs":[0.0,-4.82385]},"Q5o":{"weight":1.0,"played":[1.0,0.0],"evs":[0.0,-4.91392]},"K5o":{"weight":1.0,"played":[0.9971,0.0029],"evs":[0.0,-3.4562]},"A5o":{"weight":1.0,"played":[0.9993,7.0E-4],"evs":[0.0,-2.09242]},"62s":{"weight":1.0,"played":[0.998,0.002],"evs":[0.0,-3.00707]},"63s":{"weight":1.0,"played":[0.983,0.017],"evs":[0.0,-4.16188]},"64s":{"weight":1.0,"played":[0.9998,2.0E-4],"evs":[0.0,-2.66374]},"65s":{"weight":1.0,"played":[0.9971,0.0029],"evs":[0.0,-0.532]},"66":{"weight":1.0,"played":[0.0011,0.9989],"evs":[0.0,1.44665]},"76o":{"weight":1.0,"played":[1.0,0.0],"evs":[0.0,-3.84818]},"86o":{"weight":1.0,"played":[1.0,0.0],"evs":[0.0,-3.16261]},"96o":{"weight":1.0,"played":[1.0,0.0],"evs":[0.0,-4.53126]},"T6o":{"weight":1.0,"played":[0.9999,1.0E-4],"evs":[0.0,-4.99964]},"J6o":{"weight":1.0,"played":[0.9996,4.0E-4],"evs":[0.0,-4.43042]},"Q6o":{"weight":1.0,"played":[1.0,0.0],"evs":[0.0,-4.77881]},"K6o":{"weight":1.0,"played":[0.9985,0.0015],"evs":[0.0,-4.54528]},"A6o":{"weight":1.0,"played":[0.9996,4.0E-4],"evs":[0.0,-2.40815]},"72s":{"weight":1.0,"played":[0.9986,0.0014],"evs":[0.0,-3.95895]},"73s":{"weight":1.0,"played":[0.9994,6.0E-4],"evs":[0.0,-3.63028]},"74s":{"weight":1.0,"played":[0.9997,3.0E-4],"evs":[0.0,-3.3532]},"75s":{"weight":1.0,"played":[0.8507,0.1493],"evs":[0.0,-1.19517]},"76s":{"weight":1.0,"played":[0.7362,0.2638],"evs":[0.0,-0.26044]},"77":{"weight":1.0,"played":[0.0013,0.9987],"evs":[0.0,2.69533]},"87o":{"weight":1.0,"played":[0.9999,1.0E-4],"evs":[0.0,-3.2532]},"97o":{"weight":1.0,"played":[0.9998,2.0E-4],"evs":[0.0,-3.5406]},"T7o":{"weight":1.0,"played":[1.0,0.0],"evs":[0.0,-4.01109]},"J7o":{"weight":1.0,"played":[0.9993,7.0E-4],"evs":[0.0,-3.82842]},"Q7o":{"weight":1.0,"played":[0.9991,9.0E-4],"evs":[0.0,-4.47731]},"K7o":{"weight":1.0,"played":[0.9997,3.0E-4],"evs":[0.0,-3.03945]},"A7o":{"weight":1.0,"played":[0.9758,0.0242],"evs":[0.0,-1.92629]},"82s":{"weight":1.0,"played":[0.9998,2.0E-4],"evs":[0.0,-4.48154]},"83s":{"weight":1.0,"played":[0.9987,0.0013],"evs":[0.0,-3.8597]},"84s":{"weight":1.0,"played":[0.9944,0.0056],"evs":[0.0,-3.03078]},"85s":{"weight":1.0,"played":[0.9937,0.0063],"evs":[0.0,-2.26439]},"86s":{"weight":1.0,"played":[0.9972,0.0028],"evs":[0.0,-2.13801]},"87s":{"weight":1.0,"played":[0.3574,0.6426],"evs":[0.0,0.01921]},"88":{"weight":1.0,"played":[1.0E-4,0.9999],"evs":[0.0,3.85152]},"98o":{"weight":1.0,"played":[0.9996,4.0E-4],"evs":[0.0,-3.07972]},"T8o":{"weight":1.0,"played":[1.0,0.0],"evs":[0.0,-2.89034]},"J8o":{"weight":1.0,"played":[1.0,0.0],"evs":[0.0,-3.6291]},"Q8o":{"weight":1.0,"played":[0.9996,4.0E-4],"evs":[0.0,-3.90141]},"K8o":{"weight":1.0,"played":[0.9902,0.0098],"evs":[0.0,-3.13672]},"A8o":{"weight":1.0,"played":[0.933,0.067],"evs":[0.0,-0.51804]},"92s":{"weight":1.0,"played":[0.9989,0.0011],"evs":[0.0,-4.57295]},"93s":{"weight":1.0,"played":[1.0,0.0],"evs":[0.0,-4.13954]},"94s":{"weight":1.0,"played":[0.999,0.001],"evs":[0.0,-4.01032]},"95s":{"weight":1.0,"played":[0.9632,0.0368],"evs":[0.0,-2.81142]},"96s":{"weight":1.0,"played":[0.9909,0.0091],"evs":[0.0,-1.1555]},"97s":{"weight":1.0,"played":[0.9849,0.0151],"evs":[0.0,-2.23377]},"98s":{"weight":1.0,"played":[0.7687,0.2313],"evs":[0.0,-0.06474]},"99":{"weight":1.0,"played":[0.0,1.0],"evs":[0.0,3.56039]},"T9o":{"weight":1.0,"played":[0.9968,0.0032],"evs":[0.0,-3.14134]},"J9o":{"weight":1.0,"played":[0.9994,6.0E-4],"evs":[0.0,-2.60812]},"Q9o":{"weight":1.0,"played":[0.9986,0.0014],"evs":[0.0,-4.32412]},"K9o":{"weight":1.0,"played":[0.9985,0.0015],"evs":[0.0,-2.97623]},"A9o":{"weight":1.0,"played":[0.9481,0.0519],"evs":[0.0,-0.58319]},"T2s":{"weight":1.0,"played":[0.9999,1.0E-4],"evs":[0.0,-4.60212]},"T3s":{"weight":1.0,"played":[0.9989,0.0011],"evs":[0.0,-4.87688]},"T4s":{"weight":1.0,"played":[0.9988,0.0012],"evs":[0.0,-3.95032]},"T5s":{"weight":1.0,"played":[0.9968,0.0032],"evs":[0.0,-3.80462]},"T6s":{"weight":1.0,"played":[0.9842,0.0158],"evs":[0.0,-3.18402]},"T7s":{"weight":1.0,"played":[0.9429,0.0571],"evs":[0.0,-2.14388]},"T8s":{"weight":1.0,"played":[0.9904,0.0096],"evs":[0.0,-1.76522]},"T9s":{"weight":1.0,"played":[0.9998,2.0E-4],"evs":[0.0,-3.11206]},"TT":{"weight":1.0,"played":[0.0,1.0],"evs":[0.0,5.58729]},"JTo":{"weight":1.0,"played":[0.9986,0.0014],"evs":[0.0,-2.59099]},"QTo":{"weight":1.0,"played":[0.9981,0.0019],"evs":[0.0,-2.18012]},"KTo":{"weight":1.0,"played":[0.9954,0.0046],"evs":[0.0,-1.57613]},"ATo":{"weight":1.0,"played":[0.0,1.0],"evs":[0.0,1.22871]},"J2s":{"weight":1.0,"played":[0.9999,1.0E-4],"evs":[0.0,-4.03231]},"J3s":{"weight":1.0,"played":[1.0,0.0],"evs":[0.0,-4.82228]},"J4s":{"weight":1.0,"played":[0.9955,0.0045],"evs":[0.0,-2.68772]},"J5s":{"weight":1.0,"played":[1.0,0.0],"evs":[0.0,-4.10367]},"J6s":{"weight":1.0,"played":[0.997,0.003],"evs":[0.0,-3.17126]},"J7s":{"weight":1.0,"played":[0.9712,0.0288],"evs":[0.0,-2.16616]},"J8s":{"weight":1.0,"played":[0.9986,0.0014],"evs":[0.0,-2.42064]},"J9s":{"weight":1.0,"played":[0.9881,0.0119],"evs":[0.0,-1.12761]},"JTs":{"weight":1.0,"played":[0.7688,0.2312],"evs":[0.0,-1.65696]},"JJ":{"weight":1.0,"played":[0.0,1.0],"evs":[0.0,6.96826]},"QJo":{"weight":1.0,"played":[0.9565,0.0435],"evs":[0.0,-1.31728]},"KJo":{"weight":1.0,"played":[0.4229,0.5771],"evs":[0.0,-0.41]},"AJo":{"weight":1.0,"played":[0.0,1.0],"evs":[0.0,2.16492]},"Q2s":{"weight":1.0,"played":[0.9996,4.0E-4],"evs":[0.0,-2.83155]},"Q3s":{"weight":1.0,"played":[0.8451,0.1549],"evs":[0.0,-2.36755]},"Q4s":{"weight":1.0,"played":[0.9995,5.0E-4],"evs":[0.0,-2.6614]},"Q5s":{"weight":1.0,"played":[0.9966,0.0034],"evs":[0.0,-2.15521]},"Q6s":{"weight":1.0,"played":[0.9996,4.0E-4],"evs":[0.0,-2.61716]},"Q7s":{"weight":1.0,"played":[0.984,0.016],"evs":[0.0,-1.91088]},"Q8s":{"weight":1.0,"played":[0.9774,0.0226],"evs":[0.0,-2.53163]},"Q9s":{"weight":1.0,"played":[0.9978,0.0022],"evs":[0.0,-3.1818]},"QTs":{"weight":1.0,"played":[0.8656,0.1344],"evs":[0.0,-0.5637]},"QJs":{"weight":1.0,"played":[0.0,1.0],"evs":[0.0,1.03436]},"QQ":{"weight":1.0,"played":[0.0,1.0],"evs":[0.0,8.13553]},"KQo":{"weight":1.0,"played":[0.0785,0.9215],"evs":[0.0,0.97263]},"AQo":{"weight":1.0,"played":[0.0026,0.9974],"evs":[0.0,3.8402]},"K2s":{"weight":1.0,"played":[0.9938,0.0062],"evs":[0.0,-2.4238]},"K3s":{"weight":1.0,"played":[0.9839,0.0161],"evs":[0.0,-1.02502]},"K4s":{"weight":1.0,"played":[0.9932,0.0068],"evs":[0.0,-2.30401]},"K5s":{"weight":1.0,"played":[0.9783,0.0217],"evs":[0.0,-2.48839]},"K6s":{"weight":1.0,"played":[0.7791,0.2209],"evs":[0.0,-0.59691]},"K7s":{"weight":1.0,"played":[0.9982,0.0018],"evs":[0.0,-1.3389]},"K8s":{"weight":1.0,"played":[0.9839,0.0161],"evs":[0.0,-1.35744]},"K9s":{"weight":1.0,"played":[0.5461,0.4539],"evs":[0.0,-1.31055]},"KTs":{"weight":1.0,"played":[0.5814,0.4186],"evs":[0.0,-0.29786]},"KJs":{"weight":1.0,"played":[0.0412,0.9588],"evs":[0.0,1.35491]},"KQs":{"weight":1.0,"played":[5.0E-4,0.9995],"evs":[0.0,2.71872]},"KK":{"weight":1.0,"played":[0.0,1.0],"evs":[0.0,13.8223]},"AKo":{"weight":1.0,"played":[0.0,1.0],"evs":[0.0,6.84482]},"A2s":{"weight":1.0,"played":[0.8818,0.1182],"evs":[0.0,-0.24806]},"A3s":{"weight":1.0,"played":[0.7011,0.2989],"evs":[0.0,-0.34805]},"A4s":{"weight":1.0,"played":[0.7689,0.2311],"evs":[0.0,-0.73326]},"A5s":{"weight":1.0,"played":[0.2953,0.7047],"evs":[0.0,1.65835]},"A6s":{"weight":1.0,"played":[0.2773,0.7227],"evs":[0.0,0.316]},"A7s":{"weight":1.0,"played":[0.1334,0.8666],"evs":[0.0,1.3077]},"A8s":{"weight":1.0,"played":[0.1604,0.8396],"evs":[0.0,0.95678]},"A9s":{"weight":1.0,"played":[2.0E-4,0.9998],"evs":[0.0,0.58848]},"ATs":{"weight":1.0,"played":[0.0443,0.9557],"evs":[0.0,3.03399]},"AJs":{"weight":1.0,"played":[0.0618,0.9382],"evs":[0.0,5.78318]},"AQs":{"weight":1.0,"played":[0.0077,0.9923],"evs":[0.0,6.32281]},"AKs":{"weight":1.0,"played":[0.0,1.0],"evs":[0.0,9.91018]},"AA":{"weight":1.0,"played":[0.0,1.0],"evs":[0.0,20.24863]}}}