{"player":3,"street":0,"children":2,"sequence":[{"player":0,"type":"F","amount":0,"street":0},{"player":1,"type":"R","amount":200000,"street":0},{"player":2,"type":"F","amount":0,"street":0},{"player":3,"type":"C","amount":200000,"street":0},{"player":4,"type":"R","amount":1245000,"street":0},{"player":5,"type":"R","amount":1875000,"street":0},{"player":1,"type":"F","amount":0,"street":0}],"actions":[{"type":"F","amount":0},{"type":"C","amount":405000}],"hands":{"22":{"weight":0.0,"played":[1.0E-4,0.9999],"evs":[0.0,1.45397]},"32o":{"weight":0.0,"played":[0.9989,0.0011],"evs":[0.0,-0.54457]},"42o":{"weight":0.0,"played":[0.9731,0.0269],"evs":[0.0,-0.2063]},"52o":{"weight":0.0,"played":[0.9995,5.0E-4],"evs":[0.0,-0.20947]},"62o":{"weight":0.0,"played":[0.9965,0.0035],"evs":[0.0,-0.2414]},"72o":{"weight":0.0,"played":[0.9997,3.0E-4],"evs":[0.0,-0.70341]},"82o":{"weight":0.0,"played":[0.9995,5.0E-4],"evs":[0.0,-0.16934]},"92o":{"weight":0.0,"played":[0.9568,0.0432],"evs":[0.0,-0.33071]},"T2o":{"weight":0.0,"played":[0.6549,0.3451],"evs":[0.0,-0.26264]},"J2o":{"weight":0.0,"played":[0.7852,0.2148],"evs":[0.0,-0.26178]},"Q2o":{"weight":0.0,"played":[0.4343,0.5657],"evs":[0.0,-0.05457]},"K2o":{"weight":0.0,"played":[0.782,0.218],"evs":[0.0,-0.03177]},"A2o":{"weight":0.0,"played":[0.8747,0.1253],"evs":[0.0,-0.16432]},"32s":{"weight":0.0,"played":[0.3826,0.6174],"evs":[0.0,0.09736]},"33":{"weight":0.1302,"played":[0.003,0.997],"evs":[0.0,1.37113]},"43o":{"weight":0.0,"played":[0.0215,0.9785],"evs":[0.0,0.11044]},"53o":{"weight":0.0,"played":[0.0959,0.9041],"evs":[0.0,0.46966]},"63o":{"weight":0.0,"played":[0.0107,0.9893],"evs":[0.0,0.14879]},"73o":{"weight":0.0,"played":[0.8191,0.1809],"evs":[0.0,-0.14606]},"83o":{"weight":0.0,"played":[0.208,0.792],"evs":[0.0,0.05143]},"93o":{"weight":0.0,"played":[0.9687,0.0313],"evs":[0.0,-0.15069]},"T3o":{"weight":0.0,"played":[0.9063,0.0937],"evs":[0.0,-0.17801]},"J3o":{"weight":0.0,"played":[0.3424,0.6576],"evs":[0.0,0.17512]},"Q3o":{"weight":0.0,"played":[0.0439,0.9561],"evs":[0.0,0.32087]},"K3o":{"weight":0.0,"played":[0.1105,0.8895],"evs":[0.0,0.14218]},"A3o":{"weight":0.0,"played":[0.7146,0.2854],"evs":[0.0,-0.13083]},"42s":{"weight":0.0,"played":[0.1312,0.8688],"evs":[0.0,0.47802]},"43s":{"weight":0.0,"played":[0.0247,0.9753],"evs":[0.0,1.01603]},"44":{"weight":0.0118,"played":[0.0018,0.9982],"evs":[0.0,1.16185]},"54o":{"weight":0.0,"played":[0.0409,0.9591],"evs":[0.0,0.66669]},"64o":{"weight":0.0,"played":[0.002,0.998],"evs":[0.0,0.22475]},"74o":{"weight":0.0,"played":[4.0E-4,0.9996],"evs":[0.0,0.48771]},"84o":{"weight":0.0,"played":[0.3136,0.6864],"evs":[0.0,0.19715]},"94o":{"weight":0.0,"played":[0.7555,0.2445],"evs":[0.0,-0.19631]},"T4o":{"weight":0.0,"played":[0.8072,0.1928],"evs":[0.0,0.05234]},"J4o":{"weight":0.0,"played":[0.3206,0.6794],"evs":[0.0,0.11844]},"Q4o":{"weight":0.0,"played":[0.0305,0.9695],"evs":[0.0,0.19182]},"K4o":{"weight":0.0,"played":[4.0E-4,0.9996],"evs":[0.0,0.32467]},"A4o":{"weight":1.0E-4,"played":[0.0173,0.9827],"evs":[0.0,0.10423]},"52s":{"weight":0.0,"played":[0.0083,0.9917],"evs":[0.0,0.71566]},"53s":{"weight":0.0,"played":[0.0022,0.9978],"evs":[0.0,1.44246]},"54s":{"weight":0.0,"played":[0.0,1.0],"evs":[0.0,1.6363]},"55":{"weight":0.0497,"played":[0.0,1.0],"evs":[0.0,2.36337]},"65o":{"weight":0.0,"played":[0.0,1.0],"evs":[0.0,0.95313]},"75o":{"weight":0.0,"played":[0.0247,0.9753],"evs":[0.0,0.64972]},"85o":{"weight":0.0,"played":[2.0E-4,0.9998],"evs":[0.0,0.17633]},"95o":{"weight":0.0,"played":[0.3145,0.6855],"evs":[0.0,0.20756]},"T5o":{"weight":0.0,"played":[0.0157,0.9843],"evs":[0.0,0.05544]},"J5o":{"weight":0.0,"played":[0.0137,0.9863],"evs":[0.0,0.42817]},"Q5o":{"weight":0.0,"played":[0.0247,0.9753],"evs":[0.0,0.36301]},"K5o":{"weight":0.0,"played":[0.0017,0.9983],"evs":[0.0,0.50202]},"A5o":{"weight":0.0,"played":[0.0033,0.9967],"evs":[0.0,0.33515]},"62s":{"weight":0.0,"played":[0.0064,0.9936],"evs":[0.0,0.40378]},"63s":{"weight":0.0,"played":[0.0064,0.9936],"evs":[0.0,0.20825]},"64s":{"weight":0.0,"played":[2.0E-4,0.9998],"evs":[0.0,1.03655]},"65s":{"weight":0.0,"played":[0.001,0.999],"evs":[0.0,1.4394]},"66":{"weight":0.3772,"played":[0.0,1.0],"evs":[0.0,2.4793]},"76o":{"weight":0.0,"played":[0.0,1.0],"evs":[0.0,0.88058]},"86o":{"weight":0.0,"played":[0.0,1.0],"evs":[0.0,0.84295]},"96o":{"weight":0.0,"played":[7.0E-4,0.9993],"evs":[0.0,0.41987]},"T6o":{"weight":0.0,"played":[0.126,0.874],"evs":[0.0,0.47235]},"J6o":{"weight":0.0,"played":[0.2278,0.7722],"evs":[0.0,0.34134]},"Q6o":{"weight":0.0,"played":[0.0277,0.9723],"evs":[0.0,0.46596]},"K6o":{"weight":0.0,"played":[0.017,0.983],"evs":[0.0,0.44414]},"A6o":{"weight":1.0E-4,"played":[0.0642,0.9358],"evs":[0.0,0.53611]},"72s":{"weight":0.0,"played":[0.5066,0.4934],"evs":[0.0,-0.09165]},"73s":{"weight":0.0,"played":[0.0258,0.9742],"evs":[0.0,0.59741]},"74s":{"weight":0.0,"played":[7.0E-4,0.9993],"evs":[0.0,1.12507]},"75s":{"weight":0.0,"played":[0.0,1.0],"evs":[0.0,1.49672]},"76s":{"weight":0.0,"played":[0.0058,0.9942],"evs":[0.0,1.08461]},"77":{"weight":0.0015,"played":[0.0,1.0],"evs":[0.0,2.79313]},"87o":{"weight":0.0,"played":[0.0,1.0],"evs":[0.0,0.88863]},"97o":{"weight":0.0,"played":[0.0015,0.9985],"evs":[0.0,0.8615]},"T7o":{"weight":0.0,"played":[5.0E-4,0.9995],"evs":[0.0,0.80739]},"J7o":{"weight":0.0,"played":[1.0E-4,0.9999],"evs":[0.0,0.77362]},"Q7o":{"weight":0.0,"played":[7.0E-4,0.9993],"evs":[0.0,0.46896]},"K7o":{"weight":0.0,"played":[0.0472,0.9528],"evs":[0.0,0.5475]},"A7o":{"weight":0.0,"played":[0.0273,0.9727],"evs":[0.0,0.79316]},"82s":{"weight":0.0,"played":[0.029,0.971],"evs":[0.0,0.42308]},"83s":{"weight":0.0,"played":[0.0097,0.9903],"evs":[0.0,0.4245]},"84s":{"weight":0.0,"played":[1.0E-4,0.9999],"evs":[0.0,0.8042]},"85s":{"weight":0.0,"played":[0.0023,0.9977],"evs":[0.0,0.92095]},"86s":{"weight":0.0,"played":[3.0E-4,0.9997],"evs":[0.0,1.57992]},"87s":{"weight":0.0,"played":[0.0,1.0],"evs":[0.0,1.55895]},"88":{"weight":0.0051,"played":[0.0,1.0],"evs":[0.0,3.67241]},"98o":{"weight":0.0,"played":[3.0E-4,0.9997],"evs":[0.0,1.22163]},"T8o":{"weight":0.0,"played":[0.0029,0.9971],"evs":[0.0,1.09946]},"J8o":{"weight":0.0,"played":[0.0096,0.9904],"evs":[0.0,1.13032]},"Q8o":{"weight":0.0,"played":[3.0E-4,0.9997],"evs":[0.0,1.25688]},"K8o":{"weight":0.0,"played":[0.0,1.0],"evs":[0.0,0.52416]},"A8o":{"weight":0.0,"played":[0.0012,0.9988],"evs":[0.0,0.89736]},"92s":{"weight":0.0,"played":[0.3056,0.6944],"evs":[0.0,0.63463]},"93s":{"weight":0.0,"played":[0.0143,0.9857],"evs":[0.0,0.86323]},"94s":{"weight":0.0,"played":[0.0285,0.9715],"evs":[0.0,0.79846]},"95s":{"weight":0.0,"played":[1.0E-4,0.9999],"evs":[0.0,1.02566]},"96s":{"weight":0.0,"played":[0.0,1.0],"evs":[0.0,1.45911]},"97s":{"weight":0.0,"played":[0.0042,0.9958],"evs":[0.0,2.00651]},"98s":{"weight":0.0,"played":[0.0011,0.9989],"evs":[0.0,1.18897]},"99":{"weight":0.003,"played":[0.0,1.0],"evs":[0.0,3.82447]},"T9o":{"weight":0.0,"played":[0.0,1.0],"evs":[0.0,1.39923]},"J9o":{"weight":0.0,"played":[0.0,1.0],"evs":[0.0,1.35742]},"Q9o":{"weight":0.0,"played":[2.0E-4,0.9998],"evs":[0.0,1.1105]},"K9o":{"weight":0.0,"played":[0.0022,0.9978],"evs":[0.0,1.2077]},"A9o":{"weight":0.0,"played":[0.0917,0.9083],"evs":[0.0,0.74627]},"T2s":{"weight":0.0,"played":[0.0332,0.9668],"evs":[0.0,0.78433]},"T3s":{"weight":0.0,"played":[0.067,0.933],"evs":[0.0,0.2398]},"T4s":{"weight":0.0,"played":[0.0018,0.9982],"evs":[0.0,1.00029]},"T5s":{"weight":0.0,"played":[0.0325,0.9675],"evs":[0.0,0.73829]},"T6s":{"weight":0.0,"played":[0.0045,0.9955],"evs":[0.0,1.00965]},"T7s":{"weight":0.0,"played":[3.0E-4,0.9997],"evs":[0.0,1.42538]},"T8s":{"weight":0.0,"played":[0.0014,0.9986],"evs":[0.0,2.19368]},"T9s":{"weight":1.0E-4,"played":[0.0042,0.9958],"evs":[0.0,2.14925]},"TT":{"weight":8.0E-4,"played":[0.0,1.0],"evs":[0.0,4.96355]},"JTo":{"weight":0.0,"played":[0.0,1.0],"evs":[0.0,1.32444]},"QTo":{"weight":0.0,"played":[2.0E-4,0.9998],"evs":[0.0,1.55975]},"KTo":{"weight":1.0E-4,"played":[0.0,1.0],"evs":[0.0,1.47946]},"ATo":{"weight":0.0,"played":[7.0E-4,0.9993],"evs":[0.0,1.83936]},"J2s":{"weight":0.0,"played":[0.0011,0.9989],"evs":[0.0,0.66216]},"J3s":{"weight":0.0,"played":[0.0145,0.9855],"evs":[0.0,0.91924]},"J4s":{"weight":0.0,"played":[1.0E-4,0.9999],"evs":[0.0,0.98444]},"J5s":{"weight":0.0,"played":[0.0062,0.9938],"evs":[0.0,0.532]},"J6s":{"weight":0.0,"played":[4.0E-4,0.9996],"evs":[0.0,1.847]},"J7s":{"weight":1.0E-4,"played":[0.0011,0.9989],"evs":[0.0,1.56323]},"J8s":{"weight":0.0,"played":[5.0E-4,0.9995],"evs":[0.0,1.47683]},"J9s":{"weight":0.0,"played":[1.0E-4,0.9999],"evs":[0.0,2.08886]},"JTs":{"weight":0.9999,"played":[5.0E-4,0.9995],"evs":[0.0,2.16469]},"JJ":{"weight":2.0E-4,"played":[0.0,1.0],"evs":[0.0,6.11813]},"QJo":{"weight":0.0026,"played":[0.0,1.0],"evs":[0.0,2.10124]},"KJo":{"weight":0.0,"played":[0.0,1.0],"evs":[0.0,2.06542]},"AJo":{"weight":0.0,"played":[0.0,1.0],"evs":[0.0,2.51457]},"Q2s":{"weight":0.0,"played":[0.0321,0.9679],"evs":[0.0,0.65092]},"Q3s":{"weight":0.0,"played":[0.006,0.994],"evs":[0.0,0.95198]},"Q4s":{"weight":0.0,"played":[1.0E-4,0.9999],"evs":[0.0,1.23193]},"Q5s":{"weight":0.0,"played":[1.0E-4,0.9999],"evs":[0.0,1.48027]},"Q6s":{"weight":0.0,"played":[0.0266,0.9734],"evs":[0.0,1.28245]},"Q7s":{"weight":0.0,"played":[0.0022,0.9978],"evs":[0.0,1.01807]},"Q8s":{"weight":0.0,"played":[0.0,1.0],"evs":[0.0,1.04934]},"Q9s":{"weight":0.0013,"played":[1.0E-4,0.9999],"evs":[0.0,2.556]},"QTs":{"weight":1.0,"played":[1.0E-4,0.9999],"evs":[0.0,2.52854]},"QJs":{"weight":0.8499,"played":[1.0E-4,0.9999],"evs":[0.0,2.61511]},"QQ":{"weight":0.0,"played":[0.0,1.0],"evs":[0.0,7.4744]},"KQo":{"weight":0.0,"played":[0.0,1.0],"evs":[0.0,2.345]},"AQo":{"weight":0.0,"played":[0.0,1.0],"evs":[0.0,3.06072]},"K2s":{"weight":0.0,"played":[0.0031,0.9969],"evs":[0.0,0.98603]},"K3s":{"weight":0.0,"played":[0.2759,0.7241],"evs":[0.0,0.29823]},"K4s":{"weight":0.0,"played":[0.0076,0.9924],"evs":[0.0,0.61196]},"K5s":{"weight":0.0,"played":[0.0011,0.9989],"evs":[0.0,1.08202]},"K6s":{"weight":0.0,"played":[0.0221,0.9779],"evs":[0.0,0.56819]},"K7s":{"weight":0.0,"played":[9.0E-4,0.9991],"evs":[0.0,1.26632]},"K8s":{"weight":0.026,"played":[0.0,1.0],"evs":[0.0,1.8211]},"K9s":{"weight":0.8245,"played":[0.0,1.0],"evs":[0.0,1.88908]},"KTs":{"weight":0.0,"played":[8.0E-4,0.9992],"evs":[0.0,1.76579]},"KJs":{"weight":0.0,"played":[0.0109,0.9891],"evs":[0.0,2.06851]},"KQs":{"weight":1.0E-4,"played":[0.0,1.0],"evs":[0.0,2.44566]},"KK":{"weight":0.0,"played":[0.0,1.0],"evs":[0.0,8.84275]},"AKo":{"weight":0.0,"played":[0.0,1.0],"evs":[0.0,3.66631]},"A2s":{"weight":4.0E-4,"played":[0.1572,0.8428],"evs":[0.0,0.40642]},"A3s":{"weight":2.0E-4,"played":[6.0E-4,0.9994],"evs":[0.0,0.56857]},"A4s":{"weight":0.0,"played":[0.0312,0.9688],"evs":[0.0,1.11948]},"A5s":{"weight":0.0,"played":[0.0012,0.9988],"evs":[0.0,1.22515]},"A6s":{"weight":0.0011,"played":[0.0053,0.9947],"evs":[0.0,0.43316]},"A7s":{"weight":2.0E-4,"played":[0.0084,0.9916],"evs":[0.0,0.92986]},"A8s":{"weight":7.0E-4,"played":[0.0,1.0],"evs":[0.0,1.22896]},"A9s":{"weight":0.0012,"played":[0.0,1.0],"evs":[0.0,1.68536]},"ATs":{"weight":2.0E-4,"played":[0.0,1.0],"evs":[0.0,1.83851]},"AJs":{"weight":0.0,"played":[2.0E-4,0.9998],"evs":[0.0,2.87506]},"AQs":{"weight":0.0,"played":[0.0,1.0],"evs":[0.0,3.60129]},"AKs":{"weight":0.0018,"played":[0.0,1.0],"evs":[0.0,4.84744]},"AA":{"weight":0.079,"played":[0.0,1.0],"evs":[0.0,11.23951]}}}