{"player":3,"street":0,"children":2,"sequence":[{"player":0,"type":"F","amount":0,"street":0},{"player":1,"type":"R","amount":200000,"street":0},{"player":2,"type":"F","amount":0,"street":0},{"player":3,"type":"C","amount":200000,"street":0},{"player":4,"type":"R","amount":1245000,"street":0},{"player":5,"type":"R","amount":1875000,"street":0},{"player":1,"type":"C","amount":1675000,"street":0}],"actions":[{"type":"F","amount":0},{"type":"C","amount":405000}],"hands":{"22":{"weight":0.0,"played":[8.0E-4,0.9992],"evs":[0.0,0.69312]},"32o":{"weight":0.0,"played":[0.9998,2.0E-4],"evs":[0.0,-0.84988]},"42o":{"weight":0.0,"played":[0.999,0.001],"evs":[0.0,-0.52684]},"52o":{"weight":0.0,"played":[0.9915,0.0085],"evs":[0.0,-0.11508]},"62o":{"weight":0.0,"played":[0.9998,2.0E-4],"evs":[0.0,-0.71518]},"72o":{"weight":0.0,"played":[0.9997,3.0E-4],"evs":[0.0,-1.12417]},"82o":{"weight":0.0,"played":[1.0,0.0],"evs":[0.0,-1.08014]},"92o":{"weight":0.0,"played":[0.9999,1.0E-4],"evs":[0.0,-0.88154]},"T2o":{"weight":0.0,"played":[0.9941,0.0059],"evs":[0.0,-1.09243]},"J2o":{"weight":0.0,"played":[1.0,0.0],"evs":[0.0,-0.9811]},"Q2o":{"weight":0.0,"played":[0.9988,0.0012],"evs":[0.0,-1.11403]},"K2o":{"weight":0.0,"played":[0.9997,3.0E-4],"evs":[0.0,-0.72891]},"A2o":{"weight":0.0,"played":[0.9944,0.0056],"evs":[0.0,-0.6215]},"32s":{"weight":0.0,"played":[0.1307,0.8693],"evs":[0.0,0.1996]},"33":{"weight":0.1302,"played":[1.0E-4,0.9999],"evs":[0.0,0.66187]},"43o":{"weight":0.0,"played":[0.8065,0.1935],"evs":[0.0,-0.24533]},"53o":{"weight":0.0,"played":[0.7855,0.2145],"evs":[0.0,-0.30747]},"63o":{"weight":0.0,"played":[0.8093,0.1907],"evs":[0.0,-0.23879]},"73o":{"weight":0.0,"played":[1.0,0.0],"evs":[0.0,-0.84552]},"83o":{"weight":0.0,"played":[0.9981,0.0019],"evs":[0.0,-1.05977]},"93o":{"weight":0.0,"played":[0.9978,0.0022],"evs":[0.0,-0.72278]},"T3o":{"weight":0.0,"played":[0.9996,4.0E-4],"evs":[0.0,-1.1276]},"J3o":{"weight":0.0,"played":[0.9989,0.0011],"evs":[0.0,-0.93727]},"Q3o":{"weight":0.0,"played":[0.9987,0.0013],"evs":[0.0,-0.74282]},"K3o":{"weight":0.0,"played":[0.9969,0.0031],"evs":[0.0,-0.8736]},"A3o":{"weight":0.0,"played":[0.9921,0.0079],"evs":[0.0,-0.65188]},"42s":{"weight":0.0,"played":[0.0023,0.9977],"evs":[0.0,0.58214]},"43s":{"weight":0.0,"played":[0.001,0.999],"evs":[0.0,0.75736]},"44":{"weight":0.0118,"played":[2.0E-4,0.9998],"evs":[0.0,1.12965]},"54o":{"weight":0.0,"played":[0.0207,0.9793],"evs":[0.0,0.43618]},"64o":{"weight":0.0,"played":[0.0095,0.9905],"evs":[0.0,0.22003]},"74o":{"weight":0.0,"played":[0.997,0.003],"evs":[0.0,-0.30012]},"84o":{"weight":0.0,"played":[0.9935,0.0065],"evs":[0.0,-0.55612]},"94o":{"weight":0.0,"played":[0.9994,6.0E-4],"evs":[0.0,-0.7846]},"T4o":{"weight":0.0,"played":[0.9988,0.0012],"evs":[0.0,-0.96932]},"J4o":{"weight":0.0,"played":[0.9841,0.0159],"evs":[0.0,-0.75446]},"Q4o":{"weight":0.0,"played":[0.9998,2.0E-4],"evs":[0.0,-0.63199]},"K4o":{"weight":0.0,"played":[0.9195,0.0805],"evs":[0.0,-0.58574]},"A4o":{"weight":1.0E-4,"played":[0.9961,0.0039],"evs":[0.0,-0.51075]},"52s":{"weight":0.0,"played":[0.0072,0.9928],"evs":[0.0,0.39615]},"53s":{"weight":0.0,"played":[0.0,1.0],"evs":[0.0,0.04292]},"54s":{"weight":0.0,"played":[2.0E-4,0.9998],"evs":[0.0,1.4934]},"55":{"weight":0.0497,"played":[1.0E-4,0.9999],"evs":[0.0,1.01151]},"65o":{"weight":0.0,"played":[0.0043,0.9957],"evs":[0.0,0.44162]},"75o":{"weight":0.0,"played":[0.1258,0.8742],"evs":[0.0,9.2E-4]},"85o":{"weight":0.0,"played":[0.772,0.228],"evs":[0.0,-0.06868]},"95o":{"weight":0.0,"played":[0.9994,6.0E-4],"evs":[0.0,-0.38099]},"T5o":{"weight":0.0,"played":[0.9947,0.0053],"evs":[0.0,-1.02081]},"J5o":{"weight":0.0,"played":[0.9913,0.0087],"evs":[0.0,-0.88403]},"Q5o":{"weight":0.0,"played":[0.996,0.004],"evs":[0.0,-0.49427]},"K5o":{"weight":0.0,"played":[0.9979,0.0021],"evs":[0.0,-0.44212]},"A5o":{"weight":0.0,"played":[0.9941,0.0059],"evs":[0.0,-0.35332]},"62s":{"weight":0.0,"played":[0.0595,0.9405],"evs":[0.0,0.18402]},"63s":{"weight":0.0,"played":[0.0015,0.9985],"evs":[0.0,0.65706]},"64s":{"weight":0.0,"played":[0.0033,0.9967],"evs":[0.0,0.9038]},"65s":{"weight":0.0,"played":[0.0032,0.9968],"evs":[0.0,0.78436]},"66":{"weight":0.3772,"played":[0.0,1.0],"evs":[0.0,1.53951]},"76o":{"weight":0.0,"played":[0.0242,0.9758],"evs":[0.0,0.22034]},"86o":{"weight":0.0,"played":[0.3155,0.6845],"evs":[0.0,0.08638]},"96o":{"weight":0.0,"played":[0.9397,0.0603],"evs":[0.0,-0.31543]},"T6o":{"weight":0.0,"played":[0.9931,0.0069],"evs":[0.0,-0.58604]},"J6o":{"weight":0.0,"played":[0.9999,1.0E-4],"evs":[0.0,-0.81877]},"Q6o":{"weight":0.0,"played":[0.9532,0.0468],"evs":[0.0,-0.43359]},"K6o":{"weight":0.0,"played":[0.9468,0.0532],"evs":[0.0,-0.19756]},"A6o":{"weight":1.0E-4,"played":[0.9808,0.0192],"evs":[0.0,-0.71473]},"72s":{"weight":0.0,"played":[0.6818,0.3182],"evs":[0.0,0.09043]},"73s":{"weight":0.0,"played":[0.0795,0.9205],"evs":[0.0,-0.08531]},"74s":{"weight":0.0,"played":[0.0,1.0],"evs":[0.0,0.22377]},"75s":{"weight":0.0,"played":[0.0134,0.9866],"evs":[0.0,1.09569]},"76s":{"weight":0.0,"played":[0.0027,0.9973],"evs":[0.0,1.4203]},"77":{"weight":0.0015,"played":[0.0,1.0],"evs":[0.0,1.28803]},"87o":{"weight":0.0,"played":[0.0,1.0],"evs":[0.0,0.37889]},"97o":{"weight":0.0,"played":[0.5519,0.4481],"evs":[0.0,-0.15942]},"T7o":{"weight":0.0,"played":[0.981,0.019],"evs":[0.0,-0.39404]},"J7o":{"weight":0.0,"played":[0.9942,0.0058],"evs":[0.0,-0.70785]},"Q7o":{"weight":0.0,"played":[0.9767,0.0233],"evs":[0.0,-0.78317]},"K7o":{"weight":0.0,"played":[0.9886,0.0114],"evs":[0.0,-0.38893]},"A7o":{"weight":0.0,"played":[0.9935,0.0065],"evs":[0.0,-0.30661]},"82s":{"weight":0.0,"played":[0.9931,0.0069],"evs":[0.0,-0.36159]},"83s":{"weight":0.0,"played":[0.8322,0.1678],"evs":[0.0,-0.34736]},"84s":{"weight":0.0,"played":[0.0042,0.9958],"evs":[0.0,0.63039]},"85s":{"weight":0.0,"played":[0.0034,0.9966],"evs":[0.0,0.2118]},"86s":{"weight":0.0,"played":[1.0E-4,0.9999],"evs":[0.0,0.59361]},"87s":{"weight":0.0,"played":[0.0024,0.9976],"evs":[0.0,0.92408]},"88":{"weight":0.0051,"played":[0.0,1.0],"evs":[0.0,2.04839]},"98o":{"weight":0.0,"played":[0.143,0.857],"evs":[0.0,0.27595]},"T8o":{"weight":0.0,"played":[0.239,0.761],"evs":[0.0,0.09877]},"J8o":{"weight":0.0,"played":[0.6734,0.3266],"evs":[0.0,-0.25858]},"Q8o":{"weight":0.0,"played":[0.9615,0.0385],"evs":[0.0,-0.07461]},"K8o":{"weight":0.0,"played":[0.9964,0.0036],"evs":[0.0,-0.52541]},"A8o":{"weight":0.0,"played":[0.9551,0.0449],"evs":[0.0,-0.31213]},"92s":{"weight":0.0,"played":[0.3614,0.6386],"evs":[0.0,-0.0341]},"93s":{"weight":0.0,"played":[0.4233,0.5767],"evs":[0.0,0.21084]},"94s":{"weight":0.0,"played":[0.2215,0.7785],"evs":[0.0,0.34882]},"95s":{"weight":0.0,"played":[0.0116,0.9884],"evs":[0.0,0.57541]},"96s":{"weight":0.0,"played":[0.0022,0.9978],"evs":[0.0,0.45221]},"97s":{"weight":0.0,"played":[0.0,1.0],"evs":[0.0,0.85367]},"98s":{"weight":0.0,"played":[0.0068,0.9932],"evs":[0.0,1.38063]},"99":{"weight":0.003,"played":[0.0,1.0],"evs":[0.0,2.3863]},"T9o":{"weight":0.0,"played":[0.0019,0.9981],"evs":[0.0,0.4692]},"J9o":{"weight":0.0,"played":[0.1666,0.8334],"evs":[0.0,0.09644]},"Q9o":{"weight":0.0,"played":[0.5267,0.4733],"evs":[0.0,-0.06407]},"K9o":{"weight":0.0,"played":[0.8349,0.1651],"evs":[0.0,-0.07599]},"A9o":{"weight":0.0,"played":[0.3516,0.6484],"evs":[0.0,-0.04508]},"T2s":{"weight":0.0,"played":[0.9768,0.0232],"evs":[0.0,-0.28551]},"T3s":{"weight":0.0,"played":[0.9438,0.0562],"evs":[0.0,-0.19713]},"T4s":{"weight":0.0,"played":[0.8694,0.1306],"evs":[0.0,-0.03315]},"T5s":{"weight":0.0,"played":[0.7338,0.2662],"evs":[0.0,-0.028]},"T6s":{"weight":0.0,"played":[1.0E-4,0.9999],"evs":[0.0,0.75473]},"T7s":{"weight":0.0,"played":[0.0366,0.9634],"evs":[0.0,0.27703]},"T8s":{"weight":0.0,"played":[1.0E-4,0.9999],"evs":[0.0,0.65216]},"T9s":{"weight":1.0E-4,"played":[0.018,0.982],"evs":[0.0,1.15529]},"TT":{"weight":8.0E-4,"played":[0.0,1.0],"evs":[0.0,3.10131]},"JTo":{"weight":0.0,"played":[3.0E-4,0.9997],"evs":[0.0,0.15449]},"QTo":{"weight":0.0,"played":[0.007,0.993],"evs":[0.0,0.46003]},"KTo":{"weight":1.0E-4,"played":[7.0E-4,0.9993],"evs":[0.0,0.32918]},"ATo":{"weight":0.0,"played":[0.0073,0.9927],"evs":[0.0,0.48531]},"J2s":{"weight":0.0,"played":[0.4882,0.5118],"evs":[0.0,-0.10649]},"J3s":{"weight":0.0,"played":[0.9129,0.0871],"evs":[0.0,-0.16599]},"J4s":{"weight":0.0,"played":[0.3699,0.6301],"evs":[0.0,0.2797]},"J5s":{"weight":0.0,"played":[1.0E-4,0.9999],"evs":[0.0,0.29314]},"J6s":{"weight":0.0,"played":[0.3857,0.6143],"evs":[0.0,-0.02189]},"J7s":{"weight":1.0E-4,"played":[0.0053,0.9947],"evs":[0.0,0.41681]},"J8s":{"weight":0.0,"played":[0.0018,0.9982],"evs":[0.0,0.9652]},"J9s":{"weight":0.0,"played":[0.0173,0.9827],"evs":[0.0,1.14262]},"JTs":{"weight":0.9999,"played":[0.0012,0.9988],"evs":[0.0,1.16834]},"JJ":{"weight":2.0E-4,"played":[0.0,1.0],"evs":[0.0,3.81862]},"QJo":{"weight":0.0026,"played":[0.0,1.0],"evs":[0.0,0.58758]},"KJo":{"weight":0.0,"played":[0.0,1.0],"evs":[0.0,0.50082]},"AJo":{"weight":0.0,"played":[1.0E-4,0.9999],"evs":[0.0,1.12942]},"Q2s":{"weight":0.0,"played":[0.303,0.697],"evs":[0.0,0.27319]},"Q3s":{"weight":0.0,"played":[0.2247,0.7753],"evs":[0.0,0.27965]},"Q4s":{"weight":0.0,"played":[0.1529,0.8471],"evs":[0.0,0.0154]},"Q5s":{"weight":0.0,"played":[0.0305,0.9695],"evs":[0.0,0.54526]},"Q6s":{"weight":0.0,"played":[0.1893,0.8107],"evs":[0.0,0.16296]},"Q7s":{"weight":0.0,"played":[0.0056,0.9944],"evs":[0.0,0.56253]},"Q8s":{"weight":0.0,"played":[0.0024,0.9976],"evs":[0.0,0.76351]},"Q9s":{"weight":0.0013,"played":[7.0E-4,0.9993],"evs":[0.0,1.07359]},"QTs":{"weight":1.0,"played":[0.0,1.0],"evs":[0.0,1.21962]},"QJs":{"weight":0.8499,"played":[0.0,1.0],"evs":[0.0,1.36533]},"QQ":{"weight":0.0,"played":[0.0,1.0],"evs":[0.0,4.86111]},"KQo":{"weight":0.0,"played":[0.0,1.0],"evs":[0.0,0.72584]},"AQo":{"weight":0.0,"played":[0.0,1.0],"evs":[0.0,2.10478]},"K2s":{"weight":0.0,"played":[0.8403,0.1597],"evs":[0.0,-0.15471]},"K3s":{"weight":0.0,"played":[0.3871,0.6129],"evs":[0.0,0.13554]},"K4s":{"weight":0.0,"played":[0.4018,0.5982],"evs":[0.0,0.17867]},"K5s":{"weight":0.0,"played":[4.0E-4,0.9996],"evs":[0.0,0.42737]},"K6s":{"weight":0.0,"played":[0.0082,0.9918],"evs":[0.0,0.84925]},"K7s":{"weight":0.0,"played":[2.0E-4,0.9998],"evs":[0.0,0.85856]},"K8s":{"weight":0.026,"played":[4.0E-4,0.9996],"evs":[0.0,1.07689]},"K9s":{"weight":0.8245,"played":[2.0E-4,0.9998],"evs":[0.0,0.91288]},"KTs":{"weight":0.0,"played":[1.0E-4,0.9999],"evs":[0.0,0.93578]},"KJs":{"weight":0.0,"played":[0.0,1.0],"evs":[0.0,1.12853]},"KQs":{"weight":1.0E-4,"played":[1.0E-4,0.9999],"evs":[0.0,1.26573]},"KK":{"weight":0.0,"played":[0.0,1.0],"evs":[0.0,7.49477]},"AKo":{"weight":0.0,"played":[0.0,1.0],"evs":[0.0,2.79835]},"A2s":{"weight":4.0E-4,"played":[0.2526,0.7474],"evs":[0.0,-0.15545]},"A3s":{"weight":2.0E-4,"played":[1.0E-4,0.9999],"evs":[0.0,0.86945]},"A4s":{"weight":0.0,"played":[0.049,0.951],"evs":[0.0,0.74848]},"A5s":{"weight":0.0,"played":[0.0023,0.9977],"evs":[0.0,0.90737]},"A6s":{"weight":0.0011,"played":[0.0158,0.9842],"evs":[0.0,0.83107]},"A7s":{"weight":2.0E-4,"played":[0.0,1.0],"evs":[0.0,0.40271]},"A8s":{"weight":7.0E-4,"played":[0.0,1.0],"evs":[0.0,1.08861]},"A9s":{"weight":0.0012,"played":[1.0E-4,0.9999],"evs":[0.0,0.40109]},"ATs":{"weight":2.0E-4,"played":[0.0,1.0],"evs":[0.0,1.36294]},"AJs":{"weight":0.0,"played":[1.0E-4,0.9999],"evs":[0.0,1.84455]},"AQs":{"weight":0.0,"played":[0.0,1.0],"evs":[0.0,3.19412]},"AKs":{"weight":0.0018,"played":[0.0,1.0],"evs":[0.0,3.36011]},"AA":{"weight":0.079,"played":[0.0,1.0],"evs":[0.0,11.2187]}}}