{"player":4,"street":0,"children":2,"sequence":[{"player":0,"type":"F","amount":0,"street":0},{"player":1,"type":"R","amount":200000,"street":0},{"player":2,"type":"F","amount":0,"street":0},{"player":3,"type":"R","amount":605000,"street":0}],"actions":[{"type":"F","amount":0,"node":99},{"type":"R","amount":1245000,"node":102}],"hands":{"22":{"weight":1.0,"played":[0.9994,6.0E-4],"evs":[0.0,-0.84035]},"32o":{"weight":1.0,"played":[1.0,0.0],"evs":[0.0,-3.89822]},"42o":{"weight":1.0,"played":[1.0,0.0],"evs":[0.0,-3.75404]},"52o":{"weight":1.0,"played":[1.0,0.0],"evs":[0.0,-3.53742]},"62o":{"weight":1.0,"played":[1.0,0.0],"evs":[0.0,-4.00194]},"72o":{"weight":1.0,"played":[1.0,0.0],"evs":[0.0,-4.50677]},"82o":{"weight":1.0,"played":[1.0,0.0],"evs":[0.0,-4.03015]},"92o":{"weight":1.0,"played":[1.0,0.0],"evs":[0.0,-4.05601]},"T2o":{"weight":1.0,"played":[1.0,0.0],"evs":[0.0,-3.95159]},"J2o":{"weight":1.0,"played":[1.0,0.0],"evs":[0.0,-3.54271]},"Q2o":{"weight":1.0,"played":[1.0,0.0],"evs":[0.0,-3.04112]},"K2o":{"weight":1.0,"played":[1.0,0.0],"evs":[0.0,-2.48989]},"A2o":{"weight":1.0,"played":[1.0,0.0],"evs":[0.0,-1.46075]},"32s":{"weight":1.0,"played":[1.0,0.0],"evs":[0.0,-2.75522]},"33":{"weight":1.0,"played":[0.999,0.001],"evs":[0.0,-0.22315]},"43o":{"weight":1.0,"played":[1.0,0.0],"evs":[0.0,-3.10816]},"53o":{"weight":1.0,"played":[1.0,0.0],"evs":[0.0,-2.88723]},"63o":{"weight":1.0,"played":[1.0,0.0],"evs":[0.0,-3.26782]},"73o":{"weight":1.0,"played":[1.0,0.0],"evs":[0.0,-3.80697]},"83o":{"weight":1.0,"played":[1.0,0.0],"evs":[0.0,-3.82328]},"93o":{"weight":1.0,"played":[1.0,0.0],"evs":[0.0,-3.77963]},"T3o":{"weight":1.0,"played":[1.0,0.0],"evs":[0.0,-3.74722]},"J3o":{"weight":1.0,"played":[1.0,0.0],"evs":[0.0,-3.28579]},"Q3o":{"weight":1.0,"played":[1.0,0.0],"evs":[0.0,-2.77111]},"K3o":{"weight":1.0,"played":[1.0,0.0],"evs":[0.0,-2.18816]},"A3o":{"weight":1.0,"played":[1.0,0.0],"evs":[0.0,-1.31846]},"42s":{"weight":1.0,"played":[1.0,0.0],"evs":[0.0,-2.46318]},"43s":{"weight":1.0,"played":[1.0,0.0],"evs":[0.0,-1.93639]},"44":{"weight":1.0,"played":[0.0053,0.9947],"evs":[0.0,0.46625]},"54o":{"weight":1.0,"played":[1.0,0.0],"evs":[0.0,-2.42636]},"64o":{"weight":1.0,"played":[1.0,0.0],"evs":[0.0,-2.85543]},"74o":{"weight":1.0,"played":[1.0,0.0],"evs":[0.0,-3.23716]},"84o":{"weight":1.0,"played":[1.0,0.0],"evs":[0.0,-3.32992]},"94o":{"weight":1.0,"played":[1.0,0.0],"evs":[0.0,-3.77238]},"T4o":{"weight":1.0,"played":[1.0,0.0],"evs":[0.0,-3.64935]},"J4o":{"weight":1.0,"played":[1.0,0.0],"evs":[0.0,-3.18126]},"Q4o":{"weight":1.0,"played":[1.0,0.0],"evs":[0.0,-2.62944]},"K4o":{"weight":1.0,"played":[1.0,0.0],"evs":[0.0,-2.16387]},"A4o":{"weight":1.0,"played":[1.0,0.0],"evs":[0.0,-1.02412]},"52s":{"weight":1.0,"played":[1.0,0.0],"evs":[0.0,-2.3987]},"53s":{"weight":1.0,"played":[1.0,0.0],"evs":[0.0,-1.79748]},"54s":{"weight":1.0,"played":[1.0,0.0],"evs":[0.0,-1.22311]},"55":{"weight":1.0,"played":[0.0,1.0],"evs":[0.0,0.77921]},"65o":{"weight":1.0,"played":[1.0,0.0],"evs":[0.0,-2.33482]},"75o":{"weight":1.0,"played":[1.0,0.0],"evs":[0.0,-2.67686]},"85o":{"weight":1.0,"played":[1.0,0.0],"evs":[0.0,-2.72218]},"95o":{"weight":1.0,"played":[1.0,0.0],"evs":[0.0,-3.10728]},"T5o":{"weight":1.0,"played":[1.0,0.0],"evs":[0.0,-3.36315]},"J5o":{"weight":1.0,"played":[1.0,0.0],"evs":[0.0,-2.97357]},"Q5o":{"weight":1.0,"played":[1.0,0.0],"evs":[0.0,-2.45035]},"K5o":{"weight":1.0,"played":[1.0,0.0],"evs":[0.0,-1.85137]},"A5o":{"weight":1.0,"played":[1.0,0.0],"evs":[0.0,-0.8352]},"62s":{"weight":1.0,"played":[1.0,0.0],"evs":[0.0,-2.77505]},"63s":{"weight":1.0,"played":[1.0,0.0],"evs":[0.0,-2.13498]},"64s":{"weight":1.0,"played":[1.0,0.0],"evs":[0.0,-1.58893]},"65s":{"weight":1.0,"played":[1.0,0.0],"evs":[0.0,-1.16017]},"66":{"weight":1.0,"played":[1.0E-4,0.9999],"evs":[0.0,1.14204]},"76o":{"weight":1.0,"played":[1.0,0.0],"evs":[0.0,-2.33791]},"86o":{"weight":1.0,"played":[1.0,0.0],"evs":[0.0,-2.41901]},"96o":{"weight":1.0,"played":[1.0,0.0],"evs":[0.0,-2.68014]},"T6o":{"weight":1.0,"played":[1.0,0.0],"evs":[0.0,-3.0759]},"J6o":{"weight":1.0,"played":[1.0,0.0],"evs":[0.0,-2.98181]},"Q6o":{"weight":1.0,"played":[1.0,0.0],"evs":[0.0,-2.39196]},"K6o":{"weight":1.0,"played":[1.0,0.0],"evs":[0.0,-1.81016]},"A6o":{"weight":1.0,"played":[1.0,0.0],"evs":[0.0,-1.12844]},"72s":{"weight":1.0,"played":[1.0,0.0],"evs":[0.0,-3.21069]},"73s":{"weight":1.0,"played":[1.0,0.0],"evs":[0.0,-2.48846]},"74s":{"weight":1.0,"played":[1.0,0.0],"evs":[0.0,-2.09045]},"75s":{"weight":1.0,"played":[1.0,0.0],"evs":[0.0,-1.44899]},"76s":{"weight":1.0,"played":[1.0,0.0],"evs":[0.0,-1.20766]},"77":{"weight":1.0,"played":[0.0,1.0],"evs":[0.0,1.52263]},"87o":{"weight":1.0,"played":[1.0,0.0],"evs":[0.0,-2.23213]},"97o":{"weight":1.0,"played":[1.0,0.0],"evs":[0.0,-2.53152]},"T7o":{"weight":1.0,"played":[1.0,0.0],"evs":[0.0,-2.776]},"J7o":{"weight":1.0,"played":[1.0,0.0],"evs":[0.0,-2.58041]},"Q7o":{"weight":1.0,"played":[1.0,0.0],"evs":[0.0,-2.23246]},"K7o":{"weight":1.0,"played":[1.0,0.0],"evs":[0.0,-1.6361]},"A7o":{"weight":1.0,"played":[0.9998,2.0E-4],"evs":[0.0,-0.51913]},"82s":{"weight":1.0,"played":[1.0,0.0],"evs":[0.0,-2.74504]},"83s":{"weight":1.0,"played":[1.0,0.0],"evs":[0.0,-2.74621]},"84s":{"weight":1.0,"played":[1.0,0.0],"evs":[0.0,-2.17254]},"85s":{"weight":1.0,"played":[1.0,0.0],"evs":[0.0,-1.71848]},"86s":{"weight":1.0,"played":[1.0,0.0],"evs":[0.0,-1.32427]},"87s":{"weight":1.0,"played":[0.9999,1.0E-4],"evs":[0.0,-1.11668]},"88":{"weight":1.0,"played":[0.0,1.0],"evs":[0.0,2.41852]},"98o":{"weight":1.0,"played":[1.0,0.0],"evs":[0.0,-1.90496]},"T8o":{"weight":1.0,"played":[1.0,0.0],"evs":[0.0,-1.95552]},"J8o":{"weight":1.0,"played":[1.0,0.0],"evs":[0.0,-1.84482]},"Q8o":{"weight":1.0,"played":[1.0,0.0],"evs":[0.0,-1.75777]},"K8o":{"weight":1.0,"played":[1.0,0.0],"evs":[0.0,-1.55144]},"A8o":{"weight":1.0,"played":[0.92,0.08],"evs":[0.0,-0.08315]},"92s":{"weight":1.0,"played":[1.0,0.0],"evs":[0.0,-2.79557]},"93s":{"weight":1.0,"played":[1.0,0.0],"evs":[0.0,-2.4924]},"94s":{"weight":1.0,"played":[1.0,0.0],"evs":[0.0,-2.52918]},"95s":{"weight":1.0,"played":[1.0,0.0],"evs":[0.0,-2.02409]},"96s":{"weight":1.0,"played":[1.0,0.0],"evs":[0.0,-1.57711]},"97s":{"weight":1.0,"played":[1.0,0.0],"evs":[0.0,-1.39201]},"98s":{"weight":1.0,"played":[1.0,0.0],"evs":[0.0,-0.84205]},"99":{"weight":1.0,"played":[0.0,1.0],"evs":[0.0,2.96495]},"T9o":{"weight":1.0,"played":[1.0,0.0],"evs":[0.0,-1.61708]},"J9o":{"weight":1.0,"played":[1.0,0.0],"evs":[0.0,-1.47859]},"Q9o":{"weight":1.0,"played":[1.0,0.0],"evs":[0.0,-1.47705]},"K9o":{"weight":1.0,"played":[1.0,0.0],"evs":[0.0,-0.94321]},"A9o":{"weight":1.0,"played":[0.0,1.0],"evs":[0.0,0.42347]},"T2s":{"weight":1.0,"played":[1.0,0.0],"evs":[0.0,-2.78835]},"T3s":{"weight":1.0,"played":[1.0,0.0],"evs":[0.0,-2.53319]},"T4s":{"weight":1.0,"played":[1.0,0.0],"evs":[0.0,-2.4908]},"T5s":{"weight":1.0,"played":[0.9999,1.0E-4],"evs":[0.0,-2.08285]},"T6s":{"weight":1.0,"played":[1.0,0.0],"evs":[0.0,-2.06892]},"T7s":{"weight":1.0,"played":[1.0,0.0],"evs":[0.0,-1.79063]},"T8s":{"weight":1.0,"played":[1.0,0.0],"evs":[0.0,-0.97683]},"T9s":{"weight":1.0,"played":[0.9982,0.0018],"evs":[0.0,-0.54225]},"TT":{"weight":1.0,"played":[0.0,1.0],"evs":[0.0,3.99065]},"JTo":{"weight":1.0,"played":[1.0,0.0],"evs":[0.0,-0.99715]},"QTo":{"weight":1.0,"played":[1.0,0.0],"evs":[0.0,-0.63848]},"KTo":{"weight":1.0,"played":[0.9922,0.0078],"evs":[0.0,-0.02067]},"ATo":{"weight":1.0,"played":[0.0,1.0],"evs":[0.0,1.67037]},"J2s":{"weight":1.0,"played":[1.0,0.0],"evs":[0.0,-2.28085]},"J3s":{"weight":1.0,"played":[1.0,0.0],"evs":[0.0,-2.07131]},"J4s":{"weight":1.0,"played":[1.0,0.0],"evs":[0.0,-2.02772]},"J5s":{"weight":1.0,"played":[1.0,0.0],"evs":[0.0,-1.80919]},"J6s":{"weight":1.0,"played":[1.0,0.0],"evs":[0.0,-1.76991]},"J7s":{"weight":1.0,"played":[1.0,0.0],"evs":[0.0,-1.31747]},"J8s":{"weight":1.0,"played":[1.0,0.0],"evs":[0.0,-0.93415]},"J9s":{"weight":1.0,"played":[0.9999,1.0E-4],"evs":[0.0,-0.3505]},"JTs":{"weight":1.0,"played":[0.0446,0.9554],"evs":[0.0,0.19695]},"JJ":{"weight":1.0,"played":[0.0,1.0],"evs":[0.0,5.24253]},"QJo":{"weight":1.0,"played":[0.9987,0.0013],"evs":[0.0,-0.11936]},"KJo":{"weight":1.0,"played":[0.0,1.0],"evs":[0.0,0.50222]},"AJo":{"weight":1.0,"played":[0.0,1.0],"evs":[0.0,2.07889]},"Q2s":{"weight":1.0,"played":[1.0,0.0],"evs":[0.0,-1.80477]},"Q3s":{"weight":1.0,"played":[1.0,0.0],"evs":[0.0,-1.51039]},"Q4s":{"weight":1.0,"played":[1.0,0.0],"evs":[0.0,-1.41823]},"Q5s":{"weight":1.0,"played":[1.0,0.0],"evs":[0.0,-1.15581]},"Q6s":{"weight":1.0,"played":[1.0,0.0],"evs":[0.0,-1.0322]},"Q7s":{"weight":1.0,"played":[1.0,0.0],"evs":[0.0,-1.17615]},"Q8s":{"weight":1.0,"played":[1.0,0.0],"evs":[0.0,-0.63793]},"Q9s":{"weight":1.0,"played":[0.9997,3.0E-4],"evs":[0.0,-0.13275]},"QTs":{"weight":1.0,"played":[2.0E-4,0.9998],"evs":[0.0,0.35271]},"QJs":{"weight":1.0,"played":[0.0,1.0],"evs":[0.0,0.73828]},"QQ":{"weight":1.0,"played":[0.0,1.0],"evs":[0.0,7.05765]},"KQo":{"weight":1.0,"played":[0.0,1.0],"evs":[0.0,1.09197]},"AQo":{"weight":1.0,"played":[0.0,1.0],"evs":[0.0,2.96893]},"K2s":{"weight":1.0,"played":[1.0,0.0],"evs":[0.0,-1.28826]},"K3s":{"weight":1.0,"played":[1.0,0.0],"evs":[0.0,-0.88874]},"K4s":{"weight":1.0,"played":[0.9999,1.0E-4],"evs":[0.0,-0.83411]},"K5s":{"weight":1.0,"played":[1.0,0.0],"evs":[0.0,-0.70514]},"K6s":{"weight":1.0,"played":[1.0,0.0],"evs":[0.0,-0.56439]},"K7s":{"weight":1.0,"played":[0.9995,5.0E-4],"evs":[0.0,-0.61135]},"K8s":{"weight":1.0,"played":[0.9577,0.0423],"evs":[0.0,-0.30825]},"K9s":{"weight":1.0,"played":[4.0E-4,0.9996],"evs":[0.0,0.25698]},"KTs":{"weight":1.0,"played":[0.0,1.0],"evs":[0.0,1.15885]},"KJs":{"weight":1.0,"played":[0.0,1.0],"evs":[0.0,1.62473]},"KQs":{"weight":1.0,"played":[0.0,1.0],"evs":[0.0,2.08382]},"KK":{"weight":1.0,"played":[0.0,1.0],"evs":[0.0,9.77702]},"AKo":{"weight":1.0,"played":[0.0,1.0],"evs":[0.0,4.23197]},"A2s":{"weight":1.0,"played":[0.9997,3.0E-4],"evs":[0.0,-0.33445]},"A3s":{"weight":1.0,"played":[0.9964,0.0036],"evs":[0.0,-0.2256]},"A4s":{"weight":1.0,"played":[0.0263,0.9737],"evs":[0.0,0.09947]},"A5s":{"weight":1.0,"played":[2.0E-4,0.9998],"evs":[0.0,0.38918]},"A6s":{"weight":1.0,"played":[0.0169,0.9831],"evs":[0.0,0.08251]},"A7s":{"weight":1.0,"played":[0.0,1.0],"evs":[0.0,0.73288]},"A8s":{"weight":1.0,"played":[0.0,1.0],"evs":[0.0,1.09821]},"A9s":{"weight":1.0,"played":[0.0,1.0],"evs":[0.0,1.50804]},"ATs":{"weight":1.0,"played":[0.0,1.0],"evs":[0.0,2.60519]},"AJs":{"weight":1.0,"played":[0.0,1.0],"evs":[0.0,3.08745]},"AQs":{"weight":1.0,"played":[0.0,1.0],"evs":[0.0,3.91527]},"AKs":{"weight":1.0,"played":[0.0,1.0],"evs":[0.0,5.00248]},"AA":{"weight":1.0,"played":[0.0,1.0],"evs":[0.0,14.11283]}}}