{"player":5,"street":0,"children":2,"sequence":[{"player":0,"type":"F","amount":0,"street":0},{"player":1,"type":"R","amount":200000,"street":0},{"player":2,"type":"F","amount":0,"street":0},{"player":3,"type":"R","amount":605000,"street":0},{"player":4,"type":"F","amount":0,"street":0}],"actions":[{"type":"F","amount":0,"node":100},{"type":"R","amount":1875000,"node":101}],"hands":{"22":{"weight":1.0,"played":[1.0,0.0],"evs":[0.0,-1.12411]},"32o":{"weight":1.0,"played":[1.0,0.0],"evs":[0.0,-4.95142]},"42o":{"weight":1.0,"played":[1.0,0.0],"evs":[0.0,-4.75642]},"52o":{"weight":1.0,"played":[1.0,0.0],"evs":[0.0,-4.55346]},"62o":{"weight":1.0,"played":[1.0,0.0],"evs":[0.0,-5.04902]},"72o":{"weight":1.0,"played":[1.0,0.0],"evs":[0.0,-5.4426]},"82o":{"weight":1.0,"played":[1.0,0.0],"evs":[0.0,-5.09187]},"92o":{"weight":1.0,"played":[1.0,0.0],"evs":[0.0,-5.07266]},"T2o":{"weight":1.0,"played":[1.0,0.0],"evs":[0.0,-5.20867]},"J2o":{"weight":1.0,"played":[1.0,0.0],"evs":[0.0,-4.36562]},"Q2o":{"weight":1.0,"played":[1.0,0.0],"evs":[0.0,-3.58596]},"K2o":{"weight":1.0,"played":[1.0,0.0],"evs":[0.0,-2.68738]},"A2o":{"weight":1.0,"played":[1.0,0.0],"evs":[0.0,-1.63963]},"32s":{"weight":1.0,"played":[1.0,0.0],"evs":[0.0,-3.55303]},"33":{"weight":1.0,"played":[0.9981,0.0019],"evs":[0.0,-0.35263]},"43o":{"weight":1.0,"played":[1.0,0.0],"evs":[0.0,-3.91792]},"53o":{"weight":1.0,"played":[1.0,0.0],"evs":[0.0,-3.75132]},"63o":{"weight":1.0,"played":[1.0,0.0],"evs":[0.0,-4.35957]},"73o":{"weight":1.0,"played":[1.0,0.0],"evs":[0.0,-4.80036]},"83o":{"weight":1.0,"played":[1.0,0.0],"evs":[0.0,-4.84263]},"93o":{"weight":1.0,"played":[1.0,0.0],"evs":[0.0,-4.78936]},"T3o":{"weight":1.0,"played":[1.0,0.0],"evs":[0.0,-4.73818]},"J3o":{"weight":1.0,"played":[1.0,0.0],"evs":[0.0,-4.1165]},"Q3o":{"weight":1.0,"played":[1.0,0.0],"evs":[0.0,-3.1259]},"K3o":{"weight":1.0,"played":[1.0,0.0],"evs":[0.0,-2.255]},"A3o":{"weight":1.0,"played":[1.0,0.0],"evs":[0.0,-1.3588]},"42s":{"weight":1.0,"played":[1.0,0.0],"evs":[0.0,-3.34578]},"43s":{"weight":1.0,"played":[1.0,0.0],"evs":[0.0,-2.68042]},"44":{"weight":1.0,"played":[0.0073,0.9927],"evs":[0.0,0.24093]},"54o":{"weight":1.0,"played":[1.0,0.0],"evs":[0.0,-3.25095]},"64o":{"weight":1.0,"played":[1.0,0.0],"evs":[0.0,-3.62069]},"74o":{"weight":1.0,"played":[1.0,0.0],"evs":[0.0,-4.15733]},"84o":{"weight":1.0,"played":[1.0,0.0],"evs":[0.0,-4.33576]},"94o":{"weight":1.0,"played":[1.0,0.0],"evs":[0.0,-4.65568]},"T4o":{"weight":1.0,"played":[1.0,0.0],"evs":[0.0,-4.53393]},"J4o":{"weight":1.0,"played":[1.0,0.0],"evs":[0.0,-3.85616]},"Q4o":{"weight":1.0,"played":[1.0,0.0],"evs":[0.0,-2.93401]},"K4o":{"weight":1.0,"played":[1.0,0.0],"evs":[0.0,-2.0638]},"A4o":{"weight":1.0,"played":[1.0,0.0],"evs":[0.0,-1.13191]},"52s":{"weight":1.0,"played":[1.0,0.0],"evs":[0.0,-3.21496]},"53s":{"weight":1.0,"played":[1.0,0.0],"evs":[0.0,-2.49391]},"54s":{"weight":1.0,"played":[1.0,0.0],"evs":[0.0,-1.99518]},"55":{"weight":1.0,"played":[0.0,1.0],"evs":[0.0,0.71558]},"65o":{"weight":1.0,"played":[1.0,0.0],"evs":[0.0,-3.20419]},"75o":{"weight":1.0,"played":[1.0,0.0],"evs":[0.0,-3.54223]},"85o":{"weight":1.0,"played":[1.0,0.0],"evs":[0.0,-3.74786]},"95o":{"weight":1.0,"played":[1.0,0.0],"evs":[0.0,-3.97043]},"T5o":{"weight":1.0,"played":[1.0,0.0],"evs":[0.0,-4.34058]},"J5o":{"weight":1.0,"played":[1.0,0.0],"evs":[0.0,-3.63285]},"Q5o":{"weight":1.0,"played":[1.0,0.0],"evs":[0.0,-2.72551]},"K5o":{"weight":1.0,"played":[1.0,0.0],"evs":[0.0,-1.89782]},"A5o":{"weight":1.0,"played":[1.0,0.0],"evs":[0.0,-0.8011]},"62s":{"weight":1.0,"played":[1.0,0.0],"evs":[0.0,-3.7036]},"63s":{"weight":1.0,"played":[1.0,0.0],"evs":[0.0,-2.99818]},"64s":{"weight":1.0,"played":[1.0,0.0],"evs":[0.0,-2.46763]},"65s":{"weight":1.0,"played":[1.0,0.0],"evs":[0.0,-1.93203]},"66":{"weight":1.0,"played":[0.0,1.0],"evs":[0.0,0.92676]},"76o":{"weight":1.0,"played":[1.0,0.0],"evs":[0.0,-3.25919]},"86o":{"weight":1.0,"played":[1.0,0.0],"evs":[0.0,-3.34758]},"96o":{"weight":1.0,"played":[1.0,0.0],"evs":[0.0,-3.64868]},"T6o":{"weight":1.0,"played":[1.0,0.0],"evs":[0.0,-4.03418]},"J6o":{"weight":1.0,"played":[1.0,0.0],"evs":[0.0,-3.7194]},"Q6o":{"weight":1.0,"played":[1.0,0.0],"evs":[0.0,-2.85318]},"K6o":{"weight":1.0,"played":[1.0,0.0],"evs":[0.0,-1.91639]},"A6o":{"weight":1.0,"played":[1.0,0.0],"evs":[0.0,-1.16095]},"72s":{"weight":1.0,"played":[1.0,0.0],"evs":[0.0,-4.17214]},"73s":{"weight":1.0,"played":[1.0,0.0],"evs":[0.0,-3.57212]},"74s":{"weight":1.0,"played":[1.0,0.0],"evs":[0.0,-2.95415]},"75s":{"weight":1.0,"played":[1.0,0.0],"evs":[0.0,-2.44407]},"76s":{"weight":1.0,"played":[1.0,0.0],"evs":[0.0,-2.1075]},"77":{"weight":1.0,"played":[0.0,1.0],"evs":[0.0,1.53094]},"87o":{"weight":1.0,"played":[1.0,0.0],"evs":[0.0,-3.10275]},"97o":{"weight":1.0,"played":[1.0,0.0],"evs":[0.0,-3.35332]},"T7o":{"weight":1.0,"played":[1.0,0.0],"evs":[0.0,-3.50032]},"J7o":{"weight":1.0,"played":[1.0,0.0],"evs":[0.0,-3.1577]},"Q7o":{"weight":1.0,"played":[1.0,0.0],"evs":[0.0,-2.54743]},"K7o":{"weight":1.0,"played":[1.0,0.0],"evs":[0.0,-1.60655]},"A7o":{"weight":1.0,"played":[1.0,0.0],"evs":[0.0,-0.43118]},"82s":{"weight":1.0,"played":[1.0,0.0],"evs":[0.0,-3.72306]},"83s":{"weight":1.0,"played":[1.0,0.0],"evs":[0.0,-3.594]},"84s":{"weight":1.0,"played":[1.0,0.0],"evs":[0.0,-2.93414]},"85s":{"weight":1.0,"played":[1.0,0.0],"evs":[0.0,-2.45239]},"86s":{"weight":1.0,"played":[1.0,0.0],"evs":[0.0,-2.17556]},"87s":{"weight":1.0,"played":[1.0,0.0],"evs":[0.0,-1.90313]},"88":{"weight":1.0,"played":[0.0,1.0],"evs":[0.0,2.53056]},"98o":{"weight":1.0,"played":[1.0,0.0],"evs":[0.0,-2.66495]},"T8o":{"weight":1.0,"played":[1.0,0.0],"evs":[0.0,-2.78566]},"J8o":{"weight":1.0,"played":[1.0,0.0],"evs":[0.0,-2.50374]},"Q8o":{"weight":1.0,"played":[1.0,0.0],"evs":[0.0,-2.12978]},"K8o":{"weight":1.0,"played":[1.0,0.0],"evs":[0.0,-1.5779]},"A8o":{"weight":1.0,"played":[0.3897,0.6103],"evs":[0.0,-0.01637]},"92s":{"weight":1.0,"played":[1.0,0.0],"evs":[0.0,-3.82007]},"93s":{"weight":1.0,"played":[1.0,0.0],"evs":[0.0,-3.56351]},"94s":{"weight":1.0,"played":[1.0,0.0],"evs":[0.0,-3.26985]},"95s":{"weight":1.0,"played":[1.0,0.0],"evs":[0.0,-2.60988]},"96s":{"weight":1.0,"played":[1.0,0.0],"evs":[0.0,-2.38816]},"97s":{"weight":1.0,"played":[1.0,0.0],"evs":[0.0,-2.0282]},"98s":{"weight":1.0,"played":[1.0,0.0],"evs":[0.0,-1.5177]},"99":{"weight":1.0,"played":[0.0,1.0],"evs":[0.0,3.19207]},"T9o":{"weight":1.0,"played":[1.0,0.0],"evs":[0.0,-2.17886]},"J9o":{"weight":1.0,"played":[1.0,0.0],"evs":[0.0,-1.87793]},"Q9o":{"weight":1.0,"played":[1.0,0.0],"evs":[0.0,-1.56937]},"K9o":{"weight":1.0,"played":[1.0,0.0],"evs":[0.0,-0.9922]},"A9o":{"weight":1.0,"played":[0.0,1.0],"evs":[0.0,0.49258]},"T2s":{"weight":1.0,"played":[1.0,0.0],"evs":[0.0,-3.65758]},"T3s":{"weight":1.0,"played":[1.0,0.0],"evs":[0.0,-3.24171]},"T4s":{"weight":1.0,"played":[1.0,0.0],"evs":[0.0,-3.11355]},"T5s":{"weight":1.0,"played":[1.0,0.0],"evs":[0.0,-3.18044]},"T6s":{"weight":1.0,"played":[1.0,0.0],"evs":[0.0,-2.66251]},"T7s":{"weight":1.0,"played":[1.0,0.0],"evs":[0.0,-2.36801]},"T8s":{"weight":1.0,"played":[1.0,0.0],"evs":[0.0,-1.57684]},"T9s":{"weight":1.0,"played":[1.0,0.0],"evs":[0.0,-1.0533]},"TT":{"weight":1.0,"played":[0.0,1.0],"evs":[0.0,4.0779]},"JTo":{"weight":1.0,"played":[1.0,0.0],"evs":[0.0,-1.37609]},"QTo":{"weight":1.0,"played":[1.0,0.0],"evs":[0.0,-0.86397]},"KTo":{"weight":1.0,"played":[0.8909,0.1091],"evs":[0.0,-0.01759]},"ATo":{"weight":1.0,"played":[0.0,1.0],"evs":[0.0,1.96763]},"J2s":{"weight":1.0,"played":[1.0,0.0],"evs":[0.0,-3.09359]},"J3s":{"weight":1.0,"played":[1.0,0.0],"evs":[0.0,-2.89986]},"J4s":{"weight":1.0,"played":[1.0,0.0],"evs":[0.0,-2.43512]},"J5s":{"weight":1.0,"played":[1.0,0.0],"evs":[0.0,-2.29225]},"J6s":{"weight":1.0,"played":[1.0,0.0],"evs":[0.0,-2.48136]},"J7s":{"weight":1.0,"played":[1.0,0.0],"evs":[0.0,-1.87086]},"J8s":{"weight":1.0,"played":[1.0,0.0],"evs":[0.0,-1.27187]},"J9s":{"weight":1.0,"played":[1.0,0.0],"evs":[0.0,-0.69703]},"JTs":{"weight":1.0,"played":[0.9987,0.0013],"evs":[0.0,-0.23813]},"JJ":{"weight":1.0,"played":[0.0,1.0],"evs":[0.0,5.51569]},"QJo":{"weight":1.0,"played":[0.8738,0.1262],"evs":[0.0,-0.10024]},"KJo":{"weight":1.0,"played":[1.0E-4,0.9999],"evs":[0.0,0.45992]},"AJo":{"weight":1.0,"played":[0.0,1.0],"evs":[0.0,2.53093]},"Q2s":{"weight":1.0,"played":[1.0,0.0],"evs":[0.0,-2.14902]},"Q3s":{"weight":1.0,"played":[1.0,0.0],"evs":[0.0,-1.76777]},"Q4s":{"weight":1.0,"played":[1.0,0.0],"evs":[0.0,-1.80814]},"Q5s":{"weight":1.0,"played":[1.0,0.0],"evs":[0.0,-1.48686]},"Q6s":{"weight":1.0,"played":[1.0,0.0],"evs":[0.0,-1.52255]},"Q7s":{"weight":1.0,"played":[1.0,0.0],"evs":[0.0,-1.36447]},"Q8s":{"weight":1.0,"played":[1.0,0.0],"evs":[0.0,-0.87073]},"Q9s":{"weight":1.0,"played":[0.9994,6.0E-4],"evs":[0.0,-0.52128]},"QTs":{"weight":1.0,"played":[0.001,0.999],"evs":[0.0,0.3136]},"QJs":{"weight":1.0,"played":[0.0,1.0],"evs":[0.0,1.06445]},"QQ":{"weight":1.0,"played":[0.0,1.0],"evs":[0.0,7.47462]},"KQo":{"weight":1.0,"played":[0.0,1.0],"evs":[0.0,1.14753]},"AQo":{"weight":1.0,"played":[0.0,1.0],"evs":[0.0,3.25594]},"K2s":{"weight":1.0,"played":[1.0,0.0],"evs":[0.0,-1.38062]},"K3s":{"weight":1.0,"played":[1.0,0.0],"evs":[0.0,-0.87878]},"K4s":{"weight":1.0,"played":[1.0,0.0],"evs":[0.0,-0.79438]},"K5s":{"weight":1.0,"played":[0.999,0.001],"evs":[0.0,-0.68182]},"K6s":{"weight":1.0,"played":[1.0,0.0],"evs":[0.0,-0.55619]},"K7s":{"weight":1.0,"played":[1.0,0.0],"evs":[0.0,-0.35581]},"K8s":{"weight":1.0,"played":[0.936,0.064],"evs":[0.0,-0.27792]},"K9s":{"weight":1.0,"played":[0.0152,0.9848],"evs":[0.0,0.22371]},"KTs":{"weight":1.0,"played":[0.0,1.0],"evs":[0.0,1.25999]},"KJs":{"weight":1.0,"played":[0.0,1.0],"evs":[0.0,1.64905]},"KQs":{"weight":1.0,"played":[0.0,1.0],"evs":[0.0,2.37028]},"KK":{"weight":1.0,"played":[0.0,1.0],"evs":[0.0,10.55414]},"AKo":{"weight":1.0,"played":[0.0,1.0],"evs":[0.0,4.56177]},"A2s":{"weight":1.0,"played":[0.9873,0.0127],"evs":[0.0,-0.17417]},"A3s":{"weight":1.0,"played":[0.3878,0.6122],"evs":[0.0,0.01043]},"A4s":{"weight":1.0,"played":[0.0161,0.9839],"evs":[0.0,0.29306]},"A5s":{"weight":1.0,"played":[2.0E-4,0.9998],"evs":[0.0,0.44081]},"A6s":{"weight":1.0,"played":[2.0E-4,0.9998],"evs":[0.0,0.23656]},"A7s":{"weight":1.0,"played":[1.0E-4,0.9999],"evs":[0.0,0.85196]},"A8s":{"weight":1.0,"played":[0.0,1.0],"evs":[0.0,1.24745]},"A9s":{"weight":1.0,"played":[0.0,1.0],"evs":[0.0,1.47389]},"ATs":{"weight":1.0,"played":[0.0,1.0],"evs":[0.0,3.24596]},"AJs":{"weight":1.0,"played":[0.0,1.0],"evs":[0.0,3.55942]},"AQs":{"weight":1.0,"played":[0.0,1.0],"evs":[0.0,4.31962]},"AKs":{"weight":1.0,"played":[0.0,1.0],"evs":[0.0,5.49963]},"AA":{"weight":1.0,"played":[0.0,1.0],"evs":[0.0,15.52727]}}}