{"player":0,"street":0,"children":2,"sequence":[],"actions":[{"type":"F","amount":0,"node":1},{"type":"R","amount":39250000,"node":9}],"hands":{"22":{"weight":1.0,"played":[0.0,1.0],"evs":[0.0,1.02408]},"32o":{"weight":1.0,"played":[1.0,0.0],"evs":[0.0,-0.30949]},"42o":{"weight":1.0,"played":[1.0,0.0],"evs":[0.0,-0.25075]},"52o":{"weight":1.0,"played":[1.0,0.0],"evs":[0.0,-0.19571]},"62o":{"weight":1.0,"played":[1.0,0.0],"evs":[0.0,-0.27591]},"72o":{"weight":1.0,"played":[1.0,0.0],"evs":[0.0,-0.35257]},"82o":{"weight":1.0,"played":[1.0,0.0],"evs":[0.0,-0.29306]},"92o":{"weight":1.0,"played":[1.0,0.0],"evs":[0.0,-0.25502]},"T2o":{"weight":1.0,"played":[1.0,0.0],"evs":[0.0,-0.19923]},"J2o":{"weight":1.0,"played":[1.0,0.0],"evs":[0.0,-0.14246]},"Q2o":{"weight":1.0,"played":[1.0,0.0],"evs":[0.0,-0.06427]},"K2o":{"weight":1.0,"played":[0.0,1.0],"evs":[0.0,0.14025]},"A2o":{"weight":1.0,"played":[0.0,1.0],"evs":[0.0,0.84256]},"32s":{"weight":1.0,"played":[0.0,1.0],"evs":[0.0,0.04119]},"33":{"weight":1.0,"played":[0.0,1.0],"evs":[0.0,1.11503]},"43o":{"weight":1.0,"played":[1.0,0.0],"evs":[0.0,-0.12329]},"53o":{"weight":1.0,"played":[1.0,0.0],"evs":[0.0,-0.06592]},"63o":{"weight":1.0,"played":[1.0,0.0],"evs":[0.0,-0.14819]},"73o":{"weight":1.0,"played":[1.0,0.0],"evs":[0.0,-0.22123]},"83o":{"weight":1.0,"played":[1.0,0.0],"evs":[0.0,-0.28265]},"93o":{"weight":1.0,"played":[1.0,0.0],"evs":[0.0,-0.2233]},"T3o":{"weight":1.0,"played":[1.0,0.0],"evs":[0.0,-0.1632]},"J3o":{"weight":1.0,"played":[1.0,0.0],"evs":[0.0,-0.10944]},"Q3o":{"weight":1.0,"played":[1.0,0.0],"evs":[0.0,-0.03051]},"K3o":{"weight":1.0,"played":[0.0,1.0],"evs":[0.0,0.16561]},"A3o":{"weight":1.0,"played":[0.0,1.0],"evs":[0.0,0.87478]},"42s":{"weight":1.0,"played":[0.0,1.0],"evs":[0.0,0.09701]},"43s":{"weight":1.0,"played":[0.0,1.0],"evs":[0.0,0.21264]},"44":{"weight":1.0,"played":[0.0,1.0],"evs":[0.0,1.2466]},"54o":{"weight":1.0,"played":[0.0,1.0],"evs":[0.0,0.07931]},"64o":{"weight":1.0,"played":[0.8323,0.1677],"evs":[0.0,-0.00159]},"74o":{"weight":1.0,"played":[1.0,0.0],"evs":[0.0,-0.07284]},"84o":{"weight":1.0,"played":[1.0,0.0],"evs":[0.0,-0.13631]},"94o":{"weight":1.0,"played":[1.0,0.0],"evs":[0.0,-0.19996]},"T4o":{"weight":1.0,"played":[1.0,0.0],"evs":[0.0,-0.11793]},"J4o":{"weight":1.0,"played":[1.0,0.0],"evs":[0.0,-0.06273]},"Q4o":{"weight":1.0,"played":[0.0011,0.9989],"evs":[0.0,0.01422]},"K4o":{"weight":1.0,"played":[0.0,1.0],"evs":[0.0,0.21078]},"A4o":{"weight":1.0,"played":[0.0,1.0],"evs":[0.0,0.92333]},"52s":{"weight":1.0,"played":[0.0,1.0],"evs":[0.0,0.14299]},"53s":{"weight":1.0,"played":[0.0,1.0],"evs":[0.0,0.27503]},"54s":{"weight":1.0,"played":[0.0,1.0],"evs":[0.0,0.39886]},"55":{"weight":1.0,"played":[0.0,1.0],"evs":[0.0,1.40697]},"65o":{"weight":1.0,"played":[0.0,1.0],"evs":[0.0,0.14754]},"75o":{"weight":1.0,"played":[0.0,1.0],"evs":[0.0,0.07284]},"85o":{"weight":1.0,"played":[0.056,0.944],"evs":[0.0,0.00715]},"95o":{"weight":1.0,"played":[1.0,0.0],"evs":[0.0,-0.05141]},"T5o":{"weight":1.0,"played":[1.0,0.0],"evs":[0.0,-0.09166]},"J5o":{"weight":1.0,"played":[0.9999,1.0E-4],"evs":[0.0,-0.01003]},"Q5o":{"weight":1.0,"played":[0.0,1.0],"evs":[0.0,0.06982]},"K5o":{"weight":1.0,"played":[0.0,1.0],"evs":[0.0,0.26206]},"A5o":{"weight":1.0,"played":[0.0,1.0],"evs":[0.0,0.9923]},"62s":{"weight":1.0,"played":[0.0,1.0],"evs":[0.0,0.07097]},"63s":{"weight":1.0,"played":[0.0,1.0],"evs":[0.0,0.18848]},"64s":{"weight":1.0,"played":[0.0,1.0],"evs":[0.0,0.32619]},"65s":{"weight":1.0,"played":[0.0,1.0],"evs":[0.0,0.44994]},"66":{"weight":1.0,"played":[0.0,1.0],"evs":[0.0,1.58985]},"76o":{"weight":1.0,"played":[0.0,1.0],"evs":[0.0,0.20636]},"86o":{"weight":1.0,"played":[0.0,1.0],"evs":[0.0,0.15285]},"96o":{"weight":1.0,"played":[0.0,1.0],"evs":[0.0,0.08847]},"T6o":{"weight":1.0,"played":[0.0,1.0],"evs":[0.0,0.04773]},"J6o":{"weight":1.0,"played":[0.0031,0.9969],"evs":[0.0,0.0079]},"Q6o":{"weight":1.0,"played":[0.0,1.0],"evs":[0.0,0.11454]},"K6o":{"weight":1.0,"played":[0.0,1.0],"evs":[0.0,0.319]},"A6o":{"weight":1.0,"played":[0.0,1.0],"evs":[0.0,0.99727]},"72s":{"weight":1.0,"played":[0.7334,0.2666],"evs":[0.0,-0.00663]},"73s":{"weight":1.0,"played":[0.0,1.0],"evs":[0.0,0.11266]},"74s":{"weight":1.0,"played":[0.0,1.0],"evs":[0.0,0.25795]},"75s":{"weight":1.0,"played":[0.0,1.0],"evs":[0.0,0.38936]},"76s":{"weight":1.0,"played":[0.0,1.0],"evs":[0.0,0.52164]},"77":{"weight":1.0,"played":[0.0,1.0],"evs":[0.0,1.7701]},"87o":{"weight":1.0,"played":[0.0,1.0],"evs":[0.0,0.26241]},"97o":{"weight":1.0,"played":[0.0,1.0],"evs":[0.0,0.21022]},"T7o":{"weight":1.0,"played":[0.0,1.0],"evs":[0.0,0.16903]},"J7o":{"weight":1.0,"played":[0.0,1.0],"evs":[0.0,0.12673]},"Q7o":{"weight":1.0,"played":[0.0,1.0],"evs":[0.0,0.11794]},"K7o":{"weight":1.0,"played":[0.0,1.0],"evs":[0.0,0.35377]},"A7o":{"weight":1.0,"played":[0.0,1.0],"evs":[0.0,1.13384]},"82s":{"weight":1.0,"played":[0.0,1.0],"evs":[0.0,0.05025]},"83s":{"weight":1.0,"played":[0.0,1.0],"evs":[0.0,0.05741]},"84s":{"weight":1.0,"played":[0.0,1.0],"evs":[0.0,0.19503]},"85s":{"weight":1.0,"played":[0.0,1.0],"evs":[0.0,0.33248]},"86s":{"weight":1.0,"played":[0.0,1.0],"evs":[0.0,0.45548]},"87s":{"weight":1.0,"played":[0.0,1.0],"evs":[0.0,0.56765]},"88":{"weight":1.0,"played":[0.0,1.0],"evs":[0.0,1.98333]},"98o":{"weight":1.0,"played":[0.0,1.0],"evs":[0.0,0.31588]},"T8o":{"weight":1.0,"played":[0.0,1.0],"evs":[0.0,0.2912]},"J8o":{"weight":1.0,"played":[0.0,1.0],"evs":[0.0,0.24653]},"Q8o":{"weight":1.0,"played":[0.0,1.0],"evs":[0.0,0.24063]},"K8o":{"weight":1.0,"played":[0.0,1.0],"evs":[0.0,0.40933]},"A8o":{"weight":1.0,"played":[0.0,1.0],"evs":[0.0,1.31677]},"92s":{"weight":1.0,"played":[0.0,1.0],"evs":[0.0,0.08921]},"93s":{"weight":1.0,"played":[0.0,1.0],"evs":[0.0,0.11472]},"94s":{"weight":1.0,"played":[0.0,1.0],"evs":[0.0,0.13681]},"95s":{"weight":1.0,"played":[0.0,1.0],"evs":[0.0,0.27158]},"96s":{"weight":1.0,"played":[0.0,1.0],"evs":[0.0,0.40325]},"97s":{"weight":1.0,"played":[0.0,1.0],"evs":[0.0,0.517]},"98s":{"weight":1.0,"played":[0.0,1.0],"evs":[0.0,0.61526]},"99":{"weight":1.0,"played":[0.0,1.0],"evs":[0.0,2.23763]},"T9o":{"weight":1.0,"played":[0.0,1.0],"evs":[0.0,0.42186]},"J9o":{"weight":1.0,"played":[0.0,1.0],"evs":[0.0,0.3817]},"Q9o":{"weight":1.0,"played":[0.0,1.0],"evs":[0.0,0.37796]},"K9o":{"weight":1.0,"played":[0.0,1.0],"evs":[0.0,0.61478]},"A9o":{"weight":1.0,"played":[0.0,1.0],"evs":[0.0,1.53086]},"T2s":{"weight":1.0,"played":[0.0,1.0],"evs":[0.0,0.1397]},"T3s":{"weight":1.0,"played":[0.0,1.0],"evs":[0.0,0.16587]},"T4s":{"weight":1.0,"played":[0.0,1.0],"evs":[0.0,0.21439]},"T5s":{"weight":1.0,"played":[0.0,1.0],"evs":[0.0,0.24389]},"T6s":{"weight":1.0,"played":[0.0,1.0],"evs":[0.0,0.3683]},"T7s":{"weight":1.0,"played":[0.0,1.0],"evs":[0.0,0.47623]},"T8s":{"weight":1.0,"played":[0.0,1.0],"evs":[0.0,0.58858]},"T9s":{"weight":1.0,"played":[0.0,1.0],"evs":[0.0,0.71464]},"TT":{"weight":1.0,"played":[0.0,1.0],"evs":[0.0,2.58023]},"JTo":{"weight":1.0,"played":[0.0,1.0],"evs":[0.0,0.57018]},"QTo":{"weight":1.0,"played":[0.0,1.0],"evs":[0.0,0.61642]},"KTo":{"weight":1.0,"played":[0.0,1.0],"evs":[0.0,0.92951]},"ATo":{"weight":1.0,"played":[0.0,1.0],"evs":[0.0,1.88084]},"J2s":{"weight":1.0,"played":[0.0,1.0],"evs":[0.0,0.19625]},"J3s":{"weight":1.0,"played":[0.0,1.0],"evs":[0.0,0.21884]},"J4s":{"weight":1.0,"played":[0.0,1.0],"evs":[0.0,0.26554]},"J5s":{"weight":1.0,"played":[0.0,1.0],"evs":[0.0,0.31288]},"J6s":{"weight":1.0,"played":[0.0,1.0],"evs":[0.0,0.33505]},"J7s":{"weight":1.0,"played":[0.0,1.0],"evs":[0.0,0.44134]},"J8s":{"weight":1.0,"played":[0.0,1.0],"evs":[0.0,0.55887]},"J9s":{"weight":1.0,"played":[0.0,1.0],"evs":[0.0,0.67743]},"JTs":{"weight":1.0,"played":[0.0,1.0],"evs":[0.0,0.85862]},"JJ":{"weight":1.0,"played":[0.0,1.0],"evs":[0.0,2.89201]},"QJo":{"weight":1.0,"played":[0.0,1.0],"evs":[0.0,0.76396]},"KJo":{"weight":1.0,"played":[0.0,1.0],"evs":[0.0,1.13221]},"AJo":{"weight":1.0,"played":[0.0,1.0],"evs":[0.0,2.11435]},"Q2s":{"weight":1.0,"played":[0.0,1.0],"evs":[0.0,0.27085]},"Q3s":{"weight":1.0,"played":[0.0,1.0],"evs":[0.0,0.29829]},"Q4s":{"weight":1.0,"played":[0.0,1.0],"evs":[0.0,0.34842]},"Q5s":{"weight":1.0,"played":[0.0,1.0],"evs":[0.0,0.3872]},"Q6s":{"weight":1.0,"played":[0.0,1.0],"evs":[0.0,0.4297]},"Q7s":{"weight":1.0,"played":[0.0,1.0],"evs":[0.0,0.43321]},"Q8s":{"weight":1.0,"played":[0.0,1.0],"evs":[0.0,0.55012]},"Q9s":{"weight":1.0,"played":[0.0,1.0],"evs":[0.0,0.68031]},"QTs":{"weight":1.0,"played":[0.0,1.0],"evs":[0.0,0.89443]},"QJs":{"weight":1.0,"played":[0.0,1.0],"evs":[0.0,1.03631]},"QQ":{"weight":1.0,"played":[0.0,1.0],"evs":[0.0,3.21973]},"KQo":{"weight":1.0,"played":[0.0,1.0],"evs":[0.0,1.3455]},"AQo":{"weight":1.0,"played":[0.0,1.0],"evs":[0.0,2.36147]},"K2s":{"weight":1.0,"played":[0.0,1.0],"evs":[0.0,0.46224]},"K3s":{"weight":1.0,"played":[0.0,1.0],"evs":[0.0,0.48657]},"K4s":{"weight":1.0,"played":[0.0,1.0],"evs":[0.0,0.53132]},"K5s":{"weight":1.0,"played":[0.0,1.0],"evs":[0.0,0.56744]},"K6s":{"weight":1.0,"played":[0.0,1.0],"evs":[0.0,0.61818]},"K7s":{"weight":1.0,"played":[0.0,1.0],"evs":[0.0,0.65363]},"K8s":{"weight":1.0,"played":[0.0,1.0],"evs":[0.0,0.7111]},"K9s":{"weight":1.0,"played":[0.0,1.0],"evs":[0.0,0.90143]},"KTs":{"weight":1.0,"played":[0.0,1.0],"evs":[0.0,1.19529]},"KJs":{"weight":1.0,"played":[0.0,1.0],"evs":[0.0,1.37395]},"KQs":{"weight":1.0,"played":[0.0,1.0],"evs":[0.0,1.5746]},"KK":{"weight":1.0,"played":[0.0,1.0],"evs":[0.0,3.61667]},"AKo":{"weight":1.0,"played":[0.0,1.0],"evs":[0.0,2.66224]},"A2s":{"weight":1.0,"played":[0.0,1.0],"evs":[0.0,1.11412]},"A3s":{"weight":1.0,"played":[0.0,1.0],"evs":[0.0,1.14695]},"A4s":{"weight":1.0,"played":[0.0,1.0],"evs":[0.0,1.18857]},"A5s":{"weight":1.0,"played":[0.0,1.0],"evs":[0.0,1.25104]},"A6s":{"weight":1.0,"played":[0.0,1.0],"evs":[0.0,1.24958]},"A7s":{"weight":1.0,"played":[0.0,1.0],"evs":[0.0,1.38063]},"A8s":{"weight":1.0,"played":[0.0,1.0],"evs":[0.0,1.55393]},"A9s":{"weight":1.0,"played":[0.0,1.0],"evs":[0.0,1.75508]},"ATs":{"weight":1.0,"played":[0.0,1.0],"evs":[0.0,2.09081]},"AJs":{"weight":1.0,"played":[0.0,1.0],"evs":[0.0,2.29944]},"AQs":{"weight":1.0,"played":[0.0,1.0],"evs":[0.0,2.52523]},"AKs":{"weight":1.0,"played":[0.0,1.0],"evs":[0.0,2.79783]},"AA":{"weight":1.0,"played":[0.0,1.0],"evs":[0.0,4.25796]}}}