{"player":2,"street":0,"children":2,"sequence":[{"player":0,"type":"R","amount":39250000,"street":0},{"player":1,"type":"F","amount":0,"street":0}],"actions":[{"type":"F","amount":0,"node":11},{"type":"C","amount":21750000,"node":12}],"hands":{"22":{"weight":1.0,"played":[1.0,0.0],"evs":[0.0,-0.93728]},"32o":{"weight":1.0,"played":[1.0,0.0],"evs":[0.0,-3.65509]},"42o":{"weight":1.0,"played":[1.0,0.0],"evs":[0.0,-3.53443]},"52o":{"weight":1.0,"played":[1.0,0.0],"evs":[0.0,-3.42198]},"62o":{"weight":1.0,"played":[1.0,0.0],"evs":[0.0,-3.57346]},"72o":{"weight":1.0,"played":[1.0,0.0],"evs":[0.0,-3.58881]},"82o":{"weight":1.0,"played":[1.0,0.0],"evs":[0.0,-3.31996]},"92o":{"weight":1.0,"played":[1.0,0.0],"evs":[0.0,-3.04555]},"T2o":{"weight":1.0,"played":[1.0,0.0],"evs":[0.0,-2.74176]},"J2o":{"weight":1.0,"played":[1.0,0.0],"evs":[0.0,-2.41585]},"Q2o":{"weight":1.0,"played":[1.0,0.0],"evs":[0.0,-1.98544]},"K2o":{"weight":1.0,"played":[1.0,0.0],"evs":[0.0,-1.3643]},"A2o":{"weight":1.0,"played":[1.0,0.0],"evs":[0.0,-0.34171]},"32s":{"weight":1.0,"played":[1.0,0.0],"evs":[0.0,-2.97052]},"33":{"weight":1.0,"played":[1.0,0.0],"evs":[0.0,-0.58922]},"43o":{"weight":1.0,"played":[1.0,0.0],"evs":[0.0,-3.2547]},"53o":{"weight":1.0,"played":[1.0,0.0],"evs":[0.0,-3.12707]},"63o":{"weight":1.0,"played":[1.0,0.0],"evs":[0.0,-3.26499]},"73o":{"weight":1.0,"played":[1.0,0.0],"evs":[0.0,-3.29018]},"83o":{"weight":1.0,"played":[1.0,0.0],"evs":[0.0,-3.25578]},"93o":{"weight":1.0,"played":[1.0,0.0],"evs":[0.0,-2.93682]},"T3o":{"weight":1.0,"played":[1.0,0.0],"evs":[0.0,-2.62459]},"J3o":{"weight":1.0,"played":[1.0,0.0],"evs":[0.0,-2.29553]},"Q3o":{"weight":1.0,"played":[1.0,0.0],"evs":[0.0,-1.87782]},"K3o":{"weight":1.0,"played":[1.0,0.0],"evs":[0.0,-1.24267]},"A3o":{"weight":1.0,"played":[1.0,0.0],"evs":[0.0,-0.22221]},"42s":{"weight":1.0,"played":[1.0,0.0],"evs":[0.0,-2.85913]},"43s":{"weight":1.0,"played":[1.0,0.0],"evs":[0.0,-2.599]},"44":{"weight":1.0,"played":[1.0,0.0],"evs":[0.0,-0.18112]},"54o":{"weight":1.0,"played":[1.0,0.0],"evs":[0.0,-2.83693]},"64o":{"weight":1.0,"played":[1.0,0.0],"evs":[0.0,-2.97029]},"74o":{"weight":1.0,"played":[1.0,0.0],"evs":[0.0,-2.9996]},"84o":{"weight":1.0,"played":[1.0,0.0],"evs":[0.0,-2.95351]},"94o":{"weight":1.0,"played":[1.0,0.0],"evs":[0.0,-2.87842]},"T4o":{"weight":1.0,"played":[1.0,0.0],"evs":[0.0,-2.50903]},"J4o":{"weight":1.0,"played":[1.0,0.0],"evs":[0.0,-2.17451]},"Q4o":{"weight":1.0,"played":[1.0,0.0],"evs":[0.0,-1.739]},"K4o":{"weight":1.0,"played":[1.0,0.0],"evs":[0.0,-1.08856]},"A4o":{"weight":1.0,"played":[1.0,0.0],"evs":[0.0,-0.06312]},"52s":{"weight":1.0,"played":[1.0,0.0],"evs":[0.0,-2.74802]},"53s":{"weight":1.0,"played":[1.0,0.0],"evs":[0.0,-2.4882]},"54s":{"weight":1.0,"played":[1.0,0.0],"evs":[0.0,-2.21791]},"55":{"weight":1.0,"played":[0.0,1.0],"evs":[0.0,0.26484]},"65o":{"weight":1.0,"played":[1.0,0.0],"evs":[0.0,-2.67434]},"75o":{"weight":1.0,"played":[1.0,0.0],"evs":[0.0,-2.67788]},"85o":{"weight":1.0,"played":[1.0,0.0],"evs":[0.0,-2.62094]},"95o":{"weight":1.0,"played":[1.0,0.0],"evs":[0.0,-2.54387]},"T5o":{"weight":1.0,"played":[1.0,0.0],"evs":[0.0,-2.41122]},"J5o":{"weight":1.0,"played":[1.0,0.0],"evs":[0.0,-2.02022]},"Q5o":{"weight":1.0,"played":[1.0,0.0],"evs":[0.0,-1.56942]},"K5o":{"weight":1.0,"played":[1.0,0.0],"evs":[0.0,-0.90129]},"A5o":{"weight":1.0,"played":[0.0,1.0],"evs":[0.0,0.1282]},"62s":{"weight":1.0,"played":[1.0,0.0],"evs":[0.0,-2.88414]},"63s":{"weight":1.0,"played":[1.0,0.0],"evs":[0.0,-2.60237]},"64s":{"weight":1.0,"played":[1.0,0.0],"evs":[0.0,-2.32458]},"65s":{"weight":1.0,"played":[1.0,0.0],"evs":[0.0,-2.05661]},"66":{"weight":1.0,"played":[0.0,1.0],"evs":[0.0,0.80021]},"76o":{"weight":1.0,"played":[1.0,0.0],"evs":[0.0,-2.40355]},"86o":{"weight":1.0,"played":[1.0,0.0],"evs":[0.0,-2.34512]},"96o":{"weight":1.0,"played":[1.0,0.0],"evs":[0.0,-2.25101]},"T6o":{"weight":1.0,"played":[1.0,0.0],"evs":[0.0,-2.09267]},"J6o":{"weight":1.0,"played":[1.0,0.0],"evs":[0.0,-1.9138]},"Q6o":{"weight":1.0,"played":[1.0,0.0],"evs":[0.0,-1.38382]},"K6o":{"weight":1.0,"played":[1.0,0.0],"evs":[0.0,-0.70257]},"A6o":{"weight":1.0,"played":[0.0,1.0],"evs":[0.0,0.16952]},"72s":{"weight":1.0,"played":[1.0,0.0],"evs":[0.0,-2.91076]},"73s":{"weight":1.0,"played":[1.0,0.0],"evs":[0.0,-2.62951]},"74s":{"weight":1.0,"played":[1.0,0.0],"evs":[0.0,-2.33714]},"75s":{"weight":1.0,"played":[1.0,0.0],"evs":[0.0,-2.05658]},"76s":{"weight":1.0,"played":[1.0,0.0],"evs":[0.0,-1.81563]},"77":{"weight":1.0,"played":[0.0,1.0],"evs":[0.0,1.34834]},"87o":{"weight":1.0,"played":[1.0,0.0],"evs":[0.0,-2.02796]},"97o":{"weight":1.0,"played":[1.0,0.0],"evs":[0.0,-1.92654]},"T7o":{"weight":1.0,"played":[1.0,0.0],"evs":[0.0,-1.76005]},"J7o":{"weight":1.0,"played":[1.0,0.0],"evs":[0.0,-1.58408]},"Q7o":{"weight":1.0,"played":[1.0,0.0],"evs":[0.0,-1.25869]},"K7o":{"weight":1.0,"played":[1.0,0.0],"evs":[0.0,-0.53158]},"A7o":{"weight":1.0,"played":[0.0,1.0],"evs":[0.0,0.41361]},"82s":{"weight":1.0,"played":[1.0,0.0],"evs":[0.0,-2.63346]},"83s":{"weight":1.0,"played":[1.0,0.0],"evs":[0.0,-2.58033]},"84s":{"weight":1.0,"played":[1.0,0.0],"evs":[0.0,-2.30665]},"85s":{"weight":1.0,"played":[1.0,0.0],"evs":[0.0,-2.00471]},"86s":{"weight":1.0,"played":[1.0,0.0],"evs":[0.0,-1.74808]},"87s":{"weight":1.0,"played":[1.0,0.0],"evs":[0.0,-1.44729]},"88":{"weight":1.0,"played":[0.0,1.0],"evs":[0.0,1.92064]},"98o":{"weight":1.0,"played":[1.0,0.0],"evs":[0.0,-1.58874]},"T8o":{"weight":1.0,"played":[1.0,0.0],"evs":[0.0,-1.4137]},"J8o":{"weight":1.0,"played":[1.0,0.0],"evs":[0.0,-1.22646]},"Q8o":{"weight":1.0,"played":[1.0,0.0],"evs":[0.0,-0.8998]},"K8o":{"weight":1.0,"played":[1.0,0.0],"evs":[0.0,-0.35775]},"A8o":{"weight":1.0,"played":[0.0,1.0],"evs":[0.0,0.65107]},"92s":{"weight":1.0,"played":[1.0,0.0],"evs":[0.0,-2.39736]},"93s":{"weight":1.0,"played":[1.0,0.0],"evs":[0.0,-2.28377]},"94s":{"weight":1.0,"played":[1.0,0.0],"evs":[0.0,-2.23361]},"95s":{"weight":1.0,"played":[1.0,0.0],"evs":[0.0,-1.91734]},"96s":{"weight":1.0,"played":[1.0,0.0],"evs":[0.0,-1.65592]},"97s":{"weight":1.0,"played":[1.0,0.0],"evs":[0.0,-1.34216]},"98s":{"weight":1.0,"played":[1.0,0.0],"evs":[0.0,-1.03616]},"99":{"weight":1.0,"played":[0.0,1.0],"evs":[0.0,2.48863]},"T9o":{"weight":1.0,"played":[1.0,0.0],"evs":[0.0,-1.0552]},"J9o":{"weight":1.0,"played":[1.0,0.0],"evs":[0.0,-0.87798]},"Q9o":{"weight":1.0,"played":[1.0,0.0],"evs":[0.0,-0.54916]},"K9o":{"weight":1.0,"played":[0.021,0.979],"evs":[0.0,0.00475]},"A9o":{"weight":1.0,"played":[0.0,1.0],"evs":[0.0,0.87726]},"T2s":{"weight":1.0,"played":[1.0,0.0],"evs":[0.0,-2.07396]},"T3s":{"weight":1.0,"played":[1.0,0.0],"evs":[0.0,-1.99636]},"T4s":{"weight":1.0,"played":[1.0,0.0],"evs":[0.0,-1.87577]},"T5s":{"weight":1.0,"played":[1.0,0.0],"evs":[0.0,-1.79365]},"T6s":{"weight":1.0,"played":[1.0,0.0],"evs":[0.0,-1.49743]},"T7s":{"weight":1.0,"played":[1.0,0.0],"evs":[0.0,-1.19774]},"T8s":{"weight":1.0,"played":[1.0,0.0],"evs":[0.0,-0.8651]},"T9s":{"weight":1.0,"played":[1.0,0.0],"evs":[0.0,-0.52215]},"TT":{"weight":1.0,"played":[0.0,1.0],"evs":[0.0,3.13124]},"JTo":{"weight":1.0,"played":[1.0,0.0],"evs":[0.0,-0.44705]},"QTo":{"weight":1.0,"played":[1.0,0.0],"evs":[0.0,-0.10944]},"KTo":{"weight":1.0,"played":[0.0,1.0],"evs":[0.0,0.45939]},"ATo":{"weight":1.0,"played":[0.0,1.0],"evs":[0.0,1.36623]},"J2s":{"weight":1.0,"played":[1.0,0.0],"evs":[0.0,-1.77396]},"J3s":{"weight":1.0,"played":[1.0,0.0],"evs":[0.0,-1.66865]},"J4s":{"weight":1.0,"played":[1.0,0.0],"evs":[0.0,-1.56985]},"J5s":{"weight":1.0,"played":[1.0,0.0],"evs":[0.0,-1.42646]},"J6s":{"weight":1.0,"played":[1.0,0.0],"evs":[0.0,-1.32262]},"J7s":{"weight":1.0,"played":[1.0,0.0],"evs":[0.0,-1.01354]},"J8s":{"weight":1.0,"played":[1.0,0.0],"evs":[0.0,-0.68239]},"J9s":{"weight":1.0,"played":[1.0,0.0],"evs":[0.0,-0.36637]},"JTs":{"weight":1.0,"played":[0.0019,0.9981],"evs":[0.0,0.05286]},"JJ":{"weight":1.0,"played":[0.0,1.0],"evs":[0.0,3.68186]},"QJo":{"weight":1.0,"played":[0.0,1.0],"evs":[0.0,0.08285]},"KJo":{"weight":1.0,"played":[0.0,1.0],"evs":[0.0,0.70362]},"AJo":{"weight":1.0,"played":[0.0,1.0],"evs":[0.0,1.6261]},"Q2s":{"weight":1.0,"played":[1.0,0.0],"evs":[0.0,-1.37102]},"Q3s":{"weight":1.0,"played":[1.0,0.0],"evs":[0.0,-1.28454]},"Q4s":{"weight":1.0,"played":[1.0,0.0],"evs":[0.0,-1.14456]},"Q5s":{"weight":1.0,"played":[1.0,0.0],"evs":[0.0,-0.98268]},"Q6s":{"weight":1.0,"played":[1.0,0.0],"evs":[0.0,-0.80103]},"Q7s":{"weight":1.0,"played":[1.0,0.0],"evs":[0.0,-0.70357]},"Q8s":{"weight":1.0,"played":[1.0,0.0],"evs":[0.0,-0.37206]},"Q9s":{"weight":1.0,"played":[0.9984,0.0016],"evs":[0.0,-0.02827]},"QTs":{"weight":1.0,"played":[0.0,1.0],"evs":[0.0,0.36553]},"QJs":{"weight":1.0,"played":[0.0,1.0],"evs":[0.0,0.56399]},"QQ":{"weight":1.0,"played":[0.0,1.0],"evs":[0.0,4.29379]},"KQo":{"weight":1.0,"played":[0.0,1.0],"evs":[0.0,0.96221]},"AQo":{"weight":1.0,"played":[0.0,1.0],"evs":[0.0,1.92699]},"K2s":{"weight":1.0,"played":[1.0,0.0],"evs":[0.0,-0.79515]},"K3s":{"weight":1.0,"played":[1.0,0.0],"evs":[0.0,-0.68084]},"K4s":{"weight":1.0,"played":[1.0,0.0],"evs":[0.0,-0.53031]},"K5s":{"weight":1.0,"played":[1.0,0.0],"evs":[0.0,-0.36435]},"K6s":{"weight":1.0,"played":[1.0,0.0],"evs":[0.0,-0.18272]},"K7s":{"weight":1.0,"played":[0.8795,0.1205],"evs":[0.0,-0.0211]},"K8s":{"weight":1.0,"played":[0.0,1.0],"evs":[0.0,0.14543]},"K9s":{"weight":1.0,"played":[0.0,1.0],"evs":[0.0,0.48682]},"KTs":{"weight":1.0,"played":[0.0,1.0],"evs":[0.0,0.90454]},"KJs":{"weight":1.0,"played":[0.0,1.0],"evs":[0.0,1.12756]},"KQs":{"weight":1.0,"played":[0.0,1.0],"evs":[0.0,1.37565]},"KK":{"weight":1.0,"played":[0.0,1.0],"evs":[0.0,5.0493]},"AKo":{"weight":1.0,"played":[0.0,1.0],"evs":[0.0,2.27602]},"A2s":{"weight":1.0,"played":[0.0,1.0],"evs":[0.0,0.17079]},"A3s":{"weight":1.0,"played":[0.0,1.0],"evs":[0.0,0.27142]},"A4s":{"weight":1.0,"played":[0.0,1.0],"evs":[0.0,0.4473]},"A5s":{"weight":1.0,"played":[0.0,1.0],"evs":[0.0,0.63126]},"A6s":{"weight":1.0,"played":[0.0,1.0],"evs":[0.0,0.6592]},"A7s":{"weight":1.0,"played":[0.0,1.0],"evs":[0.0,0.8672]},"A8s":{"weight":1.0,"played":[0.0,1.0],"evs":[0.0,1.10736]},"A9s":{"weight":1.0,"played":[0.0,1.0],"evs":[0.0,1.31841]},"ATs":{"weight":1.0,"played":[0.0,1.0],"evs":[0.0,1.7758]},"AJs":{"weight":1.0,"played":[0.0,1.0],"evs":[0.0,2.01926]},"AQs":{"weight":1.0,"played":[0.0,1.0],"evs":[0.0,2.27511]},"AKs":{"weight":1.0,"played":[0.0,1.0],"evs":[0.0,2.61755]},"AA":{"weight":1.0,"played":[0.0,1.0],"evs":[0.0,6.05218]}}}