{"player":3,"street":0,"children":2,"sequence":[{"player":0,"type":"R","amount":39250000,"street":0},{"player":1,"type":"F","amount":0,"street":0},{"player":2,"type":"F","amount":0,"street":0}],"actions":[{"type":"F","amount":0},{"type":"C","amount":34250000}],"hands":{"22":{"weight":1.0,"played":[1.0,0.0],"evs":[0.0,-0.98334]},"32o":{"weight":1.0,"played":[1.0,0.0],"evs":[0.0,-4.98228]},"42o":{"weight":1.0,"played":[1.0,0.0],"evs":[0.0,-4.8605]},"52o":{"weight":1.0,"played":[1.0,0.0],"evs":[0.0,-4.6956]},"62o":{"weight":1.0,"played":[1.0,0.0],"evs":[0.0,-4.86574]},"72o":{"weight":1.0,"played":[1.0,0.0],"evs":[0.0,-4.8573]},"82o":{"weight":1.0,"played":[1.0,0.0],"evs":[0.0,-4.41799]},"92o":{"weight":1.0,"played":[1.0,0.0],"evs":[0.0,-3.98953]},"T2o":{"weight":1.0,"played":[1.0,0.0],"evs":[0.0,-3.52864]},"J2o":{"weight":1.0,"played":[1.0,0.0],"evs":[0.0,-3.01588]},"Q2o":{"weight":1.0,"played":[1.0,0.0],"evs":[0.0,-2.35377]},"K2o":{"weight":1.0,"played":[1.0,0.0],"evs":[0.0,-1.38978]},"A2o":{"weight":1.0,"played":[0.9842,0.0158],"evs":[0.0,-0.02535]},"32s":{"weight":1.0,"played":[1.0,0.0],"evs":[0.0,-4.12218]},"33":{"weight":1.0,"played":[1.0,0.0],"evs":[0.0,-0.49781]},"43o":{"weight":1.0,"played":[1.0,0.0],"evs":[0.0,-4.49163]},"53o":{"weight":1.0,"played":[1.0,0.0],"evs":[0.0,-4.30432]},"63o":{"weight":1.0,"played":[1.0,0.0],"evs":[0.0,-4.48868]},"73o":{"weight":1.0,"played":[1.0,0.0],"evs":[0.0,-4.45422]},"83o":{"weight":1.0,"played":[1.0,0.0],"evs":[0.0,-4.33744]},"93o":{"weight":1.0,"played":[1.0,0.0],"evs":[0.0,-3.85346]},"T3o":{"weight":1.0,"played":[1.0,0.0],"evs":[0.0,-3.38136]},"J3o":{"weight":1.0,"played":[1.0,0.0],"evs":[0.0,-2.8805]},"Q3o":{"weight":1.0,"played":[1.0,0.0],"evs":[0.0,-2.224]},"K3o":{"weight":1.0,"played":[1.0,0.0],"evs":[0.0,-1.24692]},"A3o":{"weight":1.0,"played":[0.0,1.0],"evs":[0.0,0.13428]},"42s":{"weight":1.0,"played":[1.0,0.0],"evs":[0.0,-3.99844]},"43s":{"weight":1.0,"played":[1.0,0.0],"evs":[0.0,-3.65128]},"44":{"weight":1.0,"played":[5.0E-4,0.9995],"evs":[0.0,0.07161]},"54o":{"weight":1.0,"played":[1.0,0.0],"evs":[0.0,-3.94774]},"64o":{"weight":1.0,"played":[1.0,0.0],"evs":[0.0,-4.10502]},"74o":{"weight":1.0,"played":[1.0,0.0],"evs":[0.0,-4.06963]},"84o":{"weight":1.0,"played":[1.0,0.0],"evs":[0.0,-3.95495]},"94o":{"weight":1.0,"played":[1.0,0.0],"evs":[0.0,-3.77947]},"T4o":{"weight":1.0,"played":[1.0,0.0],"evs":[0.0,-3.2186]},"J4o":{"weight":1.0,"played":[1.0,0.0],"evs":[0.0,-2.71927]},"Q4o":{"weight":1.0,"played":[1.0,0.0],"evs":[0.0,-2.02063]},"K4o":{"weight":1.0,"played":[1.0,0.0],"evs":[0.0,-1.03736]},"A4o":{"weight":1.0,"played":[0.0,1.0],"evs":[0.0,0.33597]},"52s":{"weight":1.0,"played":[1.0,0.0],"evs":[0.0,-3.84233]},"53s":{"weight":1.0,"played":[1.0,0.0],"evs":[0.0,-3.48283]},"54s":{"weight":1.0,"played":[1.0,0.0],"evs":[0.0,-3.15756]},"55":{"weight":1.0,"played":[0.0,1.0],"evs":[0.0,0.68942]},"65o":{"weight":1.0,"played":[1.0,0.0],"evs":[0.0,-3.71334]},"75o":{"weight":1.0,"played":[1.0,0.0],"evs":[0.0,-3.65627]},"85o":{"weight":1.0,"played":[1.0,0.0],"evs":[0.0,-3.51399]},"95o":{"weight":1.0,"played":[1.0,0.0],"evs":[0.0,-3.32554]},"T5o":{"weight":1.0,"played":[1.0,0.0],"evs":[0.0,-3.07121]},"J5o":{"weight":1.0,"played":[1.0,0.0],"evs":[0.0,-2.5096]},"Q5o":{"weight":1.0,"played":[1.0,0.0],"evs":[0.0,-1.79333]},"K5o":{"weight":1.0,"played":[1.0,0.0],"evs":[0.0,-0.78243]},"A5o":{"weight":1.0,"played":[0.0,1.0],"evs":[0.0,0.60987]},"62s":{"weight":1.0,"played":[1.0,0.0],"evs":[0.0,-4.01475]},"63s":{"weight":1.0,"played":[1.0,0.0],"evs":[0.0,-3.63039]},"64s":{"weight":1.0,"played":[1.0,0.0],"evs":[0.0,-3.29531]},"65s":{"weight":1.0,"played":[1.0,0.0],"evs":[0.0,-2.9552]},"66":{"weight":1.0,"played":[0.0,1.0],"evs":[0.0,1.41596]},"76o":{"weight":1.0,"played":[1.0,0.0],"evs":[0.0,-3.30796]},"86o":{"weight":1.0,"played":[1.0,0.0],"evs":[0.0,-3.15047]},"96o":{"weight":1.0,"played":[1.0,0.0],"evs":[0.0,-2.94717]},"T6o":{"weight":1.0,"played":[1.0,0.0],"evs":[0.0,-2.65891]},"J6o":{"weight":1.0,"played":[1.0,0.0],"evs":[0.0,-2.31952]},"Q6o":{"weight":1.0,"played":[1.0,0.0],"evs":[0.0,-1.52084]},"K6o":{"weight":1.0,"played":[1.0,0.0],"evs":[0.0,-0.48588]},"A6o":{"weight":1.0,"played":[0.0,1.0],"evs":[0.0,0.70096]},"72s":{"weight":1.0,"played":[1.0,0.0],"evs":[0.0,-3.988]},"73s":{"weight":1.0,"played":[1.0,0.0],"evs":[0.0,-3.62293]},"74s":{"weight":1.0,"played":[1.0,0.0],"evs":[0.0,-3.25713]},"75s":{"weight":1.0,"played":[1.0,0.0],"evs":[0.0,-2.89563]},"76s":{"weight":1.0,"played":[1.0,0.0],"evs":[0.0,-2.55892]},"77":{"weight":1.0,"played":[0.0,1.0],"evs":[0.0,2.15597]},"87o":{"weight":1.0,"played":[1.0,0.0],"evs":[0.0,-2.7164]},"97o":{"weight":1.0,"played":[1.0,0.0],"evs":[0.0,-2.5153]},"T7o":{"weight":1.0,"played":[1.0,0.0],"evs":[0.0,-2.21266]},"J7o":{"weight":1.0,"played":[1.0,0.0],"evs":[0.0,-1.88357]},"Q7o":{"weight":1.0,"played":[1.0,0.0],"evs":[0.0,-1.33814]},"K7o":{"weight":1.0,"played":[1.0,0.0],"evs":[0.0,-0.20767]},"A7o":{"weight":1.0,"played":[0.0,1.0],"evs":[0.0,0.99988]},"82s":{"weight":1.0,"played":[1.0,0.0],"evs":[0.0,-3.59161]},"83s":{"weight":1.0,"played":[1.0,0.0],"evs":[0.0,-3.48216]},"84s":{"weight":1.0,"played":[1.0,0.0],"evs":[0.0,-3.16745]},"85s":{"weight":1.0,"played":[1.0,0.0],"evs":[0.0,-2.75478]},"86s":{"weight":1.0,"played":[1.0,0.0],"evs":[0.0,-2.39671]},"87s":{"weight":1.0,"played":[1.0,0.0],"evs":[0.0,-1.98934]},"88":{"weight":1.0,"played":[0.0,1.0],"evs":[0.0,2.91591]},"98o":{"weight":1.0,"played":[1.0,0.0],"evs":[0.0,-2.05801]},"T8o":{"weight":1.0,"played":[1.0,0.0],"evs":[0.0,-1.75501]},"J8o":{"weight":1.0,"played":[1.0,0.0],"evs":[0.0,-1.40284]},"Q8o":{"weight":1.0,"played":[1.0,0.0],"evs":[0.0,-0.84473]},"K8o":{"weight":1.0,"played":[0.0164,0.9836],"evs":[0.0,0.02857]},"A8o":{"weight":1.0,"played":[0.0,1.0],"evs":[0.0,1.29495]},"92s":{"weight":1.0,"played":[1.0,0.0],"evs":[0.0,-3.1766]},"93s":{"weight":1.0,"played":[1.0,0.0],"evs":[0.0,-3.05531]},"94s":{"weight":1.0,"played":[1.0,0.0],"evs":[0.0,-2.9655]},"95s":{"weight":1.0,"played":[1.0,0.0],"evs":[0.0,-2.55755]},"96s":{"weight":1.0,"played":[1.0,0.0],"evs":[0.0,-2.23019]},"97s":{"weight":1.0,"played":[1.0,0.0],"evs":[0.0,-1.79335]},"98s":{"weight":1.0,"played":[1.0,0.0],"evs":[0.0,-1.39803]},"99":{"weight":1.0,"played":[0.0,1.0],"evs":[0.0,3.64682]},"T9o":{"weight":1.0,"played":[1.0,0.0],"evs":[0.0,-1.26249]},"J9o":{"weight":1.0,"played":[1.0,0.0],"evs":[0.0,-0.94637]},"Q9o":{"weight":1.0,"played":[1.0,0.0],"evs":[0.0,-0.37199]},"K9o":{"weight":1.0,"played":[0.0,1.0],"evs":[0.0,0.49489]},"A9o":{"weight":1.0,"played":[0.0,1.0],"evs":[0.0,1.54238]},"T2s":{"weight":1.0,"played":[1.0,0.0],"evs":[0.0,-2.71122]},"T3s":{"weight":1.0,"played":[1.0,0.0],"evs":[0.0,-2.57979]},"T4s":{"weight":1.0,"played":[1.0,0.0],"evs":[0.0,-2.45881]},"T5s":{"weight":1.0,"played":[1.0,0.0],"evs":[0.0,-2.31679]},"T6s":{"weight":1.0,"played":[1.0,0.0],"evs":[0.0,-1.91897]},"T7s":{"weight":1.0,"played":[1.0,0.0],"evs":[0.0,-1.48121]},"T8s":{"weight":1.0,"played":[1.0,0.0],"evs":[0.0,-1.06967]},"T9s":{"weight":1.0,"played":[1.0,0.0],"evs":[0.0,-0.62934]},"TT":{"weight":1.0,"played":[0.0,1.0],"evs":[0.0,4.38526]},"JTo":{"weight":1.0,"played":[1.0,0.0],"evs":[0.0,-0.38925]},"QTo":{"weight":1.0,"played":[0.0,1.0],"evs":[0.0,0.16795]},"KTo":{"weight":1.0,"played":[0.0,1.0],"evs":[0.0,1.02153]},"ATo":{"weight":1.0,"played":[0.0,1.0],"evs":[0.0,2.07612]},"J2s":{"weight":1.0,"played":[1.0,0.0],"evs":[0.0,-2.24549]},"J3s":{"weight":1.0,"played":[1.0,0.0],"evs":[0.0,-2.11745]},"J4s":{"weight":1.0,"played":[1.0,0.0],"evs":[0.0,-1.97042]},"J5s":{"weight":1.0,"played":[1.0,0.0],"evs":[0.0,-1.76306]},"J6s":{"weight":1.0,"played":[1.0,0.0],"evs":[0.0,-1.6118]},"J7s":{"weight":1.0,"played":[1.0,0.0],"evs":[0.0,-1.18107]},"J8s":{"weight":1.0,"played":[1.0,0.0],"evs":[0.0,-0.73819]},"J9s":{"weight":1.0,"played":[1.0,0.0],"evs":[0.0,-0.31671]},"JTs":{"weight":1.0,"played":[0.0,1.0],"evs":[0.0,0.219]},"JJ":{"weight":1.0,"played":[0.0,1.0],"evs":[0.0,4.99028]},"QJo":{"weight":1.0,"played":[0.0,1.0],"evs":[0.0,0.40504]},"KJo":{"weight":1.0,"played":[0.0,1.0],"evs":[0.0,1.27644]},"AJo":{"weight":1.0,"played":[0.0,1.0],"evs":[0.0,2.33631]},"Q2s":{"weight":1.0,"played":[1.0,0.0],"evs":[0.0,-1.62299]},"Q3s":{"weight":1.0,"played":[1.0,0.0],"evs":[0.0,-1.47713]},"Q4s":{"weight":1.0,"played":[1.0,0.0],"evs":[0.0,-1.34146]},"Q5s":{"weight":1.0,"played":[1.0,0.0],"evs":[0.0,-1.08534]},"Q6s":{"weight":1.0,"played":[1.0,0.0],"evs":[0.0,-0.82235]},"Q7s":{"weight":1.0,"played":[1.0,0.0],"evs":[0.0,-0.6656]},"Q8s":{"weight":1.0,"played":[1.0,0.0],"evs":[0.0,-0.20659]},"Q9s":{"weight":1.0,"played":[0.0,1.0],"evs":[0.0,0.22114]},"QTs":{"weight":1.0,"played":[0.0,1.0],"evs":[0.0,0.73237]},"QJs":{"weight":1.0,"played":[0.0,1.0],"evs":[0.0,0.95602]},"QQ":{"weight":1.0,"played":[0.0,1.0],"evs":[0.0,5.65146]},"KQo":{"weight":1.0,"played":[0.0,1.0],"evs":[0.0,1.56781]},"AQo":{"weight":1.0,"played":[0.0,1.0],"evs":[0.0,2.64689]},"K2s":{"weight":1.0,"played":[1.0,0.0],"evs":[0.0,-0.70703]},"K3s":{"weight":1.0,"played":[1.0,0.0],"evs":[0.0,-0.58919]},"K4s":{"weight":1.0,"played":[1.0,0.0],"evs":[0.0,-0.38833]},"K5s":{"weight":1.0,"played":[0.9998,2.0E-4],"evs":[0.0,-0.13417]},"K6s":{"weight":1.0,"played":[3.0E-4,0.9997],"evs":[0.0,0.13717]},"K7s":{"weight":1.0,"played":[0.0,1.0],"evs":[0.0,0.37685]},"K8s":{"weight":1.0,"played":[0.0,1.0],"evs":[0.0,0.6236]},"K9s":{"weight":1.0,"played":[0.0,1.0],"evs":[0.0,1.0521]},"KTs":{"weight":1.0,"played":[0.0,1.0],"evs":[0.0,1.56625]},"KJs":{"weight":1.0,"played":[0.0,1.0],"evs":[0.0,1.8024]},"KQs":{"weight":1.0,"played":[0.0,1.0],"evs":[0.0,2.05987]},"KK":{"weight":1.0,"played":[0.0,1.0],"evs":[0.0,6.48127]},"AKo":{"weight":1.0,"played":[0.0,1.0],"evs":[0.0,3.02378]},"A2s":{"weight":1.0,"played":[0.0,1.0],"evs":[0.0,0.57961]},"A3s":{"weight":1.0,"played":[0.0,1.0],"evs":[0.0,0.72635]},"A4s":{"weight":1.0,"played":[0.0,1.0],"evs":[0.0,0.92678]},"A5s":{"weight":1.0,"played":[0.0,1.0],"evs":[0.0,1.1447]},"A6s":{"weight":1.0,"played":[0.0,1.0],"evs":[0.0,1.26557]},"A7s":{"weight":1.0,"played":[0.0,1.0],"evs":[0.0,1.54525]},"A8s":{"weight":1.0,"played":[0.0,1.0],"evs":[0.0,1.81605]},"A9s":{"weight":1.0,"played":[0.0,1.0],"evs":[0.0,2.04548]},"ATs":{"weight":1.0,"played":[0.0,1.0],"evs":[0.0,2.56337]},"AJs":{"weight":1.0,"played":[0.0,1.0],"evs":[0.0,2.79388]},"AQs":{"weight":1.0,"played":[0.0,1.0],"evs":[0.0,3.06198]},"AKs":{"weight":1.0,"played":[0.0,1.0],"evs":[0.0,3.42091]},"AA":{"weight":1.0,"played":[0.0,1.0],"evs":[0.0,7.45664]}}}