{"player":3,"street":0,"children":2,"sequence":[{"player":0,"type":"R","amount":39250000,"street":0},{"player":1,"type":"C","amount":13750000,"street":0},{"player":2,"type":"C","amount":21750000,"street":0}],"actions":[{"type":"F","amount":0},{"type":"C","amount":34250000}],"hands":{"22":{"weight":1.0,"played":[0.0,1.0],"evs":[0.0,0.74167]},"32o":{"weight":1.0,"played":[1.0,0.0],"evs":[0.0,-2.04044]},"42o":{"weight":1.0,"played":[1.0,0.0],"evs":[0.0,-1.86346]},"52o":{"weight":1.0,"played":[1.0,0.0],"evs":[0.0,-1.78082]},"62o":{"weight":1.0,"played":[1.0,0.0],"evs":[0.0,-2.01009]},"72o":{"weight":1.0,"played":[1.0,0.0],"evs":[0.0,-2.29893]},"82o":{"weight":1.0,"played":[1.0,0.0],"evs":[0.0,-1.99184]},"92o":{"weight":1.0,"played":[1.0,0.0],"evs":[0.0,-1.81607]},"T2o":{"weight":1.0,"played":[1.0,0.0],"evs":[0.0,-1.7125]},"J2o":{"weight":1.0,"played":[1.0,0.0],"evs":[0.0,-1.34589]},"Q2o":{"weight":1.0,"played":[1.0,0.0],"evs":[0.0,-1.04799]},"K2o":{"weight":1.0,"played":[1.0,0.0],"evs":[0.0,-0.59131]},"A2o":{"weight":1.0,"played":[0.0,1.0],"evs":[0.0,0.22777]},"32s":{"weight":1.0,"played":[1.0,0.0],"evs":[0.0,-1.02195]},"33":{"weight":1.0,"played":[0.0,1.0],"evs":[0.0,1.15552]},"43o":{"weight":1.0,"played":[1.0,0.0],"evs":[0.0,-1.45014]},"53o":{"weight":1.0,"played":[1.0,0.0],"evs":[0.0,-1.22815]},"63o":{"weight":1.0,"played":[1.0,0.0],"evs":[0.0,-1.53839]},"73o":{"weight":1.0,"played":[1.0,0.0],"evs":[0.0,-1.7964]},"83o":{"weight":1.0,"played":[1.0,0.0],"evs":[0.0,-1.97164]},"93o":{"weight":1.0,"played":[1.0,0.0],"evs":[0.0,-1.70879]},"T3o":{"weight":1.0,"played":[1.0,0.0],"evs":[0.0,-1.52888]},"J3o":{"weight":1.0,"played":[1.0,0.0],"evs":[0.0,-1.25033]},"Q3o":{"weight":1.0,"played":[1.0,0.0],"evs":[0.0,-0.87098]},"K3o":{"weight":1.0,"played":[1.0,0.0],"evs":[0.0,-0.42849]},"A3o":{"weight":1.0,"played":[0.0,1.0],"evs":[0.0,0.44189]},"42s":{"weight":1.0,"played":[1.0,0.0],"evs":[0.0,-0.9024]},"43s":{"weight":1.0,"played":[1.0,0.0],"evs":[0.0,-0.41592]},"44":{"weight":1.0,"played":[0.0,1.0],"evs":[0.0,1.63257]},"54o":{"weight":1.0,"played":[1.0,0.0],"evs":[0.0,-0.89582]},"64o":{"weight":1.0,"played":[1.0,0.0],"evs":[0.0,-1.07667]},"74o":{"weight":1.0,"played":[1.0,0.0],"evs":[0.0,-1.3554]},"84o":{"weight":1.0,"played":[1.0,0.0],"evs":[0.0,-1.59059]},"94o":{"weight":1.0,"played":[1.0,0.0],"evs":[0.0,-1.64241]},"T4o":{"weight":1.0,"played":[1.0,0.0],"evs":[0.0,-1.45062]},"J4o":{"weight":1.0,"played":[1.0,0.0],"evs":[0.0,-1.09928]},"Q4o":{"weight":1.0,"played":[1.0,0.0],"evs":[0.0,-0.76831]},"K4o":{"weight":1.0,"played":[1.0,0.0],"evs":[0.0,-0.33994]},"A4o":{"weight":1.0,"played":[0.0,1.0],"evs":[0.0,0.57509]},"52s":{"weight":1.0,"played":[1.0,0.0],"evs":[0.0,-0.7751]},"53s":{"weight":1.0,"played":[0.9999,1.0E-4],"evs":[0.0,-0.19891]},"54s":{"weight":1.0,"played":[0.2059,0.7941],"evs":[0.0,0.0922]},"55":{"weight":1.0,"played":[0.0,1.0],"evs":[0.0,2.25496]},"65o":{"weight":1.0,"played":[1.0,0.0],"evs":[0.0,-0.73803]},"75o":{"weight":1.0,"played":[1.0,0.0],"evs":[0.0,-0.94343]},"85o":{"weight":1.0,"played":[1.0,0.0],"evs":[0.0,-1.10113]},"95o":{"weight":1.0,"played":[1.0,0.0],"evs":[0.0,-1.18188]},"T5o":{"weight":1.0,"played":[1.0,0.0],"evs":[0.0,-1.3072]},"J5o":{"weight":1.0,"played":[1.0,0.0],"evs":[0.0,-0.8995]},"Q5o":{"weight":1.0,"played":[1.0,0.0],"evs":[0.0,-0.60734]},"K5o":{"weight":1.0,"played":[1.0,0.0],"evs":[0.0,-0.12433]},"A5o":{"weight":1.0,"played":[0.0,1.0],"evs":[0.0,0.84488]},"62s":{"weight":1.0,"played":[1.0,0.0],"evs":[0.0,-0.91645]},"63s":{"weight":1.0,"played":[0.9999,1.0E-4],"evs":[0.0,-0.5239]},"64s":{"weight":1.0,"played":[0.9914,0.0086],"evs":[0.0,-0.11004]},"65s":{"weight":1.0,"played":[0.0,1.0],"evs":[0.0,0.24483]},"66":{"weight":1.0,"played":[0.0,1.0],"evs":[0.0,2.75416]},"76o":{"weight":1.0,"played":[1.0,0.0],"evs":[0.0,-0.60102]},"86o":{"weight":1.0,"played":[1.0,0.0],"evs":[0.0,-0.65001]},"96o":{"weight":1.0,"played":[1.0,0.0],"evs":[0.0,-0.83314]},"T6o":{"weight":1.0,"played":[1.0,0.0],"evs":[0.0,-0.9053]},"J6o":{"weight":1.0,"played":[1.0,0.0],"evs":[0.0,-0.79511]},"Q6o":{"weight":1.0,"played":[1.0,0.0],"evs":[0.0,-0.40681]},"K6o":{"weight":1.0,"played":[2.0E-4,0.9998],"evs":[0.0,0.09043]},"A6o":{"weight":1.0,"played":[0.0,1.0],"evs":[0.0,0.64595]},"72s":{"weight":1.0,"played":[1.0,0.0],"evs":[0.0,-1.31199]},"73s":{"weight":1.0,"played":[1.0,0.0],"evs":[0.0,-0.87512]},"74s":{"weight":1.0,"played":[1.0,0.0],"evs":[0.0,-0.3644]},"75s":{"weight":1.0,"played":[0.6,0.4],"evs":[0.0,-0.00497]},"76s":{"weight":1.0,"played":[1.0E-4,0.9999],"evs":[0.0,0.38589]},"77":{"weight":1.0,"played":[0.0,1.0],"evs":[0.0,3.3513]},"87o":{"weight":1.0,"played":[1.0,0.0],"evs":[0.0,-0.36406]},"97o":{"weight":1.0,"played":[1.0,0.0],"evs":[0.0,-0.4568]},"T7o":{"weight":1.0,"played":[1.0,0.0],"evs":[0.0,-0.55896]},"J7o":{"weight":1.0,"played":[1.0,0.0],"evs":[0.0,-0.48288]},"Q7o":{"weight":1.0,"played":[0.9999,1.0E-4],"evs":[0.0,-0.36253]},"K7o":{"weight":1.0,"played":[3.0E-4,0.9997],"evs":[0.0,0.19868]},"A7o":{"weight":1.0,"played":[0.0,1.0],"evs":[0.0,0.98101]},"82s":{"weight":1.0,"played":[1.0,0.0],"evs":[0.0,-1.0168]},"83s":{"weight":1.0,"played":[1.0,0.0],"evs":[0.0,-0.9132]},"84s":{"weight":1.0,"played":[0.9996,4.0E-4],"evs":[0.0,-0.5356]},"85s":{"weight":1.0,"played":[0.9816,0.0184],"evs":[0.0,-0.06634]},"86s":{"weight":1.0,"played":[0.0021,0.9979],"evs":[0.0,0.24245]},"87s":{"weight":1.0,"played":[0.0,1.0],"evs":[0.0,0.56398]},"88":{"weight":1.0,"played":[0.0,1.0],"evs":[0.0,4.13308]},"98o":{"weight":1.0,"played":[0.9984,0.0016],"evs":[0.0,-0.0725]},"T8o":{"weight":1.0,"played":[0.9998,2.0E-4],"evs":[0.0,-0.15865]},"J8o":{"weight":1.0,"played":[0.9621,0.0379],"evs":[0.0,-0.11614]},"Q8o":{"weight":1.0,"played":[0.0018,0.9982],"evs":[0.0,0.07624]},"K8o":{"weight":1.0,"played":[0.0,1.0],"evs":[0.0,0.38725]},"A8o":{"weight":1.0,"played":[0.0,1.0],"evs":[0.0,1.29335]},"92s":{"weight":1.0,"played":[1.0,0.0],"evs":[0.0,-0.77318]},"93s":{"weight":1.0,"played":[1.0,0.0],"evs":[0.0,-0.53986]},"94s":{"weight":1.0,"played":[0.9996,4.0E-4],"evs":[0.0,-0.70158]},"95s":{"weight":1.0,"played":[1.0,0.0],"evs":[0.0,-0.18515]},"96s":{"weight":1.0,"played":[0.0037,0.9963],"evs":[0.0,0.18168]},"97s":{"weight":1.0,"played":[0.0,1.0],"evs":[0.0,0.54315]},"98s":{"weight":1.0,"played":[0.0,1.0],"evs":[0.0,0.76959]},"99":{"weight":1.0,"played":[0.0,1.0],"evs":[0.0,4.91385]},"T9o":{"weight":1.0,"played":[0.0,1.0],"evs":[0.0,0.32476]},"J9o":{"weight":1.0,"played":[0.0,1.0],"evs":[0.0,0.35837]},"Q9o":{"weight":1.0,"played":[0.0,1.0],"evs":[0.0,0.57472]},"K9o":{"weight":1.0,"played":[0.0,1.0],"evs":[0.0,0.81841]},"A9o":{"weight":1.0,"played":[0.0,1.0],"evs":[0.0,1.66506]},"T2s":{"weight":1.0,"played":[1.0,0.0],"evs":[0.0,-0.69582]},"T3s":{"weight":1.0,"played":[1.0,0.0],"evs":[0.0,-0.53245]},"T4s":{"weight":1.0,"played":[1.0,0.0],"evs":[0.0,-0.39958]},"T5s":{"weight":1.0,"played":[0.9999,1.0E-4],"evs":[0.0,-0.3126]},"T6s":{"weight":1.0,"played":[0.0051,0.9949],"evs":[0.0,0.10955]},"T7s":{"weight":1.0,"played":[0.0,1.0],"evs":[0.0,0.41415]},"T8s":{"weight":1.0,"played":[0.0,1.0],"evs":[0.0,0.79869]},"T9s":{"weight":1.0,"played":[0.0,1.0],"evs":[0.0,1.14814]},"TT":{"weight":1.0,"played":[0.0,1.0],"evs":[0.0,5.82599]},"JTo":{"weight":1.0,"played":[0.0,1.0],"evs":[0.0,0.80269]},"QTo":{"weight":1.0,"played":[0.0,1.0],"evs":[0.0,1.02869]},"KTo":{"weight":1.0,"played":[0.0,1.0],"evs":[0.0,1.47064]},"ATo":{"weight":1.0,"played":[0.0,1.0],"evs":[0.0,2.49272]},"J2s":{"weight":1.0,"played":[1.0,0.0],"evs":[0.0,-0.3322]},"J3s":{"weight":1.0,"played":[0.9982,0.0018],"evs":[0.0,-0.21113]},"J4s":{"weight":1.0,"played":[0.9925,0.0075],"evs":[0.0,-0.13437]},"J5s":{"weight":1.0,"played":[0.0495,0.9505],"evs":[0.0,0.11885]},"J6s":{"weight":1.0,"played":[0.004,0.996],"evs":[0.0,0.17283]},"J7s":{"weight":1.0,"played":[2.0E-4,0.9998],"evs":[0.0,0.53708]},"J8s":{"weight":1.0,"played":[0.0,1.0],"evs":[0.0,0.92616]},"J9s":{"weight":1.0,"played":[0.0,1.0],"evs":[0.0,1.213]},"JTs":{"weight":1.0,"played":[0.0,1.0],"evs":[0.0,1.74556]},"JJ":{"weight":1.0,"played":[0.0,1.0],"evs":[0.0,6.95596]},"QJo":{"weight":1.0,"played":[0.0,1.0],"evs":[0.0,1.34388]},"KJo":{"weight":1.0,"played":[0.0,1.0],"evs":[0.0,1.89113]},"AJo":{"weight":1.0,"played":[0.0,1.0],"evs":[0.0,2.96606]},"Q2s":{"weight":1.0,"played":[0.15,0.85],"evs":[0.0,-0.00645]},"Q3s":{"weight":1.0,"played":[0.0509,0.9491],"evs":[0.0,0.19686]},"Q4s":{"weight":1.0,"played":[0.0,1.0],"evs":[0.0,0.24666]},"Q5s":{"weight":1.0,"played":[0.0,1.0],"evs":[0.0,0.39978]},"Q6s":{"weight":1.0,"played":[1.0E-4,0.9999],"evs":[0.0,0.64284]},"Q7s":{"weight":1.0,"played":[0.0,1.0],"evs":[0.0,0.63948]},"Q8s":{"weight":1.0,"played":[0.0,1.0],"evs":[0.0,1.00796]},"Q9s":{"weight":1.0,"played":[0.0,1.0],"evs":[0.0,1.48062]},"QTs":{"weight":1.0,"played":[0.0,1.0],"evs":[0.0,1.97224]},"QJs":{"weight":1.0,"played":[0.0,1.0],"evs":[0.0,2.22916]},"QQ":{"weight":1.0,"played":[0.0,1.0],"evs":[0.0,8.25806]},"KQo":{"weight":1.0,"played":[0.0,1.0],"evs":[0.0,2.36866]},"AQo":{"weight":1.0,"played":[0.0,1.0],"evs":[0.0,3.56972]},"K2s":{"weight":1.0,"played":[1.0E-4,0.9999],"evs":[0.0,0.36271]},"K3s":{"weight":1.0,"played":[2.0E-4,0.9998],"evs":[0.0,0.52063]},"K4s":{"weight":1.0,"played":[3.0E-4,0.9997],"evs":[0.0,0.73441]},"K5s":{"weight":1.0,"played":[0.0,1.0],"evs":[0.0,0.86374]},"K6s":{"weight":1.0,"played":[0.0,1.0],"evs":[0.0,1.02691]},"K7s":{"weight":1.0,"played":[0.0,1.0],"evs":[0.0,1.18082]},"K8s":{"weight":1.0,"played":[0.0,1.0],"evs":[0.0,1.2952]},"K9s":{"weight":1.0,"played":[0.0,1.0],"evs":[0.0,1.78572]},"KTs":{"weight":1.0,"played":[0.0,1.0],"evs":[0.0,2.4823]},"KJs":{"weight":1.0,"played":[0.0,1.0],"evs":[0.0,2.79459]},"KQs":{"weight":1.0,"played":[0.0,1.0],"evs":[0.0,3.25839]},"KK":{"weight":1.0,"played":[0.0,1.0],"evs":[0.0,9.75888]},"AKo":{"weight":1.0,"played":[0.0,1.0],"evs":[0.0,4.10266]},"A2s":{"weight":1.0,"played":[0.0,1.0],"evs":[0.0,1.25713]},"A3s":{"weight":1.0,"played":[0.0,1.0],"evs":[0.0,1.40459]},"A4s":{"weight":1.0,"played":[0.0,1.0],"evs":[0.0,1.62336]},"A5s":{"weight":1.0,"played":[0.0,1.0],"evs":[0.0,1.88646]},"A6s":{"weight":1.0,"played":[0.0,1.0],"evs":[0.0,1.61786]},"A7s":{"weight":1.0,"played":[0.0,1.0],"evs":[0.0,1.81751]},"A8s":{"weight":1.0,"played":[0.0,1.0],"evs":[0.0,2.1808]},"A9s":{"weight":1.0,"played":[0.0,1.0],"evs":[0.0,2.60116]},"ATs":{"weight":1.0,"played":[0.0,1.0],"evs":[0.0,3.31899]},"AJs":{"weight":1.0,"played":[0.0,1.0],"evs":[0.0,3.82564]},"AQs":{"weight":1.0,"played":[0.0,1.0],"evs":[0.0,4.32554]},"AKs":{"weight":1.0,"played":[0.0,1.0],"evs":[0.0,5.01939]},"AA":{"weight":1.0,"played":[0.0,1.0],"evs":[0.0,11.83028]}}}