{"player":2,"street":0,"children":2,"sequence":[{"player":0,"type":"R","amount":31750000,"street":0},{"player":1,"type":"F","amount":0,"street":0}],"actions":[{"type":"F","amount":0},{"type":"C","amount":23250000}],"hands":{"22":{"weight":1.0,"played":[0.0,1.0],"evs":[0.0,0.63643]},"32o":{"weight":1.0,"played":[1.0,0.0],"evs":[0.0,-2.58737]},"42o":{"weight":1.0,"played":[1.0,0.0],"evs":[0.0,-2.46016]},"52o":{"weight":1.0,"played":[1.0,0.0],"evs":[0.0,-2.35215]},"62o":{"weight":1.0,"played":[1.0,0.0],"evs":[0.0,-2.52137]},"72o":{"weight":1.0,"played":[1.0,0.0],"evs":[0.0,-2.63343]},"82o":{"weight":1.0,"played":[1.0,0.0],"evs":[0.0,-2.50228]},"92o":{"weight":1.0,"played":[1.0,0.0],"evs":[0.0,-2.2339]},"T2o":{"weight":1.0,"played":[1.0,0.0],"evs":[0.0,-1.93299]},"J2o":{"weight":1.0,"played":[1.0,0.0],"evs":[0.0,-1.57845]},"Q2o":{"weight":1.0,"played":[1.0,0.0],"evs":[0.0,-1.12818]},"K2o":{"weight":1.0,"played":[1.0,0.0],"evs":[0.0,-0.37763]},"A2o":{"weight":1.0,"played":[0.0,1.0],"evs":[0.0,1.05304]},"32s":{"weight":1.0,"played":[1.0,0.0],"evs":[0.0,-1.89681]},"33":{"weight":1.0,"played":[0.0,1.0],"evs":[0.0,0.99329]},"43o":{"weight":1.0,"played":[1.0,0.0],"evs":[0.0,-2.19976]},"53o":{"weight":1.0,"played":[1.0,0.0],"evs":[0.0,-2.06682]},"63o":{"weight":1.0,"played":[1.0,0.0],"evs":[0.0,-2.2377]},"73o":{"weight":1.0,"played":[1.0,0.0],"evs":[0.0,-2.36678]},"83o":{"weight":1.0,"played":[1.0,0.0],"evs":[0.0,-2.45751]},"93o":{"weight":1.0,"played":[1.0,0.0],"evs":[0.0,-2.16515]},"T3o":{"weight":1.0,"played":[1.0,0.0],"evs":[0.0,-1.84917]},"J3o":{"weight":1.0,"played":[1.0,0.0],"evs":[0.0,-1.50821]},"Q3o":{"weight":1.0,"played":[1.0,0.0],"evs":[0.0,-1.05033]},"K3o":{"weight":1.0,"played":[1.0,0.0],"evs":[0.0,-0.25008]},"A3o":{"weight":1.0,"played":[0.0,1.0],"evs":[0.0,1.20022]},"42s":{"weight":1.0,"played":[1.0,0.0],"evs":[0.0,-1.76534]},"43s":{"weight":1.0,"played":[1.0,0.0],"evs":[0.0,-1.51104]},"44":{"weight":1.0,"played":[0.0,1.0],"evs":[0.0,1.38847]},"54o":{"weight":1.0,"played":[1.0,0.0],"evs":[0.0,-1.76744]},"64o":{"weight":1.0,"played":[1.0,0.0],"evs":[0.0,-1.91424]},"74o":{"weight":1.0,"played":[1.0,0.0],"evs":[0.0,-2.0311]},"84o":{"weight":1.0,"played":[1.0,0.0],"evs":[0.0,-2.1401]},"94o":{"weight":1.0,"played":[1.0,0.0],"evs":[0.0,-2.08061]},"T4o":{"weight":1.0,"played":[1.0,0.0],"evs":[0.0,-1.72424]},"J4o":{"weight":1.0,"played":[1.0,0.0],"evs":[0.0,-1.37873]},"Q4o":{"weight":1.0,"played":[1.0,0.0],"evs":[0.0,-0.91827]},"K4o":{"weight":1.0,"played":[0.9998,2.0E-4],"evs":[0.0,-0.10878]},"A4o":{"weight":1.0,"played":[0.0,1.0],"evs":[0.0,1.3555]},"52s":{"weight":1.0,"played":[1.0,0.0],"evs":[0.0,-1.64081]},"53s":{"weight":1.0,"played":[1.0,0.0],"evs":[0.0,-1.37565]},"54s":{"weight":1.0,"played":[1.0,0.0],"evs":[0.0,-1.11003]},"55":{"weight":1.0,"played":[0.0,1.0],"evs":[0.0,1.84288]},"65o":{"weight":1.0,"played":[1.0,0.0],"evs":[0.0,-1.62362]},"75o":{"weight":1.0,"played":[1.0,0.0],"evs":[0.0,-1.72176]},"85o":{"weight":1.0,"played":[1.0,0.0],"evs":[0.0,-1.80938]},"95o":{"weight":1.0,"played":[1.0,0.0],"evs":[0.0,-1.7437]},"T5o":{"weight":1.0,"played":[1.0,0.0],"evs":[0.0,-1.61978]},"J5o":{"weight":1.0,"played":[1.0,0.0],"evs":[0.0,-1.22248]},"Q5o":{"weight":1.0,"played":[1.0,0.0],"evs":[0.0,-0.74145]},"K5o":{"weight":1.0,"played":[1.0E-4,0.9999],"evs":[0.0,0.08096]},"A5o":{"weight":1.0,"played":[0.0,1.0],"evs":[0.0,1.53757]},"62s":{"weight":1.0,"played":[1.0,0.0],"evs":[0.0,-1.80819]},"63s":{"weight":1.0,"played":[1.0,0.0],"evs":[0.0,-1.5451]},"64s":{"weight":1.0,"played":[1.0,0.0],"evs":[0.0,-1.23836]},"65s":{"weight":1.0,"played":[1.0,0.0],"evs":[0.0,-0.95072]},"66":{"weight":1.0,"played":[0.0,1.0],"evs":[0.0,2.28956]},"76o":{"weight":1.0,"played":[1.0,0.0],"evs":[0.0,-1.41208]},"86o":{"weight":1.0,"played":[1.0,0.0],"evs":[0.0,-1.49591]},"96o":{"weight":1.0,"played":[1.0,0.0],"evs":[0.0,-1.43868]},"T6o":{"weight":1.0,"played":[1.0,0.0],"evs":[0.0,-1.3174]},"J6o":{"weight":1.0,"played":[1.0,0.0],"evs":[0.0,-1.13968]},"Q6o":{"weight":1.0,"played":[1.0,0.0],"evs":[0.0,-0.5988]},"K6o":{"weight":1.0,"played":[0.0,1.0],"evs":[0.0,0.28627]},"A6o":{"weight":1.0,"played":[0.0,1.0],"evs":[0.0,1.58103]},"72s":{"weight":1.0,"played":[1.0,0.0],"evs":[0.0,-1.91919]},"73s":{"weight":1.0,"played":[1.0,0.0],"evs":[0.0,-1.62477]},"74s":{"weight":1.0,"played":[1.0,0.0],"evs":[0.0,-1.33969]},"75s":{"weight":1.0,"played":[1.0,0.0],"evs":[0.0,-1.05345]},"76s":{"weight":1.0,"played":[1.0,0.0],"evs":[0.0,-0.74214]},"77":{"weight":1.0,"played":[0.0,1.0],"evs":[0.0,2.79131]},"87o":{"weight":1.0,"played":[1.0,0.0],"evs":[0.0,-1.20493]},"97o":{"weight":1.0,"played":[1.0,0.0],"evs":[0.0,-1.12754]},"T7o":{"weight":1.0,"played":[1.0,0.0],"evs":[0.0,-1.0003]},"J7o":{"weight":1.0,"played":[1.0,0.0],"evs":[0.0,-0.8141]},"Q7o":{"weight":1.0,"played":[1.0,0.0],"evs":[0.0,-0.49078]},"K7o":{"weight":1.0,"played":[0.0,1.0],"evs":[0.0,0.52971]},"A7o":{"weight":1.0,"played":[0.0,1.0],"evs":[0.0,1.87801]},"82s":{"weight":1.0,"played":[1.0,0.0],"evs":[0.0,-1.77226]},"83s":{"weight":1.0,"played":[1.0,0.0],"evs":[0.0,-1.76506]},"84s":{"weight":1.0,"played":[1.0,0.0],"evs":[0.0,-1.43848]},"85s":{"weight":1.0,"played":[1.0,0.0],"evs":[0.0,-1.13826]},"86s":{"weight":1.0,"played":[1.0,0.0],"evs":[0.0,-0.82798]},"87s":{"weight":1.0,"played":[1.0,0.0],"evs":[0.0,-0.57625]},"88":{"weight":1.0,"played":[0.0,1.0],"evs":[0.0,3.37646]},"98o":{"weight":1.0,"played":[1.0,0.0],"evs":[0.0,-0.843]},"T8o":{"weight":1.0,"played":[1.0,0.0],"evs":[0.0,-0.68135]},"J8o":{"weight":1.0,"played":[1.0,0.0],"evs":[0.0,-0.45768]},"Q8o":{"weight":1.0,"played":[1.0,0.0],"evs":[0.0,-0.0788]},"K8o":{"weight":1.0,"played":[0.0,1.0],"evs":[0.0,0.82567]},"A8o":{"weight":1.0,"played":[0.0,1.0],"evs":[0.0,2.25267]},"92s":{"weight":1.0,"played":[1.0,0.0],"evs":[0.0,-1.51997]},"93s":{"weight":1.0,"played":[1.0,0.0],"evs":[0.0,-1.45378]},"94s":{"weight":1.0,"played":[1.0,0.0],"evs":[0.0,-1.38557]},"95s":{"weight":1.0,"played":[1.0,0.0],"evs":[0.0,-1.09279]},"96s":{"weight":1.0,"played":[1.0,0.0],"evs":[0.0,-0.77009]},"97s":{"weight":1.0,"played":[1.0,0.0],"evs":[0.0,-0.49896]},"98s":{"weight":1.0,"played":[1.0,0.0],"evs":[0.0,-0.23154]},"99":{"weight":1.0,"played":[0.0,1.0],"evs":[0.0,4.0406]},"T9o":{"weight":1.0,"played":[1.0,0.0],"evs":[0.0,-0.23986]},"J9o":{"weight":1.0,"played":[0.9903,0.0097],"evs":[0.0,-0.02026]},"Q9o":{"weight":1.0,"played":[0.0,1.0],"evs":[0.0,0.36328]},"K9o":{"weight":1.0,"played":[0.0,1.0],"evs":[0.0,1.3041]},"A9o":{"weight":1.0,"played":[0.0,1.0],"evs":[0.0,2.53752]},"T2s":{"weight":1.0,"played":[1.0,0.0],"evs":[0.0,-1.22316]},"T3s":{"weight":1.0,"played":[1.0,0.0],"evs":[0.0,-1.17849]},"T4s":{"weight":1.0,"played":[1.0,0.0],"evs":[0.0,-1.04189]},"T5s":{"weight":1.0,"played":[1.0,0.0],"evs":[0.0,-0.96113]},"T6s":{"weight":1.0,"played":[1.0,0.0],"evs":[0.0,-0.66933]},"T7s":{"weight":1.0,"played":[1.0,0.0],"evs":[0.0,-0.34506]},"T8s":{"weight":1.0,"played":[0.9995,5.0E-4],"evs":[0.0,-0.05459]},"T9s":{"weight":1.0,"played":[0.0,1.0],"evs":[0.0,0.34686]},"TT":{"weight":1.0,"played":[0.0,1.0],"evs":[0.0,4.75304]},"JTo":{"weight":1.0,"played":[0.0,1.0],"evs":[0.0,0.49475]},"QTo":{"weight":1.0,"played":[0.0,1.0],"evs":[0.0,0.87844]},"KTo":{"weight":1.0,"played":[0.0,1.0],"evs":[0.0,1.7995]},"ATo":{"weight":1.0,"played":[0.0,1.0],"evs":[0.0,3.04316]},"J2s":{"weight":1.0,"played":[1.0,0.0],"evs":[0.0,-0.92845]},"J3s":{"weight":1.0,"played":[1.0,0.0],"evs":[0.0,-0.83919]},"J4s":{"weight":1.0,"played":[1.0,0.0],"evs":[0.0,-0.71113]},"J5s":{"weight":1.0,"played":[1.0,0.0],"evs":[0.0,-0.55627]},"J6s":{"weight":1.0,"played":[1.0,0.0],"evs":[0.0,-0.52008]},"J7s":{"weight":1.0,"played":[0.9996,4.0E-4],"evs":[0.0,-0.19957]},"J8s":{"weight":1.0,"played":[2.0E-4,0.9998],"evs":[0.0,0.15318]},"J9s":{"weight":1.0,"played":[0.0,1.0],"evs":[0.0,0.5357]},"JTs":{"weight":1.0,"played":[0.0,1.0],"evs":[0.0,1.02806]},"JJ":{"weight":1.0,"played":[0.0,1.0],"evs":[0.0,5.30634]},"QJo":{"weight":1.0,"played":[0.0,1.0],"evs":[0.0,1.10211]},"KJo":{"weight":1.0,"played":[0.0,1.0],"evs":[0.0,2.07165]},"AJo":{"weight":1.0,"played":[0.0,1.0],"evs":[0.0,3.31691]},"Q2s":{"weight":1.0,"played":[1.0,0.0],"evs":[0.0,-0.47376]},"Q3s":{"weight":1.0,"played":[1.0,0.0],"evs":[0.0,-0.38706]},"Q4s":{"weight":1.0,"played":[1.0,0.0],"evs":[0.0,-0.25317]},"Q5s":{"weight":1.0,"played":[0.9982,0.0018],"evs":[0.0,-0.11374]},"Q6s":{"weight":1.0,"played":[0.0093,0.9907],"evs":[0.0,0.02776]},"Q7s":{"weight":1.0,"played":[3.0E-4,0.9997],"evs":[0.0,0.09835]},"Q8s":{"weight":1.0,"played":[0.0,1.0],"evs":[0.0,0.50475]},"Q9s":{"weight":1.0,"played":[0.0,1.0],"evs":[0.0,0.92718]},"QTs":{"weight":1.0,"played":[0.0,1.0],"evs":[0.0,1.39825]},"QJs":{"weight":1.0,"played":[0.0,1.0],"evs":[0.0,1.60434]},"QQ":{"weight":1.0,"played":[0.0,1.0],"evs":[0.0,5.84314]},"KQo":{"weight":1.0,"played":[0.0,1.0],"evs":[0.0,2.36501]},"AQo":{"weight":1.0,"played":[0.0,1.0],"evs":[0.0,3.61335]},"K2s":{"weight":1.0,"played":[0.0,1.0],"evs":[0.0,0.25198]},"K3s":{"weight":1.0,"played":[0.0,1.0],"evs":[0.0,0.3495]},"K4s":{"weight":1.0,"played":[0.0,1.0],"evs":[0.0,0.46554]},"K5s":{"weight":1.0,"played":[0.0,1.0],"evs":[0.0,0.65354]},"K6s":{"weight":1.0,"played":[0.0,1.0],"evs":[0.0,0.85381]},"K7s":{"weight":1.0,"played":[0.0,1.0],"evs":[0.0,1.05975]},"K8s":{"weight":1.0,"played":[0.0,1.0],"evs":[0.0,1.37137]},"K9s":{"weight":1.0,"played":[0.0,1.0],"evs":[0.0,1.79457]},"KTs":{"weight":1.0,"played":[0.0,1.0],"evs":[0.0,2.28541]},"KJs":{"weight":1.0,"played":[0.0,1.0],"evs":[0.0,2.51674]},"KQs":{"weight":1.0,"played":[0.0,1.0],"evs":[0.0,2.80225]},"KK":{"weight":1.0,"played":[0.0,1.0],"evs":[0.0,6.72084]},"AKo":{"weight":1.0,"played":[0.0,1.0],"evs":[0.0,4.0871]},"A2s":{"weight":1.0,"played":[0.0,1.0],"evs":[0.0,1.56696]},"A3s":{"weight":1.0,"played":[0.0,1.0],"evs":[0.0,1.72412]},"A4s":{"weight":1.0,"played":[0.0,1.0],"evs":[0.0,1.84209]},"A5s":{"weight":1.0,"played":[0.0,1.0],"evs":[0.0,2.03647]},"A6s":{"weight":1.0,"played":[0.0,1.0],"evs":[0.0,2.07204]},"A7s":{"weight":1.0,"played":[0.0,1.0],"evs":[0.0,2.37243]},"A8s":{"weight":1.0,"played":[0.0,1.0],"evs":[0.0,2.68037]},"A9s":{"weight":1.0,"played":[0.0,1.0],"evs":[0.0,2.93537]},"ATs":{"weight":1.0,"played":[0.0,1.0],"evs":[0.0,3.45284]},"AJs":{"weight":1.0,"played":[0.0,1.0],"evs":[0.0,3.71567]},"AQs":{"weight":1.0,"played":[0.0,1.0],"evs":[0.0,3.97791]},"AKs":{"weight":1.0,"played":[0.0,1.0],"evs":[0.0,4.43377]},"AA":{"weight":1.0,"played":[0.0,1.0],"evs":[0.0,7.80238]}}}