{"player":2,"street":0,"children":2,"sequence":[{"player":0,"type":"R","amount":31750000,"street":0},{"player":1,"type":"C","amount":29250000,"street":0}],"actions":[{"type":"F","amount":0},{"type":"C","amount":23250000}],"hands":{"22":{"weight":1.0,"played":[1.0,0.0],"evs":[0.0,-2.16986]},"32o":{"weight":1.0,"played":[1.0,0.0],"evs":[0.0,-4.38307]},"42o":{"weight":1.0,"played":[1.0,0.0],"evs":[0.0,-4.2533]},"52o":{"weight":1.0,"played":[1.0,0.0],"evs":[0.0,-4.09009]},"62o":{"weight":1.0,"played":[1.0,0.0],"evs":[0.0,-4.31169]},"72o":{"weight":1.0,"played":[1.0,0.0],"evs":[0.0,-4.54096]},"82o":{"weight":1.0,"played":[1.0,0.0],"evs":[0.0,-4.47161]},"92o":{"weight":1.0,"played":[1.0,0.0],"evs":[0.0,-4.392]},"T2o":{"weight":1.0,"played":[1.0,0.0],"evs":[0.0,-4.21143]},"J2o":{"weight":1.0,"played":[1.0,0.0],"evs":[0.0,-4.06533]},"Q2o":{"weight":1.0,"played":[1.0,0.0],"evs":[0.0,-3.90255]},"K2o":{"weight":1.0,"played":[1.0,0.0],"evs":[0.0,-3.88993]},"A2o":{"weight":1.0,"played":[1.0,0.0],"evs":[0.0,-2.96622]},"32s":{"weight":1.0,"played":[1.0,0.0],"evs":[0.0,-3.47414]},"33":{"weight":1.0,"played":[1.0,0.0],"evs":[0.0,-1.88664]},"43o":{"weight":1.0,"played":[1.0,0.0],"evs":[0.0,-3.9174]},"53o":{"weight":1.0,"played":[1.0,0.0],"evs":[0.0,-3.76669]},"63o":{"weight":1.0,"played":[1.0,0.0],"evs":[0.0,-3.92417]},"73o":{"weight":1.0,"played":[1.0,0.0],"evs":[0.0,-4.24107]},"83o":{"weight":1.0,"played":[1.0,0.0],"evs":[0.0,-4.47211]},"93o":{"weight":1.0,"played":[1.0,0.0],"evs":[0.0,-4.34386]},"T3o":{"weight":1.0,"played":[1.0,0.0],"evs":[0.0,-4.1279]},"J3o":{"weight":1.0,"played":[1.0,0.0],"evs":[0.0,-4.00422]},"Q3o":{"weight":1.0,"played":[1.0,0.0],"evs":[0.0,-3.84723]},"K3o":{"weight":1.0,"played":[1.0,0.0],"evs":[0.0,-3.77485]},"A3o":{"weight":1.0,"played":[1.0,0.0],"evs":[0.0,-2.79647]},"42s":{"weight":1.0,"played":[1.0,0.0],"evs":[0.0,-3.32478]},"43s":{"weight":1.0,"played":[1.0,0.0],"evs":[0.0,-2.9874]},"44":{"weight":1.0,"played":[1.0,0.0],"evs":[0.0,-1.46016]},"54o":{"weight":1.0,"played":[1.0,0.0],"evs":[0.0,-3.39374]},"64o":{"weight":1.0,"played":[1.0,0.0],"evs":[0.0,-3.56432]},"74o":{"weight":1.0,"played":[1.0,0.0],"evs":[0.0,-3.82718]},"84o":{"weight":1.0,"played":[1.0,0.0],"evs":[0.0,-4.11668]},"94o":{"weight":1.0,"played":[1.0,0.0],"evs":[0.0,-4.29961]},"T4o":{"weight":1.0,"played":[1.0,0.0],"evs":[0.0,-4.03791]},"J4o":{"weight":1.0,"played":[1.0,0.0],"evs":[0.0,-3.9194]},"Q4o":{"weight":1.0,"played":[1.0,0.0],"evs":[0.0,-3.73719]},"K4o":{"weight":1.0,"played":[1.0,0.0],"evs":[0.0,-3.6697]},"A4o":{"weight":1.0,"played":[1.0,0.0],"evs":[0.0,-2.59942]},"52s":{"weight":1.0,"played":[1.0,0.0],"evs":[0.0,-3.16353]},"53s":{"weight":1.0,"played":[1.0,0.0],"evs":[0.0,-2.8104]},"54s":{"weight":1.0,"played":[1.0,0.0],"evs":[0.0,-2.47005]},"55":{"weight":1.0,"played":[1.0,0.0],"evs":[0.0,-0.87842]},"65o":{"weight":1.0,"played":[1.0,0.0],"evs":[0.0,-3.12442]},"75o":{"weight":1.0,"played":[1.0,0.0],"evs":[0.0,-3.40343]},"85o":{"weight":1.0,"played":[1.0,0.0],"evs":[0.0,-3.63907]},"95o":{"weight":1.0,"played":[1.0,0.0],"evs":[0.0,-3.85795]},"T5o":{"weight":1.0,"played":[1.0,0.0],"evs":[0.0,-3.94222]},"J5o":{"weight":1.0,"played":[1.0,0.0],"evs":[0.0,-3.7348]},"Q5o":{"weight":1.0,"played":[1.0,0.0],"evs":[0.0,-3.57113]},"K5o":{"weight":1.0,"played":[1.0,0.0],"evs":[0.0,-3.49962]},"A5o":{"weight":1.0,"played":[1.0,0.0],"evs":[0.0,-2.31207]},"62s":{"weight":1.0,"played":[1.0,0.0],"evs":[0.0,-3.34752]},"63s":{"weight":1.0,"played":[1.0,0.0],"evs":[0.0,-2.96197]},"64s":{"weight":1.0,"played":[1.0,0.0],"evs":[0.0,-2.61467]},"65s":{"weight":1.0,"played":[1.0,0.0],"evs":[0.0,-2.2562]},"66":{"weight":1.0,"played":[1.0,0.0],"evs":[0.0,-0.41041]},"76o":{"weight":1.0,"played":[1.0,0.0],"evs":[0.0,-3.00063]},"86o":{"weight":1.0,"played":[1.0,0.0],"evs":[0.0,-3.19829]},"96o":{"weight":1.0,"played":[1.0,0.0],"evs":[0.0,-3.43542]},"T6o":{"weight":1.0,"played":[1.0,0.0],"evs":[0.0,-3.47523]},"J6o":{"weight":1.0,"played":[1.0,0.0],"evs":[0.0,-3.62575]},"Q6o":{"weight":1.0,"played":[1.0,0.0],"evs":[0.0,-3.41212]},"K6o":{"weight":1.0,"played":[1.0,0.0],"evs":[0.0,-3.31724]},"A6o":{"weight":1.0,"played":[1.0,0.0],"evs":[0.0,-2.39888]},"72s":{"weight":1.0,"played":[1.0,0.0],"evs":[0.0,-3.54817]},"73s":{"weight":1.0,"played":[1.0,0.0],"evs":[0.0,-3.22919]},"74s":{"weight":1.0,"played":[1.0,0.0],"evs":[0.0,-2.90454]},"75s":{"weight":1.0,"played":[1.0,0.0],"evs":[0.0,-2.48037]},"76s":{"weight":1.0,"played":[1.0,0.0],"evs":[0.0,-2.06099]},"77":{"weight":1.0,"played":[2.0E-4,0.9998],"evs":[0.0,0.14572]},"87o":{"weight":1.0,"played":[1.0,0.0],"evs":[0.0,-2.8601]},"97o":{"weight":1.0,"played":[1.0,0.0],"evs":[0.0,-3.06]},"T7o":{"weight":1.0,"played":[1.0,0.0],"evs":[0.0,-3.12823]},"J7o":{"weight":1.0,"played":[1.0,0.0],"evs":[0.0,-3.2949]},"Q7o":{"weight":1.0,"played":[1.0,0.0],"evs":[0.0,-3.37647]},"K7o":{"weight":1.0,"played":[1.0,0.0],"evs":[0.0,-3.18561]},"A7o":{"weight":1.0,"played":[1.0,0.0],"evs":[0.0,-2.01056]},"82s":{"weight":1.0,"played":[1.0,0.0],"evs":[0.0,-3.44037]},"83s":{"weight":1.0,"played":[1.0,0.0],"evs":[0.0,-3.46783]},"84s":{"weight":1.0,"played":[1.0,0.0],"evs":[0.0,-3.10609]},"85s":{"weight":1.0,"played":[1.0,0.0],"evs":[0.0,-2.74689]},"86s":{"weight":1.0,"played":[1.0,0.0],"evs":[0.0,-2.28006]},"87s":{"weight":1.0,"played":[1.0,0.0],"evs":[0.0,-2.025]},"88":{"weight":1.0,"played":[0.0,1.0],"evs":[0.0,0.83845]},"98o":{"weight":1.0,"played":[1.0,0.0],"evs":[0.0,-2.75183]},"T8o":{"weight":1.0,"played":[1.0,0.0],"evs":[0.0,-2.76262]},"J8o":{"weight":1.0,"played":[1.0,0.0],"evs":[0.0,-2.92505]},"Q8o":{"weight":1.0,"played":[1.0,0.0],"evs":[0.0,-3.01717]},"K8o":{"weight":1.0,"played":[1.0,0.0],"evs":[0.0,-3.04551]},"A8o":{"weight":1.0,"played":[1.0,0.0],"evs":[0.0,-1.55979]},"92s":{"weight":1.0,"played":[1.0,0.0],"evs":[0.0,-3.43592]},"93s":{"weight":1.0,"played":[1.0,0.0],"evs":[0.0,-3.34061]},"94s":{"weight":1.0,"played":[1.0,0.0],"evs":[0.0,-3.32558]},"95s":{"weight":1.0,"played":[1.0,0.0],"evs":[0.0,-2.88662]},"96s":{"weight":1.0,"played":[1.0,0.0],"evs":[0.0,-2.49841]},"97s":{"weight":1.0,"played":[1.0,0.0],"evs":[0.0,-2.10167]},"98s":{"weight":1.0,"played":[1.0,0.0],"evs":[0.0,-1.85816]},"99":{"weight":1.0,"played":[0.0,1.0],"evs":[0.0,1.60356]},"T9o":{"weight":1.0,"played":[1.0,0.0],"evs":[0.0,-2.38098]},"J9o":{"weight":1.0,"played":[1.0,0.0],"evs":[0.0,-2.50766]},"Q9o":{"weight":1.0,"played":[1.0,0.0],"evs":[0.0,-2.59584]},"K9o":{"weight":1.0,"played":[1.0,0.0],"evs":[0.0,-2.51857]},"A9o":{"weight":1.0,"played":[1.0,0.0],"evs":[0.0,-1.07748]},"T2s":{"weight":1.0,"played":[1.0,0.0],"evs":[0.0,-3.16945]},"T3s":{"weight":1.0,"played":[1.0,0.0],"evs":[0.0,-3.20126]},"T4s":{"weight":1.0,"played":[1.0,0.0],"evs":[0.0,-3.06638]},"T5s":{"weight":1.0,"played":[1.0,0.0],"evs":[0.0,-2.94926]},"T6s":{"weight":1.0,"played":[1.0,0.0],"evs":[0.0,-2.6156]},"T7s":{"weight":1.0,"played":[1.0,0.0],"evs":[0.0,-2.20285]},"T8s":{"weight":1.0,"played":[1.0,0.0],"evs":[0.0,-1.90147]},"T9s":{"weight":1.0,"played":[1.0,0.0],"evs":[0.0,-1.5077]},"TT":{"weight":1.0,"played":[0.0,1.0],"evs":[0.0,2.54795]},"JTo":{"weight":1.0,"played":[1.0,0.0],"evs":[0.0,-1.95204]},"QTo":{"weight":1.0,"played":[1.0,0.0],"evs":[0.0,-1.98592]},"KTo":{"weight":1.0,"played":[1.0,0.0],"evs":[0.0,-1.77437]},"ATo":{"weight":1.0,"played":[1.0,0.0],"evs":[0.0,-0.17907]},"J2s":{"weight":1.0,"played":[1.0,0.0],"evs":[0.0,-3.12754]},"J3s":{"weight":1.0,"played":[1.0,0.0],"evs":[0.0,-2.99903]},"J4s":{"weight":1.0,"played":[1.0,0.0],"evs":[0.0,-2.93642]},"J5s":{"weight":1.0,"played":[1.0,0.0],"evs":[0.0,-2.80516]},"J6s":{"weight":1.0,"played":[1.0,0.0],"evs":[0.0,-2.67799]},"J7s":{"weight":1.0,"played":[1.0,0.0],"evs":[0.0,-2.38317]},"J8s":{"weight":1.0,"played":[1.0,0.0],"evs":[0.0,-2.03197]},"J9s":{"weight":1.0,"played":[1.0,0.0],"evs":[0.0,-1.52656]},"JTs":{"weight":1.0,"played":[1.0,0.0],"evs":[0.0,-1.09924]},"JJ":{"weight":1.0,"played":[0.0,1.0],"evs":[0.0,3.54558]},"QJo":{"weight":1.0,"played":[1.0,0.0],"evs":[0.0,-1.70844]},"KJo":{"weight":1.0,"played":[1.0,0.0],"evs":[0.0,-1.33055]},"AJo":{"weight":1.0,"played":[0.0,1.0],"evs":[0.0,0.46662]},"Q2s":{"weight":1.0,"played":[1.0,0.0],"evs":[0.0,-2.89921]},"Q3s":{"weight":1.0,"played":[1.0,0.0],"evs":[0.0,-2.8731]},"Q4s":{"weight":1.0,"played":[1.0,0.0],"evs":[0.0,-2.72889]},"Q5s":{"weight":1.0,"played":[1.0,0.0],"evs":[0.0,-2.63154]},"Q6s":{"weight":1.0,"played":[1.0,0.0],"evs":[0.0,-2.44411]},"Q7s":{"weight":1.0,"played":[1.0,0.0],"evs":[0.0,-2.42149]},"Q8s":{"weight":1.0,"played":[1.0,0.0],"evs":[0.0,-2.06836]},"Q9s":{"weight":1.0,"played":[1.0,0.0],"evs":[0.0,-1.65719]},"QTs":{"weight":1.0,"played":[1.0,0.0],"evs":[0.0,-1.09701]},"QJs":{"weight":1.0,"played":[1.0,0.0],"evs":[0.0,-0.90926]},"QQ":{"weight":1.0,"played":[0.0,1.0],"evs":[0.0,4.71887]},"KQo":{"weight":1.0,"played":[1.0,0.0],"evs":[0.0,-0.77758]},"AQo":{"weight":1.0,"played":[0.0,1.0],"evs":[0.0,1.08122]},"K2s":{"weight":1.0,"played":[1.0,0.0],"evs":[0.0,-2.87155]},"K3s":{"weight":1.0,"played":[1.0,0.0],"evs":[0.0,-2.75123]},"K4s":{"weight":1.0,"played":[1.0,0.0],"evs":[0.0,-2.63429]},"K5s":{"weight":1.0,"played":[1.0,0.0],"evs":[0.0,-2.55374]},"K6s":{"weight":1.0,"played":[1.0,0.0],"evs":[0.0,-2.34379]},"K7s":{"weight":1.0,"played":[1.0,0.0],"evs":[0.0,-2.1513]},"K8s":{"weight":1.0,"played":[1.0,0.0],"evs":[0.0,-2.09387]},"K9s":{"weight":1.0,"played":[1.0,0.0],"evs":[0.0,-1.62341]},"KTs":{"weight":1.0,"played":[1.0,0.0],"evs":[0.0,-0.85857]},"KJs":{"weight":1.0,"played":[1.0,0.0],"evs":[0.0,-0.43525]},"KQs":{"weight":1.0,"played":[0.9233,0.0767],"evs":[0.0,-0.06498]},"KK":{"weight":1.0,"played":[0.0,1.0],"evs":[0.0,6.2885]},"AKo":{"weight":1.0,"played":[0.0,1.0],"evs":[0.0,1.88763]},"A2s":{"weight":1.0,"played":[1.0,0.0],"evs":[0.0,-1.91681]},"A3s":{"weight":1.0,"played":[1.0,0.0],"evs":[0.0,-1.80726]},"A4s":{"weight":1.0,"played":[1.0,0.0],"evs":[0.0,-1.60749]},"A5s":{"weight":1.0,"played":[1.0,0.0],"evs":[0.0,-1.36184]},"A6s":{"weight":1.0,"played":[1.0,0.0],"evs":[0.0,-1.40306]},"A7s":{"weight":1.0,"played":[1.0,0.0],"evs":[0.0,-1.0618]},"A8s":{"weight":1.0,"played":[1.0,0.0],"evs":[0.0,-0.594]},"A9s":{"weight":1.0,"played":[1.0,0.0],"evs":[0.0,-0.18354]},"ATs":{"weight":1.0,"played":[0.0,1.0],"evs":[0.0,0.59024]},"AJs":{"weight":1.0,"played":[0.0,1.0],"evs":[0.0,1.19354]},"AQs":{"weight":1.0,"played":[0.0,1.0],"evs":[0.0,1.79311]},"AKs":{"weight":1.0,"played":[0.0,1.0],"evs":[0.0,2.56635]},"AA":{"weight":1.0,"played":[0.0,1.0],"evs":[0.0,9.12942]}}}