{"player":2,"street":0,"children":2,"sequence":[{"player":0,"type":"F","amount":0,"street":0},{"player":1,"type":"R","amount":975000,"street":0}],"actions":[{"type":"F","amount":0,"node":11},{"type":"C","amount":975000,"node":14}],"hands":{"22":{"weight":1.0,"played":[1.0,0.0],"evs":[0.0,-0.34551]},"32o":{"weight":1.0,"played":[1.0,0.0],"evs":[0.0,-5.83197]},"42o":{"weight":1.0,"played":[1.0,0.0],"evs":[0.0,-5.58746]},"52o":{"weight":1.0,"played":[1.0,0.0],"evs":[0.0,-5.34574]},"62o":{"weight":1.0,"played":[1.0,0.0],"evs":[0.0,-5.85743]},"72o":{"weight":1.0,"played":[1.0,0.0],"evs":[0.0,-6.13315]},"82o":{"weight":1.0,"played":[1.0,0.0],"evs":[0.0,-5.82813]},"92o":{"weight":1.0,"played":[1.0,0.0],"evs":[0.0,-5.68521]},"T2o":{"weight":1.0,"played":[1.0,0.0],"evs":[0.0,-5.1554]},"J2o":{"weight":1.0,"played":[1.0,0.0],"evs":[0.0,-4.64845]},"Q2o":{"weight":1.0,"played":[1.0,0.0],"evs":[0.0,-3.986]},"K2o":{"weight":1.0,"played":[1.0,0.0],"evs":[0.0,-3.02603]},"A2o":{"weight":1.0,"played":[1.0,0.0],"evs":[0.0,-0.43703]},"32s":{"weight":1.0,"played":[1.0,0.0],"evs":[0.0,-4.20268]},"33":{"weight":1.0,"played":[0.0,1.0],"evs":[0.0,0.26245]},"43o":{"weight":1.0,"played":[1.0,0.0],"evs":[0.0,-4.93779]},"53o":{"weight":1.0,"played":[1.0,0.0],"evs":[0.0,-4.65576]},"63o":{"weight":1.0,"played":[1.0,0.0],"evs":[0.0,-5.18188]},"73o":{"weight":1.0,"played":[1.0,0.0],"evs":[0.0,-5.46081]},"83o":{"weight":1.0,"played":[1.0,0.0],"evs":[0.0,-5.72374]},"93o":{"weight":1.0,"played":[1.0,0.0],"evs":[0.0,-5.45531]},"T3o":{"weight":1.0,"played":[1.0,0.0],"evs":[0.0,-4.92382]},"J3o":{"weight":1.0,"played":[1.0,0.0],"evs":[0.0,-4.45052]},"Q3o":{"weight":1.0,"played":[1.0,0.0],"evs":[0.0,-3.78046]},"K3o":{"weight":1.0,"played":[1.0,0.0],"evs":[0.0,-2.81531]},"A3o":{"weight":1.0,"played":[0.9998,2.0E-4],"evs":[0.0,-0.21154]},"42s":{"weight":1.0,"played":[1.0,0.0],"evs":[0.0,-3.94595]},"43s":{"weight":1.0,"played":[1.0,0.0],"evs":[0.0,-3.3469]},"44":{"weight":1.0,"played":[0.0,1.0],"evs":[0.0,0.99145]},"54o":{"weight":1.0,"played":[1.0,0.0],"evs":[0.0,-4.0607]},"64o":{"weight":1.0,"played":[1.0,0.0],"evs":[0.0,-4.48092]},"74o":{"weight":1.0,"played":[1.0,0.0],"evs":[0.0,-4.76951]},"84o":{"weight":1.0,"played":[1.0,0.0],"evs":[0.0,-5.01812]},"94o":{"weight":1.0,"played":[1.0,0.0],"evs":[0.0,-5.34724]},"T4o":{"weight":1.0,"played":[1.0,0.0],"evs":[0.0,-4.71055]},"J4o":{"weight":1.0,"played":[1.0,0.0],"evs":[0.0,-4.2263]},"Q4o":{"weight":1.0,"played":[1.0,0.0],"evs":[0.0,-3.5063]},"K4o":{"weight":1.0,"played":[1.0,0.0],"evs":[0.0,-2.55093]},"A4o":{"weight":1.0,"played":[0.0,1.0],"evs":[0.0,0.08699]},"52s":{"weight":1.0,"played":[1.0,0.0],"evs":[0.0,-3.75494]},"53s":{"weight":1.0,"played":[1.0,0.0],"evs":[0.0,-3.09241]},"54s":{"weight":1.0,"played":[1.0,0.0],"evs":[0.0,-2.51685]},"55":{"weight":1.0,"played":[0.0,1.0],"evs":[0.0,1.82005]},"65o":{"weight":1.0,"played":[1.0,0.0],"evs":[0.0,-3.86671]},"75o":{"weight":1.0,"played":[1.0,0.0],"evs":[0.0,-4.08174]},"85o":{"weight":1.0,"played":[1.0,0.0],"evs":[0.0,-4.34635]},"95o":{"weight":1.0,"played":[1.0,0.0],"evs":[0.0,-4.64629]},"T5o":{"weight":1.0,"played":[1.0,0.0],"evs":[0.0,-4.55239]},"J5o":{"weight":1.0,"played":[1.0,0.0],"evs":[0.0,-3.96101]},"Q5o":{"weight":1.0,"played":[1.0,0.0],"evs":[0.0,-3.26108]},"K5o":{"weight":1.0,"played":[1.0,0.0],"evs":[0.0,-2.24926]},"A5o":{"weight":1.0,"played":[0.0,1.0],"evs":[0.0,0.44746]},"62s":{"weight":1.0,"played":[1.0,0.0],"evs":[0.0,-4.2147]},"63s":{"weight":1.0,"played":[1.0,0.0],"evs":[0.0,-3.57074]},"64s":{"weight":1.0,"played":[1.0,0.0],"evs":[0.0,-2.90029]},"65s":{"weight":1.0,"played":[1.0,0.0],"evs":[0.0,-2.33018]},"66":{"weight":1.0,"played":[0.0,1.0],"evs":[0.0,2.67871]},"76o":{"weight":1.0,"played":[1.0,0.0],"evs":[0.0,-3.57335]},"86o":{"weight":1.0,"played":[1.0,0.0],"evs":[0.0,-3.76906]},"96o":{"weight":1.0,"played":[1.0,0.0],"evs":[0.0,-4.07941]},"T6o":{"weight":1.0,"played":[1.0,0.0],"evs":[0.0,-3.97675]},"J6o":{"weight":1.0,"played":[1.0,0.0],"evs":[0.0,-3.88801]},"Q6o":{"weight":1.0,"played":[1.0,0.0],"evs":[0.0,-3.05479]},"K6o":{"weight":1.0,"played":[1.0,0.0],"evs":[0.0,-1.93627]},"A6o":{"weight":1.0,"played":[0.0,1.0],"evs":[0.0,0.47865]},"72s":{"weight":1.0,"played":[1.0,0.0],"evs":[0.0,-4.45726]},"73s":{"weight":1.0,"played":[1.0,0.0],"evs":[0.0,-3.80856]},"74s":{"weight":1.0,"played":[1.0,0.0],"evs":[0.0,-3.18165]},"75s":{"weight":1.0,"played":[1.0,0.0],"evs":[0.0,-2.56983]},"76s":{"weight":1.0,"played":[1.0,0.0],"evs":[0.0,-2.06278]},"77":{"weight":1.0,"played":[0.0,1.0],"evs":[0.0,3.59453]},"87o":{"weight":1.0,"played":[1.0,0.0],"evs":[0.0,-3.18199]},"97o":{"weight":1.0,"played":[1.0,0.0],"evs":[0.0,-3.45553]},"T7o":{"weight":1.0,"played":[1.0,0.0],"evs":[0.0,-3.30309]},"J7o":{"weight":1.0,"played":[1.0,0.0],"evs":[0.0,-3.23038]},"Q7o":{"weight":1.0,"played":[1.0,0.0],"evs":[0.0,-2.90166]},"K7o":{"weight":1.0,"played":[1.0,0.0],"evs":[0.0,-1.59547]},"A7o":{"weight":1.0,"played":[0.0,1.0],"evs":[0.0,1.03821]},"82s":{"weight":1.0,"played":[1.0,0.0],"evs":[0.0,-4.16618]},"83s":{"weight":1.0,"played":[1.0,0.0],"evs":[0.0,-4.07858]},"84s":{"weight":1.0,"played":[1.0,0.0],"evs":[0.0,-3.43974]},"85s":{"weight":1.0,"played":[1.0,0.0],"evs":[0.0,-2.79791]},"86s":{"weight":1.0,"played":[1.0,0.0],"evs":[0.0,-2.27305]},"87s":{"weight":1.0,"played":[1.0,0.0],"evs":[0.0,-1.69925]},"88":{"weight":1.0,"played":[0.0,1.0],"evs":[0.0,4.67265]},"98o":{"weight":1.0,"played":[1.0,0.0],"evs":[0.0,-2.81115]},"T8o":{"weight":1.0,"played":[1.0,0.0],"evs":[0.0,-2.60499]},"J8o":{"weight":1.0,"played":[1.0,0.0],"evs":[0.0,-2.57313]},"Q8o":{"weight":1.0,"played":[1.0,0.0],"evs":[0.0,-2.23107]},"K8o":{"weight":1.0,"played":[1.0,0.0],"evs":[0.0,-1.20224]},"A8o":{"weight":1.0,"played":[0.0,1.0],"evs":[0.0,1.7234]},"92s":{"weight":1.0,"played":[1.0,0.0],"evs":[0.0,-4.03847]},"93s":{"weight":1.0,"played":[1.0,0.0],"evs":[0.0,-3.82701]},"94s":{"weight":1.0,"played":[1.0,0.0],"evs":[0.0,-3.73984]},"95s":{"weight":1.0,"played":[1.0,0.0],"evs":[0.0,-3.09213]},"96s":{"weight":1.0,"played":[1.0,0.0],"evs":[0.0,-2.54513]},"97s":{"weight":1.0,"played":[1.0,0.0],"evs":[0.0,-1.95502]},"98s":{"weight":1.0,"played":[1.0,0.0],"evs":[0.0,-1.32355]},"99":{"weight":1.0,"played":[0.0,1.0],"evs":[0.0,6.11873]},"T9o":{"weight":1.0,"played":[1.0,0.0],"evs":[0.0,-1.98046]},"J9o":{"weight":1.0,"played":[1.0,0.0],"evs":[0.0,-1.82525]},"Q9o":{"weight":1.0,"played":[1.0,0.0],"evs":[0.0,-1.37978]},"K9o":{"weight":1.0,"played":[1.0,0.0],"evs":[0.0,-0.18852]},"A9o":{"weight":1.0,"played":[0.0,1.0],"evs":[0.0,2.60189]},"T2s":{"weight":1.0,"played":[1.0,0.0],"evs":[0.0,-3.52876]},"T3s":{"weight":1.0,"played":[1.0,0.0],"evs":[0.0,-3.30166]},"T4s":{"weight":1.0,"played":[1.0,0.0],"evs":[0.0,-3.0965]},"T5s":{"weight":1.0,"played":[1.0,0.0],"evs":[0.0,-3.01605]},"T6s":{"weight":1.0,"played":[1.0,0.0],"evs":[0.0,-2.46203]},"T7s":{"weight":1.0,"played":[1.0,0.0],"evs":[0.0,-1.85586]},"T8s":{"weight":1.0,"played":[1.0,0.0],"evs":[0.0,-1.22966]},"T9s":{"weight":1.0,"played":[1.0,0.0],"evs":[0.0,-0.64045]},"TT":{"weight":1.0,"played":[0.0,1.0],"evs":[0.0,7.96623]},"JTo":{"weight":1.0,"played":[1.0,0.0],"evs":[0.0,-0.63689]},"QTo":{"weight":1.0,"played":[0.9991,9.0E-4],"evs":[0.0,-0.1773]},"KTo":{"weight":1.0,"played":[0.0,1.0],"evs":[0.0,1.11912]},"ATo":{"weight":1.0,"played":[0.0,1.0],"evs":[0.0,4.09674]},"J2s":{"weight":1.0,"played":[1.0,0.0],"evs":[0.0,-3.01795]},"J3s":{"weight":1.0,"played":[1.0,0.0],"evs":[0.0,-2.85504]},"J4s":{"weight":1.0,"played":[1.0,0.0],"evs":[0.0,-2.67274]},"J5s":{"weight":1.0,"played":[1.0,0.0],"evs":[0.0,-2.37893]},"J6s":{"weight":1.0,"played":[1.0,0.0],"evs":[0.0,-2.35474]},"J7s":{"weight":1.0,"played":[1.0,0.0],"evs":[0.0,-1.77682]},"J8s":{"weight":1.0,"played":[1.0,0.0],"evs":[0.0,-1.06532]},"J9s":{"weight":1.0,"played":[1.0,0.0],"evs":[0.0,-0.37771]},"JTs":{"weight":1.0,"played":[0.0,1.0],"evs":[0.0,0.70046]},"JJ":{"weight":1.0,"played":[0.0,1.0],"evs":[0.0,9.50716]},"QJo":{"weight":1.0,"played":[0.0,1.0],"evs":[0.0,0.42887]},"KJo":{"weight":1.0,"played":[0.0,1.0],"evs":[0.0,1.82914]},"AJo":{"weight":1.0,"played":[0.0,1.0],"evs":[0.0,5.0017]},"Q2s":{"weight":1.0,"played":[1.0,0.0],"evs":[0.0,-2.40015]},"Q3s":{"weight":1.0,"played":[1.0,0.0],"evs":[0.0,-2.20642]},"Q4s":{"weight":1.0,"played":[1.0,0.0],"evs":[0.0,-1.92775]},"Q5s":{"weight":1.0,"played":[1.0,0.0],"evs":[0.0,-1.72156]},"Q6s":{"weight":1.0,"played":[1.0,0.0],"evs":[0.0,-1.53336]},"Q7s":{"weight":1.0,"played":[1.0,0.0],"evs":[0.0,-1.38278]},"Q8s":{"weight":1.0,"played":[1.0,0.0],"evs":[0.0,-0.787]},"Q9s":{"weight":1.0,"played":[0.0648,0.9352],"evs":[0.0,0.05371]},"QTs":{"weight":1.0,"played":[0.0,1.0],"evs":[0.0,1.11803]},"QJs":{"weight":1.0,"played":[0.0,1.0],"evs":[0.0,1.67041]},"QQ":{"weight":1.0,"played":[0.0,1.0],"evs":[0.0,11.27291]},"KQo":{"weight":1.0,"played":[0.0,1.0],"evs":[0.0,2.64188]},"AQo":{"weight":1.0,"played":[0.0,1.0],"evs":[0.0,5.97585]},"K2s":{"weight":1.0,"played":[1.0,0.0],"evs":[0.0,-1.4423]},"K3s":{"weight":1.0,"played":[1.0,0.0],"evs":[0.0,-1.24477]},"K4s":{"weight":1.0,"played":[1.0,0.0],"evs":[0.0,-1.01476]},"K5s":{"weight":1.0,"played":[1.0,0.0],"evs":[0.0,-0.7467]},"K6s":{"weight":1.0,"played":[0.9999,1.0E-4],"evs":[0.0,-0.44687]},"K7s":{"weight":1.0,"played":[0.995,0.005],"evs":[0.0,-0.11029]},"K8s":{"weight":1.0,"played":[0.0,1.0],"evs":[0.0,0.23557]},"K9s":{"weight":1.0,"played":[0.0,1.0],"evs":[0.0,1.22572]},"KTs":{"weight":1.0,"played":[0.0,1.0],"evs":[0.0,2.39359]},"KJs":{"weight":1.0,"played":[0.0,1.0],"evs":[0.0,3.03946]},"KQs":{"weight":1.0,"played":[0.0,1.0],"evs":[0.0,3.82038]},"KK":{"weight":1.0,"played":[0.0,1.0],"evs":[0.0,13.5167]},"AKo":{"weight":1.0,"played":[0.0,1.0],"evs":[0.0,7.26246]},"A2s":{"weight":1.0,"played":[0.0,1.0],"evs":[0.0,0.96293]},"A3s":{"weight":1.0,"played":[0.0,1.0],"evs":[0.0,1.21099]},"A4s":{"weight":1.0,"played":[0.0,1.0],"evs":[0.0,1.49273]},"A5s":{"weight":1.0,"played":[0.0,1.0],"evs":[0.0,1.80395]},"A6s":{"weight":1.0,"played":[0.0,1.0],"evs":[0.0,1.84952]},"A7s":{"weight":1.0,"played":[0.0,1.0],"evs":[0.0,2.37253]},"A8s":{"weight":1.0,"played":[0.0,1.0],"evs":[0.0,2.98984]},"A9s":{"weight":1.0,"played":[0.0,1.0],"evs":[0.0,3.79603]},"ATs":{"weight":1.0,"played":[0.0,1.0],"evs":[0.0,5.21914]},"AJs":{"weight":1.0,"played":[0.0,1.0],"evs":[0.0,6.04065]},"AQs":{"weight":1.0,"played":[0.0,1.0],"evs":[0.0,6.96769]},"AKs":{"weight":1.0,"played":[0.0,1.0],"evs":[0.0,8.14335]},"AA":{"weight":1.0,"played":[0.0,1.0],"evs":[0.0,16.98663]}}}