{"player":4,"street":0,"children":2,"sequence":[{"player":0,"type":"R","amount":975000,"street":0},{"player":1,"type":"F","amount":0,"street":0},{"player":2,"type":"F","amount":0,"street":0},{"player":3,"type":"F","amount":0,"street":0}],"actions":[{"type":"F","amount":0},{"type":"C","amount":775000}],"hands":{"22":{"weight":1.0,"played":[0.0,1.0],"evs":[0.0,0.86701]},"32o":{"weight":1.0,"played":[1.0,0.0],"evs":[0.0,-4.20915]},"42o":{"weight":1.0,"played":[1.0,0.0],"evs":[0.0,-4.038]},"52o":{"weight":1.0,"played":[1.0,0.0],"evs":[0.0,-3.83596]},"62o":{"weight":1.0,"played":[1.0,0.0],"evs":[0.0,-4.14938]},"72o":{"weight":1.0,"played":[1.0,0.0],"evs":[0.0,-4.36878]},"82o":{"weight":1.0,"played":[1.0,0.0],"evs":[0.0,-4.14302]},"92o":{"weight":1.0,"played":[1.0,0.0],"evs":[0.0,-4.00887]},"T2o":{"weight":1.0,"played":[1.0,0.0],"evs":[0.0,-3.702]},"J2o":{"weight":1.0,"played":[1.0,0.0],"evs":[0.0,-3.43786]},"Q2o":{"weight":1.0,"played":[1.0,0.0],"evs":[0.0,-2.90434]},"K2o":{"weight":1.0,"played":[1.0,0.0],"evs":[0.0,-2.10619]},"A2o":{"weight":1.0,"played":[0.0,1.0],"evs":[0.0,0.5721]},"32s":{"weight":1.0,"played":[1.0,0.0],"evs":[0.0,-3.08162]},"33":{"weight":1.0,"played":[0.0,1.0],"evs":[0.0,1.47196]},"43o":{"weight":1.0,"played":[1.0,0.0],"evs":[0.0,-3.504]},"53o":{"weight":1.0,"played":[1.0,0.0],"evs":[0.0,-3.28331]},"63o":{"weight":1.0,"played":[1.0,0.0],"evs":[0.0,-3.64342]},"73o":{"weight":1.0,"played":[1.0,0.0],"evs":[0.0,-3.86131]},"83o":{"weight":1.0,"played":[1.0,0.0],"evs":[0.0,-4.0027]},"93o":{"weight":1.0,"played":[1.0,0.0],"evs":[0.0,-3.78892]},"T3o":{"weight":1.0,"played":[1.0,0.0],"evs":[0.0,-3.4851]},"J3o":{"weight":1.0,"played":[1.0,0.0],"evs":[0.0,-3.18695]},"Q3o":{"weight":1.0,"played":[1.0,0.0],"evs":[0.0,-2.71943]},"K3o":{"weight":1.0,"played":[1.0,0.0],"evs":[0.0,-1.91762]},"A3o":{"weight":1.0,"played":[0.0,1.0],"evs":[0.0,0.74094]},"42s":{"weight":1.0,"played":[1.0,0.0],"evs":[0.0,-2.87657]},"43s":{"weight":1.0,"played":[1.0,0.0],"evs":[0.0,-2.36729]},"44":{"weight":1.0,"played":[0.0,1.0],"evs":[0.0,2.08815]},"54o":{"weight":1.0,"played":[1.0,0.0],"evs":[0.0,-2.80231]},"64o":{"weight":1.0,"played":[1.0,0.0],"evs":[0.0,-3.10847]},"74o":{"weight":1.0,"played":[1.0,0.0],"evs":[0.0,-3.34994]},"84o":{"weight":1.0,"played":[1.0,0.0],"evs":[0.0,-3.51771]},"94o":{"weight":1.0,"played":[1.0,0.0],"evs":[0.0,-3.73394]},"T4o":{"weight":1.0,"played":[1.0,0.0],"evs":[0.0,-3.31018]},"J4o":{"weight":1.0,"played":[1.0,0.0],"evs":[0.0,-3.01622]},"Q4o":{"weight":1.0,"played":[1.0,0.0],"evs":[0.0,-2.51183]},"K4o":{"weight":1.0,"played":[1.0,0.0],"evs":[0.0,-1.71547]},"A4o":{"weight":1.0,"played":[0.0,1.0],"evs":[0.0,0.94063]},"52s":{"weight":1.0,"played":[1.0,0.0],"evs":[0.0,-2.68813]},"53s":{"weight":1.0,"played":[1.0,0.0],"evs":[0.0,-2.18892]},"54s":{"weight":1.0,"played":[1.0,0.0],"evs":[0.0,-1.72227]},"55":{"weight":1.0,"played":[0.0,1.0],"evs":[0.0,2.73446]},"65o":{"weight":1.0,"played":[1.0,0.0],"evs":[0.0,-2.60834]},"75o":{"weight":1.0,"played":[1.0,0.0],"evs":[0.0,-2.81453]},"85o":{"weight":1.0,"played":[1.0,0.0],"evs":[0.0,-2.96813]},"95o":{"weight":1.0,"played":[1.0,0.0],"evs":[0.0,-3.18247]},"T5o":{"weight":1.0,"played":[1.0,0.0],"evs":[0.0,-3.1933]},"J5o":{"weight":1.0,"played":[1.0,0.0],"evs":[0.0,-2.84014]},"Q5o":{"weight":1.0,"played":[1.0,0.0],"evs":[0.0,-2.32072]},"K5o":{"weight":1.0,"played":[1.0,0.0],"evs":[0.0,-1.45431]},"A5o":{"weight":1.0,"played":[0.0,1.0],"evs":[0.0,1.30219]},"62s":{"weight":1.0,"played":[1.0,0.0],"evs":[0.0,-2.95162]},"63s":{"weight":1.0,"played":[1.0,0.0],"evs":[0.0,-2.47303]},"64s":{"weight":1.0,"played":[1.0,0.0],"evs":[0.0,-1.99609]},"65s":{"weight":1.0,"played":[1.0,0.0],"evs":[0.0,-1.51773]},"66":{"weight":1.0,"played":[0.0,1.0],"evs":[0.0,3.34086]},"76o":{"weight":1.0,"played":[1.0,0.0],"evs":[0.0,-2.32812]},"86o":{"weight":1.0,"played":[1.0,0.0],"evs":[0.0,-2.50005]},"96o":{"weight":1.0,"played":[1.0,0.0],"evs":[0.0,-2.6878]},"T6o":{"weight":1.0,"played":[1.0,0.0],"evs":[0.0,-2.68537]},"J6o":{"weight":1.0,"played":[1.0,0.0],"evs":[0.0,-2.71208]},"Q6o":{"weight":1.0,"played":[1.0,0.0],"evs":[0.0,-2.17182]},"K6o":{"weight":1.0,"played":[1.0,0.0],"evs":[0.0,-1.28783]},"A6o":{"weight":1.0,"played":[0.0,1.0],"evs":[0.0,1.37405]},"72s":{"weight":1.0,"played":[1.0,0.0],"evs":[0.0,-3.10272]},"73s":{"weight":1.0,"played":[1.0,0.0],"evs":[0.0,-2.62999]},"74s":{"weight":1.0,"played":[1.0,0.0],"evs":[0.0,-2.22928]},"75s":{"weight":1.0,"played":[1.0,0.0],"evs":[0.0,-1.72524]},"76s":{"weight":1.0,"played":[1.0,0.0],"evs":[0.0,-1.27435]},"77":{"weight":1.0,"played":[0.0,1.0],"evs":[0.0,3.96292]},"87o":{"weight":1.0,"played":[1.0,0.0],"evs":[0.0,-2.06343]},"97o":{"weight":1.0,"played":[1.0,0.0],"evs":[0.0,-2.21312]},"T7o":{"weight":1.0,"played":[1.0,0.0],"evs":[0.0,-2.2723]},"J7o":{"weight":1.0,"played":[1.0,0.0],"evs":[0.0,-2.28926]},"Q7o":{"weight":1.0,"played":[1.0,0.0],"evs":[0.0,-2.08555]},"K7o":{"weight":1.0,"played":[1.0,0.0],"evs":[0.0,-1.03555]},"A7o":{"weight":1.0,"played":[0.0,1.0],"evs":[0.0,1.99463]},"82s":{"weight":1.0,"played":[1.0,0.0],"evs":[0.0,-2.95886]},"83s":{"weight":1.0,"played":[1.0,0.0],"evs":[0.0,-2.74214]},"84s":{"weight":1.0,"played":[1.0,0.0],"evs":[0.0,-2.35453]},"85s":{"weight":1.0,"played":[1.0,0.0],"evs":[0.0,-1.91283]},"86s":{"weight":1.0,"played":[1.0,0.0],"evs":[0.0,-1.41832]},"87s":{"weight":1.0,"played":[1.0,0.0],"evs":[0.0,-1.03149]},"88":{"weight":1.0,"played":[0.0,1.0],"evs":[0.0,4.72038]},"98o":{"weight":1.0,"played":[1.0,0.0],"evs":[0.0,-1.75898]},"T8o":{"weight":1.0,"played":[1.0,0.0],"evs":[0.0,-1.74882]},"J8o":{"weight":1.0,"played":[1.0,0.0],"evs":[0.0,-1.78873]},"Q8o":{"weight":1.0,"played":[1.0,0.0],"evs":[0.0,-1.54982]},"K8o":{"weight":1.0,"played":[1.0,0.0],"evs":[0.0,-0.79734]},"A8o":{"weight":1.0,"played":[0.0,1.0],"evs":[0.0,2.69434]},"92s":{"weight":1.0,"played":[1.0,0.0],"evs":[0.0,-2.82512]},"93s":{"weight":1.0,"played":[1.0,0.0],"evs":[0.0,-2.63586]},"94s":{"weight":1.0,"played":[1.0,0.0],"evs":[0.0,-2.53623]},"95s":{"weight":1.0,"played":[1.0,0.0],"evs":[0.0,-2.02168]},"96s":{"weight":1.0,"played":[1.0,0.0],"evs":[0.0,-1.5996]},"97s":{"weight":1.0,"played":[1.0,0.0],"evs":[0.0,-1.14147]},"98s":{"weight":1.0,"played":[1.0,0.0],"evs":[0.0,-0.73328]},"99":{"weight":1.0,"played":[0.0,1.0],"evs":[0.0,5.5442]},"T9o":{"weight":1.0,"played":[1.0,0.0],"evs":[0.0,-1.26081]},"J9o":{"weight":1.0,"played":[1.0,0.0],"evs":[0.0,-1.31121]},"Q9o":{"weight":1.0,"played":[1.0,0.0],"evs":[0.0,-1.05816]},"K9o":{"weight":1.0,"played":[0.9997,3.0E-4],"evs":[0.0,-0.09679]},"A9o":{"weight":1.0,"played":[0.0,1.0],"evs":[0.0,3.49944]},"T2s":{"weight":1.0,"played":[1.0,0.0],"evs":[0.0,-2.48945]},"T3s":{"weight":1.0,"played":[1.0,0.0],"evs":[0.0,-2.3369]},"T4s":{"weight":1.0,"played":[1.0,0.0],"evs":[0.0,-2.14115]},"T5s":{"weight":1.0,"played":[1.0,0.0],"evs":[0.0,-2.0201]},"T6s":{"weight":1.0,"played":[1.0,0.0],"evs":[0.0,-1.60321]},"T7s":{"weight":1.0,"played":[1.0,0.0],"evs":[0.0,-1.13647]},"T8s":{"weight":1.0,"played":[1.0,0.0],"evs":[0.0,-0.69588]},"T9s":{"weight":1.0,"played":[1.0,0.0],"evs":[0.0,-0.2697]},"TT":{"weight":1.0,"played":[0.0,1.0],"evs":[0.0,6.92862]},"JTo":{"weight":1.0,"played":[1.0,0.0],"evs":[0.0,-0.41151]},"QTo":{"weight":1.0,"played":[0.9923,0.0077],"evs":[0.0,-0.01921]},"KTo":{"weight":1.0,"played":[0.0,1.0],"evs":[0.0,1.11446]},"ATo":{"weight":1.0,"played":[0.0,1.0],"evs":[0.0,4.81926]},"J2s":{"weight":1.0,"played":[1.0,0.0],"evs":[0.0,-2.21579]},"J3s":{"weight":1.0,"played":[1.0,0.0],"evs":[0.0,-2.02351]},"J4s":{"weight":1.0,"played":[1.0,0.0],"evs":[0.0,-1.87699]},"J5s":{"weight":1.0,"played":[1.0,0.0],"evs":[0.0,-1.67505]},"J6s":{"weight":1.0,"played":[1.0,0.0],"evs":[0.0,-1.63654]},"J7s":{"weight":1.0,"played":[1.0,0.0],"evs":[0.0,-1.17714]},"J8s":{"weight":1.0,"played":[1.0,0.0],"evs":[0.0,-0.71606]},"J9s":{"weight":1.0,"played":[0.9996,4.0E-4],"evs":[0.0,-0.28186]},"JTs":{"weight":1.0,"played":[0.0,1.0],"evs":[0.0,0.56045]},"JJ":{"weight":1.0,"played":[0.0,1.0],"evs":[0.0,7.93798]},"QJo":{"weight":1.0,"played":[0.0,1.0],"evs":[0.0,0.454]},"KJo":{"weight":1.0,"played":[0.0,1.0],"evs":[0.0,1.65141]},"AJo":{"weight":1.0,"played":[0.0,1.0],"evs":[0.0,5.51576]},"Q2s":{"weight":1.0,"played":[1.0,0.0],"evs":[0.0,-1.74148]},"Q3s":{"weight":1.0,"played":[1.0,0.0],"evs":[0.0,-1.55]},"Q4s":{"weight":1.0,"played":[1.0,0.0],"evs":[0.0,-1.41672]},"Q5s":{"weight":1.0,"played":[1.0,0.0],"evs":[0.0,-1.19456]},"Q6s":{"weight":1.0,"played":[1.0,0.0],"evs":[0.0,-1.03642]},"Q7s":{"weight":1.0,"played":[1.0,0.0],"evs":[0.0,-0.96194]},"Q8s":{"weight":1.0,"played":[1.0,0.0],"evs":[0.0,-0.44579]},"Q9s":{"weight":1.0,"played":[0.9844,0.0156],"evs":[0.0,-0.08278]},"QTs":{"weight":1.0,"played":[0.0,1.0],"evs":[0.0,0.89819]},"QJs":{"weight":1.0,"played":[0.0,1.0],"evs":[0.0,1.35557]},"QQ":{"weight":1.0,"played":[0.0,1.0],"evs":[0.0,8.97596]},"KQo":{"weight":1.0,"played":[0.0,1.0],"evs":[0.0,2.24918]},"AQo":{"weight":1.0,"played":[0.0,1.0],"evs":[0.0,6.2883]},"K2s":{"weight":1.0,"played":[1.0,0.0],"evs":[0.0,-0.95135]},"K3s":{"weight":1.0,"played":[1.0,0.0],"evs":[0.0,-0.79724]},"K4s":{"weight":1.0,"played":[1.0,0.0],"evs":[0.0,-0.6171]},"K5s":{"weight":1.0,"played":[0.9999,1.0E-4],"evs":[0.0,-0.44251]},"K6s":{"weight":1.0,"played":[0.9998,2.0E-4],"evs":[0.0,-0.22493]},"K7s":{"weight":1.0,"played":[0.7944,0.2056],"evs":[0.0,-0.03575]},"K8s":{"weight":1.0,"played":[0.0,1.0],"evs":[0.0,0.18829]},"K9s":{"weight":1.0,"played":[0.0,1.0],"evs":[0.0,0.88444]},"KTs":{"weight":1.0,"played":[0.0,1.0],"evs":[0.0,1.94019]},"KJs":{"weight":1.0,"played":[0.0,1.0],"evs":[0.0,2.46745]},"KQs":{"weight":1.0,"played":[0.0,1.0],"evs":[0.0,3.10619]},"KK":{"weight":1.0,"played":[0.0,1.0],"evs":[0.0,10.3009]},"AKo":{"weight":1.0,"played":[0.0,1.0],"evs":[0.0,7.3141]},"A2s":{"weight":1.0,"played":[0.0,1.0],"evs":[0.0,1.52382]},"A3s":{"weight":1.0,"played":[0.0,1.0],"evs":[0.0,1.68018]},"A4s":{"weight":1.0,"played":[0.0,1.0],"evs":[0.0,1.88896]},"A5s":{"weight":1.0,"played":[0.0,1.0],"evs":[0.0,2.20037]},"A6s":{"weight":1.0,"played":[0.0,1.0],"evs":[0.0,2.28945]},"A7s":{"weight":1.0,"played":[0.0,1.0],"evs":[0.0,2.8122]},"A8s":{"weight":1.0,"played":[0.0,1.0],"evs":[0.0,3.58894]},"A9s":{"weight":1.0,"played":[0.0,1.0],"evs":[0.0,4.18464]},"ATs":{"weight":1.0,"played":[0.0,1.0],"evs":[0.0,5.46123]},"AJs":{"weight":1.0,"played":[0.0,1.0],"evs":[0.0,6.18177]},"AQs":{"weight":1.0,"played":[0.0,1.0],"evs":[0.0,6.88522]},"AKs":{"weight":1.0,"played":[0.0,1.0],"evs":[0.0,7.80492]},"AA":{"weight":1.0,"played":[0.0,1.0],"evs":[0.0,13.66445]}}}