{"player":4,"street":0,"children":2,"sequence":[{"player":0,"type":"R","amount":975000,"street":0},{"player":1,"type":"F","amount":0,"street":0},{"player":2,"type":"C","amount":975000,"street":0},{"player":3,"type":"C","amount":875000,"street":0}],"actions":[{"type":"F","amount":0},{"type":"C","amount":775000}],"hands":{"22":{"weight":1.0,"played":[0.9997,3.0E-4],"evs":[0.0,-0.93266]},"32o":{"weight":1.0,"played":[1.0,0.0],"evs":[0.0,-4.35999]},"42o":{"weight":1.0,"played":[1.0,0.0],"evs":[0.0,-4.01229]},"52o":{"weight":1.0,"played":[1.0,0.0],"evs":[0.0,-3.74869]},"62o":{"weight":1.0,"played":[1.0,0.0],"evs":[0.0,-4.25759]},"72o":{"weight":1.0,"played":[1.0,0.0],"evs":[0.0,-4.96596]},"82o":{"weight":1.0,"played":[1.0,0.0],"evs":[0.0,-4.69958]},"92o":{"weight":1.0,"played":[1.0,0.0],"evs":[0.0,-5.3189]},"T2o":{"weight":1.0,"played":[1.0,0.0],"evs":[0.0,-4.92381]},"J2o":{"weight":1.0,"played":[1.0,0.0],"evs":[0.0,-4.70423]},"Q2o":{"weight":1.0,"played":[1.0,0.0],"evs":[0.0,-4.29121]},"K2o":{"weight":1.0,"played":[1.0,0.0],"evs":[0.0,-4.26415]},"A2o":{"weight":1.0,"played":[1.0,0.0],"evs":[0.0,-4.15125]},"32s":{"weight":1.0,"played":[1.0,0.0],"evs":[0.0,-2.18216]},"33":{"weight":1.0,"played":[0.9858,0.0142],"evs":[0.0,-0.36413]},"43o":{"weight":1.0,"played":[1.0,0.0],"evs":[0.0,-3.1473]},"53o":{"weight":1.0,"played":[1.0,0.0],"evs":[0.0,-2.97965]},"63o":{"weight":1.0,"played":[1.0,0.0],"evs":[0.0,-3.2872]},"73o":{"weight":1.0,"played":[1.0,0.0],"evs":[0.0,-4.13751]},"83o":{"weight":1.0,"played":[1.0,0.0],"evs":[0.0,-4.72407]},"93o":{"weight":1.0,"played":[1.0,0.0],"evs":[0.0,-4.84744]},"T3o":{"weight":1.0,"played":[1.0,0.0],"evs":[0.0,-4.76594]},"J3o":{"weight":1.0,"played":[1.0,0.0],"evs":[0.0,-4.38083]},"Q3o":{"weight":1.0,"played":[1.0,0.0],"evs":[0.0,-4.12124]},"K3o":{"weight":1.0,"played":[1.0,0.0],"evs":[0.0,-3.92758]},"A3o":{"weight":1.0,"played":[1.0,0.0],"evs":[0.0,-3.76536]},"42s":{"weight":1.0,"played":[1.0,0.0],"evs":[0.0,-1.96672]},"43s":{"weight":1.0,"played":[0.9999,1.0E-4],"evs":[0.0,-1.08876]},"44":{"weight":1.0,"played":[0.0218,0.9782],"evs":[0.0,0.13184]},"54o":{"weight":1.0,"played":[1.0,0.0],"evs":[0.0,-1.8312]},"64o":{"weight":1.0,"played":[1.0,0.0],"evs":[0.0,-2.52496]},"74o":{"weight":1.0,"played":[1.0,0.0],"evs":[0.0,-3.19435]},"84o":{"weight":1.0,"played":[1.0,0.0],"evs":[0.0,-3.91218]},"94o":{"weight":1.0,"played":[1.0,0.0],"evs":[0.0,-4.82088]},"T4o":{"weight":1.0,"played":[1.0,0.0],"evs":[0.0,-4.43316]},"J4o":{"weight":1.0,"played":[1.0,0.0],"evs":[0.0,-4.33457]},"Q4o":{"weight":1.0,"played":[1.0,0.0],"evs":[0.0,-3.78414]},"K4o":{"weight":1.0,"played":[1.0,0.0],"evs":[0.0,-3.79507]},"A4o":{"weight":1.0,"played":[1.0,0.0],"evs":[0.0,-3.40536]},"52s":{"weight":1.0,"played":[0.9998,2.0E-4],"evs":[0.0,-1.62906]},"53s":{"weight":1.0,"played":[0.9987,0.0013],"evs":[0.0,-0.7101]},"54s":{"weight":1.0,"played":[0.7974,0.2026],"evs":[0.0,-0.03328]},"55":{"weight":1.0,"played":[1.0E-4,0.9999],"evs":[0.0,1.0796]},"65o":{"weight":1.0,"played":[1.0,0.0],"evs":[0.0,-1.63823]},"75o":{"weight":1.0,"played":[1.0,0.0],"evs":[0.0,-2.19963]},"85o":{"weight":1.0,"played":[1.0,0.0],"evs":[0.0,-2.63296]},"95o":{"weight":1.0,"played":[1.0,0.0],"evs":[0.0,-3.69052]},"T5o":{"weight":1.0,"played":[1.0,0.0],"evs":[0.0,-4.27036]},"J5o":{"weight":1.0,"played":[1.0,0.0],"evs":[0.0,-3.89733]},"Q5o":{"weight":1.0,"played":[1.0,0.0],"evs":[0.0,-3.49068]},"K5o":{"weight":1.0,"played":[1.0,0.0],"evs":[0.0,-3.53156]},"A5o":{"weight":1.0,"played":[1.0,0.0],"evs":[0.0,-3.15583]},"62s":{"weight":1.0,"played":[0.9999,1.0E-4],"evs":[0.0,-2.05867]},"63s":{"weight":1.0,"played":[1.0,0.0],"evs":[0.0,-1.15187]},"64s":{"weight":1.0,"played":[0.9949,0.0051],"evs":[0.0,-0.43874]},"65s":{"weight":1.0,"played":[0.0071,0.9929],"evs":[0.0,0.42502]},"66":{"weight":1.0,"played":[1.0E-4,0.9999],"evs":[0.0,1.99981]},"76o":{"weight":1.0,"played":[1.0,0.0],"evs":[0.0,-1.3804]},"86o":{"weight":1.0,"played":[1.0,0.0],"evs":[0.0,-2.01872]},"96o":{"weight":1.0,"played":[1.0,0.0],"evs":[0.0,-2.78382]},"T6o":{"weight":1.0,"played":[1.0,0.0],"evs":[0.0,-3.49417]},"J6o":{"weight":1.0,"played":[1.0,0.0],"evs":[0.0,-3.86484]},"Q6o":{"weight":1.0,"played":[1.0,0.0],"evs":[0.0,-3.29626]},"K6o":{"weight":1.0,"played":[1.0,0.0],"evs":[0.0,-3.0695]},"A6o":{"weight":1.0,"played":[1.0,0.0],"evs":[0.0,-3.56871]},"72s":{"weight":1.0,"played":[1.0,0.0],"evs":[0.0,-2.79888]},"73s":{"weight":1.0,"played":[0.9999,1.0E-4],"evs":[0.0,-1.69811]},"74s":{"weight":1.0,"played":[1.0,0.0],"evs":[0.0,-1.00714]},"75s":{"weight":1.0,"played":[0.9987,0.0013],"evs":[0.0,-0.08497]},"76s":{"weight":1.0,"played":[0.0022,0.9978],"evs":[0.0,0.4559]},"77":{"weight":1.0,"played":[0.0,1.0],"evs":[0.0,2.97868]},"87o":{"weight":1.0,"played":[1.0,0.0],"evs":[0.0,-1.38354]},"97o":{"weight":1.0,"played":[1.0,0.0],"evs":[0.0,-2.13233]},"T7o":{"weight":1.0,"played":[1.0,0.0],"evs":[0.0,-2.71106]},"J7o":{"weight":1.0,"played":[1.0,0.0],"evs":[0.0,-3.04918]},"Q7o":{"weight":1.0,"played":[1.0,0.0],"evs":[0.0,-3.27419]},"K7o":{"weight":1.0,"played":[1.0,0.0],"evs":[0.0,-3.0311]},"A7o":{"weight":1.0,"played":[1.0,0.0],"evs":[0.0,-3.07292]},"82s":{"weight":1.0,"played":[1.0,0.0],"evs":[0.0,-2.73144]},"83s":{"weight":1.0,"played":[1.0,0.0],"evs":[0.0,-2.22761]},"84s":{"weight":1.0,"played":[1.0,0.0],"evs":[0.0,-1.68095]},"85s":{"weight":1.0,"played":[0.9998,2.0E-4],"evs":[0.0,-0.55405]},"86s":{"weight":1.0,"played":[0.2717,0.7283],"evs":[0.0,0.13051]},"87s":{"weight":1.0,"played":[0.0,1.0],"evs":[0.0,0.59327]},"88":{"weight":1.0,"played":[0.0,1.0],"evs":[0.0,3.8058]},"98o":{"weight":1.0,"played":[1.0,0.0],"evs":[0.0,-1.69277]},"T8o":{"weight":1.0,"played":[1.0,0.0],"evs":[0.0,-2.02709]},"J8o":{"weight":1.0,"played":[1.0,0.0],"evs":[0.0,-2.34385]},"Q8o":{"weight":1.0,"played":[1.0,0.0],"evs":[0.0,-2.57849]},"K8o":{"weight":1.0,"played":[1.0,0.0],"evs":[0.0,-2.79632]},"A8o":{"weight":1.0,"played":[1.0,0.0],"evs":[0.0,-2.7273]},"92s":{"weight":1.0,"played":[1.0,0.0],"evs":[0.0,-2.68445]},"93s":{"weight":1.0,"played":[1.0,0.0],"evs":[0.0,-2.5883]},"94s":{"weight":1.0,"played":[1.0,0.0],"evs":[0.0,-2.20189]},"95s":{"weight":1.0,"played":[1.0,0.0],"evs":[0.0,-1.47503]},"96s":{"weight":1.0,"played":[0.9998,2.0E-4],"evs":[0.0,-0.60808]},"97s":{"weight":1.0,"played":[0.9863,0.0137],"evs":[0.0,-0.34169]},"98s":{"weight":1.0,"played":[0.0196,0.9804],"evs":[0.0,0.45981]},"99":{"weight":1.0,"played":[0.0,1.0],"evs":[0.0,4.82304]},"T9o":{"weight":1.0,"played":[1.0,0.0],"evs":[0.0,-1.63056]},"J9o":{"weight":1.0,"played":[1.0,0.0],"evs":[0.0,-2.00048]},"Q9o":{"weight":1.0,"played":[1.0,0.0],"evs":[0.0,-1.96643]},"K9o":{"weight":1.0,"played":[1.0,0.0],"evs":[0.0,-2.13269]},"A9o":{"weight":1.0,"played":[0.9999,1.0E-4],"evs":[0.0,-1.96271]},"T2s":{"weight":1.0,"played":[1.0,0.0],"evs":[0.0,-2.9405]},"T3s":{"weight":1.0,"played":[1.0,0.0],"evs":[0.0,-2.46401]},"T4s":{"weight":1.0,"played":[1.0,0.0],"evs":[0.0,-2.15582]},"T5s":{"weight":1.0,"played":[1.0,0.0],"evs":[0.0,-2.06418]},"T6s":{"weight":1.0,"played":[0.9999,1.0E-4],"evs":[0.0,-1.19374]},"T7s":{"weight":1.0,"played":[0.9982,0.0018],"evs":[0.0,-0.17532]},"T8s":{"weight":1.0,"played":[0.4166,0.5834],"evs":[0.0,0.16793]},"T9s":{"weight":1.0,"played":[0.0381,0.9619],"evs":[0.0,0.31385]},"TT":{"weight":1.0,"played":[0.0,1.0],"evs":[0.0,7.18438]},"JTo":{"weight":1.0,"played":[1.0,0.0],"evs":[0.0,-0.92317]},"QTo":{"weight":1.0,"played":[0.9994,6.0E-4],"evs":[0.0,-0.82434]},"KTo":{"weight":1.0,"played":[0.9997,3.0E-4],"evs":[0.0,-0.93651]},"ATo":{"weight":1.0,"played":[0.3757,0.6243],"evs":[0.0,-0.0272]},"J2s":{"weight":1.0,"played":[1.0,0.0],"evs":[0.0,-2.31406]},"J3s":{"weight":1.0,"played":[1.0,0.0],"evs":[0.0,-2.29724]},"J4s":{"weight":1.0,"played":[1.0,0.0],"evs":[0.0,-2.03142]},"J5s":{"weight":1.0,"played":[1.0,0.0],"evs":[0.0,-1.429]},"J6s":{"weight":1.0,"played":[1.0,0.0],"evs":[0.0,-1.64544]},"J7s":{"weight":1.0,"played":[0.9999,1.0E-4],"evs":[0.0,-0.95266]},"J8s":{"weight":1.0,"played":[0.9985,0.0015],"evs":[0.0,-0.45162]},"J9s":{"weight":1.0,"played":[0.0147,0.9853],"evs":[0.0,0.3523]},"JTs":{"weight":1.0,"played":[1.0E-4,0.9999],"evs":[0.0,1.10593]},"JJ":{"weight":1.0,"played":[0.0,1.0],"evs":[0.0,9.49318]},"QJo":{"weight":1.0,"played":[0.9993,7.0E-4],"evs":[0.0,-0.22489]},"KJo":{"weight":1.0,"played":[0.8566,0.1434],"evs":[0.0,-0.05153]},"AJo":{"weight":1.0,"played":[0.0,1.0],"evs":[0.0,1.23788]},"Q2s":{"weight":1.0,"played":[1.0,0.0],"evs":[0.0,-2.05042]},"Q3s":{"weight":1.0,"played":[1.0,0.0],"evs":[0.0,-1.61071]},"Q4s":{"weight":1.0,"played":[1.0,0.0],"evs":[0.0,-1.31529]},"Q5s":{"weight":1.0,"played":[0.9998,2.0E-4],"evs":[0.0,-1.02992]},"Q6s":{"weight":1.0,"played":[1.0,0.0],"evs":[0.0,-0.80013]},"Q7s":{"weight":1.0,"played":[0.9992,8.0E-4],"evs":[0.0,-0.88703]},"Q8s":{"weight":1.0,"played":[0.9954,0.0046],"evs":[0.0,-0.09565]},"Q9s":{"weight":1.0,"played":[0.2569,0.7431],"evs":[0.0,0.16448]},"QTs":{"weight":1.0,"played":[0.0,1.0],"evs":[0.0,1.07805]},"QJs":{"weight":1.0,"played":[0.0,1.0],"evs":[0.0,2.05949]},"QQ":{"weight":1.0,"played":[0.0,1.0],"evs":[0.0,12.94741]},"KQo":{"weight":1.0,"played":[0.0,1.0],"evs":[0.0,1.31162]},"AQo":{"weight":1.0,"played":[0.0,1.0],"evs":[0.0,3.03668]},"K2s":{"weight":1.0,"played":[0.9999,1.0E-4],"evs":[0.0,-1.90338]},"K3s":{"weight":1.0,"played":[1.0,0.0],"evs":[0.0,-1.46604]},"K4s":{"weight":1.0,"played":[0.9971,0.0029],"evs":[0.0,-1.31363]},"K5s":{"weight":1.0,"played":[1.0,0.0],"evs":[0.0,-1.04971]},"K6s":{"weight":1.0,"played":[0.9999,1.0E-4],"evs":[0.0,-0.62149]},"K7s":{"weight":1.0,"played":[0.999,0.001],"evs":[0.0,-0.51989]},"K8s":{"weight":1.0,"played":[0.9358,0.0642],"evs":[0.0,-0.3722]},"K9s":{"weight":1.0,"played":[0.5476,0.4524],"evs":[0.0,-0.13698]},"KTs":{"weight":1.0,"played":[8.0E-4,0.9992],"evs":[0.0,1.64679]},"KJs":{"weight":1.0,"played":[0.0,1.0],"evs":[0.0,1.98343]},"KQs":{"weight":1.0,"played":[0.0,1.0],"evs":[0.0,3.25601]},"KK":{"weight":1.0,"played":[0.0,1.0],"evs":[0.0,17.49477]},"AKo":{"weight":1.0,"played":[0.0,1.0],"evs":[0.0,4.60767]},"A2s":{"weight":1.0,"played":[0.9993,7.0E-4],"evs":[0.0,-1.64632]},"A3s":{"weight":1.0,"played":[0.9971,0.0029],"evs":[0.0,-1.21827]},"A4s":{"weight":1.0,"played":[0.9991,9.0E-4],"evs":[0.0,-1.00141]},"A5s":{"weight":1.0,"played":[0.9637,0.0363],"evs":[0.0,-0.55766]},"A6s":{"weight":1.0,"played":[0.9998,2.0E-4],"evs":[0.0,-1.08624]},"A7s":{"weight":1.0,"played":[0.9498,0.0502],"evs":[0.0,-0.24735]},"A8s":{"weight":1.0,"played":[0.0205,0.9795],"evs":[0.0,0.1685]},"A9s":{"weight":1.0,"played":[0.0032,0.9968],"evs":[0.0,0.18405]},"ATs":{"weight":1.0,"played":[0.0,1.0],"evs":[0.0,2.40478]},"AJs":{"weight":1.0,"played":[0.0,1.0],"evs":[0.0,3.50615]},"AQs":{"weight":1.0,"played":[0.0,1.0],"evs":[0.0,5.01702]},"AKs":{"weight":1.0,"played":[0.0,1.0],"evs":[0.0,6.82377]},"AA":{"weight":1.0,"played":[0.0,1.0],"evs":[0.0,24.33488]}}}