{"player":2,"street":0,"children":2,"sequence":[{"player":0,"type":"R","amount":975000,"street":0},{"player":1,"type":"C","amount":975000,"street":0}],"actions":[{"type":"F","amount":0,"node":26},{"type":"C","amount":975000,"node":29}],"hands":{"22":{"weight":1.0,"played":[1.0,0.0],"evs":[0.0,-0.57255]},"32o":{"weight":1.0,"played":[1.0,0.0],"evs":[0.0,-5.47484]},"42o":{"weight":1.0,"played":[1.0,0.0],"evs":[0.0,-5.08783]},"52o":{"weight":1.0,"played":[1.0,0.0],"evs":[0.0,-4.76057]},"62o":{"weight":1.0,"played":[1.0,0.0],"evs":[0.0,-5.26394]},"72o":{"weight":1.0,"played":[1.0,0.0],"evs":[0.0,-5.91848]},"82o":{"weight":1.0,"played":[1.0,0.0],"evs":[0.0,-5.69999]},"92o":{"weight":1.0,"played":[1.0,0.0],"evs":[0.0,-5.60699]},"T2o":{"weight":1.0,"played":[1.0,0.0],"evs":[0.0,-5.5835]},"J2o":{"weight":1.0,"played":[1.0,0.0],"evs":[0.0,-5.23042]},"Q2o":{"weight":1.0,"played":[1.0,0.0],"evs":[0.0,-4.67883]},"K2o":{"weight":1.0,"played":[1.0,0.0],"evs":[0.0,-4.25077]},"A2o":{"weight":1.0,"played":[1.0,0.0],"evs":[0.0,-3.37937]},"32s":{"weight":1.0,"played":[1.0,0.0],"evs":[0.0,-3.20181]},"33":{"weight":1.0,"played":[0.0,1.0],"evs":[0.0,0.19151]},"43o":{"weight":1.0,"played":[1.0,0.0],"evs":[0.0,-4.16382]},"53o":{"weight":1.0,"played":[1.0,0.0],"evs":[0.0,-3.76149]},"63o":{"weight":1.0,"played":[1.0,0.0],"evs":[0.0,-4.28863]},"73o":{"weight":1.0,"played":[1.0,0.0],"evs":[0.0,-4.96256]},"83o":{"weight":1.0,"played":[1.0,0.0],"evs":[0.0,-5.5712]},"93o":{"weight":1.0,"played":[1.0,0.0],"evs":[0.0,-5.34345]},"T3o":{"weight":1.0,"played":[1.0,0.0],"evs":[0.0,-5.36975]},"J3o":{"weight":1.0,"played":[1.0,0.0],"evs":[0.0,-5.02405]},"Q3o":{"weight":1.0,"played":[1.0,0.0],"evs":[0.0,-4.37582]},"K3o":{"weight":1.0,"played":[1.0,0.0],"evs":[0.0,-4.00583]},"A3o":{"weight":1.0,"played":[1.0,0.0],"evs":[0.0,-2.93908]},"42s":{"weight":1.0,"played":[1.0,0.0],"evs":[0.0,-2.79314]},"43s":{"weight":1.0,"played":[1.0,0.0],"evs":[0.0,-1.97134]},"44":{"weight":1.0,"played":[0.0,1.0],"evs":[0.0,1.17268]},"54o":{"weight":1.0,"played":[1.0,0.0],"evs":[0.0,-2.75455]},"64o":{"weight":1.0,"played":[1.0,0.0],"evs":[0.0,-3.27162]},"74o":{"weight":1.0,"played":[1.0,0.0],"evs":[0.0,-3.93722]},"84o":{"weight":1.0,"played":[1.0,0.0],"evs":[0.0,-4.61647]},"94o":{"weight":1.0,"played":[1.0,0.0],"evs":[0.0,-5.09979]},"T4o":{"weight":1.0,"played":[1.0,0.0],"evs":[0.0,-5.03166]},"J4o":{"weight":1.0,"played":[1.0,0.0],"evs":[0.0,-4.60032]},"Q4o":{"weight":1.0,"played":[1.0,0.0],"evs":[0.0,-4.09176]},"K4o":{"weight":1.0,"played":[1.0,0.0],"evs":[0.0,-3.61924]},"A4o":{"weight":1.0,"played":[1.0,0.0],"evs":[0.0,-2.47112]},"52s":{"weight":1.0,"played":[1.0,0.0],"evs":[0.0,-2.5359]},"53s":{"weight":1.0,"played":[1.0,0.0],"evs":[0.0,-1.58613]},"54s":{"weight":1.0,"played":[1.0,0.0],"evs":[0.0,-0.71865]},"55":{"weight":1.0,"played":[0.0,1.0],"evs":[0.0,2.2133]},"65o":{"weight":1.0,"played":[1.0,0.0],"evs":[0.0,-2.33249]},"75o":{"weight":1.0,"played":[1.0,0.0],"evs":[0.0,-2.98709]},"85o":{"weight":1.0,"played":[1.0,0.0],"evs":[0.0,-3.57449]},"95o":{"weight":1.0,"played":[1.0,0.0],"evs":[0.0,-4.19909]},"T5o":{"weight":1.0,"played":[1.0,0.0],"evs":[0.0,-4.75482]},"J5o":{"weight":1.0,"played":[1.0,0.0],"evs":[0.0,-4.29145]},"Q5o":{"weight":1.0,"played":[1.0,0.0],"evs":[0.0,-3.73182]},"K5o":{"weight":1.0,"played":[1.0,0.0],"evs":[0.0,-3.19703]},"A5o":{"weight":1.0,"played":[1.0,0.0],"evs":[0.0,-1.92222]},"62s":{"weight":1.0,"played":[1.0,0.0],"evs":[0.0,-2.98043]},"63s":{"weight":1.0,"played":[1.0,0.0],"evs":[0.0,-2.05831]},"64s":{"weight":1.0,"played":[1.0,0.0],"evs":[0.0,-1.0735]},"65s":{"weight":1.0,"played":[0.9996,4.0E-4],"evs":[0.0,-0.21819]},"66":{"weight":1.0,"played":[0.0,1.0],"evs":[0.0,3.23065]},"76o":{"weight":1.0,"played":[1.0,0.0],"evs":[0.0,-2.09519]},"86o":{"weight":1.0,"played":[1.0,0.0],"evs":[0.0,-2.58444]},"96o":{"weight":1.0,"played":[1.0,0.0],"evs":[0.0,-3.17248]},"T6o":{"weight":1.0,"played":[1.0,0.0],"evs":[0.0,-3.82795]},"J6o":{"weight":1.0,"played":[1.0,0.0],"evs":[0.0,-4.04927]},"Q6o":{"weight":1.0,"played":[1.0,0.0],"evs":[0.0,-3.41796]},"K6o":{"weight":1.0,"played":[1.0,0.0],"evs":[0.0,-2.8402]},"A6o":{"weight":1.0,"played":[1.0,0.0],"evs":[0.0,-2.21032]},"72s":{"weight":1.0,"played":[1.0,0.0],"evs":[0.0,-3.51047]},"73s":{"weight":1.0,"played":[1.0,0.0],"evs":[0.0,-2.58765]},"74s":{"weight":1.0,"played":[1.0,0.0],"evs":[0.0,-1.61499]},"75s":{"weight":1.0,"played":[0.9998,2.0E-4],"evs":[0.0,-0.80195]},"76s":{"weight":1.0,"played":[0.5584,0.4416],"evs":[0.0,0.00258]},"77":{"weight":1.0,"played":[0.0,1.0],"evs":[0.0,4.37898]},"87o":{"weight":1.0,"played":[1.0,0.0],"evs":[0.0,-1.88384]},"97o":{"weight":1.0,"played":[1.0,0.0],"evs":[0.0,-2.34629]},"T7o":{"weight":1.0,"played":[1.0,0.0],"evs":[0.0,-2.96999]},"J7o":{"weight":1.0,"played":[1.0,0.0],"evs":[0.0,-3.25238]},"Q7o":{"weight":1.0,"played":[1.0,0.0],"evs":[0.0,-3.37343]},"K7o":{"weight":1.0,"played":[1.0,0.0],"evs":[0.0,-2.53523]},"A7o":{"weight":1.0,"played":[1.0,0.0],"evs":[0.0,-1.40945]},"82s":{"weight":1.0,"played":[1.0,0.0],"evs":[0.0,-3.23885]},"83s":{"weight":1.0,"played":[1.0,0.0],"evs":[0.0,-3.25266]},"84s":{"weight":1.0,"played":[1.0,0.0],"evs":[0.0,-2.23587]},"85s":{"weight":1.0,"played":[1.0,0.0],"evs":[0.0,-1.37034]},"86s":{"weight":1.0,"played":[0.9998,2.0E-4],"evs":[0.0,-0.29629]},"87s":{"weight":1.0,"played":[0.0196,0.9804],"evs":[0.0,0.17559]},"88":{"weight":1.0,"played":[0.0,1.0],"evs":[0.0,5.70513]},"98o":{"weight":1.0,"played":[1.0,0.0],"evs":[0.0,-1.75379]},"T8o":{"weight":1.0,"played":[1.0,0.0],"evs":[0.0,-2.1506]},"J8o":{"weight":1.0,"played":[1.0,0.0],"evs":[0.0,-2.45027]},"Q8o":{"weight":1.0,"played":[1.0,0.0],"evs":[0.0,-2.47185]},"K8o":{"weight":1.0,"played":[1.0,0.0],"evs":[0.0,-2.32612]},"A8o":{"weight":1.0,"played":[1.0,0.0],"evs":[0.0,-0.44772]},"92s":{"weight":1.0,"played":[1.0,0.0],"evs":[0.0,-3.15428]},"93s":{"weight":1.0,"played":[1.0,0.0],"evs":[0.0,-2.91759]},"94s":{"weight":1.0,"played":[1.0,0.0],"evs":[0.0,-2.81987]},"95s":{"weight":1.0,"played":[1.0,0.0],"evs":[0.0,-1.91952]},"96s":{"weight":1.0,"played":[1.0,0.0],"evs":[0.0,-0.95208]},"97s":{"weight":1.0,"played":[0.9996,4.0E-4],"evs":[0.0,-0.261]},"98s":{"weight":1.0,"played":[3.0E-4,0.9997],"evs":[0.0,0.49028]},"99":{"weight":1.0,"played":[0.0,1.0],"evs":[0.0,7.34131]},"T9o":{"weight":1.0,"played":[1.0,0.0],"evs":[0.0,-1.29748]},"J9o":{"weight":1.0,"played":[1.0,0.0],"evs":[0.0,-1.51351]},"Q9o":{"weight":1.0,"played":[1.0,0.0],"evs":[0.0,-1.57353]},"K9o":{"weight":1.0,"played":[1.0,0.0],"evs":[0.0,-1.28358]},"A9o":{"weight":1.0,"played":[0.0,1.0],"evs":[0.0,0.55184]},"T2s":{"weight":1.0,"played":[1.0,0.0],"evs":[0.0,-3.32562]},"T3s":{"weight":1.0,"played":[1.0,0.0],"evs":[0.0,-2.95182]},"T4s":{"weight":1.0,"played":[1.0,0.0],"evs":[0.0,-2.64486]},"T5s":{"weight":1.0,"played":[1.0,0.0],"evs":[0.0,-2.44528]},"T6s":{"weight":1.0,"played":[1.0,0.0],"evs":[0.0,-1.64152]},"T7s":{"weight":1.0,"played":[0.9999,1.0E-4],"evs":[0.0,-0.73995]},"T8s":{"weight":1.0,"played":[0.2558,0.7442],"evs":[0.0,0.01392]},"T9s":{"weight":1.0,"played":[0.0,1.0],"evs":[0.0,0.81736]},"TT":{"weight":1.0,"played":[0.0,1.0],"evs":[0.0,9.72297]},"JTo":{"weight":1.0,"played":[1.0,0.0],"evs":[0.0,-0.47546]},"QTo":{"weight":1.0,"played":[0.9998,2.0E-4],"evs":[0.0,-0.33835]},"KTo":{"weight":1.0,"played":[0.0,1.0],"evs":[0.0,0.25061]},"ATo":{"weight":1.0,"played":[0.0,1.0],"evs":[0.0,2.69894]},"J2s":{"weight":1.0,"played":[1.0,0.0],"evs":[0.0,-2.82547]},"J3s":{"weight":1.0,"played":[1.0,0.0],"evs":[0.0,-2.5611]},"J4s":{"weight":1.0,"played":[1.0,0.0],"evs":[0.0,-2.23706]},"J5s":{"weight":1.0,"played":[1.0,0.0],"evs":[0.0,-1.90091]},"J6s":{"weight":1.0,"played":[1.0,0.0],"evs":[0.0,-1.78772]},"J7s":{"weight":1.0,"played":[0.9999,1.0E-4],"evs":[0.0,-1.0558]},"J8s":{"weight":1.0,"played":[0.9998,2.0E-4],"evs":[0.0,-0.22019]},"J9s":{"weight":1.0,"played":[0.0,1.0],"evs":[0.0,0.56472]},"JTs":{"weight":1.0,"played":[0.0,1.0],"evs":[0.0,1.62226]},"JJ":{"weight":1.0,"played":[0.0,1.0],"evs":[0.0,12.436]},"QJo":{"weight":1.0,"played":[0.0,1.0],"evs":[0.0,0.467]},"KJo":{"weight":1.0,"played":[0.0,1.0],"evs":[0.0,1.13161]},"AJo":{"weight":1.0,"played":[0.0,1.0],"evs":[0.0,4.23827]},"Q2s":{"weight":1.0,"played":[1.0,0.0],"evs":[0.0,-2.22521]},"Q3s":{"weight":1.0,"played":[1.0,0.0],"evs":[0.0,-2.08129]},"Q4s":{"weight":1.0,"played":[1.0,0.0],"evs":[0.0,-1.73989]},"Q5s":{"weight":1.0,"played":[1.0,0.0],"evs":[0.0,-1.30758]},"Q6s":{"weight":1.0,"played":[1.0,0.0],"evs":[0.0,-1.00765]},"Q7s":{"weight":1.0,"played":[1.0,0.0],"evs":[0.0,-0.99646]},"Q8s":{"weight":1.0,"played":[0.9986,0.0014],"evs":[0.0,-0.29801]},"Q9s":{"weight":1.0,"played":[1.0E-4,0.9999],"evs":[0.0,0.55504]},"QTs":{"weight":1.0,"played":[0.0,1.0],"evs":[0.0,1.71665]},"QJs":{"weight":1.0,"played":[0.0,1.0],"evs":[0.0,2.42282]},"QQ":{"weight":1.0,"played":[0.0,1.0],"evs":[0.0,15.5936]},"KQo":{"weight":1.0,"played":[0.0,1.0],"evs":[0.0,2.2995]},"AQo":{"weight":1.0,"played":[0.0,1.0],"evs":[0.0,5.76631]},"K2s":{"weight":1.0,"played":[1.0,0.0],"evs":[0.0,-1.73838]},"K3s":{"weight":1.0,"played":[1.0,0.0],"evs":[0.0,-1.43488]},"K4s":{"weight":1.0,"played":[1.0,0.0],"evs":[0.0,-1.13603]},"K5s":{"weight":1.0,"played":[1.0,0.0],"evs":[0.0,-0.80775]},"K6s":{"weight":1.0,"played":[0.9999,1.0E-4],"evs":[0.0,-0.44182]},"K7s":{"weight":1.0,"played":[0.9979,0.0021],"evs":[0.0,-0.05356]},"K8s":{"weight":1.0,"played":[0.7511,0.2489],"evs":[0.0,0.05236]},"K9s":{"weight":1.0,"played":[0.0,1.0],"evs":[0.0,0.9298]},"KTs":{"weight":1.0,"played":[0.0,1.0],"evs":[0.0,2.42189]},"KJs":{"weight":1.0,"played":[0.0,1.0],"evs":[0.0,3.33114]},"KQs":{"weight":1.0,"played":[0.0,1.0],"evs":[0.0,4.40427]},"KK":{"weight":1.0,"played":[0.0,1.0],"evs":[0.0,19.37387]},"AKo":{"weight":1.0,"played":[0.0,1.0],"evs":[0.0,7.65913]},"A2s":{"weight":1.0,"played":[1.0,0.0],"evs":[0.0,-0.76091]},"A3s":{"weight":1.0,"played":[1.0,0.0],"evs":[0.0,-0.32507]},"A4s":{"weight":1.0,"played":[0.4797,0.5203],"evs":[0.0,0.03374]},"A5s":{"weight":1.0,"played":[0.0,1.0],"evs":[0.0,0.46458]},"A6s":{"weight":1.0,"played":[2.0E-4,0.9998],"evs":[0.0,0.3826]},"A7s":{"weight":1.0,"played":[0.0,1.0],"evs":[0.0,1.08042]},"A8s":{"weight":1.0,"played":[0.0,1.0],"evs":[0.0,1.82393]},"A9s":{"weight":1.0,"played":[0.0,1.0],"evs":[0.0,2.80674]},"ATs":{"weight":1.0,"played":[0.0,1.0],"evs":[0.0,4.88002]},"AJs":{"weight":1.0,"played":[0.0,1.0],"evs":[0.0,6.19006]},"AQs":{"weight":1.0,"played":[0.0,1.0],"evs":[0.0,7.79003]},"AKs":{"weight":1.0,"played":[0.0,1.0],"evs":[0.0,9.51894]},"AA":{"weight":1.0,"played":[0.0,1.0],"evs":[0.0,25.97018]}}}