{"player":3,"street":0,"children":2,"sequence":[{"player":0,"type":"F","amount":0,"street":0},{"player":1,"type":"F","amount":0,"street":0},{"player":2,"type":"F","amount":0,"street":0},{"player":3,"type":"C","amount":50000,"street":0},{"player":4,"type":"R","amount":875000,"street":0}],"actions":[{"type":"F","amount":0},{"type":"C","amount":775000}],"hands":{"22":{"weight":0.0,"played":[0.0,1.0],"evs":[0.0,4.81859]},"32o":{"weight":0.0,"played":[1.0,0.0],"evs":[0.0,-2.64901]},"42o":{"weight":0.0,"played":[1.0,0.0],"evs":[0.0,-2.28367]},"52o":{"weight":0.0,"played":[1.0,0.0],"evs":[0.0,-1.92156]},"62o":{"weight":0.0,"played":[1.0,0.0],"evs":[0.0,-2.42397]},"72o":{"weight":0.0,"played":[1.0,0.0],"evs":[0.0,-2.62767]},"82o":{"weight":0.0,"played":[1.0,0.0],"evs":[0.0,-2.10034]},"92o":{"weight":5.0E-4,"played":[1.0,0.0],"evs":[0.0,-1.86539]},"T2o":{"weight":0.8769,"played":[1.0,0.0],"evs":[0.0,-1.41861]},"J2o":{"weight":1.0,"played":[1.0,0.0],"evs":[0.0,-0.97128]},"Q2o":{"weight":1.0E-4,"played":[0.1037,0.8963],"evs":[0.0,0.07252]},"K2o":{"weight":0.0,"played":[0.0,1.0],"evs":[0.0,2.66713]},"A2o":{"weight":0.0,"played":[0.0,1.0],"evs":[0.0,5.74114]},"32s":{"weight":0.9996,"played":[1.0,0.0],"evs":[0.0,-1.39066]},"33":{"weight":0.0,"played":[0.0,1.0],"evs":[0.0,6.03177]},"43o":{"weight":0.0,"played":[1.0,0.0],"evs":[0.0,-1.68572]},"53o":{"weight":0.1747,"played":[1.0,0.0],"evs":[0.0,-1.31458]},"63o":{"weight":0.0,"played":[1.0,0.0],"evs":[0.0,-1.77905]},"73o":{"weight":1.0E-4,"played":[1.0,0.0],"evs":[0.0,-1.92089]},"83o":{"weight":0.0,"played":[1.0,0.0],"evs":[0.0,-1.96761]},"93o":{"weight":0.0041,"played":[1.0,0.0],"evs":[0.0,-1.61538]},"T3o":{"weight":1.0,"played":[1.0,0.0],"evs":[0.0,-1.1093]},"J3o":{"weight":0.509,"played":[1.0,0.0],"evs":[0.0,-0.62738]},"Q3o":{"weight":0.0,"played":[0.0059,0.9941],"evs":[0.0,0.36759]},"K3o":{"weight":0.0,"played":[0.0,1.0],"evs":[0.0,3.0054]},"A3o":{"weight":0.0,"played":[0.0,1.0],"evs":[0.0,6.03047]},"42s":{"weight":0.9988,"played":[1.0,0.0],"evs":[0.0,-0.94803]},"43s":{"weight":2.0E-4,"played":[0.992,0.008],"evs":[0.0,-0.28467]},"44":{"weight":0.0,"played":[0.0,1.0],"evs":[0.0,6.93017]},"54o":{"weight":0.2887,"played":[1.0,0.0],"evs":[0.0,-0.51879]},"64o":{"weight":0.9995,"played":[1.0,0.0],"evs":[0.0,-0.96576]},"74o":{"weight":0.5095,"played":[1.0,0.0],"evs":[0.0,-1.09034]},"84o":{"weight":0.0664,"played":[1.0,0.0],"evs":[0.0,-1.12755]},"94o":{"weight":0.0251,"played":[1.0,0.0],"evs":[0.0,-1.26825]},"T4o":{"weight":1.0,"played":[1.0,0.0],"evs":[0.0,-0.72911]},"J4o":{"weight":0.0052,"played":[0.9999,1.0E-4],"evs":[0.0,-0.38906]},"Q4o":{"weight":0.0,"played":[0.0,1.0],"evs":[0.0,0.72991]},"K4o":{"weight":0.0,"played":[0.0,1.0],"evs":[0.0,3.19263]},"A4o":{"weight":0.0,"played":[0.0,1.0],"evs":[0.0,6.20219]},"52s":{"weight":0.2895,"played":[0.9999,1.0E-4],"evs":[0.0,-0.63875]},"53s":{"weight":0.0,"played":[0.186,0.814],"evs":[0.0,0.04115]},"54s":{"weight":0.0,"played":[1.0E-4,0.9999],"evs":[0.0,0.70272]},"55":{"weight":0.0,"played":[0.0,1.0],"evs":[0.0,7.61909]},"65o":{"weight":1.0E-4,"played":[1.0,0.0],"evs":[0.0,-0.18783]},"75o":{"weight":0.3414,"played":[1.0,0.0],"evs":[0.0,-0.37855]},"85o":{"weight":0.9341,"played":[1.0,0.0],"evs":[0.0,-0.41835]},"95o":{"weight":0.9973,"played":[1.0,0.0],"evs":[0.0,-0.49775]},"T5o":{"weight":0.6339,"played":[1.0,0.0],"evs":[0.0,-0.50842]},"J5o":{"weight":1.0E-4,"played":[9.0E-4,0.9991],"evs":[0.0,0.01204]},"Q5o":{"weight":0.0,"played":[0.0,1.0],"evs":[0.0,1.06811]},"K5o":{"weight":0.0,"played":[0.0,1.0],"evs":[0.0,3.54195]},"A5o":{"weight":0.0,"played":[0.0,1.0],"evs":[0.0,6.49923]},"62s":{"weight":0.9993,"played":[1.0,0.0],"evs":[0.0,-1.00501]},"63s":{"weight":0.0035,"played":[0.9986,0.0014],"evs":[0.0,-0.43812]},"64s":{"weight":0.0,"played":[0.0,1.0],"evs":[0.0,0.36569]},"65s":{"weight":0.0,"played":[0.0,1.0],"evs":[0.0,0.91893]},"66":{"weight":1.0E-4,"played":[0.0,1.0],"evs":[0.0,8.26812]},"76o":{"weight":0.0,"played":[0.1423,0.8577],"evs":[0.0,0.03163]},"86o":{"weight":2.0E-4,"played":[0.0184,0.9816],"evs":[0.0,0.02302]},"96o":{"weight":2.0E-4,"played":[0.9991,9.0E-4],"evs":[0.0,-0.13139]},"T6o":{"weight":7.0E-4,"played":[0.4317,0.5683],"evs":[0.0,-0.06431]},"J6o":{"weight":0.0,"played":[0.0098,0.9902],"evs":[0.0,0.02766]},"Q6o":{"weight":0.0,"played":[0.0,1.0],"evs":[0.0,1.42303]},"K6o":{"weight":0.0,"played":[0.0,1.0],"evs":[0.0,3.99885]},"A6o":{"weight":0.0,"played":[0.0,1.0],"evs":[0.0,6.56008]},"72s":{"weight":0.9992,"played":[1.0,0.0],"evs":[0.0,-1.21993]},"73s":{"weight":0.8161,"played":[0.9999,1.0E-4],"evs":[0.0,-0.55551]},"74s":{"weight":0.0,"played":[0.001,0.999],"evs":[0.0,0.14123]},"75s":{"weight":7.0E-4,"played":[1.0E-4,0.9999],"evs":[0.0,0.74038]},"76s":{"weight":5.0E-4,"played":[0.0,1.0],"evs":[0.0,1.18361]},"77":{"weight":2.0E-4,"played":[0.0,1.0],"evs":[0.0,8.99901]},"87o":{"weight":0.0012,"played":[1.0E-4,0.9999],"evs":[0.0,0.49994]},"97o":{"weight":0.003,"played":[1.0E-4,0.9999],"evs":[0.0,0.41544]},"T7o":{"weight":0.001,"played":[0.0,1.0],"evs":[0.0,0.52987]},"J7o":{"weight":6.0E-4,"played":[0.0,1.0],"evs":[0.0,0.8515]},"Q7o":{"weight":0.0,"played":[0.0,1.0],"evs":[0.0,1.82589]},"K7o":{"weight":0.0,"played":[0.0,1.0],"evs":[0.0,4.45852]},"A7o":{"weight":0.0,"played":[0.0,1.0],"evs":[0.0,7.1342]},"82s":{"weight":0.9661,"played":[1.0,0.0],"evs":[0.0,-0.74553]},"83s":{"weight":0.9859,"played":[0.9998,2.0E-4],"evs":[0.0,-0.62916]},"84s":{"weight":0.0,"played":[9.0E-4,0.9991],"evs":[0.0,0.1975]},"85s":{"weight":0.0,"played":[0.0,1.0],"evs":[0.0,0.89286]},"86s":{"weight":0.0019,"played":[0.0,1.0],"evs":[0.0,1.30179]},"87s":{"weight":0.4504,"played":[0.0,1.0],"evs":[0.0,1.63124]},"88":{"weight":6.0E-4,"played":[0.0,1.0],"evs":[0.0,9.868]},"98o":{"weight":3.0E-4,"played":[0.0,1.0],"evs":[0.0,1.11136]},"T8o":{"weight":0.0028,"played":[0.0,1.0],"evs":[0.0,1.25524]},"J8o":{"weight":1.0E-4,"played":[0.0,1.0],"evs":[0.0,1.54771]},"Q8o":{"weight":0.0,"played":[0.0,1.0],"evs":[0.0,2.83674]},"K8o":{"weight":0.0,"played":[0.0,1.0],"evs":[0.0,5.0305]},"A8o":{"weight":0.0,"played":[0.0,1.0],"evs":[0.0,7.77793]},"92s":{"weight":2.0E-4,"played":[0.9999,1.0E-4],"evs":[0.0,-0.48442]},"93s":{"weight":1.0E-4,"played":[1.0,0.0],"evs":[0.0,-0.27448]},"94s":{"weight":0.0,"played":[0.0182,0.9818],"evs":[0.0,0.01325]},"95s":{"weight":0.0025,"played":[0.0,1.0],"evs":[0.0,0.68645]},"96s":{"weight":0.0,"played":[2.0E-4,0.9998],"evs":[0.0,1.13147]},"97s":{"weight":0.509,"played":[0.0,1.0],"evs":[0.0,1.70155]},"98s":{"weight":0.956,"played":[0.0,1.0],"evs":[0.0,2.13194]},"99":{"weight":0.0032,"played":[0.0,1.0],"evs":[0.0,10.5145]},"T9o":{"weight":1.0E-4,"played":[0.0,1.0],"evs":[0.0,1.98924]},"J9o":{"weight":6.0E-4,"played":[0.0,1.0],"evs":[0.0,2.31724]},"Q9o":{"weight":0.0,"played":[0.0,1.0],"evs":[0.0,3.839]},"K9o":{"weight":0.0,"played":[0.0,1.0],"evs":[0.0,6.00137]},"A9o":{"weight":0.0,"played":[0.0,1.0],"evs":[0.0,8.338]},"T2s":{"weight":5.0E-4,"played":[0.8274,0.1726],"evs":[0.0,-0.10413]},"T3s":{"weight":0.0,"played":[0.0082,0.9918],"evs":[0.0,0.2189]},"T4s":{"weight":0.0,"played":[5.0E-4,0.9995],"evs":[0.0,0.45813]},"T5s":{"weight":0.0,"played":[0.0,1.0],"evs":[0.0,0.75405]},"T6s":{"weight":0.0012,"played":[1.0E-4,0.9999],"evs":[0.0,1.30514]},"T7s":{"weight":0.778,"played":[0.0,1.0],"evs":[0.0,1.70381]},"T8s":{"weight":0.9997,"played":[0.0,1.0],"evs":[0.0,2.41233]},"T9s":{"weight":0.0077,"played":[0.0,1.0],"evs":[0.0,3.03333]},"TT":{"weight":0.0699,"played":[0.0,1.0],"evs":[0.0,11.14991]},"JTo":{"weight":3.0E-4,"played":[0.0,1.0],"evs":[0.0,3.39741]},"QTo":{"weight":0.0,"played":[0.0,1.0],"evs":[0.0,4.94439]},"KTo":{"weight":0.0,"played":[0.0,1.0],"evs":[0.0,7.00911]},"ATo":{"weight":0.0,"played":[0.0,1.0],"evs":[0.0,9.22835]},"J2s":{"weight":0.0,"played":[0.001,0.999],"evs":[0.0,0.21713]},"J3s":{"weight":0.0,"played":[4.0E-4,0.9996],"evs":[0.0,0.58514]},"J4s":{"weight":0.0,"played":[1.0E-4,0.9999],"evs":[0.0,0.80495]},"J5s":{"weight":0.0012,"played":[0.0,1.0],"evs":[0.0,1.09672]},"J6s":{"weight":0.002,"played":[0.0,1.0],"evs":[0.0,1.21924]},"J7s":{"weight":0.3061,"played":[0.0,1.0],"evs":[0.0,1.97728]},"J8s":{"weight":0.2619,"played":[0.0,1.0],"evs":[0.0,2.62158]},"J9s":{"weight":0.1062,"played":[0.0,1.0],"evs":[0.0,3.42447]},"JTs":{"weight":0.9832,"played":[0.0,1.0],"evs":[0.0,4.34165]},"JJ":{"weight":1.0,"played":[0.0,1.0],"evs":[0.0,11.68438]},"QJo":{"weight":0.0,"played":[0.0,1.0],"evs":[0.0,5.0555]},"KJo":{"weight":0.0,"played":[0.0,1.0],"evs":[0.0,7.30906]},"AJo":{"weight":0.0,"played":[0.0,1.0],"evs":[0.0,9.67657]},"Q2s":{"weight":0.0,"played":[0.0,1.0],"evs":[0.0,1.42148]},"Q3s":{"weight":0.0,"played":[0.0,1.0],"evs":[0.0,1.64299]},"Q4s":{"weight":0.0,"played":[0.0,1.0],"evs":[0.0,1.93511]},"Q5s":{"weight":0.0,"played":[0.0,1.0],"evs":[0.0,2.24434]},"Q6s":{"weight":4.0E-4,"played":[0.0,1.0],"evs":[0.0,2.55316]},"Q7s":{"weight":0.0,"played":[0.0,1.0],"evs":[0.0,2.85075]},"Q8s":{"weight":0.0,"played":[0.0,1.0],"evs":[0.0,3.77345]},"Q9s":{"weight":7.0E-4,"played":[0.0,1.0],"evs":[0.0,4.78327]},"QTs":{"weight":0.2824,"played":[0.0,1.0],"evs":[0.0,5.88239]},"QJs":{"weight":0.0028,"played":[0.0,1.0],"evs":[0.0,5.97338]},"QQ":{"weight":1.0,"played":[0.0,1.0],"evs":[0.0,13.15592]},"KQo":{"weight":0.0,"played":[0.0,1.0],"evs":[0.0,8.07889]},"AQo":{"weight":0.0,"played":[0.0,1.0],"evs":[0.0,10.76178]},"K2s":{"weight":0.0,"played":[0.0,1.0],"evs":[0.0,3.79902]},"K3s":{"weight":0.0,"played":[0.0,1.0],"evs":[0.0,4.06574]},"K4s":{"weight":0.0,"played":[0.0,1.0],"evs":[0.0,4.26968]},"K5s":{"weight":1.0E-4,"played":[0.0,1.0],"evs":[0.0,4.6005]},"K6s":{"weight":0.0,"played":[0.0,1.0],"evs":[0.0,4.8014]},"K7s":{"weight":0.0,"played":[0.0,1.0],"evs":[0.0,5.32598]},"K8s":{"weight":0.0,"played":[0.0,1.0],"evs":[0.0,5.93858]},"K9s":{"weight":0.0,"played":[0.0,1.0],"evs":[0.0,6.94001]},"KTs":{"weight":0.0,"played":[0.0,1.0],"evs":[0.0,7.90782]},"KJs":{"weight":0.0,"played":[0.0,1.0],"evs":[0.0,8.07914]},"KQs":{"weight":0.0,"played":[0.0,1.0],"evs":[0.0,8.67458]},"KK":{"weight":1.0,"played":[0.0,1.0],"evs":[0.0,15.30359]},"AKo":{"weight":0.0,"played":[0.0,1.0],"evs":[0.0,11.824]},"A2s":{"weight":0.0,"played":[0.0,1.0],"evs":[0.0,6.61264]},"A3s":{"weight":0.0,"played":[0.0,1.0],"evs":[0.0,6.86192]},"A4s":{"weight":0.0,"played":[0.0,1.0],"evs":[0.0,7.08911]},"A5s":{"weight":0.0,"played":[0.0,1.0],"evs":[0.0,7.26645]},"A6s":{"weight":0.0,"played":[0.0,1.0],"evs":[0.0,7.41674]},"A7s":{"weight":0.0,"played":[0.0,1.0],"evs":[0.0,7.94135]},"A8s":{"weight":0.0,"played":[0.0,1.0],"evs":[0.0,8.35311]},"A9s":{"weight":0.0,"played":[0.0,1.0],"evs":[0.0,9.09121]},"ATs":{"weight":0.0,"played":[0.0,1.0],"evs":[0.0,9.69138]},"AJs":{"weight":0.0,"played":[0.0,1.0],"evs":[0.0,10.31896]},"AQs":{"weight":0.0,"played":[0.0,1.0],"evs":[0.0,11.32831]},"AKs":{"weight":0.0,"played":[0.0,1.0],"evs":[0.0,12.3063]},"AA":{"weight":1.0,"played":[0.0,1.0],"evs":[0.0,17.68197]}}}