{"player":5,"street":0,"children":2,"sequence":[{"player":0,"type":"F","amount":0,"street":0},{"player":1,"type":"F","amount":0,"street":0},{"player":2,"type":"F","amount":0,"street":0},{"player":3,"type":"R","amount":1145000,"street":0},{"player":4,"type":"C","amount":805000,"street":0}],"actions":[{"type":"F","amount":0},{"type":"C","amount":1045000}],"hands":{"22":{"weight":1.0,"played":[0.0,1.0],"evs":[0.0,2.07915]},"32o":{"weight":1.0,"played":[1.0,0.0],"evs":[0.0,-3.45517]},"42o":{"weight":1.0,"played":[1.0,0.0],"evs":[0.0,-3.11442]},"52o":{"weight":1.0,"played":[1.0,0.0],"evs":[0.0,-2.79778]},"62o":{"weight":1.0,"played":[1.0,0.0],"evs":[0.0,-3.33669]},"72o":{"weight":1.0,"played":[1.0,0.0],"evs":[0.0,-3.88974]},"82o":{"weight":1.0,"played":[1.0,0.0],"evs":[0.0,-3.49468]},"92o":{"weight":1.0,"played":[1.0,0.0],"evs":[0.0,-3.39413]},"T2o":{"weight":1.0,"played":[1.0,0.0],"evs":[0.0,-3.09438]},"J2o":{"weight":1.0,"played":[1.0,0.0],"evs":[0.0,-2.6138]},"Q2o":{"weight":1.0,"played":[1.0,0.0],"evs":[0.0,-2.28885]},"K2o":{"weight":1.0,"played":[1.0,0.0],"evs":[0.0,-1.58486]},"A2o":{"weight":1.0,"played":[0.0,1.0],"evs":[0.0,0.25647]},"32s":{"weight":1.0,"played":[1.0,0.0],"evs":[0.0,-1.46478]},"33":{"weight":1.0,"played":[0.0,1.0],"evs":[0.0,2.8719]},"43o":{"weight":1.0,"played":[1.0,0.0],"evs":[0.0,-2.35909]},"53o":{"weight":1.0,"played":[1.0,0.0],"evs":[0.0,-2.01177]},"63o":{"weight":1.0,"played":[1.0,0.0],"evs":[0.0,-2.53246]},"73o":{"weight":1.0,"played":[1.0,0.0],"evs":[0.0,-3.10412]},"83o":{"weight":1.0,"played":[1.0,0.0],"evs":[0.0,-3.4516]},"93o":{"weight":1.0,"played":[1.0,0.0],"evs":[0.0,-3.21309]},"T3o":{"weight":1.0,"played":[1.0,0.0],"evs":[0.0,-2.91783]},"J3o":{"weight":1.0,"played":[1.0,0.0],"evs":[0.0,-2.43202]},"Q3o":{"weight":1.0,"played":[1.0,0.0],"evs":[0.0,-2.12203]},"K3o":{"weight":1.0,"played":[1.0,0.0],"evs":[0.0,-1.39249]},"A3o":{"weight":1.0,"played":[0.0,1.0],"evs":[0.0,0.57006]},"42s":{"weight":1.0,"played":[1.0,0.0],"evs":[0.0,-1.15432]},"43s":{"weight":1.0,"played":[1.0,0.0],"evs":[0.0,-0.44809]},"44":{"weight":1.0,"played":[0.0,1.0],"evs":[0.0,3.82939]},"54o":{"weight":1.0,"played":[1.0,0.0],"evs":[0.0,-1.15629]},"64o":{"weight":1.0,"played":[1.0,0.0],"evs":[0.0,-1.62307]},"74o":{"weight":1.0,"played":[1.0,0.0],"evs":[0.0,-2.22092]},"84o":{"weight":1.0,"played":[1.0,0.0],"evs":[0.0,-2.55361]},"94o":{"weight":1.0,"played":[1.0,0.0],"evs":[0.0,-3.03226]},"T4o":{"weight":1.0,"played":[1.0,0.0],"evs":[0.0,-2.58382]},"J4o":{"weight":1.0,"played":[1.0,0.0],"evs":[0.0,-2.11744]},"Q4o":{"weight":1.0,"played":[1.0,0.0],"evs":[0.0,-1.78655]},"K4o":{"weight":1.0,"played":[1.0,0.0],"evs":[0.0,-1.04056]},"A4o":{"weight":1.0,"played":[0.0,1.0],"evs":[0.0,0.94017]},"52s":{"weight":1.0,"played":[1.0,0.0],"evs":[0.0,-0.84164]},"53s":{"weight":1.0,"played":[0.9976,0.0024],"evs":[0.0,-0.0996]},"54s":{"weight":1.0,"played":[0.0,1.0],"evs":[0.0,0.73944]},"55":{"weight":1.0,"played":[0.0,1.0],"evs":[0.0,4.81022]},"65o":{"weight":1.0,"played":[1.0,0.0],"evs":[0.0,-0.83143]},"75o":{"weight":1.0,"played":[1.0,0.0],"evs":[0.0,-1.33459]},"85o":{"weight":1.0,"played":[1.0,0.0],"evs":[0.0,-1.66752]},"95o":{"weight":1.0,"played":[1.0,0.0],"evs":[0.0,-2.11363]},"T5o":{"weight":1.0,"played":[1.0,0.0],"evs":[0.0,-2.38088]},"J5o":{"weight":1.0,"played":[1.0,0.0],"evs":[0.0,-1.77267]},"Q5o":{"weight":1.0,"played":[1.0,0.0],"evs":[0.0,-1.43843]},"K5o":{"weight":1.0,"played":[1.0,0.0],"evs":[0.0,-0.69361]},"A5o":{"weight":1.0,"played":[0.0,1.0],"evs":[0.0,1.42391]},"62s":{"weight":1.0,"played":[1.0,0.0],"evs":[0.0,-1.30523]},"63s":{"weight":1.0,"played":[1.0,0.0],"evs":[0.0,-0.59609]},"64s":{"weight":1.0,"played":[6.0E-4,0.9994],"evs":[0.0,0.26907]},"65s":{"weight":1.0,"played":[0.0,1.0],"evs":[0.0,1.02747]},"66":{"weight":1.0,"played":[0.0,1.0],"evs":[0.0,5.72594]},"76o":{"weight":1.0,"played":[1.0,0.0],"evs":[0.0,-0.58766]},"86o":{"weight":1.0,"played":[1.0,0.0],"evs":[0.0,-0.874]},"96o":{"weight":1.0,"played":[1.0,0.0],"evs":[0.0,-1.30251]},"T6o":{"weight":1.0,"played":[1.0,0.0],"evs":[0.0,-1.55772]},"J6o":{"weight":1.0,"played":[1.0,0.0],"evs":[0.0,-1.65279]},"Q6o":{"weight":1.0,"played":[1.0,0.0],"evs":[0.0,-1.17137]},"K6o":{"weight":1.0,"played":[1.0,0.0],"evs":[0.0,-0.37003]},"A6o":{"weight":1.0,"played":[0.0,1.0],"evs":[0.0,1.38675]},"72s":{"weight":1.0,"played":[1.0,0.0],"evs":[0.0,-1.80011]},"73s":{"weight":1.0,"played":[1.0,0.0],"evs":[0.0,-1.11729]},"74s":{"weight":1.0,"played":[0.9998,2.0E-4],"evs":[0.0,-0.25338]},"75s":{"weight":1.0,"played":[0.0,1.0],"evs":[0.0,0.59924]},"76s":{"weight":1.0,"played":[0.0,1.0],"evs":[0.0,1.28189]},"77":{"weight":1.0,"played":[0.0,1.0],"evs":[0.0,6.68786]},"87o":{"weight":1.0,"played":[1.0,0.0],"evs":[0.0,-0.3119]},"97o":{"weight":1.0,"played":[1.0,0.0],"evs":[0.0,-0.69581]},"T7o":{"weight":1.0,"played":[1.0,0.0],"evs":[0.0,-0.93549]},"J7o":{"weight":1.0,"played":[1.0,0.0],"evs":[0.0,-1.02345]},"Q7o":{"weight":1.0,"played":[1.0,0.0],"evs":[0.0,-1.13919]},"K7o":{"weight":1.0,"played":[0.9999,1.0E-4],"evs":[0.0,-0.11787]},"A7o":{"weight":1.0,"played":[0.0,1.0],"evs":[0.0,2.24809]},"82s":{"weight":1.0,"played":[1.0,0.0],"evs":[0.0,-1.44536]},"83s":{"weight":1.0,"played":[1.0,0.0],"evs":[0.0,-1.43176]},"84s":{"weight":1.0,"played":[1.0,0.0],"evs":[0.0,-0.54625]},"85s":{"weight":1.0,"played":[0.0,1.0],"evs":[0.0,0.26311]},"86s":{"weight":1.0,"played":[0.0,1.0],"evs":[0.0,1.02681]},"87s":{"weight":1.0,"played":[0.0,1.0],"evs":[0.0,1.50294]},"88":{"weight":1.0,"played":[0.0,1.0],"evs":[0.0,7.92557]},"98o":{"weight":1.0,"played":[0.0083,0.9917],"evs":[0.0,0.02357]},"T8o":{"weight":1.0,"played":[0.9999,1.0E-4],"evs":[0.0,-0.08017]},"J8o":{"weight":1.0,"played":[1.0,0.0],"evs":[0.0,-0.15475]},"Q8o":{"weight":1.0,"played":[1.0,0.0],"evs":[0.0,-0.31509]},"K8o":{"weight":1.0,"played":[0.0,1.0],"evs":[0.0,0.28578]},"A8o":{"weight":1.0,"played":[0.0,1.0],"evs":[0.0,3.22052]},"92s":{"weight":1.0,"played":[1.0,0.0],"evs":[0.0,-1.35121]},"93s":{"weight":1.0,"played":[1.0,0.0],"evs":[0.0,-1.19371]},"94s":{"weight":1.0,"played":[1.0,0.0],"evs":[0.0,-0.96993]},"95s":{"weight":1.0,"played":[1.0,0.0],"evs":[0.0,-0.21974]},"96s":{"weight":1.0,"played":[0.0,1.0],"evs":[0.0,0.60668]},"97s":{"weight":1.0,"played":[0.0,1.0],"evs":[0.0,1.13104]},"98s":{"weight":1.0,"played":[0.0,1.0],"evs":[0.0,1.83385]},"99":{"weight":1.0,"played":[0.0,1.0],"evs":[0.0,9.5193]},"T9o":{"weight":1.0,"played":[0.0,1.0],"evs":[0.0,0.67807]},"J9o":{"weight":1.0,"played":[0.0,1.0],"evs":[0.0,0.6623]},"Q9o":{"weight":1.0,"played":[0.0,1.0],"evs":[0.0,0.63306]},"K9o":{"weight":1.0,"played":[0.0,1.0],"evs":[0.0,1.41319]},"A9o":{"weight":1.0,"played":[0.0,1.0],"evs":[0.0,4.38353]},"T2s":{"weight":1.0,"played":[1.0,0.0],"evs":[0.0,-1.06737]},"T3s":{"weight":1.0,"played":[1.0,0.0],"evs":[0.0,-0.93435]},"T4s":{"weight":1.0,"played":[1.0,0.0],"evs":[0.0,-0.60754]},"T5s":{"weight":1.0,"played":[1.0,0.0],"evs":[0.0,-0.39707]},"T6s":{"weight":1.0,"played":[0.0,1.0],"evs":[0.0,0.37913]},"T7s":{"weight":1.0,"played":[0.0,1.0],"evs":[0.0,0.9135]},"T8s":{"weight":1.0,"played":[0.0,1.0],"evs":[0.0,1.73557]},"T9s":{"weight":1.0,"played":[0.0,1.0],"evs":[0.0,2.49026]},"TT":{"weight":1.0,"played":[0.0,1.0],"evs":[0.0,11.66098]},"JTo":{"weight":1.0,"played":[0.0,1.0],"evs":[0.0,1.77299]},"QTo":{"weight":1.0,"played":[0.0,1.0],"evs":[0.0,1.981]},"KTo":{"weight":1.0,"played":[0.0,1.0],"evs":[0.0,2.9397]},"ATo":{"weight":1.0,"played":[0.0,1.0],"evs":[0.0,6.44728]},"J2s":{"weight":1.0,"played":[1.0,0.0],"evs":[0.0,-0.61636]},"J3s":{"weight":1.0,"played":[1.0,0.0],"evs":[0.0,-0.44508]},"J4s":{"weight":1.0,"played":[1.0,0.0],"evs":[0.0,-0.17153]},"J5s":{"weight":1.0,"played":[2.0E-4,0.9998],"evs":[0.0,0.18776]},"J6s":{"weight":1.0,"played":[0.0,1.0],"evs":[0.0,0.29312]},"J7s":{"weight":1.0,"played":[0.0,1.0],"evs":[0.0,0.88852]},"J8s":{"weight":1.0,"played":[0.0,1.0],"evs":[0.0,1.67655]},"J9s":{"weight":1.0,"played":[0.0,1.0],"evs":[0.0,2.42153]},"JTs":{"weight":1.0,"played":[0.0,1.0],"evs":[0.0,3.45663]},"JJ":{"weight":1.0,"played":[0.0,1.0],"evs":[0.0,13.72003]},"QJo":{"weight":1.0,"played":[0.0,1.0],"evs":[0.0,2.70949]},"KJo":{"weight":1.0,"played":[0.0,1.0],"evs":[0.0,3.83246]},"AJo":{"weight":1.0,"played":[0.0,1.0],"evs":[0.0,7.76656]},"Q2s":{"weight":1.0,"played":[1.0,0.0],"evs":[0.0,-0.24704]},"Q3s":{"weight":1.0,"played":[0.996,0.004],"evs":[0.0,-0.12517]},"Q4s":{"weight":1.0,"played":[0.0,1.0],"evs":[0.0,0.20566]},"Q5s":{"weight":1.0,"played":[0.0,1.0],"evs":[0.0,0.49212]},"Q6s":{"weight":1.0,"played":[0.0,1.0],"evs":[0.0,0.76959]},"Q7s":{"weight":1.0,"played":[0.0,1.0],"evs":[0.0,0.80629]},"Q8s":{"weight":1.0,"played":[0.0,1.0],"evs":[0.0,1.56832]},"Q9s":{"weight":1.0,"played":[0.0,1.0],"evs":[0.0,2.45054]},"QTs":{"weight":1.0,"played":[0.0,1.0],"evs":[0.0,3.74721]},"QJs":{"weight":1.0,"played":[0.0,1.0],"evs":[0.0,4.38329]},"QQ":{"weight":1.0,"played":[0.0,1.0],"evs":[0.0,15.9908]},"KQo":{"weight":1.0,"played":[0.0,1.0],"evs":[0.0,4.76278]},"AQo":{"weight":1.0,"played":[0.0,1.0],"evs":[0.0,9.19339]},"K2s":{"weight":1.0,"played":[0.0,1.0],"evs":[0.0,0.47841]},"K3s":{"weight":1.0,"played":[0.0,1.0],"evs":[0.0,0.61924]},"K4s":{"weight":1.0,"played":[0.0,1.0],"evs":[0.0,0.92261]},"K5s":{"weight":1.0,"played":[0.0,1.0],"evs":[0.0,1.2604]},"K6s":{"weight":1.0,"played":[0.0,1.0],"evs":[0.0,1.59817]},"K7s":{"weight":1.0,"played":[0.0,1.0],"evs":[0.0,1.84199]},"K8s":{"weight":1.0,"played":[0.0,1.0],"evs":[0.0,2.14288]},"K9s":{"weight":1.0,"played":[0.0,1.0],"evs":[0.0,3.21058]},"KTs":{"weight":1.0,"played":[0.0,1.0],"evs":[0.0,4.6969]},"KJs":{"weight":1.0,"played":[0.0,1.0],"evs":[0.0,5.5207]},"KQs":{"weight":1.0,"played":[0.0,1.0],"evs":[0.0,6.37419]},"KK":{"weight":1.0,"played":[0.0,1.0],"evs":[0.0,19.05369]},"AKo":{"weight":1.0,"played":[0.0,1.0],"evs":[0.0,10.98686]},"A2s":{"weight":1.0,"played":[0.0,1.0],"evs":[0.0,2.20665]},"A3s":{"weight":1.0,"played":[0.0,1.0],"evs":[0.0,2.59617]},"A4s":{"weight":1.0,"played":[0.0,1.0],"evs":[0.0,2.85767]},"A5s":{"weight":1.0,"played":[0.0,1.0],"evs":[0.0,3.31484]},"A6s":{"weight":1.0,"played":[0.0,1.0],"evs":[0.0,3.33145]},"A7s":{"weight":1.0,"played":[0.0,1.0],"evs":[0.0,4.14992]},"A8s":{"weight":1.0,"played":[0.0,1.0],"evs":[0.0,5.04398]},"A9s":{"weight":1.0,"played":[0.0,1.0],"evs":[0.0,6.0651]},"ATs":{"weight":1.0,"played":[0.0,1.0],"evs":[0.0,8.06577]},"AJs":{"weight":1.0,"played":[0.0,1.0],"evs":[0.0,9.28263]},"AQs":{"weight":1.0,"played":[0.0,1.0],"evs":[0.0,10.61281]},"AKs":{"weight":1.0,"played":[0.0,1.0],"evs":[0.0,12.28419]},"AA":{"weight":1.0,"played":[0.0,1.0],"evs":[0.0,25.15739]}}}