{"player":4,"street":0,"children":2,"sequence":[{"player":0,"type":"F","amount":0,"street":0},{"player":1,"type":"F","amount":0,"street":0},{"player":2,"type":"R","amount":955000,"street":0},{"player":3,"type":"F","amount":0,"street":0}],"actions":[{"type":"F","amount":0,"node":15},{"type":"C","amount":805000,"node":16}],"hands":{"22":{"weight":1.0,"played":[1.0,0.0],"evs":[0.0,-0.51566]},"32o":{"weight":1.0,"played":[1.0,0.0],"evs":[0.0,-4.31742]},"42o":{"weight":1.0,"played":[1.0,0.0],"evs":[0.0,-4.12005]},"52o":{"weight":1.0,"played":[1.0,0.0],"evs":[0.0,-3.91742]},"62o":{"weight":1.0,"played":[1.0,0.0],"evs":[0.0,-4.26361]},"72o":{"weight":1.0,"played":[1.0,0.0],"evs":[0.0,-4.48738]},"82o":{"weight":1.0,"played":[1.0,0.0],"evs":[0.0,-4.32273]},"92o":{"weight":1.0,"played":[1.0,0.0],"evs":[0.0,-4.2213]},"T2o":{"weight":1.0,"played":[1.0,0.0],"evs":[0.0,-3.97808]},"J2o":{"weight":1.0,"played":[1.0,0.0],"evs":[0.0,-3.6901]},"Q2o":{"weight":1.0,"played":[1.0,0.0],"evs":[0.0,-3.29391]},"K2o":{"weight":1.0,"played":[1.0,0.0],"evs":[0.0,-2.71858]},"A2o":{"weight":1.0,"played":[1.0,0.0],"evs":[0.0,-0.82741]},"32s":{"weight":1.0,"played":[1.0,0.0],"evs":[0.0,-3.07207]},"33":{"weight":1.0,"played":[1.0E-4,0.9999],"evs":[0.0,0.05287]},"43o":{"weight":1.0,"played":[1.0,0.0],"evs":[0.0,-3.61727]},"53o":{"weight":1.0,"played":[1.0,0.0],"evs":[0.0,-3.3904]},"63o":{"weight":1.0,"played":[1.0,0.0],"evs":[0.0,-3.72531]},"73o":{"weight":1.0,"played":[1.0,0.0],"evs":[0.0,-3.95782]},"83o":{"weight":1.0,"played":[1.0,0.0],"evs":[0.0,-4.22884]},"93o":{"weight":1.0,"played":[1.0,0.0],"evs":[0.0,-4.054]},"T3o":{"weight":1.0,"played":[1.0,0.0],"evs":[0.0,-3.79634]},"J3o":{"weight":1.0,"played":[1.0,0.0],"evs":[0.0,-3.5047]},"Q3o":{"weight":1.0,"played":[1.0,0.0],"evs":[0.0,-3.10014]},"K3o":{"weight":1.0,"played":[1.0,0.0],"evs":[0.0,-2.52969]},"A3o":{"weight":1.0,"played":[1.0,0.0],"evs":[0.0,-0.61366]},"42s":{"weight":1.0,"played":[1.0,0.0],"evs":[0.0,-2.88012]},"43s":{"weight":1.0,"played":[1.0,0.0],"evs":[0.0,-2.41288]},"44":{"weight":1.0,"played":[0.0,1.0],"evs":[0.0,0.63548]},"54o":{"weight":1.0,"played":[1.0,0.0],"evs":[0.0,-2.89495]},"64o":{"weight":1.0,"played":[1.0,0.0],"evs":[0.0,-3.19546]},"74o":{"weight":1.0,"played":[1.0,0.0],"evs":[0.0,-3.43144]},"84o":{"weight":1.0,"played":[1.0,0.0],"evs":[0.0,-3.69449]},"94o":{"weight":1.0,"played":[1.0,0.0],"evs":[0.0,-3.94778]},"T4o":{"weight":1.0,"played":[1.0,0.0],"evs":[0.0,-3.60126]},"J4o":{"weight":1.0,"played":[1.0,0.0],"evs":[0.0,-3.31744]},"Q4o":{"weight":1.0,"played":[1.0,0.0],"evs":[0.0,-2.91583]},"K4o":{"weight":1.0,"played":[1.0,0.0],"evs":[0.0,-2.34111]},"A4o":{"weight":1.0,"played":[1.0,0.0],"evs":[0.0,-0.39523]},"52s":{"weight":1.0,"played":[1.0,0.0],"evs":[0.0,-2.69227]},"53s":{"weight":1.0,"played":[1.0,0.0],"evs":[0.0,-2.18567]},"54s":{"weight":1.0,"played":[1.0,0.0],"evs":[0.0,-1.73654]},"55":{"weight":1.0,"played":[0.0,1.0],"evs":[0.0,1.30164]},"65o":{"weight":1.0,"played":[1.0,0.0],"evs":[0.0,-2.71477]},"75o":{"weight":1.0,"played":[1.0,0.0],"evs":[0.0,-2.89721]},"85o":{"weight":1.0,"played":[1.0,0.0],"evs":[0.0,-3.15484]},"95o":{"weight":1.0,"played":[1.0,0.0],"evs":[0.0,-3.40933]},"T5o":{"weight":1.0,"played":[1.0,0.0],"evs":[0.0,-3.47535]},"J5o":{"weight":1.0,"played":[1.0,0.0],"evs":[0.0,-3.1206]},"Q5o":{"weight":1.0,"played":[1.0,0.0],"evs":[0.0,-2.70742]},"K5o":{"weight":1.0,"played":[1.0,0.0],"evs":[0.0,-2.11443]},"A5o":{"weight":1.0,"played":[1.0,0.0],"evs":[0.0,-0.06018]},"62s":{"weight":1.0,"played":[1.0,0.0],"evs":[0.0,-3.01407]},"63s":{"weight":1.0,"played":[1.0,0.0],"evs":[0.0,-2.49924]},"64s":{"weight":1.0,"played":[1.0,0.0],"evs":[0.0,-2.01489]},"65s":{"weight":1.0,"played":[1.0,0.0],"evs":[0.0,-1.55734]},"66":{"weight":1.0,"played":[0.0,1.0],"evs":[0.0,1.89921]},"76o":{"weight":1.0,"played":[1.0,0.0],"evs":[0.0,-2.4356]},"86o":{"weight":1.0,"played":[1.0,0.0],"evs":[0.0,-2.65219]},"96o":{"weight":1.0,"played":[1.0,0.0],"evs":[0.0,-2.89522]},"T6o":{"weight":1.0,"played":[1.0,0.0],"evs":[0.0,-2.97955]},"J6o":{"weight":1.0,"played":[1.0,0.0],"evs":[0.0,-3.01799]},"Q6o":{"weight":1.0,"played":[1.0,0.0],"evs":[0.0,-2.5329]},"K6o":{"weight":1.0,"played":[1.0,0.0],"evs":[0.0,-1.90159]},"A6o":{"weight":1.0,"played":[0.9993,7.0E-4],"evs":[0.0,-0.03229]},"72s":{"weight":1.0,"played":[1.0,0.0],"evs":[0.0,-3.20936]},"73s":{"weight":1.0,"played":[1.0,0.0],"evs":[0.0,-2.73665]},"74s":{"weight":1.0,"played":[1.0,0.0],"evs":[0.0,-2.23645]},"75s":{"weight":1.0,"played":[1.0,0.0],"evs":[0.0,-1.73946]},"76s":{"weight":1.0,"played":[1.0,0.0],"evs":[0.0,-1.29848]},"77":{"weight":1.0,"played":[0.0,1.0],"evs":[0.0,2.5441]},"87o":{"weight":1.0,"played":[1.0,0.0],"evs":[0.0,-2.20461]},"97o":{"weight":1.0,"played":[1.0,0.0],"evs":[0.0,-2.41564]},"T7o":{"weight":1.0,"played":[1.0,0.0],"evs":[0.0,-2.50469]},"J7o":{"weight":1.0,"played":[1.0,0.0],"evs":[0.0,-2.54508]},"Q7o":{"weight":1.0,"played":[1.0,0.0],"evs":[0.0,-2.47447]},"K7o":{"weight":1.0,"played":[1.0,0.0],"evs":[0.0,-1.72843]},"A7o":{"weight":1.0,"played":[0.0,1.0],"evs":[0.0,0.48005]},"82s":{"weight":1.0,"played":[1.0,0.0],"evs":[0.0,-3.04245]},"83s":{"weight":1.0,"played":[1.0,0.0],"evs":[0.0,-2.97145]},"84s":{"weight":1.0,"played":[1.0,0.0],"evs":[0.0,-2.48489]},"85s":{"weight":1.0,"played":[1.0,0.0],"evs":[0.0,-1.96341]},"86s":{"weight":1.0,"played":[1.0,0.0],"evs":[0.0,-1.49052]},"87s":{"weight":1.0,"played":[1.0,0.0],"evs":[0.0,-1.08502]},"88":{"weight":1.0,"played":[0.0,1.0],"evs":[0.0,3.33756]},"98o":{"weight":1.0,"played":[1.0,0.0],"evs":[0.0,-2.02371]},"T8o":{"weight":1.0,"played":[1.0,0.0],"evs":[0.0,-2.01575]},"J8o":{"weight":1.0,"played":[1.0,0.0],"evs":[0.0,-2.06577]},"Q8o":{"weight":1.0,"played":[1.0,0.0],"evs":[0.0,-1.9545]},"K8o":{"weight":1.0,"played":[1.0,0.0],"evs":[0.0,-1.5331]},"A8o":{"weight":1.0,"played":[0.0,1.0],"evs":[0.0,1.12613]},"92s":{"weight":1.0,"played":[1.0,0.0],"evs":[0.0,-2.97172]},"93s":{"weight":1.0,"played":[1.0,0.0],"evs":[0.0,-2.79121]},"94s":{"weight":1.0,"played":[1.0,0.0],"evs":[0.0,-2.71098]},"95s":{"weight":1.0,"played":[1.0,0.0],"evs":[0.0,-2.2054]},"96s":{"weight":1.0,"played":[1.0,0.0],"evs":[0.0,-1.72611]},"97s":{"weight":1.0,"played":[1.0,0.0],"evs":[0.0,-1.28416]},"98s":{"weight":1.0,"played":[1.0,0.0],"evs":[0.0,-0.89782]},"99":{"weight":1.0,"played":[0.0,1.0],"evs":[0.0,4.31196]},"T9o":{"weight":1.0,"played":[1.0,0.0],"evs":[0.0,-1.51461]},"J9o":{"weight":1.0,"played":[1.0,0.0],"evs":[0.0,-1.56341]},"Q9o":{"weight":1.0,"played":[1.0,0.0],"evs":[0.0,-1.40331]},"K9o":{"weight":1.0,"played":[1.0,0.0],"evs":[0.0,-0.82183]},"A9o":{"weight":1.0,"played":[0.0,1.0],"evs":[0.0,1.85527]},"T2s":{"weight":1.0,"played":[1.0,0.0],"evs":[0.0,-2.71622]},"T3s":{"weight":1.0,"played":[1.0,0.0],"evs":[0.0,-2.55302]},"T4s":{"weight":1.0,"played":[1.0,0.0],"evs":[0.0,-2.38307]},"T5s":{"weight":1.0,"played":[1.0,0.0],"evs":[0.0,-2.25579]},"T6s":{"weight":1.0,"played":[1.0,0.0],"evs":[0.0,-1.80764]},"T7s":{"weight":1.0,"played":[1.0,0.0],"evs":[0.0,-1.34429]},"T8s":{"weight":1.0,"played":[1.0,0.0],"evs":[0.0,-0.90066]},"T9s":{"weight":1.0,"played":[1.0,0.0],"evs":[0.0,-0.43302]},"TT":{"weight":1.0,"played":[0.0,1.0],"evs":[0.0,5.70058]},"JTo":{"weight":1.0,"played":[1.0,0.0],"evs":[0.0,-0.6698]},"QTo":{"weight":1.0,"played":[1.0,0.0],"evs":[0.0,-0.41987]},"KTo":{"weight":1.0,"played":[0.0,1.0],"evs":[0.0,0.32712]},"ATo":{"weight":1.0,"played":[0.0,1.0],"evs":[0.0,3.19632]},"J2s":{"weight":1.0,"played":[1.0,0.0],"evs":[0.0,-2.42269]},"J3s":{"weight":1.0,"played":[1.0,0.0],"evs":[0.0,-2.27052]},"J4s":{"weight":1.0,"played":[1.0,0.0],"evs":[0.0,-2.10745]},"J5s":{"weight":1.0,"played":[1.0,0.0],"evs":[0.0,-1.90465]},"J6s":{"weight":1.0,"played":[1.0,0.0],"evs":[0.0,-1.82592]},"J7s":{"weight":1.0,"played":[1.0,0.0],"evs":[0.0,-1.39462]},"J8s":{"weight":1.0,"played":[1.0,0.0],"evs":[0.0,-0.94197]},"J9s":{"weight":1.0,"played":[1.0,0.0],"evs":[0.0,-0.47284]},"JTs":{"weight":1.0,"played":[0.0,1.0],"evs":[0.0,0.37373]},"JJ":{"weight":1.0,"played":[0.0,1.0],"evs":[0.0,6.93704]},"QJo":{"weight":1.0,"played":[0.0,1.0],"evs":[0.0,0.07488]},"KJo":{"weight":1.0,"played":[0.0,1.0],"evs":[0.0,0.8719]},"AJo":{"weight":1.0,"played":[0.0,1.0],"evs":[0.0,3.95232]},"Q2s":{"weight":1.0,"played":[1.0,0.0],"evs":[0.0,-2.02313]},"Q3s":{"weight":1.0,"played":[1.0,0.0],"evs":[0.0,-1.87243]},"Q4s":{"weight":1.0,"played":[1.0,0.0],"evs":[0.0,-1.69742]},"Q5s":{"weight":1.0,"played":[1.0,0.0],"evs":[0.0,-1.51409]},"Q6s":{"weight":1.0,"played":[1.0,0.0],"evs":[0.0,-1.34444]},"Q7s":{"weight":1.0,"played":[1.0,0.0],"evs":[0.0,-1.27961]},"Q8s":{"weight":1.0,"played":[1.0,0.0],"evs":[0.0,-0.8222]},"Q9s":{"weight":1.0,"played":[1.0,0.0],"evs":[0.0,-0.29912]},"QTs":{"weight":1.0,"played":[0.0,1.0],"evs":[0.0,0.61339]},"QJs":{"weight":1.0,"played":[0.0,1.0],"evs":[0.0,1.06685]},"QQ":{"weight":1.0,"played":[0.0,1.0],"evs":[0.0,8.23143]},"KQo":{"weight":1.0,"played":[0.0,1.0],"evs":[0.0,1.48574]},"AQo":{"weight":1.0,"played":[0.0,1.0],"evs":[0.0,4.77212]},"K2s":{"weight":1.0,"played":[1.0,0.0],"evs":[0.0,-1.46552]},"K3s":{"weight":1.0,"played":[1.0,0.0],"evs":[0.0,-1.30075]},"K4s":{"weight":1.0,"played":[1.0,0.0],"evs":[0.0,-1.12486]},"K5s":{"weight":1.0,"played":[1.0,0.0],"evs":[0.0,-0.9129]},"K6s":{"weight":1.0,"played":[1.0,0.0],"evs":[0.0,-0.73164]},"K7s":{"weight":1.0,"played":[1.0,0.0],"evs":[0.0,-0.57821]},"K8s":{"weight":1.0,"played":[1.0,0.0],"evs":[0.0,-0.38565]},"K9s":{"weight":1.0,"played":[0.0,1.0],"evs":[0.0,0.28363]},"KTs":{"weight":1.0,"played":[0.0,1.0],"evs":[0.0,1.34572]},"KJs":{"weight":1.0,"played":[0.0,1.0],"evs":[0.0,1.86169]},"KQs":{"weight":1.0,"played":[0.0,1.0],"evs":[0.0,2.42086]},"KK":{"weight":1.0,"played":[0.0,1.0],"evs":[0.0,9.81485]},"AKo":{"weight":1.0,"played":[0.0,1.0],"evs":[0.0,5.75482]},"A2s":{"weight":1.0,"played":[0.0,1.0],"evs":[0.0,0.32093]},"A3s":{"weight":1.0,"played":[0.0,1.0],"evs":[0.0,0.52369]},"A4s":{"weight":1.0,"played":[0.0,1.0],"evs":[0.0,0.72121]},"A5s":{"weight":1.0,"played":[0.0,1.0],"evs":[0.0,1.03027]},"A6s":{"weight":1.0,"played":[0.0,1.0],"evs":[0.0,1.03951]},"A7s":{"weight":1.0,"played":[0.0,1.0],"evs":[0.0,1.53075]},"A8s":{"weight":1.0,"played":[0.0,1.0],"evs":[0.0,2.14431]},"A9s":{"weight":1.0,"played":[0.0,1.0],"evs":[0.0,2.79594]},"ATs":{"weight":1.0,"played":[0.0,1.0],"evs":[0.0,4.04212]},"AJs":{"weight":1.0,"played":[0.0,1.0],"evs":[0.0,4.7615]},"AQs":{"weight":1.0,"played":[0.0,1.0],"evs":[0.0,5.50535]},"AKs":{"weight":1.0,"played":[0.0,1.0],"evs":[0.0,6.43767]},"AA":{"weight":1.0,"played":[0.0,1.0],"evs":[0.0,13.38929]}}}