{"player":2,"street":0,"children":2,"sequence":[{"player":0,"type":"F","amount":0,"street":0},{"player":1,"type":"F","amount":0,"street":0}],"actions":[{"type":"F","amount":0,"node":3},{"type":"R","amount":955000,"node":13}],"hands":{"22":{"weight":1.0,"played":[0.0,1.0],"evs":[0.0,0.45204]},"32o":{"weight":1.0,"played":[1.0,0.0],"evs":[0.0,-2.48146]},"42o":{"weight":1.0,"played":[1.0,0.0],"evs":[0.0,-2.33456]},"52o":{"weight":1.0,"played":[1.0,0.0],"evs":[0.0,-2.1963]},"62o":{"weight":1.0,"played":[1.0,0.0],"evs":[0.0,-2.44837]},"72o":{"weight":1.0,"played":[1.0,0.0],"evs":[0.0,-2.61501]},"82o":{"weight":1.0,"played":[1.0,0.0],"evs":[0.0,-2.44424]},"92o":{"weight":1.0,"played":[1.0,0.0],"evs":[0.0,-2.33478]},"T2o":{"weight":1.0,"played":[1.0,0.0],"evs":[0.0,-2.13671]},"J2o":{"weight":1.0,"played":[1.0,0.0],"evs":[0.0,-1.94646]},"Q2o":{"weight":1.0,"played":[1.0,0.0],"evs":[0.0,-1.66902]},"K2o":{"weight":1.0,"played":[1.0,0.0],"evs":[0.0,-1.10734]},"A2o":{"weight":1.0,"played":[0.0,1.0],"evs":[0.0,0.351]},"32s":{"weight":1.0,"played":[1.0,0.0],"evs":[0.0,-1.57847]},"33":{"weight":1.0,"played":[0.0,1.0],"evs":[0.0,0.82858]},"43o":{"weight":1.0,"played":[1.0,0.0],"evs":[0.0,-1.96309]},"53o":{"weight":1.0,"played":[1.0,0.0],"evs":[0.0,-1.81068]},"63o":{"weight":1.0,"played":[1.0,0.0],"evs":[0.0,-2.05787]},"73o":{"weight":1.0,"played":[1.0,0.0],"evs":[0.0,-2.23143]},"83o":{"weight":1.0,"played":[1.0,0.0],"evs":[0.0,-2.37077]},"93o":{"weight":1.0,"played":[1.0,0.0],"evs":[0.0,-2.19684]},"T3o":{"weight":1.0,"played":[1.0,0.0],"evs":[0.0,-1.99865]},"J3o":{"weight":1.0,"played":[1.0,0.0],"evs":[0.0,-1.81236]},"Q3o":{"weight":1.0,"played":[1.0,0.0],"evs":[0.0,-1.537]},"K3o":{"weight":1.0,"played":[1.0,0.0],"evs":[0.0,-0.97802]},"A3o":{"weight":1.0,"played":[0.0,1.0],"evs":[0.0,0.48589]},"42s":{"weight":1.0,"played":[1.0,0.0],"evs":[0.0,-1.44255]},"43s":{"weight":1.0,"played":[1.0,0.0],"evs":[0.0,-1.10003]},"44":{"weight":1.0,"played":[0.0,1.0],"evs":[0.0,1.22775]},"54o":{"weight":1.0,"played":[1.0,0.0],"evs":[0.0,-1.45051]},"64o":{"weight":1.0,"played":[1.0,0.0],"evs":[0.0,-1.68252]},"74o":{"weight":1.0,"played":[1.0,0.0],"evs":[0.0,-1.85317]},"84o":{"weight":1.0,"played":[1.0,0.0],"evs":[0.0,-1.99356]},"94o":{"weight":1.0,"played":[1.0,0.0],"evs":[0.0,-2.1297]},"T4o":{"weight":1.0,"played":[1.0,0.0],"evs":[0.0,-1.8704]},"J4o":{"weight":1.0,"played":[1.0,0.0],"evs":[0.0,-1.68567]},"Q4o":{"weight":1.0,"played":[1.0,0.0],"evs":[0.0,-1.40789]},"K4o":{"weight":1.0,"played":[1.0,0.0],"evs":[0.0,-0.84973]},"A4o":{"weight":1.0,"played":[0.0,1.0],"evs":[0.0,0.6166]},"52s":{"weight":1.0,"played":[1.0,0.0],"evs":[0.0,-1.31247]},"53s":{"weight":1.0,"played":[1.0,0.0],"evs":[0.0,-0.95423]},"54s":{"weight":1.0,"played":[1.0,0.0],"evs":[0.0,-0.61699]},"55":{"weight":1.0,"played":[0.0,1.0],"evs":[0.0,1.67684]},"65o":{"weight":1.0,"played":[1.0,0.0],"evs":[0.0,-1.33008]},"75o":{"weight":1.0,"played":[1.0,0.0],"evs":[0.0,-1.47873]},"85o":{"weight":1.0,"played":[1.0,0.0],"evs":[0.0,-1.61221]},"95o":{"weight":1.0,"played":[1.0,0.0],"evs":[0.0,-1.75541]},"T5o":{"weight":1.0,"played":[1.0,0.0],"evs":[0.0,-1.79809]},"J5o":{"weight":1.0,"played":[1.0,0.0],"evs":[0.0,-1.56078]},"Q5o":{"weight":1.0,"played":[1.0,0.0],"evs":[0.0,-1.27503]},"K5o":{"weight":1.0,"played":[1.0,0.0],"evs":[0.0,-0.7144]},"A5o":{"weight":1.0,"played":[0.0,1.0],"evs":[0.0,0.80043]},"62s":{"weight":1.0,"played":[1.0,0.0],"evs":[0.0,-1.53932]},"63s":{"weight":1.0,"played":[1.0,0.0],"evs":[0.0,-1.18531]},"64s":{"weight":1.0,"played":[1.0,0.0],"evs":[0.0,-0.83024]},"65s":{"weight":1.0,"played":[1.0,0.0],"evs":[0.0,-0.50631]},"66":{"weight":1.0,"played":[0.0,1.0],"evs":[0.0,2.10032]},"76o":{"weight":1.0,"played":[1.0,0.0],"evs":[0.0,-1.15475]},"86o":{"weight":1.0,"played":[1.0,0.0],"evs":[0.0,-1.27027]},"96o":{"weight":1.0,"played":[1.0,0.0],"evs":[0.0,-1.39968]},"T6o":{"weight":1.0,"played":[1.0,0.0],"evs":[0.0,-1.4524]},"J6o":{"weight":1.0,"played":[1.0,0.0],"evs":[0.0,-1.50463]},"Q6o":{"weight":1.0,"played":[1.0,0.0],"evs":[0.0,-1.15739]},"K6o":{"weight":1.0,"played":[1.0,0.0],"evs":[0.0,-0.58418]},"A6o":{"weight":1.0,"played":[0.0,1.0],"evs":[0.0,0.77932]},"72s":{"weight":1.0,"played":[1.0,0.0],"evs":[0.0,-1.70566]},"73s":{"weight":1.0,"played":[1.0,0.0],"evs":[0.0,-1.34856]},"74s":{"weight":1.0,"played":[1.0,0.0],"evs":[0.0,-0.99332]},"75s":{"weight":1.0,"played":[1.0,0.0],"evs":[0.0,-0.65016]},"76s":{"weight":1.0,"played":[1.0,0.0],"evs":[0.0,-0.33793]},"77":{"weight":1.0,"played":[0.0,1.0],"evs":[0.0,2.58043]},"87o":{"weight":1.0,"played":[1.0,0.0],"evs":[0.0,-0.97507]},"97o":{"weight":1.0,"played":[1.0,0.0],"evs":[0.0,-1.08559]},"T7o":{"weight":1.0,"played":[1.0,0.0],"evs":[0.0,-1.12903]},"J7o":{"weight":1.0,"played":[1.0,0.0],"evs":[0.0,-1.18294]},"Q7o":{"weight":1.0,"played":[1.0,0.0],"evs":[0.0,-1.11428]},"K7o":{"weight":1.0,"played":[1.0,0.0],"evs":[0.0,-0.45666]},"A7o":{"weight":1.0,"played":[0.0,1.0],"evs":[0.0,1.13842]},"82s":{"weight":1.0,"played":[1.0,0.0],"evs":[0.0,-1.53973]},"83s":{"weight":1.0,"played":[1.0,0.0],"evs":[0.0,-1.47447]},"84s":{"weight":1.0,"played":[1.0,0.0],"evs":[0.0,-1.12235]},"85s":{"weight":1.0,"played":[1.0,0.0],"evs":[0.0,-0.76841]},"86s":{"weight":1.0,"played":[1.0,0.0],"evs":[0.0,-0.43609]},"87s":{"weight":1.0,"played":[1.0,0.0],"evs":[0.0,-0.17745]},"88":{"weight":1.0,"played":[0.0,1.0],"evs":[0.0,3.13796]},"98o":{"weight":1.0,"played":[1.0,0.0],"evs":[0.0,-0.7635]},"T8o":{"weight":1.0,"played":[1.0,0.0],"evs":[0.0,-0.77139]},"J8o":{"weight":1.0,"played":[1.0,0.0],"evs":[0.0,-0.82066]},"Q8o":{"weight":1.0,"played":[1.0,0.0],"evs":[0.0,-0.75947]},"K8o":{"weight":1.0,"played":[1.0,0.0],"evs":[0.0,-0.3059]},"A8o":{"weight":1.0,"played":[0.0,1.0],"evs":[0.0,1.5494]},"92s":{"weight":1.0,"played":[1.0,0.0],"evs":[0.0,-1.43059]},"93s":{"weight":1.0,"played":[1.0,0.0],"evs":[0.0,-1.30556]},"94s":{"weight":1.0,"played":[1.0,0.0],"evs":[0.0,-1.2404]},"95s":{"weight":1.0,"played":[1.0,0.0],"evs":[0.0,-0.89638]},"96s":{"weight":1.0,"played":[1.0,0.0],"evs":[0.0,-0.57131]},"97s":{"weight":1.0,"played":[1.0,0.0],"evs":[0.0,-0.278]},"98s":{"weight":1.0,"played":[0.0,1.0],"evs":[0.0,0.02385]},"99":{"weight":1.0,"played":[0.0,1.0],"evs":[0.0,3.81285]},"T9o":{"weight":1.0,"played":[1.0,0.0],"evs":[0.0,-0.4092]},"J9o":{"weight":1.0,"played":[1.0,0.0],"evs":[0.0,-0.44092]},"Q9o":{"weight":1.0,"played":[1.0,0.0],"evs":[0.0,-0.33604]},"K9o":{"weight":1.0,"played":[0.0,1.0],"evs":[0.0,0.18798]},"A9o":{"weight":1.0,"played":[0.0,1.0],"evs":[0.0,2.04467]},"T2s":{"weight":1.0,"played":[1.0,0.0],"evs":[0.0,-1.24976]},"T3s":{"weight":1.0,"played":[1.0,0.0],"evs":[0.0,-1.1315]},"T4s":{"weight":1.0,"played":[1.0,0.0],"evs":[0.0,-1.00863]},"T5s":{"weight":1.0,"played":[1.0,0.0],"evs":[0.0,-0.94437]},"T6s":{"weight":1.0,"played":[1.0,0.0],"evs":[0.0,-0.61382]},"T7s":{"weight":1.0,"played":[1.0,0.0],"evs":[0.0,-0.31831]},"T8s":{"weight":1.0,"played":[4.0E-4,0.9996],"evs":[0.0,0.00929]},"T9s":{"weight":1.0,"played":[0.0,1.0],"evs":[0.0,0.34235]},"TT":{"weight":1.0,"played":[0.0,1.0],"evs":[0.0,4.7281]},"JTo":{"weight":1.0,"played":[0.0,1.0],"evs":[0.0,0.1265]},"QTo":{"weight":1.0,"played":[0.0,1.0],"evs":[0.0,0.31874]},"KTo":{"weight":1.0,"played":[0.0,1.0],"evs":[0.0,0.93078]},"ATo":{"weight":1.0,"played":[0.0,1.0],"evs":[0.0,2.93387]},"J2s":{"weight":1.0,"played":[1.0,0.0],"evs":[0.0,-1.07327]},"J3s":{"weight":1.0,"played":[1.0,0.0],"evs":[0.0,-0.94786]},"J4s":{"weight":1.0,"played":[1.0,0.0],"evs":[0.0,-0.83044]},"J5s":{"weight":1.0,"played":[1.0,0.0],"evs":[0.0,-0.71345]},"J6s":{"weight":1.0,"played":[1.0,0.0],"evs":[0.0,-0.66009]},"J7s":{"weight":1.0,"played":[1.0,0.0],"evs":[0.0,-0.36946]},"J8s":{"weight":1.0,"played":[0.9974,0.0026],"evs":[0.0,-0.02809]},"J9s":{"weight":1.0,"played":[0.0,1.0],"evs":[0.0,0.32053]},"JTs":{"weight":1.0,"played":[0.0,1.0],"evs":[0.0,0.84841]},"JJ":{"weight":1.0,"played":[0.0,1.0],"evs":[0.0,5.57376]},"QJo":{"weight":1.0,"played":[0.0,1.0],"evs":[0.0,0.67785]},"KJo":{"weight":1.0,"played":[0.0,1.0],"evs":[0.0,1.3667]},"AJo":{"weight":1.0,"played":[0.0,1.0],"evs":[0.0,3.49981]},"Q2s":{"weight":1.0,"played":[1.0,0.0],"evs":[0.0,-0.79564]},"Q3s":{"weight":1.0,"played":[1.0,0.0],"evs":[0.0,-0.67004]},"Q4s":{"weight":1.0,"played":[1.0,0.0],"evs":[0.0,-0.55892]},"Q5s":{"weight":1.0,"played":[1.0,0.0],"evs":[0.0,-0.44799]},"Q6s":{"weight":1.0,"played":[1.0,0.0],"evs":[0.0,-0.33643]},"Q7s":{"weight":1.0,"played":[1.0,0.0],"evs":[0.0,-0.29541]},"Q8s":{"weight":1.0,"played":[0.0,1.0],"evs":[0.0,0.03839]},"Q9s":{"weight":1.0,"played":[0.0,1.0],"evs":[0.0,0.42778]},"QTs":{"weight":1.0,"played":[0.0,1.0],"evs":[0.0,1.03621]},"QJs":{"weight":1.0,"played":[0.0,1.0],"evs":[0.0,1.36968]},"QQ":{"weight":1.0,"played":[0.0,1.0],"evs":[0.0,6.4973]},"KQo":{"weight":1.0,"played":[0.0,1.0],"evs":[0.0,1.85332]},"AQo":{"weight":1.0,"played":[0.0,1.0],"evs":[0.0,4.1023]},"K2s":{"weight":1.0,"played":[1.0,0.0],"evs":[0.0,-0.26169]},"K3s":{"weight":1.0,"played":[1.0,0.0],"evs":[0.0,-0.14098]},"K4s":{"weight":1.0,"played":[1.0,0.0],"evs":[0.0,-0.02376]},"K5s":{"weight":1.0,"played":[0.0,1.0],"evs":[0.0,0.09071]},"K6s":{"weight":1.0,"played":[0.0,1.0],"evs":[0.0,0.22391]},"K7s":{"weight":1.0,"played":[0.0,1.0],"evs":[0.0,0.33215]},"K8s":{"weight":1.0,"played":[0.0,1.0],"evs":[0.0,0.47555]},"K9s":{"weight":1.0,"played":[0.0,1.0],"evs":[0.0,0.93028]},"KTs":{"weight":1.0,"played":[0.0,1.0],"evs":[0.0,1.60872]},"KJs":{"weight":1.0,"played":[0.0,1.0],"evs":[0.0,2.01934]},"KQs":{"weight":1.0,"played":[0.0,1.0],"evs":[0.0,2.47449]},"KK":{"weight":1.0,"played":[0.0,1.0],"evs":[0.0,7.57907]},"AKo":{"weight":1.0,"played":[0.0,1.0],"evs":[0.0,4.7899]},"A2s":{"weight":1.0,"played":[0.0,1.0],"evs":[0.0,1.09919]},"A3s":{"weight":1.0,"played":[0.0,1.0],"evs":[0.0,1.21634]},"A4s":{"weight":1.0,"played":[0.0,1.0],"evs":[0.0,1.34178]},"A5s":{"weight":1.0,"played":[0.0,1.0],"evs":[0.0,1.51305]},"A6s":{"weight":1.0,"played":[0.0,1.0],"evs":[0.0,1.49724]},"A7s":{"weight":1.0,"played":[0.0,1.0],"evs":[0.0,1.82052]},"A8s":{"weight":1.0,"played":[0.0,1.0],"evs":[0.0,2.19959]},"A9s":{"weight":1.0,"played":[0.0,1.0],"evs":[0.0,2.65655]},"ATs":{"weight":1.0,"played":[0.0,1.0],"evs":[0.0,3.48268]},"AJs":{"weight":1.0,"played":[0.0,1.0],"evs":[0.0,4.01388]},"AQs":{"weight":1.0,"played":[0.0,1.0],"evs":[0.0,4.57096]},"AKs":{"weight":1.0,"played":[0.0,1.0],"evs":[0.0,5.20521]},"AA":{"weight":1.0,"played":[0.0,1.0],"evs":[0.0,9.31035]}}}