{"player":5,"street":0,"children":2,"sequence":[{"player":0,"type":"F","amount":0,"street":0},{"player":1,"type":"F","amount":0,"street":0},{"player":2,"type":"R","amount":955000,"street":0},{"player":3,"type":"R","amount":1145000,"street":0},{"player":4,"type":"F","amount":0,"street":0}],"actions":[{"type":"F","amount":0},{"type":"C","amount":1045000}],"hands":{"22":{"weight":1.0,"played":[0.0,1.0],"evs":[0.0,1.86051]},"32o":{"weight":1.0,"played":[1.0,0.0],"evs":[0.0,-3.41345]},"42o":{"weight":1.0,"played":[1.0,0.0],"evs":[0.0,-3.06522]},"52o":{"weight":1.0,"played":[1.0,0.0],"evs":[0.0,-2.81371]},"62o":{"weight":1.0,"played":[1.0,0.0],"evs":[0.0,-3.32392]},"72o":{"weight":1.0,"played":[1.0,0.0],"evs":[0.0,-3.76855]},"82o":{"weight":1.0,"played":[1.0,0.0],"evs":[0.0,-3.35411]},"92o":{"weight":1.0,"played":[1.0,0.0],"evs":[0.0,-3.43882]},"T2o":{"weight":1.0,"played":[1.0,0.0],"evs":[0.0,-3.34666]},"J2o":{"weight":1.0,"played":[1.0,0.0],"evs":[0.0,-2.90677]},"Q2o":{"weight":1.0,"played":[1.0,0.0],"evs":[0.0,-2.55087]},"K2o":{"weight":1.0,"played":[1.0,0.0],"evs":[0.0,-1.89437]},"A2o":{"weight":1.0,"played":[1.0,0.0],"evs":[0.0,-0.92575]},"32s":{"weight":1.0,"played":[1.0,0.0],"evs":[0.0,-1.33229]},"33":{"weight":1.0,"played":[0.0,1.0],"evs":[0.0,2.84703]},"43o":{"weight":1.0,"played":[1.0,0.0],"evs":[0.0,-2.14564]},"53o":{"weight":1.0,"played":[1.0,0.0],"evs":[0.0,-1.84482]},"63o":{"weight":1.0,"played":[1.0,0.0],"evs":[0.0,-2.34042]},"73o":{"weight":1.0,"played":[1.0,0.0],"evs":[0.0,-2.7989]},"83o":{"weight":1.0,"played":[1.0,0.0],"evs":[0.0,-3.19417]},"93o":{"weight":1.0,"played":[1.0,0.0],"evs":[0.0,-3.08094]},"T3o":{"weight":1.0,"played":[1.0,0.0],"evs":[0.0,-2.95388]},"J3o":{"weight":1.0,"played":[1.0,0.0],"evs":[0.0,-2.53259]},"Q3o":{"weight":1.0,"played":[1.0,0.0],"evs":[0.0,-2.18425]},"K3o":{"weight":1.0,"played":[1.0,0.0],"evs":[0.0,-1.52579]},"A3o":{"weight":1.0,"played":[0.9994,6.0E-4],"evs":[0.0,-0.51003]},"42s":{"weight":1.0,"played":[1.0,0.0],"evs":[0.0,-0.99615]},"43s":{"weight":1.0,"played":[0.9987,0.0013],"evs":[0.0,-0.11856]},"44":{"weight":1.0,"played":[0.0,1.0],"evs":[0.0,3.74373]},"54o":{"weight":1.0,"played":[1.0,0.0],"evs":[0.0,-0.96406]},"64o":{"weight":1.0,"played":[1.0,0.0],"evs":[0.0,-1.44044]},"74o":{"weight":1.0,"played":[1.0,0.0],"evs":[0.0,-1.87144]},"84o":{"weight":1.0,"played":[1.0,0.0],"evs":[0.0,-2.24005]},"94o":{"weight":1.0,"played":[1.0,0.0],"evs":[0.0,-2.88172]},"T4o":{"weight":1.0,"played":[1.0,0.0],"evs":[0.0,-2.62094]},"J4o":{"weight":1.0,"played":[1.0,0.0],"evs":[0.0,-2.19051]},"Q4o":{"weight":1.0,"played":[1.0,0.0],"evs":[0.0,-1.8377]},"K4o":{"weight":1.0,"played":[1.0,0.0],"evs":[0.0,-1.17185]},"A4o":{"weight":1.0,"played":[0.4278,0.5722],"evs":[0.0,-0.16691]},"52s":{"weight":1.0,"played":[1.0,0.0],"evs":[0.0,-0.77679]},"53s":{"weight":1.0,"played":[0.0043,0.9957],"evs":[0.0,0.14226]},"54s":{"weight":1.0,"played":[0.0,1.0],"evs":[0.0,0.99923]},"55":{"weight":1.0,"played":[0.0,1.0],"evs":[0.0,4.72739]},"65o":{"weight":1.0,"played":[1.0,0.0],"evs":[0.0,-0.65638]},"75o":{"weight":1.0,"played":[1.0,0.0],"evs":[0.0,-1.03598]},"85o":{"weight":1.0,"played":[1.0,0.0],"evs":[0.0,-1.42571]},"95o":{"weight":1.0,"played":[1.0,0.0],"evs":[0.0,-2.03377]},"T5o":{"weight":1.0,"played":[1.0,0.0],"evs":[0.0,-2.48518]},"J5o":{"weight":1.0,"played":[1.0,0.0],"evs":[0.0,-1.94274]},"Q5o":{"weight":1.0,"played":[1.0,0.0],"evs":[0.0,-1.58637]},"K5o":{"weight":1.0,"played":[1.0,0.0],"evs":[0.0,-0.88256]},"A5o":{"weight":1.0,"played":[0.0,1.0],"evs":[0.0,0.32066]},"62s":{"weight":1.0,"played":[1.0,0.0],"evs":[0.0,-1.23328]},"63s":{"weight":1.0,"played":[1.0,0.0],"evs":[0.0,-0.36779]},"64s":{"weight":1.0,"played":[0.0,1.0],"evs":[0.0,0.51158]},"65s":{"weight":1.0,"played":[0.0,1.0],"evs":[0.0,1.23166]},"66":{"weight":1.0,"played":[0.0,1.0],"evs":[0.0,5.72654]},"76o":{"weight":1.0,"played":[1.0,0.0],"evs":[0.0,-0.33011]},"86o":{"weight":1.0,"played":[1.0,0.0],"evs":[0.0,-0.62175]},"96o":{"weight":1.0,"played":[1.0,0.0],"evs":[0.0,-1.25435]},"T6o":{"weight":1.0,"played":[1.0,0.0],"evs":[0.0,-1.71832]},"J6o":{"weight":1.0,"played":[1.0,0.0],"evs":[0.0,-1.86836]},"Q6o":{"weight":1.0,"played":[1.0,0.0],"evs":[0.0,-1.40168]},"K6o":{"weight":1.0,"played":[1.0,0.0],"evs":[0.0,-0.69764]},"A6o":{"weight":1.0,"played":[1.0E-4,0.9999],"evs":[0.0,0.12595]},"72s":{"weight":1.0,"played":[1.0,0.0],"evs":[0.0,-1.63037]},"73s":{"weight":1.0,"played":[1.0,0.0],"evs":[0.0,-0.76272]},"74s":{"weight":1.0,"played":[0.0294,0.9706],"evs":[0.0,0.12418]},"75s":{"weight":1.0,"played":[0.0,1.0],"evs":[0.0,0.88976]},"76s":{"weight":1.0,"played":[0.0,1.0],"evs":[0.0,1.58303]},"77":{"weight":1.0,"played":[0.0,1.0],"evs":[0.0,6.90423]},"87o":{"weight":1.0,"played":[0.6264,0.3736],"evs":[0.0,0.09991]},"97o":{"weight":1.0,"played":[1.0,0.0],"evs":[0.0,-0.45054]},"T7o":{"weight":1.0,"played":[1.0,0.0],"evs":[0.0,-0.88665]},"J7o":{"weight":1.0,"played":[1.0,0.0],"evs":[0.0,-1.10474]},"Q7o":{"weight":1.0,"played":[1.0,0.0],"evs":[0.0,-1.30536]},"K7o":{"weight":1.0,"played":[1.0,0.0],"evs":[0.0,-0.45571]},"A7o":{"weight":1.0,"played":[0.0,1.0],"evs":[0.0,1.04285]},"82s":{"weight":1.0,"played":[1.0,0.0],"evs":[0.0,-1.2794]},"83s":{"weight":1.0,"played":[1.0,0.0],"evs":[0.0,-1.09966]},"84s":{"weight":1.0,"played":[1.0,0.0],"evs":[0.0,-0.24481]},"85s":{"weight":1.0,"played":[0.0,1.0],"evs":[0.0,0.60071]},"86s":{"weight":1.0,"played":[0.0,1.0],"evs":[0.0,1.28915]},"87s":{"weight":1.0,"played":[0.0,1.0],"evs":[0.0,1.90782]},"88":{"weight":1.0,"played":[0.0,1.0],"evs":[0.0,8.1322]},"98o":{"weight":1.0,"played":[0.282,0.718],"evs":[0.0,0.2865]},"T8o":{"weight":1.0,"played":[0.9218,0.0782],"evs":[0.0,0.01212]},"J8o":{"weight":1.0,"played":[1.0,0.0],"evs":[0.0,-0.18458]},"Q8o":{"weight":1.0,"played":[1.0,0.0],"evs":[0.0,-0.40917]},"K8o":{"weight":1.0,"played":[0.9999,1.0E-4],"evs":[0.0,-0.11383]},"A8o":{"weight":1.0,"played":[0.0,1.0],"evs":[0.0,2.08249]},"92s":{"weight":1.0,"played":[1.0,0.0],"evs":[0.0,-1.29777]},"93s":{"weight":1.0,"played":[1.0,0.0],"evs":[0.0,-0.98946]},"94s":{"weight":1.0,"played":[1.0,0.0],"evs":[0.0,-0.79365]},"95s":{"weight":1.0,"played":[0.9999,1.0E-4],"evs":[0.0,-0.06074]},"96s":{"weight":1.0,"played":[0.0,1.0],"evs":[0.0,0.70967]},"97s":{"weight":1.0,"played":[0.0,1.0],"evs":[0.0,1.5047]},"98s":{"weight":1.0,"played":[0.0,1.0],"evs":[0.0,2.17191]},"99":{"weight":1.0,"played":[0.0,1.0],"evs":[0.0,9.59657]},"T9o":{"weight":1.0,"played":[0.0,1.0],"evs":[0.0,0.62678]},"J9o":{"weight":1.0,"played":[9.0E-4,0.9991],"evs":[0.0,0.50724]},"Q9o":{"weight":1.0,"played":[0.1406,0.8594],"evs":[0.0,0.33778]},"K9o":{"weight":1.0,"played":[0.0,1.0],"evs":[0.0,0.76]},"A9o":{"weight":1.0,"played":[0.0,1.0],"evs":[0.0,3.13371]},"T2s":{"weight":1.0,"played":[1.0,0.0],"evs":[0.0,-1.2118]},"T3s":{"weight":1.0,"played":[1.0,0.0],"evs":[0.0,-0.9212]},"T4s":{"weight":1.0,"played":[1.0,0.0],"evs":[0.0,-0.59471]},"T5s":{"weight":1.0,"played":[1.0,0.0],"evs":[0.0,-0.47773]},"T6s":{"weight":1.0,"played":[0.003,0.997],"evs":[0.0,0.23536]},"T7s":{"weight":1.0,"played":[0.0,1.0],"evs":[0.0,1.03251]},"T8s":{"weight":1.0,"played":[0.0,1.0],"evs":[0.0,1.93633]},"T9s":{"weight":1.0,"played":[0.0,1.0],"evs":[0.0,2.49796]},"TT":{"weight":1.0,"played":[0.0,1.0],"evs":[0.0,11.82168]},"JTo":{"weight":1.0,"played":[0.0,1.0],"evs":[0.0,1.46415]},"QTo":{"weight":1.0,"played":[0.0,1.0],"evs":[0.0,1.53145]},"KTo":{"weight":1.0,"played":[0.0,1.0],"evs":[0.0,2.22502]},"ATo":{"weight":1.0,"played":[0.0,1.0],"evs":[0.0,5.40244]},"J2s":{"weight":1.0,"played":[1.0,0.0],"evs":[0.0,-0.77304]},"J3s":{"weight":1.0,"played":[1.0,0.0],"evs":[0.0,-0.41486]},"J4s":{"weight":1.0,"played":[1.0,0.0],"evs":[0.0,-0.12585]},"J5s":{"weight":1.0,"played":[0.6934,0.3066],"evs":[0.0,0.08927]},"J6s":{"weight":1.0,"played":[0.0012,0.9988],"evs":[0.0,0.21494]},"J7s":{"weight":1.0,"played":[0.0,1.0],"evs":[0.0,0.90652]},"J8s":{"weight":1.0,"played":[0.0,1.0],"evs":[0.0,1.75667]},"J9s":{"weight":1.0,"played":[0.0,1.0],"evs":[0.0,2.33849]},"JTs":{"weight":1.0,"played":[0.0,1.0],"evs":[0.0,3.30213]},"JJ":{"weight":1.0,"played":[0.0,1.0],"evs":[0.0,14.12551]},"QJo":{"weight":1.0,"played":[0.0,1.0],"evs":[0.0,2.32801]},"KJo":{"weight":1.0,"played":[0.0,1.0],"evs":[0.0,3.15512]},"AJo":{"weight":1.0,"played":[0.0,1.0],"evs":[0.0,6.94939]},"Q2s":{"weight":1.0,"played":[1.0,0.0],"evs":[0.0,-0.42595]},"Q3s":{"weight":1.0,"played":[0.9989,0.0011],"evs":[0.0,-0.09688]},"Q4s":{"weight":1.0,"played":[0.0544,0.9456],"evs":[0.0,0.2246]},"Q5s":{"weight":1.0,"played":[8.0E-4,0.9992],"evs":[0.0,0.43234]},"Q6s":{"weight":1.0,"played":[0.0,1.0],"evs":[0.0,0.6391]},"Q7s":{"weight":1.0,"played":[0.0,1.0],"evs":[0.0,0.76568]},"Q8s":{"weight":1.0,"played":[0.0,1.0],"evs":[0.0,1.54514]},"Q9s":{"weight":1.0,"played":[0.0,1.0],"evs":[0.0,2.18438]},"QTs":{"weight":1.0,"played":[0.0,1.0],"evs":[0.0,3.38469]},"QJs":{"weight":1.0,"played":[0.0,1.0],"evs":[0.0,4.11444]},"QQ":{"weight":1.0,"played":[0.0,1.0],"evs":[0.0,16.67642]},"KQo":{"weight":1.0,"played":[0.0,1.0],"evs":[0.0,4.19343]},"AQo":{"weight":1.0,"played":[0.0,1.0],"evs":[0.0,8.74425]},"K2s":{"weight":1.0,"played":[5.0E-4,0.9995],"evs":[0.0,0.28331]},"K3s":{"weight":1.0,"played":[0.0,1.0],"evs":[0.0,0.56148]},"K4s":{"weight":1.0,"played":[0.0,1.0],"evs":[0.0,0.87718]},"K5s":{"weight":1.0,"played":[0.0,1.0],"evs":[0.0,1.12546]},"K6s":{"weight":1.0,"played":[0.0,1.0],"evs":[0.0,1.34667]},"K7s":{"weight":1.0,"played":[0.0,1.0],"evs":[0.0,1.52632]},"K8s":{"weight":1.0,"played":[0.0,1.0],"evs":[0.0,1.84563]},"K9s":{"weight":1.0,"played":[0.0,1.0],"evs":[0.0,2.66486]},"KTs":{"weight":1.0,"played":[0.0,1.0],"evs":[0.0,4.08002]},"KJs":{"weight":1.0,"played":[0.0,1.0],"evs":[0.0,4.9613]},"KQs":{"weight":1.0,"played":[0.0,1.0],"evs":[0.0,5.89553]},"KK":{"weight":1.0,"played":[0.0,1.0],"evs":[0.0,19.79998]},"AKo":{"weight":1.0,"played":[0.0,1.0],"evs":[0.0,10.65907]},"A2s":{"weight":1.0,"played":[0.0,1.0],"evs":[0.0,1.22393]},"A3s":{"weight":1.0,"played":[0.0,1.0],"evs":[0.0,1.53574]},"A4s":{"weight":1.0,"played":[0.0,1.0],"evs":[0.0,1.90348]},"A5s":{"weight":1.0,"played":[0.0,1.0],"evs":[0.0,2.37985]},"A6s":{"weight":1.0,"played":[0.0,1.0],"evs":[0.0,2.21508]},"A7s":{"weight":1.0,"played":[0.0,1.0],"evs":[0.0,3.0291]},"A8s":{"weight":1.0,"played":[0.0,1.0],"evs":[0.0,3.99382]},"A9s":{"weight":1.0,"played":[0.0,1.0],"evs":[0.0,5.01607]},"ATs":{"weight":1.0,"played":[0.0,1.0],"evs":[0.0,7.13782]},"AJs":{"weight":1.0,"played":[0.0,1.0],"evs":[0.0,8.56612]},"AQs":{"weight":1.0,"played":[0.0,1.0],"evs":[0.0,10.2138]},"AKs":{"weight":1.0,"played":[0.0,1.0],"evs":[0.0,12.02374]},"AA":{"weight":1.0,"played":[0.0,1.0],"evs":[0.0,26.26646]}}}