{"player":5,"street":0,"children":2,"sequence":[{"player":0,"type":"F","amount":0,"street":0},{"player":1,"type":"F","amount":0,"street":0},{"player":2,"type":"R","amount":955000,"street":0},{"player":3,"type":"R","amount":1145000,"street":0},{"player":4,"type":"C","amount":805000,"street":0}],"actions":[{"type":"F","amount":0},{"type":"C","amount":1045000}],"hands":{"22":{"weight":1.0,"played":[0.0,1.0],"evs":[0.0,2.3714]},"32o":{"weight":1.0,"played":[1.0,0.0],"evs":[0.0,-2.74428]},"42o":{"weight":1.0,"played":[1.0,0.0],"evs":[0.0,-2.26227]},"52o":{"weight":1.0,"played":[1.0,0.0],"evs":[0.0,-1.96531]},"62o":{"weight":1.0,"played":[1.0,0.0],"evs":[0.0,-2.61368]},"72o":{"weight":1.0,"played":[1.0,0.0],"evs":[0.0,-3.40341]},"82o":{"weight":1.0,"played":[1.0,0.0],"evs":[0.0,-2.90215]},"92o":{"weight":1.0,"played":[1.0,0.0],"evs":[0.0,-3.17184]},"T2o":{"weight":1.0,"played":[1.0,0.0],"evs":[0.0,-3.45267]},"J2o":{"weight":1.0,"played":[1.0,0.0],"evs":[0.0,-3.10972]},"Q2o":{"weight":1.0,"played":[1.0,0.0],"evs":[0.0,-2.59416]},"K2o":{"weight":1.0,"played":[1.0,0.0],"evs":[0.0,-2.15146]},"A2o":{"weight":1.0,"played":[1.0,0.0],"evs":[0.0,-1.76621]},"32s":{"weight":1.0,"played":[0.9995,5.0E-4],"evs":[0.0,-0.33432]},"33":{"weight":1.0,"played":[0.0,1.0],"evs":[0.0,3.15189]},"43o":{"weight":1.0,"played":[1.0,0.0],"evs":[0.0,-1.24167]},"53o":{"weight":1.0,"played":[1.0,0.0],"evs":[0.0,-0.77367]},"63o":{"weight":1.0,"played":[1.0,0.0],"evs":[0.0,-1.45105]},"73o":{"weight":1.0,"played":[1.0,0.0],"evs":[0.0,-2.16548]},"83o":{"weight":1.0,"played":[1.0,0.0],"evs":[0.0,-2.7237]},"93o":{"weight":1.0,"played":[1.0,0.0],"evs":[0.0,-2.6841]},"T3o":{"weight":1.0,"played":[1.0,0.0],"evs":[0.0,-3.04132]},"J3o":{"weight":1.0,"played":[1.0,0.0],"evs":[0.0,-2.69615]},"Q3o":{"weight":1.0,"played":[1.0,0.0],"evs":[0.0,-2.22868]},"K3o":{"weight":1.0,"played":[1.0,0.0],"evs":[0.0,-1.81936]},"A3o":{"weight":1.0,"played":[1.0,0.0],"evs":[0.0,-1.23958]},"42s":{"weight":1.0,"played":[0.0116,0.9884],"evs":[0.0,0.29703]},"43s":{"weight":1.0,"played":[0.0,1.0],"evs":[0.0,1.20841]},"44":{"weight":1.0,"played":[0.0,1.0],"evs":[0.0,4.23085]},"54o":{"weight":1.0,"played":[0.0,1.0],"evs":[0.0,0.26172]},"64o":{"weight":1.0,"played":[0.9942,0.0058],"evs":[0.0,-0.31594]},"74o":{"weight":1.0,"played":[1.0,0.0],"evs":[0.0,-1.06144]},"84o":{"weight":1.0,"played":[1.0,0.0],"evs":[0.0,-1.7016]},"94o":{"weight":1.0,"played":[1.0,0.0],"evs":[0.0,-2.61127]},"T4o":{"weight":1.0,"played":[1.0,0.0],"evs":[0.0,-2.66791]},"J4o":{"weight":1.0,"played":[1.0,0.0],"evs":[0.0,-2.37638]},"Q4o":{"weight":1.0,"played":[1.0,0.0],"evs":[0.0,-1.856]},"K4o":{"weight":1.0,"played":[1.0,0.0],"evs":[0.0,-1.45644]},"A4o":{"weight":1.0,"played":[1.0,0.0],"evs":[0.0,-0.86747]},"52s":{"weight":1.0,"played":[1.0E-4,0.9999],"evs":[0.0,0.58948]},"53s":{"weight":1.0,"played":[0.0,1.0],"evs":[0.0,1.54152]},"54s":{"weight":1.0,"played":[0.0,1.0],"evs":[0.0,2.71129]},"55":{"weight":1.0,"played":[0.0,1.0],"evs":[0.0,5.0582]},"65o":{"weight":1.0,"played":[0.0,1.0],"evs":[0.0,0.71343]},"75o":{"weight":1.0,"played":[0.8758,0.1242],"evs":[0.0,0.01596]},"85o":{"weight":1.0,"played":[1.0,0.0],"evs":[0.0,-0.54754]},"95o":{"weight":1.0,"played":[1.0,0.0],"evs":[0.0,-1.54398]},"T5o":{"weight":1.0,"played":[1.0,0.0],"evs":[0.0,-2.40602]},"J5o":{"weight":1.0,"played":[1.0,0.0],"evs":[0.0,-2.00461]},"Q5o":{"weight":1.0,"played":[1.0,0.0],"evs":[0.0,-1.62504]},"K5o":{"weight":1.0,"played":[1.0,0.0],"evs":[0.0,-1.08675]},"A5o":{"weight":1.0,"played":[0.9993,7.0E-4],"evs":[0.0,-0.35903]},"62s":{"weight":1.0,"played":[0.9566,0.0434],"evs":[0.0,-0.14246]},"63s":{"weight":1.0,"played":[0.0,1.0],"evs":[0.0,1.12861]},"64s":{"weight":1.0,"played":[0.0,1.0],"evs":[0.0,2.02325]},"65s":{"weight":1.0,"played":[0.0,1.0],"evs":[0.0,2.92174]},"66":{"weight":1.0,"played":[0.0,1.0],"evs":[0.0,6.28614]},"76o":{"weight":1.0,"played":[0.0,1.0],"evs":[0.0,0.84725]},"86o":{"weight":1.0,"played":[5.0E-4,0.9995],"evs":[0.0,0.3189]},"96o":{"weight":1.0,"played":[1.0,0.0],"evs":[0.0,-0.56205]},"T6o":{"weight":1.0,"played":[1.0,0.0],"evs":[0.0,-1.49982]},"J6o":{"weight":1.0,"played":[1.0,0.0],"evs":[0.0,-1.85908]},"Q6o":{"weight":1.0,"played":[1.0,0.0],"evs":[0.0,-1.30021]},"K6o":{"weight":1.0,"played":[1.0,0.0],"evs":[0.0,-0.7826]},"A6o":{"weight":1.0,"played":[1.0,0.0],"evs":[0.0,-0.78472]},"72s":{"weight":1.0,"played":[1.0,0.0],"evs":[0.0,-0.76723]},"73s":{"weight":1.0,"played":[0.0,1.0],"evs":[0.0,0.20676]},"74s":{"weight":1.0,"played":[0.0,1.0],"evs":[0.0,1.38598]},"75s":{"weight":1.0,"played":[0.0,1.0],"evs":[0.0,2.35773]},"76s":{"weight":1.0,"played":[0.0,1.0],"evs":[0.0,3.01839]},"77":{"weight":1.0,"played":[0.0,1.0],"evs":[0.0,7.29683]},"87o":{"weight":1.0,"played":[0.0,1.0],"evs":[0.0,0.93675]},"97o":{"weight":1.0,"played":[0.0521,0.9479],"evs":[0.0,0.23733]},"T7o":{"weight":1.0,"played":[1.0,0.0],"evs":[0.0,-0.60316]},"J7o":{"weight":1.0,"played":[1.0,0.0],"evs":[0.0,-1.05906]},"Q7o":{"weight":1.0,"played":[0.9999,1.0E-4],"evs":[0.0,-1.19135]},"K7o":{"weight":1.0,"played":[1.0,0.0],"evs":[0.0,-0.72672]},"A7o":{"weight":1.0,"played":[0.2548,0.7452],"evs":[0.0,-0.05052]},"82s":{"weight":1.0,"played":[1.0,0.0],"evs":[0.0,-0.37608]},"83s":{"weight":1.0,"played":[0.9992,8.0E-4],"evs":[0.0,-0.23277]},"84s":{"weight":1.0,"played":[0.0,1.0],"evs":[0.0,0.8253]},"85s":{"weight":1.0,"played":[0.0,1.0],"evs":[0.0,1.88054]},"86s":{"weight":1.0,"played":[0.0,1.0],"evs":[0.0,2.75273]},"87s":{"weight":1.0,"played":[0.0,1.0],"evs":[0.0,3.29721]},"88":{"weight":1.0,"played":[0.0,1.0],"evs":[0.0,8.58644]},"98o":{"weight":1.0,"played":[0.0,1.0],"evs":[0.0,0.97724]},"T8o":{"weight":1.0,"played":[0.123,0.877],"evs":[0.0,0.3083]},"J8o":{"weight":1.0,"played":[0.9983,0.0017],"evs":[0.0,-0.17683]},"Q8o":{"weight":1.0,"played":[0.9998,2.0E-4],"evs":[0.0,-0.26676]},"K8o":{"weight":1.0,"played":[0.9997,3.0E-4],"evs":[0.0,-0.32383]},"A8o":{"weight":1.0,"played":[0.0,1.0],"evs":[0.0,0.79006]},"92s":{"weight":1.0,"played":[1.0,0.0],"evs":[0.0,-0.52421]},"93s":{"weight":1.0,"played":[0.9996,4.0E-4],"evs":[0.0,-0.1454]},"94s":{"weight":1.0,"played":[0.7462,0.2538],"evs":[0.0,-0.00996]},"95s":{"weight":1.0,"played":[0.0,1.0],"evs":[0.0,1.05114]},"96s":{"weight":1.0,"played":[0.0,1.0],"evs":[0.0,1.93023]},"97s":{"weight":1.0,"played":[0.0,1.0],"evs":[0.0,2.64522]},"98s":{"weight":1.0,"played":[0.0,1.0],"evs":[0.0,3.3359]},"99":{"weight":1.0,"played":[0.0,1.0],"evs":[0.0,10.07368]},"T9o":{"weight":1.0,"played":[0.0,1.0],"evs":[0.0,0.99637]},"J9o":{"weight":1.0,"played":[1.0E-4,0.9999],"evs":[0.0,0.64519]},"Q9o":{"weight":1.0,"played":[0.0,1.0],"evs":[0.0,0.38559]},"K9o":{"weight":1.0,"played":[0.0,1.0],"evs":[0.0,0.51443]},"A9o":{"weight":1.0,"played":[0.0,1.0],"evs":[0.0,1.59927]},"T2s":{"weight":1.0,"played":[0.9999,1.0E-4],"evs":[0.0,-0.80072]},"T3s":{"weight":1.0,"played":[0.9996,4.0E-4],"evs":[0.0,-0.33809]},"T4s":{"weight":1.0,"played":[0.5688,0.4312],"evs":[0.0,0.0968]},"T5s":{"weight":1.0,"played":[0.6981,0.3019],"evs":[0.0,0.14348]},"T6s":{"weight":1.0,"played":[1.0E-4,0.9999],"evs":[0.0,1.02722]},"T7s":{"weight":1.0,"played":[0.0,1.0],"evs":[0.0,1.75614]},"T8s":{"weight":1.0,"played":[0.0,1.0],"evs":[0.0,2.70505]},"T9s":{"weight":1.0,"played":[0.0,1.0],"evs":[0.0,3.41161]},"TT":{"weight":1.0,"played":[0.0,1.0],"evs":[0.0,12.18414]},"JTo":{"weight":1.0,"played":[0.0,1.0],"evs":[0.0,1.40888]},"QTo":{"weight":1.0,"played":[0.0,1.0],"evs":[0.0,1.44804]},"KTo":{"weight":1.0,"played":[0.0,1.0],"evs":[0.0,1.78154]},"ATo":{"weight":1.0,"played":[0.0,1.0],"evs":[0.0,3.5985]},"J2s":{"weight":1.0,"played":[0.9997,3.0E-4],"evs":[0.0,-0.34906]},"J3s":{"weight":1.0,"played":[0.7873,0.2127],"evs":[0.0,-0.0607]},"J4s":{"weight":1.0,"played":[1.0E-4,0.9999],"evs":[0.0,0.45303]},"J5s":{"weight":1.0,"played":[0.019,0.981],"evs":[0.0,0.6083]},"J6s":{"weight":1.0,"played":[0.0019,0.9981],"evs":[0.0,0.70277]},"J7s":{"weight":1.0,"played":[0.0,1.0],"evs":[0.0,1.46917]},"J8s":{"weight":1.0,"played":[0.0,1.0],"evs":[0.0,2.44327]},"J9s":{"weight":1.0,"played":[0.0,1.0],"evs":[0.0,3.0781]},"JTs":{"weight":1.0,"played":[0.0,1.0],"evs":[0.0,3.83013]},"JJ":{"weight":1.0,"played":[0.0,1.0],"evs":[0.0,15.38385]},"QJo":{"weight":1.0,"played":[0.0,1.0],"evs":[0.0,2.14132]},"KJo":{"weight":1.0,"played":[0.0,1.0],"evs":[0.0,2.79213]},"AJo":{"weight":1.0,"played":[0.0,1.0],"evs":[0.0,5.38324]},"Q2s":{"weight":1.0,"played":[0.2026,0.7974],"evs":[0.0,0.09324]},"Q3s":{"weight":1.0,"played":[0.0057,0.9943],"evs":[0.0,0.48094]},"Q4s":{"weight":1.0,"played":[1.0E-4,0.9999],"evs":[0.0,0.69447]},"Q5s":{"weight":1.0,"played":[0.0,1.0],"evs":[0.0,1.05398]},"Q6s":{"weight":1.0,"played":[0.0,1.0],"evs":[0.0,1.34449]},"Q7s":{"weight":1.0,"played":[0.0,1.0],"evs":[0.0,1.22583]},"Q8s":{"weight":1.0,"played":[0.0,1.0],"evs":[0.0,2.23651]},"Q9s":{"weight":1.0,"played":[0.0,1.0],"evs":[0.0,2.98054]},"QTs":{"weight":1.0,"played":[0.0,1.0],"evs":[0.0,3.90015]},"QJs":{"weight":1.0,"played":[0.0,1.0],"evs":[0.0,4.75575]},"QQ":{"weight":1.0,"played":[0.0,1.0],"evs":[0.0,19.21093]},"KQo":{"weight":1.0,"played":[0.0,1.0],"evs":[0.0,4.31025]},"AQo":{"weight":1.0,"played":[0.0,1.0],"evs":[0.0,7.4234]},"K2s":{"weight":1.0,"played":[0.0038,0.9962],"evs":[0.0,0.67692]},"K3s":{"weight":1.0,"played":[2.0E-4,0.9998],"evs":[0.0,0.98206]},"K4s":{"weight":1.0,"played":[0.0,1.0],"evs":[0.0,1.26199]},"K5s":{"weight":1.0,"played":[0.0,1.0],"evs":[0.0,1.60469]},"K6s":{"weight":1.0,"played":[0.0,1.0],"evs":[0.0,1.78289]},"K7s":{"weight":1.0,"played":[0.0,1.0],"evs":[0.0,1.84312]},"K8s":{"weight":1.0,"played":[0.0,1.0],"evs":[0.0,2.35233]},"K9s":{"weight":1.0,"played":[0.0,1.0],"evs":[0.0,3.13441]},"KTs":{"weight":1.0,"played":[0.0,1.0],"evs":[0.0,4.22478]},"KJs":{"weight":1.0,"played":[0.0,1.0],"evs":[0.0,5.26895]},"KQs":{"weight":1.0,"played":[0.0,1.0],"evs":[0.0,6.52594]},"KK":{"weight":1.0,"played":[0.0,1.0],"evs":[0.0,23.83366]},"AKo":{"weight":1.0,"played":[0.0,1.0],"evs":[0.0,9.69766]},"A2s":{"weight":1.0,"played":[0.0,1.0],"evs":[0.0,1.06275]},"A3s":{"weight":1.0,"played":[0.0,1.0],"evs":[0.0,1.54752]},"A4s":{"weight":1.0,"played":[0.0,1.0],"evs":[0.0,1.93676]},"A5s":{"weight":1.0,"played":[0.0,1.0],"evs":[0.0,2.29699]},"A6s":{"weight":1.0,"played":[0.0,1.0],"evs":[0.0,1.80758]},"A7s":{"weight":1.0,"played":[0.0,1.0],"evs":[0.0,2.76733]},"A8s":{"weight":1.0,"played":[0.0,1.0],"evs":[0.0,3.40622]},"A9s":{"weight":1.0,"played":[0.0,1.0],"evs":[0.0,4.38331]},"ATs":{"weight":1.0,"played":[0.0,1.0],"evs":[0.0,6.15251]},"AJs":{"weight":1.0,"played":[0.0,1.0],"evs":[0.0,7.67922]},"AQs":{"weight":1.0,"played":[0.0,1.0],"evs":[0.0,9.91943]},"AKs":{"weight":1.0,"played":[0.0,1.0],"evs":[0.0,11.87525]},"AA":{"weight":1.0,"played":[0.0,1.0],"evs":[0.0,31.20025]}}}