{"player":5,"street":0,"children":2,"sequence":[{"player":0,"type":"F","amount":0,"street":0},{"player":1,"type":"R","amount":955000,"street":0},{"player":2,"type":"F","amount":0,"street":0},{"player":3,"type":"F","amount":0,"street":0},{"player":4,"type":"F","amount":0,"street":0}],"actions":[{"type":"F","amount":0},{"type":"C","amount":855000}],"hands":{"22":{"weight":1.0,"played":[0.0,1.0],"evs":[0.0,2.07487]},"32o":{"weight":1.0,"played":[1.0,0.0],"evs":[0.0,-3.00089]},"42o":{"weight":1.0,"played":[1.0,0.0],"evs":[0.0,-2.75662]},"52o":{"weight":1.0,"played":[1.0,0.0],"evs":[0.0,-2.54186]},"62o":{"weight":1.0,"played":[1.0,0.0],"evs":[0.0,-2.90611]},"72o":{"weight":1.0,"played":[1.0,0.0],"evs":[0.0,-3.07836]},"82o":{"weight":1.0,"played":[1.0,0.0],"evs":[0.0,-2.85058]},"92o":{"weight":1.0,"played":[1.0,0.0],"evs":[0.0,-2.75333]},"T2o":{"weight":1.0,"played":[1.0,0.0],"evs":[0.0,-2.6057]},"J2o":{"weight":1.0,"played":[1.0,0.0],"evs":[0.0,-2.31065]},"Q2o":{"weight":1.0,"played":[1.0,0.0],"evs":[0.0,-1.9021]},"K2o":{"weight":1.0,"played":[1.0,0.0],"evs":[0.0,-1.0445]},"A2o":{"weight":1.0,"played":[0.0,1.0],"evs":[0.0,1.22005]},"32s":{"weight":1.0,"played":[1.0,0.0],"evs":[0.0,-1.76222]},"33":{"weight":1.0,"played":[0.0,1.0],"evs":[0.0,2.63563]},"43o":{"weight":1.0,"played":[1.0,0.0],"evs":[0.0,-2.35312]},"53o":{"weight":1.0,"played":[1.0,0.0],"evs":[0.0,-2.13018]},"63o":{"weight":1.0,"played":[1.0,0.0],"evs":[0.0,-2.47549]},"73o":{"weight":1.0,"played":[1.0,0.0],"evs":[0.0,-2.65972]},"83o":{"weight":1.0,"played":[1.0,0.0],"evs":[0.0,-2.86055]},"93o":{"weight":1.0,"played":[1.0,0.0],"evs":[0.0,-2.66628]},"T3o":{"weight":1.0,"played":[1.0,0.0],"evs":[0.0,-2.52553]},"J3o":{"weight":1.0,"played":[1.0,0.0],"evs":[0.0,-2.22539]},"Q3o":{"weight":1.0,"played":[1.0,0.0],"evs":[0.0,-1.82793]},"K3o":{"weight":1.0,"played":[1.0,0.0],"evs":[0.0,-0.96519]},"A3o":{"weight":1.0,"played":[0.0,1.0],"evs":[0.0,1.38857]},"42s":{"weight":1.0,"played":[1.0,0.0],"evs":[0.0,-1.53873]},"43s":{"weight":1.0,"played":[1.0,0.0],"evs":[0.0,-1.16335]},"44":{"weight":1.0,"played":[0.0,1.0],"evs":[0.0,3.3025]},"54o":{"weight":1.0,"played":[1.0,0.0],"evs":[0.0,-1.57945]},"64o":{"weight":1.0,"played":[1.0,0.0],"evs":[0.0,-1.92619]},"74o":{"weight":1.0,"played":[1.0,0.0],"evs":[0.0,-2.10705]},"84o":{"weight":1.0,"played":[1.0,0.0],"evs":[0.0,-2.31291]},"94o":{"weight":1.0,"played":[1.0,0.0],"evs":[0.0,-2.55156]},"T4o":{"weight":1.0,"played":[1.0,0.0],"evs":[0.0,-2.3079]},"J4o":{"weight":1.0,"played":[1.0,0.0],"evs":[0.0,-2.00976]},"Q4o":{"weight":1.0,"played":[1.0,0.0],"evs":[0.0,-1.60687]},"K4o":{"weight":1.0,"played":[1.0,0.0],"evs":[0.0,-0.76266]},"A4o":{"weight":1.0,"played":[0.0,1.0],"evs":[0.0,1.60346]},"52s":{"weight":1.0,"played":[1.0,0.0],"evs":[0.0,-1.33372]},"53s":{"weight":1.0,"played":[1.0,0.0],"evs":[0.0,-0.96162]},"54s":{"weight":1.0,"played":[1.0,0.0],"evs":[0.0,-0.43554]},"55":{"weight":1.0,"played":[0.0,1.0],"evs":[0.0,4.01161]},"65o":{"weight":1.0,"played":[1.0,0.0],"evs":[0.0,-1.39054]},"75o":{"weight":1.0,"played":[1.0,0.0],"evs":[0.0,-1.55894]},"85o":{"weight":1.0,"played":[1.0,0.0],"evs":[0.0,-1.7545]},"95o":{"weight":1.0,"played":[1.0,0.0],"evs":[0.0,-1.99374]},"T5o":{"weight":1.0,"played":[1.0,0.0],"evs":[0.0,-2.17491]},"J5o":{"weight":1.0,"played":[1.0,0.0],"evs":[0.0,-1.78425]},"Q5o":{"weight":1.0,"played":[1.0,0.0],"evs":[0.0,-1.39185]},"K5o":{"weight":1.0,"played":[1.0,0.0],"evs":[0.0,-0.5513]},"A5o":{"weight":1.0,"played":[0.0,1.0],"evs":[0.0,1.92819]},"62s":{"weight":1.0,"played":[1.0,0.0],"evs":[0.0,-1.67713]},"63s":{"weight":1.0,"played":[1.0,0.0],"evs":[0.0,-1.28036]},"64s":{"weight":1.0,"played":[1.0,0.0],"evs":[0.0,-0.76565]},"65s":{"weight":1.0,"played":[1.0,0.0],"evs":[0.0,-0.26306]},"66":{"weight":1.0,"played":[0.0,1.0],"evs":[0.0,4.57159]},"76o":{"weight":1.0,"played":[1.0,0.0],"evs":[0.0,-1.10602]},"86o":{"weight":1.0,"played":[1.0,0.0],"evs":[0.0,-1.2865]},"96o":{"weight":1.0,"played":[1.0,0.0],"evs":[0.0,-1.52183]},"T6o":{"weight":1.0,"played":[1.0,0.0],"evs":[0.0,-1.71743]},"J6o":{"weight":1.0,"played":[1.0,0.0],"evs":[0.0,-1.74453]},"Q6o":{"weight":1.0,"played":[1.0,0.0],"evs":[0.0,-1.25619]},"K6o":{"weight":1.0,"played":[1.0,0.0],"evs":[0.0,-0.3712]},"A6o":{"weight":1.0,"played":[0.0,1.0],"evs":[0.0,2.04055]},"72s":{"weight":1.0,"played":[1.0,0.0],"evs":[0.0,-1.82755]},"73s":{"weight":1.0,"played":[1.0,0.0],"evs":[0.0,-1.4397]},"74s":{"weight":1.0,"played":[1.0,0.0],"evs":[0.0,-0.92978]},"75s":{"weight":1.0,"played":[1.0,0.0],"evs":[0.0,-0.42612]},"76s":{"weight":1.0,"played":[0.4108,0.5892],"evs":[0.0,0.00739]},"77":{"weight":1.0,"played":[0.0,1.0],"evs":[0.0,5.25457]},"87o":{"weight":1.0,"played":[1.0,0.0],"evs":[0.0,-0.81171]},"97o":{"weight":1.0,"played":[1.0,0.0],"evs":[0.0,-1.02997]},"T7o":{"weight":1.0,"played":[1.0,0.0],"evs":[0.0,-1.21818]},"J7o":{"weight":1.0,"played":[1.0,0.0],"evs":[0.0,-1.2497]},"Q7o":{"weight":1.0,"played":[1.0,0.0],"evs":[0.0,-1.17676]},"K7o":{"weight":1.0,"played":[1.0,0.0],"evs":[0.0,-0.14726]},"A7o":{"weight":1.0,"played":[0.0,1.0],"evs":[0.0,2.69278]},"82s":{"weight":1.0,"played":[1.0,0.0],"evs":[0.0,-1.62399]},"83s":{"weight":1.0,"played":[1.0,0.0],"evs":[0.0,-1.6336]},"84s":{"weight":1.0,"played":[1.0,0.0],"evs":[0.0,-1.10637]},"85s":{"weight":1.0,"played":[1.0,0.0],"evs":[0.0,-0.59173]},"86s":{"weight":1.0,"played":[1.0,0.0],"evs":[0.0,-0.16085]},"87s":{"weight":1.0,"played":[0.0,1.0],"evs":[0.0,0.27821]},"88":{"weight":1.0,"played":[0.0,1.0],"evs":[0.0,5.96973]},"98o":{"weight":1.0,"played":[1.0,0.0],"evs":[0.0,-0.55587]},"T8o":{"weight":1.0,"played":[1.0,0.0],"evs":[0.0,-0.70739]},"J8o":{"weight":1.0,"played":[1.0,0.0],"evs":[0.0,-0.74827]},"Q8o":{"weight":1.0,"played":[1.0,0.0],"evs":[0.0,-0.69036]},"K8o":{"weight":1.0,"played":[0.1256,0.8744],"evs":[0.0,0.04713]},"A8o":{"weight":1.0,"played":[0.0,1.0],"evs":[0.0,3.43272]},"92s":{"weight":1.0,"played":[1.0,0.0],"evs":[0.0,-1.5155]},"93s":{"weight":1.0,"played":[1.0,0.0],"evs":[0.0,-1.45146]},"94s":{"weight":1.0,"played":[1.0,0.0],"evs":[0.0,-1.3534]},"95s":{"weight":1.0,"played":[1.0,0.0],"evs":[0.0,-0.82255]},"96s":{"weight":1.0,"played":[1.0,0.0],"evs":[0.0,-0.36572]},"97s":{"weight":1.0,"played":[0.0,1.0],"evs":[0.0,0.08916]},"98s":{"weight":1.0,"played":[0.0,1.0],"evs":[0.0,0.52782]},"99":{"weight":1.0,"played":[0.0,1.0],"evs":[0.0,6.77769]},"T9o":{"weight":1.0,"played":[1.0,0.0],"evs":[0.0,-0.23962]},"J9o":{"weight":1.0,"played":[1.0,0.0],"evs":[0.0,-0.24296]},"Q9o":{"weight":1.0,"played":[1.0,0.0],"evs":[0.0,-0.12897]},"K9o":{"weight":1.0,"played":[0.0,1.0],"evs":[0.0,0.69062]},"A9o":{"weight":1.0,"played":[0.0,1.0],"evs":[0.0,4.32249]},"T2s":{"weight":1.0,"played":[1.0,0.0],"evs":[0.0,-1.39807]},"T3s":{"weight":1.0,"played":[1.0,0.0],"evs":[0.0,-1.32296]},"T4s":{"weight":1.0,"played":[1.0,0.0],"evs":[0.0,-1.1196]},"T5s":{"weight":1.0,"played":[1.0,0.0],"evs":[0.0,-0.9792]},"T6s":{"weight":1.0,"played":[1.0,0.0],"evs":[0.0,-0.54773]},"T7s":{"weight":1.0,"played":[1.0,0.0],"evs":[0.0,-0.0874]},"T8s":{"weight":1.0,"played":[0.0,1.0],"evs":[0.0,0.38042]},"T9s":{"weight":1.0,"played":[0.0,1.0],"evs":[0.0,0.82656]},"TT":{"weight":1.0,"played":[0.0,1.0],"evs":[0.0,8.07313]},"JTo":{"weight":1.0,"played":[0.0,1.0],"evs":[0.0,0.48732]},"QTo":{"weight":1.0,"played":[0.0,1.0],"evs":[0.0,0.78081]},"KTo":{"weight":1.0,"played":[0.0,1.0],"evs":[0.0,1.7628]},"ATo":{"weight":1.0,"played":[0.0,1.0],"evs":[0.0,5.83819]},"J2s":{"weight":1.0,"played":[1.0,0.0],"evs":[0.0,-1.10892]},"J3s":{"weight":1.0,"played":[1.0,0.0],"evs":[0.0,-1.00969]},"J4s":{"weight":1.0,"played":[1.0,0.0],"evs":[0.0,-0.80951]},"J5s":{"weight":1.0,"played":[1.0,0.0],"evs":[0.0,-0.6132]},"J6s":{"weight":1.0,"played":[1.0,0.0],"evs":[0.0,-0.57969]},"J7s":{"weight":1.0,"played":[1.0,0.0],"evs":[0.0,-0.10562]},"J8s":{"weight":1.0,"played":[0.0,1.0],"evs":[0.0,0.34108]},"J9s":{"weight":1.0,"played":[0.0,1.0],"evs":[0.0,0.83024]},"JTs":{"weight":1.0,"played":[0.0,1.0],"evs":[0.0,1.51484]},"JJ":{"weight":1.0,"played":[0.0,1.0],"evs":[0.0,9.27857]},"QJo":{"weight":1.0,"played":[0.0,1.0],"evs":[0.0,1.43904]},"KJo":{"weight":1.0,"played":[0.0,1.0],"evs":[0.0,2.4494]},"AJo":{"weight":1.0,"played":[0.0,1.0],"evs":[0.0,6.76201]},"Q2s":{"weight":1.0,"played":[1.0,0.0],"evs":[0.0,-0.70632]},"Q3s":{"weight":1.0,"played":[1.0,0.0],"evs":[0.0,-0.62245]},"Q4s":{"weight":1.0,"played":[1.0,0.0],"evs":[0.0,-0.44172]},"Q5s":{"weight":1.0,"played":[1.0,0.0],"evs":[0.0,-0.23035]},"Q6s":{"weight":1.0,"played":[0.9997,3.0E-4],"evs":[0.0,-0.09608]},"Q7s":{"weight":1.0,"played":[0.9945,0.0055],"evs":[0.0,-0.02411]},"Q8s":{"weight":1.0,"played":[0.0,1.0],"evs":[0.0,0.42824]},"Q9s":{"weight":1.0,"played":[0.0,1.0],"evs":[0.0,0.95566]},"QTs":{"weight":1.0,"played":[0.0,1.0],"evs":[0.0,1.80335]},"QJs":{"weight":1.0,"played":[0.0,1.0],"evs":[0.0,2.3995]},"QQ":{"weight":1.0,"played":[0.0,1.0],"evs":[0.0,10.45869]},"KQo":{"weight":1.0,"played":[0.0,1.0],"evs":[0.0,3.15602]},"AQo":{"weight":1.0,"played":[0.0,1.0],"evs":[0.0,7.6767]},"K2s":{"weight":1.0,"played":[0.0,1.0],"evs":[0.0,0.12117]},"K3s":{"weight":1.0,"played":[0.0,1.0],"evs":[0.0,0.18109]},"K4s":{"weight":1.0,"played":[0.0,1.0],"evs":[0.0,0.39478]},"K5s":{"weight":1.0,"played":[0.0,1.0],"evs":[0.0,0.57469]},"K6s":{"weight":1.0,"played":[0.0,1.0],"evs":[0.0,0.75425]},"K7s":{"weight":1.0,"played":[0.0,1.0],"evs":[0.0,0.9528]},"K8s":{"weight":1.0,"played":[0.0,1.0],"evs":[0.0,1.12703]},"K9s":{"weight":1.0,"played":[0.0,1.0],"evs":[0.0,1.73437]},"KTs":{"weight":1.0,"played":[0.0,1.0],"evs":[0.0,2.71796]},"KJs":{"weight":1.0,"played":[0.0,1.0],"evs":[0.0,3.34659]},"KQs":{"weight":1.0,"played":[0.0,1.0],"evs":[0.0,4.02303]},"KK":{"weight":1.0,"played":[0.0,1.0],"evs":[0.0,11.83987]},"AKo":{"weight":1.0,"played":[0.0,1.0],"evs":[0.0,8.72594]},"A2s":{"weight":1.0,"played":[0.0,1.0],"evs":[0.0,2.26109]},"A3s":{"weight":1.0,"played":[0.0,1.0],"evs":[0.0,2.40421]},"A4s":{"weight":1.0,"played":[0.0,1.0],"evs":[0.0,2.62906]},"A5s":{"weight":1.0,"played":[0.0,1.0],"evs":[0.0,2.90668]},"A6s":{"weight":1.0,"played":[0.0,1.0],"evs":[0.0,3.0039]},"A7s":{"weight":1.0,"played":[0.0,1.0],"evs":[0.0,3.62283]},"A8s":{"weight":1.0,"played":[0.0,1.0],"evs":[0.0,4.29133]},"A9s":{"weight":1.0,"played":[0.0,1.0],"evs":[0.0,5.12305]},"ATs":{"weight":1.0,"played":[0.0,1.0],"evs":[0.0,6.53985]},"AJs":{"weight":1.0,"played":[0.0,1.0],"evs":[0.0,7.41787]},"AQs":{"weight":1.0,"played":[0.0,1.0],"evs":[0.0,8.26465]},"AKs":{"weight":1.0,"played":[0.0,1.0],"evs":[0.0,9.23111]},"AA":{"weight":1.0,"played":[0.0,1.0],"evs":[0.0,15.60887]}}}