{"player":3,"street":0,"children":2,"sequence":[{"player":0,"type":"F","amount":0,"street":0},{"player":1,"type":"R","amount":955000,"street":0},{"player":2,"type":"F","amount":0,"street":0},{"player":3,"type":"C","amount":955000,"street":0},{"player":4,"type":"F","amount":0,"street":0},{"player":5,"type":"R","amount":1145000,"street":0}],"actions":[{"type":"F","amount":0},{"type":"C","amount":190000}],"hands":{"22":{"weight":0.573,"played":[0.0,1.0],"evs":[0.0,11.96506]},"32o":{"weight":0.0,"played":[0.0,1.0],"evs":[0.0,7.36074]},"42o":{"weight":0.0,"played":[0.0,1.0],"evs":[0.0,7.68388]},"52o":{"weight":0.0,"played":[0.0,1.0],"evs":[0.0,7.97135]},"62o":{"weight":0.0,"played":[0.0,1.0],"evs":[0.0,7.48859]},"72o":{"weight":0.0,"played":[0.0,1.0],"evs":[0.0,7.03779]},"82o":{"weight":0.0,"played":[0.0,1.0],"evs":[0.0,7.37197]},"92o":{"weight":0.0,"played":[0.0,1.0],"evs":[0.0,6.98015]},"T2o":{"weight":0.0,"played":[0.0,1.0],"evs":[0.0,7.0317]},"J2o":{"weight":0.0,"played":[0.0,1.0],"evs":[0.0,7.94344]},"Q2o":{"weight":0.0,"played":[0.0,1.0],"evs":[0.0,8.29549]},"K2o":{"weight":0.0,"played":[0.0,1.0],"evs":[0.0,9.40153]},"A2o":{"weight":0.0,"played":[0.0,1.0],"evs":[0.0,10.9555]},"32s":{"weight":0.0,"played":[0.0,1.0],"evs":[0.0,9.34708]},"33":{"weight":0.6376,"played":[0.0,1.0],"evs":[0.0,12.62638]},"43o":{"weight":0.0,"played":[0.0,1.0],"evs":[0.0,8.43924]},"53o":{"weight":0.0,"played":[0.0,1.0],"evs":[0.0,8.73533]},"63o":{"weight":0.0,"played":[0.0,1.0],"evs":[0.0,8.24545]},"73o":{"weight":0.0,"played":[0.0,1.0],"evs":[0.0,7.7928]},"83o":{"weight":0.0,"played":[0.0,1.0],"evs":[0.0,7.41854]},"93o":{"weight":0.0,"played":[0.0,1.0],"evs":[0.0,7.15468]},"T3o":{"weight":0.0,"played":[0.0,1.0],"evs":[0.0,7.2056]},"J3o":{"weight":0.0,"played":[0.0,1.0],"evs":[0.0,8.13632]},"Q3o":{"weight":0.0,"played":[0.0,1.0],"evs":[0.0,8.46755]},"K3o":{"weight":0.0,"played":[0.0,1.0],"evs":[0.0,9.65708]},"A3o":{"weight":0.0,"played":[0.0,1.0],"evs":[0.0,11.30344]},"42s":{"weight":0.0,"played":[0.0,1.0],"evs":[0.0,9.52937]},"43s":{"weight":0.0,"played":[0.0,1.0],"evs":[0.0,10.24637]},"44":{"weight":0.5341,"played":[0.0,1.0],"evs":[0.0,13.6017]},"54o":{"weight":0.0,"played":[0.0,1.0],"evs":[0.0,9.54561]},"64o":{"weight":0.0,"played":[0.0,1.0],"evs":[0.0,9.10686]},"74o":{"weight":0.0,"played":[0.0,1.0],"evs":[0.0,8.65549]},"84o":{"weight":0.0,"played":[0.0,1.0],"evs":[0.0,8.24048]},"94o":{"weight":0.0,"played":[0.0,1.0],"evs":[0.0,7.3279]},"T4o":{"weight":0.0,"played":[0.0,1.0],"evs":[0.0,7.50281]},"J4o":{"weight":0.0,"played":[0.0,1.0],"evs":[0.0,8.40942]},"Q4o":{"weight":0.0,"played":[0.0,1.0],"evs":[0.0,8.79154]},"K4o":{"weight":0.0,"played":[0.0,1.0],"evs":[0.0,9.93396]},"A4o":{"weight":0.0,"played":[0.0,1.0],"evs":[0.0,11.68393]},"52s":{"weight":0.0,"played":[0.0,1.0],"evs":[0.0,9.86827]},"53s":{"weight":0.0,"played":[0.0,1.0],"evs":[0.0,10.57663]},"54s":{"weight":0.0,"played":[0.0,1.0],"evs":[0.0,11.32635]},"55":{"weight":0.4555,"played":[0.0,1.0],"evs":[0.0,14.55531]},"65o":{"weight":0.0,"played":[0.0,1.0],"evs":[0.0,9.8712]},"75o":{"weight":0.0,"played":[0.0,1.0],"evs":[0.0,9.50413]},"85o":{"weight":0.0,"played":[0.0,1.0],"evs":[0.0,9.15704]},"95o":{"weight":0.0,"played":[0.0,1.0],"evs":[0.0,8.21316]},"T5o":{"weight":0.0,"played":[0.0,1.0],"evs":[0.0,7.70039]},"J5o":{"weight":0.0,"played":[0.0,1.0],"evs":[0.0,8.71063]},"Q5o":{"weight":0.0,"played":[0.0,1.0],"evs":[0.0,9.11652]},"K5o":{"weight":0.0,"played":[0.0,1.0],"evs":[0.0,10.24074]},"A5o":{"weight":0.0211,"played":[0.0,1.0],"evs":[0.0,12.10056]},"62s":{"weight":0.0,"played":[0.0,1.0],"evs":[0.0,9.43691]},"63s":{"weight":0.0,"played":[0.0,1.0],"evs":[0.0,10.17428]},"64s":{"weight":0.0,"played":[0.0,1.0],"evs":[0.0,10.93752]},"65s":{"weight":0.0,"played":[0.0,1.0],"evs":[0.0,11.68829]},"66":{"weight":0.474,"played":[0.0,1.0],"evs":[0.0,15.45168]},"76o":{"weight":0.0,"played":[0.0,1.0],"evs":[0.0,10.18336]},"86o":{"weight":0.0,"played":[0.0,1.0],"evs":[0.0,9.8582]},"96o":{"weight":0.0,"played":[0.0,1.0],"evs":[0.0,8.97867]},"T6o":{"weight":0.0,"played":[0.0,1.0],"evs":[0.0,8.52269]},"J6o":{"weight":0.0,"played":[0.0,1.0],"evs":[0.0,8.9054]},"Q6o":{"weight":0.0,"played":[0.0,1.0],"evs":[0.0,9.45184]},"K6o":{"weight":0.0,"played":[0.0,1.0],"evs":[0.0,10.64442]},"A6o":{"weight":0.0,"played":[0.0,1.0],"evs":[0.0,11.99073]},"72s":{"weight":0.0,"played":[0.0,1.0],"evs":[0.0,9.0388]},"73s":{"weight":0.0,"played":[0.0,1.0],"evs":[0.0,9.68505]},"74s":{"weight":0.0,"played":[0.0,1.0],"evs":[0.0,10.49597]},"75s":{"weight":0.0,"played":[0.0,1.0],"evs":[0.0,11.32228]},"76s":{"weight":0.0,"played":[0.0,1.0],"evs":[0.0,11.94897]},"77":{"weight":0.4569,"played":[0.0,1.0],"evs":[0.0,16.46904]},"87o":{"weight":0.0,"played":[0.0,1.0],"evs":[0.0,10.51216]},"97o":{"weight":0.0,"played":[0.0,1.0],"evs":[0.0,9.65399]},"T7o":{"weight":0.0,"played":[0.0,1.0],"evs":[0.0,9.26425]},"J7o":{"weight":0.0,"played":[0.0,1.0],"evs":[0.0,9.59399]},"Q7o":{"weight":0.0,"played":[0.0,1.0],"evs":[0.0,9.47392]},"K7o":{"weight":0.0,"played":[0.0,1.0],"evs":[0.0,10.86785]},"A7o":{"weight":0.6632,"played":[0.0,1.0],"evs":[0.0,12.62767]},"82s":{"weight":0.0,"played":[0.0,1.0],"evs":[0.0,9.36384]},"83s":{"weight":0.0,"played":[0.0,1.0],"evs":[0.0,9.3132]},"84s":{"weight":0.0,"played":[0.0,1.0],"evs":[0.0,10.13548]},"85s":{"weight":0.0,"played":[0.0,1.0],"evs":[0.0,11.03035]},"86s":{"weight":0.0,"played":[0.0,1.0],"evs":[0.0,11.6908]},"87s":{"weight":0.0,"played":[0.0,1.0],"evs":[0.0,12.28194]},"88":{"weight":0.4519,"played":[0.0,1.0],"evs":[0.0,17.46464]},"98o":{"weight":0.0,"played":[0.0,1.0],"evs":[0.0,10.36076]},"T8o":{"weight":0.0,"played":[0.0,1.0],"evs":[0.0,10.14711]},"J8o":{"weight":0.0,"played":[0.0,1.0],"evs":[0.0,10.43308]},"Q8o":{"weight":0.0,"played":[0.0,1.0],"evs":[0.0,10.35478]},"K8o":{"weight":0.0,"played":[0.0,1.0],"evs":[0.0,11.11672]},"A8o":{"weight":0.5015,"played":[0.0,1.0],"evs":[0.0,13.33796]},"92s":{"weight":0.0,"played":[0.0,1.0],"evs":[0.0,8.99026]},"93s":{"weight":0.0,"played":[0.0,1.0],"evs":[0.0,9.154]},"94s":{"weight":0.0,"played":[0.0,1.0],"evs":[0.0,9.31182]},"95s":{"weight":0.0,"played":[0.0,1.0],"evs":[0.0,10.02925]},"96s":{"weight":0.0,"played":[0.0,1.0],"evs":[0.0,10.83993]},"97s":{"weight":0.0,"played":[0.0,1.0],"evs":[0.0,11.51635]},"98s":{"weight":0.0,"played":[0.0,1.0],"evs":[0.0,12.11474]},"99":{"weight":0.4675,"played":[0.0,1.0],"evs":[0.0,18.49265]},"T9o":{"weight":0.0,"played":[0.0,1.0],"evs":[0.0,10.48417]},"J9o":{"weight":0.0,"played":[0.0,1.0],"evs":[0.0,10.796]},"Q9o":{"weight":0.0,"played":[0.0,1.0],"evs":[0.0,10.82758]},"K9o":{"weight":0.0,"played":[0.0,1.0],"evs":[0.0,11.78223]},"A9o":{"weight":0.5931,"played":[0.0,1.0],"evs":[0.0,14.1424]},"T2s":{"weight":0.0,"played":[0.0,1.0],"evs":[0.0,9.04374]},"T3s":{"weight":0.0,"played":[0.0,1.0],"evs":[0.0,9.22502]},"T4s":{"weight":0.0,"played":[0.0,1.0],"evs":[0.0,9.45917]},"T5s":{"weight":0.0,"played":[0.0,1.0],"evs":[0.0,9.66814]},"T6s":{"weight":0.0,"played":[0.0,1.0],"evs":[0.0,10.47546]},"T7s":{"weight":0.0,"played":[0.0,1.0],"evs":[0.0,11.18995]},"T8s":{"weight":0.0,"played":[0.0,1.0],"evs":[0.0,11.9358]},"T9s":{"weight":0.2753,"played":[0.0,1.0],"evs":[0.0,12.28063]},"TT":{"weight":0.4495,"played":[0.0,1.0],"evs":[0.0,21.02169]},"JTo":{"weight":0.0,"played":[0.0,1.0],"evs":[0.0,11.91805]},"QTo":{"weight":0.0,"played":[0.0,1.0],"evs":[0.0,12.17679]},"KTo":{"weight":0.4369,"played":[0.0,1.0],"evs":[0.0,13.35367]},"ATo":{"weight":0.4857,"played":[0.0,1.0],"evs":[0.0,16.32416]},"J2s":{"weight":0.0,"played":[0.0,1.0],"evs":[0.0,9.91821]},"J3s":{"weight":0.0,"played":[0.0,1.0],"evs":[0.0,10.07767]},"J4s":{"weight":0.0,"played":[0.0,1.0],"evs":[0.0,10.40205]},"J5s":{"weight":0.0,"played":[0.0,1.0],"evs":[0.0,10.57648]},"J6s":{"weight":0.0,"played":[0.0,1.0],"evs":[0.0,10.83009]},"J7s":{"weight":0.0,"played":[0.0,1.0],"evs":[0.0,11.45507]},"J8s":{"weight":0.0,"played":[0.0,1.0],"evs":[0.0,12.24027]},"J9s":{"weight":0.0243,"played":[0.0,1.0],"evs":[0.0,12.66257]},"JTs":{"weight":0.275,"played":[0.0,1.0],"evs":[0.0,13.69278]},"JJ":{"weight":0.4302,"played":[0.0,1.0],"evs":[0.0,23.59494]},"QJo":{"weight":0.3204,"played":[0.0,1.0],"evs":[0.0,13.39891]},"KJo":{"weight":0.4937,"played":[0.0,1.0],"evs":[0.0,14.43382]},"AJo":{"weight":0.6378,"played":[0.0,1.0],"evs":[0.0,17.33396]},"Q2s":{"weight":0.0,"played":[0.0,1.0],"evs":[0.0,10.32381]},"Q3s":{"weight":0.0,"played":[0.0,1.0],"evs":[0.0,10.47705]},"Q4s":{"weight":0.0,"played":[0.0,1.0],"evs":[0.0,10.69353]},"Q5s":{"weight":0.0,"played":[0.0,1.0],"evs":[0.0,10.99108]},"Q6s":{"weight":0.0,"played":[0.0,1.0],"evs":[0.0,11.32886]},"Q7s":{"weight":0.0,"played":[0.0,1.0],"evs":[0.0,11.43828]},"Q8s":{"weight":0.0,"played":[0.0,1.0],"evs":[0.0,12.1448]},"Q9s":{"weight":0.4082,"played":[0.0,1.0],"evs":[0.0,12.67773]},"QTs":{"weight":0.4764,"played":[0.0,1.0],"evs":[0.0,13.86834]},"QJs":{"weight":0.3024,"played":[0.0,1.0],"evs":[0.0,15.05934]},"QQ":{"weight":0.6268,"played":[0.0,1.0],"evs":[0.0,26.023]},"KQo":{"weight":0.5154,"played":[0.0,1.0],"evs":[0.0,15.14043]},"AQo":{"weight":0.671,"played":[0.0,1.0],"evs":[0.0,18.64752]},"K2s":{"weight":0.0,"played":[0.0,1.0],"evs":[0.0,11.39918]},"K3s":{"weight":0.0,"played":[0.0,1.0],"evs":[0.0,11.64566]},"K4s":{"weight":0.0,"played":[0.0,1.0],"evs":[0.0,11.86246]},"K5s":{"weight":0.0,"played":[0.0,1.0],"evs":[0.0,12.18711]},"K6s":{"weight":0.0,"played":[0.0,1.0],"evs":[0.0,12.52053]},"K7s":{"weight":0.0,"played":[0.0,1.0],"evs":[0.0,12.71632]},"K8s":{"weight":0.2347,"played":[0.0,1.0],"evs":[0.0,12.99206]},"K9s":{"weight":0.3818,"played":[0.0,1.0],"evs":[0.0,13.57783]},"KTs":{"weight":0.5735,"played":[0.0,1.0],"evs":[0.0,15.09983]},"KJs":{"weight":0.5038,"played":[0.0,1.0],"evs":[0.0,16.1103]},"KQs":{"weight":0.5226,"played":[0.0,1.0],"evs":[0.0,16.72191]},"KK":{"weight":0.6017,"played":[0.0,1.0],"evs":[0.0,29.15836]},"AKo":{"weight":0.6712,"played":[0.0,1.0],"evs":[0.0,20.29845]},"A2s":{"weight":0.5589,"played":[0.0,1.0],"evs":[0.0,12.90834]},"A3s":{"weight":0.5251,"played":[0.0,1.0],"evs":[0.0,13.26315]},"A4s":{"weight":0.4993,"played":[0.0,1.0],"evs":[0.0,13.58478]},"A5s":{"weight":0.5019,"played":[0.0,1.0],"evs":[0.0,13.93703]},"A6s":{"weight":0.5592,"played":[0.0,1.0],"evs":[0.0,13.88387]},"A7s":{"weight":0.68,"played":[0.0,1.0],"evs":[0.0,14.52653]},"A8s":{"weight":0.714,"played":[0.0,1.0],"evs":[0.0,15.18914]},"A9s":{"weight":0.6127,"played":[0.0,1.0],"evs":[0.0,15.90891]},"ATs":{"weight":0.6241,"played":[0.0,1.0],"evs":[0.0,17.9049]},"AJs":{"weight":0.6262,"played":[0.0,1.0],"evs":[0.0,18.90144]},"AQs":{"weight":0.7109,"played":[0.0,1.0],"evs":[0.0,20.05377]},"AKs":{"weight":0.6881,"played":[0.0,1.0],"evs":[0.0,21.68508]},"AA":{"weight":0.5915,"played":[0.0,1.0],"evs":[0.0,34.87185]}}}