{"player":5,"street":0,"children":3,"sequence":[{"player":0,"type":"F","amount":0,"street":0},{"player":1,"type":"R","amount":955000,"street":0},{"player":2,"type":"F","amount":0,"street":0},{"player":3,"type":"C","amount":955000,"street":0},{"player":4,"type":"C","amount":805000,"street":0}],"actions":[{"type":"F","amount":0},{"type":"C","amount":855000},{"type":"R","amount":1145000,"node":34}],"hands":{"22":{"weight":1.0,"played":[0.0,0.1165,0.8835],"evs":[0.0,2.15905,2.15951]},"32o":{"weight":1.0,"played":[1.0,0.0,0.0],"evs":[0.0,-2.87435,-2.90571]},"42o":{"weight":1.0,"played":[1.0,0.0,0.0],"evs":[0.0,-2.34333,-2.38079]},"52o":{"weight":1.0,"played":[1.0,0.0,0.0],"evs":[0.0,-1.87472,-1.89567]},"62o":{"weight":1.0,"played":[1.0,0.0,0.0],"evs":[0.0,-2.41836,-2.47042]},"72o":{"weight":1.0,"played":[1.0,0.0,0.0],"evs":[0.0,-3.36056,-3.38595]},"82o":{"weight":1.0,"played":[1.0,0.0,0.0],"evs":[0.0,-2.94032,-2.96584]},"92o":{"weight":1.0,"played":[1.0,0.0,0.0],"evs":[0.0,-3.12313,-3.13638]},"T2o":{"weight":1.0,"played":[1.0,0.0,0.0],"evs":[0.0,-3.4438,-3.4418]},"J2o":{"weight":1.0,"played":[1.0,0.0,0.0],"evs":[0.0,-3.23593,-3.23366]},"Q2o":{"weight":1.0,"played":[1.0,0.0,0.0],"evs":[0.0,-2.87596,-2.87617]},"K2o":{"weight":1.0,"played":[1.0,0.0,0.0],"evs":[0.0,-2.60508,-2.60334]},"A2o":{"weight":1.0,"played":[1.0,0.0,0.0],"evs":[0.0,-2.40171,-2.40107]},"32s":{"weight":1.0,"played":[1.0,0.0,0.0],"evs":[0.0,-0.214,-0.24679]},"33":{"weight":1.0,"played":[0.0,0.0,1.0],"evs":[0.0,2.9708,2.9727]},"43o":{"weight":1.0,"played":[1.0,0.0,0.0],"evs":[0.0,-1.23096,-1.25569]},"53o":{"weight":1.0,"played":[1.0,0.0,0.0],"evs":[0.0,-0.76938,-0.79174]},"63o":{"weight":1.0,"played":[1.0,0.0,0.0],"evs":[0.0,-1.41178,-1.44919]},"73o":{"weight":1.0,"played":[1.0,0.0,0.0],"evs":[0.0,-2.25376,-2.28237]},"83o":{"weight":1.0,"played":[1.0,0.0,0.0],"evs":[0.0,-2.84672,-2.86257]},"93o":{"weight":1.0,"played":[1.0,0.0,0.0],"evs":[0.0,-2.74158,-2.75042]},"T3o":{"weight":1.0,"played":[1.0,0.0,0.0],"evs":[0.0,-3.06294,-3.0613]},"J3o":{"weight":1.0,"played":[1.0,0.0,0.0],"evs":[0.0,-2.87958,-2.88]},"Q3o":{"weight":1.0,"played":[1.0,0.0,0.0],"evs":[0.0,-2.44779,-2.44678]},"K3o":{"weight":1.0,"played":[1.0,0.0,0.0],"evs":[0.0,-2.21167,-2.21168]},"A3o":{"weight":1.0,"played":[1.0,0.0,0.0],"evs":[0.0,-2.00493,-2.00582]},"42s":{"weight":1.0,"played":[0.4044,0.514,0.0815],"evs":[0.0,0.21921,0.18996]},"43s":{"weight":1.0,"played":[5.0E-4,0.9912,0.0083],"evs":[0.0,1.12048,1.09623]},"44":{"weight":1.0,"played":[0.0,0.0,1.0],"evs":[0.0,4.00274,4.00296]},"54o":{"weight":1.0,"played":[0.1959,0.6369,0.1672],"evs":[0.0,0.23208,0.21108]},"64o":{"weight":1.0,"played":[0.9999,0.0,1.0E-4],"evs":[0.0,-0.10909,-0.13952]},"74o":{"weight":1.0,"played":[0.9999,0.0,1.0E-4],"evs":[0.0,-1.02733,-1.04892]},"84o":{"weight":1.0,"played":[1.0,0.0,0.0],"evs":[0.0,-1.73166,-1.74463]},"94o":{"weight":1.0,"played":[1.0,0.0,0.0],"evs":[0.0,-2.55163,-2.57027]},"T4o":{"weight":1.0,"played":[1.0,0.0,0.0],"evs":[0.0,-2.79167,-2.79295]},"J4o":{"weight":1.0,"played":[1.0,0.0,0.0],"evs":[0.0,-2.5208,-2.52118]},"Q4o":{"weight":1.0,"played":[1.0,0.0,0.0],"evs":[0.0,-2.03449,-2.03495]},"K4o":{"weight":1.0,"played":[1.0,0.0,0.0],"evs":[0.0,-1.80774,-1.80629]},"A4o":{"weight":1.0,"played":[1.0,0.0,0.0],"evs":[0.0,-1.56892,-1.56879]},"52s":{"weight":1.0,"played":[0.0016,0.9959,0.0025],"evs":[0.0,0.54737,0.53634]},"53s":{"weight":1.0,"played":[3.0E-4,0.9901,0.0096],"evs":[0.0,1.57802,1.56042]},"54s":{"weight":1.0,"played":[0.0,0.7407,0.2593],"evs":[0.0,2.6945,2.69286]},"55":{"weight":1.0,"played":[0.0,0.9629,0.0371],"evs":[0.0,4.89065,4.89004]},"65o":{"weight":1.0,"played":[0.0,0.9996,3.0E-4],"evs":[0.0,0.77016,0.74786]},"75o":{"weight":1.0,"played":[0.8557,0.1442,1.0E-4],"evs":[0.0,-0.00608,-0.02584]},"85o":{"weight":1.0,"played":[1.0,0.0,0.0],"evs":[0.0,-0.61478,-0.62723]},"95o":{"weight":1.0,"played":[1.0,0.0,0.0],"evs":[0.0,-1.55803,-1.56485]},"T5o":{"weight":1.0,"played":[1.0,0.0,0.0],"evs":[0.0,-2.49722,-2.49685]},"J5o":{"weight":1.0,"played":[1.0,0.0,0.0],"evs":[0.0,-2.08307,-2.08183]},"Q5o":{"weight":1.0,"played":[1.0,0.0,0.0],"evs":[0.0,-1.684,-1.68288]},"K5o":{"weight":1.0,"played":[1.0,0.0,0.0],"evs":[0.0,-1.54628,-1.54602]},"A5o":{"weight":1.0,"played":[1.0,0.0,0.0],"evs":[0.0,-1.13627,-1.13625]},"62s":{"weight":1.0,"played":[0.8632,0.1025,0.0342],"evs":[0.0,-0.06167,-0.0811]},"63s":{"weight":1.0,"played":[0.0,0.9677,0.0323],"evs":[0.0,1.06101,1.04031]},"64s":{"weight":1.0,"played":[0.0,0.9981,0.0019],"evs":[0.0,2.23816,2.22613]},"65s":{"weight":1.0,"played":[0.0,0.99,0.01],"evs":[0.0,3.13705,3.11488]},"66":{"weight":1.0,"played":[0.0,0.1558,0.8442],"evs":[0.0,5.98784,5.98837]},"76o":{"weight":1.0,"played":[0.0,0.9992,8.0E-4],"evs":[0.0,0.83864,0.82604]},"86o":{"weight":1.0,"played":[0.294,0.4672,0.2388],"evs":[0.0,0.24161,0.23362]},"96o":{"weight":1.0,"played":[1.0,0.0,0.0],"evs":[0.0,-0.39266,-0.40151]},"T6o":{"weight":1.0,"played":[1.0,0.0,0.0],"evs":[0.0,-1.36933,-1.36708]},"J6o":{"weight":1.0,"played":[1.0,0.0,0.0],"evs":[0.0,-1.97305,-1.97438]},"Q6o":{"weight":1.0,"played":[1.0,0.0,0.0],"evs":[0.0,-1.36338,-1.36326]},"K6o":{"weight":1.0,"played":[1.0,0.0,0.0],"evs":[0.0,-1.03016,-1.02997]},"A6o":{"weight":1.0,"played":[1.0,0.0,0.0],"evs":[0.0,-1.66021,-1.66043]},"72s":{"weight":1.0,"played":[0.9999,0.0,0.0],"evs":[0.0,-0.71938,-0.74246]},"73s":{"weight":1.0,"played":[0.1037,0.5557,0.3406],"evs":[0.0,0.26946,0.24916]},"74s":{"weight":1.0,"played":[1.0E-4,0.9607,0.0392],"evs":[0.0,1.1182,1.1009]},"75s":{"weight":1.0,"played":[0.0,1.0,0.0],"evs":[0.0,2.3272,2.31356]},"76s":{"weight":1.0,"played":[0.0,0.991,0.009],"evs":[0.0,3.17714,3.16912]},"77":{"weight":1.0,"played":[0.0,0.2847,0.7153],"evs":[0.0,6.99409,6.99552]},"87o":{"weight":1.0,"played":[0.0,0.9457,0.0543],"evs":[0.0,0.69272,0.68484]},"97o":{"weight":1.0,"played":[0.0357,0.6274,0.3369],"evs":[0.0,0.31082,0.30528]},"T7o":{"weight":1.0,"played":[0.9999,0.0,0.0],"evs":[0.0,-0.71222,-0.7121]},"J7o":{"weight":1.0,"played":[1.0,0.0,0.0],"evs":[0.0,-1.32643,-1.32583]},"Q7o":{"weight":1.0,"played":[1.0,0.0,0.0],"evs":[0.0,-1.54793,-1.54806]},"K7o":{"weight":1.0,"played":[1.0,0.0,0.0],"evs":[0.0,-1.12503,-1.12443]},"A7o":{"weight":1.0,"played":[0.9995,2.0E-4,2.0E-4],"evs":[0.0,-1.06602,-1.06496]},"82s":{"weight":1.0,"played":[1.0,0.0,0.0],"evs":[0.0,-0.4799,-0.49459]},"83s":{"weight":1.0,"played":[1.0,0.0,0.0],"evs":[0.0,-0.35594,-0.3661]},"84s":{"weight":1.0,"played":[5.0E-4,0.9575,0.042],"evs":[0.0,0.74996,0.74942]},"85s":{"weight":1.0,"played":[0.0,0.9517,0.0483],"evs":[0.0,1.77122,1.75984]},"86s":{"weight":1.0,"played":[0.0,0.9925,0.0075],"evs":[0.0,2.67074,2.66441]},"87s":{"weight":1.0,"played":[0.0,0.9647,0.0353],"evs":[0.0,3.0339,3.02818]},"88":{"weight":1.0,"played":[0.0,0.0,1.0],"evs":[0.0,7.99522,7.99637]},"98o":{"weight":1.0,"played":[1.0E-4,0.9938,0.0061],"evs":[0.0,0.86499,0.86288]},"T8o":{"weight":1.0,"played":[0.5233,0.2371,0.2395],"evs":[0.0,0.13276,0.13273]},"J8o":{"weight":1.0,"played":[1.0,0.0,0.0],"evs":[0.0,-0.39191,-0.39116]},"Q8o":{"weight":1.0,"played":[0.9999,1.0E-4,1.0E-4],"evs":[0.0,-0.75072,-0.74928]},"K8o":{"weight":1.0,"played":[0.9999,0.0,0.0],"evs":[0.0,-0.90611,-0.90604]},"A8o":{"weight":1.0,"played":[0.6344,0.1669,0.1987],"evs":[0.0,-0.33763,-0.33756]},"92s":{"weight":1.0,"played":[0.999,5.0E-4,5.0E-4],"evs":[0.0,-0.54842,-0.55117]},"93s":{"weight":1.0,"played":[0.6671,0.1833,0.1495],"evs":[0.0,-0.10769,-0.10979]},"94s":{"weight":1.0,"played":[0.9391,0.0361,0.0248],"evs":[0.0,-0.05553,-0.07022]},"95s":{"weight":1.0,"played":[1.0E-4,0.9935,0.0064],"evs":[0.0,0.96779,0.95933]},"96s":{"weight":1.0,"played":[0.0,0.988,0.012],"evs":[0.0,1.9879,1.98417]},"97s":{"weight":1.0,"played":[0.0,0.8733,0.1267],"evs":[0.0,2.50888,2.50275]},"98s":{"weight":1.0,"played":[0.0,0.9993,7.0E-4],"evs":[0.0,3.19883,3.19372]},"99":{"weight":1.0,"played":[0.0,0.2352,0.7648],"evs":[0.0,9.43537,9.43635]},"T9o":{"weight":1.0,"played":[0.0,0.3217,0.6783],"evs":[0.0,0.83202,0.83218]},"J9o":{"weight":1.0,"played":[3.0E-4,0.1946,0.8051],"evs":[0.0,0.38254,0.38324]},"Q9o":{"weight":1.0,"played":[0.206,0.3883,0.4057],"evs":[0.0,0.08699,0.08712]},"K9o":{"weight":1.0,"played":[0.2823,0.3477,0.37],"evs":[0.0,-0.11859,-0.11879]},"A9o":{"weight":1.0,"played":[0.0,0.6508,0.3492],"evs":[0.0,0.55753,0.55719]},"T2s":{"weight":1.0,"played":[0.9998,1.0E-4,1.0E-4],"evs":[0.0,-0.95424,-0.95477]},"T3s":{"weight":1.0,"played":[0.9999,0.0,1.0E-4],"evs":[0.0,-0.65585,-0.65945]},"T4s":{"weight":1.0,"played":[0.9469,0.0211,0.032],"evs":[0.0,-0.24168,-0.24279]},"T5s":{"weight":1.0,"played":[0.2834,0.3439,0.3727],"evs":[0.0,0.17952,0.18529]},"T6s":{"weight":1.0,"played":[1.0E-4,0.0037,0.9962],"evs":[0.0,1.14769,1.1502]},"T7s":{"weight":1.0,"played":[0.0,0.4721,0.5279],"evs":[0.0,1.74038,1.73977]},"T8s":{"weight":1.0,"played":[0.0,0.4042,0.5958],"evs":[0.0,2.758,2.75866]},"T9s":{"weight":1.0,"played":[0.0,0.9953,0.0047],"evs":[0.0,3.37973,3.3775]},"TT":{"weight":1.0,"played":[0.0,0.3849,0.6151],"evs":[0.0,11.42973,11.42965]},"JTo":{"weight":1.0,"played":[0.0,0.0375,0.9625],"evs":[0.0,1.09293,1.09391]},"QTo":{"weight":1.0,"played":[0.0,0.4002,0.5998],"evs":[0.0,0.97122,0.97105]},"KTo":{"weight":1.0,"played":[2.0E-4,0.3718,0.628],"evs":[0.0,0.94639,0.94677]},"ATo":{"weight":1.0,"played":[0.0,0.1351,0.8649],"evs":[0.0,2.43739,2.43829]},"J2s":{"weight":1.0,"played":[0.9996,2.0E-4,2.0E-4],"evs":[0.0,-0.77469,-0.77353]},"J3s":{"weight":1.0,"played":[0.9987,5.0E-4,8.0E-4],"evs":[0.0,-0.2158,-0.21773]},"J4s":{"weight":1.0,"played":[0.3635,0.3204,0.3161],"evs":[0.0,0.24278,0.24492]},"J5s":{"weight":1.0,"played":[4.0E-4,0.1353,0.8643],"evs":[0.0,0.35418,0.35601]},"J6s":{"weight":1.0,"played":[0.0083,0.4515,0.5402],"evs":[0.0,0.70648,0.70674]},"J7s":{"weight":1.0,"played":[0.0,0.1208,0.8792],"evs":[0.0,1.20684,1.2073]},"J8s":{"weight":1.0,"played":[0.0,0.9973,0.0027],"evs":[0.0,2.17882,2.1784]},"J9s":{"weight":1.0,"played":[0.0,0.0031,0.9969],"evs":[0.0,2.97943,2.98016]},"JTs":{"weight":1.0,"played":[0.0,0.1818,0.8182],"evs":[0.0,3.51847,3.51923]},"JJ":{"weight":1.0,"played":[0.0,0.0,1.0],"evs":[0.0,14.6518,14.6523]},"QJo":{"weight":1.0,"played":[0.0,1.0E-4,0.9999],"evs":[0.0,1.44177,1.44226]},"KJo":{"weight":1.0,"played":[0.0,0.0,1.0],"evs":[0.0,1.97861,1.97971]},"AJo":{"weight":1.0,"played":[0.0,1.0E-4,0.9999],"evs":[0.0,4.18845,4.18889]},"Q2s":{"weight":1.0,"played":[0.9979,0.001,0.0011],"evs":[0.0,-0.12296,-0.12282]},"Q3s":{"weight":1.0,"played":[0.7826,0.1111,0.1063],"evs":[0.0,-0.06771,-0.06769]},"Q4s":{"weight":1.0,"played":[0.0,0.9128,0.0872],"evs":[0.0,0.62915,0.62863]},"Q5s":{"weight":1.0,"played":[0.0,0.2172,0.7827],"evs":[0.0,0.7943,0.795]},"Q6s":{"weight":1.0,"played":[0.0,0.7716,0.2284],"evs":[0.0,1.08486,1.08385]},"Q7s":{"weight":1.0,"played":[0.0,0.0102,0.9898],"evs":[0.0,1.26478,1.26731]},"Q8s":{"weight":1.0,"played":[0.0,0.5347,0.4653],"evs":[0.0,1.94346,1.94341]},"Q9s":{"weight":1.0,"played":[0.0,0.1986,0.8014],"evs":[0.0,2.74032,2.74195]},"QTs":{"weight":1.0,"played":[0.0,0.593,0.407],"evs":[0.0,3.26015,3.26089]},"QJs":{"weight":1.0,"played":[0.0,0.9319,0.0681],"evs":[0.0,3.82428,3.82331]},"QQ":{"weight":1.0,"played":[0.0,0.021,0.979],"evs":[0.0,18.46406,18.46314]},"KQo":{"weight":1.0,"played":[0.0,0.0,1.0],"evs":[0.0,3.46188,3.46299]},"AQo":{"weight":1.0,"played":[0.0,0.0,1.0],"evs":[0.0,6.31132,6.31169]},"K2s":{"weight":1.0,"played":[0.0153,0.4279,0.5568],"evs":[0.0,0.31612,0.31906]},"K3s":{"weight":1.0,"played":[1.0E-4,0.9068,0.0932],"evs":[0.0,0.37416,0.37395]},"K4s":{"weight":1.0,"played":[0.0,0.8514,0.1486],"evs":[0.0,0.75029,0.75011]},"K5s":{"weight":1.0,"played":[1.0E-4,0.0437,0.9562],"evs":[0.0,1.29543,1.2957]},"K6s":{"weight":1.0,"played":[0.0,0.0044,0.9956],"evs":[0.0,1.38203,1.38342]},"K7s":{"weight":1.0,"played":[0.0,0.0376,0.9624],"evs":[0.0,1.41512,1.41663]},"K8s":{"weight":1.0,"played":[0.0,0.69,0.31],"evs":[0.0,1.73723,1.73624]},"K9s":{"weight":1.0,"played":[0.0,0.2946,0.7054],"evs":[0.0,2.37533,2.37525]},"KTs":{"weight":1.0,"played":[0.0,2.0E-4,0.9998],"evs":[0.0,3.58575,3.58616]},"KJs":{"weight":1.0,"played":[0.0,0.5093,0.4907],"evs":[0.0,4.49284,4.49334]},"KQs":{"weight":1.0,"played":[0.0,0.9886,0.0114],"evs":[0.0,5.71632,5.71488]},"KK":{"weight":1.0,"played":[0.0,0.8045,0.1955],"evs":[0.0,23.52805,23.52732]},"AKo":{"weight":1.0,"played":[0.0,0.357,0.643],"evs":[0.0,8.83827,8.83889]},"A2s":{"weight":1.0,"played":[1.0E-4,0.1461,0.8538],"evs":[0.0,0.56312,0.56339]},"A3s":{"weight":1.0,"played":[0.0,0.4454,0.5546],"evs":[0.0,0.86233,0.86225]},"A4s":{"weight":1.0,"played":[0.0,0.0102,0.9898],"evs":[0.0,1.4922,1.49258]},"A5s":{"weight":1.0,"played":[0.0,0.8709,0.1291],"evs":[0.0,1.4254,1.4249]},"A6s":{"weight":1.0,"played":[0.0,0.0128,0.9872],"evs":[0.0,1.30698,1.30737]},"A7s":{"weight":1.0,"played":[0.0,0.0983,0.9017],"evs":[0.0,1.60931,1.60947]},"A8s":{"weight":1.0,"played":[0.0,0.0323,0.9677],"evs":[0.0,2.47932,2.48141]},"A9s":{"weight":1.0,"played":[0.0,0.0382,0.9618],"evs":[0.0,3.21299,3.21526]},"ATs":{"weight":1.0,"played":[0.0,0.0045,0.9955],"evs":[0.0,5.15145,5.15223]},"AJs":{"weight":1.0,"played":[0.0,0.7217,0.2783],"evs":[0.0,6.7698,6.76949]},"AQs":{"weight":1.0,"played":[0.0,0.4904,0.5096],"evs":[0.0,8.78353,8.78357]},"AKs":{"weight":1.0,"played":[0.0,0.3813,0.6187],"evs":[0.0,11.11475,11.11608]},"AA":{"weight":1.0,"played":[0.0,0.3675,0.6325],"evs":[0.0,31.12991,31.12987]}}}