{"player":3,"street":0,"children":2,"sequence":[{"player":0,"type":"F","amount":0,"street":0},{"player":1,"type":"R","amount":955000,"street":0},{"player":2,"type":"F","amount":0,"street":0},{"player":3,"type":"C","amount":955000,"street":0},{"player":4,"type":"C","amount":805000,"street":0},{"player":5,"type":"R","amount":1145000,"street":0}],"actions":[{"type":"F","amount":0},{"type":"C","amount":190000}],"hands":{"22":{"weight":0.573,"played":[0.0,1.0],"evs":[0.0,12.76935]},"32o":{"weight":0.0,"played":[0.0,1.0],"evs":[0.0,8.30442]},"42o":{"weight":0.0,"played":[0.0,1.0],"evs":[0.0,8.682]},"52o":{"weight":0.0,"played":[0.0,1.0],"evs":[0.0,8.90669]},"62o":{"weight":0.0,"played":[0.0,1.0],"evs":[0.0,8.28601]},"72o":{"weight":0.0,"played":[0.0,1.0],"evs":[0.0,7.52893]},"82o":{"weight":0.0,"played":[0.0,1.0],"evs":[0.0,7.90091]},"92o":{"weight":0.0,"played":[0.0,1.0],"evs":[0.0,7.71919]},"T2o":{"weight":0.0,"played":[0.0,1.0],"evs":[0.0,7.26104]},"J2o":{"weight":0.0,"played":[0.0,1.0],"evs":[0.0,7.59496]},"Q2o":{"weight":0.0,"played":[0.0,1.0],"evs":[0.0,8.38119]},"K2o":{"weight":0.0,"played":[0.0,1.0],"evs":[0.0,9.00893]},"A2o":{"weight":0.0,"played":[0.0,1.0],"evs":[0.0,9.93582]},"32s":{"weight":0.0,"played":[0.0,1.0],"evs":[0.0,10.59789]},"33":{"weight":0.6376,"played":[0.0,1.0],"evs":[0.0,13.34973]},"43o":{"weight":0.0,"played":[0.0,1.0],"evs":[0.0,9.606]},"53o":{"weight":0.0,"played":[0.0,1.0],"evs":[0.0,9.97694]},"63o":{"weight":0.0,"played":[0.0,1.0],"evs":[0.0,9.29183]},"73o":{"weight":0.0,"played":[0.0,1.0],"evs":[0.0,8.57555]},"83o":{"weight":0.0,"played":[0.0,1.0],"evs":[0.0,7.96631]},"93o":{"weight":0.0,"played":[0.0,1.0],"evs":[0.0,7.98767]},"T3o":{"weight":0.0,"played":[0.0,1.0],"evs":[0.0,7.64616]},"J3o":{"weight":0.0,"played":[0.0,1.0],"evs":[0.0,7.93627]},"Q3o":{"weight":0.0,"played":[0.0,1.0],"evs":[0.0,8.63811]},"K3o":{"weight":0.0,"played":[0.0,1.0],"evs":[0.0,9.35013]},"A3o":{"weight":0.0,"played":[0.0,1.0],"evs":[0.0,10.36291]},"42s":{"weight":0.0,"played":[0.0,1.0],"evs":[0.0,11.0444]},"43s":{"weight":0.0,"played":[0.0,1.0],"evs":[0.0,12.00112]},"44":{"weight":0.5341,"played":[0.0,1.0],"evs":[0.0,14.09285]},"54o":{"weight":0.0,"played":[0.0,1.0],"evs":[0.0,10.89355]},"64o":{"weight":0.0,"played":[0.0,1.0],"evs":[0.0,10.35723]},"74o":{"weight":0.0,"played":[0.0,1.0],"evs":[0.0,9.63443]},"84o":{"weight":0.0,"played":[0.0,1.0],"evs":[0.0,8.99386]},"94o":{"weight":0.0,"played":[0.0,1.0],"evs":[0.0,8.0771]},"T4o":{"weight":0.0,"played":[0.0,1.0],"evs":[0.0,7.86738]},"J4o":{"weight":0.0,"played":[0.0,1.0],"evs":[0.0,8.30388]},"Q4o":{"weight":0.0,"played":[0.0,1.0],"evs":[0.0,9.01459]},"K4o":{"weight":0.0,"played":[0.0,1.0],"evs":[0.0,9.58398]},"A4o":{"weight":0.0,"played":[0.0,1.0],"evs":[0.0,10.7791]},"52s":{"weight":0.0,"played":[0.0,1.0],"evs":[0.0,11.36339]},"53s":{"weight":0.0,"played":[0.0,1.0],"evs":[0.0,12.36205]},"54s":{"weight":0.0,"played":[0.0,1.0],"evs":[0.0,13.20053]},"55":{"weight":0.4555,"played":[0.0,1.0],"evs":[0.0,15.01581]},"65o":{"weight":0.0,"played":[0.0,1.0],"evs":[0.0,11.21704]},"75o":{"weight":0.0,"played":[0.0,1.0],"evs":[0.0,10.57657]},"85o":{"weight":0.0,"played":[0.0,1.0],"evs":[0.0,10.01538]},"95o":{"weight":0.0,"played":[0.0,1.0],"evs":[0.0,9.03881]},"T5o":{"weight":0.0,"played":[0.0,1.0],"evs":[0.0,8.01628]},"J5o":{"weight":0.0,"played":[0.0,1.0],"evs":[0.0,8.55304]},"Q5o":{"weight":0.0,"played":[0.0,1.0],"evs":[0.0,9.31875]},"K5o":{"weight":0.0,"played":[0.0,1.0],"evs":[0.0,9.99765]},"A5o":{"weight":0.0211,"played":[0.0,1.0],"evs":[0.0,11.12862]},"62s":{"weight":0.0,"played":[0.0,1.0],"evs":[0.0,10.58655]},"63s":{"weight":0.0,"played":[0.0,1.0],"evs":[0.0,11.7452]},"64s":{"weight":0.0,"played":[0.0,1.0],"evs":[0.0,12.64376]},"65s":{"weight":0.0,"played":[0.0,1.0],"evs":[0.0,13.38081]},"66":{"weight":0.474,"played":[0.0,1.0],"evs":[0.0,15.86288]},"76o":{"weight":0.0,"played":[0.0,1.0],"evs":[0.0,11.29613]},"86o":{"weight":0.0,"played":[0.0,1.0],"evs":[0.0,10.76803]},"96o":{"weight":0.0,"played":[0.0,1.0],"evs":[0.0,9.91084]},"T6o":{"weight":0.0,"played":[0.0,1.0],"evs":[0.0,9.0171]},"J6o":{"weight":0.0,"played":[0.0,1.0],"evs":[0.0,8.6408]},"Q6o":{"weight":0.0,"played":[0.0,1.0],"evs":[0.0,9.46803]},"K6o":{"weight":0.0,"played":[0.0,1.0],"evs":[0.0,10.22129]},"A6o":{"weight":0.0,"played":[0.0,1.0],"evs":[0.0,10.57519]},"72s":{"weight":0.0,"played":[0.0,1.0],"evs":[0.0,10.1503]},"73s":{"weight":0.0,"played":[0.0,1.0],"evs":[0.0,10.95058]},"74s":{"weight":0.0,"played":[0.0,1.0],"evs":[0.0,12.09209]},"75s":{"weight":0.0,"played":[0.0,1.0],"evs":[0.0,12.83557]},"76s":{"weight":0.0,"played":[0.0,1.0],"evs":[0.0,13.66858]},"77":{"weight":0.4569,"played":[0.0,1.0],"evs":[0.0,16.84934]},"87o":{"weight":0.0,"played":[0.0,1.0],"evs":[0.0,11.36401]},"97o":{"weight":0.0,"played":[0.0,1.0],"evs":[0.0,10.70308]},"T7o":{"weight":0.0,"played":[0.0,1.0],"evs":[0.0,9.84964]},"J7o":{"weight":0.0,"played":[0.0,1.0],"evs":[0.0,9.50728]},"Q7o":{"weight":0.0,"played":[0.0,1.0],"evs":[0.0,9.6261]},"K7o":{"weight":0.0,"played":[0.0,1.0],"evs":[0.0,10.50998]},"A7o":{"weight":0.6632,"played":[0.0,1.0],"evs":[0.0,11.19046]},"82s":{"weight":0.0,"played":[0.0,1.0],"evs":[0.0,10.28453]},"83s":{"weight":0.0,"played":[0.0,1.0],"evs":[0.0,10.41998]},"84s":{"weight":0.0,"played":[0.0,1.0],"evs":[0.0,11.50131]},"85s":{"weight":0.0,"played":[0.0,1.0],"evs":[0.0,12.33952]},"86s":{"weight":0.0,"played":[0.0,1.0],"evs":[0.0,13.08574]},"87s":{"weight":0.0,"played":[0.0,1.0],"evs":[0.0,13.58654]},"88":{"weight":0.4519,"played":[0.0,1.0],"evs":[0.0,17.8981]},"98o":{"weight":0.0,"played":[0.0,1.0],"evs":[0.0,11.32899]},"T8o":{"weight":0.0,"played":[0.0,1.0],"evs":[0.0,10.79077]},"J8o":{"weight":0.0,"played":[0.0,1.0],"evs":[0.0,10.42186]},"Q8o":{"weight":0.0,"played":[0.0,1.0],"evs":[0.0,10.43508]},"K8o":{"weight":0.0,"played":[0.0,1.0],"evs":[0.0,10.75051]},"A8o":{"weight":0.5015,"played":[0.0,1.0],"evs":[0.0,11.66245]},"92s":{"weight":0.0,"played":[0.0,1.0],"evs":[0.0,10.23353]},"93s":{"weight":0.0,"played":[0.0,1.0],"evs":[0.0,10.25364]},"94s":{"weight":0.0,"played":[0.0,1.0],"evs":[0.0,10.52979]},"95s":{"weight":0.0,"played":[0.0,1.0],"evs":[0.0,11.42136]},"96s":{"weight":0.0,"played":[0.0,1.0],"evs":[0.0,12.19362]},"97s":{"weight":0.0,"played":[0.0,1.0],"evs":[0.0,12.99565]},"98s":{"weight":0.0,"played":[0.0,1.0],"evs":[0.0,13.49729]},"99":{"weight":0.4675,"played":[0.0,1.0],"evs":[0.0,19.21307]},"T9o":{"weight":0.0,"played":[0.0,1.0],"evs":[0.0,11.23409]},"J9o":{"weight":0.0,"played":[0.0,1.0],"evs":[0.0,10.93962]},"Q9o":{"weight":0.0,"played":[0.0,1.0],"evs":[0.0,11.2459]},"K9o":{"weight":0.0,"played":[0.0,1.0],"evs":[0.0,11.46293]},"A9o":{"weight":0.5931,"played":[0.0,1.0],"evs":[0.0,12.38258]},"T2s":{"weight":0.0,"played":[0.0,1.0],"evs":[0.0,9.85365]},"T3s":{"weight":0.0,"played":[0.0,1.0],"evs":[0.0,10.05698]},"T4s":{"weight":0.0,"played":[0.0,1.0],"evs":[0.0,10.47498]},"T5s":{"weight":0.0,"played":[0.0,1.0],"evs":[0.0,10.48134]},"T6s":{"weight":0.0,"played":[0.0,1.0],"evs":[0.0,11.40173]},"T7s":{"weight":0.0,"played":[0.0,1.0],"evs":[0.0,12.27496]},"T8s":{"weight":0.0,"played":[0.0,1.0],"evs":[0.0,13.21059]},"T9s":{"weight":0.2753,"played":[0.0,1.0],"evs":[0.0,13.77156]},"TT":{"weight":0.4495,"played":[0.0,1.0],"evs":[0.0,21.26953]},"JTo":{"weight":0.0,"played":[0.0,1.0],"evs":[0.0,11.8674]},"QTo":{"weight":0.0,"played":[0.0,1.0],"evs":[0.0,12.12963]},"KTo":{"weight":0.4369,"played":[0.0,1.0],"evs":[0.0,12.5074]},"ATo":{"weight":0.4857,"played":[0.0,1.0],"evs":[0.0,14.03762]},"J2s":{"weight":0.0,"played":[0.0,1.0],"evs":[0.0,10.29806]},"J3s":{"weight":0.0,"played":[0.0,1.0],"evs":[0.0,10.51538]},"J4s":{"weight":0.0,"played":[0.0,1.0],"evs":[0.0,10.75675]},"J5s":{"weight":0.0,"played":[0.0,1.0],"evs":[0.0,10.97]},"J6s":{"weight":0.0,"played":[0.0,1.0],"evs":[0.0,11.11124]},"J7s":{"weight":0.0,"played":[0.0,1.0],"evs":[0.0,12.10902]},"J8s":{"weight":0.0,"played":[0.0,1.0],"evs":[0.0,12.70266]},"J9s":{"weight":0.0243,"played":[0.0,1.0],"evs":[0.0,13.40921]},"JTs":{"weight":0.275,"played":[0.0,1.0],"evs":[0.0,14.17378]},"JJ":{"weight":0.4302,"played":[0.0,1.0],"evs":[0.0,24.72879]},"QJo":{"weight":0.3204,"played":[0.0,1.0],"evs":[0.0,12.84376]},"KJo":{"weight":0.4937,"played":[0.0,1.0],"evs":[0.0,13.67332]},"AJo":{"weight":0.6378,"played":[0.0,1.0],"evs":[0.0,15.70355]},"Q2s":{"weight":0.0,"played":[0.0,1.0],"evs":[0.0,10.87293]},"Q3s":{"weight":0.0,"played":[0.0,1.0],"evs":[0.0,11.20797]},"Q4s":{"weight":0.0,"played":[0.0,1.0],"evs":[0.0,11.67267]},"Q5s":{"weight":0.0,"played":[0.0,1.0],"evs":[0.0,11.79403]},"Q6s":{"weight":0.0,"played":[0.0,1.0],"evs":[0.0,12.01245]},"Q7s":{"weight":0.0,"played":[0.0,1.0],"evs":[0.0,12.14734]},"Q8s":{"weight":0.0,"played":[0.0,1.0],"evs":[0.0,13.03678]},"Q9s":{"weight":0.4082,"played":[0.0,1.0],"evs":[0.0,13.62029]},"QTs":{"weight":0.4764,"played":[0.0,1.0],"evs":[0.0,14.41971]},"QJs":{"weight":0.3024,"played":[0.0,1.0],"evs":[0.0,15.14513]},"QQ":{"weight":0.6268,"played":[0.0,1.0],"evs":[0.0,28.59317]},"KQo":{"weight":0.5154,"played":[0.0,1.0],"evs":[0.0,14.9434]},"AQo":{"weight":0.671,"played":[0.0,1.0],"evs":[0.0,17.74565]},"K2s":{"weight":0.0,"played":[0.0,1.0],"evs":[0.0,11.72407]},"K3s":{"weight":0.0,"played":[0.0,1.0],"evs":[0.0,11.79258]},"K4s":{"weight":0.0,"played":[0.0,1.0],"evs":[0.0,12.10713]},"K5s":{"weight":0.0,"played":[0.0,1.0],"evs":[0.0,12.46535]},"K6s":{"weight":0.0,"played":[0.0,1.0],"evs":[0.0,12.83981]},"K7s":{"weight":0.0,"played":[0.0,1.0],"evs":[0.0,13.04838]},"K8s":{"weight":0.2347,"played":[0.0,1.0],"evs":[0.0,13.21221]},"K9s":{"weight":0.3818,"played":[0.0,1.0],"evs":[0.0,14.13322]},"KTs":{"weight":0.5735,"played":[0.0,1.0],"evs":[0.0,15.00876]},"KJs":{"weight":0.5038,"played":[0.0,1.0],"evs":[0.0,15.83669]},"KQs":{"weight":0.5226,"played":[0.0,1.0],"evs":[0.0,17.14973]},"KK":{"weight":0.6017,"played":[0.0,1.0],"evs":[0.0,33.28381]},"AKo":{"weight":0.6712,"played":[0.0,1.0],"evs":[0.0,19.7847]},"A2s":{"weight":0.5589,"played":[0.0,1.0],"evs":[0.0,12.76183]},"A3s":{"weight":0.5251,"played":[0.0,1.0],"evs":[0.0,13.02535]},"A4s":{"weight":0.4993,"played":[0.0,1.0],"evs":[0.0,13.48453]},"A5s":{"weight":0.5019,"played":[0.0,1.0],"evs":[0.0,13.76808]},"A6s":{"weight":0.5592,"played":[0.0,1.0],"evs":[0.0,13.24829]},"A7s":{"weight":0.68,"played":[0.0,1.0],"evs":[0.0,13.76826]},"A8s":{"weight":0.714,"played":[0.0,1.0],"evs":[0.0,14.35157]},"A9s":{"weight":0.6127,"played":[0.0,1.0],"evs":[0.0,14.89062]},"ATs":{"weight":0.6241,"played":[0.0,1.0],"evs":[0.0,16.47428]},"AJs":{"weight":0.6262,"played":[0.0,1.0],"evs":[0.0,18.10256]},"AQs":{"weight":0.7109,"played":[0.0,1.0],"evs":[0.0,20.06977]},"AKs":{"weight":0.6881,"played":[0.0,1.0],"evs":[0.0,22.00573]},"AA":{"weight":0.5915,"played":[0.0,1.0],"evs":[0.0,40.35627]}}}