{"player":4,"street":0,"children":3,"sequence":[{"player":0,"type":"F","amount":0,"street":0},{"player":1,"type":"F","amount":0,"street":0},{"player":2,"type":"F","amount":0,"street":0},{"player":3,"type":"F","amount":0,"street":0}],"actions":[{"type":"F","amount":0},{"type":"C","amount":50000,"node":5},{"type":"R","amount":855000,"node":9}],"hands":{"22":{"weight":1.0,"played":[0.0,0.0,1.0],"evs":[0.0,1.41532,1.50335]},"32o":{"weight":1.0,"played":[1.0,0.0,0.0],"evs":[0.0,-0.21611,-1.41391]},"42o":{"weight":1.0,"played":[1.0,0.0,0.0],"evs":[0.0,-0.18538,-1.30922]},"52o":{"weight":1.0,"played":[1.0,0.0,0.0],"evs":[0.0,-0.16466,-1.1903]},"62o":{"weight":1.0,"played":[1.0,0.0,0.0],"evs":[0.0,-0.21713,-1.36675]},"72o":{"weight":1.0,"played":[1.0,0.0,0.0],"evs":[0.0,-0.23502,-1.40952]},"82o":{"weight":1.0,"played":[1.0,0.0,0.0],"evs":[0.0,-0.20041,-1.231]},"92o":{"weight":1.0,"played":[1.0,0.0,0.0],"evs":[0.0,-0.17739,-1.0492]},"T2o":{"weight":1.0,"played":[1.0,0.0,0.0],"evs":[0.0,-0.1134,-0.76796]},"J2o":{"weight":1.0,"played":[1.0,0.0,0.0],"evs":[0.0,-0.08175,-0.46322]},"Q2o":{"weight":1.0,"played":[0.0,0.9076,0.0924],"evs":[0.0,0.10898,0.10568]},"K2o":{"weight":1.0,"played":[0.0,0.0,1.0],"evs":[0.0,0.90445,0.96773]},"A2o":{"weight":1.0,"played":[0.0,0.0,1.0],"evs":[0.0,2.14449,2.22408]},"32s":{"weight":1.0,"played":[1.0,0.0,0.0],"evs":[0.0,-0.11399,-0.78881]},"33":{"weight":1.0,"played":[0.0,1.0E-4,0.9999],"evs":[0.0,1.79141,1.82035]},"43o":{"weight":1.0,"played":[1.0,0.0,0.0],"evs":[0.0,-0.13717,-1.05742]},"53o":{"weight":1.0,"played":[1.0,0.0,0.0],"evs":[0.0,-0.10913,-0.93373]},"63o":{"weight":1.0,"played":[1.0,0.0,0.0],"evs":[0.0,-0.15892,-1.10317]},"73o":{"weight":1.0,"played":[1.0,0.0,0.0],"evs":[0.0,-0.17122,-1.15351]},"83o":{"weight":1.0,"played":[1.0,0.0,0.0],"evs":[0.0,-0.17639,-1.18591]},"93o":{"weight":1.0,"played":[1.0,0.0,0.0],"evs":[0.0,-0.14419,-0.95688]},"T3o":{"weight":1.0,"played":[1.0,0.0,0.0],"evs":[0.0,-0.08579,-0.68409]},"J3o":{"weight":1.0,"played":[1.0,0.0,0.0],"evs":[0.0,-0.05138,-0.37546]},"Q3o":{"weight":1.0,"played":[0.0,0.0071,0.9929],"evs":[0.0,0.19277,0.20316]},"K3o":{"weight":1.0,"played":[0.0,0.0,1.0],"evs":[0.0,1.02278,1.07868]},"A3o":{"weight":1.0,"played":[0.0,0.0,1.0],"evs":[0.0,2.26348,2.32816]},"42s":{"weight":1.0,"played":[1.0,0.0,0.0],"evs":[0.0,-0.08041,-0.67979]},"43s":{"weight":1.0,"played":[1.0,0.0,0.0],"evs":[0.0,-0.02137,-0.45258]},"44":{"weight":1.0,"played":[0.0,0.1018,0.8982],"evs":[0.0,2.16744,2.16804]},"54o":{"weight":1.0,"played":[1.0,0.0,0.0],"evs":[0.0,-0.04789,-0.67419]},"64o":{"weight":1.0,"played":[1.0,0.0,0.0],"evs":[0.0,-0.09736,-0.83731]},"74o":{"weight":1.0,"played":[1.0,0.0,0.0],"evs":[0.0,-0.11541,-0.8842]},"84o":{"weight":1.0,"played":[1.0,0.0,0.0],"evs":[0.0,-0.12098,-0.9155]},"94o":{"weight":1.0,"played":[1.0,0.0,0.0],"evs":[0.0,-0.12293,-0.89541]},"T4o":{"weight":1.0,"played":[1.0,0.0,0.0],"evs":[0.0,-0.05666,-0.57058]},"J4o":{"weight":1.0,"played":[0.9999,1.0E-4,0.0],"evs":[0.0,-0.02072,-0.26079]},"Q4o":{"weight":1.0,"played":[0.0,0.0,1.0],"evs":[0.0,0.29631,0.32061]},"K4o":{"weight":1.0,"played":[0.0,0.0,1.0],"evs":[0.0,1.10254,1.19305]},"A4o":{"weight":1.0,"played":[0.0,0.0,1.0],"evs":[0.0,2.35102,2.43975]},"52s":{"weight":1.0,"played":[1.0,0.0,0.0],"evs":[0.0,-0.06567,-0.58871]},"53s":{"weight":1.0,"played":[0.1994,0.8006,0.0],"evs":[0.0,0.00138,-0.3428]},"54s":{"weight":1.0,"played":[0.0,1.0,0.0],"evs":[0.0,0.09327,-0.10181]},"55":{"weight":1.0,"played":[0.0,0.1518,0.8482],"evs":[0.0,2.54348,2.54451]},"65o":{"weight":1.0,"played":[1.0,0.0,0.0],"evs":[0.0,-0.04614,-0.56352]},"75o":{"weight":1.0,"played":[1.0,0.0,0.0],"evs":[0.0,-0.05837,-0.60381]},"85o":{"weight":1.0,"played":[1.0,0.0,0.0],"evs":[0.0,-0.06343,-0.63517]},"95o":{"weight":1.0,"played":[1.0,0.0,0.0],"evs":[0.0,-0.07568,-0.61008]},"T5o":{"weight":1.0,"played":[1.0,0.0,0.0],"evs":[0.0,-0.04192,-0.47602]},"J5o":{"weight":1.0,"played":[0.051,0.949,0.0],"evs":[0.0,0.00311,-0.12212]},"Q5o":{"weight":1.0,"played":[0.0,0.0,1.0],"evs":[0.0,0.41677,0.4732]},"K5o":{"weight":1.0,"played":[0.0,0.0,1.0],"evs":[0.0,1.20089,1.34605]},"A5o":{"weight":1.0,"played":[0.0,0.0,1.0],"evs":[0.0,2.44255,2.58242]},"62s":{"weight":1.0,"played":[1.0,0.0,0.0],"evs":[0.0,-0.11075,-0.73632]},"63s":{"weight":1.0,"played":[1.0,0.0,0.0],"evs":[0.0,-0.05207,-0.49666]},"64s":{"weight":1.0,"played":[1.0E-4,0.9999,0.0],"evs":[0.0,0.01522,-0.24915]},"65s":{"weight":1.0,"played":[0.0,1.0,0.0],"evs":[0.0,0.07843,3.6E-4]},"66":{"weight":1.0,"played":[0.0,0.3617,0.6383],"evs":[0.0,2.89166,2.89347]},"76o":{"weight":1.0,"played":[1.0,0.0,0.0],"evs":[0.0,-0.02533,-0.35945]},"86o":{"weight":1.0,"played":[1.0,0.0,0.0],"evs":[0.0,-0.01929,-0.3792]},"96o":{"weight":1.0,"played":[1.0,0.0,0.0],"evs":[0.0,-0.02426,-0.35364]},"T6o":{"weight":1.0,"played":[0.7538,0.2462,0.0],"evs":[0.0,-5.6E-4,-0.22608]},"J6o":{"weight":1.0,"played":[0.0,1.0,0.0],"evs":[0.0,0.011,-0.06488]},"Q6o":{"weight":1.0,"played":[0.0,0.0,1.0],"evs":[0.0,0.4967,0.60816]},"K6o":{"weight":1.0,"played":[0.0,0.0,1.0],"evs":[0.0,1.31412,1.49295]},"A6o":{"weight":1.0,"played":[0.0,0.0,1.0],"evs":[0.0,2.42715,2.61433]},"72s":{"weight":1.0,"played":[1.0,0.0,0.0],"evs":[0.0,-0.12536,-0.7845]},"73s":{"weight":1.0,"played":[1.0,0.0,0.0],"evs":[0.0,-0.06286,-0.54519]},"74s":{"weight":1.0,"played":[0.9944,0.0056,0.0],"evs":[0.0,-0.0042,-0.29173]},"75s":{"weight":1.0,"played":[0.0,1.0,0.0],"evs":[0.0,0.06974,-0.03405]},"76s":{"weight":1.0,"played":[0.0,0.9998,2.0E-4],"evs":[0.0,0.20768,0.19055]},"77":{"weight":1.0,"played":[0.0,0.3173,0.6827],"evs":[0.0,3.29532,3.29434]},"87o":{"weight":1.0,"played":[0.0,1.0,0.0],"evs":[0.0,0.03073,-0.12737]},"97o":{"weight":1.0,"played":[0.0,1.0,0.0],"evs":[0.0,0.03566,-0.09676]},"T7o":{"weight":1.0,"played":[0.0,1.0,0.0],"evs":[0.0,0.07381,0.03904]},"J7o":{"weight":1.0,"played":[0.0,5.0E-4,0.9995],"evs":[0.0,0.22502,0.23004]},"Q7o":{"weight":1.0,"played":[0.0,0.0,1.0],"evs":[0.0,0.65206,0.77608]},"K7o":{"weight":1.0,"played":[0.0,0.0,1.0],"evs":[0.0,1.49257,1.69218]},"A7o":{"weight":1.0,"played":[0.0,0.0,1.0],"evs":[0.0,2.64158,2.84321]},"82s":{"weight":1.0,"played":[1.0,0.0,0.0],"evs":[0.0,-0.08696,-0.62228]},"83s":{"weight":1.0,"played":[1.0,0.0,0.0],"evs":[0.0,-0.05846,-0.57617]},"84s":{"weight":1.0,"played":[1.0,0.0,0.0],"evs":[0.0,-0.00834,-0.32652]},"85s":{"weight":1.0,"played":[0.0,1.0,0.0],"evs":[0.0,0.05123,-0.06798]},"86s":{"weight":1.0,"played":[0.0,0.992,0.008],"evs":[0.0,0.17672,0.17261]},"87s":{"weight":1.0,"played":[0.0,0.9957,0.0043],"evs":[0.0,0.42834,0.40651]},"88":{"weight":1.0,"played":[0.0,0.3088,0.6912],"evs":[0.0,3.73222,3.73319]},"98o":{"weight":1.0,"played":[0.0,0.7461,0.2539],"evs":[0.0,0.1921,0.18984]},"T8o":{"weight":1.0,"played":[0.0,1.0E-4,0.9999],"evs":[0.0,0.35469,0.36849]},"J8o":{"weight":1.0,"played":[0.0,0.0,1.0],"evs":[0.0,0.56369,0.6038]},"Q8o":{"weight":1.0,"played":[0.0,0.0,1.0],"evs":[0.0,0.99582,1.16413]},"K8o":{"weight":1.0,"played":[0.0,0.0,1.0],"evs":[0.0,1.68417,1.91497]},"A8o":{"weight":1.0,"played":[0.0,0.0,1.0],"evs":[0.0,2.88682,3.10874]},"92s":{"weight":1.0,"played":[1.0,0.0,0.0],"evs":[0.0,-0.05265,-0.43883]},"93s":{"weight":1.0,"played":[1.0,0.0,0.0],"evs":[0.0,-0.02104,-0.36055]},"94s":{"weight":1.0,"played":[0.2835,0.7165,0.0],"evs":[0.0,-0.0011,-0.30471]},"95s":{"weight":1.0,"played":[0.0,1.0,0.0],"evs":[0.0,0.04679,-0.04066]},"96s":{"weight":1.0,"played":[0.0,0.0023,0.9977],"evs":[0.0,0.18186,0.19754]},"97s":{"weight":1.0,"played":[0.0,0.4377,0.5623],"evs":[0.0,0.43691,0.43884]},"98s":{"weight":1.0,"played":[0.0,0.0029,0.9971],"evs":[0.0,0.69474,0.70501]},"99":{"weight":1.0,"played":[0.0,0.9996,4.0E-4],"evs":[0.0,4.28242,4.23989]},"T9o":{"weight":1.0,"played":[0.0,0.0,1.0],"evs":[0.0,0.72083,0.73853]},"J9o":{"weight":1.0,"played":[0.0,0.0,1.0],"evs":[0.0,0.95351,0.98654]},"Q9o":{"weight":1.0,"played":[0.0,0.0,1.0],"evs":[0.0,1.42583,1.54979]},"K9o":{"weight":1.0,"played":[0.0,0.0,1.0],"evs":[0.0,2.10299,2.30038]},"A9o":{"weight":1.0,"played":[0.0,0.0,1.0],"evs":[0.0,3.14523,3.35011]},"T2s":{"weight":1.0,"played":[0.0,1.0,0.0],"evs":[0.0,0.0479,-0.17753]},"T3s":{"weight":1.0,"played":[0.0,1.0,0.0],"evs":[0.0,0.07776,-0.10123]},"T4s":{"weight":1.0,"played":[0.0,1.0,0.0],"evs":[0.0,0.10458,0.00116]},"T5s":{"weight":1.0,"played":[0.0,1.0,0.0],"evs":[0.0,0.10802,0.07775]},"T6s":{"weight":1.0,"played":[0.0,1.0E-4,0.9999],"evs":[0.0,0.28433,0.32265]},"T7s":{"weight":1.0,"played":[0.0,0.4556,0.5444],"evs":[0.0,0.56811,0.56365]},"T8s":{"weight":1.0,"played":[0.0,0.0562,0.9438],"evs":[0.0,0.87077,0.87508]},"T9s":{"weight":1.0,"played":[0.0,0.4422,0.5578],"evs":[0.0,1.21752,1.21695]},"TT":{"weight":1.0,"played":[0.0,1.0,0.0],"evs":[0.0,4.90835,4.8207]},"JTo":{"weight":1.0,"played":[0.0,0.0,1.0],"evs":[0.0,1.4464,1.47704]},"QTo":{"weight":1.0,"played":[0.0,0.0,1.0],"evs":[0.0,1.96676,2.0338]},"KTo":{"weight":1.0,"played":[0.0,0.0,1.0],"evs":[0.0,2.64203,2.78485]},"ATo":{"weight":1.0,"played":[0.0,0.0,1.0],"evs":[0.0,3.65634,3.814]},"J2s":{"weight":1.0,"played":[0.0,1.0,0.0],"evs":[0.0,0.20396,0.11728]},"J3s":{"weight":1.0,"played":[0.0,1.0,0.0],"evs":[0.0,0.24534,0.19061]},"J4s":{"weight":1.0,"played":[0.0,0.6207,0.3793],"evs":[0.0,0.30806,0.30569]},"J5s":{"weight":1.0,"played":[0.0,0.1097,0.8903],"evs":[0.0,0.41406,0.41318]},"J6s":{"weight":1.0,"played":[0.0,0.9731,0.0269],"evs":[0.0,0.47567,0.47334]},"J7s":{"weight":1.0,"played":[0.0,0.991,0.009],"evs":[0.0,0.76899,0.75723]},"J8s":{"weight":1.0,"played":[0.0,0.2712,0.7288],"evs":[0.0,1.09928,1.09868]},"J9s":{"weight":1.0,"played":[0.0,0.8492,0.1508],"evs":[0.0,1.45585,1.45319]},"JTs":{"weight":1.0,"played":[0.0,0.9189,0.0811],"evs":[0.0,1.90735,1.90517]},"JJ":{"weight":1.0,"played":[0.0,1.0,0.0],"evs":[0.0,5.52481,5.25429]},"QJo":{"weight":1.0,"played":[0.0,0.0,1.0],"evs":[0.0,2.19327,2.23707]},"KJo":{"weight":1.0,"played":[0.0,0.0,1.0],"evs":[0.0,2.87847,2.99937]},"AJo":{"weight":1.0,"played":[0.0,0.0,1.0],"evs":[0.0,3.93149,4.05389]},"Q2s":{"weight":1.0,"played":[0.0,5.0E-4,0.9995],"evs":[0.0,0.60959,0.64509]},"Q3s":{"weight":1.0,"played":[0.0,0.0012,0.9988],"evs":[0.0,0.71638,0.73447]},"Q4s":{"weight":1.0,"played":[0.0,0.0,1.0],"evs":[0.0,0.81157,0.83797]},"Q5s":{"weight":1.0,"played":[0.0,0.0,1.0],"evs":[0.0,0.93673,0.98099]},"Q6s":{"weight":1.0,"played":[0.0,0.0,1.0],"evs":[0.0,1.02634,1.11408]},"Q7s":{"weight":1.0,"played":[0.0,0.0,1.0],"evs":[0.0,1.16888,1.25886]},"Q8s":{"weight":1.0,"played":[0.0,0.0,1.0],"evs":[0.0,1.50418,1.62481]},"Q9s":{"weight":1.0,"played":[0.0,0.0,1.0],"evs":[0.0,1.90295,1.97903]},"QTs":{"weight":1.0,"played":[0.0,2.0E-4,0.9998],"evs":[0.0,2.40615,2.43535]},"QJs":{"weight":1.0,"played":[0.0,0.076,0.924],"evs":[0.0,2.60667,2.60946]},"QQ":{"weight":1.0,"played":[0.0,1.0,0.0],"evs":[0.0,6.04581,5.76917]},"KQo":{"weight":1.0,"played":[0.0,0.0,1.0],"evs":[0.0,3.11951,3.27369]},"AQo":{"weight":1.0,"played":[0.0,0.0,1.0],"evs":[0.0,4.19684,4.34952]},"K2s":{"weight":1.0,"played":[0.0,0.0,1.0],"evs":[0.0,1.4184,1.45052]},"K3s":{"weight":1.0,"played":[0.0,0.0,1.0],"evs":[0.0,1.53643,1.56603]},"K4s":{"weight":1.0,"played":[0.0,0.0,1.0],"evs":[0.0,1.60901,1.66399]},"K5s":{"weight":1.0,"played":[0.0,0.0,1.0],"evs":[0.0,1.70546,1.80737]},"K6s":{"weight":1.0,"played":[0.0,0.0,1.0],"evs":[0.0,1.80931,1.93804]},"K7s":{"weight":1.0,"played":[0.0,0.0,1.0],"evs":[0.0,1.98073,2.12455]},"K8s":{"weight":1.0,"played":[0.0,0.0,1.0],"evs":[0.0,2.15266,2.33045]},"K9s":{"weight":1.0,"played":[0.0,0.0,1.0],"evs":[0.0,2.54623,2.68874]},"KTs":{"weight":1.0,"played":[0.0,0.0,1.0],"evs":[0.0,3.02837,3.12826]},"KJs":{"weight":1.0,"played":[0.0,0.0,1.0],"evs":[0.0,3.2566,3.32785]},"KQs":{"weight":1.0,"played":[0.0,0.0,1.0],"evs":[0.0,3.4764,3.58468]},"KK":{"weight":1.0,"played":[0.0,1.0,0.0],"evs":[0.0,6.75524,6.45382]},"AKo":{"weight":1.0,"played":[0.0,0.0,1.0],"evs":[0.0,4.52743,4.68314]},"A2s":{"weight":1.0,"played":[0.0,0.0,1.0],"evs":[0.0,2.58506,2.64319]},"A3s":{"weight":1.0,"played":[0.0,0.0,1.0],"evs":[0.0,2.69903,2.73733]},"A4s":{"weight":1.0,"played":[0.0,0.0,1.0],"evs":[0.0,2.7814,2.83578]},"A5s":{"weight":1.0,"played":[0.0,0.0,1.0],"evs":[0.0,2.86536,2.96461]},"A6s":{"weight":1.0,"played":[0.0,0.0,1.0],"evs":[0.0,2.84565,2.99207]},"A7s":{"weight":1.0,"played":[0.0,0.0,1.0],"evs":[0.0,3.05759,3.21104]},"A8s":{"weight":1.0,"played":[0.0,0.0,1.0],"evs":[0.0,3.27595,3.45355]},"A9s":{"weight":1.0,"played":[0.0,0.0,1.0],"evs":[0.0,3.51332,3.6723]},"ATs":{"weight":1.0,"played":[0.0,0.0,1.0],"evs":[0.0,3.99128,4.10892]},"AJs":{"weight":1.0,"played":[0.0,0.0,1.0],"evs":[0.0,4.24596,4.32307]},"AQs":{"weight":1.0,"played":[0.0,0.0,1.0],"evs":[0.0,4.49347,4.60405]},"AKs":{"weight":1.0,"played":[0.0,0.0,1.0],"evs":[0.0,4.79943,4.90841]},"AA":{"weight":1.0,"played":[0.0,1.0,0.0],"evs":[0.0,7.67704,7.37431]}}}