{"player":3,"street":0,"children":2,"sequence":[{"player":0,"type":"F","amount":0,"street":0},{"player":1,"type":"R","amount":955000,"street":0},{"player":2,"type":"C","amount":955000,"street":0},{"player":3,"type":"C","amount":955000,"street":0},{"player":4,"type":"C","amount":805000,"street":0},{"player":5,"type":"R","amount":1145000,"street":0}],"actions":[{"type":"F","amount":0},{"type":"C","amount":190000}],"hands":{"22":{"weight":0.0,"played":[0.0,1.0],"evs":[0.0,13.54975]},"32o":{"weight":0.0,"played":[0.0,1.0],"evs":[0.0,8.70111]},"42o":{"weight":0.0,"played":[0.0,1.0],"evs":[0.0,9.24875]},"52o":{"weight":0.0,"played":[0.0,1.0],"evs":[0.0,9.7813]},"62o":{"weight":0.0,"played":[0.0,1.0],"evs":[0.0,8.76386]},"72o":{"weight":0.0,"played":[0.0,1.0],"evs":[0.0,7.86635]},"82o":{"weight":0.0,"played":[0.0,1.0],"evs":[0.0,8.03521]},"92o":{"weight":0.0,"played":[0.0,1.0],"evs":[0.0,7.67776]},"T2o":{"weight":0.0,"played":[0.0,1.0],"evs":[0.0,7.71403]},"J2o":{"weight":0.0,"played":[0.0,1.0],"evs":[0.0,7.89103]},"Q2o":{"weight":0.0,"played":[0.0,1.0],"evs":[0.0,8.35891]},"K2o":{"weight":0.0,"played":[0.0,1.0],"evs":[0.0,9.01703]},"A2o":{"weight":0.0,"played":[0.0,1.0],"evs":[0.0,9.3772]},"32s":{"weight":0.0,"played":[0.0,1.0],"evs":[0.0,11.65419]},"33":{"weight":0.4537,"played":[0.0,1.0],"evs":[0.0,14.16281]},"43o":{"weight":0.0,"played":[0.0,1.0],"evs":[0.0,10.33125]},"53o":{"weight":0.0,"played":[0.0,1.0],"evs":[0.0,10.89595]},"63o":{"weight":0.0,"played":[0.0,1.0],"evs":[0.0,10.0475]},"73o":{"weight":0.0,"played":[0.0,1.0],"evs":[0.0,8.86983]},"83o":{"weight":0.0,"played":[0.0,1.0],"evs":[0.0,8.04344]},"93o":{"weight":0.0,"played":[0.0,1.0],"evs":[0.0,7.97258]},"T3o":{"weight":0.0,"played":[0.0,1.0],"evs":[0.0,7.99968]},"J3o":{"weight":0.0,"played":[0.0,1.0],"evs":[0.0,8.21478]},"Q3o":{"weight":0.0,"played":[0.0,1.0],"evs":[0.0,8.45297]},"K3o":{"weight":0.0,"played":[0.0,1.0],"evs":[0.0,9.33197]},"A3o":{"weight":0.0,"played":[0.0,1.0],"evs":[0.0,9.95425]},"42s":{"weight":0.0,"played":[0.0,1.0],"evs":[0.0,11.94818]},"43s":{"weight":0.0,"played":[0.0,1.0],"evs":[0.0,13.18309]},"44":{"weight":0.425,"played":[0.0,1.0],"evs":[0.0,14.91666]},"54o":{"weight":0.0,"played":[0.0,1.0],"evs":[0.0,11.89576]},"64o":{"weight":0.0,"played":[0.0,1.0],"evs":[0.0,11.23545]},"74o":{"weight":0.0,"played":[0.0,1.0],"evs":[0.0,10.02939]},"84o":{"weight":0.0,"played":[0.0,1.0],"evs":[0.0,9.35202]},"94o":{"weight":0.0,"played":[0.0,1.0],"evs":[0.0,8.30328]},"T4o":{"weight":0.0,"played":[0.0,1.0],"evs":[0.0,8.2706]},"J4o":{"weight":0.0,"played":[0.0,1.0],"evs":[0.0,8.55498]},"Q4o":{"weight":0.0,"played":[0.0,1.0],"evs":[0.0,8.90998]},"K4o":{"weight":0.0,"played":[0.0,1.0],"evs":[0.0,9.70982]},"A4o":{"weight":0.0,"played":[0.0,1.0],"evs":[0.0,10.40457]},"52s":{"weight":0.0,"played":[0.0,1.0],"evs":[0.0,12.25345]},"53s":{"weight":0.0,"played":[0.0,1.0],"evs":[0.0,13.82503]},"54s":{"weight":2.0E-4,"played":[0.0,1.0],"evs":[0.0,14.64834]},"55":{"weight":0.3121,"played":[0.0,1.0],"evs":[0.0,15.69417]},"65o":{"weight":0.0,"played":[0.0,1.0],"evs":[0.0,12.46423]},"75o":{"weight":0.0,"played":[0.0,1.0],"evs":[0.0,11.55195]},"85o":{"weight":0.0,"played":[0.0,1.0],"evs":[0.0,10.33002]},"95o":{"weight":0.0,"played":[0.0,1.0],"evs":[0.0,9.24844]},"T5o":{"weight":0.0,"played":[0.0,1.0],"evs":[0.0,8.43473]},"J5o":{"weight":0.0,"played":[0.0,1.0],"evs":[0.0,8.76907]},"Q5o":{"weight":0.0,"played":[0.0,1.0],"evs":[0.0,9.21983]},"K5o":{"weight":0.0,"played":[0.0,1.0],"evs":[0.0,9.965]},"A5o":{"weight":0.0,"played":[0.0,1.0],"evs":[0.0,10.6866]},"62s":{"weight":0.0,"played":[0.0,1.0],"evs":[0.0,11.49756]},"63s":{"weight":0.0,"played":[0.0,1.0],"evs":[0.0,12.59119]},"64s":{"weight":0.0,"played":[0.0,1.0],"evs":[0.0,14.0851]},"65s":{"weight":0.4153,"played":[0.0,1.0],"evs":[0.0,15.19234]},"66":{"weight":0.2659,"played":[0.0,1.0],"evs":[0.0,16.66878]},"76o":{"weight":0.0,"played":[0.0,1.0],"evs":[0.0,12.16719]},"86o":{"weight":0.0,"played":[0.0,1.0],"evs":[0.0,11.34604]},"96o":{"weight":0.0,"played":[0.0,1.0],"evs":[0.0,10.38581]},"T6o":{"weight":0.0,"played":[0.0,1.0],"evs":[0.0,9.47898]},"J6o":{"weight":0.0,"played":[0.0,1.0],"evs":[0.0,8.98265]},"Q6o":{"weight":0.0,"played":[0.0,1.0],"evs":[0.0,9.40574]},"K6o":{"weight":0.0,"played":[0.0,1.0],"evs":[0.0,10.51663]},"A6o":{"weight":0.0,"played":[0.0,1.0],"evs":[0.0,9.83719]},"72s":{"weight":0.0,"played":[0.0,1.0],"evs":[0.0,10.58003]},"73s":{"weight":0.0,"played":[0.0,1.0],"evs":[0.0,11.55914]},"74s":{"weight":0.0,"played":[0.0,1.0],"evs":[0.0,12.96117]},"75s":{"weight":0.0,"played":[0.0,1.0],"evs":[0.0,14.08701]},"76s":{"weight":0.3162,"played":[0.0,1.0],"evs":[0.0,14.70468]},"77":{"weight":0.2307,"played":[0.0,1.0],"evs":[0.0,17.34239]},"87o":{"weight":0.0,"played":[0.0,1.0],"evs":[0.0,12.0081]},"97o":{"weight":0.0,"played":[0.0,1.0],"evs":[0.0,11.10951]},"T7o":{"weight":0.0,"played":[0.0,1.0],"evs":[0.0,10.24299]},"J7o":{"weight":0.0,"played":[0.0,1.0],"evs":[0.0,9.85263]},"Q7o":{"weight":0.0,"played":[0.0,1.0],"evs":[0.0,9.56404]},"K7o":{"weight":0.0,"played":[0.0,1.0],"evs":[0.0,10.38742]},"A7o":{"weight":0.0,"played":[0.0,1.0],"evs":[0.0,10.17023]},"82s":{"weight":0.0,"played":[0.0,1.0],"evs":[0.0,10.68234]},"83s":{"weight":0.0,"played":[0.0,1.0],"evs":[0.0,10.86516]},"84s":{"weight":0.0,"played":[0.0,1.0],"evs":[0.0,11.81366]},"85s":{"weight":0.0,"played":[0.0,1.0],"evs":[0.0,13.31167]},"86s":{"weight":0.2867,"played":[0.0,1.0],"evs":[0.0,14.16911]},"87s":{"weight":0.2354,"played":[0.0,1.0],"evs":[0.0,14.65296]},"88":{"weight":0.1836,"played":[0.0,1.0],"evs":[0.0,18.48676]},"98o":{"weight":0.0,"played":[0.0,1.0],"evs":[0.0,11.77337]},"T8o":{"weight":0.0,"played":[0.0,1.0],"evs":[0.0,11.27415]},"J8o":{"weight":0.0,"played":[0.0,1.0],"evs":[0.0,10.78762]},"Q8o":{"weight":0.0,"played":[0.0,1.0],"evs":[0.0,10.24173]},"K8o":{"weight":0.0,"played":[0.0,1.0],"evs":[0.0,10.5664]},"A8o":{"weight":0.0,"played":[0.0,1.0],"evs":[0.0,10.92572]},"92s":{"weight":0.0,"played":[0.0,1.0],"evs":[0.0,10.66662]},"93s":{"weight":0.0,"played":[0.0,1.0],"evs":[0.0,11.06133]},"94s":{"weight":0.0,"played":[0.0,1.0],"evs":[0.0,11.4782]},"95s":{"weight":0.0,"played":[0.0,1.0],"evs":[0.0,12.08031]},"96s":{"weight":0.0,"played":[0.0,1.0],"evs":[0.0,13.4039]},"97s":{"weight":0.1931,"played":[0.0,1.0],"evs":[0.0,13.95586]},"98s":{"weight":0.2203,"played":[0.0,1.0],"evs":[0.0,14.50004]},"99":{"weight":0.2063,"played":[0.0,1.0],"evs":[0.0,20.11306]},"T9o":{"weight":0.0,"played":[0.0,1.0],"evs":[0.0,11.9354]},"J9o":{"weight":0.0,"played":[0.0,1.0],"evs":[0.0,11.43511]},"Q9o":{"weight":0.0,"played":[0.0,1.0],"evs":[0.0,11.15467]},"K9o":{"weight":0.0,"played":[0.0,1.0],"evs":[0.0,11.38532]},"A9o":{"weight":0.5864,"played":[0.0,1.0],"evs":[0.0,11.48983]},"T2s":{"weight":0.0,"played":[0.0,1.0],"evs":[0.0,10.53471]},"T3s":{"weight":0.0,"played":[0.0,1.0],"evs":[0.0,10.86329]},"T4s":{"weight":0.0,"played":[0.0,1.0],"evs":[0.0,11.26629]},"T5s":{"weight":0.0,"played":[0.0,1.0],"evs":[0.0,11.61868]},"T6s":{"weight":0.0,"played":[0.0,1.0],"evs":[0.0,12.46717]},"T7s":{"weight":3.0E-4,"played":[0.0,1.0],"evs":[0.0,13.25265]},"T8s":{"weight":0.1521,"played":[0.0,1.0],"evs":[0.0,13.98636]},"T9s":{"weight":0.321,"played":[0.0,1.0],"evs":[0.0,14.49535]},"TT":{"weight":0.3711,"played":[0.0,1.0],"evs":[0.0,22.20143]},"JTo":{"weight":0.0954,"played":[0.0,1.0],"evs":[0.0,12.26637]},"QTo":{"weight":0.3993,"played":[0.0,1.0],"evs":[0.0,12.31431]},"KTo":{"weight":0.5538,"played":[0.0,1.0],"evs":[0.0,12.89918]},"ATo":{"weight":0.4695,"played":[0.0,1.0],"evs":[0.0,13.47414]},"J2s":{"weight":0.0,"played":[0.0,1.0],"evs":[0.0,11.36672]},"J3s":{"weight":0.0,"played":[0.0,1.0],"evs":[0.0,11.31705]},"J4s":{"weight":0.0,"played":[0.0,1.0],"evs":[0.0,11.72101]},"J5s":{"weight":0.0,"played":[0.0,1.0],"evs":[0.0,12.01077]},"J6s":{"weight":0.0,"played":[0.0,1.0],"evs":[0.0,11.95399]},"J7s":{"weight":0.0,"played":[0.0,1.0],"evs":[0.0,12.62201]},"J8s":{"weight":0.3147,"played":[0.0,1.0],"evs":[0.0,13.74411]},"J9s":{"weight":0.4128,"played":[0.0,1.0],"evs":[0.0,14.65684]},"JTs":{"weight":0.4785,"played":[0.0,1.0],"evs":[0.0,15.44722]},"JJ":{"weight":0.5177,"played":[0.0,1.0],"evs":[0.0,25.72783]},"QJo":{"weight":0.5597,"played":[0.0,1.0],"evs":[0.0,13.25053]},"KJo":{"weight":0.607,"played":[0.0,1.0],"evs":[0.0,13.79118]},"AJo":{"weight":0.5326,"played":[0.0,1.0],"evs":[0.0,14.76553]},"Q2s":{"weight":0.0,"played":[0.0,1.0],"evs":[0.0,11.55378]},"Q3s":{"weight":0.0,"played":[0.0,1.0],"evs":[0.0,11.65297]},"Q4s":{"weight":0.0,"played":[0.0,1.0],"evs":[0.0,12.37179]},"Q5s":{"weight":0.0,"played":[0.0,1.0],"evs":[0.0,12.5875]},"Q6s":{"weight":0.0,"played":[0.0,1.0],"evs":[0.0,12.45995]},"Q7s":{"weight":0.0,"played":[0.0,1.0],"evs":[0.0,12.56752]},"Q8s":{"weight":0.4267,"played":[0.0,1.0],"evs":[0.0,13.50696]},"Q9s":{"weight":0.4767,"played":[0.0,1.0],"evs":[0.0,13.98926]},"QTs":{"weight":0.5303,"played":[0.0,1.0],"evs":[0.0,15.48504]},"QJs":{"weight":0.5614,"played":[0.0,1.0],"evs":[0.0,16.30064]},"QQ":{"weight":0.635,"played":[0.0,1.0],"evs":[0.0,29.84498]},"KQo":{"weight":0.6406,"played":[0.0,1.0],"evs":[0.0,15.30646]},"AQo":{"weight":0.5227,"played":[0.0,1.0],"evs":[0.0,16.76886]},"K2s":{"weight":0.0,"played":[0.0,1.0],"evs":[0.0,12.28261]},"K3s":{"weight":0.0,"played":[0.0,1.0],"evs":[0.0,12.71076]},"K4s":{"weight":0.0,"played":[0.0,1.0],"evs":[0.0,12.84975]},"K5s":{"weight":2.0E-4,"played":[0.0,1.0],"evs":[0.0,13.00372]},"K6s":{"weight":0.4889,"played":[0.0,1.0],"evs":[0.0,13.4368]},"K7s":{"weight":0.4634,"played":[0.0,1.0],"evs":[0.0,13.60869]},"K8s":{"weight":0.5459,"played":[0.0,1.0],"evs":[0.0,13.76832]},"K9s":{"weight":0.5634,"played":[0.0,1.0],"evs":[0.0,14.27422]},"KTs":{"weight":0.6006,"played":[0.0,1.0],"evs":[0.0,16.06569]},"KJs":{"weight":0.622,"played":[0.0,1.0],"evs":[0.0,16.79019]},"KQs":{"weight":0.6294,"played":[0.0,1.0],"evs":[0.0,18.03895]},"KK":{"weight":0.6816,"played":[0.0,1.0],"evs":[0.0,35.93954]},"AKo":{"weight":0.4959,"played":[0.0,1.0],"evs":[0.0,18.88202]},"A2s":{"weight":0.0,"played":[0.0,1.0],"evs":[0.0,12.90336]},"A3s":{"weight":2.0E-4,"played":[0.0,1.0],"evs":[0.0,13.40542]},"A4s":{"weight":0.616,"played":[0.0,1.0],"evs":[0.0,13.9457]},"A5s":{"weight":0.6485,"played":[0.0,1.0],"evs":[0.0,14.43604]},"A6s":{"weight":0.6957,"played":[0.0,1.0],"evs":[0.0,13.44077]},"A7s":{"weight":0.61,"played":[0.0,1.0],"evs":[0.0,14.06105]},"A8s":{"weight":0.6393,"played":[0.0,1.0],"evs":[0.0,14.31828]},"A9s":{"weight":0.6472,"played":[0.0,1.0],"evs":[0.0,15.43874]},"ATs":{"weight":0.7479,"played":[0.0,1.0],"evs":[0.0,16.92602]},"AJs":{"weight":0.7367,"played":[0.0,1.0],"evs":[0.0,17.79032]},"AQs":{"weight":0.7551,"played":[0.0,1.0],"evs":[0.0,19.83176]},"AKs":{"weight":0.6063,"played":[0.0,1.0],"evs":[0.0,21.8621]},"AA":{"weight":0.6858,"played":[0.0,1.0],"evs":[0.0,43.77585]}}}