{"player":5,"street":0,"children":2,"sequence":[{"player":0,"type":"F","amount":0,"street":0},{"player":1,"type":"R","amount":955000,"street":0},{"player":2,"type":"C","amount":955000,"street":0},{"player":3,"type":"R","amount":1145000,"street":0},{"player":4,"type":"C","amount":805000,"street":0}],"actions":[{"type":"F","amount":0},{"type":"C","amount":1045000}],"hands":{"22":{"weight":1.0,"played":[0.0,1.0],"evs":[0.0,2.62948]},"32o":{"weight":1.0,"played":[1.0,0.0],"evs":[0.0,-2.52346]},"42o":{"weight":1.0,"played":[1.0,0.0],"evs":[0.0,-1.963]},"52o":{"weight":1.0,"played":[1.0,0.0],"evs":[0.0,-1.32173]},"62o":{"weight":1.0,"played":[1.0,0.0],"evs":[0.0,-2.29637]},"72o":{"weight":1.0,"played":[1.0,0.0],"evs":[0.0,-3.51047]},"82o":{"weight":1.0,"played":[1.0,0.0],"evs":[0.0,-3.13571]},"92o":{"weight":1.0,"played":[1.0,0.0],"evs":[0.0,-3.10788]},"T2o":{"weight":1.0,"played":[1.0,0.0],"evs":[0.0,-3.36792]},"J2o":{"weight":1.0,"played":[1.0,0.0],"evs":[0.0,-3.27966]},"Q2o":{"weight":1.0,"played":[1.0,0.0],"evs":[0.0,-2.68018]},"K2o":{"weight":1.0,"played":[1.0,0.0],"evs":[0.0,-2.10417]},"A2o":{"weight":1.0,"played":[1.0,0.0],"evs":[0.0,-1.80388]},"32s":{"weight":1.0,"played":[2.0E-4,0.9998],"evs":[0.0,0.77768]},"33":{"weight":1.0,"played":[0.0,1.0],"evs":[0.0,3.2209]},"43o":{"weight":1.0,"played":[0.9997,3.0E-4],"evs":[0.0,-0.64276]},"53o":{"weight":1.0,"played":[0.3327,0.6673],"evs":[0.0,-0.39151]},"63o":{"weight":1.0,"played":[0.9982,0.0018],"evs":[0.0,-0.90002]},"73o":{"weight":1.0,"played":[1.0,0.0],"evs":[0.0,-2.45194]},"83o":{"weight":1.0,"played":[1.0,0.0],"evs":[0.0,-3.11691]},"93o":{"weight":1.0,"played":[1.0,0.0],"evs":[0.0,-2.86836]},"T3o":{"weight":1.0,"played":[1.0,0.0],"evs":[0.0,-3.16767]},"J3o":{"weight":1.0,"played":[1.0,0.0],"evs":[0.0,-3.02252]},"Q3o":{"weight":1.0,"played":[1.0,0.0],"evs":[0.0,-2.55536]},"K3o":{"weight":1.0,"played":[1.0,0.0],"evs":[0.0,-1.91931]},"A3o":{"weight":1.0,"played":[0.9983,0.0017],"evs":[0.0,-1.14111]},"42s":{"weight":1.0,"played":[0.0021,0.9979],"evs":[0.0,1.15871]},"43s":{"weight":1.0,"played":[0.0,1.0],"evs":[0.0,1.87793]},"44":{"weight":1.0,"played":[0.0,1.0],"evs":[0.0,3.91566]},"54o":{"weight":1.0,"played":[0.0,1.0],"evs":[0.0,0.96006]},"64o":{"weight":1.0,"played":[0.0037,0.9963],"evs":[0.0,0.05854]},"74o":{"weight":1.0,"played":[0.9902,0.0098],"evs":[0.0,-0.94087]},"84o":{"weight":1.0,"played":[1.0,0.0],"evs":[0.0,-1.90133]},"94o":{"weight":1.0,"played":[1.0,0.0],"evs":[0.0,-2.68745]},"T4o":{"weight":1.0,"played":[1.0,0.0],"evs":[0.0,-2.70672]},"J4o":{"weight":1.0,"played":[1.0,0.0],"evs":[0.0,-2.59846]},"Q4o":{"weight":1.0,"played":[0.9999,1.0E-4],"evs":[0.0,-2.14777]},"K4o":{"weight":1.0,"played":[1.0,0.0],"evs":[0.0,-1.4802]},"A4o":{"weight":1.0,"played":[0.9982,0.0018],"evs":[0.0,-0.83172]},"52s":{"weight":1.0,"played":[0.0051,0.9949],"evs":[0.0,1.60782]},"53s":{"weight":1.0,"played":[0.0,1.0],"evs":[0.0,2.68259]},"54s":{"weight":1.0,"played":[0.0,1.0],"evs":[0.0,3.45699]},"55":{"weight":1.0,"played":[0.0,1.0],"evs":[0.0,4.94198]},"65o":{"weight":1.0,"played":[0.0,1.0],"evs":[0.0,1.30692]},"75o":{"weight":1.0,"played":[0.0266,0.9734],"evs":[0.0,0.24232]},"85o":{"weight":1.0,"played":[0.9994,6.0E-4],"evs":[0.0,-0.6616]},"95o":{"weight":1.0,"played":[1.0,0.0],"evs":[0.0,-1.37747]},"T5o":{"weight":1.0,"played":[1.0,0.0],"evs":[0.0,-2.47707]},"J5o":{"weight":1.0,"played":[1.0,0.0],"evs":[0.0,-2.2585]},"Q5o":{"weight":1.0,"played":[0.9996,4.0E-4],"evs":[0.0,-1.80266]},"K5o":{"weight":1.0,"played":[1.0,0.0],"evs":[0.0,-1.20978]},"A5o":{"weight":1.0,"played":[0.3669,0.6331],"evs":[0.0,-0.16972]},"62s":{"weight":1.0,"played":[4.0E-4,0.9996],"evs":[0.0,0.78018]},"63s":{"weight":1.0,"played":[0.0,1.0],"evs":[0.0,2.00221]},"64s":{"weight":1.0,"played":[0.0,1.0],"evs":[0.0,2.7623]},"65s":{"weight":1.0,"played":[0.0,1.0],"evs":[0.0,4.33968]},"66":{"weight":1.0,"played":[0.0,1.0],"evs":[0.0,5.72375]},"76o":{"weight":1.0,"played":[0.0,1.0],"evs":[0.0,0.9717]},"86o":{"weight":1.0,"played":[8.0E-4,0.9992],"evs":[0.0,0.17832]},"96o":{"weight":1.0,"played":[0.9998,2.0E-4],"evs":[0.0,-0.65821]},"T6o":{"weight":1.0,"played":[0.9999,1.0E-4],"evs":[0.0,-1.9027]},"J6o":{"weight":1.0,"played":[1.0,0.0],"evs":[0.0,-1.93717]},"Q6o":{"weight":1.0,"played":[1.0,0.0],"evs":[0.0,-1.49701]},"K6o":{"weight":1.0,"played":[0.9999,1.0E-4],"evs":[0.0,-0.74685]},"A6o":{"weight":1.0,"played":[0.9992,8.0E-4],"evs":[0.0,-1.27269]},"72s":{"weight":1.0,"played":[0.9472,0.0528],"evs":[0.0,-0.24888]},"73s":{"weight":1.0,"played":[0.0016,0.9984],"evs":[0.0,0.62164]},"74s":{"weight":1.0,"played":[0.002,0.998],"evs":[0.0,1.93374]},"75s":{"weight":1.0,"played":[0.0,1.0],"evs":[0.0,2.64492]},"76s":{"weight":1.0,"played":[0.0,1.0],"evs":[0.0,3.68823]},"77":{"weight":1.0,"played":[0.0,1.0],"evs":[0.0,7.07334]},"87o":{"weight":1.0,"played":[0.0,1.0],"evs":[0.0,0.8746]},"97o":{"weight":1.0,"played":[0.1455,0.8545],"evs":[0.0,0.24191]},"T7o":{"weight":1.0,"played":[0.9961,0.0039],"evs":[0.0,-0.90095]},"J7o":{"weight":1.0,"played":[0.9996,4.0E-4],"evs":[0.0,-1.34054]},"Q7o":{"weight":1.0,"played":[0.9998,2.0E-4],"evs":[0.0,-1.55641]},"K7o":{"weight":1.0,"played":[0.9997,3.0E-4],"evs":[0.0,-0.5164]},"A7o":{"weight":1.0,"played":[1.0,0.0],"evs":[0.0,-0.68408]},"82s":{"weight":1.0,"played":[0.6754,0.3246],"evs":[0.0,-0.24267]},"83s":{"weight":1.0,"played":[0.0794,0.9206],"evs":[0.0,0.03072]},"84s":{"weight":1.0,"played":[0.0018,0.9982],"evs":[0.0,1.01447]},"85s":{"weight":1.0,"played":[2.0E-4,0.9998],"evs":[0.0,2.33684]},"86s":{"weight":1.0,"played":[0.0,1.0],"evs":[0.0,3.39086]},"87s":{"weight":1.0,"played":[0.0,1.0],"evs":[0.0,4.07846]},"88":{"weight":1.0,"played":[0.0,1.0],"evs":[0.0,8.59883]},"98o":{"weight":1.0,"played":[3.0E-4,0.9997],"evs":[0.0,0.93186]},"T8o":{"weight":1.0,"played":[0.4595,0.5405],"evs":[0.0,0.31237]},"J8o":{"weight":1.0,"played":[0.844,0.156],"evs":[0.0,-0.31603]},"Q8o":{"weight":1.0,"played":[1.0,0.0],"evs":[0.0,-0.7436]},"K8o":{"weight":1.0,"played":[0.9979,0.0021],"evs":[0.0,-0.30331]},"A8o":{"weight":1.0,"played":[0.6357,0.3643],"evs":[0.0,-0.27292]},"92s":{"weight":1.0,"played":[0.4023,0.5977],"evs":[0.0,0.04318]},"93s":{"weight":1.0,"played":[0.0655,0.9345],"evs":[0.0,0.39378]},"94s":{"weight":1.0,"played":[0.078,0.922],"evs":[0.0,0.23961]},"95s":{"weight":1.0,"played":[4.0E-4,0.9996],"evs":[0.0,1.47731]},"96s":{"weight":1.0,"played":[2.0E-4,0.9998],"evs":[0.0,2.22276]},"97s":{"weight":1.0,"played":[1.0E-4,0.9999],"evs":[0.0,2.95844]},"98s":{"weight":1.0,"played":[0.0,1.0],"evs":[0.0,3.95009]},"99":{"weight":1.0,"played":[0.0,1.0],"evs":[0.0,10.22599]},"T9o":{"weight":1.0,"played":[0.0022,0.9978],"evs":[0.0,1.01992]},"J9o":{"weight":1.0,"played":[0.3665,0.6335],"evs":[0.0,0.42979]},"Q9o":{"weight":1.0,"played":[0.5798,0.4202],"evs":[0.0,0.34437]},"K9o":{"weight":1.0,"played":[0.3419,0.6581],"evs":[0.0,0.57391]},"A9o":{"weight":1.0,"played":[0.0394,0.9606],"evs":[0.0,0.42153]},"T2s":{"weight":1.0,"played":[0.4205,0.5795],"evs":[0.0,0.04459]},"T3s":{"weight":1.0,"played":[0.4951,0.5049],"evs":[0.0,0.00454]},"T4s":{"weight":1.0,"played":[3.0E-4,0.9997],"evs":[0.0,0.60054]},"T5s":{"weight":1.0,"played":[0.0411,0.9589],"evs":[0.0,0.96768]},"T6s":{"weight":1.0,"played":[1.0E-4,0.9999],"evs":[0.0,1.34984]},"T7s":{"weight":1.0,"played":[0.0,1.0],"evs":[0.0,2.04096]},"T8s":{"weight":1.0,"played":[0.0,1.0],"evs":[0.0,3.21239]},"T9s":{"weight":1.0,"played":[0.0,1.0],"evs":[0.0,3.79306]},"TT":{"weight":1.0,"played":[0.0,1.0],"evs":[0.0,12.14018]},"JTo":{"weight":1.0,"played":[8.0E-4,0.9992],"evs":[0.0,1.46825]},"QTo":{"weight":1.0,"played":[0.0,1.0],"evs":[0.0,1.41019]},"KTo":{"weight":1.0,"played":[3.0E-4,0.9997],"evs":[0.0,2.09185]},"ATo":{"weight":1.0,"played":[0.0,1.0],"evs":[0.0,2.42882]},"J2s":{"weight":1.0,"played":[0.2903,0.7097],"evs":[0.0,0.10985]},"J3s":{"weight":1.0,"played":[0.0141,0.9859],"evs":[0.0,0.53357]},"J4s":{"weight":1.0,"played":[0.0258,0.9742],"evs":[0.0,0.86501]},"J5s":{"weight":1.0,"played":[0.0044,0.9956],"evs":[0.0,1.10018]},"J6s":{"weight":1.0,"played":[2.0E-4,0.9998],"evs":[0.0,0.96079]},"J7s":{"weight":1.0,"played":[0.0,1.0],"evs":[0.0,2.06336]},"J8s":{"weight":1.0,"played":[0.0,1.0],"evs":[0.0,2.90136]},"J9s":{"weight":1.0,"played":[0.0,1.0],"evs":[0.0,3.68842]},"JTs":{"weight":1.0,"played":[0.0,1.0],"evs":[0.0,4.26114]},"JJ":{"weight":1.0,"played":[0.0,1.0],"evs":[0.0,15.93784]},"QJo":{"weight":1.0,"played":[0.0,1.0],"evs":[0.0,2.16085]},"KJo":{"weight":1.0,"played":[0.0,1.0],"evs":[0.0,3.08632]},"AJo":{"weight":1.0,"played":[0.0,1.0],"evs":[0.0,3.85787]},"Q2s":{"weight":1.0,"played":[2.0E-4,0.9998],"evs":[0.0,0.59564]},"Q3s":{"weight":1.0,"played":[0.0099,0.9901],"evs":[0.0,0.63662]},"Q4s":{"weight":1.0,"played":[0.0024,0.9976],"evs":[0.0,1.31049]},"Q5s":{"weight":1.0,"played":[0.0,1.0],"evs":[0.0,1.48756]},"Q6s":{"weight":1.0,"played":[0.0011,0.9989],"evs":[0.0,1.89217]},"Q7s":{"weight":1.0,"played":[1.0E-4,0.9999],"evs":[0.0,1.75909]},"Q8s":{"weight":1.0,"played":[3.0E-4,0.9997],"evs":[0.0,2.54717]},"Q9s":{"weight":1.0,"played":[0.0,1.0],"evs":[0.0,3.36574]},"QTs":{"weight":1.0,"played":[0.0,1.0],"evs":[0.0,3.7606]},"QJs":{"weight":1.0,"played":[0.0,1.0],"evs":[0.0,5.09186]},"QQ":{"weight":1.0,"played":[0.0,1.0],"evs":[0.0,20.10775]},"KQo":{"weight":1.0,"played":[0.0,1.0],"evs":[0.0,4.47675]},"AQo":{"weight":1.0,"played":[0.0,1.0],"evs":[0.0,5.58759]},"K2s":{"weight":1.0,"played":[4.0E-4,0.9996],"evs":[0.0,1.26039]},"K3s":{"weight":1.0,"played":[0.0016,0.9984],"evs":[0.0,1.51994]},"K4s":{"weight":1.0,"played":[0.0,1.0],"evs":[0.0,2.08155]},"K5s":{"weight":1.0,"played":[0.0,1.0],"evs":[0.0,2.55611]},"K6s":{"weight":1.0,"played":[0.0,1.0],"evs":[0.0,2.50653]},"K7s":{"weight":1.0,"played":[0.0,1.0],"evs":[0.0,2.56088]},"K8s":{"weight":1.0,"played":[0.0,1.0],"evs":[0.0,2.93136]},"K9s":{"weight":1.0,"played":[0.0,1.0],"evs":[0.0,4.04489]},"KTs":{"weight":1.0,"played":[0.0,1.0],"evs":[0.0,5.77333]},"KJs":{"weight":1.0,"played":[0.0,1.0],"evs":[0.0,6.31467]},"KQs":{"weight":1.0,"played":[0.0,1.0],"evs":[0.0,7.60797]},"KK":{"weight":1.0,"played":[0.0,1.0],"evs":[0.0,25.84178]},"AKo":{"weight":1.0,"played":[0.0,1.0],"evs":[0.0,8.23727]},"A2s":{"weight":1.0,"played":[0.0,1.0],"evs":[0.0,1.72636]},"A3s":{"weight":1.0,"played":[0.0,1.0],"evs":[0.0,2.31862]},"A4s":{"weight":1.0,"played":[0.0,1.0],"evs":[0.0,2.93408]},"A5s":{"weight":1.0,"played":[0.0,1.0],"evs":[0.0,3.15641]},"A6s":{"weight":1.0,"played":[0.0,1.0],"evs":[0.0,2.27709]},"A7s":{"weight":1.0,"played":[0.0,1.0],"evs":[0.0,2.65999]},"A8s":{"weight":1.0,"played":[1.0E-4,0.9999],"evs":[0.0,3.19801]},"A9s":{"weight":1.0,"played":[0.0,1.0],"evs":[0.0,4.39986]},"ATs":{"weight":1.0,"played":[0.0,1.0],"evs":[0.0,5.97546]},"AJs":{"weight":1.0,"played":[0.0,1.0],"evs":[0.0,7.12722]},"AQs":{"weight":1.0,"played":[0.0,1.0],"evs":[0.0,9.02285]},"AKs":{"weight":1.0,"played":[0.0,1.0],"evs":[0.0,11.39192]},"AA":{"weight":1.0,"played":[0.0,1.0],"evs":[0.0,33.45252]}}}