{"player":5,"street":0,"children":2,"sequence":[{"player":0,"type":"R","amount":955000,"street":0},{"player":1,"type":"F","amount":0,"street":0},{"player":2,"type":"F","amount":0,"street":0},{"player":3,"type":"F","amount":0,"street":0},{"player":4,"type":"F","amount":0,"street":0}],"actions":[{"type":"F","amount":0},{"type":"C","amount":855000}],"hands":{"22":{"weight":1.0,"played":[0.0,1.0],"evs":[0.0,1.75711]},"32o":{"weight":1.0,"played":[1.0,0.0],"evs":[0.0,-3.03961]},"42o":{"weight":1.0,"played":[1.0,0.0],"evs":[0.0,-2.81804]},"52o":{"weight":1.0,"played":[1.0,0.0],"evs":[0.0,-2.71198]},"62o":{"weight":1.0,"played":[1.0,0.0],"evs":[0.0,-2.99257]},"72o":{"weight":1.0,"played":[1.0,0.0],"evs":[0.0,-3.25578]},"82o":{"weight":1.0,"played":[1.0,0.0],"evs":[0.0,-3.01367]},"92o":{"weight":1.0,"played":[1.0,0.0],"evs":[0.0,-2.91827]},"T2o":{"weight":1.0,"played":[1.0,0.0],"evs":[0.0,-2.76218]},"J2o":{"weight":1.0,"played":[1.0,0.0],"evs":[0.0,-2.51569]},"Q2o":{"weight":1.0,"played":[1.0,0.0],"evs":[0.0,-2.15197]},"K2o":{"weight":1.0,"played":[1.0,0.0],"evs":[0.0,-1.47473]},"A2o":{"weight":1.0,"played":[0.0,1.0],"evs":[0.0,0.66426]},"32s":{"weight":1.0,"played":[1.0,0.0],"evs":[0.0,-1.81707]},"33":{"weight":1.0,"played":[0.0,1.0],"evs":[0.0,2.36715]},"43o":{"weight":1.0,"played":[1.0,0.0],"evs":[0.0,-2.2807]},"53o":{"weight":1.0,"played":[1.0,0.0],"evs":[0.0,-2.14722]},"63o":{"weight":1.0,"played":[1.0,0.0],"evs":[0.0,-2.42321]},"73o":{"weight":1.0,"played":[1.0,0.0],"evs":[0.0,-2.69756]},"83o":{"weight":1.0,"played":[1.0,0.0],"evs":[0.0,-2.89403]},"93o":{"weight":1.0,"played":[1.0,0.0],"evs":[0.0,-2.70784]},"T3o":{"weight":1.0,"played":[1.0,0.0],"evs":[0.0,-2.53542]},"J3o":{"weight":1.0,"played":[1.0,0.0],"evs":[0.0,-2.29644]},"Q3o":{"weight":1.0,"played":[1.0,0.0],"evs":[0.0,-1.94143]},"K3o":{"weight":1.0,"played":[1.0,0.0],"evs":[0.0,-1.25683]},"A3o":{"weight":1.0,"played":[0.0,1.0],"evs":[0.0,0.88302]},"42s":{"weight":1.0,"played":[1.0,0.0],"evs":[0.0,-1.61256]},"43s":{"weight":1.0,"played":[1.0,0.0],"evs":[0.0,-1.10751]},"44":{"weight":1.0,"played":[0.0,1.0],"evs":[0.0,2.96042]},"54o":{"weight":1.0,"played":[1.0,0.0],"evs":[0.0,-1.6297]},"64o":{"weight":1.0,"played":[1.0,0.0],"evs":[0.0,-1.88825]},"74o":{"weight":1.0,"played":[1.0,0.0],"evs":[0.0,-2.1503]},"84o":{"weight":1.0,"played":[1.0,0.0],"evs":[0.0,-2.35014]},"94o":{"weight":1.0,"played":[1.0,0.0],"evs":[0.0,-2.59232]},"T4o":{"weight":1.0,"played":[1.0,0.0],"evs":[0.0,-2.33006]},"J4o":{"weight":1.0,"played":[1.0,0.0],"evs":[0.0,-2.08859]},"Q4o":{"weight":1.0,"played":[1.0,0.0],"evs":[0.0,-1.73493]},"K4o":{"weight":1.0,"played":[1.0,0.0],"evs":[0.0,-1.06223]},"A4o":{"weight":1.0,"played":[0.0,1.0],"evs":[0.0,1.0715]},"52s":{"weight":1.0,"played":[1.0,0.0],"evs":[0.0,-1.50222]},"53s":{"weight":1.0,"played":[1.0,0.0],"evs":[0.0,-1.0012]},"54s":{"weight":1.0,"played":[1.0,0.0],"evs":[0.0,-0.51581]},"55":{"weight":1.0,"played":[0.0,1.0],"evs":[0.0,3.59844]},"65o":{"weight":1.0,"played":[1.0,0.0],"evs":[0.0,-1.47671]},"75o":{"weight":1.0,"played":[1.0,0.0],"evs":[0.0,-1.72865]},"85o":{"weight":1.0,"played":[1.0,0.0],"evs":[0.0,-1.93544]},"95o":{"weight":1.0,"played":[1.0,0.0],"evs":[0.0,-2.17834]},"T5o":{"weight":1.0,"played":[1.0,0.0],"evs":[0.0,-2.34978]},"J5o":{"weight":1.0,"played":[1.0,0.0],"evs":[0.0,-2.02013]},"Q5o":{"weight":1.0,"played":[1.0,0.0],"evs":[0.0,-1.66008]},"K5o":{"weight":1.0,"played":[1.0,0.0],"evs":[0.0,-0.98282]},"A5o":{"weight":1.0,"played":[0.0,1.0],"evs":[0.0,1.3231]},"62s":{"weight":1.0,"played":[1.0,0.0],"evs":[0.0,-1.7674]},"63s":{"weight":1.0,"played":[1.0,0.0],"evs":[0.0,-1.22717]},"64s":{"weight":1.0,"played":[1.0,0.0],"evs":[0.0,-0.74343]},"65s":{"weight":1.0,"played":[1.0,0.0],"evs":[0.0,-0.34736]},"66":{"weight":1.0,"played":[0.0,1.0],"evs":[0.0,4.23837]},"76o":{"weight":1.0,"played":[1.0,0.0],"evs":[0.0,-1.19958]},"86o":{"weight":1.0,"played":[1.0,0.0],"evs":[0.0,-1.37358]},"96o":{"weight":1.0,"played":[1.0,0.0],"evs":[0.0,-1.62422]},"T6o":{"weight":1.0,"played":[1.0,0.0],"evs":[0.0,-1.78164]},"J6o":{"weight":1.0,"played":[1.0,0.0],"evs":[0.0,-1.87609]},"Q6o":{"weight":1.0,"played":[1.0,0.0],"evs":[0.0,-1.4347]},"K6o":{"weight":1.0,"played":[1.0,0.0],"evs":[0.0,-0.7527]},"A6o":{"weight":1.0,"played":[0.0,1.0],"evs":[0.0,1.33759]},"72s":{"weight":1.0,"played":[1.0,0.0],"evs":[0.0,-2.02086]},"73s":{"weight":1.0,"played":[1.0,0.0],"evs":[0.0,-1.51042]},"74s":{"weight":1.0,"played":[1.0,0.0],"evs":[0.0,-0.98244]},"75s":{"weight":1.0,"played":[1.0,0.0],"evs":[0.0,-0.609]},"76s":{"weight":1.0,"played":[0.9999,1.0E-4],"evs":[0.0,-0.10182]},"77":{"weight":1.0,"played":[0.0,1.0],"evs":[0.0,4.86927]},"87o":{"weight":1.0,"played":[1.0,0.0],"evs":[0.0,-0.99806]},"97o":{"weight":1.0,"played":[1.0,0.0],"evs":[0.0,-1.21478]},"T7o":{"weight":1.0,"played":[1.0,0.0],"evs":[0.0,-1.37584]},"J7o":{"weight":1.0,"played":[1.0,0.0],"evs":[0.0,-1.47754]},"Q7o":{"weight":1.0,"played":[1.0,0.0],"evs":[0.0,-1.45423]},"K7o":{"weight":1.0,"played":[1.0,0.0],"evs":[0.0,-0.67986]},"A7o":{"weight":1.0,"played":[0.0,1.0],"evs":[0.0,1.88735]},"82s":{"weight":1.0,"played":[1.0,0.0],"evs":[0.0,-1.79727]},"83s":{"weight":1.0,"played":[1.0,0.0],"evs":[0.0,-1.67366]},"84s":{"weight":1.0,"played":[1.0,0.0],"evs":[0.0,-1.1604]},"85s":{"weight":1.0,"played":[1.0,0.0],"evs":[0.0,-0.77838]},"86s":{"weight":1.0,"played":[1.0,0.0],"evs":[0.0,-0.25679]},"87s":{"weight":1.0,"played":[0.0,1.0],"evs":[0.0,0.10102]},"88":{"weight":1.0,"played":[0.0,1.0],"evs":[0.0,5.64879]},"98o":{"weight":1.0,"played":[1.0,0.0],"evs":[0.0,-0.7743]},"T8o":{"weight":1.0,"played":[1.0,0.0],"evs":[0.0,-0.90012]},"J8o":{"weight":1.0,"played":[1.0,0.0],"evs":[0.0,-1.00134]},"Q8o":{"weight":1.0,"played":[1.0,0.0],"evs":[0.0,-0.98749]},"K8o":{"weight":1.0,"played":[1.0,0.0],"evs":[0.0,-0.52122]},"A8o":{"weight":1.0,"played":[0.0,1.0],"evs":[0.0,2.64637]},"92s":{"weight":1.0,"played":[1.0,0.0],"evs":[0.0,-1.70153]},"93s":{"weight":1.0,"played":[1.0,0.0],"evs":[0.0,-1.49112]},"94s":{"weight":1.0,"played":[1.0,0.0],"evs":[0.0,-1.37602]},"95s":{"weight":1.0,"played":[1.0,0.0],"evs":[0.0,-1.00587]},"96s":{"weight":1.0,"played":[1.0,0.0],"evs":[0.0,-0.45983]},"97s":{"weight":1.0,"played":[1.0,0.0],"evs":[0.0,-0.08536]},"98s":{"weight":1.0,"played":[0.0,1.0],"evs":[0.0,0.32012]},"99":{"weight":1.0,"played":[0.0,1.0],"evs":[0.0,6.553]},"T9o":{"weight":1.0,"played":[1.0,0.0],"evs":[0.0,-0.42863]},"J9o":{"weight":1.0,"played":[1.0,0.0],"evs":[0.0,-0.48435]},"Q9o":{"weight":1.0,"played":[1.0,0.0],"evs":[0.0,-0.39976]},"K9o":{"weight":1.0,"played":[0.0,1.0],"evs":[0.0,0.13436]},"A9o":{"weight":1.0,"played":[0.0,1.0],"evs":[0.0,3.57387]},"T2s":{"weight":1.0,"played":[1.0,0.0],"evs":[0.0,-1.55114]},"T3s":{"weight":1.0,"played":[1.0,0.0],"evs":[0.0,-1.33816]},"T4s":{"weight":1.0,"played":[1.0,0.0],"evs":[0.0,-1.15075]},"T5s":{"weight":1.0,"played":[1.0,0.0],"evs":[0.0,-1.16615]},"T6s":{"weight":1.0,"played":[1.0,0.0],"evs":[0.0,-0.63235]},"T7s":{"weight":1.0,"played":[1.0,0.0],"evs":[0.0,-0.25517]},"T8s":{"weight":1.0,"played":[0.0,1.0],"evs":[0.0,0.18806]},"T9s":{"weight":1.0,"played":[0.0,1.0],"evs":[0.0,0.64775]},"TT":{"weight":1.0,"played":[0.0,1.0],"evs":[0.0,7.82842]},"JTo":{"weight":1.0,"played":[0.0,1.0],"evs":[0.0,0.25576]},"QTo":{"weight":1.0,"played":[0.0,1.0],"evs":[0.0,0.35564]},"KTo":{"weight":1.0,"played":[0.0,1.0],"evs":[0.0,1.13643]},"ATo":{"weight":1.0,"played":[0.0,1.0],"evs":[0.0,5.03544]},"J2s":{"weight":1.0,"played":[1.0,0.0],"evs":[0.0,-1.30525]},"J3s":{"weight":1.0,"played":[1.0,0.0],"evs":[0.0,-1.09159]},"J4s":{"weight":1.0,"played":[1.0,0.0],"evs":[0.0,-0.90425]},"J5s":{"weight":1.0,"played":[1.0,0.0],"evs":[0.0,-0.8559]},"J6s":{"weight":1.0,"played":[1.0,0.0],"evs":[0.0,-0.70196]},"J7s":{"weight":1.0,"played":[1.0,0.0],"evs":[0.0,-0.33425]},"J8s":{"weight":1.0,"played":[0.0,1.0],"evs":[0.0,0.1158]},"J9s":{"weight":1.0,"played":[0.0,1.0],"evs":[0.0,0.60459]},"JTs":{"weight":1.0,"played":[0.0,1.0],"evs":[0.0,1.29636]},"JJ":{"weight":1.0,"played":[0.0,1.0],"evs":[0.0,9.07149]},"QJo":{"weight":1.0,"played":[0.0,1.0],"evs":[0.0,0.86358]},"KJo":{"weight":1.0,"played":[0.0,1.0],"evs":[0.0,1.96956]},"AJo":{"weight":1.0,"played":[0.0,1.0],"evs":[0.0,6.13056]},"Q2s":{"weight":1.0,"played":[1.0,0.0],"evs":[0.0,-0.95944]},"Q3s":{"weight":1.0,"played":[1.0,0.0],"evs":[0.0,-0.74462]},"Q4s":{"weight":1.0,"played":[1.0,0.0],"evs":[0.0,-0.57111]},"Q5s":{"weight":1.0,"played":[1.0,0.0],"evs":[0.0,-0.49472]},"Q6s":{"weight":1.0,"played":[1.0,0.0],"evs":[0.0,-0.26727]},"Q7s":{"weight":1.0,"played":[1.0,0.0],"evs":[0.0,-0.30755]},"Q8s":{"weight":1.0,"played":[1.0E-4,0.9999],"evs":[0.0,0.13203]},"Q9s":{"weight":1.0,"played":[0.0,1.0],"evs":[0.0,0.6917]},"QTs":{"weight":1.0,"played":[0.0,1.0],"evs":[0.0,1.40242]},"QJs":{"weight":1.0,"played":[0.0,1.0],"evs":[0.0,1.86259]},"QQ":{"weight":1.0,"played":[0.0,1.0],"evs":[0.0,10.31239]},"KQo":{"weight":1.0,"played":[0.0,1.0],"evs":[0.0,2.74937]},"AQo":{"weight":1.0,"played":[0.0,1.0],"evs":[0.0,7.11382]},"K2s":{"weight":1.0,"played":[1.0,0.0],"evs":[0.0,-0.2948]},"K3s":{"weight":1.0,"played":[0.9991,9.0E-4],"evs":[0.0,-0.09536]},"K4s":{"weight":1.0,"played":[2.0E-4,0.9998],"evs":[0.0,0.0862]},"K5s":{"weight":1.0,"played":[0.0,1.0],"evs":[0.0,0.16695]},"K6s":{"weight":1.0,"played":[0.0,1.0],"evs":[0.0,0.39393]},"K7s":{"weight":1.0,"played":[0.0,1.0],"evs":[0.0,0.45672]},"K8s":{"weight":1.0,"played":[0.0,1.0],"evs":[0.0,0.57845]},"K9s":{"weight":1.0,"played":[0.0,1.0],"evs":[0.0,1.20109]},"KTs":{"weight":1.0,"played":[0.0,1.0],"evs":[0.0,2.12544]},"KJs":{"weight":1.0,"played":[0.0,1.0],"evs":[0.0,2.88649]},"KQs":{"weight":1.0,"played":[0.0,1.0],"evs":[0.0,3.63872]},"KK":{"weight":1.0,"played":[0.0,1.0],"evs":[0.0,11.81801]},"AKo":{"weight":1.0,"played":[0.0,1.0],"evs":[0.0,8.31991]},"A2s":{"weight":1.0,"played":[0.0,1.0],"evs":[0.0,1.72874]},"A3s":{"weight":1.0,"played":[0.0,1.0],"evs":[0.0,1.94893]},"A4s":{"weight":1.0,"played":[0.0,1.0],"evs":[0.0,2.11579]},"A5s":{"weight":1.0,"played":[0.0,1.0],"evs":[0.0,2.33259]},"A6s":{"weight":1.0,"played":[0.0,1.0],"evs":[0.0,2.3495]},"A7s":{"weight":1.0,"played":[0.0,1.0],"evs":[0.0,2.87657]},"A8s":{"weight":1.0,"played":[0.0,1.0],"evs":[0.0,3.58205]},"A9s":{"weight":1.0,"played":[0.0,1.0],"evs":[0.0,4.42542]},"ATs":{"weight":1.0,"played":[0.0,1.0],"evs":[0.0,5.79009]},"AJs":{"weight":1.0,"played":[0.0,1.0],"evs":[0.0,6.81991]},"AQs":{"weight":1.0,"played":[0.0,1.0],"evs":[0.0,7.74014]},"AKs":{"weight":1.0,"played":[0.0,1.0],"evs":[0.0,8.85284]},"AA":{"weight":1.0,"played":[0.0,1.0],"evs":[0.0,15.53641]}}}