{"player":5,"street":0,"children":3,"sequence":[{"player":0,"type":"R","amount":955000,"street":0},{"player":1,"type":"F","amount":0,"street":0},{"player":2,"type":"F","amount":0,"street":0},{"player":3,"type":"C","amount":955000,"street":0},{"player":4,"type":"F","amount":0,"street":0}],"actions":[{"type":"F","amount":0},{"type":"C","amount":855000},{"type":"R","amount":1145000,"node":58}],"hands":{"22":{"weight":1.0,"played":[0.0,0.6268,0.3732],"evs":[0.0,1.34489,1.34474]},"32o":{"weight":1.0,"played":[1.0,0.0,0.0],"evs":[0.0,-3.63909,-3.68065]},"42o":{"weight":1.0,"played":[1.0,0.0,0.0],"evs":[0.0,-3.17819,-3.21205]},"52o":{"weight":1.0,"played":[1.0,0.0,0.0],"evs":[0.0,-2.88186,-2.90987]},"62o":{"weight":1.0,"played":[1.0,0.0,0.0],"evs":[0.0,-3.27721,-3.31209]},"72o":{"weight":1.0,"played":[1.0,0.0,0.0],"evs":[0.0,-3.89521,-3.92303]},"82o":{"weight":1.0,"played":[1.0,0.0,0.0],"evs":[0.0,-3.55323,-3.57112]},"92o":{"weight":1.0,"played":[1.0,0.0,0.0],"evs":[0.0,-3.52073,-3.53543]},"T2o":{"weight":1.0,"played":[1.0,0.0,0.0],"evs":[0.0,-3.45648,-3.45587]},"J2o":{"weight":1.0,"played":[1.0,0.0,0.0],"evs":[0.0,-3.39624,-3.39599]},"Q2o":{"weight":1.0,"played":[1.0,0.0,0.0],"evs":[0.0,-2.8514,-2.85118]},"K2o":{"weight":1.0,"played":[1.0,0.0,0.0],"evs":[0.0,-2.5996,-2.59965]},"A2o":{"weight":1.0,"played":[1.0,0.0,0.0],"evs":[0.0,-2.19694,-2.1972]},"32s":{"weight":1.0,"played":[1.0,0.0,0.0],"evs":[0.0,-1.54972,-1.58039]},"33":{"weight":1.0,"played":[0.0,0.3628,0.6372],"evs":[0.0,2.13585,2.13545]},"43o":{"weight":1.0,"played":[1.0,0.0,0.0],"evs":[0.0,-2.33452,-2.36628]},"53o":{"weight":1.0,"played":[1.0,0.0,0.0],"evs":[0.0,-1.93276,-1.95782]},"63o":{"weight":1.0,"played":[1.0,0.0,0.0],"evs":[0.0,-2.35609,-2.38464]},"73o":{"weight":1.0,"played":[1.0,0.0,0.0],"evs":[0.0,-3.00775,-3.03432]},"83o":{"weight":1.0,"played":[1.0,0.0,0.0],"evs":[0.0,-3.43952,-3.45719]},"93o":{"weight":1.0,"played":[1.0,0.0,0.0],"evs":[0.0,-3.20427,-3.21799]},"T3o":{"weight":1.0,"played":[1.0,0.0,0.0],"evs":[0.0,-3.13171,-3.13211]},"J3o":{"weight":1.0,"played":[1.0,0.0,0.0],"evs":[0.0,-3.08223,-3.08216]},"Q3o":{"weight":1.0,"played":[1.0,0.0,0.0],"evs":[0.0,-2.52818,-2.52804]},"K3o":{"weight":1.0,"played":[1.0,0.0,0.0],"evs":[0.0,-2.30357,-2.30333]},"A3o":{"weight":1.0,"played":[1.0,0.0,0.0],"evs":[0.0,-1.84908,-1.84939]},"42s":{"weight":1.0,"played":[1.0,0.0,0.0],"evs":[0.0,-1.17313,-1.19366]},"43s":{"weight":1.0,"played":[0.9998,1.0E-4,1.0E-4],"evs":[0.0,-0.25447,-0.27422]},"44":{"weight":1.0,"played":[0.0,0.0106,0.9894],"evs":[0.0,3.22879,3.22887]},"54o":{"weight":1.0,"played":[1.0,0.0,0.0],"evs":[0.0,-1.03612,-1.04463]},"64o":{"weight":1.0,"played":[1.0,0.0,0.0],"evs":[0.0,-1.34384,-1.36086]},"74o":{"weight":1.0,"played":[1.0,0.0,0.0],"evs":[0.0,-2.01278,-2.02766]},"84o":{"weight":1.0,"played":[1.0,0.0,0.0],"evs":[0.0,-2.48925,-2.5039]},"94o":{"weight":1.0,"played":[1.0,0.0,0.0],"evs":[0.0,-2.99499,-3.00653]},"T4o":{"weight":1.0,"played":[1.0,0.0,0.0],"evs":[0.0,-2.72759,-2.72714]},"J4o":{"weight":1.0,"played":[1.0,0.0,0.0],"evs":[0.0,-2.69214,-2.69225]},"Q4o":{"weight":1.0,"played":[1.0,0.0,0.0],"evs":[0.0,-2.13574,-2.1359]},"K4o":{"weight":1.0,"played":[1.0,0.0,0.0],"evs":[0.0,-1.86943,-1.86958]},"A4o":{"weight":1.0,"played":[1.0,0.0,0.0],"evs":[0.0,-1.38747,-1.38733]},"52s":{"weight":1.0,"played":[1.0,0.0,0.0],"evs":[0.0,-0.86217,-0.87843]},"53s":{"weight":1.0,"played":[0.7026,0.297,4.0E-4],"evs":[0.0,-0.04043,-0.05303]},"54s":{"weight":1.0,"played":[0.0,0.9983,0.0017],"evs":[0.0,0.90692,0.89536]},"55":{"weight":1.0,"played":[0.0,0.6635,0.3365],"evs":[0.0,4.29541,4.29497]},"65o":{"weight":1.0,"played":[1.0,0.0,0.0],"evs":[0.0,-0.52432,-0.54068]},"75o":{"weight":1.0,"played":[1.0,0.0,0.0],"evs":[0.0,-1.0902,-1.10351]},"85o":{"weight":1.0,"played":[1.0,0.0,0.0],"evs":[0.0,-1.56169,-1.57139]},"95o":{"weight":1.0,"played":[1.0,0.0,0.0],"evs":[0.0,-2.10167,-2.11197]},"T5o":{"weight":1.0,"played":[1.0,0.0,0.0],"evs":[0.0,-2.58733,-2.58718]},"J5o":{"weight":1.0,"played":[1.0,0.0,0.0],"evs":[0.0,-2.37003,-2.37006]},"Q5o":{"weight":1.0,"played":[1.0,0.0,0.0],"evs":[0.0,-1.86842,-1.86831]},"K5o":{"weight":1.0,"played":[1.0,0.0,0.0],"evs":[0.0,-1.60185,-1.6017]},"A5o":{"weight":1.0,"played":[1.0,0.0,0.0],"evs":[0.0,-0.90072,-0.90078]},"62s":{"weight":1.0,"played":[1.0,0.0,0.0],"evs":[0.0,-1.28679,-1.31174]},"63s":{"weight":1.0,"played":[0.9999,0.0,0.0],"evs":[0.0,-0.34665,-0.36584]},"64s":{"weight":1.0,"played":[9.0E-4,0.992,0.0071],"evs":[0.0,0.5837,0.57034]},"65s":{"weight":1.0,"played":[0.0,0.9994,6.0E-4],"evs":[0.0,1.29333,1.28213]},"66":{"weight":1.0,"played":[0.0,0.2825,0.7175],"evs":[0.0,5.30062,5.30082]},"76o":{"weight":1.0,"played":[1.0,0.0,0.0],"evs":[0.0,-0.25852,-0.2704]},"86o":{"weight":1.0,"played":[1.0,0.0,0.0],"evs":[0.0,-0.66237,-0.66963]},"96o":{"weight":1.0,"played":[1.0,0.0,0.0],"evs":[0.0,-1.14961,-1.159]},"T6o":{"weight":1.0,"played":[1.0,0.0,0.0],"evs":[0.0,-1.61137,-1.61122]},"J6o":{"weight":1.0,"played":[1.0,0.0,0.0],"evs":[0.0,-2.12089,-2.12103]},"Q6o":{"weight":1.0,"played":[1.0,0.0,0.0],"evs":[0.0,-1.42975,-1.42952]},"K6o":{"weight":1.0,"played":[1.0,0.0,0.0],"evs":[0.0,-1.18226,-1.18239]},"A6o":{"weight":1.0,"played":[1.0,0.0,0.0],"evs":[0.0,-1.20524,-1.20546]},"72s":{"weight":1.0,"played":[1.0,0.0,0.0],"evs":[0.0,-1.84092,-1.85953]},"73s":{"weight":1.0,"played":[1.0,0.0,0.0],"evs":[0.0,-1.01402,-1.03104]},"74s":{"weight":1.0,"played":[0.8837,0.1058,0.0106],"evs":[0.0,-0.07206,-0.08196]},"75s":{"weight":1.0,"played":[1.0E-4,0.9987,0.0012],"evs":[0.0,0.70811,0.69873]},"76s":{"weight":1.0,"played":[0.0,0.9996,4.0E-4],"evs":[0.0,1.58828,1.58024]},"77":{"weight":1.0,"played":[0.0,0.5753,0.4247],"evs":[0.0,6.29766,6.29764]},"87o":{"weight":1.0,"played":[1.0,0.0,0.0],"evs":[0.0,-0.16206,-0.16691]},"97o":{"weight":1.0,"played":[1.0,0.0,0.0],"evs":[0.0,-0.56484,-0.56974]},"T7o":{"weight":1.0,"played":[1.0,0.0,0.0],"evs":[0.0,-1.04929,-1.04922]},"J7o":{"weight":1.0,"played":[1.0,0.0,0.0],"evs":[0.0,-1.56069,-1.56066]},"Q7o":{"weight":1.0,"played":[1.0,0.0,0.0],"evs":[0.0,-1.58043,-1.58049]},"K7o":{"weight":1.0,"played":[1.0,0.0,0.0],"evs":[0.0,-1.2119,-1.21189]},"A7o":{"weight":1.0,"played":[0.9853,0.0077,0.0071],"evs":[0.0,-0.66489,-0.66514]},"82s":{"weight":1.0,"played":[1.0,0.0,0.0],"evs":[0.0,-1.51323,-1.52562]},"83s":{"weight":1.0,"played":[1.0,0.0,0.0],"evs":[0.0,-1.37142,-1.38292]},"84s":{"weight":1.0,"played":[1.0,0.0,0.0],"evs":[0.0,-0.48413,-0.4931]},"85s":{"weight":1.0,"played":[0.1891,0.7867,0.0242],"evs":[0.0,0.34348,0.33752]},"86s":{"weight":1.0,"played":[0.0,0.9764,0.0235],"evs":[0.0,1.19549,1.19194]},"87s":{"weight":1.0,"played":[0.0,0.9948,0.0052],"evs":[0.0,1.68409,1.67897]},"88":{"weight":1.0,"played":[0.0,0.7024,0.2976],"evs":[0.0,7.44038,7.44019]},"98o":{"weight":1.0,"played":[0.8112,0.1887,1.0E-4],"evs":[0.0,0.06306,0.05947]},"T8o":{"weight":1.0,"played":[1.0,0.0,0.0],"evs":[0.0,-0.2935,-0.29318]},"J8o":{"weight":1.0,"played":[1.0,0.0,0.0],"evs":[0.0,-0.85099,-0.85107]},"Q8o":{"weight":1.0,"played":[1.0,0.0,0.0],"evs":[0.0,-0.84632,-0.84636]},"K8o":{"weight":1.0,"played":[1.0,0.0,0.0],"evs":[0.0,-1.07264,-1.07257]},"A8o":{"weight":1.0,"played":[0.0316,0.5452,0.4232],"evs":[0.0,0.08701,0.08689]},"92s":{"weight":1.0,"played":[1.0,0.0,0.0],"evs":[0.0,-1.35356,-1.36286]},"93s":{"weight":1.0,"played":[1.0,0.0,0.0],"evs":[0.0,-1.11311,-1.12198]},"94s":{"weight":1.0,"played":[1.0,0.0,0.0],"evs":[0.0,-0.9054,-0.91416]},"95s":{"weight":1.0,"played":[0.9999,0.0,0.0],"evs":[0.0,-0.06581,-0.06842]},"96s":{"weight":1.0,"played":[1.0E-4,0.9988,0.0011],"evs":[0.0,0.80975,0.80196]},"97s":{"weight":1.0,"played":[0.0,0.9969,0.0031],"evs":[0.0,1.33193,1.32929]},"98s":{"weight":1.0,"played":[0.0,0.7882,0.2118],"evs":[0.0,1.93949,1.93791]},"99":{"weight":1.0,"played":[0.0,5.0E-4,0.9995],"evs":[0.0,8.81974,8.81993]},"T9o":{"weight":1.0,"played":[0.049,0.3214,0.6296],"evs":[0.0,0.46741,0.46755]},"J9o":{"weight":1.0,"played":[0.6924,0.1569,0.1507],"evs":[0.0,-0.09286,-0.09298]},"Q9o":{"weight":1.0,"played":[0.9674,0.0164,0.0162],"evs":[0.0,-0.097,-0.09686]},"K9o":{"weight":1.0,"played":[0.9999,0.0,0.0],"evs":[0.0,-0.25488,-0.25496]},"A9o":{"weight":1.0,"played":[0.0,0.3321,0.6679],"evs":[0.0,1.08465,1.08458]},"T2s":{"weight":1.0,"played":[1.0,0.0,0.0],"evs":[0.0,-1.30832,-1.30788]},"T3s":{"weight":1.0,"played":[1.0,0.0,0.0],"evs":[0.0,-1.10852,-1.10782]},"T4s":{"weight":1.0,"played":[1.0,0.0,0.0],"evs":[0.0,-0.71253,-0.71062]},"T5s":{"weight":1.0,"played":[1.0,0.0,0.0],"evs":[0.0,-0.66973,-0.66919]},"T6s":{"weight":1.0,"played":[0.2983,0.3535,0.3483],"evs":[0.0,0.29669,0.29668]},"T7s":{"weight":1.0,"played":[0.0,0.3774,0.6226],"evs":[0.0,0.8453,0.84533]},"T8s":{"weight":1.0,"played":[0.0,0.0106,0.9894],"evs":[0.0,1.53682,1.53698]},"T9s":{"weight":1.0,"played":[0.0,0.5745,0.4255],"evs":[0.0,2.31553,2.31521]},"TT":{"weight":1.0,"played":[0.0,0.0694,0.9306],"evs":[0.0,10.79725,10.79712]},"JTo":{"weight":1.0,"played":[0.0,0.0326,0.9674],"evs":[0.0,0.83151,0.83185]},"QTo":{"weight":1.0,"played":[0.0,0.1422,0.8578],"evs":[0.0,0.90264,0.90285]},"KTo":{"weight":1.0,"played":[0.0,0.46,0.54],"evs":[0.0,1.04053,1.04044]},"ATo":{"weight":1.0,"played":[0.0,0.5677,0.4323],"evs":[0.0,3.03838,3.03822]},"J2s":{"weight":1.0,"played":[1.0,0.0,0.0],"evs":[0.0,-1.34723,-1.34769]},"J3s":{"weight":1.0,"played":[1.0,0.0,0.0],"evs":[0.0,-1.00808,-1.00786]},"J4s":{"weight":1.0,"played":[1.0,0.0,0.0],"evs":[0.0,-0.6112,-0.61125]},"J5s":{"weight":1.0,"played":[1.0,0.0,0.0],"evs":[0.0,-0.36401,-0.36398]},"J6s":{"weight":1.0,"played":[0.9992,4.0E-4,4.0E-4],"evs":[0.0,-0.09495,-0.09445]},"J7s":{"weight":1.0,"played":[3.0E-4,0.7142,0.2855],"evs":[0.0,0.40118,0.40092]},"J8s":{"weight":1.0,"played":[0.0,0.2561,0.7439],"evs":[0.0,1.06373,1.06375]},"J9s":{"weight":1.0,"played":[0.0,0.9731,0.0269],"evs":[0.0,1.79949,1.79934]},"JTs":{"weight":1.0,"played":[0.0,0.0032,0.9968],"evs":[0.0,2.57529,2.57565]},"JJ":{"weight":1.0,"played":[0.0,0.0245,0.9755],"evs":[0.0,13.00815,13.00816]},"QJo":{"weight":1.0,"played":[0.0,0.6973,0.3027],"evs":[0.0,1.14886,1.14864]},"KJo":{"weight":1.0,"played":[0.0,0.0621,0.9379],"evs":[0.0,1.78609,1.78657]},"AJo":{"weight":1.0,"played":[0.0,0.5333,0.4667],"evs":[0.0,4.63106,4.63123]},"Q2s":{"weight":1.0,"played":[1.0,0.0,0.0],"evs":[0.0,-0.76524,-0.76471]},"Q3s":{"weight":1.0,"played":[0.9991,5.0E-4,5.0E-4],"evs":[0.0,-0.43128,-0.43137]},"Q4s":{"weight":1.0,"played":[0.5919,0.1861,0.2219],"evs":[0.0,-0.0657,-0.06544]},"Q5s":{"weight":1.0,"played":[0.0045,0.4811,0.5144],"evs":[0.0,0.18412,0.184]},"Q6s":{"weight":1.0,"played":[1.0E-4,0.0571,0.9427],"evs":[0.0,0.60345,0.6038]},"Q7s":{"weight":1.0,"played":[3.0E-4,0.0561,0.9436],"evs":[0.0,0.3636,0.36377]},"Q8s":{"weight":1.0,"played":[0.0,0.4334,0.5666],"evs":[0.0,1.11476,1.11476]},"Q9s":{"weight":1.0,"played":[0.0,0.7969,0.2031],"evs":[0.0,1.85456,1.85484]},"QTs":{"weight":1.0,"played":[0.0,0.2051,0.7949],"evs":[0.0,2.74861,2.74912]},"QJs":{"weight":1.0,"played":[0.0,0.0036,0.9964],"evs":[0.0,2.96942,2.97004]},"QQ":{"weight":1.0,"played":[0.0,0.0145,0.9855],"evs":[0.0,16.08243,16.08273]},"KQo":{"weight":1.0,"played":[0.0,0.7002,0.2998],"evs":[0.0,2.99816,2.99801]},"AQo":{"weight":1.0,"played":[0.0,0.312,0.688],"evs":[0.0,6.77767,6.77767]},"K2s":{"weight":1.0,"played":[0.9999,0.0,0.0],"evs":[0.0,-0.52628,-0.52615]},"K3s":{"weight":1.0,"played":[0.9888,0.0058,0.0054],"evs":[0.0,-0.16072,-0.15991]},"K4s":{"weight":1.0,"played":[0.3406,0.3174,0.3419],"evs":[0.0,0.15746,0.15818]},"K5s":{"weight":1.0,"played":[4.0E-4,0.7084,0.2912],"evs":[0.0,0.47611,0.47588]},"K6s":{"weight":1.0,"played":[0.0,0.0106,0.9894],"evs":[0.0,0.93879,0.93911]},"K7s":{"weight":1.0,"played":[0.0,0.4636,0.5364],"evs":[0.0,0.84055,0.84047]},"K8s":{"weight":1.0,"played":[0.0,0.0493,0.9507],"evs":[0.0,0.94476,0.94511]},"K9s":{"weight":1.0,"played":[0.0,0.0383,0.9617],"evs":[0.0,1.7096,1.71016]},"KTs":{"weight":1.0,"played":[0.0,0.9386,0.0614],"evs":[0.0,2.93629,2.93607]},"KJs":{"weight":1.0,"played":[0.0,0.1409,0.8591],"evs":[0.0,3.55694,3.55678]},"KQs":{"weight":1.0,"played":[0.0,0.2474,0.7526],"evs":[0.0,4.62177,4.62183]},"KK":{"weight":1.0,"played":[0.0,0.1085,0.8915],"evs":[0.0,19.76899,19.76938]},"AKo":{"weight":1.0,"played":[0.0,0.1748,0.8252],"evs":[0.0,9.28347,9.28375]},"A2s":{"weight":1.0,"played":[0.1974,0.451,0.3516],"evs":[0.0,0.02441,0.02404]},"A3s":{"weight":1.0,"played":[0.0,9.0E-4,0.9991],"evs":[0.0,0.33422,0.33432]},"A4s":{"weight":1.0,"played":[0.0,0.1026,0.8974],"evs":[0.0,0.71926,0.71939]},"A5s":{"weight":1.0,"played":[0.0,0.8352,0.1648],"evs":[0.0,1.20864,1.20839]},"A6s":{"weight":1.0,"played":[0.0,0.6525,0.3475],"evs":[0.0,0.88136,0.8813]},"A7s":{"weight":1.0,"played":[0.0,0.881,0.119],"evs":[0.0,1.45429,1.45391]},"A8s":{"weight":1.0,"played":[0.0,0.8125,0.1875],"evs":[0.0,2.14935,2.14924]},"A9s":{"weight":1.0,"played":[0.0,0.2116,0.7884],"evs":[0.0,3.07821,3.07863]},"ATs":{"weight":1.0,"played":[0.0,0.5354,0.4646],"evs":[0.0,4.94657,4.9469]},"AJs":{"weight":1.0,"played":[0.0,0.5175,0.4825],"evs":[0.0,6.37294,6.37268]},"AQs":{"weight":1.0,"played":[0.0,0.8948,0.1052],"evs":[0.0,8.43241,8.43247]},"AKs":{"weight":1.0,"played":[0.0,0.0217,0.9783],"evs":[0.0,10.8252,10.82531]},"AA":{"weight":1.0,"played":[0.0,0.4041,0.5959],"evs":[0.0,25.97472,25.9748]}}}