{"player":3,"street":0,"children":2,"sequence":[{"player":0,"type":"R","amount":955000,"street":0},{"player":1,"type":"F","amount":0,"street":0},{"player":2,"type":"F","amount":0,"street":0},{"player":3,"type":"C","amount":955000,"street":0},{"player":4,"type":"F","amount":0,"street":0},{"player":5,"type":"R","amount":1145000,"street":0}],"actions":[{"type":"F","amount":0},{"type":"C","amount":190000}],"hands":{"22":{"weight":0.1059,"played":[0.0,1.0],"evs":[0.0,11.75063]},"32o":{"weight":0.0,"played":[0.0,1.0],"evs":[0.0,7.41853]},"42o":{"weight":0.0,"played":[0.0,1.0],"evs":[0.0,7.73463]},"52o":{"weight":0.0,"played":[0.0,1.0],"evs":[0.0,7.97564]},"62o":{"weight":0.0,"played":[0.0,1.0],"evs":[0.0,7.41343]},"72o":{"weight":0.0,"played":[0.0,1.0],"evs":[0.0,6.90228]},"82o":{"weight":0.0,"played":[0.0,1.0],"evs":[0.0,7.04321]},"92o":{"weight":0.0,"played":[0.0,1.0],"evs":[0.0,7.01935]},"T2o":{"weight":0.0,"played":[0.0,1.0],"evs":[0.0,6.9615]},"J2o":{"weight":0.0,"played":[0.0,1.0],"evs":[0.0,7.46533]},"Q2o":{"weight":0.0,"played":[0.0,1.0],"evs":[0.0,8.19175]},"K2o":{"weight":0.0,"played":[0.0,1.0],"evs":[0.0,8.83485]},"A2o":{"weight":0.0,"played":[0.0,1.0],"evs":[0.0,10.43193]},"32s":{"weight":0.0,"played":[0.0,1.0],"evs":[0.0,9.33803]},"33":{"weight":0.5672,"played":[0.0,1.0],"evs":[0.0,12.50881]},"43o":{"weight":0.0,"played":[0.0,1.0],"evs":[0.0,8.57895]},"53o":{"weight":0.0,"played":[0.0,1.0],"evs":[0.0,8.81103]},"63o":{"weight":0.0,"played":[0.0,1.0],"evs":[0.0,8.26737]},"73o":{"weight":0.0,"played":[0.0,1.0],"evs":[0.0,7.75389]},"83o":{"weight":0.0,"played":[0.0,1.0],"evs":[0.0,7.15398]},"93o":{"weight":0.0,"played":[0.0,1.0],"evs":[0.0,7.29333]},"T3o":{"weight":0.0,"played":[0.0,1.0],"evs":[0.0,7.23561]},"J3o":{"weight":0.0,"played":[0.0,1.0],"evs":[0.0,7.76154]},"Q3o":{"weight":0.0,"played":[0.0,1.0],"evs":[0.0,8.46457]},"K3o":{"weight":0.0,"played":[0.0,1.0],"evs":[0.0,9.14778]},"A3o":{"weight":0.0,"played":[0.0,1.0],"evs":[0.0,10.72594]},"42s":{"weight":0.0,"played":[0.0,1.0],"evs":[0.0,9.64297]},"43s":{"weight":0.0,"played":[0.0,1.0],"evs":[0.0,10.43109]},"44":{"weight":0.5581,"played":[0.0,1.0],"evs":[0.0,13.30385]},"54o":{"weight":0.0,"played":[0.0,1.0],"evs":[0.0,9.65127]},"64o":{"weight":0.0,"played":[0.0,1.0],"evs":[0.0,9.15341]},"74o":{"weight":0.0,"played":[0.0,1.0],"evs":[0.0,8.59165]},"84o":{"weight":0.0,"played":[0.0,1.0],"evs":[0.0,8.03215]},"94o":{"weight":0.0,"played":[0.0,1.0],"evs":[0.0,7.42952]},"T4o":{"weight":0.0,"played":[0.0,1.0],"evs":[0.0,7.5385]},"J4o":{"weight":0.0,"played":[0.0,1.0],"evs":[0.0,8.00283]},"Q4o":{"weight":0.0,"played":[0.0,1.0],"evs":[0.0,8.75296]},"K4o":{"weight":0.0,"played":[0.0,1.0],"evs":[0.0,9.46102]},"A4o":{"weight":0.0,"played":[0.0,1.0],"evs":[0.0,11.07641]},"52s":{"weight":0.0,"played":[0.0,1.0],"evs":[0.0,9.87032]},"53s":{"weight":0.0,"played":[0.0,1.0],"evs":[0.0,10.65204]},"54s":{"weight":0.0,"played":[0.0,1.0],"evs":[0.0,11.3683]},"55":{"weight":0.4915,"played":[0.0,1.0],"evs":[0.0,14.07119]},"65o":{"weight":0.0,"played":[0.0,1.0],"evs":[0.0,9.8316]},"75o":{"weight":0.0,"played":[0.0,1.0],"evs":[0.0,9.37874]},"85o":{"weight":0.0,"played":[0.0,1.0],"evs":[0.0,8.85492]},"95o":{"weight":0.0,"played":[0.0,1.0],"evs":[0.0,8.23306]},"T5o":{"weight":0.0,"played":[0.0,1.0],"evs":[0.0,7.67075]},"J5o":{"weight":0.0,"played":[0.0,1.0],"evs":[0.0,8.29407]},"Q5o":{"weight":0.0,"played":[0.0,1.0],"evs":[0.0,9.01703]},"K5o":{"weight":0.0,"played":[0.0,1.0],"evs":[0.0,9.66178]},"A5o":{"weight":0.0,"played":[0.0,1.0],"evs":[0.0,11.41508]},"62s":{"weight":0.0,"played":[0.0,1.0],"evs":[0.0,9.30357]},"63s":{"weight":0.0,"played":[0.0,1.0],"evs":[0.0,10.16769]},"64s":{"weight":0.0,"played":[0.0,1.0],"evs":[0.0,10.93358]},"65s":{"weight":0.0,"played":[0.0,1.0],"evs":[0.0,11.55503]},"66":{"weight":0.4367,"played":[0.0,1.0],"evs":[0.0,14.88102]},"76o":{"weight":0.0,"played":[0.0,1.0],"evs":[0.0,10.0163]},"86o":{"weight":0.0,"played":[0.0,1.0],"evs":[0.0,9.52409]},"96o":{"weight":0.0,"played":[0.0,1.0],"evs":[0.0,8.94641]},"T6o":{"weight":0.0,"played":[0.0,1.0],"evs":[0.0,8.41693]},"J6o":{"weight":0.0,"played":[0.0,1.0],"evs":[0.0,8.37179]},"Q6o":{"weight":0.0,"played":[0.0,1.0],"evs":[0.0,9.25962]},"K6o":{"weight":0.0,"played":[0.0,1.0],"evs":[0.0,9.97517]},"A6o":{"weight":0.0,"played":[0.0,1.0],"evs":[0.0,11.16526]},"72s":{"weight":0.0,"played":[0.0,1.0],"evs":[0.0,8.90218]},"73s":{"weight":0.0,"played":[0.0,1.0],"evs":[0.0,9.63091]},"74s":{"weight":0.0,"played":[0.0,1.0],"evs":[0.0,10.43297]},"75s":{"weight":0.0,"played":[0.0,1.0],"evs":[0.0,11.12634]},"76s":{"weight":0.0,"played":[0.0,1.0],"evs":[0.0,11.78572]},"77":{"weight":0.4286,"played":[0.0,1.0],"evs":[0.0,15.63601]},"87o":{"weight":0.0,"played":[0.0,1.0],"evs":[0.0,10.05182]},"97o":{"weight":0.0,"played":[0.0,1.0],"evs":[0.0,9.60264]},"T7o":{"weight":0.0,"played":[0.0,1.0],"evs":[0.0,9.06364]},"J7o":{"weight":0.0,"played":[0.0,1.0],"evs":[0.0,9.01012]},"Q7o":{"weight":0.0,"played":[0.0,1.0],"evs":[0.0,9.34409]},"K7o":{"weight":0.0,"played":[0.0,1.0],"evs":[0.0,10.14568]},"A7o":{"weight":0.222,"played":[0.0,1.0],"evs":[0.0,11.70471]},"82s":{"weight":0.0,"played":[0.0,1.0],"evs":[0.0,8.9827]},"83s":{"weight":0.0,"played":[0.0,1.0],"evs":[0.0,9.09637]},"84s":{"weight":0.0,"played":[0.0,1.0],"evs":[0.0,9.90701]},"85s":{"weight":0.0,"played":[0.0,1.0],"evs":[0.0,10.70769]},"86s":{"weight":0.0,"played":[0.0,1.0],"evs":[0.0,11.34102]},"87s":{"weight":0.0,"played":[0.0,1.0],"evs":[0.0,11.80721]},"88":{"weight":0.3826,"played":[0.0,1.0],"evs":[0.0,16.52428]},"98o":{"weight":0.0,"played":[0.0,1.0],"evs":[0.0,10.00026]},"T8o":{"weight":0.0,"played":[0.0,1.0],"evs":[0.0,9.65592]},"J8o":{"weight":0.0,"played":[0.0,1.0],"evs":[0.0,9.56293]},"Q8o":{"weight":0.0,"played":[0.0,1.0],"evs":[0.0,9.91059]},"K8o":{"weight":0.0,"played":[0.0,1.0],"evs":[0.0,10.17275]},"A8o":{"weight":0.3786,"played":[0.0,1.0],"evs":[0.0,12.25801]},"92s":{"weight":0.0,"played":[0.0,1.0],"evs":[0.0,9.05524]},"93s":{"weight":0.0,"played":[0.0,1.0],"evs":[0.0,9.1807]},"94s":{"weight":0.0,"played":[0.0,1.0],"evs":[0.0,9.33936]},"95s":{"weight":0.0,"played":[0.0,1.0],"evs":[0.0,10.09529]},"96s":{"weight":0.0,"played":[0.0,1.0],"evs":[0.0,10.83548]},"97s":{"weight":0.0,"played":[0.0,1.0],"evs":[0.0,11.37763]},"98s":{"weight":0.0,"played":[0.0,1.0],"evs":[0.0,11.78272]},"99":{"weight":0.2848,"played":[0.0,1.0],"evs":[0.0,17.94642]},"T9o":{"weight":0.0,"played":[0.0,1.0],"evs":[0.0,10.32181]},"J9o":{"weight":0.0,"played":[0.0,1.0],"evs":[0.0,10.28334]},"Q9o":{"weight":0.0,"played":[0.0,1.0],"evs":[0.0,10.60683]},"K9o":{"weight":0.0,"played":[0.0,1.0],"evs":[0.0,10.98364]},"A9o":{"weight":0.3538,"played":[0.0,1.0],"evs":[0.0,13.11715]},"T2s":{"weight":0.0,"played":[0.0,1.0],"evs":[0.0,8.9486]},"T3s":{"weight":0.0,"played":[0.0,1.0],"evs":[0.0,9.21922]},"T4s":{"weight":0.0,"played":[0.0,1.0],"evs":[0.0,9.52124]},"T5s":{"weight":0.0,"played":[0.0,1.0],"evs":[0.0,9.54301]},"T6s":{"weight":0.0,"played":[0.0,1.0],"evs":[0.0,10.26649]},"T7s":{"weight":0.0,"played":[0.0,1.0],"evs":[0.0,10.9939]},"T8s":{"weight":0.0,"played":[0.0,1.0],"evs":[0.0,11.47713]},"T9s":{"weight":0.0,"played":[0.0,1.0],"evs":[0.0,12.16898]},"TT":{"weight":0.2845,"played":[0.0,1.0],"evs":[0.0,20.19141]},"JTo":{"weight":0.0,"played":[0.0,1.0],"evs":[0.0,11.22888]},"QTo":{"weight":0.0,"played":[0.0,1.0],"evs":[0.0,11.76091]},"KTo":{"weight":0.3031,"played":[0.0,1.0],"evs":[0.0,12.42033]},"ATo":{"weight":0.3134,"played":[0.0,1.0],"evs":[0.0,15.17125]},"J2s":{"weight":0.0,"played":[0.0,1.0],"evs":[0.0,9.45755]},"J3s":{"weight":0.0,"played":[0.0,1.0],"evs":[0.0,9.73967]},"J4s":{"weight":0.0,"played":[0.0,1.0],"evs":[0.0,10.00475]},"J5s":{"weight":0.0,"played":[0.0,1.0],"evs":[0.0,10.18366]},"J6s":{"weight":0.0,"played":[0.0,1.0],"evs":[0.0,10.25473]},"J7s":{"weight":0.0,"played":[0.0,1.0],"evs":[0.0,10.88389]},"J8s":{"weight":0.0,"played":[0.0,1.0],"evs":[0.0,11.43634]},"J9s":{"weight":0.0,"played":[0.0,1.0],"evs":[0.0,12.12132]},"JTs":{"weight":0.2945,"played":[0.0,1.0],"evs":[0.0,12.95133]},"JJ":{"weight":0.2677,"played":[0.0,1.0],"evs":[0.0,22.92186]},"QJo":{"weight":0.0,"played":[0.0,1.0],"evs":[0.0,12.49156]},"KJo":{"weight":0.3302,"played":[0.0,1.0],"evs":[0.0,13.42711]},"AJo":{"weight":0.6337,"played":[0.0,1.0],"evs":[0.0,16.39855]},"Q2s":{"weight":0.0,"played":[0.0,1.0],"evs":[0.0,10.14481]},"Q3s":{"weight":0.0,"played":[0.0,1.0],"evs":[0.0,10.4563]},"Q4s":{"weight":0.0,"played":[0.0,1.0],"evs":[0.0,10.63391]},"Q5s":{"weight":0.0,"played":[0.0,1.0],"evs":[0.0,10.88316]},"Q6s":{"weight":0.0,"played":[0.0,1.0],"evs":[0.0,11.18912]},"Q7s":{"weight":0.0,"played":[0.0,1.0],"evs":[0.0,11.19956]},"Q8s":{"weight":0.0,"played":[0.0,1.0],"evs":[0.0,11.73383]},"Q9s":{"weight":0.0,"played":[0.0,1.0],"evs":[0.0,12.46306]},"QTs":{"weight":0.3779,"played":[0.0,1.0],"evs":[0.0,13.5315]},"QJs":{"weight":0.4845,"played":[0.0,1.0],"evs":[0.0,14.13472]},"QQ":{"weight":0.6629,"played":[0.0,1.0],"evs":[0.0,25.9896]},"KQo":{"weight":0.2704,"played":[0.0,1.0],"evs":[0.0,14.68228]},"AQo":{"weight":0.666,"played":[0.0,1.0],"evs":[0.0,17.92628]},"K2s":{"weight":0.0,"played":[0.0,1.0],"evs":[0.0,10.9293]},"K3s":{"weight":0.0,"played":[0.0,1.0],"evs":[0.0,11.15938]},"K4s":{"weight":0.0,"played":[0.0,1.0],"evs":[0.0,11.43849]},"K5s":{"weight":0.0,"played":[0.0,1.0],"evs":[0.0,11.64567]},"K6s":{"weight":0.0,"played":[0.0,1.0],"evs":[0.0,11.85681]},"K7s":{"weight":0.0,"played":[0.0,1.0],"evs":[0.0,12.12191]},"K8s":{"weight":0.0,"played":[0.0,1.0],"evs":[0.0,12.01413]},"K9s":{"weight":0.4,"played":[0.0,1.0],"evs":[0.0,12.85806]},"KTs":{"weight":0.3199,"played":[0.0,1.0],"evs":[0.0,14.18706]},"KJs":{"weight":0.5497,"played":[0.0,1.0],"evs":[0.0,15.13268]},"KQs":{"weight":0.2302,"played":[0.0,1.0],"evs":[0.0,16.24391]},"KK":{"weight":0.4612,"played":[0.0,1.0],"evs":[0.0,29.3332]},"AKo":{"weight":0.6647,"played":[0.0,1.0],"evs":[0.0,19.8093]},"A2s":{"weight":0.374,"played":[0.0,1.0],"evs":[0.0,12.37838]},"A3s":{"weight":0.3934,"played":[0.0,1.0],"evs":[0.0,12.68015]},"A4s":{"weight":0.3909,"played":[0.0,1.0],"evs":[0.0,13.04754]},"A5s":{"weight":0.3037,"played":[0.0,1.0],"evs":[0.0,13.37071]},"A6s":{"weight":0.1764,"played":[0.0,1.0],"evs":[0.0,13.14062]},"A7s":{"weight":0.4068,"played":[0.0,1.0],"evs":[0.0,13.58003]},"A8s":{"weight":0.2962,"played":[0.0,1.0],"evs":[0.0,14.13059]},"A9s":{"weight":0.3109,"played":[0.0,1.0],"evs":[0.0,14.89155]},"ATs":{"weight":0.4156,"played":[0.0,1.0],"evs":[0.0,16.88119]},"AJs":{"weight":0.597,"played":[0.0,1.0],"evs":[0.0,18.03119]},"AQs":{"weight":0.5246,"played":[0.0,1.0],"evs":[0.0,19.44678]},"AKs":{"weight":0.3218,"played":[0.0,1.0],"evs":[0.0,21.16523]},"AA":{"weight":0.1938,"played":[0.0,1.0],"evs":[0.0,34.92344]}}}