{"player":5,"street":0,"children":2,"sequence":[{"player":0,"type":"R","amount":955000,"street":0},{"player":1,"type":"F","amount":0,"street":0},{"player":2,"type":"C","amount":955000,"street":0},{"player":3,"type":"F","amount":0,"street":0},{"player":4,"type":"F","amount":0,"street":0}],"actions":[{"type":"F","amount":0},{"type":"C","amount":855000}],"hands":{"22":{"weight":1.0,"played":[0.0,1.0],"evs":[0.0,0.99808]},"32o":{"weight":1.0,"played":[1.0,0.0],"evs":[0.0,-2.89114]},"42o":{"weight":1.0,"played":[1.0,0.0],"evs":[0.0,-2.54711]},"52o":{"weight":1.0,"played":[1.0,0.0],"evs":[0.0,-2.3234]},"62o":{"weight":1.0,"played":[1.0,0.0],"evs":[0.0,-2.68823]},"72o":{"weight":1.0,"played":[1.0,0.0],"evs":[0.0,-3.1465]},"82o":{"weight":1.0,"played":[1.0,0.0],"evs":[0.0,-3.02061]},"92o":{"weight":1.0,"played":[1.0,0.0],"evs":[0.0,-2.92529]},"T2o":{"weight":1.0,"played":[1.0,0.0],"evs":[0.0,-2.7823]},"J2o":{"weight":1.0,"played":[1.0,0.0],"evs":[0.0,-2.62815]},"Q2o":{"weight":1.0,"played":[1.0,0.0],"evs":[0.0,-2.19611]},"K2o":{"weight":1.0,"played":[1.0,0.0],"evs":[0.0,-2.03473]},"A2o":{"weight":1.0,"played":[1.0,0.0],"evs":[0.0,-1.87402]},"32s":{"weight":1.0,"played":[1.0,0.0],"evs":[0.0,-1.02407]},"33":{"weight":1.0,"played":[0.0,1.0],"evs":[0.0,1.60158]},"43o":{"weight":1.0,"played":[1.0,0.0],"evs":[0.0,-1.83328]},"53o":{"weight":1.0,"played":[1.0,0.0],"evs":[0.0,-1.53896]},"63o":{"weight":1.0,"played":[1.0,0.0],"evs":[0.0,-1.89236]},"73o":{"weight":1.0,"played":[1.0,0.0],"evs":[0.0,-2.41546]},"83o":{"weight":1.0,"played":[1.0,0.0],"evs":[0.0,-2.97494]},"93o":{"weight":1.0,"played":[1.0,0.0],"evs":[0.0,-2.7418]},"T3o":{"weight":1.0,"played":[1.0,0.0],"evs":[0.0,-2.57112]},"J3o":{"weight":1.0,"played":[1.0,0.0],"evs":[0.0,-2.45104]},"Q3o":{"weight":1.0,"played":[1.0,0.0],"evs":[0.0,-1.98567]},"K3o":{"weight":1.0,"played":[1.0,0.0],"evs":[0.0,-1.82347]},"A3o":{"weight":1.0,"played":[1.0,0.0],"evs":[0.0,-1.59314]},"42s":{"weight":1.0,"played":[1.0,0.0],"evs":[0.0,-0.74512]},"43s":{"weight":1.0,"played":[0.8418,0.1582],"evs":[0.0,-0.03492]},"44":{"weight":1.0,"played":[0.0,1.0],"evs":[0.0,2.41591]},"54o":{"weight":1.0,"played":[1.0,0.0],"evs":[0.0,-0.72528]},"64o":{"weight":1.0,"played":[1.0,0.0],"evs":[0.0,-1.05174]},"74o":{"weight":1.0,"played":[1.0,0.0],"evs":[0.0,-1.57969]},"84o":{"weight":1.0,"played":[1.0,0.0],"evs":[0.0,-2.0972]},"94o":{"weight":1.0,"played":[1.0,0.0],"evs":[0.0,-2.56621]},"T4o":{"weight":1.0,"played":[1.0,0.0],"evs":[0.0,-2.25979]},"J4o":{"weight":1.0,"played":[1.0,0.0],"evs":[0.0,-2.10461]},"Q4o":{"weight":1.0,"played":[1.0,0.0],"evs":[0.0,-1.62817]},"K4o":{"weight":1.0,"played":[1.0,0.0],"evs":[0.0,-1.52518]},"A4o":{"weight":1.0,"played":[1.0,0.0],"evs":[0.0,-1.1966]},"52s":{"weight":1.0,"played":[1.0,0.0],"evs":[0.0,-0.50152]},"53s":{"weight":1.0,"played":[0.0,1.0],"evs":[0.0,0.22834]},"54s":{"weight":1.0,"played":[0.0,1.0],"evs":[0.0,0.99939]},"55":{"weight":1.0,"played":[0.0,1.0],"evs":[0.0,3.24133]},"65o":{"weight":1.0,"played":[1.0,0.0],"evs":[0.0,-0.40825]},"75o":{"weight":1.0,"played":[1.0,0.0],"evs":[0.0,-0.7922]},"85o":{"weight":1.0,"played":[1.0,0.0],"evs":[0.0,-1.33736]},"95o":{"weight":1.0,"played":[1.0,0.0],"evs":[0.0,-1.8203]},"T5o":{"weight":1.0,"played":[1.0,0.0],"evs":[0.0,-2.15707]},"J5o":{"weight":1.0,"played":[1.0,0.0],"evs":[0.0,-1.89838]},"Q5o":{"weight":1.0,"played":[1.0,0.0],"evs":[0.0,-1.43495]},"K5o":{"weight":1.0,"played":[1.0,0.0],"evs":[0.0,-1.28037]},"A5o":{"weight":1.0,"played":[1.0,0.0],"evs":[0.0,-0.83391]},"62s":{"weight":1.0,"played":[1.0,0.0],"evs":[0.0,-0.86256]},"63s":{"weight":1.0,"played":[0.9872,0.0128],"evs":[0.0,-0.09128]},"64s":{"weight":1.0,"played":[0.0,1.0],"evs":[0.0,0.71184]},"65s":{"weight":1.0,"played":[0.0,1.0],"evs":[0.0,1.37141]},"66":{"weight":1.0,"played":[0.0,1.0],"evs":[0.0,4.13239]},"76o":{"weight":1.0,"played":[0.9962,0.0038],"evs":[0.0,-0.08591]},"86o":{"weight":1.0,"played":[1.0,0.0],"evs":[0.0,-0.50926]},"96o":{"weight":1.0,"played":[1.0,0.0],"evs":[0.0,-0.95337]},"T6o":{"weight":1.0,"played":[1.0,0.0],"evs":[0.0,-1.30772]},"J6o":{"weight":1.0,"played":[1.0,0.0],"evs":[0.0,-1.6738]},"Q6o":{"weight":1.0,"played":[1.0,0.0],"evs":[0.0,-1.11692]},"K6o":{"weight":1.0,"played":[1.0,0.0],"evs":[0.0,-0.94411]},"A6o":{"weight":1.0,"played":[1.0,0.0],"evs":[0.0,-1.1228]},"72s":{"weight":1.0,"played":[1.0,0.0],"evs":[0.0,-1.32628]},"73s":{"weight":1.0,"played":[1.0,0.0],"evs":[0.0,-0.58726]},"74s":{"weight":1.0,"played":[1.0E-4,0.9999],"evs":[0.0,0.1904]},"75s":{"weight":1.0,"played":[0.0,1.0],"evs":[0.0,0.96861]},"76s":{"weight":1.0,"played":[0.0,1.0],"evs":[0.0,1.63194]},"77":{"weight":1.0,"played":[0.0,1.0],"evs":[0.0,4.95226]},"87o":{"weight":1.0,"played":[0.2338,0.7662],"evs":[0.0,0.01654]},"97o":{"weight":1.0,"played":[1.0,0.0],"evs":[0.0,-0.35609]},"T7o":{"weight":1.0,"played":[1.0,0.0],"evs":[0.0,-0.65533]},"J7o":{"weight":1.0,"played":[1.0,0.0],"evs":[0.0,-1.03353]},"Q7o":{"weight":1.0,"played":[1.0,0.0],"evs":[0.0,-1.09127]},"K7o":{"weight":1.0,"played":[1.0,0.0],"evs":[0.0,-0.82692]},"A7o":{"weight":1.0,"played":[1.0,0.0],"evs":[0.0,-0.58433]},"82s":{"weight":1.0,"played":[1.0,0.0],"evs":[0.0,-1.14279]},"83s":{"weight":1.0,"played":[1.0,0.0],"evs":[0.0,-1.09725]},"84s":{"weight":1.0,"played":[1.0,0.0],"evs":[0.0,-0.3147]},"85s":{"weight":1.0,"played":[0.0,1.0],"evs":[0.0,0.461]},"86s":{"weight":1.0,"played":[0.0,1.0],"evs":[0.0,1.18154]},"87s":{"weight":1.0,"played":[0.0,1.0],"evs":[0.0,1.68496]},"88":{"weight":1.0,"played":[0.0,1.0],"evs":[0.0,5.93629]},"98o":{"weight":1.0,"played":[0.001,0.999],"evs":[0.0,0.07313]},"T8o":{"weight":1.0,"played":[1.0,0.0],"evs":[0.0,-0.12405]},"J8o":{"weight":1.0,"played":[1.0,0.0],"evs":[0.0,-0.54115]},"Q8o":{"weight":1.0,"played":[1.0,0.0],"evs":[0.0,-0.63033]},"K8o":{"weight":1.0,"played":[1.0,0.0],"evs":[0.0,-0.87876]},"A8o":{"weight":1.0,"played":[0.9901,0.0099],"evs":[0.0,-0.04385]},"92s":{"weight":1.0,"played":[1.0,0.0],"evs":[0.0,-1.07048]},"93s":{"weight":1.0,"played":[1.0,0.0],"evs":[0.0,-0.86206]},"94s":{"weight":1.0,"played":[1.0,0.0],"evs":[0.0,-0.71756]},"95s":{"weight":1.0,"played":[0.0061,0.9939],"evs":[0.0,0.05016]},"96s":{"weight":1.0,"played":[0.0,1.0],"evs":[0.0,0.83857]},"97s":{"weight":1.0,"played":[0.0,1.0],"evs":[0.0,1.38312]},"98s":{"weight":1.0,"played":[0.0,1.0],"evs":[0.0,1.73685]},"99":{"weight":1.0,"played":[0.0,1.0],"evs":[0.0,7.34334]},"T9o":{"weight":1.0,"played":[0.0,1.0],"evs":[0.0,0.53696]},"J9o":{"weight":1.0,"played":[1.0E-4,0.9999],"evs":[0.0,0.17538]},"Q9o":{"weight":1.0,"played":[0.0012,0.9988],"evs":[0.0,0.11728]},"K9o":{"weight":1.0,"played":[1.0,0.0],"evs":[0.0,-0.09244]},"A9o":{"weight":1.0,"played":[0.0,1.0],"evs":[0.0,0.87195]},"T2s":{"weight":1.0,"played":[1.0,0.0],"evs":[0.0,-0.86088]},"T3s":{"weight":1.0,"played":[1.0,0.0],"evs":[0.0,-0.67608]},"T4s":{"weight":1.0,"played":[1.0,0.0],"evs":[0.0,-0.38461]},"T5s":{"weight":1.0,"played":[1.0,0.0],"evs":[0.0,-0.30922]},"T6s":{"weight":1.0,"played":[0.0,1.0],"evs":[0.0,0.51341]},"T7s":{"weight":1.0,"played":[0.0,1.0],"evs":[0.0,1.12445]},"T8s":{"weight":1.0,"played":[0.0,1.0],"evs":[0.0,1.5605]},"T9s":{"weight":1.0,"played":[0.0,1.0],"evs":[0.0,2.20959]},"TT":{"weight":1.0,"played":[0.0,1.0],"evs":[0.0,9.26733]},"JTo":{"weight":1.0,"played":[0.0,1.0],"evs":[0.0,1.13501]},"QTo":{"weight":1.0,"played":[0.0,1.0],"evs":[0.0,1.116]},"KTo":{"weight":1.0,"played":[0.0,1.0],"evs":[0.0,1.09291]},"ATo":{"weight":1.0,"played":[0.0,1.0],"evs":[0.0,2.83289]},"J2s":{"weight":1.0,"played":[1.0,0.0],"evs":[0.0,-0.7861]},"J3s":{"weight":1.0,"played":[1.0,0.0],"evs":[0.0,-0.57061]},"J4s":{"weight":1.0,"played":[0.9999,1.0E-4],"evs":[0.0,-0.23762]},"J5s":{"weight":1.0,"played":[0.9973,0.0027],"evs":[0.0,-0.0106]},"J6s":{"weight":1.0,"played":[0.0,1.0],"evs":[0.0,0.14349]},"J7s":{"weight":1.0,"played":[0.0,1.0],"evs":[0.0,0.74076]},"J8s":{"weight":1.0,"played":[0.0,1.0],"evs":[0.0,1.18692]},"J9s":{"weight":1.0,"played":[0.0,1.0],"evs":[0.0,1.85254]},"JTs":{"weight":1.0,"played":[0.0,1.0],"evs":[0.0,2.71152]},"JJ":{"weight":1.0,"played":[0.0,1.0],"evs":[0.0,11.57821]},"QJo":{"weight":1.0,"played":[0.0,1.0],"evs":[0.0,1.45462]},"KJo":{"weight":1.0,"played":[0.0,1.0],"evs":[0.0,1.77346]},"AJo":{"weight":1.0,"played":[0.0,1.0],"evs":[0.0,4.37709]},"Q2s":{"weight":1.0,"played":[1.0,0.0],"evs":[0.0,-0.27082]},"Q3s":{"weight":1.0,"played":[0.9997,3.0E-4],"evs":[0.0,-0.07168]},"Q4s":{"weight":1.0,"played":[0.0,1.0],"evs":[0.0,0.23797]},"Q5s":{"weight":1.0,"played":[0.0,1.0],"evs":[0.0,0.37599]},"Q6s":{"weight":1.0,"played":[0.0,1.0],"evs":[0.0,0.70597]},"Q7s":{"weight":1.0,"played":[0.0,1.0],"evs":[0.0,0.72884]},"Q8s":{"weight":1.0,"played":[0.0,1.0],"evs":[0.0,1.18835]},"Q9s":{"weight":1.0,"played":[0.0,1.0],"evs":[0.0,1.85368]},"QTs":{"weight":1.0,"played":[0.0,1.0],"evs":[0.0,2.77976]},"QJs":{"weight":1.0,"played":[0.0,1.0],"evs":[0.0,3.10466]},"QQ":{"weight":1.0,"played":[0.0,1.0],"evs":[0.0,14.27544]},"KQo":{"weight":1.0,"played":[0.0,1.0],"evs":[0.0,2.90887]},"AQo":{"weight":1.0,"played":[0.0,1.0],"evs":[0.0,6.09479]},"K2s":{"weight":1.0,"played":[1.0,0.0],"evs":[0.0,-0.12309]},"K3s":{"weight":1.0,"played":[0.0013,0.9987],"evs":[0.0,0.11347]},"K4s":{"weight":1.0,"played":[0.0,1.0],"evs":[0.0,0.41424]},"K5s":{"weight":1.0,"played":[0.0,1.0],"evs":[0.0,0.57063]},"K6s":{"weight":1.0,"played":[0.0,1.0],"evs":[0.0,0.96474]},"K7s":{"weight":1.0,"played":[0.0,1.0],"evs":[0.0,1.04368]},"K8s":{"weight":1.0,"played":[0.0,1.0],"evs":[0.0,0.93184]},"K9s":{"weight":1.0,"played":[0.0,1.0],"evs":[0.0,1.6646]},"KTs":{"weight":1.0,"played":[0.0,1.0],"evs":[0.0,2.76523]},"KJs":{"weight":1.0,"played":[0.0,1.0],"evs":[0.0,3.46031]},"KQs":{"weight":1.0,"played":[0.0,1.0],"evs":[0.0,4.489]},"KK":{"weight":1.0,"played":[0.0,1.0],"evs":[0.0,17.61744]},"AKo":{"weight":1.0,"played":[0.0,1.0],"evs":[0.0,8.02527]},"A2s":{"weight":1.0,"played":[0.0,1.0],"evs":[0.0,0.1598]},"A3s":{"weight":1.0,"played":[0.0,1.0],"evs":[0.0,0.42432]},"A4s":{"weight":1.0,"played":[0.0,1.0],"evs":[0.0,0.74455]},"A5s":{"weight":1.0,"played":[0.0,1.0],"evs":[0.0,1.16253]},"A6s":{"weight":1.0,"played":[0.0,1.0],"evs":[0.0,0.87653]},"A7s":{"weight":1.0,"played":[0.0,1.0],"evs":[0.0,1.3189]},"A8s":{"weight":1.0,"played":[0.0,1.0],"evs":[0.0,1.8239]},"A9s":{"weight":1.0,"played":[0.0,1.0],"evs":[0.0,2.74673]},"ATs":{"weight":1.0,"played":[0.0,1.0],"evs":[0.0,4.50612]},"AJs":{"weight":1.0,"played":[0.0,1.0],"evs":[0.0,5.99152]},"AQs":{"weight":1.0,"played":[0.0,1.0],"evs":[0.0,7.63891]},"AKs":{"weight":1.0,"played":[0.0,1.0],"evs":[0.0,9.43642]},"AA":{"weight":1.0,"played":[0.0,1.0],"evs":[0.0,23.64678]}}}