{"player":5,"street":0,"children":2,"sequence":[{"player":0,"type":"F","amount":0,"street":0},{"player":1,"type":"F","amount":0,"street":0},{"player":2,"type":"F","amount":0,"street":0},{"player":3,"type":"F","amount":0,"street":0},{"player":4,"type":"C","amount":50000,"street":0},{"player":5,"type":"R","amount":300000,"street":0},{"player":4,"type":"R","amount":855000,"street":0}],"actions":[{"type":"F","amount":0},{"type":"C","amount":555000}],"hands":{"22":{"weight":0.0,"played":[1.0,0.0],"evs":[0.0,-0.43457]},"32o":{"weight":0.0,"played":[1.0,0.0],"evs":[0.0,-2.62322]},"42o":{"weight":0.0,"played":[1.0,0.0],"evs":[0.0,-2.53009]},"52o":{"weight":0.0,"played":[1.0,0.0],"evs":[0.0,-2.3931]},"62o":{"weight":0.0,"played":[1.0,0.0],"evs":[0.0,-2.89354]},"72o":{"weight":0.0,"played":[1.0,0.0],"evs":[0.0,-2.92983]},"82o":{"weight":0.0,"played":[1.0,0.0],"evs":[0.0,-2.06959]},"92o":{"weight":0.0,"played":[1.0,0.0],"evs":[0.0,-1.69125]},"T2o":{"weight":0.0,"played":[1.0,0.0],"evs":[0.0,-1.08449]},"J2o":{"weight":0.0,"played":[1.0,0.0],"evs":[0.0,-0.74793]},"Q2o":{"weight":0.0,"played":[0.0,1.0],"evs":[0.0,0.99436]},"K2o":{"weight":0.0,"played":[0.0,1.0],"evs":[0.0,1.35273]},"A2o":{"weight":0.0,"played":[0.0,1.0],"evs":[0.0,2.85822]},"32s":{"weight":0.0,"played":[1.0,0.0],"evs":[0.0,-1.52608]},"33":{"weight":0.0,"played":[0.9998,2.0E-4],"evs":[0.0,-0.28438]},"43o":{"weight":0.021,"played":[1.0,0.0],"evs":[0.0,-2.09814]},"53o":{"weight":1.0E-4,"played":[1.0,0.0],"evs":[0.0,-1.98891]},"63o":{"weight":0.0,"played":[1.0,0.0],"evs":[0.0,-2.49028]},"73o":{"weight":0.0023,"played":[1.0,0.0],"evs":[0.0,-2.52211]},"83o":{"weight":0.0,"played":[1.0,0.0],"evs":[0.0,-2.04139]},"93o":{"weight":0.0,"played":[1.0,0.0],"evs":[0.0,-1.5953]},"T3o":{"weight":0.0,"played":[1.0,0.0],"evs":[0.0,-0.97768]},"J3o":{"weight":0.0,"played":[1.0,0.0],"evs":[0.0,-0.66021]},"Q3o":{"weight":0.0,"played":[0.0,1.0],"evs":[0.0,1.07815]},"K3o":{"weight":0.0,"played":[0.0,1.0],"evs":[0.0,1.48764]},"A3o":{"weight":0.0,"played":[0.0,1.0],"evs":[0.0,2.95585]},"42s":{"weight":0.0,"played":[1.0,0.0],"evs":[0.0,-1.40693]},"43s":{"weight":0.0,"played":[1.0,0.0],"evs":[0.0,-1.00394]},"44":{"weight":0.0458,"played":[0.997,0.003],"evs":[0.0,-0.08787]},"54o":{"weight":0.3016,"played":[1.0,0.0],"evs":[0.0,-1.58754]},"64o":{"weight":0.0807,"played":[1.0,0.0],"evs":[0.0,-2.11563]},"74o":{"weight":0.7991,"played":[1.0,0.0],"evs":[0.0,-2.11795]},"84o":{"weight":0.4929,"played":[1.0,0.0],"evs":[0.0,-1.70161]},"94o":{"weight":0.0,"played":[1.0,0.0],"evs":[0.0,-1.53735]},"T4o":{"weight":0.0,"played":[1.0,0.0],"evs":[0.0,-0.86115]},"J4o":{"weight":0.0,"played":[0.9999,1.0E-4],"evs":[0.0,-0.56629]},"Q4o":{"weight":0.0,"played":[0.0,1.0],"evs":[0.0,1.17183]},"K4o":{"weight":0.0,"played":[0.0,1.0],"evs":[0.0,1.56674]},"A4o":{"weight":0.0,"played":[0.0,1.0],"evs":[0.0,3.08191]},"52s":{"weight":0.0,"played":[1.0,0.0],"evs":[0.0,-1.31245]},"53s":{"weight":0.0,"played":[1.0,0.0],"evs":[0.0,-0.84923]},"54s":{"weight":0.0,"played":[0.9999,1.0E-4],"evs":[0.0,-0.60385]},"55":{"weight":0.9999,"played":[0.0,1.0],"evs":[0.0,0.22812]},"65o":{"weight":0.0786,"played":[1.0,0.0],"evs":[0.0,-1.71958]},"75o":{"weight":0.1522,"played":[1.0,0.0],"evs":[0.0,-1.66048]},"85o":{"weight":0.7503,"played":[1.0,0.0],"evs":[0.0,-1.21801]},"95o":{"weight":0.9833,"played":[1.0,0.0],"evs":[0.0,-1.1339]},"T5o":{"weight":0.8637,"played":[1.0,0.0],"evs":[0.0,-0.82394]},"J5o":{"weight":0.2426,"played":[1.0,0.0],"evs":[0.0,-0.348]},"Q5o":{"weight":0.0,"played":[0.0,1.0],"evs":[0.0,1.35161]},"K5o":{"weight":0.0,"played":[0.0,1.0],"evs":[0.0,1.76005]},"A5o":{"weight":0.8621,"played":[0.0,1.0],"evs":[0.0,3.25825]},"62s":{"weight":0.0,"played":[1.0,0.0],"evs":[0.0,-1.77958]},"63s":{"weight":0.0,"played":[1.0,0.0],"evs":[0.0,-1.34146]},"64s":{"weight":0.0,"played":[1.0,0.0],"evs":[0.0,-1.02231]},"65s":{"weight":0.0,"played":[1.0,0.0],"evs":[0.0,-0.67594]},"66":{"weight":1.0,"played":[0.0,1.0],"evs":[0.0,0.57254]},"76o":{"weight":0.8933,"played":[1.0,0.0],"evs":[0.0,-1.42528]},"86o":{"weight":0.4309,"played":[1.0,0.0],"evs":[0.0,-0.91486]},"96o":{"weight":0.9921,"played":[1.0,0.0],"evs":[0.0,-0.77302]},"T6o":{"weight":0.9141,"played":[1.0,0.0],"evs":[0.0,-0.46813]},"J6o":{"weight":0.0,"played":[0.9999,1.0E-4],"evs":[0.0,-0.40402]},"Q6o":{"weight":0.0,"played":[0.0,1.0],"evs":[0.0,1.44502]},"K6o":{"weight":0.0,"played":[0.0,1.0],"evs":[0.0,1.90209]},"A6o":{"weight":1.0E-4,"played":[0.0,1.0],"evs":[0.0,3.12105]},"72s":{"weight":0.0,"played":[1.0,0.0],"evs":[0.0,-1.70719]},"73s":{"weight":0.0,"played":[1.0,0.0],"evs":[0.0,-1.29864]},"74s":{"weight":0.0,"played":[1.0,0.0],"evs":[0.0,-0.93129]},"75s":{"weight":0.0,"played":[0.9998,2.0E-4],"evs":[0.0,-0.57328]},"76s":{"weight":0.0,"played":[0.9994,6.0E-4],"evs":[0.0,-0.23312]},"77":{"weight":1.0,"played":[0.0,1.0],"evs":[0.0,1.79665]},"87o":{"weight":0.9502,"played":[1.0,0.0],"evs":[0.0,-0.5212]},"97o":{"weight":0.2217,"played":[1.0,0.0],"evs":[0.0,-0.41401]},"T7o":{"weight":0.0203,"played":[0.9453,0.0547],"evs":[0.0,-0.10938]},"J7o":{"weight":0.0,"played":[0.0349,0.9651],"evs":[0.0,0.22456]},"Q7o":{"weight":0.0,"played":[0.0,1.0],"evs":[0.0,1.69183]},"K7o":{"weight":0.0,"played":[0.0,1.0],"evs":[0.0,2.24314]},"A7o":{"weight":0.4657,"played":[0.0,1.0],"evs":[0.0,3.47113]},"82s":{"weight":0.0,"played":[1.0,0.0],"evs":[0.0,-0.93841]},"83s":{"weight":0.0,"played":[1.0,0.0],"evs":[0.0,-0.9703]},"84s":{"weight":0.0,"played":[1.0,0.0],"evs":[0.0,-0.52892]},"85s":{"weight":1.0E-4,"played":[1.0,0.0],"evs":[0.0,-0.14622]},"86s":{"weight":0.0,"played":[0.0129,0.9871],"evs":[0.0,0.18974]},"87s":{"weight":0.002,"played":[3.0E-4,0.9997],"evs":[0.0,0.49672]},"88":{"weight":1.0,"played":[0.0,1.0],"evs":[0.0,3.33547]},"98o":{"weight":6.0E-4,"played":[0.0,1.0],"evs":[0.0,0.40006]},"T8o":{"weight":0.6429,"played":[0.0,1.0],"evs":[0.0,0.58621]},"J8o":{"weight":3.0E-4,"played":[0.0,1.0],"evs":[0.0,1.09619]},"Q8o":{"weight":0.4101,"played":[0.0,1.0],"evs":[0.0,2.12667]},"K8o":{"weight":0.0,"played":[0.0,1.0],"evs":[0.0,2.40574]},"A8o":{"weight":0.0089,"played":[0.0,1.0],"evs":[0.0,3.69682]},"92s":{"weight":0.0,"played":[0.9997,3.0E-4],"evs":[0.0,-0.62335]},"93s":{"weight":0.0,"played":[1.0,0.0],"evs":[0.0,-0.46138]},"94s":{"weight":0.0,"played":[1.0,0.0],"evs":[0.0,-0.46511]},"95s":{"weight":0.0,"played":[0.7116,0.2884],"evs":[0.0,-0.11979]},"96s":{"weight":0.0,"played":[0.0022,0.9978],"evs":[0.0,0.25188]},"97s":{"weight":5.0E-4,"played":[0.0,1.0],"evs":[0.0,0.65159]},"98s":{"weight":0.0301,"played":[0.0,1.0],"evs":[0.0,1.39821]},"99":{"weight":1.0,"played":[0.0,1.0],"evs":[0.0,5.07832]},"T9o":{"weight":0.7653,"played":[0.0,1.0],"evs":[0.0,1.23823]},"J9o":{"weight":5.0E-4,"played":[0.0,1.0],"evs":[0.0,1.95974]},"Q9o":{"weight":0.9999,"played":[0.0,1.0],"evs":[0.0,2.81713]},"K9o":{"weight":0.4512,"played":[0.0,1.0],"evs":[0.0,3.03962]},"A9o":{"weight":0.15,"played":[0.0,1.0],"evs":[0.0,3.98928]},"T2s":{"weight":0.0,"played":[0.5641,0.4359],"evs":[0.0,0.10519]},"T3s":{"weight":0.0,"played":[0.0012,0.9988],"evs":[0.0,0.14736]},"T4s":{"weight":0.0,"played":[5.0E-4,0.9995],"evs":[0.0,0.19776]},"T5s":{"weight":0.0,"played":[5.0E-4,0.9995],"evs":[0.0,0.33472]},"T6s":{"weight":0.007,"played":[1.0E-4,0.9999],"evs":[0.0,0.50962]},"T7s":{"weight":1.0E-4,"played":[0.0,1.0],"evs":[0.0,0.89781]},"T8s":{"weight":0.9987,"played":[0.0,1.0],"evs":[0.0,1.6384]},"T9s":{"weight":0.9797,"played":[0.0,1.0],"evs":[0.0,2.19966]},"TT":{"weight":1.0,"played":[0.0,1.0],"evs":[0.0,7.2201]},"JTo":{"weight":0.0027,"played":[0.0,1.0],"evs":[0.0,3.37922]},"QTo":{"weight":1.0,"played":[0.0,1.0],"evs":[0.0,3.82516]},"KTo":{"weight":1.0,"played":[0.0,1.0],"evs":[0.0,4.16182]},"ATo":{"weight":1.0,"played":[0.0,1.0],"evs":[0.0,5.03033]},"J2s":{"weight":0.0,"played":[0.0,1.0],"evs":[0.0,0.34296]},"J3s":{"weight":0.0,"played":[0.0,1.0],"evs":[0.0,0.43858]},"J4s":{"weight":1.0E-4,"played":[0.0,1.0],"evs":[0.0,0.52905]},"J5s":{"weight":0.2093,"played":[2.0E-4,0.9998],"evs":[0.0,0.66242]},"J6s":{"weight":0.0,"played":[0.0,1.0],"evs":[0.0,0.68587]},"J7s":{"weight":4.0E-4,"played":[0.0,1.0],"evs":[0.0,1.26393]},"J8s":{"weight":0.1009,"played":[0.0,1.0],"evs":[0.0,2.13088]},"J9s":{"weight":0.2408,"played":[0.0,1.0],"evs":[0.0,2.84025]},"JTs":{"weight":0.2009,"played":[0.0,1.0],"evs":[0.0,4.23707]},"JJ":{"weight":0.4047,"played":[0.0,1.0],"evs":[0.0,9.58679]},"QJo":{"weight":0.4911,"played":[0.0,1.0],"evs":[0.0,4.34207]},"KJo":{"weight":0.5007,"played":[0.0,1.0],"evs":[0.0,4.60372]},"AJo":{"weight":0.9679,"played":[0.0,1.0],"evs":[0.0,5.59314]},"Q2s":{"weight":0.0,"played":[0.0,1.0],"evs":[0.0,2.04579]},"Q3s":{"weight":0.0,"played":[0.0,1.0],"evs":[0.0,2.10417]},"Q4s":{"weight":0.0,"played":[0.0,1.0],"evs":[0.0,2.17966]},"Q5s":{"weight":0.2083,"played":[0.0,1.0],"evs":[0.0,2.32184]},"Q6s":{"weight":0.3308,"played":[0.0,1.0],"evs":[0.0,2.38465]},"Q7s":{"weight":0.8446,"played":[0.0,1.0],"evs":[0.0,2.69886]},"Q8s":{"weight":0.9992,"played":[0.0,1.0],"evs":[0.0,3.14316]},"Q9s":{"weight":1.0,"played":[0.0,1.0],"evs":[0.0,3.71999]},"QTs":{"weight":0.9969,"played":[0.0,1.0],"evs":[0.0,4.69349]},"QJs":{"weight":0.1427,"played":[0.0,1.0],"evs":[0.0,5.06713]},"QQ":{"weight":0.0,"played":[0.0,1.0],"evs":[0.0,10.90508]},"KQo":{"weight":1.0,"played":[0.0,1.0],"evs":[0.0,4.90361]},"AQo":{"weight":1.0,"played":[0.0,1.0],"evs":[0.0,5.68376]},"K2s":{"weight":1.0E-4,"played":[0.0,1.0],"evs":[0.0,2.47555]},"K3s":{"weight":0.0034,"played":[0.0,1.0],"evs":[0.0,2.47263]},"K4s":{"weight":0.2912,"played":[0.0,1.0],"evs":[0.0,2.54212]},"K5s":{"weight":0.5895,"played":[0.0,1.0],"evs":[0.0,2.8138]},"K6s":{"weight":0.8886,"played":[0.0,1.0],"evs":[0.0,2.91461]},"K7s":{"weight":0.9997,"played":[0.0,1.0],"evs":[0.0,3.21574]},"K8s":{"weight":1.0,"played":[0.0,1.0],"evs":[0.0,3.34585]},"K9s":{"weight":1.0,"played":[0.0,1.0],"evs":[0.0,3.97141]},"KTs":{"weight":1.0,"played":[0.0,1.0],"evs":[0.0,5.02789]},"KJs":{"weight":0.9719,"played":[0.0,1.0],"evs":[0.0,5.46102]},"KQs":{"weight":0.9313,"played":[0.0,1.0],"evs":[0.0,5.67875]},"KK":{"weight":0.0339,"played":[0.0,1.0],"evs":[0.0,12.56678]},"AKo":{"weight":1.0,"played":[0.0,1.0],"evs":[0.0,6.07524]},"A2s":{"weight":0.1458,"played":[0.0,1.0],"evs":[0.0,3.82156]},"A3s":{"weight":0.7442,"played":[0.0,1.0],"evs":[0.0,3.91654]},"A4s":{"weight":0.9998,"played":[0.0,1.0],"evs":[0.0,4.05854]},"A5s":{"weight":0.9982,"played":[0.0,1.0],"evs":[0.0,4.13188]},"A6s":{"weight":1.0,"played":[0.0,1.0],"evs":[0.0,4.03044]},"A7s":{"weight":1.0,"played":[0.0,1.0],"evs":[0.0,4.38166]},"A8s":{"weight":1.0,"played":[0.0,1.0],"evs":[0.0,4.59446]},"A9s":{"weight":1.0,"played":[0.0,1.0],"evs":[0.0,4.95951]},"ATs":{"weight":1.0,"played":[0.0,1.0],"evs":[0.0,5.85175]},"AJs":{"weight":0.9951,"played":[0.0,1.0],"evs":[0.0,6.37094]},"AQs":{"weight":1.0,"played":[0.0,1.0],"evs":[0.0,6.50375]},"AKs":{"weight":1.0,"played":[0.0,1.0],"evs":[0.0,6.91495]},"AA":{"weight":0.4054,"played":[0.0,1.0],"evs":[0.0,15.21147]}}}