{"player":5,"street":0,"children":2,"sequence":[{"player":0,"type":"R","amount":955000,"street":0},{"player":1,"type":"F","amount":0,"street":0},{"player":2,"type":"C","amount":955000,"street":0},{"player":3,"type":"R","amount":1145000,"street":0},{"player":4,"type":"F","amount":0,"street":0}],"actions":[{"type":"F","amount":0},{"type":"C","amount":1045000}],"hands":{"22":{"weight":1.0,"played":[0.0,1.0],"evs":[0.0,1.5488]},"32o":{"weight":1.0,"played":[1.0,0.0],"evs":[0.0,-2.99163]},"42o":{"weight":1.0,"played":[1.0,0.0],"evs":[0.0,-2.65281]},"52o":{"weight":1.0,"played":[1.0,0.0],"evs":[0.0,-2.32581]},"62o":{"weight":1.0,"played":[1.0,0.0],"evs":[0.0,-2.94493]},"72o":{"weight":1.0,"played":[1.0,0.0],"evs":[0.0,-3.91054]},"82o":{"weight":1.0,"played":[1.0,0.0],"evs":[0.0,-3.76055]},"92o":{"weight":1.0,"played":[1.0,0.0],"evs":[0.0,-3.96369]},"T2o":{"weight":1.0,"played":[1.0,0.0],"evs":[0.0,-3.80838]},"J2o":{"weight":1.0,"played":[1.0,0.0],"evs":[0.0,-3.81266]},"Q2o":{"weight":1.0,"played":[1.0,0.0],"evs":[0.0,-3.09497]},"K2o":{"weight":1.0,"played":[1.0,0.0],"evs":[0.0,-2.40143]},"A2o":{"weight":1.0,"played":[1.0,0.0],"evs":[0.0,-1.71585]},"32s":{"weight":1.0,"played":[0.9996,4.0E-4],"evs":[0.0,-0.53424]},"33":{"weight":1.0,"played":[0.0,1.0],"evs":[0.0,2.12293]},"43o":{"weight":1.0,"played":[1.0,0.0],"evs":[0.0,-1.59121]},"53o":{"weight":1.0,"played":[1.0,0.0],"evs":[0.0,-1.21976]},"63o":{"weight":1.0,"played":[1.0,0.0],"evs":[0.0,-1.87907]},"73o":{"weight":1.0,"played":[1.0,0.0],"evs":[0.0,-2.89471]},"83o":{"weight":1.0,"played":[1.0,0.0],"evs":[0.0,-3.8637]},"93o":{"weight":1.0,"played":[1.0,0.0],"evs":[0.0,-3.68067]},"T3o":{"weight":1.0,"played":[1.0,0.0],"evs":[0.0,-3.52311]},"J3o":{"weight":1.0,"played":[1.0,0.0],"evs":[0.0,-3.63744]},"Q3o":{"weight":1.0,"played":[1.0,0.0],"evs":[0.0,-2.82726]},"K3o":{"weight":1.0,"played":[1.0,0.0],"evs":[0.0,-2.2749]},"A3o":{"weight":1.0,"played":[1.0,0.0],"evs":[0.0,-1.33352]},"42s":{"weight":1.0,"played":[0.9946,0.0054],"evs":[0.0,-0.28628]},"43s":{"weight":1.0,"played":[0.0238,0.9762],"evs":[0.0,0.67696]},"44":{"weight":1.0,"played":[0.0,1.0],"evs":[0.0,2.88339]},"54o":{"weight":1.0,"played":[0.5819,0.4181],"evs":[0.0,-0.1838]},"64o":{"weight":1.0,"played":[0.9999,1.0E-4],"evs":[0.0,-0.71918]},"74o":{"weight":1.0,"played":[1.0,0.0],"evs":[0.0,-1.8214]},"84o":{"weight":1.0,"played":[1.0,0.0],"evs":[0.0,-2.58151]},"94o":{"weight":1.0,"played":[1.0,0.0],"evs":[0.0,-3.40053]},"T4o":{"weight":1.0,"played":[1.0,0.0],"evs":[0.0,-3.15546]},"J4o":{"weight":1.0,"played":[1.0,0.0],"evs":[0.0,-3.24823]},"Q4o":{"weight":1.0,"played":[1.0,0.0],"evs":[0.0,-2.49598]},"K4o":{"weight":1.0,"played":[1.0,0.0],"evs":[0.0,-1.84885]},"A4o":{"weight":1.0,"played":[1.0,0.0],"evs":[0.0,-0.97872]},"52s":{"weight":1.0,"played":[0.2156,0.7844],"evs":[0.0,0.19157]},"53s":{"weight":1.0,"played":[0.0,1.0],"evs":[0.0,1.25766]},"54s":{"weight":1.0,"played":[0.0,1.0],"evs":[0.0,2.20018]},"55":{"weight":1.0,"played":[0.0,1.0],"evs":[0.0,3.65003]},"65o":{"weight":1.0,"played":[0.0534,0.9466],"evs":[0.0,0.19248]},"75o":{"weight":1.0,"played":[1.0,0.0],"evs":[0.0,-0.71524]},"85o":{"weight":1.0,"played":[1.0,0.0],"evs":[0.0,-1.64763]},"95o":{"weight":1.0,"played":[1.0,0.0],"evs":[0.0,-2.41151]},"T5o":{"weight":1.0,"played":[1.0,0.0],"evs":[0.0,-2.97572]},"J5o":{"weight":1.0,"played":[1.0,0.0],"evs":[0.0,-3.03893]},"Q5o":{"weight":1.0,"played":[1.0,0.0],"evs":[0.0,-2.29336]},"K5o":{"weight":1.0,"played":[1.0,0.0],"evs":[0.0,-1.48636]},"A5o":{"weight":1.0,"played":[1.0,0.0],"evs":[0.0,-0.60539]},"62s":{"weight":1.0,"played":[0.9763,0.0237],"evs":[0.0,-0.5224]},"63s":{"weight":1.0,"played":[0.027,0.973],"evs":[0.0,0.53701]},"64s":{"weight":1.0,"played":[0.0,1.0],"evs":[0.0,1.49647]},"65s":{"weight":1.0,"played":[0.0,1.0],"evs":[0.0,2.35691]},"66":{"weight":1.0,"played":[0.0,1.0],"evs":[0.0,4.37885]},"76o":{"weight":1.0,"played":[0.0455,0.9545],"evs":[0.0,0.07787]},"86o":{"weight":1.0,"played":[0.67,0.33],"evs":[0.0,-0.61323]},"96o":{"weight":1.0,"played":[0.9999,1.0E-4],"evs":[0.0,-1.52281]},"T6o":{"weight":1.0,"played":[1.0,0.0],"evs":[0.0,-1.99828]},"J6o":{"weight":1.0,"played":[1.0,0.0],"evs":[0.0,-2.82807]},"Q6o":{"weight":1.0,"played":[1.0,0.0],"evs":[0.0,-1.95288]},"K6o":{"weight":1.0,"played":[1.0,0.0],"evs":[0.0,-1.2139]},"A6o":{"weight":1.0,"played":[0.9999,1.0E-4],"evs":[0.0,-1.31578]},"72s":{"weight":1.0,"played":[1.0,0.0],"evs":[0.0,-1.46382]},"73s":{"weight":1.0,"played":[0.9157,0.0843],"evs":[0.0,-0.45066]},"74s":{"weight":1.0,"played":[1.0E-4,0.9999],"evs":[0.0,0.72773]},"75s":{"weight":1.0,"played":[0.0,1.0],"evs":[0.0,1.53475]},"76s":{"weight":1.0,"played":[0.0,1.0],"evs":[0.0,2.30873]},"77":{"weight":1.0,"played":[0.0,1.0],"evs":[0.0,5.19405]},"87o":{"weight":1.0,"played":[0.3268,0.6732],"evs":[0.0,-0.24724]},"97o":{"weight":1.0,"played":[0.8178,0.1822],"evs":[0.0,-0.86693]},"T7o":{"weight":1.0,"played":[1.0,0.0],"evs":[0.0,-1.36637]},"J7o":{"weight":1.0,"played":[1.0,0.0],"evs":[0.0,-2.2557]},"Q7o":{"weight":1.0,"played":[1.0,0.0],"evs":[0.0,-1.935]},"K7o":{"weight":1.0,"played":[1.0,0.0],"evs":[0.0,-1.23942]},"A7o":{"weight":1.0,"played":[0.9999,1.0E-4],"evs":[0.0,-0.74326]},"82s":{"weight":1.0,"played":[0.9977,0.0023],"evs":[0.0,-1.14651]},"83s":{"weight":1.0,"played":[1.0,0.0],"evs":[0.0,-1.13784]},"84s":{"weight":1.0,"played":[0.1321,0.8679],"evs":[0.0,-0.07662]},"85s":{"weight":1.0,"played":[0.0,1.0],"evs":[0.0,0.95952]},"86s":{"weight":1.0,"played":[0.0,1.0],"evs":[0.0,1.6984]},"87s":{"weight":1.0,"played":[0.0,1.0],"evs":[0.0,2.18188]},"88":{"weight":1.0,"played":[0.0,1.0],"evs":[0.0,6.29887]},"98o":{"weight":1.0,"played":[0.3306,0.6694],"evs":[0.0,-0.21438]},"T8o":{"weight":1.0,"played":[0.6882,0.3118],"evs":[0.0,-0.65322]},"J8o":{"weight":1.0,"played":[1.0,0.0],"evs":[0.0,-1.44295]},"Q8o":{"weight":1.0,"played":[1.0,0.0],"evs":[0.0,-1.4338]},"K8o":{"weight":1.0,"played":[1.0,0.0],"evs":[0.0,-1.3156]},"A8o":{"weight":1.0,"played":[0.9968,0.0032],"evs":[0.0,-0.38188]},"92s":{"weight":1.0,"played":[1.0,0.0],"evs":[0.0,-1.25191]},"93s":{"weight":1.0,"played":[0.9998,2.0E-4],"evs":[0.0,-0.97912]},"94s":{"weight":1.0,"played":[0.9987,0.0013],"evs":[0.0,-0.82585]},"95s":{"weight":1.0,"played":[0.0,1.0],"evs":[0.0,0.18662]},"96s":{"weight":1.0,"played":[0.0,1.0],"evs":[0.0,1.02834]},"97s":{"weight":1.0,"played":[0.0,1.0],"evs":[0.0,1.64282]},"98s":{"weight":1.0,"played":[0.0,1.0],"evs":[0.0,2.03733]},"99":{"weight":1.0,"played":[0.0,1.0],"evs":[0.0,8.06103]},"T9o":{"weight":1.0,"played":[0.0323,0.9677],"evs":[0.0,0.13102]},"J9o":{"weight":1.0,"played":[0.7282,0.2718],"evs":[0.0,-0.6882]},"Q9o":{"weight":1.0,"played":[0.7292,0.2708],"evs":[0.0,-0.56376]},"K9o":{"weight":1.0,"played":[0.7436,0.2564],"evs":[0.0,-0.30879]},"A9o":{"weight":1.0,"played":[0.0055,0.9945],"evs":[0.0,0.65919]},"T2s":{"weight":1.0,"played":[1.0,0.0],"evs":[0.0,-0.9284]},"T3s":{"weight":1.0,"played":[1.0,0.0],"evs":[0.0,-0.80817]},"T4s":{"weight":1.0,"played":[0.9056,0.0944],"evs":[0.0,-0.42119]},"T5s":{"weight":1.0,"played":[0.9298,0.0702],"evs":[0.0,-0.4035]},"T6s":{"weight":1.0,"played":[8.0E-4,0.9992],"evs":[0.0,0.61309]},"T7s":{"weight":1.0,"played":[0.0,1.0],"evs":[0.0,1.3449]},"T8s":{"weight":1.0,"played":[0.0,1.0],"evs":[0.0,1.6898]},"T9s":{"weight":1.0,"played":[0.0,1.0],"evs":[0.0,2.64073]},"TT":{"weight":1.0,"played":[0.0,1.0],"evs":[0.0,10.41213]},"JTo":{"weight":1.0,"played":[0.0,1.0],"evs":[0.0,0.45406]},"QTo":{"weight":1.0,"played":[0.0,1.0],"evs":[0.0,0.65825]},"KTo":{"weight":1.0,"played":[0.0,1.0],"evs":[0.0,1.0546]},"ATo":{"weight":1.0,"played":[0.0,1.0],"evs":[0.0,2.47099]},"J2s":{"weight":1.0,"played":[1.0,0.0],"evs":[0.0,-1.08484]},"J3s":{"weight":1.0,"played":[0.9977,0.0023],"evs":[0.0,-0.90924]},"J4s":{"weight":1.0,"played":[0.9018,0.0982],"evs":[0.0,-0.59866]},"J5s":{"weight":1.0,"played":[0.6136,0.3864],"evs":[0.0,-0.30601]},"J6s":{"weight":1.0,"played":[0.013,0.987],"evs":[0.0,0.01494]},"J7s":{"weight":1.0,"played":[0.0,1.0],"evs":[0.0,0.61811]},"J8s":{"weight":1.0,"played":[1.0E-4,0.9999],"evs":[0.0,1.15159]},"J9s":{"weight":1.0,"played":[0.0,1.0],"evs":[0.0,1.59448]},"JTs":{"weight":1.0,"played":[0.0,1.0],"evs":[0.0,2.86648]},"JJ":{"weight":1.0,"played":[0.0,1.0],"evs":[0.0,13.57248]},"QJo":{"weight":1.0,"played":[0.0,1.0],"evs":[0.0,1.00708]},"KJo":{"weight":1.0,"played":[0.0,1.0],"evs":[0.0,1.95585]},"AJo":{"weight":1.0,"played":[0.0,1.0],"evs":[0.0,4.25605]},"Q2s":{"weight":1.0,"played":[0.9268,0.0732],"evs":[0.0,-0.24604]},"Q3s":{"weight":1.0,"played":[0.7305,0.2695],"evs":[0.0,-0.07916]},"Q4s":{"weight":1.0,"played":[2.0E-4,0.9998],"evs":[0.0,0.23833]},"Q5s":{"weight":1.0,"played":[1.0E-4,0.9999],"evs":[0.0,0.44947]},"Q6s":{"weight":1.0,"played":[0.0,1.0],"evs":[0.0,0.64926]},"Q7s":{"weight":1.0,"played":[0.0,1.0],"evs":[0.0,0.61046]},"Q8s":{"weight":1.0,"played":[0.0,1.0],"evs":[0.0,1.24595]},"Q9s":{"weight":1.0,"played":[0.0,1.0],"evs":[0.0,1.97878]},"QTs":{"weight":1.0,"played":[0.0,1.0],"evs":[0.0,3.14758]},"QJs":{"weight":1.0,"played":[0.0,1.0],"evs":[0.0,3.4792]},"QQ":{"weight":1.0,"played":[0.0,1.0],"evs":[0.0,18.55493]},"KQo":{"weight":1.0,"played":[0.0,1.0],"evs":[0.0,4.08309]},"AQo":{"weight":1.0,"played":[0.0,1.0],"evs":[0.0,6.4002]},"K2s":{"weight":1.0,"played":[3.0E-4,0.9997],"evs":[0.0,0.22117]},"K3s":{"weight":1.0,"played":[0.0,1.0],"evs":[0.0,0.60039]},"K4s":{"weight":1.0,"played":[0.0,1.0],"evs":[0.0,1.04203]},"K5s":{"weight":1.0,"played":[0.0,1.0],"evs":[0.0,1.17184]},"K6s":{"weight":1.0,"played":[0.0,1.0],"evs":[0.0,1.47725]},"K7s":{"weight":1.0,"played":[0.0,1.0],"evs":[0.0,1.39039]},"K8s":{"weight":1.0,"played":[0.0,1.0],"evs":[0.0,1.30014]},"K9s":{"weight":1.0,"played":[0.0,1.0],"evs":[0.0,2.23114]},"KTs":{"weight":1.0,"played":[0.0,1.0],"evs":[0.0,3.71196]},"KJs":{"weight":1.0,"played":[0.0,1.0],"evs":[0.0,4.45918]},"KQs":{"weight":1.0,"played":[0.0,1.0],"evs":[0.0,6.42116]},"KK":{"weight":1.0,"played":[0.0,1.0],"evs":[0.0,23.56122]},"AKo":{"weight":1.0,"played":[0.0,1.0],"evs":[0.0,8.61038]},"A2s":{"weight":1.0,"played":[0.0012,0.9988],"evs":[0.0,1.32768]},"A3s":{"weight":1.0,"played":[0.0,1.0],"evs":[0.0,1.54111]},"A4s":{"weight":1.0,"played":[0.0,1.0],"evs":[0.0,1.82044]},"A5s":{"weight":1.0,"played":[0.0,1.0],"evs":[0.0,2.45083]},"A6s":{"weight":1.0,"played":[0.0,1.0],"evs":[0.0,1.54576]},"A7s":{"weight":1.0,"played":[0.0,1.0],"evs":[0.0,1.87787]},"A8s":{"weight":1.0,"played":[0.0,1.0],"evs":[0.0,2.54554]},"A9s":{"weight":1.0,"played":[0.0,1.0],"evs":[0.0,3.35436]},"ATs":{"weight":1.0,"played":[0.0,1.0],"evs":[0.0,5.23636]},"AJs":{"weight":1.0,"played":[0.0,1.0],"evs":[0.0,6.86548]},"AQs":{"weight":1.0,"played":[0.0,1.0],"evs":[0.0,8.81236]},"AKs":{"weight":1.0,"played":[0.0,1.0],"evs":[0.0,11.00096]},"AA":{"weight":1.0,"played":[0.0,1.0],"evs":[0.0,30.90309]}}}