{"player":3,"street":0,"children":3,"sequence":[{"player":0,"type":"R","amount":955000,"street":0},{"player":1,"type":"C","amount":955000,"street":0},{"player":2,"type":"F","amount":0,"street":0}],"actions":[{"type":"F","amount":0,"node":78},{"type":"C","amount":955000,"node":81},{"type":"R","amount":1145000,"node":86}],"hands":{"22":{"weight":1.0,"played":[1.0,0.0,0.0],"evs":[0.0,-0.6983,-0.64046]},"32o":{"weight":1.0,"played":[1.0,0.0,0.0],"evs":[0.0,-4.85139,-4.79517]},"42o":{"weight":1.0,"played":[1.0,0.0,0.0],"evs":[0.0,-4.47989,-4.43031]},"52o":{"weight":1.0,"played":[1.0,0.0,0.0],"evs":[0.0,-4.21237,-4.16295]},"62o":{"weight":1.0,"played":[1.0,0.0,0.0],"evs":[0.0,-4.64454,-4.59084]},"72o":{"weight":1.0,"played":[1.0,0.0,0.0],"evs":[0.0,-5.24351,-5.19888]},"82o":{"weight":1.0,"played":[1.0,0.0,0.0],"evs":[0.0,-4.89657,-4.86939]},"92o":{"weight":1.0,"played":[1.0,0.0,0.0],"evs":[0.0,-5.0307,-5.02604]},"T2o":{"weight":1.0,"played":[1.0,0.0,0.0],"evs":[0.0,-4.8532,-4.85039]},"J2o":{"weight":1.0,"played":[1.0,0.0,0.0],"evs":[0.0,-4.638,-4.64238]},"Q2o":{"weight":1.0,"played":[1.0,0.0,0.0],"evs":[0.0,-4.10079,-4.11445]},"K2o":{"weight":1.0,"played":[1.0,0.0,0.0],"evs":[0.0,-3.88148,-3.89093]},"A2o":{"weight":1.0,"played":[1.0,0.0,0.0],"evs":[0.0,-3.53334,-3.49598]},"32s":{"weight":1.0,"played":[1.0,0.0,0.0],"evs":[0.0,-2.69163,-2.64891]},"33":{"weight":1.0,"played":[0.8349,0.0932,0.0719],"evs":[0.0,-0.0798,-0.01846]},"43o":{"weight":1.0,"played":[1.0,0.0,0.0],"evs":[0.0,-3.62652,-3.57066]},"53o":{"weight":1.0,"played":[1.0,0.0,0.0],"evs":[0.0,-3.31224,-3.26236]},"63o":{"weight":1.0,"played":[1.0,0.0,0.0],"evs":[0.0,-3.73068,-3.6809]},"73o":{"weight":1.0,"played":[1.0,0.0,0.0],"evs":[0.0,-4.36493,-4.32482]},"83o":{"weight":1.0,"played":[1.0,0.0,0.0],"evs":[0.0,-4.84069,-4.80844]},"93o":{"weight":1.0,"played":[1.0,0.0,0.0],"evs":[0.0,-4.81699,-4.81474]},"T3o":{"weight":1.0,"played":[1.0,0.0,0.0],"evs":[0.0,-4.60126,-4.59406]},"J3o":{"weight":1.0,"played":[1.0,0.0,0.0],"evs":[0.0,-4.41227,-4.40893]},"Q3o":{"weight":1.0,"played":[1.0,0.0,0.0],"evs":[0.0,-3.88037,-3.88691]},"K3o":{"weight":1.0,"played":[1.0,0.0,0.0],"evs":[0.0,-3.61125,-3.61605]},"A3o":{"weight":1.0,"played":[1.0,0.0,0.0],"evs":[0.0,-3.19718,-3.15303]},"42s":{"weight":1.0,"played":[1.0,0.0,0.0],"evs":[0.0,-2.33485,-2.30054]},"43s":{"weight":1.0,"played":[1.0,0.0,0.0],"evs":[0.0,-1.51583,-1.47271]},"44":{"weight":1.0,"played":[0.0,0.3497,0.6503],"evs":[0.0,0.79673,0.85694]},"54o":{"weight":1.0,"played":[1.0,0.0,0.0],"evs":[0.0,-2.41454,-2.36806]},"64o":{"weight":1.0,"played":[1.0,0.0,0.0],"evs":[0.0,-2.77599,-2.73029]},"74o":{"weight":1.0,"played":[1.0,0.0,0.0],"evs":[0.0,-3.37041,-3.32191]},"84o":{"weight":1.0,"played":[1.0,0.0,0.0],"evs":[0.0,-3.86986,-3.83215]},"94o":{"weight":1.0,"played":[1.0,0.0,0.0],"evs":[0.0,-4.58955,-4.58209]},"T4o":{"weight":1.0,"played":[1.0,0.0,0.0],"evs":[0.0,-4.28178,-4.27568]},"J4o":{"weight":1.0,"played":[1.0,0.0,0.0],"evs":[0.0,-4.02559,-4.03505]},"Q4o":{"weight":1.0,"played":[1.0,0.0,0.0],"evs":[0.0,-3.48665,-3.50463]},"K4o":{"weight":1.0,"played":[1.0,0.0,0.0],"evs":[0.0,-3.21488,-3.2222]},"A4o":{"weight":1.0,"played":[1.0,0.0,0.0],"evs":[0.0,-2.78349,-2.75398]},"52s":{"weight":1.0,"played":[1.0,0.0,0.0],"evs":[0.0,-2.10253,-2.05906]},"53s":{"weight":1.0,"played":[1.0,0.0,0.0],"evs":[0.0,-1.23646,-1.20892]},"54s":{"weight":1.0,"played":[0.9991,4.0E-4,5.0E-4],"evs":[0.0,-0.37347,-0.33401]},"55":{"weight":1.0,"played":[0.0,0.3321,0.6679],"evs":[0.0,1.70007,1.74553]},"65o":{"weight":1.0,"played":[1.0,0.0,0.0],"evs":[0.0,-1.93497,-1.88977]},"75o":{"weight":1.0,"played":[1.0,0.0,0.0],"evs":[0.0,-2.45673,-2.4218]},"85o":{"weight":1.0,"played":[1.0,0.0,0.0],"evs":[0.0,-2.94897,-2.91763]},"95o":{"weight":1.0,"played":[1.0,0.0,0.0],"evs":[0.0,-3.71338,-3.71305]},"T5o":{"weight":1.0,"played":[1.0,0.0,0.0],"evs":[0.0,-4.13317,-4.138]},"J5o":{"weight":1.0,"played":[1.0,0.0,0.0],"evs":[0.0,-3.78049,-3.78526]},"Q5o":{"weight":1.0,"played":[1.0,0.0,0.0],"evs":[0.0,-3.20707,-3.22518]},"K5o":{"weight":1.0,"played":[1.0,0.0,0.0],"evs":[0.0,-2.96486,-2.98469]},"A5o":{"weight":1.0,"played":[1.0,0.0,0.0],"evs":[0.0,-2.36058,-2.334]},"62s":{"weight":1.0,"played":[1.0,0.0,0.0],"evs":[0.0,-2.49344,-2.46024]},"63s":{"weight":1.0,"played":[1.0,0.0,0.0],"evs":[0.0,-1.62421,-1.58365]},"64s":{"weight":1.0,"played":[1.0,0.0,0.0],"evs":[0.0,-0.73177,-0.68829]},"65s":{"weight":1.0,"played":[0.0,0.3616,0.6384],"evs":[0.0,0.01707,0.05355]},"66":{"weight":1.0,"played":[0.0,0.2492,0.7508],"evs":[0.0,2.74643,2.7617]},"76o":{"weight":1.0,"played":[1.0,0.0,0.0],"evs":[0.0,-1.65141,-1.62248]},"86o":{"weight":1.0,"played":[1.0,0.0,0.0],"evs":[0.0,-2.04129,-2.02322]},"96o":{"weight":1.0,"played":[1.0,0.0,0.0],"evs":[0.0,-2.70564,-2.71684]},"T6o":{"weight":1.0,"played":[1.0,0.0,0.0],"evs":[0.0,-3.14313,-3.15155]},"J6o":{"weight":1.0,"played":[1.0,0.0,0.0],"evs":[0.0,-3.49841,-3.51081]},"Q6o":{"weight":1.0,"played":[1.0,0.0,0.0],"evs":[0.0,-2.86064,-2.8845]},"K6o":{"weight":1.0,"played":[1.0,0.0,0.0],"evs":[0.0,-2.57086,-2.59481]},"A6o":{"weight":1.0,"played":[1.0,0.0,0.0],"evs":[0.0,-2.74213,-2.72301]},"72s":{"weight":1.0,"played":[1.0,0.0,0.0],"evs":[0.0,-3.02884,-2.99895]},"73s":{"weight":1.0,"played":[1.0,0.0,0.0],"evs":[0.0,-2.24567,-2.20257]},"74s":{"weight":1.0,"played":[1.0,0.0,0.0],"evs":[0.0,-1.23994,-1.20064]},"75s":{"weight":1.0,"played":[0.9998,1.0E-4,1.0E-4],"evs":[0.0,-0.44421,-0.41551]},"76s":{"weight":1.0,"played":[0.0,0.2759,0.7241],"evs":[0.0,0.31097,0.3436]},"77":{"weight":1.0,"played":[0.0,0.2337,0.7663],"evs":[0.0,3.68168,3.67222]},"87o":{"weight":1.0,"played":[1.0,0.0,0.0],"evs":[0.0,-1.45569,-1.45665]},"97o":{"weight":1.0,"played":[1.0,0.0,0.0],"evs":[0.0,-1.98811,-2.01105]},"T7o":{"weight":1.0,"played":[1.0,0.0,0.0],"evs":[0.0,-2.37142,-2.39777]},"J7o":{"weight":1.0,"played":[1.0,0.0,0.0],"evs":[0.0,-2.78537,-2.8149]},"Q7o":{"weight":1.0,"played":[1.0,0.0,0.0],"evs":[0.0,-2.80511,-2.83468]},"K7o":{"weight":1.0,"played":[1.0,0.0,0.0],"evs":[0.0,-2.40594,-2.4374]},"A7o":{"weight":1.0,"played":[1.0,0.0,0.0],"evs":[0.0,-2.16088,-2.15568]},"82s":{"weight":1.0,"played":[1.0,0.0,0.0],"evs":[0.0,-2.72226,-2.6967]},"83s":{"weight":1.0,"played":[1.0,0.0,0.0],"evs":[0.0,-2.65306,-2.63053]},"84s":{"weight":1.0,"played":[1.0,0.0,0.0],"evs":[0.0,-1.72316,-1.70171]},"85s":{"weight":1.0,"played":[1.0,0.0,0.0],"evs":[0.0,-0.84942,-0.83087]},"86s":{"weight":1.0,"played":[0.8556,0.0692,0.0752],"evs":[0.0,-0.03228,-0.02671]},"87s":{"weight":1.0,"played":[0.0,0.2524,0.7476],"evs":[0.0,0.57337,0.56492]},"88":{"weight":1.0,"played":[0.0,0.4672,0.5328],"evs":[0.0,4.82678,4.77614]},"98o":{"weight":1.0,"played":[1.0,0.0,0.0],"evs":[0.0,-1.37329,-1.40878]},"T8o":{"weight":1.0,"played":[1.0,0.0,0.0],"evs":[0.0,-1.59855,-1.62895]},"J8o":{"weight":1.0,"played":[1.0,0.0,0.0],"evs":[0.0,-2.03395,-2.06868]},"Q8o":{"weight":1.0,"played":[1.0,0.0,0.0],"evs":[0.0,-2.11016,-2.15026]},"K8o":{"weight":1.0,"played":[1.0,0.0,0.0],"evs":[0.0,-2.2499,-2.28347]},"A8o":{"weight":1.0,"played":[1.0,0.0,0.0],"evs":[0.0,-1.60157,-1.60115]},"92s":{"weight":1.0,"played":[1.0,0.0,0.0],"evs":[0.0,-2.78626,-2.78654]},"93s":{"weight":1.0,"played":[1.0,0.0,0.0],"evs":[0.0,-2.58003,-2.57348]},"94s":{"weight":1.0,"played":[1.0,0.0,0.0],"evs":[0.0,-2.39454,-2.39915]},"95s":{"weight":1.0,"played":[1.0,0.0,0.0],"evs":[0.0,-1.56785,-1.57605]},"96s":{"weight":1.0,"played":[1.0,0.0,0.0],"evs":[0.0,-0.63906,-0.65851]},"97s":{"weight":1.0,"played":[0.0054,0.3319,0.6627],"evs":[0.0,0.09066,0.06615]},"98s":{"weight":1.0,"played":[0.0,0.3593,0.6407],"evs":[0.0,0.60606,0.57443]},"99":{"weight":1.0,"played":[0.0,0.577,0.423],"evs":[0.0,6.23558,6.16889]},"T9o":{"weight":1.0,"played":[1.0,0.0,0.0],"evs":[0.0,-1.03523,-1.09455]},"J9o":{"weight":1.0,"played":[1.0,0.0,0.0],"evs":[0.0,-1.38538,-1.44036]},"Q9o":{"weight":1.0,"played":[1.0,0.0,0.0],"evs":[0.0,-1.44195,-1.49908]},"K9o":{"weight":1.0,"played":[1.0,0.0,0.0],"evs":[0.0,-1.57254,-1.61572]},"A9o":{"weight":1.0,"played":[0.9999,0.0,0.0],"evs":[0.0,-0.87133,-0.85428]},"T2s":{"weight":1.0,"played":[1.0,0.0,0.0],"evs":[0.0,-2.59155,-2.58937]},"T3s":{"weight":1.0,"played":[1.0,0.0,0.0],"evs":[0.0,-2.35977,-2.3645]},"T4s":{"weight":1.0,"played":[1.0,0.0,0.0],"evs":[0.0,-2.01916,-2.02205]},"T5s":{"weight":1.0,"played":[1.0,0.0,0.0],"evs":[0.0,-1.95338,-1.95401]},"T6s":{"weight":1.0,"played":[1.0,0.0,0.0],"evs":[0.0,-1.04463,-1.0726]},"T7s":{"weight":1.0,"played":[1.0,0.0,0.0],"evs":[0.0,-0.2758,-0.30437]},"T8s":{"weight":1.0,"played":[0.0,0.498,0.502],"evs":[0.0,0.40404,0.36559]},"T9s":{"weight":1.0,"played":[0.0,0.5189,0.4811],"evs":[0.0,0.95563,0.89497]},"TT":{"weight":1.0,"played":[0.0,0.6299,0.3701],"evs":[0.0,8.38023,8.31274]},"JTo":{"weight":1.0,"played":[1.0,0.0,0.0],"evs":[0.0,-0.31517,-0.36382]},"QTo":{"weight":1.0,"played":[0.9996,2.0E-4,2.0E-4],"evs":[0.0,-0.2848,-0.33653]},"KTo":{"weight":1.0,"played":[0.9992,3.0E-4,5.0E-4],"evs":[0.0,-0.23806,-0.27434]},"ATo":{"weight":1.0,"played":[0.0,0.4363,0.5637],"evs":[0.0,1.09005,1.10424]},"J2s":{"weight":1.0,"played":[1.0,0.0,0.0],"evs":[0.0,-2.39106,-2.4]},"J3s":{"weight":1.0,"played":[1.0,0.0,0.0],"evs":[0.0,-2.11441,-2.12112]},"J4s":{"weight":1.0,"played":[1.0,0.0,0.0],"evs":[0.0,-1.85431,-1.87081]},"J5s":{"weight":1.0,"played":[1.0,0.0,0.0],"evs":[0.0,-1.57722,-1.59735]},"J6s":{"weight":1.0,"played":[1.0,0.0,0.0],"evs":[0.0,-1.36202,-1.3882]},"J7s":{"weight":1.0,"played":[1.0,0.0,0.0],"evs":[0.0,-0.64544,-0.67582]},"J8s":{"weight":1.0,"played":[0.003,0.5509,0.4461],"evs":[0.0,0.06541,0.02165]},"J9s":{"weight":1.0,"played":[0.0,0.5504,0.4496],"evs":[0.0,0.62896,0.56995]},"JTs":{"weight":1.0,"played":[0.0,0.6406,0.3594],"evs":[0.0,1.63849,1.57883]},"JJ":{"weight":1.0,"played":[0.0,0.7254,0.2746],"evs":[0.0,11.13126,11.06278]},"QJo":{"weight":1.0,"played":[0.0,0.685,0.315],"evs":[0.0,0.17258,0.12512]},"KJo":{"weight":1.0,"played":[0.0,0.7004,0.2996],"evs":[0.0,0.59337,0.55505]},"AJo":{"weight":1.0,"played":[0.0,0.4392,0.5608],"evs":[0.0,2.65145,2.67035]},"Q2s":{"weight":1.0,"played":[1.0,0.0,0.0],"evs":[0.0,-1.83702,-1.86046]},"Q3s":{"weight":1.0,"played":[1.0,0.0,0.0],"evs":[0.0,-1.58861,-1.61857]},"Q4s":{"weight":1.0,"played":[1.0,0.0,0.0],"evs":[0.0,-1.24786,-1.26892]},"Q5s":{"weight":1.0,"played":[1.0,0.0,0.0],"evs":[0.0,-1.02554,-1.05574]},"Q6s":{"weight":1.0,"played":[1.0,0.0,0.0],"evs":[0.0,-0.69852,-0.7293]},"Q7s":{"weight":1.0,"played":[1.0,0.0,0.0],"evs":[0.0,-0.64316,-0.68166]},"Q8s":{"weight":1.0,"played":[0.3385,0.4733,0.1882],"evs":[0.0,0.06173,0.01951]},"Q9s":{"weight":1.0,"played":[0.0,0.6412,0.3588],"evs":[0.0,0.65423,0.58964]},"QTs":{"weight":1.0,"played":[0.0,0.6706,0.3294],"evs":[0.0,1.68641,1.63202]},"QJs":{"weight":1.0,"played":[0.0,0.6765,0.3235],"evs":[0.0,2.14216,2.08535]},"QQ":{"weight":1.0,"played":[0.0,0.7036,0.2964],"evs":[0.0,14.32165,14.29382]},"KQo":{"weight":1.0,"played":[0.0,0.7113,0.2887],"evs":[0.0,1.83956,1.80183]},"AQo":{"weight":1.0,"played":[0.0,0.4527,0.5473],"evs":[0.0,4.45843,4.49207]},"K2s":{"weight":1.0,"played":[1.0,0.0,0.0],"evs":[0.0,-1.54337,-1.55745]},"K3s":{"weight":1.0,"played":[1.0,0.0,0.0],"evs":[0.0,-1.30545,-1.31731]},"K4s":{"weight":1.0,"played":[1.0,0.0,0.0],"evs":[0.0,-0.92091,-0.94431]},"K5s":{"weight":1.0,"played":[1.0,0.0,0.0],"evs":[0.0,-0.72921,-0.75374]},"K6s":{"weight":1.0,"played":[0.9999,0.0,0.0],"evs":[0.0,-0.29548,-0.33368]},"K7s":{"weight":1.0,"played":[0.9989,5.0E-4,5.0E-4],"evs":[0.0,-0.20736,-0.24486]},"K8s":{"weight":1.0,"played":[0.9928,4.0E-4,0.0068],"evs":[0.0,-0.04674,-0.08064]},"K9s":{"weight":1.0,"played":[0.0,0.6687,0.3313],"evs":[0.0,0.53452,0.49172]},"KTs":{"weight":1.0,"played":[0.0,0.6737,0.3263],"evs":[0.0,1.82411,1.77957]},"KJs":{"weight":1.0,"played":[0.0,0.6777,0.3223],"evs":[0.0,2.59187,2.55192]},"KQs":{"weight":1.0,"played":[0.0,0.7002,0.2998],"evs":[0.0,3.81604,3.76769]},"KK":{"weight":1.0,"played":[0.0,0.7075,0.2925],"evs":[0.0,18.25703,18.23804]},"AKo":{"weight":1.0,"played":[0.0,0.4344,0.5656],"evs":[0.0,6.43508,6.49293]},"A2s":{"weight":1.0,"played":[1.0,0.0,0.0],"evs":[0.0,-1.11039,-1.08777]},"A3s":{"weight":1.0,"played":[0.9999,0.0,0.0],"evs":[0.0,-0.7489,-0.72515]},"A4s":{"weight":1.0,"played":[0.9991,2.0E-4,7.0E-4],"evs":[0.0,-0.39723,-0.36835]},"A5s":{"weight":1.0,"played":[0.0034,0.3991,0.5975],"evs":[0.0,0.00913,0.03005]},"A6s":{"weight":1.0,"played":[0.9986,1.0E-4,0.0013],"evs":[0.0,-0.41743,-0.41023]},"A7s":{"weight":1.0,"played":[0.0,0.0305,0.9695],"evs":[0.0,0.1687,0.18196]},"A8s":{"weight":1.0,"played":[0.0,0.567,0.433],"evs":[0.0,0.75739,0.75339]},"A9s":{"weight":1.0,"played":[0.0,0.6488,0.3512],"evs":[0.0,1.41662,1.41889]},"ATs":{"weight":1.0,"played":[0.0,0.7196,0.2804],"evs":[0.0,3.3102,3.30626]},"AJs":{"weight":1.0,"played":[0.0,0.4845,0.5155],"evs":[0.0,4.71613,4.73621]},"AQs":{"weight":1.0,"played":[0.0,0.5957,0.4043],"evs":[0.0,6.36116,6.38214]},"AKs":{"weight":1.0,"played":[0.0,0.4982,0.5018],"evs":[0.0,8.24803,8.27663]},"AA":{"weight":1.0,"played":[0.0,0.6269,0.3731],"evs":[0.0,24.63795,24.66782]}}}