{"player":4,"street":0,"children":2,"sequence":[{"player":0,"type":"R","amount":955000,"street":0},{"player":1,"type":"C","amount":955000,"street":0},{"player":2,"type":"F","amount":0,"street":0},{"player":3,"type":"F","amount":0,"street":0}],"actions":[{"type":"F","amount":0,"node":79},{"type":"C","amount":805000,"node":80}],"hands":{"22":{"weight":1.0,"played":[1.0,0.0],"evs":[0.0,-1.63636]},"32o":{"weight":1.0,"played":[1.0,0.0],"evs":[0.0,-4.6046]},"42o":{"weight":1.0,"played":[1.0,0.0],"evs":[0.0,-4.33594]},"52o":{"weight":1.0,"played":[1.0,0.0],"evs":[0.0,-4.13254]},"62o":{"weight":1.0,"played":[1.0,0.0],"evs":[0.0,-4.45655]},"72o":{"weight":1.0,"played":[1.0,0.0],"evs":[0.0,-4.87004]},"82o":{"weight":1.0,"played":[1.0,0.0],"evs":[0.0,-4.64219]},"92o":{"weight":1.0,"played":[1.0,0.0],"evs":[0.0,-4.70969]},"T2o":{"weight":1.0,"played":[1.0,0.0],"evs":[0.0,-4.59712]},"J2o":{"weight":1.0,"played":[1.0,0.0],"evs":[0.0,-4.4363]},"Q2o":{"weight":1.0,"played":[1.0,0.0],"evs":[0.0,-4.03214]},"K2o":{"weight":1.0,"played":[1.0,0.0],"evs":[0.0,-3.92436]},"A2o":{"weight":1.0,"played":[1.0,0.0],"evs":[0.0,-3.65337]},"32s":{"weight":1.0,"played":[1.0,0.0],"evs":[0.0,-3.02619]},"33":{"weight":1.0,"played":[1.0,0.0],"evs":[0.0,-1.20632]},"43o":{"weight":1.0,"played":[1.0,0.0],"evs":[0.0,-3.7278]},"53o":{"weight":1.0,"played":[1.0,0.0],"evs":[0.0,-3.45235]},"63o":{"weight":1.0,"played":[1.0,0.0],"evs":[0.0,-3.80191]},"73o":{"weight":1.0,"played":[1.0,0.0],"evs":[0.0,-4.24381]},"83o":{"weight":1.0,"played":[1.0,0.0],"evs":[0.0,-4.5979]},"93o":{"weight":1.0,"played":[1.0,0.0],"evs":[0.0,-4.57738]},"T3o":{"weight":1.0,"played":[1.0,0.0],"evs":[0.0,-4.44184]},"J3o":{"weight":1.0,"played":[1.0,0.0],"evs":[0.0,-4.27509]},"Q3o":{"weight":1.0,"played":[1.0,0.0],"evs":[0.0,-3.86609]},"K3o":{"weight":1.0,"played":[1.0,0.0],"evs":[0.0,-3.72208]},"A3o":{"weight":1.0,"played":[1.0,0.0],"evs":[0.0,-3.41424]},"42s":{"weight":1.0,"played":[1.0,0.0],"evs":[0.0,-2.76027]},"43s":{"weight":1.0,"played":[1.0,0.0],"evs":[0.0,-2.15554]},"44":{"weight":1.0,"played":[1.0,0.0],"evs":[0.0,-0.58741]},"54o":{"weight":1.0,"played":[1.0,0.0],"evs":[0.0,-2.8419]},"64o":{"weight":1.0,"played":[1.0,0.0],"evs":[0.0,-3.09131]},"74o":{"weight":1.0,"played":[1.0,0.0],"evs":[0.0,-3.53448]},"84o":{"weight":1.0,"played":[1.0,0.0],"evs":[0.0,-3.89147]},"94o":{"weight":1.0,"played":[1.0,0.0],"evs":[0.0,-4.42347]},"T4o":{"weight":1.0,"played":[1.0,0.0],"evs":[0.0,-4.20996]},"J4o":{"weight":1.0,"played":[1.0,0.0],"evs":[0.0,-4.00309]},"Q4o":{"weight":1.0,"played":[1.0,0.0],"evs":[0.0,-3.59393]},"K4o":{"weight":1.0,"played":[1.0,0.0],"evs":[0.0,-3.45931]},"A4o":{"weight":1.0,"played":[1.0,0.0],"evs":[0.0,-3.09213]},"52s":{"weight":1.0,"played":[1.0,0.0],"evs":[0.0,-2.5579]},"53s":{"weight":1.0,"played":[1.0,0.0],"evs":[0.0,-1.91724]},"54s":{"weight":1.0,"played":[1.0,0.0],"evs":[0.0,-1.29964]},"55":{"weight":1.0,"played":[0.0042,0.9958],"evs":[0.0,0.11467]},"65o":{"weight":1.0,"played":[1.0,0.0],"evs":[0.0,-2.50462]},"75o":{"weight":1.0,"played":[1.0,0.0],"evs":[0.0,-2.87235]},"85o":{"weight":1.0,"played":[1.0,0.0],"evs":[0.0,-3.20888]},"95o":{"weight":1.0,"played":[1.0,0.0],"evs":[0.0,-3.77673]},"T5o":{"weight":1.0,"played":[1.0,0.0],"evs":[0.0,-4.0927]},"J5o":{"weight":1.0,"played":[1.0,0.0],"evs":[0.0,-3.82571]},"Q5o":{"weight":1.0,"played":[1.0,0.0],"evs":[0.0,-3.40742]},"K5o":{"weight":1.0,"played":[1.0,0.0],"evs":[0.0,-3.24965]},"A5o":{"weight":1.0,"played":[1.0,0.0],"evs":[0.0,-2.80175]},"62s":{"weight":1.0,"played":[1.0,0.0],"evs":[0.0,-2.84553]},"63s":{"weight":1.0,"played":[1.0,0.0],"evs":[0.0,-2.26934]},"64s":{"weight":1.0,"played":[1.0,0.0],"evs":[0.0,-1.57576]},"65s":{"weight":1.0,"played":[1.0,0.0],"evs":[0.0,-0.98106]},"66":{"weight":1.0,"played":[0.0,1.0],"evs":[0.0,0.85576]},"76o":{"weight":1.0,"played":[1.0,0.0],"evs":[0.0,-2.27476]},"86o":{"weight":1.0,"played":[1.0,0.0],"evs":[0.0,-2.57972]},"96o":{"weight":1.0,"played":[1.0,0.0],"evs":[0.0,-3.05306]},"T6o":{"weight":1.0,"played":[1.0,0.0],"evs":[0.0,-3.37731]},"J6o":{"weight":1.0,"played":[1.0,0.0],"evs":[0.0,-3.62389]},"Q6o":{"weight":1.0,"played":[1.0,0.0],"evs":[0.0,-3.15018]},"K6o":{"weight":1.0,"played":[1.0,0.0],"evs":[0.0,-2.9504]},"A6o":{"weight":1.0,"played":[1.0,0.0],"evs":[0.0,-3.03627]},"72s":{"weight":1.0,"played":[1.0,0.0],"evs":[0.0,-3.29002]},"73s":{"weight":1.0,"played":[1.0,0.0],"evs":[0.0,-2.63857]},"74s":{"weight":1.0,"played":[1.0,0.0],"evs":[0.0,-1.96107]},"75s":{"weight":1.0,"played":[1.0,0.0],"evs":[0.0,-1.33037]},"76s":{"weight":1.0,"played":[1.0,0.0],"evs":[0.0,-0.8195]},"77":{"weight":1.0,"played":[0.0,1.0],"evs":[0.0,1.54473]},"87o":{"weight":1.0,"played":[1.0,0.0],"evs":[0.0,-2.10872]},"97o":{"weight":1.0,"played":[1.0,0.0],"evs":[0.0,-2.51201]},"T7o":{"weight":1.0,"played":[1.0,0.0],"evs":[0.0,-2.78935]},"J7o":{"weight":1.0,"played":[1.0,0.0],"evs":[0.0,-3.07684]},"Q7o":{"weight":1.0,"played":[1.0,0.0],"evs":[0.0,-3.08676]},"K7o":{"weight":1.0,"played":[1.0,0.0],"evs":[0.0,-2.86218]},"A7o":{"weight":1.0,"played":[1.0,0.0],"evs":[0.0,-2.63743]},"82s":{"weight":1.0,"played":[1.0,0.0],"evs":[0.0,-3.03501]},"83s":{"weight":1.0,"played":[1.0,0.0],"evs":[0.0,-2.99256]},"84s":{"weight":1.0,"played":[1.0,0.0],"evs":[0.0,-2.31197]},"85s":{"weight":1.0,"played":[1.0,0.0],"evs":[0.0,-1.71174]},"86s":{"weight":1.0,"played":[1.0,0.0],"evs":[0.0,-1.10381]},"87s":{"weight":1.0,"played":[1.0,0.0],"evs":[0.0,-0.66417]},"88":{"weight":1.0,"played":[0.0,1.0],"evs":[0.0,2.39562]},"98o":{"weight":1.0,"played":[1.0,0.0],"evs":[0.0,-2.01835]},"T8o":{"weight":1.0,"played":[1.0,0.0],"evs":[0.0,-2.20262]},"J8o":{"weight":1.0,"played":[1.0,0.0],"evs":[0.0,-2.51337]},"Q8o":{"weight":1.0,"played":[1.0,0.0],"evs":[0.0,-2.53613]},"K8o":{"weight":1.0,"played":[1.0,0.0],"evs":[0.0,-2.72782]},"A8o":{"weight":1.0,"played":[1.0,0.0],"evs":[0.0,-2.20004]},"92s":{"weight":1.0,"played":[1.0,0.0],"evs":[0.0,-3.08324]},"93s":{"weight":1.0,"played":[1.0,0.0],"evs":[0.0,-2.92976]},"94s":{"weight":1.0,"played":[1.0,0.0],"evs":[0.0,-2.76828]},"95s":{"weight":1.0,"played":[1.0,0.0],"evs":[0.0,-2.15151]},"96s":{"weight":1.0,"played":[1.0,0.0],"evs":[0.0,-1.48432]},"97s":{"weight":1.0,"played":[1.0,0.0],"evs":[0.0,-0.96804]},"98s":{"weight":1.0,"played":[1.0,0.0],"evs":[0.0,-0.53504]},"99":{"weight":1.0,"played":[0.0,1.0],"evs":[0.0,3.44478]},"T9o":{"weight":1.0,"played":[1.0,0.0],"evs":[0.0,-1.73085]},"J9o":{"weight":1.0,"played":[1.0,0.0],"evs":[0.0,-1.99844]},"Q9o":{"weight":1.0,"played":[1.0,0.0],"evs":[0.0,-2.04167]},"K9o":{"weight":1.0,"played":[1.0,0.0],"evs":[0.0,-2.19602]},"A9o":{"weight":1.0,"played":[1.0,0.0],"evs":[0.0,-1.60642]},"T2s":{"weight":1.0,"played":[1.0,0.0],"evs":[0.0,-2.91521]},"T3s":{"weight":1.0,"played":[1.0,0.0],"evs":[0.0,-2.77373]},"T4s":{"weight":1.0,"played":[1.0,0.0],"evs":[0.0,-2.56468]},"T5s":{"weight":1.0,"played":[1.0,0.0],"evs":[0.0,-2.46149]},"T6s":{"weight":1.0,"played":[1.0,0.0],"evs":[0.0,-1.80225]},"T7s":{"weight":1.0,"played":[1.0,0.0],"evs":[0.0,-1.22136]},"T8s":{"weight":1.0,"played":[1.0,0.0],"evs":[0.0,-0.6947]},"T9s":{"weight":1.0,"played":[1.0,0.0],"evs":[0.0,-0.30667]},"TT":{"weight":1.0,"played":[0.0,1.0],"evs":[0.0,5.06242]},"JTo":{"weight":1.0,"played":[1.0,0.0],"evs":[0.0,-1.17545]},"QTo":{"weight":1.0,"played":[1.0,0.0],"evs":[0.0,-1.19411]},"KTo":{"weight":1.0,"played":[1.0,0.0],"evs":[0.0,-1.19983]},"ATo":{"weight":1.0,"played":[0.9977,0.0023],"evs":[0.0,-0.13536]},"J2s":{"weight":1.0,"played":[1.0,0.0],"evs":[0.0,-2.72281]},"J3s":{"weight":1.0,"played":[1.0,0.0],"evs":[0.0,-2.61063]},"J4s":{"weight":1.0,"played":[1.0,0.0],"evs":[0.0,-2.34767]},"J5s":{"weight":1.0,"played":[1.0,0.0],"evs":[0.0,-2.19835]},"J6s":{"weight":1.0,"played":[1.0,0.0],"evs":[0.0,-2.05153]},"J7s":{"weight":1.0,"played":[1.0,0.0],"evs":[0.0,-1.48659]},"J8s":{"weight":1.0,"played":[1.0,0.0],"evs":[0.0,-0.988]},"J9s":{"weight":1.0,"played":[1.0,0.0],"evs":[0.0,-0.50556]},"JTs":{"weight":1.0,"played":[1.0E-4,0.9999],"evs":[0.0,0.20476]},"JJ":{"weight":1.0,"played":[0.0,1.0],"evs":[0.0,7.1122]},"QJo":{"weight":1.0,"played":[1.0,0.0],"evs":[0.0,-0.82871]},"KJo":{"weight":1.0,"played":[1.0,0.0],"evs":[0.0,-0.58207]},"AJo":{"weight":1.0,"played":[0.0,1.0],"evs":[0.0,1.00831]},"Q2s":{"weight":1.0,"played":[1.0,0.0],"evs":[0.0,-2.36937]},"Q3s":{"weight":1.0,"played":[1.0,0.0],"evs":[0.0,-2.19531]},"Q4s":{"weight":1.0,"played":[1.0,0.0],"evs":[0.0,-1.96306]},"Q5s":{"weight":1.0,"played":[1.0,0.0],"evs":[0.0,-1.77784]},"Q6s":{"weight":1.0,"played":[1.0,0.0],"evs":[0.0,-1.51387]},"Q7s":{"weight":1.0,"played":[1.0,0.0],"evs":[0.0,-1.50059]},"Q8s":{"weight":1.0,"played":[1.0,0.0],"evs":[0.0,-0.97071]},"Q9s":{"weight":1.0,"played":[1.0,0.0],"evs":[0.0,-0.53983]},"QTs":{"weight":1.0,"played":[0.0,1.0],"evs":[0.0,0.21421]},"QJs":{"weight":1.0,"played":[0.0,1.0],"evs":[0.0,0.56742]},"QQ":{"weight":1.0,"played":[0.0,1.0],"evs":[0.0,9.42939]},"KQo":{"weight":1.0,"played":[0.0,1.0],"evs":[0.0,0.38175]},"AQo":{"weight":1.0,"played":[0.0,1.0],"evs":[0.0,2.3647]},"K2s":{"weight":1.0,"played":[1.0,0.0],"evs":[0.0,-2.1768]},"K3s":{"weight":1.0,"played":[1.0,0.0],"evs":[0.0,-2.03411]},"K4s":{"weight":1.0,"played":[1.0,0.0],"evs":[0.0,-1.71842]},"K5s":{"weight":1.0,"played":[1.0,0.0],"evs":[0.0,-1.58169]},"K6s":{"weight":1.0,"played":[1.0,0.0],"evs":[0.0,-1.27858]},"K7s":{"weight":1.0,"played":[1.0,0.0],"evs":[0.0,-1.20926]},"K8s":{"weight":1.0,"played":[1.0,0.0],"evs":[0.0,-1.10843]},"K9s":{"weight":1.0,"played":[1.0,0.0],"evs":[0.0,-0.63833]},"KTs":{"weight":1.0,"played":[0.0,1.0],"evs":[0.0,0.30466]},"KJs":{"weight":1.0,"played":[0.0,1.0],"evs":[0.0,0.92927]},"KQs":{"weight":1.0,"played":[0.0,1.0],"evs":[0.0,1.84071]},"KK":{"weight":1.0,"played":[0.0,1.0],"evs":[0.0,12.32242]},"AKo":{"weight":1.0,"played":[0.0,1.0],"evs":[0.0,3.85467]},"A2s":{"weight":1.0,"played":[1.0,0.0],"evs":[0.0,-1.85881]},"A3s":{"weight":1.0,"played":[1.0,0.0],"evs":[0.0,-1.63316]},"A4s":{"weight":1.0,"played":[1.0,0.0],"evs":[0.0,-1.36161]},"A5s":{"weight":1.0,"played":[1.0,0.0],"evs":[0.0,-1.05608]},"A6s":{"weight":1.0,"played":[1.0,0.0],"evs":[0.0,-1.28821]},"A7s":{"weight":1.0,"played":[1.0,0.0],"evs":[0.0,-0.92015]},"A8s":{"weight":1.0,"played":[0.9995,5.0E-4],"evs":[0.0,-0.47488]},"A9s":{"weight":1.0,"played":[0.0,1.0],"evs":[0.0,0.05278]},"ATs":{"weight":1.0,"played":[0.0,1.0],"evs":[0.0,1.39878]},"AJs":{"weight":1.0,"played":[0.0,1.0],"evs":[0.0,2.55193]},"AQs":{"weight":1.0,"played":[0.0,1.0],"evs":[0.0,3.81934]},"AKs":{"weight":1.0,"played":[0.0,1.0],"evs":[0.0,5.1982]},"AA":{"weight":1.0,"played":[0.0,1.0],"evs":[0.0,17.17669]}}}