{"player":4,"street":0,"children":2,"sequence":[{"player":0,"type":"F","amount":0,"street":0},{"player":1,"type":"F","amount":0,"street":0},{"player":2,"type":"F","amount":0,"street":0},{"player":3,"type":"F","amount":0,"street":0},{"player":4,"type":"C","amount":50000,"street":0},{"player":5,"type":"R","amount":855000,"street":0}],"actions":[{"type":"F","amount":0},{"type":"C","amount":755000}],"hands":{"22":{"weight":0.0,"played":[0.0,1.0],"evs":[0.0,2.53629]},"32o":{"weight":0.0,"played":[1.0,0.0],"evs":[0.0,-3.21659]},"42o":{"weight":0.0,"played":[1.0,0.0],"evs":[0.0,-2.91331]},"52o":{"weight":0.0,"played":[1.0,0.0],"evs":[0.0,-2.49444]},"62o":{"weight":0.0,"played":[1.0,0.0],"evs":[0.0,-2.84567]},"72o":{"weight":0.0,"played":[1.0,0.0],"evs":[0.0,-2.88227]},"82o":{"weight":0.0,"played":[1.0,0.0],"evs":[0.0,-2.69021]},"92o":{"weight":0.0,"played":[1.0,0.0],"evs":[0.0,-2.43073]},"T2o":{"weight":0.0,"played":[1.0,0.0],"evs":[0.0,-1.92386]},"J2o":{"weight":0.0,"played":[1.0,0.0],"evs":[0.0,-1.24492]},"Q2o":{"weight":0.9076,"played":[1.0,0.0],"evs":[0.0,-0.10625]},"K2o":{"weight":0.0,"played":[0.0,1.0],"evs":[0.0,1.7596]},"A2o":{"weight":0.0,"played":[0.0,1.0],"evs":[0.0,4.09235]},"32s":{"weight":0.0,"played":[1.0,0.0],"evs":[0.0,-2.18865]},"33":{"weight":1.0E-4,"played":[0.0,1.0],"evs":[0.0,3.51575]},"43o":{"weight":0.0,"played":[1.0,0.0],"evs":[0.0,-2.38035]},"53o":{"weight":0.0,"played":[1.0,0.0],"evs":[0.0,-2.01953]},"63o":{"weight":0.0,"played":[1.0,0.0],"evs":[0.0,-2.33787]},"73o":{"weight":0.0,"played":[1.0,0.0],"evs":[0.0,-2.37359]},"83o":{"weight":0.0,"played":[1.0,0.0],"evs":[0.0,-2.52985]},"93o":{"weight":0.0,"played":[1.0,0.0],"evs":[0.0,-2.20579]},"T3o":{"weight":0.0,"played":[1.0,0.0],"evs":[0.0,-1.70428]},"J3o":{"weight":0.0,"played":[1.0,0.0],"evs":[0.0,-1.01222]},"Q3o":{"weight":0.0071,"played":[7.0E-4,0.9993],"evs":[0.0,0.15481]},"K3o":{"weight":0.0,"played":[0.0,1.0],"evs":[0.0,2.0181]},"A3o":{"weight":0.0,"played":[0.0,1.0],"evs":[0.0,4.36784]},"42s":{"weight":0.0,"played":[1.0,0.0],"evs":[0.0,-1.87549]},"43s":{"weight":0.0,"played":[1.0,0.0],"evs":[0.0,-1.38447]},"44":{"weight":0.1018,"played":[0.0,1.0],"evs":[0.0,4.58691]},"54o":{"weight":0.0,"played":[1.0,0.0],"evs":[0.0,-1.4486]},"64o":{"weight":0.0,"played":[1.0,0.0],"evs":[0.0,-1.75956]},"74o":{"weight":0.0,"played":[1.0,0.0],"evs":[0.0,-1.81465]},"84o":{"weight":0.0,"played":[1.0,0.0],"evs":[0.0,-1.95831]},"94o":{"weight":0.0,"played":[1.0,0.0],"evs":[0.0,-2.0012]},"T4o":{"weight":0.0,"played":[1.0,0.0],"evs":[0.0,-1.44206]},"J4o":{"weight":1.0E-4,"played":[1.0,0.0],"evs":[0.0,-0.74703]},"Q4o":{"weight":0.0,"played":[0.0,1.0],"evs":[0.0,0.3998]},"K4o":{"weight":0.0,"played":[0.0,1.0],"evs":[0.0,2.27822]},"A4o":{"weight":0.0,"played":[0.0,1.0],"evs":[0.0,4.59839]},"52s":{"weight":0.0,"played":[1.0,0.0],"evs":[0.0,-1.53488]},"53s":{"weight":0.8006,"played":[1.0,0.0],"evs":[0.0,-1.06592]},"54s":{"weight":1.0,"played":[1.0,0.0],"evs":[0.0,-0.54388]},"55":{"weight":0.1518,"played":[0.0,1.0],"evs":[0.0,5.25455]},"65o":{"weight":0.0,"played":[1.0,0.0],"evs":[0.0,-1.10533]},"75o":{"weight":0.0,"played":[1.0,0.0],"evs":[0.0,-1.13766]},"85o":{"weight":0.0,"played":[1.0,0.0],"evs":[0.0,-1.2621]},"95o":{"weight":0.0,"played":[1.0,0.0],"evs":[0.0,-1.30638]},"T5o":{"weight":0.0,"played":[1.0,0.0],"evs":[0.0,-1.07352]},"J5o":{"weight":0.949,"played":[1.0,0.0],"evs":[0.0,-0.37325]},"Q5o":{"weight":0.0,"played":[0.0,1.0],"evs":[0.0,0.74268]},"K5o":{"weight":0.0,"played":[0.0,1.0],"evs":[0.0,2.51075]},"A5o":{"weight":0.0,"played":[0.0,1.0],"evs":[0.0,4.70073]},"62s":{"weight":0.0,"played":[1.0,0.0],"evs":[0.0,-1.81709]},"63s":{"weight":0.0,"played":[1.0,0.0],"evs":[0.0,-1.37]},"64s":{"weight":0.9999,"played":[1.0,0.0],"evs":[0.0,-0.82973]},"65s":{"weight":1.0,"played":[1.0,0.0],"evs":[0.0,-0.18784]},"66":{"weight":0.3617,"played":[0.0,1.0],"evs":[0.0,5.75005]},"76o":{"weight":0.0,"played":[1.0,0.0],"evs":[0.0,-0.7743]},"86o":{"weight":0.0,"played":[1.0,0.0],"evs":[0.0,-0.88685]},"96o":{"weight":0.0,"played":[1.0,0.0],"evs":[0.0,-0.93154]},"T6o":{"weight":0.2462,"played":[1.0,0.0],"evs":[0.0,-0.66807]},"J6o":{"weight":1.0,"played":[1.0,0.0],"evs":[0.0,-0.29676]},"Q6o":{"weight":0.0,"played":[0.0,1.0],"evs":[0.0,0.96482]},"K6o":{"weight":0.0,"played":[0.0,1.0],"evs":[0.0,2.73524]},"A6o":{"weight":0.0,"played":[0.0,1.0],"evs":[0.0,4.73808]},"72s":{"weight":0.0,"played":[1.0,0.0],"evs":[0.0,-1.86072]},"73s":{"weight":0.0,"played":[1.0,0.0],"evs":[0.0,-1.38822]},"74s":{"weight":0.0056,"played":[1.0,0.0],"evs":[0.0,-0.8416]},"75s":{"weight":1.0,"played":[1.0,0.0],"evs":[0.0,-0.2396]},"76s":{"weight":0.9998,"played":[1.0E-4,0.9999],"evs":[0.0,0.11041]},"77":{"weight":0.3173,"played":[0.0,1.0],"evs":[0.0,6.22662]},"87o":{"weight":1.0,"played":[1.0,0.0],"evs":[0.0,-0.40637]},"97o":{"weight":1.0,"played":[1.0,0.0],"evs":[0.0,-0.43416]},"T7o":{"weight":1.0,"played":[1.0,0.0],"evs":[0.0,-0.13602]},"J7o":{"weight":5.0E-4,"played":[0.0,1.0],"evs":[0.0,0.26406]},"Q7o":{"weight":0.0,"played":[0.0,1.0],"evs":[0.0,1.35865]},"K7o":{"weight":0.0,"played":[0.0,1.0],"evs":[0.0,3.12388]},"A7o":{"weight":0.0,"played":[0.0,1.0],"evs":[0.0,5.08874]},"82s":{"weight":0.0,"played":[1.0,0.0],"evs":[0.0,-1.68845]},"83s":{"weight":0.0,"played":[1.0,0.0],"evs":[0.0,-1.56963]},"84s":{"weight":0.0,"played":[1.0,0.0],"evs":[0.0,-1.01152]},"85s":{"weight":1.0,"played":[1.0,0.0],"evs":[0.0,-0.36087]},"86s":{"weight":0.992,"played":[0.8604,0.1396],"evs":[0.0,-0.01144]},"87s":{"weight":0.9957,"played":[0.0,1.0],"evs":[0.0,0.42842]},"88":{"weight":0.3088,"played":[0.0,1.0],"evs":[0.0,6.7067]},"98o":{"weight":0.7461,"played":[0.9575,0.0425],"evs":[0.0,-0.03675]},"T8o":{"weight":1.0E-4,"played":[0.0,1.0],"evs":[0.0,0.30464]},"J8o":{"weight":0.0,"played":[0.0,1.0],"evs":[0.0,0.75829]},"Q8o":{"weight":0.0,"played":[0.0,1.0],"evs":[0.0,2.00494]},"K8o":{"weight":0.0,"played":[0.0,1.0],"evs":[0.0,3.47119]},"A8o":{"weight":0.0,"played":[0.0,1.0],"evs":[0.0,5.46655]},"92s":{"weight":0.0,"played":[1.0,0.0],"evs":[0.0,-1.4558]},"93s":{"weight":0.0,"played":[1.0,0.0],"evs":[0.0,-1.26107]},"94s":{"weight":0.7165,"played":[1.0,0.0],"evs":[0.0,-1.04807]},"95s":{"weight":1.0,"played":[1.0,0.0],"evs":[0.0,-0.38942]},"96s":{"weight":0.0023,"played":[0.9919,0.0081],"evs":[0.0,-0.05055]},"97s":{"weight":0.4377,"played":[0.0,1.0],"evs":[0.0,0.40845]},"98s":{"weight":0.0029,"played":[0.0,1.0],"evs":[0.0,0.79646]},"99":{"weight":0.9996,"played":[0.0,1.0],"evs":[0.0,7.10204]},"T9o":{"weight":0.0,"played":[0.0,1.0],"evs":[0.0,0.86657]},"J9o":{"weight":0.0,"played":[0.0,1.0],"evs":[0.0,1.30919]},"Q9o":{"weight":0.0,"played":[0.0,1.0],"evs":[0.0,2.62519]},"K9o":{"weight":0.0,"played":[0.0,1.0],"evs":[0.0,4.1165]},"A9o":{"weight":0.0,"played":[0.0,1.0],"evs":[0.0,5.80948]},"T2s":{"weight":1.0,"played":[1.0,0.0],"evs":[0.0,-0.98193]},"T3s":{"weight":1.0,"played":[1.0,0.0],"evs":[0.0,-0.76514]},"T4s":{"weight":1.0,"played":[1.0,0.0],"evs":[0.0,-0.52196]},"T5s":{"weight":1.0,"played":[1.0,0.0],"evs":[0.0,-0.19505]},"T6s":{"weight":1.0E-4,"played":[0.0,1.0],"evs":[0.0,0.20766]},"T7s":{"weight":0.4556,"played":[0.0,1.0],"evs":[0.0,0.70766]},"T8s":{"weight":0.0562,"played":[0.0,1.0],"evs":[0.0,1.0957]},"T9s":{"weight":0.4422,"played":[0.0,1.0],"evs":[0.0,1.61809]},"TT":{"weight":1.0,"played":[0.0,1.0],"evs":[0.0,7.58035]},"JTo":{"weight":0.0,"played":[0.0,1.0],"evs":[0.0,2.03704]},"QTo":{"weight":0.0,"played":[0.0,1.0],"evs":[0.0,3.39888]},"KTo":{"weight":0.0,"played":[0.0,1.0],"evs":[0.0,4.91796]},"ATo":{"weight":0.0,"played":[0.0,1.0],"evs":[0.0,6.5469]},"J2s":{"weight":1.0,"played":[1.0,0.0],"evs":[0.0,-0.33534]},"J3s":{"weight":1.0,"played":[1.0,0.0],"evs":[0.0,-0.12588]},"J4s":{"weight":0.6207,"played":[1.0E-4,0.9999],"evs":[0.0,0.11428]},"J5s":{"weight":0.1097,"played":[0.0,1.0],"evs":[0.0,0.43946]},"J6s":{"weight":0.9731,"played":[0.0,1.0],"evs":[0.0,0.55089]},"J7s":{"weight":0.991,"played":[0.0,1.0],"evs":[0.0,1.07476]},"J8s":{"weight":0.2712,"played":[0.0,1.0],"evs":[0.0,1.50058]},"J9s":{"weight":0.8492,"played":[0.0,1.0],"evs":[0.0,2.04662]},"JTs":{"weight":0.9189,"played":[0.0,1.0],"evs":[0.0,2.71047]},"JJ":{"weight":1.0,"played":[0.0,1.0],"evs":[0.0,8.05901]},"QJo":{"weight":0.0,"played":[0.0,1.0],"evs":[0.0,3.51232]},"KJo":{"weight":0.0,"played":[0.0,1.0],"evs":[0.0,5.09797]},"AJo":{"weight":0.0,"played":[0.0,1.0],"evs":[0.0,6.76656]},"Q2s":{"weight":5.0E-4,"played":[0.0,1.0],"evs":[0.0,0.70859]},"Q3s":{"weight":0.0012,"played":[0.0,1.0],"evs":[0.0,0.95936]},"Q4s":{"weight":0.0,"played":[0.0,1.0],"evs":[0.0,1.20318]},"Q5s":{"weight":0.0,"played":[0.0,1.0],"evs":[0.0,1.50944]},"Q6s":{"weight":0.0,"played":[0.0,1.0],"evs":[0.0,1.74556]},"Q7s":{"weight":0.0,"played":[0.0,1.0],"evs":[0.0,2.10106]},"Q8s":{"weight":0.0,"played":[0.0,1.0],"evs":[0.0,2.69595]},"Q9s":{"weight":0.0,"played":[0.0,1.0],"evs":[0.0,3.24863]},"QTs":{"weight":2.0E-4,"played":[0.0,1.0],"evs":[0.0,3.9807]},"QJs":{"weight":0.076,"played":[0.0,1.0],"evs":[0.0,4.09747]},"QQ":{"weight":1.0,"played":[0.0,1.0],"evs":[0.0,9.06474]},"KQo":{"weight":0.0,"played":[0.0,1.0],"evs":[0.0,5.52773]},"AQo":{"weight":0.0,"played":[0.0,1.0],"evs":[0.0,7.26839]},"K2s":{"weight":0.0,"played":[0.0,1.0],"evs":[0.0,2.45802]},"K3s":{"weight":0.0,"played":[0.0,1.0],"evs":[0.0,2.73831]},"K4s":{"weight":0.0,"played":[0.0,1.0],"evs":[0.0,2.95235]},"K5s":{"weight":0.0,"played":[0.0,1.0],"evs":[0.0,3.18554]},"K6s":{"weight":0.0,"played":[0.0,1.0],"evs":[0.0,3.38236]},"K7s":{"weight":0.0,"played":[0.0,1.0],"evs":[0.0,3.74023]},"K8s":{"weight":0.0,"played":[0.0,1.0],"evs":[0.0,4.06038]},"K9s":{"weight":0.0,"played":[0.0,1.0],"evs":[0.0,4.68145]},"KTs":{"weight":0.0,"played":[0.0,1.0],"evs":[0.0,5.39254]},"KJs":{"weight":0.0,"played":[0.0,1.0],"evs":[0.0,5.57537]},"KQs":{"weight":0.0,"played":[0.0,1.0],"evs":[0.0,5.96163]},"KK":{"weight":1.0,"played":[0.0,1.0],"evs":[0.0,10.32806]},"AKo":{"weight":0.0,"played":[0.0,1.0],"evs":[0.0,7.6105]},"A2s":{"weight":0.0,"played":[0.0,1.0],"evs":[0.0,4.6463]},"A3s":{"weight":0.0,"played":[0.0,1.0],"evs":[0.0,4.90224]},"A4s":{"weight":0.0,"played":[0.0,1.0],"evs":[0.0,5.13263]},"A5s":{"weight":0.0,"played":[0.0,1.0],"evs":[0.0,5.19317]},"A6s":{"weight":0.0,"played":[0.0,1.0],"evs":[0.0,5.24838]},"A7s":{"weight":0.0,"played":[0.0,1.0],"evs":[0.0,5.56091]},"A8s":{"weight":0.0,"played":[0.0,1.0],"evs":[0.0,5.90434]},"A9s":{"weight":0.0,"played":[0.0,1.0],"evs":[0.0,6.21676]},"ATs":{"weight":0.0,"played":[0.0,1.0],"evs":[0.0,6.90456]},"AJs":{"weight":0.0,"played":[0.0,1.0],"evs":[0.0,7.14704]},"AQs":{"weight":0.0,"played":[0.0,1.0],"evs":[0.0,7.56893]},"AKs":{"weight":0.0,"played":[0.0,1.0],"evs":[0.0,7.90898]},"AA":{"weight":1.0,"played":[0.0,1.0],"evs":[0.0,11.78001]}}}