{"player":4,"street":0,"children":2,"sequence":[{"player":0,"type":"R","amount":955000,"street":0},{"player":1,"type":"C","amount":955000,"street":0},{"player":2,"type":"F","amount":0,"street":0},{"player":3,"type":"C","amount":955000,"street":0}],"actions":[{"type":"F","amount":0,"node":82},{"type":"C","amount":805000,"node":84}],"hands":{"22":{"weight":1.0,"played":[1.0,0.0],"evs":[0.0,-1.35252]},"32o":{"weight":1.0,"played":[1.0,0.0],"evs":[0.0,-4.26612]},"42o":{"weight":1.0,"played":[1.0,0.0],"evs":[0.0,-3.92258]},"52o":{"weight":1.0,"played":[1.0,0.0],"evs":[0.0,-3.80984]},"62o":{"weight":1.0,"played":[1.0,0.0],"evs":[0.0,-4.23202]},"72o":{"weight":1.0,"played":[1.0,0.0],"evs":[0.0,-4.94093]},"82o":{"weight":1.0,"played":[1.0,0.0],"evs":[0.0,-4.82997]},"92o":{"weight":1.0,"played":[1.0,0.0],"evs":[0.0,-5.03639]},"T2o":{"weight":1.0,"played":[1.0,0.0],"evs":[0.0,-5.00703]},"J2o":{"weight":1.0,"played":[1.0,0.0],"evs":[0.0,-5.15318]},"Q2o":{"weight":1.0,"played":[1.0,0.0],"evs":[0.0,-4.74229]},"K2o":{"weight":1.0,"played":[1.0,0.0],"evs":[0.0,-4.39893]},"A2o":{"weight":1.0,"played":[1.0,0.0],"evs":[0.0,-4.13824]},"32s":{"weight":1.0,"played":[1.0,0.0],"evs":[0.0,-2.43463]},"33":{"weight":1.0,"played":[0.9999,1.0E-4],"evs":[0.0,-1.16642]},"43o":{"weight":1.0,"played":[1.0,0.0],"evs":[0.0,-3.22569]},"53o":{"weight":1.0,"played":[1.0,0.0],"evs":[0.0,-2.95755]},"63o":{"weight":1.0,"played":[1.0,0.0],"evs":[0.0,-3.44782]},"73o":{"weight":1.0,"played":[1.0,0.0],"evs":[0.0,-4.17061]},"83o":{"weight":1.0,"played":[1.0,0.0],"evs":[0.0,-4.80294]},"93o":{"weight":1.0,"played":[1.0,0.0],"evs":[0.0,-4.88726]},"T3o":{"weight":1.0,"played":[1.0,0.0],"evs":[0.0,-4.8785]},"J3o":{"weight":1.0,"played":[1.0,0.0],"evs":[0.0,-4.99732]},"Q3o":{"weight":1.0,"played":[1.0,0.0],"evs":[0.0,-4.52374]},"K3o":{"weight":1.0,"played":[1.0,0.0],"evs":[0.0,-4.254]},"A3o":{"weight":1.0,"played":[1.0,0.0],"evs":[0.0,-3.78105]},"42s":{"weight":1.0,"played":[1.0,0.0],"evs":[0.0,-2.04967]},"43s":{"weight":1.0,"played":[1.0,0.0],"evs":[0.0,-1.37224]},"44":{"weight":1.0,"played":[0.9998,2.0E-4],"evs":[0.0,-0.45386]},"54o":{"weight":1.0,"played":[1.0,0.0],"evs":[0.0,-2.24825]},"64o":{"weight":1.0,"played":[1.0,0.0],"evs":[0.0,-2.56709]},"74o":{"weight":1.0,"played":[1.0,0.0],"evs":[0.0,-3.35246]},"84o":{"weight":1.0,"played":[1.0,0.0],"evs":[0.0,-3.98119]},"94o":{"weight":1.0,"played":[1.0,0.0],"evs":[0.0,-4.71884]},"T4o":{"weight":1.0,"played":[1.0,0.0],"evs":[0.0,-4.57657]},"J4o":{"weight":1.0,"played":[1.0,0.0],"evs":[0.0,-4.78345]},"Q4o":{"weight":1.0,"played":[1.0,0.0],"evs":[0.0,-4.30031]},"K4o":{"weight":1.0,"played":[1.0,0.0],"evs":[0.0,-3.97424]},"A4o":{"weight":1.0,"played":[1.0,0.0],"evs":[0.0,-3.56298]},"52s":{"weight":1.0,"played":[1.0,0.0],"evs":[0.0,-2.00301]},"53s":{"weight":1.0,"played":[1.0,0.0],"evs":[0.0,-1.03504]},"54s":{"weight":1.0,"played":[0.9994,6.0E-4],"evs":[0.0,-0.41415]},"55":{"weight":1.0,"played":[0.2029,0.7971],"evs":[0.0,-0.00728]},"65o":{"weight":1.0,"played":[1.0,0.0],"evs":[0.0,-1.93709]},"75o":{"weight":1.0,"played":[1.0,0.0],"evs":[0.0,-2.48483]},"85o":{"weight":1.0,"played":[1.0,0.0],"evs":[0.0,-3.22527]},"95o":{"weight":1.0,"played":[1.0,0.0],"evs":[0.0,-4.03539]},"T5o":{"weight":1.0,"played":[1.0,0.0],"evs":[0.0,-4.46039]},"J5o":{"weight":1.0,"played":[1.0,0.0],"evs":[0.0,-4.58878]},"Q5o":{"weight":1.0,"played":[1.0,0.0],"evs":[0.0,-4.14575]},"K5o":{"weight":1.0,"played":[1.0,0.0],"evs":[0.0,-3.79031]},"A5o":{"weight":1.0,"played":[1.0,0.0],"evs":[0.0,-3.15773]},"62s":{"weight":1.0,"played":[1.0,0.0],"evs":[0.0,-2.43889]},"63s":{"weight":1.0,"played":[1.0,0.0],"evs":[0.0,-1.75247]},"64s":{"weight":1.0,"played":[0.9998,2.0E-4],"evs":[0.0,-0.82161]},"65s":{"weight":1.0,"played":[0.7021,0.2979],"evs":[0.0,-0.10958]},"66":{"weight":1.0,"played":[0.0284,0.9716],"evs":[0.0,0.61176]},"76o":{"weight":1.0,"played":[1.0,0.0],"evs":[0.0,-2.00381]},"86o":{"weight":1.0,"played":[1.0,0.0],"evs":[0.0,-2.47]},"96o":{"weight":1.0,"played":[1.0,0.0],"evs":[0.0,-3.20729]},"T6o":{"weight":1.0,"played":[1.0,0.0],"evs":[0.0,-3.7626]},"J6o":{"weight":1.0,"played":[1.0,0.0],"evs":[0.0,-4.49038]},"Q6o":{"weight":1.0,"played":[1.0,0.0],"evs":[0.0,-3.96082]},"K6o":{"weight":1.0,"played":[1.0,0.0],"evs":[0.0,-3.53109]},"A6o":{"weight":1.0,"played":[1.0,0.0],"evs":[0.0,-3.73372]},"72s":{"weight":1.0,"played":[1.0,0.0],"evs":[0.0,-2.9804]},"73s":{"weight":1.0,"played":[1.0,0.0],"evs":[0.0,-2.35792]},"74s":{"weight":1.0,"played":[1.0,0.0],"evs":[0.0,-1.47797]},"75s":{"weight":1.0,"played":[0.9998,2.0E-4],"evs":[0.0,-0.67192]},"76s":{"weight":1.0,"played":[0.8913,0.1087],"evs":[0.0,-0.22911]},"77":{"weight":1.0,"played":[0.0,1.0],"evs":[0.0,1.0665]},"87o":{"weight":1.0,"played":[1.0,0.0],"evs":[0.0,-2.16069]},"97o":{"weight":1.0,"played":[1.0,0.0],"evs":[0.0,-2.65774]},"T7o":{"weight":1.0,"played":[1.0,0.0],"evs":[0.0,-3.09151]},"J7o":{"weight":1.0,"played":[1.0,0.0],"evs":[0.0,-3.89998]},"Q7o":{"weight":1.0,"played":[1.0,0.0],"evs":[0.0,-3.91955]},"K7o":{"weight":1.0,"played":[1.0,0.0],"evs":[0.0,-3.56194]},"A7o":{"weight":1.0,"played":[1.0,0.0],"evs":[0.0,-3.4915]},"82s":{"weight":1.0,"played":[1.0,0.0],"evs":[0.0,-2.92873]},"83s":{"weight":1.0,"played":[1.0,0.0],"evs":[0.0,-2.89582]},"84s":{"weight":1.0,"played":[1.0,0.0],"evs":[0.0,-2.0681]},"85s":{"weight":1.0,"played":[1.0,0.0],"evs":[0.0,-1.32712]},"86s":{"weight":1.0,"played":[0.9999,1.0E-4],"evs":[0.0,-0.61007]},"87s":{"weight":1.0,"played":[0.9995,5.0E-4],"evs":[0.0,-0.35254]},"88":{"weight":1.0,"played":[0.0,1.0],"evs":[0.0,1.71114]},"98o":{"weight":1.0,"played":[1.0,0.0],"evs":[0.0,-2.34012]},"T8o":{"weight":1.0,"played":[1.0,0.0],"evs":[0.0,-2.68246]},"J8o":{"weight":1.0,"played":[1.0,0.0],"evs":[0.0,-3.44358]},"Q8o":{"weight":1.0,"played":[1.0,0.0],"evs":[0.0,-3.53766]},"K8o":{"weight":1.0,"played":[1.0,0.0],"evs":[0.0,-3.4365]},"A8o":{"weight":1.0,"played":[1.0,0.0],"evs":[0.0,-3.10648]},"92s":{"weight":1.0,"played":[1.0,0.0],"evs":[0.0,-2.99295]},"93s":{"weight":1.0,"played":[1.0,0.0],"evs":[0.0,-2.72302]},"94s":{"weight":1.0,"played":[1.0,0.0],"evs":[0.0,-2.62306]},"95s":{"weight":1.0,"played":[1.0,0.0],"evs":[0.0,-1.9704]},"96s":{"weight":1.0,"played":[1.0,0.0],"evs":[0.0,-1.32879]},"97s":{"weight":1.0,"played":[0.9995,5.0E-4],"evs":[0.0,-0.77486]},"98s":{"weight":1.0,"played":[0.7404,0.2596],"evs":[0.0,-0.41934]},"99":{"weight":1.0,"played":[0.0,1.0],"evs":[0.0,2.57003]},"T9o":{"weight":1.0,"played":[1.0,0.0],"evs":[0.0,-2.2967]},"J9o":{"weight":1.0,"played":[1.0,0.0],"evs":[0.0,-2.89533]},"Q9o":{"weight":1.0,"played":[1.0,0.0],"evs":[0.0,-3.06312]},"K9o":{"weight":1.0,"played":[1.0,0.0],"evs":[0.0,-2.86458]},"A9o":{"weight":1.0,"played":[1.0,0.0],"evs":[0.0,-2.75369]},"T2s":{"weight":1.0,"played":[1.0,0.0],"evs":[0.0,-3.02413]},"T3s":{"weight":1.0,"played":[1.0,0.0],"evs":[0.0,-2.86118]},"T4s":{"weight":1.0,"played":[1.0,0.0],"evs":[0.0,-2.58954]},"T5s":{"weight":1.0,"played":[1.0,0.0],"evs":[0.0,-2.60129]},"T6s":{"weight":1.0,"played":[1.0,0.0],"evs":[0.0,-1.73143]},"T7s":{"weight":1.0,"played":[1.0,0.0],"evs":[0.0,-1.30575]},"T8s":{"weight":1.0,"played":[1.0,0.0],"evs":[0.0,-0.79091]},"T9s":{"weight":1.0,"played":[0.5605,0.4395],"evs":[0.0,-0.34761]},"TT":{"weight":1.0,"played":[0.0,1.0],"evs":[0.0,4.00239]},"JTo":{"weight":1.0,"played":[1.0,0.0],"evs":[0.0,-2.09726]},"QTo":{"weight":1.0,"played":[1.0,0.0],"evs":[0.0,-2.07229]},"KTo":{"weight":1.0,"played":[1.0,0.0],"evs":[0.0,-2.0129]},"ATo":{"weight":1.0,"played":[1.0,0.0],"evs":[0.0,-1.46027]},"J2s":{"weight":1.0,"played":[1.0,0.0],"evs":[0.0,-3.18826]},"J3s":{"weight":1.0,"played":[1.0,0.0],"evs":[0.0,-2.95279]},"J4s":{"weight":1.0,"played":[1.0,0.0],"evs":[0.0,-2.54594]},"J5s":{"weight":1.0,"played":[1.0,0.0],"evs":[0.0,-2.52783]},"J6s":{"weight":1.0,"played":[1.0,0.0],"evs":[0.0,-2.33801]},"J7s":{"weight":1.0,"played":[0.9999,1.0E-4],"evs":[0.0,-1.791]},"J8s":{"weight":1.0,"played":[1.0,0.0],"evs":[0.0,-1.45395]},"J9s":{"weight":1.0,"played":[0.9931,0.0069],"evs":[0.0,-1.00164]},"JTs":{"weight":1.0,"played":[0.4981,0.5019],"evs":[0.0,-0.25127]},"JJ":{"weight":1.0,"played":[0.0,1.0],"evs":[0.0,6.20281]},"QJo":{"weight":1.0,"played":[1.0,0.0],"evs":[0.0,-1.89968]},"KJo":{"weight":1.0,"played":[0.9996,4.0E-4],"evs":[0.0,-1.30791]},"AJo":{"weight":1.0,"played":[0.9935,0.0065],"evs":[0.0,-0.34345]},"Q2s":{"weight":1.0,"played":[1.0,0.0],"evs":[0.0,-2.70571]},"Q3s":{"weight":1.0,"played":[1.0,0.0],"evs":[0.0,-2.55299]},"Q4s":{"weight":1.0,"played":[1.0,0.0],"evs":[0.0,-2.17192]},"Q5s":{"weight":1.0,"played":[1.0,0.0],"evs":[0.0,-1.99453]},"Q6s":{"weight":1.0,"played":[1.0,0.0],"evs":[0.0,-1.80489]},"Q7s":{"weight":1.0,"played":[1.0,0.0],"evs":[0.0,-1.7395]},"Q8s":{"weight":1.0,"played":[1.0,0.0],"evs":[0.0,-1.43499]},"Q9s":{"weight":1.0,"played":[0.9997,3.0E-4],"evs":[0.0,-1.00927]},"QTs":{"weight":1.0,"played":[0.5334,0.4666],"evs":[0.0,-0.26653]},"QJs":{"weight":1.0,"played":[0.0109,0.9891],"evs":[0.0,0.05132]},"QQ":{"weight":1.0,"played":[0.0,1.0],"evs":[0.0,9.73392]},"KQo":{"weight":1.0,"played":[0.7634,0.2366],"evs":[0.0,-0.16492]},"AQo":{"weight":1.0,"played":[0.0,1.0],"evs":[0.0,1.1243]},"K2s":{"weight":1.0,"played":[1.0,0.0],"evs":[0.0,-2.11406]},"K3s":{"weight":1.0,"played":[1.0,0.0],"evs":[0.0,-2.14691]},"K4s":{"weight":1.0,"played":[1.0,0.0],"evs":[0.0,-1.94469]},"K5s":{"weight":1.0,"played":[1.0,0.0],"evs":[0.0,-1.62141]},"K6s":{"weight":1.0,"played":[1.0,0.0],"evs":[0.0,-1.4793]},"K7s":{"weight":1.0,"played":[1.0,0.0],"evs":[0.0,-1.30816]},"K8s":{"weight":1.0,"played":[1.0,0.0],"evs":[0.0,-1.31863]},"K9s":{"weight":1.0,"played":[0.9946,0.0054],"evs":[0.0,-0.88032]},"KTs":{"weight":1.0,"played":[0.2843,0.7157],"evs":[0.0,-0.05319]},"KJs":{"weight":1.0,"played":[0.0,1.0],"evs":[0.0,0.66648]},"KQs":{"weight":1.0,"played":[0.0,1.0],"evs":[0.0,1.67846]},"KK":{"weight":1.0,"played":[0.0,1.0],"evs":[0.0,13.78801]},"AKo":{"weight":1.0,"played":[0.0,1.0],"evs":[0.0,2.81888]},"A2s":{"weight":1.0,"played":[1.0,0.0],"evs":[0.0,-1.72397]},"A3s":{"weight":1.0,"played":[1.0,0.0],"evs":[0.0,-1.50389]},"A4s":{"weight":1.0,"played":[1.0,0.0],"evs":[0.0,-1.24779]},"A5s":{"weight":1.0,"played":[0.9997,3.0E-4],"evs":[0.0,-0.84261]},"A6s":{"weight":1.0,"played":[1.0,0.0],"evs":[0.0,-1.27042]},"A7s":{"weight":1.0,"played":[0.9999,1.0E-4],"evs":[0.0,-1.16267]},"A8s":{"weight":1.0,"played":[1.0,0.0],"evs":[0.0,-0.80336]},"A9s":{"weight":1.0,"played":[0.9933,0.0067],"evs":[0.0,-0.45952]},"ATs":{"weight":1.0,"played":[0.0,1.0],"evs":[0.0,0.67843]},"AJs":{"weight":1.0,"played":[0.0,1.0],"evs":[0.0,1.75689]},"AQs":{"weight":1.0,"played":[0.0,1.0],"evs":[0.0,3.14603]},"AKs":{"weight":1.0,"played":[0.0,1.0],"evs":[0.0,4.63614]},"AA":{"weight":1.0,"played":[0.0,1.0],"evs":[0.0,19.6695]}}}