{"player":5,"street":0,"children":3,"sequence":[{"player":0,"type":"R","amount":955000,"street":0},{"player":1,"type":"C","amount":955000,"street":0},{"player":2,"type":"F","amount":0,"street":0},{"player":3,"type":"C","amount":955000,"street":0},{"player":4,"type":"C","amount":805000,"street":0}],"actions":[{"type":"F","amount":0},{"type":"C","amount":855000},{"type":"R","amount":1145000,"node":85}],"hands":{"22":{"weight":1.0,"played":[6.0E-4,0.0226,0.9768],"evs":[0.0,2.16873,2.18721]},"32o":{"weight":1.0,"played":[0.9999,0.0,0.0],"evs":[0.0,-1.93566,-1.96756]},"42o":{"weight":1.0,"played":[0.9991,4.0E-4,4.0E-4],"evs":[0.0,-1.51274,-1.59843]},"52o":{"weight":1.0,"played":[1.0,0.0,0.0],"evs":[0.0,-1.57504,-1.62902]},"62o":{"weight":1.0,"played":[1.0,0.0,0.0],"evs":[0.0,-2.00211,-2.04819]},"72o":{"weight":1.0,"played":[0.9999,0.0,1.0E-4],"evs":[0.0,-3.02122,-3.06725]},"82o":{"weight":1.0,"played":[0.9998,1.0E-4,1.0E-4],"evs":[0.0,-3.16483,-3.2005]},"92o":{"weight":1.0,"played":[1.0,0.0,0.0],"evs":[0.0,-3.50458,-3.54092]},"T2o":{"weight":1.0,"played":[1.0,0.0,0.0],"evs":[0.0,-3.60597,-3.58911]},"J2o":{"weight":1.0,"played":[1.0,0.0,0.0],"evs":[0.0,-4.05735,-4.05049]},"Q2o":{"weight":1.0,"played":[1.0,0.0,0.0],"evs":[0.0,-3.47139,-3.47404]},"K2o":{"weight":1.0,"played":[1.0,0.0,0.0],"evs":[0.0,-2.40706,-2.40665]},"A2o":{"weight":1.0,"played":[1.0,0.0,0.0],"evs":[0.0,-1.65737,-1.65441]},"32s":{"weight":1.0,"played":[0.0,0.9567,0.0433],"evs":[0.0,1.05756,1.00735]},"33":{"weight":1.0,"played":[1.0E-4,2.0E-4,0.9996],"evs":[0.0,2.62762,2.64377]},"43o":{"weight":1.0,"played":[0.9998,0.0,2.0E-4],"evs":[0.0,-0.47575,-0.50973]},"53o":{"weight":1.0,"played":[0.9598,0.0272,0.0131],"evs":[0.0,-0.17961,-0.23693]},"63o":{"weight":1.0,"played":[0.9987,6.0E-4,7.0E-4],"evs":[0.0,-1.23295,-1.29867]},"73o":{"weight":1.0,"played":[1.0,0.0,0.0],"evs":[0.0,-2.06559,-2.09006]},"83o":{"weight":1.0,"played":[1.0,0.0,0.0],"evs":[0.0,-3.45685,-3.54353]},"93o":{"weight":1.0,"played":[0.9999,0.0,0.0],"evs":[0.0,-3.55187,-3.57847]},"T3o":{"weight":1.0,"played":[0.9998,0.0,1.0E-4],"evs":[0.0,-3.4262,-3.42596]},"J3o":{"weight":1.0,"played":[1.0,0.0,0.0],"evs":[0.0,-4.3317,-4.32466]},"Q3o":{"weight":1.0,"played":[1.0,0.0,0.0],"evs":[0.0,-3.58893,-3.57586]},"K3o":{"weight":1.0,"played":[1.0,0.0,0.0],"evs":[0.0,-2.74122,-2.72795]},"A3o":{"weight":1.0,"played":[0.9996,1.0E-4,2.0E-4],"evs":[0.0,-1.58905,-1.58364]},"42s":{"weight":1.0,"played":[0.0638,0.6488,0.2873],"evs":[0.0,1.04696,0.98623]},"43s":{"weight":1.0,"played":[1.0E-4,0.3139,0.686],"evs":[0.0,1.95093,1.95054]},"44":{"weight":1.0,"played":[1.0E-4,0.0577,0.9423],"evs":[0.0,3.25754,3.26367]},"54o":{"weight":1.0,"played":[0.0257,0.8225,0.1518],"evs":[0.0,1.0432,0.99075]},"64o":{"weight":1.0,"played":[0.1629,0.6893,0.1479],"evs":[0.0,0.58173,0.53294]},"74o":{"weight":1.0,"played":[0.9998,0.0,1.0E-4],"evs":[0.0,-0.92113,-0.95616]},"84o":{"weight":1.0,"played":[0.9999,0.0,1.0E-4],"evs":[0.0,-1.96044,-1.98121]},"94o":{"weight":1.0,"played":[0.9999,0.0,0.0],"evs":[0.0,-2.99613,-2.98847]},"T4o":{"weight":1.0,"played":[1.0,0.0,0.0],"evs":[0.0,-3.26508,-3.26782]},"J4o":{"weight":1.0,"played":[1.0,0.0,0.0],"evs":[0.0,-3.28076,-3.26558]},"Q4o":{"weight":1.0,"played":[1.0,0.0,0.0],"evs":[0.0,-2.939,-2.92302]},"K4o":{"weight":1.0,"played":[1.0,0.0,0.0],"evs":[0.0,-1.78277,-1.77763]},"A4o":{"weight":1.0,"played":[0.9996,1.0E-4,4.0E-4],"evs":[0.0,-0.92138,-0.91594]},"52s":{"weight":1.0,"played":[0.0,0.5718,0.4281],"evs":[0.0,2.04087,2.0544]},"53s":{"weight":1.0,"played":[0.0,0.9488,0.0512],"evs":[0.0,2.48916,2.45911]},"54s":{"weight":1.0,"played":[0.0,0.9658,0.0342],"evs":[0.0,3.76077,3.72844]},"55":{"weight":1.0,"played":[0.0,1.0E-4,0.9999],"evs":[0.0,3.93934,3.94304]},"65o":{"weight":1.0,"played":[0.0,0.976,0.024],"evs":[0.0,1.70961,1.66251]},"75o":{"weight":1.0,"played":[0.0701,0.7117,0.2183],"evs":[0.0,0.20592,0.16868]},"85o":{"weight":1.0,"played":[0.9926,0.0014,0.006],"evs":[0.0,-0.7583,-0.76355]},"95o":{"weight":1.0,"played":[1.0,0.0,0.0],"evs":[0.0,-1.98964,-1.9639]},"T5o":{"weight":1.0,"played":[1.0,0.0,0.0],"evs":[0.0,-2.8322,-2.83139]},"J5o":{"weight":1.0,"played":[1.0,0.0,0.0],"evs":[0.0,-3.11812,-3.11793]},"Q5o":{"weight":1.0,"played":[1.0,0.0,0.0],"evs":[0.0,-2.67311,-2.65132]},"K5o":{"weight":1.0,"played":[0.9997,1.0E-4,2.0E-4],"evs":[0.0,-1.91222,-1.90839]},"A5o":{"weight":1.0,"played":[0.9958,0.0016,0.0026],"evs":[0.0,-0.76033,-0.75539]},"62s":{"weight":1.0,"played":[0.3113,0.3955,0.2933],"evs":[0.0,-0.07197,-0.11152]},"63s":{"weight":1.0,"played":[7.0E-4,0.9919,0.0074],"evs":[0.0,2.13361,2.09923]},"64s":{"weight":1.0,"played":[0.0,0.8968,0.1032],"evs":[0.0,3.30907,3.284]},"65s":{"weight":1.0,"played":[0.0,0.9741,0.0258],"evs":[0.0,4.05282,4.02011]},"66":{"weight":1.0,"played":[0.0,0.0365,0.9635],"evs":[0.0,5.53404,5.54162]},"76o":{"weight":1.0,"played":[0.0014,0.8674,0.1312],"evs":[0.0,0.79871,0.77666]},"86o":{"weight":1.0,"played":[0.2119,0.3579,0.4302],"evs":[0.0,-0.07209,-0.08102]},"96o":{"weight":1.0,"played":[0.9204,0.0324,0.0473],"evs":[0.0,-0.77542,-0.77045]},"T6o":{"weight":1.0,"played":[1.0,0.0,0.0],"evs":[0.0,-2.01601,-2.01025]},"J6o":{"weight":1.0,"played":[1.0,0.0,0.0],"evs":[0.0,-2.91028,-2.90385]},"Q6o":{"weight":1.0,"played":[0.9999,0.0,1.0E-4],"evs":[0.0,-2.50406,-2.49516]},"K6o":{"weight":1.0,"played":[1.0,0.0,0.0],"evs":[0.0,-1.68286,-1.68106]},"A6o":{"weight":1.0,"played":[0.9991,4.0E-4,6.0E-4],"evs":[0.0,-1.88111,-1.87737]},"72s":{"weight":1.0,"played":[1.0,0.0,0.0],"evs":[0.0,-0.75059,-0.80583]},"73s":{"weight":1.0,"played":[0.0726,0.5827,0.3447],"evs":[0.0,0.31323,0.27838]},"74s":{"weight":1.0,"played":[0.0,0.1581,0.8419],"evs":[0.0,2.00907,2.01969]},"75s":{"weight":1.0,"played":[2.0E-4,0.4471,0.5527],"evs":[0.0,2.8581,2.85107]},"76s":{"weight":1.0,"played":[0.0,0.5383,0.4617],"evs":[0.0,3.77082,3.76086]},"77":{"weight":1.0,"played":[0.0,0.271,0.729],"evs":[0.0,5.99295,5.99056]},"87o":{"weight":1.0,"played":[0.1018,0.4097,0.4886],"evs":[0.0,0.57296,0.56528]},"97o":{"weight":1.0,"played":[0.3328,0.3315,0.3357],"evs":[0.0,-0.16901,-0.17599]},"T7o":{"weight":1.0,"played":[0.9836,0.0049,0.0114],"evs":[0.0,-1.13138,-1.13312]},"J7o":{"weight":1.0,"played":[0.9996,1.0E-4,3.0E-4],"evs":[0.0,-2.06959,-2.06095]},"Q7o":{"weight":1.0,"played":[1.0,0.0,0.0],"evs":[0.0,-2.42073,-2.42194]},"K7o":{"weight":1.0,"played":[0.9998,1.0E-4,1.0E-4],"evs":[0.0,-1.43967,-1.43412]},"A7o":{"weight":1.0,"played":[1.0,0.0,0.0],"evs":[0.0,-1.18952,-1.18169]},"82s":{"weight":1.0,"played":[0.3466,0.4054,0.248],"evs":[0.0,0.0792,0.03252]},"83s":{"weight":1.0,"played":[0.9247,0.0505,0.0248],"evs":[0.0,-0.38898,-0.39278]},"84s":{"weight":1.0,"played":[3.0E-4,0.3808,0.619],"evs":[0.0,0.55303,0.55527]},"85s":{"weight":1.0,"played":[1.0E-4,0.2452,0.7547],"evs":[0.0,2.22274,2.22133]},"86s":{"weight":1.0,"played":[0.0,0.9666,0.0334],"evs":[0.0,2.83459,2.80094]},"87s":{"weight":1.0,"played":[0.0,0.9956,0.0044],"evs":[0.0,3.07559,3.05417]},"88":{"weight":1.0,"played":[0.0,1.0E-4,0.9999],"evs":[0.0,6.84031,6.86253]},"98o":{"weight":1.0,"played":[0.0923,0.3652,0.5426],"evs":[0.0,0.22048,0.22727]},"T8o":{"weight":1.0,"played":[0.6707,0.1185,0.2108],"evs":[0.0,-0.76047,-0.74953]},"J8o":{"weight":1.0,"played":[0.9993,3.0E-4,5.0E-4],"evs":[0.0,-1.56462,-1.55669]},"Q8o":{"weight":1.0,"played":[0.9998,0.0,1.0E-4],"evs":[0.0,-1.87944,-1.8751]},"K8o":{"weight":1.0,"played":[0.9998,0.0,1.0E-4],"evs":[0.0,-1.38266,-1.37517]},"A8o":{"weight":1.0,"played":[0.9955,0.0017,0.0027],"evs":[0.0,-1.09403,-1.08786]},"92s":{"weight":1.0,"played":[0.9803,0.0036,0.0161],"evs":[0.0,-0.71593,-0.71289]},"93s":{"weight":1.0,"played":[0.6375,0.1877,0.1749],"evs":[0.0,-0.25317,-0.26509]},"94s":{"weight":1.0,"played":[0.6666,0.1553,0.178],"evs":[0.0,-0.75797,-0.74927]},"95s":{"weight":1.0,"played":[0.0327,0.3738,0.5934],"evs":[0.0,0.55096,0.56517]},"96s":{"weight":1.0,"played":[4.0E-4,0.0035,0.9961],"evs":[0.0,1.61643,1.63583]},"97s":{"weight":1.0,"played":[0.0,0.2809,0.7191],"evs":[0.0,2.48384,2.46676]},"98s":{"weight":1.0,"played":[0.0,7.0E-4,0.9993],"evs":[0.0,2.96768,2.989]},"99":{"weight":1.0,"played":[0.0,0.0057,0.9943],"evs":[0.0,8.29085,8.2961]},"T9o":{"weight":1.0,"played":[0.3297,0.2203,0.45],"evs":[0.0,-0.25688,-0.2472]},"J9o":{"weight":1.0,"played":[0.6763,0.1174,0.2063],"evs":[0.0,-0.81125,-0.80446]},"Q9o":{"weight":1.0,"played":[0.9154,0.0372,0.0474],"evs":[0.0,-1.08806,-1.08508]},"K9o":{"weight":1.0,"played":[0.9798,0.0015,0.0187],"evs":[0.0,-0.95187,-0.9437]},"A9o":{"weight":1.0,"played":[0.8572,0.0649,0.0779],"evs":[0.0,-0.81669,-0.81078]},"T2s":{"weight":1.0,"played":[0.8494,0.0748,0.0758],"evs":[0.0,-0.74402,-0.73837]},"T3s":{"weight":1.0,"played":[0.9992,2.0E-4,6.0E-4],"evs":[0.0,-0.60629,-0.61497]},"T4s":{"weight":1.0,"played":[0.3472,0.2926,0.3602],"evs":[0.0,-0.05559,-0.04297]},"T5s":{"weight":1.0,"played":[0.2618,0.3548,0.3833],"evs":[0.0,0.12607,0.12198]},"T6s":{"weight":1.0,"played":[3.0E-4,0.1609,0.8388],"evs":[0.0,0.98368,0.99881]},"T7s":{"weight":1.0,"played":[2.0E-4,0.0452,0.9546],"evs":[0.0,2.34308,2.34677]},"T8s":{"weight":1.0,"played":[0.0,0.0671,0.9329],"evs":[0.0,2.43903,2.43882]},"T9s":{"weight":1.0,"played":[5.0E-4,0.0441,0.9554],"evs":[0.0,2.62268,2.62852]},"TT":{"weight":1.0,"played":[0.0,0.0163,0.9837],"evs":[0.0,9.35601,9.36592]},"JTo":{"weight":1.0,"played":[0.4491,0.2072,0.3437],"evs":[0.0,-0.30297,-0.29798]},"QTo":{"weight":1.0,"played":[0.021,0.2831,0.6959],"evs":[0.0,0.22772,0.23406]},"KTo":{"weight":1.0,"played":[7.0E-4,0.1928,0.8065],"evs":[0.0,0.37628,0.37713]},"ATo":{"weight":1.0,"played":[0.002,0.0263,0.9717],"evs":[0.0,0.64035,0.64319]},"J2s":{"weight":1.0,"played":[0.8702,0.0637,0.0661],"evs":[0.0,-0.7141,-0.71881]},"J3s":{"weight":1.0,"played":[0.8787,0.0485,0.0728],"evs":[0.0,-1.12189,-1.12247]},"J4s":{"weight":1.0,"played":[0.4507,0.2601,0.2892],"evs":[0.0,-0.11656,-0.1229]},"J5s":{"weight":1.0,"played":[0.1668,0.3636,0.4695],"evs":[0.0,0.02754,0.0343]},"J6s":{"weight":1.0,"played":[0.1823,0.4067,0.4109],"evs":[0.0,0.1752,0.17166]},"J7s":{"weight":1.0,"played":[0.0532,0.4306,0.5162],"evs":[0.0,0.81643,0.82153]},"J8s":{"weight":1.0,"played":[0.0,0.0185,0.9815],"evs":[0.0,1.49856,1.5046]},"J9s":{"weight":1.0,"played":[0.0011,0.0264,0.9725],"evs":[0.0,1.89293,1.9009]},"JTs":{"weight":1.0,"played":[0.0,3.0E-4,0.9997],"evs":[0.0,2.839,2.84324]},"JJ":{"weight":1.0,"played":[0.0,0.0553,0.9447],"evs":[0.0,13.85817,13.8653]},"QJo":{"weight":1.0,"played":[0.0122,0.3929,0.5949],"evs":[0.0,0.20657,0.21291]},"KJo":{"weight":1.0,"played":[0.0,0.0,1.0],"evs":[0.0,1.42628,1.42919]},"AJo":{"weight":1.0,"played":[0.0,2.0E-4,0.9998],"evs":[0.0,1.8166,1.81828]},"Q2s":{"weight":1.0,"played":[0.0705,0.4374,0.4921],"evs":[0.0,0.31368,0.31738]},"Q3s":{"weight":1.0,"played":[0.812,0.0942,0.0939],"evs":[0.0,-0.55946,-0.56771]},"Q4s":{"weight":1.0,"played":[0.0698,0.4255,0.5046],"evs":[0.0,-0.01155,-0.00951]},"Q5s":{"weight":1.0,"played":[0.0165,0.4226,0.5609],"evs":[0.0,0.46144,0.47203]},"Q6s":{"weight":1.0,"played":[0.0017,0.0112,0.9871],"evs":[0.0,0.58296,0.59024]},"Q7s":{"weight":1.0,"played":[0.005,0.3543,0.6407],"evs":[0.0,1.63162,1.63915]},"Q8s":{"weight":1.0,"played":[7.0E-4,0.1732,0.8261],"evs":[0.0,1.66002,1.65991]},"Q9s":{"weight":1.0,"played":[0.0,0.0,1.0],"evs":[0.0,1.6643,1.66859]},"QTs":{"weight":1.0,"played":[0.0,0.0257,0.9743],"evs":[0.0,2.55418,2.55747]},"QJs":{"weight":1.0,"played":[0.003,0.0903,0.9067],"evs":[0.0,3.52241,3.53053]},"QQ":{"weight":1.0,"played":[0.0,6.0E-4,0.9994],"evs":[0.0,18.82948,18.83735]},"KQo":{"weight":1.0,"played":[0.0,0.0,1.0],"evs":[0.0,2.63278,2.64319]},"AQo":{"weight":1.0,"played":[0.0,0.0048,0.9952],"evs":[0.0,4.58495,4.59158]},"K2s":{"weight":1.0,"played":[0.2364,0.3718,0.3918],"evs":[0.0,0.51244,0.49976]},"K3s":{"weight":1.0,"played":[0.0309,0.448,0.5211],"evs":[0.0,1.21807,1.22378]},"K4s":{"weight":1.0,"played":[0.0534,0.403,0.5436],"evs":[0.0,0.90133,0.90504]},"K5s":{"weight":1.0,"played":[0.0057,0.2575,0.7368],"evs":[0.0,0.91434,0.92694]},"K6s":{"weight":1.0,"played":[4.0E-4,0.0508,0.9488],"evs":[0.0,1.924,1.92943]},"K7s":{"weight":1.0,"played":[2.0E-4,0.0234,0.9764],"evs":[0.0,1.67034,1.67513]},"K8s":{"weight":1.0,"played":[0.0026,0.2697,0.7277],"evs":[0.0,2.10246,2.10895]},"K9s":{"weight":1.0,"played":[1.0E-4,0.0731,0.9268],"evs":[0.0,2.38551,2.38907]},"KTs":{"weight":1.0,"played":[1.0E-4,0.0015,0.9984],"evs":[0.0,2.8709,2.87805]},"KJs":{"weight":1.0,"played":[0.0,0.0,1.0],"evs":[0.0,4.79248,4.80139]},"KQs":{"weight":1.0,"played":[0.0,3.0E-4,0.9997],"evs":[0.0,5.98168,5.98907]},"KK":{"weight":1.0,"played":[0.0,0.2786,0.7214],"evs":[0.0,26.32286,26.32787]},"AKo":{"weight":1.0,"played":[0.0,0.0613,0.9387],"evs":[0.0,7.13016,7.13596]},"A2s":{"weight":1.0,"played":[7.0E-4,0.0185,0.9808],"evs":[0.0,1.62184,1.63462]},"A3s":{"weight":1.0,"played":[0.0061,0.0705,0.9234],"evs":[0.0,1.49919,1.50664]},"A4s":{"weight":1.0,"played":[0.0095,0.4914,0.4991],"evs":[0.0,2.81857,2.82075]},"A5s":{"weight":1.0,"played":[2.0E-4,0.4832,0.5167],"evs":[0.0,2.70768,2.70705]},"A6s":{"weight":1.0,"played":[0.0,2.0E-4,0.9998],"evs":[0.0,2.50767,2.51393]},"A7s":{"weight":1.0,"played":[2.0E-4,0.0148,0.985],"evs":[0.0,1.70672,1.71201]},"A8s":{"weight":1.0,"played":[0.0,0.0047,0.9952],"evs":[0.0,2.4986,2.50918]},"A9s":{"weight":1.0,"played":[1.0E-4,0.0034,0.9965],"evs":[0.0,2.62271,2.62755]},"ATs":{"weight":1.0,"played":[1.0E-4,1.0E-4,0.9997],"evs":[0.0,4.4209,4.43109]},"AJs":{"weight":1.0,"played":[0.0,0.0,1.0],"evs":[0.0,5.75655,5.77025]},"AQs":{"weight":1.0,"played":[0.0,0.0,1.0],"evs":[0.0,8.32017,8.32561]},"AKs":{"weight":1.0,"played":[0.0,0.0,1.0],"evs":[0.0,9.87515,9.88549]},"AA":{"weight":1.0,"played":[0.0,0.0,1.0],"evs":[0.0,33.84128,33.85936]}}}