{"player":4,"street":0,"children":2,"sequence":[{"player":0,"type":"R","amount":955000,"street":0},{"player":1,"type":"C","amount":955000,"street":0},{"player":2,"type":"C","amount":955000,"street":0},{"player":3,"type":"F","amount":0,"street":0}],"actions":[{"type":"F","amount":0,"node":91},{"type":"C","amount":805000,"node":92}],"hands":{"22":{"weight":1.0,"played":[1.0,0.0],"evs":[0.0,-1.58819]},"32o":{"weight":1.0,"played":[1.0,0.0],"evs":[0.0,-4.41921]},"42o":{"weight":1.0,"played":[1.0,0.0],"evs":[0.0,-4.14336]},"52o":{"weight":1.0,"played":[1.0,0.0],"evs":[0.0,-3.94018]},"62o":{"weight":1.0,"played":[1.0,0.0],"evs":[0.0,-4.37921]},"72o":{"weight":1.0,"played":[1.0,0.0],"evs":[0.0,-4.96016]},"82o":{"weight":1.0,"played":[1.0,0.0],"evs":[0.0,-4.91096]},"92o":{"weight":1.0,"played":[1.0,0.0],"evs":[0.0,-4.97705]},"T2o":{"weight":1.0,"played":[1.0,0.0],"evs":[0.0,-4.97295]},"J2o":{"weight":1.0,"played":[1.0,0.0],"evs":[0.0,-4.97621]},"Q2o":{"weight":1.0,"played":[1.0,0.0],"evs":[0.0,-4.52645]},"K2o":{"weight":1.0,"played":[1.0,0.0],"evs":[0.0,-4.34629]},"A2o":{"weight":1.0,"played":[1.0,0.0],"evs":[0.0,-4.31546]},"32s":{"weight":1.0,"played":[1.0,0.0],"evs":[0.0,-2.6042]},"33":{"weight":1.0,"played":[1.0,0.0],"evs":[0.0,-1.26396]},"43o":{"weight":1.0,"played":[1.0,0.0],"evs":[0.0,-3.4196]},"53o":{"weight":1.0,"played":[1.0,0.0],"evs":[0.0,-3.16444]},"63o":{"weight":1.0,"played":[1.0,0.0],"evs":[0.0,-3.61929]},"73o":{"weight":1.0,"played":[1.0,0.0],"evs":[0.0,-4.28191]},"83o":{"weight":1.0,"played":[1.0,0.0],"evs":[0.0,-4.84742]},"93o":{"weight":1.0,"played":[1.0,0.0],"evs":[0.0,-4.82497]},"T3o":{"weight":1.0,"played":[1.0,0.0],"evs":[0.0,-4.81617]},"J3o":{"weight":1.0,"played":[1.0,0.0],"evs":[0.0,-4.81004]},"Q3o":{"weight":1.0,"played":[1.0,0.0],"evs":[0.0,-4.42134]},"K3o":{"weight":1.0,"played":[1.0,0.0],"evs":[0.0,-4.17177]},"A3o":{"weight":1.0,"played":[1.0,0.0],"evs":[0.0,-4.00026]},"42s":{"weight":1.0,"played":[1.0,0.0],"evs":[0.0,-2.22068]},"43s":{"weight":1.0,"played":[1.0,0.0],"evs":[0.0,-1.65706]},"44":{"weight":1.0,"played":[1.0,0.0],"evs":[0.0,-0.66249]},"54o":{"weight":1.0,"played":[1.0,0.0],"evs":[0.0,-2.41924]},"64o":{"weight":1.0,"played":[1.0,0.0],"evs":[0.0,-2.76769]},"74o":{"weight":1.0,"played":[1.0,0.0],"evs":[0.0,-3.44265]},"84o":{"weight":1.0,"played":[1.0,0.0],"evs":[0.0,-4.08147]},"94o":{"weight":1.0,"played":[1.0,0.0],"evs":[0.0,-4.71881]},"T4o":{"weight":1.0,"played":[1.0,0.0],"evs":[0.0,-4.54193]},"J4o":{"weight":1.0,"played":[1.0,0.0],"evs":[0.0,-4.57668]},"Q4o":{"weight":1.0,"played":[1.0,0.0],"evs":[0.0,-4.09829]},"K4o":{"weight":1.0,"played":[1.0,0.0],"evs":[0.0,-3.95129]},"A4o":{"weight":1.0,"played":[1.0,0.0],"evs":[0.0,-3.70594]},"52s":{"weight":1.0,"played":[1.0,0.0],"evs":[0.0,-2.05766]},"53s":{"weight":1.0,"played":[1.0,0.0],"evs":[0.0,-1.28989]},"54s":{"weight":1.0,"played":[1.0,0.0],"evs":[0.0,-0.64563]},"55":{"weight":1.0,"played":[0.9996,4.0E-4],"evs":[0.0,-0.01915]},"65o":{"weight":1.0,"played":[1.0,0.0],"evs":[0.0,-2.11001]},"75o":{"weight":1.0,"played":[1.0,0.0],"evs":[0.0,-2.67548]},"85o":{"weight":1.0,"played":[1.0,0.0],"evs":[0.0,-3.27964]},"95o":{"weight":1.0,"played":[1.0,0.0],"evs":[0.0,-3.97575]},"T5o":{"weight":1.0,"played":[1.0,0.0],"evs":[0.0,-4.45136]},"J5o":{"weight":1.0,"played":[1.0,0.0],"evs":[0.0,-4.40273]},"Q5o":{"weight":1.0,"played":[1.0,0.0],"evs":[0.0,-3.90951]},"K5o":{"weight":1.0,"played":[1.0,0.0],"evs":[0.0,-3.72211]},"A5o":{"weight":1.0,"played":[1.0,0.0],"evs":[0.0,-3.44238]},"62s":{"weight":1.0,"played":[1.0,0.0],"evs":[0.0,-2.41656]},"63s":{"weight":1.0,"played":[1.0,0.0],"evs":[0.0,-1.70446]},"64s":{"weight":1.0,"played":[1.0,0.0],"evs":[0.0,-0.91915]},"65s":{"weight":1.0,"played":[1.0,0.0],"evs":[0.0,-0.4428]},"66":{"weight":1.0,"played":[0.0,1.0],"evs":[0.0,0.60892]},"76o":{"weight":1.0,"played":[1.0,0.0],"evs":[0.0,-2.116]},"86o":{"weight":1.0,"played":[1.0,0.0],"evs":[0.0,-2.58599]},"96o":{"weight":1.0,"played":[1.0,0.0],"evs":[0.0,-3.19826]},"T6o":{"weight":1.0,"played":[1.0,0.0],"evs":[0.0,-3.7231]},"J6o":{"weight":1.0,"played":[1.0,0.0],"evs":[0.0,-4.26592]},"Q6o":{"weight":1.0,"played":[1.0,0.0],"evs":[0.0,-3.66772]},"K6o":{"weight":1.0,"played":[1.0,0.0],"evs":[0.0,-3.48803]},"A6o":{"weight":1.0,"played":[1.0,0.0],"evs":[0.0,-3.96291]},"72s":{"weight":1.0,"played":[1.0,0.0],"evs":[0.0,-3.14978]},"73s":{"weight":1.0,"played":[1.0,0.0],"evs":[0.0,-2.40757]},"74s":{"weight":1.0,"played":[1.0,0.0],"evs":[0.0,-1.50777]},"75s":{"weight":1.0,"played":[0.9999,1.0E-4],"evs":[0.0,-0.85939]},"76s":{"weight":1.0,"played":[0.9999,1.0E-4],"evs":[0.0,-0.24542]},"77":{"weight":1.0,"played":[0.0,1.0],"evs":[0.0,1.17394]},"87o":{"weight":1.0,"played":[1.0,0.0],"evs":[0.0,-2.17215]},"97o":{"weight":1.0,"played":[1.0,0.0],"evs":[0.0,-2.66193]},"T7o":{"weight":1.0,"played":[1.0,0.0],"evs":[0.0,-3.06318]},"J7o":{"weight":1.0,"played":[1.0,0.0],"evs":[0.0,-3.65829]},"Q7o":{"weight":1.0,"played":[1.0,0.0],"evs":[0.0,-3.71075]},"K7o":{"weight":1.0,"played":[1.0,0.0],"evs":[0.0,-3.3201]},"A7o":{"weight":1.0,"played":[1.0,0.0],"evs":[0.0,-3.58179]},"82s":{"weight":1.0,"played":[1.0,0.0],"evs":[0.0,-2.93565]},"83s":{"weight":1.0,"played":[1.0,0.0],"evs":[0.0,-2.83901]},"84s":{"weight":1.0,"played":[1.0,0.0],"evs":[0.0,-2.10071]},"85s":{"weight":1.0,"played":[1.0,0.0],"evs":[0.0,-1.37465]},"86s":{"weight":1.0,"played":[0.9999,1.0E-4],"evs":[0.0,-0.74034]},"87s":{"weight":1.0,"played":[0.9999,1.0E-4],"evs":[0.0,-0.48824]},"88":{"weight":1.0,"played":[0.0,1.0],"evs":[0.0,1.96456]},"98o":{"weight":1.0,"played":[1.0,0.0],"evs":[0.0,-2.24034]},"T8o":{"weight":1.0,"played":[1.0,0.0],"evs":[0.0,-2.52601]},"J8o":{"weight":1.0,"played":[1.0,0.0],"evs":[0.0,-3.15405]},"Q8o":{"weight":1.0,"played":[1.0,0.0],"evs":[0.0,-3.19638]},"K8o":{"weight":1.0,"played":[1.0,0.0],"evs":[0.0,-3.30995]},"A8o":{"weight":1.0,"played":[1.0,0.0],"evs":[0.0,-3.25976]},"92s":{"weight":1.0,"played":[1.0,0.0],"evs":[0.0,-2.93776]},"93s":{"weight":1.0,"played":[1.0,0.0],"evs":[0.0,-2.91538]},"94s":{"weight":1.0,"played":[1.0,0.0],"evs":[0.0,-2.69833]},"95s":{"weight":1.0,"played":[1.0,0.0],"evs":[0.0,-2.02335]},"96s":{"weight":1.0,"played":[1.0,0.0],"evs":[0.0,-1.34594]},"97s":{"weight":1.0,"played":[1.0,0.0],"evs":[0.0,-0.76415]},"98s":{"weight":1.0,"played":[1.0,0.0],"evs":[0.0,-0.33845]},"99":{"weight":1.0,"played":[0.0,1.0],"evs":[0.0,3.06618]},"T9o":{"weight":1.0,"played":[1.0,0.0],"evs":[0.0,-2.0024]},"J9o":{"weight":1.0,"played":[1.0,0.0],"evs":[0.0,-2.56471]},"Q9o":{"weight":1.0,"played":[1.0,0.0],"evs":[0.0,-2.56402]},"K9o":{"weight":1.0,"played":[1.0,0.0],"evs":[0.0,-2.7388]},"A9o":{"weight":1.0,"played":[1.0,0.0],"evs":[0.0,-2.86794]},"T2s":{"weight":1.0,"played":[1.0,0.0],"evs":[0.0,-2.84194]},"T3s":{"weight":1.0,"played":[1.0,0.0],"evs":[0.0,-2.80029]},"T4s":{"weight":1.0,"played":[1.0,0.0],"evs":[0.0,-2.52027]},"T5s":{"weight":1.0,"played":[1.0,0.0],"evs":[0.0,-2.43035]},"T6s":{"weight":1.0,"played":[1.0,0.0],"evs":[0.0,-1.67381]},"T7s":{"weight":1.0,"played":[1.0,0.0],"evs":[0.0,-1.117]},"T8s":{"weight":1.0,"played":[1.0,0.0],"evs":[0.0,-0.60296]},"T9s":{"weight":1.0,"played":[0.7303,0.2697],"evs":[0.0,-0.10926]},"TT":{"weight":1.0,"played":[0.0,1.0],"evs":[0.0,4.47699]},"JTo":{"weight":1.0,"played":[1.0,0.0],"evs":[0.0,-1.7141]},"QTo":{"weight":1.0,"played":[1.0,0.0],"evs":[0.0,-1.71423]},"KTo":{"weight":1.0,"played":[1.0,0.0],"evs":[0.0,-1.71544]},"ATo":{"weight":1.0,"played":[1.0,0.0],"evs":[0.0,-1.52391]},"J2s":{"weight":1.0,"played":[1.0,0.0],"evs":[0.0,-3.01307]},"J3s":{"weight":1.0,"played":[1.0,0.0],"evs":[0.0,-2.73609]},"J4s":{"weight":1.0,"played":[1.0,0.0],"evs":[0.0,-2.53843]},"J5s":{"weight":1.0,"played":[1.0,0.0],"evs":[0.0,-2.40847]},"J6s":{"weight":1.0,"played":[1.0,0.0],"evs":[0.0,-2.21028]},"J7s":{"weight":1.0,"played":[1.0,0.0],"evs":[0.0,-1.61919]},"J8s":{"weight":1.0,"played":[1.0,0.0],"evs":[0.0,-1.23888]},"J9s":{"weight":1.0,"played":[0.9995,5.0E-4],"evs":[0.0,-0.55398]},"JTs":{"weight":1.0,"played":[0.0038,0.9962],"evs":[0.0,0.27017]},"JJ":{"weight":1.0,"played":[0.0,1.0],"evs":[0.0,6.75476]},"QJo":{"weight":1.0,"played":[1.0,0.0],"evs":[0.0,-1.40053]},"KJo":{"weight":1.0,"played":[1.0,0.0],"evs":[0.0,-1.11828]},"AJo":{"weight":1.0,"played":[0.9996,4.0E-4],"evs":[0.0,-0.42071]},"Q2s":{"weight":1.0,"played":[1.0,0.0],"evs":[0.0,-2.36575]},"Q3s":{"weight":1.0,"played":[1.0,0.0],"evs":[0.0,-2.22806]},"Q4s":{"weight":1.0,"played":[1.0,0.0],"evs":[0.0,-2.05905]},"Q5s":{"weight":1.0,"played":[1.0,0.0],"evs":[0.0,-1.81949]},"Q6s":{"weight":1.0,"played":[1.0,0.0],"evs":[0.0,-1.67139]},"Q7s":{"weight":1.0,"played":[1.0,0.0],"evs":[0.0,-1.60856]},"Q8s":{"weight":1.0,"played":[1.0,0.0],"evs":[0.0,-1.11095]},"Q9s":{"weight":1.0,"played":[0.9999,1.0E-4],"evs":[0.0,-0.63366]},"QTs":{"weight":1.0,"played":[0.0,1.0],"evs":[0.0,0.21471]},"QJs":{"weight":1.0,"played":[0.0,1.0],"evs":[0.0,0.45226]},"QQ":{"weight":1.0,"played":[0.0,1.0],"evs":[0.0,10.00511]},"KQo":{"weight":1.0,"played":[0.2014,0.7986],"evs":[0.0,0.04005]},"AQo":{"weight":1.0,"played":[0.0,1.0],"evs":[0.0,1.0306]},"K2s":{"weight":1.0,"played":[1.0,0.0],"evs":[0.0,-2.21392]},"K3s":{"weight":1.0,"played":[1.0,0.0],"evs":[0.0,-1.97111]},"K4s":{"weight":1.0,"played":[1.0,0.0],"evs":[0.0,-1.74854]},"K5s":{"weight":1.0,"played":[1.0,0.0],"evs":[0.0,-1.47026]},"K6s":{"weight":1.0,"played":[1.0,0.0],"evs":[0.0,-1.31223]},"K7s":{"weight":1.0,"played":[1.0,0.0],"evs":[0.0,-1.20982]},"K8s":{"weight":1.0,"played":[1.0,0.0],"evs":[0.0,-1.27661]},"K9s":{"weight":1.0,"played":[0.9998,2.0E-4],"evs":[0.0,-0.69337]},"KTs":{"weight":1.0,"played":[1.0E-4,0.9999],"evs":[0.0,0.20993]},"KJs":{"weight":1.0,"played":[0.0,1.0],"evs":[0.0,0.83953]},"KQs":{"weight":1.0,"played":[0.0,1.0],"evs":[0.0,1.95612]},"KK":{"weight":1.0,"played":[0.0,1.0],"evs":[0.0,13.80794]},"AKo":{"weight":1.0,"played":[0.0,1.0],"evs":[0.0,2.61844]},"A2s":{"weight":1.0,"played":[1.0,0.0],"evs":[0.0,-1.84019]},"A3s":{"weight":1.0,"played":[1.0,0.0],"evs":[0.0,-1.71063]},"A4s":{"weight":1.0,"played":[1.0,0.0],"evs":[0.0,-1.36321]},"A5s":{"weight":1.0,"played":[1.0,0.0],"evs":[0.0,-1.04494]},"A6s":{"weight":1.0,"played":[1.0,0.0],"evs":[0.0,-1.57301]},"A7s":{"weight":1.0,"played":[1.0,0.0],"evs":[0.0,-1.24429]},"A8s":{"weight":1.0,"played":[0.9999,1.0E-4],"evs":[0.0,-0.9589]},"A9s":{"weight":1.0,"played":[0.9959,0.0041],"evs":[0.0,-0.51494]},"ATs":{"weight":1.0,"played":[0.0,1.0],"evs":[0.0,0.71043]},"AJs":{"weight":1.0,"played":[0.0,1.0],"evs":[0.0,1.74768]},"AQs":{"weight":1.0,"played":[0.0,1.0],"evs":[0.0,3.13531]},"AKs":{"weight":1.0,"played":[0.0,1.0],"evs":[0.0,4.63972]},"AA":{"weight":1.0,"played":[0.0,1.0],"evs":[0.0,19.11264]}}}