{"player":5,"street":0,"children":2,"sequence":[{"player":0,"type":"R","amount":955000,"street":0},{"player":1,"type":"C","amount":955000,"street":0},{"player":2,"type":"C","amount":955000,"street":0},{"player":3,"type":"F","amount":0,"street":0},{"player":4,"type":"F","amount":0,"street":0}],"actions":[{"type":"F","amount":0},{"type":"C","amount":855000}],"hands":{"22":{"weight":1.0,"played":[0.0,1.0],"evs":[0.0,0.91954]},"32o":{"weight":1.0,"played":[1.0,0.0],"evs":[0.0,-2.60072]},"42o":{"weight":1.0,"played":[1.0,0.0],"evs":[0.0,-2.1929]},"52o":{"weight":1.0,"played":[1.0,0.0],"evs":[0.0,-1.96424]},"62o":{"weight":1.0,"played":[1.0,0.0],"evs":[0.0,-2.43286]},"72o":{"weight":1.0,"played":[1.0,0.0],"evs":[0.0,-3.32202]},"82o":{"weight":1.0,"played":[1.0,0.0],"evs":[0.0,-3.09378]},"92o":{"weight":1.0,"played":[1.0,0.0],"evs":[0.0,-3.32369]},"T2o":{"weight":1.0,"played":[1.0,0.0],"evs":[0.0,-3.31056]},"J2o":{"weight":1.0,"played":[1.0,0.0],"evs":[0.0,-3.30932]},"Q2o":{"weight":1.0,"played":[1.0,0.0],"evs":[0.0,-2.69312]},"K2o":{"weight":1.0,"played":[1.0,0.0],"evs":[0.0,-2.54706]},"A2o":{"weight":1.0,"played":[1.0,0.0],"evs":[0.0,-2.41756]},"32s":{"weight":1.0,"played":[0.9998,2.0E-4],"evs":[0.0,-0.25315]},"33":{"weight":1.0,"played":[0.0,1.0],"evs":[0.0,1.50282]},"43o":{"weight":1.0,"played":[1.0,0.0],"evs":[0.0,-1.31561]},"53o":{"weight":1.0,"played":[1.0,0.0],"evs":[0.0,-0.92398]},"63o":{"weight":1.0,"played":[1.0,0.0],"evs":[0.0,-1.5397]},"73o":{"weight":1.0,"played":[1.0,0.0],"evs":[0.0,-2.40648]},"83o":{"weight":1.0,"played":[1.0,0.0],"evs":[0.0,-3.14734]},"93o":{"weight":1.0,"played":[1.0,0.0],"evs":[0.0,-3.04511]},"T3o":{"weight":1.0,"played":[1.0,0.0],"evs":[0.0,-2.98524]},"J3o":{"weight":1.0,"played":[1.0,0.0],"evs":[0.0,-3.09235]},"Q3o":{"weight":1.0,"played":[1.0,0.0],"evs":[0.0,-2.46772]},"K3o":{"weight":1.0,"played":[1.0,0.0],"evs":[0.0,-2.17765]},"A3o":{"weight":1.0,"played":[1.0,0.0],"evs":[0.0,-2.04964]},"42s":{"weight":1.0,"played":[0.4208,0.5792],"evs":[0.0,0.05652]},"43s":{"weight":1.0,"played":[0.0014,0.9986],"evs":[0.0,0.93244]},"44":{"weight":1.0,"played":[0.0,1.0],"evs":[0.0,2.07967]},"54o":{"weight":1.0,"played":[0.9774,0.0226],"evs":[0.0,-0.04597]},"64o":{"weight":1.0,"played":[1.0,0.0],"evs":[0.0,-0.46773]},"74o":{"weight":1.0,"played":[1.0,0.0],"evs":[0.0,-1.26266]},"84o":{"weight":1.0,"played":[1.0,0.0],"evs":[0.0,-2.09462]},"94o":{"weight":1.0,"played":[1.0,0.0],"evs":[0.0,-2.95048]},"T4o":{"weight":1.0,"played":[1.0,0.0],"evs":[0.0,-2.74721]},"J4o":{"weight":1.0,"played":[1.0,0.0],"evs":[0.0,-2.77492]},"Q4o":{"weight":1.0,"played":[1.0,0.0],"evs":[0.0,-2.15067]},"K4o":{"weight":1.0,"played":[1.0,0.0],"evs":[0.0,-1.83957]},"A4o":{"weight":1.0,"played":[1.0,0.0],"evs":[0.0,-1.66229]},"52s":{"weight":1.0,"played":[7.0E-4,0.9993],"evs":[0.0,0.35105]},"53s":{"weight":1.0,"played":[0.0,1.0],"evs":[0.0,1.30675]},"54s":{"weight":1.0,"played":[0.0,1.0],"evs":[0.0,2.31163]},"55":{"weight":1.0,"played":[0.0,1.0],"evs":[0.0,2.98957]},"65o":{"weight":1.0,"played":[0.0,1.0],"evs":[0.0,0.37604]},"75o":{"weight":1.0,"played":[1.0,0.0],"evs":[0.0,-0.39234]},"85o":{"weight":1.0,"played":[1.0,0.0],"evs":[0.0,-1.06383]},"95o":{"weight":1.0,"played":[1.0,0.0],"evs":[0.0,-2.03687]},"T5o":{"weight":1.0,"played":[1.0,0.0],"evs":[0.0,-2.59368]},"J5o":{"weight":1.0,"played":[1.0,0.0],"evs":[0.0,-2.47838]},"Q5o":{"weight":1.0,"played":[1.0,0.0],"evs":[0.0,-1.88544]},"K5o":{"weight":1.0,"played":[1.0,0.0],"evs":[0.0,-1.62275]},"A5o":{"weight":1.0,"played":[1.0,0.0],"evs":[0.0,-1.31084]},"62s":{"weight":1.0,"played":[0.9853,0.0147],"evs":[0.0,-0.24396]},"63s":{"weight":1.0,"played":[0.0,1.0],"evs":[0.0,0.81508]},"64s":{"weight":1.0,"played":[0.0,1.0],"evs":[0.0,1.72147]},"65s":{"weight":1.0,"played":[0.0,1.0],"evs":[0.0,2.37962]},"66":{"weight":1.0,"played":[0.0,1.0],"evs":[0.0,3.92419]},"76o":{"weight":1.0,"played":[0.0,1.0],"evs":[0.0,0.40895]},"86o":{"weight":1.0,"played":[0.9951,0.0049],"evs":[0.0,-0.23753]},"96o":{"weight":1.0,"played":[1.0,0.0],"evs":[0.0,-1.03246]},"T6o":{"weight":1.0,"played":[1.0,0.0],"evs":[0.0,-1.61894]},"J6o":{"weight":1.0,"played":[1.0,0.0],"evs":[0.0,-2.31118]},"Q6o":{"weight":1.0,"played":[1.0,0.0],"evs":[0.0,-1.6424]},"K6o":{"weight":1.0,"played":[1.0,0.0],"evs":[0.0,-1.33944]},"A6o":{"weight":1.0,"played":[1.0,0.0],"evs":[0.0,-1.94958]},"72s":{"weight":1.0,"played":[1.0,0.0],"evs":[0.0,-0.94103]},"73s":{"weight":1.0,"played":[0.1651,0.8349],"evs":[0.0,0.10977]},"74s":{"weight":1.0,"played":[2.0E-4,0.9998],"evs":[0.0,0.89215]},"75s":{"weight":1.0,"played":[0.0,1.0],"evs":[0.0,1.8416]},"76s":{"weight":1.0,"played":[0.0,1.0],"evs":[0.0,2.58989]},"77":{"weight":1.0,"played":[0.0,1.0],"evs":[0.0,4.73448]},"87o":{"weight":1.0,"played":[1.0E-4,0.9999],"evs":[0.0,0.23098]},"97o":{"weight":1.0,"played":[0.9993,7.0E-4],"evs":[0.0,-0.3637]},"T7o":{"weight":1.0,"played":[1.0,0.0],"evs":[0.0,-0.80068]},"J7o":{"weight":1.0,"played":[1.0,0.0],"evs":[0.0,-1.65292]},"Q7o":{"weight":1.0,"played":[1.0,0.0],"evs":[0.0,-1.50566]},"K7o":{"weight":1.0,"played":[1.0,0.0],"evs":[0.0,-1.16681]},"A7o":{"weight":1.0,"played":[1.0,0.0],"evs":[0.0,-1.43067]},"82s":{"weight":1.0,"played":[1.0,0.0],"evs":[0.0,-0.88743]},"83s":{"weight":1.0,"played":[0.9999,1.0E-4],"evs":[0.0,-0.63278]},"84s":{"weight":1.0,"played":[0.0012,0.9988],"evs":[0.0,0.2591]},"85s":{"weight":1.0,"played":[0.0,1.0],"evs":[0.0,1.07723]},"86s":{"weight":1.0,"played":[0.0,1.0],"evs":[0.0,1.8785]},"87s":{"weight":1.0,"played":[0.0,1.0],"evs":[0.0,2.49069]},"88":{"weight":1.0,"played":[0.0,1.0],"evs":[0.0,5.72937]},"98o":{"weight":1.0,"played":[0.0,1.0],"evs":[0.0,0.15632]},"T8o":{"weight":1.0,"played":[0.9989,0.0011],"evs":[0.0,-0.13556]},"J8o":{"weight":1.0,"played":[1.0,0.0],"evs":[0.0,-0.9869]},"Q8o":{"weight":1.0,"played":[1.0,0.0],"evs":[0.0,-1.01462]},"K8o":{"weight":1.0,"played":[1.0,0.0],"evs":[0.0,-1.13177]},"A8o":{"weight":1.0,"played":[1.0,0.0],"evs":[0.0,-1.09393]},"92s":{"weight":1.0,"played":[1.0,0.0],"evs":[0.0,-0.839]},"93s":{"weight":1.0,"played":[0.9999,1.0E-4],"evs":[0.0,-0.63064]},"94s":{"weight":1.0,"played":[0.9998,2.0E-4],"evs":[0.0,-0.46016]},"95s":{"weight":1.0,"played":[0.0038,0.9962],"evs":[0.0,0.49312]},"96s":{"weight":1.0,"played":[0.0,1.0],"evs":[0.0,1.26723]},"97s":{"weight":1.0,"played":[0.0,1.0],"evs":[0.0,2.00474]},"98s":{"weight":1.0,"played":[0.0,1.0],"evs":[0.0,2.30931]},"99":{"weight":1.0,"played":[0.0,1.0],"evs":[0.0,6.99616]},"T9o":{"weight":1.0,"played":[0.0,1.0],"evs":[0.0,0.3691]},"J9o":{"weight":1.0,"played":[0.9995,5.0E-4],"evs":[0.0,-0.27054]},"Q9o":{"weight":1.0,"played":[0.9986,0.0014],"evs":[0.0,-0.28093]},"K9o":{"weight":1.0,"played":[0.9999,1.0E-4],"evs":[0.0,-0.50301]},"A9o":{"weight":1.0,"played":[0.9989,0.0011],"evs":[0.0,-0.44178]},"T2s":{"weight":1.0,"played":[1.0,0.0],"evs":[0.0,-0.77254]},"T3s":{"weight":1.0,"played":[0.9996,4.0E-4],"evs":[0.0,-0.45489]},"T4s":{"weight":1.0,"played":[0.9982,0.0018],"evs":[0.0,-0.23964]},"T5s":{"weight":1.0,"played":[0.9867,0.0133],"evs":[0.0,-0.13101]},"T6s":{"weight":1.0,"played":[0.0,1.0],"evs":[0.0,0.73115]},"T7s":{"weight":1.0,"played":[0.0,1.0],"evs":[0.0,1.54216]},"T8s":{"weight":1.0,"played":[0.0,1.0],"evs":[0.0,2.23901]},"T9s":{"weight":1.0,"played":[0.0,1.0],"evs":[0.0,2.63265]},"TT":{"weight":1.0,"played":[0.0,1.0],"evs":[0.0,9.06357]},"JTo":{"weight":1.0,"played":[0.0,1.0],"evs":[0.0,0.91694]},"QTo":{"weight":1.0,"played":[0.0,1.0],"evs":[0.0,0.83863]},"KTo":{"weight":1.0,"played":[0.0,1.0],"evs":[0.0,0.7735]},"ATo":{"weight":1.0,"played":[0.0,1.0],"evs":[0.0,1.21056]},"J2s":{"weight":1.0,"played":[1.0,0.0],"evs":[0.0,-0.64006]},"J3s":{"weight":1.0,"played":[0.9998,2.0E-4],"evs":[0.0,-0.53549]},"J4s":{"weight":1.0,"played":[0.9997,3.0E-4],"evs":[0.0,-0.32184]},"J5s":{"weight":1.0,"played":[0.7725,0.2275],"evs":[0.0,-0.02258]},"J6s":{"weight":1.0,"played":[0.0265,0.9735],"evs":[0.0,0.22495]},"J7s":{"weight":1.0,"played":[0.0,1.0],"evs":[0.0,0.81395]},"J8s":{"weight":1.0,"played":[0.0,1.0],"evs":[0.0,1.33596]},"J9s":{"weight":1.0,"played":[0.0,1.0],"evs":[0.0,2.06025]},"JTs":{"weight":1.0,"played":[0.0,1.0],"evs":[0.0,2.85788]},"JJ":{"weight":1.0,"played":[0.0,1.0],"evs":[0.0,11.92997]},"QJo":{"weight":1.0,"played":[0.0,1.0],"evs":[0.0,1.2371]},"KJo":{"weight":1.0,"played":[0.0,1.0],"evs":[0.0,1.58548]},"AJo":{"weight":1.0,"played":[0.0,1.0],"evs":[0.0,2.77017]},"Q2s":{"weight":1.0,"played":[0.9981,0.0019],"evs":[0.0,-0.20053]},"Q3s":{"weight":1.0,"played":[0.4804,0.5196],"evs":[0.0,0.14726]},"Q4s":{"weight":1.0,"played":[0.0,1.0],"evs":[0.0,0.37454]},"Q5s":{"weight":1.0,"played":[0.0,1.0],"evs":[0.0,0.4617]},"Q6s":{"weight":1.0,"played":[0.0,1.0],"evs":[0.0,0.86171]},"Q7s":{"weight":1.0,"played":[1.0E-4,0.9999],"evs":[0.0,0.94147]},"Q8s":{"weight":1.0,"played":[0.0,1.0],"evs":[0.0,1.44861]},"Q9s":{"weight":1.0,"played":[0.0,1.0],"evs":[0.0,2.1249]},"QTs":{"weight":1.0,"played":[0.0,1.0],"evs":[0.0,3.15738]},"QJs":{"weight":1.0,"played":[0.0,1.0],"evs":[0.0,3.40193]},"QQ":{"weight":1.0,"played":[0.0,1.0],"evs":[0.0,16.0965]},"KQo":{"weight":1.0,"played":[0.0,1.0],"evs":[0.0,3.06088]},"AQo":{"weight":1.0,"played":[0.0,1.0],"evs":[0.0,4.75416]},"K2s":{"weight":1.0,"played":[0.0128,0.9872],"evs":[0.0,0.29503]},"K3s":{"weight":1.0,"played":[0.0,1.0],"evs":[0.0,0.36648]},"K4s":{"weight":1.0,"played":[3.0E-4,0.9997],"evs":[0.0,0.73136]},"K5s":{"weight":1.0,"played":[1.0E-4,0.9999],"evs":[0.0,0.95339]},"K6s":{"weight":1.0,"played":[0.0,1.0],"evs":[0.0,1.23891]},"K7s":{"weight":1.0,"played":[0.0,1.0],"evs":[0.0,1.38319]},"K8s":{"weight":1.0,"played":[0.0,1.0],"evs":[0.0,1.42084]},"K9s":{"weight":1.0,"played":[0.0,1.0],"evs":[0.0,1.95299]},"KTs":{"weight":1.0,"played":[0.0,1.0],"evs":[0.0,3.12123]},"KJs":{"weight":1.0,"played":[0.0,1.0],"evs":[0.0,3.85693]},"KQs":{"weight":1.0,"played":[0.0,1.0],"evs":[0.0,5.28956]},"KK":{"weight":1.0,"played":[0.0,1.0],"evs":[0.0,21.07331]},"AKo":{"weight":1.0,"played":[0.0,1.0],"evs":[0.0,6.83843]},"A2s":{"weight":1.0,"played":[0.0,1.0],"evs":[0.0,0.52979]},"A3s":{"weight":1.0,"played":[0.0,1.0],"evs":[0.0,0.64843]},"A4s":{"weight":1.0,"played":[0.0,1.0],"evs":[0.0,0.93818]},"A5s":{"weight":1.0,"played":[0.0,1.0],"evs":[0.0,1.38741]},"A6s":{"weight":1.0,"played":[0.0,1.0],"evs":[0.0,0.89596]},"A7s":{"weight":1.0,"played":[0.0,1.0],"evs":[0.0,1.33421]},"A8s":{"weight":1.0,"played":[0.0,1.0],"evs":[0.0,1.73238]},"A9s":{"weight":1.0,"played":[0.0,1.0],"evs":[0.0,2.1343]},"ATs":{"weight":1.0,"played":[0.0,1.0],"evs":[0.0,3.88465]},"AJs":{"weight":1.0,"played":[0.0,1.0],"evs":[0.0,5.31911]},"AQs":{"weight":1.0,"played":[0.0,1.0],"evs":[0.0,7.17975]},"AKs":{"weight":1.0,"played":[0.0,1.0],"evs":[0.0,9.06713]},"AA":{"weight":1.0,"played":[0.0,1.0],"evs":[0.0,27.88438]}}}