{"player":5,"street":0,"children":2,"sequence":[{"player":0,"type":"R","amount":32250000,"street":0},{"player":1,"type":"F","amount":0,"street":0},{"player":2,"type":"C","amount":12250000,"street":0},{"player":3,"type":"R","amount":51750000,"street":0},{"player":4,"type":"F","amount":0,"street":0}],"actions":[{"type":"F","amount":0},{"type":"C","amount":46750000}],"hands":{"22":{"weight":1.0,"played":[1.0,0.0],"evs":[0.0,-2.08601]},"32o":{"weight":1.0,"played":[1.0,0.0],"evs":[0.0,-4.43729]},"42o":{"weight":1.0,"played":[1.0,0.0],"evs":[0.0,-4.28878]},"52o":{"weight":1.0,"played":[1.0,0.0],"evs":[0.0,-4.05302]},"62o":{"weight":1.0,"played":[1.0,0.0],"evs":[0.0,-4.22275]},"72o":{"weight":1.0,"played":[1.0,0.0],"evs":[0.0,-4.53222]},"82o":{"weight":1.0,"played":[1.0,0.0],"evs":[0.0,-4.24916]},"92o":{"weight":1.0,"played":[1.0,0.0],"evs":[0.0,-4.17933]},"T2o":{"weight":1.0,"played":[1.0,0.0],"evs":[0.0,-4.21123]},"J2o":{"weight":1.0,"played":[1.0,0.0],"evs":[0.0,-4.15367]},"Q2o":{"weight":1.0,"played":[1.0,0.0],"evs":[0.0,-4.07135]},"K2o":{"weight":1.0,"played":[1.0,0.0],"evs":[0.0,-3.69337]},"A2o":{"weight":1.0,"played":[1.0,0.0],"evs":[0.0,-4.14562]},"32s":{"weight":1.0,"played":[1.0,0.0],"evs":[0.0,-3.40072]},"33":{"weight":1.0,"played":[1.0,0.0],"evs":[0.0,-2.04242]},"43o":{"weight":1.0,"played":[1.0,0.0],"evs":[0.0,-3.85325]},"53o":{"weight":1.0,"played":[1.0,0.0],"evs":[0.0,-3.65654]},"63o":{"weight":1.0,"played":[1.0,0.0],"evs":[0.0,-3.70428]},"73o":{"weight":1.0,"played":[1.0,0.0],"evs":[0.0,-3.99377]},"83o":{"weight":1.0,"played":[1.0,0.0],"evs":[0.0,-4.28271]},"93o":{"weight":1.0,"played":[1.0,0.0],"evs":[0.0,-4.03979]},"T3o":{"weight":1.0,"played":[1.0,0.0],"evs":[0.0,-4.12585]},"J3o":{"weight":1.0,"played":[1.0,0.0],"evs":[0.0,-4.02197]},"Q3o":{"weight":1.0,"played":[1.0,0.0],"evs":[0.0,-4.08176]},"K3o":{"weight":1.0,"played":[1.0,0.0],"evs":[0.0,-3.4865]},"A3o":{"weight":1.0,"played":[1.0,0.0],"evs":[0.0,-4.00189]},"42s":{"weight":1.0,"played":[1.0,0.0],"evs":[0.0,-3.24614]},"43s":{"weight":1.0,"played":[1.0,0.0],"evs":[0.0,-2.82232]},"44":{"weight":1.0,"played":[1.0,0.0],"evs":[0.0,-1.82125]},"54o":{"weight":1.0,"played":[1.0,0.0],"evs":[0.0,-3.20621]},"64o":{"weight":1.0,"played":[1.0,0.0],"evs":[0.0,-3.3283]},"74o":{"weight":1.0,"played":[1.0,0.0],"evs":[0.0,-3.61338]},"84o":{"weight":1.0,"played":[1.0,0.0],"evs":[0.0,-3.90795]},"94o":{"weight":1.0,"played":[1.0,0.0],"evs":[0.0,-4.05119]},"T4o":{"weight":1.0,"played":[1.0,0.0],"evs":[0.0,-3.97844]},"J4o":{"weight":1.0,"played":[1.0,0.0],"evs":[0.0,-3.98512]},"Q4o":{"weight":1.0,"played":[1.0,0.0],"evs":[0.0,-3.80801]},"K4o":{"weight":1.0,"played":[1.0,0.0],"evs":[0.0,-3.37208]},"A4o":{"weight":1.0,"played":[1.0,0.0],"evs":[0.0,-3.61666]},"52s":{"weight":1.0,"played":[1.0,0.0],"evs":[0.0,-3.07875]},"53s":{"weight":1.0,"played":[1.0,0.0],"evs":[0.0,-2.49486]},"54s":{"weight":1.0,"played":[1.0,0.0],"evs":[0.0,-2.26056]},"55":{"weight":1.0,"played":[0.9999,1.0E-4],"evs":[0.0,-1.11852]},"65o":{"weight":1.0,"played":[1.0,0.0],"evs":[0.0,-2.84947]},"75o":{"weight":1.0,"played":[1.0,0.0],"evs":[0.0,-3.18254]},"85o":{"weight":1.0,"played":[1.0,0.0],"evs":[0.0,-3.49466]},"95o":{"weight":1.0,"played":[1.0,0.0],"evs":[0.0,-3.67307]},"T5o":{"weight":1.0,"played":[1.0,0.0],"evs":[0.0,-3.98084]},"J5o":{"weight":1.0,"played":[1.0,0.0],"evs":[0.0,-3.80792]},"Q5o":{"weight":1.0,"played":[1.0,0.0],"evs":[0.0,-3.74901]},"K5o":{"weight":1.0,"played":[1.0,0.0],"evs":[0.0,-3.31013]},"A5o":{"weight":1.0,"played":[1.0,0.0],"evs":[0.0,-3.70168]},"62s":{"weight":1.0,"played":[1.0,0.0],"evs":[0.0,-3.10838]},"63s":{"weight":1.0,"played":[1.0,0.0],"evs":[0.0,-2.52234]},"64s":{"weight":1.0,"played":[1.0,0.0],"evs":[0.0,-2.06387]},"65s":{"weight":1.0,"played":[1.0,0.0],"evs":[0.0,-1.74112]},"66":{"weight":1.0,"played":[0.9873,0.0127],"evs":[0.0,-0.28358]},"76o":{"weight":1.0,"played":[1.0,0.0],"evs":[0.0,-2.53021]},"86o":{"weight":1.0,"played":[1.0,0.0],"evs":[0.0,-2.80647]},"96o":{"weight":1.0,"played":[1.0,0.0],"evs":[0.0,-3.06281]},"T6o":{"weight":1.0,"played":[1.0,0.0],"evs":[0.0,-3.41571]},"J6o":{"weight":1.0,"played":[1.0,0.0],"evs":[0.0,-3.63885]},"Q6o":{"weight":1.0,"played":[1.0,0.0],"evs":[0.0,-3.47846]},"K6o":{"weight":1.0,"played":[1.0,0.0],"evs":[0.0,-3.12962]},"A6o":{"weight":1.0,"played":[1.0,0.0],"evs":[0.0,-3.92865]},"72s":{"weight":1.0,"played":[1.0,0.0],"evs":[0.0,-3.43664]},"73s":{"weight":1.0,"played":[1.0,0.0],"evs":[0.0,-3.06317]},"74s":{"weight":1.0,"played":[1.0,0.0],"evs":[0.0,-2.56754]},"75s":{"weight":1.0,"played":[1.0,0.0],"evs":[0.0,-2.16309]},"76s":{"weight":1.0,"played":[1.0,0.0],"evs":[0.0,-1.67945]},"77":{"weight":1.0,"played":[0.058,0.942],"evs":[0.0,0.39168]},"87o":{"weight":1.0,"played":[1.0,0.0],"evs":[0.0,-2.57689]},"97o":{"weight":1.0,"played":[1.0,0.0],"evs":[0.0,-2.66909]},"T7o":{"weight":1.0,"played":[1.0,0.0],"evs":[0.0,-2.97251]},"J7o":{"weight":1.0,"played":[1.0,0.0],"evs":[0.0,-3.17247]},"Q7o":{"weight":1.0,"played":[1.0,0.0],"evs":[0.0,-3.36227]},"K7o":{"weight":1.0,"played":[1.0,0.0],"evs":[0.0,-2.83332]},"A7o":{"weight":1.0,"played":[1.0,0.0],"evs":[0.0,-3.62918]},"82s":{"weight":1.0,"played":[1.0,0.0],"evs":[0.0,-3.35716]},"83s":{"weight":1.0,"played":[1.0,0.0],"evs":[0.0,-3.34405]},"84s":{"weight":1.0,"played":[1.0,0.0],"evs":[0.0,-2.86129]},"85s":{"weight":1.0,"played":[1.0,0.0],"evs":[0.0,-2.2184]},"86s":{"weight":1.0,"played":[1.0,0.0],"evs":[0.0,-2.02746]},"87s":{"weight":1.0,"played":[1.0,0.0],"evs":[0.0,-1.46309]},"88":{"weight":1.0,"played":[0.0,1.0],"evs":[0.0,1.00472]},"98o":{"weight":1.0,"played":[1.0,0.0],"evs":[0.0,-2.33069]},"T8o":{"weight":1.0,"played":[1.0,0.0],"evs":[0.0,-2.53783]},"J8o":{"weight":1.0,"played":[1.0,0.0],"evs":[0.0,-2.8646]},"Q8o":{"weight":1.0,"played":[1.0,0.0],"evs":[0.0,-3.03495]},"K8o":{"weight":1.0,"played":[1.0,0.0],"evs":[0.0,-2.90532]},"A8o":{"weight":1.0,"played":[1.0,0.0],"evs":[0.0,-3.41155]},"92s":{"weight":1.0,"played":[1.0,0.0],"evs":[0.0,-3.01571]},"93s":{"weight":1.0,"played":[1.0,0.0],"evs":[0.0,-2.95864]},"94s":{"weight":1.0,"played":[1.0,0.0],"evs":[0.0,-3.01596]},"95s":{"weight":1.0,"played":[1.0,0.0],"evs":[0.0,-2.66839]},"96s":{"weight":1.0,"played":[1.0,0.0],"evs":[0.0,-1.95217]},"97s":{"weight":1.0,"played":[1.0,0.0],"evs":[0.0,-1.6918]},"98s":{"weight":1.0,"played":[1.0,0.0],"evs":[0.0,-1.44193]},"99":{"weight":1.0,"played":[0.0,1.0],"evs":[0.0,2.03419]},"T9o":{"weight":1.0,"played":[1.0,0.0],"evs":[0.0,-2.12631]},"J9o":{"weight":1.0,"played":[1.0,0.0],"evs":[0.0,-2.43139]},"Q9o":{"weight":1.0,"played":[1.0,0.0],"evs":[0.0,-2.62598]},"K9o":{"weight":1.0,"played":[1.0,0.0],"evs":[0.0,-2.55557]},"A9o":{"weight":1.0,"played":[1.0,0.0],"evs":[0.0,-3.34968]},"T2s":{"weight":1.0,"played":[1.0,0.0],"evs":[0.0,-3.13799]},"T3s":{"weight":1.0,"played":[1.0,0.0],"evs":[0.0,-2.98577]},"T4s":{"weight":1.0,"played":[1.0,0.0],"evs":[0.0,-2.74244]},"T5s":{"weight":1.0,"played":[0.9999,1.0E-4],"evs":[0.0,-2.96766]},"T6s":{"weight":1.0,"played":[1.0,0.0],"evs":[0.0,-2.39754]},"T7s":{"weight":1.0,"played":[1.0,0.0],"evs":[0.0,-1.95025]},"T8s":{"weight":1.0,"played":[1.0,0.0],"evs":[0.0,-1.53252]},"T9s":{"weight":1.0,"played":[0.9999,1.0E-4],"evs":[0.0,-1.19254]},"TT":{"weight":1.0,"played":[0.0,1.0],"evs":[0.0,3.12011]},"JTo":{"weight":1.0,"played":[1.0,0.0],"evs":[0.0,-2.11027]},"QTo":{"weight":1.0,"played":[1.0,0.0],"evs":[0.0,-2.19621]},"KTo":{"weight":1.0,"played":[1.0,0.0],"evs":[0.0,-2.15319]},"ATo":{"weight":1.0,"played":[1.0,0.0],"evs":[0.0,-2.5999]},"J2s":{"weight":1.0,"played":[1.0,0.0],"evs":[0.0,-3.18473]},"J3s":{"weight":1.0,"played":[1.0,0.0],"evs":[0.0,-3.00318]},"J4s":{"weight":1.0,"played":[1.0,0.0],"evs":[0.0,-2.80658]},"J5s":{"weight":1.0,"played":[1.0,0.0],"evs":[0.0,-2.68082]},"J6s":{"weight":1.0,"played":[1.0,0.0],"evs":[0.0,-2.51817]},"J7s":{"weight":1.0,"played":[1.0,0.0],"evs":[0.0,-2.19388]},"J8s":{"weight":1.0,"played":[1.0,0.0],"evs":[0.0,-1.84844]},"J9s":{"weight":1.0,"played":[1.0,0.0],"evs":[0.0,-1.27956]},"JTs":{"weight":1.0,"played":[0.9998,2.0E-4],"evs":[0.0,-1.02148]},"JJ":{"weight":1.0,"played":[0.0,1.0],"evs":[0.0,4.41457]},"QJo":{"weight":1.0,"played":[1.0,0.0],"evs":[0.0,-2.17004]},"KJo":{"weight":1.0,"played":[1.0,0.0],"evs":[0.0,-2.04013]},"AJo":{"weight":1.0,"played":[1.0,0.0],"evs":[0.0,-1.87211]},"Q2s":{"weight":1.0,"played":[1.0,0.0],"evs":[0.0,-2.90311]},"Q3s":{"weight":1.0,"played":[1.0,0.0],"evs":[0.0,-2.78994]},"Q4s":{"weight":1.0,"played":[1.0,0.0],"evs":[0.0,-2.81576]},"Q5s":{"weight":1.0,"played":[1.0,0.0],"evs":[0.0,-2.84243]},"Q6s":{"weight":1.0,"played":[1.0,0.0],"evs":[0.0,-2.44893]},"Q7s":{"weight":1.0,"played":[1.0,0.0],"evs":[0.0,-2.25974]},"Q8s":{"weight":1.0,"played":[1.0,0.0],"evs":[0.0,-2.01573]},"Q9s":{"weight":1.0,"played":[0.9999,1.0E-4],"evs":[0.0,-1.68606]},"QTs":{"weight":1.0,"played":[0.9992,8.0E-4],"evs":[0.0,-1.28286]},"QJs":{"weight":1.0,"played":[0.9996,4.0E-4],"evs":[0.0,-1.05862]},"QQ":{"weight":1.0,"played":[0.0,1.0],"evs":[0.0,6.47629]},"KQo":{"weight":1.0,"played":[1.0,0.0],"evs":[0.0,-1.53341]},"AQo":{"weight":1.0,"played":[0.9986,0.0014],"evs":[0.0,-0.50517]},"K2s":{"weight":1.0,"played":[1.0,0.0],"evs":[0.0,-2.44614]},"K3s":{"weight":1.0,"played":[1.0,0.0],"evs":[0.0,-2.40047]},"K4s":{"weight":1.0,"played":[1.0,0.0],"evs":[0.0,-2.4876]},"K5s":{"weight":1.0,"played":[1.0,0.0],"evs":[0.0,-2.28471]},"K6s":{"weight":1.0,"played":[1.0,0.0],"evs":[0.0,-1.80342]},"K7s":{"weight":1.0,"played":[1.0,0.0],"evs":[0.0,-1.97014]},"K8s":{"weight":1.0,"played":[1.0,0.0],"evs":[0.0,-1.99255]},"K9s":{"weight":1.0,"played":[0.9999,1.0E-4],"evs":[0.0,-1.53935]},"KTs":{"weight":1.0,"played":[0.9997,3.0E-4],"evs":[0.0,-1.02792]},"KJs":{"weight":1.0,"played":[0.9993,7.0E-4],"evs":[0.0,-1.22963]},"KQs":{"weight":1.0,"played":[0.982,0.018],"evs":[0.0,-0.92875]},"KK":{"weight":1.0,"played":[0.0,1.0],"evs":[0.0,8.68529]},"AKo":{"weight":1.0,"played":[1.0E-4,0.9999],"evs":[0.0,1.1778]},"A2s":{"weight":1.0,"played":[1.0,0.0],"evs":[0.0,-3.02091]},"A3s":{"weight":1.0,"played":[1.0,0.0],"evs":[0.0,-2.76686]},"A4s":{"weight":1.0,"played":[1.0,0.0],"evs":[0.0,-2.60759]},"A5s":{"weight":1.0,"played":[1.0,0.0],"evs":[0.0,-2.53095]},"A6s":{"weight":1.0,"played":[1.0,0.0],"evs":[0.0,-2.72289]},"A7s":{"weight":1.0,"played":[1.0,0.0],"evs":[0.0,-2.33662]},"A8s":{"weight":1.0,"played":[1.0,0.0],"evs":[0.0,-2.35883]},"A9s":{"weight":1.0,"played":[1.0,0.0],"evs":[0.0,-1.94394]},"ATs":{"weight":1.0,"played":[1.0,0.0],"evs":[0.0,-1.52501]},"AJs":{"weight":1.0,"played":[0.9939,0.0061],"evs":[0.0,-0.54226]},"AQs":{"weight":1.0,"played":[9.0E-4,0.9991],"evs":[0.0,0.52181]},"AKs":{"weight":1.0,"played":[0.0,1.0],"evs":[0.0,1.87112]},"AA":{"weight":1.0,"played":[0.0,1.0],"evs":[0.0,11.36124]}}}