{"player":3,"street":0,"children":3,"sequence":[{"player":0,"type":"R","amount":32250000,"street":0},{"player":1,"type":"C","amount":32250000,"street":0},{"player":2,"type":"F","amount":0,"street":0}],"actions":[{"type":"F","amount":0,"node":119},{"type":"C","amount":32250000},{"type":"R","amount":51750000,"node":124}],"hands":{"22":{"weight":1.0,"played":[1.0,0.0,0.0],"evs":[0.0,-3.43249,-4.2]},"32o":{"weight":1.0,"played":[1.0,0.0,0.0],"evs":[0.0,-4.27961,-6.74351]},"42o":{"weight":1.0,"played":[1.0,0.0,0.0],"evs":[0.0,-4.19972,-6.61296]},"52o":{"weight":1.0,"played":[1.0,0.0,0.0],"evs":[0.0,-4.13929,-6.45949]},"62o":{"weight":1.0,"played":[1.0,0.0,0.0],"evs":[0.0,-4.23902,-6.70963]},"72o":{"weight":1.0,"played":[1.0,0.0,0.0],"evs":[0.0,-4.34378,-6.95329]},"82o":{"weight":1.0,"played":[1.0,0.0,0.0],"evs":[0.0,-4.29813,-6.82725]},"92o":{"weight":1.0,"played":[1.0,0.0,0.0],"evs":[0.0,-4.3433,-6.85556]},"T2o":{"weight":1.0,"played":[1.0,0.0,0.0],"evs":[0.0,-4.14352,-6.5557]},"J2o":{"weight":1.0,"played":[1.0,0.0,0.0],"evs":[0.0,-4.04298,-6.47117]},"Q2o":{"weight":1.0,"played":[1.0,0.0,0.0],"evs":[0.0,-4.0753,-6.57722]},"K2o":{"weight":1.0,"played":[1.0,0.0,0.0],"evs":[0.0,-3.92689,-6.35954]},"A2o":{"weight":1.0,"played":[1.0,0.0,0.0],"evs":[0.0,-4.0218,-5.799]},"32s":{"weight":1.0,"played":[1.0,0.0,0.0],"evs":[0.0,-3.72505,-5.73851]},"33":{"weight":1.0,"played":[1.0,0.0,0.0],"evs":[0.0,-3.29784,-4.0548]},"43o":{"weight":1.0,"played":[1.0,0.0,0.0],"evs":[0.0,-4.01637,-6.24036]},"53o":{"weight":1.0,"played":[1.0,0.0,0.0],"evs":[0.0,-3.92955,-6.05948]},"63o":{"weight":1.0,"played":[1.0,0.0,0.0],"evs":[0.0,-3.99821,-6.26922]},"73o":{"weight":1.0,"played":[1.0,0.0,0.0],"evs":[0.0,-4.15932,-6.51649]},"83o":{"weight":1.0,"played":[1.0,0.0,0.0],"evs":[0.0,-4.25012,-6.76235]},"93o":{"weight":1.0,"played":[1.0,0.0,0.0],"evs":[0.0,-4.31434,-6.78589]},"T3o":{"weight":1.0,"played":[1.0,0.0,0.0],"evs":[0.0,-4.12626,-6.46301]},"J3o":{"weight":1.0,"played":[1.0,0.0,0.0],"evs":[0.0,-4.02674,-6.3756]},"Q3o":{"weight":1.0,"played":[1.0,0.0,0.0],"evs":[0.0,-4.0224,-6.47886]},"K3o":{"weight":1.0,"played":[1.0,0.0,0.0],"evs":[0.0,-3.89462,-6.25349]},"A3o":{"weight":1.0,"played":[1.0,0.0,0.0],"evs":[0.0,-3.94933,-5.67862]},"42s":{"weight":1.0,"played":[1.0,0.0,0.0],"evs":[0.0,-3.6482,-5.62222]},"43s":{"weight":1.0,"played":[1.0,0.0,0.0],"evs":[0.0,-3.44566,-5.23911]},"44":{"weight":1.0,"played":[1.0,0.0,0.0],"evs":[0.0,-3.09056,-3.80104]},"54o":{"weight":1.0,"played":[1.0,0.0,0.0],"evs":[0.0,-3.72126,-5.70794]},"64o":{"weight":1.0,"played":[1.0,0.0,0.0],"evs":[0.0,-3.77498,-5.89033]},"74o":{"weight":1.0,"played":[1.0,0.0,0.0],"evs":[0.0,-3.91925,-6.13459]},"84o":{"weight":1.0,"played":[1.0,0.0,0.0],"evs":[0.0,-4.10664,-6.41506]},"94o":{"weight":1.0,"played":[1.0,0.0,0.0],"evs":[0.0,-4.27769,-6.7338]},"T4o":{"weight":1.0,"played":[1.0,0.0,0.0],"evs":[0.0,-4.07712,-6.36083]},"J4o":{"weight":1.0,"played":[1.0,0.0,0.0],"evs":[0.0,-3.987,-6.28906]},"Q4o":{"weight":1.0,"played":[1.0,0.0,0.0],"evs":[0.0,-4.00691,-6.39728]},"K4o":{"weight":1.0,"played":[1.0,0.0,0.0],"evs":[0.0,-3.84118,-6.13838]},"A4o":{"weight":1.0,"played":[1.0,0.0,0.0],"evs":[0.0,-3.86925,-5.56821]},"52s":{"weight":1.0,"played":[1.0,0.0,0.0],"evs":[0.0,-3.56591,-5.43478]},"53s":{"weight":1.0,"played":[1.0,0.0,0.0],"evs":[0.0,-3.34622,-5.08957]},"54s":{"weight":1.0,"played":[1.0,0.0,0.0],"evs":[0.0,-3.11583,-4.72287]},"55":{"weight":1.0,"played":[1.0,0.0,0.0],"evs":[0.0,-2.80821,-3.43125]},"65o":{"weight":1.0,"played":[1.0,0.0,0.0],"evs":[0.0,-3.55085,-5.47149]},"75o":{"weight":1.0,"played":[1.0,0.0,0.0],"evs":[0.0,-3.67937,-5.69699]},"85o":{"weight":1.0,"played":[1.0,0.0,0.0],"evs":[0.0,-3.84426,-5.95216]},"95o":{"weight":1.0,"played":[1.0,0.0,0.0],"evs":[0.0,-4.10206,-6.3237]},"T5o":{"weight":1.0,"played":[1.0,0.0,0.0],"evs":[0.0,-4.03285,-6.29239]},"J5o":{"weight":1.0,"played":[1.0,0.0,0.0],"evs":[0.0,-3.93537,-6.15863]},"Q5o":{"weight":1.0,"played":[1.0,0.0,0.0],"evs":[0.0,-3.93173,-6.22125]},"K5o":{"weight":1.0,"played":[1.0,0.0,0.0],"evs":[0.0,-3.74841,-5.97804]},"A5o":{"weight":1.0,"played":[1.0,0.0,0.0],"evs":[0.0,-3.77135,-5.39631]},"62s":{"weight":1.0,"played":[1.0,0.0,0.0],"evs":[0.0,-3.69244,-5.70364]},"63s":{"weight":1.0,"played":[1.0,0.0,0.0],"evs":[0.0,-3.42942,-5.30119]},"64s":{"weight":1.0,"played":[1.0,0.0,0.0],"evs":[0.0,-3.20237,-4.9221]},"65s":{"weight":1.0,"played":[1.0,0.0,0.0],"evs":[0.0,-2.96339,-4.55594]},"66":{"weight":1.0,"played":[1.0,0.0,0.0],"evs":[0.0,-2.45135,-2.99317]},"76o":{"weight":1.0,"played":[1.0,0.0,0.0],"evs":[0.0,-3.43409,-5.33605]},"86o":{"weight":1.0,"played":[1.0,0.0,0.0],"evs":[0.0,-3.55268,-5.54566]},"96o":{"weight":1.0,"played":[1.0,0.0,0.0],"evs":[0.0,-3.83683,-5.92184]},"T6o":{"weight":1.0,"played":[1.0,0.0,0.0],"evs":[0.0,-3.8092,-5.90398]},"J6o":{"weight":1.0,"played":[1.0,0.0,0.0],"evs":[0.0,-3.84569,-6.12015]},"Q6o":{"weight":1.0,"played":[1.0,0.0,0.0],"evs":[0.0,-3.84156,-6.13609]},"K6o":{"weight":1.0,"played":[1.0,0.0,0.0],"evs":[0.0,-3.65941,-5.85697]},"A6o":{"weight":1.0,"played":[1.0,0.0,0.0],"evs":[0.0,-3.93456,-5.70123]},"72s":{"weight":1.0,"played":[1.0,0.0,0.0],"evs":[0.0,-3.79519,-5.93233]},"73s":{"weight":1.0,"played":[1.0,0.0,0.0],"evs":[0.0,-3.60709,-5.5483]},"74s":{"weight":1.0,"played":[1.0,0.0,0.0],"evs":[0.0,-3.32758,-5.17254]},"75s":{"weight":1.0,"played":[1.0,0.0,0.0],"evs":[0.0,-3.10886,-4.77294]},"76s":{"weight":1.0,"played":[1.0,0.0,0.0],"evs":[0.0,-2.84203,-4.41508]},"77":{"weight":1.0,"played":[1.0,0.0,0.0],"evs":[0.0,-1.95308,-2.24766]},"87o":{"weight":1.0,"played":[1.0,0.0,0.0],"evs":[0.0,-3.35996,-5.216]},"97o":{"weight":1.0,"played":[1.0,0.0,0.0],"evs":[0.0,-3.58764,-5.54007]},"T7o":{"weight":1.0,"played":[1.0,0.0,0.0],"evs":[0.0,-3.56004,-5.51518]},"J7o":{"weight":1.0,"played":[1.0,0.0,0.0],"evs":[0.0,-3.6254,-5.68998]},"Q7o":{"weight":1.0,"played":[1.0,0.0,0.0],"evs":[0.0,-3.77675,-6.08181]},"K7o":{"weight":1.0,"played":[1.0,0.0,0.0],"evs":[0.0,-3.58707,-5.77483]},"A7o":{"weight":1.0,"played":[1.0,0.0,0.0],"evs":[0.0,-3.82252,-5.4957]},"82s":{"weight":1.0,"played":[1.0,0.0,0.0],"evs":[0.0,-3.69884,-5.74196]},"83s":{"weight":1.0,"played":[1.0,0.0,0.0],"evs":[0.0,-3.6722,-5.71504]},"84s":{"weight":1.0,"played":[1.0,0.0,0.0],"evs":[0.0,-3.50693,-5.36682]},"85s":{"weight":1.0,"played":[1.0,0.0,0.0],"evs":[0.0,-3.24107,-4.95828]},"86s":{"weight":1.0,"played":[1.0,0.0,0.0],"evs":[0.0,-2.96385,-4.58547]},"87s":{"weight":1.0,"played":[1.0,0.0,0.0],"evs":[0.0,-2.73886,-4.24426]},"88":{"weight":1.0,"played":[1.0,0.0,0.0],"evs":[0.0,-1.24534,-1.35924]},"98o":{"weight":1.0,"played":[1.0,0.0,0.0],"evs":[0.0,-3.41275,-5.24985]},"T8o":{"weight":1.0,"played":[1.0,0.0,0.0],"evs":[0.0,-3.35617,-5.17793]},"J8o":{"weight":1.0,"played":[1.0,0.0,0.0],"evs":[0.0,-3.44431,-5.3856]},"Q8o":{"weight":1.0,"played":[1.0,0.0,0.0],"evs":[0.0,-3.63561,-5.78191]},"K8o":{"weight":1.0,"played":[1.0,0.0,0.0],"evs":[0.0,-3.58698,-5.80167]},"A8o":{"weight":1.0,"played":[1.0,0.0,0.0],"evs":[0.0,-3.65733,-5.17166]},"92s":{"weight":1.0,"played":[1.0,0.0,0.0],"evs":[0.0,-3.74445,-5.8024]},"93s":{"weight":1.0,"played":[1.0,0.0,0.0],"evs":[0.0,-3.73132,-5.74256]},"94s":{"weight":1.0,"played":[1.0,0.0,0.0],"evs":[0.0,-3.74415,-5.75016]},"95s":{"weight":1.0,"played":[1.0,0.0,0.0],"evs":[0.0,-3.47533,-5.28384]},"96s":{"weight":1.0,"played":[1.0,0.0,0.0],"evs":[0.0,-3.21611,-4.9405]},"97s":{"weight":1.0,"played":[1.0,0.0,0.0],"evs":[0.0,-2.95873,-4.56474]},"98s":{"weight":1.0,"played":[1.0,0.0,0.0],"evs":[0.0,-2.79221,-4.26934]},"99":{"weight":1.0,"played":[1.0,0.0,0.0],"evs":[0.0,-0.60876,-0.57506]},"T9o":{"weight":1.0,"played":[1.0,0.0,0.0],"evs":[0.0,-3.31445,-5.0294]},"J9o":{"weight":1.0,"played":[1.0,0.0,0.0],"evs":[0.0,-3.35207,-5.18546]},"Q9o":{"weight":1.0,"played":[1.0,0.0,0.0],"evs":[0.0,-3.58686,-5.59499]},"K9o":{"weight":1.0,"played":[1.0,0.0,0.0],"evs":[0.0,-3.57332,-5.60298]},"A9o":{"weight":1.0,"played":[1.0,0.0,0.0],"evs":[0.0,-3.34688,-4.37789]},"T2s":{"weight":1.0,"played":[1.0,0.0,0.0],"evs":[0.0,-3.56371,-5.54066]},"T3s":{"weight":1.0,"played":[1.0,0.0,0.0],"evs":[0.0,-3.54986,-5.43465]},"T4s":{"weight":1.0,"played":[1.0,0.0,0.0],"evs":[0.0,-3.54594,-5.42136]},"T5s":{"weight":1.0,"played":[1.0,0.0,0.0],"evs":[0.0,-3.40951,-5.23406]},"T6s":{"weight":1.0,"played":[1.0,0.0,0.0],"evs":[0.0,-3.24105,-4.9786]},"T7s":{"weight":1.0,"played":[1.0,0.0,0.0],"evs":[0.0,-2.96456,-4.55836]},"T8s":{"weight":1.0,"played":[1.0,0.0,0.0],"evs":[0.0,-2.76121,-4.245]},"T9s":{"weight":1.0,"played":[1.0,0.0,0.0],"evs":[0.0,-2.68673,-4.07972]},"TT":{"weight":1.0,"played":[0.0,0.0039,0.9961],"evs":[0.0,0.32898,0.40536]},"JTo":{"weight":1.0,"played":[1.0,0.0,0.0],"evs":[0.0,-2.96101,-4.53749]},"QTo":{"weight":1.0,"played":[1.0,0.0,0.0],"evs":[0.0,-3.06826,-4.7683]},"KTo":{"weight":1.0,"played":[1.0,0.0,0.0],"evs":[0.0,-3.13685,-4.84834]},"ATo":{"weight":1.0,"played":[1.0,0.0,0.0],"evs":[0.0,-2.80263,-3.25078]},"J2s":{"weight":1.0,"played":[1.0,0.0,0.0],"evs":[0.0,-3.43802,-5.42967]},"J3s":{"weight":1.0,"played":[1.0,0.0,0.0],"evs":[0.0,-3.46313,-5.39]},"J4s":{"weight":1.0,"played":[1.0,0.0,0.0],"evs":[0.0,-3.43266,-5.32844]},"J5s":{"weight":1.0,"played":[1.0,0.0,0.0],"evs":[0.0,-3.32036,-5.10378]},"J6s":{"weight":1.0,"played":[1.0,0.0,0.0],"evs":[0.0,-3.2313,-5.0547]},"J7s":{"weight":1.0,"played":[1.0,0.0,0.0],"evs":[0.0,-3.02553,-4.70104]},"J8s":{"weight":1.0,"played":[1.0,0.0,0.0],"evs":[0.0,-2.81386,-4.37843]},"J9s":{"weight":1.0,"played":[1.0,0.0,0.0],"evs":[0.0,-2.72391,-4.1798]},"JTs":{"weight":1.0,"played":[1.0,0.0,0.0],"evs":[0.0,-2.39011,-3.6321]},"JJ":{"weight":1.0,"played":[0.0,0.0029,0.9971],"evs":[0.0,1.25359,1.2926]},"QJo":{"weight":1.0,"played":[1.0,0.0,0.0],"evs":[0.0,-2.98152,-4.68891]},"KJo":{"weight":1.0,"played":[1.0,0.0,0.0],"evs":[0.0,-2.89428,-4.5276]},"AJo":{"weight":1.0,"played":[1.0,0.0,0.0],"evs":[0.0,-2.40321,-2.69376]},"Q2s":{"weight":1.0,"played":[1.0,0.0,0.0],"evs":[0.0,-3.46329,-5.50331]},"Q3s":{"weight":1.0,"played":[1.0,0.0,0.0],"evs":[0.0,-3.44431,-5.39912]},"Q4s":{"weight":1.0,"played":[1.0,0.0,0.0],"evs":[0.0,-3.41753,-5.34777]},"Q5s":{"weight":1.0,"played":[1.0,0.0,0.0],"evs":[0.0,-3.34482,-5.22724]},"Q6s":{"weight":1.0,"played":[1.0,0.0,0.0],"evs":[0.0,-3.21559,-5.07269]},"Q7s":{"weight":1.0,"played":[1.0,0.0,0.0],"evs":[0.0,-3.15463,-5.01195]},"Q8s":{"weight":1.0,"played":[1.0,0.0,0.0],"evs":[0.0,-3.019,-4.76124]},"Q9s":{"weight":1.0,"played":[1.0,0.0,0.0],"evs":[0.0,-2.9831,-4.6016]},"QTs":{"weight":1.0,"played":[1.0,0.0,0.0],"evs":[0.0,-2.49033,-3.85093]},"QJs":{"weight":1.0,"played":[1.0,0.0,0.0],"evs":[0.0,-2.37382,-3.73036]},"QQ":{"weight":1.0,"played":[0.0,0.0,1.0],"evs":[0.0,2.96712,3.04386]},"KQo":{"weight":1.0,"played":[1.0,0.0,0.0],"evs":[0.0,-2.58926,-3.84837]},"AQo":{"weight":1.0,"played":[1.0,0.0,0.0],"evs":[0.0,-1.53515,-1.48961]},"K2s":{"weight":1.0,"played":[1.0,0.0,0.0],"evs":[0.0,-3.36566,-5.34147]},"K3s":{"weight":1.0,"played":[1.0,0.0,0.0],"evs":[0.0,-3.31223,-5.22319]},"K4s":{"weight":1.0,"played":[1.0,0.0,0.0],"evs":[0.0,-3.2197,-5.12689]},"K5s":{"weight":1.0,"played":[1.0,0.0,0.0],"evs":[0.0,-3.1827,-4.9351]},"K6s":{"weight":1.0,"played":[1.0,0.0,0.0],"evs":[0.0,-3.07309,-4.8574]},"K7s":{"weight":1.0,"played":[1.0,0.0,0.0],"evs":[0.0,-3.00158,-4.77458]},"K8s":{"weight":1.0,"played":[1.0,0.0,0.0],"evs":[0.0,-2.96179,-4.74406]},"K9s":{"weight":1.0,"played":[1.0,0.0,0.0],"evs":[0.0,-2.92185,-4.58246]},"KTs":{"weight":1.0,"played":[1.0,0.0,0.0],"evs":[0.0,-2.53167,-3.90091]},"KJs":{"weight":1.0,"played":[1.0,0.0,0.0],"evs":[0.0,-2.27716,-3.56129]},"KQs":{"weight":1.0,"played":[1.0,0.0,0.0],"evs":[0.0,-1.95967,-2.9488]},"KK":{"weight":1.0,"played":[0.0,1.0E-4,0.9999],"evs":[0.0,5.02719,5.07228]},"AKo":{"weight":1.0,"played":[0.9967,0.0,0.0033],"evs":[0.0,-0.40263,-0.23073]},"A2s":{"weight":1.0,"played":[1.0,0.0,0.0],"evs":[0.0,-3.34387,-4.75384]},"A3s":{"weight":1.0,"played":[1.0,0.0,0.0],"evs":[0.0,-3.22884,-4.62847]},"A4s":{"weight":1.0,"played":[1.0,0.0,0.0],"evs":[0.0,-3.22763,-4.58108]},"A5s":{"weight":1.0,"played":[1.0,0.0,0.0],"evs":[0.0,-3.04689,-4.34375]},"A6s":{"weight":1.0,"played":[1.0,0.0,0.0],"evs":[0.0,-3.2477,-4.66438]},"A7s":{"weight":1.0,"played":[1.0,0.0,0.0],"evs":[0.0,-3.12042,-4.47476]},"A8s":{"weight":1.0,"played":[1.0,0.0,0.0],"evs":[0.0,-2.91732,-4.11847]},"A9s":{"weight":1.0,"played":[1.0,0.0,0.0],"evs":[0.0,-2.64812,-3.46746]},"ATs":{"weight":1.0,"played":[1.0,0.0,0.0],"evs":[0.0,-2.06676,-2.39623]},"AJs":{"weight":1.0,"played":[1.0,0.0,0.0],"evs":[0.0,-1.61666,-1.83968]},"AQs":{"weight":1.0,"played":[1.0,0.0,0.0],"evs":[0.0,-0.73865,-0.6724]},"AKs":{"weight":1.0,"played":[0.0,0.009,0.991],"evs":[0.0,0.39276,0.51468]},"AA":{"weight":1.0,"played":[0.0,0.0,1.0],"evs":[0.0,8.14307,8.27527]}}}