{"player":5,"street":0,"children":2,"sequence":[{"player":0,"type":"R","amount":32250000,"street":0},{"player":1,"type":"C","amount":32250000,"street":0},{"player":2,"type":"F","amount":0,"street":0},{"player":3,"type":"R","amount":51750000,"street":0},{"player":4,"type":"C","amount":16750000,"street":0}],"actions":[{"type":"F","amount":0,"node":129},{"type":"C","amount":46750000,"node":130}],"hands":{"22":{"weight":1.0,"played":[0.9984,0.0016],"evs":[0.0,-5.66112]},"32o":{"weight":1.0,"played":[1.0,0.0],"evs":[0.0,-3.96485]},"42o":{"weight":1.0,"played":[0.9976,0.0024],"evs":[0.0,-4.1179]},"52o":{"weight":1.0,"played":[0.9962,0.0038],"evs":[0.0,-3.79664]},"62o":{"weight":1.0,"played":[0.9999,1.0E-4],"evs":[0.0,-6.93634]},"72o":{"weight":1.0,"played":[1.0,0.0],"evs":[0.0,-5.34593]},"82o":{"weight":1.0,"played":[0.9995,5.0E-4],"evs":[0.0,-6.42626]},"92o":{"weight":1.0,"played":[1.0,0.0],"evs":[0.0,-8.1659]},"T2o":{"weight":1.0,"played":[1.0,0.0],"evs":[0.0,-7.98785]},"J2o":{"weight":1.0,"played":[0.9999,1.0E-4],"evs":[0.0,-5.08102]},"Q2o":{"weight":1.0,"played":[0.9998,2.0E-4],"evs":[0.0,-5.14975]},"K2o":{"weight":1.0,"played":[1.0,0.0],"evs":[0.0,-5.38802]},"A2o":{"weight":1.0,"played":[1.0,0.0],"evs":[0.0,-8.51824]},"32s":{"weight":1.0,"played":[0.9935,0.0065],"evs":[0.0,-6.18683]},"33":{"weight":1.0,"played":[1.0,0.0],"evs":[0.0,-6.63981]},"43o":{"weight":1.0,"played":[0.9199,0.0801],"evs":[0.0,-5.02697]},"53o":{"weight":1.0,"played":[1.0,0.0],"evs":[0.0,-5.69885]},"63o":{"weight":1.0,"played":[0.9977,0.0023],"evs":[0.0,-5.19022]},"73o":{"weight":1.0,"played":[0.9993,7.0E-4],"evs":[0.0,-5.07659]},"83o":{"weight":1.0,"played":[0.9996,4.0E-4],"evs":[0.0,-6.63883]},"93o":{"weight":1.0,"played":[0.9996,4.0E-4],"evs":[0.0,-7.19231]},"T3o":{"weight":1.0,"played":[1.0,0.0],"evs":[0.0,-7.78023]},"J3o":{"weight":1.0,"played":[0.9983,0.0017],"evs":[0.0,-6.26467]},"Q3o":{"weight":1.0,"played":[0.9963,0.0037],"evs":[0.0,-7.49342]},"K3o":{"weight":1.0,"played":[0.9948,0.0052],"evs":[0.0,-4.96939]},"A3o":{"weight":1.0,"played":[0.9946,0.0054],"evs":[0.0,-5.42465]},"42s":{"weight":1.0,"played":[0.8906,0.1094],"evs":[0.0,-3.48475]},"43s":{"weight":1.0,"played":[1.0,0.0],"evs":[0.0,-3.30409]},"44":{"weight":1.0,"played":[0.9678,0.0322],"evs":[0.0,-4.65738]},"54o":{"weight":1.0,"played":[0.9948,0.0052],"evs":[0.0,-5.07153]},"64o":{"weight":1.0,"played":[0.9863,0.0137],"evs":[0.0,-6.35593]},"74o":{"weight":1.0,"played":[0.9982,0.0018],"evs":[0.0,-5.32741]},"84o":{"weight":1.0,"played":[1.0,0.0],"evs":[0.0,-5.03009]},"94o":{"weight":1.0,"played":[0.998,0.002],"evs":[0.0,-6.76707]},"T4o":{"weight":1.0,"played":[0.9995,5.0E-4],"evs":[0.0,-7.03703]},"J4o":{"weight":1.0,"played":[1.0,0.0],"evs":[0.0,-6.50312]},"Q4o":{"weight":1.0,"played":[0.9975,0.0025],"evs":[0.0,-5.79755]},"K4o":{"weight":1.0,"played":[0.9993,7.0E-4],"evs":[0.0,-6.39057]},"A4o":{"weight":1.0,"played":[0.9654,0.0346],"evs":[0.0,-6.10553]},"52s":{"weight":1.0,"played":[0.8278,0.1722],"evs":[0.0,-6.40134]},"53s":{"weight":1.0,"played":[1.0,0.0],"evs":[0.0,-3.6545]},"54s":{"weight":1.0,"played":[0.9541,0.0459],"evs":[0.0,-3.64367]},"55":{"weight":1.0,"played":[0.9624,0.0376],"evs":[0.0,-3.75988]},"65o":{"weight":1.0,"played":[0.9971,0.0029],"evs":[0.0,-5.74432]},"75o":{"weight":1.0,"played":[1.0,0.0],"evs":[0.0,-5.1961]},"85o":{"weight":1.0,"played":[0.9924,0.0076],"evs":[0.0,-7.0585]},"95o":{"weight":1.0,"played":[0.9983,0.0017],"evs":[0.0,-6.82392]},"T5o":{"weight":1.0,"played":[1.0,0.0],"evs":[0.0,-6.35101]},"J5o":{"weight":1.0,"played":[0.9982,0.0018],"evs":[0.0,-3.51103]},"Q5o":{"weight":1.0,"played":[0.9883,0.0117],"evs":[0.0,-5.48495]},"K5o":{"weight":1.0,"played":[0.9907,0.0093],"evs":[0.0,-6.22311]},"A5o":{"weight":1.0,"played":[0.9798,0.0202],"evs":[0.0,-5.78238]},"62s":{"weight":1.0,"played":[0.9429,0.0571],"evs":[0.0,-1.83187]},"63s":{"weight":1.0,"played":[0.8957,0.1043],"evs":[0.0,-1.70216]},"64s":{"weight":1.0,"played":[0.5377,0.4623],"evs":[0.0,-2.092]},"65s":{"weight":1.0,"played":[0.9909,0.0091],"evs":[0.0,-0.9]},"66":{"weight":1.0,"played":[0.9825,0.0175],"evs":[0.0,-3.76702]},"76o":{"weight":1.0,"played":[0.9587,0.0413],"evs":[0.0,-4.18657]},"86o":{"weight":1.0,"played":[0.9936,0.0064],"evs":[0.0,-5.40273]},"96o":{"weight":1.0,"played":[0.9966,0.0034],"evs":[0.0,-5.43183]},"T6o":{"weight":1.0,"played":[0.9923,0.0077],"evs":[0.0,-5.04073]},"J6o":{"weight":1.0,"played":[0.9983,0.0017],"evs":[0.0,-8.37548]},"Q6o":{"weight":1.0,"played":[0.9815,0.0185],"evs":[0.0,-5.26216]},"K6o":{"weight":1.0,"played":[0.9897,0.0103],"evs":[0.0,-5.05023]},"A6o":{"weight":1.0,"played":[0.9767,0.0233],"evs":[0.0,-6.29138]},"72s":{"weight":1.0,"played":[0.9775,0.0225],"evs":[0.0,-6.71799]},"73s":{"weight":1.0,"played":[0.9964,0.0036],"evs":[0.0,-5.18507]},"74s":{"weight":1.0,"played":[0.8128,0.1872],"evs":[0.0,-5.91743]},"75s":{"weight":1.0,"played":[0.8516,0.1484],"evs":[0.0,-0.94182]},"76s":{"weight":1.0,"played":[0.7479,0.2521],"evs":[0.0,-2.48986]},"77":{"weight":1.0,"played":[0.848,0.152],"evs":[0.0,-2.93471]},"87o":{"weight":1.0,"played":[0.9976,0.0024],"evs":[0.0,-5.58436]},"97o":{"weight":1.0,"played":[1.0,0.0],"evs":[0.0,-5.60518]},"T7o":{"weight":1.0,"played":[1.0,0.0],"evs":[0.0,-4.37115]},"J7o":{"weight":1.0,"played":[0.9942,0.0058],"evs":[0.0,-6.50883]},"Q7o":{"weight":1.0,"played":[1.0,0.0],"evs":[0.0,-7.35876]},"K7o":{"weight":1.0,"played":[0.9992,8.0E-4],"evs":[0.0,-6.27072]},"A7o":{"weight":1.0,"played":[0.9999,1.0E-4],"evs":[0.0,-6.80869]},"82s":{"weight":1.0,"played":[0.8154,0.1846],"evs":[0.0,-4.03326]},"83s":{"weight":1.0,"played":[1.0,0.0],"evs":[0.0,-7.11843]},"84s":{"weight":1.0,"played":[0.9351,0.0649],"evs":[0.0,-6.41027]},"85s":{"weight":1.0,"played":[0.9399,0.0601],"evs":[0.0,-3.05805]},"86s":{"weight":1.0,"played":[0.9845,0.0155],"evs":[0.0,-5.67211]},"87s":{"weight":1.0,"played":[0.9914,0.0086],"evs":[0.0,-5.1843]},"88":{"weight":1.0,"played":[0.9161,0.0839],"evs":[0.0,-3.87068]},"98o":{"weight":1.0,"played":[0.9846,0.0154],"evs":[0.0,-6.70132]},"T8o":{"weight":1.0,"played":[1.0,0.0],"evs":[0.0,-5.70262]},"J8o":{"weight":1.0,"played":[0.995,0.005],"evs":[0.0,-6.01012]},"Q8o":{"weight":1.0,"played":[0.9999,1.0E-4],"evs":[0.0,-6.0853]},"K8o":{"weight":1.0,"played":[0.9965,0.0035],"evs":[0.0,-5.65154]},"A8o":{"weight":1.0,"played":[0.9997,3.0E-4],"evs":[0.0,-6.01842]},"92s":{"weight":1.0,"played":[0.9892,0.0108],"evs":[0.0,-5.2227]},"93s":{"weight":1.0,"played":[0.9993,7.0E-4],"evs":[0.0,-3.40955]},"94s":{"weight":1.0,"played":[0.9732,0.0268],"evs":[0.0,-3.87714]},"95s":{"weight":1.0,"played":[1.0,0.0],"evs":[0.0,-5.42392]},"96s":{"weight":1.0,"played":[0.9447,0.0553],"evs":[0.0,-6.69386]},"97s":{"weight":1.0,"played":[0.957,0.043],"evs":[0.0,-2.4927]},"98s":{"weight":1.0,"played":[0.9663,0.0337],"evs":[0.0,-7.04286]},"99":{"weight":1.0,"played":[0.9669,0.0331],"evs":[0.0,-3.44244]},"T9o":{"weight":1.0,"played":[0.9986,0.0014],"evs":[0.0,-5.52475]},"J9o":{"weight":1.0,"played":[1.0,0.0],"evs":[0.0,-6.14586]},"Q9o":{"weight":1.0,"played":[1.0,0.0],"evs":[0.0,-5.11826]},"K9o":{"weight":1.0,"played":[0.9968,0.0032],"evs":[0.0,-5.77802]},"A9o":{"weight":1.0,"played":[0.9942,0.0058],"evs":[0.0,-6.6474]},"T2s":{"weight":1.0,"played":[0.9994,6.0E-4],"evs":[0.0,-8.365]},"T3s":{"weight":1.0,"played":[0.9617,0.0383],"evs":[0.0,-7.90709]},"T4s":{"weight":1.0,"played":[0.9566,0.0434],"evs":[0.0,-6.0765]},"T5s":{"weight":1.0,"played":[0.8507,0.1493],"evs":[0.0,-3.48164]},"T6s":{"weight":1.0,"played":[0.9985,0.0015],"evs":[0.0,-6.97885]},"T7s":{"weight":1.0,"played":[0.992,0.008],"evs":[0.0,-6.58013]},"T8s":{"weight":1.0,"played":[1.0,0.0],"evs":[0.0,-5.38431]},"T9s":{"weight":1.0,"played":[0.5171,0.4829],"evs":[0.0,-2.50224]},"TT":{"weight":1.0,"played":[0.9915,0.0085],"evs":[0.0,-8.68686]},"JTo":{"weight":1.0,"played":[0.9928,0.0072],"evs":[0.0,-5.78299]},"QTo":{"weight":1.0,"played":[0.9999,1.0E-4],"evs":[0.0,-4.69064]},"KTo":{"weight":1.0,"played":[1.0,0.0],"evs":[0.0,-7.24992]},"ATo":{"weight":1.0,"played":[0.9981,0.0019],"evs":[0.0,-4.83369]},"J2s":{"weight":1.0,"played":[0.9917,0.0083],"evs":[0.0,-5.15938]},"J3s":{"weight":1.0,"played":[0.9987,0.0013],"evs":[0.0,-5.1695]},"J4s":{"weight":1.0,"played":[0.8533,0.1467],"evs":[0.0,-3.28696]},"J5s":{"weight":1.0,"played":[0.9593,0.0407],"evs":[0.0,-3.5599]},"J6s":{"weight":1.0,"played":[0.9942,0.0058],"evs":[0.0,-3.52067]},"J7s":{"weight":1.0,"played":[0.9916,0.0084],"evs":[0.0,-3.98642]},"J8s":{"weight":1.0,"played":[0.7549,0.2451],"evs":[0.0,-0.28182]},"J9s":{"weight":1.0,"played":[0.9991,9.0E-4],"evs":[0.0,-3.4294]},"JTs":{"weight":1.0,"played":[0.9858,0.0142],"evs":[0.0,-4.30008]},"JJ":{"weight":1.0,"played":[0.9656,0.0344],"evs":[0.0,-4.75399]},"QJo":{"weight":1.0,"played":[0.9954,0.0046],"evs":[0.0,-5.65481]},"KJo":{"weight":1.0,"played":[0.9625,0.0375],"evs":[0.0,-8.39233]},"AJo":{"weight":1.0,"played":[0.9471,0.0529],"evs":[0.0,-5.11771]},"Q2s":{"weight":1.0,"played":[0.9788,0.0212],"evs":[0.0,-2.82856]},"Q3s":{"weight":1.0,"played":[0.9633,0.0367],"evs":[0.0,-4.41374]},"Q4s":{"weight":1.0,"played":[0.8545,0.1455],"evs":[0.0,-2.32187]},"Q5s":{"weight":1.0,"played":[0.9997,3.0E-4],"evs":[0.0,-4.18719]},"Q6s":{"weight":1.0,"played":[0.7738,0.2262],"evs":[0.0,-0.23068]},"Q7s":{"weight":1.0,"played":[0.9953,0.0047],"evs":[0.0,-6.1125]},"Q8s":{"weight":1.0,"played":[0.8071,0.1929],"evs":[0.0,-3.57068]},"Q9s":{"weight":1.0,"played":[0.9114,0.0886],"evs":[0.0,-4.14597]},"QTs":{"weight":1.0,"played":[0.8407,0.1593],"evs":[0.0,-6.04455]},"QJs":{"weight":1.0,"played":[0.9898,0.0102],"evs":[0.0,-3.57159]},"QQ":{"weight":1.0,"played":[0.6509,0.3491],"evs":[0.0,-0.85197]},"KQo":{"weight":1.0,"played":[0.9997,3.0E-4],"evs":[0.0,-4.22036]},"AQo":{"weight":1.0,"played":[0.9909,0.0091],"evs":[0.0,-3.76584]},"K2s":{"weight":1.0,"played":[0.9869,0.0131],"evs":[0.0,-4.5608]},"K3s":{"weight":1.0,"played":[0.7707,0.2293],"evs":[0.0,2.23694]},"K4s":{"weight":1.0,"played":[0.9892,0.0108],"evs":[0.0,-6.54294]},"K5s":{"weight":1.0,"played":[0.9584,0.0416],"evs":[0.0,-1.91729]},"K6s":{"weight":1.0,"played":[0.7545,0.2455],"evs":[0.0,-4.22688]},"K7s":{"weight":1.0,"played":[0.9771,0.0229],"evs":[0.0,-3.80747]},"K8s":{"weight":1.0,"played":[0.9923,0.0077],"evs":[0.0,-3.78238]},"K9s":{"weight":1.0,"played":[0.9664,0.0336],"evs":[0.0,-5.29758]},"KTs":{"weight":1.0,"played":[0.5577,0.4423],"evs":[0.0,-3.49249]},"KJs":{"weight":1.0,"played":[0.3198,0.6802],"evs":[0.0,0.88711]},"KQs":{"weight":1.0,"played":[0.1449,0.8551],"evs":[0.0,0.53322]},"KK":{"weight":1.0,"played":[0.3402,0.6598],"evs":[0.0,3.44413]},"AKo":{"weight":1.0,"played":[0.9908,0.0092],"evs":[0.0,-6.22406]},"A2s":{"weight":1.0,"played":[0.4746,0.5254],"evs":[0.0,-2.82709]},"A3s":{"weight":1.0,"played":[0.866,0.134],"evs":[0.0,-2.49336]},"A4s":{"weight":1.0,"played":[0.9783,0.0217],"evs":[0.0,-5.20355]},"A5s":{"weight":1.0,"played":[0.8876,0.1124],"evs":[0.0,-3.69668]},"A6s":{"weight":1.0,"played":[1.0,0.0],"evs":[0.0,-8.29121]},"A7s":{"weight":1.0,"played":[0.628,0.372],"evs":[0.0,0.78288]},"A8s":{"weight":1.0,"played":[0.9357,0.0643],"evs":[0.0,-9.21431]},"A9s":{"weight":1.0,"played":[0.9048,0.0952],"evs":[0.0,-3.28401]},"ATs":{"weight":1.0,"played":[1.0,0.0],"evs":[0.0,-6.11119]},"AJs":{"weight":1.0,"played":[0.7654,0.2346],"evs":[0.0,-1.20599]},"AQs":{"weight":1.0,"played":[0.9921,0.0079],"evs":[0.0,-4.31514]},"AKs":{"weight":1.0,"played":[0.9841,0.0159],"evs":[0.0,-7.59156]},"AA":{"weight":1.0,"played":[1.0E-4,0.9999],"evs":[0.0,11.7404]}}}