{"player":4,"street":0,"children":2,"sequence":[{"player":0,"type":"R","amount":32250000,"street":0},{"player":1,"type":"C","amount":32250000,"street":0},{"player":2,"type":"C","amount":12250000,"street":0},{"player":3,"type":"F","amount":0,"street":0}],"actions":[{"type":"F","amount":0,"node":133},{"type":"C","amount":16750000,"node":135}],"hands":{"22":{"weight":1.0,"played":[1.0,0.0],"evs":[0.0,-1.86048]},"32o":{"weight":1.0,"played":[1.0,0.0],"evs":[0.0,-2.78107]},"42o":{"weight":1.0,"played":[1.0,0.0],"evs":[0.0,-2.68388]},"52o":{"weight":1.0,"played":[1.0,0.0],"evs":[0.0,-2.56348]},"62o":{"weight":1.0,"played":[1.0,0.0],"evs":[0.0,-2.69925]},"72o":{"weight":1.0,"played":[1.0,0.0],"evs":[0.0,-3.02211]},"82o":{"weight":1.0,"played":[1.0,0.0],"evs":[0.0,-2.92405]},"92o":{"weight":1.0,"played":[1.0,0.0],"evs":[0.0,-2.93843]},"T2o":{"weight":1.0,"played":[1.0,0.0],"evs":[0.0,-3.01202]},"J2o":{"weight":1.0,"played":[1.0,0.0],"evs":[0.0,-3.00699]},"Q2o":{"weight":1.0,"played":[1.0,0.0],"evs":[0.0,-2.85353]},"K2o":{"weight":1.0,"played":[1.0,0.0],"evs":[0.0,-2.8131]},"A2o":{"weight":1.0,"played":[1.0,0.0],"evs":[0.0,-2.67881]},"32s":{"weight":1.0,"played":[1.0,0.0],"evs":[0.0,-2.07507]},"33":{"weight":1.0,"played":[1.0,0.0],"evs":[0.0,-1.77173]},"43o":{"weight":1.0,"played":[1.0,0.0],"evs":[0.0,-2.31677]},"53o":{"weight":1.0,"played":[1.0,0.0],"evs":[0.0,-2.2365]},"63o":{"weight":1.0,"played":[1.0,0.0],"evs":[0.0,-2.41447]},"73o":{"weight":1.0,"played":[1.0,0.0],"evs":[0.0,-2.70621]},"83o":{"weight":1.0,"played":[1.0,0.0],"evs":[0.0,-2.93084]},"93o":{"weight":1.0,"played":[1.0,0.0],"evs":[0.0,-2.90522]},"T3o":{"weight":1.0,"played":[1.0,0.0],"evs":[0.0,-2.91432]},"J3o":{"weight":1.0,"played":[1.0,0.0],"evs":[0.0,-2.83813]},"Q3o":{"weight":1.0,"played":[1.0,0.0],"evs":[0.0,-2.81814]},"K3o":{"weight":1.0,"played":[1.0,0.0],"evs":[0.0,-2.6854]},"A3o":{"weight":1.0,"played":[1.0,0.0],"evs":[0.0,-2.65659]},"42s":{"weight":1.0,"played":[1.0,0.0],"evs":[0.0,-1.9006]},"43s":{"weight":1.0,"played":[0.9998,2.0E-4],"evs":[0.0,-1.76533]},"44":{"weight":1.0,"played":[1.0,0.0],"evs":[0.0,-1.61916]},"54o":{"weight":1.0,"played":[1.0,0.0],"evs":[0.0,-1.97543]},"64o":{"weight":1.0,"played":[1.0,0.0],"evs":[0.0,-2.13294]},"74o":{"weight":1.0,"played":[1.0,0.0],"evs":[0.0,-2.42071]},"84o":{"weight":1.0,"played":[1.0,0.0],"evs":[0.0,-2.65269]},"94o":{"weight":1.0,"played":[1.0,0.0],"evs":[0.0,-2.9654]},"T4o":{"weight":1.0,"played":[1.0,0.0],"evs":[0.0,-2.90532]},"J4o":{"weight":1.0,"played":[1.0,0.0],"evs":[0.0,-2.69187]},"Q4o":{"weight":1.0,"played":[1.0,0.0],"evs":[0.0,-2.72723]},"K4o":{"weight":1.0,"played":[1.0,0.0],"evs":[0.0,-2.54635]},"A4o":{"weight":1.0,"played":[1.0,0.0],"evs":[0.0,-2.45088]},"52s":{"weight":1.0,"played":[1.0,0.0],"evs":[0.0,-1.88943]},"53s":{"weight":1.0,"played":[1.0,0.0],"evs":[0.0,-1.46202]},"54s":{"weight":1.0,"played":[1.0,0.0],"evs":[0.0,-1.2969]},"55":{"weight":1.0,"played":[1.0,0.0],"evs":[0.0,-1.42254]},"65o":{"weight":1.0,"played":[1.0,0.0],"evs":[0.0,-1.85881]},"75o":{"weight":1.0,"played":[1.0,0.0],"evs":[0.0,-2.05194]},"85o":{"weight":1.0,"played":[1.0,0.0],"evs":[0.0,-2.34503]},"95o":{"weight":1.0,"played":[1.0,0.0],"evs":[0.0,-2.61016]},"T5o":{"weight":1.0,"played":[1.0,0.0],"evs":[0.0,-2.8488]},"J5o":{"weight":1.0,"played":[1.0,0.0],"evs":[0.0,-2.72273]},"Q5o":{"weight":1.0,"played":[1.0,0.0],"evs":[0.0,-2.73768]},"K5o":{"weight":1.0,"played":[1.0,0.0],"evs":[0.0,-2.47163]},"A5o":{"weight":1.0,"played":[1.0,0.0],"evs":[0.0,-2.44821]},"62s":{"weight":1.0,"played":[1.0,0.0],"evs":[0.0,-1.8356]},"63s":{"weight":1.0,"played":[1.0,0.0],"evs":[0.0,-1.84247]},"64s":{"weight":1.0,"played":[0.9999,1.0E-4],"evs":[0.0,-1.62791]},"65s":{"weight":1.0,"played":[0.9999,1.0E-4],"evs":[0.0,-1.01999]},"66":{"weight":1.0,"played":[1.0,0.0],"evs":[0.0,-1.35317]},"76o":{"weight":1.0,"played":[1.0,0.0],"evs":[0.0,-1.87343]},"86o":{"weight":1.0,"played":[1.0,0.0],"evs":[0.0,-2.1406]},"96o":{"weight":1.0,"played":[1.0,0.0],"evs":[0.0,-2.39948]},"T6o":{"weight":1.0,"played":[1.0,0.0],"evs":[0.0,-2.53746]},"J6o":{"weight":1.0,"played":[1.0,0.0],"evs":[0.0,-2.68687]},"Q6o":{"weight":1.0,"played":[1.0,0.0],"evs":[0.0,-2.6145]},"K6o":{"weight":1.0,"played":[1.0,0.0],"evs":[0.0,-2.35068]},"A6o":{"weight":1.0,"played":[1.0,0.0],"evs":[0.0,-2.77318]},"72s":{"weight":1.0,"played":[1.0,0.0],"evs":[0.0,-2.45665]},"73s":{"weight":1.0,"played":[1.0,0.0],"evs":[0.0,-2.06804]},"74s":{"weight":1.0,"played":[1.0,0.0],"evs":[0.0,-1.62549]},"75s":{"weight":1.0,"played":[1.0,0.0],"evs":[0.0,-1.40088]},"76s":{"weight":1.0,"played":[1.0,0.0],"evs":[0.0,-1.17351]},"77":{"weight":1.0,"played":[1.0,0.0],"evs":[0.0,-1.22685]},"87o":{"weight":1.0,"played":[1.0,0.0],"evs":[0.0,-1.86392]},"97o":{"weight":1.0,"played":[1.0,0.0],"evs":[0.0,-2.36405]},"T7o":{"weight":1.0,"played":[1.0,0.0],"evs":[0.0,-2.33393]},"J7o":{"weight":1.0,"played":[1.0,0.0],"evs":[0.0,-2.48599]},"Q7o":{"weight":1.0,"played":[1.0,0.0],"evs":[0.0,-2.6078]},"K7o":{"weight":1.0,"played":[1.0,0.0],"evs":[0.0,-2.52029]},"A7o":{"weight":1.0,"played":[1.0,0.0],"evs":[0.0,-2.55895]},"82s":{"weight":1.0,"played":[0.9999,1.0E-4],"evs":[0.0,-2.22544]},"83s":{"weight":1.0,"played":[1.0,0.0],"evs":[0.0,-2.1472]},"84s":{"weight":1.0,"played":[1.0,0.0],"evs":[0.0,-2.1263]},"85s":{"weight":1.0,"played":[0.9999,1.0E-4],"evs":[0.0,-1.75915]},"86s":{"weight":1.0,"played":[1.0,0.0],"evs":[0.0,-1.51495]},"87s":{"weight":1.0,"played":[1.0,0.0],"evs":[0.0,-1.49155]},"88":{"weight":1.0,"played":[0.9999,1.0E-4],"evs":[0.0,-1.03759]},"98o":{"weight":1.0,"played":[1.0,0.0],"evs":[0.0,-2.12931]},"T8o":{"weight":1.0,"played":[1.0,0.0],"evs":[0.0,-2.34669]},"J8o":{"weight":1.0,"played":[1.0,0.0],"evs":[0.0,-2.42904]},"Q8o":{"weight":1.0,"played":[1.0,0.0],"evs":[0.0,-2.54617]},"K8o":{"weight":1.0,"played":[1.0,0.0],"evs":[0.0,-2.62002]},"A8o":{"weight":1.0,"played":[1.0,0.0],"evs":[0.0,-2.62824]},"92s":{"weight":1.0,"played":[1.0,0.0],"evs":[0.0,-2.49932]},"93s":{"weight":1.0,"played":[1.0,0.0],"evs":[0.0,-2.45585]},"94s":{"weight":1.0,"played":[1.0,0.0],"evs":[0.0,-2.1964]},"95s":{"weight":1.0,"played":[1.0,0.0],"evs":[0.0,-1.93259]},"96s":{"weight":1.0,"played":[1.0,0.0],"evs":[0.0,-1.82234]},"97s":{"weight":1.0,"played":[1.0,0.0],"evs":[0.0,-1.774]},"98s":{"weight":1.0,"played":[1.0,0.0],"evs":[0.0,-1.49327]},"99":{"weight":1.0,"played":[1.0,0.0],"evs":[0.0,-0.77414]},"T9o":{"weight":1.0,"played":[1.0,0.0],"evs":[0.0,-2.24254]},"J9o":{"weight":1.0,"played":[1.0,0.0],"evs":[0.0,-2.31115]},"Q9o":{"weight":1.0,"played":[1.0,0.0],"evs":[0.0,-2.44503]},"K9o":{"weight":1.0,"played":[1.0,0.0],"evs":[0.0,-2.51696]},"A9o":{"weight":1.0,"played":[1.0,0.0],"evs":[0.0,-2.42883]},"T2s":{"weight":1.0,"played":[1.0,0.0],"evs":[0.0,-2.1286]},"T3s":{"weight":1.0,"played":[1.0,0.0],"evs":[0.0,-2.35007]},"T4s":{"weight":1.0,"played":[1.0,0.0],"evs":[0.0,-2.20171]},"T5s":{"weight":1.0,"played":[1.0,0.0],"evs":[0.0,-2.24503]},"T6s":{"weight":1.0,"played":[1.0,0.0],"evs":[0.0,-2.02501]},"T7s":{"weight":1.0,"played":[1.0,0.0],"evs":[0.0,-2.00104]},"T8s":{"weight":1.0,"played":[1.0,0.0],"evs":[0.0,-1.81674]},"T9s":{"weight":1.0,"played":[0.9999,1.0E-4],"evs":[0.0,-1.55009]},"TT":{"weight":1.0,"played":[0.9997,3.0E-4],"evs":[0.0,-0.41913]},"JTo":{"weight":1.0,"played":[1.0,0.0],"evs":[0.0,-2.06469]},"QTo":{"weight":1.0,"played":[1.0,0.0],"evs":[0.0,-2.2536]},"KTo":{"weight":1.0,"played":[1.0,0.0],"evs":[0.0,-2.27315]},"ATo":{"weight":1.0,"played":[1.0,0.0],"evs":[0.0,-2.06606]},"J2s":{"weight":1.0,"played":[1.0,0.0],"evs":[0.0,-2.17605]},"J3s":{"weight":1.0,"played":[1.0,0.0],"evs":[0.0,-2.15581]},"J4s":{"weight":1.0,"played":[1.0,0.0],"evs":[0.0,-1.76892]},"J5s":{"weight":1.0,"played":[0.9999,1.0E-4],"evs":[0.0,-1.96224]},"J6s":{"weight":1.0,"played":[1.0,0.0],"evs":[0.0,-1.93463]},"J7s":{"weight":1.0,"played":[1.0,0.0],"evs":[0.0,-1.84852]},"J8s":{"weight":1.0,"played":[1.0,0.0],"evs":[0.0,-1.80303]},"J9s":{"weight":1.0,"played":[0.9999,1.0E-4],"evs":[0.0,-1.74906]},"JTs":{"weight":1.0,"played":[1.0,0.0],"evs":[0.0,-1.28377]},"JJ":{"weight":1.0,"played":[1.0E-4,0.9999],"evs":[0.0,0.56867]},"QJo":{"weight":1.0,"played":[1.0,0.0],"evs":[0.0,-1.96227]},"KJo":{"weight":1.0,"played":[1.0,0.0],"evs":[0.0,-1.91438]},"AJo":{"weight":1.0,"played":[1.0,0.0],"evs":[0.0,-1.63333]},"Q2s":{"weight":1.0,"played":[0.9999,1.0E-4],"evs":[0.0,-2.06729]},"Q3s":{"weight":1.0,"played":[1.0,0.0],"evs":[0.0,-2.25595]},"Q4s":{"weight":1.0,"played":[1.0,0.0],"evs":[0.0,-2.05702]},"Q5s":{"weight":1.0,"played":[1.0,0.0],"evs":[0.0,-1.85224]},"Q6s":{"weight":1.0,"played":[1.0,0.0],"evs":[0.0,-1.88897]},"Q7s":{"weight":1.0,"played":[1.0,0.0],"evs":[0.0,-2.05001]},"Q8s":{"weight":1.0,"played":[1.0,0.0],"evs":[0.0,-1.84788]},"Q9s":{"weight":1.0,"played":[1.0,0.0],"evs":[0.0,-1.99238]},"QTs":{"weight":1.0,"played":[1.0,0.0],"evs":[0.0,-1.48847]},"QJs":{"weight":1.0,"played":[1.0,0.0],"evs":[0.0,-1.39196]},"QQ":{"weight":1.0,"played":[0.0,1.0],"evs":[0.0,1.74485]},"KQo":{"weight":1.0,"played":[1.0,0.0],"evs":[0.0,-1.71919]},"AQo":{"weight":1.0,"played":[1.0,0.0],"evs":[0.0,-1.18113]},"K2s":{"weight":1.0,"played":[1.0,0.0],"evs":[0.0,-2.279]},"K3s":{"weight":1.0,"played":[1.0,0.0],"evs":[0.0,-2.00648]},"K4s":{"weight":1.0,"played":[1.0,0.0],"evs":[0.0,-1.98166]},"K5s":{"weight":1.0,"played":[1.0,0.0],"evs":[0.0,-1.60502]},"K6s":{"weight":1.0,"played":[1.0,0.0],"evs":[0.0,-1.93855]},"K7s":{"weight":1.0,"played":[1.0,0.0],"evs":[0.0,-1.80839]},"K8s":{"weight":1.0,"played":[1.0,0.0],"evs":[0.0,-1.89311]},"K9s":{"weight":1.0,"played":[0.9992,8.0E-4],"evs":[0.0,-1.72421]},"KTs":{"weight":1.0,"played":[1.0,0.0],"evs":[0.0,-1.55737]},"KJs":{"weight":1.0,"played":[0.9998,2.0E-4],"evs":[0.0,-1.11813]},"KQs":{"weight":1.0,"played":[0.9971,0.0029],"evs":[0.0,-0.92356]},"KK":{"weight":1.0,"played":[0.0,1.0],"evs":[0.0,3.6138]},"AKo":{"weight":1.0,"played":[1.0,0.0],"evs":[0.0,-0.36879]},"A2s":{"weight":1.0,"played":[1.0,0.0],"evs":[0.0,-1.85069]},"A3s":{"weight":1.0,"played":[1.0,0.0],"evs":[0.0,-1.84708]},"A4s":{"weight":1.0,"played":[0.9999,1.0E-4],"evs":[0.0,-1.77539]},"A5s":{"weight":1.0,"played":[1.0,0.0],"evs":[0.0,-1.84725]},"A6s":{"weight":1.0,"played":[1.0,0.0],"evs":[0.0,-1.76]},"A7s":{"weight":1.0,"played":[1.0,0.0],"evs":[0.0,-1.95582]},"A8s":{"weight":1.0,"played":[1.0,0.0],"evs":[0.0,-1.78112]},"A9s":{"weight":1.0,"played":[1.0,0.0],"evs":[0.0,-1.46631]},"ATs":{"weight":1.0,"played":[1.0,0.0],"evs":[0.0,-1.29738]},"AJs":{"weight":1.0,"played":[0.9998,2.0E-4],"evs":[0.0,-0.87266]},"AQs":{"weight":1.0,"played":[0.9393,0.0607],"evs":[0.0,-0.49642]},"AKs":{"weight":1.0,"played":[3.0E-4,0.9997],"evs":[0.0,0.11866]},"AA":{"weight":1.0,"played":[0.0,1.0],"evs":[0.0,6.23127]}}}