{"player":5,"street":0,"children":2,"sequence":[{"player":0,"type":"R","amount":32250000,"street":0},{"player":1,"type":"C","amount":32250000,"street":0},{"player":2,"type":"C","amount":12250000,"street":0},{"player":3,"type":"R","amount":51750000,"street":0},{"player":4,"type":"F","amount":0,"street":0}],"actions":[{"type":"F","amount":0,"node":139},{"type":"C","amount":46750000,"node":140}],"hands":{"22":{"weight":1.0,"played":[1.0,0.0],"evs":[0.0,-4.3534]},"32o":{"weight":1.0,"played":[0.999,0.001],"evs":[0.0,-5.67532]},"42o":{"weight":1.0,"played":[0.9999,1.0E-4],"evs":[0.0,-4.75902]},"52o":{"weight":1.0,"played":[0.9996,4.0E-4],"evs":[0.0,-4.48355]},"62o":{"weight":1.0,"played":[0.9996,4.0E-4],"evs":[0.0,-6.14221]},"72o":{"weight":1.0,"played":[1.0,0.0],"evs":[0.0,-6.24632]},"82o":{"weight":1.0,"played":[1.0,0.0],"evs":[0.0,-5.40347]},"92o":{"weight":1.0,"played":[0.996,0.004],"evs":[0.0,-7.11775]},"T2o":{"weight":1.0,"played":[0.9999,1.0E-4],"evs":[0.0,-7.31213]},"J2o":{"weight":1.0,"played":[0.9995,5.0E-4],"evs":[0.0,-7.05168]},"Q2o":{"weight":1.0,"played":[0.9997,3.0E-4],"evs":[0.0,-5.33894]},"K2o":{"weight":1.0,"played":[1.0,0.0],"evs":[0.0,-6.43965]},"A2o":{"weight":1.0,"played":[0.9975,0.0025],"evs":[0.0,-3.84932]},"32s":{"weight":1.0,"played":[0.9951,0.0049],"evs":[0.0,-5.11957]},"33":{"weight":1.0,"played":[0.9991,9.0E-4],"evs":[0.0,-6.04112]},"43o":{"weight":1.0,"played":[0.9978,0.0022],"evs":[0.0,-4.44256]},"53o":{"weight":1.0,"played":[0.9997,3.0E-4],"evs":[0.0,-4.29338]},"63o":{"weight":1.0,"played":[0.9997,3.0E-4],"evs":[0.0,-3.58894]},"73o":{"weight":1.0,"played":[0.9998,2.0E-4],"evs":[0.0,-5.33149]},"83o":{"weight":1.0,"played":[0.9999,1.0E-4],"evs":[0.0,-6.12323]},"93o":{"weight":1.0,"played":[1.0,0.0],"evs":[0.0,-6.86823]},"T3o":{"weight":1.0,"played":[0.9999,1.0E-4],"evs":[0.0,-5.63031]},"J3o":{"weight":1.0,"played":[1.0,0.0],"evs":[0.0,-7.00055]},"Q3o":{"weight":1.0,"played":[0.9849,0.0151],"evs":[0.0,-4.99591]},"K3o":{"weight":1.0,"played":[1.0,0.0],"evs":[0.0,-5.82127]},"A3o":{"weight":1.0,"played":[0.9997,3.0E-4],"evs":[0.0,-5.17704]},"42s":{"weight":1.0,"played":[0.9996,4.0E-4],"evs":[0.0,-2.06605]},"43s":{"weight":1.0,"played":[0.9993,7.0E-4],"evs":[0.0,-2.48373]},"44":{"weight":1.0,"played":[0.9853,0.0147],"evs":[0.0,-4.60006]},"54o":{"weight":1.0,"played":[0.9997,3.0E-4],"evs":[0.0,-2.94709]},"64o":{"weight":1.0,"played":[1.0,0.0],"evs":[0.0,-4.52769]},"74o":{"weight":1.0,"played":[1.0,0.0],"evs":[0.0,-4.845]},"84o":{"weight":1.0,"played":[0.9991,9.0E-4],"evs":[0.0,-5.34774]},"94o":{"weight":1.0,"played":[0.9991,9.0E-4],"evs":[0.0,-6.54319]},"T4o":{"weight":1.0,"played":[0.9999,1.0E-4],"evs":[0.0,-5.86871]},"J4o":{"weight":1.0,"played":[1.0,0.0],"evs":[0.0,-4.7132]},"Q4o":{"weight":1.0,"played":[0.9971,0.0029],"evs":[0.0,-5.20853]},"K4o":{"weight":1.0,"played":[0.9997,3.0E-4],"evs":[0.0,-4.92187]},"A4o":{"weight":1.0,"played":[0.9995,5.0E-4],"evs":[0.0,-5.38455]},"52s":{"weight":1.0,"played":[0.9999,1.0E-4],"evs":[0.0,-3.04747]},"53s":{"weight":1.0,"played":[0.9191,0.0809],"evs":[0.0,-3.52227]},"54s":{"weight":1.0,"played":[0.9665,0.0335],"evs":[0.0,-1.70216]},"55":{"weight":1.0,"played":[0.9995,5.0E-4],"evs":[0.0,-3.86426]},"65o":{"weight":1.0,"played":[0.9988,0.0012],"evs":[0.0,-3.9148]},"75o":{"weight":1.0,"played":[1.0,0.0],"evs":[0.0,-4.46675]},"85o":{"weight":1.0,"played":[0.9999,1.0E-4],"evs":[0.0,-4.87183]},"95o":{"weight":1.0,"played":[0.9999,1.0E-4],"evs":[0.0,-5.05713]},"T5o":{"weight":1.0,"played":[0.9991,9.0E-4],"evs":[0.0,-5.51833]},"J5o":{"weight":1.0,"played":[0.9983,0.0017],"evs":[0.0,-4.61884]},"Q5o":{"weight":1.0,"played":[0.9996,4.0E-4],"evs":[0.0,-4.65723]},"K5o":{"weight":1.0,"played":[0.9993,7.0E-4],"evs":[0.0,-5.20709]},"A5o":{"weight":1.0,"played":[0.9994,6.0E-4],"evs":[0.0,-4.62099]},"62s":{"weight":1.0,"played":[0.9963,0.0037],"evs":[0.0,-4.46555]},"63s":{"weight":1.0,"played":[1.0,0.0],"evs":[0.0,-3.32537]},"64s":{"weight":1.0,"played":[1.0,0.0],"evs":[0.0,-2.29478]},"65s":{"weight":1.0,"played":[0.8934,0.1066],"evs":[0.0,-1.28497]},"66":{"weight":1.0,"played":[0.9988,0.0012],"evs":[0.0,-4.20903]},"76o":{"weight":1.0,"played":[0.9998,2.0E-4],"evs":[0.0,-3.42291]},"86o":{"weight":1.0,"played":[0.9993,7.0E-4],"evs":[0.0,-4.69964]},"96o":{"weight":1.0,"played":[0.9995,5.0E-4],"evs":[0.0,-5.78981]},"T6o":{"weight":1.0,"played":[0.9993,7.0E-4],"evs":[0.0,-5.41351]},"J6o":{"weight":1.0,"played":[1.0,0.0],"evs":[0.0,-5.62564]},"Q6o":{"weight":1.0,"played":[1.0,0.0],"evs":[0.0,-4.68526]},"K6o":{"weight":1.0,"played":[1.0,0.0],"evs":[0.0,-5.30278]},"A6o":{"weight":1.0,"played":[0.9994,6.0E-4],"evs":[0.0,-5.68429]},"72s":{"weight":1.0,"played":[0.9998,2.0E-4],"evs":[0.0,-5.08664]},"73s":{"weight":1.0,"played":[0.9991,9.0E-4],"evs":[0.0,-4.49208]},"74s":{"weight":1.0,"played":[0.9993,7.0E-4],"evs":[0.0,-4.77952]},"75s":{"weight":1.0,"played":[0.9268,0.0732],"evs":[0.0,-1.36991]},"76s":{"weight":1.0,"played":[0.9991,9.0E-4],"evs":[0.0,-3.67101]},"77":{"weight":1.0,"played":[0.998,0.002],"evs":[0.0,-5.38923]},"87o":{"weight":1.0,"played":[1.0,0.0],"evs":[0.0,-3.87551]},"97o":{"weight":1.0,"played":[0.9999,1.0E-4],"evs":[0.0,-5.40186]},"T7o":{"weight":1.0,"played":[1.0,0.0],"evs":[0.0,-5.92666]},"J7o":{"weight":1.0,"played":[1.0,0.0],"evs":[0.0,-5.80838]},"Q7o":{"weight":1.0,"played":[0.9976,0.0024],"evs":[0.0,-4.19858]},"K7o":{"weight":1.0,"played":[0.9994,6.0E-4],"evs":[0.0,-6.18632]},"A7o":{"weight":1.0,"played":[0.9976,0.0024],"evs":[0.0,-5.97438]},"82s":{"weight":1.0,"played":[0.9998,2.0E-4],"evs":[0.0,-3.31576]},"83s":{"weight":1.0,"played":[0.9787,0.0213],"evs":[0.0,-5.52726]},"84s":{"weight":1.0,"played":[1.0,0.0],"evs":[0.0,-5.68034]},"85s":{"weight":1.0,"played":[0.9992,8.0E-4],"evs":[0.0,-5.0963]},"86s":{"weight":1.0,"played":[0.7612,0.2388],"evs":[0.0,-2.41116]},"87s":{"weight":1.0,"played":[0.9997,3.0E-4],"evs":[0.0,-2.79999]},"88":{"weight":1.0,"played":[0.9974,0.0026],"evs":[0.0,-2.90011]},"98o":{"weight":1.0,"played":[0.9988,0.0012],"evs":[0.0,-4.68486]},"T8o":{"weight":1.0,"played":[1.0,0.0],"evs":[0.0,-5.358]},"J8o":{"weight":1.0,"played":[0.9997,3.0E-4],"evs":[0.0,-5.08376]},"Q8o":{"weight":1.0,"played":[0.9998,2.0E-4],"evs":[0.0,-5.46016]},"K8o":{"weight":1.0,"played":[1.0,0.0],"evs":[0.0,-5.71601]},"A8o":{"weight":1.0,"played":[0.9998,2.0E-4],"evs":[0.0,-4.56713]},"92s":{"weight":1.0,"played":[0.9997,3.0E-4],"evs":[0.0,-3.72508]},"93s":{"weight":1.0,"played":[0.9958,0.0042],"evs":[0.0,-5.03826]},"94s":{"weight":1.0,"played":[0.9986,0.0014],"evs":[0.0,-6.20716]},"95s":{"weight":1.0,"played":[0.999,0.001],"evs":[0.0,-5.42976]},"96s":{"weight":1.0,"played":[0.9993,7.0E-4],"evs":[0.0,-2.85318]},"97s":{"weight":1.0,"played":[0.9669,0.0331],"evs":[0.0,-5.64631]},"98s":{"weight":1.0,"played":[0.9899,0.0101],"evs":[0.0,-3.61053]},"99":{"weight":1.0,"played":[0.9981,0.0019],"evs":[0.0,-1.6127]},"T9o":{"weight":1.0,"played":[0.997,0.003],"evs":[0.0,-3.62919]},"J9o":{"weight":1.0,"played":[0.9996,4.0E-4],"evs":[0.0,-5.51601]},"Q9o":{"weight":1.0,"played":[0.9993,7.0E-4],"evs":[0.0,-5.18127]},"K9o":{"weight":1.0,"played":[0.9971,0.0029],"evs":[0.0,-5.14412]},"A9o":{"weight":1.0,"played":[0.9997,3.0E-4],"evs":[0.0,-4.84247]},"T2s":{"weight":1.0,"played":[1.0,0.0],"evs":[0.0,-3.15881]},"T3s":{"weight":1.0,"played":[0.9961,0.0039],"evs":[0.0,-4.18485]},"T4s":{"weight":1.0,"played":[0.9984,0.0016],"evs":[0.0,-4.71685]},"T5s":{"weight":1.0,"played":[0.9994,6.0E-4],"evs":[0.0,-4.84396]},"T6s":{"weight":1.0,"played":[0.999,0.001],"evs":[0.0,-5.97184]},"T7s":{"weight":1.0,"played":[0.9935,0.0065],"evs":[0.0,-3.64227]},"T8s":{"weight":1.0,"played":[1.0,0.0],"evs":[0.0,-3.40283]},"T9s":{"weight":1.0,"played":[1.0,0.0],"evs":[0.0,-4.60427]},"TT":{"weight":1.0,"played":[0.8922,0.1078],"evs":[0.0,-3.11882]},"JTo":{"weight":1.0,"played":[0.9991,9.0E-4],"evs":[0.0,-5.75999]},"QTo":{"weight":1.0,"played":[0.9957,0.0043],"evs":[0.0,-5.50924]},"KTo":{"weight":1.0,"played":[0.9994,6.0E-4],"evs":[0.0,-5.51536]},"ATo":{"weight":1.0,"played":[0.9952,0.0048],"evs":[0.0,-4.84757]},"J2s":{"weight":1.0,"played":[0.9997,3.0E-4],"evs":[0.0,-4.85011]},"J3s":{"weight":1.0,"played":[1.0,0.0],"evs":[0.0,-3.92495]},"J4s":{"weight":1.0,"played":[0.9999,1.0E-4],"evs":[0.0,-4.96272]},"J5s":{"weight":1.0,"played":[0.9996,4.0E-4],"evs":[0.0,-6.81911]},"J6s":{"weight":1.0,"played":[1.0,0.0],"evs":[0.0,-3.71262]},"J7s":{"weight":1.0,"played":[0.9264,0.0736],"evs":[0.0,-1.44202]},"J8s":{"weight":1.0,"played":[0.9664,0.0336],"evs":[0.0,-5.41836]},"J9s":{"weight":1.0,"played":[0.9856,0.0144],"evs":[0.0,-5.59597]},"JTs":{"weight":1.0,"played":[0.975,0.025],"evs":[0.0,-5.01102]},"JJ":{"weight":1.0,"played":[0.1158,0.8842],"evs":[0.0,0.69563]},"QJo":{"weight":1.0,"played":[0.9998,2.0E-4],"evs":[0.0,-4.40972]},"KJo":{"weight":1.0,"played":[0.9987,0.0013],"evs":[0.0,-3.60841]},"AJo":{"weight":1.0,"played":[0.9817,0.0183],"evs":[0.0,-4.26482]},"Q2s":{"weight":1.0,"played":[0.9924,0.0076],"evs":[0.0,-5.13888]},"Q3s":{"weight":1.0,"played":[0.9988,0.0012],"evs":[0.0,-1.71463]},"Q4s":{"weight":1.0,"played":[0.9992,8.0E-4],"evs":[0.0,-3.99856]},"Q5s":{"weight":1.0,"played":[0.9948,0.0052],"evs":[0.0,-5.1929]},"Q6s":{"weight":1.0,"played":[0.9986,0.0014],"evs":[0.0,-5.08863]},"Q7s":{"weight":1.0,"played":[0.9994,6.0E-4],"evs":[0.0,-4.28316]},"Q8s":{"weight":1.0,"played":[1.0,0.0],"evs":[0.0,-4.09003]},"Q9s":{"weight":1.0,"played":[0.9294,0.0706],"evs":[0.0,-2.95179]},"QTs":{"weight":1.0,"played":[1.0,0.0],"evs":[0.0,-4.47321]},"QJs":{"weight":1.0,"played":[1.0,0.0],"evs":[0.0,-3.63772]},"QQ":{"weight":1.0,"played":[0.0039,0.9961],"evs":[0.0,2.92119]},"KQo":{"weight":1.0,"played":[0.9971,0.0029],"evs":[0.0,-4.15885]},"AQo":{"weight":1.0,"played":[1.0,0.0],"evs":[0.0,-4.62862]},"K2s":{"weight":1.0,"played":[0.9462,0.0538],"evs":[0.0,-0.47563]},"K3s":{"weight":1.0,"played":[0.9996,4.0E-4],"evs":[0.0,-3.02782]},"K4s":{"weight":1.0,"played":[0.9965,0.0035],"evs":[0.0,-3.84438]},"K5s":{"weight":1.0,"played":[0.9537,0.0463],"evs":[0.0,-2.25382]},"K6s":{"weight":1.0,"played":[1.0,0.0],"evs":[0.0,-2.45014]},"K7s":{"weight":1.0,"played":[0.9724,0.0276],"evs":[0.0,-5.25553]},"K8s":{"weight":1.0,"played":[0.9951,0.0049],"evs":[0.0,-2.6301]},"K9s":{"weight":1.0,"played":[0.9813,0.0187],"evs":[0.0,-5.05036]},"KTs":{"weight":1.0,"played":[0.9822,0.0178],"evs":[0.0,-3.8599]},"KJs":{"weight":1.0,"played":[0.9851,0.0149],"evs":[0.0,-3.3102]},"KQs":{"weight":1.0,"played":[0.9931,0.0069],"evs":[0.0,-5.37978]},"KK":{"weight":1.0,"played":[0.0114,0.9886],"evs":[0.0,4.43885]},"AKo":{"weight":1.0,"played":[0.7961,0.2039],"evs":[0.0,-1.90136]},"A2s":{"weight":1.0,"played":[0.9999,1.0E-4],"evs":[0.0,-3.87781]},"A3s":{"weight":1.0,"played":[0.9918,0.0082],"evs":[0.0,-4.21304]},"A4s":{"weight":1.0,"played":[0.9074,0.0926],"evs":[0.0,-4.07453]},"A5s":{"weight":1.0,"played":[0.991,0.009],"evs":[0.0,-0.22699]},"A6s":{"weight":1.0,"played":[0.9883,0.0117],"evs":[0.0,-4.03428]},"A7s":{"weight":1.0,"played":[0.9998,2.0E-4],"evs":[0.0,-1.76604]},"A8s":{"weight":1.0,"played":[0.9612,0.0388],"evs":[0.0,-3.05159]},"A9s":{"weight":1.0,"played":[0.9999,1.0E-4],"evs":[0.0,-2.10289]},"ATs":{"weight":1.0,"played":[0.8801,0.1199],"evs":[0.0,-4.28634]},"AJs":{"weight":1.0,"played":[0.9995,5.0E-4],"evs":[0.0,-3.1296]},"AQs":{"weight":1.0,"played":[0.6658,0.3342],"evs":[0.0,-1.84518]},"AKs":{"weight":1.0,"played":[0.7587,0.2413],"evs":[0.0,-1.07889]},"AA":{"weight":1.0,"played":[0.0,1.0],"evs":[0.0,12.36332]}}}