{"player":5,"street":0,"children":2,"sequence":[{"player":0,"type":"R","amount":32250000,"street":0},{"player":1,"type":"C","amount":32250000,"street":0},{"player":2,"type":"C","amount":12250000,"street":0},{"player":3,"type":"R","amount":51750000,"street":0},{"player":4,"type":"C","amount":16750000,"street":0}],"actions":[{"type":"F","amount":0,"node":142},{"type":"C","amount":46750000,"node":143}],"hands":{"22":{"weight":1.0,"played":[0.8474,0.1526],"evs":[0.0,-7.78125]},"32o":{"weight":1.0,"played":[0.9996,4.0E-4],"evs":[0.0,-4.16629]},"42o":{"weight":1.0,"played":[1.0,0.0],"evs":[0.0,-8.23719]},"52o":{"weight":1.0,"played":[1.0,0.0],"evs":[0.0,-7.39342]},"62o":{"weight":1.0,"played":[0.4711,0.5289],"evs":[0.0,3.49548]},"72o":{"weight":1.0,"played":[1.0,0.0],"evs":[0.0,-7.27371]},"82o":{"weight":1.0,"played":[0.9181,0.0819],"evs":[0.0,-2.79288]},"92o":{"weight":1.0,"played":[0.5664,0.4336],"evs":[0.0,-4.262]},"T2o":{"weight":1.0,"played":[0.4182,0.5818],"evs":[0.0,-2.51482]},"J2o":{"weight":1.0,"played":[0.7261,0.2739],"evs":[0.0,0.13027]},"Q2o":{"weight":1.0,"played":[0.9489,0.0511],"evs":[0.0,-4.71163]},"K2o":{"weight":1.0,"played":[0.9671,0.0329],"evs":[0.0,-3.89393]},"A2o":{"weight":1.0,"played":[0.0,1.0],"evs":[0.0,4.43814]},"32s":{"weight":1.0,"played":[0.6236,0.3764],"evs":[0.0,12.94857]},"33":{"weight":1.0,"played":[0.6563,0.3437],"evs":[0.0,1.68233]},"43o":{"weight":1.0,"played":[0.2454,0.7546],"evs":[0.0,7.03008]},"53o":{"weight":1.0,"played":[0.744,0.256],"evs":[0.0,-1.53654]},"63o":{"weight":1.0,"played":[0.3599,0.6401],"evs":[0.0,1.36178]},"73o":{"weight":1.0,"played":[0.6452,0.3548],"evs":[0.0,-3.58021]},"83o":{"weight":1.0,"played":[0.9837,0.0163],"evs":[0.0,-7.47329]},"93o":{"weight":1.0,"played":[0.7173,0.2827],"evs":[0.0,-6.45751]},"T3o":{"weight":1.0,"played":[1.0,0.0],"evs":[0.0,-7.94487]},"J3o":{"weight":1.0,"played":[0.998,0.002],"evs":[0.0,-8.27459]},"Q3o":{"weight":1.0,"played":[1.0,0.0],"evs":[0.0,-8.19182]},"K3o":{"weight":1.0,"played":[0.8251,0.1749],"evs":[0.0,-8.97569]},"A3o":{"weight":1.0,"played":[0.716,0.284],"evs":[0.0,-5.44883]},"42s":{"weight":1.0,"played":[0.6253,0.3747],"evs":[0.0,11.9243]},"43s":{"weight":1.0,"played":[1.0,0.0],"evs":[0.0,0.11172]},"44":{"weight":1.0,"played":[0.9891,0.0109],"evs":[0.0,-8.21497]},"54o":{"weight":1.0,"played":[0.477,0.523],"evs":[0.0,6.95635]},"64o":{"weight":1.0,"played":[0.8879,0.1121],"evs":[0.0,-7.66568]},"74o":{"weight":1.0,"played":[0.7475,0.2525],"evs":[0.0,0.47992]},"84o":{"weight":1.0,"played":[0.8389,0.1611],"evs":[0.0,-5.41084]},"94o":{"weight":1.0,"played":[0.9999,1.0E-4],"evs":[0.0,-7.89412]},"T4o":{"weight":1.0,"played":[1.0,0.0],"evs":[0.0,-3.1185]},"J4o":{"weight":1.0,"played":[0.4569,0.5431],"evs":[0.0,3.1755]},"Q4o":{"weight":1.0,"played":[1.0,0.0],"evs":[0.0,-7.73983]},"K4o":{"weight":1.0,"played":[0.9017,0.0983],"evs":[0.0,-7.82961]},"A4o":{"weight":1.0,"played":[1.0,0.0],"evs":[0.0,-8.38453]},"52s":{"weight":1.0,"played":[0.971,0.029],"evs":[0.0,-6.88018]},"53s":{"weight":1.0,"played":[0.5722,0.4278],"evs":[0.0,2.73353]},"54s":{"weight":1.0,"played":[0.5252,0.4748],"evs":[0.0,-4.48112]},"55":{"weight":1.0,"played":[1.0,0.0],"evs":[0.0,-6.88123]},"65o":{"weight":1.0,"played":[0.9164,0.0836],"evs":[0.0,-3.54624]},"75o":{"weight":1.0,"played":[0.1955,0.8045],"evs":[0.0,-0.84247]},"85o":{"weight":1.0,"played":[0.9522,0.0478],"evs":[0.0,-7.94038]},"95o":{"weight":1.0,"played":[0.9846,0.0154],"evs":[0.0,-7.09787]},"T5o":{"weight":1.0,"played":[0.6505,0.3495],"evs":[0.0,-6.30062]},"J5o":{"weight":1.0,"played":[0.9822,0.0178],"evs":[0.0,-8.35983]},"Q5o":{"weight":1.0,"played":[0.9963,0.0037],"evs":[0.0,-5.32509]},"K5o":{"weight":1.0,"played":[0.5839,0.4161],"evs":[0.0,-4.74812]},"A5o":{"weight":1.0,"played":[0.9995,5.0E-4],"evs":[0.0,-7.77555]},"62s":{"weight":1.0,"played":[0.9735,0.0265],"evs":[0.0,-7.35035]},"63s":{"weight":1.0,"played":[0.951,0.049],"evs":[0.0,-5.82041]},"64s":{"weight":1.0,"played":[1.0,0.0],"evs":[0.0,5.35435]},"65s":{"weight":1.0,"played":[0.5823,0.4177],"evs":[0.0,-5.01364]},"66":{"weight":1.0,"played":[0.6139,0.3861],"evs":[0.0,-5.43578]},"76o":{"weight":1.0,"played":[1.0,0.0],"evs":[0.0,-8.60039]},"86o":{"weight":1.0,"played":[1.0,0.0],"evs":[0.0,-6.56177]},"96o":{"weight":1.0,"played":[0.4884,0.5116],"evs":[0.0,-4.80358]},"T6o":{"weight":1.0,"played":[0.9094,0.0906],"evs":[0.0,-7.66684]},"J6o":{"weight":1.0,"played":[0.9718,0.0282],"evs":[0.0,-6.70626]},"Q6o":{"weight":1.0,"played":[0.9891,0.0109],"evs":[0.0,-8.76022]},"K6o":{"weight":1.0,"played":[0.8106,0.1894],"evs":[0.0,-4.61324]},"A6o":{"weight":1.0,"played":[0.9606,0.0394],"evs":[0.0,-7.97885]},"72s":{"weight":1.0,"played":[0.6105,0.3895],"evs":[0.0,10.07717]},"73s":{"weight":1.0,"played":[0.7346,0.2654],"evs":[0.0,-2.36346]},"74s":{"weight":1.0,"played":[1.0,0.0],"evs":[0.0,-5.53944]},"75s":{"weight":1.0,"played":[0.2708,0.7292],"evs":[0.0,6.86887]},"76s":{"weight":1.0,"played":[1.0,0.0],"evs":[0.0,-5.9173]},"77":{"weight":1.0,"played":[0.7923,0.2077],"evs":[0.0,-2.72262]},"87o":{"weight":1.0,"played":[0.7276,0.2724],"evs":[0.0,-5.97259]},"97o":{"weight":1.0,"played":[0.8765,0.1235],"evs":[0.0,-6.78422]},"T7o":{"weight":1.0,"played":[0.9909,0.0091],"evs":[0.0,-8.26896]},"J7o":{"weight":1.0,"played":[0.5198,0.4802],"evs":[0.0,-0.56884]},"Q7o":{"weight":1.0,"played":[0.9291,0.0709],"evs":[0.0,-7.9573]},"K7o":{"weight":1.0,"played":[0.9794,0.0206],"evs":[0.0,-7.91584]},"A7o":{"weight":1.0,"played":[0.9512,0.0488],"evs":[0.0,1.25843]},"82s":{"weight":1.0,"played":[0.8465,0.1535],"evs":[0.0,-8.2188]},"83s":{"weight":1.0,"played":[0.9739,0.0261],"evs":[0.0,1.18716]},"84s":{"weight":1.0,"played":[0.5,0.5],"evs":[0.0,-8.99242]},"85s":{"weight":1.0,"played":[0.6309,0.3691],"evs":[0.0,0.16623]},"86s":{"weight":1.0,"played":[1.0,0.0],"evs":[0.0,-9.86623]},"87s":{"weight":1.0,"played":[0.5,0.5],"evs":[0.0,0.0]},"88":{"weight":1.0,"played":[0.8711,0.1289],"evs":[0.0,-1.82677]},"98o":{"weight":1.0,"played":[0.3182,0.6818],"evs":[0.0,-0.31379]},"T8o":{"weight":1.0,"played":[0.4148,0.5852],"evs":[0.0,-3.65042]},"J8o":{"weight":1.0,"played":[0.5624,0.4376],"evs":[0.0,-2.18779]},"Q8o":{"weight":1.0,"played":[0.872,0.128],"evs":[0.0,-2.13214]},"K8o":{"weight":1.0,"played":[0.8174,0.1826],"evs":[0.0,-6.49805]},"A8o":{"weight":1.0,"played":[0.2621,0.7379],"evs":[0.0,-2.71201]},"92s":{"weight":1.0,"played":[0.849,0.151],"evs":[0.0,-2.78978]},"93s":{"weight":1.0,"played":[0.7667,0.2333],"evs":[0.0,-7.03762]},"94s":{"weight":1.0,"played":[0.8645,0.1355],"evs":[0.0,5.32166]},"95s":{"weight":1.0,"played":[0.0,1.0],"evs":[0.0,12.52839]},"96s":{"weight":1.0,"played":[0.9958,0.0042],"evs":[0.0,-7.37946]},"97s":{"weight":1.0,"played":[1.0,0.0],"evs":[0.0,-8.47621]},"98s":{"weight":1.0,"played":[0.6736,0.3264],"evs":[0.0,-8.69537]},"99":{"weight":1.0,"played":[1.0,0.0],"evs":[0.0,5.49009]},"T9o":{"weight":1.0,"played":[0.8161,0.1839],"evs":[0.0,1.46106]},"J9o":{"weight":1.0,"played":[1.0,0.0],"evs":[0.0,-0.82685]},"Q9o":{"weight":1.0,"played":[0.0044,0.9956],"evs":[0.0,-1.12061]},"K9o":{"weight":1.0,"played":[1.0,0.0],"evs":[0.0,-4.91463]},"A9o":{"weight":1.0,"played":[1.0,0.0],"evs":[0.0,-7.68543]},"T2s":{"weight":1.0,"played":[1.0,0.0],"evs":[0.0,-7.58797]},"T3s":{"weight":1.0,"played":[0.1029,0.8971],"evs":[0.0,-1.26473]},"T4s":{"weight":1.0,"played":[1.0,0.0],"evs":[0.0,2.76749]},"T5s":{"weight":1.0,"played":[0.9906,0.0094],"evs":[0.0,-9.79564]},"T6s":{"weight":1.0,"played":[1.0,0.0],"evs":[0.0,-7.0692]},"T7s":{"weight":1.0,"played":[0.8681,0.1319],"evs":[0.0,-7.56585]},"T8s":{"weight":1.0,"played":[0.5,0.5],"evs":[0.0,-6.70761]},"T9s":{"weight":1.0,"played":[0.6535,0.3465],"evs":[0.0,2.78747]},"TT":{"weight":1.0,"played":[0.8306,0.1694],"evs":[0.0,0.46441]},"JTo":{"weight":1.0,"played":[0.4463,0.5537],"evs":[0.0,9.02524]},"QTo":{"weight":1.0,"played":[0.5551,0.4449],"evs":[0.0,-6.29814]},"KTo":{"weight":1.0,"played":[0.9957,0.0043],"evs":[0.0,-6.98475]},"ATo":{"weight":1.0,"played":[1.0,0.0],"evs":[0.0,-10.21952]},"J2s":{"weight":1.0,"played":[0.1805,0.8195],"evs":[0.0,3.42873]},"J3s":{"weight":1.0,"played":[0.7418,0.2582],"evs":[0.0,-0.9778]},"J4s":{"weight":1.0,"played":[1.0,0.0],"evs":[0.0,6.63003]},"J5s":{"weight":1.0,"played":[1.0,0.0],"evs":[0.0,0.72849]},"J6s":{"weight":1.0,"played":[0.7786,0.2214],"evs":[0.0,10.32772]},"J7s":{"weight":1.0,"played":[0.3851,0.6149],"evs":[0.0,11.3763]},"J8s":{"weight":1.0,"played":[0.3616,0.6384],"evs":[0.0,3.5418]},"J9s":{"weight":1.0,"played":[0.0353,0.9647],"evs":[0.0,-5.59163]},"JTs":{"weight":1.0,"played":[0.5,0.5],"evs":[0.0,-7.41501]},"JJ":{"weight":1.0,"played":[0.1168,0.8832],"evs":[0.0,1.14357]},"QJo":{"weight":1.0,"played":[0.1034,0.8966],"evs":[0.0,5.18529]},"KJo":{"weight":1.0,"played":[0.3426,0.6574],"evs":[0.0,-1.10413]},"AJo":{"weight":1.0,"played":[1.0,0.0],"evs":[0.0,-8.59185]},"Q2s":{"weight":1.0,"played":[0.5,0.5],"evs":[0.0,21.78884]},"Q3s":{"weight":1.0,"played":[0.8994,0.1006],"evs":[0.0,18.4637]},"Q4s":{"weight":1.0,"played":[0.9127,0.0873],"evs":[0.0,-7.83326]},"Q5s":{"weight":1.0,"played":[0.5,0.5],"evs":[0.0,-8.78663]},"Q6s":{"weight":1.0,"played":[0.6647,0.3353],"evs":[0.0,-4.43372]},"Q7s":{"weight":1.0,"played":[0.923,0.077],"evs":[0.0,-8.20517]},"Q8s":{"weight":1.0,"played":[0.0,1.0],"evs":[0.0,-6.70761]},"Q9s":{"weight":1.0,"played":[0.5,0.5],"evs":[0.0,-8.33566]},"QTs":{"weight":1.0,"played":[0.5,0.5],"evs":[0.0,22.5287]},"QJs":{"weight":1.0,"played":[0.6816,0.3184],"evs":[0.0,1.91162]},"QQ":{"weight":1.0,"played":[0.6868,0.3132],"evs":[0.0,9.76046]},"KQo":{"weight":1.0,"played":[0.6969,0.3031],"evs":[0.0,3.79614]},"AQo":{"weight":1.0,"played":[1.0,0.0],"evs":[0.0,-6.06506]},"K2s":{"weight":1.0,"played":[0.9563,0.0437],"evs":[0.0,8.52378]},"K3s":{"weight":1.0,"played":[0.5,0.5],"evs":[0.0,0.0]},"K4s":{"weight":1.0,"played":[0.0,1.0],"evs":[0.0,-2.6533]},"K5s":{"weight":1.0,"played":[1.0,0.0],"evs":[0.0,-8.92282]},"K6s":{"weight":1.0,"played":[0.2143,0.7857],"evs":[0.0,3.82868]},"K7s":{"weight":1.0,"played":[0.9898,0.0102],"evs":[0.0,-10.57696]},"K8s":{"weight":1.0,"played":[0.0403,0.9597],"evs":[0.0,-4.93525]},"K9s":{"weight":1.0,"played":[1.0,0.0],"evs":[0.0,0.77953]},"KTs":{"weight":1.0,"played":[1.0,0.0],"evs":[0.0,24.39181]},"KJs":{"weight":1.0,"played":[0.9361,0.0639],"evs":[0.0,-8.87687]},"KQs":{"weight":1.0,"played":[0.5,0.5],"evs":[0.0,0.0]},"KK":{"weight":1.0,"played":[0.5,0.5],"evs":[0.0,16.70847]},"AKo":{"weight":1.0,"played":[0.6711,0.3289],"evs":[0.0,1.66199]},"A2s":{"weight":1.0,"played":[1.0,0.0],"evs":[0.0,20.35025]},"A3s":{"weight":1.0,"played":[0.947,0.053],"evs":[0.0,-7.71986]},"A4s":{"weight":1.0,"played":[0.8591,0.1409],"evs":[0.0,1.7124]},"A5s":{"weight":1.0,"played":[0.1342,0.8658],"evs":[0.0,2.12037]},"A6s":{"weight":1.0,"played":[0.8286,0.1714],"evs":[0.0,-7.95503]},"A7s":{"weight":1.0,"played":[0.5,0.5],"evs":[0.0,-7.36979]},"A8s":{"weight":1.0,"played":[0.5,0.5],"evs":[0.0,-8.47621]},"A9s":{"weight":1.0,"played":[1.0,0.0],"evs":[0.0,-6.17406]},"ATs":{"weight":1.0,"played":[0.5,0.5],"evs":[0.0,-5.53944]},"AJs":{"weight":1.0,"played":[0.5,0.5],"evs":[0.0,23.68983]},"AQs":{"weight":1.0,"played":[0.5,0.5],"evs":[0.0,-6.70761]},"AKs":{"weight":1.0,"played":[0.5733,0.4267],"evs":[0.0,10.04333]},"AA":{"weight":1.0,"played":[0.233,0.767],"evs":[0.0,12.89773]}}}