{"player":3,"street":0,"children":3,"sequence":[{"player":0,"type":"F","amount":0,"street":0},{"player":1,"type":"R","amount":10000000,"street":0},{"player":2,"type":"F","amount":0,"street":0}],"actions":[{"type":"F","amount":0,"node":34},{"type":"C","amount":10000000,"node":40},{"type":"R","amount":51750000,"node":54}],"hands":{"22":{"weight":1.0,"played":[1.0,0.0,0.0],"evs":[0.0,-0.23233,-0.12192]},"32o":{"weight":1.0,"played":[1.0,0.0,0.0],"evs":[0.0,-0.51633,-1.10874]},"42o":{"weight":1.0,"played":[1.0,0.0,0.0],"evs":[0.0,-0.5068,-1.11208]},"52o":{"weight":1.0,"played":[1.0,0.0,0.0],"evs":[0.0,-0.4744,-1.07781]},"62o":{"weight":1.0,"played":[1.0,0.0,0.0],"evs":[0.0,-0.58224,-1.23325]},"72o":{"weight":1.0,"played":[1.0,0.0,0.0],"evs":[0.0,-0.68218,-1.38997]},"82o":{"weight":1.0,"played":[1.0,0.0,0.0],"evs":[0.0,-0.61959,-1.263]},"92o":{"weight":1.0,"played":[1.0,0.0,0.0],"evs":[0.0,-0.5795,-1.08085]},"T2o":{"weight":1.0,"played":[1.0,0.0,0.0],"evs":[0.0,-0.55691,-1.02103]},"J2o":{"weight":1.0,"played":[1.0,0.0,0.0],"evs":[0.0,-0.50664,-0.92576]},"Q2o":{"weight":1.0,"played":[1.0,0.0,0.0],"evs":[0.0,-0.45579,-0.79166]},"K2o":{"weight":1.0,"played":[1.0,0.0,0.0],"evs":[0.0,-0.42084,-0.75097]},"A2o":{"weight":1.0,"played":[1.0,0.0,0.0],"evs":[0.0,-0.18225,-0.24914]},"32s":{"weight":1.0,"played":[1.0,0.0,0.0],"evs":[0.0,-0.32543,-0.73938]},"33":{"weight":1.0,"played":[1.0,0.0,0.0],"evs":[0.0,-0.14536,-0.02631]},"43o":{"weight":1.0,"played":[1.0,0.0,0.0],"evs":[0.0,-0.41251,-0.94701]},"53o":{"weight":1.0,"played":[1.0,0.0,0.0],"evs":[0.0,-0.38073,-0.91065]},"63o":{"weight":1.0,"played":[1.0,0.0,0.0],"evs":[0.0,-0.48543,-1.06383]},"73o":{"weight":1.0,"played":[1.0,0.0,0.0],"evs":[0.0,-0.58676,-1.21894]},"83o":{"weight":1.0,"played":[1.0,0.0,0.0],"evs":[0.0,-0.60717,-1.23367]},"93o":{"weight":1.0,"played":[1.0,0.0,0.0],"evs":[0.0,-0.53944,-1.01169]},"T3o":{"weight":1.0,"played":[1.0,0.0,0.0],"evs":[0.0,-0.51552,-0.95198]},"J3o":{"weight":1.0,"played":[1.0,0.0,0.0],"evs":[0.0,-0.47151,-0.86439]},"Q3o":{"weight":1.0,"played":[1.0,0.0,0.0],"evs":[0.0,-0.41799,-0.73006]},"K3o":{"weight":1.0,"played":[1.0,0.0,0.0],"evs":[0.0,-0.38361,-0.68803]},"A3o":{"weight":1.0,"played":[1.0,0.0,0.0],"evs":[0.0,-0.13735,-0.19701]},"42s":{"weight":1.0,"played":[1.0,0.0,0.0],"evs":[0.0,-0.3156,-0.75332]},"43s":{"weight":1.0,"played":[1.0,0.0,0.0],"evs":[0.0,-0.21877,-0.59476]},"44":{"weight":1.0,"played":[1.0,0.0,0.0],"evs":[0.0,-0.08704,-0.05443]},"54o":{"weight":1.0,"played":[1.0,0.0,0.0],"evs":[0.0,-0.31684,-0.82017]},"64o":{"weight":1.0,"played":[1.0,0.0,0.0],"evs":[0.0,-0.40208,-0.96611]},"74o":{"weight":1.0,"played":[1.0,0.0,0.0],"evs":[0.0,-0.52113,-1.12289]},"84o":{"weight":1.0,"played":[1.0,0.0,0.0],"evs":[0.0,-0.5321,-1.13758]},"94o":{"weight":1.0,"played":[1.0,0.0,0.0],"evs":[0.0,-0.53016,-1.05084]},"T4o":{"weight":1.0,"played":[1.0,0.0,0.0],"evs":[0.0,-0.49388,-0.96187]},"J4o":{"weight":1.0,"played":[1.0,0.0,0.0],"evs":[0.0,-0.46189,-0.87317]},"Q4o":{"weight":1.0,"played":[1.0,0.0,0.0],"evs":[0.0,-0.41895,-0.7354]},"K4o":{"weight":1.0,"played":[1.0,0.0,0.0],"evs":[0.0,-0.35226,-0.68143]},"A4o":{"weight":1.0,"played":[1.0,0.0,0.0],"evs":[0.0,-0.12472,-0.20602]},"52s":{"weight":1.0,"played":[1.0,0.0,0.0],"evs":[0.0,-0.28873,-0.70875]},"53s":{"weight":1.0,"played":[1.0,0.0,0.0],"evs":[0.0,-0.18593,-0.56259]},"54s":{"weight":1.0,"played":[1.0,0.0,0.0],"evs":[0.0,-0.12938,-0.47108]},"55":{"weight":1.0,"played":[0.6718,0.0811,0.2472],"evs":[0.0,-0.00532,3.5E-4]},"65o":{"weight":1.0,"played":[1.0,0.0,0.0],"evs":[0.0,-0.3226,-0.83084]},"75o":{"weight":1.0,"played":[1.0,0.0,0.0],"evs":[0.0,-0.42152,-0.97728]},"85o":{"weight":1.0,"played":[1.0,0.0,0.0],"evs":[0.0,-0.45079,-0.99976]},"95o":{"weight":1.0,"played":[1.0,0.0,0.0],"evs":[0.0,-0.47474,-0.91527]},"T5o":{"weight":1.0,"played":[1.0,0.0,0.0],"evs":[0.0,-0.48301,-0.95353]},"J5o":{"weight":1.0,"played":[1.0,0.0,0.0],"evs":[0.0,-0.45091,-0.8389]},"Q5o":{"weight":1.0,"played":[1.0,0.0,0.0],"evs":[0.0,-0.39681,-0.69854]},"K5o":{"weight":1.0,"played":[1.0,0.0,0.0],"evs":[0.0,-0.32985,-0.64661]},"A5o":{"weight":1.0,"played":[1.0,0.0,0.0],"evs":[0.0,-0.11137,-0.16871]},"62s":{"weight":1.0,"played":[1.0,0.0,0.0],"evs":[0.0,-0.38545,-0.86716]},"63s":{"weight":1.0,"played":[1.0,0.0,0.0],"evs":[0.0,-0.28916,-0.69917]},"64s":{"weight":1.0,"played":[1.0,0.0,0.0],"evs":[0.0,-0.21428,-0.62026]},"65s":{"weight":1.0,"played":[1.0,0.0,0.0],"evs":[0.0,-0.124,-0.49536]},"66":{"weight":1.0,"played":[0.5607,0.0425,0.3967],"evs":[0.0,-0.01036,-0.00892]},"76o":{"weight":1.0,"played":[1.0,0.0,0.0],"evs":[0.0,-0.36739,-0.90609]},"86o":{"weight":1.0,"played":[1.0,0.0,0.0],"evs":[0.0,-0.39069,-0.90514]},"96o":{"weight":1.0,"played":[1.0,0.0,0.0],"evs":[0.0,-0.4152,-0.83425]},"T6o":{"weight":1.0,"played":[1.0,0.0,0.0],"evs":[0.0,-0.4519,-0.86919]},"J6o":{"weight":1.0,"played":[1.0,0.0,0.0],"evs":[0.0,-0.48602,-0.87102]},"Q6o":{"weight":1.0,"played":[1.0,0.0,0.0],"evs":[0.0,-0.42229,-0.69765]},"K6o":{"weight":1.0,"played":[1.0,0.0,0.0],"evs":[0.0,-0.35676,-0.6614]},"A6o":{"weight":1.0,"played":[1.0,0.0,0.0],"evs":[0.0,-0.2073,-0.29638]},"72s":{"weight":1.0,"played":[1.0,0.0,0.0],"evs":[0.0,-0.48275,-1.01324]},"73s":{"weight":1.0,"played":[1.0,0.0,0.0],"evs":[0.0,-0.39495,-0.8409]},"74s":{"weight":1.0,"played":[1.0,0.0,0.0],"evs":[0.0,-0.33038,-0.76767]},"75s":{"weight":1.0,"played":[1.0,0.0,0.0],"evs":[0.0,-0.22163,-0.62099]},"76s":{"weight":1.0,"played":[1.0,0.0,0.0],"evs":[0.0,-0.17661,-0.55028]},"77":{"weight":1.0,"played":[0.1643,0.5055,0.3301],"evs":[0.0,0.00272,0.00185]},"87o":{"weight":1.0,"played":[1.0,0.0,0.0],"evs":[0.0,-0.37179,-0.85529]},"97o":{"weight":1.0,"played":[1.0,0.0,0.0],"evs":[0.0,-0.35434,-0.75617]},"T7o":{"weight":1.0,"played":[1.0,0.0,0.0],"evs":[0.0,-0.37815,-0.79041]},"J7o":{"weight":1.0,"played":[1.0,0.0,0.0],"evs":[0.0,-0.39354,-0.80173]},"Q7o":{"weight":1.0,"played":[1.0,0.0,0.0],"evs":[0.0,-0.4104,-0.77528]},"K7o":{"weight":1.0,"played":[1.0,0.0,0.0],"evs":[0.0,-0.33036,-0.69723]},"A7o":{"weight":1.0,"played":[1.0,0.0,0.0],"evs":[0.0,-0.18929,-0.31189]},"82s":{"weight":1.0,"played":[1.0,0.0,0.0],"evs":[0.0,-0.43459,-0.89839]},"83s":{"weight":1.0,"played":[1.0,0.0,0.0],"evs":[0.0,-0.41855,-0.86233]},"84s":{"weight":1.0,"played":[1.0,0.0,0.0],"evs":[0.0,-0.33594,-0.74886]},"85s":{"weight":1.0,"played":[1.0,0.0,0.0],"evs":[0.0,-0.24842,-0.64333]},"86s":{"weight":1.0,"played":[1.0,0.0,0.0],"evs":[0.0,-0.19463,-0.55617]},"87s":{"weight":1.0,"played":[1.0,0.0,0.0],"evs":[0.0,-0.17143,-0.50099]},"88":{"weight":1.0,"played":[0.0,0.0223,0.9777],"evs":[0.0,0.31721,0.3257]},"98o":{"weight":1.0,"played":[1.0,0.0,0.0],"evs":[0.0,-0.28669,-0.63064]},"T8o":{"weight":1.0,"played":[1.0,0.0,0.0],"evs":[0.0,-0.28379,-0.6217]},"J8o":{"weight":1.0,"played":[1.0,0.0,0.0],"evs":[0.0,-0.29344,-0.62545]},"Q8o":{"weight":1.0,"played":[1.0,0.0,0.0],"evs":[0.0,-0.30955,-0.58017]},"K8o":{"weight":1.0,"played":[1.0,0.0,0.0],"evs":[0.0,-0.25747,-0.63691]},"A8o":{"weight":1.0,"played":[1.0,0.0,0.0],"evs":[0.0,-0.09826,-0.19537]},"92s":{"weight":1.0,"played":[1.0,0.0,0.0],"evs":[0.0,-0.38296,-0.70854]},"93s":{"weight":1.0,"played":[1.0,0.0,0.0],"evs":[0.0,-0.34009,-0.65246]},"94s":{"weight":1.0,"played":[1.0,0.0,0.0],"evs":[0.0,-0.3494,-0.70464]},"95s":{"weight":1.0,"played":[1.0,0.0,0.0],"evs":[0.0,-0.27678,-0.55293]},"96s":{"weight":1.0,"played":[1.0,0.0,0.0],"evs":[0.0,-0.21843,-0.48279]},"97s":{"weight":1.0,"played":[1.0,0.0,0.0],"evs":[0.0,-0.16645,-0.42621]},"98s":{"weight":1.0,"played":[1.0,0.0,0.0],"evs":[0.0,-0.09469,-0.29422]},"99":{"weight":1.0,"played":[0.0,0.0,1.0],"evs":[0.0,0.6285,0.8164]},"T9o":{"weight":1.0,"played":[1.0,0.0,0.0],"evs":[0.0,-0.19707,-0.36438]},"J9o":{"weight":1.0,"played":[1.0,0.0,0.0],"evs":[0.0,-0.18852,-0.37304]},"Q9o":{"weight":1.0,"played":[1.0,0.0,0.0],"evs":[0.0,-0.21472,-0.34569]},"K9o":{"weight":1.0,"played":[1.0,0.0,0.0],"evs":[0.0,-0.19629,-0.39973]},"A9o":{"weight":1.0,"played":[0.8567,0.0,0.1433],"evs":[0.0,-0.02175,-0.00274]},"T2s":{"weight":1.0,"played":[1.0,0.0,0.0],"evs":[0.0,-0.35618,-0.6401]},"T3s":{"weight":1.0,"played":[1.0,0.0,0.0],"evs":[0.0,-0.31568,-0.57765]},"T4s":{"weight":1.0,"played":[1.0,0.0,0.0],"evs":[0.0,-0.30301,-0.58964]},"T5s":{"weight":1.0,"played":[1.0,0.0,0.0],"evs":[0.0,-0.28976,-0.58014]},"T6s":{"weight":1.0,"played":[1.0,0.0,0.0],"evs":[0.0,-0.25842,-0.51087]},"T7s":{"weight":1.0,"played":[1.0,0.0,0.0],"evs":[0.0,-0.18607,-0.45912]},"T8s":{"weight":1.0,"played":[1.0,0.0,0.0],"evs":[0.0,-0.09535,-0.28441]},"T9s":{"weight":1.0,"played":[0.7055,0.2944,2.0E-4],"evs":[0.0,-0.00232,-0.03636]},"TT":{"weight":1.0,"played":[0.0,0.0,1.0],"evs":[0.0,1.07093,1.28179]},"JTo":{"weight":1.0,"played":[1.0,0.0,0.0],"evs":[0.0,-0.06148,-0.18048]},"QTo":{"weight":1.0,"played":[1.0,0.0,0.0],"evs":[0.0,-0.07408,-0.14633]},"KTo":{"weight":1.0,"played":[1.0,0.0,0.0],"evs":[0.0,-0.07545,-0.19104]},"ATo":{"weight":1.0,"played":[0.0,0.0,1.0],"evs":[0.0,0.19043,0.24526]},"J2s":{"weight":1.0,"played":[1.0,0.0,0.0],"evs":[0.0,-0.30501,-0.54304]},"J3s":{"weight":1.0,"played":[1.0,0.0,0.0],"evs":[0.0,-0.27172,-0.50222]},"J4s":{"weight":1.0,"played":[1.0,0.0,0.0],"evs":[0.0,-0.27726,-0.5183]},"J5s":{"weight":1.0,"played":[1.0,0.0,0.0],"evs":[0.0,-0.25299,-0.48215]},"J6s":{"weight":1.0,"played":[1.0,0.0,0.0],"evs":[0.0,-0.28079,-0.51794]},"J7s":{"weight":1.0,"played":[1.0,0.0,0.0],"evs":[0.0,-0.19123,-0.46141]},"J8s":{"weight":1.0,"played":[1.0,0.0,0.0],"evs":[0.0,-0.09921,-0.28942]},"J9s":{"weight":1.0,"played":[0.2861,0.7137,1.0E-4],"evs":[0.0,3.2E-4,-0.04818]},"JTs":{"weight":1.0,"played":[0.0,0.258,0.742],"evs":[0.0,0.13273,0.1317]},"JJ":{"weight":1.0,"played":[0.0,0.0,1.0],"evs":[0.0,1.56077,1.76073]},"QJo":{"weight":1.0,"played":[0.9983,0.0017,0.0],"evs":[0.0,-0.01161,-0.05493]},"KJo":{"weight":1.0,"played":[0.9996,4.0E-4,0.0],"evs":[0.0,-0.01081,-0.10452]},"AJo":{"weight":1.0,"played":[0.0,0.0,1.0],"evs":[0.0,0.34328,0.4715]},"Q2s":{"weight":1.0,"played":[1.0,0.0,0.0],"evs":[0.0,-0.25833,-0.43676]},"Q3s":{"weight":1.0,"played":[1.0,0.0,0.0],"evs":[0.0,-0.21843,-0.37926]},"Q4s":{"weight":1.0,"played":[1.0,0.0,0.0],"evs":[0.0,-0.22393,-0.38379]},"Q5s":{"weight":1.0,"played":[1.0,0.0,0.0],"evs":[0.0,-0.19879,-0.36645]},"Q6s":{"weight":1.0,"played":[1.0,0.0,0.0],"evs":[0.0,-0.23056,-0.36841]},"Q7s":{"weight":1.0,"played":[1.0,0.0,0.0],"evs":[0.0,-0.19953,-0.41467]},"Q8s":{"weight":1.0,"played":[1.0,0.0,0.0],"evs":[0.0,-0.10397,-0.25623]},"Q9s":{"weight":1.0,"played":[0.9157,0.0839,4.0E-4],"evs":[0.0,-0.00193,-0.01272]},"QTs":{"weight":1.0,"played":[0.0,9.0E-4,0.9991],"evs":[0.0,0.13905,0.17433]},"QJs":{"weight":1.0,"played":[0.0,0.0,1.0],"evs":[0.0,0.22057,0.25219]},"QQ":{"weight":1.0,"played":[0.0,0.0,1.0],"evs":[0.0,2.24649,2.44153]},"KQo":{"weight":1.0,"played":[0.5799,0.3711,0.0489],"evs":[0.0,-0.00179,-0.0031]},"AQo":{"weight":1.0,"played":[0.0,0.0,1.0],"evs":[0.0,0.71906,1.11787]},"K2s":{"weight":1.0,"played":[1.0,0.0,0.0],"evs":[0.0,-0.21509,-0.39375]},"K3s":{"weight":1.0,"played":[1.0,0.0,0.0],"evs":[0.0,-0.18093,-0.33509]},"K4s":{"weight":1.0,"played":[1.0,0.0,0.0],"evs":[0.0,-0.15924,-0.34338]},"K5s":{"weight":1.0,"played":[1.0,0.0,0.0],"evs":[0.0,-0.1423,-0.31322]},"K6s":{"weight":1.0,"played":[1.0,0.0,0.0],"evs":[0.0,-0.1547,-0.31854]},"K7s":{"weight":1.0,"played":[1.0,0.0,0.0],"evs":[0.0,-0.12349,-0.36784]},"K8s":{"weight":1.0,"played":[1.0,0.0,0.0],"evs":[0.0,-0.06167,-0.29474]},"K9s":{"weight":1.0,"played":[0.7385,0.2615,0.0],"evs":[0.0,-5.4E-4,-0.06201]},"KTs":{"weight":1.0,"played":[0.0,0.4201,0.5799],"evs":[0.0,0.1275,0.12793]},"KJs":{"weight":1.0,"played":[0.0,0.2355,0.7645],"evs":[0.0,0.22252,0.22081]},"KQs":{"weight":1.0,"played":[0.0,0.0,1.0],"evs":[0.0,0.23994,0.29935]},"KK":{"weight":1.0,"played":[0.0,7.0E-4,0.9993],"evs":[0.0,3.09878,3.15454]},"AKo":{"weight":1.0,"played":[0.0,0.0,1.0],"evs":[0.0,1.24329,1.87081]},"A2s":{"weight":1.0,"played":[0.0,0.0,1.0],"evs":[0.0,0.03547,0.07616]},"A3s":{"weight":1.0,"played":[1.0E-4,0.0,0.9999],"evs":[0.0,0.07269,0.12212]},"A4s":{"weight":1.0,"played":[0.0,0.0017,0.9983],"evs":[0.0,0.09698,0.11582]},"A5s":{"weight":1.0,"played":[0.0,0.0,1.0],"evs":[0.0,0.11067,0.141]},"A6s":{"weight":1.0,"played":[0.0034,0.1542,0.8424],"evs":[0.0,0.02026,0.02482]},"A7s":{"weight":1.0,"played":[0.0,0.9973,0.0027],"evs":[0.0,0.04379,0.0214]},"A8s":{"weight":1.0,"played":[0.0,0.4155,0.5845],"evs":[0.0,0.13187,0.1388]},"A9s":{"weight":1.0,"played":[0.0,0.0,1.0],"evs":[0.0,0.20261,0.30477]},"ATs":{"weight":1.0,"played":[0.0,0.0,1.0],"evs":[0.0,0.42168,0.53509]},"AJs":{"weight":1.0,"played":[0.0,0.0,1.0],"evs":[0.0,0.62622,0.7494]},"AQs":{"weight":1.0,"played":[0.0,0.0,1.0],"evs":[0.0,0.98828,1.34205]},"AKs":{"weight":1.0,"played":[0.0,0.0,1.0],"evs":[0.0,1.50734,2.0548]},"AA":{"weight":1.0,"played":[0.0,1.0,0.0],"evs":[0.0,4.3576,4.34007]}}}