{"player":4,"street":0,"children":3,"sequence":[{"player":0,"type":"F","amount":0,"street":0},{"player":1,"type":"R","amount":10000000,"street":0},{"player":2,"type":"F","amount":0,"street":0},{"player":3,"type":"F","amount":0,"street":0}],"actions":[{"type":"F","amount":0,"node":35},{"type":"C","amount":7500000},{"type":"R","amount":19250000,"node":37}],"hands":{"22":{"weight":1.0,"played":[1.0,0.0,0.0],"evs":[0.0,-0.27752,-0.29583]},"32o":{"weight":1.0,"played":[1.0,0.0,0.0],"evs":[0.0,-1.13909,-2.22161]},"42o":{"weight":1.0,"played":[1.0,0.0,0.0],"evs":[0.0,-1.13545,-2.19459]},"52o":{"weight":1.0,"played":[1.0,0.0,0.0],"evs":[0.0,-1.10131,-2.12458]},"62o":{"weight":1.0,"played":[1.0,0.0,0.0],"evs":[0.0,-1.2128,-2.31059]},"72o":{"weight":1.0,"played":[1.0,0.0,0.0],"evs":[0.0,-1.27324,-2.42317]},"82o":{"weight":1.0,"played":[1.0,0.0,0.0],"evs":[0.0,-1.20846,-2.28191]},"92o":{"weight":1.0,"played":[1.0,0.0,0.0],"evs":[0.0,-1.09457,-2.03627]},"T2o":{"weight":1.0,"played":[1.0,0.0,0.0],"evs":[0.0,-1.04463,-1.77622]},"J2o":{"weight":1.0,"played":[1.0,0.0,0.0],"evs":[0.0,-0.94872,-1.48397]},"Q2o":{"weight":1.0,"played":[1.0,0.0,0.0],"evs":[0.0,-0.83021,-1.19973]},"K2o":{"weight":1.0,"played":[1.0,0.0,0.0],"evs":[0.0,-0.63817,-0.7484]},"A2o":{"weight":1.0,"played":[0.0,1.0E-4,0.9999],"evs":[0.0,0.03569,0.04191]},"32s":{"weight":1.0,"played":[1.0,0.0,0.0],"evs":[0.0,-0.85712,-1.74296]},"33":{"weight":1.0,"played":[1.0,0.0,0.0],"evs":[0.0,-0.11285,-0.1201]},"43o":{"weight":1.0,"played":[1.0,0.0,0.0],"evs":[0.0,-1.01097,-1.97343]},"53o":{"weight":1.0,"played":[1.0,0.0,0.0],"evs":[0.0,-0.96842,-1.89771]},"63o":{"weight":1.0,"played":[1.0,0.0,0.0],"evs":[0.0,-1.08766,-2.08966]},"73o":{"weight":1.0,"played":[1.0,0.0,0.0],"evs":[0.0,-1.15928,-2.19471]},"83o":{"weight":1.0,"played":[1.0,0.0,0.0],"evs":[0.0,-1.17664,-2.22967]},"93o":{"weight":1.0,"played":[1.0,0.0,0.0],"evs":[0.0,-1.05248,-1.95122]},"T3o":{"weight":1.0,"played":[1.0,0.0,0.0],"evs":[0.0,-1.00447,-1.6923]},"J3o":{"weight":1.0,"played":[1.0,0.0,0.0],"evs":[0.0,-0.90183,-1.39506]},"Q3o":{"weight":1.0,"played":[1.0,0.0,0.0],"evs":[0.0,-0.7798,-1.11326]},"K3o":{"weight":1.0,"played":[1.0,0.0,0.0],"evs":[0.0,-0.56745,-0.66313]},"A3o":{"weight":1.0,"played":[0.0,1.0E-4,0.9999],"evs":[0.0,0.08491,0.09978]},"42s":{"weight":1.0,"played":[1.0,0.0,0.0],"evs":[0.0,-0.8462,-1.7123]},"43s":{"weight":1.0,"played":[1.0,0.0,0.0],"evs":[0.0,-0.71986,-1.50533]},"44":{"weight":1.0,"played":[1.0E-4,0.0,0.9999],"evs":[0.0,0.01857,0.044]},"54o":{"weight":1.0,"played":[1.0,0.0,0.0],"evs":[0.0,-0.89461,-1.7543]},"64o":{"weight":1.0,"played":[1.0,0.0,0.0],"evs":[0.0,-1.006,-1.93706]},"74o":{"weight":1.0,"played":[1.0,0.0,0.0],"evs":[0.0,-1.08386,-2.0506]},"84o":{"weight":1.0,"played":[1.0,0.0,0.0],"evs":[0.0,-1.11898,-2.07979]},"94o":{"weight":1.0,"played":[1.0,0.0,0.0],"evs":[0.0,-1.06725,-1.9659]},"T4o":{"weight":1.0,"played":[1.0,0.0,0.0],"evs":[0.0,-1.00177,-1.66411]},"J4o":{"weight":1.0,"played":[1.0,0.0,0.0],"evs":[0.0,-0.90503,-1.37439]},"Q4o":{"weight":1.0,"played":[1.0,0.0,0.0],"evs":[0.0,-0.78702,-1.09486]},"K4o":{"weight":1.0,"played":[1.0,0.0,0.0],"evs":[0.0,-0.52675,-0.59703]},"A4o":{"weight":1.0,"played":[0.0,0.0,1.0],"evs":[0.0,0.16495,0.19729]},"52s":{"weight":1.0,"played":[1.0,0.0,0.0],"evs":[0.0,-0.8132,-1.65028]},"53s":{"weight":1.0,"played":[1.0,0.0,0.0],"evs":[0.0,-0.68035,-1.43712]},"54s":{"weight":1.0,"played":[1.0,0.0,0.0],"evs":[0.0,-0.60795,-1.30877]},"55":{"weight":1.0,"played":[0.0,0.0,1.0],"evs":[0.0,0.21687,0.26894]},"65o":{"weight":1.0,"played":[1.0,0.0,0.0],"evs":[0.0,-0.89657,-1.73132]},"75o":{"weight":1.0,"played":[1.0,0.0,0.0],"evs":[0.0,-0.96736,-1.84551]},"85o":{"weight":1.0,"played":[1.0,0.0,0.0],"evs":[0.0,-1.00072,-1.87139]},"95o":{"weight":1.0,"played":[1.0,0.0,0.0],"evs":[0.0,-0.96813,-1.76155]},"T5o":{"weight":1.0,"played":[1.0,0.0,0.0],"evs":[0.0,-0.97683,-1.61115]},"J5o":{"weight":1.0,"played":[1.0,0.0,0.0],"evs":[0.0,-0.8698,-1.29602]},"Q5o":{"weight":1.0,"played":[1.0,0.0,0.0],"evs":[0.0,-0.74932,-1.01875]},"K5o":{"weight":1.0,"played":[1.0,0.0,0.0],"evs":[0.0,-0.44981,-0.49313]},"A5o":{"weight":1.0,"played":[0.0,0.0,1.0],"evs":[0.0,0.24335,0.27819]},"62s":{"weight":1.0,"played":[1.0,0.0,0.0],"evs":[0.0,-0.92228,-1.82973]},"63s":{"weight":1.0,"played":[1.0,0.0,0.0],"evs":[0.0,-0.78879,-1.60956]},"64s":{"weight":1.0,"played":[1.0,0.0,0.0],"evs":[0.0,-0.71724,-1.47568]},"65s":{"weight":1.0,"played":[1.0,0.0,0.0],"evs":[0.0,-0.60613,-1.29379]},"66":{"weight":1.0,"played":[0.0,0.0,1.0],"evs":[0.0,0.41283,0.48065]},"76o":{"weight":1.0,"played":[1.0,0.0,0.0],"evs":[0.0,-0.89083,-1.71509]},"86o":{"weight":1.0,"played":[1.0,0.0,0.0],"evs":[0.0,-0.90923,-1.73509]},"96o":{"weight":1.0,"played":[1.0,0.0,0.0],"evs":[0.0,-0.88213,-1.62889]},"T6o":{"weight":1.0,"played":[1.0,0.0,0.0],"evs":[0.0,-0.90794,-1.48028]},"J6o":{"weight":1.0,"played":[1.0,0.0,0.0],"evs":[0.0,-0.90142,-1.34567]},"Q6o":{"weight":1.0,"played":[1.0,0.0,0.0],"evs":[0.0,-0.72842,-0.97075]},"K6o":{"weight":1.0,"played":[1.0,0.0,0.0],"evs":[0.0,-0.37808,-0.38145]},"A6o":{"weight":1.0,"played":[0.0,0.0,1.0],"evs":[0.0,0.23163,0.25462]},"72s":{"weight":1.0,"played":[1.0,0.0,0.0],"evs":[0.0,-0.98918,-1.9374]},"73s":{"weight":1.0,"played":[1.0,0.0,0.0],"evs":[0.0,-0.86522,-1.71198]},"74s":{"weight":1.0,"played":[1.0,0.0,0.0],"evs":[0.0,-0.79163,-1.58926]},"75s":{"weight":1.0,"played":[1.0,0.0,0.0],"evs":[0.0,-0.67075,-1.39125]},"76s":{"weight":1.0,"played":[1.0,0.0,0.0],"evs":[0.0,-0.59854,-1.27273]},"77":{"weight":1.0,"played":[0.0,0.0,1.0],"evs":[0.0,0.67522,0.79432]},"87o":{"weight":1.0,"played":[1.0,0.0,0.0],"evs":[0.0,-0.83697,-1.60107]},"97o":{"weight":1.0,"played":[1.0,0.0,0.0],"evs":[0.0,-0.77269,-1.40994]},"T7o":{"weight":1.0,"played":[1.0,0.0,0.0],"evs":[0.0,-0.76087,-1.19475]},"J7o":{"weight":1.0,"played":[1.0,0.0,0.0],"evs":[0.0,-0.74482,-1.00823]},"Q7o":{"weight":1.0,"played":[1.0,0.0,0.0],"evs":[0.0,-0.66153,-0.8229]},"K7o":{"weight":1.0,"played":[1.0,0.0,0.0],"evs":[0.0,-0.17821,-0.12065]},"A7o":{"weight":1.0,"played":[0.0,0.0,1.0],"evs":[0.0,0.41273,0.45298]},"82s":{"weight":1.0,"played":[1.0,0.0,0.0],"evs":[0.0,-0.9168,-1.80075]},"83s":{"weight":1.0,"played":[1.0,0.0,0.0],"evs":[0.0,-0.88328,-1.74373]},"84s":{"weight":1.0,"played":[1.0,0.0,0.0],"evs":[0.0,-0.81829,-1.59718]},"85s":{"weight":1.0,"played":[1.0,0.0,0.0],"evs":[0.0,-0.69725,-1.40578]},"86s":{"weight":1.0,"played":[1.0,0.0,0.0],"evs":[0.0,-0.61392,-1.28766]},"87s":{"weight":1.0,"played":[1.0,0.0,0.0],"evs":[0.0,-0.53925,-1.16558]},"88":{"weight":1.0,"played":[0.0,0.0,1.0],"evs":[0.0,1.1563,1.29271]},"98o":{"weight":1.0,"played":[1.0,0.0,0.0],"evs":[0.0,-0.64739,-1.17989]},"T8o":{"weight":1.0,"played":[1.0,0.0,0.0],"evs":[0.0,-0.62369,-0.97321]},"J8o":{"weight":1.0,"played":[1.0,0.0,0.0],"evs":[0.0,-0.58601,-0.74357]},"Q8o":{"weight":1.0,"played":[1.0,0.0,0.0],"evs":[0.0,-0.47878,-0.54607]},"K8o":{"weight":1.0,"played":[0.0,0.0,1.0],"evs":[0.0,-0.00971,0.074]},"A8o":{"weight":1.0,"played":[0.0,0.0,1.0],"evs":[0.0,0.58183,0.6079]},"92s":{"weight":1.0,"played":[1.0,0.0,0.0],"evs":[0.0,-0.80164,-1.56159]},"93s":{"weight":1.0,"played":[1.0,0.0,0.0],"evs":[0.0,-0.75456,-1.48139]},"94s":{"weight":1.0,"played":[1.0,0.0,0.0],"evs":[0.0,-0.77,-1.49443]},"95s":{"weight":1.0,"played":[1.0,0.0,0.0],"evs":[0.0,-0.66802,-1.29957]},"96s":{"weight":1.0,"played":[1.0,0.0,0.0],"evs":[0.0,-0.58832,-1.19317]},"97s":{"weight":1.0,"played":[1.0,0.0,0.0],"evs":[0.0,-0.47503,-0.98629]},"98s":{"weight":1.0,"played":[1.0,0.0,0.0],"evs":[0.0,-0.34368,-0.76054]},"99":{"weight":1.0,"played":[0.0,0.0,1.0],"evs":[0.0,1.56992,1.7163]},"T9o":{"weight":1.0,"played":[1.0,0.0,0.0],"evs":[0.0,-0.38533,-0.59934]},"J9o":{"weight":1.0,"played":[1.0,0.0,0.0],"evs":[0.0,-0.34113,-0.3818]},"Q9o":{"weight":1.0,"played":[1.0,0.0,0.0],"evs":[0.0,-0.24095,-0.24367]},"K9o":{"weight":1.0,"played":[0.0,0.0,1.0],"evs":[0.0,0.226,0.31198]},"A9o":{"weight":1.0,"played":[0.0,0.0,1.0],"evs":[0.0,0.64162,0.66584]},"T2s":{"weight":1.0,"played":[1.0,0.0,0.0],"evs":[0.0,-0.73817,-1.30666]},"T3s":{"weight":1.0,"played":[1.0,0.0,0.0],"evs":[0.0,-0.68486,-1.2242]},"T4s":{"weight":1.0,"played":[1.0,0.0,0.0],"evs":[0.0,-0.69352,-1.20272]},"T5s":{"weight":1.0,"played":[1.0,0.0,0.0],"evs":[0.0,-0.67026,-1.16241]},"T6s":{"weight":1.0,"played":[1.0,0.0,0.0],"evs":[0.0,-0.60645,-1.05649]},"T7s":{"weight":1.0,"played":[1.0,0.0,0.0],"evs":[0.0,-0.45703,-0.7905]},"T8s":{"weight":1.0,"played":[1.0,0.0,0.0],"evs":[0.0,-0.31741,-0.57137]},"T9s":{"weight":1.0,"played":[1.0,0.0,0.0],"evs":[0.0,-0.08622,-0.21796]},"TT":{"weight":1.0,"played":[0.0,0.0,1.0],"evs":[0.0,2.04966,2.20043]},"JTo":{"weight":1.0,"played":[1.0,0.0,0.0],"evs":[0.0,-0.10688,-0.1003]},"QTo":{"weight":1.0,"played":[1.0E-4,0.0,0.9999],"evs":[0.0,0.01626,0.04478]},"KTo":{"weight":1.0,"played":[0.0,0.0,1.0],"evs":[0.0,0.51793,0.61959]},"ATo":{"weight":1.0,"played":[0.0,0.0,1.0],"evs":[0.0,0.96595,1.02403]},"J2s":{"weight":1.0,"played":[1.0,0.0,0.0],"evs":[0.0,-0.63174,-1.0295]},"J3s":{"weight":1.0,"played":[1.0,0.0,0.0],"evs":[0.0,-0.58448,-0.94216]},"J4s":{"weight":1.0,"played":[1.0,0.0,0.0],"evs":[0.0,-0.58933,-0.93441]},"J5s":{"weight":1.0,"played":[1.0,0.0,0.0],"evs":[0.0,-0.55777,-0.87007]},"J6s":{"weight":1.0,"played":[1.0,0.0,0.0],"evs":[0.0,-0.5804,-0.91238]},"J7s":{"weight":1.0,"played":[1.0,0.0,0.0],"evs":[0.0,-0.42544,-0.61267]},"J8s":{"weight":1.0,"played":[1.0,0.0,0.0],"evs":[0.0,-0.25859,-0.35973]},"J9s":{"weight":1.0,"played":[0.9992,7.0E-4,2.0E-4],"evs":[0.0,-0.00569,-0.00656]},"JTs":{"weight":1.0,"played":[0.0,0.0,1.0],"evs":[0.0,0.21472,0.25193]},"JJ":{"weight":1.0,"played":[0.0,0.0,1.0],"evs":[0.0,2.49547,2.6468]},"QJo":{"weight":1.0,"played":[0.0,0.0,1.0],"evs":[0.0,0.10288,0.13848]},"KJo":{"weight":1.0,"played":[0.0,0.0,1.0],"evs":[0.0,0.62784,0.73512]},"AJo":{"weight":1.0,"played":[0.0,0.0,1.0],"evs":[0.0,1.14606,1.22486]},"Q2s":{"weight":1.0,"played":[1.0,0.0,0.0],"evs":[0.0,-0.50238,-0.75933]},"Q3s":{"weight":1.0,"played":[1.0,0.0,0.0],"evs":[0.0,-0.45717,-0.68897]},"Q4s":{"weight":1.0,"played":[1.0,0.0,0.0],"evs":[0.0,-0.45779,-0.6684]},"Q5s":{"weight":1.0,"played":[1.0,0.0,0.0],"evs":[0.0,-0.42492,-0.60479]},"Q6s":{"weight":1.0,"played":[1.0,0.0,0.0],"evs":[0.0,-0.4043,-0.56739]},"Q7s":{"weight":1.0,"played":[1.0,0.0,0.0],"evs":[0.0,-0.33022,-0.42429]},"Q8s":{"weight":1.0,"played":[1.0,0.0,0.0],"evs":[0.0,-0.14557,-0.16882]},"Q9s":{"weight":1.0,"played":[0.0,0.0,1.0],"evs":[0.0,0.08961,0.12048]},"QTs":{"weight":1.0,"played":[0.0,0.0,1.0],"evs":[0.0,0.33325,0.38835]},"QJs":{"weight":1.0,"played":[0.0,0.0,1.0],"evs":[0.0,0.41823,0.47622]},"QQ":{"weight":1.0,"played":[0.0,0.0,1.0],"evs":[0.0,3.04172,3.17413]},"KQo":{"weight":1.0,"played":[0.0,0.0,1.0],"evs":[0.0,0.72787,0.83867]},"AQo":{"weight":1.0,"played":[0.0,0.0,1.0],"evs":[0.0,1.47691,1.57159]},"K2s":{"weight":1.0,"played":[1.0,0.0,0.0],"evs":[0.0,-0.30101,-0.35151]},"K3s":{"weight":1.0,"played":[1.0,0.0,0.0],"evs":[0.0,-0.23061,-0.26644]},"K4s":{"weight":1.0,"played":[1.0,0.0,0.0],"evs":[0.0,-0.1868,-0.20619]},"K5s":{"weight":1.0,"played":[1.0,0.0,0.0],"evs":[0.0,-0.11732,-0.116]},"K6s":{"weight":1.0,"played":[0.9825,0.0,0.0175],"evs":[0.0,-0.0463,-0.01138]},"K7s":{"weight":1.0,"played":[0.0,0.0,1.0],"evs":[0.0,0.15112,0.22948]},"K8s":{"weight":1.0,"played":[0.0,0.0,1.0],"evs":[0.0,0.30466,0.41139]},"K9s":{"weight":1.0,"played":[0.0,0.0,1.0],"evs":[0.0,0.53808,0.64391]},"KTs":{"weight":1.0,"played":[0.0,0.0,1.0],"evs":[0.0,0.80411,0.92802]},"KJs":{"weight":1.0,"played":[0.0,0.0,1.0],"evs":[0.0,0.91388,1.03414]},"KQs":{"weight":1.0,"played":[0.0,0.0,1.0],"evs":[0.0,1.01213,1.13283]},"KK":{"weight":1.0,"played":[0.0,0.0,1.0],"evs":[0.0,3.82897,3.92897]},"AKo":{"weight":1.0,"played":[0.0,0.0,1.0],"evs":[0.0,2.0464,2.14485]},"A2s":{"weight":1.0,"played":[0.0,0.0,1.0],"evs":[0.0,0.36847,0.40375]},"A3s":{"weight":1.0,"played":[0.0,0.0,1.0],"evs":[0.0,0.41603,0.45955]},"A4s":{"weight":1.0,"played":[0.0,0.0,1.0],"evs":[0.0,0.48934,0.54411]},"A5s":{"weight":1.0,"played":[0.0,0.0,1.0],"evs":[0.0,0.56268,0.62019]},"A6s":{"weight":1.0,"played":[0.0,0.0,1.0],"evs":[0.0,0.55434,0.60029]},"A7s":{"weight":1.0,"played":[0.0,0.0,1.0],"evs":[0.0,0.72473,0.78627]},"A8s":{"weight":1.0,"played":[0.0,0.0,1.0],"evs":[0.0,0.88735,0.93506]},"A9s":{"weight":1.0,"played":[0.0,0.0,1.0],"evs":[0.0,0.94132,0.98045]},"ATs":{"weight":1.0,"played":[0.0,0.0,1.0],"evs":[0.0,1.23333,1.30625]},"AJs":{"weight":1.0,"played":[0.0,0.0,1.0],"evs":[0.0,1.41107,1.49351]},"AQs":{"weight":1.0,"played":[0.0,0.0,1.0],"evs":[0.0,1.74022,1.82627]},"AKs":{"weight":1.0,"played":[0.0,0.0,1.0],"evs":[0.0,2.27335,2.36067]},"AA":{"weight":1.0,"played":[0.0,0.0,1.0],"evs":[0.0,4.86075,4.90594]}}}