{"player":1,"street":0,"children":2,"sequence":[{"player":0,"type":"F","amount":0,"street":0},{"player":1,"type":"R","amount":10000000,"street":0},{"player":2,"type":"F","amount":0,"street":0},{"player":3,"type":"F","amount":0,"street":0},{"player":4,"type":"F","amount":0,"street":0},{"player":5,"type":"R","amount":51750000,"street":0}],"actions":[{"type":"F","amount":0},{"type":"C","amount":41750000}],"hands":{"22":{"weight":0.0,"played":[0.0,1.0],"evs":[0.0,0.42906]},"32o":{"weight":0.0,"played":[1.0,0.0],"evs":[0.0,-2.43696]},"42o":{"weight":0.0,"played":[1.0,0.0],"evs":[0.0,-2.24027]},"52o":{"weight":0.0,"played":[1.0,0.0],"evs":[0.0,-2.15622]},"62o":{"weight":0.0,"played":[1.0,0.0],"evs":[0.0,-2.29324]},"72o":{"weight":0.0,"played":[1.0,0.0],"evs":[0.0,-2.33566]},"82o":{"weight":0.0,"played":[1.0,0.0],"evs":[0.0,-2.26823]},"92o":{"weight":0.0,"played":[1.0,0.0],"evs":[0.0,-2.21885]},"T2o":{"weight":0.0,"played":[1.0,0.0],"evs":[0.0,-2.01647]},"J2o":{"weight":0.0,"played":[1.0,0.0],"evs":[0.0,-1.82861]},"Q2o":{"weight":0.0,"played":[1.0,0.0],"evs":[0.0,-1.65505]},"K2o":{"weight":0.0,"played":[1.0,0.0],"evs":[0.0,-1.09716]},"A2o":{"weight":0.5892,"played":[1.0,0.0],"evs":[0.0,-0.49356]},"32s":{"weight":0.0,"played":[1.0,0.0],"evs":[0.0,-1.75148]},"33":{"weight":0.0,"played":[0.0,1.0],"evs":[0.0,0.91257]},"43o":{"weight":0.0,"played":[1.0,0.0],"evs":[0.0,-1.93213]},"53o":{"weight":0.0,"played":[1.0,0.0],"evs":[0.0,-1.82554]},"63o":{"weight":0.0,"played":[1.0,0.0],"evs":[0.0,-1.9714]},"73o":{"weight":0.0,"played":[1.0,0.0],"evs":[0.0,-2.02482]},"83o":{"weight":0.0,"played":[1.0,0.0],"evs":[0.0,-2.18441]},"93o":{"weight":0.0,"played":[1.0,0.0],"evs":[0.0,-2.08735]},"T3o":{"weight":0.0,"played":[1.0,0.0],"evs":[0.0,-1.89178]},"J3o":{"weight":0.0,"played":[1.0,0.0],"evs":[0.0,-1.70285]},"Q3o":{"weight":0.0,"played":[1.0,0.0],"evs":[0.0,-1.52641]},"K3o":{"weight":0.0068,"played":[1.0,0.0],"evs":[0.0,-0.97635]},"A3o":{"weight":0.0,"played":[1.0,0.0],"evs":[0.0,-0.32899]},"42s":{"weight":0.0,"played":[1.0,0.0],"evs":[0.0,-1.59032]},"43s":{"weight":0.0247,"played":[1.0,0.0],"evs":[0.0,-1.29412]},"44":{"weight":0.0,"played":[0.0,1.0],"evs":[0.0,1.33909]},"54o":{"weight":0.0,"played":[1.0,0.0],"evs":[0.0,-1.47134]},"64o":{"weight":0.0,"played":[1.0,0.0],"evs":[0.0,-1.61136]},"74o":{"weight":0.0,"played":[1.0,0.0],"evs":[0.0,-1.65528]},"84o":{"weight":0.0,"played":[1.0,0.0],"evs":[0.0,-1.8212]},"94o":{"weight":0.0,"played":[1.0,0.0],"evs":[0.0,-1.9498]},"T4o":{"weight":0.0,"played":[1.0,0.0],"evs":[0.0,-1.70184]},"J4o":{"weight":0.0,"played":[1.0,0.0],"evs":[0.0,-1.51787]},"Q4o":{"weight":0.0,"played":[1.0,0.0],"evs":[0.0,-1.32649]},"K4o":{"weight":1.0,"played":[1.0,0.0],"evs":[0.0,-0.7995]},"A4o":{"weight":0.0,"played":[1.0,0.0],"evs":[0.0,-0.18152]},"52s":{"weight":0.0,"played":[1.0,0.0],"evs":[0.0,-1.48625]},"53s":{"weight":0.0,"played":[1.0,0.0],"evs":[0.0,-1.18981]},"54s":{"weight":0.0,"played":[1.0,0.0],"evs":[0.0,-0.84574]},"55":{"weight":0.0,"played":[0.0,1.0],"evs":[0.0,1.75718]},"65o":{"weight":0.0,"played":[1.0,0.0],"evs":[0.0,-1.35402]},"75o":{"weight":0.0,"played":[1.0,0.0],"evs":[0.0,-1.40159]},"85o":{"weight":0.0,"played":[1.0,0.0],"evs":[0.0,-1.55988]},"95o":{"weight":0.0,"played":[1.0,0.0],"evs":[0.0,-1.67583]},"T5o":{"weight":0.0,"played":[1.0,0.0],"evs":[0.0,-1.66509]},"J5o":{"weight":0.0,"played":[1.0,0.0],"evs":[0.0,-1.43788]},"Q5o":{"weight":0.0,"played":[1.0,0.0],"evs":[0.0,-1.24583]},"K5o":{"weight":1.0,"played":[1.0,0.0],"evs":[0.0,-0.7128]},"A5o":{"weight":0.0,"played":[4.0E-4,0.9996],"evs":[0.0,0.04257]},"62s":{"weight":0.0,"played":[1.0,0.0],"evs":[0.0,-1.62557]},"63s":{"weight":5.0E-4,"played":[1.0,0.0],"evs":[0.0,-1.33126]},"64s":{"weight":0.0,"played":[1.0,0.0],"evs":[0.0,-0.98639]},"65s":{"weight":0.0,"played":[1.0,0.0],"evs":[0.0,-0.7325]},"66":{"weight":0.1916,"played":[0.0,1.0],"evs":[0.0,2.16492]},"76o":{"weight":0.0,"played":[1.0,0.0],"evs":[0.0,-1.09379]},"86o":{"weight":0.0,"played":[1.0,0.0],"evs":[0.0,-1.23105]},"96o":{"weight":0.0,"played":[1.0,0.0],"evs":[0.0,-1.36175]},"T6o":{"weight":0.0,"played":[1.0,0.0],"evs":[0.0,-1.3343]},"J6o":{"weight":0.0,"played":[1.0,0.0],"evs":[0.0,-1.34698]},"Q6o":{"weight":0.907,"played":[1.0,0.0],"evs":[0.0,-1.10852]},"K6o":{"weight":1.0,"played":[1.0,0.0],"evs":[0.0,-0.58628]},"A6o":{"weight":0.4928,"played":[0.0,1.0],"evs":[0.0,0.1409]},"72s":{"weight":0.0,"played":[1.0,0.0],"evs":[0.0,-1.65942]},"73s":{"weight":0.0,"played":[1.0,0.0],"evs":[0.0,-1.36236]},"74s":{"weight":0.0,"played":[1.0,0.0],"evs":[0.0,-1.02131]},"75s":{"weight":0.0,"played":[1.0,0.0],"evs":[0.0,-0.78257]},"76s":{"weight":0.0,"played":[1.0,0.0],"evs":[0.0,-0.50056]},"77":{"weight":0.4822,"played":[0.0,1.0],"evs":[0.0,2.47114]},"87o":{"weight":1.0E-4,"played":[1.0,0.0],"evs":[0.0,-0.89847]},"97o":{"weight":1.0,"played":[1.0,0.0],"evs":[0.0,-1.0338]},"T7o":{"weight":1.0,"played":[1.0,0.0],"evs":[0.0,-1.00975]},"J7o":{"weight":0.9345,"played":[1.0,0.0],"evs":[0.0,-1.013]},"Q7o":{"weight":0.0805,"played":[1.0,0.0],"evs":[0.0,-0.98956]},"K7o":{"weight":0.9966,"played":[1.0,0.0],"evs":[0.0,-0.44102]},"A7o":{"weight":0.0011,"played":[0.0,1.0],"evs":[0.0,0.49569]},"82s":{"weight":0.0,"played":[1.0,0.0],"evs":[0.0,-1.60608]},"83s":{"weight":0.0,"played":[1.0,0.0],"evs":[0.0,-1.51312]},"84s":{"weight":0.9997,"played":[1.0,0.0],"evs":[0.0,-1.18598]},"85s":{"weight":0.0,"played":[1.0,0.0],"evs":[0.0,-0.92314]},"86s":{"weight":0.0,"played":[1.0,0.0],"evs":[0.0,-0.61465]},"87s":{"weight":0.0,"played":[1.0,0.0],"evs":[0.0,-0.33054]},"88":{"weight":0.8231,"played":[0.0,1.0],"evs":[0.0,2.86]},"98o":{"weight":0.0,"played":[1.0,0.0],"evs":[0.0,-0.83565]},"T8o":{"weight":0.1344,"played":[1.0,0.0],"evs":[0.0,-0.81205]},"J8o":{"weight":1.0,"played":[1.0,0.0],"evs":[0.0,-0.80816]},"Q8o":{"weight":1.0,"played":[1.0,0.0],"evs":[0.0,-0.79673]},"K8o":{"weight":1.0,"played":[1.0,0.0],"evs":[0.0,-0.45448]},"A8o":{"weight":0.1419,"played":[0.0,1.0],"evs":[0.0,0.91136]},"92s":{"weight":0.0,"played":[1.0,0.0],"evs":[0.0,-1.54203]},"93s":{"weight":1.0E-4,"played":[1.0,0.0],"evs":[0.0,-1.40861]},"94s":{"weight":0.0624,"played":[1.0,0.0],"evs":[0.0,-1.2778]},"95s":{"weight":0.9752,"played":[1.0,0.0],"evs":[0.0,-1.04864]},"96s":{"weight":0.0,"played":[1.0,0.0],"evs":[0.0,-0.74088]},"97s":{"weight":0.0,"played":[1.0,0.0],"evs":[0.0,-0.42776]},"98s":{"weight":0.0,"played":[1.0,0.0],"evs":[0.0,-0.22891]},"99":{"weight":1.0,"played":[0.0,1.0],"evs":[0.0,3.36669]},"T9o":{"weight":0.0,"played":[1.0,0.0],"evs":[0.0,-0.55078]},"J9o":{"weight":0.0,"played":[1.0,0.0],"evs":[0.0,-0.50742]},"Q9o":{"weight":0.0142,"played":[1.0,0.0],"evs":[0.0,-0.46014]},"K9o":{"weight":0.0131,"played":[1.0,0.0],"evs":[0.0,-0.12444]},"A9o":{"weight":0.0,"played":[0.0,1.0],"evs":[0.0,1.51423]},"T2s":{"weight":0.9999,"played":[1.0,0.0],"evs":[0.0,-1.35894]},"T3s":{"weight":1.0,"played":[1.0,0.0],"evs":[0.0,-1.22218]},"T4s":{"weight":1.0,"played":[1.0,0.0],"evs":[0.0,-1.04512]},"T5s":{"weight":1.0,"played":[1.0,0.0],"evs":[0.0,-1.0192]},"T6s":{"weight":0.0,"played":[1.0,0.0],"evs":[0.0,-0.72622]},"T7s":{"weight":0.0,"played":[1.0,0.0],"evs":[0.0,-0.40445]},"T8s":{"weight":0.0,"played":[1.0,0.0],"evs":[0.0,-0.22995]},"T9s":{"weight":0.0,"played":[0.0104,0.9896],"evs":[0.0,0.01762]},"TT":{"weight":1.0,"played":[0.0,1.0],"evs":[0.0,4.14924]},"JTo":{"weight":0.0,"played":[0.9691,0.0309],"evs":[0.0,-0.04624]},"QTo":{"weight":0.0,"played":[0.0,1.0],"evs":[0.0,0.17398]},"KTo":{"weight":0.0,"played":[0.0,1.0],"evs":[0.0,0.3622]},"ATo":{"weight":0.0,"played":[0.0,1.0],"evs":[0.0,2.37006]},"J2s":{"weight":1.0,"played":[1.0,0.0],"evs":[0.0,-1.16231]},"J3s":{"weight":0.9958,"played":[1.0,0.0],"evs":[0.0,-1.06118]},"J4s":{"weight":3.0E-4,"played":[1.0,0.0],"evs":[0.0,-0.88697]},"J5s":{"weight":0.0,"played":[1.0,0.0],"evs":[0.0,-0.80098]},"J6s":{"weight":0.0,"played":[1.0,0.0],"evs":[0.0,-0.73839]},"J7s":{"weight":0.0,"played":[1.0,0.0],"evs":[0.0,-0.40653]},"J8s":{"weight":0.0,"played":[1.0,0.0],"evs":[0.0,-0.22218]},"J9s":{"weight":0.0,"played":[0.0138,0.9862],"evs":[0.0,0.05358]},"JTs":{"weight":0.0,"played":[0.0,1.0],"evs":[0.0,0.4995]},"JJ":{"weight":1.0,"played":[0.0,1.0],"evs":[0.0,4.70628]},"QJo":{"weight":0.0,"played":[0.0,1.0],"evs":[0.0,0.48632]},"KJo":{"weight":0.0,"played":[0.0,1.0],"evs":[0.0,0.42793]},"AJo":{"weight":0.0,"played":[0.0,1.0],"evs":[0.0,2.91911]},"Q2s":{"weight":4.0E-4,"played":[1.0,0.0],"evs":[0.0,-0.99062]},"Q3s":{"weight":0.0,"played":[1.0,0.0],"evs":[0.0,-0.87344]},"Q4s":{"weight":0.0,"played":[1.0,0.0],"evs":[0.0,-0.69549]},"Q5s":{"weight":0.0,"played":[1.0,0.0],"evs":[0.0,-0.61541]},"Q6s":{"weight":0.0,"played":[1.0,0.0],"evs":[0.0,-0.47675]},"Q7s":{"weight":0.0,"played":[1.0,0.0],"evs":[0.0,-0.38915]},"Q8s":{"weight":0.0,"played":[0.9999,1.0E-4],"evs":[0.0,-0.1929]},"Q9s":{"weight":0.0,"played":[0.0,1.0],"evs":[0.0,0.11601]},"QTs":{"weight":0.0,"played":[0.0,1.0],"evs":[0.0,0.70802]},"QJs":{"weight":0.0,"played":[0.0,1.0],"evs":[0.0,0.99899]},"QQ":{"weight":1.0,"played":[0.0,1.0],"evs":[0.0,5.29198]},"KQo":{"weight":0.0,"played":[0.0,1.0],"evs":[0.0,0.53754]},"AQo":{"weight":0.9471,"played":[0.0,1.0],"evs":[0.0,3.59666]},"K2s":{"weight":0.0,"played":[1.0,0.0],"evs":[0.0,-0.46946]},"K3s":{"weight":0.0,"played":[1.0,0.0],"evs":[0.0,-0.37647]},"K4s":{"weight":0.0,"played":[1.0,0.0],"evs":[0.0,-0.18572]},"K5s":{"weight":0.0,"played":[1.0,0.0],"evs":[0.0,-0.12225]},"K6s":{"weight":0.0,"played":[7.0E-4,0.9993],"evs":[0.0,0.00581]},"K7s":{"weight":0.0,"played":[0.0,1.0],"evs":[0.0,0.14128]},"K8s":{"weight":0.0,"played":[0.0,1.0],"evs":[0.0,0.12464]},"K9s":{"weight":0.0,"played":[0.0,1.0],"evs":[0.0,0.42285]},"KTs":{"weight":0.0,"played":[0.0,1.0],"evs":[0.0,0.89946]},"KJs":{"weight":0.0,"played":[0.0,1.0],"evs":[0.0,0.95184]},"KQs":{"weight":0.0,"played":[0.0,1.0],"evs":[0.0,1.04277]},"KK":{"weight":1.0,"played":[0.0,1.0],"evs":[0.0,5.67105]},"AKo":{"weight":0.9999,"played":[0.0,1.0],"evs":[0.0,4.03771]},"A2s":{"weight":0.0,"played":[3.0E-4,0.9997],"evs":[0.0,0.09125]},"A3s":{"weight":0.0,"played":[0.0,1.0],"evs":[0.0,0.23229]},"A4s":{"weight":0.0,"played":[0.0,1.0],"evs":[0.0,0.38038]},"A5s":{"weight":0.0,"played":[0.0,1.0],"evs":[0.0,0.59648]},"A6s":{"weight":0.0,"played":[0.0,1.0],"evs":[0.0,0.6833]},"A7s":{"weight":0.0,"played":[0.0,1.0],"evs":[0.0,1.00708]},"A8s":{"weight":0.6612,"played":[0.0,1.0],"evs":[0.0,1.40887]},"A9s":{"weight":0.2775,"played":[0.0,1.0],"evs":[0.0,1.95103]},"ATs":{"weight":1.0,"played":[0.0,1.0],"evs":[0.0,2.76266]},"AJs":{"weight":1.0,"played":[0.0,1.0],"evs":[0.0,3.26597]},"AQs":{"weight":1.0,"played":[0.0,1.0],"evs":[0.0,3.90427]},"AKs":{"weight":1.0,"played":[0.0,1.0],"evs":[0.0,4.3297]},"AA":{"weight":1.0,"played":[0.0,1.0],"evs":[0.0,7.94372]}}}