{"player":5,"street":0,"children":2,"sequence":[{"player":0,"type":"F","amount":0,"street":0},{"player":1,"type":"R","amount":10000000,"street":0},{"player":2,"type":"F","amount":0,"street":0},{"player":3,"type":"F","amount":0,"street":0},{"player":4,"type":"R","amount":19250000,"street":0}],"actions":[{"type":"F","amount":0,"node":38},{"type":"R","amount":51750000,"node":39}],"hands":{"22":{"weight":1.0,"played":[0.9999,1.0E-4],"evs":[0.0,-0.10708]},"32o":{"weight":1.0,"played":[1.0,0.0],"evs":[0.0,-2.02772]},"42o":{"weight":1.0,"played":[1.0,0.0],"evs":[0.0,-1.97572]},"52o":{"weight":1.0,"played":[1.0,0.0],"evs":[0.0,-1.89085]},"62o":{"weight":1.0,"played":[1.0,0.0],"evs":[0.0,-2.08298]},"72o":{"weight":1.0,"played":[1.0,0.0],"evs":[0.0,-2.29322]},"82o":{"weight":1.0,"played":[1.0,0.0],"evs":[0.0,-2.17834]},"92o":{"weight":1.0,"played":[1.0,0.0],"evs":[0.0,-1.98049]},"T2o":{"weight":1.0,"played":[1.0,0.0],"evs":[0.0,-1.9142]},"J2o":{"weight":1.0,"played":[1.0,0.0],"evs":[0.0,-1.803]},"Q2o":{"weight":1.0,"played":[1.0,0.0],"evs":[0.0,-1.70742]},"K2o":{"weight":1.0,"played":[1.0,0.0],"evs":[0.0,-1.56453]},"A2o":{"weight":1.0,"played":[1.0,0.0],"evs":[0.0,-0.59702]},"32s":{"weight":1.0,"played":[1.0,0.0],"evs":[0.0,-1.44066]},"33":{"weight":1.0,"played":[4.0E-4,0.9996],"evs":[0.0,0.06274]},"43o":{"weight":1.0,"played":[1.0,0.0],"evs":[0.0,-1.72371]},"53o":{"weight":1.0,"played":[1.0,0.0],"evs":[0.0,-1.64371]},"63o":{"weight":1.0,"played":[1.0,0.0],"evs":[0.0,-1.82517]},"73o":{"weight":1.0,"played":[1.0,0.0],"evs":[0.0,-2.02614]},"83o":{"weight":1.0,"played":[1.0,0.0],"evs":[0.0,-2.12558]},"93o":{"weight":1.0,"played":[1.0,0.0],"evs":[0.0,-1.89825]},"T3o":{"weight":1.0,"played":[1.0,0.0],"evs":[0.0,-1.82171]},"J3o":{"weight":1.0,"played":[1.0,0.0],"evs":[0.0,-1.71201]},"Q3o":{"weight":1.0,"played":[1.0,0.0],"evs":[0.0,-1.61754]},"K3o":{"weight":1.0,"played":[1.0,0.0],"evs":[0.0,-1.47676]},"A3o":{"weight":1.0,"played":[1.0,0.0],"evs":[0.0,-0.52503]},"42s":{"weight":1.0,"played":[1.0,0.0],"evs":[0.0,-1.39043]},"43s":{"weight":1.0,"played":[1.0,0.0],"evs":[0.0,-1.17041]},"44":{"weight":1.0,"played":[0.0,1.0],"evs":[0.0,0.17754]},"54o":{"weight":1.0,"played":[1.0,0.0],"evs":[0.0,-1.44925]},"64o":{"weight":1.0,"played":[1.0,0.0],"evs":[0.0,-1.62963]},"74o":{"weight":1.0,"played":[1.0,0.0],"evs":[0.0,-1.83033]},"84o":{"weight":1.0,"played":[1.0,0.0],"evs":[0.0,-1.92324]},"94o":{"weight":1.0,"played":[1.0,0.0],"evs":[0.0,-1.9164]},"T4o":{"weight":1.0,"played":[1.0,0.0],"evs":[0.0,-1.78724]},"J4o":{"weight":1.0,"played":[1.0,0.0],"evs":[0.0,-1.68836]},"Q4o":{"weight":1.0,"played":[1.0,0.0],"evs":[0.0,-1.58909]},"K4o":{"weight":1.0,"played":[1.0,0.0],"evs":[0.0,-1.42905]},"A4o":{"weight":1.0,"played":[1.0,0.0],"evs":[0.0,-0.48185]},"52s":{"weight":1.0,"played":[1.0,0.0],"evs":[0.0,-1.34574]},"53s":{"weight":1.0,"played":[1.0,0.0],"evs":[0.0,-1.09879]},"54s":{"weight":1.0,"played":[1.0,0.0],"evs":[0.0,-0.91326]},"55":{"weight":1.0,"played":[0.0,1.0],"evs":[0.0,0.38194]},"65o":{"weight":1.0,"played":[1.0,0.0],"evs":[0.0,-1.38592]},"75o":{"weight":1.0,"played":[1.0,0.0],"evs":[0.0,-1.59181]},"85o":{"weight":1.0,"played":[1.0,0.0],"evs":[0.0,-1.68093]},"95o":{"weight":1.0,"played":[1.0,0.0],"evs":[0.0,-1.65799]},"T5o":{"weight":1.0,"played":[1.0,0.0],"evs":[0.0,-1.75813]},"J5o":{"weight":1.0,"played":[1.0,0.0],"evs":[0.0,-1.5956]},"Q5o":{"weight":1.0,"played":[1.0,0.0],"evs":[0.0,-1.52237]},"K5o":{"weight":1.0,"played":[1.0,0.0],"evs":[0.0,-1.34783]},"A5o":{"weight":1.0,"played":[1.0,0.0],"evs":[0.0,-0.35644]},"62s":{"weight":1.0,"played":[1.0,0.0],"evs":[0.0,-1.50324]},"63s":{"weight":1.0,"played":[1.0,0.0],"evs":[0.0,-1.25686]},"64s":{"weight":1.0,"played":[1.0,0.0],"evs":[0.0,-1.08147]},"65s":{"weight":1.0,"played":[1.0,0.0],"evs":[0.0,-0.85679]},"66":{"weight":1.0,"played":[0.0,1.0],"evs":[0.0,0.53667]},"76o":{"weight":1.0,"played":[1.0,0.0],"evs":[0.0,-1.39279]},"86o":{"weight":1.0,"played":[1.0,0.0],"evs":[0.0,-1.47603]},"96o":{"weight":1.0,"played":[1.0,0.0],"evs":[0.0,-1.46553]},"T6o":{"weight":1.0,"played":[1.0,0.0],"evs":[0.0,-1.56303]},"J6o":{"weight":1.0,"played":[1.0,0.0],"evs":[0.0,-1.61055]},"Q6o":{"weight":1.0,"played":[1.0,0.0],"evs":[0.0,-1.46434]},"K6o":{"weight":1.0,"played":[1.0,0.0],"evs":[0.0,-1.30474]},"A6o":{"weight":1.0,"played":[1.0,0.0],"evs":[0.0,-0.43891]},"72s":{"weight":1.0,"played":[1.0,0.0],"evs":[0.0,-1.69819]},"73s":{"weight":1.0,"played":[1.0,0.0],"evs":[0.0,-1.45616]},"74s":{"weight":1.0,"played":[1.0,0.0],"evs":[0.0,-1.26709]},"75s":{"weight":1.0,"played":[1.0,0.0],"evs":[0.0,-1.04696]},"76s":{"weight":1.0,"played":[1.0,0.0],"evs":[0.0,-0.86529]},"77":{"weight":1.0,"played":[0.0,1.0],"evs":[0.0,0.71383]},"87o":{"weight":1.0,"played":[1.0,0.0],"evs":[0.0,-1.34791]},"97o":{"weight":1.0,"played":[1.0,0.0],"evs":[0.0,-1.32157]},"T7o":{"weight":1.0,"played":[1.0,0.0],"evs":[0.0,-1.41427]},"J7o":{"weight":1.0,"played":[1.0,0.0],"evs":[0.0,-1.46937]},"Q7o":{"weight":1.0,"played":[1.0,0.0],"evs":[0.0,-1.52461]},"K7o":{"weight":1.0,"played":[1.0,0.0],"evs":[0.0,-1.31981]},"A7o":{"weight":1.0,"played":[1.0,0.0],"evs":[0.0,-0.30449]},"82s":{"weight":1.0,"played":[1.0,0.0],"evs":[0.0,-1.5609]},"83s":{"weight":1.0,"played":[1.0,0.0],"evs":[0.0,-1.53135]},"84s":{"weight":1.0,"played":[1.0,0.0],"evs":[0.0,-1.35166]},"85s":{"weight":1.0,"played":[1.0,0.0],"evs":[0.0,-1.13047]},"86s":{"weight":1.0,"played":[1.0,0.0],"evs":[0.0,-0.93303]},"87s":{"weight":1.0,"played":[1.0,0.0],"evs":[0.0,-0.80279]},"88":{"weight":1.0,"played":[0.0,1.0],"evs":[0.0,1.13655]},"98o":{"weight":1.0,"played":[1.0,0.0],"evs":[0.0,-1.14229]},"T8o":{"weight":1.0,"played":[1.0,0.0],"evs":[0.0,-1.20092]},"J8o":{"weight":1.0,"played":[1.0,0.0],"evs":[0.0,-1.24075]},"Q8o":{"weight":1.0,"played":[1.0,0.0],"evs":[0.0,-1.30031]},"K8o":{"weight":1.0,"played":[1.0,0.0],"evs":[0.0,-1.22414]},"A8o":{"weight":1.0,"played":[0.608,0.392],"evs":[0.0,2.4E-4]},"92s":{"weight":1.0,"played":[1.0,0.0],"evs":[0.0,-1.40293]},"93s":{"weight":1.0,"played":[1.0,0.0],"evs":[0.0,-1.32437]},"94s":{"weight":1.0,"played":[1.0,0.0],"evs":[0.0,-1.34687]},"95s":{"weight":1.0,"played":[1.0,0.0],"evs":[0.0,-1.11314]},"96s":{"weight":1.0,"played":[1.0,0.0],"evs":[0.0,-0.92322]},"97s":{"weight":1.0,"played":[1.0,0.0],"evs":[0.0,-0.78382]},"98s":{"weight":1.0,"played":[1.0,0.0],"evs":[0.0,-0.6113]},"99":{"weight":1.0,"played":[0.0,1.0],"evs":[0.0,1.77381]},"T9o":{"weight":1.0,"played":[1.0,0.0],"evs":[0.0,-0.87846]},"J9o":{"weight":1.0,"played":[1.0,0.0],"evs":[0.0,-0.92329]},"Q9o":{"weight":1.0,"played":[1.0,0.0],"evs":[0.0,-0.97235]},"K9o":{"weight":1.0,"played":[1.0,0.0],"evs":[0.0,-0.80375]},"A9o":{"weight":1.0,"played":[0.0,1.0],"evs":[0.0,0.39723]},"T2s":{"weight":1.0,"played":[1.0,0.0],"evs":[0.0,-1.32793]},"T3s":{"weight":1.0,"played":[1.0,0.0],"evs":[0.0,-1.25073]},"T4s":{"weight":1.0,"played":[1.0,0.0],"evs":[0.0,-1.22051]},"T5s":{"weight":1.0,"played":[1.0,0.0],"evs":[0.0,-1.16954]},"T6s":{"weight":1.0,"played":[1.0,0.0],"evs":[0.0,-0.99931]},"T7s":{"weight":1.0,"played":[1.0,0.0],"evs":[0.0,-0.86839]},"T8s":{"weight":1.0,"played":[1.0,0.0],"evs":[0.0,-0.65574]},"T9s":{"weight":1.0,"played":[1.0,0.0],"evs":[0.0,-0.36315]},"TT":{"weight":1.0,"played":[0.0,1.0],"evs":[0.0,2.44486]},"JTo":{"weight":1.0,"played":[1.0,0.0],"evs":[0.0,-0.62238]},"QTo":{"weight":1.0,"played":[1.0,0.0],"evs":[0.0,-0.60493]},"KTo":{"weight":1.0,"played":[1.0,0.0],"evs":[0.0,-0.3675]},"ATo":{"weight":1.0,"played":[0.0,1.0],"evs":[0.0,0.92326]},"J2s":{"weight":1.0,"played":[1.0,0.0],"evs":[0.0,-1.22643]},"J3s":{"weight":1.0,"played":[1.0,0.0],"evs":[0.0,-1.1263]},"J4s":{"weight":1.0,"played":[1.0,0.0],"evs":[0.0,-1.12564]},"J5s":{"weight":1.0,"played":[1.0,0.0],"evs":[0.0,-1.04911]},"J6s":{"weight":1.0,"played":[1.0,0.0],"evs":[0.0,-1.03896]},"J7s":{"weight":1.0,"played":[1.0,0.0],"evs":[0.0,-0.90496]},"J8s":{"weight":1.0,"played":[1.0,0.0],"evs":[0.0,-0.71009]},"J9s":{"weight":1.0,"played":[1.0,0.0],"evs":[0.0,-0.39704]},"JTs":{"weight":1.0,"played":[1.0,0.0],"evs":[0.0,-0.11403]},"JJ":{"weight":1.0,"played":[0.0,1.0],"evs":[0.0,3.06512]},"QJo":{"weight":1.0,"played":[1.0,0.0],"evs":[0.0,-0.384]},"KJo":{"weight":1.0,"played":[1.0,0.0],"evs":[0.0,-0.12312]},"AJo":{"weight":1.0,"played":[0.0,1.0],"evs":[0.0,1.31848]},"Q2s":{"weight":1.0,"played":[1.0,0.0],"evs":[0.0,-1.151]},"Q3s":{"weight":1.0,"played":[1.0,0.0],"evs":[0.0,-1.06881]},"Q4s":{"weight":1.0,"played":[1.0,0.0],"evs":[0.0,-1.02804]},"Q5s":{"weight":1.0,"played":[1.0,0.0],"evs":[0.0,-0.94319]},"Q6s":{"weight":1.0,"played":[1.0,0.0],"evs":[0.0,-0.90975]},"Q7s":{"weight":1.0,"played":[1.0,0.0],"evs":[0.0,-0.96626]},"Q8s":{"weight":1.0,"played":[1.0,0.0],"evs":[0.0,-0.75069]},"Q9s":{"weight":1.0,"played":[1.0,0.0],"evs":[0.0,-0.44457]},"QTs":{"weight":1.0,"played":[0.9999,1.0E-4],"evs":[0.0,-0.10672]},"QJs":{"weight":1.0,"played":[0.0,1.0],"evs":[0.0,0.11521]},"QQ":{"weight":1.0,"played":[0.0,1.0],"evs":[0.0,3.83312]},"KQo":{"weight":1.0,"played":[0.0,1.0],"evs":[0.0,0.08937]},"AQo":{"weight":1.0,"played":[0.0,1.0],"evs":[0.0,1.97054]},"K2s":{"weight":1.0,"played":[1.0,0.0],"evs":[0.0,-0.99599]},"K3s":{"weight":1.0,"played":[1.0,0.0],"evs":[0.0,-0.92798]},"K4s":{"weight":1.0,"played":[1.0,0.0],"evs":[0.0,-0.87553]},"K5s":{"weight":1.0,"played":[1.0,0.0],"evs":[0.0,-0.8009]},"K6s":{"weight":1.0,"played":[1.0,0.0],"evs":[0.0,-0.75266]},"K7s":{"weight":1.0,"played":[1.0,0.0],"evs":[0.0,-0.76457]},"K8s":{"weight":1.0,"played":[1.0,0.0],"evs":[0.0,-0.67807]},"K9s":{"weight":1.0,"played":[1.0,0.0],"evs":[0.0,-0.27942]},"KTs":{"weight":1.0,"played":[7.0E-4,0.9993],"evs":[0.0,0.11977]},"KJs":{"weight":1.0,"played":[0.0,1.0],"evs":[0.0,0.35807]},"KQs":{"weight":1.0,"played":[0.0,1.0],"evs":[0.0,0.52974]},"KK":{"weight":1.0,"played":[0.0,1.0],"evs":[0.0,4.75609]},"AKo":{"weight":1.0,"played":[0.0,1.0],"evs":[0.0,2.72076]},"A2s":{"weight":1.0,"played":[0.9999,1.0E-4],"evs":[0.0,-0.08691]},"A3s":{"weight":1.0,"played":[0.8063,0.1937],"evs":[0.0,-0.00261]},"A4s":{"weight":1.0,"played":[0.0026,0.9974],"evs":[0.0,0.04104]},"A5s":{"weight":1.0,"played":[0.0,1.0],"evs":[0.0,0.1439]},"A6s":{"weight":1.0,"played":[0.0,1.0],"evs":[0.0,0.06728]},"A7s":{"weight":1.0,"played":[0.0,1.0],"evs":[0.0,0.20568]},"A8s":{"weight":1.0,"played":[0.0,1.0],"evs":[0.0,0.47174]},"A9s":{"weight":1.0,"played":[0.0,1.0],"evs":[0.0,0.83756]},"ATs":{"weight":1.0,"played":[0.0,1.0],"evs":[0.0,1.33733]},"AJs":{"weight":1.0,"played":[0.0,1.0],"evs":[0.0,1.70444]},"AQs":{"weight":1.0,"played":[0.0,1.0],"evs":[0.0,2.31612]},"AKs":{"weight":1.0,"played":[0.0,1.0],"evs":[0.0,3.0456]},"AA":{"weight":1.0,"played":[0.0,1.0],"evs":[0.0,6.59971]}}}