{"player":3,"street":0,"children":2,"sequence":[{"player":0,"type":"F","amount":0,"street":0},{"player":1,"type":"R","amount":10000000,"street":0},{"player":2,"type":"F","amount":0,"street":0},{"player":3,"type":"C","amount":10000000,"street":0},{"player":4,"type":"R","amount":19250000,"street":0},{"player":5,"type":"F","amount":0,"street":0},{"player":1,"type":"F","amount":0,"street":0}],"actions":[{"type":"F","amount":0},{"type":"C","amount":9250000}],"hands":{"22":{"weight":0.0,"played":[0.0,1.0],"evs":[0.0,2.89251]},"32o":{"weight":0.0,"played":[0.0,1.0],"evs":[0.0,1.32406]},"42o":{"weight":0.0,"played":[0.0,1.0],"evs":[0.0,1.33495]},"52o":{"weight":0.0,"played":[0.0,1.0],"evs":[0.0,1.36529]},"62o":{"weight":0.0,"played":[0.0,1.0],"evs":[0.0,1.18148]},"72o":{"weight":0.0,"played":[0.0,1.0],"evs":[0.0,0.92317]},"82o":{"weight":0.0,"played":[0.0,1.0],"evs":[0.0,1.03303]},"92o":{"weight":0.0,"played":[0.0,1.0],"evs":[0.0,1.17063]},"T2o":{"weight":0.0,"played":[0.0,1.0],"evs":[0.0,1.27472]},"J2o":{"weight":0.0,"played":[0.0,1.0],"evs":[0.0,1.36834]},"Q2o":{"weight":0.0,"played":[0.0,1.0],"evs":[0.0,1.47497]},"K2o":{"weight":0.0,"played":[0.0,1.0],"evs":[0.0,1.30362]},"A2o":{"weight":0.0,"played":[0.0,1.0],"evs":[0.0,1.55289]},"32s":{"weight":0.0,"played":[0.0,1.0],"evs":[0.0,1.72763]},"33":{"weight":0.0,"played":[0.0,1.0],"evs":[0.0,2.95109]},"43o":{"weight":0.0,"played":[0.0,1.0],"evs":[0.0,1.46313]},"53o":{"weight":0.0,"played":[0.0,1.0],"evs":[0.0,1.51799]},"63o":{"weight":0.0,"played":[0.0,1.0],"evs":[0.0,1.34643]},"73o":{"weight":0.0,"played":[0.0,1.0],"evs":[0.0,1.10012]},"83o":{"weight":0.0,"played":[0.0,1.0],"evs":[0.0,1.04277]},"93o":{"weight":0.0,"played":[0.0,1.0],"evs":[0.0,1.19526]},"T3o":{"weight":0.0,"played":[0.0,1.0],"evs":[0.0,1.29701]},"J3o":{"weight":0.0,"played":[0.0,1.0],"evs":[0.0,1.39551]},"Q3o":{"weight":0.0,"played":[0.0,1.0],"evs":[0.0,1.49248]},"K3o":{"weight":0.0,"played":[0.0,1.0],"evs":[0.0,1.33158]},"A3o":{"weight":0.0,"played":[0.0,1.0],"evs":[0.0,1.61239]},"42s":{"weight":0.0,"played":[0.0,1.0],"evs":[0.0,1.74106]},"43s":{"weight":0.0,"played":[0.0,1.0],"evs":[0.0,1.91318]},"44":{"weight":0.0,"played":[0.0,1.0],"evs":[0.0,2.96305]},"54o":{"weight":0.0,"played":[0.0,1.0],"evs":[0.0,1.59158]},"64o":{"weight":0.0,"played":[0.0,1.0],"evs":[0.0,1.44576]},"74o":{"weight":0.0,"played":[0.0,1.0],"evs":[0.0,1.24355]},"84o":{"weight":0.0,"played":[0.0,1.0],"evs":[0.0,1.1412]},"94o":{"weight":0.0,"played":[0.0,1.0],"evs":[0.0,1.13502]},"T4o":{"weight":0.0,"played":[0.0,1.0],"evs":[0.0,1.27686]},"J4o":{"weight":0.0,"played":[0.0,1.0],"evs":[0.0,1.39274]},"Q4o":{"weight":0.0,"played":[0.0,1.0],"evs":[0.0,1.46866]},"K4o":{"weight":0.0,"played":[0.0,1.0],"evs":[0.0,1.33954]},"A4o":{"weight":0.0,"played":[0.0,1.0],"evs":[0.0,1.6095]},"52s":{"weight":0.0,"played":[0.0,1.0],"evs":[0.0,1.80356]},"53s":{"weight":0.0,"played":[0.0,1.0],"evs":[0.0,1.94942]},"54s":{"weight":0.0,"played":[0.0,1.0],"evs":[0.0,2.0544]},"55":{"weight":0.0811,"played":[0.0,1.0],"evs":[0.0,3.0441]},"65o":{"weight":0.0,"played":[0.0,1.0],"evs":[0.0,1.5896]},"75o":{"weight":0.0,"played":[0.0,1.0],"evs":[0.0,1.40718]},"85o":{"weight":0.0,"played":[0.0,1.0],"evs":[0.0,1.28458]},"95o":{"weight":0.0,"played":[0.0,1.0],"evs":[0.0,1.2757]},"T5o":{"weight":0.0,"played":[0.0,1.0],"evs":[0.0,1.2711]},"J5o":{"weight":0.0,"played":[0.0,1.0],"evs":[0.0,1.40459]},"Q5o":{"weight":0.0,"played":[0.0,1.0],"evs":[0.0,1.50435]},"K5o":{"weight":0.0,"played":[0.0,1.0],"evs":[0.0,1.38537]},"A5o":{"weight":0.0,"played":[0.0,1.0],"evs":[0.0,1.66987]},"62s":{"weight":0.0,"played":[0.0,1.0],"evs":[0.0,1.59784]},"63s":{"weight":0.0,"played":[0.0,1.0],"evs":[0.0,1.74793]},"64s":{"weight":0.0,"played":[0.0,1.0],"evs":[0.0,1.87059]},"65s":{"weight":0.0,"played":[0.0,1.0],"evs":[0.0,1.98158]},"66":{"weight":0.0425,"played":[0.0,1.0],"evs":[0.0,3.08486]},"76o":{"weight":0.0,"played":[0.0,1.0],"evs":[0.0,1.53864]},"86o":{"weight":0.0,"played":[0.0,1.0],"evs":[0.0,1.41682]},"96o":{"weight":0.0,"played":[0.0,1.0],"evs":[0.0,1.42102]},"T6o":{"weight":0.0,"played":[0.0,1.0],"evs":[0.0,1.41177]},"J6o":{"weight":0.0,"played":[0.0,1.0],"evs":[0.0,1.409]},"Q6o":{"weight":0.0,"played":[0.0,1.0],"evs":[0.0,1.54638]},"K6o":{"weight":0.0,"played":[0.0,1.0],"evs":[0.0,1.36521]},"A6o":{"weight":0.0,"played":[0.0,1.0],"evs":[0.0,1.50094]},"72s":{"weight":0.0,"played":[0.0,1.0],"evs":[0.0,1.38432]},"73s":{"weight":0.0,"played":[0.0,1.0],"evs":[0.0,1.58143]},"74s":{"weight":0.0,"played":[0.0,1.0],"evs":[0.0,1.64246]},"75s":{"weight":0.0,"played":[0.0,1.0],"evs":[0.0,1.78826]},"76s":{"weight":0.0,"played":[0.0,1.0],"evs":[0.0,1.93978]},"77":{"weight":0.5055,"played":[0.0,1.0],"evs":[0.0,3.03377]},"87o":{"weight":0.0,"played":[0.0,1.0],"evs":[0.0,1.45733]},"97o":{"weight":0.0,"played":[0.0,1.0],"evs":[0.0,1.49372]},"T7o":{"weight":0.0,"played":[0.0,1.0],"evs":[0.0,1.47042]},"J7o":{"weight":0.0,"played":[0.0,1.0],"evs":[0.0,1.44235]},"Q7o":{"weight":0.0,"played":[0.0,1.0],"evs":[0.0,1.38955]},"K7o":{"weight":0.0,"played":[0.0,1.0],"evs":[0.0,1.25012]},"A7o":{"weight":0.0,"played":[0.0,1.0],"evs":[0.0,1.49394]},"82s":{"weight":0.0,"played":[0.0,1.0],"evs":[0.0,1.41674]},"83s":{"weight":0.0,"played":[0.0,1.0],"evs":[0.0,1.47267]},"84s":{"weight":0.0,"played":[0.0,1.0],"evs":[0.0,1.55459]},"85s":{"weight":0.0,"played":[0.0,1.0],"evs":[0.0,1.69581]},"86s":{"weight":0.0,"played":[0.0,1.0],"evs":[0.0,1.85704]},"87s":{"weight":0.0,"played":[0.0,1.0],"evs":[0.0,1.91768]},"88":{"weight":0.0223,"played":[0.0,1.0],"evs":[0.0,3.3543]},"98o":{"weight":0.0,"played":[0.0,1.0],"evs":[0.0,1.56581]},"T8o":{"weight":0.0,"played":[0.0,1.0],"evs":[0.0,1.56406]},"J8o":{"weight":0.0,"played":[0.0,1.0],"evs":[0.0,1.56374]},"Q8o":{"weight":0.0,"played":[0.0,1.0],"evs":[0.0,1.55204]},"K8o":{"weight":0.0,"played":[0.0,1.0],"evs":[0.0,1.25362]},"A8o":{"weight":0.0,"played":[0.0,1.0],"evs":[0.0,1.77415]},"92s":{"weight":0.0,"played":[0.0,1.0],"evs":[0.0,1.59156]},"93s":{"weight":0.0,"played":[0.0,1.0],"evs":[0.0,1.64073]},"94s":{"weight":0.0,"played":[0.0,1.0],"evs":[0.0,1.56424]},"95s":{"weight":0.0,"played":[0.0,1.0],"evs":[0.0,1.7517]},"96s":{"weight":0.0,"played":[0.0,1.0],"evs":[0.0,1.85101]},"97s":{"weight":0.0,"played":[0.0,1.0],"evs":[0.0,1.89539]},"98s":{"weight":0.0,"played":[0.0,1.0],"evs":[0.0,1.97321]},"99":{"weight":0.0,"played":[0.0,1.0],"evs":[0.0,3.87457]},"T9o":{"weight":0.0,"played":[0.0,1.0],"evs":[0.0,1.82094]},"J9o":{"weight":0.0,"played":[0.0,1.0],"evs":[0.0,1.79112]},"Q9o":{"weight":0.0,"played":[0.0,1.0],"evs":[0.0,1.75345]},"K9o":{"weight":0.0,"played":[0.0,1.0],"evs":[0.0,1.48876]},"A9o":{"weight":0.0,"played":[0.0,1.0],"evs":[0.0,2.36528]},"T2s":{"weight":0.0,"played":[0.0,1.0],"evs":[0.0,1.69901]},"T3s":{"weight":0.0,"played":[0.0,1.0],"evs":[0.0,1.72652]},"T4s":{"weight":0.0,"played":[0.0,1.0],"evs":[0.0,1.6883]},"T5s":{"weight":0.0,"played":[0.0,1.0],"evs":[0.0,1.70614]},"T6s":{"weight":0.0,"played":[0.0,1.0],"evs":[0.0,1.88119]},"T7s":{"weight":0.0,"played":[0.0,1.0],"evs":[0.0,1.91275]},"T8s":{"weight":0.0,"played":[0.0,1.0],"evs":[0.0,1.97011]},"T9s":{"weight":0.2944,"played":[0.0,1.0],"evs":[0.0,2.19221]},"TT":{"weight":0.0,"played":[0.0,1.0],"evs":[0.0,4.46277]},"JTo":{"weight":0.0,"played":[0.0,1.0],"evs":[0.0,2.04828]},"QTo":{"weight":0.0,"played":[0.0,1.0],"evs":[0.0,2.04636]},"KTo":{"weight":0.0,"played":[0.0,1.0],"evs":[0.0,1.78952]},"ATo":{"weight":0.0,"played":[0.0,1.0],"evs":[0.0,3.06631]},"J2s":{"weight":0.0,"played":[0.0,1.0],"evs":[0.0,1.77611]},"J3s":{"weight":0.0,"played":[0.0,1.0],"evs":[0.0,1.85841]},"J4s":{"weight":0.0,"played":[0.0,1.0],"evs":[0.0,1.74857]},"J5s":{"weight":0.0,"played":[0.0,1.0],"evs":[0.0,1.82585]},"J6s":{"weight":0.0,"played":[0.0,1.0],"evs":[0.0,1.79364]},"J7s":{"weight":0.0,"played":[0.0,1.0],"evs":[0.0,1.86329]},"J8s":{"weight":0.0,"played":[0.0,1.0],"evs":[0.0,1.95892]},"J9s":{"weight":0.7137,"played":[0.0,1.0],"evs":[0.0,2.20005]},"JTs":{"weight":0.258,"played":[0.0,1.0],"evs":[0.0,2.44899]},"JJ":{"weight":0.0,"played":[0.0,1.0],"evs":[0.0,4.9622]},"QJo":{"weight":0.0017,"played":[0.0,1.0],"evs":[0.0,2.12192]},"KJo":{"weight":4.0E-4,"played":[0.0,1.0],"evs":[0.0,1.87963]},"AJo":{"weight":0.0,"played":[0.0,1.0],"evs":[0.0,3.72176]},"Q2s":{"weight":0.0,"played":[0.0,1.0],"evs":[0.0,1.87271]},"Q3s":{"weight":0.0,"played":[0.0,1.0],"evs":[0.0,1.89907]},"Q4s":{"weight":0.0,"played":[0.0,1.0],"evs":[0.0,1.91425]},"Q5s":{"weight":0.0,"played":[0.0,1.0],"evs":[0.0,1.9625]},"Q6s":{"weight":0.0,"played":[0.0,1.0],"evs":[0.0,1.95773]},"Q7s":{"weight":0.0,"played":[0.0,1.0],"evs":[0.0,1.8514]},"Q8s":{"weight":0.0,"played":[0.0,1.0],"evs":[0.0,1.9599]},"Q9s":{"weight":0.0839,"played":[0.0,1.0],"evs":[0.0,2.20869]},"QTs":{"weight":9.0E-4,"played":[0.0,1.0],"evs":[0.0,2.38753]},"QJs":{"weight":0.0,"played":[0.0,1.0],"evs":[0.0,2.53279]},"QQ":{"weight":0.0,"played":[0.0,1.0],"evs":[0.0,5.49578]},"KQo":{"weight":0.3711,"played":[0.0,1.0],"evs":[0.0,2.04344]},"AQo":{"weight":0.0,"played":[0.0,1.0],"evs":[0.0,4.44082]},"K2s":{"weight":0.0,"played":[0.0,1.0],"evs":[0.0,1.73689]},"K3s":{"weight":0.0,"played":[0.0,1.0],"evs":[0.0,1.76221]},"K4s":{"weight":0.0,"played":[0.0,1.0],"evs":[0.0,1.75763]},"K5s":{"weight":0.0,"played":[0.0,1.0],"evs":[0.0,1.81625]},"K6s":{"weight":0.0,"played":[0.0,1.0],"evs":[0.0,1.8101]},"K7s":{"weight":0.0,"played":[0.0,1.0],"evs":[0.0,1.7433]},"K8s":{"weight":0.0,"played":[0.0,1.0],"evs":[0.0,1.67454]},"K9s":{"weight":0.2615,"played":[0.0,1.0],"evs":[0.0,1.88785]},"KTs":{"weight":0.4201,"played":[0.0,1.0],"evs":[0.0,2.20557]},"KJs":{"weight":0.2355,"played":[0.0,1.0],"evs":[0.0,2.28939]},"KQs":{"weight":0.0,"played":[0.0,1.0],"evs":[0.0,2.4881]},"KK":{"weight":7.0E-4,"played":[0.0,1.0],"evs":[0.0,5.79355]},"AKo":{"weight":0.0,"played":[0.0,1.0],"evs":[0.0,4.98584]},"A2s":{"weight":0.0,"played":[0.0,1.0],"evs":[0.0,2.01257]},"A3s":{"weight":0.0,"played":[0.0,1.0],"evs":[0.0,2.04255]},"A4s":{"weight":0.0017,"played":[0.0,1.0],"evs":[0.0,2.0708]},"A5s":{"weight":0.0,"played":[0.0,1.0],"evs":[0.0,2.06587]},"A6s":{"weight":0.1542,"played":[0.0,1.0],"evs":[0.0,1.91164]},"A7s":{"weight":0.9973,"played":[0.0,1.0],"evs":[0.0,1.92757]},"A8s":{"weight":0.4155,"played":[0.0,1.0],"evs":[0.0,2.17949]},"A9s":{"weight":0.0,"played":[0.0,1.0],"evs":[0.0,2.74317]},"ATs":{"weight":0.0,"played":[0.0,1.0],"evs":[0.0,3.384]},"AJs":{"weight":0.0,"played":[0.0,1.0],"evs":[0.0,4.01025]},"AQs":{"weight":0.0,"played":[0.0,1.0],"evs":[0.0,4.68496]},"AKs":{"weight":0.0,"played":[0.0,1.0],"evs":[0.0,5.17061]},"AA":{"weight":1.0,"played":[0.0,1.0],"evs":[0.0,8.00879]}}}