{"player":1,"street":0,"children":2,"sequence":[{"player":0,"type":"F","amount":0,"street":0},{"player":1,"type":"R","amount":10000000,"street":0},{"player":2,"type":"F","amount":0,"street":0},{"player":3,"type":"C","amount":10000000,"street":0},{"player":4,"type":"R","amount":19250000,"street":0},{"player":5,"type":"F","amount":0,"street":0},{"player":1,"type":"C","amount":9250000,"street":0},{"player":3,"type":"R","amount":51750000,"street":0}],"actions":[{"type":"F","amount":0},{"type":"C","amount":32500000}],"hands":{"22":{"weight":0.0,"played":[0.7042,0.2958],"evs":[0.0,-0.09838]},"32o":{"weight":0.0,"played":[1.0,0.0],"evs":[0.0,-1.83765]},"42o":{"weight":0.0,"played":[1.0,0.0],"evs":[0.0,-1.73133]},"52o":{"weight":0.0,"played":[1.0,0.0],"evs":[0.0,-1.58069]},"62o":{"weight":0.0,"played":[1.0,0.0],"evs":[0.0,-1.55777]},"72o":{"weight":0.0,"played":[1.0,0.0],"evs":[0.0,-2.30768]},"82o":{"weight":0.0,"played":[1.0,0.0],"evs":[0.0,-1.94082]},"92o":{"weight":0.0,"played":[1.0,0.0],"evs":[0.0,-1.55569]},"T2o":{"weight":0.0,"played":[1.0,0.0],"evs":[0.0,-1.45597]},"J2o":{"weight":0.0,"played":[1.0,0.0],"evs":[0.0,-1.44231]},"Q2o":{"weight":0.0,"played":[1.0,0.0],"evs":[0.0,-1.60934]},"K2o":{"weight":0.0,"played":[1.0,0.0],"evs":[0.0,-1.39076]},"A2o":{"weight":0.2612,"played":[1.0,0.0],"evs":[0.0,-1.71387]},"32s":{"weight":0.0,"played":[1.0,0.0],"evs":[0.0,-0.77365]},"33":{"weight":0.0,"played":[0.9187,0.0813],"evs":[0.0,-0.01909]},"43o":{"weight":0.0,"played":[1.0,0.0],"evs":[0.0,-1.29812]},"53o":{"weight":0.0,"played":[1.0,0.0],"evs":[0.0,-1.10529]},"63o":{"weight":0.0,"played":[1.0,0.0],"evs":[0.0,-1.38415]},"73o":{"weight":0.0,"played":[1.0,0.0],"evs":[0.0,-1.77785]},"83o":{"weight":0.0,"played":[1.0,0.0],"evs":[0.0,-2.0604]},"93o":{"weight":0.0,"played":[1.0,0.0],"evs":[0.0,-1.50049]},"T3o":{"weight":0.0,"played":[1.0,0.0],"evs":[0.0,-1.50477]},"J3o":{"weight":0.0,"played":[1.0,0.0],"evs":[0.0,-1.47165]},"Q3o":{"weight":0.0,"played":[1.0,0.0],"evs":[0.0,-1.42348]},"K3o":{"weight":0.0,"played":[1.0,0.0],"evs":[0.0,-1.43956]},"A3o":{"weight":0.0,"played":[0.9996,4.0E-4],"evs":[0.0,-1.34023]},"42s":{"weight":0.0,"played":[0.9999,1.0E-4],"evs":[0.0,-0.78607]},"43s":{"weight":0.0191,"played":[0.9997,3.0E-4],"evs":[0.0,-0.45151]},"44":{"weight":0.0,"played":[0.4441,0.5559],"evs":[0.0,0.29327]},"54o":{"weight":0.0,"played":[1.0,0.0],"evs":[0.0,-0.92495]},"64o":{"weight":0.0,"played":[1.0,0.0],"evs":[0.0,-1.01925]},"74o":{"weight":0.0,"played":[1.0,0.0],"evs":[0.0,-1.40514]},"84o":{"weight":0.0,"played":[0.9999,1.0E-4],"evs":[0.0,-1.66252]},"94o":{"weight":0.0,"played":[1.0,0.0],"evs":[0.0,-1.39204]},"T4o":{"weight":0.0,"played":[1.0,0.0],"evs":[0.0,-1.29807]},"J4o":{"weight":0.0,"played":[1.0,0.0],"evs":[0.0,-1.45059]},"Q4o":{"weight":0.0,"played":[1.0,0.0],"evs":[0.0,-1.33901]},"K4o":{"weight":7.0E-4,"played":[1.0,0.0],"evs":[0.0,-1.21576]},"A4o":{"weight":0.0,"played":[0.9995,5.0E-4],"evs":[0.0,-1.6105]},"52s":{"weight":0.0,"played":[0.9986,0.0014],"evs":[0.0,-0.65944]},"53s":{"weight":0.0,"played":[0.9997,3.0E-4],"evs":[0.0,-0.56895]},"54s":{"weight":0.0,"played":[0.9999,1.0E-4],"evs":[0.0,-0.21609]},"55":{"weight":0.0,"played":[0.0304,0.9696],"evs":[0.0,0.572]},"65o":{"weight":0.0,"played":[1.0,0.0],"evs":[0.0,-0.81809]},"75o":{"weight":0.0,"played":[1.0,0.0],"evs":[0.0,-1.10898]},"85o":{"weight":0.0,"played":[1.0,0.0],"evs":[0.0,-1.21572]},"95o":{"weight":0.0,"played":[1.0,0.0],"evs":[0.0,-1.12363]},"T5o":{"weight":0.0,"played":[0.9999,1.0E-4],"evs":[0.0,-1.18074]},"J5o":{"weight":0.0,"played":[1.0,0.0],"evs":[0.0,-1.22994]},"Q5o":{"weight":0.0,"played":[1.0,0.0],"evs":[0.0,-1.33599]},"K5o":{"weight":0.0248,"played":[1.0,0.0],"evs":[0.0,-1.21691]},"A5o":{"weight":0.0,"played":[0.9999,1.0E-4],"evs":[0.0,-1.5014]},"62s":{"weight":0.0,"played":[0.9991,9.0E-4],"evs":[0.0,-0.98855]},"63s":{"weight":4.0E-4,"played":[0.9999,1.0E-4],"evs":[0.0,-0.44004]},"64s":{"weight":0.0,"played":[0.9937,0.0063],"evs":[0.0,-0.20395]},"65s":{"weight":0.0,"played":[0.9893,0.0107],"evs":[0.0,-0.11735]},"66":{"weight":0.0,"played":[0.1793,0.8207],"evs":[0.0,0.48646]},"76o":{"weight":0.0,"played":[1.0,0.0],"evs":[0.0,-0.80413]},"86o":{"weight":0.0,"played":[1.0,0.0],"evs":[0.0,-0.95444]},"96o":{"weight":0.0,"played":[1.0,0.0],"evs":[0.0,-0.88108]},"T6o":{"weight":0.0,"played":[1.0,0.0],"evs":[0.0,-1.08491]},"J6o":{"weight":0.0,"played":[1.0,0.0],"evs":[0.0,-1.23173]},"Q6o":{"weight":0.3682,"played":[1.0,0.0],"evs":[0.0,-1.19077]},"K6o":{"weight":1.0E-4,"played":[1.0,0.0],"evs":[0.0,-1.14716]},"A6o":{"weight":0.3052,"played":[0.9999,1.0E-4],"evs":[0.0,-1.89878]},"72s":{"weight":0.0,"played":[1.0,0.0],"evs":[0.0,-1.18766]},"73s":{"weight":0.0,"played":[1.0,0.0],"evs":[0.0,-0.87118]},"74s":{"weight":0.0,"played":[0.9999,1.0E-4],"evs":[0.0,-0.84601]},"75s":{"weight":0.0,"played":[0.9523,0.0477],"evs":[0.0,-0.534]},"76s":{"weight":0.0,"played":[0.7564,0.2436],"evs":[0.0,-0.05401]},"77":{"weight":0.0,"played":[0.001,0.999],"evs":[0.0,1.06776]},"87o":{"weight":0.0,"played":[1.0,0.0],"evs":[0.0,-0.81189]},"97o":{"weight":0.0257,"played":[1.0,0.0],"evs":[0.0,-0.98581]},"T7o":{"weight":0.0207,"played":[1.0,0.0],"evs":[0.0,-1.10892]},"J7o":{"weight":0.0054,"played":[1.0,0.0],"evs":[0.0,-1.28257]},"Q7o":{"weight":0.0,"played":[1.0,0.0],"evs":[0.0,-1.61469]},"K7o":{"weight":0.0,"played":[1.0,0.0],"evs":[0.0,-1.5146]},"A7o":{"weight":0.0,"played":[0.9999,1.0E-4],"evs":[0.0,-1.71653]},"82s":{"weight":0.0,"played":[0.9999,1.0E-4],"evs":[0.0,-1.02151]},"83s":{"weight":0.0,"played":[1.0,0.0],"evs":[0.0,-1.10056]},"84s":{"weight":0.1733,"played":[0.9995,5.0E-4],"evs":[0.0,-0.81372]},"85s":{"weight":0.0,"played":[0.9992,8.0E-4],"evs":[0.0,-0.37595]},"86s":{"weight":0.0,"played":[0.9493,0.0507],"evs":[0.0,0.02503]},"87s":{"weight":0.0,"played":[0.8118,0.1882],"evs":[0.0,0.04221]},"88":{"weight":0.0,"played":[2.0E-4,0.9998],"evs":[0.0,2.28738]},"98o":{"weight":0.0,"played":[0.992,0.008],"evs":[0.0,-0.32813]},"T8o":{"weight":0.0,"played":[0.9999,1.0E-4],"evs":[0.0,-0.52322]},"J8o":{"weight":0.0016,"played":[1.0,0.0],"evs":[0.0,-0.70728]},"Q8o":{"weight":0.0044,"played":[1.0,0.0],"evs":[0.0,-1.00162]},"K8o":{"weight":0.0088,"played":[1.0,0.0],"evs":[0.0,-1.24953]},"A8o":{"weight":0.0,"played":[0.9999,1.0E-4],"evs":[0.0,-0.37498]},"92s":{"weight":0.0,"played":[0.9995,5.0E-4],"evs":[0.0,-0.45843]},"93s":{"weight":0.0,"played":[1.0,0.0],"evs":[0.0,-0.54887]},"94s":{"weight":0.0165,"played":[1.0,0.0],"evs":[0.0,-0.63327]},"95s":{"weight":0.0394,"played":[0.99,0.01],"evs":[0.0,-0.39808]},"96s":{"weight":0.0,"played":[0.7893,0.2107],"evs":[0.0,-0.03847]},"97s":{"weight":0.0,"played":[0.7949,0.2051],"evs":[0.0,-0.22687]},"98s":{"weight":0.0,"played":[0.0515,0.9485],"evs":[0.0,0.58959]},"99":{"weight":0.0,"played":[0.0,1.0],"evs":[0.0,2.56965]},"T9o":{"weight":0.0,"played":[0.14,0.86],"evs":[0.0,0.26933]},"J9o":{"weight":0.0,"played":[0.9484,0.0516],"evs":[0.0,-0.13453]},"Q9o":{"weight":0.0,"played":[0.9997,3.0E-4],"evs":[0.0,-0.24399]},"K9o":{"weight":2.0E-4,"played":[0.9989,0.0011],"evs":[0.0,-0.55066]},"A9o":{"weight":0.0,"played":[0.534,0.466],"evs":[0.0,0.51666]},"T2s":{"weight":0.4519,"played":[1.0,0.0],"evs":[0.0,-0.56114]},"T3s":{"weight":0.3231,"played":[1.0,0.0],"evs":[0.0,-0.43134]},"T4s":{"weight":0.0607,"played":[1.0,0.0],"evs":[0.0,-0.46019]},"T5s":{"weight":0.0983,"played":[0.9999,1.0E-4],"evs":[0.0,-0.23408]},"T6s":{"weight":0.0,"played":[0.7946,0.2054],"evs":[0.0,-0.17853]},"T7s":{"weight":0.0,"played":[0.578,0.422],"evs":[0.0,-0.21512]},"T8s":{"weight":0.0,"played":[0.9017,0.0983],"evs":[0.0,-0.07535]},"T9s":{"weight":0.0,"played":[0.0,1.0],"evs":[0.0,1.14386]},"TT":{"weight":0.0,"played":[0.0,1.0],"evs":[0.0,2.72203]},"JTo":{"weight":0.0,"played":[0.5552,0.4448],"evs":[0.0,0.28046]},"QTo":{"weight":0.0,"played":[0.7418,0.2582],"evs":[0.0,0.06451]},"KTo":{"weight":0.0,"played":[1.0,0.0],"evs":[0.0,-0.20374]},"ATo":{"weight":0.0,"played":[0.0047,0.9953],"evs":[0.0,1.02856]},"J2s":{"weight":0.2193,"played":[0.9998,2.0E-4],"evs":[0.0,-0.73544]},"J3s":{"weight":0.039,"played":[1.0,0.0],"evs":[0.0,-0.35227]},"J4s":{"weight":0.0,"played":[0.9873,0.0127],"evs":[0.0,-0.51308]},"J5s":{"weight":0.0,"played":[1.0,0.0],"evs":[0.0,-0.40108]},"J6s":{"weight":0.0,"played":[0.9929,0.0071],"evs":[0.0,-0.76961]},"J7s":{"weight":0.0,"played":[0.9979,0.0021],"evs":[0.0,-0.66839]},"J8s":{"weight":0.0,"played":[0.9026,0.0974],"evs":[0.0,0.06174]},"J9s":{"weight":0.0,"played":[0.0114,0.9886],"evs":[0.0,0.61737]},"JTs":{"weight":0.0,"played":[0.0029,0.9971],"evs":[0.0,0.97012]},"JJ":{"weight":0.0,"played":[0.0,1.0],"evs":[0.0,2.9996]},"QJo":{"weight":0.0,"played":[0.6727,0.3273],"evs":[0.0,0.08448]},"KJo":{"weight":0.0,"played":[0.967,0.033],"evs":[0.0,-0.39607]},"AJo":{"weight":0.0,"played":[1.0E-4,0.9999],"evs":[0.0,1.3887]},"Q2s":{"weight":0.0,"played":[0.9385,0.0615],"evs":[0.0,-0.14517]},"Q3s":{"weight":0.0,"played":[0.9965,0.0035],"evs":[0.0,-0.65447]},"Q4s":{"weight":0.0,"played":[0.9943,0.0057],"evs":[0.0,-0.41565]},"Q5s":{"weight":0.0,"played":[0.9999,1.0E-4],"evs":[0.0,-0.4981]},"Q6s":{"weight":0.0,"played":[1.0,0.0],"evs":[0.0,-0.6885]},"Q7s":{"weight":0.0,"played":[1.0,0.0],"evs":[0.0,-1.06227]},"Q8s":{"weight":0.0,"played":[0.7008,0.2992],"evs":[0.0,0.0317]},"Q9s":{"weight":0.0,"played":[0.0975,0.9025],"evs":[0.0,0.56648]},"QTs":{"weight":0.0,"played":[0.0268,0.9732],"evs":[0.0,0.59677]},"QJs":{"weight":0.0,"played":[0.0131,0.9869],"evs":[0.0,0.5408]},"QQ":{"weight":3.0E-4,"played":[0.0,1.0],"evs":[0.0,3.21869]},"KQo":{"weight":0.0,"played":[0.9994,6.0E-4],"evs":[0.0,-0.21236]},"AQo":{"weight":0.0,"played":[0.0105,0.9895],"evs":[0.0,1.41143]},"K2s":{"weight":0.0,"played":[0.9993,7.0E-4],"evs":[0.0,-0.49505]},"K3s":{"weight":0.0,"played":[0.999,0.001],"evs":[0.0,-0.51656]},"K4s":{"weight":0.0,"played":[0.9997,3.0E-4],"evs":[0.0,-0.57298]},"K5s":{"weight":0.0,"played":[0.9985,0.0015],"evs":[0.0,-0.3619]},"K6s":{"weight":0.0,"played":[0.9996,4.0E-4],"evs":[0.0,-0.40392]},"K7s":{"weight":0.0,"played":[0.9958,0.0042],"evs":[0.0,-0.6506]},"K8s":{"weight":0.0,"played":[0.9962,0.0038],"evs":[0.0,-0.39714]},"K9s":{"weight":0.0,"played":[0.116,0.884],"evs":[0.0,0.70527]},"KTs":{"weight":0.0,"played":[0.2068,0.7932],"evs":[0.0,0.29902]},"KJs":{"weight":0.0,"played":[0.0343,0.9657],"evs":[0.0,0.3738]},"KQs":{"weight":0.0,"played":[0.0299,0.9701],"evs":[0.0,0.28135]},"KK":{"weight":0.2275,"played":[0.0,1.0],"evs":[0.0,2.73384]},"AKo":{"weight":0.0,"played":[1.0E-4,0.9999],"evs":[0.0,1.64678]},"A2s":{"weight":0.0,"played":[0.9955,0.0045],"evs":[0.0,-0.80879]},"A3s":{"weight":0.0,"played":[0.9888,0.0112],"evs":[0.0,-0.78191]},"A4s":{"weight":0.0,"played":[0.9985,0.0015],"evs":[0.0,-0.71995]},"A5s":{"weight":0.0,"played":[0.9903,0.0097],"evs":[0.0,-0.51494]},"A6s":{"weight":0.0,"played":[0.9955,0.0045],"evs":[0.0,-0.85991]},"A7s":{"weight":0.0,"played":[0.9982,0.0018],"evs":[0.0,-0.7721]},"A8s":{"weight":0.0,"played":[0.0555,0.9445],"evs":[0.0,0.57967]},"A9s":{"weight":0.0,"played":[0.0123,0.9877],"evs":[0.0,1.10375]},"ATs":{"weight":0.0,"played":[5.0E-4,0.9995],"evs":[0.0,1.99328]},"AJs":{"weight":2.0E-4,"played":[5.0E-4,0.9995],"evs":[0.0,2.19819]},"AQs":{"weight":6.0E-4,"played":[0.0,1.0],"evs":[0.0,2.26555]},"AKs":{"weight":0.0,"played":[3.0E-4,0.9997],"evs":[0.0,2.31867]},"AA":{"weight":0.999,"played":[0.0,1.0],"evs":[0.0,9.81671]}}}