{"player":3,"street":0,"children":2,"sequence":[{"player":0,"type":"F","amount":0,"street":0},{"player":1,"type":"R","amount":10000000,"street":0},{"player":2,"type":"R","amount":12250000,"street":0}],"actions":[{"type":"F","amount":0,"node":62},{"type":"R","amount":51750000,"node":69}],"hands":{"22":{"weight":1.0,"played":[1.0,0.0],"evs":[0.0,-0.4699]},"32o":{"weight":1.0,"played":[1.0,0.0],"evs":[0.0,-2.15291]},"42o":{"weight":1.0,"played":[1.0,0.0],"evs":[0.0,-2.12034]},"52o":{"weight":1.0,"played":[1.0,0.0],"evs":[0.0,-2.05643]},"62o":{"weight":1.0,"played":[1.0,0.0],"evs":[0.0,-2.23706]},"72o":{"weight":1.0,"played":[1.0,0.0],"evs":[0.0,-2.50772]},"82o":{"weight":1.0,"played":[1.0,0.0],"evs":[0.0,-2.35925]},"92o":{"weight":1.0,"played":[1.0,0.0],"evs":[0.0,-2.1543]},"T2o":{"weight":1.0,"played":[1.0,0.0],"evs":[0.0,-2.11974]},"J2o":{"weight":1.0,"played":[1.0,0.0],"evs":[0.0,-1.98821]},"Q2o":{"weight":1.0,"played":[1.0,0.0],"evs":[0.0,-1.84096]},"K2o":{"weight":1.0,"played":[1.0,0.0],"evs":[0.0,-1.84614]},"A2o":{"weight":1.0,"played":[1.0,0.0],"evs":[0.0,-1.10945]},"32s":{"weight":1.0,"played":[1.0,0.0],"evs":[0.0,-1.57902]},"33":{"weight":1.0,"played":[1.0,0.0],"evs":[0.0,-0.35219]},"43o":{"weight":1.0,"played":[1.0,0.0],"evs":[0.0,-1.86775]},"53o":{"weight":1.0,"played":[1.0,0.0],"evs":[0.0,-1.79714]},"63o":{"weight":1.0,"played":[1.0,0.0],"evs":[0.0,-1.98504]},"73o":{"weight":1.0,"played":[1.0,0.0],"evs":[0.0,-2.24222]},"83o":{"weight":1.0,"played":[1.0,0.0],"evs":[0.0,-2.32405]},"93o":{"weight":1.0,"played":[1.0,0.0],"evs":[0.0,-2.08255]},"T3o":{"weight":1.0,"played":[1.0,0.0],"evs":[0.0,-2.0415]},"J3o":{"weight":1.0,"played":[1.0,0.0],"evs":[0.0,-1.91253]},"Q3o":{"weight":1.0,"played":[1.0,0.0],"evs":[0.0,-1.75535]},"K3o":{"weight":1.0,"played":[1.0,0.0],"evs":[0.0,-1.75399]},"A3o":{"weight":1.0,"played":[1.0,0.0],"evs":[0.0,-1.04254]},"42s":{"weight":1.0,"played":[1.0,0.0],"evs":[0.0,-1.56643]},"43s":{"weight":1.0,"played":[1.0,0.0],"evs":[0.0,-1.3297]},"44":{"weight":1.0,"played":[1.0,0.0],"evs":[0.0,-0.29883]},"54o":{"weight":1.0,"played":[1.0,0.0],"evs":[0.0,-1.6157]},"64o":{"weight":1.0,"played":[1.0,0.0],"evs":[0.0,-1.79812]},"74o":{"weight":1.0,"played":[1.0,0.0],"evs":[0.0,-2.05672]},"84o":{"weight":1.0,"played":[1.0,0.0],"evs":[0.0,-2.13234]},"94o":{"weight":1.0,"played":[1.0,0.0],"evs":[0.0,-2.10417]},"T4o":{"weight":1.0,"played":[1.0,0.0],"evs":[0.0,-2.01701]},"J4o":{"weight":1.0,"played":[1.0,0.0],"evs":[0.0,-1.89342]},"Q4o":{"weight":1.0,"played":[1.0,0.0],"evs":[0.0,-1.73415]},"K4o":{"weight":1.0,"played":[1.0,0.0],"evs":[0.0,-1.71251]},"A4o":{"weight":1.0,"played":[1.0,0.0],"evs":[0.0,-1.01267]},"52s":{"weight":1.0,"played":[1.0,0.0],"evs":[0.0,-1.48431]},"53s":{"weight":1.0,"played":[1.0,0.0],"evs":[0.0,-1.26898]},"54s":{"weight":1.0,"played":[1.0,0.0],"evs":[0.0,-1.09057]},"55":{"weight":1.0,"played":[1.0,0.0],"evs":[0.0,-0.15241]},"65o":{"weight":1.0,"played":[1.0,0.0],"evs":[0.0,-1.59653]},"75o":{"weight":1.0,"played":[1.0,0.0],"evs":[0.0,-1.82819]},"85o":{"weight":1.0,"played":[1.0,0.0],"evs":[0.0,-1.92106]},"95o":{"weight":1.0,"played":[1.0,0.0],"evs":[0.0,-1.88615]},"T5o":{"weight":1.0,"played":[1.0,0.0],"evs":[0.0,-2.00728]},"J5o":{"weight":1.0,"played":[1.0,0.0],"evs":[0.0,-1.83267]},"Q5o":{"weight":1.0,"played":[1.0,0.0],"evs":[0.0,-1.68758]},"K5o":{"weight":1.0,"played":[1.0,0.0],"evs":[0.0,-1.66773]},"A5o":{"weight":1.0,"played":[1.0,0.0],"evs":[0.0,-0.9375]},"62s":{"weight":1.0,"played":[1.0,0.0],"evs":[0.0,-1.68444]},"63s":{"weight":1.0,"played":[1.0,0.0],"evs":[0.0,-1.44074]},"64s":{"weight":1.0,"played":[1.0,0.0],"evs":[0.0,-1.25727]},"65s":{"weight":1.0,"played":[1.0,0.0],"evs":[0.0,-1.05118]},"66":{"weight":1.0,"played":[0.9412,0.0588],"evs":[0.0,-0.01626]},"76o":{"weight":1.0,"played":[1.0,0.0],"evs":[0.0,-1.65385]},"86o":{"weight":1.0,"played":[1.0,0.0],"evs":[0.0,-1.73201]},"96o":{"weight":1.0,"played":[1.0,0.0],"evs":[0.0,-1.69529]},"T6o":{"weight":1.0,"played":[1.0,0.0],"evs":[0.0,-1.82747]},"J6o":{"weight":1.0,"played":[1.0,0.0],"evs":[0.0,-1.85961]},"Q6o":{"weight":1.0,"played":[1.0,0.0],"evs":[0.0,-1.63496]},"K6o":{"weight":1.0,"played":[1.0,0.0],"evs":[0.0,-1.63007]},"A6o":{"weight":1.0,"played":[1.0,0.0],"evs":[0.0,-1.09987]},"72s":{"weight":1.0,"played":[1.0,0.0],"evs":[0.0,-1.90859]},"73s":{"weight":1.0,"played":[1.0,0.0],"evs":[0.0,-1.66086]},"74s":{"weight":1.0,"played":[1.0,0.0],"evs":[0.0,-1.49117]},"75s":{"weight":1.0,"played":[1.0,0.0],"evs":[0.0,-1.28383]},"76s":{"weight":1.0,"played":[1.0,0.0],"evs":[0.0,-1.11158]},"77":{"weight":1.0,"played":[0.0,1.0],"evs":[0.0,0.12061]},"87o":{"weight":1.0,"played":[1.0,0.0],"evs":[0.0,-1.65431]},"97o":{"weight":1.0,"played":[1.0,0.0],"evs":[0.0,-1.60803]},"T7o":{"weight":1.0,"played":[1.0,0.0],"evs":[0.0,-1.71669]},"J7o":{"weight":1.0,"played":[1.0,0.0],"evs":[0.0,-1.76093]},"Q7o":{"weight":1.0,"played":[1.0,0.0],"evs":[0.0,-1.76214]},"K7o":{"weight":1.0,"played":[1.0,0.0],"evs":[0.0,-1.70741]},"A7o":{"weight":1.0,"played":[1.0,0.0],"evs":[0.0,-1.03215]},"82s":{"weight":1.0,"played":[1.0,0.0],"evs":[0.0,-1.78471]},"83s":{"weight":1.0,"played":[1.0,0.0],"evs":[0.0,-1.76285]},"84s":{"weight":1.0,"played":[1.0,0.0],"evs":[0.0,-1.55142]},"85s":{"weight":1.0,"played":[1.0,0.0],"evs":[0.0,-1.35675]},"86s":{"weight":1.0,"played":[1.0,0.0],"evs":[0.0,-1.17461]},"87s":{"weight":1.0,"played":[1.0,0.0],"evs":[0.0,-1.11271]},"88":{"weight":1.0,"played":[0.0,1.0],"evs":[0.0,0.54258]},"98o":{"weight":1.0,"played":[1.0,0.0],"evs":[0.0,-1.42222]},"T8o":{"weight":1.0,"played":[1.0,0.0],"evs":[0.0,-1.48686]},"J8o":{"weight":1.0,"played":[1.0,0.0],"evs":[0.0,-1.52143]},"Q8o":{"weight":1.0,"played":[1.0,0.0],"evs":[0.0,-1.51689]},"K8o":{"weight":1.0,"played":[1.0,0.0],"evs":[0.0,-1.63078]},"A8o":{"weight":1.0,"played":[1.0,0.0],"evs":[0.0,-0.78805]},"92s":{"weight":1.0,"played":[1.0,0.0],"evs":[0.0,-1.58752]},"93s":{"weight":1.0,"played":[1.0,0.0],"evs":[0.0,-1.514]},"94s":{"weight":1.0,"played":[1.0,0.0],"evs":[0.0,-1.54149]},"95s":{"weight":1.0,"played":[1.0,0.0],"evs":[0.0,-1.32803]},"96s":{"weight":1.0,"played":[1.0,0.0],"evs":[0.0,-1.16608]},"97s":{"weight":1.0,"played":[1.0,0.0],"evs":[0.0,-1.06939]},"98s":{"weight":1.0,"played":[1.0,0.0],"evs":[0.0,-0.88441]},"99":{"weight":1.0,"played":[0.0,1.0],"evs":[0.0,1.23602]},"T9o":{"weight":1.0,"played":[1.0,0.0],"evs":[0.0,-1.15776]},"J9o":{"weight":1.0,"played":[1.0,0.0],"evs":[0.0,-1.18771]},"Q9o":{"weight":1.0,"played":[1.0,0.0],"evs":[0.0,-1.18847]},"K9o":{"weight":1.0,"played":[1.0,0.0],"evs":[0.0,-1.26887]},"A9o":{"weight":1.0,"played":[1.0,0.0],"evs":[0.0,-0.40847]},"T2s":{"weight":1.0,"played":[1.0,0.0],"evs":[0.0,-1.54969]},"T3s":{"weight":1.0,"played":[1.0,0.0],"evs":[0.0,-1.46464]},"T4s":{"weight":1.0,"played":[1.0,0.0],"evs":[0.0,-1.44551]},"T5s":{"weight":1.0,"played":[1.0,0.0],"evs":[0.0,-1.42291]},"T6s":{"weight":1.0,"played":[1.0,0.0],"evs":[0.0,-1.27586]},"T7s":{"weight":1.0,"played":[1.0,0.0],"evs":[0.0,-1.15744]},"T8s":{"weight":1.0,"played":[1.0,0.0],"evs":[0.0,-0.95451]},"T9s":{"weight":1.0,"played":[1.0,0.0],"evs":[0.0,-0.64283]},"TT":{"weight":1.0,"played":[0.0,1.0],"evs":[0.0,1.93778]},"JTo":{"weight":1.0,"played":[1.0,0.0],"evs":[0.0,-0.93964]},"QTo":{"weight":1.0,"played":[1.0,0.0],"evs":[0.0,-0.92033]},"KTo":{"weight":1.0,"played":[1.0,0.0],"evs":[0.0,-0.91759]},"ATo":{"weight":1.0,"played":[0.0,1.0],"evs":[0.0,0.11234]},"J2s":{"weight":1.0,"played":[1.0,0.0],"evs":[0.0,-1.42061]},"J3s":{"weight":1.0,"played":[1.0,0.0],"evs":[0.0,-1.34921]},"J4s":{"weight":1.0,"played":[1.0,0.0],"evs":[0.0,-1.3518]},"J5s":{"weight":1.0,"played":[1.0,0.0],"evs":[0.0,-1.27152]},"J6s":{"weight":1.0,"played":[1.0,0.0],"evs":[0.0,-1.29238]},"J7s":{"weight":1.0,"played":[1.0,0.0],"evs":[0.0,-1.20822]},"J8s":{"weight":1.0,"played":[1.0,0.0],"evs":[0.0,-0.97457]},"J9s":{"weight":1.0,"played":[1.0,0.0],"evs":[0.0,-0.66752]},"JTs":{"weight":1.0,"played":[1.0,0.0],"evs":[0.0,-0.44681]},"JJ":{"weight":1.0,"played":[0.0,1.0],"evs":[0.0,2.67455]},"QJo":{"weight":1.0,"played":[1.0,0.0],"evs":[0.0,-0.74318]},"KJo":{"weight":1.0,"played":[1.0,0.0],"evs":[0.0,-0.63047]},"AJo":{"weight":1.0,"played":[0.0,1.0],"evs":[0.0,0.54567]},"Q2s":{"weight":1.0,"played":[1.0,0.0],"evs":[0.0,-1.27742]},"Q3s":{"weight":1.0,"played":[1.0,0.0],"evs":[0.0,-1.1973]},"Q4s":{"weight":1.0,"played":[1.0,0.0],"evs":[0.0,-1.18015]},"Q5s":{"weight":1.0,"played":[1.0,0.0],"evs":[0.0,-1.12427]},"Q6s":{"weight":1.0,"played":[1.0,0.0],"evs":[0.0,-1.09792]},"Q7s":{"weight":1.0,"played":[1.0,0.0],"evs":[0.0,-1.19403]},"Q8s":{"weight":1.0,"played":[1.0,0.0],"evs":[0.0,-0.95678]},"Q9s":{"weight":1.0,"played":[1.0,0.0],"evs":[0.0,-0.63944]},"QTs":{"weight":1.0,"played":[1.0,0.0],"evs":[0.0,-0.40255]},"QJs":{"weight":1.0,"played":[1.0,0.0],"evs":[0.0,-0.25896]},"QQ":{"weight":1.0,"played":[0.0,1.0],"evs":[0.0,3.55456]},"KQo":{"weight":1.0,"played":[1.0,0.0],"evs":[0.0,-0.33168]},"AQo":{"weight":1.0,"played":[0.0,1.0],"evs":[0.0,1.28546]},"K2s":{"weight":1.0,"played":[1.0,0.0],"evs":[0.0,-1.26283]},"K3s":{"weight":1.0,"played":[1.0,0.0],"evs":[0.0,-1.17386]},"K4s":{"weight":1.0,"played":[1.0,0.0],"evs":[0.0,-1.16511]},"K5s":{"weight":1.0,"played":[1.0,0.0],"evs":[0.0,-1.09652]},"K6s":{"weight":1.0,"played":[1.0,0.0],"evs":[0.0,-1.07239]},"K7s":{"weight":1.0,"played":[1.0,0.0],"evs":[0.0,-1.14439]},"K8s":{"weight":1.0,"played":[1.0,0.0],"evs":[0.0,-1.08081]},"K9s":{"weight":1.0,"played":[1.0,0.0],"evs":[0.0,-0.7367]},"KTs":{"weight":1.0,"played":[1.0,0.0],"evs":[0.0,-0.40463]},"KJs":{"weight":1.0,"played":[1.0,0.0],"evs":[0.0,-0.13055]},"KQs":{"weight":1.0,"played":[0.0,1.0],"evs":[0.0,0.13975]},"KK":{"weight":1.0,"played":[0.0,1.0],"evs":[0.0,4.60054]},"AKo":{"weight":1.0,"played":[0.0,1.0],"evs":[0.0,2.12254]},"A2s":{"weight":1.0,"played":[1.0,0.0],"evs":[0.0,-0.57381]},"A3s":{"weight":1.0,"played":[1.0,0.0],"evs":[0.0,-0.50869]},"A4s":{"weight":1.0,"played":[1.0,0.0],"evs":[0.0,-0.4733]},"A5s":{"weight":1.0,"played":[1.0,0.0],"evs":[0.0,-0.40167]},"A6s":{"weight":1.0,"played":[1.0,0.0],"evs":[0.0,-0.56077]},"A7s":{"weight":1.0,"played":[1.0,0.0],"evs":[0.0,-0.4719]},"A8s":{"weight":1.0,"played":[1.0,0.0],"evs":[0.0,-0.26754]},"A9s":{"weight":1.0,"played":[0.0,1.0],"evs":[0.0,0.08011]},"ATs":{"weight":1.0,"played":[0.0,1.0],"evs":[0.0,0.56719]},"AJs":{"weight":1.0,"played":[0.0,1.0],"evs":[0.0,0.98547]},"AQs":{"weight":1.0,"played":[0.0,1.0],"evs":[0.0,1.66204]},"AKs":{"weight":1.0,"played":[0.0,1.0],"evs":[0.0,2.45087]},"AA":{"weight":1.0,"played":[0.0,1.0],"evs":[0.0,6.37628]}}}