{"player":5,"street":0,"children":2,"sequence":[{"player":0,"type":"F","amount":0,"street":0},{"player":1,"type":"R","amount":10000000,"street":0},{"player":2,"type":"R","amount":12250000,"street":0},{"player":3,"type":"R","amount":51750000,"street":0},{"player":4,"type":"F","amount":0,"street":0}],"actions":[{"type":"F","amount":0,"node":71},{"type":"C","amount":46750000,"node":72}],"hands":{"22":{"weight":1.0,"played":[1.0,0.0],"evs":[0.0,-2.16386]},"32o":{"weight":1.0,"played":[1.0,0.0],"evs":[0.0,-4.74059]},"42o":{"weight":1.0,"played":[1.0,0.0],"evs":[0.0,-4.69235]},"52o":{"weight":1.0,"played":[1.0,0.0],"evs":[0.0,-4.51624]},"62o":{"weight":1.0,"played":[1.0,0.0],"evs":[0.0,-4.9582]},"72o":{"weight":1.0,"played":[1.0,0.0],"evs":[0.0,-5.45847]},"82o":{"weight":1.0,"played":[1.0,0.0],"evs":[0.0,-5.22822]},"92o":{"weight":1.0,"played":[1.0,0.0],"evs":[0.0,-5.05536]},"T2o":{"weight":1.0,"played":[1.0,0.0],"evs":[0.0,-5.14918]},"J2o":{"weight":1.0,"played":[1.0,0.0],"evs":[0.0,-4.8944]},"Q2o":{"weight":1.0,"played":[1.0,0.0],"evs":[0.0,-4.55984]},"K2o":{"weight":1.0,"played":[1.0,0.0],"evs":[0.0,-4.52393]},"A2o":{"weight":1.0,"played":[1.0,0.0],"evs":[0.0,-4.60247]},"32s":{"weight":1.0,"played":[1.0,0.0],"evs":[0.0,-3.78686]},"33":{"weight":1.0,"played":[1.0,0.0],"evs":[0.0,-1.94959]},"43o":{"weight":1.0,"played":[1.0,0.0],"evs":[0.0,-4.21721]},"53o":{"weight":1.0,"played":[1.0,0.0],"evs":[0.0,-4.16065]},"63o":{"weight":1.0,"played":[1.0,0.0],"evs":[0.0,-4.45798]},"73o":{"weight":1.0,"played":[1.0,0.0],"evs":[0.0,-4.98709]},"83o":{"weight":1.0,"played":[1.0,0.0],"evs":[0.0,-5.19508]},"93o":{"weight":1.0,"played":[1.0,0.0],"evs":[0.0,-4.91012]},"T3o":{"weight":1.0,"played":[1.0,0.0],"evs":[0.0,-5.03711]},"J3o":{"weight":1.0,"played":[1.0,0.0],"evs":[0.0,-4.76216]},"Q3o":{"weight":1.0,"played":[1.0,0.0],"evs":[0.0,-4.42255]},"K3o":{"weight":1.0,"played":[1.0,0.0],"evs":[0.0,-4.38754]},"A3o":{"weight":1.0,"played":[1.0,0.0],"evs":[0.0,-4.43312]},"42s":{"weight":1.0,"played":[1.0,0.0],"evs":[0.0,-3.57076]},"43s":{"weight":1.0,"played":[1.0,0.0],"evs":[0.0,-3.24125]},"44":{"weight":1.0,"played":[1.0,0.0],"evs":[0.0,-1.84402]},"54o":{"weight":1.0,"played":[1.0,0.0],"evs":[0.0,-3.73662]},"64o":{"weight":1.0,"played":[1.0,0.0],"evs":[0.0,-4.11891]},"74o":{"weight":1.0,"played":[1.0,0.0],"evs":[0.0,-4.59878]},"84o":{"weight":1.0,"played":[1.0,0.0],"evs":[0.0,-4.79791]},"94o":{"weight":1.0,"played":[1.0,0.0],"evs":[0.0,-4.93063]},"T4o":{"weight":1.0,"played":[1.0,0.0],"evs":[0.0,-4.91088]},"J4o":{"weight":1.0,"played":[1.0,0.0],"evs":[0.0,-4.61295]},"Q4o":{"weight":1.0,"played":[1.0,0.0],"evs":[0.0,-4.31844]},"K4o":{"weight":1.0,"played":[1.0,0.0],"evs":[0.0,-4.28428]},"A4o":{"weight":1.0,"played":[1.0,0.0],"evs":[0.0,-4.34806]},"52s":{"weight":1.0,"played":[1.0,0.0],"evs":[0.0,-3.58033]},"53s":{"weight":1.0,"played":[1.0,0.0],"evs":[0.0,-3.20887]},"54s":{"weight":1.0,"played":[1.0,0.0],"evs":[0.0,-2.75574]},"55":{"weight":1.0,"played":[1.0,0.0],"evs":[0.0,-1.72195]},"65o":{"weight":1.0,"played":[1.0,0.0],"evs":[0.0,-3.72214]},"75o":{"weight":1.0,"played":[1.0,0.0],"evs":[0.0,-4.17565]},"85o":{"weight":1.0,"played":[1.0,0.0],"evs":[0.0,-4.39485]},"95o":{"weight":1.0,"played":[1.0,0.0],"evs":[0.0,-4.53015]},"T5o":{"weight":1.0,"played":[1.0,0.0],"evs":[0.0,-4.91388]},"J5o":{"weight":1.0,"played":[1.0,0.0],"evs":[0.0,-4.55353]},"Q5o":{"weight":1.0,"played":[1.0,0.0],"evs":[0.0,-4.25129]},"K5o":{"weight":1.0,"played":[1.0,0.0],"evs":[0.0,-4.16462]},"A5o":{"weight":1.0,"played":[1.0,0.0],"evs":[0.0,-4.2326]},"62s":{"weight":1.0,"played":[1.0,0.0],"evs":[0.0,-3.87971]},"63s":{"weight":1.0,"played":[1.0,0.0],"evs":[0.0,-3.41932]},"64s":{"weight":1.0,"played":[1.0,0.0],"evs":[0.0,-3.15582]},"65s":{"weight":1.0,"played":[1.0,0.0],"evs":[0.0,-2.69347]},"66":{"weight":1.0,"played":[1.0,0.0],"evs":[0.0,-1.5732]},"76o":{"weight":1.0,"played":[1.0,0.0],"evs":[0.0,-3.89458]},"86o":{"weight":1.0,"played":[1.0,0.0],"evs":[0.0,-4.06867]},"96o":{"weight":1.0,"played":[1.0,0.0],"evs":[0.0,-4.18848]},"T6o":{"weight":1.0,"played":[1.0,0.0],"evs":[0.0,-4.647]},"J6o":{"weight":1.0,"played":[1.0,0.0],"evs":[0.0,-4.58936]},"Q6o":{"weight":1.0,"played":[1.0,0.0],"evs":[0.0,-4.21301]},"K6o":{"weight":1.0,"played":[1.0,0.0],"evs":[0.0,-4.21392]},"A6o":{"weight":1.0,"played":[1.0,0.0],"evs":[0.0,-4.71084]},"72s":{"weight":1.0,"played":[1.0,0.0],"evs":[0.0,-4.34558]},"73s":{"weight":1.0,"played":[1.0,0.0],"evs":[0.0,-3.95981]},"74s":{"weight":1.0,"played":[1.0,0.0],"evs":[0.0,-3.53099]},"75s":{"weight":1.0,"played":[1.0,0.0],"evs":[0.0,-3.16626]},"76s":{"weight":1.0,"played":[1.0,0.0],"evs":[0.0,-2.89625]},"77":{"weight":1.0,"played":[1.0,0.0],"evs":[0.0,-1.41718]},"87o":{"weight":1.0,"played":[1.0,0.0],"evs":[0.0,-3.98367]},"97o":{"weight":1.0,"played":[1.0,0.0],"evs":[0.0,-4.08877]},"T7o":{"weight":1.0,"played":[1.0,0.0],"evs":[0.0,-4.48081]},"J7o":{"weight":1.0,"played":[1.0,0.0],"evs":[0.0,-4.46483]},"Q7o":{"weight":1.0,"played":[1.0,0.0],"evs":[0.0,-4.47677]},"K7o":{"weight":1.0,"played":[1.0,0.0],"evs":[0.0,-4.34907]},"A7o":{"weight":1.0,"played":[1.0,0.0],"evs":[0.0,-4.77838]},"82s":{"weight":1.0,"played":[1.0,0.0],"evs":[0.0,-4.16954]},"83s":{"weight":1.0,"played":[1.0,0.0],"evs":[0.0,-4.06931]},"84s":{"weight":1.0,"played":[1.0,0.0],"evs":[0.0,-3.81216]},"85s":{"weight":1.0,"played":[1.0,0.0],"evs":[0.0,-3.37051]},"86s":{"weight":1.0,"played":[1.0,0.0],"evs":[0.0,-3.07088]},"87s":{"weight":1.0,"played":[1.0,0.0],"evs":[0.0,-3.0063]},"88":{"weight":1.0,"played":[1.0,0.0],"evs":[0.0,-0.64568]},"98o":{"weight":1.0,"played":[1.0,0.0],"evs":[0.0,-3.72687]},"T8o":{"weight":1.0,"played":[1.0,0.0],"evs":[0.0,-4.02528]},"J8o":{"weight":1.0,"played":[1.0,0.0],"evs":[0.0,-4.01273]},"Q8o":{"weight":1.0,"played":[1.0,0.0],"evs":[0.0,-3.95609]},"K8o":{"weight":1.0,"played":[1.0,0.0],"evs":[0.0,-4.25602]},"A8o":{"weight":1.0,"played":[1.0,0.0],"evs":[0.0,-4.66055]},"92s":{"weight":1.0,"played":[1.0,0.0],"evs":[0.0,-4.00374]},"93s":{"weight":1.0,"played":[1.0,0.0],"evs":[0.0,-3.86858]},"94s":{"weight":1.0,"played":[1.0,0.0],"evs":[0.0,-3.84334]},"95s":{"weight":1.0,"played":[1.0,0.0],"evs":[0.0,-3.50798]},"96s":{"weight":1.0,"played":[1.0,0.0],"evs":[0.0,-3.28706]},"97s":{"weight":1.0,"played":[1.0,0.0],"evs":[0.0,-3.10519]},"98s":{"weight":1.0,"played":[1.0,0.0],"evs":[0.0,-2.72168]},"99":{"weight":1.0,"played":[2.0E-4,0.9998],"evs":[0.0,0.48025]},"T9o":{"weight":1.0,"played":[1.0,0.0],"evs":[0.0,-3.60403]},"J9o":{"weight":1.0,"played":[1.0,0.0],"evs":[0.0,-3.63192]},"Q9o":{"weight":1.0,"played":[1.0,0.0],"evs":[0.0,-3.6515]},"K9o":{"weight":1.0,"played":[1.0,0.0],"evs":[0.0,-3.79741]},"A9o":{"weight":1.0,"played":[1.0,0.0],"evs":[0.0,-4.16423]},"T2s":{"weight":1.0,"played":[1.0,0.0],"evs":[0.0,-4.03927]},"T3s":{"weight":1.0,"played":[1.0,0.0],"evs":[0.0,-3.97365]},"T4s":{"weight":1.0,"played":[1.0,0.0],"evs":[0.0,-3.944]},"T5s":{"weight":1.0,"played":[1.0,0.0],"evs":[0.0,-3.86826]},"T6s":{"weight":1.0,"played":[1.0,0.0],"evs":[0.0,-3.49549]},"T7s":{"weight":1.0,"played":[1.0,0.0],"evs":[0.0,-3.37538]},"T8s":{"weight":1.0,"played":[1.0,0.0],"evs":[0.0,-2.95185]},"T9s":{"weight":1.0,"played":[1.0,0.0],"evs":[0.0,-2.49489]},"TT":{"weight":1.0,"played":[0.0,1.0],"evs":[0.0,1.74177]},"JTo":{"weight":1.0,"played":[1.0,0.0],"evs":[0.0,-3.31911]},"QTo":{"weight":1.0,"played":[1.0,0.0],"evs":[0.0,-3.3546]},"KTo":{"weight":1.0,"played":[1.0,0.0],"evs":[0.0,-3.53113]},"ATo":{"weight":1.0,"played":[1.0,0.0],"evs":[0.0,-3.1353]},"J2s":{"weight":1.0,"played":[1.0,0.0],"evs":[0.0,-3.79208]},"J3s":{"weight":1.0,"played":[1.0,0.0],"evs":[0.0,-3.64871]},"J4s":{"weight":1.0,"played":[1.0,0.0],"evs":[0.0,-3.62221]},"J5s":{"weight":1.0,"played":[1.0,0.0],"evs":[0.0,-3.51338]},"J6s":{"weight":1.0,"played":[1.0,0.0],"evs":[0.0,-3.61104]},"J7s":{"weight":1.0,"played":[1.0,0.0],"evs":[0.0,-3.53147]},"J8s":{"weight":1.0,"played":[1.0,0.0],"evs":[0.0,-2.99331]},"J9s":{"weight":1.0,"played":[1.0,0.0],"evs":[0.0,-2.57089]},"JTs":{"weight":1.0,"played":[1.0,0.0],"evs":[0.0,-2.42637]},"JJ":{"weight":1.0,"played":[0.0,1.0],"evs":[0.0,3.41412]},"QJo":{"weight":1.0,"played":[1.0,0.0],"evs":[0.0,-3.00672]},"KJo":{"weight":1.0,"played":[1.0,0.0],"evs":[0.0,-3.20633]},"AJo":{"weight":1.0,"played":[1.0,0.0],"evs":[0.0,-1.76249]},"Q2s":{"weight":1.0,"played":[1.0,0.0],"evs":[0.0,-3.53316]},"Q3s":{"weight":1.0,"played":[1.0,0.0],"evs":[0.0,-3.41217]},"Q4s":{"weight":1.0,"played":[1.0,0.0],"evs":[0.0,-3.31547]},"Q5s":{"weight":1.0,"played":[1.0,0.0],"evs":[0.0,-3.24099]},"Q6s":{"weight":1.0,"played":[1.0,0.0],"evs":[0.0,-3.2412]},"Q7s":{"weight":1.0,"played":[1.0,0.0],"evs":[0.0,-3.31073]},"Q8s":{"weight":1.0,"played":[1.0,0.0],"evs":[0.0,-2.91921]},"Q9s":{"weight":1.0,"played":[1.0,0.0],"evs":[0.0,-2.5091]},"QTs":{"weight":1.0,"played":[1.0,0.0],"evs":[0.0,-2.33309]},"QJs":{"weight":1.0,"played":[1.0,0.0],"evs":[0.0,-1.98092]},"QQ":{"weight":1.0,"played":[0.0,1.0],"evs":[0.0,5.18382]},"KQo":{"weight":1.0,"played":[1.0,0.0],"evs":[0.0,-2.65702]},"AQo":{"weight":1.0,"played":[0.9994,6.0E-4],"evs":[0.0,-0.03889]},"K2s":{"weight":1.0,"played":[1.0,0.0],"evs":[0.0,-3.53996]},"K3s":{"weight":1.0,"played":[1.0,0.0],"evs":[0.0,-3.23962]},"K4s":{"weight":1.0,"played":[1.0,0.0],"evs":[0.0,-3.1336]},"K5s":{"weight":1.0,"played":[1.0,0.0],"evs":[0.0,-3.20639]},"K6s":{"weight":1.0,"played":[1.0,0.0],"evs":[0.0,-3.12233]},"K7s":{"weight":1.0,"played":[1.0,0.0],"evs":[0.0,-3.32188]},"K8s":{"weight":1.0,"played":[1.0,0.0],"evs":[0.0,-3.219]},"K9s":{"weight":1.0,"played":[1.0,0.0],"evs":[0.0,-2.7715]},"KTs":{"weight":1.0,"played":[1.0,0.0],"evs":[0.0,-2.44749]},"KJs":{"weight":1.0,"played":[1.0,0.0],"evs":[0.0,-2.0923]},"KQs":{"weight":1.0,"played":[1.0,0.0],"evs":[0.0,-1.67024]},"KK":{"weight":1.0,"played":[0.0,1.0],"evs":[0.0,7.22871]},"AKo":{"weight":1.0,"played":[0.0,1.0],"evs":[0.0,1.41462]},"A2s":{"weight":1.0,"played":[1.0,0.0],"evs":[0.0,-3.44795]},"A3s":{"weight":1.0,"played":[1.0,0.0],"evs":[0.0,-3.34158]},"A4s":{"weight":1.0,"played":[1.0,0.0],"evs":[0.0,-3.2098]},"A5s":{"weight":1.0,"played":[1.0,0.0],"evs":[0.0,-3.06412]},"A6s":{"weight":1.0,"played":[1.0,0.0],"evs":[0.0,-3.65347]},"A7s":{"weight":1.0,"played":[1.0,0.0],"evs":[0.0,-3.76421]},"A8s":{"weight":1.0,"played":[1.0,0.0],"evs":[0.0,-3.4697]},"A9s":{"weight":1.0,"played":[1.0,0.0],"evs":[0.0,-3.08287]},"ATs":{"weight":1.0,"played":[1.0,0.0],"evs":[0.0,-2.20026]},"AJs":{"weight":1.0,"played":[1.0,0.0],"evs":[0.0,-0.77935]},"AQs":{"weight":1.0,"played":[1.0E-4,0.9999],"evs":[0.0,0.85383]},"AKs":{"weight":1.0,"played":[0.0,1.0],"evs":[0.0,2.21978]},"AA":{"weight":1.0,"played":[0.0,1.0],"evs":[0.0,10.7278]}}}