{"player":1,"street":0,"children":2,"sequence":[{"player":0,"type":"F","amount":0,"street":0},{"player":1,"type":"R","amount":10000000,"street":0},{"player":2,"type":"R","amount":12250000,"street":0},{"player":3,"type":"R","amount":51750000,"street":0},{"player":4,"type":"C","amount":16750000,"street":0},{"player":5,"type":"F","amount":0,"street":0}],"actions":[{"type":"F","amount":0},{"type":"C","amount":41750000}],"hands":{"22":{"weight":0.0,"played":[4.0E-4,0.9996],"evs":[0.0,0.37167]},"32o":{"weight":0.0,"played":[1.0,0.0],"evs":[0.0,-1.53755]},"42o":{"weight":0.0,"played":[1.0,0.0],"evs":[0.0,-1.43333]},"52o":{"weight":0.0,"played":[1.0,0.0],"evs":[0.0,-1.38596]},"62o":{"weight":0.0,"played":[1.0,0.0],"evs":[0.0,-1.63609]},"72o":{"weight":0.0,"played":[1.0,0.0],"evs":[0.0,-2.03105]},"82o":{"weight":0.0,"played":[1.0,0.0],"evs":[0.0,-1.87622]},"92o":{"weight":0.0,"played":[1.0,0.0],"evs":[0.0,-1.87926]},"T2o":{"weight":0.0,"played":[1.0,0.0],"evs":[0.0,-1.94344]},"J2o":{"weight":0.0,"played":[1.0,0.0],"evs":[0.0,-1.56252]},"Q2o":{"weight":0.0,"played":[1.0,0.0],"evs":[0.0,-1.63071]},"K2o":{"weight":0.0,"played":[1.0,0.0],"evs":[0.0,-1.40251]},"A2o":{"weight":0.5892,"played":[1.0,0.0],"evs":[0.0,-1.72]},"32s":{"weight":0.0,"played":[0.9999,1.0E-4],"evs":[0.0,-0.74429]},"33":{"weight":0.0,"played":[6.0E-4,0.9994],"evs":[0.0,0.61357]},"43o":{"weight":0.0,"played":[1.0,0.0],"evs":[0.0,-1.04532]},"53o":{"weight":0.0,"played":[1.0,0.0],"evs":[0.0,-0.96517]},"63o":{"weight":0.0,"played":[1.0,0.0],"evs":[0.0,-1.15129]},"73o":{"weight":0.0,"played":[1.0,0.0],"evs":[0.0,-1.6077]},"83o":{"weight":0.0,"played":[1.0,0.0],"evs":[0.0,-1.84299]},"93o":{"weight":0.0,"played":[1.0,0.0],"evs":[0.0,-1.65762]},"T3o":{"weight":0.0,"played":[1.0,0.0],"evs":[0.0,-1.71867]},"J3o":{"weight":0.0,"played":[1.0,0.0],"evs":[0.0,-1.5085]},"Q3o":{"weight":0.0,"played":[1.0,0.0],"evs":[0.0,-1.52261]},"K3o":{"weight":0.0068,"played":[1.0,0.0],"evs":[0.0,-1.37863]},"A3o":{"weight":0.0,"played":[1.0,0.0],"evs":[0.0,-1.65698]},"42s":{"weight":0.0,"played":[1.0,0.0],"evs":[0.0,-0.4925]},"43s":{"weight":0.0247,"played":[1.0,0.0],"evs":[0.0,-0.3877]},"44":{"weight":0.0,"played":[0.0,1.0],"evs":[0.0,0.70983]},"54o":{"weight":0.0,"played":[0.9999,1.0E-4],"evs":[0.0,-0.71008]},"64o":{"weight":0.0,"played":[0.9998,2.0E-4],"evs":[0.0,-0.97398]},"74o":{"weight":0.0,"played":[1.0,0.0],"evs":[0.0,-1.20937]},"84o":{"weight":0.0,"played":[1.0,0.0],"evs":[0.0,-1.43953]},"94o":{"weight":0.0,"played":[1.0,0.0],"evs":[0.0,-1.60003]},"T4o":{"weight":0.0,"played":[1.0,0.0],"evs":[0.0,-1.58566]},"J4o":{"weight":0.0,"played":[1.0,0.0],"evs":[0.0,-1.55958]},"Q4o":{"weight":0.0,"played":[1.0,0.0],"evs":[0.0,-1.40416]},"K4o":{"weight":1.0,"played":[1.0,0.0],"evs":[0.0,-1.17202]},"A4o":{"weight":0.0,"played":[1.0,0.0],"evs":[0.0,-1.49457]},"52s":{"weight":0.0,"played":[0.9999,1.0E-4],"evs":[0.0,-0.43111]},"53s":{"weight":0.0,"played":[0.8789,0.1211],"evs":[0.0,-0.22631]},"54s":{"weight":0.0,"played":[0.5234,0.4766],"evs":[0.0,0.06448]},"55":{"weight":0.0,"played":[0.0,1.0],"evs":[0.0,1.02482]},"65o":{"weight":0.0,"played":[1.0,0.0],"evs":[0.0,-0.75867]},"75o":{"weight":0.0,"played":[1.0,0.0],"evs":[0.0,-0.98858]},"85o":{"weight":0.0,"played":[1.0,0.0],"evs":[0.0,-1.13656]},"95o":{"weight":0.0,"played":[1.0,0.0],"evs":[0.0,-1.28945]},"T5o":{"weight":0.0,"played":[1.0,0.0],"evs":[0.0,-1.63464]},"J5o":{"weight":0.0,"played":[1.0,0.0],"evs":[0.0,-1.41343]},"Q5o":{"weight":0.0,"played":[1.0,0.0],"evs":[0.0,-1.40801]},"K5o":{"weight":1.0,"played":[1.0,0.0],"evs":[0.0,-1.09369]},"A5o":{"weight":0.0,"played":[1.0,0.0],"evs":[0.0,-1.41474]},"62s":{"weight":0.0,"played":[0.996,0.004],"evs":[0.0,-0.78894]},"63s":{"weight":5.0E-4,"played":[1.0,0.0],"evs":[0.0,-0.53401]},"64s":{"weight":0.0,"played":[0.7949,0.2051],"evs":[0.0,-0.11746]},"65s":{"weight":0.0,"played":[0.0825,0.9175],"evs":[0.0,0.25795]},"66":{"weight":0.1916,"played":[1.0E-4,0.9999],"evs":[0.0,0.9971]},"76o":{"weight":0.0,"played":[0.9995,5.0E-4],"evs":[0.0,-0.7397]},"86o":{"weight":0.0,"played":[0.9999,1.0E-4],"evs":[0.0,-0.91744]},"96o":{"weight":0.0,"played":[1.0,0.0],"evs":[0.0,-1.19297]},"T6o":{"weight":0.0,"played":[1.0,0.0],"evs":[0.0,-1.38551]},"J6o":{"weight":0.0,"played":[1.0,0.0],"evs":[0.0,-1.50855]},"Q6o":{"weight":0.907,"played":[1.0,0.0],"evs":[0.0,-1.34075]},"K6o":{"weight":1.0,"played":[1.0,0.0],"evs":[0.0,-1.10506]},"A6o":{"weight":0.4928,"played":[1.0,0.0],"evs":[0.0,-1.77007]},"72s":{"weight":0.0,"played":[1.0,0.0],"evs":[0.0,-1.0228]},"73s":{"weight":0.0,"played":[0.9998,2.0E-4],"evs":[0.0,-0.92945]},"74s":{"weight":0.0,"played":[0.9999,1.0E-4],"evs":[0.0,-0.49613]},"75s":{"weight":0.0,"played":[0.9914,0.0086],"evs":[0.0,-0.0755]},"76s":{"weight":0.0,"played":[0.1467,0.8533],"evs":[0.0,0.12175]},"77":{"weight":0.4822,"played":[0.0,1.0],"evs":[0.0,1.24366]},"87o":{"weight":1.0E-4,"played":[1.0,0.0],"evs":[0.0,-0.69719]},"97o":{"weight":1.0,"played":[1.0,0.0],"evs":[0.0,-0.96108]},"T7o":{"weight":1.0,"played":[1.0,0.0],"evs":[0.0,-1.21574]},"J7o":{"weight":0.9345,"played":[1.0,0.0],"evs":[0.0,-1.27963]},"Q7o":{"weight":0.0805,"played":[1.0,0.0],"evs":[0.0,-1.47652]},"K7o":{"weight":0.9966,"played":[1.0,0.0],"evs":[0.0,-1.27102]},"A7o":{"weight":0.0011,"played":[1.0,0.0],"evs":[0.0,-1.72259]},"82s":{"weight":0.0,"played":[0.9998,2.0E-4],"evs":[0.0,-0.9732]},"83s":{"weight":0.0,"played":[0.9992,8.0E-4],"evs":[0.0,-0.88168]},"84s":{"weight":0.9997,"played":[0.998,0.002],"evs":[0.0,-0.53417]},"85s":{"weight":0.0,"played":[0.9994,6.0E-4],"evs":[0.0,-0.41987]},"86s":{"weight":0.0,"played":[0.9966,0.0034],"evs":[0.0,-0.07049]},"87s":{"weight":0.0,"played":[0.2555,0.7445],"evs":[0.0,-0.01326]},"88":{"weight":0.8231,"played":[0.0,1.0],"evs":[0.0,1.8939]},"98o":{"weight":0.0,"played":[1.0,0.0],"evs":[0.0,-0.59405]},"T8o":{"weight":0.1344,"played":[0.9999,1.0E-4],"evs":[0.0,-0.81521]},"J8o":{"weight":1.0,"played":[1.0,0.0],"evs":[0.0,-0.93114]},"Q8o":{"weight":1.0,"played":[1.0,0.0],"evs":[0.0,-1.13074]},"K8o":{"weight":1.0,"played":[1.0,0.0],"evs":[0.0,-1.10116]},"A8o":{"weight":0.1419,"played":[1.0,0.0],"evs":[0.0,-1.69983]},"92s":{"weight":0.0,"played":[1.0,0.0],"evs":[0.0,-0.89283]},"93s":{"weight":1.0E-4,"played":[1.0,0.0],"evs":[0.0,-0.96427]},"94s":{"weight":0.0624,"played":[0.9996,4.0E-4],"evs":[0.0,-0.86903]},"95s":{"weight":0.9752,"played":[0.9999,1.0E-4],"evs":[0.0,-0.54922]},"96s":{"weight":0.0,"played":[0.9923,0.0077],"evs":[0.0,-0.27077]},"97s":{"weight":0.0,"played":[0.7563,0.2437],"evs":[0.0,-0.16869]},"98s":{"weight":0.0,"played":[0.0148,0.9852],"evs":[0.0,0.18507]},"99":{"weight":1.0,"played":[0.0,1.0],"evs":[0.0,2.76351]},"T9o":{"weight":0.0,"played":[0.9997,3.0E-4],"evs":[0.0,-0.56051]},"J9o":{"weight":0.0,"played":[0.9989,0.0011],"evs":[0.0,-0.62576]},"Q9o":{"weight":0.0142,"played":[1.0,0.0],"evs":[0.0,-0.88052]},"K9o":{"weight":0.0131,"played":[1.0,0.0],"evs":[0.0,-0.89769]},"A9o":{"weight":0.0,"played":[1.0,0.0],"evs":[0.0,-1.45835]},"T2s":{"weight":0.9999,"played":[1.0,0.0],"evs":[0.0,-1.01093]},"T3s":{"weight":1.0,"played":[0.9989,0.0011],"evs":[0.0,-0.72773]},"T4s":{"weight":1.0,"played":[1.0,0.0],"evs":[0.0,-0.70526]},"T5s":{"weight":1.0,"played":[1.0,0.0],"evs":[0.0,-0.6465]},"T6s":{"weight":0.0,"played":[1.0,0.0],"evs":[0.0,-0.47336]},"T7s":{"weight":0.0,"played":[0.9911,0.0089],"evs":[0.0,-0.36761]},"T8s":{"weight":0.0,"played":[0.9292,0.0708],"evs":[0.0,0.03687]},"T9s":{"weight":0.0,"played":[0.001,0.999],"evs":[0.0,0.26238]},"TT":{"weight":1.0,"played":[0.0,1.0],"evs":[0.0,3.70422]},"JTo":{"weight":0.0,"played":[1.0,0.0],"evs":[0.0,-0.40389]},"QTo":{"weight":0.0,"played":[1.0,0.0],"evs":[0.0,-0.70836]},"KTo":{"weight":0.0,"played":[0.9993,7.0E-4],"evs":[0.0,-0.74684]},"ATo":{"weight":0.0,"played":[1.0,0.0],"evs":[0.0,-0.62861]},"J2s":{"weight":1.0,"played":[1.0,0.0],"evs":[0.0,-0.64373]},"J3s":{"weight":0.9958,"played":[0.9998,2.0E-4],"evs":[0.0,-0.73761]},"J4s":{"weight":3.0E-4,"played":[0.9958,0.0042],"evs":[0.0,-0.59469]},"J5s":{"weight":0.0,"played":[0.9995,5.0E-4],"evs":[0.0,-0.52369]},"J6s":{"weight":0.0,"played":[1.0,0.0],"evs":[0.0,-0.51171]},"J7s":{"weight":0.0,"played":[0.9999,1.0E-4],"evs":[0.0,-0.51924]},"J8s":{"weight":0.0,"played":[0.9791,0.0209],"evs":[0.0,-0.02884]},"J9s":{"weight":0.0,"played":[0.0042,0.9958],"evs":[0.0,0.27615]},"JTs":{"weight":0.0,"played":[0.0046,0.9954],"evs":[0.0,0.38623]},"JJ":{"weight":1.0,"played":[0.0,1.0],"evs":[0.0,4.99805]},"QJo":{"weight":0.0,"played":[0.9998,2.0E-4],"evs":[0.0,-0.35928]},"KJo":{"weight":0.0,"played":[0.9983,0.0017],"evs":[0.0,-0.36808]},"AJo":{"weight":0.0,"played":[0.0,1.0],"evs":[0.0,0.26413]},"Q2s":{"weight":4.0E-4,"played":[0.9997,3.0E-4],"evs":[0.0,-0.75877]},"Q3s":{"weight":0.0,"played":[0.997,0.003],"evs":[0.0,-0.49014]},"Q4s":{"weight":0.0,"played":[0.9997,3.0E-4],"evs":[0.0,-0.63277]},"Q5s":{"weight":0.0,"played":[0.9998,2.0E-4],"evs":[0.0,-0.42115]},"Q6s":{"weight":0.0,"played":[0.9981,0.0019],"evs":[0.0,-0.45001]},"Q7s":{"weight":0.0,"played":[0.9973,0.0027],"evs":[0.0,-0.5053]},"Q8s":{"weight":0.0,"played":[0.9839,0.0161],"evs":[0.0,-0.45171]},"Q9s":{"weight":0.0,"played":[0.9998,2.0E-4],"evs":[0.0,-0.09245]},"QTs":{"weight":0.0,"played":[0.0302,0.9698],"evs":[0.0,0.09583]},"QJs":{"weight":0.0,"played":[8.0E-4,0.9992],"evs":[0.0,0.46933]},"QQ":{"weight":1.0,"played":[0.0,1.0],"evs":[0.0,6.36449]},"KQo":{"weight":0.0,"played":[0.9934,0.0066],"evs":[0.0,-0.03633]},"AQo":{"weight":0.9471,"played":[0.0,1.0],"evs":[0.0,1.47597]},"K2s":{"weight":0.0,"played":[0.9994,6.0E-4],"evs":[0.0,-0.49732]},"K3s":{"weight":0.0,"played":[0.9964,0.0036],"evs":[0.0,-0.42088]},"K4s":{"weight":0.0,"played":[0.9994,6.0E-4],"evs":[0.0,-0.31848]},"K5s":{"weight":0.0,"played":[0.998,0.002],"evs":[0.0,-0.3323]},"K6s":{"weight":0.0,"played":[0.952,0.048],"evs":[0.0,-0.20255]},"K7s":{"weight":0.0,"played":[1.0,0.0],"evs":[0.0,-0.45154]},"K8s":{"weight":0.0,"played":[0.8001,0.1999],"evs":[0.0,-0.11263]},"K9s":{"weight":0.0,"played":[0.0576,0.9424],"evs":[0.0,0.23816]},"KTs":{"weight":0.0,"played":[0.0018,0.9982],"evs":[0.0,0.36925]},"KJs":{"weight":0.0,"played":[3.0E-4,0.9997],"evs":[0.0,0.5468]},"KQs":{"weight":0.0,"played":[4.0E-4,0.9996],"evs":[0.0,0.66763]},"KK":{"weight":1.0,"played":[0.0,1.0],"evs":[0.0,8.30382]},"AKo":{"weight":0.9999,"played":[0.0,1.0],"evs":[0.0,2.85653]},"A2s":{"weight":0.0,"played":[0.9997,3.0E-4],"evs":[0.0,-0.75062]},"A3s":{"weight":0.0,"played":[0.9999,1.0E-4],"evs":[0.0,-0.80093]},"A4s":{"weight":0.0,"played":[0.9981,0.0019],"evs":[0.0,-0.48197]},"A5s":{"weight":0.0,"played":[0.9997,3.0E-4],"evs":[0.0,-0.37299]},"A6s":{"weight":0.0,"played":[0.9994,6.0E-4],"evs":[0.0,-1.01361]},"A7s":{"weight":0.0,"played":[1.0,0.0],"evs":[0.0,-0.81183]},"A8s":{"weight":0.6612,"played":[0.9997,3.0E-4],"evs":[0.0,-0.75974]},"A9s":{"weight":0.2775,"played":[0.9998,2.0E-4],"evs":[0.0,-0.5497]},"ATs":{"weight":1.0,"played":[0.0026,0.9974],"evs":[0.0,0.31181]},"AJs":{"weight":1.0,"played":[1.0E-4,0.9999],"evs":[0.0,1.13639]},"AQs":{"weight":1.0,"played":[0.0,1.0],"evs":[0.0,2.33643]},"AKs":{"weight":1.0,"played":[0.0,1.0],"evs":[0.0,3.37868]},"AA":{"weight":1.0,"played":[0.0,1.0],"evs":[0.0,10.71844]}}}