{"player":2,"street":0,"children":2,"sequence":[{"player":0,"type":"F","amount":0,"street":0},{"player":1,"type":"R","amount":51750000,"street":0}],"actions":[{"type":"F","amount":0,"node":77},{"type":"C","amount":12250000,"node":84}],"hands":{"22":{"weight":1.0,"played":[1.0,0.0],"evs":[0.0,-0.4844]},"32o":{"weight":1.0,"played":[1.0,0.0],"evs":[0.0,-1.82731]},"42o":{"weight":1.0,"played":[1.0,0.0],"evs":[0.0,-1.76088]},"52o":{"weight":1.0,"played":[1.0,0.0],"evs":[0.0,-1.68614]},"62o":{"weight":1.0,"played":[1.0,0.0],"evs":[0.0,-1.78235]},"72o":{"weight":1.0,"played":[1.0,0.0],"evs":[0.0,-1.86283]},"82o":{"weight":1.0,"played":[1.0,0.0],"evs":[0.0,-1.77003]},"92o":{"weight":1.0,"played":[1.0,0.0],"evs":[0.0,-1.72208]},"T2o":{"weight":1.0,"played":[1.0,0.0],"evs":[0.0,-1.58433]},"J2o":{"weight":1.0,"played":[1.0,0.0],"evs":[0.0,-1.42792]},"Q2o":{"weight":1.0,"played":[1.0,0.0],"evs":[0.0,-1.21886]},"K2o":{"weight":1.0,"played":[1.0,0.0],"evs":[0.0,-0.95415]},"A2o":{"weight":1.0,"played":[1.0,0.0],"evs":[0.0,-0.32761]},"32s":{"weight":1.0,"played":[1.0,0.0],"evs":[0.0,-1.40984]},"33":{"weight":1.0,"played":[1.0,0.0],"evs":[0.0,-0.31277]},"43o":{"weight":1.0,"played":[1.0,0.0],"evs":[0.0,-1.60412]},"53o":{"weight":1.0,"played":[1.0,0.0],"evs":[0.0,-1.51888]},"63o":{"weight":1.0,"played":[1.0,0.0],"evs":[0.0,-1.61196]},"73o":{"weight":1.0,"played":[1.0,0.0],"evs":[0.0,-1.69712]},"83o":{"weight":1.0,"played":[1.0,0.0],"evs":[0.0,-1.75032]},"93o":{"weight":1.0,"played":[1.0,0.0],"evs":[0.0,-1.67276]},"T3o":{"weight":1.0,"played":[1.0,0.0],"evs":[0.0,-1.53157]},"J3o":{"weight":1.0,"played":[1.0,0.0],"evs":[0.0,-1.37571]},"Q3o":{"weight":1.0,"played":[1.0,0.0],"evs":[0.0,-1.16428]},"K3o":{"weight":1.0,"played":[1.0,0.0],"evs":[0.0,-0.89818]},"A3o":{"weight":1.0,"played":[1.0,0.0],"evs":[0.0,-0.25241]},"42s":{"weight":1.0,"played":[1.0,0.0],"evs":[0.0,-1.34857]},"43s":{"weight":1.0,"played":[1.0,0.0],"evs":[0.0,-1.20214]},"44":{"weight":1.0,"played":[1.0,0.0],"evs":[0.0,-0.09458]},"54o":{"weight":1.0,"played":[1.0,0.0],"evs":[0.0,-1.35614]},"64o":{"weight":1.0,"played":[1.0,0.0],"evs":[0.0,-1.43686]},"74o":{"weight":1.0,"played":[1.0,0.0],"evs":[0.0,-1.51713]},"84o":{"weight":1.0,"played":[1.0,0.0],"evs":[0.0,-1.57133]},"94o":{"weight":1.0,"played":[1.0,0.0],"evs":[0.0,-1.63562]},"T4o":{"weight":1.0,"played":[1.0,0.0],"evs":[0.0,-1.46965]},"J4o":{"weight":1.0,"played":[1.0,0.0],"evs":[0.0,-1.30503]},"Q4o":{"weight":1.0,"played":[1.0,0.0],"evs":[0.0,-1.09116]},"K4o":{"weight":1.0,"played":[1.0,0.0],"evs":[0.0,-0.82155]},"A4o":{"weight":1.0,"played":[1.0,0.0],"evs":[0.0,-0.16477]},"52s":{"weight":1.0,"played":[1.0,0.0],"evs":[0.0,-1.27696]},"53s":{"weight":1.0,"played":[1.0,0.0],"evs":[0.0,-1.12091]},"54s":{"weight":1.0,"played":[1.0,0.0],"evs":[0.0,-0.96851]},"55":{"weight":1.0,"played":[0.0,1.0],"evs":[0.0,0.15595]},"65o":{"weight":1.0,"played":[1.0,0.0],"evs":[0.0,-1.26175]},"75o":{"weight":1.0,"played":[1.0,0.0],"evs":[0.0,-1.32704]},"85o":{"weight":1.0,"played":[1.0,0.0],"evs":[0.0,-1.37909]},"95o":{"weight":1.0,"played":[1.0,0.0],"evs":[0.0,-1.444]},"T5o":{"weight":1.0,"played":[1.0,0.0],"evs":[0.0,-1.41762]},"J5o":{"weight":1.0,"played":[1.0,0.0],"evs":[0.0,-1.2294]},"Q5o":{"weight":1.0,"played":[1.0,0.0],"evs":[0.0,-1.00787]},"K5o":{"weight":1.0,"played":[1.0,0.0],"evs":[0.0,-0.74032]},"A5o":{"weight":1.0,"played":[1.0,0.0],"evs":[0.0,-0.05927]},"62s":{"weight":1.0,"played":[1.0,0.0],"evs":[0.0,-1.361]},"63s":{"weight":1.0,"played":[1.0,0.0],"evs":[0.0,-1.20191]},"64s":{"weight":1.0,"played":[1.0,0.0],"evs":[0.0,-1.04234]},"65s":{"weight":1.0,"played":[1.0,0.0],"evs":[0.0,-0.87232]},"66":{"weight":1.0,"played":[0.0,1.0],"evs":[0.0,0.39166]},"76o":{"weight":1.0,"played":[1.0,0.0],"evs":[0.0,-1.1612]},"86o":{"weight":1.0,"played":[1.0,0.0],"evs":[0.0,-1.19999]},"96o":{"weight":1.0,"played":[1.0,0.0],"evs":[0.0,-1.25731]},"T6o":{"weight":1.0,"played":[1.0,0.0],"evs":[0.0,-1.22764]},"J6o":{"weight":1.0,"played":[1.0,0.0],"evs":[0.0,-1.16854]},"Q6o":{"weight":1.0,"played":[1.0,0.0],"evs":[0.0,-0.9225]},"K6o":{"weight":1.0,"played":[1.0,0.0],"evs":[0.0,-0.64663]},"A6o":{"weight":1.0,"played":[1.0,0.0],"evs":[0.0,-0.06701]},"72s":{"weight":1.0,"played":[1.0,0.0],"evs":[0.0,-1.43526]},"73s":{"weight":1.0,"played":[1.0,0.0],"evs":[0.0,-1.28475]},"74s":{"weight":1.0,"played":[1.0,0.0],"evs":[0.0,-1.11164]},"75s":{"weight":1.0,"played":[1.0,0.0],"evs":[0.0,-0.93511]},"76s":{"weight":1.0,"played":[1.0,0.0],"evs":[0.0,-0.77507]},"77":{"weight":1.0,"played":[0.0,1.0],"evs":[0.0,0.64587]},"87o":{"weight":1.0,"played":[1.0,0.0],"evs":[0.0,-1.04568]},"97o":{"weight":1.0,"played":[1.0,0.0],"evs":[0.0,-1.10141]},"T7o":{"weight":1.0,"played":[1.0,0.0],"evs":[0.0,-1.06486]},"J7o":{"weight":1.0,"played":[1.0,0.0],"evs":[0.0,-1.00615]},"Q7o":{"weight":1.0,"played":[1.0,0.0],"evs":[0.0,-0.88861]},"K7o":{"weight":1.0,"played":[1.0,0.0],"evs":[0.0,-0.58206]},"A7o":{"weight":1.0,"played":[0.0,1.0],"evs":[0.0,0.10245]},"82s":{"weight":1.0,"played":[1.0,0.0],"evs":[0.0,-1.34762]},"83s":{"weight":1.0,"played":[1.0,0.0],"evs":[0.0,-1.33179]},"84s":{"weight":1.0,"played":[1.0,0.0],"evs":[0.0,-1.1653]},"85s":{"weight":1.0,"played":[1.0,0.0],"evs":[0.0,-0.98131]},"86s":{"weight":1.0,"played":[1.0,0.0],"evs":[0.0,-0.81113]},"87s":{"weight":1.0,"played":[1.0,0.0],"evs":[0.0,-0.6673]},"88":{"weight":1.0,"played":[0.0,1.0],"evs":[0.0,0.94914]},"98o":{"weight":1.0,"played":[1.0,0.0],"evs":[0.0,-0.92107]},"T8o":{"weight":1.0,"played":[1.0,0.0],"evs":[0.0,-0.85639]},"J8o":{"weight":1.0,"played":[1.0,0.0],"evs":[0.0,-0.80637]},"Q8o":{"weight":1.0,"played":[1.0,0.0],"evs":[0.0,-0.68227]},"K8o":{"weight":1.0,"played":[1.0,0.0],"evs":[0.0,-0.49664]},"A8o":{"weight":1.0,"played":[0.0,1.0],"evs":[0.0,0.29536]},"92s":{"weight":1.0,"played":[1.0,0.0],"evs":[0.0,-1.30458]},"93s":{"weight":1.0,"played":[1.0,0.0],"evs":[0.0,-1.25229]},"94s":{"weight":1.0,"played":[1.0,0.0],"evs":[0.0,-1.22273]},"95s":{"weight":1.0,"played":[1.0,0.0],"evs":[0.0,-1.04371]},"96s":{"weight":1.0,"played":[1.0,0.0],"evs":[0.0,-0.86447]},"97s":{"weight":1.0,"played":[1.0,0.0],"evs":[0.0,-0.71406]},"98s":{"weight":1.0,"played":[1.0,0.0],"evs":[0.0,-0.55282]},"99":{"weight":1.0,"played":[0.0,1.0],"evs":[0.0,1.33462]},"T9o":{"weight":1.0,"played":[1.0,0.0],"evs":[0.0,-0.68612]},"J9o":{"weight":1.0,"played":[1.0,0.0],"evs":[0.0,-0.6269]},"Q9o":{"weight":1.0,"played":[1.0,0.0],"evs":[0.0,-0.48119]},"K9o":{"weight":1.0,"played":[1.0,0.0],"evs":[0.0,-0.25908]},"A9o":{"weight":1.0,"played":[0.0,1.0],"evs":[0.0,0.53209]},"T2s":{"weight":1.0,"played":[1.0,0.0],"evs":[0.0,-1.16962]},"T3s":{"weight":1.0,"played":[1.0,0.0],"evs":[0.0,-1.12356]},"T4s":{"weight":1.0,"played":[1.0,0.0],"evs":[0.0,-1.05972]},"T5s":{"weight":1.0,"played":[1.0,0.0],"evs":[0.0,-1.01517]},"T6s":{"weight":1.0,"played":[1.0,0.0],"evs":[0.0,-0.84189]},"T7s":{"weight":1.0,"played":[1.0,0.0],"evs":[0.0,-0.68424]},"T8s":{"weight":1.0,"played":[1.0,0.0],"evs":[0.0,-0.49283]},"T9s":{"weight":1.0,"played":[1.0,0.0],"evs":[0.0,-0.33187]},"TT":{"weight":1.0,"played":[0.0,1.0],"evs":[0.0,1.81353]},"JTo":{"weight":1.0,"played":[1.0,0.0],"evs":[0.0,-0.31381]},"QTo":{"weight":1.0,"played":[1.0,0.0],"evs":[0.0,-0.1572]},"KTo":{"weight":1.0,"played":[0.0,1.0],"evs":[0.0,0.08807]},"ATo":{"weight":1.0,"played":[0.0,1.0],"evs":[0.0,0.93607]},"J2s":{"weight":1.0,"played":[1.0,0.0],"evs":[0.0,-1.01634]},"J3s":{"weight":1.0,"played":[1.0,0.0],"evs":[0.0,-0.97317]},"J4s":{"weight":1.0,"played":[1.0,0.0],"evs":[0.0,-0.90748]},"J5s":{"weight":1.0,"played":[1.0,0.0],"evs":[0.0,-0.83595]},"J6s":{"weight":1.0,"played":[1.0,0.0],"evs":[0.0,-0.77532]},"J7s":{"weight":1.0,"played":[1.0,0.0],"evs":[0.0,-0.62342]},"J8s":{"weight":1.0,"played":[1.0,0.0],"evs":[0.0,-0.43606]},"J9s":{"weight":1.0,"played":[1.0,0.0],"evs":[0.0,-0.27501]},"JTs":{"weight":1.0,"played":[0.0,1.0],"evs":[0.0,0.01999]},"JJ":{"weight":1.0,"played":[0.0,1.0],"evs":[0.0,2.23707]},"QJo":{"weight":1.0,"played":[0.3082,0.6918],"evs":[0.0,-1.6E-4]},"KJo":{"weight":1.0,"played":[0.0,1.0],"evs":[0.0,0.26635]},"AJo":{"weight":1.0,"played":[0.0,1.0],"evs":[0.0,1.17181]},"Q2s":{"weight":1.0,"played":[1.0,0.0],"evs":[0.0,-0.80652]},"Q3s":{"weight":1.0,"played":[1.0,0.0],"evs":[0.0,-0.7598]},"Q4s":{"weight":1.0,"played":[1.0,0.0],"evs":[0.0,-0.69342]},"Q5s":{"weight":1.0,"played":[1.0,0.0],"evs":[0.0,-0.61632]},"Q6s":{"weight":1.0,"played":[1.0,0.0],"evs":[0.0,-0.53511]},"Q7s":{"weight":1.0,"played":[1.0,0.0],"evs":[0.0,-0.50622]},"Q8s":{"weight":1.0,"played":[1.0,0.0],"evs":[0.0,-0.316]},"Q9s":{"weight":1.0,"played":[1.0,0.0],"evs":[0.0,-0.12602]},"QTs":{"weight":1.0,"played":[0.0,1.0],"evs":[0.0,0.17361]},"QJs":{"weight":1.0,"played":[0.0,1.0],"evs":[0.0,0.32331]},"QQ":{"weight":1.0,"played":[0.0,1.0],"evs":[0.0,2.65973]},"KQo":{"weight":1.0,"played":[0.0,1.0],"evs":[0.0,0.49212]},"AQo":{"weight":1.0,"played":[0.0,1.0],"evs":[0.0,1.37907]},"K2s":{"weight":1.0,"played":[1.0,0.0],"evs":[0.0,-0.55105]},"K3s":{"weight":1.0,"played":[1.0,0.0],"evs":[0.0,-0.49907]},"K4s":{"weight":1.0,"played":[1.0,0.0],"evs":[0.0,-0.42786]},"K5s":{"weight":1.0,"played":[1.0,0.0],"evs":[0.0,-0.35024]},"K6s":{"weight":1.0,"played":[1.0,0.0],"evs":[0.0,-0.26809]},"K7s":{"weight":1.0,"played":[1.0,0.0],"evs":[0.0,-0.20924]},"K8s":{"weight":1.0,"played":[1.0,0.0],"evs":[0.0,-0.12596]},"K9s":{"weight":1.0,"played":[0.0,1.0],"evs":[0.0,0.08909]},"KTs":{"weight":1.0,"played":[0.0,1.0],"evs":[0.0,0.42094]},"KJs":{"weight":1.0,"played":[0.0,1.0],"evs":[0.0,0.57788]},"KQs":{"weight":1.0,"played":[0.0,1.0],"evs":[0.0,0.78925]},"KK":{"weight":1.0,"played":[0.0,1.0],"evs":[0.0,3.15187]},"AKo":{"weight":1.0,"played":[0.0,1.0],"evs":[0.0,1.59937]},"A2s":{"weight":1.0,"played":[0.0,1.0],"evs":[0.0,0.04454]},"A3s":{"weight":1.0,"played":[0.0,1.0],"evs":[0.0,0.11571]},"A4s":{"weight":1.0,"played":[0.0,1.0],"evs":[0.0,0.19408]},"A5s":{"weight":1.0,"played":[0.0,1.0],"evs":[0.0,0.29532]},"A6s":{"weight":1.0,"played":[0.0,1.0],"evs":[0.0,0.28646]},"A7s":{"weight":1.0,"played":[0.0,1.0],"evs":[0.0,0.44655]},"A8s":{"weight":1.0,"played":[0.0,1.0],"evs":[0.0,0.62159]},"A9s":{"weight":1.0,"played":[0.0,1.0],"evs":[0.0,0.84117]},"ATs":{"weight":1.0,"played":[0.0,1.0],"evs":[0.0,1.22408]},"AJs":{"weight":1.0,"played":[0.0,1.0],"evs":[0.0,1.43983]},"AQs":{"weight":1.0,"played":[0.0,1.0],"evs":[0.0,1.63384]},"AKs":{"weight":1.0,"played":[0.0,1.0],"evs":[0.0,1.83993]},"AA":{"weight":1.0,"played":[0.0,1.0],"evs":[0.0,4.09142]}}}