{"player":5,"street":0,"children":2,"sequence":[{"player":0,"type":"F","amount":0,"street":0},{"player":1,"type":"R","amount":51750000,"street":0},{"player":2,"type":"F","amount":0,"street":0},{"player":3,"type":"F","amount":0,"street":0},{"player":4,"type":"C","amount":16750000,"street":0}],"actions":[{"type":"F","amount":0},{"type":"C","amount":46750000}],"hands":{"22":{"weight":1.0,"played":[1.0,0.0],"evs":[0.0,-1.42458]},"32o":{"weight":1.0,"played":[1.0,0.0],"evs":[0.0,-4.87774]},"42o":{"weight":1.0,"played":[1.0,0.0],"evs":[0.0,-4.70698]},"52o":{"weight":1.0,"played":[1.0,0.0],"evs":[0.0,-4.52767]},"62o":{"weight":1.0,"played":[1.0,0.0],"evs":[0.0,-4.72589]},"72o":{"weight":1.0,"played":[1.0,0.0],"evs":[0.0,-4.86915]},"82o":{"weight":1.0,"played":[1.0,0.0],"evs":[0.0,-4.65313]},"92o":{"weight":1.0,"played":[1.0,0.0],"evs":[0.0,-4.54733]},"T2o":{"weight":1.0,"played":[1.0,0.0],"evs":[0.0,-4.22617]},"J2o":{"weight":1.0,"played":[1.0,0.0],"evs":[0.0,-3.83076]},"Q2o":{"weight":1.0,"played":[1.0,0.0],"evs":[0.0,-3.34088]},"K2o":{"weight":1.0,"played":[1.0,0.0],"evs":[0.0,-2.70047]},"A2o":{"weight":1.0,"played":[1.0,0.0],"evs":[0.0,-1.32895]},"32s":{"weight":1.0,"played":[1.0,0.0],"evs":[0.0,-3.96733]},"33":{"weight":1.0,"played":[1.0,0.0],"evs":[0.0,-0.95916]},"43o":{"weight":1.0,"played":[1.0,0.0],"evs":[0.0,-4.36097]},"53o":{"weight":1.0,"played":[1.0,0.0],"evs":[0.0,-4.15813]},"63o":{"weight":1.0,"played":[1.0,0.0],"evs":[0.0,-4.34148]},"73o":{"weight":1.0,"played":[1.0,0.0],"evs":[0.0,-4.50452]},"83o":{"weight":1.0,"played":[1.0,0.0],"evs":[0.0,-4.59506]},"93o":{"weight":1.0,"played":[1.0,0.0],"evs":[0.0,-4.42318]},"T3o":{"weight":1.0,"played":[1.0,0.0],"evs":[0.0,-4.11409]},"J3o":{"weight":1.0,"played":[1.0,0.0],"evs":[0.0,-3.71333]},"Q3o":{"weight":1.0,"played":[1.0,0.0],"evs":[0.0,-3.21579]},"K3o":{"weight":1.0,"played":[1.0,0.0],"evs":[0.0,-2.56436]},"A3o":{"weight":1.0,"played":[1.0,0.0],"evs":[0.0,-1.14502]},"42s":{"weight":1.0,"played":[1.0,0.0],"evs":[0.0,-3.827]},"43s":{"weight":1.0,"played":[1.0,0.0],"evs":[0.0,-3.48512]},"44":{"weight":1.0,"played":[1.0,0.0],"evs":[0.0,-0.39084]},"54o":{"weight":1.0,"played":[1.0,0.0],"evs":[0.0,-3.76108]},"64o":{"weight":1.0,"played":[1.0,0.0],"evs":[0.0,-3.92301]},"74o":{"weight":1.0,"played":[1.0,0.0],"evs":[0.0,-4.07748]},"84o":{"weight":1.0,"played":[1.0,0.0],"evs":[0.0,-4.16825]},"94o":{"weight":1.0,"played":[1.0,0.0],"evs":[0.0,-4.32642]},"T4o":{"weight":1.0,"played":[1.0,0.0],"evs":[0.0,-3.94103]},"J4o":{"weight":1.0,"played":[1.0,0.0],"evs":[0.0,-3.51575]},"Q4o":{"weight":1.0,"played":[1.0,0.0],"evs":[0.0,-3.01482]},"K4o":{"weight":1.0,"played":[1.0,0.0],"evs":[0.0,-2.38056]},"A4o":{"weight":1.0,"played":[1.0,0.0],"evs":[0.0,-0.93734]},"52s":{"weight":1.0,"played":[1.0,0.0],"evs":[0.0,-3.64817]},"53s":{"weight":1.0,"played":[1.0,0.0],"evs":[0.0,-3.29265]},"54s":{"weight":1.0,"played":[1.0,0.0],"evs":[0.0,-2.91478]},"55":{"weight":1.0,"played":[0.0,1.0],"evs":[0.0,0.25606]},"65o":{"weight":1.0,"played":[1.0,0.0],"evs":[0.0,-3.51016]},"75o":{"weight":1.0,"played":[1.0,0.0],"evs":[0.0,-3.64499]},"85o":{"weight":1.0,"played":[1.0,0.0],"evs":[0.0,-3.7305]},"95o":{"weight":1.0,"played":[1.0,0.0],"evs":[0.0,-3.86818]},"T5o":{"weight":1.0,"played":[1.0,0.0],"evs":[0.0,-3.80085]},"J5o":{"weight":1.0,"played":[1.0,0.0],"evs":[0.0,-3.31744]},"Q5o":{"weight":1.0,"played":[1.0,0.0],"evs":[0.0,-2.81846]},"K5o":{"weight":1.0,"played":[1.0,0.0],"evs":[0.0,-2.16448]},"A5o":{"weight":1.0,"played":[1.0,0.0],"evs":[0.0,-0.66379]},"62s":{"weight":1.0,"played":[1.0,0.0],"evs":[0.0,-3.79992]},"63s":{"weight":1.0,"played":[1.0,0.0],"evs":[0.0,-3.45397]},"64s":{"weight":1.0,"played":[1.0,0.0],"evs":[0.0,-3.06991]},"65s":{"weight":1.0,"played":[1.0,0.0],"evs":[0.0,-2.67383]},"66":{"weight":1.0,"played":[0.0,1.0],"evs":[0.0,0.81576]},"76o":{"weight":1.0,"played":[1.0,0.0],"evs":[0.0,-3.25321]},"86o":{"weight":1.0,"played":[1.0,0.0],"evs":[0.0,-3.32997]},"96o":{"weight":1.0,"played":[1.0,0.0],"evs":[0.0,-3.44187]},"T6o":{"weight":1.0,"played":[1.0,0.0],"evs":[0.0,-3.37347]},"J6o":{"weight":1.0,"played":[1.0,0.0],"evs":[0.0,-3.16733]},"Q6o":{"weight":1.0,"played":[1.0,0.0],"evs":[0.0,-2.60996]},"K6o":{"weight":1.0,"played":[1.0,0.0],"evs":[0.0,-1.93341]},"A6o":{"weight":1.0,"played":[1.0,0.0],"evs":[0.0,-0.6351]},"72s":{"weight":1.0,"played":[1.0,0.0],"evs":[0.0,-3.9644]},"73s":{"weight":1.0,"played":[1.0,0.0],"evs":[0.0,-3.60309]},"74s":{"weight":1.0,"played":[1.0,0.0],"evs":[0.0,-3.20553]},"75s":{"weight":1.0,"played":[1.0,0.0],"evs":[0.0,-2.79864]},"76s":{"weight":1.0,"played":[1.0,0.0],"evs":[0.0,-2.42554]},"77":{"weight":1.0,"played":[0.0,1.0],"evs":[0.0,1.41646]},"87o":{"weight":1.0,"played":[1.0,0.0],"evs":[0.0,-2.95123]},"97o":{"weight":1.0,"played":[1.0,0.0],"evs":[0.0,-3.07024]},"T7o":{"weight":1.0,"played":[1.0,0.0],"evs":[0.0,-2.98341]},"J7o":{"weight":1.0,"played":[1.0,0.0],"evs":[0.0,-2.7868]},"Q7o":{"weight":1.0,"played":[1.0,0.0],"evs":[0.0,-2.51078]},"K7o":{"weight":1.0,"played":[1.0,0.0],"evs":[0.0,-1.77199]},"A7o":{"weight":1.0,"played":[1.0,0.0],"evs":[0.0,-0.21919]},"82s":{"weight":1.0,"played":[1.0,0.0],"evs":[0.0,-3.72828]},"83s":{"weight":1.0,"played":[1.0,0.0],"evs":[0.0,-3.69719]},"84s":{"weight":1.0,"played":[1.0,0.0],"evs":[0.0,-3.31933]},"85s":{"weight":1.0,"played":[1.0,0.0],"evs":[0.0,-2.89085]},"86s":{"weight":1.0,"played":[1.0,0.0],"evs":[0.0,-2.50871]},"87s":{"weight":1.0,"played":[1.0,0.0],"evs":[0.0,-2.14814]},"88":{"weight":1.0,"played":[0.0,1.0],"evs":[0.0,2.10273]},"98o":{"weight":1.0,"played":[1.0,0.0],"evs":[0.0,-2.65715]},"T8o":{"weight":1.0,"played":[1.0,0.0],"evs":[0.0,-2.50113]},"J8o":{"weight":1.0,"played":[1.0,0.0],"evs":[0.0,-2.33903]},"Q8o":{"weight":1.0,"played":[1.0,0.0],"evs":[0.0,-2.03139]},"K8o":{"weight":1.0,"played":[1.0,0.0],"evs":[0.0,-1.55809]},"A8o":{"weight":1.0,"played":[0.0,1.0],"evs":[0.0,0.22764]},"92s":{"weight":1.0,"played":[1.0,0.0],"evs":[0.0,-3.63862]},"93s":{"weight":1.0,"played":[1.0,0.0],"evs":[0.0,-3.51665]},"94s":{"weight":1.0,"played":[1.0,0.0],"evs":[0.0,-3.43898]},"95s":{"weight":1.0,"played":[1.0,0.0],"evs":[0.0,-3.00807]},"96s":{"weight":1.0,"played":[1.0,0.0],"evs":[0.0,-2.60178]},"97s":{"weight":1.0,"played":[1.0,0.0],"evs":[0.0,-2.25544]},"98s":{"weight":1.0,"played":[1.0,0.0],"evs":[0.0,-1.87842]},"99":{"weight":1.0,"played":[0.0,1.0],"evs":[0.0,2.93186]},"T9o":{"weight":1.0,"played":[1.0,0.0],"evs":[0.0,-2.15216]},"J9o":{"weight":1.0,"played":[1.0,0.0],"evs":[0.0,-1.96697]},"Q9o":{"weight":1.0,"played":[1.0,0.0],"evs":[0.0,-1.60558]},"K9o":{"weight":1.0,"played":[1.0,0.0],"evs":[0.0,-0.99953]},"A9o":{"weight":1.0,"played":[0.0,1.0],"evs":[0.0,0.72823]},"T2s":{"weight":1.0,"played":[1.0,0.0],"evs":[0.0,-3.33347]},"T3s":{"weight":1.0,"played":[1.0,0.0],"evs":[0.0,-3.2092]},"T4s":{"weight":1.0,"played":[1.0,0.0],"evs":[0.0,-3.08429]},"T5s":{"weight":1.0,"played":[1.0,0.0],"evs":[0.0,-2.96172]},"T6s":{"weight":1.0,"played":[1.0,0.0],"evs":[0.0,-2.54597]},"T7s":{"weight":1.0,"played":[1.0,0.0],"evs":[0.0,-2.18364]},"T8s":{"weight":1.0,"played":[1.0,0.0],"evs":[0.0,-1.71976]},"T9s":{"weight":1.0,"played":[1.0,0.0],"evs":[0.0,-1.39793]},"TT":{"weight":1.0,"played":[0.0,1.0],"evs":[0.0,3.85148]},"JTo":{"weight":1.0,"played":[1.0,0.0],"evs":[0.0,-1.33895]},"QTo":{"weight":1.0,"played":[1.0,0.0],"evs":[0.0,-0.92875]},"KTo":{"weight":1.0,"played":[1.0,0.0],"evs":[0.0,-0.29321]},"ATo":{"weight":1.0,"played":[0.0,1.0],"evs":[0.0,1.5137]},"J2s":{"weight":1.0,"played":[1.0,0.0],"evs":[0.0,-2.95608]},"J3s":{"weight":1.0,"played":[1.0,0.0],"evs":[0.0,-2.85308]},"J4s":{"weight":1.0,"played":[1.0,0.0],"evs":[0.0,-2.64975]},"J5s":{"weight":1.0,"played":[1.0,0.0],"evs":[0.0,-2.46988]},"J6s":{"weight":1.0,"played":[1.0,0.0],"evs":[0.0,-2.35129]},"J7s":{"weight":1.0,"played":[1.0,0.0],"evs":[0.0,-1.98552]},"J8s":{"weight":1.0,"played":[1.0,0.0],"evs":[0.0,-1.54937]},"J9s":{"weight":1.0,"played":[1.0,0.0],"evs":[0.0,-1.22316]},"JTs":{"weight":1.0,"played":[1.0,0.0],"evs":[0.0,-0.63394]},"JJ":{"weight":1.0,"played":[0.0,1.0],"evs":[0.0,4.66835]},"QJo":{"weight":1.0,"played":[1.0,0.0],"evs":[0.0,-0.55912]},"KJo":{"weight":1.0,"played":[2.0E-4,0.9998],"evs":[0.0,0.09759]},"AJo":{"weight":1.0,"played":[0.0,1.0],"evs":[0.0,1.93388]},"Q2s":{"weight":1.0,"played":[1.0,0.0],"evs":[0.0,-2.47321]},"Q3s":{"weight":1.0,"played":[1.0,0.0],"evs":[0.0,-2.35081]},"Q4s":{"weight":1.0,"played":[1.0,0.0],"evs":[0.0,-2.18592]},"Q5s":{"weight":1.0,"played":[1.0,0.0],"evs":[0.0,-1.98808]},"Q6s":{"weight":1.0,"played":[1.0,0.0],"evs":[0.0,-1.78255]},"Q7s":{"weight":1.0,"played":[1.0,0.0],"evs":[0.0,-1.69946]},"Q8s":{"weight":1.0,"played":[1.0,0.0],"evs":[0.0,-1.26461]},"Q9s":{"weight":1.0,"played":[1.0,0.0],"evs":[0.0,-0.87322]},"QTs":{"weight":1.0,"played":[1.0,0.0],"evs":[0.0,-0.22879]},"QJs":{"weight":1.0,"played":[0.0,1.0],"evs":[0.0,0.13435]},"QQ":{"weight":1.0,"played":[0.0,1.0],"evs":[0.0,5.47101]},"KQo":{"weight":1.0,"played":[0.0,1.0],"evs":[0.0,0.53648]},"AQo":{"weight":1.0,"played":[0.0,1.0],"evs":[0.0,2.28515]},"K2s":{"weight":1.0,"played":[1.0,0.0],"evs":[0.0,-1.85043]},"K3s":{"weight":1.0,"played":[1.0,0.0],"evs":[0.0,-1.73722]},"K4s":{"weight":1.0,"played":[1.0,0.0],"evs":[0.0,-1.52832]},"K5s":{"weight":1.0,"played":[1.0,0.0],"evs":[0.0,-1.35295]},"K6s":{"weight":1.0,"played":[1.0,0.0],"evs":[0.0,-1.15859]},"K7s":{"weight":1.0,"played":[1.0,0.0],"evs":[0.0,-0.9723]},"K8s":{"weight":1.0,"played":[1.0,0.0],"evs":[0.0,-0.78785]},"K9s":{"weight":1.0,"played":[1.0,0.0],"evs":[0.0,-0.26371]},"KTs":{"weight":1.0,"played":[0.0,1.0],"evs":[0.0,0.39144]},"KJs":{"weight":1.0,"played":[0.0,1.0],"evs":[0.0,0.74343]},"KQs":{"weight":1.0,"played":[0.0,1.0],"evs":[0.0,1.18568]},"KK":{"weight":1.0,"played":[0.0,1.0],"evs":[0.0,6.34109]},"AKo":{"weight":1.0,"played":[0.0,1.0],"evs":[0.0,2.61168]},"A2s":{"weight":1.0,"played":[1.0,0.0],"evs":[0.0,-0.53031]},"A3s":{"weight":1.0,"played":[1.0,0.0],"evs":[0.0,-0.36904]},"A4s":{"weight":1.0,"played":[0.9999,1.0E-4],"evs":[0.0,-0.16742]},"A5s":{"weight":1.0,"played":[2.0E-4,0.9998],"evs":[0.0,0.0802]},"A6s":{"weight":1.0,"played":[1.0E-4,0.9999],"evs":[0.0,0.09919]},"A7s":{"weight":1.0,"played":[0.0,1.0],"evs":[0.0,0.50593]},"A8s":{"weight":1.0,"played":[0.0,1.0],"evs":[0.0,0.92093]},"A9s":{"weight":1.0,"played":[0.0,1.0],"evs":[0.0,1.38028]},"ATs":{"weight":1.0,"played":[0.0,1.0],"evs":[0.0,2.09614]},"AJs":{"weight":1.0,"played":[0.0,1.0],"evs":[0.0,2.49124]},"AQs":{"weight":1.0,"played":[0.0,1.0],"evs":[0.0,2.83059]},"AKs":{"weight":1.0,"played":[0.0,1.0],"evs":[0.0,3.11489]},"AA":{"weight":1.0,"played":[0.0,1.0],"evs":[0.0,8.01267]}}}