{"player":5,"street":0,"children":2,"sequence":[{"player":0,"type":"F","amount":0,"street":0},{"player":1,"type":"R","amount":51750000,"street":0},{"player":2,"type":"C","amount":12250000,"street":0},{"player":3,"type":"C","amount":51750000,"street":0},{"player":4,"type":"C","amount":16750000,"street":0}],"actions":[{"type":"F","amount":0},{"type":"C","amount":46750000}],"hands":{"22":{"weight":1.0,"played":[1.0,0.0],"evs":[0.0,-2.12709]},"32o":{"weight":1.0,"played":[1.0,0.0],"evs":[0.0,-3.95973]},"42o":{"weight":1.0,"played":[1.0,0.0],"evs":[0.0,-3.99583]},"52o":{"weight":1.0,"played":[1.0,0.0],"evs":[0.0,-3.70972]},"62o":{"weight":1.0,"played":[1.0,0.0],"evs":[0.0,-4.02076]},"72o":{"weight":1.0,"played":[1.0,0.0],"evs":[0.0,-4.62582]},"82o":{"weight":1.0,"played":[1.0,0.0],"evs":[0.0,-4.49142]},"92o":{"weight":1.0,"played":[1.0,0.0],"evs":[0.0,-4.61269]},"T2o":{"weight":1.0,"played":[1.0,0.0],"evs":[0.0,-4.34081]},"J2o":{"weight":1.0,"played":[1.0,0.0],"evs":[0.0,-4.29593]},"Q2o":{"weight":1.0,"played":[1.0,0.0],"evs":[0.0,-3.93258]},"K2o":{"weight":1.0,"played":[1.0,0.0],"evs":[0.0,-4.01734]},"A2o":{"weight":1.0,"played":[1.0,0.0],"evs":[0.0,-4.1332]},"32s":{"weight":1.0,"played":[1.0,0.0],"evs":[0.0,-2.87618]},"33":{"weight":1.0,"played":[1.0,0.0],"evs":[0.0,-1.92106]},"43o":{"weight":1.0,"played":[1.0,0.0],"evs":[0.0,-3.4653]},"53o":{"weight":1.0,"played":[1.0,0.0],"evs":[0.0,-3.42048]},"63o":{"weight":1.0,"played":[1.0,0.0],"evs":[0.0,-3.56884]},"73o":{"weight":1.0,"played":[1.0,0.0],"evs":[0.0,-3.99975]},"83o":{"weight":1.0,"played":[1.0,0.0],"evs":[0.0,-4.44702]},"93o":{"weight":1.0,"played":[1.0,0.0],"evs":[0.0,-4.24123]},"T3o":{"weight":1.0,"played":[1.0,0.0],"evs":[0.0,-4.15856]},"J3o":{"weight":1.0,"played":[1.0,0.0],"evs":[0.0,-4.16572]},"Q3o":{"weight":1.0,"played":[1.0,0.0],"evs":[0.0,-3.74434]},"K3o":{"weight":1.0,"played":[1.0,0.0],"evs":[0.0,-3.73171]},"A3o":{"weight":1.0,"played":[1.0,0.0],"evs":[0.0,-3.93226]},"42s":{"weight":1.0,"played":[1.0,0.0],"evs":[0.0,-2.7933]},"43s":{"weight":1.0,"played":[1.0,0.0],"evs":[0.0,-2.53271]},"44":{"weight":1.0,"played":[1.0,0.0],"evs":[0.0,-1.42331]},"54o":{"weight":1.0,"played":[1.0,0.0],"evs":[0.0,-2.9105]},"64o":{"weight":1.0,"played":[1.0,0.0],"evs":[0.0,-3.07525]},"74o":{"weight":1.0,"played":[1.0,0.0],"evs":[0.0,-3.46918]},"84o":{"weight":1.0,"played":[1.0,0.0],"evs":[0.0,-3.9028]},"94o":{"weight":1.0,"played":[1.0,0.0],"evs":[0.0,-4.38546]},"T4o":{"weight":1.0,"played":[1.0,0.0],"evs":[0.0,-4.19032]},"J4o":{"weight":1.0,"played":[1.0,0.0],"evs":[0.0,-3.83981]},"Q4o":{"weight":1.0,"played":[1.0,0.0],"evs":[0.0,-3.70188]},"K4o":{"weight":1.0,"played":[1.0,0.0],"evs":[0.0,-3.62207]},"A4o":{"weight":1.0,"played":[1.0,0.0],"evs":[0.0,-3.76066]},"52s":{"weight":1.0,"played":[1.0,0.0],"evs":[0.0,-2.54073]},"53s":{"weight":1.0,"played":[1.0,0.0],"evs":[0.0,-2.28463]},"54s":{"weight":1.0,"played":[1.0,0.0],"evs":[0.0,-1.78497]},"55":{"weight":1.0,"played":[1.0,0.0],"evs":[0.0,-1.21391]},"65o":{"weight":1.0,"played":[1.0,0.0],"evs":[0.0,-2.61231]},"75o":{"weight":1.0,"played":[1.0,0.0],"evs":[0.0,-2.97541]},"85o":{"weight":1.0,"played":[1.0,0.0],"evs":[0.0,-3.50835]},"95o":{"weight":1.0,"played":[1.0,0.0],"evs":[0.0,-3.9606]},"T5o":{"weight":1.0,"played":[1.0,0.0],"evs":[0.0,-4.04825]},"J5o":{"weight":1.0,"played":[1.0,0.0],"evs":[0.0,-3.68348]},"Q5o":{"weight":1.0,"played":[1.0,0.0],"evs":[0.0,-3.54428]},"K5o":{"weight":1.0,"played":[1.0,0.0],"evs":[0.0,-3.41545]},"A5o":{"weight":1.0,"played":[1.0,0.0],"evs":[0.0,-3.41948]},"62s":{"weight":1.0,"played":[1.0,0.0],"evs":[0.0,-2.98848]},"63s":{"weight":1.0,"played":[1.0,0.0],"evs":[0.0,-2.36696]},"64s":{"weight":1.0,"played":[1.0,0.0],"evs":[0.0,-2.00289]},"65s":{"weight":1.0,"played":[1.0,0.0],"evs":[0.0,-1.88186]},"66":{"weight":1.0,"played":[0.9998,2.0E-4],"evs":[0.0,-1.16463]},"76o":{"weight":1.0,"played":[1.0,0.0],"evs":[0.0,-2.64661]},"86o":{"weight":1.0,"played":[1.0,0.0],"evs":[0.0,-3.0976]},"96o":{"weight":1.0,"played":[1.0,0.0],"evs":[0.0,-3.45154]},"T6o":{"weight":1.0,"played":[1.0,0.0],"evs":[0.0,-3.70726]},"J6o":{"weight":1.0,"played":[1.0,0.0],"evs":[0.0,-3.78146]},"Q6o":{"weight":1.0,"played":[1.0,0.0],"evs":[0.0,-3.38567]},"K6o":{"weight":1.0,"played":[1.0,0.0],"evs":[0.0,-3.40479]},"A6o":{"weight":1.0,"played":[1.0,0.0],"evs":[0.0,-4.0527]},"72s":{"weight":1.0,"played":[1.0,0.0],"evs":[0.0,-3.38282]},"73s":{"weight":1.0,"played":[1.0,0.0],"evs":[0.0,-2.84684]},"74s":{"weight":1.0,"played":[1.0,0.0],"evs":[0.0,-2.40889]},"75s":{"weight":1.0,"played":[1.0,0.0],"evs":[0.0,-1.9271]},"76s":{"weight":1.0,"played":[0.9997,3.0E-4],"evs":[0.0,-1.54702]},"77":{"weight":1.0,"played":[0.9984,0.0016],"evs":[0.0,-0.11352]},"87o":{"weight":1.0,"played":[1.0,0.0],"evs":[0.0,-2.88164]},"97o":{"weight":1.0,"played":[1.0,0.0],"evs":[0.0,-3.23376]},"T7o":{"weight":1.0,"played":[1.0,0.0],"evs":[0.0,-3.35831]},"J7o":{"weight":1.0,"played":[1.0,0.0],"evs":[0.0,-3.3323]},"Q7o":{"weight":1.0,"played":[1.0,0.0],"evs":[0.0,-3.46721]},"K7o":{"weight":1.0,"played":[1.0,0.0],"evs":[0.0,-3.37021]},"A7o":{"weight":1.0,"played":[1.0,0.0],"evs":[0.0,-3.89807]},"82s":{"weight":1.0,"played":[1.0,0.0],"evs":[0.0,-3.45795]},"83s":{"weight":1.0,"played":[1.0,0.0],"evs":[0.0,-3.39089]},"84s":{"weight":1.0,"played":[1.0,0.0],"evs":[0.0,-2.48028]},"85s":{"weight":1.0,"played":[0.9994,6.0E-4],"evs":[0.0,-2.34524]},"86s":{"weight":1.0,"played":[0.9999,1.0E-4],"evs":[0.0,-1.97356]},"87s":{"weight":1.0,"played":[1.0,0.0],"evs":[0.0,-1.52701]},"88":{"weight":1.0,"played":[0.0115,0.9885],"evs":[0.0,0.4446]},"98o":{"weight":1.0,"played":[1.0,0.0],"evs":[0.0,-2.88938]},"T8o":{"weight":1.0,"played":[1.0,0.0],"evs":[0.0,-3.02692]},"J8o":{"weight":1.0,"played":[1.0,0.0],"evs":[0.0,-3.10669]},"Q8o":{"weight":1.0,"played":[1.0,0.0],"evs":[0.0,-3.19689]},"K8o":{"weight":1.0,"played":[1.0,0.0],"evs":[0.0,-3.36017]},"A8o":{"weight":1.0,"played":[1.0,0.0],"evs":[0.0,-3.81796]},"92s":{"weight":1.0,"played":[1.0,0.0],"evs":[0.0,-3.41496]},"93s":{"weight":1.0,"played":[1.0,0.0],"evs":[0.0,-3.39377]},"94s":{"weight":1.0,"played":[1.0,0.0],"evs":[0.0,-2.96895]},"95s":{"weight":1.0,"played":[0.9999,1.0E-4],"evs":[0.0,-2.99049]},"96s":{"weight":1.0,"played":[1.0,0.0],"evs":[0.0,-2.28308]},"97s":{"weight":1.0,"played":[1.0,0.0],"evs":[0.0,-2.06871]},"98s":{"weight":1.0,"played":[1.0,0.0],"evs":[0.0,-1.74775]},"99":{"weight":1.0,"played":[0.0,1.0],"evs":[0.0,1.32878]},"T9o":{"weight":1.0,"played":[1.0,0.0],"evs":[0.0,-2.79479]},"J9o":{"weight":1.0,"played":[1.0,0.0],"evs":[0.0,-3.06817]},"Q9o":{"weight":1.0,"played":[1.0,0.0],"evs":[0.0,-2.83785]},"K9o":{"weight":1.0,"played":[1.0,0.0],"evs":[0.0,-2.99347]},"A9o":{"weight":1.0,"played":[1.0,0.0],"evs":[0.0,-3.50268]},"T2s":{"weight":1.0,"played":[1.0,0.0],"evs":[0.0,-3.3024]},"T3s":{"weight":1.0,"played":[1.0,0.0],"evs":[0.0,-3.18552]},"T4s":{"weight":1.0,"played":[1.0,0.0],"evs":[0.0,-3.18345]},"T5s":{"weight":1.0,"played":[1.0,0.0],"evs":[0.0,-3.22103]},"T6s":{"weight":1.0,"played":[0.9999,1.0E-4],"evs":[0.0,-2.5361]},"T7s":{"weight":1.0,"played":[0.9997,3.0E-4],"evs":[0.0,-2.15584]},"T8s":{"weight":1.0,"played":[1.0,0.0],"evs":[0.0,-1.98209]},"T9s":{"weight":1.0,"played":[1.0,0.0],"evs":[0.0,-1.80171]},"TT":{"weight":1.0,"played":[0.0,1.0],"evs":[0.0,2.51786]},"JTo":{"weight":1.0,"played":[1.0,0.0],"evs":[0.0,-2.24414]},"QTo":{"weight":1.0,"played":[1.0,0.0],"evs":[0.0,-2.27796]},"KTo":{"weight":1.0,"played":[1.0,0.0],"evs":[0.0,-2.56616]},"ATo":{"weight":1.0,"played":[1.0,0.0],"evs":[0.0,-2.48631]},"J2s":{"weight":1.0,"played":[1.0,0.0],"evs":[0.0,-3.30399]},"J3s":{"weight":1.0,"played":[1.0,0.0],"evs":[0.0,-3.0294]},"J4s":{"weight":1.0,"played":[1.0,0.0],"evs":[0.0,-2.91408]},"J5s":{"weight":1.0,"played":[0.9998,2.0E-4],"evs":[0.0,-2.75599]},"J6s":{"weight":1.0,"played":[0.9999,1.0E-4],"evs":[0.0,-2.58471]},"J7s":{"weight":1.0,"played":[0.9992,8.0E-4],"evs":[0.0,-2.17232]},"J8s":{"weight":1.0,"played":[0.9994,6.0E-4],"evs":[0.0,-2.08073]},"J9s":{"weight":1.0,"played":[1.0,0.0],"evs":[0.0,-1.60556]},"JTs":{"weight":1.0,"played":[1.0,0.0],"evs":[0.0,-1.55906]},"JJ":{"weight":1.0,"played":[0.0,1.0],"evs":[0.0,4.06281]},"QJo":{"weight":1.0,"played":[1.0,0.0],"evs":[0.0,-2.0606]},"KJo":{"weight":1.0,"played":[1.0,0.0],"evs":[0.0,-1.9466]},"AJo":{"weight":1.0,"played":[1.0,0.0],"evs":[0.0,-1.37337]},"Q2s":{"weight":1.0,"played":[0.9998,2.0E-4],"evs":[0.0,-2.80352]},"Q3s":{"weight":1.0,"played":[1.0,0.0],"evs":[0.0,-2.77725]},"Q4s":{"weight":1.0,"played":[0.9999,1.0E-4],"evs":[0.0,-2.38384]},"Q5s":{"weight":1.0,"played":[1.0,0.0],"evs":[0.0,-2.07762]},"Q6s":{"weight":1.0,"played":[1.0,0.0],"evs":[0.0,-2.21542]},"Q7s":{"weight":1.0,"played":[1.0,0.0],"evs":[0.0,-2.0269]},"Q8s":{"weight":1.0,"played":[1.0,0.0],"evs":[0.0,-1.9842]},"Q9s":{"weight":1.0,"played":[1.0,0.0],"evs":[0.0,-1.80102]},"QTs":{"weight":1.0,"played":[0.991,0.009],"evs":[0.0,-1.2507]},"QJs":{"weight":1.0,"played":[0.9938,0.0062],"evs":[0.0,-1.12595]},"QQ":{"weight":1.0,"played":[0.0,1.0],"evs":[0.0,6.20448]},"KQo":{"weight":1.0,"played":[1.0,0.0],"evs":[0.0,-1.43521]},"AQo":{"weight":1.0,"played":[0.9999,1.0E-4],"evs":[0.0,-0.50222]},"K2s":{"weight":1.0,"played":[1.0,0.0],"evs":[0.0,-2.5941]},"K3s":{"weight":1.0,"played":[0.9999,1.0E-4],"evs":[0.0,-2.47735]},"K4s":{"weight":1.0,"played":[0.9999,1.0E-4],"evs":[0.0,-2.13433]},"K5s":{"weight":1.0,"played":[0.9998,2.0E-4],"evs":[0.0,-2.19273]},"K6s":{"weight":1.0,"played":[1.0,0.0],"evs":[0.0,-1.83075]},"K7s":{"weight":1.0,"played":[1.0,0.0],"evs":[0.0,-1.98165]},"K8s":{"weight":1.0,"played":[0.9999,1.0E-4],"evs":[0.0,-2.17485]},"K9s":{"weight":1.0,"played":[0.9997,3.0E-4],"evs":[0.0,-1.84945]},"KTs":{"weight":1.0,"played":[0.9998,2.0E-4],"evs":[0.0,-1.43137]},"KJs":{"weight":1.0,"played":[1.0,0.0],"evs":[0.0,-0.76599]},"KQs":{"weight":1.0,"played":[0.8843,0.1157],"evs":[0.0,-0.48118]},"KK":{"weight":1.0,"played":[0.0,1.0],"evs":[0.0,7.74336]},"AKo":{"weight":1.0,"played":[2.0E-4,0.9998],"evs":[0.0,0.39658]},"A2s":{"weight":1.0,"played":[1.0,0.0],"evs":[0.0,-2.9246]},"A3s":{"weight":1.0,"played":[1.0,0.0],"evs":[0.0,-2.55888]},"A4s":{"weight":1.0,"played":[1.0,0.0],"evs":[0.0,-2.22492]},"A5s":{"weight":1.0,"played":[0.9993,7.0E-4],"evs":[0.0,-2.19449]},"A6s":{"weight":1.0,"played":[0.9998,2.0E-4],"evs":[0.0,-2.86367]},"A7s":{"weight":1.0,"played":[1.0,0.0],"evs":[0.0,-2.61033]},"A8s":{"weight":1.0,"played":[0.9999,1.0E-4],"evs":[0.0,-2.03044]},"A9s":{"weight":1.0,"played":[0.9997,3.0E-4],"evs":[0.0,-1.94281]},"ATs":{"weight":1.0,"played":[0.9985,0.0015],"evs":[0.0,-0.91509]},"AJs":{"weight":1.0,"played":[0.9287,0.0713],"evs":[0.0,-0.26014]},"AQs":{"weight":1.0,"played":[0.0016,0.9984],"evs":[0.0,1.06928]},"AKs":{"weight":1.0,"played":[9.0E-4,0.9991],"evs":[0.0,1.46921]},"AA":{"weight":1.0,"played":[0.0,1.0],"evs":[0.0,11.02357]}}}