{"player":4,"street":0,"children":2,"sequence":[{"player":0,"type":"R","amount":32250000,"street":0},{"player":1,"type":"F","amount":0,"street":0},{"player":2,"type":"F","amount":0,"street":0},{"player":3,"type":"F","amount":0,"street":0}],"actions":[{"type":"F","amount":0,"node":95},{"type":"C","amount":16750000,"node":96}],"hands":{"22":{"weight":1.0,"played":[1.0,0.0],"evs":[0.0,-0.61136]},"32o":{"weight":1.0,"played":[1.0,0.0],"evs":[0.0,-2.3178]},"42o":{"weight":1.0,"played":[1.0,0.0],"evs":[0.0,-2.24187]},"52o":{"weight":1.0,"played":[1.0,0.0],"evs":[0.0,-2.14484]},"62o":{"weight":1.0,"played":[1.0,0.0],"evs":[0.0,-2.26485]},"72o":{"weight":1.0,"played":[1.0,0.0],"evs":[0.0,-2.36636]},"82o":{"weight":1.0,"played":[1.0,0.0],"evs":[0.0,-2.32473]},"92o":{"weight":1.0,"played":[1.0,0.0],"evs":[0.0,-2.27449]},"T2o":{"weight":1.0,"played":[1.0,0.0],"evs":[0.0,-2.20041]},"J2o":{"weight":1.0,"played":[1.0,0.0],"evs":[0.0,-2.13587]},"Q2o":{"weight":1.0,"played":[1.0,0.0],"evs":[0.0,-1.98704]},"K2o":{"weight":1.0,"played":[1.0,0.0],"evs":[0.0,-1.85908]},"A2o":{"weight":1.0,"played":[1.0,0.0],"evs":[0.0,-1.09521]},"32s":{"weight":1.0,"played":[1.0,0.0],"evs":[0.0,-1.83656]},"33":{"weight":1.0,"played":[1.0,0.0],"evs":[0.0,-0.49225]},"43o":{"weight":1.0,"played":[1.0,0.0],"evs":[0.0,-2.0552]},"53o":{"weight":1.0,"played":[1.0,0.0],"evs":[0.0,-1.95861]},"63o":{"weight":1.0,"played":[1.0,0.0],"evs":[0.0,-2.07204]},"73o":{"weight":1.0,"played":[1.0,0.0],"evs":[0.0,-2.17453]},"83o":{"weight":1.0,"played":[1.0,0.0],"evs":[0.0,-2.30851]},"93o":{"weight":1.0,"played":[1.0,0.0],"evs":[0.0,-2.22133]},"T3o":{"weight":1.0,"played":[1.0,0.0],"evs":[0.0,-2.14693]},"J3o":{"weight":1.0,"played":[1.0,0.0],"evs":[0.0,-2.07576]},"Q3o":{"weight":1.0,"played":[1.0,0.0],"evs":[0.0,-1.93619]},"K3o":{"weight":1.0,"played":[1.0,0.0],"evs":[0.0,-1.80967]},"A3o":{"weight":1.0,"played":[1.0,0.0],"evs":[0.0,-1.04528]},"42s":{"weight":1.0,"played":[1.0,0.0],"evs":[0.0,-1.76705]},"43s":{"weight":1.0,"played":[1.0,0.0],"evs":[0.0,-1.58893]},"44":{"weight":1.0,"played":[1.0,0.0],"evs":[0.0,-0.31373]},"54o":{"weight":1.0,"played":[1.0,0.0],"evs":[0.0,-1.76555]},"64o":{"weight":1.0,"played":[1.0,0.0],"evs":[0.0,-1.88323]},"74o":{"weight":1.0,"played":[1.0,0.0],"evs":[0.0,-1.98489]},"84o":{"weight":1.0,"played":[1.0,0.0],"evs":[0.0,-2.11676]},"94o":{"weight":1.0,"played":[1.0,0.0],"evs":[0.0,-2.20661]},"T4o":{"weight":1.0,"played":[1.0,0.0],"evs":[0.0,-2.0929]},"J4o":{"weight":1.0,"played":[1.0,0.0],"evs":[0.0,-2.02489]},"Q4o":{"weight":1.0,"played":[1.0,0.0],"evs":[0.0,-1.87443]},"K4o":{"weight":1.0,"played":[1.0,0.0],"evs":[0.0,-1.74693]},"A4o":{"weight":1.0,"played":[1.0,0.0],"evs":[0.0,-0.97717]},"52s":{"weight":1.0,"played":[1.0,0.0],"evs":[0.0,-1.67041]},"53s":{"weight":1.0,"played":[1.0,0.0],"evs":[0.0,-1.49248]},"54s":{"weight":1.0,"played":[1.0,0.0],"evs":[0.0,-1.31458]},"55":{"weight":1.0,"played":[0.9982,0.0018],"evs":[0.0,-0.02861]},"65o":{"weight":1.0,"played":[1.0,0.0],"evs":[0.0,-1.66394]},"75o":{"weight":1.0,"played":[1.0,0.0],"evs":[0.0,-1.75669]},"85o":{"weight":1.0,"played":[1.0,0.0],"evs":[0.0,-1.88347]},"95o":{"weight":1.0,"played":[1.0,0.0],"evs":[0.0,-1.97144]},"T5o":{"weight":1.0,"played":[1.0,0.0],"evs":[0.0,-2.03457]},"J5o":{"weight":1.0,"played":[1.0,0.0],"evs":[0.0,-1.92808]},"Q5o":{"weight":1.0,"played":[1.0,0.0],"evs":[0.0,-1.78316]},"K5o":{"weight":1.0,"played":[1.0,0.0],"evs":[0.0,-1.65862]},"A5o":{"weight":1.0,"played":[1.0,0.0],"evs":[0.0,-0.86401]},"62s":{"weight":1.0,"played":[1.0,0.0],"evs":[0.0,-1.78071]},"63s":{"weight":1.0,"played":[1.0,0.0],"evs":[0.0,-1.60608]},"64s":{"weight":1.0,"played":[1.0,0.0],"evs":[0.0,-1.42164]},"65s":{"weight":1.0,"played":[1.0,0.0],"evs":[0.0,-1.2105]},"66":{"weight":1.0,"played":[0.0,1.0],"evs":[0.0,0.22757]},"76o":{"weight":1.0,"played":[1.0,0.0],"evs":[0.0,-1.56126]},"86o":{"weight":1.0,"played":[1.0,0.0],"evs":[0.0,-1.67935]},"96o":{"weight":1.0,"played":[1.0,0.0],"evs":[0.0,-1.76654]},"T6o":{"weight":1.0,"played":[1.0,0.0],"evs":[0.0,-1.82986]},"J6o":{"weight":1.0,"played":[1.0,0.0],"evs":[0.0,-1.89108]},"Q6o":{"weight":1.0,"played":[1.0,0.0],"evs":[0.0,-1.71223]},"K6o":{"weight":1.0,"played":[1.0,0.0],"evs":[0.0,-1.58356]},"A6o":{"weight":1.0,"played":[1.0,0.0],"evs":[0.0,-0.93076]},"72s":{"weight":1.0,"played":[1.0,0.0],"evs":[0.0,-1.87438]},"73s":{"weight":1.0,"played":[1.0,0.0],"evs":[0.0,-1.69405]},"74s":{"weight":1.0,"played":[1.0,0.0],"evs":[0.0,-1.513]},"75s":{"weight":1.0,"played":[1.0,0.0],"evs":[0.0,-1.30432]},"76s":{"weight":1.0,"played":[1.0,0.0],"evs":[0.0,-1.10887]},"77":{"weight":1.0,"played":[0.0,1.0],"evs":[0.0,0.4781]},"87o":{"weight":1.0,"played":[1.0,0.0],"evs":[0.0,-1.51227]},"97o":{"weight":1.0,"played":[1.0,0.0],"evs":[0.0,-1.59183]},"T7o":{"weight":1.0,"played":[1.0,0.0],"evs":[0.0,-1.64583]},"J7o":{"weight":1.0,"played":[1.0,0.0],"evs":[0.0,-1.70795]},"Q7o":{"weight":1.0,"played":[1.0,0.0],"evs":[0.0,-1.69738]},"K7o":{"weight":1.0,"played":[1.0,0.0],"evs":[0.0,-1.53611]},"A7o":{"weight":1.0,"played":[1.0,0.0],"evs":[0.0,-0.7819]},"82s":{"weight":1.0,"played":[1.0,0.0],"evs":[0.0,-1.83995]},"83s":{"weight":1.0,"played":[1.0,0.0],"evs":[0.0,-1.81722]},"84s":{"weight":1.0,"played":[1.0,0.0],"evs":[0.0,-1.64075]},"85s":{"weight":1.0,"played":[1.0,0.0],"evs":[0.0,-1.42599]},"86s":{"weight":1.0,"played":[1.0,0.0],"evs":[0.0,-1.2305]},"87s":{"weight":1.0,"played":[1.0,0.0],"evs":[0.0,-1.07333]},"88":{"weight":1.0,"played":[0.0,1.0],"evs":[0.0,0.76663]},"98o":{"weight":1.0,"played":[1.0,0.0],"evs":[0.0,-1.47498]},"T8o":{"weight":1.0,"played":[1.0,0.0],"evs":[0.0,-1.51241]},"J8o":{"weight":1.0,"played":[1.0,0.0],"evs":[0.0,-1.58726]},"Q8o":{"weight":1.0,"played":[1.0,0.0],"evs":[0.0,-1.57907]},"K8o":{"weight":1.0,"played":[1.0,0.0],"evs":[0.0,-1.57207]},"A8o":{"weight":1.0,"played":[1.0,0.0],"evs":[0.0,-0.55486]},"92s":{"weight":1.0,"played":[1.0,0.0],"evs":[0.0,-1.78411]},"93s":{"weight":1.0,"played":[1.0,0.0],"evs":[0.0,-1.73283]},"94s":{"weight":1.0,"played":[1.0,0.0],"evs":[0.0,-1.71865]},"95s":{"weight":1.0,"played":[1.0,0.0],"evs":[0.0,-1.50887]},"96s":{"weight":1.0,"played":[1.0,0.0],"evs":[0.0,-1.30833]},"97s":{"weight":1.0,"played":[1.0,0.0],"evs":[0.0,-1.13797]},"98s":{"weight":1.0,"played":[1.0,0.0],"evs":[0.0,-1.03719]},"99":{"weight":1.0,"played":[0.0,1.0],"evs":[0.0,1.16629]},"T9o":{"weight":1.0,"played":[1.0,0.0],"evs":[0.0,-1.31367]},"J9o":{"weight":1.0,"played":[1.0,0.0],"evs":[0.0,-1.3867]},"Q9o":{"weight":1.0,"played":[1.0,0.0],"evs":[0.0,-1.37885]},"K9o":{"weight":1.0,"played":[1.0,0.0],"evs":[0.0,-1.33522]},"A9o":{"weight":1.0,"played":[1.0,0.0],"evs":[0.0,-0.18519]},"T2s":{"weight":1.0,"played":[1.0,0.0],"evs":[0.0,-1.70966]},"T3s":{"weight":1.0,"played":[1.0,0.0],"evs":[0.0,-1.66539]},"T4s":{"weight":1.0,"played":[1.0,0.0],"evs":[0.0,-1.61364]},"T5s":{"weight":1.0,"played":[1.0,0.0],"evs":[0.0,-1.55808]},"T6s":{"weight":1.0,"played":[1.0,0.0],"evs":[0.0,-1.36186]},"T7s":{"weight":1.0,"played":[1.0,0.0],"evs":[0.0,-1.1871]},"T8s":{"weight":1.0,"played":[1.0,0.0],"evs":[0.0,-1.06812]},"T9s":{"weight":1.0,"played":[1.0,0.0],"evs":[0.0,-0.87295]},"TT":{"weight":1.0,"played":[0.0,1.0],"evs":[0.0,1.72636]},"JTo":{"weight":1.0,"played":[1.0,0.0],"evs":[0.0,-1.08774]},"QTo":{"weight":1.0,"played":[1.0,0.0],"evs":[0.0,-1.04637]},"KTo":{"weight":1.0,"played":[1.0,0.0],"evs":[0.0,-0.96368]},"ATo":{"weight":1.0,"played":[0.0,1.0],"evs":[0.0,0.41554]},"J2s":{"weight":1.0,"played":[1.0,0.0],"evs":[0.0,-1.64168]},"J3s":{"weight":1.0,"played":[1.0,0.0],"evs":[0.0,-1.59545]},"J4s":{"weight":1.0,"played":[1.0,0.0],"evs":[0.0,-1.53291]},"J5s":{"weight":1.0,"played":[1.0,0.0],"evs":[0.0,-1.45653]},"J6s":{"weight":1.0,"played":[1.0,0.0],"evs":[0.0,-1.41967]},"J7s":{"weight":1.0,"played":[1.0,0.0],"evs":[0.0,-1.25246]},"J8s":{"weight":1.0,"played":[1.0,0.0],"evs":[0.0,-1.12701]},"J9s":{"weight":1.0,"played":[1.0,0.0],"evs":[0.0,-0.94225]},"JTs":{"weight":1.0,"played":[1.0,0.0],"evs":[0.0,-0.6531]},"JJ":{"weight":1.0,"played":[0.0,1.0],"evs":[0.0,2.26727]},"QJo":{"weight":1.0,"played":[1.0,0.0],"evs":[0.0,-0.9489]},"KJo":{"weight":1.0,"played":[1.0,0.0],"evs":[0.0,-0.69529]},"AJo":{"weight":1.0,"played":[0.0,1.0],"evs":[0.0,0.90322]},"Q2s":{"weight":1.0,"played":[1.0,0.0],"evs":[0.0,-1.50844]},"Q3s":{"weight":1.0,"played":[1.0,0.0],"evs":[0.0,-1.44835]},"Q4s":{"weight":1.0,"played":[1.0,0.0],"evs":[0.0,-1.39112]},"Q5s":{"weight":1.0,"played":[1.0,0.0],"evs":[0.0,-1.3118]},"Q6s":{"weight":1.0,"played":[1.0,0.0],"evs":[0.0,-1.24967]},"Q7s":{"weight":1.0,"played":[1.0,0.0],"evs":[0.0,-1.23185]},"Q8s":{"weight":1.0,"played":[1.0,0.0],"evs":[0.0,-1.12081]},"Q9s":{"weight":1.0,"played":[1.0,0.0],"evs":[0.0,-0.92805]},"QTs":{"weight":1.0,"played":[1.0,0.0],"evs":[0.0,-0.61614]},"QJs":{"weight":1.0,"played":[1.0,0.0],"evs":[0.0,-0.53255]},"QQ":{"weight":1.0,"played":[0.0,1.0],"evs":[0.0,2.86924]},"KQo":{"weight":1.0,"played":[1.0,0.0],"evs":[0.0,-0.28797]},"AQo":{"weight":1.0,"played":[0.0,1.0],"evs":[0.0,1.41533]},"K2s":{"weight":1.0,"played":[1.0,0.0],"evs":[0.0,-1.37398]},"K3s":{"weight":1.0,"played":[1.0,0.0],"evs":[0.0,-1.32254]},"K4s":{"weight":1.0,"played":[1.0,0.0],"evs":[0.0,-1.27807]},"K5s":{"weight":1.0,"played":[1.0,0.0],"evs":[0.0,-1.17464]},"K6s":{"weight":1.0,"played":[1.0,0.0],"evs":[0.0,-1.11751]},"K7s":{"weight":1.0,"played":[1.0,0.0],"evs":[0.0,-1.08103]},"K8s":{"weight":1.0,"played":[1.0,0.0],"evs":[0.0,-1.1061]},"K9s":{"weight":1.0,"played":[1.0,0.0],"evs":[0.0,-0.87968]},"KTs":{"weight":1.0,"played":[1.0,0.0],"evs":[0.0,-0.53766]},"KJs":{"weight":1.0,"played":[1.0,0.0],"evs":[0.0,-0.29047]},"KQs":{"weight":1.0,"played":[0.0,1.0],"evs":[0.0,0.08962]},"KK":{"weight":1.0,"played":[0.0,1.0],"evs":[0.0,3.54385]},"AKo":{"weight":1.0,"played":[0.0,1.0],"evs":[0.0,1.97613]},"A2s":{"weight":1.0,"played":[1.0,0.0],"evs":[0.0,-0.64032]},"A3s":{"weight":1.0,"played":[1.0,0.0],"evs":[0.0,-0.58916]},"A4s":{"weight":1.0,"played":[1.0,0.0],"evs":[0.0,-0.528]},"A5s":{"weight":1.0,"played":[1.0,0.0],"evs":[0.0,-0.42869]},"A6s":{"weight":1.0,"played":[1.0,0.0],"evs":[0.0,-0.47422]},"A7s":{"weight":1.0,"played":[1.0,0.0],"evs":[0.0,-0.34072]},"A8s":{"weight":1.0,"played":[1.0,0.0],"evs":[0.0,-0.14429]},"A9s":{"weight":1.0,"played":[0.0,1.0],"evs":[0.0,0.1986]},"ATs":{"weight":1.0,"played":[0.0,1.0],"evs":[0.0,0.76063]},"AJs":{"weight":1.0,"played":[0.0,1.0],"evs":[0.0,1.22407]},"AQs":{"weight":1.0,"played":[0.0,1.0],"evs":[0.0,1.69427]},"AKs":{"weight":1.0,"played":[0.0,1.0],"evs":[0.0,2.22454]},"AA":{"weight":1.0,"played":[0.0,1.0],"evs":[0.0,5.14366]}}}