{"player":1,"street":0,"children":2,"sequence":[{"player":0,"type":"F","amount":0,"street":0}],"actions":[{"type":"F","amount":0,"node":2},{"type":"R","amount":12640000,"node":16}],"hands":{"22":{"weight":1.0,"played":[0.0,1.0],"evs":[0.0,0.72583]},"32o":{"weight":1.0,"played":[1.0,0.0],"evs":[0.0,-0.5977]},"42o":{"weight":1.0,"played":[1.0,0.0],"evs":[0.0,-0.54792]},"52o":{"weight":1.0,"played":[1.0,0.0],"evs":[0.0,-0.49548]},"62o":{"weight":1.0,"played":[1.0,0.0],"evs":[0.0,-0.57344]},"72o":{"weight":1.0,"played":[1.0,0.0],"evs":[0.0,-0.60677]},"82o":{"weight":1.0,"played":[1.0,0.0],"evs":[0.0,-0.54215]},"92o":{"weight":1.0,"played":[1.0,0.0],"evs":[0.0,-0.4758]},"T2o":{"weight":1.0,"played":[1.0,0.0],"evs":[0.0,-0.37134]},"J2o":{"weight":1.0,"played":[1.0,0.0],"evs":[0.0,-0.24818]},"Q2o":{"weight":1.0,"played":[0.9998,2.0E-4],"evs":[0.0,-0.04697]},"K2o":{"weight":1.0,"played":[0.0,1.0],"evs":[0.0,0.16143]},"A2o":{"weight":1.0,"played":[0.0,1.0],"evs":[0.0,0.70579]},"32s":{"weight":1.0,"played":[1.0,0.0],"evs":[0.0,-0.23879]},"33":{"weight":1.0,"played":[0.0,1.0],"evs":[0.0,0.8186]},"43o":{"weight":1.0,"played":[1.0,0.0],"evs":[0.0,-0.40216]},"53o":{"weight":1.0,"played":[1.0,0.0],"evs":[0.0,-0.36567]},"63o":{"weight":1.0,"played":[1.0,0.0],"evs":[0.0,-0.43217]},"73o":{"weight":1.0,"played":[1.0,0.0],"evs":[0.0,-0.45746]},"83o":{"weight":1.0,"played":[1.0,0.0],"evs":[0.0,-0.50563]},"93o":{"weight":1.0,"played":[1.0,0.0],"evs":[0.0,-0.42187]},"T3o":{"weight":1.0,"played":[1.0,0.0],"evs":[0.0,-0.31841]},"J3o":{"weight":1.0,"played":[1.0,0.0],"evs":[0.0,-0.20803]},"Q3o":{"weight":1.0,"played":[0.045,0.955],"evs":[0.0,0.00666]},"K3o":{"weight":1.0,"played":[0.0,1.0],"evs":[0.0,0.22248]},"A3o":{"weight":1.0,"played":[0.0,1.0],"evs":[0.0,0.74896]},"42s":{"weight":1.0,"played":[1.0,0.0],"evs":[0.0,-0.21777]},"43s":{"weight":1.0,"played":[1.0,0.0],"evs":[0.0,-0.0776]},"44":{"weight":1.0,"played":[0.0,1.0],"evs":[0.0,0.95738]},"54o":{"weight":1.0,"played":[1.0,0.0],"evs":[0.0,-0.22874]},"64o":{"weight":1.0,"played":[1.0,0.0],"evs":[0.0,-0.30242]},"74o":{"weight":1.0,"played":[1.0,0.0],"evs":[0.0,-0.31202]},"84o":{"weight":1.0,"played":[1.0,0.0],"evs":[0.0,-0.37686]},"94o":{"weight":1.0,"played":[1.0,0.0],"evs":[0.0,-0.39813]},"T4o":{"weight":1.0,"played":[1.0,0.0],"evs":[0.0,-0.28949]},"J4o":{"weight":1.0,"played":[1.0,0.0],"evs":[0.0,-0.14796]},"Q4o":{"weight":1.0,"played":[0.0,1.0],"evs":[0.0,0.054]},"K4o":{"weight":1.0,"played":[0.0,1.0],"evs":[0.0,0.26331]},"A4o":{"weight":1.0,"played":[0.0,1.0],"evs":[0.0,0.79054]},"52s":{"weight":1.0,"played":[1.0,0.0],"evs":[0.0,-0.14574]},"53s":{"weight":1.0,"played":[0.9977,0.0023],"evs":[0.0,-0.03186]},"54s":{"weight":1.0,"played":[2.0E-4,0.9998],"evs":[0.0,0.09166]},"55":{"weight":1.0,"played":[0.0,1.0],"evs":[0.0,1.09934]},"65o":{"weight":1.0,"played":[1.0,0.0],"evs":[0.0,-0.16364]},"75o":{"weight":1.0,"played":[1.0,0.0],"evs":[0.0,-0.19036]},"85o":{"weight":1.0,"played":[1.0,0.0],"evs":[0.0,-0.23936]},"95o":{"weight":1.0,"played":[1.0,0.0],"evs":[0.0,-0.26223]},"T5o":{"weight":1.0,"played":[1.0,0.0],"evs":[0.0,-0.25006]},"J5o":{"weight":1.0,"played":[1.0,0.0],"evs":[0.0,-0.0988]},"Q5o":{"weight":1.0,"played":[0.0,1.0],"evs":[0.0,0.10151]},"K5o":{"weight":1.0,"played":[0.0,1.0],"evs":[0.0,0.32087]},"A5o":{"weight":1.0,"played":[0.0,1.0],"evs":[0.0,0.85623]},"62s":{"weight":1.0,"played":[1.0,0.0],"evs":[0.0,-0.23384]},"63s":{"weight":1.0,"played":[1.0,0.0],"evs":[0.0,-0.09715]},"64s":{"weight":1.0,"played":[0.0076,0.9924],"evs":[0.0,0.04392]},"65s":{"weight":1.0,"played":[1.0E-4,0.9999],"evs":[0.0,0.13356]},"66":{"weight":1.0,"played":[0.0,1.0],"evs":[0.0,1.2686]},"76o":{"weight":1.0,"played":[1.0,0.0],"evs":[0.0,-0.06161]},"86o":{"weight":1.0,"played":[0.9999,1.0E-4],"evs":[0.0,-0.09326]},"96o":{"weight":1.0,"played":[1.0,0.0],"evs":[0.0,-0.10841]},"T6o":{"weight":1.0,"played":[1.0,0.0],"evs":[0.0,-0.0889]},"J6o":{"weight":1.0,"played":[1.0,0.0],"evs":[0.0,-0.04947]},"Q6o":{"weight":1.0,"played":[0.0,1.0],"evs":[0.0,0.17175]},"K6o":{"weight":1.0,"played":[0.0,1.0],"evs":[0.0,0.39254]},"A6o":{"weight":1.0,"played":[0.0,1.0],"evs":[0.0,0.87424]},"72s":{"weight":1.0,"played":[1.0,0.0],"evs":[0.0,-0.26174]},"73s":{"weight":1.0,"played":[1.0,0.0],"evs":[0.0,-0.13514]},"74s":{"weight":1.0,"played":[0.0126,0.9874],"evs":[0.0,0.00355]},"75s":{"weight":1.0,"played":[0.0,1.0],"evs":[0.0,0.1218]},"76s":{"weight":1.0,"played":[0.0,1.0],"evs":[0.0,0.25301]},"77":{"weight":1.0,"played":[0.0,1.0],"evs":[0.0,1.45491]},"87o":{"weight":1.0,"played":[0.0037,0.9963],"evs":[0.0,0.04882]},"97o":{"weight":1.0,"played":[0.0,1.0],"evs":[0.0,0.03054]},"T7o":{"weight":1.0,"played":[1.0E-4,0.9999],"evs":[0.0,0.05333]},"J7o":{"weight":1.0,"played":[0.0,1.0],"evs":[0.0,0.08727]},"Q7o":{"weight":1.0,"played":[0.0,1.0],"evs":[0.0,0.22053]},"K7o":{"weight":1.0,"played":[0.0,1.0],"evs":[0.0,0.46313]},"A7o":{"weight":1.0,"played":[0.0,1.0],"evs":[0.0,0.99454]},"82s":{"weight":1.0,"played":[1.0,0.0],"evs":[0.0,-0.19454]},"83s":{"weight":1.0,"played":[1.0,0.0],"evs":[0.0,-0.17879]},"84s":{"weight":1.0,"played":[0.9967,0.0033],"evs":[0.0,-0.04618]},"85s":{"weight":1.0,"played":[1.0E-4,0.9999],"evs":[0.0,0.09361]},"86s":{"weight":1.0,"played":[0.0,1.0],"evs":[0.0,0.21081]},"87s":{"weight":1.0,"played":[0.0,1.0],"evs":[0.0,0.33422]},"88":{"weight":1.0,"played":[0.0,1.0],"evs":[0.0,1.69209]},"98o":{"weight":1.0,"played":[0.0,1.0],"evs":[0.0,0.15314]},"T8o":{"weight":1.0,"played":[0.0,1.0],"evs":[0.0,0.18878]},"J8o":{"weight":1.0,"played":[0.0,1.0],"evs":[0.0,0.22911]},"Q8o":{"weight":1.0,"played":[0.0,1.0],"evs":[0.0,0.35699]},"K8o":{"weight":1.0,"played":[0.0,1.0],"evs":[0.0,0.51571]},"A8o":{"weight":1.0,"played":[0.0,1.0],"evs":[0.0,1.11853]},"92s":{"weight":1.0,"played":[1.0,0.0],"evs":[0.0,-0.13847]},"93s":{"weight":1.0,"played":[0.9999,1.0E-4],"evs":[0.0,-0.10649]},"94s":{"weight":1.0,"played":[0.9976,0.0024],"evs":[0.0,-0.06828]},"95s":{"weight":1.0,"played":[1.0E-4,0.9999],"evs":[0.0,0.06032]},"96s":{"weight":1.0,"played":[0.0,1.0],"evs":[0.0,0.21612]},"97s":{"weight":1.0,"played":[0.0,1.0],"evs":[0.0,0.33186]},"98s":{"weight":1.0,"played":[0.0,1.0],"evs":[0.0,0.43173]},"99":{"weight":1.0,"played":[0.0,1.0],"evs":[0.0,1.96889]},"T9o":{"weight":1.0,"played":[0.0,1.0],"evs":[0.0,0.34483]},"J9o":{"weight":1.0,"played":[0.0,1.0],"evs":[0.0,0.39381]},"Q9o":{"weight":1.0,"played":[0.0,1.0],"evs":[0.0,0.52157]},"K9o":{"weight":1.0,"played":[0.0,1.0],"evs":[0.0,0.70658]},"A9o":{"weight":1.0,"played":[0.0,1.0],"evs":[0.0,1.3196]},"T2s":{"weight":1.0,"played":[0.9987,0.0013],"evs":[0.0,-0.02751]},"T3s":{"weight":1.0,"played":[0.6349,0.3651],"evs":[0.0,0.00696]},"T4s":{"weight":1.0,"played":[2.0E-4,0.9998],"evs":[0.0,0.03999]},"T5s":{"weight":1.0,"played":[1.0E-4,0.9999],"evs":[0.0,0.06645]},"T6s":{"weight":1.0,"played":[0.0,1.0],"evs":[0.0,0.21405]},"T7s":{"weight":1.0,"played":[0.0,1.0],"evs":[0.0,0.35652]},"T8s":{"weight":1.0,"played":[0.0,1.0],"evs":[0.0,0.46824]},"T9s":{"weight":1.0,"played":[0.0,1.0],"evs":[0.0,0.61643]},"TT":{"weight":1.0,"played":[0.0,1.0],"evs":[0.0,2.30786]},"JTo":{"weight":1.0,"played":[0.0,1.0],"evs":[0.0,0.61798]},"QTo":{"weight":1.0,"played":[0.0,1.0],"evs":[0.0,0.75192]},"KTo":{"weight":1.0,"played":[0.0,1.0],"evs":[0.0,0.96598]},"ATo":{"weight":1.0,"played":[0.0,1.0],"evs":[0.0,1.65095]},"J2s":{"weight":1.0,"played":[1.0E-4,0.9999],"evs":[0.0,0.06909]},"J3s":{"weight":1.0,"played":[0.0,1.0],"evs":[0.0,0.12404]},"J4s":{"weight":1.0,"played":[0.0,1.0],"evs":[0.0,0.16348]},"J5s":{"weight":1.0,"played":[0.0,1.0],"evs":[0.0,0.2136]},"J6s":{"weight":1.0,"played":[0.0,1.0],"evs":[0.0,0.25081]},"J7s":{"weight":1.0,"played":[0.0,1.0],"evs":[0.0,0.39714]},"J8s":{"weight":1.0,"played":[0.0,1.0],"evs":[0.0,0.51942]},"J9s":{"weight":1.0,"played":[0.0,1.0],"evs":[0.0,0.67972]},"JTs":{"weight":1.0,"played":[0.0,1.0],"evs":[0.0,0.862]},"JJ":{"weight":1.0,"played":[0.0,1.0],"evs":[0.0,2.63801]},"QJo":{"weight":1.0,"played":[0.0,1.0],"evs":[0.0,0.85571]},"KJo":{"weight":1.0,"played":[0.0,1.0],"evs":[0.0,1.1381]},"AJo":{"weight":1.0,"played":[0.0,1.0],"evs":[0.0,1.88781]},"Q2s":{"weight":1.0,"played":[0.0,1.0],"evs":[0.0,0.27424]},"Q3s":{"weight":1.0,"played":[0.0,1.0],"evs":[0.0,0.33157]},"Q4s":{"weight":1.0,"played":[0.0,1.0],"evs":[0.0,0.35273]},"Q5s":{"weight":1.0,"played":[0.0,1.0],"evs":[0.0,0.40501]},"Q6s":{"weight":1.0,"played":[0.0,1.0],"evs":[0.0,0.47781]},"Q7s":{"weight":1.0,"played":[0.0,1.0],"evs":[0.0,0.48648]},"Q8s":{"weight":1.0,"played":[0.0,1.0],"evs":[0.0,0.61888]},"Q9s":{"weight":1.0,"played":[0.0,1.0],"evs":[0.0,0.7903]},"QTs":{"weight":1.0,"played":[0.0,1.0],"evs":[0.0,1.02714]},"QJs":{"weight":1.0,"played":[0.0,1.0],"evs":[0.0,1.10335]},"QQ":{"weight":1.0,"played":[0.0,1.0],"evs":[0.0,3.04066]},"KQo":{"weight":1.0,"played":[0.0,1.0],"evs":[0.0,1.3654]},"AQo":{"weight":1.0,"played":[0.0,1.0],"evs":[0.0,2.15415]},"K2s":{"weight":1.0,"played":[0.0,1.0],"evs":[0.0,0.45972]},"K3s":{"weight":1.0,"played":[0.0,1.0],"evs":[0.0,0.51657]},"K4s":{"weight":1.0,"played":[0.0,1.0],"evs":[0.0,0.55787]},"K5s":{"weight":1.0,"played":[0.0,1.0],"evs":[0.0,0.59603]},"K6s":{"weight":1.0,"played":[0.0,1.0],"evs":[0.0,0.67131]},"K7s":{"weight":1.0,"played":[0.0,1.0],"evs":[0.0,0.7429]},"K8s":{"weight":1.0,"played":[0.0,1.0],"evs":[0.0,0.79675]},"K9s":{"weight":1.0,"played":[0.0,1.0],"evs":[0.0,0.96732]},"KTs":{"weight":1.0,"played":[0.0,1.0],"evs":[0.0,1.19331]},"KJs":{"weight":1.0,"played":[0.0,1.0],"evs":[0.0,1.35503]},"KQs":{"weight":1.0,"played":[0.0,1.0],"evs":[0.0,1.56705]},"KK":{"weight":1.0,"played":[0.0,1.0],"evs":[0.0,3.49127]},"AKo":{"weight":1.0,"played":[0.0,1.0],"evs":[0.0,2.45764]},"A2s":{"weight":1.0,"played":[0.0,1.0],"evs":[0.0,0.97811]},"A3s":{"weight":1.0,"played":[0.0,1.0],"evs":[0.0,1.02669]},"A4s":{"weight":1.0,"played":[0.0,1.0],"evs":[0.0,1.0671]},"A5s":{"weight":1.0,"played":[0.0,1.0],"evs":[0.0,1.11514]},"A6s":{"weight":1.0,"played":[0.0,1.0],"evs":[0.0,1.12838]},"A7s":{"weight":1.0,"played":[0.0,1.0],"evs":[0.0,1.25083]},"A8s":{"weight":1.0,"played":[0.0,1.0],"evs":[0.0,1.36028]},"A9s":{"weight":1.0,"played":[0.0,1.0],"evs":[0.0,1.54482]},"ATs":{"weight":1.0,"played":[0.0,1.0],"evs":[0.0,1.84756]},"AJs":{"weight":1.0,"played":[0.0,1.0],"evs":[0.0,2.06391]},"AQs":{"weight":1.0,"played":[0.0,1.0],"evs":[0.0,2.30779]},"AKs":{"weight":1.0,"played":[0.0,1.0],"evs":[0.0,2.60103]},"AA":{"weight":1.0,"played":[0.0,1.0],"evs":[0.0,4.17381]}}}