{"player":4,"street":0,"children":2,"sequence":[{"player":0,"type":"F","amount":0,"street":0},{"player":1,"type":"F","amount":0,"street":0},{"player":2,"type":"R","amount":8160000,"street":0},{"player":3,"type":"F","amount":0,"street":0}],"actions":[{"type":"F","amount":0,"node":11},{"type":"C","amount":6240000,"node":12}],"hands":{"22":{"weight":1.0,"played":[0.9979,0.0021],"evs":[0.0,-0.19248]},"32o":{"weight":1.0,"played":[1.0,0.0],"evs":[0.0,-2.14193]},"42o":{"weight":1.0,"played":[1.0,0.0],"evs":[0.0,-2.1024]},"52o":{"weight":1.0,"played":[1.0,0.0],"evs":[0.0,-2.0376]},"62o":{"weight":1.0,"played":[1.0,0.0],"evs":[0.0,-2.12142]},"72o":{"weight":1.0,"played":[1.0,0.0],"evs":[0.0,-2.08608]},"82o":{"weight":1.0,"played":[1.0,0.0],"evs":[0.0,-2.01801]},"92o":{"weight":1.0,"played":[1.0,0.0],"evs":[0.0,-2.05956]},"T2o":{"weight":1.0,"played":[1.0,0.0],"evs":[0.0,-1.99844]},"J2o":{"weight":1.0,"played":[1.0,0.0],"evs":[0.0,-1.88845]},"Q2o":{"weight":1.0,"played":[1.0,0.0],"evs":[0.0,-1.64895]},"K2o":{"weight":1.0,"played":[1.0,0.0],"evs":[0.0,-1.30897]},"A2o":{"weight":1.0,"played":[1.0,0.0],"evs":[0.0,-0.29174]},"32s":{"weight":1.0,"played":[1.0,0.0],"evs":[0.0,-1.62972]},"33":{"weight":1.0,"played":[0.9967,0.0033],"evs":[0.0,-0.07582]},"43o":{"weight":1.0,"played":[1.0,0.0],"evs":[0.0,-1.88097]},"53o":{"weight":1.0,"played":[1.0,0.0],"evs":[0.0,-1.82864]},"63o":{"weight":1.0,"played":[1.0,0.0],"evs":[0.0,-1.95319]},"73o":{"weight":1.0,"played":[1.0,0.0],"evs":[0.0,-1.88411]},"83o":{"weight":1.0,"played":[1.0,0.0],"evs":[0.0,-1.96393]},"93o":{"weight":1.0,"played":[1.0,0.0],"evs":[0.0,-1.90179]},"T3o":{"weight":1.0,"played":[1.0,0.0],"evs":[0.0,-1.85792]},"J3o":{"weight":1.0,"played":[1.0,0.0],"evs":[0.0,-1.7663]},"Q3o":{"weight":1.0,"played":[1.0,0.0],"evs":[0.0,-1.61077]},"K3o":{"weight":1.0,"played":[1.0,0.0],"evs":[0.0,-1.2258]},"A3o":{"weight":1.0,"played":[0.9997,3.0E-4],"evs":[0.0,-0.16237]},"42s":{"weight":1.0,"played":[1.0,0.0],"evs":[0.0,-1.6184]},"43s":{"weight":1.0,"played":[1.0,0.0],"evs":[0.0,-1.4105]},"44":{"weight":1.0,"played":[0.0,1.0],"evs":[0.0,0.16028]},"54o":{"weight":1.0,"played":[1.0,0.0],"evs":[0.0,-1.53974]},"64o":{"weight":1.0,"played":[1.0,0.0],"evs":[0.0,-1.60861]},"74o":{"weight":1.0,"played":[1.0,0.0],"evs":[0.0,-1.72442]},"84o":{"weight":1.0,"played":[1.0,0.0],"evs":[0.0,-1.77469]},"94o":{"weight":1.0,"played":[1.0,0.0],"evs":[0.0,-1.89086]},"T4o":{"weight":1.0,"played":[1.0,0.0],"evs":[0.0,-1.76157]},"J4o":{"weight":1.0,"played":[1.0,0.0],"evs":[0.0,-1.72811]},"Q4o":{"weight":1.0,"played":[1.0,0.0],"evs":[0.0,-1.50026]},"K4o":{"weight":1.0,"played":[1.0,0.0],"evs":[0.0,-1.2135]},"A4o":{"weight":1.0,"played":[0.9546,0.0454],"evs":[0.0,-0.09592]},"52s":{"weight":1.0,"played":[1.0,0.0],"evs":[0.0,-1.45487]},"53s":{"weight":1.0,"played":[1.0,0.0],"evs":[0.0,-1.35004]},"54s":{"weight":1.0,"played":[1.0,0.0],"evs":[0.0,-1.0361]},"55":{"weight":1.0,"played":[0.0,1.0],"evs":[0.0,0.43344]},"65o":{"weight":1.0,"played":[1.0,0.0],"evs":[0.0,-1.45669]},"75o":{"weight":1.0,"played":[1.0,0.0],"evs":[0.0,-1.45728]},"85o":{"weight":1.0,"played":[1.0,0.0],"evs":[0.0,-1.54577]},"95o":{"weight":1.0,"played":[1.0,0.0],"evs":[0.0,-1.62418]},"T5o":{"weight":1.0,"played":[1.0,0.0],"evs":[0.0,-1.69451]},"J5o":{"weight":1.0,"played":[1.0,0.0],"evs":[0.0,-1.62812]},"Q5o":{"weight":1.0,"played":[1.0,0.0],"evs":[0.0,-1.40565]},"K5o":{"weight":1.0,"played":[1.0,0.0],"evs":[0.0,-1.07688]},"A5o":{"weight":1.0,"played":[0.1092,0.8908],"evs":[0.0,0.00319]},"62s":{"weight":1.0,"played":[1.0,0.0],"evs":[0.0,-1.53893]},"63s":{"weight":1.0,"played":[1.0,0.0],"evs":[0.0,-1.2718]},"64s":{"weight":1.0,"played":[1.0,0.0],"evs":[0.0,-1.20641]},"65s":{"weight":1.0,"played":[1.0,0.0],"evs":[0.0,-0.9551]},"66":{"weight":1.0,"played":[0.0,1.0],"evs":[0.0,0.69977]},"76o":{"weight":1.0,"played":[1.0,0.0],"evs":[0.0,-1.23232]},"86o":{"weight":1.0,"played":[1.0,0.0],"evs":[0.0,-1.28605]},"96o":{"weight":1.0,"played":[1.0,0.0],"evs":[0.0,-1.46385]},"T6o":{"weight":1.0,"played":[1.0,0.0],"evs":[0.0,-1.43951]},"J6o":{"weight":1.0,"played":[1.0,0.0],"evs":[0.0,-1.58571]},"Q6o":{"weight":1.0,"played":[1.0,0.0],"evs":[0.0,-1.37466]},"K6o":{"weight":1.0,"played":[1.0,0.0],"evs":[0.0,-1.01114]},"A6o":{"weight":1.0,"played":[0.0716,0.9284],"evs":[0.0,0.07556]},"72s":{"weight":1.0,"played":[1.0,0.0],"evs":[0.0,-1.67058]},"73s":{"weight":1.0,"played":[1.0,0.0],"evs":[0.0,-1.34644]},"74s":{"weight":1.0,"played":[1.0,0.0],"evs":[0.0,-1.20697]},"75s":{"weight":1.0,"played":[1.0,0.0],"evs":[0.0,-0.91593]},"76s":{"weight":1.0,"played":[1.0,0.0],"evs":[0.0,-0.76454]},"77":{"weight":1.0,"played":[0.0,1.0],"evs":[0.0,1.05296]},"87o":{"weight":1.0,"played":[1.0,0.0],"evs":[0.0,-1.10135]},"97o":{"weight":1.0,"played":[1.0,0.0],"evs":[0.0,-1.2072]},"T7o":{"weight":1.0,"played":[1.0,0.0],"evs":[0.0,-1.23637]},"J7o":{"weight":1.0,"played":[1.0,0.0],"evs":[0.0,-1.3109]},"Q7o":{"weight":1.0,"played":[1.0,0.0],"evs":[0.0,-1.21265]},"K7o":{"weight":1.0,"played":[1.0,0.0],"evs":[0.0,-0.88308]},"A7o":{"weight":1.0,"played":[1.0E-4,0.9999],"evs":[0.0,0.32567]},"82s":{"weight":1.0,"played":[1.0,0.0],"evs":[0.0,-1.5635]},"83s":{"weight":1.0,"played":[1.0,0.0],"evs":[0.0,-1.5256]},"84s":{"weight":1.0,"played":[1.0,0.0],"evs":[0.0,-1.32972]},"85s":{"weight":1.0,"played":[1.0,0.0],"evs":[0.0,-1.02324]},"86s":{"weight":1.0,"played":[1.0,0.0],"evs":[0.0,-0.82407]},"87s":{"weight":1.0,"played":[1.0,0.0],"evs":[0.0,-0.65977]},"88":{"weight":1.0,"played":[0.0,1.0],"evs":[0.0,1.31833]},"98o":{"weight":1.0,"played":[1.0,0.0],"evs":[0.0,-0.98979]},"T8o":{"weight":1.0,"played":[1.0,0.0],"evs":[0.0,-0.98907]},"J8o":{"weight":1.0,"played":[1.0,0.0],"evs":[0.0,-1.09691]},"Q8o":{"weight":1.0,"played":[1.0,0.0],"evs":[0.0,-1.06483]},"K8o":{"weight":1.0,"played":[1.0,0.0],"evs":[0.0,-0.77061]},"A8o":{"weight":1.0,"played":[0.0,1.0],"evs":[0.0,0.61313]},"92s":{"weight":1.0,"played":[1.0,0.0],"evs":[0.0,-1.4523]},"93s":{"weight":1.0,"played":[1.0,0.0],"evs":[0.0,-1.46003]},"94s":{"weight":1.0,"played":[1.0,0.0],"evs":[0.0,-1.35149]},"95s":{"weight":1.0,"played":[1.0,0.0],"evs":[0.0,-1.20978]},"96s":{"weight":1.0,"played":[1.0,0.0],"evs":[0.0,-0.98448]},"97s":{"weight":1.0,"played":[1.0,0.0],"evs":[0.0,-0.73905]},"98s":{"weight":1.0,"played":[0.9999,1.0E-4],"evs":[0.0,-0.57728]},"99":{"weight":1.0,"played":[0.0,1.0],"evs":[0.0,1.68908]},"T9o":{"weight":1.0,"played":[1.0,0.0],"evs":[0.0,-0.86614]},"J9o":{"weight":1.0,"played":[1.0,0.0],"evs":[0.0,-0.92896]},"Q9o":{"weight":1.0,"played":[1.0,0.0],"evs":[0.0,-0.82853]},"K9o":{"weight":1.0,"played":[1.0,0.0],"evs":[0.0,-0.45377]},"A9o":{"weight":1.0,"played":[0.0,1.0],"evs":[0.0,0.97069]},"T2s":{"weight":1.0,"played":[1.0,0.0],"evs":[0.0,-1.36029]},"T3s":{"weight":1.0,"played":[1.0,0.0],"evs":[0.0,-1.33391]},"T4s":{"weight":1.0,"played":[1.0,0.0],"evs":[0.0,-1.28098]},"T5s":{"weight":1.0,"played":[1.0,0.0],"evs":[0.0,-1.19605]},"T6s":{"weight":1.0,"played":[1.0,0.0],"evs":[0.0,-1.0264]},"T7s":{"weight":1.0,"played":[1.0,0.0],"evs":[0.0,-0.82553]},"T8s":{"weight":1.0,"played":[1.0,0.0],"evs":[0.0,-0.5904]},"T9s":{"weight":1.0,"played":[1.0,0.0],"evs":[0.0,-0.38302]},"TT":{"weight":1.0,"played":[0.0,1.0],"evs":[0.0,2.17894]},"JTo":{"weight":1.0,"played":[1.0,0.0],"evs":[0.0,-0.54912]},"QTo":{"weight":1.0,"played":[1.0,0.0],"evs":[0.0,-0.43972]},"KTo":{"weight":1.0,"played":[2.0E-4,0.9998],"evs":[0.0,0.05849]},"ATo":{"weight":1.0,"played":[0.0,1.0],"evs":[0.0,1.52932]},"J2s":{"weight":1.0,"played":[1.0,0.0],"evs":[0.0,-1.32734]},"J3s":{"weight":1.0,"played":[1.0,0.0],"evs":[0.0,-1.27676]},"J4s":{"weight":1.0,"played":[1.0,0.0],"evs":[0.0,-1.18861]},"J5s":{"weight":1.0,"played":[1.0,0.0],"evs":[0.0,-1.08464]},"J6s":{"weight":1.0,"played":[1.0,0.0],"evs":[0.0,-1.05512]},"J7s":{"weight":1.0,"played":[1.0,0.0],"evs":[0.0,-0.81549]},"J8s":{"weight":1.0,"played":[1.0,0.0],"evs":[0.0,-0.70338]},"J9s":{"weight":1.0,"played":[1.0,0.0],"evs":[0.0,-0.48059]},"JTs":{"weight":1.0,"played":[0.989,0.011],"evs":[0.0,-0.15577]},"JJ":{"weight":1.0,"played":[0.0,1.0],"evs":[0.0,2.71158]},"QJo":{"weight":1.0,"played":[0.9999,1.0E-4],"evs":[0.0,-0.13998]},"KJo":{"weight":1.0,"played":[0.0,1.0],"evs":[0.0,0.3187]},"AJo":{"weight":1.0,"played":[0.0,1.0],"evs":[0.0,1.8744]},"Q2s":{"weight":1.0,"played":[1.0,0.0],"evs":[0.0,-1.16336]},"Q3s":{"weight":1.0,"played":[1.0,0.0],"evs":[0.0,-1.16247]},"Q4s":{"weight":1.0,"played":[1.0,0.0],"evs":[0.0,-0.98015]},"Q5s":{"weight":1.0,"played":[1.0,0.0],"evs":[0.0,-0.87346]},"Q6s":{"weight":1.0,"played":[1.0,0.0],"evs":[0.0,-0.84308]},"Q7s":{"weight":1.0,"played":[1.0,0.0],"evs":[0.0,-0.85201]},"Q8s":{"weight":1.0,"played":[1.0,0.0],"evs":[0.0,-0.57559]},"Q9s":{"weight":1.0,"played":[0.9999,1.0E-4],"evs":[0.0,-0.43234]},"QTs":{"weight":1.0,"played":[0.7259,0.2741],"evs":[0.0,-0.01997]},"QJs":{"weight":1.0,"played":[0.0,1.0],"evs":[0.0,0.28384]},"QQ":{"weight":1.0,"played":[0.0,1.0],"evs":[0.0,3.30366]},"KQo":{"weight":1.0,"played":[0.0,1.0],"evs":[0.0,0.70273]},"AQo":{"weight":1.0,"played":[0.0,1.0],"evs":[0.0,2.40341]},"K2s":{"weight":1.0,"played":[0.9999,1.0E-4],"evs":[0.0,-0.7459]},"K3s":{"weight":1.0,"played":[1.0,0.0],"evs":[0.0,-0.7339]},"K4s":{"weight":1.0,"played":[1.0,0.0],"evs":[0.0,-0.72013]},"K5s":{"weight":1.0,"played":[0.9995,5.0E-4],"evs":[0.0,-0.68727]},"K6s":{"weight":1.0,"played":[1.0,0.0],"evs":[0.0,-0.53784]},"K7s":{"weight":1.0,"played":[0.9987,0.0013],"evs":[0.0,-0.43409]},"K8s":{"weight":1.0,"played":[0.998,0.002],"evs":[0.0,-0.33548]},"K9s":{"weight":1.0,"played":[0.8315,0.1685],"evs":[0.0,-0.10142]},"KTs":{"weight":1.0,"played":[0.0,1.0],"evs":[0.0,0.45868]},"KJs":{"weight":1.0,"played":[0.0,1.0],"evs":[0.0,0.65749]},"KQs":{"weight":1.0,"played":[0.0,1.0],"evs":[0.0,1.01859]},"KK":{"weight":1.0,"played":[0.0,1.0],"evs":[0.0,4.04357]},"AKo":{"weight":1.0,"played":[0.0,1.0],"evs":[0.0,2.91636]},"A2s":{"weight":1.0,"played":[0.0012,0.9988],"evs":[0.0,0.15079]},"A3s":{"weight":1.0,"played":[0.0,1.0],"evs":[0.0,0.1752]},"A4s":{"weight":1.0,"played":[4.0E-4,0.9996],"evs":[0.0,0.33022]},"A5s":{"weight":1.0,"played":[0.0,1.0],"evs":[0.0,0.39573]},"A6s":{"weight":1.0,"played":[0.0,1.0],"evs":[0.0,0.50824]},"A7s":{"weight":1.0,"played":[0.0,1.0],"evs":[0.0,0.82473]},"A8s":{"weight":1.0,"played":[0.0,1.0],"evs":[0.0,0.99919]},"A9s":{"weight":1.0,"played":[0.0,1.0],"evs":[0.0,1.2764]},"ATs":{"weight":1.0,"played":[0.0,1.0],"evs":[0.0,1.82657]},"AJs":{"weight":1.0,"played":[0.0,1.0],"evs":[0.0,2.20161]},"AQs":{"weight":1.0,"played":[0.0,1.0],"evs":[0.0,2.62492]},"AKs":{"weight":1.0,"played":[0.0,1.0],"evs":[0.0,3.20743]},"AA":{"weight":1.0,"played":[0.0,1.0],"evs":[0.0,5.72957]}}}