{"player":5,"street":0,"children":2,"sequence":[{"player":0,"type":"F","amount":0,"street":0},{"player":1,"type":"F","amount":0,"street":0},{"player":2,"type":"R","amount":8160000,"street":0},{"player":3,"type":"F","amount":0,"street":0},{"player":4,"type":"C","amount":6240000,"street":0}],"actions":[{"type":"F","amount":0},{"type":"C","amount":4640000}],"hands":{"22":{"weight":1.0,"played":[0.9988,0.0012],"evs":[0.0,-0.26606]},"32o":{"weight":1.0,"played":[1.0,0.0],"evs":[0.0,-1.58756]},"42o":{"weight":1.0,"played":[1.0,0.0],"evs":[0.0,-1.53044]},"52o":{"weight":1.0,"played":[1.0,0.0],"evs":[0.0,-1.5769]},"62o":{"weight":1.0,"played":[1.0,0.0],"evs":[0.0,-1.63098]},"72o":{"weight":1.0,"played":[1.0,0.0],"evs":[0.0,-1.71837]},"82o":{"weight":1.0,"played":[1.0,0.0],"evs":[0.0,-1.57783]},"92o":{"weight":1.0,"played":[1.0,0.0],"evs":[0.0,-1.49064]},"T2o":{"weight":1.0,"played":[1.0,0.0],"evs":[0.0,-1.53413]},"J2o":{"weight":1.0,"played":[1.0,0.0],"evs":[0.0,-1.39926]},"Q2o":{"weight":1.0,"played":[1.0,0.0],"evs":[0.0,-1.19715]},"K2o":{"weight":1.0,"played":[1.0,0.0],"evs":[0.0,-1.26982]},"A2o":{"weight":1.0,"played":[1.0,0.0],"evs":[0.0,-1.0747]},"32s":{"weight":1.0,"played":[0.9999,1.0E-4],"evs":[0.0,-0.92514]},"33":{"weight":1.0,"played":[0.6343,0.3657],"evs":[0.0,-0.13345]},"43o":{"weight":1.0,"played":[1.0,0.0],"evs":[0.0,-1.258]},"53o":{"weight":1.0,"played":[1.0,0.0],"evs":[0.0,-1.28306]},"63o":{"weight":1.0,"played":[1.0,0.0],"evs":[0.0,-1.36054]},"73o":{"weight":1.0,"played":[1.0,0.0],"evs":[0.0,-1.41102]},"83o":{"weight":1.0,"played":[1.0,0.0],"evs":[0.0,-1.49662]},"93o":{"weight":1.0,"played":[1.0,0.0],"evs":[0.0,-1.41875]},"T3o":{"weight":1.0,"played":[1.0,0.0],"evs":[0.0,-1.42149]},"J3o":{"weight":1.0,"played":[1.0,0.0],"evs":[0.0,-1.33331]},"Q3o":{"weight":1.0,"played":[1.0,0.0],"evs":[0.0,-1.10158]},"K3o":{"weight":1.0,"played":[1.0,0.0],"evs":[0.0,-1.16597]},"A3o":{"weight":1.0,"played":[0.9999,1.0E-4],"evs":[0.0,-0.94647]},"42s":{"weight":1.0,"played":[1.0,0.0],"evs":[0.0,-1.07272]},"43s":{"weight":1.0,"played":[0.9998,2.0E-4],"evs":[0.0,-0.68993]},"44":{"weight":1.0,"played":[0.0484,0.9516],"evs":[0.0,0.14824]},"54o":{"weight":1.0,"played":[1.0,0.0],"evs":[0.0,-1.04157]},"64o":{"weight":1.0,"played":[1.0,0.0],"evs":[0.0,-1.15797]},"74o":{"weight":1.0,"played":[1.0,0.0],"evs":[0.0,-1.12754]},"84o":{"weight":1.0,"played":[1.0,0.0],"evs":[0.0,-1.23893]},"94o":{"weight":1.0,"played":[1.0,0.0],"evs":[0.0,-1.41033]},"T4o":{"weight":1.0,"played":[1.0,0.0],"evs":[0.0,-1.30791]},"J4o":{"weight":1.0,"played":[1.0,0.0],"evs":[0.0,-1.16072]},"Q4o":{"weight":1.0,"played":[1.0,0.0],"evs":[0.0,-0.98742]},"K4o":{"weight":1.0,"played":[1.0,0.0],"evs":[0.0,-0.95898]},"A4o":{"weight":1.0,"played":[0.9999,1.0E-4],"evs":[0.0,-0.8442]},"52s":{"weight":1.0,"played":[0.997,0.003],"evs":[0.0,-0.90116]},"53s":{"weight":1.0,"played":[1.0,0.0],"evs":[0.0,-0.48468]},"54s":{"weight":1.0,"played":[0.9997,3.0E-4],"evs":[0.0,-0.43274]},"55":{"weight":1.0,"played":[0.0021,0.9979],"evs":[0.0,0.45545]},"65o":{"weight":1.0,"played":[1.0,0.0],"evs":[0.0,-0.94396]},"75o":{"weight":1.0,"played":[1.0,0.0],"evs":[0.0,-0.82566]},"85o":{"weight":1.0,"played":[1.0,0.0],"evs":[0.0,-0.97738]},"95o":{"weight":1.0,"played":[1.0,0.0],"evs":[0.0,-1.17181]},"T5o":{"weight":1.0,"played":[1.0,0.0],"evs":[0.0,-1.34837]},"J5o":{"weight":1.0,"played":[1.0,0.0],"evs":[0.0,-1.1499]},"Q5o":{"weight":1.0,"played":[1.0,0.0],"evs":[0.0,-1.13003]},"K5o":{"weight":1.0,"played":[1.0,0.0],"evs":[0.0,-0.91306]},"A5o":{"weight":1.0,"played":[1.0,0.0],"evs":[0.0,-0.59736]},"62s":{"weight":1.0,"played":[0.9997,3.0E-4],"evs":[0.0,-1.03779]},"63s":{"weight":1.0,"played":[0.9898,0.0102],"evs":[0.0,-0.74695]},"64s":{"weight":1.0,"played":[0.9964,0.0036],"evs":[0.0,-0.65192]},"65s":{"weight":1.0,"played":[0.9921,0.0079],"evs":[0.0,-0.34169]},"66":{"weight":1.0,"played":[0.0,1.0],"evs":[0.0,0.72639]},"76o":{"weight":1.0,"played":[0.9998,2.0E-4],"evs":[0.0,-0.71711]},"86o":{"weight":1.0,"played":[1.0,0.0],"evs":[0.0,-0.65497]},"96o":{"weight":1.0,"played":[0.9999,1.0E-4],"evs":[0.0,-0.89069]},"T6o":{"weight":1.0,"played":[1.0,0.0],"evs":[0.0,-1.08141]},"J6o":{"weight":1.0,"played":[1.0,0.0],"evs":[0.0,-1.16202]},"Q6o":{"weight":1.0,"played":[1.0,0.0],"evs":[0.0,-0.93234]},"K6o":{"weight":1.0,"played":[1.0,0.0],"evs":[0.0,-0.8608]},"A6o":{"weight":1.0,"played":[1.0,0.0],"evs":[0.0,-0.74891]},"72s":{"weight":1.0,"played":[1.0,0.0],"evs":[0.0,-1.00248]},"73s":{"weight":1.0,"played":[0.9996,4.0E-4],"evs":[0.0,-0.86517]},"74s":{"weight":1.0,"played":[1.0,0.0],"evs":[0.0,-0.40799]},"75s":{"weight":1.0,"played":[0.9997,3.0E-4],"evs":[0.0,-0.34241]},"76s":{"weight":1.0,"played":[0.9882,0.0118],"evs":[0.0,-0.11666]},"77":{"weight":1.0,"played":[0.0,1.0],"evs":[0.0,1.0465]},"87o":{"weight":1.0,"played":[0.9998,2.0E-4],"evs":[0.0,-0.53897]},"97o":{"weight":1.0,"played":[1.0,0.0],"evs":[0.0,-0.63419]},"T7o":{"weight":1.0,"played":[1.0,0.0],"evs":[0.0,-0.81565]},"J7o":{"weight":1.0,"played":[1.0,0.0],"evs":[0.0,-0.94594]},"Q7o":{"weight":1.0,"played":[1.0,0.0],"evs":[0.0,-0.84249]},"K7o":{"weight":1.0,"played":[0.9999,1.0E-4],"evs":[0.0,-0.71125]},"A7o":{"weight":1.0,"played":[0.9998,2.0E-4],"evs":[0.0,-0.3814]},"82s":{"weight":1.0,"played":[1.0,0.0],"evs":[0.0,-0.99856]},"83s":{"weight":1.0,"played":[0.9999,1.0E-4],"evs":[0.0,-0.88839]},"84s":{"weight":1.0,"played":[0.9996,4.0E-4],"evs":[0.0,-0.70534]},"85s":{"weight":1.0,"played":[1.0,0.0],"evs":[0.0,-0.41653]},"86s":{"weight":1.0,"played":[0.9824,0.0176],"evs":[0.0,-0.19422]},"87s":{"weight":1.0,"played":[0.9358,0.0642],"evs":[0.0,-0.01385]},"88":{"weight":1.0,"played":[0.0,1.0],"evs":[0.0,1.37884]},"98o":{"weight":1.0,"played":[1.0,0.0],"evs":[0.0,-0.47068]},"T8o":{"weight":1.0,"played":[1.0,0.0],"evs":[0.0,-0.52355]},"J8o":{"weight":1.0,"played":[1.0,0.0],"evs":[0.0,-0.59491]},"Q8o":{"weight":1.0,"played":[1.0,0.0],"evs":[0.0,-0.54716]},"K8o":{"weight":1.0,"played":[1.0,0.0],"evs":[0.0,-0.67886]},"A8o":{"weight":1.0,"played":[0.9877,0.0123],"evs":[0.0,-0.18981]},"92s":{"weight":1.0,"played":[0.9999,1.0E-4],"evs":[0.0,-0.87202]},"93s":{"weight":1.0,"played":[1.0,0.0],"evs":[0.0,-0.76206]},"94s":{"weight":1.0,"played":[1.0,0.0],"evs":[0.0,-0.77991]},"95s":{"weight":1.0,"played":[0.9965,0.0035],"evs":[0.0,-0.77893]},"96s":{"weight":1.0,"played":[0.9003,0.0997],"evs":[0.0,-0.45307]},"97s":{"weight":1.0,"played":[0.3366,0.6634],"evs":[0.0,0.02989]},"98s":{"weight":1.0,"played":[0.0194,0.9806],"evs":[0.0,0.14121]},"99":{"weight":1.0,"played":[0.0,1.0],"evs":[0.0,1.57698]},"T9o":{"weight":1.0,"played":[0.9997,3.0E-4],"evs":[0.0,-0.35401]},"J9o":{"weight":1.0,"played":[1.0,0.0],"evs":[0.0,-0.42369]},"Q9o":{"weight":1.0,"played":[0.9999,1.0E-4],"evs":[0.0,-0.38325]},"K9o":{"weight":1.0,"played":[1.0,0.0],"evs":[0.0,-0.51471]},"A9o":{"weight":1.0,"played":[0.1959,0.8041],"evs":[0.0,0.08061]},"T2s":{"weight":1.0,"played":[0.9999,1.0E-4],"evs":[0.0,-1.05295]},"T3s":{"weight":1.0,"played":[0.9994,6.0E-4],"evs":[0.0,-0.9794]},"T4s":{"weight":1.0,"played":[1.0,0.0],"evs":[0.0,-0.59058]},"T5s":{"weight":1.0,"played":[1.0,0.0],"evs":[0.0,-0.79083]},"T6s":{"weight":1.0,"played":[0.9983,0.0017],"evs":[0.0,-0.52673]},"T7s":{"weight":1.0,"played":[0.9581,0.0419],"evs":[0.0,-0.30009]},"T8s":{"weight":1.0,"played":[0.2515,0.7485],"evs":[0.0,0.08903]},"T9s":{"weight":1.0,"played":[0.2911,0.7089],"evs":[0.0,0.2639]},"TT":{"weight":1.0,"played":[0.0,1.0],"evs":[0.0,2.22435]},"JTo":{"weight":1.0,"played":[0.6956,0.3044],"evs":[0.0,-0.05151]},"QTo":{"weight":1.0,"played":[0.5573,0.4427],"evs":[0.0,0.00768]},"KTo":{"weight":1.0,"played":[0.4417,0.5583],"evs":[0.0,0.01725]},"ATo":{"weight":1.0,"played":[0.0,1.0],"evs":[0.0,0.82819]},"J2s":{"weight":1.0,"played":[0.9999,1.0E-4],"evs":[0.0,-0.58261]},"J3s":{"weight":1.0,"played":[0.9999,1.0E-4],"evs":[0.0,-0.83801]},"J4s":{"weight":1.0,"played":[1.0,0.0],"evs":[0.0,-0.65912]},"J5s":{"weight":1.0,"played":[1.0,0.0],"evs":[0.0,-0.5541]},"J6s":{"weight":1.0,"played":[1.0,0.0],"evs":[0.0,-0.48049]},"J7s":{"weight":1.0,"played":[0.998,0.002],"evs":[0.0,-0.33064]},"J8s":{"weight":1.0,"played":[0.8763,0.1237],"evs":[0.0,-0.11322]},"J9s":{"weight":1.0,"played":[0.0584,0.9416],"evs":[0.0,0.28787]},"JTs":{"weight":1.0,"played":[0.0028,0.9972],"evs":[0.0,0.37424]},"JJ":{"weight":1.0,"played":[0.0,1.0],"evs":[0.0,2.90552]},"QJo":{"weight":1.0,"played":[0.0517,0.9483],"evs":[0.0,0.19005]},"KJo":{"weight":1.0,"played":[0.0,1.0],"evs":[0.0,0.30326]},"AJo":{"weight":1.0,"played":[0.0,1.0],"evs":[0.0,1.22092]},"Q2s":{"weight":1.0,"played":[0.9993,7.0E-4],"evs":[0.0,-0.67251]},"Q3s":{"weight":1.0,"played":[0.9986,0.0014],"evs":[0.0,-0.33865]},"Q4s":{"weight":1.0,"played":[0.9937,0.0063],"evs":[0.0,-0.55855]},"Q5s":{"weight":1.0,"played":[0.9996,4.0E-4],"evs":[0.0,-0.5493]},"Q6s":{"weight":1.0,"played":[0.9702,0.0298],"evs":[0.0,-0.27507]},"Q7s":{"weight":1.0,"played":[0.9864,0.0136],"evs":[0.0,-0.2638]},"Q8s":{"weight":1.0,"played":[0.8807,0.1193],"evs":[0.0,-0.16607]},"Q9s":{"weight":1.0,"played":[0.2667,0.7333],"evs":[0.0,0.07632]},"QTs":{"weight":1.0,"played":[0.0169,0.9831],"evs":[0.0,0.40438]},"QJs":{"weight":1.0,"played":[0.0053,0.9947],"evs":[0.0,0.67713]},"QQ":{"weight":1.0,"played":[0.0,1.0],"evs":[0.0,3.80156]},"KQo":{"weight":1.0,"played":[0.0,1.0],"evs":[0.0,0.60715]},"AQo":{"weight":1.0,"played":[0.0,1.0],"evs":[0.0,1.79559]},"K2s":{"weight":1.0,"played":[0.9972,0.0028],"evs":[0.0,-0.64241]},"K3s":{"weight":1.0,"played":[0.9996,4.0E-4],"evs":[0.0,-0.55097]},"K4s":{"weight":1.0,"played":[0.9962,0.0038],"evs":[0.0,-0.37738]},"K5s":{"weight":1.0,"played":[0.9992,8.0E-4],"evs":[0.0,-0.27478]},"K6s":{"weight":1.0,"played":[0.9872,0.0128],"evs":[0.0,-0.24507]},"K7s":{"weight":1.0,"played":[0.9936,0.0064],"evs":[0.0,-0.21318]},"K8s":{"weight":1.0,"played":[0.9912,0.0088],"evs":[0.0,-0.26877]},"K9s":{"weight":1.0,"played":[0.3584,0.6416],"evs":[0.0,-0.05283]},"KTs":{"weight":1.0,"played":[0.0,1.0],"evs":[0.0,0.45525]},"KJs":{"weight":1.0,"played":[9.0E-4,0.9991],"evs":[0.0,0.7205]},"KQs":{"weight":1.0,"played":[0.0,1.0],"evs":[0.0,1.15689]},"KK":{"weight":1.0,"played":[0.0,1.0],"evs":[0.0,4.74756]},"AKo":{"weight":1.0,"played":[0.0,1.0],"evs":[0.0,2.46511]},"A2s":{"weight":1.0,"played":[0.9998,2.0E-4],"evs":[0.0,-0.47107]},"A3s":{"weight":1.0,"played":[0.9941,0.0059],"evs":[0.0,-0.28644]},"A4s":{"weight":1.0,"played":[0.9985,0.0015],"evs":[0.0,-0.40768]},"A5s":{"weight":1.0,"played":[0.9062,0.0938],"evs":[0.0,-0.287]},"A6s":{"weight":1.0,"played":[0.9957,0.0043],"evs":[0.0,-0.19318]},"A7s":{"weight":1.0,"played":[0.3909,0.6091],"evs":[0.0,0.07038]},"A8s":{"weight":1.0,"played":[0.0032,0.9968],"evs":[0.0,0.40199]},"A9s":{"weight":1.0,"played":[0.0,1.0],"evs":[0.0,0.53693]},"ATs":{"weight":1.0,"played":[1.0E-4,0.9999],"evs":[0.0,1.23544]},"AJs":{"weight":1.0,"played":[1.0E-4,0.9999],"evs":[0.0,1.68905]},"AQs":{"weight":1.0,"played":[0.0,1.0],"evs":[0.0,2.25033]},"AKs":{"weight":1.0,"played":[0.0,1.0],"evs":[0.0,2.90376]},"AA":{"weight":1.0,"played":[0.0,1.0],"evs":[0.0,6.83003]}}}