{"player":4,"street":0,"children":2,"sequence":[{"player":0,"type":"F","amount":0,"street":0},{"player":1,"type":"F","amount":0,"street":0},{"player":2,"type":"R","amount":8160000,"street":0},{"player":3,"type":"C","amount":8160000,"street":0}],"actions":[{"type":"F","amount":0,"node":14},{"type":"C","amount":6240000,"node":15}],"hands":{"22":{"weight":1.0,"played":[1.0,0.0],"evs":[0.0,-1.67842]},"32o":{"weight":1.0,"played":[1.0,0.0],"evs":[0.0,-3.01809]},"42o":{"weight":1.0,"played":[1.0,0.0],"evs":[0.0,-2.97115]},"52o":{"weight":1.0,"played":[1.0,0.0],"evs":[0.0,-2.82968]},"62o":{"weight":1.0,"played":[1.0,0.0],"evs":[0.0,-3.01361]},"72o":{"weight":1.0,"played":[1.0,0.0],"evs":[0.0,-2.96171]},"82o":{"weight":1.0,"played":[1.0,0.0],"evs":[0.0,-2.94508]},"92o":{"weight":1.0,"played":[1.0,0.0],"evs":[0.0,-2.9671]},"T2o":{"weight":1.0,"played":[1.0,0.0],"evs":[0.0,-2.84519]},"J2o":{"weight":1.0,"played":[1.0,0.0],"evs":[0.0,-2.79594]},"Q2o":{"weight":1.0,"played":[1.0,0.0],"evs":[0.0,-2.64097]},"K2o":{"weight":1.0,"played":[1.0,0.0],"evs":[0.0,-2.48546]},"A2o":{"weight":1.0,"played":[1.0,0.0],"evs":[0.0,-2.11507]},"32s":{"weight":1.0,"played":[1.0,0.0],"evs":[0.0,-2.34856]},"33":{"weight":1.0,"played":[1.0,0.0],"evs":[0.0,-1.37384]},"43o":{"weight":1.0,"played":[1.0,0.0],"evs":[0.0,-2.67764]},"53o":{"weight":1.0,"played":[1.0,0.0],"evs":[0.0,-2.58622]},"63o":{"weight":1.0,"played":[1.0,0.0],"evs":[0.0,-2.66343]},"73o":{"weight":1.0,"played":[1.0,0.0],"evs":[0.0,-2.71549]},"83o":{"weight":1.0,"played":[1.0,0.0],"evs":[0.0,-2.84937]},"93o":{"weight":1.0,"played":[1.0,0.0],"evs":[0.0,-2.88994]},"T3o":{"weight":1.0,"played":[1.0,0.0],"evs":[0.0,-2.76485]},"J3o":{"weight":1.0,"played":[1.0,0.0],"evs":[0.0,-2.66299]},"Q3o":{"weight":1.0,"played":[1.0,0.0],"evs":[0.0,-2.44702]},"K3o":{"weight":1.0,"played":[1.0,0.0],"evs":[0.0,-2.40982]},"A3o":{"weight":1.0,"played":[1.0,0.0],"evs":[0.0,-2.02706]},"42s":{"weight":1.0,"played":[1.0,0.0],"evs":[0.0,-2.26252]},"43s":{"weight":1.0,"played":[1.0,0.0],"evs":[0.0,-2.03596]},"44":{"weight":1.0,"played":[1.0,0.0],"evs":[0.0,-1.12412]},"54o":{"weight":1.0,"played":[1.0,0.0],"evs":[0.0,-2.26235]},"64o":{"weight":1.0,"played":[1.0,0.0],"evs":[0.0,-2.45955]},"74o":{"weight":1.0,"played":[1.0,0.0],"evs":[0.0,-2.34502]},"84o":{"weight":1.0,"played":[1.0,0.0],"evs":[0.0,-2.54459]},"94o":{"weight":1.0,"played":[1.0,0.0],"evs":[0.0,-2.83329]},"T4o":{"weight":1.0,"played":[1.0,0.0],"evs":[0.0,-2.65618]},"J4o":{"weight":1.0,"played":[1.0,0.0],"evs":[0.0,-2.65408]},"Q4o":{"weight":1.0,"played":[1.0,0.0],"evs":[0.0,-2.38337]},"K4o":{"weight":1.0,"played":[1.0,0.0],"evs":[0.0,-2.24644]},"A4o":{"weight":1.0,"played":[1.0,0.0],"evs":[0.0,-1.79878]},"52s":{"weight":1.0,"played":[1.0,0.0],"evs":[0.0,-2.27738]},"53s":{"weight":1.0,"played":[1.0,0.0],"evs":[0.0,-1.9085]},"54s":{"weight":1.0,"played":[1.0,0.0],"evs":[0.0,-1.74334]},"55":{"weight":1.0,"played":[1.0,0.0],"evs":[0.0,-0.92976]},"65o":{"weight":1.0,"played":[1.0,0.0],"evs":[0.0,-2.16802]},"75o":{"weight":1.0,"played":[1.0,0.0],"evs":[0.0,-2.2325]},"85o":{"weight":1.0,"played":[1.0,0.0],"evs":[0.0,-2.36366]},"95o":{"weight":1.0,"played":[1.0,0.0],"evs":[0.0,-2.5242]},"T5o":{"weight":1.0,"played":[1.0,0.0],"evs":[0.0,-2.59647]},"J5o":{"weight":1.0,"played":[1.0,0.0],"evs":[0.0,-2.46836]},"Q5o":{"weight":1.0,"played":[1.0,0.0],"evs":[0.0,-2.29679]},"K5o":{"weight":1.0,"played":[1.0,0.0],"evs":[0.0,-2.14625]},"A5o":{"weight":1.0,"played":[1.0,0.0],"evs":[0.0,-1.66102]},"62s":{"weight":1.0,"played":[1.0,0.0],"evs":[0.0,-2.47965]},"63s":{"weight":1.0,"played":[1.0,0.0],"evs":[0.0,-2.11278]},"64s":{"weight":1.0,"played":[1.0,0.0],"evs":[0.0,-1.77697]},"65s":{"weight":1.0,"played":[1.0,0.0],"evs":[0.0,-1.58331]},"66":{"weight":1.0,"played":[0.9998,2.0E-4],"evs":[0.0,-0.63681]},"76o":{"weight":1.0,"played":[1.0,0.0],"evs":[0.0,-2.00851]},"86o":{"weight":1.0,"played":[1.0,0.0],"evs":[0.0,-1.99478]},"96o":{"weight":1.0,"played":[1.0,0.0],"evs":[0.0,-2.21563]},"T6o":{"weight":1.0,"played":[1.0,0.0],"evs":[0.0,-2.30743]},"J6o":{"weight":1.0,"played":[1.0,0.0],"evs":[0.0,-2.36066]},"Q6o":{"weight":1.0,"played":[1.0,0.0],"evs":[0.0,-2.21872]},"K6o":{"weight":1.0,"played":[1.0,0.0],"evs":[0.0,-2.0339]},"A6o":{"weight":1.0,"played":[1.0,0.0],"evs":[0.0,-1.79049]},"72s":{"weight":1.0,"played":[1.0,0.0],"evs":[0.0,-2.46176]},"73s":{"weight":1.0,"played":[1.0,0.0],"evs":[0.0,-2.07443]},"74s":{"weight":1.0,"played":[1.0,0.0],"evs":[0.0,-1.86175]},"75s":{"weight":1.0,"played":[1.0,0.0],"evs":[0.0,-1.50914]},"76s":{"weight":1.0,"played":[0.9999,1.0E-4],"evs":[0.0,-1.42811]},"77":{"weight":1.0,"played":[0.9625,0.0375],"evs":[0.0,-0.17056]},"87o":{"weight":1.0,"played":[1.0,0.0],"evs":[0.0,-1.83638]},"97o":{"weight":1.0,"played":[1.0,0.0],"evs":[0.0,-2.00793]},"T7o":{"weight":1.0,"played":[1.0,0.0],"evs":[0.0,-2.09645]},"J7o":{"weight":1.0,"played":[1.0,0.0],"evs":[0.0,-2.11537]},"Q7o":{"weight":1.0,"played":[1.0,0.0],"evs":[0.0,-2.1265]},"K7o":{"weight":1.0,"played":[1.0,0.0],"evs":[0.0,-1.99833]},"A7o":{"weight":1.0,"played":[1.0,0.0],"evs":[0.0,-1.43856]},"82s":{"weight":1.0,"played":[1.0,0.0],"evs":[0.0,-2.4218]},"83s":{"weight":1.0,"played":[1.0,0.0],"evs":[0.0,-2.32283]},"84s":{"weight":1.0,"played":[1.0,0.0],"evs":[0.0,-2.05403]},"85s":{"weight":1.0,"played":[1.0,0.0],"evs":[0.0,-1.61288]},"86s":{"weight":1.0,"played":[0.9999,1.0E-4],"evs":[0.0,-1.54604]},"87s":{"weight":1.0,"played":[1.0,0.0],"evs":[0.0,-1.34099]},"88":{"weight":1.0,"played":[0.0121,0.9879],"evs":[0.0,0.1525]},"98o":{"weight":1.0,"played":[1.0,0.0],"evs":[0.0,-1.76654]},"T8o":{"weight":1.0,"played":[1.0,0.0],"evs":[0.0,-1.95634]},"J8o":{"weight":1.0,"played":[1.0,0.0],"evs":[0.0,-1.93799]},"Q8o":{"weight":1.0,"played":[1.0,0.0],"evs":[0.0,-1.90527]},"K8o":{"weight":1.0,"played":[1.0,0.0],"evs":[0.0,-1.84555]},"A8o":{"weight":1.0,"played":[1.0,0.0],"evs":[0.0,-1.27333]},"92s":{"weight":1.0,"played":[1.0,0.0],"evs":[0.0,-2.38348]},"93s":{"weight":1.0,"played":[1.0,0.0],"evs":[0.0,-2.30883]},"94s":{"weight":1.0,"played":[1.0,0.0],"evs":[0.0,-2.35227]},"95s":{"weight":1.0,"played":[1.0,0.0],"evs":[0.0,-1.92247]},"96s":{"weight":1.0,"played":[1.0,0.0],"evs":[0.0,-1.73809]},"97s":{"weight":1.0,"played":[1.0,0.0],"evs":[0.0,-1.46451]},"98s":{"weight":1.0,"played":[1.0,0.0],"evs":[0.0,-1.16471]},"99":{"weight":1.0,"played":[1.0E-4,0.9999],"evs":[0.0,0.44726]},"T9o":{"weight":1.0,"played":[1.0,0.0],"evs":[0.0,-1.59513]},"J9o":{"weight":1.0,"played":[1.0,0.0],"evs":[0.0,-1.76682]},"Q9o":{"weight":1.0,"played":[1.0,0.0],"evs":[0.0,-1.73568]},"K9o":{"weight":1.0,"played":[1.0,0.0],"evs":[0.0,-1.65048]},"A9o":{"weight":1.0,"played":[1.0,0.0],"evs":[0.0,-0.9693]},"T2s":{"weight":1.0,"played":[1.0,0.0],"evs":[0.0,-2.31831]},"T3s":{"weight":1.0,"played":[1.0,0.0],"evs":[0.0,-2.09744]},"T4s":{"weight":1.0,"played":[1.0,0.0],"evs":[0.0,-2.02922]},"T5s":{"weight":1.0,"played":[1.0,0.0],"evs":[0.0,-2.07458]},"T6s":{"weight":1.0,"played":[1.0,0.0],"evs":[0.0,-1.52899]},"T7s":{"weight":1.0,"played":[1.0,0.0],"evs":[0.0,-1.60611]},"T8s":{"weight":1.0,"played":[1.0,0.0],"evs":[0.0,-1.34159]},"T9s":{"weight":1.0,"played":[1.0,0.0],"evs":[0.0,-0.93053]},"TT":{"weight":1.0,"played":[1.0E-4,0.9999],"evs":[0.0,1.11035]},"JTo":{"weight":1.0,"played":[1.0,0.0],"evs":[0.0,-1.38283]},"QTo":{"weight":1.0,"played":[1.0,0.0],"evs":[0.0,-1.24622]},"KTo":{"weight":1.0,"played":[1.0,0.0],"evs":[0.0,-1.09365]},"ATo":{"weight":1.0,"played":[0.9997,3.0E-4],"evs":[0.0,-0.29079]},"J2s":{"weight":1.0,"played":[1.0,0.0],"evs":[0.0,-2.23473]},"J3s":{"weight":1.0,"played":[1.0,0.0],"evs":[0.0,-1.92683]},"J4s":{"weight":1.0,"played":[1.0,0.0],"evs":[0.0,-2.02157]},"J5s":{"weight":1.0,"played":[1.0,0.0],"evs":[0.0,-1.93831]},"J6s":{"weight":1.0,"played":[1.0,0.0],"evs":[0.0,-1.83358]},"J7s":{"weight":1.0,"played":[1.0,0.0],"evs":[0.0,-1.57711]},"J8s":{"weight":1.0,"played":[1.0,0.0],"evs":[0.0,-1.35761]},"J9s":{"weight":1.0,"played":[1.0,0.0],"evs":[0.0,-1.17811]},"JTs":{"weight":1.0,"played":[0.9999,1.0E-4],"evs":[0.0,-0.91182]},"JJ":{"weight":1.0,"played":[0.0,1.0],"evs":[0.0,1.83728]},"QJo":{"weight":1.0,"played":[1.0,0.0],"evs":[0.0,-1.00058]},"KJo":{"weight":1.0,"played":[1.0,0.0],"evs":[0.0,-0.88289]},"AJo":{"weight":1.0,"played":[0.0046,0.9954],"evs":[0.0,0.2123]},"Q2s":{"weight":1.0,"played":[1.0,0.0],"evs":[0.0,-1.87719]},"Q3s":{"weight":1.0,"played":[1.0,0.0],"evs":[0.0,-1.93843]},"Q4s":{"weight":1.0,"played":[1.0,0.0],"evs":[0.0,-1.85604]},"Q5s":{"weight":1.0,"played":[1.0,0.0],"evs":[0.0,-1.50583]},"Q6s":{"weight":1.0,"played":[1.0,0.0],"evs":[0.0,-1.71885]},"Q7s":{"weight":1.0,"played":[1.0,0.0],"evs":[0.0,-1.4525]},"Q8s":{"weight":1.0,"played":[1.0,0.0],"evs":[0.0,-1.29979]},"Q9s":{"weight":1.0,"played":[1.0,0.0],"evs":[0.0,-1.09293]},"QTs":{"weight":1.0,"played":[1.0,0.0],"evs":[0.0,-0.75535]},"QJs":{"weight":1.0,"played":[0.9991,9.0E-4],"evs":[0.0,-0.47588]},"QQ":{"weight":1.0,"played":[0.0,1.0],"evs":[0.0,2.72502]},"KQo":{"weight":1.0,"played":[1.0,0.0],"evs":[0.0,-0.46973]},"AQo":{"weight":1.0,"played":[0.0,1.0],"evs":[0.0,0.70843]},"K2s":{"weight":1.0,"played":[1.0,0.0],"evs":[0.0,-1.84938]},"K3s":{"weight":1.0,"played":[1.0,0.0],"evs":[0.0,-1.76707]},"K4s":{"weight":1.0,"played":[1.0,0.0],"evs":[0.0,-1.70363]},"K5s":{"weight":1.0,"played":[0.9998,2.0E-4],"evs":[0.0,-1.7]},"K6s":{"weight":1.0,"played":[1.0,0.0],"evs":[0.0,-1.58663]},"K7s":{"weight":1.0,"played":[0.9999,1.0E-4],"evs":[0.0,-1.39687]},"K8s":{"weight":1.0,"played":[1.0,0.0],"evs":[0.0,-1.2501]},"K9s":{"weight":1.0,"played":[1.0,0.0],"evs":[0.0,-0.99028]},"KTs":{"weight":1.0,"played":[0.9995,5.0E-4],"evs":[0.0,-0.56905]},"KJs":{"weight":1.0,"played":[0.9999,1.0E-4],"evs":[0.0,-0.33005]},"KQs":{"weight":1.0,"played":[0.9757,0.0243],"evs":[0.0,-0.14541]},"KK":{"weight":1.0,"played":[0.0,1.0],"evs":[0.0,3.88796]},"AKo":{"weight":1.0,"played":[0.0,1.0],"evs":[0.0,1.27439]},"A2s":{"weight":1.0,"played":[0.9999,1.0E-4],"evs":[0.0,-1.55536]},"A3s":{"weight":1.0,"played":[1.0,0.0],"evs":[0.0,-1.38708]},"A4s":{"weight":1.0,"played":[1.0,0.0],"evs":[0.0,-1.28829]},"A5s":{"weight":1.0,"played":[1.0,0.0],"evs":[0.0,-1.01085]},"A6s":{"weight":1.0,"played":[1.0,0.0],"evs":[0.0,-1.10952]},"A7s":{"weight":1.0,"played":[1.0,0.0],"evs":[0.0,-0.8817]},"A8s":{"weight":1.0,"played":[1.0,0.0],"evs":[0.0,-0.73975]},"A9s":{"weight":1.0,"played":[0.9999,1.0E-4],"evs":[0.0,-0.40912]},"ATs":{"weight":1.0,"played":[0.0028,0.9972],"evs":[0.0,0.24177]},"AJs":{"weight":1.0,"played":[1.0E-4,0.9999],"evs":[0.0,0.60649]},"AQs":{"weight":1.0,"played":[0.0,1.0],"evs":[0.0,1.2142]},"AKs":{"weight":1.0,"played":[0.0,1.0],"evs":[0.0,1.68281]},"AA":{"weight":1.0,"played":[0.0,1.0],"evs":[0.0,5.58857]}}}