{"player":4,"street":0,"children":2,"sequence":[{"player":0,"type":"F","amount":0,"street":0},{"player":1,"type":"R","amount":12640000,"street":0},{"player":2,"type":"F","amount":0,"street":0},{"player":3,"type":"F","amount":0,"street":0}],"actions":[{"type":"F","amount":0,"node":19},{"type":"C","amount":6240000,"node":20}],"hands":{"22":{"weight":1.0,"played":[0.9995,5.0E-4],"evs":[0.0,-0.08655]},"32o":{"weight":1.0,"played":[1.0,0.0],"evs":[0.0,-1.94444]},"42o":{"weight":1.0,"played":[1.0,0.0],"evs":[0.0,-1.86959]},"52o":{"weight":1.0,"played":[1.0,0.0],"evs":[0.0,-1.78624]},"62o":{"weight":1.0,"played":[1.0,0.0],"evs":[0.0,-1.86609]},"72o":{"weight":1.0,"played":[1.0,0.0],"evs":[0.0,-1.95875]},"82o":{"weight":1.0,"played":[1.0,0.0],"evs":[0.0,-1.82395]},"92o":{"weight":1.0,"played":[1.0,0.0],"evs":[0.0,-1.72042]},"T2o":{"weight":1.0,"played":[1.0,0.0],"evs":[0.0,-1.54393]},"J2o":{"weight":1.0,"played":[1.0,0.0],"evs":[0.0,-1.30953]},"Q2o":{"weight":1.0,"played":[1.0,0.0],"evs":[0.0,-0.96922]},"K2o":{"weight":1.0,"played":[1.0,0.0],"evs":[0.0,-0.43466]},"A2o":{"weight":1.0,"played":[0.0,1.0],"evs":[0.0,0.40712]},"32s":{"weight":1.0,"played":[1.0,0.0],"evs":[0.0,-1.44022]},"33":{"weight":1.0,"played":[0.0,1.0],"evs":[0.0,0.12501]},"43o":{"weight":1.0,"played":[1.0,0.0],"evs":[0.0,-1.68069]},"53o":{"weight":1.0,"played":[1.0,0.0],"evs":[0.0,-1.57708]},"63o":{"weight":1.0,"played":[1.0,0.0],"evs":[0.0,-1.68538]},"73o":{"weight":1.0,"played":[1.0,0.0],"evs":[0.0,-1.7518]},"83o":{"weight":1.0,"played":[1.0,0.0],"evs":[0.0,-1.80682]},"93o":{"weight":1.0,"played":[1.0,0.0],"evs":[0.0,-1.63971]},"T3o":{"weight":1.0,"played":[1.0,0.0],"evs":[0.0,-1.46696]},"J3o":{"weight":1.0,"played":[1.0,0.0],"evs":[0.0,-1.23507]},"Q3o":{"weight":1.0,"played":[1.0,0.0],"evs":[0.0,-0.8796]},"K3o":{"weight":1.0,"played":[1.0,0.0],"evs":[0.0,-0.37379]},"A3o":{"weight":1.0,"played":[0.0,1.0],"evs":[0.0,0.50234]},"42s":{"weight":1.0,"played":[1.0,0.0],"evs":[0.0,-1.33052]},"43s":{"weight":1.0,"played":[1.0,0.0],"evs":[0.0,-1.17877]},"44":{"weight":1.0,"played":[0.0,1.0],"evs":[0.0,0.41671]},"54o":{"weight":1.0,"played":[1.0,0.0],"evs":[0.0,-1.35619]},"64o":{"weight":1.0,"played":[1.0,0.0],"evs":[0.0,-1.4842]},"74o":{"weight":1.0,"played":[1.0,0.0],"evs":[0.0,-1.54163]},"84o":{"weight":1.0,"played":[1.0,0.0],"evs":[0.0,-1.60433]},"94o":{"weight":1.0,"played":[1.0,0.0],"evs":[0.0,-1.5919]},"T4o":{"weight":1.0,"played":[1.0,0.0],"evs":[0.0,-1.36998]},"J4o":{"weight":1.0,"played":[1.0,0.0],"evs":[0.0,-1.15767]},"Q4o":{"weight":1.0,"played":[1.0,0.0],"evs":[0.0,-0.79679]},"K4o":{"weight":1.0,"played":[1.0,0.0],"evs":[0.0,-0.28065]},"A4o":{"weight":1.0,"played":[0.0,1.0],"evs":[0.0,0.58863]},"52s":{"weight":1.0,"played":[1.0,0.0],"evs":[0.0,-1.30808]},"53s":{"weight":1.0,"played":[1.0,0.0],"evs":[0.0,-1.03322]},"54s":{"weight":1.0,"played":[1.0,0.0],"evs":[0.0,-0.8892]},"55":{"weight":1.0,"played":[0.0,1.0],"evs":[0.0,0.64711]},"65o":{"weight":1.0,"played":[1.0,0.0],"evs":[0.0,-1.24727]},"75o":{"weight":1.0,"played":[1.0,0.0],"evs":[0.0,-1.32123]},"85o":{"weight":1.0,"played":[1.0,0.0],"evs":[0.0,-1.35659]},"95o":{"weight":1.0,"played":[1.0,0.0],"evs":[0.0,-1.36419]},"T5o":{"weight":1.0,"played":[1.0,0.0],"evs":[0.0,-1.31425]},"J5o":{"weight":1.0,"played":[1.0,0.0],"evs":[0.0,-1.06248]},"Q5o":{"weight":1.0,"played":[1.0,0.0],"evs":[0.0,-0.68109]},"K5o":{"weight":1.0,"played":[1.0,0.0],"evs":[0.0,-0.15523]},"A5o":{"weight":1.0,"played":[0.0,1.0],"evs":[0.0,0.70157]},"62s":{"weight":1.0,"played":[1.0,0.0],"evs":[0.0,-1.34901]},"63s":{"weight":1.0,"played":[1.0,0.0],"evs":[0.0,-1.18702]},"64s":{"weight":1.0,"played":[1.0,0.0],"evs":[0.0,-0.98094]},"65s":{"weight":1.0,"played":[1.0,0.0],"evs":[0.0,-0.74852]},"66":{"weight":1.0,"played":[0.0,1.0],"evs":[0.0,1.02163]},"76o":{"weight":1.0,"played":[1.0,0.0],"evs":[0.0,-1.10143]},"86o":{"weight":1.0,"played":[1.0,0.0],"evs":[0.0,-1.10971]},"96o":{"weight":1.0,"played":[1.0,0.0],"evs":[0.0,-1.12691]},"T6o":{"weight":1.0,"played":[1.0,0.0],"evs":[0.0,-1.08091]},"J6o":{"weight":1.0,"played":[1.0,0.0],"evs":[0.0,-1.01338]},"Q6o":{"weight":1.0,"played":[1.0,0.0],"evs":[0.0,-0.56293]},"K6o":{"weight":1.0,"played":[0.9993,7.0E-4],"evs":[0.0,-0.02689]},"A6o":{"weight":1.0,"played":[0.0,1.0],"evs":[0.0,0.7497]},"72s":{"weight":1.0,"played":[1.0,0.0],"evs":[0.0,-1.45712]},"73s":{"weight":1.0,"played":[1.0,0.0],"evs":[0.0,-1.25242]},"74s":{"weight":1.0,"played":[1.0,0.0],"evs":[0.0,-1.02539]},"75s":{"weight":1.0,"played":[1.0,0.0],"evs":[0.0,-0.80339]},"76s":{"weight":1.0,"played":[1.0,0.0],"evs":[0.0,-0.61738]},"77":{"weight":1.0,"played":[0.0,1.0],"evs":[0.0,1.34384]},"87o":{"weight":1.0,"played":[1.0,0.0],"evs":[0.0,-0.93966]},"97o":{"weight":1.0,"played":[1.0,0.0],"evs":[0.0,-0.90659]},"T7o":{"weight":1.0,"played":[1.0,0.0],"evs":[0.0,-0.8248]},"J7o":{"weight":1.0,"played":[1.0,0.0],"evs":[0.0,-0.74797]},"Q7o":{"weight":1.0,"played":[1.0,0.0],"evs":[0.0,-0.42921]},"K7o":{"weight":1.0,"played":[0.0,1.0],"evs":[0.0,0.12687]},"A7o":{"weight":1.0,"played":[0.0,1.0],"evs":[0.0,0.96067]},"82s":{"weight":1.0,"played":[1.0,0.0],"evs":[0.0,-1.31145]},"83s":{"weight":1.0,"played":[1.0,0.0],"evs":[0.0,-1.26759]},"84s":{"weight":1.0,"played":[1.0,0.0],"evs":[0.0,-1.07103]},"85s":{"weight":1.0,"played":[1.0,0.0],"evs":[0.0,-0.8735]},"86s":{"weight":1.0,"played":[1.0,0.0],"evs":[0.0,-0.65058]},"87s":{"weight":1.0,"played":[1.0,0.0],"evs":[0.0,-0.47975]},"88":{"weight":1.0,"played":[0.0,1.0],"evs":[0.0,1.76406]},"98o":{"weight":1.0,"played":[1.0,0.0],"evs":[0.0,-0.68776]},"T8o":{"weight":1.0,"played":[1.0,0.0],"evs":[0.0,-0.56977]},"J8o":{"weight":1.0,"played":[1.0,0.0],"evs":[0.0,-0.46745]},"Q8o":{"weight":1.0,"played":[1.0,0.0],"evs":[0.0,-0.17265]},"K8o":{"weight":1.0,"played":[0.0,1.0],"evs":[0.0,0.2932]},"A8o":{"weight":1.0,"played":[0.0,1.0],"evs":[0.0,1.14932]},"92s":{"weight":1.0,"played":[1.0,0.0],"evs":[0.0,-1.22553]},"93s":{"weight":1.0,"played":[1.0,0.0],"evs":[0.0,-1.16754]},"94s":{"weight":1.0,"played":[1.0,0.0],"evs":[0.0,-1.10665]},"95s":{"weight":1.0,"played":[1.0,0.0],"evs":[0.0,-0.85186]},"96s":{"weight":1.0,"played":[1.0,0.0],"evs":[0.0,-0.6652]},"97s":{"weight":1.0,"played":[1.0,0.0],"evs":[0.0,-0.44804]},"98s":{"weight":1.0,"played":[1.0,0.0],"evs":[0.0,-0.21998]},"99":{"weight":1.0,"played":[0.0,1.0],"evs":[0.0,2.23735]},"T9o":{"weight":1.0,"played":[1.0,0.0],"evs":[0.0,-0.30254]},"J9o":{"weight":1.0,"played":[1.0,0.0],"evs":[0.0,-0.15695]},"Q9o":{"weight":1.0,"played":[1.0E-4,0.9999],"evs":[0.0,0.1652]},"K9o":{"weight":1.0,"played":[0.0,1.0],"evs":[0.0,0.62297]},"A9o":{"weight":1.0,"played":[0.0,1.0],"evs":[0.0,1.37088]},"T2s":{"weight":1.0,"played":[1.0,0.0],"evs":[0.0,-1.02771]},"T3s":{"weight":1.0,"played":[1.0,0.0],"evs":[0.0,-0.94173]},"T4s":{"weight":1.0,"played":[1.0,0.0],"evs":[0.0,-0.89602]},"T5s":{"weight":1.0,"played":[1.0,0.0],"evs":[0.0,-0.83827]},"T6s":{"weight":1.0,"played":[1.0,0.0],"evs":[0.0,-0.59716]},"T7s":{"weight":1.0,"played":[1.0,0.0],"evs":[0.0,-0.37124]},"T8s":{"weight":1.0,"played":[0.9995,5.0E-4],"evs":[0.0,-0.10713]},"T9s":{"weight":1.0,"played":[2.0E-4,0.9998],"evs":[0.0,0.1441]},"TT":{"weight":1.0,"played":[0.0,1.0],"evs":[0.0,2.75024]},"JTo":{"weight":1.0,"played":[0.0,1.0],"evs":[0.0,0.22012]},"QTo":{"weight":1.0,"played":[0.0,1.0],"evs":[0.0,0.56845]},"KTo":{"weight":1.0,"played":[0.0,1.0],"evs":[0.0,1.02638]},"ATo":{"weight":1.0,"played":[0.0,1.0],"evs":[0.0,1.79134]},"J2s":{"weight":1.0,"played":[1.0,0.0],"evs":[0.0,-0.79974]},"J3s":{"weight":1.0,"played":[1.0,0.0],"evs":[0.0,-0.72899]},"J4s":{"weight":1.0,"played":[1.0,0.0],"evs":[0.0,-0.63686]},"J5s":{"weight":1.0,"played":[1.0,0.0],"evs":[0.0,-0.58022]},"J6s":{"weight":1.0,"played":[1.0,0.0],"evs":[0.0,-0.49627]},"J7s":{"weight":1.0,"played":[1.0,0.0],"evs":[0.0,-0.27962]},"J8s":{"weight":1.0,"played":[0.6971,0.3029],"evs":[0.0,0.02832]},"J9s":{"weight":1.0,"played":[0.0,1.0],"evs":[0.0,0.25207]},"JTs":{"weight":1.0,"played":[0.0,1.0],"evs":[0.0,0.60648]},"JJ":{"weight":1.0,"played":[0.0,1.0],"evs":[0.0,3.2322]},"QJo":{"weight":1.0,"played":[0.0,1.0],"evs":[0.0,0.72887]},"KJo":{"weight":1.0,"played":[0.0,1.0],"evs":[0.0,1.23827]},"AJo":{"weight":1.0,"played":[0.0,1.0],"evs":[0.0,2.03372]},"Q2s":{"weight":1.0,"played":[1.0,0.0],"evs":[0.0,-0.46999]},"Q3s":{"weight":1.0,"played":[1.0,0.0],"evs":[0.0,-0.40495]},"Q4s":{"weight":1.0,"played":[1.0,0.0],"evs":[0.0,-0.30142]},"Q5s":{"weight":1.0,"played":[1.0,0.0],"evs":[0.0,-0.21092]},"Q6s":{"weight":1.0,"played":[1.0,0.0],"evs":[0.0,-0.12983]},"Q7s":{"weight":1.0,"played":[0.5962,0.4038],"evs":[0.0,-0.01652]},"Q8s":{"weight":1.0,"played":[0.0,1.0],"evs":[0.0,0.28791]},"Q9s":{"weight":1.0,"played":[0.0,1.0],"evs":[0.0,0.55332]},"QTs":{"weight":1.0,"played":[0.0,1.0],"evs":[0.0,0.91337]},"QJs":{"weight":1.0,"played":[0.0,1.0],"evs":[0.0,1.1091]},"QQ":{"weight":1.0,"played":[0.0,1.0],"evs":[0.0,3.8191]},"KQo":{"weight":1.0,"played":[0.0,1.0],"evs":[0.0,1.50687]},"AQo":{"weight":1.0,"played":[0.0,1.0],"evs":[0.0,2.32936]},"K2s":{"weight":1.0,"played":[0.6662,0.3338],"evs":[0.0,-0.0117]},"K3s":{"weight":1.0,"played":[0.0024,0.9976],"evs":[0.0,0.1072]},"K4s":{"weight":1.0,"played":[1.0E-4,0.9999],"evs":[0.0,0.16567]},"K5s":{"weight":1.0,"played":[0.0,1.0],"evs":[0.0,0.24985]},"K6s":{"weight":1.0,"played":[0.0,1.0],"evs":[0.0,0.44027]},"K7s":{"weight":1.0,"played":[0.0,1.0],"evs":[0.0,0.55573]},"K8s":{"weight":1.0,"played":[0.0,1.0],"evs":[0.0,0.68714]},"K9s":{"weight":1.0,"played":[0.0,1.0],"evs":[0.0,1.02451]},"KTs":{"weight":1.0,"played":[0.0,1.0],"evs":[0.0,1.38602]},"KJs":{"weight":1.0,"played":[0.0,1.0],"evs":[0.0,1.58902]},"KQs":{"weight":1.0,"played":[0.0,1.0],"evs":[0.0,1.81318]},"KK":{"weight":1.0,"played":[0.0,1.0],"evs":[0.0,4.54632]},"AKo":{"weight":1.0,"played":[0.0,1.0],"evs":[0.0,2.67263]},"A2s":{"weight":1.0,"played":[0.0,1.0],"evs":[0.0,0.78744]},"A3s":{"weight":1.0,"played":[0.0,1.0],"evs":[0.0,0.9143]},"A4s":{"weight":1.0,"played":[0.0,1.0],"evs":[0.0,0.99603]},"A5s":{"weight":1.0,"played":[0.0,1.0],"evs":[0.0,1.12025]},"A6s":{"weight":1.0,"played":[0.0,1.0],"evs":[0.0,1.0834]},"A7s":{"weight":1.0,"played":[0.0,1.0],"evs":[0.0,1.34502]},"A8s":{"weight":1.0,"played":[0.0,1.0],"evs":[0.0,1.49431]},"A9s":{"weight":1.0,"played":[0.0,1.0],"evs":[0.0,1.74157]},"ATs":{"weight":1.0,"played":[0.0,1.0],"evs":[0.0,2.121]},"AJs":{"weight":1.0,"played":[0.0,1.0],"evs":[0.0,2.28664]},"AQs":{"weight":1.0,"played":[0.0,1.0],"evs":[0.0,2.58121]},"AKs":{"weight":1.0,"played":[0.0,1.0],"evs":[0.0,2.96983]},"AA":{"weight":1.0,"played":[0.0,1.0],"evs":[0.0,5.4655]}}}