{"player":2,"street":0,"children":2,"sequence":[{"player":0,"type":"F","amount":0,"street":0},{"player":1,"type":"F","amount":0,"street":0}],"actions":[{"type":"F","amount":0,"node":3},{"type":"R","amount":8160000,"node":9}],"hands":{"22":{"weight":1.0,"played":[1.0,0.0],"evs":[0.0,-0.16957]},"32o":{"weight":1.0,"played":[1.0,0.0],"evs":[0.0,-2.04902]},"42o":{"weight":1.0,"played":[1.0,0.0],"evs":[0.0,-2.01357]},"52o":{"weight":1.0,"played":[1.0,0.0],"evs":[0.0,-1.89881]},"62o":{"weight":1.0,"played":[1.0,0.0],"evs":[0.0,-1.977]},"72o":{"weight":1.0,"played":[1.0,0.0],"evs":[0.0,-1.95056]},"82o":{"weight":1.0,"played":[1.0,0.0],"evs":[0.0,-1.82079]},"92o":{"weight":1.0,"played":[1.0,0.0],"evs":[0.0,-1.72924]},"T2o":{"weight":1.0,"played":[1.0,0.0],"evs":[0.0,-1.52242]},"J2o":{"weight":1.0,"played":[1.0,0.0],"evs":[0.0,-1.37055]},"Q2o":{"weight":1.0,"played":[1.0,0.0],"evs":[0.0,-1.05587]},"K2o":{"weight":1.0,"played":[1.0,0.0],"evs":[0.0,-0.70638]},"A2o":{"weight":1.0,"played":[1.0E-4,0.9999],"evs":[0.0,0.16616]},"32s":{"weight":1.0,"played":[1.0,0.0],"evs":[0.0,-1.63084]},"33":{"weight":1.0,"played":[0.3342,0.6658],"evs":[0.0,0.02775]},"43o":{"weight":1.0,"played":[1.0,0.0],"evs":[0.0,-1.80198]},"53o":{"weight":1.0,"played":[1.0,0.0],"evs":[0.0,-1.70283]},"63o":{"weight":1.0,"played":[1.0,0.0],"evs":[0.0,-1.75832]},"73o":{"weight":1.0,"played":[1.0,0.0],"evs":[0.0,-1.73629]},"83o":{"weight":1.0,"played":[1.0,0.0],"evs":[0.0,-1.7599]},"93o":{"weight":1.0,"played":[1.0,0.0],"evs":[0.0,-1.62499]},"T3o":{"weight":1.0,"played":[1.0,0.0],"evs":[0.0,-1.45086]},"J3o":{"weight":1.0,"played":[1.0,0.0],"evs":[0.0,-1.289]},"Q3o":{"weight":1.0,"played":[1.0,0.0],"evs":[0.0,-0.98067]},"K3o":{"weight":1.0,"played":[1.0,0.0],"evs":[0.0,-0.57551]},"A3o":{"weight":1.0,"played":[0.0,1.0],"evs":[0.0,0.23086]},"42s":{"weight":1.0,"played":[1.0,0.0],"evs":[0.0,-1.52103]},"43s":{"weight":1.0,"played":[1.0,0.0],"evs":[0.0,-1.36124]},"44":{"weight":1.0,"played":[0.0,1.0],"evs":[0.0,0.24036]},"54o":{"weight":1.0,"played":[1.0,0.0],"evs":[0.0,-1.51322]},"64o":{"weight":1.0,"played":[1.0,0.0],"evs":[0.0,-1.58383]},"74o":{"weight":1.0,"played":[1.0,0.0],"evs":[0.0,-1.5555]},"84o":{"weight":1.0,"played":[1.0,0.0],"evs":[0.0,-1.55873]},"94o":{"weight":1.0,"played":[1.0,0.0],"evs":[0.0,-1.57152]},"T4o":{"weight":1.0,"played":[1.0,0.0],"evs":[0.0,-1.37663]},"J4o":{"weight":1.0,"played":[1.0,0.0],"evs":[0.0,-1.19938]},"Q4o":{"weight":1.0,"played":[1.0,0.0],"evs":[0.0,-0.91684]},"K4o":{"weight":1.0,"played":[1.0,0.0],"evs":[0.0,-0.50457]},"A4o":{"weight":1.0,"played":[0.0,1.0],"evs":[0.0,0.30787]},"52s":{"weight":1.0,"played":[1.0,0.0],"evs":[0.0,-1.45102]},"53s":{"weight":1.0,"played":[1.0,0.0],"evs":[0.0,-1.2333]},"54s":{"weight":1.0,"played":[1.0,0.0],"evs":[0.0,-1.04819]},"55":{"weight":1.0,"played":[0.0,1.0],"evs":[0.0,0.53843]},"65o":{"weight":1.0,"played":[1.0,0.0],"evs":[0.0,-1.38274]},"75o":{"weight":1.0,"played":[1.0,0.0],"evs":[0.0,-1.32335]},"85o":{"weight":1.0,"played":[1.0,0.0],"evs":[0.0,-1.34236]},"95o":{"weight":1.0,"played":[1.0,0.0],"evs":[0.0,-1.36133]},"T5o":{"weight":1.0,"played":[1.0,0.0],"evs":[0.0,-1.33444]},"J5o":{"weight":1.0,"played":[1.0,0.0],"evs":[0.0,-1.10122]},"Q5o":{"weight":1.0,"played":[1.0,0.0],"evs":[0.0,-0.80984]},"K5o":{"weight":1.0,"played":[1.0,0.0],"evs":[0.0,-0.41027]},"A5o":{"weight":1.0,"played":[0.0,1.0],"evs":[0.0,0.45279]},"62s":{"weight":1.0,"played":[1.0,0.0],"evs":[0.0,-1.53234]},"63s":{"weight":1.0,"played":[1.0,0.0],"evs":[0.0,-1.34763]},"64s":{"weight":1.0,"played":[1.0,0.0],"evs":[0.0,-1.14168]},"65s":{"weight":1.0,"played":[1.0,0.0],"evs":[0.0,-0.9469]},"66":{"weight":1.0,"played":[0.0,1.0],"evs":[0.0,0.80832]},"76o":{"weight":1.0,"played":[1.0,0.0],"evs":[0.0,-1.12403]},"86o":{"weight":1.0,"played":[1.0,0.0],"evs":[0.0,-1.14205]},"96o":{"weight":1.0,"played":[1.0,0.0],"evs":[0.0,-1.14857]},"T6o":{"weight":1.0,"played":[1.0,0.0],"evs":[0.0,-1.08387]},"J6o":{"weight":1.0,"played":[1.0,0.0],"evs":[0.0,-1.04872]},"Q6o":{"weight":1.0,"played":[1.0,0.0],"evs":[0.0,-0.6972]},"K6o":{"weight":1.0,"played":[1.0,0.0],"evs":[0.0,-0.31594]},"A6o":{"weight":1.0,"played":[0.0,1.0],"evs":[0.0,0.48507]},"72s":{"weight":1.0,"played":[1.0,0.0],"evs":[0.0,-1.4615]},"73s":{"weight":1.0,"played":[1.0,0.0],"evs":[0.0,-1.36317]},"74s":{"weight":1.0,"played":[1.0,0.0],"evs":[0.0,-1.14544]},"75s":{"weight":1.0,"played":[1.0,0.0],"evs":[0.0,-0.96569]},"76s":{"weight":1.0,"played":[1.0,0.0],"evs":[0.0,-0.73283]},"77":{"weight":1.0,"played":[0.0,1.0],"evs":[0.0,1.1683]},"87o":{"weight":1.0,"played":[1.0,0.0],"evs":[0.0,-0.91628]},"97o":{"weight":1.0,"played":[1.0,0.0],"evs":[0.0,-0.90223]},"T7o":{"weight":1.0,"played":[1.0,0.0],"evs":[0.0,-0.84652]},"J7o":{"weight":1.0,"played":[1.0,0.0],"evs":[0.0,-0.79474]},"Q7o":{"weight":1.0,"played":[1.0,0.0],"evs":[0.0,-0.5808]},"K7o":{"weight":1.0,"played":[1.0,0.0],"evs":[0.0,-0.14545]},"A7o":{"weight":1.0,"played":[0.0,1.0],"evs":[0.0,0.75194]},"82s":{"weight":1.0,"played":[1.0,0.0],"evs":[0.0,-1.36036]},"83s":{"weight":1.0,"played":[1.0,0.0],"evs":[0.0,-1.28276]},"84s":{"weight":1.0,"played":[1.0,0.0],"evs":[0.0,-1.13295]},"85s":{"weight":1.0,"played":[1.0,0.0],"evs":[0.0,-0.931]},"86s":{"weight":1.0,"played":[1.0,0.0],"evs":[0.0,-0.73812]},"87s":{"weight":1.0,"played":[1.0,0.0],"evs":[0.0,-0.51132]},"88":{"weight":1.0,"played":[0.0,1.0],"evs":[0.0,1.46835]},"98o":{"weight":1.0,"played":[1.0,0.0],"evs":[0.0,-0.71973]},"T8o":{"weight":1.0,"played":[1.0,0.0],"evs":[0.0,-0.64437]},"J8o":{"weight":1.0,"played":[1.0,0.0],"evs":[0.0,-0.57587]},"Q8o":{"weight":1.0,"played":[1.0,0.0],"evs":[0.0,-0.36128]},"K8o":{"weight":1.0,"played":[0.9862,0.0138],"evs":[0.0,-0.05799]},"A8o":{"weight":1.0,"played":[0.0,1.0],"evs":[0.0,0.92057]},"92s":{"weight":1.0,"played":[1.0,0.0],"evs":[0.0,-1.24279]},"93s":{"weight":1.0,"played":[1.0,0.0],"evs":[0.0,-1.17757]},"94s":{"weight":1.0,"played":[1.0,0.0],"evs":[0.0,-1.13826]},"95s":{"weight":1.0,"played":[1.0,0.0],"evs":[0.0,-0.92508]},"96s":{"weight":1.0,"played":[1.0,0.0],"evs":[0.0,-0.75402]},"97s":{"weight":1.0,"played":[1.0,0.0],"evs":[0.0,-0.51861]},"98s":{"weight":1.0,"played":[1.0,0.0],"evs":[0.0,-0.32926]},"99":{"weight":1.0,"played":[0.0,1.0],"evs":[0.0,1.82154]},"T9o":{"weight":1.0,"played":[1.0,0.0],"evs":[0.0,-0.4143]},"J9o":{"weight":1.0,"played":[1.0,0.0],"evs":[0.0,-0.37427]},"Q9o":{"weight":1.0,"played":[1.0,0.0],"evs":[0.0,-0.15986]},"K9o":{"weight":1.0,"played":[0.0,1.0],"evs":[0.0,0.17239]},"A9o":{"weight":1.0,"played":[0.0,1.0],"evs":[0.0,1.14435]},"T2s":{"weight":1.0,"played":[1.0,0.0],"evs":[0.0,-1.1374]},"T3s":{"weight":1.0,"played":[1.0,0.0],"evs":[0.0,-1.01147]},"T4s":{"weight":1.0,"played":[1.0,0.0],"evs":[0.0,-0.93209]},"T5s":{"weight":1.0,"played":[1.0,0.0],"evs":[0.0,-0.94831]},"T6s":{"weight":1.0,"played":[1.0,0.0],"evs":[0.0,-0.69061]},"T7s":{"weight":1.0,"played":[1.0,0.0],"evs":[0.0,-0.45963]},"T8s":{"weight":1.0,"played":[0.9999,1.0E-4],"evs":[0.0,-0.24863]},"T9s":{"weight":1.0,"played":[0.9804,0.0196],"evs":[0.0,-0.02931]},"TT":{"weight":1.0,"played":[0.0,1.0],"evs":[0.0,2.2797]},"JTo":{"weight":1.0,"played":[0.9936,0.0064],"evs":[0.0,-0.04911]},"QTo":{"weight":1.0,"played":[0.0,1.0],"evs":[0.0,0.19998]},"KTo":{"weight":1.0,"played":[0.0,1.0],"evs":[0.0,0.56216]},"ATo":{"weight":1.0,"played":[0.0,1.0],"evs":[0.0,1.58499]},"J2s":{"weight":1.0,"played":[1.0,0.0],"evs":[0.0,-0.95157]},"J3s":{"weight":1.0,"played":[1.0,0.0],"evs":[0.0,-0.88292]},"J4s":{"weight":1.0,"played":[1.0,0.0],"evs":[0.0,-0.80045]},"J5s":{"weight":1.0,"played":[1.0,0.0],"evs":[0.0,-0.69786]},"J6s":{"weight":1.0,"played":[1.0,0.0],"evs":[0.0,-0.62674]},"J7s":{"weight":1.0,"played":[1.0,0.0],"evs":[0.0,-0.43709]},"J8s":{"weight":1.0,"played":[1.0,0.0],"evs":[0.0,-0.22495]},"J9s":{"weight":1.0,"played":[0.9035,0.0965],"evs":[0.0,-0.0019]},"JTs":{"weight":1.0,"played":[0.0,1.0],"evs":[0.0,0.29332]},"JJ":{"weight":1.0,"played":[0.0,1.0],"evs":[0.0,2.67949]},"QJo":{"weight":1.0,"played":[0.0,1.0],"evs":[0.0,0.34918]},"KJo":{"weight":1.0,"played":[0.0,1.0],"evs":[0.0,0.77823]},"AJo":{"weight":1.0,"played":[0.0,1.0],"evs":[0.0,1.82857]},"Q2s":{"weight":1.0,"played":[1.0,0.0],"evs":[0.0,-0.62391]},"Q3s":{"weight":1.0,"played":[1.0,0.0],"evs":[0.0,-0.5606]},"Q4s":{"weight":1.0,"played":[1.0,0.0],"evs":[0.0,-0.53557]},"Q5s":{"weight":1.0,"played":[0.9999,1.0E-4],"evs":[0.0,-0.38813]},"Q6s":{"weight":1.0,"played":[0.9999,1.0E-4],"evs":[0.0,-0.29143]},"Q7s":{"weight":1.0,"played":[1.0,0.0],"evs":[0.0,-0.21525]},"Q8s":{"weight":1.0,"played":[0.5944,0.4056],"evs":[0.0,0.01717]},"Q9s":{"weight":1.0,"played":[5.0E-4,0.9995],"evs":[0.0,0.2442]},"QTs":{"weight":1.0,"played":[0.0,1.0],"evs":[0.0,0.50978]},"QJs":{"weight":1.0,"played":[0.0,1.0],"evs":[0.0,0.62333]},"QQ":{"weight":1.0,"played":[0.0,1.0],"evs":[0.0,3.15801]},"KQo":{"weight":1.0,"played":[0.0,1.0],"evs":[0.0,1.08728]},"AQo":{"weight":1.0,"played":[0.0,1.0],"evs":[0.0,2.1905]},"K2s":{"weight":1.0,"played":[1.0,0.0],"evs":[0.0,-0.2779]},"K3s":{"weight":1.0,"played":[1.0,0.0],"evs":[0.0,-0.22015]},"K4s":{"weight":1.0,"played":[1.0,0.0],"evs":[0.0,-0.12604]},"K5s":{"weight":1.0,"played":[0.9995,5.0E-4],"evs":[0.0,-0.0465]},"K6s":{"weight":1.0,"played":[0.0225,0.9775],"evs":[0.0,0.06089]},"K7s":{"weight":1.0,"played":[1.0E-4,0.9999],"evs":[0.0,0.24389]},"K8s":{"weight":1.0,"played":[0.0,1.0],"evs":[0.0,0.2839]},"K9s":{"weight":1.0,"played":[0.0,1.0],"evs":[0.0,0.52726]},"KTs":{"weight":1.0,"played":[0.0,1.0],"evs":[0.0,0.88269]},"KJs":{"weight":1.0,"played":[0.0,1.0],"evs":[0.0,1.06224]},"KQs":{"weight":1.0,"played":[0.0,1.0],"evs":[0.0,1.345]},"KK":{"weight":1.0,"played":[0.0,1.0],"evs":[0.0,3.75943]},"AKo":{"weight":1.0,"played":[0.0,1.0],"evs":[0.0,2.52998]},"A2s":{"weight":1.0,"played":[0.0,1.0],"evs":[0.0,0.55019]},"A3s":{"weight":1.0,"played":[0.0,1.0],"evs":[0.0,0.59138]},"A4s":{"weight":1.0,"played":[0.0,1.0],"evs":[0.0,0.67964]},"A5s":{"weight":1.0,"played":[0.0,1.0],"evs":[0.0,0.75184]},"A6s":{"weight":1.0,"played":[0.0,1.0],"evs":[0.0,0.82282]},"A7s":{"weight":1.0,"played":[0.0,1.0],"evs":[0.0,1.03163]},"A8s":{"weight":1.0,"played":[0.0,1.0],"evs":[0.0,1.21133]},"A9s":{"weight":1.0,"played":[0.0,1.0],"evs":[0.0,1.42175]},"ATs":{"weight":1.0,"played":[0.0,1.0],"evs":[0.0,1.81564]},"AJs":{"weight":1.0,"played":[0.0,1.0],"evs":[0.0,2.04622]},"AQs":{"weight":1.0,"played":[0.0,1.0],"evs":[0.0,2.38002]},"AKs":{"weight":1.0,"played":[0.0,1.0],"evs":[0.0,2.71557]},"AA":{"weight":1.0,"played":[0.0,1.0],"evs":[0.0,4.7236]}}}