{"player":5,"street":0,"children":2,"sequence":[{"player":0,"type":"F","amount":0,"street":0},{"player":1,"type":"R","amount":12640000,"street":0},{"player":2,"type":"F","amount":0,"street":0},{"player":3,"type":"F","amount":0,"street":0},{"player":4,"type":"C","amount":6240000,"street":0}],"actions":[{"type":"F","amount":0},{"type":"C","amount":4640000}],"hands":{"22":{"weight":1.0,"played":[1.0E-4,0.9999],"evs":[0.0,0.20263]},"32o":{"weight":1.0,"played":[1.0,0.0],"evs":[0.0,-1.15757]},"42o":{"weight":1.0,"played":[1.0,0.0],"evs":[0.0,-1.07326]},"52o":{"weight":1.0,"played":[1.0,0.0],"evs":[0.0,-0.96402]},"62o":{"weight":1.0,"played":[1.0,0.0],"evs":[0.0,-1.13092]},"72o":{"weight":1.0,"played":[1.0,0.0],"evs":[0.0,-1.23079]},"82o":{"weight":1.0,"played":[1.0,0.0],"evs":[0.0,-1.14176]},"92o":{"weight":1.0,"played":[1.0,0.0],"evs":[0.0,-1.11102]},"T2o":{"weight":1.0,"played":[1.0,0.0],"evs":[0.0,-0.98818]},"J2o":{"weight":1.0,"played":[1.0,0.0],"evs":[0.0,-0.8704]},"Q2o":{"weight":1.0,"played":[1.0,0.0],"evs":[0.0,-0.78556]},"K2o":{"weight":1.0,"played":[1.0,0.0],"evs":[0.0,-0.53412]},"A2o":{"weight":1.0,"played":[0.0,1.0],"evs":[0.0,0.30769]},"32s":{"weight":1.0,"played":[1.0,0.0],"evs":[0.0,-0.59084]},"33":{"weight":1.0,"played":[1.0E-4,0.9999],"evs":[0.0,0.38786]},"43o":{"weight":1.0,"played":[1.0,0.0],"evs":[0.0,-0.86236]},"53o":{"weight":1.0,"played":[1.0,0.0],"evs":[0.0,-0.77635]},"63o":{"weight":1.0,"played":[1.0,0.0],"evs":[0.0,-0.86302]},"73o":{"weight":1.0,"played":[1.0,0.0],"evs":[0.0,-1.01961]},"83o":{"weight":1.0,"played":[1.0,0.0],"evs":[0.0,-1.10611]},"93o":{"weight":1.0,"played":[1.0,0.0],"evs":[0.0,-1.02249]},"T3o":{"weight":1.0,"played":[1.0,0.0],"evs":[0.0,-0.92039]},"J3o":{"weight":1.0,"played":[1.0,0.0],"evs":[0.0,-0.818]},"Q3o":{"weight":1.0,"played":[1.0,0.0],"evs":[0.0,-0.65811]},"K3o":{"weight":1.0,"played":[1.0,0.0],"evs":[0.0,-0.41783]},"A3o":{"weight":1.0,"played":[0.0,1.0],"evs":[0.0,0.39372]},"42s":{"weight":1.0,"played":[1.0,0.0],"evs":[0.0,-0.49641]},"43s":{"weight":1.0,"played":[1.0,0.0],"evs":[0.0,-0.27981]},"44":{"weight":1.0,"played":[0.0,1.0],"evs":[0.0,0.75618]},"54o":{"weight":1.0,"played":[1.0,0.0],"evs":[0.0,-0.53851]},"64o":{"weight":1.0,"played":[1.0,0.0],"evs":[0.0,-0.63224]},"74o":{"weight":1.0,"played":[1.0,0.0],"evs":[0.0,-0.81047]},"84o":{"weight":1.0,"played":[1.0,0.0],"evs":[0.0,-0.88225]},"94o":{"weight":1.0,"played":[1.0,0.0],"evs":[0.0,-1.00364]},"T4o":{"weight":1.0,"played":[1.0,0.0],"evs":[0.0,-0.83201]},"J4o":{"weight":1.0,"played":[1.0,0.0],"evs":[0.0,-0.75456]},"Q4o":{"weight":1.0,"played":[1.0,0.0],"evs":[0.0,-0.61268]},"K4o":{"weight":1.0,"played":[1.0,0.0],"evs":[0.0,-0.35377]},"A4o":{"weight":1.0,"played":[0.0,1.0],"evs":[0.0,0.50043]},"52s":{"weight":1.0,"played":[0.9997,3.0E-4],"evs":[0.0,-0.38517]},"53s":{"weight":1.0,"played":[1.0,0.0],"evs":[0.0,-0.2089]},"54s":{"weight":1.0,"played":[0.0227,0.9773],"evs":[0.0,0.0437]},"55":{"weight":1.0,"played":[0.0,1.0],"evs":[0.0,0.98448]},"65o":{"weight":1.0,"played":[1.0,0.0],"evs":[0.0,-0.41556]},"75o":{"weight":1.0,"played":[1.0,0.0],"evs":[0.0,-0.52294]},"85o":{"weight":1.0,"played":[1.0,0.0],"evs":[0.0,-0.63588]},"95o":{"weight":1.0,"played":[1.0,0.0],"evs":[0.0,-0.72409]},"T5o":{"weight":1.0,"played":[1.0,0.0],"evs":[0.0,-0.75756]},"J5o":{"weight":1.0,"played":[1.0,0.0],"evs":[0.0,-0.63861]},"Q5o":{"weight":1.0,"played":[1.0,0.0],"evs":[0.0,-0.50891]},"K5o":{"weight":1.0,"played":[1.0,0.0],"evs":[0.0,-0.26575]},"A5o":{"weight":1.0,"played":[0.0,1.0],"evs":[0.0,0.6486]},"62s":{"weight":1.0,"played":[1.0,0.0],"evs":[0.0,-0.52363]},"63s":{"weight":1.0,"played":[1.0,0.0],"evs":[0.0,-0.34889]},"64s":{"weight":1.0,"played":[0.9842,0.0158],"evs":[0.0,-0.08744]},"65s":{"weight":1.0,"played":[0.0089,0.9911],"evs":[0.0,0.1344]},"66":{"weight":1.0,"played":[0.0,1.0],"evs":[0.0,1.21852]},"76o":{"weight":1.0,"played":[1.0,0.0],"evs":[0.0,-0.30305]},"86o":{"weight":1.0,"played":[1.0,0.0],"evs":[0.0,-0.35792]},"96o":{"weight":1.0,"played":[1.0,0.0],"evs":[0.0,-0.48106]},"T6o":{"weight":1.0,"played":[1.0,0.0],"evs":[0.0,-0.52007]},"J6o":{"weight":1.0,"played":[1.0,0.0],"evs":[0.0,-0.58635]},"Q6o":{"weight":1.0,"played":[1.0,0.0],"evs":[0.0,-0.40824]},"K6o":{"weight":1.0,"played":[1.0,0.0],"evs":[0.0,-0.11113]},"A6o":{"weight":1.0,"played":[0.0,1.0],"evs":[0.0,0.58134]},"72s":{"weight":1.0,"played":[1.0,0.0],"evs":[0.0,-0.70234]},"73s":{"weight":1.0,"played":[1.0,0.0],"evs":[0.0,-0.51503]},"74s":{"weight":1.0,"played":[0.999,0.001],"evs":[0.0,-0.24238]},"75s":{"weight":1.0,"played":[0.4077,0.5923],"evs":[0.0,0.01717]},"76s":{"weight":1.0,"played":[4.0E-4,0.9996],"evs":[0.0,0.25042]},"77":{"weight":1.0,"played":[0.0,1.0],"evs":[0.0,1.57974]},"87o":{"weight":1.0,"played":[1.0,0.0],"evs":[0.0,-0.24218]},"97o":{"weight":1.0,"played":[1.0,0.0],"evs":[0.0,-0.26886]},"T7o":{"weight":1.0,"played":[1.0,0.0],"evs":[0.0,-0.35688]},"J7o":{"weight":1.0,"played":[1.0,0.0],"evs":[0.0,-0.36274]},"Q7o":{"weight":1.0,"played":[1.0,0.0],"evs":[0.0,-0.37982]},"K7o":{"weight":1.0,"played":[0.8506,0.1494],"evs":[0.0,-0.0257]},"A7o":{"weight":1.0,"played":[0.0,1.0],"evs":[0.0,0.80681]},"82s":{"weight":1.0,"played":[1.0,0.0],"evs":[0.0,-0.6069]},"83s":{"weight":1.0,"played":[1.0,0.0],"evs":[0.0,-0.50982]},"84s":{"weight":1.0,"played":[0.9988,0.0012],"evs":[0.0,-0.32208]},"85s":{"weight":1.0,"played":[0.9966,0.0034],"evs":[0.0,-0.04526]},"86s":{"weight":1.0,"played":[1.0E-4,0.9999],"evs":[0.0,0.21651]},"87s":{"weight":1.0,"played":[0.0,1.0],"evs":[0.0,0.28339]},"88":{"weight":1.0,"played":[0.0,1.0],"evs":[0.0,2.05943]},"98o":{"weight":1.0,"played":[1.0,0.0],"evs":[0.0,-0.07432]},"T8o":{"weight":1.0,"played":[1.0,0.0],"evs":[0.0,-0.09484]},"J8o":{"weight":1.0,"played":[0.9995,5.0E-4],"evs":[0.0,-0.08439]},"Q8o":{"weight":1.0,"played":[0.9997,3.0E-4],"evs":[0.0,-0.11504]},"K8o":{"weight":1.0,"played":[1.0E-4,0.9999],"evs":[0.0,0.10645]},"A8o":{"weight":1.0,"played":[0.0,1.0],"evs":[0.0,1.07317]},"92s":{"weight":1.0,"played":[0.9999,1.0E-4],"evs":[0.0,-0.51859]},"93s":{"weight":1.0,"played":[0.9998,2.0E-4],"evs":[0.0,-0.47195]},"94s":{"weight":1.0,"played":[0.9999,1.0E-4],"evs":[0.0,-0.45884]},"95s":{"weight":1.0,"played":[0.9875,0.0125],"evs":[0.0,-0.20378]},"96s":{"weight":1.0,"played":[0.0165,0.9835],"evs":[0.0,0.10316]},"97s":{"weight":1.0,"played":[0.0,1.0],"evs":[0.0,0.21728]},"98s":{"weight":1.0,"played":[3.0E-4,0.9997],"evs":[0.0,0.41095]},"99":{"weight":1.0,"played":[0.0,1.0],"evs":[0.0,2.3945]},"T9o":{"weight":1.0,"played":[0.0,1.0],"evs":[0.0,0.17532]},"J9o":{"weight":1.0,"played":[3.0E-4,0.9997],"evs":[0.0,0.14571]},"Q9o":{"weight":1.0,"played":[0.0,1.0],"evs":[0.0,0.21751]},"K9o":{"weight":1.0,"played":[0.0,1.0],"evs":[0.0,0.46422]},"A9o":{"weight":1.0,"played":[0.0,1.0],"evs":[0.0,1.32705]},"T2s":{"weight":1.0,"played":[1.0,0.0],"evs":[0.0,-0.36167]},"T3s":{"weight":1.0,"played":[0.9997,3.0E-4],"evs":[0.0,-0.34723]},"T4s":{"weight":1.0,"played":[0.9994,6.0E-4],"evs":[0.0,-0.23697]},"T5s":{"weight":1.0,"played":[0.9959,0.0041],"evs":[0.0,-0.17483]},"T6s":{"weight":1.0,"played":[0.4651,0.5349],"evs":[0.0,-0.00371]},"T7s":{"weight":1.0,"played":[0.0014,0.9986],"evs":[0.0,0.21286]},"T8s":{"weight":1.0,"played":[3.0E-4,0.9997],"evs":[0.0,0.44807]},"T9s":{"weight":1.0,"played":[0.0,1.0],"evs":[0.0,0.68131]},"TT":{"weight":1.0,"played":[0.0,1.0],"evs":[0.0,3.06585]},"JTo":{"weight":1.0,"played":[0.0,1.0],"evs":[0.0,0.54979]},"QTo":{"weight":1.0,"played":[0.0,1.0],"evs":[0.0,0.65507]},"KTo":{"weight":1.0,"played":[0.0,1.0],"evs":[0.0,0.95781]},"ATo":{"weight":1.0,"played":[0.0,1.0],"evs":[0.0,1.9028]},"J2s":{"weight":1.0,"played":[1.0,0.0],"evs":[0.0,-0.27698]},"J3s":{"weight":1.0,"played":[1.0,0.0],"evs":[0.0,-0.22796]},"J4s":{"weight":1.0,"played":[0.9912,0.0088],"evs":[0.0,-0.17327]},"J5s":{"weight":1.0,"played":[0.9851,0.0149],"evs":[0.0,-0.08121]},"J6s":{"weight":1.0,"played":[0.5442,0.4558],"evs":[0.0,0.01074]},"J7s":{"weight":1.0,"played":[1.0E-4,0.9999],"evs":[0.0,0.13093]},"J8s":{"weight":1.0,"played":[0.0,1.0],"evs":[0.0,0.37336]},"J9s":{"weight":1.0,"played":[0.0,1.0],"evs":[0.0,0.64148]},"JTs":{"weight":1.0,"played":[0.0,1.0],"evs":[0.0,0.93874]},"JJ":{"weight":1.0,"played":[0.0,1.0],"evs":[0.0,3.55088]},"QJo":{"weight":1.0,"played":[0.0,1.0],"evs":[0.0,0.83928]},"KJo":{"weight":1.0,"played":[0.0,1.0],"evs":[0.0,1.1817]},"AJo":{"weight":1.0,"played":[0.0,1.0],"evs":[0.0,2.1622]},"Q2s":{"weight":1.0,"played":[1.0,0.0],"evs":[0.0,-0.17243]},"Q3s":{"weight":1.0,"played":[0.9992,8.0E-4],"evs":[0.0,-0.15972]},"Q4s":{"weight":1.0,"played":[0.9325,0.0675],"evs":[0.0,-0.03514]},"Q5s":{"weight":1.0,"played":[0.4579,0.5421],"evs":[0.0,6.6E-4]},"Q6s":{"weight":1.0,"played":[0.0,1.0],"evs":[0.0,0.12534]},"Q7s":{"weight":1.0,"played":[0.0011,0.9989],"evs":[0.0,0.14618]},"Q8s":{"weight":1.0,"played":[0.0,1.0],"evs":[0.0,0.51051]},"Q9s":{"weight":1.0,"played":[0.0,1.0],"evs":[0.0,0.70608]},"QTs":{"weight":1.0,"played":[0.0,1.0],"evs":[0.0,1.07109]},"QJs":{"weight":1.0,"played":[0.0,1.0],"evs":[0.0,1.31696]},"QQ":{"weight":1.0,"played":[0.0,1.0],"evs":[0.0,4.29807]},"KQo":{"weight":1.0,"played":[0.0,1.0],"evs":[0.0,1.47988]},"AQo":{"weight":1.0,"played":[0.0,1.0],"evs":[0.0,2.55635]},"K2s":{"weight":1.0,"played":[0.0203,0.9797],"evs":[0.0,0.13312]},"K3s":{"weight":1.0,"played":[0.0073,0.9927],"evs":[0.0,0.09451]},"K4s":{"weight":1.0,"played":[2.0E-4,0.9998],"evs":[0.0,0.19919]},"K5s":{"weight":1.0,"played":[0.0,1.0],"evs":[0.0,0.32221]},"K6s":{"weight":1.0,"played":[0.0,1.0],"evs":[0.0,0.43319]},"K7s":{"weight":1.0,"played":[2.0E-4,0.9998],"evs":[0.0,0.56907]},"K8s":{"weight":1.0,"played":[0.0,1.0],"evs":[0.0,0.71761]},"K9s":{"weight":1.0,"played":[0.0,1.0],"evs":[0.0,1.01048]},"KTs":{"weight":1.0,"played":[0.0,1.0],"evs":[0.0,1.49334]},"KJs":{"weight":1.0,"played":[0.0,1.0],"evs":[0.0,1.6529]},"KQs":{"weight":1.0,"played":[0.0,1.0],"evs":[0.0,1.96812]},"KK":{"weight":1.0,"played":[0.0,1.0],"evs":[0.0,5.29075]},"AKo":{"weight":1.0,"played":[0.0,1.0],"evs":[0.0,3.05251]},"A2s":{"weight":1.0,"played":[0.0,1.0],"evs":[0.0,0.80388]},"A3s":{"weight":1.0,"played":[0.0,1.0],"evs":[0.0,0.95976]},"A4s":{"weight":1.0,"played":[0.0,1.0],"evs":[0.0,1.07123]},"A5s":{"weight":1.0,"played":[0.0,1.0],"evs":[0.0,1.14551]},"A6s":{"weight":1.0,"played":[0.0,1.0],"evs":[0.0,1.15509]},"A7s":{"weight":1.0,"played":[0.0,1.0],"evs":[0.0,1.38337]},"A8s":{"weight":1.0,"played":[0.0,1.0],"evs":[0.0,1.50878]},"A9s":{"weight":1.0,"played":[0.0,1.0],"evs":[0.0,1.8419]},"ATs":{"weight":1.0,"played":[0.0,1.0],"evs":[0.0,2.29809]},"AJs":{"weight":1.0,"played":[0.0,1.0],"evs":[0.0,2.62529]},"AQs":{"weight":1.0,"played":[0.0,1.0],"evs":[0.0,2.92729]},"AKs":{"weight":1.0,"played":[0.0,1.0],"evs":[0.0,3.46227]},"AA":{"weight":1.0,"played":[0.0,1.0],"evs":[0.0,6.89468]}}}