{"player":4,"street":0,"children":2,"sequence":[{"player":0,"type":"F","amount":0,"street":0},{"player":1,"type":"R","amount":12640000,"street":0},{"player":2,"type":"C","amount":8160000,"street":0},{"player":3,"type":"F","amount":0,"street":0}],"actions":[{"type":"F","amount":0,"node":26},{"type":"C","amount":6240000,"node":27}],"hands":{"22":{"weight":1.0,"played":[1.0,0.0],"evs":[0.0,-1.37055]},"32o":{"weight":1.0,"played":[1.0,0.0],"evs":[0.0,-2.70066]},"42o":{"weight":1.0,"played":[1.0,0.0],"evs":[0.0,-2.67649]},"52o":{"weight":1.0,"played":[1.0,0.0],"evs":[0.0,-2.56296]},"62o":{"weight":1.0,"played":[1.0,0.0],"evs":[0.0,-2.73274]},"72o":{"weight":1.0,"played":[1.0,0.0],"evs":[0.0,-2.82152]},"82o":{"weight":1.0,"played":[1.0,0.0],"evs":[0.0,-2.82291]},"92o":{"weight":1.0,"played":[1.0,0.0],"evs":[0.0,-2.69992]},"T2o":{"weight":1.0,"played":[1.0,0.0],"evs":[0.0,-2.62406]},"J2o":{"weight":1.0,"played":[1.0,0.0],"evs":[0.0,-2.53038]},"Q2o":{"weight":1.0,"played":[1.0,0.0],"evs":[0.0,-2.40953]},"K2o":{"weight":1.0,"played":[1.0,0.0],"evs":[0.0,-2.38769]},"A2o":{"weight":1.0,"played":[1.0,0.0],"evs":[0.0,-1.75528]},"32s":{"weight":1.0,"played":[1.0,0.0],"evs":[0.0,-2.10548]},"33":{"weight":1.0,"played":[1.0,0.0],"evs":[0.0,-1.27482]},"43o":{"weight":1.0,"played":[1.0,0.0],"evs":[0.0,-2.38011]},"53o":{"weight":1.0,"played":[1.0,0.0],"evs":[0.0,-2.33868]},"63o":{"weight":1.0,"played":[1.0,0.0],"evs":[0.0,-2.4495]},"73o":{"weight":1.0,"played":[1.0,0.0],"evs":[0.0,-2.52812]},"83o":{"weight":1.0,"played":[1.0,0.0],"evs":[0.0,-2.75324]},"93o":{"weight":1.0,"played":[1.0,0.0],"evs":[0.0,-2.6591]},"T3o":{"weight":1.0,"played":[1.0,0.0],"evs":[0.0,-2.59155]},"J3o":{"weight":1.0,"played":[1.0,0.0],"evs":[0.0,-2.50823]},"Q3o":{"weight":1.0,"played":[1.0,0.0],"evs":[0.0,-2.32522]},"K3o":{"weight":1.0,"played":[1.0,0.0],"evs":[0.0,-2.25726]},"A3o":{"weight":1.0,"played":[1.0,0.0],"evs":[0.0,-1.62997]},"42s":{"weight":1.0,"played":[1.0,0.0],"evs":[0.0,-2.13159]},"43s":{"weight":1.0,"played":[1.0,0.0],"evs":[0.0,-1.77022]},"44":{"weight":1.0,"played":[1.0,0.0],"evs":[0.0,-1.07939]},"54o":{"weight":1.0,"played":[1.0,0.0],"evs":[0.0,-2.09354]},"64o":{"weight":1.0,"played":[1.0,0.0],"evs":[0.0,-2.16883]},"74o":{"weight":1.0,"played":[1.0,0.0],"evs":[0.0,-2.35574]},"84o":{"weight":1.0,"played":[1.0,0.0],"evs":[0.0,-2.52615]},"94o":{"weight":1.0,"played":[1.0,0.0],"evs":[0.0,-2.61639]},"T4o":{"weight":1.0,"played":[1.0,0.0],"evs":[0.0,-2.52571]},"J4o":{"weight":1.0,"played":[1.0,0.0],"evs":[0.0,-2.41849]},"Q4o":{"weight":1.0,"played":[1.0,0.0],"evs":[0.0,-2.26647]},"K4o":{"weight":1.0,"played":[1.0,0.0],"evs":[0.0,-2.18852]},"A4o":{"weight":1.0,"played":[1.0,0.0],"evs":[0.0,-1.54275]},"52s":{"weight":1.0,"played":[1.0,0.0],"evs":[0.0,-1.92602]},"53s":{"weight":1.0,"played":[1.0,0.0],"evs":[0.0,-1.6907]},"54s":{"weight":1.0,"played":[1.0,0.0],"evs":[0.0,-1.57074]},"55":{"weight":1.0,"played":[1.0,0.0],"evs":[0.0,-0.89753]},"65o":{"weight":1.0,"played":[1.0,0.0],"evs":[0.0,-2.02474]},"75o":{"weight":1.0,"played":[1.0,0.0],"evs":[0.0,-2.15925]},"85o":{"weight":1.0,"played":[1.0,0.0],"evs":[0.0,-2.24783]},"95o":{"weight":1.0,"played":[1.0,0.0],"evs":[0.0,-2.37685]},"T5o":{"weight":1.0,"played":[1.0,0.0],"evs":[0.0,-2.46846]},"J5o":{"weight":1.0,"played":[1.0,0.0],"evs":[0.0,-2.35327]},"Q5o":{"weight":1.0,"played":[1.0,0.0],"evs":[0.0,-2.19614]},"K5o":{"weight":1.0,"played":[1.0,0.0],"evs":[0.0,-2.10097]},"A5o":{"weight":1.0,"played":[1.0,0.0],"evs":[0.0,-1.4741]},"62s":{"weight":1.0,"played":[1.0,0.0],"evs":[0.0,-2.06893]},"63s":{"weight":1.0,"played":[1.0,0.0],"evs":[0.0,-1.87051]},"64s":{"weight":1.0,"played":[1.0,0.0],"evs":[0.0,-1.65904]},"65s":{"weight":1.0,"played":[1.0,0.0],"evs":[0.0,-1.53735]},"66":{"weight":1.0,"played":[1.0,0.0],"evs":[0.0,-0.57277]},"76o":{"weight":1.0,"played":[1.0,0.0],"evs":[0.0,-1.94628]},"86o":{"weight":1.0,"played":[1.0,0.0],"evs":[0.0,-2.03329]},"96o":{"weight":1.0,"played":[1.0,0.0],"evs":[0.0,-2.14791]},"T6o":{"weight":1.0,"played":[1.0,0.0],"evs":[0.0,-2.25782]},"J6o":{"weight":1.0,"played":[1.0,0.0],"evs":[0.0,-2.30202]},"Q6o":{"weight":1.0,"played":[1.0,0.0],"evs":[0.0,-2.13709]},"K6o":{"weight":1.0,"played":[1.0,0.0],"evs":[0.0,-1.99322]},"A6o":{"weight":1.0,"played":[1.0,0.0],"evs":[0.0,-1.55473]},"72s":{"weight":1.0,"played":[1.0,0.0],"evs":[0.0,-2.1937]},"73s":{"weight":1.0,"played":[1.0,0.0],"evs":[0.0,-2.00259]},"74s":{"weight":1.0,"played":[1.0,0.0],"evs":[0.0,-1.86734]},"75s":{"weight":1.0,"played":[1.0,0.0],"evs":[0.0,-1.58782]},"76s":{"weight":1.0,"played":[1.0,0.0],"evs":[0.0,-1.3859]},"77":{"weight":1.0,"played":[0.9999,1.0E-4],"evs":[0.0,-0.28678]},"87o":{"weight":1.0,"played":[1.0,0.0],"evs":[0.0,-1.86]},"97o":{"weight":1.0,"played":[1.0,0.0],"evs":[0.0,-1.97242]},"T7o":{"weight":1.0,"played":[1.0,0.0],"evs":[0.0,-1.99652]},"J7o":{"weight":1.0,"played":[1.0,0.0],"evs":[0.0,-2.07633]},"Q7o":{"weight":1.0,"played":[1.0,0.0],"evs":[0.0,-2.01865]},"K7o":{"weight":1.0,"played":[1.0,0.0],"evs":[0.0,-1.96361]},"A7o":{"weight":1.0,"played":[1.0,0.0],"evs":[0.0,-1.38873]},"82s":{"weight":1.0,"played":[1.0,0.0],"evs":[0.0,-2.14794]},"83s":{"weight":1.0,"played":[1.0,0.0],"evs":[0.0,-2.15815]},"84s":{"weight":1.0,"played":[1.0,0.0],"evs":[0.0,-1.96556]},"85s":{"weight":1.0,"played":[1.0,0.0],"evs":[0.0,-1.79093]},"86s":{"weight":1.0,"played":[1.0,0.0],"evs":[0.0,-1.46824]},"87s":{"weight":1.0,"played":[1.0,0.0],"evs":[0.0,-1.29978]},"88":{"weight":1.0,"played":[0.1858,0.8142],"evs":[0.0,0.07004]},"98o":{"weight":1.0,"played":[1.0,0.0],"evs":[0.0,-1.79131]},"T8o":{"weight":1.0,"played":[1.0,0.0],"evs":[0.0,-1.84657]},"J8o":{"weight":1.0,"played":[1.0,0.0],"evs":[0.0,-1.90213]},"Q8o":{"weight":1.0,"played":[1.0,0.0],"evs":[0.0,-1.82909]},"K8o":{"weight":1.0,"played":[1.0,0.0],"evs":[0.0,-1.94828]},"A8o":{"weight":1.0,"played":[1.0,0.0],"evs":[0.0,-1.1309]},"92s":{"weight":1.0,"played":[1.0,0.0],"evs":[0.0,-2.13009]},"93s":{"weight":1.0,"played":[1.0,0.0],"evs":[0.0,-2.16774]},"94s":{"weight":1.0,"played":[1.0,0.0],"evs":[0.0,-2.09683]},"95s":{"weight":1.0,"played":[1.0,0.0],"evs":[0.0,-1.75724]},"96s":{"weight":1.0,"played":[1.0,0.0],"evs":[0.0,-1.52808]},"97s":{"weight":1.0,"played":[1.0,0.0],"evs":[0.0,-1.4348]},"98s":{"weight":1.0,"played":[1.0,0.0],"evs":[0.0,-1.13917]},"99":{"weight":1.0,"played":[0.0,1.0],"evs":[0.0,0.49387]},"T9o":{"weight":1.0,"played":[1.0,0.0],"evs":[0.0,-1.55841]},"J9o":{"weight":1.0,"played":[1.0,0.0],"evs":[0.0,-1.57626]},"Q9o":{"weight":1.0,"played":[1.0,0.0],"evs":[0.0,-1.63194]},"K9o":{"weight":1.0,"played":[1.0,0.0],"evs":[0.0,-1.70535]},"A9o":{"weight":1.0,"played":[1.0,0.0],"evs":[0.0,-0.89881]},"T2s":{"weight":1.0,"played":[1.0,0.0],"evs":[0.0,-1.99194]},"T3s":{"weight":1.0,"played":[1.0,0.0],"evs":[0.0,-1.99439]},"T4s":{"weight":1.0,"played":[1.0,0.0],"evs":[0.0,-1.88744]},"T5s":{"weight":1.0,"played":[1.0,0.0],"evs":[0.0,-1.85381]},"T6s":{"weight":1.0,"played":[1.0,0.0],"evs":[0.0,-1.60284]},"T7s":{"weight":1.0,"played":[1.0,0.0],"evs":[0.0,-1.47989]},"T8s":{"weight":1.0,"played":[1.0,0.0],"evs":[0.0,-1.22662]},"T9s":{"weight":1.0,"played":[1.0,0.0],"evs":[0.0,-0.97024]},"TT":{"weight":1.0,"played":[0.0,1.0],"evs":[0.0,1.04255]},"JTo":{"weight":1.0,"played":[1.0,0.0],"evs":[0.0,-1.36353]},"QTo":{"weight":1.0,"played":[1.0,0.0],"evs":[0.0,-1.28123]},"KTo":{"weight":1.0,"played":[1.0,0.0],"evs":[0.0,-1.20117]},"ATo":{"weight":1.0,"played":[1.0,0.0],"evs":[0.0,-0.25544]},"J2s":{"weight":1.0,"played":[1.0,0.0],"evs":[0.0,-1.91312]},"J3s":{"weight":1.0,"played":[1.0,0.0],"evs":[0.0,-1.82402]},"J4s":{"weight":1.0,"played":[1.0,0.0],"evs":[0.0,-1.79642]},"J5s":{"weight":1.0,"played":[1.0,0.0],"evs":[0.0,-1.70579]},"J6s":{"weight":1.0,"played":[1.0,0.0],"evs":[0.0,-1.6736]},"J7s":{"weight":1.0,"played":[1.0,0.0],"evs":[0.0,-1.50005]},"J8s":{"weight":1.0,"played":[1.0,0.0],"evs":[0.0,-1.35289]},"J9s":{"weight":1.0,"played":[1.0,0.0],"evs":[0.0,-1.05175]},"JTs":{"weight":1.0,"played":[1.0,0.0],"evs":[0.0,-0.70503]},"JJ":{"weight":1.0,"played":[0.0,1.0],"evs":[0.0,1.84861]},"QJo":{"weight":1.0,"played":[1.0,0.0],"evs":[0.0,-1.13334]},"KJo":{"weight":1.0,"played":[1.0,0.0],"evs":[0.0,-0.8831]},"AJo":{"weight":1.0,"played":[6.0E-4,0.9994],"evs":[0.0,0.1438]},"Q2s":{"weight":1.0,"played":[1.0,0.0],"evs":[0.0,-1.74942]},"Q3s":{"weight":1.0,"played":[1.0,0.0],"evs":[0.0,-1.68553]},"Q4s":{"weight":1.0,"played":[1.0,0.0],"evs":[0.0,-1.64506]},"Q5s":{"weight":1.0,"played":[1.0,0.0],"evs":[0.0,-1.59517]},"Q6s":{"weight":1.0,"played":[1.0,0.0],"evs":[0.0,-1.55281]},"Q7s":{"weight":1.0,"played":[1.0,0.0],"evs":[0.0,-1.43292]},"Q8s":{"weight":1.0,"played":[1.0,0.0],"evs":[0.0,-1.34562]},"Q9s":{"weight":1.0,"played":[1.0,0.0],"evs":[0.0,-1.01056]},"QTs":{"weight":1.0,"played":[1.0,0.0],"evs":[0.0,-0.75508]},"QJs":{"weight":1.0,"played":[1.0,0.0],"evs":[0.0,-0.58545]},"QQ":{"weight":1.0,"played":[0.0,1.0],"evs":[0.0,2.71084]},"KQo":{"weight":1.0,"played":[1.0,0.0],"evs":[0.0,-0.40015]},"AQo":{"weight":1.0,"played":[0.0,1.0],"evs":[0.0,0.71198]},"K2s":{"weight":1.0,"played":[1.0,0.0],"evs":[0.0,-1.66024]},"K3s":{"weight":1.0,"played":[1.0,0.0],"evs":[0.0,-1.69784]},"K4s":{"weight":1.0,"played":[1.0,0.0],"evs":[0.0,-1.5945]},"K5s":{"weight":1.0,"played":[1.0,0.0],"evs":[0.0,-1.50166]},"K6s":{"weight":1.0,"played":[1.0,0.0],"evs":[0.0,-1.44865]},"K7s":{"weight":1.0,"played":[1.0,0.0],"evs":[0.0,-1.30115]},"K8s":{"weight":1.0,"played":[1.0,0.0],"evs":[0.0,-1.29093]},"K9s":{"weight":1.0,"played":[1.0,0.0],"evs":[0.0,-0.9952]},"KTs":{"weight":1.0,"played":[1.0,0.0],"evs":[0.0,-0.73366]},"KJs":{"weight":1.0,"played":[1.0,0.0],"evs":[0.0,-0.32968]},"KQs":{"weight":1.0,"played":[0.2853,0.7147],"evs":[0.0,-0.00242]},"KK":{"weight":1.0,"played":[0.0,1.0],"evs":[0.0,3.77726]},"AKo":{"weight":1.0,"played":[0.0,1.0],"evs":[0.0,1.32446]},"A2s":{"weight":1.0,"played":[1.0,0.0],"evs":[0.0,-1.15092]},"A3s":{"weight":1.0,"played":[1.0,0.0],"evs":[0.0,-1.07699]},"A4s":{"weight":1.0,"played":[1.0,0.0],"evs":[0.0,-1.04037]},"A5s":{"weight":1.0,"played":[1.0,0.0],"evs":[0.0,-0.89925]},"A6s":{"weight":1.0,"played":[1.0,0.0],"evs":[0.0,-1.02465]},"A7s":{"weight":1.0,"played":[1.0,0.0],"evs":[0.0,-0.82091]},"A8s":{"weight":1.0,"played":[1.0,0.0],"evs":[0.0,-0.56217]},"A9s":{"weight":1.0,"played":[1.0,0.0],"evs":[0.0,-0.35679]},"ATs":{"weight":1.0,"played":[6.0E-4,0.9994],"evs":[0.0,0.3103]},"AJs":{"weight":1.0,"played":[0.0,1.0],"evs":[0.0,0.69107]},"AQs":{"weight":1.0,"played":[0.0,1.0],"evs":[0.0,1.22502]},"AKs":{"weight":1.0,"played":[0.0,1.0],"evs":[0.0,1.70905]},"AA":{"weight":1.0,"played":[0.0,1.0],"evs":[0.0,5.72467]}}}