{"player":5,"street":0,"children":2,"sequence":[{"player":0,"type":"F","amount":0,"street":0},{"player":1,"type":"R","amount":12640000,"street":0},{"player":2,"type":"C","amount":8160000,"street":0},{"player":3,"type":"C","amount":12640000,"street":0},{"player":4,"type":"F","amount":0,"street":0}],"actions":[{"type":"F","amount":0},{"type":"C","amount":4640000}],"hands":{"22":{"weight":1.0,"played":[0.9999,1.0E-4],"evs":[0.0,-2.20838]},"32o":{"weight":1.0,"played":[1.0,0.0],"evs":[0.0,-2.86994]},"42o":{"weight":1.0,"played":[1.0,0.0],"evs":[0.0,-2.92275]},"52o":{"weight":1.0,"played":[1.0,0.0],"evs":[0.0,-2.76456]},"62o":{"weight":1.0,"played":[1.0,0.0],"evs":[0.0,-3.02234]},"72o":{"weight":1.0,"played":[1.0,0.0],"evs":[0.0,-3.25367]},"82o":{"weight":1.0,"played":[1.0,0.0],"evs":[0.0,-3.14817]},"92o":{"weight":1.0,"played":[1.0,0.0],"evs":[0.0,-3.00191]},"T2o":{"weight":1.0,"played":[1.0,0.0],"evs":[0.0,-3.27813]},"J2o":{"weight":1.0,"played":[1.0,0.0],"evs":[0.0,-3.1735]},"Q2o":{"weight":1.0,"played":[1.0,0.0],"evs":[0.0,-2.94788]},"K2o":{"weight":1.0,"played":[1.0,0.0],"evs":[0.0,-2.80524]},"A2o":{"weight":1.0,"played":[1.0,0.0],"evs":[0.0,-2.97271]},"32s":{"weight":1.0,"played":[1.0,0.0],"evs":[0.0,-2.26681]},"33":{"weight":1.0,"played":[1.0,0.0],"evs":[0.0,-1.83499]},"43o":{"weight":1.0,"played":[1.0,0.0],"evs":[0.0,-2.65236]},"53o":{"weight":1.0,"played":[1.0,0.0],"evs":[0.0,-2.42967]},"63o":{"weight":1.0,"played":[1.0,0.0],"evs":[0.0,-2.71765]},"73o":{"weight":1.0,"played":[1.0,0.0],"evs":[0.0,-3.01992]},"83o":{"weight":1.0,"played":[1.0,0.0],"evs":[0.0,-3.02839]},"93o":{"weight":1.0,"played":[1.0,0.0],"evs":[0.0,-3.12797]},"T3o":{"weight":1.0,"played":[1.0,0.0],"evs":[0.0,-3.04277]},"J3o":{"weight":1.0,"played":[1.0,0.0],"evs":[0.0,-3.03706]},"Q3o":{"weight":1.0,"played":[1.0,0.0],"evs":[0.0,-2.8378]},"K3o":{"weight":1.0,"played":[1.0,0.0],"evs":[0.0,-2.77384]},"A3o":{"weight":1.0,"played":[1.0,0.0],"evs":[0.0,-2.86274]},"42s":{"weight":1.0,"played":[1.0,0.0],"evs":[0.0,-2.10798]},"43s":{"weight":1.0,"played":[1.0,0.0],"evs":[0.0,-1.93986]},"44":{"weight":1.0,"played":[0.9999,1.0E-4],"evs":[0.0,-1.7298]},"54o":{"weight":1.0,"played":[1.0,0.0],"evs":[0.0,-2.37156]},"64o":{"weight":1.0,"played":[1.0,0.0],"evs":[0.0,-2.4892]},"74o":{"weight":1.0,"played":[1.0,0.0],"evs":[0.0,-2.54547]},"84o":{"weight":1.0,"played":[1.0,0.0],"evs":[0.0,-2.8639]},"94o":{"weight":1.0,"played":[1.0,0.0],"evs":[0.0,-3.02877]},"T4o":{"weight":1.0,"played":[1.0,0.0],"evs":[0.0,-2.97966]},"J4o":{"weight":1.0,"played":[1.0,0.0],"evs":[0.0,-2.76956]},"Q4o":{"weight":1.0,"played":[1.0,0.0],"evs":[0.0,-2.76302]},"K4o":{"weight":1.0,"played":[1.0,0.0],"evs":[0.0,-2.71781]},"A4o":{"weight":1.0,"played":[1.0,0.0],"evs":[0.0,-2.82619]},"52s":{"weight":1.0,"played":[0.9999,1.0E-4],"evs":[0.0,-2.17222]},"53s":{"weight":1.0,"played":[1.0,0.0],"evs":[0.0,-2.09578]},"54s":{"weight":1.0,"played":[1.0,0.0],"evs":[0.0,-1.55259]},"55":{"weight":1.0,"played":[1.0,0.0],"evs":[0.0,-1.64503]},"65o":{"weight":1.0,"played":[1.0,0.0],"evs":[0.0,-2.29868]},"75o":{"weight":1.0,"played":[1.0,0.0],"evs":[0.0,-2.44588]},"85o":{"weight":1.0,"played":[1.0,0.0],"evs":[0.0,-2.45761]},"95o":{"weight":1.0,"played":[1.0,0.0],"evs":[0.0,-2.86052]},"T5o":{"weight":1.0,"played":[1.0,0.0],"evs":[0.0,-2.9567]},"J5o":{"weight":1.0,"played":[1.0,0.0],"evs":[0.0,-2.82966]},"Q5o":{"weight":1.0,"played":[1.0,0.0],"evs":[0.0,-2.69551]},"K5o":{"weight":1.0,"played":[1.0,0.0],"evs":[0.0,-2.6496]},"A5o":{"weight":1.0,"played":[1.0,0.0],"evs":[0.0,-2.64919]},"62s":{"weight":1.0,"played":[1.0,0.0],"evs":[0.0,-2.31284]},"63s":{"weight":1.0,"played":[1.0,0.0],"evs":[0.0,-2.27715]},"64s":{"weight":1.0,"played":[1.0,0.0],"evs":[0.0,-1.78853]},"65s":{"weight":1.0,"played":[1.0,0.0],"evs":[0.0,-1.40646]},"66":{"weight":1.0,"played":[1.0,0.0],"evs":[0.0,-1.39082]},"76o":{"weight":1.0,"played":[1.0,0.0],"evs":[0.0,-2.12414]},"86o":{"weight":1.0,"played":[1.0,0.0],"evs":[0.0,-2.36576]},"96o":{"weight":1.0,"played":[1.0,0.0],"evs":[0.0,-2.52365]},"T6o":{"weight":1.0,"played":[1.0,0.0],"evs":[0.0,-2.69312]},"J6o":{"weight":1.0,"played":[1.0,0.0],"evs":[0.0,-2.99375]},"Q6o":{"weight":1.0,"played":[1.0,0.0],"evs":[0.0,-2.59775]},"K6o":{"weight":1.0,"played":[1.0,0.0],"evs":[0.0,-2.63401]},"A6o":{"weight":1.0,"played":[1.0,0.0],"evs":[0.0,-3.04686]},"72s":{"weight":1.0,"played":[1.0,0.0],"evs":[0.0,-2.28126]},"73s":{"weight":1.0,"played":[1.0,0.0],"evs":[0.0,-2.44967]},"74s":{"weight":1.0,"played":[1.0,0.0],"evs":[0.0,-1.73305]},"75s":{"weight":1.0,"played":[0.9998,2.0E-4],"evs":[0.0,-1.99334]},"76s":{"weight":1.0,"played":[0.9999,1.0E-4],"evs":[0.0,-1.49204]},"77":{"weight":1.0,"played":[1.0,0.0],"evs":[0.0,-1.43166]},"87o":{"weight":1.0,"played":[1.0,0.0],"evs":[0.0,-2.205]},"97o":{"weight":1.0,"played":[1.0,0.0],"evs":[0.0,-2.34539]},"T7o":{"weight":1.0,"played":[1.0,0.0],"evs":[0.0,-2.6606]},"J7o":{"weight":1.0,"played":[1.0,0.0],"evs":[0.0,-2.71684]},"Q7o":{"weight":1.0,"played":[1.0,0.0],"evs":[0.0,-2.75377]},"K7o":{"weight":1.0,"played":[1.0,0.0],"evs":[0.0,-2.5847]},"A7o":{"weight":1.0,"played":[1.0,0.0],"evs":[0.0,-2.66346]},"82s":{"weight":1.0,"played":[1.0,0.0],"evs":[0.0,-2.46377]},"83s":{"weight":1.0,"played":[0.9999,1.0E-4],"evs":[0.0,-2.35925]},"84s":{"weight":1.0,"played":[1.0,0.0],"evs":[0.0,-2.29544]},"85s":{"weight":1.0,"played":[1.0,0.0],"evs":[0.0,-1.93836]},"86s":{"weight":1.0,"played":[0.9999,1.0E-4],"evs":[0.0,-1.77225]},"87s":{"weight":1.0,"played":[0.9999,1.0E-4],"evs":[0.0,-1.54015]},"88":{"weight":1.0,"played":[0.9999,1.0E-4],"evs":[0.0,-0.93304]},"98o":{"weight":1.0,"played":[1.0,0.0],"evs":[0.0,-2.17653]},"T8o":{"weight":1.0,"played":[1.0,0.0],"evs":[0.0,-2.2704]},"J8o":{"weight":1.0,"played":[1.0,0.0],"evs":[0.0,-2.5242]},"Q8o":{"weight":1.0,"played":[1.0,0.0],"evs":[0.0,-2.37671]},"K8o":{"weight":1.0,"played":[1.0,0.0],"evs":[0.0,-2.43191]},"A8o":{"weight":1.0,"played":[1.0,0.0],"evs":[0.0,-2.59952]},"92s":{"weight":1.0,"played":[1.0,0.0],"evs":[0.0,-2.40374]},"93s":{"weight":1.0,"played":[1.0,0.0],"evs":[0.0,-2.4043]},"94s":{"weight":1.0,"played":[0.9999,1.0E-4],"evs":[0.0,-2.51667]},"95s":{"weight":1.0,"played":[1.0,0.0],"evs":[0.0,-2.18766]},"96s":{"weight":1.0,"played":[1.0,0.0],"evs":[0.0,-2.00277]},"97s":{"weight":1.0,"played":[0.9999,1.0E-4],"evs":[0.0,-1.60101]},"98s":{"weight":1.0,"played":[0.9998,2.0E-4],"evs":[0.0,-1.84199]},"99":{"weight":1.0,"played":[0.9996,4.0E-4],"evs":[0.0,-0.45513]},"T9o":{"weight":1.0,"played":[1.0,0.0],"evs":[0.0,-2.23221]},"J9o":{"weight":1.0,"played":[1.0,0.0],"evs":[0.0,-2.18352]},"Q9o":{"weight":1.0,"played":[1.0,0.0],"evs":[0.0,-2.06564]},"K9o":{"weight":1.0,"played":[1.0,0.0],"evs":[0.0,-2.34852]},"A9o":{"weight":1.0,"played":[1.0,0.0],"evs":[0.0,-2.46643]},"T2s":{"weight":1.0,"played":[1.0,0.0],"evs":[0.0,-2.33333]},"T3s":{"weight":1.0,"played":[1.0,0.0],"evs":[0.0,-2.31402]},"T4s":{"weight":1.0,"played":[0.9999,1.0E-4],"evs":[0.0,-2.13447]},"T5s":{"weight":1.0,"played":[1.0,0.0],"evs":[0.0,-2.36951]},"T6s":{"weight":1.0,"played":[1.0,0.0],"evs":[0.0,-2.14081]},"T7s":{"weight":1.0,"played":[1.0,0.0],"evs":[0.0,-2.1647]},"T8s":{"weight":1.0,"played":[1.0,0.0],"evs":[0.0,-1.77225]},"T9s":{"weight":1.0,"played":[0.9999,1.0E-4],"evs":[0.0,-1.72979]},"TT":{"weight":1.0,"played":[0.9841,0.0159],"evs":[0.0,-0.05636]},"JTo":{"weight":1.0,"played":[1.0,0.0],"evs":[0.0,-2.09298]},"QTo":{"weight":1.0,"played":[1.0,0.0],"evs":[0.0,-2.08069]},"KTo":{"weight":1.0,"played":[1.0,0.0],"evs":[0.0,-2.00216]},"ATo":{"weight":1.0,"played":[1.0,0.0],"evs":[0.0,-2.08517]},"J2s":{"weight":1.0,"played":[1.0,0.0],"evs":[0.0,-2.32572]},"J3s":{"weight":1.0,"played":[1.0,0.0],"evs":[0.0,-2.26688]},"J4s":{"weight":1.0,"played":[1.0,0.0],"evs":[0.0,-2.0165]},"J5s":{"weight":1.0,"played":[1.0,0.0],"evs":[0.0,-2.08559]},"J6s":{"weight":1.0,"played":[1.0,0.0],"evs":[0.0,-1.94963]},"J7s":{"weight":1.0,"played":[1.0,0.0],"evs":[0.0,-1.91039]},"J8s":{"weight":1.0,"played":[1.0,0.0],"evs":[0.0,-1.66699]},"J9s":{"weight":1.0,"played":[1.0,0.0],"evs":[0.0,-1.63512]},"JTs":{"weight":1.0,"played":[1.0,0.0],"evs":[0.0,-1.519]},"JJ":{"weight":1.0,"played":[0.0103,0.9897],"evs":[0.0,0.39452]},"QJo":{"weight":1.0,"played":[1.0,0.0],"evs":[0.0,-1.87849]},"KJo":{"weight":1.0,"played":[1.0,0.0],"evs":[0.0,-1.83582]},"AJo":{"weight":1.0,"played":[1.0,0.0],"evs":[0.0,-1.72157]},"Q2s":{"weight":1.0,"played":[1.0,0.0],"evs":[0.0,-2.15651]},"Q3s":{"weight":1.0,"played":[1.0,0.0],"evs":[0.0,-2.18843]},"Q4s":{"weight":1.0,"played":[1.0,0.0],"evs":[0.0,-2.18148]},"Q5s":{"weight":1.0,"played":[1.0,0.0],"evs":[0.0,-1.81735]},"Q6s":{"weight":1.0,"played":[1.0,0.0],"evs":[0.0,-2.12749]},"Q7s":{"weight":1.0,"played":[1.0,0.0],"evs":[0.0,-1.63083]},"Q8s":{"weight":1.0,"played":[0.9995,5.0E-4],"evs":[0.0,-1.82584]},"Q9s":{"weight":1.0,"played":[1.0,0.0],"evs":[0.0,-1.75619]},"QTs":{"weight":1.0,"played":[0.9999,1.0E-4],"evs":[0.0,-1.70125]},"QJs":{"weight":1.0,"played":[0.9999,1.0E-4],"evs":[0.0,-1.34133]},"QQ":{"weight":1.0,"played":[2.0E-4,0.9998],"evs":[0.0,1.74267]},"KQo":{"weight":1.0,"played":[1.0,0.0],"evs":[0.0,-1.49031]},"AQo":{"weight":1.0,"played":[0.9998,2.0E-4],"evs":[0.0,-0.96538]},"K2s":{"weight":1.0,"played":[1.0,0.0],"evs":[0.0,-2.17669]},"K3s":{"weight":1.0,"played":[1.0,0.0],"evs":[0.0,-2.17336]},"K4s":{"weight":1.0,"played":[1.0,0.0],"evs":[0.0,-2.25869]},"K5s":{"weight":1.0,"played":[1.0,0.0],"evs":[0.0,-1.7466]},"K6s":{"weight":1.0,"played":[1.0,0.0],"evs":[0.0,-1.68526]},"K7s":{"weight":1.0,"played":[1.0,0.0],"evs":[0.0,-1.84733]},"K8s":{"weight":1.0,"played":[1.0,0.0],"evs":[0.0,-1.85015]},"K9s":{"weight":1.0,"played":[1.0,0.0],"evs":[0.0,-1.55273]},"KTs":{"weight":1.0,"played":[1.0,0.0],"evs":[0.0,-1.41569]},"KJs":{"weight":1.0,"played":[1.0,0.0],"evs":[0.0,-0.91964]},"KQs":{"weight":1.0,"played":[0.9999,1.0E-4],"evs":[0.0,-0.98493]},"KK":{"weight":1.0,"played":[0.0,1.0],"evs":[0.0,2.89722]},"AKo":{"weight":1.0,"played":[0.7342,0.2658],"evs":[0.0,-0.18973]},"A2s":{"weight":1.0,"played":[1.0,0.0],"evs":[0.0,-2.18443]},"A3s":{"weight":1.0,"played":[1.0,0.0],"evs":[0.0,-2.27155]},"A4s":{"weight":1.0,"played":[1.0,0.0],"evs":[0.0,-2.16031]},"A5s":{"weight":1.0,"played":[0.9999,1.0E-4],"evs":[0.0,-2.24348]},"A6s":{"weight":1.0,"played":[1.0,0.0],"evs":[0.0,-2.08414]},"A7s":{"weight":1.0,"played":[1.0,0.0],"evs":[0.0,-2.36083]},"A8s":{"weight":1.0,"played":[0.9996,4.0E-4],"evs":[0.0,-2.21042]},"A9s":{"weight":1.0,"played":[1.0,0.0],"evs":[0.0,-2.04073]},"ATs":{"weight":1.0,"played":[0.9999,1.0E-4],"evs":[0.0,-1.22231]},"AJs":{"weight":1.0,"played":[0.9951,0.0049],"evs":[0.0,-1.09189]},"AQs":{"weight":1.0,"played":[0.9638,0.0362],"evs":[0.0,-0.57743]},"AKs":{"weight":1.0,"played":[0.1385,0.8615],"evs":[0.0,-0.03647]},"AA":{"weight":1.0,"played":[0.0,1.0],"evs":[0.0,5.20474]}}}