{"player":3,"street":0,"children":2,"sequence":[{"player":0,"type":"R","amount":26720000,"street":0},{"player":1,"type":"F","amount":0,"street":0},{"player":2,"type":"C","amount":8160000,"street":0}],"actions":[{"type":"F","amount":0,"node":41},{"type":"C","amount":12640000,"node":44}],"hands":{"22":{"weight":1.0,"played":[1.0,0.0],"evs":[0.0,-1.40301]},"32o":{"weight":1.0,"played":[1.0,0.0],"evs":[0.0,-3.62737]},"42o":{"weight":1.0,"played":[1.0,0.0],"evs":[0.0,-3.48763]},"52o":{"weight":1.0,"played":[1.0,0.0],"evs":[0.0,-3.3862]},"62o":{"weight":1.0,"played":[1.0,0.0],"evs":[0.0,-3.6037]},"72o":{"weight":1.0,"played":[1.0,0.0],"evs":[0.0,-3.79097]},"82o":{"weight":1.0,"played":[1.0,0.0],"evs":[0.0,-3.65555]},"92o":{"weight":1.0,"played":[1.0,0.0],"evs":[0.0,-3.5539]},"T2o":{"weight":1.0,"played":[1.0,0.0],"evs":[0.0,-3.36669]},"J2o":{"weight":1.0,"played":[1.0,0.0],"evs":[0.0,-3.18548]},"Q2o":{"weight":1.0,"played":[1.0,0.0],"evs":[0.0,-2.8357]},"K2o":{"weight":1.0,"played":[1.0,0.0],"evs":[0.0,-2.4746]},"A2o":{"weight":1.0,"played":[1.0,0.0],"evs":[0.0,-1.65174]},"32s":{"weight":1.0,"played":[1.0,0.0],"evs":[0.0,-2.88951]},"33":{"weight":1.0,"played":[1.0,0.0],"evs":[0.0,-1.0657]},"43o":{"weight":1.0,"played":[1.0,0.0],"evs":[0.0,-3.20577]},"53o":{"weight":1.0,"played":[1.0,0.0],"evs":[0.0,-3.06678]},"63o":{"weight":1.0,"played":[1.0,0.0],"evs":[0.0,-3.29378]},"73o":{"weight":1.0,"played":[1.0,0.0],"evs":[0.0,-3.45514]},"83o":{"weight":1.0,"played":[1.0,0.0],"evs":[0.0,-3.60486]},"93o":{"weight":1.0,"played":[1.0,0.0],"evs":[0.0,-3.4311]},"T3o":{"weight":1.0,"played":[1.0,0.0],"evs":[0.0,-3.25382]},"J3o":{"weight":1.0,"played":[1.0,0.0],"evs":[0.0,-3.04124]},"Q3o":{"weight":1.0,"played":[1.0,0.0],"evs":[0.0,-2.7275]},"K3o":{"weight":1.0,"played":[1.0,0.0],"evs":[0.0,-2.36747]},"A3o":{"weight":1.0,"played":[1.0,0.0],"evs":[0.0,-1.50395]},"42s":{"weight":1.0,"played":[1.0,0.0],"evs":[0.0,-2.72045]},"43s":{"weight":1.0,"played":[1.0,0.0],"evs":[0.0,-2.50664]},"44":{"weight":1.0,"played":[1.0,0.0],"evs":[0.0,-0.76261]},"54o":{"weight":1.0,"played":[1.0,0.0],"evs":[0.0,-2.78934]},"64o":{"weight":1.0,"played":[1.0,0.0],"evs":[0.0,-2.97313]},"74o":{"weight":1.0,"played":[1.0,0.0],"evs":[0.0,-3.14037]},"84o":{"weight":1.0,"played":[1.0,0.0],"evs":[0.0,-3.30526]},"94o":{"weight":1.0,"played":[1.0,0.0],"evs":[0.0,-3.38321]},"T4o":{"weight":1.0,"played":[1.0,0.0],"evs":[0.0,-3.13074]},"J4o":{"weight":1.0,"played":[1.0,0.0],"evs":[0.0,-2.94137]},"Q4o":{"weight":1.0,"played":[1.0,0.0],"evs":[0.0,-2.60922]},"K4o":{"weight":1.0,"played":[1.0,0.0],"evs":[0.0,-2.27206]},"A4o":{"weight":1.0,"played":[1.0,0.0],"evs":[0.0,-1.38257]},"52s":{"weight":1.0,"played":[1.0,0.0],"evs":[0.0,-2.65393]},"53s":{"weight":1.0,"played":[1.0,0.0],"evs":[0.0,-2.34993]},"54s":{"weight":1.0,"played":[1.0,0.0],"evs":[0.0,-2.16367]},"55":{"weight":1.0,"played":[1.0,0.0],"evs":[0.0,-0.45705]},"65o":{"weight":1.0,"played":[1.0,0.0],"evs":[0.0,-2.66008]},"75o":{"weight":1.0,"played":[1.0,0.0],"evs":[0.0,-2.82928]},"85o":{"weight":1.0,"played":[1.0,0.0],"evs":[0.0,-2.97266]},"95o":{"weight":1.0,"played":[1.0,0.0],"evs":[0.0,-3.0467]},"T5o":{"weight":1.0,"played":[1.0,0.0],"evs":[0.0,-3.08941]},"J5o":{"weight":1.0,"played":[1.0,0.0],"evs":[0.0,-2.8328]},"Q5o":{"weight":1.0,"played":[1.0,0.0],"evs":[0.0,-2.48611]},"K5o":{"weight":1.0,"played":[1.0,0.0],"evs":[0.0,-2.13645]},"A5o":{"weight":1.0,"played":[1.0,0.0],"evs":[0.0,-1.26709]},"62s":{"weight":1.0,"played":[1.0,0.0],"evs":[0.0,-2.87266]},"63s":{"weight":1.0,"played":[1.0,0.0],"evs":[0.0,-2.55434]},"64s":{"weight":1.0,"played":[1.0,0.0],"evs":[0.0,-2.2694]},"65s":{"weight":1.0,"played":[1.0,0.0],"evs":[0.0,-2.03581]},"66":{"weight":1.0,"played":[0.9611,0.0389],"evs":[0.0,-0.05201]},"76o":{"weight":1.0,"played":[1.0,0.0],"evs":[0.0,-2.55968]},"86o":{"weight":1.0,"played":[1.0,0.0],"evs":[0.0,-2.67533]},"96o":{"weight":1.0,"played":[1.0,0.0],"evs":[0.0,-2.78487]},"T6o":{"weight":1.0,"played":[1.0,0.0],"evs":[0.0,-2.82712]},"J6o":{"weight":1.0,"played":[1.0,0.0],"evs":[0.0,-2.76811]},"Q6o":{"weight":1.0,"played":[1.0,0.0],"evs":[0.0,-2.37019]},"K6o":{"weight":1.0,"played":[1.0,0.0],"evs":[0.0,-2.00709]},"A6o":{"weight":1.0,"played":[1.0,0.0],"evs":[0.0,-1.36407]},"72s":{"weight":1.0,"played":[1.0,0.0],"evs":[0.0,-3.01475]},"73s":{"weight":1.0,"played":[1.0,0.0],"evs":[0.0,-2.73893]},"74s":{"weight":1.0,"played":[1.0,0.0],"evs":[0.0,-2.45892]},"75s":{"weight":1.0,"played":[1.0,0.0],"evs":[0.0,-2.1381]},"76s":{"weight":1.0,"played":[1.0,0.0],"evs":[0.0,-1.86501]},"77":{"weight":1.0,"played":[0.0,1.0],"evs":[0.0,0.37195]},"87o":{"weight":1.0,"played":[1.0,0.0],"evs":[0.0,-2.4531]},"97o":{"weight":1.0,"played":[1.0,0.0],"evs":[0.0,-2.46663]},"T7o":{"weight":1.0,"played":[1.0,0.0],"evs":[0.0,-2.50955]},"J7o":{"weight":1.0,"played":[1.0,0.0],"evs":[0.0,-2.45188]},"Q7o":{"weight":1.0,"played":[1.0,0.0],"evs":[0.0,-2.27654]},"K7o":{"weight":1.0,"played":[1.0,0.0],"evs":[0.0,-1.85701]},"A7o":{"weight":1.0,"played":[1.0,0.0],"evs":[0.0,-1.13008]},"82s":{"weight":1.0,"played":[1.0,0.0],"evs":[0.0,-2.89541]},"83s":{"weight":1.0,"played":[1.0,0.0],"evs":[0.0,-2.84837]},"84s":{"weight":1.0,"played":[1.0,0.0],"evs":[0.0,-2.58531]},"85s":{"weight":1.0,"played":[1.0,0.0],"evs":[0.0,-2.26031]},"86s":{"weight":1.0,"played":[1.0,0.0],"evs":[0.0,-2.0035]},"87s":{"weight":1.0,"played":[1.0,0.0],"evs":[0.0,-1.75663]},"88":{"weight":1.0,"played":[0.0,1.0],"evs":[0.0,0.84377]},"98o":{"weight":1.0,"played":[1.0,0.0],"evs":[0.0,-2.26149]},"T8o":{"weight":1.0,"played":[1.0,0.0],"evs":[0.0,-2.21176]},"J8o":{"weight":1.0,"played":[1.0,0.0],"evs":[0.0,-2.19512]},"Q8o":{"weight":1.0,"played":[1.0,0.0],"evs":[0.0,-1.98017]},"K8o":{"weight":1.0,"played":[1.0,0.0],"evs":[0.0,-1.83926]},"A8o":{"weight":1.0,"played":[1.0,0.0],"evs":[0.0,-0.91119]},"92s":{"weight":1.0,"played":[1.0,0.0],"evs":[0.0,-2.7577]},"93s":{"weight":1.0,"played":[1.0,0.0],"evs":[0.0,-2.7052]},"94s":{"weight":1.0,"played":[1.0,0.0],"evs":[0.0,-2.60402]},"95s":{"weight":1.0,"played":[1.0,0.0],"evs":[0.0,-2.33697]},"96s":{"weight":1.0,"played":[1.0,0.0],"evs":[0.0,-2.09746]},"97s":{"weight":1.0,"played":[1.0,0.0],"evs":[0.0,-1.80964]},"98s":{"weight":1.0,"played":[1.0,0.0],"evs":[0.0,-1.55901]},"99":{"weight":1.0,"played":[0.0,1.0],"evs":[0.0,1.45979]},"T9o":{"weight":1.0,"played":[1.0,0.0],"evs":[0.0,-1.86981]},"J9o":{"weight":1.0,"played":[1.0,0.0],"evs":[0.0,-1.8511]},"Q9o":{"weight":1.0,"played":[1.0,0.0],"evs":[0.0,-1.63674]},"K9o":{"weight":1.0,"played":[1.0,0.0],"evs":[0.0,-1.42757]},"A9o":{"weight":1.0,"played":[1.0,0.0],"evs":[0.0,-0.58544]},"T2s":{"weight":1.0,"played":[1.0,0.0],"evs":[0.0,-2.61298]},"T3s":{"weight":1.0,"played":[1.0,0.0],"evs":[0.0,-2.54154]},"T4s":{"weight":1.0,"played":[1.0,0.0],"evs":[0.0,-2.44429]},"T5s":{"weight":1.0,"played":[1.0,0.0],"evs":[0.0,-2.3649]},"T6s":{"weight":1.0,"played":[1.0,0.0],"evs":[0.0,-2.04046]},"T7s":{"weight":1.0,"played":[1.0,0.0],"evs":[0.0,-1.79893]},"T8s":{"weight":1.0,"played":[1.0,0.0],"evs":[0.0,-1.52532]},"T9s":{"weight":1.0,"played":[1.0,0.0],"evs":[0.0,-1.2338]},"TT":{"weight":1.0,"played":[0.0,1.0],"evs":[0.0,2.14339]},"JTo":{"weight":1.0,"played":[1.0,0.0],"evs":[0.0,-1.43464]},"QTo":{"weight":1.0,"played":[1.0,0.0],"evs":[0.0,-1.22089]},"KTo":{"weight":1.0,"played":[1.0,0.0],"evs":[0.0,-0.96498]},"ATo":{"weight":1.0,"played":[2.0E-4,0.9998],"evs":[0.0,0.08467]},"J2s":{"weight":1.0,"played":[1.0,0.0],"evs":[0.0,-2.44135]},"J3s":{"weight":1.0,"played":[1.0,0.0],"evs":[0.0,-2.35148]},"J4s":{"weight":1.0,"played":[1.0,0.0],"evs":[0.0,-2.25341]},"J5s":{"weight":1.0,"played":[1.0,0.0],"evs":[0.0,-2.16121]},"J6s":{"weight":1.0,"played":[1.0,0.0],"evs":[0.0,-2.10512]},"J7s":{"weight":1.0,"played":[1.0,0.0],"evs":[0.0,-1.78824]},"J8s":{"weight":1.0,"played":[1.0,0.0],"evs":[0.0,-1.51358]},"J9s":{"weight":1.0,"played":[1.0,0.0],"evs":[0.0,-1.17139]},"JTs":{"weight":1.0,"played":[1.0,0.0],"evs":[0.0,-0.82246]},"JJ":{"weight":1.0,"played":[0.0,1.0],"evs":[0.0,2.93465]},"QJo":{"weight":1.0,"played":[1.0,0.0],"evs":[0.0,-1.0176]},"KJo":{"weight":1.0,"played":[1.0,0.0],"evs":[0.0,-0.61011]},"AJo":{"weight":1.0,"played":[0.0,1.0],"evs":[0.0,0.54605]},"Q2s":{"weight":1.0,"played":[1.0,0.0],"evs":[0.0,-2.11761]},"Q3s":{"weight":1.0,"played":[1.0,0.0],"evs":[0.0,-1.98126]},"Q4s":{"weight":1.0,"played":[1.0,0.0],"evs":[0.0,-1.90309]},"Q5s":{"weight":1.0,"played":[1.0,0.0],"evs":[0.0,-1.79242]},"Q6s":{"weight":1.0,"played":[1.0,0.0],"evs":[0.0,-1.66767]},"Q7s":{"weight":1.0,"played":[1.0,0.0],"evs":[0.0,-1.53434]},"Q8s":{"weight":1.0,"played":[1.0,0.0],"evs":[0.0,-1.32152]},"Q9s":{"weight":1.0,"played":[1.0,0.0],"evs":[0.0,-0.9735]},"QTs":{"weight":1.0,"played":[1.0,0.0],"evs":[0.0,-0.605]},"QJs":{"weight":1.0,"played":[1.0,0.0],"evs":[0.0,-0.40891]},"QQ":{"weight":1.0,"played":[0.0,1.0],"evs":[0.0,3.89009]},"KQo":{"weight":1.0,"played":[0.9999,1.0E-4],"evs":[0.0,-0.18369]},"AQo":{"weight":1.0,"played":[0.0,1.0],"evs":[0.0,1.09769]},"K2s":{"weight":1.0,"played":[1.0,0.0],"evs":[0.0,-1.75753]},"K3s":{"weight":1.0,"played":[1.0,0.0],"evs":[0.0,-1.67658]},"K4s":{"weight":1.0,"played":[1.0,0.0],"evs":[0.0,-1.51219]},"K5s":{"weight":1.0,"played":[1.0,0.0],"evs":[0.0,-1.47374]},"K6s":{"weight":1.0,"played":[1.0,0.0],"evs":[0.0,-1.3366]},"K7s":{"weight":1.0,"played":[1.0,0.0],"evs":[0.0,-1.20569]},"K8s":{"weight":1.0,"played":[1.0,0.0],"evs":[0.0,-1.09945]},"K9s":{"weight":1.0,"played":[1.0,0.0],"evs":[0.0,-0.77719]},"KTs":{"weight":1.0,"played":[1.0,0.0],"evs":[0.0,-0.3]},"KJs":{"weight":1.0,"played":[0.1223,0.8777],"evs":[0.0,5.5E-4]},"KQs":{"weight":1.0,"played":[0.001,0.999],"evs":[0.0,0.41127]},"KK":{"weight":1.0,"played":[0.0,1.0],"evs":[0.0,5.04825]},"AKo":{"weight":1.0,"played":[0.0,1.0],"evs":[0.0,1.63802]},"A2s":{"weight":1.0,"played":[1.0,0.0],"evs":[0.0,-0.97006]},"A3s":{"weight":1.0,"played":[1.0,0.0],"evs":[0.0,-0.83456]},"A4s":{"weight":1.0,"played":[1.0,0.0],"evs":[0.0,-0.69941]},"A5s":{"weight":1.0,"played":[1.0,0.0],"evs":[0.0,-0.54754]},"A6s":{"weight":1.0,"played":[1.0,0.0],"evs":[0.0,-0.73123]},"A7s":{"weight":1.0,"played":[1.0,0.0],"evs":[0.0,-0.50258]},"A8s":{"weight":1.0,"played":[0.9987,0.0013],"evs":[0.0,-0.23563]},"A9s":{"weight":1.0,"played":[0.0093,0.9907],"evs":[0.0,0.07083]},"ATs":{"weight":1.0,"played":[0.0,1.0],"evs":[0.0,0.69873]},"AJs":{"weight":1.0,"played":[0.0,1.0],"evs":[0.0,1.13583]},"AQs":{"weight":1.0,"played":[0.0,1.0],"evs":[0.0,1.59537]},"AKs":{"weight":1.0,"played":[0.0,1.0],"evs":[0.0,2.08856]},"AA":{"weight":1.0,"played":[0.0,1.0],"evs":[0.0,6.85282]}}}