{"player":5,"street":0,"children":2,"sequence":[{"player":0,"type":"R","amount":26720000,"street":0},{"player":1,"type":"F","amount":0,"street":0},{"player":2,"type":"C","amount":8160000,"street":0},{"player":3,"type":"F","amount":0,"street":0},{"player":4,"type":"C","amount":6240000,"street":0}],"actions":[{"type":"F","amount":0},{"type":"C","amount":4640000}],"hands":{"22":{"weight":1.0,"played":[1.0,0.0],"evs":[0.0,-1.3225]},"32o":{"weight":1.0,"played":[1.0,0.0],"evs":[0.0,-2.13145]},"42o":{"weight":1.0,"played":[1.0,0.0],"evs":[0.0,-2.04457]},"52o":{"weight":1.0,"played":[1.0,0.0],"evs":[0.0,-1.93892]},"62o":{"weight":1.0,"played":[1.0,0.0],"evs":[0.0,-2.17907]},"72o":{"weight":1.0,"played":[1.0,0.0],"evs":[0.0,-2.40622]},"82o":{"weight":1.0,"played":[1.0,0.0],"evs":[0.0,-2.37447]},"92o":{"weight":1.0,"played":[1.0,0.0],"evs":[0.0,-2.29268]},"T2o":{"weight":1.0,"played":[1.0,0.0],"evs":[0.0,-2.28522]},"J2o":{"weight":1.0,"played":[1.0,0.0],"evs":[0.0,-2.28439]},"Q2o":{"weight":1.0,"played":[1.0,0.0],"evs":[0.0,-2.23262]},"K2o":{"weight":1.0,"played":[1.0,0.0],"evs":[0.0,-2.20098]},"A2o":{"weight":1.0,"played":[1.0,0.0],"evs":[0.0,-2.23845]},"32s":{"weight":1.0,"played":[1.0,0.0],"evs":[0.0,-1.50696]},"33":{"weight":1.0,"played":[1.0,0.0],"evs":[0.0,-1.16844]},"43o":{"weight":1.0,"played":[1.0,0.0],"evs":[0.0,-1.72897]},"53o":{"weight":1.0,"played":[1.0,0.0],"evs":[0.0,-1.65168]},"63o":{"weight":1.0,"played":[1.0,0.0],"evs":[0.0,-1.89328]},"73o":{"weight":1.0,"played":[1.0,0.0],"evs":[0.0,-2.18254]},"83o":{"weight":1.0,"played":[1.0,0.0],"evs":[0.0,-2.33975]},"93o":{"weight":1.0,"played":[1.0,0.0],"evs":[0.0,-2.28874]},"T3o":{"weight":1.0,"played":[1.0,0.0],"evs":[0.0,-2.25941]},"J3o":{"weight":1.0,"played":[1.0,0.0],"evs":[0.0,-2.16385]},"Q3o":{"weight":1.0,"played":[1.0,0.0],"evs":[0.0,-2.13372]},"K3o":{"weight":1.0,"played":[1.0,0.0],"evs":[0.0,-2.06273]},"A3o":{"weight":1.0,"played":[1.0,0.0],"evs":[0.0,-2.18329]},"42s":{"weight":1.0,"played":[0.9999,1.0E-4],"evs":[0.0,-1.31634]},"43s":{"weight":1.0,"played":[1.0,0.0],"evs":[0.0,-1.32043]},"44":{"weight":1.0,"played":[1.0,0.0],"evs":[0.0,-0.94827]},"54o":{"weight":1.0,"played":[1.0,0.0],"evs":[0.0,-1.41863]},"64o":{"weight":1.0,"played":[1.0,0.0],"evs":[0.0,-1.64855]},"74o":{"weight":1.0,"played":[1.0,0.0],"evs":[0.0,-1.88806]},"84o":{"weight":1.0,"played":[1.0,0.0],"evs":[0.0,-2.11433]},"94o":{"weight":1.0,"played":[1.0,0.0],"evs":[0.0,-2.36491]},"T4o":{"weight":1.0,"played":[1.0,0.0],"evs":[0.0,-2.14982]},"J4o":{"weight":1.0,"played":[1.0,0.0],"evs":[0.0,-2.25347]},"Q4o":{"weight":1.0,"played":[1.0,0.0],"evs":[0.0,-2.06285]},"K4o":{"weight":1.0,"played":[1.0,0.0],"evs":[0.0,-2.06757]},"A4o":{"weight":1.0,"played":[1.0,0.0],"evs":[0.0,-2.0433]},"52s":{"weight":1.0,"played":[1.0,0.0],"evs":[0.0,-1.18771]},"53s":{"weight":1.0,"played":[1.0,0.0],"evs":[0.0,-0.98978]},"54s":{"weight":1.0,"played":[0.9998,2.0E-4],"evs":[0.0,-0.52352]},"55":{"weight":1.0,"played":[0.9998,2.0E-4],"evs":[0.0,-0.87919]},"65o":{"weight":1.0,"played":[1.0,0.0],"evs":[0.0,-1.25981]},"75o":{"weight":1.0,"played":[1.0,0.0],"evs":[0.0,-1.6306]},"85o":{"weight":1.0,"played":[1.0,0.0],"evs":[0.0,-1.80632]},"95o":{"weight":1.0,"played":[1.0,0.0],"evs":[0.0,-2.00222]},"T5o":{"weight":1.0,"played":[1.0,0.0],"evs":[0.0,-2.11296]},"J5o":{"weight":1.0,"played":[1.0,0.0],"evs":[0.0,-2.14632]},"Q5o":{"weight":1.0,"played":[1.0,0.0],"evs":[0.0,-2.02899]},"K5o":{"weight":1.0,"played":[1.0,0.0],"evs":[0.0,-1.94728]},"A5o":{"weight":1.0,"played":[1.0,0.0],"evs":[0.0,-2.03253]},"62s":{"weight":1.0,"played":[1.0,0.0],"evs":[0.0,-1.66587]},"63s":{"weight":1.0,"played":[1.0,0.0],"evs":[0.0,-1.30987]},"64s":{"weight":1.0,"played":[1.0,0.0],"evs":[0.0,-1.07789]},"65s":{"weight":1.0,"played":[0.9994,6.0E-4],"evs":[0.0,-0.77167]},"66":{"weight":1.0,"played":[0.9998,2.0E-4],"evs":[0.0,-0.73558]},"76o":{"weight":1.0,"played":[1.0,0.0],"evs":[0.0,-1.46598]},"86o":{"weight":1.0,"played":[1.0,0.0],"evs":[0.0,-1.70963]},"96o":{"weight":1.0,"played":[1.0,0.0],"evs":[0.0,-1.78314]},"T6o":{"weight":1.0,"played":[1.0,0.0],"evs":[0.0,-1.99156]},"J6o":{"weight":1.0,"played":[1.0,0.0],"evs":[0.0,-2.12585]},"Q6o":{"weight":1.0,"played":[1.0,0.0],"evs":[0.0,-1.88754]},"K6o":{"weight":1.0,"played":[1.0,0.0],"evs":[0.0,-1.87346]},"A6o":{"weight":1.0,"played":[1.0,0.0],"evs":[0.0,-2.20634]},"72s":{"weight":1.0,"played":[1.0,0.0],"evs":[0.0,-1.85153]},"73s":{"weight":1.0,"played":[1.0,0.0],"evs":[0.0,-1.34673]},"74s":{"weight":1.0,"played":[0.9999,1.0E-4],"evs":[0.0,-1.21385]},"75s":{"weight":1.0,"played":[1.0,0.0],"evs":[0.0,-1.06542]},"76s":{"weight":1.0,"played":[0.9999,1.0E-4],"evs":[0.0,-0.79252]},"77":{"weight":1.0,"played":[0.9997,3.0E-4],"evs":[0.0,-0.63955]},"87o":{"weight":1.0,"played":[1.0,0.0],"evs":[0.0,-1.61585]},"97o":{"weight":1.0,"played":[1.0,0.0],"evs":[0.0,-1.64437]},"T7o":{"weight":1.0,"played":[1.0,0.0],"evs":[0.0,-1.70236]},"J7o":{"weight":1.0,"played":[1.0,0.0],"evs":[0.0,-1.84638]},"Q7o":{"weight":1.0,"played":[1.0,0.0],"evs":[0.0,-2.06227]},"K7o":{"weight":1.0,"played":[1.0,0.0],"evs":[0.0,-1.89241]},"A7o":{"weight":1.0,"played":[1.0,0.0],"evs":[0.0,-2.17837]},"82s":{"weight":1.0,"played":[1.0,0.0],"evs":[0.0,-1.80294]},"83s":{"weight":1.0,"played":[1.0,0.0],"evs":[0.0,-1.62808]},"84s":{"weight":1.0,"played":[1.0,0.0],"evs":[0.0,-1.39624]},"85s":{"weight":1.0,"played":[0.9999,1.0E-4],"evs":[0.0,-1.22701]},"86s":{"weight":1.0,"played":[1.0,0.0],"evs":[0.0,-1.08346]},"87s":{"weight":1.0,"played":[0.9997,3.0E-4],"evs":[0.0,-0.89151]},"88":{"weight":1.0,"played":[0.9994,6.0E-4],"evs":[0.0,-0.40269]},"98o":{"weight":1.0,"played":[1.0,0.0],"evs":[0.0,-1.59141]},"T8o":{"weight":1.0,"played":[1.0,0.0],"evs":[0.0,-1.61339]},"J8o":{"weight":1.0,"played":[1.0,0.0],"evs":[0.0,-1.92192]},"Q8o":{"weight":1.0,"played":[1.0,0.0],"evs":[0.0,-1.92448]},"K8o":{"weight":1.0,"played":[1.0,0.0],"evs":[0.0,-1.98703]},"A8o":{"weight":1.0,"played":[1.0,0.0],"evs":[0.0,-2.18914]},"92s":{"weight":1.0,"played":[1.0,0.0],"evs":[0.0,-1.65793]},"93s":{"weight":1.0,"played":[1.0,0.0],"evs":[0.0,-1.73144]},"94s":{"weight":1.0,"played":[1.0,0.0],"evs":[0.0,-1.59341]},"95s":{"weight":1.0,"played":[1.0,0.0],"evs":[0.0,-1.29679]},"96s":{"weight":1.0,"played":[1.0,0.0],"evs":[0.0,-1.12374]},"97s":{"weight":1.0,"played":[0.9991,9.0E-4],"evs":[0.0,-1.05573]},"98s":{"weight":1.0,"played":[1.0,0.0],"evs":[0.0,-0.86645]},"99":{"weight":1.0,"played":[0.9919,0.0081],"evs":[0.0,-0.10109]},"T9o":{"weight":1.0,"played":[1.0,0.0],"evs":[0.0,-1.37361]},"J9o":{"weight":1.0,"played":[1.0,0.0],"evs":[0.0,-1.61522]},"Q9o":{"weight":1.0,"played":[1.0,0.0],"evs":[0.0,-1.63913]},"K9o":{"weight":1.0,"played":[1.0,0.0],"evs":[0.0,-1.62073]},"A9o":{"weight":1.0,"played":[1.0,0.0],"evs":[0.0,-2.01542]},"T2s":{"weight":1.0,"played":[1.0,0.0],"evs":[0.0,-1.7055]},"T3s":{"weight":1.0,"played":[1.0,0.0],"evs":[0.0,-1.47758]},"T4s":{"weight":1.0,"played":[1.0,0.0],"evs":[0.0,-1.48941]},"T5s":{"weight":1.0,"played":[1.0,0.0],"evs":[0.0,-1.41008]},"T6s":{"weight":1.0,"played":[1.0,0.0],"evs":[0.0,-1.38141]},"T7s":{"weight":1.0,"played":[1.0,0.0],"evs":[0.0,-1.10622]},"T8s":{"weight":1.0,"played":[1.0,0.0],"evs":[0.0,-0.99088]},"T9s":{"weight":1.0,"played":[1.0,0.0],"evs":[0.0,-0.8574]},"TT":{"weight":1.0,"played":[2.0E-4,0.9998],"evs":[0.0,0.40415]},"JTo":{"weight":1.0,"played":[1.0,0.0],"evs":[0.0,-1.53133]},"QTo":{"weight":1.0,"played":[1.0,0.0],"evs":[0.0,-1.36661]},"KTo":{"weight":1.0,"played":[1.0,0.0],"evs":[0.0,-1.21225]},"ATo":{"weight":1.0,"played":[1.0,0.0],"evs":[0.0,-1.61846]},"J2s":{"weight":1.0,"played":[1.0,0.0],"evs":[0.0,-1.68595]},"J3s":{"weight":1.0,"played":[1.0,0.0],"evs":[0.0,-1.59772]},"J4s":{"weight":1.0,"played":[1.0,0.0],"evs":[0.0,-1.59044]},"J5s":{"weight":1.0,"played":[1.0,0.0],"evs":[0.0,-1.57729]},"J6s":{"weight":1.0,"played":[1.0,0.0],"evs":[0.0,-1.51296]},"J7s":{"weight":1.0,"played":[1.0,0.0],"evs":[0.0,-1.1636]},"J8s":{"weight":1.0,"played":[0.9996,4.0E-4],"evs":[0.0,-1.11013]},"J9s":{"weight":1.0,"played":[1.0,0.0],"evs":[0.0,-0.97199]},"JTs":{"weight":1.0,"played":[0.9998,2.0E-4],"evs":[0.0,-0.60222]},"JJ":{"weight":1.0,"played":[0.0,1.0],"evs":[0.0,1.17777]},"QJo":{"weight":1.0,"played":[1.0,0.0],"evs":[0.0,-1.38189]},"KJo":{"weight":1.0,"played":[1.0,0.0],"evs":[0.0,-1.32991]},"AJo":{"weight":1.0,"played":[1.0,0.0],"evs":[0.0,-1.32775]},"Q2s":{"weight":1.0,"played":[1.0,0.0],"evs":[0.0,-1.4958]},"Q3s":{"weight":1.0,"played":[1.0,0.0],"evs":[0.0,-1.27145]},"Q4s":{"weight":1.0,"played":[1.0,0.0],"evs":[0.0,-1.37826]},"Q5s":{"weight":1.0,"played":[1.0,0.0],"evs":[0.0,-1.44741]},"Q6s":{"weight":1.0,"played":[1.0,0.0],"evs":[0.0,-1.42408]},"Q7s":{"weight":1.0,"played":[1.0,0.0],"evs":[0.0,-1.31437]},"Q8s":{"weight":1.0,"played":[1.0,0.0],"evs":[0.0,-1.16213]},"Q9s":{"weight":1.0,"played":[0.9999,1.0E-4],"evs":[0.0,-1.00145]},"QTs":{"weight":1.0,"played":[1.0,0.0],"evs":[0.0,-0.82457]},"QJs":{"weight":1.0,"played":[0.9999,1.0E-4],"evs":[0.0,-0.53891]},"QQ":{"weight":1.0,"played":[0.0,1.0],"evs":[0.0,2.34955]},"KQo":{"weight":1.0,"played":[0.9999,1.0E-4],"evs":[0.0,-1.00396]},"AQo":{"weight":1.0,"played":[0.9981,0.0019],"evs":[0.0,-0.51377]},"K2s":{"weight":1.0,"played":[1.0,0.0],"evs":[0.0,-1.34063]},"K3s":{"weight":1.0,"played":[1.0,0.0],"evs":[0.0,-1.36021]},"K4s":{"weight":1.0,"played":[0.9986,0.0014],"evs":[0.0,-1.06348]},"K5s":{"weight":1.0,"played":[0.9999,1.0E-4],"evs":[0.0,-1.17521]},"K6s":{"weight":1.0,"played":[0.9997,3.0E-4],"evs":[0.0,-1.29071]},"K7s":{"weight":1.0,"played":[1.0,0.0],"evs":[0.0,-1.18829]},"K8s":{"weight":1.0,"played":[0.9996,4.0E-4],"evs":[0.0,-1.18906]},"K9s":{"weight":1.0,"played":[0.9999,1.0E-4],"evs":[0.0,-0.97462]},"KTs":{"weight":1.0,"played":[0.9971,0.0029],"evs":[0.0,-0.68787]},"KJs":{"weight":1.0,"played":[0.9975,0.0025],"evs":[0.0,-0.63093]},"KQs":{"weight":1.0,"played":[0.9988,0.0012],"evs":[0.0,-0.27445]},"KK":{"weight":1.0,"played":[0.0,1.0],"evs":[0.0,3.88073]},"AKo":{"weight":1.0,"played":[0.0137,0.9863],"evs":[0.0,0.13756]},"A2s":{"weight":1.0,"played":[1.0,0.0],"evs":[0.0,-1.41478]},"A3s":{"weight":1.0,"played":[1.0,0.0],"evs":[0.0,-1.3624]},"A4s":{"weight":1.0,"played":[1.0,0.0],"evs":[0.0,-1.26013]},"A5s":{"weight":1.0,"played":[1.0,0.0],"evs":[0.0,-1.39878]},"A6s":{"weight":1.0,"played":[1.0,0.0],"evs":[0.0,-1.55703]},"A7s":{"weight":1.0,"played":[1.0,0.0],"evs":[0.0,-1.39196]},"A8s":{"weight":1.0,"played":[1.0,0.0],"evs":[0.0,-1.49028]},"A9s":{"weight":1.0,"played":[0.9999,1.0E-4],"evs":[0.0,-1.13956]},"ATs":{"weight":1.0,"played":[0.9999,1.0E-4],"evs":[0.0,-1.23575]},"AJs":{"weight":1.0,"played":[0.9999,1.0E-4],"evs":[0.0,-0.65717]},"AQs":{"weight":1.0,"played":[0.5325,0.4675],"evs":[0.0,0.0222]},"AKs":{"weight":1.0,"played":[0.0035,0.9965],"evs":[0.0,1.00857]},"AA":{"weight":1.0,"played":[0.0,1.0],"evs":[0.0,5.83219]}}}