{"player":3,"street":0,"children":2,"sequence":[{"player":0,"type":"R","amount":26720000,"street":0},{"player":1,"type":"C","amount":26720000,"street":0},{"player":2,"type":"F","amount":0,"street":0}],"actions":[{"type":"F","amount":0,"node":49},{"type":"C","amount":12640000,"node":52}],"hands":{"22":{"weight":1.0,"played":[1.0,0.0],"evs":[0.0,-4.57952]},"32o":{"weight":1.0,"played":[1.0,0.0],"evs":[0.0,-5.98262]},"42o":{"weight":1.0,"played":[1.0,0.0],"evs":[0.0,-5.92917]},"52o":{"weight":1.0,"played":[1.0,0.0],"evs":[0.0,-5.81369]},"62o":{"weight":1.0,"played":[1.0,0.0],"evs":[0.0,-6.08062]},"72o":{"weight":1.0,"played":[1.0,0.0],"evs":[0.0,-6.33024]},"82o":{"weight":1.0,"played":[1.0,0.0],"evs":[0.0,-6.22432]},"92o":{"weight":1.0,"played":[1.0,0.0],"evs":[0.0,-6.16536]},"T2o":{"weight":1.0,"played":[1.0,0.0],"evs":[0.0,-5.97122]},"J2o":{"weight":1.0,"played":[1.0,0.0],"evs":[0.0,-6.0815]},"Q2o":{"weight":1.0,"played":[1.0,0.0],"evs":[0.0,-5.9627]},"K2o":{"weight":1.0,"played":[1.0,0.0],"evs":[0.0,-5.57841]},"A2o":{"weight":1.0,"played":[1.0,0.0],"evs":[0.0,-5.45757]},"32s":{"weight":1.0,"played":[1.0,0.0],"evs":[0.0,-5.23531]},"33":{"weight":1.0,"played":[1.0,0.0],"evs":[0.0,-4.30985]},"43o":{"weight":1.0,"played":[1.0,0.0],"evs":[0.0,-5.58194]},"53o":{"weight":1.0,"played":[1.0,0.0],"evs":[0.0,-5.45413]},"63o":{"weight":1.0,"played":[1.0,0.0],"evs":[0.0,-5.7472]},"73o":{"weight":1.0,"played":[1.0,0.0],"evs":[0.0,-6.00191]},"83o":{"weight":1.0,"played":[1.0,0.0],"evs":[0.0,-6.16572]},"93o":{"weight":1.0,"played":[1.0,0.0],"evs":[0.0,-6.0608]},"T3o":{"weight":1.0,"played":[1.0,0.0],"evs":[0.0,-5.98658]},"J3o":{"weight":1.0,"played":[1.0,0.0],"evs":[0.0,-6.01916]},"Q3o":{"weight":1.0,"played":[1.0,0.0],"evs":[0.0,-5.81521]},"K3o":{"weight":1.0,"played":[1.0,0.0],"evs":[0.0,-5.4599]},"A3o":{"weight":1.0,"played":[1.0,0.0],"evs":[0.0,-5.33111]},"42s":{"weight":1.0,"played":[1.0,0.0],"evs":[0.0,-5.10115]},"43s":{"weight":1.0,"played":[1.0,0.0],"evs":[0.0,-4.90022]},"44":{"weight":1.0,"played":[1.0,0.0],"evs":[0.0,-4.21913]},"54o":{"weight":1.0,"played":[1.0,0.0],"evs":[0.0,-5.22557]},"64o":{"weight":1.0,"played":[1.0,0.0],"evs":[0.0,-5.43616]},"74o":{"weight":1.0,"played":[1.0,0.0],"evs":[0.0,-5.74239]},"84o":{"weight":1.0,"played":[1.0,0.0],"evs":[0.0,-5.88563]},"94o":{"weight":1.0,"played":[1.0,0.0],"evs":[0.0,-5.99587]},"T4o":{"weight":1.0,"played":[1.0,0.0],"evs":[0.0,-5.83948]},"J4o":{"weight":1.0,"played":[1.0,0.0],"evs":[0.0,-5.87136]},"Q4o":{"weight":1.0,"played":[1.0,0.0],"evs":[0.0,-5.68106]},"K4o":{"weight":1.0,"played":[1.0,0.0],"evs":[0.0,-5.37974]},"A4o":{"weight":1.0,"played":[1.0,0.0],"evs":[0.0,-5.26121]},"52s":{"weight":1.0,"played":[1.0,0.0],"evs":[0.0,-5.08931]},"53s":{"weight":1.0,"played":[1.0,0.0],"evs":[0.0,-4.7371]},"54s":{"weight":1.0,"played":[1.0,0.0],"evs":[0.0,-4.49174]},"55":{"weight":1.0,"played":[1.0,0.0],"evs":[0.0,-3.97303]},"65o":{"weight":1.0,"played":[1.0,0.0],"evs":[0.0,-5.16671]},"75o":{"weight":1.0,"played":[1.0,0.0],"evs":[0.0,-5.37623]},"85o":{"weight":1.0,"played":[1.0,0.0],"evs":[0.0,-5.56885]},"95o":{"weight":1.0,"played":[1.0,0.0],"evs":[0.0,-5.65756]},"T5o":{"weight":1.0,"played":[1.0,0.0],"evs":[0.0,-5.79228]},"J5o":{"weight":1.0,"played":[1.0,0.0],"evs":[0.0,-5.81908]},"Q5o":{"weight":1.0,"played":[1.0,0.0],"evs":[0.0,-5.59342]},"K5o":{"weight":1.0,"played":[1.0,0.0],"evs":[0.0,-5.3084]},"A5o":{"weight":1.0,"played":[1.0,0.0],"evs":[0.0,-5.14734]},"62s":{"weight":1.0,"played":[1.0,0.0],"evs":[0.0,-5.34909]},"63s":{"weight":1.0,"played":[1.0,0.0],"evs":[0.0,-4.97306]},"64s":{"weight":1.0,"played":[1.0,0.0],"evs":[0.0,-4.71383]},"65s":{"weight":1.0,"played":[1.0,0.0],"evs":[0.0,-4.45337]},"66":{"weight":1.0,"played":[1.0,0.0],"evs":[0.0,-3.77112]},"76o":{"weight":1.0,"played":[1.0,0.0],"evs":[0.0,-5.17635]},"86o":{"weight":1.0,"played":[1.0,0.0],"evs":[0.0,-5.29492]},"96o":{"weight":1.0,"played":[1.0,0.0],"evs":[0.0,-5.42515]},"T6o":{"weight":1.0,"played":[1.0,0.0],"evs":[0.0,-5.53119]},"J6o":{"weight":1.0,"played":[1.0,0.0],"evs":[0.0,-5.80716]},"Q6o":{"weight":1.0,"played":[1.0,0.0],"evs":[0.0,-5.5448]},"K6o":{"weight":1.0,"played":[1.0,0.0],"evs":[0.0,-5.1949]},"A6o":{"weight":1.0,"played":[1.0,0.0],"evs":[0.0,-5.33155]},"72s":{"weight":1.0,"played":[1.0,0.0],"evs":[0.0,-5.59537]},"73s":{"weight":1.0,"played":[1.0,0.0],"evs":[0.0,-5.29656]},"74s":{"weight":1.0,"played":[1.0,0.0],"evs":[0.0,-5.0029]},"75s":{"weight":1.0,"played":[1.0,0.0],"evs":[0.0,-4.56346]},"76s":{"weight":1.0,"played":[1.0,0.0],"evs":[0.0,-4.45563]},"77":{"weight":1.0,"played":[1.0,0.0],"evs":[0.0,-3.68978]},"87o":{"weight":1.0,"played":[1.0,0.0],"evs":[0.0,-5.19054]},"97o":{"weight":1.0,"played":[1.0,0.0],"evs":[0.0,-5.23301]},"T7o":{"weight":1.0,"played":[1.0,0.0],"evs":[0.0,-5.34911]},"J7o":{"weight":1.0,"played":[1.0,0.0],"evs":[0.0,-5.56946]},"Q7o":{"weight":1.0,"played":[1.0,0.0],"evs":[0.0,-5.57545]},"K7o":{"weight":1.0,"played":[1.0,0.0],"evs":[0.0,-5.21019]},"A7o":{"weight":1.0,"played":[1.0,0.0],"evs":[0.0,-5.30605]},"82s":{"weight":1.0,"played":[1.0,0.0],"evs":[0.0,-5.48757]},"83s":{"weight":1.0,"played":[1.0,0.0],"evs":[0.0,-5.36854]},"84s":{"weight":1.0,"played":[1.0,0.0],"evs":[0.0,-5.1134]},"85s":{"weight":1.0,"played":[1.0,0.0],"evs":[0.0,-4.844]},"86s":{"weight":1.0,"played":[1.0,0.0],"evs":[0.0,-4.53508]},"87s":{"weight":1.0,"played":[1.0,0.0],"evs":[0.0,-4.50624]},"88":{"weight":1.0,"played":[1.0,0.0],"evs":[0.0,-3.28393]},"98o":{"weight":1.0,"played":[1.0,0.0],"evs":[0.0,-5.03904]},"T8o":{"weight":1.0,"played":[1.0,0.0],"evs":[0.0,-5.1166]},"J8o":{"weight":1.0,"played":[1.0,0.0],"evs":[0.0,-5.31338]},"Q8o":{"weight":1.0,"played":[1.0,0.0],"evs":[0.0,-5.35125]},"K8o":{"weight":1.0,"played":[1.0,0.0],"evs":[0.0,-5.15846]},"A8o":{"weight":1.0,"played":[1.0,0.0],"evs":[0.0,-5.26649]},"92s":{"weight":1.0,"played":[1.0,0.0],"evs":[0.0,-5.32144]},"93s":{"weight":1.0,"played":[1.0,0.0],"evs":[0.0,-5.25115]},"94s":{"weight":1.0,"played":[1.0,0.0],"evs":[0.0,-5.21378]},"95s":{"weight":1.0,"played":[1.0,0.0],"evs":[0.0,-4.99399]},"96s":{"weight":1.0,"played":[1.0,0.0],"evs":[0.0,-4.74507]},"97s":{"weight":1.0,"played":[1.0,0.0],"evs":[0.0,-4.54094]},"98s":{"weight":1.0,"played":[1.0,0.0],"evs":[0.0,-4.29564]},"99":{"weight":1.0,"played":[1.0,0.0],"evs":[0.0,-2.70667]},"T9o":{"weight":1.0,"played":[1.0,0.0],"evs":[0.0,-4.75913]},"J9o":{"weight":1.0,"played":[1.0,0.0],"evs":[0.0,-4.95742]},"Q9o":{"weight":1.0,"played":[1.0,0.0],"evs":[0.0,-4.99197]},"K9o":{"weight":1.0,"played":[1.0,0.0],"evs":[0.0,-4.85386]},"A9o":{"weight":1.0,"played":[1.0,0.0],"evs":[0.0,-5.11403]},"T2s":{"weight":1.0,"played":[1.0,0.0],"evs":[0.0,-5.24761]},"T3s":{"weight":1.0,"played":[1.0,0.0],"evs":[0.0,-5.10855]},"T4s":{"weight":1.0,"played":[1.0,0.0],"evs":[0.0,-5.1296]},"T5s":{"weight":1.0,"played":[1.0,0.0],"evs":[0.0,-5.14267]},"T6s":{"weight":1.0,"played":[1.0,0.0],"evs":[0.0,-4.87048]},"T7s":{"weight":1.0,"played":[1.0,0.0],"evs":[0.0,-4.65408]},"T8s":{"weight":1.0,"played":[1.0,0.0],"evs":[0.0,-4.35948]},"T9s":{"weight":1.0,"played":[1.0,0.0],"evs":[0.0,-4.15323]},"TT":{"weight":1.0,"played":[1.0,0.0],"evs":[0.0,-1.88319]},"JTo":{"weight":1.0,"played":[1.0,0.0],"evs":[0.0,-4.56809]},"QTo":{"weight":1.0,"played":[1.0,0.0],"evs":[0.0,-4.57571]},"KTo":{"weight":1.0,"played":[1.0,0.0],"evs":[0.0,-4.49249]},"ATo":{"weight":1.0,"played":[1.0,0.0],"evs":[0.0,-4.62644]},"J2s":{"weight":1.0,"played":[1.0,0.0],"evs":[0.0,-5.25466]},"J3s":{"weight":1.0,"played":[1.0,0.0],"evs":[0.0,-5.12356]},"J4s":{"weight":1.0,"played":[1.0,0.0],"evs":[0.0,-5.13672]},"J5s":{"weight":1.0,"played":[1.0,0.0],"evs":[0.0,-4.98228]},"J6s":{"weight":1.0,"played":[1.0,0.0],"evs":[0.0,-4.96912]},"J7s":{"weight":1.0,"played":[1.0,0.0],"evs":[0.0,-4.81236]},"J8s":{"weight":1.0,"played":[1.0,0.0],"evs":[0.0,-4.56681]},"J9s":{"weight":1.0,"played":[1.0,0.0],"evs":[0.0,-4.28353]},"JTs":{"weight":1.0,"played":[1.0,0.0],"evs":[0.0,-3.93143]},"JJ":{"weight":1.0,"played":[1.0,0.0],"evs":[0.0,-0.96413]},"QJo":{"weight":1.0,"played":[1.0,0.0],"evs":[0.0,-4.5803]},"KJo":{"weight":1.0,"played":[1.0,0.0],"evs":[0.0,-4.48342]},"AJo":{"weight":1.0,"played":[1.0,0.0],"evs":[0.0,-3.89739]},"Q2s":{"weight":1.0,"played":[1.0,0.0],"evs":[0.0,-5.10471]},"Q3s":{"weight":1.0,"played":[1.0,0.0],"evs":[0.0,-5.02021]},"Q4s":{"weight":1.0,"played":[1.0,0.0],"evs":[0.0,-4.91257]},"Q5s":{"weight":1.0,"played":[1.0,0.0],"evs":[0.0,-4.80093]},"Q6s":{"weight":1.0,"played":[1.0,0.0],"evs":[0.0,-4.79767]},"Q7s":{"weight":1.0,"played":[1.0,0.0],"evs":[0.0,-4.79335]},"Q8s":{"weight":1.0,"played":[1.0,0.0],"evs":[0.0,-4.57755]},"Q9s":{"weight":1.0,"played":[1.0,0.0],"evs":[0.0,-4.32155]},"QTs":{"weight":1.0,"played":[1.0,0.0],"evs":[0.0,-3.92591]},"QJs":{"weight":1.0,"played":[1.0,0.0],"evs":[0.0,-3.89176]},"QQ":{"weight":1.0,"played":[0.0,1.0],"evs":[0.0,0.44904]},"KQo":{"weight":1.0,"played":[1.0,0.0],"evs":[0.0,-4.12028]},"AQo":{"weight":1.0,"played":[1.0,0.0],"evs":[0.0,-2.85095]},"K2s":{"weight":1.0,"played":[1.0,0.0],"evs":[0.0,-4.81568]},"K3s":{"weight":1.0,"played":[1.0,0.0],"evs":[0.0,-4.72162]},"K4s":{"weight":1.0,"played":[1.0,0.0],"evs":[0.0,-4.55212]},"K5s":{"weight":1.0,"played":[1.0,0.0],"evs":[0.0,-4.49785]},"K6s":{"weight":1.0,"played":[1.0,0.0],"evs":[0.0,-4.40962]},"K7s":{"weight":1.0,"played":[1.0,0.0],"evs":[0.0,-4.45325]},"K8s":{"weight":1.0,"played":[1.0,0.0],"evs":[0.0,-4.39137]},"K9s":{"weight":1.0,"played":[1.0,0.0],"evs":[0.0,-4.14877]},"KTs":{"weight":1.0,"played":[1.0,0.0],"evs":[0.0,-3.70958]},"KJs":{"weight":1.0,"played":[1.0,0.0],"evs":[0.0,-3.70577]},"KQs":{"weight":1.0,"played":[1.0,0.0],"evs":[0.0,-3.4826]},"KK":{"weight":1.0,"played":[0.0,1.0],"evs":[0.0,2.09041]},"AKo":{"weight":1.0,"played":[1.0,0.0],"evs":[0.0,-1.66813]},"A2s":{"weight":1.0,"played":[1.0,0.0],"evs":[0.0,-4.64672]},"A3s":{"weight":1.0,"played":[1.0,0.0],"evs":[0.0,-4.58141]},"A4s":{"weight":1.0,"played":[1.0,0.0],"evs":[0.0,-4.48575]},"A5s":{"weight":1.0,"played":[1.0,0.0],"evs":[0.0,-4.35386]},"A6s":{"weight":1.0,"played":[1.0,0.0],"evs":[0.0,-4.51378]},"A7s":{"weight":1.0,"played":[1.0,0.0],"evs":[0.0,-4.41911]},"A8s":{"weight":1.0,"played":[1.0,0.0],"evs":[0.0,-4.39774]},"A9s":{"weight":1.0,"played":[1.0,0.0],"evs":[0.0,-4.34365]},"ATs":{"weight":1.0,"played":[1.0,0.0],"evs":[0.0,-3.67398]},"AJs":{"weight":1.0,"played":[1.0,0.0],"evs":[0.0,-3.22511]},"AQs":{"weight":1.0,"played":[1.0,0.0],"evs":[0.0,-2.21185]},"AKs":{"weight":1.0,"played":[1.0,0.0],"evs":[0.0,-1.13791]},"AA":{"weight":1.0,"played":[0.0,1.0],"evs":[0.0,4.66712]}}}