{"player":4,"street":0,"children":2,"sequence":[{"player":0,"type":"R","amount":26720000,"street":0},{"player":1,"type":"C","amount":26720000,"street":0},{"player":2,"type":"F","amount":0,"street":0},{"player":3,"type":"C","amount":12640000,"street":0}],"actions":[{"type":"F","amount":0,"node":53},{"type":"C","amount":6240000,"node":54}],"hands":{"22":{"weight":1.0,"played":[0.9997,3.0E-4],"evs":[0.0,-3.51647]},"32o":{"weight":1.0,"played":[1.0,0.0],"evs":[0.0,-4.09355]},"42o":{"weight":1.0,"played":[1.0,0.0],"evs":[0.0,-4.29697]},"52o":{"weight":1.0,"played":[1.0,0.0],"evs":[0.0,-3.95259]},"62o":{"weight":1.0,"played":[1.0,0.0],"evs":[0.0,-3.97994]},"72o":{"weight":1.0,"played":[1.0,0.0],"evs":[0.0,-4.40073]},"82o":{"weight":1.0,"played":[1.0,0.0],"evs":[0.0,-4.61078]},"92o":{"weight":1.0,"played":[1.0,0.0],"evs":[0.0,-4.66265]},"T2o":{"weight":1.0,"played":[1.0,0.0],"evs":[0.0,-4.37076]},"J2o":{"weight":1.0,"played":[1.0,0.0],"evs":[0.0,-4.85228]},"Q2o":{"weight":1.0,"played":[1.0,0.0],"evs":[0.0,-4.75458]},"K2o":{"weight":1.0,"played":[1.0,0.0],"evs":[0.0,-4.27486]},"A2o":{"weight":1.0,"played":[1.0,0.0],"evs":[0.0,-4.14569]},"32s":{"weight":1.0,"played":[1.0,0.0],"evs":[0.0,-3.36787]},"33":{"weight":1.0,"played":[1.0,0.0],"evs":[0.0,-3.87417]},"43o":{"weight":1.0,"played":[1.0,0.0],"evs":[0.0,-3.95608]},"53o":{"weight":1.0,"played":[1.0,0.0],"evs":[0.0,-3.44384]},"63o":{"weight":1.0,"played":[1.0,0.0],"evs":[0.0,-3.86127]},"73o":{"weight":1.0,"played":[1.0,0.0],"evs":[0.0,-4.22632]},"83o":{"weight":1.0,"played":[1.0,0.0],"evs":[0.0,-4.41231]},"93o":{"weight":1.0,"played":[1.0,0.0],"evs":[0.0,-4.66591]},"T3o":{"weight":1.0,"played":[1.0,0.0],"evs":[0.0,-4.50377]},"J3o":{"weight":1.0,"played":[1.0,0.0],"evs":[0.0,-4.82234]},"Q3o":{"weight":1.0,"played":[1.0,0.0],"evs":[0.0,-4.89134]},"K3o":{"weight":1.0,"played":[1.0,0.0],"evs":[0.0,-4.01111]},"A3o":{"weight":1.0,"played":[1.0,0.0],"evs":[0.0,-3.87059]},"42s":{"weight":1.0,"played":[1.0,0.0],"evs":[0.0,-3.21951]},"43s":{"weight":1.0,"played":[1.0,0.0],"evs":[0.0,-2.80543]},"44":{"weight":1.0,"played":[1.0,0.0],"evs":[0.0,-3.65318]},"54o":{"weight":1.0,"played":[1.0,0.0],"evs":[0.0,-3.54361]},"64o":{"weight":1.0,"played":[1.0,0.0],"evs":[0.0,-3.41989]},"74o":{"weight":1.0,"played":[1.0,0.0],"evs":[0.0,-3.89238]},"84o":{"weight":1.0,"played":[1.0,0.0],"evs":[0.0,-4.27682]},"94o":{"weight":1.0,"played":[1.0,0.0],"evs":[0.0,-4.47103]},"T4o":{"weight":1.0,"played":[1.0,0.0],"evs":[0.0,-4.4898]},"J4o":{"weight":1.0,"played":[1.0,0.0],"evs":[0.0,-4.37574]},"Q4o":{"weight":1.0,"played":[1.0,0.0],"evs":[0.0,-4.54288]},"K4o":{"weight":1.0,"played":[0.9999,1.0E-4],"evs":[0.0,-4.22006]},"A4o":{"weight":1.0,"played":[1.0,0.0],"evs":[0.0,-3.64454]},"52s":{"weight":1.0,"played":[1.0,0.0],"evs":[0.0,-3.63857]},"53s":{"weight":1.0,"played":[0.9999,1.0E-4],"evs":[0.0,-3.12921]},"54s":{"weight":1.0,"played":[0.9999,1.0E-4],"evs":[0.0,-2.8388]},"55":{"weight":1.0,"played":[1.0,0.0],"evs":[0.0,-2.85316]},"65o":{"weight":1.0,"played":[1.0,0.0],"evs":[0.0,-3.42878]},"75o":{"weight":1.0,"played":[1.0,0.0],"evs":[0.0,-3.73455]},"85o":{"weight":1.0,"played":[1.0,0.0],"evs":[0.0,-3.88726]},"95o":{"weight":1.0,"played":[1.0,0.0],"evs":[0.0,-4.1233]},"T5o":{"weight":1.0,"played":[1.0,0.0],"evs":[0.0,-4.46837]},"J5o":{"weight":1.0,"played":[1.0,0.0],"evs":[0.0,-4.59549]},"Q5o":{"weight":1.0,"played":[1.0,0.0],"evs":[0.0,-4.63997]},"K5o":{"weight":1.0,"played":[1.0,0.0],"evs":[0.0,-4.161]},"A5o":{"weight":1.0,"played":[1.0,0.0],"evs":[0.0,-3.54069]},"62s":{"weight":1.0,"played":[0.9979,0.0021],"evs":[0.0,-3.17792]},"63s":{"weight":1.0,"played":[1.0,0.0],"evs":[0.0,-3.99217]},"64s":{"weight":1.0,"played":[1.0,0.0],"evs":[0.0,-2.92559]},"65s":{"weight":1.0,"played":[0.9999,1.0E-4],"evs":[0.0,-2.69123]},"66":{"weight":1.0,"played":[1.0,0.0],"evs":[0.0,-3.24949]},"76o":{"weight":1.0,"played":[1.0,0.0],"evs":[0.0,-3.63306]},"86o":{"weight":1.0,"played":[1.0,0.0],"evs":[0.0,-3.7113]},"96o":{"weight":1.0,"played":[1.0,0.0],"evs":[0.0,-4.0349]},"T6o":{"weight":1.0,"played":[1.0,0.0],"evs":[0.0,-4.17694]},"J6o":{"weight":1.0,"played":[1.0,0.0],"evs":[0.0,-4.36171]},"Q6o":{"weight":1.0,"played":[1.0,0.0],"evs":[0.0,-4.63105]},"K6o":{"weight":1.0,"played":[1.0,0.0],"evs":[0.0,-4.45084]},"A6o":{"weight":1.0,"played":[1.0,0.0],"evs":[0.0,-3.71957]},"72s":{"weight":1.0,"played":[0.9999,1.0E-4],"evs":[0.0,-3.97528]},"73s":{"weight":1.0,"played":[0.9999,1.0E-4],"evs":[0.0,-3.36318]},"74s":{"weight":1.0,"played":[0.9997,3.0E-4],"evs":[0.0,-2.97151]},"75s":{"weight":1.0,"played":[0.9999,1.0E-4],"evs":[0.0,-2.7468]},"76s":{"weight":1.0,"played":[1.0,0.0],"evs":[0.0,-2.86644]},"77":{"weight":1.0,"played":[1.0,0.0],"evs":[0.0,-3.67457]},"87o":{"weight":1.0,"played":[1.0,0.0],"evs":[0.0,-3.82605]},"97o":{"weight":1.0,"played":[1.0,0.0],"evs":[0.0,-3.70818]},"T7o":{"weight":1.0,"played":[1.0,0.0],"evs":[0.0,-4.35599]},"J7o":{"weight":1.0,"played":[1.0,0.0],"evs":[0.0,-4.25834]},"Q7o":{"weight":1.0,"played":[1.0,0.0],"evs":[0.0,-4.71757]},"K7o":{"weight":1.0,"played":[1.0,0.0],"evs":[0.0,-4.1761]},"A7o":{"weight":1.0,"played":[1.0,0.0],"evs":[0.0,-3.92389]},"82s":{"weight":1.0,"played":[1.0,0.0],"evs":[0.0,-3.82015]},"83s":{"weight":1.0,"played":[0.9999,1.0E-4],"evs":[0.0,-4.26358]},"84s":{"weight":1.0,"played":[1.0,0.0],"evs":[0.0,-3.46643]},"85s":{"weight":1.0,"played":[0.9999,1.0E-4],"evs":[0.0,-3.66496]},"86s":{"weight":1.0,"played":[0.9998,2.0E-4],"evs":[0.0,-2.76808]},"87s":{"weight":1.0,"played":[1.0,0.0],"evs":[0.0,-2.99204]},"88":{"weight":1.0,"played":[0.9998,2.0E-4],"evs":[0.0,-2.93088]},"98o":{"weight":1.0,"played":[1.0,0.0],"evs":[0.0,-3.76676]},"T8o":{"weight":1.0,"played":[1.0,0.0],"evs":[0.0,-4.25109]},"J8o":{"weight":1.0,"played":[1.0,0.0],"evs":[0.0,-4.22167]},"Q8o":{"weight":1.0,"played":[1.0,0.0],"evs":[0.0,-4.68055]},"K8o":{"weight":1.0,"played":[1.0,0.0],"evs":[0.0,-3.97252]},"A8o":{"weight":1.0,"played":[1.0,0.0],"evs":[0.0,-4.15795]},"92s":{"weight":1.0,"played":[1.0,0.0],"evs":[0.0,-3.69912]},"93s":{"weight":1.0,"played":[1.0,0.0],"evs":[0.0,-3.78002]},"94s":{"weight":1.0,"played":[0.9994,6.0E-4],"evs":[0.0,-4.365]},"95s":{"weight":1.0,"played":[1.0,0.0],"evs":[0.0,-3.30891]},"96s":{"weight":1.0,"played":[1.0,0.0],"evs":[0.0,-3.54125]},"97s":{"weight":1.0,"played":[0.9999,1.0E-4],"evs":[0.0,-2.53098]},"98s":{"weight":1.0,"played":[1.0,0.0],"evs":[0.0,-3.26997]},"99":{"weight":1.0,"played":[0.9999,1.0E-4],"evs":[0.0,-3.01506]},"T9o":{"weight":1.0,"played":[1.0,0.0],"evs":[0.0,-3.75016]},"J9o":{"weight":1.0,"played":[1.0,0.0],"evs":[0.0,-3.84757]},"Q9o":{"weight":1.0,"played":[1.0,0.0],"evs":[0.0,-4.25198]},"K9o":{"weight":1.0,"played":[1.0,0.0],"evs":[0.0,-4.04246]},"A9o":{"weight":1.0,"played":[1.0,0.0],"evs":[0.0,-4.21333]},"T2s":{"weight":1.0,"played":[0.9999,1.0E-4],"evs":[0.0,-3.86334]},"T3s":{"weight":1.0,"played":[0.9999,1.0E-4],"evs":[0.0,-3.63954]},"T4s":{"weight":1.0,"played":[1.0,0.0],"evs":[0.0,-4.44805]},"T5s":{"weight":1.0,"played":[0.9999,1.0E-4],"evs":[0.0,-3.75913]},"T6s":{"weight":1.0,"played":[0.9999,1.0E-4],"evs":[0.0,-3.96929]},"T7s":{"weight":1.0,"played":[1.0,0.0],"evs":[0.0,-3.24016]},"T8s":{"weight":1.0,"played":[0.9999,1.0E-4],"evs":[0.0,-2.69375]},"T9s":{"weight":1.0,"played":[1.0,0.0],"evs":[0.0,-3.5626]},"TT":{"weight":1.0,"played":[0.9999,1.0E-4],"evs":[0.0,-3.54177]},"JTo":{"weight":1.0,"played":[1.0,0.0],"evs":[0.0,-4.43963]},"QTo":{"weight":1.0,"played":[0.9999,1.0E-4],"evs":[0.0,-4.29407]},"KTo":{"weight":1.0,"played":[1.0,0.0],"evs":[0.0,-4.08913]},"ATo":{"weight":1.0,"played":[1.0,0.0],"evs":[0.0,-4.11575]},"J2s":{"weight":1.0,"played":[1.0,0.0],"evs":[0.0,-3.66556]},"J3s":{"weight":1.0,"played":[0.9999,1.0E-4],"evs":[0.0,-3.5673]},"J4s":{"weight":1.0,"played":[1.0,0.0],"evs":[0.0,-3.49692]},"J5s":{"weight":1.0,"played":[1.0,0.0],"evs":[0.0,-3.71894]},"J6s":{"weight":1.0,"played":[0.9996,4.0E-4],"evs":[0.0,-4.01022]},"J7s":{"weight":1.0,"played":[1.0,0.0],"evs":[0.0,-3.52136]},"J8s":{"weight":1.0,"played":[0.9999,1.0E-4],"evs":[0.0,-3.67172]},"J9s":{"weight":1.0,"played":[0.9995,5.0E-4],"evs":[0.0,-4.07665]},"JTs":{"weight":1.0,"played":[1.0,0.0],"evs":[0.0,-3.37019]},"JJ":{"weight":1.0,"played":[1.0,0.0],"evs":[0.0,-3.49935]},"QJo":{"weight":1.0,"played":[1.0,0.0],"evs":[0.0,-4.45503]},"KJo":{"weight":1.0,"played":[1.0,0.0],"evs":[0.0,-4.14266]},"AJo":{"weight":1.0,"played":[0.9999,1.0E-4],"evs":[0.0,-3.52902]},"Q2s":{"weight":1.0,"played":[1.0,0.0],"evs":[0.0,-4.0885]},"Q3s":{"weight":1.0,"played":[0.9995,5.0E-4],"evs":[0.0,-3.55143]},"Q4s":{"weight":1.0,"played":[1.0,0.0],"evs":[0.0,-4.08562]},"Q5s":{"weight":1.0,"played":[1.0,0.0],"evs":[0.0,-3.96981]},"Q6s":{"weight":1.0,"played":[1.0,0.0],"evs":[0.0,-4.13591]},"Q7s":{"weight":1.0,"played":[1.0,0.0],"evs":[0.0,-4.10515]},"Q8s":{"weight":1.0,"played":[0.9999,1.0E-4],"evs":[0.0,-3.63633]},"Q9s":{"weight":1.0,"played":[1.0,0.0],"evs":[0.0,-3.77339]},"QTs":{"weight":1.0,"played":[0.9997,3.0E-4],"evs":[0.0,-3.21053]},"QJs":{"weight":1.0,"played":[0.9994,6.0E-4],"evs":[0.0,-3.50814]},"QQ":{"weight":1.0,"played":[0.9994,6.0E-4],"evs":[0.0,-2.89218]},"KQo":{"weight":1.0,"played":[1.0,0.0],"evs":[0.0,-4.35619]},"AQo":{"weight":1.0,"played":[1.0,0.0],"evs":[0.0,-3.86735]},"K2s":{"weight":1.0,"played":[1.0,0.0],"evs":[0.0,-3.28623]},"K3s":{"weight":1.0,"played":[0.9999,1.0E-4],"evs":[0.0,-3.58385]},"K4s":{"weight":1.0,"played":[0.9999,1.0E-4],"evs":[0.0,-3.47265]},"K5s":{"weight":1.0,"played":[0.9997,3.0E-4],"evs":[0.0,-3.22542]},"K6s":{"weight":1.0,"played":[0.998,0.002],"evs":[0.0,-3.68145]},"K7s":{"weight":1.0,"played":[1.0,0.0],"evs":[0.0,-3.16679]},"K8s":{"weight":1.0,"played":[1.0,0.0],"evs":[0.0,-3.075]},"K9s":{"weight":1.0,"played":[1.0,0.0],"evs":[0.0,-3.13461]},"KTs":{"weight":1.0,"played":[0.9998,2.0E-4],"evs":[0.0,-3.50218]},"KJs":{"weight":1.0,"played":[0.9999,1.0E-4],"evs":[0.0,-3.50912]},"KQs":{"weight":1.0,"played":[0.9992,8.0E-4],"evs":[0.0,-4.49143]},"KK":{"weight":1.0,"played":[0.5474,0.4526],"evs":[0.0,-0.60033]},"AKo":{"weight":1.0,"played":[1.0,0.0],"evs":[0.0,-2.47725]},"A2s":{"weight":1.0,"played":[0.9998,2.0E-4],"evs":[0.0,-3.61375]},"A3s":{"weight":1.0,"played":[0.9999,1.0E-4],"evs":[0.0,-3.28408]},"A4s":{"weight":1.0,"played":[1.0,0.0],"evs":[0.0,-3.36598]},"A5s":{"weight":1.0,"played":[0.9988,0.0012],"evs":[0.0,-3.1366]},"A6s":{"weight":1.0,"played":[1.0,0.0],"evs":[0.0,-3.23247]},"A7s":{"weight":1.0,"played":[0.9999,1.0E-4],"evs":[0.0,-3.0685]},"A8s":{"weight":1.0,"played":[0.9997,3.0E-4],"evs":[0.0,-2.89754]},"A9s":{"weight":1.0,"played":[1.0,0.0],"evs":[0.0,-3.30842]},"ATs":{"weight":1.0,"played":[0.9999,1.0E-4],"evs":[0.0,-3.13818]},"AJs":{"weight":1.0,"played":[0.9968,0.0032],"evs":[0.0,-2.78439]},"AQs":{"weight":1.0,"played":[0.9991,9.0E-4],"evs":[0.0,-3.39978]},"AKs":{"weight":1.0,"played":[0.9975,0.0025],"evs":[0.0,-1.77965]},"AA":{"weight":1.0,"played":[0.001,0.999],"evs":[0.0,3.52683]}}}