{"player":5,"street":0,"children":2,"sequence":[{"player":0,"type":"R","amount":26720000,"street":0},{"player":1,"type":"C","amount":26720000,"street":0},{"player":2,"type":"F","amount":0,"street":0},{"player":3,"type":"C","amount":12640000,"street":0},{"player":4,"type":"F","amount":0,"street":0}],"actions":[{"type":"F","amount":0},{"type":"C","amount":4640000}],"hands":{"22":{"weight":1.0,"played":[1.0,0.0],"evs":[0.0,-2.57626]},"32o":{"weight":1.0,"played":[1.0,0.0],"evs":[0.0,-3.29063]},"42o":{"weight":1.0,"played":[1.0,0.0],"evs":[0.0,-3.31236]},"52o":{"weight":1.0,"played":[1.0,0.0],"evs":[0.0,-3.12337]},"62o":{"weight":1.0,"played":[1.0,0.0],"evs":[0.0,-3.59011]},"72o":{"weight":1.0,"played":[1.0,0.0],"evs":[0.0,-3.53282]},"82o":{"weight":1.0,"played":[1.0,0.0],"evs":[0.0,-3.46167]},"92o":{"weight":1.0,"played":[1.0,0.0],"evs":[0.0,-3.73928]},"T2o":{"weight":1.0,"played":[1.0,0.0],"evs":[0.0,-3.53468]},"J2o":{"weight":1.0,"played":[1.0,0.0],"evs":[0.0,-3.70457]},"Q2o":{"weight":1.0,"played":[1.0,0.0],"evs":[0.0,-3.98919]},"K2o":{"weight":1.0,"played":[1.0,0.0],"evs":[0.0,-3.55895]},"A2o":{"weight":1.0,"played":[1.0,0.0],"evs":[0.0,-3.13353]},"32s":{"weight":1.0,"played":[1.0,0.0],"evs":[0.0,-2.73853]},"33":{"weight":1.0,"played":[1.0,0.0],"evs":[0.0,-3.03349]},"43o":{"weight":1.0,"played":[1.0,0.0],"evs":[0.0,-2.81081]},"53o":{"weight":1.0,"played":[1.0,0.0],"evs":[0.0,-2.712]},"63o":{"weight":1.0,"played":[1.0,0.0],"evs":[0.0,-2.54434]},"73o":{"weight":1.0,"played":[1.0,0.0],"evs":[0.0,-3.5256]},"83o":{"weight":1.0,"played":[1.0,0.0],"evs":[0.0,-3.57558]},"93o":{"weight":1.0,"played":[1.0,0.0],"evs":[0.0,-3.6233]},"T3o":{"weight":1.0,"played":[1.0,0.0],"evs":[0.0,-3.53981]},"J3o":{"weight":1.0,"played":[1.0,0.0],"evs":[0.0,-3.62872]},"Q3o":{"weight":1.0,"played":[1.0,0.0],"evs":[0.0,-3.81401]},"K3o":{"weight":1.0,"played":[1.0,0.0],"evs":[0.0,-3.64041]},"A3o":{"weight":1.0,"played":[1.0,0.0],"evs":[0.0,-2.77913]},"42s":{"weight":1.0,"played":[1.0,0.0],"evs":[0.0,-2.29274]},"43s":{"weight":1.0,"played":[0.9983,0.0017],"evs":[0.0,-2.56369]},"44":{"weight":1.0,"played":[0.9999,1.0E-4],"evs":[0.0,-2.76151]},"54o":{"weight":1.0,"played":[1.0,0.0],"evs":[0.0,-2.72176]},"64o":{"weight":1.0,"played":[1.0,0.0],"evs":[0.0,-2.62034]},"74o":{"weight":1.0,"played":[1.0,0.0],"evs":[0.0,-2.80463]},"84o":{"weight":1.0,"played":[1.0,0.0],"evs":[0.0,-2.96638]},"94o":{"weight":1.0,"played":[1.0,0.0],"evs":[0.0,-3.33588]},"T4o":{"weight":1.0,"played":[1.0,0.0],"evs":[0.0,-3.56203]},"J4o":{"weight":1.0,"played":[1.0,0.0],"evs":[0.0,-3.75276]},"Q4o":{"weight":1.0,"played":[1.0,0.0],"evs":[0.0,-3.83934]},"K4o":{"weight":1.0,"played":[1.0,0.0],"evs":[0.0,-3.66718]},"A4o":{"weight":1.0,"played":[1.0,0.0],"evs":[0.0,-2.59648]},"52s":{"weight":1.0,"played":[0.995,0.005],"evs":[0.0,-2.83466]},"53s":{"weight":1.0,"played":[1.0,0.0],"evs":[0.0,-2.18773]},"54s":{"weight":1.0,"played":[0.9987,0.0013],"evs":[0.0,-2.40715]},"55":{"weight":1.0,"played":[1.0,0.0],"evs":[0.0,-1.97517]},"65o":{"weight":1.0,"played":[1.0,0.0],"evs":[0.0,-2.30538]},"75o":{"weight":1.0,"played":[1.0,0.0],"evs":[0.0,-2.95808]},"85o":{"weight":1.0,"played":[1.0,0.0],"evs":[0.0,-3.04472]},"95o":{"weight":1.0,"played":[1.0,0.0],"evs":[0.0,-3.22173]},"T5o":{"weight":1.0,"played":[1.0,0.0],"evs":[0.0,-3.51055]},"J5o":{"weight":1.0,"played":[1.0,0.0],"evs":[0.0,-3.45137]},"Q5o":{"weight":1.0,"played":[1.0,0.0],"evs":[0.0,-3.72093]},"K5o":{"weight":1.0,"played":[1.0,0.0],"evs":[0.0,-3.29588]},"A5o":{"weight":1.0,"played":[1.0,0.0],"evs":[0.0,-2.71365]},"62s":{"weight":1.0,"played":[0.9999,1.0E-4],"evs":[0.0,-2.81488]},"63s":{"weight":1.0,"played":[0.9996,4.0E-4],"evs":[0.0,-2.43255]},"64s":{"weight":1.0,"played":[0.9999,1.0E-4],"evs":[0.0,-2.19055]},"65s":{"weight":1.0,"played":[0.9985,0.0015],"evs":[0.0,-1.84269]},"66":{"weight":1.0,"played":[1.0,0.0],"evs":[0.0,-2.32016]},"76o":{"weight":1.0,"played":[0.9999,1.0E-4],"evs":[0.0,-2.40307]},"86o":{"weight":1.0,"played":[0.9998,2.0E-4],"evs":[0.0,-3.00219]},"96o":{"weight":1.0,"played":[1.0,0.0],"evs":[0.0,-2.97667]},"T6o":{"weight":1.0,"played":[1.0,0.0],"evs":[0.0,-3.3207]},"J6o":{"weight":1.0,"played":[1.0,0.0],"evs":[0.0,-3.42576]},"Q6o":{"weight":1.0,"played":[1.0,0.0],"evs":[0.0,-3.81774]},"K6o":{"weight":1.0,"played":[1.0,0.0],"evs":[0.0,-3.22141]},"A6o":{"weight":1.0,"played":[1.0,0.0],"evs":[0.0,-3.11501]},"72s":{"weight":1.0,"played":[1.0,0.0],"evs":[0.0,-3.21831]},"73s":{"weight":1.0,"played":[1.0,0.0],"evs":[0.0,-2.28858]},"74s":{"weight":1.0,"played":[1.0,0.0],"evs":[0.0,-2.55153]},"75s":{"weight":1.0,"played":[1.0,0.0],"evs":[0.0,-2.08506]},"76s":{"weight":1.0,"played":[0.9991,9.0E-4],"evs":[0.0,-1.15736]},"77":{"weight":1.0,"played":[1.0,0.0],"evs":[0.0,-2.39838]},"87o":{"weight":1.0,"played":[1.0,0.0],"evs":[0.0,-2.79344]},"97o":{"weight":1.0,"played":[1.0,0.0],"evs":[0.0,-2.73141]},"T7o":{"weight":1.0,"played":[1.0,0.0],"evs":[0.0,-3.09565]},"J7o":{"weight":1.0,"played":[1.0,0.0],"evs":[0.0,-3.59205]},"Q7o":{"weight":1.0,"played":[1.0,0.0],"evs":[0.0,-3.76125]},"K7o":{"weight":1.0,"played":[1.0,0.0],"evs":[0.0,-3.13373]},"A7o":{"weight":1.0,"played":[1.0,0.0],"evs":[0.0,-3.23491]},"82s":{"weight":1.0,"played":[1.0,0.0],"evs":[0.0,-2.75607]},"83s":{"weight":1.0,"played":[0.9997,3.0E-4],"evs":[0.0,-2.89389]},"84s":{"weight":1.0,"played":[0.9999,1.0E-4],"evs":[0.0,-2.86328]},"85s":{"weight":1.0,"played":[1.0,0.0],"evs":[0.0,-2.02137]},"86s":{"weight":1.0,"played":[1.0,0.0],"evs":[0.0,-2.02527]},"87s":{"weight":1.0,"played":[0.9998,2.0E-4],"evs":[0.0,-2.09866]},"88":{"weight":1.0,"played":[1.0,0.0],"evs":[0.0,-2.41351]},"98o":{"weight":1.0,"played":[0.9998,2.0E-4],"evs":[0.0,-2.88436]},"T8o":{"weight":1.0,"played":[1.0,0.0],"evs":[0.0,-3.28151]},"J8o":{"weight":1.0,"played":[1.0,0.0],"evs":[0.0,-3.10623]},"Q8o":{"weight":1.0,"played":[1.0,0.0],"evs":[0.0,-3.69657]},"K8o":{"weight":1.0,"played":[1.0,0.0],"evs":[0.0,-3.30329]},"A8o":{"weight":1.0,"played":[1.0,0.0],"evs":[0.0,-3.07725]},"92s":{"weight":1.0,"played":[0.9998,2.0E-4],"evs":[0.0,-2.97642]},"93s":{"weight":1.0,"played":[0.9999,1.0E-4],"evs":[0.0,-2.39409]},"94s":{"weight":1.0,"played":[1.0,0.0],"evs":[0.0,-2.97595]},"95s":{"weight":1.0,"played":[1.0,0.0],"evs":[0.0,-2.92842]},"96s":{"weight":1.0,"played":[1.0,0.0],"evs":[0.0,-2.2453]},"97s":{"weight":1.0,"played":[1.0,0.0],"evs":[0.0,-2.22232]},"98s":{"weight":1.0,"played":[1.0,0.0],"evs":[0.0,-2.02089]},"99":{"weight":1.0,"played":[1.0,0.0],"evs":[0.0,-2.47522]},"T9o":{"weight":1.0,"played":[1.0,0.0],"evs":[0.0,-2.94538]},"J9o":{"weight":1.0,"played":[1.0,0.0],"evs":[0.0,-3.22006]},"Q9o":{"weight":1.0,"played":[1.0,0.0],"evs":[0.0,-3.55089]},"K9o":{"weight":1.0,"played":[0.9999,1.0E-4],"evs":[0.0,-3.05309]},"A9o":{"weight":1.0,"played":[1.0,0.0],"evs":[0.0,-2.86519]},"T2s":{"weight":1.0,"played":[1.0,0.0],"evs":[0.0,-3.07264]},"T3s":{"weight":1.0,"played":[1.0,0.0],"evs":[0.0,-2.94127]},"T4s":{"weight":1.0,"played":[0.9999,1.0E-4],"evs":[0.0,-3.2044]},"T5s":{"weight":1.0,"played":[0.9996,4.0E-4],"evs":[0.0,-2.94835]},"T6s":{"weight":1.0,"played":[1.0,0.0],"evs":[0.0,-2.59249]},"T7s":{"weight":1.0,"played":[1.0,0.0],"evs":[0.0,-1.66615]},"T8s":{"weight":1.0,"played":[0.9997,3.0E-4],"evs":[0.0,-2.52111]},"T9s":{"weight":1.0,"played":[1.0,0.0],"evs":[0.0,-2.44716]},"TT":{"weight":1.0,"played":[0.9999,1.0E-4],"evs":[0.0,-2.34378]},"JTo":{"weight":1.0,"played":[1.0,0.0],"evs":[0.0,-3.39632]},"QTo":{"weight":1.0,"played":[1.0,0.0],"evs":[0.0,-3.32518]},"KTo":{"weight":1.0,"played":[1.0,0.0],"evs":[0.0,-3.34637]},"ATo":{"weight":1.0,"played":[1.0,0.0],"evs":[0.0,-2.819]},"J2s":{"weight":1.0,"played":[0.9999,1.0E-4],"evs":[0.0,-2.8776]},"J3s":{"weight":1.0,"played":[0.9996,4.0E-4],"evs":[0.0,-3.41928]},"J4s":{"weight":1.0,"played":[1.0,0.0],"evs":[0.0,-2.95148]},"J5s":{"weight":1.0,"played":[1.0,0.0],"evs":[0.0,-2.6886]},"J6s":{"weight":1.0,"played":[0.9995,5.0E-4],"evs":[0.0,-2.81115]},"J7s":{"weight":1.0,"played":[1.0,0.0],"evs":[0.0,-3.03715]},"J8s":{"weight":1.0,"played":[0.9999,1.0E-4],"evs":[0.0,-2.68086]},"J9s":{"weight":1.0,"played":[0.9999,1.0E-4],"evs":[0.0,-2.31889]},"JTs":{"weight":1.0,"played":[0.9997,3.0E-4],"evs":[0.0,-2.70968]},"JJ":{"weight":1.0,"played":[1.0,0.0],"evs":[0.0,-2.79937]},"QJo":{"weight":1.0,"played":[1.0,0.0],"evs":[0.0,-3.5618]},"KJo":{"weight":1.0,"played":[1.0,0.0],"evs":[0.0,-3.11215]},"AJo":{"weight":1.0,"played":[1.0,0.0],"evs":[0.0,-2.97]},"Q2s":{"weight":1.0,"played":[1.0,0.0],"evs":[0.0,-3.44573]},"Q3s":{"weight":1.0,"played":[0.9999,1.0E-4],"evs":[0.0,-3.13347]},"Q4s":{"weight":1.0,"played":[1.0,0.0],"evs":[0.0,-3.31994]},"Q5s":{"weight":1.0,"played":[0.9994,6.0E-4],"evs":[0.0,-3.25389]},"Q6s":{"weight":1.0,"played":[0.9996,4.0E-4],"evs":[0.0,-3.35992]},"Q7s":{"weight":1.0,"played":[1.0,0.0],"evs":[0.0,-2.84886]},"Q8s":{"weight":1.0,"played":[1.0,0.0],"evs":[0.0,-2.87986]},"Q9s":{"weight":1.0,"played":[1.0,0.0],"evs":[0.0,-2.32328]},"QTs":{"weight":1.0,"played":[0.9984,0.0016],"evs":[0.0,-3.04473]},"QJs":{"weight":1.0,"played":[0.9981,0.0019],"evs":[0.0,-3.27822]},"QQ":{"weight":1.0,"played":[0.9992,8.0E-4],"evs":[0.0,-2.28126]},"KQo":{"weight":1.0,"played":[0.9998,2.0E-4],"evs":[0.0,-3.41576]},"AQo":{"weight":1.0,"played":[1.0,0.0],"evs":[0.0,-2.82969]},"K2s":{"weight":1.0,"played":[1.0,0.0],"evs":[0.0,-2.8481]},"K3s":{"weight":1.0,"played":[0.9999,1.0E-4],"evs":[0.0,-2.66749]},"K4s":{"weight":1.0,"played":[0.9996,4.0E-4],"evs":[0.0,-1.91806]},"K5s":{"weight":1.0,"played":[1.0,0.0],"evs":[0.0,-2.27563]},"K6s":{"weight":1.0,"played":[0.9999,1.0E-4],"evs":[0.0,-2.00905]},"K7s":{"weight":1.0,"played":[0.9989,0.0011],"evs":[0.0,-2.87562]},"K8s":{"weight":1.0,"played":[0.9998,2.0E-4],"evs":[0.0,-2.96804]},"K9s":{"weight":1.0,"played":[0.9998,2.0E-4],"evs":[0.0,-2.16669]},"KTs":{"weight":1.0,"played":[0.9997,3.0E-4],"evs":[0.0,-2.13251]},"KJs":{"weight":1.0,"played":[1.0,0.0],"evs":[0.0,-2.6303]},"KQs":{"weight":1.0,"played":[0.9938,0.0062],"evs":[0.0,-2.8911]},"KK":{"weight":1.0,"played":[0.0242,0.9758],"evs":[0.0,0.64922]},"AKo":{"weight":1.0,"played":[0.9991,9.0E-4],"evs":[0.0,-1.67194]},"A2s":{"weight":1.0,"played":[1.0,0.0],"evs":[0.0,-2.34956]},"A3s":{"weight":1.0,"played":[1.0,0.0],"evs":[0.0,-2.52853]},"A4s":{"weight":1.0,"played":[0.9989,0.0011],"evs":[0.0,-1.84826]},"A5s":{"weight":1.0,"played":[0.9997,3.0E-4],"evs":[0.0,-2.15881]},"A6s":{"weight":1.0,"played":[1.0,0.0],"evs":[0.0,-2.57904]},"A7s":{"weight":1.0,"played":[1.0,0.0],"evs":[0.0,-2.10785]},"A8s":{"weight":1.0,"played":[1.0,0.0],"evs":[0.0,-2.94419]},"A9s":{"weight":1.0,"played":[0.9989,0.0011],"evs":[0.0,-2.17676]},"ATs":{"weight":1.0,"played":[0.9953,0.0047],"evs":[0.0,-1.6246]},"AJs":{"weight":1.0,"played":[1.0,0.0],"evs":[0.0,-2.51992]},"AQs":{"weight":1.0,"played":[0.9658,0.0342],"evs":[0.0,-1.97294]},"AKs":{"weight":1.0,"played":[0.9883,0.0117],"evs":[0.0,-1.69759]},"AA":{"weight":1.0,"played":[0.0,1.0],"evs":[0.0,5.2788]}}}