{"player":3,"street":0,"children":2,"sequence":[{"player":0,"type":"R","amount":26720000,"street":0},{"player":1,"type":"C","amount":26720000,"street":0},{"player":2,"type":"C","amount":8160000,"street":0}],"actions":[{"type":"F","amount":0,"node":56},{"type":"C","amount":12640000,"node":59}],"hands":{"22":{"weight":1.0,"played":[1.0,0.0],"evs":[0.0,-3.55399]},"32o":{"weight":1.0,"played":[1.0,0.0],"evs":[0.0,-4.83142]},"42o":{"weight":1.0,"played":[1.0,0.0],"evs":[0.0,-4.82637]},"52o":{"weight":1.0,"played":[1.0,0.0],"evs":[0.0,-4.77234]},"62o":{"weight":1.0,"played":[1.0,0.0],"evs":[0.0,-5.33764]},"72o":{"weight":1.0,"played":[1.0,0.0],"evs":[0.0,-5.90586]},"82o":{"weight":1.0,"played":[1.0,0.0],"evs":[0.0,-5.52847]},"92o":{"weight":1.0,"played":[1.0,0.0],"evs":[0.0,-5.37349]},"T2o":{"weight":1.0,"played":[1.0,0.0],"evs":[0.0,-5.10936]},"J2o":{"weight":1.0,"played":[1.0,0.0],"evs":[0.0,-5.35091]},"Q2o":{"weight":1.0,"played":[1.0,0.0],"evs":[0.0,-5.64693]},"K2o":{"weight":1.0,"played":[1.0,0.0],"evs":[0.0,-5.48253]},"A2o":{"weight":1.0,"played":[0.9999,1.0E-4],"evs":[0.0,-5.14311]},"32s":{"weight":1.0,"played":[1.0,0.0],"evs":[0.0,-4.85587]},"33":{"weight":1.0,"played":[1.0,0.0],"evs":[0.0,-4.17491]},"43o":{"weight":1.0,"played":[0.9999,1.0E-4],"evs":[0.0,-4.52862]},"53o":{"weight":1.0,"played":[1.0,0.0],"evs":[0.0,-3.88055]},"63o":{"weight":1.0,"played":[1.0,0.0],"evs":[0.0,-4.92213]},"73o":{"weight":1.0,"played":[0.9999,1.0E-4],"evs":[0.0,-5.24571]},"83o":{"weight":1.0,"played":[1.0,0.0],"evs":[0.0,-5.32616]},"93o":{"weight":1.0,"played":[1.0,0.0],"evs":[0.0,-5.73599]},"T3o":{"weight":1.0,"played":[1.0,0.0],"evs":[0.0,-5.39187]},"J3o":{"weight":1.0,"played":[1.0,0.0],"evs":[0.0,-5.51533]},"Q3o":{"weight":1.0,"played":[1.0,0.0],"evs":[0.0,-5.38716]},"K3o":{"weight":1.0,"played":[1.0,0.0],"evs":[0.0,-5.08971]},"A3o":{"weight":1.0,"played":[1.0,0.0],"evs":[0.0,-4.59383]},"42s":{"weight":1.0,"played":[1.0,0.0],"evs":[0.0,-4.56952]},"43s":{"weight":1.0,"played":[1.0,0.0],"evs":[0.0,-4.19101]},"44":{"weight":1.0,"played":[1.0,0.0],"evs":[0.0,-3.62017]},"54o":{"weight":1.0,"played":[1.0,0.0],"evs":[0.0,-4.42706]},"64o":{"weight":1.0,"played":[1.0,0.0],"evs":[0.0,-4.78083]},"74o":{"weight":1.0,"played":[1.0,0.0],"evs":[0.0,-5.22613]},"84o":{"weight":1.0,"played":[1.0,0.0],"evs":[0.0,-4.57195]},"94o":{"weight":1.0,"played":[1.0,0.0],"evs":[0.0,-5.64153]},"T4o":{"weight":1.0,"played":[1.0,0.0],"evs":[0.0,-5.28645]},"J4o":{"weight":1.0,"played":[1.0,0.0],"evs":[0.0,-5.36525]},"Q4o":{"weight":1.0,"played":[1.0,0.0],"evs":[0.0,-5.40788]},"K4o":{"weight":1.0,"played":[1.0,0.0],"evs":[0.0,-5.10753]},"A4o":{"weight":1.0,"played":[1.0,0.0],"evs":[0.0,-4.74246]},"52s":{"weight":1.0,"played":[1.0,0.0],"evs":[0.0,-4.81118]},"53s":{"weight":1.0,"played":[0.9998,2.0E-4],"evs":[0.0,-4.40056]},"54s":{"weight":1.0,"played":[0.9994,6.0E-4],"evs":[0.0,-3.58571]},"55":{"weight":1.0,"played":[1.0,0.0],"evs":[0.0,-3.65535]},"65o":{"weight":1.0,"played":[1.0,0.0],"evs":[0.0,-4.21179]},"75o":{"weight":1.0,"played":[1.0,0.0],"evs":[0.0,-4.42675]},"85o":{"weight":1.0,"played":[1.0,0.0],"evs":[0.0,-4.63425]},"95o":{"weight":1.0,"played":[1.0,0.0],"evs":[0.0,-4.75791]},"T5o":{"weight":1.0,"played":[1.0,0.0],"evs":[0.0,-5.29976]},"J5o":{"weight":1.0,"played":[1.0,0.0],"evs":[0.0,-5.38645]},"Q5o":{"weight":1.0,"played":[1.0,0.0],"evs":[0.0,-5.50959]},"K5o":{"weight":1.0,"played":[1.0,0.0],"evs":[0.0,-4.95211]},"A5o":{"weight":1.0,"played":[1.0,0.0],"evs":[0.0,-4.14036]},"62s":{"weight":1.0,"played":[1.0,0.0],"evs":[0.0,-3.29311]},"63s":{"weight":1.0,"played":[0.9998,2.0E-4],"evs":[0.0,-3.5704]},"64s":{"weight":1.0,"played":[1.0,0.0],"evs":[0.0,-3.08125]},"65s":{"weight":1.0,"played":[0.9998,2.0E-4],"evs":[0.0,-2.90829]},"66":{"weight":1.0,"played":[1.0,0.0],"evs":[0.0,-3.81582]},"76o":{"weight":1.0,"played":[1.0,0.0],"evs":[0.0,-4.65064]},"86o":{"weight":1.0,"played":[1.0,0.0],"evs":[0.0,-4.52634]},"96o":{"weight":1.0,"played":[1.0,0.0],"evs":[0.0,-4.62368]},"T6o":{"weight":1.0,"played":[1.0,0.0],"evs":[0.0,-5.14118]},"J6o":{"weight":1.0,"played":[1.0,0.0],"evs":[0.0,-5.31016]},"Q6o":{"weight":1.0,"played":[1.0,0.0],"evs":[0.0,-5.40706]},"K6o":{"weight":1.0,"played":[1.0,0.0],"evs":[0.0,-4.62455]},"A6o":{"weight":1.0,"played":[1.0,0.0],"evs":[0.0,-5.30424]},"72s":{"weight":1.0,"played":[0.9999,1.0E-4],"evs":[0.0,-4.78461]},"73s":{"weight":1.0,"played":[1.0,0.0],"evs":[0.0,-4.52016]},"74s":{"weight":1.0,"played":[1.0,0.0],"evs":[0.0,-4.35889]},"75s":{"weight":1.0,"played":[0.9999,1.0E-4],"evs":[0.0,-3.95038]},"76s":{"weight":1.0,"played":[0.9993,7.0E-4],"evs":[0.0,-3.03474]},"77":{"weight":1.0,"played":[0.9999,1.0E-4],"evs":[0.0,-3.03268]},"87o":{"weight":1.0,"played":[1.0,0.0],"evs":[0.0,-4.14032]},"97o":{"weight":1.0,"played":[1.0,0.0],"evs":[0.0,-4.24353]},"T7o":{"weight":1.0,"played":[1.0,0.0],"evs":[0.0,-4.63243]},"J7o":{"weight":1.0,"played":[1.0,0.0],"evs":[0.0,-4.70901]},"Q7o":{"weight":1.0,"played":[1.0,0.0],"evs":[0.0,-5.23642]},"K7o":{"weight":1.0,"played":[1.0,0.0],"evs":[0.0,-4.74636]},"A7o":{"weight":1.0,"played":[0.9998,2.0E-4],"evs":[0.0,-4.90749]},"82s":{"weight":1.0,"played":[0.9999,1.0E-4],"evs":[0.0,-4.42212]},"83s":{"weight":1.0,"played":[1.0,0.0],"evs":[0.0,-4.64119]},"84s":{"weight":1.0,"played":[1.0,0.0],"evs":[0.0,-4.03009]},"85s":{"weight":1.0,"played":[1.0,0.0],"evs":[0.0,-4.34822]},"86s":{"weight":1.0,"played":[0.9992,8.0E-4],"evs":[0.0,-3.47881]},"87s":{"weight":1.0,"played":[0.9999,1.0E-4],"evs":[0.0,-3.76607]},"88":{"weight":1.0,"played":[1.0,0.0],"evs":[0.0,-3.1036]},"98o":{"weight":1.0,"played":[1.0,0.0],"evs":[0.0,-4.44722]},"T8o":{"weight":1.0,"played":[1.0,0.0],"evs":[0.0,-4.75854]},"J8o":{"weight":1.0,"played":[1.0,0.0],"evs":[0.0,-4.68194]},"Q8o":{"weight":1.0,"played":[1.0,0.0],"evs":[0.0,-5.3682]},"K8o":{"weight":1.0,"played":[1.0,0.0],"evs":[0.0,-4.37327]},"A8o":{"weight":1.0,"played":[1.0,0.0],"evs":[0.0,-4.93026]},"92s":{"weight":1.0,"played":[0.9999,1.0E-4],"evs":[0.0,-5.09327]},"93s":{"weight":1.0,"played":[1.0,0.0],"evs":[0.0,-4.44693]},"94s":{"weight":1.0,"played":[1.0,0.0],"evs":[0.0,-4.2102]},"95s":{"weight":1.0,"played":[1.0,0.0],"evs":[0.0,-4.87162]},"96s":{"weight":1.0,"played":[0.9995,5.0E-4],"evs":[0.0,-3.95214]},"97s":{"weight":1.0,"played":[0.9999,1.0E-4],"evs":[0.0,-3.8423]},"98s":{"weight":1.0,"played":[0.9997,3.0E-4],"evs":[0.0,-3.76326]},"99":{"weight":1.0,"played":[0.9985,0.0015],"evs":[0.0,-2.87351]},"T9o":{"weight":1.0,"played":[1.0,0.0],"evs":[0.0,-4.17251]},"J9o":{"weight":1.0,"played":[1.0,0.0],"evs":[0.0,-4.92695]},"Q9o":{"weight":1.0,"played":[1.0,0.0],"evs":[0.0,-5.25646]},"K9o":{"weight":1.0,"played":[1.0,0.0],"evs":[0.0,-4.80111]},"A9o":{"weight":1.0,"played":[1.0,0.0],"evs":[0.0,-4.75759]},"T2s":{"weight":1.0,"played":[1.0,0.0],"evs":[0.0,-4.39058]},"T3s":{"weight":1.0,"played":[1.0,0.0],"evs":[0.0,-3.81425]},"T4s":{"weight":1.0,"played":[1.0,0.0],"evs":[0.0,-4.1623]},"T5s":{"weight":1.0,"played":[0.9999,1.0E-4],"evs":[0.0,-4.09846]},"T6s":{"weight":1.0,"played":[1.0,0.0],"evs":[0.0,-4.17526]},"T7s":{"weight":1.0,"played":[0.9999,1.0E-4],"evs":[0.0,-4.54756]},"T8s":{"weight":1.0,"played":[0.9998,2.0E-4],"evs":[0.0,-4.25446]},"T9s":{"weight":1.0,"played":[1.0,0.0],"evs":[0.0,-3.92226]},"TT":{"weight":1.0,"played":[0.9998,2.0E-4],"evs":[0.0,-2.24073]},"JTo":{"weight":1.0,"played":[1.0,0.0],"evs":[0.0,-4.20101]},"QTo":{"weight":1.0,"played":[1.0,0.0],"evs":[0.0,-4.34695]},"KTo":{"weight":1.0,"played":[1.0,0.0],"evs":[0.0,-4.70827]},"ATo":{"weight":1.0,"played":[1.0,0.0],"evs":[0.0,-4.26427]},"J2s":{"weight":1.0,"played":[0.9998,2.0E-4],"evs":[0.0,-4.18325]},"J3s":{"weight":1.0,"played":[1.0,0.0],"evs":[0.0,-4.35526]},"J4s":{"weight":1.0,"played":[0.9997,3.0E-4],"evs":[0.0,-4.23682]},"J5s":{"weight":1.0,"played":[1.0,0.0],"evs":[0.0,-4.06163]},"J6s":{"weight":1.0,"played":[1.0,0.0],"evs":[0.0,-3.92775]},"J7s":{"weight":1.0,"played":[1.0,0.0],"evs":[0.0,-3.95938]},"J8s":{"weight":1.0,"played":[1.0,0.0],"evs":[0.0,-3.74025]},"J9s":{"weight":1.0,"played":[0.9998,2.0E-4],"evs":[0.0,-4.09122]},"JTs":{"weight":1.0,"played":[0.9998,2.0E-4],"evs":[0.0,-2.55813]},"JJ":{"weight":1.0,"played":[0.9976,0.0024],"evs":[0.0,-3.16456]},"QJo":{"weight":1.0,"played":[1.0,0.0],"evs":[0.0,-4.89086]},"KJo":{"weight":1.0,"played":[1.0,0.0],"evs":[0.0,-4.63511]},"AJo":{"weight":1.0,"played":[0.9999,1.0E-4],"evs":[0.0,-4.24739]},"Q2s":{"weight":1.0,"played":[0.9997,3.0E-4],"evs":[0.0,-4.51806]},"Q3s":{"weight":1.0,"played":[1.0,0.0],"evs":[0.0,-4.62313]},"Q4s":{"weight":1.0,"played":[0.9999,1.0E-4],"evs":[0.0,-5.01059]},"Q5s":{"weight":1.0,"played":[0.9998,2.0E-4],"evs":[0.0,-4.42281]},"Q6s":{"weight":1.0,"played":[0.9994,6.0E-4],"evs":[0.0,-4.44383]},"Q7s":{"weight":1.0,"played":[0.9994,6.0E-4],"evs":[0.0,-4.18728]},"Q8s":{"weight":1.0,"played":[0.9992,8.0E-4],"evs":[0.0,-4.69955]},"Q9s":{"weight":1.0,"played":[0.9999,1.0E-4],"evs":[0.0,-4.23801]},"QTs":{"weight":1.0,"played":[0.9999,1.0E-4],"evs":[0.0,-3.89616]},"QJs":{"weight":1.0,"played":[0.9995,5.0E-4],"evs":[0.0,-3.93577]},"QQ":{"weight":1.0,"played":[0.9964,0.0036],"evs":[0.0,-1.2497]},"KQo":{"weight":1.0,"played":[1.0,0.0],"evs":[0.0,-4.65811]},"AQo":{"weight":1.0,"played":[1.0,0.0],"evs":[0.0,-3.47886]},"K2s":{"weight":1.0,"played":[0.9996,4.0E-4],"evs":[0.0,-4.77445]},"K3s":{"weight":1.0,"played":[1.0,0.0],"evs":[0.0,-4.27468]},"K4s":{"weight":1.0,"played":[1.0,0.0],"evs":[0.0,-4.32814]},"K5s":{"weight":1.0,"played":[1.0,0.0],"evs":[0.0,-4.38038]},"K6s":{"weight":1.0,"played":[1.0,0.0],"evs":[0.0,-4.2083]},"K7s":{"weight":1.0,"played":[0.9996,4.0E-4],"evs":[0.0,-3.99156]},"K8s":{"weight":1.0,"played":[1.0,0.0],"evs":[0.0,-3.84255]},"K9s":{"weight":1.0,"played":[1.0,0.0],"evs":[0.0,-3.88972]},"KTs":{"weight":1.0,"played":[0.9986,0.0014],"evs":[0.0,-3.78897]},"KJs":{"weight":1.0,"played":[0.9999,1.0E-4],"evs":[0.0,-3.40879]},"KQs":{"weight":1.0,"played":[0.9999,1.0E-4],"evs":[0.0,-3.42825]},"KK":{"weight":1.0,"played":[0.0011,0.9989],"evs":[0.0,2.18685]},"AKo":{"weight":1.0,"played":[0.9997,3.0E-4],"evs":[0.0,-2.38727]},"A2s":{"weight":1.0,"played":[0.9999,1.0E-4],"evs":[0.0,-3.83286]},"A3s":{"weight":1.0,"played":[1.0,0.0],"evs":[0.0,-3.50209]},"A4s":{"weight":1.0,"played":[0.9995,5.0E-4],"evs":[0.0,-3.44057]},"A5s":{"weight":1.0,"played":[1.0,0.0],"evs":[0.0,-3.97336]},"A6s":{"weight":1.0,"played":[1.0,0.0],"evs":[0.0,-3.64064]},"A7s":{"weight":1.0,"played":[0.9977,0.0023],"evs":[0.0,-3.5287]},"A8s":{"weight":1.0,"played":[0.9999,1.0E-4],"evs":[0.0,-3.3483]},"A9s":{"weight":1.0,"played":[0.9991,9.0E-4],"evs":[0.0,-3.34902]},"ATs":{"weight":1.0,"played":[0.9996,4.0E-4],"evs":[0.0,-4.20514]},"AJs":{"weight":1.0,"played":[0.9993,7.0E-4],"evs":[0.0,-3.22394]},"AQs":{"weight":1.0,"played":[0.9981,0.0019],"evs":[0.0,-2.76338]},"AKs":{"weight":1.0,"played":[0.873,0.127],"evs":[0.0,-2.34432]},"AA":{"weight":1.0,"played":[0.0,1.0],"evs":[0.0,6.33078]}}}