{"player":5,"street":0,"children":2,"sequence":[{"player":0,"type":"R","amount":26720000,"street":0},{"player":1,"type":"C","amount":26720000,"street":0},{"player":2,"type":"C","amount":8160000,"street":0},{"player":3,"type":"F","amount":0,"street":0},{"player":4,"type":"F","amount":0,"street":0}],"actions":[{"type":"F","amount":0},{"type":"C","amount":4640000}],"hands":{"22":{"weight":1.0,"played":[1.0,0.0],"evs":[0.0,-2.23318]},"32o":{"weight":1.0,"played":[1.0,0.0],"evs":[0.0,-2.80602]},"42o":{"weight":1.0,"played":[1.0,0.0],"evs":[0.0,-2.8638]},"52o":{"weight":1.0,"played":[1.0,0.0],"evs":[0.0,-2.74907]},"62o":{"weight":1.0,"played":[1.0,0.0],"evs":[0.0,-3.13035]},"72o":{"weight":1.0,"played":[1.0,0.0],"evs":[0.0,-3.50061]},"82o":{"weight":1.0,"played":[1.0,0.0],"evs":[0.0,-3.26813]},"92o":{"weight":1.0,"played":[1.0,0.0],"evs":[0.0,-3.04026]},"T2o":{"weight":1.0,"played":[1.0,0.0],"evs":[0.0,-3.2678]},"J2o":{"weight":1.0,"played":[1.0,0.0],"evs":[0.0,-3.36356]},"Q2o":{"weight":1.0,"played":[1.0,0.0],"evs":[0.0,-3.52109]},"K2o":{"weight":1.0,"played":[1.0,0.0],"evs":[0.0,-3.13084]},"A2o":{"weight":1.0,"played":[1.0,0.0],"evs":[0.0,-2.50064]},"32s":{"weight":1.0,"played":[0.9997,3.0E-4],"evs":[0.0,-2.51348]},"33":{"weight":1.0,"played":[0.9998,2.0E-4],"evs":[0.0,-2.30443]},"43o":{"weight":1.0,"played":[1.0,0.0],"evs":[0.0,-2.63352]},"53o":{"weight":1.0,"played":[1.0,0.0],"evs":[0.0,-2.51679]},"63o":{"weight":1.0,"played":[1.0,0.0],"evs":[0.0,-2.85014]},"73o":{"weight":1.0,"played":[1.0,0.0],"evs":[0.0,-3.09795]},"83o":{"weight":1.0,"played":[1.0,0.0],"evs":[0.0,-3.13865]},"93o":{"weight":1.0,"played":[1.0,0.0],"evs":[0.0,-3.45812]},"T3o":{"weight":1.0,"played":[1.0,0.0],"evs":[0.0,-3.26169]},"J3o":{"weight":1.0,"played":[1.0,0.0],"evs":[0.0,-3.55836]},"Q3o":{"weight":1.0,"played":[1.0,0.0],"evs":[0.0,-3.57829]},"K3o":{"weight":1.0,"played":[1.0,0.0],"evs":[0.0,-2.81478]},"A3o":{"weight":1.0,"played":[1.0,0.0],"evs":[0.0,-2.47984]},"42s":{"weight":1.0,"played":[1.0,0.0],"evs":[0.0,-2.04805]},"43s":{"weight":1.0,"played":[0.9991,9.0E-4],"evs":[0.0,-2.30025]},"44":{"weight":1.0,"played":[0.9997,3.0E-4],"evs":[0.0,-2.38088]},"54o":{"weight":1.0,"played":[1.0,0.0],"evs":[0.0,-2.53385]},"64o":{"weight":1.0,"played":[1.0,0.0],"evs":[0.0,-2.33441]},"74o":{"weight":1.0,"played":[1.0,0.0],"evs":[0.0,-2.4472]},"84o":{"weight":1.0,"played":[1.0,0.0],"evs":[0.0,-3.20922]},"94o":{"weight":1.0,"played":[1.0,0.0],"evs":[0.0,-3.28804]},"T4o":{"weight":1.0,"played":[1.0,0.0],"evs":[0.0,-3.24007]},"J4o":{"weight":1.0,"played":[1.0,0.0],"evs":[0.0,-3.37716]},"Q4o":{"weight":1.0,"played":[1.0,0.0],"evs":[0.0,-3.6435]},"K4o":{"weight":1.0,"played":[1.0,0.0],"evs":[0.0,-3.06042]},"A4o":{"weight":1.0,"played":[1.0,0.0],"evs":[0.0,-2.68606]},"52s":{"weight":1.0,"played":[1.0,0.0],"evs":[0.0,-1.76472]},"53s":{"weight":1.0,"played":[0.9997,3.0E-4],"evs":[0.0,-1.19336]},"54s":{"weight":1.0,"played":[0.9997,3.0E-4],"evs":[0.0,-1.48408]},"55":{"weight":1.0,"played":[1.0,0.0],"evs":[0.0,-2.17144]},"65o":{"weight":1.0,"played":[1.0,0.0],"evs":[0.0,-1.87219]},"75o":{"weight":1.0,"played":[1.0,0.0],"evs":[0.0,-2.48898]},"85o":{"weight":1.0,"played":[1.0,0.0],"evs":[0.0,-2.68236]},"95o":{"weight":1.0,"played":[1.0,0.0],"evs":[0.0,-3.19885]},"T5o":{"weight":1.0,"played":[1.0,0.0],"evs":[0.0,-3.20387]},"J5o":{"weight":1.0,"played":[1.0,0.0],"evs":[0.0,-3.17617]},"Q5o":{"weight":1.0,"played":[1.0,0.0],"evs":[0.0,-3.26813]},"K5o":{"weight":1.0,"played":[1.0,0.0],"evs":[0.0,-3.3677]},"A5o":{"weight":1.0,"played":[1.0,0.0],"evs":[0.0,-2.61454]},"62s":{"weight":1.0,"played":[1.0,0.0],"evs":[0.0,-2.20913]},"63s":{"weight":1.0,"played":[0.9997,3.0E-4],"evs":[0.0,-2.24087]},"64s":{"weight":1.0,"played":[0.9827,0.0173],"evs":[0.0,-1.69515]},"65s":{"weight":1.0,"played":[0.9999,1.0E-4],"evs":[0.0,-2.00946]},"66":{"weight":1.0,"played":[1.0,0.0],"evs":[0.0,-2.33284]},"76o":{"weight":1.0,"played":[1.0,0.0],"evs":[0.0,-2.35742]},"86o":{"weight":1.0,"played":[1.0,0.0],"evs":[0.0,-2.61904]},"96o":{"weight":1.0,"played":[1.0,0.0],"evs":[0.0,-2.80373]},"T6o":{"weight":1.0,"played":[1.0,0.0],"evs":[0.0,-3.15568]},"J6o":{"weight":1.0,"played":[1.0,0.0],"evs":[0.0,-3.46867]},"Q6o":{"weight":1.0,"played":[1.0,0.0],"evs":[0.0,-3.47461]},"K6o":{"weight":1.0,"played":[1.0,0.0],"evs":[0.0,-3.21513]},"A6o":{"weight":1.0,"played":[0.9999,1.0E-4],"evs":[0.0,-2.83572]},"72s":{"weight":1.0,"played":[0.999,0.001],"evs":[0.0,-2.66267]},"73s":{"weight":1.0,"played":[1.0,0.0],"evs":[0.0,-2.68058]},"74s":{"weight":1.0,"played":[0.9988,0.0012],"evs":[0.0,-1.52316]},"75s":{"weight":1.0,"played":[1.0,0.0],"evs":[0.0,-1.96086]},"76s":{"weight":1.0,"played":[0.9998,2.0E-4],"evs":[0.0,-1.25672]},"77":{"weight":1.0,"played":[0.9999,1.0E-4],"evs":[0.0,-2.23891]},"87o":{"weight":1.0,"played":[1.0,0.0],"evs":[0.0,-2.29393]},"97o":{"weight":1.0,"played":[1.0,0.0],"evs":[0.0,-2.7645]},"T7o":{"weight":1.0,"played":[1.0,0.0],"evs":[0.0,-2.87099]},"J7o":{"weight":1.0,"played":[1.0,0.0],"evs":[0.0,-3.28144]},"Q7o":{"weight":1.0,"played":[1.0,0.0],"evs":[0.0,-3.62805]},"K7o":{"weight":1.0,"played":[1.0,0.0],"evs":[0.0,-3.00072]},"A7o":{"weight":1.0,"played":[1.0,0.0],"evs":[0.0,-2.92795]},"82s":{"weight":1.0,"played":[1.0,0.0],"evs":[0.0,-2.43132]},"83s":{"weight":1.0,"played":[0.9999,1.0E-4],"evs":[0.0,-2.50829]},"84s":{"weight":1.0,"played":[0.9998,2.0E-4],"evs":[0.0,-2.67058]},"85s":{"weight":1.0,"played":[0.9988,0.0012],"evs":[0.0,-1.92131]},"86s":{"weight":1.0,"played":[0.9999,1.0E-4],"evs":[0.0,-2.35574]},"87s":{"weight":1.0,"played":[0.9998,2.0E-4],"evs":[0.0,-1.82721]},"88":{"weight":1.0,"played":[0.9998,2.0E-4],"evs":[0.0,-2.10651]},"98o":{"weight":1.0,"played":[1.0,0.0],"evs":[0.0,-2.5283]},"T8o":{"weight":1.0,"played":[1.0,0.0],"evs":[0.0,-2.72924]},"J8o":{"weight":1.0,"played":[1.0,0.0],"evs":[0.0,-2.97774]},"Q8o":{"weight":1.0,"played":[0.9999,1.0E-4],"evs":[0.0,-3.64442]},"K8o":{"weight":1.0,"played":[1.0,0.0],"evs":[0.0,-2.97236]},"A8o":{"weight":1.0,"played":[1.0,0.0],"evs":[0.0,-2.53662]},"92s":{"weight":1.0,"played":[0.9976,0.0024],"evs":[0.0,-2.19388]},"93s":{"weight":1.0,"played":[0.9999,1.0E-4],"evs":[0.0,-2.57645]},"94s":{"weight":1.0,"played":[0.9992,8.0E-4],"evs":[0.0,-2.63154]},"95s":{"weight":1.0,"played":[1.0,0.0],"evs":[0.0,-2.27854]},"96s":{"weight":1.0,"played":[1.0,0.0],"evs":[0.0,-2.3064]},"97s":{"weight":1.0,"played":[0.9995,5.0E-4],"evs":[0.0,-1.96013]},"98s":{"weight":1.0,"played":[0.9994,6.0E-4],"evs":[0.0,-1.67883]},"99":{"weight":1.0,"played":[0.9996,4.0E-4],"evs":[0.0,-2.37233]},"T9o":{"weight":1.0,"played":[0.9994,6.0E-4],"evs":[0.0,-2.80773]},"J9o":{"weight":1.0,"played":[1.0,0.0],"evs":[0.0,-2.77723]},"Q9o":{"weight":1.0,"played":[0.9999,1.0E-4],"evs":[0.0,-3.0615]},"K9o":{"weight":1.0,"played":[0.9999,1.0E-4],"evs":[0.0,-2.90809]},"A9o":{"weight":1.0,"played":[1.0,0.0],"evs":[0.0,-2.83394]},"T2s":{"weight":1.0,"played":[0.9999,1.0E-4],"evs":[0.0,-2.90172]},"T3s":{"weight":1.0,"played":[1.0,0.0],"evs":[0.0,-2.62947]},"T4s":{"weight":1.0,"played":[1.0,0.0],"evs":[0.0,-2.62296]},"T5s":{"weight":1.0,"played":[1.0,0.0],"evs":[0.0,-2.51058]},"T6s":{"weight":1.0,"played":[1.0,0.0],"evs":[0.0,-1.89475]},"T7s":{"weight":1.0,"played":[1.0,0.0],"evs":[0.0,-2.20449]},"T8s":{"weight":1.0,"played":[0.9999,1.0E-4],"evs":[0.0,-2.27919]},"T9s":{"weight":1.0,"played":[1.0,0.0],"evs":[0.0,-2.00064]},"TT":{"weight":1.0,"played":[0.9998,2.0E-4],"evs":[0.0,-2.27462]},"JTo":{"weight":1.0,"played":[0.9998,2.0E-4],"evs":[0.0,-2.92006]},"QTo":{"weight":1.0,"played":[1.0,0.0],"evs":[0.0,-3.25896]},"KTo":{"weight":1.0,"played":[1.0,0.0],"evs":[0.0,-2.73862]},"ATo":{"weight":1.0,"played":[0.9998,2.0E-4],"evs":[0.0,-2.95391]},"J2s":{"weight":1.0,"played":[1.0,0.0],"evs":[0.0,-2.17868]},"J3s":{"weight":1.0,"played":[0.9999,1.0E-4],"evs":[0.0,-3.1769]},"J4s":{"weight":1.0,"played":[1.0,0.0],"evs":[0.0,-2.44834]},"J5s":{"weight":1.0,"played":[0.9999,1.0E-4],"evs":[0.0,-2.85889]},"J6s":{"weight":1.0,"played":[1.0,0.0],"evs":[0.0,-2.84923]},"J7s":{"weight":1.0,"played":[1.0,0.0],"evs":[0.0,-2.36812]},"J8s":{"weight":1.0,"played":[0.9999,1.0E-4],"evs":[0.0,-2.84732]},"J9s":{"weight":1.0,"played":[0.9995,5.0E-4],"evs":[0.0,-2.66855]},"JTs":{"weight":1.0,"played":[0.9988,0.0012],"evs":[0.0,-2.36842]},"JJ":{"weight":1.0,"played":[0.9993,7.0E-4],"evs":[0.0,-2.38245]},"QJo":{"weight":1.0,"played":[1.0,0.0],"evs":[0.0,-3.37575]},"KJo":{"weight":1.0,"played":[0.9999,1.0E-4],"evs":[0.0,-3.40861]},"AJo":{"weight":1.0,"played":[1.0,0.0],"evs":[0.0,-2.57241]},"Q2s":{"weight":1.0,"played":[0.9999,1.0E-4],"evs":[0.0,-2.58885]},"Q3s":{"weight":1.0,"played":[0.9979,0.0021],"evs":[0.0,-2.95701]},"Q4s":{"weight":1.0,"played":[1.0,0.0],"evs":[0.0,-3.05177]},"Q5s":{"weight":1.0,"played":[0.997,0.003],"evs":[0.0,-2.20093]},"Q6s":{"weight":1.0,"played":[1.0,0.0],"evs":[0.0,-2.95014]},"Q7s":{"weight":1.0,"played":[0.9999,1.0E-4],"evs":[0.0,-2.95397]},"Q8s":{"weight":1.0,"played":[0.9968,0.0032],"evs":[0.0,-2.74781]},"Q9s":{"weight":1.0,"played":[0.9997,3.0E-4],"evs":[0.0,-2.45837]},"QTs":{"weight":1.0,"played":[0.9994,6.0E-4],"evs":[0.0,-1.9934]},"QJs":{"weight":1.0,"played":[1.0,0.0],"evs":[0.0,-2.67587]},"QQ":{"weight":1.0,"played":[0.9999,1.0E-4],"evs":[0.0,-2.04964]},"KQo":{"weight":1.0,"played":[1.0,0.0],"evs":[0.0,-3.43507]},"AQo":{"weight":1.0,"played":[1.0,0.0],"evs":[0.0,-2.74876]},"K2s":{"weight":1.0,"played":[0.9999,1.0E-4],"evs":[0.0,-2.57156]},"K3s":{"weight":1.0,"played":[0.9932,0.0068],"evs":[0.0,-2.4553]},"K4s":{"weight":1.0,"played":[0.9979,0.0021],"evs":[0.0,-2.3148]},"K5s":{"weight":1.0,"played":[1.0,0.0],"evs":[0.0,-2.4794]},"K6s":{"weight":1.0,"played":[0.9957,0.0043],"evs":[0.0,-1.53138]},"K7s":{"weight":1.0,"played":[0.9985,0.0015],"evs":[0.0,-2.55652]},"K8s":{"weight":1.0,"played":[0.9993,7.0E-4],"evs":[0.0,-2.97107]},"K9s":{"weight":1.0,"played":[1.0,0.0],"evs":[0.0,-2.06227]},"KTs":{"weight":1.0,"played":[0.999,0.001],"evs":[0.0,-2.55863]},"KJs":{"weight":1.0,"played":[0.9994,6.0E-4],"evs":[0.0,-2.05616]},"KQs":{"weight":1.0,"played":[0.9991,9.0E-4],"evs":[0.0,-2.42774]},"KK":{"weight":1.0,"played":[0.0026,0.9974],"evs":[0.0,1.22758]},"AKo":{"weight":1.0,"played":[0.9937,0.0063],"evs":[0.0,-1.86974]},"A2s":{"weight":1.0,"played":[1.0,0.0],"evs":[0.0,-2.24293]},"A3s":{"weight":1.0,"played":[0.9999,1.0E-4],"evs":[0.0,-2.20534]},"A4s":{"weight":1.0,"played":[0.9995,5.0E-4],"evs":[0.0,-1.59571]},"A5s":{"weight":1.0,"played":[0.9953,0.0047],"evs":[0.0,-1.13062]},"A6s":{"weight":1.0,"played":[1.0,0.0],"evs":[0.0,-2.17902]},"A7s":{"weight":1.0,"played":[0.9996,4.0E-4],"evs":[0.0,-2.53678]},"A8s":{"weight":1.0,"played":[0.9994,6.0E-4],"evs":[0.0,-2.23677]},"A9s":{"weight":1.0,"played":[0.9977,0.0023],"evs":[0.0,-1.96778]},"ATs":{"weight":1.0,"played":[0.9996,4.0E-4],"evs":[0.0,-1.79961]},"AJs":{"weight":1.0,"played":[1.0,0.0],"evs":[0.0,-1.9879]},"AQs":{"weight":1.0,"played":[0.9998,2.0E-4],"evs":[0.0,-1.211]},"AKs":{"weight":1.0,"played":[0.9929,0.0071],"evs":[0.0,-1.02995]},"AA":{"weight":1.0,"played":[0.0,1.0],"evs":[0.0,4.98388]}}}