{"player":5,"street":0,"children":2,"sequence":[{"player":0,"type":"R","amount":26720000,"street":0},{"player":1,"type":"C","amount":26720000,"street":0},{"player":2,"type":"C","amount":8160000,"street":0},{"player":3,"type":"C","amount":12640000,"street":0},{"player":4,"type":"F","amount":0,"street":0}],"actions":[{"type":"F","amount":0},{"type":"C","amount":4640000}],"hands":{"22":{"weight":1.0,"played":[0.9481,0.0519],"evs":[0.0,-4.89547]},"32o":{"weight":1.0,"played":[1.0,0.0],"evs":[0.0,-4.06145]},"42o":{"weight":1.0,"played":[1.0,0.0],"evs":[0.0,-1.59507]},"52o":{"weight":1.0,"played":[1.0,0.0],"evs":[0.0,-6.61951]},"62o":{"weight":1.0,"played":[1.0,0.0],"evs":[0.0,-4.43964]},"72o":{"weight":1.0,"played":[1.0,0.0],"evs":[0.0,-4.86539]},"82o":{"weight":1.0,"played":[0.9234,0.0766],"evs":[0.0,-4.5128]},"92o":{"weight":1.0,"played":[0.9998,2.0E-4],"evs":[0.0,-5.44754]},"T2o":{"weight":1.0,"played":[1.0,0.0],"evs":[0.0,-2.99763]},"J2o":{"weight":1.0,"played":[1.0,0.0],"evs":[0.0,-5.58212]},"Q2o":{"weight":1.0,"played":[1.0,0.0],"evs":[0.0,-2.87156]},"K2o":{"weight":1.0,"played":[0.9654,0.0346],"evs":[0.0,-5.73067]},"A2o":{"weight":1.0,"played":[0.8591,0.1409],"evs":[0.0,-0.25339]},"32s":{"weight":1.0,"played":[0.9943,0.0057],"evs":[0.0,-6.74104]},"33":{"weight":1.0,"played":[0.9943,0.0057],"evs":[0.0,-2.77582]},"43o":{"weight":1.0,"played":[0.7414,0.2586],"evs":[0.0,-3.48707]},"53o":{"weight":1.0,"played":[1.0,0.0],"evs":[0.0,-2.48136]},"63o":{"weight":1.0,"played":[1.0,0.0],"evs":[0.0,-5.02367]},"73o":{"weight":1.0,"played":[0.9101,0.0899],"evs":[0.0,-4.84107]},"83o":{"weight":1.0,"played":[1.0,0.0],"evs":[0.0,-5.85425]},"93o":{"weight":1.0,"played":[1.0,0.0],"evs":[0.0,-5.6908]},"T3o":{"weight":1.0,"played":[1.0,0.0],"evs":[0.0,-3.64306]},"J3o":{"weight":1.0,"played":[0.9268,0.0732],"evs":[0.0,-4.98944]},"Q3o":{"weight":1.0,"played":[1.0,0.0],"evs":[0.0,-5.67874]},"K3o":{"weight":1.0,"played":[0.9919,0.0081],"evs":[0.0,-5.23115]},"A3o":{"weight":1.0,"played":[0.7741,0.2259],"evs":[0.0,-1.27488]},"42s":{"weight":1.0,"played":[0.8111,0.1889],"evs":[0.0,-3.08431]},"43s":{"weight":1.0,"played":[0.7868,0.2132],"evs":[0.0,-2.1607]},"44":{"weight":1.0,"played":[1.0,0.0],"evs":[0.0,-5.90764]},"54o":{"weight":1.0,"played":[0.8229,0.1771],"evs":[0.0,-3.74376]},"64o":{"weight":1.0,"played":[1.0,0.0],"evs":[0.0,-5.37777]},"74o":{"weight":1.0,"played":[1.0,0.0],"evs":[0.0,-2.98204]},"84o":{"weight":1.0,"played":[1.0,0.0],"evs":[0.0,-4.4683]},"94o":{"weight":1.0,"played":[0.9123,0.0877],"evs":[0.0,-4.36285]},"T4o":{"weight":1.0,"played":[0.5957,0.4043],"evs":[0.0,-2.25863]},"J4o":{"weight":1.0,"played":[0.9584,0.0416],"evs":[0.0,-2.42891]},"Q4o":{"weight":1.0,"played":[0.9451,0.0549],"evs":[0.0,-4.52494]},"K4o":{"weight":1.0,"played":[0.9988,0.0012],"evs":[0.0,-5.56645]},"A4o":{"weight":1.0,"played":[0.9489,0.0511],"evs":[0.0,-5.29691]},"52s":{"weight":1.0,"played":[0.1967,0.8033],"evs":[0.0,0.08619]},"53s":{"weight":1.0,"played":[0.8804,0.1196],"evs":[0.0,-4.88036]},"54s":{"weight":1.0,"played":[0.9058,0.0942],"evs":[0.0,-6.07122]},"55":{"weight":1.0,"played":[1.0,0.0],"evs":[0.0,-3.70242]},"65o":{"weight":1.0,"played":[0.9756,0.0244],"evs":[0.0,-3.29715]},"75o":{"weight":1.0,"played":[0.9602,0.0398],"evs":[0.0,-4.12887]},"85o":{"weight":1.0,"played":[0.9442,0.0558],"evs":[0.0,-4.27575]},"95o":{"weight":1.0,"played":[1.0,0.0],"evs":[0.0,-1.6388]},"T5o":{"weight":1.0,"played":[1.0,0.0],"evs":[0.0,-3.97482]},"J5o":{"weight":1.0,"played":[0.9948,0.0052],"evs":[0.0,-1.66117]},"Q5o":{"weight":1.0,"played":[1.0,0.0],"evs":[0.0,-4.99657]},"K5o":{"weight":1.0,"played":[1.0,0.0],"evs":[0.0,-6.33543]},"A5o":{"weight":1.0,"played":[0.9683,0.0317],"evs":[0.0,-6.67838]},"62s":{"weight":1.0,"played":[0.9205,0.0795],"evs":[0.0,-1.50667]},"63s":{"weight":1.0,"played":[0.8695,0.1305],"evs":[0.0,-5.45651]},"64s":{"weight":1.0,"played":[0.5345,0.4655],"evs":[0.0,-3.07636]},"65s":{"weight":1.0,"played":[0.8384,0.1616],"evs":[0.0,-5.71391]},"66":{"weight":1.0,"played":[0.8164,0.1836],"evs":[0.0,-0.58522]},"76o":{"weight":1.0,"played":[0.672,0.328],"evs":[0.0,0.2587]},"86o":{"weight":1.0,"played":[0.9966,0.0034],"evs":[0.0,-5.86421]},"96o":{"weight":1.0,"played":[0.9363,0.0637],"evs":[0.0,-5.36435]},"T6o":{"weight":1.0,"played":[0.9693,0.0307],"evs":[0.0,-6.19144]},"J6o":{"weight":1.0,"played":[1.0,0.0],"evs":[0.0,-5.13555]},"Q6o":{"weight":1.0,"played":[0.9971,0.0029],"evs":[0.0,-3.13173]},"K6o":{"weight":1.0,"played":[0.8067,0.1933],"evs":[0.0,-1.3726]},"A6o":{"weight":1.0,"played":[0.821,0.179],"evs":[0.0,1.44012]},"72s":{"weight":1.0,"played":[0.6839,0.3161],"evs":[0.0,-3.36301]},"73s":{"weight":1.0,"played":[0.858,0.142],"evs":[0.0,-3.49689]},"74s":{"weight":1.0,"played":[0.445,0.555],"evs":[0.0,2.8581]},"75s":{"weight":1.0,"played":[0.7686,0.2314],"evs":[0.0,-5.86038]},"76s":{"weight":1.0,"played":[0.8161,0.1839],"evs":[0.0,-1.24377]},"77":{"weight":1.0,"played":[1.0,0.0],"evs":[0.0,-2.90461]},"87o":{"weight":1.0,"played":[0.5489,0.4511],"evs":[0.0,-1.95314]},"97o":{"weight":1.0,"played":[0.8602,0.1398],"evs":[0.0,-5.82704]},"T7o":{"weight":1.0,"played":[0.9792,0.0208],"evs":[0.0,-5.00028]},"J7o":{"weight":1.0,"played":[0.9166,0.0834],"evs":[0.0,-3.89107]},"Q7o":{"weight":1.0,"played":[0.5552,0.4448],"evs":[0.0,-2.94687]},"K7o":{"weight":1.0,"played":[0.9986,0.0014],"evs":[0.0,-5.67187]},"A7o":{"weight":1.0,"played":[1.0,0.0],"evs":[0.0,-6.65849]},"82s":{"weight":1.0,"played":[0.9002,0.0998],"evs":[0.0,-6.03437]},"83s":{"weight":1.0,"played":[1.0,0.0],"evs":[0.0,-1.7389]},"84s":{"weight":1.0,"played":[0.9941,0.0059],"evs":[0.0,-0.7612]},"85s":{"weight":1.0,"played":[1.0,0.0],"evs":[0.0,-4.91701]},"86s":{"weight":1.0,"played":[0.9931,0.0069],"evs":[0.0,-0.07459]},"87s":{"weight":1.0,"played":[0.1888,0.8112],"evs":[0.0,3.57789]},"88":{"weight":1.0,"played":[0.5505,0.4495],"evs":[0.0,4.64645]},"98o":{"weight":1.0,"played":[0.8007,0.1993],"evs":[0.0,-3.54814]},"T8o":{"weight":1.0,"played":[0.948,0.052],"evs":[0.0,-4.20677]},"J8o":{"weight":1.0,"played":[1.0,0.0],"evs":[0.0,-4.00245]},"Q8o":{"weight":1.0,"played":[0.981,0.019],"evs":[0.0,-6.32558]},"K8o":{"weight":1.0,"played":[0.9915,0.0085],"evs":[0.0,-5.37369]},"A8o":{"weight":1.0,"played":[0.8991,0.1009],"evs":[0.0,-4.94908]},"92s":{"weight":1.0,"played":[1.0,0.0],"evs":[0.0,-6.46208]},"93s":{"weight":1.0,"played":[1.0,0.0],"evs":[0.0,-7.03875]},"94s":{"weight":1.0,"played":[1.0,0.0],"evs":[0.0,-5.23643]},"95s":{"weight":1.0,"played":[0.7306,0.2694],"evs":[0.0,-2.65287]},"96s":{"weight":1.0,"played":[0.7115,0.2885],"evs":[0.0,-1.82084]},"97s":{"weight":1.0,"played":[0.5257,0.4743],"evs":[0.0,-0.83048]},"98s":{"weight":1.0,"played":[1.0,0.0],"evs":[0.0,-6.56491]},"99":{"weight":1.0,"played":[1.0,0.0],"evs":[0.0,-3.9302]},"T9o":{"weight":1.0,"played":[0.9871,0.0129],"evs":[0.0,-3.61373]},"J9o":{"weight":1.0,"played":[1.0,0.0],"evs":[0.0,-6.5029]},"Q9o":{"weight":1.0,"played":[0.8171,0.1829],"evs":[0.0,-4.82015]},"K9o":{"weight":1.0,"played":[0.9951,0.0049],"evs":[0.0,-5.14248]},"A9o":{"weight":1.0,"played":[0.7047,0.2953],"evs":[0.0,-1.68978]},"T2s":{"weight":1.0,"played":[0.8325,0.1675],"evs":[0.0,-5.20381]},"T3s":{"weight":1.0,"played":[1.0,0.0],"evs":[0.0,-6.22509]},"T4s":{"weight":1.0,"played":[0.9714,0.0286],"evs":[0.0,-6.2905]},"T5s":{"weight":1.0,"played":[1.0,0.0],"evs":[0.0,-0.7483]},"T6s":{"weight":1.0,"played":[0.9462,0.0538],"evs":[0.0,-5.79992]},"T7s":{"weight":1.0,"played":[1.0,0.0],"evs":[0.0,-6.44173]},"T8s":{"weight":1.0,"played":[0.2299,0.7701],"evs":[0.0,-2.22351]},"T9s":{"weight":1.0,"played":[0.5871,0.4129],"evs":[0.0,-2.55961]},"TT":{"weight":1.0,"played":[1.0,0.0],"evs":[0.0,-6.14259]},"JTo":{"weight":1.0,"played":[1.0,0.0],"evs":[0.0,-3.54392]},"QTo":{"weight":1.0,"played":[1.0,0.0],"evs":[0.0,-0.47891]},"KTo":{"weight":1.0,"played":[0.9626,0.0374],"evs":[0.0,-6.96763]},"ATo":{"weight":1.0,"played":[0.9385,0.0615],"evs":[0.0,-5.76462]},"J2s":{"weight":1.0,"played":[0.9873,0.0127],"evs":[0.0,-6.81478]},"J3s":{"weight":1.0,"played":[0.9737,0.0263],"evs":[0.0,-2.42967]},"J4s":{"weight":1.0,"played":[0.7493,0.2507],"evs":[0.0,-3.5738]},"J5s":{"weight":1.0,"played":[0.5211,0.4789],"evs":[0.0,-1.96866]},"J6s":{"weight":1.0,"played":[0.6677,0.3323],"evs":[0.0,2.31785]},"J7s":{"weight":1.0,"played":[0.9945,0.0055],"evs":[0.0,-5.47202]},"J8s":{"weight":1.0,"played":[0.9869,0.0131],"evs":[0.0,-3.24702]},"J9s":{"weight":1.0,"played":[0.7243,0.2757],"evs":[0.0,-6.33403]},"JTs":{"weight":1.0,"played":[1.0,0.0],"evs":[0.0,-5.47962]},"JJ":{"weight":1.0,"played":[0.0887,0.9113],"evs":[0.0,5.56074]},"QJo":{"weight":1.0,"played":[0.9236,0.0764],"evs":[0.0,-5.45633]},"KJo":{"weight":1.0,"played":[1.0,0.0],"evs":[0.0,-6.71855]},"AJo":{"weight":1.0,"played":[0.7517,0.2483],"evs":[0.0,-1.8867]},"Q2s":{"weight":1.0,"played":[0.7081,0.2919],"evs":[0.0,-2.99474]},"Q3s":{"weight":1.0,"played":[0.8736,0.1264],"evs":[0.0,-4.39822]},"Q4s":{"weight":1.0,"played":[0.8418,0.1582],"evs":[0.0,-5.44564]},"Q5s":{"weight":1.0,"played":[0.6582,0.3418],"evs":[0.0,-3.5419]},"Q6s":{"weight":1.0,"played":[0.4814,0.5186],"evs":[0.0,3.91228]},"Q7s":{"weight":1.0,"played":[0.7025,0.2975],"evs":[0.0,-3.88476]},"Q8s":{"weight":1.0,"played":[0.9994,6.0E-4],"evs":[0.0,-7.24053]},"Q9s":{"weight":1.0,"played":[0.2809,0.7191],"evs":[0.0,4.507]},"QTs":{"weight":1.0,"played":[1.0,0.0],"evs":[0.0,-4.51868]},"QJs":{"weight":1.0,"played":[0.5124,0.4876],"evs":[0.0,-1.08268]},"QQ":{"weight":1.0,"played":[1.0,0.0],"evs":[0.0,-5.40608]},"KQo":{"weight":1.0,"played":[0.9823,0.0177],"evs":[0.0,-2.55948]},"AQo":{"weight":1.0,"played":[1.0,0.0],"evs":[0.0,-3.74825]},"K2s":{"weight":1.0,"played":[0.5025,0.4975],"evs":[0.0,-4.16795]},"K3s":{"weight":1.0,"played":[0.9853,0.0147],"evs":[0.0,0.49765]},"K4s":{"weight":1.0,"played":[1.0,0.0],"evs":[0.0,5.18913]},"K5s":{"weight":1.0,"played":[0.9459,0.0541],"evs":[0.0,-5.27293]},"K6s":{"weight":1.0,"played":[1.0,0.0],"evs":[0.0,-6.77337]},"K7s":{"weight":1.0,"played":[1.0,0.0],"evs":[0.0,-5.90166]},"K8s":{"weight":1.0,"played":[0.044,0.956],"evs":[0.0,-4.51392]},"K9s":{"weight":1.0,"played":[1.0,0.0],"evs":[0.0,-7.01125]},"KTs":{"weight":1.0,"played":[0.6743,0.3257],"evs":[0.0,-8.29189]},"KJs":{"weight":1.0,"played":[0.5,0.5],"evs":[0.0,-3.57492]},"KQs":{"weight":1.0,"played":[0.8173,0.1827],"evs":[0.0,-5.89282]},"KK":{"weight":1.0,"played":[1.0,0.0],"evs":[0.0,-4.41153]},"AKo":{"weight":1.0,"played":[0.969,0.031],"evs":[0.0,-0.89382]},"A2s":{"weight":1.0,"played":[0.9513,0.0487],"evs":[0.0,-5.34621]},"A3s":{"weight":1.0,"played":[0.5411,0.4589],"evs":[0.0,-4.95723]},"A4s":{"weight":1.0,"played":[0.4758,0.5242],"evs":[0.0,3.10854]},"A5s":{"weight":1.0,"played":[0.3774,0.6226],"evs":[0.0,-5.15161]},"A6s":{"weight":1.0,"played":[0.9618,0.0382],"evs":[0.0,-1.21238]},"A7s":{"weight":1.0,"played":[0.3519,0.6481],"evs":[0.0,-0.07339]},"A8s":{"weight":1.0,"played":[0.8657,0.1343],"evs":[0.0,6.48235]},"A9s":{"weight":1.0,"played":[0.3327,0.6673],"evs":[0.0,-1.43684]},"ATs":{"weight":1.0,"played":[1.0,0.0],"evs":[0.0,-2.94563]},"AJs":{"weight":1.0,"played":[0.8833,0.1167],"evs":[0.0,-4.71224]},"AQs":{"weight":1.0,"played":[0.5,0.5],"evs":[0.0,-5.01811]},"AKs":{"weight":1.0,"played":[0.8235,0.1765],"evs":[0.0,1.0267]},"AA":{"weight":1.0,"played":[0.0053,0.9947],"evs":[0.0,6.10677]}}}