{"player":1,"street":0,"children":2,"sequence":[{"player":0,"type":"F","amount":0,"street":0},{"player":1,"type":"R","amount":200000,"street":0},{"player":2,"type":"C","amount":200000,"street":0},{"player":3,"type":"C","amount":200000,"street":0},{"player":4,"type":"F","amount":0,"street":0},{"player":5,"type":"R","amount":815000,"street":0},{"player":1,"type":"C","amount":615000,"street":0},{"player":2,"type":"R","amount":2215000,"street":0},{"player":3,"type":"C","amount":1015000,"street":0}],"actions":[{"type":"F","amount":0},{"type":"C","amount":1400000}],"hands":{"22":{"weight":0.0,"played":[5.0E-4,0.9995],"evs":[0.0,5.08437]},"32o":{"weight":0.0,"played":[0.7193,0.2807],"evs":[0.0,-1.04245]},"42o":{"weight":0.0,"played":[0.1623,0.8377],"evs":[0.0,0.66375]},"52o":{"weight":0.0,"played":[0.0181,0.9819],"evs":[0.0,1.61616]},"62o":{"weight":0.0,"played":[0.0141,0.9859],"evs":[0.0,0.56363]},"72o":{"weight":0.0,"played":[0.6367,0.3633],"evs":[0.0,0.08451]},"82o":{"weight":0.0,"played":[0.1315,0.8685],"evs":[0.0,0.56953]},"92o":{"weight":0.0,"played":[0.9303,0.0697],"evs":[0.0,-0.6636]},"T2o":{"weight":0.0,"played":[0.9742,0.0258],"evs":[0.0,-2.11359]},"J2o":{"weight":0.0,"played":[0.9569,0.0431],"evs":[0.0,-1.34536]},"Q2o":{"weight":0.0,"played":[0.9905,0.0095],"evs":[0.0,-0.34055]},"K2o":{"weight":0.0,"played":[0.8574,0.1426],"evs":[0.0,-0.87507]},"A2o":{"weight":0.0,"played":[0.0,1.0],"evs":[0.0,2.6703]},"32s":{"weight":0.0,"played":[0.0321,0.9679],"evs":[0.0,1.1585]},"33":{"weight":0.0029,"played":[2.0E-4,0.9998],"evs":[0.0,5.61694]},"43o":{"weight":0.0,"played":[0.0013,0.9987],"evs":[0.0,1.47167]},"53o":{"weight":0.0,"played":[6.0E-4,0.9994],"evs":[0.0,2.76953]},"63o":{"weight":0.0,"played":[0.0027,0.9973],"evs":[0.0,1.05903]},"73o":{"weight":0.0,"played":[0.0755,0.9245],"evs":[0.0,0.62321]},"83o":{"weight":0.0,"played":[0.8207,0.1793],"evs":[0.0,-0.52745]},"93o":{"weight":0.0,"played":[0.9113,0.0887],"evs":[0.0,-0.24384]},"T3o":{"weight":0.0,"played":[0.7379,0.2621],"evs":[0.0,-0.4134]},"J3o":{"weight":0.0,"played":[0.8948,0.1052],"evs":[0.0,-0.53776]},"Q3o":{"weight":0.0,"played":[0.2477,0.7523],"evs":[0.0,0.75429]},"K3o":{"weight":0.0,"played":[0.5107,0.4893],"evs":[0.0,-0.58312]},"A3o":{"weight":0.0,"played":[1.0E-4,0.9999],"evs":[0.0,3.34204]},"42s":{"weight":0.0,"played":[0.0048,0.9952],"evs":[0.0,2.06992]},"43s":{"weight":0.0,"played":[0.1687,0.8313],"evs":[0.0,2.11194]},"44":{"weight":0.1636,"played":[4.0E-4,0.9996],"evs":[0.0,8.21869]},"54o":{"weight":0.0,"played":[5.0E-4,0.9995],"evs":[0.0,3.83545]},"64o":{"weight":0.0,"played":[0.001,0.999],"evs":[0.0,1.47668]},"74o":{"weight":0.0,"played":[0.0017,0.9983],"evs":[0.0,1.08156]},"84o":{"weight":0.0,"played":[0.0387,0.9613],"evs":[0.0,0.76793]},"94o":{"weight":0.0,"played":[0.9059,0.0941],"evs":[0.0,-0.70189]},"T4o":{"weight":0.0,"played":[0.8896,0.1104],"evs":[0.0,-0.68404]},"J4o":{"weight":0.0,"played":[0.9251,0.0749],"evs":[0.0,-1.59833]},"Q4o":{"weight":0.0,"played":[0.0023,0.9977],"evs":[0.0,0.61943]},"K4o":{"weight":0.0,"played":[0.8519,0.1481],"evs":[0.0,-1.52827]},"A4o":{"weight":8.0E-4,"played":[1.0E-4,0.9999],"evs":[0.0,3.73]},"52s":{"weight":0.0,"played":[0.0316,0.9684],"evs":[0.0,3.01345]},"53s":{"weight":0.0,"played":[4.0E-4,0.9996],"evs":[0.0,4.20766]},"54s":{"weight":0.0,"played":[0.0436,0.9564],"evs":[0.0,3.18906]},"55":{"weight":0.008,"played":[0.0,1.0],"evs":[0.0,10.82481]},"65o":{"weight":0.0,"played":[4.0E-4,0.9996],"evs":[0.0,3.58124]},"75o":{"weight":0.0,"played":[5.0E-4,0.9995],"evs":[0.0,2.83038]},"85o":{"weight":0.0,"played":[0.0038,0.9962],"evs":[0.0,2.39708]},"95o":{"weight":0.0,"played":[0.5082,0.4918],"evs":[0.0,-0.81615]},"T5o":{"weight":0.0,"played":[0.2426,0.7574],"evs":[0.0,-0.377]},"J5o":{"weight":0.0,"played":[0.002,0.998],"evs":[0.0,0.7325]},"Q5o":{"weight":0.0,"played":[0.0086,0.9914],"evs":[0.0,2.07696]},"K5o":{"weight":0.0,"played":[0.1886,0.8114],"evs":[0.0,1.06009]},"A5o":{"weight":0.3121,"played":[4.0E-4,0.9996],"evs":[0.0,3.69745]},"62s":{"weight":0.0,"played":[0.0158,0.9842],"evs":[0.0,1.28201]},"63s":{"weight":0.0,"played":[0.0129,0.9871],"evs":[0.0,6.48078]},"64s":{"weight":0.0,"played":[0.0651,0.9349],"evs":[0.0,3.17691]},"65s":{"weight":0.0,"played":[0.0032,0.9968],"evs":[0.0,6.33943]},"66":{"weight":0.2153,"played":[0.0,1.0],"evs":[0.0,11.66929]},"76o":{"weight":0.0,"played":[0.0,1.0],"evs":[0.0,3.70943]},"86o":{"weight":0.0,"played":[0.0024,0.9976],"evs":[0.0,2.95215]},"96o":{"weight":0.0,"played":[1.0E-4,0.9999],"evs":[0.0,2.31744]},"T6o":{"weight":0.0,"played":[0.7778,0.2222],"evs":[0.0,0.2177]},"J6o":{"weight":0.0,"played":[0.6348,0.3652],"evs":[0.0,-0.28893]},"Q6o":{"weight":0.0,"played":[0.0028,0.9972],"evs":[0.0,2.26207]},"K6o":{"weight":0.0,"played":[0.0212,0.9788],"evs":[0.0,1.1178]},"A6o":{"weight":0.0341,"played":[7.0E-4,0.9993],"evs":[0.0,3.73106]},"72s":{"weight":0.0,"played":[0.014,0.986],"evs":[0.0,3.77884]},"73s":{"weight":0.0,"played":[0.3539,0.6461],"evs":[0.0,1.53219]},"74s":{"weight":0.0,"played":[0.0786,0.9214],"evs":[0.0,3.12012]},"75s":{"weight":0.0,"played":[0.0029,0.9971],"evs":[0.0,5.90805]},"76s":{"weight":0.5528,"played":[2.0E-4,0.9998],"evs":[0.0,7.06071]},"77":{"weight":0.2287,"played":[0.0,1.0],"evs":[0.0,12.68591]},"87o":{"weight":0.0,"played":[0.0036,0.9964],"evs":[0.0,4.28603]},"97o":{"weight":0.0,"played":[8.0E-4,0.9992],"evs":[0.0,3.64889]},"T7o":{"weight":0.0,"played":[0.0131,0.9869],"evs":[0.0,1.21066]},"J7o":{"weight":0.0,"played":[0.0021,0.9979],"evs":[0.0,1.81111]},"Q7o":{"weight":0.0,"played":[0.0058,0.9942],"evs":[0.0,1.1953]},"K7o":{"weight":0.0,"played":[0.0132,0.9868],"evs":[0.0,1.24509]},"A7o":{"weight":0.1991,"played":[0.0,1.0],"evs":[0.0,3.56398]},"82s":{"weight":0.0,"played":[3.0E-4,0.9997],"evs":[0.0,0.97541]},"83s":{"weight":0.0,"played":[0.3942,0.6058],"evs":[0.0,1.84972]},"84s":{"weight":0.0,"played":[0.0171,0.9829],"evs":[0.0,5.13792]},"85s":{"weight":0.0,"played":[9.0E-4,0.9991],"evs":[0.0,4.37716]},"86s":{"weight":0.0012,"played":[1.0E-4,0.9999],"evs":[0.0,5.37492]},"87s":{"weight":0.418,"played":[4.0E-4,0.9996],"evs":[0.0,6.73486]},"88":{"weight":0.3871,"played":[0.0,1.0],"evs":[0.0,12.70274]},"98o":{"weight":0.0,"played":[4.0E-4,0.9996],"evs":[0.0,2.63983]},"T8o":{"weight":0.0,"played":[9.0E-4,0.9991],"evs":[0.0,2.75629]},"J8o":{"weight":0.0,"played":[0.0031,0.9969],"evs":[0.0,2.50537]},"Q8o":{"weight":0.0,"played":[0.001,0.999],"evs":[0.0,2.39342]},"K8o":{"weight":0.0,"played":[2.0E-4,0.9998],"evs":[0.0,2.45338]},"A8o":{"weight":0.5003,"played":[0.0,1.0],"evs":[0.0,4.47642]},"92s":{"weight":0.0,"played":[0.0251,0.9749],"evs":[0.0,0.66091]},"93s":{"weight":0.0,"played":[0.0452,0.9548],"evs":[0.0,3.34939]},"94s":{"weight":0.0,"played":[0.0053,0.9947],"evs":[0.0,2.15208]},"95s":{"weight":0.0,"played":[0.001,0.999],"evs":[0.0,1.74968]},"96s":{"weight":0.0,"played":[2.0E-4,0.9998],"evs":[0.0,3.76113]},"97s":{"weight":0.2197,"played":[1.0E-4,0.9999],"evs":[0.0,5.06232]},"98s":{"weight":0.7127,"played":[1.0E-4,0.9999],"evs":[0.0,7.02849]},"99":{"weight":0.4956,"played":[0.0,1.0],"evs":[0.0,13.38589]},"T9o":{"weight":0.0,"played":[0.0031,0.9969],"evs":[0.0,2.45637]},"J9o":{"weight":0.0,"played":[0.0,1.0],"evs":[0.0,1.88024]},"Q9o":{"weight":0.0,"played":[0.0,1.0],"evs":[0.0,3.7657]},"K9o":{"weight":0.0,"played":[3.0E-4,0.9997],"evs":[0.0,2.11487]},"A9o":{"weight":0.3462,"played":[0.0,1.0],"evs":[0.0,5.83749]},"T2s":{"weight":0.0,"played":[0.0165,0.9835],"evs":[0.0,2.86764]},"T3s":{"weight":0.0,"played":[0.1077,0.8923],"evs":[0.0,2.02959]},"T4s":{"weight":0.0,"played":[0.119,0.881],"evs":[0.0,1.62584]},"T5s":{"weight":0.0,"played":[0.0748,0.9252],"evs":[0.0,2.70568]},"T6s":{"weight":0.0,"played":[0.0034,0.9966],"evs":[0.0,1.70953]},"T7s":{"weight":0.4423,"played":[8.0E-4,0.9992],"evs":[0.0,5.369]},"T8s":{"weight":0.5737,"played":[3.0E-4,0.9997],"evs":[0.0,5.09964]},"T9s":{"weight":0.2947,"played":[0.0,1.0],"evs":[0.0,5.02797]},"TT":{"weight":0.5097,"played":[1.0E-4,0.9999],"evs":[0.0,15.00182]},"JTo":{"weight":1.0E-4,"played":[0.0018,0.9982],"evs":[0.0,1.75334]},"QTo":{"weight":0.0317,"played":[0.006,0.994],"evs":[0.0,2.37697]},"KTo":{"weight":0.0104,"played":[1.0E-4,0.9999],"evs":[0.0,2.71586]},"ATo":{"weight":0.3241,"played":[0.0,1.0],"evs":[0.0,9.00187]},"J2s":{"weight":0.0,"played":[0.4111,0.5889],"evs":[0.0,-1.11084]},"J3s":{"weight":0.0,"played":[0.0982,0.9018],"evs":[0.0,0.42123]},"J4s":{"weight":0.0,"played":[0.0079,0.9921],"evs":[0.0,1.7984]},"J5s":{"weight":0.0,"played":[0.0109,0.9891],"evs":[0.0,5.72727]},"J6s":{"weight":0.0,"played":[0.0402,0.9598],"evs":[0.0,4.33496]},"J7s":{"weight":0.0243,"played":[8.0E-4,0.9992],"evs":[0.0,3.42632]},"J8s":{"weight":0.0,"played":[0.0017,0.9983],"evs":[0.0,5.77873]},"J9s":{"weight":0.0654,"played":[0.0021,0.9979],"evs":[0.0,4.40285]},"JTs":{"weight":0.3094,"played":[0.0,1.0],"evs":[0.0,5.37463]},"JJ":{"weight":0.4531,"played":[0.0,1.0],"evs":[0.0,17.26369]},"QJo":{"weight":0.0065,"played":[0.0,1.0],"evs":[0.0,3.61432]},"KJo":{"weight":0.9076,"played":[0.0,1.0],"evs":[0.0,3.8771]},"AJo":{"weight":1.0E-4,"played":[0.0,1.0],"evs":[0.0,9.76773]},"Q2s":{"weight":0.0,"played":[0.006,0.994],"evs":[0.0,4.64885]},"Q3s":{"weight":0.0,"played":[6.0E-4,0.9994],"evs":[0.0,1.27288]},"Q4s":{"weight":0.0,"played":[0.003,0.997],"evs":[0.0,1.63565]},"Q5s":{"weight":0.0,"played":[3.0E-4,0.9997],"evs":[0.0,5.62302]},"Q6s":{"weight":0.0071,"played":[1.0E-4,0.9999],"evs":[0.0,2.02757]},"Q7s":{"weight":0.3909,"played":[0.002,0.998],"evs":[0.0,4.74313]},"Q8s":{"weight":0.5222,"played":[2.0E-4,0.9998],"evs":[0.0,6.31283]},"Q9s":{"weight":0.0325,"played":[2.0E-4,0.9998],"evs":[0.0,5.60113]},"QTs":{"weight":0.0499,"played":[0.001,0.999],"evs":[0.0,5.65528]},"QJs":{"weight":0.3174,"played":[7.0E-4,0.9993],"evs":[0.0,5.97561]},"QQ":{"weight":0.1364,"played":[0.0,1.0],"evs":[0.0,22.3662]},"KQo":{"weight":0.1828,"played":[0.0,1.0],"evs":[0.0,5.83932]},"AQo":{"weight":0.1165,"played":[0.0,1.0],"evs":[0.0,12.19017]},"K2s":{"weight":0.0,"played":[0.0027,0.9973],"evs":[0.0,0.93112]},"K3s":{"weight":0.0,"played":[7.0E-4,0.9993],"evs":[0.0,3.33277]},"K4s":{"weight":0.0029,"played":[0.0,1.0],"evs":[0.0,1.68439]},"K5s":{"weight":0.0072,"played":[4.0E-4,0.9996],"evs":[0.0,3.69962]},"K6s":{"weight":0.0049,"played":[0.0037,0.9963],"evs":[0.0,3.14211]},"K7s":{"weight":0.0105,"played":[9.0E-4,0.9991],"evs":[0.0,4.43327]},"K8s":{"weight":0.001,"played":[0.0469,0.9531],"evs":[0.0,3.16462]},"K9s":{"weight":0.0119,"played":[0.001,0.999],"evs":[0.0,4.50456]},"KTs":{"weight":0.0062,"played":[1.0E-4,0.9999],"evs":[0.0,5.59637]},"KJs":{"weight":0.0655,"played":[0.0,1.0],"evs":[0.0,6.56966]},"KQs":{"weight":0.2706,"played":[0.0,1.0],"evs":[0.0,8.14432]},"KK":{"weight":0.3387,"played":[0.0,1.0],"evs":[0.0,26.63623]},"AKo":{"weight":0.4113,"played":[0.0,1.0],"evs":[0.0,14.16762]},"A2s":{"weight":0.0601,"played":[0.0,1.0],"evs":[0.0,3.66983]},"A3s":{"weight":0.2523,"played":[5.0E-4,0.9995],"evs":[0.0,4.99672]},"A4s":{"weight":0.0071,"played":[5.0E-4,0.9995],"evs":[0.0,5.14647]},"A5s":{"weight":0.013,"played":[5.0E-4,0.9995],"evs":[0.0,6.75883]},"A6s":{"weight":0.0625,"played":[2.0E-4,0.9998],"evs":[0.0,6.59152]},"A7s":{"weight":0.0101,"played":[0.0,1.0],"evs":[0.0,5.80892]},"A8s":{"weight":0.2398,"played":[0.0,1.0],"evs":[0.0,5.89153]},"A9s":{"weight":0.729,"played":[0.0,1.0],"evs":[0.0,7.33741]},"ATs":{"weight":0.9039,"played":[0.0,1.0],"evs":[0.0,11.82316]},"AJs":{"weight":0.1796,"played":[0.0,1.0],"evs":[0.0,13.59419]},"AQs":{"weight":0.877,"played":[0.0,1.0],"evs":[0.0,14.89877]},"AKs":{"weight":0.0061,"played":[1.0E-4,0.9999],"evs":[0.0,16.32094]},"AA":{"weight":0.2744,"played":[0.0,1.0],"evs":[0.0,35.08656]}}}