{"player":4,"street":0,"children":2,"sequence":[{"player":0,"type":"F","amount":0,"street":0},{"player":1,"type":"F","amount":0,"street":0},{"player":2,"type":"R","amount":1215000,"street":0},{"player":3,"type":"F","amount":0,"street":0}],"actions":[{"type":"F","amount":0,"node":13},{"type":"C","amount":665000,"node":14}],"hands":{"22":{"weight":1.0,"played":[0.0,1.0],"evs":[0.0,0.11115]},"32o":{"weight":1.0,"played":[1.0,0.0],"evs":[0.0,-2.31051]},"42o":{"weight":1.0,"played":[1.0,0.0],"evs":[0.0,-2.1982]},"52o":{"weight":1.0,"played":[1.0,0.0],"evs":[0.0,-2.08818]},"62o":{"weight":1.0,"played":[1.0,0.0],"evs":[0.0,-2.30166]},"72o":{"weight":1.0,"played":[1.0,0.0],"evs":[0.0,-2.42449]},"82o":{"weight":1.0,"played":[1.0,0.0],"evs":[0.0,-2.27667]},"92o":{"weight":1.0,"played":[1.0,0.0],"evs":[0.0,-2.22669]},"T2o":{"weight":1.0,"played":[1.0,0.0],"evs":[0.0,-1.97527]},"J2o":{"weight":1.0,"played":[1.0,0.0],"evs":[0.0,-1.76231]},"Q2o":{"weight":1.0,"played":[1.0,0.0],"evs":[0.0,-1.45985]},"K2o":{"weight":1.0,"played":[1.0,0.0],"evs":[0.0,-0.99404]},"A2o":{"weight":1.0,"played":[0.0,1.0],"evs":[0.0,0.23661]},"32s":{"weight":1.0,"played":[1.0,0.0],"evs":[0.0,-1.59115]},"33":{"weight":1.0,"played":[0.0,1.0],"evs":[0.0,0.43599]},"43o":{"weight":1.0,"played":[1.0,0.0],"evs":[0.0,-1.90928]},"53o":{"weight":1.0,"played":[1.0,0.0],"evs":[0.0,-1.78845]},"63o":{"weight":1.0,"played":[1.0,0.0],"evs":[0.0,-1.98965]},"73o":{"weight":1.0,"played":[1.0,0.0],"evs":[0.0,-2.12222]},"83o":{"weight":1.0,"played":[1.0,0.0],"evs":[0.0,-2.21704]},"93o":{"weight":1.0,"played":[1.0,0.0],"evs":[0.0,-2.1096]},"T3o":{"weight":1.0,"played":[1.0,0.0],"evs":[0.0,-1.86509]},"J3o":{"weight":1.0,"played":[1.0,0.0],"evs":[0.0,-1.66089]},"Q3o":{"weight":1.0,"played":[1.0,0.0],"evs":[0.0,-1.36626]},"K3o":{"weight":1.0,"played":[1.0,0.0],"evs":[0.0,-0.88766]},"A3o":{"weight":1.0,"played":[0.0,1.0],"evs":[0.0,0.34545]},"42s":{"weight":1.0,"played":[1.0,0.0],"evs":[0.0,-1.47257]},"43s":{"weight":1.0,"played":[1.0,0.0],"evs":[0.0,-1.22397]},"44":{"weight":1.0,"played":[0.0,1.0],"evs":[0.0,0.74131]},"54o":{"weight":1.0,"played":[1.0,0.0],"evs":[0.0,-1.50386]},"64o":{"weight":1.0,"played":[1.0,0.0],"evs":[0.0,-1.69695]},"74o":{"weight":1.0,"played":[1.0,0.0],"evs":[0.0,-1.82456]},"84o":{"weight":1.0,"played":[1.0,0.0],"evs":[0.0,-1.91784]},"94o":{"weight":1.0,"played":[1.0,0.0],"evs":[0.0,-2.05314]},"T4o":{"weight":1.0,"played":[1.0,0.0],"evs":[0.0,-1.76969]},"J4o":{"weight":1.0,"played":[1.0,0.0],"evs":[0.0,-1.56114]},"Q4o":{"weight":1.0,"played":[1.0,0.0],"evs":[0.0,-1.24849]},"K4o":{"weight":1.0,"played":[1.0,0.0],"evs":[0.0,-0.78169]},"A4o":{"weight":1.0,"played":[0.0,1.0],"evs":[0.0,0.46358]},"52s":{"weight":1.0,"played":[1.0,0.0],"evs":[0.0,-1.387]},"53s":{"weight":1.0,"played":[1.0,0.0],"evs":[0.0,-1.11006]},"54s":{"weight":1.0,"played":[1.0,0.0],"evs":[0.0,-0.85128]},"55":{"weight":1.0,"played":[0.0,1.0],"evs":[0.0,1.10671]},"65o":{"weight":1.0,"played":[1.0,0.0],"evs":[0.0,-1.41267]},"75o":{"weight":1.0,"played":[1.0,0.0],"evs":[0.0,-1.52254]},"85o":{"weight":1.0,"played":[1.0,0.0],"evs":[0.0,-1.60264]},"95o":{"weight":1.0,"played":[1.0,0.0],"evs":[0.0,-1.75225]},"T5o":{"weight":1.0,"played":[1.0,0.0],"evs":[0.0,-1.70534]},"J5o":{"weight":1.0,"played":[1.0,0.0],"evs":[0.0,-1.43016]},"Q5o":{"weight":1.0,"played":[1.0,0.0],"evs":[0.0,-1.12701]},"K5o":{"weight":1.0,"played":[1.0,0.0],"evs":[0.0,-0.64386]},"A5o":{"weight":1.0,"played":[0.0,1.0],"evs":[0.0,0.64964]},"62s":{"weight":1.0,"played":[1.0,0.0],"evs":[0.0,-1.57719]},"63s":{"weight":1.0,"played":[1.0,0.0],"evs":[0.0,-1.29396]},"64s":{"weight":1.0,"played":[1.0,0.0],"evs":[0.0,-1.02507]},"65s":{"weight":1.0,"played":[1.0,0.0],"evs":[0.0,-0.75645]},"66":{"weight":1.0,"played":[0.0,1.0],"evs":[0.0,1.4684]},"76o":{"weight":1.0,"played":[1.0,0.0],"evs":[0.0,-1.2667]},"86o":{"weight":1.0,"played":[1.0,0.0],"evs":[0.0,-1.32889]},"96o":{"weight":1.0,"played":[1.0,0.0],"evs":[0.0,-1.46201]},"T6o":{"weight":1.0,"played":[1.0,0.0],"evs":[0.0,-1.4064]},"J6o":{"weight":1.0,"played":[1.0,0.0],"evs":[0.0,-1.38057]},"Q6o":{"weight":1.0,"played":[1.0,0.0],"evs":[0.0,-1.00373]},"K6o":{"weight":1.0,"played":[1.0,0.0],"evs":[0.0,-0.51324]},"A6o":{"weight":1.0,"played":[0.0,1.0],"evs":[0.0,0.67233]},"72s":{"weight":1.0,"played":[1.0,0.0],"evs":[0.0,-1.68961]},"73s":{"weight":1.0,"played":[1.0,0.0],"evs":[0.0,-1.42173]},"74s":{"weight":1.0,"played":[1.0,0.0],"evs":[0.0,-1.13168]},"75s":{"weight":1.0,"played":[1.0,0.0],"evs":[0.0,-0.84848]},"76s":{"weight":1.0,"played":[1.0,0.0],"evs":[0.0,-0.60595]},"77":{"weight":1.0,"played":[0.0,1.0],"evs":[0.0,1.8975]},"87o":{"weight":1.0,"played":[1.0,0.0],"evs":[0.0,-1.08233]},"97o":{"weight":1.0,"played":[1.0,0.0],"evs":[0.0,-1.19701]},"T7o":{"weight":1.0,"played":[1.0,0.0],"evs":[0.0,-1.14038]},"J7o":{"weight":1.0,"played":[1.0,0.0],"evs":[0.0,-1.10171]},"Q7o":{"weight":1.0,"played":[1.0,0.0],"evs":[0.0,-0.96217]},"K7o":{"weight":1.0,"played":[1.0,0.0],"evs":[0.0,-0.36145]},"A7o":{"weight":1.0,"played":[0.0,1.0],"evs":[0.0,0.99117]},"82s":{"weight":1.0,"played":[1.0,0.0],"evs":[0.0,-1.52979]},"83s":{"weight":1.0,"played":[1.0,0.0],"evs":[0.0,-1.50105]},"84s":{"weight":1.0,"played":[1.0,0.0],"evs":[0.0,-1.22]},"85s":{"weight":1.0,"played":[1.0,0.0],"evs":[0.0,-0.92974]},"86s":{"weight":1.0,"played":[1.0,0.0],"evs":[0.0,-0.65442]},"87s":{"weight":1.0,"played":[1.0,0.0],"evs":[0.0,-0.43805]},"88":{"weight":1.0,"played":[0.0,1.0],"evs":[0.0,2.39542]},"98o":{"weight":1.0,"played":[1.0,0.0],"evs":[0.0,-0.90462]},"T8o":{"weight":1.0,"played":[1.0,0.0],"evs":[0.0,-0.82539]},"J8o":{"weight":1.0,"played":[1.0,0.0],"evs":[0.0,-0.79437]},"Q8o":{"weight":1.0,"played":[1.0,0.0],"evs":[0.0,-0.63705]},"K8o":{"weight":1.0,"played":[1.0,0.0],"evs":[0.0,-0.18543]},"A8o":{"weight":1.0,"played":[0.0,1.0],"evs":[0.0,1.30318]},"92s":{"weight":1.0,"played":[1.0,0.0],"evs":[0.0,-1.50807]},"93s":{"weight":1.0,"played":[1.0,0.0],"evs":[0.0,-1.40094]},"94s":{"weight":1.0,"played":[1.0,0.0],"evs":[0.0,-1.33901]},"95s":{"weight":1.0,"played":[1.0,0.0],"evs":[0.0,-1.06565]},"96s":{"weight":1.0,"played":[1.0,0.0],"evs":[0.0,-0.80268]},"97s":{"weight":1.0,"played":[1.0,0.0],"evs":[0.0,-0.55013]},"98s":{"weight":1.0,"played":[1.0,0.0],"evs":[0.0,-0.27681]},"99":{"weight":1.0,"played":[0.0,1.0],"evs":[0.0,3.02021]},"T9o":{"weight":1.0,"played":[1.0,0.0],"evs":[0.0,-0.53994]},"J9o":{"weight":1.0,"played":[1.0,0.0],"evs":[0.0,-0.45127]},"Q9o":{"weight":1.0,"played":[1.0,0.0],"evs":[0.0,-0.22493]},"K9o":{"weight":1.0,"played":[0.0,1.0],"evs":[0.0,0.31579]},"A9o":{"weight":1.0,"played":[0.0,1.0],"evs":[0.0,1.74743]},"T2s":{"weight":1.0,"played":[1.0,0.0],"evs":[0.0,-1.26322]},"T3s":{"weight":1.0,"played":[1.0,0.0],"evs":[0.0,-1.15532]},"T4s":{"weight":1.0,"played":[1.0,0.0],"evs":[0.0,-1.08134]},"T5s":{"weight":1.0,"played":[1.0,0.0],"evs":[0.0,-1.00107]},"T6s":{"weight":1.0,"played":[1.0,0.0],"evs":[0.0,-0.74507]},"T7s":{"weight":1.0,"played":[1.0,0.0],"evs":[0.0,-0.48087]},"T8s":{"weight":1.0,"played":[1.0,0.0],"evs":[0.0,-0.20037]},"T9s":{"weight":1.0,"played":[0.0,1.0],"evs":[0.0,0.07469]},"TT":{"weight":1.0,"played":[0.0,1.0],"evs":[0.0,3.85321]},"JTo":{"weight":1.0,"played":[0.0,1.0],"evs":[0.0,0.14428]},"QTo":{"weight":1.0,"played":[0.0,1.0],"evs":[0.0,0.3812]},"KTo":{"weight":1.0,"played":[0.0,1.0],"evs":[0.0,0.95488]},"ATo":{"weight":1.0,"played":[0.0,1.0],"evs":[0.0,2.43569]},"J2s":{"weight":1.0,"played":[1.0,0.0],"evs":[0.0,-1.04106]},"J3s":{"weight":1.0,"played":[1.0,0.0],"evs":[0.0,-0.94428]},"J4s":{"weight":1.0,"played":[1.0,0.0],"evs":[0.0,-0.86307]},"J5s":{"weight":1.0,"played":[1.0,0.0],"evs":[0.0,-0.75738]},"J6s":{"weight":1.0,"played":[1.0,0.0],"evs":[0.0,-0.68877]},"J7s":{"weight":1.0,"played":[1.0,0.0],"evs":[0.0,-0.45544]},"J8s":{"weight":1.0,"played":[0.9999,1.0E-4],"evs":[0.0,-0.14626]},"J9s":{"weight":1.0,"played":[0.0,1.0],"evs":[0.0,0.16055]},"JTs":{"weight":1.0,"played":[0.0,1.0],"evs":[0.0,0.70469]},"JJ":{"weight":1.0,"played":[0.0,1.0],"evs":[0.0,4.53494]},"QJo":{"weight":1.0,"played":[0.0,1.0],"evs":[0.0,0.65578]},"KJo":{"weight":1.0,"played":[0.0,1.0],"evs":[0.0,1.24476]},"AJo":{"weight":1.0,"played":[0.0,1.0],"evs":[0.0,2.81084]},"Q2s":{"weight":1.0,"played":[1.0,0.0],"evs":[0.0,-0.75549]},"Q3s":{"weight":1.0,"played":[1.0,0.0],"evs":[0.0,-0.66773]},"Q4s":{"weight":1.0,"played":[1.0,0.0],"evs":[0.0,-0.54338]},"Q5s":{"weight":1.0,"played":[1.0,0.0],"evs":[0.0,-0.43384]},"Q6s":{"weight":1.0,"played":[1.0,0.0],"evs":[0.0,-0.33275]},"Q7s":{"weight":1.0,"played":[1.0,0.0],"evs":[0.0,-0.28448]},"Q8s":{"weight":1.0,"played":[0.0816,0.9184],"evs":[0.0,0.00615]},"Q9s":{"weight":1.0,"played":[0.0,1.0],"evs":[0.0,0.37983]},"QTs":{"weight":1.0,"played":[0.0,1.0],"evs":[0.0,0.95276]},"QJs":{"weight":1.0,"played":[0.0,1.0],"evs":[0.0,1.18548]},"QQ":{"weight":1.0,"played":[0.0,1.0],"evs":[0.0,5.28039]},"KQo":{"weight":1.0,"played":[0.0,1.0],"evs":[0.0,1.57312]},"AQo":{"weight":1.0,"played":[0.0,1.0],"evs":[0.0,3.23246]},"K2s":{"weight":1.0,"played":[1.0,0.0],"evs":[0.0,-0.29268]},"K3s":{"weight":1.0,"played":[1.0,0.0],"evs":[0.0,-0.19986]},"K4s":{"weight":1.0,"played":[1.0,0.0],"evs":[0.0,-0.10321]},"K5s":{"weight":1.0,"played":[0.0131,0.9869],"evs":[0.0,0.01595]},"K6s":{"weight":1.0,"played":[1.0E-4,0.9999],"evs":[0.0,0.15521]},"K7s":{"weight":1.0,"played":[0.0,1.0],"evs":[0.0,0.27799]},"K8s":{"weight":1.0,"played":[0.0,1.0],"evs":[0.0,0.43897]},"K9s":{"weight":1.0,"played":[0.0,1.0],"evs":[0.0,0.92534]},"KTs":{"weight":1.0,"played":[0.0,1.0],"evs":[0.0,1.49473]},"KJs":{"weight":1.0,"played":[0.0,1.0],"evs":[0.0,1.77971]},"KQs":{"weight":1.0,"played":[0.0,1.0],"evs":[0.0,2.08288]},"KK":{"weight":1.0,"played":[0.0,1.0],"evs":[0.0,6.21736]},"AKo":{"weight":1.0,"played":[0.0,1.0],"evs":[0.0,3.75527]},"A2s":{"weight":1.0,"played":[0.0,1.0],"evs":[0.0,0.86312]},"A3s":{"weight":1.0,"played":[0.0,1.0],"evs":[0.0,0.97561]},"A4s":{"weight":1.0,"played":[0.0,1.0],"evs":[0.0,1.09229]},"A5s":{"weight":1.0,"played":[0.0,1.0],"evs":[0.0,1.24302]},"A6s":{"weight":1.0,"played":[0.0,1.0],"evs":[0.0,1.26848]},"A7s":{"weight":1.0,"played":[0.0,1.0],"evs":[0.0,1.57403]},"A8s":{"weight":1.0,"played":[0.0,1.0],"evs":[0.0,1.86005]},"A9s":{"weight":1.0,"played":[0.0,1.0],"evs":[0.0,2.27952]},"ATs":{"weight":1.0,"played":[0.0,1.0],"evs":[0.0,2.91334]},"AJs":{"weight":1.0,"played":[0.0,1.0],"evs":[0.0,3.25389]},"AQs":{"weight":1.0,"played":[0.0,1.0],"evs":[0.0,3.64512]},"AKs":{"weight":1.0,"played":[0.0,1.0],"evs":[0.0,4.14656]},"AA":{"weight":1.0,"played":[0.0,1.0],"evs":[0.0,7.90776]}}}