{"player":2,"street":0,"children":2,"sequence":[{"player":0,"type":"F","amount":0,"street":0},{"player":1,"type":"R","amount":200000,"street":0},{"player":2,"type":"C","amount":200000,"street":0},{"player":3,"type":"C","amount":200000,"street":0},{"player":4,"type":"R","amount":715000,"street":0},{"player":5,"type":"F","amount":0,"street":0},{"player":1,"type":"F","amount":0,"street":0},{"player":2,"type":"C","amount":515000,"street":0},{"player":3,"type":"R","amount":1215000,"street":0}],"actions":[{"type":"F","amount":0},{"type":"C","amount":500000}],"hands":{"22":{"weight":0.0,"played":[0.0,1.0],"evs":[0.0,7.95838]},"32o":{"weight":0.0,"played":[2.0E-4,0.9998],"evs":[0.0,4.04727]},"42o":{"weight":0.0,"played":[0.0,1.0],"evs":[0.0,4.27738]},"52o":{"weight":0.0,"played":[2.0E-4,0.9998],"evs":[0.0,4.3512]},"62o":{"weight":0.0,"played":[0.0,1.0],"evs":[0.0,4.44671]},"72o":{"weight":0.0,"played":[0.0,1.0],"evs":[0.0,3.70012]},"82o":{"weight":0.0,"played":[1.0E-4,0.9999],"evs":[0.0,4.30325]},"92o":{"weight":0.0,"played":[4.0E-4,0.9996],"evs":[0.0,3.97915]},"T2o":{"weight":0.0,"played":[2.0E-4,0.9998],"evs":[0.0,3.95196]},"J2o":{"weight":0.0,"played":[0.0,1.0],"evs":[0.0,3.74641]},"Q2o":{"weight":0.0,"played":[1.0E-4,0.9999],"evs":[0.0,4.5816]},"K2o":{"weight":0.0,"played":[0.0,1.0],"evs":[0.0,4.94362]},"A2o":{"weight":0.0,"played":[0.0,1.0],"evs":[0.0,7.26237]},"32s":{"weight":0.0,"played":[2.0E-4,0.9998],"evs":[0.0,5.87857]},"33":{"weight":0.0615,"played":[0.0,1.0],"evs":[0.0,8.49741]},"43o":{"weight":0.0,"played":[0.001,0.999],"evs":[0.0,4.58291]},"53o":{"weight":0.0,"played":[0.0,1.0],"evs":[0.0,4.84185]},"63o":{"weight":0.0,"played":[0.0,1.0],"evs":[0.0,4.64197]},"73o":{"weight":0.0,"played":[0.0,1.0],"evs":[0.0,4.41518]},"83o":{"weight":0.0,"played":[1.0E-4,0.9999],"evs":[0.0,3.97057]},"93o":{"weight":0.0,"played":[4.0E-4,0.9996],"evs":[0.0,3.68457]},"T3o":{"weight":0.0,"played":[2.0E-4,0.9998],"evs":[0.0,4.05785]},"J3o":{"weight":0.0,"played":[0.0,1.0],"evs":[0.0,4.43917]},"Q3o":{"weight":0.0,"played":[0.0,1.0],"evs":[0.0,4.66292]},"K3o":{"weight":0.0,"played":[0.0,1.0],"evs":[0.0,4.27033]},"A3o":{"weight":0.0,"played":[0.0,1.0],"evs":[0.0,7.70435]},"42s":{"weight":0.0,"played":[0.0,1.0],"evs":[0.0,5.49777]},"43s":{"weight":0.0,"played":[0.0,1.0],"evs":[0.0,5.84791]},"44":{"weight":0.0381,"played":[0.0,1.0],"evs":[0.0,9.35966]},"54o":{"weight":0.0,"played":[0.0,1.0],"evs":[0.0,5.96057]},"64o":{"weight":0.0,"played":[0.0,1.0],"evs":[0.0,5.00891]},"74o":{"weight":0.0,"played":[1.0E-4,0.9999],"evs":[0.0,5.00057]},"84o":{"weight":0.0,"played":[2.0E-4,0.9998],"evs":[0.0,4.42092]},"94o":{"weight":0.0,"played":[0.0,1.0],"evs":[0.0,3.85527]},"T4o":{"weight":0.0,"played":[0.0,1.0],"evs":[0.0,4.10861]},"J4o":{"weight":0.0,"played":[1.0E-4,0.9999],"evs":[0.0,4.3287]},"Q4o":{"weight":0.0,"played":[0.0,1.0],"evs":[0.0,4.38321]},"K4o":{"weight":0.0,"played":[0.0,1.0],"evs":[0.0,4.46864]},"A4o":{"weight":0.0,"played":[0.0,1.0],"evs":[0.0,8.37984]},"52s":{"weight":0.0,"played":[1.0E-4,0.9999],"evs":[0.0,6.07984]},"53s":{"weight":0.0,"played":[1.0E-4,0.9999],"evs":[0.0,7.04767]},"54s":{"weight":0.0,"played":[0.0,1.0],"evs":[0.0,6.71979]},"55":{"weight":0.0,"played":[0.0,1.0],"evs":[0.0,10.70866]},"65o":{"weight":0.0,"played":[0.0,1.0],"evs":[0.0,6.65604]},"75o":{"weight":0.0,"played":[0.0,1.0],"evs":[0.0,6.04338]},"85o":{"weight":0.0,"played":[0.0,1.0],"evs":[0.0,5.89834]},"95o":{"weight":0.0,"played":[0.0,1.0],"evs":[0.0,5.22166]},"T5o":{"weight":0.0,"played":[0.0,1.0],"evs":[0.0,4.68853]},"J5o":{"weight":0.0,"played":[1.0E-4,0.9999],"evs":[0.0,4.12003]},"Q5o":{"weight":0.0,"played":[0.0,1.0],"evs":[0.0,5.40937]},"K5o":{"weight":0.0,"played":[0.0,1.0],"evs":[0.0,5.08553]},"A5o":{"weight":0.0,"played":[0.0,1.0],"evs":[0.0,9.07468]},"62s":{"weight":0.0,"played":[0.0,1.0],"evs":[0.0,5.93003]},"63s":{"weight":0.0,"played":[0.0,1.0],"evs":[0.0,6.07839]},"64s":{"weight":0.0,"played":[0.0,1.0],"evs":[0.0,6.9371]},"65s":{"weight":0.0,"played":[0.0,1.0],"evs":[0.0,7.51549]},"66":{"weight":0.0056,"played":[0.0,1.0],"evs":[0.0,12.05397]},"76o":{"weight":0.0,"played":[0.0,1.0],"evs":[0.0,7.18318]},"86o":{"weight":0.0,"played":[0.0,1.0],"evs":[0.0,7.07739]},"96o":{"weight":0.0,"played":[0.0,1.0],"evs":[0.0,6.38295]},"T6o":{"weight":0.0,"played":[0.0,1.0],"evs":[0.0,5.19864]},"J6o":{"weight":0.0,"played":[1.0E-4,0.9999],"evs":[0.0,4.51617]},"Q6o":{"weight":0.0,"played":[0.0,1.0],"evs":[0.0,5.59686]},"K6o":{"weight":0.0,"played":[0.0,1.0],"evs":[0.0,5.20844]},"A6o":{"weight":0.0,"played":[0.0,1.0],"evs":[0.0,8.72093]},"72s":{"weight":0.0,"played":[1.0E-4,0.9999],"evs":[0.0,5.26644]},"73s":{"weight":0.0,"played":[0.0,1.0],"evs":[0.0,5.37285]},"74s":{"weight":0.0,"played":[0.0,1.0],"evs":[0.0,6.39363]},"75s":{"weight":0.0,"played":[0.0,1.0],"evs":[0.0,7.43884]},"76s":{"weight":2.0E-4,"played":[1.0E-4,0.9999],"evs":[0.0,7.87967]},"77":{"weight":0.0021,"played":[0.0,1.0],"evs":[0.0,12.2023]},"87o":{"weight":0.0,"played":[1.0E-4,0.9999],"evs":[0.0,6.99316]},"97o":{"weight":0.0,"played":[0.0,1.0],"evs":[0.0,6.91083]},"T7o":{"weight":0.0,"played":[0.0,1.0],"evs":[0.0,5.61516]},"J7o":{"weight":0.0,"played":[5.0E-4,0.9995],"evs":[0.0,4.51422]},"Q7o":{"weight":0.0,"played":[0.0,1.0],"evs":[0.0,4.82486]},"K7o":{"weight":0.0,"played":[0.0,1.0],"evs":[0.0,6.34126]},"A7o":{"weight":0.0,"played":[0.0,1.0],"evs":[0.0,8.88762]},"82s":{"weight":0.0,"played":[0.0,1.0],"evs":[0.0,5.59579]},"83s":{"weight":0.0,"played":[2.0E-4,0.9998],"evs":[0.0,4.6315]},"84s":{"weight":0.0,"played":[1.0E-4,0.9999],"evs":[0.0,5.96057]},"85s":{"weight":0.0,"played":[2.0E-4,0.9998],"evs":[0.0,7.22039]},"86s":{"weight":0.0,"played":[0.0,1.0],"evs":[0.0,8.69616]},"87s":{"weight":0.4661,"played":[0.0,1.0],"evs":[0.0,7.6338]},"88":{"weight":0.0,"played":[0.0,1.0],"evs":[0.0,12.22393]},"98o":{"weight":0.0,"played":[0.0,1.0],"evs":[0.0,6.94105]},"T8o":{"weight":0.0,"played":[0.0,1.0],"evs":[0.0,6.08993]},"J8o":{"weight":0.0,"played":[0.0,1.0],"evs":[0.0,5.62135]},"Q8o":{"weight":0.0,"played":[1.0E-4,0.9999],"evs":[0.0,6.21244]},"K8o":{"weight":0.0,"played":[5.0E-4,0.9995],"evs":[0.0,5.86587]},"A8o":{"weight":0.001,"played":[0.0,1.0],"evs":[0.0,9.0684]},"92s":{"weight":0.0,"played":[9.0E-4,0.9991],"evs":[0.0,4.8221]},"93s":{"weight":0.0,"played":[0.0,1.0],"evs":[0.0,5.69419]},"94s":{"weight":0.0,"played":[0.0,1.0],"evs":[0.0,5.27615]},"95s":{"weight":0.0,"played":[0.0,1.0],"evs":[0.0,6.12391]},"96s":{"weight":0.0,"played":[1.0E-4,0.9999],"evs":[0.0,7.51134]},"97s":{"weight":0.0,"played":[1.0E-4,0.9999],"evs":[0.0,7.67574]},"98s":{"weight":0.89,"played":[0.0,1.0],"evs":[0.0,7.98278]},"99":{"weight":0.0,"played":[0.0,1.0],"evs":[0.0,14.49094]},"T9o":{"weight":0.0,"played":[0.0,1.0],"evs":[0.0,6.88254]},"J9o":{"weight":0.0,"played":[0.0,1.0],"evs":[0.0,5.81232]},"Q9o":{"weight":0.0,"played":[0.0,1.0],"evs":[0.0,6.17552]},"K9o":{"weight":0.0,"played":[0.0,1.0],"evs":[0.0,6.3697]},"A9o":{"weight":0.0088,"played":[0.0,1.0],"evs":[0.0,10.22118]},"T2s":{"weight":0.0,"played":[1.0E-4,0.9999],"evs":[0.0,5.35032]},"T3s":{"weight":0.0,"played":[0.0,1.0],"evs":[0.0,6.09351]},"T4s":{"weight":0.0,"played":[0.0,1.0],"evs":[0.0,4.98559]},"T5s":{"weight":0.0,"played":[0.0,1.0],"evs":[0.0,5.87509]},"T6s":{"weight":0.0,"played":[0.0,1.0],"evs":[0.0,7.26584]},"T7s":{"weight":0.0,"played":[3.0E-4,0.9997],"evs":[0.0,7.08029]},"T8s":{"weight":0.1868,"played":[0.0,1.0],"evs":[0.0,8.46385]},"T9s":{"weight":0.374,"played":[0.0,1.0],"evs":[0.0,7.67105]},"TT":{"weight":0.0,"played":[0.0,1.0],"evs":[0.0,14.83907]},"JTo":{"weight":0.0,"played":[0.0,1.0],"evs":[0.0,6.31159]},"QTo":{"weight":0.0,"played":[0.0,1.0],"evs":[0.0,6.59916]},"KTo":{"weight":2.0E-4,"played":[0.0,1.0],"evs":[0.0,7.33477]},"ATo":{"weight":0.0013,"played":[0.0,1.0],"evs":[0.0,11.13491]},"J2s":{"weight":0.0,"played":[1.0E-4,0.9999],"evs":[0.0,5.34807]},"J3s":{"weight":0.0,"played":[4.0E-4,0.9996],"evs":[0.0,5.40369]},"J4s":{"weight":0.0,"played":[0.0,1.0],"evs":[0.0,4.44233]},"J5s":{"weight":0.0,"played":[0.0,1.0],"evs":[0.0,5.36629]},"J6s":{"weight":0.0,"played":[1.0E-4,0.9999],"evs":[0.0,7.04167]},"J7s":{"weight":0.0,"played":[7.0E-4,0.9993],"evs":[0.0,6.50716]},"J8s":{"weight":1.0E-4,"played":[2.0E-4,0.9998],"evs":[0.0,6.59876]},"J9s":{"weight":0.0034,"played":[0.0,1.0],"evs":[0.0,6.97269]},"JTs":{"weight":1.0E-4,"played":[1.0E-4,0.9999],"evs":[0.0,6.64891]},"JJ":{"weight":0.0014,"played":[0.0,1.0],"evs":[0.0,16.64963]},"QJo":{"weight":0.0031,"played":[0.0,1.0],"evs":[0.0,7.19051]},"KJo":{"weight":0.0029,"played":[0.0,1.0],"evs":[0.0,8.98585]},"AJo":{"weight":0.0835,"played":[0.0,1.0],"evs":[0.0,12.60898]},"Q2s":{"weight":0.0,"played":[0.0,1.0],"evs":[0.0,5.289]},"Q3s":{"weight":0.0,"played":[0.0,1.0],"evs":[0.0,5.95009]},"Q4s":{"weight":0.0,"played":[0.0,1.0],"evs":[0.0,6.2233]},"Q5s":{"weight":0.0,"played":[0.0,1.0],"evs":[0.0,6.22379]},"Q6s":{"weight":0.0,"played":[4.0E-4,0.9996],"evs":[0.0,7.16977]},"Q7s":{"weight":0.0,"played":[4.0E-4,0.9996],"evs":[0.0,6.75423]},"Q8s":{"weight":0.0187,"played":[1.0E-4,0.9999],"evs":[0.0,7.47444]},"Q9s":{"weight":0.0322,"played":[0.0,1.0],"evs":[0.0,8.07829]},"QTs":{"weight":0.0249,"played":[0.0,1.0],"evs":[0.0,8.78575]},"QJs":{"weight":0.0078,"played":[2.0E-4,0.9998],"evs":[0.0,8.02239]},"QQ":{"weight":0.0,"played":[0.0,1.0],"evs":[0.0,19.30417]},"KQo":{"weight":0.0018,"played":[0.0,1.0],"evs":[0.0,10.22304]},"AQo":{"weight":0.0,"played":[0.0,1.0],"evs":[0.0,13.02353]},"K2s":{"weight":0.0,"played":[0.0,1.0],"evs":[0.0,6.54513]},"K3s":{"weight":0.0,"played":[0.0,1.0],"evs":[0.0,6.02438]},"K4s":{"weight":0.0,"played":[3.0E-4,0.9997],"evs":[0.0,5.50782]},"K5s":{"weight":0.0,"played":[0.0,1.0],"evs":[0.0,6.20899]},"K6s":{"weight":0.0,"played":[0.0,1.0],"evs":[0.0,7.818]},"K7s":{"weight":0.0,"played":[0.0,1.0],"evs":[0.0,8.44154]},"K8s":{"weight":0.0155,"played":[0.0,1.0],"evs":[0.0,8.01497]},"K9s":{"weight":6.0E-4,"played":[0.0,1.0],"evs":[0.0,8.12047]},"KTs":{"weight":0.0049,"played":[0.0,1.0],"evs":[0.0,8.17482]},"KJs":{"weight":0.0254,"played":[0.0,1.0],"evs":[0.0,9.35809]},"KQs":{"weight":0.0,"played":[0.0,1.0],"evs":[0.0,12.10234]},"KK":{"weight":5.0E-4,"played":[0.0,1.0],"evs":[0.0,21.56492]},"AKo":{"weight":0.0,"played":[0.0,1.0],"evs":[0.0,14.17979]},"A2s":{"weight":1.0E-4,"played":[0.0,1.0],"evs":[0.0,9.23129]},"A3s":{"weight":0.0132,"played":[0.0,1.0],"evs":[0.0,9.17368]},"A4s":{"weight":0.0202,"played":[0.0,1.0],"evs":[0.0,9.91865]},"A5s":{"weight":0.0031,"played":[0.0,1.0],"evs":[0.0,9.96449]},"A6s":{"weight":0.341,"played":[0.0,1.0],"evs":[0.0,9.70558]},"A7s":{"weight":7.0E-4,"played":[0.0,1.0],"evs":[0.0,11.3689]},"A8s":{"weight":0.0015,"played":[0.0,1.0],"evs":[0.0,11.09355]},"A9s":{"weight":0.0136,"played":[0.0,1.0],"evs":[0.0,11.57265]},"ATs":{"weight":0.0732,"played":[0.0,1.0],"evs":[0.0,12.95373]},"AJs":{"weight":0.0,"played":[0.0,1.0],"evs":[0.0,12.85586]},"AQs":{"weight":0.002,"played":[0.0,1.0],"evs":[0.0,14.47025]},"AKs":{"weight":0.001,"played":[0.0,1.0],"evs":[0.0,14.01177]},"AA":{"weight":1.0E-4,"played":[0.0,1.0],"evs":[0.0,24.64318]}}}