{"player":3,"street":0,"children":2,"sequence":[{"player":0,"type":"F","amount":0,"street":0},{"player":1,"type":"R","amount":200000,"street":0},{"player":2,"type":"C","amount":200000,"street":0},{"player":3,"type":"C","amount":200000,"street":0},{"player":4,"type":"R","amount":715000,"street":0},{"player":5,"type":"F","amount":0,"street":0},{"player":1,"type":"F","amount":0,"street":0},{"player":2,"type":"R","amount":1215000,"street":0}],"actions":[{"type":"F","amount":0},{"type":"C","amount":1015000}],"hands":{"22":{"weight":0.0,"played":[0.008,0.992],"evs":[0.0,1.18942]},"32o":{"weight":0.0,"played":[1.0,0.0],"evs":[0.0,-2.26944]},"42o":{"weight":0.0,"played":[1.0,0.0],"evs":[0.0,-1.96843]},"52o":{"weight":0.0,"played":[1.0,0.0],"evs":[0.0,-1.64761]},"62o":{"weight":0.0,"played":[0.9999,1.0E-4],"evs":[0.0,-1.72953]},"72o":{"weight":0.0,"played":[1.0,0.0],"evs":[0.0,-2.39581]},"82o":{"weight":0.0,"played":[1.0,0.0],"evs":[0.0,-2.23605]},"92o":{"weight":0.0,"played":[1.0,0.0],"evs":[0.0,-2.63846]},"T2o":{"weight":0.0,"played":[1.0,0.0],"evs":[0.0,-2.46256]},"J2o":{"weight":0.0,"played":[1.0,0.0],"evs":[0.0,-1.99498]},"Q2o":{"weight":0.0,"played":[0.9999,1.0E-4],"evs":[0.0,-1.69926]},"K2o":{"weight":0.0,"played":[0.997,0.003],"evs":[0.0,-1.17035]},"A2o":{"weight":0.0,"played":[0.8033,0.1967],"evs":[0.0,-0.25555]},"32s":{"weight":0.0,"played":[0.9924,0.0076],"evs":[0.0,-1.13482]},"33":{"weight":0.0,"played":[0.0,1.0],"evs":[0.0,1.78272]},"43o":{"weight":0.0,"played":[1.0,0.0],"evs":[0.0,-1.50942]},"53o":{"weight":0.0,"played":[0.9994,6.0E-4],"evs":[0.0,-0.92923]},"63o":{"weight":0.0,"played":[1.0,0.0],"evs":[0.0,-1.23119]},"73o":{"weight":0.0,"played":[1.0,0.0],"evs":[0.0,-1.86245]},"83o":{"weight":0.0,"played":[1.0,0.0],"evs":[0.0,-2.27548]},"93o":{"weight":0.0,"played":[1.0,0.0],"evs":[0.0,-2.37745]},"T3o":{"weight":0.0,"played":[1.0,0.0],"evs":[0.0,-2.29816]},"J3o":{"weight":0.0,"played":[1.0,0.0],"evs":[0.0,-2.03604]},"Q3o":{"weight":0.0,"played":[1.0,0.0],"evs":[0.0,-1.8517]},"K3o":{"weight":0.0,"played":[1.0,0.0],"evs":[0.0,-0.9114]},"A3o":{"weight":0.0,"played":[0.0024,0.9976],"evs":[0.0,0.17235]},"42s":{"weight":0.0,"played":[1.0,0.0],"evs":[0.0,-0.47276]},"43s":{"weight":0.0,"played":[0.5729,0.4271],"evs":[0.0,0.17445]},"44":{"weight":0.9997,"played":[0.0,1.0],"evs":[0.0,2.34944]},"54o":{"weight":0.0,"played":[0.9862,0.0138],"evs":[0.0,-0.4732]},"64o":{"weight":0.0,"played":[0.9999,1.0E-4],"evs":[0.0,-0.82331]},"74o":{"weight":0.0,"played":[0.9999,1.0E-4],"evs":[0.0,-1.15215]},"84o":{"weight":0.0,"played":[1.0,0.0],"evs":[0.0,-1.64822]},"94o":{"weight":0.0,"played":[1.0,0.0],"evs":[0.0,-2.34511]},"T4o":{"weight":0.0,"played":[0.9998,2.0E-4],"evs":[0.0,-2.0386]},"J4o":{"weight":0.0,"played":[1.0,0.0],"evs":[0.0,-1.89934]},"Q4o":{"weight":0.0,"played":[0.9999,1.0E-4],"evs":[0.0,-1.30479]},"K4o":{"weight":0.0,"played":[0.9997,3.0E-4],"evs":[0.0,-0.77347]},"A4o":{"weight":0.0,"played":[0.0038,0.9962],"evs":[0.0,0.37452]},"52s":{"weight":0.0,"played":[0.8499,0.1501],"evs":[0.0,-0.26791]},"53s":{"weight":0.0,"played":[0.2137,0.7863],"evs":[0.0,0.07605]},"54s":{"weight":0.0,"played":[0.0866,0.9134],"evs":[0.0,0.52515]},"55":{"weight":0.5077,"played":[0.0,1.0],"evs":[0.0,3.64186]},"65o":{"weight":0.0,"played":[0.2449,0.7551],"evs":[0.0,0.12477]},"75o":{"weight":0.0,"played":[0.9988,0.0012],"evs":[0.0,-0.30973]},"85o":{"weight":0.0,"played":[0.9998,2.0E-4],"evs":[0.0,-0.57143]},"95o":{"weight":0.0,"played":[0.9999,1.0E-4],"evs":[0.0,-1.63]},"T5o":{"weight":0.0,"played":[1.0,0.0],"evs":[0.0,-1.77008]},"J5o":{"weight":0.0,"played":[0.9998,2.0E-4],"evs":[0.0,-1.28817]},"Q5o":{"weight":0.0,"played":[0.9997,3.0E-4],"evs":[0.0,-1.05639]},"K5o":{"weight":0.0,"played":[0.9985,0.0015],"evs":[0.0,-0.07129]},"A5o":{"weight":0.0,"played":[0.0,1.0],"evs":[0.0,1.01079]},"62s":{"weight":0.0,"played":[1.0,0.0],"evs":[0.0,-0.7346]},"63s":{"weight":0.0,"played":[0.3067,0.6933],"evs":[0.0,0.15376]},"64s":{"weight":0.0,"played":[0.2513,0.7487],"evs":[0.0,0.4831]},"65s":{"weight":0.0,"played":[0.0095,0.9905],"evs":[0.0,1.61731]},"66":{"weight":0.0114,"played":[0.0,1.0],"evs":[0.0,4.2162]},"76o":{"weight":0.0,"played":[0.0345,0.9655],"evs":[0.0,0.12457]},"86o":{"weight":0.0,"played":[0.72,0.28],"evs":[0.0,-0.12812]},"96o":{"weight":0.0,"played":[1.0,0.0],"evs":[0.0,-0.96239]},"T6o":{"weight":0.0,"played":[0.9999,1.0E-4],"evs":[0.0,-1.262]},"J6o":{"weight":0.0,"played":[1.0,0.0],"evs":[0.0,-1.27498]},"Q6o":{"weight":0.0,"played":[1.0,0.0],"evs":[0.0,-0.79831]},"K6o":{"weight":0.0,"played":[0.9992,8.0E-4],"evs":[0.0,-0.18567]},"A6o":{"weight":0.0,"played":[0.004,0.996],"evs":[0.0,0.42276]},"72s":{"weight":0.0,"played":[0.9928,0.0072],"evs":[0.0,-1.06896]},"73s":{"weight":0.0,"played":[0.9927,0.0073],"evs":[0.0,-0.17319]},"74s":{"weight":0.0,"played":[0.0394,0.9606],"evs":[0.0,0.44513]},"75s":{"weight":0.0,"played":[0.0031,0.9969],"evs":[0.0,0.80328]},"76s":{"weight":0.0,"played":[0.0012,0.9988],"evs":[0.0,1.26888]},"77":{"weight":5.0E-4,"played":[0.0,1.0],"evs":[0.0,5.13962]},"87o":{"weight":0.0,"played":[0.03,0.97],"evs":[0.0,0.20922]},"97o":{"weight":0.0,"played":[0.9995,5.0E-4],"evs":[0.0,-0.23947]},"T7o":{"weight":0.0,"played":[1.0,0.0],"evs":[0.0,-0.60544]},"J7o":{"weight":0.0,"played":[0.9998,2.0E-4],"evs":[0.0,-0.75328]},"Q7o":{"weight":0.0,"played":[1.0,0.0],"evs":[0.0,-0.75248]},"K7o":{"weight":0.0,"played":[0.0743,0.9257],"evs":[0.0,0.15745]},"A7o":{"weight":0.0,"played":[0.0,1.0],"evs":[0.0,1.10606]},"82s":{"weight":0.0,"played":[0.9948,0.0052],"evs":[0.0,-0.95758]},"83s":{"weight":0.0,"played":[0.981,0.019],"evs":[0.0,-0.34325]},"84s":{"weight":0.0,"played":[0.7508,0.2492],"evs":[0.0,-0.41685]},"85s":{"weight":0.0,"played":[0.0297,0.9703],"evs":[0.0,0.54084]},"86s":{"weight":0.0,"played":[0.0059,0.9941],"evs":[0.0,0.50026]},"87s":{"weight":6.0E-4,"played":[9.0E-4,0.9991],"evs":[0.0,1.36393]},"88":{"weight":0.0,"played":[0.0,1.0],"evs":[0.0,5.76177]},"98o":{"weight":0.0,"played":[0.8506,0.1494],"evs":[0.0,-0.06873]},"T8o":{"weight":0.0,"played":[0.9948,0.0052],"evs":[0.0,-0.36614]},"J8o":{"weight":0.0,"played":[0.9334,0.0666],"evs":[0.0,-0.32039]},"Q8o":{"weight":0.0,"played":[0.9998,2.0E-4],"evs":[0.0,-0.65745]},"K8o":{"weight":0.0,"played":[0.2443,0.7557],"evs":[0.0,0.07451]},"A8o":{"weight":0.0,"played":[0.0,1.0],"evs":[0.0,1.39519]},"92s":{"weight":0.0,"played":[0.9987,0.0013],"evs":[0.0,-0.89588]},"93s":{"weight":0.0,"played":[0.9972,0.0028],"evs":[0.0,-0.90641]},"94s":{"weight":0.0,"played":[0.9412,0.0588],"evs":[0.0,-0.97707]},"95s":{"weight":0.0,"played":[0.3098,0.6902],"evs":[0.0,0.36522]},"96s":{"weight":0.0,"played":[0.0915,0.9085],"evs":[0.0,0.4488]},"97s":{"weight":0.0,"played":[0.0527,0.9473],"evs":[0.0,0.79642]},"98s":{"weight":0.0,"played":[0.0,1.0],"evs":[0.0,1.81104]},"99":{"weight":0.0,"played":[0.0,1.0],"evs":[0.0,6.74882]},"T9o":{"weight":0.0,"played":[0.3445,0.6555],"evs":[0.0,-0.03397]},"J9o":{"weight":0.0,"played":[0.9948,0.0052],"evs":[0.0,-0.41074]},"Q9o":{"weight":0.0,"played":[0.9072,0.0928],"evs":[0.0,-0.22244]},"K9o":{"weight":0.0,"played":[0.0215,0.9785],"evs":[0.0,0.49788]},"A9o":{"weight":0.0039,"played":[0.0,1.0],"evs":[0.0,2.03159]},"T2s":{"weight":0.0,"played":[0.9984,0.0016],"evs":[0.0,-0.9905]},"T3s":{"weight":0.0,"played":[0.9896,0.0104],"evs":[0.0,-0.63671]},"T4s":{"weight":0.0,"played":[1.0,0.0],"evs":[0.0,-0.45669]},"T5s":{"weight":0.0,"played":[0.6377,0.3623],"evs":[0.0,-0.40879]},"T6s":{"weight":0.0,"played":[0.3881,0.6119],"evs":[0.0,0.17438]},"T7s":{"weight":0.0,"played":[0.0081,0.9919],"evs":[0.0,0.45406]},"T8s":{"weight":0.0,"played":[0.0,1.0],"evs":[0.0,0.76532]},"T9s":{"weight":0.0,"played":[0.0186,0.9814],"evs":[0.0,1.26438]},"TT":{"weight":0.0,"played":[0.0,1.0],"evs":[0.0,7.38096]},"JTo":{"weight":0.0,"played":[0.0684,0.9316],"evs":[0.0,0.42584]},"QTo":{"weight":0.0,"played":[0.076,0.924],"evs":[0.0,0.36008]},"KTo":{"weight":0.0,"played":[1.0E-4,0.9999],"evs":[0.0,1.13869]},"ATo":{"weight":1.0E-4,"played":[0.0,1.0],"evs":[0.0,3.52094]},"J2s":{"weight":0.0,"played":[0.9994,6.0E-4],"evs":[0.0,-0.71711]},"J3s":{"weight":0.0,"played":[0.9662,0.0338],"evs":[0.0,-1.01622]},"J4s":{"weight":0.0,"played":[0.9963,0.0037],"evs":[0.0,-0.85255]},"J5s":{"weight":0.0,"played":[0.5269,0.4731],"evs":[0.0,0.08649]},"J6s":{"weight":0.0,"played":[0.5984,0.4016],"evs":[0.0,-0.14881]},"J7s":{"weight":0.0,"played":[0.0087,0.9913],"evs":[0.0,0.68151]},"J8s":{"weight":0.0,"played":[0.0,1.0],"evs":[0.0,0.58232]},"J9s":{"weight":2.0E-4,"played":[0.0015,0.9985],"evs":[0.0,0.66065]},"JTs":{"weight":0.9978,"played":[0.0,1.0],"evs":[0.0,1.81351]},"JJ":{"weight":0.0,"played":[0.0,1.0],"evs":[0.0,8.99979]},"QJo":{"weight":0.0019,"played":[0.0,1.0],"evs":[0.0,0.85262]},"KJo":{"weight":0.9999,"played":[0.0,1.0],"evs":[0.0,1.80164]},"AJo":{"weight":0.0,"played":[0.0,1.0],"evs":[0.0,4.7767]},"Q2s":{"weight":0.0,"played":[0.929,0.071],"evs":[0.0,-0.6619]},"Q3s":{"weight":0.0,"played":[0.8635,0.1365],"evs":[0.0,-0.31528]},"Q4s":{"weight":0.0,"played":[0.0271,0.9729],"evs":[0.0,0.27686]},"Q5s":{"weight":0.0,"played":[0.3488,0.6512],"evs":[0.0,0.44837]},"Q6s":{"weight":0.0,"played":[0.2079,0.7921],"evs":[0.0,0.36311]},"Q7s":{"weight":0.0,"played":[0.0,1.0],"evs":[0.0,0.92878]},"Q8s":{"weight":0.0,"played":[0.0082,0.9918],"evs":[0.0,0.53674]},"Q9s":{"weight":0.0023,"played":[0.0221,0.9779],"evs":[0.0,1.16565]},"QTs":{"weight":0.9999,"played":[0.0,1.0],"evs":[0.0,1.4861]},"QJs":{"weight":0.9999,"played":[8.0E-4,0.9992],"evs":[0.0,2.3268]},"QQ":{"weight":1.0E-4,"played":[0.0,1.0],"evs":[0.0,11.328]},"KQo":{"weight":0.2203,"played":[0.0,1.0],"evs":[0.0,2.63457]},"AQo":{"weight":0.0,"played":[0.0,1.0],"evs":[0.0,5.91474]},"K2s":{"weight":0.0,"played":[0.0564,0.9436],"evs":[0.0,0.44275]},"K3s":{"weight":0.0,"played":[0.0048,0.9952],"evs":[0.0,0.65834]},"K4s":{"weight":0.0,"played":[6.0E-4,0.9994],"evs":[0.0,0.64186]},"K5s":{"weight":0.0,"played":[0.0098,0.9902],"evs":[0.0,1.35554]},"K6s":{"weight":0.0,"played":[0.0588,0.9412],"evs":[0.0,1.2771]},"K7s":{"weight":0.0,"played":[0.0,1.0],"evs":[0.0,1.62546]},"K8s":{"weight":0.0,"played":[0.0191,0.9809],"evs":[0.0,1.73821]},"K9s":{"weight":0.8902,"played":[0.0,1.0],"evs":[0.0,1.86743]},"KTs":{"weight":1.0,"played":[0.0,1.0],"evs":[0.0,2.15621]},"KJs":{"weight":0.9999,"played":[0.0,1.0],"evs":[0.0,3.2939]},"KQs":{"weight":0.0023,"played":[0.0,1.0],"evs":[0.0,4.47929]},"KK":{"weight":0.0,"played":[0.0,1.0],"evs":[0.0,13.54457]},"AKo":{"weight":0.0,"played":[0.0,1.0],"evs":[0.0,6.59034]},"A2s":{"weight":2.0E-4,"played":[4.0E-4,0.9996],"evs":[0.0,1.11384]},"A3s":{"weight":0.0323,"played":[0.0,1.0],"evs":[0.0,1.91596]},"A4s":{"weight":0.6141,"played":[0.0,1.0],"evs":[0.0,1.94504]},"A5s":{"weight":0.9886,"played":[1.0E-4,0.9999],"evs":[0.0,2.15096]},"A6s":{"weight":0.5006,"played":[0.0,1.0],"evs":[0.0,1.92134]},"A7s":{"weight":0.7611,"played":[0.0,1.0],"evs":[0.0,2.13642]},"A8s":{"weight":0.077,"played":[1.0E-4,0.9999],"evs":[0.0,2.97513]},"A9s":{"weight":0.0142,"played":[1.0E-4,0.9999],"evs":[0.0,2.95977]},"ATs":{"weight":0.0013,"played":[0.0,1.0],"evs":[0.0,4.4642]},"AJs":{"weight":1.0E-4,"played":[0.0,1.0],"evs":[0.0,5.07639]},"AQs":{"weight":0.0,"played":[0.0,1.0],"evs":[0.0,6.54198]},"AKs":{"weight":0.0,"played":[0.0,1.0],"evs":[0.0,7.32558]},"AA":{"weight":8.0E-4,"played":[0.0,1.0],"evs":[0.0,17.80096]}}}