{"player":1,"street":0,"children":2,"sequence":[{"player":0,"type":"F","amount":0,"street":0},{"player":1,"type":"R","amount":200000,"street":0},{"player":2,"type":"C","amount":200000,"street":0},{"player":3,"type":"C","amount":200000,"street":0},{"player":4,"type":"R","amount":715000,"street":0},{"player":5,"type":"F","amount":0,"street":0},{"player":1,"type":"C","amount":515000,"street":0},{"player":2,"type":"R","amount":2215000,"street":0},{"player":3,"type":"C","amount":1015000,"street":0}],"actions":[{"type":"F","amount":0},{"type":"C","amount":1500000}],"hands":{"22":{"weight":0.0,"played":[1.0E-4,0.9999],"evs":[0.0,3.85696]},"32o":{"weight":0.0,"played":[1.0,0.0],"evs":[0.0,-1.52293]},"42o":{"weight":0.0,"played":[0.9804,0.0196],"evs":[0.0,-1.20221]},"52o":{"weight":0.0,"played":[0.6332,0.3668],"evs":[0.0,-0.45352]},"62o":{"weight":0.0,"played":[0.9983,0.0017],"evs":[0.0,-1.48371]},"72o":{"weight":0.0,"played":[0.6433,0.3567],"evs":[0.0,-0.01866]},"82o":{"weight":0.0,"played":[0.9519,0.0481],"evs":[0.0,-0.97553]},"92o":{"weight":0.0,"played":[0.983,0.017],"evs":[0.0,-1.48094]},"T2o":{"weight":0.0,"played":[0.9775,0.0225],"evs":[0.0,-1.64839]},"J2o":{"weight":0.0,"played":[0.9995,5.0E-4],"evs":[0.0,-1.64953]},"Q2o":{"weight":0.0,"played":[0.9705,0.0295],"evs":[0.0,-0.91361]},"K2o":{"weight":0.0,"played":[0.9613,0.0387],"evs":[0.0,-0.80424]},"A2o":{"weight":0.0,"played":[1.0E-4,0.9999],"evs":[0.0,2.11598]},"32s":{"weight":0.0,"played":[0.2366,0.7634],"evs":[0.0,-0.01223]},"33":{"weight":0.0063,"played":[1.0E-4,0.9999],"evs":[0.0,5.11839]},"43o":{"weight":0.0,"played":[0.1103,0.8897],"evs":[0.0,-0.04895]},"53o":{"weight":0.0,"played":[0.4659,0.5341],"evs":[0.0,0.22243]},"63o":{"weight":0.0,"played":[5.0E-4,0.9995],"evs":[0.0,0.50053]},"73o":{"weight":0.0,"played":[0.6333,0.3667],"evs":[0.0,-0.82525]},"83o":{"weight":0.0,"played":[0.998,0.002],"evs":[0.0,-1.21185]},"93o":{"weight":0.0,"played":[0.9999,1.0E-4],"evs":[0.0,-1.39516]},"T3o":{"weight":0.0,"played":[0.9542,0.0458],"evs":[0.0,-1.52099]},"J3o":{"weight":0.0,"played":[0.9979,0.0021],"evs":[0.0,-0.73311]},"Q3o":{"weight":0.0,"played":[0.0251,0.9749],"evs":[0.0,0.64265]},"K3o":{"weight":0.0,"played":[0.5981,0.4019],"evs":[0.0,-0.77112]},"A3o":{"weight":0.0044,"played":[8.0E-4,0.9992],"evs":[0.0,1.83014]},"42s":{"weight":0.0,"played":[0.0663,0.9337],"evs":[0.0,0.53191]},"43s":{"weight":0.0,"played":[0.1315,0.8685],"evs":[0.0,3.60763]},"44":{"weight":0.0686,"played":[1.0E-4,0.9999],"evs":[0.0,6.00599]},"54o":{"weight":0.0,"played":[2.0E-4,0.9998],"evs":[0.0,1.78857]},"64o":{"weight":0.0,"played":[0.0048,0.9952],"evs":[0.0,0.81482]},"74o":{"weight":0.0,"played":[0.0625,0.9375],"evs":[0.0,0.78805]},"84o":{"weight":0.0,"played":[0.2834,0.7166],"evs":[0.0,-0.34827]},"94o":{"weight":0.0,"played":[0.9986,0.0014],"evs":[0.0,-2.07659]},"T4o":{"weight":0.0,"played":[0.7641,0.2359],"evs":[0.0,-0.76084]},"J4o":{"weight":0.0,"played":[0.9343,0.0657],"evs":[0.0,-0.85007]},"Q4o":{"weight":0.0,"played":[0.2756,0.7244],"evs":[0.0,0.51941]},"K4o":{"weight":0.0,"played":[0.0937,0.9063],"evs":[0.0,0.01145]},"A4o":{"weight":0.0043,"played":[0.0,1.0],"evs":[0.0,3.09122]},"52s":{"weight":0.0,"played":[0.0122,0.9878],"evs":[0.0,2.56097]},"53s":{"weight":0.0,"played":[0.0142,0.9858],"evs":[0.0,4.25548]},"54s":{"weight":0.0,"played":[0.1176,0.8824],"evs":[0.0,1.37957]},"55":{"weight":0.0536,"played":[0.0,1.0],"evs":[0.0,8.8354]},"65o":{"weight":0.0,"played":[0.0,1.0],"evs":[0.0,2.25957]},"75o":{"weight":0.0,"played":[0.0043,0.9957],"evs":[0.0,2.94638]},"85o":{"weight":0.0,"played":[4.0E-4,0.9996],"evs":[0.0,1.14758]},"95o":{"weight":0.0,"played":[0.9995,5.0E-4],"evs":[0.0,-0.27021]},"T5o":{"weight":0.0,"played":[0.2945,0.7055],"evs":[0.0,-0.15697]},"J5o":{"weight":0.0,"played":[0.9981,0.0019],"evs":[0.0,-0.39613]},"Q5o":{"weight":0.0,"played":[0.0407,0.9593],"evs":[0.0,1.42482]},"K5o":{"weight":0.0,"played":[0.4671,0.5329],"evs":[0.0,0.15979]},"A5o":{"weight":0.0,"played":[3.0E-4,0.9997],"evs":[0.0,3.7754]},"62s":{"weight":0.0,"played":[0.134,0.866],"evs":[0.0,1.89679]},"63s":{"weight":0.0,"played":[1.0E-4,0.9999],"evs":[0.0,2.41212]},"64s":{"weight":0.0,"played":[6.0E-4,0.9994],"evs":[0.0,4.33826]},"65s":{"weight":0.0,"played":[0.0077,0.9923],"evs":[0.0,4.94997]},"66":{"weight":0.278,"played":[0.0,1.0],"evs":[0.0,11.142]},"76o":{"weight":0.0,"played":[0.0074,0.9926],"evs":[0.0,3.34367]},"86o":{"weight":0.0,"played":[0.001,0.999],"evs":[0.0,3.07776]},"96o":{"weight":0.0,"played":[0.0078,0.9922],"evs":[0.0,1.32609]},"T6o":{"weight":0.0,"played":[0.0191,0.9809],"evs":[0.0,1.42359]},"J6o":{"weight":0.0,"played":[0.2165,0.7835],"evs":[0.0,0.34793]},"Q6o":{"weight":0.0,"played":[0.1497,0.8503],"evs":[0.0,1.24378]},"K6o":{"weight":0.0,"played":[0.3837,0.6163],"evs":[0.0,0.60678]},"A6o":{"weight":0.1004,"played":[9.0E-4,0.9991],"evs":[0.0,3.72556]},"72s":{"weight":0.0,"played":[0.0014,0.9986],"evs":[0.0,2.8946]},"73s":{"weight":0.0,"played":[0.0177,0.9823],"evs":[0.0,1.68926]},"74s":{"weight":0.0,"played":[0.0599,0.9401],"evs":[0.0,3.24261]},"75s":{"weight":0.0,"played":[9.0E-4,0.9991],"evs":[0.0,4.64418]},"76s":{"weight":0.728,"played":[0.0055,0.9945],"evs":[0.0,6.2243]},"77":{"weight":0.6828,"played":[0.0,1.0],"evs":[0.0,12.03602]},"87o":{"weight":0.0,"played":[1.0E-4,0.9999],"evs":[0.0,3.73936]},"97o":{"weight":0.0,"played":[6.0E-4,0.9994],"evs":[0.0,2.9358]},"T7o":{"weight":0.0,"played":[0.0075,0.9925],"evs":[0.0,1.77778]},"J7o":{"weight":0.0,"played":[0.3586,0.6414],"evs":[0.0,0.6049]},"Q7o":{"weight":0.0,"played":[0.1984,0.8016],"evs":[0.0,1.20493]},"K7o":{"weight":0.0,"played":[0.0155,0.9845],"evs":[0.0,0.6577]},"A7o":{"weight":0.9156,"played":[0.0,1.0],"evs":[0.0,3.88826]},"82s":{"weight":0.0,"played":[0.34,0.66],"evs":[0.0,0.25187]},"83s":{"weight":0.0,"played":[0.0,1.0],"evs":[0.0,2.92745]},"84s":{"weight":0.0,"played":[0.0222,0.9778],"evs":[0.0,2.72445]},"85s":{"weight":0.0,"played":[0.0093,0.9907],"evs":[0.0,2.67087]},"86s":{"weight":0.0013,"played":[0.0,1.0],"evs":[0.0,5.15821]},"87s":{"weight":0.6496,"played":[1.0E-4,0.9999],"evs":[0.0,5.25924]},"88":{"weight":0.4625,"played":[0.0,1.0],"evs":[0.0,12.22269]},"98o":{"weight":0.0,"played":[0.0,1.0],"evs":[0.0,2.66109]},"T8o":{"weight":0.0,"played":[0.0028,0.9972],"evs":[0.0,2.41487]},"J8o":{"weight":0.0,"played":[0.0321,0.9679],"evs":[0.0,1.13873]},"Q8o":{"weight":0.0,"played":[0.0025,0.9975],"evs":[0.0,1.46138]},"K8o":{"weight":0.0,"played":[0.015,0.985],"evs":[0.0,2.51757]},"A8o":{"weight":0.4889,"played":[0.0,1.0],"evs":[0.0,5.29344]},"92s":{"weight":0.0,"played":[0.0371,0.9629],"evs":[0.0,1.42767]},"93s":{"weight":0.0,"played":[0.1491,0.8509],"evs":[0.0,1.72956]},"94s":{"weight":0.0,"played":[0.4165,0.5835],"evs":[0.0,-0.56649]},"95s":{"weight":0.0,"played":[0.2219,0.7781],"evs":[0.0,1.52153]},"96s":{"weight":0.0,"played":[0.0034,0.9966],"evs":[0.0,4.01367]},"97s":{"weight":0.7586,"played":[5.0E-4,0.9995],"evs":[0.0,4.47708]},"98s":{"weight":0.3476,"played":[6.0E-4,0.9994],"evs":[0.0,4.94703]},"99":{"weight":0.6196,"played":[0.0,1.0],"evs":[0.0,13.23912]},"T9o":{"weight":0.0,"played":[0.1073,0.8927],"evs":[0.0,3.16434]},"J9o":{"weight":0.0,"played":[0.0058,0.9942],"evs":[0.0,1.72121]},"Q9o":{"weight":0.0,"played":[0.002,0.998],"evs":[0.0,2.35878]},"K9o":{"weight":0.0,"played":[3.0E-4,0.9997],"evs":[0.0,2.03705]},"A9o":{"weight":0.0608,"played":[0.0,1.0],"evs":[0.0,5.52049]},"T2s":{"weight":0.0,"played":[0.1535,0.8465],"evs":[0.0,1.353]},"T3s":{"weight":0.0,"played":[0.1895,0.8105],"evs":[0.0,-0.00811]},"T4s":{"weight":0.0,"played":[4.0E-4,0.9996],"evs":[0.0,1.9088]},"T5s":{"weight":0.0,"played":[0.0767,0.9233],"evs":[0.0,0.90418]},"T6s":{"weight":0.0,"played":[0.0045,0.9955],"evs":[0.0,3.62252]},"T7s":{"weight":0.4003,"played":[0.0,1.0],"evs":[0.0,4.93945]},"T8s":{"weight":0.9556,"played":[1.0E-4,0.9999],"evs":[0.0,4.34472]},"T9s":{"weight":0.4109,"played":[3.0E-4,0.9997],"evs":[0.0,5.21346]},"TT":{"weight":0.5673,"played":[0.0,1.0],"evs":[0.0,14.3215]},"JTo":{"weight":5.0E-4,"played":[3.0E-4,0.9997],"evs":[0.0,2.52601]},"QTo":{"weight":0.0444,"played":[0.0,1.0],"evs":[0.0,2.74344]},"KTo":{"weight":0.0016,"played":[3.0E-4,0.9997],"evs":[0.0,3.08271]},"ATo":{"weight":0.7086,"played":[0.0,1.0],"evs":[0.0,8.73064]},"J2s":{"weight":0.0,"played":[0.3349,0.6651],"evs":[0.0,-0.2423]},"J3s":{"weight":0.0,"played":[0.0014,0.9986],"evs":[0.0,1.28531]},"J4s":{"weight":0.0,"played":[0.0202,0.9798],"evs":[0.0,3.24551]},"J5s":{"weight":0.0,"played":[0.0375,0.9625],"evs":[0.0,1.59845]},"J6s":{"weight":0.0,"played":[0.2512,0.7488],"evs":[0.0,1.54101]},"J7s":{"weight":0.0,"played":[0.0015,0.9985],"evs":[0.0,3.79655]},"J8s":{"weight":8.0E-4,"played":[0.0104,0.9896],"evs":[0.0,3.40793]},"J9s":{"weight":0.6454,"played":[1.0E-4,0.9999],"evs":[0.0,4.34104]},"JTs":{"weight":0.1711,"played":[2.0E-4,0.9998],"evs":[0.0,4.82154]},"JJ":{"weight":0.3931,"played":[0.0,1.0],"evs":[0.0,17.10005]},"QJo":{"weight":6.0E-4,"played":[2.0E-4,0.9998],"evs":[0.0,3.40812]},"KJo":{"weight":0.8702,"played":[0.0,1.0],"evs":[0.0,4.36427]},"AJo":{"weight":1.0E-4,"played":[0.0,1.0],"evs":[0.0,11.49114]},"Q2s":{"weight":0.0,"played":[0.0087,0.9913],"evs":[0.0,2.98644]},"Q3s":{"weight":0.0,"played":[7.0E-4,0.9993],"evs":[0.0,2.89403]},"Q4s":{"weight":0.0,"played":[2.0E-4,0.9998],"evs":[0.0,3.17291]},"Q5s":{"weight":0.0,"played":[0.0013,0.9987],"evs":[0.0,3.78914]},"Q6s":{"weight":0.001,"played":[0.0017,0.9983],"evs":[0.0,3.64889]},"Q7s":{"weight":0.0451,"played":[5.0E-4,0.9995],"evs":[0.0,4.19057]},"Q8s":{"weight":0.4564,"played":[5.0E-4,0.9995],"evs":[0.0,4.14059]},"Q9s":{"weight":0.1768,"played":[0.0041,0.9959],"evs":[0.0,5.32581]},"QTs":{"weight":0.8456,"played":[0.0,1.0],"evs":[0.0,5.24639]},"QJs":{"weight":0.0559,"played":[1.0E-4,0.9999],"evs":[0.0,6.12704]},"QQ":{"weight":0.7168,"played":[0.0,1.0],"evs":[0.0,22.50414]},"KQo":{"weight":0.4711,"played":[0.0,1.0],"evs":[0.0,6.78443]},"AQo":{"weight":0.5025,"played":[0.0,1.0],"evs":[0.0,13.45185]},"K2s":{"weight":0.0,"played":[0.0103,0.9897],"evs":[0.0,1.10436]},"K3s":{"weight":0.0,"played":[0.0021,0.9979],"evs":[0.0,1.10492]},"K4s":{"weight":4.0E-4,"played":[0.0035,0.9965],"evs":[0.0,3.05275]},"K5s":{"weight":0.0,"played":[0.0075,0.9925],"evs":[0.0,3.63705]},"K6s":{"weight":0.0,"played":[5.0E-4,0.9995],"evs":[0.0,2.9654]},"K7s":{"weight":0.0265,"played":[0.0062,0.9938],"evs":[0.0,2.66516]},"K8s":{"weight":0.2897,"played":[4.0E-4,0.9996],"evs":[0.0,3.5865]},"K9s":{"weight":0.004,"played":[0.0,1.0],"evs":[0.0,3.13504]},"KTs":{"weight":0.0166,"played":[5.0E-4,0.9995],"evs":[0.0,4.92865]},"KJs":{"weight":0.0083,"played":[6.0E-4,0.9994],"evs":[0.0,5.69631]},"KQs":{"weight":0.3431,"played":[0.0,1.0],"evs":[0.0,7.99144]},"KK":{"weight":0.4492,"played":[0.0,1.0],"evs":[0.0,26.91678]},"AKo":{"weight":0.4011,"played":[0.0,1.0],"evs":[0.0,13.6538]},"A2s":{"weight":0.1054,"played":[1.0E-4,0.9999],"evs":[0.0,5.3457]},"A3s":{"weight":0.4663,"played":[2.0E-4,0.9998],"evs":[0.0,4.49156]},"A4s":{"weight":0.0485,"played":[0.0,1.0],"evs":[0.0,5.71969]},"A5s":{"weight":0.6396,"played":[5.0E-4,0.9995],"evs":[0.0,6.31121]},"A6s":{"weight":0.0749,"played":[1.0E-4,0.9999],"evs":[0.0,6.56192]},"A7s":{"weight":0.055,"played":[0.001,0.999],"evs":[0.0,7.43468]},"A8s":{"weight":0.5646,"played":[0.0,1.0],"evs":[0.0,8.51815]},"A9s":{"weight":0.0321,"played":[2.0E-4,0.9998],"evs":[0.0,7.98577]},"ATs":{"weight":0.6438,"played":[1.0E-4,0.9999],"evs":[0.0,10.56785]},"AJs":{"weight":0.4642,"played":[0.0,1.0],"evs":[0.0,12.91067]},"AQs":{"weight":0.9809,"played":[0.0,1.0],"evs":[0.0,14.86641]},"AKs":{"weight":0.9269,"played":[0.0,1.0],"evs":[0.0,15.97712]},"AA":{"weight":0.7545,"played":[0.0,1.0],"evs":[0.0,34.87065]}}}