{"player":3,"street":0,"children":2,"sequence":[{"player":0,"type":"F","amount":0,"street":0},{"player":1,"type":"R","amount":200000,"street":0},{"player":2,"type":"C","amount":200000,"street":0},{"player":3,"type":"C","amount":200000,"street":0},{"player":4,"type":"R","amount":715000,"street":0},{"player":5,"type":"F","amount":0,"street":0},{"player":1,"type":"R","amount":2215000,"street":0},{"player":2,"type":"F","amount":0,"street":0}],"actions":[{"type":"F","amount":0},{"type":"C","amount":1015000}],"hands":{"22":{"weight":0.0,"played":[0.0242,0.9758],"evs":[0.0,1.69691]},"32o":{"weight":0.0,"played":[0.9994,6.0E-4],"evs":[0.0,-1.95662]},"42o":{"weight":0.0,"played":[1.0,0.0],"evs":[0.0,-1.71635]},"52o":{"weight":0.0,"played":[0.9995,5.0E-4],"evs":[0.0,-1.32028]},"62o":{"weight":0.0,"played":[0.9999,1.0E-4],"evs":[0.0,-2.14738]},"72o":{"weight":0.0,"played":[0.9999,1.0E-4],"evs":[0.0,-1.93071]},"82o":{"weight":0.0,"played":[0.9998,2.0E-4],"evs":[0.0,-2.01934]},"92o":{"weight":0.0,"played":[1.0,0.0],"evs":[0.0,-2.44194]},"T2o":{"weight":0.0,"played":[0.9998,2.0E-4],"evs":[0.0,-1.93714]},"J2o":{"weight":0.0,"played":[0.9997,3.0E-4],"evs":[0.0,-1.79051]},"Q2o":{"weight":0.0,"played":[0.9996,4.0E-4],"evs":[0.0,-1.25291]},"K2o":{"weight":0.0,"played":[1.0,0.0],"evs":[0.0,-0.65884]},"A2o":{"weight":0.0,"played":[0.9955,0.0045],"evs":[0.0,-0.30087]},"32s":{"weight":0.0,"played":[0.8274,0.1726],"evs":[0.0,-0.59131]},"33":{"weight":0.0,"played":[5.0E-4,0.9995],"evs":[0.0,1.78268]},"43o":{"weight":0.0,"played":[0.9999,1.0E-4],"evs":[0.0,-1.59138]},"53o":{"weight":0.0,"played":[0.9802,0.0198],"evs":[0.0,-0.90084]},"63o":{"weight":0.0,"played":[0.9973,0.0027],"evs":[0.0,-1.44177]},"73o":{"weight":0.0,"played":[1.0,0.0],"evs":[0.0,-1.92093]},"83o":{"weight":0.0,"played":[1.0,0.0],"evs":[0.0,-2.30602]},"93o":{"weight":0.0,"played":[0.9999,1.0E-4],"evs":[0.0,-2.17822]},"T3o":{"weight":0.0,"played":[0.9997,3.0E-4],"evs":[0.0,-1.53219]},"J3o":{"weight":0.0,"played":[1.0,0.0],"evs":[0.0,-1.57852]},"Q3o":{"weight":0.0,"played":[0.9996,4.0E-4],"evs":[0.0,-1.42652]},"K3o":{"weight":0.0,"played":[0.9988,0.0012],"evs":[0.0,-0.59977]},"A3o":{"weight":0.0,"played":[0.5797,0.4203],"evs":[0.0,0.21049]},"42s":{"weight":0.0,"played":[0.9507,0.0493],"evs":[0.0,-0.27839]},"43s":{"weight":0.0,"played":[0.0996,0.9004],"evs":[0.0,0.34121]},"44":{"weight":0.9997,"played":[5.0E-4,0.9995],"evs":[0.0,2.88416]},"54o":{"weight":0.0,"played":[0.9855,0.0145],"evs":[0.0,-0.46065]},"64o":{"weight":0.0,"played":[0.9973,0.0027],"evs":[0.0,-0.82461]},"74o":{"weight":0.0,"played":[0.9993,7.0E-4],"evs":[0.0,-1.21162]},"84o":{"weight":0.0,"played":[0.9994,6.0E-4],"evs":[0.0,-1.53721]},"94o":{"weight":0.0,"played":[0.9998,2.0E-4],"evs":[0.0,-2.24688]},"T4o":{"weight":0.0,"played":[0.9999,1.0E-4],"evs":[0.0,-1.68504]},"J4o":{"weight":0.0,"played":[1.0,0.0],"evs":[0.0,-1.12745]},"Q4o":{"weight":0.0,"played":[0.9999,1.0E-4],"evs":[0.0,-0.86407]},"K4o":{"weight":0.0,"played":[0.9973,0.0027],"evs":[0.0,-0.84295]},"A4o":{"weight":0.0,"played":[0.4146,0.5854],"evs":[0.0,0.31709]},"52s":{"weight":0.0,"played":[0.555,0.445],"evs":[0.0,-0.14969]},"53s":{"weight":0.0,"played":[0.6701,0.3299],"evs":[0.0,0.25704]},"54s":{"weight":0.0,"played":[0.1167,0.8833],"evs":[0.0,0.52146]},"55":{"weight":0.5077,"played":[0.0,1.0],"evs":[0.0,3.29958]},"65o":{"weight":0.0,"played":[0.9976,0.0024],"evs":[0.0,-0.48757]},"75o":{"weight":0.0,"played":[0.9998,2.0E-4],"evs":[0.0,-0.61037]},"85o":{"weight":0.0,"played":[0.9952,0.0048],"evs":[0.0,-1.19455]},"95o":{"weight":0.0,"played":[0.9993,7.0E-4],"evs":[0.0,-1.63562]},"T5o":{"weight":0.0,"played":[0.9999,1.0E-4],"evs":[0.0,-1.59857]},"J5o":{"weight":0.0,"played":[0.9998,2.0E-4],"evs":[0.0,-1.05396]},"Q5o":{"weight":0.0,"played":[0.9999,1.0E-4],"evs":[0.0,-0.60262]},"K5o":{"weight":0.0,"played":[0.9674,0.0326],"evs":[0.0,-0.48743]},"A5o":{"weight":0.0,"played":[0.091,0.909],"evs":[0.0,0.65007]},"62s":{"weight":0.0,"played":[0.8324,0.1676],"evs":[0.0,-0.38738]},"63s":{"weight":0.0,"played":[0.5108,0.4892],"evs":[0.0,-0.30554]},"64s":{"weight":0.0,"played":[0.2371,0.7629],"evs":[0.0,0.79642]},"65s":{"weight":0.0,"played":[0.0427,0.9573],"evs":[0.0,1.1511]},"66":{"weight":0.0114,"played":[0.0,1.0],"evs":[0.0,4.25148]},"76o":{"weight":0.0,"played":[0.9389,0.0611],"evs":[0.0,-0.03183]},"86o":{"weight":0.0,"played":[1.0,0.0],"evs":[0.0,-0.26958]},"96o":{"weight":0.0,"played":[0.9981,0.0019],"evs":[0.0,-0.94426]},"T6o":{"weight":0.0,"played":[0.9978,0.0022],"evs":[0.0,-0.73826]},"J6o":{"weight":0.0,"played":[0.9998,2.0E-4],"evs":[0.0,-1.20605]},"Q6o":{"weight":0.0,"played":[0.9905,0.0095],"evs":[0.0,-0.20331]},"K6o":{"weight":0.0,"played":[0.9986,0.0014],"evs":[0.0,-0.21627]},"A6o":{"weight":0.0,"played":[0.3567,0.6433],"evs":[0.0,0.4243]},"72s":{"weight":0.0,"played":[0.9993,7.0E-4],"evs":[0.0,-1.01481]},"73s":{"weight":0.0,"played":[0.8735,0.1265],"evs":[0.0,-0.61242]},"74s":{"weight":0.0,"played":[0.2165,0.7835],"evs":[0.0,0.03961]},"75s":{"weight":0.0,"played":[0.0028,0.9972],"evs":[0.0,0.3997]},"76s":{"weight":0.0,"played":[2.0E-4,0.9998],"evs":[0.0,2.00901]},"77":{"weight":5.0E-4,"played":[0.0,1.0],"evs":[0.0,5.03508]},"87o":{"weight":0.0,"played":[0.2766,0.7234],"evs":[0.0,0.38882]},"97o":{"weight":0.0,"played":[0.9986,0.0014],"evs":[0.0,-0.69998]},"T7o":{"weight":0.0,"played":[0.9336,0.0664],"evs":[0.0,-0.1148]},"J7o":{"weight":0.0,"played":[0.9466,0.0534],"evs":[0.0,-0.17152]},"Q7o":{"weight":0.0,"played":[0.9999,1.0E-4],"evs":[0.0,-0.56187]},"K7o":{"weight":0.0,"played":[0.408,0.592],"evs":[0.0,0.47514]},"A7o":{"weight":0.0,"played":[0.0,1.0],"evs":[0.0,1.55062]},"82s":{"weight":0.0,"played":[0.8202,0.1798],"evs":[0.0,-0.54102]},"83s":{"weight":0.0,"played":[0.8402,0.1598],"evs":[0.0,-1.24242]},"84s":{"weight":0.0,"played":[0.9118,0.0882],"evs":[0.0,-0.45851]},"85s":{"weight":0.0,"played":[0.082,0.918],"evs":[0.0,-0.20428]},"86s":{"weight":0.0,"played":[0.0012,0.9988],"evs":[0.0,1.04128]},"87s":{"weight":6.0E-4,"played":[0.0028,0.9972],"evs":[0.0,1.11076]},"88":{"weight":0.0,"played":[0.0,1.0],"evs":[0.0,6.20983]},"98o":{"weight":0.0,"played":[0.2354,0.7646],"evs":[0.0,-0.04035]},"T8o":{"weight":0.0,"played":[0.5434,0.4566],"evs":[0.0,0.33127]},"J8o":{"weight":0.0,"played":[0.7145,0.2855],"evs":[0.0,-0.01261]},"Q8o":{"weight":0.0,"played":[0.8419,0.1581],"evs":[0.0,-0.08665]},"K8o":{"weight":0.0,"played":[0.5771,0.4229],"evs":[0.0,0.04884]},"A8o":{"weight":0.0,"played":[0.0013,0.9987],"evs":[0.0,1.48599]},"92s":{"weight":0.0,"played":[0.9086,0.0914],"evs":[0.0,-1.05629]},"93s":{"weight":0.0,"played":[0.9772,0.0228],"evs":[0.0,-0.84506]},"94s":{"weight":0.0,"played":[0.9997,3.0E-4],"evs":[0.0,-1.0264]},"95s":{"weight":0.0,"played":[0.6244,0.3756],"evs":[0.0,-0.99971]},"96s":{"weight":0.0,"played":[0.0309,0.9691],"evs":[0.0,0.55176]},"97s":{"weight":0.0,"played":[3.0E-4,0.9997],"evs":[0.0,0.44639]},"98s":{"weight":0.0,"played":[0.0048,0.9952],"evs":[0.0,1.31276]},"99":{"weight":0.0,"played":[0.0,1.0],"evs":[0.0,6.80111]},"T9o":{"weight":0.0,"played":[0.0289,0.9711],"evs":[0.0,0.68075]},"J9o":{"weight":0.0,"played":[0.0,1.0],"evs":[0.0,0.24337]},"Q9o":{"weight":0.0,"played":[0.0288,0.9712],"evs":[0.0,0.42368]},"K9o":{"weight":0.0,"played":[0.0898,0.9102],"evs":[0.0,0.85142]},"A9o":{"weight":0.0039,"played":[0.0015,0.9985],"evs":[0.0,2.52786]},"T2s":{"weight":0.0,"played":[0.9713,0.0287],"evs":[0.0,-0.75737]},"T3s":{"weight":0.0,"played":[0.9955,0.0045],"evs":[0.0,-0.53586]},"T4s":{"weight":0.0,"played":[0.2223,0.7777],"evs":[0.0,0.14329]},"T5s":{"weight":0.0,"played":[0.0342,0.9658],"evs":[0.0,0.58885]},"T6s":{"weight":0.0,"played":[0.1294,0.8706],"evs":[0.0,0.26436]},"T7s":{"weight":0.0,"played":[0.0013,0.9987],"evs":[0.0,1.04595]},"T8s":{"weight":0.0,"played":[0.081,0.919],"evs":[0.0,2.66851]},"T9s":{"weight":0.0,"played":[0.0,1.0],"evs":[0.0,2.27618]},"TT":{"weight":0.0,"played":[0.0,1.0],"evs":[0.0,8.96126]},"JTo":{"weight":0.0,"played":[0.0083,0.9917],"evs":[0.0,1.33788]},"QTo":{"weight":0.0,"played":[0.0183,0.9817],"evs":[0.0,1.73503]},"KTo":{"weight":0.0,"played":[0.0,1.0],"evs":[0.0,1.61758]},"ATo":{"weight":1.0E-4,"played":[0.0,1.0],"evs":[0.0,4.00954]},"J2s":{"weight":0.0,"played":[0.771,0.229],"evs":[0.0,0.05063]},"J3s":{"weight":0.0,"played":[0.9731,0.0269],"evs":[0.0,-0.57626]},"J4s":{"weight":0.0,"played":[0.4697,0.5303],"evs":[0.0,0.15708]},"J5s":{"weight":0.0,"played":[0.0742,0.9258],"evs":[0.0,0.35963]},"J6s":{"weight":0.0,"played":[0.1448,0.8552],"evs":[0.0,0.28516]},"J7s":{"weight":0.0,"played":[0.0748,0.9252],"evs":[0.0,1.46724]},"J8s":{"weight":0.0,"played":[0.0371,0.9629],"evs":[0.0,0.64848]},"J9s":{"weight":2.0E-4,"played":[0.0,1.0],"evs":[0.0,1.53435]},"JTs":{"weight":0.9978,"played":[3.0E-4,0.9997],"evs":[0.0,2.62064]},"JJ":{"weight":0.0,"played":[0.0,1.0],"evs":[0.0,10.16211]},"QJo":{"weight":0.0019,"played":[0.0063,0.9937],"evs":[0.0,1.31678]},"KJo":{"weight":0.9999,"played":[0.0,1.0],"evs":[0.0,1.68251]},"AJo":{"weight":0.0,"played":[0.0,1.0],"evs":[0.0,5.29899]},"Q2s":{"weight":0.0,"played":[0.44,0.56],"evs":[0.0,-0.01199]},"Q3s":{"weight":0.0,"played":[0.8451,0.1549],"evs":[0.0,-0.12043]},"Q4s":{"weight":0.0,"played":[0.4963,0.5037],"evs":[0.0,-0.34788]},"Q5s":{"weight":0.0,"played":[0.1414,0.8586],"evs":[0.0,0.55375]},"Q6s":{"weight":0.0,"played":[0.0558,0.9442],"evs":[0.0,0.482]},"Q7s":{"weight":0.0,"played":[0.0198,0.9802],"evs":[0.0,1.10712]},"Q8s":{"weight":0.0,"played":[0.0014,0.9986],"evs":[0.0,0.67211]},"Q9s":{"weight":0.0023,"played":[0.0038,0.9962],"evs":[0.0,1.48347]},"QTs":{"weight":0.9999,"played":[0.0012,0.9988],"evs":[0.0,2.2772]},"QJs":{"weight":0.9999,"played":[0.0,1.0],"evs":[0.0,3.54814]},"QQ":{"weight":1.0E-4,"played":[0.0,1.0],"evs":[0.0,11.99768]},"KQo":{"weight":0.2203,"played":[0.0,1.0],"evs":[0.0,2.34945]},"AQo":{"weight":0.0,"played":[0.0,1.0],"evs":[0.0,5.85774]},"K2s":{"weight":0.0,"played":[0.0841,0.9159],"evs":[0.0,1.07763]},"K3s":{"weight":0.0,"played":[0.2053,0.7947],"evs":[0.0,0.69168]},"K4s":{"weight":0.0,"played":[0.1761,0.8239],"evs":[0.0,0.99769]},"K5s":{"weight":0.0,"played":[0.0363,0.9637],"evs":[0.0,1.49026]},"K6s":{"weight":0.0,"played":[0.023,0.977],"evs":[0.0,0.68399]},"K7s":{"weight":0.0,"played":[0.0296,0.9704],"evs":[0.0,0.97467]},"K8s":{"weight":0.0,"played":[1.0E-4,0.9999],"evs":[0.0,2.03315]},"K9s":{"weight":0.8902,"played":[7.0E-4,0.9993],"evs":[0.0,1.45901]},"KTs":{"weight":1.0,"played":[0.0,1.0],"evs":[0.0,2.77151]},"KJs":{"weight":0.9999,"played":[1.0E-4,0.9999],"evs":[0.0,3.43911]},"KQs":{"weight":0.0023,"played":[0.0,1.0],"evs":[0.0,2.7113]},"KK":{"weight":0.0,"played":[0.0,1.0],"evs":[0.0,14.07813]},"AKo":{"weight":0.0,"played":[0.0,1.0],"evs":[0.0,7.57325]},"A2s":{"weight":2.0E-4,"played":[0.014,0.986],"evs":[0.0,0.39728]},"A3s":{"weight":0.0323,"played":[0.0012,0.9988],"evs":[0.0,1.97112]},"A4s":{"weight":0.6141,"played":[0.0,1.0],"evs":[0.0,1.58799]},"A5s":{"weight":0.9886,"played":[0.0066,0.9934],"evs":[0.0,1.96898]},"A6s":{"weight":0.5006,"played":[3.0E-4,0.9997],"evs":[0.0,2.97602]},"A7s":{"weight":0.7611,"played":[0.0,1.0],"evs":[0.0,2.65764]},"A8s":{"weight":0.077,"played":[0.0,1.0],"evs":[0.0,2.91609]},"A9s":{"weight":0.0142,"played":[2.0E-4,0.9998],"evs":[0.0,3.92567]},"ATs":{"weight":0.0013,"played":[0.0,1.0],"evs":[0.0,5.22271]},"AJs":{"weight":1.0E-4,"played":[0.0,1.0],"evs":[0.0,6.42567]},"AQs":{"weight":0.0,"played":[2.0E-4,0.9998],"evs":[0.0,6.59484]},"AKs":{"weight":0.0,"played":[0.0,1.0],"evs":[0.0,8.46142]},"AA":{"weight":8.0E-4,"played":[0.0,1.0],"evs":[0.0,17.75407]}}}