{"player":3,"street":0,"children":2,"sequence":[{"player":0,"type":"F","amount":0,"street":0},{"player":1,"type":"R","amount":200000,"street":0},{"player":2,"type":"C","amount":200000,"street":0},{"player":3,"type":"C","amount":200000,"street":0},{"player":4,"type":"R","amount":715000,"street":0},{"player":5,"type":"R","amount":815000,"street":0},{"player":1,"type":"F","amount":0,"street":0},{"player":2,"type":"F","amount":0,"street":0}],"actions":[{"type":"F","amount":0},{"type":"C","amount":615000}],"hands":{"22":{"weight":0.0,"played":[0.0,1.0],"evs":[0.0,5.27624]},"32o":{"weight":0.0,"played":[0.9629,0.0371],"evs":[0.0,-1.12648]},"42o":{"weight":0.0,"played":[0.4877,0.5123],"evs":[0.0,3.38289]},"52o":{"weight":0.0,"played":[0.3578,0.6422],"evs":[0.0,2.34914]},"62o":{"weight":0.0,"played":[0.7121,0.2879],"evs":[0.0,-3.46732]},"72o":{"weight":0.0,"played":[0.4671,0.5329],"evs":[0.0,1.15752]},"82o":{"weight":0.0,"played":[0.0039,0.9961],"evs":[0.0,-0.11188]},"92o":{"weight":0.0,"played":[0.008,0.992],"evs":[0.0,5.32607]},"T2o":{"weight":0.0,"played":[0.1776,0.8224],"evs":[0.0,2.74184]},"J2o":{"weight":0.0,"played":[0.0346,0.9654],"evs":[0.0,1.1868]},"Q2o":{"weight":0.0,"played":[0.455,0.545],"evs":[0.0,-2.4826]},"K2o":{"weight":0.0,"played":[0.1541,0.8459],"evs":[0.0,3.678]},"A2o":{"weight":0.0,"played":[0.0708,0.9292],"evs":[0.0,3.90292]},"32s":{"weight":0.0,"played":[0.1144,0.8856],"evs":[0.0,6.90653]},"33":{"weight":0.0,"played":[0.6318,0.3682],"evs":[0.0,0.46508]},"43o":{"weight":0.0,"played":[0.0325,0.9675],"evs":[0.0,3.90259]},"53o":{"weight":0.0,"played":[0.4689,0.5311],"evs":[0.0,4.91746]},"63o":{"weight":0.0,"played":[0.4376,0.5624],"evs":[0.0,-0.85858]},"73o":{"weight":0.0,"played":[0.0445,0.9555],"evs":[0.0,0.91885]},"83o":{"weight":0.0,"played":[0.2176,0.7824],"evs":[0.0,2.24801]},"93o":{"weight":0.0,"played":[0.0777,0.9223],"evs":[0.0,7.03775]},"T3o":{"weight":0.0,"played":[0.3839,0.6161],"evs":[0.0,5.99424]},"J3o":{"weight":0.0,"played":[0.4776,0.5224],"evs":[0.0,-0.07033]},"Q3o":{"weight":0.0,"played":[0.7621,0.2379],"evs":[0.0,-0.44506]},"K3o":{"weight":0.0,"played":[0.0095,0.9905],"evs":[0.0,7.09587]},"A3o":{"weight":0.0,"played":[0.0,1.0],"evs":[0.0,6.59518]},"42s":{"weight":0.0,"played":[0.922,0.078],"evs":[0.0,-4.27042]},"43s":{"weight":0.0,"played":[0.1862,0.8138],"evs":[0.0,9.09819]},"44":{"weight":0.9997,"played":[0.1666,0.8334],"evs":[0.0,5.42688]},"54o":{"weight":0.0,"played":[0.0141,0.9859],"evs":[0.0,0.3684]},"64o":{"weight":0.0,"played":[5.0E-4,0.9995],"evs":[0.0,4.63465]},"74o":{"weight":0.0,"played":[0.0211,0.9789],"evs":[0.0,5.81475]},"84o":{"weight":0.0,"played":[0.0183,0.9817],"evs":[0.0,1.98666]},"94o":{"weight":0.0,"played":[0.0762,0.9238],"evs":[0.0,5.925]},"T4o":{"weight":0.0,"played":[0.3554,0.6446],"evs":[0.0,3.37777]},"J4o":{"weight":0.0,"played":[0.0604,0.9396],"evs":[0.0,3.02849]},"Q4o":{"weight":0.0,"played":[0.8787,0.1213],"evs":[0.0,-2.10821]},"K4o":{"weight":0.0,"played":[0.0817,0.9183],"evs":[0.0,3.3801]},"A4o":{"weight":0.0,"played":[0.0547,0.9453],"evs":[0.0,3.87792]},"52s":{"weight":0.0,"played":[0.693,0.307],"evs":[0.0,-2.73106]},"53s":{"weight":0.0,"played":[0.1472,0.8528],"evs":[0.0,0.61954]},"54s":{"weight":0.0,"played":[0.2506,0.7494],"evs":[0.0,6.78166]},"55":{"weight":0.5077,"played":[0.104,0.896],"evs":[0.0,9.45291]},"65o":{"weight":0.0,"played":[0.0797,0.9203],"evs":[0.0,3.90931]},"75o":{"weight":0.0,"played":[0.2456,0.7544],"evs":[0.0,1.30207]},"85o":{"weight":0.0,"played":[0.4273,0.5727],"evs":[0.0,-0.26483]},"95o":{"weight":0.0,"played":[0.0888,0.9112],"evs":[0.0,5.30747]},"T5o":{"weight":0.0,"played":[0.1073,0.8927],"evs":[0.0,0.49527]},"J5o":{"weight":0.0,"played":[0.8552,0.1448],"evs":[0.0,-3.43124]},"Q5o":{"weight":0.0,"played":[0.0859,0.9141],"evs":[0.0,0.66767]},"K5o":{"weight":0.0,"played":[0.0069,0.9931],"evs":[0.0,1.4889]},"A5o":{"weight":0.0,"played":[0.0079,0.9921],"evs":[0.0,1.87752]},"62s":{"weight":0.0,"played":[0.5896,0.4104],"evs":[0.0,0.02679]},"63s":{"weight":0.0,"played":[0.8319,0.1681],"evs":[0.0,-0.66179]},"64s":{"weight":0.0,"played":[0.3878,0.6122],"evs":[0.0,-2.88363]},"65s":{"weight":0.0,"played":[0.273,0.727],"evs":[0.0,1.1644]},"66":{"weight":0.0114,"played":[0.0248,0.9752],"evs":[0.0,7.62777]},"76o":{"weight":0.0,"played":[0.2468,0.7532],"evs":[0.0,1.01691]},"86o":{"weight":0.0,"played":[0.0268,0.9732],"evs":[0.0,5.57267]},"96o":{"weight":0.0,"played":[0.141,0.859],"evs":[0.0,1.12362]},"T6o":{"weight":0.0,"played":[0.3401,0.6599],"evs":[0.0,-0.2008]},"J6o":{"weight":0.0,"played":[0.0729,0.9271],"evs":[0.0,1.03883]},"Q6o":{"weight":0.0,"played":[0.6954,0.3046],"evs":[0.0,-1.25337]},"K6o":{"weight":0.0,"played":[2.0E-4,0.9998],"evs":[0.0,4.67883]},"A6o":{"weight":0.0,"played":[0.1222,0.8778],"evs":[0.0,5.10306]},"72s":{"weight":0.0,"played":[0.0563,0.9437],"evs":[0.0,5.89726]},"73s":{"weight":0.0,"played":[0.5256,0.4744],"evs":[0.0,-0.59991]},"74s":{"weight":0.0,"played":[0.1769,0.8231],"evs":[0.0,2.46468]},"75s":{"weight":0.0,"played":[0.0337,0.9663],"evs":[0.0,6.43002]},"76s":{"weight":0.0,"played":[0.4441,0.5559],"evs":[0.0,-2.58129]},"77":{"weight":5.0E-4,"played":[1.0E-4,0.9999],"evs":[0.0,3.52009]},"87o":{"weight":0.0,"played":[0.0261,0.9739],"evs":[0.0,1.4913]},"97o":{"weight":0.0,"played":[0.0681,0.9319],"evs":[0.0,4.66325]},"T7o":{"weight":0.0,"played":[0.9168,0.0832],"evs":[0.0,0.40028]},"J7o":{"weight":0.0,"played":[0.5644,0.4356],"evs":[0.0,-0.98491]},"Q7o":{"weight":0.0,"played":[0.4057,0.5943],"evs":[0.0,3.02531]},"K7o":{"weight":0.0,"played":[0.2781,0.7219],"evs":[0.0,5.08676]},"A7o":{"weight":0.0,"played":[0.0567,0.9433],"evs":[0.0,2.66551]},"82s":{"weight":0.0,"played":[0.2693,0.7307],"evs":[0.0,9.1505]},"83s":{"weight":0.0,"played":[0.5978,0.4022],"evs":[0.0,-3.02119]},"84s":{"weight":0.0,"played":[0.1545,0.8455],"evs":[0.0,2.48377]},"85s":{"weight":0.0,"played":[0.3141,0.6859],"evs":[0.0,-0.77564]},"86s":{"weight":0.0,"played":[0.0027,0.9973],"evs":[0.0,2.88346]},"87s":{"weight":6.0E-4,"played":[0.7455,0.2545],"evs":[0.0,-4.84404]},"88":{"weight":0.0,"played":[0.3354,0.6646],"evs":[0.0,3.7442]},"98o":{"weight":0.0,"played":[0.85,0.15],"evs":[0.0,0.74982]},"T8o":{"weight":0.0,"played":[0.0046,0.9954],"evs":[0.0,3.59879]},"J8o":{"weight":0.0,"played":[0.0275,0.9725],"evs":[0.0,2.27624]},"Q8o":{"weight":0.0,"played":[0.2842,0.7158],"evs":[0.0,-0.65915]},"K8o":{"weight":0.0,"played":[0.0062,0.9938],"evs":[0.0,1.61595]},"A8o":{"weight":0.0,"played":[0.0165,0.9835],"evs":[0.0,4.09115]},"92s":{"weight":0.0,"played":[0.6426,0.3574],"evs":[0.0,-1.79303]},"93s":{"weight":0.0,"played":[0.0403,0.9597],"evs":[0.0,2.68755]},"94s":{"weight":0.0,"played":[0.326,0.674],"evs":[0.0,0.89913]},"95s":{"weight":0.0,"played":[0.0772,0.9228],"evs":[0.0,5.59953]},"96s":{"weight":0.0,"played":[0.2351,0.7649],"evs":[0.0,6.61667]},"97s":{"weight":0.0,"played":[0.4455,0.5545],"evs":[0.0,1.83906]},"98s":{"weight":0.0,"played":[0.0098,0.9902],"evs":[0.0,7.88677]},"99":{"weight":0.0,"played":[0.0,1.0],"evs":[0.0,16.19009]},"T9o":{"weight":0.0,"played":[0.018,0.982],"evs":[0.0,5.20268]},"J9o":{"weight":0.0,"played":[0.0359,0.9641],"evs":[0.0,6.16417]},"Q9o":{"weight":0.0,"played":[0.3961,0.6039],"evs":[0.0,-0.2056]},"K9o":{"weight":0.0,"played":[0.1371,0.8629],"evs":[0.0,6.06312]},"A9o":{"weight":0.0039,"played":[0.0433,0.9567],"evs":[0.0,6.02673]},"T2s":{"weight":0.0,"played":[0.1259,0.8741],"evs":[0.0,5.86236]},"T3s":{"weight":0.0,"played":[0.65,0.35],"evs":[0.0,-0.18349]},"T4s":{"weight":0.0,"played":[0.0889,0.9111],"evs":[0.0,2.86903]},"T5s":{"weight":0.0,"played":[0.3838,0.6162],"evs":[0.0,1.97448]},"T6s":{"weight":0.0,"played":[0.3348,0.6652],"evs":[0.0,-0.94231]},"T7s":{"weight":0.0,"played":[0.3286,0.6714],"evs":[0.0,-2.09547]},"T8s":{"weight":0.0,"played":[0.1027,0.8973],"evs":[0.0,4.73539]},"T9s":{"weight":0.0,"played":[0.0206,0.9794],"evs":[0.0,4.28294]},"TT":{"weight":0.0,"played":[0.0,1.0],"evs":[0.0,5.74202]},"JTo":{"weight":0.0,"played":[0.0349,0.9651],"evs":[0.0,9.99697]},"QTo":{"weight":0.0,"played":[0.0212,0.9788],"evs":[0.0,1.92481]},"KTo":{"weight":0.0,"played":[0.3339,0.6661],"evs":[0.0,5.83385]},"ATo":{"weight":1.0E-4,"played":[0.0314,0.9686],"evs":[0.0,5.59907]},"J2s":{"weight":0.0,"played":[0.2147,0.7853],"evs":[0.0,11.52549]},"J3s":{"weight":0.0,"played":[1.0,0.0],"evs":[0.0,2.4094]},"J4s":{"weight":0.0,"played":[0.4061,0.5939],"evs":[0.0,3.25608]},"J5s":{"weight":0.0,"played":[0.3737,0.6263],"evs":[0.0,-1.40489]},"J6s":{"weight":0.0,"played":[0.3018,0.6982],"evs":[0.0,3.06536]},"J7s":{"weight":0.0,"played":[0.5605,0.4395],"evs":[0.0,1.36125]},"J8s":{"weight":0.0,"played":[0.1681,0.8319],"evs":[0.0,4.83812]},"J9s":{"weight":2.0E-4,"played":[0.0154,0.9846],"evs":[0.0,6.18501]},"JTs":{"weight":0.9978,"played":[0.152,0.848],"evs":[0.0,2.81393]},"JJ":{"weight":0.0,"played":[0.0804,0.9196],"evs":[0.0,8.01273]},"QJo":{"weight":0.0019,"played":[0.0218,0.9782],"evs":[0.0,4.45115]},"KJo":{"weight":0.9999,"played":[0.0018,0.9982],"evs":[0.0,6.3247]},"AJo":{"weight":0.0,"played":[0.0195,0.9805],"evs":[0.0,3.93336]},"Q2s":{"weight":0.0,"played":[0.2475,0.7525],"evs":[0.0,5.93025]},"Q3s":{"weight":0.0,"played":[0.0876,0.9124],"evs":[0.0,0.62647]},"Q4s":{"weight":0.0,"played":[0.1662,0.8338],"evs":[0.0,12.1608]},"Q5s":{"weight":0.0,"played":[0.5746,0.4254],"evs":[0.0,2.2249]},"Q6s":{"weight":0.0,"played":[0.0,1.0],"evs":[0.0,1.85475]},"Q7s":{"weight":0.0,"played":[0.399,0.601],"evs":[0.0,1.10327]},"Q8s":{"weight":0.0,"played":[0.1252,0.8748],"evs":[0.0,13.14784]},"Q9s":{"weight":0.0023,"played":[0.0,1.0],"evs":[0.0,15.15601]},"QTs":{"weight":0.9999,"played":[0.3816,0.6184],"evs":[0.0,-1.30158]},"QJs":{"weight":0.9999,"played":[0.0157,0.9843],"evs":[0.0,6.05874]},"QQ":{"weight":1.0E-4,"played":[0.0113,0.9887],"evs":[0.0,6.47393]},"KQo":{"weight":0.2203,"played":[0.002,0.998],"evs":[0.0,4.62703]},"AQo":{"weight":0.0,"played":[0.1053,0.8947],"evs":[0.0,5.52386]},"K2s":{"weight":0.0,"played":[0.4019,0.5981],"evs":[0.0,2.34341]},"K3s":{"weight":0.0,"played":[0.6643,0.3357],"evs":[0.0,-2.01686]},"K4s":{"weight":0.0,"played":[0.0452,0.9548],"evs":[0.0,3.53337]},"K5s":{"weight":0.0,"played":[0.0406,0.9594],"evs":[0.0,16.09121]},"K6s":{"weight":0.0,"played":[0.4299,0.5701],"evs":[0.0,-2.2682]},"K7s":{"weight":0.0,"played":[0.1606,0.8394],"evs":[0.0,3.61299]},"K8s":{"weight":0.0,"played":[0.2586,0.7414],"evs":[0.0,13.66942]},"K9s":{"weight":0.8902,"played":[0.0172,0.9828],"evs":[0.0,4.28332]},"KTs":{"weight":1.0,"played":[0.0762,0.9238],"evs":[0.0,2.8292]},"KJs":{"weight":0.9999,"played":[0.0816,0.9184],"evs":[0.0,3.25897]},"KQs":{"weight":0.0023,"played":[4.0E-4,0.9996],"evs":[0.0,5.21607]},"KK":{"weight":0.0,"played":[5.0E-4,0.9995],"evs":[0.0,11.23584]},"AKo":{"weight":0.0,"played":[0.1409,0.8591],"evs":[0.0,5.02455]},"A2s":{"weight":2.0E-4,"played":[0.2464,0.7536],"evs":[0.0,1.57803]},"A3s":{"weight":0.0323,"played":[0.4039,0.5961],"evs":[0.0,12.67839]},"A4s":{"weight":0.6141,"played":[0.116,0.884],"evs":[0.0,3.23445]},"A5s":{"weight":0.9886,"played":[0.0492,0.9508],"evs":[0.0,5.20849]},"A6s":{"weight":0.5006,"played":[0.1715,0.8285],"evs":[0.0,7.14459]},"A7s":{"weight":0.7611,"played":[0.0487,0.9513],"evs":[0.0,6.51542]},"A8s":{"weight":0.077,"played":[0.0054,0.9946],"evs":[0.0,5.29576]},"A9s":{"weight":0.0142,"played":[0.0946,0.9054],"evs":[0.0,17.89995]},"ATs":{"weight":0.0013,"played":[0.0216,0.9784],"evs":[0.0,8.59215]},"AJs":{"weight":1.0E-4,"played":[0.3548,0.6452],"evs":[0.0,11.29509]},"AQs":{"weight":0.0,"played":[0.3063,0.6937],"evs":[0.0,15.66883]},"AKs":{"weight":0.0,"played":[0.054,0.946],"evs":[0.0,12.8564]},"AA":{"weight":8.0E-4,"played":[0.0468,0.9532],"evs":[0.0,14.88025]}}}