{"player":3,"street":0,"children":2,"sequence":[{"player":0,"type":"F","amount":0,"street":0},{"player":1,"type":"R","amount":200000,"street":0},{"player":2,"type":"C","amount":200000,"street":0},{"player":3,"type":"C","amount":200000,"street":0},{"player":4,"type":"R","amount":715000,"street":0},{"player":5,"type":"R","amount":815000,"street":0},{"player":1,"type":"C","amount":615000,"street":0},{"player":2,"type":"R","amount":2215000,"street":0}],"actions":[{"type":"F","amount":0,"node":142},{"type":"C","amount":1015000,"node":143}],"hands":{"22":{"weight":0.0,"played":[0.6144,0.3856],"evs":[0.0,0.04702]},"32o":{"weight":0.0,"played":[0.9999,1.0E-4],"evs":[0.0,-2.5656]},"42o":{"weight":0.0,"played":[0.9976,0.0024],"evs":[0.0,-2.16246]},"52o":{"weight":0.0,"played":[1.0,0.0],"evs":[0.0,-1.87188]},"62o":{"weight":0.0,"played":[0.9974,0.0026],"evs":[0.0,-2.96205]},"72o":{"weight":0.0,"played":[1.0,0.0],"evs":[0.0,-3.09423]},"82o":{"weight":0.0,"played":[0.9999,1.0E-4],"evs":[0.0,-3.18134]},"92o":{"weight":0.0,"played":[1.0,0.0],"evs":[0.0,-3.13559]},"T2o":{"weight":0.0,"played":[1.0,0.0],"evs":[0.0,-3.17659]},"J2o":{"weight":0.0,"played":[0.9999,1.0E-4],"evs":[0.0,-2.95323]},"Q2o":{"weight":0.0,"played":[1.0,0.0],"evs":[0.0,-2.59175]},"K2o":{"weight":0.0,"played":[0.9964,0.0036],"evs":[0.0,-1.95256]},"A2o":{"weight":0.0,"played":[0.9989,0.0011],"evs":[0.0,-2.79041]},"32s":{"weight":0.0,"played":[0.9638,0.0362],"evs":[0.0,-1.39239]},"33":{"weight":0.0,"played":[0.3427,0.6573],"evs":[0.0,0.32049]},"43o":{"weight":0.0,"played":[0.9993,7.0E-4],"evs":[0.0,-1.53634]},"53o":{"weight":0.0,"played":[0.9691,0.0309],"evs":[0.0,-1.29015]},"63o":{"weight":0.0,"played":[0.9858,0.0142],"evs":[0.0,-1.86541]},"73o":{"weight":0.0,"played":[1.0,0.0],"evs":[0.0,-2.89583]},"83o":{"weight":0.0,"played":[1.0,0.0],"evs":[0.0,-3.51326]},"93o":{"weight":0.0,"played":[1.0,0.0],"evs":[0.0,-3.43555]},"T3o":{"weight":0.0,"played":[1.0,0.0],"evs":[0.0,-3.31917]},"J3o":{"weight":0.0,"played":[0.9995,5.0E-4],"evs":[0.0,-2.05775]},"Q3o":{"weight":0.0,"played":[1.0,0.0],"evs":[0.0,-2.48186]},"K3o":{"weight":0.0,"played":[0.9982,0.0018],"evs":[0.0,-1.92764]},"A3o":{"weight":0.0,"played":[0.9978,0.0022],"evs":[0.0,-2.19169]},"42s":{"weight":0.0,"played":[0.8961,0.1039],"evs":[0.0,-0.80869]},"43s":{"weight":0.0,"played":[0.4366,0.5634],"evs":[0.0,0.84013]},"44":{"weight":0.9997,"played":[1.0E-4,0.9999],"evs":[0.0,1.92792]},"54o":{"weight":0.0,"played":[0.993,0.007],"evs":[0.0,-0.98071]},"64o":{"weight":0.0,"played":[0.9555,0.0445],"evs":[0.0,-0.79158]},"74o":{"weight":0.0,"played":[0.9903,0.0097],"evs":[0.0,-2.57139]},"84o":{"weight":0.0,"played":[0.9974,0.0026],"evs":[0.0,-2.00469]},"94o":{"weight":0.0,"played":[1.0,0.0],"evs":[0.0,-4.00944]},"T4o":{"weight":0.0,"played":[0.9999,1.0E-4],"evs":[0.0,-3.46186]},"J4o":{"weight":0.0,"played":[1.0,0.0],"evs":[0.0,-2.42104]},"Q4o":{"weight":0.0,"played":[1.0,0.0],"evs":[0.0,-2.19754]},"K4o":{"weight":0.0,"played":[0.9998,2.0E-4],"evs":[0.0,-0.97335]},"A4o":{"weight":0.0,"played":[0.9906,0.0094],"evs":[0.0,-2.44145]},"52s":{"weight":0.0,"played":[0.284,0.716],"evs":[0.0,0.40266]},"53s":{"weight":0.0,"played":[0.2644,0.7356],"evs":[0.0,1.35628]},"54s":{"weight":0.0,"played":[0.0105,0.9895],"evs":[0.0,0.6382]},"55":{"weight":0.5077,"played":[0.0042,0.9958],"evs":[0.0,2.14227]},"65o":{"weight":0.0,"played":[0.6726,0.3274],"evs":[0.0,-0.41907]},"75o":{"weight":0.0,"played":[0.9917,0.0083],"evs":[0.0,-0.90561]},"85o":{"weight":0.0,"played":[0.9974,0.0026],"evs":[0.0,-1.75117]},"95o":{"weight":0.0,"played":[1.0,0.0],"evs":[0.0,-2.77913]},"T5o":{"weight":0.0,"played":[0.9998,2.0E-4],"evs":[0.0,-2.39555]},"J5o":{"weight":0.0,"played":[0.9999,1.0E-4],"evs":[0.0,-1.98862]},"Q5o":{"weight":0.0,"played":[0.9999,1.0E-4],"evs":[0.0,-2.54945]},"K5o":{"weight":0.0,"played":[0.9836,0.0164],"evs":[0.0,-0.94307]},"A5o":{"weight":0.0,"played":[0.9919,0.0081],"evs":[0.0,-1.59613]},"62s":{"weight":0.0,"played":[0.8303,0.1697],"evs":[0.0,-1.19378]},"63s":{"weight":0.0,"played":[0.455,0.545],"evs":[0.0,0.13137]},"64s":{"weight":0.0,"played":[0.2209,0.7791],"evs":[0.0,0.35668]},"65s":{"weight":0.0,"played":[0.5706,0.4294],"evs":[0.0,-0.47497]},"66":{"weight":0.0114,"played":[1.0E-4,0.9999],"evs":[0.0,2.95511]},"76o":{"weight":0.0,"played":[0.7594,0.2406],"evs":[0.0,-0.54809]},"86o":{"weight":0.0,"played":[0.9647,0.0353],"evs":[0.0,-0.13757]},"96o":{"weight":0.0,"played":[0.9692,0.0308],"evs":[0.0,-1.36424]},"T6o":{"weight":0.0,"played":[0.9988,0.0012],"evs":[0.0,-2.75541]},"J6o":{"weight":0.0,"played":[0.9999,1.0E-4],"evs":[0.0,-1.83503]},"Q6o":{"weight":0.0,"played":[0.9861,0.0139],"evs":[0.0,-1.98213]},"K6o":{"weight":0.0,"played":[0.9836,0.0164],"evs":[0.0,-1.51977]},"A6o":{"weight":0.0,"played":[0.9998,2.0E-4],"evs":[0.0,-2.22695]},"72s":{"weight":0.0,"played":[0.9872,0.0128],"evs":[0.0,-1.96819]},"73s":{"weight":0.0,"played":[0.5059,0.4941],"evs":[0.0,-0.21146]},"74s":{"weight":0.0,"played":[0.4376,0.5624],"evs":[0.0,-0.07323]},"75s":{"weight":0.0,"played":[0.0414,0.9586],"evs":[0.0,0.74256]},"76s":{"weight":0.0,"played":[0.0119,0.9881],"evs":[0.0,1.59402]},"77":{"weight":5.0E-4,"played":[0.0028,0.9972],"evs":[0.0,1.72016]},"87o":{"weight":0.0,"played":[0.9942,0.0058],"evs":[0.0,-1.31178]},"97o":{"weight":0.0,"played":[0.9952,0.0048],"evs":[0.0,-1.90259]},"T7o":{"weight":0.0,"played":[0.9976,0.0024],"evs":[0.0,-1.07011]},"J7o":{"weight":0.0,"played":[0.9999,1.0E-4],"evs":[0.0,-1.96667]},"Q7o":{"weight":0.0,"played":[0.9869,0.0131],"evs":[0.0,-1.86265]},"K7o":{"weight":0.0,"played":[0.9991,9.0E-4],"evs":[0.0,-2.05946]},"A7o":{"weight":0.0,"played":[0.9669,0.0331],"evs":[0.0,-2.0706]},"82s":{"weight":0.0,"played":[0.9901,0.0099],"evs":[0.0,-0.9582]},"83s":{"weight":0.0,"played":[0.9844,0.0156],"evs":[0.0,-1.2324]},"84s":{"weight":0.0,"played":[0.9068,0.0932],"evs":[0.0,-0.75712]},"85s":{"weight":0.0,"played":[0.923,0.077],"evs":[0.0,-0.42038]},"86s":{"weight":0.0,"played":[0.5948,0.4052],"evs":[0.0,-0.48523]},"87s":{"weight":6.0E-4,"played":[0.0,1.0],"evs":[0.0,1.04455]},"88":{"weight":0.0,"played":[5.0E-4,0.9995],"evs":[0.0,3.08532]},"98o":{"weight":0.0,"played":[0.9887,0.0113],"evs":[0.0,-0.43852]},"T8o":{"weight":0.0,"played":[0.9052,0.0948],"evs":[0.0,-1.04528]},"J8o":{"weight":0.0,"played":[0.867,0.133],"evs":[0.0,-0.75382]},"Q8o":{"weight":0.0,"played":[0.9513,0.0487],"evs":[0.0,-1.90339]},"K8o":{"weight":0.0,"played":[0.9914,0.0086],"evs":[0.0,-1.36664]},"A8o":{"weight":0.0,"played":[0.9939,0.0061],"evs":[0.0,-0.61135]},"92s":{"weight":0.0,"played":[0.9921,0.0079],"evs":[0.0,-0.76603]},"93s":{"weight":0.0,"played":[0.8124,0.1876],"evs":[0.0,-0.70777]},"94s":{"weight":0.0,"played":[0.8773,0.1227],"evs":[0.0,-0.10331]},"95s":{"weight":0.0,"played":[0.8262,0.1738],"evs":[0.0,-0.07158]},"96s":{"weight":0.0,"played":[0.7426,0.2574],"evs":[0.0,-0.18856]},"97s":{"weight":0.0,"played":[0.0086,0.9914],"evs":[0.0,0.84924]},"98s":{"weight":0.0,"played":[0.0109,0.9891],"evs":[0.0,1.27823]},"99":{"weight":0.0,"played":[4.0E-4,0.9996],"evs":[0.0,5.19427]},"T9o":{"weight":0.0,"played":[0.7255,0.2745],"evs":[0.0,0.09275]},"J9o":{"weight":0.0,"played":[0.8265,0.1735],"evs":[0.0,-0.93642]},"Q9o":{"weight":0.0,"played":[0.9445,0.0555],"evs":[0.0,-0.14467]},"K9o":{"weight":0.0,"played":[0.3126,0.6874],"evs":[0.0,-0.00283]},"A9o":{"weight":0.0039,"played":[0.9963,0.0037],"evs":[0.0,-1.31463]},"T2s":{"weight":0.0,"played":[0.368,0.632],"evs":[0.0,0.32083]},"T3s":{"weight":0.0,"played":[0.783,0.217],"evs":[0.0,-1.20877]},"T4s":{"weight":0.0,"played":[0.9509,0.0491],"evs":[0.0,-1.25178]},"T5s":{"weight":0.0,"played":[0.9813,0.0187],"evs":[0.0,-1.80737]},"T6s":{"weight":0.0,"played":[0.7641,0.2359],"evs":[0.0,-0.00477]},"T7s":{"weight":0.0,"played":[0.1356,0.8644],"evs":[0.0,0.63674]},"T8s":{"weight":0.0,"played":[0.1239,0.8761],"evs":[0.0,0.63062]},"T9s":{"weight":0.0,"played":[0.3703,0.6297],"evs":[0.0,0.3554]},"TT":{"weight":0.0,"played":[2.0E-4,0.9998],"evs":[0.0,7.08224]},"JTo":{"weight":0.0,"played":[0.3169,0.6831],"evs":[0.0,1.33169]},"QTo":{"weight":0.0,"played":[0.508,0.492],"evs":[0.0,0.03141]},"KTo":{"weight":0.0,"played":[0.063,0.937],"evs":[0.0,0.24609]},"ATo":{"weight":1.0E-4,"played":[0.0351,0.9649],"evs":[0.0,0.10896]},"J2s":{"weight":0.0,"played":[0.4712,0.5288],"evs":[0.0,-0.02221]},"J3s":{"weight":0.0,"played":[0.3097,0.6903],"evs":[0.0,0.69254]},"J4s":{"weight":0.0,"played":[0.9989,0.0011],"evs":[0.0,-0.96131]},"J5s":{"weight":0.0,"played":[0.7052,0.2948],"evs":[0.0,0.64474]},"J6s":{"weight":0.0,"played":[0.93,0.07],"evs":[0.0,-0.69649]},"J7s":{"weight":0.0,"played":[0.3656,0.6344],"evs":[0.0,0.39289]},"J8s":{"weight":0.0,"played":[0.0652,0.9348],"evs":[0.0,0.85776]},"J9s":{"weight":2.0E-4,"played":[0.0461,0.9539],"evs":[0.0,1.45558]},"JTs":{"weight":0.9978,"played":[0.0012,0.9988],"evs":[0.0,2.29226]},"JJ":{"weight":0.0,"played":[1.0E-4,0.9999],"evs":[0.0,9.53879]},"QJo":{"weight":0.0019,"played":[0.087,0.913],"evs":[0.0,0.45718]},"KJo":{"weight":0.9999,"played":[2.0E-4,0.9998],"evs":[0.0,1.47889]},"AJo":{"weight":0.0,"played":[0.0031,0.9969],"evs":[0.0,2.83573]},"Q2s":{"weight":0.0,"played":[0.9072,0.0928],"evs":[0.0,-0.71257]},"Q3s":{"weight":0.0,"played":[0.0023,0.9977],"evs":[0.0,1.0887]},"Q4s":{"weight":0.0,"played":[0.3736,0.6264],"evs":[0.0,0.67819]},"Q5s":{"weight":0.0,"played":[0.8869,0.1131],"evs":[0.0,-1.25118]},"Q6s":{"weight":0.0,"played":[0.2441,0.7559],"evs":[0.0,0.53316]},"Q7s":{"weight":0.0,"played":[0.6467,0.3533],"evs":[0.0,-0.44068]},"Q8s":{"weight":0.0,"played":[0.0222,0.9778],"evs":[0.0,1.96678]},"Q9s":{"weight":0.0023,"played":[0.0052,0.9948],"evs":[0.0,2.12896]},"QTs":{"weight":0.9999,"played":[0.0021,0.9979],"evs":[0.0,1.06574]},"QJs":{"weight":0.9999,"played":[0.0051,0.9949],"evs":[0.0,2.28337]},"QQ":{"weight":1.0E-4,"played":[0.0,1.0],"evs":[0.0,11.98596]},"KQo":{"weight":0.2203,"played":[0.0,1.0],"evs":[0.0,2.04293]},"AQo":{"weight":0.0,"played":[5.0E-4,0.9995],"evs":[0.0,3.47727]},"K2s":{"weight":0.0,"played":[0.0123,0.9877],"evs":[0.0,1.70688]},"K3s":{"weight":0.0,"played":[0.2789,0.7211],"evs":[0.0,1.04796]},"K4s":{"weight":0.0,"played":[0.0278,0.9722],"evs":[0.0,0.3086]},"K5s":{"weight":0.0,"played":[0.2684,0.7316],"evs":[0.0,0.22089]},"K6s":{"weight":0.0,"played":[0.001,0.999],"evs":[0.0,0.37507]},"K7s":{"weight":0.0,"played":[0.0654,0.9346],"evs":[0.0,1.1644]},"K8s":{"weight":0.0,"played":[0.0428,0.9572],"evs":[0.0,0.99363]},"K9s":{"weight":0.8902,"played":[0.2103,0.7897],"evs":[0.0,0.77835]},"KTs":{"weight":1.0,"played":[0.0021,0.9979],"evs":[0.0,3.05239]},"KJs":{"weight":0.9999,"played":[0.0011,0.9989],"evs":[0.0,3.15792]},"KQs":{"weight":0.0023,"played":[2.0E-4,0.9998],"evs":[0.0,3.83156]},"KK":{"weight":0.0,"played":[0.0,1.0],"evs":[0.0,17.37211]},"AKo":{"weight":0.0,"played":[0.0,1.0],"evs":[0.0,5.43901]},"A2s":{"weight":2.0E-4,"played":[0.9974,0.0026],"evs":[0.0,-1.24932]},"A3s":{"weight":0.0323,"played":[0.0077,0.9923],"evs":[0.0,1.86019]},"A4s":{"weight":0.6141,"played":[0.0212,0.9788],"evs":[0.0,0.35428]},"A5s":{"weight":0.9886,"played":[0.0576,0.9424],"evs":[0.0,1.18417]},"A6s":{"weight":0.5006,"played":[0.2854,0.7146],"evs":[0.0,-0.15091]},"A7s":{"weight":0.7611,"played":[0.0988,0.9012],"evs":[0.0,0.5593]},"A8s":{"weight":0.077,"played":[0.0013,0.9987],"evs":[0.0,1.38693]},"A9s":{"weight":0.0142,"played":[0.0,1.0],"evs":[0.0,2.24056]},"ATs":{"weight":0.0013,"played":[0.0117,0.9883],"evs":[0.0,3.5851]},"AJs":{"weight":1.0E-4,"played":[0.0085,0.9915],"evs":[0.0,4.40871]},"AQs":{"weight":0.0,"played":[0.0,1.0],"evs":[0.0,5.3545]},"AKs":{"weight":0.0,"played":[2.0E-4,0.9998],"evs":[0.0,8.38069]},"AA":{"weight":8.0E-4,"played":[0.0,1.0],"evs":[0.0,20.85603]}}}