{"player":5,"street":0,"children":2,"sequence":[{"player":0,"type":"F","amount":0,"street":0},{"player":1,"type":"R","amount":200000,"street":0},{"player":2,"type":"C","amount":200000,"street":0},{"player":3,"type":"R","amount":1215000,"street":0},{"player":4,"type":"F","amount":0,"street":0}],"actions":[{"type":"F","amount":0,"node":149},{"type":"C","amount":715000,"node":154}],"hands":{"22":{"weight":1.0,"played":[0.9999,1.0E-4],"evs":[0.0,-0.41985]},"32o":{"weight":1.0,"played":[1.0,0.0],"evs":[0.0,-2.40496]},"42o":{"weight":1.0,"played":[1.0,0.0],"evs":[0.0,-2.21719]},"52o":{"weight":1.0,"played":[1.0,0.0],"evs":[0.0,-2.01892]},"62o":{"weight":1.0,"played":[1.0,0.0],"evs":[0.0,-2.3471]},"72o":{"weight":1.0,"played":[1.0,0.0],"evs":[0.0,-2.65172]},"82o":{"weight":1.0,"played":[1.0,0.0],"evs":[0.0,-2.60157]},"92o":{"weight":1.0,"played":[1.0,0.0],"evs":[0.0,-2.5864]},"T2o":{"weight":1.0,"played":[1.0,0.0],"evs":[0.0,-2.66308]},"J2o":{"weight":1.0,"played":[1.0,0.0],"evs":[0.0,-2.44057]},"Q2o":{"weight":1.0,"played":[1.0,0.0],"evs":[0.0,-2.28903]},"K2o":{"weight":1.0,"played":[1.0,0.0],"evs":[0.0,-2.04358]},"A2o":{"weight":1.0,"played":[1.0,0.0],"evs":[0.0,-1.8429]},"32s":{"weight":1.0,"played":[1.0,0.0],"evs":[0.0,-1.27634]},"33":{"weight":1.0,"played":[0.9919,0.0081],"evs":[0.0,-0.26601]},"43o":{"weight":1.0,"played":[1.0,0.0],"evs":[0.0,-1.83095]},"53o":{"weight":1.0,"played":[1.0,0.0],"evs":[0.0,-1.61872]},"63o":{"weight":1.0,"played":[1.0,0.0],"evs":[0.0,-1.8688]},"73o":{"weight":1.0,"played":[1.0,0.0],"evs":[0.0,-2.25167]},"83o":{"weight":1.0,"played":[1.0,0.0],"evs":[0.0,-2.6181]},"93o":{"weight":1.0,"played":[1.0,0.0],"evs":[0.0,-2.53031]},"T3o":{"weight":1.0,"played":[1.0,0.0],"evs":[0.0,-2.5816]},"J3o":{"weight":1.0,"played":[1.0,0.0],"evs":[0.0,-2.39512]},"Q3o":{"weight":1.0,"played":[1.0,0.0],"evs":[0.0,-2.31176]},"K3o":{"weight":1.0,"played":[1.0,0.0],"evs":[0.0,-1.82787]},"A3o":{"weight":1.0,"played":[1.0,0.0],"evs":[0.0,-1.72578]},"42s":{"weight":1.0,"played":[1.0,0.0],"evs":[0.0,-1.26029]},"43s":{"weight":1.0,"played":[0.9996,4.0E-4],"evs":[0.0,-0.81375]},"44":{"weight":1.0,"played":[0.2823,0.7177],"evs":[0.0,0.04066]},"54o":{"weight":1.0,"played":[1.0,0.0],"evs":[0.0,-1.20779]},"64o":{"weight":1.0,"played":[1.0,0.0],"evs":[0.0,-1.47856]},"74o":{"weight":1.0,"played":[1.0,0.0],"evs":[0.0,-1.84832]},"84o":{"weight":1.0,"played":[1.0,0.0],"evs":[0.0,-2.15847]},"94o":{"weight":1.0,"played":[1.0,0.0],"evs":[0.0,-2.49743]},"T4o":{"weight":1.0,"played":[1.0,0.0],"evs":[0.0,-2.37168]},"J4o":{"weight":1.0,"played":[1.0,0.0],"evs":[0.0,-2.1957]},"Q4o":{"weight":1.0,"played":[1.0,0.0],"evs":[0.0,-2.09172]},"K4o":{"weight":1.0,"played":[1.0,0.0],"evs":[0.0,-1.77043]},"A4o":{"weight":1.0,"played":[1.0,0.0],"evs":[0.0,-1.56136]},"52s":{"weight":1.0,"played":[1.0,0.0],"evs":[0.0,-1.03648]},"53s":{"weight":1.0,"played":[1.0,0.0],"evs":[0.0,-0.69067]},"54s":{"weight":1.0,"played":[1.0,0.0],"evs":[0.0,-0.30558]},"55":{"weight":1.0,"played":[5.0E-4,0.9995],"evs":[0.0,0.30863]},"65o":{"weight":1.0,"played":[1.0,0.0],"evs":[0.0,-1.01936]},"75o":{"weight":1.0,"played":[1.0,0.0],"evs":[0.0,-1.42471]},"85o":{"weight":1.0,"played":[1.0,0.0],"evs":[0.0,-1.62648]},"95o":{"weight":1.0,"played":[1.0,0.0],"evs":[0.0,-2.02019]},"T5o":{"weight":1.0,"played":[1.0,0.0],"evs":[0.0,-2.30208]},"J5o":{"weight":1.0,"played":[1.0,0.0],"evs":[0.0,-2.12064]},"Q5o":{"weight":1.0,"played":[1.0,0.0],"evs":[0.0,-1.97598]},"K5o":{"weight":1.0,"played":[1.0,0.0],"evs":[0.0,-1.6147]},"A5o":{"weight":1.0,"played":[1.0,0.0],"evs":[0.0,-1.44913]},"62s":{"weight":1.0,"played":[1.0,0.0],"evs":[0.0,-1.32925]},"63s":{"weight":1.0,"played":[0.9996,4.0E-4],"evs":[0.0,-0.78457]},"64s":{"weight":1.0,"played":[0.9991,9.0E-4],"evs":[0.0,-0.5394]},"65s":{"weight":1.0,"played":[0.9753,0.0247],"evs":[0.0,-0.10388]},"66":{"weight":1.0,"played":[0.0,1.0],"evs":[0.0,0.71383]},"76o":{"weight":1.0,"played":[1.0,0.0],"evs":[0.0,-1.10616]},"86o":{"weight":1.0,"played":[1.0,0.0],"evs":[0.0,-1.20528]},"96o":{"weight":1.0,"played":[1.0,0.0],"evs":[0.0,-1.58935]},"T6o":{"weight":1.0,"played":[1.0,0.0],"evs":[0.0,-1.9093]},"J6o":{"weight":1.0,"played":[1.0,0.0],"evs":[0.0,-2.06191]},"Q6o":{"weight":1.0,"played":[1.0,0.0],"evs":[0.0,-1.90721]},"K6o":{"weight":1.0,"played":[1.0,0.0],"evs":[0.0,-1.52698]},"A6o":{"weight":1.0,"played":[1.0,0.0],"evs":[0.0,-1.7074]},"72s":{"weight":1.0,"played":[1.0,0.0],"evs":[0.0,-1.6917]},"73s":{"weight":1.0,"played":[1.0,0.0],"evs":[0.0,-1.20873]},"74s":{"weight":1.0,"played":[1.0,0.0],"evs":[0.0,-0.73965]},"75s":{"weight":1.0,"played":[0.9884,0.0116],"evs":[0.0,-0.5574]},"76s":{"weight":1.0,"played":[0.8472,0.1528],"evs":[0.0,-0.0664]},"77":{"weight":1.0,"played":[1.0E-4,0.9999],"evs":[0.0,1.1363]},"87o":{"weight":1.0,"played":[1.0,0.0],"evs":[0.0,-1.09022]},"97o":{"weight":1.0,"played":[1.0,0.0],"evs":[0.0,-1.31926]},"T7o":{"weight":1.0,"played":[1.0,0.0],"evs":[0.0,-1.63156]},"J7o":{"weight":1.0,"played":[1.0,0.0],"evs":[0.0,-1.71482]},"Q7o":{"weight":1.0,"played":[1.0,0.0],"evs":[0.0,-1.89036]},"K7o":{"weight":1.0,"played":[1.0,0.0],"evs":[0.0,-1.44057]},"A7o":{"weight":1.0,"played":[1.0,0.0],"evs":[0.0,-1.60335]},"82s":{"weight":1.0,"played":[0.9999,1.0E-4],"evs":[0.0,-1.52072]},"83s":{"weight":1.0,"played":[1.0,0.0],"evs":[0.0,-1.57484]},"84s":{"weight":1.0,"played":[1.0,0.0],"evs":[0.0,-0.99336]},"85s":{"weight":1.0,"played":[1.0,0.0],"evs":[0.0,-0.75172]},"86s":{"weight":1.0,"played":[0.9984,0.0016],"evs":[0.0,-0.26706]},"87s":{"weight":1.0,"played":[0.9261,0.0739],"evs":[0.0,-0.15227]},"88":{"weight":1.0,"played":[1.0E-4,0.9999],"evs":[0.0,1.81767]},"98o":{"weight":1.0,"played":[1.0,0.0],"evs":[0.0,-1.10211]},"T8o":{"weight":1.0,"played":[1.0,0.0],"evs":[0.0,-1.30371]},"J8o":{"weight":1.0,"played":[1.0,0.0],"evs":[0.0,-1.49857]},"Q8o":{"weight":1.0,"played":[1.0,0.0],"evs":[0.0,-1.72311]},"K8o":{"weight":1.0,"played":[1.0,0.0],"evs":[0.0,-1.40544]},"A8o":{"weight":1.0,"played":[1.0,0.0],"evs":[0.0,-1.37064]},"92s":{"weight":1.0,"played":[1.0,0.0],"evs":[0.0,-1.53352]},"93s":{"weight":1.0,"played":[0.9999,1.0E-4],"evs":[0.0,-1.49972]},"94s":{"weight":1.0,"played":[1.0,0.0],"evs":[0.0,-1.31732]},"95s":{"weight":1.0,"played":[1.0,0.0],"evs":[0.0,-1.06018]},"96s":{"weight":1.0,"played":[0.9999,1.0E-4],"evs":[0.0,-0.63226]},"97s":{"weight":1.0,"played":[0.9982,0.0018],"evs":[0.0,-0.40034]},"98s":{"weight":1.0,"played":[0.629,0.371],"evs":[0.0,-0.05118]},"99":{"weight":1.0,"played":[0.0,1.0],"evs":[0.0,2.29145]},"T9o":{"weight":1.0,"played":[1.0,0.0],"evs":[0.0,-0.97093]},"J9o":{"weight":1.0,"played":[0.9999,1.0E-4],"evs":[0.0,-1.10985]},"Q9o":{"weight":1.0,"played":[1.0,0.0],"evs":[0.0,-1.257]},"K9o":{"weight":1.0,"played":[1.0,0.0],"evs":[0.0,-1.05416]},"A9o":{"weight":1.0,"played":[0.9999,1.0E-4],"evs":[0.0,-1.25674]},"T2s":{"weight":1.0,"played":[1.0,0.0],"evs":[0.0,-1.42324]},"T3s":{"weight":1.0,"played":[1.0,0.0],"evs":[0.0,-1.59058]},"T4s":{"weight":1.0,"played":[1.0,0.0],"evs":[0.0,-1.47386]},"T5s":{"weight":1.0,"played":[0.9999,1.0E-4],"evs":[0.0,-1.28352]},"T6s":{"weight":1.0,"played":[1.0,0.0],"evs":[0.0,-1.07411]},"T7s":{"weight":1.0,"played":[0.9999,1.0E-4],"evs":[0.0,-0.51957]},"T8s":{"weight":1.0,"played":[0.9969,0.0031],"evs":[0.0,-0.32997]},"T9s":{"weight":1.0,"played":[0.9949,0.0051],"evs":[0.0,-0.21756]},"TT":{"weight":1.0,"played":[0.0,1.0],"evs":[0.0,3.19292]},"JTo":{"weight":1.0,"played":[1.0,0.0],"evs":[0.0,-0.75079]},"QTo":{"weight":1.0,"played":[1.0,0.0],"evs":[0.0,-0.88667]},"KTo":{"weight":1.0,"played":[1.0,0.0],"evs":[0.0,-0.8315]},"ATo":{"weight":1.0,"played":[1.0,0.0],"evs":[0.0,-0.5038]},"J2s":{"weight":1.0,"played":[0.9999,1.0E-4],"evs":[0.0,-1.34043]},"J3s":{"weight":1.0,"played":[0.9996,4.0E-4],"evs":[0.0,-1.25995]},"J4s":{"weight":1.0,"played":[1.0,0.0],"evs":[0.0,-1.14306]},"J5s":{"weight":1.0,"played":[1.0,0.0],"evs":[0.0,-0.95625]},"J6s":{"weight":1.0,"played":[0.9999,1.0E-4],"evs":[0.0,-1.00027]},"J7s":{"weight":1.0,"played":[1.0,0.0],"evs":[0.0,-0.68897]},"J8s":{"weight":1.0,"played":[0.9984,0.0016],"evs":[0.0,-0.37978]},"J9s":{"weight":1.0,"played":[0.8947,0.1053],"evs":[0.0,-0.10024]},"JTs":{"weight":1.0,"played":[0.4439,0.5561],"evs":[0.0,-0.03563]},"JJ":{"weight":1.0,"played":[0.0,1.0],"evs":[0.0,4.53204]},"QJo":{"weight":1.0,"played":[1.0,0.0],"evs":[0.0,-0.6336]},"KJo":{"weight":1.0,"played":[0.9993,7.0E-4],"evs":[0.0,-0.35199]},"AJo":{"weight":1.0,"played":[3.0E-4,0.9997],"evs":[0.0,0.35725]},"Q2s":{"weight":1.0,"played":[0.9998,2.0E-4],"evs":[0.0,-1.24884]},"Q3s":{"weight":1.0,"played":[1.0,0.0],"evs":[0.0,-1.2077]},"Q4s":{"weight":1.0,"played":[1.0,0.0],"evs":[0.0,-0.90389]},"Q5s":{"weight":1.0,"played":[0.9998,2.0E-4],"evs":[0.0,-0.96589]},"Q6s":{"weight":1.0,"played":[0.9997,3.0E-4],"evs":[0.0,-0.72178]},"Q7s":{"weight":1.0,"played":[0.9987,0.0013],"evs":[0.0,-0.68247]},"Q8s":{"weight":1.0,"played":[0.9973,0.0027],"evs":[0.0,-0.45416]},"Q9s":{"weight":1.0,"played":[0.986,0.014],"evs":[0.0,-0.3274]},"QTs":{"weight":1.0,"played":[0.0997,0.9003],"evs":[0.0,0.16088]},"QJs":{"weight":1.0,"played":[0.0015,0.9985],"evs":[0.0,0.38201]},"QQ":{"weight":1.0,"played":[0.0,1.0],"evs":[0.0,6.56592]},"KQo":{"weight":1.0,"played":[0.0218,0.9782],"evs":[0.0,0.1686]},"AQo":{"weight":1.0,"played":[0.0,1.0],"evs":[0.0,1.47039]},"K2s":{"weight":1.0,"played":[1.0,0.0],"evs":[0.0,-0.90832]},"K3s":{"weight":1.0,"played":[1.0,0.0],"evs":[0.0,-0.87127]},"K4s":{"weight":1.0,"played":[1.0,0.0],"evs":[0.0,-0.65242]},"K5s":{"weight":1.0,"played":[0.9995,5.0E-4],"evs":[0.0,-0.71051]},"K6s":{"weight":1.0,"played":[1.0,0.0],"evs":[0.0,-0.46985]},"K7s":{"weight":1.0,"played":[0.9978,0.0022],"evs":[0.0,-0.41238]},"K8s":{"weight":1.0,"played":[0.9999,1.0E-4],"evs":[0.0,-0.38971]},"K9s":{"weight":1.0,"played":[0.9992,8.0E-4],"evs":[0.0,-0.07648]},"KTs":{"weight":1.0,"played":[0.0012,0.9988],"evs":[0.0,0.46521]},"KJs":{"weight":1.0,"played":[0.004,0.996],"evs":[0.0,0.55012]},"KQs":{"weight":1.0,"played":[0.0,1.0],"evs":[0.0,1.15694]},"KK":{"weight":1.0,"played":[0.0,1.0],"evs":[0.0,8.95187]},"AKo":{"weight":1.0,"played":[0.0,1.0],"evs":[0.0,2.75534]},"A2s":{"weight":1.0,"played":[1.0,0.0],"evs":[0.0,-0.67139]},"A3s":{"weight":1.0,"played":[1.0,0.0],"evs":[0.0,-0.5805]},"A4s":{"weight":1.0,"played":[0.9998,2.0E-4],"evs":[0.0,-0.58255]},"A5s":{"weight":1.0,"played":[1.0,0.0],"evs":[0.0,-0.287]},"A6s":{"weight":1.0,"played":[0.9998,2.0E-4],"evs":[0.0,-0.53234]},"A7s":{"weight":1.0,"played":[0.9996,4.0E-4],"evs":[0.0,-0.44688]},"A8s":{"weight":1.0,"played":[1.0,0.0],"evs":[0.0,-0.30003]},"A9s":{"weight":1.0,"played":[0.9988,0.0012],"evs":[0.0,-0.26661]},"ATs":{"weight":1.0,"played":[8.0E-4,0.9992],"evs":[0.0,0.59221]},"AJs":{"weight":1.0,"played":[1.0E-4,0.9999],"evs":[0.0,1.28108]},"AQs":{"weight":1.0,"played":[0.0,1.0],"evs":[0.0,2.59405]},"AKs":{"weight":1.0,"played":[0.0,1.0],"evs":[0.0,3.36939]},"AA":{"weight":1.0,"played":[0.0,1.0],"evs":[0.0,12.25283]}}}