{"player":4,"street":0,"children":2,"sequence":[{"player":0,"type":"F","amount":0,"street":0},{"player":1,"type":"F","amount":0,"street":0},{"player":2,"type":"R","amount":1215000,"street":0},{"player":3,"type":"C","amount":1215000,"street":0}],"actions":[{"type":"F","amount":0,"node":16},{"type":"C","amount":665000,"node":17}],"hands":{"22":{"weight":1.0,"played":[1.0,0.0],"evs":[0.0,-0.45561]},"32o":{"weight":1.0,"played":[1.0,0.0],"evs":[0.0,-2.42881]},"42o":{"weight":1.0,"played":[1.0,0.0],"evs":[0.0,-2.31139]},"52o":{"weight":1.0,"played":[1.0,0.0],"evs":[0.0,-2.19328]},"62o":{"weight":1.0,"played":[1.0,0.0],"evs":[0.0,-2.44379]},"72o":{"weight":1.0,"played":[1.0,0.0],"evs":[0.0,-2.66901]},"82o":{"weight":1.0,"played":[1.0,0.0],"evs":[0.0,-2.52519]},"92o":{"weight":1.0,"played":[1.0,0.0],"evs":[0.0,-2.51076]},"T2o":{"weight":1.0,"played":[1.0,0.0],"evs":[0.0,-2.39089]},"J2o":{"weight":1.0,"played":[1.0,0.0],"evs":[0.0,-2.26829]},"Q2o":{"weight":1.0,"played":[1.0,0.0],"evs":[0.0,-2.08945]},"K2o":{"weight":1.0,"played":[1.0,0.0],"evs":[0.0,-1.93753]},"A2o":{"weight":1.0,"played":[1.0,0.0],"evs":[0.0,-1.43719]},"32s":{"weight":1.0,"played":[1.0,0.0],"evs":[0.0,-1.50821]},"33":{"weight":1.0,"played":[0.9998,2.0E-4],"evs":[0.0,-0.17098]},"43o":{"weight":1.0,"played":[1.0,0.0],"evs":[0.0,-1.9333]},"53o":{"weight":1.0,"played":[1.0,0.0],"evs":[0.0,-1.81712]},"63o":{"weight":1.0,"played":[1.0,0.0],"evs":[0.0,-2.06229]},"73o":{"weight":1.0,"played":[1.0,0.0],"evs":[0.0,-2.28524]},"83o":{"weight":1.0,"played":[1.0,0.0],"evs":[0.0,-2.46446]},"93o":{"weight":1.0,"played":[1.0,0.0],"evs":[0.0,-2.37475]},"T3o":{"weight":1.0,"played":[1.0,0.0],"evs":[0.0,-2.27066]},"J3o":{"weight":1.0,"played":[1.0,0.0],"evs":[0.0,-2.15071]},"Q3o":{"weight":1.0,"played":[1.0,0.0],"evs":[0.0,-1.97119]},"K3o":{"weight":1.0,"played":[1.0,0.0],"evs":[0.0,-1.81601]},"A3o":{"weight":1.0,"played":[1.0,0.0],"evs":[0.0,-1.27658]},"42s":{"weight":1.0,"played":[1.0,0.0],"evs":[0.0,-1.34054]},"43s":{"weight":1.0,"played":[1.0,0.0],"evs":[0.0,-1.01048]},"44":{"weight":1.0,"played":[0.0,1.0],"evs":[0.0,0.16539]},"54o":{"weight":1.0,"played":[1.0,0.0],"evs":[0.0,-1.44717]},"64o":{"weight":1.0,"played":[1.0,0.0],"evs":[0.0,-1.65007]},"74o":{"weight":1.0,"played":[1.0,0.0],"evs":[0.0,-1.88473]},"84o":{"weight":1.0,"played":[1.0,0.0],"evs":[0.0,-2.07929]},"94o":{"weight":1.0,"played":[1.0,0.0],"evs":[0.0,-2.33676]},"T4o":{"weight":1.0,"played":[1.0,0.0],"evs":[0.0,-2.17544]},"J4o":{"weight":1.0,"played":[1.0,0.0],"evs":[0.0,-2.03325]},"Q4o":{"weight":1.0,"played":[1.0,0.0],"evs":[0.0,-1.84188]},"K4o":{"weight":1.0,"played":[1.0,0.0],"evs":[0.0,-1.69066]},"A4o":{"weight":1.0,"played":[1.0,0.0],"evs":[0.0,-1.13356]},"52s":{"weight":1.0,"played":[1.0,0.0],"evs":[0.0,-1.25284]},"53s":{"weight":1.0,"played":[1.0,0.0],"evs":[0.0,-0.89935]},"54s":{"weight":1.0,"played":[1.0,0.0],"evs":[0.0,-0.50681]},"55":{"weight":1.0,"played":[0.0,1.0],"evs":[0.0,0.5228]},"65o":{"weight":1.0,"played":[1.0,0.0],"evs":[0.0,-1.34673]},"75o":{"weight":1.0,"played":[1.0,0.0],"evs":[0.0,-1.54225]},"85o":{"weight":1.0,"played":[1.0,0.0],"evs":[0.0,-1.71934]},"95o":{"weight":1.0,"played":[1.0,0.0],"evs":[0.0,-1.9949]},"T5o":{"weight":1.0,"played":[1.0,0.0],"evs":[0.0,-2.1157]},"J5o":{"weight":1.0,"played":[1.0,0.0],"evs":[0.0,-1.95715]},"Q5o":{"weight":1.0,"played":[1.0,0.0],"evs":[0.0,-1.7641]},"K5o":{"weight":1.0,"played":[1.0,0.0],"evs":[0.0,-1.59704]},"A5o":{"weight":1.0,"played":[1.0,0.0],"evs":[0.0,-0.93899]},"62s":{"weight":1.0,"played":[1.0,0.0],"evs":[0.0,-1.49119]},"63s":{"weight":1.0,"played":[1.0,0.0],"evs":[0.0,-1.10706]},"64s":{"weight":1.0,"played":[1.0,0.0],"evs":[0.0,-0.73902]},"65s":{"weight":1.0,"played":[1.0,0.0],"evs":[0.0,-0.46458]},"66":{"weight":1.0,"played":[0.0,1.0],"evs":[0.0,0.95905]},"76o":{"weight":1.0,"played":[1.0,0.0],"evs":[0.0,-1.21009]},"86o":{"weight":1.0,"played":[1.0,0.0],"evs":[0.0,-1.36788]},"96o":{"weight":1.0,"played":[1.0,0.0],"evs":[0.0,-1.59835]},"T6o":{"weight":1.0,"played":[1.0,0.0],"evs":[0.0,-1.76062]},"J6o":{"weight":1.0,"played":[1.0,0.0],"evs":[0.0,-1.88312]},"Q6o":{"weight":1.0,"played":[1.0,0.0],"evs":[0.0,-1.62615]},"K6o":{"weight":1.0,"played":[1.0,0.0],"evs":[0.0,-1.46608]},"A6o":{"weight":1.0,"played":[1.0,0.0],"evs":[0.0,-1.03805]},"72s":{"weight":1.0,"played":[1.0,0.0],"evs":[0.0,-1.72313]},"73s":{"weight":1.0,"played":[1.0,0.0],"evs":[0.0,-1.34859]},"74s":{"weight":1.0,"played":[1.0,0.0],"evs":[0.0,-0.99904]},"75s":{"weight":1.0,"played":[1.0,0.0],"evs":[0.0,-0.65508]},"76s":{"weight":1.0,"played":[1.0,0.0],"evs":[0.0,-0.31173]},"77":{"weight":1.0,"played":[0.0,1.0],"evs":[0.0,1.40303]},"87o":{"weight":1.0,"played":[1.0,0.0],"evs":[0.0,-1.06696]},"97o":{"weight":1.0,"played":[1.0,0.0],"evs":[0.0,-1.27685]},"T7o":{"weight":1.0,"played":[1.0,0.0],"evs":[0.0,-1.39745]},"J7o":{"weight":1.0,"played":[1.0,0.0],"evs":[0.0,-1.56791]},"Q7o":{"weight":1.0,"played":[1.0,0.0],"evs":[0.0,-1.60776]},"K7o":{"weight":1.0,"played":[1.0,0.0],"evs":[0.0,-1.32737]},"A7o":{"weight":1.0,"played":[1.0,0.0],"evs":[0.0,-0.71531]},"82s":{"weight":1.0,"played":[1.0,0.0],"evs":[0.0,-1.5356]},"83s":{"weight":1.0,"played":[1.0,0.0],"evs":[0.0,-1.51153]},"84s":{"weight":1.0,"played":[1.0,0.0],"evs":[0.0,-1.16238]},"85s":{"weight":1.0,"played":[1.0,0.0],"evs":[0.0,-0.78121]},"86s":{"weight":1.0,"played":[1.0,0.0],"evs":[0.0,-0.43855]},"87s":{"weight":1.0,"played":[0.9999,1.0E-4],"evs":[0.0,-0.19393]},"88":{"weight":1.0,"played":[0.0,1.0],"evs":[0.0,1.97817]},"98o":{"weight":1.0,"played":[1.0,0.0],"evs":[0.0,-0.94382]},"T8o":{"weight":1.0,"played":[1.0,0.0],"evs":[0.0,-1.02497]},"J8o":{"weight":1.0,"played":[1.0,0.0],"evs":[0.0,-1.16194]},"Q8o":{"weight":1.0,"played":[1.0,0.0],"evs":[0.0,-1.23314]},"K8o":{"weight":1.0,"played":[1.0,0.0],"evs":[0.0,-1.23987]},"A8o":{"weight":1.0,"played":[1.0,0.0],"evs":[0.0,-0.31928]},"92s":{"weight":1.0,"played":[1.0,0.0],"evs":[0.0,-1.51233]},"93s":{"weight":1.0,"played":[1.0,0.0],"evs":[0.0,-1.40957]},"94s":{"weight":1.0,"played":[1.0,0.0],"evs":[0.0,-1.38288]},"95s":{"weight":1.0,"played":[1.0,0.0],"evs":[0.0,-1.04925]},"96s":{"weight":1.0,"played":[1.0,0.0],"evs":[0.0,-0.69792]},"97s":{"weight":1.0,"played":[0.9999,1.0E-4],"evs":[0.0,-0.4091]},"98s":{"weight":1.0,"played":[0.9956,0.0044],"evs":[0.0,-0.06657]},"99":{"weight":1.0,"played":[0.0,1.0],"evs":[0.0,2.63828]},"T9o":{"weight":1.0,"played":[1.0,0.0],"evs":[0.0,-0.67119]},"J9o":{"weight":1.0,"played":[1.0,0.0],"evs":[0.0,-0.78721]},"Q9o":{"weight":1.0,"played":[1.0,0.0],"evs":[0.0,-0.83048]},"K9o":{"weight":1.0,"played":[1.0,0.0],"evs":[0.0,-0.78149]},"A9o":{"weight":1.0,"played":[0.0,1.0],"evs":[0.0,0.12224]},"T2s":{"weight":1.0,"played":[1.0,0.0],"evs":[0.0,-1.40985]},"T3s":{"weight":1.0,"played":[1.0,0.0],"evs":[0.0,-1.29443]},"T4s":{"weight":1.0,"played":[1.0,0.0],"evs":[0.0,-1.19302]},"T5s":{"weight":1.0,"played":[1.0,0.0],"evs":[0.0,-1.14556]},"T6s":{"weight":1.0,"played":[1.0,0.0],"evs":[0.0,-0.82198]},"T7s":{"weight":1.0,"played":[1.0,0.0],"evs":[0.0,-0.46552]},"T8s":{"weight":1.0,"played":[0.9948,0.0052],"evs":[0.0,-0.12728]},"T9s":{"weight":1.0,"played":[0.0,1.0],"evs":[0.0,0.22785]},"TT":{"weight":1.0,"played":[0.0,1.0],"evs":[0.0,3.65096]},"JTo":{"weight":1.0,"played":[1.0,0.0],"evs":[0.0,-0.29237]},"QTo":{"weight":1.0,"played":[1.0,0.0],"evs":[0.0,-0.29134]},"KTo":{"weight":1.0,"played":[0.9999,1.0E-4],"evs":[0.0,-0.07575]},"ATo":{"weight":1.0,"played":[0.0,1.0],"evs":[0.0,1.08782]},"J2s":{"weight":1.0,"played":[1.0,0.0],"evs":[0.0,-1.32778]},"J3s":{"weight":1.0,"played":[1.0,0.0],"evs":[0.0,-1.15401]},"J4s":{"weight":1.0,"played":[1.0,0.0],"evs":[0.0,-1.08798]},"J5s":{"weight":1.0,"played":[1.0,0.0],"evs":[0.0,-0.99803]},"J6s":{"weight":1.0,"played":[1.0,0.0],"evs":[0.0,-0.96961]},"J7s":{"weight":1.0,"played":[1.0,0.0],"evs":[0.0,-0.61703]},"J8s":{"weight":1.0,"played":[0.9999,1.0E-4],"evs":[0.0,-0.26019]},"J9s":{"weight":1.0,"played":[1.0E-4,0.9999],"evs":[0.0,0.09365]},"JTs":{"weight":1.0,"played":[0.0,1.0],"evs":[0.0,0.54172]},"JJ":{"weight":1.0,"played":[0.0,1.0],"evs":[0.0,4.73794]},"QJo":{"weight":1.0,"played":[0.0,1.0],"evs":[0.0,0.02698]},"KJo":{"weight":1.0,"played":[0.0,1.0],"evs":[0.0,0.33754]},"AJo":{"weight":1.0,"played":[0.0,1.0],"evs":[0.0,1.74941]},"Q2s":{"weight":1.0,"played":[1.0,0.0],"evs":[0.0,-1.11336]},"Q3s":{"weight":1.0,"played":[1.0,0.0],"evs":[0.0,-0.97462]},"Q4s":{"weight":1.0,"played":[1.0,0.0],"evs":[0.0,-0.86443]},"Q5s":{"weight":1.0,"played":[1.0,0.0],"evs":[0.0,-0.77757]},"Q6s":{"weight":1.0,"played":[1.0,0.0],"evs":[0.0,-0.64828]},"Q7s":{"weight":1.0,"played":[1.0,0.0],"evs":[0.0,-0.63985]},"Q8s":{"weight":1.0,"played":[0.9996,4.0E-4],"evs":[0.0,-0.31621]},"Q9s":{"weight":1.0,"played":[0.0,1.0],"evs":[0.0,0.11763]},"QTs":{"weight":1.0,"played":[0.0,1.0],"evs":[0.0,0.58839]},"QJs":{"weight":1.0,"played":[0.0,1.0],"evs":[0.0,0.89115]},"QQ":{"weight":1.0,"played":[0.0,1.0],"evs":[0.0,5.98602]},"KQo":{"weight":1.0,"played":[0.0,1.0],"evs":[0.0,0.82768]},"AQo":{"weight":1.0,"played":[0.0,1.0],"evs":[0.0,2.45409]},"K2s":{"weight":1.0,"played":[1.0,0.0],"evs":[0.0,-0.9063]},"K3s":{"weight":1.0,"played":[1.0,0.0],"evs":[0.0,-0.83112]},"K4s":{"weight":1.0,"played":[1.0,0.0],"evs":[0.0,-0.73036]},"K5s":{"weight":1.0,"played":[1.0,0.0],"evs":[0.0,-0.61922]},"K6s":{"weight":1.0,"played":[1.0,0.0],"evs":[0.0,-0.47976]},"K7s":{"weight":1.0,"played":[0.9998,2.0E-4],"evs":[0.0,-0.35162]},"K8s":{"weight":1.0,"played":[0.9999,1.0E-4],"evs":[0.0,-0.27018]},"K9s":{"weight":1.0,"played":[5.0E-4,0.9995],"evs":[0.0,0.14411]},"KTs":{"weight":1.0,"played":[0.0,1.0],"evs":[0.0,0.78207]},"KJs":{"weight":1.0,"played":[0.0,1.0],"evs":[0.0,1.17891]},"KQs":{"weight":1.0,"played":[0.0,1.0],"evs":[0.0,1.62523]},"KK":{"weight":1.0,"played":[0.0,1.0],"evs":[0.0,7.63588]},"AKo":{"weight":1.0,"played":[0.0,1.0],"evs":[0.0,3.30273]},"A2s":{"weight":1.0,"played":[1.0,0.0],"evs":[0.0,-0.39569]},"A3s":{"weight":1.0,"played":[0.9997,3.0E-4],"evs":[0.0,-0.25466]},"A4s":{"weight":1.0,"played":[1.0,0.0],"evs":[0.0,-0.11647]},"A5s":{"weight":1.0,"played":[0.0264,0.9736],"evs":[0.0,0.05428]},"A6s":{"weight":1.0,"played":[0.7904,0.2096],"evs":[0.0,-0.03222]},"A7s":{"weight":1.0,"played":[0.0,1.0],"evs":[0.0,0.27447]},"A8s":{"weight":1.0,"played":[0.0,1.0],"evs":[0.0,0.65143]},"A9s":{"weight":1.0,"played":[0.0,1.0],"evs":[0.0,1.05735]},"ATs":{"weight":1.0,"played":[0.0,1.0],"evs":[0.0,1.96153]},"AJs":{"weight":1.0,"played":[0.0,1.0],"evs":[0.0,2.51173]},"AQs":{"weight":1.0,"played":[0.0,1.0],"evs":[0.0,3.23237]},"AKs":{"weight":1.0,"played":[0.0,1.0],"evs":[0.0,4.01884]},"AA":{"weight":1.0,"played":[0.0,1.0],"evs":[0.0,10.54573]}}}