{"player":2,"street":0,"children":2,"sequence":[{"player":0,"type":"F","amount":0,"street":0},{"player":1,"type":"R","amount":200000,"street":0},{"player":2,"type":"C","amount":200000,"street":0},{"player":3,"type":"R","amount":1215000,"street":0},{"player":4,"type":"F","amount":0,"street":0},{"player":5,"type":"C","amount":715000,"street":0},{"player":1,"type":"F","amount":0,"street":0}],"actions":[{"type":"F","amount":0},{"type":"C","amount":1015000}],"hands":{"22":{"weight":0.4403,"played":[0.0023,0.9977],"evs":[0.0,1.06179]},"32o":{"weight":0.0,"played":[1.0,0.0],"evs":[0.0,-2.11331]},"42o":{"weight":0.0,"played":[0.9999,1.0E-4],"evs":[0.0,-1.81249]},"52o":{"weight":0.0,"played":[0.9998,2.0E-4],"evs":[0.0,-1.86205]},"62o":{"weight":0.0,"played":[1.0,0.0],"evs":[0.0,-2.10948]},"72o":{"weight":0.0,"played":[1.0,0.0],"evs":[0.0,-2.41416]},"82o":{"weight":0.0,"played":[1.0,0.0],"evs":[0.0,-1.92568]},"92o":{"weight":0.0,"played":[1.0,0.0],"evs":[0.0,-2.13412]},"T2o":{"weight":0.0,"played":[1.0,0.0],"evs":[0.0,-2.30756]},"J2o":{"weight":0.0,"played":[0.9997,3.0E-4],"evs":[0.0,-1.92521]},"Q2o":{"weight":0.0,"played":[1.0,0.0],"evs":[0.0,-1.94552]},"K2o":{"weight":0.0,"played":[0.9998,2.0E-4],"evs":[0.0,-1.47211]},"A2o":{"weight":0.0,"played":[0.9999,1.0E-4],"evs":[0.0,-1.39443]},"32s":{"weight":0.0,"played":[0.9889,0.0111],"evs":[0.0,-1.10414]},"33":{"weight":0.9994,"played":[4.0E-4,0.9996],"evs":[0.0,1.06912]},"43o":{"weight":0.0,"played":[0.9998,2.0E-4],"evs":[0.0,-1.58481]},"53o":{"weight":0.0,"played":[0.9999,1.0E-4],"evs":[0.0,-1.1686]},"63o":{"weight":0.0,"played":[0.9999,1.0E-4],"evs":[0.0,-1.25845]},"73o":{"weight":0.0,"played":[1.0,0.0],"evs":[0.0,-2.07102]},"83o":{"weight":0.0,"played":[0.9999,1.0E-4],"evs":[0.0,-2.23361]},"93o":{"weight":0.0,"played":[1.0,0.0],"evs":[0.0,-1.95773]},"T3o":{"weight":0.0,"played":[1.0,0.0],"evs":[0.0,-2.2847]},"J3o":{"weight":0.0,"played":[1.0,0.0],"evs":[0.0,-1.94475]},"Q3o":{"weight":0.0,"played":[0.9999,1.0E-4],"evs":[0.0,-1.9505]},"K3o":{"weight":0.0,"played":[1.0,0.0],"evs":[0.0,-1.39724]},"A3o":{"weight":0.0,"played":[0.9981,0.0019],"evs":[0.0,-1.11037]},"42s":{"weight":0.0,"played":[0.9802,0.0198],"evs":[0.0,-0.51207]},"43s":{"weight":0.0,"played":[0.3033,0.6967],"evs":[0.0,-0.16818]},"44":{"weight":0.9836,"played":[0.0,1.0],"evs":[0.0,1.54169]},"54o":{"weight":0.0,"played":[0.99,0.01],"evs":[0.0,-0.64878]},"64o":{"weight":0.0,"played":[0.9984,0.0016],"evs":[0.0,-0.70006]},"74o":{"weight":0.0,"played":[0.9999,1.0E-4],"evs":[0.0,-1.40321]},"84o":{"weight":0.0,"played":[1.0,0.0],"evs":[0.0,-1.53822]},"94o":{"weight":0.0,"played":[1.0,0.0],"evs":[0.0,-1.94753]},"T4o":{"weight":0.0,"played":[0.9999,1.0E-4],"evs":[0.0,-1.88579]},"J4o":{"weight":0.0,"played":[1.0,0.0],"evs":[0.0,-2.05076]},"Q4o":{"weight":0.0,"played":[0.9998,2.0E-4],"evs":[0.0,-1.6401]},"K4o":{"weight":0.0,"played":[0.9957,0.0043],"evs":[0.0,-1.40141]},"A4o":{"weight":0.0,"played":[0.9994,6.0E-4],"evs":[0.0,-1.06159]},"52s":{"weight":0.0,"played":[0.9693,0.0307],"evs":[0.0,-0.5047]},"53s":{"weight":0.0,"played":[0.2207,0.7793],"evs":[0.0,0.55564]},"54s":{"weight":0.0,"played":[1.0E-4,0.9999],"evs":[0.0,1.16365]},"55":{"weight":0.7307,"played":[0.0,1.0],"evs":[0.0,1.85535]},"65o":{"weight":0.0,"played":[0.9962,0.0038],"evs":[0.0,-0.37168]},"75o":{"weight":0.0,"played":[0.9913,0.0087],"evs":[0.0,-0.7891]},"85o":{"weight":0.0,"played":[1.0,0.0],"evs":[0.0,-0.77312]},"95o":{"weight":0.0,"played":[1.0,0.0],"evs":[0.0,-1.45915]},"T5o":{"weight":0.0,"played":[1.0,0.0],"evs":[0.0,-2.05592]},"J5o":{"weight":0.0,"played":[0.9999,1.0E-4],"evs":[0.0,-1.68918]},"Q5o":{"weight":0.0,"played":[0.9996,4.0E-4],"evs":[0.0,-1.45346]},"K5o":{"weight":0.0,"played":[0.999,0.001],"evs":[0.0,-0.86324]},"A5o":{"weight":0.0,"played":[0.9975,0.0025],"evs":[0.0,-1.26349]},"62s":{"weight":0.0,"played":[0.9907,0.0093],"evs":[0.0,-0.5803]},"63s":{"weight":0.0,"played":[0.7804,0.2196],"evs":[0.0,-0.31689]},"64s":{"weight":0.0,"played":[2.0E-4,0.9998],"evs":[0.0,0.66818]},"65s":{"weight":0.0,"played":[0.0028,0.9972],"evs":[0.0,1.07855]},"66":{"weight":0.6375,"played":[0.0,1.0],"evs":[0.0,2.69745]},"76o":{"weight":0.0,"played":[0.932,0.068],"evs":[0.0,-0.16201]},"86o":{"weight":0.0,"played":[0.9814,0.0186],"evs":[0.0,-0.41799]},"96o":{"weight":0.0,"played":[0.9992,8.0E-4],"evs":[0.0,-0.59535]},"T6o":{"weight":0.0,"played":[1.0,0.0],"evs":[0.0,-1.24246]},"J6o":{"weight":0.0,"played":[0.998,0.002],"evs":[0.0,-1.45098]},"Q6o":{"weight":0.0,"played":[0.9999,1.0E-4],"evs":[0.0,-1.34501]},"K6o":{"weight":0.0,"played":[0.9994,6.0E-4],"evs":[0.0,-1.03471]},"A6o":{"weight":0.0,"played":[0.9997,3.0E-4],"evs":[0.0,-1.43974]},"72s":{"weight":0.0,"played":[0.9999,1.0E-4],"evs":[0.0,-1.07939]},"73s":{"weight":0.0,"played":[0.988,0.012],"evs":[0.0,-0.58818]},"74s":{"weight":0.0,"played":[0.0592,0.9408],"evs":[0.0,0.1132]},"75s":{"weight":0.0,"played":[0.0219,0.9781],"evs":[0.0,0.77904]},"76s":{"weight":0.0022,"played":[0.0037,0.9963],"evs":[0.0,0.82554]},"77":{"weight":0.3569,"played":[0.0,1.0],"evs":[0.0,3.89]},"87o":{"weight":0.0,"played":[0.8235,0.1765],"evs":[0.0,-0.25113]},"97o":{"weight":0.0,"played":[0.9998,2.0E-4],"evs":[0.0,-0.30263]},"T7o":{"weight":0.0,"played":[0.9965,0.0035],"evs":[0.0,-0.85857]},"J7o":{"weight":0.0,"played":[0.9999,1.0E-4],"evs":[0.0,-1.09815]},"Q7o":{"weight":0.0,"played":[0.9996,4.0E-4],"evs":[0.0,-1.42422]},"K7o":{"weight":0.0,"played":[0.9985,0.0015],"evs":[0.0,-0.8654]},"A7o":{"weight":0.0,"played":[0.9968,0.0032],"evs":[0.0,-1.15235]},"82s":{"weight":0.0,"played":[0.9986,0.0014],"evs":[0.0,-0.81365]},"83s":{"weight":0.0,"played":[0.9847,0.0153],"evs":[0.0,-0.7296]},"84s":{"weight":0.0,"played":[0.144,0.856],"evs":[0.0,0.13245]},"85s":{"weight":0.0,"played":[0.0494,0.9506],"evs":[0.0,0.38113]},"86s":{"weight":0.0,"played":[0.0164,0.9836],"evs":[0.0,1.18511]},"87s":{"weight":0.6432,"played":[0.0022,0.9978],"evs":[0.0,0.83546]},"88":{"weight":5.0E-4,"played":[0.0,1.0],"evs":[0.0,4.68829]},"98o":{"weight":0.0,"played":[0.0294,0.9706],"evs":[0.0,0.39368]},"T8o":{"weight":0.0,"played":[0.9995,5.0E-4],"evs":[0.0,-0.36415]},"J8o":{"weight":0.0,"played":[0.9626,0.0374],"evs":[0.0,-0.29293]},"Q8o":{"weight":0.0,"played":[0.9855,0.0145],"evs":[0.0,-0.71839]},"K8o":{"weight":0.0,"played":[0.9948,0.0052],"evs":[0.0,-0.56557]},"A8o":{"weight":0.3291,"played":[0.9984,0.0016],"evs":[0.0,-0.74183]},"92s":{"weight":0.0,"played":[0.9873,0.0127],"evs":[0.0,-0.32657]},"93s":{"weight":0.0,"played":[0.9997,3.0E-4],"evs":[0.0,-0.27557]},"94s":{"weight":0.0,"played":[0.9985,0.0015],"evs":[0.0,-0.40017]},"95s":{"weight":0.0,"played":[0.2989,0.7011],"evs":[0.0,0.09183]},"96s":{"weight":0.0,"played":[0.0193,0.9807],"evs":[0.0,1.17816]},"97s":{"weight":0.0,"played":[0.0016,0.9984],"evs":[0.0,1.23334]},"98s":{"weight":0.9978,"played":[3.0E-4,0.9997],"evs":[0.0,1.52372]},"99":{"weight":1.0E-4,"played":[0.0,1.0],"evs":[0.0,5.58468]},"T9o":{"weight":0.0,"played":[0.0126,0.9874],"evs":[0.0,0.36692]},"J9o":{"weight":0.0,"played":[0.2265,0.7735],"evs":[0.0,0.13049]},"Q9o":{"weight":0.0,"played":[0.9567,0.0433],"evs":[0.0,-0.19696]},"K9o":{"weight":0.0,"played":[0.8385,0.1615],"evs":[0.0,-0.01227]},"A9o":{"weight":0.9946,"played":[0.9953,0.0047],"evs":[0.0,-0.42208]},"T2s":{"weight":0.0,"played":[0.9622,0.0378],"evs":[0.0,-0.44317]},"T3s":{"weight":0.0,"played":[0.9996,4.0E-4],"evs":[0.0,-0.35147]},"T4s":{"weight":0.0,"played":[0.9689,0.0311],"evs":[0.0,-0.90132]},"T5s":{"weight":0.0,"played":[0.9988,0.0012],"evs":[0.0,-0.66189]},"T6s":{"weight":0.0,"played":[0.0454,0.9546],"evs":[0.0,0.28033]},"T7s":{"weight":0.0,"played":[0.0491,0.9509],"evs":[0.0,0.5314]},"T8s":{"weight":0.8379,"played":[0.0094,0.9906],"evs":[0.0,1.2098]},"T9s":{"weight":0.9999,"played":[0.0,1.0],"evs":[0.0,1.71002]},"TT":{"weight":2.0E-4,"played":[0.0,1.0],"evs":[0.0,7.34223]},"JTo":{"weight":0.0,"played":[0.1578,0.8422],"evs":[0.0,0.49755]},"QTo":{"weight":1.0E-4,"played":[0.3839,0.6161],"evs":[0.0,0.06222]},"KTo":{"weight":0.0572,"played":[0.3383,0.6617],"evs":[0.0,-0.00822]},"ATo":{"weight":1.0,"played":[0.0294,0.9706],"evs":[0.0,0.47652]},"J2s":{"weight":0.0,"played":[0.9945,0.0055],"evs":[0.0,-0.30752]},"J3s":{"weight":0.0,"played":[0.9062,0.0938],"evs":[0.0,-0.00439]},"J4s":{"weight":0.0,"played":[0.8138,0.1862],"evs":[0.0,0.07254]},"J5s":{"weight":0.0,"played":[0.9733,0.0267],"evs":[0.0,-0.04265]},"J6s":{"weight":0.0,"played":[0.3489,0.6511],"evs":[0.0,-0.13909]},"J7s":{"weight":0.0,"played":[1.0E-4,0.9999],"evs":[0.0,0.75857]},"J8s":{"weight":0.0018,"played":[1.0E-4,0.9999],"evs":[0.0,0.99442]},"J9s":{"weight":0.9994,"played":[2.0E-4,0.9998],"evs":[0.0,1.4956]},"JTs":{"weight":0.0784,"played":[8.0E-4,0.9992],"evs":[0.0,2.00431]},"JJ":{"weight":0.664,"played":[0.0,1.0],"evs":[0.0,9.21313]},"QJo":{"weight":0.9878,"played":[0.0055,0.9945],"evs":[0.0,0.44539]},"KJo":{"weight":0.6234,"played":[0.0,1.0],"evs":[0.0,0.67928]},"AJo":{"weight":0.1077,"played":[0.0,1.0],"evs":[0.0,1.92584]},"Q2s":{"weight":0.0,"played":[0.9733,0.0267],"evs":[0.0,-0.2754]},"Q3s":{"weight":0.0,"played":[0.6075,0.3925],"evs":[0.0,-0.40767]},"Q4s":{"weight":0.0,"played":[0.6882,0.3118],"evs":[0.0,-0.1414]},"Q5s":{"weight":0.0,"played":[0.1549,0.8451],"evs":[0.0,0.3713]},"Q6s":{"weight":0.0,"played":[0.7842,0.2158],"evs":[0.0,-0.2309]},"Q7s":{"weight":0.0,"played":[0.7918,0.2082],"evs":[0.0,-0.20319]},"Q8s":{"weight":0.3617,"played":[0.0056,0.9944],"evs":[0.0,1.11752]},"Q9s":{"weight":0.9972,"played":[1.0E-4,0.9999],"evs":[0.0,1.34796]},"QTs":{"weight":0.9345,"played":[4.0E-4,0.9996],"evs":[0.0,1.47745]},"QJs":{"weight":0.0515,"played":[0.0,1.0],"evs":[0.0,1.81861]},"QQ":{"weight":0.9977,"played":[0.0,1.0],"evs":[0.0,12.11615]},"KQo":{"weight":0.5341,"played":[0.0,1.0],"evs":[0.0,0.89226]},"AQo":{"weight":0.0,"played":[0.0,1.0],"evs":[0.0,3.39202]},"K2s":{"weight":0.0,"played":[0.9977,0.0023],"evs":[0.0,-0.60657]},"K3s":{"weight":0.0,"played":[0.0941,0.9059],"evs":[0.0,0.37734]},"K4s":{"weight":0.0,"played":[0.1397,0.8603],"evs":[0.0,0.05038]},"K5s":{"weight":0.0,"played":[0.3645,0.6355],"evs":[0.0,0.27759]},"K6s":{"weight":0.0,"played":[0.1345,0.8655],"evs":[0.0,0.07423]},"K7s":{"weight":1.0E-4,"played":[0.0023,0.9977],"evs":[0.0,1.06242]},"K8s":{"weight":0.997,"played":[1.0E-4,0.9999],"evs":[0.0,1.12704]},"K9s":{"weight":0.9999,"played":[1.0E-4,0.9999],"evs":[0.0,1.52973]},"KTs":{"weight":0.9789,"played":[1.0E-4,0.9999],"evs":[0.0,1.48326]},"KJs":{"weight":0.9975,"played":[0.0,1.0],"evs":[0.0,1.84199]},"KQs":{"weight":0.9996,"played":[0.0,1.0],"evs":[0.0,2.59046]},"KK":{"weight":0.9992,"played":[0.0,1.0],"evs":[0.0,15.01658]},"AKo":{"weight":0.0,"played":[0.0,1.0],"evs":[0.0,5.97189]},"A2s":{"weight":0.001,"played":[0.1989,0.8011],"evs":[0.0,0.55715]},"A3s":{"weight":0.7665,"played":[0.0017,0.9983],"evs":[0.0,0.268]},"A4s":{"weight":0.2802,"played":[1.0E-4,0.9999],"evs":[0.0,0.66899]},"A5s":{"weight":0.0441,"played":[4.0E-4,0.9996],"evs":[0.0,1.00651]},"A6s":{"weight":0.9996,"played":[0.5514,0.4486],"evs":[0.0,-0.26534]},"A7s":{"weight":0.9923,"played":[0.0295,0.9705],"evs":[0.0,0.69414]},"A8s":{"weight":0.9996,"played":[0.0028,0.9972],"evs":[0.0,0.31443]},"A9s":{"weight":1.0,"played":[0.0,1.0],"evs":[0.0,0.94877]},"ATs":{"weight":1.0,"played":[2.0E-4,0.9998],"evs":[0.0,1.86825]},"AJs":{"weight":0.9999,"played":[0.0,1.0],"evs":[0.0,2.91775]},"AQs":{"weight":0.9999,"played":[0.0,1.0],"evs":[0.0,4.85631]},"AKs":{"weight":0.0053,"played":[0.0,1.0],"evs":[0.0,6.8741]},"AA":{"weight":0.9914,"played":[0.0,1.0],"evs":[0.0,19.67601]}}}