{"player":1,"street":0,"children":2,"sequence":[{"player":0,"type":"F","amount":0,"street":0},{"player":1,"type":"R","amount":200000,"street":0},{"player":2,"type":"C","amount":200000,"street":0},{"player":3,"type":"R","amount":1215000,"street":0},{"player":4,"type":"C","amount":665000,"street":0},{"player":5,"type":"F","amount":0,"street":0}],"actions":[{"type":"F","amount":0,"node":159},{"type":"R","amount":2215000,"node":160}],"hands":{"22":{"weight":0.0,"played":[0.0232,0.9768],"evs":[0.0,0.25331]},"32o":{"weight":0.0,"played":[1.0,0.0],"evs":[0.0,-3.75453]},"42o":{"weight":0.0,"played":[1.0,0.0],"evs":[0.0,-3.36699]},"52o":{"weight":0.0,"played":[1.0,0.0],"evs":[0.0,-3.18081]},"62o":{"weight":0.0,"played":[1.0,0.0],"evs":[0.0,-3.25439]},"72o":{"weight":0.0,"played":[1.0,0.0],"evs":[0.0,-3.88391]},"82o":{"weight":0.0,"played":[1.0,0.0],"evs":[0.0,-3.57197]},"92o":{"weight":0.0,"played":[1.0,0.0],"evs":[0.0,-3.70341]},"T2o":{"weight":0.0,"played":[1.0,0.0],"evs":[0.0,-3.72093]},"J2o":{"weight":0.0,"played":[1.0,0.0],"evs":[0.0,-3.79192]},"Q2o":{"weight":0.0,"played":[1.0,0.0],"evs":[0.0,-3.29699]},"K2o":{"weight":0.0,"played":[0.9993,7.0E-4],"evs":[0.0,-2.68507]},"A2o":{"weight":3.0E-4,"played":[1.0,0.0],"evs":[0.0,-2.35372]},"32s":{"weight":0.0,"played":[0.9999,1.0E-4],"evs":[0.0,-1.74976]},"33":{"weight":0.0105,"played":[0.05,0.95],"evs":[0.0,0.79221]},"43o":{"weight":0.0,"played":[1.0,0.0],"evs":[0.0,-2.53123]},"53o":{"weight":0.0,"played":[0.9999,1.0E-4],"evs":[0.0,-2.2014]},"63o":{"weight":0.0,"played":[1.0,0.0],"evs":[0.0,-2.73903]},"73o":{"weight":0.0,"played":[1.0,0.0],"evs":[0.0,-3.50807]},"83o":{"weight":0.0,"played":[1.0,0.0],"evs":[0.0,-3.62509]},"93o":{"weight":0.0,"played":[1.0,0.0],"evs":[0.0,-3.56715]},"T3o":{"weight":0.0,"played":[1.0,0.0],"evs":[0.0,-3.5203]},"J3o":{"weight":0.0,"played":[1.0,0.0],"evs":[0.0,-3.4378]},"Q3o":{"weight":0.0,"played":[1.0,0.0],"evs":[0.0,-3.23893]},"K3o":{"weight":0.0,"played":[1.0,0.0],"evs":[0.0,-2.89865]},"A3o":{"weight":1.0,"played":[1.0,0.0],"evs":[0.0,-2.18649]},"42s":{"weight":0.0,"played":[0.9994,6.0E-4],"evs":[0.0,-1.66452]},"43s":{"weight":0.0,"played":[0.9997,3.0E-4],"evs":[0.0,-1.28581]},"44":{"weight":0.3608,"played":[0.015,0.985],"evs":[0.0,0.60567]},"54o":{"weight":0.0,"played":[0.9999,1.0E-4],"evs":[0.0,-1.29159]},"64o":{"weight":0.0,"played":[0.9999,1.0E-4],"evs":[0.0,-2.39897]},"74o":{"weight":0.0,"played":[1.0,0.0],"evs":[0.0,-2.30036]},"84o":{"weight":0.0,"played":[1.0,0.0],"evs":[0.0,-2.9805]},"94o":{"weight":0.0,"played":[1.0,0.0],"evs":[0.0,-3.35611]},"T4o":{"weight":0.0,"played":[1.0,0.0],"evs":[0.0,-3.19186]},"J4o":{"weight":0.0,"played":[1.0,0.0],"evs":[0.0,-3.32318]},"Q4o":{"weight":0.0,"played":[1.0,0.0],"evs":[0.0,-3.263]},"K4o":{"weight":0.0,"played":[1.0,0.0],"evs":[0.0,-2.5011]},"A4o":{"weight":1.0,"played":[1.0,0.0],"evs":[0.0,-2.02472]},"52s":{"weight":0.0,"played":[0.9999,1.0E-4],"evs":[0.0,-1.1575]},"53s":{"weight":0.0,"played":[0.975,0.025],"evs":[0.0,-0.02445]},"54s":{"weight":0.0,"played":[0.5215,0.4785],"evs":[0.0,-0.0655]},"55":{"weight":0.6513,"played":[4.0E-4,0.9996],"evs":[0.0,1.02648]},"65o":{"weight":0.0,"played":[1.0,0.0],"evs":[0.0,-1.3213]},"75o":{"weight":0.0,"played":[1.0,0.0],"evs":[0.0,-1.79205]},"85o":{"weight":0.0,"played":[1.0,0.0],"evs":[0.0,-2.12801]},"95o":{"weight":0.0,"played":[1.0,0.0],"evs":[0.0,-2.87884]},"T5o":{"weight":0.0,"played":[1.0,0.0],"evs":[0.0,-3.60031]},"J5o":{"weight":0.0,"played":[1.0,0.0],"evs":[0.0,-3.18632]},"Q5o":{"weight":0.0,"played":[1.0,0.0],"evs":[0.0,-3.02481]},"K5o":{"weight":0.0,"played":[0.9999,1.0E-4],"evs":[0.0,-2.28563]},"A5o":{"weight":1.0,"played":[0.9999,1.0E-4],"evs":[0.0,-1.75217]},"62s":{"weight":0.0,"played":[0.9639,0.0361],"evs":[0.0,-1.65103]},"63s":{"weight":0.0,"played":[0.995,0.005],"evs":[0.0,-1.59323]},"64s":{"weight":0.0,"played":[0.7059,0.2941],"evs":[0.0,-0.5037]},"65s":{"weight":0.0,"played":[0.1389,0.8611],"evs":[0.0,0.47376]},"66":{"weight":0.3924,"played":[0.0,1.0],"evs":[0.0,1.78492]},"76o":{"weight":0.0,"played":[0.9881,0.0119],"evs":[0.0,-0.78513]},"86o":{"weight":0.0,"played":[1.0,0.0],"evs":[0.0,-1.4209]},"96o":{"weight":0.0,"played":[1.0,0.0],"evs":[0.0,-2.10858]},"T6o":{"weight":0.0,"played":[0.9999,1.0E-4],"evs":[0.0,-2.70424]},"J6o":{"weight":0.0,"played":[1.0,0.0],"evs":[0.0,-3.43695]},"Q6o":{"weight":0.0,"played":[1.0,0.0],"evs":[0.0,-2.77531]},"K6o":{"weight":0.0,"played":[1.0,0.0],"evs":[0.0,-2.00059]},"A6o":{"weight":1.0,"played":[0.9999,1.0E-4],"evs":[0.0,-2.59822]},"72s":{"weight":0.0,"played":[0.9965,0.0035],"evs":[0.0,-2.06055]},"73s":{"weight":0.0,"played":[1.0,0.0],"evs":[0.0,-1.5321]},"74s":{"weight":0.0,"played":[0.9901,0.0099],"evs":[0.0,-0.86425]},"75s":{"weight":0.0,"played":[0.9927,0.0073],"evs":[0.0,-0.3384]},"76s":{"weight":0.9998,"played":[0.0017,0.9983],"evs":[0.0,0.56772]},"77":{"weight":0.9993,"played":[0.0,1.0],"evs":[0.0,2.78156]},"87o":{"weight":0.0,"played":[0.999,0.001],"evs":[0.0,-1.00846]},"97o":{"weight":0.0,"played":[1.0,0.0],"evs":[0.0,-1.36133]},"T7o":{"weight":0.0,"played":[1.0,0.0],"evs":[0.0,-2.38521]},"J7o":{"weight":0.0,"played":[0.9999,1.0E-4],"evs":[0.0,-2.77669]},"Q7o":{"weight":0.0,"played":[1.0,0.0],"evs":[0.0,-2.71461]},"K7o":{"weight":0.0,"played":[0.9997,3.0E-4],"evs":[0.0,-1.98856]},"A7o":{"weight":1.0,"played":[1.0,0.0],"evs":[0.0,-2.21564]},"82s":{"weight":0.0,"played":[0.9972,0.0028],"evs":[0.0,-1.3428]},"83s":{"weight":0.0,"played":[1.0,0.0],"evs":[0.0,-1.79766]},"84s":{"weight":0.0,"played":[0.96,0.04],"evs":[0.0,-1.21311]},"85s":{"weight":0.0,"played":[0.8098,0.1902],"evs":[0.0,-0.06059]},"86s":{"weight":0.0027,"played":[0.4278,0.5722],"evs":[0.0,0.11983]},"87s":{"weight":1.0,"played":[1.0E-4,0.9999],"evs":[0.0,0.46547]},"88":{"weight":1.0,"played":[0.0,1.0],"evs":[0.0,3.79054]},"98o":{"weight":0.0,"played":[0.9999,1.0E-4],"evs":[0.0,-1.50486]},"T8o":{"weight":0.0,"played":[0.9993,7.0E-4],"evs":[0.0,-1.64445]},"J8o":{"weight":0.0,"played":[0.9999,1.0E-4],"evs":[0.0,-2.28045]},"Q8o":{"weight":0.0,"played":[1.0,0.0],"evs":[0.0,-2.50359]},"K8o":{"weight":0.0,"played":[0.9997,3.0E-4],"evs":[0.0,-2.23318]},"A8o":{"weight":0.9999,"played":[0.9996,4.0E-4],"evs":[0.0,-1.75293]},"92s":{"weight":0.0,"played":[0.9971,0.0029],"evs":[0.0,-2.25148]},"93s":{"weight":0.0,"played":[0.9986,0.0014],"evs":[0.0,-1.25263]},"94s":{"weight":0.0,"played":[0.9989,0.0011],"evs":[0.0,-2.08695]},"95s":{"weight":0.0,"played":[1.0,0.0],"evs":[0.0,-0.70475]},"96s":{"weight":0.0,"played":[0.9868,0.0132],"evs":[0.0,-0.88752]},"97s":{"weight":0.9999,"played":[0.0561,0.9439],"evs":[0.0,-0.03867]},"98s":{"weight":1.0,"played":[0.5687,0.4313],"evs":[0.0,-0.00967]},"99":{"weight":1.0,"played":[0.0,1.0],"evs":[0.0,4.3982]},"T9o":{"weight":0.5313,"played":[0.9998,2.0E-4],"evs":[0.0,-1.23104]},"J9o":{"weight":0.0016,"played":[1.0,0.0],"evs":[0.0,-1.10177]},"Q9o":{"weight":0.0,"played":[0.9999,1.0E-4],"evs":[0.0,-1.71393]},"K9o":{"weight":1.0,"played":[1.0,0.0],"evs":[0.0,-1.29694]},"A9o":{"weight":0.9977,"played":[0.9998,2.0E-4],"evs":[0.0,-1.6413]},"T2s":{"weight":0.0,"played":[1.0,0.0],"evs":[0.0,-1.99998]},"T3s":{"weight":0.0,"played":[0.9993,7.0E-4],"evs":[0.0,-1.69636]},"T4s":{"weight":0.0,"played":[0.9961,0.0039],"evs":[0.0,-1.78731]},"T5s":{"weight":0.0,"played":[0.9996,4.0E-4],"evs":[0.0,-1.63173]},"T6s":{"weight":0.0,"played":[0.9993,7.0E-4],"evs":[0.0,-1.09612]},"T7s":{"weight":1.0,"played":[0.9949,0.0051],"evs":[0.0,-0.2768]},"T8s":{"weight":0.9999,"played":[0.879,0.121],"evs":[0.0,-0.23847]},"T9s":{"weight":1.0,"played":[0.0067,0.9933],"evs":[0.0,0.5265]},"TT":{"weight":1.0,"played":[0.0,1.0],"evs":[0.0,5.74708]},"JTo":{"weight":1.0,"played":[0.9992,8.0E-4],"evs":[0.0,-1.06796]},"QTo":{"weight":1.0,"played":[0.9997,3.0E-4],"evs":[0.0,-1.30629]},"KTo":{"weight":0.7203,"played":[0.9999,1.0E-4],"evs":[0.0,-0.97107]},"ATo":{"weight":0.8304,"played":[0.9989,0.0011],"evs":[0.0,-0.80708]},"J2s":{"weight":0.0,"played":[0.9998,2.0E-4],"evs":[0.0,-1.57342]},"J3s":{"weight":0.0,"played":[1.0,0.0],"evs":[0.0,-1.63784]},"J4s":{"weight":0.0,"played":[0.9933,0.0067],"evs":[0.0,-1.12667]},"J5s":{"weight":0.0,"played":[0.9985,0.0015],"evs":[0.0,-2.05054]},"J6s":{"weight":0.0,"played":[1.0,0.0],"evs":[0.0,-1.3716]},"J7s":{"weight":0.9911,"played":[1.0,0.0],"evs":[0.0,-0.93897]},"J8s":{"weight":1.0,"played":[0.5707,0.4293],"evs":[0.0,-0.30488]},"J9s":{"weight":0.9999,"played":[0.8084,0.1916],"evs":[0.0,-0.1133]},"JTs":{"weight":0.9997,"played":[0.1385,0.8615],"evs":[0.0,0.243]},"JJ":{"weight":1.0,"played":[0.0,1.0],"evs":[0.0,7.69168]},"QJo":{"weight":1.0,"played":[0.9999,1.0E-4],"evs":[0.0,-1.13923]},"KJo":{"weight":0.9666,"played":[0.9991,9.0E-4],"evs":[0.0,-0.84458]},"AJo":{"weight":0.001,"played":[0.0214,0.9786],"evs":[0.0,0.68965]},"Q2s":{"weight":0.0,"played":[0.9616,0.0384],"evs":[0.0,-1.87343]},"Q3s":{"weight":0.0,"played":[0.9979,0.0021],"evs":[0.0,-1.98203]},"Q4s":{"weight":0.0,"played":[0.9918,0.0082],"evs":[0.0,-0.93425]},"Q5s":{"weight":0.0,"played":[0.9982,0.0018],"evs":[0.0,-1.73748]},"Q6s":{"weight":0.0511,"played":[0.999,0.001],"evs":[0.0,-0.81759]},"Q7s":{"weight":0.9981,"played":[0.9591,0.0409],"evs":[0.0,-0.976]},"Q8s":{"weight":1.0,"played":[0.9093,0.0907],"evs":[0.0,-0.24771]},"Q9s":{"weight":0.995,"played":[0.1531,0.8469],"evs":[0.0,0.32471]},"QTs":{"weight":0.9044,"played":[0.1046,0.8954],"evs":[0.0,0.21778]},"QJs":{"weight":0.9997,"played":[0.5793,0.4207],"evs":[0.0,-0.24493]},"QQ":{"weight":1.0,"played":[0.0,1.0],"evs":[0.0,11.04103]},"KQo":{"weight":0.8738,"played":[0.0845,0.9155],"evs":[0.0,0.1503]},"AQo":{"weight":0.6944,"played":[0.0,1.0],"evs":[0.0,2.96807]},"K2s":{"weight":0.0,"played":[0.9999,1.0E-4],"evs":[0.0,-0.786]},"K3s":{"weight":0.0,"played":[0.9758,0.0242],"evs":[0.0,-0.5536]},"K4s":{"weight":0.9245,"played":[0.9938,0.0062],"evs":[0.0,-0.73762]},"K5s":{"weight":0.9999,"played":[0.7741,0.2259],"evs":[0.0,0.00106]},"K6s":{"weight":0.9979,"played":[0.8381,0.1619],"evs":[0.0,-0.50023]},"K7s":{"weight":0.3195,"played":[0.9533,0.0467],"evs":[0.0,-0.59685]},"K8s":{"weight":0.6445,"played":[0.395,0.605],"evs":[0.0,-0.25998]},"K9s":{"weight":0.0164,"played":[0.5531,0.4469],"evs":[0.0,-0.30572]},"KTs":{"weight":0.0328,"played":[1.0E-4,0.9999],"evs":[0.0,1.15505]},"KJs":{"weight":0.9999,"played":[0.004,0.996],"evs":[0.0,0.19081]},"KQs":{"weight":1.0,"played":[1.0E-4,0.9999],"evs":[0.0,2.03353]},"KK":{"weight":1.0,"played":[0.0,1.0],"evs":[0.0,15.81189]},"AKo":{"weight":1.0,"played":[0.0,1.0],"evs":[0.0,4.97819]},"A2s":{"weight":0.1079,"played":[0.9462,0.0538],"evs":[0.0,-0.36143]},"A3s":{"weight":0.9862,"played":[0.9757,0.0243],"evs":[0.0,-0.10791]},"A4s":{"weight":0.9991,"played":[0.9109,0.0891],"evs":[0.0,-0.41882]},"A5s":{"weight":0.9172,"played":[0.8512,0.1488],"evs":[0.0,-0.38973]},"A6s":{"weight":0.1475,"played":[0.9961,0.0039],"evs":[0.0,-0.33836]},"A7s":{"weight":0.2447,"played":[0.8758,0.1242],"evs":[0.0,-0.6343]},"A8s":{"weight":0.9968,"played":[0.145,0.855],"evs":[0.0,0.22443]},"A9s":{"weight":0.9999,"played":[0.0102,0.9898],"evs":[0.0,0.29693]},"ATs":{"weight":1.0,"played":[5.0E-4,0.9995],"evs":[0.0,1.36947]},"AJs":{"weight":1.0,"played":[0.0,1.0],"evs":[0.0,2.25322]},"AQs":{"weight":1.0,"played":[0.0,1.0],"evs":[0.0,4.56334]},"AKs":{"weight":1.0,"played":[0.0,1.0],"evs":[0.0,6.73743]},"AA":{"weight":1.0,"played":[0.0,1.0],"evs":[0.0,21.11185]}}}