{"player":5,"street":0,"children":2,"sequence":[{"player":0,"type":"F","amount":0,"street":0},{"player":1,"type":"F","amount":0,"street":0},{"player":2,"type":"R","amount":1215000,"street":0},{"player":3,"type":"C","amount":1215000,"street":0},{"player":4,"type":"F","amount":0,"street":0}],"actions":[{"type":"F","amount":0},{"type":"C","amount":715000}],"hands":{"22":{"weight":1.0,"played":[0.9999,1.0E-4],"evs":[0.0,-0.17905]},"32o":{"weight":1.0,"played":[1.0,0.0],"evs":[0.0,-2.42789]},"42o":{"weight":1.0,"played":[1.0,0.0],"evs":[0.0,-2.26978]},"52o":{"weight":1.0,"played":[1.0,0.0],"evs":[0.0,-2.19199]},"62o":{"weight":1.0,"played":[1.0,0.0],"evs":[0.0,-2.42611]},"72o":{"weight":1.0,"played":[1.0,0.0],"evs":[0.0,-2.65776]},"82o":{"weight":1.0,"played":[1.0,0.0],"evs":[0.0,-2.46982]},"92o":{"weight":1.0,"played":[1.0,0.0],"evs":[0.0,-2.44523]},"T2o":{"weight":1.0,"played":[1.0,0.0],"evs":[0.0,-2.28244]},"J2o":{"weight":1.0,"played":[1.0,0.0],"evs":[0.0,-2.15428]},"Q2o":{"weight":1.0,"played":[1.0,0.0],"evs":[0.0,-1.97404]},"K2o":{"weight":1.0,"played":[1.0,0.0],"evs":[0.0,-1.78379]},"A2o":{"weight":1.0,"played":[1.0,0.0],"evs":[0.0,-1.15172]},"32s":{"weight":1.0,"played":[1.0,0.0],"evs":[0.0,-1.41222]},"33":{"weight":1.0,"played":[0.0014,0.9986],"evs":[0.0,0.16579]},"43o":{"weight":1.0,"played":[1.0,0.0],"evs":[0.0,-1.87988]},"53o":{"weight":1.0,"played":[1.0,0.0],"evs":[0.0,-1.74502]},"63o":{"weight":1.0,"played":[1.0,0.0],"evs":[0.0,-2.03166]},"73o":{"weight":1.0,"played":[1.0,0.0],"evs":[0.0,-2.25119]},"83o":{"weight":1.0,"played":[1.0,0.0],"evs":[0.0,-2.40777]},"93o":{"weight":1.0,"played":[1.0,0.0],"evs":[0.0,-2.31462]},"T3o":{"weight":1.0,"played":[1.0,0.0],"evs":[0.0,-2.16657]},"J3o":{"weight":1.0,"played":[1.0,0.0],"evs":[0.0,-2.05345]},"Q3o":{"weight":1.0,"played":[1.0,0.0],"evs":[0.0,-1.82489]},"K3o":{"weight":1.0,"played":[1.0,0.0],"evs":[0.0,-1.66068]},"A3o":{"weight":1.0,"played":[1.0,0.0],"evs":[0.0,-1.01001]},"42s":{"weight":1.0,"played":[1.0,0.0],"evs":[0.0,-1.30237]},"43s":{"weight":1.0,"played":[1.0,0.0],"evs":[0.0,-0.93474]},"44":{"weight":1.0,"played":[0.0,1.0],"evs":[0.0,0.51037]},"54o":{"weight":1.0,"played":[1.0,0.0],"evs":[0.0,-1.37595]},"64o":{"weight":1.0,"played":[1.0,0.0],"evs":[0.0,-1.61214]},"74o":{"weight":1.0,"played":[1.0,0.0],"evs":[0.0,-1.83028]},"84o":{"weight":1.0,"played":[1.0,0.0],"evs":[0.0,-2.01957]},"94o":{"weight":1.0,"played":[1.0,0.0],"evs":[0.0,-2.25165]},"T4o":{"weight":1.0,"played":[1.0,0.0],"evs":[0.0,-2.0639]},"J4o":{"weight":1.0,"played":[1.0,0.0],"evs":[0.0,-1.89189]},"Q4o":{"weight":1.0,"played":[1.0,0.0],"evs":[0.0,-1.69924]},"K4o":{"weight":1.0,"played":[1.0,0.0],"evs":[0.0,-1.53012]},"A4o":{"weight":1.0,"played":[1.0,0.0],"evs":[0.0,-0.81892]},"52s":{"weight":1.0,"played":[1.0,0.0],"evs":[0.0,-1.21466]},"53s":{"weight":1.0,"played":[1.0,0.0],"evs":[0.0,-0.82005]},"54s":{"weight":1.0,"played":[1.0,0.0],"evs":[0.0,-0.41326]},"55":{"weight":1.0,"played":[0.0,1.0],"evs":[0.0,0.96599]},"65o":{"weight":1.0,"played":[1.0,0.0],"evs":[0.0,-1.24782]},"75o":{"weight":1.0,"played":[1.0,0.0],"evs":[0.0,-1.48132]},"85o":{"weight":1.0,"played":[1.0,0.0],"evs":[0.0,-1.63952]},"95o":{"weight":1.0,"played":[1.0,0.0],"evs":[0.0,-1.90125]},"T5o":{"weight":1.0,"played":[1.0,0.0],"evs":[0.0,-2.02305]},"J5o":{"weight":1.0,"played":[1.0,0.0],"evs":[0.0,-1.82995]},"Q5o":{"weight":1.0,"played":[1.0,0.0],"evs":[0.0,-1.632]},"K5o":{"weight":1.0,"played":[1.0,0.0],"evs":[0.0,-1.44094]},"A5o":{"weight":1.0,"played":[1.0,0.0],"evs":[0.0,-0.6464]},"62s":{"weight":1.0,"played":[1.0,0.0],"evs":[0.0,-1.41835]},"63s":{"weight":1.0,"played":[1.0,0.0],"evs":[0.0,-1.02779]},"64s":{"weight":1.0,"played":[1.0,0.0],"evs":[0.0,-0.63826]},"65s":{"weight":1.0,"played":[0.9999,1.0E-4],"evs":[0.0,-0.343]},"66":{"weight":1.0,"played":[0.0,1.0],"evs":[0.0,1.42449]},"76o":{"weight":1.0,"played":[1.0,0.0],"evs":[0.0,-1.09929]},"86o":{"weight":1.0,"played":[1.0,0.0],"evs":[0.0,-1.2453]},"96o":{"weight":1.0,"played":[1.0,0.0],"evs":[0.0,-1.47415]},"T6o":{"weight":1.0,"played":[1.0,0.0],"evs":[0.0,-1.6026]},"J6o":{"weight":1.0,"played":[1.0,0.0],"evs":[0.0,-1.74278]},"Q6o":{"weight":1.0,"played":[1.0,0.0],"evs":[0.0,-1.46829]},"K6o":{"weight":1.0,"played":[1.0,0.0],"evs":[0.0,-1.28126]},"A6o":{"weight":1.0,"played":[1.0,0.0],"evs":[0.0,-0.73753]},"72s":{"weight":1.0,"played":[1.0,0.0],"evs":[0.0,-1.6404]},"73s":{"weight":1.0,"played":[1.0,0.0],"evs":[0.0,-1.22802]},"74s":{"weight":1.0,"played":[1.0,0.0],"evs":[0.0,-0.90174]},"75s":{"weight":1.0,"played":[1.0,0.0],"evs":[0.0,-0.52642]},"76s":{"weight":1.0,"played":[1.0,0.0],"evs":[0.0,-0.12631]},"77":{"weight":1.0,"played":[0.0,1.0],"evs":[0.0,1.94468]},"87o":{"weight":1.0,"played":[1.0,0.0],"evs":[0.0,-0.92609]},"97o":{"weight":1.0,"played":[1.0,0.0],"evs":[0.0,-1.12105]},"T7o":{"weight":1.0,"played":[1.0,0.0],"evs":[0.0,-1.23408]},"J7o":{"weight":1.0,"played":[1.0,0.0],"evs":[0.0,-1.38643]},"Q7o":{"weight":1.0,"played":[1.0,0.0],"evs":[0.0,-1.45072]},"K7o":{"weight":1.0,"played":[1.0,0.0],"evs":[0.0,-1.15915]},"A7o":{"weight":1.0,"played":[1.0,0.0],"evs":[0.0,-0.3105]},"82s":{"weight":1.0,"played":[1.0,0.0],"evs":[0.0,-1.48619]},"83s":{"weight":1.0,"played":[1.0,0.0],"evs":[0.0,-1.41476]},"84s":{"weight":1.0,"played":[1.0,0.0],"evs":[0.0,-1.01935]},"85s":{"weight":1.0,"played":[1.0,0.0],"evs":[0.0,-0.68917]},"86s":{"weight":1.0,"played":[1.0,0.0],"evs":[0.0,-0.27951]},"87s":{"weight":1.0,"played":[0.9977,0.0023],"evs":[0.0,-0.03699]},"88":{"weight":1.0,"played":[0.0,1.0],"evs":[0.0,2.55614]},"98o":{"weight":1.0,"played":[1.0,0.0],"evs":[0.0,-0.75633]},"T8o":{"weight":1.0,"played":[1.0,0.0],"evs":[0.0,-0.82599]},"J8o":{"weight":1.0,"played":[1.0,0.0],"evs":[0.0,-0.95859]},"Q8o":{"weight":1.0,"played":[1.0,0.0],"evs":[0.0,-0.99504]},"K8o":{"weight":1.0,"played":[1.0,0.0],"evs":[0.0,-1.02073]},"A8o":{"weight":1.0,"played":[0.0,1.0],"evs":[0.0,0.08444]},"92s":{"weight":1.0,"played":[1.0,0.0],"evs":[0.0,-1.44259]},"93s":{"weight":1.0,"played":[1.0,0.0],"evs":[0.0,-1.30565]},"94s":{"weight":1.0,"played":[1.0,0.0],"evs":[0.0,-1.24661]},"95s":{"weight":1.0,"played":[1.0,0.0],"evs":[0.0,-0.94645]},"96s":{"weight":1.0,"played":[1.0,0.0],"evs":[0.0,-0.49003]},"97s":{"weight":1.0,"played":[1.0,0.0],"evs":[0.0,-0.16216]},"98s":{"weight":1.0,"played":[0.0,1.0],"evs":[0.0,0.12342]},"99":{"weight":1.0,"played":[0.0,1.0],"evs":[0.0,3.32011]},"T9o":{"weight":1.0,"played":[1.0,0.0],"evs":[0.0,-0.46694]},"J9o":{"weight":1.0,"played":[1.0,0.0],"evs":[0.0,-0.57725]},"Q9o":{"weight":1.0,"played":[1.0,0.0],"evs":[0.0,-0.58709]},"K9o":{"weight":1.0,"played":[1.0,0.0],"evs":[0.0,-0.53151]},"A9o":{"weight":1.0,"played":[0.0,1.0],"evs":[0.0,0.67493]},"T2s":{"weight":1.0,"played":[1.0,0.0],"evs":[0.0,-1.27207]},"T3s":{"weight":1.0,"played":[1.0,0.0],"evs":[0.0,-1.16215]},"T4s":{"weight":1.0,"played":[1.0,0.0],"evs":[0.0,-1.04392]},"T5s":{"weight":1.0,"played":[1.0,0.0],"evs":[0.0,-1.02606]},"T6s":{"weight":1.0,"played":[1.0,0.0],"evs":[0.0,-0.61411]},"T7s":{"weight":1.0,"played":[1.0,0.0],"evs":[0.0,-0.29423]},"T8s":{"weight":1.0,"played":[5.0E-4,0.9995],"evs":[0.0,0.09063]},"T9s":{"weight":1.0,"played":[0.0,1.0],"evs":[0.0,0.46011]},"TT":{"weight":1.0,"played":[0.0,1.0],"evs":[0.0,4.42052]},"JTo":{"weight":1.0,"played":[0.1156,0.8844],"evs":[0.0,0.01748]},"QTo":{"weight":1.0,"played":[0.9271,0.0729],"evs":[0.0,-0.00266]},"KTo":{"weight":1.0,"played":[0.0,1.0],"evs":[0.0,0.21694]},"ATo":{"weight":1.0,"played":[0.0,1.0],"evs":[0.0,1.71417]},"J2s":{"weight":1.0,"played":[1.0,0.0],"evs":[0.0,-1.13025]},"J3s":{"weight":1.0,"played":[1.0,0.0],"evs":[0.0,-1.03212]},"J4s":{"weight":1.0,"played":[1.0,0.0],"evs":[0.0,-0.92346]},"J5s":{"weight":1.0,"played":[1.0,0.0],"evs":[0.0,-0.85431]},"J6s":{"weight":1.0,"played":[1.0,0.0],"evs":[0.0,-0.77933]},"J7s":{"weight":1.0,"played":[1.0,0.0],"evs":[0.0,-0.44482]},"J8s":{"weight":1.0,"played":[0.9858,0.0142],"evs":[0.0,-0.02461]},"J9s":{"weight":1.0,"played":[0.0,1.0],"evs":[0.0,0.35595]},"JTs":{"weight":1.0,"played":[0.0,1.0],"evs":[0.0,0.87766]},"JJ":{"weight":1.0,"played":[0.0,1.0],"evs":[0.0,5.50648]},"QJo":{"weight":1.0,"played":[0.0,1.0],"evs":[0.0,0.33491]},"KJo":{"weight":1.0,"played":[0.0,1.0],"evs":[0.0,0.67247]},"AJo":{"weight":1.0,"played":[0.0,1.0],"evs":[0.0,2.44784]},"Q2s":{"weight":1.0,"played":[1.0,0.0],"evs":[0.0,-0.99451]},"Q3s":{"weight":1.0,"played":[1.0,0.0],"evs":[0.0,-0.82373]},"Q4s":{"weight":1.0,"played":[1.0,0.0],"evs":[0.0,-0.67607]},"Q5s":{"weight":1.0,"played":[1.0,0.0],"evs":[0.0,-0.63314]},"Q6s":{"weight":1.0,"played":[1.0,0.0],"evs":[0.0,-0.47003]},"Q7s":{"weight":1.0,"played":[1.0,0.0],"evs":[0.0,-0.45348]},"Q8s":{"weight":1.0,"played":[0.9153,0.0847],"evs":[0.0,-0.03385]},"Q9s":{"weight":1.0,"played":[0.0,1.0],"evs":[0.0,0.34241]},"QTs":{"weight":1.0,"played":[0.0,1.0],"evs":[0.0,0.89277]},"QJs":{"weight":1.0,"played":[0.0,1.0],"evs":[0.0,1.19967]},"QQ":{"weight":1.0,"played":[0.0,1.0],"evs":[0.0,6.75283]},"KQo":{"weight":1.0,"played":[0.0,1.0],"evs":[0.0,1.16579]},"AQo":{"weight":1.0,"played":[0.0,1.0],"evs":[0.0,3.23511]},"K2s":{"weight":1.0,"played":[1.0,0.0],"evs":[0.0,-0.77857]},"K3s":{"weight":1.0,"played":[1.0,0.0],"evs":[0.0,-0.66207]},"K4s":{"weight":1.0,"played":[1.0,0.0],"evs":[0.0,-0.5155]},"K5s":{"weight":1.0,"played":[1.0,0.0],"evs":[0.0,-0.41238]},"K6s":{"weight":1.0,"played":[1.0,0.0],"evs":[0.0,-0.29966]},"K7s":{"weight":1.0,"played":[0.9993,7.0E-4],"evs":[0.0,-0.15888]},"K8s":{"weight":1.0,"played":[0.9546,0.0454],"evs":[0.0,-0.02589]},"K9s":{"weight":1.0,"played":[0.0,1.0],"evs":[0.0,0.39863]},"KTs":{"weight":1.0,"played":[0.0,1.0],"evs":[0.0,1.04587]},"KJs":{"weight":1.0,"played":[0.0,1.0],"evs":[0.0,1.51567]},"KQs":{"weight":1.0,"played":[0.0,1.0],"evs":[0.0,2.04527]},"KK":{"weight":1.0,"played":[0.0,1.0],"evs":[0.0,8.39433]},"AKo":{"weight":1.0,"played":[0.0,1.0],"evs":[0.0,4.12651]},"A2s":{"weight":1.0,"played":[0.9999,1.0E-4],"evs":[0.0,-0.12395]},"A3s":{"weight":1.0,"played":[0.2842,0.7158],"evs":[0.0,0.02189]},"A4s":{"weight":1.0,"played":[2.0E-4,0.9998],"evs":[0.0,0.18043]},"A5s":{"weight":1.0,"played":[0.0,1.0],"evs":[0.0,0.35872]},"A6s":{"weight":1.0,"played":[0.0,1.0],"evs":[0.0,0.31686]},"A7s":{"weight":1.0,"played":[0.0,1.0],"evs":[0.0,0.66567]},"A8s":{"weight":1.0,"played":[0.0,1.0],"evs":[0.0,1.06272]},"A9s":{"weight":1.0,"played":[0.0,1.0],"evs":[0.0,1.58426]},"ATs":{"weight":1.0,"played":[0.0,1.0],"evs":[0.0,2.5878]},"AJs":{"weight":1.0,"played":[0.0,1.0],"evs":[0.0,3.26776]},"AQs":{"weight":1.0,"played":[0.0,1.0],"evs":[0.0,4.02097]},"AKs":{"weight":1.0,"played":[0.0,1.0],"evs":[0.0,4.82709]},"AA":{"weight":1.0,"played":[0.0,1.0],"evs":[0.0,11.62146]}}}