{"player":2,"street":0,"children":2,"sequence":[{"player":0,"type":"F","amount":0,"street":0},{"player":1,"type":"R","amount":200000,"street":0},{"player":2,"type":"C","amount":200000,"street":0},{"player":3,"type":"R","amount":1215000,"street":0},{"player":4,"type":"C","amount":665000,"street":0},{"player":5,"type":"C","amount":715000,"street":0},{"player":1,"type":"F","amount":0,"street":0}],"actions":[{"type":"F","amount":0},{"type":"C","amount":1015000}],"hands":{"22":{"weight":0.4403,"played":[0.0091,0.9909],"evs":[0.0,0.63991]},"32o":{"weight":0.0,"played":[0.9983,0.0017],"evs":[0.0,-1.05345]},"42o":{"weight":0.0,"played":[0.9989,0.0011],"evs":[0.0,-0.44417]},"52o":{"weight":0.0,"played":[0.9957,0.0043],"evs":[0.0,-1.8923]},"62o":{"weight":0.0,"played":[0.9917,0.0083],"evs":[0.0,-1.15346]},"72o":{"weight":0.0,"played":[0.9998,2.0E-4],"evs":[0.0,-2.62379]},"82o":{"weight":0.0,"played":[0.999,0.001],"evs":[0.0,-2.05999]},"92o":{"weight":0.0,"played":[0.9998,2.0E-4],"evs":[0.0,-2.25779]},"T2o":{"weight":0.0,"played":[0.9997,3.0E-4],"evs":[0.0,-2.37337]},"J2o":{"weight":0.0,"played":[0.9943,0.0057],"evs":[0.0,-1.90985]},"Q2o":{"weight":0.0,"played":[0.9995,5.0E-4],"evs":[0.0,-1.67986]},"K2o":{"weight":0.0,"played":[0.9977,0.0023],"evs":[0.0,-1.85492]},"A2o":{"weight":0.0,"played":[0.979,0.021],"evs":[0.0,-2.39898]},"32s":{"weight":0.0,"played":[0.8255,0.1745],"evs":[0.0,-0.07525]},"33":{"weight":0.9994,"played":[0.0,1.0],"evs":[0.0,1.52604]},"43o":{"weight":0.0,"played":[0.9787,0.0213],"evs":[0.0,-0.97237]},"53o":{"weight":0.0,"played":[0.9952,0.0048],"evs":[0.0,-0.74782]},"63o":{"weight":0.0,"played":[0.9861,0.0139],"evs":[0.0,-0.84198]},"73o":{"weight":0.0,"played":[0.999,0.001],"evs":[0.0,-1.4004]},"83o":{"weight":0.0,"played":[0.9999,1.0E-4],"evs":[0.0,-1.61134]},"93o":{"weight":0.0,"played":[0.9996,4.0E-4],"evs":[0.0,-1.92488]},"T3o":{"weight":0.0,"played":[0.9829,0.0171],"evs":[0.0,-1.6103]},"J3o":{"weight":0.0,"played":[0.9504,0.0496],"evs":[0.0,-1.61358]},"Q3o":{"weight":0.0,"played":[0.9998,2.0E-4],"evs":[0.0,-2.01442]},"K3o":{"weight":0.0,"played":[0.9794,0.0206],"evs":[0.0,-2.03905]},"A3o":{"weight":0.0,"played":[0.9999,1.0E-4],"evs":[0.0,-1.46165]},"42s":{"weight":0.0,"played":[0.1112,0.8888],"evs":[0.0,-0.05193]},"43s":{"weight":0.0,"played":[0.1408,0.8592],"evs":[0.0,-0.05057]},"44":{"weight":0.9836,"played":[5.0E-4,0.9995],"evs":[0.0,2.45846]},"54o":{"weight":0.0,"played":[0.3936,0.6064],"evs":[0.0,-0.14423]},"64o":{"weight":0.0,"played":[0.7927,0.2073],"evs":[0.0,-0.64745]},"74o":{"weight":0.0,"played":[0.9998,2.0E-4],"evs":[0.0,-1.0911]},"84o":{"weight":0.0,"played":[0.9918,0.0082],"evs":[0.0,-1.58767]},"94o":{"weight":0.0,"played":[1.0,0.0],"evs":[0.0,-2.04596]},"T4o":{"weight":0.0,"played":[0.9873,0.0127],"evs":[0.0,-1.98243]},"J4o":{"weight":0.0,"played":[0.9954,0.0046],"evs":[0.0,-1.4478]},"Q4o":{"weight":0.0,"played":[0.9902,0.0098],"evs":[0.0,-1.59786]},"K4o":{"weight":0.0,"played":[0.9906,0.0094],"evs":[0.0,-1.1814]},"A4o":{"weight":0.0,"played":[0.9617,0.0383],"evs":[0.0,-1.40016]},"52s":{"weight":0.0,"played":[0.8052,0.1948],"evs":[0.0,-0.54472]},"53s":{"weight":0.0,"played":[0.0627,0.9373],"evs":[0.0,0.47831]},"54s":{"weight":0.0,"played":[0.2888,0.7112],"evs":[0.0,1.48403]},"55":{"weight":0.7307,"played":[0.0,1.0],"evs":[0.0,2.13398]},"65o":{"weight":0.0,"played":[0.9952,0.0048],"evs":[0.0,-0.48029]},"75o":{"weight":0.0,"played":[0.9961,0.0039],"evs":[0.0,-0.91254]},"85o":{"weight":0.0,"played":[0.9987,0.0013],"evs":[0.0,-0.90296]},"95o":{"weight":0.0,"played":[0.9896,0.0104],"evs":[0.0,-0.76576]},"T5o":{"weight":0.0,"played":[0.9984,0.0016],"evs":[0.0,-1.68999]},"J5o":{"weight":0.0,"played":[0.9931,0.0069],"evs":[0.0,-1.83733]},"Q5o":{"weight":0.0,"played":[0.9978,0.0022],"evs":[0.0,-1.42895]},"K5o":{"weight":0.0,"played":[0.9813,0.0187],"evs":[0.0,-0.97367]},"A5o":{"weight":0.0,"played":[0.8028,0.1972],"evs":[0.0,-0.72453]},"62s":{"weight":0.0,"played":[0.3828,0.6172],"evs":[0.0,0.05037]},"63s":{"weight":0.0,"played":[2.0E-4,0.9998],"evs":[0.0,0.99011]},"64s":{"weight":0.0,"played":[0.0373,0.9627],"evs":[0.0,0.43323]},"65s":{"weight":0.0,"played":[0.0542,0.9458],"evs":[0.0,1.34363]},"66":{"weight":0.6375,"played":[7.0E-4,0.9993],"evs":[0.0,1.70393]},"76o":{"weight":0.0,"played":[0.452,0.548],"evs":[0.0,0.21773]},"86o":{"weight":0.0,"played":[0.1572,0.8428],"evs":[0.0,-0.17906]},"96o":{"weight":0.0,"played":[0.9887,0.0113],"evs":[0.0,-0.92015]},"T6o":{"weight":0.0,"played":[0.9408,0.0592],"evs":[0.0,-0.93407]},"J6o":{"weight":0.0,"played":[0.9939,0.0061],"evs":[0.0,-1.57455]},"Q6o":{"weight":0.0,"played":[0.9809,0.0191],"evs":[0.0,-0.76805]},"K6o":{"weight":0.0,"played":[0.9794,0.0206],"evs":[0.0,-0.53994]},"A6o":{"weight":0.0,"played":[0.9959,0.0041],"evs":[0.0,-1.11987]},"72s":{"weight":0.0,"played":[0.5581,0.4419],"evs":[0.0,-0.68593]},"73s":{"weight":0.0,"played":[0.0785,0.9215],"evs":[0.0,0.20601]},"74s":{"weight":0.0,"played":[0.9758,0.0242],"evs":[0.0,-0.934]},"75s":{"weight":0.0,"played":[0.113,0.887],"evs":[0.0,2.21423]},"76s":{"weight":0.0022,"played":[5.0E-4,0.9995],"evs":[0.0,3.18901]},"77":{"weight":0.3569,"played":[0.0,1.0],"evs":[0.0,4.12883]},"87o":{"weight":0.0,"played":[0.7712,0.2288],"evs":[0.0,-0.47985]},"97o":{"weight":0.0,"played":[0.2375,0.7625],"evs":[0.0,0.15524]},"T7o":{"weight":0.0,"played":[0.6996,0.3004],"evs":[0.0,-0.47235]},"J7o":{"weight":0.0,"played":[0.9532,0.0468],"evs":[0.0,-1.06582]},"Q7o":{"weight":0.0,"played":[0.9974,0.0026],"evs":[0.0,-1.29872]},"K7o":{"weight":0.0,"played":[0.9967,0.0033],"evs":[0.0,-0.96862]},"A7o":{"weight":0.0,"played":[0.9703,0.0297],"evs":[0.0,-2.3072]},"82s":{"weight":0.0,"played":[0.4924,0.5076],"evs":[0.0,-0.09866]},"83s":{"weight":0.0,"played":[0.8751,0.1249],"evs":[0.0,-0.34644]},"84s":{"weight":0.0,"played":[0.3743,0.6257],"evs":[0.0,-0.57043]},"85s":{"weight":0.0,"played":[0.6283,0.3717],"evs":[0.0,-0.07773]},"86s":{"weight":0.0,"played":[0.0055,0.9945],"evs":[0.0,1.82494]},"87s":{"weight":0.6432,"played":[0.0,1.0],"evs":[0.0,1.94991]},"88":{"weight":5.0E-4,"played":[1.0E-4,0.9999],"evs":[0.0,5.5449]},"98o":{"weight":0.0,"played":[2.0E-4,0.9998],"evs":[0.0,0.5166]},"T8o":{"weight":0.0,"played":[0.0178,0.9822],"evs":[0.0,0.18905]},"J8o":{"weight":0.0,"played":[0.179,0.821],"evs":[0.0,0.70627]},"Q8o":{"weight":0.0,"played":[0.9871,0.0129],"evs":[0.0,-0.31164]},"K8o":{"weight":0.0,"played":[0.9843,0.0157],"evs":[0.0,-1.26062]},"A8o":{"weight":0.3291,"played":[0.9951,0.0049],"evs":[0.0,-0.93085]},"92s":{"weight":0.0,"played":[0.9204,0.0796],"evs":[0.0,-1.18228]},"93s":{"weight":0.0,"played":[0.0093,0.9907],"evs":[0.0,0.13488]},"94s":{"weight":0.0,"played":[0.719,0.281],"evs":[0.0,0.1177]},"95s":{"weight":0.0,"played":[0.3724,0.6276],"evs":[0.0,-0.35551]},"96s":{"weight":0.0,"played":[0.0875,0.9125],"evs":[0.0,0.65676]},"97s":{"weight":0.0,"played":[0.1964,0.8036],"evs":[0.0,0.66507]},"98s":{"weight":0.9978,"played":[0.0019,0.9981],"evs":[0.0,2.77249]},"99":{"weight":1.0E-4,"played":[0.0,1.0],"evs":[0.0,4.86676]},"T9o":{"weight":0.0,"played":[0.1755,0.8245],"evs":[0.0,0.64153]},"J9o":{"weight":0.0,"played":[0.0887,0.9113],"evs":[0.0,0.4956]},"Q9o":{"weight":0.0,"played":[1.0E-4,0.9999],"evs":[0.0,0.45377]},"K9o":{"weight":0.0,"played":[0.7919,0.2081],"evs":[0.0,-0.22987]},"A9o":{"weight":0.9946,"played":[0.9956,0.0044],"evs":[0.0,-0.66526]},"T2s":{"weight":0.0,"played":[0.6579,0.3421],"evs":[0.0,-0.43859]},"T3s":{"weight":0.0,"played":[0.2392,0.7608],"evs":[0.0,0.79982]},"T4s":{"weight":0.0,"played":[0.2305,0.7695],"evs":[0.0,0.62116]},"T5s":{"weight":0.0,"played":[0.5065,0.4935],"evs":[0.0,0.3218]},"T6s":{"weight":0.0,"played":[0.2827,0.7173],"evs":[0.0,0.34822]},"T7s":{"weight":0.0,"played":[0.0202,0.9798],"evs":[0.0,2.24733]},"T8s":{"weight":0.8379,"played":[5.0E-4,0.9995],"evs":[0.0,1.91382]},"T9s":{"weight":0.9999,"played":[0.0023,0.9977],"evs":[0.0,2.24929]},"TT":{"weight":2.0E-4,"played":[0.0,1.0],"evs":[0.0,8.09385]},"JTo":{"weight":0.0,"played":[0.1225,0.8775],"evs":[0.0,0.42076]},"QTo":{"weight":1.0E-4,"played":[0.0645,0.9355],"evs":[0.0,0.78386]},"KTo":{"weight":0.0572,"played":[0.2609,0.7391],"evs":[0.0,0.55261]},"ATo":{"weight":1.0,"played":[0.5346,0.4654],"evs":[0.0,-0.0605]},"J2s":{"weight":0.0,"played":[0.164,0.836],"evs":[0.0,0.30612]},"J3s":{"weight":0.0,"played":[0.0736,0.9264],"evs":[0.0,1.87555]},"J4s":{"weight":0.0,"played":[0.1106,0.8894],"evs":[0.0,0.2241]},"J5s":{"weight":0.0,"played":[0.4401,0.5599],"evs":[0.0,0.3069]},"J6s":{"weight":0.0,"played":[0.2272,0.7728],"evs":[0.0,-0.25331]},"J7s":{"weight":0.0,"played":[0.2624,0.7376],"evs":[0.0,1.89437]},"J8s":{"weight":0.0018,"played":[0.334,0.666],"evs":[0.0,0.87791]},"J9s":{"weight":0.9994,"played":[0.0216,0.9784],"evs":[0.0,2.59362]},"JTs":{"weight":0.0784,"played":[2.0E-4,0.9998],"evs":[0.0,2.29666]},"JJ":{"weight":0.664,"played":[0.0,1.0],"evs":[0.0,9.96437]},"QJo":{"weight":0.9878,"played":[0.0,1.0],"evs":[0.0,0.27653]},"KJo":{"weight":0.6234,"played":[1.0E-4,0.9999],"evs":[0.0,0.88227]},"AJo":{"weight":0.1077,"played":[0.0,1.0],"evs":[0.0,1.75383]},"Q2s":{"weight":0.0,"played":[0.0959,0.9041],"evs":[0.0,0.36496]},"Q3s":{"weight":0.0,"played":[0.0098,0.9902],"evs":[0.0,1.37571]},"Q4s":{"weight":0.0,"played":[0.1145,0.8855],"evs":[0.0,0.6331]},"Q5s":{"weight":0.0,"played":[0.1554,0.8446],"evs":[0.0,1.0389]},"Q6s":{"weight":0.0,"played":[0.1657,0.8343],"evs":[0.0,1.16164]},"Q7s":{"weight":0.0,"played":[0.7687,0.2313],"evs":[0.0,-0.11058]},"Q8s":{"weight":0.3617,"played":[0.0095,0.9905],"evs":[0.0,1.23313]},"Q9s":{"weight":0.9972,"played":[0.0014,0.9986],"evs":[0.0,2.16757]},"QTs":{"weight":0.9345,"played":[0.0048,0.9952],"evs":[0.0,3.31071]},"QJs":{"weight":0.0515,"played":[0.0013,0.9987],"evs":[0.0,2.13735]},"QQ":{"weight":0.9977,"played":[0.0,1.0],"evs":[0.0,12.46322]},"KQo":{"weight":0.5341,"played":[0.0,1.0],"evs":[0.0,2.39386]},"AQo":{"weight":0.0,"played":[0.0,1.0],"evs":[0.0,3.94778]},"K2s":{"weight":0.0,"played":[0.237,0.763],"evs":[0.0,-0.301]},"K3s":{"weight":0.0,"played":[0.5894,0.4106],"evs":[0.0,-0.7929]},"K4s":{"weight":0.0,"played":[0.0064,0.9936],"evs":[0.0,2.00317]},"K5s":{"weight":0.0,"played":[0.0971,0.9029],"evs":[0.0,1.85455]},"K6s":{"weight":0.0,"played":[0.3372,0.6628],"evs":[0.0,-0.74654]},"K7s":{"weight":1.0E-4,"played":[8.0E-4,0.9992],"evs":[0.0,1.49149]},"K8s":{"weight":0.997,"played":[0.0014,0.9986],"evs":[0.0,2.19412]},"K9s":{"weight":0.9999,"played":[0.0077,0.9923],"evs":[0.0,3.04374]},"KTs":{"weight":0.9789,"played":[3.0E-4,0.9997],"evs":[0.0,2.05105]},"KJs":{"weight":0.9975,"played":[0.0018,0.9982],"evs":[0.0,1.98178]},"KQs":{"weight":0.9996,"played":[0.0,1.0],"evs":[0.0,3.71909]},"KK":{"weight":0.9992,"played":[0.0,1.0],"evs":[0.0,17.5773]},"AKo":{"weight":0.0,"played":[0.0,1.0],"evs":[0.0,5.08454]},"A2s":{"weight":0.001,"played":[0.4427,0.5573],"evs":[0.0,-0.12041]},"A3s":{"weight":0.7665,"played":[0.0082,0.9918],"evs":[0.0,0.74992]},"A4s":{"weight":0.2802,"played":[0.2035,0.7965],"evs":[0.0,0.10062]},"A5s":{"weight":0.0441,"played":[0.042,0.958],"evs":[0.0,1.34943]},"A6s":{"weight":0.9996,"played":[0.1166,0.8834],"evs":[0.0,1.28996]},"A7s":{"weight":0.9923,"played":[0.147,0.853],"evs":[0.0,0.30532]},"A8s":{"weight":0.9996,"played":[0.2528,0.7472],"evs":[0.0,0.70115]},"A9s":{"weight":1.0,"played":[0.0254,0.9746],"evs":[0.0,0.73123]},"ATs":{"weight":1.0,"played":[0.0,1.0],"evs":[0.0,3.57709]},"AJs":{"weight":0.9999,"played":[3.0E-4,0.9997],"evs":[0.0,3.62604]},"AQs":{"weight":0.9999,"played":[2.0E-4,0.9998],"evs":[0.0,4.09611]},"AKs":{"weight":0.0053,"played":[0.0,1.0],"evs":[0.0,6.91697]},"AA":{"weight":0.9914,"played":[0.0,1.0],"evs":[0.0,21.29322]}}}