{"player":5,"street":0,"children":2,"sequence":[{"player":0,"type":"F","amount":0,"street":0},{"player":1,"type":"R","amount":200000,"street":0},{"player":2,"type":"R","amount":2215000,"street":0},{"player":3,"type":"F","amount":0,"street":0},{"player":4,"type":"F","amount":0,"street":0}],"actions":[{"type":"F","amount":0,"node":167},{"type":"C","amount":715000,"node":168}],"hands":{"22":{"weight":1.0,"played":[0.0,1.0],"evs":[0.0,0.31358]},"32o":{"weight":1.0,"played":[1.0,0.0],"evs":[0.0,-2.17487]},"42o":{"weight":1.0,"played":[1.0,0.0],"evs":[0.0,-2.10936]},"52o":{"weight":1.0,"played":[1.0,0.0],"evs":[0.0,-2.00323]},"62o":{"weight":1.0,"played":[1.0,0.0],"evs":[0.0,-2.17105]},"72o":{"weight":1.0,"played":[1.0,0.0],"evs":[0.0,-2.39923]},"82o":{"weight":1.0,"played":[1.0,0.0],"evs":[0.0,-2.20081]},"92o":{"weight":1.0,"played":[1.0,0.0],"evs":[0.0,-2.09877]},"T2o":{"weight":1.0,"played":[1.0,0.0],"evs":[0.0,-1.97286]},"J2o":{"weight":1.0,"played":[1.0,0.0],"evs":[0.0,-2.055]},"Q2o":{"weight":1.0,"played":[1.0,0.0],"evs":[0.0,-1.78848]},"K2o":{"weight":1.0,"played":[1.0,0.0],"evs":[0.0,-1.55022]},"A2o":{"weight":1.0,"played":[1.0,0.0],"evs":[0.0,-1.01729]},"32s":{"weight":1.0,"played":[1.0,0.0],"evs":[0.0,-1.33452]},"33":{"weight":1.0,"played":[0.0,1.0],"evs":[0.0,0.48825]},"43o":{"weight":1.0,"played":[1.0,0.0],"evs":[0.0,-1.75097]},"53o":{"weight":1.0,"played":[1.0,0.0],"evs":[0.0,-1.60764]},"63o":{"weight":1.0,"played":[1.0,0.0],"evs":[0.0,-1.77081]},"73o":{"weight":1.0,"played":[1.0,0.0],"evs":[0.0,-1.99998]},"83o":{"weight":1.0,"played":[1.0,0.0],"evs":[0.0,-2.14196]},"93o":{"weight":1.0,"played":[1.0,0.0],"evs":[0.0,-1.94125]},"T3o":{"weight":1.0,"played":[1.0,0.0],"evs":[0.0,-1.82284]},"J3o":{"weight":1.0,"played":[1.0,0.0],"evs":[0.0,-1.88953]},"Q3o":{"weight":1.0,"played":[1.0,0.0],"evs":[0.0,-1.66972]},"K3o":{"weight":1.0,"played":[1.0,0.0],"evs":[0.0,-1.42781]},"A3o":{"weight":1.0,"played":[1.0,0.0],"evs":[0.0,-0.86195]},"42s":{"weight":1.0,"played":[1.0,0.0],"evs":[0.0,-1.27653]},"43s":{"weight":1.0,"played":[1.0,0.0],"evs":[0.0,-0.9296]},"44":{"weight":1.0,"played":[0.0,1.0],"evs":[0.0,0.63538]},"54o":{"weight":1.0,"played":[1.0,0.0],"evs":[0.0,-1.34437]},"64o":{"weight":1.0,"played":[1.0,0.0],"evs":[0.0,-1.49643]},"74o":{"weight":1.0,"played":[1.0,0.0],"evs":[0.0,-1.7191]},"84o":{"weight":1.0,"played":[1.0,0.0],"evs":[0.0,-1.86355]},"94o":{"weight":1.0,"played":[1.0,0.0],"evs":[0.0,-1.98326]},"T4o":{"weight":1.0,"played":[1.0,0.0],"evs":[0.0,-1.81514]},"J4o":{"weight":1.0,"played":[1.0,0.0],"evs":[0.0,-1.84634]},"Q4o":{"weight":1.0,"played":[1.0,0.0],"evs":[0.0,-1.59674]},"K4o":{"weight":1.0,"played":[1.0,0.0],"evs":[0.0,-1.35833]},"A4o":{"weight":1.0,"played":[1.0,0.0],"evs":[0.0,-0.80503]},"52s":{"weight":1.0,"played":[1.0,0.0],"evs":[0.0,-1.15944]},"53s":{"weight":1.0,"played":[1.0,0.0],"evs":[0.0,-0.80238]},"54s":{"weight":1.0,"played":[1.0,0.0],"evs":[0.0,-0.55477]},"55":{"weight":1.0,"played":[0.0,1.0],"evs":[0.0,0.95979]},"65o":{"weight":1.0,"played":[1.0,0.0],"evs":[0.0,-1.24803]},"75o":{"weight":1.0,"played":[1.0,0.0],"evs":[0.0,-1.43886]},"85o":{"weight":1.0,"played":[1.0,0.0],"evs":[0.0,-1.53614]},"95o":{"weight":1.0,"played":[1.0,0.0],"evs":[0.0,-1.63517]},"T5o":{"weight":1.0,"played":[1.0,0.0],"evs":[0.0,-1.76465]},"J5o":{"weight":1.0,"played":[1.0,0.0],"evs":[0.0,-1.76246]},"Q5o":{"weight":1.0,"played":[1.0,0.0],"evs":[0.0,-1.49452]},"K5o":{"weight":1.0,"played":[1.0,0.0],"evs":[0.0,-1.3116]},"A5o":{"weight":1.0,"played":[0.9999,1.0E-4],"evs":[0.0,-0.64088]},"62s":{"weight":1.0,"played":[1.0,0.0],"evs":[0.0,-1.33624]},"63s":{"weight":1.0,"played":[1.0,0.0],"evs":[0.0,-0.94442]},"64s":{"weight":1.0,"played":[1.0,0.0],"evs":[0.0,-0.69465]},"65s":{"weight":1.0,"played":[1.0,0.0],"evs":[0.0,-0.43349]},"66":{"weight":1.0,"played":[0.0,1.0],"evs":[0.0,1.24001]},"76o":{"weight":1.0,"played":[1.0,0.0],"evs":[0.0,-1.09307]},"86o":{"weight":1.0,"played":[1.0,0.0],"evs":[0.0,-1.17445]},"96o":{"weight":1.0,"played":[1.0,0.0],"evs":[0.0,-1.25921]},"T6o":{"weight":1.0,"played":[1.0,0.0],"evs":[0.0,-1.41342]},"J6o":{"weight":1.0,"played":[1.0,0.0],"evs":[0.0,-1.61823]},"Q6o":{"weight":1.0,"played":[1.0,0.0],"evs":[0.0,-1.33858]},"K6o":{"weight":1.0,"played":[1.0,0.0],"evs":[0.0,-1.11269]},"A6o":{"weight":1.0,"played":[1.0,0.0],"evs":[0.0,-0.78882]},"72s":{"weight":1.0,"played":[1.0,0.0],"evs":[0.0,-1.59913]},"73s":{"weight":1.0,"played":[1.0,0.0],"evs":[0.0,-1.22261]},"74s":{"weight":1.0,"played":[1.0,0.0],"evs":[0.0,-0.9211]},"75s":{"weight":1.0,"played":[0.9999,1.0E-4],"evs":[0.0,-0.60828]},"76s":{"weight":1.0,"played":[1.0,0.0],"evs":[0.0,-0.28562]},"77":{"weight":1.0,"played":[0.0,1.0],"evs":[0.0,1.6131]},"87o":{"weight":1.0,"played":[1.0,0.0],"evs":[0.0,-0.95014]},"97o":{"weight":1.0,"played":[1.0,0.0],"evs":[0.0,-1.05629]},"T7o":{"weight":1.0,"played":[1.0,0.0],"evs":[0.0,-1.11585]},"J7o":{"weight":1.0,"played":[1.0,0.0],"evs":[0.0,-1.4025]},"Q7o":{"weight":1.0,"played":[1.0,0.0],"evs":[0.0,-1.34656]},"K7o":{"weight":1.0,"played":[1.0,0.0],"evs":[0.0,-1.07367]},"A7o":{"weight":1.0,"played":[1.0,0.0],"evs":[0.0,-0.64462]},"82s":{"weight":1.0,"played":[1.0,0.0],"evs":[0.0,-1.29809]},"83s":{"weight":1.0,"played":[1.0,0.0],"evs":[0.0,-1.3069]},"84s":{"weight":1.0,"played":[1.0,0.0],"evs":[0.0,-1.04525]},"85s":{"weight":1.0,"played":[1.0,0.0],"evs":[0.0,-0.68452]},"86s":{"weight":1.0,"played":[1.0,0.0],"evs":[0.0,-0.36236]},"87s":{"weight":1.0,"played":[0.9978,0.0022],"evs":[0.0,-0.23043]},"88":{"weight":1.0,"played":[0.0,1.0],"evs":[0.0,2.32993]},"98o":{"weight":1.0,"played":[1.0,0.0],"evs":[0.0,-0.75227]},"T8o":{"weight":1.0,"played":[1.0,0.0],"evs":[0.0,-0.77579]},"J8o":{"weight":1.0,"played":[1.0,0.0],"evs":[0.0,-1.05741]},"Q8o":{"weight":1.0,"played":[1.0,0.0],"evs":[0.0,-1.05063]},"K8o":{"weight":1.0,"played":[1.0,0.0],"evs":[0.0,-1.01812]},"A8o":{"weight":1.0,"played":[1.0,0.0],"evs":[0.0,-0.39727]},"92s":{"weight":1.0,"played":[1.0,0.0],"evs":[0.0,-1.26017]},"93s":{"weight":1.0,"played":[1.0,0.0],"evs":[0.0,-1.08192]},"94s":{"weight":1.0,"played":[1.0,0.0],"evs":[0.0,-1.17432]},"95s":{"weight":1.0,"played":[1.0,0.0],"evs":[0.0,-0.85548]},"96s":{"weight":1.0,"played":[1.0,0.0],"evs":[0.0,-0.51574]},"97s":{"weight":1.0,"played":[1.0,0.0],"evs":[0.0,-0.33091]},"98s":{"weight":1.0,"played":[0.0484,0.9516],"evs":[0.0,-0.00165]},"99":{"weight":1.0,"played":[0.0,1.0],"evs":[0.0,3.22131]},"T9o":{"weight":1.0,"played":[1.0,0.0],"evs":[0.0,-0.37243]},"J9o":{"weight":1.0,"played":[1.0,0.0],"evs":[0.0,-0.64568]},"Q9o":{"weight":1.0,"played":[1.0,0.0],"evs":[0.0,-0.66027]},"K9o":{"weight":1.0,"played":[1.0,0.0],"evs":[0.0,-0.68609]},"A9o":{"weight":1.0,"played":[0.9537,0.0463],"evs":[0.0,-0.1603]},"T2s":{"weight":1.0,"played":[1.0,0.0],"evs":[0.0,-1.21868]},"T3s":{"weight":1.0,"played":[1.0,0.0],"evs":[0.0,-1.01538]},"T4s":{"weight":1.0,"played":[1.0,0.0],"evs":[0.0,-0.97949]},"T5s":{"weight":1.0,"played":[1.0,0.0],"evs":[0.0,-0.91767]},"T6s":{"weight":1.0,"played":[1.0,0.0],"evs":[0.0,-0.60422]},"T7s":{"weight":1.0,"played":[1.0,0.0],"evs":[0.0,-0.30302]},"T8s":{"weight":1.0,"played":[0.7784,0.2216],"evs":[0.0,0.00623]},"T9s":{"weight":1.0,"played":[0.0,1.0],"evs":[0.0,0.41367]},"TT":{"weight":1.0,"played":[0.0,1.0],"evs":[0.0,4.40198]},"JTo":{"weight":1.0,"played":[0.9857,0.0143],"evs":[0.0,-0.13714]},"QTo":{"weight":1.0,"played":[0.9991,9.0E-4],"evs":[0.0,-0.09559]},"KTo":{"weight":1.0,"played":[0.9866,0.0134],"evs":[0.0,-0.10511]},"ATo":{"weight":1.0,"played":[0.0,1.0],"evs":[0.0,0.4531]},"J2s":{"weight":1.0,"played":[1.0,0.0],"evs":[0.0,-1.20863]},"J3s":{"weight":1.0,"played":[1.0,0.0],"evs":[0.0,-1.06296]},"J4s":{"weight":1.0,"played":[1.0,0.0],"evs":[0.0,-0.98586]},"J5s":{"weight":1.0,"played":[1.0,0.0],"evs":[0.0,-0.97676]},"J6s":{"weight":1.0,"played":[1.0,0.0],"evs":[0.0,-0.7905]},"J7s":{"weight":1.0,"played":[1.0,0.0],"evs":[0.0,-0.54963]},"J8s":{"weight":1.0,"played":[0.9992,8.0E-4],"evs":[0.0,-0.24353]},"J9s":{"weight":1.0,"played":[5.0E-4,0.9995],"evs":[0.0,0.12841]},"JTs":{"weight":1.0,"played":[0.0,1.0],"evs":[0.0,0.59562]},"JJ":{"weight":1.0,"played":[0.0,1.0],"evs":[0.0,5.54499]},"QJo":{"weight":1.0,"played":[0.7757,0.2243],"evs":[0.0,-0.04091]},"KJo":{"weight":1.0,"played":[0.0036,0.9964],"evs":[0.0,0.07969]},"AJo":{"weight":1.0,"played":[0.0,1.0],"evs":[0.0,1.11955]},"Q2s":{"weight":1.0,"played":[1.0,0.0],"evs":[0.0,-0.93356]},"Q3s":{"weight":1.0,"played":[1.0,0.0],"evs":[0.0,-0.76536]},"Q4s":{"weight":1.0,"played":[1.0,0.0],"evs":[0.0,-0.79943]},"Q5s":{"weight":1.0,"played":[1.0,0.0],"evs":[0.0,-0.63342]},"Q6s":{"weight":1.0,"played":[1.0,0.0],"evs":[0.0,-0.44251]},"Q7s":{"weight":1.0,"played":[1.0,0.0],"evs":[0.0,-0.54632]},"Q8s":{"weight":1.0,"played":[0.9999,1.0E-4],"evs":[0.0,-0.19204]},"Q9s":{"weight":1.0,"played":[0.1464,0.8536],"evs":[0.0,0.13728]},"QTs":{"weight":1.0,"played":[0.0,1.0],"evs":[0.0,0.64951]},"QJs":{"weight":1.0,"played":[0.0,1.0],"evs":[0.0,0.59311]},"QQ":{"weight":1.0,"played":[0.0,1.0],"evs":[0.0,6.64046]},"KQo":{"weight":1.0,"played":[0.0,1.0],"evs":[0.0,0.58972]},"AQo":{"weight":1.0,"played":[0.0,1.0],"evs":[0.0,2.25731]},"K2s":{"weight":1.0,"played":[1.0,0.0],"evs":[0.0,-0.75082]},"K3s":{"weight":1.0,"played":[1.0,0.0],"evs":[0.0,-0.63672]},"K4s":{"weight":1.0,"played":[0.9997,3.0E-4],"evs":[0.0,-0.55326]},"K5s":{"weight":1.0,"played":[1.0,0.0],"evs":[0.0,-0.45163]},"K6s":{"weight":1.0,"played":[1.0,0.0],"evs":[0.0,-0.32982]},"K7s":{"weight":1.0,"played":[0.9999,1.0E-4],"evs":[0.0,-0.28361]},"K8s":{"weight":1.0,"played":[0.9975,0.0025],"evs":[0.0,-0.21265]},"K9s":{"weight":1.0,"played":[8.0E-4,0.9992],"evs":[0.0,0.16635]},"KTs":{"weight":1.0,"played":[0.0,1.0],"evs":[0.0,0.60544]},"KJs":{"weight":1.0,"played":[0.0,1.0],"evs":[0.0,0.86748]},"KQs":{"weight":1.0,"played":[0.0,1.0],"evs":[0.0,1.24832]},"KK":{"weight":1.0,"played":[0.0,1.0],"evs":[0.0,7.95]},"AKo":{"weight":1.0,"played":[0.0,1.0],"evs":[0.0,3.59951]},"A2s":{"weight":1.0,"played":[0.9995,5.0E-4],"evs":[0.0,-0.17427]},"A3s":{"weight":1.0,"played":[0.9277,0.0723],"evs":[0.0,-0.03137]},"A4s":{"weight":1.0,"played":[0.0041,0.9959],"evs":[0.0,0.03912]},"A5s":{"weight":1.0,"played":[1.0E-4,0.9999],"evs":[0.0,0.18719]},"A6s":{"weight":1.0,"played":[0.5414,0.4586],"evs":[0.0,0.01355]},"A7s":{"weight":1.0,"played":[2.0E-4,0.9998],"evs":[0.0,0.15155]},"A8s":{"weight":1.0,"played":[5.0E-4,0.9995],"evs":[0.0,0.40393]},"A9s":{"weight":1.0,"played":[0.0,1.0],"evs":[0.0,0.59138]},"ATs":{"weight":1.0,"played":[0.0,1.0],"evs":[0.0,1.13677]},"AJs":{"weight":1.0,"played":[0.0,1.0],"evs":[0.0,1.82829]},"AQs":{"weight":1.0,"played":[0.0,1.0],"evs":[0.0,2.86219]},"AKs":{"weight":1.0,"played":[0.0,1.0],"evs":[0.0,4.06306]},"AA":{"weight":1.0,"played":[0.0,1.0],"evs":[0.0,10.21151]}}}