{"player":4,"street":0,"children":2,"sequence":[{"player":0,"type":"F","amount":0,"street":0},{"player":1,"type":"R","amount":2215000,"street":0},{"player":2,"type":"C","amount":2215000,"street":0},{"player":3,"type":"C","amount":1215000,"street":0}],"actions":[{"type":"F","amount":0,"node":192},{"type":"C","amount":665000,"node":193}],"hands":{"22":{"weight":1.0,"played":[0.9998,2.0E-4],"evs":[0.0,-1.50078]},"32o":{"weight":1.0,"played":[1.0,0.0],"evs":[0.0,-3.16731]},"42o":{"weight":1.0,"played":[1.0,0.0],"evs":[0.0,-2.78011]},"52o":{"weight":1.0,"played":[1.0,0.0],"evs":[0.0,-2.52383]},"62o":{"weight":1.0,"played":[1.0,0.0],"evs":[0.0,-3.19565]},"72o":{"weight":1.0,"played":[1.0,0.0],"evs":[0.0,-3.29007]},"82o":{"weight":1.0,"played":[0.9999,1.0E-4],"evs":[0.0,-3.07125]},"92o":{"weight":1.0,"played":[1.0,0.0],"evs":[0.0,-3.27169]},"T2o":{"weight":1.0,"played":[1.0,0.0],"evs":[0.0,-3.16051]},"J2o":{"weight":1.0,"played":[1.0,0.0],"evs":[0.0,-2.93191]},"Q2o":{"weight":1.0,"played":[1.0,0.0],"evs":[0.0,-2.81409]},"K2o":{"weight":1.0,"played":[1.0,0.0],"evs":[0.0,-2.9412]},"A2o":{"weight":1.0,"played":[1.0,0.0],"evs":[0.0,-3.24547]},"32s":{"weight":1.0,"played":[1.0,0.0],"evs":[0.0,-1.923]},"33":{"weight":1.0,"played":[0.9956,0.0044],"evs":[0.0,-1.31116]},"43o":{"weight":1.0,"played":[1.0,0.0],"evs":[0.0,-2.26932]},"53o":{"weight":1.0,"played":[1.0,0.0],"evs":[0.0,-2.22815]},"63o":{"weight":1.0,"played":[1.0,0.0],"evs":[0.0,-2.47907]},"73o":{"weight":1.0,"played":[1.0,0.0],"evs":[0.0,-2.88881]},"83o":{"weight":1.0,"played":[1.0,0.0],"evs":[0.0,-2.83096]},"93o":{"weight":1.0,"played":[1.0,0.0],"evs":[0.0,-2.62134]},"T3o":{"weight":1.0,"played":[1.0,0.0],"evs":[0.0,-2.84662]},"J3o":{"weight":1.0,"played":[1.0,0.0],"evs":[0.0,-2.80328]},"Q3o":{"weight":1.0,"played":[1.0,0.0],"evs":[0.0,-2.66323]},"K3o":{"weight":1.0,"played":[0.9999,1.0E-4],"evs":[0.0,-2.58754]},"A3o":{"weight":1.0,"played":[1.0,0.0],"evs":[0.0,-3.06829]},"42s":{"weight":1.0,"played":[1.0,0.0],"evs":[0.0,-1.77815]},"43s":{"weight":1.0,"played":[0.9932,0.0068],"evs":[0.0,-1.36673]},"44":{"weight":1.0,"played":[0.9999,1.0E-4],"evs":[0.0,-0.75861]},"54o":{"weight":1.0,"played":[0.9999,1.0E-4],"evs":[0.0,-1.73545]},"64o":{"weight":1.0,"played":[1.0,0.0],"evs":[0.0,-2.1803]},"74o":{"weight":1.0,"played":[1.0,0.0],"evs":[0.0,-2.35836]},"84o":{"weight":1.0,"played":[1.0,0.0],"evs":[0.0,-2.36554]},"94o":{"weight":1.0,"played":[1.0,0.0],"evs":[0.0,-3.01252]},"T4o":{"weight":1.0,"played":[1.0,0.0],"evs":[0.0,-2.7261]},"J4o":{"weight":1.0,"played":[1.0,0.0],"evs":[0.0,-2.73875]},"Q4o":{"weight":1.0,"played":[1.0,0.0],"evs":[0.0,-2.46996]},"K4o":{"weight":1.0,"played":[1.0,0.0],"evs":[0.0,-2.43779]},"A4o":{"weight":1.0,"played":[0.9998,2.0E-4],"evs":[0.0,-2.96343]},"52s":{"weight":1.0,"played":[0.9999,1.0E-4],"evs":[0.0,-1.63116]},"53s":{"weight":1.0,"played":[0.9925,0.0075],"evs":[0.0,-1.05013]},"54s":{"weight":1.0,"played":[0.9937,0.0063],"evs":[0.0,-0.84922]},"55":{"weight":1.0,"played":[0.9993,7.0E-4],"evs":[0.0,-0.73194]},"65o":{"weight":1.0,"played":[1.0,0.0],"evs":[0.0,-1.79509]},"75o":{"weight":1.0,"played":[1.0,0.0],"evs":[0.0,-1.78838]},"85o":{"weight":1.0,"played":[1.0,0.0],"evs":[0.0,-2.12878]},"95o":{"weight":1.0,"played":[1.0,0.0],"evs":[0.0,-2.44362]},"T5o":{"weight":1.0,"played":[1.0,0.0],"evs":[0.0,-2.72726]},"J5o":{"weight":1.0,"played":[1.0,0.0],"evs":[0.0,-2.59912]},"Q5o":{"weight":1.0,"played":[0.9996,4.0E-4],"evs":[0.0,-2.33168]},"K5o":{"weight":1.0,"played":[1.0,0.0],"evs":[0.0,-2.14265]},"A5o":{"weight":1.0,"played":[0.9998,2.0E-4],"evs":[0.0,-2.48233]},"62s":{"weight":1.0,"played":[1.0,0.0],"evs":[0.0,-1.84442]},"63s":{"weight":1.0,"played":[0.9968,0.0032],"evs":[0.0,-1.28847]},"64s":{"weight":1.0,"played":[0.9975,0.0025],"evs":[0.0,-0.92159]},"65s":{"weight":1.0,"played":[0.9984,0.0016],"evs":[0.0,-0.65061]},"66":{"weight":1.0,"played":[0.2205,0.7795],"evs":[0.0,-0.02496]},"76o":{"weight":1.0,"played":[0.9999,1.0E-4],"evs":[0.0,-1.51246]},"86o":{"weight":1.0,"played":[1.0,0.0],"evs":[0.0,-1.86246]},"96o":{"weight":1.0,"played":[0.9999,1.0E-4],"evs":[0.0,-1.58513]},"T6o":{"weight":1.0,"played":[0.9999,1.0E-4],"evs":[0.0,-2.13748]},"J6o":{"weight":1.0,"played":[0.9996,4.0E-4],"evs":[0.0,-2.56628]},"Q6o":{"weight":1.0,"played":[0.9999,1.0E-4],"evs":[0.0,-2.27932]},"K6o":{"weight":1.0,"played":[0.9998,2.0E-4],"evs":[0.0,-2.2861]},"A6o":{"weight":1.0,"played":[1.0,0.0],"evs":[0.0,-3.38486]},"72s":{"weight":1.0,"played":[0.9997,3.0E-4],"evs":[0.0,-2.45138]},"73s":{"weight":1.0,"played":[0.9998,2.0E-4],"evs":[0.0,-1.74941]},"74s":{"weight":1.0,"played":[0.9998,2.0E-4],"evs":[0.0,-1.13135]},"75s":{"weight":1.0,"played":[0.987,0.013],"evs":[0.0,-0.35485]},"76s":{"weight":1.0,"played":[0.6323,0.3677],"evs":[0.0,-0.28783]},"77":{"weight":1.0,"played":[0.005,0.995],"evs":[0.0,0.2753]},"87o":{"weight":1.0,"played":[0.9999,1.0E-4],"evs":[0.0,-1.1968]},"97o":{"weight":1.0,"played":[0.9999,1.0E-4],"evs":[0.0,-1.64956]},"T7o":{"weight":1.0,"played":[1.0,0.0],"evs":[0.0,-2.01412]},"J7o":{"weight":1.0,"played":[1.0,0.0],"evs":[0.0,-2.22239]},"Q7o":{"weight":1.0,"played":[0.9999,1.0E-4],"evs":[0.0,-2.18383]},"K7o":{"weight":1.0,"played":[0.9996,4.0E-4],"evs":[0.0,-2.26023]},"A7o":{"weight":1.0,"played":[1.0,0.0],"evs":[0.0,-2.93424]},"82s":{"weight":1.0,"played":[0.9994,6.0E-4],"evs":[0.0,-1.71446]},"83s":{"weight":1.0,"played":[0.9999,1.0E-4],"evs":[0.0,-1.29128]},"84s":{"weight":1.0,"played":[0.9903,0.0097],"evs":[0.0,-1.9001]},"85s":{"weight":1.0,"played":[0.9841,0.0159],"evs":[0.0,-1.84]},"86s":{"weight":1.0,"played":[0.4522,0.5478],"evs":[0.0,-0.00425]},"87s":{"weight":1.0,"played":[0.6515,0.3485],"evs":[0.0,-0.40948]},"88":{"weight":1.0,"played":[0.0774,0.9226],"evs":[0.0,0.8634]},"98o":{"weight":1.0,"played":[0.9989,0.0011],"evs":[0.0,-1.28848]},"T8o":{"weight":1.0,"played":[0.9985,0.0015],"evs":[0.0,-1.11434]},"J8o":{"weight":1.0,"played":[1.0,0.0],"evs":[0.0,-1.47317]},"Q8o":{"weight":1.0,"played":[0.9995,5.0E-4],"evs":[0.0,-2.05745]},"K8o":{"weight":1.0,"played":[0.9998,2.0E-4],"evs":[0.0,-2.04087]},"A8o":{"weight":1.0,"played":[0.9998,2.0E-4],"evs":[0.0,-2.62897]},"92s":{"weight":1.0,"played":[0.9978,0.0022],"evs":[0.0,-1.68111]},"93s":{"weight":1.0,"played":[1.0,0.0],"evs":[0.0,-1.85303]},"94s":{"weight":1.0,"played":[0.9997,3.0E-4],"evs":[0.0,-1.37833]},"95s":{"weight":1.0,"played":[1.0,0.0],"evs":[0.0,-1.16617]},"96s":{"weight":1.0,"played":[0.9997,3.0E-4],"evs":[0.0,-0.96735]},"97s":{"weight":1.0,"played":[0.9985,0.0015],"evs":[0.0,-0.439]},"98s":{"weight":1.0,"played":[0.9535,0.0465],"evs":[0.0,-0.60753]},"99":{"weight":1.0,"played":[0.002,0.998],"evs":[0.0,1.47836]},"T9o":{"weight":1.0,"played":[0.9992,8.0E-4],"evs":[0.0,-1.19246]},"J9o":{"weight":1.0,"played":[1.0,0.0],"evs":[0.0,-1.17607]},"Q9o":{"weight":1.0,"played":[0.9999,1.0E-4],"evs":[0.0,-1.342]},"K9o":{"weight":1.0,"played":[0.9998,2.0E-4],"evs":[0.0,-1.70074]},"A9o":{"weight":1.0,"played":[1.0,0.0],"evs":[0.0,-2.32223]},"T2s":{"weight":1.0,"played":[0.9992,8.0E-4],"evs":[0.0,-1.86448]},"T3s":{"weight":1.0,"played":[0.9974,0.0026],"evs":[0.0,-1.88038]},"T4s":{"weight":1.0,"played":[0.9941,0.0059],"evs":[0.0,-1.86253]},"T5s":{"weight":1.0,"played":[0.9948,0.0052],"evs":[0.0,-1.26185]},"T6s":{"weight":1.0,"played":[0.9998,2.0E-4],"evs":[0.0,-1.19836]},"T7s":{"weight":1.0,"played":[0.9622,0.0378],"evs":[0.0,-0.94863]},"T8s":{"weight":1.0,"played":[0.9935,0.0065],"evs":[0.0,-0.8725]},"T9s":{"weight":1.0,"played":[0.3624,0.6376],"evs":[0.0,0.05361]},"TT":{"weight":1.0,"played":[0.0,1.0],"evs":[0.0,2.51859]},"JTo":{"weight":1.0,"played":[0.9934,0.0066],"evs":[0.0,-0.86438]},"QTo":{"weight":1.0,"played":[0.9988,0.0012],"evs":[0.0,-0.7743]},"KTo":{"weight":1.0,"played":[0.9996,4.0E-4],"evs":[0.0,-0.80068]},"ATo":{"weight":1.0,"played":[0.9997,3.0E-4],"evs":[0.0,-1.93435]},"J2s":{"weight":1.0,"played":[0.9992,8.0E-4],"evs":[0.0,-2.24311]},"J3s":{"weight":1.0,"played":[0.9908,0.0092],"evs":[0.0,-2.13757]},"J4s":{"weight":1.0,"played":[0.9997,3.0E-4],"evs":[0.0,-1.64092]},"J5s":{"weight":1.0,"played":[1.0,0.0],"evs":[0.0,-1.25197]},"J6s":{"weight":1.0,"played":[0.9993,7.0E-4],"evs":[0.0,-2.13749]},"J7s":{"weight":1.0,"played":[0.9933,0.0067],"evs":[0.0,-0.99494]},"J8s":{"weight":1.0,"played":[0.9968,0.0032],"evs":[0.0,-0.491]},"J9s":{"weight":1.0,"played":[0.9698,0.0302],"evs":[0.0,-0.07746]},"JTs":{"weight":1.0,"played":[0.346,0.654],"evs":[0.0,0.12835]},"JJ":{"weight":1.0,"played":[0.0,1.0],"evs":[0.0,3.83449]},"QJo":{"weight":1.0,"played":[0.9979,0.0021],"evs":[0.0,-1.08668]},"KJo":{"weight":1.0,"played":[0.9999,1.0E-4],"evs":[0.0,-0.79946]},"AJo":{"weight":1.0,"played":[0.9996,4.0E-4],"evs":[0.0,-1.15299]},"Q2s":{"weight":1.0,"played":[0.9997,3.0E-4],"evs":[0.0,-1.95614]},"Q3s":{"weight":1.0,"played":[0.9973,0.0027],"evs":[0.0,-1.46843]},"Q4s":{"weight":1.0,"played":[0.9999,1.0E-4],"evs":[0.0,-1.28299]},"Q5s":{"weight":1.0,"played":[0.9995,5.0E-4],"evs":[0.0,-1.52869]},"Q6s":{"weight":1.0,"played":[0.9944,0.0056],"evs":[0.0,-1.13213]},"Q7s":{"weight":1.0,"played":[0.9995,5.0E-4],"evs":[0.0,-0.83513]},"Q8s":{"weight":1.0,"played":[0.9358,0.0642],"evs":[0.0,-1.15654]},"Q9s":{"weight":1.0,"played":[0.8415,0.1585],"evs":[0.0,-0.32151]},"QTs":{"weight":1.0,"played":[0.6595,0.3405],"evs":[0.0,-0.2445]},"QJs":{"weight":1.0,"played":[0.1812,0.8188],"evs":[0.0,0.11265]},"QQ":{"weight":1.0,"played":[0.0,1.0],"evs":[0.0,4.70769]},"KQo":{"weight":1.0,"played":[0.9982,0.0018],"evs":[0.0,-0.7338]},"AQo":{"weight":1.0,"played":[0.8779,0.1221],"evs":[0.0,-0.41844]},"K2s":{"weight":1.0,"played":[0.9999,1.0E-4],"evs":[0.0,-1.52969]},"K3s":{"weight":1.0,"played":[0.9826,0.0174],"evs":[0.0,-1.29728]},"K4s":{"weight":1.0,"played":[1.0,0.0],"evs":[0.0,-0.3597]},"K5s":{"weight":1.0,"played":[0.9988,0.0012],"evs":[0.0,-1.2277]},"K6s":{"weight":1.0,"played":[0.9987,0.0013],"evs":[0.0,-1.28696]},"K7s":{"weight":1.0,"played":[0.8138,0.1862],"evs":[0.0,-1.01902]},"K8s":{"weight":1.0,"played":[0.9703,0.0297],"evs":[0.0,-0.72689]},"K9s":{"weight":1.0,"played":[0.9695,0.0305],"evs":[0.0,-0.87168]},"KTs":{"weight":1.0,"played":[0.5222,0.4778],"evs":[0.0,0.06897]},"KJs":{"weight":1.0,"played":[0.2538,0.7462],"evs":[0.0,0.04461]},"KQs":{"weight":1.0,"played":[0.2602,0.7398],"evs":[0.0,0.62983]},"KK":{"weight":1.0,"played":[0.0,1.0],"evs":[0.0,7.87237]},"AKo":{"weight":1.0,"played":[0.0,1.0],"evs":[0.0,0.36674]},"A2s":{"weight":1.0,"played":[1.0,0.0],"evs":[0.0,-1.94993]},"A3s":{"weight":1.0,"played":[0.9938,0.0062],"evs":[0.0,-1.54013]},"A4s":{"weight":1.0,"played":[0.9996,4.0E-4],"evs":[0.0,-1.37901]},"A5s":{"weight":1.0,"played":[0.9993,7.0E-4],"evs":[0.0,-1.51955]},"A6s":{"weight":1.0,"played":[0.9996,4.0E-4],"evs":[0.0,-1.72607]},"A7s":{"weight":1.0,"played":[0.9996,4.0E-4],"evs":[0.0,-1.72618]},"A8s":{"weight":1.0,"played":[0.9988,0.0012],"evs":[0.0,-1.16573]},"A9s":{"weight":1.0,"played":[0.9956,0.0044],"evs":[0.0,-1.12453]},"ATs":{"weight":1.0,"played":[0.5528,0.4472],"evs":[0.0,-0.35562]},"AJs":{"weight":1.0,"played":[0.0913,0.9087],"evs":[0.0,0.7669]},"AQs":{"weight":1.0,"played":[0.0326,0.9674],"evs":[0.0,0.68259]},"AKs":{"weight":1.0,"played":[0.0124,0.9876],"evs":[0.0,1.70593]},"AA":{"weight":1.0,"played":[0.0,1.0],"evs":[0.0,11.23982]}}}