{"player":5,"street":0,"children":3,"sequence":[{"player":0,"type":"R","amount":200000,"street":0},{"player":1,"type":"F","amount":0,"street":0},{"player":2,"type":"F","amount":0,"street":0},{"player":3,"type":"F","amount":0,"street":0},{"player":4,"type":"F","amount":0,"street":0}],"actions":[{"type":"F","amount":0},{"type":"C","amount":100000},{"type":"R","amount":815000,"node":199}],"hands":{"22":{"weight":1.0,"played":[0.0,1.0,0.0],"evs":[0.0,0.49923,0.30717]},"32o":{"weight":1.0,"played":[0.3548,0.6452,0.0],"evs":[0.0,4.9E-4,-2.37657]},"42o":{"weight":1.0,"played":[1.0E-4,0.9999,0.0],"evs":[0.0,0.02711,-2.27938]},"52o":{"weight":1.0,"played":[1.0E-4,0.9999,0.0],"evs":[0.0,0.05951,-2.17288]},"62o":{"weight":1.0,"played":[0.9999,1.0E-4,0.0],"evs":[0.0,-0.00337,-2.36305]},"72o":{"weight":1.0,"played":[1.0,0.0,0.0],"evs":[0.0,-0.07786,-2.54944]},"82o":{"weight":1.0,"played":[1.0,0.0,0.0],"evs":[0.0,-0.04169,-2.44049]},"92o":{"weight":1.0,"played":[0.7684,0.2316,0.0],"evs":[0.0,8.3E-4,-2.34263]},"T2o":{"weight":1.0,"played":[0.9827,0.0173,0.0],"evs":[0.0,-0.01284,-2.25627]},"J2o":{"weight":1.0,"played":[0.0,1.0,0.0],"evs":[0.0,0.10407,-1.9964]},"Q2o":{"weight":1.0,"played":[0.0,1.0,0.0],"evs":[0.0,0.18483,-1.77157]},"K2o":{"weight":1.0,"played":[0.0,1.0,0.0],"evs":[0.0,0.29793,-1.17941]},"A2o":{"weight":1.0,"played":[0.0,1.0,0.0],"evs":[0.0,0.59279,0.0242]},"32s":{"weight":1.0,"played":[0.0,1.0,0.0],"evs":[0.0,0.28085,-1.71382]},"33":{"weight":1.0,"played":[0.0,0.9999,1.0E-4],"evs":[0.0,0.67641,0.47498]},"43o":{"weight":1.0,"played":[0.0,1.0,0.0],"evs":[0.0,0.12776,-2.03134]},"53o":{"weight":1.0,"played":[0.0,1.0,0.0],"evs":[0.0,0.15907,-1.92116]},"63o":{"weight":1.0,"played":[0.0,1.0,0.0],"evs":[0.0,0.09522,-2.10059]},"73o":{"weight":1.0,"played":[0.9993,7.0E-4,0.0],"evs":[0.0,-0.01206,-2.2973]},"83o":{"weight":1.0,"played":[1.0,0.0,0.0],"evs":[0.0,-0.04068,-2.41829]},"93o":{"weight":1.0,"played":[0.0095,0.9905,0.0],"evs":[0.0,0.00461,-2.28009]},"T3o":{"weight":1.0,"played":[0.8635,0.1365,0.0],"evs":[0.0,-0.00288,-2.17586]},"J3o":{"weight":1.0,"played":[0.0,1.0,0.0],"evs":[0.0,0.11051,-1.93068]},"Q3o":{"weight":1.0,"played":[0.0,1.0,0.0],"evs":[0.0,0.18474,-1.70323]},"K3o":{"weight":1.0,"played":[0.0,1.0,0.0],"evs":[0.0,0.31817,-1.11087]},"A3o":{"weight":1.0,"played":[0.0,1.0,0.0],"evs":[0.0,0.63461,0.08695]},"42s":{"weight":1.0,"played":[0.0,1.0,0.0],"evs":[0.0,0.30513,-1.61788]},"43s":{"weight":1.0,"played":[0.0,1.0,0.0],"evs":[0.0,0.40387,-1.39051]},"44":{"weight":1.0,"played":[0.0,1.0,0.0],"evs":[0.0,0.88367,0.72061]},"54o":{"weight":1.0,"played":[0.0,1.0,0.0],"evs":[0.0,0.26335,-1.65482]},"64o":{"weight":1.0,"played":[0.0,1.0,0.0],"evs":[0.0,0.19948,-1.84193]},"74o":{"weight":1.0,"played":[0.0,1.0,0.0],"evs":[0.0,0.09656,-2.01642]},"84o":{"weight":1.0,"played":[0.0,1.0,0.0],"evs":[0.0,0.03199,-2.15127]},"94o":{"weight":1.0,"played":[8.0E-4,0.9992,0.0],"evs":[0.0,0.02355,-2.23844]},"T4o":{"weight":1.0,"played":[0.0172,0.9828,0.0],"evs":[0.0,0.01568,-2.10493]},"J4o":{"weight":1.0,"played":[0.0,1.0,0.0],"evs":[0.0,0.13542,-1.83637]},"Q4o":{"weight":1.0,"played":[0.0,1.0,0.0],"evs":[0.0,0.20301,-1.62589]},"K4o":{"weight":1.0,"played":[0.0,1.0,0.0],"evs":[0.0,0.34318,-1.0244]},"A4o":{"weight":1.0,"played":[0.0,1.0,0.0],"evs":[0.0,0.66509,0.16208]},"52s":{"weight":1.0,"played":[0.0,1.0,0.0],"evs":[0.0,0.35304,-1.51737]},"53s":{"weight":1.0,"played":[0.0,1.0,0.0],"evs":[0.0,0.45906,-1.27335]},"54s":{"weight":1.0,"played":[0.0,1.0,0.0],"evs":[0.0,0.5563,-1.04263]},"55":{"weight":1.0,"played":[0.0,0.9998,2.0E-4],"evs":[0.0,1.139,1.06032]},"65o":{"weight":1.0,"played":[0.0,1.0,0.0],"evs":[0.0,0.31514,-1.55304]},"75o":{"weight":1.0,"played":[0.0,1.0,0.0],"evs":[0.0,0.22667,-1.72956]},"85o":{"weight":1.0,"played":[0.0,1.0,0.0],"evs":[0.0,0.15747,-1.85288]},"95o":{"weight":1.0,"played":[0.0,1.0,0.0],"evs":[0.0,0.11849,-1.94465]},"T5o":{"weight":1.0,"played":[0.0,1.0,0.0],"evs":[0.0,0.04413,-2.03291]},"J5o":{"weight":1.0,"played":[0.0,1.0,0.0],"evs":[0.0,0.15817,-1.74376]},"Q5o":{"weight":1.0,"played":[0.0,1.0,0.0],"evs":[0.0,0.22231,-1.52611]},"K5o":{"weight":1.0,"played":[0.0,1.0,0.0],"evs":[0.0,0.36905,-0.9223]},"A5o":{"weight":1.0,"played":[0.0,1.0,0.0],"evs":[0.0,0.72396,0.27923]},"62s":{"weight":1.0,"played":[0.0,1.0,0.0],"evs":[0.0,0.27855,-1.68508]},"63s":{"weight":1.0,"played":[0.0,1.0,0.0],"evs":[0.0,0.3887,-1.4448]},"64s":{"weight":1.0,"played":[0.0,1.0,0.0],"evs":[0.0,0.4875,-1.20493]},"65s":{"weight":1.0,"played":[0.0,1.0,0.0],"evs":[0.0,0.61029,-0.9591]},"66":{"weight":1.0,"played":[0.0,0.0012,0.9988],"evs":[0.0,1.31041,1.3401]},"76o":{"weight":1.0,"played":[0.0,1.0,0.0],"evs":[0.0,0.34305,-1.47481]},"86o":{"weight":1.0,"played":[0.0,1.0,0.0],"evs":[0.0,0.29711,-1.59325]},"96o":{"weight":1.0,"played":[0.0,1.0,0.0],"evs":[0.0,0.24866,-1.68458]},"T6o":{"weight":1.0,"played":[0.0,1.0,0.0],"evs":[0.0,0.15208,-1.77582]},"J6o":{"weight":1.0,"played":[0.0,1.0,0.0],"evs":[0.0,0.1949,-1.70824]},"Q6o":{"weight":1.0,"played":[0.0,1.0,0.0],"evs":[0.0,0.27347,-1.43635]},"K6o":{"weight":1.0,"played":[0.0,1.0,0.0],"evs":[0.0,0.41487,-0.83209]},"A6o":{"weight":1.0,"played":[0.0,1.0,0.0],"evs":[0.0,0.63283,0.22912]},"72s":{"weight":1.0,"played":[0.0,1.0,0.0],"evs":[0.0,0.19966,-1.85266]},"73s":{"weight":1.0,"played":[0.0,1.0,0.0],"evs":[0.0,0.28216,-1.62045]},"74s":{"weight":1.0,"played":[0.0,1.0,0.0],"evs":[0.0,0.37858,-1.38716]},"75s":{"weight":1.0,"played":[0.0,1.0,0.0],"evs":[0.0,0.51482,-1.10265]},"76s":{"weight":1.0,"played":[0.0,1.0,0.0],"evs":[0.0,0.63744,-0.87965]},"77":{"weight":1.0,"played":[0.0,0.0,1.0],"evs":[0.0,1.43536,1.66701]},"87o":{"weight":1.0,"played":[0.0,1.0,0.0],"evs":[0.0,0.35254,-1.44324]},"97o":{"weight":1.0,"played":[0.0,1.0,0.0],"evs":[0.0,0.32773,-1.51668]},"T7o":{"weight":1.0,"played":[0.0,1.0,0.0],"evs":[0.0,0.21942,-1.61678]},"J7o":{"weight":1.0,"played":[0.0,1.0,0.0],"evs":[0.0,0.25551,-1.54886]},"Q7o":{"weight":1.0,"played":[0.0,1.0,0.0],"evs":[0.0,0.25253,-1.49766]},"K7o":{"weight":1.0,"played":[0.0,1.0,0.0],"evs":[0.0,0.40134,-0.8316]},"A7o":{"weight":1.0,"played":[0.0,1.0,0.0],"evs":[0.0,0.71981,0.46638]},"82s":{"weight":1.0,"played":[0.0,1.0,0.0],"evs":[0.0,0.24347,-1.75516]},"83s":{"weight":1.0,"played":[0.0,1.0,0.0],"evs":[0.0,0.249,-1.72934]},"84s":{"weight":1.0,"played":[0.0,1.0,0.0],"evs":[0.0,0.31846,-1.51355]},"85s":{"weight":1.0,"played":[0.0,1.0,0.0],"evs":[0.0,0.46622,-1.20922]},"86s":{"weight":1.0,"played":[0.0,1.0,0.0],"evs":[0.0,0.60693,-0.96233]},"87s":{"weight":1.0,"played":[0.0,1.0,0.0],"evs":[0.0,0.65451,-0.84872]},"88":{"weight":1.0,"played":[0.0,0.0,1.0],"evs":[0.0,1.8563,2.14805]},"98o":{"weight":1.0,"played":[0.0,1.0,0.0],"evs":[0.0,0.4259,-1.28569]},"T8o":{"weight":1.0,"played":[0.0,1.0,0.0],"evs":[0.0,0.36496,-1.31039]},"J8o":{"weight":1.0,"played":[0.0,1.0,0.0],"evs":[0.0,0.3869,-1.2705]},"Q8o":{"weight":1.0,"played":[0.0,1.0,0.0],"evs":[0.0,0.38094,-1.19828]},"K8o":{"weight":1.0,"played":[0.0,1.0,0.0],"evs":[0.0,0.46037,-0.68506]},"A8o":{"weight":1.0,"played":[0.0,0.8125,0.1875],"evs":[0.0,0.89928,0.89641]},"92s":{"weight":1.0,"played":[0.0,1.0,0.0],"evs":[0.0,0.28526,-1.65394]},"93s":{"weight":1.0,"played":[0.0,1.0,0.0],"evs":[0.0,0.29536,-1.61201]},"94s":{"weight":1.0,"played":[0.0,1.0,0.0],"evs":[0.0,0.30964,-1.56951]},"95s":{"weight":1.0,"played":[0.0,1.0,0.0],"evs":[0.0,0.42965,-1.27605]},"96s":{"weight":1.0,"played":[0.0,1.0,0.0],"evs":[0.0,0.5489,-1.06321]},"97s":{"weight":1.0,"played":[0.0,1.0,0.0],"evs":[0.0,0.64284,-0.89394]},"98s":{"weight":1.0,"played":[0.0,1.0,0.0],"evs":[0.0,0.75801,-0.65158]},"99":{"weight":1.0,"played":[0.0,0.0,1.0],"evs":[0.0,2.32726,2.72188]},"T9o":{"weight":1.0,"played":[0.0,1.0,0.0],"evs":[0.0,0.5074,-0.97479]},"J9o":{"weight":1.0,"played":[0.0,1.0,0.0],"evs":[0.0,0.53827,-0.94384]},"Q9o":{"weight":1.0,"played":[0.0,1.0,0.0],"evs":[0.0,0.52736,-0.84656]},"K9o":{"weight":1.0,"played":[0.0,1.0,0.0],"evs":[0.0,0.60748,-0.29841]},"A9o":{"weight":1.0,"played":[0.0,0.0,1.0],"evs":[0.0,1.11629,1.35368]},"T2s":{"weight":1.0,"played":[0.0,1.0,0.0],"evs":[0.0,0.29229,-1.5801]},"T3s":{"weight":1.0,"played":[0.0,1.0,0.0],"evs":[0.0,0.28231,-1.52636]},"T4s":{"weight":1.0,"played":[0.0,1.0,0.0],"evs":[0.0,0.31823,-1.43896]},"T5s":{"weight":1.0,"played":[0.0,1.0,0.0],"evs":[0.0,0.34727,-1.3758]},"T6s":{"weight":1.0,"played":[0.0,1.0,0.0],"evs":[0.0,0.45413,-1.15031]},"T7s":{"weight":1.0,"played":[0.0,1.0,0.0],"evs":[0.0,0.54419,-0.97258]},"T8s":{"weight":1.0,"played":[0.0,1.0,0.0],"evs":[0.0,0.67907,-0.71512]},"T9s":{"weight":1.0,"played":[0.0,1.0,0.0],"evs":[0.0,0.81764,-0.41155]},"TT":{"weight":1.0,"played":[0.0,0.0,1.0],"evs":[0.0,3.00453,3.55798]},"JTo":{"weight":1.0,"played":[0.0,1.0,0.0],"evs":[0.0,0.67372,-0.55015]},"QTo":{"weight":1.0,"played":[0.0,1.0,0.0],"evs":[0.0,0.72047,-0.28803]},"KTo":{"weight":1.0,"played":[0.0,1.0,0.0],"evs":[0.0,0.81965,0.35392]},"ATo":{"weight":1.0,"played":[0.0,0.0,1.0],"evs":[0.0,1.77608,2.22537]},"J2s":{"weight":1.0,"played":[0.0,1.0,0.0],"evs":[0.0,0.41508,-1.31463]},"J3s":{"weight":1.0,"played":[0.0,1.0,0.0],"evs":[0.0,0.42822,-1.25885]},"J4s":{"weight":1.0,"played":[0.0,1.0,0.0],"evs":[0.0,0.45032,-1.16774]},"J5s":{"weight":1.0,"played":[0.0,1.0,0.0],"evs":[0.0,0.46839,-1.09436]},"J6s":{"weight":1.0,"played":[0.0,1.0,0.0],"evs":[0.0,0.49579,-1.06815]},"J7s":{"weight":1.0,"played":[0.0,1.0,0.0],"evs":[0.0,0.57383,-0.90558]},"J8s":{"weight":1.0,"played":[0.0,1.0,0.0],"evs":[0.0,0.70623,-0.64533]},"J9s":{"weight":1.0,"played":[0.0,1.0,0.0],"evs":[0.0,0.85937,-0.32738]},"JTs":{"weight":1.0,"played":[0.0,1.0,0.0],"evs":[0.0,0.99119,0.01517]},"JJ":{"weight":1.0,"played":[0.0,0.0,1.0],"evs":[0.0,3.7364,4.36168]},"QJo":{"weight":1.0,"played":[0.0,1.0,0.0],"evs":[0.0,0.8923,0.15576]},"KJo":{"weight":1.0,"played":[0.0,1.0,0.0],"evs":[0.0,1.04376,0.83344]},"AJo":{"weight":1.0,"played":[0.0,0.0,1.0],"evs":[0.0,2.22859,2.7693]},"Q2s":{"weight":1.0,"played":[0.0,1.0,0.0],"evs":[0.0,0.48891,-1.11272]},"Q3s":{"weight":1.0,"played":[0.0,1.0,0.0],"evs":[0.0,0.50482,-1.03226]},"Q4s":{"weight":1.0,"played":[0.0,1.0,0.0],"evs":[0.0,0.51633,-0.99016]},"Q5s":{"weight":1.0,"played":[0.0,1.0,0.0],"evs":[0.0,0.55037,-0.87961]},"Q6s":{"weight":1.0,"played":[0.0,1.0,0.0],"evs":[0.0,0.5918,-0.79512]},"Q7s":{"weight":1.0,"played":[0.0,1.0,0.0],"evs":[0.0,0.56689,-0.87419]},"Q8s":{"weight":1.0,"played":[0.0,1.0,0.0],"evs":[0.0,0.68559,-0.59428]},"Q9s":{"weight":1.0,"played":[0.0,1.0,0.0],"evs":[0.0,0.85394,-0.23297]},"QTs":{"weight":1.0,"played":[0.0,1.0,0.0],"evs":[0.0,1.06062,0.25676]},"QJs":{"weight":1.0,"played":[0.0,1.0,0.0],"evs":[0.0,1.24375,0.69756]},"QQ":{"weight":1.0,"played":[0.0,0.0,1.0],"evs":[0.0,4.49405,5.15834]},"KQo":{"weight":1.0,"played":[0.0,0.0905,0.9095],"evs":[0.0,1.30635,1.3103]},"AQo":{"weight":1.0,"played":[0.0,0.0,1.0],"evs":[0.0,2.74516,3.35282]},"K2s":{"weight":1.0,"played":[0.0,1.0,0.0],"evs":[0.0,0.637,-0.54495]},"K3s":{"weight":1.0,"played":[0.0,1.0,0.0],"evs":[0.0,0.67666,-0.4564]},"K4s":{"weight":1.0,"played":[0.0,1.0,0.0],"evs":[0.0,0.6836,-0.39873]},"K5s":{"weight":1.0,"played":[0.0,1.0,0.0],"evs":[0.0,0.72825,-0.29338]},"K6s":{"weight":1.0,"played":[0.0,1.0,0.0],"evs":[0.0,0.76818,-0.23375]},"K7s":{"weight":1.0,"played":[0.0,1.0,0.0],"evs":[0.0,0.74961,-0.2081]},"K8s":{"weight":1.0,"played":[0.0,1.0,0.0],"evs":[0.0,0.80371,-0.08493]},"K9s":{"weight":1.0,"played":[0.0,1.0,0.0],"evs":[0.0,0.9723,0.27708]},"KTs":{"weight":1.0,"played":[0.0,1.0,0.0],"evs":[0.0,1.21818,0.87635]},"KJs":{"weight":1.0,"played":[0.0,1.0,0.0],"evs":[0.0,1.43067,1.31047]},"KQs":{"weight":1.0,"played":[0.0,0.0,1.0],"evs":[0.0,1.68745,1.78452]},"KK":{"weight":1.0,"played":[0.0,0.0,1.0],"evs":[0.0,5.36095,6.0574]},"AKo":{"weight":1.0,"played":[0.0,0.0,1.0],"evs":[0.0,3.32824,3.95319]},"A2s":{"weight":1.0,"played":[0.0,1.0,0.0],"evs":[0.0,1.01452,0.60171]},"A3s":{"weight":1.0,"played":[0.0,1.0,0.0],"evs":[0.0,1.05525,0.67186]},"A4s":{"weight":1.0,"played":[0.0,1.0,0.0],"evs":[0.0,1.07345,0.7144]},"A5s":{"weight":1.0,"played":[0.0,1.0,0.0],"evs":[0.0,1.13561,0.84178]},"A6s":{"weight":1.0,"played":[0.0,1.0,0.0],"evs":[0.0,1.04499,0.79199]},"A7s":{"weight":1.0,"played":[0.0,1.0,0.0],"evs":[0.0,1.14384,1.01245]},"A8s":{"weight":1.0,"played":[0.0,0.001,0.999],"evs":[0.0,1.36018,1.39641]},"A9s":{"weight":1.0,"played":[0.0,0.0,1.0],"evs":[0.0,1.60112,1.80285]},"ATs":{"weight":1.0,"played":[0.0,0.0,1.0],"evs":[0.0,2.20043,2.63218]},"AJs":{"weight":1.0,"played":[0.0,0.0,1.0],"evs":[0.0,2.61091,3.12317]},"AQs":{"weight":1.0,"played":[0.0,0.0,1.0],"evs":[0.0,3.09967,3.69677]},"AKs":{"weight":1.0,"played":[0.0,0.0,1.0],"evs":[0.0,3.65871,4.26008]},"AA":{"weight":1.0,"played":[0.0,0.0,1.0],"evs":[0.0,7.04853,7.80938]}}}