{"player":5,"street":0,"children":3,"sequence":[{"player":0,"type":"R","amount":200000,"street":0},{"player":1,"type":"F","amount":0,"street":0},{"player":2,"type":"F","amount":0,"street":0},{"player":3,"type":"F","amount":0,"street":0},{"player":4,"type":"C","amount":150000,"street":0}],"actions":[{"type":"F","amount":0},{"type":"C","amount":100000},{"type":"R","amount":815000,"node":201}],"hands":{"22":{"weight":1.0,"played":[0.0,0.9999,1.0E-4],"evs":[0.0,0.95591,0.67345]},"32o":{"weight":1.0,"played":[0.0046,0.9954,0.0],"evs":[0.0,0.06744,-1.72817]},"42o":{"weight":1.0,"played":[0.0025,0.9975,0.0],"evs":[0.0,0.09751,-1.6055]},"52o":{"weight":1.0,"played":[6.0E-4,0.9994,0.0],"evs":[0.0,0.13428,-1.50712]},"62o":{"weight":1.0,"played":[0.0387,0.9613,0.0],"evs":[0.0,0.02922,-1.82383]},"72o":{"weight":1.0,"played":[1.0,0.0,0.0],"evs":[0.0,-0.07777,-2.13866]},"82o":{"weight":1.0,"played":[1.0,0.0,0.0],"evs":[0.0,-0.07145,-2.07033]},"92o":{"weight":1.0,"played":[1.0,0.0,0.0],"evs":[0.0,-0.05972,-2.04895]},"T2o":{"weight":1.0,"played":[1.0,0.0,0.0],"evs":[0.0,-0.18051,-2.27613]},"J2o":{"weight":1.0,"played":[0.157,0.843,0.0],"evs":[0.0,0.01079,-1.80113]},"Q2o":{"weight":1.0,"played":[3.0E-4,0.9997,0.0],"evs":[0.0,0.06816,-1.62953]},"K2o":{"weight":1.0,"played":[4.0E-4,0.9996,0.0],"evs":[0.0,0.28512,-0.92543]},"A2o":{"weight":1.0,"played":[0.0,1.0,0.0],"evs":[0.0,0.75098,0.54862]},"32s":{"weight":1.0,"played":[0.0,1.0,0.0],"evs":[0.0,0.42496,-0.78028]},"33":{"weight":1.0,"played":[0.0,0.9953,0.0047],"evs":[0.0,1.10673,1.00885]},"43o":{"weight":1.0,"played":[1.0E-4,0.9999,0.0],"evs":[0.0,0.23602,-1.20281]},"53o":{"weight":1.0,"played":[1.0E-4,0.9999,0.0],"evs":[0.0,0.28119,-1.08537]},"63o":{"weight":1.0,"played":[2.0E-4,0.9998,0.0],"evs":[0.0,0.16684,-1.3962]},"73o":{"weight":1.0,"played":[0.0533,0.9467,0.0],"evs":[0.0,0.02206,-1.74607]},"83o":{"weight":1.0,"played":[1.0,0.0,0.0],"evs":[0.0,-0.09765,-2.08359]},"93o":{"weight":1.0,"played":[1.0,0.0,0.0],"evs":[0.0,-0.02,-1.92302]},"T3o":{"weight":1.0,"played":[1.0,0.0,0.0],"evs":[0.0,-0.15361,-2.14947]},"J3o":{"weight":1.0,"played":[0.0271,0.9729,0.0],"evs":[0.0,0.04406,-1.67865]},"Q3o":{"weight":1.0,"played":[1.0E-4,0.9999,0.0],"evs":[0.0,0.09513,-1.48186]},"K3o":{"weight":1.0,"played":[2.0E-4,0.9998,0.0],"evs":[0.0,0.33338,-0.74016]},"A3o":{"weight":1.0,"played":[0.0,0.997,0.003],"evs":[0.0,0.83582,0.73602]},"42s":{"weight":1.0,"played":[0.0,1.0,0.0],"evs":[0.0,0.4576,-0.65661]},"43s":{"weight":1.0,"played":[0.0,1.0,0.0],"evs":[0.0,0.62175,-0.29272]},"44":{"weight":1.0,"played":[0.0,0.0,1.0],"evs":[0.0,1.23194,1.36266]},"54o":{"weight":1.0,"played":[0.0,1.0,0.0],"evs":[0.0,0.41126,-0.70083]},"64o":{"weight":1.0,"played":[0.0,1.0,0.0],"evs":[0.0,0.31491,-0.97721]},"74o":{"weight":1.0,"played":[3.0E-4,0.9997,0.0],"evs":[0.0,0.18363,-1.29481]},"84o":{"weight":1.0,"played":[0.0045,0.9955,0.0],"evs":[0.0,0.03138,-1.6371]},"94o":{"weight":1.0,"played":[0.9312,0.0688,0.0],"evs":[0.0,7.2E-4,-1.83782]},"T4o":{"weight":1.0,"played":[1.0,0.0,0.0],"evs":[0.0,-0.12338,-2.01796]},"J4o":{"weight":1.0,"played":[0.0066,0.9934,0.0],"evs":[0.0,0.08063,-1.52674]},"Q4o":{"weight":1.0,"played":[1.0E-4,0.9999,0.0],"evs":[0.0,0.12309,-1.32636]},"K4o":{"weight":1.0,"played":[1.0E-4,0.9999,0.0],"evs":[0.0,0.35358,-0.63075]},"A4o":{"weight":1.0,"played":[0.0,0.8635,0.1365],"evs":[0.0,0.85496,0.82098]},"52s":{"weight":1.0,"played":[0.0,1.0,0.0],"evs":[0.0,0.46613,-0.58807]},"53s":{"weight":1.0,"played":[0.0,1.0,0.0],"evs":[0.0,0.6685,-0.15196]},"54s":{"weight":1.0,"played":[0.0,1.0,0.0],"evs":[0.0,0.83395,0.22476]},"55":{"weight":1.0,"played":[0.0,0.0,1.0],"evs":[0.0,1.4493,1.7848]},"65o":{"weight":1.0,"played":[0.0,1.0,0.0],"evs":[0.0,0.43887,-0.61987]},"75o":{"weight":1.0,"played":[0.0,1.0,0.0],"evs":[0.0,0.32855,-0.91617]},"85o":{"weight":1.0,"played":[1.0E-4,0.9999,0.0],"evs":[0.0,0.18646,-1.25526]},"95o":{"weight":1.0,"played":[6.0E-4,0.9994,0.0],"evs":[0.0,0.09381,-1.4858]},"T5o":{"weight":1.0,"played":[0.9999,1.0E-4,0.0],"evs":[0.0,-0.10314,-1.94225]},"J5o":{"weight":1.0,"played":[0.005,0.995,0.0],"evs":[0.0,0.05515,-1.49122]},"Q5o":{"weight":1.0,"played":[0.0,1.0,0.0],"evs":[0.0,0.15786,-1.2166]},"K5o":{"weight":1.0,"played":[1.0E-4,0.9999,0.0],"evs":[0.0,0.36467,-0.54014]},"A5o":{"weight":1.0,"played":[0.0,3.0E-4,0.9997],"evs":[0.0,0.96123,1.03467]},"62s":{"weight":1.0,"played":[0.0,1.0,0.0],"evs":[0.0,0.41422,-0.82002]},"63s":{"weight":1.0,"played":[1.0E-4,0.9999,0.0],"evs":[0.0,0.50362,-0.51102]},"64s":{"weight":1.0,"played":[0.0,1.0,0.0],"evs":[0.0,0.70916,-0.04266]},"65s":{"weight":1.0,"played":[0.0,1.0,0.0],"evs":[0.0,0.83394,0.20282]},"66":{"weight":1.0,"played":[0.0,0.0,1.0],"evs":[0.0,1.5918,2.07683]},"76o":{"weight":1.0,"played":[0.0,1.0,0.0],"evs":[0.0,0.43584,-0.64894]},"86o":{"weight":1.0,"played":[0.0,1.0,0.0],"evs":[0.0,0.34856,-0.89817]},"96o":{"weight":1.0,"played":[0.0,1.0,0.0],"evs":[0.0,0.27502,-1.07752]},"T6o":{"weight":1.0,"played":[0.0166,0.9834,0.0],"evs":[0.0,0.03573,-1.59313]},"J6o":{"weight":1.0,"played":[0.0021,0.9979,0.0],"evs":[0.0,0.12248,-1.3879]},"Q6o":{"weight":1.0,"played":[0.0,1.0,0.0],"evs":[0.0,0.17546,-1.13806]},"K6o":{"weight":1.0,"played":[0.0,1.0,0.0],"evs":[0.0,0.44209,-0.36539]},"A6o":{"weight":1.0,"played":[0.0,0.0054,0.9946],"evs":[0.0,0.84808,0.90415]},"72s":{"weight":1.0,"played":[7.0E-4,0.9993,0.0],"evs":[0.0,0.28075,-1.16456]},"73s":{"weight":1.0,"played":[0.0,1.0,0.0],"evs":[0.0,0.39979,-0.77863]},"74s":{"weight":1.0,"played":[1.0E-4,0.9999,0.0],"evs":[0.0,0.56609,-0.39212]},"75s":{"weight":1.0,"played":[0.0,1.0,0.0],"evs":[0.0,0.77142,0.06927]},"76s":{"weight":1.0,"played":[0.0,1.0,0.0],"evs":[0.0,0.7822,0.18895]},"77":{"weight":1.0,"played":[0.0,0.0,1.0],"evs":[0.0,1.75608,2.54596]},"87o":{"weight":1.0,"played":[0.0,1.0,0.0],"evs":[0.0,0.44161,-0.65087]},"97o":{"weight":1.0,"played":[0.0,1.0,0.0],"evs":[0.0,0.37915,-0.8181]},"T7o":{"weight":1.0,"played":[2.0E-4,0.9998,0.0],"evs":[0.0,0.11031,-1.33565]},"J7o":{"weight":1.0,"played":[3.0E-4,0.9997,0.0],"evs":[0.0,0.19911,-1.16236]},"Q7o":{"weight":1.0,"played":[0.0,1.0,0.0],"evs":[0.0,0.185,-1.20035]},"K7o":{"weight":1.0,"played":[0.0,1.0,0.0],"evs":[0.0,0.46296,-0.31906]},"A7o":{"weight":1.0,"played":[0.0,0.0,1.0],"evs":[0.0,0.97939,1.20401]},"82s":{"weight":1.0,"played":[1.0E-4,0.9999,0.0],"evs":[0.0,0.33532,-1.05488]},"83s":{"weight":1.0,"played":[1.0E-4,0.9999,0.0],"evs":[0.0,0.28325,-1.05991]},"84s":{"weight":1.0,"played":[0.0,1.0,0.0],"evs":[0.0,0.46572,-0.61261]},"85s":{"weight":1.0,"played":[0.0,1.0,0.0],"evs":[0.0,0.6086,-0.28571]},"86s":{"weight":1.0,"played":[0.0,1.0,0.0],"evs":[0.0,0.76451,0.03278]},"87s":{"weight":1.0,"played":[0.0,1.0,0.0],"evs":[0.0,0.8092,0.18759]},"88":{"weight":1.0,"played":[0.0,0.0,1.0],"evs":[0.0,1.97287,3.04792]},"98o":{"weight":1.0,"played":[0.0,1.0,0.0],"evs":[0.0,0.43755,-0.62178]},"T8o":{"weight":1.0,"played":[1.0E-4,0.9999,0.0],"evs":[0.0,0.25082,-0.98666]},"J8o":{"weight":1.0,"played":[0.0,1.0,0.0],"evs":[0.0,0.32158,-0.85686]},"Q8o":{"weight":1.0,"played":[0.0,1.0,0.0],"evs":[0.0,0.33062,-0.82587]},"K8o":{"weight":1.0,"played":[0.0,1.0,0.0],"evs":[0.0,0.54212,-0.13845]},"A8o":{"weight":1.0,"played":[0.0,0.0,1.0],"evs":[0.0,1.15609,1.64096]},"92s":{"weight":1.0,"played":[0.0,1.0,0.0],"evs":[0.0,0.35269,-0.9731]},"93s":{"weight":1.0,"played":[0.0,1.0,0.0],"evs":[0.0,0.36861,-0.92519]},"94s":{"weight":1.0,"played":[2.0E-4,0.9998,0.0],"evs":[0.0,0.38751,-0.87055]},"95s":{"weight":1.0,"played":[0.0,1.0,0.0],"evs":[0.0,0.51966,-0.45737]},"96s":{"weight":1.0,"played":[0.0,0.9999,0.0],"evs":[0.0,0.66877,-0.13958]},"97s":{"weight":1.0,"played":[0.0,1.0,0.0],"evs":[0.0,0.79395,0.08752]},"98s":{"weight":1.0,"played":[0.0,0.9999,0.0],"evs":[0.0,0.88177,0.36045]},"99":{"weight":1.0,"played":[0.0,0.0,1.0],"evs":[0.0,2.39934,3.91687]},"T9o":{"weight":1.0,"played":[0.0,1.0,0.0],"evs":[0.0,0.37156,-0.56339]},"J9o":{"weight":1.0,"played":[0.0,1.0,0.0],"evs":[0.0,0.49937,-0.46359]},"Q9o":{"weight":1.0,"played":[0.0,1.0,0.0],"evs":[0.0,0.50014,-0.3418]},"K9o":{"weight":1.0,"played":[0.0,1.0,0.0],"evs":[0.0,0.73666,0.39247]},"A9o":{"weight":1.0,"played":[0.0,0.0,1.0],"evs":[0.0,1.37207,2.10068]},"T2s":{"weight":1.0,"played":[1.0E-4,0.9999,0.0],"evs":[0.0,0.23156,-1.18178]},"T3s":{"weight":1.0,"played":[1.0E-4,0.9999,0.0],"evs":[0.0,0.22941,-1.15766]},"T4s":{"weight":1.0,"played":[0.0,0.9999,0.0],"evs":[0.0,0.27424,-0.97941]},"T5s":{"weight":1.0,"played":[6.0E-4,0.9994,0.0],"evs":[0.0,0.33822,-0.86073]},"T6s":{"weight":1.0,"played":[0.0,1.0,0.0],"evs":[0.0,0.45403,-0.54111]},"T7s":{"weight":1.0,"played":[1.0E-4,0.9999,0.0],"evs":[0.0,0.52048,-0.40433]},"T8s":{"weight":1.0,"played":[0.0,1.0,0.0],"evs":[0.0,0.68038,-0.03638]},"T9s":{"weight":1.0,"played":[0.0,0.9999,1.0E-4],"evs":[0.0,0.89354,0.46111]},"TT":{"weight":1.0,"played":[0.0,0.0,1.0],"evs":[0.0,2.99971,5.12159]},"JTo":{"weight":1.0,"played":[0.0,1.0,0.0],"evs":[0.0,0.55546,-0.09571]},"QTo":{"weight":1.0,"played":[0.0,1.0,0.0],"evs":[0.0,0.67097,0.0947]},"KTo":{"weight":1.0,"played":[0.0,0.002,0.998],"evs":[0.0,1.00655,1.19702]},"ATo":{"weight":1.0,"played":[0.0,0.0,1.0],"evs":[0.0,1.81415,3.16739]},"J2s":{"weight":1.0,"played":[0.0,1.0,0.0],"evs":[0.0,0.39174,-0.80508]},"J3s":{"weight":1.0,"played":[0.0,1.0,0.0],"evs":[0.0,0.45319,-0.62992]},"J4s":{"weight":1.0,"played":[1.0E-4,0.9999,0.0],"evs":[0.0,0.47147,-0.51648]},"J5s":{"weight":1.0,"played":[1.0E-4,0.9999,0.0],"evs":[0.0,0.50756,-0.43458]},"J6s":{"weight":1.0,"played":[1.0E-4,0.9999,0.0],"evs":[0.0,0.54008,-0.41436]},"J7s":{"weight":1.0,"played":[1.0E-4,0.9999,0.0],"evs":[0.0,0.64854,-0.19076]},"J8s":{"weight":1.0,"played":[0.0,1.0,0.0],"evs":[0.0,0.77645,0.09139]},"J9s":{"weight":1.0,"played":[0.0,1.0,0.0],"evs":[0.0,0.99119,0.57563]},"JTs":{"weight":1.0,"played":[0.0,0.9999,1.0E-4],"evs":[0.0,1.02068,0.81538]},"JJ":{"weight":1.0,"played":[0.0,0.0,1.0],"evs":[0.0,4.09498,6.64905]},"QJo":{"weight":1.0,"played":[0.0,1.0,0.0],"evs":[0.0,1.05906,0.90896]},"KJo":{"weight":1.0,"played":[0.0,0.0,1.0],"evs":[0.0,1.37175,1.98678]},"AJo":{"weight":1.0,"played":[0.0,0.0,1.0],"evs":[0.0,2.28752,3.84855]},"Q2s":{"weight":1.0,"played":[0.0,1.0,0.0],"evs":[0.0,0.51462,-0.56704]},"Q3s":{"weight":1.0,"played":[0.0,1.0,0.0],"evs":[0.0,0.56393,-0.41773]},"Q4s":{"weight":1.0,"played":[0.0,1.0,0.0],"evs":[0.0,0.60907,-0.2893]},"Q5s":{"weight":1.0,"played":[0.0,1.0,0.0],"evs":[0.0,0.60079,-0.22229]},"Q6s":{"weight":1.0,"played":[0.0,1.0,0.0],"evs":[0.0,0.66093,-0.12531]},"Q7s":{"weight":1.0,"played":[1.0E-4,0.9999,0.0],"evs":[0.0,0.67216,-0.14409]},"Q8s":{"weight":1.0,"played":[0.0,1.0,0.0],"evs":[0.0,0.7795,0.19288]},"Q9s":{"weight":1.0,"played":[0.0,0.9999,1.0E-4],"evs":[0.0,0.95716,0.56433]},"QTs":{"weight":1.0,"played":[0.0,0.9996,4.0E-4],"evs":[0.0,1.12673,0.96649]},"QJs":{"weight":1.0,"played":[0.0,0.0,0.9999],"evs":[0.0,1.57631,1.87977]},"QQ":{"weight":1.0,"played":[0.0,0.0,1.0],"evs":[0.0,5.13072,7.97982]},"KQo":{"weight":1.0,"played":[0.0,0.0,1.0],"evs":[0.0,1.67237,2.56298]},"AQo":{"weight":1.0,"played":[0.0,0.0,1.0],"evs":[0.0,2.70984,4.49385]},"K2s":{"weight":1.0,"played":[0.0,1.0,0.0],"evs":[0.0,0.79461,0.1811]},"K3s":{"weight":1.0,"played":[0.0,1.0,0.0],"evs":[0.0,0.81946,0.29446]},"K4s":{"weight":1.0,"played":[0.0,1.0,0.0],"evs":[0.0,0.82,0.39333]},"K5s":{"weight":1.0,"played":[0.0,1.0,0.0],"evs":[0.0,0.9005,0.54517]},"K6s":{"weight":1.0,"played":[0.0,1.0,0.0],"evs":[0.0,0.95407,0.624]},"K7s":{"weight":1.0,"played":[0.0,1.0,0.0],"evs":[0.0,0.96106,0.65125]},"K8s":{"weight":1.0,"played":[0.0,0.9999,1.0E-4],"evs":[0.0,1.09373,0.88404]},"K9s":{"weight":1.0,"played":[0.0,0.0345,0.9655],"evs":[0.0,1.21383,1.28192]},"KTs":{"weight":1.0,"played":[0.0,0.0,1.0],"evs":[0.0,1.54475,2.09066]},"KJs":{"weight":1.0,"played":[0.0,0.0,1.0],"evs":[0.0,1.93929,2.89936]},"KQs":{"weight":1.0,"played":[0.0,0.0,1.0],"evs":[0.0,2.19578,3.37823]},"KK":{"weight":1.0,"played":[0.0,0.0,1.0],"evs":[0.0,6.47004,9.73759]},"AKo":{"weight":1.0,"played":[0.0,0.0,1.0],"evs":[0.0,3.20853,5.2521]},"A2s":{"weight":1.0,"played":[0.0,0.0,1.0],"evs":[0.0,1.29354,1.49809]},"A3s":{"weight":1.0,"played":[0.0,8.0E-4,0.9992],"evs":[0.0,1.35375,1.64437]},"A4s":{"weight":1.0,"played":[0.0,0.0,1.0],"evs":[0.0,1.47856,1.86539]},"A5s":{"weight":1.0,"played":[0.0,0.0,1.0],"evs":[0.0,1.55405,2.00962]},"A6s":{"weight":1.0,"played":[0.0,0.0,1.0],"evs":[0.0,1.42701,1.85439]},"A7s":{"weight":1.0,"played":[0.0,0.0,1.0],"evs":[0.0,1.56131,2.18901]},"A8s":{"weight":1.0,"played":[0.0,0.0,1.0],"evs":[0.0,1.75667,2.60433]},"A9s":{"weight":1.0,"played":[0.0,0.0,1.0],"evs":[0.0,1.97528,3.01192]},"ATs":{"weight":1.0,"played":[0.0,0.0,1.0],"evs":[0.0,2.46675,4.07017]},"AJs":{"weight":1.0,"played":[0.0,0.0,1.0],"evs":[0.0,2.9096,4.65893]},"AQs":{"weight":1.0,"played":[0.0,0.0,1.0],"evs":[0.0,3.2429,5.21691]},"AKs":{"weight":1.0,"played":[0.0,0.0,1.0],"evs":[0.0,3.80204,6.05349]},"AA":{"weight":1.0,"played":[0.0,0.0,1.0],"evs":[0.0,8.43798,12.30813]}}}