{"player":0,"street":0,"children":2,"sequence":[{"player":0,"type":"R","amount":200000,"street":0},{"player":1,"type":"F","amount":0,"street":0},{"player":2,"type":"F","amount":0,"street":0},{"player":3,"type":"F","amount":0,"street":0},{"player":4,"type":"C","amount":150000,"street":0},{"player":5,"type":"R","amount":815000,"street":0}],"actions":[{"type":"F","amount":0,"node":202},{"type":"C","amount":615000,"node":203}],"hands":{"22":{"weight":0.0,"played":[0.0,1.0],"evs":[0.0,2.67684]},"32o":{"weight":0.0,"played":[0.9987,0.0013],"evs":[0.0,-0.09]},"42o":{"weight":0.0,"played":[0.0078,0.9922],"evs":[0.0,0.05602]},"52o":{"weight":0.0,"played":[7.0E-4,0.9993],"evs":[0.0,0.14668]},"62o":{"weight":0.0,"played":[0.9999,1.0E-4],"evs":[0.0,-0.19378]},"72o":{"weight":0.0,"played":[0.9999,1.0E-4],"evs":[0.0,-0.43114]},"82o":{"weight":0.0,"played":[1.0,0.0],"evs":[0.0,-0.29491]},"92o":{"weight":0.0,"played":[0.9998,2.0E-4],"evs":[0.0,-0.25965]},"T2o":{"weight":0.0,"played":[0.9999,1.0E-4],"evs":[0.0,-0.3993]},"J2o":{"weight":0.0,"played":[0.2957,0.7043],"evs":[0.0,0.01167]},"Q2o":{"weight":0.0,"played":[0.0,1.0],"evs":[0.0,0.18995]},"K2o":{"weight":0.0,"played":[0.0,1.0],"evs":[0.0,0.40393]},"A2o":{"weight":0.0,"played":[0.0,1.0],"evs":[0.0,1.61722]},"32s":{"weight":0.0,"played":[0.0,1.0],"evs":[0.0,1.00947]},"33":{"weight":0.3456,"played":[0.0,1.0],"evs":[0.0,2.93244]},"43o":{"weight":0.0,"played":[0.0,1.0],"evs":[0.0,0.49863]},"53o":{"weight":0.0,"played":[0.0,1.0],"evs":[0.0,0.55017]},"63o":{"weight":0.0,"played":[0.0,1.0],"evs":[0.0,0.2225]},"73o":{"weight":0.0,"played":[0.9616,0.0384],"evs":[0.0,-0.02922]},"83o":{"weight":0.0,"played":[0.9926,0.0074],"evs":[0.0,-0.29028]},"93o":{"weight":0.0,"played":[0.9762,0.0238],"evs":[0.0,-0.13143]},"T3o":{"weight":0.0,"played":[0.9998,2.0E-4],"evs":[0.0,-0.29508]},"J3o":{"weight":0.0,"played":[0.0052,0.9948],"evs":[0.0,0.07561]},"Q3o":{"weight":0.0,"played":[0.0,1.0],"evs":[0.0,0.30364]},"K3o":{"weight":0.0,"played":[0.0,1.0],"evs":[0.0,0.52238]},"A3o":{"weight":0.0,"played":[0.0,1.0],"evs":[0.0,1.75305]},"42s":{"weight":0.0,"played":[0.0,1.0],"evs":[0.0,1.10559]},"43s":{"weight":0.0,"played":[0.0,1.0],"evs":[0.0,1.58474]},"44":{"weight":1.0,"played":[0.0,1.0],"evs":[0.0,3.36161]},"54o":{"weight":0.0,"played":[0.0,1.0],"evs":[0.0,0.97468]},"64o":{"weight":0.0,"played":[0.0,1.0],"evs":[0.0,0.66591]},"74o":{"weight":0.0,"played":[3.0E-4,0.9997],"evs":[0.0,0.45982]},"84o":{"weight":0.0,"played":[0.0226,0.9774],"evs":[0.0,0.18687]},"94o":{"weight":0.0,"played":[0.997,0.003],"evs":[0.0,-0.04412]},"T4o":{"weight":0.0,"played":[0.9837,0.0163],"evs":[0.0,-0.16948]},"J4o":{"weight":0.0,"played":[0.0065,0.9935],"evs":[0.0,0.26584]},"Q4o":{"weight":0.0,"played":[0.0,1.0],"evs":[0.0,0.41065]},"K4o":{"weight":0.0,"played":[0.0,1.0],"evs":[0.0,0.60213]},"A4o":{"weight":0.0,"played":[0.0,1.0],"evs":[0.0,1.94953]},"52s":{"weight":0.0,"played":[0.0,1.0],"evs":[0.0,1.30754]},"53s":{"weight":0.0,"played":[0.0,1.0],"evs":[0.0,1.63433]},"54s":{"weight":0.0,"played":[0.0,1.0],"evs":[0.0,1.98339]},"55":{"weight":1.0,"played":[0.0,1.0],"evs":[0.0,3.77899]},"65o":{"weight":0.0,"played":[0.0,1.0],"evs":[0.0,1.0559]},"75o":{"weight":0.0,"played":[0.0,1.0],"evs":[0.0,0.84225]},"85o":{"weight":0.0,"played":[0.0,1.0],"evs":[0.0,0.52362]},"95o":{"weight":0.0,"played":[0.0,1.0],"evs":[0.0,0.31685]},"T5o":{"weight":0.0,"played":[0.9978,0.0022],"evs":[0.0,-0.2197]},"J5o":{"weight":0.0,"played":[0.0,1.0],"evs":[0.0,0.30537]},"Q5o":{"weight":0.0,"played":[0.0,1.0],"evs":[0.0,0.48018]},"K5o":{"weight":0.0,"played":[0.0,1.0],"evs":[0.0,0.82594]},"A5o":{"weight":0.0,"played":[0.0,1.0],"evs":[0.0,2.08764]},"62s":{"weight":0.0,"played":[0.0,1.0],"evs":[0.0,0.98987]},"63s":{"weight":0.0,"played":[0.0,1.0],"evs":[0.0,1.34345]},"64s":{"weight":0.0,"played":[0.0,1.0],"evs":[0.0,1.74635]},"65s":{"weight":0.0,"played":[0.0,1.0],"evs":[0.0,2.06801]},"66":{"weight":0.9971,"played":[0.0,1.0],"evs":[0.0,4.27404]},"76o":{"weight":0.0,"played":[0.0,1.0],"evs":[0.0,1.24904]},"86o":{"weight":0.0,"played":[0.0,1.0],"evs":[0.0,0.97917]},"96o":{"weight":0.0,"played":[0.0,1.0],"evs":[0.0,0.76752]},"T6o":{"weight":0.0,"played":[0.0,1.0],"evs":[0.0,0.27628]},"J6o":{"weight":0.0,"played":[0.0,1.0],"evs":[0.0,0.38188]},"Q6o":{"weight":0.0,"played":[0.0,1.0],"evs":[0.0,0.5912]},"K6o":{"weight":0.0,"played":[0.0,1.0],"evs":[0.0,0.85564]},"A6o":{"weight":0.0,"played":[0.0,1.0],"evs":[0.0,2.10055]},"72s":{"weight":0.0,"played":[0.0,1.0],"evs":[0.0,0.51774]},"73s":{"weight":0.0,"played":[0.0,1.0],"evs":[0.0,1.04161]},"74s":{"weight":0.0,"played":[0.0,1.0],"evs":[0.0,1.55577]},"75s":{"weight":0.0,"played":[0.0,1.0],"evs":[0.0,1.87828]},"76s":{"weight":0.0,"played":[0.0,1.0],"evs":[0.0,2.28912]},"77":{"weight":0.9996,"played":[0.0,1.0],"evs":[0.0,4.86342]},"87o":{"weight":0.0,"played":[0.0,1.0],"evs":[0.0,1.35687]},"97o":{"weight":0.0,"played":[0.0,1.0],"evs":[0.0,1.11026]},"T7o":{"weight":0.0,"played":[0.0,1.0],"evs":[0.0,0.72299]},"J7o":{"weight":0.0,"played":[0.0,1.0],"evs":[0.0,0.71986]},"Q7o":{"weight":0.0,"played":[0.0,1.0],"evs":[0.0,0.70765]},"K7o":{"weight":0.0,"played":[0.0,1.0],"evs":[0.0,1.03331]},"A7o":{"weight":0.999,"played":[0.0,1.0],"evs":[0.0,2.58651]},"82s":{"weight":0.0,"played":[0.0,1.0],"evs":[0.0,0.78427]},"83s":{"weight":0.0,"played":[0.0,1.0],"evs":[0.0,0.83644]},"84s":{"weight":0.0,"played":[0.0,1.0],"evs":[0.0,1.28001]},"85s":{"weight":0.0,"played":[0.0,1.0],"evs":[0.0,1.57414]},"86s":{"weight":0.0,"played":[0.0,1.0],"evs":[0.0,1.89792]},"87s":{"weight":0.0,"played":[0.0,1.0],"evs":[0.0,2.22841]},"88":{"weight":1.0,"played":[0.0,1.0],"evs":[0.0,5.56158]},"98o":{"weight":0.0,"played":[0.0,1.0],"evs":[0.0,1.43619]},"T8o":{"weight":0.0,"played":[0.0,1.0],"evs":[0.0,1.00361]},"J8o":{"weight":0.0,"played":[0.0,1.0],"evs":[0.0,1.17351]},"Q8o":{"weight":0.0,"played":[0.0,1.0],"evs":[0.0,1.07005]},"K8o":{"weight":0.0,"played":[0.0,1.0],"evs":[0.0,1.09542]},"A8o":{"weight":1.0,"played":[0.0,1.0],"evs":[0.0,3.19277]},"92s":{"weight":0.0,"played":[0.0,1.0],"evs":[0.0,0.85017]},"93s":{"weight":0.0,"played":[0.0,1.0],"evs":[0.0,0.88668]},"94s":{"weight":0.0,"played":[0.0,1.0],"evs":[0.0,0.98029]},"95s":{"weight":0.0,"played":[0.0,1.0],"evs":[0.0,1.39463]},"96s":{"weight":0.0,"played":[0.0,1.0],"evs":[0.0,1.7882]},"97s":{"weight":0.0,"played":[0.0,1.0],"evs":[0.0,2.23161]},"98s":{"weight":0.9994,"played":[0.0,1.0],"evs":[0.0,2.43651]},"99":{"weight":1.0,"played":[0.0,1.0],"evs":[0.0,6.2775]},"T9o":{"weight":0.0,"played":[0.0,1.0],"evs":[0.0,1.5254]},"J9o":{"weight":0.0,"played":[0.0,1.0],"evs":[0.0,1.60473]},"Q9o":{"weight":0.0,"played":[0.0,1.0],"evs":[0.0,1.50631]},"K9o":{"weight":0.0,"played":[0.0,1.0],"evs":[0.0,1.62178]},"A9o":{"weight":1.0,"played":[0.0,1.0],"evs":[0.0,3.78182]},"T2s":{"weight":0.0,"played":[0.0,1.0],"evs":[0.0,0.60078]},"T3s":{"weight":0.0,"played":[0.0,1.0],"evs":[0.0,0.83951]},"T4s":{"weight":0.0,"played":[0.0,1.0],"evs":[0.0,0.91481]},"T5s":{"weight":0.0,"played":[0.0,1.0],"evs":[0.0,1.02091]},"T6s":{"weight":0.0,"played":[0.0,1.0],"evs":[0.0,1.34432]},"T7s":{"weight":0.0,"played":[0.0,1.0],"evs":[0.0,1.70113]},"T8s":{"weight":0.9977,"played":[0.0,1.0],"evs":[0.0,2.10026]},"T9s":{"weight":1.0,"played":[0.0,1.0],"evs":[0.0,2.518]},"TT":{"weight":1.0,"played":[0.0,1.0],"evs":[0.0,7.47249]},"JTo":{"weight":0.2511,"played":[0.0,1.0],"evs":[0.0,1.89697]},"QTo":{"weight":0.9999,"played":[0.0,1.0],"evs":[0.0,1.96321]},"KTo":{"weight":1.0,"played":[0.0,1.0],"evs":[0.0,2.35458]},"ATo":{"weight":1.0,"played":[0.0,1.0],"evs":[0.0,5.01939]},"J2s":{"weight":0.0,"played":[0.0,1.0],"evs":[0.0,1.06616]},"J3s":{"weight":0.0,"played":[0.0,1.0],"evs":[0.0,1.22074]},"J4s":{"weight":0.0,"played":[0.0,1.0],"evs":[0.0,1.31352]},"J5s":{"weight":0.0,"played":[0.0,1.0],"evs":[0.0,1.39195]},"J6s":{"weight":0.0,"played":[0.0,1.0],"evs":[0.0,1.48285]},"J7s":{"weight":0.0,"played":[0.0,1.0],"evs":[0.0,1.94758]},"J8s":{"weight":0.0,"played":[0.0,1.0],"evs":[0.0,2.21595]},"J9s":{"weight":1.0,"played":[0.0,1.0],"evs":[0.0,2.64903]},"JTs":{"weight":0.9999,"played":[0.0,1.0],"evs":[0.0,2.96478]},"JJ":{"weight":1.0,"played":[0.0,1.0],"evs":[0.0,8.87213]},"QJo":{"weight":1.0,"played":[0.0,1.0],"evs":[0.0,2.60601]},"KJo":{"weight":1.0,"played":[0.0,1.0],"evs":[0.0,3.18138]},"AJo":{"weight":0.9974,"played":[0.0,1.0],"evs":[0.0,5.84046]},"Q2s":{"weight":0.0,"played":[0.0,1.0],"evs":[0.0,1.31414]},"Q3s":{"weight":0.0,"played":[0.0,1.0],"evs":[0.0,1.40672]},"Q4s":{"weight":0.0,"played":[0.0,1.0],"evs":[0.0,1.6083]},"Q5s":{"weight":0.0,"played":[0.0,1.0],"evs":[0.0,1.58015]},"Q6s":{"weight":0.0,"played":[0.0,1.0],"evs":[0.0,1.84904]},"Q7s":{"weight":0.0,"played":[0.0,1.0],"evs":[0.0,1.77711]},"Q8s":{"weight":0.7977,"played":[0.0,1.0],"evs":[0.0,2.15518]},"Q9s":{"weight":1.0,"played":[0.0,1.0],"evs":[0.0,2.56418]},"QTs":{"weight":1.0,"played":[0.0,1.0],"evs":[0.0,2.95509]},"QJs":{"weight":1.0,"played":[0.0,1.0],"evs":[0.0,3.4542]},"QQ":{"weight":1.0,"played":[0.0,1.0],"evs":[0.0,10.19306]},"KQo":{"weight":0.9992,"played":[0.0,1.0],"evs":[0.0,3.79968]},"AQo":{"weight":0.9994,"played":[0.0,1.0],"evs":[0.0,6.64327]},"K2s":{"weight":0.0,"played":[0.0,1.0],"evs":[0.0,1.62407]},"K3s":{"weight":0.0,"played":[0.0,1.0],"evs":[0.0,1.71487]},"K4s":{"weight":0.0,"played":[0.0,1.0],"evs":[0.0,1.71148]},"K5s":{"weight":0.0,"played":[0.0,1.0],"evs":[0.0,1.90492]},"K6s":{"weight":0.0,"played":[0.0,1.0],"evs":[0.0,2.016]},"K7s":{"weight":0.735,"played":[0.0,1.0],"evs":[0.0,2.13175]},"K8s":{"weight":1.0,"played":[0.0,1.0],"evs":[0.0,2.15767]},"K9s":{"weight":1.0,"played":[0.0,1.0],"evs":[0.0,2.66137]},"KTs":{"weight":0.9992,"played":[0.0,1.0],"evs":[0.0,3.38271]},"KJs":{"weight":1.0,"played":[0.0,1.0],"evs":[0.0,4.19326]},"KQs":{"weight":0.9999,"played":[0.0,1.0],"evs":[0.0,4.68712]},"KK":{"weight":1.0,"played":[0.0,1.0],"evs":[0.0,11.76346]},"AKo":{"weight":1.0,"played":[0.0,1.0],"evs":[0.0,7.55616]},"A2s":{"weight":1.0,"played":[0.0,1.0],"evs":[0.0,2.70701]},"A3s":{"weight":1.0,"played":[0.0,1.0],"evs":[0.0,2.92078]},"A4s":{"weight":1.0,"played":[0.0,1.0],"evs":[0.0,3.0341]},"A5s":{"weight":1.0,"played":[0.0,1.0],"evs":[0.0,3.175]},"A6s":{"weight":1.0,"played":[0.0,1.0],"evs":[0.0,3.19331]},"A7s":{"weight":1.0,"played":[0.0,1.0],"evs":[0.0,3.68697]},"A8s":{"weight":1.0,"played":[0.0,1.0],"evs":[0.0,4.21327]},"A9s":{"weight":1.0,"played":[0.0,1.0],"evs":[0.0,4.80288]},"ATs":{"weight":1.0,"played":[0.0,1.0],"evs":[0.0,5.98406]},"AJs":{"weight":1.0,"played":[0.0,1.0],"evs":[0.0,6.66307]},"AQs":{"weight":1.0,"played":[0.0,1.0],"evs":[0.0,7.36416]},"AKs":{"weight":1.0,"played":[0.0,1.0],"evs":[0.0,8.33638]},"AA":{"weight":1.0,"played":[0.0,1.0],"evs":[0.0,15.39916]}}}