{"player":4,"street":0,"children":2,"sequence":[{"player":0,"type":"R","amount":200000,"street":0},{"player":1,"type":"F","amount":0,"street":0},{"player":2,"type":"F","amount":0,"street":0},{"player":3,"type":"F","amount":0,"street":0},{"player":4,"type":"C","amount":150000,"street":0},{"player":5,"type":"R","amount":815000,"street":0},{"player":0,"type":"F","amount":0,"street":0}],"actions":[{"type":"F","amount":0},{"type":"C","amount":515000}],"hands":{"22":{"weight":0.0085,"played":[0.2257,0.7743],"evs":[0.0,4.83138]},"32o":{"weight":0.0,"played":[0.9748,0.0252],"evs":[0.0,-1.14519]},"42o":{"weight":0.0,"played":[0.6861,0.3139],"evs":[0.0,-1.16033]},"52o":{"weight":0.0,"played":[0.9374,0.0626],"evs":[0.0,0.02961]},"62o":{"weight":0.0,"played":[0.7032,0.2968],"evs":[0.0,-0.48948]},"72o":{"weight":0.0,"played":[0.1454,0.8546],"evs":[0.0,1.68417]},"82o":{"weight":0.0,"played":[0.5341,0.4659],"evs":[0.0,-0.54656]},"92o":{"weight":0.0,"played":[0.8069,0.1931],"evs":[0.0,-0.81745]},"T2o":{"weight":0.0,"played":[0.5359,0.4641],"evs":[0.0,-0.5223]},"J2o":{"weight":0.0,"played":[0.0967,0.9033],"evs":[0.0,0.958]},"Q2o":{"weight":0.0,"played":[0.4217,0.5783],"evs":[0.0,-0.09484]},"K2o":{"weight":0.0,"played":[0.4966,0.5034],"evs":[0.0,1.0007]},"A2o":{"weight":0.0,"played":[0.2539,0.7461],"evs":[0.0,-0.04567]},"32s":{"weight":0.0,"played":[0.9167,0.0833],"evs":[0.0,-2.73188]},"33":{"weight":0.5347,"played":[0.1626,0.8374],"evs":[0.0,0.4571]},"43o":{"weight":0.0,"played":[0.866,0.134],"evs":[0.0,-0.1356]},"53o":{"weight":0.0,"played":[0.9229,0.0771],"evs":[0.0,-0.98096]},"63o":{"weight":0.0,"played":[0.3716,0.6284],"evs":[0.0,1.20502]},"73o":{"weight":0.0,"played":[0.6914,0.3086],"evs":[0.0,-0.99955]},"83o":{"weight":0.0,"played":[0.2524,0.7476],"evs":[0.0,1.92509]},"93o":{"weight":0.0,"played":[0.5249,0.4751],"evs":[0.0,-0.09846]},"T3o":{"weight":0.0,"played":[0.1976,0.8024],"evs":[0.0,0.67749]},"J3o":{"weight":0.0,"played":[0.6019,0.3981],"evs":[0.0,1.5942]},"Q3o":{"weight":0.0,"played":[0.032,0.968],"evs":[0.0,1.44361]},"K3o":{"weight":0.0,"played":[0.8766,0.1234],"evs":[0.0,-0.63377]},"A3o":{"weight":0.0,"played":[0.0421,0.9579],"evs":[0.0,1.3432]},"42s":{"weight":0.0,"played":[0.7973,0.2027],"evs":[0.0,-1.02407]},"43s":{"weight":0.0,"played":[0.0382,0.9618],"evs":[0.0,2.89332]},"44":{"weight":0.001,"played":[0.066,0.934],"evs":[0.0,3.1188]},"54o":{"weight":0.0,"played":[0.7264,0.2736],"evs":[0.0,0.81344]},"64o":{"weight":0.0,"played":[0.1752,0.8248],"evs":[0.0,1.18237]},"74o":{"weight":0.0,"played":[0.2927,0.7073],"evs":[0.0,-0.27257]},"84o":{"weight":0.0,"played":[0.2318,0.7682],"evs":[0.0,1.05475]},"94o":{"weight":0.0,"played":[0.0166,0.9834],"evs":[0.0,0.22214]},"T4o":{"weight":0.0,"played":[0.439,0.561],"evs":[0.0,-0.84432]},"J4o":{"weight":0.0,"played":[0.3905,0.6095],"evs":[0.0,0.59605]},"Q4o":{"weight":0.0,"played":[0.9696,0.0304],"evs":[0.0,-0.89521]},"K4o":{"weight":0.0,"played":[0.2176,0.7824],"evs":[0.0,0.83247]},"A4o":{"weight":0.0,"played":[0.109,0.891],"evs":[0.0,2.91967]},"52s":{"weight":0.0,"played":[0.5384,0.4616],"evs":[0.0,-1.14016]},"53s":{"weight":0.0,"played":[0.2003,0.7997],"evs":[0.0,0.62994]},"54s":{"weight":0.0,"played":[0.5154,0.4846],"evs":[0.0,0.01243]},"55":{"weight":0.0,"played":[0.0,1.0],"evs":[0.0,4.64101]},"65o":{"weight":0.0,"played":[0.2255,0.7745],"evs":[0.0,-0.11402]},"75o":{"weight":0.0,"played":[0.9954,0.0046],"evs":[0.0,-1.75068]},"85o":{"weight":0.0,"played":[0.0704,0.9296],"evs":[0.0,1.61078]},"95o":{"weight":0.0,"played":[0.7696,0.2304],"evs":[0.0,0.48777]},"T5o":{"weight":0.0,"played":[0.0199,0.9801],"evs":[0.0,1.44988]},"J5o":{"weight":0.0,"played":[0.0052,0.9948],"evs":[0.0,0.8342]},"Q5o":{"weight":0.0,"played":[0.0028,0.9972],"evs":[0.0,0.62114]},"K5o":{"weight":0.0,"played":[0.5664,0.4336],"evs":[0.0,0.30392]},"A5o":{"weight":0.0528,"played":[0.672,0.328],"evs":[0.0,0.09797]},"62s":{"weight":0.0,"played":[0.7124,0.2876],"evs":[0.0,-1.52529]},"63s":{"weight":0.0,"played":[0.6755,0.3245],"evs":[0.0,-0.88829]},"64s":{"weight":0.0,"played":[0.5981,0.4019],"evs":[0.0,0.45857]},"65s":{"weight":0.2873,"played":[0.1725,0.8275],"evs":[0.0,2.95511]},"66":{"weight":0.0,"played":[0.0,1.0],"evs":[0.0,4.82065]},"76o":{"weight":0.0,"played":[0.001,0.999],"evs":[0.0,1.16477]},"86o":{"weight":0.0,"played":[0.0061,0.9939],"evs":[0.0,0.4374]},"96o":{"weight":0.0,"played":[0.9205,0.0795],"evs":[0.0,-1.69659]},"T6o":{"weight":0.0,"played":[0.2191,0.7809],"evs":[0.0,1.53281]},"J6o":{"weight":0.0,"played":[0.9266,0.0734],"evs":[0.0,-0.35082]},"Q6o":{"weight":0.0,"played":[0.7182,0.2818],"evs":[0.0,-0.07998]},"K6o":{"weight":0.0,"played":[0.2717,0.7283],"evs":[0.0,0.2729]},"A6o":{"weight":0.0,"played":[0.0067,0.9933],"evs":[0.0,3.19293]},"72s":{"weight":0.0,"played":[0.8626,0.1374],"evs":[0.0,-1.26528]},"73s":{"weight":0.0,"played":[0.6845,0.3155],"evs":[0.0,-1.30168]},"74s":{"weight":0.0,"played":[0.8323,0.1677],"evs":[0.0,-0.5666]},"75s":{"weight":0.0,"played":[0.8477,0.1523],"evs":[0.0,-1.10749]},"76s":{"weight":0.998,"played":[0.0994,0.9006],"evs":[0.0,1.89438]},"77":{"weight":0.0,"played":[0.0062,0.9938],"evs":[0.0,7.16236]},"87o":{"weight":0.0,"played":[0.076,0.924],"evs":[0.0,0.08027]},"97o":{"weight":0.0,"played":[0.0129,0.9871],"evs":[0.0,1.93234]},"T7o":{"weight":0.0,"played":[0.1354,0.8646],"evs":[0.0,1.0392]},"J7o":{"weight":0.0,"played":[0.7664,0.2336],"evs":[0.0,-1.11343]},"Q7o":{"weight":0.0,"played":[0.4956,0.5044],"evs":[0.0,-0.284]},"K7o":{"weight":0.0,"played":[0.1009,0.8991],"evs":[0.0,2.31644]},"A7o":{"weight":0.0727,"played":[0.0931,0.9069],"evs":[0.0,2.74776]},"82s":{"weight":0.0,"played":[0.0117,0.9883],"evs":[0.0,-0.09006]},"83s":{"weight":0.0,"played":[0.2083,0.7917],"evs":[0.0,2.1386]},"84s":{"weight":0.0,"played":[0.549,0.451],"evs":[0.0,1.59906]},"85s":{"weight":0.0,"played":[0.0483,0.9517],"evs":[0.0,4.6357]},"86s":{"weight":0.0043,"played":[0.3262,0.6738],"evs":[0.0,-1.83998]},"87s":{"weight":0.9999,"played":[0.0,1.0],"evs":[0.0,1.96973]},"88":{"weight":0.0,"played":[0.0017,0.9983],"evs":[0.0,4.80116]},"98o":{"weight":0.0,"played":[0.0122,0.9878],"evs":[0.0,2.58865]},"T8o":{"weight":0.0,"played":[0.0269,0.9731],"evs":[0.0,0.89693]},"J8o":{"weight":0.0,"played":[0.2297,0.7703],"evs":[0.0,0.52459]},"Q8o":{"weight":0.0,"played":[0.2765,0.7235],"evs":[0.0,0.5984]},"K8o":{"weight":0.0,"played":[0.0468,0.9532],"evs":[0.0,0.15584]},"A8o":{"weight":0.0,"played":[0.0,1.0],"evs":[0.0,2.91966]},"92s":{"weight":0.0,"played":[0.0381,0.9619],"evs":[0.0,2.23434]},"93s":{"weight":0.0,"played":[0.4797,0.5203],"evs":[0.0,0.74149]},"94s":{"weight":0.0,"played":[0.4367,0.5633],"evs":[0.0,2.03714]},"95s":{"weight":0.0,"played":[0.9413,0.0587],"evs":[0.0,-2.56909]},"96s":{"weight":0.0,"played":[0.3584,0.6416],"evs":[0.0,-1.08191]},"97s":{"weight":0.6998,"played":[0.0102,0.9898],"evs":[0.0,1.08664]},"98s":{"weight":1.0,"played":[0.2411,0.7589],"evs":[0.0,0.85356]},"99":{"weight":0.0,"played":[0.0043,0.9957],"evs":[0.0,5.59534]},"T9o":{"weight":0.0,"played":[0.8246,0.1754],"evs":[0.0,-0.2828]},"J9o":{"weight":0.0,"played":[0.1204,0.8796],"evs":[0.0,1.65174]},"Q9o":{"weight":0.0,"played":[0.2332,0.7668],"evs":[0.0,0.87519]},"K9o":{"weight":0.0,"played":[0.2861,0.7139],"evs":[0.0,0.01323]},"A9o":{"weight":0.0,"played":[0.1516,0.8484],"evs":[0.0,2.15001]},"T2s":{"weight":0.0,"played":[0.2807,0.7193],"evs":[0.0,-0.74526]},"T3s":{"weight":0.0,"played":[0.7108,0.2892],"evs":[0.0,-2.93698]},"T4s":{"weight":0.0,"played":[0.9929,0.0071],"evs":[0.0,-1.74487]},"T5s":{"weight":0.0,"played":[0.8863,0.1137],"evs":[0.0,-2.33656]},"T6s":{"weight":0.0,"played":[0.3407,0.6593],"evs":[0.0,1.28935]},"T7s":{"weight":1.0E-4,"played":[0.9586,0.0414],"evs":[0.0,-1.18609]},"T8s":{"weight":0.9999,"played":[0.1804,0.8196],"evs":[0.0,1.77407]},"T9s":{"weight":1.0,"played":[0.6484,0.3516],"evs":[0.0,0.39355]},"TT":{"weight":0.0,"played":[0.0083,0.9917],"evs":[0.0,7.11686]},"JTo":{"weight":0.9996,"played":[0.2415,0.7585],"evs":[0.0,1.53728]},"QTo":{"weight":1.0,"played":[0.0106,0.9894],"evs":[0.0,0.28552]},"KTo":{"weight":1.0,"played":[0.0067,0.9933],"evs":[0.0,1.46851]},"ATo":{"weight":0.0,"played":[0.0381,0.9619],"evs":[0.0,2.29548]},"J2s":{"weight":0.0,"played":[0.2544,0.7456],"evs":[0.0,0.87688]},"J3s":{"weight":0.0,"played":[0.1885,0.8115],"evs":[0.0,0.61835]},"J4s":{"weight":0.0,"played":[0.7118,0.2882],"evs":[0.0,0.14746]},"J5s":{"weight":0.0,"played":[0.0891,0.9109],"evs":[0.0,3.42376]},"J6s":{"weight":0.0,"played":[0.6235,0.3765],"evs":[0.0,-2.31834]},"J7s":{"weight":0.0,"played":[0.5618,0.4382],"evs":[0.0,0.69239]},"J8s":{"weight":0.9999,"played":[0.1825,0.8175],"evs":[0.0,1.01293]},"J9s":{"weight":1.0,"played":[0.0363,0.9637],"evs":[0.0,1.61752]},"JTs":{"weight":1.0,"played":[0.0179,0.9821],"evs":[0.0,1.21808]},"JJ":{"weight":0.0,"played":[0.0083,0.9917],"evs":[0.0,5.94728]},"QJo":{"weight":1.0,"played":[0.7471,0.2529],"evs":[0.0,0.69131]},"KJo":{"weight":0.0101,"played":[0.0257,0.9743],"evs":[0.0,0.22706]},"AJo":{"weight":0.0,"played":[0.0054,0.9946],"evs":[0.0,3.65637]},"Q2s":{"weight":0.0,"played":[0.8725,0.1275],"evs":[0.0,-2.4351]},"Q3s":{"weight":0.0,"played":[0.0105,0.9895],"evs":[0.0,2.58564]},"Q4s":{"weight":0.0,"played":[0.3818,0.6182],"evs":[0.0,-0.16318]},"Q5s":{"weight":0.0,"played":[0.441,0.559],"evs":[0.0,-0.00269]},"Q6s":{"weight":0.0,"played":[0.2892,0.7108],"evs":[0.0,2.65771]},"Q7s":{"weight":0.0,"played":[0.1605,0.8395],"evs":[0.0,2.11105]},"Q8s":{"weight":1.0,"played":[0.5185,0.4815],"evs":[0.0,0.96997]},"Q9s":{"weight":1.0,"played":[0.0323,0.9677],"evs":[0.0,3.252]},"QTs":{"weight":1.0,"played":[0.0185,0.9815],"evs":[0.0,1.17338]},"QJs":{"weight":1.0,"played":[0.0104,0.9896],"evs":[0.0,3.21751]},"QQ":{"weight":0.0,"played":[0.0,1.0],"evs":[0.0,5.22696]},"KQo":{"weight":0.0,"played":[0.0,1.0],"evs":[0.0,2.94464]},"AQo":{"weight":0.0,"played":[0.0037,0.9963],"evs":[0.0,4.82589]},"K2s":{"weight":0.0,"played":[0.0562,0.9438],"evs":[0.0,1.64614]},"K3s":{"weight":0.0,"played":[0.825,0.175],"evs":[0.0,-1.29887]},"K4s":{"weight":0.212,"played":[0.5232,0.4768],"evs":[0.0,0.52664]},"K5s":{"weight":1.0,"played":[0.2399,0.7601],"evs":[0.0,0.46779]},"K6s":{"weight":1.0,"played":[0.3998,0.6002],"evs":[0.0,-0.813]},"K7s":{"weight":0.9992,"played":[0.3427,0.6573],"evs":[0.0,1.6012]},"K8s":{"weight":1.0,"played":[0.8873,0.1127],"evs":[0.0,-1.04433]},"K9s":{"weight":1.0,"played":[0.3619,0.6381],"evs":[0.0,0.98147]},"KTs":{"weight":1.0,"played":[0.0303,0.9697],"evs":[0.0,2.6694]},"KJs":{"weight":0.0272,"played":[0.0465,0.9535],"evs":[0.0,3.8208]},"KQs":{"weight":0.0,"played":[0.1693,0.8307],"evs":[0.0,6.06785]},"KK":{"weight":0.0,"played":[0.0,1.0],"evs":[0.0,8.12075]},"AKo":{"weight":0.0,"played":[0.0013,0.9987],"evs":[0.0,7.6356]},"A2s":{"weight":1.0,"played":[0.405,0.595],"evs":[0.0,0.79529]},"A3s":{"weight":1.0,"played":[7.0E-4,0.9993],"evs":[0.0,3.30589]},"A4s":{"weight":1.0,"played":[0.3933,0.6067],"evs":[0.0,0.88827]},"A5s":{"weight":1.0,"played":[0.0157,0.9843],"evs":[0.0,1.64083]},"A6s":{"weight":0.9962,"played":[0.0673,0.9327],"evs":[0.0,2.26093]},"A7s":{"weight":0.001,"played":[0.6294,0.3706],"evs":[0.0,1.21797]},"A8s":{"weight":0.0,"played":[0.1782,0.8218],"evs":[0.0,3.30799]},"A9s":{"weight":0.0,"played":[0.5873,0.4127],"evs":[0.0,2.03379]},"ATs":{"weight":0.0,"played":[0.0267,0.9733],"evs":[0.0,5.05126]},"AJs":{"weight":0.0,"played":[0.0037,0.9963],"evs":[0.0,4.79121]},"AQs":{"weight":0.0,"played":[0.0228,0.9772],"evs":[0.0,7.59481]},"AKs":{"weight":0.0,"played":[0.011,0.989],"evs":[0.0,7.4774]},"AA":{"weight":0.0,"played":[0.0,1.0],"evs":[0.0,10.15594]}}}