{"player":0,"street":0,"children":2,"sequence":[{"player":0,"type":"R","amount":200000,"street":0},{"player":1,"type":"F","amount":0,"street":0},{"player":2,"type":"F","amount":0,"street":0},{"player":3,"type":"F","amount":0,"street":0},{"player":4,"type":"R","amount":715000,"street":0},{"player":5,"type":"R","amount":815000,"street":0}],"actions":[{"type":"F","amount":0},{"type":"C","amount":615000}],"hands":{"22":{"weight":0.0,"played":[0.0,1.0],"evs":[0.0,2.18401]},"32o":{"weight":0.0,"played":[1.0,0.0],"evs":[0.0,-0.34764]},"42o":{"weight":0.0,"played":[1.0,0.0],"evs":[0.0,-0.16814]},"52o":{"weight":0.0,"played":[0.9875,0.0125],"evs":[0.0,-0.04094]},"62o":{"weight":0.0,"played":[0.9999,1.0E-4],"evs":[0.0,-0.30949]},"72o":{"weight":0.0,"played":[1.0,0.0],"evs":[0.0,-0.61185]},"82o":{"weight":0.0,"played":[1.0,0.0],"evs":[0.0,-0.47708]},"92o":{"weight":0.0,"played":[1.0,0.0],"evs":[0.0,-0.43694]},"T2o":{"weight":0.0,"played":[0.9998,2.0E-4],"evs":[0.0,-0.34052]},"J2o":{"weight":0.0,"played":[0.9998,2.0E-4],"evs":[0.0,-0.21896]},"Q2o":{"weight":0.0,"played":[0.0027,0.9973],"evs":[0.0,0.17596]},"K2o":{"weight":0.0,"played":[0.0,1.0],"evs":[0.0,0.42291]},"A2o":{"weight":0.0,"played":[0.0,1.0],"evs":[0.0,0.91103]},"32s":{"weight":0.0,"played":[0.0,1.0],"evs":[0.0,0.70295]},"33":{"weight":0.3456,"played":[0.0,1.0],"evs":[0.0,2.40072]},"43o":{"weight":0.0,"played":[2.0E-4,0.9998],"evs":[0.0,0.29828]},"53o":{"weight":0.0,"played":[0.0,1.0],"evs":[0.0,0.41408]},"63o":{"weight":0.0,"played":[8.0E-4,0.9992],"evs":[0.0,0.1791]},"73o":{"weight":0.0,"played":[1.0,0.0],"evs":[0.0,-0.19055]},"83o":{"weight":0.0,"played":[0.9999,1.0E-4],"evs":[0.0,-0.48973]},"93o":{"weight":0.0,"played":[0.9999,1.0E-4],"evs":[0.0,-0.25167]},"T3o":{"weight":0.0,"played":[1.0,0.0],"evs":[0.0,-0.19766]},"J3o":{"weight":0.0,"played":[0.9902,0.0098],"evs":[0.0,-0.08124]},"Q3o":{"weight":0.0,"played":[4.0E-4,0.9996],"evs":[0.0,0.35992]},"K3o":{"weight":0.0,"played":[0.0,1.0],"evs":[0.0,0.64262]},"A3o":{"weight":0.0,"played":[0.0,1.0],"evs":[0.0,1.09988]},"42s":{"weight":0.0,"played":[0.0,1.0],"evs":[0.0,0.95787]},"43s":{"weight":0.0,"played":[0.0,1.0],"evs":[0.0,1.35644]},"44":{"weight":1.0,"played":[0.0,1.0],"evs":[0.0,2.83936]},"54o":{"weight":0.0,"played":[0.0,1.0],"evs":[0.0,0.8827]},"64o":{"weight":0.0,"played":[0.0,1.0],"evs":[0.0,0.57499]},"74o":{"weight":0.0,"played":[0.0018,0.9982],"evs":[0.0,0.2931]},"84o":{"weight":0.0,"played":[0.4013,0.5987],"evs":[0.0,0.00294]},"94o":{"weight":0.0,"played":[0.9999,1.0E-4],"evs":[0.0,-0.19732]},"T4o":{"weight":0.0,"played":[0.8329,0.1671],"evs":[0.0,-0.09612]},"J4o":{"weight":0.0,"played":[0.0207,0.9793],"evs":[0.0,0.12846]},"Q4o":{"weight":0.0,"played":[0.0,1.0],"evs":[0.0,0.46735]},"K4o":{"weight":0.0,"played":[0.0,1.0],"evs":[0.0,0.74106]},"A4o":{"weight":0.0,"played":[0.0,1.0],"evs":[0.0,1.2633]},"52s":{"weight":0.0,"played":[0.0,1.0],"evs":[0.0,1.11569]},"53s":{"weight":0.0,"played":[0.0,1.0],"evs":[0.0,1.44713]},"54s":{"weight":0.0,"played":[0.0,1.0],"evs":[0.0,1.86953]},"55":{"weight":1.0,"played":[0.0,1.0],"evs":[0.0,3.29326]},"65o":{"weight":0.0,"played":[0.0,1.0],"evs":[0.0,0.98662]},"75o":{"weight":0.0,"played":[0.0,1.0],"evs":[0.0,0.77359]},"85o":{"weight":0.0,"played":[0.0,1.0],"evs":[0.0,0.5161]},"95o":{"weight":0.0,"played":[0.0,1.0],"evs":[0.0,0.24028]},"T5o":{"weight":0.0,"played":[0.0709,0.9291],"evs":[0.0,0.01553]},"J5o":{"weight":0.0,"played":[2.0E-4,0.9998],"evs":[0.0,0.23304]},"Q5o":{"weight":0.0,"played":[0.0,1.0],"evs":[0.0,0.62698]},"K5o":{"weight":0.0,"played":[0.0,1.0],"evs":[0.0,0.86517]},"A5o":{"weight":0.0,"played":[0.0,1.0],"evs":[0.0,1.4458]},"62s":{"weight":0.0,"played":[0.0,1.0],"evs":[0.0,0.8269]},"63s":{"weight":0.0,"played":[0.0,1.0],"evs":[0.0,1.21676]},"64s":{"weight":0.0,"played":[0.0,1.0],"evs":[0.0,1.70704]},"65s":{"weight":0.0,"played":[0.0,1.0],"evs":[0.0,1.94507]},"66":{"weight":0.9971,"played":[0.0,1.0],"evs":[0.0,3.82254]},"76o":{"weight":0.0,"played":[0.0,1.0],"evs":[0.0,1.09207]},"86o":{"weight":0.0,"played":[0.0,1.0],"evs":[0.0,0.89727]},"96o":{"weight":0.0,"played":[0.0,1.0],"evs":[0.0,0.67329]},"T6o":{"weight":0.0,"played":[0.0,1.0],"evs":[0.0,0.41205]},"J6o":{"weight":0.0,"played":[0.0012,0.9988],"evs":[0.0,0.31536]},"Q6o":{"weight":0.0,"played":[0.0,1.0],"evs":[0.0,0.73596]},"K6o":{"weight":0.0,"played":[0.0,1.0],"evs":[0.0,1.04495]},"A6o":{"weight":0.0,"played":[0.0,1.0],"evs":[0.0,1.1677]},"72s":{"weight":0.0,"played":[7.0E-4,0.9993],"evs":[0.0,0.54278]},"73s":{"weight":0.0,"played":[0.0,1.0],"evs":[0.0,0.96514]},"74s":{"weight":0.0,"played":[0.0,1.0],"evs":[0.0,1.38115]},"75s":{"weight":0.0,"played":[0.0,1.0],"evs":[0.0,1.76908]},"76s":{"weight":0.0,"played":[0.0,1.0],"evs":[0.0,2.1417]},"77":{"weight":0.9996,"played":[0.0,1.0],"evs":[0.0,4.30929]},"87o":{"weight":0.0,"played":[0.0,1.0],"evs":[0.0,1.13035]},"97o":{"weight":0.0,"played":[0.0,1.0],"evs":[0.0,1.0258]},"T7o":{"weight":0.0,"played":[0.0,1.0],"evs":[0.0,0.73241]},"J7o":{"weight":0.0,"played":[0.0,1.0],"evs":[0.0,0.59153]},"Q7o":{"weight":0.0,"played":[0.0,1.0],"evs":[0.0,0.71974]},"K7o":{"weight":0.0,"played":[0.0,1.0],"evs":[0.0,1.08827]},"A7o":{"weight":0.999,"played":[0.0,1.0],"evs":[0.0,1.38566]},"82s":{"weight":0.0,"played":[1.0E-4,0.9999],"evs":[0.0,0.62806]},"83s":{"weight":0.0,"played":[0.0,1.0],"evs":[0.0,0.70299]},"84s":{"weight":0.0,"played":[0.0,1.0],"evs":[0.0,1.1578]},"85s":{"weight":0.0,"played":[0.0,1.0],"evs":[0.0,1.57935]},"86s":{"weight":0.0,"played":[0.0,1.0],"evs":[0.0,1.83918]},"87s":{"weight":0.0,"played":[0.0,1.0],"evs":[0.0,2.18051]},"88":{"weight":1.0,"played":[0.0,1.0],"evs":[0.0,4.92481]},"98o":{"weight":0.0,"played":[0.0,1.0],"evs":[0.0,1.26469]},"T8o":{"weight":0.0,"played":[0.0,1.0],"evs":[0.0,1.14251]},"J8o":{"weight":0.0,"played":[0.0,1.0],"evs":[0.0,1.0102]},"Q8o":{"weight":0.0,"played":[0.0,1.0],"evs":[0.0,1.03913]},"K8o":{"weight":0.0,"played":[0.0,1.0],"evs":[0.0,1.16169]},"A8o":{"weight":1.0,"played":[0.0,1.0],"evs":[0.0,1.79039]},"92s":{"weight":0.0,"played":[0.0,1.0],"evs":[0.0,0.71128]},"93s":{"weight":0.0,"played":[0.0,1.0],"evs":[0.0,0.82273]},"94s":{"weight":0.0,"played":[0.0,1.0],"evs":[0.0,0.93506]},"95s":{"weight":0.0,"played":[0.0,1.0],"evs":[0.0,1.21605]},"96s":{"weight":0.0,"played":[0.0,1.0],"evs":[0.0,1.72434]},"97s":{"weight":0.0,"played":[0.0,1.0],"evs":[0.0,2.05639]},"98s":{"weight":0.9994,"played":[0.0,1.0],"evs":[0.0,2.32592]},"99":{"weight":1.0,"played":[0.0,1.0],"evs":[0.0,5.81286]},"T9o":{"weight":0.0,"played":[0.0,1.0],"evs":[0.0,1.51836]},"J9o":{"weight":0.0,"played":[0.0,1.0],"evs":[0.0,1.39955]},"Q9o":{"weight":0.0,"played":[0.0,1.0],"evs":[0.0,1.45535]},"K9o":{"weight":0.0,"played":[0.0,1.0],"evs":[0.0,1.51663]},"A9o":{"weight":1.0,"played":[0.0,1.0],"evs":[0.0,2.26194]},"T2s":{"weight":0.0,"played":[0.0,1.0],"evs":[0.0,0.85498]},"T3s":{"weight":0.0,"played":[0.0,1.0],"evs":[0.0,0.86727]},"T4s":{"weight":0.0,"played":[0.0,1.0],"evs":[0.0,0.98091]},"T5s":{"weight":0.0,"played":[0.0,1.0],"evs":[0.0,1.18012]},"T6s":{"weight":0.0,"played":[0.0,1.0],"evs":[0.0,1.46084]},"T7s":{"weight":0.0,"played":[0.0,1.0],"evs":[0.0,1.84183]},"T8s":{"weight":0.9977,"played":[0.0,1.0],"evs":[0.0,2.14428]},"T9s":{"weight":1.0,"played":[0.0,1.0],"evs":[0.0,2.49938]},"TT":{"weight":1.0,"played":[0.0,1.0],"evs":[0.0,6.98742]},"JTo":{"weight":0.2511,"played":[0.0,1.0],"evs":[0.0,1.91483]},"QTo":{"weight":0.9999,"played":[0.0,1.0],"evs":[0.0,2.09756]},"KTo":{"weight":1.0,"played":[0.0,1.0],"evs":[0.0,2.23421]},"ATo":{"weight":1.0,"played":[0.0,1.0],"evs":[0.0,3.41022]},"J2s":{"weight":0.0,"played":[0.0,1.0],"evs":[0.0,0.89423]},"J3s":{"weight":0.0,"played":[0.0,1.0],"evs":[0.0,1.13912]},"J4s":{"weight":0.0,"played":[0.0,1.0],"evs":[0.0,1.25671]},"J5s":{"weight":0.0,"played":[0.0,1.0],"evs":[0.0,1.41559]},"J6s":{"weight":0.0,"played":[0.0,1.0],"evs":[0.0,1.45111]},"J7s":{"weight":0.0,"played":[0.0,1.0],"evs":[0.0,1.66826]},"J8s":{"weight":0.0,"played":[0.0,1.0],"evs":[0.0,2.01067]},"J9s":{"weight":1.0,"played":[0.0,1.0],"evs":[0.0,2.41471]},"JTs":{"weight":0.9999,"played":[0.0,1.0],"evs":[0.0,2.94255]},"JJ":{"weight":1.0,"played":[0.0,1.0],"evs":[0.0,8.43578]},"QJo":{"weight":1.0,"played":[0.0,1.0],"evs":[0.0,2.35621]},"KJo":{"weight":1.0,"played":[0.0,1.0],"evs":[0.0,2.68918]},"AJo":{"weight":0.9974,"played":[0.0,1.0],"evs":[0.0,4.32008]},"Q2s":{"weight":0.0,"played":[0.0,1.0],"evs":[0.0,1.29433]},"Q3s":{"weight":0.0,"played":[0.0,1.0],"evs":[0.0,1.44227]},"Q4s":{"weight":0.0,"played":[0.0,1.0],"evs":[0.0,1.57704]},"Q5s":{"weight":0.0,"played":[0.0,1.0],"evs":[0.0,1.69649]},"Q6s":{"weight":0.0,"played":[0.0,1.0],"evs":[0.0,1.75201]},"Q7s":{"weight":0.0,"played":[0.0,1.0],"evs":[0.0,1.78104]},"Q8s":{"weight":0.7977,"played":[0.0,1.0],"evs":[0.0,2.16712]},"Q9s":{"weight":1.0,"played":[0.0,1.0],"evs":[0.0,2.43978]},"QTs":{"weight":1.0,"played":[0.0,1.0],"evs":[0.0,3.07426]},"QJs":{"weight":1.0,"played":[0.0,1.0],"evs":[0.0,3.38891]},"QQ":{"weight":1.0,"played":[0.0,1.0],"evs":[0.0,10.1458]},"KQo":{"weight":0.9992,"played":[0.0,1.0],"evs":[0.0,3.4289]},"AQo":{"weight":0.9994,"played":[0.0,1.0],"evs":[0.0,5.39638]},"K2s":{"weight":0.0,"played":[0.0,1.0],"evs":[0.0,1.58631]},"K3s":{"weight":0.0,"played":[0.0,1.0],"evs":[0.0,1.69124]},"K4s":{"weight":0.0,"played":[0.0,1.0],"evs":[0.0,1.7925]},"K5s":{"weight":0.0,"played":[0.0,1.0],"evs":[0.0,1.98992]},"K6s":{"weight":0.0,"played":[0.0,1.0],"evs":[0.0,2.14843]},"K7s":{"weight":0.735,"played":[0.0,1.0],"evs":[0.0,2.12093]},"K8s":{"weight":1.0,"played":[0.0,1.0],"evs":[0.0,2.21669]},"K9s":{"weight":1.0,"played":[0.0,1.0],"evs":[0.0,2.57812]},"KTs":{"weight":0.9992,"played":[0.0,1.0],"evs":[0.0,3.18931]},"KJs":{"weight":1.0,"played":[0.0,1.0],"evs":[0.0,3.66028]},"KQs":{"weight":0.9999,"played":[0.0,1.0],"evs":[0.0,4.358]},"KK":{"weight":1.0,"played":[0.0,1.0],"evs":[0.0,11.95877]},"AKo":{"weight":1.0,"played":[0.0,1.0],"evs":[0.0,6.45948]},"A2s":{"weight":1.0,"played":[0.0,1.0],"evs":[0.0,2.07519]},"A3s":{"weight":1.0,"played":[0.0,1.0],"evs":[0.0,2.22072]},"A4s":{"weight":1.0,"played":[0.0,1.0],"evs":[0.0,2.33351]},"A5s":{"weight":1.0,"played":[0.0,1.0],"evs":[0.0,2.5402]},"A6s":{"weight":1.0,"played":[0.0,1.0],"evs":[0.0,2.36137]},"A7s":{"weight":1.0,"played":[0.0,1.0],"evs":[0.0,2.55445]},"A8s":{"weight":1.0,"played":[0.0,1.0],"evs":[0.0,2.86791]},"A9s":{"weight":1.0,"played":[0.0,1.0],"evs":[0.0,3.35041]},"ATs":{"weight":1.0,"played":[0.0,1.0],"evs":[0.0,4.42097]},"AJs":{"weight":1.0,"played":[0.0,1.0],"evs":[0.0,5.28334]},"AQs":{"weight":1.0,"played":[0.0,1.0],"evs":[0.0,6.2074]},"AKs":{"weight":1.0,"played":[0.0,1.0],"evs":[0.0,7.32925]},"AA":{"weight":1.0,"played":[0.0,1.0],"evs":[0.0,15.27695]}}}