{"player":4,"street":0,"children":3,"sequence":[{"player":0,"type":"R","amount":200000,"street":0},{"player":1,"type":"F","amount":0,"street":0},{"player":2,"type":"F","amount":0,"street":0},{"player":3,"type":"C","amount":200000,"street":0}],"actions":[{"type":"F","amount":0,"node":208},{"type":"C","amount":150000,"node":214},{"type":"R","amount":715000,"node":227}],"hands":{"22":{"weight":1.0,"played":[0.1629,0.8371,0.0],"evs":[0.0,0.06743,-0.46244]},"32o":{"weight":1.0,"played":[1.0,0.0,0.0],"evs":[0.0,-0.77826,-2.4003]},"42o":{"weight":1.0,"played":[1.0,0.0,0.0],"evs":[0.0,-0.74732,-2.23206]},"52o":{"weight":1.0,"played":[1.0,0.0,0.0],"evs":[0.0,-0.6968,-2.05172]},"62o":{"weight":1.0,"played":[1.0,0.0,0.0],"evs":[0.0,-0.74534,-2.25852]},"72o":{"weight":1.0,"played":[1.0,0.0,0.0],"evs":[0.0,-0.84077,-2.58874]},"82o":{"weight":1.0,"played":[1.0,0.0,0.0],"evs":[0.0,-0.7922,-2.42397]},"92o":{"weight":1.0,"played":[1.0,0.0,0.0],"evs":[0.0,-0.82215,-2.5842]},"T2o":{"weight":1.0,"played":[1.0,0.0,0.0],"evs":[0.0,-0.81664,-2.57929]},"J2o":{"weight":1.0,"played":[1.0,0.0,0.0],"evs":[0.0,-0.845,-2.69693]},"Q2o":{"weight":1.0,"played":[1.0,0.0,0.0],"evs":[0.0,-0.71137,-2.31579]},"K2o":{"weight":1.0,"played":[1.0,0.0,0.0],"evs":[0.0,-0.60732,-1.97762]},"A2o":{"weight":1.0,"played":[1.0,0.0,0.0],"evs":[0.0,-0.31165,-0.88265]},"32s":{"weight":1.0,"played":[1.0,0.0,0.0],"evs":[0.0,-0.51449,-1.57438]},"33":{"weight":1.0,"played":[0.0016,0.9983,1.0E-4],"evs":[0.0,0.13279,-0.34379]},"43o":{"weight":1.0,"played":[1.0,0.0,0.0],"evs":[0.0,-0.64041,-1.91157]},"53o":{"weight":1.0,"played":[1.0,0.0,0.0],"evs":[0.0,-0.5956,-1.73372]},"63o":{"weight":1.0,"played":[1.0,0.0,0.0],"evs":[0.0,-0.66166,-1.95445]},"73o":{"weight":1.0,"played":[1.0,0.0,0.0],"evs":[0.0,-0.75364,-2.25078]},"83o":{"weight":1.0,"played":[1.0,0.0,0.0],"evs":[0.0,-0.8076,-2.49071]},"93o":{"weight":1.0,"played":[1.0,0.0,0.0],"evs":[0.0,-0.80905,-2.54039]},"T3o":{"weight":1.0,"played":[1.0,0.0,0.0],"evs":[0.0,-0.82086,-2.51337]},"J3o":{"weight":1.0,"played":[1.0,0.0,0.0],"evs":[0.0,-0.87467,-2.67581]},"Q3o":{"weight":1.0,"played":[1.0,0.0,0.0],"evs":[0.0,-0.70389,-2.27593]},"K3o":{"weight":1.0,"played":[1.0,0.0,0.0],"evs":[0.0,-0.59745,-1.93124]},"A3o":{"weight":1.0,"played":[1.0,0.0,0.0],"evs":[0.0,-0.25692,-0.80241]},"42s":{"weight":1.0,"played":[1.0,0.0,0.0],"evs":[0.0,-0.45813,-1.36956]},"43s":{"weight":1.0,"played":[1.0,0.0,0.0],"evs":[0.0,-0.23661,-1.06716]},"44":{"weight":1.0,"played":[0.0012,0.9987,1.0E-4],"evs":[0.0,0.38031,0.16587]},"54o":{"weight":1.0,"played":[1.0,0.0,0.0],"evs":[0.0,-0.44526,-1.38673]},"64o":{"weight":1.0,"played":[1.0,0.0,0.0],"evs":[0.0,-0.51667,-1.53494]},"74o":{"weight":1.0,"played":[1.0,0.0,0.0],"evs":[0.0,-0.63474,-1.86191]},"84o":{"weight":1.0,"played":[1.0,0.0,0.0],"evs":[0.0,-0.68196,-2.08136]},"94o":{"weight":1.0,"played":[1.0,0.0,0.0],"evs":[0.0,-0.80815,-2.53011]},"T4o":{"weight":1.0,"played":[1.0,0.0,0.0],"evs":[0.0,-0.78701,-2.42106]},"J4o":{"weight":1.0,"played":[1.0,0.0,0.0],"evs":[0.0,-0.84056,-2.56405]},"Q4o":{"weight":1.0,"played":[1.0,0.0,0.0],"evs":[0.0,-0.67188,-2.12668]},"K4o":{"weight":1.0,"played":[1.0,0.0,0.0],"evs":[0.0,-0.60683,-1.86204]},"A4o":{"weight":1.0,"played":[1.0,0.0,0.0],"evs":[0.0,-0.13978,-0.57104]},"52s":{"weight":1.0,"played":[1.0,0.0,0.0],"evs":[0.0,-0.40406,-1.21695]},"53s":{"weight":1.0,"played":[1.0,0.0,0.0],"evs":[0.0,-0.18553,-0.94227]},"54s":{"weight":1.0,"played":[0.0015,0.9984,1.0E-4],"evs":[0.0,0.07641,-0.51569]},"55":{"weight":1.0,"played":[0.0,0.0118,0.9882],"evs":[0.0,0.5932,0.65924]},"65o":{"weight":1.0,"played":[1.0,0.0,0.0],"evs":[0.0,-0.32301,-1.1569]},"75o":{"weight":1.0,"played":[1.0,0.0,0.0],"evs":[0.0,-0.49484,-1.4425]},"85o":{"weight":1.0,"played":[1.0,0.0,0.0],"evs":[0.0,-0.55725,-1.6218]},"95o":{"weight":1.0,"played":[1.0,0.0,0.0],"evs":[0.0,-0.67074,-2.0067]},"T5o":{"weight":1.0,"played":[1.0,0.0,0.0],"evs":[0.0,-0.73289,-2.24573]},"J5o":{"weight":1.0,"played":[1.0,0.0,0.0],"evs":[0.0,-0.78603,-2.3226]},"Q5o":{"weight":1.0,"played":[1.0,0.0,0.0],"evs":[0.0,-0.61888,-1.8765]},"K5o":{"weight":1.0,"played":[1.0,0.0,0.0],"evs":[0.0,-0.51527,-1.61162]},"A5o":{"weight":1.0,"played":[0.9999,1.0E-4,0.0],"evs":[0.0,-0.04844,-0.36372]},"62s":{"weight":1.0,"played":[1.0,0.0,0.0],"evs":[0.0,-0.43488,-1.39849]},"63s":{"weight":1.0,"played":[1.0,0.0,0.0],"evs":[0.0,-0.28666,-1.11429]},"64s":{"weight":1.0,"played":[0.755,0.245,0.0],"evs":[0.0,-0.02633,-0.73539]},"65s":{"weight":1.0,"played":[0.0013,0.9987,0.0],"evs":[0.0,0.13082,-0.41275]},"66":{"weight":1.0,"played":[0.0,1.0E-4,0.9999],"evs":[0.0,0.85097,1.00653]},"76o":{"weight":1.0,"played":[1.0,0.0,0.0],"evs":[0.0,-0.33515,-1.16406]},"86o":{"weight":1.0,"played":[1.0,0.0,0.0],"evs":[0.0,-0.40092,-1.28625]},"96o":{"weight":1.0,"played":[1.0,0.0,0.0],"evs":[0.0,-0.53896,-1.55603]},"T6o":{"weight":1.0,"played":[1.0,0.0,0.0],"evs":[0.0,-0.61535,-1.84557]},"J6o":{"weight":1.0,"played":[1.0,0.0,0.0],"evs":[0.0,-0.74062,-2.2276]},"Q6o":{"weight":1.0,"played":[1.0,0.0,0.0],"evs":[0.0,-0.56201,-1.76777]},"K6o":{"weight":1.0,"played":[1.0,0.0,0.0],"evs":[0.0,-0.45993,-1.46407]},"A6o":{"weight":1.0,"played":[1.0,0.0,0.0],"evs":[0.0,-0.12427,-0.46179]},"72s":{"weight":1.0,"played":[1.0,0.0,0.0],"evs":[0.0,-0.5649,-1.72114]},"73s":{"weight":1.0,"played":[1.0,0.0,0.0],"evs":[0.0,-0.4543,-1.39544]},"74s":{"weight":1.0,"played":[1.0,0.0,0.0],"evs":[0.0,-0.23846,-1.03272]},"75s":{"weight":1.0,"played":[0.1763,0.8237,0.0],"evs":[0.0,0.00343,-0.59278]},"76s":{"weight":1.0,"played":[3.0E-4,0.9996,1.0E-4],"evs":[0.0,0.1244,-0.39587]},"77":{"weight":1.0,"played":[0.0,5.0E-4,0.9995],"evs":[0.0,1.03842,1.3065]},"87o":{"weight":1.0,"played":[1.0,0.0,0.0],"evs":[0.0,-0.33384,-1.12589]},"97o":{"weight":1.0,"played":[1.0,0.0,0.0],"evs":[0.0,-0.43085,-1.36061]},"T7o":{"weight":1.0,"played":[1.0,0.0,0.0],"evs":[0.0,-0.53857,-1.61858]},"J7o":{"weight":1.0,"played":[1.0,0.0,0.0],"evs":[0.0,-0.67367,-2.02636]},"Q7o":{"weight":1.0,"played":[1.0,0.0,0.0],"evs":[0.0,-0.57476,-1.85708]},"K7o":{"weight":1.0,"played":[1.0,0.0,0.0],"evs":[0.0,-0.47385,-1.46913]},"A7o":{"weight":1.0,"played":[0.5907,0.4093,0.0],"evs":[0.0,-0.02097,-0.21081]},"82s":{"weight":1.0,"played":[1.0,0.0,0.0],"evs":[0.0,-0.53121,-1.60455]},"83s":{"weight":1.0,"played":[1.0,0.0,0.0],"evs":[0.0,-0.53029,-1.63223]},"84s":{"weight":1.0,"played":[1.0,0.0,0.0],"evs":[0.0,-0.39851,-1.25912]},"85s":{"weight":1.0,"played":[1.0,0.0,0.0],"evs":[0.0,-0.08996,-0.76074]},"86s":{"weight":1.0,"played":[0.0074,0.9926,0.0],"evs":[0.0,0.06161,-0.52941]},"87s":{"weight":1.0,"played":[0.0,1.0,0.0],"evs":[0.0,0.17739,-0.27754]},"88":{"weight":1.0,"played":[0.0,2.0E-4,0.9998],"evs":[0.0,1.32799,1.72357]},"98o":{"weight":1.0,"played":[1.0,0.0,0.0],"evs":[0.0,-0.33125,-1.11276]},"T8o":{"weight":1.0,"played":[1.0,0.0,0.0],"evs":[0.0,-0.35785,-1.29264]},"J8o":{"weight":1.0,"played":[1.0,0.0,0.0],"evs":[0.0,-0.57436,-1.72274]},"Q8o":{"weight":1.0,"played":[1.0,0.0,0.0],"evs":[0.0,-0.47824,-1.55135]},"K8o":{"weight":1.0,"played":[1.0,0.0,0.0],"evs":[0.0,-0.40307,-1.37282]},"A8o":{"weight":1.0,"played":[1.0E-4,0.7597,0.2402],"evs":[0.0,0.15303,0.15478]},"92s":{"weight":1.0,"played":[1.0,0.0,0.0],"evs":[0.0,-0.55932,-1.70441]},"93s":{"weight":1.0,"played":[1.0,0.0,0.0],"evs":[0.0,-0.52139,-1.60835]},"94s":{"weight":1.0,"played":[1.0,0.0,0.0],"evs":[0.0,-0.4881,-1.53403]},"95s":{"weight":1.0,"played":[1.0,0.0,0.0],"evs":[0.0,-0.27395,-1.09847]},"96s":{"weight":1.0,"played":[0.9438,0.0562,0.0],"evs":[0.0,-0.02342,-0.69037]},"97s":{"weight":1.0,"played":[0.5226,0.4774,0.0],"evs":[0.0,0.01268,-0.62787]},"98s":{"weight":1.0,"played":[0.0012,0.9987,0.0],"evs":[0.0,0.19697,-0.26048]},"99":{"weight":1.0,"played":[0.0,2.0E-4,0.9998],"evs":[0.0,1.65623,2.25044]},"T9o":{"weight":1.0,"played":[1.0,0.0,0.0],"evs":[0.0,-0.29793,-1.09059]},"J9o":{"weight":1.0,"played":[1.0,0.0,0.0],"evs":[0.0,-0.43331,-1.39626]},"Q9o":{"weight":1.0,"played":[1.0,0.0,0.0],"evs":[0.0,-0.30816,-1.21593]},"K9o":{"weight":1.0,"played":[1.0,0.0,0.0],"evs":[0.0,-0.27026,-0.99825]},"A9o":{"weight":1.0,"played":[0.0,0.006,0.994],"evs":[0.0,0.40469,0.52601]},"T2s":{"weight":1.0,"played":[1.0,0.0,0.0],"evs":[0.0,-0.51796,-1.69457]},"T3s":{"weight":1.0,"played":[1.0,0.0,0.0],"evs":[0.0,-0.50867,-1.62515]},"T4s":{"weight":1.0,"played":[1.0,0.0,0.0],"evs":[0.0,-0.50587,-1.56395]},"T5s":{"weight":1.0,"played":[1.0,0.0,0.0],"evs":[0.0,-0.41817,-1.39204]},"T6s":{"weight":1.0,"played":[1.0,0.0,0.0],"evs":[0.0,-0.22085,-1.03158]},"T7s":{"weight":1.0,"played":[0.9579,0.0421,0.0],"evs":[0.0,-0.06453,-0.71589]},"T8s":{"weight":1.0,"played":[0.0052,0.9947,0.0],"evs":[0.0,0.11436,-0.43276]},"T9s":{"weight":1.0,"played":[5.0E-4,0.9994,0.0],"evs":[0.0,0.22194,-0.25906]},"TT":{"weight":1.0,"played":[0.0,0.0,1.0],"evs":[0.0,2.29601,3.12304]},"JTo":{"weight":1.0,"played":[1.0,0.0,0.0],"evs":[0.0,-0.21755,-0.92989]},"QTo":{"weight":1.0,"played":[1.0,0.0,0.0],"evs":[0.0,-0.07892,-0.75572]},"KTo":{"weight":1.0,"played":[0.8436,0.1564,0.0],"evs":[0.0,-0.02383,-0.44236]},"ATo":{"weight":1.0,"played":[0.0,0.0,1.0],"evs":[0.0,0.86222,1.31258]},"J2s":{"weight":1.0,"played":[1.0,0.0,0.0],"evs":[0.0,-0.5669,-1.85211]},"J3s":{"weight":1.0,"played":[1.0,0.0,0.0],"evs":[0.0,-0.54402,-1.71814]},"J4s":{"weight":1.0,"played":[1.0,0.0,0.0],"evs":[0.0,-0.49939,-1.64555]},"J5s":{"weight":1.0,"played":[1.0,0.0,0.0],"evs":[0.0,-0.40949,-1.39596]},"J6s":{"weight":1.0,"played":[1.0,0.0,0.0],"evs":[0.0,-0.39587,-1.3759]},"J7s":{"weight":1.0,"played":[1.0,0.0,0.0],"evs":[0.0,-0.24236,-1.05081]},"J8s":{"weight":1.0,"played":[0.9992,8.0E-4,0.0],"evs":[0.0,-0.11227,-0.76586]},"J9s":{"weight":1.0,"played":[0.0175,0.9824,1.0E-4],"evs":[0.0,0.08969,-0.55181]},"JTs":{"weight":1.0,"played":[0.0024,0.9976,0.0],"evs":[0.0,0.25982,-0.19628]},"JJ":{"weight":1.0,"played":[0.0,0.0,1.0],"evs":[0.0,3.20453,4.34004]},"QJo":{"weight":1.0,"played":[0.0666,0.9334,0.0],"evs":[0.0,0.06113,-0.55441]},"KJo":{"weight":1.0,"played":[0.0,1.0,0.0],"evs":[0.0,0.26444,0.02162]},"AJo":{"weight":1.0,"played":[0.0,0.0,1.0],"evs":[0.0,1.32432,2.01841]},"Q2s":{"weight":1.0,"played":[1.0,0.0,0.0],"evs":[0.0,-0.35241,-1.35307]},"Q3s":{"weight":1.0,"played":[1.0,0.0,0.0],"evs":[0.0,-0.38005,-1.3543]},"Q4s":{"weight":1.0,"played":[0.9999,1.0E-4,0.0],"evs":[0.0,-0.28187,-1.25306]},"Q5s":{"weight":1.0,"played":[0.9999,1.0E-4,0.0],"evs":[0.0,-0.22606,-1.06378]},"Q6s":{"weight":1.0,"played":[0.9989,0.0011,0.0],"evs":[0.0,-0.17467,-0.94593]},"Q7s":{"weight":1.0,"played":[0.9993,7.0E-4,0.0],"evs":[0.0,-0.11261,-0.95284]},"Q8s":{"weight":1.0,"played":[0.1475,0.8525,0.0],"evs":[0.0,0.01794,-0.64377]},"Q9s":{"weight":1.0,"played":[0.0042,0.9958,0.0],"evs":[0.0,0.23595,-0.34589]},"QTs":{"weight":1.0,"played":[0.0,0.9994,6.0E-4],"evs":[0.0,0.43363,-0.01698]},"QJs":{"weight":1.0,"played":[3.0E-4,0.9995,2.0E-4],"evs":[0.0,0.56598,0.25358]},"QQ":{"weight":1.0,"played":[0.0,0.0,1.0],"evs":[0.0,4.40054,5.7297]},"KQo":{"weight":1.0,"played":[0.0,0.0011,0.9989],"evs":[0.0,0.74172,0.84887]},"AQo":{"weight":1.0,"played":[0.0,0.0,1.0],"evs":[0.0,1.69441,2.46151]},"K2s":{"weight":1.0,"played":[1.0,0.0,0.0],"evs":[0.0,-0.23183,-1.06482]},"K3s":{"weight":1.0,"played":[1.0,0.0,0.0],"evs":[0.0,-0.15068,-0.95028]},"K4s":{"weight":1.0,"played":[1.0,0.0,0.0],"evs":[0.0,-0.11686,-0.86575]},"K5s":{"weight":1.0,"played":[0.2652,0.7348,0.0],"evs":[0.0,-0.01909,-0.69182]},"K6s":{"weight":1.0,"played":[0.0143,0.9857,0.0],"evs":[0.0,0.01106,-0.58883]},"K7s":{"weight":1.0,"played":[0.0561,0.9439,0.0],"evs":[0.0,0.07001,-0.55426]},"K8s":{"weight":1.0,"played":[0.033,0.967,0.0],"evs":[0.0,0.08831,-0.51202]},"K9s":{"weight":1.0,"played":[8.0E-4,0.9992,0.0],"evs":[0.0,0.27736,-0.13651]},"KTs":{"weight":1.0,"played":[1.0E-4,0.9993,6.0E-4],"evs":[0.0,0.57323,0.37105]},"KJs":{"weight":1.0,"played":[0.0,0.3216,0.6784],"evs":[0.0,0.89878,0.90308]},"KQs":{"weight":1.0,"played":[0.0,0.0,1.0],"evs":[0.0,1.34469,1.61732]},"KK":{"weight":1.0,"played":[0.0,0.0,1.0],"evs":[0.0,5.61445,7.20398]},"AKo":{"weight":1.0,"played":[0.0,0.0,1.0],"evs":[0.0,2.26954,3.22975]},"A2s":{"weight":1.0,"played":[3.0E-4,0.9997,0.0],"evs":[0.0,0.29184,0.09098]},"A3s":{"weight":1.0,"played":[1.0E-4,0.9961,0.0038],"evs":[0.0,0.38097,0.21404]},"A4s":{"weight":1.0,"played":[0.0,0.9998,2.0E-4],"evs":[0.0,0.47234,0.36556]},"A5s":{"weight":1.0,"played":[0.0,0.9929,0.007],"evs":[0.0,0.61748,0.58666]},"A6s":{"weight":1.0,"played":[0.0,0.9978,0.0022],"evs":[0.0,0.5297,0.46568]},"A7s":{"weight":1.0,"played":[0.0,0.2731,0.7269],"evs":[0.0,0.64068,0.67198]},"A8s":{"weight":1.0,"played":[0.0,3.0E-4,0.9997],"evs":[0.0,0.86071,1.06201]},"A9s":{"weight":1.0,"played":[0.0,0.0,1.0],"evs":[0.0,1.09167,1.37892]},"ATs":{"weight":1.0,"played":[0.0,0.0,1.0],"evs":[0.0,1.56477,2.19285]},"AJs":{"weight":1.0,"played":[0.0,0.0,1.0],"evs":[0.0,1.96717,2.79219]},"AQs":{"weight":1.0,"played":[0.0,0.0,1.0],"evs":[0.0,2.34268,3.25381]},"AKs":{"weight":1.0,"played":[0.0,0.0,1.0],"evs":[0.0,2.90881,3.9728]},"AA":{"weight":1.0,"played":[0.0,0.0,1.0],"evs":[0.0,8.05206,10.1674]}}}