{"player":0,"street":0,"children":3,"sequence":[{"player":0,"type":"R","amount":200000,"street":0},{"player":1,"type":"F","amount":0,"street":0},{"player":2,"type":"F","amount":0,"street":0},{"player":3,"type":"C","amount":200000,"street":0},{"player":4,"type":"F","amount":0,"street":0},{"player":5,"type":"R","amount":815000,"street":0}],"actions":[{"type":"F","amount":0,"node":210},{"type":"C","amount":615000,"node":211},{"type":"R","amount":1215000,"node":213}],"hands":{"22":{"weight":0.0,"played":[0.0,0.399,0.601],"evs":[0.0,1.86674,1.89252]},"32o":{"weight":0.0,"played":[1.0,0.0,0.0],"evs":[0.0,-1.82301,-1.87217]},"42o":{"weight":0.0,"played":[1.0,0.0,0.0],"evs":[0.0,-1.60895,-1.65807]},"52o":{"weight":0.0,"played":[1.0,0.0,0.0],"evs":[0.0,-1.34671,-1.38423]},"62o":{"weight":0.0,"played":[1.0,0.0,0.0],"evs":[0.0,-1.68918,-1.74262]},"72o":{"weight":0.0,"played":[1.0,0.0,0.0],"evs":[0.0,-2.09102,-2.11489]},"82o":{"weight":0.0,"played":[1.0,0.0,0.0],"evs":[0.0,-1.80896,-1.85582]},"92o":{"weight":0.0,"played":[1.0,0.0,0.0],"evs":[0.0,-2.17912,-2.22758]},"T2o":{"weight":0.0,"played":[1.0,0.0,0.0],"evs":[0.0,-2.04365,-2.07484]},"J2o":{"weight":0.0,"played":[1.0,0.0,0.0],"evs":[0.0,-2.253,-2.24483]},"Q2o":{"weight":0.0,"played":[1.0,0.0,0.0],"evs":[0.0,-1.38755,-1.39459]},"K2o":{"weight":0.0,"played":[0.9999,0.0,0.0],"evs":[0.0,-0.82738,-0.83482]},"A2o":{"weight":0.0,"played":[1.0E-4,1.0E-4,0.9998],"evs":[0.0,0.68133,0.68994]},"32s":{"weight":0.0,"played":[0.9983,0.0012,6.0E-4],"evs":[0.0,-0.52175,-0.59003]},"33":{"weight":0.3456,"played":[0.0,0.5698,0.4302],"evs":[0.0,1.75049,1.75272]},"43o":{"weight":0.0,"played":[1.0,0.0,0.0],"evs":[0.0,-1.18247,-1.26287]},"53o":{"weight":0.0,"played":[1.0,0.0,0.0],"evs":[0.0,-0.83257,-0.85881]},"63o":{"weight":0.0,"played":[0.9999,0.0,1.0E-4],"evs":[0.0,-1.17196,-1.19733]},"73o":{"weight":0.0,"played":[1.0,0.0,0.0],"evs":[0.0,-1.6327,-1.68492]},"83o":{"weight":0.0,"played":[1.0,0.0,0.0],"evs":[0.0,-1.90297,-1.92918]},"93o":{"weight":0.0,"played":[1.0,0.0,0.0],"evs":[0.0,-2.24086,-2.27562]},"T3o":{"weight":0.0,"played":[1.0,0.0,0.0],"evs":[0.0,-1.99546,-2.01522]},"J3o":{"weight":0.0,"played":[1.0,0.0,0.0],"evs":[0.0,-2.16743,-2.19154]},"Q3o":{"weight":0.0,"played":[1.0,0.0,0.0],"evs":[0.0,-1.41745,-1.43639]},"K3o":{"weight":0.0,"played":[1.0,0.0,0.0],"evs":[0.0,-0.64818,-0.63217]},"A3o":{"weight":0.0,"played":[1.0E-4,0.2672,0.7327],"evs":[0.0,0.94733,0.93219]},"42s":{"weight":0.0,"played":[0.9908,0.0086,6.0E-4],"evs":[0.0,-0.49247,-0.56425]},"43s":{"weight":0.0,"played":[0.7742,0.1683,0.0575],"evs":[0.0,0.03686,-0.03536]},"44":{"weight":1.0,"played":[1.0E-4,0.2499,0.75],"evs":[0.0,2.73184,2.78394]},"54o":{"weight":0.0,"played":[0.9996,3.0E-4,1.0E-4],"evs":[0.0,-0.18982,-0.23387]},"64o":{"weight":0.0,"played":[1.0,0.0,0.0],"evs":[0.0,-0.53436,-0.58077]},"74o":{"weight":0.0,"played":[1.0,0.0,0.0],"evs":[0.0,-1.07239,-1.11393]},"84o":{"weight":0.0,"played":[1.0,0.0,0.0],"evs":[0.0,-1.27816,-1.30816]},"94o":{"weight":0.0,"played":[1.0,0.0,0.0],"evs":[0.0,-2.0374,-2.10046]},"T4o":{"weight":0.0,"played":[1.0,0.0,0.0],"evs":[0.0,-1.84479,-1.87881]},"J4o":{"weight":0.0,"played":[1.0,0.0,0.0],"evs":[0.0,-1.88236,-1.88861]},"Q4o":{"weight":0.0,"played":[1.0,0.0,0.0],"evs":[0.0,-1.15117,-1.17365]},"K4o":{"weight":0.0,"played":[0.9998,1.0E-4,1.0E-4],"evs":[0.0,-0.54512,-0.58012]},"A4o":{"weight":0.0,"played":[0.0,0.012,0.988],"evs":[0.0,1.11533,1.11755]},"52s":{"weight":0.0,"played":[0.1054,0.6873,0.2073],"evs":[0.0,-0.01675,-0.02445]},"53s":{"weight":0.0,"played":[1.0E-4,0.9095,0.0905],"evs":[0.0,0.22951,0.17402]},"54s":{"weight":0.0,"played":[0.0,0.7906,0.2094],"evs":[0.0,1.13624,1.11776]},"55":{"weight":1.0,"played":[0.0,0.0061,0.9939],"evs":[0.0,3.47135,3.56465]},"65o":{"weight":0.0,"played":[0.331,0.3912,0.2778],"evs":[0.0,-0.00858,-0.00672]},"75o":{"weight":0.0,"played":[0.9904,0.0048,0.0047],"evs":[0.0,-0.31498,-0.31662]},"85o":{"weight":0.0,"played":[1.0,0.0,0.0],"evs":[0.0,-0.59542,-0.59073]},"95o":{"weight":0.0,"played":[1.0,0.0,0.0],"evs":[0.0,-1.4765,-1.47611]},"T5o":{"weight":0.0,"played":[1.0,0.0,0.0],"evs":[0.0,-1.52991,-1.53427]},"J5o":{"weight":0.0,"played":[1.0,0.0,0.0],"evs":[0.0,-1.61476,-1.58398]},"Q5o":{"weight":0.0,"played":[1.0,0.0,0.0],"evs":[0.0,-0.91077,-0.89221]},"K5o":{"weight":0.0,"played":[0.9985,4.0E-4,0.001],"evs":[0.0,-0.11477,-0.10901]},"A5o":{"weight":0.0,"played":[0.0,0.0084,0.9916],"evs":[0.0,1.46823,1.49851]},"62s":{"weight":0.0,"played":[0.9958,0.0036,7.0E-4],"evs":[0.0,-0.5568,-0.5558]},"63s":{"weight":0.0,"played":[0.6384,0.209,0.1526],"evs":[0.0,-0.0725,-0.1178]},"64s":{"weight":0.0,"played":[0.0078,0.845,0.1472],"evs":[0.0,0.68461,0.65402]},"65s":{"weight":0.0,"played":[0.0,0.5106,0.4894],"evs":[0.0,1.05034,1.04862]},"66":{"weight":0.9971,"played":[0.0,0.0029,0.9971],"evs":[0.0,4.14951,4.23974]},"76o":{"weight":0.0,"played":[0.0055,0.2429,0.7517],"evs":[0.0,0.08315,0.09816]},"86o":{"weight":0.0,"played":[0.6366,0.1749,0.1885],"evs":[0.0,-0.07675,-0.07655]},"96o":{"weight":0.0,"played":[1.0,0.0,0.0],"evs":[0.0,-0.73364,-0.73204]},"T6o":{"weight":0.0,"played":[1.0,0.0,0.0],"evs":[0.0,-0.88564,-0.87814]},"J6o":{"weight":0.0,"played":[1.0,0.0,0.0],"evs":[0.0,-1.50013,-1.47785]},"Q6o":{"weight":0.0,"played":[1.0,0.0,0.0],"evs":[0.0,-0.55847,-0.53667]},"K6o":{"weight":0.0,"played":[0.1127,0.1039,0.7834],"evs":[0.0,0.07813,0.09552]},"A6o":{"weight":0.0,"played":[0.0,7.0E-4,0.9992],"evs":[0.0,1.33512,1.37133]},"72s":{"weight":0.0,"played":[0.9999,0.0,0.0],"evs":[0.0,-0.86351,-0.85186]},"73s":{"weight":0.0,"played":[0.9963,0.0033,4.0E-4],"evs":[0.0,-0.27284,-0.26162]},"74s":{"weight":0.0,"played":[0.0037,0.589,0.4074],"evs":[0.0,0.21286,0.18767]},"75s":{"weight":0.0,"played":[1.0E-4,0.2541,0.7458],"evs":[0.0,0.83359,0.82683]},"76s":{"weight":0.0,"played":[1.0E-4,0.0235,0.9764],"evs":[0.0,1.33478,1.3836]},"77":{"weight":0.9996,"played":[0.0,0.2533,0.7467],"evs":[0.0,4.48869,4.60674]},"87o":{"weight":0.0,"played":[0.001,0.6189,0.3801],"evs":[0.0,0.22258,0.243]},"97o":{"weight":0.0,"played":[0.9977,0.0013,9.0E-4],"evs":[0.0,-0.32921,-0.31943]},"T7o":{"weight":0.0,"played":[0.9988,0.001,3.0E-4],"evs":[0.0,-0.38969,-0.39517]},"J7o":{"weight":0.0,"played":[0.9999,1.0E-4,0.0],"evs":[0.0,-1.26957,-1.238]},"Q7o":{"weight":0.0,"played":[1.0,0.0,0.0],"evs":[0.0,-0.75032,-0.71684]},"K7o":{"weight":0.0,"played":[0.0479,0.2227,0.7293],"evs":[0.0,0.16744,0.20408]},"A7o":{"weight":0.999,"played":[0.0,0.0,1.0],"evs":[0.0,1.58781,1.63889]},"82s":{"weight":0.0,"played":[0.9999,1.0E-4,0.0],"evs":[0.0,-0.31269,-0.34632]},"83s":{"weight":0.0,"played":[0.9994,2.0E-4,4.0E-4],"evs":[0.0,-0.58471,-0.60338]},"84s":{"weight":0.0,"played":[0.062,0.641,0.297],"evs":[0.0,0.20533,0.16397]},"85s":{"weight":0.0,"played":[3.0E-4,0.0889,0.9108],"evs":[0.0,0.63177,0.66955]},"86s":{"weight":0.0,"played":[4.0E-4,0.762,0.2376],"evs":[0.0,1.22393,1.21902]},"87s":{"weight":0.0,"played":[0.0,0.6516,0.3484],"evs":[0.0,1.6673,1.68791]},"88":{"weight":1.0,"played":[0.0,0.1292,0.8708],"evs":[0.0,5.21332,5.30935]},"98o":{"weight":0.0,"played":[0.0459,0.4542,0.4999],"evs":[0.0,0.05681,0.07867]},"T8o":{"weight":0.0,"played":[0.3272,0.3731,0.2997],"evs":[0.0,0.00468,0.00145]},"J8o":{"weight":0.0,"played":[0.9999,1.0E-4,0.0],"evs":[0.0,-0.62145,-0.58058]},"Q8o":{"weight":0.0,"played":[0.9126,0.0107,0.0767],"evs":[0.0,-0.16241,-0.08992]},"K8o":{"weight":0.0,"played":[0.1127,0.0699,0.8174],"evs":[0.0,0.13588,0.15556]},"A8o":{"weight":1.0,"played":[0.0,0.0,1.0],"evs":[0.0,1.81804,1.87264]},"92s":{"weight":0.0,"played":[0.9987,6.0E-4,7.0E-4],"evs":[0.0,-0.63731,-0.67252]},"93s":{"weight":0.0,"played":[0.9999,1.0E-4,1.0E-4],"evs":[0.0,-1.07375,-1.07048]},"94s":{"weight":0.0,"played":[0.9678,0.0232,0.009],"evs":[0.0,-0.41197,-0.42706]},"95s":{"weight":0.0,"played":[0.3885,0.3917,0.2198],"evs":[0.0,0.0324,0.03855]},"96s":{"weight":0.0,"played":[0.0,0.2542,0.7458],"evs":[0.0,0.67442,0.68919]},"97s":{"weight":0.0,"played":[9.0E-4,0.5683,0.4308],"evs":[0.0,1.02395,1.03802]},"98s":{"weight":0.9994,"played":[1.0E-4,0.8072,0.1928],"evs":[0.0,1.34557,1.37077]},"99":{"weight":1.0,"played":[0.0,0.2536,0.7464],"evs":[0.0,5.90215,6.01583]},"T9o":{"weight":0.0,"played":[2.0E-4,0.7007,0.299],"evs":[0.0,0.01365,0.0491]},"J9o":{"weight":0.0,"played":[0.9959,0.0011,0.003],"evs":[0.0,-0.36808,-0.3075]},"Q9o":{"weight":0.0,"played":[0.0047,0.0044,0.9909],"evs":[0.0,0.03737,0.08027]},"K9o":{"weight":0.0,"played":[9.0E-4,0.0094,0.9897],"evs":[0.0,0.57027,0.58528]},"A9o":{"weight":1.0,"played":[0.0,0.094,0.906],"evs":[0.0,2.42226,2.48133]},"T2s":{"weight":0.0,"played":[0.9998,2.0E-4,1.0E-4],"evs":[0.0,-0.68069,-0.71488]},"T3s":{"weight":0.0,"played":[0.9984,0.0016,0.0],"evs":[0.0,-0.67313,-0.67818]},"T4s":{"weight":0.0,"played":[0.9814,0.0115,0.0071],"evs":[0.0,-0.38627,-0.38912]},"T5s":{"weight":0.0,"played":[0.9552,0.0284,0.0164],"evs":[0.0,-0.10184,-0.05604]},"T6s":{"weight":0.0,"played":[0.025,0.14,0.835],"evs":[0.0,0.37495,0.43725]},"T7s":{"weight":0.0,"played":[0.0,0.7312,0.2688],"evs":[0.0,0.81302,0.8362]},"T8s":{"weight":0.9977,"played":[1.0E-4,0.6902,0.3097],"evs":[0.0,1.17728,1.20544]},"T9s":{"weight":1.0,"played":[3.0E-4,0.3721,0.6276],"evs":[0.0,1.26697,1.30398]},"TT":{"weight":1.0,"played":[0.0,0.3662,0.6338],"evs":[0.0,7.26404,7.37716]},"JTo":{"weight":0.2511,"played":[0.001,0.0046,0.9943],"evs":[0.0,0.53486,0.56147]},"QTo":{"weight":0.9999,"played":[0.0,7.0E-4,0.9993],"evs":[0.0,1.03867,1.07606]},"KTo":{"weight":1.0,"played":[0.0,0.0135,0.9865],"evs":[0.0,1.57276,1.61151]},"ATo":{"weight":1.0,"played":[0.0,0.0041,0.9959],"evs":[0.0,3.89438,3.95948]},"J2s":{"weight":0.0,"played":[0.9999,0.0,1.0E-4],"evs":[0.0,-0.75586,-0.74412]},"J3s":{"weight":0.0,"played":[0.9983,9.0E-4,9.0E-4],"evs":[0.0,-0.92284,-0.89741]},"J4s":{"weight":0.0,"played":[0.9952,0.002,0.0028],"evs":[0.0,-0.88892,-0.9149]},"J5s":{"weight":0.0,"played":[0.9917,0.005,0.0033],"evs":[0.0,-0.27879,-0.28385]},"J6s":{"weight":0.0,"played":[0.4961,0.1444,0.3595],"evs":[0.0,-0.09956,-0.05424]},"J7s":{"weight":0.0,"played":[0.001,0.0065,0.9925],"evs":[0.0,0.24021,0.27052]},"J8s":{"weight":0.0,"played":[0.0,0.0146,0.9854],"evs":[0.0,0.6378,0.69484]},"J9s":{"weight":1.0,"played":[1.0E-4,0.0024,0.9976],"evs":[0.0,0.89658,0.94446]},"JTs":{"weight":0.9999,"played":[0.0,0.2899,0.7101],"evs":[0.0,1.67494,1.72983]},"JJ":{"weight":1.0,"played":[0.0,0.0669,0.9331],"evs":[0.0,9.26796,9.39671]},"QJo":{"weight":1.0,"played":[0.0,0.0025,0.9975],"evs":[0.0,1.1434,1.19906]},"KJo":{"weight":1.0,"played":[0.0,0.0017,0.9983],"evs":[0.0,2.29402,2.33897]},"AJo":{"weight":0.9974,"played":[0.0,0.0019,0.9981],"evs":[0.0,5.35544,5.43533]},"Q2s":{"weight":0.0,"played":[0.7504,0.0976,0.152],"evs":[0.0,-0.19735,-0.15764]},"Q3s":{"weight":0.0,"played":[0.9474,0.0113,0.0413],"evs":[0.0,-0.16024,-0.16538]},"Q4s":{"weight":0.0,"played":[0.2511,0.2695,0.4794],"evs":[0.0,0.08488,0.10045]},"Q5s":{"weight":0.0,"played":[8.0E-4,0.028,0.9712],"evs":[0.0,0.5766,0.62992]},"Q6s":{"weight":0.0,"played":[8.0E-4,0.0025,0.9967],"evs":[0.0,0.70718,0.76175]},"Q7s":{"weight":0.0,"played":[4.0E-4,0.0651,0.9345],"evs":[0.0,0.61001,0.65824]},"Q8s":{"weight":0.7977,"played":[0.0,0.0035,0.9965],"evs":[0.0,1.37023,1.41086]},"Q9s":{"weight":1.0,"played":[0.0,0.0024,0.9975],"evs":[0.0,1.37457,1.46279]},"QTs":{"weight":1.0,"played":[0.0,0.171,0.829],"evs":[0.0,2.33571,2.39159]},"QJs":{"weight":1.0,"played":[0.0,0.0,1.0],"evs":[0.0,2.29746,2.33655]},"QQ":{"weight":1.0,"played":[0.0,0.0258,0.9742],"evs":[0.0,11.37209,11.47675]},"KQo":{"weight":0.9992,"played":[0.0,0.0484,0.9516],"evs":[0.0,3.7846,3.8041]},"AQo":{"weight":0.9994,"played":[0.0,0.2,0.8],"evs":[0.0,6.25294,6.31961]},"K2s":{"weight":0.0,"played":[0.0058,0.4193,0.575],"evs":[0.0,0.75924,0.73857]},"K3s":{"weight":0.0,"played":[0.0041,0.2532,0.7427],"evs":[0.0,0.69879,0.72766]},"K4s":{"weight":0.0,"played":[0.001,0.0737,0.9253],"evs":[0.0,1.12211,1.13193]},"K5s":{"weight":0.0,"played":[0.0,0.0012,0.9988],"evs":[0.0,1.44822,1.46141]},"K6s":{"weight":0.0,"played":[0.0,0.0057,0.9943],"evs":[0.0,1.46089,1.48375]},"K7s":{"weight":0.735,"played":[0.0,0.0381,0.9619],"evs":[0.0,1.43205,1.46648]},"K8s":{"weight":1.0,"played":[1.0E-4,0.4193,0.5807],"evs":[0.0,1.61559,1.64406]},"K9s":{"weight":1.0,"played":[0.0,0.499,0.501],"evs":[0.0,1.81347,1.82621]},"KTs":{"weight":0.9992,"played":[0.0,0.0653,0.9347],"evs":[0.0,2.82421,2.868]},"KJs":{"weight":1.0,"played":[0.0,0.0292,0.9708],"evs":[0.0,3.42761,3.51382]},"KQs":{"weight":0.9999,"played":[0.0,0.001,0.999],"evs":[0.0,4.82683,4.86028]},"KK":{"weight":1.0,"played":[0.0,0.0083,0.9917],"evs":[0.0,13.56147,13.70197]},"AKo":{"weight":1.0,"played":[0.0,0.0398,0.9602],"evs":[0.0,7.53341,7.61268]},"A2s":{"weight":1.0,"played":[0.0,0.6321,0.3679],"evs":[0.0,2.16019,2.14831]},"A3s":{"weight":1.0,"played":[0.0,0.2729,0.7271],"evs":[0.0,2.07172,2.06713]},"A4s":{"weight":1.0,"played":[0.0,0.0,1.0],"evs":[0.0,2.54238,2.54956]},"A5s":{"weight":1.0,"played":[0.0,0.0458,0.9542],"evs":[0.0,2.97501,2.98119]},"A6s":{"weight":1.0,"played":[0.0,0.0052,0.9948],"evs":[0.0,2.49654,2.53194]},"A7s":{"weight":1.0,"played":[0.0,0.2913,0.7087],"evs":[0.0,2.80385,2.82188]},"A8s":{"weight":1.0,"played":[0.0,0.0983,0.9017],"evs":[0.0,3.20739,3.26343]},"A9s":{"weight":1.0,"played":[0.0,0.4344,0.5656],"evs":[0.0,3.7433,3.79464]},"ATs":{"weight":1.0,"played":[0.0,0.0334,0.9666],"evs":[0.0,5.21393,5.27555]},"AJs":{"weight":1.0,"played":[0.0,0.0819,0.9181],"evs":[0.0,6.24367,6.322]},"AQs":{"weight":1.0,"played":[0.0,0.3713,0.6287],"evs":[0.0,7.38418,7.45522]},"AKs":{"weight":1.0,"played":[0.0,0.4394,0.5606],"evs":[0.0,8.56713,8.62048]},"AA":{"weight":1.0,"played":[0.0,0.2135,0.7865],"evs":[0.0,18.14079,18.22967]}}}