{"player":3,"street":0,"children":2,"sequence":[{"player":0,"type":"R","amount":200000,"street":0},{"player":1,"type":"F","amount":0,"street":0},{"player":2,"type":"F","amount":0,"street":0},{"player":3,"type":"C","amount":200000,"street":0},{"player":4,"type":"F","amount":0,"street":0},{"player":5,"type":"R","amount":815000,"street":0},{"player":0,"type":"F","amount":0,"street":0}],"actions":[{"type":"F","amount":0},{"type":"C","amount":615000}],"hands":{"22":{"weight":0.0,"played":[0.0091,0.9909],"evs":[0.0,3.43232]},"32o":{"weight":0.0,"played":[0.5087,0.4913],"evs":[0.0,-0.05359]},"42o":{"weight":0.0,"played":[0.9096,0.0904],"evs":[0.0,-0.56604]},"52o":{"weight":0.0,"played":[0.7474,0.2526],"evs":[0.0,-0.22391]},"62o":{"weight":0.0,"played":[0.5805,0.4195],"evs":[0.0,-1.05256]},"72o":{"weight":0.0,"played":[0.9878,0.0122],"evs":[0.0,-1.46847]},"82o":{"weight":0.0,"played":[0.9935,0.0065],"evs":[0.0,-0.5245]},"92o":{"weight":0.0,"played":[0.2916,0.7084],"evs":[0.0,1.1266]},"T2o":{"weight":0.0,"played":[0.1382,0.8618],"evs":[0.0,0.23127]},"J2o":{"weight":0.0,"played":[0.7525,0.2475],"evs":[0.0,-0.54217]},"Q2o":{"weight":0.0,"played":[6.0E-4,0.9994],"evs":[0.0,0.73141]},"K2o":{"weight":0.0,"played":[0.0208,0.9792],"evs":[0.0,1.20452]},"A2o":{"weight":0.0,"played":[0.5219,0.4781],"evs":[0.0,0.38572]},"32s":{"weight":0.0,"played":[0.999,0.001],"evs":[0.0,-1.50691]},"33":{"weight":0.0,"played":[9.0E-4,0.9991],"evs":[0.0,2.39886]},"43o":{"weight":0.0,"played":[0.25,0.75],"evs":[0.0,0.51565]},"53o":{"weight":0.0,"played":[0.2632,0.7368],"evs":[0.0,-0.15731]},"63o":{"weight":0.0,"played":[0.3191,0.6809],"evs":[0.0,-0.36484]},"73o":{"weight":0.0,"played":[0.7754,0.2246],"evs":[0.0,-1.36385]},"83o":{"weight":0.0,"played":[0.8824,0.1176],"evs":[0.0,-1.83698]},"93o":{"weight":0.0,"played":[0.4604,0.5396],"evs":[0.0,-0.37311]},"T3o":{"weight":0.0,"played":[0.8344,0.1656],"evs":[0.0,0.70938]},"J3o":{"weight":0.0,"played":[0.002,0.998],"evs":[0.0,0.48769]},"Q3o":{"weight":0.0,"played":[0.2739,0.7261],"evs":[0.0,-0.34172]},"K3o":{"weight":0.0,"played":[0.0011,0.9989],"evs":[0.0,0.37166]},"A3o":{"weight":0.0,"played":[2.0E-4,0.9998],"evs":[0.0,2.70915]},"42s":{"weight":0.0,"played":[0.1019,0.8981],"evs":[0.0,1.2123]},"43s":{"weight":0.0,"played":[0.0673,0.9327],"evs":[0.0,2.152]},"44":{"weight":1.0,"played":[0.029,0.971],"evs":[0.0,2.03486]},"54o":{"weight":0.0,"played":[0.6374,0.3626],"evs":[0.0,0.73424]},"64o":{"weight":0.0,"played":[0.7979,0.2021],"evs":[0.0,0.62531]},"74o":{"weight":0.0,"played":[0.7035,0.2965],"evs":[0.0,-0.88319]},"84o":{"weight":0.0,"played":[0.2652,0.7348],"evs":[0.0,-0.03556]},"94o":{"weight":0.0,"played":[0.6726,0.3274],"evs":[0.0,0.24866]},"T4o":{"weight":0.0,"played":[0.8546,0.1454],"evs":[0.0,-1.75407]},"J4o":{"weight":0.0,"played":[0.0095,0.9905],"evs":[0.0,1.5307]},"Q4o":{"weight":0.0,"played":[0.8149,0.1851],"evs":[0.0,-1.45471]},"K4o":{"weight":0.0,"played":[0.1517,0.8483],"evs":[0.0,1.24531]},"A4o":{"weight":0.0,"played":[0.108,0.892],"evs":[0.0,0.85101]},"52s":{"weight":0.0,"played":[0.001,0.999],"evs":[0.0,2.27578]},"53s":{"weight":0.0,"played":[0.5794,0.4206],"evs":[0.0,0.44751]},"54s":{"weight":0.0,"played":[0.8295,0.1705],"evs":[0.0,-0.90183]},"55":{"weight":0.5335,"played":[0.0029,0.9971],"evs":[0.0,3.46737]},"65o":{"weight":0.0,"played":[0.3658,0.6342],"evs":[0.0,-0.36282]},"75o":{"weight":0.0,"played":[0.0685,0.9315],"evs":[0.0,0.91361]},"85o":{"weight":0.0,"played":[0.0391,0.9609],"evs":[0.0,1.53123]},"95o":{"weight":0.0,"played":[0.2454,0.7546],"evs":[0.0,1.18619]},"T5o":{"weight":0.0,"played":[0.7887,0.2113],"evs":[0.0,0.03935]},"J5o":{"weight":0.0,"played":[0.0104,0.9896],"evs":[0.0,1.1477]},"Q5o":{"weight":0.0,"played":[0.0209,0.9791],"evs":[0.0,1.41678]},"K5o":{"weight":0.0,"played":[0.0529,0.9471],"evs":[0.0,1.19798]},"A5o":{"weight":0.0,"played":[0.1185,0.8815],"evs":[0.0,1.33767]},"62s":{"weight":0.0,"played":[0.3413,0.6587],"evs":[0.0,2.04226]},"63s":{"weight":0.0,"played":[2.0E-4,0.9998],"evs":[0.0,3.20757]},"64s":{"weight":0.0,"played":[0.3977,0.6023],"evs":[0.0,-0.05586]},"65s":{"weight":0.0,"played":[0.0191,0.9809],"evs":[0.0,2.00533]},"66":{"weight":7.0E-4,"played":[0.0029,0.9971],"evs":[0.0,4.47218]},"76o":{"weight":0.0,"played":[0.4548,0.5452],"evs":[0.0,-0.59571]},"86o":{"weight":0.0,"played":[0.172,0.828],"evs":[0.0,0.09495]},"96o":{"weight":0.0,"played":[0.0098,0.9902],"evs":[0.0,1.26167]},"T6o":{"weight":0.0,"played":[0.8978,0.1022],"evs":[0.0,0.1569]},"J6o":{"weight":0.0,"played":[0.0954,0.9046],"evs":[0.0,0.22143]},"Q6o":{"weight":0.0,"played":[0.0106,0.9894],"evs":[0.0,0.77496]},"K6o":{"weight":0.0,"played":[0.0014,0.9986],"evs":[0.0,3.89847]},"A6o":{"weight":0.0,"played":[0.7313,0.2687],"evs":[0.0,-0.93938]},"72s":{"weight":0.0,"played":[0.6069,0.3931],"evs":[0.0,0.22145]},"73s":{"weight":0.0,"played":[0.4144,0.5856],"evs":[0.0,-0.76204]},"74s":{"weight":0.0,"played":[0.1107,0.8893],"evs":[0.0,1.5637]},"75s":{"weight":0.0,"played":[0.0468,0.9532],"evs":[0.0,1.93864]},"76s":{"weight":0.0,"played":[0.1309,0.8691],"evs":[0.0,2.26392]},"77":{"weight":1.0E-4,"played":[0.0,1.0],"evs":[0.0,2.75466]},"87o":{"weight":0.0,"played":[0.0289,0.9711],"evs":[0.0,1.98441]},"97o":{"weight":0.0,"played":[0.1154,0.8846],"evs":[0.0,0.47007]},"T7o":{"weight":0.0,"played":[0.3524,0.6476],"evs":[0.0,-0.72173]},"J7o":{"weight":0.0,"played":[0.2037,0.7963],"evs":[0.0,-0.24965]},"Q7o":{"weight":0.0,"played":[0.0057,0.9943],"evs":[0.0,0.9247]},"K7o":{"weight":0.0,"played":[0.0012,0.9988],"evs":[0.0,0.52083]},"A7o":{"weight":0.0,"played":[0.0147,0.9853],"evs":[0.0,1.15769]},"82s":{"weight":0.0,"played":[0.0301,0.9699],"evs":[0.0,2.20193]},"83s":{"weight":0.0,"played":[0.8055,0.1945],"evs":[0.0,-1.26373]},"84s":{"weight":0.0,"played":[0.0126,0.9874],"evs":[0.0,4.05903]},"85s":{"weight":0.0,"played":[0.1878,0.8122],"evs":[0.0,3.91963]},"86s":{"weight":0.0,"played":[0.3689,0.6311],"evs":[0.0,0.88383]},"87s":{"weight":0.0,"played":[0.0,1.0],"evs":[0.0,1.35766]},"88":{"weight":0.0,"played":[0.0,1.0],"evs":[0.0,5.75785]},"98o":{"weight":0.0,"played":[0.9173,0.0827],"evs":[0.0,-0.2668]},"T8o":{"weight":0.0,"played":[0.0074,0.9926],"evs":[0.0,2.98178]},"J8o":{"weight":0.0,"played":[0.1128,0.8872],"evs":[0.0,0.76022]},"Q8o":{"weight":0.0,"played":[0.0609,0.9391],"evs":[0.0,1.21137]},"K8o":{"weight":0.0,"played":[0.1202,0.8798],"evs":[0.0,-0.18041]},"A8o":{"weight":0.0,"played":[0.0562,0.9438],"evs":[0.0,1.72436]},"92s":{"weight":0.0,"played":[0.2126,0.7874],"evs":[0.0,-0.09224]},"93s":{"weight":0.0,"played":[0.6085,0.3915],"evs":[0.0,0.5891]},"94s":{"weight":0.0,"played":[0.472,0.528],"evs":[0.0,1.10714]},"95s":{"weight":0.0,"played":[0.5212,0.4788],"evs":[0.0,-0.37885]},"96s":{"weight":0.0,"played":[0.1529,0.8471],"evs":[0.0,-0.98442]},"97s":{"weight":0.0,"played":[0.1817,0.8183],"evs":[0.0,2.04492]},"98s":{"weight":0.0,"played":[0.0304,0.9696],"evs":[0.0,3.02494]},"99":{"weight":0.0,"played":[8.0E-4,0.9992],"evs":[0.0,3.67247]},"T9o":{"weight":0.0,"played":[0.5457,0.4543],"evs":[0.0,1.91575]},"J9o":{"weight":0.0,"played":[0.6878,0.3122],"evs":[0.0,-0.00279]},"Q9o":{"weight":0.0,"played":[0.0053,0.9947],"evs":[0.0,1.72357]},"K9o":{"weight":0.0,"played":[0.1966,0.8034],"evs":[0.0,1.06353]},"A9o":{"weight":9.0E-4,"played":[0.0,1.0],"evs":[0.0,1.8646]},"T2s":{"weight":0.0,"played":[0.0112,0.9888],"evs":[0.0,0.80157]},"T3s":{"weight":0.0,"played":[0.4654,0.5346],"evs":[0.0,1.21123]},"T4s":{"weight":0.0,"played":[0.1382,0.8618],"evs":[0.0,-0.67248]},"T5s":{"weight":0.0,"played":[0.2171,0.7829],"evs":[0.0,2.50125]},"T6s":{"weight":0.0,"played":[0.0999,0.9001],"evs":[0.0,3.86532]},"T7s":{"weight":0.0,"played":[0.5412,0.4588],"evs":[0.0,-0.6112]},"T8s":{"weight":0.0,"played":[0.0287,0.9713],"evs":[0.0,2.27993]},"T9s":{"weight":0.9997,"played":[0.0309,0.9691],"evs":[0.0,2.10327]},"TT":{"weight":0.0,"played":[0.0079,0.9921],"evs":[0.0,5.74029]},"JTo":{"weight":0.0,"played":[0.0079,0.9921],"evs":[0.0,2.63424]},"QTo":{"weight":0.0,"played":[0.239,0.761],"evs":[0.0,0.03571]},"KTo":{"weight":0.0,"played":[0.0027,0.9973],"evs":[0.0,0.83425]},"ATo":{"weight":0.0,"played":[0.0336,0.9664],"evs":[0.0,3.63935]},"J2s":{"weight":0.0,"played":[0.987,0.013],"evs":[0.0,-1.03911]},"J3s":{"weight":0.0,"played":[0.0062,0.9938],"evs":[0.0,3.2371]},"J4s":{"weight":0.0,"played":[0.0913,0.9087],"evs":[0.0,1.22539]},"J5s":{"weight":0.0,"played":[0.8669,0.1331],"evs":[0.0,-2.4086]},"J6s":{"weight":0.0,"played":[0.2097,0.7903],"evs":[0.0,5.16848]},"J7s":{"weight":0.0,"played":[0.3662,0.6338],"evs":[0.0,-0.60019]},"J8s":{"weight":0.0,"played":[0.0014,0.9986],"evs":[0.0,3.20415]},"J9s":{"weight":0.9962,"played":[0.032,0.968],"evs":[0.0,2.79936]},"JTs":{"weight":1.0,"played":[0.0077,0.9923],"evs":[0.0,4.06813]},"JJ":{"weight":0.0,"played":[0.0,1.0],"evs":[0.0,8.43637]},"QJo":{"weight":0.7311,"played":[0.07,0.93],"evs":[0.0,2.197]},"KJo":{"weight":1.0,"played":[5.0E-4,0.9995],"evs":[0.0,1.58665]},"AJo":{"weight":0.0,"played":[1.0E-4,0.9999],"evs":[0.0,3.3073]},"Q2s":{"weight":0.0,"played":[0.6024,0.3976],"evs":[0.0,1.85409]},"Q3s":{"weight":0.0,"played":[0.0832,0.9168],"evs":[0.0,1.02418]},"Q4s":{"weight":0.0,"played":[0.2008,0.7992],"evs":[0.0,0.81189]},"Q5s":{"weight":0.0,"played":[0.9468,0.0532],"evs":[0.0,-3.05808]},"Q6s":{"weight":0.0,"played":[0.0262,0.9738],"evs":[0.0,1.06347]},"Q7s":{"weight":0.0,"played":[0.2215,0.7785],"evs":[0.0,1.83861]},"Q8s":{"weight":0.0,"played":[0.0,1.0],"evs":[0.0,2.24913]},"Q9s":{"weight":0.981,"played":[0.0164,0.9836],"evs":[0.0,2.76289]},"QTs":{"weight":1.0,"played":[0.3396,0.6604],"evs":[0.0,1.0985]},"QJs":{"weight":1.0,"played":[0.0131,0.9869],"evs":[0.0,3.46045]},"QQ":{"weight":0.0,"played":[0.0,1.0],"evs":[0.0,10.31084]},"KQo":{"weight":0.0025,"played":[2.0E-4,0.9998],"evs":[0.0,2.1318]},"AQo":{"weight":0.0,"played":[0.0021,0.9979],"evs":[0.0,4.97944]},"K2s":{"weight":0.0,"played":[0.2635,0.7365],"evs":[0.0,1.75817]},"K3s":{"weight":0.0,"played":[0.6792,0.3208],"evs":[0.0,0.32203]},"K4s":{"weight":0.0,"played":[0.7589,0.2411],"evs":[0.0,-0.05288]},"K5s":{"weight":0.0,"played":[0.1237,0.8763],"evs":[0.0,0.27043]},"K6s":{"weight":0.0,"played":[0.4124,0.5876],"evs":[0.0,1.08452]},"K7s":{"weight":0.0,"played":[0.0902,0.9098],"evs":[0.0,2.83872]},"K8s":{"weight":0.0,"played":[0.0162,0.9838],"evs":[0.0,0.3233]},"K9s":{"weight":1.0,"played":[0.0373,0.9627],"evs":[0.0,1.52065]},"KTs":{"weight":1.0,"played":[0.0066,0.9934],"evs":[0.0,2.48328]},"KJs":{"weight":1.0,"played":[0.0085,0.9915],"evs":[0.0,2.05234]},"KQs":{"weight":0.3752,"played":[0.0249,0.9751],"evs":[0.0,2.66978]},"KK":{"weight":0.0,"played":[0.0,1.0],"evs":[0.0,10.10403]},"AKo":{"weight":0.0,"played":[0.0015,0.9985],"evs":[0.0,5.90433]},"A2s":{"weight":3.0E-4,"played":[0.0,1.0],"evs":[0.0,1.48707]},"A3s":{"weight":0.999,"played":[6.0E-4,0.9994],"evs":[0.0,3.97072]},"A4s":{"weight":0.9999,"played":[0.0,1.0],"evs":[0.0,2.9517]},"A5s":{"weight":0.9994,"played":[0.0932,0.9068],"evs":[0.0,1.29811]},"A6s":{"weight":0.9329,"played":[0.0493,0.9507],"evs":[0.0,1.46648]},"A7s":{"weight":0.9853,"played":[0.0041,0.9959],"evs":[0.0,0.9174]},"A8s":{"weight":0.5177,"played":[0.0211,0.9789],"evs":[0.0,3.3973]},"A9s":{"weight":0.0022,"played":[0.0036,0.9964],"evs":[0.0,3.76769]},"ATs":{"weight":3.0E-4,"played":[0.0,1.0],"evs":[0.0,1.04228]},"AJs":{"weight":0.0,"played":[0.0427,0.9573],"evs":[0.0,4.03918]},"AQs":{"weight":0.0,"played":[0.0482,0.9518],"evs":[0.0,4.43254]},"AKs":{"weight":0.0,"played":[0.0027,0.9973],"evs":[0.0,7.49177]},"AA":{"weight":0.6487,"played":[3.0E-4,0.9997],"evs":[0.0,12.93259]}}}