{"player":0,"street":0,"children":2,"sequence":[{"player":0,"type":"R","amount":200000,"street":0},{"player":1,"type":"F","amount":0,"street":0},{"player":2,"type":"F","amount":0,"street":0},{"player":3,"type":"C","amount":200000,"street":0},{"player":4,"type":"F","amount":0,"street":0},{"player":5,"type":"R","amount":815000,"street":0},{"player":0,"type":"C","amount":615000,"street":0},{"player":3,"type":"R","amount":1215000,"street":0}],"actions":[{"type":"F","amount":0},{"type":"C","amount":400000}],"hands":{"22":{"weight":0.0,"played":[0.0,1.0],"evs":[0.0,7.82225]},"32o":{"weight":0.0,"played":[0.0,1.0],"evs":[0.0,4.04782]},"42o":{"weight":0.0,"played":[0.0,1.0],"evs":[0.0,4.43321]},"52o":{"weight":0.0,"played":[0.0,1.0],"evs":[0.0,4.61278]},"62o":{"weight":0.0,"played":[0.0,1.0],"evs":[0.0,4.31342]},"72o":{"weight":0.0,"played":[0.0,1.0],"evs":[0.0,3.86968]},"82o":{"weight":0.0,"played":[0.0,1.0],"evs":[0.0,4.18319]},"92o":{"weight":0.0,"played":[0.0,1.0],"evs":[0.0,3.77487]},"T2o":{"weight":0.0,"played":[0.0,1.0],"evs":[0.0,3.78899]},"J2o":{"weight":0.0,"played":[0.0,1.0],"evs":[0.0,3.5132]},"Q2o":{"weight":0.0,"played":[0.0,1.0],"evs":[0.0,4.38575]},"K2o":{"weight":0.0,"played":[0.0,1.0],"evs":[0.0,5.10088]},"A2o":{"weight":0.0,"played":[0.0,1.0],"evs":[0.0,6.84603]},"32s":{"weight":0.0,"played":[0.0,1.0],"evs":[0.0,5.54386]},"33":{"weight":0.1969,"played":[0.0,1.0],"evs":[0.0,7.75482]},"43o":{"weight":0.0,"played":[0.0,1.0],"evs":[0.0,4.68563]},"53o":{"weight":0.0,"played":[0.0,1.0],"evs":[0.0,5.19984]},"63o":{"weight":0.0,"played":[0.0,1.0],"evs":[0.0,4.71799]},"73o":{"weight":0.0,"played":[0.0,1.0],"evs":[0.0,4.34623]},"83o":{"weight":0.0,"played":[0.0,1.0],"evs":[0.0,4.12442]},"93o":{"weight":0.0,"played":[0.0,1.0],"evs":[0.0,3.81241]},"T3o":{"weight":0.0,"played":[0.0,1.0],"evs":[0.0,3.90819]},"J3o":{"weight":0.0,"played":[0.0,1.0],"evs":[0.0,3.76291]},"Q3o":{"weight":0.0,"played":[0.0,1.0],"evs":[0.0,4.57877]},"K3o":{"weight":0.0,"played":[0.0,1.0],"evs":[0.0,5.38471]},"A3o":{"weight":0.0,"played":[0.0,1.0],"evs":[0.0,7.13494]},"42s":{"weight":0.0,"played":[0.0,1.0],"evs":[0.0,5.27677]},"43s":{"weight":0.0,"played":[0.0,1.0],"evs":[0.0,6.156]},"44":{"weight":0.2499,"played":[0.0,1.0],"evs":[0.0,8.85617]},"54o":{"weight":0.0,"played":[0.0,1.0],"evs":[0.0,5.93313]},"64o":{"weight":0.0,"played":[0.0,1.0],"evs":[0.0,5.53196]},"74o":{"weight":0.0,"played":[0.0,1.0],"evs":[0.0,4.94892]},"84o":{"weight":0.0,"played":[0.0,1.0],"evs":[0.0,4.66503]},"94o":{"weight":0.0,"played":[0.0,1.0],"evs":[0.0,4.07998]},"T4o":{"weight":0.0,"played":[0.0,1.0],"evs":[0.0,4.16763]},"J4o":{"weight":0.0,"played":[0.0,1.0],"evs":[0.0,3.9761]},"Q4o":{"weight":0.0,"played":[0.0,1.0],"evs":[0.0,4.6316]},"K4o":{"weight":0.0,"played":[0.0,1.0],"evs":[0.0,5.43992]},"A4o":{"weight":0.0,"played":[0.0,1.0],"evs":[0.0,7.21819]},"52s":{"weight":0.0,"played":[0.0,1.0],"evs":[0.0,5.82638]},"53s":{"weight":0.0,"played":[0.0,1.0],"evs":[0.0,6.45304]},"54s":{"weight":0.0,"played":[0.0,1.0],"evs":[0.0,7.30945]},"55":{"weight":0.0061,"played":[0.0,1.0],"evs":[0.0,9.55708]},"65o":{"weight":0.0,"played":[0.0,1.0],"evs":[0.0,6.21545]},"75o":{"weight":0.0,"played":[0.0,1.0],"evs":[0.0,5.76557]},"85o":{"weight":0.0,"played":[0.0,1.0],"evs":[0.0,5.41647]},"95o":{"weight":0.0,"played":[0.0,1.0],"evs":[0.0,4.65515]},"T5o":{"weight":0.0,"played":[0.0,1.0],"evs":[0.0,4.38942]},"J5o":{"weight":0.0,"played":[0.0,1.0],"evs":[0.0,4.22006]},"Q5o":{"weight":0.0,"played":[0.0,1.0],"evs":[0.0,5.06832]},"K5o":{"weight":0.0,"played":[0.0,1.0],"evs":[0.0,5.89896]},"A5o":{"weight":0.0,"played":[0.0,1.0],"evs":[0.0,7.63362]},"62s":{"weight":0.0,"played":[0.0,1.0],"evs":[0.0,5.56198]},"63s":{"weight":0.0,"played":[0.0,1.0],"evs":[0.0,6.06421]},"64s":{"weight":0.0,"played":[0.0,1.0],"evs":[0.0,6.7456]},"65s":{"weight":0.0,"played":[0.0,1.0],"evs":[0.0,6.96125]},"66":{"weight":0.0029,"played":[0.0,1.0],"evs":[0.0,10.18635]},"76o":{"weight":0.0,"played":[0.0,1.0],"evs":[0.0,6.21593]},"86o":{"weight":0.0,"played":[0.0,1.0],"evs":[0.0,5.98009]},"96o":{"weight":0.0,"played":[0.0,1.0],"evs":[0.0,5.29229]},"T6o":{"weight":0.0,"played":[0.0,1.0],"evs":[0.0,5.04372]},"J6o":{"weight":0.0,"played":[0.0,1.0],"evs":[0.0,4.41002]},"Q6o":{"weight":0.0,"played":[0.0,1.0],"evs":[0.0,5.37253]},"K6o":{"weight":0.0,"played":[0.0,1.0],"evs":[0.0,6.23033]},"A6o":{"weight":0.0,"played":[0.0,1.0],"evs":[0.0,7.37018]},"72s":{"weight":0.0,"played":[0.0,1.0],"evs":[0.0,5.16155]},"73s":{"weight":0.0,"played":[0.0,1.0],"evs":[0.0,5.35771]},"74s":{"weight":0.0,"played":[0.0,1.0],"evs":[0.0,6.33418]},"75s":{"weight":0.0,"played":[0.0,1.0],"evs":[0.0,7.08009]},"76s":{"weight":0.0,"played":[0.0,1.0],"evs":[0.0,7.32222]},"77":{"weight":0.2532,"played":[0.0,1.0],"evs":[0.0,10.58538]},"87o":{"weight":0.0,"played":[0.0,1.0],"evs":[0.0,6.24905]},"97o":{"weight":0.0,"played":[0.0,1.0],"evs":[0.0,5.65249]},"T7o":{"weight":0.0,"played":[0.0,1.0],"evs":[0.0,5.41945]},"J7o":{"weight":0.0,"played":[0.0,1.0],"evs":[0.0,4.59312]},"Q7o":{"weight":0.0,"played":[0.0,1.0],"evs":[0.0,5.2231]},"K7o":{"weight":0.0,"played":[0.0,1.0],"evs":[0.0,6.04111]},"A7o":{"weight":0.0,"played":[0.0,1.0],"evs":[0.0,7.74256]},"82s":{"weight":0.0,"played":[0.0,1.0],"evs":[0.0,5.79641]},"83s":{"weight":0.0,"played":[0.0,1.0],"evs":[0.0,5.16733]},"84s":{"weight":0.0,"played":[0.0,1.0],"evs":[0.0,5.93551]},"85s":{"weight":0.0,"played":[0.0,1.0],"evs":[0.0,6.64559]},"86s":{"weight":0.0,"played":[0.0,1.0],"evs":[0.0,7.32954]},"87s":{"weight":0.0,"played":[0.0,1.0],"evs":[0.0,7.86772]},"88":{"weight":0.1292,"played":[0.0,1.0],"evs":[0.0,11.1555]},"98o":{"weight":0.0,"played":[0.0,1.0],"evs":[0.0,6.26199]},"T8o":{"weight":0.0,"played":[0.0,1.0],"evs":[0.0,5.99326]},"J8o":{"weight":0.0,"played":[0.0,1.0],"evs":[0.0,5.09784]},"Q8o":{"weight":0.0,"played":[0.0,1.0],"evs":[0.0,5.67669]},"K8o":{"weight":0.0,"played":[0.0,1.0],"evs":[0.0,6.2657]},"A8o":{"weight":0.0,"played":[0.0,1.0],"evs":[0.0,7.95705]},"92s":{"weight":0.0,"played":[0.0,1.0],"evs":[0.0,5.28294]},"93s":{"weight":0.0,"played":[0.0,1.0],"evs":[0.0,5.01578]},"94s":{"weight":0.0,"played":[0.0,1.0],"evs":[0.0,5.62952]},"95s":{"weight":0.0,"played":[0.0,1.0],"evs":[0.0,5.95457]},"96s":{"weight":0.0,"played":[0.0,1.0],"evs":[0.0,6.86641]},"97s":{"weight":0.0,"played":[0.0,1.0],"evs":[0.0,7.46387]},"98s":{"weight":0.8067,"played":[0.0,1.0],"evs":[0.0,7.40718]},"99":{"weight":0.2536,"played":[0.0,1.0],"evs":[0.0,11.84459]},"T9o":{"weight":0.0,"played":[0.0,1.0],"evs":[0.0,5.97742]},"J9o":{"weight":0.0,"played":[0.0,1.0],"evs":[0.0,5.48742]},"Q9o":{"weight":0.0,"played":[0.0,1.0],"evs":[0.0,6.06876]},"K9o":{"weight":0.0,"played":[0.0,1.0],"evs":[0.0,6.60724]},"A9o":{"weight":0.094,"played":[0.0,1.0],"evs":[0.0,8.54482]},"T2s":{"weight":0.0,"played":[0.0,1.0],"evs":[0.0,5.17809]},"T3s":{"weight":0.0,"played":[0.0,1.0],"evs":[0.0,5.30674]},"T4s":{"weight":0.0,"played":[0.0,1.0],"evs":[0.0,5.71298]},"T5s":{"weight":0.0,"played":[0.0,1.0],"evs":[0.0,5.80086]},"T6s":{"weight":0.0,"played":[0.0,1.0],"evs":[0.0,6.39192]},"T7s":{"weight":0.0,"played":[0.0,1.0],"evs":[0.0,6.58196]},"T8s":{"weight":0.6887,"played":[0.0,1.0],"evs":[0.0,7.33291]},"T9s":{"weight":0.3721,"played":[0.0,1.0],"evs":[0.0,7.49502]},"TT":{"weight":0.3662,"played":[0.0,1.0],"evs":[0.0,13.21559]},"JTo":{"weight":0.0012,"played":[0.0,1.0],"evs":[0.0,6.3248]},"QTo":{"weight":7.0E-4,"played":[0.0,1.0],"evs":[0.0,6.81522]},"KTo":{"weight":0.0135,"played":[0.0,1.0],"evs":[0.0,7.48931]},"ATo":{"weight":0.0041,"played":[0.0,1.0],"evs":[0.0,9.98304]},"J2s":{"weight":0.0,"played":[0.0,1.0],"evs":[0.0,4.96723]},"J3s":{"weight":0.0,"played":[0.0,1.0],"evs":[0.0,4.79222]},"J4s":{"weight":0.0,"played":[0.0,1.0],"evs":[0.0,4.92047]},"J5s":{"weight":0.0,"played":[0.0,1.0],"evs":[0.0,5.5104]},"J6s":{"weight":0.0,"played":[0.0,1.0],"evs":[0.0,5.8135]},"J7s":{"weight":0.0,"played":[0.0,1.0],"evs":[0.0,5.69482]},"J8s":{"weight":0.0,"played":[0.0,1.0],"evs":[0.0,6.32998]},"J9s":{"weight":0.0024,"played":[0.0,1.0],"evs":[0.0,6.8733]},"JTs":{"weight":0.2899,"played":[0.0,1.0],"evs":[0.0,7.55166]},"JJ":{"weight":0.0669,"played":[0.0,1.0],"evs":[0.0,15.38574]},"QJo":{"weight":0.0025,"played":[0.0,1.0],"evs":[0.0,7.03304]},"KJo":{"weight":0.0017,"played":[0.0,1.0],"evs":[0.0,8.27255]},"AJo":{"weight":0.0019,"played":[0.0,1.0],"evs":[0.0,11.5275]},"Q2s":{"weight":0.0,"played":[0.0,1.0],"evs":[0.0,5.72777]},"Q3s":{"weight":0.0,"played":[0.0,1.0],"evs":[0.0,5.78063]},"Q4s":{"weight":0.0,"played":[0.0,1.0],"evs":[0.0,5.95777]},"Q5s":{"weight":0.0,"played":[0.0,1.0],"evs":[0.0,6.54653]},"Q6s":{"weight":0.0,"played":[0.0,1.0],"evs":[0.0,6.86594]},"Q7s":{"weight":0.0,"played":[0.0,1.0],"evs":[0.0,6.46044]},"Q8s":{"weight":0.0028,"played":[0.0,1.0],"evs":[0.0,7.17292]},"Q9s":{"weight":0.0024,"played":[0.0,1.0],"evs":[0.0,7.3093]},"QTs":{"weight":0.171,"played":[0.0,1.0],"evs":[0.0,8.27972]},"QJs":{"weight":0.0,"played":[0.0,1.0],"evs":[0.0,8.05137]},"QQ":{"weight":0.0258,"played":[0.0,1.0],"evs":[0.0,17.51014]},"KQo":{"weight":0.0484,"played":[0.0,1.0],"evs":[0.0,9.87889]},"AQo":{"weight":0.1999,"played":[0.0,1.0],"evs":[0.0,12.31241]},"K2s":{"weight":0.0,"played":[0.0,1.0],"evs":[0.0,6.6108]},"K3s":{"weight":0.0,"played":[0.0,1.0],"evs":[0.0,6.76316]},"K4s":{"weight":0.0,"played":[0.0,1.0],"evs":[0.0,6.82304]},"K5s":{"weight":0.0,"played":[0.0,1.0],"evs":[0.0,7.4855]},"K6s":{"weight":0.0,"played":[0.0,1.0],"evs":[0.0,7.57412]},"K7s":{"weight":0.028,"played":[0.0,1.0],"evs":[0.0,7.42126]},"K8s":{"weight":0.4193,"played":[0.0,1.0],"evs":[0.0,7.58821]},"K9s":{"weight":0.499,"played":[0.0,1.0],"evs":[0.0,7.88216]},"KTs":{"weight":0.0653,"played":[0.0,1.0],"evs":[0.0,8.75063]},"KJs":{"weight":0.0292,"played":[0.0,1.0],"evs":[0.0,9.41871]},"KQs":{"weight":0.001,"played":[0.0,1.0],"evs":[0.0,10.91368]},"KK":{"weight":0.0083,"played":[0.0,1.0],"evs":[0.0,19.6639]},"AKo":{"weight":0.0398,"played":[0.0,1.0],"evs":[0.0,13.74629]},"A2s":{"weight":0.6321,"played":[0.0,1.0],"evs":[0.0,8.32719]},"A3s":{"weight":0.2729,"played":[0.0,1.0],"evs":[0.0,8.36405]},"A4s":{"weight":0.0,"played":[0.0,1.0],"evs":[0.0,8.83893]},"A5s":{"weight":0.0458,"played":[0.0,1.0],"evs":[0.0,9.29562]},"A6s":{"weight":0.0052,"played":[0.0,1.0],"evs":[0.0,8.63887]},"A7s":{"weight":0.2913,"played":[0.0,1.0],"evs":[0.0,9.06638]},"A8s":{"weight":0.0983,"played":[0.0,1.0],"evs":[0.0,9.56218]},"A9s":{"weight":0.4344,"played":[0.0,1.0],"evs":[0.0,9.92469]},"ATs":{"weight":0.0334,"played":[0.0,1.0],"evs":[0.0,11.19457]},"AJs":{"weight":0.0819,"played":[0.0,1.0],"evs":[0.0,12.5667]},"AQs":{"weight":0.3713,"played":[0.0,1.0],"evs":[0.0,13.50462]},"AKs":{"weight":0.4394,"played":[0.0,1.0],"evs":[0.0,14.73432]},"AA":{"weight":0.2135,"played":[0.0,1.0],"evs":[0.0,24.57036]}}}