{"player":4,"street":0,"children":2,"sequence":[{"player":0,"type":"R","amount":200000,"street":0},{"player":1,"type":"F","amount":0,"street":0},{"player":2,"type":"F","amount":0,"street":0},{"player":3,"type":"C","amount":200000,"street":0},{"player":4,"type":"C","amount":150000,"street":0},{"player":5,"type":"R","amount":815000,"street":0},{"player":0,"type":"R","amount":1215000,"street":0},{"player":3,"type":"F","amount":0,"street":0}],"actions":[{"type":"F","amount":0},{"type":"C","amount":515000}],"hands":{"22":{"weight":0.8371,"played":[0.3842,0.6158],"evs":[0.0,1.08439]},"32o":{"weight":0.0,"played":[0.9535,0.0465],"evs":[0.0,-1.96151]},"42o":{"weight":0.0,"played":[0.0283,0.9717],"evs":[0.0,0.52575]},"52o":{"weight":0.0,"played":[0.5253,0.4747],"evs":[0.0,-0.67927]},"62o":{"weight":0.0,"played":[0.0706,0.9294],"evs":[0.0,2.26345]},"72o":{"weight":0.0,"played":[0.5947,0.4053],"evs":[0.0,-1.43638]},"82o":{"weight":0.0,"played":[0.6639,0.3361],"evs":[0.0,-0.91572]},"92o":{"weight":0.0,"played":[0.3821,0.6179],"evs":[0.0,1.25765]},"T2o":{"weight":0.0,"played":[0.9739,0.0261],"evs":[0.0,-1.91093]},"J2o":{"weight":0.0,"played":[0.3078,0.6922],"evs":[0.0,-0.55853]},"Q2o":{"weight":0.0,"played":[0.9901,0.0099],"evs":[0.0,-0.35523]},"K2o":{"weight":0.0,"played":[0.2766,0.7234],"evs":[0.0,-0.67794]},"A2o":{"weight":0.0,"played":[0.0925,0.9075],"evs":[0.0,-0.17556]},"32s":{"weight":0.0,"played":[0.8963,0.1037],"evs":[0.0,-3.64749]},"33":{"weight":0.9983,"played":[0.2514,0.7486],"evs":[0.0,2.76208]},"43o":{"weight":0.0,"played":[0.7468,0.2532],"evs":[0.0,-0.2571]},"53o":{"weight":0.0,"played":[0.0774,0.9226],"evs":[0.0,1.57508]},"63o":{"weight":0.0,"played":[0.5462,0.4538],"evs":[0.0,0.55065]},"73o":{"weight":0.0,"played":[0.9379,0.0621],"evs":[0.0,-0.41648]},"83o":{"weight":0.0,"played":[0.9923,0.0077],"evs":[0.0,-0.18027]},"93o":{"weight":0.0,"played":[0.9336,0.0664],"evs":[0.0,0.66894]},"T3o":{"weight":0.0,"played":[0.0435,0.9565],"evs":[0.0,0.91022]},"J3o":{"weight":0.0,"played":[0.6549,0.3451],"evs":[0.0,-0.88249]},"Q3o":{"weight":0.0,"played":[0.6764,0.3236],"evs":[0.0,0.01563]},"K3o":{"weight":0.0,"played":[0.232,0.768],"evs":[0.0,2.12998]},"A3o":{"weight":0.0,"played":[0.0634,0.9366],"evs":[0.0,2.59854]},"42s":{"weight":0.0,"played":[0.6162,0.3838],"evs":[0.0,-1.02313]},"43s":{"weight":0.0,"played":[0.6528,0.3472],"evs":[0.0,3.21451]},"44":{"weight":0.9987,"played":[0.0785,0.9215],"evs":[0.0,2.41728]},"54o":{"weight":0.0,"played":[0.0437,0.9563],"evs":[0.0,3.59519]},"64o":{"weight":0.0,"played":[0.8679,0.1321],"evs":[0.0,-1.27601]},"74o":{"weight":0.0,"played":[0.4587,0.5413],"evs":[0.0,-0.00996]},"84o":{"weight":0.0,"played":[0.9099,0.0901],"evs":[0.0,0.1762]},"94o":{"weight":0.0,"played":[0.8955,0.1045],"evs":[0.0,-0.08929]},"T4o":{"weight":0.0,"played":[0.3713,0.6287],"evs":[0.0,-0.42151]},"J4o":{"weight":0.0,"played":[0.6237,0.3763],"evs":[0.0,-0.8032]},"Q4o":{"weight":0.0,"played":[0.3585,0.6415],"evs":[0.0,-0.22953]},"K4o":{"weight":0.0,"played":[0.8275,0.1725],"evs":[0.0,0.1882]},"A4o":{"weight":0.0,"played":[0.4391,0.5609],"evs":[0.0,1.21984]},"52s":{"weight":0.0,"played":[0.6537,0.3463],"evs":[0.0,-0.0429]},"53s":{"weight":0.0,"played":[0.3928,0.6072],"evs":[0.0,0.82959]},"54s":{"weight":0.9984,"played":[0.0559,0.9441],"evs":[0.0,2.9519]},"55":{"weight":0.0118,"played":[0.4423,0.5577],"evs":[0.0,1.07759]},"65o":{"weight":0.0,"played":[0.8613,0.1387],"evs":[0.0,-1.56192]},"75o":{"weight":0.0,"played":[0.3848,0.6152],"evs":[0.0,1.8E-4]},"85o":{"weight":0.0,"played":[0.7451,0.2549],"evs":[0.0,1.05523]},"95o":{"weight":0.0,"played":[0.9869,0.0131],"evs":[0.0,-0.68616]},"T5o":{"weight":0.0,"played":[0.51,0.49],"evs":[0.0,-0.48818]},"J5o":{"weight":0.0,"played":[0.2605,0.7395],"evs":[0.0,1.43783]},"Q5o":{"weight":0.0,"played":[0.7335,0.2665],"evs":[0.0,-2.38824]},"K5o":{"weight":0.0,"played":[0.0068,0.9932],"evs":[0.0,4.86658]},"A5o":{"weight":1.0E-4,"played":[0.417,0.583],"evs":[0.0,-0.30701]},"62s":{"weight":0.0,"played":[0.5077,0.4923],"evs":[0.0,2.75772]},"63s":{"weight":0.0,"played":[0.7798,0.2202],"evs":[0.0,-2.37479]},"64s":{"weight":0.245,"played":[0.582,0.418],"evs":[0.0,-1.57197]},"65s":{"weight":0.9987,"played":[0.037,0.963],"evs":[0.0,2.27046]},"66":{"weight":1.0E-4,"played":[0.065,0.935],"evs":[0.0,1.50946]},"76o":{"weight":0.0,"played":[0.8964,0.1036],"evs":[0.0,-0.90009]},"86o":{"weight":0.0,"played":[0.0262,0.9738],"evs":[0.0,1.38425]},"96o":{"weight":0.0,"played":[0.5236,0.4764],"evs":[0.0,-1.05313]},"T6o":{"weight":0.0,"played":[0.4342,0.5658],"evs":[0.0,0.26472]},"J6o":{"weight":0.0,"played":[0.6791,0.3209],"evs":[0.0,-0.15721]},"Q6o":{"weight":0.0,"played":[0.709,0.291],"evs":[0.0,-0.5367]},"K6o":{"weight":0.0,"played":[0.7094,0.2906],"evs":[0.0,-1.76541]},"A6o":{"weight":0.0,"played":[0.8735,0.1265],"evs":[0.0,-1.75982]},"72s":{"weight":0.0,"played":[0.9577,0.0423],"evs":[0.0,-1.73621]},"73s":{"weight":0.0,"played":[0.7527,0.2473],"evs":[0.0,1.45039]},"74s":{"weight":0.0,"played":[0.8923,0.1077],"evs":[0.0,-0.75091]},"75s":{"weight":0.8237,"played":[0.8353,0.1647],"evs":[0.0,-4.01601]},"76s":{"weight":0.9996,"played":[0.7111,0.2889],"evs":[0.0,-0.5016]},"77":{"weight":5.0E-4,"played":[0.0024,0.9976],"evs":[0.0,6.09093]},"87o":{"weight":0.0,"played":[0.1328,0.8672],"evs":[0.0,1.19233]},"97o":{"weight":0.0,"played":[0.2029,0.7971],"evs":[0.0,1.92138]},"T7o":{"weight":0.0,"played":[0.2687,0.7313],"evs":[0.0,-0.60765]},"J7o":{"weight":0.0,"played":[0.658,0.342],"evs":[0.0,-1.75601]},"Q7o":{"weight":0.0,"played":[0.3382,0.6618],"evs":[0.0,2.41659]},"K7o":{"weight":0.0,"played":[0.0546,0.9454],"evs":[0.0,1.18118]},"A7o":{"weight":0.4093,"played":[0.2183,0.7817],"evs":[0.0,2.48972]},"82s":{"weight":0.0,"played":[0.4239,0.5761],"evs":[0.0,3.13736]},"83s":{"weight":0.0,"played":[0.8951,0.1049],"evs":[0.0,-1.19999]},"84s":{"weight":0.0,"played":[0.2847,0.7153],"evs":[0.0,2.36932]},"85s":{"weight":0.0,"played":[0.4203,0.5797],"evs":[0.0,0.58249]},"86s":{"weight":0.9926,"played":[0.4519,0.5481],"evs":[0.0,-1.26922]},"87s":{"weight":1.0,"played":[0.0014,0.9986],"evs":[0.0,3.81882]},"88":{"weight":2.0E-4,"played":[0.0127,0.9873],"evs":[0.0,8.80124]},"98o":{"weight":0.0,"played":[0.1959,0.8041],"evs":[0.0,3.44072]},"T8o":{"weight":0.0,"played":[0.0557,0.9443],"evs":[0.0,1.26429]},"J8o":{"weight":0.0,"played":[0.5203,0.4797],"evs":[0.0,0.21857]},"Q8o":{"weight":0.0,"played":[0.1466,0.8534],"evs":[0.0,2.15529]},"K8o":{"weight":0.0,"played":[0.9583,0.0417],"evs":[0.0,-0.27931]},"A8o":{"weight":0.7597,"played":[0.0701,0.9299],"evs":[0.0,0.84074]},"92s":{"weight":0.0,"played":[0.6791,0.3209],"evs":[0.0,0.06739]},"93s":{"weight":0.0,"played":[0.0122,0.9878],"evs":[0.0,5.47364]},"94s":{"weight":0.0,"played":[0.8932,0.1068],"evs":[0.0,-0.39799]},"95s":{"weight":0.0,"played":[0.8163,0.1837],"evs":[0.0,2.31002]},"96s":{"weight":0.0562,"played":[0.7237,0.2763],"evs":[0.0,-0.46663]},"97s":{"weight":0.4774,"played":[0.4661,0.5339],"evs":[0.0,0.36662]},"98s":{"weight":0.9987,"played":[0.2386,0.7614],"evs":[0.0,2.59771]},"99":{"weight":2.0E-4,"played":[0.02,0.98],"evs":[0.0,2.65081]},"T9o":{"weight":0.0,"played":[0.3125,0.6875],"evs":[0.0,1.5415]},"J9o":{"weight":0.0,"played":[0.6682,0.3318],"evs":[0.0,-0.47449]},"Q9o":{"weight":0.0,"played":[0.5214,0.4786],"evs":[0.0,1.81438]},"K9o":{"weight":0.0,"played":[0.3292,0.6708],"evs":[0.0,0.69612]},"A9o":{"weight":0.006,"played":[0.2264,0.7736],"evs":[0.0,1.16313]},"T2s":{"weight":0.0,"played":[0.5615,0.4385],"evs":[0.0,-0.39065]},"T3s":{"weight":0.0,"played":[0.758,0.242],"evs":[0.0,-0.29962]},"T4s":{"weight":0.0,"played":[0.596,0.404],"evs":[0.0,4.22209]},"T5s":{"weight":0.0,"played":[0.5972,0.4028],"evs":[0.0,2.20639]},"T6s":{"weight":0.0,"played":[0.194,0.806],"evs":[0.0,4.19165]},"T7s":{"weight":0.0421,"played":[0.5987,0.4013],"evs":[0.0,-1.33728]},"T8s":{"weight":0.9947,"played":[0.211,0.789],"evs":[0.0,1.56543]},"T9s":{"weight":0.9994,"played":[0.2554,0.7446],"evs":[0.0,1.58604]},"TT":{"weight":0.0,"played":[0.3336,0.6664],"evs":[0.0,5.59572]},"JTo":{"weight":0.0,"played":[0.496,0.504],"evs":[0.0,-0.75381]},"QTo":{"weight":0.0,"played":[0.3096,0.6904],"evs":[0.0,0.1938]},"KTo":{"weight":0.1564,"played":[0.0285,0.9715],"evs":[0.0,2.97465]},"ATo":{"weight":0.0,"played":[9.0E-4,0.9991],"evs":[0.0,2.03554]},"J2s":{"weight":0.0,"played":[0.7016,0.2984],"evs":[0.0,-0.32563]},"J3s":{"weight":0.0,"played":[0.4023,0.5977],"evs":[0.0,0.64229]},"J4s":{"weight":0.0,"played":[0.226,0.774],"evs":[0.0,2.36477]},"J5s":{"weight":0.0,"played":[0.7193,0.2807],"evs":[0.0,-0.05691]},"J6s":{"weight":0.0,"played":[0.6396,0.3604],"evs":[0.0,-1.78202]},"J7s":{"weight":0.0,"played":[0.9287,0.0713],"evs":[0.0,-1.43753]},"J8s":{"weight":8.0E-4,"played":[0.4095,0.5905],"evs":[0.0,0.32075]},"J9s":{"weight":0.9824,"played":[0.2341,0.7659],"evs":[0.0,4.1918]},"JTs":{"weight":0.9976,"played":[0.2162,0.7838],"evs":[0.0,2.43434]},"JJ":{"weight":0.0,"played":[0.1487,0.8513],"evs":[0.0,4.04976]},"QJo":{"weight":0.9334,"played":[0.0978,0.9022],"evs":[0.0,1.28998]},"KJo":{"weight":1.0,"played":[0.0236,0.9764],"evs":[0.0,3.23296]},"AJo":{"weight":0.0,"played":[0.0053,0.9947],"evs":[0.0,3.14008]},"Q2s":{"weight":0.0,"played":[0.8285,0.1715],"evs":[0.0,-2.52897]},"Q3s":{"weight":0.0,"played":[0.1102,0.8898],"evs":[0.0,5.28772]},"Q4s":{"weight":1.0E-4,"played":[0.3657,0.6343],"evs":[0.0,2.56274]},"Q5s":{"weight":1.0E-4,"played":[0.3296,0.6704],"evs":[0.0,2.06879]},"Q6s":{"weight":0.0011,"played":[2.0E-4,0.9998],"evs":[0.0,0.57825]},"Q7s":{"weight":7.0E-4,"played":[0.8046,0.1954],"evs":[0.0,2.19374]},"Q8s":{"weight":0.8525,"played":[0.1191,0.8809],"evs":[0.0,-0.01299]},"Q9s":{"weight":0.9958,"played":[0.9476,0.0524],"evs":[0.0,-1.96228]},"QTs":{"weight":0.9994,"played":[0.4868,0.5132],"evs":[0.0,0.38751]},"QJs":{"weight":0.9995,"played":[0.0405,0.9595],"evs":[0.0,7.66916]},"QQ":{"weight":0.0,"played":[0.0151,0.9849],"evs":[0.0,9.39899]},"KQo":{"weight":0.0011,"played":[0.1164,0.8836],"evs":[0.0,2.39623]},"AQo":{"weight":0.0,"played":[0.0041,0.9959],"evs":[0.0,5.77188]},"K2s":{"weight":0.0,"played":[0.577,0.423],"evs":[0.0,2.64169]},"K3s":{"weight":0.0,"played":[0.8669,0.1331],"evs":[0.0,-0.23286]},"K4s":{"weight":0.0,"played":[0.7944,0.2056],"evs":[0.0,-1.68631]},"K5s":{"weight":0.7348,"played":[0.0277,0.9723],"evs":[0.0,2.45348]},"K6s":{"weight":0.9857,"played":[0.357,0.643],"evs":[0.0,-0.29858]},"K7s":{"weight":0.9439,"played":[0.228,0.772],"evs":[0.0,7.2499]},"K8s":{"weight":0.967,"played":[0.0103,0.9897],"evs":[0.0,0.76377]},"K9s":{"weight":0.9992,"played":[0.2178,0.7822],"evs":[0.0,3.54684]},"KTs":{"weight":0.9993,"played":[0.1588,0.8412],"evs":[0.0,1.58279]},"KJs":{"weight":0.3216,"played":[0.1133,0.8867],"evs":[0.0,6.27638]},"KQs":{"weight":0.0,"played":[0.2136,0.7864],"evs":[0.0,5.43492]},"KK":{"weight":0.0,"played":[0.0012,0.9988],"evs":[0.0,9.34423]},"AKo":{"weight":0.0,"played":[0.1192,0.8808],"evs":[0.0,3.09885]},"A2s":{"weight":0.9997,"played":[0.1178,0.8822],"evs":[0.0,3.40029]},"A3s":{"weight":0.9961,"played":[0.9489,0.0511],"evs":[0.0,-1.69352]},"A4s":{"weight":0.9998,"played":[0.252,0.748],"evs":[0.0,1.89211]},"A5s":{"weight":0.9929,"played":[0.3974,0.6026],"evs":[0.0,2.46799]},"A6s":{"weight":0.9978,"played":[0.3124,0.6876],"evs":[0.0,-0.82875]},"A7s":{"weight":0.2731,"played":[0.3672,0.6328],"evs":[0.0,5.65812]},"A8s":{"weight":3.0E-4,"played":[0.0087,0.9913],"evs":[0.0,2.50364]},"A9s":{"weight":0.0,"played":[0.4223,0.5777],"evs":[0.0,1.2915]},"ATs":{"weight":0.0,"played":[0.004,0.996],"evs":[0.0,5.43133]},"AJs":{"weight":0.0,"played":[0.0292,0.9708],"evs":[0.0,6.5645]},"AQs":{"weight":0.0,"played":[0.0272,0.9728],"evs":[0.0,8.51696]},"AKs":{"weight":0.0,"played":[0.0,1.0],"evs":[0.0,7.45555]},"AA":{"weight":0.0,"played":[0.0,1.0],"evs":[0.0,13.22169]}}}