{"player":5,"street":0,"children":2,"sequence":[{"player":0,"type":"R","amount":200000,"street":0},{"player":1,"type":"F","amount":0,"street":0},{"player":2,"type":"F","amount":0,"street":0},{"player":3,"type":"C","amount":200000,"street":0},{"player":4,"type":"R","amount":715000,"street":0}],"actions":[{"type":"F","amount":0,"node":228},{"type":"R","amount":815000,"node":233}],"hands":{"22":{"weight":1.0,"played":[0.108,0.892],"evs":[0.0,0.21253]},"32o":{"weight":1.0,"played":[1.0,0.0],"evs":[0.0,-2.07003]},"42o":{"weight":1.0,"played":[1.0,0.0],"evs":[0.0,-1.7574]},"52o":{"weight":1.0,"played":[1.0,0.0],"evs":[0.0,-1.76355]},"62o":{"weight":1.0,"played":[1.0,0.0],"evs":[0.0,-1.82235]},"72o":{"weight":1.0,"played":[1.0,0.0],"evs":[0.0,-2.27298]},"82o":{"weight":1.0,"played":[1.0,0.0],"evs":[0.0,-2.38863]},"92o":{"weight":1.0,"played":[1.0,0.0],"evs":[0.0,-2.48237]},"T2o":{"weight":1.0,"played":[1.0,0.0],"evs":[0.0,-2.60836]},"J2o":{"weight":1.0,"played":[1.0,0.0],"evs":[0.0,-2.5814]},"Q2o":{"weight":1.0,"played":[1.0,0.0],"evs":[0.0,-2.24817]},"K2o":{"weight":1.0,"played":[1.0,0.0],"evs":[0.0,-1.9022]},"A2o":{"weight":1.0,"played":[1.0,0.0],"evs":[0.0,-1.7283]},"32s":{"weight":1.0,"played":[0.9998,2.0E-4],"evs":[0.0,-0.69785]},"33":{"weight":1.0,"played":[0.22,0.78],"evs":[0.0,0.10167]},"43o":{"weight":1.0,"played":[1.0,0.0],"evs":[0.0,-1.44321]},"53o":{"weight":1.0,"played":[1.0,0.0],"evs":[0.0,-1.05341]},"63o":{"weight":1.0,"played":[1.0,0.0],"evs":[0.0,-1.40225]},"73o":{"weight":1.0,"played":[1.0,0.0],"evs":[0.0,-1.94902]},"83o":{"weight":1.0,"played":[1.0,0.0],"evs":[0.0,-2.2439]},"93o":{"weight":1.0,"played":[1.0,0.0],"evs":[0.0,-2.41011]},"T3o":{"weight":1.0,"played":[1.0,0.0],"evs":[0.0,-2.37994]},"J3o":{"weight":1.0,"played":[1.0,0.0],"evs":[0.0,-2.54694]},"Q3o":{"weight":1.0,"played":[1.0,0.0],"evs":[0.0,-2.25498]},"K3o":{"weight":1.0,"played":[1.0,0.0],"evs":[0.0,-1.89638]},"A3o":{"weight":1.0,"played":[0.9999,1.0E-4],"evs":[0.0,-1.46599]},"42s":{"weight":1.0,"played":[0.9994,6.0E-4],"evs":[0.0,-0.54578]},"43s":{"weight":1.0,"played":[0.9167,0.0833],"evs":[0.0,-0.20908]},"44":{"weight":1.0,"played":[3.0E-4,0.9997],"evs":[0.0,0.62588]},"54o":{"weight":1.0,"played":[0.9993,7.0E-4],"evs":[0.0,-0.69432]},"64o":{"weight":1.0,"played":[1.0,0.0],"evs":[0.0,-0.96274]},"74o":{"weight":1.0,"played":[1.0,0.0],"evs":[0.0,-1.30173]},"84o":{"weight":1.0,"played":[1.0,0.0],"evs":[0.0,-1.82159]},"94o":{"weight":1.0,"played":[1.0,0.0],"evs":[0.0,-2.37418]},"T4o":{"weight":1.0,"played":[1.0,0.0],"evs":[0.0,-2.10805]},"J4o":{"weight":1.0,"played":[1.0,0.0],"evs":[0.0,-2.65945]},"Q4o":{"weight":1.0,"played":[1.0,0.0],"evs":[0.0,-2.04257]},"K4o":{"weight":1.0,"played":[1.0,0.0],"evs":[0.0,-1.69595]},"A4o":{"weight":1.0,"played":[1.0,0.0],"evs":[0.0,-1.38009]},"52s":{"weight":1.0,"played":[0.9993,7.0E-4],"evs":[0.0,-0.70423]},"53s":{"weight":1.0,"played":[0.9897,0.0103],"evs":[0.0,-0.21092]},"54s":{"weight":1.0,"played":[0.0064,0.9936],"evs":[0.0,0.54353]},"55":{"weight":1.0,"played":[0.0,1.0],"evs":[0.0,1.23821]},"65o":{"weight":1.0,"played":[0.9984,0.0016],"evs":[0.0,-0.34728]},"75o":{"weight":1.0,"played":[1.0,0.0],"evs":[0.0,-0.71125]},"85o":{"weight":1.0,"played":[1.0,0.0],"evs":[0.0,-1.25148]},"95o":{"weight":1.0,"played":[1.0,0.0],"evs":[0.0,-1.792]},"T5o":{"weight":1.0,"played":[1.0,0.0],"evs":[0.0,-2.07133]},"J5o":{"weight":1.0,"played":[1.0,0.0],"evs":[0.0,-2.14336]},"Q5o":{"weight":1.0,"played":[1.0,0.0],"evs":[0.0,-1.91509]},"K5o":{"weight":1.0,"played":[1.0,0.0],"evs":[0.0,-1.48326]},"A5o":{"weight":1.0,"played":[1.0,0.0],"evs":[0.0,-1.04886]},"62s":{"weight":1.0,"played":[0.9982,0.0018],"evs":[0.0,-0.83214]},"63s":{"weight":1.0,"played":[0.9932,0.0068],"evs":[0.0,-0.43824]},"64s":{"weight":1.0,"played":[0.2471,0.7529],"evs":[0.0,0.0921]},"65s":{"weight":1.0,"played":[0.0027,0.9973],"evs":[0.0,0.81567]},"66":{"weight":1.0,"played":[0.0,1.0],"evs":[0.0,1.8059]},"76o":{"weight":1.0,"played":[0.9999,1.0E-4],"evs":[0.0,-0.3335]},"86o":{"weight":1.0,"played":[1.0,0.0],"evs":[0.0,-0.79326]},"96o":{"weight":1.0,"played":[1.0,0.0],"evs":[0.0,-1.12196]},"T6o":{"weight":1.0,"played":[1.0,0.0],"evs":[0.0,-1.51267]},"J6o":{"weight":1.0,"played":[1.0,0.0],"evs":[0.0,-1.93877]},"Q6o":{"weight":1.0,"played":[1.0,0.0],"evs":[0.0,-1.61323]},"K6o":{"weight":1.0,"played":[1.0,0.0],"evs":[0.0,-1.29157]},"A6o":{"weight":1.0,"played":[1.0,0.0],"evs":[0.0,-1.46346]},"72s":{"weight":1.0,"played":[0.9992,8.0E-4],"evs":[0.0,-1.30499]},"73s":{"weight":1.0,"played":[0.9989,0.0011],"evs":[0.0,-0.45438]},"74s":{"weight":1.0,"played":[0.9997,3.0E-4],"evs":[0.0,-0.25114]},"75s":{"weight":1.0,"played":[0.0781,0.9219],"evs":[0.0,0.52207]},"76s":{"weight":1.0,"played":[3.0E-4,0.9997],"evs":[0.0,0.78919]},"77":{"weight":1.0,"played":[0.0,1.0],"evs":[0.0,2.06147]},"87o":{"weight":1.0,"played":[0.9998,2.0E-4],"evs":[0.0,-0.50304]},"97o":{"weight":1.0,"played":[1.0,0.0],"evs":[0.0,-1.01934]},"T7o":{"weight":1.0,"played":[1.0,0.0],"evs":[0.0,-1.30366]},"J7o":{"weight":1.0,"played":[1.0,0.0],"evs":[0.0,-1.83222]},"Q7o":{"weight":1.0,"played":[1.0,0.0],"evs":[0.0,-1.78617]},"K7o":{"weight":1.0,"played":[1.0,0.0],"evs":[0.0,-1.30263]},"A7o":{"weight":1.0,"played":[1.0,0.0],"evs":[0.0,-1.3771]},"82s":{"weight":1.0,"played":[0.9996,4.0E-4],"evs":[0.0,-0.87425]},"83s":{"weight":1.0,"played":[0.9992,8.0E-4],"evs":[0.0,-1.35277]},"84s":{"weight":1.0,"played":[0.9724,0.0276],"evs":[0.0,-0.67018]},"85s":{"weight":1.0,"played":[0.049,0.951],"evs":[0.0,0.1474]},"86s":{"weight":1.0,"played":[0.0433,0.9567],"evs":[0.0,0.49223]},"87s":{"weight":1.0,"played":[0.0222,0.9778],"evs":[0.0,0.7966]},"88":{"weight":1.0,"played":[0.0,1.0],"evs":[0.0,2.4616]},"98o":{"weight":1.0,"played":[0.9999,1.0E-4],"evs":[0.0,-0.52339]},"T8o":{"weight":1.0,"played":[1.0,0.0],"evs":[0.0,-0.90223]},"J8o":{"weight":1.0,"played":[1.0,0.0],"evs":[0.0,-1.48875]},"Q8o":{"weight":1.0,"played":[1.0,0.0],"evs":[0.0,-1.3525]},"K8o":{"weight":1.0,"played":[1.0,0.0],"evs":[0.0,-1.37301]},"A8o":{"weight":1.0,"played":[1.0,0.0],"evs":[0.0,-0.87278]},"92s":{"weight":1.0,"played":[0.9999,1.0E-4],"evs":[0.0,-1.23215]},"93s":{"weight":1.0,"played":[0.9966,0.0034],"evs":[0.0,-1.25573]},"94s":{"weight":1.0,"played":[0.9997,3.0E-4],"evs":[0.0,-1.27535]},"95s":{"weight":1.0,"played":[0.9953,0.0047],"evs":[0.0,-0.53587]},"96s":{"weight":1.0,"played":[0.0967,0.9033],"evs":[0.0,-0.06991]},"97s":{"weight":1.0,"played":[0.5734,0.4266],"evs":[0.0,-0.06708]},"98s":{"weight":1.0,"played":[0.0135,0.9865],"evs":[0.0,0.46392]},"99":{"weight":1.0,"played":[0.0,1.0],"evs":[0.0,2.98579]},"T9o":{"weight":1.0,"played":[0.9994,6.0E-4],"evs":[0.0,-0.48466]},"J9o":{"weight":1.0,"played":[1.0,0.0],"evs":[0.0,-0.96059]},"Q9o":{"weight":1.0,"played":[1.0,0.0],"evs":[0.0,-1.21583]},"K9o":{"weight":1.0,"played":[0.9999,1.0E-4],"evs":[0.0,-1.14721]},"A9o":{"weight":1.0,"played":[0.9993,7.0E-4],"evs":[0.0,-0.63128]},"T2s":{"weight":1.0,"played":[1.0,0.0],"evs":[0.0,-1.22345]},"T3s":{"weight":1.0,"played":[0.9997,3.0E-4],"evs":[0.0,-1.12587]},"T4s":{"weight":1.0,"played":[0.9989,0.0011],"evs":[0.0,-1.07062]},"T5s":{"weight":1.0,"played":[1.0,0.0],"evs":[0.0,-0.66067]},"T6s":{"weight":1.0,"played":[0.9946,0.0054],"evs":[0.0,-0.39499]},"T7s":{"weight":1.0,"played":[0.5868,0.4132],"evs":[0.0,0.01024]},"T8s":{"weight":1.0,"played":[0.0349,0.9651],"evs":[0.0,0.10032]},"T9s":{"weight":1.0,"played":[0.0171,0.9829],"evs":[0.0,0.6827]},"TT":{"weight":1.0,"played":[0.0,1.0],"evs":[0.0,4.03954]},"JTo":{"weight":1.0,"played":[0.9996,4.0E-4],"evs":[0.0,-0.37807]},"QTo":{"weight":1.0,"played":[0.9999,1.0E-4],"evs":[0.0,-0.59837]},"KTo":{"weight":1.0,"played":[0.9998,2.0E-4],"evs":[0.0,-0.38683]},"ATo":{"weight":1.0,"played":[3.0E-4,0.9997],"evs":[0.0,0.38631]},"J2s":{"weight":1.0,"played":[1.0,0.0],"evs":[0.0,-1.22622]},"J3s":{"weight":1.0,"played":[0.9999,1.0E-4],"evs":[0.0,-1.325]},"J4s":{"weight":1.0,"played":[0.9984,0.0016],"evs":[0.0,-1.00488]},"J5s":{"weight":1.0,"played":[0.9996,4.0E-4],"evs":[0.0,-0.82633]},"J6s":{"weight":1.0,"played":[0.9982,0.0018],"evs":[0.0,-0.88399]},"J7s":{"weight":1.0,"played":[0.9964,0.0036],"evs":[0.0,-0.51218]},"J8s":{"weight":1.0,"played":[0.8976,0.1024],"evs":[0.0,-0.38454]},"J9s":{"weight":1.0,"played":[0.9321,0.0679],"evs":[0.0,0.00614]},"JTs":{"weight":1.0,"played":[0.0022,0.9978],"evs":[0.0,0.60776]},"JJ":{"weight":1.0,"played":[0.0,1.0],"evs":[0.0,5.68456]},"QJo":{"weight":1.0,"played":[0.9993,7.0E-4],"evs":[0.0,-0.48193]},"KJo":{"weight":1.0,"played":[0.0129,0.9871],"evs":[0.0,0.28109]},"AJo":{"weight":1.0,"played":[0.0,1.0],"evs":[0.0,1.15909]},"Q2s":{"weight":1.0,"played":[0.9932,0.0068],"evs":[0.0,-1.07368]},"Q3s":{"weight":1.0,"played":[0.9998,2.0E-4],"evs":[0.0,-0.74151]},"Q4s":{"weight":1.0,"played":[0.9991,9.0E-4],"evs":[0.0,-0.77401]},"Q5s":{"weight":1.0,"played":[0.9966,0.0034],"evs":[0.0,-0.58737]},"Q6s":{"weight":1.0,"played":[0.9953,0.0047],"evs":[0.0,-0.46917]},"Q7s":{"weight":1.0,"played":[0.9832,0.0168],"evs":[0.0,-0.21836]},"Q8s":{"weight":1.0,"played":[0.9535,0.0465],"evs":[0.0,-0.12346]},"Q9s":{"weight":1.0,"played":[0.0808,0.9192],"evs":[0.0,0.23151]},"QTs":{"weight":1.0,"played":[0.01,0.99],"evs":[0.0,0.94824]},"QJs":{"weight":1.0,"played":[4.0E-4,0.9996],"evs":[0.0,0.84948]},"QQ":{"weight":1.0,"played":[0.0,1.0],"evs":[0.0,7.83579]},"KQo":{"weight":1.0,"played":[0.0,1.0],"evs":[0.0,0.89094]},"AQo":{"weight":1.0,"played":[0.0,1.0],"evs":[0.0,2.35987]},"K2s":{"weight":1.0,"played":[0.9999,1.0E-4],"evs":[0.0,-0.59368]},"K3s":{"weight":1.0,"played":[0.9997,3.0E-4],"evs":[0.0,-0.5467]},"K4s":{"weight":1.0,"played":[0.9999,1.0E-4],"evs":[0.0,-0.55839]},"K5s":{"weight":1.0,"played":[0.812,0.188],"evs":[0.0,-0.21778]},"K6s":{"weight":1.0,"played":[0.0667,0.9333],"evs":[0.0,0.35394]},"K7s":{"weight":1.0,"played":[0.7404,0.2596],"evs":[0.0,0.11352]},"K8s":{"weight":1.0,"played":[0.3196,0.6804],"evs":[0.0,0.36289]},"K9s":{"weight":1.0,"played":[0.0029,0.9971],"evs":[0.0,0.08221]},"KTs":{"weight":1.0,"played":[0.001,0.999],"evs":[0.0,0.66697]},"KJs":{"weight":1.0,"played":[0.0,1.0],"evs":[0.0,1.27598]},"KQs":{"weight":1.0,"played":[0.0,1.0],"evs":[0.0,2.24503]},"KK":{"weight":1.0,"played":[0.0,1.0],"evs":[0.0,10.24246]},"AKo":{"weight":1.0,"played":[0.0,1.0],"evs":[0.0,3.32093]},"A2s":{"weight":1.0,"played":[0.9865,0.0135],"evs":[0.0,-0.24657]},"A3s":{"weight":1.0,"played":[0.2274,0.7726],"evs":[0.0,0.04416]},"A4s":{"weight":1.0,"played":[0.3553,0.6447],"evs":[0.0,0.13002]},"A5s":{"weight":1.0,"played":[0.0074,0.9926],"evs":[0.0,0.46672]},"A6s":{"weight":1.0,"played":[0.3081,0.6919],"evs":[0.0,-0.01711]},"A7s":{"weight":1.0,"played":[0.0056,0.9944],"evs":[0.0,0.28902]},"A8s":{"weight":1.0,"played":[0.0085,0.9915],"evs":[0.0,0.32894]},"A9s":{"weight":1.0,"played":[2.0E-4,0.9998],"evs":[0.0,0.77882]},"ATs":{"weight":1.0,"played":[0.0,1.0],"evs":[0.0,1.58585]},"AJs":{"weight":1.0,"played":[0.0,1.0],"evs":[0.0,2.57658]},"AQs":{"weight":1.0,"played":[0.0,1.0],"evs":[0.0,3.22407]},"AKs":{"weight":1.0,"played":[0.0,1.0],"evs":[0.0,4.65819]},"AA":{"weight":1.0,"played":[0.0,1.0],"evs":[0.0,14.71599]}}}