{"player":2,"street":0,"children":2,"sequence":[{"player":0,"type":"R","amount":200000,"street":0},{"player":1,"type":"F","amount":0,"street":0},{"player":2,"type":"C","amount":200000,"street":0},{"player":3,"type":"F","amount":0,"street":0},{"player":4,"type":"F","amount":0,"street":0},{"player":5,"type":"R","amount":815000,"street":0},{"player":0,"type":"F","amount":0,"street":0}],"actions":[{"type":"F","amount":0},{"type":"C","amount":615000}],"hands":{"22":{"weight":0.0208,"played":[0.0,1.0],"evs":[0.0,2.50457]},"32o":{"weight":0.0,"played":[0.9999,1.0E-4],"evs":[0.0,-0.3517]},"42o":{"weight":0.0,"played":[0.9995,5.0E-4],"evs":[0.0,-0.16309]},"52o":{"weight":0.0,"played":[0.7687,0.2313],"evs":[0.0,-0.02157]},"62o":{"weight":0.0,"played":[0.9996,4.0E-4],"evs":[0.0,-0.17019]},"72o":{"weight":0.0,"played":[0.9999,1.0E-4],"evs":[0.0,-0.41246]},"82o":{"weight":0.0,"played":[0.9997,3.0E-4],"evs":[0.0,-0.27447]},"92o":{"weight":0.0,"played":[0.9991,9.0E-4],"evs":[0.0,-0.16153]},"T2o":{"weight":0.0,"played":[0.9835,0.0165],"evs":[0.0,-0.06727]},"J2o":{"weight":0.0,"played":[0.0089,0.9911],"evs":[0.0,0.07789]},"Q2o":{"weight":0.0,"played":[0.0243,0.9757],"evs":[0.0,0.15191]},"K2o":{"weight":0.0,"played":[2.0E-4,0.9998],"evs":[0.0,0.34192]},"A2o":{"weight":0.0,"played":[0.0,1.0],"evs":[0.0,0.79081]},"32s":{"weight":0.0,"played":[0.0,1.0],"evs":[0.0,0.53685]},"33":{"weight":0.2938,"played":[0.0,1.0],"evs":[0.0,2.77355]},"43o":{"weight":0.0,"played":[0.0021,0.9979],"evs":[0.0,0.09135]},"53o":{"weight":0.0,"played":[0.0,1.0],"evs":[0.0,0.27031]},"63o":{"weight":0.0,"played":[0.0015,0.9985],"evs":[0.0,0.19835]},"73o":{"weight":0.0,"played":[0.9724,0.0276],"evs":[0.0,-0.03836]},"83o":{"weight":0.0,"played":[0.9992,8.0E-4],"evs":[0.0,-0.27798]},"93o":{"weight":0.0,"played":[0.9685,0.0315],"evs":[0.0,-0.17137]},"T3o":{"weight":0.0,"played":[0.8537,0.1463],"evs":[0.0,-0.03998]},"J3o":{"weight":0.0,"played":[4.0E-4,0.9996],"evs":[0.0,0.23076]},"Q3o":{"weight":0.0,"played":[0.0041,0.9959],"evs":[0.0,0.31176]},"K3o":{"weight":0.0,"played":[0.0,1.0],"evs":[0.0,0.46404]},"A3o":{"weight":0.0,"played":[0.0,1.0],"evs":[0.0,0.90717]},"42s":{"weight":0.0,"played":[0.0,1.0],"evs":[0.0,0.63104]},"43s":{"weight":0.0,"played":[0.0,1.0],"evs":[0.0,1.00849]},"44":{"weight":0.9999,"played":[0.0,1.0],"evs":[0.0,2.92879]},"54o":{"weight":0.0,"played":[0.0,1.0],"evs":[0.0,0.71016]},"64o":{"weight":0.0,"played":[0.0,1.0],"evs":[0.0,0.5234]},"74o":{"weight":0.0,"played":[0.0,1.0],"evs":[0.0,0.3032]},"84o":{"weight":0.0,"played":[0.0037,0.9963],"evs":[0.0,0.13248]},"94o":{"weight":0.0,"played":[0.9878,0.0122],"evs":[0.0,-0.12787]},"T4o":{"weight":0.0,"played":[0.0011,0.9989],"evs":[0.0,0.07116]},"J4o":{"weight":0.0,"played":[0.0051,0.9949],"evs":[0.0,0.30681]},"Q4o":{"weight":0.0,"played":[0.0,1.0],"evs":[0.0,0.34804]},"K4o":{"weight":0.0,"played":[0.0,1.0],"evs":[0.0,0.50653]},"A4o":{"weight":0.0,"played":[0.0,1.0],"evs":[0.0,1.00865]},"52s":{"weight":0.0,"played":[0.0,1.0],"evs":[0.0,0.99105]},"53s":{"weight":0.0,"played":[0.0,1.0],"evs":[0.0,1.2007]},"54s":{"weight":0.8935,"played":[0.0,1.0],"evs":[0.0,1.46844]},"55":{"weight":1.0,"played":[0.0,1.0],"evs":[0.0,3.58069]},"65o":{"weight":0.0,"played":[0.0,1.0],"evs":[0.0,0.89935]},"75o":{"weight":0.0,"played":[0.0,1.0],"evs":[0.0,0.67794]},"85o":{"weight":0.0,"played":[0.0,1.0],"evs":[0.0,0.51662]},"95o":{"weight":0.0,"played":[0.0,1.0],"evs":[0.0,0.33201]},"T5o":{"weight":0.0,"played":[0.0,1.0],"evs":[0.0,0.24544]},"J5o":{"weight":0.0,"played":[0.0,1.0],"evs":[0.0,0.46735]},"Q5o":{"weight":0.0,"played":[0.0,1.0],"evs":[0.0,0.50137]},"K5o":{"weight":0.0,"played":[0.0,1.0],"evs":[0.0,0.63329]},"A5o":{"weight":0.0,"played":[0.0,1.0],"evs":[0.0,1.19154]},"62s":{"weight":0.0,"played":[0.0,1.0],"evs":[0.0,0.69888]},"63s":{"weight":0.0,"played":[0.0,1.0],"evs":[0.0,1.04605]},"64s":{"weight":0.0,"played":[0.0,1.0],"evs":[0.0,1.33821]},"65s":{"weight":0.9997,"played":[0.0,1.0],"evs":[0.0,1.60984]},"66":{"weight":1.0,"played":[0.0,1.0],"evs":[0.0,4.24301]},"76o":{"weight":0.0,"played":[0.0,1.0],"evs":[0.0,1.02856]},"86o":{"weight":0.0,"played":[0.0,1.0],"evs":[0.0,0.8834]},"96o":{"weight":0.0,"played":[0.0,1.0],"evs":[0.0,0.6755]},"T6o":{"weight":0.0,"played":[0.0,1.0],"evs":[0.0,0.62648]},"J6o":{"weight":0.0,"played":[0.0,1.0],"evs":[0.0,0.49706]},"Q6o":{"weight":0.0,"played":[0.0,1.0],"evs":[0.0,0.6319]},"K6o":{"weight":0.0,"played":[0.0,1.0],"evs":[0.0,0.89355]},"A6o":{"weight":0.0,"played":[0.0,1.0],"evs":[0.0,0.97966]},"72s":{"weight":0.0,"played":[0.0,1.0],"evs":[0.0,0.43835]},"73s":{"weight":0.0,"played":[0.0,1.0],"evs":[0.0,0.81274]},"74s":{"weight":0.0,"played":[1.0E-4,0.9999],"evs":[0.0,0.98936]},"75s":{"weight":0.0,"played":[0.0,1.0],"evs":[0.0,1.45648]},"76s":{"weight":0.9999,"played":[0.0,1.0],"evs":[0.0,1.87053]},"77":{"weight":0.0984,"played":[0.0,1.0],"evs":[0.0,4.7348]},"87o":{"weight":0.0,"played":[0.0,1.0],"evs":[0.0,1.12582]},"97o":{"weight":0.0,"played":[0.0,1.0],"evs":[0.0,1.00927]},"T7o":{"weight":0.0,"played":[0.0,1.0],"evs":[0.0,0.85022]},"J7o":{"weight":0.0,"played":[0.0,1.0],"evs":[0.0,0.75504]},"Q7o":{"weight":0.0,"played":[0.0,1.0],"evs":[0.0,0.67833]},"K7o":{"weight":0.0,"played":[0.0,1.0],"evs":[0.0,0.88379]},"A7o":{"weight":0.0,"played":[0.0,1.0],"evs":[0.0,1.2691]},"82s":{"weight":0.0,"played":[1.0E-4,0.9999],"evs":[0.0,0.59258]},"83s":{"weight":0.0,"played":[4.0E-4,0.9996],"evs":[0.0,0.57386]},"84s":{"weight":0.0,"played":[0.0,1.0],"evs":[0.0,0.95246]},"85s":{"weight":0.0,"played":[0.0,1.0],"evs":[0.0,1.26886]},"86s":{"weight":0.9024,"played":[0.0,1.0],"evs":[0.0,1.58307]},"87s":{"weight":0.9996,"played":[0.0,1.0],"evs":[0.0,1.83668]},"88":{"weight":2.0E-4,"played":[0.0,1.0],"evs":[0.0,5.24235]},"98o":{"weight":0.0,"played":[0.0,1.0],"evs":[0.0,1.25233]},"T8o":{"weight":0.0,"played":[0.0,1.0],"evs":[0.0,1.15]},"J8o":{"weight":0.0,"played":[0.0,1.0],"evs":[0.0,1.09792]},"Q8o":{"weight":0.0,"played":[0.0,1.0],"evs":[0.0,0.82022]},"K8o":{"weight":0.0,"played":[0.0,1.0],"evs":[0.0,0.7457]},"A8o":{"weight":4.0E-4,"played":[0.0,1.0],"evs":[0.0,1.66152]},"92s":{"weight":0.0,"played":[0.0,1.0],"evs":[0.0,0.66806]},"93s":{"weight":0.0,"played":[0.0,1.0],"evs":[0.0,0.75428]},"94s":{"weight":0.0,"played":[0.0,1.0],"evs":[0.0,0.77057]},"95s":{"weight":0.0,"played":[0.0,1.0],"evs":[0.0,1.13983]},"96s":{"weight":0.0,"played":[0.0,1.0],"evs":[0.0,1.40072]},"97s":{"weight":0.998,"played":[0.0,1.0],"evs":[0.0,1.7003]},"98s":{"weight":1.0,"played":[0.0,1.0],"evs":[0.0,2.03148]},"99":{"weight":1.0E-4,"played":[0.0,1.0],"evs":[0.0,6.07792]},"T9o":{"weight":0.0,"played":[0.0,1.0],"evs":[0.0,1.33359]},"J9o":{"weight":0.0,"played":[0.0,1.0],"evs":[0.0,1.27273]},"Q9o":{"weight":0.0,"played":[0.0,1.0],"evs":[0.0,1.16843]},"K9o":{"weight":0.0,"played":[0.0,1.0],"evs":[0.0,1.07]},"A9o":{"weight":1.0,"played":[0.0,1.0],"evs":[0.0,2.23637]},"T2s":{"weight":0.0,"played":[0.0,1.0],"evs":[0.0,0.75627]},"T3s":{"weight":0.0,"played":[0.0,1.0],"evs":[0.0,0.78144]},"T4s":{"weight":0.0,"played":[0.0,1.0],"evs":[0.0,0.87653]},"T5s":{"weight":0.0,"played":[0.0,1.0],"evs":[0.0,1.02247]},"T6s":{"weight":0.0,"played":[0.0,1.0],"evs":[0.0,1.28453]},"T7s":{"weight":0.0,"played":[0.0,1.0],"evs":[0.0,1.64715]},"T8s":{"weight":0.9999,"played":[0.0,1.0],"evs":[0.0,1.933]},"T9s":{"weight":0.8824,"played":[0.0,1.0],"evs":[0.0,2.05143]},"TT":{"weight":0.0,"played":[0.0,1.0],"evs":[0.0,6.88504]},"JTo":{"weight":0.0,"played":[0.0,1.0],"evs":[0.0,1.74921]},"QTo":{"weight":3.0E-4,"played":[0.0,1.0],"evs":[0.0,1.58463]},"KTo":{"weight":0.3674,"played":[0.0,1.0],"evs":[0.0,1.55354]},"ATo":{"weight":1.0,"played":[0.0,1.0],"evs":[0.0,3.22314]},"J2s":{"weight":0.0,"played":[1.0E-4,0.9999],"evs":[0.0,0.92107]},"J3s":{"weight":0.0,"played":[0.0,1.0],"evs":[0.0,0.97341]},"J4s":{"weight":0.0,"played":[0.0,1.0],"evs":[0.0,1.16274]},"J5s":{"weight":0.0,"played":[0.0,1.0],"evs":[0.0,1.17792]},"J6s":{"weight":0.0,"played":[0.0,1.0],"evs":[0.0,1.40927]},"J7s":{"weight":0.0,"played":[0.0,1.0],"evs":[0.0,1.52356]},"J8s":{"weight":0.9965,"played":[0.0,1.0],"evs":[0.0,1.83275]},"J9s":{"weight":0.9982,"played":[0.0,1.0],"evs":[0.0,2.02201]},"JTs":{"weight":0.4462,"played":[0.0,1.0],"evs":[0.0,2.39877]},"JJ":{"weight":0.0,"played":[0.0,1.0],"evs":[0.0,7.66469]},"QJo":{"weight":0.9992,"played":[0.0,1.0],"evs":[0.0,1.79167]},"KJo":{"weight":0.9097,"played":[0.0,1.0],"evs":[0.0,1.72514]},"AJo":{"weight":1.0,"played":[0.0,1.0],"evs":[0.0,4.27454]},"Q2s":{"weight":0.0,"played":[2.0E-4,0.9998],"evs":[0.0,0.98702]},"Q3s":{"weight":0.0,"played":[0.0,1.0],"evs":[0.0,0.97739]},"Q4s":{"weight":0.0,"played":[0.0,1.0],"evs":[0.0,1.1462]},"Q5s":{"weight":0.0,"played":[0.0,1.0],"evs":[0.0,1.31648]},"Q6s":{"weight":2.0E-4,"played":[0.0,1.0],"evs":[0.0,1.41719]},"Q7s":{"weight":0.0,"played":[0.0,1.0],"evs":[0.0,1.39472]},"Q8s":{"weight":0.7497,"played":[0.0,1.0],"evs":[0.0,1.60385]},"Q9s":{"weight":0.1199,"played":[0.0,1.0],"evs":[0.0,1.85978]},"QTs":{"weight":0.8714,"played":[0.0,1.0],"evs":[0.0,2.26414]},"QJs":{"weight":1.0,"played":[0.0,1.0],"evs":[0.0,2.49901]},"QQ":{"weight":0.002,"played":[0.0,1.0],"evs":[0.0,8.71718]},"KQo":{"weight":1.0,"played":[0.0,1.0],"evs":[0.0,2.09929]},"AQo":{"weight":3.0E-4,"played":[0.0,1.0],"evs":[0.0,5.45021]},"K2s":{"weight":0.0,"played":[0.0,1.0],"evs":[0.0,1.28187]},"K3s":{"weight":0.0,"played":[0.0,1.0],"evs":[0.0,1.16396]},"K4s":{"weight":0.0,"played":[0.0,1.0],"evs":[0.0,1.35187]},"K5s":{"weight":0.0,"played":[0.0,1.0],"evs":[0.0,1.53511]},"K6s":{"weight":0.9928,"played":[0.0,1.0],"evs":[0.0,1.6773]},"K7s":{"weight":0.9398,"played":[0.0,1.0],"evs":[0.0,1.6897]},"K8s":{"weight":0.8059,"played":[0.0,1.0],"evs":[0.0,1.59226]},"K9s":{"weight":5.0E-4,"played":[0.0,1.0],"evs":[0.0,1.91437]},"KTs":{"weight":0.9522,"played":[0.0,1.0],"evs":[0.0,2.20739]},"KJs":{"weight":1.0,"played":[0.0,1.0],"evs":[0.0,2.44698]},"KQs":{"weight":1.0,"played":[0.0,1.0],"evs":[0.0,2.94741]},"KK":{"weight":0.9935,"played":[0.0,1.0],"evs":[0.0,9.71628]},"AKo":{"weight":0.0,"played":[0.0,1.0],"evs":[0.0,6.52135]},"A2s":{"weight":0.4715,"played":[0.0,1.0],"evs":[0.0,1.56855]},"A3s":{"weight":0.2117,"played":[0.0,1.0],"evs":[0.0,1.76121]},"A4s":{"weight":0.9979,"played":[0.0,1.0],"evs":[0.0,1.7553]},"A5s":{"weight":0.2528,"played":[0.0,1.0],"evs":[0.0,1.93943]},"A6s":{"weight":0.9432,"played":[0.0,1.0],"evs":[0.0,1.89497]},"A7s":{"weight":0.5509,"played":[0.0,1.0],"evs":[0.0,2.04869]},"A8s":{"weight":1.0,"played":[0.0,1.0],"evs":[0.0,2.5058]},"A9s":{"weight":1.0,"played":[0.0,1.0],"evs":[0.0,2.9468]},"ATs":{"weight":1.0,"played":[0.0,1.0],"evs":[0.0,3.96662]},"AJs":{"weight":0.9998,"played":[0.0,1.0],"evs":[0.0,4.83261]},"AQs":{"weight":0.4372,"played":[0.0,1.0],"evs":[0.0,5.91013]},"AKs":{"weight":0.0,"played":[0.0,1.0],"evs":[0.0,6.99002]},"AA":{"weight":0.9951,"played":[0.0,1.0],"evs":[0.0,12.57591]}}}