{"player":0,"street":0,"children":2,"sequence":[{"player":0,"type":"R","amount":200000,"street":0},{"player":1,"type":"F","amount":0,"street":0},{"player":2,"type":"C","amount":200000,"street":0},{"player":3,"type":"F","amount":0,"street":0},{"player":4,"type":"F","amount":0,"street":0},{"player":5,"type":"R","amount":815000,"street":0},{"player":0,"type":"C","amount":615000,"street":0},{"player":2,"type":"R","amount":2185000,"street":0}],"actions":[{"type":"F","amount":0},{"type":"C","amount":1370000}],"hands":{"22":{"weight":0.0,"played":[0.0,1.0],"evs":[0.0,4.89722]},"32o":{"weight":0.0,"played":[1.0,0.0],"evs":[0.0,-1.23221]},"42o":{"weight":0.0,"played":[1.0,0.0],"evs":[0.0,-1.19228]},"52o":{"weight":0.0,"played":[0.9992,8.0E-4],"evs":[0.0,-0.31965]},"62o":{"weight":0.0,"played":[0.9994,6.0E-4],"evs":[0.0,-0.66943]},"72o":{"weight":0.0,"played":[0.9999,1.0E-4],"evs":[0.0,-0.87203]},"82o":{"weight":0.0,"played":[1.0,0.0],"evs":[0.0,-0.90777]},"92o":{"weight":0.0,"played":[0.9999,1.0E-4],"evs":[0.0,-1.24548]},"T2o":{"weight":0.0,"played":[1.0,0.0],"evs":[0.0,-1.22886]},"J2o":{"weight":0.0,"played":[1.0,0.0],"evs":[0.0,-1.38493]},"Q2o":{"weight":0.0,"played":[0.9987,0.0013],"evs":[0.0,-0.72295]},"K2o":{"weight":0.0,"played":[0.9652,0.0348],"evs":[0.0,-0.24786]},"A2o":{"weight":0.0,"played":[0.0021,0.9979],"evs":[0.0,1.5745]},"32s":{"weight":0.0,"played":[0.0048,0.9952],"evs":[0.0,0.49882]},"33":{"weight":0.0308,"played":[0.0,1.0],"evs":[0.0,5.17529]},"43o":{"weight":0.0,"played":[0.9994,6.0E-4],"evs":[0.0,-0.35028]},"53o":{"weight":0.0,"played":[0.3136,0.6864],"evs":[0.0,0.47809]},"63o":{"weight":0.0,"played":[0.2557,0.7443],"evs":[0.0,0.33886]},"73o":{"weight":0.0,"played":[0.9999,1.0E-4],"evs":[0.0,-0.38704]},"83o":{"weight":0.0,"played":[0.9996,4.0E-4],"evs":[0.0,-0.68098]},"93o":{"weight":0.0,"played":[1.0,0.0],"evs":[0.0,-0.7793]},"T3o":{"weight":0.0,"played":[0.9999,1.0E-4],"evs":[0.0,-1.10456]},"J3o":{"weight":0.0,"played":[1.0,0.0],"evs":[0.0,-1.23742]},"Q3o":{"weight":0.0,"played":[0.9991,9.0E-4],"evs":[0.0,-0.30257]},"K3o":{"weight":0.0,"played":[0.6533,0.3467],"evs":[0.0,-0.13912]},"A3o":{"weight":0.0,"played":[1.0E-4,0.9999],"evs":[0.0,2.0501]},"42s":{"weight":0.0,"played":[0.0332,0.9668],"evs":[0.0,0.77519]},"43s":{"weight":0.0,"played":[0.0,1.0],"evs":[0.0,1.87129]},"44":{"weight":1.0E-4,"played":[0.0,1.0],"evs":[0.0,6.17098]},"54o":{"weight":0.0,"played":[0.0,1.0],"evs":[0.0,1.06873]},"64o":{"weight":0.0,"played":[0.0011,0.9989],"evs":[0.0,0.99565]},"74o":{"weight":0.0,"played":[0.0035,0.9965],"evs":[0.0,0.46342]},"84o":{"weight":0.0,"played":[0.7774,0.2226],"evs":[0.0,0.10599]},"94o":{"weight":0.0,"played":[0.9998,2.0E-4],"evs":[0.0,-1.11219]},"T4o":{"weight":0.0,"played":[0.999,0.001],"evs":[0.0,-0.87342]},"J4o":{"weight":0.0,"played":[0.9991,9.0E-4],"evs":[0.0,-0.93481]},"Q4o":{"weight":0.0,"played":[0.4843,0.5157],"evs":[0.0,0.01384]},"K4o":{"weight":0.0,"played":[0.1108,0.8892],"evs":[0.0,0.01934]},"A4o":{"weight":0.0,"played":[0.0,1.0],"evs":[0.0,2.00055]},"52s":{"weight":0.0,"played":[4.0E-4,0.9996],"evs":[0.0,1.35444]},"53s":{"weight":0.0,"played":[0.0,1.0],"evs":[0.0,2.2562]},"54s":{"weight":0.0,"played":[0.0,1.0],"evs":[0.0,3.67719]},"55":{"weight":1.0E-4,"played":[0.0,1.0],"evs":[0.0,8.12409]},"65o":{"weight":0.0,"played":[2.0E-4,0.9998],"evs":[0.0,2.25515]},"75o":{"weight":0.0,"played":[0.0,1.0],"evs":[0.0,1.72065]},"85o":{"weight":0.0,"played":[0.0062,0.9938],"evs":[0.0,1.15588]},"95o":{"weight":0.0,"played":[0.001,0.999],"evs":[0.0,0.39461]},"T5o":{"weight":0.0,"played":[0.9996,4.0E-4],"evs":[0.0,-0.66786]},"J5o":{"weight":0.0,"played":[0.997,0.003],"evs":[0.0,-0.35907]},"Q5o":{"weight":0.0,"played":[0.0225,0.9775],"evs":[0.0,0.37568]},"K5o":{"weight":0.0,"played":[0.0,1.0],"evs":[0.0,0.39654]},"A5o":{"weight":0.0,"played":[0.0,1.0],"evs":[0.0,2.68443]},"62s":{"weight":0.0,"played":[0.0117,0.9883],"evs":[0.0,0.9967]},"63s":{"weight":0.0,"played":[0.0056,0.9944],"evs":[0.0,1.97133]},"64s":{"weight":0.0,"played":[0.0,1.0],"evs":[0.0,2.9641]},"65s":{"weight":0.0,"played":[0.0,1.0],"evs":[0.0,3.99389]},"66":{"weight":0.0,"played":[0.0,1.0],"evs":[0.0,9.54558]},"76o":{"weight":0.0,"played":[0.0,1.0],"evs":[0.0,2.41664]},"86o":{"weight":0.0,"played":[6.0E-4,0.9994],"evs":[0.0,2.18609]},"96o":{"weight":0.0,"played":[0.0,1.0],"evs":[0.0,1.55627]},"T6o":{"weight":0.0,"played":[0.1094,0.8906],"evs":[0.0,0.20062]},"J6o":{"weight":0.0,"played":[0.7588,0.2412],"evs":[0.0,-0.0865]},"Q6o":{"weight":0.0,"played":[4.0E-4,0.9996],"evs":[0.0,0.66369]},"K6o":{"weight":0.0,"played":[0.0,1.0],"evs":[0.0,1.3813]},"A6o":{"weight":0.0,"played":[0.0,1.0],"evs":[0.0,2.66795]},"72s":{"weight":0.0,"played":[9.0E-4,0.9991],"evs":[0.0,0.80154]},"73s":{"weight":0.0,"played":[0.0011,0.9989],"evs":[0.0,1.84165]},"74s":{"weight":0.0,"played":[0.0,1.0],"evs":[0.0,2.3012]},"75s":{"weight":0.0,"played":[0.0,1.0],"evs":[0.0,3.89602]},"76s":{"weight":0.0,"played":[0.0,1.0],"evs":[0.0,4.43653]},"77":{"weight":0.0065,"played":[0.0,1.0],"evs":[0.0,10.55852]},"87o":{"weight":0.0,"played":[0.0,1.0],"evs":[0.0,2.60559]},"97o":{"weight":0.0,"played":[0.0,1.0],"evs":[0.0,1.94992]},"T7o":{"weight":0.0,"played":[0.0,1.0],"evs":[0.0,1.29115]},"J7o":{"weight":0.0,"played":[1.0E-4,0.9999],"evs":[0.0,0.78849]},"Q7o":{"weight":0.0,"played":[2.0E-4,0.9998],"evs":[0.0,0.75582]},"K7o":{"weight":0.0,"played":[0.0,1.0],"evs":[0.0,1.19236]},"A7o":{"weight":0.0,"played":[0.0,1.0],"evs":[0.0,3.04574]},"82s":{"weight":0.0,"played":[0.0123,0.9877],"evs":[0.0,0.99479]},"83s":{"weight":0.0,"played":[0.0064,0.9936],"evs":[0.0,1.27033]},"84s":{"weight":0.0,"played":[1.0E-4,0.9999],"evs":[0.0,1.57332]},"85s":{"weight":0.0,"played":[2.0E-4,0.9998],"evs":[0.0,2.80384]},"86s":{"weight":0.0,"played":[2.0E-4,0.9998],"evs":[0.0,3.83323]},"87s":{"weight":0.0,"played":[0.0,1.0],"evs":[0.0,4.53421]},"88":{"weight":0.1245,"played":[0.0,1.0],"evs":[0.0,11.00556]},"98o":{"weight":0.0,"played":[0.0,1.0],"evs":[0.0,2.65619]},"T8o":{"weight":0.0,"played":[0.0,1.0],"evs":[0.0,2.06656]},"J8o":{"weight":0.0,"played":[0.0,1.0],"evs":[0.0,1.36863]},"Q8o":{"weight":0.0,"played":[2.0E-4,0.9998],"evs":[0.0,1.17353]},"K8o":{"weight":0.0,"played":[2.0E-4,0.9998],"evs":[0.0,1.14691]},"A8o":{"weight":0.0,"played":[0.0,1.0],"evs":[0.0,3.58505]},"92s":{"weight":0.0,"played":[0.0044,0.9956],"evs":[0.0,0.92773]},"93s":{"weight":0.0,"played":[0.004,0.996],"evs":[0.0,0.6639]},"94s":{"weight":0.0,"played":[0.003,0.997],"evs":[0.0,1.48371]},"95s":{"weight":0.0,"played":[0.0,1.0],"evs":[0.0,2.66065]},"96s":{"weight":0.0,"played":[0.0,1.0],"evs":[0.0,3.30925]},"97s":{"weight":0.0,"played":[0.0,1.0],"evs":[0.0,3.83452]},"98s":{"weight":0.0262,"played":[0.0,1.0],"evs":[0.0,4.15127]},"99":{"weight":2.0E-4,"played":[0.0,1.0],"evs":[0.0,11.70597]},"T9o":{"weight":0.0,"played":[1.0E-4,0.9999],"evs":[0.0,2.50101]},"J9o":{"weight":0.0,"played":[1.0E-4,0.9999],"evs":[0.0,1.36254]},"Q9o":{"weight":0.0,"played":[0.0,1.0],"evs":[0.0,1.74698]},"K9o":{"weight":0.0,"played":[0.0,1.0],"evs":[0.0,1.31748]},"A9o":{"weight":2.0E-4,"played":[0.0,1.0],"evs":[0.0,4.41979]},"T2s":{"weight":0.0,"played":[0.0023,0.9977],"evs":[0.0,1.21244]},"T3s":{"weight":0.0,"played":[0.0187,0.9813],"evs":[0.0,0.56213]},"T4s":{"weight":0.0,"played":[6.0E-4,0.9994],"evs":[0.0,1.3356]},"T5s":{"weight":0.0,"played":[8.0E-4,0.9992],"evs":[0.0,1.20136]},"T6s":{"weight":0.0,"played":[0.0,1.0],"evs":[0.0,2.61592]},"T7s":{"weight":0.0,"played":[2.0E-4,0.9998],"evs":[0.0,3.469]},"T8s":{"weight":0.0,"played":[0.0,1.0],"evs":[0.0,4.0073]},"T9s":{"weight":2.0E-4,"played":[0.0,1.0],"evs":[0.0,4.35956]},"TT":{"weight":0.0,"played":[0.0,1.0],"evs":[0.0,13.30449]},"JTo":{"weight":0.0,"played":[0.0,1.0],"evs":[0.0,2.26632]},"QTo":{"weight":0.0,"played":[0.0,1.0],"evs":[0.0,2.04779]},"KTo":{"weight":0.0,"played":[0.0,1.0],"evs":[0.0,2.38281]},"ATo":{"weight":0.0,"played":[0.0,1.0],"evs":[0.0,6.7171]},"J2s":{"weight":0.0,"played":[0.0024,0.9976],"evs":[0.0,0.6078]},"J3s":{"weight":0.0,"played":[1.0E-4,0.9999],"evs":[0.0,1.37167]},"J4s":{"weight":0.0,"played":[0.0052,0.9948],"evs":[0.0,1.0323]},"J5s":{"weight":0.0,"played":[0.0,1.0],"evs":[0.0,1.55114]},"J6s":{"weight":0.0,"played":[2.0E-4,0.9998],"evs":[0.0,2.2079]},"J7s":{"weight":0.0,"played":[0.0,1.0],"evs":[0.0,2.6044]},"J8s":{"weight":0.0,"played":[0.0,1.0],"evs":[0.0,3.1773]},"J9s":{"weight":0.0,"played":[0.0,1.0],"evs":[0.0,3.57254]},"JTs":{"weight":0.2852,"played":[0.0,1.0],"evs":[0.0,4.25425]},"JJ":{"weight":0.0,"played":[0.0,1.0],"evs":[0.0,15.71716]},"QJo":{"weight":0.0,"played":[0.0,1.0],"evs":[0.0,2.25321]},"KJo":{"weight":4.0E-4,"played":[0.0,1.0],"evs":[0.0,3.22718]},"AJo":{"weight":0.0,"played":[0.0,1.0],"evs":[0.0,9.69689]},"Q2s":{"weight":0.0,"played":[0.0,1.0],"evs":[0.0,0.95468]},"Q3s":{"weight":0.0,"played":[0.0,1.0],"evs":[0.0,1.64115]},"Q4s":{"weight":0.0,"played":[2.0E-4,0.9998],"evs":[0.0,1.63273]},"Q5s":{"weight":0.0,"played":[0.0,1.0],"evs":[0.0,2.71346]},"Q6s":{"weight":0.0,"played":[2.0E-4,0.9998],"evs":[0.0,2.85795]},"Q7s":{"weight":0.0,"played":[0.0,1.0],"evs":[0.0,3.0262]},"Q8s":{"weight":0.0,"played":[0.0,1.0],"evs":[0.0,3.62453]},"Q9s":{"weight":0.0,"played":[0.0,1.0],"evs":[0.0,3.55734]},"QTs":{"weight":0.0014,"played":[0.0,1.0],"evs":[0.0,4.2969]},"QJs":{"weight":0.0,"played":[0.0,1.0],"evs":[0.0,4.17629]},"QQ":{"weight":0.0,"played":[0.0,1.0],"evs":[0.0,17.89844]},"KQo":{"weight":2.0E-4,"played":[0.0,1.0],"evs":[0.0,5.96738]},"AQo":{"weight":0.0016,"played":[0.0,1.0],"evs":[0.0,12.02138]},"K2s":{"weight":0.0,"played":[0.0,1.0],"evs":[0.0,1.68871]},"K3s":{"weight":0.0,"played":[0.0,1.0],"evs":[0.0,1.85797]},"K4s":{"weight":0.0,"played":[2.0E-4,0.9998],"evs":[0.0,2.05058]},"K5s":{"weight":0.0,"played":[0.0,1.0],"evs":[0.0,3.0435]},"K6s":{"weight":0.0,"played":[0.0,1.0],"evs":[0.0,3.63526]},"K7s":{"weight":0.0,"played":[0.0,1.0],"evs":[0.0,3.33761]},"K8s":{"weight":0.0,"played":[0.0,1.0],"evs":[0.0,2.97112]},"K9s":{"weight":0.0,"played":[0.0,1.0],"evs":[0.0,3.60087]},"KTs":{"weight":0.0857,"played":[0.0,1.0],"evs":[0.0,4.06013]},"KJs":{"weight":4.0E-4,"played":[0.0,1.0],"evs":[0.0,5.23279]},"KQs":{"weight":0.0,"played":[0.0,1.0],"evs":[0.0,7.40997]},"KK":{"weight":0.0749,"played":[0.0,1.0],"evs":[0.0,21.87919]},"AKo":{"weight":0.0078,"played":[0.0,1.0],"evs":[0.0,13.91432]},"A2s":{"weight":0.0,"played":[0.0,1.0],"evs":[0.0,3.87205]},"A3s":{"weight":0.0,"played":[0.0,1.0],"evs":[0.0,3.6812]},"A4s":{"weight":9.0E-4,"played":[0.0,1.0],"evs":[0.0,4.14107]},"A5s":{"weight":2.0E-4,"played":[0.0,1.0],"evs":[0.0,4.65564]},"A6s":{"weight":0.0111,"played":[0.0,1.0],"evs":[0.0,4.5583]},"A7s":{"weight":0.0044,"played":[0.0,1.0],"evs":[0.0,5.01641]},"A8s":{"weight":0.0272,"played":[0.0,1.0],"evs":[0.0,5.54021]},"A9s":{"weight":0.0,"played":[0.0,1.0],"evs":[0.0,5.74557]},"ATs":{"weight":1.0E-4,"played":[0.0,1.0],"evs":[0.0,8.29859]},"AJs":{"weight":6.0E-4,"played":[0.0,1.0],"evs":[0.0,11.48519]},"AQs":{"weight":0.026,"played":[0.0,1.0],"evs":[0.0,13.33498]},"AKs":{"weight":0.0725,"played":[0.0,1.0],"evs":[0.0,14.81859]},"AA":{"weight":0.1355,"played":[0.0,1.0],"evs":[0.0,28.96569]}}}