{"player":2,"street":0,"children":2,"sequence":[{"player":0,"type":"R","amount":200000,"street":0},{"player":1,"type":"F","amount":0,"street":0},{"player":2,"type":"C","amount":200000,"street":0},{"player":3,"type":"F","amount":0,"street":0},{"player":4,"type":"C","amount":150000,"street":0},{"player":5,"type":"R","amount":815000,"street":0},{"player":0,"type":"F","amount":0,"street":0}],"actions":[{"type":"F","amount":0,"node":256},{"type":"C","amount":615000,"node":257}],"hands":{"22":{"weight":0.0208,"played":[0.0,1.0],"evs":[0.0,2.85705]},"32o":{"weight":0.0,"played":[0.2326,0.7674],"evs":[0.0,0.24797]},"42o":{"weight":0.0,"played":[0.0,1.0],"evs":[0.0,0.49712]},"52o":{"weight":0.0,"played":[0.001,0.999],"evs":[0.0,0.83431]},"62o":{"weight":0.0,"played":[0.0276,0.9724],"evs":[0.0,0.43734]},"72o":{"weight":0.0,"played":[0.604,0.396],"evs":[0.0,-0.1065]},"82o":{"weight":0.0,"played":[0.2536,0.7464],"evs":[0.0,0.17145]},"92o":{"weight":0.0,"played":[0.0217,0.9783],"evs":[0.0,0.43135]},"T2o":{"weight":0.0,"played":[0.154,0.846],"evs":[0.0,0.14667]},"J2o":{"weight":0.0,"played":[8.0E-4,0.9992],"evs":[0.0,0.40756]},"Q2o":{"weight":0.0,"played":[3.0E-4,0.9997],"evs":[0.0,0.39626]},"K2o":{"weight":0.0,"played":[1.0E-4,0.9999],"evs":[0.0,0.69803]},"A2o":{"weight":0.0,"played":[0.0,1.0],"evs":[0.0,2.42224]},"32s":{"weight":0.0,"played":[1.0E-4,0.9999],"evs":[0.0,1.24015]},"33":{"weight":0.2938,"played":[0.0,1.0],"evs":[0.0,3.39665]},"43o":{"weight":0.0,"played":[0.0,1.0],"evs":[0.0,1.02716]},"53o":{"weight":0.0,"played":[0.0,1.0],"evs":[0.0,1.06527]},"63o":{"weight":0.0,"played":[3.0E-4,0.9997],"evs":[0.0,1.19114]},"73o":{"weight":0.0,"played":[0.0023,0.9977],"evs":[0.0,0.60327]},"83o":{"weight":0.0,"played":[0.2492,0.7508],"evs":[0.0,0.11086]},"93o":{"weight":0.0,"played":[0.0,1.0],"evs":[0.0,0.4369]},"T3o":{"weight":0.0,"played":[0.0613,0.9387],"evs":[0.0,0.0931]},"J3o":{"weight":0.0,"played":[0.002,0.998],"evs":[0.0,0.56461]},"Q3o":{"weight":0.0,"played":[0.0,1.0],"evs":[0.0,0.63432]},"K3o":{"weight":0.0,"played":[0.0,1.0],"evs":[0.0,1.11754]},"A3o":{"weight":0.0,"played":[0.0,1.0],"evs":[0.0,2.54649]},"42s":{"weight":0.0,"played":[3.0E-4,0.9997],"evs":[0.0,2.11288]},"43s":{"weight":0.0,"played":[0.0,1.0],"evs":[0.0,2.66677]},"44":{"weight":0.9999,"played":[0.0,1.0],"evs":[0.0,3.8077]},"54o":{"weight":0.0,"played":[1.0E-4,0.9999],"evs":[0.0,1.72195]},"64o":{"weight":0.0,"played":[0.0,1.0],"evs":[0.0,1.69842]},"74o":{"weight":0.0,"played":[0.0,1.0],"evs":[0.0,1.08176]},"84o":{"weight":0.0,"played":[0.0,1.0],"evs":[0.0,0.82018]},"94o":{"weight":0.0,"played":[0.0,1.0],"evs":[0.0,0.65889]},"T4o":{"weight":0.0,"played":[1.0E-4,0.9999],"evs":[0.0,0.14136]},"J4o":{"weight":0.0,"played":[0.0019,0.9981],"evs":[0.0,0.56456]},"Q4o":{"weight":0.0,"played":[0.0085,0.9915],"evs":[0.0,0.46277]},"K4o":{"weight":0.0,"played":[0.0,1.0],"evs":[0.0,1.16969]},"A4o":{"weight":0.0,"played":[0.0,1.0],"evs":[0.0,2.70585]},"52s":{"weight":0.0,"played":[0.0024,0.9976],"evs":[0.0,1.49536]},"53s":{"weight":0.0,"played":[8.0E-4,0.9992],"evs":[0.0,2.54223]},"54s":{"weight":0.8935,"played":[0.0,1.0],"evs":[0.0,2.3229]},"55":{"weight":1.0,"played":[0.0,1.0],"evs":[0.0,4.85079]},"65o":{"weight":0.0,"played":[1.0E-4,0.9999],"evs":[0.0,1.98274]},"75o":{"weight":0.0,"played":[0.0,1.0],"evs":[0.0,1.84995]},"85o":{"weight":0.0,"played":[0.0031,0.9969],"evs":[0.0,1.10649]},"95o":{"weight":0.0,"played":[0.0,1.0],"evs":[0.0,1.32242]},"T5o":{"weight":0.0,"played":[0.0016,0.9984],"evs":[0.0,0.38328]},"J5o":{"weight":0.0,"played":[2.0E-4,0.9998],"evs":[0.0,0.68488]},"Q5o":{"weight":0.0,"played":[4.0E-4,0.9996],"evs":[0.0,0.74208]},"K5o":{"weight":0.0,"played":[5.0E-4,0.9995],"evs":[0.0,1.43049]},"A5o":{"weight":0.0,"played":[0.0,1.0],"evs":[0.0,3.21297]},"62s":{"weight":0.0,"played":[6.0E-4,0.9994],"evs":[0.0,1.64033]},"63s":{"weight":0.0,"played":[0.0,1.0],"evs":[0.0,1.79865]},"64s":{"weight":0.0,"played":[1.0E-4,0.9999],"evs":[0.0,2.03686]},"65s":{"weight":0.9997,"played":[2.0E-4,0.9998],"evs":[0.0,2.63778]},"66":{"weight":1.0,"played":[0.0,1.0],"evs":[0.0,5.16216]},"76o":{"weight":0.0,"played":[0.0,1.0],"evs":[0.0,2.10521]},"86o":{"weight":0.0,"played":[1.0E-4,0.9999],"evs":[0.0,1.81691]},"96o":{"weight":0.0,"played":[0.0,1.0],"evs":[0.0,1.42008]},"T6o":{"weight":0.0,"played":[0.001,0.999],"evs":[0.0,0.75166]},"J6o":{"weight":0.0,"played":[4.0E-4,0.9996],"evs":[0.0,1.11737]},"Q6o":{"weight":0.0,"played":[0.0,1.0],"evs":[0.0,1.04936]},"K6o":{"weight":0.0,"played":[0.0,1.0],"evs":[0.0,1.32134]},"A6o":{"weight":0.0,"played":[0.0,1.0],"evs":[0.0,3.11212]},"72s":{"weight":0.0,"played":[3.0E-4,0.9997],"evs":[0.0,1.13702]},"73s":{"weight":0.0,"played":[0.0,1.0],"evs":[0.0,2.09232]},"74s":{"weight":0.0,"played":[3.0E-4,0.9997],"evs":[0.0,1.96851]},"75s":{"weight":0.0,"played":[0.0,1.0],"evs":[0.0,2.74519]},"76s":{"weight":0.9999,"played":[0.0,1.0],"evs":[0.0,2.89037]},"77":{"weight":0.0984,"played":[0.0,1.0],"evs":[0.0,5.86744]},"87o":{"weight":0.0,"played":[0.0,1.0],"evs":[0.0,1.54137]},"97o":{"weight":0.0,"played":[0.0,1.0],"evs":[0.0,1.69064]},"T7o":{"weight":0.0,"played":[3.0E-4,0.9997],"evs":[0.0,1.25262]},"J7o":{"weight":0.0,"played":[0.0,1.0],"evs":[0.0,1.33539]},"Q7o":{"weight":0.0,"played":[0.0,1.0],"evs":[0.0,0.7605]},"K7o":{"weight":0.0,"played":[0.0,1.0],"evs":[0.0,2.13401]},"A7o":{"weight":0.0,"played":[0.0,1.0],"evs":[0.0,3.30371]},"82s":{"weight":0.0,"played":[0.0018,0.9982],"evs":[0.0,1.29682]},"83s":{"weight":0.0,"played":[0.0,1.0],"evs":[0.0,1.24977]},"84s":{"weight":0.0,"played":[0.0,1.0],"evs":[0.0,1.75262]},"85s":{"weight":0.0,"played":[6.0E-4,0.9994],"evs":[0.0,2.3377]},"86s":{"weight":0.9024,"played":[0.0,1.0],"evs":[0.0,2.9806]},"87s":{"weight":0.9996,"played":[1.0E-4,0.9999],"evs":[0.0,3.12819]},"88":{"weight":2.0E-4,"played":[0.0,1.0],"evs":[0.0,6.97791]},"98o":{"weight":0.0,"played":[2.0E-4,0.9998],"evs":[0.0,1.89312]},"T8o":{"weight":0.0,"played":[0.0,1.0],"evs":[0.0,1.46018]},"J8o":{"weight":0.0,"played":[0.0,1.0],"evs":[0.0,1.04076]},"Q8o":{"weight":0.0,"played":[0.0,1.0],"evs":[0.0,1.08603]},"K8o":{"weight":0.0,"played":[0.0,1.0],"evs":[0.0,1.49908]},"A8o":{"weight":4.0E-4,"played":[0.0,1.0],"evs":[0.0,3.12245]},"92s":{"weight":0.0,"played":[5.0E-4,0.9995],"evs":[0.0,1.35259]},"93s":{"weight":0.0,"played":[0.0,1.0],"evs":[0.0,1.43186]},"94s":{"weight":0.0,"played":[0.0039,0.9961],"evs":[0.0,1.90828]},"95s":{"weight":0.0,"played":[1.0E-4,0.9999],"evs":[0.0,1.74797]},"96s":{"weight":0.0,"played":[0.0,1.0],"evs":[0.0,2.2027]},"97s":{"weight":0.998,"played":[0.0,1.0],"evs":[0.0,2.61467]},"98s":{"weight":1.0,"played":[1.0E-4,0.9999],"evs":[0.0,2.59795]},"99":{"weight":1.0E-4,"played":[0.0,1.0],"evs":[0.0,7.54132]},"T9o":{"weight":0.0,"played":[0.0,1.0],"evs":[0.0,1.81614]},"J9o":{"weight":0.0,"played":[0.0,1.0],"evs":[0.0,2.1564]},"Q9o":{"weight":0.0,"played":[0.0,1.0],"evs":[0.0,1.79596]},"K9o":{"weight":0.0,"played":[0.0,1.0],"evs":[0.0,1.93172]},"A9o":{"weight":1.0,"played":[0.0,1.0],"evs":[0.0,4.20257]},"T2s":{"weight":0.0,"played":[1.0E-4,0.9999],"evs":[0.0,1.18085]},"T3s":{"weight":0.0,"played":[0.0,1.0],"evs":[0.0,0.66959]},"T4s":{"weight":0.0,"played":[0.0,1.0],"evs":[0.0,1.47999]},"T5s":{"weight":0.0,"played":[0.0,1.0],"evs":[0.0,1.3683]},"T6s":{"weight":0.0,"played":[2.0E-4,0.9998],"evs":[0.0,2.2698]},"T7s":{"weight":0.0,"played":[0.0015,0.9985],"evs":[0.0,2.24524]},"T8s":{"weight":0.9999,"played":[0.0,1.0],"evs":[0.0,2.70079]},"T9s":{"weight":0.8824,"played":[0.0,1.0],"evs":[0.0,2.84498]},"TT":{"weight":0.0,"played":[0.0,1.0],"evs":[0.0,7.95551]},"JTo":{"weight":0.0,"played":[1.0E-4,0.9999],"evs":[0.0,2.30758]},"QTo":{"weight":3.0E-4,"played":[0.0,1.0],"evs":[0.0,2.34994]},"KTo":{"weight":0.3674,"played":[0.0,1.0],"evs":[0.0,2.53465]},"ATo":{"weight":1.0,"played":[0.0,1.0],"evs":[0.0,5.15717]},"J2s":{"weight":0.0,"played":[4.0E-4,0.9996],"evs":[0.0,1.54007]},"J3s":{"weight":0.0,"played":[6.0E-4,0.9994],"evs":[0.0,2.09185]},"J4s":{"weight":0.0,"played":[0.0,1.0],"evs":[0.0,2.00433]},"J5s":{"weight":0.0,"played":[0.0,1.0],"evs":[0.0,1.60253]},"J6s":{"weight":0.0,"played":[0.0,1.0],"evs":[0.0,2.43142]},"J7s":{"weight":0.0,"played":[1.0E-4,0.9999],"evs":[0.0,2.822]},"J8s":{"weight":0.9965,"played":[0.0,1.0],"evs":[0.0,2.04031]},"J9s":{"weight":0.9982,"played":[0.0,1.0],"evs":[0.0,2.9226]},"JTs":{"weight":0.4462,"played":[0.0,1.0],"evs":[0.0,3.55452]},"JJ":{"weight":0.0,"played":[0.0,1.0],"evs":[0.0,9.43117]},"QJo":{"weight":0.9992,"played":[0.0,1.0],"evs":[0.0,2.41871]},"KJo":{"weight":0.9097,"played":[0.0,1.0],"evs":[0.0,3.12676]},"AJo":{"weight":1.0,"played":[0.0,1.0],"evs":[0.0,6.04859]},"Q2s":{"weight":0.0,"played":[4.0E-4,0.9996],"evs":[0.0,1.55568]},"Q3s":{"weight":0.0,"played":[0.0029,0.9971],"evs":[0.0,1.88398]},"Q4s":{"weight":0.0,"played":[3.0E-4,0.9997],"evs":[0.0,1.46678]},"Q5s":{"weight":0.0,"played":[0.0038,0.9962],"evs":[0.0,1.75133]},"Q6s":{"weight":2.0E-4,"played":[1.0E-4,0.9999],"evs":[0.0,2.57535]},"Q7s":{"weight":0.0,"played":[1.0E-4,0.9999],"evs":[0.0,1.8832]},"Q8s":{"weight":0.7497,"played":[0.0,1.0],"evs":[0.0,2.54394]},"Q9s":{"weight":0.1199,"played":[0.0,1.0],"evs":[0.0,3.02919]},"QTs":{"weight":0.8714,"played":[0.0,1.0],"evs":[0.0,3.63935]},"QJs":{"weight":1.0,"played":[0.0,1.0],"evs":[0.0,4.14673]},"QQ":{"weight":0.002,"played":[0.0,1.0],"evs":[0.0,10.65664]},"KQo":{"weight":1.0,"played":[0.0,1.0],"evs":[0.0,3.83101]},"AQo":{"weight":3.0E-4,"played":[0.0,1.0],"evs":[0.0,7.07184]},"K2s":{"weight":0.0,"played":[0.0,1.0],"evs":[0.0,1.91397]},"K3s":{"weight":0.0,"played":[0.0,1.0],"evs":[0.0,1.75647]},"K4s":{"weight":0.0,"played":[0.0,1.0],"evs":[0.0,2.6631]},"K5s":{"weight":0.0,"played":[0.0,1.0],"evs":[0.0,2.52882]},"K6s":{"weight":0.9928,"played":[0.0,1.0],"evs":[0.0,2.69312]},"K7s":{"weight":0.9398,"played":[0.0,1.0],"evs":[0.0,3.13521]},"K8s":{"weight":0.8059,"played":[0.0,1.0],"evs":[0.0,2.25679]},"K9s":{"weight":5.0E-4,"played":[0.0,1.0],"evs":[0.0,3.0633]},"KTs":{"weight":0.9522,"played":[0.0,1.0],"evs":[0.0,4.04563]},"KJs":{"weight":1.0,"played":[0.0,1.0],"evs":[0.0,4.4482]},"KQs":{"weight":1.0,"played":[0.0,1.0],"evs":[0.0,4.67969]},"KK":{"weight":0.9935,"played":[0.0,1.0],"evs":[0.0,12.71256]},"AKo":{"weight":0.0,"played":[0.0,1.0],"evs":[0.0,7.89725]},"A2s":{"weight":0.4715,"played":[2.0E-4,0.9998],"evs":[0.0,3.3413]},"A3s":{"weight":0.2117,"played":[0.0,1.0],"evs":[0.0,4.17055]},"A4s":{"weight":0.9979,"played":[0.0,1.0],"evs":[0.0,4.19062]},"A5s":{"weight":0.2528,"played":[0.0,1.0],"evs":[0.0,3.97992]},"A6s":{"weight":0.9432,"played":[0.0,1.0],"evs":[0.0,4.49648]},"A7s":{"weight":0.5509,"played":[0.0,1.0],"evs":[0.0,4.39177]},"A8s":{"weight":1.0,"played":[0.0,1.0],"evs":[0.0,5.20238]},"A9s":{"weight":1.0,"played":[0.0,1.0],"evs":[0.0,5.09436]},"ATs":{"weight":1.0,"played":[0.0,1.0],"evs":[0.0,5.86248]},"AJs":{"weight":0.9998,"played":[0.0,1.0],"evs":[0.0,7.11023]},"AQs":{"weight":0.4372,"played":[0.0,1.0],"evs":[0.0,7.78525]},"AKs":{"weight":0.0,"played":[0.0,1.0],"evs":[0.0,8.94724]},"AA":{"weight":0.9951,"played":[0.0,1.0],"evs":[0.0,16.16332]}}}