{"player":0,"street":0,"children":3,"sequence":[{"player":0,"type":"R","amount":200000,"street":0},{"player":1,"type":"F","amount":0,"street":0},{"player":2,"type":"C","amount":200000,"street":0},{"player":3,"type":"F","amount":0,"street":0},{"player":4,"type":"R","amount":715000,"street":0},{"player":5,"type":"F","amount":0,"street":0}],"actions":[{"type":"F","amount":0,"node":268},{"type":"C","amount":515000},{"type":"R","amount":2185000,"node":269}],"hands":{"22":{"weight":0.0,"played":[0.0255,0.155,0.8195],"evs":[0.0,0.07167,0.18139]},"32o":{"weight":0.0,"played":[1.0,0.0,0.0],"evs":[0.0,-3.33184,-5.03424]},"42o":{"weight":0.0,"played":[1.0,0.0,0.0],"evs":[0.0,-3.24691,-4.82759]},"52o":{"weight":0.0,"played":[1.0,0.0,0.0],"evs":[0.0,-3.23273,-4.46683]},"62o":{"weight":0.0,"played":[1.0,0.0,0.0],"evs":[0.0,-3.41631,-4.9018]},"72o":{"weight":0.0,"played":[1.0,0.0,0.0],"evs":[0.0,-3.44496,-5.11558]},"82o":{"weight":0.0,"played":[1.0,0.0,0.0],"evs":[0.0,-3.44788,-5.15202]},"92o":{"weight":0.0,"played":[1.0,0.0,0.0],"evs":[0.0,-3.37106,-5.05491]},"T2o":{"weight":0.0,"played":[1.0,0.0,0.0],"evs":[0.0,-3.26697,-4.64654]},"J2o":{"weight":0.0,"played":[1.0,0.0,0.0],"evs":[0.0,-3.27036,-4.52831]},"Q2o":{"weight":0.0,"played":[1.0,0.0,0.0],"evs":[0.0,-3.23402,-3.86514]},"K2o":{"weight":0.0,"played":[1.0,0.0,0.0],"evs":[0.0,-3.05599,-3.28656]},"A2o":{"weight":0.0,"played":[1.0,0.0,0.0],"evs":[0.0,-1.9493,-1.82604]},"32s":{"weight":0.0,"played":[1.0,0.0,0.0],"evs":[0.0,-3.02528,-3.48273]},"33":{"weight":0.3456,"played":[1.0E-4,0.0045,0.9954],"evs":[0.0,0.45862,0.68766]},"43o":{"weight":0.0,"played":[1.0,0.0,0.0],"evs":[0.0,-3.13779,-4.19962]},"53o":{"weight":0.0,"played":[1.0,0.0,0.0],"evs":[0.0,-3.10267,-3.72394]},"63o":{"weight":0.0,"played":[1.0,0.0,0.0],"evs":[0.0,-3.28007,-4.15058]},"73o":{"weight":0.0,"played":[1.0,0.0,0.0],"evs":[0.0,-3.35144,-4.54666]},"83o":{"weight":0.0,"played":[1.0,0.0,0.0],"evs":[0.0,-3.49259,-4.99752]},"93o":{"weight":0.0,"played":[1.0,0.0,0.0],"evs":[0.0,-3.32824,-4.80337]},"T3o":{"weight":0.0,"played":[1.0,0.0,0.0],"evs":[0.0,-3.24457,-4.44477]},"J3o":{"weight":0.0,"played":[1.0,0.0,0.0],"evs":[0.0,-3.25167,-4.35122]},"Q3o":{"weight":0.0,"played":[1.0,0.0,0.0],"evs":[0.0,-3.26282,-3.74579]},"K3o":{"weight":0.0,"played":[1.0,0.0,0.0],"evs":[0.0,-2.98931,-3.10117]},"A3o":{"weight":0.0,"played":[1.0,0.0,0.0],"evs":[0.0,-1.83546,-1.64754]},"42s":{"weight":0.0,"played":[1.0,0.0,0.0],"evs":[0.0,-2.79704,-3.08069]},"43s":{"weight":0.0,"played":[1.0,0.0,0.0],"evs":[0.0,-2.33693,-2.68424]},"44":{"weight":1.0,"played":[0.0,0.0,1.0],"evs":[0.0,1.24352,1.4744]},"54o":{"weight":0.0,"played":[1.0,0.0,0.0],"evs":[0.0,-2.71843,-3.19361]},"64o":{"weight":0.0,"played":[1.0,0.0,0.0],"evs":[0.0,-3.04889,-3.49054]},"74o":{"weight":0.0,"played":[1.0,0.0,0.0],"evs":[0.0,-3.20357,-3.82804]},"84o":{"weight":0.0,"played":[1.0,0.0,0.0],"evs":[0.0,-3.35015,-4.5012]},"94o":{"weight":0.0,"played":[1.0,0.0,0.0],"evs":[0.0,-3.26961,-4.78156]},"T4o":{"weight":0.0,"played":[1.0,0.0,0.0],"evs":[0.0,-3.17895,-4.37979]},"J4o":{"weight":0.0,"played":[1.0,0.0,0.0],"evs":[0.0,-3.18035,-4.18031]},"Q4o":{"weight":0.0,"played":[1.0,0.0,0.0],"evs":[0.0,-3.11566,-3.53647]},"K4o":{"weight":0.0,"played":[1.0,0.0,0.0],"evs":[0.0,-2.92045,-2.9931]},"A4o":{"weight":0.0,"played":[1.0,0.0,0.0],"evs":[0.0,-1.58113,-1.39765]},"52s":{"weight":0.0,"played":[1.0,0.0,0.0],"evs":[0.0,-2.4112,-2.7412]},"53s":{"weight":0.0,"played":[0.9999,0.0,0.0],"evs":[0.0,-1.81157,-2.18936]},"54s":{"weight":0.0,"played":[1.0,0.0,0.0],"evs":[0.0,-1.03009,-1.38574]},"55":{"weight":1.0,"played":[0.0,0.0026,0.9974],"evs":[0.0,2.46026,2.71708]},"65o":{"weight":0.0,"played":[1.0,0.0,0.0],"evs":[0.0,-2.08265,-2.5715]},"75o":{"weight":0.0,"played":[1.0,0.0,0.0],"evs":[0.0,-2.55009,-3.06299]},"85o":{"weight":0.0,"played":[1.0,0.0,0.0],"evs":[0.0,-3.03963,-3.56313]},"95o":{"weight":0.0,"played":[1.0,0.0,0.0],"evs":[0.0,-3.13776,-3.97589]},"T5o":{"weight":0.0,"played":[1.0,0.0,0.0],"evs":[0.0,-3.15715,-4.157]},"J5o":{"weight":0.0,"played":[1.0,0.0,0.0],"evs":[0.0,-3.08679,-3.73309]},"Q5o":{"weight":0.0,"played":[1.0,0.0,0.0],"evs":[0.0,-3.0168,-3.09927]},"K5o":{"weight":0.0,"played":[1.0,0.0,0.0],"evs":[0.0,-2.47922,-2.50336]},"A5o":{"weight":0.0,"played":[0.9999,0.0,1.0E-4],"evs":[0.0,-0.93074,-0.74976]},"62s":{"weight":0.0,"played":[1.0,0.0,0.0],"evs":[0.0,-2.74405,-3.23348]},"63s":{"weight":0.0,"played":[1.0,0.0,0.0],"evs":[0.0,-1.89465,-2.35717]},"64s":{"weight":0.0,"played":[1.0,0.0,0.0],"evs":[0.0,-1.46933,-1.84571]},"65s":{"weight":0.0,"played":[1.0,0.0,0.0],"evs":[0.0,-0.62093,-1.03381]},"66":{"weight":0.9971,"played":[0.0,0.0017,0.9983],"evs":[0.0,3.67857,3.83921]},"76o":{"weight":0.0,"played":[1.0,0.0,0.0],"evs":[0.0,-1.83075,-2.335]},"86o":{"weight":0.0,"played":[1.0,0.0,0.0],"evs":[0.0,-2.37132,-2.84532]},"96o":{"weight":0.0,"played":[1.0,0.0,0.0],"evs":[0.0,-2.66943,-3.16896]},"T6o":{"weight":0.0,"played":[1.0,0.0,0.0],"evs":[0.0,-3.06499,-3.51184]},"J6o":{"weight":0.0,"played":[1.0,0.0,0.0],"evs":[0.0,-3.14316,-3.70287]},"Q6o":{"weight":0.0,"played":[1.0,0.0,0.0],"evs":[0.0,-2.84885,-2.9141]},"K6o":{"weight":0.0,"played":[1.0,0.0,0.0],"evs":[0.0,-2.32926,-2.3133]},"A6o":{"weight":0.0,"played":[0.9999,0.0,1.0E-4],"evs":[0.0,-1.24873,-1.10999]},"72s":{"weight":0.0,"played":[1.0,0.0,0.0],"evs":[0.0,-2.89419,-3.37844]},"73s":{"weight":0.0,"played":[1.0,0.0,0.0],"evs":[0.0,-2.32487,-2.74904]},"74s":{"weight":0.0,"played":[1.0,0.0,0.0],"evs":[0.0,-1.68459,-2.17027]},"75s":{"weight":0.0,"played":[1.0,0.0,0.0],"evs":[0.0,-1.04318,-1.43666]},"76s":{"weight":0.0,"played":[1.0,0.0,0.0],"evs":[0.0,-0.375,-0.75977]},"77":{"weight":0.9996,"played":[0.0,8.0E-4,0.9992],"evs":[0.0,4.49645,4.72473]},"87o":{"weight":0.0,"played":[1.0,0.0,0.0],"evs":[0.0,-1.87667,-2.28431]},"97o":{"weight":0.0,"played":[1.0,0.0,0.0],"evs":[0.0,-2.04464,-2.41254]},"T7o":{"weight":0.0,"played":[1.0,0.0,0.0],"evs":[0.0,-2.401,-2.66361]},"J7o":{"weight":0.0,"played":[1.0,0.0,0.0],"evs":[0.0,-2.81247,-2.81243]},"Q7o":{"weight":0.0,"played":[1.0,0.0,0.0],"evs":[0.0,-2.72894,-2.74658]},"K7o":{"weight":0.0,"played":[1.0,0.0,0.0],"evs":[0.0,-1.97365,-1.92018]},"A7o":{"weight":0.999,"played":[1.0,0.0,0.0],"evs":[0.0,-0.87773,-0.62601]},"82s":{"weight":0.0,"played":[1.0,0.0,0.0],"evs":[0.0,-2.95555,-3.4394]},"83s":{"weight":0.0,"played":[1.0,0.0,0.0],"evs":[0.0,-2.70296,-3.14932]},"84s":{"weight":0.0,"played":[1.0,0.0,0.0],"evs":[0.0,-2.35397,-2.81852]},"85s":{"weight":0.0,"played":[1.0,0.0,0.0],"evs":[0.0,-1.49813,-1.88991]},"86s":{"weight":0.0,"played":[0.9999,0.0,0.0],"evs":[0.0,-1.02348,-1.40324]},"87s":{"weight":0.0,"played":[0.9929,0.007,0.0],"evs":[0.0,-0.24915,-0.61342]},"88":{"weight":1.0,"played":[0.0,0.0,1.0],"evs":[0.0,5.44798,5.65986]},"98o":{"weight":0.0,"played":[1.0,0.0,0.0],"evs":[0.0,-1.76699,-2.08042]},"T8o":{"weight":0.0,"played":[1.0,0.0,0.0],"evs":[0.0,-1.97377,-2.08726]},"J8o":{"weight":0.0,"played":[1.0,0.0,0.0],"evs":[0.0,-2.54855,-2.5078]},"Q8o":{"weight":0.0,"played":[1.0,0.0,0.0],"evs":[0.0,-2.44437,-2.3747]},"K8o":{"weight":0.0,"played":[1.0,0.0,0.0],"evs":[0.0,-2.26435,-2.19459]},"A8o":{"weight":1.0,"played":[0.9999,0.0,1.0E-4],"evs":[0.0,-0.47283,-0.17397]},"92s":{"weight":0.0,"played":[1.0,0.0,0.0],"evs":[0.0,-3.04516,-3.45184]},"93s":{"weight":0.0,"played":[1.0,0.0,0.0],"evs":[0.0,-2.87449,-3.26299]},"94s":{"weight":0.0,"played":[1.0,0.0,0.0],"evs":[0.0,-2.79588,-3.1548]},"95s":{"weight":0.0,"played":[1.0,0.0,0.0],"evs":[0.0,-1.99395,-2.35501]},"96s":{"weight":0.0,"played":[1.0,0.0,0.0],"evs":[0.0,-1.13676,-1.52719]},"97s":{"weight":0.0,"played":[0.9987,0.001,3.0E-4],"evs":[0.0,-0.75171,-1.05158]},"98s":{"weight":0.9994,"played":[1.0,0.0,0.0],"evs":[0.0,-0.42058,-0.62581]},"99":{"weight":1.0,"played":[0.0,0.0,1.0],"evs":[0.0,6.39049,6.75175]},"T9o":{"weight":0.0,"played":[1.0,0.0,0.0],"evs":[0.0,-1.56036,-1.60867]},"J9o":{"weight":0.0,"played":[1.0,0.0,0.0],"evs":[0.0,-1.92889,-1.94049]},"Q9o":{"weight":0.0,"played":[1.0,0.0,0.0],"evs":[0.0,-1.97688,-1.89669]},"K9o":{"weight":0.0,"played":[1.0,0.0,0.0],"evs":[0.0,-1.66931,-1.58034]},"A9o":{"weight":1.0,"played":[0.0,0.0,1.0],"evs":[0.0,0.53933,0.98354]},"T2s":{"weight":0.0,"played":[1.0,0.0,0.0],"evs":[0.0,-2.84319,-3.11136]},"T3s":{"weight":0.0,"played":[1.0,0.0,0.0],"evs":[0.0,-2.614,-2.90397]},"T4s":{"weight":0.0,"played":[1.0,0.0,0.0],"evs":[0.0,-2.48183,-2.73985]},"T5s":{"weight":0.0,"played":[1.0,0.0,0.0],"evs":[0.0,-2.0551,-2.29488]},"T6s":{"weight":0.0,"played":[1.0,0.0,0.0],"evs":[0.0,-1.39805,-1.58469]},"T7s":{"weight":0.0,"played":[1.0,0.0,0.0],"evs":[0.0,-0.90394,-1.09916]},"T8s":{"weight":0.9977,"played":[1.0,0.0,0.0],"evs":[0.0,-0.49671,-0.58301]},"T9s":{"weight":1.0,"played":[0.9916,0.0075,0.001],"evs":[0.0,-0.00597,-0.03977]},"TT":{"weight":1.0,"played":[0.0,0.0,1.0],"evs":[0.0,8.02422,8.54211]},"JTo":{"weight":0.2511,"played":[1.0,0.0,0.0],"evs":[0.0,-1.06229,-0.98652]},"QTo":{"weight":0.9999,"played":[1.0,0.0,0.0],"evs":[0.0,-1.06562,-0.91821]},"KTo":{"weight":1.0,"played":[1.0,0.0,0.0],"evs":[0.0,-0.70506,-0.55399]},"ATo":{"weight":1.0,"played":[0.0,1.0E-4,0.9999],"evs":[0.0,2.4652,3.02425]},"J2s":{"weight":0.0,"played":[1.0,0.0,0.0],"evs":[0.0,-2.62964,-2.67299]},"J3s":{"weight":0.0,"played":[1.0,0.0,0.0],"evs":[0.0,-2.64823,-2.61111]},"J4s":{"weight":0.0,"played":[1.0,0.0,0.0],"evs":[0.0,-2.5335,-2.61384]},"J5s":{"weight":0.0,"played":[1.0,0.0,0.0],"evs":[0.0,-2.25156,-2.31249]},"J6s":{"weight":0.0,"played":[1.0,0.0,0.0],"evs":[0.0,-1.76147,-1.90484]},"J7s":{"weight":0.0,"played":[0.9999,0.0,1.0E-4],"evs":[0.0,-1.15496,-1.13537]},"J8s":{"weight":0.0,"played":[1.0,0.0,0.0],"evs":[0.0,-0.94363,-0.88115]},"J9s":{"weight":1.0,"played":[0.9994,5.0E-4,1.0E-4],"evs":[0.0,-0.42995,-0.34478]},"JTs":{"weight":0.9999,"played":[7.0E-4,6.0E-4,0.9987],"evs":[0.0,0.3524,0.45191]},"JJ":{"weight":1.0,"played":[0.0,6.0E-4,0.9994],"evs":[0.0,9.93008,10.4405]},"QJo":{"weight":1.0,"played":[1.0,0.0,0.0],"evs":[0.0,-0.69833,-0.56688]},"KJo":{"weight":1.0,"played":[6.0E-4,0.0,0.9994],"evs":[0.0,0.08945,0.22468]},"AJo":{"weight":0.9974,"played":[0.0,0.0,1.0],"evs":[0.0,4.67547,5.10219]},"Q2s":{"weight":0.0,"played":[1.0,0.0,0.0],"evs":[0.0,-2.1041,-2.11927]},"Q3s":{"weight":0.0,"played":[1.0,0.0,0.0],"evs":[0.0,-2.11808,-2.19108]},"Q4s":{"weight":0.0,"played":[1.0,0.0,0.0],"evs":[0.0,-1.81063,-1.79935]},"Q5s":{"weight":0.0,"played":[1.0,0.0,0.0],"evs":[0.0,-1.38075,-1.40608]},"Q6s":{"weight":0.0,"played":[1.0,0.0,0.0],"evs":[0.0,-1.31144,-1.32284]},"Q7s":{"weight":0.0,"played":[0.9999,1.0E-4,0.0],"evs":[0.0,-1.1379,-1.16722]},"Q8s":{"weight":0.7977,"played":[0.9995,1.0E-4,3.0E-4],"evs":[0.0,-0.768,-0.69047]},"Q9s":{"weight":1.0,"played":[0.954,2.0E-4,0.0457],"evs":[0.0,-0.27762,-0.16711]},"QTs":{"weight":1.0,"played":[7.0E-4,0.0,0.9993],"evs":[0.0,0.42722,0.55339]},"QJs":{"weight":1.0,"played":[0.0,4.0E-4,0.9996],"evs":[0.0,0.80278,0.99377]},"QQ":{"weight":1.0,"played":[0.0,0.0,1.0],"evs":[0.0,11.95912,12.27149]},"KQo":{"weight":0.9992,"played":[0.0,2.0E-4,0.9998],"evs":[0.0,1.59294,1.89512]},"AQo":{"weight":0.9994,"played":[0.0,1.0E-4,0.9999],"evs":[0.0,6.18491,6.60873]},"K2s":{"weight":0.0,"played":[1.0,0.0,0.0],"evs":[0.0,-1.62237,-1.64036]},"K3s":{"weight":0.0,"played":[1.0,0.0,0.0],"evs":[0.0,-1.39443,-1.33923]},"K4s":{"weight":0.0,"played":[0.9999,0.0,0.0],"evs":[0.0,-1.26146,-1.18129]},"K5s":{"weight":0.0,"played":[0.9998,1.0E-4,1.0E-4],"evs":[0.0,-0.86957,-0.79666]},"K6s":{"weight":0.0,"played":[0.9982,4.0E-4,0.0014],"evs":[0.0,-0.66319,-0.61162]},"K7s":{"weight":0.735,"played":[0.9994,4.0E-4,2.0E-4],"evs":[0.0,-0.63723,-0.51985]},"K8s":{"weight":1.0,"played":[0.9971,0.0,0.0029],"evs":[0.0,-0.52392,-0.48401]},"K9s":{"weight":1.0,"played":[0.4591,1.0E-4,0.5408],"evs":[0.0,-0.1966,-0.04194]},"KTs":{"weight":0.9992,"played":[2.0E-4,3.0E-4,0.9995],"evs":[0.0,0.70814,0.8497]},"KJs":{"weight":1.0,"played":[0.0,2.0E-4,0.9998],"evs":[0.0,1.59941,1.71536]},"KQs":{"weight":0.9999,"played":[0.0,0.0,1.0],"evs":[0.0,2.99522,3.33547]},"KK":{"weight":1.0,"played":[0.0,1.0E-4,0.9999],"evs":[0.0,14.74882,14.90832]},"AKo":{"weight":1.0,"played":[0.0,0.0,1.0],"evs":[0.0,7.47674,7.90142]},"A2s":{"weight":1.0,"played":[0.9908,9.0E-4,0.0083],"evs":[0.0,-0.28106,-0.11131]},"A3s":{"weight":1.0,"played":[0.1804,3.0E-4,0.8193],"evs":[0.0,-0.18362,0.04872]},"A4s":{"weight":1.0,"played":[0.0026,5.0E-4,0.9969],"evs":[0.0,0.06896,0.27518]},"A5s":{"weight":1.0,"played":[0.0,0.0,1.0],"evs":[0.0,0.5863,0.81306]},"A6s":{"weight":1.0,"played":[2.0E-4,0.0131,0.9867],"evs":[0.0,0.36962,0.5638]},"A7s":{"weight":1.0,"played":[3.0E-4,1.0E-4,0.9996],"evs":[0.0,0.78397,1.04311]},"A8s":{"weight":1.0,"played":[0.0,0.0011,0.9989],"evs":[0.0,1.09464,1.41062]},"A9s":{"weight":1.0,"played":[0.0,3.0E-4,0.9997],"evs":[0.0,2.08496,2.49671]},"ATs":{"weight":1.0,"played":[0.0,1.0E-4,0.9999],"evs":[0.0,3.88349,4.34099]},"AJs":{"weight":1.0,"played":[0.0,4.0E-4,0.9996],"evs":[0.0,5.88618,6.28565]},"AQs":{"weight":1.0,"played":[0.0,2.0E-4,0.9998],"evs":[0.0,7.3601,7.7387]},"AKs":{"weight":1.0,"played":[0.0,5.0E-4,0.9995],"evs":[0.0,8.43333,8.86258]},"AA":{"weight":1.0,"played":[0.0,0.0079,0.9921],"evs":[0.0,19.26351,19.39566]}}}