{"player":2,"street":0,"children":2,"sequence":[{"player":0,"type":"R","amount":200000,"street":0},{"player":1,"type":"F","amount":0,"street":0},{"player":2,"type":"C","amount":200000,"street":0},{"player":3,"type":"F","amount":0,"street":0},{"player":4,"type":"R","amount":715000,"street":0},{"player":5,"type":"F","amount":0,"street":0},{"player":0,"type":"F","amount":0,"street":0}],"actions":[{"type":"F","amount":0},{"type":"C","amount":515000}],"hands":{"22":{"weight":0.0208,"played":[0.0,1.0],"evs":[0.0,3.1071]},"32o":{"weight":0.0,"played":[0.0,1.0],"evs":[0.0,0.46099]},"42o":{"weight":0.0,"played":[0.0,1.0],"evs":[0.0,0.58951]},"52o":{"weight":0.0,"played":[2.0E-4,0.9998],"evs":[0.0,0.68523]},"62o":{"weight":0.0,"played":[0.0,1.0],"evs":[0.0,0.57077]},"72o":{"weight":0.0,"played":[0.0,1.0],"evs":[0.0,0.33373]},"82o":{"weight":0.0,"played":[0.0,1.0],"evs":[0.0,0.35977]},"92o":{"weight":0.0,"played":[0.0,1.0],"evs":[0.0,0.41487]},"T2o":{"weight":0.0,"played":[0.0,1.0],"evs":[0.0,0.54354]},"J2o":{"weight":0.0,"played":[0.0,1.0],"evs":[0.0,0.81395]},"Q2o":{"weight":0.0,"played":[0.0,1.0],"evs":[0.0,0.71979]},"K2o":{"weight":0.0,"played":[0.0,1.0],"evs":[0.0,0.92429]},"A2o":{"weight":0.0,"played":[0.0,1.0],"evs":[0.0,1.50287]},"32s":{"weight":0.0,"played":[0.0,1.0],"evs":[0.0,1.25609]},"33":{"weight":0.2938,"played":[0.0,1.0],"evs":[0.0,3.31534]},"43o":{"weight":0.0,"played":[0.0,1.0],"evs":[0.0,0.88759]},"53o":{"weight":0.0,"played":[0.0,1.0],"evs":[0.0,1.03294]},"63o":{"weight":0.0,"played":[0.0,1.0],"evs":[0.0,0.89491]},"73o":{"weight":0.0,"played":[0.0,1.0],"evs":[0.0,0.68919]},"83o":{"weight":0.0,"played":[0.0,1.0],"evs":[0.0,0.33419]},"93o":{"weight":0.0,"played":[0.0,1.0],"evs":[0.0,0.65241]},"T3o":{"weight":0.0,"played":[0.0,1.0],"evs":[0.0,0.61787]},"J3o":{"weight":0.0,"played":[0.0,1.0],"evs":[0.0,0.85646]},"Q3o":{"weight":0.0,"played":[0.0,1.0],"evs":[0.0,0.87252]},"K3o":{"weight":0.0,"played":[0.0,1.0],"evs":[0.0,1.13662]},"A3o":{"weight":0.0,"played":[0.0,1.0],"evs":[0.0,1.64042]},"42s":{"weight":0.0,"played":[0.0,1.0],"evs":[0.0,1.33651]},"43s":{"weight":0.0,"played":[0.0,1.0],"evs":[0.0,1.57729]},"44":{"weight":0.9999,"played":[0.0,1.0],"evs":[0.0,3.66233]},"54o":{"weight":0.0,"played":[0.0,1.0],"evs":[0.0,1.30317]},"64o":{"weight":0.0,"played":[0.0,1.0],"evs":[0.0,1.16876]},"74o":{"weight":0.0,"played":[0.0,1.0],"evs":[0.0,0.96201]},"84o":{"weight":0.0,"played":[0.0,1.0],"evs":[0.0,0.67167]},"94o":{"weight":0.0,"played":[0.0,1.0],"evs":[0.0,0.69805]},"T4o":{"weight":0.0,"played":[0.0,1.0],"evs":[0.0,0.74048]},"J4o":{"weight":0.0,"played":[0.0,1.0],"evs":[0.0,0.96128]},"Q4o":{"weight":0.0,"played":[0.0,1.0],"evs":[0.0,0.96689]},"K4o":{"weight":0.0,"played":[0.0,1.0],"evs":[0.0,1.26352]},"A4o":{"weight":0.0,"played":[0.0,1.0],"evs":[0.0,1.6996]},"52s":{"weight":0.0,"played":[0.0,1.0],"evs":[0.0,1.52956]},"53s":{"weight":0.0,"played":[0.0,1.0],"evs":[0.0,1.781]},"54s":{"weight":0.8935,"played":[0.0,1.0],"evs":[0.0,1.97252]},"55":{"weight":1.0,"played":[0.0,1.0],"evs":[0.0,4.26372]},"65o":{"weight":0.0,"played":[0.0,1.0],"evs":[0.0,1.58269]},"75o":{"weight":0.0,"played":[0.0,1.0],"evs":[0.0,1.38169]},"85o":{"weight":0.0,"played":[0.0,1.0],"evs":[0.0,1.0821]},"95o":{"weight":0.0,"played":[0.0,1.0],"evs":[0.0,1.05223]},"T5o":{"weight":0.0,"played":[0.0,1.0],"evs":[0.0,0.88314]},"J5o":{"weight":0.0,"played":[0.0,1.0],"evs":[0.0,1.22596]},"Q5o":{"weight":0.0,"played":[0.0,1.0],"evs":[0.0,1.14426]},"K5o":{"weight":0.0,"played":[0.0,1.0],"evs":[0.0,1.34984]},"A5o":{"weight":0.0,"played":[0.0,1.0],"evs":[0.0,1.98951]},"62s":{"weight":0.0,"played":[0.0,1.0],"evs":[0.0,1.36733]},"63s":{"weight":0.0,"played":[1.0E-4,0.9999],"evs":[0.0,1.63174]},"64s":{"weight":0.0,"played":[0.0,1.0],"evs":[0.0,1.87666]},"65s":{"weight":0.9997,"played":[0.0,1.0],"evs":[0.0,2.36523]},"66":{"weight":1.0,"played":[0.0,1.0],"evs":[0.0,4.76067]},"76o":{"weight":0.0,"played":[0.0,1.0],"evs":[0.0,1.72216]},"86o":{"weight":0.0,"played":[0.0,1.0],"evs":[0.0,1.44724]},"96o":{"weight":0.0,"played":[0.0,1.0],"evs":[0.0,1.41914]},"T6o":{"weight":0.0,"played":[0.0,1.0],"evs":[0.0,1.26668]},"J6o":{"weight":0.0,"played":[0.0,1.0],"evs":[0.0,1.20596]},"Q6o":{"weight":0.0,"played":[0.0,1.0],"evs":[0.0,1.27756]},"K6o":{"weight":0.0,"played":[0.0,1.0],"evs":[0.0,1.48792]},"A6o":{"weight":0.0,"played":[0.0,1.0],"evs":[0.0,1.95014]},"72s":{"weight":0.0,"played":[0.0,1.0],"evs":[0.0,1.26122]},"73s":{"weight":0.0,"played":[0.0,1.0],"evs":[0.0,1.31442]},"74s":{"weight":0.0,"played":[0.0,1.0],"evs":[0.0,1.74041]},"75s":{"weight":0.0,"played":[0.0,1.0],"evs":[0.0,2.10596]},"76s":{"weight":0.9999,"played":[0.0,1.0],"evs":[0.0,2.39354]},"77":{"weight":0.0984,"played":[0.0,1.0],"evs":[0.0,5.26853]},"87o":{"weight":0.0,"played":[0.0,1.0],"evs":[0.0,1.62533]},"97o":{"weight":0.0,"played":[0.0,1.0],"evs":[0.0,1.54902]},"T7o":{"weight":0.0,"played":[0.0,1.0],"evs":[0.0,1.41482]},"J7o":{"weight":0.0,"played":[0.0,1.0],"evs":[0.0,1.37778]},"Q7o":{"weight":0.0,"played":[0.0,1.0],"evs":[0.0,1.23377]},"K7o":{"weight":0.0,"played":[0.0,1.0],"evs":[0.0,1.54364]},"A7o":{"weight":0.0,"played":[0.0,1.0],"evs":[0.0,2.04935]},"82s":{"weight":0.0,"played":[0.0,1.0],"evs":[0.0,1.12333]},"83s":{"weight":0.0,"played":[0.0,1.0],"evs":[0.0,1.14657]},"84s":{"weight":0.0,"played":[0.0,1.0],"evs":[0.0,1.39019]},"85s":{"weight":0.0,"played":[0.0,1.0],"evs":[0.0,2.00302]},"86s":{"weight":0.9024,"played":[0.0,1.0],"evs":[0.0,2.10823]},"87s":{"weight":0.9996,"played":[0.0,1.0],"evs":[0.0,2.30172]},"88":{"weight":2.0E-4,"played":[0.0,1.0],"evs":[0.0,5.71522]},"98o":{"weight":0.0,"played":[0.0,1.0],"evs":[0.0,1.70379]},"T8o":{"weight":0.0,"played":[0.0,1.0],"evs":[0.0,1.53262]},"J8o":{"weight":0.0,"played":[0.0,1.0],"evs":[0.0,1.5448]},"Q8o":{"weight":0.0,"played":[0.0,1.0],"evs":[0.0,1.2735]},"K8o":{"weight":0.0,"played":[0.0,1.0],"evs":[0.0,1.42122]},"A8o":{"weight":4.0E-4,"played":[0.0,1.0],"evs":[0.0,2.36711]},"92s":{"weight":0.0,"played":[0.0,1.0],"evs":[0.0,1.43259]},"93s":{"weight":0.0,"played":[0.0,1.0],"evs":[0.0,1.5113]},"94s":{"weight":0.0,"played":[0.0,1.0],"evs":[0.0,1.5028]},"95s":{"weight":0.0,"played":[0.0,1.0],"evs":[0.0,1.81053]},"96s":{"weight":0.0,"played":[0.0,1.0],"evs":[0.0,2.09672]},"97s":{"weight":0.998,"played":[0.0,1.0],"evs":[0.0,2.35753]},"98s":{"weight":1.0,"played":[0.0,1.0],"evs":[0.0,2.47119]},"99":{"weight":1.0E-4,"played":[0.0,1.0],"evs":[0.0,6.53296]},"T9o":{"weight":0.0,"played":[0.0,1.0],"evs":[0.0,1.96163]},"J9o":{"weight":0.0,"played":[0.0,1.0],"evs":[0.0,1.91544]},"Q9o":{"weight":0.0,"played":[0.0,1.0],"evs":[0.0,1.66636]},"K9o":{"weight":0.0,"played":[0.0,1.0],"evs":[0.0,1.6957]},"A9o":{"weight":1.0,"played":[0.0,1.0],"evs":[0.0,3.10946]},"T2s":{"weight":0.0,"played":[0.0,1.0],"evs":[0.0,1.41665]},"T3s":{"weight":0.0,"played":[0.0,1.0],"evs":[0.0,1.53555]},"T4s":{"weight":0.0,"played":[0.0,1.0],"evs":[0.0,1.43056]},"T5s":{"weight":0.0,"played":[0.0,1.0],"evs":[0.0,1.64311]},"T6s":{"weight":0.0,"played":[0.0,1.0],"evs":[0.0,2.05451]},"T7s":{"weight":0.0,"played":[0.0,1.0],"evs":[0.0,2.11719]},"T8s":{"weight":0.9999,"played":[0.0,1.0],"evs":[0.0,2.23545]},"T9s":{"weight":0.8824,"played":[0.0,1.0],"evs":[0.0,2.61689]},"TT":{"weight":0.0,"played":[0.0,1.0],"evs":[0.0,7.01548]},"JTo":{"weight":0.0,"played":[0.0,1.0],"evs":[0.0,2.32466]},"QTo":{"weight":3.0E-4,"played":[0.0,1.0],"evs":[0.0,2.07355]},"KTo":{"weight":0.3674,"played":[0.0,1.0],"evs":[0.0,2.12022]},"ATo":{"weight":1.0,"played":[0.0,1.0],"evs":[0.0,3.95993]},"J2s":{"weight":0.0,"played":[0.0,1.0],"evs":[0.0,1.47758]},"J3s":{"weight":0.0,"played":[0.0,1.0],"evs":[0.0,1.59034]},"J4s":{"weight":0.0,"played":[0.0,1.0],"evs":[0.0,1.76688]},"J5s":{"weight":0.0,"played":[0.0,1.0],"evs":[0.0,1.82948]},"J6s":{"weight":0.0,"played":[0.0,1.0],"evs":[0.0,1.96362]},"J7s":{"weight":0.0,"played":[0.0,1.0],"evs":[0.0,2.16373]},"J8s":{"weight":0.9965,"played":[0.0,1.0],"evs":[0.0,2.27213]},"J9s":{"weight":0.9982,"played":[0.0,1.0],"evs":[0.0,2.64872]},"JTs":{"weight":0.4462,"played":[0.0,1.0],"evs":[0.0,2.96332]},"JJ":{"weight":0.0,"played":[0.0,1.0],"evs":[0.0,7.82788]},"QJo":{"weight":0.9992,"played":[0.0,1.0],"evs":[0.0,2.22324]},"KJo":{"weight":0.9097,"played":[0.0,1.0],"evs":[0.0,2.33628]},"AJo":{"weight":1.0,"played":[0.0,1.0],"evs":[0.0,4.91522]},"Q2s":{"weight":0.0,"played":[0.0,1.0],"evs":[0.0,1.53872]},"Q3s":{"weight":0.0,"played":[0.0,1.0],"evs":[0.0,1.68442]},"Q4s":{"weight":0.0,"played":[0.0,1.0],"evs":[0.0,1.81479]},"Q5s":{"weight":0.0,"played":[0.0,1.0],"evs":[0.0,1.9332]},"Q6s":{"weight":2.0E-4,"played":[0.0,1.0],"evs":[0.0,1.94754]},"Q7s":{"weight":0.0,"played":[0.0,1.0],"evs":[0.0,2.04545]},"Q8s":{"weight":0.7497,"played":[0.0,1.0],"evs":[0.0,2.01012]},"Q9s":{"weight":0.1199,"played":[0.0,1.0],"evs":[0.0,2.62269]},"QTs":{"weight":0.8714,"played":[0.0,1.0],"evs":[0.0,2.70287]},"QJs":{"weight":1.0,"played":[0.0,1.0],"evs":[0.0,2.89671]},"QQ":{"weight":0.002,"played":[0.0,1.0],"evs":[0.0,8.78108]},"KQo":{"weight":1.0,"played":[0.0,1.0],"evs":[0.0,2.72241]},"AQo":{"weight":3.0E-4,"played":[0.0,1.0],"evs":[0.0,5.80345]},"K2s":{"weight":0.0,"played":[0.0,1.0],"evs":[0.0,1.76621]},"K3s":{"weight":0.0,"played":[0.0,1.0],"evs":[0.0,1.76858]},"K4s":{"weight":0.0,"played":[0.0,1.0],"evs":[0.0,1.75388]},"K5s":{"weight":0.0,"played":[0.0,1.0],"evs":[0.0,2.12875]},"K6s":{"weight":0.9928,"played":[0.0,1.0],"evs":[0.0,2.22885]},"K7s":{"weight":0.9398,"played":[0.0,1.0],"evs":[0.0,2.25697]},"K8s":{"weight":0.8059,"played":[0.0,1.0],"evs":[0.0,2.10819]},"K9s":{"weight":5.0E-4,"played":[0.0,1.0],"evs":[0.0,2.28765]},"KTs":{"weight":0.9522,"played":[0.0,1.0],"evs":[0.0,2.83448]},"KJs":{"weight":1.0,"played":[0.0,1.0],"evs":[0.0,3.02659]},"KQs":{"weight":1.0,"played":[0.0,1.0],"evs":[0.0,3.441]},"KK":{"weight":0.9935,"played":[0.0,1.0],"evs":[0.0,9.71112]},"AKo":{"weight":0.0,"played":[0.0,1.0],"evs":[0.0,6.86836]},"A2s":{"weight":0.4715,"played":[0.0,1.0],"evs":[0.0,2.29833]},"A3s":{"weight":0.2117,"played":[0.0,1.0],"evs":[0.0,2.40504]},"A4s":{"weight":0.9979,"played":[0.0,1.0],"evs":[0.0,2.46988]},"A5s":{"weight":0.2528,"played":[0.0,1.0],"evs":[0.0,2.57956]},"A6s":{"weight":0.9432,"played":[0.0,1.0],"evs":[0.0,2.51915]},"A7s":{"weight":0.5509,"played":[0.0,1.0],"evs":[0.0,2.7782]},"A8s":{"weight":1.0,"played":[0.0,1.0],"evs":[0.0,2.94092]},"A9s":{"weight":1.0,"played":[0.0,1.0],"evs":[0.0,3.74621]},"ATs":{"weight":1.0,"played":[0.0,1.0],"evs":[0.0,4.46973]},"AJs":{"weight":0.9998,"played":[0.0,1.0],"evs":[0.0,5.48013]},"AQs":{"weight":0.4372,"played":[0.0,1.0],"evs":[0.0,6.27298]},"AKs":{"weight":0.0,"played":[0.0,1.0],"evs":[0.0,7.1877]},"AA":{"weight":0.9951,"played":[0.0,1.0],"evs":[0.0,12.30135]}}}