{"player":3,"street":0,"children":2,"sequence":[{"player":0,"type":"R","amount":200000,"street":0},{"player":1,"type":"F","amount":0,"street":0},{"player":2,"type":"C","amount":200000,"street":0},{"player":3,"type":"C","amount":200000,"street":0},{"player":4,"type":"F","amount":0,"street":0},{"player":5,"type":"R","amount":815000,"street":0},{"player":0,"type":"F","amount":0,"street":0},{"player":2,"type":"R","amount":1215000,"street":0}],"actions":[{"type":"F","amount":0},{"type":"C","amount":1015000}],"hands":{"22":{"weight":0.0,"played":[0.0044,0.9956],"evs":[0.0,1.07442]},"32o":{"weight":0.0,"played":[0.9996,4.0E-4],"evs":[0.0,-2.20119]},"42o":{"weight":0.0,"played":[0.9961,0.0039],"evs":[0.0,-1.6841]},"52o":{"weight":0.0,"played":[0.9993,7.0E-4],"evs":[0.0,-1.34212]},"62o":{"weight":0.0,"played":[0.9999,1.0E-4],"evs":[0.0,-2.01139]},"72o":{"weight":0.0,"played":[1.0,0.0],"evs":[0.0,-2.42836]},"82o":{"weight":0.0,"played":[0.9999,1.0E-4],"evs":[0.0,-2.12486]},"92o":{"weight":0.0,"played":[1.0,0.0],"evs":[0.0,-1.94321]},"T2o":{"weight":0.0,"played":[0.9999,1.0E-4],"evs":[0.0,-2.79242]},"J2o":{"weight":0.0,"played":[1.0,0.0],"evs":[0.0,-2.29342]},"Q2o":{"weight":0.0,"played":[0.9999,1.0E-4],"evs":[0.0,-1.82089]},"K2o":{"weight":0.0,"played":[0.9962,0.0038],"evs":[0.0,-1.37191]},"A2o":{"weight":0.0,"played":[0.9127,0.0873],"evs":[0.0,-0.66913]},"32s":{"weight":0.0,"played":[0.68,0.32],"evs":[0.0,-0.68532]},"33":{"weight":0.0,"played":[0.0,1.0],"evs":[0.0,1.26569]},"43o":{"weight":0.0,"played":[0.9973,0.0027],"evs":[0.0,-0.97804]},"53o":{"weight":0.0,"played":[0.9997,3.0E-4],"evs":[0.0,-0.75674]},"63o":{"weight":0.0,"played":[0.9988,0.0012],"evs":[0.0,-1.22426]},"73o":{"weight":0.0,"played":[0.9995,5.0E-4],"evs":[0.0,-1.62293]},"83o":{"weight":0.0,"played":[0.9998,2.0E-4],"evs":[0.0,-2.04542]},"93o":{"weight":0.0,"played":[1.0,0.0],"evs":[0.0,-1.86965]},"T3o":{"weight":0.0,"played":[1.0,0.0],"evs":[0.0,-2.29017]},"J3o":{"weight":0.0,"played":[0.9999,1.0E-4],"evs":[0.0,-1.95146]},"Q3o":{"weight":0.0,"played":[0.9999,1.0E-4],"evs":[0.0,-1.29876]},"K3o":{"weight":0.0,"played":[0.9958,0.0042],"evs":[0.0,-1.08576]},"A3o":{"weight":0.0,"played":[0.5806,0.4194],"evs":[0.0,-0.49598]},"42s":{"weight":0.0,"played":[0.6809,0.3191],"evs":[0.0,-0.16804]},"43s":{"weight":0.0,"played":[0.4027,0.5973],"evs":[0.0,0.07654]},"44":{"weight":0.9977,"played":[0.0018,0.9982],"evs":[0.0,1.93334]},"54o":{"weight":0.0,"played":[0.6,0.4],"evs":[0.0,-0.11276]},"64o":{"weight":0.0,"played":[0.9694,0.0306],"evs":[0.0,-0.43688]},"74o":{"weight":0.0,"played":[0.9995,5.0E-4],"evs":[0.0,-1.13947]},"84o":{"weight":0.0,"played":[0.9998,2.0E-4],"evs":[0.0,-1.66847]},"94o":{"weight":0.0,"played":[0.9989,0.0011],"evs":[0.0,-1.73468]},"T4o":{"weight":0.0,"played":[0.9999,1.0E-4],"evs":[0.0,-2.12564]},"J4o":{"weight":0.0,"played":[0.9998,2.0E-4],"evs":[0.0,-2.20055]},"Q4o":{"weight":0.0,"played":[0.9944,0.0056],"evs":[0.0,-1.28027]},"K4o":{"weight":0.0,"played":[0.9889,0.0111],"evs":[0.0,-1.06623]},"A4o":{"weight":0.0,"played":[0.1643,0.8357],"evs":[0.0,0.18225]},"52s":{"weight":0.0,"played":[0.5055,0.4945],"evs":[0.0,-0.78733]},"53s":{"weight":0.0,"played":[0.4875,0.5125],"evs":[0.0,0.54982]},"54s":{"weight":0.0,"played":[0.0016,0.9984],"evs":[0.0,1.05805]},"55":{"weight":0.8324,"played":[0.0,1.0],"evs":[0.0,2.81388]},"65o":{"weight":0.0,"played":[0.1519,0.8481],"evs":[0.0,0.15677]},"75o":{"weight":0.0,"played":[0.9982,0.0018],"evs":[0.0,-0.88184]},"85o":{"weight":0.0,"played":[0.9142,0.0858],"evs":[0.0,-0.99237]},"95o":{"weight":0.0,"played":[0.9996,4.0E-4],"evs":[0.0,-1.06346]},"T5o":{"weight":0.0,"played":[0.9999,1.0E-4],"evs":[0.0,-1.65038]},"J5o":{"weight":0.0,"played":[0.9995,5.0E-4],"evs":[0.0,-1.90067]},"Q5o":{"weight":0.0,"played":[0.9894,0.0106],"evs":[0.0,-1.43989]},"K5o":{"weight":0.0,"played":[0.9515,0.0485],"evs":[0.0,-0.54173]},"A5o":{"weight":0.0,"played":[0.0025,0.9975],"evs":[0.0,0.12582]},"62s":{"weight":0.0,"played":[0.9843,0.0157],"evs":[0.0,-0.39943]},"63s":{"weight":0.0,"played":[0.2452,0.7548],"evs":[0.0,0.39144]},"64s":{"weight":0.0,"played":[0.011,0.989],"evs":[0.0,1.20727]},"65s":{"weight":0.0612,"played":[0.0091,0.9909],"evs":[0.0,1.56001]},"66":{"weight":0.0,"played":[0.0,1.0],"evs":[0.0,4.08716]},"76o":{"weight":0.0,"played":[0.8216,0.1784],"evs":[0.0,-0.18659]},"86o":{"weight":0.0,"played":[0.8784,0.1216],"evs":[0.0,-0.65149]},"96o":{"weight":0.0,"played":[0.9994,6.0E-4],"evs":[0.0,-0.76669]},"T6o":{"weight":0.0,"played":[1.0,0.0],"evs":[0.0,-0.91118]},"J6o":{"weight":0.0,"played":[0.9999,1.0E-4],"evs":[0.0,-1.25753]},"Q6o":{"weight":0.0,"played":[0.9993,7.0E-4],"evs":[0.0,-1.14798]},"K6o":{"weight":0.0,"played":[0.9798,0.0202],"evs":[0.0,-0.95958]},"A6o":{"weight":0.0,"played":[0.0966,0.9034],"evs":[0.0,-0.03492]},"72s":{"weight":0.0,"played":[0.9999,1.0E-4],"evs":[0.0,-1.12713]},"73s":{"weight":0.0,"played":[0.3225,0.6775],"evs":[0.0,0.26677]},"74s":{"weight":0.0,"played":[0.7768,0.2232],"evs":[0.0,-0.19008]},"75s":{"weight":0.0,"played":[0.1294,0.8706],"evs":[0.0,0.65952]},"76s":{"weight":0.0078,"played":[7.0E-4,0.9993],"evs":[0.0,0.86693]},"77":{"weight":0.0,"played":[0.0,1.0],"evs":[0.0,4.58464]},"87o":{"weight":0.0,"played":[0.5113,0.4887],"evs":[0.0,-0.19796]},"97o":{"weight":0.0,"played":[0.3343,0.6657],"evs":[0.0,0.05455]},"T7o":{"weight":0.0,"played":[0.9894,0.0106],"evs":[0.0,-0.86961]},"J7o":{"weight":0.0,"played":[0.9999,1.0E-4],"evs":[0.0,-1.18098]},"Q7o":{"weight":0.0,"played":[0.9997,3.0E-4],"evs":[0.0,-1.07402]},"K7o":{"weight":0.0,"played":[0.9138,0.0862],"evs":[0.0,-0.73276]},"A7o":{"weight":0.0,"played":[0.001,0.999],"evs":[0.0,0.52406]},"82s":{"weight":0.0,"played":[1.0,0.0],"evs":[0.0,-1.13437]},"83s":{"weight":0.0,"played":[0.9935,0.0065],"evs":[0.0,-0.77671]},"84s":{"weight":0.0,"played":[0.47,0.53],"evs":[0.0,0.23319]},"85s":{"weight":0.0,"played":[0.1205,0.8795],"evs":[0.0,0.46529]},"86s":{"weight":0.0,"played":[0.0057,0.9943],"evs":[0.0,0.55171]},"87s":{"weight":0.0172,"played":[0.0026,0.9974],"evs":[0.0,1.38414]},"88":{"weight":0.0,"played":[0.0,1.0],"evs":[0.0,4.95224]},"98o":{"weight":0.0,"played":[0.1268,0.8732],"evs":[0.0,0.19357]},"T8o":{"weight":0.0,"played":[0.7299,0.2701],"evs":[0.0,-0.48888]},"J8o":{"weight":0.0,"played":[0.9793,0.0207],"evs":[0.0,-0.9331]},"Q8o":{"weight":0.0,"played":[0.9874,0.0126],"evs":[0.0,-0.60997]},"K8o":{"weight":0.0,"played":[0.8881,0.1119],"evs":[0.0,-0.27182]},"A8o":{"weight":0.0,"played":[0.0,1.0],"evs":[0.0,0.7352]},"92s":{"weight":0.0,"played":[0.9845,0.0155],"evs":[0.0,-0.34769]},"93s":{"weight":0.0,"played":[0.9993,7.0E-4],"evs":[0.0,-0.47819]},"94s":{"weight":0.0,"played":[0.5714,0.4286],"evs":[0.0,-0.04454]},"95s":{"weight":0.0,"played":[0.0852,0.9148],"evs":[0.0,0.48261]},"96s":{"weight":0.0,"played":[0.2657,0.7343],"evs":[0.0,0.48078]},"97s":{"weight":0.0,"played":[0.0,1.0],"evs":[0.0,0.76776]},"98s":{"weight":0.7278,"played":[1.0E-4,0.9999],"evs":[0.0,1.99192]},"99":{"weight":0.0,"played":[0.0,1.0],"evs":[0.0,5.91432]},"T9o":{"weight":0.0,"played":[0.42,0.58],"evs":[0.0,0.04279]},"J9o":{"weight":0.0,"played":[0.7226,0.2774],"evs":[0.0,-0.14868]},"Q9o":{"weight":0.0,"played":[0.4741,0.5259],"evs":[0.0,-0.04135]},"K9o":{"weight":0.0,"played":[0.0593,0.9407],"evs":[0.0,0.34824]},"A9o":{"weight":0.0,"played":[0.0,1.0],"evs":[0.0,1.05735]},"T2s":{"weight":0.0,"played":[0.9415,0.0585],"evs":[0.0,-0.85169]},"T3s":{"weight":0.0,"played":[0.8719,0.1281],"evs":[0.0,-1.17364]},"T4s":{"weight":0.0,"played":[0.875,0.125],"evs":[0.0,-0.46442]},"T5s":{"weight":0.0,"played":[0.9584,0.0416],"evs":[0.0,-0.92935]},"T6s":{"weight":0.0,"played":[0.5682,0.4318],"evs":[0.0,0.12581]},"T7s":{"weight":0.0,"played":[0.2725,0.7275],"evs":[0.0,0.78872]},"T8s":{"weight":0.003,"played":[4.0E-4,0.9996],"evs":[0.0,1.14345]},"T9s":{"weight":0.5444,"played":[2.0E-4,0.9998],"evs":[0.0,1.68304]},"TT":{"weight":0.0,"played":[0.0,1.0],"evs":[0.0,6.68965]},"JTo":{"weight":0.0,"played":[0.782,0.218],"evs":[0.0,-0.19316]},"QTo":{"weight":0.0,"played":[0.3559,0.6441],"evs":[0.0,-0.12303]},"KTo":{"weight":0.0,"played":[0.0113,0.9887],"evs":[0.0,0.32244]},"ATo":{"weight":8.0E-4,"played":[0.0,1.0],"evs":[0.0,1.67326]},"J2s":{"weight":0.0,"played":[0.9996,4.0E-4],"evs":[0.0,-0.77228]},"J3s":{"weight":0.0,"played":[0.9752,0.0248],"evs":[0.0,-0.51443]},"J4s":{"weight":0.0,"played":[0.36,0.64],"evs":[0.0,0.13721]},"J5s":{"weight":0.0,"played":[0.7478,0.2522],"evs":[0.0,-0.40065]},"J6s":{"weight":0.0,"played":[0.8658,0.1342],"evs":[0.0,-0.863]},"J7s":{"weight":0.0,"played":[0.4682,0.5318],"evs":[0.0,-0.546]},"J8s":{"weight":0.0,"played":[0.0527,0.9473],"evs":[0.0,0.37706]},"J9s":{"weight":0.0,"played":[2.0E-4,0.9998],"evs":[0.0,1.32654]},"JTs":{"weight":0.9991,"played":[0.0,1.0],"evs":[0.0,1.42267]},"JJ":{"weight":0.0,"played":[0.0,1.0],"evs":[0.0,9.35798]},"QJo":{"weight":0.0,"played":[0.6268,0.3732],"evs":[0.0,8.0E-5]},"KJo":{"weight":0.0747,"played":[2.0E-4,0.9998],"evs":[0.0,0.87219]},"AJo":{"weight":1.0E-4,"played":[0.0,1.0],"evs":[0.0,4.09645]},"Q2s":{"weight":0.0,"played":[0.3886,0.6114],"evs":[0.0,-0.25471]},"Q3s":{"weight":0.0,"played":[0.8603,0.1397],"evs":[0.0,-0.80336]},"Q4s":{"weight":0.0,"played":[0.883,0.117],"evs":[0.0,-0.51961]},"Q5s":{"weight":0.0,"played":[0.192,0.808],"evs":[0.0,0.30164]},"Q6s":{"weight":0.0,"played":[0.3434,0.6566],"evs":[0.0,-0.55553]},"Q7s":{"weight":0.0,"played":[0.617,0.383],"evs":[0.0,0.2433]},"Q8s":{"weight":0.0,"played":[3.0E-4,0.9997],"evs":[0.0,0.26389]},"Q9s":{"weight":0.0791,"played":[5.0E-4,0.9995],"evs":[0.0,1.43506]},"QTs":{"weight":0.9998,"played":[3.0E-4,0.9997],"evs":[0.0,0.65178]},"QJs":{"weight":0.9998,"played":[0.0013,0.9987],"evs":[0.0,1.66628]},"QQ":{"weight":0.0,"played":[0.0,1.0],"evs":[0.0,10.52792]},"KQo":{"weight":0.8922,"played":[0.0,1.0],"evs":[0.0,2.07837]},"AQo":{"weight":0.0,"played":[0.0,1.0],"evs":[0.0,4.77134]},"K2s":{"weight":0.0,"played":[0.0,1.0],"evs":[0.0,0.83295]},"K3s":{"weight":0.0,"played":[0.2969,0.7031],"evs":[0.0,0.15991]},"K4s":{"weight":0.0,"played":[0.009,0.991],"evs":[0.0,0.47761]},"K5s":{"weight":0.0,"played":[0.0356,0.9644],"evs":[0.0,1.09571]},"K6s":{"weight":0.0,"played":[0.004,0.996],"evs":[0.0,0.34191]},"K7s":{"weight":0.0,"played":[0.0041,0.9959],"evs":[0.0,1.25934]},"K8s":{"weight":0.0,"played":[0.0026,0.9974],"evs":[0.0,0.60558]},"K9s":{"weight":0.4309,"played":[1.0E-4,0.9999],"evs":[0.0,1.73293]},"KTs":{"weight":0.9998,"played":[7.0E-4,0.9993],"evs":[0.0,1.66711]},"KJs":{"weight":0.9998,"played":[1.0E-4,0.9999],"evs":[0.0,2.11881]},"KQs":{"weight":0.0189,"played":[0.0,1.0],"evs":[0.0,2.84617]},"KK":{"weight":2.0E-4,"played":[0.0,1.0],"evs":[0.0,12.70028]},"AKo":{"weight":0.0,"played":[0.0,1.0],"evs":[0.0,6.473]},"A2s":{"weight":0.0,"played":[0.0023,0.9977],"evs":[0.0,1.16045]},"A3s":{"weight":8.0E-4,"played":[1.0E-4,0.9999],"evs":[0.0,1.2881]},"A4s":{"weight":0.2417,"played":[0.0,1.0],"evs":[0.0,1.06231]},"A5s":{"weight":0.9228,"played":[1.0E-4,0.9999],"evs":[0.0,1.77964]},"A6s":{"weight":0.5179,"played":[0.0,1.0],"evs":[0.0,2.11405]},"A7s":{"weight":0.0553,"played":[0.0,1.0],"evs":[0.0,1.27772]},"A8s":{"weight":0.0137,"played":[3.0E-4,0.9997],"evs":[0.0,1.89962]},"A9s":{"weight":0.0267,"played":[0.0,1.0],"evs":[0.0,2.92943]},"ATs":{"weight":0.001,"played":[1.0E-4,0.9999],"evs":[0.0,2.92229]},"AJs":{"weight":0.0,"played":[0.0,1.0],"evs":[0.0,4.92057]},"AQs":{"weight":0.0,"played":[0.0,1.0],"evs":[0.0,5.84934]},"AKs":{"weight":0.0,"played":[0.0,1.0],"evs":[0.0,8.52639]},"AA":{"weight":4.0E-4,"played":[0.0,1.0],"evs":[0.0,18.24197]}}}