{"player":0,"street":0,"children":2,"sequence":[{"player":0,"type":"R","amount":200000,"street":0},{"player":1,"type":"F","amount":0,"street":0},{"player":2,"type":"C","amount":200000,"street":0},{"player":3,"type":"C","amount":200000,"street":0},{"player":4,"type":"F","amount":0,"street":0},{"player":5,"type":"R","amount":815000,"street":0},{"player":0,"type":"C","amount":615000,"street":0},{"player":2,"type":"R","amount":2185000,"street":0},{"player":3,"type":"F","amount":0,"street":0}],"actions":[{"type":"F","amount":0},{"type":"C","amount":1370000}],"hands":{"22":{"weight":0.0,"played":[0.0095,0.9905],"evs":[0.0,8.21523]},"32o":{"weight":0.0,"played":[0.6217,0.3783],"evs":[0.0,-0.41213]},"42o":{"weight":0.0,"played":[0.0033,0.9967],"evs":[0.0,2.55226]},"52o":{"weight":0.0,"played":[0.0676,0.9324],"evs":[0.0,0.17213]},"62o":{"weight":0.0,"played":[0.4641,0.5359],"evs":[0.0,0.61901]},"72o":{"weight":0.0,"played":[0.3228,0.6772],"evs":[0.0,1.56797]},"82o":{"weight":0.0,"played":[0.5268,0.4732],"evs":[0.0,0.48418]},"92o":{"weight":0.0,"played":[0.0957,0.9043],"evs":[0.0,0.4972]},"T2o":{"weight":0.0,"played":[0.6626,0.3374],"evs":[0.0,-0.06617]},"J2o":{"weight":0.0,"played":[0.1548,0.8452],"evs":[0.0,2.06233]},"Q2o":{"weight":0.0,"played":[0.0037,0.9963],"evs":[0.0,0.66113]},"K2o":{"weight":0.0,"played":[0.0416,0.9584],"evs":[0.0,1.26716]},"A2o":{"weight":0.0,"played":[7.0E-4,0.9993],"evs":[0.0,2.54543]},"32s":{"weight":0.0,"played":[0.4572,0.5428],"evs":[0.0,-0.81759]},"33":{"weight":0.1831,"played":[0.0012,0.9988],"evs":[0.0,6.44077]},"43o":{"weight":0.0,"played":[0.0668,0.9332],"evs":[0.0,1.93855]},"53o":{"weight":0.0,"played":[0.7177,0.2823],"evs":[0.0,-1.25621]},"63o":{"weight":0.0,"played":[0.2467,0.7533],"evs":[0.0,-0.06553]},"73o":{"weight":0.0,"played":[0.0647,0.9353],"evs":[0.0,1.84013]},"83o":{"weight":0.0,"played":[0.8166,0.1834],"evs":[0.0,0.40984]},"93o":{"weight":0.0,"played":[0.0954,0.9046],"evs":[0.0,2.75065]},"T3o":{"weight":0.0,"played":[0.1008,0.8992],"evs":[0.0,1.89679]},"J3o":{"weight":0.0,"played":[0.1504,0.8496],"evs":[0.0,2.783]},"Q3o":{"weight":0.0,"played":[0.3552,0.6448],"evs":[0.0,0.65632]},"K3o":{"weight":0.0,"played":[2.0E-4,0.9998],"evs":[0.0,1.79432]},"A3o":{"weight":0.0,"played":[0.0024,0.9976],"evs":[0.0,4.6635]},"42s":{"weight":0.0,"played":[0.0195,0.9805],"evs":[0.0,4.75147]},"43s":{"weight":0.0,"played":[0.0185,0.9815],"evs":[0.0,2.8319]},"44":{"weight":0.8179,"played":[0.001,0.999],"evs":[0.0,8.74568]},"54o":{"weight":0.0,"played":[0.2853,0.7147],"evs":[0.0,0.51477]},"64o":{"weight":0.0,"played":[0.2367,0.7633],"evs":[0.0,2.62759]},"74o":{"weight":0.0,"played":[0.0117,0.9883],"evs":[0.0,3.22475]},"84o":{"weight":0.0,"played":[0.0723,0.9277],"evs":[0.0,-0.39963]},"94o":{"weight":0.0,"played":[0.2083,0.7917],"evs":[0.0,1.16362]},"T4o":{"weight":0.0,"played":[0.079,0.921],"evs":[0.0,0.72813]},"J4o":{"weight":0.0,"played":[0.7589,0.2411],"evs":[0.0,-1.02259]},"Q4o":{"weight":0.0,"played":[0.111,0.889],"evs":[0.0,1.32762]},"K4o":{"weight":0.0,"played":[0.0782,0.9218],"evs":[0.0,2.8576]},"A4o":{"weight":0.0,"played":[5.0E-4,0.9995],"evs":[0.0,4.97262]},"52s":{"weight":0.0,"played":[0.0056,0.9944],"evs":[0.0,5.62264]},"53s":{"weight":0.0,"played":[0.0014,0.9986],"evs":[0.0,7.89507]},"54s":{"weight":0.0,"played":[0.4782,0.5218],"evs":[0.0,3.29336]},"55":{"weight":0.6161,"played":[6.0E-4,0.9994],"evs":[0.0,9.7178]},"65o":{"weight":0.0,"played":[0.0051,0.9949],"evs":[0.0,2.90052]},"75o":{"weight":0.0,"played":[4.0E-4,0.9996],"evs":[0.0,3.62609]},"85o":{"weight":0.0,"played":[0.0717,0.9283],"evs":[0.0,1.01557]},"95o":{"weight":0.0,"played":[0.4063,0.5937],"evs":[0.0,1.0543]},"T5o":{"weight":0.0,"played":[0.5221,0.4779],"evs":[0.0,-0.75961]},"J5o":{"weight":0.0,"played":[0.3521,0.6479],"evs":[0.0,1.14908]},"Q5o":{"weight":0.0,"played":[0.3509,0.6491],"evs":[0.0,-0.65998]},"K5o":{"weight":0.0,"played":[0.0141,0.9859],"evs":[0.0,5.16825]},"A5o":{"weight":0.0,"played":[0.0011,0.9989],"evs":[0.0,5.30505]},"62s":{"weight":0.0,"played":[0.2207,0.7793],"evs":[0.0,0.93669]},"63s":{"weight":0.0,"played":[0.1429,0.8571],"evs":[0.0,4.54659]},"64s":{"weight":0.0,"played":[0.1226,0.8774],"evs":[0.0,4.53931]},"65s":{"weight":0.0,"played":[0.0408,0.9592],"evs":[0.0,5.32666]},"66":{"weight":0.0014,"played":[0.0011,0.9989],"evs":[0.0,9.43027]},"76o":{"weight":0.0,"played":[0.0205,0.9795],"evs":[0.0,0.27726]},"86o":{"weight":0.0,"played":[0.2767,0.7233],"evs":[0.0,1.82605]},"96o":{"weight":0.0,"played":[0.0135,0.9865],"evs":[0.0,2.36157]},"T6o":{"weight":0.0,"played":[0.0658,0.9342],"evs":[0.0,1.68081]},"J6o":{"weight":0.0,"played":[0.0216,0.9784],"evs":[0.0,2.95082]},"Q6o":{"weight":0.0,"played":[0.1139,0.8861],"evs":[0.0,1.07165]},"K6o":{"weight":0.0,"played":[0.0072,0.9928],"evs":[0.0,5.53332]},"A6o":{"weight":0.0,"played":[0.016,0.984],"evs":[0.0,5.17813]},"72s":{"weight":0.0,"played":[0.7081,0.2919],"evs":[0.0,-2.97743]},"73s":{"weight":0.0,"played":[0.0094,0.9906],"evs":[0.0,4.5143]},"74s":{"weight":0.0,"played":[0.3298,0.6702],"evs":[0.0,3.62368]},"75s":{"weight":0.0,"played":[0.0827,0.9173],"evs":[0.0,3.55112]},"76s":{"weight":0.0,"played":[7.0E-4,0.9993],"evs":[0.0,5.31405]},"77":{"weight":0.3122,"played":[7.0E-4,0.9993],"evs":[0.0,11.79072]},"87o":{"weight":0.0,"played":[0.0068,0.9932],"evs":[0.0,4.89996]},"97o":{"weight":0.0,"played":[0.0054,0.9946],"evs":[0.0,3.75909]},"T7o":{"weight":0.0,"played":[0.037,0.963],"evs":[0.0,3.28858]},"J7o":{"weight":0.0,"played":[0.1522,0.8478],"evs":[0.0,1.70266]},"Q7o":{"weight":0.0,"played":[0.0603,0.9397],"evs":[0.0,3.51996]},"K7o":{"weight":0.0,"played":[0.0061,0.9939],"evs":[0.0,6.26278]},"A7o":{"weight":0.1977,"played":[6.0E-4,0.9994],"evs":[0.0,4.79951]},"82s":{"weight":0.0,"played":[0.1169,0.8831],"evs":[0.0,5.01568]},"83s":{"weight":0.0,"played":[0.0329,0.9671],"evs":[0.0,2.51141]},"84s":{"weight":0.0,"played":[0.7751,0.2249],"evs":[0.0,2.64584]},"85s":{"weight":0.0,"played":[9.0E-4,0.9991],"evs":[0.0,2.56238]},"86s":{"weight":0.0,"played":[0.0507,0.9493],"evs":[0.0,1.80363]},"87s":{"weight":0.0,"played":[0.0492,0.9508],"evs":[0.0,5.08891]},"88":{"weight":0.097,"played":[0.0,1.0],"evs":[0.0,12.94135]},"98o":{"weight":0.0,"played":[0.0544,0.9456],"evs":[0.0,4.95808]},"T8o":{"weight":0.0,"played":[5.0E-4,0.9995],"evs":[0.0,3.25825]},"J8o":{"weight":0.0,"played":[0.0027,0.9973],"evs":[0.0,1.31029]},"Q8o":{"weight":0.0,"played":[0.0039,0.9961],"evs":[0.0,4.05476]},"K8o":{"weight":0.0,"played":[0.0064,0.9936],"evs":[0.0,4.38408]},"A8o":{"weight":0.1318,"played":[2.0E-4,0.9998],"evs":[0.0,5.30928]},"92s":{"weight":0.0,"played":[0.0361,0.9639],"evs":[0.0,2.67945]},"93s":{"weight":0.0,"played":[0.1035,0.8965],"evs":[0.0,1.52672]},"94s":{"weight":0.0,"played":[0.298,0.702],"evs":[0.0,4.12885]},"95s":{"weight":0.0,"played":[0.1246,0.8754],"evs":[0.0,3.68652]},"96s":{"weight":0.0,"played":[0.0031,0.9969],"evs":[0.0,5.39416]},"97s":{"weight":0.0,"played":[0.8342,0.1658],"evs":[0.0,-0.71351]},"98s":{"weight":0.3064,"played":[0.0154,0.9846],"evs":[0.0,3.95567]},"99":{"weight":0.0011,"played":[6.0E-4,0.9994],"evs":[0.0,12.2366]},"T9o":{"weight":0.0,"played":[0.0011,0.9989],"evs":[0.0,5.49752]},"J9o":{"weight":0.0,"played":[6.0E-4,0.9994],"evs":[0.0,6.11627]},"Q9o":{"weight":0.0,"played":[0.0054,0.9946],"evs":[0.0,8.62889]},"K9o":{"weight":0.0,"played":[3.0E-4,0.9997],"evs":[0.0,5.71735]},"A9o":{"weight":0.0155,"played":[7.0E-4,0.9993],"evs":[0.0,5.70926]},"T2s":{"weight":0.0,"played":[0.5229,0.4771],"evs":[0.0,-0.32403]},"T3s":{"weight":0.0,"played":[0.2316,0.7684],"evs":[0.0,2.91489]},"T4s":{"weight":0.0,"played":[7.0E-4,0.9993],"evs":[0.0,5.53894]},"T5s":{"weight":0.0,"played":[0.0233,0.9767],"evs":[0.0,5.49355]},"T6s":{"weight":0.0,"played":[0.0379,0.9621],"evs":[0.0,3.70353]},"T7s":{"weight":0.0,"played":[0.0041,0.9959],"evs":[0.0,6.35288]},"T8s":{"weight":0.2299,"played":[4.0E-4,0.9996],"evs":[0.0,7.40488]},"T9s":{"weight":0.1095,"played":[0.0048,0.9952],"evs":[0.0,8.95539]},"TT":{"weight":0.207,"played":[0.0,1.0],"evs":[0.0,15.20654]},"JTo":{"weight":0.0,"played":[0.0,1.0],"evs":[0.0,5.34219]},"QTo":{"weight":0.0016,"played":[1.0E-4,0.9999],"evs":[0.0,4.36421]},"KTo":{"weight":4.0E-4,"played":[0.0,1.0],"evs":[0.0,8.5498]},"ATo":{"weight":0.0569,"played":[2.0E-4,0.9998],"evs":[0.0,7.88908]},"J2s":{"weight":0.0,"played":[0.0541,0.9459],"evs":[0.0,6.98917]},"J3s":{"weight":0.0,"played":[0.3048,0.6952],"evs":[0.0,1.81692]},"J4s":{"weight":0.0,"played":[0.0016,0.9984],"evs":[0.0,4.74431]},"J5s":{"weight":0.0,"played":[0.8183,0.1817],"evs":[0.0,-1.99772]},"J6s":{"weight":0.0,"played":[0.1029,0.8971],"evs":[0.0,3.09623]},"J7s":{"weight":0.0,"played":[0.0238,0.9762],"evs":[0.0,0.44419]},"J8s":{"weight":0.0,"played":[0.0026,0.9974],"evs":[0.0,7.02001]},"J9s":{"weight":0.3714,"played":[1.0E-4,0.9999],"evs":[0.0,8.35777]},"JTs":{"weight":0.3965,"played":[0.0021,0.9979],"evs":[0.0,10.15459]},"JJ":{"weight":0.0197,"played":[2.0E-4,0.9998],"evs":[0.0,20.81777]},"QJo":{"weight":0.0466,"played":[1.0E-4,0.9999],"evs":[0.0,6.69513]},"KJo":{"weight":0.4051,"played":[1.0E-4,0.9999],"evs":[0.0,8.74058]},"AJo":{"weight":0.2342,"played":[0.0,1.0],"evs":[0.0,11.71167]},"Q2s":{"weight":0.0,"played":[0.0121,0.9879],"evs":[0.0,5.92404]},"Q3s":{"weight":0.0,"played":[6.0E-4,0.9994],"evs":[0.0,3.28748]},"Q4s":{"weight":0.0,"played":[0.0098,0.9902],"evs":[0.0,5.62817]},"Q5s":{"weight":0.0,"played":[0.0059,0.9941],"evs":[0.0,5.91372]},"Q6s":{"weight":0.0,"played":[0.0203,0.9797],"evs":[0.0,1.71251]},"Q7s":{"weight":0.0,"played":[0.0278,0.9722],"evs":[0.0,4.59393]},"Q8s":{"weight":0.0364,"played":[0.017,0.983],"evs":[0.0,3.40677]},"Q9s":{"weight":0.3798,"played":[0.0,1.0],"evs":[0.0,8.5043]},"QTs":{"weight":0.376,"played":[0.0148,0.9852],"evs":[0.0,6.38934]},"QJs":{"weight":0.5676,"played":[0.01,0.99],"evs":[0.0,7.20963]},"QQ":{"weight":0.0521,"played":[1.0E-4,0.9999],"evs":[0.0,22.59537]},"KQo":{"weight":0.0725,"played":[0.0,1.0],"evs":[0.0,9.75064]},"AQo":{"weight":0.2923,"played":[0.0,1.0],"evs":[0.0,10.44095]},"K2s":{"weight":0.0,"played":[0.0567,0.9433],"evs":[0.0,7.31747]},"K3s":{"weight":0.0,"played":[0.0353,0.9647],"evs":[0.0,5.64772]},"K4s":{"weight":0.0,"played":[0.0123,0.9877],"evs":[0.0,5.89992]},"K5s":{"weight":0.0,"played":[0.1272,0.8728],"evs":[0.0,6.89287]},"K6s":{"weight":0.0,"played":[0.5715,0.4285],"evs":[0.0,1.94987]},"K7s":{"weight":1.0E-4,"played":[0.0049,0.9951],"evs":[0.0,4.8531]},"K8s":{"weight":0.2097,"played":[0.0358,0.9642],"evs":[0.0,5.15416]},"K9s":{"weight":0.3482,"played":[0.0,1.0],"evs":[0.0,5.93399]},"KTs":{"weight":0.4727,"played":[0.0,1.0],"evs":[0.0,6.48181]},"KJs":{"weight":0.3512,"played":[4.0E-4,0.9996],"evs":[0.0,8.57487]},"KQs":{"weight":0.5892,"played":[4.0E-4,0.9996],"evs":[0.0,12.49071]},"KK":{"weight":0.3893,"played":[3.0E-4,0.9997],"evs":[0.0,24.56391]},"AKo":{"weight":0.5247,"played":[1.0E-4,0.9999],"evs":[0.0,14.8095]},"A2s":{"weight":0.2681,"played":[0.0064,0.9936],"evs":[0.0,6.79865]},"A3s":{"weight":0.9638,"played":[9.0E-4,0.9991],"evs":[0.0,7.2355]},"A4s":{"weight":0.7219,"played":[0.0307,0.9693],"evs":[0.0,6.09111]},"A5s":{"weight":0.4273,"played":[0.0065,0.9935],"evs":[0.0,5.03106]},"A6s":{"weight":0.2604,"played":[9.0E-4,0.9991],"evs":[0.0,6.88599]},"A7s":{"weight":0.0632,"played":[0.0185,0.9815],"evs":[0.0,7.07033]},"A8s":{"weight":0.0131,"played":[0.0237,0.9763],"evs":[0.0,5.78283]},"A9s":{"weight":0.2975,"played":[0.0024,0.9976],"evs":[0.0,9.62807]},"ATs":{"weight":0.0296,"played":[7.0E-4,0.9993],"evs":[0.0,12.85241]},"AJs":{"weight":0.007,"played":[0.0153,0.9847],"evs":[0.0,11.26807]},"AQs":{"weight":0.0343,"played":[2.0E-4,0.9998],"evs":[0.0,14.66361]},"AKs":{"weight":0.9802,"played":[0.0011,0.9989],"evs":[0.0,13.34776]},"AA":{"weight":0.3481,"played":[0.0,1.0],"evs":[0.0,26.21975]}}}