{"player":3,"street":0,"children":2,"sequence":[{"player":0,"type":"R","amount":200000,"street":0},{"player":1,"type":"F","amount":0,"street":0},{"player":2,"type":"C","amount":200000,"street":0},{"player":3,"type":"C","amount":200000,"street":0},{"player":4,"type":"F","amount":0,"street":0},{"player":5,"type":"R","amount":815000,"street":0},{"player":0,"type":"R","amount":2185000,"street":0},{"player":2,"type":"C","amount":1985000,"street":0}],"actions":[{"type":"F","amount":0},{"type":"C","amount":1015000}],"hands":{"22":{"weight":0.0,"played":[0.0397,0.9603],"evs":[0.0,0.23151]},"32o":{"weight":0.0,"played":[1.0,0.0],"evs":[0.0,-2.85027]},"42o":{"weight":0.0,"played":[1.0,0.0],"evs":[0.0,-2.73857]},"52o":{"weight":0.0,"played":[1.0,0.0],"evs":[0.0,-2.35336]},"62o":{"weight":0.0,"played":[1.0,0.0],"evs":[0.0,-2.94954]},"72o":{"weight":0.0,"played":[1.0,0.0],"evs":[0.0,-3.49867]},"82o":{"weight":0.0,"played":[1.0,0.0],"evs":[0.0,-3.29344]},"92o":{"weight":0.0,"played":[1.0,0.0],"evs":[0.0,-3.48997]},"T2o":{"weight":0.0,"played":[1.0,0.0],"evs":[0.0,-3.11478]},"J2o":{"weight":0.0,"played":[1.0,0.0],"evs":[0.0,-3.06103]},"Q2o":{"weight":0.0,"played":[1.0,0.0],"evs":[0.0,-2.51245]},"K2o":{"weight":0.0,"played":[0.9998,2.0E-4],"evs":[0.0,-2.37476]},"A2o":{"weight":0.0,"played":[0.9999,1.0E-4],"evs":[0.0,-2.80233]},"32s":{"weight":0.0,"played":[1.0,0.0],"evs":[0.0,-1.20726]},"33":{"weight":0.0,"played":[0.0072,0.9928],"evs":[0.0,0.86682]},"43o":{"weight":0.0,"played":[1.0,0.0],"evs":[0.0,-1.91737]},"53o":{"weight":0.0,"played":[0.999,0.001],"evs":[0.0,-1.71951]},"63o":{"weight":0.0,"played":[1.0,0.0],"evs":[0.0,-2.28504]},"73o":{"weight":0.0,"played":[1.0,0.0],"evs":[0.0,-2.86877]},"83o":{"weight":0.0,"played":[1.0,0.0],"evs":[0.0,-3.49096]},"93o":{"weight":0.0,"played":[1.0,0.0],"evs":[0.0,-3.00784]},"T3o":{"weight":0.0,"played":[1.0,0.0],"evs":[0.0,-3.10039]},"J3o":{"weight":0.0,"played":[1.0,0.0],"evs":[0.0,-2.98045]},"Q3o":{"weight":0.0,"played":[1.0,0.0],"evs":[0.0,-2.50279]},"K3o":{"weight":0.0,"played":[1.0,0.0],"evs":[0.0,-2.08641]},"A3o":{"weight":0.0,"played":[1.0,0.0],"evs":[0.0,-2.30632]},"42s":{"weight":0.0,"played":[0.9341,0.0659],"evs":[0.0,-0.85293]},"43s":{"weight":0.0,"played":[0.6866,0.3134],"evs":[0.0,-0.16888]},"44":{"weight":0.9977,"played":[4.0E-4,0.9996],"evs":[0.0,0.63543]},"54o":{"weight":0.0,"played":[0.9999,1.0E-4],"evs":[0.0,-1.23317]},"64o":{"weight":0.0,"played":[1.0,0.0],"evs":[0.0,-1.51313]},"74o":{"weight":0.0,"played":[0.9999,1.0E-4],"evs":[0.0,-2.09455]},"84o":{"weight":0.0,"played":[1.0,0.0],"evs":[0.0,-2.68831]},"94o":{"weight":0.0,"played":[1.0,0.0],"evs":[0.0,-3.30253]},"T4o":{"weight":0.0,"played":[1.0,0.0],"evs":[0.0,-2.83744]},"J4o":{"weight":0.0,"played":[1.0,0.0],"evs":[0.0,-2.85917]},"Q4o":{"weight":0.0,"played":[1.0,0.0],"evs":[0.0,-2.30441]},"K4o":{"weight":0.0,"played":[1.0,0.0],"evs":[0.0,-2.23119]},"A4o":{"weight":0.0,"played":[1.0,0.0],"evs":[0.0,-1.88986]},"52s":{"weight":0.0,"played":[0.5848,0.4152],"evs":[0.0,-0.79471]},"53s":{"weight":0.0,"played":[0.7779,0.2221],"evs":[0.0,-0.19445]},"54s":{"weight":0.0,"played":[0.0042,0.9958],"evs":[0.0,0.46319]},"55":{"weight":0.8324,"played":[0.0,1.0],"evs":[0.0,1.37819]},"65o":{"weight":0.0,"played":[0.9976,0.0024],"evs":[0.0,-0.82228]},"75o":{"weight":0.0,"played":[1.0,0.0],"evs":[0.0,-1.41227]},"85o":{"weight":0.0,"played":[1.0,0.0],"evs":[0.0,-1.80097]},"95o":{"weight":0.0,"played":[1.0,0.0],"evs":[0.0,-2.51569]},"T5o":{"weight":0.0,"played":[1.0,0.0],"evs":[0.0,-3.13831]},"J5o":{"weight":0.0,"played":[1.0,0.0],"evs":[0.0,-2.5447]},"Q5o":{"weight":0.0,"played":[1.0,0.0],"evs":[0.0,-2.25257]},"K5o":{"weight":0.0,"played":[1.0,0.0],"evs":[0.0,-1.91706]},"A5o":{"weight":0.0,"played":[1.0,0.0],"evs":[0.0,-2.0368]},"62s":{"weight":0.0,"played":[0.9998,2.0E-4],"evs":[0.0,-1.08106]},"63s":{"weight":0.0,"played":[0.9865,0.0135],"evs":[0.0,-0.40039]},"64s":{"weight":0.0,"played":[0.2787,0.7213],"evs":[0.0,0.25372]},"65s":{"weight":0.0612,"played":[0.0033,0.9967],"evs":[0.0,0.75571]},"66":{"weight":0.0,"played":[0.0,1.0],"evs":[0.0,1.90959]},"76o":{"weight":0.0,"played":[0.9968,0.0032],"evs":[0.0,-0.79073]},"86o":{"weight":0.0,"played":[0.9989,0.0011],"evs":[0.0,-1.21598]},"96o":{"weight":0.0,"played":[0.9998,2.0E-4],"evs":[0.0,-1.84417]},"T6o":{"weight":0.0,"played":[0.9999,1.0E-4],"evs":[0.0,-2.30271]},"J6o":{"weight":0.0,"played":[1.0,0.0],"evs":[0.0,-2.56301]},"Q6o":{"weight":0.0,"played":[1.0,0.0],"evs":[0.0,-1.99165]},"K6o":{"weight":0.0,"played":[0.9999,1.0E-4],"evs":[0.0,-1.61658]},"A6o":{"weight":0.0,"played":[0.9998,2.0E-4],"evs":[0.0,-2.62212]},"72s":{"weight":0.0,"played":[1.0,0.0],"evs":[0.0,-1.73703]},"73s":{"weight":0.0,"played":[0.9999,1.0E-4],"evs":[0.0,-0.92218]},"74s":{"weight":0.0,"played":[0.8792,0.1208],"evs":[0.0,-0.32434]},"75s":{"weight":0.0,"played":[1.0E-4,0.9999],"evs":[0.0,0.21538]},"76s":{"weight":0.0078,"played":[0.0104,0.9896],"evs":[0.0,0.83949]},"77":{"weight":0.0,"played":[1.0E-4,0.9999],"evs":[0.0,2.5892]},"87o":{"weight":0.0,"played":[0.9968,0.0032],"evs":[0.0,-0.93648]},"97o":{"weight":0.0,"played":[0.9999,1.0E-4],"evs":[0.0,-1.17328]},"T7o":{"weight":0.0,"played":[0.9999,1.0E-4],"evs":[0.0,-1.67334]},"J7o":{"weight":0.0,"played":[0.9998,2.0E-4],"evs":[0.0,-2.19678]},"Q7o":{"weight":0.0,"played":[1.0,0.0],"evs":[0.0,-2.22965]},"K7o":{"weight":0.0,"played":[1.0,0.0],"evs":[0.0,-1.22479]},"A7o":{"weight":0.0,"played":[1.0,0.0],"evs":[0.0,-2.02427]},"82s":{"weight":0.0,"played":[0.9959,0.0041],"evs":[0.0,-1.55267]},"83s":{"weight":0.0,"played":[0.9999,1.0E-4],"evs":[0.0,-1.80084]},"84s":{"weight":0.0,"played":[0.9702,0.0298],"evs":[0.0,-0.98376]},"85s":{"weight":0.0,"played":[0.5563,0.4437],"evs":[0.0,-0.39308]},"86s":{"weight":0.0,"played":[0.187,0.813],"evs":[0.0,0.2604]},"87s":{"weight":0.0172,"played":[2.0E-4,0.9998],"evs":[0.0,0.24332]},"88":{"weight":0.0,"played":[0.0,1.0],"evs":[0.0,3.41537]},"98o":{"weight":0.0,"played":[0.9997,3.0E-4],"evs":[0.0,-0.9587]},"T8o":{"weight":0.0,"played":[0.9996,4.0E-4],"evs":[0.0,-1.19107]},"J8o":{"weight":0.0,"played":[0.9995,5.0E-4],"evs":[0.0,-1.60157]},"Q8o":{"weight":0.0,"played":[0.9998,2.0E-4],"evs":[0.0,-1.68014]},"K8o":{"weight":0.0,"played":[0.9993,7.0E-4],"evs":[0.0,-1.598]},"A8o":{"weight":0.0,"played":[0.9991,9.0E-4],"evs":[0.0,-2.02264]},"92s":{"weight":0.0,"played":[0.9999,1.0E-4],"evs":[0.0,-2.05547]},"93s":{"weight":0.0,"played":[0.9969,0.0031],"evs":[0.0,-1.32551]},"94s":{"weight":0.0,"played":[0.9988,0.0012],"evs":[0.0,-1.40244]},"95s":{"weight":0.0,"played":[0.999,0.001],"evs":[0.0,-0.80946]},"96s":{"weight":0.0,"played":[0.0736,0.9264],"evs":[0.0,0.2383]},"97s":{"weight":0.0,"played":[0.03,0.97],"evs":[0.0,0.27049]},"98s":{"weight":0.7278,"played":[1.0E-4,0.9999],"evs":[0.0,1.21221]},"99":{"weight":0.0,"played":[0.0,1.0],"evs":[0.0,4.74244]},"T9o":{"weight":0.0,"played":[0.9974,0.0026],"evs":[0.0,-0.52992]},"J9o":{"weight":0.0,"played":[0.9997,3.0E-4],"evs":[0.0,-1.31502]},"Q9o":{"weight":0.0,"played":[0.9992,8.0E-4],"evs":[0.0,-0.8708]},"K9o":{"weight":0.0,"played":[0.9985,0.0015],"evs":[0.0,-0.93565]},"A9o":{"weight":0.0,"played":[0.9976,0.0024],"evs":[0.0,-1.29261]},"T2s":{"weight":0.0,"played":[0.9991,9.0E-4],"evs":[0.0,-1.4179]},"T3s":{"weight":0.0,"played":[1.0,0.0],"evs":[0.0,-1.33045]},"T4s":{"weight":0.0,"played":[0.9995,5.0E-4],"evs":[0.0,-1.16191]},"T5s":{"weight":0.0,"played":[0.9911,0.0089],"evs":[0.0,-1.7433]},"T6s":{"weight":0.0,"played":[0.8428,0.1572],"evs":[0.0,-0.45877]},"T7s":{"weight":0.0,"played":[0.7558,0.2442],"evs":[0.0,-0.51217]},"T8s":{"weight":0.003,"played":[0.0321,0.9679],"evs":[0.0,0.31073]},"T9s":{"weight":0.5444,"played":[0.0133,0.9867],"evs":[0.0,1.04292]},"TT":{"weight":0.0,"played":[0.0,1.0],"evs":[0.0,6.50664]},"JTo":{"weight":0.0,"played":[0.952,0.048],"evs":[0.0,-0.27991]},"QTo":{"weight":0.0,"played":[0.9435,0.0565],"evs":[0.0,-0.26394]},"KTo":{"weight":0.0,"played":[0.2341,0.7659],"evs":[0.0,0.12078]},"ATo":{"weight":8.0E-4,"played":[0.2838,0.7162],"evs":[0.0,-0.01639]},"J2s":{"weight":0.0,"played":[0.9997,3.0E-4],"evs":[0.0,-0.94729]},"J3s":{"weight":0.0,"played":[0.9909,0.0091],"evs":[0.0,-1.36225]},"J4s":{"weight":0.0,"played":[0.9998,2.0E-4],"evs":[0.0,-1.3673]},"J5s":{"weight":0.0,"played":[0.9993,7.0E-4],"evs":[0.0,-1.11004]},"J6s":{"weight":0.0,"played":[0.9943,0.0057],"evs":[0.0,-1.20773]},"J7s":{"weight":0.0,"played":[0.2994,0.7006],"evs":[0.0,0.05539]},"J8s":{"weight":0.0,"played":[0.515,0.485],"evs":[0.0,-0.19788]},"J9s":{"weight":0.0,"played":[0.4509,0.5491],"evs":[0.0,0.22841]},"JTs":{"weight":0.9991,"played":[1.0E-4,0.9999],"evs":[0.0,1.62799]},"JJ":{"weight":0.0,"played":[0.0,1.0],"evs":[0.0,8.81666]},"QJo":{"weight":0.0,"played":[0.0774,0.9226],"evs":[0.0,0.21462]},"KJo":{"weight":0.0747,"played":[0.0,1.0],"evs":[0.0,0.3987]},"AJo":{"weight":1.0E-4,"played":[0.0,1.0],"evs":[0.0,1.83362]},"Q2s":{"weight":0.0,"played":[0.9996,4.0E-4],"evs":[0.0,-0.5822]},"Q3s":{"weight":0.0,"played":[0.9925,0.0075],"evs":[0.0,-1.06747]},"Q4s":{"weight":0.0,"played":[0.894,0.106],"evs":[0.0,-0.51434]},"Q5s":{"weight":0.0,"played":[0.9958,0.0042],"evs":[0.0,-0.83641]},"Q6s":{"weight":0.0,"played":[0.6551,0.3449],"evs":[0.0,-0.15902]},"Q7s":{"weight":0.0,"played":[0.964,0.036],"evs":[0.0,-0.53842]},"Q8s":{"weight":0.0,"played":[0.9095,0.0905],"evs":[0.0,-0.14572]},"Q9s":{"weight":0.0791,"played":[0.017,0.983],"evs":[0.0,1.281]},"QTs":{"weight":0.9998,"played":[3.0E-4,0.9997],"evs":[0.0,0.9642]},"QJs":{"weight":0.9998,"played":[1.0E-4,0.9999],"evs":[0.0,2.04699]},"QQ":{"weight":0.0,"played":[0.0,1.0],"evs":[0.0,11.47786]},"KQo":{"weight":0.8922,"played":[0.0,1.0],"evs":[0.0,1.75508]},"AQo":{"weight":0.0,"played":[0.0,1.0],"evs":[0.0,3.17639]},"K2s":{"weight":0.0,"played":[0.5432,0.4568],"evs":[0.0,-0.36979]},"K3s":{"weight":0.0,"played":[0.3132,0.6868],"evs":[0.0,0.0695]},"K4s":{"weight":0.0,"played":[0.6501,0.3499],"evs":[0.0,-0.04418]},"K5s":{"weight":0.0,"played":[0.0079,0.9921],"evs":[0.0,0.33554]},"K6s":{"weight":0.0,"played":[0.2868,0.7132],"evs":[0.0,0.23467]},"K7s":{"weight":0.0,"played":[0.651,0.349],"evs":[0.0,0.1031]},"K8s":{"weight":0.0,"played":[0.0177,0.9823],"evs":[0.0,0.53092]},"K9s":{"weight":0.4309,"played":[0.0297,0.9703],"evs":[0.0,0.78682]},"KTs":{"weight":0.9998,"played":[0.0,1.0],"evs":[0.0,1.56964]},"KJs":{"weight":0.9998,"played":[0.0,1.0],"evs":[0.0,2.31549]},"KQs":{"weight":0.0189,"played":[0.0,1.0],"evs":[0.0,3.28454]},"KK":{"weight":2.0E-4,"played":[0.0,1.0],"evs":[0.0,15.38129]},"AKo":{"weight":0.0,"played":[0.0,1.0],"evs":[0.0,4.49516]},"A2s":{"weight":0.0,"played":[0.9344,0.0656],"evs":[0.0,-0.72806]},"A3s":{"weight":8.0E-4,"played":[0.8786,0.1214],"evs":[0.0,-0.49945]},"A4s":{"weight":0.2417,"played":[0.5741,0.4259],"evs":[0.0,0.12879]},"A5s":{"weight":0.9228,"played":[0.0368,0.9632],"evs":[0.0,0.47236]},"A6s":{"weight":0.5179,"played":[0.9541,0.0459],"evs":[0.0,-0.58349]},"A7s":{"weight":0.0553,"played":[0.9666,0.0334],"evs":[0.0,-0.46921]},"A8s":{"weight":0.0137,"played":[0.5486,0.4514],"evs":[0.0,-0.17938]},"A9s":{"weight":0.0267,"played":[0.0071,0.9929],"evs":[0.0,0.8351]},"ATs":{"weight":0.001,"played":[0.0,1.0],"evs":[0.0,2.11656]},"AJs":{"weight":0.0,"played":[1.0E-4,0.9999],"evs":[0.0,3.324]},"AQs":{"weight":0.0,"played":[1.0E-4,0.9999],"evs":[0.0,5.45598]},"AKs":{"weight":0.0,"played":[0.0,1.0],"evs":[0.0,6.58836]},"AA":{"weight":4.0E-4,"played":[0.0,1.0],"evs":[0.0,20.07782]}}}