{"player":0,"street":0,"children":3,"sequence":[{"player":0,"type":"R","amount":200000,"street":0},{"player":1,"type":"F","amount":0,"street":0},{"player":2,"type":"C","amount":200000,"street":0},{"player":3,"type":"C","amount":200000,"street":0},{"player":4,"type":"R","amount":715000,"street":0},{"player":5,"type":"F","amount":0,"street":0}],"actions":[{"type":"F","amount":0,"node":294},{"type":"C","amount":515000,"node":299},{"type":"R","amount":2185000,"node":305}],"hands":{"22":{"weight":0.0,"played":[0.1625,0.2994,0.5381],"evs":[0.0,0.21913,0.27694]},"32o":{"weight":0.0,"played":[1.0,0.0,0.0],"evs":[0.0,-5.03567,-5.95156]},"42o":{"weight":0.0,"played":[0.9999,0.0,1.0E-4],"evs":[0.0,-5.03064,-5.27927]},"52o":{"weight":0.0,"played":[1.0,0.0,0.0],"evs":[0.0,-5.13092,-4.9268]},"62o":{"weight":0.0,"played":[1.0,0.0,0.0],"evs":[0.0,-5.01254,-5.85781]},"72o":{"weight":0.0,"played":[1.0,0.0,0.0],"evs":[0.0,-5.04625,-5.4845]},"82o":{"weight":0.0,"played":[1.0,0.0,0.0],"evs":[0.0,-5.07269,-6.04152]},"92o":{"weight":0.0,"played":[1.0,0.0,0.0],"evs":[0.0,-5.01914,-5.50244]},"T2o":{"weight":0.0,"played":[1.0,0.0,0.0],"evs":[0.0,-5.05704,-5.8493]},"J2o":{"weight":0.0,"played":[1.0,0.0,0.0],"evs":[0.0,-5.03681,-5.67682]},"Q2o":{"weight":0.0,"played":[1.0,0.0,0.0],"evs":[0.0,-4.98919,-5.74704]},"K2o":{"weight":0.0,"played":[1.0,0.0,0.0],"evs":[0.0,-4.81934,-4.96607]},"A2o":{"weight":0.0,"played":[0.9992,0.0,8.0E-4],"evs":[0.0,-1.6314,-1.47466]},"32s":{"weight":0.0,"played":[0.9999,1.0E-4,0.0],"evs":[0.0,-4.80237,-4.50591]},"33":{"weight":0.3456,"played":[0.0214,0.0733,0.9053],"evs":[0.0,0.54263,0.56925]},"43o":{"weight":0.0,"played":[1.0,0.0,0.0],"evs":[0.0,-5.08566,-5.17816]},"53o":{"weight":0.0,"played":[1.0,0.0,0.0],"evs":[0.0,-4.3498,-4.33479]},"63o":{"weight":0.0,"played":[0.9999,0.0,1.0E-4],"evs":[0.0,-4.68439,-4.65792]},"73o":{"weight":0.0,"played":[1.0,0.0,0.0],"evs":[0.0,-4.99886,-5.33157]},"83o":{"weight":0.0,"played":[1.0,0.0,0.0],"evs":[0.0,-5.05284,-5.68364]},"93o":{"weight":0.0,"played":[1.0,0.0,0.0],"evs":[0.0,-5.02267,-5.49879]},"T3o":{"weight":0.0,"played":[1.0,0.0,0.0],"evs":[0.0,-5.03005,-5.45669]},"J3o":{"weight":0.0,"played":[1.0,0.0,0.0],"evs":[0.0,-5.01528,-5.58083]},"Q3o":{"weight":0.0,"played":[1.0,0.0,0.0],"evs":[0.0,-5.0234,-5.33288]},"K3o":{"weight":0.0,"played":[1.0,0.0,0.0],"evs":[0.0,-4.38004,-4.28754]},"A3o":{"weight":0.0,"played":[0.9729,0.0019,0.0251],"evs":[0.0,-0.84466,-0.69892]},"42s":{"weight":0.0,"played":[1.0,0.0,0.0],"evs":[0.0,-3.01422,-2.9053]},"43s":{"weight":0.0,"played":[0.9998,1.0E-4,1.0E-4],"evs":[0.0,-2.51968,-2.23007]},"44":{"weight":1.0,"played":[3.0E-4,0.2421,0.7576],"evs":[0.0,1.37745,1.38887]},"54o":{"weight":0.0,"played":[0.9999,0.0,1.0E-4],"evs":[0.0,-3.2171,-3.21771]},"64o":{"weight":0.0,"played":[1.0,0.0,0.0],"evs":[0.0,-3.78683,-3.76381]},"74o":{"weight":0.0,"played":[1.0,0.0,0.0],"evs":[0.0,-4.03945,-4.00858]},"84o":{"weight":0.0,"played":[0.9999,0.0,1.0E-4],"evs":[0.0,-5.10974,-5.17679]},"94o":{"weight":0.0,"played":[1.0,0.0,0.0],"evs":[0.0,-5.01058,-6.00813]},"T4o":{"weight":0.0,"played":[1.0,0.0,0.0],"evs":[0.0,-5.01794,-5.96047]},"J4o":{"weight":0.0,"played":[1.0,0.0,0.0],"evs":[0.0,-5.01995,-5.59792]},"Q4o":{"weight":0.0,"played":[0.9999,0.0,1.0E-4],"evs":[0.0,-4.81092,-4.83864]},"K4o":{"weight":0.0,"played":[1.0,0.0,0.0],"evs":[0.0,-4.64362,-4.4343]},"A4o":{"weight":0.0,"played":[0.8697,0.0436,0.0867],"evs":[0.0,-1.05075,-0.9111]},"52s":{"weight":0.0,"played":[0.9987,1.0E-4,0.0012],"evs":[0.0,-2.64286,-2.64283]},"53s":{"weight":0.0,"played":[0.9898,0.0052,0.0051],"evs":[0.0,-1.60112,-1.58295]},"54s":{"weight":0.0,"played":[0.9617,0.0186,0.0197],"evs":[0.0,-1.09739,-1.14568]},"55":{"weight":1.0,"played":[0.0,0.2852,0.7148],"evs":[0.0,3.7289,3.75995]},"65o":{"weight":0.0,"played":[0.9978,6.0E-4,0.0016],"evs":[0.0,-2.28608,-2.24917]},"75o":{"weight":0.0,"played":[1.0,0.0,0.0],"evs":[0.0,-3.03993,-3.05264]},"85o":{"weight":0.0,"played":[1.0,0.0,0.0],"evs":[0.0,-3.7116,-3.75182]},"95o":{"weight":0.0,"played":[1.0,0.0,0.0],"evs":[0.0,-4.90162,-4.68317]},"T5o":{"weight":0.0,"played":[1.0,0.0,0.0],"evs":[0.0,-5.01933,-5.63804]},"J5o":{"weight":0.0,"played":[1.0,0.0,0.0],"evs":[0.0,-4.77725,-4.76135]},"Q5o":{"weight":0.0,"played":[1.0,0.0,0.0],"evs":[0.0,-4.27691,-4.27589]},"K5o":{"weight":0.0,"played":[0.9996,0.0,4.0E-4],"evs":[0.0,-4.10415,-3.88664]},"A5o":{"weight":0.0,"played":[0.0389,0.1824,0.7787],"evs":[0.0,0.17697,0.24413]},"62s":{"weight":0.0,"played":[1.0,0.0,0.0],"evs":[0.0,-3.18363,-2.9903]},"63s":{"weight":0.0,"played":[0.9943,0.0024,0.0033],"evs":[0.0,-2.5754,-2.54099]},"64s":{"weight":0.0,"played":[0.9994,0.0,6.0E-4],"evs":[0.0,-1.56644,-1.54589]},"65s":{"weight":0.0,"played":[0.0094,0.4401,0.5504],"evs":[0.0,1.47256,1.46618]},"66":{"weight":0.9971,"played":[0.0,0.4091,0.5909],"evs":[0.0,5.05227,5.0611]},"76o":{"weight":0.0,"played":[0.9994,3.0E-4,3.0E-4],"evs":[0.0,-1.69561,-1.6782]},"86o":{"weight":0.0,"played":[1.0,0.0,0.0],"evs":[0.0,-2.61486,-2.63746]},"96o":{"weight":0.0,"played":[0.9999,0.0,1.0E-4],"evs":[0.0,-3.62073,-3.56434]},"T6o":{"weight":0.0,"played":[1.0,0.0,0.0],"evs":[0.0,-4.05718,-3.98511]},"J6o":{"weight":0.0,"played":[1.0,0.0,0.0],"evs":[0.0,-4.44767,-4.23527]},"Q6o":{"weight":0.0,"played":[1.0,0.0,0.0],"evs":[0.0,-4.28636,-4.1778]},"K6o":{"weight":0.0,"played":[0.9994,6.0E-4,1.0E-4],"evs":[0.0,-3.22964,-3.12297]},"A6o":{"weight":0.0,"played":[0.176,0.4313,0.3927],"evs":[0.0,0.09656,0.13032]},"72s":{"weight":0.0,"played":[1.0,0.0,0.0],"evs":[0.0,-2.95163,-2.99617]},"73s":{"weight":0.0,"played":[0.9922,0.0023,0.0056],"evs":[0.0,-3.3429,-3.37094]},"74s":{"weight":0.0,"played":[0.9775,0.0145,0.008],"evs":[0.0,-2.66478,-2.74113]},"75s":{"weight":0.0,"played":[0.9812,0.0043,0.0146],"evs":[0.0,-1.04162,-1.07187]},"76s":{"weight":0.0,"played":[0.0236,0.0463,0.9302],"evs":[0.0,0.33586,0.42272]},"77":{"weight":0.9996,"played":[0.0,0.493,0.507],"evs":[0.0,6.87704,6.77768]},"87o":{"weight":0.0,"played":[1.0,0.0,0.0],"evs":[0.0,-1.54568,-1.53463]},"97o":{"weight":0.0,"played":[1.0,0.0,0.0],"evs":[0.0,-2.03331,-2.06985]},"T7o":{"weight":0.0,"played":[1.0,0.0,0.0],"evs":[0.0,-3.29233,-3.34646]},"J7o":{"weight":0.0,"played":[0.9999,0.0,1.0E-4],"evs":[0.0,-3.72973,-3.70307]},"Q7o":{"weight":0.0,"played":[0.9998,0.0,2.0E-4],"evs":[0.0,-3.14799,-3.20739]},"K7o":{"weight":0.0,"played":[0.9999,0.0,1.0E-4],"evs":[0.0,-2.39032,-2.35544]},"A7o":{"weight":0.999,"played":[0.0116,0.5581,0.4303],"evs":[0.0,0.95161,0.94856]},"82s":{"weight":0.0,"played":[0.9984,0.0014,2.0E-4],"evs":[0.0,-3.92082,-3.86836]},"83s":{"weight":0.0,"played":[1.0,0.0,0.0],"evs":[0.0,-3.16728,-3.18331]},"84s":{"weight":0.0,"played":[1.0,0.0,0.0],"evs":[0.0,-2.13406,-2.07921]},"85s":{"weight":0.0,"played":[0.98,0.0087,0.0113],"evs":[0.0,-1.78214,-1.86773]},"86s":{"weight":0.0,"played":[0.861,0.0934,0.0456],"evs":[0.0,-0.22675,-0.33367]},"87s":{"weight":0.0,"played":[0.151,0.3247,0.5243],"evs":[0.0,0.52033,0.5131]},"88":{"weight":1.0,"played":[0.0,0.5695,0.4305],"evs":[0.0,7.56402,7.51273]},"98o":{"weight":0.0,"played":[1.0,0.0,0.0],"evs":[0.0,-1.26369,-1.30681]},"T8o":{"weight":0.0,"played":[1.0,0.0,0.0],"evs":[0.0,-2.25422,-2.28985]},"J8o":{"weight":0.0,"played":[0.9996,3.0E-4,1.0E-4],"evs":[0.0,-2.67904,-2.75142]},"Q8o":{"weight":0.0,"played":[1.0,0.0,0.0],"evs":[0.0,-2.58694,-2.5727]},"K8o":{"weight":0.0,"played":[1.0,0.0,0.0],"evs":[0.0,-2.42349,-2.44179]},"A8o":{"weight":1.0,"played":[7.0E-4,0.7402,0.2591],"evs":[0.0,1.55028,1.53069]},"92s":{"weight":0.0,"played":[0.9993,0.0,7.0E-4],"evs":[0.0,-3.39302,-3.28171]},"93s":{"weight":0.0,"played":[0.9992,2.0E-4,5.0E-4],"evs":[0.0,-3.24678,-3.15497]},"94s":{"weight":0.0,"played":[0.9997,0.0,3.0E-4],"evs":[0.0,-3.05681,-3.01248]},"95s":{"weight":0.0,"played":[0.9997,2.0E-4,1.0E-4],"evs":[0.0,-1.50177,-1.48179]},"96s":{"weight":0.0,"played":[0.9872,0.0,0.0127],"evs":[0.0,-0.99912,-0.94347]},"97s":{"weight":0.0,"played":[0.7731,0.0622,0.1646],"evs":[0.0,-0.17707,-0.14805]},"98s":{"weight":0.9994,"played":[1.0E-4,0.4091,0.5908],"evs":[0.0,0.47824,0.47075]},"99":{"weight":1.0,"played":[0.0,0.9315,0.0685],"evs":[0.0,8.79374,8.73956]},"T9o":{"weight":0.0,"played":[0.9994,3.0E-4,3.0E-4],"evs":[0.0,-1.74704,-1.74637]},"J9o":{"weight":0.0,"played":[0.9995,3.0E-4,1.0E-4],"evs":[0.0,-2.24847,-2.28808]},"Q9o":{"weight":0.0,"played":[1.0,0.0,0.0],"evs":[0.0,-2.17735,-2.22256]},"K9o":{"weight":0.0,"played":[0.999,0.0,0.001],"evs":[0.0,-1.8823,-1.89709]},"A9o":{"weight":1.0,"played":[2.0E-4,0.5294,0.4704],"evs":[0.0,2.33686,2.3204]},"T2s":{"weight":0.0,"played":[0.9999,0.0,0.0],"evs":[0.0,-3.49336,-3.40699]},"T3s":{"weight":0.0,"played":[0.9998,0.0,2.0E-4],"evs":[0.0,-3.73067,-3.69643]},"T4s":{"weight":0.0,"played":[0.9996,0.0,4.0E-4],"evs":[0.0,-3.243,-3.13366]},"T5s":{"weight":0.0,"played":[0.9983,0.0012,5.0E-4],"evs":[0.0,-2.59687,-2.52439]},"T6s":{"weight":0.0,"played":[0.9799,0.0099,0.0102],"evs":[0.0,-2.03585,-2.0786]},"T7s":{"weight":0.0,"played":[0.938,0.0056,0.0565],"evs":[0.0,-0.74628,-0.77155]},"T8s":{"weight":0.9977,"played":[0.3535,0.2943,0.3523],"evs":[0.0,-0.00771,-0.04164]},"T9s":{"weight":1.0,"played":[1.0E-4,0.2754,0.7245],"evs":[0.0,0.08803,0.04804]},"TT":{"weight":1.0,"played":[0.0,0.861,0.139],"evs":[0.0,10.5197,10.39011]},"JTo":{"weight":0.2511,"played":[0.9998,0.0,2.0E-4],"evs":[0.0,-1.23784,-1.27187]},"QTo":{"weight":0.9999,"played":[0.9997,1.0E-4,2.0E-4],"evs":[0.0,-1.2963,-1.26068]},"KTo":{"weight":1.0,"played":[0.0917,0.5737,0.3346],"evs":[0.0,0.04345,0.01878]},"ATo":{"weight":1.0,"played":[0.0,0.1306,0.8694],"evs":[0.0,4.4564,4.4579]},"J2s":{"weight":0.0,"played":[1.0,0.0,0.0],"evs":[0.0,-3.51494,-3.36465]},"J3s":{"weight":0.0,"played":[0.9997,1.0E-4,2.0E-4],"evs":[0.0,-3.33947,-3.32386]},"J4s":{"weight":0.0,"played":[1.0,0.0,0.0],"evs":[0.0,-3.0067,-2.91266]},"J5s":{"weight":0.0,"played":[0.9997,0.0,3.0E-4],"evs":[0.0,-2.59186,-2.48945]},"J6s":{"weight":0.0,"played":[0.967,5.0E-4,0.0326],"evs":[0.0,-2.32043,-2.30205]},"J7s":{"weight":0.0,"played":[0.6457,0.1221,0.2323],"evs":[0.0,-1.15189,-1.1902]},"J8s":{"weight":0.0,"played":[0.9843,1.0E-4,0.0156],"evs":[0.0,-0.18778,-0.33788]},"J9s":{"weight":1.0,"played":[0.5764,0.2486,0.175],"evs":[0.0,0.12717,0.01977]},"JTs":{"weight":0.9999,"played":[3.0E-4,0.7895,0.2103],"evs":[0.0,1.30545,1.23162]},"JJ":{"weight":1.0,"played":[0.0,0.5588,0.4412],"evs":[0.0,13.33159,13.26994]},"QJo":{"weight":1.0,"played":[0.9642,2.0E-4,0.0356],"evs":[0.0,-0.6857,-0.64415]},"KJo":{"weight":1.0,"played":[0.0085,0.9273,0.0642],"evs":[0.0,1.08329,1.05773]},"AJo":{"weight":0.9974,"played":[0.0,0.8552,0.1448],"evs":[0.0,6.33985,6.31552]},"Q2s":{"weight":0.0,"played":[0.9999,0.0,1.0E-4],"evs":[0.0,-3.06721,-2.83225]},"Q3s":{"weight":0.0,"played":[0.998,0.001,0.001],"evs":[0.0,-3.04929,-3.12025]},"Q4s":{"weight":0.0,"played":[0.9991,3.0E-4,6.0E-4],"evs":[0.0,-2.07,-1.94754]},"Q5s":{"weight":0.0,"played":[0.997,0.0,0.003],"evs":[0.0,-2.77929,-2.90415]},"Q6s":{"weight":0.0,"played":[0.9801,5.0E-4,0.0194],"evs":[0.0,-1.59205,-1.61258]},"Q7s":{"weight":0.0,"played":[0.9906,3.0E-4,0.0091],"evs":[0.0,-0.95247,-0.86334]},"Q8s":{"weight":0.7977,"played":[0.9584,0.0029,0.0388],"evs":[0.0,-0.81828,-0.85195]},"Q9s":{"weight":1.0,"played":[0.5425,0.2035,0.254],"evs":[0.0,-0.14489,-0.10675]},"QTs":{"weight":1.0,"played":[9.0E-4,0.7005,0.2986],"evs":[0.0,0.31192,0.31816]},"QJs":{"weight":1.0,"played":[9.0E-4,0.6726,0.3265],"evs":[0.0,2.03994,2.01665]},"QQ":{"weight":1.0,"played":[0.0,0.1013,0.8987],"evs":[0.0,15.53274,15.51598]},"KQo":{"weight":0.9992,"played":[0.0,0.1764,0.8236],"evs":[0.0,2.54597,2.59928]},"AQo":{"weight":0.9994,"played":[0.0,0.0985,0.9015],"evs":[0.0,6.8988,6.92651]},"K2s":{"weight":0.0,"played":[0.9315,0.0289,0.0397],"evs":[0.0,-1.79068,-1.75193]},"K3s":{"weight":0.0,"played":[0.9873,3.0E-4,0.0124],"evs":[0.0,-2.54627,-2.47039]},"K4s":{"weight":0.0,"played":[1.0,0.0,0.0],"evs":[0.0,-1.274,-1.23574]},"K5s":{"weight":0.0,"played":[0.7621,0.105,0.1329],"evs":[0.0,-0.97265,-0.93086]},"K6s":{"weight":0.0,"played":[0.6848,0.1268,0.1884],"evs":[0.0,-0.71785,-0.68512]},"K7s":{"weight":0.735,"played":[0.5179,0.3916,0.0905],"evs":[0.0,0.41279,0.28914]},"K8s":{"weight":1.0,"played":[0.2541,0.2994,0.4465],"evs":[0.0,-0.0148,0.09415]},"K9s":{"weight":1.0,"played":[0.0449,0.5389,0.4162],"evs":[0.0,0.8498,0.82446]},"KTs":{"weight":0.9992,"played":[0.0011,0.9071,0.0918],"evs":[0.0,2.0994,2.0183]},"KJs":{"weight":1.0,"played":[1.0E-4,0.1766,0.8234],"evs":[0.0,1.965,1.98261]},"KQs":{"weight":0.9999,"played":[0.0,0.0422,0.9578],"evs":[0.0,5.27502,5.26551]},"KK":{"weight":1.0,"played":[0.0,0.7394,0.2606],"evs":[0.0,20.30691,20.24569]},"AKo":{"weight":1.0,"played":[0.0,0.056,0.944],"evs":[0.0,8.92198,8.92123]},"A2s":{"weight":1.0,"played":[0.0012,0.4221,0.5767],"evs":[0.0,0.73913,0.75089]},"A3s":{"weight":1.0,"played":[0.0019,0.6516,0.3465],"evs":[0.0,1.03528,1.06824]},"A4s":{"weight":1.0,"played":[8.0E-4,0.9705,0.0287],"evs":[0.0,2.03146,1.96835]},"A5s":{"weight":1.0,"played":[0.0,0.3461,0.6539],"evs":[0.0,3.08946,3.11114]},"A6s":{"weight":1.0,"played":[3.0E-4,0.4048,0.5948],"evs":[0.0,2.98126,3.02191]},"A7s":{"weight":1.0,"played":[0.0011,0.5881,0.4108],"evs":[0.0,3.86058,3.82046]},"A8s":{"weight":1.0,"played":[3.0E-4,0.1629,0.8368],"evs":[0.0,3.69807,3.839]},"A9s":{"weight":1.0,"played":[4.0E-4,0.0795,0.9201],"evs":[0.0,3.8914,3.93732]},"ATs":{"weight":1.0,"played":[0.0,0.9608,0.0391],"evs":[0.0,5.81822,5.63764]},"AJs":{"weight":1.0,"played":[0.0,0.9203,0.0797],"evs":[0.0,8.51719,8.4395]},"AQs":{"weight":1.0,"played":[0.0,0.9995,5.0E-4],"evs":[0.0,9.65479,9.62144]},"AKs":{"weight":1.0,"played":[0.0,0.6252,0.3748],"evs":[0.0,10.90447,10.86777]},"AA":{"weight":1.0,"played":[0.0,0.0851,0.9149],"evs":[0.0,26.03456,26.12478]}}}