{"player":2,"street":0,"children":2,"sequence":[{"player":0,"type":"R","amount":200000,"street":0},{"player":1,"type":"F","amount":0,"street":0},{"player":2,"type":"C","amount":200000,"street":0},{"player":3,"type":"C","amount":200000,"street":0},{"player":4,"type":"R","amount":715000,"street":0},{"player":5,"type":"F","amount":0,"street":0},{"player":0,"type":"F","amount":0,"street":0},{"player":2,"type":"C","amount":515000,"street":0},{"player":3,"type":"R","amount":1215000,"street":0}],"actions":[{"type":"F","amount":0},{"type":"C","amount":500000}],"hands":{"22":{"weight":0.0089,"played":[2.0E-4,0.9998],"evs":[0.0,6.09195]},"32o":{"weight":0.0,"played":[1.0E-4,0.9999],"evs":[0.0,3.3333]},"42o":{"weight":0.0,"played":[4.0E-4,0.9996],"evs":[0.0,3.68403]},"52o":{"weight":0.0,"played":[0.0,1.0],"evs":[0.0,4.9189]},"62o":{"weight":0.0,"played":[5.0E-4,0.9995],"evs":[0.0,3.6444]},"72o":{"weight":0.0,"played":[0.0029,0.9971],"evs":[0.0,4.44249]},"82o":{"weight":0.0,"played":[2.0E-4,0.9998],"evs":[0.0,4.28711]},"92o":{"weight":0.0,"played":[0.0,1.0],"evs":[0.0,3.42435]},"T2o":{"weight":0.0,"played":[0.001,0.999],"evs":[0.0,3.05316]},"J2o":{"weight":0.0,"played":[6.0E-4,0.9994],"evs":[0.0,2.74846]},"Q2o":{"weight":0.0,"played":[0.0013,0.9987],"evs":[0.0,4.08075]},"K2o":{"weight":0.0,"played":[7.0E-4,0.9993],"evs":[0.0,4.41898]},"A2o":{"weight":0.0,"played":[0.0,1.0],"evs":[0.0,7.22236]},"32s":{"weight":0.0,"played":[0.0014,0.9986],"evs":[0.0,7.0663]},"33":{"weight":0.0267,"played":[0.0,1.0],"evs":[0.0,7.78097]},"43o":{"weight":0.0,"played":[0.0012,0.9988],"evs":[0.0,4.8299]},"53o":{"weight":0.0,"played":[0.0,1.0],"evs":[0.0,4.87519]},"63o":{"weight":0.0,"played":[0.0,1.0],"evs":[0.0,4.44599]},"73o":{"weight":0.0,"played":[0.0,1.0],"evs":[0.0,5.06263]},"83o":{"weight":0.0,"played":[1.0E-4,0.9999],"evs":[0.0,4.93061]},"93o":{"weight":0.0,"played":[0.0,1.0],"evs":[0.0,3.21512]},"T3o":{"weight":0.0,"played":[2.0E-4,0.9998],"evs":[0.0,3.06787]},"J3o":{"weight":0.0,"played":[0.0,1.0],"evs":[0.0,3.76983]},"Q3o":{"weight":0.0,"played":[3.0E-4,0.9997],"evs":[0.0,3.57553]},"K3o":{"weight":0.0,"played":[0.0,1.0],"evs":[0.0,4.99868]},"A3o":{"weight":0.0,"played":[0.0,1.0],"evs":[0.0,7.7667]},"42s":{"weight":0.0,"played":[0.0013,0.9987],"evs":[0.0,5.53594]},"43s":{"weight":0.0,"played":[2.0E-4,0.9998],"evs":[0.0,6.07158]},"44":{"weight":0.0308,"played":[1.0E-4,0.9999],"evs":[0.0,9.39148]},"54o":{"weight":0.0,"played":[0.0,1.0],"evs":[0.0,6.98056]},"64o":{"weight":0.0,"played":[0.0,1.0],"evs":[0.0,5.91384]},"74o":{"weight":0.0,"played":[0.0,1.0],"evs":[0.0,4.93208]},"84o":{"weight":0.0,"played":[0.0,1.0],"evs":[0.0,5.02874]},"94o":{"weight":0.0,"played":[0.0,1.0],"evs":[0.0,3.52133]},"T4o":{"weight":0.0,"played":[0.0014,0.9986],"evs":[0.0,3.90314]},"J4o":{"weight":0.0,"played":[6.0E-4,0.9994],"evs":[0.0,4.16579]},"Q4o":{"weight":0.0,"played":[4.0E-4,0.9996],"evs":[0.0,4.92167]},"K4o":{"weight":0.0,"played":[0.0,1.0],"evs":[0.0,4.74464]},"A4o":{"weight":0.0,"played":[0.0,1.0],"evs":[0.0,8.66972]},"52s":{"weight":0.0,"played":[3.0E-4,0.9997],"evs":[0.0,5.9886]},"53s":{"weight":0.0,"played":[0.0,1.0],"evs":[0.0,7.11805]},"54s":{"weight":0.6733,"played":[2.0E-4,0.9998],"evs":[0.0,6.36082]},"55":{"weight":0.1002,"played":[0.0,1.0],"evs":[0.0,11.65576]},"65o":{"weight":0.0,"played":[0.0,1.0],"evs":[0.0,6.31698]},"75o":{"weight":0.0,"played":[1.0E-4,0.9999],"evs":[0.0,6.31201]},"85o":{"weight":0.0,"played":[5.0E-4,0.9995],"evs":[0.0,5.80257]},"95o":{"weight":0.0,"played":[0.0,1.0],"evs":[0.0,4.72044]},"T5o":{"weight":0.0,"played":[0.0,1.0],"evs":[0.0,3.64817]},"J5o":{"weight":0.0,"played":[1.0E-4,0.9999],"evs":[0.0,4.64285]},"Q5o":{"weight":0.0,"played":[1.0E-4,0.9999],"evs":[0.0,3.69609]},"K5o":{"weight":0.0,"played":[0.0,1.0],"evs":[0.0,4.95677]},"A5o":{"weight":0.0,"played":[1.0E-4,0.9999],"evs":[0.0,8.75818]},"62s":{"weight":0.0,"played":[0.0,1.0],"evs":[0.0,6.73321]},"63s":{"weight":0.0,"played":[4.0E-4,0.9996],"evs":[0.0,6.87749]},"64s":{"weight":0.0,"played":[4.0E-4,0.9996],"evs":[0.0,8.43335]},"65s":{"weight":0.5502,"played":[1.0E-4,0.9999],"evs":[0.0,7.43686]},"66":{"weight":0.0814,"played":[1.0E-4,0.9999],"evs":[0.0,12.70439]},"76o":{"weight":0.0,"played":[0.0,1.0],"evs":[0.0,6.83383]},"86o":{"weight":0.0,"played":[7.0E-4,0.9993],"evs":[0.0,6.2346]},"96o":{"weight":0.0,"played":[0.0,1.0],"evs":[0.0,6.64059]},"T6o":{"weight":0.0,"played":[0.0,1.0],"evs":[0.0,4.40621]},"J6o":{"weight":0.0,"played":[0.0,1.0],"evs":[0.0,5.82099]},"Q6o":{"weight":0.0,"played":[0.0,1.0],"evs":[0.0,4.92782]},"K6o":{"weight":0.0,"played":[1.0E-4,0.9999],"evs":[0.0,3.88241]},"A6o":{"weight":0.0,"played":[0.0,1.0],"evs":[0.0,8.58003]},"72s":{"weight":0.0,"played":[0.0011,0.9989],"evs":[0.0,5.29459]},"73s":{"weight":0.0,"played":[1.0E-4,0.9999],"evs":[0.0,5.8752]},"74s":{"weight":0.0,"played":[2.0E-4,0.9998],"evs":[0.0,5.85849]},"75s":{"weight":0.0,"played":[1.0E-4,0.9999],"evs":[0.0,6.5189]},"76s":{"weight":0.254,"played":[1.0E-4,0.9999],"evs":[0.0,8.02173]},"77":{"weight":0.0115,"played":[0.0,1.0],"evs":[0.0,12.55808]},"87o":{"weight":0.0,"played":[2.0E-4,0.9998],"evs":[0.0,7.35474]},"97o":{"weight":0.0,"played":[0.0,1.0],"evs":[0.0,6.33575]},"T7o":{"weight":0.0,"played":[0.0,1.0],"evs":[0.0,5.99674]},"J7o":{"weight":0.0,"played":[2.0E-4,0.9998],"evs":[0.0,6.58556]},"Q7o":{"weight":0.0,"played":[0.0,1.0],"evs":[0.0,4.92937]},"K7o":{"weight":0.0,"played":[0.0,1.0],"evs":[0.0,5.29874]},"A7o":{"weight":0.0,"played":[0.0,1.0],"evs":[0.0,9.35698]},"82s":{"weight":0.0,"played":[6.0E-4,0.9994],"evs":[0.0,4.27908]},"83s":{"weight":0.0,"played":[0.001,0.999],"evs":[0.0,5.86556]},"84s":{"weight":0.0,"played":[0.0,1.0],"evs":[0.0,5.83582]},"85s":{"weight":0.0,"played":[3.0E-4,0.9997],"evs":[0.0,8.8597]},"86s":{"weight":0.901,"played":[0.0,1.0],"evs":[0.0,7.1752]},"87s":{"weight":0.0189,"played":[9.0E-4,0.9991],"evs":[0.0,8.36171]},"88":{"weight":0.0,"played":[0.0,1.0],"evs":[0.0,12.69939]},"98o":{"weight":0.0,"played":[1.0E-4,0.9999],"evs":[0.0,6.35757]},"T8o":{"weight":0.0,"played":[3.0E-4,0.9997],"evs":[0.0,6.55976]},"J8o":{"weight":0.0,"played":[1.0E-4,0.9999],"evs":[0.0,6.69563]},"Q8o":{"weight":0.0,"played":[0.0,1.0],"evs":[0.0,5.95086]},"K8o":{"weight":0.0,"played":[1.0E-4,0.9999],"evs":[0.0,6.0749]},"A8o":{"weight":0.0,"played":[0.0,1.0],"evs":[0.0,8.74425]},"92s":{"weight":0.0,"played":[0.0,1.0],"evs":[0.0,4.4206]},"93s":{"weight":0.0,"played":[0.0,1.0],"evs":[0.0,5.55447]},"94s":{"weight":0.0,"played":[0.0091,0.9909],"evs":[0.0,6.71909]},"95s":{"weight":0.0,"played":[2.0E-4,0.9998],"evs":[0.0,5.63199]},"96s":{"weight":0.0,"played":[2.0E-4,0.9998],"evs":[0.0,6.94275]},"97s":{"weight":0.7911,"played":[0.001,0.999],"evs":[0.0,7.92522]},"98s":{"weight":0.6867,"played":[1.0E-4,0.9999],"evs":[0.0,8.33167]},"99":{"weight":0.0,"played":[0.0,1.0],"evs":[0.0,13.70447]},"T9o":{"weight":0.0,"played":[3.0E-4,0.9997],"evs":[0.0,6.12637]},"J9o":{"weight":0.0,"played":[3.0E-4,0.9997],"evs":[0.0,7.19812]},"Q9o":{"weight":0.0,"played":[0.0,1.0],"evs":[0.0,6.69122]},"K9o":{"weight":0.0,"played":[5.0E-4,0.9995],"evs":[0.0,6.37314]},"A9o":{"weight":0.0067,"played":[0.0,1.0],"evs":[0.0,10.01575]},"T2s":{"weight":0.0,"played":[3.0E-4,0.9997],"evs":[0.0,5.1547]},"T3s":{"weight":0.0,"played":[0.0015,0.9985],"evs":[0.0,4.84907]},"T4s":{"weight":0.0,"played":[0.0061,0.9939],"evs":[0.0,5.33846]},"T5s":{"weight":0.0,"played":[0.001,0.999],"evs":[0.0,4.48275]},"T6s":{"weight":0.0,"played":[8.0E-4,0.9992],"evs":[0.0,6.56935]},"T7s":{"weight":0.0,"played":[4.0E-4,0.9996],"evs":[0.0,6.36878]},"T8s":{"weight":0.0266,"played":[1.0E-4,0.9999],"evs":[0.0,8.15674]},"T9s":{"weight":0.0018,"played":[0.0011,0.9989],"evs":[0.0,6.94022]},"TT":{"weight":0.0,"played":[0.0,1.0],"evs":[0.0,16.16253]},"JTo":{"weight":0.0,"played":[0.0,1.0],"evs":[0.0,6.97744]},"QTo":{"weight":0.0,"played":[0.0,1.0],"evs":[0.0,8.2886]},"KTo":{"weight":0.0055,"played":[0.0,1.0],"evs":[0.0,6.90994]},"ATo":{"weight":0.0165,"played":[0.0,1.0],"evs":[0.0,10.29089]},"J2s":{"weight":0.0,"played":[0.0,1.0],"evs":[0.0,4.63375]},"J3s":{"weight":0.0,"played":[0.0161,0.9839],"evs":[0.0,5.31718]},"J4s":{"weight":0.0,"played":[3.0E-4,0.9997],"evs":[0.0,4.95683]},"J5s":{"weight":0.0,"played":[0.0,1.0],"evs":[0.0,4.6666]},"J6s":{"weight":0.0,"played":[8.0E-4,0.9992],"evs":[0.0,6.6733]},"J7s":{"weight":0.0,"played":[3.0E-4,0.9997],"evs":[0.0,8.47788]},"J8s":{"weight":6.0E-4,"played":[3.0E-4,0.9997],"evs":[0.0,7.31765]},"J9s":{"weight":0.2046,"played":[1.0E-4,0.9999],"evs":[0.0,8.41832]},"JTs":{"weight":0.0061,"played":[1.0E-4,0.9999],"evs":[0.0,6.01867]},"JJ":{"weight":0.0,"played":[0.0,1.0],"evs":[0.0,19.39274]},"QJo":{"weight":6.0E-4,"played":[0.0,1.0],"evs":[0.0,6.84479]},"KJo":{"weight":6.0E-4,"played":[1.0E-4,0.9999],"evs":[0.0,7.79563]},"AJo":{"weight":0.0233,"played":[0.0,1.0],"evs":[0.0,11.59505]},"Q2s":{"weight":0.0,"played":[0.0079,0.9921],"evs":[0.0,6.18293]},"Q3s":{"weight":0.0,"played":[0.0028,0.9972],"evs":[0.0,5.1627]},"Q4s":{"weight":0.0,"played":[0.0027,0.9973],"evs":[0.0,6.7936]},"Q5s":{"weight":0.0,"played":[1.0E-4,0.9999],"evs":[0.0,5.26875]},"Q6s":{"weight":0.0,"played":[1.0E-4,0.9999],"evs":[0.0,4.52981]},"Q7s":{"weight":0.0,"played":[0.0015,0.9985],"evs":[0.0,8.78492]},"Q8s":{"weight":0.3642,"played":[5.0E-4,0.9995],"evs":[0.0,5.5137]},"Q9s":{"weight":0.1192,"played":[0.0,1.0],"evs":[0.0,8.12457]},"QTs":{"weight":0.0,"played":[3.0E-4,0.9997],"evs":[0.0,6.65302]},"QJs":{"weight":0.0068,"played":[2.0E-4,0.9998],"evs":[0.0,10.57735]},"QQ":{"weight":0.0,"played":[0.0,1.0],"evs":[0.0,16.72051]},"KQo":{"weight":0.0218,"played":[0.0,1.0],"evs":[0.0,9.32095]},"AQo":{"weight":0.0,"played":[0.0,1.0],"evs":[0.0,12.7507]},"K2s":{"weight":0.0,"played":[0.0066,0.9934],"evs":[0.0,4.92442]},"K3s":{"weight":0.0,"played":[0.0083,0.9917],"evs":[0.0,5.68168]},"K4s":{"weight":0.0,"played":[7.0E-4,0.9993],"evs":[0.0,7.50879]},"K5s":{"weight":0.0,"played":[0.0,1.0],"evs":[0.0,7.49923]},"K6s":{"weight":0.0069,"played":[0.0,1.0],"evs":[0.0,8.0036]},"K7s":{"weight":0.0187,"played":[1.0E-4,0.9999],"evs":[0.0,8.464]},"K8s":{"weight":0.0706,"played":[3.0E-4,0.9997],"evs":[0.0,7.97982]},"K9s":{"weight":0.0,"played":[0.0107,0.9893],"evs":[0.0,7.50868]},"KTs":{"weight":0.0128,"played":[4.0E-4,0.9996],"evs":[0.0,7.76099]},"KJs":{"weight":0.0622,"played":[0.0,1.0],"evs":[0.0,10.31]},"KQs":{"weight":0.0093,"played":[0.0,1.0],"evs":[0.0,9.49891]},"KK":{"weight":0.001,"played":[0.0,1.0],"evs":[0.0,21.73946]},"AKo":{"weight":0.0,"played":[0.0,1.0],"evs":[0.0,13.59951]},"A2s":{"weight":0.0246,"played":[6.0E-4,0.9994],"evs":[0.0,9.1484]},"A3s":{"weight":0.0,"played":[0.0019,0.9981],"evs":[0.0,10.1566]},"A4s":{"weight":0.0147,"played":[1.0E-4,0.9999],"evs":[0.0,9.23162]},"A5s":{"weight":0.0402,"played":[0.0,1.0],"evs":[0.0,10.44083]},"A6s":{"weight":0.0,"played":[1.0E-4,0.9999],"evs":[0.0,10.06495]},"A7s":{"weight":0.0026,"played":[0.0,1.0],"evs":[0.0,10.18994]},"A8s":{"weight":0.0,"played":[0.0,1.0],"evs":[0.0,10.77557]},"A9s":{"weight":0.0,"played":[0.0,1.0],"evs":[0.0,12.41295]},"ATs":{"weight":0.009,"played":[0.0,1.0],"evs":[0.0,12.31601]},"AJs":{"weight":0.0021,"played":[0.0,1.0],"evs":[0.0,12.55328]},"AQs":{"weight":0.0656,"played":[1.0E-4,0.9999],"evs":[0.0,12.46691]},"AKs":{"weight":0.0,"played":[0.0,1.0],"evs":[0.0,14.83168]},"AA":{"weight":0.0028,"played":[0.0,1.0],"evs":[0.0,24.50132]}}}