{"player":0,"street":0,"children":2,"sequence":[{"player":0,"type":"R","amount":200000,"street":0},{"player":1,"type":"F","amount":0,"street":0},{"player":2,"type":"C","amount":200000,"street":0},{"player":3,"type":"C","amount":200000,"street":0},{"player":4,"type":"R","amount":715000,"street":0},{"player":5,"type":"F","amount":0,"street":0},{"player":0,"type":"C","amount":515000,"street":0},{"player":2,"type":"F","amount":0,"street":0},{"player":3,"type":"R","amount":1215000,"street":0}],"actions":[{"type":"F","amount":0},{"type":"C","amount":500000}],"hands":{"22":{"weight":0.0,"played":[0.0026,0.9974],"evs":[0.0,8.90065]},"32o":{"weight":0.0,"played":[0.0028,0.9972],"evs":[0.0,3.52224]},"42o":{"weight":0.0,"played":[0.0742,0.9258],"evs":[0.0,3.38229]},"52o":{"weight":0.0,"played":[0.009,0.991],"evs":[0.0,4.11498]},"62o":{"weight":0.0,"played":[5.0E-4,0.9995],"evs":[0.0,2.41568]},"72o":{"weight":0.0,"played":[0.0816,0.9184],"evs":[0.0,2.98027]},"82o":{"weight":0.0,"played":[0.0032,0.9968],"evs":[0.0,2.86712]},"92o":{"weight":0.0,"played":[0.0529,0.9471],"evs":[0.0,3.33633]},"T2o":{"weight":0.0,"played":[0.0021,0.9979],"evs":[0.0,4.60418]},"J2o":{"weight":0.0,"played":[6.0E-4,0.9994],"evs":[0.0,4.66172]},"Q2o":{"weight":0.0,"played":[0.0989,0.9011],"evs":[0.0,5.38186]},"K2o":{"weight":0.0,"played":[0.1002,0.8998],"evs":[0.0,3.93465]},"A2o":{"weight":0.0,"played":[0.0,1.0],"evs":[0.0,6.9511]},"32s":{"weight":0.0,"played":[0.0068,0.9932],"evs":[0.0,8.44985]},"33":{"weight":0.0253,"played":[6.0E-4,0.9994],"evs":[0.0,8.38413]},"43o":{"weight":0.0,"played":[6.0E-4,0.9994],"evs":[0.0,3.24294]},"53o":{"weight":0.0,"played":[0.0036,0.9964],"evs":[0.0,6.10954]},"63o":{"weight":0.0,"played":[1.0E-4,0.9999],"evs":[0.0,4.42651]},"73o":{"weight":0.0,"played":[4.0E-4,0.9996],"evs":[0.0,4.47816]},"83o":{"weight":0.0,"played":[0.0548,0.9452],"evs":[0.0,4.53613]},"93o":{"weight":0.0,"played":[0.0079,0.9921],"evs":[0.0,5.38805]},"T3o":{"weight":0.0,"played":[4.0E-4,0.9996],"evs":[0.0,3.17099]},"J3o":{"weight":0.0,"played":[0.0016,0.9984],"evs":[0.0,3.20235]},"Q3o":{"weight":0.0,"played":[0.0071,0.9929],"evs":[0.0,3.34429]},"K3o":{"weight":0.0,"played":[0.002,0.998],"evs":[0.0,3.37845]},"A3o":{"weight":0.0,"played":[2.0E-4,0.9998],"evs":[0.0,6.26908]},"42s":{"weight":0.0,"played":[0.1263,0.8737],"evs":[0.0,5.36101]},"43s":{"weight":0.0,"played":[0.0029,0.9971],"evs":[0.0,6.65457]},"44":{"weight":0.2421,"played":[3.0E-4,0.9997],"evs":[0.0,9.78618]},"54o":{"weight":0.0,"played":[2.0E-4,0.9998],"evs":[0.0,7.21546]},"64o":{"weight":0.0,"played":[0.0131,0.9869],"evs":[0.0,4.36269]},"74o":{"weight":0.0,"played":[0.0089,0.9911],"evs":[0.0,5.85506]},"84o":{"weight":0.0,"played":[0.0028,0.9972],"evs":[0.0,4.30385]},"94o":{"weight":0.0,"played":[0.0015,0.9985],"evs":[0.0,7.06855]},"T4o":{"weight":0.0,"played":[0.0252,0.9748],"evs":[0.0,4.27041]},"J4o":{"weight":0.0,"played":[0.0014,0.9986],"evs":[0.0,5.04604]},"Q4o":{"weight":0.0,"played":[5.0E-4,0.9995],"evs":[0.0,1.693]},"K4o":{"weight":0.0,"played":[0.0074,0.9926],"evs":[0.0,4.85652]},"A4o":{"weight":0.0,"played":[2.0E-4,0.9998],"evs":[0.0,8.2869]},"52s":{"weight":0.0,"played":[0.006,0.994],"evs":[0.0,3.21594]},"53s":{"weight":0.0,"played":[4.0E-4,0.9996],"evs":[0.0,5.33636]},"54s":{"weight":0.0,"played":[0.0059,0.9941],"evs":[0.0,11.43551]},"55":{"weight":0.2852,"played":[0.0,1.0],"evs":[0.0,10.52908]},"65o":{"weight":0.0,"played":[3.0E-4,0.9997],"evs":[0.0,5.70814]},"75o":{"weight":0.0,"played":[8.0E-4,0.9992],"evs":[0.0,7.0769]},"85o":{"weight":0.0,"played":[6.0E-4,0.9994],"evs":[0.0,4.71465]},"95o":{"weight":0.0,"played":[0.0402,0.9598],"evs":[0.0,4.64484]},"T5o":{"weight":0.0,"played":[0.0085,0.9915],"evs":[0.0,6.37712]},"J5o":{"weight":0.0,"played":[0.0071,0.9929],"evs":[0.0,6.1046]},"Q5o":{"weight":0.0,"played":[0.0431,0.9569],"evs":[0.0,6.94151]},"K5o":{"weight":0.0,"played":[0.0082,0.9918],"evs":[0.0,1.21585]},"A5o":{"weight":0.0,"played":[6.0E-4,0.9994],"evs":[0.0,8.5482]},"62s":{"weight":0.0,"played":[0.0639,0.9361],"evs":[0.0,4.83722]},"63s":{"weight":0.0,"played":[0.0024,0.9976],"evs":[0.0,12.07078]},"64s":{"weight":0.0,"played":[0.0181,0.9819],"evs":[0.0,10.04145]},"65s":{"weight":0.0,"played":[0.0013,0.9987],"evs":[0.0,8.34519]},"66":{"weight":0.4079,"played":[0.0,1.0],"evs":[0.0,12.04788]},"76o":{"weight":0.0,"played":[3.0E-4,0.9997],"evs":[0.0,3.26811]},"86o":{"weight":0.0,"played":[0.001,0.999],"evs":[0.0,3.85748]},"96o":{"weight":0.0,"played":[6.0E-4,0.9994],"evs":[0.0,4.47256]},"T6o":{"weight":0.0,"played":[0.0068,0.9932],"evs":[0.0,5.28788]},"J6o":{"weight":0.0,"played":[0.018,0.982],"evs":[0.0,5.09895]},"Q6o":{"weight":0.0,"played":[0.0015,0.9985],"evs":[0.0,4.06944]},"K6o":{"weight":0.0,"played":[0.0011,0.9989],"evs":[0.0,5.35145]},"A6o":{"weight":0.0,"played":[0.0,1.0],"evs":[0.0,10.80592]},"72s":{"weight":0.0,"played":[0.0128,0.9872],"evs":[0.0,6.65461]},"73s":{"weight":0.0,"played":[0.1807,0.8193],"evs":[0.0,2.77959]},"74s":{"weight":0.0,"played":[1.0E-4,0.9999],"evs":[0.0,4.94736]},"75s":{"weight":0.0,"played":[0.0367,0.9633],"evs":[0.0,5.90845]},"76s":{"weight":0.0,"played":[8.0E-4,0.9992],"evs":[0.0,11.48891]},"77":{"weight":0.4928,"played":[0.0,1.0],"evs":[0.0,12.49605]},"87o":{"weight":0.0,"played":[0.006,0.994],"evs":[0.0,7.58567]},"97o":{"weight":0.0,"played":[0.0577,0.9423],"evs":[0.0,4.70051]},"T7o":{"weight":0.0,"played":[0.0014,0.9986],"evs":[0.0,6.13847]},"J7o":{"weight":0.0,"played":[0.0035,0.9965],"evs":[0.0,4.43967]},"Q7o":{"weight":0.0,"played":[0.0254,0.9746],"evs":[0.0,6.38239]},"K7o":{"weight":0.0,"played":[0.0301,0.9699],"evs":[0.0,6.60173]},"A7o":{"weight":0.5575,"played":[0.0,1.0],"evs":[0.0,9.19583]},"82s":{"weight":0.0,"played":[0.0045,0.9955],"evs":[0.0,5.8196]},"83s":{"weight":0.0,"played":[0.3425,0.6575],"evs":[0.0,0.72533]},"84s":{"weight":0.0,"played":[0.2541,0.7459],"evs":[0.0,-1.34404]},"85s":{"weight":0.0,"played":[0.0998,0.9002],"evs":[0.0,7.82337]},"86s":{"weight":0.0,"played":[0.0015,0.9985],"evs":[0.0,9.70126]},"87s":{"weight":0.0,"played":[0.0721,0.9279],"evs":[0.0,10.17036]},"88":{"weight":0.5695,"played":[0.0,1.0],"evs":[0.0,14.08367]},"98o":{"weight":0.0,"played":[0.004,0.996],"evs":[0.0,5.41252]},"T8o":{"weight":0.0,"played":[0.004,0.996],"evs":[0.0,8.24084]},"J8o":{"weight":0.0,"played":[1.0E-4,0.9999],"evs":[0.0,5.51697]},"Q8o":{"weight":0.0,"played":[2.0E-4,0.9998],"evs":[0.0,4.11065]},"K8o":{"weight":0.0,"played":[0.0128,0.9872],"evs":[0.0,4.51439]},"A8o":{"weight":0.7402,"played":[0.001,0.999],"evs":[0.0,8.90545]},"92s":{"weight":0.0,"played":[0.377,0.623],"evs":[0.0,6.36839]},"93s":{"weight":0.0,"played":[0.0439,0.9561],"evs":[0.0,5.72873]},"94s":{"weight":0.0,"played":[0.0484,0.9516],"evs":[0.0,3.8965]},"95s":{"weight":0.0,"played":[0.0827,0.9173],"evs":[0.0,6.68179]},"96s":{"weight":0.0,"played":[0.017,0.983],"evs":[0.0,6.55886]},"97s":{"weight":0.0,"played":[0.0144,0.9856],"evs":[0.0,8.78261]},"98s":{"weight":0.4089,"played":[1.0E-4,0.9999],"evs":[0.0,7.81188]},"99":{"weight":0.9315,"played":[4.0E-4,0.9996],"evs":[0.0,12.60308]},"T9o":{"weight":0.0,"played":[0.0015,0.9985],"evs":[0.0,7.80833]},"J9o":{"weight":0.0,"played":[1.0E-4,0.9999],"evs":[0.0,6.18871]},"Q9o":{"weight":0.0,"played":[0.0062,0.9938],"evs":[0.0,6.84315]},"K9o":{"weight":0.0,"played":[0.0,1.0],"evs":[0.0,6.37934]},"A9o":{"weight":0.5294,"played":[0.0,1.0],"evs":[0.0,10.23585]},"T2s":{"weight":0.0,"played":[1.0E-4,0.9999],"evs":[0.0,8.26343]},"T3s":{"weight":0.0,"played":[0.0029,0.9971],"evs":[0.0,4.81014]},"T4s":{"weight":0.0,"played":[3.0E-4,0.9997],"evs":[0.0,10.30916]},"T5s":{"weight":0.0,"played":[0.3359,0.6641],"evs":[0.0,1.81085]},"T6s":{"weight":0.0,"played":[0.0238,0.9762],"evs":[0.0,6.34976]},"T7s":{"weight":0.0,"played":[0.0039,0.9961],"evs":[0.0,4.36971]},"T8s":{"weight":0.2936,"played":[0.0036,0.9964],"evs":[0.0,6.88662]},"T9s":{"weight":0.2754,"played":[7.0E-4,0.9993],"evs":[0.0,9.35402]},"TT":{"weight":0.861,"played":[0.0,1.0],"evs":[0.0,15.68973]},"JTo":{"weight":0.0,"played":[0.002,0.998],"evs":[0.0,6.7953]},"QTo":{"weight":1.0E-4,"played":[1.0E-4,0.9999],"evs":[0.0,9.09756]},"KTo":{"weight":0.5737,"played":[0.0,1.0],"evs":[0.0,7.40756]},"ATo":{"weight":0.1306,"played":[3.0E-4,0.9997],"evs":[0.0,12.20003]},"J2s":{"weight":0.0,"played":[0.0484,0.9516],"evs":[0.0,5.04126]},"J3s":{"weight":0.0,"played":[0.599,0.401],"evs":[0.0,-0.18383]},"J4s":{"weight":0.0,"played":[7.0E-4,0.9993],"evs":[0.0,7.72767]},"J5s":{"weight":0.0,"played":[0.2564,0.7436],"evs":[0.0,2.96285]},"J6s":{"weight":0.0,"played":[0.0064,0.9936],"evs":[0.0,7.26604]},"J7s":{"weight":0.0,"played":[0.0146,0.9854],"evs":[0.0,8.45639]},"J8s":{"weight":0.0,"played":[0.1265,0.8735],"evs":[0.0,6.2828]},"J9s":{"weight":0.2486,"played":[0.0024,0.9976],"evs":[0.0,8.15273]},"JTs":{"weight":0.7894,"played":[0.001,0.999],"evs":[0.0,5.68414]},"JJ":{"weight":0.5588,"played":[0.0,1.0],"evs":[0.0,19.0742]},"QJo":{"weight":2.0E-4,"played":[1.0E-4,0.9999],"evs":[0.0,7.28189]},"KJo":{"weight":0.9273,"played":[0.0,1.0],"evs":[0.0,7.09533]},"AJo":{"weight":0.853,"played":[0.0,1.0],"evs":[0.0,12.61005]},"Q2s":{"weight":0.0,"played":[0.0751,0.9249],"evs":[0.0,4.49559]},"Q3s":{"weight":0.0,"played":[0.0075,0.9925],"evs":[0.0,6.55269]},"Q4s":{"weight":0.0,"played":[0.0,1.0],"evs":[0.0,4.90235]},"Q5s":{"weight":0.0,"played":[0.0019,0.9981],"evs":[0.0,9.18569]},"Q6s":{"weight":0.0,"played":[0.0085,0.9915],"evs":[0.0,6.73239]},"Q7s":{"weight":0.0,"played":[0.0133,0.9867],"evs":[0.0,8.32771]},"Q8s":{"weight":0.0023,"played":[0.0081,0.9919],"evs":[0.0,4.7163]},"Q9s":{"weight":0.2035,"played":[0.0132,0.9868],"evs":[0.0,4.52599]},"QTs":{"weight":0.7005,"played":[2.0E-4,0.9998],"evs":[0.0,6.24275]},"QJs":{"weight":0.6725,"played":[0.0047,0.9953],"evs":[0.0,9.4823]},"QQ":{"weight":0.1013,"played":[1.0E-4,0.9999],"evs":[0.0,17.22485]},"KQo":{"weight":0.1763,"played":[2.0E-4,0.9998],"evs":[0.0,9.79151]},"AQo":{"weight":0.0985,"played":[3.0E-4,0.9997],"evs":[0.0,13.65235]},"K2s":{"weight":0.0,"played":[0.0041,0.9959],"evs":[0.0,2.87013]},"K3s":{"weight":0.0,"played":[0.0037,0.9963],"evs":[0.0,9.55966]},"K4s":{"weight":0.0,"played":[0.0137,0.9863],"evs":[0.0,8.80264]},"K5s":{"weight":0.0,"played":[0.1122,0.8878],"evs":[0.0,2.91853]},"K6s":{"weight":0.0,"played":[0.2204,0.7796],"evs":[0.0,5.39558]},"K7s":{"weight":0.2878,"played":[0.0054,0.9946],"evs":[0.0,9.2574]},"K8s":{"weight":0.2994,"played":[0.0185,0.9815],"evs":[0.0,4.52372]},"K9s":{"weight":0.5389,"played":[0.013,0.987],"evs":[0.0,3.38317]},"KTs":{"weight":0.9064,"played":[0.001,0.999],"evs":[0.0,9.1927]},"KJs":{"weight":0.1766,"played":[0.0038,0.9962],"evs":[0.0,10.88097]},"KQs":{"weight":0.0422,"played":[0.0,1.0],"evs":[0.0,11.59274]},"KK":{"weight":0.7394,"played":[2.0E-4,0.9998],"evs":[0.0,18.70087]},"AKo":{"weight":0.056,"played":[0.0011,0.9989],"evs":[0.0,11.55657]},"A2s":{"weight":0.4221,"played":[8.0E-4,0.9992],"evs":[0.0,7.17899]},"A3s":{"weight":0.6516,"played":[1.0E-4,0.9999],"evs":[0.0,7.73855]},"A4s":{"weight":0.9705,"played":[0.0021,0.9979],"evs":[0.0,12.41571]},"A5s":{"weight":0.3461,"played":[5.0E-4,0.9995],"evs":[0.0,11.71099]},"A6s":{"weight":0.4048,"played":[0.0019,0.9981],"evs":[0.0,11.80839]},"A7s":{"weight":0.5881,"played":[0.0257,0.9743],"evs":[0.0,11.31605]},"A8s":{"weight":0.1629,"played":[0.0029,0.9971],"evs":[0.0,9.54812]},"A9s":{"weight":0.0795,"played":[0.0031,0.9969],"evs":[0.0,13.72459]},"ATs":{"weight":0.9608,"played":[2.0E-4,0.9998],"evs":[0.0,13.87347]},"AJs":{"weight":0.9202,"played":[4.0E-4,0.9996],"evs":[0.0,12.63198]},"AQs":{"weight":0.9995,"played":[0.0016,0.9984],"evs":[0.0,15.09715]},"AKs":{"weight":0.6252,"played":[2.0E-4,0.9998],"evs":[0.0,18.04951]},"AA":{"weight":0.0851,"played":[0.0,1.0],"evs":[0.0,23.54923]}}}