{"player":3,"street":0,"children":2,"sequence":[{"player":0,"type":"R","amount":200000,"street":0},{"player":1,"type":"F","amount":0,"street":0},{"player":2,"type":"C","amount":200000,"street":0},{"player":3,"type":"C","amount":200000,"street":0},{"player":4,"type":"R","amount":715000,"street":0},{"player":5,"type":"F","amount":0,"street":0},{"player":0,"type":"C","amount":515000,"street":0},{"player":2,"type":"R","amount":2185000,"street":0}],"actions":[{"type":"F","amount":0,"node":303},{"type":"C","amount":1015000,"node":304}],"hands":{"22":{"weight":0.0,"played":[0.0096,0.9904],"evs":[0.0,0.38621]},"32o":{"weight":0.0,"played":[1.0,0.0],"evs":[0.0,-2.74378]},"42o":{"weight":0.0,"played":[1.0,0.0],"evs":[0.0,-2.40443]},"52o":{"weight":0.0,"played":[1.0,0.0],"evs":[0.0,-2.10592]},"62o":{"weight":0.0,"played":[1.0,0.0],"evs":[0.0,-2.67706]},"72o":{"weight":0.0,"played":[1.0,0.0],"evs":[0.0,-3.52456]},"82o":{"weight":0.0,"played":[1.0,0.0],"evs":[0.0,-3.23819]},"92o":{"weight":0.0,"played":[1.0,0.0],"evs":[0.0,-3.08415]},"T2o":{"weight":0.0,"played":[1.0,0.0],"evs":[0.0,-3.3921]},"J2o":{"weight":0.0,"played":[1.0,0.0],"evs":[0.0,-3.14325]},"Q2o":{"weight":0.0,"played":[1.0,0.0],"evs":[0.0,-2.51218]},"K2o":{"weight":0.0,"played":[1.0,0.0],"evs":[0.0,-2.34443]},"A2o":{"weight":0.0,"played":[0.9999,1.0E-4],"evs":[0.0,-1.90893]},"32s":{"weight":0.0,"played":[0.9998,2.0E-4],"evs":[0.0,-1.00234]},"33":{"weight":0.0,"played":[0.0332,0.9668],"evs":[0.0,0.58073]},"43o":{"weight":0.0,"played":[1.0,0.0],"evs":[0.0,-1.75015]},"53o":{"weight":0.0,"played":[1.0,0.0],"evs":[0.0,-1.30626]},"63o":{"weight":0.0,"played":[1.0,0.0],"evs":[0.0,-1.8079]},"73o":{"weight":0.0,"played":[1.0,0.0],"evs":[0.0,-2.62842]},"83o":{"weight":0.0,"played":[1.0,0.0],"evs":[0.0,-3.18277]},"93o":{"weight":0.0,"played":[1.0,0.0],"evs":[0.0,-2.77742]},"T3o":{"weight":0.0,"played":[1.0,0.0],"evs":[0.0,-2.69092]},"J3o":{"weight":0.0,"played":[0.9999,1.0E-4],"evs":[0.0,-2.95921]},"Q3o":{"weight":0.0,"played":[1.0,0.0],"evs":[0.0,-2.11136]},"K3o":{"weight":0.0,"played":[1.0,0.0],"evs":[0.0,-2.1424]},"A3o":{"weight":0.0,"played":[1.0,0.0],"evs":[0.0,-1.67635]},"42s":{"weight":0.0,"played":[0.9997,3.0E-4],"evs":[0.0,-0.33657]},"43s":{"weight":0.0,"played":[0.4393,0.5607],"evs":[0.0,0.04513]},"44":{"weight":0.9977,"played":[0.0,1.0],"evs":[0.0,1.28305]},"54o":{"weight":0.0,"played":[1.0,0.0],"evs":[0.0,-0.67098]},"64o":{"weight":0.0,"played":[0.9999,1.0E-4],"evs":[0.0,-1.36293]},"74o":{"weight":0.0,"played":[1.0,0.0],"evs":[0.0,-2.10795]},"84o":{"weight":0.0,"played":[1.0,0.0],"evs":[0.0,-2.3417]},"94o":{"weight":0.0,"played":[1.0,0.0],"evs":[0.0,-2.85803]},"T4o":{"weight":0.0,"played":[1.0,0.0],"evs":[0.0,-2.77799]},"J4o":{"weight":0.0,"played":[1.0,0.0],"evs":[0.0,-2.98279]},"Q4o":{"weight":0.0,"played":[1.0,0.0],"evs":[0.0,-1.72439]},"K4o":{"weight":0.0,"played":[1.0,0.0],"evs":[0.0,-2.09793]},"A4o":{"weight":0.0,"played":[0.9992,8.0E-4],"evs":[0.0,-1.34596]},"52s":{"weight":0.0,"played":[0.8844,0.1156],"evs":[0.0,-0.35692]},"53s":{"weight":0.0,"played":[0.4278,0.5722],"evs":[0.0,0.11982]},"54s":{"weight":0.0,"played":[0.0043,0.9957],"evs":[0.0,0.58875]},"55":{"weight":0.8324,"played":[0.0,1.0],"evs":[0.0,1.86327]},"65o":{"weight":0.0,"played":[0.9694,0.0306],"evs":[0.0,-0.46175]},"75o":{"weight":0.0,"played":[0.9973,0.0027],"evs":[0.0,-0.9754]},"85o":{"weight":0.0,"played":[1.0,0.0],"evs":[0.0,-1.71832]},"95o":{"weight":0.0,"played":[1.0,0.0],"evs":[0.0,-2.22476]},"T5o":{"weight":0.0,"played":[1.0,0.0],"evs":[0.0,-2.48528]},"J5o":{"weight":0.0,"played":[1.0,0.0],"evs":[0.0,-2.35129]},"Q5o":{"weight":0.0,"played":[1.0,0.0],"evs":[0.0,-1.22685]},"K5o":{"weight":0.0,"played":[1.0,0.0],"evs":[0.0,-1.74019]},"A5o":{"weight":0.0,"played":[0.9995,5.0E-4],"evs":[0.0,-0.88984]},"62s":{"weight":0.0,"played":[0.981,0.019],"evs":[0.0,-1.21292]},"63s":{"weight":0.0,"played":[0.968,0.032],"evs":[0.0,-0.65359]},"64s":{"weight":0.0,"played":[0.0172,0.9828],"evs":[0.0,0.334]},"65s":{"weight":0.0612,"played":[5.0E-4,0.9995],"evs":[0.0,1.13112]},"66":{"weight":0.0,"played":[0.0,1.0],"evs":[0.0,2.48316]},"76o":{"weight":0.0,"played":[0.9357,0.0643],"evs":[0.0,-0.57104]},"86o":{"weight":0.0,"played":[0.9997,3.0E-4],"evs":[0.0,-1.02432]},"96o":{"weight":0.0,"played":[1.0,0.0],"evs":[0.0,-1.64362]},"T6o":{"weight":0.0,"played":[1.0,0.0],"evs":[0.0,-1.9554]},"J6o":{"weight":0.0,"played":[1.0,0.0],"evs":[0.0,-2.54361]},"Q6o":{"weight":0.0,"played":[1.0,0.0],"evs":[0.0,-1.35544]},"K6o":{"weight":0.0,"played":[0.9997,3.0E-4],"evs":[0.0,-1.46112]},"A6o":{"weight":0.0,"played":[0.9999,1.0E-4],"evs":[0.0,-1.10299]},"72s":{"weight":0.0,"played":[0.9999,1.0E-4],"evs":[0.0,-1.66424]},"73s":{"weight":0.0,"played":[0.916,0.084],"evs":[0.0,-1.00201]},"74s":{"weight":0.0,"played":[0.9699,0.0301],"evs":[0.0,-0.88005]},"75s":{"weight":0.0,"played":[0.0,1.0],"evs":[0.0,0.43395]},"76s":{"weight":0.0078,"played":[0.001,0.999],"evs":[0.0,0.55493]},"77":{"weight":0.0,"played":[0.0,1.0],"evs":[0.0,3.34451]},"87o":{"weight":0.0,"played":[1.0,0.0],"evs":[0.0,-0.80912]},"97o":{"weight":0.0,"played":[0.9521,0.0479],"evs":[0.0,-1.03148]},"T7o":{"weight":0.0,"played":[1.0,0.0],"evs":[0.0,-1.72258]},"J7o":{"weight":0.0,"played":[1.0,0.0],"evs":[0.0,-1.68267]},"Q7o":{"weight":0.0,"played":[0.9998,2.0E-4],"evs":[0.0,-1.74836]},"K7o":{"weight":0.0,"played":[1.0,0.0],"evs":[0.0,-1.61384]},"A7o":{"weight":0.0,"played":[1.0,0.0],"evs":[0.0,-1.27674]},"82s":{"weight":0.0,"played":[0.9981,0.0019],"evs":[0.0,-1.25251]},"83s":{"weight":0.0,"played":[0.9907,0.0093],"evs":[0.0,-1.56374]},"84s":{"weight":0.0,"played":[0.9999,1.0E-4],"evs":[0.0,-0.78829]},"85s":{"weight":0.0,"played":[0.2404,0.7596],"evs":[0.0,0.06929]},"86s":{"weight":0.0,"played":[0.0,1.0],"evs":[0.0,0.37293]},"87s":{"weight":0.0172,"played":[1.0E-4,0.9999],"evs":[0.0,0.43994]},"88":{"weight":0.0,"played":[0.0,1.0],"evs":[0.0,4.0922]},"98o":{"weight":0.0,"played":[0.7343,0.2657],"evs":[0.0,-0.40864]},"T8o":{"weight":0.0,"played":[0.9668,0.0332],"evs":[0.0,-1.23931]},"J8o":{"weight":0.0,"played":[0.9982,0.0018],"evs":[0.0,-1.53971]},"Q8o":{"weight":0.0,"played":[1.0,0.0],"evs":[0.0,-1.01501]},"K8o":{"weight":0.0,"played":[1.0,0.0],"evs":[0.0,-1.55225]},"A8o":{"weight":0.0,"played":[1.0,0.0],"evs":[0.0,-0.67639]},"92s":{"weight":0.0,"played":[0.9984,0.0016],"evs":[0.0,-1.47197]},"93s":{"weight":0.0,"played":[1.0,0.0],"evs":[0.0,-1.32028]},"94s":{"weight":0.0,"played":[0.9996,4.0E-4],"evs":[0.0,-1.43344]},"95s":{"weight":0.0,"played":[0.9817,0.0183],"evs":[0.0,-0.77931]},"96s":{"weight":0.0,"played":[0.7436,0.2564],"evs":[0.0,-0.4424]},"97s":{"weight":0.0,"played":[0.012,0.988],"evs":[0.0,0.11064]},"98s":{"weight":0.7278,"played":[1.0E-4,0.9999],"evs":[0.0,1.02753]},"99":{"weight":0.0,"played":[0.0,1.0],"evs":[0.0,4.95582]},"T9o":{"weight":0.0,"played":[0.8691,0.1309],"evs":[0.0,-0.8216]},"J9o":{"weight":0.0,"played":[0.9907,0.0093],"evs":[0.0,-0.7909]},"Q9o":{"weight":0.0,"played":[0.9999,1.0E-4],"evs":[0.0,-0.50449]},"K9o":{"weight":0.0,"played":[0.9956,0.0044],"evs":[0.0,-0.56605]},"A9o":{"weight":0.0,"played":[0.2238,0.7762],"evs":[0.0,0.01835]},"T2s":{"weight":0.0,"played":[0.9997,3.0E-4],"evs":[0.0,-1.17922]},"T3s":{"weight":0.0,"played":[0.9976,0.0024],"evs":[0.0,-1.30825]},"T4s":{"weight":0.0,"played":[0.9779,0.0221],"evs":[0.0,-1.22002]},"T5s":{"weight":0.0,"played":[0.97,0.03],"evs":[0.0,-1.15376]},"T6s":{"weight":0.0,"played":[0.92,0.08],"evs":[0.0,-0.45195]},"T7s":{"weight":0.0,"played":[0.0083,0.9917],"evs":[0.0,0.19075]},"T8s":{"weight":0.003,"played":[0.0057,0.9943],"evs":[0.0,0.72929]},"T9s":{"weight":0.5444,"played":[3.0E-4,0.9997],"evs":[0.0,0.9797]},"TT":{"weight":0.0,"played":[0.0,1.0],"evs":[0.0,6.67323]},"JTo":{"weight":0.0,"played":[0.9052,0.0948],"evs":[0.0,-0.23898]},"QTo":{"weight":0.0,"played":[0.4941,0.5059],"evs":[0.0,0.14346]},"KTo":{"weight":0.0,"played":[0.0,1.0],"evs":[0.0,0.26202]},"ATo":{"weight":8.0E-4,"played":[0.0,1.0],"evs":[0.0,1.52652]},"J2s":{"weight":0.0,"played":[0.9999,1.0E-4],"evs":[0.0,-1.43876]},"J3s":{"weight":0.0,"played":[0.985,0.015],"evs":[0.0,-0.78781]},"J4s":{"weight":0.0,"played":[0.9846,0.0154],"evs":[0.0,-0.89506]},"J5s":{"weight":0.0,"played":[0.9908,0.0092],"evs":[0.0,-0.94048]},"J6s":{"weight":0.0,"played":[0.8203,0.1797],"evs":[0.0,-0.39599]},"J7s":{"weight":0.0,"played":[0.9959,0.0041],"evs":[0.0,-0.38775]},"J8s":{"weight":0.0,"played":[0.4786,0.5214],"evs":[0.0,0.33249]},"J9s":{"weight":0.0,"played":[0.0069,0.9931],"evs":[0.0,0.69545]},"JTs":{"weight":0.9991,"played":[1.0E-4,0.9999],"evs":[0.0,1.83206]},"JJ":{"weight":0.0,"played":[0.0,1.0],"evs":[0.0,9.28604]},"QJo":{"weight":0.0,"played":[9.0E-4,0.9991],"evs":[0.0,0.11481]},"KJo":{"weight":0.0747,"played":[0.0,1.0],"evs":[0.0,1.02884]},"AJo":{"weight":1.0E-4,"played":[0.0,1.0],"evs":[0.0,3.10828]},"Q2s":{"weight":0.0,"played":[0.999,0.001],"evs":[0.0,-0.79986]},"Q3s":{"weight":0.0,"played":[0.9328,0.0672],"evs":[0.0,-0.25517]},"Q4s":{"weight":0.0,"played":[0.9493,0.0507],"evs":[0.0,-0.61351]},"Q5s":{"weight":0.0,"played":[0.0226,0.9774],"evs":[0.0,0.43069]},"Q6s":{"weight":0.0,"played":[0.3611,0.6389],"evs":[0.0,-0.212]},"Q7s":{"weight":0.0,"played":[0.8538,0.1462],"evs":[0.0,-0.19316]},"Q8s":{"weight":0.0,"played":[0.0136,0.9864],"evs":[0.0,0.38172]},"Q9s":{"weight":0.0791,"played":[0.0033,0.9967],"evs":[0.0,1.12272]},"QTs":{"weight":0.9998,"played":[0.0,1.0],"evs":[0.0,1.56268]},"QJs":{"weight":0.9998,"played":[1.0E-4,0.9999],"evs":[0.0,1.98063]},"QQ":{"weight":0.0,"played":[0.0,1.0],"evs":[0.0,11.81419]},"KQo":{"weight":0.8922,"played":[0.0,1.0],"evs":[0.0,2.24044]},"AQo":{"weight":0.0,"played":[0.0,1.0],"evs":[0.0,4.42624]},"K2s":{"weight":0.0,"played":[0.9475,0.0525],"evs":[0.0,-0.76626]},"K3s":{"weight":0.0,"played":[0.5687,0.4313],"evs":[0.0,-0.30453]},"K4s":{"weight":0.0,"played":[0.1261,0.8739],"evs":[0.0,-0.015]},"K5s":{"weight":0.0,"played":[0.0017,0.9983],"evs":[0.0,0.51629]},"K6s":{"weight":0.0,"played":[0.1216,0.8784],"evs":[0.0,0.23762]},"K7s":{"weight":0.0,"played":[0.0229,0.9771],"evs":[0.0,0.24809]},"K8s":{"weight":0.0,"played":[0.0073,0.9927],"evs":[0.0,0.28182]},"K9s":{"weight":0.4309,"played":[0.0155,0.9845],"evs":[0.0,1.3441]},"KTs":{"weight":0.9998,"played":[1.0E-4,0.9999],"evs":[0.0,2.34613]},"KJs":{"weight":0.9998,"played":[0.0,1.0],"evs":[0.0,2.6256]},"KQs":{"weight":0.0189,"played":[0.0,1.0],"evs":[0.0,4.18949]},"KK":{"weight":2.0E-4,"played":[0.0,1.0],"evs":[0.0,14.87945]},"AKo":{"weight":0.0,"played":[0.0,1.0],"evs":[0.0,5.34129]},"A2s":{"weight":0.0,"played":[0.1191,0.8809],"evs":[0.0,0.58544]},"A3s":{"weight":8.0E-4,"played":[0.0208,0.9792],"evs":[0.0,0.84596]},"A4s":{"weight":0.2417,"played":[0.1404,0.8596],"evs":[0.0,0.47875]},"A5s":{"weight":0.9228,"played":[0.002,0.998],"evs":[0.0,0.79116]},"A6s":{"weight":0.5179,"played":[1.0E-4,0.9999],"evs":[0.0,0.53641]},"A7s":{"weight":0.0553,"played":[0.0025,0.9975],"evs":[0.0,0.95884]},"A8s":{"weight":0.0137,"played":[0.0018,0.9982],"evs":[0.0,1.10496]},"A9s":{"weight":0.0267,"played":[5.0E-4,0.9995],"evs":[0.0,1.8935]},"ATs":{"weight":0.001,"played":[0.0,1.0],"evs":[0.0,2.91025]},"AJs":{"weight":0.0,"played":[0.0,1.0],"evs":[0.0,4.24924]},"AQs":{"weight":0.0,"played":[0.0,1.0],"evs":[0.0,5.66633]},"AKs":{"weight":0.0,"played":[1.0E-4,0.9999],"evs":[0.0,7.37282]},"AA":{"weight":4.0E-4,"played":[0.0,1.0],"evs":[0.0,19.71216]}}}