{"player":0,"street":0,"children":2,"sequence":[{"player":0,"type":"R","amount":200000,"street":0},{"player":1,"type":"F","amount":0,"street":0},{"player":2,"type":"C","amount":200000,"street":0},{"player":3,"type":"C","amount":200000,"street":0},{"player":4,"type":"R","amount":715000,"street":0},{"player":5,"type":"F","amount":0,"street":0},{"player":0,"type":"C","amount":515000,"street":0},{"player":2,"type":"R","amount":2185000,"street":0},{"player":3,"type":"F","amount":0,"street":0}],"actions":[{"type":"F","amount":0},{"type":"C","amount":1470000}],"hands":{"22":{"weight":0.0,"played":[0.0625,0.9375],"evs":[0.0,4.94793]},"32o":{"weight":0.0,"played":[0.6244,0.3756],"evs":[0.0,1.6282]},"42o":{"weight":0.0,"played":[0.119,0.881],"evs":[0.0,1.0957]},"52o":{"weight":0.0,"played":[0.0376,0.9624],"evs":[0.0,4.83416]},"62o":{"weight":0.0,"played":[0.6861,0.3139],"evs":[0.0,1.21402]},"72o":{"weight":0.0,"played":[0.1312,0.8688],"evs":[0.0,0.4806]},"82o":{"weight":0.0,"played":[0.7935,0.2065],"evs":[0.0,-0.41982]},"92o":{"weight":0.0,"played":[0.9747,0.0253],"evs":[0.0,-2.99921]},"T2o":{"weight":0.0,"played":[0.6916,0.3084],"evs":[0.0,2.24124]},"J2o":{"weight":0.0,"played":[0.7821,0.2179],"evs":[0.0,0.17386]},"Q2o":{"weight":0.0,"played":[0.6164,0.3836],"evs":[0.0,7.9956]},"K2o":{"weight":0.0,"played":[0.9374,0.0626],"evs":[0.0,-6.94894]},"A2o":{"weight":0.0,"played":[0.0579,0.9421],"evs":[0.0,6.75373]},"32s":{"weight":0.0,"played":[0.7584,0.2416],"evs":[0.0,-5.88043]},"33":{"weight":0.0253,"played":[0.0292,0.9708],"evs":[0.0,3.67679]},"43o":{"weight":0.0,"played":[0.5932,0.4068],"evs":[0.0,3.92716]},"53o":{"weight":0.0,"played":[0.1653,0.8347],"evs":[0.0,4.71769]},"63o":{"weight":0.0,"played":[0.7721,0.2279],"evs":[0.0,-3.80754]},"73o":{"weight":0.0,"played":[0.9978,0.0022],"evs":[0.0,-4.36797]},"83o":{"weight":0.0,"played":[0.4379,0.5621],"evs":[0.0,0.41949]},"93o":{"weight":0.0,"played":[0.44,0.56],"evs":[0.0,1.69942]},"T3o":{"weight":0.0,"played":[0.5157,0.4843],"evs":[0.0,2.68421]},"J3o":{"weight":0.0,"played":[0.9236,0.0764],"evs":[0.0,-1.72971]},"Q3o":{"weight":0.0,"played":[0.5427,0.4573],"evs":[0.0,2.38543]},"K3o":{"weight":0.0,"played":[0.9959,0.0041],"evs":[0.0,-3.37301]},"A3o":{"weight":0.0,"played":[0.1441,0.8559],"evs":[0.0,-1.10084]},"42s":{"weight":0.0,"played":[0.4081,0.5919],"evs":[0.0,17.52954]},"43s":{"weight":0.0,"played":[0.317,0.683],"evs":[0.0,-0.33501]},"44":{"weight":0.2421,"played":[0.0022,0.9978],"evs":[0.0,8.60148]},"54o":{"weight":0.0,"played":[0.4693,0.5307],"evs":[0.0,5.21149]},"64o":{"weight":0.0,"played":[0.6115,0.3885],"evs":[0.0,-0.50178]},"74o":{"weight":0.0,"played":[0.6631,0.3369],"evs":[0.0,-0.26497]},"84o":{"weight":0.0,"played":[0.2967,0.7033],"evs":[0.0,3.67299]},"94o":{"weight":0.0,"played":[0.9971,0.0029],"evs":[0.0,-3.21591]},"T4o":{"weight":0.0,"played":[0.4489,0.5511],"evs":[0.0,-2.74522]},"J4o":{"weight":0.0,"played":[0.6419,0.3581],"evs":[0.0,-2.02543]},"Q4o":{"weight":0.0,"played":[0.0149,0.9851],"evs":[0.0,6.52247]},"K4o":{"weight":0.0,"played":[0.172,0.828],"evs":[0.0,-1.05752]},"A4o":{"weight":0.0,"played":[7.0E-4,0.9993],"evs":[0.0,8.45089]},"52s":{"weight":0.0,"played":[0.1685,0.8315],"evs":[0.0,1.90125]},"53s":{"weight":0.0,"played":[0.0025,0.9975],"evs":[0.0,5.34951]},"54s":{"weight":0.0,"played":[0.0696,0.9304],"evs":[0.0,0.15713]},"55":{"weight":0.2852,"played":[0.8767,0.1233],"evs":[0.0,1.12301]},"65o":{"weight":0.0,"played":[0.0583,0.9417],"evs":[0.0,-0.01418]},"75o":{"weight":0.0,"played":[0.9647,0.0353],"evs":[0.0,-2.87993]},"85o":{"weight":0.0,"played":[0.3294,0.6706],"evs":[0.0,-1.33493]},"95o":{"weight":0.0,"played":[0.6148,0.3852],"evs":[0.0,-1.05748]},"T5o":{"weight":0.0,"played":[0.9945,0.0055],"evs":[0.0,-7.44782]},"J5o":{"weight":0.0,"played":[0.6355,0.3645],"evs":[0.0,-2.43683]},"Q5o":{"weight":0.0,"played":[0.9939,0.0061],"evs":[0.0,-2.78303]},"K5o":{"weight":0.0,"played":[0.1813,0.8187],"evs":[0.0,6.82155]},"A5o":{"weight":0.0,"played":[0.0,1.0],"evs":[0.0,4.79232]},"62s":{"weight":0.0,"played":[0.1331,0.8669],"evs":[0.0,13.56831]},"63s":{"weight":0.0,"played":[0.2032,0.7968],"evs":[0.0,9.81192]},"64s":{"weight":0.0,"played":[0.3474,0.6526],"evs":[0.0,1.85545]},"65s":{"weight":0.0,"played":[0.1401,0.8599],"evs":[0.0,9.83782]},"66":{"weight":0.4079,"played":[0.1556,0.8444],"evs":[0.0,5.8242]},"76o":{"weight":0.0,"played":[0.0995,0.9005],"evs":[0.0,1.57181]},"86o":{"weight":0.0,"played":[0.5156,0.4844],"evs":[0.0,4.09502]},"96o":{"weight":0.0,"played":[0.4539,0.5461],"evs":[0.0,-0.41494]},"T6o":{"weight":0.0,"played":[0.0368,0.9632],"evs":[0.0,2.20463]},"J6o":{"weight":0.0,"played":[0.9585,0.0415],"evs":[0.0,-0.48047]},"Q6o":{"weight":0.0,"played":[0.1404,0.8596],"evs":[0.0,4.16151]},"K6o":{"weight":0.0,"played":[0.9153,0.0847],"evs":[0.0,-1.31991]},"A6o":{"weight":0.0,"played":[0.0401,0.9599],"evs":[0.0,7.26269]},"72s":{"weight":0.0,"played":[0.5824,0.4176],"evs":[0.0,-2.46703]},"73s":{"weight":0.0,"played":[0.9998,2.0E-4],"evs":[0.0,-4.19337]},"74s":{"weight":0.0,"played":[0.1853,0.8147],"evs":[0.0,5.32877]},"75s":{"weight":0.0,"played":[0.6967,0.3033],"evs":[0.0,-0.05961]},"76s":{"weight":0.0,"played":[0.6404,0.3596],"evs":[0.0,4.64613]},"77":{"weight":0.4928,"played":[0.0203,0.9797],"evs":[0.0,20.33654]},"87o":{"weight":0.0,"played":[0.8048,0.1952],"evs":[0.0,-0.67429]},"97o":{"weight":0.0,"played":[0.5113,0.4887],"evs":[0.0,3.2747]},"T7o":{"weight":0.0,"played":[0.0097,0.9903],"evs":[0.0,5.31355]},"J7o":{"weight":0.0,"played":[0.3974,0.6026],"evs":[0.0,-1.33684]},"Q7o":{"weight":0.0,"played":[0.1716,0.8284],"evs":[0.0,4.09977]},"K7o":{"weight":0.0,"played":[0.5158,0.4842],"evs":[0.0,3.30364]},"A7o":{"weight":0.5575,"played":[0.0033,0.9967],"evs":[0.0,5.26327]},"82s":{"weight":0.0,"played":[0.3344,0.6656],"evs":[0.0,-1.12183]},"83s":{"weight":0.0,"played":[0.4432,0.5568],"evs":[0.0,2.52032]},"84s":{"weight":0.0,"played":[0.7724,0.2276],"evs":[0.0,3.23416]},"85s":{"weight":0.0,"played":[0.0245,0.9755],"evs":[0.0,9.02094]},"86s":{"weight":0.0,"played":[0.6427,0.3573],"evs":[0.0,10.11291]},"87s":{"weight":0.0,"played":[0.2561,0.7439],"evs":[0.0,7.17479]},"88":{"weight":0.5695,"played":[0.0515,0.9485],"evs":[0.0,9.49]},"98o":{"weight":0.0,"played":[0.011,0.989],"evs":[0.0,5.68825]},"T8o":{"weight":0.0,"played":[0.0851,0.9149],"evs":[0.0,6.82178]},"J8o":{"weight":0.0,"played":[0.5618,0.4382],"evs":[0.0,-1.09149]},"Q8o":{"weight":0.0,"played":[0.5834,0.4166],"evs":[0.0,0.66027]},"K8o":{"weight":0.0,"played":[0.5987,0.4013],"evs":[0.0,2.1556]},"A8o":{"weight":0.7402,"played":[0.0,1.0],"evs":[0.0,9.04896]},"92s":{"weight":0.0,"played":[0.0244,0.9756],"evs":[0.0,0.59845]},"93s":{"weight":0.0,"played":[0.1044,0.8956],"evs":[0.0,6.06336]},"94s":{"weight":0.0,"played":[0.8793,0.1207],"evs":[0.0,-5.99577]},"95s":{"weight":0.0,"played":[0.2831,0.7169],"evs":[0.0,10.66672]},"96s":{"weight":0.0,"played":[0.01,0.99],"evs":[0.0,9.95328]},"97s":{"weight":0.0,"played":[0.6555,0.3445],"evs":[0.0,5.48324]},"98s":{"weight":0.4089,"played":[0.8801,0.1199],"evs":[0.0,-1.15875]},"99":{"weight":0.9315,"played":[3.0E-4,0.9997],"evs":[0.0,10.49117]},"T9o":{"weight":0.0,"played":[0.0255,0.9745],"evs":[0.0,5.24664]},"J9o":{"weight":0.0,"played":[4.0E-4,0.9996],"evs":[0.0,16.04426]},"Q9o":{"weight":0.0,"played":[0.0783,0.9217],"evs":[0.0,8.75025]},"K9o":{"weight":0.0,"played":[0.0043,0.9957],"evs":[0.0,7.47979]},"A9o":{"weight":0.5294,"played":[0.0,1.0],"evs":[0.0,4.75084]},"T2s":{"weight":0.0,"played":[0.5322,0.4678],"evs":[0.0,-4.46073]},"T3s":{"weight":0.0,"played":[0.4701,0.5299],"evs":[0.0,1.25736]},"T4s":{"weight":0.0,"played":[0.0589,0.9411],"evs":[0.0,14.90099]},"T5s":{"weight":0.0,"played":[0.0443,0.9557],"evs":[0.0,11.09517]},"T6s":{"weight":0.0,"played":[0.0503,0.9497],"evs":[0.0,0.99276]},"T7s":{"weight":0.0,"played":[0.3556,0.6444],"evs":[0.0,6.4644]},"T8s":{"weight":0.2936,"played":[0.0247,0.9753],"evs":[0.0,4.13197]},"T9s":{"weight":0.2754,"played":[0.6534,0.3466],"evs":[0.0,6.73385]},"TT":{"weight":0.861,"played":[0.0032,0.9968],"evs":[0.0,15.56296]},"JTo":{"weight":0.0,"played":[0.2857,0.7143],"evs":[0.0,-1.47339]},"QTo":{"weight":1.0E-4,"played":[0.0428,0.9572],"evs":[0.0,3.37284]},"KTo":{"weight":0.5737,"played":[0.0257,0.9743],"evs":[0.0,8.12016]},"ATo":{"weight":0.1306,"played":[0.0035,0.9965],"evs":[0.0,15.19553]},"J2s":{"weight":0.0,"played":[0.9272,0.0728],"evs":[0.0,-5.80561]},"J3s":{"weight":0.0,"played":[0.2215,0.7785],"evs":[0.0,7.94737]},"J4s":{"weight":0.0,"played":[0.6786,0.3214],"evs":[0.0,-5.18919]},"J5s":{"weight":0.0,"played":[0.2895,0.7105],"evs":[0.0,-4.93858]},"J6s":{"weight":0.0,"played":[0.1449,0.8551],"evs":[0.0,11.46825]},"J7s":{"weight":0.0,"played":[0.2195,0.7805],"evs":[0.0,12.57022]},"J8s":{"weight":0.0,"played":[0.181,0.819],"evs":[0.0,1.13755]},"J9s":{"weight":0.2486,"played":[0.7471,0.2529],"evs":[0.0,-3.56794]},"JTs":{"weight":0.7894,"played":[0.0132,0.9868],"evs":[0.0,4.3367]},"JJ":{"weight":0.5588,"played":[0.0056,0.9944],"evs":[0.0,15.1902]},"QJo":{"weight":2.0E-4,"played":[0.0683,0.9317],"evs":[0.0,3.26345]},"KJo":{"weight":0.9273,"played":[0.0462,0.9538],"evs":[0.0,6.27707]},"AJo":{"weight":0.853,"played":[2.0E-4,0.9998],"evs":[0.0,10.82459]},"Q2s":{"weight":0.0,"played":[0.524,0.476],"evs":[0.0,-1.54261]},"Q3s":{"weight":0.0,"played":[0.9028,0.0972],"evs":[0.0,-2.39045]},"Q4s":{"weight":0.0,"played":[0.4865,0.5135],"evs":[0.0,-4.99166]},"Q5s":{"weight":0.0,"played":[0.9438,0.0562],"evs":[0.0,-7.57578]},"Q6s":{"weight":0.0,"played":[0.1316,0.8684],"evs":[0.0,2.05534]},"Q7s":{"weight":0.0,"played":[0.331,0.669],"evs":[0.0,8.22649]},"Q8s":{"weight":0.0023,"played":[0.4497,0.5503],"evs":[0.0,5.12635]},"Q9s":{"weight":0.2035,"played":[0.3992,0.6008],"evs":[0.0,-1.94719]},"QTs":{"weight":0.7005,"played":[0.0644,0.9356],"evs":[0.0,9.73165]},"QJs":{"weight":0.6725,"played":[0.0292,0.9708],"evs":[0.0,2.16123]},"QQ":{"weight":0.1013,"played":[0.0,1.0],"evs":[0.0,18.24151]},"KQo":{"weight":0.1763,"played":[0.0559,0.9441],"evs":[0.0,4.96189]},"AQo":{"weight":0.0985,"played":[0.0128,0.9872],"evs":[0.0,12.19335]},"K2s":{"weight":0.0,"played":[0.2843,0.7157],"evs":[0.0,7.18674]},"K3s":{"weight":0.0,"played":[0.0447,0.9553],"evs":[0.0,10.46691]},"K4s":{"weight":0.0,"played":[0.3695,0.6305],"evs":[0.0,3.66153]},"K5s":{"weight":0.0,"played":[0.0097,0.9903],"evs":[0.0,8.9462]},"K6s":{"weight":0.0,"played":[0.8667,0.1333],"evs":[0.0,1.26598]},"K7s":{"weight":0.2878,"played":[0.2873,0.7127],"evs":[0.0,3.04582]},"K8s":{"weight":0.2994,"played":[0.1735,0.8265],"evs":[0.0,10.31002]},"K9s":{"weight":0.5389,"played":[0.001,0.999],"evs":[0.0,6.70068]},"KTs":{"weight":0.9064,"played":[0.0493,0.9507],"evs":[0.0,9.15763]},"KJs":{"weight":0.1766,"played":[0.2102,0.7898],"evs":[0.0,8.98268]},"KQs":{"weight":0.0422,"played":[0.0373,0.9627],"evs":[0.0,11.85495]},"KK":{"weight":0.7394,"played":[0.0,1.0],"evs":[0.0,19.34262]},"AKo":{"weight":0.056,"played":[0.0139,0.9861],"evs":[0.0,9.82803]},"A2s":{"weight":0.4221,"played":[0.3431,0.6569],"evs":[0.0,2.57111]},"A3s":{"weight":0.6516,"played":[0.2515,0.7485],"evs":[0.0,9.32575]},"A4s":{"weight":0.9705,"played":[0.8572,0.1428],"evs":[0.0,-2.29322]},"A5s":{"weight":0.3461,"played":[0.0012,0.9988],"evs":[0.0,11.70837]},"A6s":{"weight":0.4048,"played":[0.3913,0.6087],"evs":[0.0,6.6963]},"A7s":{"weight":0.5881,"played":[0.1022,0.8978],"evs":[0.0,9.49838]},"A8s":{"weight":0.1629,"played":[0.0081,0.9919],"evs":[0.0,6.68665]},"A9s":{"weight":0.0795,"played":[0.0058,0.9942],"evs":[0.0,4.37982]},"ATs":{"weight":0.9608,"played":[0.022,0.978],"evs":[0.0,12.22128]},"AJs":{"weight":0.9202,"played":[0.1843,0.8157],"evs":[0.0,15.58853]},"AQs":{"weight":0.9995,"played":[0.0729,0.9271],"evs":[0.0,19.40365]},"AKs":{"weight":0.6252,"played":[0.0361,0.9639],"evs":[0.0,4.94616]},"AA":{"weight":0.0851,"played":[0.0,1.0],"evs":[0.0,29.20731]}}}