{"player":2,"street":0,"children":2,"sequence":[{"player":0,"type":"R","amount":200000,"street":0},{"player":1,"type":"F","amount":0,"street":0},{"player":2,"type":"C","amount":200000,"street":0},{"player":3,"type":"C","amount":200000,"street":0},{"player":4,"type":"R","amount":715000,"street":0},{"player":5,"type":"R","amount":815000,"street":0},{"player":0,"type":"F","amount":0,"street":0},{"player":2,"type":"C","amount":615000,"street":0},{"player":3,"type":"R","amount":1215000,"street":0}],"actions":[{"type":"F","amount":0},{"type":"C","amount":400000}],"hands":{"22":{"weight":0.0051,"played":[0.0024,0.9976],"evs":[0.0,6.26009]},"32o":{"weight":0.0,"played":[6.0E-4,0.9994],"evs":[0.0,5.50172]},"42o":{"weight":0.0,"played":[0.0019,0.9981],"evs":[0.0,5.78887]},"52o":{"weight":0.0,"played":[1.0E-4,0.9999],"evs":[0.0,6.43431]},"62o":{"weight":0.0,"played":[8.0E-4,0.9992],"evs":[0.0,6.79643]},"72o":{"weight":0.0,"played":[0.0016,0.9984],"evs":[0.0,3.22682]},"82o":{"weight":0.0,"played":[0.0092,0.9908],"evs":[0.0,5.4033]},"92o":{"weight":0.0,"played":[0.0,1.0],"evs":[0.0,4.03993]},"T2o":{"weight":0.0,"played":[2.0E-4,0.9998],"evs":[0.0,3.74352]},"J2o":{"weight":0.0,"played":[0.0011,0.9989],"evs":[0.0,5.50644]},"Q2o":{"weight":0.0,"played":[0.0155,0.9845],"evs":[0.0,6.85717]},"K2o":{"weight":0.0,"played":[0.0,1.0],"evs":[0.0,6.98763]},"A2o":{"weight":0.0,"played":[1.0E-4,0.9999],"evs":[0.0,8.16884]},"32s":{"weight":0.0,"played":[0.0103,0.9897],"evs":[0.0,6.419]},"33":{"weight":0.0288,"played":[3.0E-4,0.9997],"evs":[0.0,7.89137]},"43o":{"weight":0.0,"played":[0.0,1.0],"evs":[0.0,5.66268]},"53o":{"weight":0.0,"played":[2.0E-4,0.9998],"evs":[0.0,5.77883]},"63o":{"weight":0.0,"played":[0.0018,0.9982],"evs":[0.0,6.18215]},"73o":{"weight":0.0,"played":[1.0E-4,0.9999],"evs":[0.0,4.83842]},"83o":{"weight":0.0,"played":[8.0E-4,0.9992],"evs":[0.0,4.02336]},"93o":{"weight":0.0,"played":[5.0E-4,0.9995],"evs":[0.0,4.36259]},"T3o":{"weight":0.0,"played":[0.0014,0.9986],"evs":[0.0,7.62774]},"J3o":{"weight":0.0,"played":[6.0E-4,0.9994],"evs":[0.0,4.50069]},"Q3o":{"weight":0.0,"played":[6.0E-4,0.9994],"evs":[0.0,5.06503]},"K3o":{"weight":0.0,"played":[0.0013,0.9987],"evs":[0.0,4.93855]},"A3o":{"weight":0.0,"played":[2.0E-4,0.9998],"evs":[0.0,10.31977]},"42s":{"weight":0.0,"played":[0.0013,0.9987],"evs":[0.0,10.98969]},"43s":{"weight":0.0,"played":[0.0073,0.9927],"evs":[0.0,7.59412]},"44":{"weight":0.2993,"played":[0.0,1.0],"evs":[0.0,9.82143]},"54o":{"weight":0.0,"played":[0.0,1.0],"evs":[0.0,7.02977]},"64o":{"weight":0.0,"played":[2.0E-4,0.9998],"evs":[0.0,8.83631]},"74o":{"weight":0.0,"played":[0.001,0.999],"evs":[0.0,8.57764]},"84o":{"weight":0.0,"played":[0.0081,0.9919],"evs":[0.0,3.69891]},"94o":{"weight":0.0,"played":[0.0011,0.9989],"evs":[0.0,4.92277]},"T4o":{"weight":0.0,"played":[0.0,1.0],"evs":[0.0,4.1944]},"J4o":{"weight":0.0,"played":[0.0,1.0],"evs":[0.0,2.91405]},"Q4o":{"weight":0.0,"played":[2.0E-4,0.9998],"evs":[0.0,4.76369]},"K4o":{"weight":0.0,"played":[0.0,1.0],"evs":[0.0,7.3172]},"A4o":{"weight":0.0,"played":[0.0044,0.9956],"evs":[0.0,7.08455]},"52s":{"weight":0.0,"played":[3.0E-4,0.9997],"evs":[0.0,9.50668]},"53s":{"weight":0.0,"played":[0.0011,0.9989],"evs":[0.0,8.99836]},"54s":{"weight":0.7106,"played":[1.0E-4,0.9999],"evs":[0.0,11.2818]},"55":{"weight":0.0099,"played":[4.0E-4,0.9996],"evs":[0.0,9.8331]},"65o":{"weight":0.0,"played":[1.0E-4,0.9999],"evs":[0.0,6.96203]},"75o":{"weight":0.0,"played":[0.0022,0.9978],"evs":[0.0,5.6926]},"85o":{"weight":0.0,"played":[0.0,1.0],"evs":[0.0,7.46969]},"95o":{"weight":0.0,"played":[0.0,1.0],"evs":[0.0,7.12395]},"T5o":{"weight":0.0,"played":[4.0E-4,0.9996],"evs":[0.0,4.13224]},"J5o":{"weight":0.0,"played":[0.0,1.0],"evs":[0.0,7.25071]},"Q5o":{"weight":0.0,"played":[0.0,1.0],"evs":[0.0,5.47212]},"K5o":{"weight":0.0,"played":[2.0E-4,0.9998],"evs":[0.0,5.55452]},"A5o":{"weight":0.0,"played":[0.0,1.0],"evs":[0.0,10.61034]},"62s":{"weight":0.0,"played":[0.0069,0.9931],"evs":[0.0,5.04985]},"63s":{"weight":0.0,"played":[6.0E-4,0.9994],"evs":[0.0,9.7931]},"64s":{"weight":0.0,"played":[0.0118,0.9882],"evs":[0.0,9.24509]},"65s":{"weight":0.2306,"played":[0.0,1.0],"evs":[0.0,10.97089]},"66":{"weight":0.307,"played":[3.0E-4,0.9997],"evs":[0.0,12.68683]},"76o":{"weight":0.0,"played":[4.0E-4,0.9996],"evs":[0.0,7.972]},"86o":{"weight":0.0,"played":[0.0,1.0],"evs":[0.0,7.46115]},"96o":{"weight":0.0,"played":[1.0E-4,0.9999],"evs":[0.0,6.19088]},"T6o":{"weight":0.0,"played":[0.0,1.0],"evs":[0.0,8.35884]},"J6o":{"weight":0.0,"played":[0.0,1.0],"evs":[0.0,6.79361]},"Q6o":{"weight":0.0,"played":[3.0E-4,0.9997],"evs":[0.0,5.32043]},"K6o":{"weight":0.0,"played":[3.0E-4,0.9997],"evs":[0.0,8.8575]},"A6o":{"weight":0.0,"played":[1.0E-4,0.9999],"evs":[0.0,7.37524]},"72s":{"weight":0.0,"played":[0.0011,0.9989],"evs":[0.0,8.08283]},"73s":{"weight":0.0,"played":[0.012,0.988],"evs":[0.0,12.53019]},"74s":{"weight":0.0,"played":[7.0E-4,0.9993],"evs":[0.0,9.24203]},"75s":{"weight":0.0,"played":[0.0332,0.9668],"evs":[0.0,6.60004]},"76s":{"weight":0.0,"played":[4.0E-4,0.9996],"evs":[0.0,9.16667]},"77":{"weight":0.0297,"played":[2.0E-4,0.9998],"evs":[0.0,13.20598]},"87o":{"weight":0.0,"played":[0.0014,0.9986],"evs":[0.0,8.78861]},"97o":{"weight":0.0,"played":[4.0E-4,0.9996],"evs":[0.0,9.98026]},"T7o":{"weight":0.0,"played":[0.0051,0.9949],"evs":[0.0,7.86054]},"J7o":{"weight":0.0,"played":[3.0E-4,0.9997],"evs":[0.0,5.83563]},"Q7o":{"weight":0.0,"played":[8.0E-4,0.9992],"evs":[0.0,6.3366]},"K7o":{"weight":0.0,"played":[0.0038,0.9962],"evs":[0.0,7.39091]},"A7o":{"weight":0.0,"played":[0.0,1.0],"evs":[0.0,8.24265]},"82s":{"weight":0.0,"played":[0.0049,0.9951],"evs":[0.0,8.02696]},"83s":{"weight":0.0,"played":[2.0E-4,0.9998],"evs":[0.0,7.12336]},"84s":{"weight":0.0,"played":[0.0061,0.9939],"evs":[0.0,8.18361]},"85s":{"weight":0.0,"played":[8.0E-4,0.9992],"evs":[0.0,6.91043]},"86s":{"weight":0.5862,"played":[9.0E-4,0.9991],"evs":[0.0,9.42291]},"87s":{"weight":0.2931,"played":[0.0029,0.9971],"evs":[0.0,10.88075]},"88":{"weight":0.0,"played":[0.0,1.0],"evs":[0.0,14.10903]},"98o":{"weight":0.0,"played":[0.0,1.0],"evs":[0.0,7.9204]},"T8o":{"weight":0.0,"played":[4.0E-4,0.9996],"evs":[0.0,9.36124]},"J8o":{"weight":0.0,"played":[6.0E-4,0.9994],"evs":[0.0,7.97932]},"Q8o":{"weight":0.0,"played":[1.0E-4,0.9999],"evs":[0.0,7.80346]},"K8o":{"weight":0.0,"played":[2.0E-4,0.9998],"evs":[0.0,7.18926]},"A8o":{"weight":1.0E-4,"played":[0.0,1.0],"evs":[0.0,10.70945]},"92s":{"weight":0.0,"played":[2.0E-4,0.9998],"evs":[0.0,8.33967]},"93s":{"weight":0.0,"played":[5.0E-4,0.9995],"evs":[0.0,9.6481]},"94s":{"weight":0.0,"played":[0.0202,0.9798],"evs":[0.0,5.6724]},"95s":{"weight":0.0,"played":[0.0012,0.9988],"evs":[0.0,6.19661]},"96s":{"weight":0.0,"played":[0.0144,0.9856],"evs":[0.0,7.95637]},"97s":{"weight":0.4953,"played":[6.0E-4,0.9994],"evs":[0.0,8.56935]},"98s":{"weight":0.3244,"played":[3.0E-4,0.9997],"evs":[0.0,8.43522]},"99":{"weight":0.0,"played":[5.0E-4,0.9995],"evs":[0.0,14.06905]},"T9o":{"weight":0.0,"played":[1.0E-4,0.9999],"evs":[0.0,9.04135]},"J9o":{"weight":0.0,"played":[7.0E-4,0.9993],"evs":[0.0,7.57014]},"Q9o":{"weight":0.0,"played":[0.0146,0.9854],"evs":[0.0,7.05647]},"K9o":{"weight":0.0,"played":[3.0E-4,0.9997],"evs":[0.0,6.26094]},"A9o":{"weight":0.0196,"played":[1.0E-4,0.9999],"evs":[0.0,10.18384]},"T2s":{"weight":0.0,"played":[0.0048,0.9952],"evs":[0.0,6.56033]},"T3s":{"weight":0.0,"played":[0.0196,0.9804],"evs":[0.0,3.56635]},"T4s":{"weight":0.0,"played":[0.0039,0.9961],"evs":[0.0,4.43359]},"T5s":{"weight":0.0,"played":[0.0231,0.9769],"evs":[0.0,7.90801]},"T6s":{"weight":0.0,"played":[5.0E-4,0.9995],"evs":[0.0,4.93411]},"T7s":{"weight":0.0,"played":[0.0027,0.9973],"evs":[0.0,7.31705]},"T8s":{"weight":0.5324,"played":[0.0,1.0],"evs":[0.0,8.92461]},"T9s":{"weight":0.4223,"played":[8.0E-4,0.9992],"evs":[0.0,8.25837]},"TT":{"weight":0.0,"played":[0.0,1.0],"evs":[0.0,13.79765]},"JTo":{"weight":0.0,"played":[1.0E-4,0.9999],"evs":[0.0,8.41507]},"QTo":{"weight":0.0,"played":[0.0014,0.9986],"evs":[0.0,7.65315]},"KTo":{"weight":0.1516,"played":[0.0,1.0],"evs":[0.0,8.84543]},"ATo":{"weight":0.1218,"played":[0.0,1.0],"evs":[0.0,9.92317]},"J2s":{"weight":0.0,"played":[0.0022,0.9978],"evs":[0.0,8.99679]},"J3s":{"weight":0.0,"played":[0.0134,0.9866],"evs":[0.0,10.77153]},"J4s":{"weight":0.0,"played":[0.0145,0.9855],"evs":[0.0,7.89481]},"J5s":{"weight":0.0,"played":[0.0244,0.9756],"evs":[0.0,7.34337]},"J6s":{"weight":0.0,"played":[0.0035,0.9965],"evs":[0.0,11.281]},"J7s":{"weight":0.0,"played":[0.0168,0.9832],"evs":[0.0,13.1304]},"J8s":{"weight":0.3853,"played":[5.0E-4,0.9995],"evs":[0.0,9.43529]},"J9s":{"weight":2.0E-4,"played":[0.0021,0.9979],"evs":[0.0,8.35688]},"JTs":{"weight":0.0194,"played":[2.0E-4,0.9998],"evs":[0.0,13.22884]},"JJ":{"weight":0.0,"played":[0.0,1.0],"evs":[0.0,13.88888]},"QJo":{"weight":0.4195,"played":[1.0E-4,0.9999],"evs":[0.0,8.01897]},"KJo":{"weight":0.4574,"played":[1.0E-4,0.9999],"evs":[0.0,9.61573]},"AJo":{"weight":0.0354,"played":[7.0E-4,0.9993],"evs":[0.0,13.00814]},"Q2s":{"weight":0.0,"played":[0.0091,0.9909],"evs":[0.0,5.21928]},"Q3s":{"weight":0.0,"played":[0.012,0.988],"evs":[0.0,7.40786]},"Q4s":{"weight":0.0,"played":[0.0,1.0],"evs":[0.0,8.74325]},"Q5s":{"weight":0.0,"played":[0.0531,0.9469],"evs":[0.0,6.82889]},"Q6s":{"weight":0.0,"played":[0.0701,0.9299],"evs":[0.0,4.48537]},"Q7s":{"weight":0.0,"played":[2.0E-4,0.9998],"evs":[0.0,9.52044]},"Q8s":{"weight":2.0E-4,"played":[0.0058,0.9942],"evs":[0.0,8.79749]},"Q9s":{"weight":0.0146,"played":[8.0E-4,0.9992],"evs":[0.0,9.61073]},"QTs":{"weight":1.0E-4,"played":[0.0057,0.9943],"evs":[0.0,6.211]},"QJs":{"weight":0.3735,"played":[0.0019,0.9981],"evs":[0.0,8.02011]},"QQ":{"weight":0.001,"played":[1.0E-4,0.9999],"evs":[0.0,18.64966]},"KQo":{"weight":0.0164,"played":[0.0,1.0],"evs":[0.0,12.42706]},"AQo":{"weight":0.0,"played":[0.0,1.0],"evs":[0.0,16.0424]},"K2s":{"weight":0.0,"played":[2.0E-4,0.9998],"evs":[0.0,6.95264]},"K3s":{"weight":0.0,"played":[0.0268,0.9732],"evs":[0.0,8.24803]},"K4s":{"weight":0.0,"played":[0.0059,0.9941],"evs":[0.0,8.85094]},"K5s":{"weight":0.0,"played":[0.0036,0.9964],"evs":[0.0,8.45692]},"K6s":{"weight":0.0377,"played":[0.0024,0.9976],"evs":[0.0,8.89579]},"K7s":{"weight":0.5225,"played":[3.0E-4,0.9997],"evs":[0.0,7.04977]},"K8s":{"weight":0.0639,"played":[0.0018,0.9982],"evs":[0.0,7.73028]},"K9s":{"weight":0.0,"played":[0.0046,0.9954],"evs":[0.0,9.66585]},"KTs":{"weight":0.0026,"played":[4.0E-4,0.9996],"evs":[0.0,11.73179]},"KJs":{"weight":0.0779,"played":[4.0E-4,0.9996],"evs":[0.0,9.27465]},"KQs":{"weight":0.0183,"played":[0.0,1.0],"evs":[0.0,12.83166]},"KK":{"weight":5.0E-4,"played":[0.0,1.0],"evs":[0.0,20.96142]},"AKo":{"weight":0.0,"played":[0.0,1.0],"evs":[0.0,12.99871]},"A2s":{"weight":0.0366,"played":[6.0E-4,0.9994],"evs":[0.0,8.65856]},"A3s":{"weight":0.0568,"played":[1.0E-4,0.9999],"evs":[0.0,12.11992]},"A4s":{"weight":0.0122,"played":[0.0032,0.9968],"evs":[0.0,11.37254]},"A5s":{"weight":0.0096,"played":[1.0E-4,0.9999],"evs":[0.0,8.8407]},"A6s":{"weight":0.0712,"played":[0.0,1.0],"evs":[0.0,11.65201]},"A7s":{"weight":0.0224,"played":[0.0015,0.9985],"evs":[0.0,11.53133]},"A8s":{"weight":0.2455,"played":[3.0E-4,0.9997],"evs":[0.0,12.54078]},"A9s":{"weight":0.1394,"played":[0.0,1.0],"evs":[0.0,11.37416]},"ATs":{"weight":0.0034,"played":[0.0,1.0],"evs":[0.0,12.10005]},"AJs":{"weight":1.0E-4,"played":[2.0E-4,0.9998],"evs":[0.0,9.09719]},"AQs":{"weight":0.2655,"played":[9.0E-4,0.9991],"evs":[0.0,16.92103]},"AKs":{"weight":0.0,"played":[2.0E-4,0.9998],"evs":[0.0,14.15685]},"AA":{"weight":0.0058,"played":[1.0E-4,0.9999],"evs":[0.0,27.11294]}}}