{"player":3,"street":0,"children":2,"sequence":[{"player":0,"type":"R","amount":200000,"street":0},{"player":1,"type":"F","amount":0,"street":0},{"player":2,"type":"C","amount":200000,"street":0},{"player":3,"type":"C","amount":200000,"street":0},{"player":4,"type":"R","amount":715000,"street":0},{"player":5,"type":"R","amount":815000,"street":0},{"player":0,"type":"F","amount":0,"street":0},{"player":2,"type":"R","amount":1215000,"street":0}],"actions":[{"type":"F","amount":0},{"type":"C","amount":1015000}],"hands":{"22":{"weight":0.0,"played":[1.0E-4,0.9999],"evs":[0.0,1.01018]},"32o":{"weight":0.0,"played":[0.9999,1.0E-4],"evs":[0.0,-1.83634]},"42o":{"weight":0.0,"played":[0.9999,1.0E-4],"evs":[0.0,-1.44044]},"52o":{"weight":0.0,"played":[0.9994,6.0E-4],"evs":[0.0,-0.85209]},"62o":{"weight":0.0,"played":[0.9822,0.0178],"evs":[0.0,-1.96433]},"72o":{"weight":0.0,"played":[0.9998,2.0E-4],"evs":[0.0,-1.54314]},"82o":{"weight":0.0,"played":[0.9949,0.0051],"evs":[0.0,-2.80079]},"92o":{"weight":0.0,"played":[0.9939,0.0061],"evs":[0.0,-2.12748]},"T2o":{"weight":0.0,"played":[0.9999,1.0E-4],"evs":[0.0,-2.41026]},"J2o":{"weight":0.0,"played":[0.9982,0.0018],"evs":[0.0,-2.63132]},"Q2o":{"weight":0.0,"played":[0.9868,0.0132],"evs":[0.0,-1.46363]},"K2o":{"weight":0.0,"played":[0.9971,0.0029],"evs":[0.0,-0.67446]},"A2o":{"weight":0.0,"played":[0.8812,0.1188],"evs":[0.0,-0.23345]},"32s":{"weight":0.0,"played":[0.7481,0.2519],"evs":[0.0,-0.55498]},"33":{"weight":0.0,"played":[3.0E-4,0.9997],"evs":[0.0,1.03533]},"43o":{"weight":0.0,"played":[0.9611,0.0389],"evs":[0.0,-0.97925]},"53o":{"weight":0.0,"played":[0.9475,0.0525],"evs":[0.0,-0.99268]},"63o":{"weight":0.0,"played":[0.997,0.003],"evs":[0.0,-0.81002]},"73o":{"weight":0.0,"played":[0.9996,4.0E-4],"evs":[0.0,-1.98335]},"83o":{"weight":0.0,"played":[0.9991,9.0E-4],"evs":[0.0,-2.40196]},"93o":{"weight":0.0,"played":[0.9995,5.0E-4],"evs":[0.0,-1.59462]},"T3o":{"weight":0.0,"played":[0.9986,0.0014],"evs":[0.0,-2.0909]},"J3o":{"weight":0.0,"played":[0.9956,0.0044],"evs":[0.0,-1.82918]},"Q3o":{"weight":0.0,"played":[0.9962,0.0038],"evs":[0.0,-1.64592]},"K3o":{"weight":0.0,"played":[1.0,0.0],"evs":[0.0,-0.97581]},"A3o":{"weight":0.0,"played":[0.4238,0.5762],"evs":[0.0,0.01518]},"42s":{"weight":0.0,"played":[0.0296,0.9704],"evs":[0.0,0.81605]},"43s":{"weight":0.0,"played":[0.0696,0.9304],"evs":[0.0,1.82538]},"44":{"weight":0.9977,"played":[0.0053,0.9947],"evs":[0.0,3.35571]},"54o":{"weight":0.0,"played":[0.8905,0.1095],"evs":[0.0,-0.08085]},"64o":{"weight":0.0,"played":[0.9681,0.0319],"evs":[0.0,-0.50702]},"74o":{"weight":0.0,"played":[0.5835,0.4165],"evs":[0.0,-0.15684]},"84o":{"weight":0.0,"played":[0.9999,1.0E-4],"evs":[0.0,-1.22051]},"94o":{"weight":0.0,"played":[0.9996,4.0E-4],"evs":[0.0,-1.83876]},"T4o":{"weight":0.0,"played":[0.9964,0.0036],"evs":[0.0,-1.8902]},"J4o":{"weight":0.0,"played":[0.9998,2.0E-4],"evs":[0.0,-2.29488]},"Q4o":{"weight":0.0,"played":[0.9994,6.0E-4],"evs":[0.0,-1.58354]},"K4o":{"weight":0.0,"played":[0.7365,0.2635],"evs":[0.0,-0.90505]},"A4o":{"weight":0.0,"played":[0.4122,0.5878],"evs":[0.0,-0.27998]},"52s":{"weight":0.0,"played":[5.0E-4,0.9995],"evs":[0.0,2.00584]},"53s":{"weight":0.0,"played":[0.0695,0.9305],"evs":[0.0,1.19627]},"54s":{"weight":0.0,"played":[0.0671,0.9329],"evs":[0.0,2.12249]},"55":{"weight":0.8324,"played":[0.0029,0.9971],"evs":[0.0,3.31358]},"65o":{"weight":0.0,"played":[0.0351,0.9649],"evs":[0.0,0.22646]},"75o":{"weight":0.0,"played":[0.5963,0.4037],"evs":[0.0,-0.09143]},"85o":{"weight":0.0,"played":[0.5446,0.4554],"evs":[0.0,-0.432]},"95o":{"weight":0.0,"played":[0.9852,0.0148],"evs":[0.0,-0.54126]},"T5o":{"weight":0.0,"played":[0.9965,0.0035],"evs":[0.0,-1.7478]},"J5o":{"weight":0.0,"played":[0.9653,0.0347],"evs":[0.0,-0.80432]},"Q5o":{"weight":0.0,"played":[0.9712,0.0288],"evs":[0.0,-1.00411]},"K5o":{"weight":0.0,"played":[0.5202,0.4798],"evs":[0.0,-0.16339]},"A5o":{"weight":0.0,"played":[0.0105,0.9895],"evs":[0.0,1.06787]},"62s":{"weight":0.0,"played":[0.5267,0.4733],"evs":[0.0,0.20999]},"63s":{"weight":0.0,"played":[0.0995,0.9005],"evs":[0.0,1.00266]},"64s":{"weight":0.0,"played":[0.0044,0.9956],"evs":[0.0,2.57832]},"65s":{"weight":0.0612,"played":[0.049,0.951],"evs":[0.0,1.64018]},"66":{"weight":0.0,"played":[0.0,1.0],"evs":[0.0,5.66266]},"76o":{"weight":0.0,"played":[0.1005,0.8995],"evs":[0.0,1.69357]},"86o":{"weight":0.0,"played":[0.6319,0.3681],"evs":[0.0,-0.40673]},"96o":{"weight":0.0,"played":[0.9464,0.0536],"evs":[0.0,-0.63509]},"T6o":{"weight":0.0,"played":[0.6564,0.3436],"evs":[0.0,-0.28039]},"J6o":{"weight":0.0,"played":[1.0,0.0],"evs":[0.0,-1.7565]},"Q6o":{"weight":0.0,"played":[0.9202,0.0798],"evs":[0.0,-0.9855]},"K6o":{"weight":0.0,"played":[0.4515,0.5485],"evs":[0.0,-0.07862]},"A6o":{"weight":0.0,"played":[8.0E-4,0.9992],"evs":[0.0,0.64069]},"72s":{"weight":0.0,"played":[0.9967,0.0033],"evs":[0.0,-1.16353]},"73s":{"weight":0.0,"played":[0.0556,0.9444],"evs":[0.0,0.27839]},"74s":{"weight":0.0,"played":[0.1947,0.8053],"evs":[0.0,1.88848]},"75s":{"weight":0.0,"played":[0.0813,0.9187],"evs":[0.0,2.33659]},"76s":{"weight":0.0078,"played":[0.017,0.983],"evs":[0.0,3.99947]},"77":{"weight":0.0,"played":[1.0E-4,0.9999],"evs":[0.0,3.91267]},"87o":{"weight":0.0,"played":[0.0173,0.9827],"evs":[0.0,0.70779]},"97o":{"weight":0.0,"played":[0.2106,0.7894],"evs":[0.0,0.48344]},"T7o":{"weight":0.0,"played":[0.5997,0.4003],"evs":[0.0,-0.76755]},"J7o":{"weight":0.0,"played":[0.2472,0.7528],"evs":[0.0,0.1327]},"Q7o":{"weight":0.0,"played":[0.5943,0.4057],"evs":[0.0,-0.12467]},"K7o":{"weight":0.0,"played":[0.0202,0.9798],"evs":[0.0,0.14727]},"A7o":{"weight":0.0,"played":[0.002,0.998],"evs":[0.0,0.83003]},"82s":{"weight":0.0,"played":[0.8239,0.1761],"evs":[0.0,0.12092]},"83s":{"weight":0.0,"played":[0.7491,0.2509],"evs":[0.0,-0.6506]},"84s":{"weight":0.0,"played":[0.4875,0.5125],"evs":[0.0,-0.02846]},"85s":{"weight":0.0,"played":[0.0083,0.9917],"evs":[0.0,1.18066]},"86s":{"weight":0.0,"played":[8.0E-4,0.9992],"evs":[0.0,3.18531]},"87s":{"weight":0.0172,"played":[0.0017,0.9983],"evs":[0.0,2.42716]},"88":{"weight":0.0,"played":[0.0,1.0],"evs":[0.0,5.72557]},"98o":{"weight":0.0,"played":[0.1491,0.8509],"evs":[0.0,1.01229]},"T8o":{"weight":0.0,"played":[0.6107,0.3893],"evs":[0.0,-0.01167]},"J8o":{"weight":0.0,"played":[0.0167,0.9833],"evs":[0.0,0.65799]},"Q8o":{"weight":0.0,"played":[0.3294,0.6706],"evs":[0.0,0.47313]},"K8o":{"weight":0.0,"played":[0.3518,0.6482],"evs":[0.0,0.33478]},"A8o":{"weight":0.0,"played":[5.0E-4,0.9995],"evs":[0.0,0.84783]},"92s":{"weight":0.0,"played":[0.8852,0.1148],"evs":[0.0,-1.60218]},"93s":{"weight":0.0,"played":[0.7401,0.2599],"evs":[0.0,-0.14437]},"94s":{"weight":0.0,"played":[0.5959,0.4041],"evs":[0.0,-0.53802]},"95s":{"weight":0.0,"played":[0.0142,0.9858],"evs":[0.0,0.6863]},"96s":{"weight":0.0,"played":[7.0E-4,0.9993],"evs":[0.0,0.75248]},"97s":{"weight":0.0,"played":[0.0491,0.9509],"evs":[0.0,3.16977]},"98s":{"weight":0.7278,"played":[3.0E-4,0.9997],"evs":[0.0,0.70597]},"99":{"weight":0.0,"played":[1.0E-4,0.9999],"evs":[0.0,7.02374]},"T9o":{"weight":0.0,"played":[0.0925,0.9075],"evs":[0.0,1.08368]},"J9o":{"weight":0.0,"played":[0.5999,0.4001],"evs":[0.0,0.10608]},"Q9o":{"weight":0.0,"played":[0.9596,0.0404],"evs":[0.0,-0.19676]},"K9o":{"weight":0.0,"played":[0.0919,0.9081],"evs":[0.0,0.39191]},"A9o":{"weight":0.0,"played":[1.0E-4,0.9999],"evs":[0.0,2.11119]},"T2s":{"weight":0.0,"played":[0.3836,0.6164],"evs":[0.0,0.1824]},"T3s":{"weight":0.0,"played":[0.9216,0.0784],"evs":[0.0,-1.12264]},"T4s":{"weight":0.0,"played":[0.6704,0.3296],"evs":[0.0,-0.47495]},"T5s":{"weight":0.0,"played":[0.4731,0.5269],"evs":[0.0,2.10097]},"T6s":{"weight":0.0,"played":[0.0032,0.9968],"evs":[0.0,0.44195]},"T7s":{"weight":0.0,"played":[0.0018,0.9982],"evs":[0.0,1.18994]},"T8s":{"weight":0.003,"played":[8.0E-4,0.9992],"evs":[0.0,1.52649]},"T9s":{"weight":0.5444,"played":[1.0E-4,0.9999],"evs":[0.0,1.56228]},"TT":{"weight":0.0,"played":[7.0E-4,0.9993],"evs":[0.0,9.00935]},"JTo":{"weight":0.0,"played":[0.0825,0.9175],"evs":[0.0,1.18521]},"QTo":{"weight":0.0,"played":[0.1354,0.8646],"evs":[0.0,1.55501]},"KTo":{"weight":0.0,"played":[0.0047,0.9953],"evs":[0.0,1.21086]},"ATo":{"weight":8.0E-4,"played":[0.0,1.0],"evs":[0.0,2.7035]},"J2s":{"weight":0.0,"played":[0.6452,0.3548],"evs":[0.0,0.46087]},"J3s":{"weight":0.0,"played":[0.8407,0.1593],"evs":[0.0,-1.11638]},"J4s":{"weight":0.0,"played":[0.5414,0.4586],"evs":[0.0,0.21741]},"J5s":{"weight":0.0,"played":[0.4358,0.5642],"evs":[0.0,-0.34835]},"J6s":{"weight":0.0,"played":[0.7257,0.2743],"evs":[0.0,-0.38549]},"J7s":{"weight":0.0,"played":[4.0E-4,0.9996],"evs":[0.0,0.90769]},"J8s":{"weight":0.0,"played":[0.0018,0.9982],"evs":[0.0,1.45587]},"J9s":{"weight":0.0,"played":[0.022,0.978],"evs":[0.0,2.08727]},"JTs":{"weight":0.9991,"played":[0.0031,0.9969],"evs":[0.0,1.45725]},"JJ":{"weight":0.0,"played":[0.0,1.0],"evs":[0.0,10.62409]},"QJo":{"weight":0.0,"played":[0.0355,0.9645],"evs":[0.0,1.16927]},"KJo":{"weight":0.0747,"played":[1.0E-4,0.9999],"evs":[0.0,1.95932]},"AJo":{"weight":1.0E-4,"played":[6.0E-4,0.9994],"evs":[0.0,3.98552]},"Q2s":{"weight":0.0,"played":[0.9306,0.0694],"evs":[0.0,-1.26011]},"Q3s":{"weight":0.0,"played":[0.6215,0.3785],"evs":[0.0,-0.10135]},"Q4s":{"weight":0.0,"played":[0.3995,0.6005],"evs":[0.0,0.15975]},"Q5s":{"weight":0.0,"played":[0.0795,0.9205],"evs":[0.0,1.53173]},"Q6s":{"weight":0.0,"played":[0.5187,0.4813],"evs":[0.0,0.23726]},"Q7s":{"weight":0.0,"played":[0.1889,0.8111],"evs":[0.0,-0.03859]},"Q8s":{"weight":0.0,"played":[0.237,0.763],"evs":[0.0,1.14068]},"Q9s":{"weight":0.0791,"played":[0.0051,0.9949],"evs":[0.0,1.60443]},"QTs":{"weight":0.9998,"played":[4.0E-4,0.9996],"evs":[0.0,3.03586]},"QJs":{"weight":0.9998,"played":[0.0033,0.9967],"evs":[0.0,2.33094]},"QQ":{"weight":0.0,"played":[0.0,1.0],"evs":[0.0,10.02126]},"KQo":{"weight":0.8922,"played":[2.0E-4,0.9998],"evs":[0.0,2.59272]},"AQo":{"weight":0.0,"played":[5.0E-4,0.9995],"evs":[0.0,5.63419]},"K2s":{"weight":0.0,"played":[0.1383,0.8617],"evs":[0.0,0.68457]},"K3s":{"weight":0.0,"played":[0.3146,0.6854],"evs":[0.0,0.27633]},"K4s":{"weight":0.0,"played":[0.0069,0.9931],"evs":[0.0,3.0222]},"K5s":{"weight":0.0,"played":[0.0039,0.9961],"evs":[0.0,2.19652]},"K6s":{"weight":0.0,"played":[0.0296,0.9704],"evs":[0.0,2.17516]},"K7s":{"weight":0.0,"played":[0.1242,0.8758],"evs":[0.0,2.59037]},"K8s":{"weight":0.0,"played":[0.0192,0.9808],"evs":[0.0,1.22009]},"K9s":{"weight":0.4309,"played":[0.0242,0.9758],"evs":[0.0,2.79145]},"KTs":{"weight":0.9998,"played":[0.0078,0.9922],"evs":[0.0,2.19234]},"KJs":{"weight":0.9998,"played":[2.0E-4,0.9998],"evs":[0.0,3.63893]},"KQs":{"weight":0.0189,"played":[0.0,1.0],"evs":[0.0,3.62032]},"KK":{"weight":2.0E-4,"played":[0.0,1.0],"evs":[0.0,14.60977]},"AKo":{"weight":0.0,"played":[0.0,1.0],"evs":[0.0,6.54176]},"A2s":{"weight":0.0,"played":[0.0114,0.9886],"evs":[0.0,2.32693]},"A3s":{"weight":8.0E-4,"played":[0.0679,0.9321],"evs":[0.0,2.25946]},"A4s":{"weight":0.2417,"played":[0.0284,0.9716],"evs":[0.0,3.79277]},"A5s":{"weight":0.9228,"played":[0.004,0.996],"evs":[0.0,2.84325]},"A6s":{"weight":0.5179,"played":[1.0E-4,0.9999],"evs":[0.0,1.12154]},"A7s":{"weight":0.0553,"played":[0.0059,0.9941],"evs":[0.0,1.19441]},"A8s":{"weight":0.0137,"played":[0.0013,0.9987],"evs":[0.0,3.65723]},"A9s":{"weight":0.0267,"played":[1.0E-4,0.9999],"evs":[0.0,4.64718]},"ATs":{"weight":0.001,"played":[0.0017,0.9983],"evs":[0.0,4.15135]},"AJs":{"weight":0.0,"played":[4.0E-4,0.9996],"evs":[0.0,6.96589]},"AQs":{"weight":0.0,"played":[0.0,1.0],"evs":[0.0,9.09529]},"AKs":{"weight":0.0,"played":[8.0E-4,0.9992],"evs":[0.0,8.16898]},"AA":{"weight":4.0E-4,"played":[0.0,1.0],"evs":[0.0,19.74955]}}}