{"player":3,"street":0,"children":2,"sequence":[{"player":0,"type":"R","amount":200000,"street":0},{"player":1,"type":"F","amount":0,"street":0},{"player":2,"type":"C","amount":200000,"street":0},{"player":3,"type":"C","amount":200000,"street":0},{"player":4,"type":"R","amount":715000,"street":0},{"player":5,"type":"R","amount":815000,"street":0},{"player":0,"type":"C","amount":615000,"street":0},{"player":2,"type":"R","amount":2185000,"street":0}],"actions":[{"type":"F","amount":0,"node":318},{"type":"C","amount":1015000,"node":319}],"hands":{"22":{"weight":0.0,"played":[0.0047,0.9953],"evs":[0.0,1.33315]},"32o":{"weight":0.0,"played":[1.0,0.0],"evs":[0.0,-2.43573]},"42o":{"weight":0.0,"played":[0.9998,2.0E-4],"evs":[0.0,-2.15651]},"52o":{"weight":0.0,"played":[0.9999,1.0E-4],"evs":[0.0,-1.70151]},"62o":{"weight":0.0,"played":[0.9977,0.0023],"evs":[0.0,-2.64105]},"72o":{"weight":0.0,"played":[0.9999,1.0E-4],"evs":[0.0,-2.59966]},"82o":{"weight":0.0,"played":[0.9999,1.0E-4],"evs":[0.0,-3.0169]},"92o":{"weight":0.0,"played":[0.9999,1.0E-4],"evs":[0.0,-2.61543]},"T2o":{"weight":0.0,"played":[1.0,0.0],"evs":[0.0,-2.83272]},"J2o":{"weight":0.0,"played":[1.0,0.0],"evs":[0.0,-2.88476]},"Q2o":{"weight":0.0,"played":[0.9998,2.0E-4],"evs":[0.0,-2.82155]},"K2o":{"weight":0.0,"played":[0.9997,3.0E-4],"evs":[0.0,-2.06088]},"A2o":{"weight":0.0,"played":[0.9999,1.0E-4],"evs":[0.0,-2.86082]},"32s":{"weight":0.0,"played":[0.9582,0.0418],"evs":[0.0,-1.05268]},"33":{"weight":0.0,"played":[7.0E-4,0.9993],"evs":[0.0,1.48343]},"43o":{"weight":0.0,"played":[0.9993,7.0E-4],"evs":[0.0,-1.66626]},"53o":{"weight":0.0,"played":[0.9976,0.0024],"evs":[0.0,-1.48158]},"63o":{"weight":0.0,"played":[0.9999,1.0E-4],"evs":[0.0,-1.738]},"73o":{"weight":0.0,"played":[0.9999,1.0E-4],"evs":[0.0,-2.31254]},"83o":{"weight":0.0,"played":[0.9995,5.0E-4],"evs":[0.0,-2.91931]},"93o":{"weight":0.0,"played":[1.0,0.0],"evs":[0.0,-2.36564]},"T3o":{"weight":0.0,"played":[1.0,0.0],"evs":[0.0,-2.65941]},"J3o":{"weight":0.0,"played":[0.9998,2.0E-4],"evs":[0.0,-3.06748]},"Q3o":{"weight":0.0,"played":[0.9999,1.0E-4],"evs":[0.0,-2.45535]},"K3o":{"weight":0.0,"played":[1.0,0.0],"evs":[0.0,-1.44659]},"A3o":{"weight":0.0,"played":[0.9986,0.0014],"evs":[0.0,-2.7656]},"42s":{"weight":0.0,"played":[0.5108,0.4892],"evs":[0.0,0.11117]},"43s":{"weight":0.0,"played":[0.8463,0.1537],"evs":[0.0,0.02914]},"44":{"weight":0.9977,"played":[0.0017,0.9983],"evs":[0.0,1.65451]},"54o":{"weight":0.0,"played":[0.8348,0.1652],"evs":[0.0,-0.74589]},"64o":{"weight":0.0,"played":[0.994,0.006],"evs":[0.0,-0.80977]},"74o":{"weight":0.0,"played":[0.9997,3.0E-4],"evs":[0.0,-1.68974]},"84o":{"weight":0.0,"played":[1.0,0.0],"evs":[0.0,-2.17523]},"94o":{"weight":0.0,"played":[1.0,0.0],"evs":[0.0,-2.97437]},"T4o":{"weight":0.0,"played":[1.0,0.0],"evs":[0.0,-2.10413]},"J4o":{"weight":0.0,"played":[0.9999,1.0E-4],"evs":[0.0,-2.47891]},"Q4o":{"weight":0.0,"played":[1.0,0.0],"evs":[0.0,-2.68777]},"K4o":{"weight":0.0,"played":[0.9984,0.0016],"evs":[0.0,-1.65168]},"A4o":{"weight":0.0,"played":[0.9998,2.0E-4],"evs":[0.0,-1.69036]},"52s":{"weight":0.0,"played":[0.2515,0.7485],"evs":[0.0,0.65001]},"53s":{"weight":0.0,"played":[0.6207,0.3793],"evs":[0.0,0.41091]},"54s":{"weight":0.0,"played":[1.0E-4,0.9999],"evs":[0.0,0.9047]},"55":{"weight":0.8324,"played":[0.0,1.0],"evs":[0.0,2.39413]},"65o":{"weight":0.0,"played":[0.9569,0.0431],"evs":[0.0,-0.13903]},"75o":{"weight":0.0,"played":[0.8945,0.1055],"evs":[0.0,-0.22139]},"85o":{"weight":0.0,"played":[0.9998,2.0E-4],"evs":[0.0,-1.39122]},"95o":{"weight":0.0,"played":[0.9999,1.0E-4],"evs":[0.0,-1.89265]},"T5o":{"weight":0.0,"played":[0.9999,1.0E-4],"evs":[0.0,-2.39043]},"J5o":{"weight":0.0,"played":[0.9991,9.0E-4],"evs":[0.0,-2.57084]},"Q5o":{"weight":0.0,"played":[0.9939,0.0061],"evs":[0.0,-1.61947]},"K5o":{"weight":0.0,"played":[0.9888,0.0112],"evs":[0.0,-1.13343]},"A5o":{"weight":0.0,"played":[0.9612,0.0388],"evs":[0.0,-1.40337]},"62s":{"weight":0.0,"played":[0.4657,0.5343],"evs":[0.0,0.24653]},"63s":{"weight":0.0,"played":[0.4049,0.5951],"evs":[0.0,-0.15047]},"64s":{"weight":0.0,"played":[7.0E-4,0.9993],"evs":[0.0,1.00097]},"65s":{"weight":0.0612,"played":[0.0018,0.9982],"evs":[0.0,2.16075]},"66":{"weight":0.0,"played":[6.0E-4,0.9994],"evs":[0.0,4.47582]},"76o":{"weight":0.0,"played":[0.0947,0.9053],"evs":[0.0,0.15883]},"86o":{"weight":0.0,"played":[0.9985,0.0015],"evs":[0.0,-0.41821]},"96o":{"weight":0.0,"played":[0.9998,2.0E-4],"evs":[0.0,-1.06788]},"T6o":{"weight":0.0,"played":[0.9958,0.0042],"evs":[0.0,-1.39989]},"J6o":{"weight":0.0,"played":[0.9925,0.0075],"evs":[0.0,-2.45581]},"Q6o":{"weight":0.0,"played":[0.9964,0.0036],"evs":[0.0,-1.53921]},"K6o":{"weight":0.0,"played":[0.9996,4.0E-4],"evs":[0.0,-1.30527]},"A6o":{"weight":0.0,"played":[0.9993,7.0E-4],"evs":[0.0,-1.87664]},"72s":{"weight":0.0,"played":[0.9606,0.0394],"evs":[0.0,-0.66173]},"73s":{"weight":0.0,"played":[0.991,0.009],"evs":[0.0,-0.44675]},"74s":{"weight":0.0,"played":[0.0073,0.9927],"evs":[0.0,1.13098]},"75s":{"weight":0.0,"played":[0.313,0.687],"evs":[0.0,0.09123]},"76s":{"weight":0.0078,"played":[0.0022,0.9978],"evs":[0.0,2.33662]},"77":{"weight":0.0,"played":[0.0,1.0],"evs":[0.0,4.30429]},"87o":{"weight":0.0,"played":[0.4029,0.5971],"evs":[0.0,0.44577]},"97o":{"weight":0.0,"played":[0.6018,0.3982],"evs":[0.0,-0.79149]},"T7o":{"weight":0.0,"played":[0.8077,0.1923],"evs":[0.0,-0.97881]},"J7o":{"weight":0.0,"played":[0.9999,1.0E-4],"evs":[0.0,-1.6369]},"Q7o":{"weight":0.0,"played":[0.9981,0.0019],"evs":[0.0,-1.43783]},"K7o":{"weight":0.0,"played":[1.0,0.0],"evs":[0.0,-1.47155]},"A7o":{"weight":0.0,"played":[0.9997,3.0E-4],"evs":[0.0,-1.98402]},"82s":{"weight":0.0,"played":[0.9944,0.0056],"evs":[0.0,-1.31929]},"83s":{"weight":0.0,"played":[0.7221,0.2779],"evs":[0.0,-0.71983]},"84s":{"weight":0.0,"played":[0.3224,0.6776],"evs":[0.0,0.01358]},"85s":{"weight":0.0,"played":[0.0273,0.9727],"evs":[0.0,0.83208]},"86s":{"weight":0.0,"played":[0.0029,0.9971],"evs":[0.0,0.47362]},"87s":{"weight":0.0172,"played":[4.0E-4,0.9996],"evs":[0.0,1.01159]},"88":{"weight":0.0,"played":[4.0E-4,0.9996],"evs":[0.0,5.21647]},"98o":{"weight":0.0,"played":[0.6228,0.3772],"evs":[0.0,-0.19927]},"T8o":{"weight":0.0,"played":[0.2562,0.7438],"evs":[0.0,0.09249]},"J8o":{"weight":0.0,"played":[0.958,0.042],"evs":[0.0,-1.43308]},"Q8o":{"weight":0.0,"played":[0.999,0.001],"evs":[0.0,-0.9749]},"K8o":{"weight":0.0,"played":[0.9961,0.0039],"evs":[0.0,-0.46041]},"A8o":{"weight":0.0,"played":[0.9953,0.0047],"evs":[0.0,-1.39805]},"92s":{"weight":0.0,"played":[0.5632,0.4368],"evs":[0.0,-0.22838]},"93s":{"weight":0.0,"played":[0.9456,0.0544],"evs":[0.0,-0.17408]},"94s":{"weight":0.0,"played":[0.9511,0.0489],"evs":[0.0,-0.7159]},"95s":{"weight":0.0,"played":[0.1219,0.8781],"evs":[0.0,0.61798]},"96s":{"weight":0.0,"played":[0.5516,0.4484],"evs":[0.0,-0.05676]},"97s":{"weight":0.0,"played":[0.0532,0.9468],"evs":[0.0,1.99566]},"98s":{"weight":0.7278,"played":[0.0148,0.9852],"evs":[0.0,1.18916]},"99":{"weight":0.0,"played":[0.0,1.0],"evs":[0.0,7.19659]},"T9o":{"weight":0.0,"played":[0.1271,0.8729],"evs":[0.0,0.24028]},"J9o":{"weight":0.0,"played":[0.4739,0.5261],"evs":[0.0,-0.0541]},"Q9o":{"weight":0.0,"played":[0.7261,0.2739],"evs":[0.0,-0.31549]},"K9o":{"weight":0.0,"played":[0.7392,0.2608],"evs":[0.0,-0.33645]},"A9o":{"weight":0.0,"played":[0.9853,0.0147],"evs":[0.0,-1.03545]},"T2s":{"weight":0.0,"played":[0.8715,0.1285],"evs":[0.0,-0.72844]},"T3s":{"weight":0.0,"played":[0.8993,0.1007],"evs":[0.0,-1.60126]},"T4s":{"weight":0.0,"played":[0.4864,0.5136],"evs":[0.0,0.03973]},"T5s":{"weight":0.0,"played":[0.5898,0.4102],"evs":[0.0,-0.11239]},"T6s":{"weight":0.0,"played":[0.728,0.272],"evs":[0.0,-0.34337]},"T7s":{"weight":0.0,"played":[0.0213,0.9787],"evs":[0.0,1.31882]},"T8s":{"weight":0.003,"played":[0.0011,0.9989],"evs":[0.0,0.25392]},"T9s":{"weight":0.5444,"played":[0.0,1.0],"evs":[0.0,2.34534]},"TT":{"weight":0.0,"played":[0.0,1.0],"evs":[0.0,6.87044]},"JTo":{"weight":0.0,"played":[0.0284,0.9716],"evs":[0.0,0.96863]},"QTo":{"weight":0.0,"played":[0.0053,0.9947],"evs":[0.0,0.70168]},"KTo":{"weight":0.0,"played":[0.0012,0.9988],"evs":[0.0,0.56354]},"ATo":{"weight":8.0E-4,"played":[0.1693,0.8307],"evs":[0.0,0.36787]},"J2s":{"weight":0.0,"played":[0.7026,0.2974],"evs":[0.0,-0.66266]},"J3s":{"weight":0.0,"played":[0.8889,0.1111],"evs":[0.0,-0.23435]},"J4s":{"weight":0.0,"played":[0.5874,0.4126],"evs":[0.0,0.02571]},"J5s":{"weight":0.0,"played":[0.9041,0.0959],"evs":[0.0,-1.50497]},"J6s":{"weight":0.0,"played":[0.7119,0.2881],"evs":[0.0,-0.641]},"J7s":{"weight":0.0,"played":[0.3307,0.6693],"evs":[0.0,-0.23506]},"J8s":{"weight":0.0,"played":[0.0137,0.9863],"evs":[0.0,1.38348]},"J9s":{"weight":0.0,"played":[0.0334,0.9666],"evs":[0.0,1.96308]},"JTs":{"weight":0.9991,"played":[0.0,1.0],"evs":[0.0,2.37114]},"JJ":{"weight":0.0,"played":[0.0,1.0],"evs":[0.0,9.59267]},"QJo":{"weight":0.0,"played":[0.1524,0.8476],"evs":[0.0,0.0033]},"KJo":{"weight":0.0747,"played":[0.0,1.0],"evs":[0.0,0.8632]},"AJo":{"weight":1.0E-4,"played":[2.0E-4,0.9998],"evs":[0.0,1.56689]},"Q2s":{"weight":0.0,"played":[0.9239,0.0761],"evs":[0.0,-1.82162]},"Q3s":{"weight":0.0,"played":[0.9209,0.0791],"evs":[0.0,-1.17704]},"Q4s":{"weight":0.0,"played":[0.0124,0.9876],"evs":[0.0,1.17406]},"Q5s":{"weight":0.0,"played":[0.373,0.627],"evs":[0.0,0.70629]},"Q6s":{"weight":0.0,"played":[0.4938,0.5062],"evs":[0.0,0.45568]},"Q7s":{"weight":0.0,"played":[0.2848,0.7152],"evs":[0.0,0.4089]},"Q8s":{"weight":0.0,"played":[0.0542,0.9458],"evs":[0.0,0.40064]},"Q9s":{"weight":0.0791,"played":[6.0E-4,0.9994],"evs":[0.0,2.04746]},"QTs":{"weight":0.9998,"played":[0.0,1.0],"evs":[0.0,2.5419]},"QJs":{"weight":0.9998,"played":[0.0017,0.9983],"evs":[0.0,2.07502]},"QQ":{"weight":0.0,"played":[0.0,1.0],"evs":[0.0,12.30404]},"KQo":{"weight":0.8922,"played":[2.0E-4,0.9998],"evs":[0.0,2.1836]},"AQo":{"weight":0.0,"played":[7.0E-4,0.9993],"evs":[0.0,3.23334]},"K2s":{"weight":0.0,"played":[0.6061,0.3939],"evs":[0.0,-0.95204]},"K3s":{"weight":0.0,"played":[0.5461,0.4539],"evs":[0.0,0.22121]},"K4s":{"weight":0.0,"played":[0.0859,0.9141],"evs":[0.0,0.65788]},"K5s":{"weight":0.0,"played":[0.9024,0.0976],"evs":[0.0,0.11518]},"K6s":{"weight":0.0,"played":[0.3121,0.6879],"evs":[0.0,0.27154]},"K7s":{"weight":0.0,"played":[0.0118,0.9882],"evs":[0.0,1.33305]},"K8s":{"weight":0.0,"played":[0.0142,0.9858],"evs":[0.0,3.09694]},"K9s":{"weight":0.4309,"played":[0.0243,0.9757],"evs":[0.0,0.95927]},"KTs":{"weight":0.9998,"played":[4.0E-4,0.9996],"evs":[0.0,2.667]},"KJs":{"weight":0.9998,"played":[0.0,1.0],"evs":[0.0,3.39576]},"KQs":{"weight":0.0189,"played":[0.0014,0.9986],"evs":[0.0,4.72978]},"KK":{"weight":2.0E-4,"played":[0.0,1.0],"evs":[0.0,16.55995]},"AKo":{"weight":0.0,"played":[0.0,1.0],"evs":[0.0,5.20747]},"A2s":{"weight":0.0,"played":[0.9349,0.0651],"evs":[0.0,-1.29695]},"A3s":{"weight":8.0E-4,"played":[0.0316,0.9684],"evs":[0.0,-0.02734]},"A4s":{"weight":0.2417,"played":[0.0983,0.9017],"evs":[0.0,0.54053]},"A5s":{"weight":0.9228,"played":[0.443,0.557],"evs":[0.0,0.26421]},"A6s":{"weight":0.5179,"played":[0.5073,0.4927],"evs":[0.0,-0.46173]},"A7s":{"weight":0.0553,"played":[0.0398,0.9602],"evs":[0.0,0.4297]},"A8s":{"weight":0.0137,"played":[0.0113,0.9887],"evs":[0.0,1.28747]},"A9s":{"weight":0.0267,"played":[0.0076,0.9924],"evs":[0.0,1.77536]},"ATs":{"weight":0.001,"played":[0.0182,0.9818],"evs":[0.0,3.46363]},"AJs":{"weight":0.0,"played":[3.0E-4,0.9997],"evs":[0.0,4.33313]},"AQs":{"weight":0.0,"played":[0.0,1.0],"evs":[0.0,3.74275]},"AKs":{"weight":0.0,"played":[0.0,1.0],"evs":[0.0,6.63922]},"AA":{"weight":4.0E-4,"played":[0.0,1.0],"evs":[0.0,21.135]}}}