{"player":0,"street":0,"children":2,"sequence":[{"player":0,"type":"R","amount":200000,"street":0},{"player":1,"type":"F","amount":0,"street":0},{"player":2,"type":"C","amount":200000,"street":0},{"player":3,"type":"C","amount":200000,"street":0},{"player":4,"type":"R","amount":715000,"street":0},{"player":5,"type":"R","amount":815000,"street":0},{"player":0,"type":"C","amount":615000,"street":0},{"player":2,"type":"R","amount":2185000,"street":0},{"player":3,"type":"C","amount":1015000,"street":0}],"actions":[{"type":"F","amount":0},{"type":"C","amount":1370000}],"hands":{"22":{"weight":0.0,"played":[0.0047,0.9953],"evs":[0.0,7.24382]},"32o":{"weight":0.0,"played":[0.01,0.99],"evs":[0.0,0.80127]},"42o":{"weight":0.0,"played":[0.1384,0.8616],"evs":[0.0,0.29754]},"52o":{"weight":0.0,"played":[0.0365,0.9635],"evs":[0.0,2.12547]},"62o":{"weight":0.0,"played":[0.0028,0.9972],"evs":[0.0,1.73163]},"72o":{"weight":0.0,"played":[0.1939,0.8061],"evs":[0.0,0.71733]},"82o":{"weight":0.0,"played":[0.1403,0.8597],"evs":[0.0,0.71293]},"92o":{"weight":0.0,"played":[0.2316,0.7684],"evs":[0.0,0.49438]},"T2o":{"weight":0.0,"played":[0.1877,0.8123],"evs":[0.0,0.99239]},"J2o":{"weight":0.0,"played":[0.4814,0.5186],"evs":[0.0,0.44469]},"Q2o":{"weight":0.0,"played":[0.027,0.973],"evs":[0.0,0.72818]},"K2o":{"weight":0.0,"played":[0.0534,0.9466],"evs":[0.0,0.85444]},"A2o":{"weight":0.0,"played":[0.0068,0.9932],"evs":[0.0,4.82368]},"32s":{"weight":0.0,"played":[4.0E-4,0.9996],"evs":[0.0,3.06094]},"33":{"weight":0.1614,"played":[0.0,1.0],"evs":[0.0,6.24274]},"43o":{"weight":0.0,"played":[0.003,0.997],"evs":[0.0,1.38338]},"53o":{"weight":0.0,"played":[0.0161,0.9839],"evs":[0.0,1.28699]},"63o":{"weight":0.0,"played":[8.0E-4,0.9992],"evs":[0.0,2.1384]},"73o":{"weight":0.0,"played":[0.5607,0.4393],"evs":[0.0,0.86041]},"83o":{"weight":0.0,"played":[0.7314,0.2686],"evs":[0.0,0.22764]},"93o":{"weight":0.0,"played":[0.9426,0.0574],"evs":[0.0,-1.48005]},"T3o":{"weight":0.0,"played":[0.5258,0.4742],"evs":[0.0,-0.0762]},"J3o":{"weight":0.0,"played":[0.8418,0.1582],"evs":[0.0,-0.15797]},"Q3o":{"weight":0.0,"played":[0.1953,0.8047],"evs":[0.0,1.14314]},"K3o":{"weight":0.0,"played":[0.0083,0.9917],"evs":[0.0,1.28124]},"A3o":{"weight":0.0,"played":[0.0402,0.9598],"evs":[0.0,3.18767]},"42s":{"weight":0.0,"played":[0.0032,0.9968],"evs":[0.0,4.53112]},"43s":{"weight":0.0,"played":[2.0E-4,0.9998],"evs":[0.0,2.28517]},"44":{"weight":0.5035,"played":[1.0E-4,0.9999],"evs":[0.0,7.91497]},"54o":{"weight":0.0,"played":[0.0043,0.9957],"evs":[0.0,2.15914]},"64o":{"weight":0.0,"played":[5.0E-4,0.9995],"evs":[0.0,1.74858]},"74o":{"weight":0.0,"played":[0.0571,0.9429],"evs":[0.0,2.76511]},"84o":{"weight":0.0,"played":[0.0036,0.9964],"evs":[0.0,2.71614]},"94o":{"weight":0.0,"played":[0.0043,0.9957],"evs":[0.0,0.56962]},"T4o":{"weight":0.0,"played":[0.0142,0.9858],"evs":[0.0,0.46875]},"J4o":{"weight":0.0,"played":[0.0364,0.9636],"evs":[0.0,0.50547]},"Q4o":{"weight":0.0,"played":[1.0E-4,0.9999],"evs":[0.0,0.72139]},"K4o":{"weight":0.0,"played":[0.2415,0.7585],"evs":[0.0,0.1992]},"A4o":{"weight":0.0,"played":[2.0E-4,0.9998],"evs":[0.0,4.54497]},"52s":{"weight":0.0,"played":[6.0E-4,0.9994],"evs":[0.0,4.21858]},"53s":{"weight":0.0,"played":[0.0,1.0],"evs":[0.0,5.8654]},"54s":{"weight":0.0,"played":[0.0011,0.9989],"evs":[0.0,4.81475]},"55":{"weight":0.5249,"played":[3.0E-4,0.9997],"evs":[0.0,9.53159]},"65o":{"weight":0.0,"played":[2.0E-4,0.9998],"evs":[0.0,3.29291]},"75o":{"weight":0.0,"played":[0.0011,0.9989],"evs":[0.0,4.0894]},"85o":{"weight":0.0,"played":[6.0E-4,0.9994],"evs":[0.0,2.30601]},"95o":{"weight":0.0,"played":[0.0516,0.9484],"evs":[0.0,1.77355]},"T5o":{"weight":0.0,"played":[0.2326,0.7674],"evs":[0.0,0.68804]},"J5o":{"weight":0.0,"played":[0.0014,0.9986],"evs":[0.0,1.85466]},"Q5o":{"weight":0.0,"played":[0.0051,0.9949],"evs":[0.0,2.57008]},"K5o":{"weight":0.0,"played":[5.0E-4,0.9995],"evs":[0.0,2.52756]},"A5o":{"weight":0.0,"played":[0.0,1.0],"evs":[0.0,6.36328]},"62s":{"weight":0.0,"played":[0.0397,0.9603],"evs":[0.0,2.08846]},"63s":{"weight":0.0,"played":[0.0223,0.9777],"evs":[0.0,5.57463]},"64s":{"weight":0.0,"played":[4.0E-4,0.9996],"evs":[0.0,7.77321]},"65s":{"weight":0.0,"played":[2.0E-4,0.9998],"evs":[0.0,5.90872]},"66":{"weight":0.2674,"played":[0.0,1.0],"evs":[0.0,9.50062]},"76o":{"weight":0.0,"played":[0.0074,0.9926],"evs":[0.0,3.69308]},"86o":{"weight":0.0,"played":[0.0041,0.9959],"evs":[0.0,4.72466]},"96o":{"weight":0.0,"played":[4.0E-4,0.9996],"evs":[0.0,3.60186]},"T6o":{"weight":0.0,"played":[0.0052,0.9948],"evs":[0.0,2.20474]},"J6o":{"weight":0.0,"played":[0.184,0.816],"evs":[0.0,2.52595]},"Q6o":{"weight":0.0,"played":[0.0018,0.9982],"evs":[0.0,2.31164]},"K6o":{"weight":0.0,"played":[0.012,0.988],"evs":[0.0,1.9047]},"A6o":{"weight":0.0,"played":[4.0E-4,0.9996],"evs":[0.0,6.33774]},"72s":{"weight":0.0,"played":[0.0314,0.9686],"evs":[0.0,4.1474]},"73s":{"weight":0.0,"played":[0.0222,0.9778],"evs":[0.0,4.07755]},"74s":{"weight":0.0,"played":[8.0E-4,0.9992],"evs":[0.0,4.62768]},"75s":{"weight":0.0,"played":[0.0059,0.9941],"evs":[0.0,5.8257]},"76s":{"weight":0.0,"played":[0.0174,0.9826],"evs":[0.0,5.42637]},"77":{"weight":0.5004,"played":[0.0,1.0],"evs":[0.0,12.84337]},"87o":{"weight":0.0,"played":[9.0E-4,0.9991],"evs":[0.0,3.93445]},"97o":{"weight":0.0,"played":[0.025,0.975],"evs":[0.0,4.79807]},"T7o":{"weight":0.0,"played":[0.0102,0.9898],"evs":[0.0,3.04974]},"J7o":{"weight":0.0,"played":[1.0E-4,0.9999],"evs":[0.0,1.68402]},"Q7o":{"weight":0.0,"played":[0.1102,0.8898],"evs":[0.0,2.75243]},"K7o":{"weight":0.0,"played":[0.0121,0.9879],"evs":[0.0,3.50533]},"A7o":{"weight":0.3486,"played":[1.0E-4,0.9999],"evs":[0.0,6.70296]},"82s":{"weight":0.0,"played":[0.0039,0.9961],"evs":[0.0,2.78192]},"83s":{"weight":0.0,"played":[0.0883,0.9117],"evs":[0.0,1.87791]},"84s":{"weight":0.0,"played":[0.0059,0.9941],"evs":[0.0,3.45094]},"85s":{"weight":0.0,"played":[0.0109,0.9891],"evs":[0.0,5.66686]},"86s":{"weight":0.0,"played":[1.0E-4,0.9999],"evs":[0.0,6.68709]},"87s":{"weight":0.0,"played":[3.0E-4,0.9997],"evs":[0.0,9.12017]},"88":{"weight":0.4091,"played":[0.0,1.0],"evs":[0.0,15.19263]},"98o":{"weight":0.0,"played":[4.0E-4,0.9996],"evs":[0.0,5.03714]},"T8o":{"weight":0.0,"played":[0.0,1.0],"evs":[0.0,4.18728]},"J8o":{"weight":0.0,"played":[0.0403,0.9597],"evs":[0.0,4.42131]},"Q8o":{"weight":0.0,"played":[0.0,1.0],"evs":[0.0,3.76386]},"K8o":{"weight":0.0,"played":[0.0027,0.9973],"evs":[0.0,3.76919]},"A8o":{"weight":0.6124,"played":[1.0E-4,0.9999],"evs":[0.0,6.96606]},"92s":{"weight":0.0,"played":[0.0011,0.9989],"evs":[0.0,2.77691]},"93s":{"weight":0.0,"played":[0.1587,0.8413],"evs":[0.0,3.84796]},"94s":{"weight":0.0,"played":[0.0101,0.9899],"evs":[0.0,3.0871]},"95s":{"weight":0.0,"played":[0.0114,0.9886],"evs":[0.0,3.98654]},"96s":{"weight":0.0,"played":[0.0058,0.9942],"evs":[0.0,4.49924]},"97s":{"weight":0.0,"played":[0.0,1.0],"evs":[0.0,5.04372]},"98s":{"weight":0.0857,"played":[1.0E-4,0.9999],"evs":[0.0,5.78894]},"99":{"weight":0.0793,"played":[0.0,1.0],"evs":[0.0,14.84286]},"T9o":{"weight":0.0,"played":[0.0,1.0],"evs":[0.0,4.75037]},"J9o":{"weight":0.0,"played":[0.0045,0.9955],"evs":[0.0,4.66214]},"Q9o":{"weight":0.0,"played":[0.0044,0.9956],"evs":[0.0,3.81085]},"K9o":{"weight":0.0,"played":[0.0025,0.9975],"evs":[0.0,5.02827]},"A9o":{"weight":0.0629,"played":[0.0,1.0],"evs":[0.0,7.35772]},"T2s":{"weight":0.0,"played":[0.0342,0.9658],"evs":[0.0,4.16869]},"T3s":{"weight":0.0,"played":[0.0132,0.9868],"evs":[0.0,4.26032]},"T4s":{"weight":0.0,"played":[0.0292,0.9708],"evs":[0.0,2.3543]},"T5s":{"weight":0.0,"played":[0.0093,0.9907],"evs":[0.0,2.94936]},"T6s":{"weight":0.0,"played":[0.0109,0.9891],"evs":[0.0,3.47843]},"T7s":{"weight":0.0,"played":[0.0415,0.9585],"evs":[0.0,7.41235]},"T8s":{"weight":0.0079,"played":[8.0E-4,0.9992],"evs":[0.0,8.00491]},"T9s":{"weight":0.4832,"played":[0.0,1.0],"evs":[0.0,6.88234]},"TT":{"weight":0.3645,"played":[0.0,1.0],"evs":[0.0,17.5529]},"JTo":{"weight":1.0E-4,"played":[0.0032,0.9968],"evs":[0.0,3.30362]},"QTo":{"weight":0.0067,"played":[5.0E-4,0.9995],"evs":[0.0,4.87981]},"KTo":{"weight":0.0672,"played":[0.0,1.0],"evs":[0.0,4.86496]},"ATo":{"weight":0.0226,"played":[0.0,1.0],"evs":[0.0,10.58039]},"J2s":{"weight":0.0,"played":[0.1165,0.8835],"evs":[0.0,3.26798]},"J3s":{"weight":0.0,"played":[0.0242,0.9758],"evs":[0.0,3.62432]},"J4s":{"weight":0.0,"played":[0.0279,0.9721],"evs":[0.0,3.12637]},"J5s":{"weight":0.0,"played":[0.0138,0.9862],"evs":[0.0,2.20748]},"J6s":{"weight":0.0,"played":[0.3139,0.6861],"evs":[0.0,1.6707]},"J7s":{"weight":0.0,"played":[0.0011,0.9989],"evs":[0.0,2.20001]},"J8s":{"weight":0.0,"played":[1.0E-4,0.9999],"evs":[0.0,4.52047]},"J9s":{"weight":0.2087,"played":[4.0E-4,0.9996],"evs":[0.0,8.22828]},"JTs":{"weight":0.0593,"played":[3.0E-4,0.9997],"evs":[0.0,7.88264]},"JJ":{"weight":0.2693,"played":[0.0,1.0],"evs":[0.0,20.77532]},"QJo":{"weight":0.0044,"played":[0.0,1.0],"evs":[0.0,6.04782]},"KJo":{"weight":0.3716,"played":[2.0E-4,0.9998],"evs":[0.0,6.73237]},"AJo":{"weight":0.9604,"played":[0.0,1.0],"evs":[0.0,11.6229]},"Q2s":{"weight":0.0,"played":[5.0E-4,0.9995],"evs":[0.0,1.44938]},"Q3s":{"weight":0.0,"played":[0.0701,0.9299],"evs":[0.0,3.49429]},"Q4s":{"weight":0.0,"played":[0.0266,0.9734],"evs":[0.0,5.12328]},"Q5s":{"weight":0.0,"played":[0.1905,0.8095],"evs":[0.0,2.19774]},"Q6s":{"weight":0.0,"played":[0.0057,0.9943],"evs":[0.0,6.07942]},"Q7s":{"weight":0.0,"played":[3.0E-4,0.9997],"evs":[0.0,3.7261]},"Q8s":{"weight":0.345,"played":[0.0,1.0],"evs":[0.0,8.02542]},"Q9s":{"weight":0.0031,"played":[0.0,1.0],"evs":[0.0,6.57741]},"QTs":{"weight":0.1968,"played":[0.0,1.0],"evs":[0.0,7.21593]},"QJs":{"weight":0.0,"played":[0.0046,0.9954],"evs":[0.0,8.49218]},"QQ":{"weight":0.6002,"played":[0.0,1.0],"evs":[0.0,25.90151]},"KQo":{"weight":0.1367,"played":[0.0,1.0],"evs":[0.0,9.41428]},"AQo":{"weight":0.9405,"played":[0.0,1.0],"evs":[0.0,12.80833]},"K2s":{"weight":0.0,"played":[0.0108,0.9892],"evs":[0.0,3.74937]},"K3s":{"weight":0.0,"played":[7.0E-4,0.9993],"evs":[0.0,3.97498]},"K4s":{"weight":0.0,"played":[0.0125,0.9875],"evs":[0.0,1.0332]},"K5s":{"weight":0.0,"played":[1.0E-4,0.9999],"evs":[0.0,4.81953]},"K6s":{"weight":0.0,"played":[8.0E-4,0.9992],"evs":[0.0,3.7606]},"K7s":{"weight":4.0E-4,"played":[5.0E-4,0.9995],"evs":[0.0,4.01231]},"K8s":{"weight":0.0726,"played":[6.0E-4,0.9994],"evs":[0.0,8.41348]},"K9s":{"weight":0.4064,"played":[7.0E-4,0.9993],"evs":[0.0,8.05762]},"KTs":{"weight":0.0035,"played":[0.0,1.0],"evs":[0.0,6.57937]},"KJs":{"weight":0.9626,"played":[0.0,1.0],"evs":[0.0,10.20123]},"KQs":{"weight":0.7653,"played":[0.0,1.0],"evs":[0.0,12.63099]},"KK":{"weight":0.3571,"played":[0.0,1.0],"evs":[0.0,26.91594]},"AKo":{"weight":0.3891,"played":[0.0,1.0],"evs":[0.0,13.93071]},"A2s":{"weight":0.5335,"played":[0.002,0.998],"evs":[0.0,6.93407]},"A3s":{"weight":0.7132,"played":[4.0E-4,0.9996],"evs":[0.0,8.31507]},"A4s":{"weight":0.9652,"played":[5.0E-4,0.9995],"evs":[0.0,9.09631]},"A5s":{"weight":0.0666,"played":[3.0E-4,0.9997],"evs":[0.0,8.37469]},"A6s":{"weight":0.11,"played":[1.0E-4,0.9999],"evs":[0.0,9.30404]},"A7s":{"weight":0.4348,"played":[0.0,1.0],"evs":[0.0,8.50091]},"A8s":{"weight":0.3194,"played":[0.0,1.0],"evs":[0.0,10.92363]},"A9s":{"weight":0.1417,"played":[1.0E-4,0.9999],"evs":[0.0,11.0224]},"ATs":{"weight":0.7757,"played":[0.0,1.0],"evs":[0.0,11.23643]},"AJs":{"weight":0.0026,"played":[1.0E-4,0.9999],"evs":[0.0,13.56593]},"AQs":{"weight":0.7689,"played":[0.0,1.0],"evs":[0.0,14.38697]},"AKs":{"weight":0.6821,"played":[0.0,1.0],"evs":[0.0,17.89816]},"AA":{"weight":0.0094,"played":[0.0,1.0],"evs":[0.0,32.57201]}}}