{"player":0,"street":0,"children":2,"sequence":[{"player":0,"type":"R","amount":200000,"street":0},{"player":1,"type":"F","amount":0,"street":0},{"player":2,"type":"C","amount":200000,"street":0},{"player":3,"type":"R","amount":1215000,"street":0},{"player":4,"type":"F","amount":0,"street":0},{"player":5,"type":"F","amount":0,"street":0},{"player":0,"type":"C","amount":1015000,"street":0},{"player":2,"type":"R","amount":2215000,"street":0}],"actions":[{"type":"F","amount":0},{"type":"C","amount":970000}],"hands":{"22":{"weight":0.0,"played":[0.0,1.0],"evs":[0.0,7.19266]},"32o":{"weight":0.0,"played":[0.0,1.0],"evs":[0.0,2.13252]},"42o":{"weight":0.0,"played":[0.0,1.0],"evs":[0.0,2.41936]},"52o":{"weight":0.0,"played":[0.0,1.0],"evs":[0.0,2.61747]},"62o":{"weight":0.0,"played":[0.0,1.0],"evs":[0.0,2.57829]},"72o":{"weight":0.0,"played":[0.0,1.0],"evs":[0.0,2.33037]},"82o":{"weight":0.0,"played":[3.0E-4,0.9997],"evs":[0.0,2.5916]},"92o":{"weight":0.0,"played":[0.0,1.0],"evs":[0.0,2.6418]},"T2o":{"weight":0.0,"played":[0.0,1.0],"evs":[0.0,2.1265]},"J2o":{"weight":0.0,"played":[1.0E-4,0.9999],"evs":[0.0,1.7239]},"Q2o":{"weight":0.0,"played":[0.0,1.0],"evs":[0.0,1.83776]},"K2o":{"weight":0.0,"played":[0.0,1.0],"evs":[0.0,2.84134]},"A2o":{"weight":0.0,"played":[0.0,1.0],"evs":[0.0,5.01366]},"32s":{"weight":0.0,"played":[0.0,1.0],"evs":[0.0,4.29688]},"33":{"weight":0.1431,"played":[0.0,1.0],"evs":[0.0,7.41911]},"43o":{"weight":0.0,"played":[0.0,1.0],"evs":[0.0,3.47337]},"53o":{"weight":0.0,"played":[0.0,1.0],"evs":[0.0,3.61373]},"63o":{"weight":0.0,"played":[0.0,1.0],"evs":[0.0,3.45818]},"73o":{"weight":0.0,"played":[0.0,1.0],"evs":[0.0,2.74374]},"83o":{"weight":0.0,"played":[2.0E-4,0.9998],"evs":[0.0,2.46983]},"93o":{"weight":0.0,"played":[0.0,1.0],"evs":[0.0,2.98452]},"T3o":{"weight":0.0,"played":[0.0,1.0],"evs":[0.0,2.28037]},"J3o":{"weight":0.0,"played":[0.0,1.0],"evs":[0.0,1.96963]},"Q3o":{"weight":0.0,"played":[0.0,1.0],"evs":[0.0,2.20743]},"K3o":{"weight":0.0,"played":[0.0,1.0],"evs":[0.0,2.96571]},"A3o":{"weight":0.0,"played":[0.0,1.0],"evs":[0.0,5.10867]},"42s":{"weight":0.0,"played":[0.0,1.0],"evs":[0.0,4.8246]},"43s":{"weight":0.0,"played":[0.0,1.0],"evs":[0.0,5.66386]},"44":{"weight":0.0448,"played":[0.0,1.0],"evs":[0.0,8.2006]},"54o":{"weight":0.0,"played":[0.0,1.0],"evs":[0.0,4.53125]},"64o":{"weight":0.0,"played":[0.0,1.0],"evs":[0.0,4.3378]},"74o":{"weight":0.0,"played":[0.0,1.0],"evs":[0.0,3.52688]},"84o":{"weight":0.0,"played":[0.0,1.0],"evs":[0.0,3.45237]},"94o":{"weight":0.0,"played":[0.0,1.0],"evs":[0.0,2.8033]},"T4o":{"weight":0.0,"played":[0.0,1.0],"evs":[0.0,2.40514]},"J4o":{"weight":0.0,"played":[0.0,1.0],"evs":[0.0,1.87702]},"Q4o":{"weight":0.0,"played":[0.0,1.0],"evs":[0.0,2.26102]},"K4o":{"weight":0.0,"played":[0.0,1.0],"evs":[0.0,3.34023]},"A4o":{"weight":0.0,"played":[0.0,1.0],"evs":[0.0,5.62464]},"52s":{"weight":0.0,"played":[0.0,1.0],"evs":[0.0,4.95724]},"53s":{"weight":0.0,"played":[0.0,1.0],"evs":[0.0,5.8707]},"54s":{"weight":0.0,"played":[0.0,1.0],"evs":[0.0,6.89065]},"55":{"weight":0.0014,"played":[0.0,1.0],"evs":[0.0,9.83636]},"65o":{"weight":0.0,"played":[0.0,1.0],"evs":[0.0,5.30121]},"75o":{"weight":0.0,"played":[0.0,1.0],"evs":[0.0,4.67587]},"85o":{"weight":0.0,"played":[0.0,1.0],"evs":[0.0,4.50418]},"95o":{"weight":0.0,"played":[0.0,1.0],"evs":[0.0,3.973]},"T5o":{"weight":0.0,"played":[0.0,1.0],"evs":[0.0,2.64571]},"J5o":{"weight":0.0,"played":[0.0,1.0],"evs":[0.0,2.42786]},"Q5o":{"weight":0.0,"played":[0.0,1.0],"evs":[0.0,2.92923]},"K5o":{"weight":0.0,"played":[0.0,1.0],"evs":[0.0,3.93174]},"A5o":{"weight":0.0,"played":[0.0,1.0],"evs":[0.0,6.12942]},"62s":{"weight":0.0,"played":[0.0,1.0],"evs":[0.0,4.61343]},"63s":{"weight":0.0,"played":[0.0,1.0],"evs":[0.0,5.53724]},"64s":{"weight":0.0,"played":[0.0,1.0],"evs":[0.0,6.31897]},"65s":{"weight":0.0,"played":[0.0,1.0],"evs":[0.0,7.53604]},"66":{"weight":0.0015,"played":[0.0,1.0],"evs":[0.0,11.55327]},"76o":{"weight":0.0,"played":[0.0,1.0],"evs":[0.0,6.20078]},"86o":{"weight":0.0,"played":[0.0,1.0],"evs":[0.0,5.72624]},"96o":{"weight":0.0,"played":[0.0,1.0],"evs":[0.0,4.92068]},"T6o":{"weight":0.0,"played":[0.0,1.0],"evs":[0.0,3.85231]},"J6o":{"weight":0.0,"played":[0.0,1.0],"evs":[0.0,2.85791]},"Q6o":{"weight":0.0,"played":[0.0,1.0],"evs":[0.0,3.15843]},"K6o":{"weight":0.0,"played":[0.0,1.0],"evs":[0.0,3.91503]},"A6o":{"weight":0.0,"played":[0.0,1.0],"evs":[0.0,6.24139]},"72s":{"weight":0.0,"played":[0.0,1.0],"evs":[0.0,4.52943]},"73s":{"weight":0.0,"played":[0.0,1.0],"evs":[0.0,4.86788]},"74s":{"weight":0.0,"played":[0.0,1.0],"evs":[0.0,6.06988]},"75s":{"weight":0.0,"played":[0.0,1.0],"evs":[0.0,6.97581]},"76s":{"weight":0.0,"played":[0.0,1.0],"evs":[0.0,8.34565]},"77":{"weight":0.0098,"played":[0.0,1.0],"evs":[0.0,13.26928]},"87o":{"weight":0.0,"played":[0.0,1.0],"evs":[0.0,6.52013]},"97o":{"weight":0.0,"played":[0.0,1.0],"evs":[0.0,5.92664]},"T7o":{"weight":0.0,"played":[0.0,1.0],"evs":[0.0,4.79033]},"J7o":{"weight":0.0,"played":[0.0,1.0],"evs":[0.0,3.68359]},"Q7o":{"weight":0.0,"played":[0.0,1.0],"evs":[0.0,3.68812]},"K7o":{"weight":0.0,"played":[0.0,1.0],"evs":[0.0,4.32244]},"A7o":{"weight":0.0,"played":[0.0,1.0],"evs":[0.0,6.3697]},"82s":{"weight":0.0,"played":[0.0,1.0],"evs":[0.0,4.29403]},"83s":{"weight":0.0,"played":[0.0,1.0],"evs":[0.0,4.77298]},"84s":{"weight":0.0,"played":[0.0,1.0],"evs":[0.0,5.42287]},"85s":{"weight":0.0,"played":[0.0,1.0],"evs":[0.0,6.37379]},"86s":{"weight":0.0,"played":[0.0,1.0],"evs":[0.0,7.36592]},"87s":{"weight":0.0,"played":[0.0,1.0],"evs":[0.0,8.77115]},"88":{"weight":0.2227,"played":[0.0,1.0],"evs":[0.0,13.79867]},"98o":{"weight":0.0,"played":[0.0,1.0],"evs":[0.0,6.17579]},"T8o":{"weight":0.0,"played":[0.0,1.0],"evs":[0.0,5.84339]},"J8o":{"weight":0.0,"played":[0.0,1.0],"evs":[0.0,4.63908]},"Q8o":{"weight":0.0,"played":[0.0,1.0],"evs":[0.0,4.22402]},"K8o":{"weight":0.0,"played":[0.0,1.0],"evs":[0.0,4.88936]},"A8o":{"weight":0.0,"played":[0.0,1.0],"evs":[0.0,6.61991]},"92s":{"weight":0.0,"played":[0.0,1.0],"evs":[0.0,4.7313]},"93s":{"weight":0.0,"played":[0.0,1.0],"evs":[0.0,4.78711]},"94s":{"weight":0.0,"played":[0.0,1.0],"evs":[0.0,4.56484]},"95s":{"weight":0.0,"played":[0.0,1.0],"evs":[0.0,5.56614]},"96s":{"weight":0.0,"played":[0.0,1.0],"evs":[0.0,6.74508]},"97s":{"weight":0.0,"played":[0.0,1.0],"evs":[0.0,8.13658]},"98s":{"weight":0.0,"played":[0.0,1.0],"evs":[0.0,8.14137]},"99":{"weight":0.036,"played":[0.0,1.0],"evs":[0.0,14.598]},"T9o":{"weight":0.0,"played":[0.0,1.0],"evs":[0.0,5.91851]},"J9o":{"weight":0.0,"played":[0.0,1.0],"evs":[0.0,5.42316]},"Q9o":{"weight":0.0,"played":[0.0,1.0],"evs":[0.0,5.15661]},"K9o":{"weight":0.0,"played":[0.0,1.0],"evs":[0.0,5.61843]},"A9o":{"weight":0.0,"played":[0.0,1.0],"evs":[0.0,7.04362]},"T2s":{"weight":0.0,"played":[1.0E-4,0.9999],"evs":[0.0,3.58039]},"T3s":{"weight":0.0,"played":[0.0,1.0],"evs":[0.0,4.59102]},"T4s":{"weight":0.0,"played":[0.0,1.0],"evs":[0.0,4.93963]},"T5s":{"weight":0.0,"played":[0.0,1.0],"evs":[0.0,4.63558]},"T6s":{"weight":0.0,"played":[0.0,1.0],"evs":[0.0,6.15735]},"T7s":{"weight":0.0,"played":[0.0,1.0],"evs":[0.0,6.83564]},"T8s":{"weight":0.0,"played":[0.0,1.0],"evs":[0.0,7.71877]},"T9s":{"weight":0.0081,"played":[0.0,1.0],"evs":[0.0,8.09011]},"TT":{"weight":0.0231,"played":[0.0,1.0],"evs":[0.0,15.70917]},"JTo":{"weight":0.0,"played":[0.0,1.0],"evs":[0.0,5.56508]},"QTo":{"weight":0.0,"played":[0.0,1.0],"evs":[0.0,5.30332]},"KTo":{"weight":0.0,"played":[0.0,1.0],"evs":[0.0,6.04825]},"ATo":{"weight":8.0E-4,"played":[0.0,1.0],"evs":[0.0,8.57025]},"J2s":{"weight":0.0,"played":[0.0,1.0],"evs":[0.0,4.00073]},"J3s":{"weight":0.0,"played":[0.0,1.0],"evs":[0.0,4.14269]},"J4s":{"weight":0.0,"played":[0.0,1.0],"evs":[0.0,4.31622]},"J5s":{"weight":0.0,"played":[0.0,1.0],"evs":[0.0,4.76457]},"J6s":{"weight":0.0,"played":[0.0,1.0],"evs":[0.0,5.12151]},"J7s":{"weight":0.0,"played":[0.0,1.0],"evs":[0.0,6.35585]},"J8s":{"weight":0.0,"played":[0.0,1.0],"evs":[0.0,6.99849]},"J9s":{"weight":1.0E-4,"played":[0.0,1.0],"evs":[0.0,7.26036]},"JTs":{"weight":0.001,"played":[0.0,1.0],"evs":[0.0,7.48344]},"JJ":{"weight":0.0037,"played":[0.0,1.0],"evs":[0.0,17.83055]},"QJo":{"weight":0.0,"played":[0.0,1.0],"evs":[0.0,5.57996]},"KJo":{"weight":0.0,"played":[0.0,1.0],"evs":[0.0,6.42178]},"AJo":{"weight":0.0018,"played":[0.0,1.0],"evs":[0.0,10.50622]},"Q2s":{"weight":0.0,"played":[0.0,1.0],"evs":[0.0,3.9695]},"Q3s":{"weight":0.0,"played":[0.0,1.0],"evs":[0.0,4.48107]},"Q4s":{"weight":0.0,"played":[0.0,1.0],"evs":[0.0,4.06766]},"Q5s":{"weight":0.0,"played":[0.0,1.0],"evs":[0.0,5.70816]},"Q6s":{"weight":0.0,"played":[0.0,1.0],"evs":[0.0,5.52361]},"Q7s":{"weight":0.0,"played":[0.0,1.0],"evs":[0.0,5.48293]},"Q8s":{"weight":0.0,"played":[0.0,1.0],"evs":[0.0,6.6149]},"Q9s":{"weight":1.0E-4,"played":[0.0,1.0],"evs":[0.0,7.03657]},"QTs":{"weight":0.0952,"played":[0.0,1.0],"evs":[0.0,7.78334]},"QJs":{"weight":0.0026,"played":[0.0,1.0],"evs":[0.0,8.0271]},"QQ":{"weight":0.0321,"played":[0.0,1.0],"evs":[0.0,21.19206]},"KQo":{"weight":0.0035,"played":[0.0,1.0],"evs":[0.0,8.63728]},"AQo":{"weight":0.0,"played":[0.0,1.0],"evs":[0.0,13.71031]},"K2s":{"weight":0.0,"played":[0.0,1.0],"evs":[0.0,4.50068]},"K3s":{"weight":0.0,"played":[0.0,1.0],"evs":[0.0,5.47543]},"K4s":{"weight":0.0,"played":[0.0,1.0],"evs":[0.0,5.1293]},"K5s":{"weight":0.0,"played":[0.0,1.0],"evs":[0.0,5.76432]},"K6s":{"weight":0.0,"played":[0.0,1.0],"evs":[0.0,6.37771]},"K7s":{"weight":0.0,"played":[0.0,1.0],"evs":[0.0,7.08112]},"K8s":{"weight":5.0E-4,"played":[0.0,1.0],"evs":[0.0,7.45497]},"K9s":{"weight":0.0147,"played":[0.0,1.0],"evs":[0.0,7.65572]},"KTs":{"weight":0.0,"played":[0.0,1.0],"evs":[0.0,8.26395]},"KJs":{"weight":0.0202,"played":[0.0,1.0],"evs":[0.0,8.07727]},"KQs":{"weight":0.0791,"played":[0.0,1.0],"evs":[0.0,10.22956]},"KK":{"weight":0.0396,"played":[0.0,1.0],"evs":[0.0,26.61263]},"AKo":{"weight":0.1152,"played":[0.0,1.0],"evs":[0.0,15.83754]},"A2s":{"weight":0.0,"played":[0.0,1.0],"evs":[0.0,7.18567]},"A3s":{"weight":0.0,"played":[0.0,1.0],"evs":[0.0,7.5069]},"A4s":{"weight":2.0E-4,"played":[0.0,1.0],"evs":[0.0,7.87776]},"A5s":{"weight":0.0,"played":[0.0,1.0],"evs":[0.0,8.3263]},"A6s":{"weight":0.0,"played":[0.0,1.0],"evs":[0.0,8.28348]},"A7s":{"weight":0.0,"played":[0.0,1.0],"evs":[0.0,8.46424]},"A8s":{"weight":0.0027,"played":[0.0,1.0],"evs":[0.0,8.75723]},"A9s":{"weight":0.0013,"played":[0.0,1.0],"evs":[0.0,8.87348]},"ATs":{"weight":0.0034,"played":[0.0,1.0],"evs":[0.0,10.24882]},"AJs":{"weight":0.0017,"played":[0.0,1.0],"evs":[0.0,12.5615]},"AQs":{"weight":0.009,"played":[0.0,1.0],"evs":[0.0,15.25565]},"AKs":{"weight":0.2152,"played":[0.0,1.0],"evs":[0.0,17.83494]},"AA":{"weight":0.0199,"played":[0.0,1.0],"evs":[0.0,34.37528]}}}