{"player":2,"street":0,"children":2,"sequence":[{"player":0,"type":"R","amount":200000,"street":0},{"player":1,"type":"F","amount":0,"street":0},{"player":2,"type":"C","amount":200000,"street":0},{"player":3,"type":"R","amount":1215000,"street":0},{"player":4,"type":"F","amount":0,"street":0},{"player":5,"type":"C","amount":715000,"street":0},{"player":0,"type":"F","amount":0,"street":0}],"actions":[{"type":"F","amount":0},{"type":"C","amount":1015000}],"hands":{"22":{"weight":0.0208,"played":[3.0E-4,0.9997],"evs":[0.0,0.94341]},"32o":{"weight":0.0,"played":[1.0,0.0],"evs":[0.0,-1.9398]},"42o":{"weight":0.0,"played":[1.0,0.0],"evs":[0.0,-1.9745]},"52o":{"weight":0.0,"played":[0.9999,1.0E-4],"evs":[0.0,-1.7348]},"62o":{"weight":0.0,"played":[1.0,0.0],"evs":[0.0,-2.31825]},"72o":{"weight":0.0,"played":[1.0,0.0],"evs":[0.0,-2.53744]},"82o":{"weight":0.0,"played":[1.0,0.0],"evs":[0.0,-2.27419]},"92o":{"weight":0.0,"played":[1.0,0.0],"evs":[0.0,-2.42564]},"T2o":{"weight":0.0,"played":[1.0,0.0],"evs":[0.0,-2.32]},"J2o":{"weight":0.0,"played":[0.9968,0.0032],"evs":[0.0,-1.80735]},"Q2o":{"weight":0.0,"played":[0.9999,1.0E-4],"evs":[0.0,-1.61564]},"K2o":{"weight":0.0,"played":[1.0,0.0],"evs":[0.0,-1.30197]},"A2o":{"weight":0.0,"played":[0.9998,2.0E-4],"evs":[0.0,-1.63521]},"32s":{"weight":0.0,"played":[0.9932,0.0068],"evs":[0.0,-0.76331]},"33":{"weight":0.2938,"played":[0.0013,0.9987],"evs":[0.0,1.47092]},"43o":{"weight":0.0,"played":[0.9999,1.0E-4],"evs":[0.0,-1.42058]},"53o":{"weight":0.0,"played":[0.9998,2.0E-4],"evs":[0.0,-0.84124]},"63o":{"weight":0.0,"played":[0.9999,1.0E-4],"evs":[0.0,-1.18705]},"73o":{"weight":0.0,"played":[1.0,0.0],"evs":[0.0,-1.89565]},"83o":{"weight":0.0,"played":[1.0,0.0],"evs":[0.0,-2.42995]},"93o":{"weight":0.0,"played":[1.0,0.0],"evs":[0.0,-2.09764]},"T3o":{"weight":0.0,"played":[0.9999,1.0E-4],"evs":[0.0,-1.86882]},"J3o":{"weight":0.0,"played":[0.9998,2.0E-4],"evs":[0.0,-1.88301]},"Q3o":{"weight":0.0,"played":[1.0,0.0],"evs":[0.0,-1.45203]},"K3o":{"weight":0.0,"played":[1.0,0.0],"evs":[0.0,-0.96964]},"A3o":{"weight":0.0,"played":[1.0,0.0],"evs":[0.0,-1.23619]},"42s":{"weight":0.0,"played":[0.6731,0.3269],"evs":[0.0,-0.61188]},"43s":{"weight":0.0,"played":[0.7525,0.2475],"evs":[0.0,-0.16414]},"44":{"weight":0.9999,"played":[4.0E-4,0.9996],"evs":[0.0,1.91089]},"54o":{"weight":0.0,"played":[0.999,0.001],"evs":[0.0,-0.48382]},"64o":{"weight":0.0,"played":[0.9985,0.0015],"evs":[0.0,-0.93234]},"74o":{"weight":0.0,"played":[1.0,0.0],"evs":[0.0,-1.45042]},"84o":{"weight":0.0,"played":[0.9999,1.0E-4],"evs":[0.0,-1.65013]},"94o":{"weight":0.0,"played":[1.0,0.0],"evs":[0.0,-1.84434]},"T4o":{"weight":0.0,"played":[1.0,0.0],"evs":[0.0,-2.1889]},"J4o":{"weight":0.0,"played":[0.999,0.001],"evs":[0.0,-1.83868]},"Q4o":{"weight":0.0,"played":[1.0,0.0],"evs":[0.0,-1.96583]},"K4o":{"weight":0.0,"played":[1.0,0.0],"evs":[0.0,-1.31208]},"A4o":{"weight":0.0,"played":[0.9989,0.0011],"evs":[0.0,-0.99428]},"52s":{"weight":0.0,"played":[0.823,0.177],"evs":[0.0,-0.31324]},"53s":{"weight":0.0,"played":[0.0927,0.9073],"evs":[0.0,0.23327]},"54s":{"weight":0.8935,"played":[7.0E-4,0.9993],"evs":[0.0,0.67959]},"55":{"weight":1.0,"played":[0.0,1.0],"evs":[0.0,1.87251]},"65o":{"weight":0.0,"played":[0.9978,0.0022],"evs":[0.0,-0.36528]},"75o":{"weight":0.0,"played":[0.9998,2.0E-4],"evs":[0.0,-0.96692]},"85o":{"weight":0.0,"played":[0.9988,0.0012],"evs":[0.0,-1.05116]},"95o":{"weight":0.0,"played":[0.9999,1.0E-4],"evs":[0.0,-1.43806]},"T5o":{"weight":0.0,"played":[1.0,0.0],"evs":[0.0,-1.78357]},"J5o":{"weight":0.0,"played":[0.9999,1.0E-4],"evs":[0.0,-1.3938]},"Q5o":{"weight":0.0,"played":[0.9998,2.0E-4],"evs":[0.0,-1.33345]},"K5o":{"weight":0.0,"played":[0.9941,0.0059],"evs":[0.0,-1.17487]},"A5o":{"weight":0.0,"played":[0.9992,8.0E-4],"evs":[0.0,-1.13407]},"62s":{"weight":0.0,"played":[0.5713,0.4287],"evs":[0.0,-0.08545]},"63s":{"weight":0.0,"played":[0.2888,0.7112],"evs":[0.0,0.15971]},"64s":{"weight":0.0,"played":[0.1797,0.8203],"evs":[0.0,0.52152]},"65s":{"weight":0.9997,"played":[5.0E-4,0.9995],"evs":[0.0,1.08435]},"66":{"weight":1.0,"played":[0.0,1.0],"evs":[0.0,2.77186]},"76o":{"weight":0.0,"played":[0.5779,0.4221],"evs":[0.0,-0.14035]},"86o":{"weight":0.0,"played":[0.9974,0.0026],"evs":[0.0,-0.83585]},"96o":{"weight":0.0,"played":[1.0,0.0],"evs":[0.0,-1.41385]},"T6o":{"weight":0.0,"played":[0.9999,1.0E-4],"evs":[0.0,-1.57393]},"J6o":{"weight":0.0,"played":[0.9999,1.0E-4],"evs":[0.0,-1.66656]},"Q6o":{"weight":0.0,"played":[1.0,0.0],"evs":[0.0,-1.30555]},"K6o":{"weight":0.0,"played":[0.9957,0.0043],"evs":[0.0,-1.17885]},"A6o":{"weight":0.0,"played":[1.0,0.0],"evs":[0.0,-2.17613]},"72s":{"weight":0.0,"played":[0.9918,0.0082],"evs":[0.0,-0.9126]},"73s":{"weight":0.0,"played":[0.9949,0.0051],"evs":[0.0,-0.51902]},"74s":{"weight":0.0,"played":[0.8508,0.1492],"evs":[0.0,-0.10309]},"75s":{"weight":0.0,"played":[0.5274,0.4726],"evs":[0.0,0.16384]},"76s":{"weight":0.9999,"played":[7.0E-4,0.9993],"evs":[0.0,1.36061]},"77":{"weight":0.0984,"played":[0.0,1.0],"evs":[0.0,3.42313]},"87o":{"weight":0.0,"played":[0.9334,0.0666],"evs":[0.0,-0.29513]},"97o":{"weight":0.0,"played":[0.9964,0.0036],"evs":[0.0,-0.58272]},"T7o":{"weight":0.0,"played":[0.9994,6.0E-4],"evs":[0.0,-0.89037]},"J7o":{"weight":0.0,"played":[0.9997,3.0E-4],"evs":[0.0,-0.98771]},"Q7o":{"weight":0.0,"played":[1.0,0.0],"evs":[0.0,-1.41041]},"K7o":{"weight":0.0,"played":[0.9988,0.0012],"evs":[0.0,-0.99273]},"A7o":{"weight":0.0,"played":[0.9994,6.0E-4],"evs":[0.0,-1.4603]},"82s":{"weight":0.0,"played":[0.999,0.001],"evs":[0.0,-0.63628]},"83s":{"weight":0.0,"played":[0.9985,0.0015],"evs":[0.0,-0.92153]},"84s":{"weight":0.0,"played":[0.9755,0.0245],"evs":[0.0,-0.4243]},"85s":{"weight":0.0,"played":[0.3017,0.6983],"evs":[0.0,0.02575]},"86s":{"weight":0.9024,"played":[4.0E-4,0.9996],"evs":[0.0,1.18132]},"87s":{"weight":0.9996,"played":[9.0E-4,0.9991],"evs":[0.0,1.19586]},"88":{"weight":2.0E-4,"played":[0.0,1.0],"evs":[0.0,4.57657]},"98o":{"weight":0.0,"played":[0.4601,0.5399],"evs":[0.0,0.18115]},"T8o":{"weight":0.0,"played":[0.9532,0.0468],"evs":[0.0,-0.42011]},"J8o":{"weight":0.0,"played":[0.9996,4.0E-4],"evs":[0.0,-0.56087]},"Q8o":{"weight":0.0,"played":[0.9994,6.0E-4],"evs":[0.0,-0.9227]},"K8o":{"weight":0.0,"played":[0.9965,0.0035],"evs":[0.0,-0.86598]},"A8o":{"weight":4.0E-4,"played":[0.9969,0.0031],"evs":[0.0,-0.45688]},"92s":{"weight":0.0,"played":[0.9131,0.0869],"evs":[0.0,-0.64069]},"93s":{"weight":0.0,"played":[0.323,0.677],"evs":[0.0,-0.16781]},"94s":{"weight":0.0,"played":[0.967,0.033],"evs":[0.0,-0.76344]},"95s":{"weight":0.0,"played":[0.7662,0.2338],"evs":[0.0,-0.23576]},"96s":{"weight":0.0,"played":[0.214,0.786],"evs":[0.0,0.42366]},"97s":{"weight":0.998,"played":[0.018,0.982],"evs":[0.0,0.9956]},"98s":{"weight":1.0,"played":[2.0E-4,0.9998],"evs":[0.0,1.0742]},"99":{"weight":1.0E-4,"played":[0.0,1.0],"evs":[0.0,5.60837]},"T9o":{"weight":0.0,"played":[0.933,0.067],"evs":[0.0,-0.06466]},"J9o":{"weight":0.0,"played":[0.9498,0.0502],"evs":[0.0,-0.31063]},"Q9o":{"weight":0.0,"played":[0.9812,0.0188],"evs":[0.0,-0.20672]},"K9o":{"weight":0.0,"played":[0.1556,0.8444],"evs":[0.0,0.14037]},"A9o":{"weight":1.0,"played":[0.9796,0.0204],"evs":[0.0,-0.385]},"T2s":{"weight":0.0,"played":[0.9986,0.0014],"evs":[0.0,-0.44892]},"T3s":{"weight":0.0,"played":[0.6658,0.3342],"evs":[0.0,-0.32586]},"T4s":{"weight":0.0,"played":[0.9975,0.0025],"evs":[0.0,-0.65274]},"T5s":{"weight":0.0,"played":[0.8803,0.1197],"evs":[0.0,-0.42018]},"T6s":{"weight":0.0,"played":[0.7993,0.2007],"evs":[0.0,-0.03306]},"T7s":{"weight":0.0,"played":[0.5695,0.4305],"evs":[0.0,-0.2793]},"T8s":{"weight":0.9999,"played":[0.0012,0.9988],"evs":[0.0,1.26239]},"T9s":{"weight":0.8824,"played":[0.0053,0.9947],"evs":[0.0,1.28016]},"TT":{"weight":0.0,"played":[0.0,1.0],"evs":[0.0,7.74249]},"JTo":{"weight":0.0,"played":[0.0096,0.9904],"evs":[0.0,0.70844]},"QTo":{"weight":3.0E-4,"played":[0.0589,0.9411],"evs":[0.0,0.29417]},"KTo":{"weight":0.3674,"played":[7.0E-4,0.9993],"evs":[0.0,0.16509]},"ATo":{"weight":1.0,"played":[0.0013,0.9987],"evs":[0.0,0.42324]},"J2s":{"weight":0.0,"played":[0.972,0.028],"evs":[0.0,-0.35121]},"J3s":{"weight":0.0,"played":[0.6218,0.3782],"evs":[0.0,-0.07628]},"J4s":{"weight":0.0,"played":[0.9869,0.0131],"evs":[0.0,-0.46783]},"J5s":{"weight":0.0,"played":[0.2269,0.7731],"evs":[0.0,-0.07843]},"J6s":{"weight":0.0,"played":[0.9363,0.0637],"evs":[0.0,-0.04316]},"J7s":{"weight":0.0,"played":[0.1267,0.8733],"evs":[0.0,0.12435]},"J8s":{"weight":0.9965,"played":[0.0,1.0],"evs":[0.0,1.25067]},"J9s":{"weight":0.9982,"played":[1.0E-4,0.9999],"evs":[0.0,1.19961]},"JTs":{"weight":0.4462,"played":[1.0E-4,0.9999],"evs":[0.0,1.6285]},"JJ":{"weight":0.0,"played":[0.0,1.0],"evs":[0.0,9.45539]},"QJo":{"weight":0.9992,"played":[5.0E-4,0.9995],"evs":[0.0,0.75625]},"KJo":{"weight":0.9097,"played":[1.0E-4,0.9999],"evs":[0.0,0.81511]},"AJo":{"weight":1.0,"played":[0.0023,0.9977],"evs":[0.0,1.93733]},"Q2s":{"weight":0.0,"played":[0.8889,0.1111],"evs":[0.0,-0.46581]},"Q3s":{"weight":0.0,"played":[0.8687,0.1313],"evs":[0.0,-0.20505]},"Q4s":{"weight":0.0,"played":[0.1646,0.8354],"evs":[0.0,-0.09993]},"Q5s":{"weight":0.0,"played":[0.2608,0.7392],"evs":[0.0,-0.15663]},"Q6s":{"weight":2.0E-4,"played":[0.3558,0.6442],"evs":[0.0,0.27585]},"Q7s":{"weight":0.0,"played":[0.4351,0.5649],"evs":[0.0,0.10409]},"Q8s":{"weight":0.7497,"played":[0.0,1.0],"evs":[0.0,0.44801]},"Q9s":{"weight":0.1199,"played":[0.0079,0.9921],"evs":[0.0,1.00881]},"QTs":{"weight":0.8714,"played":[3.0E-4,0.9997],"evs":[0.0,1.71469]},"QJs":{"weight":1.0,"played":[0.0,1.0],"evs":[0.0,1.86338]},"QQ":{"weight":0.002,"played":[0.0,1.0],"evs":[0.0,12.03628]},"KQo":{"weight":1.0,"played":[0.0,1.0],"evs":[0.0,1.02111]},"AQo":{"weight":3.0E-4,"played":[0.0,1.0],"evs":[0.0,3.4608]},"K2s":{"weight":0.0,"played":[0.1571,0.8429],"evs":[0.0,0.14678]},"K3s":{"weight":0.0,"played":[0.6242,0.3758],"evs":[0.0,-0.14799]},"K4s":{"weight":0.0,"played":[0.5348,0.4652],"evs":[0.0,-0.04211]},"K5s":{"weight":0.0,"played":[0.0141,0.9859],"evs":[0.0,0.54601]},"K6s":{"weight":0.9928,"played":[0.0272,0.9728],"evs":[0.0,0.83274]},"K7s":{"weight":0.9398,"played":[0.0191,0.9809],"evs":[0.0,0.56726]},"K8s":{"weight":0.8059,"played":[0.0086,0.9914],"evs":[0.0,0.8651]},"K9s":{"weight":5.0E-4,"played":[7.0E-4,0.9993],"evs":[0.0,0.86266]},"KTs":{"weight":0.9522,"played":[0.0,1.0],"evs":[0.0,1.86581]},"KJs":{"weight":1.0,"played":[0.0,1.0],"evs":[0.0,2.29504]},"KQs":{"weight":1.0,"played":[0.0,1.0],"evs":[0.0,2.39707]},"KK":{"weight":0.9935,"played":[0.0,1.0],"evs":[0.0,15.00275]},"AKo":{"weight":0.0,"played":[0.0,1.0],"evs":[0.0,5.50541]},"A2s":{"weight":0.4715,"played":[0.9392,0.0608],"evs":[0.0,-0.46116]},"A3s":{"weight":0.2117,"played":[0.0347,0.9653],"evs":[0.0,0.4257]},"A4s":{"weight":0.9979,"played":[0.0659,0.9341],"evs":[0.0,0.62152]},"A5s":{"weight":0.2528,"played":[0.0182,0.9818],"evs":[0.0,0.81961]},"A6s":{"weight":0.9432,"played":[0.3282,0.6718],"evs":[0.0,0.01757]},"A7s":{"weight":0.5509,"played":[0.1284,0.8716],"evs":[0.0,0.66363]},"A8s":{"weight":1.0,"played":[0.0436,0.9564],"evs":[0.0,0.87032]},"A9s":{"weight":1.0,"played":[0.0081,0.9919],"evs":[0.0,0.93727]},"ATs":{"weight":1.0,"played":[2.0E-4,0.9998],"evs":[0.0,1.83422]},"AJs":{"weight":0.9998,"played":[0.0,1.0],"evs":[0.0,3.52297]},"AQs":{"weight":0.4372,"played":[0.0,1.0],"evs":[0.0,5.07616]},"AKs":{"weight":0.0,"played":[0.0,1.0],"evs":[0.0,7.24546]},"AA":{"weight":0.9951,"played":[0.0,1.0],"evs":[0.0,19.28221]}}}