{"player":5,"street":0,"children":2,"sequence":[{"player":0,"type":"R","amount":200000,"street":0},{"player":1,"type":"F","amount":0,"street":0},{"player":2,"type":"R","amount":2185000,"street":0},{"player":3,"type":"F","amount":0,"street":0},{"player":4,"type":"F","amount":0,"street":0}],"actions":[{"type":"F","amount":0,"node":343},{"type":"C","amount":715000,"node":344}],"hands":{"22":{"weight":1.0,"played":[1.0,0.0],"evs":[0.0,-0.30632]},"32o":{"weight":1.0,"played":[1.0,0.0],"evs":[0.0,-2.5048]},"42o":{"weight":1.0,"played":[1.0,0.0],"evs":[0.0,-2.29404]},"52o":{"weight":1.0,"played":[1.0,0.0],"evs":[0.0,-2.21544]},"62o":{"weight":1.0,"played":[1.0,0.0],"evs":[0.0,-2.44691]},"72o":{"weight":1.0,"played":[1.0,0.0],"evs":[0.0,-2.73423]},"82o":{"weight":1.0,"played":[1.0,0.0],"evs":[0.0,-2.53392]},"92o":{"weight":1.0,"played":[1.0,0.0],"evs":[0.0,-2.48792]},"T2o":{"weight":1.0,"played":[1.0,0.0],"evs":[0.0,-2.3302]},"J2o":{"weight":1.0,"played":[1.0,0.0],"evs":[0.0,-2.05391]},"Q2o":{"weight":1.0,"played":[1.0,0.0],"evs":[0.0,-1.97777]},"K2o":{"weight":1.0,"played":[1.0,0.0],"evs":[0.0,-1.74041]},"A2o":{"weight":1.0,"played":[1.0,0.0],"evs":[0.0,-1.13999]},"32s":{"weight":1.0,"played":[1.0,0.0],"evs":[0.0,-1.65997]},"33":{"weight":1.0,"played":[4.0E-4,0.9996],"evs":[0.0,0.28748]},"43o":{"weight":1.0,"played":[1.0,0.0],"evs":[0.0,-1.84937]},"53o":{"weight":1.0,"played":[1.0,0.0],"evs":[0.0,-1.76238]},"63o":{"weight":1.0,"played":[1.0,0.0],"evs":[0.0,-1.9667]},"73o":{"weight":1.0,"played":[1.0,0.0],"evs":[0.0,-2.26892]},"83o":{"weight":1.0,"played":[1.0,0.0],"evs":[0.0,-2.37437]},"93o":{"weight":1.0,"played":[1.0,0.0],"evs":[0.0,-2.28057]},"T3o":{"weight":1.0,"played":[1.0,0.0],"evs":[0.0,-2.13075]},"J3o":{"weight":1.0,"played":[1.0,0.0],"evs":[0.0,-1.83688]},"Q3o":{"weight":1.0,"played":[1.0,0.0],"evs":[0.0,-1.75914]},"K3o":{"weight":1.0,"played":[1.0,0.0],"evs":[0.0,-1.53648]},"A3o":{"weight":1.0,"played":[1.0,0.0],"evs":[0.0,-0.87286]},"42s":{"weight":1.0,"played":[1.0,0.0],"evs":[0.0,-1.4625]},"43s":{"weight":1.0,"played":[1.0,0.0],"evs":[0.0,-1.02988]},"44":{"weight":1.0,"played":[0.0,1.0],"evs":[0.0,0.62672]},"54o":{"weight":1.0,"played":[1.0,0.0],"evs":[0.0,-1.37144]},"64o":{"weight":1.0,"played":[1.0,0.0],"evs":[0.0,-1.53859]},"74o":{"weight":1.0,"played":[1.0,0.0],"evs":[0.0,-1.78394]},"84o":{"weight":1.0,"played":[1.0,0.0],"evs":[0.0,-1.86625]},"94o":{"weight":1.0,"played":[1.0,0.0],"evs":[0.0,-2.08448]},"T4o":{"weight":1.0,"played":[1.0,0.0],"evs":[0.0,-1.88905]},"J4o":{"weight":1.0,"played":[1.0,0.0],"evs":[0.0,-1.59219]},"Q4o":{"weight":1.0,"played":[1.0,0.0],"evs":[0.0,-1.54602]},"K4o":{"weight":1.0,"played":[1.0,0.0],"evs":[0.0,-1.36114]},"A4o":{"weight":1.0,"played":[1.0,0.0],"evs":[0.0,-0.70748]},"52s":{"weight":1.0,"played":[1.0,0.0],"evs":[0.0,-1.46531]},"53s":{"weight":1.0,"played":[1.0,0.0],"evs":[0.0,-0.94878]},"54s":{"weight":1.0,"played":[1.0,0.0],"evs":[0.0,-0.60042]},"55":{"weight":1.0,"played":[0.0,1.0],"evs":[0.0,0.7893]},"65o":{"weight":1.0,"played":[1.0,0.0],"evs":[0.0,-1.3076]},"75o":{"weight":1.0,"played":[1.0,0.0],"evs":[0.0,-1.48669]},"85o":{"weight":1.0,"played":[1.0,0.0],"evs":[0.0,-1.60322]},"95o":{"weight":1.0,"played":[1.0,0.0],"evs":[0.0,-1.75497]},"T5o":{"weight":1.0,"played":[1.0,0.0],"evs":[0.0,-1.89405]},"J5o":{"weight":1.0,"played":[1.0,0.0],"evs":[0.0,-1.524]},"Q5o":{"weight":1.0,"played":[1.0,0.0],"evs":[0.0,-1.48868]},"K5o":{"weight":1.0,"played":[1.0,0.0],"evs":[0.0,-1.22757]},"A5o":{"weight":1.0,"played":[1.0,0.0],"evs":[0.0,-0.61056]},"62s":{"weight":1.0,"played":[1.0,0.0],"evs":[0.0,-1.69788]},"63s":{"weight":1.0,"played":[1.0,0.0],"evs":[0.0,-1.24911]},"64s":{"weight":1.0,"played":[1.0,0.0],"evs":[0.0,-0.80328]},"65s":{"weight":1.0,"played":[1.0,0.0],"evs":[0.0,-0.5813]},"66":{"weight":1.0,"played":[0.0,1.0],"evs":[0.0,1.03113]},"76o":{"weight":1.0,"played":[1.0,0.0],"evs":[0.0,-1.17802]},"86o":{"weight":1.0,"played":[1.0,0.0],"evs":[0.0,-1.30871]},"96o":{"weight":1.0,"played":[1.0,0.0],"evs":[0.0,-1.45058]},"T6o":{"weight":1.0,"played":[1.0,0.0],"evs":[0.0,-1.52015]},"J6o":{"weight":1.0,"played":[1.0,0.0],"evs":[0.0,-1.45641]},"Q6o":{"weight":1.0,"played":[1.0,0.0],"evs":[0.0,-1.35565]},"K6o":{"weight":1.0,"played":[1.0,0.0],"evs":[0.0,-1.15028]},"A6o":{"weight":1.0,"played":[1.0,0.0],"evs":[0.0,-0.77745]},"72s":{"weight":1.0,"played":[1.0,0.0],"evs":[0.0,-1.90505]},"73s":{"weight":1.0,"played":[1.0,0.0],"evs":[0.0,-1.43272]},"74s":{"weight":1.0,"played":[1.0,0.0],"evs":[0.0,-1.00886]},"75s":{"weight":1.0,"played":[1.0,0.0],"evs":[0.0,-0.68562]},"76s":{"weight":1.0,"played":[0.9998,2.0E-4],"evs":[0.0,-0.50672]},"77":{"weight":1.0,"played":[0.0,1.0],"evs":[0.0,1.40991]},"87o":{"weight":1.0,"played":[1.0,0.0],"evs":[0.0,-1.09039]},"97o":{"weight":1.0,"played":[1.0,0.0],"evs":[0.0,-1.23842]},"T7o":{"weight":1.0,"played":[1.0,0.0],"evs":[0.0,-1.38298]},"J7o":{"weight":1.0,"played":[1.0,0.0],"evs":[0.0,-1.31188]},"Q7o":{"weight":1.0,"played":[1.0,0.0],"evs":[0.0,-1.4449]},"K7o":{"weight":1.0,"played":[1.0,0.0],"evs":[0.0,-1.13654]},"A7o":{"weight":1.0,"played":[1.0,0.0],"evs":[0.0,-0.63411]},"82s":{"weight":1.0,"played":[1.0,0.0],"evs":[0.0,-1.6586]},"83s":{"weight":1.0,"played":[1.0,0.0],"evs":[0.0,-1.60311]},"84s":{"weight":1.0,"played":[1.0,0.0],"evs":[0.0,-1.07722]},"85s":{"weight":1.0,"played":[1.0,0.0],"evs":[0.0,-0.80143]},"86s":{"weight":1.0,"played":[1.0,0.0],"evs":[0.0,-0.50594]},"87s":{"weight":1.0,"played":[1.0,0.0],"evs":[0.0,-0.36441]},"88":{"weight":1.0,"played":[0.0,1.0],"evs":[0.0,2.09116]},"98o":{"weight":1.0,"played":[1.0,0.0],"evs":[0.0,-0.95938]},"T8o":{"weight":1.0,"played":[1.0,0.0],"evs":[0.0,-1.01473]},"J8o":{"weight":1.0,"played":[1.0,0.0],"evs":[0.0,-0.90862]},"Q8o":{"weight":1.0,"played":[1.0,0.0],"evs":[0.0,-1.03393]},"K8o":{"weight":1.0,"played":[1.0,0.0],"evs":[0.0,-1.01829]},"A8o":{"weight":1.0,"played":[1.0,0.0],"evs":[0.0,-0.4273]},"92s":{"weight":1.0,"played":[1.0,0.0],"evs":[0.0,-1.64501]},"93s":{"weight":1.0,"played":[1.0,0.0],"evs":[0.0,-1.39613]},"94s":{"weight":1.0,"played":[1.0,0.0],"evs":[0.0,-1.26555]},"95s":{"weight":1.0,"played":[1.0,0.0],"evs":[0.0,-0.98538]},"96s":{"weight":1.0,"played":[1.0,0.0],"evs":[0.0,-0.63489]},"97s":{"weight":1.0,"played":[1.0,0.0],"evs":[0.0,-0.49625]},"98s":{"weight":1.0,"played":[0.9995,5.0E-4],"evs":[0.0,-0.20305]},"99":{"weight":1.0,"played":[0.0,1.0],"evs":[0.0,2.90114]},"T9o":{"weight":1.0,"played":[1.0,0.0],"evs":[0.0,-0.69251]},"J9o":{"weight":1.0,"played":[1.0,0.0],"evs":[0.0,-0.6614]},"Q9o":{"weight":1.0,"played":[1.0,0.0],"evs":[0.0,-0.68243]},"K9o":{"weight":1.0,"played":[1.0,0.0],"evs":[0.0,-0.59136]},"A9o":{"weight":1.0,"played":[1.0,0.0],"evs":[0.0,-0.15247]},"T2s":{"weight":1.0,"played":[1.0,0.0],"evs":[0.0,-1.49224]},"T3s":{"weight":1.0,"played":[1.0,0.0],"evs":[0.0,-1.225]},"T4s":{"weight":1.0,"played":[1.0,0.0],"evs":[0.0,-1.01013]},"T5s":{"weight":1.0,"played":[1.0,0.0],"evs":[0.0,-1.05078]},"T6s":{"weight":1.0,"played":[1.0,0.0],"evs":[0.0,-0.72215]},"T7s":{"weight":1.0,"played":[0.9999,1.0E-4],"evs":[0.0,-0.55061]},"T8s":{"weight":1.0,"played":[0.9999,1.0E-4],"evs":[0.0,-0.26653]},"T9s":{"weight":1.0,"played":[0.1257,0.8743],"evs":[0.0,0.01884]},"TT":{"weight":1.0,"played":[0.0,1.0],"evs":[0.0,4.06967]},"JTo":{"weight":1.0,"played":[0.9788,0.0212],"evs":[0.0,-0.17162]},"QTo":{"weight":1.0,"played":[0.9867,0.0133],"evs":[0.0,-0.11894]},"KTo":{"weight":1.0,"played":[0.0029,0.9971],"evs":[0.0,0.16986]},"ATo":{"weight":1.0,"played":[0.0,1.0],"evs":[0.0,0.3724]},"J2s":{"weight":1.0,"played":[1.0,0.0],"evs":[0.0,-1.21174]},"J3s":{"weight":1.0,"played":[1.0,0.0],"evs":[0.0,-0.96805]},"J4s":{"weight":1.0,"played":[1.0,0.0],"evs":[0.0,-0.78147]},"J5s":{"weight":1.0,"played":[1.0,0.0],"evs":[0.0,-0.74715]},"J6s":{"weight":1.0,"played":[1.0,0.0],"evs":[0.0,-0.66152]},"J7s":{"weight":1.0,"played":[0.9999,1.0E-4],"evs":[0.0,-0.50974]},"J8s":{"weight":1.0,"played":[0.9976,0.0024],"evs":[0.0,-0.17569]},"J9s":{"weight":1.0,"played":[1.0E-4,0.9999],"evs":[0.0,0.07087]},"JTs":{"weight":1.0,"played":[0.0,1.0],"evs":[0.0,0.58163]},"JJ":{"weight":1.0,"played":[0.0,1.0],"evs":[0.0,5.21959]},"QJo":{"weight":1.0,"played":[0.0041,0.9959],"evs":[0.0,0.18089]},"KJo":{"weight":1.0,"played":[0.0,1.0],"evs":[0.0,0.60077]},"AJo":{"weight":1.0,"played":[0.0,1.0],"evs":[0.0,0.6807]},"Q2s":{"weight":1.0,"played":[1.0,0.0],"evs":[0.0,-1.16589]},"Q3s":{"weight":1.0,"played":[1.0,0.0],"evs":[0.0,-0.8846]},"Q4s":{"weight":1.0,"played":[1.0,0.0],"evs":[0.0,-0.75225]},"Q5s":{"weight":1.0,"played":[1.0,0.0],"evs":[0.0,-0.6976]},"Q6s":{"weight":1.0,"played":[1.0,0.0],"evs":[0.0,-0.54793]},"Q7s":{"weight":1.0,"played":[1.0,0.0],"evs":[0.0,-0.61525]},"Q8s":{"weight":1.0,"played":[0.9997,3.0E-4],"evs":[0.0,-0.25688]},"Q9s":{"weight":1.0,"played":[0.0029,0.9971],"evs":[0.0,0.08128]},"QTs":{"weight":1.0,"played":[0.0,1.0],"evs":[0.0,0.6538]},"QJs":{"weight":1.0,"played":[0.0,1.0],"evs":[0.0,0.95926]},"QQ":{"weight":1.0,"played":[0.0,1.0],"evs":[0.0,6.65201]},"KQo":{"weight":1.0,"played":[0.0,1.0],"evs":[0.0,0.70718]},"AQo":{"weight":1.0,"played":[0.0,1.0],"evs":[0.0,1.45685]},"K2s":{"weight":1.0,"played":[1.0,0.0],"evs":[0.0,-0.94983]},"K3s":{"weight":1.0,"played":[1.0,0.0],"evs":[0.0,-0.67781]},"K4s":{"weight":1.0,"played":[1.0,0.0],"evs":[0.0,-0.52682]},"K5s":{"weight":1.0,"played":[1.0,0.0],"evs":[0.0,-0.46403]},"K6s":{"weight":1.0,"played":[1.0,0.0],"evs":[0.0,-0.302]},"K7s":{"weight":1.0,"played":[1.0,0.0],"evs":[0.0,-0.30594]},"K8s":{"weight":1.0,"played":[0.9987,0.0013],"evs":[0.0,-0.19048]},"K9s":{"weight":1.0,"played":[0.0011,0.9989],"evs":[0.0,0.19121]},"KTs":{"weight":1.0,"played":[0.0,1.0],"evs":[0.0,0.8049]},"KJs":{"weight":1.0,"played":[0.0,1.0],"evs":[0.0,1.23634]},"KQs":{"weight":1.0,"played":[0.0,1.0],"evs":[0.0,1.45704]},"KK":{"weight":1.0,"played":[0.0,1.0],"evs":[0.0,8.11188]},"AKo":{"weight":1.0,"played":[0.0,1.0],"evs":[0.0,2.86372]},"A2s":{"weight":1.0,"played":[0.9976,0.0024],"evs":[0.0,-0.25278]},"A3s":{"weight":1.0,"played":[0.9965,0.0035],"evs":[0.0,-0.12834]},"A4s":{"weight":1.0,"played":[0.004,0.996],"evs":[0.0,0.10977]},"A5s":{"weight":1.0,"played":[0.0029,0.9971],"evs":[0.0,0.16584]},"A6s":{"weight":1.0,"played":[0.0081,0.9919],"evs":[0.0,0.06796]},"A7s":{"weight":1.0,"played":[0.0014,0.9986],"evs":[0.0,0.17361]},"A8s":{"weight":1.0,"played":[0.0,1.0],"evs":[0.0,0.43357]},"A9s":{"weight":1.0,"played":[0.0,1.0],"evs":[0.0,0.60823]},"ATs":{"weight":1.0,"played":[0.0,1.0],"evs":[0.0,1.04696]},"AJs":{"weight":1.0,"played":[0.0,1.0],"evs":[0.0,1.49437]},"AQs":{"weight":1.0,"played":[0.0,1.0],"evs":[0.0,2.12172]},"AKs":{"weight":1.0,"played":[0.0,1.0],"evs":[0.0,3.33867]},"AA":{"weight":1.0,"played":[0.0,1.0],"evs":[0.0,9.9047]}}}