{"player":0,"street":0,"children":2,"sequence":[{"player":0,"type":"R","amount":200000,"street":0},{"player":1,"type":"F","amount":0,"street":0},{"player":2,"type":"R","amount":2185000,"street":0},{"player":3,"type":"F","amount":0,"street":0},{"player":4,"type":"F","amount":0,"street":0},{"player":5,"type":"C","amount":715000,"street":0}],"actions":[{"type":"F","amount":0},{"type":"C","amount":1985000}],"hands":{"22":{"weight":0.0,"played":[1.0,0.0],"evs":[0.0,-2.83231]},"32o":{"weight":0.0,"played":[1.0,0.0],"evs":[0.0,-8.0689]},"42o":{"weight":0.0,"played":[1.0,0.0],"evs":[0.0,-7.68391]},"52o":{"weight":0.0,"played":[1.0,0.0],"evs":[0.0,-7.56024]},"62o":{"weight":0.0,"played":[1.0,0.0],"evs":[0.0,-7.98459]},"72o":{"weight":0.0,"played":[1.0,0.0],"evs":[0.0,-8.73374]},"82o":{"weight":0.0,"played":[1.0,0.0],"evs":[0.0,-8.09861]},"92o":{"weight":0.0,"played":[1.0,0.0],"evs":[0.0,-7.87157]},"T2o":{"weight":0.0,"played":[1.0,0.0],"evs":[0.0,-7.79379]},"J2o":{"weight":0.0,"played":[1.0,0.0],"evs":[0.0,-7.1384]},"Q2o":{"weight":0.0,"played":[1.0,0.0],"evs":[0.0,-7.06928]},"K2o":{"weight":0.0,"played":[1.0,0.0],"evs":[0.0,-6.6339]},"A2o":{"weight":0.0,"played":[1.0,0.0],"evs":[0.0,-4.47677]},"32s":{"weight":0.0,"played":[1.0,0.0],"evs":[0.0,-5.99255]},"33":{"weight":0.3456,"played":[1.0,0.0],"evs":[0.0,-1.13975]},"43o":{"weight":0.0,"played":[1.0,0.0],"evs":[0.0,-6.44184]},"53o":{"weight":0.0,"played":[1.0,0.0],"evs":[0.0,-6.23174]},"63o":{"weight":0.0,"played":[1.0,0.0],"evs":[0.0,-6.8649]},"73o":{"weight":0.0,"played":[1.0,0.0],"evs":[0.0,-7.50985]},"83o":{"weight":0.0,"played":[1.0,0.0],"evs":[0.0,-7.74035]},"93o":{"weight":0.0,"played":[1.0,0.0],"evs":[0.0,-7.58698]},"T3o":{"weight":0.0,"played":[1.0,0.0],"evs":[0.0,-7.25692]},"J3o":{"weight":0.0,"played":[1.0,0.0],"evs":[0.0,-6.50779]},"Q3o":{"weight":0.0,"played":[1.0,0.0],"evs":[0.0,-6.43235]},"K3o":{"weight":0.0,"played":[1.0,0.0],"evs":[0.0,-6.1211]},"A3o":{"weight":0.0,"played":[1.0,0.0],"evs":[0.0,-3.87291]},"42s":{"weight":0.0,"played":[1.0,0.0],"evs":[0.0,-5.66687]},"43s":{"weight":0.0,"played":[1.0,0.0],"evs":[0.0,-4.60917]},"44":{"weight":1.0,"played":[0.9865,0.0135],"evs":[0.0,-0.21104]},"54o":{"weight":0.0,"played":[1.0,0.0],"evs":[0.0,-5.30638]},"64o":{"weight":0.0,"played":[1.0,0.0],"evs":[0.0,-5.73777]},"74o":{"weight":0.0,"played":[1.0,0.0],"evs":[0.0,-6.2193]},"84o":{"weight":0.0,"played":[1.0,0.0],"evs":[0.0,-6.53536]},"94o":{"weight":0.0,"played":[1.0,0.0],"evs":[0.0,-6.92596]},"T4o":{"weight":0.0,"played":[1.0,0.0],"evs":[0.0,-6.6487]},"J4o":{"weight":0.0,"played":[1.0,0.0],"evs":[0.0,-6.006]},"Q4o":{"weight":0.0,"played":[1.0,0.0],"evs":[0.0,-5.79307]},"K4o":{"weight":0.0,"played":[1.0,0.0],"evs":[0.0,-5.64352]},"A4o":{"weight":0.0,"played":[1.0,0.0],"evs":[0.0,-3.36132]},"52s":{"weight":0.0,"played":[1.0,0.0],"evs":[0.0,-5.52572]},"53s":{"weight":0.0,"played":[1.0,0.0],"evs":[0.0,-4.46862]},"54s":{"weight":0.0,"played":[1.0,0.0],"evs":[0.0,-3.41364]},"55":{"weight":1.0,"played":[0.0209,0.9791],"evs":[0.0,0.2904]},"65o":{"weight":0.0,"played":[1.0,0.0],"evs":[0.0,-5.13953]},"75o":{"weight":0.0,"played":[1.0,0.0],"evs":[0.0,-5.79017]},"85o":{"weight":0.0,"played":[1.0,0.0],"evs":[0.0,-5.72863]},"95o":{"weight":0.0,"played":[1.0,0.0],"evs":[0.0,-6.29581]},"T5o":{"weight":0.0,"played":[1.0,0.0],"evs":[0.0,-6.7673]},"J5o":{"weight":0.0,"played":[1.0,0.0],"evs":[0.0,-5.99923]},"Q5o":{"weight":0.0,"played":[1.0,0.0],"evs":[0.0,-5.74761]},"K5o":{"weight":0.0,"played":[1.0,0.0],"evs":[0.0,-5.42769]},"A5o":{"weight":0.0,"played":[1.0,0.0],"evs":[0.0,-3.21008]},"62s":{"weight":0.0,"played":[1.0,0.0],"evs":[0.0,-6.05624]},"63s":{"weight":0.0,"played":[1.0,0.0],"evs":[0.0,-5.20595]},"64s":{"weight":0.0,"played":[1.0,0.0],"evs":[0.0,-3.94218]},"65s":{"weight":0.0,"played":[1.0,0.0],"evs":[0.0,-3.26587]},"66":{"weight":0.9971,"played":[0.0,1.0],"evs":[0.0,0.67057]},"76o":{"weight":0.0,"played":[1.0,0.0],"evs":[0.0,-5.0184]},"86o":{"weight":0.0,"played":[1.0,0.0],"evs":[0.0,-5.00454]},"96o":{"weight":0.0,"played":[1.0,0.0],"evs":[0.0,-5.44945]},"T6o":{"weight":0.0,"played":[1.0,0.0],"evs":[0.0,-5.93019]},"J6o":{"weight":0.0,"played":[1.0,0.0],"evs":[0.0,-5.96349]},"Q6o":{"weight":0.0,"played":[1.0,0.0],"evs":[0.0,-5.48653]},"K6o":{"weight":0.0,"played":[1.0,0.0],"evs":[0.0,-5.03132]},"A6o":{"weight":0.0,"played":[1.0,0.0],"evs":[0.0,-3.47903]},"72s":{"weight":0.0,"played":[1.0,0.0],"evs":[0.0,-6.78848]},"73s":{"weight":0.0,"played":[1.0,0.0],"evs":[0.0,-5.53307]},"74s":{"weight":0.0,"played":[1.0,0.0],"evs":[0.0,-4.54901]},"75s":{"weight":0.0,"played":[1.0,0.0],"evs":[0.0,-3.61687]},"76s":{"weight":0.0,"played":[1.0,0.0],"evs":[0.0,-3.12374]},"77":{"weight":0.9996,"played":[0.0,1.0],"evs":[0.0,1.75752]},"87o":{"weight":0.0,"played":[1.0,0.0],"evs":[0.0,-4.5455]},"97o":{"weight":0.0,"played":[1.0,0.0],"evs":[0.0,-4.99253]},"T7o":{"weight":0.0,"played":[1.0,0.0],"evs":[0.0,-5.40231]},"J7o":{"weight":0.0,"played":[1.0,0.0],"evs":[0.0,-5.17944]},"Q7o":{"weight":0.0,"played":[1.0,0.0],"evs":[0.0,-5.6062]},"K7o":{"weight":0.0,"played":[1.0,0.0],"evs":[0.0,-5.14553]},"A7o":{"weight":0.999,"played":[1.0,0.0],"evs":[0.0,-3.05822]},"82s":{"weight":0.0,"played":[1.0,0.0],"evs":[0.0,-5.98739]},"83s":{"weight":0.0,"played":[1.0,0.0],"evs":[0.0,-5.68867]},"84s":{"weight":0.0,"played":[1.0,0.0],"evs":[0.0,-4.70915]},"85s":{"weight":0.0,"played":[1.0,0.0],"evs":[0.0,-3.91284]},"86s":{"weight":0.0,"played":[1.0,0.0],"evs":[0.0,-3.16943]},"87s":{"weight":0.0,"played":[1.0,0.0],"evs":[0.0,-2.80709]},"88":{"weight":1.0,"played":[0.0,1.0],"evs":[0.0,3.31111]},"98o":{"weight":0.0,"played":[1.0,0.0],"evs":[0.0,-4.23346]},"T8o":{"weight":0.0,"played":[1.0,0.0],"evs":[0.0,-4.3671]},"J8o":{"weight":0.0,"played":[1.0,0.0],"evs":[0.0,-4.41269]},"Q8o":{"weight":0.0,"played":[1.0,0.0],"evs":[0.0,-4.59215]},"K8o":{"weight":0.0,"played":[1.0,0.0],"evs":[0.0,-4.4655]},"A8o":{"weight":1.0,"played":[1.0,0.0],"evs":[0.0,-2.46221]},"92s":{"weight":0.0,"played":[1.0,0.0],"evs":[0.0,-5.904]},"93s":{"weight":0.0,"played":[1.0,0.0],"evs":[0.0,-5.33622]},"94s":{"weight":0.0,"played":[1.0,0.0],"evs":[0.0,-5.11134]},"95s":{"weight":0.0,"played":[1.0,0.0],"evs":[0.0,-4.3107]},"96s":{"weight":0.0,"played":[1.0,0.0],"evs":[0.0,-3.50095]},"97s":{"weight":0.0,"played":[1.0,0.0],"evs":[0.0,-3.17182]},"98s":{"weight":0.9994,"played":[1.0,0.0],"evs":[0.0,-2.3811]},"99":{"weight":1.0,"played":[0.0,1.0],"evs":[0.0,5.23708]},"T9o":{"weight":0.0,"played":[1.0,0.0],"evs":[0.0,-3.76756]},"J9o":{"weight":0.0,"played":[1.0,0.0],"evs":[0.0,-3.73308]},"Q9o":{"weight":0.0,"played":[1.0,0.0],"evs":[0.0,-3.77123]},"K9o":{"weight":0.0,"played":[1.0,0.0],"evs":[0.0,-3.56853]},"A9o":{"weight":1.0,"played":[1.0,0.0],"evs":[0.0,-1.79742]},"T2s":{"weight":0.0,"played":[1.0,0.0],"evs":[0.0,-5.71803]},"T3s":{"weight":0.0,"played":[1.0,0.0],"evs":[0.0,-5.24807]},"T4s":{"weight":0.0,"played":[1.0,0.0],"evs":[0.0,-4.82592]},"T5s":{"weight":0.0,"played":[1.0,0.0],"evs":[0.0,-4.79931]},"T6s":{"weight":0.0,"played":[1.0,0.0],"evs":[0.0,-4.06594]},"T7s":{"weight":0.0,"played":[1.0,0.0],"evs":[0.0,-3.45925]},"T8s":{"weight":0.9977,"played":[1.0,0.0],"evs":[0.0,-2.56235]},"T9s":{"weight":1.0,"played":[1.0,0.0],"evs":[0.0,-2.13596]},"TT":{"weight":1.0,"played":[0.0,1.0],"evs":[0.0,7.93346]},"JTo":{"weight":0.2511,"played":[1.0,0.0],"evs":[0.0,-2.66034]},"QTo":{"weight":0.9999,"played":[1.0,0.0],"evs":[0.0,-2.50637]},"KTo":{"weight":1.0,"played":[1.0,0.0],"evs":[0.0,-1.82837]},"ATo":{"weight":1.0,"played":[1.0,0.0],"evs":[0.0,-0.47968]},"J2s":{"weight":0.0,"played":[1.0,0.0],"evs":[0.0,-5.01354]},"J3s":{"weight":0.0,"played":[1.0,0.0],"evs":[0.0,-4.75898]},"J4s":{"weight":0.0,"played":[1.0,0.0],"evs":[0.0,-4.08646]},"J5s":{"weight":0.0,"played":[1.0,0.0],"evs":[0.0,-4.01168]},"J6s":{"weight":0.0,"played":[1.0,0.0],"evs":[0.0,-3.90604]},"J7s":{"weight":0.0,"played":[1.0,0.0],"evs":[0.0,-3.31763]},"J8s":{"weight":0.0,"played":[1.0,0.0],"evs":[0.0,-2.53086]},"J9s":{"weight":1.0,"played":[1.0,0.0],"evs":[0.0,-1.71558]},"JTs":{"weight":0.9999,"played":[0.9999,1.0E-4],"evs":[0.0,-0.97428]},"JJ":{"weight":1.0,"played":[0.0,1.0],"evs":[0.0,11.05524]},"QJo":{"weight":1.0,"played":[1.0,0.0],"evs":[0.0,-1.56653]},"KJo":{"weight":1.0,"played":[1.0,0.0],"evs":[0.0,-0.5075]},"AJo":{"weight":0.9974,"played":[0.0021,0.9979],"evs":[0.0,0.20451]},"Q2s":{"weight":0.0,"played":[1.0,0.0],"evs":[0.0,-4.90384]},"Q3s":{"weight":0.0,"played":[1.0,0.0],"evs":[0.0,-4.52152]},"Q4s":{"weight":0.0,"played":[1.0,0.0],"evs":[0.0,-3.94834]},"Q5s":{"weight":0.0,"played":[1.0,0.0],"evs":[0.0,-3.94951]},"Q6s":{"weight":0.0,"played":[1.0,0.0],"evs":[0.0,-3.51874]},"Q7s":{"weight":0.0,"played":[1.0,0.0],"evs":[0.0,-3.59269]},"Q8s":{"weight":0.7977,"played":[1.0,0.0],"evs":[0.0,-2.5]},"Q9s":{"weight":1.0,"played":[1.0,0.0],"evs":[0.0,-1.92356]},"QTs":{"weight":1.0,"played":[0.9991,9.0E-4],"evs":[0.0,-0.85783]},"QJs":{"weight":1.0,"played":[0.7259,0.2741],"evs":[0.0,0.03047]},"QQ":{"weight":1.0,"played":[0.0,1.0],"evs":[0.0,14.60916]},"KQo":{"weight":0.9992,"played":[0.9536,0.0464],"evs":[0.0,-0.2108]},"AQo":{"weight":0.9994,"played":[0.0,1.0],"evs":[0.0,2.03883]},"K2s":{"weight":0.0,"played":[1.0,0.0],"evs":[0.0,-4.63105]},"K3s":{"weight":0.0,"played":[1.0,0.0],"evs":[0.0,-4.12234]},"K4s":{"weight":0.0,"played":[1.0,0.0],"evs":[0.0,-3.44482]},"K5s":{"weight":0.0,"played":[1.0,0.0],"evs":[0.0,-3.32901]},"K6s":{"weight":0.0,"played":[1.0,0.0],"evs":[0.0,-3.10152]},"K7s":{"weight":0.735,"played":[1.0,0.0],"evs":[0.0,-3.01451]},"K8s":{"weight":1.0,"played":[1.0,0.0],"evs":[0.0,-2.71109]},"K9s":{"weight":1.0,"played":[0.9999,1.0E-4],"evs":[0.0,-1.79019]},"KTs":{"weight":0.9992,"played":[0.9226,0.0774],"evs":[0.0,-0.15799]},"KJs":{"weight":1.0,"played":[1.0E-4,0.9999],"evs":[0.0,1.14895]},"KQs":{"weight":0.9999,"played":[0.0,1.0],"evs":[0.0,1.45491]},"KK":{"weight":1.0,"played":[0.0,1.0],"evs":[0.0,17.98944]},"AKo":{"weight":1.0,"played":[0.0,1.0],"evs":[0.0,5.0986]},"A2s":{"weight":1.0,"played":[1.0,0.0],"evs":[0.0,-2.44153]},"A3s":{"weight":1.0,"played":[1.0,0.0],"evs":[0.0,-1.79344]},"A4s":{"weight":1.0,"played":[1.0,0.0],"evs":[0.0,-1.38402]},"A5s":{"weight":1.0,"played":[1.0,0.0],"evs":[0.0,-1.18455]},"A6s":{"weight":1.0,"played":[1.0,0.0],"evs":[0.0,-1.64682]},"A7s":{"weight":1.0,"played":[0.9999,1.0E-4],"evs":[0.0,-1.12954]},"A8s":{"weight":1.0,"played":[0.9999,1.0E-4],"evs":[0.0,-0.53373]},"A9s":{"weight":1.0,"played":[2.0E-4,0.9998],"evs":[0.0,0.04353]},"ATs":{"weight":1.0,"played":[0.0,1.0],"evs":[0.0,1.28103]},"AJs":{"weight":1.0,"played":[0.0,1.0],"evs":[0.0,1.93575]},"AQs":{"weight":1.0,"played":[0.0,1.0],"evs":[0.0,3.49012]},"AKs":{"weight":1.0,"played":[0.0,1.0],"evs":[0.0,6.36408]},"AA":{"weight":1.0,"played":[0.0,1.0],"evs":[0.0,22.16686]}}}