{"player":5,"street":0,"children":2,"sequence":[{"player":0,"type":"R","amount":200000,"street":0},{"player":1,"type":"F","amount":0,"street":0},{"player":2,"type":"R","amount":2185000,"street":0},{"player":3,"type":"C","amount":1215000,"street":0},{"player":4,"type":"C","amount":665000,"street":0}],"actions":[{"type":"F","amount":0,"node":353},{"type":"C","amount":715000,"node":354}],"hands":{"22":{"weight":1.0,"played":[0.4547,0.5453],"evs":[0.0,-0.19693]},"32o":{"weight":1.0,"played":[1.0,0.0],"evs":[0.0,-2.31185]},"42o":{"weight":1.0,"played":[1.0,0.0],"evs":[0.0,-1.41741]},"52o":{"weight":1.0,"played":[0.9976,0.0024],"evs":[0.0,-2.02742]},"62o":{"weight":1.0,"played":[1.0,0.0],"evs":[0.0,-2.36028]},"72o":{"weight":1.0,"played":[0.9999,1.0E-4],"evs":[0.0,-2.87377]},"82o":{"weight":1.0,"played":[0.9998,2.0E-4],"evs":[0.0,-3.2433]},"92o":{"weight":1.0,"played":[0.9967,0.0033],"evs":[0.0,-2.8164]},"T2o":{"weight":1.0,"played":[1.0,0.0],"evs":[0.0,-2.98664]},"J2o":{"weight":1.0,"played":[0.9999,1.0E-4],"evs":[0.0,-2.98666]},"Q2o":{"weight":1.0,"played":[1.0,0.0],"evs":[0.0,-2.49198]},"K2o":{"weight":1.0,"played":[0.9997,3.0E-4],"evs":[0.0,-3.73691]},"A2o":{"weight":1.0,"played":[0.9993,7.0E-4],"evs":[0.0,-2.23257]},"32s":{"weight":1.0,"played":[0.0596,0.9404],"evs":[0.0,0.63986]},"33":{"weight":1.0,"played":[0.9103,0.0897],"evs":[0.0,-1.10667]},"43o":{"weight":1.0,"played":[0.9986,0.0014],"evs":[0.0,-0.96356]},"53o":{"weight":1.0,"played":[0.9998,2.0E-4],"evs":[0.0,-1.23285]},"63o":{"weight":1.0,"played":[1.0,0.0],"evs":[0.0,-1.61916]},"73o":{"weight":1.0,"played":[1.0,0.0],"evs":[0.0,-2.54519]},"83o":{"weight":1.0,"played":[0.9998,2.0E-4],"evs":[0.0,-3.08034]},"93o":{"weight":1.0,"played":[1.0,0.0],"evs":[0.0,-2.63332]},"T3o":{"weight":1.0,"played":[0.9959,0.0041],"evs":[0.0,-2.48286]},"J3o":{"weight":1.0,"played":[1.0,0.0],"evs":[0.0,-2.46639]},"Q3o":{"weight":1.0,"played":[0.9979,0.0021],"evs":[0.0,-2.87354]},"K3o":{"weight":1.0,"played":[0.9999,1.0E-4],"evs":[0.0,-3.34627]},"A3o":{"weight":1.0,"played":[0.9989,0.0011],"evs":[0.0,-2.38585]},"42s":{"weight":1.0,"played":[0.6378,0.3622],"evs":[0.0,-0.35645]},"43s":{"weight":1.0,"played":[0.7824,0.2176],"evs":[0.0,-0.64534]},"44":{"weight":1.0,"played":[0.523,0.477],"evs":[0.0,0.52619]},"54o":{"weight":1.0,"played":[0.776,0.224],"evs":[0.0,-0.48303]},"64o":{"weight":1.0,"played":[0.9935,0.0065],"evs":[0.0,-1.351]},"74o":{"weight":1.0,"played":[0.9961,0.0039],"evs":[0.0,-1.83112]},"84o":{"weight":1.0,"played":[0.9958,0.0042],"evs":[0.0,-2.21228]},"94o":{"weight":1.0,"played":[0.9988,0.0012],"evs":[0.0,-2.36978]},"T4o":{"weight":1.0,"played":[0.9999,1.0E-4],"evs":[0.0,-2.38479]},"J4o":{"weight":1.0,"played":[0.9991,9.0E-4],"evs":[0.0,-2.5946]},"Q4o":{"weight":1.0,"played":[0.9942,0.0058],"evs":[0.0,-2.29187]},"K4o":{"weight":1.0,"played":[1.0,0.0],"evs":[0.0,-2.45162]},"A4o":{"weight":1.0,"played":[0.9998,2.0E-4],"evs":[0.0,-1.46023]},"52s":{"weight":1.0,"played":[0.9599,0.0401],"evs":[0.0,-1.2382]},"53s":{"weight":1.0,"played":[0.0334,0.9666],"evs":[0.0,1.02608]},"54s":{"weight":1.0,"played":[0.6677,0.3323],"evs":[0.0,-0.18434]},"55":{"weight":1.0,"played":[0.0541,0.9459],"evs":[0.0,0.40275]},"65o":{"weight":1.0,"played":[0.8805,0.1195],"evs":[0.0,-1.41292]},"75o":{"weight":1.0,"played":[0.9609,0.0391],"evs":[0.0,-1.79998]},"85o":{"weight":1.0,"played":[0.9998,2.0E-4],"evs":[0.0,-2.18571]},"95o":{"weight":1.0,"played":[0.9949,0.0051],"evs":[0.0,-2.60719]},"T5o":{"weight":1.0,"played":[0.9997,3.0E-4],"evs":[0.0,-2.11017]},"J5o":{"weight":1.0,"played":[0.9999,1.0E-4],"evs":[0.0,-2.53045]},"Q5o":{"weight":1.0,"played":[0.9999,1.0E-4],"evs":[0.0,-1.89541]},"K5o":{"weight":1.0,"played":[0.9942,0.0058],"evs":[0.0,-2.08412]},"A5o":{"weight":1.0,"played":[0.998,0.002],"evs":[0.0,-2.34376]},"62s":{"weight":1.0,"played":[0.9999,1.0E-4],"evs":[0.0,-0.70457]},"63s":{"weight":1.0,"played":[0.0237,0.9763],"evs":[0.0,0.9091]},"64s":{"weight":1.0,"played":[0.5277,0.4723],"evs":[0.0,0.92831]},"65s":{"weight":1.0,"played":[0.0368,0.9632],"evs":[0.0,0.4158]},"66":{"weight":1.0,"played":[0.3803,0.6197],"evs":[0.0,0.00792]},"76o":{"weight":1.0,"played":[0.6014,0.3986],"evs":[0.0,-0.11934]},"86o":{"weight":1.0,"played":[0.9941,0.0059],"evs":[0.0,-1.32092]},"96o":{"weight":1.0,"played":[0.9997,3.0E-4],"evs":[0.0,-1.39519]},"T6o":{"weight":1.0,"played":[1.0,0.0],"evs":[0.0,-2.83971]},"J6o":{"weight":1.0,"played":[0.9995,5.0E-4],"evs":[0.0,-2.74725]},"Q6o":{"weight":1.0,"played":[0.9963,0.0037],"evs":[0.0,-1.7437]},"K6o":{"weight":1.0,"played":[0.9988,0.0012],"evs":[0.0,-2.20235]},"A6o":{"weight":1.0,"played":[0.9999,1.0E-4],"evs":[0.0,-2.37129]},"72s":{"weight":1.0,"played":[1.0,0.0],"evs":[0.0,-0.39407]},"73s":{"weight":1.0,"played":[0.8973,0.1027],"evs":[0.0,-0.52672]},"74s":{"weight":1.0,"played":[0.6877,0.3123],"evs":[0.0,-0.48089]},"75s":{"weight":1.0,"played":[0.3188,0.6812],"evs":[0.0,0.16751]},"76s":{"weight":1.0,"played":[0.5337,0.4663],"evs":[0.0,-0.28757]},"77":{"weight":1.0,"played":[0.0146,0.9854],"evs":[0.0,0.41636]},"87o":{"weight":1.0,"played":[0.9895,0.0105],"evs":[0.0,-2.11527]},"97o":{"weight":1.0,"played":[0.9951,0.0049],"evs":[0.0,-1.913]},"T7o":{"weight":1.0,"played":[0.9992,8.0E-4],"evs":[0.0,-1.51874]},"J7o":{"weight":1.0,"played":[0.9967,0.0033],"evs":[0.0,-2.32533]},"Q7o":{"weight":1.0,"played":[1.0,0.0],"evs":[0.0,-2.2126]},"K7o":{"weight":1.0,"played":[0.9999,1.0E-4],"evs":[0.0,-2.82759]},"A7o":{"weight":1.0,"played":[0.9999,1.0E-4],"evs":[0.0,-2.69137]},"82s":{"weight":1.0,"played":[0.9897,0.0103],"evs":[0.0,-0.73721]},"83s":{"weight":1.0,"played":[0.9979,0.0021],"evs":[0.0,-2.7631]},"84s":{"weight":1.0,"played":[0.9987,0.0013],"evs":[0.0,-0.68299]},"85s":{"weight":1.0,"played":[0.2018,0.7982],"evs":[0.0,-0.193]},"86s":{"weight":1.0,"played":[0.3133,0.6867],"evs":[0.0,0.02519]},"87s":{"weight":1.0,"played":[0.711,0.289],"evs":[0.0,-0.93509]},"88":{"weight":1.0,"played":[0.825,0.175],"evs":[0.0,-0.4737]},"98o":{"weight":1.0,"played":[0.9944,0.0056],"evs":[0.0,-1.16988]},"T8o":{"weight":1.0,"played":[0.9934,0.0066],"evs":[0.0,-1.5883]},"J8o":{"weight":1.0,"played":[0.9999,1.0E-4],"evs":[0.0,-2.40705]},"Q8o":{"weight":1.0,"played":[0.9996,4.0E-4],"evs":[0.0,-2.04496]},"K8o":{"weight":1.0,"played":[0.9998,2.0E-4],"evs":[0.0,-2.89225]},"A8o":{"weight":1.0,"played":[0.9943,0.0057],"evs":[0.0,-2.44099]},"92s":{"weight":1.0,"played":[0.9997,3.0E-4],"evs":[0.0,-2.92223]},"93s":{"weight":1.0,"played":[0.9775,0.0225],"evs":[0.0,-1.42729]},"94s":{"weight":1.0,"played":[0.6824,0.3176],"evs":[0.0,-1.27862]},"95s":{"weight":1.0,"played":[0.9746,0.0254],"evs":[0.0,-0.95911]},"96s":{"weight":1.0,"played":[0.8984,0.1016],"evs":[0.0,-0.78907]},"97s":{"weight":1.0,"played":[0.9955,0.0045],"evs":[0.0,-1.27834]},"98s":{"weight":1.0,"played":[0.3247,0.6753],"evs":[0.0,0.00484]},"99":{"weight":1.0,"played":[0.06,0.94],"evs":[0.0,2.2533]},"T9o":{"weight":1.0,"played":[0.9252,0.0748],"evs":[0.0,-1.10122]},"J9o":{"weight":1.0,"played":[0.9993,7.0E-4],"evs":[0.0,-2.66147]},"Q9o":{"weight":1.0,"played":[0.9675,0.0325],"evs":[0.0,-2.48103]},"K9o":{"weight":1.0,"played":[0.9893,0.0107],"evs":[0.0,-3.18217]},"A9o":{"weight":1.0,"played":[0.9976,0.0024],"evs":[0.0,-2.41145]},"T2s":{"weight":1.0,"played":[0.9695,0.0305],"evs":[0.0,-1.60331]},"T3s":{"weight":1.0,"played":[0.9992,8.0E-4],"evs":[0.0,-1.5092]},"T4s":{"weight":1.0,"played":[0.8528,0.1472],"evs":[0.0,-1.55906]},"T5s":{"weight":1.0,"played":[0.9805,0.0195],"evs":[0.0,-1.52967]},"T6s":{"weight":1.0,"played":[0.59,0.41],"evs":[0.0,-0.17906]},"T7s":{"weight":1.0,"played":[0.5609,0.4391],"evs":[0.0,-0.02442]},"T8s":{"weight":1.0,"played":[0.2276,0.7724],"evs":[0.0,1.48358]},"T9s":{"weight":1.0,"played":[0.051,0.949],"evs":[0.0,1.22725]},"TT":{"weight":1.0,"played":[2.0E-4,0.9998],"evs":[0.0,2.58071]},"JTo":{"weight":1.0,"played":[0.8451,0.1549],"evs":[0.0,-0.60273]},"QTo":{"weight":1.0,"played":[0.993,0.007],"evs":[0.0,-1.53869]},"KTo":{"weight":1.0,"played":[0.9999,1.0E-4],"evs":[0.0,-2.26322]},"ATo":{"weight":1.0,"played":[0.9997,3.0E-4],"evs":[0.0,-1.63333]},"J2s":{"weight":1.0,"played":[0.6895,0.3105],"evs":[0.0,-0.85771]},"J3s":{"weight":1.0,"played":[0.9708,0.0292],"evs":[0.0,-1.04192]},"J4s":{"weight":1.0,"played":[0.9882,0.0118],"evs":[0.0,-1.20456]},"J5s":{"weight":1.0,"played":[0.9567,0.0433],"evs":[0.0,-1.78472]},"J6s":{"weight":1.0,"played":[0.322,0.678],"evs":[0.0,-0.86272]},"J7s":{"weight":1.0,"played":[0.9941,0.0059],"evs":[0.0,-1.37422]},"J8s":{"weight":1.0,"played":[0.7609,0.2391],"evs":[0.0,-1.67282]},"J9s":{"weight":1.0,"played":[0.6487,0.3513],"evs":[0.0,-0.11689]},"JTs":{"weight":1.0,"played":[0.1698,0.8302],"evs":[0.0,-0.31949]},"JJ":{"weight":1.0,"played":[0.0,1.0],"evs":[0.0,4.0413]},"QJo":{"weight":1.0,"played":[0.9928,0.0072],"evs":[0.0,-1.66714]},"KJo":{"weight":1.0,"played":[0.8906,0.1094],"evs":[0.0,-0.92472]},"AJo":{"weight":1.0,"played":[0.8909,0.1091],"evs":[0.0,-0.60173]},"Q2s":{"weight":1.0,"played":[0.9994,6.0E-4],"evs":[0.0,-1.24444]},"Q3s":{"weight":1.0,"played":[0.9963,0.0037],"evs":[0.0,-0.96837]},"Q4s":{"weight":1.0,"played":[0.3906,0.6094],"evs":[0.0,-0.4962]},"Q5s":{"weight":1.0,"played":[0.8569,0.1431],"evs":[0.0,-0.41083]},"Q6s":{"weight":1.0,"played":[0.9537,0.0463],"evs":[0.0,-0.66942]},"Q7s":{"weight":1.0,"played":[0.694,0.306],"evs":[0.0,-0.20444]},"Q8s":{"weight":1.0,"played":[0.4877,0.5123],"evs":[0.0,-0.27674]},"Q9s":{"weight":1.0,"played":[0.4723,0.5277],"evs":[0.0,0.47464]},"QTs":{"weight":1.0,"played":[0.0,1.0],"evs":[0.0,0.7389]},"QJs":{"weight":1.0,"played":[0.7873,0.2127],"evs":[0.0,-0.03859]},"QQ":{"weight":1.0,"played":[0.0,1.0],"evs":[0.0,6.63044]},"KQo":{"weight":1.0,"played":[0.982,0.018],"evs":[0.0,-1.5155]},"AQo":{"weight":1.0,"played":[0.9915,0.0085],"evs":[0.0,-1.37685]},"K2s":{"weight":1.0,"played":[0.9858,0.0142],"evs":[0.0,-2.32231]},"K3s":{"weight":1.0,"played":[0.9998,2.0E-4],"evs":[0.0,-1.62031]},"K4s":{"weight":1.0,"played":[0.2643,0.7357],"evs":[0.0,-0.26212]},"K5s":{"weight":1.0,"played":[1.0,0.0],"evs":[0.0,-1.44334]},"K6s":{"weight":1.0,"played":[0.9855,0.0145],"evs":[0.0,-0.3869]},"K7s":{"weight":1.0,"played":[0.9924,0.0076],"evs":[0.0,-1.59937]},"K8s":{"weight":1.0,"played":[0.9238,0.0762],"evs":[0.0,-0.76321]},"K9s":{"weight":1.0,"played":[0.2073,0.7927],"evs":[0.0,0.01385]},"KTs":{"weight":1.0,"played":[0.6882,0.3118],"evs":[0.0,0.06021]},"KJs":{"weight":1.0,"played":[0.8868,0.1132],"evs":[0.0,-0.61024]},"KQs":{"weight":1.0,"played":[0.0295,0.9705],"evs":[0.0,1.42231]},"KK":{"weight":1.0,"played":[0.0,1.0],"evs":[0.0,8.66553]},"AKo":{"weight":1.0,"played":[0.0493,0.9507],"evs":[0.0,0.96635]},"A2s":{"weight":1.0,"played":[0.8388,0.1612],"evs":[0.0,-0.36059]},"A3s":{"weight":1.0,"played":[0.8363,0.1637],"evs":[0.0,-0.76343]},"A4s":{"weight":1.0,"played":[0.4519,0.5481],"evs":[0.0,0.00808]},"A5s":{"weight":1.0,"played":[0.8013,0.1987],"evs":[0.0,0.58276]},"A6s":{"weight":1.0,"played":[0.995,0.005],"evs":[0.0,-1.37493]},"A7s":{"weight":1.0,"played":[0.908,0.092],"evs":[0.0,-0.89101]},"A8s":{"weight":1.0,"played":[0.8716,0.1284],"evs":[0.0,-1.19084]},"A9s":{"weight":1.0,"played":[0.8995,0.1005],"evs":[0.0,-1.25456]},"ATs":{"weight":1.0,"played":[0.1283,0.8717],"evs":[0.0,1.13875]},"AJs":{"weight":1.0,"played":[0.219,0.781],"evs":[0.0,1.3092]},"AQs":{"weight":1.0,"played":[0.1058,0.8942],"evs":[0.0,1.25374]},"AKs":{"weight":1.0,"played":[0.0352,0.9648],"evs":[0.0,2.56074]},"AA":{"weight":1.0,"played":[1.0E-4,0.9999],"evs":[0.0,15.32857]}}}