{"player":0,"street":0,"children":3,"sequence":[{"player":0,"type":"R","amount":200000,"street":0},{"player":1,"type":"C","amount":200000,"street":0},{"player":2,"type":"F","amount":0,"street":0},{"player":3,"type":"F","amount":0,"street":0},{"player":4,"type":"F","amount":0,"street":0},{"player":5,"type":"R","amount":815000,"street":0}],"actions":[{"type":"F","amount":0,"node":360},{"type":"C","amount":615000,"node":361},{"type":"R","amount":2185000,"node":363}],"hands":{"22":{"weight":0.0,"played":[0.999,0.0,0.001],"evs":[0.0,-0.34558,-0.29707]},"32o":{"weight":0.0,"played":[1.0,0.0,0.0],"evs":[0.0,-3.31753,-4.58262]},"42o":{"weight":0.0,"played":[1.0,0.0,0.0],"evs":[0.0,-3.24334,-4.26225]},"52o":{"weight":0.0,"played":[1.0,0.0,0.0],"evs":[0.0,-3.14391,-3.88623]},"62o":{"weight":0.0,"played":[1.0,0.0,0.0],"evs":[0.0,-3.34851,-4.09726]},"72o":{"weight":0.0,"played":[1.0,0.0,0.0],"evs":[0.0,-3.49473,-4.35896]},"82o":{"weight":0.0,"played":[1.0,0.0,0.0],"evs":[0.0,-3.44633,-4.33871]},"92o":{"weight":0.0,"played":[1.0,0.0,0.0],"evs":[0.0,-3.44604,-4.37248]},"T2o":{"weight":0.0,"played":[1.0,0.0,0.0],"evs":[0.0,-3.13151,-4.32663]},"J2o":{"weight":0.0,"played":[1.0,0.0,0.0],"evs":[0.0,-3.31832,-4.25698]},"Q2o":{"weight":0.0,"played":[1.0,0.0,0.0],"evs":[0.0,-3.1741,-3.62886]},"K2o":{"weight":0.0,"played":[1.0,0.0,0.0],"evs":[0.0,-3.03149,-3.11946]},"A2o":{"weight":0.0,"played":[1.0,0.0,0.0],"evs":[0.0,-2.64009,-2.83237]},"32s":{"weight":0.0,"played":[1.0,0.0,0.0],"evs":[0.0,-2.97824,-3.30368]},"33":{"weight":0.3456,"played":[0.9706,0.0292,2.0E-4],"evs":[0.0,-0.12809,-0.07012]},"43o":{"weight":0.0,"played":[1.0,0.0,0.0],"evs":[0.0,-3.11421,-3.84852]},"53o":{"weight":0.0,"played":[1.0,0.0,0.0],"evs":[0.0,-2.97567,-3.30858]},"63o":{"weight":0.0,"played":[1.0,0.0,0.0],"evs":[0.0,-3.22454,-3.61328]},"73o":{"weight":0.0,"played":[1.0,0.0,0.0],"evs":[0.0,-3.29153,-3.81923]},"83o":{"weight":0.0,"played":[1.0,0.0,0.0],"evs":[0.0,-3.46828,-4.24055]},"93o":{"weight":0.0,"played":[1.0,0.0,0.0],"evs":[0.0,-3.39439,-4.09205]},"T3o":{"weight":0.0,"played":[1.0,0.0,0.0],"evs":[0.0,-3.14175,-4.16167]},"J3o":{"weight":0.0,"played":[1.0,0.0,0.0],"evs":[0.0,-3.26485,-4.13401]},"Q3o":{"weight":0.0,"played":[1.0,0.0,0.0],"evs":[0.0,-3.20289,-3.61367]},"K3o":{"weight":0.0,"played":[1.0,0.0,0.0],"evs":[0.0,-2.95569,-3.11645]},"A3o":{"weight":0.0,"played":[1.0,0.0,0.0],"evs":[0.0,-2.53544,-2.52544]},"42s":{"weight":0.0,"played":[1.0,0.0,0.0],"evs":[0.0,-2.78112,-2.8117]},"43s":{"weight":0.0,"played":[1.0,0.0,0.0],"evs":[0.0,-2.19962,-2.25518]},"44":{"weight":1.0,"played":[7.0E-4,2.0E-4,0.9991],"evs":[0.0,0.49961,0.5226]},"54o":{"weight":0.0,"played":[1.0,0.0,0.0],"evs":[0.0,-2.60225,-2.70026]},"64o":{"weight":0.0,"played":[1.0,0.0,0.0],"evs":[0.0,-2.84474,-2.92386]},"74o":{"weight":0.0,"played":[1.0,0.0,0.0],"evs":[0.0,-3.08803,-3.22124]},"84o":{"weight":0.0,"played":[1.0,0.0,0.0],"evs":[0.0,-3.25928,-3.6677]},"94o":{"weight":0.0,"played":[1.0,0.0,0.0],"evs":[0.0,-3.34898,-4.07967]},"T4o":{"weight":0.0,"played":[1.0,0.0,0.0],"evs":[0.0,-3.00894,-3.94683]},"J4o":{"weight":0.0,"played":[1.0,0.0,0.0],"evs":[0.0,-3.22697,-4.00859]},"Q4o":{"weight":0.0,"played":[1.0,0.0,0.0],"evs":[0.0,-3.07326,-3.27426]},"K4o":{"weight":0.0,"played":[1.0,0.0,0.0],"evs":[0.0,-2.85976,-2.87352]},"A4o":{"weight":0.0,"played":[1.0,0.0,0.0],"evs":[0.0,-2.4089,-2.32997]},"52s":{"weight":0.0,"played":[1.0,0.0,0.0],"evs":[0.0,-2.22588,-2.29501]},"53s":{"weight":0.0,"played":[1.0,0.0,0.0],"evs":[0.0,-1.88147,-1.97216]},"54s":{"weight":0.0,"played":[1.0,0.0,0.0],"evs":[0.0,-1.46203,-1.48204]},"55":{"weight":1.0,"played":[0.0,3.0E-4,0.9997],"evs":[0.0,1.91269,1.94188]},"65o":{"weight":0.0,"played":[1.0,0.0,0.0],"evs":[0.0,-1.9628,-2.01186]},"75o":{"weight":0.0,"played":[1.0,0.0,0.0],"evs":[0.0,-2.37808,-2.486]},"85o":{"weight":0.0,"played":[1.0,0.0,0.0],"evs":[0.0,-2.7468,-2.85765]},"95o":{"weight":0.0,"played":[1.0,0.0,0.0],"evs":[0.0,-3.11714,-3.34712]},"T5o":{"weight":0.0,"played":[1.0,0.0,0.0],"evs":[0.0,-3.00152,-3.69995]},"J5o":{"weight":0.0,"played":[1.0,0.0,0.0],"evs":[0.0,-3.05724,-3.54813]},"Q5o":{"weight":0.0,"played":[1.0,0.0,0.0],"evs":[0.0,-2.9635,-2.90149]},"K5o":{"weight":0.0,"played":[1.0,0.0,0.0],"evs":[0.0,-2.45646,-2.38608]},"A5o":{"weight":0.0,"played":[1.0,0.0,0.0],"evs":[0.0,-1.96584,-1.89827]},"62s":{"weight":0.0,"played":[1.0,0.0,0.0],"evs":[0.0,-2.4694,-2.49593]},"63s":{"weight":0.0,"played":[1.0,0.0,0.0],"evs":[0.0,-2.11751,-2.19089]},"64s":{"weight":0.0,"played":[1.0,0.0,0.0],"evs":[0.0,-1.3059,-1.38775]},"65s":{"weight":0.0,"played":[0.9999,0.0,0.0],"evs":[0.0,-0.62906,-0.70045]},"66":{"weight":0.9971,"played":[0.0,2.0E-4,0.9998],"evs":[0.0,3.30168,3.30478]},"76o":{"weight":0.0,"played":[1.0,0.0,0.0],"evs":[0.0,-1.63759,-1.74952]},"86o":{"weight":0.0,"played":[1.0,0.0,0.0],"evs":[0.0,-2.00219,-2.10949]},"96o":{"weight":0.0,"played":[1.0,0.0,0.0],"evs":[0.0,-2.49054,-2.56863]},"T6o":{"weight":0.0,"played":[1.0,0.0,0.0],"evs":[0.0,-2.84146,-2.92687]},"J6o":{"weight":0.0,"played":[1.0,0.0,0.0],"evs":[0.0,-3.16245,-3.32976]},"Q6o":{"weight":0.0,"played":[1.0,0.0,0.0],"evs":[0.0,-2.5533,-2.54043]},"K6o":{"weight":0.0,"played":[1.0,0.0,0.0],"evs":[0.0,-2.11502,-2.03092]},"A6o":{"weight":0.0,"played":[1.0,0.0,0.0],"evs":[0.0,-2.03204,-1.97335]},"72s":{"weight":0.0,"played":[1.0,0.0,0.0],"evs":[0.0,-2.97353,-3.03271]},"73s":{"weight":0.0,"played":[1.0,0.0,0.0],"evs":[0.0,-2.12597,-2.19772]},"74s":{"weight":0.0,"played":[1.0,0.0,0.0],"evs":[0.0,-1.79471,-1.81332]},"75s":{"weight":0.0,"played":[0.9999,1.0E-4,0.0],"evs":[0.0,-1.06995,-1.10243]},"76s":{"weight":0.0,"played":[0.9998,1.0E-4,1.0E-4],"evs":[0.0,-0.3564,-0.42035]},"77":{"weight":0.9996,"played":[0.0,2.0E-4,0.9998],"evs":[0.0,4.14696,4.18998]},"87o":{"weight":0.0,"played":[1.0,0.0,0.0],"evs":[0.0,-1.43816,-1.55021]},"97o":{"weight":0.0,"played":[1.0,0.0,0.0],"evs":[0.0,-1.81434,-1.92847]},"T7o":{"weight":0.0,"played":[1.0,0.0,0.0],"evs":[0.0,-2.10701,-2.18687]},"J7o":{"weight":0.0,"played":[1.0,0.0,0.0],"evs":[0.0,-2.6967,-2.69125]},"Q7o":{"weight":0.0,"played":[1.0,0.0,0.0],"evs":[0.0,-2.4646,-2.46309]},"K7o":{"weight":0.0,"played":[1.0,0.0,0.0],"evs":[0.0,-1.85998,-1.78022]},"A7o":{"weight":0.999,"played":[1.0,0.0,0.0],"evs":[0.0,-1.78192,-1.76254]},"82s":{"weight":0.0,"played":[1.0,0.0,0.0],"evs":[0.0,-2.73593,-2.82047]},"83s":{"weight":0.0,"played":[1.0,0.0,0.0],"evs":[0.0,-2.78352,-2.84333]},"84s":{"weight":0.0,"played":[1.0,0.0,0.0],"evs":[0.0,-2.14476,-2.24125]},"85s":{"weight":0.0,"played":[1.0,0.0,0.0],"evs":[0.0,-1.37104,-1.48625]},"86s":{"weight":0.0,"played":[0.9995,0.0,5.0E-4],"evs":[0.0,-0.53512,-0.59461]},"87s":{"weight":0.0,"played":[0.9714,0.026,0.0026],"evs":[0.0,-0.33158,-0.38062]},"88":{"weight":1.0,"played":[0.0,0.0318,0.9682],"evs":[0.0,4.81042,4.8525]},"98o":{"weight":0.0,"played":[1.0,0.0,0.0],"evs":[0.0,-1.43802,-1.50097]},"T8o":{"weight":0.0,"played":[1.0,0.0,0.0],"evs":[0.0,-1.74292,-1.82611]},"J8o":{"weight":0.0,"played":[1.0,0.0,0.0],"evs":[0.0,-2.21623,-2.23651]},"Q8o":{"weight":0.0,"played":[1.0,0.0,0.0],"evs":[0.0,-2.154,-2.14392]},"K8o":{"weight":0.0,"played":[1.0,0.0,0.0],"evs":[0.0,-2.01612,-1.96465]},"A8o":{"weight":1.0,"played":[1.0,0.0,0.0],"evs":[0.0,-1.56285,-1.54913]},"92s":{"weight":0.0,"played":[1.0,0.0,0.0],"evs":[0.0,-2.78675,-2.91699]},"93s":{"weight":0.0,"played":[1.0,0.0,0.0],"evs":[0.0,-2.55401,-2.63176]},"94s":{"weight":0.0,"played":[1.0,0.0,0.0],"evs":[0.0,-2.64563,-2.72198]},"95s":{"weight":0.0,"played":[1.0,0.0,0.0],"evs":[0.0,-1.85517,-1.89707]},"96s":{"weight":0.0,"played":[0.9999,0.0,1.0E-4],"evs":[0.0,-1.09559,-1.1992]},"97s":{"weight":0.0,"played":[1.0,0.0,0.0],"evs":[0.0,-0.56086,-0.70696]},"98s":{"weight":0.9994,"played":[0.8553,0.133,0.0117],"evs":[0.0,-0.06125,-0.12444]},"99":{"weight":1.0,"played":[0.0,0.0042,0.9958],"evs":[0.0,5.37538,5.42331]},"T9o":{"weight":0.0,"played":[1.0,0.0,0.0],"evs":[0.0,-1.48731,-1.50735]},"J9o":{"weight":0.0,"played":[1.0,0.0,0.0],"evs":[0.0,-1.93622,-1.90697]},"Q9o":{"weight":0.0,"played":[1.0,0.0,0.0],"evs":[0.0,-1.88362,-1.82989]},"K9o":{"weight":0.0,"played":[1.0,0.0,0.0],"evs":[0.0,-1.75586,-1.63871]},"A9o":{"weight":1.0,"played":[1.0,0.0,0.0],"evs":[0.0,-1.16334,-1.07354]},"T2s":{"weight":0.0,"played":[1.0,0.0,0.0],"evs":[0.0,-2.74267,-2.76529]},"T3s":{"weight":0.0,"played":[1.0,0.0,0.0],"evs":[0.0,-2.62822,-2.64931]},"T4s":{"weight":0.0,"played":[1.0,0.0,0.0],"evs":[0.0,-2.57522,-2.49197]},"T5s":{"weight":0.0,"played":[1.0,0.0,0.0],"evs":[0.0,-2.23037,-2.31673]},"T6s":{"weight":0.0,"played":[1.0,0.0,0.0],"evs":[0.0,-1.65008,-1.65959]},"T7s":{"weight":0.0,"played":[1.0,0.0,0.0],"evs":[0.0,-0.79472,-0.90217]},"T8s":{"weight":0.9977,"played":[1.0,0.0,0.0],"evs":[0.0,-0.3494,-0.39266]},"T9s":{"weight":1.0,"played":[0.9991,7.0E-4,2.0E-4],"evs":[0.0,-0.16517,-0.20949]},"TT":{"weight":1.0,"played":[0.0,0.0222,0.9778],"evs":[0.0,6.69216,6.76323]},"JTo":{"weight":0.2511,"played":[1.0,0.0,0.0],"evs":[0.0,-1.46769,-1.44143]},"QTo":{"weight":0.9999,"played":[1.0,0.0,0.0],"evs":[0.0,-1.33002,-1.32307]},"KTo":{"weight":1.0,"played":[1.0,0.0,0.0],"evs":[0.0,-1.20117,-1.08406]},"ATo":{"weight":1.0,"played":[0.0,3.0E-4,0.9997],"evs":[0.0,0.80164,0.88753]},"J2s":{"weight":0.0,"played":[1.0,0.0,0.0],"evs":[0.0,-2.89191,-2.88975]},"J3s":{"weight":0.0,"played":[1.0,0.0,0.0],"evs":[0.0,-2.66126,-2.65663]},"J4s":{"weight":0.0,"played":[1.0,0.0,0.0],"evs":[0.0,-2.34016,-2.25171]},"J5s":{"weight":0.0,"played":[1.0,0.0,0.0],"evs":[0.0,-2.09368,-2.11114]},"J6s":{"weight":0.0,"played":[1.0,0.0,0.0],"evs":[0.0,-1.97998,-1.97871]},"J7s":{"weight":0.0,"played":[1.0,0.0,0.0],"evs":[0.0,-1.38667,-1.35766]},"J8s":{"weight":0.0,"played":[0.9998,0.0,1.0E-4],"evs":[0.0,-0.79852,-0.79277]},"J9s":{"weight":1.0,"played":[1.0,0.0,0.0],"evs":[0.0,-0.61474,-0.58732]},"JTs":{"weight":0.9999,"played":[0.6423,0.0551,0.3027],"evs":[0.0,-0.28654,-0.26917]},"JJ":{"weight":1.0,"played":[0.0,6.0E-4,0.9994],"evs":[0.0,8.49782,8.50194]},"QJo":{"weight":1.0,"played":[1.0,0.0,0.0],"evs":[0.0,-1.20957,-1.13312]},"KJo":{"weight":1.0,"played":[1.0,0.0,0.0],"evs":[0.0,-0.89805,-0.7472]},"AJo":{"weight":0.9974,"played":[0.0,0.0088,0.9912],"evs":[0.0,2.94304,3.01547]},"Q2s":{"weight":0.0,"played":[1.0,0.0,0.0],"evs":[0.0,-2.23943,-2.23744]},"Q3s":{"weight":0.0,"played":[1.0,0.0,0.0],"evs":[0.0,-2.18209,-2.24434]},"Q4s":{"weight":0.0,"played":[1.0,0.0,0.0],"evs":[0.0,-1.91549,-1.89953]},"Q5s":{"weight":0.0,"played":[0.9998,1.0E-4,0.0],"evs":[0.0,-1.64775,-1.61366]},"Q6s":{"weight":0.0,"played":[1.0,0.0,0.0],"evs":[0.0,-1.09927,-1.1009]},"Q7s":{"weight":0.0,"played":[0.9996,2.0E-4,2.0E-4],"evs":[0.0,-1.07436,-1.05936]},"Q8s":{"weight":0.7977,"played":[0.9994,1.0E-4,5.0E-4],"evs":[0.0,-0.82857,-0.80702]},"Q9s":{"weight":1.0,"played":[1.0,0.0,0.0],"evs":[0.0,-0.47615,-0.40333]},"QTs":{"weight":1.0,"played":[0.5302,0.0562,0.4136],"evs":[0.0,-0.12207,-0.08306]},"QJs":{"weight":1.0,"played":[9.0E-4,0.0621,0.937],"evs":[0.0,0.20878,0.27939]},"QQ":{"weight":1.0,"played":[0.0,1.0E-4,0.9999],"evs":[0.0,10.02504,10.04288]},"KQo":{"weight":0.9992,"played":[0.0,1.0E-4,0.9999],"evs":[0.0,0.35103,0.53555]},"AQo":{"weight":0.9994,"played":[0.0,8.0E-4,0.9992],"evs":[0.0,4.80315,4.87104]},"K2s":{"weight":0.0,"played":[1.0,0.0,0.0],"evs":[0.0,-1.69929,-1.71475]},"K3s":{"weight":0.0,"played":[1.0,0.0,0.0],"evs":[0.0,-1.62732,-1.53631]},"K4s":{"weight":0.0,"played":[0.9995,1.0E-4,4.0E-4],"evs":[0.0,-1.60397,-1.48576]},"K5s":{"weight":0.0,"played":[0.9999,0.0,1.0E-4],"evs":[0.0,-0.97602,-0.92054]},"K6s":{"weight":0.0,"played":[0.9999,1.0E-4,0.0],"evs":[0.0,-0.70823,-0.6259]},"K7s":{"weight":0.735,"played":[0.9999,0.0,1.0E-4],"evs":[0.0,-0.48229,-0.40515]},"K8s":{"weight":1.0,"played":[0.9999,0.0,1.0E-4],"evs":[0.0,-0.61446,-0.51317]},"K9s":{"weight":1.0,"played":[0.8443,1.0E-4,0.1556],"evs":[0.0,-0.24043,-0.10249]},"KTs":{"weight":0.9992,"played":[0.005,0.0012,0.9938],"evs":[0.0,0.12687,0.22325]},"KJs":{"weight":1.0,"played":[0.0,0.0736,0.9264],"evs":[0.0,0.48593,0.59964]},"KQs":{"weight":0.9999,"played":[0.0,2.0E-4,0.9998],"evs":[0.0,1.61279,1.77618]},"KK":{"weight":1.0,"played":[0.0,0.0265,0.9735],"evs":[0.0,12.43116,12.52233]},"AKo":{"weight":1.0,"played":[0.0,4.0E-4,0.9996],"evs":[0.0,6.10483,6.17209]},"A2s":{"weight":1.0,"played":[0.9999,0.0,1.0E-4],"evs":[0.0,-1.27117,-1.20173]},"A3s":{"weight":1.0,"played":[0.9982,0.0,0.0018],"evs":[0.0,-1.08832,-0.97357]},"A4s":{"weight":1.0,"played":[1.0,0.0,0.0],"evs":[0.0,-0.83065,-0.70478]},"A5s":{"weight":1.0,"played":[0.9987,0.0,0.0013],"evs":[0.0,-0.58114,-0.50417]},"A6s":{"weight":1.0,"played":[1.0,0.0,0.0],"evs":[0.0,-0.61074,-0.52684]},"A7s":{"weight":1.0,"played":[0.9991,0.0,9.0E-4],"evs":[0.0,-0.29765,-0.26641]},"A8s":{"weight":1.0,"played":[0.3997,0.2373,0.363],"evs":[0.0,-0.03038,-0.03432]},"A9s":{"weight":1.0,"played":[0.0,3.0E-4,0.9997],"evs":[0.0,0.2297,0.31578]},"ATs":{"weight":1.0,"played":[0.0,0.0018,0.9982],"evs":[0.0,2.04429,2.08917]},"AJs":{"weight":1.0,"played":[0.0,0.033,0.967],"evs":[0.0,4.2635,4.31413]},"AQs":{"weight":1.0,"played":[0.0,0.0011,0.9989],"evs":[0.0,5.85885,5.89283]},"AKs":{"weight":1.0,"played":[0.0,0.0042,0.9958],"evs":[0.0,6.95563,7.03765]},"AA":{"weight":1.0,"played":[0.0,0.2719,0.7281],"evs":[0.0,17.19085,17.18592]}}}