{"player":1,"street":0,"children":2,"sequence":[{"player":0,"type":"R","amount":200000,"street":0},{"player":1,"type":"C","amount":200000,"street":0},{"player":2,"type":"F","amount":0,"street":0},{"player":3,"type":"F","amount":0,"street":0},{"player":4,"type":"F","amount":0,"street":0},{"player":5,"type":"R","amount":815000,"street":0},{"player":0,"type":"F","amount":0,"street":0}],"actions":[{"type":"F","amount":0},{"type":"C","amount":615000}],"hands":{"22":{"weight":0.2651,"played":[0.0,1.0],"evs":[0.0,2.55736]},"32o":{"weight":0.0,"played":[0.9999,1.0E-4],"evs":[0.0,-0.27999]},"42o":{"weight":0.0,"played":[1.0,0.0],"evs":[0.0,-0.13776]},"52o":{"weight":0.0,"played":[0.9442,0.0558],"evs":[0.0,-0.03663]},"62o":{"weight":0.0,"played":[1.0,0.0],"evs":[0.0,-0.18868]},"72o":{"weight":0.0,"played":[0.9998,2.0E-4],"evs":[0.0,-0.4344]},"82o":{"weight":0.0,"played":[1.0,0.0],"evs":[0.0,-0.22996]},"92o":{"weight":0.0,"played":[0.9999,1.0E-4],"evs":[0.0,-0.27953]},"T2o":{"weight":0.0,"played":[0.9997,3.0E-4],"evs":[0.0,-0.10459]},"J2o":{"weight":0.0,"played":[0.0728,0.9272],"evs":[0.0,0.08064]},"Q2o":{"weight":0.0,"played":[0.0235,0.9765],"evs":[0.0,0.13926]},"K2o":{"weight":0.0,"played":[0.0,1.0],"evs":[0.0,0.33377]},"A2o":{"weight":0.0,"played":[0.0,1.0],"evs":[0.0,0.77563]},"32s":{"weight":0.0,"played":[0.0,1.0],"evs":[0.0,0.44707]},"33":{"weight":0.0028,"played":[0.0,1.0],"evs":[0.0,2.62742]},"43o":{"weight":0.0,"played":[0.0182,0.9818],"evs":[0.0,0.1779]},"53o":{"weight":0.0,"played":[0.0,1.0],"evs":[0.0,0.29647]},"63o":{"weight":0.0,"played":[0.0069,0.9931],"evs":[0.0,0.10481]},"73o":{"weight":0.0,"played":[0.9975,0.0025],"evs":[0.0,-0.07538]},"83o":{"weight":0.0,"played":[0.9997,3.0E-4],"evs":[0.0,-0.27031]},"93o":{"weight":0.0,"played":[0.9993,7.0E-4],"evs":[0.0,-0.167]},"T3o":{"weight":0.0,"played":[0.4528,0.5472],"evs":[0.0,0.05563]},"J3o":{"weight":0.0,"played":[0.0,1.0],"evs":[0.0,0.18222]},"Q3o":{"weight":0.0,"played":[0.0,1.0],"evs":[0.0,0.26503]},"K3o":{"weight":0.0,"played":[0.0,1.0],"evs":[0.0,0.45066]},"A3o":{"weight":0.0,"played":[0.0,1.0],"evs":[0.0,0.89934]},"42s":{"weight":0.0,"played":[0.0,1.0],"evs":[0.0,0.59613]},"43s":{"weight":0.0,"played":[0.0,1.0],"evs":[0.0,0.99671]},"44":{"weight":0.9007,"played":[0.0,1.0],"evs":[0.0,2.90326]},"54o":{"weight":0.0,"played":[0.0,1.0],"evs":[0.0,0.59476]},"64o":{"weight":0.0,"played":[0.0,1.0],"evs":[0.0,0.46245]},"74o":{"weight":0.0,"played":[1.0E-4,0.9999],"evs":[0.0,0.23313]},"84o":{"weight":0.0,"played":[0.0027,0.9973],"evs":[0.0,0.10264]},"94o":{"weight":0.0,"played":[0.9991,9.0E-4],"evs":[0.0,-0.17825]},"T4o":{"weight":0.0,"played":[0.0235,0.9765],"evs":[0.0,0.11805]},"J4o":{"weight":0.0,"played":[1.0E-4,0.9999],"evs":[0.0,0.25734]},"Q4o":{"weight":0.0,"played":[0.0,1.0],"evs":[0.0,0.32185]},"K4o":{"weight":0.0,"played":[0.0,1.0],"evs":[0.0,0.51551]},"A4o":{"weight":0.0,"played":[0.0,1.0],"evs":[0.0,1.02248]},"52s":{"weight":0.0,"played":[0.0,1.0],"evs":[0.0,0.77925]},"53s":{"weight":0.0,"played":[0.0,1.0],"evs":[0.0,1.14891]},"54s":{"weight":0.0,"played":[0.0,1.0],"evs":[0.0,1.375]},"55":{"weight":1.0,"played":[0.0,1.0],"evs":[0.0,3.3497]},"65o":{"weight":0.0,"played":[0.0,1.0],"evs":[0.0,0.82213]},"75o":{"weight":0.0,"played":[0.0,1.0],"evs":[0.0,0.61153]},"85o":{"weight":0.0,"played":[0.0,1.0],"evs":[0.0,0.47712]},"95o":{"weight":0.0,"played":[0.0,1.0],"evs":[0.0,0.24814]},"T5o":{"weight":0.0,"played":[0.0137,0.9863],"evs":[0.0,0.16153]},"J5o":{"weight":0.0,"played":[0.0,1.0],"evs":[0.0,0.36411]},"Q5o":{"weight":0.0,"played":[0.0,1.0],"evs":[0.0,0.47202]},"K5o":{"weight":0.0,"played":[0.0,1.0],"evs":[0.0,0.65938]},"A5o":{"weight":0.0,"played":[0.0,1.0],"evs":[0.0,1.15219]},"62s":{"weight":0.0,"played":[0.0,1.0],"evs":[0.0,0.64447]},"63s":{"weight":0.0,"played":[0.0,1.0],"evs":[0.0,1.00155]},"64s":{"weight":0.0,"played":[0.0,1.0],"evs":[0.0,1.24636]},"65s":{"weight":0.1424,"played":[0.0,1.0],"evs":[0.0,1.63939]},"66":{"weight":0.8539,"played":[0.0,1.0],"evs":[0.0,3.91574]},"76o":{"weight":0.0,"played":[0.0,1.0],"evs":[0.0,0.97181]},"86o":{"weight":0.0,"played":[0.0,1.0],"evs":[0.0,0.7915]},"96o":{"weight":0.0,"played":[0.0,1.0],"evs":[0.0,0.5914]},"T6o":{"weight":0.0,"played":[0.0,1.0],"evs":[0.0,0.45616]},"J6o":{"weight":0.0,"played":[0.0,1.0],"evs":[0.0,0.42132]},"Q6o":{"weight":0.0,"played":[0.0,1.0],"evs":[0.0,0.6349]},"K6o":{"weight":0.0,"played":[0.0,1.0],"evs":[0.0,0.7723]},"A6o":{"weight":0.0,"played":[0.0,1.0],"evs":[0.0,1.02583]},"72s":{"weight":0.0,"played":[0.0,1.0],"evs":[0.0,0.41829]},"73s":{"weight":0.0,"played":[0.0,1.0],"evs":[0.0,0.81221]},"74s":{"weight":0.0,"played":[0.0,1.0],"evs":[0.0,1.08575]},"75s":{"weight":0.0,"played":[0.0,1.0],"evs":[0.0,1.45966]},"76s":{"weight":0.9996,"played":[0.0,1.0],"evs":[0.0,1.67763]},"77":{"weight":0.0448,"played":[0.0,1.0],"evs":[0.0,4.48355]},"87o":{"weight":0.0,"played":[0.0,1.0],"evs":[0.0,1.08099]},"97o":{"weight":0.0,"played":[0.0,1.0],"evs":[0.0,0.89935]},"T7o":{"weight":0.0,"played":[0.0,1.0],"evs":[0.0,0.77274]},"J7o":{"weight":0.0,"played":[0.0,1.0],"evs":[0.0,0.67953]},"Q7o":{"weight":0.0,"played":[0.0,1.0],"evs":[0.0,0.60964]},"K7o":{"weight":0.0,"played":[0.0,1.0],"evs":[0.0,0.79673]},"A7o":{"weight":0.0,"played":[0.0,1.0],"evs":[0.0,1.2359]},"82s":{"weight":0.0,"played":[0.0,1.0],"evs":[0.0,0.6519]},"83s":{"weight":0.0,"played":[0.0,1.0],"evs":[0.0,0.51356]},"84s":{"weight":0.0,"played":[1.0E-4,0.9999],"evs":[0.0,0.90882]},"85s":{"weight":0.0,"played":[0.0,1.0],"evs":[0.0,1.34361]},"86s":{"weight":0.0,"played":[0.0,1.0],"evs":[0.0,1.61233]},"87s":{"weight":0.9996,"played":[0.0,1.0],"evs":[0.0,1.81077]},"88":{"weight":1.0E-4,"played":[0.0,1.0],"evs":[0.0,5.07208]},"98o":{"weight":0.0,"played":[0.0,1.0],"evs":[0.0,1.10849]},"T8o":{"weight":0.0,"played":[0.0,1.0],"evs":[0.0,1.09451]},"J8o":{"weight":0.0,"played":[0.0,1.0],"evs":[0.0,1.01524]},"Q8o":{"weight":0.0,"played":[0.0,1.0],"evs":[0.0,0.87829]},"K8o":{"weight":0.0,"played":[0.0,1.0],"evs":[0.0,0.92664]},"A8o":{"weight":0.0,"played":[0.0,1.0],"evs":[0.0,1.42875]},"92s":{"weight":0.0,"played":[0.0,1.0],"evs":[0.0,0.57386]},"93s":{"weight":0.0,"played":[0.0,1.0],"evs":[0.0,0.73334]},"94s":{"weight":0.0,"played":[0.0,1.0],"evs":[0.0,0.66575]},"95s":{"weight":0.0,"played":[0.0,1.0],"evs":[0.0,0.9097]},"96s":{"weight":0.0,"played":[0.0,1.0],"evs":[0.0,1.37951]},"97s":{"weight":0.0,"played":[0.0,1.0],"evs":[0.0,1.59659]},"98s":{"weight":1.0,"played":[0.0,1.0],"evs":[0.0,1.84925]},"99":{"weight":0.0,"played":[0.0,1.0],"evs":[0.0,5.74518]},"T9o":{"weight":0.0,"played":[0.0,1.0],"evs":[0.0,1.26065]},"J9o":{"weight":0.0,"played":[0.0,1.0],"evs":[0.0,1.14796]},"Q9o":{"weight":0.0,"played":[0.0,1.0],"evs":[0.0,1.00849]},"K9o":{"weight":0.0,"played":[0.0,1.0],"evs":[0.0,0.96117]},"A9o":{"weight":0.1218,"played":[0.0,1.0],"evs":[0.0,1.90519]},"T2s":{"weight":0.0,"played":[0.0,1.0],"evs":[0.0,0.69634]},"T3s":{"weight":0.0,"played":[0.0,1.0],"evs":[0.0,0.83527]},"T4s":{"weight":0.0,"played":[0.0,1.0],"evs":[0.0,0.82519]},"T5s":{"weight":0.0,"played":[0.0,1.0],"evs":[0.0,0.90838]},"T6s":{"weight":0.0,"played":[0.0,1.0],"evs":[0.0,1.28563]},"T7s":{"weight":0.0,"played":[0.0,1.0],"evs":[0.0,1.48171]},"T8s":{"weight":0.9953,"played":[0.0,1.0],"evs":[0.0,1.83607]},"T9s":{"weight":0.5118,"played":[0.0,1.0],"evs":[0.0,2.09482]},"TT":{"weight":0.0,"played":[0.0,1.0],"evs":[0.0,6.75972]},"JTo":{"weight":0.0,"played":[0.0,1.0],"evs":[0.0,1.57831]},"QTo":{"weight":0.0,"played":[0.0,1.0],"evs":[0.0,1.50051]},"KTo":{"weight":0.0,"played":[0.0,1.0],"evs":[0.0,1.56054]},"ATo":{"weight":1.0,"played":[0.0,1.0],"evs":[0.0,3.00355]},"J2s":{"weight":0.0,"played":[0.0,1.0],"evs":[0.0,0.83457]},"J3s":{"weight":0.0,"played":[0.0,1.0],"evs":[0.0,0.87064]},"J4s":{"weight":0.0,"played":[0.0,1.0],"evs":[0.0,1.06721]},"J5s":{"weight":0.0,"played":[0.0,1.0],"evs":[0.0,1.17279]},"J6s":{"weight":0.0,"played":[0.0,1.0],"evs":[0.0,1.28979]},"J7s":{"weight":0.0,"played":[0.0,1.0],"evs":[0.0,1.44476]},"J8s":{"weight":0.0,"played":[0.0,1.0],"evs":[0.0,1.86569]},"J9s":{"weight":0.9998,"played":[0.0,1.0],"evs":[0.0,1.88319]},"JTs":{"weight":0.0041,"played":[0.0,1.0],"evs":[0.0,2.35297]},"JJ":{"weight":1.0E-4,"played":[0.0,1.0],"evs":[0.0,7.4642]},"QJo":{"weight":0.8854,"played":[0.0,1.0],"evs":[0.0,1.70003]},"KJo":{"weight":0.9944,"played":[0.0,1.0],"evs":[0.0,1.70211]},"AJo":{"weight":0.8035,"played":[0.0,1.0],"evs":[0.0,3.97102]},"Q2s":{"weight":0.0,"played":[0.0,1.0],"evs":[0.0,1.00475]},"Q3s":{"weight":0.0,"played":[0.0,1.0],"evs":[0.0,1.06185]},"Q4s":{"weight":0.0,"played":[0.0,1.0],"evs":[0.0,1.1731]},"Q5s":{"weight":0.0,"played":[0.0,1.0],"evs":[0.0,1.28065]},"Q6s":{"weight":0.0,"played":[0.0,1.0],"evs":[0.0,1.33863]},"Q7s":{"weight":0.0,"played":[0.0,1.0],"evs":[0.0,1.35641]},"Q8s":{"weight":0.0,"played":[0.0,1.0],"evs":[0.0,1.64345]},"Q9s":{"weight":0.2755,"played":[0.0,1.0],"evs":[0.0,1.78227]},"QTs":{"weight":5.0E-4,"played":[0.0,1.0],"evs":[0.0,2.2485]},"QJs":{"weight":0.9823,"played":[0.0,1.0],"evs":[0.0,2.35876]},"QQ":{"weight":0.0252,"played":[0.0,1.0],"evs":[0.0,8.74134]},"KQo":{"weight":0.0955,"played":[0.0,1.0],"evs":[0.0,2.15767]},"AQo":{"weight":2.0E-4,"played":[0.0,1.0],"evs":[0.0,5.2756]},"K2s":{"weight":0.0,"played":[0.0,1.0],"evs":[0.0,1.12922]},"K3s":{"weight":0.0,"played":[0.0,1.0],"evs":[0.0,1.28308]},"K4s":{"weight":0.0,"played":[0.0,1.0],"evs":[0.0,1.37432]},"K5s":{"weight":0.0,"played":[0.0,1.0],"evs":[0.0,1.39337]},"K6s":{"weight":0.0,"played":[0.0,1.0],"evs":[0.0,1.82046]},"K7s":{"weight":0.0014,"played":[0.0,1.0],"evs":[0.0,1.6965]},"K8s":{"weight":0.181,"played":[0.0,1.0],"evs":[0.0,1.55311]},"K9s":{"weight":0.4099,"played":[0.0,1.0],"evs":[0.0,1.82665]},"KTs":{"weight":0.0165,"played":[0.0,1.0],"evs":[0.0,2.24694]},"KJs":{"weight":0.8808,"played":[0.0,1.0],"evs":[0.0,2.456]},"KQs":{"weight":0.999,"played":[0.0,1.0],"evs":[0.0,2.88578]},"KK":{"weight":0.9984,"played":[0.0,1.0],"evs":[0.0,9.8301]},"AKo":{"weight":0.0,"played":[0.0,1.0],"evs":[0.0,6.36937]},"A2s":{"weight":0.0017,"played":[0.0,1.0],"evs":[0.0,1.56743]},"A3s":{"weight":0.9408,"played":[0.0,1.0],"evs":[0.0,1.6705]},"A4s":{"weight":0.9963,"played":[0.0,1.0],"evs":[0.0,1.7028]},"A5s":{"weight":0.344,"played":[0.0,1.0],"evs":[0.0,1.83375]},"A6s":{"weight":0.9995,"played":[0.0,1.0],"evs":[0.0,1.80631]},"A7s":{"weight":0.4895,"played":[0.0,1.0],"evs":[0.0,1.96809]},"A8s":{"weight":0.9193,"played":[0.0,1.0],"evs":[0.0,2.24209]},"A9s":{"weight":1.0,"played":[0.0,1.0],"evs":[0.0,2.64982]},"ATs":{"weight":1.0,"played":[0.0,1.0],"evs":[0.0,3.68892]},"AJs":{"weight":1.0,"played":[0.0,1.0],"evs":[0.0,4.56127]},"AQs":{"weight":0.1428,"played":[0.0,1.0],"evs":[0.0,5.68981]},"AKs":{"weight":0.0,"played":[0.0,1.0],"evs":[0.0,6.70368]},"AA":{"weight":0.9939,"played":[0.0,1.0],"evs":[0.0,12.33787]}}}