{"player":1,"street":0,"children":3,"sequence":[{"player":0,"type":"R","amount":200000,"street":0},{"player":1,"type":"C","amount":200000,"street":0},{"player":2,"type":"F","amount":0,"street":0},{"player":3,"type":"F","amount":0,"street":0},{"player":4,"type":"F","amount":0,"street":0},{"player":5,"type":"R","amount":815000,"street":0},{"player":0,"type":"C","amount":615000,"street":0}],"actions":[{"type":"F","amount":0},{"type":"C","amount":615000},{"type":"R","amount":2185000,"node":362}],"hands":{"22":{"weight":0.2651,"played":[0.9171,0.0252,0.0576],"evs":[0.0,-0.78741,-1.72009]},"32o":{"weight":0.0,"played":[0.9997,2.0E-4,1.0E-4],"evs":[0.0,-3.10354,-7.24416]},"42o":{"weight":0.0,"played":[0.9998,0.0,2.0E-4],"evs":[0.0,-3.0057,-6.81832]},"52o":{"weight":0.0,"played":[0.9998,1.0E-4,0.0],"evs":[0.0,-2.65756,-6.69132]},"62o":{"weight":0.0,"played":[1.0,0.0,0.0],"evs":[0.0,-3.14541,-7.33573]},"72o":{"weight":0.0,"played":[1.0,0.0,0.0],"evs":[0.0,-3.06621,-7.9176]},"82o":{"weight":0.0,"played":[0.9998,1.0E-4,1.0E-4],"evs":[0.0,-4.06924,-8.88369]},"92o":{"weight":0.0,"played":[0.9999,0.0,1.0E-4],"evs":[0.0,-3.12849,-7.50637]},"T2o":{"weight":0.0,"played":[1.0,0.0,0.0],"evs":[0.0,-2.92892,-6.87081]},"J2o":{"weight":0.0,"played":[0.9998,2.0E-4,0.0],"evs":[0.0,-2.94429,-6.34422]},"Q2o":{"weight":0.0,"played":[0.9985,0.0014,1.0E-4],"evs":[0.0,-1.75768,-4.89874]},"K2o":{"weight":0.0,"played":[0.9991,9.0E-4,0.0],"evs":[0.0,-1.95582,-4.5323]},"A2o":{"weight":0.0,"played":[0.9995,0.0,5.0E-4],"evs":[0.0,-2.20079,-3.73271]},"32s":{"weight":0.0,"played":[0.9984,0.0016,1.0E-4],"evs":[0.0,-1.47134,-4.99245]},"33":{"weight":0.0028,"played":[0.897,0.0048,0.0982],"evs":[0.0,-0.79459,-1.10277]},"43o":{"weight":0.0,"played":[0.9992,3.0E-4,5.0E-4],"evs":[0.0,-2.49953,-6.27721]},"53o":{"weight":0.0,"played":[0.9994,3.0E-4,2.0E-4],"evs":[0.0,-2.68921,-6.06169]},"63o":{"weight":0.0,"played":[0.9991,9.0E-4,0.0],"evs":[0.0,-2.31809,-5.98208]},"73o":{"weight":0.0,"played":[1.0,0.0,0.0],"evs":[0.0,-2.96689,-7.34565]},"83o":{"weight":0.0,"played":[1.0,0.0,0.0],"evs":[0.0,-3.64878,-8.78547]},"93o":{"weight":0.0,"played":[0.9999,0.0,1.0E-4],"evs":[0.0,-3.41533,-7.7885]},"T3o":{"weight":0.0,"played":[1.0,0.0,0.0],"evs":[0.0,-2.72427,-6.00563]},"J3o":{"weight":0.0,"played":[1.0,0.0,0.0],"evs":[0.0,-2.81029,-6.51478]},"Q3o":{"weight":0.0,"played":[1.0,0.0,0.0],"evs":[0.0,-2.61807,-5.86461]},"K3o":{"weight":0.0,"played":[0.9999,1.0E-4,0.0],"evs":[0.0,-2.00153,-4.308]},"A3o":{"weight":0.0,"played":[0.9997,0.0,3.0E-4],"evs":[0.0,-2.4693,-3.42656]},"42s":{"weight":0.0,"played":[0.9584,0.0403,0.0013],"evs":[0.0,-2.28199,-4.90256]},"43s":{"weight":0.0,"played":[0.929,0.0707,2.0E-4],"evs":[0.0,-1.34631,-4.13242]},"44":{"weight":0.9007,"played":[0.1454,0.053,0.8016],"evs":[0.0,-0.14094,0.24623]},"54o":{"weight":0.0,"played":[0.9943,0.0047,0.001],"evs":[0.0,-1.89813,-4.42242]},"64o":{"weight":0.0,"played":[0.9991,8.0E-4,1.0E-4],"evs":[0.0,-2.47616,-6.14289]},"74o":{"weight":0.0,"played":[1.0,0.0,0.0],"evs":[0.0,-2.70404,-6.528]},"84o":{"weight":0.0,"played":[0.9996,4.0E-4,0.0],"evs":[0.0,-3.22628,-7.45991]},"94o":{"weight":0.0,"played":[0.9995,5.0E-4,0.0],"evs":[0.0,-2.86704,-7.08758]},"T4o":{"weight":0.0,"played":[1.0,0.0,0.0],"evs":[0.0,-2.39206,-5.47089]},"J4o":{"weight":0.0,"played":[1.0,0.0,0.0],"evs":[0.0,-2.77529,-5.7896]},"Q4o":{"weight":0.0,"played":[1.0,0.0,0.0],"evs":[0.0,-2.55766,-6.00954]},"K4o":{"weight":0.0,"played":[0.9999,0.0,0.0],"evs":[0.0,-2.22882,-3.92236]},"A4o":{"weight":0.0,"played":[0.9998,1.0E-4,1.0E-4],"evs":[0.0,-1.81141,-2.91287]},"52s":{"weight":0.0,"played":[0.9973,0.0023,4.0E-4],"evs":[0.0,-2.11468,-5.23363]},"53s":{"weight":0.0,"played":[0.9556,0.0443,1.0E-4],"evs":[0.0,-1.63451,-4.25386]},"54s":{"weight":0.0,"played":[0.9477,0.052,3.0E-4],"evs":[0.0,-0.41993,-2.39707]},"55":{"weight":1.0,"played":[0.001,3.0E-4,0.9987],"evs":[0.0,0.00498,0.37341]},"65o":{"weight":0.0,"played":[0.9963,0.0037,1.0E-4],"evs":[0.0,-1.44462,-4.18113]},"75o":{"weight":0.0,"played":[0.9978,0.0019,3.0E-4],"evs":[0.0,-2.21001,-5.63774]},"85o":{"weight":0.0,"played":[0.9998,2.0E-4,0.0],"evs":[0.0,-2.75815,-6.60216]},"95o":{"weight":0.0,"played":[0.9998,1.0E-4,1.0E-4],"evs":[0.0,-2.5488,-6.18245]},"T5o":{"weight":0.0,"played":[0.9999,0.0,1.0E-4],"evs":[0.0,-2.55469,-5.56748]},"J5o":{"weight":0.0,"played":[0.9988,7.0E-4,5.0E-4],"evs":[0.0,-2.65958,-5.48628]},"Q5o":{"weight":0.0,"played":[0.9999,0.0,1.0E-4],"evs":[0.0,-1.87996,-5.00914]},"K5o":{"weight":0.0,"played":[0.9945,0.0054,1.0E-4],"evs":[0.0,-1.86331,-3.90849]},"A5o":{"weight":0.0,"played":[0.998,0.0012,8.0E-4],"evs":[0.0,-1.69924,-2.58729]},"62s":{"weight":0.0,"played":[0.9989,0.0011,0.0],"evs":[0.0,-2.28877,-5.89102]},"63s":{"weight":0.0,"played":[0.9313,0.0683,4.0E-4],"evs":[0.0,-1.17484,-3.29333]},"64s":{"weight":0.0,"played":[0.9616,0.0379,5.0E-4],"evs":[0.0,-1.74502,-4.2512]},"65s":{"weight":0.1424,"played":[0.9597,0.0401,2.0E-4],"evs":[0.0,-0.47409,-2.65709]},"66":{"weight":0.8539,"played":[0.1071,0.0103,0.8826],"evs":[0.0,-0.01616,0.47079]},"76o":{"weight":0.0,"played":[0.9659,0.0341,0.0],"evs":[0.0,-1.68997,-4.88429]},"86o":{"weight":0.0,"played":[0.9775,0.0225,0.0],"evs":[0.0,-2.78899,-6.3056]},"96o":{"weight":0.0,"played":[0.9905,0.0095,0.0],"evs":[0.0,-2.29678,-5.4639]},"T6o":{"weight":0.0,"played":[1.0,0.0,0.0],"evs":[0.0,-2.22905,-5.13151]},"J6o":{"weight":0.0,"played":[1.0,0.0,0.0],"evs":[0.0,-2.31149,-5.64294]},"Q6o":{"weight":0.0,"played":[0.998,0.002,0.0],"evs":[0.0,-2.09421,-4.66823]},"K6o":{"weight":0.0,"played":[0.9706,0.0277,0.0017],"evs":[0.0,-1.63255,-3.62265]},"A6o":{"weight":0.0,"played":[0.9995,3.0E-4,2.0E-4],"evs":[0.0,-2.15061,-3.26186]},"72s":{"weight":0.0,"played":[0.9981,0.0018,1.0E-4],"evs":[0.0,-1.58926,-5.28221]},"73s":{"weight":0.0,"played":[1.0,0.0,0.0],"evs":[0.0,-2.6069,-5.51409]},"74s":{"weight":0.0,"played":[0.9977,9.0E-4,0.0014],"evs":[0.0,-1.57541,-4.83046]},"75s":{"weight":0.0,"played":[0.7332,0.2652,0.0016],"evs":[0.0,-0.63014,-2.19038]},"76s":{"weight":0.9996,"played":[0.7018,0.294,0.0042],"evs":[0.0,-0.05463,-2.09145]},"77":{"weight":0.0448,"played":[0.0277,0.0014,0.9709],"evs":[0.0,0.12297,0.87274]},"87o":{"weight":0.0,"played":[0.9983,0.0015,2.0E-4],"evs":[0.0,-1.53263,-4.96166]},"97o":{"weight":0.0,"played":[0.9991,8.0E-4,1.0E-4],"evs":[0.0,-2.02817,-4.97122]},"T7o":{"weight":0.0,"played":[0.9999,1.0E-4,1.0E-4],"evs":[0.0,-1.70732,-3.66683]},"J7o":{"weight":0.0,"played":[0.9946,0.0052,2.0E-4],"evs":[0.0,-2.56176,-5.54109]},"Q7o":{"weight":0.0,"played":[0.9999,0.0,0.0],"evs":[0.0,-2.35721,-4.81704]},"K7o":{"weight":0.0,"played":[0.9916,0.0084,0.0],"evs":[0.0,-1.38436,-3.40285]},"A7o":{"weight":0.0,"played":[0.9952,0.0011,0.0037],"evs":[0.0,-2.52943,-3.91964]},"82s":{"weight":0.0,"played":[0.9926,0.0039,0.0035],"evs":[0.0,-2.27914,-6.29388]},"83s":{"weight":0.0,"played":[0.9622,0.0371,7.0E-4],"evs":[0.0,-2.06343,-5.72452]},"84s":{"weight":0.0,"played":[0.9232,0.0721,0.0048],"evs":[0.0,-2.47357,-6.3415]},"85s":{"weight":0.0,"played":[0.9721,0.0278,1.0E-4],"evs":[0.0,-1.92424,-4.95522]},"86s":{"weight":0.0,"played":[0.864,0.1324,0.0036],"evs":[0.0,-0.96939,-3.21132]},"87s":{"weight":0.9996,"played":[0.7512,0.2468,0.002],"evs":[0.0,-0.80661,-3.10812]},"88":{"weight":1.0E-4,"played":[0.0,0.0,0.9999],"evs":[0.0,0.50182,1.69089]},"98o":{"weight":0.0,"played":[0.9904,0.0093,2.0E-4],"evs":[0.0,-1.90849,-4.95264]},"T8o":{"weight":0.0,"played":[0.9932,0.0066,2.0E-4],"evs":[0.0,-1.85229,-3.86764]},"J8o":{"weight":0.0,"played":[0.9979,4.0E-4,0.0017],"evs":[0.0,-2.59932,-5.00085]},"Q8o":{"weight":0.0,"played":[0.992,0.007,0.001],"evs":[0.0,-2.49376,-5.20937]},"K8o":{"weight":0.0,"played":[0.9992,6.0E-4,1.0E-4],"evs":[0.0,-2.27912,-4.19371]},"A8o":{"weight":0.0,"played":[0.9969,6.0E-4,0.0025],"evs":[0.0,-2.00645,-2.41838]},"92s":{"weight":0.0,"played":[1.0,0.0,0.0],"evs":[0.0,-1.99651,-5.73504]},"93s":{"weight":0.0,"played":[0.9776,0.0216,8.0E-4],"evs":[0.0,-2.27171,-5.20815]},"94s":{"weight":0.0,"played":[0.9992,0.0,8.0E-4],"evs":[0.0,-2.30361,-5.04069]},"95s":{"weight":0.0,"played":[0.889,0.1106,5.0E-4],"evs":[0.0,-1.8075,-4.59996]},"96s":{"weight":0.0,"played":[0.731,0.2685,5.0E-4],"evs":[0.0,-0.86488,-3.93437]},"97s":{"weight":0.0,"played":[0.9451,0.0441,0.0108],"evs":[0.0,-0.71457,-2.56606]},"98s":{"weight":1.0,"played":[0.9607,0.0377,0.0016],"evs":[0.0,-1.47944,-3.24018]},"99":{"weight":0.0,"played":[0.0,1.0E-4,0.9999],"evs":[0.0,2.85955,5.35954]},"T9o":{"weight":0.0,"played":[0.995,0.0031,0.0019],"evs":[0.0,-1.10404,-2.76424]},"J9o":{"weight":0.0,"played":[0.9943,0.0034,0.0023],"evs":[0.0,-1.3958,-3.68796]},"Q9o":{"weight":0.0,"played":[0.9965,0.002,0.0016],"evs":[0.0,-1.04813,-2.73128]},"K9o":{"weight":0.0,"played":[0.9958,0.0039,3.0E-4],"evs":[0.0,-1.41454,-2.47604]},"A9o":{"weight":0.1218,"played":[0.9773,0.004,0.0187],"evs":[0.0,-1.28904,-0.37721]},"T2s":{"weight":0.0,"played":[0.9928,0.0072,1.0E-4],"evs":[0.0,-1.78578,-4.48859]},"T3s":{"weight":0.0,"played":[0.9761,0.0229,0.001],"evs":[0.0,-1.5852,-4.72499]},"T4s":{"weight":0.0,"played":[0.9969,1.0E-4,0.003],"evs":[0.0,-2.15463,-3.95898]},"T5s":{"weight":0.0,"played":[1.0,0.0,0.0],"evs":[0.0,-0.50266,-2.12317]},"T6s":{"weight":0.0,"played":[0.8736,0.1261,3.0E-4],"evs":[0.0,-0.88701,-2.7192]},"T7s":{"weight":0.0,"played":[0.7474,0.2459,0.0066],"evs":[0.0,0.15033,-1.39537]},"T8s":{"weight":0.9953,"played":[0.45,0.5491,9.0E-4],"evs":[0.0,-0.35599,-1.9242]},"T9s":{"weight":0.5118,"played":[0.1289,0.6628,0.2084],"evs":[0.0,0.74801,0.02009]},"TT":{"weight":0.0,"played":[0.0,0.0,0.9999],"evs":[0.0,4.33982,6.69432]},"JTo":{"weight":0.0,"played":[0.9189,0.0769,0.0042],"evs":[0.0,-1.09226,-2.7404]},"QTo":{"weight":0.0,"played":[0.5757,0.3126,0.1117],"evs":[0.0,-0.58133,-1.47419]},"KTo":{"weight":0.0,"played":[0.7506,0.1451,0.1043],"evs":[0.0,-0.63168,-1.21745]},"ATo":{"weight":1.0,"played":[0.0367,0.0011,0.9622],"evs":[0.0,0.47177,2.18842]},"J2s":{"weight":0.0,"played":[0.9011,0.0982,7.0E-4],"evs":[0.0,-1.48644,-4.14816]},"J3s":{"weight":0.0,"played":[0.9993,7.0E-4,0.0],"evs":[0.0,-2.25298,-4.65248]},"J4s":{"weight":0.0,"played":[0.9924,0.0069,7.0E-4],"evs":[0.0,-0.99007,-3.0663]},"J5s":{"weight":0.0,"played":[0.9922,0.0046,0.0032],"evs":[0.0,-1.64117,-3.30519]},"J6s":{"weight":0.0,"played":[0.859,0.1248,0.0162],"evs":[0.0,-1.73377,-3.84211]},"J7s":{"weight":0.0,"played":[0.9545,0.044,0.0014],"evs":[0.0,-1.37075,-3.62085]},"J8s":{"weight":0.0,"played":[0.6081,0.3916,3.0E-4],"evs":[0.0,-1.22797,-3.65504]},"J9s":{"weight":0.9998,"played":[0.9162,0.0806,0.0032],"evs":[0.0,-0.48956,-1.49898]},"JTs":{"weight":0.0041,"played":[0.1926,0.4449,0.3625],"evs":[0.0,-0.06807,-0.80023]},"JJ":{"weight":1.0E-4,"played":[0.0,1.0E-4,0.9999],"evs":[0.0,6.38267,9.01251]},"QJo":{"weight":0.8854,"played":[0.8435,0.1358,0.0206],"evs":[0.0,-0.7134,-1.41983]},"KJo":{"weight":0.9944,"played":[0.8477,0.051,0.1013],"evs":[0.0,-0.67793,-0.99654]},"AJo":{"weight":0.8035,"played":[1.0E-4,0.0,0.9999],"evs":[0.0,1.0194,3.06254]},"Q2s":{"weight":0.0,"played":[0.9837,0.0147,0.0016],"evs":[0.0,-1.35408,-3.49396]},"Q3s":{"weight":0.0,"played":[0.9468,0.0512,0.0021],"evs":[0.0,-1.6275,-3.76514]},"Q4s":{"weight":0.0,"played":[0.9831,0.0149,0.002],"evs":[0.0,-1.70958,-3.2741]},"Q5s":{"weight":0.0,"played":[0.6414,0.3579,7.0E-4],"evs":[0.0,-0.28136,-1.79023]},"Q6s":{"weight":0.0,"played":[0.757,0.2412,0.0017],"evs":[0.0,-1.3504,-3.28215]},"Q7s":{"weight":0.0,"played":[0.7612,0.2381,7.0E-4],"evs":[0.0,-0.87041,-2.23433]},"Q8s":{"weight":0.0,"played":[0.9763,0.0208,0.0029],"evs":[0.0,-1.36791,-2.77024]},"Q9s":{"weight":0.2755,"played":[0.1043,0.8954,3.0E-4],"evs":[0.0,0.58703,-1.23357]},"QTs":{"weight":5.0E-4,"played":[0.0178,0.6751,0.3071],"evs":[0.0,1.03783,0.1979]},"QJs":{"weight":0.9823,"played":[0.0195,0.4611,0.5194],"evs":[0.0,0.73492,0.54328]},"QQ":{"weight":0.0252,"played":[0.0,0.0,1.0],"evs":[0.0,8.66182,11.40743]},"KQo":{"weight":0.0955,"played":[0.2452,0.3928,0.3619],"evs":[0.0,-0.04236,-0.09087]},"AQo":{"weight":2.0E-4,"played":[0.0,0.0,1.0],"evs":[0.0,3.03359,5.31074]},"K2s":{"weight":0.0,"played":[0.0647,0.9331,0.0022],"evs":[0.0,0.49888,-0.73168]},"K3s":{"weight":0.0,"played":[0.9913,0.0068,0.0019],"evs":[0.0,-1.34025,-3.42335]},"K4s":{"weight":0.0,"played":[0.8777,0.1099,0.0125],"evs":[0.0,-0.87264,-2.0355]},"K5s":{"weight":0.0,"played":[0.3019,0.697,0.0011],"evs":[0.0,-0.31891,-1.27097]},"K6s":{"weight":0.0,"played":[0.8349,0.1645,6.0E-4],"evs":[0.0,-0.44092,-1.31743]},"K7s":{"weight":0.0014,"played":[0.7414,0.2507,0.0079],"evs":[0.0,-0.86504,-2.19791]},"K8s":{"weight":0.181,"played":[0.918,0.0787,0.0033],"evs":[0.0,-1.14979,-2.81713]},"K9s":{"weight":0.4099,"played":[0.7901,0.1412,0.0687],"evs":[0.0,-1.43086,-1.60162]},"KTs":{"weight":0.0165,"played":[0.0371,0.285,0.6779],"evs":[0.0,0.53035,0.66604]},"KJs":{"weight":0.8808,"played":[0.0074,0.0209,0.9717],"evs":[0.0,0.51283,1.19711]},"KQs":{"weight":0.999,"played":[1.0E-4,0.0123,0.9876],"evs":[0.0,1.66626,2.63579]},"KK":{"weight":0.9984,"played":[0.0,0.0,1.0],"evs":[0.0,10.42702,13.23779]},"AKo":{"weight":0.0,"played":[0.0,0.0,1.0],"evs":[0.0,4.07384,6.71012]},"A2s":{"weight":0.0017,"played":[0.9216,0.0687,0.0097],"evs":[0.0,-0.60798,-1.00609]},"A3s":{"weight":0.9408,"played":[0.8714,0.1043,0.0243],"evs":[0.0,-0.80002,-1.50265]},"A4s":{"weight":0.9963,"played":[0.4506,0.4477,0.1016],"evs":[0.0,0.60264,0.39131]},"A5s":{"weight":0.344,"played":[0.1329,0.4014,0.4657],"evs":[0.0,0.4101,0.6077]},"A6s":{"weight":0.9995,"played":[0.6333,0.2376,0.1291],"evs":[0.0,-0.07027,-0.30211]},"A7s":{"weight":0.4895,"played":[0.7978,0.1738,0.0284],"evs":[0.0,-1.44471,-1.91066]},"A8s":{"weight":0.9193,"played":[0.6496,0.0582,0.2922],"evs":[0.0,-0.82354,-0.57836]},"A9s":{"weight":1.0,"played":[0.0317,0.3606,0.6077],"evs":[0.0,1.12284,2.23357]},"ATs":{"weight":1.0,"played":[9.0E-4,1.0E-4,0.999],"evs":[0.0,1.49031,3.65597]},"AJs":{"weight":1.0,"played":[0.0,0.0,1.0],"evs":[0.0,2.86757,5.25002]},"AQs":{"weight":0.1428,"played":[0.0,7.0E-4,0.9993],"evs":[0.0,5.00224,7.33699]},"AKs":{"weight":0.0,"played":[0.0,0.0133,0.9866],"evs":[0.0,5.32351,8.03352]},"AA":{"weight":0.9939,"played":[0.0,1.0E-4,0.9999],"evs":[0.0,20.81344,24.50836]}}}