{"player":0,"street":0,"children":3,"sequence":[{"player":0,"type":"R","amount":200000,"street":0},{"player":1,"type":"C","amount":200000,"street":0},{"player":2,"type":"F","amount":0,"street":0},{"player":3,"type":"F","amount":0,"street":0},{"player":4,"type":"C","amount":150000,"street":0},{"player":5,"type":"R","amount":815000,"street":0}],"actions":[{"type":"F","amount":0,"node":366},{"type":"C","amount":615000,"node":369},{"type":"R","amount":2185000,"node":374}],"hands":{"22":{"weight":0.0,"played":[0.6297,0.1925,0.1778],"evs":[0.0,-0.5649,-0.55878]},"32o":{"weight":0.0,"played":[1.0,0.0,0.0],"evs":[0.0,-6.08957,-6.32857]},"42o":{"weight":0.0,"played":[1.0,0.0,0.0],"evs":[0.0,-6.11447,-6.2063]},"52o":{"weight":0.0,"played":[1.0,0.0,0.0],"evs":[0.0,-5.37584,-5.35743]},"62o":{"weight":0.0,"played":[1.0,0.0,0.0],"evs":[0.0,-6.04489,-5.87959]},"72o":{"weight":0.0,"played":[1.0,0.0,0.0],"evs":[0.0,-6.02344,-6.60892]},"82o":{"weight":0.0,"played":[1.0,0.0,0.0],"evs":[0.0,-6.18782,-6.34344]},"92o":{"weight":0.0,"played":[1.0,0.0,0.0],"evs":[0.0,-6.04064,-6.32791]},"T2o":{"weight":0.0,"played":[1.0,0.0,0.0],"evs":[0.0,-6.05494,-6.28699]},"J2o":{"weight":0.0,"played":[1.0,0.0,0.0],"evs":[0.0,-6.16799,-6.38462]},"Q2o":{"weight":0.0,"played":[1.0,0.0,0.0],"evs":[0.0,-4.76299,-4.69233]},"K2o":{"weight":0.0,"played":[1.0,0.0,0.0],"evs":[0.0,-4.32155,-4.30098]},"A2o":{"weight":0.0,"played":[1.0,0.0,0.0],"evs":[0.0,-1.81372,-1.78217]},"32s":{"weight":0.0,"played":[1.0,0.0,0.0],"evs":[0.0,-4.75116,-4.70941]},"33":{"weight":0.3456,"played":[0.0045,0.7605,0.235],"evs":[0.0,0.06549,0.06096]},"43o":{"weight":0.0,"played":[1.0,0.0,0.0],"evs":[0.0,-5.20949,-5.18997]},"53o":{"weight":0.0,"played":[1.0,0.0,0.0],"evs":[0.0,-4.55292,-4.54346]},"63o":{"weight":0.0,"played":[1.0,0.0,0.0],"evs":[0.0,-5.0466,-5.02411]},"73o":{"weight":0.0,"played":[1.0,0.0,0.0],"evs":[0.0,-5.70138,-5.66434]},"83o":{"weight":0.0,"played":[1.0,0.0,0.0],"evs":[0.0,-6.06874,-6.15188]},"93o":{"weight":0.0,"played":[1.0,0.0,0.0],"evs":[0.0,-6.13643,-6.01338]},"T3o":{"weight":0.0,"played":[1.0,0.0,0.0],"evs":[0.0,-5.96207,-5.93529]},"J3o":{"weight":0.0,"played":[1.0,0.0,0.0],"evs":[0.0,-6.02928,-6.07468]},"Q3o":{"weight":0.0,"played":[1.0,0.0,0.0],"evs":[0.0,-4.09876,-4.06753]},"K3o":{"weight":0.0,"played":[1.0,0.0,0.0],"evs":[0.0,-4.10508,-4.11383]},"A3o":{"weight":0.0,"played":[0.9999,1.0E-4,0.0],"evs":[0.0,-1.72787,-1.72828]},"42s":{"weight":0.0,"played":[0.9998,0.0,1.0E-4],"evs":[0.0,-3.66938,-3.65854]},"43s":{"weight":0.0,"played":[0.9999,0.0,1.0E-4],"evs":[0.0,-3.24787,-3.23758]},"44":{"weight":1.0,"played":[3.0E-4,0.3515,0.6482],"evs":[0.0,0.93963,0.95112]},"54o":{"weight":0.0,"played":[1.0,0.0,0.0],"evs":[0.0,-3.89554,-3.85831]},"64o":{"weight":0.0,"played":[1.0,0.0,0.0],"evs":[0.0,-4.35794,-4.30819]},"74o":{"weight":0.0,"played":[1.0,0.0,0.0],"evs":[0.0,-4.70043,-4.65615]},"84o":{"weight":0.0,"played":[1.0,0.0,0.0],"evs":[0.0,-5.5881,-5.53662]},"94o":{"weight":0.0,"played":[1.0,0.0,0.0],"evs":[0.0,-5.99356,-6.2618]},"T4o":{"weight":0.0,"played":[1.0,0.0,0.0],"evs":[0.0,-6.06618,-5.97808]},"J4o":{"weight":0.0,"played":[1.0,0.0,0.0],"evs":[0.0,-5.96285,-5.76738]},"Q4o":{"weight":0.0,"played":[1.0,0.0,0.0],"evs":[0.0,-4.69086,-4.59416]},"K4o":{"weight":0.0,"played":[1.0,0.0,0.0],"evs":[0.0,-3.89265,-3.85447]},"A4o":{"weight":0.0,"played":[0.9999,0.0,0.0],"evs":[0.0,-1.28759,-1.28792]},"52s":{"weight":0.0,"played":[0.9998,0.0,2.0E-4],"evs":[0.0,-3.35407,-3.31152]},"53s":{"weight":0.0,"played":[0.9986,4.0E-4,9.0E-4],"evs":[0.0,-2.90428,-2.84634]},"54s":{"weight":0.0,"played":[0.9993,4.0E-4,4.0E-4],"evs":[0.0,-1.91857,-1.92611]},"55":{"weight":1.0,"played":[1.0E-4,0.0237,0.9762],"evs":[0.0,2.95642,2.9748]},"65o":{"weight":0.0,"played":[1.0,0.0,0.0],"evs":[0.0,-2.78662,-2.77837]},"75o":{"weight":0.0,"played":[1.0,0.0,0.0],"evs":[0.0,-3.82701,-3.78051]},"85o":{"weight":0.0,"played":[1.0,0.0,0.0],"evs":[0.0,-4.12003,-4.10147]},"95o":{"weight":0.0,"played":[1.0,0.0,0.0],"evs":[0.0,-4.70966,-4.68435]},"T5o":{"weight":0.0,"played":[1.0,0.0,0.0],"evs":[0.0,-5.46291,-5.40193]},"J5o":{"weight":0.0,"played":[1.0,0.0,0.0],"evs":[0.0,-5.43142,-5.38817]},"Q5o":{"weight":0.0,"played":[1.0,0.0,0.0],"evs":[0.0,-4.01485,-3.99697]},"K5o":{"weight":0.0,"played":[1.0,0.0,0.0],"evs":[0.0,-3.296,-3.3149]},"A5o":{"weight":0.0,"played":[0.996,1.0E-4,0.0039],"evs":[0.0,-0.64863,-0.6393]},"62s":{"weight":0.0,"played":[0.9999,0.0,1.0E-4],"evs":[0.0,-4.24929,-4.21666]},"63s":{"weight":0.0,"played":[0.9997,1.0E-4,2.0E-4],"evs":[0.0,-2.64513,-2.68612]},"64s":{"weight":0.0,"played":[0.9988,5.0E-4,8.0E-4],"evs":[0.0,-1.76911,-1.75103]},"65s":{"weight":0.0,"played":[0.9994,2.0E-4,3.0E-4],"evs":[0.0,-1.52872,-1.51608]},"66":{"weight":0.9971,"played":[0.0,0.8564,0.1436],"evs":[0.0,4.3027,4.30772]},"76o":{"weight":0.0,"played":[1.0,0.0,0.0],"evs":[0.0,-3.03126,-2.97218]},"86o":{"weight":0.0,"played":[1.0,0.0,0.0],"evs":[0.0,-3.5584,-3.51927]},"96o":{"weight":0.0,"played":[1.0,0.0,0.0],"evs":[0.0,-3.83888,-3.83591]},"T6o":{"weight":0.0,"played":[1.0,0.0,0.0],"evs":[0.0,-4.48406,-4.45154]},"J6o":{"weight":0.0,"played":[1.0,0.0,0.0],"evs":[0.0,-5.28794,-5.15662]},"Q6o":{"weight":0.0,"played":[1.0,0.0,0.0],"evs":[0.0,-3.54088,-3.52599]},"K6o":{"weight":0.0,"played":[1.0,0.0,0.0],"evs":[0.0,-3.14987,-3.1429]},"A6o":{"weight":0.0,"played":[0.999,5.0E-4,5.0E-4],"evs":[0.0,-0.64992,-0.64382]},"72s":{"weight":0.0,"played":[1.0,0.0,0.0],"evs":[0.0,-4.37475,-4.35041]},"73s":{"weight":0.0,"played":[1.0,0.0,0.0],"evs":[0.0,-3.93047,-3.95256]},"74s":{"weight":0.0,"played":[0.9998,1.0E-4,1.0E-4],"evs":[0.0,-2.91772,-2.91625]},"75s":{"weight":0.0,"played":[0.9991,0.0,8.0E-4],"evs":[0.0,-1.61375,-1.57406]},"76s":{"weight":0.0,"played":[0.8336,0.0883,0.0781],"evs":[0.0,-0.65736,-0.61565]},"77":{"weight":0.9996,"played":[0.0,0.2208,0.7792],"evs":[0.0,5.58283,5.60433]},"87o":{"weight":0.0,"played":[1.0,0.0,0.0],"evs":[0.0,-2.56592,-2.52723]},"97o":{"weight":0.0,"played":[1.0,0.0,0.0],"evs":[0.0,-3.07582,-3.05322]},"T7o":{"weight":0.0,"played":[1.0,0.0,0.0],"evs":[0.0,-3.4281,-3.37501]},"J7o":{"weight":0.0,"played":[1.0,0.0,0.0],"evs":[0.0,-4.05539,-3.99437]},"Q7o":{"weight":0.0,"played":[1.0,0.0,0.0],"evs":[0.0,-3.5628,-3.53344]},"K7o":{"weight":0.0,"played":[1.0,0.0,0.0],"evs":[0.0,-2.79367,-2.7903]},"A7o":{"weight":0.999,"played":[0.9745,0.0155,0.01],"evs":[0.0,-0.44919,-0.44052]},"82s":{"weight":0.0,"played":[1.0,0.0,0.0],"evs":[0.0,-3.96738,-3.94149]},"83s":{"weight":0.0,"played":[1.0,0.0,0.0],"evs":[0.0,-4.43242,-4.37667]},"84s":{"weight":0.0,"played":[0.9998,1.0E-4,1.0E-4],"evs":[0.0,-3.55599,-3.53852]},"85s":{"weight":0.0,"played":[0.9997,2.0E-4,1.0E-4],"evs":[0.0,-2.34682,-2.30006]},"86s":{"weight":0.0,"played":[0.9988,5.0E-4,7.0E-4],"evs":[0.0,-0.84998,-0.85539]},"87s":{"weight":0.0,"played":[0.9316,0.0235,0.0448],"evs":[0.0,-0.92508,-0.93248]},"88":{"weight":1.0,"played":[0.0,0.0069,0.9931],"evs":[0.0,6.56455,6.59921]},"98o":{"weight":0.0,"played":[1.0,0.0,0.0],"evs":[0.0,-2.83413,-2.81122]},"T8o":{"weight":0.0,"played":[1.0,0.0,0.0],"evs":[0.0,-2.48775,-2.44456]},"J8o":{"weight":0.0,"played":[0.9999,0.0,0.0],"evs":[0.0,-3.49291,-3.47754]},"Q8o":{"weight":0.0,"played":[1.0,0.0,0.0],"evs":[0.0,-2.70195,-2.66437]},"K8o":{"weight":0.0,"played":[1.0,0.0,0.0],"evs":[0.0,-2.681,-2.67882]},"A8o":{"weight":1.0,"played":[2.0E-4,0.3462,0.6536],"evs":[0.0,0.38885,0.38555]},"92s":{"weight":0.0,"played":[1.0,0.0,0.0],"evs":[0.0,-4.23313,-4.20988]},"93s":{"weight":0.0,"played":[1.0,0.0,0.0],"evs":[0.0,-3.6039,-3.50407]},"94s":{"weight":0.0,"played":[0.9999,0.0,1.0E-4],"evs":[0.0,-3.51312,-3.48498]},"95s":{"weight":0.0,"played":[0.9999,0.0,0.0],"evs":[0.0,-3.36266,-3.32504]},"96s":{"weight":0.0,"played":[0.9993,3.0E-4,4.0E-4],"evs":[0.0,-1.56559,-1.60522]},"97s":{"weight":0.0,"played":[0.9974,0.0,0.0026],"evs":[0.0,-0.60281,-0.5636]},"98s":{"weight":0.9994,"played":[0.8107,0.0476,0.1417],"evs":[0.0,0.00391,0.03995]},"99":{"weight":1.0,"played":[0.0,0.6729,0.3271],"evs":[0.0,8.10758,8.1202]},"T9o":{"weight":0.0,"played":[0.9999,1.0E-4,1.0E-4],"evs":[0.0,-2.19982,-2.14958]},"J9o":{"weight":0.0,"played":[1.0,0.0,0.0],"evs":[0.0,-3.03312,-3.02842]},"Q9o":{"weight":0.0,"played":[1.0,0.0,0.0],"evs":[0.0,-2.35933,-2.31164]},"K9o":{"weight":0.0,"played":[1.0,0.0,0.0],"evs":[0.0,-1.84894,-1.87278]},"A9o":{"weight":1.0,"played":[0.0,0.4856,0.5144],"evs":[0.0,1.10152,1.08281]},"T2s":{"weight":0.0,"played":[1.0,0.0,0.0],"evs":[0.0,-3.68251,-3.64501]},"T3s":{"weight":0.0,"played":[1.0,0.0,0.0],"evs":[0.0,-4.24528,-4.17756]},"T4s":{"weight":0.0,"played":[0.9997,2.0E-4,1.0E-4],"evs":[0.0,-3.41311,-3.44787]},"T5s":{"weight":0.0,"played":[0.9998,0.0,2.0E-4],"evs":[0.0,-3.42984,-3.36553]},"T6s":{"weight":0.0,"played":[0.9996,3.0E-4,1.0E-4],"evs":[0.0,-2.22623,-2.15481]},"T7s":{"weight":0.0,"played":[0.9979,4.0E-4,0.0017],"evs":[0.0,-1.06951,-1.03335]},"T8s":{"weight":0.9977,"played":[0.9996,3.0E-4,1.0E-4],"evs":[0.0,-0.92668,-0.90102]},"T9s":{"weight":1.0,"played":[0.9333,0.0229,0.0438],"evs":[0.0,-0.3544,-0.34241]},"TT":{"weight":1.0,"played":[0.0,0.1251,0.8749],"evs":[0.0,9.78393,9.82516]},"JTo":{"weight":0.2511,"played":[0.999,8.0E-4,3.0E-4],"evs":[0.0,-1.93144,-1.92891]},"QTo":{"weight":0.9999,"played":[1.0,0.0,0.0],"evs":[0.0,-1.56177,-1.55313]},"KTo":{"weight":1.0,"played":[0.9999,0.0,0.0],"evs":[0.0,-0.94493,-0.95152]},"ATo":{"weight":1.0,"played":[0.0,0.6456,0.3544],"evs":[0.0,2.98963,2.98754]},"J2s":{"weight":0.0,"played":[1.0,0.0,0.0],"evs":[0.0,-4.04641,-4.02324]},"J3s":{"weight":0.0,"played":[1.0,0.0,0.0],"evs":[0.0,-4.15573,-4.05526]},"J4s":{"weight":0.0,"played":[0.9995,4.0E-4,2.0E-4],"evs":[0.0,-4.01855,-3.97078]},"J5s":{"weight":0.0,"played":[0.9997,1.0E-4,2.0E-4],"evs":[0.0,-2.855,-2.80504]},"J6s":{"weight":0.0,"played":[0.9999,0.0,1.0E-4],"evs":[0.0,-2.68758,-2.66104]},"J7s":{"weight":0.0,"played":[1.0,0.0,0.0],"evs":[0.0,-2.28119,-2.23792]},"J8s":{"weight":0.0,"played":[0.9997,0.0,2.0E-4],"evs":[0.0,-1.41011,-1.33042]},"J9s":{"weight":1.0,"played":[0.9999,0.0,1.0E-4],"evs":[0.0,-0.58422,-0.54548]},"JTs":{"weight":0.9999,"played":[0.0084,0.1533,0.8383],"evs":[0.0,0.3716,0.43415]},"JJ":{"weight":1.0,"played":[0.0,0.9965,0.0035],"evs":[0.0,11.7554,11.70638]},"QJo":{"weight":1.0,"played":[0.9991,7.0E-4,2.0E-4],"evs":[0.0,-0.90903,-0.89226]},"KJo":{"weight":1.0,"played":[0.3148,0.2958,0.3894],"evs":[0.0,0.12343,0.12502]},"AJo":{"weight":0.9974,"played":[0.0,0.4693,0.5307],"evs":[0.0,5.7722,5.75563]},"Q2s":{"weight":0.0,"played":[0.9998,0.0,2.0E-4],"evs":[0.0,-2.77239,-2.78234]},"Q3s":{"weight":0.0,"played":[0.9999,0.0,0.0],"evs":[0.0,-2.38595,-2.36701]},"Q4s":{"weight":0.0,"played":[0.9999,0.0,1.0E-4],"evs":[0.0,-2.42487,-2.43145]},"Q5s":{"weight":0.0,"played":[1.0,0.0,0.0],"evs":[0.0,-1.86715,-1.85313]},"Q6s":{"weight":0.0,"played":[0.9994,5.0E-4,1.0E-4],"evs":[0.0,-0.95632,-0.91936]},"Q7s":{"weight":0.0,"played":[0.9959,0.0017,0.0023],"evs":[0.0,-1.29505,-1.22118]},"Q8s":{"weight":0.7977,"played":[1.0,0.0,0.0],"evs":[0.0,-0.90406,-0.86123]},"Q9s":{"weight":1.0,"played":[0.2054,0.4194,0.3752],"evs":[0.0,-0.18629,-0.14744]},"QTs":{"weight":1.0,"played":[0.0587,0.4942,0.4472],"evs":[0.0,0.76312,0.79145]},"QJs":{"weight":1.0,"played":[0.0017,0.792,0.2063],"evs":[0.0,0.95322,0.94031]},"QQ":{"weight":1.0,"played":[0.0,0.3131,0.6869],"evs":[0.0,14.925,14.91278]},"KQo":{"weight":0.9992,"played":[0.0,0.4724,0.5276],"evs":[0.0,2.15831,2.15223]},"AQo":{"weight":0.9994,"played":[0.0,0.5231,0.4769],"evs":[0.0,6.8775,6.86834]},"K2s":{"weight":0.0,"played":[1.0,0.0,0.0],"evs":[0.0,-2.65894,-2.64995]},"K3s":{"weight":0.0,"played":[0.9995,0.0,5.0E-4],"evs":[0.0,-2.19849,-2.19063]},"K4s":{"weight":0.0,"played":[0.9999,0.0,1.0E-4],"evs":[0.0,-1.65046,-1.62456]},"K5s":{"weight":0.0,"played":[0.9999,0.0,0.0],"evs":[0.0,-1.46332,-1.42818]},"K6s":{"weight":0.0,"played":[0.9989,2.0E-4,0.001],"evs":[0.0,-0.80369,-0.7976]},"K7s":{"weight":0.735,"played":[0.7743,0.092,0.1337],"evs":[0.0,-0.67842,-0.67398]},"K8s":{"weight":1.0,"played":[0.8302,0.0738,0.096],"evs":[0.0,-0.68889,-0.70459]},"K9s":{"weight":1.0,"played":[0.1015,0.4644,0.4341],"evs":[0.0,0.13437,0.12816]},"KTs":{"weight":0.9992,"played":[0.0,0.8596,0.1404],"evs":[0.0,1.44612,1.41013]},"KJs":{"weight":1.0,"played":[0.0,0.8398,0.1602],"evs":[0.0,2.13898,2.10488]},"KQs":{"weight":0.9999,"played":[0.0,0.3963,0.6037],"evs":[0.0,4.14483,4.10032]},"KK":{"weight":1.0,"played":[0.0,0.3978,0.6022],"evs":[0.0,18.01073,17.97549]},"AKo":{"weight":1.0,"played":[0.0,0.4617,0.5383],"evs":[0.0,8.40809,8.40098]},"A2s":{"weight":1.0,"played":[1.0E-4,0.1955,0.8044],"evs":[0.0,0.31882,0.32293]},"A3s":{"weight":1.0,"played":[0.0,0.3765,0.6234],"evs":[0.0,0.82847,0.79108]},"A4s":{"weight":1.0,"played":[0.0026,0.377,0.6204],"evs":[0.0,0.76433,0.74658]},"A5s":{"weight":1.0,"played":[0.0,0.199,0.801],"evs":[0.0,1.88296,1.89004]},"A6s":{"weight":1.0,"played":[3.0E-4,0.0146,0.9851],"evs":[0.0,1.38117,1.41053]},"A7s":{"weight":1.0,"played":[0.0,0.2496,0.7503],"evs":[0.0,2.30319,2.30312]},"A8s":{"weight":1.0,"played":[0.0,0.5468,0.4532],"evs":[0.0,2.56265,2.56408]},"A9s":{"weight":1.0,"played":[0.0,0.4285,0.5715],"evs":[0.0,3.51996,3.51796]},"ATs":{"weight":1.0,"played":[0.0,0.5917,0.4083],"evs":[0.0,4.80423,4.78857]},"AJs":{"weight":1.0,"played":[0.0,0.7474,0.2526],"evs":[0.0,7.24623,7.2216]},"AQs":{"weight":1.0,"played":[0.0,0.4692,0.5308],"evs":[0.0,8.95851,8.9178]},"AKs":{"weight":1.0,"played":[0.0,0.0125,0.9875],"evs":[0.0,9.80684,9.81397]},"AA":{"weight":1.0,"played":[0.0,0.413,0.587],"evs":[0.0,24.80274,24.75209]}}}