{"player":4,"street":0,"children":2,"sequence":[{"player":0,"type":"R","amount":200000,"street":0},{"player":1,"type":"C","amount":200000,"street":0},{"player":2,"type":"F","amount":0,"street":0},{"player":3,"type":"F","amount":0,"street":0},{"player":4,"type":"C","amount":150000,"street":0},{"player":5,"type":"R","amount":815000,"street":0},{"player":0,"type":"F","amount":0,"street":0},{"player":1,"type":"F","amount":0,"street":0}],"actions":[{"type":"F","amount":0},{"type":"C","amount":515000}],"hands":{"22":{"weight":0.8959,"played":[0.1462,0.8538],"evs":[0.0,6.634]},"32o":{"weight":0.0,"played":[0.641,0.359],"evs":[0.0,-0.59553]},"42o":{"weight":0.0,"played":[0.3365,0.6635],"evs":[0.0,5.51916]},"52o":{"weight":0.0,"played":[0.696,0.304],"evs":[0.0,-0.09724]},"62o":{"weight":0.0,"played":[0.2812,0.7188],"evs":[0.0,-0.19244]},"72o":{"weight":0.0,"played":[0.5172,0.4828],"evs":[0.0,4.42013]},"82o":{"weight":0.0,"played":[0.0569,0.9431],"evs":[0.0,5.63265]},"92o":{"weight":0.0,"played":[0.3985,0.6015],"evs":[0.0,2.13656]},"T2o":{"weight":0.0,"played":[0.4423,0.5577],"evs":[0.0,-0.8841]},"J2o":{"weight":0.0,"played":[0.7667,0.2333],"evs":[0.0,-3.46087]},"Q2o":{"weight":0.0,"played":[0.0,1.0],"evs":[0.0,1.57595]},"K2o":{"weight":0.0,"played":[0.0199,0.9801],"evs":[0.0,4.66729]},"A2o":{"weight":0.0,"played":[0.2828,0.7172],"evs":[0.0,4.55496]},"32s":{"weight":0.0,"played":[0.5696,0.4304],"evs":[0.0,6.34446]},"33":{"weight":0.9934,"played":[0.2777,0.7223],"evs":[0.0,4.75646]},"43o":{"weight":0.0,"played":[0.9712,0.0288],"evs":[0.0,-5.25465]},"53o":{"weight":0.0,"played":[0.6435,0.3565],"evs":[0.0,-3.52754]},"63o":{"weight":0.0,"played":[1.0,0.0],"evs":[0.0,-5.25465]},"73o":{"weight":0.0,"played":[0.9062,0.0938],"evs":[0.0,-2.52466]},"83o":{"weight":0.0,"played":[0.3526,0.6474],"evs":[0.0,0.36727]},"93o":{"weight":0.0,"played":[0.4475,0.5525],"evs":[0.0,3.19615]},"T3o":{"weight":0.0,"played":[0.5544,0.4456],"evs":[0.0,-2.05421]},"J3o":{"weight":0.0,"played":[0.1273,0.8727],"evs":[0.0,1.58028]},"Q3o":{"weight":0.0,"played":[0.8971,0.1029],"evs":[0.0,0.53647]},"K3o":{"weight":0.0,"played":[0.0,1.0],"evs":[0.0,2.28062]},"A3o":{"weight":0.0,"played":[0.6072,0.3928],"evs":[0.0,2.75762]},"42s":{"weight":0.0,"played":[0.2687,0.7313],"evs":[0.0,5.11742]},"43s":{"weight":0.0,"played":[0.5857,0.4143],"evs":[0.0,2.70451]},"44":{"weight":0.0,"played":[0.1342,0.8658],"evs":[0.0,12.13878]},"54o":{"weight":0.0,"played":[0.7262,0.2738],"evs":[0.0,-3.77975]},"64o":{"weight":0.0,"played":[0.783,0.217],"evs":[0.0,-0.75269]},"74o":{"weight":0.0,"played":[0.0,1.0],"evs":[0.0,9.26531]},"84o":{"weight":0.0,"played":[0.4721,0.5279],"evs":[0.0,2.27037]},"94o":{"weight":0.0,"played":[0.395,0.605],"evs":[0.0,-0.1638]},"T4o":{"weight":0.0,"played":[0.0,1.0],"evs":[0.0,1.7354]},"J4o":{"weight":0.0,"played":[0.8954,0.1046],"evs":[0.0,-2.72007]},"Q4o":{"weight":0.0,"played":[0.3309,0.6691],"evs":[0.0,0.39779]},"K4o":{"weight":0.0,"played":[0.3051,0.6949],"evs":[0.0,6.10204]},"A4o":{"weight":0.0,"played":[0.0,1.0],"evs":[0.0,2.49707]},"52s":{"weight":0.0,"played":[0.9591,0.0409],"evs":[0.0,-5.25465]},"53s":{"weight":0.0066,"played":[1.0,0.0],"evs":[0.0,-5.25465]},"54s":{"weight":0.9971,"played":[0.1143,0.8857],"evs":[0.0,8.78542]},"55":{"weight":0.0,"played":[0.0,1.0],"evs":[0.0,6.19922]},"65o":{"weight":0.0,"played":[0.5661,0.4339],"evs":[0.0,-1.74649]},"75o":{"weight":0.0,"played":[0.344,0.656],"evs":[0.0,4.84421]},"85o":{"weight":0.0,"played":[0.3686,0.6314],"evs":[0.0,0.37913]},"95o":{"weight":0.0,"played":[0.3117,0.6883],"evs":[0.0,-0.49814]},"T5o":{"weight":0.0,"played":[0.3303,0.6697],"evs":[0.0,2.00422]},"J5o":{"weight":0.0,"played":[0.3796,0.6204],"evs":[0.0,-1.78236]},"Q5o":{"weight":0.0,"played":[0.1075,0.8925],"evs":[0.0,2.20777]},"K5o":{"weight":0.0,"played":[0.5697,0.4303],"evs":[0.0,2.49765]},"A5o":{"weight":0.0,"played":[0.0289,0.9711],"evs":[0.0,-0.0647]},"62s":{"weight":0.0,"played":[0.3954,0.6046],"evs":[0.0,4.7716]},"63s":{"weight":0.0,"played":[0.0987,0.9013],"evs":[0.0,-0.95067]},"64s":{"weight":0.5843,"played":[0.0191,0.9809],"evs":[0.0,9.0858]},"65s":{"weight":0.9998,"played":[0.0668,0.9332],"evs":[0.0,4.82718]},"66":{"weight":0.0,"played":[0.0228,0.9772],"evs":[0.0,-2.0584]},"76o":{"weight":0.0,"played":[0.147,0.853],"evs":[0.0,1.37471]},"86o":{"weight":0.0,"played":[0.9332,0.0668],"evs":[0.0,-4.76456]},"96o":{"weight":0.0,"played":[0.3415,0.6585],"evs":[0.0,3.67457]},"T6o":{"weight":0.0,"played":[0.2757,0.7243],"evs":[0.0,5.70495]},"J6o":{"weight":0.0,"played":[0.5991,0.4009],"evs":[0.0,4.26992]},"Q6o":{"weight":0.0,"played":[0.4782,0.5218],"evs":[0.0,-0.74094]},"K6o":{"weight":0.0,"played":[0.5553,0.4447],"evs":[0.0,-2.5111]},"A6o":{"weight":0.0,"played":[0.2392,0.7608],"evs":[0.0,1.71492]},"72s":{"weight":0.0,"played":[0.0618,0.9382],"evs":[0.0,14.02234]},"73s":{"weight":0.0,"played":[0.255,0.745],"evs":[0.0,3.43515]},"74s":{"weight":0.0,"played":[0.1288,0.8712],"evs":[0.0,10.03796]},"75s":{"weight":0.9978,"played":[0.9891,0.0109],"evs":[0.0,-5.25465]},"76s":{"weight":0.9999,"played":[0.9327,0.0673],"evs":[0.0,-2.6114]},"77":{"weight":0.0,"played":[0.0,1.0],"evs":[0.0,1.71598]},"87o":{"weight":0.0,"played":[0.6009,0.3991],"evs":[0.0,1.31052]},"97o":{"weight":0.0,"played":[0.178,0.822],"evs":[0.0,2.10683]},"T7o":{"weight":0.0,"played":[0.9654,0.0346],"evs":[0.0,-0.38302]},"J7o":{"weight":0.0,"played":[0.8321,0.1679],"evs":[0.0,-0.12913]},"Q7o":{"weight":0.0,"played":[0.9311,0.0689],"evs":[0.0,-1.37121]},"K7o":{"weight":0.0,"played":[0.0073,0.9927],"evs":[0.0,5.28647]},"A7o":{"weight":0.0,"played":[0.4001,0.5999],"evs":[0.0,-0.11748]},"82s":{"weight":0.0,"played":[0.5763,0.4237],"evs":[0.0,9.7152]},"83s":{"weight":0.0,"played":[0.0014,0.9986],"evs":[0.0,0.27538]},"84s":{"weight":0.0,"played":[0.0573,0.9427],"evs":[0.0,3.55745]},"85s":{"weight":0.0,"played":[0.1625,0.8375],"evs":[0.0,4.80594]},"86s":{"weight":0.9991,"played":[0.2397,0.7603],"evs":[0.0,4.41442]},"87s":{"weight":0.9996,"played":[0.0097,0.9903],"evs":[0.0,1.33952]},"88":{"weight":0.0,"played":[0.372,0.628],"evs":[0.0,-0.23401]},"98o":{"weight":0.0,"played":[0.1051,0.8949],"evs":[0.0,6.07271]},"T8o":{"weight":0.0,"played":[0.0083,0.9917],"evs":[0.0,3.9791]},"J8o":{"weight":0.0,"played":[0.7065,0.2935],"evs":[0.0,-2.30314]},"Q8o":{"weight":0.0,"played":[0.8876,0.1124],"evs":[0.0,-1.93192]},"K8o":{"weight":0.0,"played":[0.2817,0.7183],"evs":[0.0,1.26808]},"A8o":{"weight":4.0E-4,"played":[0.4675,0.5325],"evs":[0.0,3.58818]},"92s":{"weight":0.0,"played":[0.12,0.88],"evs":[0.0,13.37034]},"93s":{"weight":0.0,"played":[0.7219,0.2781],"evs":[0.0,4.81598]},"94s":{"weight":0.0,"played":[0.8889,0.1111],"evs":[0.0,1.95855]},"95s":{"weight":0.0,"played":[0.6403,0.3597],"evs":[0.0,-1.83382]},"96s":{"weight":3.0E-4,"played":[0.2677,0.7323],"evs":[0.0,-1.97461]},"97s":{"weight":0.9955,"played":[0.2151,0.7849],"evs":[0.0,-1.49774]},"98s":{"weight":1.0,"played":[0.6957,0.3043],"evs":[0.0,-4.09199]},"99":{"weight":0.0,"played":[0.0,1.0],"evs":[0.0,8.74246]},"T9o":{"weight":0.0,"played":[0.3303,0.6697],"evs":[0.0,1.18155]},"J9o":{"weight":0.0,"played":[1.0,0.0],"evs":[0.0,0.70175]},"Q9o":{"weight":0.0,"played":[0.0,1.0],"evs":[0.0,9.49079]},"K9o":{"weight":0.0,"played":[0.5913,0.4087],"evs":[0.0,-3.3659]},"A9o":{"weight":0.0022,"played":[0.4536,0.5464],"evs":[0.0,0.51021]},"T2s":{"weight":0.0,"played":[0.1142,0.8858],"evs":[0.0,5.98429]},"T3s":{"weight":0.0,"played":[0.5285,0.4715],"evs":[0.0,2.86307]},"T4s":{"weight":0.0,"played":[0.4639,0.5361],"evs":[0.0,-2.38417]},"T5s":{"weight":0.0,"played":[0.0751,0.9249],"evs":[0.0,7.2294]},"T6s":{"weight":0.0,"played":[0.0585,0.9415],"evs":[0.0,1.27041]},"T7s":{"weight":0.8522,"played":[0.802,0.198],"evs":[0.0,0.80566]},"T8s":{"weight":1.0,"played":[0.0,1.0],"evs":[0.0,6.26817]},"T9s":{"weight":0.9999,"played":[0.4673,0.5327],"evs":[0.0,4.30622]},"TT":{"weight":0.0,"played":[0.1001,0.8999],"evs":[0.0,13.11013]},"JTo":{"weight":0.0,"played":[0.2744,0.7256],"evs":[0.0,-1.37575]},"QTo":{"weight":6.0E-4,"played":[0.4211,0.5789],"evs":[0.0,-1.8379]},"KTo":{"weight":0.9944,"played":[0.0192,0.9808],"evs":[0.0,4.12828]},"ATo":{"weight":0.0,"played":[0.0,1.0],"evs":[0.0,6.78454]},"J2s":{"weight":0.0,"played":[0.7196,0.2804],"evs":[0.0,-2.55745]},"J3s":{"weight":0.0,"played":[1.0,0.0],"evs":[0.0,3.98901]},"J4s":{"weight":0.0,"played":[0.9338,0.0662],"evs":[0.0,-5.25465]},"J5s":{"weight":0.0,"played":[0.3433,0.6567],"evs":[0.0,3.52183]},"J6s":{"weight":0.0,"played":[0.2918,0.7082],"evs":[0.0,-1.8496]},"J7s":{"weight":4.0E-4,"played":[0.4133,0.5867],"evs":[0.0,9.78483]},"J8s":{"weight":0.3376,"played":[0.168,0.832],"evs":[0.0,10.50861]},"J9s":{"weight":0.9994,"played":[0.0,1.0],"evs":[0.0,11.25304]},"JTs":{"weight":0.9999,"played":[1.0,0.0],"evs":[0.0,-5.25465]},"JJ":{"weight":0.0,"played":[0.0428,0.9572],"evs":[0.0,14.02234]},"QJo":{"weight":0.9976,"played":[0.0227,0.9773],"evs":[0.0,2.28092]},"KJo":{"weight":1.0,"played":[0.0508,0.9492],"evs":[0.0,2.46684]},"AJo":{"weight":0.0,"played":[0.076,0.924],"evs":[0.0,6.34145]},"Q2s":{"weight":0.0,"played":[0.9419,0.0581],"evs":[0.0,-5.25465]},"Q3s":{"weight":0.0,"played":[0.3885,0.6115],"evs":[0.0,5.47623]},"Q4s":{"weight":0.0,"played":[0.5,0.5],"evs":[0.0,-5.25465]},"Q5s":{"weight":0.0,"played":[0.7048,0.2952],"evs":[0.0,-3.21088]},"Q6s":{"weight":0.0314,"played":[0.9537,0.0463],"evs":[0.0,0.08521]},"Q7s":{"weight":0.0717,"played":[0.3623,0.6377],"evs":[0.0,6.66232]},"Q8s":{"weight":0.9996,"played":[0.0113,0.9887],"evs":[0.0,3.68427]},"Q9s":{"weight":1.0,"played":[0.1673,0.8327],"evs":[0.0,0.52082]},"QTs":{"weight":0.9996,"played":[0.5913,0.4087],"evs":[0.0,-2.67796]},"QJs":{"weight":0.9998,"played":[0.0851,0.9149],"evs":[0.0,14.02234]},"QQ":{"weight":0.0,"played":[0.0557,0.9443],"evs":[0.0,-0.29008]},"KQo":{"weight":5.0E-4,"played":[0.0,1.0],"evs":[0.0,6.84989]},"AQo":{"weight":0.0,"played":[0.0353,0.9647],"evs":[0.0,3.07821]},"K2s":{"weight":0.0,"played":[0.0,1.0],"evs":[0.0,-1.61073]},"K3s":{"weight":0.0813,"played":[1.0,0.0],"evs":[0.0,-5.25465]},"K4s":{"weight":0.9141,"played":[1.0,0.0],"evs":[0.0,-5.25465]},"K5s":{"weight":0.9999,"played":[0.4847,0.5153],"evs":[0.0,-2.4033]},"K6s":{"weight":0.9992,"played":[0.5558,0.4442],"evs":[0.0,-0.56876]},"K7s":{"weight":0.9994,"played":[0.2603,0.7397],"evs":[0.0,3.8848]},"K8s":{"weight":0.9997,"played":[0.6622,0.3378],"evs":[0.0,-2.75487]},"K9s":{"weight":0.9993,"played":[0.0058,0.9942],"evs":[0.0,4.43728]},"KTs":{"weight":0.9583,"played":[0.0085,0.9915],"evs":[0.0,6.88294]},"KJs":{"weight":0.0548,"played":[0.8374,0.1626],"evs":[0.0,0.58577]},"KQs":{"weight":0.0,"played":[0.0037,0.9963],"evs":[0.0,10.3356]},"KK":{"weight":0.0,"played":[0.078,0.922],"evs":[0.0,7.89672]},"AKo":{"weight":0.0,"played":[0.034,0.966],"evs":[0.0,4.51512]},"A2s":{"weight":0.9922,"played":[0.7733,0.2267],"evs":[0.0,5.86684]},"A3s":{"weight":0.917,"played":[0.1192,0.8808],"evs":[0.0,-1.02139]},"A4s":{"weight":0.5404,"played":[0.8804,0.1196],"evs":[0.0,-5.25465]},"A5s":{"weight":5.0E-4,"played":[0.5169,0.4831],"evs":[0.0,5.97177]},"A6s":{"weight":0.0291,"played":[0.57,0.43],"evs":[0.0,9.63459]},"A7s":{"weight":0.0,"played":[0.0296,0.9704],"evs":[0.0,7.74091]},"A8s":{"weight":0.001,"played":[0.0163,0.9837],"evs":[0.0,2.53417]},"A9s":{"weight":7.0E-4,"played":[0.1782,0.8218],"evs":[0.0,14.02234]},"ATs":{"weight":1.0E-4,"played":[0.1064,0.8936],"evs":[0.0,14.02234]},"AJs":{"weight":0.0,"played":[0.0,1.0],"evs":[0.0,-5.25465]},"AQs":{"weight":0.0,"played":[0.5,0.5],"evs":[0.0,14.02234]},"AKs":{"weight":0.0,"played":[0.007,0.993],"evs":[0.0,-4.09904]},"AA":{"weight":0.0,"played":[0.0588,0.9412],"evs":[0.0,9.49762]}}}