{"player":0,"street":0,"children":2,"sequence":[{"player":0,"type":"R","amount":200000,"street":0},{"player":1,"type":"C","amount":200000,"street":0},{"player":2,"type":"F","amount":0,"street":0},{"player":3,"type":"F","amount":0,"street":0},{"player":4,"type":"C","amount":150000,"street":0},{"player":5,"type":"R","amount":815000,"street":0},{"player":0,"type":"C","amount":615000,"street":0},{"player":1,"type":"R","amount":2185000,"street":0},{"player":4,"type":"F","amount":0,"street":0}],"actions":[{"type":"F","amount":0},{"type":"C","amount":1370000}],"hands":{"22":{"weight":0.0,"played":[0.0017,0.9983],"evs":[0.0,7.69609]},"32o":{"weight":0.0,"played":[0.7379,0.2621],"evs":[0.0,-3.34234]},"42o":{"weight":0.0,"played":[0.2983,0.7017],"evs":[0.0,0.49223]},"52o":{"weight":0.0,"played":[0.0412,0.9588],"evs":[0.0,-0.03803]},"62o":{"weight":0.0,"played":[0.1359,0.8641],"evs":[0.0,-0.08124]},"72o":{"weight":0.0,"played":[0.139,0.861],"evs":[0.0,0.36358]},"82o":{"weight":0.0,"played":[0.8712,0.1288],"evs":[0.0,-1.16222]},"92o":{"weight":0.0,"played":[0.9915,0.0085],"evs":[0.0,-1.38642]},"T2o":{"weight":0.0,"played":[0.1729,0.8271],"evs":[0.0,0.84407]},"J2o":{"weight":0.0,"played":[0.1835,0.8165],"evs":[0.0,-1.20118]},"Q2o":{"weight":0.0,"played":[0.0206,0.9794],"evs":[0.0,1.3902]},"K2o":{"weight":0.0,"played":[0.0988,0.9012],"evs":[0.0,1.2993]},"A2o":{"weight":0.0,"played":[0.1159,0.8841],"evs":[0.0,4.14876]},"32s":{"weight":0.0,"played":[0.9159,0.0841],"evs":[0.0,0.02795]},"33":{"weight":0.2628,"played":[0.0021,0.9979],"evs":[0.0,4.95948]},"43o":{"weight":0.0,"played":[0.4019,0.5981],"evs":[0.0,1.9158]},"53o":{"weight":0.0,"played":[0.7137,0.2863],"evs":[0.0,0.75441]},"63o":{"weight":0.0,"played":[0.4508,0.5492],"evs":[0.0,-0.86155]},"73o":{"weight":0.0,"played":[0.9584,0.0416],"evs":[0.0,0.07394]},"83o":{"weight":0.0,"played":[0.4537,0.5463],"evs":[0.0,-0.8088]},"93o":{"weight":0.0,"played":[0.0082,0.9918],"evs":[0.0,1.21017]},"T3o":{"weight":0.0,"played":[0.9036,0.0964],"evs":[0.0,-0.02427]},"J3o":{"weight":0.0,"played":[0.9649,0.0351],"evs":[0.0,-0.80989]},"Q3o":{"weight":0.0,"played":[0.7724,0.2276],"evs":[0.0,1.08146]},"K3o":{"weight":0.0,"played":[0.6086,0.3914],"evs":[0.0,1.17863]},"A3o":{"weight":0.0,"played":[0.0266,0.9734],"evs":[0.0,8.74424]},"42s":{"weight":0.0,"played":[0.7217,0.2783],"evs":[0.0,-0.44542]},"43s":{"weight":0.0,"played":[0.0252,0.9748],"evs":[0.0,2.79581]},"44":{"weight":0.3515,"played":[0.0026,0.9974],"evs":[0.0,7.13858]},"54o":{"weight":0.0,"played":[0.4205,0.5795],"evs":[0.0,3.13591]},"64o":{"weight":0.0,"played":[0.4301,0.5699],"evs":[0.0,0.88633]},"74o":{"weight":0.0,"played":[0.0594,0.9406],"evs":[0.0,1.36825]},"84o":{"weight":0.0,"played":[0.6944,0.3056],"evs":[0.0,1.30939]},"94o":{"weight":0.0,"played":[0.5488,0.4512],"evs":[0.0,-1.46927]},"T4o":{"weight":0.0,"played":[0.2564,0.7436],"evs":[0.0,1.04765]},"J4o":{"weight":0.0,"played":[0.1553,0.8447],"evs":[0.0,3.72298]},"Q4o":{"weight":0.0,"played":[0.2152,0.7848],"evs":[0.0,0.13145]},"K4o":{"weight":0.0,"played":[0.0518,0.9482],"evs":[0.0,2.0603]},"A4o":{"weight":0.0,"played":[0.006,0.994],"evs":[0.0,5.73599]},"52s":{"weight":0.0,"played":[0.0939,0.9061],"evs":[0.0,4.55429]},"53s":{"weight":0.0,"played":[0.2052,0.7948],"evs":[0.0,0.16805]},"54s":{"weight":0.0,"played":[0.2139,0.7861],"evs":[0.0,6.68663]},"55":{"weight":0.0237,"played":[0.0045,0.9955],"evs":[0.0,8.81331]},"65o":{"weight":0.0,"played":[0.1024,0.8976],"evs":[0.0,7.30914]},"75o":{"weight":0.0,"played":[0.1723,0.8277],"evs":[0.0,6.45085]},"85o":{"weight":0.0,"played":[0.6438,0.3562],"evs":[0.0,0.94813]},"95o":{"weight":0.0,"played":[0.0788,0.9212],"evs":[0.0,0.71975]},"T5o":{"weight":0.0,"played":[0.4101,0.5899],"evs":[0.0,-1.76284]},"J5o":{"weight":0.0,"played":[0.0929,0.9071],"evs":[0.0,0.10459]},"Q5o":{"weight":0.0,"played":[0.0061,0.9939],"evs":[0.0,1.21061]},"K5o":{"weight":0.0,"played":[0.1544,0.8456],"evs":[0.0,2.99045]},"A5o":{"weight":0.0,"played":[1.0E-4,0.9999],"evs":[0.0,3.99523]},"62s":{"weight":0.0,"played":[0.9824,0.0176],"evs":[0.0,-0.59093]},"63s":{"weight":0.0,"played":[0.6984,0.3016],"evs":[0.0,-1.73002]},"64s":{"weight":0.0,"played":[0.0032,0.9968],"evs":[0.0,2.81447]},"65s":{"weight":0.0,"played":[0.0468,0.9532],"evs":[0.0,1.338]},"66":{"weight":0.8539,"played":[2.0E-4,0.9998],"evs":[0.0,10.66998]},"76o":{"weight":0.0,"played":[0.1198,0.8802],"evs":[0.0,2.52401]},"86o":{"weight":0.0,"played":[0.0461,0.9539],"evs":[0.0,5.1845]},"96o":{"weight":0.0,"played":[0.685,0.315],"evs":[0.0,-2.39222]},"T6o":{"weight":0.0,"played":[0.6397,0.3603],"evs":[0.0,0.18564]},"J6o":{"weight":0.0,"played":[0.0356,0.9644],"evs":[0.0,1.72144]},"Q6o":{"weight":0.0,"played":[0.2453,0.7547],"evs":[0.0,2.89864]},"K6o":{"weight":0.0,"played":[0.3585,0.6415],"evs":[0.0,2.03972]},"A6o":{"weight":0.0,"played":[4.0E-4,0.9996],"evs":[0.0,4.70138]},"72s":{"weight":0.0,"played":[0.0058,0.9942],"evs":[0.0,3.96292]},"73s":{"weight":0.0,"played":[0.4935,0.5065],"evs":[0.0,4.08212]},"74s":{"weight":0.0,"played":[0.3446,0.6554],"evs":[0.0,2.78172]},"75s":{"weight":0.0,"played":[0.0329,0.9671],"evs":[0.0,4.86853]},"76s":{"weight":0.0,"played":[0.0692,0.9308],"evs":[0.0,4.62101]},"77":{"weight":0.2207,"played":[9.0E-4,0.9991],"evs":[0.0,11.56305]},"87o":{"weight":0.0,"played":[0.0794,0.9206],"evs":[0.0,4.58028]},"97o":{"weight":0.0,"played":[0.0827,0.9173],"evs":[0.0,2.17757]},"T7o":{"weight":0.0,"played":[0.006,0.994],"evs":[0.0,1.07647]},"J7o":{"weight":0.0,"played":[0.0326,0.9674],"evs":[0.0,3.68767]},"Q7o":{"weight":0.0,"played":[0.4036,0.5964],"evs":[0.0,0.22039]},"K7o":{"weight":0.0,"played":[0.1355,0.8645],"evs":[0.0,4.85609]},"A7o":{"weight":0.0154,"played":[0.0082,0.9918],"evs":[0.0,2.64651]},"82s":{"weight":0.0,"played":[0.5565,0.4435],"evs":[0.0,2.57396]},"83s":{"weight":0.0,"played":[0.5081,0.4919],"evs":[0.0,0.26561]},"84s":{"weight":0.0,"played":[0.0267,0.9733],"evs":[0.0,6.06458]},"85s":{"weight":0.0,"played":[0.353,0.647],"evs":[0.0,2.52439]},"86s":{"weight":0.0,"played":[0.004,0.996],"evs":[0.0,5.16126]},"87s":{"weight":0.0,"played":[0.2174,0.7826],"evs":[0.0,7.07624]},"88":{"weight":0.0069,"played":[0.0019,0.9981],"evs":[0.0,12.37454]},"98o":{"weight":0.0,"played":[0.4185,0.5815],"evs":[0.0,2.82432]},"T8o":{"weight":0.0,"played":[0.1414,0.8586],"evs":[0.0,1.67497]},"J8o":{"weight":0.0,"played":[0.2218,0.7782],"evs":[0.0,1.65607]},"Q8o":{"weight":0.0,"played":[0.0043,0.9957],"evs":[0.0,3.8212]},"K8o":{"weight":0.0,"played":[0.0424,0.9576],"evs":[0.0,2.03326]},"A8o":{"weight":0.3462,"played":[0.0,1.0],"evs":[0.0,7.83069]},"92s":{"weight":0.0,"played":[0.3366,0.6634],"evs":[0.0,3.47941]},"93s":{"weight":0.0,"played":[0.1493,0.8507],"evs":[0.0,3.25757]},"94s":{"weight":0.0,"played":[0.2587,0.7413],"evs":[0.0,1.94501]},"95s":{"weight":0.0,"played":[0.0626,0.9374],"evs":[0.0,4.03021]},"96s":{"weight":0.0,"played":[0.2901,0.7099],"evs":[0.0,3.45003]},"97s":{"weight":0.0,"played":[1.0E-4,0.9999],"evs":[0.0,9.09816]},"98s":{"weight":0.0476,"played":[0.0128,0.9872],"evs":[0.0,6.10966]},"99":{"weight":0.6729,"played":[1.0E-4,0.9999],"evs":[0.0,12.73786]},"T9o":{"weight":0.0,"played":[0.059,0.941],"evs":[0.0,4.96875]},"J9o":{"weight":0.0,"played":[0.0187,0.9813],"evs":[0.0,5.65466]},"Q9o":{"weight":0.0,"played":[0.0221,0.9779],"evs":[0.0,4.64435]},"K9o":{"weight":0.0,"played":[0.0745,0.9255],"evs":[0.0,3.75804]},"A9o":{"weight":0.4856,"played":[0.0,1.0],"evs":[0.0,9.14139]},"T2s":{"weight":0.0,"played":[0.189,0.811],"evs":[0.0,0.51222]},"T3s":{"weight":0.0,"played":[0.0899,0.9101],"evs":[0.0,4.9339]},"T4s":{"weight":0.0,"played":[0.3304,0.6696],"evs":[0.0,-0.61974]},"T5s":{"weight":0.0,"played":[0.0723,0.9277],"evs":[0.0,5.81473]},"T6s":{"weight":0.0,"played":[0.3651,0.6349],"evs":[0.0,1.81242]},"T7s":{"weight":0.0,"played":[0.26,0.74],"evs":[0.0,3.23785]},"T8s":{"weight":3.0E-4,"played":[0.156,0.844],"evs":[0.0,8.273]},"T9s":{"weight":0.0229,"played":[0.1731,0.8269],"evs":[0.0,1.75337]},"TT":{"weight":0.1251,"played":[0.0,1.0],"evs":[0.0,14.14315]},"JTo":{"weight":2.0E-4,"played":[0.0181,0.9819],"evs":[0.0,5.67673]},"QTo":{"weight":0.0,"played":[7.0E-4,0.9993],"evs":[0.0,5.11845]},"KTo":{"weight":0.0,"played":[0.0179,0.9821],"evs":[0.0,5.49538]},"ATo":{"weight":0.6456,"played":[1.0E-4,0.9999],"evs":[0.0,9.51157]},"J2s":{"weight":0.0,"played":[0.476,0.524],"evs":[0.0,0.53183]},"J3s":{"weight":0.0,"played":[0.7531,0.2469],"evs":[0.0,-2.43831]},"J4s":{"weight":0.0,"played":[0.1974,0.8026],"evs":[0.0,0.47196]},"J5s":{"weight":0.0,"played":[0.0174,0.9826],"evs":[0.0,3.70757]},"J6s":{"weight":0.0,"played":[0.4044,0.5956],"evs":[0.0,2.37658]},"J7s":{"weight":0.0,"played":[0.7076,0.2924],"evs":[0.0,3.57071]},"J8s":{"weight":0.0,"played":[0.1524,0.8476],"evs":[0.0,5.37384]},"J9s":{"weight":0.0,"played":[0.0,1.0],"evs":[0.0,1.96584]},"JTs":{"weight":0.1532,"played":[3.0E-4,0.9997],"evs":[0.0,9.29183]},"JJ":{"weight":0.9965,"played":[6.0E-4,0.9994],"evs":[0.0,17.22801]},"QJo":{"weight":7.0E-4,"played":[0.0031,0.9969],"evs":[0.0,7.09087]},"KJo":{"weight":0.2958,"played":[0.0,1.0],"evs":[0.0,5.34132]},"AJo":{"weight":0.4681,"played":[2.0E-4,0.9998],"evs":[0.0,13.55558]},"Q2s":{"weight":0.0,"played":[0.0312,0.9688],"evs":[0.0,3.71471]},"Q3s":{"weight":0.0,"played":[0.1039,0.8961],"evs":[0.0,6.90654]},"Q4s":{"weight":0.0,"played":[0.3447,0.6553],"evs":[0.0,9.7796]},"Q5s":{"weight":0.0,"played":[0.0258,0.9742],"evs":[0.0,2.3126]},"Q6s":{"weight":0.0,"played":[0.0193,0.9807],"evs":[0.0,4.46208]},"Q7s":{"weight":0.0,"played":[0.5479,0.4521],"evs":[0.0,2.35422]},"Q8s":{"weight":0.0,"played":[0.0049,0.9951],"evs":[0.0,7.64803]},"Q9s":{"weight":0.4194,"played":[0.0067,0.9933],"evs":[0.0,6.77843]},"QTs":{"weight":0.4942,"played":[3.0E-4,0.9997],"evs":[0.0,2.75958]},"QJs":{"weight":0.792,"played":[0.022,0.978],"evs":[0.0,2.10255]},"QQ":{"weight":0.3131,"played":[0.0,1.0],"evs":[0.0,19.84586]},"KQo":{"weight":0.472,"played":[3.0E-4,0.9997],"evs":[0.0,6.30925]},"AQo":{"weight":0.5228,"played":[7.0E-4,0.9993],"evs":[0.0,12.29817]},"K2s":{"weight":0.0,"played":[0.1816,0.8184],"evs":[0.0,0.3453]},"K3s":{"weight":0.0,"played":[0.0864,0.9136],"evs":[0.0,1.45678]},"K4s":{"weight":0.0,"played":[0.8193,0.1807],"evs":[0.0,-3.41583]},"K5s":{"weight":0.0,"played":[0.1078,0.8922],"evs":[0.0,5.22471]},"K6s":{"weight":0.0,"played":[0.537,0.463],"evs":[0.0,-1.7143]},"K7s":{"weight":0.0676,"played":[0.2799,0.7201],"evs":[0.0,-0.0759]},"K8s":{"weight":0.0738,"played":[0.0025,0.9975],"evs":[0.0,0.69894]},"K9s":{"weight":0.4644,"played":[3.0E-4,0.9997],"evs":[0.0,3.598]},"KTs":{"weight":0.8589,"played":[0.002,0.998],"evs":[0.0,9.41501]},"KJs":{"weight":0.8398,"played":[0.009,0.991],"evs":[0.0,9.61245]},"KQs":{"weight":0.3963,"played":[0.0019,0.9981],"evs":[0.0,9.69723]},"KK":{"weight":0.3978,"played":[2.0E-4,0.9998],"evs":[0.0,22.43577]},"AKo":{"weight":0.4617,"played":[0.0012,0.9988],"evs":[0.0,10.93365]},"A2s":{"weight":0.1955,"played":[0.0568,0.9432],"evs":[0.0,6.96292]},"A3s":{"weight":0.3765,"played":[0.0358,0.9642],"evs":[0.0,5.76433]},"A4s":{"weight":0.377,"played":[0.0724,0.9276],"evs":[0.0,3.78468]},"A5s":{"weight":0.199,"played":[0.0,1.0],"evs":[0.0,10.0301]},"A6s":{"weight":0.0146,"played":[0.0083,0.9917],"evs":[0.0,10.04514]},"A7s":{"weight":0.2496,"played":[0.0444,0.9556],"evs":[0.0,9.93187]},"A8s":{"weight":0.5468,"played":[0.0,1.0],"evs":[0.0,8.36032]},"A9s":{"weight":0.4285,"played":[0.0048,0.9952],"evs":[0.0,9.70416]},"ATs":{"weight":0.5917,"played":[0.1109,0.8891],"evs":[0.0,14.73894]},"AJs":{"weight":0.7474,"played":[5.0E-4,0.9995],"evs":[0.0,14.1159]},"AQs":{"weight":0.4692,"played":[0.0051,0.9949],"evs":[0.0,16.37714]},"AKs":{"weight":0.0125,"played":[0.0,1.0],"evs":[0.0,17.12884]},"AA":{"weight":0.413,"played":[0.0,1.0],"evs":[0.0,28.26888]}}}