{"player":0,"street":0,"children":2,"sequence":[{"player":0,"type":"R","amount":200000,"street":0},{"player":1,"type":"C","amount":200000,"street":0},{"player":2,"type":"F","amount":0,"street":0},{"player":3,"type":"F","amount":0,"street":0},{"player":4,"type":"C","amount":150000,"street":0},{"player":5,"type":"R","amount":815000,"street":0},{"player":0,"type":"C","amount":615000,"street":0},{"player":1,"type":"R","amount":2185000,"street":0},{"player":4,"type":"C","amount":515000,"street":0}],"actions":[{"type":"F","amount":0},{"type":"C","amount":1370000}],"hands":{"22":{"weight":0.0,"played":[0.0,1.0],"evs":[0.0,5.55645]},"32o":{"weight":0.0,"played":[0.9173,0.0827],"evs":[0.0,-0.4423]},"42o":{"weight":0.0,"played":[0.6436,0.3564],"evs":[0.0,0.04429]},"52o":{"weight":0.0,"played":[0.0015,0.9985],"evs":[0.0,0.45984]},"62o":{"weight":0.0,"played":[0.5874,0.4126],"evs":[0.0,0.17492]},"72o":{"weight":0.0,"played":[1.0,0.0],"evs":[0.0,-0.45288]},"82o":{"weight":0.0,"played":[0.4698,0.5302],"evs":[0.0,-0.31081]},"92o":{"weight":0.0,"played":[0.9836,0.0164],"evs":[0.0,-0.5681]},"T2o":{"weight":0.0,"played":[0.75,0.25],"evs":[0.0,-0.51473]},"J2o":{"weight":0.0,"played":[0.6139,0.3861],"evs":[0.0,-0.35337]},"Q2o":{"weight":0.0,"played":[6.0E-4,0.9994],"evs":[0.0,1.56566]},"K2o":{"weight":0.0,"played":[0.0018,0.9982],"evs":[0.0,1.6846]},"A2o":{"weight":0.0,"played":[1.0E-4,0.9999],"evs":[0.0,4.12537]},"32s":{"weight":0.0,"played":[0.0117,0.9883],"evs":[0.0,0.9591]},"33":{"weight":0.2628,"played":[0.0,1.0],"evs":[0.0,6.06499]},"43o":{"weight":0.0,"played":[0.0035,0.9965],"evs":[0.0,1.22733]},"53o":{"weight":0.0,"played":[0.003,0.997],"evs":[0.0,1.56886]},"63o":{"weight":0.0,"played":[0.0,1.0],"evs":[0.0,0.85648]},"73o":{"weight":0.0,"played":[0.0065,0.9935],"evs":[0.0,0.41569]},"83o":{"weight":0.0,"played":[0.9186,0.0814],"evs":[0.0,-0.07746]},"93o":{"weight":0.0,"played":[0.507,0.493],"evs":[0.0,0.09846]},"T3o":{"weight":0.0,"played":[0.0415,0.9585],"evs":[0.0,0.26559]},"J3o":{"weight":0.0,"played":[0.9576,0.0424],"evs":[0.0,0.05139]},"Q3o":{"weight":0.0,"played":[0.0086,0.9914],"evs":[0.0,1.88025]},"K3o":{"weight":0.0,"played":[1.0E-4,0.9999],"evs":[0.0,1.71284]},"A3o":{"weight":0.0,"played":[0.0,1.0],"evs":[0.0,4.18773]},"42s":{"weight":0.0,"played":[0.0029,0.9971],"evs":[0.0,1.89109]},"43s":{"weight":0.0,"played":[9.0E-4,0.9991],"evs":[0.0,3.06073]},"44":{"weight":0.3515,"played":[0.0,1.0],"evs":[0.0,7.24481]},"54o":{"weight":0.0,"played":[0.0,1.0],"evs":[0.0,1.9293]},"64o":{"weight":0.0,"played":[7.0E-4,0.9993],"evs":[0.0,1.58477]},"74o":{"weight":0.0,"played":[0.0014,0.9986],"evs":[0.0,1.41678]},"84o":{"weight":0.0,"played":[0.0486,0.9514],"evs":[0.0,0.74334]},"94o":{"weight":0.0,"played":[0.606,0.394],"evs":[0.0,-0.30546]},"T4o":{"weight":0.0,"played":[0.2669,0.7331],"evs":[0.0,0.01951]},"J4o":{"weight":0.0,"played":[0.3934,0.6066],"evs":[0.0,0.06877]},"Q4o":{"weight":0.0,"played":[0.0058,0.9942],"evs":[0.0,1.28355]},"K4o":{"weight":0.0,"played":[0.0066,0.9934],"evs":[0.0,2.08831]},"A4o":{"weight":0.0,"played":[0.0,1.0],"evs":[0.0,5.02335]},"52s":{"weight":0.0,"played":[0.0032,0.9968],"evs":[0.0,2.66329]},"53s":{"weight":0.0,"played":[0.0,1.0],"evs":[0.0,3.14992]},"54s":{"weight":0.0,"played":[0.0,1.0],"evs":[0.0,3.92555]},"55":{"weight":0.0237,"played":[0.0,1.0],"evs":[0.0,8.88238]},"65o":{"weight":0.0,"played":[0.0,1.0],"evs":[0.0,2.96386]},"75o":{"weight":0.0,"played":[0.0,1.0],"evs":[0.0,2.35829]},"85o":{"weight":0.0,"played":[5.0E-4,0.9995],"evs":[0.0,1.67306]},"95o":{"weight":0.0,"played":[0.006,0.994],"evs":[0.0,1.27532]},"T5o":{"weight":0.0,"played":[0.0025,0.9975],"evs":[0.0,0.44359]},"J5o":{"weight":0.0,"played":[0.0156,0.9844],"evs":[0.0,0.56841]},"Q5o":{"weight":0.0,"played":[0.0014,0.9986],"evs":[0.0,1.9165]},"K5o":{"weight":0.0,"played":[0.0,1.0],"evs":[0.0,2.50832]},"A5o":{"weight":0.0,"played":[0.0,1.0],"evs":[0.0,5.46287]},"62s":{"weight":0.0,"played":[1.0E-4,0.9999],"evs":[0.0,1.92274]},"63s":{"weight":0.0,"played":[0.0,1.0],"evs":[0.0,2.9329]},"64s":{"weight":0.0,"played":[1.0E-4,0.9999],"evs":[0.0,4.47366]},"65s":{"weight":0.0,"played":[1.0E-4,0.9999],"evs":[0.0,4.66758]},"66":{"weight":0.8539,"played":[0.0,1.0],"evs":[0.0,10.34258]},"76o":{"weight":0.0,"played":[0.0,1.0],"evs":[0.0,3.08216]},"86o":{"weight":0.0,"played":[1.0E-4,0.9999],"evs":[0.0,2.58508]},"96o":{"weight":0.0,"played":[0.0026,0.9974],"evs":[0.0,2.02072]},"T6o":{"weight":0.0,"played":[0.0011,0.9989],"evs":[0.0,1.44675]},"J6o":{"weight":0.0,"played":[0.0736,0.9264],"evs":[0.0,0.9855]},"Q6o":{"weight":0.0,"played":[0.0,1.0],"evs":[0.0,2.51598]},"K6o":{"weight":0.0,"played":[1.0E-4,0.9999],"evs":[0.0,2.96923]},"A6o":{"weight":0.0,"played":[0.0,1.0],"evs":[0.0,5.33137]},"72s":{"weight":0.0,"played":[0.0263,0.9737],"evs":[0.0,2.06137]},"73s":{"weight":0.0,"played":[0.0041,0.9959],"evs":[0.0,1.81507]},"74s":{"weight":0.0,"played":[0.0,1.0],"evs":[0.0,3.75787]},"75s":{"weight":0.0,"played":[1.0E-4,0.9999],"evs":[0.0,4.72548]},"76s":{"weight":0.0,"played":[2.0E-4,0.9998],"evs":[0.0,5.81862]},"77":{"weight":0.2207,"played":[0.0,1.0],"evs":[0.0,11.42008]},"87o":{"weight":0.0,"played":[0.0,1.0],"evs":[0.0,3.78185]},"97o":{"weight":0.0,"played":[0.0,1.0],"evs":[0.0,3.14135]},"T7o":{"weight":0.0,"played":[0.0,1.0],"evs":[0.0,2.91884]},"J7o":{"weight":0.0,"played":[1.0E-4,0.9999],"evs":[0.0,1.93249]},"Q7o":{"weight":0.0,"played":[0.002,0.998],"evs":[0.0,2.59863]},"K7o":{"weight":0.0,"played":[1.0E-4,0.9999],"evs":[0.0,3.25477]},"A7o":{"weight":0.0154,"played":[0.0,1.0],"evs":[0.0,5.61959]},"82s":{"weight":0.0,"played":[0.0011,0.9989],"evs":[0.0,1.81532]},"83s":{"weight":0.0,"played":[0.0113,0.9887],"evs":[0.0,0.87284]},"84s":{"weight":0.0,"played":[0.005,0.995],"evs":[0.0,2.48746]},"85s":{"weight":0.0,"played":[0.0,1.0],"evs":[0.0,3.75762]},"86s":{"weight":0.0,"played":[0.0,1.0],"evs":[0.0,5.47636]},"87s":{"weight":0.0,"played":[0.0,1.0],"evs":[0.0,5.28878]},"88":{"weight":0.0069,"played":[0.0,1.0],"evs":[0.0,12.89833]},"98o":{"weight":0.0,"played":[0.0,1.0],"evs":[0.0,3.36042]},"T8o":{"weight":0.0,"played":[3.0E-4,0.9997],"evs":[0.0,3.69339]},"J8o":{"weight":0.0,"played":[0.0,1.0],"evs":[0.0,2.60316]},"Q8o":{"weight":0.0,"played":[1.0E-4,0.9999],"evs":[0.0,3.42054]},"K8o":{"weight":0.0,"played":[0.0,1.0],"evs":[0.0,3.64199]},"A8o":{"weight":0.3462,"played":[0.0,1.0],"evs":[0.0,6.33298]},"92s":{"weight":0.0,"played":[0.0015,0.9985],"evs":[0.0,1.90484]},"93s":{"weight":0.0,"played":[0.0066,0.9934],"evs":[0.0,2.81679]},"94s":{"weight":0.0,"played":[9.0E-4,0.9991],"evs":[0.0,2.56747]},"95s":{"weight":0.0,"played":[9.0E-4,0.9991],"evs":[0.0,2.02679]},"96s":{"weight":0.0,"played":[4.0E-4,0.9996],"evs":[0.0,4.01069]},"97s":{"weight":0.0,"played":[6.0E-4,0.9994],"evs":[0.0,5.53367]},"98s":{"weight":0.0476,"played":[0.0,1.0],"evs":[0.0,6.45078]},"99":{"weight":0.6729,"played":[0.0,1.0],"evs":[0.0,14.20748]},"T9o":{"weight":0.0,"played":[0.0,1.0],"evs":[0.0,3.77922]},"J9o":{"weight":0.0,"played":[1.0E-4,0.9999],"evs":[0.0,2.96369]},"Q9o":{"weight":0.0,"played":[1.0E-4,0.9999],"evs":[0.0,3.77793]},"K9o":{"weight":0.0,"played":[1.0E-4,0.9999],"evs":[0.0,4.24868]},"A9o":{"weight":0.4856,"played":[0.0,1.0],"evs":[0.0,7.16998]},"T2s":{"weight":0.0,"played":[0.0,1.0],"evs":[0.0,2.26398]},"T3s":{"weight":0.0,"played":[0.0327,0.9673],"evs":[0.0,2.04867]},"T4s":{"weight":0.0,"played":[0.003,0.997],"evs":[0.0,3.13947]},"T5s":{"weight":0.0,"played":[3.0E-4,0.9997],"evs":[0.0,2.44909]},"T6s":{"weight":0.0,"played":[0.0,1.0],"evs":[0.0,3.56378]},"T7s":{"weight":0.0,"played":[0.0,1.0],"evs":[0.0,4.509]},"T8s":{"weight":3.0E-4,"played":[0.0,1.0],"evs":[0.0,5.09708]},"T9s":{"weight":0.0229,"played":[0.0,1.0],"evs":[0.0,5.7859]},"TT":{"weight":0.1251,"played":[0.0,1.0],"evs":[0.0,15.88534]},"JTo":{"weight":2.0E-4,"played":[0.0,1.0],"evs":[0.0,4.27247]},"QTo":{"weight":0.0,"played":[0.0,1.0],"evs":[0.0,4.51389]},"KTo":{"weight":0.0,"played":[0.0,1.0],"evs":[0.0,5.22702]},"ATo":{"weight":0.6456,"played":[0.0,1.0],"evs":[0.0,9.09142]},"J2s":{"weight":0.0,"played":[0.0023,0.9977],"evs":[0.0,1.53071]},"J3s":{"weight":0.0,"played":[0.0101,0.9899],"evs":[0.0,2.21703]},"J4s":{"weight":0.0,"played":[1.0E-4,0.9999],"evs":[0.0,2.1737]},"J5s":{"weight":0.0,"played":[7.0E-4,0.9993],"evs":[0.0,3.09438]},"J6s":{"weight":0.0,"played":[0.0054,0.9946],"evs":[0.0,3.68274]},"J7s":{"weight":0.0,"played":[0.0019,0.9981],"evs":[0.0,3.83879]},"J8s":{"weight":0.0,"played":[1.0E-4,0.9999],"evs":[0.0,4.8184]},"J9s":{"weight":0.0,"played":[1.0E-4,0.9999],"evs":[0.0,5.28665]},"JTs":{"weight":0.1532,"played":[0.0,1.0],"evs":[0.0,6.40353]},"JJ":{"weight":0.9965,"played":[0.0,1.0],"evs":[0.0,17.84801]},"QJo":{"weight":7.0E-4,"played":[0.0,1.0],"evs":[0.0,5.15962]},"KJo":{"weight":0.2958,"played":[0.0,1.0],"evs":[0.0,6.26937]},"AJo":{"weight":0.4681,"played":[0.0,1.0],"evs":[0.0,11.83069]},"Q2s":{"weight":0.0,"played":[0.0,1.0],"evs":[0.0,3.4439]},"Q3s":{"weight":0.0,"played":[1.0E-4,0.9999],"evs":[0.0,3.71272]},"Q4s":{"weight":0.0,"played":[1.0E-4,0.9999],"evs":[0.0,3.85555]},"Q5s":{"weight":0.0,"played":[1.0E-4,0.9999],"evs":[0.0,4.2195]},"Q6s":{"weight":0.0,"played":[0.0,1.0],"evs":[0.0,4.76168]},"Q7s":{"weight":0.0,"played":[0.0,1.0],"evs":[0.0,5.05912]},"Q8s":{"weight":0.0,"played":[0.0024,0.9976],"evs":[0.0,5.42001]},"Q9s":{"weight":0.4194,"played":[0.0,1.0],"evs":[0.0,5.90636]},"QTs":{"weight":0.4942,"played":[0.0,1.0],"evs":[0.0,6.99569]},"QJs":{"weight":0.792,"played":[0.0,1.0],"evs":[0.0,6.89316]},"QQ":{"weight":0.3131,"played":[0.0,1.0],"evs":[0.0,20.97706]},"KQo":{"weight":0.472,"played":[0.0,1.0],"evs":[0.0,8.19909]},"AQo":{"weight":0.5228,"played":[0.0,1.0],"evs":[0.0,12.81431]},"K2s":{"weight":0.0,"played":[3.0E-4,0.9997],"evs":[0.0,3.66569]},"K3s":{"weight":0.0,"played":[0.0032,0.9968],"evs":[0.0,4.03089]},"K4s":{"weight":0.0,"played":[4.0E-4,0.9996],"evs":[0.0,4.53829]},"K5s":{"weight":0.0,"played":[0.0,1.0],"evs":[0.0,4.77697]},"K6s":{"weight":0.0,"played":[2.0E-4,0.9998],"evs":[0.0,4.90915]},"K7s":{"weight":0.0676,"played":[0.0,1.0],"evs":[0.0,5.44205]},"K8s":{"weight":0.0738,"played":[0.0,1.0],"evs":[0.0,5.33649]},"K9s":{"weight":0.4644,"played":[0.0,1.0],"evs":[0.0,6.12859]},"KTs":{"weight":0.8589,"played":[0.0,1.0],"evs":[0.0,7.50296]},"KJs":{"weight":0.8398,"played":[0.0,1.0],"evs":[0.0,8.18479]},"KQs":{"weight":0.3963,"played":[0.0,1.0],"evs":[0.0,9.86276]},"KK":{"weight":0.3978,"played":[0.0,1.0],"evs":[0.0,24.1766]},"AKo":{"weight":0.4617,"played":[0.0,1.0],"evs":[0.0,14.55531]},"A2s":{"weight":0.1955,"played":[0.0,1.0],"evs":[0.0,6.14292]},"A3s":{"weight":0.3765,"played":[0.0,1.0],"evs":[0.0,6.59276]},"A4s":{"weight":0.377,"played":[0.0,1.0],"evs":[0.0,6.84823]},"A5s":{"weight":0.199,"played":[0.0,1.0],"evs":[0.0,7.8603]},"A6s":{"weight":0.0146,"played":[0.0,1.0],"evs":[0.0,7.31855]},"A7s":{"weight":0.2496,"played":[0.0,1.0],"evs":[0.0,8.24923]},"A8s":{"weight":0.5468,"played":[0.0,1.0],"evs":[0.0,8.71845]},"A9s":{"weight":0.4285,"played":[0.0,1.0],"evs":[0.0,9.51764]},"ATs":{"weight":0.5917,"played":[0.0,1.0],"evs":[0.0,10.90907]},"AJs":{"weight":0.7474,"played":[0.0,1.0],"evs":[0.0,13.3134]},"AQs":{"weight":0.4692,"played":[0.0,1.0],"evs":[0.0,14.96839]},"AKs":{"weight":0.0125,"played":[0.0,1.0],"evs":[0.0,15.84258]},"AA":{"weight":0.413,"played":[0.0,1.0],"evs":[0.0,30.99843]}}}