{"player":0,"street":0,"children":3,"sequence":[{"player":0,"type":"R","amount":200000,"street":0},{"player":1,"type":"C","amount":200000,"street":0},{"player":2,"type":"F","amount":0,"street":0},{"player":3,"type":"C","amount":200000,"street":0},{"player":4,"type":"F","amount":0,"street":0},{"player":5,"type":"R","amount":815000,"street":0}],"actions":[{"type":"F","amount":0,"node":389},{"type":"C","amount":615000,"node":394},{"type":"R","amount":2185000,"node":400}],"hands":{"22":{"weight":0.0,"played":[0.9686,0.0092,0.0222],"evs":[0.0,-0.61914,-0.67581]},"32o":{"weight":0.0,"played":[1.0,0.0,0.0],"evs":[0.0,-5.88462,-6.46482]},"42o":{"weight":0.0,"played":[1.0,0.0,0.0],"evs":[0.0,-5.92461,-6.30536]},"52o":{"weight":0.0,"played":[1.0,0.0,0.0],"evs":[0.0,-5.50188,-5.44585]},"62o":{"weight":0.0,"played":[1.0,0.0,0.0],"evs":[0.0,-5.89694,-6.02242]},"72o":{"weight":0.0,"played":[1.0,0.0,0.0],"evs":[0.0,-6.33589,-6.81187]},"82o":{"weight":0.0,"played":[1.0,0.0,0.0],"evs":[0.0,-5.84571,-5.96995]},"92o":{"weight":0.0,"played":[1.0,0.0,0.0],"evs":[0.0,-5.96694,-5.76737]},"T2o":{"weight":0.0,"played":[1.0,0.0,0.0],"evs":[0.0,-6.0068,-5.99817]},"J2o":{"weight":0.0,"played":[1.0,0.0,0.0],"evs":[0.0,-6.17676,-6.68349]},"Q2o":{"weight":0.0,"played":[1.0,0.0,0.0],"evs":[0.0,-5.76478,-6.01161]},"K2o":{"weight":0.0,"played":[1.0,0.0,0.0],"evs":[0.0,-4.8993,-4.80581]},"A2o":{"weight":0.0,"played":[1.0,0.0,0.0],"evs":[0.0,-2.59871,-2.51735]},"32s":{"weight":0.0,"played":[0.9998,2.0E-4,0.0],"evs":[0.0,-4.30137,-3.80557]},"33":{"weight":0.3456,"played":[0.6706,0.0383,0.2911],"evs":[0.0,-1.01126,-1.08849]},"43o":{"weight":0.0,"played":[1.0,0.0,0.0],"evs":[0.0,-5.67714,-5.26901]},"53o":{"weight":0.0,"played":[1.0,0.0,0.0],"evs":[0.0,-4.33129,-4.28655]},"63o":{"weight":0.0,"played":[1.0,0.0,0.0],"evs":[0.0,-5.15187,-5.13516]},"73o":{"weight":0.0,"played":[1.0,0.0,0.0],"evs":[0.0,-5.71004,-5.74526]},"83o":{"weight":0.0,"played":[1.0,0.0,0.0],"evs":[0.0,-5.90593,-6.32272]},"93o":{"weight":0.0,"played":[1.0,0.0,0.0],"evs":[0.0,-6.03693,-5.9083]},"T3o":{"weight":0.0,"played":[1.0,0.0,0.0],"evs":[0.0,-6.09251,-6.46226]},"J3o":{"weight":0.0,"played":[1.0,0.0,0.0],"evs":[0.0,-5.92569,-6.2183]},"Q3o":{"weight":0.0,"played":[1.0,0.0,0.0],"evs":[0.0,-5.94314,-5.62731]},"K3o":{"weight":0.0,"played":[0.9998,0.0,1.0E-4],"evs":[0.0,-4.89216,-4.66133]},"A3o":{"weight":0.0,"played":[1.0,0.0,0.0],"evs":[0.0,-2.26275,-2.22684]},"42s":{"weight":0.0,"played":[0.9995,1.0E-4,4.0E-4],"evs":[0.0,-4.08961,-4.2191]},"43s":{"weight":0.0,"played":[0.9993,7.0E-4,0.0],"evs":[0.0,-3.16838,-3.04248]},"44":{"weight":1.0,"played":[0.001,0.8828,0.1161],"evs":[0.0,0.76314,0.73254]},"54o":{"weight":0.0,"played":[1.0,0.0,0.0],"evs":[0.0,-3.61428,-3.37771]},"64o":{"weight":0.0,"played":[0.9998,0.0,2.0E-4],"evs":[0.0,-4.37633,-4.31984]},"74o":{"weight":0.0,"played":[1.0,0.0,0.0],"evs":[0.0,-4.57074,-4.44948]},"84o":{"weight":0.0,"played":[1.0,0.0,0.0],"evs":[0.0,-5.77802,-5.47978]},"94o":{"weight":0.0,"played":[1.0,0.0,0.0],"evs":[0.0,-6.05971,-6.44338]},"T4o":{"weight":0.0,"played":[0.9999,0.0,1.0E-4],"evs":[0.0,-5.81198,-5.91869]},"J4o":{"weight":0.0,"played":[1.0,0.0,0.0],"evs":[0.0,-6.01574,-6.62201]},"Q4o":{"weight":0.0,"played":[0.9999,0.0,1.0E-4],"evs":[0.0,-5.91914,-6.13235]},"K4o":{"weight":0.0,"played":[1.0,0.0,0.0],"evs":[0.0,-4.85064,-4.75141]},"A4o":{"weight":0.0,"played":[0.9998,0.0,2.0E-4],"evs":[0.0,-1.39806,-1.59976]},"52s":{"weight":0.0,"played":[0.9977,8.0E-4,0.0015],"evs":[0.0,-3.71194,-3.62684]},"53s":{"weight":0.0,"played":[0.9417,0.0187,0.0396],"evs":[0.0,-2.21988,-2.23429]},"54s":{"weight":0.0,"played":[0.9782,0.018,0.0037],"evs":[0.0,-1.66983,-1.84258]},"55":{"weight":1.0,"played":[2.0E-4,0.9245,0.0754],"evs":[0.0,2.44172,2.32294]},"65o":{"weight":0.0,"played":[0.9983,1.0E-4,0.0016],"evs":[0.0,-3.42032,-3.31503]},"75o":{"weight":0.0,"played":[0.9997,0.0,3.0E-4],"evs":[0.0,-3.03109,-3.07043]},"85o":{"weight":0.0,"played":[1.0,0.0,0.0],"evs":[0.0,-4.12461,-4.07414]},"95o":{"weight":0.0,"played":[0.9999,0.0,0.0],"evs":[0.0,-5.39031,-5.10723]},"T5o":{"weight":0.0,"played":[1.0,0.0,0.0],"evs":[0.0,-5.88014,-6.35288]},"J5o":{"weight":0.0,"played":[1.0,0.0,0.0],"evs":[0.0,-5.12242,-4.92538]},"Q5o":{"weight":0.0,"played":[1.0,0.0,0.0],"evs":[0.0,-5.33539,-5.27739]},"K5o":{"weight":0.0,"played":[0.9999,0.0,1.0E-4],"evs":[0.0,-4.36327,-4.17939]},"A5o":{"weight":0.0,"played":[0.8439,0.0611,0.095],"evs":[0.0,-1.48448,-1.34254]},"62s":{"weight":0.0,"played":[0.9999,0.0,1.0E-4],"evs":[0.0,-3.26823,-3.0244]},"63s":{"weight":0.0,"played":[1.0,0.0,0.0],"evs":[0.0,-2.46729,-2.45451]},"64s":{"weight":0.0,"played":[0.978,0.0,0.022],"evs":[0.0,-1.69813,-1.20024]},"65s":{"weight":0.0,"played":[0.7663,0.107,0.1267],"evs":[0.0,-0.19434,-0.17873]},"66":{"weight":0.9971,"played":[0.0,0.1613,0.8387],"evs":[0.0,4.67588,4.80255]},"76o":{"weight":0.0,"played":[0.9994,2.0E-4,4.0E-4],"evs":[0.0,-2.19212,-2.06204]},"86o":{"weight":0.0,"played":[0.9997,0.0,3.0E-4],"evs":[0.0,-2.61627,-2.71837]},"96o":{"weight":0.0,"played":[1.0,0.0,0.0],"evs":[0.0,-3.92434,-3.84459]},"T6o":{"weight":0.0,"played":[0.9999,0.0,0.0],"evs":[0.0,-4.75659,-4.57099]},"J6o":{"weight":0.0,"played":[1.0,0.0,0.0],"evs":[0.0,-5.55688,-5.52642]},"Q6o":{"weight":0.0,"played":[1.0,0.0,0.0],"evs":[0.0,-4.93324,-4.60304]},"K6o":{"weight":0.0,"played":[0.9994,4.0E-4,3.0E-4],"evs":[0.0,-3.83076,-3.75817]},"A6o":{"weight":0.0,"played":[0.9986,0.0,0.0014],"evs":[0.0,-0.71528,-0.61772]},"72s":{"weight":0.0,"played":[0.9999,0.0,1.0E-4],"evs":[0.0,-4.33783,-4.17334]},"73s":{"weight":0.0,"played":[0.999,0.0,0.001],"evs":[0.0,-2.8998,-2.59785]},"74s":{"weight":0.0,"played":[0.9998,0.0,1.0E-4],"evs":[0.0,-2.7216,-2.76539]},"75s":{"weight":0.0,"played":[0.9994,2.0E-4,4.0E-4],"evs":[0.0,-2.33821,-2.11275]},"76s":{"weight":0.0,"played":[0.3548,0.0014,0.6438],"evs":[0.0,-0.13276,0.23572]},"77":{"weight":0.9996,"played":[0.0,0.2369,0.7631],"evs":[0.0,5.74319,5.77447]},"87o":{"weight":0.0,"played":[0.9998,0.0,2.0E-4],"evs":[0.0,-2.03569,-1.99924]},"97o":{"weight":0.0,"played":[0.9959,0.001,0.0031],"evs":[0.0,-3.19172,-3.15728]},"T7o":{"weight":0.0,"played":[1.0,0.0,0.0],"evs":[0.0,-3.32598,-3.23722]},"J7o":{"weight":0.0,"played":[0.9999,0.0,1.0E-4],"evs":[0.0,-4.15181,-4.09058]},"Q7o":{"weight":0.0,"played":[0.9999,0.0,1.0E-4],"evs":[0.0,-4.72796,-4.637]},"K7o":{"weight":0.0,"played":[0.9998,0.0,1.0E-4],"evs":[0.0,-3.65248,-3.55774]},"A7o":{"weight":0.999,"played":[0.9444,0.0526,0.003],"evs":[0.0,-1.11499,-1.13728]},"82s":{"weight":0.0,"played":[0.9956,0.0,0.0044],"evs":[0.0,-4.19385,-3.92565]},"83s":{"weight":0.0,"played":[0.9997,1.0E-4,2.0E-4],"evs":[0.0,-3.63669,-3.61724]},"84s":{"weight":0.0,"played":[0.9992,4.0E-4,4.0E-4],"evs":[0.0,-2.94517,-2.83139]},"85s":{"weight":0.0,"played":[0.9912,8.0E-4,0.008],"evs":[0.0,-3.38433,-3.24213]},"86s":{"weight":0.0,"played":[0.697,0.2807,0.0222],"evs":[0.0,0.22472,-0.00513]},"87s":{"weight":0.0,"played":[0.9942,0.004,0.0018],"evs":[0.0,-0.161,-0.18618]},"88":{"weight":1.0,"played":[0.0,0.9358,0.0642],"evs":[0.0,6.38884,6.32243]},"98o":{"weight":0.0,"played":[0.9999,0.0,1.0E-4],"evs":[0.0,-2.43554,-2.46333]},"T8o":{"weight":0.0,"played":[1.0,0.0,0.0],"evs":[0.0,-2.62011,-2.54979]},"J8o":{"weight":0.0,"played":[1.0,0.0,0.0],"evs":[0.0,-3.46212,-3.25898]},"Q8o":{"weight":0.0,"played":[1.0,0.0,0.0],"evs":[0.0,-3.11677,-2.79574]},"K8o":{"weight":0.0,"played":[0.9999,0.0,1.0E-4],"evs":[0.0,-2.54153,-2.54212]},"A8o":{"weight":1.0,"played":[0.6074,0.1068,0.2858],"evs":[0.0,-0.30386,-0.25463]},"92s":{"weight":0.0,"played":[0.9972,0.0012,0.0017],"evs":[0.0,-4.98715,-4.6582]},"93s":{"weight":0.0,"played":[0.998,3.0E-4,0.0016],"evs":[0.0,-3.89036,-3.68889]},"94s":{"weight":0.0,"played":[1.0,0.0,0.0],"evs":[0.0,-4.06267,-3.84755]},"95s":{"weight":0.0,"played":[0.9872,0.0096,0.0032],"evs":[0.0,-2.6806,-2.85792]},"96s":{"weight":0.0,"played":[0.9055,0.0298,0.0648],"evs":[0.0,-1.31674,-1.29442]},"97s":{"weight":0.0,"played":[0.6301,0.1623,0.2076],"evs":[0.0,-1.1963,-1.11864]},"98s":{"weight":0.9994,"played":[0.1675,0.3814,0.4511],"evs":[0.0,-0.02586,-0.01426]},"99":{"weight":1.0,"played":[0.0,0.9754,0.0246],"evs":[0.0,8.23821,7.98784]},"T9o":{"weight":0.0,"played":[0.9981,0.0013,6.0E-4],"evs":[0.0,-1.25443,-1.204]},"J9o":{"weight":0.0,"played":[0.9992,0.0,8.0E-4],"evs":[0.0,-1.7591,-1.85578]},"Q9o":{"weight":0.0,"played":[0.9978,0.0,0.0021],"evs":[0.0,-2.68556,-2.73389]},"K9o":{"weight":0.0,"played":[0.9838,0.0081,0.0081],"evs":[0.0,-2.0614,-2.09861]},"A9o":{"weight":1.0,"played":[0.039,0.1229,0.8381],"evs":[0.0,0.42934,0.48564]},"T2s":{"weight":0.0,"played":[0.9988,0.0,0.0011],"evs":[0.0,-4.92343,-4.48699]},"T3s":{"weight":0.0,"played":[1.0,0.0,0.0],"evs":[0.0,-4.19202,-4.05387]},"T4s":{"weight":0.0,"played":[0.9996,0.0,4.0E-4],"evs":[0.0,-4.5937,-4.56751]},"T5s":{"weight":0.0,"played":[0.9991,1.0E-4,8.0E-4],"evs":[0.0,-2.94355,-2.39719]},"T6s":{"weight":0.0,"played":[0.9589,0.011,0.0301],"evs":[0.0,-3.19411,-3.19795]},"T7s":{"weight":0.0,"played":[0.9975,0.0014,0.0011],"evs":[0.0,-0.20948,-0.24302]},"T8s":{"weight":0.9977,"played":[0.6491,0.1102,0.2407],"evs":[0.0,0.19612,0.2605]},"T9s":{"weight":1.0,"played":[0.0277,0.5236,0.4487],"evs":[0.0,0.52304,0.43341]},"TT":{"weight":1.0,"played":[0.0,0.0597,0.9403],"evs":[0.0,9.04052,9.23335]},"JTo":{"weight":0.2511,"played":[0.9998,0.0,2.0E-4],"evs":[0.0,-1.98411,-2.08346]},"QTo":{"weight":0.9999,"played":[1.0,0.0,0.0],"evs":[0.0,-2.70023,-2.60002]},"KTo":{"weight":1.0,"played":[1.0,0.0,0.0],"evs":[0.0,-1.06547,-1.05937]},"ATo":{"weight":1.0,"played":[0.0,0.8005,0.1995],"evs":[0.0,2.66705,2.6313]},"J2s":{"weight":0.0,"played":[0.9904,0.0016,0.008],"evs":[0.0,-4.81012,-4.60554]},"J3s":{"weight":0.0,"played":[0.9999,0.0,1.0E-4],"evs":[0.0,-4.94895,-4.56383]},"J4s":{"weight":0.0,"played":[0.9997,2.0E-4,0.0],"evs":[0.0,-5.39409,-4.94987]},"J5s":{"weight":0.0,"played":[0.9998,0.0,1.0E-4],"evs":[0.0,-3.97268,-3.70725]},"J6s":{"weight":0.0,"played":[0.997,1.0E-4,0.0029],"evs":[0.0,-3.16144,-3.18964]},"J7s":{"weight":0.0,"played":[0.9845,0.0118,0.0037],"evs":[0.0,-1.7274,-1.63776]},"J8s":{"weight":0.0,"played":[0.9008,0.0356,0.0636],"evs":[0.0,-0.71361,-0.52081]},"J9s":{"weight":1.0,"played":[0.5613,0.1993,0.2395],"evs":[0.0,0.21519,0.15608]},"JTs":{"weight":0.9999,"played":[0.5478,0.1031,0.3491],"evs":[0.0,-0.37934,-0.20528]},"JJ":{"weight":1.0,"played":[0.0,0.0297,0.9703],"evs":[0.0,11.82146,11.84924]},"QJo":{"weight":1.0,"played":[0.995,0.003,0.002],"evs":[0.0,-1.48716,-1.44513]},"KJo":{"weight":1.0,"played":[0.9851,1.0E-4,0.0148],"evs":[0.0,-0.29311,-0.36267]},"AJo":{"weight":0.9974,"played":[0.0,0.5256,0.4744],"evs":[0.0,4.61158,4.57697]},"Q2s":{"weight":0.0,"played":[0.9999,0.0,0.0],"evs":[0.0,-2.68634,-2.77028]},"Q3s":{"weight":0.0,"played":[1.0,0.0,0.0],"evs":[0.0,-3.12317,-2.87875]},"Q4s":{"weight":0.0,"played":[0.9944,0.0013,0.0043],"evs":[0.0,-3.44481,-3.37727]},"Q5s":{"weight":0.0,"played":[0.9995,0.0,5.0E-4],"evs":[0.0,-1.83611,-1.87526]},"Q6s":{"weight":0.0,"played":[0.9828,0.0076,0.0096],"evs":[0.0,-3.29393,-3.0997]},"Q7s":{"weight":0.0,"played":[0.7913,0.0785,0.1302],"evs":[0.0,-0.9976,-1.28249]},"Q8s":{"weight":0.7977,"played":[0.9398,0.0343,0.0259],"evs":[0.0,-0.59944,-0.45199]},"Q9s":{"weight":1.0,"played":[0.9916,0.0027,0.0057],"evs":[0.0,-0.64764,-0.41044]},"QTs":{"weight":1.0,"played":[0.1761,0.3243,0.4996],"evs":[0.0,-0.10941,-0.0292]},"QJs":{"weight":1.0,"played":[0.1218,0.3126,0.5656],"evs":[0.0,0.70561,0.85327]},"QQ":{"weight":1.0,"played":[0.0,0.9745,0.0255],"evs":[0.0,15.63674,15.5429]},"KQo":{"weight":0.9992,"played":[0.0021,0.6209,0.377],"evs":[0.0,1.34334,1.2424]},"AQo":{"weight":0.9994,"played":[0.0,0.6925,0.3075],"evs":[0.0,6.23305,6.22953]},"K2s":{"weight":0.0,"played":[0.9982,4.0E-4,0.0013],"evs":[0.0,-3.37331,-3.03431]},"K3s":{"weight":0.0,"played":[0.9859,1.0E-4,0.014],"evs":[0.0,-1.964,-2.05437]},"K4s":{"weight":0.0,"played":[0.9773,0.0025,0.0202],"evs":[0.0,-2.7256,-2.3753]},"K5s":{"weight":0.0,"played":[0.9863,0.0088,0.0049],"evs":[0.0,-1.52361,-1.25569]},"K6s":{"weight":0.0,"played":[0.971,0.0062,0.0228],"evs":[0.0,-2.10551,-2.11946]},"K7s":{"weight":0.735,"played":[0.451,0.2891,0.2599],"evs":[0.0,-0.39156,-0.28495]},"K8s":{"weight":1.0,"played":[0.8755,0.0551,0.0694],"evs":[0.0,-0.74706,-0.75451]},"K9s":{"weight":1.0,"played":[0.4047,0.5843,0.011],"evs":[0.0,0.6899,0.54857]},"KTs":{"weight":0.9992,"played":[0.0032,0.9063,0.0905],"evs":[0.0,0.86395,0.60512]},"KJs":{"weight":1.0,"played":[0.0599,0.8395,0.1006],"evs":[0.0,1.56613,1.42618]},"KQs":{"weight":0.9999,"played":[9.0E-4,0.9905,0.0085],"evs":[0.0,3.54363,3.36095]},"KK":{"weight":1.0,"played":[0.0,0.5394,0.4606],"evs":[0.0,19.13485,18.96078]},"AKo":{"weight":1.0,"played":[0.0,0.563,0.437],"evs":[0.0,7.68005,7.71595]},"A2s":{"weight":1.0,"played":[0.2388,0.387,0.3743],"evs":[0.0,-0.37866,-0.37861]},"A3s":{"weight":1.0,"played":[0.7647,0.1267,0.1085],"evs":[0.0,-0.60022,-0.55801]},"A4s":{"weight":1.0,"played":[0.0072,0.4605,0.5323],"evs":[0.0,0.58363,0.58117]},"A5s":{"weight":1.0,"played":[0.0061,0.4261,0.5677],"evs":[0.0,1.3737,1.3911]},"A6s":{"weight":1.0,"played":[0.0011,0.118,0.8809],"evs":[0.0,0.96394,1.2302]},"A7s":{"weight":1.0,"played":[0.002,0.9424,0.0556],"evs":[0.0,1.27917,1.24791]},"A8s":{"weight":1.0,"played":[0.0024,0.1478,0.8498],"evs":[0.0,1.72014,1.72647]},"A9s":{"weight":1.0,"played":[2.0E-4,0.4145,0.5853],"evs":[0.0,2.88042,3.02105]},"ATs":{"weight":1.0,"played":[0.0,0.7882,0.2118],"evs":[0.0,4.29132,4.20354]},"AJs":{"weight":1.0,"played":[0.0,0.3383,0.6617],"evs":[0.0,6.50256,6.48468]},"AQs":{"weight":1.0,"played":[0.0,0.5771,0.4228],"evs":[0.0,8.12814,8.053]},"AKs":{"weight":1.0,"played":[0.0,0.0104,0.9896],"evs":[0.0,8.73535,8.91771]},"AA":{"weight":1.0,"played":[0.0,0.9277,0.0723],"evs":[0.0,25.45392,25.29516]}}}