{"player":3,"street":0,"children":2,"sequence":[{"player":0,"type":"R","amount":200000,"street":0},{"player":1,"type":"C","amount":200000,"street":0},{"player":2,"type":"F","amount":0,"street":0},{"player":3,"type":"C","amount":200000,"street":0},{"player":4,"type":"F","amount":0,"street":0},{"player":5,"type":"R","amount":815000,"street":0},{"player":0,"type":"C","amount":615000,"street":0},{"player":1,"type":"R","amount":2185000,"street":0}],"actions":[{"type":"F","amount":0,"node":398},{"type":"C","amount":1015000,"node":399}],"hands":{"22":{"weight":0.0,"played":[0.9376,0.0624],"evs":[0.0,-0.58515]},"32o":{"weight":0.0,"played":[1.0,0.0],"evs":[0.0,-3.30922]},"42o":{"weight":0.0,"played":[1.0,0.0],"evs":[0.0,-2.94377]},"52o":{"weight":0.0,"played":[1.0,0.0],"evs":[0.0,-2.57896]},"62o":{"weight":0.0,"played":[1.0,0.0],"evs":[0.0,-3.11581]},"72o":{"weight":0.0,"played":[1.0,0.0],"evs":[0.0,-3.55094]},"82o":{"weight":0.0,"played":[1.0,0.0],"evs":[0.0,-3.44858]},"92o":{"weight":0.0,"played":[1.0,0.0],"evs":[0.0,-3.38446]},"T2o":{"weight":0.0,"played":[0.9999,1.0E-4],"evs":[0.0,-3.84245]},"J2o":{"weight":0.0,"played":[1.0,0.0],"evs":[0.0,-3.55513]},"Q2o":{"weight":0.0,"played":[1.0,0.0],"evs":[0.0,-3.33098]},"K2o":{"weight":0.0,"played":[1.0,0.0],"evs":[0.0,-2.71766]},"A2o":{"weight":0.0,"played":[1.0,0.0],"evs":[0.0,-2.91274]},"32s":{"weight":0.0,"played":[0.9978,0.0022],"evs":[0.0,-2.04293]},"33":{"weight":0.0,"played":[0.6679,0.3321],"evs":[0.0,-0.02611]},"43o":{"weight":0.0,"played":[1.0,0.0],"evs":[0.0,-2.32929]},"53o":{"weight":0.0,"played":[0.9994,6.0E-4],"evs":[0.0,-1.96541]},"63o":{"weight":0.0,"played":[1.0,0.0],"evs":[0.0,-2.40802]},"73o":{"weight":0.0,"played":[1.0,0.0],"evs":[0.0,-3.06595]},"83o":{"weight":0.0,"played":[1.0,0.0],"evs":[0.0,-3.17379]},"93o":{"weight":0.0,"played":[1.0,0.0],"evs":[0.0,-3.31495]},"T3o":{"weight":0.0,"played":[1.0,0.0],"evs":[0.0,-3.49375]},"J3o":{"weight":0.0,"played":[1.0,0.0],"evs":[0.0,-3.48358]},"Q3o":{"weight":0.0,"played":[0.9999,1.0E-4],"evs":[0.0,-3.00765]},"K3o":{"weight":0.0,"played":[1.0,0.0],"evs":[0.0,-2.71028]},"A3o":{"weight":0.0,"played":[1.0,0.0],"evs":[0.0,-2.91787]},"42s":{"weight":0.0,"played":[0.9977,0.0023],"evs":[0.0,-1.04573]},"43s":{"weight":0.0,"played":[0.9205,0.0795],"evs":[0.0,-1.30488]},"44":{"weight":0.9913,"played":[0.0124,0.9876],"evs":[0.0,0.51347]},"54o":{"weight":0.0,"played":[1.0,0.0],"evs":[0.0,-1.62283]},"64o":{"weight":0.0,"played":[0.9999,1.0E-4],"evs":[0.0,-1.41026]},"74o":{"weight":0.0,"played":[1.0,0.0],"evs":[0.0,-2.11567]},"84o":{"weight":0.0,"played":[0.9999,1.0E-4],"evs":[0.0,-2.62401]},"94o":{"weight":0.0,"played":[1.0,0.0],"evs":[0.0,-3.24254]},"T4o":{"weight":0.0,"played":[1.0,0.0],"evs":[0.0,-3.34734]},"J4o":{"weight":0.0,"played":[0.9992,8.0E-4],"evs":[0.0,-3.26044]},"Q4o":{"weight":0.0,"played":[1.0,0.0],"evs":[0.0,-2.72492]},"K4o":{"weight":0.0,"played":[0.9999,1.0E-4],"evs":[0.0,-2.41952]},"A4o":{"weight":0.0,"played":[1.0,0.0],"evs":[0.0,-2.22464]},"52s":{"weight":0.0,"played":[0.9822,0.0178],"evs":[0.0,-1.12465]},"53s":{"weight":0.0,"played":[0.4054,0.5946],"evs":[0.0,0.27749]},"54s":{"weight":0.0,"played":[0.5767,0.4233],"evs":[0.0,0.0446]},"55":{"weight":0.9939,"played":[1.0E-4,0.9999],"evs":[0.0,1.2975]},"65o":{"weight":0.0,"played":[0.9998,2.0E-4],"evs":[0.0,-0.67302]},"75o":{"weight":0.0,"played":[0.9999,1.0E-4],"evs":[0.0,-1.51006]},"85o":{"weight":0.0,"played":[0.9993,7.0E-4],"evs":[0.0,-1.88716]},"95o":{"weight":0.0,"played":[1.0,0.0],"evs":[0.0,-2.75281]},"T5o":{"weight":0.0,"played":[1.0,0.0],"evs":[0.0,-2.94955]},"J5o":{"weight":0.0,"played":[0.9996,4.0E-4],"evs":[0.0,-2.75848]},"Q5o":{"weight":0.0,"played":[1.0,0.0],"evs":[0.0,-2.63647]},"K5o":{"weight":0.0,"played":[0.9998,2.0E-4],"evs":[0.0,-1.87102]},"A5o":{"weight":0.0,"played":[0.9996,4.0E-4],"evs":[0.0,-2.32848]},"62s":{"weight":0.0,"played":[0.9998,2.0E-4],"evs":[0.0,-0.98817]},"63s":{"weight":0.0,"played":[0.9409,0.0591],"evs":[0.0,-0.84707]},"64s":{"weight":0.0,"played":[0.0675,0.9325],"evs":[0.0,0.96713]},"65s":{"weight":0.077,"played":[4.0E-4,0.9996],"evs":[0.0,1.36699]},"66":{"weight":0.0085,"played":[1.0E-4,0.9999],"evs":[0.0,2.26692]},"76o":{"weight":0.0,"played":[1.0,0.0],"evs":[0.0,-0.99361]},"86o":{"weight":0.0,"played":[1.0,0.0],"evs":[0.0,-1.5511]},"96o":{"weight":0.0,"played":[0.9998,2.0E-4],"evs":[0.0,-1.50566]},"T6o":{"weight":0.0,"played":[1.0,0.0],"evs":[0.0,-2.36319]},"J6o":{"weight":0.0,"played":[0.9999,1.0E-4],"evs":[0.0,-3.17934]},"Q6o":{"weight":0.0,"played":[1.0,0.0],"evs":[0.0,-2.32464]},"K6o":{"weight":0.0,"played":[0.9984,0.0016],"evs":[0.0,-1.56484]},"A6o":{"weight":0.0,"played":[0.9997,3.0E-4],"evs":[0.0,-2.65388]},"72s":{"weight":0.0,"played":[0.9943,0.0057],"evs":[0.0,-2.20432]},"73s":{"weight":0.0,"played":[0.9983,0.0017],"evs":[0.0,-1.32519]},"74s":{"weight":0.0,"played":[0.7298,0.2702],"evs":[0.0,-0.46741]},"75s":{"weight":0.0,"played":[0.6229,0.3771],"evs":[0.0,-0.20252]},"76s":{"weight":0.0059,"played":[0.0785,0.9215],"evs":[0.0,-0.11149]},"77":{"weight":1.0E-4,"played":[0.0,1.0],"evs":[0.0,2.34906]},"87o":{"weight":0.0,"played":[0.9903,0.0097],"evs":[0.0,-0.48739]},"97o":{"weight":0.0,"played":[0.9989,0.0011],"evs":[0.0,-1.40797]},"T7o":{"weight":0.0,"played":[1.0,0.0],"evs":[0.0,-2.07867]},"J7o":{"weight":0.0,"played":[1.0,0.0],"evs":[0.0,-2.7817]},"Q7o":{"weight":0.0,"played":[0.9999,1.0E-4],"evs":[0.0,-2.37968]},"K7o":{"weight":0.0,"played":[0.9997,3.0E-4],"evs":[0.0,-1.90735]},"A7o":{"weight":0.0,"played":[0.9996,4.0E-4],"evs":[0.0,-2.52146]},"82s":{"weight":0.0,"played":[0.9888,0.0112],"evs":[0.0,-1.60659]},"83s":{"weight":0.0,"played":[0.9987,0.0013],"evs":[0.0,-1.84246]},"84s":{"weight":0.0,"played":[0.9797,0.0203],"evs":[0.0,-1.61066]},"85s":{"weight":0.0,"played":[0.9983,0.0017],"evs":[0.0,-0.86528]},"86s":{"weight":0.0,"played":[0.9043,0.0957],"evs":[0.0,-0.22887]},"87s":{"weight":0.2872,"played":[0.0087,0.9913],"evs":[0.0,0.72321]},"88":{"weight":0.0,"played":[0.0,1.0],"evs":[0.0,3.60852]},"98o":{"weight":0.0,"played":[0.9997,3.0E-4],"evs":[0.0,-0.69288]},"T8o":{"weight":0.0,"played":[0.9966,0.0034],"evs":[0.0,-0.88245]},"J8o":{"weight":0.0,"played":[0.9995,5.0E-4],"evs":[0.0,-1.82812]},"Q8o":{"weight":0.0,"played":[0.9939,0.0061],"evs":[0.0,-2.21104]},"K8o":{"weight":0.0,"played":[0.9982,0.0018],"evs":[0.0,-1.87006]},"A8o":{"weight":0.0,"played":[0.9999,1.0E-4],"evs":[0.0,-2.08324]},"92s":{"weight":0.0,"played":[0.9959,0.0041],"evs":[0.0,-1.76019]},"93s":{"weight":0.0,"played":[0.9905,0.0095],"evs":[0.0,-1.60862]},"94s":{"weight":0.0,"played":[0.9988,0.0012],"evs":[0.0,-1.08924]},"95s":{"weight":0.0,"played":[0.9984,0.0016],"evs":[0.0,-0.46296]},"96s":{"weight":0.0,"played":[0.6271,0.3729],"evs":[0.0,-0.03178]},"97s":{"weight":1.0E-4,"played":[0.51,0.49],"evs":[0.0,-0.29783]},"98s":{"weight":0.0,"played":[0.0066,0.9934],"evs":[0.0,1.41438]},"99":{"weight":0.0,"played":[0.0,1.0],"evs":[0.0,4.45405]},"T9o":{"weight":0.0,"played":[0.9989,0.0011],"evs":[0.0,-0.80173]},"J9o":{"weight":0.0,"played":[0.9892,0.0108],"evs":[0.0,-1.1636]},"Q9o":{"weight":0.0,"played":[0.9966,0.0034],"evs":[0.0,-1.12244]},"K9o":{"weight":0.0,"played":[0.9989,0.0011],"evs":[0.0,-0.63468]},"A9o":{"weight":0.0,"played":[0.998,0.002],"evs":[0.0,-1.11818]},"T2s":{"weight":0.0,"played":[1.0,0.0],"evs":[0.0,-1.70865]},"T3s":{"weight":0.0,"played":[0.9992,8.0E-4],"evs":[0.0,-1.69624]},"T4s":{"weight":0.0,"played":[0.9988,0.0012],"evs":[0.0,-1.87825]},"T5s":{"weight":0.0,"played":[0.9965,0.0035],"evs":[0.0,-1.55552]},"T6s":{"weight":0.0,"played":[0.4049,0.5951],"evs":[0.0,-0.32424]},"T7s":{"weight":0.0,"played":[0.713,0.287],"evs":[0.0,-0.45902]},"T8s":{"weight":0.0,"played":[0.0343,0.9657],"evs":[0.0,0.77551]},"T9s":{"weight":0.7866,"played":[0.0147,0.9853],"evs":[0.0,1.45675]},"TT":{"weight":0.0,"played":[0.0,1.0],"evs":[0.0,5.34477]},"JTo":{"weight":0.0,"played":[0.9391,0.0609],"evs":[0.0,-0.87936]},"QTo":{"weight":0.0,"played":[0.9669,0.0331],"evs":[0.0,-0.73087]},"KTo":{"weight":0.0,"played":[0.8638,0.1362],"evs":[0.0,-0.70319]},"ATo":{"weight":0.0077,"played":[0.934,0.066],"evs":[0.0,-0.56465]},"J2s":{"weight":0.0,"played":[0.9609,0.0391],"evs":[0.0,-1.78675]},"J3s":{"weight":0.0,"played":[0.9991,9.0E-4],"evs":[0.0,-1.42425]},"J4s":{"weight":0.0,"played":[0.9695,0.0305],"evs":[0.0,-1.54224]},"J5s":{"weight":0.0,"played":[0.9625,0.0375],"evs":[0.0,-1.57028]},"J6s":{"weight":0.0,"played":[0.9621,0.0379],"evs":[0.0,-1.2215]},"J7s":{"weight":0.0,"played":[0.4746,0.5254],"evs":[0.0,-1.31785]},"J8s":{"weight":0.0,"played":[0.3745,0.6255],"evs":[0.0,-0.41783]},"J9s":{"weight":0.0,"played":[0.0882,0.9118],"evs":[0.0,-0.08686]},"JTs":{"weight":0.746,"played":[0.0084,0.9916],"evs":[0.0,0.69405]},"JJ":{"weight":0.0,"played":[0.0,1.0],"evs":[0.0,7.38075]},"QJo":{"weight":0.0,"played":[0.6294,0.3706],"evs":[0.0,-0.56553]},"KJo":{"weight":0.0,"played":[0.0059,0.9941],"evs":[0.0,0.20843]},"AJo":{"weight":6.0E-4,"played":[0.0,1.0],"evs":[0.0,0.89788]},"Q2s":{"weight":0.0,"played":[0.9998,2.0E-4],"evs":[0.0,-0.88619]},"Q3s":{"weight":0.0,"played":[0.9936,0.0064],"evs":[0.0,-0.78463]},"Q4s":{"weight":0.0,"played":[0.9813,0.0187],"evs":[0.0,-1.09041]},"Q5s":{"weight":0.0,"played":[0.903,0.097],"evs":[0.0,-0.59769]},"Q6s":{"weight":0.0,"played":[0.7336,0.2664],"evs":[0.0,-0.50085]},"Q7s":{"weight":0.0,"played":[0.7059,0.2941],"evs":[0.0,-0.47477]},"Q8s":{"weight":0.0,"played":[0.7371,0.2629],"evs":[0.0,-0.79357]},"Q9s":{"weight":0.1346,"played":[0.5182,0.4818],"evs":[0.0,-0.21166]},"QTs":{"weight":0.9857,"played":[0.0012,0.9988],"evs":[0.0,1.05692]},"QJs":{"weight":0.9996,"played":[0.0045,0.9955],"evs":[0.0,0.90271]},"QQ":{"weight":4.0E-4,"played":[0.0,1.0],"evs":[0.0,10.34325]},"KQo":{"weight":0.9054,"played":[0.0,1.0],"evs":[0.0,0.91762]},"AQo":{"weight":0.0,"played":[0.0,1.0],"evs":[0.0,2.76911]},"K2s":{"weight":0.0,"played":[0.8768,0.1232],"evs":[0.0,-0.67939]},"K3s":{"weight":0.0,"played":[0.4379,0.5621],"evs":[0.0,-0.28638]},"K4s":{"weight":0.0,"played":[0.9199,0.0801],"evs":[0.0,-0.72941]},"K5s":{"weight":0.0,"played":[0.739,0.261],"evs":[0.0,-0.4272]},"K6s":{"weight":0.0,"played":[0.0071,0.9929],"evs":[0.0,0.26768]},"K7s":{"weight":6.0E-4,"played":[0.1039,0.8961],"evs":[0.0,0.8138]},"K8s":{"weight":0.0,"played":[0.0134,0.9866],"evs":[0.0,0.2779]},"K9s":{"weight":0.9791,"played":[1.0E-4,0.9999],"evs":[0.0,0.56849]},"KTs":{"weight":0.9995,"played":[0.0051,0.9949],"evs":[0.0,0.43075]},"KJs":{"weight":0.9996,"played":[0.0,1.0],"evs":[0.0,1.67998]},"KQs":{"weight":0.05,"played":[0.0,1.0],"evs":[0.0,2.80643]},"KK":{"weight":0.0,"played":[0.0,1.0],"evs":[0.0,14.45191]},"AKo":{"weight":0.0,"played":[0.0,1.0],"evs":[0.0,4.13998]},"A2s":{"weight":0.0,"played":[0.9714,0.0286],"evs":[0.0,-1.33451]},"A3s":{"weight":0.0,"played":[0.9633,0.0367],"evs":[0.0,-0.48479]},"A4s":{"weight":0.0,"played":[0.9275,0.0725],"evs":[0.0,-0.33805]},"A5s":{"weight":0.6503,"played":[0.221,0.779],"evs":[0.0,-0.07379]},"A6s":{"weight":0.0829,"played":[0.8574,0.1426],"evs":[0.0,-0.23331]},"A7s":{"weight":0.4474,"played":[0.6015,0.3985],"evs":[0.0,-0.07161]},"A8s":{"weight":0.0111,"played":[0.553,0.447],"evs":[0.0,-0.19478]},"A9s":{"weight":0.035,"played":[0.269,0.731],"evs":[0.0,0.31447]},"ATs":{"weight":0.004,"played":[2.0E-4,0.9998],"evs":[0.0,1.29907]},"AJs":{"weight":0.0,"played":[2.0E-4,0.9998],"evs":[0.0,2.36709]},"AQs":{"weight":0.0,"played":[0.0,1.0],"evs":[0.0,4.17917]},"AKs":{"weight":0.0,"played":[0.0,1.0],"evs":[0.0,5.32018]},"AA":{"weight":0.001,"played":[0.0,1.0],"evs":[0.0,19.32412]}}}