{"player":4,"street":0,"children":3,"sequence":[{"player":0,"type":"F","amount":0,"street":0},{"player":1,"type":"F","amount":0,"street":0},{"player":2,"type":"F","amount":0,"street":0},{"player":3,"type":"F","amount":0,"street":0}],"actions":[{"type":"F","amount":0},{"type":"C","amount":50000,"node":5},{"type":"R","amount":715000,"node":7}],"hands":{"22":{"weight":1.0,"played":[0.0,0.0,1.0],"evs":[0.0,0.77306,0.93049]},"32o":{"weight":1.0,"played":[1.0,0.0,0.0],"evs":[0.0,-0.17667,-1.16251]},"42o":{"weight":1.0,"played":[1.0,0.0,0.0],"evs":[0.0,-0.16584,-1.07351]},"52o":{"weight":1.0,"played":[1.0,0.0,0.0],"evs":[0.0,-0.1632,-0.99572]},"62o":{"weight":1.0,"played":[1.0,0.0,0.0],"evs":[0.0,-0.19127,-1.09576]},"72o":{"weight":1.0,"played":[1.0,0.0,0.0],"evs":[0.0,-0.20792,-1.03948]},"82o":{"weight":1.0,"played":[1.0,0.0,0.0],"evs":[0.0,-0.17201,-0.91582]},"92o":{"weight":1.0,"played":[1.0,0.0,0.0],"evs":[0.0,-0.15149,-0.76208]},"T2o":{"weight":1.0,"played":[1.0,0.0,0.0],"evs":[0.0,-0.10286,-0.51438]},"J2o":{"weight":1.0,"played":[0.9999,1.0E-4,0.0],"evs":[0.0,-0.01884,-0.22574]},"Q2o":{"weight":1.0,"played":[0.0,0.0,1.0],"evs":[0.0,0.20016,0.2302]},"K2o":{"weight":1.0,"played":[0.0,0.0,1.0],"evs":[0.0,0.71524,0.79581]},"A2o":{"weight":1.0,"played":[0.0,0.0,1.0],"evs":[0.0,1.40493,1.53124]},"32s":{"weight":1.0,"played":[1.0,0.0,0.0],"evs":[0.0,-0.08122,-0.70478]},"33":{"weight":1.0,"played":[0.0,0.0,1.0],"evs":[0.0,1.07275,1.16202]},"43o":{"weight":1.0,"played":[1.0,0.0,0.0],"evs":[0.0,-0.13052,-0.9005]},"53o":{"weight":1.0,"played":[1.0,0.0,0.0],"evs":[0.0,-0.12269,-0.81068]},"63o":{"weight":1.0,"played":[1.0,0.0,0.0],"evs":[0.0,-0.1489,-0.90733]},"73o":{"weight":1.0,"played":[1.0,0.0,0.0],"evs":[0.0,-0.1639,-0.86175]},"83o":{"weight":1.0,"played":[1.0,0.0,0.0],"evs":[0.0,-0.16546,-0.87947]},"93o":{"weight":1.0,"played":[1.0,0.0,0.0],"evs":[0.0,-0.136,-0.69366]},"T3o":{"weight":1.0,"played":[1.0,0.0,0.0],"evs":[0.0,-0.08997,-0.4485]},"J3o":{"weight":1.0,"played":[0.9993,7.0E-4,0.0],"evs":[0.0,-0.00806,-0.16086]},"Q3o":{"weight":1.0,"played":[0.0,0.0,1.0],"evs":[0.0,0.28296,0.29643]},"K3o":{"weight":1.0,"played":[0.0,0.0,1.0],"evs":[0.0,0.80036,0.85944]},"A3o":{"weight":1.0,"played":[0.0,0.0,1.0],"evs":[0.0,1.47704,1.58293]},"42s":{"weight":1.0,"played":[1.0,0.0,0.0],"evs":[0.0,-0.07203,-0.6394]},"43s":{"weight":1.0,"played":[1.0,0.0,0.0],"evs":[0.0,-0.0355,-0.47257]},"44":{"weight":1.0,"played":[0.0,0.0,1.0],"evs":[0.0,1.36266,1.38848]},"54o":{"weight":1.0,"played":[1.0,0.0,0.0],"evs":[0.0,-0.09452,-0.62816]},"64o":{"weight":1.0,"played":[1.0,0.0,0.0],"evs":[0.0,-0.118,-0.72415]},"74o":{"weight":1.0,"played":[1.0,0.0,0.0],"evs":[0.0,-0.13202,-0.68696]},"84o":{"weight":1.0,"played":[1.0,0.0,0.0],"evs":[0.0,-0.13302,-0.6881]},"94o":{"weight":1.0,"played":[1.0,0.0,0.0],"evs":[0.0,-0.12847,-0.63708]},"T4o":{"weight":1.0,"played":[1.0,0.0,0.0],"evs":[0.0,-0.08351,-0.36709]},"J4o":{"weight":1.0,"played":[0.3549,0.6451,0.0],"evs":[0.0,0.00122,-0.06835]},"Q4o":{"weight":1.0,"played":[0.0,0.0,1.0],"evs":[0.0,0.36212,0.39236]},"K4o":{"weight":1.0,"played":[0.0,0.0,1.0],"evs":[0.0,0.87893,0.95605]},"A4o":{"weight":1.0,"played":[0.0,0.0,1.0],"evs":[0.0,1.56323,1.68211]},"52s":{"weight":1.0,"played":[1.0,0.0,0.0],"evs":[0.0,-0.07373,-0.56494]},"53s":{"weight":1.0,"played":[0.9998,2.0E-4,0.0],"evs":[0.0,-0.02836,-0.37755]},"54s":{"weight":1.0,"played":[0.7841,0.2159,0.0],"evs":[0.0,0.00354,-0.21552]},"55":{"weight":1.0,"played":[0.0,0.0,1.0],"evs":[0.0,1.65994,1.67525]},"65o":{"weight":1.0,"played":[1.0,0.0,0.0],"evs":[0.0,-0.09214,-0.52013]},"75o":{"weight":1.0,"played":[1.0,0.0,0.0],"evs":[0.0,-0.10181,-0.48847]},"85o":{"weight":1.0,"played":[1.0,0.0,0.0],"evs":[0.0,-0.09541,-0.48197]},"95o":{"weight":1.0,"played":[1.0,0.0,0.0],"evs":[0.0,-0.09901,-0.42506]},"T5o":{"weight":1.0,"played":[0.9998,2.0E-4,0.0],"evs":[0.0,-0.07046,-0.29924]},"J5o":{"weight":1.0,"played":[0.0,6.0E-4,0.9994],"evs":[0.0,0.01102,0.0299]},"Q5o":{"weight":1.0,"played":[0.0,0.0,1.0],"evs":[0.0,0.44919,0.49129]},"K5o":{"weight":1.0,"played":[0.0,0.0,1.0],"evs":[0.0,0.96894,1.05594]},"A5o":{"weight":1.0,"played":[0.0,0.0,1.0],"evs":[0.0,1.65652,1.78007]},"62s":{"weight":1.0,"played":[1.0,0.0,0.0],"evs":[0.0,-0.08777,-0.65977]},"63s":{"weight":1.0,"played":[0.9999,1.0E-4,0.0],"evs":[0.0,-0.05504,-0.48328]},"64s":{"weight":1.0,"played":[0.9974,0.0026,0.0],"evs":[0.0,-0.02599,-0.30772]},"65s":{"weight":1.0,"played":[0.0254,0.9746,0.0],"evs":[0.0,0.00454,-0.11997]},"66":{"weight":1.0,"played":[0.0,1.0E-4,0.9999],"evs":[0.0,1.90758,1.92363]},"76o":{"weight":1.0,"played":[1.0,0.0,0.0],"evs":[0.0,-0.0498,-0.30732]},"86o":{"weight":1.0,"played":[1.0,0.0,0.0],"evs":[0.0,-0.03853,-0.29592]},"96o":{"weight":1.0,"played":[0.9996,4.0E-4,0.0],"evs":[0.0,-0.0489,-0.2568]},"T6o":{"weight":1.0,"played":[0.9981,0.0019,0.0],"evs":[0.0,-0.01763,-0.10181]},"J6o":{"weight":1.0,"played":[0.0,0.0018,0.9982],"evs":[0.0,0.09076,0.10674]},"Q6o":{"weight":1.0,"played":[0.0,0.0,1.0],"evs":[0.0,0.55069,0.60911]},"K6o":{"weight":1.0,"played":[0.0,0.0,1.0],"evs":[0.0,1.06293,1.16972]},"A6o":{"weight":1.0,"played":[0.0,0.0,1.0],"evs":[0.0,1.66075,1.81298]},"72s":{"weight":1.0,"played":[1.0,0.0,0.0],"evs":[0.0,-0.11084,-0.63333]},"73s":{"weight":1.0,"played":[1.0,0.0,0.0],"evs":[0.0,-0.06702,-0.45475]},"74s":{"weight":1.0,"played":[0.999,0.001,0.0],"evs":[0.0,-0.03762,-0.28866]},"75s":{"weight":1.0,"played":[0.1822,0.8177,0.0],"evs":[0.0,-0.00182,-0.08171]},"76s":{"weight":1.0,"played":[0.0,0.4379,0.5621],"evs":[0.0,0.0623,0.06181]},"77":{"weight":1.0,"played":[0.0,2.0E-4,0.9998],"evs":[0.0,2.25725,2.28235]},"87o":{"weight":1.0,"played":[0.4819,0.5181,0.0],"evs":[0.0,1.5E-4,-0.07205]},"97o":{"weight":1.0,"played":[0.0,0.6784,0.3216],"evs":[0.0,0.00482,0.0021]},"T7o":{"weight":1.0,"played":[0.0,5.0E-4,0.9995],"evs":[0.0,0.15735,0.17143]},"J7o":{"weight":1.0,"played":[0.0,0.0,1.0],"evs":[0.0,0.36055,0.3946]},"Q7o":{"weight":1.0,"played":[0.0,0.0,1.0],"evs":[0.0,0.6796,0.76917]},"K7o":{"weight":1.0,"played":[0.0,0.0,1.0],"evs":[0.0,1.20988,1.35635]},"A7o":{"weight":1.0,"played":[0.0,0.0,1.0],"evs":[0.0,1.82782,2.01596]},"82s":{"weight":1.0,"played":[1.0,0.0,0.0],"evs":[0.0,-0.06735,-0.49176]},"83s":{"weight":1.0,"played":[0.9999,1.0E-4,0.0],"evs":[0.0,-0.06567,-0.44733]},"84s":{"weight":1.0,"played":[0.9993,7.0E-4,0.0],"evs":[0.0,-0.02922,-0.27093]},"85s":{"weight":1.0,"played":[0.5769,0.4231,0.0],"evs":[0.0,-0.00139,-0.10813]},"86s":{"weight":1.0,"played":[0.0,0.0231,0.9769],"evs":[0.0,0.06455,0.07452]},"87s":{"weight":1.0,"played":[0.0,0.3844,0.6156],"evs":[0.0,0.28661,0.28586]},"88":{"weight":1.0,"played":[0.0,0.0,1.0],"evs":[0.0,2.54994,2.60588]},"98o":{"weight":1.0,"played":[0.0,0.0018,0.9982],"evs":[0.0,0.21305,0.2239]},"T8o":{"weight":1.0,"played":[0.0,1.0E-4,0.9999],"evs":[0.0,0.39335,0.40727]},"J8o":{"weight":1.0,"played":[0.0,2.0E-4,0.9998],"evs":[0.0,0.61293,0.63629]},"Q8o":{"weight":1.0,"played":[0.0,0.0,1.0],"evs":[0.0,0.92633,1.01313]},"K8o":{"weight":1.0,"played":[0.0,0.0,1.0],"evs":[0.0,1.32158,1.4718]},"A8o":{"weight":1.0,"played":[0.0,0.0,1.0],"evs":[0.0,1.95717,2.15647]},"92s":{"weight":1.0,"played":[1.0,0.0,0.0],"evs":[0.0,-0.0463,-0.3434]},"93s":{"weight":1.0,"played":[0.9962,0.0038,0.0],"evs":[0.0,-0.03333,-0.27941]},"94s":{"weight":1.0,"played":[0.9997,3.0E-4,0.0],"evs":[0.0,-0.03454,-0.23578]},"95s":{"weight":1.0,"played":[0.0675,0.9293,0.0032],"evs":[0.0,0.00228,-0.04008]},"96s":{"weight":1.0,"played":[0.0,0.3702,0.6298],"evs":[0.0,0.11794,0.12453]},"97s":{"weight":1.0,"played":[0.0,0.4779,0.5221],"evs":[0.0,0.35519,0.35119]},"98s":{"weight":1.0,"played":[0.0,0.0139,0.9861],"evs":[0.0,0.5606,0.56484]},"99":{"weight":1.0,"played":[0.0,1.0E-4,0.9999],"evs":[0.0,2.91928,2.95836]},"T9o":{"weight":1.0,"played":[0.0,0.001,0.999],"evs":[0.0,0.65316,0.66449]},"J9o":{"weight":1.0,"played":[0.0,0.0245,0.9755],"evs":[0.0,0.88766,0.89715]},"Q9o":{"weight":1.0,"played":[0.0,0.0,1.0],"evs":[0.0,1.20157,1.2743]},"K9o":{"weight":1.0,"played":[0.0,0.0,1.0],"evs":[0.0,1.58912,1.73172]},"A9o":{"weight":1.0,"played":[0.0,0.0,1.0],"evs":[0.0,2.09999,2.30712]},"T2s":{"weight":1.0,"played":[0.474,0.5259,1.0E-4],"evs":[0.0,0.00117,-0.11904]},"T3s":{"weight":1.0,"played":[3.0E-4,0.9996,0.0],"evs":[0.0,0.01846,-0.03243]},"T4s":{"weight":1.0,"played":[0.0,0.9999,1.0E-4],"evs":[0.0,0.03147,0.02385]},"T5s":{"weight":1.0,"played":[0.0,0.0022,0.9978],"evs":[0.0,0.07772,0.08771]},"T6s":{"weight":1.0,"played":[0.0,0.2209,0.7791],"evs":[0.0,0.26301,0.26445]},"T7s":{"weight":1.0,"played":[0.0,0.0714,0.9286],"evs":[0.0,0.5158,0.52089]},"T8s":{"weight":1.0,"played":[0.0,0.1275,0.8725],"evs":[0.0,0.73017,0.7325]},"T9s":{"weight":1.0,"played":[0.0,0.0012,0.9988],"evs":[0.0,0.96345,0.97583]},"TT":{"weight":1.0,"played":[0.0,0.0193,0.9807],"evs":[0.0,3.35781,3.36081]},"JTo":{"weight":1.0,"played":[0.0,0.0,1.0],"evs":[0.0,1.22535,1.24173]},"QTo":{"weight":1.0,"played":[0.0,0.0,1.0],"evs":[0.0,1.54453,1.61589]},"KTo":{"weight":1.0,"played":[0.0,0.0,1.0],"evs":[0.0,1.9164,2.0643]},"ATo":{"weight":1.0,"played":[0.0,0.0,1.0],"evs":[0.0,2.41959,2.63089]},"J2s":{"weight":1.0,"played":[0.0,6.0E-4,0.9994],"evs":[0.0,0.1504,0.1662]},"J3s":{"weight":1.0,"played":[0.0,0.126,0.874],"evs":[0.0,0.21934,0.22274]},"J4s":{"weight":1.0,"played":[0.0,0.0046,0.9954],"evs":[0.0,0.29247,0.30078]},"J5s":{"weight":1.0,"played":[0.0,0.1426,0.8574],"evs":[0.0,0.39239,0.40915]},"J6s":{"weight":1.0,"played":[0.0,0.4158,0.5842],"evs":[0.0,0.46262,0.46718]},"J7s":{"weight":1.0,"played":[0.0,0.0,1.0],"evs":[0.0,0.70637,0.73163]},"J8s":{"weight":1.0,"played":[0.0,0.0,1.0],"evs":[0.0,0.948,0.95656]},"J9s":{"weight":1.0,"played":[0.0,0.0118,0.9882],"evs":[0.0,1.19454,1.20174]},"JTs":{"weight":1.0,"played":[0.0,0.0019,0.9981],"evs":[0.0,1.5155,1.52464]},"JJ":{"weight":1.0,"played":[0.0,0.9195,0.0805],"evs":[0.0,3.69109,3.68719]},"QJo":{"weight":1.0,"played":[0.0,0.0,1.0],"evs":[0.0,1.64483,1.74134]},"KJo":{"weight":1.0,"played":[0.0,0.0,1.0],"evs":[0.0,2.03449,2.21327]},"AJo":{"weight":1.0,"played":[0.0,0.0,1.0],"evs":[0.0,2.57549,2.79324]},"Q2s":{"weight":1.0,"played":[0.0,0.0,1.0],"evs":[0.0,0.55971,0.59012]},"Q3s":{"weight":1.0,"played":[0.0,0.0,1.0],"evs":[0.0,0.63006,0.64654]},"Q4s":{"weight":1.0,"played":[0.0,0.0,1.0],"evs":[0.0,0.71783,0.74325]},"Q5s":{"weight":1.0,"played":[0.0,3.0E-4,0.9997],"evs":[0.0,0.79524,0.82986]},"Q6s":{"weight":1.0,"played":[0.0,0.0,1.0],"evs":[0.0,0.87616,0.92452]},"Q7s":{"weight":1.0,"played":[0.0,0.0,1.0],"evs":[0.0,1.00762,1.07975]},"Q8s":{"weight":1.0,"played":[0.0,0.0,1.0],"evs":[0.0,1.2351,1.3049]},"Q9s":{"weight":1.0,"played":[0.0,0.0,1.0],"evs":[0.0,1.50364,1.56205]},"QTs":{"weight":1.0,"played":[0.0,0.0,1.0],"evs":[0.0,1.80995,1.87095]},"QJs":{"weight":1.0,"played":[0.0,0.0,1.0],"evs":[0.0,1.89348,1.98059]},"QQ":{"weight":1.0,"played":[0.0,0.9949,0.0051],"evs":[0.0,4.06898,4.06116]},"KQo":{"weight":1.0,"played":[0.0,0.0,1.0],"evs":[0.0,2.19382,2.3942]},"AQo":{"weight":1.0,"played":[0.0,0.0,1.0],"evs":[0.0,2.74263,2.97286]},"K2s":{"weight":1.0,"played":[0.0,0.0,1.0],"evs":[0.0,1.04876,1.12425]},"K3s":{"weight":1.0,"played":[0.0,0.0,1.0],"evs":[0.0,1.12221,1.18289]},"K4s":{"weight":1.0,"played":[0.0,0.0,1.0],"evs":[0.0,1.20233,1.27529]},"K5s":{"weight":1.0,"played":[0.0,0.0,1.0],"evs":[0.0,1.28004,1.35663]},"K6s":{"weight":1.0,"played":[0.0,0.0,1.0],"evs":[0.0,1.3755,1.4646]},"K7s":{"weight":1.0,"played":[0.0,0.0,1.0],"evs":[0.0,1.51293,1.64084]},"K8s":{"weight":1.0,"played":[0.0,0.0,1.0],"evs":[0.0,1.6096,1.74777]},"K9s":{"weight":1.0,"played":[0.0,0.0,1.0],"evs":[0.0,1.86553,1.99322]},"KTs":{"weight":1.0,"played":[0.0,0.0,1.0],"evs":[0.0,2.15792,2.29262]},"KJs":{"weight":1.0,"played":[0.0,0.0,1.0],"evs":[0.0,2.2694,2.43168]},"KQs":{"weight":1.0,"played":[0.0,0.0,1.0],"evs":[0.0,2.41186,2.58972]},"KK":{"weight":1.0,"played":[0.0,0.11,0.89],"evs":[0.0,4.52949,4.53418]},"AKo":{"weight":1.0,"played":[0.0,0.0,1.0],"evs":[0.0,2.96001,3.19425]},"A2s":{"weight":1.0,"played":[0.0,0.0,1.0],"evs":[0.0,1.68847,1.80863]},"A3s":{"weight":1.0,"played":[0.0,0.0,1.0],"evs":[0.0,1.77687,1.87864]},"A4s":{"weight":1.0,"played":[0.0,0.0,1.0],"evs":[0.0,1.84692,1.95385]},"A5s":{"weight":1.0,"played":[0.0,0.0,1.0],"evs":[0.0,1.93096,2.03926]},"A6s":{"weight":1.0,"played":[0.0,0.0,1.0],"evs":[0.0,1.93502,2.07864]},"A7s":{"weight":1.0,"played":[0.0,0.0,1.0],"evs":[0.0,2.07365,2.2474]},"A8s":{"weight":1.0,"played":[0.0,0.0,1.0],"evs":[0.0,2.20608,2.38906]},"A9s":{"weight":1.0,"played":[0.0,0.0,1.0],"evs":[0.0,2.33226,2.51508]},"ATs":{"weight":1.0,"played":[0.0,0.0,1.0],"evs":[0.0,2.63504,2.8263]},"AJs":{"weight":1.0,"played":[0.0,0.0,1.0],"evs":[0.0,2.7838,2.97557]},"AQs":{"weight":1.0,"played":[0.0,0.0,1.0],"evs":[0.0,2.94445,3.15442]},"AKs":{"weight":1.0,"played":[0.0,0.0,1.0],"evs":[0.0,3.13569,3.35154]},"AA":{"weight":1.0,"played":[0.0,0.5594,0.4406],"evs":[0.0,5.06611,5.06634]}}}