{"player":3,"street":0,"children":2,"sequence":[{"player":0,"type":"R","amount":200000,"street":0},{"player":1,"type":"C","amount":200000,"street":0},{"player":2,"type":"F","amount":0,"street":0},{"player":3,"type":"C","amount":200000,"street":0},{"player":4,"type":"F","amount":0,"street":0},{"player":5,"type":"R","amount":815000,"street":0},{"player":0,"type":"R","amount":2185000,"street":0},{"player":1,"type":"F","amount":0,"street":0}],"actions":[{"type":"F","amount":0},{"type":"C","amount":1015000}],"hands":{"22":{"weight":0.0,"played":[0.0302,0.9698],"evs":[0.0,1.2308]},"32o":{"weight":0.0,"played":[0.9995,5.0E-4],"evs":[0.0,-2.79506]},"42o":{"weight":0.0,"played":[0.9969,0.0031],"evs":[0.0,-2.18385]},"52o":{"weight":0.0,"played":[0.9841,0.0159],"evs":[0.0,-1.97873]},"62o":{"weight":0.0,"played":[0.9935,0.0065],"evs":[0.0,-3.4055]},"72o":{"weight":0.0,"played":[0.9997,3.0E-4],"evs":[0.0,-1.87623]},"82o":{"weight":0.0,"played":[1.0,0.0],"evs":[0.0,-3.70353]},"92o":{"weight":0.0,"played":[0.979,0.021],"evs":[0.0,-3.20596]},"T2o":{"weight":0.0,"played":[0.9979,0.0021],"evs":[0.0,-2.19647]},"J2o":{"weight":0.0,"played":[1.0,0.0],"evs":[0.0,-2.98654]},"Q2o":{"weight":0.0,"played":[0.9846,0.0154],"evs":[0.0,-2.92306]},"K2o":{"weight":0.0,"played":[0.9998,2.0E-4],"evs":[0.0,-2.66494]},"A2o":{"weight":0.0,"played":[0.9037,0.0963],"evs":[0.0,-2.05651]},"32s":{"weight":0.0,"played":[0.9662,0.0338],"evs":[0.0,-0.9844]},"33":{"weight":0.0,"played":[0.0077,0.9923],"evs":[0.0,2.08777]},"43o":{"weight":0.0,"played":[0.9981,0.0019],"evs":[0.0,-2.17654]},"53o":{"weight":0.0,"played":[0.9865,0.0135],"evs":[0.0,-1.74103]},"63o":{"weight":0.0,"played":[0.999,0.001],"evs":[0.0,-2.97423]},"73o":{"weight":0.0,"played":[0.9996,4.0E-4],"evs":[0.0,-2.33858]},"83o":{"weight":0.0,"played":[1.0,0.0],"evs":[0.0,-3.22724]},"93o":{"weight":0.0,"played":[0.9997,3.0E-4],"evs":[0.0,-2.97154]},"T3o":{"weight":0.0,"played":[0.9997,3.0E-4],"evs":[0.0,-1.37698]},"J3o":{"weight":0.0,"played":[0.9978,0.0022],"evs":[0.0,-2.02509]},"Q3o":{"weight":0.0,"played":[0.998,0.002],"evs":[0.0,-1.68091]},"K3o":{"weight":0.0,"played":[0.9988,0.0012],"evs":[0.0,-2.32412]},"A3o":{"weight":0.0,"played":[0.9635,0.0365],"evs":[0.0,-1.57682]},"42s":{"weight":0.0,"played":[0.5395,0.4605],"evs":[0.0,-0.60207]},"43s":{"weight":0.0,"played":[0.7947,0.2053],"evs":[0.0,-1.85521]},"44":{"weight":0.9913,"played":[0.0391,0.9609],"evs":[0.0,0.78763]},"54o":{"weight":0.0,"played":[0.9279,0.0721],"evs":[0.0,-0.60905]},"64o":{"weight":0.0,"played":[0.9399,0.0601],"evs":[0.0,-0.97598]},"74o":{"weight":0.0,"played":[0.9938,0.0062],"evs":[0.0,-1.93875]},"84o":{"weight":0.0,"played":[0.9991,9.0E-4],"evs":[0.0,-1.91743]},"94o":{"weight":0.0,"played":[0.9968,0.0032],"evs":[0.0,-3.47653]},"T4o":{"weight":0.0,"played":[0.9996,4.0E-4],"evs":[0.0,-1.9645]},"J4o":{"weight":0.0,"played":[0.9572,0.0428],"evs":[0.0,-0.79907]},"Q4o":{"weight":0.0,"played":[0.9973,0.0027],"evs":[0.0,-1.36798]},"K4o":{"weight":0.0,"played":[0.983,0.017],"evs":[0.0,-0.819]},"A4o":{"weight":0.0,"played":[0.875,0.125],"evs":[0.0,-1.56488]},"52s":{"weight":0.0,"played":[0.9672,0.0328],"evs":[0.0,-0.98948]},"53s":{"weight":0.0,"played":[0.5401,0.4599],"evs":[0.0,-0.06352]},"54s":{"weight":0.0,"played":[0.1085,0.8915],"evs":[0.0,0.91631]},"55":{"weight":0.9939,"played":[1.0E-4,0.9999],"evs":[0.0,2.09783]},"65o":{"weight":0.0,"played":[0.2078,0.7922],"evs":[0.0,-0.18857]},"75o":{"weight":0.0,"played":[0.7699,0.2301],"evs":[0.0,-1.00356]},"85o":{"weight":0.0,"played":[0.8749,0.1251],"evs":[0.0,-0.99288]},"95o":{"weight":0.0,"played":[0.9995,5.0E-4],"evs":[0.0,-2.25795]},"T5o":{"weight":0.0,"played":[0.9997,3.0E-4],"evs":[0.0,-1.96319]},"J5o":{"weight":0.0,"played":[0.9981,0.0019],"evs":[0.0,-1.4671]},"Q5o":{"weight":0.0,"played":[0.9999,1.0E-4],"evs":[0.0,-0.61976]},"K5o":{"weight":0.0,"played":[0.9956,0.0044],"evs":[0.0,-1.16615]},"A5o":{"weight":0.0,"played":[0.8268,0.1732],"evs":[0.0,-1.75325]},"62s":{"weight":0.0,"played":[0.9831,0.0169],"evs":[0.0,-1.8364]},"63s":{"weight":0.0,"played":[0.6738,0.3262],"evs":[0.0,-1.49168]},"64s":{"weight":0.0,"played":[0.4102,0.5898],"evs":[0.0,0.34103]},"65s":{"weight":0.077,"played":[2.0E-4,0.9998],"evs":[0.0,1.28081]},"66":{"weight":0.0085,"played":[0.0055,0.9945],"evs":[0.0,3.41587]},"76o":{"weight":0.0,"played":[0.5896,0.4104],"evs":[0.0,0.24792]},"86o":{"weight":0.0,"played":[0.9543,0.0457],"evs":[0.0,-0.78318]},"96o":{"weight":0.0,"played":[0.9986,0.0014],"evs":[0.0,-1.60435]},"T6o":{"weight":0.0,"played":[0.9995,5.0E-4],"evs":[0.0,-1.3378]},"J6o":{"weight":0.0,"played":[0.9735,0.0265],"evs":[0.0,-1.58225]},"Q6o":{"weight":0.0,"played":[0.9857,0.0143],"evs":[0.0,-0.96829]},"K6o":{"weight":0.0,"played":[0.9951,0.0049],"evs":[0.0,-1.4791]},"A6o":{"weight":0.0,"played":[0.3654,0.6346],"evs":[0.0,-0.21647]},"72s":{"weight":0.0,"played":[0.9886,0.0114],"evs":[0.0,-2.45984]},"73s":{"weight":0.0,"played":[0.7584,0.2416],"evs":[0.0,-0.16804]},"74s":{"weight":0.0,"played":[0.5471,0.4529],"evs":[0.0,0.15439]},"75s":{"weight":0.0,"played":[0.6755,0.3245],"evs":[0.0,-0.2202]},"76s":{"weight":0.0059,"played":[0.6643,0.3357],"evs":[0.0,0.85015]},"77":{"weight":1.0E-4,"played":[0.0176,0.9824],"evs":[0.0,2.70561]},"87o":{"weight":0.0,"played":[0.5876,0.4124],"evs":[0.0,0.17424]},"97o":{"weight":0.0,"played":[0.6068,0.3932],"evs":[0.0,-0.37526]},"T7o":{"weight":0.0,"played":[0.8182,0.1818],"evs":[0.0,-1.45843]},"J7o":{"weight":0.0,"played":[0.9913,0.0087],"evs":[0.0,-1.37996]},"Q7o":{"weight":0.0,"played":[0.9956,0.0044],"evs":[0.0,-0.76907]},"K7o":{"weight":0.0,"played":[0.9752,0.0248],"evs":[0.0,-1.61219]},"A7o":{"weight":0.0,"played":[0.9885,0.0115],"evs":[0.0,-0.5708]},"82s":{"weight":0.0,"played":[0.7829,0.2171],"evs":[0.0,-1.6379]},"83s":{"weight":0.0,"played":[0.851,0.149],"evs":[0.0,-0.90292]},"84s":{"weight":0.0,"played":[0.9994,6.0E-4],"evs":[0.0,-1.44036]},"85s":{"weight":0.0,"played":[0.4141,0.5859],"evs":[0.0,0.26763]},"86s":{"weight":0.0,"played":[0.2183,0.7817],"evs":[0.0,1.49276]},"87s":{"weight":0.2872,"played":[0.7096,0.2904],"evs":[0.0,0.81189]},"88":{"weight":0.0,"played":[1.0E-4,0.9999],"evs":[0.0,5.90172]},"98o":{"weight":0.0,"played":[0.5582,0.4418],"evs":[0.0,-0.72234]},"T8o":{"weight":0.0,"played":[0.8042,0.1958],"evs":[0.0,0.45762]},"J8o":{"weight":0.0,"played":[0.9282,0.0718],"evs":[0.0,-1.02771]},"Q8o":{"weight":0.0,"played":[0.974,0.026],"evs":[0.0,-1.06616]},"K8o":{"weight":0.0,"played":[0.7879,0.2121],"evs":[0.0,0.52465]},"A8o":{"weight":0.0,"played":[0.7621,0.2379],"evs":[0.0,-0.56182]},"92s":{"weight":0.0,"played":[0.8992,0.1008],"evs":[0.0,-0.6819]},"93s":{"weight":0.0,"played":[0.4015,0.5985],"evs":[0.0,1.18994]},"94s":{"weight":0.0,"played":[0.6314,0.3686],"evs":[0.0,-1.11256]},"95s":{"weight":0.0,"played":[0.4339,0.5661],"evs":[0.0,-0.09915]},"96s":{"weight":0.0,"played":[0.0555,0.9445],"evs":[0.0,0.89828]},"97s":{"weight":1.0E-4,"played":[0.5998,0.4002],"evs":[0.0,0.45487]},"98s":{"weight":0.0,"played":[0.0075,0.9925],"evs":[0.0,1.01471]},"99":{"weight":0.0,"played":[0.0,1.0],"evs":[0.0,6.27731]},"T9o":{"weight":0.0,"played":[0.9772,0.0228],"evs":[0.0,-0.34581]},"J9o":{"weight":0.0,"played":[0.9573,0.0427],"evs":[0.0,-0.83827]},"Q9o":{"weight":0.0,"played":[0.3565,0.6435],"evs":[0.0,0.14376]},"K9o":{"weight":0.0,"played":[0.8817,0.1183],"evs":[0.0,-0.62245]},"A9o":{"weight":0.0,"played":[0.0089,0.9911],"evs":[0.0,1.49]},"T2s":{"weight":0.0,"played":[0.8824,0.1176],"evs":[0.0,-0.29944]},"T3s":{"weight":0.0,"played":[0.7698,0.2302],"evs":[0.0,0.17335]},"T4s":{"weight":0.0,"played":[0.1333,0.8667],"evs":[0.0,-0.05692]},"T5s":{"weight":0.0,"played":[0.9857,0.0143],"evs":[0.0,-1.21496]},"T6s":{"weight":0.0,"played":[0.4581,0.5419],"evs":[0.0,-0.18719]},"T7s":{"weight":0.0,"played":[0.5307,0.4693],"evs":[0.0,0.52982]},"T8s":{"weight":0.0,"played":[3.0E-4,0.9997],"evs":[0.0,3.06252]},"T9s":{"weight":0.7866,"played":[0.0136,0.9864],"evs":[0.0,0.85577]},"TT":{"weight":0.0,"played":[1.0E-4,0.9999],"evs":[0.0,6.84346]},"JTo":{"weight":0.0,"played":[0.4655,0.5345],"evs":[0.0,-0.61668]},"QTo":{"weight":0.0,"played":[0.0298,0.9702],"evs":[0.0,1.39779]},"KTo":{"weight":0.0,"played":[0.3193,0.6807],"evs":[0.0,-0.24601]},"ATo":{"weight":0.0077,"played":[0.1229,0.8771],"evs":[0.0,1.41372]},"J2s":{"weight":0.0,"played":[0.7356,0.2644],"evs":[0.0,-0.5799]},"J3s":{"weight":0.0,"played":[0.9862,0.0138],"evs":[0.0,-0.13068]},"J4s":{"weight":0.0,"played":[0.9144,0.0856],"evs":[0.0,-0.59719]},"J5s":{"weight":0.0,"played":[0.2251,0.7749],"evs":[0.0,0.44479]},"J6s":{"weight":0.0,"played":[0.8579,0.1421],"evs":[0.0,-0.73572]},"J7s":{"weight":0.0,"played":[0.1181,0.8819],"evs":[0.0,2.34456]},"J8s":{"weight":0.0,"played":[0.0914,0.9086],"evs":[0.0,2.05518]},"J9s":{"weight":0.0,"played":[0.014,0.986],"evs":[0.0,1.32413]},"JTs":{"weight":0.746,"played":[0.0,1.0],"evs":[0.0,2.94172]},"JJ":{"weight":0.0,"played":[1.0E-4,0.9999],"evs":[0.0,9.99672]},"QJo":{"weight":0.0,"played":[0.387,0.613],"evs":[0.0,-0.07323]},"KJo":{"weight":0.0,"played":[0.0237,0.9763],"evs":[0.0,1.12638]},"AJo":{"weight":6.0E-4,"played":[0.1151,0.8849],"evs":[0.0,-0.27256]},"Q2s":{"weight":0.0,"played":[0.331,0.669],"evs":[0.0,-0.40492]},"Q3s":{"weight":0.0,"played":[0.1167,0.8833],"evs":[0.0,1.54038]},"Q4s":{"weight":0.0,"played":[0.2314,0.7686],"evs":[0.0,1.70161]},"Q5s":{"weight":0.0,"played":[0.6337,0.3663],"evs":[0.0,0.32173]},"Q6s":{"weight":0.0,"played":[0.3163,0.6837],"evs":[0.0,0.19325]},"Q7s":{"weight":0.0,"played":[0.5623,0.4377],"evs":[0.0,0.05182]},"Q8s":{"weight":0.0,"played":[0.1633,0.8367],"evs":[0.0,0.60502]},"Q9s":{"weight":0.1346,"played":[0.2501,0.7499],"evs":[0.0,-0.09952]},"QTs":{"weight":0.9857,"played":[0.0011,0.9989],"evs":[0.0,2.12422]},"QJs":{"weight":0.9996,"played":[0.1847,0.8153],"evs":[0.0,0.88768]},"QQ":{"weight":4.0E-4,"played":[0.0,1.0],"evs":[0.0,10.3747]},"KQo":{"weight":0.9054,"played":[0.04,0.96],"evs":[0.0,1.76766]},"AQo":{"weight":0.0,"played":[0.0,1.0],"evs":[0.0,3.07661]},"K2s":{"weight":0.0,"played":[0.9553,0.0447],"evs":[0.0,-1.65329]},"K3s":{"weight":0.0,"played":[0.2261,0.7739],"evs":[0.0,-0.47349]},"K4s":{"weight":0.0,"played":[0.8534,0.1466],"evs":[0.0,-1.46384]},"K5s":{"weight":0.0,"played":[0.5588,0.4412],"evs":[0.0,-0.61148]},"K6s":{"weight":0.0,"played":[5.0E-4,0.9995],"evs":[0.0,1.61084]},"K7s":{"weight":6.0E-4,"played":[0.5342,0.4658],"evs":[0.0,-0.69156]},"K8s":{"weight":0.0,"played":[0.8623,0.1377],"evs":[0.0,0.02673]},"K9s":{"weight":0.9791,"played":[0.3616,0.6384],"evs":[0.0,1.14158]},"KTs":{"weight":0.9995,"played":[0.1526,0.8474],"evs":[0.0,1.73805]},"KJs":{"weight":0.9996,"played":[0.1791,0.8209],"evs":[0.0,-0.17211]},"KQs":{"weight":0.05,"played":[5.0E-4,0.9995],"evs":[0.0,2.52584]},"KK":{"weight":0.0,"played":[0.0,1.0],"evs":[0.0,14.71536]},"AKo":{"weight":0.0,"played":[3.0E-4,0.9997],"evs":[0.0,5.85768]},"A2s":{"weight":0.0,"played":[0.173,0.827],"evs":[0.0,0.58445]},"A3s":{"weight":0.0,"played":[0.6071,0.3929],"evs":[0.0,-1.07688]},"A4s":{"weight":0.0,"played":[0.6176,0.3824],"evs":[0.0,-1.07004]},"A5s":{"weight":0.6503,"played":[0.5054,0.4946],"evs":[0.0,0.10971]},"A6s":{"weight":0.0829,"played":[0.6314,0.3686],"evs":[0.0,-0.33327]},"A7s":{"weight":0.4474,"played":[0.0035,0.9965],"evs":[0.0,2.65555]},"A8s":{"weight":0.0111,"played":[0.0267,0.9733],"evs":[0.0,1.75475]},"A9s":{"weight":0.035,"played":[0.3007,0.6993],"evs":[0.0,2.12063]},"ATs":{"weight":0.004,"played":[9.0E-4,0.9991],"evs":[0.0,2.0045]},"AJs":{"weight":0.0,"played":[0.0028,0.9972],"evs":[0.0,3.90062]},"AQs":{"weight":0.0,"played":[0.0,1.0],"evs":[0.0,5.1214]},"AKs":{"weight":0.0,"played":[0.0,1.0],"evs":[0.0,7.38092]},"AA":{"weight":0.001,"played":[1.0E-4,0.9999],"evs":[0.0,15.73187]}}}