{"player":0,"street":0,"children":3,"sequence":[{"player":0,"type":"R","amount":200000,"street":0},{"player":1,"type":"C","amount":200000,"street":0},{"player":2,"type":"F","amount":0,"street":0},{"player":3,"type":"C","amount":200000,"street":0},{"player":4,"type":"R","amount":715000,"street":0},{"player":5,"type":"F","amount":0,"street":0}],"actions":[{"type":"F","amount":0,"node":405},{"type":"C","amount":515000,"node":410},{"type":"R","amount":2185000,"node":416}],"hands":{"22":{"weight":0.0,"played":[0.9004,0.0456,0.054],"evs":[0.0,-0.62902,-0.59303]},"32o":{"weight":0.0,"played":[0.9999,0.0,1.0E-4],"evs":[0.0,-4.93137,-6.85752]},"42o":{"weight":0.0,"played":[1.0,0.0,0.0],"evs":[0.0,-5.37906,-5.27328]},"52o":{"weight":0.0,"played":[1.0,0.0,0.0],"evs":[0.0,-5.01226,-5.65882]},"62o":{"weight":0.0,"played":[1.0,0.0,0.0],"evs":[0.0,-4.8936,-5.8031]},"72o":{"weight":0.0,"played":[1.0,0.0,0.0],"evs":[0.0,-4.83602,-6.22291]},"82o":{"weight":0.0,"played":[1.0,0.0,0.0],"evs":[0.0,-4.90279,-6.36236]},"92o":{"weight":0.0,"played":[0.9997,0.0,3.0E-4],"evs":[0.0,-4.91139,-6.57116]},"T2o":{"weight":0.0,"played":[1.0,0.0,0.0],"evs":[0.0,-5.07729,-6.69834]},"J2o":{"weight":0.0,"played":[1.0,0.0,0.0],"evs":[0.0,-4.90588,-6.78918]},"Q2o":{"weight":0.0,"played":[0.9999,1.0E-4,0.0],"evs":[0.0,-4.88486,-6.11011]},"K2o":{"weight":0.0,"played":[1.0,0.0,0.0],"evs":[0.0,-5.46091,-5.51466]},"A2o":{"weight":0.0,"played":[0.9999,0.0,1.0E-4],"evs":[0.0,-3.04457,-2.9693]},"32s":{"weight":0.0,"played":[0.9993,1.0E-4,6.0E-4],"evs":[0.0,-4.88367,-4.63432]},"33":{"weight":0.3456,"played":[0.7131,0.0907,0.1962],"evs":[0.0,-0.53939,-0.61782]},"43o":{"weight":0.0,"played":[1.0,0.0,0.0],"evs":[0.0,-4.99188,-5.19173]},"53o":{"weight":0.0,"played":[1.0,0.0,0.0],"evs":[0.0,-4.82202,-5.09219]},"63o":{"weight":0.0,"played":[0.9999,0.0,1.0E-4],"evs":[0.0,-4.78377,-4.83176]},"73o":{"weight":0.0,"played":[1.0,0.0,0.0],"evs":[0.0,-4.92651,-5.43524]},"83o":{"weight":0.0,"played":[1.0,0.0,0.0],"evs":[0.0,-5.05213,-5.77106]},"93o":{"weight":0.0,"played":[0.9999,0.0,0.0],"evs":[0.0,-4.85005,-6.31604]},"T3o":{"weight":0.0,"played":[0.9999,0.0,1.0E-4],"evs":[0.0,-4.87752,-6.05302]},"J3o":{"weight":0.0,"played":[1.0,0.0,0.0],"evs":[0.0,-5.0376,-6.38232]},"Q3o":{"weight":0.0,"played":[0.9999,0.0,0.0],"evs":[0.0,-5.20659,-5.4893]},"K3o":{"weight":0.0,"played":[1.0,0.0,0.0],"evs":[0.0,-4.94932,-4.82064]},"A3o":{"weight":0.0,"played":[0.9969,2.0E-4,0.0029],"evs":[0.0,-2.33423,-2.40966]},"42s":{"weight":0.0,"played":[0.9997,0.0,2.0E-4],"evs":[0.0,-4.02507,-4.06411]},"43s":{"weight":0.0,"played":[0.9986,0.0,0.0014],"evs":[0.0,-3.78606,-3.75706]},"44":{"weight":1.0,"played":[5.0E-4,0.1383,0.8612],"evs":[0.0,1.19917,1.20563]},"54o":{"weight":0.0,"played":[1.0,0.0,0.0],"evs":[0.0,-3.19128,-3.18639]},"64o":{"weight":0.0,"played":[1.0,0.0,0.0],"evs":[0.0,-3.91595,-3.98899]},"74o":{"weight":0.0,"played":[0.9997,0.0,3.0E-4],"evs":[0.0,-4.83855,-4.76778]},"84o":{"weight":0.0,"played":[0.9999,1.0E-4,0.0],"evs":[0.0,-4.90084,-5.50259]},"94o":{"weight":0.0,"played":[0.9999,0.0,0.0],"evs":[0.0,-4.86169,-5.81037]},"T4o":{"weight":0.0,"played":[1.0,0.0,0.0],"evs":[0.0,-4.79671,-5.15151]},"J4o":{"weight":0.0,"played":[0.9998,0.0,1.0E-4],"evs":[0.0,-4.96312,-6.16783]},"Q4o":{"weight":0.0,"played":[1.0,0.0,0.0],"evs":[0.0,-4.85343,-6.37682]},"K4o":{"weight":0.0,"played":[0.9999,0.0,0.0],"evs":[0.0,-4.77602,-4.87693]},"A4o":{"weight":0.0,"played":[0.989,0.0054,0.0055],"evs":[0.0,-1.85282,-1.78056]},"52s":{"weight":0.0,"played":[0.999,0.0,0.001],"evs":[0.0,-2.52661,-2.57388]},"53s":{"weight":0.0,"played":[0.9533,0.0175,0.0291],"evs":[0.0,-3.28582,-3.40809]},"54s":{"weight":0.0,"played":[0.9996,4.0E-4,0.0],"evs":[0.0,-2.03852,-1.96317]},"55":{"weight":1.0,"played":[0.0011,0.8184,0.1805],"evs":[0.0,2.75368,2.66692]},"65o":{"weight":0.0,"played":[1.0,0.0,0.0],"evs":[0.0,-2.66835,-2.67692]},"75o":{"weight":0.0,"played":[0.9998,0.0,1.0E-4],"evs":[0.0,-2.80758,-2.96196]},"85o":{"weight":0.0,"played":[0.9999,0.0,1.0E-4],"evs":[0.0,-3.80555,-3.82876]},"95o":{"weight":0.0,"played":[0.9998,2.0E-4,0.0],"evs":[0.0,-5.04997,-5.11757]},"T5o":{"weight":0.0,"played":[1.0,0.0,0.0],"evs":[0.0,-4.95697,-6.05723]},"J5o":{"weight":0.0,"played":[0.9999,0.0,0.0],"evs":[0.0,-4.91761,-5.98335]},"Q5o":{"weight":0.0,"played":[1.0,0.0,0.0],"evs":[0.0,-4.72276,-4.68073]},"K5o":{"weight":0.0,"played":[1.0,0.0,0.0],"evs":[0.0,-4.40541,-4.3256]},"A5o":{"weight":0.0,"played":[0.9813,0.0041,0.0146],"evs":[0.0,-1.32138,-1.28059]},"62s":{"weight":0.0,"played":[0.999,2.0E-4,8.0E-4],"evs":[0.0,-3.79505,-3.82663]},"63s":{"weight":0.0,"played":[0.9964,6.0E-4,0.003],"evs":[0.0,-3.11033,-2.7692]},"64s":{"weight":0.0,"played":[0.997,1.0E-4,0.0029],"evs":[0.0,-2.05484,-2.02465]},"65s":{"weight":0.0,"played":[0.75,0.0599,0.1901],"evs":[0.0,-0.2702,-0.16239]},"66":{"weight":0.9971,"played":[0.0,0.2873,0.7127],"evs":[0.0,4.9896,5.0097]},"76o":{"weight":0.0,"played":[0.9944,0.0,0.0056],"evs":[0.0,-2.22127,-2.29383]},"86o":{"weight":0.0,"played":[0.9993,4.0E-4,3.0E-4],"evs":[0.0,-2.25241,-2.35661]},"96o":{"weight":0.0,"played":[1.0,0.0,0.0],"evs":[0.0,-2.5973,-2.68447]},"T6o":{"weight":0.0,"played":[0.9999,0.0,1.0E-4],"evs":[0.0,-4.07895,-4.23345]},"J6o":{"weight":0.0,"played":[0.9998,1.0E-4,1.0E-4],"evs":[0.0,-4.71895,-4.96224]},"Q6o":{"weight":0.0,"played":[0.9995,1.0E-4,4.0E-4],"evs":[0.0,-4.29011,-4.23488]},"K6o":{"weight":0.0,"played":[0.9991,5.0E-4,5.0E-4],"evs":[0.0,-3.38549,-3.31616]},"A6o":{"weight":0.0,"played":[0.9998,0.0,2.0E-4],"evs":[0.0,-0.61082,-0.67017]},"72s":{"weight":0.0,"played":[0.9958,2.0E-4,0.004],"evs":[0.0,-3.7715,-3.94019]},"73s":{"weight":0.0,"played":[1.0,0.0,0.0],"evs":[0.0,-2.85165,-3.02137]},"74s":{"weight":0.0,"played":[0.9622,0.0064,0.0314],"evs":[0.0,-2.22483,-2.27057]},"75s":{"weight":0.0,"played":[0.986,2.0E-4,0.0138],"evs":[0.0,-0.90677,-0.82986]},"76s":{"weight":0.0,"played":[0.2751,0.2872,0.4377],"evs":[0.0,0.14875,0.12148]},"77":{"weight":0.9996,"played":[0.0,0.2388,0.7612],"evs":[0.0,6.42831,6.49947]},"87o":{"weight":0.0,"played":[0.9981,0.0016,3.0E-4],"evs":[0.0,-2.04114,-2.13862]},"97o":{"weight":0.0,"played":[1.0,0.0,0.0],"evs":[0.0,-1.63852,-1.77017]},"T7o":{"weight":0.0,"played":[0.9999,0.0,0.0],"evs":[0.0,-3.39014,-3.42193]},"J7o":{"weight":0.0,"played":[0.9999,0.0,1.0E-4],"evs":[0.0,-3.67509,-3.68217]},"Q7o":{"weight":0.0,"played":[1.0,0.0,0.0],"evs":[0.0,-4.47918,-4.60503]},"K7o":{"weight":0.0,"played":[0.9998,0.0,1.0E-4],"evs":[0.0,-2.9736,-2.99629]},"A7o":{"weight":0.999,"played":[0.8317,0.0817,0.0866],"evs":[0.0,-0.51793,-0.55502]},"82s":{"weight":0.0,"played":[1.0,0.0,0.0],"evs":[0.0,-3.91288,-3.73055]},"83s":{"weight":0.0,"played":[0.9999,0.0,1.0E-4],"evs":[0.0,-3.18583,-3.20053]},"84s":{"weight":0.0,"played":[0.9809,0.0043,0.0148],"evs":[0.0,-2.45083,-2.51912]},"85s":{"weight":0.0,"played":[0.9998,0.0,2.0E-4],"evs":[0.0,-1.79578,-1.58826]},"86s":{"weight":0.0,"played":[0.9974,3.0E-4,0.0023],"evs":[0.0,-1.33688,-1.33804]},"87s":{"weight":0.0,"played":[0.9295,0.0065,0.064],"evs":[0.0,-1.08919,-1.15664]},"88":{"weight":1.0,"played":[0.0,0.236,0.764],"evs":[0.0,7.03281,7.00701]},"98o":{"weight":0.0,"played":[0.9974,0.0024,2.0E-4],"evs":[0.0,-2.79482,-2.90694]},"T8o":{"weight":0.0,"played":[1.0,0.0,0.0],"evs":[0.0,-2.08411,-2.15108]},"J8o":{"weight":0.0,"played":[0.9997,2.0E-4,1.0E-4],"evs":[0.0,-3.14739,-3.22781]},"Q8o":{"weight":0.0,"played":[0.9997,0.0,3.0E-4],"evs":[0.0,-2.99092,-3.07466]},"K8o":{"weight":0.0,"played":[0.9996,1.0E-4,3.0E-4],"evs":[0.0,-2.67236,-2.63243]},"A8o":{"weight":1.0,"played":[0.032,0.4241,0.5439],"evs":[0.0,0.38874,0.42449]},"92s":{"weight":0.0,"played":[1.0,0.0,0.0],"evs":[0.0,-2.94125,-2.93789]},"93s":{"weight":0.0,"played":[0.9999,0.0,1.0E-4],"evs":[0.0,-3.69281,-3.69205]},"94s":{"weight":0.0,"played":[1.0,0.0,0.0],"evs":[0.0,-3.75523,-3.71755]},"95s":{"weight":0.0,"played":[0.9992,5.0E-4,3.0E-4],"evs":[0.0,-1.08335,-1.20418]},"96s":{"weight":0.0,"played":[0.4357,0.3187,0.2456],"evs":[0.0,-0.77179,-0.82427]},"97s":{"weight":0.0,"played":[0.7939,0.0654,0.1406],"evs":[0.0,-0.83432,-0.8834]},"98s":{"weight":0.9994,"played":[0.0216,0.2523,0.726],"evs":[0.0,0.73078,0.66236]},"99":{"weight":1.0,"played":[0.0,0.5325,0.4675],"evs":[0.0,8.14865,8.23215]},"T9o":{"weight":0.0,"played":[0.9997,0.0,3.0E-4],"evs":[0.0,-1.57369,-1.65096]},"J9o":{"weight":0.0,"played":[0.9994,0.0,6.0E-4],"evs":[0.0,-3.17114,-3.22125]},"Q9o":{"weight":0.0,"played":[1.0,0.0,0.0],"evs":[0.0,-2.33886,-2.53258]},"K9o":{"weight":0.0,"played":[0.9993,0.0,7.0E-4],"evs":[0.0,-1.58608,-1.44835]},"A9o":{"weight":1.0,"played":[0.0585,0.1935,0.748],"evs":[0.0,0.75728,0.82903]},"T2s":{"weight":0.0,"played":[0.9956,0.0026,0.0018],"evs":[0.0,-4.49842,-4.25564]},"T3s":{"weight":0.0,"played":[1.0,0.0,0.0],"evs":[0.0,-3.40394,-3.45954]},"T4s":{"weight":0.0,"played":[0.998,0.0,0.002],"evs":[0.0,-3.487,-3.31111]},"T5s":{"weight":0.0,"played":[0.9557,0.0153,0.029],"evs":[0.0,-3.07806,-3.06238]},"T6s":{"weight":0.0,"played":[0.9992,0.0,7.0E-4],"evs":[0.0,-2.54956,-2.49225]},"T7s":{"weight":0.0,"played":[0.8361,0.0551,0.1088],"evs":[0.0,-2.07398,-2.27884]},"T8s":{"weight":0.9977,"played":[0.2756,0.1241,0.6004],"evs":[0.0,0.55386,0.58939]},"T9s":{"weight":1.0,"played":[0.0267,0.8198,0.1535],"evs":[0.0,0.66891,0.51801]},"TT":{"weight":1.0,"played":[0.0,0.0565,0.9435],"evs":[0.0,10.99239,11.01072]},"JTo":{"weight":0.2511,"played":[1.0,0.0,0.0],"evs":[0.0,-1.74913,-1.88693]},"QTo":{"weight":0.9999,"played":[0.9995,3.0E-4,2.0E-4],"evs":[0.0,-1.69241,-1.84991]},"KTo":{"weight":1.0,"played":[0.9999,1.0E-4,0.0],"evs":[0.0,-1.51215,-1.47844]},"ATo":{"weight":1.0,"played":[0.0,0.0025,0.9975],"evs":[0.0,2.39546,2.44662]},"J2s":{"weight":0.0,"played":[0.9968,1.0E-4,0.0031],"evs":[0.0,-4.27806,-4.26025]},"J3s":{"weight":0.0,"played":[0.9999,0.0,1.0E-4],"evs":[0.0,-3.37554,-3.36605]},"J4s":{"weight":0.0,"played":[0.9998,0.0,2.0E-4],"evs":[0.0,-4.27867,-4.09269]},"J5s":{"weight":0.0,"played":[0.9968,0.002,0.0012],"evs":[0.0,-4.21737,-4.3747]},"J6s":{"weight":0.0,"played":[0.9958,0.0,0.0041],"evs":[0.0,-2.36439,-2.55357]},"J7s":{"weight":0.0,"played":[0.9723,0.0043,0.0235],"evs":[0.0,-1.5627,-1.61971]},"J8s":{"weight":0.0,"played":[0.7361,0.0984,0.1656],"evs":[0.0,-0.56778,-0.52175]},"J9s":{"weight":1.0,"played":[0.2362,0.2752,0.4886],"evs":[0.0,0.00544,-0.01873]},"JTs":{"weight":0.9999,"played":[0.1488,0.2375,0.6136],"evs":[0.0,0.79746,0.88729]},"JJ":{"weight":1.0,"played":[0.0,0.5176,0.4824],"evs":[0.0,13.26544,13.33751]},"QJo":{"weight":1.0,"played":[0.9996,0.0,4.0E-4],"evs":[0.0,-1.5062,-1.5408]},"KJo":{"weight":1.0,"played":[0.5297,0.1006,0.3697],"evs":[0.0,-0.29256,-0.14274]},"AJo":{"weight":0.9974,"played":[0.0,0.0123,0.9877],"evs":[0.0,5.41808,5.50455]},"Q2s":{"weight":0.0,"played":[0.9993,4.0E-4,3.0E-4],"evs":[0.0,-4.86078,-5.0232]},"Q3s":{"weight":0.0,"played":[0.9949,0.0024,0.0027],"evs":[0.0,-3.635,-3.37699]},"Q4s":{"weight":0.0,"played":[0.9994,1.0E-4,5.0E-4],"evs":[0.0,-2.86176,-3.04404]},"Q5s":{"weight":0.0,"played":[0.9998,0.0,2.0E-4],"evs":[0.0,-1.70405,-1.55987]},"Q6s":{"weight":0.0,"played":[0.9951,0.0012,0.0037],"evs":[0.0,-1.04264,-1.12897]},"Q7s":{"weight":0.0,"played":[0.999,2.0E-4,8.0E-4],"evs":[0.0,-1.38707,-1.32016]},"Q8s":{"weight":0.7977,"played":[0.9878,0.0037,0.0085],"evs":[0.0,-0.71409,-0.82614]},"Q9s":{"weight":1.0,"played":[0.5785,0.296,0.1255],"evs":[0.0,-0.2122,-0.41101]},"QTs":{"weight":1.0,"played":[0.2988,0.3805,0.3207],"evs":[0.0,0.36502,0.23693]},"QJs":{"weight":1.0,"played":[0.0409,0.8685,0.0906],"evs":[0.0,0.9517,0.82956]},"QQ":{"weight":1.0,"played":[0.0,0.0015,0.9985],"evs":[0.0,14.89322,15.14763]},"KQo":{"weight":0.9992,"played":[0.0,0.2966,0.7034],"evs":[0.0,1.63903,1.81181]},"AQo":{"weight":0.9994,"played":[0.0,0.3957,0.6043],"evs":[0.0,6.66861,6.73976]},"K2s":{"weight":0.0,"played":[0.9976,0.0,0.0024],"evs":[0.0,-2.43244,-2.39574]},"K3s":{"weight":0.0,"played":[0.9941,2.0E-4,0.0057],"evs":[0.0,-3.22319,-3.17578]},"K4s":{"weight":0.0,"played":[0.9994,1.0E-4,6.0E-4],"evs":[0.0,-2.24893,-1.8473]},"K5s":{"weight":0.0,"played":[0.9716,0.0263,0.0022],"evs":[0.0,-1.88732,-1.82675]},"K6s":{"weight":0.0,"played":[0.2321,0.3585,0.4093],"evs":[0.0,0.05297,0.19363]},"K7s":{"weight":0.735,"played":[0.3685,0.3849,0.2466],"evs":[0.0,-0.57975,-0.6503]},"K8s":{"weight":1.0,"played":[0.3974,0.2766,0.326],"evs":[0.0,-0.7916,-0.63829]},"K9s":{"weight":1.0,"played":[0.8725,0.1094,0.0181],"evs":[0.0,-0.729,-0.65672]},"KTs":{"weight":0.9992,"played":[1.0E-4,0.0487,0.9513],"evs":[0.0,0.82514,1.02885]},"KJs":{"weight":1.0,"played":[0.0048,0.098,0.8972],"evs":[0.0,2.33177,2.64024]},"KQs":{"weight":0.9999,"played":[0.0071,0.4733,0.5196],"evs":[0.0,4.32601,4.40668]},"KK":{"weight":1.0,"played":[0.0,0.3354,0.6646],"evs":[0.0,19.86695,20.19514]},"AKo":{"weight":1.0,"played":[0.0,0.0023,0.9977],"evs":[0.0,7.44109,7.56984]},"A2s":{"weight":1.0,"played":[0.1772,0.2888,0.534],"evs":[0.0,0.74365,0.80541]},"A3s":{"weight":1.0,"played":[0.001,0.0356,0.9634],"evs":[0.0,0.78609,0.95508]},"A4s":{"weight":1.0,"played":[0.0087,0.0095,0.9818],"evs":[0.0,1.26884,1.40621]},"A5s":{"weight":1.0,"played":[0.0191,0.5704,0.4105],"evs":[0.0,1.69685,1.75594]},"A6s":{"weight":1.0,"played":[7.0E-4,0.2168,0.7825],"evs":[0.0,1.61386,1.67913]},"A7s":{"weight":1.0,"played":[9.0E-4,0.3556,0.6435],"evs":[0.0,2.61457,2.72464]},"A8s":{"weight":1.0,"played":[0.0028,0.4052,0.592],"evs":[0.0,3.07638,3.12451]},"A9s":{"weight":1.0,"played":[1.0E-4,0.0197,0.9803],"evs":[0.0,2.62932,2.73124]},"ATs":{"weight":1.0,"played":[0.0,0.2355,0.7645],"evs":[0.0,5.51474,5.60731]},"AJs":{"weight":1.0,"played":[0.0,0.5542,0.4458],"evs":[0.0,7.97484,8.0849]},"AQs":{"weight":1.0,"played":[0.0,0.1104,0.8896],"evs":[0.0,8.63201,8.85007]},"AKs":{"weight":1.0,"played":[0.0,0.2464,0.7536],"evs":[0.0,10.6514,10.63769]},"AA":{"weight":1.0,"played":[0.0,0.1404,0.8596],"evs":[0.0,25.74171,26.00405]}}}