{"player":3,"street":0,"children":2,"sequence":[{"player":0,"type":"R","amount":200000,"street":0},{"player":1,"type":"C","amount":200000,"street":0},{"player":2,"type":"F","amount":0,"street":0},{"player":3,"type":"C","amount":200000,"street":0},{"player":4,"type":"R","amount":715000,"street":0},{"player":5,"type":"F","amount":0,"street":0},{"player":0,"type":"F","amount":0,"street":0},{"player":1,"type":"R","amount":1215000,"street":0}],"actions":[{"type":"F","amount":0},{"type":"C","amount":1015000}],"hands":{"22":{"weight":0.0,"played":[6.0E-4,0.9994],"evs":[0.0,2.12711]},"32o":{"weight":0.0,"played":[1.0,0.0],"evs":[0.0,-1.87667]},"42o":{"weight":0.0,"played":[1.0,0.0],"evs":[0.0,-1.60222]},"52o":{"weight":0.0,"played":[1.0,0.0],"evs":[0.0,-1.59563]},"62o":{"weight":0.0,"played":[0.9999,1.0E-4],"evs":[0.0,-1.64472]},"72o":{"weight":0.0,"played":[1.0,0.0],"evs":[0.0,-1.95049]},"82o":{"weight":0.0,"played":[1.0,0.0],"evs":[0.0,-2.05011]},"92o":{"weight":0.0,"played":[1.0,0.0],"evs":[0.0,-1.65414]},"T2o":{"weight":0.0,"played":[1.0,0.0],"evs":[0.0,-2.21729]},"J2o":{"weight":0.0,"played":[0.9993,7.0E-4],"evs":[0.0,-2.08787]},"Q2o":{"weight":0.0,"played":[0.9992,8.0E-4],"evs":[0.0,-1.63158]},"K2o":{"weight":0.0,"played":[0.9935,0.0065],"evs":[0.0,-1.1424]},"A2o":{"weight":0.0,"played":[0.9957,0.0043],"evs":[0.0,-0.29575]},"32s":{"weight":0.0,"played":[0.9597,0.0403],"evs":[0.0,-0.70264]},"33":{"weight":0.0,"played":[2.0E-4,0.9998],"evs":[0.0,1.54102]},"43o":{"weight":0.0,"played":[0.9999,1.0E-4],"evs":[0.0,-1.08043]},"53o":{"weight":0.0,"played":[0.9999,1.0E-4],"evs":[0.0,-1.0285]},"63o":{"weight":0.0,"played":[1.0,0.0],"evs":[0.0,-1.3779]},"73o":{"weight":0.0,"played":[0.9993,7.0E-4],"evs":[0.0,-1.55256]},"83o":{"weight":0.0,"played":[0.9994,6.0E-4],"evs":[0.0,-1.95779]},"93o":{"weight":0.0,"played":[1.0,0.0],"evs":[0.0,-1.75276]},"T3o":{"weight":0.0,"played":[1.0,0.0],"evs":[0.0,-2.2953]},"J3o":{"weight":0.0,"played":[1.0,0.0],"evs":[0.0,-2.31139]},"Q3o":{"weight":0.0,"played":[0.9998,2.0E-4],"evs":[0.0,-1.33549]},"K3o":{"weight":0.0,"played":[0.9939,0.0061],"evs":[0.0,-0.89647]},"A3o":{"weight":0.0,"played":[0.7039,0.2961],"evs":[0.0,-0.02725]},"42s":{"weight":0.0,"played":[0.9168,0.0832],"evs":[0.0,-0.9156]},"43s":{"weight":0.0,"played":[0.8376,0.1624],"evs":[0.0,-0.19803]},"44":{"weight":0.9913,"played":[0.0,1.0],"evs":[0.0,2.10372]},"54o":{"weight":0.0,"played":[0.9896,0.0104],"evs":[0.0,-0.29272]},"64o":{"weight":0.0,"played":[0.9972,0.0028],"evs":[0.0,-0.7706]},"74o":{"weight":0.0,"played":[0.9976,0.0024],"evs":[0.0,-0.75227]},"84o":{"weight":0.0,"played":[1.0,0.0],"evs":[0.0,-1.29538]},"94o":{"weight":0.0,"played":[1.0,0.0],"evs":[0.0,-1.70917]},"T4o":{"weight":0.0,"played":[1.0,0.0],"evs":[0.0,-2.18705]},"J4o":{"weight":0.0,"played":[0.9994,6.0E-4],"evs":[0.0,-1.97381]},"Q4o":{"weight":0.0,"played":[0.9999,1.0E-4],"evs":[0.0,-1.53185]},"K4o":{"weight":0.0,"played":[0.9871,0.0129],"evs":[0.0,-1.1565]},"A4o":{"weight":0.0,"played":[0.178,0.822],"evs":[0.0,0.26179]},"52s":{"weight":0.0,"played":[0.8282,0.1718],"evs":[0.0,-0.43197]},"53s":{"weight":0.0,"played":[0.1445,0.8555],"evs":[0.0,0.24836]},"54s":{"weight":0.0,"played":[0.0046,0.9954],"evs":[0.0,1.1094]},"55":{"weight":0.9939,"played":[0.0,1.0],"evs":[0.0,3.52681]},"65o":{"weight":0.0,"played":[0.2981,0.7019],"evs":[0.0,0.1737]},"75o":{"weight":0.0,"played":[0.6197,0.3803],"evs":[0.0,-0.37185]},"85o":{"weight":0.0,"played":[1.0,0.0],"evs":[0.0,-0.3455]},"95o":{"weight":0.0,"played":[1.0,0.0],"evs":[0.0,-0.89837]},"T5o":{"weight":0.0,"played":[0.9997,3.0E-4],"evs":[0.0,-1.42808]},"J5o":{"weight":0.0,"played":[1.0,0.0],"evs":[0.0,-1.86184]},"Q5o":{"weight":0.0,"played":[0.9906,0.0094],"evs":[0.0,-1.0209]},"K5o":{"weight":0.0,"played":[0.9929,0.0071],"evs":[0.0,-0.7599]},"A5o":{"weight":0.0,"played":[1.0E-4,0.9999],"evs":[0.0,0.84616]},"62s":{"weight":0.0,"played":[0.8781,0.1219],"evs":[0.0,-0.26773]},"63s":{"weight":0.0,"played":[0.2565,0.7435],"evs":[0.0,0.11084]},"64s":{"weight":0.0,"played":[0.0017,0.9983],"evs":[0.0,0.98178]},"65s":{"weight":0.077,"played":[0.0053,0.9947],"evs":[0.0,1.82816]},"66":{"weight":0.0085,"played":[0.0,1.0],"evs":[0.0,4.72793]},"76o":{"weight":0.0,"played":[0.244,0.756],"evs":[0.0,0.26386]},"86o":{"weight":0.0,"played":[0.2063,0.7937],"evs":[0.0,0.21617]},"96o":{"weight":0.0,"played":[0.9805,0.0195],"evs":[0.0,-0.25766]},"T6o":{"weight":0.0,"played":[0.9953,0.0047],"evs":[0.0,-0.99907]},"J6o":{"weight":0.0,"played":[1.0,0.0],"evs":[0.0,-1.6993]},"Q6o":{"weight":0.0,"played":[0.983,0.017],"evs":[0.0,-1.35471]},"K6o":{"weight":0.0,"played":[0.8095,0.1905],"evs":[0.0,-0.33556]},"A6o":{"weight":0.0,"played":[1.0E-4,0.9999],"evs":[0.0,0.89783]},"72s":{"weight":0.0,"played":[0.9596,0.0404],"evs":[0.0,-1.23739]},"73s":{"weight":0.0,"played":[0.8824,0.1176],"evs":[0.0,-0.34567]},"74s":{"weight":0.0,"played":[0.5594,0.4406],"evs":[0.0,-0.06904]},"75s":{"weight":0.0,"played":[0.0097,0.9903],"evs":[0.0,1.0943]},"76s":{"weight":0.0059,"played":[0.0083,0.9917],"evs":[0.0,1.47271]},"77":{"weight":1.0E-4,"played":[0.0,1.0],"evs":[0.0,5.32603]},"87o":{"weight":0.0,"played":[0.0167,0.9833],"evs":[0.0,0.41354]},"97o":{"weight":0.0,"played":[0.6749,0.3251],"evs":[0.0,-0.09801]},"T7o":{"weight":0.0,"played":[0.9973,0.0027],"evs":[0.0,-0.68329]},"J7o":{"weight":0.0,"played":[0.998,0.002],"evs":[0.0,-0.65095]},"Q7o":{"weight":0.0,"played":[0.9835,0.0165],"evs":[0.0,-0.38771]},"K7o":{"weight":0.0,"played":[0.9632,0.0368],"evs":[0.0,-0.12598]},"A7o":{"weight":0.0,"played":[0.0013,0.9987],"evs":[0.0,1.06852]},"82s":{"weight":0.0,"played":[0.7025,0.2975],"evs":[0.0,-0.57967]},"83s":{"weight":0.0,"played":[0.997,0.003],"evs":[0.0,-0.8638]},"84s":{"weight":0.0,"played":[0.6366,0.3634],"evs":[0.0,0.20747]},"85s":{"weight":0.0,"played":[0.0053,0.9947],"evs":[0.0,0.97824]},"86s":{"weight":0.0,"played":[0.0053,0.9947],"evs":[0.0,1.15524]},"87s":{"weight":0.2872,"played":[0.0,1.0],"evs":[0.0,1.40884]},"88":{"weight":0.0,"played":[0.0,1.0],"evs":[0.0,6.32857]},"98o":{"weight":0.0,"played":[0.0586,0.9414],"evs":[0.0,0.37118]},"T8o":{"weight":0.0,"played":[0.1852,0.8148],"evs":[0.0,-0.06202]},"J8o":{"weight":0.0,"played":[0.9996,4.0E-4],"evs":[0.0,-0.44294]},"Q8o":{"weight":0.0,"played":[0.9978,0.0022],"evs":[0.0,-0.5252]},"K8o":{"weight":0.0,"played":[0.0012,0.9988],"evs":[0.0,0.29441]},"A8o":{"weight":0.0,"played":[0.0,1.0],"evs":[0.0,1.35021]},"92s":{"weight":0.0,"played":[0.9462,0.0538],"evs":[0.0,-0.58349]},"93s":{"weight":0.0,"played":[0.9796,0.0204],"evs":[0.0,-0.35734]},"94s":{"weight":0.0,"played":[0.999,0.001],"evs":[0.0,-1.3727]},"95s":{"weight":0.0,"played":[0.6145,0.3855],"evs":[0.0,0.17804]},"96s":{"weight":0.0,"played":[9.0E-4,0.9991],"evs":[0.0,1.01578]},"97s":{"weight":1.0E-4,"played":[0.0036,0.9964],"evs":[0.0,1.33241]},"98s":{"weight":0.0,"played":[4.0E-4,0.9996],"evs":[0.0,2.04896]},"99":{"weight":0.0,"played":[0.0,1.0],"evs":[0.0,6.87602]},"T9o":{"weight":0.0,"played":[0.1836,0.8164],"evs":[0.0,0.20496]},"J9o":{"weight":0.0,"played":[0.3797,0.6203],"evs":[0.0,0.1955]},"Q9o":{"weight":0.0,"played":[0.1882,0.8118],"evs":[0.0,0.11394]},"K9o":{"weight":0.0,"played":[0.0342,0.9658],"evs":[0.0,0.67954]},"A9o":{"weight":0.0,"played":[1.0E-4,0.9999],"evs":[0.0,1.62722]},"T2s":{"weight":0.0,"played":[0.9859,0.0141],"evs":[0.0,-1.86103]},"T3s":{"weight":0.0,"played":[0.9987,0.0013],"evs":[0.0,-1.16951]},"T4s":{"weight":0.0,"played":[0.9472,0.0528],"evs":[0.0,-0.61641]},"T5s":{"weight":0.0,"played":[0.9624,0.0376],"evs":[0.0,-0.89777]},"T6s":{"weight":0.0,"played":[0.0166,0.9834],"evs":[0.0,0.88115]},"T7s":{"weight":0.0,"played":[0.1718,0.8282],"evs":[0.0,0.45322]},"T8s":{"weight":0.0,"played":[0.001,0.999],"evs":[0.0,1.26951]},"T9s":{"weight":0.7866,"played":[0.0,1.0],"evs":[0.0,1.46225]},"TT":{"weight":0.0,"played":[0.0,1.0],"evs":[0.0,6.84578]},"JTo":{"weight":0.0,"played":[0.3378,0.6622],"evs":[0.0,-0.18231]},"QTo":{"weight":0.0,"played":[0.1897,0.8103],"evs":[0.0,0.07869]},"KTo":{"weight":0.0,"played":[0.0021,0.9979],"evs":[0.0,0.37544]},"ATo":{"weight":0.0077,"played":[1.0E-4,0.9999],"evs":[0.0,2.81574]},"J2s":{"weight":0.0,"played":[0.9986,0.0014],"evs":[0.0,-1.07745]},"J3s":{"weight":0.0,"played":[0.89,0.11],"evs":[0.0,-0.9316]},"J4s":{"weight":0.0,"played":[0.9107,0.0893],"evs":[0.0,-1.07295]},"J5s":{"weight":0.0,"played":[0.9222,0.0778],"evs":[0.0,-0.65899]},"J6s":{"weight":0.0,"played":[0.7168,0.2832],"evs":[0.0,-0.66854]},"J7s":{"weight":0.0,"played":[0.0198,0.9802],"evs":[0.0,0.14662]},"J8s":{"weight":0.0,"played":[1.0E-4,0.9999],"evs":[0.0,0.63577]},"J9s":{"weight":0.0,"played":[0.0095,0.9905],"evs":[0.0,1.7785]},"JTs":{"weight":0.746,"played":[0.0,1.0],"evs":[0.0,1.18255]},"JJ":{"weight":0.0,"played":[0.0,1.0],"evs":[0.0,9.8294]},"QJo":{"weight":0.0,"played":[0.0161,0.9839],"evs":[0.0,0.35211]},"KJo":{"weight":0.0,"played":[0.0,1.0],"evs":[0.0,0.92858]},"AJo":{"weight":6.0E-4,"played":[0.0,1.0],"evs":[0.0,4.61012]},"Q2s":{"weight":0.0,"played":[0.9775,0.0225],"evs":[0.0,-0.57928]},"Q3s":{"weight":0.0,"played":[0.91,0.09],"evs":[0.0,-0.05497]},"Q4s":{"weight":0.0,"played":[0.3246,0.6754],"evs":[0.0,0.33335]},"Q5s":{"weight":0.0,"played":[0.4354,0.5646],"evs":[0.0,0.28155]},"Q6s":{"weight":0.0,"played":[0.0043,0.9957],"evs":[0.0,0.14884]},"Q7s":{"weight":0.0,"played":[0.17,0.83],"evs":[0.0,0.36511]},"Q8s":{"weight":0.0,"played":[0.0024,0.9976],"evs":[0.0,0.75731]},"Q9s":{"weight":0.1346,"played":[0.0023,0.9977],"evs":[0.0,0.93381]},"QTs":{"weight":0.9857,"played":[0.0016,0.9984],"evs":[0.0,1.62931]},"QJs":{"weight":0.9996,"played":[0.0,1.0],"evs":[0.0,1.08219]},"QQ":{"weight":4.0E-4,"played":[0.0,1.0],"evs":[0.0,10.76709]},"KQo":{"weight":0.9054,"played":[0.0,1.0],"evs":[0.0,2.10841]},"AQo":{"weight":0.0,"played":[0.0,1.0],"evs":[0.0,5.31759]},"K2s":{"weight":0.0,"played":[0.3268,0.6732],"evs":[0.0,0.21982]},"K3s":{"weight":0.0,"played":[0.0305,0.9695],"evs":[0.0,0.05914]},"K4s":{"weight":0.0,"played":[8.0E-4,0.9992],"evs":[0.0,0.6122]},"K5s":{"weight":0.0,"played":[0.0134,0.9866],"evs":[0.0,0.64649]},"K6s":{"weight":0.0,"played":[0.012,0.988],"evs":[0.0,1.14432]},"K7s":{"weight":6.0E-4,"played":[0.0015,0.9985],"evs":[0.0,1.52245]},"K8s":{"weight":0.0,"played":[0.0,1.0],"evs":[0.0,1.09523]},"K9s":{"weight":0.9791,"played":[0.0,1.0],"evs":[0.0,1.91703]},"KTs":{"weight":0.9995,"played":[5.0E-4,0.9995],"evs":[0.0,2.18395]},"KJs":{"weight":0.9996,"played":[0.0,1.0],"evs":[0.0,2.24588]},"KQs":{"weight":0.05,"played":[0.0,1.0],"evs":[0.0,3.66145]},"KK":{"weight":0.0,"played":[0.0,1.0],"evs":[0.0,12.82873]},"AKo":{"weight":0.0,"played":[0.0,1.0],"evs":[0.0,6.56488]},"A2s":{"weight":0.0,"played":[3.0E-4,0.9997],"evs":[0.0,1.12267]},"A3s":{"weight":0.0,"played":[8.0E-4,0.9992],"evs":[0.0,1.42218]},"A4s":{"weight":0.0,"played":[0.0012,0.9988],"evs":[0.0,2.12727]},"A5s":{"weight":0.6503,"played":[0.0,1.0],"evs":[0.0,2.32653]},"A6s":{"weight":0.0829,"played":[1.0E-4,0.9999],"evs":[0.0,1.73967]},"A7s":{"weight":0.4474,"played":[1.0E-4,0.9999],"evs":[0.0,2.30134]},"A8s":{"weight":0.0111,"played":[0.0,1.0],"evs":[0.0,3.33831]},"A9s":{"weight":0.035,"played":[0.0,1.0],"evs":[0.0,2.84186]},"ATs":{"weight":0.004,"played":[0.0,1.0],"evs":[0.0,3.32689]},"AJs":{"weight":0.0,"played":[0.0,1.0],"evs":[0.0,5.94317]},"AQs":{"weight":0.0,"played":[0.0,1.0],"evs":[0.0,7.10825]},"AKs":{"weight":0.0,"played":[0.0,1.0],"evs":[0.0,8.68564]},"AA":{"weight":0.001,"played":[0.0,1.0],"evs":[0.0,18.0299]}}}