{"player":3,"street":0,"children":2,"sequence":[{"player":0,"type":"R","amount":200000,"street":0},{"player":1,"type":"C","amount":200000,"street":0},{"player":2,"type":"F","amount":0,"street":0},{"player":3,"type":"C","amount":200000,"street":0},{"player":4,"type":"R","amount":715000,"street":0},{"player":5,"type":"F","amount":0,"street":0},{"player":0,"type":"C","amount":515000,"street":0},{"player":1,"type":"R","amount":2185000,"street":0}],"actions":[{"type":"F","amount":0,"node":414},{"type":"C","amount":1015000,"node":415}],"hands":{"22":{"weight":0.0,"played":[0.4088,0.5912],"evs":[0.0,-0.07899]},"32o":{"weight":0.0,"played":[1.0,0.0],"evs":[0.0,-3.21288]},"42o":{"weight":0.0,"played":[1.0,0.0],"evs":[0.0,-2.69699]},"52o":{"weight":0.0,"played":[0.9999,1.0E-4],"evs":[0.0,-2.22091]},"62o":{"weight":0.0,"played":[1.0,0.0],"evs":[0.0,-3.38698]},"72o":{"weight":0.0,"played":[1.0,0.0],"evs":[0.0,-3.58556]},"82o":{"weight":0.0,"played":[0.9996,4.0E-4],"evs":[0.0,-3.54303]},"92o":{"weight":0.0,"played":[1.0,0.0],"evs":[0.0,-3.65549]},"T2o":{"weight":0.0,"played":[1.0,0.0],"evs":[0.0,-3.09185]},"J2o":{"weight":0.0,"played":[1.0,0.0],"evs":[0.0,-3.57542]},"Q2o":{"weight":0.0,"played":[0.9999,1.0E-4],"evs":[0.0,-2.886]},"K2o":{"weight":0.0,"played":[0.9981,0.0019],"evs":[0.0,-2.47126]},"A2o":{"weight":0.0,"played":[0.9997,3.0E-4],"evs":[0.0,-1.80738]},"32s":{"weight":0.0,"played":[0.994,0.006],"evs":[0.0,-1.66105]},"33":{"weight":0.0,"played":[0.0077,0.9923],"evs":[0.0,0.36992]},"43o":{"weight":0.0,"played":[1.0,0.0],"evs":[0.0,-2.21318]},"53o":{"weight":0.0,"played":[1.0,0.0],"evs":[0.0,-1.99755]},"63o":{"weight":0.0,"played":[0.9999,1.0E-4],"evs":[0.0,-2.35817]},"73o":{"weight":0.0,"played":[0.9999,1.0E-4],"evs":[0.0,-2.77978]},"83o":{"weight":0.0,"played":[0.9996,4.0E-4],"evs":[0.0,-3.09781]},"93o":{"weight":0.0,"played":[1.0,0.0],"evs":[0.0,-3.16865]},"T3o":{"weight":0.0,"played":[0.9998,2.0E-4],"evs":[0.0,-2.85669]},"J3o":{"weight":0.0,"played":[1.0,0.0],"evs":[0.0,-3.07047]},"Q3o":{"weight":0.0,"played":[1.0,0.0],"evs":[0.0,-2.59943]},"K3o":{"weight":0.0,"played":[0.9999,1.0E-4],"evs":[0.0,-2.46434]},"A3o":{"weight":0.0,"played":[1.0,0.0],"evs":[0.0,-2.03354]},"42s":{"weight":0.0,"played":[0.996,0.004],"evs":[0.0,-0.66426]},"43s":{"weight":0.0,"played":[0.977,0.023],"evs":[0.0,-0.7503]},"44":{"weight":0.9913,"played":[9.0E-4,0.9991],"evs":[0.0,0.45674]},"54o":{"weight":0.0,"played":[0.9958,0.0042],"evs":[0.0,-1.2736]},"64o":{"weight":0.0,"played":[0.9999,1.0E-4],"evs":[0.0,-1.98801]},"74o":{"weight":0.0,"played":[0.9997,3.0E-4],"evs":[0.0,-2.4879]},"84o":{"weight":0.0,"played":[1.0,0.0],"evs":[0.0,-2.98894]},"94o":{"weight":0.0,"played":[0.9999,1.0E-4],"evs":[0.0,-3.1338]},"T4o":{"weight":0.0,"played":[0.999,0.001],"evs":[0.0,-3.0657]},"J4o":{"weight":0.0,"played":[1.0,0.0],"evs":[0.0,-3.03327]},"Q4o":{"weight":0.0,"played":[1.0,0.0],"evs":[0.0,-2.65444]},"K4o":{"weight":0.0,"played":[0.9997,3.0E-4],"evs":[0.0,-2.00188]},"A4o":{"weight":0.0,"played":[0.9968,0.0032],"evs":[0.0,-2.01755]},"52s":{"weight":0.0,"played":[0.8895,0.1105],"evs":[0.0,-1.50912]},"53s":{"weight":0.0,"played":[0.3279,0.6721],"evs":[0.0,-0.05808]},"54s":{"weight":0.0,"played":[0.1259,0.8741],"evs":[0.0,0.74126]},"55":{"weight":0.9939,"played":[5.0E-4,0.9995],"evs":[0.0,1.62837]},"65o":{"weight":0.0,"played":[0.9757,0.0243],"evs":[0.0,-0.97285]},"75o":{"weight":0.0,"played":[0.9931,0.0069],"evs":[0.0,-1.28493]},"85o":{"weight":0.0,"played":[0.9995,5.0E-4],"evs":[0.0,-1.9119]},"95o":{"weight":0.0,"played":[0.9998,2.0E-4],"evs":[0.0,-2.10301]},"T5o":{"weight":0.0,"played":[1.0,0.0],"evs":[0.0,-2.75405]},"J5o":{"weight":0.0,"played":[1.0,0.0],"evs":[0.0,-2.85896]},"Q5o":{"weight":0.0,"played":[1.0,0.0],"evs":[0.0,-2.29513]},"K5o":{"weight":0.0,"played":[0.9923,0.0077],"evs":[0.0,-1.79367]},"A5o":{"weight":0.0,"played":[0.9956,0.0044],"evs":[0.0,-1.36565]},"62s":{"weight":0.0,"played":[0.9921,0.0079],"evs":[0.0,-1.50603]},"63s":{"weight":0.0,"played":[0.681,0.319],"evs":[0.0,-0.53185]},"64s":{"weight":0.0,"played":[0.0689,0.9311],"evs":[0.0,0.22223]},"65s":{"weight":0.077,"played":[0.0015,0.9985],"evs":[0.0,1.09488]},"66":{"weight":0.0085,"played":[0.0,1.0],"evs":[0.0,2.07722]},"76o":{"weight":0.0,"played":[0.8051,0.1949],"evs":[0.0,-0.8335]},"86o":{"weight":0.0,"played":[1.0,0.0],"evs":[0.0,-1.00291]},"96o":{"weight":0.0,"played":[0.9993,7.0E-4],"evs":[0.0,-1.43171]},"T6o":{"weight":0.0,"played":[0.9999,1.0E-4],"evs":[0.0,-1.92399]},"J6o":{"weight":0.0,"played":[1.0,0.0],"evs":[0.0,-2.48054]},"Q6o":{"weight":0.0,"played":[1.0,0.0],"evs":[0.0,-2.16036]},"K6o":{"weight":0.0,"played":[0.9971,0.0029],"evs":[0.0,-1.27343]},"A6o":{"weight":0.0,"played":[0.9997,3.0E-4],"evs":[0.0,-1.96227]},"72s":{"weight":0.0,"played":[0.9948,0.0052],"evs":[0.0,-1.84251]},"73s":{"weight":0.0,"played":[0.9972,0.0028],"evs":[0.0,-1.52058]},"74s":{"weight":0.0,"played":[0.8718,0.1282],"evs":[0.0,-0.27279]},"75s":{"weight":0.0,"played":[0.4997,0.5003],"evs":[0.0,0.04425]},"76s":{"weight":0.0059,"played":[0.1345,0.8655],"evs":[0.0,0.81347]},"77":{"weight":1.0E-4,"played":[0.0,1.0],"evs":[0.0,2.75836]},"87o":{"weight":0.0,"played":[0.986,0.014],"evs":[0.0,-0.98879]},"97o":{"weight":0.0,"played":[0.9716,0.0284],"evs":[0.0,-1.49207]},"T7o":{"weight":0.0,"played":[0.9999,1.0E-4],"evs":[0.0,-1.74304]},"J7o":{"weight":0.0,"played":[0.9987,0.0013],"evs":[0.0,-1.7434]},"Q7o":{"weight":0.0,"played":[1.0,0.0],"evs":[0.0,-1.80318]},"K7o":{"weight":0.0,"played":[0.9979,0.0021],"evs":[0.0,-1.10511]},"A7o":{"weight":0.0,"played":[0.9997,3.0E-4],"evs":[0.0,-1.31948]},"82s":{"weight":0.0,"played":[0.9999,1.0E-4],"evs":[0.0,-2.5179]},"83s":{"weight":0.0,"played":[0.9991,9.0E-4],"evs":[0.0,-2.12348]},"84s":{"weight":0.0,"played":[0.9616,0.0384],"evs":[0.0,-0.55335]},"85s":{"weight":0.0,"played":[0.9712,0.0288],"evs":[0.0,-0.97417]},"86s":{"weight":0.0,"played":[0.0423,0.9577],"evs":[0.0,0.83034]},"87s":{"weight":0.2872,"played":[0.0149,0.9851],"evs":[0.0,0.83858]},"88":{"weight":0.0,"played":[0.0,1.0],"evs":[0.0,4.13914]},"98o":{"weight":0.0,"played":[0.9887,0.0113],"evs":[0.0,-0.44953]},"T8o":{"weight":0.0,"played":[0.9636,0.0364],"evs":[0.0,-1.30097]},"J8o":{"weight":0.0,"played":[0.9993,7.0E-4],"evs":[0.0,-1.32584]},"Q8o":{"weight":0.0,"played":[0.9941,0.0059],"evs":[0.0,-1.47301]},"K8o":{"weight":0.0,"played":[0.9997,3.0E-4],"evs":[0.0,-1.82122]},"A8o":{"weight":0.0,"played":[0.9999,1.0E-4],"evs":[0.0,-1.36749]},"92s":{"weight":0.0,"played":[0.9976,0.0024],"evs":[0.0,-2.17336]},"93s":{"weight":0.0,"played":[0.9869,0.0131],"evs":[0.0,-1.6256]},"94s":{"weight":0.0,"played":[0.9141,0.0859],"evs":[0.0,-0.89604]},"95s":{"weight":0.0,"played":[0.9169,0.0831],"evs":[0.0,-0.59258]},"96s":{"weight":0.0,"played":[0.2125,0.7875],"evs":[0.0,0.47488]},"97s":{"weight":1.0E-4,"played":[0.0193,0.9807],"evs":[0.0,0.85328]},"98s":{"weight":0.0,"played":[0.0024,0.9976],"evs":[0.0,0.64491]},"99":{"weight":0.0,"played":[6.0E-4,0.9994],"evs":[0.0,5.37532]},"T9o":{"weight":0.0,"played":[0.6754,0.3246],"evs":[0.0,-0.05188]},"J9o":{"weight":0.0,"played":[0.8702,0.1298],"evs":[0.0,-0.68633]},"Q9o":{"weight":0.0,"played":[1.0,0.0],"evs":[0.0,-0.67761]},"K9o":{"weight":0.0,"played":[0.8663,0.1337],"evs":[0.0,-0.23543]},"A9o":{"weight":0.0,"played":[0.7765,0.2235],"evs":[0.0,0.33397]},"T2s":{"weight":0.0,"played":[0.9998,2.0E-4],"evs":[0.0,-1.48607]},"T3s":{"weight":0.0,"played":[0.9989,0.0011],"evs":[0.0,-1.34288]},"T4s":{"weight":0.0,"played":[0.9611,0.0389],"evs":[0.0,-1.368]},"T5s":{"weight":0.0,"played":[1.0,0.0],"evs":[0.0,-1.6991]},"T6s":{"weight":0.0,"played":[0.8538,0.1462],"evs":[0.0,-0.19759]},"T7s":{"weight":0.0,"played":[0.0151,0.9849],"evs":[0.0,0.25078]},"T8s":{"weight":0.0,"played":[0.004,0.996],"evs":[0.0,1.07535]},"T9s":{"weight":0.7866,"played":[0.0067,0.9933],"evs":[0.0,0.9768]},"TT":{"weight":0.0,"played":[0.0,1.0],"evs":[0.0,7.29342]},"JTo":{"weight":0.0,"played":[0.9747,0.0253],"evs":[0.0,-0.20942]},"QTo":{"weight":0.0,"played":[0.8763,0.1237],"evs":[0.0,0.01665]},"KTo":{"weight":0.0,"played":[0.0055,0.9945],"evs":[0.0,0.37287]},"ATo":{"weight":0.0077,"played":[0.001,0.999],"evs":[0.0,0.79591]},"J2s":{"weight":0.0,"played":[0.9984,0.0016],"evs":[0.0,-2.63635]},"J3s":{"weight":0.0,"played":[0.9972,0.0028],"evs":[0.0,-1.60383]},"J4s":{"weight":0.0,"played":[0.9995,5.0E-4],"evs":[0.0,-0.97206]},"J5s":{"weight":0.0,"played":[0.9983,0.0017],"evs":[0.0,-1.26284]},"J6s":{"weight":0.0,"played":[0.9642,0.0358],"evs":[0.0,-0.4147]},"J7s":{"weight":0.0,"played":[0.5208,0.4792],"evs":[0.0,0.16887]},"J8s":{"weight":0.0,"played":[0.4299,0.5701],"evs":[0.0,0.27454]},"J9s":{"weight":0.0,"played":[0.0985,0.9015],"evs":[0.0,0.78284]},"JTs":{"weight":0.746,"played":[2.0E-4,0.9998],"evs":[0.0,1.9633]},"JJ":{"weight":0.0,"played":[0.0,1.0],"evs":[0.0,9.45297]},"QJo":{"weight":0.0,"played":[0.9048,0.0952],"evs":[0.0,-0.04726]},"KJo":{"weight":0.0,"played":[0.011,0.989],"evs":[0.0,1.04417]},"AJo":{"weight":6.0E-4,"played":[0.0,1.0],"evs":[0.0,2.0065]},"Q2s":{"weight":0.0,"played":[0.9998,2.0E-4],"evs":[0.0,-0.9325]},"Q3s":{"weight":0.0,"played":[0.7223,0.2777],"evs":[0.0,-0.48173]},"Q4s":{"weight":0.0,"played":[0.9852,0.0148],"evs":[0.0,-1.05728]},"Q5s":{"weight":0.0,"played":[0.99,0.01],"evs":[0.0,-0.50512]},"Q6s":{"weight":0.0,"played":[0.6441,0.3559],"evs":[0.0,-0.15627]},"Q7s":{"weight":0.0,"played":[0.4364,0.5636],"evs":[0.0,0.48936]},"Q8s":{"weight":0.0,"played":[0.2956,0.7044],"evs":[0.0,-0.25719]},"Q9s":{"weight":0.1346,"played":[0.0145,0.9855],"evs":[0.0,1.60029]},"QTs":{"weight":0.9857,"played":[0.0013,0.9987],"evs":[0.0,1.43259]},"QJs":{"weight":0.9996,"played":[0.0,1.0],"evs":[0.0,1.27569]},"QQ":{"weight":4.0E-4,"played":[0.0,1.0],"evs":[0.0,11.55038]},"KQo":{"weight":0.9054,"played":[4.0E-4,0.9996],"evs":[0.0,1.93185]},"AQo":{"weight":0.0,"played":[0.0,1.0],"evs":[0.0,3.36349]},"K2s":{"weight":0.0,"played":[0.5939,0.4061],"evs":[0.0,-0.19369]},"K3s":{"weight":0.0,"played":[0.826,0.174],"evs":[0.0,-1.14657]},"K4s":{"weight":0.0,"played":[0.8263,0.1737],"evs":[0.0,-1.00328]},"K5s":{"weight":0.0,"played":[0.7409,0.2591],"evs":[0.0,-0.1258]},"K6s":{"weight":0.0,"played":[0.3679,0.6321],"evs":[0.0,0.2447]},"K7s":{"weight":6.0E-4,"played":[0.07,0.93],"evs":[0.0,1.33174]},"K8s":{"weight":0.0,"played":[0.4779,0.5221],"evs":[0.0,0.36851]},"K9s":{"weight":0.9791,"played":[0.0049,0.9951],"evs":[0.0,1.81981]},"KTs":{"weight":0.9995,"played":[9.0E-4,0.9991],"evs":[0.0,2.34299]},"KJs":{"weight":0.9996,"played":[0.0,1.0],"evs":[0.0,2.45132]},"KQs":{"weight":0.05,"played":[0.0,1.0],"evs":[0.0,3.49111]},"KK":{"weight":0.0,"played":[0.0,1.0],"evs":[0.0,14.24593]},"AKo":{"weight":0.0,"played":[0.0,1.0],"evs":[0.0,5.19462]},"A2s":{"weight":0.0,"played":[0.4439,0.5561],"evs":[0.0,-0.16812]},"A3s":{"weight":0.0,"played":[0.241,0.759],"evs":[0.0,0.53716]},"A4s":{"weight":0.0,"played":[0.1304,0.8696],"evs":[0.0,0.1484]},"A5s":{"weight":0.6503,"played":[0.0143,0.9857],"evs":[0.0,0.17646]},"A6s":{"weight":0.0829,"played":[0.5758,0.4242],"evs":[0.0,0.12518]},"A7s":{"weight":0.4474,"played":[0.2071,0.7929],"evs":[0.0,0.21236]},"A8s":{"weight":0.0111,"played":[0.0064,0.9936],"evs":[0.0,0.9078]},"A9s":{"weight":0.035,"played":[2.0E-4,0.9998],"evs":[0.0,1.7728]},"ATs":{"weight":0.004,"played":[3.0E-4,0.9997],"evs":[0.0,2.14615]},"AJs":{"weight":0.0,"played":[0.003,0.997],"evs":[0.0,3.14996]},"AQs":{"weight":0.0,"played":[1.0E-4,0.9999],"evs":[0.0,5.53973]},"AKs":{"weight":0.0,"played":[0.0,1.0],"evs":[0.0,6.99272]},"AA":{"weight":0.001,"played":[0.0,1.0],"evs":[0.0,18.78495]}}}