{"player":0,"street":0,"children":3,"sequence":[{"player":0,"type":"R","amount":200000,"street":0},{"player":1,"type":"C","amount":200000,"street":0},{"player":2,"type":"F","amount":0,"street":0},{"player":3,"type":"C","amount":200000,"street":0},{"player":4,"type":"R","amount":715000,"street":0},{"player":5,"type":"R","amount":815000,"street":0}],"actions":[{"type":"F","amount":0,"node":420},{"type":"C","amount":615000,"node":425},{"type":"R","amount":2185000,"node":431}],"hands":{"22":{"weight":0.0,"played":[0.4558,0.086,0.4582],"evs":[0.0,-0.55328,-0.21025]},"32o":{"weight":0.0,"played":[1.0,0.0,0.0],"evs":[0.0,-5.89876,-5.84158]},"42o":{"weight":0.0,"played":[0.9998,1.0E-4,1.0E-4],"evs":[0.0,-6.01937,-6.03729]},"52o":{"weight":0.0,"played":[1.0,0.0,0.0],"evs":[0.0,-3.39859,-3.28469]},"62o":{"weight":0.0,"played":[1.0,0.0,0.0],"evs":[0.0,-5.58661,-5.72355]},"72o":{"weight":0.0,"played":[0.9998,0.0,2.0E-4],"evs":[0.0,-6.08159,-5.88117]},"82o":{"weight":0.0,"played":[0.9989,6.0E-4,6.0E-4],"evs":[0.0,-5.51074,-5.65823]},"92o":{"weight":0.0,"played":[1.0,0.0,0.0],"evs":[0.0,-5.86329,-5.9704]},"T2o":{"weight":0.0,"played":[0.9997,2.0E-4,1.0E-4],"evs":[0.0,-6.16244,-6.9555]},"J2o":{"weight":0.0,"played":[0.9998,1.0E-4,1.0E-4],"evs":[0.0,-6.20128,-6.60995]},"Q2o":{"weight":0.0,"played":[0.9996,1.0E-4,3.0E-4],"evs":[0.0,-6.10612,-6.26003]},"K2o":{"weight":0.0,"played":[0.9999,0.0,1.0E-4],"evs":[0.0,-4.81621,-4.93772]},"A2o":{"weight":0.0,"played":[0.9793,0.0041,0.0165],"evs":[0.0,-2.3728,-2.30679]},"32s":{"weight":0.0,"played":[0.9995,4.0E-4,1.0E-4],"evs":[0.0,-5.19496,-4.33367]},"33":{"weight":0.3456,"played":[0.0025,0.3344,0.6631],"evs":[0.0,0.40711,0.38276]},"43o":{"weight":0.0,"played":[0.9993,0.0,7.0E-4],"evs":[0.0,-5.04363,-4.53271]},"53o":{"weight":0.0,"played":[0.9979,0.0,0.0021],"evs":[0.0,-3.23177,-3.1418]},"63o":{"weight":0.0,"played":[0.9998,0.0,2.0E-4],"evs":[0.0,-5.05119,-4.63123]},"73o":{"weight":0.0,"played":[0.9996,0.0,4.0E-4],"evs":[0.0,-5.96568,-5.7443]},"83o":{"weight":0.0,"played":[1.0,0.0,0.0],"evs":[0.0,-5.51521,-5.58442]},"93o":{"weight":0.0,"played":[0.9993,0.0,7.0E-4],"evs":[0.0,-6.1999,-5.81455]},"T3o":{"weight":0.0,"played":[0.9999,1.0E-4,0.0],"evs":[0.0,-5.79111,-6.97609]},"J3o":{"weight":0.0,"played":[1.0,0.0,0.0],"evs":[0.0,-6.10512,-5.88845]},"Q3o":{"weight":0.0,"played":[0.9955,1.0E-4,0.0044],"evs":[0.0,-5.96738,-5.49007]},"K3o":{"weight":0.0,"played":[0.9998,0.0,1.0E-4],"evs":[0.0,-4.458,-4.40132]},"A3o":{"weight":0.0,"played":[0.7773,0.1988,0.0239],"evs":[0.0,-1.75563,-1.89625]},"42s":{"weight":0.0,"played":[0.9941,1.0E-4,0.0058],"evs":[0.0,-3.39846,-3.45442]},"43s":{"weight":0.0,"played":[0.9886,0.0044,0.0069],"evs":[0.0,-3.1518,-2.81655]},"44":{"weight":1.0,"played":[0.0,0.1178,0.8822],"evs":[0.0,1.01646,1.12882]},"54o":{"weight":0.0,"played":[0.9991,1.0E-4,9.0E-4],"evs":[0.0,-3.37845,-3.59091]},"64o":{"weight":0.0,"played":[0.9999,0.0,1.0E-4],"evs":[0.0,-4.16021,-4.35558]},"74o":{"weight":0.0,"played":[1.0,0.0,0.0],"evs":[0.0,-5.17677,-4.38558]},"84o":{"weight":0.0,"played":[0.9995,0.0,5.0E-4],"evs":[0.0,-5.64919,-5.1159]},"94o":{"weight":0.0,"played":[0.9997,2.0E-4,0.0],"evs":[0.0,-5.82366,-5.85593]},"T4o":{"weight":0.0,"played":[0.9998,1.0E-4,1.0E-4],"evs":[0.0,-6.27795,-6.19741]},"J4o":{"weight":0.0,"played":[0.9994,1.0E-4,5.0E-4],"evs":[0.0,-6.24058,-6.24722]},"Q4o":{"weight":0.0,"played":[0.9986,1.0E-4,0.0013],"evs":[0.0,-6.10973,-5.64891]},"K4o":{"weight":0.0,"played":[1.0,0.0,0.0],"evs":[0.0,-4.91995,-4.96044]},"A4o":{"weight":0.0,"played":[0.9986,2.0E-4,0.0013],"evs":[0.0,-1.15828,-1.27976]},"52s":{"weight":0.0,"played":[0.9139,9.0E-4,0.0852],"evs":[0.0,-4.12429,-3.22039]},"53s":{"weight":0.0,"played":[0.9741,0.0014,0.0245],"evs":[0.0,-2.668,-2.37295]},"54s":{"weight":0.0,"played":[0.1077,0.1824,0.7099],"evs":[0.0,0.25474,0.28075]},"55":{"weight":1.0,"played":[7.0E-4,0.0874,0.912],"evs":[0.0,3.86929,3.94601]},"65o":{"weight":0.0,"played":[0.9649,0.0215,0.0135],"evs":[0.0,-2.32272,-2.46993]},"75o":{"weight":0.0,"played":[0.9984,0.0,0.0016],"evs":[0.0,-3.00074,-3.02436]},"85o":{"weight":0.0,"played":[0.9989,1.0E-4,0.001],"evs":[0.0,-3.79527,-3.51336]},"95o":{"weight":0.0,"played":[1.0,0.0,0.0],"evs":[0.0,-5.63456,-5.50436]},"T5o":{"weight":0.0,"played":[0.9996,1.0E-4,3.0E-4],"evs":[0.0,-6.36795,-6.26432]},"J5o":{"weight":0.0,"played":[0.9994,1.0E-4,5.0E-4],"evs":[0.0,-5.30234,-5.57624]},"Q5o":{"weight":0.0,"played":[0.9988,1.0E-4,0.0012],"evs":[0.0,-4.75098,-4.37206]},"K5o":{"weight":0.0,"played":[0.9981,0.0013,6.0E-4],"evs":[0.0,-4.33883,-4.39491]},"A5o":{"weight":0.0,"played":[0.6307,0.2848,0.0845],"evs":[0.0,-0.5085,-0.56162]},"62s":{"weight":0.0,"played":[0.9905,0.0,0.0095],"evs":[0.0,-3.83933,-3.40718]},"63s":{"weight":0.0,"played":[1.0,0.0,0.0],"evs":[0.0,-2.75798,-3.00761]},"64s":{"weight":0.0,"played":[0.8319,0.0556,0.1124],"evs":[0.0,-1.52477,-1.37375]},"65s":{"weight":0.0,"played":[0.9903,0.0026,0.0071],"evs":[0.0,-1.63682,-1.20133]},"66":{"weight":0.9971,"played":[0.0,0.0102,0.9898],"evs":[0.0,5.8361,6.09695]},"76o":{"weight":0.0,"played":[0.9998,1.0E-4,1.0E-4],"evs":[0.0,-0.55183,-0.37146]},"86o":{"weight":0.0,"played":[0.9999,1.0E-4,1.0E-4],"evs":[0.0,-3.68764,-3.73117]},"96o":{"weight":0.0,"played":[1.0,0.0,0.0],"evs":[0.0,-2.86585,-2.79337]},"T6o":{"weight":0.0,"played":[0.9953,1.0E-4,0.0046],"evs":[0.0,-3.85462,-3.90448]},"J6o":{"weight":0.0,"played":[0.9993,1.0E-4,6.0E-4],"evs":[0.0,-6.06578,-5.50451]},"Q6o":{"weight":0.0,"played":[0.9899,0.0012,0.0089],"evs":[0.0,-3.90923,-4.01719]},"K6o":{"weight":0.0,"played":[1.0,0.0,0.0],"evs":[0.0,-3.46563,-3.48948]},"A6o":{"weight":0.0,"played":[0.7793,0.0797,0.141],"evs":[0.0,-1.56741,-1.50227]},"72s":{"weight":0.0,"played":[0.9662,0.0065,0.0273],"evs":[0.0,-4.92337,-4.33228]},"73s":{"weight":0.0,"played":[0.9701,0.0,0.0298],"evs":[0.0,-3.48195,-3.26524]},"74s":{"weight":0.0,"played":[0.9715,0.0084,0.02],"evs":[0.0,-1.72401,-1.70072]},"75s":{"weight":0.0,"played":[0.9275,0.0171,0.0554],"evs":[0.0,-2.50631,-2.6272]},"76s":{"weight":0.0,"played":[0.7111,0.0882,0.2007],"evs":[0.0,-2.25716,-1.70287]},"77":{"weight":0.9996,"played":[0.0,0.3668,0.6332],"evs":[0.0,6.40419,6.45801]},"87o":{"weight":0.0,"played":[0.8209,0.0647,0.1145],"evs":[0.0,-1.9277,-1.99824]},"97o":{"weight":0.0,"played":[0.9998,0.0,2.0E-4],"evs":[0.0,-2.94435,-2.78305]},"T7o":{"weight":0.0,"played":[0.9983,1.0E-4,0.0016],"evs":[0.0,-3.32194,-3.2851]},"J7o":{"weight":0.0,"played":[0.9997,2.0E-4,0.0],"evs":[0.0,-4.83034,-4.62819]},"Q7o":{"weight":0.0,"played":[0.9998,2.0E-4,1.0E-4],"evs":[0.0,-3.28273,-3.12504]},"K7o":{"weight":0.0,"played":[0.9984,1.0E-4,0.0015],"evs":[0.0,-3.09499,-3.016]},"A7o":{"weight":0.999,"played":[0.3012,0.3482,0.3506],"evs":[0.0,0.54736,0.3899]},"82s":{"weight":0.0,"played":[0.9995,1.0E-4,4.0E-4],"evs":[0.0,-4.69077,-4.12336]},"83s":{"weight":0.0,"played":[0.987,0.002,0.011],"evs":[0.0,-3.2698,-3.18736]},"84s":{"weight":0.0,"played":[0.8187,0.072,0.1093],"evs":[0.0,-4.47957,-4.48705]},"85s":{"weight":0.0,"played":[0.922,0.0538,0.0242],"evs":[0.0,-2.91266,-2.81701]},"86s":{"weight":0.0,"played":[0.9897,0.0,0.0103],"evs":[0.0,-2.6092,-2.28125]},"87s":{"weight":0.0,"played":[0.176,0.2679,0.556],"evs":[0.0,0.69866,0.9181]},"88":{"weight":1.0,"played":[0.0,0.3681,0.6319],"evs":[0.0,7.815,7.85305]},"98o":{"weight":0.0,"played":[0.9435,0.0138,0.0426],"evs":[0.0,-1.12811,-1.07004]},"T8o":{"weight":0.0,"played":[0.9169,0.0108,0.0723],"evs":[0.0,-1.27734,-1.28442]},"J8o":{"weight":0.0,"played":[0.9993,3.0E-4,4.0E-4],"evs":[0.0,-2.25943,-2.19726]},"Q8o":{"weight":0.0,"played":[0.999,1.0E-4,9.0E-4],"evs":[0.0,-2.82172,-2.7284]},"K8o":{"weight":0.0,"played":[0.9788,0.0047,0.0165],"evs":[0.0,-3.7675,-3.77135]},"A8o":{"weight":1.0,"played":[0.1646,0.3556,0.4798],"evs":[0.0,0.20905,0.20863]},"92s":{"weight":0.0,"played":[0.9683,5.0E-4,0.0312],"evs":[0.0,-3.75902,-3.27532]},"93s":{"weight":0.0,"played":[0.9657,0.0113,0.0231],"evs":[0.0,-1.57542,-0.88445]},"94s":{"weight":0.0,"played":[0.9784,0.0015,0.02],"evs":[0.0,-2.79471,-2.70231]},"95s":{"weight":0.0,"played":[0.9935,3.0E-4,0.0061],"evs":[0.0,-3.36892,-3.32557]},"96s":{"weight":0.0,"played":[0.9854,0.0028,0.0119],"evs":[0.0,-2.35662,-2.22497]},"97s":{"weight":0.0,"played":[0.867,0.0211,0.1119],"evs":[0.0,-1.97242,-1.93821]},"98s":{"weight":0.9994,"played":[0.0143,0.5362,0.4495],"evs":[0.0,1.03207,1.03644]},"99":{"weight":1.0,"played":[0.0,0.0909,0.9091],"evs":[0.0,9.64373,9.7402]},"T9o":{"weight":0.0,"played":[0.9772,0.0085,0.0144],"evs":[0.0,-1.80815,-1.72708]},"J9o":{"weight":0.0,"played":[0.904,0.0414,0.0547],"evs":[0.0,-1.89749,-1.86296]},"Q9o":{"weight":0.0,"played":[0.9997,2.0E-4,2.0E-4],"evs":[0.0,-2.47143,-2.40641]},"K9o":{"weight":0.0,"played":[0.9985,4.0E-4,0.0011],"evs":[0.0,-2.05909,-2.21912]},"A9o":{"weight":1.0,"played":[0.2766,0.168,0.5555],"evs":[0.0,0.59987,0.78311]},"T2s":{"weight":0.0,"played":[0.9981,5.0E-4,0.0014],"evs":[0.0,-5.67146,-5.36977]},"T3s":{"weight":0.0,"played":[0.9564,5.0E-4,0.0431],"evs":[0.0,-3.53986,-3.31844]},"T4s":{"weight":0.0,"played":[0.9518,0.02,0.0282],"evs":[0.0,-2.49715,-2.55125]},"T5s":{"weight":0.0,"played":[0.9467,0.0058,0.0475],"evs":[0.0,-3.43292,-3.38411]},"T6s":{"weight":0.0,"played":[0.7791,0.0292,0.1917],"evs":[0.0,-1.0871,-0.68177]},"T7s":{"weight":0.0,"played":[0.0698,0.0337,0.8965],"evs":[0.0,1.13515,1.57212]},"T8s":{"weight":0.9977,"played":[0.211,0.3617,0.4273],"evs":[0.0,0.68887,0.73446]},"T9s":{"weight":1.0,"played":[0.2626,0.3364,0.401],"evs":[0.0,1.71601,1.78668]},"TT":{"weight":1.0,"played":[0.0,0.0412,0.9588],"evs":[0.0,10.8934,11.07169]},"JTo":{"weight":0.2511,"played":[0.945,0.0527,0.0023],"evs":[0.0,-1.8516,-1.98176]},"QTo":{"weight":0.9999,"played":[0.9981,0.0015,4.0E-4],"evs":[0.0,-0.54593,-0.564]},"KTo":{"weight":1.0,"played":[0.9137,0.0111,0.0753],"evs":[0.0,-1.49483,-1.50119]},"ATo":{"weight":1.0,"played":[4.0E-4,0.4831,0.5165],"evs":[0.0,3.05841,3.0313]},"J2s":{"weight":0.0,"played":[0.9921,0.0011,0.0068],"evs":[0.0,-3.07713,-2.6464]},"J3s":{"weight":0.0,"played":[0.9939,0.0026,0.0035],"evs":[0.0,-4.13564,-3.78152]},"J4s":{"weight":0.0,"played":[0.9794,1.0E-4,0.0206],"evs":[0.0,-3.53648,-3.46802]},"J5s":{"weight":0.0,"played":[0.9991,0.0,9.0E-4],"evs":[0.0,-2.70459,-1.88119]},"J6s":{"weight":0.0,"played":[0.6924,0.0613,0.2463],"evs":[0.0,-0.1787,-0.04031]},"J7s":{"weight":0.0,"played":[0.4293,0.0249,0.5458],"evs":[0.0,-1.6195,-1.11422]},"J8s":{"weight":0.0,"played":[0.6368,0.0853,0.2779],"evs":[0.0,-1.02333,-0.73073]},"J9s":{"weight":1.0,"played":[0.0343,0.331,0.6347],"evs":[0.0,0.59257,0.6899]},"JTs":{"weight":0.9999,"played":[0.1705,0.4354,0.3941],"evs":[0.0,1.18833,1.17878]},"JJ":{"weight":1.0,"played":[0.0,0.0829,0.9171],"evs":[0.0,13.99295,14.07269]},"QJo":{"weight":1.0,"played":[0.5687,0.2626,0.1687],"evs":[0.0,-0.74272,-0.85729]},"KJo":{"weight":1.0,"played":[0.6219,0.1656,0.2125],"evs":[0.0,-0.70067,-0.67211]},"AJo":{"weight":0.9974,"played":[0.0,0.3434,0.6566],"evs":[0.0,3.64837,3.72116]},"Q2s":{"weight":0.0,"played":[0.6091,0.1198,0.2711],"evs":[0.0,-1.53187,-1.30944]},"Q3s":{"weight":0.0,"played":[0.91,1.0E-4,0.0899],"evs":[0.0,-3.64075,-3.41822]},"Q4s":{"weight":0.0,"played":[0.9144,0.0033,0.0823],"evs":[0.0,-4.6686,-3.96328]},"Q5s":{"weight":0.0,"played":[0.997,5.0E-4,0.0026],"evs":[0.0,-5.1167,-4.04026]},"Q6s":{"weight":0.0,"played":[0.9565,0.0247,0.0188],"evs":[0.0,-0.42528,-0.65798]},"Q7s":{"weight":0.0,"played":[0.4823,0.0689,0.4488],"evs":[0.0,-0.61283,-0.48658]},"Q8s":{"weight":0.7977,"played":[0.9351,0.0208,0.0441],"evs":[0.0,-2.37638,-2.47685]},"Q9s":{"weight":1.0,"played":[0.0014,0.3094,0.6891],"evs":[0.0,1.77738,1.7817]},"QTs":{"weight":1.0,"played":[0.1745,0.5001,0.3254],"evs":[0.0,1.96685,1.69637]},"QJs":{"weight":1.0,"played":[0.0025,0.645,0.3525],"evs":[0.0,1.83581,1.51949]},"QQ":{"weight":1.0,"played":[0.0,0.6904,0.3096],"evs":[0.0,16.14302,16.06028]},"KQo":{"weight":0.9992,"played":[5.0E-4,0.4205,0.579],"evs":[0.0,2.38627,2.54212]},"AQo":{"weight":0.9994,"played":[0.0,0.4863,0.5137],"evs":[0.0,6.11393,6.0897]},"K2s":{"weight":0.0,"played":[0.8073,0.1539,0.0387],"evs":[0.0,-0.95914,-0.98257]},"K3s":{"weight":0.0,"played":[0.9661,1.0E-4,0.0339],"evs":[0.0,-4.8125,-4.6418]},"K4s":{"weight":0.0,"played":[0.9599,0.0049,0.0352],"evs":[0.0,-2.58169,-2.47436]},"K5s":{"weight":0.0,"played":[0.8173,0.0904,0.0924],"evs":[0.0,-2.04621,-1.92051]},"K6s":{"weight":0.0,"played":[0.6916,0.0073,0.3012],"evs":[0.0,-2.16968,-2.07069]},"K7s":{"weight":0.735,"played":[0.3586,0.2457,0.3957],"evs":[0.0,0.03531,0.21582]},"K8s":{"weight":1.0,"played":[0.6536,0.2045,0.1419],"evs":[0.0,-0.50064,-0.54835]},"K9s":{"weight":1.0,"played":[0.0109,0.3763,0.6128],"evs":[0.0,0.3571,0.39328]},"KTs":{"weight":0.9992,"played":[0.0031,1.0E-4,0.9967],"evs":[0.0,1.31463,1.4285]},"KJs":{"weight":1.0,"played":[0.0136,0.4347,0.5517],"evs":[0.0,2.07592,2.18437]},"KQs":{"weight":0.9999,"played":[0.0075,0.366,0.6264],"evs":[0.0,4.62175,4.63145]},"KK":{"weight":1.0,"played":[0.0,0.2713,0.7287],"evs":[0.0,20.84422,20.90078]},"AKo":{"weight":1.0,"played":[0.0,0.0636,0.9364],"evs":[0.0,7.68926,7.84084]},"A2s":{"weight":1.0,"played":[0.2138,0.2673,0.519],"evs":[0.0,-0.20874,-0.06158]},"A3s":{"weight":1.0,"played":[0.0052,0.4314,0.5634],"evs":[0.0,1.64932,1.81013]},"A4s":{"weight":1.0,"played":[0.8952,0.0549,0.0499],"evs":[0.0,-0.51524,-0.8073]},"A5s":{"weight":1.0,"played":[0.0942,0.6287,0.2771],"evs":[0.0,2.79453,2.60569]},"A6s":{"weight":1.0,"played":[0.0348,0.4842,0.481],"evs":[0.0,2.63297,2.74965]},"A7s":{"weight":1.0,"played":[8.0E-4,0.3178,0.6814],"evs":[0.0,2.69035,2.81431]},"A8s":{"weight":1.0,"played":[4.0E-4,0.3119,0.6877],"evs":[0.0,4.0821,4.0945]},"A9s":{"weight":1.0,"played":[1.0E-4,0.4041,0.5959],"evs":[0.0,3.94658,4.05782]},"ATs":{"weight":1.0,"played":[8.0E-4,0.4257,0.5735],"evs":[0.0,5.56921,5.59374]},"AJs":{"weight":1.0,"played":[0.0,0.356,0.644],"evs":[0.0,9.13224,9.23051]},"AQs":{"weight":1.0,"played":[0.0,0.7798,0.2202],"evs":[0.0,9.01674,8.73887]},"AKs":{"weight":1.0,"played":[0.0,0.4345,0.5655],"evs":[0.0,8.95549,9.24718]},"AA":{"weight":1.0,"played":[0.0,0.012,0.988],"evs":[0.0,28.71505,29.20462]}}}