{"player":1,"street":0,"children":2,"sequence":[{"player":0,"type":"R","amount":200000,"street":0},{"player":1,"type":"C","amount":200000,"street":0},{"player":2,"type":"F","amount":0,"street":0},{"player":3,"type":"C","amount":200000,"street":0},{"player":4,"type":"R","amount":715000,"street":0},{"player":5,"type":"R","amount":815000,"street":0},{"player":0,"type":"F","amount":0,"street":0},{"player":1,"type":"C","amount":615000,"street":0},{"player":3,"type":"R","amount":1215000,"street":0}],"actions":[{"type":"F","amount":0},{"type":"C","amount":400000}],"hands":{"22":{"weight":0.1097,"played":[5.0E-4,0.9995],"evs":[0.0,6.8067]},"32o":{"weight":0.0,"played":[2.0E-4,0.9998],"evs":[0.0,3.66273]},"42o":{"weight":0.0,"played":[1.0E-4,0.9999],"evs":[0.0,4.06519]},"52o":{"weight":0.0,"played":[3.0E-4,0.9997],"evs":[0.0,5.64129]},"62o":{"weight":0.0,"played":[6.0E-4,0.9994],"evs":[0.0,5.73162]},"72o":{"weight":0.0,"played":[2.0E-4,0.9998],"evs":[0.0,5.89708]},"82o":{"weight":0.0,"played":[0.0027,0.9973],"evs":[0.0,5.05088]},"92o":{"weight":0.0,"played":[0.0036,0.9964],"evs":[0.0,6.51539]},"T2o":{"weight":0.0,"played":[0.0067,0.9933],"evs":[0.0,5.22191]},"J2o":{"weight":0.0,"played":[0.0024,0.9976],"evs":[0.0,4.01397]},"Q2o":{"weight":0.0,"played":[0.0,1.0],"evs":[0.0,5.52957]},"K2o":{"weight":0.0,"played":[6.0E-4,0.9994],"evs":[0.0,4.57015]},"A2o":{"weight":0.0,"played":[5.0E-4,0.9995],"evs":[0.0,8.41332]},"32s":{"weight":0.0,"played":[1.0E-4,0.9999],"evs":[0.0,6.04602]},"33":{"weight":0.0017,"played":[1.0E-4,0.9999],"evs":[0.0,7.77723]},"43o":{"weight":0.0,"played":[6.0E-4,0.9994],"evs":[0.0,3.9923]},"53o":{"weight":0.0,"played":[1.0E-4,0.9999],"evs":[0.0,5.75144]},"63o":{"weight":0.0,"played":[6.0E-4,0.9994],"evs":[0.0,6.30482]},"73o":{"weight":0.0,"played":[0.0037,0.9963],"evs":[0.0,4.21692]},"83o":{"weight":0.0,"played":[0.0,1.0],"evs":[0.0,4.92022]},"93o":{"weight":0.0,"played":[0.0014,0.9986],"evs":[0.0,4.95981]},"T3o":{"weight":0.0,"played":[0.0,1.0],"evs":[0.0,3.33427]},"J3o":{"weight":0.0,"played":[2.0E-4,0.9998],"evs":[0.0,4.10817]},"Q3o":{"weight":0.0,"played":[0.0017,0.9983],"evs":[0.0,4.29244]},"K3o":{"weight":0.0,"played":[0.0,1.0],"evs":[0.0,6.20638]},"A3o":{"weight":0.0,"played":[2.0E-4,0.9998],"evs":[0.0,7.93733]},"42s":{"weight":0.0,"played":[0.0031,0.9969],"evs":[0.0,5.13665]},"43s":{"weight":0.0,"played":[4.0E-4,0.9996],"evs":[0.0,5.69552]},"44":{"weight":0.2479,"played":[2.0E-4,0.9998],"evs":[0.0,7.89095]},"54o":{"weight":0.0,"played":[0.0011,0.9989],"evs":[0.0,6.12742]},"64o":{"weight":0.0,"played":[1.0E-4,0.9999],"evs":[0.0,7.59105]},"74o":{"weight":0.0,"played":[6.0E-4,0.9994],"evs":[0.0,5.93812]},"84o":{"weight":0.0,"played":[0.0031,0.9969],"evs":[0.0,5.66976]},"94o":{"weight":0.0,"played":[4.0E-4,0.9996],"evs":[0.0,4.25986]},"T4o":{"weight":0.0,"played":[8.0E-4,0.9992],"evs":[0.0,6.37351]},"J4o":{"weight":0.0,"played":[5.0E-4,0.9995],"evs":[0.0,3.5351]},"Q4o":{"weight":0.0,"played":[0.0,1.0],"evs":[0.0,5.4969]},"K4o":{"weight":0.0,"played":[0.0,1.0],"evs":[0.0,6.33178]},"A4o":{"weight":0.0,"played":[1.0E-4,0.9999],"evs":[0.0,8.14015]},"52s":{"weight":0.0,"played":[0.0017,0.9983],"evs":[0.0,3.94401]},"53s":{"weight":0.0,"played":[0.0064,0.9936],"evs":[0.0,5.9968]},"54s":{"weight":0.0,"played":[0.0089,0.9911],"evs":[0.0,6.02462]},"55":{"weight":0.1865,"played":[0.0,1.0],"evs":[0.0,10.79504]},"65o":{"weight":0.0,"played":[1.0E-4,0.9999],"evs":[0.0,8.59153]},"75o":{"weight":0.0,"played":[0.0,1.0],"evs":[0.0,8.07214]},"85o":{"weight":0.0,"played":[0.0,1.0],"evs":[0.0,6.62685]},"95o":{"weight":0.0,"played":[1.0E-4,0.9999],"evs":[0.0,5.49619]},"T5o":{"weight":0.0,"played":[1.0E-4,0.9999],"evs":[0.0,5.63152]},"J5o":{"weight":0.0,"played":[0.0047,0.9953],"evs":[0.0,4.64783]},"Q5o":{"weight":0.0,"played":[1.0E-4,0.9999],"evs":[0.0,5.65283]},"K5o":{"weight":0.0,"played":[5.0E-4,0.9995],"evs":[0.0,6.5345]},"A5o":{"weight":0.0,"played":[0.0,1.0],"evs":[0.0,9.73479]},"62s":{"weight":0.0,"played":[0.0011,0.9989],"evs":[0.0,5.67811]},"63s":{"weight":0.0,"played":[5.0E-4,0.9995],"evs":[0.0,6.71192]},"64s":{"weight":0.0,"played":[0.0012,0.9988],"evs":[0.0,6.01833]},"65s":{"weight":0.1033,"played":[2.0E-4,0.9998],"evs":[0.0,6.29465]},"66":{"weight":6.0E-4,"played":[0.0,1.0],"evs":[0.0,13.1689]},"76o":{"weight":0.0,"played":[0.0,1.0],"evs":[0.0,8.03344]},"86o":{"weight":0.0,"played":[1.0E-4,0.9999],"evs":[0.0,9.17769]},"96o":{"weight":0.0,"played":[1.0E-4,0.9999],"evs":[0.0,6.60009]},"T6o":{"weight":0.0,"played":[3.0E-4,0.9997],"evs":[0.0,6.32851]},"J6o":{"weight":0.0,"played":[0.0,1.0],"evs":[0.0,4.45423]},"Q6o":{"weight":0.0,"played":[4.0E-4,0.9996],"evs":[0.0,4.82459]},"K6o":{"weight":0.0,"played":[5.0E-4,0.9995],"evs":[0.0,8.02372]},"A6o":{"weight":0.0,"played":[0.003,0.997],"evs":[0.0,8.9667]},"72s":{"weight":0.0,"played":[0.0011,0.9989],"evs":[0.0,8.61856]},"73s":{"weight":0.0,"played":[0.0,1.0],"evs":[0.0,5.06371]},"74s":{"weight":0.0,"played":[6.0E-4,0.9994],"evs":[0.0,7.55326]},"75s":{"weight":0.0,"played":[0.0033,0.9967],"evs":[0.0,10.43216]},"76s":{"weight":0.4237,"played":[0.0011,0.9989],"evs":[0.0,9.09125]},"77":{"weight":0.0,"played":[3.0E-4,0.9997],"evs":[0.0,15.75876]},"87o":{"weight":0.0,"played":[2.0E-4,0.9998],"evs":[0.0,7.8572]},"97o":{"weight":0.0,"played":[0.0028,0.9972],"evs":[0.0,8.30772]},"T7o":{"weight":0.0,"played":[1.0E-4,0.9999],"evs":[0.0,7.53546]},"J7o":{"weight":0.0,"played":[0.0,1.0],"evs":[0.0,6.44703]},"Q7o":{"weight":0.0,"played":[9.0E-4,0.9991],"evs":[0.0,5.79029]},"K7o":{"weight":0.0,"played":[0.0014,0.9986],"evs":[0.0,7.69455]},"A7o":{"weight":0.0,"played":[0.0,1.0],"evs":[0.0,9.40768]},"82s":{"weight":0.0,"played":[0.0034,0.9966],"evs":[0.0,4.75169]},"83s":{"weight":0.0,"played":[0.0041,0.9959],"evs":[0.0,3.49571]},"84s":{"weight":0.0,"played":[9.0E-4,0.9991],"evs":[0.0,7.94422]},"85s":{"weight":0.0,"played":[0.0,1.0],"evs":[0.0,6.67453]},"86s":{"weight":0.0,"played":[0.0011,0.9989],"evs":[0.0,7.35656]},"87s":{"weight":0.0057,"played":[4.0E-4,0.9996],"evs":[0.0,11.0399]},"88":{"weight":0.0,"played":[1.0E-4,0.9999],"evs":[0.0,15.0474]},"98o":{"weight":0.0,"played":[1.0E-4,0.9999],"evs":[0.0,9.08751]},"T8o":{"weight":0.0,"played":[0.0,1.0],"evs":[0.0,8.04951]},"J8o":{"weight":0.0,"played":[8.0E-4,0.9992],"evs":[0.0,7.37395]},"Q8o":{"weight":0.0,"played":[3.0E-4,0.9997],"evs":[0.0,8.23062]},"K8o":{"weight":0.0,"played":[8.0E-4,0.9992],"evs":[0.0,7.43474]},"A8o":{"weight":0.0,"played":[2.0E-4,0.9998],"evs":[0.0,8.14757]},"92s":{"weight":0.0,"played":[0.0047,0.9953],"evs":[0.0,5.50416]},"93s":{"weight":0.0,"played":[0.0,1.0],"evs":[0.0,7.74483]},"94s":{"weight":0.0,"played":[5.0E-4,0.9995],"evs":[0.0,4.25309]},"95s":{"weight":0.0,"played":[0.0126,0.9874],"evs":[0.0,3.68149]},"96s":{"weight":0.0,"played":[0.0111,0.9889],"evs":[0.0,6.4818]},"97s":{"weight":0.0,"played":[5.0E-4,0.9995],"evs":[0.0,6.62911]},"98s":{"weight":0.531,"played":[7.0E-4,0.9993],"evs":[0.0,6.89408]},"99":{"weight":0.0,"played":[6.0E-4,0.9994],"evs":[0.0,15.26627]},"T9o":{"weight":0.0,"played":[1.0E-4,0.9999],"evs":[0.0,6.20736]},"J9o":{"weight":0.0,"played":[0.0012,0.9988],"evs":[0.0,8.1742]},"Q9o":{"weight":0.0,"played":[1.0E-4,0.9999],"evs":[0.0,7.42061]},"K9o":{"weight":0.0,"played":[8.0E-4,0.9992],"evs":[0.0,10.99548]},"A9o":{"weight":0.0254,"played":[0.0,1.0],"evs":[0.0,10.02597]},"T2s":{"weight":0.0,"played":[4.0E-4,0.9996],"evs":[0.0,9.05026]},"T3s":{"weight":0.0,"played":[0.0015,0.9985],"evs":[0.0,8.06709]},"T4s":{"weight":0.0,"played":[0.0028,0.9972],"evs":[0.0,6.33806]},"T5s":{"weight":0.0,"played":[0.0048,0.9952],"evs":[0.0,3.08367]},"T6s":{"weight":0.0,"played":[0.0012,0.9988],"evs":[0.0,9.26558]},"T7s":{"weight":0.0,"played":[7.0E-4,0.9993],"evs":[0.0,5.77574]},"T8s":{"weight":0.0076,"played":[0.0031,0.9969],"evs":[0.0,11.46442]},"T9s":{"weight":0.3548,"played":[6.0E-4,0.9994],"evs":[0.0,9.69933]},"TT":{"weight":0.0,"played":[0.0018,0.9982],"evs":[0.0,16.48477]},"JTo":{"weight":0.0,"played":[0.0,1.0],"evs":[0.0,8.27462]},"QTo":{"weight":0.0,"played":[0.0032,0.9968],"evs":[0.0,8.47184]},"KTo":{"weight":0.0,"played":[0.0,1.0],"evs":[0.0,7.59294]},"ATo":{"weight":0.025,"played":[0.0,1.0],"evs":[0.0,9.7327]},"J2s":{"weight":0.0,"played":[0.0103,0.9897],"evs":[0.0,4.0117]},"J3s":{"weight":0.0,"played":[8.0E-4,0.9992],"evs":[0.0,9.03963]},"J4s":{"weight":0.0,"played":[0.1135,0.8865],"evs":[0.0,6.82601]},"J5s":{"weight":0.0,"played":[1.0E-4,0.9999],"evs":[0.0,7.57865]},"J6s":{"weight":0.0,"played":[0.0099,0.9901],"evs":[0.0,9.20352]},"J7s":{"weight":0.0,"played":[7.0E-4,0.9993],"evs":[0.0,10.85989]},"J8s":{"weight":0.0,"played":[0.0222,0.9778],"evs":[0.0,9.03764]},"J9s":{"weight":0.3207,"played":[9.0E-4,0.9991],"evs":[0.0,8.54574]},"JTs":{"weight":0.0,"played":[0.004,0.996],"evs":[0.0,9.14004]},"JJ":{"weight":0.0,"played":[0.0,1.0],"evs":[0.0,19.37787]},"QJo":{"weight":0.0426,"played":[0.0,1.0],"evs":[0.0,7.86561]},"KJo":{"weight":0.492,"played":[0.0,1.0],"evs":[0.0,9.06311]},"AJo":{"weight":3.0E-4,"played":[0.0,1.0],"evs":[0.0,11.64816]},"Q2s":{"weight":0.0,"played":[0.0135,0.9865],"evs":[0.0,4.04435]},"Q3s":{"weight":0.0,"played":[0.0039,0.9961],"evs":[0.0,7.76572]},"Q4s":{"weight":0.0,"played":[0.0167,0.9833],"evs":[0.0,7.99802]},"Q5s":{"weight":0.0,"played":[0.0037,0.9963],"evs":[0.0,11.16595]},"Q6s":{"weight":0.0,"played":[0.0013,0.9987],"evs":[0.0,6.79688]},"Q7s":{"weight":0.0,"played":[1.0E-4,0.9999],"evs":[0.0,8.17257]},"Q8s":{"weight":0.0,"played":[0.008,0.992],"evs":[0.0,9.43092]},"Q9s":{"weight":0.0375,"played":[0.0046,0.9954],"evs":[0.0,8.19847]},"QTs":{"weight":1.0E-4,"played":[2.0E-4,0.9998],"evs":[0.0,7.0393]},"QJs":{"weight":0.0127,"played":[0.0024,0.9976],"evs":[0.0,9.49233]},"QQ":{"weight":0.0037,"played":[0.0,1.0],"evs":[0.0,18.72007]},"KQo":{"weight":0.0621,"played":[4.0E-4,0.9996],"evs":[0.0,11.08887]},"AQo":{"weight":0.0,"played":[1.0E-4,0.9999],"evs":[0.0,11.32522]},"K2s":{"weight":0.0,"played":[5.0E-4,0.9995],"evs":[0.0,9.79197]},"K3s":{"weight":0.0,"played":[0.0016,0.9984],"evs":[0.0,5.28902]},"K4s":{"weight":0.0,"played":[0.0057,0.9943],"evs":[0.0,6.64513]},"K5s":{"weight":0.0,"played":[0.0013,0.9987],"evs":[0.0,6.61466]},"K6s":{"weight":0.0,"played":[0.0,1.0],"evs":[0.0,7.79575]},"K7s":{"weight":1.0E-4,"played":[8.0E-4,0.9992],"evs":[0.0,9.13538]},"K8s":{"weight":0.1646,"played":[0.0024,0.9976],"evs":[0.0,10.86565]},"K9s":{"weight":0.0106,"played":[4.0E-4,0.9996],"evs":[0.0,8.6852]},"KTs":{"weight":0.0117,"played":[9.0E-4,0.9991],"evs":[0.0,9.83677]},"KJs":{"weight":1.0E-4,"played":[0.0091,0.9909],"evs":[0.0,10.58465]},"KQs":{"weight":0.2584,"played":[0.0018,0.9982],"evs":[0.0,10.96559]},"KK":{"weight":0.1762,"played":[0.0,1.0],"evs":[0.0,23.195]},"AKo":{"weight":0.0,"played":[0.0,1.0],"evs":[0.0,11.00745]},"A2s":{"weight":3.0E-4,"played":[0.0036,0.9964],"evs":[0.0,9.824]},"A3s":{"weight":0.0121,"played":[4.0E-4,0.9996],"evs":[0.0,9.08063]},"A4s":{"weight":0.4068,"played":[8.0E-4,0.9992],"evs":[0.0,10.74623]},"A5s":{"weight":0.0907,"played":[4.0E-4,0.9996],"evs":[0.0,9.03308]},"A6s":{"weight":0.0878,"played":[0.0,1.0],"evs":[0.0,7.8048]},"A7s":{"weight":0.0662,"played":[1.0E-4,0.9999],"evs":[0.0,10.47759]},"A8s":{"weight":0.0883,"played":[0.0011,0.9989],"evs":[0.0,14.84064]},"A9s":{"weight":0.0682,"played":[0.0019,0.9981],"evs":[0.0,10.3143]},"ATs":{"weight":0.985,"played":[0.0,1.0],"evs":[0.0,12.77628]},"AJs":{"weight":0.4016,"played":[1.0E-4,0.9999],"evs":[0.0,12.61103]},"AQs":{"weight":0.0703,"played":[1.0E-4,0.9999],"evs":[0.0,13.42065]},"AKs":{"weight":0.0,"played":[1.0E-4,0.9999],"evs":[0.0,16.44417]},"AA":{"weight":0.0219,"played":[0.0,1.0],"evs":[0.0,25.61967]}}}