{"player":3,"street":0,"children":2,"sequence":[{"player":0,"type":"R","amount":200000,"street":0},{"player":1,"type":"C","amount":200000,"street":0},{"player":2,"type":"F","amount":0,"street":0},{"player":3,"type":"C","amount":200000,"street":0},{"player":4,"type":"R","amount":715000,"street":0},{"player":5,"type":"R","amount":815000,"street":0},{"player":0,"type":"F","amount":0,"street":0},{"player":1,"type":"R","amount":1215000,"street":0}],"actions":[{"type":"F","amount":0},{"type":"C","amount":1015000}],"hands":{"22":{"weight":0.0,"played":[0.0133,0.9867],"evs":[0.0,0.99177]},"32o":{"weight":0.0,"played":[0.9998,2.0E-4],"evs":[0.0,-2.27115]},"42o":{"weight":0.0,"played":[1.0,0.0],"evs":[0.0,-1.04782]},"52o":{"weight":0.0,"played":[0.9962,0.0038],"evs":[0.0,-1.61614]},"62o":{"weight":0.0,"played":[0.9998,2.0E-4],"evs":[0.0,-1.63204]},"72o":{"weight":0.0,"played":[0.9995,5.0E-4],"evs":[0.0,-2.6124]},"82o":{"weight":0.0,"played":[0.9996,4.0E-4],"evs":[0.0,-2.4613]},"92o":{"weight":0.0,"played":[0.9983,0.0017],"evs":[0.0,-1.74104]},"T2o":{"weight":0.0,"played":[0.9943,0.0057],"evs":[0.0,-2.43168]},"J2o":{"weight":0.0,"played":[0.9992,8.0E-4],"evs":[0.0,-2.36591]},"Q2o":{"weight":0.0,"played":[0.9994,6.0E-4],"evs":[0.0,-1.87223]},"K2o":{"weight":0.0,"played":[0.9329,0.0671],"evs":[0.0,-1.34495]},"A2o":{"weight":0.0,"played":[0.8885,0.1115],"evs":[0.0,-0.89191]},"32s":{"weight":0.0,"played":[0.0621,0.9379],"evs":[0.0,0.41233]},"33":{"weight":0.0,"played":[0.0132,0.9868],"evs":[0.0,1.56807]},"43o":{"weight":0.0,"played":[0.999,0.001],"evs":[0.0,-1.02058]},"53o":{"weight":0.0,"played":[0.9813,0.0187],"evs":[0.0,-0.09538]},"63o":{"weight":0.0,"played":[0.8086,0.1914],"evs":[0.0,-1.26392]},"73o":{"weight":0.0,"played":[0.9909,0.0091],"evs":[0.0,-1.51412]},"83o":{"weight":0.0,"played":[0.9868,0.0132],"evs":[0.0,-1.92778]},"93o":{"weight":0.0,"played":[0.9988,0.0012],"evs":[0.0,-1.63909]},"T3o":{"weight":0.0,"played":[0.9928,0.0072],"evs":[0.0,-1.89658]},"J3o":{"weight":0.0,"played":[0.9999,1.0E-4],"evs":[0.0,-2.53492]},"Q3o":{"weight":0.0,"played":[0.9984,0.0016],"evs":[0.0,-1.49421]},"K3o":{"weight":0.0,"played":[0.6026,0.3974],"evs":[0.0,-0.60884]},"A3o":{"weight":0.0,"played":[0.0388,0.9612],"evs":[0.0,0.32215]},"42s":{"weight":0.0,"played":[0.6551,0.3449],"evs":[0.0,-0.33814]},"43s":{"weight":0.0,"played":[0.7526,0.2474],"evs":[0.0,-0.91212]},"44":{"weight":0.9913,"played":[3.0E-4,0.9997],"evs":[0.0,3.0906]},"54o":{"weight":0.0,"played":[0.6613,0.3387],"evs":[0.0,-0.0754]},"64o":{"weight":0.0,"played":[0.5968,0.4032],"evs":[0.0,0.53015]},"74o":{"weight":0.0,"played":[0.9309,0.0691],"evs":[0.0,-1.10044]},"84o":{"weight":0.0,"played":[0.9824,0.0176],"evs":[0.0,-1.54777]},"94o":{"weight":0.0,"played":[0.9961,0.0039],"evs":[0.0,-1.92655]},"T4o":{"weight":0.0,"played":[0.9923,0.0077],"evs":[0.0,-2.33757]},"J4o":{"weight":0.0,"played":[1.0,0.0],"evs":[0.0,-1.7448]},"Q4o":{"weight":0.0,"played":[0.9679,0.0321],"evs":[0.0,-1.40288]},"K4o":{"weight":0.0,"played":[0.9197,0.0803],"evs":[0.0,-1.05884]},"A4o":{"weight":0.0,"played":[0.0937,0.9063],"evs":[0.0,0.10347]},"52s":{"weight":0.0,"played":[0.2436,0.7564],"evs":[0.0,1.7037]},"53s":{"weight":0.0,"played":[0.4297,0.5703],"evs":[0.0,0.32146]},"54s":{"weight":0.0,"played":[0.2985,0.7015],"evs":[0.0,2.01882]},"55":{"weight":0.9939,"played":[0.0,1.0],"evs":[0.0,2.85773]},"65o":{"weight":0.0,"played":[0.547,0.453],"evs":[0.0,0.26561]},"75o":{"weight":0.0,"played":[0.3377,0.6623],"evs":[0.0,-0.09396]},"85o":{"weight":0.0,"played":[0.5521,0.4479],"evs":[0.0,-0.35688]},"95o":{"weight":0.0,"played":[0.8799,0.1201],"evs":[0.0,-1.22718]},"T5o":{"weight":0.0,"played":[0.9907,0.0093],"evs":[0.0,-1.65667]},"J5o":{"weight":0.0,"played":[0.9994,6.0E-4],"evs":[0.0,-0.91761]},"Q5o":{"weight":0.0,"played":[0.9819,0.0181],"evs":[0.0,-1.18666]},"K5o":{"weight":0.0,"played":[0.3964,0.6036],"evs":[0.0,-0.0241]},"A5o":{"weight":0.0,"played":[0.4489,0.5511],"evs":[0.0,-0.18054]},"62s":{"weight":0.0,"played":[0.5022,0.4978],"evs":[0.0,-0.52727]},"63s":{"weight":0.0,"played":[0.207,0.793],"evs":[0.0,1.57353]},"64s":{"weight":0.0,"played":[0.2944,0.7056],"evs":[0.0,0.31985]},"65s":{"weight":0.077,"played":[0.0196,0.9804],"evs":[0.0,1.02648]},"66":{"weight":0.0085,"played":[0.0011,0.9989],"evs":[0.0,4.57021]},"76o":{"weight":0.0,"played":[0.4161,0.5839],"evs":[0.0,0.66813]},"86o":{"weight":0.0,"played":[0.4991,0.5009],"evs":[0.0,-0.61514]},"96o":{"weight":0.0,"played":[0.572,0.428],"evs":[0.0,-0.31738]},"T6o":{"weight":0.0,"played":[0.9667,0.0333],"evs":[0.0,-1.69612]},"J6o":{"weight":0.0,"played":[0.9996,4.0E-4],"evs":[0.0,-2.45932]},"Q6o":{"weight":0.0,"played":[0.9678,0.0322],"evs":[0.0,-1.14939]},"K6o":{"weight":0.0,"played":[0.4104,0.5896],"evs":[0.0,0.21084]},"A6o":{"weight":0.0,"played":[0.9213,0.0787],"evs":[0.0,-0.88753]},"72s":{"weight":0.0,"played":[0.7171,0.2829],"evs":[0.0,-0.70152]},"73s":{"weight":0.0,"played":[0.028,0.972],"evs":[0.0,1.05598]},"74s":{"weight":0.0,"played":[0.1365,0.8635],"evs":[0.0,1.54431]},"75s":{"weight":0.0,"played":[0.1089,0.8911],"evs":[0.0,0.02595]},"76s":{"weight":0.0059,"played":[8.0E-4,0.9992],"evs":[0.0,1.126]},"77":{"weight":1.0E-4,"played":[3.0E-4,0.9997],"evs":[0.0,5.46608]},"87o":{"weight":0.0,"played":[0.1107,0.8893],"evs":[0.0,0.31931]},"97o":{"weight":0.0,"played":[0.0531,0.9469],"evs":[0.0,1.34058]},"T7o":{"weight":0.0,"played":[0.6224,0.3776],"evs":[0.0,-0.67049]},"J7o":{"weight":0.0,"played":[0.9993,7.0E-4],"evs":[0.0,-0.89207]},"Q7o":{"weight":0.0,"played":[0.9218,0.0782],"evs":[0.0,-0.86831]},"K7o":{"weight":0.0,"played":[0.2339,0.7661],"evs":[0.0,-0.24051]},"A7o":{"weight":0.0,"played":[0.0145,0.9855],"evs":[0.0,0.24065]},"82s":{"weight":0.0,"played":[0.9978,0.0022],"evs":[0.0,-0.54862]},"83s":{"weight":0.0,"played":[0.8902,0.1098],"evs":[0.0,0.06788]},"84s":{"weight":0.0,"played":[0.1558,0.8442],"evs":[0.0,1.13526]},"85s":{"weight":0.0,"played":[0.0389,0.9611],"evs":[0.0,1.14193]},"86s":{"weight":0.0,"played":[0.1686,0.8314],"evs":[0.0,-0.01092]},"87s":{"weight":0.2872,"played":[0.0426,0.9574],"evs":[0.0,1.23673]},"88":{"weight":0.0,"played":[2.0E-4,0.9998],"evs":[0.0,5.99271]},"98o":{"weight":0.0,"played":[6.0E-4,0.9994],"evs":[0.0,0.86417]},"T8o":{"weight":0.0,"played":[0.1688,0.8312],"evs":[0.0,0.24952]},"J8o":{"weight":0.0,"played":[0.806,0.194],"evs":[0.0,-0.83393]},"Q8o":{"weight":0.0,"played":[0.362,0.638],"evs":[0.0,0.12199]},"K8o":{"weight":0.0,"played":[0.0126,0.9874],"evs":[0.0,1.02243]},"A8o":{"weight":0.0,"played":[4.0E-4,0.9996],"evs":[0.0,0.7913]},"92s":{"weight":0.0,"played":[0.4194,0.5806],"evs":[0.0,-0.48426]},"93s":{"weight":0.0,"played":[0.1966,0.8034],"evs":[0.0,1.30533]},"94s":{"weight":0.0,"played":[0.913,0.087],"evs":[0.0,-0.02284]},"95s":{"weight":0.0,"played":[0.237,0.763],"evs":[0.0,1.25707]},"96s":{"weight":0.0,"played":[0.0961,0.9039],"evs":[0.0,0.76336]},"97s":{"weight":1.0E-4,"played":[0.2846,0.7154],"evs":[0.0,1.5598]},"98s":{"weight":0.0,"played":[0.0034,0.9966],"evs":[0.0,1.32104]},"99":{"weight":0.0,"played":[6.0E-4,0.9994],"evs":[0.0,6.97275]},"T9o":{"weight":0.0,"played":[3.0E-4,0.9997],"evs":[0.0,0.65476]},"J9o":{"weight":0.0,"played":[0.3822,0.6178],"evs":[0.0,0.56764]},"Q9o":{"weight":0.0,"played":[0.0107,0.9893],"evs":[0.0,0.58233]},"K9o":{"weight":0.0,"played":[0.0034,0.9966],"evs":[0.0,0.28654]},"A9o":{"weight":0.0,"played":[0.001,0.999],"evs":[0.0,1.91893]},"T2s":{"weight":0.0,"played":[0.9773,0.0227],"evs":[0.0,-0.84456]},"T3s":{"weight":0.0,"played":[0.6053,0.3947],"evs":[0.0,-0.45472]},"T4s":{"weight":0.0,"played":[0.6207,0.3793],"evs":[0.0,-0.62376]},"T5s":{"weight":0.0,"played":[0.138,0.862],"evs":[0.0,0.09424]},"T6s":{"weight":0.0,"played":[0.1136,0.8864],"evs":[0.0,0.14758]},"T7s":{"weight":0.0,"played":[0.0336,0.9664],"evs":[0.0,2.73524]},"T8s":{"weight":0.0,"played":[0.0803,0.9197],"evs":[0.0,0.87716]},"T9s":{"weight":0.7866,"played":[0.0087,0.9913],"evs":[0.0,2.63847]},"TT":{"weight":0.0,"played":[0.0,1.0],"evs":[0.0,8.68174]},"JTo":{"weight":0.0,"played":[0.0015,0.9985],"evs":[0.0,1.09962]},"QTo":{"weight":0.0,"played":[0.0263,0.9737],"evs":[0.0,0.73336]},"KTo":{"weight":0.0,"played":[0.1234,0.8766],"evs":[0.0,0.75335]},"ATo":{"weight":0.0077,"played":[4.0E-4,0.9996],"evs":[0.0,1.76788]},"J2s":{"weight":0.0,"played":[0.9974,0.0026],"evs":[0.0,-1.43931]},"J3s":{"weight":0.0,"played":[0.9797,0.0203],"evs":[0.0,-1.88992]},"J4s":{"weight":0.0,"played":[0.5152,0.4848],"evs":[0.0,-0.58892]},"J5s":{"weight":0.0,"played":[0.396,0.604],"evs":[0.0,1.13375]},"J6s":{"weight":0.0,"played":[0.9946,0.0054],"evs":[0.0,-1.66312]},"J7s":{"weight":0.0,"played":[0.5339,0.4661],"evs":[0.0,-0.0962]},"J8s":{"weight":0.0,"played":[0.003,0.997],"evs":[0.0,1.75559]},"J9s":{"weight":0.0,"played":[0.0027,0.9973],"evs":[0.0,2.0274]},"JTs":{"weight":0.746,"played":[0.0022,0.9978],"evs":[0.0,2.05628]},"JJ":{"weight":0.0,"played":[5.0E-4,0.9995],"evs":[0.0,9.19805]},"QJo":{"weight":0.0,"played":[0.001,0.999],"evs":[0.0,1.44161]},"KJo":{"weight":0.0,"played":[0.0055,0.9945],"evs":[0.0,0.99492]},"AJo":{"weight":6.0E-4,"played":[3.0E-4,0.9997],"evs":[0.0,3.43431]},"Q2s":{"weight":0.0,"played":[0.5853,0.4147],"evs":[0.0,-0.62115]},"Q3s":{"weight":0.0,"played":[0.6592,0.3408],"evs":[0.0,0.18673]},"Q4s":{"weight":0.0,"played":[0.714,0.286],"evs":[0.0,-0.17035]},"Q5s":{"weight":0.0,"played":[0.0053,0.9947],"evs":[0.0,1.33205]},"Q6s":{"weight":0.0,"played":[0.0746,0.9254],"evs":[0.0,0.51108]},"Q7s":{"weight":0.0,"played":[0.4488,0.5512],"evs":[0.0,1.27923]},"Q8s":{"weight":0.0,"played":[0.0362,0.9638],"evs":[0.0,1.08417]},"Q9s":{"weight":0.1346,"played":[0.0087,0.9913],"evs":[0.0,1.29386]},"QTs":{"weight":0.9857,"played":[0.0033,0.9967],"evs":[0.0,1.72686]},"QJs":{"weight":0.9996,"played":[0.0011,0.9989],"evs":[0.0,3.15813]},"QQ":{"weight":4.0E-4,"played":[2.0E-4,0.9998],"evs":[0.0,13.58161]},"KQo":{"weight":0.9054,"played":[9.0E-4,0.9991],"evs":[0.0,2.29452]},"AQo":{"weight":0.0,"played":[0.0,1.0],"evs":[0.0,4.20866]},"K2s":{"weight":0.0,"played":[0.0116,0.9884],"evs":[0.0,1.93045]},"K3s":{"weight":0.0,"played":[0.0029,0.9971],"evs":[0.0,1.41161]},"K4s":{"weight":0.0,"played":[0.0848,0.9152],"evs":[0.0,2.01494]},"K5s":{"weight":0.0,"played":[0.0012,0.9988],"evs":[0.0,2.16987]},"K6s":{"weight":0.0,"played":[0.0159,0.9841],"evs":[0.0,3.75636]},"K7s":{"weight":6.0E-4,"played":[0.0172,0.9828],"evs":[0.0,2.03729]},"K8s":{"weight":0.0,"played":[0.0223,0.9777],"evs":[0.0,3.31206]},"K9s":{"weight":0.9791,"played":[6.0E-4,0.9994],"evs":[0.0,3.05629]},"KTs":{"weight":0.9995,"played":[0.0161,0.9839],"evs":[0.0,4.11828]},"KJs":{"weight":0.9996,"played":[0.0017,0.9983],"evs":[0.0,4.26998]},"KQs":{"weight":0.05,"played":[0.0086,0.9914],"evs":[0.0,3.65711]},"KK":{"weight":0.0,"played":[0.0,1.0],"evs":[0.0,15.84295]},"AKo":{"weight":0.0,"played":[1.0E-4,0.9999],"evs":[0.0,6.3367]},"A2s":{"weight":0.0,"played":[0.0519,0.9481],"evs":[0.0,2.12462]},"A3s":{"weight":0.0,"played":[0.0244,0.9756],"evs":[0.0,1.61631]},"A4s":{"weight":0.0,"played":[0.0067,0.9933],"evs":[0.0,2.95002]},"A5s":{"weight":0.6503,"played":[2.0E-4,0.9998],"evs":[0.0,2.83471]},"A6s":{"weight":0.0829,"played":[2.0E-4,0.9998],"evs":[0.0,2.89126]},"A7s":{"weight":0.4474,"played":[0.0,1.0],"evs":[0.0,1.74852]},"A8s":{"weight":0.0111,"played":[7.0E-4,0.9993],"evs":[0.0,3.72204]},"A9s":{"weight":0.035,"played":[1.0E-4,0.9999],"evs":[0.0,2.82718]},"ATs":{"weight":0.004,"played":[0.0023,0.9977],"evs":[0.0,3.04569]},"AJs":{"weight":0.0,"played":[0.0,1.0],"evs":[0.0,6.60621]},"AQs":{"weight":0.0,"played":[1.0E-4,0.9999],"evs":[0.0,7.14374]},"AKs":{"weight":0.0,"played":[1.0E-4,0.9999],"evs":[0.0,6.92109]},"AA":{"weight":0.001,"played":[0.0,1.0],"evs":[0.0,18.64736]}}}