{"player":0,"street":0,"children":2,"sequence":[{"player":0,"type":"R","amount":200000,"street":0},{"player":1,"type":"C","amount":200000,"street":0},{"player":2,"type":"F","amount":0,"street":0},{"player":3,"type":"R","amount":1215000,"street":0},{"player":4,"type":"F","amount":0,"street":0},{"player":5,"type":"F","amount":0,"street":0},{"player":0,"type":"C","amount":1015000,"street":0},{"player":1,"type":"R","amount":2185000,"street":0}],"actions":[{"type":"F","amount":0},{"type":"C","amount":970000}],"hands":{"22":{"weight":0.0,"played":[0.0,1.0],"evs":[0.0,6.21073]},"32o":{"weight":0.0,"played":[0.0093,0.9907],"evs":[0.0,1.26791]},"42o":{"weight":0.0,"played":[0.0035,0.9965],"evs":[0.0,1.69232]},"52o":{"weight":0.0,"played":[0.0,1.0],"evs":[0.0,2.07524]},"62o":{"weight":0.0,"played":[0.0018,0.9982],"evs":[0.0,1.97602]},"72o":{"weight":0.0,"played":[0.0049,0.9951],"evs":[0.0,1.55244]},"82o":{"weight":0.0,"played":[1.0E-4,0.9999],"evs":[0.0,2.21708]},"92o":{"weight":0.0,"played":[0.0,1.0],"evs":[0.0,1.93246]},"T2o":{"weight":0.0,"played":[0.0,1.0],"evs":[0.0,1.23931]},"J2o":{"weight":0.0,"played":[1.0E-4,0.9999],"evs":[0.0,0.73496]},"Q2o":{"weight":0.0,"played":[0.0,1.0],"evs":[0.0,2.2155]},"K2o":{"weight":0.0,"played":[0.0,1.0],"evs":[0.0,2.43532]},"A2o":{"weight":0.0,"played":[0.0,1.0],"evs":[0.0,3.28343]},"32s":{"weight":0.0,"played":[0.0,1.0],"evs":[0.0,3.95452]},"33":{"weight":0.0049,"played":[0.0,1.0],"evs":[0.0,6.41519]},"43o":{"weight":0.0,"played":[0.0,1.0],"evs":[0.0,2.28861]},"53o":{"weight":0.0,"played":[0.0,1.0],"evs":[0.0,3.15833]},"63o":{"weight":0.0,"played":[0.0,1.0],"evs":[0.0,2.76599]},"73o":{"weight":0.0,"played":[0.0,1.0],"evs":[0.0,2.41474]},"83o":{"weight":0.0,"played":[0.0,1.0],"evs":[0.0,2.00545]},"93o":{"weight":0.0,"played":[0.0,1.0],"evs":[0.0,2.4048]},"T3o":{"weight":0.0,"played":[0.0,1.0],"evs":[0.0,1.69994]},"J3o":{"weight":0.0,"played":[0.0,1.0],"evs":[0.0,0.65716]},"Q3o":{"weight":0.0,"played":[2.0E-4,0.9998],"evs":[0.0,1.87367]},"K3o":{"weight":0.0,"played":[0.0,1.0],"evs":[0.0,2.60411]},"A3o":{"weight":0.0,"played":[0.0,1.0],"evs":[0.0,3.58264]},"42s":{"weight":0.0,"played":[0.0,1.0],"evs":[0.0,3.94076]},"43s":{"weight":0.0,"played":[0.0,1.0],"evs":[0.0,3.80518]},"44":{"weight":0.2867,"played":[0.0,1.0],"evs":[0.0,6.87473]},"54o":{"weight":0.0,"played":[0.0,1.0],"evs":[0.0,3.81541]},"64o":{"weight":0.0,"played":[0.0,1.0],"evs":[0.0,3.69849]},"74o":{"weight":0.0,"played":[0.0,1.0],"evs":[0.0,3.19601]},"84o":{"weight":0.0,"played":[0.0,1.0],"evs":[0.0,2.88545]},"94o":{"weight":0.0,"played":[0.0012,0.9988],"evs":[0.0,2.29649]},"T4o":{"weight":0.0,"played":[0.0,1.0],"evs":[0.0,2.278]},"J4o":{"weight":0.0,"played":[1.0E-4,0.9999],"evs":[0.0,1.14704]},"Q4o":{"weight":0.0,"played":[0.0,1.0],"evs":[0.0,2.26953]},"K4o":{"weight":0.0,"played":[0.0,1.0],"evs":[0.0,3.07593]},"A4o":{"weight":0.0,"played":[0.0,1.0],"evs":[0.0,3.7304]},"52s":{"weight":0.0,"played":[0.0,1.0],"evs":[0.0,4.16353]},"53s":{"weight":0.0,"played":[0.0,1.0],"evs":[0.0,5.27769]},"54s":{"weight":0.0,"played":[0.0,1.0],"evs":[0.0,5.69581]},"55":{"weight":0.1791,"played":[0.0,1.0],"evs":[0.0,8.09528]},"65o":{"weight":0.0,"played":[0.0,1.0],"evs":[0.0,4.54365]},"75o":{"weight":0.0,"played":[0.0,1.0],"evs":[0.0,3.97149]},"85o":{"weight":0.0,"played":[0.0,1.0],"evs":[0.0,3.63929]},"95o":{"weight":0.0,"played":[1.0E-4,0.9999],"evs":[0.0,3.23024]},"T5o":{"weight":0.0,"played":[0.0,1.0],"evs":[0.0,1.98003]},"J5o":{"weight":0.0,"played":[1.0E-4,0.9999],"evs":[0.0,1.25431]},"Q5o":{"weight":0.0,"played":[0.0,1.0],"evs":[0.0,2.72686]},"K5o":{"weight":0.0,"played":[0.0,1.0],"evs":[0.0,3.63592]},"A5o":{"weight":0.0,"played":[0.0,1.0],"evs":[0.0,4.14272]},"62s":{"weight":0.0,"played":[0.0,1.0],"evs":[0.0,3.81213]},"63s":{"weight":0.0,"played":[0.0,1.0],"evs":[0.0,4.79442]},"64s":{"weight":0.0,"played":[0.0,1.0],"evs":[0.0,6.2518]},"65s":{"weight":0.0,"played":[0.0,1.0],"evs":[0.0,6.98759]},"66":{"weight":0.0154,"played":[0.0,1.0],"evs":[0.0,10.70414]},"76o":{"weight":0.0,"played":[0.0,1.0],"evs":[0.0,5.06963]},"86o":{"weight":0.0,"played":[0.0,1.0],"evs":[0.0,4.56753]},"96o":{"weight":0.0,"played":[0.0,1.0],"evs":[0.0,4.28487]},"T6o":{"weight":0.0,"played":[0.0,1.0],"evs":[0.0,3.37318]},"J6o":{"weight":0.0,"played":[0.0,1.0],"evs":[0.0,2.00469]},"Q6o":{"weight":0.0,"played":[0.0,1.0],"evs":[0.0,3.32191]},"K6o":{"weight":0.0,"played":[0.0,1.0],"evs":[0.0,4.0347]},"A6o":{"weight":0.0,"played":[0.0,1.0],"evs":[0.0,4.16472]},"72s":{"weight":0.0,"played":[0.0,1.0],"evs":[0.0,3.98788]},"73s":{"weight":0.0,"played":[0.0,1.0],"evs":[0.0,4.40378]},"74s":{"weight":0.0,"played":[0.0,1.0],"evs":[0.0,5.43487]},"75s":{"weight":0.0,"played":[0.0,1.0],"evs":[0.0,6.47228]},"76s":{"weight":0.0,"played":[0.0,1.0],"evs":[0.0,7.78136]},"77":{"weight":0.0158,"played":[0.0,1.0],"evs":[0.0,12.32269]},"87o":{"weight":0.0,"played":[0.0,1.0],"evs":[0.0,5.95487]},"97o":{"weight":0.0,"played":[0.0,1.0],"evs":[0.0,5.13738]},"T7o":{"weight":0.0,"played":[0.0,1.0],"evs":[0.0,4.90036]},"J7o":{"weight":0.0,"played":[0.0,1.0],"evs":[0.0,2.8412]},"Q7o":{"weight":0.0,"played":[0.0,1.0],"evs":[0.0,3.56747]},"K7o":{"weight":0.0,"played":[0.0,1.0],"evs":[0.0,4.55089]},"A7o":{"weight":0.0,"played":[0.0,1.0],"evs":[0.0,4.47809]},"82s":{"weight":0.0,"played":[0.0,1.0],"evs":[0.0,3.69666]},"83s":{"weight":0.0,"played":[0.0,1.0],"evs":[0.0,4.28071]},"84s":{"weight":0.0,"played":[0.0,1.0],"evs":[0.0,4.90741]},"85s":{"weight":0.0,"played":[0.0,1.0],"evs":[0.0,5.77004]},"86s":{"weight":0.0,"played":[0.0,1.0],"evs":[0.0,6.61544]},"87s":{"weight":0.0,"played":[0.0,1.0],"evs":[0.0,7.88694]},"88":{"weight":0.1024,"played":[0.0,1.0],"evs":[0.0,12.64036]},"98o":{"weight":0.0,"played":[0.0,1.0],"evs":[0.0,6.14812]},"T8o":{"weight":0.0,"played":[0.0,1.0],"evs":[0.0,5.36204]},"J8o":{"weight":0.0,"played":[0.0,1.0],"evs":[0.0,3.83047]},"Q8o":{"weight":0.0,"played":[0.0,1.0],"evs":[0.0,4.04505]},"K8o":{"weight":0.0,"played":[0.0,1.0],"evs":[0.0,4.34503]},"A8o":{"weight":0.0,"played":[0.0,1.0],"evs":[0.0,4.71988]},"92s":{"weight":0.0,"played":[0.0,1.0],"evs":[0.0,4.65368]},"93s":{"weight":0.0,"played":[2.0E-4,0.9998],"evs":[0.0,4.03876]},"94s":{"weight":0.0,"played":[0.0,1.0],"evs":[0.0,5.27575]},"95s":{"weight":0.0,"played":[0.0,1.0],"evs":[0.0,4.57463]},"96s":{"weight":0.0,"played":[0.0,1.0],"evs":[0.0,6.14798]},"97s":{"weight":0.0,"played":[0.0,1.0],"evs":[0.0,7.51415]},"98s":{"weight":0.0,"played":[0.0,1.0],"evs":[0.0,7.9286]},"99":{"weight":0.1901,"played":[0.0,1.0],"evs":[0.0,13.22548]},"T9o":{"weight":0.0,"played":[0.0,1.0],"evs":[0.0,6.14935]},"J9o":{"weight":0.0,"played":[0.0,1.0],"evs":[0.0,4.57682]},"Q9o":{"weight":0.0,"played":[0.0,1.0],"evs":[0.0,5.07015]},"K9o":{"weight":0.0,"played":[0.0,1.0],"evs":[0.0,5.17153]},"A9o":{"weight":0.0,"played":[0.0,1.0],"evs":[0.0,5.15668]},"T2s":{"weight":0.0,"played":[1.0E-4,0.9999],"evs":[0.0,4.0052]},"T3s":{"weight":0.0,"played":[1.0E-4,0.9999],"evs":[0.0,4.51839]},"T4s":{"weight":0.0,"played":[0.0,1.0],"evs":[0.0,4.60363]},"T5s":{"weight":0.0,"played":[0.0,1.0],"evs":[0.0,3.90601]},"T6s":{"weight":0.0,"played":[1.0E-4,0.9999],"evs":[0.0,5.39386]},"T7s":{"weight":0.0,"played":[0.0,1.0],"evs":[0.0,6.85295]},"T8s":{"weight":1.0E-4,"played":[0.0,1.0],"evs":[0.0,7.36389]},"T9s":{"weight":8.0E-4,"played":[0.0,1.0],"evs":[0.0,8.13674]},"TT":{"weight":0.0509,"played":[0.0,1.0],"evs":[0.0,14.49769]},"JTo":{"weight":0.0,"played":[0.0,1.0],"evs":[0.0,4.93193]},"QTo":{"weight":0.0,"played":[0.0,1.0],"evs":[0.0,5.52614]},"KTo":{"weight":0.0,"played":[0.0,1.0],"evs":[0.0,5.57422]},"ATo":{"weight":1.0E-4,"played":[0.0,1.0],"evs":[0.0,6.35789]},"J2s":{"weight":0.0,"played":[0.0,1.0],"evs":[0.0,2.61734]},"J3s":{"weight":0.0,"played":[1.0E-4,0.9999],"evs":[0.0,3.00504]},"J4s":{"weight":0.0,"played":[1.0E-4,0.9999],"evs":[0.0,3.121]},"J5s":{"weight":0.0,"played":[5.0E-4,0.9995],"evs":[0.0,3.17987]},"J6s":{"weight":0.0,"played":[0.0,1.0],"evs":[0.0,3.52013]},"J7s":{"weight":0.0,"played":[0.0,1.0],"evs":[0.0,5.20367]},"J8s":{"weight":0.0,"played":[0.0,1.0],"evs":[0.0,5.37408]},"J9s":{"weight":0.0083,"played":[0.0,1.0],"evs":[0.0,6.71278]},"JTs":{"weight":0.0127,"played":[0.0,1.0],"evs":[0.0,6.88365]},"JJ":{"weight":0.1092,"played":[0.0,1.0],"evs":[0.0,15.85328]},"QJo":{"weight":0.0,"played":[0.0,1.0],"evs":[0.0,4.79029]},"KJo":{"weight":0.0,"played":[0.0,1.0],"evs":[0.0,5.00847]},"AJo":{"weight":0.0152,"played":[0.0,1.0],"evs":[0.0,8.61966]},"Q2s":{"weight":0.0,"played":[0.0,1.0],"evs":[0.0,4.09934]},"Q3s":{"weight":0.0,"played":[0.0,1.0],"evs":[0.0,4.97729]},"Q4s":{"weight":0.0,"played":[0.0,1.0],"evs":[0.0,5.45079]},"Q5s":{"weight":0.0,"played":[0.0,1.0],"evs":[0.0,5.04557]},"Q6s":{"weight":0.0,"played":[0.0,1.0],"evs":[0.0,4.77299]},"Q7s":{"weight":0.0,"played":[0.0,1.0],"evs":[0.0,5.40324]},"Q8s":{"weight":0.0,"played":[0.0,1.0],"evs":[0.0,6.3743]},"Q9s":{"weight":0.0182,"played":[0.0,1.0],"evs":[0.0,7.74112]},"QTs":{"weight":0.2317,"played":[0.0,1.0],"evs":[0.0,7.44904]},"QJs":{"weight":0.2442,"played":[0.0,1.0],"evs":[0.0,6.54377]},"QQ":{"weight":0.1728,"played":[0.0,1.0],"evs":[0.0,19.05154]},"KQo":{"weight":0.0095,"played":[0.0,1.0],"evs":[0.0,7.75718]},"AQo":{"weight":0.0054,"played":[0.0,1.0],"evs":[0.0,12.0874]},"K2s":{"weight":0.0,"played":[0.0,1.0],"evs":[0.0,5.36863]},"K3s":{"weight":0.0,"played":[0.0,1.0],"evs":[0.0,5.21637]},"K4s":{"weight":0.0,"played":[0.0,1.0],"evs":[0.0,5.40718]},"K5s":{"weight":0.0,"played":[0.0,1.0],"evs":[0.0,5.01199]},"K6s":{"weight":0.0,"played":[0.0,1.0],"evs":[0.0,5.7839]},"K7s":{"weight":0.0,"played":[0.0,1.0],"evs":[0.0,6.8258]},"K8s":{"weight":0.0,"played":[0.0,1.0],"evs":[0.0,6.38439]},"K9s":{"weight":1.0E-4,"played":[0.0,1.0],"evs":[0.0,7.18695]},"KTs":{"weight":0.0327,"played":[0.0,1.0],"evs":[0.0,7.31173]},"KJs":{"weight":0.0682,"played":[0.0,1.0],"evs":[0.0,7.01507]},"KQs":{"weight":0.0141,"played":[0.0,1.0],"evs":[0.0,9.2255]},"KK":{"weight":0.0264,"played":[0.0,1.0],"evs":[0.0,24.7026]},"AKo":{"weight":0.1193,"played":[0.0,1.0],"evs":[0.0,14.19236]},"A2s":{"weight":0.0,"played":[0.0,1.0],"evs":[0.0,5.63109]},"A3s":{"weight":0.0,"played":[0.0,1.0],"evs":[0.0,6.05196]},"A4s":{"weight":0.0,"played":[0.0,1.0],"evs":[0.0,6.31707]},"A5s":{"weight":0.0,"played":[0.0,1.0],"evs":[0.0,6.83826]},"A6s":{"weight":0.0,"played":[0.0,1.0],"evs":[0.0,6.08432]},"A7s":{"weight":0.0,"played":[0.0,1.0],"evs":[0.0,7.28921]},"A8s":{"weight":0.0,"played":[0.0,1.0],"evs":[0.0,6.93157]},"A9s":{"weight":0.0933,"played":[0.0,1.0],"evs":[0.0,7.36246]},"ATs":{"weight":0.4281,"played":[0.0,1.0],"evs":[0.0,8.29712]},"AJs":{"weight":0.2207,"played":[0.0,1.0],"evs":[0.0,10.46139]},"AQs":{"weight":0.013,"played":[0.0,1.0],"evs":[0.0,13.44934]},"AKs":{"weight":0.5949,"played":[0.0,1.0],"evs":[0.0,16.45765]},"AA":{"weight":0.4522,"played":[0.0,1.0],"evs":[0.0,33.92925]}}}