{"player":4,"street":0,"children":2,"sequence":[{"player":0,"type":"F","amount":0,"street":0},{"player":1,"type":"R","amount":200000,"street":0},{"player":2,"type":"F","amount":0,"street":0},{"player":3,"type":"C","amount":200000,"street":0},{"player":4,"type":"C","amount":150000,"street":0},{"player":5,"type":"R","amount":815000,"street":0},{"player":1,"type":"C","amount":615000,"street":0},{"player":3,"type":"R","amount":1215000,"street":0}],"actions":[{"type":"F","amount":0,"node":45},{"type":"C","amount":515000,"node":46}],"hands":{"22":{"weight":0.7262,"played":[0.0014,0.9986],"evs":[0.0,0.67286]},"32o":{"weight":0.0,"played":[0.9996,4.0E-4],"evs":[0.0,-1.0136]},"42o":{"weight":0.0,"played":[1.0,0.0],"evs":[0.0,-0.87101]},"52o":{"weight":0.0,"played":[0.9999,1.0E-4],"evs":[0.0,-0.67527]},"62o":{"weight":0.0,"played":[0.9995,5.0E-4],"evs":[0.0,-0.9223]},"72o":{"weight":0.0,"played":[1.0,0.0],"evs":[0.0,-1.26738]},"82o":{"weight":0.0,"played":[0.9992,8.0E-4],"evs":[0.0,-1.18186]},"92o":{"weight":0.0,"played":[1.0,0.0],"evs":[0.0,-1.58166]},"T2o":{"weight":0.0,"played":[1.0,0.0],"evs":[0.0,-1.47752]},"J2o":{"weight":0.0,"played":[0.9999,1.0E-4],"evs":[0.0,-1.26576]},"Q2o":{"weight":0.0,"played":[1.0,0.0],"evs":[0.0,-0.94905]},"K2o":{"weight":0.0,"played":[0.9998,2.0E-4],"evs":[0.0,-0.90091]},"A2o":{"weight":0.0,"played":[0.2071,0.7929],"evs":[0.0,0.17081]},"32s":{"weight":0.0,"played":[0.2965,0.7035],"evs":[0.0,0.08193]},"33":{"weight":0.9785,"played":[0.0,1.0],"evs":[0.0,1.02107]},"43o":{"weight":0.0,"played":[0.9994,6.0E-4],"evs":[0.0,-0.50946]},"53o":{"weight":0.0,"played":[0.8604,0.1396],"evs":[0.0,-0.12318]},"63o":{"weight":0.0,"played":[0.9979,0.0021],"evs":[0.0,-0.74376]},"73o":{"weight":0.0,"played":[0.999,0.001],"evs":[0.0,-1.03724]},"83o":{"weight":0.0,"played":[1.0,0.0],"evs":[0.0,-1.41771]},"93o":{"weight":0.0,"played":[1.0,0.0],"evs":[0.0,-1.52193]},"T3o":{"weight":0.0,"played":[1.0,0.0],"evs":[0.0,-1.29828]},"J3o":{"weight":0.0,"played":[1.0,0.0],"evs":[0.0,-1.14228]},"Q3o":{"weight":0.0,"played":[1.0,0.0],"evs":[0.0,-1.19575]},"K3o":{"weight":0.0,"played":[1.0,0.0],"evs":[0.0,-1.00949]},"A3o":{"weight":0.0,"played":[0.0019,0.9981],"evs":[0.0,0.33026]},"42s":{"weight":0.0,"played":[0.371,0.629],"evs":[0.0,-0.12002]},"43s":{"weight":0.0,"played":[0.0059,0.9941],"evs":[0.0,0.45123]},"44":{"weight":0.9987,"played":[0.0011,0.9989],"evs":[0.0,1.34387]},"54o":{"weight":0.0,"played":[0.1701,0.8299],"evs":[0.0,0.12898]},"64o":{"weight":0.0,"played":[0.8202,0.1798],"evs":[0.0,-0.04348]},"74o":{"weight":0.0,"played":[0.9799,0.0201],"evs":[0.0,-0.74599]},"84o":{"weight":0.0,"played":[0.9999,1.0E-4],"evs":[0.0,-0.63217]},"94o":{"weight":0.0,"played":[1.0,0.0],"evs":[0.0,-1.37028]},"T4o":{"weight":0.0,"played":[1.0,0.0],"evs":[0.0,-1.11109]},"J4o":{"weight":0.0,"played":[0.9985,0.0015],"evs":[0.0,-0.8682]},"Q4o":{"weight":0.0,"played":[0.9994,6.0E-4],"evs":[0.0,-1.1676]},"K4o":{"weight":0.0,"played":[0.9999,1.0E-4],"evs":[0.0,-0.8045]},"A4o":{"weight":0.9893,"played":[0.0,1.0],"evs":[0.0,0.626]},"52s":{"weight":0.0,"played":[0.1224,0.8776],"evs":[0.0,0.17167]},"53s":{"weight":0.0,"played":[7.0E-4,0.9993],"evs":[0.0,0.6423]},"54s":{"weight":0.7362,"played":[2.0E-4,0.9998],"evs":[0.0,1.15548]},"55":{"weight":0.7895,"played":[0.0,1.0],"evs":[0.0,1.62943]},"65o":{"weight":0.0,"played":[0.0185,0.9815],"evs":[0.0,0.04458]},"75o":{"weight":0.0,"played":[0.8434,0.1566],"evs":[0.0,-0.26581]},"85o":{"weight":0.0,"played":[0.9938,0.0062],"evs":[0.0,-0.32364]},"95o":{"weight":0.0,"played":[0.9994,6.0E-4],"evs":[0.0,-0.9786]},"T5o":{"weight":0.0,"played":[0.9999,1.0E-4],"evs":[0.0,-1.16318]},"J5o":{"weight":0.0,"played":[0.9996,4.0E-4],"evs":[0.0,-1.04026]},"Q5o":{"weight":0.0,"played":[1.0,0.0],"evs":[0.0,-0.62813]},"K5o":{"weight":0.0,"played":[0.9988,0.0012],"evs":[0.0,-0.59869]},"A5o":{"weight":0.668,"played":[0.0,1.0],"evs":[0.0,0.7862]},"62s":{"weight":0.0,"played":[0.0444,0.9556],"evs":[0.0,0.05728]},"63s":{"weight":0.0,"played":[0.037,0.963],"evs":[0.0,0.19083]},"64s":{"weight":0.0,"played":[1.0E-4,0.9999],"evs":[0.0,0.80858]},"65s":{"weight":0.9968,"played":[4.0E-4,0.9996],"evs":[0.0,1.12937]},"66":{"weight":0.003,"played":[1.0E-4,0.9999],"evs":[0.0,2.04648]},"76o":{"weight":0.0,"played":[0.0,1.0],"evs":[0.0,0.23484]},"86o":{"weight":0.0,"played":[0.9788,0.0212],"evs":[0.0,-0.13528]},"96o":{"weight":0.0,"played":[0.9948,0.0052],"evs":[0.0,-0.49944]},"T6o":{"weight":0.0,"played":[0.9995,5.0E-4],"evs":[0.0,-0.67713]},"J6o":{"weight":0.0,"played":[0.9944,0.0056],"evs":[0.0,-0.9507]},"Q6o":{"weight":0.0,"played":[0.9999,1.0E-4],"evs":[0.0,-0.51263]},"K6o":{"weight":0.0,"played":[0.9997,3.0E-4],"evs":[0.0,-0.19359]},"A6o":{"weight":0.8953,"played":[0.0041,0.9959],"evs":[0.0,0.62472]},"72s":{"weight":0.0,"played":[0.8491,0.1509],"evs":[0.0,-0.17759]},"73s":{"weight":0.0,"played":[0.5502,0.4498],"evs":[0.0,-0.14313]},"74s":{"weight":0.0,"played":[1.0E-4,0.9999],"evs":[0.0,0.44064]},"75s":{"weight":0.0437,"played":[0.0,1.0],"evs":[0.0,0.95234]},"76s":{"weight":0.999,"played":[0.0,1.0],"evs":[0.0,1.25941]},"77":{"weight":1.0E-4,"played":[0.0,1.0],"evs":[0.0,1.76659]},"87o":{"weight":0.0,"played":[0.3589,0.6411],"evs":[0.0,-0.04796]},"97o":{"weight":0.0,"played":[0.9769,0.0231],"evs":[0.0,-0.35166]},"T7o":{"weight":0.0,"played":[0.9998,2.0E-4],"evs":[0.0,-0.45225]},"J7o":{"weight":0.0,"played":[0.9926,0.0074],"evs":[0.0,-0.68739]},"Q7o":{"weight":0.0,"played":[1.0,0.0],"evs":[0.0,-0.61143]},"K7o":{"weight":0.0,"played":[0.9523,0.0477],"evs":[0.0,-0.72079]},"A7o":{"weight":0.0095,"played":[0.0,1.0],"evs":[0.0,0.91998]},"82s":{"weight":0.0,"played":[0.3481,0.6519],"evs":[0.0,-0.11267]},"83s":{"weight":0.0,"played":[0.5392,0.4608],"evs":[0.0,-0.01913]},"84s":{"weight":0.0,"played":[0.2424,0.7576],"evs":[0.0,0.18674]},"85s":{"weight":0.0,"played":[0.0088,0.9912],"evs":[0.0,0.85346]},"86s":{"weight":0.9272,"played":[0.002,0.998],"evs":[0.0,0.77178]},"87s":{"weight":0.9998,"played":[1.0E-4,0.9999],"evs":[0.0,1.16081]},"88":{"weight":0.0,"played":[0.0,1.0],"evs":[0.0,3.00601]},"98o":{"weight":0.0,"played":[0.3831,0.6169],"evs":[0.0,-0.11618]},"T8o":{"weight":0.0,"played":[0.9823,0.0177],"evs":[0.0,-0.2962]},"J8o":{"weight":0.0,"played":[0.8026,0.1974],"evs":[0.0,-0.21968]},"Q8o":{"weight":0.0,"played":[0.9329,0.0671],"evs":[0.0,-0.16766]},"K8o":{"weight":0.0,"played":[0.5266,0.4734],"evs":[0.0,0.06401]},"A8o":{"weight":0.0012,"played":[0.0,1.0],"evs":[0.0,1.49502]},"92s":{"weight":0.0,"played":[0.9767,0.0233],"evs":[0.0,-0.45904]},"93s":{"weight":0.0,"played":[0.9946,0.0054],"evs":[0.0,-0.41092]},"94s":{"weight":0.0,"played":[0.8975,0.1025],"evs":[0.0,-0.32561]},"95s":{"weight":0.0,"played":[0.0551,0.9449],"evs":[0.0,0.40491]},"96s":{"weight":2.0E-4,"played":[3.0E-4,0.9997],"evs":[0.0,0.50965]},"97s":{"weight":0.6694,"played":[0.0,1.0],"evs":[0.0,0.41033]},"98s":{"weight":0.9997,"played":[1.0E-4,0.9999],"evs":[0.0,0.85759]},"99":{"weight":0.0,"played":[1.0E-4,0.9999],"evs":[0.0,3.27459]},"T9o":{"weight":0.0,"played":[0.2404,0.7596],"evs":[0.0,0.09156]},"J9o":{"weight":0.0,"played":[0.0054,0.9946],"evs":[0.0,0.23985]},"Q9o":{"weight":0.0,"played":[0.582,0.418],"evs":[0.0,-0.05791]},"K9o":{"weight":0.0,"played":[0.1114,0.8886],"evs":[0.0,0.28707]},"A9o":{"weight":1.0E-4,"played":[0.0,1.0],"evs":[0.0,1.38664]},"T2s":{"weight":0.0,"played":[0.9692,0.0308],"evs":[0.0,-0.47831]},"T3s":{"weight":0.0,"played":[0.9768,0.0232],"evs":[0.0,-0.43048]},"T4s":{"weight":0.0,"played":[0.9964,0.0036],"evs":[0.0,-0.2531]},"T5s":{"weight":0.0,"played":[0.9463,0.0537],"evs":[0.0,-0.12315]},"T6s":{"weight":0.0,"played":[0.2791,0.7209],"evs":[0.0,0.31806]},"T7s":{"weight":0.0,"played":[0.0029,0.9971],"evs":[0.0,0.43726]},"T8s":{"weight":0.8462,"played":[1.0E-4,0.9999],"evs":[0.0,0.72113]},"T9s":{"weight":0.9893,"played":[0.0037,0.9963],"evs":[0.0,1.10294]},"TT":{"weight":0.0,"played":[0.0,1.0],"evs":[0.0,4.91501]},"JTo":{"weight":1.0E-4,"played":[0.0062,0.9938],"evs":[0.0,0.59904]},"QTo":{"weight":0.0,"played":[6.0E-4,0.9994],"evs":[0.0,0.66371]},"KTo":{"weight":0.9991,"played":[0.0,1.0],"evs":[0.0,0.97173]},"ATo":{"weight":0.0,"played":[0.0,1.0],"evs":[0.0,2.5481]},"J2s":{"weight":0.0,"played":[0.9791,0.0209],"evs":[0.0,-0.31952]},"J3s":{"weight":0.0,"played":[0.001,0.999],"evs":[0.0,0.65219]},"J4s":{"weight":0.0,"played":[0.0478,0.9522],"evs":[0.0,0.47284]},"J5s":{"weight":0.0,"played":[0.8255,0.1745],"evs":[0.0,-0.21573]},"J6s":{"weight":0.0,"played":[0.4031,0.5969],"evs":[0.0,0.19132]},"J7s":{"weight":0.0,"played":[0.039,0.961],"evs":[0.0,0.2369]},"J8s":{"weight":0.9995,"played":[2.0E-4,0.9998],"evs":[0.0,0.9578]},"J9s":{"weight":0.9995,"played":[0.0,1.0],"evs":[0.0,1.10446]},"JTs":{"weight":0.9995,"played":[0.0,1.0],"evs":[0.0,1.41083]},"JJ":{"weight":0.0,"played":[0.0,1.0],"evs":[0.0,5.82116]},"QJo":{"weight":1.0,"played":[0.0,1.0],"evs":[0.0,1.17486]},"KJo":{"weight":4.0E-4,"played":[0.0,1.0],"evs":[0.0,1.64124]},"AJo":{"weight":0.0,"played":[0.0,1.0],"evs":[0.0,3.17825]},"Q2s":{"weight":0.0,"played":[0.8521,0.1479],"evs":[0.0,-0.02586]},"Q3s":{"weight":0.0,"played":[0.4105,0.5895],"evs":[0.0,0.14445]},"Q4s":{"weight":0.0,"played":[0.1545,0.8455],"evs":[0.0,0.09474]},"Q5s":{"weight":0.0,"played":[0.0361,0.9639],"evs":[0.0,0.3023]},"Q6s":{"weight":0.0015,"played":[0.0,1.0],"evs":[0.0,0.66006]},"Q7s":{"weight":0.0,"played":[0.0079,0.9921],"evs":[0.0,0.6865]},"Q8s":{"weight":0.9078,"played":[8.0E-4,0.9992],"evs":[0.0,0.80394]},"Q9s":{"weight":0.9998,"played":[8.0E-4,0.9992],"evs":[0.0,1.1475]},"QTs":{"weight":0.9997,"played":[0.0,1.0],"evs":[0.0,1.7313]},"QJs":{"weight":0.9932,"played":[4.0E-4,0.9996],"evs":[0.0,2.12189]},"QQ":{"weight":0.0,"played":[0.0,1.0],"evs":[0.0,7.78262]},"KQo":{"weight":0.0,"played":[0.0,1.0],"evs":[0.0,2.07334]},"AQo":{"weight":0.0,"played":[0.0,1.0],"evs":[0.0,3.65902]},"K2s":{"weight":0.0,"played":[0.0894,0.9106],"evs":[0.0,0.53401]},"K3s":{"weight":0.0,"played":[0.4858,0.5142],"evs":[0.0,0.34942]},"K4s":{"weight":0.0027,"played":[0.0732,0.9268],"evs":[0.0,0.32621]},"K5s":{"weight":0.9967,"played":[0.016,0.984],"evs":[0.0,0.36124]},"K6s":{"weight":0.9845,"played":[0.0063,0.9937],"evs":[0.0,0.29888]},"K7s":{"weight":0.9972,"played":[0.0125,0.9875],"evs":[0.0,0.63095]},"K8s":{"weight":0.9898,"played":[0.0015,0.9985],"evs":[0.0,0.89396]},"K9s":{"weight":0.9997,"played":[0.0,1.0],"evs":[0.0,1.30881]},"KTs":{"weight":0.0083,"played":[1.0E-4,0.9999],"evs":[0.0,2.19017]},"KJs":{"weight":1.0E-4,"played":[0.0,1.0],"evs":[0.0,2.90655]},"KQs":{"weight":0.0,"played":[1.0E-4,0.9999],"evs":[0.0,2.97492]},"KK":{"weight":0.0,"played":[0.0,1.0],"evs":[0.0,9.57579]},"AKo":{"weight":0.0,"played":[0.0,1.0],"evs":[0.0,4.21878]},"A2s":{"weight":0.3267,"played":[3.0E-4,0.9997],"evs":[0.0,1.29874]},"A3s":{"weight":0.048,"played":[0.002,0.998],"evs":[0.0,2.14666]},"A4s":{"weight":0.0021,"played":[0.0018,0.9982],"evs":[0.0,1.65371]},"A5s":{"weight":2.0E-4,"played":[1.0E-4,0.9999],"evs":[0.0,1.84435]},"A6s":{"weight":0.0012,"played":[0.0016,0.9984],"evs":[0.0,2.27097]},"A7s":{"weight":1.0E-4,"played":[0.0,1.0],"evs":[0.0,2.03553]},"A8s":{"weight":5.0E-4,"played":[0.0,1.0],"evs":[0.0,2.21293]},"A9s":{"weight":0.0,"played":[4.0E-4,0.9996],"evs":[0.0,2.65826]},"ATs":{"weight":0.0,"played":[0.0,1.0],"evs":[0.0,3.23231]},"AJs":{"weight":0.0,"played":[0.0,1.0],"evs":[0.0,4.19587]},"AQs":{"weight":0.0,"played":[3.0E-4,0.9997],"evs":[0.0,4.70302]},"AKs":{"weight":0.0,"played":[0.0,1.0],"evs":[0.0,5.10972]},"AA":{"weight":0.0,"played":[0.0,1.0],"evs":[0.0,13.03062]}}}