{"player":5,"street":0,"children":2,"sequence":[{"player":0,"type":"R","amount":200000,"street":0},{"player":1,"type":"C","amount":200000,"street":0},{"player":2,"type":"F","amount":0,"street":0},{"player":3,"type":"R","amount":1215000,"street":0},{"player":4,"type":"C","amount":665000,"street":0}],"actions":[{"type":"F","amount":0,"node":445},{"type":"C","amount":715000,"node":448}],"hands":{"22":{"weight":1.0,"played":[0.9975,0.0025],"evs":[0.0,-0.32321]},"32o":{"weight":1.0,"played":[1.0,0.0],"evs":[0.0,-2.17193]},"42o":{"weight":1.0,"played":[1.0,0.0],"evs":[0.0,-1.76315]},"52o":{"weight":1.0,"played":[0.9991,9.0E-4],"evs":[0.0,-1.72711]},"62o":{"weight":1.0,"played":[0.9994,6.0E-4],"evs":[0.0,-2.286]},"72o":{"weight":1.0,"played":[0.9999,1.0E-4],"evs":[0.0,-2.45604]},"82o":{"weight":1.0,"played":[1.0,0.0],"evs":[0.0,-2.5997]},"92o":{"weight":1.0,"played":[0.9997,3.0E-4],"evs":[0.0,-2.37745]},"T2o":{"weight":1.0,"played":[1.0,0.0],"evs":[0.0,-2.73899]},"J2o":{"weight":1.0,"played":[0.9999,1.0E-4],"evs":[0.0,-2.50363]},"Q2o":{"weight":1.0,"played":[0.9999,1.0E-4],"evs":[0.0,-2.74687]},"K2o":{"weight":1.0,"played":[1.0,0.0],"evs":[0.0,-2.2975]},"A2o":{"weight":1.0,"played":[1.0,0.0],"evs":[0.0,-2.27146]},"32s":{"weight":1.0,"played":[0.9856,0.0144],"evs":[0.0,-0.83782]},"33":{"weight":1.0,"played":[0.6888,0.3112],"evs":[0.0,0.13647]},"43o":{"weight":1.0,"played":[0.9999,1.0E-4],"evs":[0.0,-1.23302]},"53o":{"weight":1.0,"played":[0.9986,0.0014],"evs":[0.0,-1.23318]},"63o":{"weight":1.0,"played":[1.0,0.0],"evs":[0.0,-1.96528]},"73o":{"weight":1.0,"played":[1.0,0.0],"evs":[0.0,-2.13309]},"83o":{"weight":1.0,"played":[0.9999,1.0E-4],"evs":[0.0,-2.49894]},"93o":{"weight":1.0,"played":[0.9999,1.0E-4],"evs":[0.0,-2.5674]},"T3o":{"weight":1.0,"played":[0.9999,1.0E-4],"evs":[0.0,-2.80328]},"J3o":{"weight":1.0,"played":[0.9999,1.0E-4],"evs":[0.0,-2.32793]},"Q3o":{"weight":1.0,"played":[0.9996,4.0E-4],"evs":[0.0,-2.56148]},"K3o":{"weight":1.0,"played":[0.9999,1.0E-4],"evs":[0.0,-2.03729]},"A3o":{"weight":1.0,"played":[0.9997,3.0E-4],"evs":[0.0,-2.21363]},"42s":{"weight":1.0,"played":[0.7731,0.2269],"evs":[0.0,-1.02625]},"43s":{"weight":1.0,"played":[0.7462,0.2538],"evs":[0.0,0.01295]},"44":{"weight":1.0,"played":[0.0117,0.9883],"evs":[0.0,0.18547]},"54o":{"weight":1.0,"played":[0.9999,1.0E-4],"evs":[0.0,-0.22781]},"64o":{"weight":1.0,"played":[0.9998,2.0E-4],"evs":[0.0,-0.84049]},"74o":{"weight":1.0,"played":[0.9972,0.0028],"evs":[0.0,-1.89471]},"84o":{"weight":1.0,"played":[1.0,0.0],"evs":[0.0,-1.71645]},"94o":{"weight":1.0,"played":[1.0,0.0],"evs":[0.0,-2.34403]},"T4o":{"weight":1.0,"played":[1.0,0.0],"evs":[0.0,-2.25111]},"J4o":{"weight":1.0,"played":[1.0,0.0],"evs":[0.0,-2.7935]},"Q4o":{"weight":1.0,"played":[1.0,0.0],"evs":[0.0,-2.47528]},"K4o":{"weight":1.0,"played":[1.0,0.0],"evs":[0.0,-2.00622]},"A4o":{"weight":1.0,"played":[0.9983,0.0017],"evs":[0.0,-2.22126]},"52s":{"weight":1.0,"played":[0.6158,0.3842],"evs":[0.0,-0.41802]},"53s":{"weight":1.0,"played":[0.1476,0.8524],"evs":[0.0,-0.12086]},"54s":{"weight":1.0,"played":[2.0E-4,0.9998],"evs":[0.0,0.45292]},"55":{"weight":1.0,"played":[0.2573,0.7427],"evs":[0.0,0.37813]},"65o":{"weight":1.0,"played":[0.9819,0.0181],"evs":[0.0,-0.71298]},"75o":{"weight":1.0,"played":[1.0,0.0],"evs":[0.0,-0.94877]},"85o":{"weight":1.0,"played":[1.0,0.0],"evs":[0.0,-1.43448]},"95o":{"weight":1.0,"played":[0.9997,3.0E-4],"evs":[0.0,-1.66449]},"T5o":{"weight":1.0,"played":[0.9998,2.0E-4],"evs":[0.0,-2.13336]},"J5o":{"weight":1.0,"played":[0.9999,1.0E-4],"evs":[0.0,-2.41984]},"Q5o":{"weight":1.0,"played":[0.9999,1.0E-4],"evs":[0.0,-2.23905]},"K5o":{"weight":1.0,"played":[0.9998,2.0E-4],"evs":[0.0,-2.12492]},"A5o":{"weight":1.0,"played":[1.0,0.0],"evs":[0.0,-1.88033]},"62s":{"weight":1.0,"played":[0.943,0.057],"evs":[0.0,-1.51773]},"63s":{"weight":1.0,"played":[0.5868,0.4132],"evs":[0.0,-0.36139]},"64s":{"weight":1.0,"played":[0.2487,0.7513],"evs":[0.0,0.26718]},"65s":{"weight":1.0,"played":[0.0104,0.9896],"evs":[0.0,0.86075]},"66":{"weight":1.0,"played":[0.0299,0.9701],"evs":[0.0,0.8848]},"76o":{"weight":1.0,"played":[0.9941,0.0059],"evs":[0.0,-0.69724]},"86o":{"weight":1.0,"played":[0.9999,1.0E-4],"evs":[0.0,-1.02696]},"96o":{"weight":1.0,"played":[0.9999,1.0E-4],"evs":[0.0,-1.1436]},"T6o":{"weight":1.0,"played":[0.9984,0.0016],"evs":[0.0,-2.43249]},"J6o":{"weight":1.0,"played":[1.0,0.0],"evs":[0.0,-2.80698]},"Q6o":{"weight":1.0,"played":[1.0,0.0],"evs":[0.0,-1.95545]},"K6o":{"weight":1.0,"played":[0.9996,4.0E-4],"evs":[0.0,-1.61579]},"A6o":{"weight":1.0,"played":[1.0,0.0],"evs":[0.0,-2.38724]},"72s":{"weight":1.0,"played":[1.0,0.0],"evs":[0.0,-1.1637]},"73s":{"weight":1.0,"played":[0.996,0.004],"evs":[0.0,-1.01219]},"74s":{"weight":1.0,"played":[0.8734,0.1266],"evs":[0.0,-0.38123]},"75s":{"weight":1.0,"played":[0.2956,0.7044],"evs":[0.0,1.3606]},"76s":{"weight":1.0,"played":[0.0288,0.9712],"evs":[0.0,1.13413]},"77":{"weight":1.0,"played":[0.0223,0.9777],"evs":[0.0,0.84885]},"87o":{"weight":1.0,"played":[0.9621,0.0379],"evs":[0.0,-0.49513]},"97o":{"weight":1.0,"played":[0.9978,0.0022],"evs":[0.0,-1.17491]},"T7o":{"weight":1.0,"played":[0.9997,3.0E-4],"evs":[0.0,-1.39853]},"J7o":{"weight":1.0,"played":[0.9999,1.0E-4],"evs":[0.0,-2.36875]},"Q7o":{"weight":1.0,"played":[0.9989,0.0011],"evs":[0.0,-1.95973]},"K7o":{"weight":1.0,"played":[1.0,0.0],"evs":[0.0,-1.74215]},"A7o":{"weight":1.0,"played":[0.9999,1.0E-4],"evs":[0.0,-2.12891]},"82s":{"weight":1.0,"played":[0.9994,6.0E-4],"evs":[0.0,-1.95496]},"83s":{"weight":1.0,"played":[0.992,0.008],"evs":[0.0,-1.26877]},"84s":{"weight":1.0,"played":[0.9224,0.0776],"evs":[0.0,-1.40726]},"85s":{"weight":1.0,"played":[0.3925,0.6075],"evs":[0.0,-0.04463]},"86s":{"weight":1.0,"played":[0.5066,0.4934],"evs":[0.0,-0.01502]},"87s":{"weight":1.0,"played":[0.56,0.44],"evs":[0.0,0.31321]},"88":{"weight":1.0,"played":[0.016,0.984],"evs":[0.0,1.94018]},"98o":{"weight":1.0,"played":[0.9996,4.0E-4],"evs":[0.0,-1.03329]},"T8o":{"weight":1.0,"played":[1.0,0.0],"evs":[0.0,-1.11931]},"J8o":{"weight":1.0,"played":[0.9982,0.0018],"evs":[0.0,-1.46669]},"Q8o":{"weight":1.0,"played":[0.9997,3.0E-4],"evs":[0.0,-2.25355]},"K8o":{"weight":1.0,"played":[0.9978,0.0022],"evs":[0.0,-1.94081]},"A8o":{"weight":1.0,"played":[1.0,0.0],"evs":[0.0,-2.20519]},"92s":{"weight":1.0,"played":[0.9491,0.0509],"evs":[0.0,-1.34614]},"93s":{"weight":1.0,"played":[0.9272,0.0728],"evs":[0.0,-1.7967]},"94s":{"weight":1.0,"played":[0.9985,0.0015],"evs":[0.0,-1.36199]},"95s":{"weight":1.0,"played":[0.9999,1.0E-4],"evs":[0.0,-0.53866]},"96s":{"weight":1.0,"played":[0.1475,0.8525],"evs":[0.0,0.51842]},"97s":{"weight":1.0,"played":[0.6023,0.3977],"evs":[0.0,0.34171]},"98s":{"weight":1.0,"played":[0.0362,0.9638],"evs":[0.0,0.46086]},"99":{"weight":1.0,"played":[2.0E-4,0.9998],"evs":[0.0,2.04861]},"T9o":{"weight":1.0,"played":[1.0,0.0],"evs":[0.0,-0.85628]},"J9o":{"weight":1.0,"played":[1.0,0.0],"evs":[0.0,-1.15313]},"Q9o":{"weight":1.0,"played":[0.9972,0.0028],"evs":[0.0,-1.94947]},"K9o":{"weight":1.0,"played":[0.9999,1.0E-4],"evs":[0.0,-1.30661]},"A9o":{"weight":1.0,"played":[1.0,0.0],"evs":[0.0,-1.92854]},"T2s":{"weight":1.0,"played":[0.9877,0.0123],"evs":[0.0,-1.39026]},"T3s":{"weight":1.0,"played":[0.9954,0.0046],"evs":[0.0,-1.63031]},"T4s":{"weight":1.0,"played":[0.9902,0.0098],"evs":[0.0,-0.83947]},"T5s":{"weight":1.0,"played":[0.9606,0.0394],"evs":[0.0,-0.64935]},"T6s":{"weight":1.0,"played":[0.9032,0.0968],"evs":[0.0,-1.16761]},"T7s":{"weight":1.0,"played":[0.0445,0.9555],"evs":[0.0,-0.10783]},"T8s":{"weight":1.0,"played":[0.4288,0.5712],"evs":[0.0,0.15617]},"T9s":{"weight":1.0,"played":[0.5281,0.4719],"evs":[0.0,-0.06465]},"TT":{"weight":1.0,"played":[3.0E-4,0.9997],"evs":[0.0,3.13262]},"JTo":{"weight":1.0,"played":[0.991,0.009],"evs":[0.0,-1.27468]},"QTo":{"weight":1.0,"played":[0.986,0.014],"evs":[0.0,-1.02595]},"KTo":{"weight":1.0,"played":[0.9998,2.0E-4],"evs":[0.0,-1.01795]},"ATo":{"weight":1.0,"played":[0.9967,0.0033],"evs":[0.0,-1.20002]},"J2s":{"weight":1.0,"played":[0.9988,0.0012],"evs":[0.0,-2.15206]},"J3s":{"weight":1.0,"played":[0.9991,9.0E-4],"evs":[0.0,-1.04486]},"J4s":{"weight":1.0,"played":[0.9815,0.0185],"evs":[0.0,-1.30657]},"J5s":{"weight":1.0,"played":[0.8407,0.1593],"evs":[0.0,-0.40772]},"J6s":{"weight":1.0,"played":[0.9815,0.0185],"evs":[0.0,-0.89098]},"J7s":{"weight":1.0,"played":[0.9903,0.0097],"evs":[0.0,-0.751]},"J8s":{"weight":1.0,"played":[0.7929,0.2071],"evs":[0.0,-0.77524]},"J9s":{"weight":1.0,"played":[0.2156,0.7844],"evs":[0.0,-0.23595]},"JTs":{"weight":1.0,"played":[0.1376,0.8624],"evs":[0.0,1.17657]},"JJ":{"weight":1.0,"played":[2.0E-4,0.9998],"evs":[0.0,4.94638]},"QJo":{"weight":1.0,"played":[0.9996,4.0E-4],"evs":[0.0,-1.1424]},"KJo":{"weight":1.0,"played":[0.9958,0.0042],"evs":[0.0,-0.64711]},"AJo":{"weight":1.0,"played":[0.9977,0.0023],"evs":[0.0,-0.52449]},"Q2s":{"weight":1.0,"played":[0.993,0.007],"evs":[0.0,-1.51238]},"Q3s":{"weight":1.0,"played":[0.9975,0.0025],"evs":[0.0,-1.30366]},"Q4s":{"weight":1.0,"played":[0.9998,2.0E-4],"evs":[0.0,-1.23715]},"Q5s":{"weight":1.0,"played":[0.948,0.052],"evs":[0.0,-0.16773]},"Q6s":{"weight":1.0,"played":[0.9521,0.0479],"evs":[0.0,-0.77478]},"Q7s":{"weight":1.0,"played":[0.9841,0.0159],"evs":[0.0,-0.66071]},"Q8s":{"weight":1.0,"played":[0.5815,0.4185],"evs":[0.0,-0.72162]},"Q9s":{"weight":1.0,"played":[0.5476,0.4524],"evs":[0.0,0.43291]},"QTs":{"weight":1.0,"played":[0.2289,0.7711],"evs":[0.0,0.72615]},"QJs":{"weight":1.0,"played":[0.4861,0.5139],"evs":[0.0,0.68095]},"QQ":{"weight":1.0,"played":[0.0,1.0],"evs":[0.0,7.21683]},"KQo":{"weight":1.0,"played":[0.3882,0.6118],"evs":[0.0,-0.20818]},"AQo":{"weight":1.0,"played":[0.0872,0.9128],"evs":[0.0,1.3204]},"K2s":{"weight":1.0,"played":[0.9879,0.0121],"evs":[0.0,-0.79283]},"K3s":{"weight":1.0,"played":[0.9986,0.0014],"evs":[0.0,-0.65785]},"K4s":{"weight":1.0,"played":[0.9866,0.0134],"evs":[0.0,-1.28545]},"K5s":{"weight":1.0,"played":[0.9596,0.0404],"evs":[0.0,-0.8404]},"K6s":{"weight":1.0,"played":[0.7614,0.2386],"evs":[0.0,0.09181]},"K7s":{"weight":1.0,"played":[0.1513,0.8487],"evs":[0.0,-0.03794]},"K8s":{"weight":1.0,"played":[0.9878,0.0122],"evs":[0.0,-1.18783]},"K9s":{"weight":1.0,"played":[0.0085,0.9915],"evs":[0.0,0.73721]},"KTs":{"weight":1.0,"played":[0.1765,0.8235],"evs":[0.0,1.13955]},"KJs":{"weight":1.0,"played":[0.0655,0.9345],"evs":[0.0,0.1715]},"KQs":{"weight":1.0,"played":[0.0201,0.9799],"evs":[0.0,1.70683]},"KK":{"weight":1.0,"played":[1.0E-4,0.9999],"evs":[0.0,11.10349]},"AKo":{"weight":1.0,"played":[0.0028,0.9972],"evs":[0.0,1.17653]},"A2s":{"weight":1.0,"played":[0.7436,0.2564],"evs":[0.0,-0.65691]},"A3s":{"weight":1.0,"played":[0.9776,0.0224],"evs":[0.0,-0.79121]},"A4s":{"weight":1.0,"played":[0.7716,0.2284],"evs":[0.0,-0.3093]},"A5s":{"weight":1.0,"played":[0.8989,0.1011],"evs":[0.0,0.31246]},"A6s":{"weight":1.0,"played":[0.3336,0.6664],"evs":[0.0,-0.14951]},"A7s":{"weight":1.0,"played":[0.9667,0.0333],"evs":[0.0,-0.38417]},"A8s":{"weight":1.0,"played":[0.0167,0.9833],"evs":[0.0,0.12719]},"A9s":{"weight":1.0,"played":[0.9586,0.0414],"evs":[0.0,-1.05364]},"ATs":{"weight":1.0,"played":[0.6344,0.3656],"evs":[0.0,-0.00609]},"AJs":{"weight":1.0,"played":[0.7245,0.2755],"evs":[0.0,0.04303]},"AQs":{"weight":1.0,"played":[0.0304,0.9696],"evs":[0.0,1.59739]},"AKs":{"weight":1.0,"played":[0.001,0.999],"evs":[0.0,2.68179]},"AA":{"weight":1.0,"played":[0.0,1.0],"evs":[0.0,15.06035]}}}