{"player":3,"street":0,"children":2,"sequence":[{"player":0,"type":"R","amount":200000,"street":0},{"player":1,"type":"C","amount":200000,"street":0},{"player":2,"type":"C","amount":200000,"street":0}],"actions":[{"type":"F","amount":0,"node":452},{"type":"R","amount":1215000,"node":504}],"hands":{"22":{"weight":1.0,"played":[0.9998,2.0E-4],"evs":[0.0,-1.58063]},"32o":{"weight":1.0,"played":[1.0,0.0],"evs":[0.0,-4.80809]},"42o":{"weight":1.0,"played":[1.0,0.0],"evs":[0.0,-4.60448]},"52o":{"weight":1.0,"played":[1.0,0.0],"evs":[0.0,-4.03691]},"62o":{"weight":1.0,"played":[1.0,0.0],"evs":[0.0,-4.39277]},"72o":{"weight":1.0,"played":[1.0,0.0],"evs":[0.0,-4.86974]},"82o":{"weight":1.0,"played":[1.0,0.0],"evs":[0.0,-4.58618]},"92o":{"weight":1.0,"played":[1.0,0.0],"evs":[0.0,-4.49752]},"T2o":{"weight":1.0,"played":[1.0,0.0],"evs":[0.0,-4.68894]},"J2o":{"weight":1.0,"played":[1.0,0.0],"evs":[0.0,-4.81902]},"Q2o":{"weight":1.0,"played":[1.0,0.0],"evs":[0.0,-4.36223]},"K2o":{"weight":1.0,"played":[1.0,0.0],"evs":[0.0,-3.82974]},"A2o":{"weight":1.0,"played":[1.0,0.0],"evs":[0.0,-3.00755]},"32s":{"weight":1.0,"played":[1.0,0.0],"evs":[0.0,-3.53207]},"33":{"weight":1.0,"played":[0.9999,1.0E-4],"evs":[0.0,-1.24226]},"43o":{"weight":1.0,"played":[1.0,0.0],"evs":[0.0,-3.99942]},"53o":{"weight":1.0,"played":[1.0,0.0],"evs":[0.0,-3.53799]},"63o":{"weight":1.0,"played":[1.0,0.0],"evs":[0.0,-3.78841]},"73o":{"weight":1.0,"played":[1.0,0.0],"evs":[0.0,-4.14474]},"83o":{"weight":1.0,"played":[1.0,0.0],"evs":[0.0,-4.54528]},"93o":{"weight":1.0,"played":[1.0,0.0],"evs":[0.0,-4.38737]},"T3o":{"weight":1.0,"played":[1.0,0.0],"evs":[0.0,-4.5799]},"J3o":{"weight":1.0,"played":[1.0,0.0],"evs":[0.0,-4.63669]},"Q3o":{"weight":1.0,"played":[1.0,0.0],"evs":[0.0,-4.32945]},"K3o":{"weight":1.0,"played":[1.0,0.0],"evs":[0.0,-3.69191]},"A3o":{"weight":1.0,"played":[1.0,0.0],"evs":[0.0,-2.74951]},"42s":{"weight":1.0,"played":[1.0,0.0],"evs":[0.0,-3.14877]},"43s":{"weight":1.0,"played":[1.0,0.0],"evs":[0.0,-2.79482]},"44":{"weight":1.0,"played":[0.9997,3.0E-4],"evs":[0.0,-0.68931]},"54o":{"weight":1.0,"played":[1.0,0.0],"evs":[0.0,-2.9729]},"64o":{"weight":1.0,"played":[1.0,0.0],"evs":[0.0,-3.02878]},"74o":{"weight":1.0,"played":[1.0,0.0],"evs":[0.0,-3.42119]},"84o":{"weight":1.0,"played":[1.0,0.0],"evs":[0.0,-4.03788]},"94o":{"weight":1.0,"played":[1.0,0.0],"evs":[0.0,-4.46428]},"T4o":{"weight":1.0,"played":[1.0,0.0],"evs":[0.0,-4.8393]},"J4o":{"weight":1.0,"played":[1.0,0.0],"evs":[0.0,-4.34855]},"Q4o":{"weight":1.0,"played":[1.0,0.0],"evs":[0.0,-4.18115]},"K4o":{"weight":1.0,"played":[1.0,0.0],"evs":[0.0,-3.66025]},"A4o":{"weight":1.0,"played":[1.0,0.0],"evs":[0.0,-2.35935]},"52s":{"weight":1.0,"played":[1.0,0.0],"evs":[0.0,-2.92677]},"53s":{"weight":1.0,"played":[0.9999,1.0E-4],"evs":[0.0,-2.31783]},"54s":{"weight":1.0,"played":[0.9991,9.0E-4],"evs":[0.0,-1.58988]},"55":{"weight":1.0,"played":[0.0618,0.9382],"evs":[0.0,0.49389]},"65o":{"weight":1.0,"played":[1.0,0.0],"evs":[0.0,-2.30135]},"75o":{"weight":1.0,"played":[1.0,0.0],"evs":[0.0,-2.84504]},"85o":{"weight":1.0,"played":[1.0,0.0],"evs":[0.0,-3.23823]},"95o":{"weight":1.0,"played":[1.0,0.0],"evs":[0.0,-3.49583]},"T5o":{"weight":1.0,"played":[1.0,0.0],"evs":[0.0,-4.2981]},"J5o":{"weight":1.0,"played":[1.0,0.0],"evs":[0.0,-4.16148]},"Q5o":{"weight":1.0,"played":[1.0,0.0],"evs":[0.0,-3.6269]},"K5o":{"weight":1.0,"played":[1.0,0.0],"evs":[0.0,-3.11371]},"A5o":{"weight":1.0,"played":[1.0,0.0],"evs":[0.0,-2.00651]},"62s":{"weight":1.0,"played":[0.9999,1.0E-4],"evs":[0.0,-2.74359]},"63s":{"weight":1.0,"played":[0.9998,2.0E-4],"evs":[0.0,-2.66424]},"64s":{"weight":1.0,"played":[1.0,0.0],"evs":[0.0,-2.06507]},"65s":{"weight":1.0,"played":[0.995,0.005],"evs":[0.0,-1.11597]},"66":{"weight":1.0,"played":[0.0011,0.9989],"evs":[0.0,1.88081]},"76o":{"weight":1.0,"played":[1.0,0.0],"evs":[0.0,-2.03408]},"86o":{"weight":1.0,"played":[1.0,0.0],"evs":[0.0,-2.31435]},"96o":{"weight":1.0,"played":[1.0,0.0],"evs":[0.0,-2.68501]},"T6o":{"weight":1.0,"played":[1.0,0.0],"evs":[0.0,-3.27204]},"J6o":{"weight":1.0,"played":[1.0,0.0],"evs":[0.0,-3.70037]},"Q6o":{"weight":1.0,"played":[1.0,0.0],"evs":[0.0,-3.20119]},"K6o":{"weight":1.0,"played":[1.0,0.0],"evs":[0.0,-2.60254]},"A6o":{"weight":1.0,"played":[1.0,0.0],"evs":[0.0,-2.11027]},"72s":{"weight":1.0,"played":[1.0,0.0],"evs":[0.0,-3.05049]},"73s":{"weight":1.0,"played":[1.0,0.0],"evs":[0.0,-2.86221]},"74s":{"weight":1.0,"played":[1.0,0.0],"evs":[0.0,-2.24307]},"75s":{"weight":1.0,"played":[0.9997,3.0E-4],"evs":[0.0,-1.43742]},"76s":{"weight":1.0,"played":[0.9996,4.0E-4],"evs":[0.0,-0.95205]},"77":{"weight":1.0,"played":[1.0E-4,0.9999],"evs":[0.0,2.40748]},"87o":{"weight":1.0,"played":[1.0,0.0],"evs":[0.0,-1.93068]},"97o":{"weight":1.0,"played":[1.0,0.0],"evs":[0.0,-2.19765]},"T7o":{"weight":1.0,"played":[1.0,0.0],"evs":[0.0,-2.7008]},"J7o":{"weight":1.0,"played":[1.0,0.0],"evs":[0.0,-3.15428]},"Q7o":{"weight":1.0,"played":[1.0,0.0],"evs":[0.0,-3.22424]},"K7o":{"weight":1.0,"played":[1.0,0.0],"evs":[0.0,-2.5151]},"A7o":{"weight":1.0,"played":[1.0,0.0],"evs":[0.0,-1.66468]},"82s":{"weight":1.0,"played":[1.0,0.0],"evs":[0.0,-2.99287]},"83s":{"weight":1.0,"played":[1.0,0.0],"evs":[0.0,-3.16142]},"84s":{"weight":1.0,"played":[1.0,0.0],"evs":[0.0,-2.39405]},"85s":{"weight":1.0,"played":[0.9998,2.0E-4],"evs":[0.0,-2.00502]},"86s":{"weight":1.0,"played":[0.9996,4.0E-4],"evs":[0.0,-1.23216]},"87s":{"weight":1.0,"played":[0.9893,0.0107],"evs":[0.0,-0.82905]},"88":{"weight":1.0,"played":[0.0,1.0],"evs":[0.0,2.98507]},"98o":{"weight":1.0,"played":[1.0,0.0],"evs":[0.0,-1.86604]},"T8o":{"weight":1.0,"played":[1.0,0.0],"evs":[0.0,-2.3696]},"J8o":{"weight":1.0,"played":[1.0,0.0],"evs":[0.0,-2.55822]},"Q8o":{"weight":1.0,"played":[1.0,0.0],"evs":[0.0,-2.88119]},"K8o":{"weight":1.0,"played":[1.0,0.0],"evs":[0.0,-2.52167]},"A8o":{"weight":1.0,"played":[1.0,0.0],"evs":[0.0,-1.42904]},"92s":{"weight":1.0,"played":[1.0,0.0],"evs":[0.0,-3.30061]},"93s":{"weight":1.0,"played":[1.0,0.0],"evs":[0.0,-3.46524]},"94s":{"weight":1.0,"played":[0.9999,1.0E-4],"evs":[0.0,-3.04106]},"95s":{"weight":1.0,"played":[0.9999,1.0E-4],"evs":[0.0,-1.87741]},"96s":{"weight":1.0,"played":[1.0,0.0],"evs":[0.0,-1.57136]},"97s":{"weight":1.0,"played":[0.9996,4.0E-4],"evs":[0.0,-0.85242]},"98s":{"weight":1.0,"played":[0.9976,0.0024],"evs":[0.0,-0.67862]},"99":{"weight":1.0,"played":[0.0,1.0],"evs":[0.0,4.09606]},"T9o":{"weight":1.0,"played":[1.0,0.0],"evs":[0.0,-2.11804]},"J9o":{"weight":1.0,"played":[1.0,0.0],"evs":[0.0,-2.35827]},"Q9o":{"weight":1.0,"played":[1.0,0.0],"evs":[0.0,-2.26126]},"K9o":{"weight":1.0,"played":[1.0,0.0],"evs":[0.0,-2.12395]},"A9o":{"weight":1.0,"played":[1.0,0.0],"evs":[0.0,-1.15564]},"T2s":{"weight":1.0,"played":[1.0,0.0],"evs":[0.0,-3.49037]},"T3s":{"weight":1.0,"played":[1.0,0.0],"evs":[0.0,-3.3369]},"T4s":{"weight":1.0,"played":[1.0,0.0],"evs":[0.0,-3.23542]},"T5s":{"weight":1.0,"played":[0.9995,5.0E-4],"evs":[0.0,-3.00291]},"T6s":{"weight":1.0,"played":[1.0,0.0],"evs":[0.0,-1.99816]},"T7s":{"weight":1.0,"played":[1.0,0.0],"evs":[0.0,-1.39296]},"T8s":{"weight":1.0,"played":[0.9989,0.0011],"evs":[0.0,-1.14866]},"T9s":{"weight":1.0,"played":[0.9998,2.0E-4],"evs":[0.0,-0.92743]},"TT":{"weight":1.0,"played":[0.0,1.0],"evs":[0.0,4.596]},"JTo":{"weight":1.0,"played":[1.0,0.0],"evs":[0.0,-2.16851]},"QTo":{"weight":1.0,"played":[1.0,0.0],"evs":[0.0,-2.17388]},"KTo":{"weight":1.0,"played":[1.0,0.0],"evs":[0.0,-2.04288]},"ATo":{"weight":1.0,"played":[1.0,0.0],"evs":[0.0,-0.36073]},"J2s":{"weight":1.0,"played":[1.0,0.0],"evs":[0.0,-3.4451]},"J3s":{"weight":1.0,"played":[1.0,0.0],"evs":[0.0,-3.11617]},"J4s":{"weight":1.0,"played":[0.9997,3.0E-4],"evs":[0.0,-2.95214]},"J5s":{"weight":1.0,"played":[1.0,0.0],"evs":[0.0,-2.64169]},"J6s":{"weight":1.0,"played":[1.0,0.0],"evs":[0.0,-2.31163]},"J7s":{"weight":1.0,"played":[1.0,0.0],"evs":[0.0,-1.78574]},"J8s":{"weight":1.0,"played":[1.0,0.0],"evs":[0.0,-1.5555]},"J9s":{"weight":1.0,"played":[0.9995,5.0E-4],"evs":[0.0,-0.83281]},"JTs":{"weight":1.0,"played":[0.9999,1.0E-4],"evs":[0.0,-0.672]},"JJ":{"weight":1.0,"played":[0.0,1.0],"evs":[0.0,6.32856]},"QJo":{"weight":1.0,"played":[0.9999,1.0E-4],"evs":[0.0,-1.95291]},"KJo":{"weight":1.0,"played":[1.0,0.0],"evs":[0.0,-1.40111]},"AJo":{"weight":1.0,"played":[0.0036,0.9964],"evs":[0.0,0.83831]},"Q2s":{"weight":1.0,"played":[1.0,0.0],"evs":[0.0,-2.87491]},"Q3s":{"weight":1.0,"played":[1.0,0.0],"evs":[0.0,-2.88427]},"Q4s":{"weight":1.0,"played":[0.9999,1.0E-4],"evs":[0.0,-2.77389]},"Q5s":{"weight":1.0,"played":[0.9999,1.0E-4],"evs":[0.0,-2.36079]},"Q6s":{"weight":1.0,"played":[0.9998,2.0E-4],"evs":[0.0,-1.97318]},"Q7s":{"weight":1.0,"played":[0.998,0.002],"evs":[0.0,-1.55476]},"Q8s":{"weight":1.0,"played":[0.9996,4.0E-4],"evs":[0.0,-1.28667]},"Q9s":{"weight":1.0,"played":[0.9999,1.0E-4],"evs":[0.0,-1.0912]},"QTs":{"weight":1.0,"played":[0.9392,0.0608],"evs":[0.0,-1.04637]},"QJs":{"weight":1.0,"played":[1.0,0.0],"evs":[0.0,-0.54411]},"QQ":{"weight":1.0,"played":[0.0,1.0],"evs":[0.0,8.09261]},"KQo":{"weight":1.0,"played":[0.996,0.004],"evs":[0.0,-0.38972]},"AQo":{"weight":1.0,"played":[0.0,1.0],"evs":[0.0,2.35817]},"K2s":{"weight":1.0,"played":[0.9999,1.0E-4],"evs":[0.0,-2.2744]},"K3s":{"weight":1.0,"played":[1.0,0.0],"evs":[0.0,-2.16722]},"K4s":{"weight":1.0,"played":[1.0,0.0],"evs":[0.0,-2.48826]},"K5s":{"weight":1.0,"played":[0.9997,3.0E-4],"evs":[0.0,-1.79645]},"K6s":{"weight":1.0,"played":[0.9998,2.0E-4],"evs":[0.0,-1.32193]},"K7s":{"weight":1.0,"played":[1.0,0.0],"evs":[0.0,-1.40017]},"K8s":{"weight":1.0,"played":[0.999,0.001],"evs":[0.0,-0.79059]},"K9s":{"weight":1.0,"played":[0.9084,0.0916],"evs":[0.0,-0.75551]},"KTs":{"weight":1.0,"played":[0.9999,1.0E-4],"evs":[0.0,-0.52075]},"KJs":{"weight":1.0,"played":[0.8476,0.1524],"evs":[0.0,0.09972]},"KQs":{"weight":1.0,"played":[0.0,1.0],"evs":[0.0,1.02366]},"KK":{"weight":1.0,"played":[0.0,1.0],"evs":[0.0,10.74165]},"AKo":{"weight":1.0,"played":[0.0,1.0],"evs":[0.0,2.92228]},"A2s":{"weight":1.0,"played":[0.9997,3.0E-4],"evs":[0.0,-1.43253]},"A3s":{"weight":1.0,"played":[1.0,0.0],"evs":[0.0,-1.11438]},"A4s":{"weight":1.0,"played":[0.9986,0.0014],"evs":[0.0,-0.87872]},"A5s":{"weight":1.0,"played":[0.9081,0.0919],"evs":[0.0,-0.46007]},"A6s":{"weight":1.0,"played":[0.999,0.001],"evs":[0.0,-0.76511]},"A7s":{"weight":1.0,"played":[0.8751,0.1249],"evs":[0.0,-0.27801]},"A8s":{"weight":1.0,"played":[0.358,0.642],"evs":[0.0,0.25622]},"A9s":{"weight":1.0,"played":[0.0493,0.9507],"evs":[0.0,0.33231]},"ATs":{"weight":1.0,"played":[0.0,1.0],"evs":[0.0,1.17929]},"AJs":{"weight":1.0,"played":[2.0E-4,0.9998],"evs":[0.0,2.01568]},"AQs":{"weight":1.0,"played":[0.0,1.0],"evs":[0.0,3.83667]},"AKs":{"weight":1.0,"played":[0.0,1.0],"evs":[0.0,4.42612]},"AA":{"weight":1.0,"played":[0.0,1.0],"evs":[0.0,15.28196]}}}