{"player":2,"street":0,"children":3,"sequence":[{"player":0,"type":"R","amount":200000,"street":0},{"player":1,"type":"C","amount":200000,"street":0},{"player":2,"type":"C","amount":200000,"street":0},{"player":3,"type":"F","amount":0,"street":0},{"player":4,"type":"F","amount":0,"street":0},{"player":5,"type":"R","amount":815000,"street":0},{"player":0,"type":"R","amount":2185000,"street":0},{"player":1,"type":"C","amount":1985000,"street":0}],"actions":[{"type":"F","amount":0},{"type":"C","amount":1985000},{"type":"R","amount":2215000,"node":469}],"hands":{"22":{"weight":0.0,"played":[0.9997,0.0,3.0E-4],"evs":[0.0,-2.37079,-2.30579]},"32o":{"weight":0.0,"played":[1.0,0.0,0.0],"evs":[0.0,-8.14473,-8.07601]},"42o":{"weight":0.0,"played":[1.0,0.0,0.0],"evs":[0.0,-7.05515,-6.94221]},"52o":{"weight":0.0,"played":[1.0,0.0,0.0],"evs":[0.0,-6.88769,-6.81654]},"62o":{"weight":0.0,"played":[1.0,0.0,0.0],"evs":[0.0,-8.109,-8.02147]},"72o":{"weight":0.0,"played":[1.0,0.0,0.0],"evs":[0.0,-7.80494,-7.75966]},"82o":{"weight":0.0,"played":[1.0,0.0,0.0],"evs":[0.0,-7.46298,-7.29975]},"92o":{"weight":0.0,"played":[1.0,0.0,0.0],"evs":[0.0,-6.96953,-6.94858]},"T2o":{"weight":0.0,"played":[0.9998,0.0,2.0E-4],"evs":[0.0,-7.31247,-7.2985]},"J2o":{"weight":0.0,"played":[1.0,0.0,0.0],"evs":[0.0,-8.51655,-8.47734]},"Q2o":{"weight":0.0,"played":[0.9995,0.0,5.0E-4],"evs":[0.0,-7.07154,-7.08085]},"K2o":{"weight":0.0,"played":[1.0,0.0,0.0],"evs":[0.0,-6.23036,-6.25311]},"A2o":{"weight":0.0,"played":[1.0,0.0,0.0],"evs":[0.0,-6.48606,-6.46347]},"32s":{"weight":0.0,"played":[0.9962,2.0E-4,0.0036],"evs":[0.0,-6.43624,-6.39118]},"33":{"weight":0.4567,"played":[0.7642,0.0775,0.1583],"evs":[0.0,-2.78332,-2.72959]},"43o":{"weight":0.0,"played":[1.0,0.0,0.0],"evs":[0.0,-5.91257,-5.83239]},"53o":{"weight":0.0,"played":[1.0,0.0,0.0],"evs":[0.0,-5.63523,-5.6141]},"63o":{"weight":0.0,"played":[1.0,0.0,0.0],"evs":[0.0,-6.03449,-5.9067]},"73o":{"weight":0.0,"played":[1.0,0.0,0.0],"evs":[0.0,-6.77939,-6.6675]},"83o":{"weight":0.0,"played":[1.0,0.0,0.0],"evs":[0.0,-7.76654,-7.71309]},"93o":{"weight":0.0,"played":[1.0,0.0,0.0],"evs":[0.0,-7.12024,-7.06056]},"T3o":{"weight":0.0,"played":[1.0,0.0,0.0],"evs":[0.0,-8.04914,-8.03777]},"J3o":{"weight":0.0,"played":[1.0,0.0,0.0],"evs":[0.0,-8.54965,-8.45193]},"Q3o":{"weight":0.0,"played":[0.9998,0.0,2.0E-4],"evs":[0.0,-5.83093,-5.81321]},"K3o":{"weight":0.0,"played":[1.0,0.0,0.0],"evs":[0.0,-6.10883,-6.04737]},"A3o":{"weight":0.0,"played":[1.0,0.0,0.0],"evs":[0.0,-6.97035,-6.97281]},"42s":{"weight":0.0,"played":[1.0,0.0,0.0],"evs":[0.0,-4.65227,-4.57209]},"43s":{"weight":0.0,"played":[0.9965,0.0016,0.0019],"evs":[0.0,-3.0569,-2.95932]},"44":{"weight":0.9996,"played":[0.9647,0.0015,0.0338],"evs":[0.0,-1.32364,-1.33017]},"54o":{"weight":0.0,"played":[0.9993,2.0E-4,5.0E-4],"evs":[0.0,-5.52507,-5.42925]},"64o":{"weight":0.0,"played":[0.9998,0.0,2.0E-4],"evs":[0.0,-4.99325,-4.98748]},"74o":{"weight":0.0,"played":[1.0,0.0,0.0],"evs":[0.0,-5.81903,-5.73974]},"84o":{"weight":0.0,"played":[0.9997,0.0,3.0E-4],"evs":[0.0,-6.63292,-6.50927]},"94o":{"weight":0.0,"played":[1.0,0.0,0.0],"evs":[0.0,-7.05866,-7.03785]},"T4o":{"weight":0.0,"played":[0.9999,0.0,1.0E-4],"evs":[0.0,-7.56772,-7.52254]},"J4o":{"weight":0.0,"played":[1.0,0.0,0.0],"evs":[0.0,-8.10071,-8.09875]},"Q4o":{"weight":0.0,"played":[0.9999,1.0E-4,0.0],"evs":[0.0,-6.32487,-6.23986]},"K4o":{"weight":0.0,"played":[0.9999,0.0,1.0E-4],"evs":[0.0,-6.35956,-6.35081]},"A4o":{"weight":0.0,"played":[0.9999,0.0,1.0E-4],"evs":[0.0,-5.21922,-5.12731]},"52s":{"weight":0.0,"played":[0.9924,0.003,0.0046],"evs":[0.0,-3.10442,-2.91647]},"53s":{"weight":0.0,"played":[0.999,4.0E-4,6.0E-4],"evs":[0.0,-3.96196,-3.92879]},"54s":{"weight":0.0,"played":[0.0699,0.4804,0.4497],"evs":[0.0,0.06121,0.05625]},"55":{"weight":0.7719,"played":[0.3581,0.3398,0.3021],"evs":[0.0,0.06706,0.06088]},"65o":{"weight":0.0,"played":[0.9992,0.0,7.0E-4],"evs":[0.0,-4.20322,-4.16325]},"75o":{"weight":0.0,"played":[1.0,0.0,0.0],"evs":[0.0,-5.10624,-5.0269]},"85o":{"weight":0.0,"played":[1.0,0.0,0.0],"evs":[0.0,-6.04787,-5.92433]},"95o":{"weight":0.0,"played":[0.9999,0.0,1.0E-4],"evs":[0.0,-5.8614,-5.85099]},"T5o":{"weight":0.0,"played":[1.0,0.0,0.0],"evs":[0.0,-6.99679,-7.0027]},"J5o":{"weight":0.0,"played":[1.0,0.0,0.0],"evs":[0.0,-6.90007,-6.88704]},"Q5o":{"weight":0.0,"played":[1.0,0.0,0.0],"evs":[0.0,-5.59739,-5.56406]},"K5o":{"weight":0.0,"played":[1.0,0.0,0.0],"evs":[0.0,-4.09812,-4.06086]},"A5o":{"weight":0.0,"played":[0.9985,0.0,0.0015],"evs":[0.0,-5.80128,-5.77025]},"62s":{"weight":0.0,"played":[0.9967,0.0,0.0033],"evs":[0.0,-3.70626,-3.66277]},"63s":{"weight":0.0,"played":[0.9992,5.0E-4,3.0E-4],"evs":[0.0,-3.26909,-3.14211]},"64s":{"weight":0.0,"played":[0.9868,0.0035,0.0097],"evs":[0.0,-2.70738,-2.66978]},"65s":{"weight":0.2135,"played":[0.6754,0.1364,0.1883],"evs":[0.0,-2.17531,-2.05629]},"66":{"weight":0.2436,"played":[0.0594,0.3712,0.5694],"evs":[0.0,3.29156,3.34088]},"76o":{"weight":0.0,"played":[0.9999,0.0,1.0E-4],"evs":[0.0,-3.54997,-3.52248]},"86o":{"weight":0.0,"played":[0.9999,0.0,1.0E-4],"evs":[0.0,-3.79907,-3.7394]},"96o":{"weight":0.0,"played":[0.9993,0.0,7.0E-4],"evs":[0.0,-4.31164,-4.15386]},"T6o":{"weight":0.0,"played":[1.0,0.0,0.0],"evs":[0.0,-5.94776,-5.92608]},"J6o":{"weight":0.0,"played":[0.9997,3.0E-4,1.0E-4],"evs":[0.0,-6.47534,-6.45005]},"Q6o":{"weight":0.0,"played":[0.9994,0.0,6.0E-4],"evs":[0.0,-5.09963,-5.09813]},"K6o":{"weight":0.0,"played":[0.999,1.0E-4,9.0E-4],"evs":[0.0,-3.83462,-3.84284]},"A6o":{"weight":0.0,"played":[0.9998,0.0,2.0E-4],"evs":[0.0,-5.88873,-5.85612]},"72s":{"weight":0.0,"played":[0.9995,2.0E-4,3.0E-4],"evs":[0.0,-4.63978,-4.54934]},"73s":{"weight":0.0,"played":[0.9933,3.0E-4,0.0064],"evs":[0.0,-5.26494,-5.22275]},"74s":{"weight":0.0,"played":[0.9188,0.0355,0.0457],"evs":[0.0,-2.18857,-2.14935]},"75s":{"weight":0.0,"played":[0.8459,0.0434,0.1108],"evs":[0.0,-3.4315,-3.3693]},"76s":{"weight":0.0,"played":[0.3645,0.2851,0.3504],"evs":[0.0,0.82048,0.88967]},"77":{"weight":3.0E-4,"played":[0.0023,0.5467,0.451],"evs":[0.0,3.00623,3.0229]},"87o":{"weight":0.0,"played":[0.9974,0.0013,0.0013],"evs":[0.0,-3.29517,-3.2502]},"97o":{"weight":0.0,"played":[0.9995,0.0,4.0E-4],"evs":[0.0,-3.36715,-3.25661]},"T7o":{"weight":0.0,"played":[0.9999,0.0,1.0E-4],"evs":[0.0,-3.90259,-3.84442]},"J7o":{"weight":0.0,"played":[0.9996,2.0E-4,2.0E-4],"evs":[0.0,-6.17333,-6.10035]},"Q7o":{"weight":0.0,"played":[0.9998,0.0,2.0E-4],"evs":[0.0,-4.73412,-4.67443]},"K7o":{"weight":0.0,"played":[1.0,0.0,0.0],"evs":[0.0,-4.50632,-4.51892]},"A7o":{"weight":0.0,"played":[0.9998,0.0,2.0E-4],"evs":[0.0,-4.83177,-4.79642]},"82s":{"weight":0.0,"played":[0.9842,0.0066,0.0092],"evs":[0.0,-6.61007,-6.55789]},"83s":{"weight":0.0,"played":[1.0,0.0,0.0],"evs":[0.0,-3.46316,-3.41048]},"84s":{"weight":0.0,"played":[0.9989,0.0,0.0011],"evs":[0.0,-3.11385,-3.03532]},"85s":{"weight":0.0,"played":[0.9702,0.0055,0.0243],"evs":[0.0,-3.60271,-3.43493]},"86s":{"weight":0.0,"played":[0.7083,0.1077,0.1839],"evs":[0.0,0.15208,0.23909]},"87s":{"weight":0.0,"played":[0.5956,0.1629,0.2415],"evs":[0.0,-2.33038,-2.24264]},"88":{"weight":0.0,"played":[0.0429,0.5427,0.4144],"evs":[0.0,4.05512,4.02071]},"98o":{"weight":0.0,"played":[0.9962,1.0E-4,0.0037],"evs":[0.0,-2.578,-2.53541]},"T8o":{"weight":0.0,"played":[0.9974,0.0,0.0026],"evs":[0.0,-3.31751,-3.15139]},"J8o":{"weight":0.0,"played":[1.0,0.0,0.0],"evs":[0.0,-4.86121,-4.81693]},"Q8o":{"weight":0.0,"played":[0.9998,0.0,2.0E-4],"evs":[0.0,-4.40792,-4.35235]},"K8o":{"weight":0.0,"played":[0.9999,0.0,1.0E-4],"evs":[0.0,-4.36028,-4.3038]},"A8o":{"weight":0.0,"played":[1.0,0.0,0.0],"evs":[0.0,-5.04584,-4.96892]},"92s":{"weight":0.0,"played":[1.0,0.0,0.0],"evs":[0.0,-3.51387,-3.4673]},"93s":{"weight":0.0,"played":[0.9973,0.0,0.0027],"evs":[0.0,-2.45519,-2.43282]},"94s":{"weight":0.0,"played":[0.9954,0.0018,0.0028],"evs":[0.0,-5.03755,-4.9444]},"95s":{"weight":0.0,"played":[0.9994,2.0E-4,4.0E-4],"evs":[0.0,-3.64924,-3.5341]},"96s":{"weight":0.0,"played":[0.3239,0.1508,0.5253],"evs":[0.0,-1.73471,-1.57429]},"97s":{"weight":0.0,"played":[0.7704,0.0907,0.1389],"evs":[0.0,-1.096,-1.07833]},"98s":{"weight":0.3383,"played":[0.9574,0.0201,0.0225],"evs":[0.0,-0.73826,-0.75072]},"99":{"weight":0.0,"played":[0.001,0.5168,0.4823],"evs":[0.0,6.35755,6.35725]},"T9o":{"weight":0.0,"played":[0.9997,0.0,3.0E-4],"evs":[0.0,-3.16919,-3.10421]},"J9o":{"weight":0.0,"played":[1.0,0.0,0.0],"evs":[0.0,-3.4851,-3.50625]},"Q9o":{"weight":0.0,"played":[0.9958,0.0,0.0042],"evs":[0.0,-3.88166,-3.82195]},"K9o":{"weight":0.0,"played":[0.9832,0.008,0.0088],"evs":[0.0,-3.49764,-3.48423]},"A9o":{"weight":0.0,"played":[0.9999,0.0,1.0E-4],"evs":[0.0,-4.54422,-4.50119]},"T2s":{"weight":0.0,"played":[1.0,0.0,0.0],"evs":[0.0,-5.73998,-5.43069]},"T3s":{"weight":0.0,"played":[0.999,3.0E-4,7.0E-4],"evs":[0.0,-5.28818,-5.16162]},"T4s":{"weight":0.0,"played":[0.9998,1.0E-4,1.0E-4],"evs":[0.0,-4.89097,-4.84931]},"T5s":{"weight":0.0,"played":[0.9999,0.0,1.0E-4],"evs":[0.0,-3.76231,-3.75172]},"T6s":{"weight":0.0,"played":[0.9992,1.0E-4,7.0E-4],"evs":[0.0,-4.2445,-4.33126]},"T7s":{"weight":0.0,"played":[0.9732,3.0E-4,0.0265],"evs":[0.0,-2.3736,-2.31346]},"T8s":{"weight":0.0,"played":[0.8357,0.059,0.1052],"evs":[0.0,-0.92075,-0.85719]},"T9s":{"weight":0.7186,"played":[0.8212,0.0451,0.1337],"evs":[0.0,-1.2239,-1.08078]},"TT":{"weight":1.0E-4,"played":[0.0,0.5911,0.4088],"evs":[0.0,9.11359,9.14306]},"JTo":{"weight":0.0,"played":[1.0,0.0,0.0],"evs":[0.0,-2.85301,-2.79205]},"QTo":{"weight":0.0,"played":[0.9982,2.0E-4,0.0016],"evs":[0.0,-1.70767,-1.6681]},"KTo":{"weight":0.0,"played":[0.9882,8.0E-4,0.0109],"evs":[0.0,-1.57396,-1.57851]},"ATo":{"weight":0.9439,"played":[0.9698,0.0022,0.028],"evs":[0.0,-1.59405,-1.51864]},"J2s":{"weight":0.0,"played":[0.9955,0.0,0.0045],"evs":[0.0,-6.12379,-6.07548]},"J3s":{"weight":0.0,"played":[0.9973,5.0E-4,0.0022],"evs":[0.0,-3.80819,-3.81309]},"J4s":{"weight":0.0,"played":[0.9807,1.0E-4,0.0192],"evs":[0.0,-3.90917,-3.84987]},"J5s":{"weight":0.0,"played":[0.9987,0.0,0.0013],"evs":[0.0,-3.17555,-3.09005]},"J6s":{"weight":0.0,"played":[0.9998,1.0E-4,1.0E-4],"evs":[0.0,-4.12339,-4.02893]},"J7s":{"weight":0.0,"played":[0.9796,0.0048,0.0156],"evs":[0.0,-1.94077,-1.83479]},"J8s":{"weight":0.0,"played":[0.96,0.0262,0.0138],"evs":[0.0,-1.06939,-1.09604]},"J9s":{"weight":0.0086,"played":[0.669,0.0956,0.2354],"evs":[0.0,-0.92463,-0.87634]},"JTs":{"weight":0.2652,"played":[0.3741,0.3024,0.3236],"evs":[0.0,-0.29033,-0.27592]},"JJ":{"weight":0.002,"played":[0.0,0.7032,0.2968],"evs":[0.0,14.03372,14.22045]},"QJo":{"weight":0.0,"played":[0.9889,5.0E-4,0.0106],"evs":[0.0,-2.30868,-2.24436]},"KJo":{"weight":0.0,"played":[0.9751,0.0018,0.0231],"evs":[0.0,-1.70801,-1.64599]},"AJo":{"weight":0.0351,"played":[0.1731,0.3495,0.4775],"evs":[0.0,1.06203,1.06807]},"Q2s":{"weight":0.0,"played":[0.9948,0.0013,0.0039],"evs":[0.0,-1.26604,-1.19023]},"Q3s":{"weight":0.0,"played":[0.9723,0.0162,0.0115],"evs":[0.0,-4.16836,-4.18716]},"Q4s":{"weight":0.0,"played":[0.9935,0.0021,0.0044],"evs":[0.0,-3.58623,-3.56641]},"Q5s":{"weight":0.0,"played":[0.464,0.224,0.312],"evs":[0.0,-0.40914,-0.34311]},"Q6s":{"weight":0.0,"played":[0.9292,0.0251,0.0457],"evs":[0.0,-3.69372,-3.59181]},"Q7s":{"weight":0.0,"played":[0.9989,0.0,0.0011],"evs":[0.0,-2.00648,-1.97888]},"Q8s":{"weight":0.0,"played":[0.9972,1.0E-4,0.0028],"evs":[0.0,-2.00567,-1.95851]},"Q9s":{"weight":0.0147,"played":[0.4719,0.1841,0.3439],"evs":[0.0,0.42345,0.5933]},"QTs":{"weight":0.9002,"played":[0.293,0.3408,0.3662],"evs":[0.0,0.60703,0.61983]},"QJs":{"weight":0.9981,"played":[0.5009,0.2493,0.2498],"evs":[0.0,0.80356,0.80399]},"QQ":{"weight":0.0241,"played":[0.0,4.0E-4,0.9996],"evs":[0.0,16.71143,16.7386]},"KQo":{"weight":0.6999,"played":[0.13,0.3942,0.4758],"evs":[0.0,0.82986,0.84924]},"AQo":{"weight":3.0E-4,"played":[0.0,0.3788,0.6211],"evs":[0.0,3.43536,3.44819]},"K2s":{"weight":0.0,"played":[0.9843,0.0038,0.0119],"evs":[0.0,-4.87273,-4.81582]},"K3s":{"weight":0.0,"played":[0.8968,0.0442,0.059],"evs":[0.0,-2.55046,-2.44987]},"K4s":{"weight":0.0,"played":[0.895,0.0803,0.0247],"evs":[0.0,0.38082,0.31377]},"K5s":{"weight":0.0,"played":[0.959,0.0386,0.0025],"evs":[0.0,-1.32669,-1.45601]},"K6s":{"weight":0.0,"played":[0.6664,0.1525,0.1811],"evs":[0.0,-0.73805,-0.51968]},"K7s":{"weight":0.0,"played":[0.9718,0.0197,0.0085],"evs":[0.0,-2.9155,-2.92612]},"K8s":{"weight":0.0,"played":[0.7441,0.0775,0.1784],"evs":[0.0,-1.31324,-1.24233]},"K9s":{"weight":0.0395,"played":[0.0652,0.4439,0.4909],"evs":[0.0,2.33087,2.34523]},"KTs":{"weight":0.0032,"played":[0.1468,0.4482,0.405],"evs":[0.0,1.59043,1.62328]},"KJs":{"weight":0.8539,"played":[0.3301,0.3033,0.3666],"evs":[0.0,0.93616,0.98644]},"KQs":{"weight":0.5254,"played":[0.0345,0.4975,0.468],"evs":[0.0,1.40614,1.40073]},"KK":{"weight":0.0182,"played":[0.0,0.2867,0.7132],"evs":[0.0,26.02706,26.02763]},"AKo":{"weight":0.0,"played":[0.0,0.4515,0.5485],"evs":[0.0,5.54805,5.61565]},"A2s":{"weight":0.0,"played":[0.9415,0.0151,0.0434],"evs":[0.0,-3.47909,-3.43573]},"A3s":{"weight":0.0,"played":[0.9975,8.0E-4,0.0016],"evs":[0.0,-4.08861,-4.06172]},"A4s":{"weight":2.0E-4,"played":[0.9986,3.0E-4,0.001],"evs":[0.0,-2.27057,-2.28537]},"A5s":{"weight":0.0062,"played":[0.9953,9.0E-4,0.0038],"evs":[0.0,-1.90496,-2.10099]},"A6s":{"weight":6.0E-4,"played":[0.999,2.0E-4,8.0E-4],"evs":[0.0,-4.52414,-4.50467]},"A7s":{"weight":0.0059,"played":[0.9618,0.0264,0.0118],"evs":[0.0,-3.14544,-3.24217]},"A8s":{"weight":0.1126,"played":[0.4926,0.2575,0.2499],"evs":[0.0,-0.19439,-0.19779]},"A9s":{"weight":0.2699,"played":[0.4921,0.2553,0.2526],"evs":[0.0,-0.88065,-0.88226]},"ATs":{"weight":0.3725,"played":[0.1752,0.3938,0.431],"evs":[0.0,1.52264,1.53818]},"AJs":{"weight":0.9611,"played":[0.06,0.4348,0.5051],"evs":[0.0,2.74095,2.75442]},"AQs":{"weight":0.0015,"played":[0.0083,0.1296,0.8621],"evs":[0.0,3.56184,3.7714]},"AKs":{"weight":2.0E-4,"played":[1.0E-4,0.0251,0.9748],"evs":[0.0,10.37636,10.41227]},"AA":{"weight":0.8281,"played":[0.0,5.0E-4,0.9995],"evs":[0.0,32.41702,32.5257]}}}