{"player":0,"street":0,"children":2,"sequence":[{"player":0,"type":"R","amount":200000,"street":0},{"player":1,"type":"C","amount":200000,"street":0},{"player":2,"type":"C","amount":200000,"street":0},{"player":3,"type":"F","amount":0,"street":0},{"player":4,"type":"R","amount":715000,"street":0},{"player":5,"type":"F","amount":0,"street":0},{"player":0,"type":"C","amount":515000,"street":0},{"player":1,"type":"F","amount":0,"street":0},{"player":2,"type":"R","amount":2185000,"street":0}],"actions":[{"type":"F","amount":0},{"type":"C","amount":1470000}],"hands":{"22":{"weight":0.0,"played":[0.0373,0.9627],"evs":[0.0,5.04507]},"32o":{"weight":0.0,"played":[0.9946,0.0054],"evs":[0.0,-2.08878]},"42o":{"weight":0.0,"played":[0.9823,0.0177],"evs":[0.0,-3.37267]},"52o":{"weight":0.0,"played":[0.5032,0.4968],"evs":[0.0,0.23178]},"62o":{"weight":0.0,"played":[0.9934,0.0066],"evs":[0.0,-2.70081]},"72o":{"weight":0.0,"played":[0.9624,0.0376],"evs":[0.0,-1.65152]},"82o":{"weight":0.0,"played":[0.9953,0.0047],"evs":[0.0,-1.63074]},"92o":{"weight":0.0,"played":[0.5742,0.4258],"evs":[0.0,-0.68137]},"T2o":{"weight":0.0,"played":[0.9923,0.0077],"evs":[0.0,-1.10623]},"J2o":{"weight":0.0,"played":[0.9965,0.0035],"evs":[0.0,-0.78022]},"Q2o":{"weight":0.0,"played":[0.9962,0.0038],"evs":[0.0,-0.87085]},"K2o":{"weight":0.0,"played":[0.9995,5.0E-4],"evs":[0.0,-1.49226]},"A2o":{"weight":0.0,"played":[0.3619,0.6381],"evs":[0.0,-0.27488]},"32s":{"weight":0.0,"played":[0.8275,0.1725],"evs":[0.0,0.31809]},"33":{"weight":0.0,"played":[0.0073,0.9927],"evs":[0.0,5.458]},"43o":{"weight":0.0,"played":[0.5661,0.4339],"evs":[0.0,-0.72761]},"53o":{"weight":0.0,"played":[0.3659,0.6341],"evs":[0.0,0.40669]},"63o":{"weight":0.0,"played":[0.1282,0.8718],"evs":[0.0,0.81318]},"73o":{"weight":0.0,"played":[0.9909,0.0091],"evs":[0.0,-3.21851]},"83o":{"weight":0.0,"played":[0.9462,0.0538],"evs":[0.0,-3.25187]},"93o":{"weight":0.0,"played":[0.9991,9.0E-4],"evs":[0.0,-1.92581]},"T3o":{"weight":0.0,"played":[0.9792,0.0208],"evs":[0.0,-1.32711]},"J3o":{"weight":0.0,"played":[0.9993,7.0E-4],"evs":[0.0,-1.66328]},"Q3o":{"weight":0.0,"played":[0.6092,0.3908],"evs":[0.0,0.0796]},"K3o":{"weight":0.0,"played":[0.7073,0.2927],"evs":[0.0,-1.09207]},"A3o":{"weight":0.0,"played":[0.5971,0.4029],"evs":[0.0,-1.9919]},"42s":{"weight":0.0,"played":[0.2126,0.7874],"evs":[0.0,0.57191]},"43s":{"weight":0.0,"played":[0.5712,0.4288],"evs":[0.0,-0.22517]},"44":{"weight":0.0,"played":[0.0056,0.9944],"evs":[0.0,6.85008]},"54o":{"weight":0.0,"played":[0.3079,0.6921],"evs":[0.0,-0.52708]},"64o":{"weight":0.0,"played":[0.14,0.86],"evs":[0.0,0.65112]},"74o":{"weight":0.0,"played":[0.9142,0.0858],"evs":[0.0,-0.5407]},"84o":{"weight":0.0,"played":[0.988,0.012],"evs":[0.0,-0.81385]},"94o":{"weight":0.0,"played":[0.9988,0.0012],"evs":[0.0,-2.06152]},"T4o":{"weight":0.0,"played":[0.9634,0.0366],"evs":[0.0,-2.37295]},"J4o":{"weight":0.0,"played":[0.9955,0.0045],"evs":[0.0,-3.38665]},"Q4o":{"weight":0.0,"played":[0.9999,1.0E-4],"evs":[0.0,-2.108]},"K4o":{"weight":0.0,"played":[0.6493,0.3507],"evs":[0.0,-0.07557]},"A4o":{"weight":0.0,"played":[0.9129,0.0871],"evs":[0.0,-2.78958]},"52s":{"weight":0.0,"played":[0.9518,0.0482],"evs":[0.0,-0.0498]},"53s":{"weight":0.0,"played":[0.6092,0.3908],"evs":[0.0,0.14556]},"54s":{"weight":0.0,"played":[0.2004,0.7996],"evs":[0.0,3.57149]},"55":{"weight":0.382,"played":[0.0,1.0],"evs":[0.0,8.19917]},"65o":{"weight":0.0,"played":[0.0055,0.9945],"evs":[0.0,3.92994]},"75o":{"weight":0.0,"played":[0.0845,0.9155],"evs":[0.0,2.04495]},"85o":{"weight":0.0,"played":[0.2947,0.7053],"evs":[0.0,1.17381]},"95o":{"weight":0.0,"played":[0.2994,0.7006],"evs":[0.0,0.63512]},"T5o":{"weight":0.0,"played":[0.9884,0.0116],"evs":[0.0,-2.9033]},"J5o":{"weight":0.0,"played":[0.749,0.251],"evs":[0.0,0.30713]},"Q5o":{"weight":0.0,"played":[0.7506,0.2494],"evs":[0.0,0.33182]},"K5o":{"weight":0.0,"played":[0.6076,0.3924],"evs":[0.0,0.90411]},"A5o":{"weight":0.0,"played":[0.0065,0.9935],"evs":[0.0,0.72298]},"62s":{"weight":0.0,"played":[0.5184,0.4816],"evs":[0.0,1.78379]},"63s":{"weight":0.0,"played":[0.0157,0.9843],"evs":[0.0,2.88031]},"64s":{"weight":0.0,"played":[0.0702,0.9298],"evs":[0.0,5.98467]},"65s":{"weight":0.0,"played":[0.1077,0.8923],"evs":[0.0,2.06972]},"66":{"weight":0.015,"played":[2.0E-4,0.9998],"evs":[0.0,10.14893]},"76o":{"weight":0.0,"played":[0.171,0.829],"evs":[0.0,3.85031]},"86o":{"weight":0.0,"played":[0.0585,0.9415],"evs":[0.0,3.35209]},"96o":{"weight":0.0,"played":[0.0189,0.9811],"evs":[0.0,2.85754]},"T6o":{"weight":0.0,"played":[0.0202,0.9798],"evs":[0.0,2.0643]},"J6o":{"weight":0.0,"played":[0.9857,0.0143],"evs":[0.0,-0.34982]},"Q6o":{"weight":0.0,"played":[0.1208,0.8792],"evs":[0.0,1.1675]},"K6o":{"weight":0.0,"played":[0.2416,0.7584],"evs":[0.0,0.85724]},"A6o":{"weight":0.0,"played":[0.0688,0.9312],"evs":[0.0,2.52941]},"72s":{"weight":0.0,"played":[0.8925,0.1075],"evs":[0.0,-0.69402]},"73s":{"weight":0.0,"played":[0.0262,0.9738],"evs":[0.0,2.68106]},"74s":{"weight":0.0,"played":[0.0015,0.9985],"evs":[0.0,4.05362]},"75s":{"weight":0.0,"played":[0.2045,0.7955],"evs":[0.0,4.08622]},"76s":{"weight":0.0,"played":[0.0409,0.9591],"evs":[0.0,4.06811]},"77":{"weight":1.0E-4,"played":[1.0E-4,0.9999],"evs":[0.0,12.79786]},"87o":{"weight":0.0,"played":[0.0501,0.9499],"evs":[0.0,5.13364]},"97o":{"weight":0.0,"played":[0.0021,0.9979],"evs":[0.0,4.17808]},"T7o":{"weight":0.0,"played":[0.2734,0.7266],"evs":[0.0,0.34607]},"J7o":{"weight":0.0,"played":[0.0987,0.9013],"evs":[0.0,0.46712]},"Q7o":{"weight":0.0,"played":[0.2496,0.7504],"evs":[0.0,-0.09786]},"K7o":{"weight":0.0,"played":[0.0062,0.9938],"evs":[0.0,2.82904]},"A7o":{"weight":0.0,"played":[0.0015,0.9985],"evs":[0.0,2.44994]},"82s":{"weight":0.0,"played":[0.4916,0.5084],"evs":[0.0,1.49268]},"83s":{"weight":0.0,"played":[0.8038,0.1962],"evs":[0.0,-0.1179]},"84s":{"weight":0.0,"played":[8.0E-4,0.9992],"evs":[0.0,1.62509]},"85s":{"weight":0.0,"played":[0.0137,0.9863],"evs":[0.0,4.586]},"86s":{"weight":0.0,"played":[0.0112,0.9888],"evs":[0.0,5.02142]},"87s":{"weight":0.0,"played":[0.0164,0.9836],"evs":[0.0,4.30265]},"88":{"weight":0.669,"played":[0.0,1.0],"evs":[0.0,11.92964]},"98o":{"weight":0.0,"played":[0.0266,0.9734],"evs":[0.0,2.64669]},"T8o":{"weight":0.0,"played":[0.0344,0.9656],"evs":[0.0,3.11877]},"J8o":{"weight":0.0,"played":[0.0469,0.9531],"evs":[0.0,2.5391]},"Q8o":{"weight":0.0,"played":[0.0036,0.9964],"evs":[0.0,2.17637]},"K8o":{"weight":0.0,"played":[0.0755,0.9245],"evs":[0.0,2.19232]},"A8o":{"weight":0.0,"played":[0.0011,0.9989],"evs":[0.0,3.19699]},"92s":{"weight":0.0,"played":[0.5062,0.4938],"evs":[0.0,1.51565]},"93s":{"weight":0.0,"played":[0.9087,0.0913],"evs":[0.0,0.27719]},"94s":{"weight":0.0,"played":[0.0755,0.9245],"evs":[0.0,3.62082]},"95s":{"weight":0.0,"played":[0.0845,0.9155],"evs":[0.0,2.06872]},"96s":{"weight":0.0,"played":[0.017,0.983],"evs":[0.0,4.38133]},"97s":{"weight":0.0,"played":[0.0,1.0],"evs":[0.0,3.17264]},"98s":{"weight":0.0344,"played":[2.0E-4,0.9998],"evs":[0.0,4.54598]},"99":{"weight":0.0634,"played":[0.0,1.0],"evs":[0.0,14.58184]},"T9o":{"weight":0.0,"played":[0.077,0.923],"evs":[0.0,1.9234]},"J9o":{"weight":0.0,"played":[0.0519,0.9481],"evs":[0.0,4.15457]},"Q9o":{"weight":0.0,"played":[0.0108,0.9892],"evs":[0.0,2.91183]},"K9o":{"weight":0.0,"played":[0.0096,0.9904],"evs":[0.0,4.18366]},"A9o":{"weight":0.0,"played":[0.001,0.999],"evs":[0.0,3.93781]},"T2s":{"weight":0.0,"played":[0.3986,0.6014],"evs":[0.0,0.86238]},"T3s":{"weight":0.0,"played":[0.0459,0.9541],"evs":[0.0,2.45626]},"T4s":{"weight":0.0,"played":[0.0072,0.9928],"evs":[0.0,3.47947]},"T5s":{"weight":0.0,"played":[0.0353,0.9647],"evs":[0.0,1.58402]},"T6s":{"weight":0.0,"played":[0.0891,0.9109],"evs":[0.0,-0.07352]},"T7s":{"weight":0.0,"played":[0.0368,0.9632],"evs":[0.0,3.06401]},"T8s":{"weight":0.0,"played":[2.0E-4,0.9998],"evs":[0.0,3.32101]},"T9s":{"weight":0.1518,"played":[0.0052,0.9948],"evs":[0.0,4.1312]},"TT":{"weight":0.9025,"played":[2.0E-4,0.9998],"evs":[0.0,14.33465]},"JTo":{"weight":2.0E-4,"played":[0.1844,0.8156],"evs":[0.0,2.37515]},"QTo":{"weight":0.0,"played":[0.0201,0.9799],"evs":[0.0,1.27392]},"KTo":{"weight":1.0E-4,"played":[0.4876,0.5124],"evs":[0.0,-0.02542]},"ATo":{"weight":0.0211,"played":[0.0023,0.9977],"evs":[0.0,4.84738]},"J2s":{"weight":0.0,"played":[0.0971,0.9029],"evs":[0.0,1.11739]},"J3s":{"weight":0.0,"played":[0.5037,0.4963],"evs":[0.0,2.03775]},"J4s":{"weight":0.0,"played":[0.7862,0.2138],"evs":[0.0,-0.2806]},"J5s":{"weight":0.0,"played":[0.3448,0.6552],"evs":[0.0,0.1277]},"J6s":{"weight":0.0,"played":[0.0569,0.9431],"evs":[0.0,0.24643]},"J7s":{"weight":0.0,"played":[0.6577,0.3423],"evs":[0.0,1.4745]},"J8s":{"weight":0.0,"played":[0.0553,0.9447],"evs":[0.0,5.91381]},"J9s":{"weight":0.0067,"played":[0.0033,0.9967],"evs":[0.0,3.08863]},"JTs":{"weight":0.0037,"played":[0.006,0.994],"evs":[0.0,5.54842]},"JJ":{"weight":0.2789,"played":[0.0,1.0],"evs":[0.0,17.50837]},"QJo":{"weight":0.0,"played":[0.0161,0.9839],"evs":[0.0,1.87064]},"KJo":{"weight":0.0,"played":[0.0037,0.9963],"evs":[0.0,1.67506]},"AJo":{"weight":0.5175,"played":[0.0,1.0],"evs":[0.0,8.26033]},"Q2s":{"weight":0.0,"played":[0.7728,0.2272],"evs":[0.0,0.85852]},"Q3s":{"weight":0.0,"played":[0.6193,0.3807],"evs":[0.0,2.38381]},"Q4s":{"weight":0.0,"played":[0.137,0.863],"evs":[0.0,1.48782]},"Q5s":{"weight":0.0,"played":[0.0969,0.9031],"evs":[0.0,1.75977]},"Q6s":{"weight":0.0,"played":[0.0349,0.9651],"evs":[0.0,3.6368]},"Q7s":{"weight":0.0,"played":[0.0204,0.9796],"evs":[0.0,4.98339]},"Q8s":{"weight":0.0,"played":[0.0011,0.9989],"evs":[0.0,5.48804]},"Q9s":{"weight":0.2951,"played":[0.0,1.0],"evs":[0.0,4.40584]},"QTs":{"weight":0.0092,"played":[0.001,0.999],"evs":[0.0,1.73099]},"QJs":{"weight":0.2273,"played":[0.0016,0.9984],"evs":[0.0,4.16002]},"QQ":{"weight":0.1198,"played":[0.0,1.0],"evs":[0.0,17.95326]},"KQo":{"weight":0.053,"played":[1.0E-4,0.9999],"evs":[0.0,2.19573]},"AQo":{"weight":0.7167,"played":[0.0,1.0],"evs":[0.0,9.91227]},"K2s":{"weight":0.0,"played":[0.7997,0.2003],"evs":[0.0,0.22647]},"K3s":{"weight":0.0,"played":[0.2446,0.7554],"evs":[0.0,2.36885]},"K4s":{"weight":0.0,"played":[0.7191,0.2809],"evs":[0.0,1.62126]},"K5s":{"weight":0.0,"played":[0.3291,0.6709],"evs":[0.0,0.48985]},"K6s":{"weight":0.0,"played":[0.1574,0.8426],"evs":[0.0,0.01692]},"K7s":{"weight":0.0,"played":[0.0042,0.9958],"evs":[0.0,4.93982]},"K8s":{"weight":2.0E-4,"played":[0.0102,0.9898],"evs":[0.0,1.935]},"K9s":{"weight":0.0062,"played":[0.0,1.0],"evs":[0.0,4.62995]},"KTs":{"weight":0.2384,"played":[0.001,0.999],"evs":[0.0,2.13335]},"KJs":{"weight":0.5166,"played":[0.0017,0.9983],"evs":[0.0,5.70184]},"KQs":{"weight":0.6267,"played":[0.0,1.0],"evs":[0.0,5.56802]},"KK":{"weight":0.0669,"played":[0.0,1.0],"evs":[0.0,20.28905]},"AKo":{"weight":0.1898,"played":[0.0,1.0],"evs":[0.0,10.50298]},"A2s":{"weight":0.0,"played":[0.8544,0.1456],"evs":[0.0,1.44622]},"A3s":{"weight":7.0E-4,"played":[0.1814,0.8186],"evs":[0.0,-0.90973]},"A4s":{"weight":0.0018,"played":[0.0257,0.9743],"evs":[0.0,1.10722]},"A5s":{"weight":1.0E-4,"played":[1.0E-4,0.9999],"evs":[0.0,3.72017]},"A6s":{"weight":0.0477,"played":[0.0234,0.9766],"evs":[0.0,4.08022]},"A7s":{"weight":0.0473,"played":[0.0012,0.9988],"evs":[0.0,4.48939]},"A8s":{"weight":0.105,"played":[6.0E-4,0.9994],"evs":[0.0,4.45536]},"A9s":{"weight":0.0432,"played":[0.0017,0.9983],"evs":[0.0,6.33303]},"ATs":{"weight":0.0017,"played":[2.0E-4,0.9998],"evs":[0.0,7.66061]},"AJs":{"weight":0.021,"played":[1.0E-4,0.9999],"evs":[0.0,8.54103]},"AQs":{"weight":0.3619,"played":[0.0,1.0],"evs":[0.0,13.01579]},"AKs":{"weight":0.4462,"played":[0.0,1.0],"evs":[0.0,13.53174]},"AA":{"weight":0.058,"played":[0.0,1.0],"evs":[0.0,26.58342]}}}