{"player":2,"street":0,"children":2,"sequence":[{"player":0,"type":"R","amount":200000,"street":0},{"player":1,"type":"C","amount":200000,"street":0},{"player":2,"type":"C","amount":200000,"street":0},{"player":3,"type":"F","amount":0,"street":0},{"player":4,"type":"R","amount":715000,"street":0},{"player":5,"type":"F","amount":0,"street":0},{"player":0,"type":"R","amount":2185000,"street":0},{"player":1,"type":"F","amount":0,"street":0}],"actions":[{"type":"F","amount":0},{"type":"C","amount":1985000}],"hands":{"22":{"weight":0.0,"played":[0.2623,0.7377],"evs":[0.0,-0.48093]},"32o":{"weight":0.0,"played":[1.0,0.0],"evs":[0.0,-6.19142]},"42o":{"weight":0.0,"played":[1.0,0.0],"evs":[0.0,-5.61784]},"52o":{"weight":0.0,"played":[1.0,0.0],"evs":[0.0,-5.46661]},"62o":{"weight":0.0,"played":[0.9997,3.0E-4],"evs":[0.0,-5.63767]},"72o":{"weight":0.0,"played":[1.0,0.0],"evs":[0.0,-5.95508]},"82o":{"weight":0.0,"played":[1.0,0.0],"evs":[0.0,-5.72525]},"92o":{"weight":0.0,"played":[1.0,0.0],"evs":[0.0,-5.37883]},"T2o":{"weight":0.0,"played":[1.0,0.0],"evs":[0.0,-4.49982]},"J2o":{"weight":0.0,"played":[1.0,0.0],"evs":[0.0,-6.54417]},"Q2o":{"weight":0.0,"played":[0.9999,1.0E-4],"evs":[0.0,-4.77521]},"K2o":{"weight":0.0,"played":[1.0,0.0],"evs":[0.0,-4.93057]},"A2o":{"weight":0.0,"played":[0.9983,0.0017],"evs":[0.0,-3.88108]},"32s":{"weight":0.0,"played":[0.9999,1.0E-4],"evs":[0.0,-3.34662]},"33":{"weight":0.4567,"played":[0.0019,0.9981],"evs":[0.0,0.24745]},"43o":{"weight":0.0,"played":[1.0,0.0],"evs":[0.0,-5.27508]},"53o":{"weight":0.0,"played":[0.9994,6.0E-4],"evs":[0.0,-4.54337]},"63o":{"weight":0.0,"played":[0.9999,1.0E-4],"evs":[0.0,-5.32049]},"73o":{"weight":0.0,"played":[1.0,0.0],"evs":[0.0,-5.65546]},"83o":{"weight":0.0,"played":[0.9999,1.0E-4],"evs":[0.0,-5.75376]},"93o":{"weight":0.0,"played":[1.0,0.0],"evs":[0.0,-5.50995]},"T3o":{"weight":0.0,"played":[0.9999,1.0E-4],"evs":[0.0,-5.033]},"J3o":{"weight":0.0,"played":[1.0,0.0],"evs":[0.0,-5.79817]},"Q3o":{"weight":0.0,"played":[1.0,0.0],"evs":[0.0,-3.75888]},"K3o":{"weight":0.0,"played":[0.9999,1.0E-4],"evs":[0.0,-3.71169]},"A3o":{"weight":0.0,"played":[0.9999,1.0E-4],"evs":[0.0,-3.20134]},"42s":{"weight":0.0,"played":[0.9973,0.0027],"evs":[0.0,-3.69771]},"43s":{"weight":0.0,"played":[0.9952,0.0048],"evs":[0.0,-2.61624]},"44":{"weight":0.9996,"played":[0.0051,0.9949],"evs":[0.0,0.59022]},"54o":{"weight":0.0,"played":[1.0,0.0],"evs":[0.0,-3.10265]},"64o":{"weight":0.0,"played":[0.9999,1.0E-4],"evs":[0.0,-3.12213]},"74o":{"weight":0.0,"played":[0.9998,2.0E-4],"evs":[0.0,-4.65103]},"84o":{"weight":0.0,"played":[1.0,0.0],"evs":[0.0,-5.46415]},"94o":{"weight":0.0,"played":[0.9999,1.0E-4],"evs":[0.0,-5.19044]},"T4o":{"weight":0.0,"played":[1.0,0.0],"evs":[0.0,-5.39135]},"J4o":{"weight":0.0,"played":[1.0,0.0],"evs":[0.0,-5.12416]},"Q4o":{"weight":0.0,"played":[0.9993,7.0E-4],"evs":[0.0,-4.72309]},"K4o":{"weight":0.0,"played":[0.9997,3.0E-4],"evs":[0.0,-4.59619]},"A4o":{"weight":0.0,"played":[0.9982,0.0018],"evs":[0.0,-3.66379]},"52s":{"weight":0.0,"played":[0.9993,7.0E-4],"evs":[0.0,-2.68517]},"53s":{"weight":0.0,"played":[0.9982,0.0018],"evs":[0.0,-2.3739]},"54s":{"weight":0.0,"played":[0.1122,0.8878],"evs":[0.0,-0.59739]},"55":{"weight":0.7719,"played":[0.0036,0.9964],"evs":[0.0,1.75986]},"65o":{"weight":0.0,"played":[0.9988,0.0012],"evs":[0.0,-3.1745]},"75o":{"weight":0.0,"played":[0.9994,6.0E-4],"evs":[0.0,-2.93613]},"85o":{"weight":0.0,"played":[1.0,0.0],"evs":[0.0,-3.86374]},"95o":{"weight":0.0,"played":[1.0,0.0],"evs":[0.0,-4.44022]},"T5o":{"weight":0.0,"played":[0.9993,7.0E-4],"evs":[0.0,-4.74829]},"J5o":{"weight":0.0,"played":[1.0,0.0],"evs":[0.0,-5.218]},"Q5o":{"weight":0.0,"played":[0.9998,2.0E-4],"evs":[0.0,-4.34198]},"K5o":{"weight":0.0,"played":[0.9997,3.0E-4],"evs":[0.0,-3.62672]},"A5o":{"weight":0.0,"played":[0.9991,9.0E-4],"evs":[0.0,-2.89144]},"62s":{"weight":0.0,"played":[1.0,0.0],"evs":[0.0,-2.6993]},"63s":{"weight":0.0,"played":[0.9996,4.0E-4],"evs":[0.0,-2.21849]},"64s":{"weight":0.0,"played":[0.9982,0.0018],"evs":[0.0,-2.12921]},"65s":{"weight":0.2135,"played":[0.1509,0.8491],"evs":[0.0,0.69158]},"66":{"weight":0.2436,"played":[0.0033,0.9967],"evs":[0.0,4.17004]},"76o":{"weight":0.0,"played":[0.9996,4.0E-4],"evs":[0.0,-2.17767]},"86o":{"weight":0.0,"played":[0.9999,1.0E-4],"evs":[0.0,-2.08627]},"96o":{"weight":0.0,"played":[0.9995,5.0E-4],"evs":[0.0,-3.34345]},"T6o":{"weight":0.0,"played":[1.0,0.0],"evs":[0.0,-3.3942]},"J6o":{"weight":0.0,"played":[1.0,0.0],"evs":[0.0,-4.42288]},"Q6o":{"weight":0.0,"played":[0.9998,2.0E-4],"evs":[0.0,-4.2434]},"K6o":{"weight":0.0,"played":[0.9998,2.0E-4],"evs":[0.0,-2.8307]},"A6o":{"weight":0.0,"played":[0.9983,0.0017],"evs":[0.0,-3.07059]},"72s":{"weight":0.0,"played":[1.0,0.0],"evs":[0.0,-3.51433]},"73s":{"weight":0.0,"played":[0.9999,1.0E-4],"evs":[0.0,-3.6229]},"74s":{"weight":0.0,"played":[0.998,0.002],"evs":[0.0,-1.9878]},"75s":{"weight":0.0,"played":[0.7707,0.2293],"evs":[0.0,-0.85463]},"76s":{"weight":0.0,"played":[0.3965,0.6035],"evs":[0.0,0.00542]},"77":{"weight":3.0E-4,"played":[0.0,1.0],"evs":[0.0,6.39744]},"87o":{"weight":0.0,"played":[1.0,0.0],"evs":[0.0,-1.94063]},"97o":{"weight":0.0,"played":[0.9997,3.0E-4],"evs":[0.0,-2.18585]},"T7o":{"weight":0.0,"played":[0.9994,6.0E-4],"evs":[0.0,-2.61416]},"J7o":{"weight":0.0,"played":[0.9992,8.0E-4],"evs":[0.0,-2.65477]},"Q7o":{"weight":0.0,"played":[1.0,0.0],"evs":[0.0,-3.81183]},"K7o":{"weight":0.0,"played":[0.9999,1.0E-4],"evs":[0.0,-2.34388]},"A7o":{"weight":0.0,"played":[0.9996,4.0E-4],"evs":[0.0,-2.42854]},"82s":{"weight":0.0,"played":[0.9992,8.0E-4],"evs":[0.0,-3.34429]},"83s":{"weight":0.0,"played":[0.9877,0.0123],"evs":[0.0,-1.91775]},"84s":{"weight":0.0,"played":[0.9661,0.0339],"evs":[0.0,-3.25611]},"85s":{"weight":0.0,"played":[0.9964,0.0036],"evs":[0.0,-1.93508]},"86s":{"weight":0.0,"played":[0.9452,0.0548],"evs":[0.0,-1.3088]},"87s":{"weight":0.0,"played":[0.051,0.949],"evs":[0.0,0.40872]},"88":{"weight":0.0,"played":[0.0,1.0],"evs":[0.0,8.64828]},"98o":{"weight":0.0,"played":[0.9993,7.0E-4],"evs":[0.0,-1.69066]},"T8o":{"weight":0.0,"played":[0.9999,1.0E-4],"evs":[0.0,-1.21534]},"J8o":{"weight":0.0,"played":[1.0,0.0],"evs":[0.0,-2.47618]},"Q8o":{"weight":0.0,"played":[0.998,0.002],"evs":[0.0,-1.94761]},"K8o":{"weight":0.0,"played":[0.9992,8.0E-4],"evs":[0.0,-3.20851]},"A8o":{"weight":0.0,"played":[0.962,0.038],"evs":[0.0,-1.93539]},"92s":{"weight":0.0,"played":[1.0,0.0],"evs":[0.0,-2.4935]},"93s":{"weight":0.0,"played":[0.9985,0.0015],"evs":[0.0,-3.20062]},"94s":{"weight":0.0,"played":[0.992,0.008],"evs":[0.0,-4.57044]},"95s":{"weight":0.0,"played":[0.9961,0.0039],"evs":[0.0,-2.47969]},"96s":{"weight":0.0,"played":[0.8831,0.1169],"evs":[0.0,-1.60606]},"97s":{"weight":0.0,"played":[0.5494,0.4506],"evs":[0.0,-0.289]},"98s":{"weight":0.3383,"played":[0.0696,0.9304],"evs":[0.0,0.89167]},"99":{"weight":0.0,"played":[0.0,1.0],"evs":[0.0,10.87374]},"T9o":{"weight":0.0,"played":[0.9424,0.0576],"evs":[0.0,-0.7106]},"J9o":{"weight":0.0,"played":[0.9943,0.0057],"evs":[0.0,-1.85272]},"Q9o":{"weight":0.0,"played":[0.9969,0.0031],"evs":[0.0,-1.64943]},"K9o":{"weight":0.0,"played":[1.0,0.0],"evs":[0.0,-2.30397]},"A9o":{"weight":0.0,"played":[0.9949,0.0051],"evs":[0.0,-1.15681]},"T2s":{"weight":0.0,"played":[0.999,0.001],"evs":[0.0,-3.35096]},"T3s":{"weight":0.0,"played":[0.9987,0.0013],"evs":[0.0,-3.44542]},"T4s":{"weight":0.0,"played":[0.9995,5.0E-4],"evs":[0.0,-2.24158]},"T5s":{"weight":0.0,"played":[0.9973,0.0027],"evs":[0.0,-3.16369]},"T6s":{"weight":0.0,"played":[0.9643,0.0357],"evs":[0.0,-2.06169]},"T7s":{"weight":0.0,"played":[0.5355,0.4645],"evs":[0.0,0.37938]},"T8s":{"weight":0.0,"played":[0.2647,0.7353],"evs":[0.0,1.56968]},"T9s":{"weight":0.7186,"played":[0.1158,0.8842],"evs":[0.0,0.43394]},"TT":{"weight":1.0E-4,"played":[0.0,1.0],"evs":[0.0,11.58362]},"JTo":{"weight":0.0,"played":[1.0,0.0],"evs":[0.0,-2.17004]},"QTo":{"weight":0.0,"played":[0.9626,0.0374],"evs":[0.0,-1.36486]},"KTo":{"weight":0.0,"played":[0.9473,0.0527],"evs":[0.0,-1.26974]},"ATo":{"weight":0.9439,"played":[0.0026,0.9974],"evs":[0.0,1.06935]},"J2s":{"weight":0.0,"played":[0.9846,0.0154],"evs":[0.0,-3.55612]},"J3s":{"weight":0.0,"played":[0.9993,7.0E-4],"evs":[0.0,-3.96819]},"J4s":{"weight":0.0,"played":[0.9998,2.0E-4],"evs":[0.0,-3.312]},"J5s":{"weight":0.0,"played":[0.9993,7.0E-4],"evs":[0.0,-2.38726]},"J6s":{"weight":0.0,"played":[0.9744,0.0256],"evs":[0.0,-1.69383]},"J7s":{"weight":0.0,"played":[0.9899,0.0101],"evs":[0.0,-1.94052]},"J8s":{"weight":0.0,"played":[0.9442,0.0558],"evs":[0.0,-1.70222]},"J9s":{"weight":0.0086,"played":[0.9837,0.0163],"evs":[0.0,-0.42594]},"JTs":{"weight":0.2652,"played":[0.0041,0.9959],"evs":[0.0,1.88754]},"JJ":{"weight":0.002,"played":[0.0,1.0],"evs":[0.0,13.59413]},"QJo":{"weight":0.0,"played":[0.9503,0.0497],"evs":[0.0,-0.76038]},"KJo":{"weight":0.0,"played":[0.6668,0.3332],"evs":[0.0,-0.82396]},"AJo":{"weight":0.0351,"played":[0.0,1.0],"evs":[0.0,3.26272]},"Q2s":{"weight":0.0,"played":[0.9996,4.0E-4],"evs":[0.0,-2.83308]},"Q3s":{"weight":0.0,"played":[0.9996,4.0E-4],"evs":[0.0,-2.62204]},"Q4s":{"weight":0.0,"played":[0.9957,0.0043],"evs":[0.0,-3.00904]},"Q5s":{"weight":0.0,"played":[0.9877,0.0123],"evs":[0.0,-1.71387]},"Q6s":{"weight":0.0,"played":[0.6912,0.3088],"evs":[0.0,-1.40281]},"Q7s":{"weight":0.0,"played":[0.8611,0.1389],"evs":[0.0,-1.88103]},"Q8s":{"weight":0.0,"played":[0.0321,0.9679],"evs":[0.0,1.04567]},"Q9s":{"weight":0.0147,"played":[0.2839,0.7161],"evs":[0.0,-0.16095]},"QTs":{"weight":0.9002,"played":[0.0176,0.9824],"evs":[0.0,1.71605]},"QJs":{"weight":0.9981,"played":[0.006,0.994],"evs":[0.0,2.33949]},"QQ":{"weight":0.0241,"played":[0.0,1.0],"evs":[0.0,17.75139]},"KQo":{"weight":0.6999,"played":[0.0015,0.9985],"evs":[0.0,0.92013]},"AQo":{"weight":3.0E-4,"played":[0.0,1.0],"evs":[0.0,5.23362]},"K2s":{"weight":0.0,"played":[0.9993,7.0E-4],"evs":[0.0,-4.08841]},"K3s":{"weight":0.0,"played":[0.9979,0.0021],"evs":[0.0,-2.77986]},"K4s":{"weight":0.0,"played":[0.9905,0.0095],"evs":[0.0,-0.947]},"K5s":{"weight":0.0,"played":[0.8935,0.1065],"evs":[0.0,-0.0115]},"K6s":{"weight":0.0,"played":[0.9515,0.0485],"evs":[0.0,-1.26341]},"K7s":{"weight":0.0,"played":[0.0554,0.9446],"evs":[0.0,1.23403]},"K8s":{"weight":0.0,"played":[0.1674,0.8326],"evs":[0.0,-0.07594]},"K9s":{"weight":0.0395,"played":[0.1062,0.8938],"evs":[0.0,0.44454]},"KTs":{"weight":0.0032,"played":[0.1747,0.8253],"evs":[0.0,0.37367]},"KJs":{"weight":0.8539,"played":[0.0021,0.9979],"evs":[0.0,1.89004]},"KQs":{"weight":0.5254,"played":[4.0E-4,0.9996],"evs":[0.0,3.36061]},"KK":{"weight":0.0182,"played":[0.0,1.0],"evs":[0.0,20.68705]},"AKo":{"weight":0.0,"played":[0.0,1.0],"evs":[0.0,7.85847]},"A2s":{"weight":0.0,"played":[0.6417,0.3583],"evs":[0.0,-1.51551]},"A3s":{"weight":0.0,"played":[0.9995,5.0E-4],"evs":[0.0,-1.28967]},"A4s":{"weight":2.0E-4,"played":[0.7036,0.2964],"evs":[0.0,-1.23698]},"A5s":{"weight":0.0062,"played":[0.1957,0.8043],"evs":[0.0,0.43416]},"A6s":{"weight":6.0E-4,"played":[0.3416,0.6584],"evs":[0.0,-0.39742]},"A7s":{"weight":0.0059,"played":[0.4176,0.5824],"evs":[0.0,-0.14069]},"A8s":{"weight":0.1126,"played":[0.1592,0.8408],"evs":[0.0,0.61995]},"A9s":{"weight":0.2699,"played":[0.0206,0.9794],"evs":[0.0,2.02102]},"ATs":{"weight":0.3725,"played":[3.0E-4,0.9997],"evs":[0.0,3.77973]},"AJs":{"weight":0.9611,"played":[0.0,1.0],"evs":[0.0,5.72283]},"AQs":{"weight":0.0015,"played":[0.0,1.0],"evs":[0.0,6.16587]},"AKs":{"weight":2.0E-4,"played":[0.0,1.0],"evs":[0.0,8.43878]},"AA":{"weight":0.8281,"played":[0.0,1.0],"evs":[0.0,27.94945]}}}