{"player":1,"street":0,"children":2,"sequence":[{"player":0,"type":"R","amount":200000,"street":0},{"player":1,"type":"C","amount":200000,"street":0},{"player":2,"type":"C","amount":200000,"street":0},{"player":3,"type":"F","amount":0,"street":0},{"player":4,"type":"R","amount":715000,"street":0},{"player":5,"type":"R","amount":815000,"street":0},{"player":0,"type":"F","amount":0,"street":0},{"player":1,"type":"C","amount":615000,"street":0},{"player":2,"type":"R","amount":2215000,"street":0}],"actions":[{"type":"F","amount":0},{"type":"C","amount":1400000}],"hands":{"22":{"weight":0.1158,"played":[0.0,1.0],"evs":[0.0,6.77584]},"32o":{"weight":0.0,"played":[0.5457,0.4543],"evs":[0.0,0.03811]},"42o":{"weight":0.0,"played":[0.8556,0.1444],"evs":[0.0,0.33483]},"52o":{"weight":0.0,"played":[0.5696,0.4304],"evs":[0.0,-0.13787]},"62o":{"weight":0.0,"played":[0.2855,0.7145],"evs":[0.0,0.6824]},"72o":{"weight":0.0,"played":[0.6202,0.3798],"evs":[0.0,-1.00122]},"82o":{"weight":0.0,"played":[0.2357,0.7643],"evs":[0.0,0.22738]},"92o":{"weight":0.0,"played":[0.0043,0.9957],"evs":[0.0,1.00376]},"T2o":{"weight":0.0,"played":[0.26,0.74],"evs":[0.0,0.5439]},"J2o":{"weight":0.0,"played":[0.5175,0.4825],"evs":[0.0,-0.00639]},"Q2o":{"weight":0.0,"played":[0.0271,0.9729],"evs":[0.0,0.24832]},"K2o":{"weight":0.0,"played":[0.1652,0.8348],"evs":[0.0,2.75406]},"A2o":{"weight":0.0,"played":[0.0045,0.9955],"evs":[0.0,4.04695]},"32s":{"weight":0.0,"played":[0.2482,0.7518],"evs":[0.0,1.79639]},"33":{"weight":4.0E-4,"played":[1.0E-4,0.9999],"evs":[0.0,6.54069]},"43o":{"weight":0.0,"played":[0.0193,0.9807],"evs":[0.0,2.00781]},"53o":{"weight":0.0,"played":[0.0568,0.9432],"evs":[0.0,1.49567]},"63o":{"weight":0.0,"played":[6.0E-4,0.9994],"evs":[0.0,1.546]},"73o":{"weight":0.0,"played":[0.0321,0.9679],"evs":[0.0,2.58252]},"83o":{"weight":0.0,"played":[0.3313,0.6687],"evs":[0.0,1.41923]},"93o":{"weight":0.0,"played":[0.0453,0.9547],"evs":[0.0,1.18174]},"T3o":{"weight":0.0,"played":[0.5848,0.4152],"evs":[0.0,-0.5414]},"J3o":{"weight":0.0,"played":[0.241,0.759],"evs":[0.0,1.1806]},"Q3o":{"weight":0.0,"played":[0.0172,0.9828],"evs":[0.0,1.22412]},"K3o":{"weight":0.0,"played":[0.008,0.992],"evs":[0.0,1.90067]},"A3o":{"weight":0.0,"played":[0.0,1.0],"evs":[0.0,3.57644]},"42s":{"weight":0.0,"played":[0.006,0.994],"evs":[0.0,3.71098]},"43s":{"weight":0.0,"played":[0.0768,0.9232],"evs":[0.0,4.92503]},"44":{"weight":6.0E-4,"played":[2.0E-4,0.9998],"evs":[0.0,7.90824]},"54o":{"weight":0.0,"played":[0.098,0.902],"evs":[0.0,1.52897]},"64o":{"weight":0.0,"played":[0.0036,0.9964],"evs":[0.0,3.16506]},"74o":{"weight":0.0,"played":[0.0384,0.9616],"evs":[0.0,1.81289]},"84o":{"weight":0.0,"played":[0.0806,0.9194],"evs":[0.0,1.76234]},"94o":{"weight":0.0,"played":[0.0667,0.9333],"evs":[0.0,1.17841]},"T4o":{"weight":0.0,"played":[0.4736,0.5264],"evs":[0.0,0.33594]},"J4o":{"weight":0.0,"played":[0.0486,0.9514],"evs":[0.0,1.83144]},"Q4o":{"weight":0.0,"played":[0.3161,0.6839],"evs":[0.0,-0.43569]},"K4o":{"weight":0.0,"played":[0.07,0.93],"evs":[0.0,1.78976]},"A4o":{"weight":0.0,"played":[0.0046,0.9954],"evs":[0.0,3.33546]},"52s":{"weight":0.0,"played":[0.0647,0.9353],"evs":[0.0,2.68111]},"53s":{"weight":0.0,"played":[8.0E-4,0.9992],"evs":[0.0,5.56912]},"54s":{"weight":0.0,"played":[0.0267,0.9733],"evs":[0.0,5.74543]},"55":{"weight":0.346,"played":[1.0E-4,0.9999],"evs":[0.0,11.50715]},"65o":{"weight":0.0,"played":[3.0E-4,0.9997],"evs":[0.0,4.81221]},"75o":{"weight":0.0,"played":[1.0E-4,0.9999],"evs":[0.0,5.65312]},"85o":{"weight":0.0,"played":[0.0066,0.9934],"evs":[0.0,3.62347]},"95o":{"weight":0.0,"played":[0.0145,0.9855],"evs":[0.0,1.6125]},"T5o":{"weight":0.0,"played":[0.0366,0.9634],"evs":[0.0,1.83802]},"J5o":{"weight":0.0,"played":[0.0011,0.9989],"evs":[0.0,1.84256]},"Q5o":{"weight":0.0,"played":[0.0017,0.9983],"evs":[0.0,1.54942]},"K5o":{"weight":0.0,"played":[0.0132,0.9868],"evs":[0.0,2.50289]},"A5o":{"weight":0.0,"played":[0.0221,0.9779],"evs":[0.0,5.94509]},"62s":{"weight":0.0,"played":[0.0645,0.9355],"evs":[0.0,3.40063]},"63s":{"weight":0.0,"played":[0.0043,0.9957],"evs":[0.0,4.93638]},"64s":{"weight":0.0,"played":[0.0234,0.9766],"evs":[0.0,5.31428]},"65s":{"weight":0.0319,"played":[0.0026,0.9974],"evs":[0.0,5.99351]},"66":{"weight":0.0054,"played":[0.0,1.0],"evs":[0.0,14.7573]},"76o":{"weight":0.0,"played":[6.0E-4,0.9994],"evs":[0.0,5.8773]},"86o":{"weight":0.0,"played":[0.0,1.0],"evs":[0.0,3.81671]},"96o":{"weight":0.0,"played":[6.0E-4,0.9994],"evs":[0.0,4.19848]},"T6o":{"weight":0.0,"played":[0.122,0.878],"evs":[0.0,3.00865]},"J6o":{"weight":0.0,"played":[0.0092,0.9908],"evs":[0.0,2.48707]},"Q6o":{"weight":0.0,"played":[0.0596,0.9404],"evs":[0.0,-0.19019]},"K6o":{"weight":0.0,"played":[0.0058,0.9942],"evs":[0.0,4.5384]},"A6o":{"weight":0.0,"played":[0.0028,0.9972],"evs":[0.0,4.83299]},"72s":{"weight":0.0,"played":[0.0493,0.9507],"evs":[0.0,0.0017]},"73s":{"weight":0.0,"played":[0.0199,0.9801],"evs":[0.0,3.99496]},"74s":{"weight":0.0,"played":[0.0256,0.9744],"evs":[0.0,4.30765]},"75s":{"weight":0.0,"played":[0.0013,0.9987],"evs":[0.0,8.20677]},"76s":{"weight":0.7798,"played":[1.0E-4,0.9999],"evs":[0.0,6.57484]},"77":{"weight":3.0E-4,"played":[1.0E-4,0.9999],"evs":[0.0,13.92817]},"87o":{"weight":0.0,"played":[2.0E-4,0.9998],"evs":[0.0,4.31943]},"97o":{"weight":0.0,"played":[0.0212,0.9788],"evs":[0.0,4.95741]},"T7o":{"weight":0.0,"played":[2.0E-4,0.9998],"evs":[0.0,2.70112]},"J7o":{"weight":0.0,"played":[1.0E-4,0.9999],"evs":[0.0,3.13173]},"Q7o":{"weight":0.0,"played":[0.003,0.997],"evs":[0.0,3.75556]},"K7o":{"weight":0.0,"played":[0.0039,0.9961],"evs":[0.0,4.34366]},"A7o":{"weight":0.0,"played":[9.0E-4,0.9991],"evs":[0.0,3.93842]},"82s":{"weight":0.0,"played":[0.0051,0.9949],"evs":[0.0,6.22845]},"83s":{"weight":0.0,"played":[0.3312,0.6688],"evs":[0.0,2.64285]},"84s":{"weight":0.0,"played":[0.0137,0.9863],"evs":[0.0,4.00417]},"85s":{"weight":0.0,"played":[0.0035,0.9965],"evs":[0.0,7.92442]},"86s":{"weight":0.0,"played":[0.0105,0.9895],"evs":[0.0,6.87289]},"87s":{"weight":0.0371,"played":[0.0015,0.9985],"evs":[0.0,4.90321]},"88":{"weight":0.0,"played":[3.0E-4,0.9997],"evs":[0.0,16.32043]},"98o":{"weight":0.0,"played":[0.0,1.0],"evs":[0.0,5.67191]},"T8o":{"weight":0.0,"played":[0.0023,0.9977],"evs":[0.0,3.87294]},"J8o":{"weight":0.0,"played":[2.0E-4,0.9998],"evs":[0.0,4.99171]},"Q8o":{"weight":0.0,"played":[3.0E-4,0.9997],"evs":[0.0,2.71388]},"K8o":{"weight":0.0,"played":[0.0,1.0],"evs":[0.0,3.85716]},"A8o":{"weight":0.0,"played":[0.0,1.0],"evs":[0.0,6.49148]},"92s":{"weight":0.0,"played":[0.0711,0.9289],"evs":[0.0,2.60924]},"93s":{"weight":0.0,"played":[0.0231,0.9769],"evs":[0.0,4.48111]},"94s":{"weight":0.0,"played":[0.1036,0.8964],"evs":[0.0,2.7899]},"95s":{"weight":0.0,"played":[0.0079,0.9921],"evs":[0.0,6.20169]},"96s":{"weight":0.0,"played":[0.0014,0.9986],"evs":[0.0,7.34444]},"97s":{"weight":0.0,"played":[0.0036,0.9964],"evs":[0.0,5.87811]},"98s":{"weight":0.0062,"played":[0.0023,0.9977],"evs":[0.0,7.75922]},"99":{"weight":0.0,"played":[0.0,1.0],"evs":[0.0,17.65856]},"T9o":{"weight":0.0,"played":[0.026,0.974],"evs":[0.0,2.62495]},"J9o":{"weight":0.0,"played":[0.002,0.998],"evs":[0.0,6.24844]},"Q9o":{"weight":0.0,"played":[0.0275,0.9725],"evs":[0.0,3.96336]},"K9o":{"weight":0.0,"played":[0.0021,0.9979],"evs":[0.0,4.39521]},"A9o":{"weight":0.0615,"played":[1.0E-4,0.9999],"evs":[0.0,6.90598]},"T2s":{"weight":0.0,"played":[0.0173,0.9827],"evs":[0.0,2.89739]},"T3s":{"weight":0.0,"played":[0.0039,0.9961],"evs":[0.0,2.38153]},"T4s":{"weight":0.0,"played":[0.6188,0.3812],"evs":[0.0,1.48242]},"T5s":{"weight":0.0,"played":[0.0244,0.9756],"evs":[0.0,4.40524]},"T6s":{"weight":0.0,"played":[8.0E-4,0.9992],"evs":[0.0,3.8581]},"T7s":{"weight":0.0,"played":[0.0285,0.9715],"evs":[0.0,5.71434]},"T8s":{"weight":0.0703,"played":[0.0016,0.9984],"evs":[0.0,7.17101]},"T9s":{"weight":0.2122,"played":[0.0024,0.9976],"evs":[0.0,7.65545]},"TT":{"weight":0.0,"played":[0.0,1.0],"evs":[0.0,18.38177]},"JTo":{"weight":0.0,"played":[0.0243,0.9757],"evs":[0.0,3.97703]},"QTo":{"weight":0.0,"played":[9.0E-4,0.9991],"evs":[0.0,3.27474]},"KTo":{"weight":0.0,"played":[0.0021,0.9979],"evs":[0.0,2.81035]},"ATo":{"weight":0.0256,"played":[0.0,1.0],"evs":[0.0,7.8102]},"J2s":{"weight":0.0,"played":[0.0326,0.9674],"evs":[0.0,2.6128]},"J3s":{"weight":0.0,"played":[0.0196,0.9804],"evs":[0.0,2.96961]},"J4s":{"weight":0.0,"played":[0.0097,0.9903],"evs":[0.0,3.77095]},"J5s":{"weight":0.0,"played":[6.0E-4,0.9994],"evs":[0.0,6.20624]},"J6s":{"weight":0.0,"played":[0.0032,0.9968],"evs":[0.0,5.95]},"J7s":{"weight":0.0,"played":[0.0057,0.9943],"evs":[0.0,8.42223]},"J8s":{"weight":0.0,"played":[8.0E-4,0.9992],"evs":[0.0,4.9968]},"J9s":{"weight":0.4428,"played":[0.0,1.0],"evs":[0.0,5.89297]},"JTs":{"weight":1.0E-4,"played":[0.0,1.0],"evs":[0.0,5.48335]},"JJ":{"weight":0.0,"played":[0.0,1.0],"evs":[0.0,20.18941]},"QJo":{"weight":9.0E-4,"played":[0.0038,0.9962],"evs":[0.0,5.47324]},"KJo":{"weight":0.2498,"played":[5.0E-4,0.9995],"evs":[0.0,6.00795]},"AJo":{"weight":3.0E-4,"played":[1.0E-4,0.9999],"evs":[0.0,10.53311]},"Q2s":{"weight":0.0,"played":[6.0E-4,0.9994],"evs":[0.0,6.29195]},"Q3s":{"weight":0.0,"played":[0.0077,0.9923],"evs":[0.0,4.2074]},"Q4s":{"weight":0.0,"played":[0.002,0.998],"evs":[0.0,3.73861]},"Q5s":{"weight":0.0,"played":[0.4152,0.5848],"evs":[0.0,0.8282]},"Q6s":{"weight":0.0,"played":[0.003,0.997],"evs":[0.0,6.31199]},"Q7s":{"weight":0.0,"played":[0.0032,0.9968],"evs":[0.0,4.21403]},"Q8s":{"weight":0.0,"played":[0.0,1.0],"evs":[0.0,5.42931]},"Q9s":{"weight":0.0739,"played":[0.0016,0.9984],"evs":[0.0,4.92252]},"QTs":{"weight":1.0E-4,"played":[0.0,1.0],"evs":[0.0,6.47741]},"QJs":{"weight":0.4301,"played":[3.0E-4,0.9997],"evs":[0.0,6.4119]},"QQ":{"weight":0.0,"played":[0.0,1.0],"evs":[0.0,23.55434]},"KQo":{"weight":0.0035,"played":[1.0E-4,0.9999],"evs":[0.0,5.9598]},"AQo":{"weight":0.0,"played":[0.0,1.0],"evs":[0.0,13.28297]},"K2s":{"weight":0.0,"played":[0.0012,0.9988],"evs":[0.0,4.62506]},"K3s":{"weight":0.0,"played":[0.0049,0.9951],"evs":[0.0,5.8701]},"K4s":{"weight":0.0,"played":[9.0E-4,0.9991],"evs":[0.0,2.1844]},"K5s":{"weight":0.0,"played":[0.0022,0.9978],"evs":[0.0,4.31174]},"K6s":{"weight":0.0,"played":[0.0014,0.9986],"evs":[0.0,5.34803]},"K7s":{"weight":8.0E-4,"played":[4.0E-4,0.9996],"evs":[0.0,7.81928]},"K8s":{"weight":0.0051,"played":[1.0E-4,0.9999],"evs":[0.0,5.7144]},"K9s":{"weight":0.0706,"played":[0.0015,0.9985],"evs":[0.0,7.91845]},"KTs":{"weight":0.0061,"played":[2.0E-4,0.9998],"evs":[0.0,8.007]},"KJs":{"weight":0.023,"played":[0.0018,0.9982],"evs":[0.0,8.90696]},"KQs":{"weight":0.0011,"played":[1.0E-4,0.9999],"evs":[0.0,9.35457]},"KK":{"weight":0.1065,"played":[0.0,1.0],"evs":[0.0,26.18391]},"AKo":{"weight":0.0,"played":[0.0,1.0],"evs":[0.0,14.22682]},"A2s":{"weight":5.0E-4,"played":[0.0,1.0],"evs":[0.0,7.11745]},"A3s":{"weight":0.1568,"played":[0.0215,0.9785],"evs":[0.0,5.06494]},"A4s":{"weight":0.0854,"played":[0.0032,0.9968],"evs":[0.0,6.37108]},"A5s":{"weight":0.0012,"played":[0.0,1.0],"evs":[0.0,7.79592]},"A6s":{"weight":0.0066,"played":[0.0028,0.9972],"evs":[0.0,8.23326]},"A7s":{"weight":0.0596,"played":[0.0062,0.9938],"evs":[0.0,5.92525]},"A8s":{"weight":0.0018,"played":[0.0036,0.9964],"evs":[0.0,7.3185]},"A9s":{"weight":0.3344,"played":[0.003,0.997],"evs":[0.0,6.43344]},"ATs":{"weight":0.2271,"played":[0.0,1.0],"evs":[0.0,9.4389]},"AJs":{"weight":0.0062,"played":[3.0E-4,0.9997],"evs":[0.0,13.58639]},"AQs":{"weight":0.0338,"played":[0.0,1.0],"evs":[0.0,13.69891]},"AKs":{"weight":0.0,"played":[8.0E-4,0.9992],"evs":[0.0,17.24659]},"AA":{"weight":0.001,"played":[0.0,1.0],"evs":[0.0,34.19165]}}}