{"player":2,"street":0,"children":2,"sequence":[{"player":0,"type":"R","amount":200000,"street":0},{"player":1,"type":"C","amount":200000,"street":0},{"player":2,"type":"C","amount":200000,"street":0},{"player":3,"type":"F","amount":0,"street":0},{"player":4,"type":"R","amount":715000,"street":0},{"player":5,"type":"R","amount":815000,"street":0},{"player":0,"type":"F","amount":0,"street":0},{"player":1,"type":"R","amount":2215000,"street":0}],"actions":[{"type":"F","amount":0},{"type":"C","amount":2015000}],"hands":{"22":{"weight":0.0,"played":[0.1612,0.8388],"evs":[0.0,0.08952]},"32o":{"weight":0.0,"played":[1.0,0.0],"evs":[0.0,-5.90123]},"42o":{"weight":0.0,"played":[1.0,0.0],"evs":[0.0,-5.92795]},"52o":{"weight":0.0,"played":[0.9998,2.0E-4],"evs":[0.0,-4.58844]},"62o":{"weight":0.0,"played":[1.0,0.0],"evs":[0.0,-5.51629]},"72o":{"weight":0.0,"played":[1.0,0.0],"evs":[0.0,-6.52252]},"82o":{"weight":0.0,"played":[1.0,0.0],"evs":[0.0,-5.74321]},"92o":{"weight":0.0,"played":[1.0,0.0],"evs":[0.0,-6.0664]},"T2o":{"weight":0.0,"played":[1.0,0.0],"evs":[0.0,-7.3485]},"J2o":{"weight":0.0,"played":[0.9995,5.0E-4],"evs":[0.0,-6.49126]},"Q2o":{"weight":0.0,"played":[0.9999,1.0E-4],"evs":[0.0,-4.86273]},"K2o":{"weight":0.0,"played":[1.0,0.0],"evs":[0.0,-4.20817]},"A2o":{"weight":0.0,"played":[0.9998,2.0E-4],"evs":[0.0,-3.30823]},"32s":{"weight":0.0,"played":[0.9992,8.0E-4],"evs":[0.0,-3.47858]},"33":{"weight":0.4567,"played":[0.3628,0.6372],"evs":[0.0,-0.19775]},"43o":{"weight":0.0,"played":[1.0,0.0],"evs":[0.0,-5.68355]},"53o":{"weight":0.0,"played":[1.0,0.0],"evs":[0.0,-4.13398]},"63o":{"weight":0.0,"played":[1.0,0.0],"evs":[0.0,-5.35352]},"73o":{"weight":0.0,"played":[1.0,0.0],"evs":[0.0,-6.06062]},"83o":{"weight":0.0,"played":[1.0,0.0],"evs":[0.0,-5.52413]},"93o":{"weight":0.0,"played":[1.0,0.0],"evs":[0.0,-6.16676]},"T3o":{"weight":0.0,"played":[1.0,0.0],"evs":[0.0,-5.74024]},"J3o":{"weight":0.0,"played":[1.0,0.0],"evs":[0.0,-5.88233]},"Q3o":{"weight":0.0,"played":[1.0,0.0],"evs":[0.0,-5.53378]},"K3o":{"weight":0.0,"played":[1.0,0.0],"evs":[0.0,-3.69584]},"A3o":{"weight":0.0,"played":[0.9989,0.0011],"evs":[0.0,-2.96608]},"42s":{"weight":0.0,"played":[1.0,0.0],"evs":[0.0,-4.38768]},"43s":{"weight":0.0,"played":[0.9993,7.0E-4],"evs":[0.0,-3.05998]},"44":{"weight":0.9996,"played":[0.0042,0.9958],"evs":[0.0,2.17843]},"54o":{"weight":0.0,"played":[1.0,0.0],"evs":[0.0,-3.62425]},"64o":{"weight":0.0,"played":[0.9989,0.0011],"evs":[0.0,-4.01139]},"74o":{"weight":0.0,"played":[1.0,0.0],"evs":[0.0,-4.86543]},"84o":{"weight":0.0,"played":[1.0,0.0],"evs":[0.0,-4.77367]},"94o":{"weight":0.0,"played":[1.0,0.0],"evs":[0.0,-6.4904]},"T4o":{"weight":0.0,"played":[0.9999,1.0E-4],"evs":[0.0,-5.74285]},"J4o":{"weight":0.0,"played":[0.9999,1.0E-4],"evs":[0.0,-6.63995]},"Q4o":{"weight":0.0,"played":[1.0,0.0],"evs":[0.0,-5.28285]},"K4o":{"weight":0.0,"played":[0.9981,0.0019],"evs":[0.0,-3.09134]},"A4o":{"weight":0.0,"played":[0.9998,2.0E-4],"evs":[0.0,-0.81852]},"52s":{"weight":0.0,"played":[0.9981,0.0019],"evs":[0.0,-2.27055]},"53s":{"weight":0.0,"played":[0.9999,1.0E-4],"evs":[0.0,-1.92667]},"54s":{"weight":0.0,"played":[0.8189,0.1811],"evs":[0.0,-1.95197]},"55":{"weight":0.7719,"played":[6.0E-4,0.9994],"evs":[0.0,3.15859]},"65o":{"weight":0.0,"played":[0.9988,0.0012],"evs":[0.0,-2.5588]},"75o":{"weight":0.0,"played":[1.0,0.0],"evs":[0.0,-2.81441]},"85o":{"weight":0.0,"played":[1.0,0.0],"evs":[0.0,-4.53994]},"95o":{"weight":0.0,"played":[1.0,0.0],"evs":[0.0,-4.90625]},"T5o":{"weight":0.0,"played":[1.0,0.0],"evs":[0.0,-5.34628]},"J5o":{"weight":0.0,"played":[1.0,0.0],"evs":[0.0,-5.68164]},"Q5o":{"weight":0.0,"played":[0.9999,1.0E-4],"evs":[0.0,-4.28013]},"K5o":{"weight":0.0,"played":[0.9985,0.0015],"evs":[0.0,-2.91505]},"A5o":{"weight":0.0,"played":[0.9999,1.0E-4],"evs":[0.0,-0.98968]},"62s":{"weight":0.0,"played":[0.9991,9.0E-4],"evs":[0.0,-3.44291]},"63s":{"weight":0.0,"played":[0.9998,2.0E-4],"evs":[0.0,-2.21611]},"64s":{"weight":0.0,"played":[0.4967,0.5033],"evs":[0.0,-2.0054]},"65s":{"weight":0.2135,"played":[0.7725,0.2275],"evs":[0.0,-0.87018]},"66":{"weight":0.2436,"played":[0.0,1.0],"evs":[0.0,5.05541]},"76o":{"weight":0.0,"played":[0.9991,9.0E-4],"evs":[0.0,-2.47303]},"86o":{"weight":0.0,"played":[1.0,0.0],"evs":[0.0,-2.55209]},"96o":{"weight":0.0,"played":[0.9998,2.0E-4],"evs":[0.0,-2.86756]},"T6o":{"weight":0.0,"played":[0.9999,1.0E-4],"evs":[0.0,-4.40815]},"J6o":{"weight":0.0,"played":[0.9997,3.0E-4],"evs":[0.0,-5.41532]},"Q6o":{"weight":0.0,"played":[0.9999,1.0E-4],"evs":[0.0,-3.38092]},"K6o":{"weight":0.0,"played":[0.9998,2.0E-4],"evs":[0.0,-3.08979]},"A6o":{"weight":0.0,"played":[0.9909,0.0091],"evs":[0.0,-2.28441]},"72s":{"weight":0.0,"played":[1.0,0.0],"evs":[0.0,-4.70574]},"73s":{"weight":0.0,"played":[1.0,0.0],"evs":[0.0,-2.94983]},"74s":{"weight":0.0,"played":[0.9584,0.0416],"evs":[0.0,-2.07708]},"75s":{"weight":0.0,"played":[0.9849,0.0151],"evs":[0.0,-1.15445]},"76s":{"weight":0.0,"played":[0.3854,0.6146],"evs":[0.0,0.05848]},"77":{"weight":3.0E-4,"played":[0.0022,0.9978],"evs":[0.0,5.97263]},"87o":{"weight":0.0,"played":[1.0,0.0],"evs":[0.0,-1.92792]},"97o":{"weight":0.0,"played":[0.9977,0.0023],"evs":[0.0,-2.78242]},"T7o":{"weight":0.0,"played":[0.9967,0.0033],"evs":[0.0,-3.07271]},"J7o":{"weight":0.0,"played":[1.0,0.0],"evs":[0.0,-3.33258]},"Q7o":{"weight":0.0,"played":[0.9999,1.0E-4],"evs":[0.0,-3.50212]},"K7o":{"weight":0.0,"played":[0.9937,0.0063],"evs":[0.0,-2.53454]},"A7o":{"weight":0.0,"played":[0.9619,0.0381],"evs":[0.0,-1.21979]},"82s":{"weight":0.0,"played":[0.9981,0.0019],"evs":[0.0,-3.38145]},"83s":{"weight":0.0,"played":[0.9975,0.0025],"evs":[0.0,-3.2484]},"84s":{"weight":0.0,"played":[0.9966,0.0034],"evs":[0.0,-3.85673]},"85s":{"weight":0.0,"played":[0.9887,0.0113],"evs":[0.0,-2.4934]},"86s":{"weight":0.0,"played":[0.9876,0.0124],"evs":[0.0,-1.37372]},"87s":{"weight":0.0,"played":[0.2325,0.7675],"evs":[0.0,-0.07416]},"88":{"weight":0.0,"played":[0.0,1.0],"evs":[0.0,7.25464]},"98o":{"weight":0.0,"played":[0.9991,9.0E-4],"evs":[0.0,-2.06746]},"T8o":{"weight":0.0,"played":[0.9994,6.0E-4],"evs":[0.0,-1.94395]},"J8o":{"weight":0.0,"played":[1.0,0.0],"evs":[0.0,-3.72741]},"Q8o":{"weight":0.0,"played":[0.9985,0.0015],"evs":[0.0,-3.06153]},"K8o":{"weight":0.0,"played":[0.9959,0.0041],"evs":[0.0,-1.47244]},"A8o":{"weight":0.0,"played":[0.6737,0.3263],"evs":[0.0,-0.02385]},"92s":{"weight":0.0,"played":[0.9996,4.0E-4],"evs":[0.0,-2.65521]},"93s":{"weight":0.0,"played":[0.9934,0.0066],"evs":[0.0,-3.48392]},"94s":{"weight":0.0,"played":[0.9978,0.0022],"evs":[0.0,-2.85216]},"95s":{"weight":0.0,"played":[0.9977,0.0023],"evs":[0.0,-2.97627]},"96s":{"weight":0.0,"played":[0.9977,0.0023],"evs":[0.0,-2.82281]},"97s":{"weight":0.0,"played":[0.4708,0.5292],"evs":[0.0,-0.2796]},"98s":{"weight":0.3383,"played":[0.119,0.881],"evs":[0.0,-0.04371]},"99":{"weight":0.0,"played":[0.0,1.0],"evs":[0.0,8.19613]},"T9o":{"weight":0.0,"played":[1.0,0.0],"evs":[0.0,-1.53701]},"J9o":{"weight":0.0,"played":[0.9999,1.0E-4],"evs":[0.0,-2.68933]},"Q9o":{"weight":0.0,"played":[0.9992,8.0E-4],"evs":[0.0,-3.03494]},"K9o":{"weight":0.0,"played":[0.9712,0.0288],"evs":[0.0,-1.63011]},"A9o":{"weight":0.0,"played":[0.0649,0.9351],"evs":[0.0,0.19836]},"T2s":{"weight":0.0,"played":[0.9963,0.0037],"evs":[0.0,-2.85064]},"T3s":{"weight":0.0,"played":[0.9996,4.0E-4],"evs":[0.0,-2.93834]},"T4s":{"weight":0.0,"played":[0.9999,1.0E-4],"evs":[0.0,-3.44267]},"T5s":{"weight":0.0,"played":[1.0,0.0],"evs":[0.0,-1.0238]},"T6s":{"weight":0.0,"played":[0.9977,0.0023],"evs":[0.0,-2.28957]},"T7s":{"weight":0.0,"played":[0.9443,0.0557],"evs":[0.0,-1.33259]},"T8s":{"weight":0.0,"played":[0.8394,0.1606],"evs":[0.0,-0.60758]},"T9s":{"weight":0.7186,"played":[0.5082,0.4918],"evs":[0.0,0.28806]},"TT":{"weight":1.0E-4,"played":[0.0,1.0],"evs":[0.0,10.44796]},"JTo":{"weight":0.0,"played":[0.9978,0.0022],"evs":[0.0,-2.69339]},"QTo":{"weight":0.0,"played":[0.9776,0.0224],"evs":[0.0,-2.06325]},"KTo":{"weight":0.0,"played":[0.9915,0.0085],"evs":[0.0,-1.15203]},"ATo":{"weight":0.9439,"played":[0.0,1.0],"evs":[0.0,1.92556]},"J2s":{"weight":0.0,"played":[0.9998,2.0E-4],"evs":[0.0,-3.96153]},"J3s":{"weight":0.0,"played":[1.0,0.0],"evs":[0.0,-3.25394]},"J4s":{"weight":0.0,"played":[0.9994,6.0E-4],"evs":[0.0,-3.15109]},"J5s":{"weight":0.0,"played":[0.9995,5.0E-4],"evs":[0.0,-3.36998]},"J6s":{"weight":0.0,"played":[0.9965,0.0035],"evs":[0.0,-1.58953]},"J7s":{"weight":0.0,"played":[0.8104,0.1896],"evs":[0.0,-1.25834]},"J8s":{"weight":0.0,"played":[0.9198,0.0802],"evs":[0.0,-0.5923]},"J9s":{"weight":0.0086,"played":[0.8544,0.1456],"evs":[0.0,-0.39573]},"JTs":{"weight":0.2652,"played":[0.2513,0.7487],"evs":[0.0,0.52417]},"JJ":{"weight":0.002,"played":[0.0,1.0],"evs":[0.0,12.59716]},"QJo":{"weight":0.0,"played":[0.9809,0.0191],"evs":[0.0,-1.52737]},"KJo":{"weight":0.0,"played":[0.4326,0.5674],"evs":[0.0,0.26632]},"AJo":{"weight":0.0351,"played":[1.0E-4,0.9999],"evs":[0.0,4.42547]},"Q2s":{"weight":0.0,"played":[0.9954,0.0046],"evs":[0.0,-2.73615]},"Q3s":{"weight":0.0,"played":[0.9992,8.0E-4],"evs":[0.0,-1.1006]},"Q4s":{"weight":0.0,"played":[0.9779,0.0221],"evs":[0.0,-1.72346]},"Q5s":{"weight":0.0,"played":[0.9994,6.0E-4],"evs":[0.0,-1.63463]},"Q6s":{"weight":0.0,"played":[1.0,0.0],"evs":[0.0,-1.07747]},"Q7s":{"weight":0.0,"played":[0.9958,0.0042],"evs":[0.0,-1.82982]},"Q8s":{"weight":0.0,"played":[0.3458,0.6542],"evs":[0.0,0.13982]},"Q9s":{"weight":0.0147,"played":[0.5752,0.4248],"evs":[0.0,0.03645]},"QTs":{"weight":0.9002,"played":[0.1078,0.8922],"evs":[0.0,1.52441]},"QJs":{"weight":0.9981,"played":[0.0349,0.9651],"evs":[0.0,1.21319]},"QQ":{"weight":0.0241,"played":[0.0,1.0],"evs":[0.0,16.07141]},"KQo":{"weight":0.6999,"played":[0.0,1.0],"evs":[0.0,2.09646]},"AQo":{"weight":3.0E-4,"played":[0.0,1.0],"evs":[0.0,5.86702]},"K2s":{"weight":0.0,"played":[0.9826,0.0174],"evs":[0.0,-3.64148]},"K3s":{"weight":0.0,"played":[0.9695,0.0305],"evs":[0.0,-1.74764]},"K4s":{"weight":0.0,"played":[0.934,0.066],"evs":[0.0,-1.05277]},"K5s":{"weight":0.0,"played":[0.9043,0.0957],"evs":[0.0,-0.24984]},"K6s":{"weight":0.0,"played":[0.9815,0.0185],"evs":[0.0,-0.90799]},"K7s":{"weight":0.0,"played":[0.3519,0.6481],"evs":[0.0,0.28009]},"K8s":{"weight":0.0,"played":[0.8176,0.1824],"evs":[0.0,-1.06006]},"K9s":{"weight":0.0395,"played":[0.6378,0.3622],"evs":[0.0,-0.20269]},"KTs":{"weight":0.0032,"played":[0.0019,0.9981],"evs":[0.0,1.4419]},"KJs":{"weight":0.8539,"played":[0.1029,0.8971],"evs":[0.0,1.97663]},"KQs":{"weight":0.5254,"played":[0.0047,0.9953],"evs":[0.0,3.07349]},"KK":{"weight":0.0182,"played":[0.0,1.0],"evs":[0.0,18.94293]},"AKo":{"weight":0.0,"played":[0.0,1.0],"evs":[0.0,7.37191]},"A2s":{"weight":0.0,"played":[0.9632,0.0368],"evs":[0.0,-0.06831]},"A3s":{"weight":0.0,"played":[0.5368,0.4632],"evs":[0.0,-0.31565]},"A4s":{"weight":2.0E-4,"played":[0.2991,0.7009],"evs":[0.0,1.00465]},"A5s":{"weight":0.0062,"played":[0.0497,0.9503],"evs":[0.0,0.64153]},"A6s":{"weight":6.0E-4,"played":[0.4363,0.5637],"evs":[0.0,0.37603]},"A7s":{"weight":0.0059,"played":[0.0047,0.9953],"evs":[0.0,2.56102]},"A8s":{"weight":0.1126,"played":[0.0192,0.9808],"evs":[0.0,1.99079]},"A9s":{"weight":0.2699,"played":[0.0307,0.9693],"evs":[0.0,2.14235]},"ATs":{"weight":0.3725,"played":[9.0E-4,0.9991],"evs":[0.0,5.08599]},"AJs":{"weight":0.9611,"played":[0.0,1.0],"evs":[0.0,6.9015]},"AQs":{"weight":0.0015,"played":[0.0,1.0],"evs":[0.0,7.20671]},"AKs":{"weight":2.0E-4,"played":[0.0,1.0],"evs":[0.0,9.75879]},"AA":{"weight":0.8281,"played":[0.0,1.0],"evs":[0.0,24.86458]}}}