{"player":3,"street":0,"children":2,"sequence":[{"player":0,"type":"F","amount":0,"street":0},{"player":1,"type":"R","amount":200000,"street":0},{"player":2,"type":"F","amount":0,"street":0},{"player":3,"type":"C","amount":200000,"street":0},{"player":4,"type":"R","amount":715000,"street":0},{"player":5,"type":"F","amount":0,"street":0},{"player":1,"type":"R","amount":1215000,"street":0}],"actions":[{"type":"F","amount":0},{"type":"C","amount":1015000}],"hands":{"22":{"weight":0.0,"played":[0.0,1.0],"evs":[0.0,1.47342]},"32o":{"weight":0.0,"played":[1.0,0.0],"evs":[0.0,-2.37579]},"42o":{"weight":0.0,"played":[1.0,0.0],"evs":[0.0,-2.18728]},"52o":{"weight":0.0,"played":[1.0,0.0],"evs":[0.0,-2.04067]},"62o":{"weight":0.0,"played":[1.0,0.0],"evs":[0.0,-2.3739]},"72o":{"weight":0.0,"played":[1.0,0.0],"evs":[0.0,-2.81984]},"82o":{"weight":0.0,"played":[1.0,0.0],"evs":[0.0,-2.56887]},"92o":{"weight":0.0,"played":[1.0,0.0],"evs":[0.0,-2.49257]},"T2o":{"weight":0.0,"played":[1.0,0.0],"evs":[0.0,-2.25511]},"J2o":{"weight":0.0,"played":[1.0,0.0],"evs":[0.0,-1.92274]},"Q2o":{"weight":0.0,"played":[1.0,0.0],"evs":[0.0,-1.49299]},"K2o":{"weight":0.0,"played":[1.0,0.0],"evs":[0.0,-1.08406]},"A2o":{"weight":0.0,"played":[1.0,0.0],"evs":[0.0,-0.46173]},"32s":{"weight":0.0,"played":[1.0,0.0],"evs":[0.0,-0.98021]},"33":{"weight":0.9997,"played":[0.0,1.0],"evs":[0.0,1.67979]},"43o":{"weight":0.0,"played":[1.0,0.0],"evs":[0.0,-1.85922]},"53o":{"weight":0.0,"played":[1.0,0.0],"evs":[0.0,-1.65712]},"63o":{"weight":0.0,"played":[1.0,0.0],"evs":[0.0,-1.99672]},"73o":{"weight":0.0,"played":[1.0,0.0],"evs":[0.0,-2.37067]},"83o":{"weight":0.0,"played":[1.0,0.0],"evs":[0.0,-2.58457]},"93o":{"weight":0.0,"played":[1.0,0.0],"evs":[0.0,-2.47879]},"T3o":{"weight":0.0,"played":[1.0,0.0],"evs":[0.0,-2.26824]},"J3o":{"weight":0.0,"played":[1.0,0.0],"evs":[0.0,-1.89409]},"Q3o":{"weight":0.0,"played":[1.0,0.0],"evs":[0.0,-1.52284]},"K3o":{"weight":0.0,"played":[1.0,0.0],"evs":[0.0,-1.1673]},"A3o":{"weight":0.0,"played":[0.9999,1.0E-4],"evs":[0.0,-0.26152]},"42s":{"weight":0.0,"played":[1.0,0.0],"evs":[0.0,-0.9163]},"43s":{"weight":0.0,"played":[1.0,0.0],"evs":[0.0,-0.51164]},"44":{"weight":0.9999,"played":[0.0,1.0],"evs":[0.0,2.1622]},"54o":{"weight":0.0,"played":[1.0,0.0],"evs":[0.0,-1.12397]},"64o":{"weight":0.0,"played":[1.0,0.0],"evs":[0.0,-1.43512]},"74o":{"weight":0.0,"played":[1.0,0.0],"evs":[0.0,-1.89892]},"84o":{"weight":0.0,"played":[1.0,0.0],"evs":[0.0,-2.10025]},"94o":{"weight":0.0,"played":[1.0,0.0],"evs":[0.0,-2.41703]},"T4o":{"weight":0.0,"played":[1.0,0.0],"evs":[0.0,-2.08701]},"J4o":{"weight":0.0,"played":[1.0,0.0],"evs":[0.0,-1.76382]},"Q4o":{"weight":0.0,"played":[1.0,0.0],"evs":[0.0,-1.32752]},"K4o":{"weight":0.0,"played":[1.0,0.0],"evs":[0.0,-0.92326]},"A4o":{"weight":0.0,"played":[0.9998,2.0E-4],"evs":[0.0,-0.11785]},"52s":{"weight":0.0,"played":[1.0,0.0],"evs":[0.0,-0.72393]},"53s":{"weight":0.0,"played":[1.0,0.0],"evs":[0.0,-0.29439]},"54s":{"weight":0.0,"played":[0.005,0.995],"evs":[0.0,0.18846]},"55":{"weight":0.1953,"played":[0.0,1.0],"evs":[0.0,2.56275]},"65o":{"weight":0.0,"played":[1.0,0.0],"evs":[0.0,-0.94412]},"75o":{"weight":0.0,"played":[1.0,0.0],"evs":[0.0,-1.35454]},"85o":{"weight":0.0,"played":[1.0,0.0],"evs":[0.0,-1.60463]},"95o":{"weight":0.0,"played":[1.0,0.0],"evs":[0.0,-1.86819]},"T5o":{"weight":0.0,"played":[1.0,0.0],"evs":[0.0,-2.04446]},"J5o":{"weight":0.0,"played":[1.0,0.0],"evs":[0.0,-1.61652]},"Q5o":{"weight":0.0,"played":[1.0,0.0],"evs":[0.0,-1.19191]},"K5o":{"weight":0.0,"played":[1.0,0.0],"evs":[0.0,-0.79168]},"A5o":{"weight":0.0,"played":[0.0063,0.9937],"evs":[0.0,0.14593]},"62s":{"weight":0.0,"played":[1.0,0.0],"evs":[0.0,-1.0972]},"63s":{"weight":0.0,"played":[1.0,0.0],"evs":[0.0,-0.64782]},"64s":{"weight":0.0,"played":[0.9892,0.0108],"evs":[0.0,-0.14737]},"65s":{"weight":0.0,"played":[1.0E-4,0.9999],"evs":[0.0,0.39618]},"66":{"weight":0.6314,"played":[0.0,1.0],"evs":[0.0,3.17705]},"76o":{"weight":0.0,"played":[1.0,0.0],"evs":[0.0,-0.81916]},"86o":{"weight":0.0,"played":[1.0,0.0],"evs":[0.0,-1.02002]},"96o":{"weight":0.0,"played":[1.0,0.0],"evs":[0.0,-1.27099]},"T6o":{"weight":0.0,"played":[1.0,0.0],"evs":[0.0,-1.47993]},"J6o":{"weight":0.0,"played":[1.0,0.0],"evs":[0.0,-1.47545]},"Q6o":{"weight":0.0,"played":[1.0,0.0],"evs":[0.0,-1.01206]},"K6o":{"weight":0.0,"played":[1.0,0.0],"evs":[0.0,-0.55638]},"A6o":{"weight":0.0,"played":[0.9047,0.0953],"evs":[0.0,-0.0554]},"72s":{"weight":0.0,"played":[1.0,0.0],"evs":[0.0,-1.35547]},"73s":{"weight":0.0,"played":[1.0,0.0],"evs":[0.0,-1.00603]},"74s":{"weight":0.0,"played":[1.0,0.0],"evs":[0.0,-0.48276]},"75s":{"weight":0.0,"played":[0.3451,0.6549],"evs":[0.0,-0.04085]},"76s":{"weight":0.0,"played":[0.0,1.0],"evs":[0.0,0.49066]},"77":{"weight":0.1779,"played":[0.0,1.0],"evs":[0.0,3.79186]},"87o":{"weight":0.0,"played":[1.0,0.0],"evs":[0.0,-0.68495]},"97o":{"weight":0.0,"played":[1.0,0.0],"evs":[0.0,-0.94392]},"T7o":{"weight":0.0,"played":[1.0,0.0],"evs":[0.0,-1.07634]},"J7o":{"weight":0.0,"played":[1.0,0.0],"evs":[0.0,-1.13845]},"Q7o":{"weight":0.0,"played":[1.0,0.0],"evs":[0.0,-1.02635]},"K7o":{"weight":0.0,"played":[1.0,0.0],"evs":[0.0,-0.51892]},"A7o":{"weight":2.0E-4,"played":[0.0,1.0],"evs":[0.0,0.45351]},"82s":{"weight":0.0,"played":[1.0,0.0],"evs":[0.0,-1.23025]},"83s":{"weight":0.0,"played":[1.0,0.0],"evs":[0.0,-1.2018]},"84s":{"weight":0.0,"played":[1.0,0.0],"evs":[0.0,-0.81392]},"85s":{"weight":0.0,"played":[0.9997,3.0E-4],"evs":[0.0,-0.32349]},"86s":{"weight":0.0,"played":[0.0016,0.9984],"evs":[0.0,0.28638]},"87s":{"weight":0.0,"played":[0.0,1.0],"evs":[0.0,0.56099]},"88":{"weight":0.0,"played":[0.0,1.0],"evs":[0.0,4.7973]},"98o":{"weight":0.0,"played":[1.0,0.0],"evs":[0.0,-0.47718]},"T8o":{"weight":0.0,"played":[0.9999,1.0E-4],"evs":[0.0,-0.48345]},"J8o":{"weight":0.0,"played":[1.0,0.0],"evs":[0.0,-0.54653]},"Q8o":{"weight":0.0,"played":[1.0,0.0],"evs":[0.0,-0.41347]},"K8o":{"weight":0.0,"played":[1.0,0.0],"evs":[0.0,-0.3442]},"A8o":{"weight":0.0,"played":[0.0,1.0],"evs":[0.0,1.18786]},"92s":{"weight":0.0,"played":[1.0,0.0],"evs":[0.0,-1.08427]},"93s":{"weight":0.0,"played":[1.0,0.0],"evs":[0.0,-1.12311]},"94s":{"weight":0.0,"played":[1.0,0.0],"evs":[0.0,-0.99701]},"95s":{"weight":0.0,"played":[0.9999,1.0E-4],"evs":[0.0,-0.50357]},"96s":{"weight":0.0,"played":[0.4517,0.5483],"evs":[0.0,-0.04113]},"97s":{"weight":0.0,"played":[0.0,1.0],"evs":[0.0,0.33056]},"98s":{"weight":0.151,"played":[1.0E-4,0.9999],"evs":[0.0,0.82138]},"99":{"weight":1.0E-4,"played":[0.0,1.0],"evs":[0.0,5.89205]},"T9o":{"weight":0.0,"played":[0.0905,0.9095],"evs":[0.0,0.04423]},"J9o":{"weight":0.0,"played":[0.4013,0.5987],"evs":[0.0,0.04182]},"Q9o":{"weight":0.0,"played":[0.1593,0.8407],"evs":[0.0,0.16176]},"K9o":{"weight":0.0,"played":[0.0049,0.9951],"evs":[0.0,0.29287]},"A9o":{"weight":0.0,"played":[0.0,1.0],"evs":[0.0,2.01885]},"T2s":{"weight":0.0,"played":[1.0,0.0],"evs":[0.0,-0.87543]},"T3s":{"weight":0.0,"played":[1.0,0.0],"evs":[0.0,-0.96245]},"T4s":{"weight":0.0,"played":[1.0,0.0],"evs":[0.0,-0.71772]},"T5s":{"weight":0.0,"played":[1.0,0.0],"evs":[0.0,-0.65464]},"T6s":{"weight":0.0,"played":[0.9999,1.0E-4],"evs":[0.0,-0.14564]},"T7s":{"weight":0.0,"played":[0.0757,0.9243],"evs":[0.0,0.18685]},"T8s":{"weight":1.0E-4,"played":[0.0,1.0],"evs":[0.0,0.70232]},"T9s":{"weight":0.9999,"played":[0.0,1.0],"evs":[0.0,1.33402]},"TT":{"weight":0.0,"played":[0.0,1.0],"evs":[0.0,7.45155]},"JTo":{"weight":0.0,"played":[0.0,1.0],"evs":[0.0,0.84649]},"QTo":{"weight":0.6047,"played":[0.0,1.0],"evs":[0.0,1.05499]},"KTo":{"weight":1.0,"played":[0.0,1.0],"evs":[0.0,1.35134]},"ATo":{"weight":0.0,"played":[0.0,1.0],"evs":[0.0,3.64557]},"J2s":{"weight":0.0,"played":[1.0,0.0],"evs":[0.0,-0.57936]},"J3s":{"weight":0.0,"played":[1.0,0.0],"evs":[0.0,-0.49067]},"J4s":{"weight":0.0,"played":[1.0,0.0],"evs":[0.0,-0.4457]},"J5s":{"weight":0.0,"played":[0.9997,3.0E-4],"evs":[0.0,-0.32494]},"J6s":{"weight":0.0,"played":[0.9999,1.0E-4],"evs":[0.0,-0.13664]},"J7s":{"weight":0.0,"played":[0.0055,0.9945],"evs":[0.0,0.15264]},"J8s":{"weight":5.0E-4,"played":[2.0E-4,0.9998],"evs":[0.0,0.77174]},"J9s":{"weight":0.9998,"played":[0.0,1.0],"evs":[0.0,1.29964]},"JTs":{"weight":1.0,"played":[0.0,1.0],"evs":[0.0,2.09143]},"JJ":{"weight":0.0,"played":[0.0,1.0],"evs":[0.0,9.05949]},"QJo":{"weight":1.0,"played":[0.0,1.0],"evs":[0.0,1.51529]},"KJo":{"weight":0.0051,"played":[0.0,1.0],"evs":[0.0,1.9966]},"AJo":{"weight":0.0,"played":[0.0,1.0],"evs":[0.0,4.65016]},"Q2s":{"weight":0.0,"played":[0.9999,1.0E-4],"evs":[0.0,-0.11783]},"Q3s":{"weight":0.0,"played":[1.0,0.0],"evs":[0.0,-0.1608]},"Q4s":{"weight":0.0,"played":[0.5293,0.4707],"evs":[0.0,0.00943]},"Q5s":{"weight":0.0,"played":[0.0256,0.9744],"evs":[0.0,0.17816]},"Q6s":{"weight":0.0,"played":[0.0011,0.9989],"evs":[0.0,0.43117]},"Q7s":{"weight":0.0,"played":[2.0E-4,0.9998],"evs":[0.0,0.28642]},"Q8s":{"weight":0.0,"played":[0.0,1.0],"evs":[0.0,0.70369]},"Q9s":{"weight":1.0,"played":[0.0,1.0],"evs":[0.0,1.37213]},"QTs":{"weight":1.0,"played":[0.0,1.0],"evs":[0.0,2.25837]},"QJs":{"weight":1.0,"played":[0.0,1.0],"evs":[0.0,2.63483]},"QQ":{"weight":0.0,"played":[0.0,1.0],"evs":[0.0,10.76644]},"KQo":{"weight":0.0,"played":[0.0,1.0],"evs":[0.0,2.75699]},"AQo":{"weight":0.0,"played":[0.0,1.0],"evs":[0.0,5.66678]},"K2s":{"weight":0.0,"played":[0.0074,0.9926],"evs":[0.0,0.16733]},"K3s":{"weight":0.0,"played":[0.0067,0.9933],"evs":[0.0,0.40517]},"K4s":{"weight":0.0,"played":[3.0E-4,0.9997],"evs":[0.0,0.4183]},"K5s":{"weight":0.0,"played":[0.0011,0.9989],"evs":[0.0,0.55233]},"K6s":{"weight":0.0,"played":[0.0,1.0],"evs":[0.0,0.78317]},"K7s":{"weight":0.9995,"played":[0.0,1.0],"evs":[0.0,0.82209]},"K8s":{"weight":0.9998,"played":[0.0,1.0],"evs":[0.0,0.95355]},"K9s":{"weight":1.0,"played":[0.0,1.0],"evs":[0.0,1.60247]},"KTs":{"weight":1.0,"played":[0.0,1.0],"evs":[0.0,2.62828]},"KJs":{"weight":0.9997,"played":[0.0,1.0],"evs":[0.0,3.15637]},"KQs":{"weight":0.0,"played":[0.0,1.0],"evs":[0.0,3.89107]},"KK":{"weight":0.0,"played":[0.0,1.0],"evs":[0.0,12.90196]},"AKo":{"weight":0.0,"played":[0.0,1.0],"evs":[0.0,6.98777]},"A2s":{"weight":5.0E-4,"played":[0.0,1.0],"evs":[0.0,1.04423]},"A3s":{"weight":0.4041,"played":[0.0,1.0],"evs":[0.0,1.17215]},"A4s":{"weight":0.1834,"played":[0.0,1.0],"evs":[0.0,1.30316]},"A5s":{"weight":0.4561,"played":[0.0,1.0],"evs":[0.0,1.48937]},"A6s":{"weight":0.0047,"played":[0.0,1.0],"evs":[0.0,1.24995]},"A7s":{"weight":9.0E-4,"played":[0.0,1.0],"evs":[0.0,1.77397]},"A8s":{"weight":0.0,"played":[0.0,1.0],"evs":[0.0,2.37108]},"A9s":{"weight":0.0,"played":[0.0,1.0],"evs":[0.0,3.31063]},"ATs":{"weight":0.0,"played":[0.0,1.0],"evs":[0.0,4.74789]},"AJs":{"weight":0.0,"played":[0.0,1.0],"evs":[0.0,5.67044]},"AQs":{"weight":0.0,"played":[0.0,1.0],"evs":[0.0,6.73527]},"AKs":{"weight":0.0,"played":[0.0,1.0],"evs":[0.0,7.92988]},"AA":{"weight":0.4925,"played":[0.0,1.0],"evs":[0.0,17.04352]}}}