{"player":2,"street":0,"children":2,"sequence":[{"player":0,"type":"F","amount":0,"street":0},{"player":1,"type":"R","amount":200000,"street":0},{"player":2,"type":"C","amount":200000,"street":0},{"player":3,"type":"F","amount":0,"street":0},{"player":4,"type":"F","amount":0,"street":0},{"player":5,"type":"R","amount":815000,"street":0},{"player":1,"type":"F","amount":0,"street":0}],"actions":[{"type":"F","amount":0},{"type":"C","amount":615000}],"hands":{"22":{"weight":0.4403,"played":[0.0,1.0],"evs":[0.0,2.91787]},"32o":{"weight":0.0,"played":[0.9993,7.0E-4],"evs":[0.0,-0.23538]},"42o":{"weight":0.0,"played":[0.3074,0.6926],"evs":[0.0,-0.03364]},"52o":{"weight":0.0,"played":[6.0E-4,0.9994],"evs":[0.0,0.14189]},"62o":{"weight":0.0,"played":[0.3357,0.6643],"evs":[0.0,-0.01984]},"72o":{"weight":0.0,"played":[0.9999,1.0E-4],"evs":[0.0,-0.28881]},"82o":{"weight":0.0,"played":[0.959,0.041],"evs":[0.0,-0.05556]},"92o":{"weight":0.0,"played":[0.0312,0.9688],"evs":[0.0,0.09498]},"T2o":{"weight":0.0,"played":[6.0E-4,0.9994],"evs":[0.0,0.18301]},"J2o":{"weight":0.0,"played":[3.0E-4,0.9997],"evs":[0.0,0.30557]},"Q2o":{"weight":0.0,"played":[0.0,1.0],"evs":[0.0,0.37017]},"K2o":{"weight":0.0,"played":[0.0,1.0],"evs":[0.0,0.60491]},"A2o":{"weight":0.0,"played":[0.0,1.0],"evs":[0.0,1.09995]},"32s":{"weight":0.0,"played":[0.0,1.0],"evs":[0.0,0.56077]},"33":{"weight":0.9994,"played":[0.0,1.0],"evs":[0.0,3.14672]},"43o":{"weight":0.0,"played":[0.0,1.0],"evs":[0.0,0.25236]},"53o":{"weight":0.0,"played":[0.0,1.0],"evs":[0.0,0.45902]},"63o":{"weight":0.0,"played":[0.0,1.0],"evs":[0.0,0.29017]},"73o":{"weight":0.0,"played":[0.8412,0.1588],"evs":[0.0,0.01477]},"83o":{"weight":0.0,"played":[0.9965,0.0035],"evs":[0.0,-0.08716]},"93o":{"weight":0.0,"played":[0.0017,0.9983],"evs":[0.0,0.2008]},"T3o":{"weight":0.0,"played":[0.0044,0.9956],"evs":[0.0,0.26979]},"J3o":{"weight":0.0,"played":[0.0,1.0],"evs":[0.0,0.3967]},"Q3o":{"weight":0.0,"played":[0.0,1.0],"evs":[0.0,0.53218]},"K3o":{"weight":0.0,"played":[0.0,1.0],"evs":[0.0,0.6059]},"A3o":{"weight":0.0,"played":[0.0,1.0],"evs":[0.0,1.18069]},"42s":{"weight":0.0,"played":[0.0,1.0],"evs":[0.0,0.80384]},"43s":{"weight":0.0,"played":[0.0,1.0],"evs":[0.0,1.08594]},"44":{"weight":0.9836,"played":[0.0,1.0],"evs":[0.0,3.61134]},"54o":{"weight":0.0,"played":[0.0,1.0],"evs":[0.0,0.79648]},"64o":{"weight":0.0,"played":[0.0,1.0],"evs":[0.0,0.61064]},"74o":{"weight":0.0,"played":[0.0,1.0],"evs":[0.0,0.35727]},"84o":{"weight":0.0,"played":[1.0E-4,0.9999],"evs":[0.0,0.28083]},"94o":{"weight":0.0,"played":[0.004,0.996],"evs":[0.0,0.16156]},"T4o":{"weight":0.0,"played":[0.0,1.0],"evs":[0.0,0.39999]},"J4o":{"weight":0.0,"played":[0.0,1.0],"evs":[0.0,0.5034]},"Q4o":{"weight":0.0,"played":[0.0,1.0],"evs":[0.0,0.6521]},"K4o":{"weight":0.0,"played":[0.0,1.0],"evs":[0.0,0.81304]},"A4o":{"weight":0.0,"played":[0.0,1.0],"evs":[0.0,1.28607]},"52s":{"weight":0.0,"played":[0.0,1.0],"evs":[0.0,0.94176]},"53s":{"weight":0.0,"played":[0.0,1.0],"evs":[0.0,1.30718]},"54s":{"weight":0.0,"played":[0.0,1.0],"evs":[0.0,1.53401]},"55":{"weight":0.7307,"played":[0.0,1.0],"evs":[0.0,4.17101]},"65o":{"weight":0.0,"played":[0.0,1.0],"evs":[0.0,1.04297]},"75o":{"weight":0.0,"played":[0.0,1.0],"evs":[0.0,0.77445]},"85o":{"weight":0.0,"played":[0.0,1.0],"evs":[0.0,0.73908]},"95o":{"weight":0.0,"played":[0.0,1.0],"evs":[0.0,0.60102]},"T5o":{"weight":0.0,"played":[0.0,1.0],"evs":[0.0,0.48064]},"J5o":{"weight":0.0,"played":[0.0,1.0],"evs":[0.0,0.66826]},"Q5o":{"weight":0.0,"played":[0.0,1.0],"evs":[0.0,0.7829]},"K5o":{"weight":0.0,"played":[0.0,1.0],"evs":[0.0,0.9547]},"A5o":{"weight":0.0,"played":[0.0,1.0],"evs":[0.0,1.56154]},"62s":{"weight":0.0,"played":[0.0,1.0],"evs":[0.0,0.76112]},"63s":{"weight":0.0,"played":[0.0,1.0],"evs":[0.0,0.94798]},"64s":{"weight":0.0,"played":[0.0,1.0],"evs":[0.0,1.47204]},"65s":{"weight":0.0,"played":[0.0,1.0],"evs":[0.0,1.78239]},"66":{"weight":0.6375,"played":[0.0,1.0],"evs":[0.0,4.67403]},"76o":{"weight":0.0,"played":[0.0,1.0],"evs":[0.0,1.12003]},"86o":{"weight":0.0,"played":[0.0,1.0],"evs":[0.0,1.0343]},"96o":{"weight":0.0,"played":[0.0,1.0],"evs":[0.0,0.93907]},"T6o":{"weight":0.0,"played":[0.0,1.0],"evs":[0.0,0.81461]},"J6o":{"weight":0.0,"played":[0.0,1.0],"evs":[0.0,0.68549]},"Q6o":{"weight":0.0,"played":[0.0,1.0],"evs":[0.0,0.93823]},"K6o":{"weight":0.0,"played":[0.0,1.0],"evs":[0.0,1.05274]},"A6o":{"weight":0.0,"played":[0.0,1.0],"evs":[0.0,1.50262]},"72s":{"weight":0.0,"played":[0.0,1.0],"evs":[0.0,0.57887]},"73s":{"weight":0.0,"played":[1.0E-4,0.9999],"evs":[0.0,0.77122]},"74s":{"weight":0.0,"played":[0.0,1.0],"evs":[0.0,1.20785]},"75s":{"weight":0.0,"played":[0.0,1.0],"evs":[0.0,1.54416]},"76s":{"weight":0.0022,"played":[0.0,1.0],"evs":[0.0,1.93327]},"77":{"weight":0.3569,"played":[0.0,1.0],"evs":[0.0,5.18068]},"87o":{"weight":0.0,"played":[0.0,1.0],"evs":[0.0,1.19563]},"97o":{"weight":0.0,"played":[0.0,1.0],"evs":[0.0,1.11287]},"T7o":{"weight":0.0,"played":[0.0,1.0],"evs":[0.0,1.07305]},"J7o":{"weight":0.0,"played":[0.0,1.0],"evs":[0.0,0.94747]},"Q7o":{"weight":0.0,"played":[0.0,1.0],"evs":[0.0,0.91356]},"K7o":{"weight":0.0,"played":[0.0,1.0],"evs":[0.0,1.01188]},"A7o":{"weight":0.0,"played":[0.0,1.0],"evs":[0.0,1.83653]},"82s":{"weight":0.0,"played":[0.0,1.0],"evs":[0.0,0.81348]},"83s":{"weight":0.0,"played":[0.0,1.0],"evs":[0.0,0.71369]},"84s":{"weight":0.0,"played":[0.0,1.0],"evs":[0.0,0.98709]},"85s":{"weight":0.0,"played":[0.0,1.0],"evs":[0.0,1.52354]},"86s":{"weight":0.0,"played":[0.0,1.0],"evs":[0.0,1.81316]},"87s":{"weight":0.6432,"played":[0.0,1.0],"evs":[0.0,2.02688]},"88":{"weight":5.0E-4,"played":[0.0,1.0],"evs":[0.0,5.91608]},"98o":{"weight":0.0,"played":[0.0,1.0],"evs":[0.0,1.52491]},"T8o":{"weight":0.0,"played":[0.0,1.0],"evs":[0.0,1.39003]},"J8o":{"weight":0.0,"played":[0.0,1.0],"evs":[0.0,1.36775]},"Q8o":{"weight":0.0,"played":[0.0,1.0],"evs":[0.0,1.17794]},"K8o":{"weight":0.0,"played":[0.0,1.0],"evs":[0.0,1.14509]},"A8o":{"weight":0.3291,"played":[0.0,1.0],"evs":[0.0,2.46211]},"92s":{"weight":0.0,"played":[0.0,1.0],"evs":[0.0,0.84396]},"93s":{"weight":0.0,"played":[0.0,1.0],"evs":[0.0,0.91285]},"94s":{"weight":0.0,"played":[0.0,1.0],"evs":[0.0,1.01085]},"95s":{"weight":0.0,"played":[0.0,1.0],"evs":[0.0,1.33766]},"96s":{"weight":0.0,"played":[0.0,1.0],"evs":[0.0,1.6527]},"97s":{"weight":0.0,"played":[0.0,1.0],"evs":[0.0,1.92032]},"98s":{"weight":0.9978,"played":[0.0,1.0],"evs":[0.0,2.24489]},"99":{"weight":1.0E-4,"played":[0.0,1.0],"evs":[0.0,6.49118]},"T9o":{"weight":0.0,"played":[0.0,1.0],"evs":[0.0,1.74175]},"J9o":{"weight":0.0,"played":[0.0,1.0],"evs":[0.0,1.71017]},"Q9o":{"weight":0.0,"played":[0.0,1.0],"evs":[0.0,1.59681]},"K9o":{"weight":0.0,"played":[0.0,1.0],"evs":[0.0,1.50188]},"A9o":{"weight":0.9946,"played":[0.0,1.0],"evs":[0.0,3.19924]},"T2s":{"weight":0.0,"played":[0.0,1.0],"evs":[0.0,1.03814]},"T3s":{"weight":0.0,"played":[0.0,1.0],"evs":[0.0,1.04163]},"T4s":{"weight":0.0,"played":[0.0,1.0],"evs":[0.0,1.11765]},"T5s":{"weight":0.0,"played":[0.0,1.0],"evs":[0.0,1.20563]},"T6s":{"weight":0.0,"played":[0.0,1.0],"evs":[0.0,1.56695]},"T7s":{"weight":0.0,"played":[0.0,1.0],"evs":[0.0,1.86597]},"T8s":{"weight":0.8379,"played":[0.0,1.0],"evs":[0.0,2.16231]},"T9s":{"weight":0.9999,"played":[0.0,1.0],"evs":[0.0,2.52598]},"TT":{"weight":2.0E-4,"played":[0.0,1.0],"evs":[0.0,7.3601]},"JTo":{"weight":0.0,"played":[0.0,1.0],"evs":[0.0,2.24924]},"QTo":{"weight":1.0E-4,"played":[0.0,1.0],"evs":[0.0,2.01769]},"KTo":{"weight":0.0572,"played":[0.0,1.0],"evs":[0.0,1.90306]},"ATo":{"weight":1.0,"played":[0.0,1.0],"evs":[0.0,4.10252]},"J2s":{"weight":0.0,"played":[0.0,1.0],"evs":[0.0,1.18509]},"J3s":{"weight":0.0,"played":[0.0,1.0],"evs":[0.0,1.1527]},"J4s":{"weight":0.0,"played":[0.0,1.0],"evs":[0.0,1.295]},"J5s":{"weight":0.0,"played":[0.0,1.0],"evs":[0.0,1.55004]},"J6s":{"weight":0.0,"played":[0.0,1.0],"evs":[0.0,1.51136]},"J7s":{"weight":0.0,"played":[0.0,1.0],"evs":[0.0,1.66447]},"J8s":{"weight":0.0018,"played":[0.0,1.0],"evs":[0.0,2.03096]},"J9s":{"weight":0.9994,"played":[0.0,1.0],"evs":[0.0,2.41957]},"JTs":{"weight":0.0784,"played":[0.0,1.0],"evs":[0.0,2.9947]},"JJ":{"weight":0.664,"played":[0.0,1.0],"evs":[0.0,8.0577]},"QJo":{"weight":0.9878,"played":[0.0,1.0],"evs":[0.0,2.14192]},"KJo":{"weight":0.6234,"played":[0.0,1.0],"evs":[0.0,2.11873]},"AJo":{"weight":0.1077,"played":[0.0,1.0],"evs":[0.0,4.9567]},"Q2s":{"weight":0.0,"played":[0.0,1.0],"evs":[0.0,1.22902]},"Q3s":{"weight":0.0,"played":[0.0,1.0],"evs":[0.0,1.26528]},"Q4s":{"weight":0.0,"played":[0.0,1.0],"evs":[0.0,1.43702]},"Q5s":{"weight":0.0,"played":[0.0,1.0],"evs":[0.0,1.59998]},"Q6s":{"weight":0.0,"played":[0.0,1.0],"evs":[0.0,1.78223]},"Q7s":{"weight":0.0,"played":[0.0,1.0],"evs":[0.0,1.61019]},"Q8s":{"weight":0.3617,"played":[0.0,1.0],"evs":[0.0,1.8997]},"Q9s":{"weight":0.9972,"played":[0.0,1.0],"evs":[0.0,2.40743]},"QTs":{"weight":0.9345,"played":[0.0,1.0],"evs":[0.0,2.71335]},"QJs":{"weight":0.0515,"played":[0.0,1.0],"evs":[0.0,2.84066]},"QQ":{"weight":0.9977,"played":[0.0,1.0],"evs":[0.0,8.94964]},"KQo":{"weight":0.5341,"played":[0.0,1.0],"evs":[0.0,2.57111]},"AQo":{"weight":0.0,"played":[0.0,1.0],"evs":[0.0,5.99593]},"K2s":{"weight":0.0,"played":[0.0,1.0],"evs":[0.0,1.39499]},"K3s":{"weight":0.0,"played":[0.0,1.0],"evs":[0.0,1.40822]},"K4s":{"weight":0.0,"played":[0.0,1.0],"evs":[0.0,1.68206]},"K5s":{"weight":0.0,"played":[0.0,1.0],"evs":[0.0,1.754]},"K6s":{"weight":0.0,"played":[0.0,1.0],"evs":[0.0,1.73314]},"K7s":{"weight":1.0E-4,"played":[0.0,1.0],"evs":[0.0,1.80252]},"K8s":{"weight":0.997,"played":[0.0,1.0],"evs":[0.0,1.84388]},"K9s":{"weight":0.9999,"played":[0.0,1.0],"evs":[0.0,2.33202]},"KTs":{"weight":0.9789,"played":[0.0,1.0],"evs":[0.0,2.66522]},"KJs":{"weight":0.9975,"played":[0.0,1.0],"evs":[0.0,2.77911]},"KQs":{"weight":0.9996,"played":[0.0,1.0],"evs":[0.0,3.20335]},"KK":{"weight":0.9992,"played":[0.0,1.0],"evs":[0.0,9.81219]},"AKo":{"weight":0.0,"played":[0.0,1.0],"evs":[0.0,7.01263]},"A2s":{"weight":0.001,"played":[0.0,1.0],"evs":[0.0,1.93444]},"A3s":{"weight":0.7665,"played":[0.0,1.0],"evs":[0.0,2.00818]},"A4s":{"weight":0.2802,"played":[0.0,1.0],"evs":[0.0,2.17976]},"A5s":{"weight":0.0441,"played":[0.0,1.0],"evs":[0.0,2.40665]},"A6s":{"weight":0.9996,"played":[0.0,1.0],"evs":[0.0,2.23846]},"A7s":{"weight":0.9923,"played":[0.0,1.0],"evs":[0.0,2.50242]},"A8s":{"weight":0.9996,"played":[0.0,1.0],"evs":[0.0,3.23377]},"A9s":{"weight":1.0,"played":[0.0,1.0],"evs":[0.0,3.87509]},"ATs":{"weight":1.0,"played":[0.0,1.0],"evs":[0.0,4.73106]},"AJs":{"weight":0.9999,"played":[0.0,1.0],"evs":[0.0,5.49097]},"AQs":{"weight":0.9999,"played":[0.0,1.0],"evs":[0.0,6.53071]},"AKs":{"weight":0.0053,"played":[0.0,1.0],"evs":[0.0,7.49587]},"AA":{"weight":0.9914,"played":[0.0,1.0],"evs":[0.0,12.59837]}}}