{"player":2,"street":0,"children":2,"sequence":[{"player":0,"type":"F","amount":0,"street":0},{"player":1,"type":"R","amount":200000,"street":0},{"player":2,"type":"C","amount":200000,"street":0},{"player":3,"type":"F","amount":0,"street":0},{"player":4,"type":"C","amount":150000,"street":0},{"player":5,"type":"R","amount":815000,"street":0},{"player":1,"type":"F","amount":0,"street":0}],"actions":[{"type":"F","amount":0},{"type":"C","amount":615000,"node":79}],"hands":{"22":{"weight":0.4403,"played":[0.0,1.0],"evs":[0.0,3.54534]},"32o":{"weight":0.0,"played":[1.0E-4,0.9999],"evs":[0.0,0.57157]},"42o":{"weight":0.0,"played":[0.0,1.0],"evs":[0.0,0.90805]},"52o":{"weight":0.0,"played":[1.0E-4,0.9999],"evs":[0.0,0.58062]},"62o":{"weight":0.0,"played":[7.0E-4,0.9993],"evs":[0.0,0.2863]},"72o":{"weight":0.0,"played":[0.0074,0.9926],"evs":[0.0,0.26099]},"82o":{"weight":0.0,"played":[0.0026,0.9974],"evs":[0.0,0.25199]},"92o":{"weight":0.0,"played":[0.0,1.0],"evs":[0.0,0.44813]},"T2o":{"weight":0.0,"played":[0.0,1.0],"evs":[0.0,0.09873]},"J2o":{"weight":0.0,"played":[0.0,1.0],"evs":[0.0,0.59373]},"Q2o":{"weight":0.0,"played":[2.0E-4,0.9998],"evs":[0.0,0.64272]},"K2o":{"weight":0.0,"played":[0.0,1.0],"evs":[0.0,1.21475]},"A2o":{"weight":0.0,"played":[0.0,1.0],"evs":[0.0,2.61251]},"32s":{"weight":0.0,"played":[0.0,1.0],"evs":[0.0,1.61053]},"33":{"weight":0.9994,"played":[0.0,1.0],"evs":[0.0,3.48807]},"43o":{"weight":0.0,"played":[0.0,1.0],"evs":[0.0,1.00136]},"53o":{"weight":0.0,"played":[0.0,1.0],"evs":[0.0,1.02202]},"63o":{"weight":0.0,"played":[0.0,1.0],"evs":[0.0,0.92346]},"73o":{"weight":0.0,"played":[0.001,0.999],"evs":[0.0,0.40795]},"83o":{"weight":0.0,"played":[0.0,1.0],"evs":[0.0,0.24294]},"93o":{"weight":0.0,"played":[0.001,0.999],"evs":[0.0,0.53356]},"T3o":{"weight":0.0,"played":[0.0906,0.9094],"evs":[0.0,-0.08115]},"J3o":{"weight":0.0,"played":[0.0,1.0],"evs":[0.0,0.79403]},"Q3o":{"weight":0.0,"played":[0.0,1.0],"evs":[0.0,0.82086]},"K3o":{"weight":0.0,"played":[0.0,1.0],"evs":[0.0,0.90241]},"A3o":{"weight":0.0,"played":[0.0,1.0],"evs":[0.0,2.84347]},"42s":{"weight":0.0,"played":[0.0,1.0],"evs":[0.0,1.55478]},"43s":{"weight":0.0,"played":[0.0,1.0],"evs":[0.0,2.18928]},"44":{"weight":0.9836,"played":[0.0,1.0],"evs":[0.0,3.95081]},"54o":{"weight":0.0,"played":[0.0,1.0],"evs":[0.0,1.67172]},"64o":{"weight":0.0,"played":[0.0,1.0],"evs":[0.0,1.07312]},"74o":{"weight":0.0,"played":[0.0,1.0],"evs":[0.0,0.79244]},"84o":{"weight":0.0,"played":[3.0E-4,0.9997],"evs":[0.0,0.5141]},"94o":{"weight":0.0,"played":[0.0,1.0],"evs":[0.0,0.46873]},"T4o":{"weight":0.0,"played":[0.0,1.0],"evs":[0.0,0.31184]},"J4o":{"weight":0.0,"played":[0.0,1.0],"evs":[0.0,0.87922]},"Q4o":{"weight":0.0,"played":[0.0,1.0],"evs":[0.0,0.82862]},"K4o":{"weight":0.0,"played":[0.0,1.0],"evs":[0.0,0.94239]},"A4o":{"weight":0.0,"played":[0.0,1.0],"evs":[0.0,3.00908]},"52s":{"weight":0.0,"played":[1.0E-4,0.9999],"evs":[0.0,1.97621]},"53s":{"weight":0.0,"played":[0.0,1.0],"evs":[0.0,2.24899]},"54s":{"weight":0.0,"played":[0.0,1.0],"evs":[0.0,2.66459]},"55":{"weight":0.7307,"played":[0.0,1.0],"evs":[0.0,4.37448]},"65o":{"weight":0.0,"played":[0.0,1.0],"evs":[0.0,1.65869]},"75o":{"weight":0.0,"played":[0.0,1.0],"evs":[0.0,1.40583]},"85o":{"weight":0.0,"played":[0.0,1.0],"evs":[0.0,0.9189]},"95o":{"weight":0.0,"played":[0.0,1.0],"evs":[0.0,0.77611]},"T5o":{"weight":0.0,"played":[1.0E-4,0.9999],"evs":[0.0,0.42875]},"J5o":{"weight":0.0,"played":[0.0,1.0],"evs":[0.0,0.95339]},"Q5o":{"weight":0.0,"played":[0.0,1.0],"evs":[0.0,0.92655]},"K5o":{"weight":0.0,"played":[0.0,1.0],"evs":[0.0,1.48898]},"A5o":{"weight":0.0,"played":[0.0,1.0],"evs":[0.0,3.3554]},"62s":{"weight":0.0,"played":[0.0,1.0],"evs":[0.0,1.45906]},"63s":{"weight":0.0,"played":[0.0,1.0],"evs":[0.0,1.54413]},"64s":{"weight":0.0,"played":[0.0,1.0],"evs":[0.0,2.31496]},"65s":{"weight":0.0,"played":[0.0,1.0],"evs":[0.0,2.73294]},"66":{"weight":0.6375,"played":[0.0,1.0],"evs":[0.0,5.02795]},"76o":{"weight":0.0,"played":[0.0,1.0],"evs":[0.0,1.70871]},"86o":{"weight":0.0,"played":[0.0,1.0],"evs":[0.0,1.45438]},"96o":{"weight":0.0,"played":[0.0,1.0],"evs":[0.0,1.43986]},"T6o":{"weight":0.0,"played":[0.0,1.0],"evs":[0.0,0.75521]},"J6o":{"weight":0.0,"played":[0.0,1.0],"evs":[0.0,1.14716]},"Q6o":{"weight":0.0,"played":[0.0,1.0],"evs":[0.0,1.06494]},"K6o":{"weight":0.0,"played":[0.0,1.0],"evs":[0.0,1.61413]},"A6o":{"weight":0.0,"played":[0.0,1.0],"evs":[0.0,3.16901]},"72s":{"weight":0.0,"played":[2.0E-4,0.9998],"evs":[0.0,1.48313]},"73s":{"weight":0.0,"played":[0.0,1.0],"evs":[0.0,1.66276]},"74s":{"weight":0.0,"played":[0.0,1.0],"evs":[0.0,1.80761]},"75s":{"weight":0.0,"played":[0.0,1.0],"evs":[0.0,2.0434]},"76s":{"weight":0.0022,"played":[0.0,1.0],"evs":[0.0,2.91678]},"77":{"weight":0.3569,"played":[0.0,1.0],"evs":[0.0,5.73033]},"87o":{"weight":0.0,"played":[0.0,1.0],"evs":[0.0,2.02654]},"97o":{"weight":0.0,"played":[0.0,1.0],"evs":[0.0,1.58864]},"T7o":{"weight":0.0,"played":[2.0E-4,0.9998],"evs":[0.0,1.22742]},"J7o":{"weight":0.0,"played":[0.0,1.0],"evs":[0.0,1.37768]},"Q7o":{"weight":0.0,"played":[0.0,1.0],"evs":[0.0,0.96096]},"K7o":{"weight":0.0,"played":[0.0,1.0],"evs":[0.0,1.76451]},"A7o":{"weight":0.0,"played":[0.0,1.0],"evs":[0.0,3.55367]},"82s":{"weight":0.0,"played":[0.0,1.0],"evs":[0.0,1.59291]},"83s":{"weight":0.0,"played":[1.0E-4,0.9999],"evs":[0.0,1.28443]},"84s":{"weight":0.0,"played":[1.0E-4,0.9999],"evs":[0.0,1.85869]},"85s":{"weight":0.0,"played":[0.0,1.0],"evs":[0.0,2.00635]},"86s":{"weight":0.0,"played":[0.0,1.0],"evs":[0.0,2.86943]},"87s":{"weight":0.6432,"played":[0.0,1.0],"evs":[0.0,2.89822]},"88":{"weight":5.0E-4,"played":[0.0,1.0],"evs":[0.0,6.58581]},"98o":{"weight":0.0,"played":[0.0,1.0],"evs":[0.0,2.039]},"T8o":{"weight":0.0,"played":[0.0,1.0],"evs":[0.0,1.62081]},"J8o":{"weight":0.0,"played":[0.0,1.0],"evs":[0.0,1.71782]},"Q8o":{"weight":0.0,"played":[0.0,1.0],"evs":[0.0,1.69976]},"K8o":{"weight":0.0,"played":[0.0,1.0],"evs":[0.0,2.02313]},"A8o":{"weight":0.3291,"played":[0.0,1.0],"evs":[0.0,3.94704]},"92s":{"weight":0.0,"played":[1.0E-4,0.9999],"evs":[0.0,1.58805]},"93s":{"weight":0.0,"played":[0.0,1.0],"evs":[0.0,1.52356]},"94s":{"weight":0.0,"played":[1.0E-4,0.9999],"evs":[0.0,1.48447]},"95s":{"weight":0.0,"played":[0.0,1.0],"evs":[0.0,1.80345]},"96s":{"weight":0.0,"played":[0.0,1.0],"evs":[0.0,2.20751]},"97s":{"weight":0.0,"played":[0.0,1.0],"evs":[0.0,2.84895]},"98s":{"weight":0.9978,"played":[0.0,1.0],"evs":[0.0,3.42534]},"99":{"weight":1.0E-4,"played":[0.0,1.0],"evs":[0.0,7.38455]},"T9o":{"weight":0.0,"played":[0.0,1.0],"evs":[0.0,2.07211]},"J9o":{"weight":0.0,"played":[0.0,1.0],"evs":[0.0,2.5207]},"Q9o":{"weight":0.0,"played":[0.0,1.0],"evs":[0.0,1.96215]},"K9o":{"weight":0.0,"played":[0.0,1.0],"evs":[0.0,2.50459]},"A9o":{"weight":0.9946,"played":[0.0,1.0],"evs":[0.0,4.56754]},"T2s":{"weight":0.0,"played":[6.0E-4,0.9994],"evs":[0.0,1.32749]},"T3s":{"weight":0.0,"played":[1.0E-4,0.9999],"evs":[0.0,1.2257]},"T4s":{"weight":0.0,"played":[0.0,1.0],"evs":[0.0,1.43912]},"T5s":{"weight":0.0,"played":[0.0,1.0],"evs":[0.0,1.96934]},"T6s":{"weight":0.0,"played":[0.0,1.0],"evs":[0.0,2.09318]},"T7s":{"weight":0.0,"played":[0.0,1.0],"evs":[0.0,2.15242]},"T8s":{"weight":0.8379,"played":[0.0,1.0],"evs":[0.0,2.54776]},"T9s":{"weight":0.9999,"played":[0.0,1.0],"evs":[0.0,3.32912]},"TT":{"weight":2.0E-4,"played":[0.0,1.0],"evs":[0.0,8.83162]},"JTo":{"weight":0.0,"played":[0.0,1.0],"evs":[0.0,2.67815]},"QTo":{"weight":1.0E-4,"played":[0.0,1.0],"evs":[0.0,2.56556]},"KTo":{"weight":0.0572,"played":[0.0,1.0],"evs":[0.0,3.22598]},"ATo":{"weight":1.0,"played":[0.0,1.0],"evs":[0.0,5.60174]},"J2s":{"weight":0.0,"played":[1.0E-4,0.9999],"evs":[0.0,1.61981]},"J3s":{"weight":0.0,"played":[0.0,1.0],"evs":[0.0,1.94617]},"J4s":{"weight":0.0,"played":[0.0,1.0],"evs":[0.0,1.82542]},"J5s":{"weight":0.0,"played":[0.0,1.0],"evs":[0.0,1.99428]},"J6s":{"weight":0.0,"played":[0.0,1.0],"evs":[0.0,2.11727]},"J7s":{"weight":0.0,"played":[0.0,1.0],"evs":[0.0,2.29397]},"J8s":{"weight":0.0018,"played":[1.0E-4,0.9999],"evs":[0.0,2.745]},"J9s":{"weight":0.9994,"played":[0.0,1.0],"evs":[0.0,3.31358]},"JTs":{"weight":0.0784,"played":[0.0,1.0],"evs":[0.0,3.76337]},"JJ":{"weight":0.664,"played":[0.0,1.0],"evs":[0.0,9.94016]},"QJo":{"weight":0.9878,"played":[0.0,1.0],"evs":[0.0,3.22301]},"KJo":{"weight":0.6234,"played":[0.0,1.0],"evs":[0.0,3.99993]},"AJo":{"weight":0.1077,"played":[0.0,1.0],"evs":[0.0,6.48979]},"Q2s":{"weight":0.0,"played":[0.0,1.0],"evs":[0.0,1.8941]},"Q3s":{"weight":0.0,"played":[0.0,1.0],"evs":[0.0,2.38875]},"Q4s":{"weight":0.0,"played":[0.0,1.0],"evs":[0.0,1.99998]},"Q5s":{"weight":0.0,"played":[0.0,1.0],"evs":[0.0,1.90943]},"Q6s":{"weight":0.0,"played":[0.0,1.0],"evs":[0.0,2.0965]},"Q7s":{"weight":0.0,"played":[0.0,1.0],"evs":[0.0,2.00917]},"Q8s":{"weight":0.3617,"played":[0.0,1.0],"evs":[0.0,2.90358]},"Q9s":{"weight":0.9972,"played":[0.0,1.0],"evs":[0.0,3.04535]},"QTs":{"weight":0.9345,"played":[0.0,1.0],"evs":[0.0,3.65487]},"QJs":{"weight":0.0515,"played":[0.0,1.0],"evs":[0.0,4.36635]},"QQ":{"weight":0.9977,"played":[0.0,1.0],"evs":[0.0,11.60421]},"KQo":{"weight":0.5341,"played":[0.0,1.0],"evs":[0.0,4.57692]},"AQo":{"weight":0.0,"played":[0.0,1.0],"evs":[0.0,7.50512]},"K2s":{"weight":0.0,"played":[0.0,1.0],"evs":[0.0,2.42059]},"K3s":{"weight":0.0,"played":[0.0,1.0],"evs":[0.0,2.20605]},"K4s":{"weight":0.0,"played":[0.0,1.0],"evs":[0.0,2.51059]},"K5s":{"weight":0.0,"played":[0.0,1.0],"evs":[0.0,2.47412]},"K6s":{"weight":0.0,"played":[0.0,1.0],"evs":[0.0,2.72689]},"K7s":{"weight":1.0E-4,"played":[0.0,1.0],"evs":[0.0,3.26624]},"K8s":{"weight":0.997,"played":[0.0,1.0],"evs":[0.0,3.12958]},"K9s":{"weight":0.9999,"played":[0.0,1.0],"evs":[0.0,3.64706]},"KTs":{"weight":0.9789,"played":[0.0,1.0],"evs":[0.0,4.39239]},"KJs":{"weight":0.9975,"played":[0.0,1.0],"evs":[0.0,4.93344]},"KQs":{"weight":0.9996,"played":[0.0,1.0],"evs":[0.0,5.99569]},"KK":{"weight":0.9992,"played":[0.0,1.0],"evs":[0.0,13.23108]},"AKo":{"weight":0.0,"played":[0.0,1.0],"evs":[0.0,8.25703]},"A2s":{"weight":0.001,"played":[0.0,1.0],"evs":[0.0,3.83509]},"A3s":{"weight":0.7665,"played":[0.0,1.0],"evs":[0.0,3.96682]},"A4s":{"weight":0.2802,"played":[0.0,1.0],"evs":[0.0,4.41581]},"A5s":{"weight":0.0441,"played":[0.0,1.0],"evs":[0.0,4.25897]},"A6s":{"weight":0.9996,"played":[0.0,1.0],"evs":[0.0,4.29473]},"A7s":{"weight":0.9923,"played":[0.0,1.0],"evs":[0.0,4.66011]},"A8s":{"weight":0.9996,"played":[0.0,1.0],"evs":[0.0,5.19089]},"A9s":{"weight":1.0,"played":[0.0,1.0],"evs":[0.0,5.49932]},"ATs":{"weight":1.0,"played":[0.0,1.0],"evs":[0.0,6.44655]},"AJs":{"weight":0.9999,"played":[0.0,1.0],"evs":[0.0,7.74419]},"AQs":{"weight":0.9999,"played":[0.0,1.0],"evs":[0.0,8.22978]},"AKs":{"weight":0.0053,"played":[0.0,1.0],"evs":[0.0,8.75312]},"AA":{"weight":0.9914,"played":[0.0,1.0],"evs":[0.0,16.4455]}}}