{"player":4,"street":0,"children":2,"sequence":[{"player":0,"type":"F","amount":0,"street":0},{"player":1,"type":"F","amount":0,"street":0},{"player":2,"type":"F","amount":0,"street":0},{"player":3,"type":"R","amount":815000,"street":0}],"actions":[{"type":"F","amount":0,"node":9},{"type":"C","amount":665000,"node":10}],"hands":{"22":{"weight":1.0,"played":[0.0,1.0],"evs":[0.0,0.1897]},"32o":{"weight":1.0,"played":[1.0,0.0],"evs":[0.0,-2.30628]},"42o":{"weight":1.0,"played":[1.0,0.0],"evs":[0.0,-2.18547]},"52o":{"weight":1.0,"played":[1.0,0.0],"evs":[0.0,-2.10144]},"62o":{"weight":1.0,"played":[1.0,0.0],"evs":[0.0,-2.30997]},"72o":{"weight":1.0,"played":[1.0,0.0],"evs":[0.0,-2.43836]},"82o":{"weight":1.0,"played":[1.0,0.0],"evs":[0.0,-2.26733]},"92o":{"weight":1.0,"played":[1.0,0.0],"evs":[0.0,-2.04979]},"T2o":{"weight":1.0,"played":[1.0,0.0],"evs":[0.0,-1.7694]},"J2o":{"weight":1.0,"played":[1.0,0.0],"evs":[0.0,-1.50465]},"Q2o":{"weight":1.0,"played":[1.0,0.0],"evs":[0.0,-1.12913]},"K2o":{"weight":1.0,"played":[1.0,0.0],"evs":[0.0,-0.49135]},"A2o":{"weight":1.0,"played":[0.0,1.0],"evs":[0.0,0.75462]},"32s":{"weight":1.0,"played":[1.0,0.0],"evs":[0.0,-1.55561]},"33":{"weight":1.0,"played":[0.0,1.0],"evs":[0.0,0.52261]},"43o":{"weight":1.0,"played":[1.0,0.0],"evs":[0.0,-1.89838]},"53o":{"weight":1.0,"played":[1.0,0.0],"evs":[0.0,-1.79842]},"63o":{"weight":1.0,"played":[1.0,0.0],"evs":[0.0,-1.99591]},"73o":{"weight":1.0,"played":[1.0,0.0],"evs":[0.0,-2.12787]},"83o":{"weight":1.0,"played":[1.0,0.0],"evs":[0.0,-2.21396]},"93o":{"weight":1.0,"played":[1.0,0.0],"evs":[0.0,-1.95041]},"T3o":{"weight":1.0,"played":[1.0,0.0],"evs":[0.0,-1.66201]},"J3o":{"weight":1.0,"played":[1.0,0.0],"evs":[0.0,-1.40044]},"Q3o":{"weight":1.0,"played":[1.0,0.0],"evs":[0.0,-1.01718]},"K3o":{"weight":1.0,"played":[1.0,0.0],"evs":[0.0,-0.38555]},"A3o":{"weight":1.0,"played":[0.0,1.0],"evs":[0.0,0.88903]},"42s":{"weight":1.0,"played":[1.0,0.0],"evs":[0.0,-1.45269]},"43s":{"weight":1.0,"played":[1.0,0.0],"evs":[0.0,-1.16715]},"44":{"weight":1.0,"played":[0.0,1.0],"evs":[0.0,0.86709]},"54o":{"weight":1.0,"played":[1.0,0.0],"evs":[0.0,-1.49696]},"64o":{"weight":1.0,"played":[1.0,0.0],"evs":[0.0,-1.68109]},"74o":{"weight":1.0,"played":[1.0,0.0],"evs":[0.0,-1.80723]},"84o":{"weight":1.0,"played":[1.0,0.0],"evs":[0.0,-1.90092]},"94o":{"weight":1.0,"played":[1.0,0.0],"evs":[0.0,-1.87313]},"T4o":{"weight":1.0,"played":[1.0,0.0],"evs":[0.0,-1.55324]},"J4o":{"weight":1.0,"played":[1.0,0.0],"evs":[0.0,-1.28516]},"Q4o":{"weight":1.0,"played":[1.0,0.0],"evs":[0.0,-0.89225]},"K4o":{"weight":1.0,"played":[1.0,0.0],"evs":[0.0,-0.25782]},"A4o":{"weight":1.0,"played":[0.0,1.0],"evs":[0.0,1.01327]},"52s":{"weight":1.0,"played":[1.0,0.0],"evs":[0.0,-1.35645]},"53s":{"weight":1.0,"played":[1.0,0.0],"evs":[0.0,-1.0608]},"54s":{"weight":1.0,"played":[1.0,0.0],"evs":[0.0,-0.78201]},"55":{"weight":1.0,"played":[0.0,1.0],"evs":[0.0,1.24028]},"65o":{"weight":1.0,"played":[1.0,0.0],"evs":[0.0,-1.42253]},"75o":{"weight":1.0,"played":[1.0,0.0],"evs":[0.0,-1.51659]},"85o":{"weight":1.0,"played":[1.0,0.0],"evs":[0.0,-1.60641]},"95o":{"weight":1.0,"played":[1.0,0.0],"evs":[0.0,-1.58439]},"T5o":{"weight":1.0,"played":[1.0,0.0],"evs":[0.0,-1.50274]},"J5o":{"weight":1.0,"played":[1.0,0.0],"evs":[0.0,-1.18083]},"Q5o":{"weight":1.0,"played":[1.0,0.0],"evs":[0.0,-0.76705]},"K5o":{"weight":1.0,"played":[1.0,0.0],"evs":[0.0,-0.09322]},"A5o":{"weight":1.0,"played":[0.0,1.0],"evs":[0.0,1.19058]},"62s":{"weight":1.0,"played":[1.0,0.0],"evs":[0.0,-1.54576]},"63s":{"weight":1.0,"played":[1.0,0.0],"evs":[0.0,-1.26216]},"64s":{"weight":1.0,"played":[1.0,0.0],"evs":[0.0,-0.978]},"65s":{"weight":1.0,"played":[1.0,0.0],"evs":[0.0,-0.70371]},"66":{"weight":1.0,"played":[0.0,1.0],"evs":[0.0,1.64873]},"76o":{"weight":1.0,"played":[1.0,0.0],"evs":[0.0,-1.2427]},"86o":{"weight":1.0,"played":[1.0,0.0],"evs":[0.0,-1.29604]},"96o":{"weight":1.0,"played":[1.0,0.0],"evs":[0.0,-1.28662]},"T6o":{"weight":1.0,"played":[1.0,0.0],"evs":[0.0,-1.19144]},"J6o":{"weight":1.0,"played":[1.0,0.0],"evs":[0.0,-1.11285]},"Q6o":{"weight":1.0,"played":[1.0,0.0],"evs":[0.0,-0.6366]},"K6o":{"weight":1.0,"played":[0.0,1.0],"evs":[0.0,0.07957]},"A6o":{"weight":1.0,"played":[0.0,1.0],"evs":[0.0,1.21874]},"72s":{"weight":1.0,"played":[1.0,0.0],"evs":[0.0,-1.66421]},"73s":{"weight":1.0,"played":[1.0,0.0],"evs":[0.0,-1.38826]},"74s":{"weight":1.0,"played":[1.0,0.0],"evs":[0.0,-1.08652]},"75s":{"weight":1.0,"played":[1.0,0.0],"evs":[0.0,-0.83248]},"76s":{"weight":1.0,"played":[1.0,0.0],"evs":[0.0,-0.54216]},"77":{"weight":1.0,"played":[0.0,1.0],"evs":[0.0,2.17148]},"87o":{"weight":1.0,"played":[1.0,0.0],"evs":[0.0,-1.04594]},"97o":{"weight":1.0,"played":[1.0,0.0],"evs":[0.0,-0.99022]},"T7o":{"weight":1.0,"played":[1.0,0.0],"evs":[0.0,-0.86614]},"J7o":{"weight":1.0,"played":[1.0,0.0],"evs":[0.0,-0.75051]},"Q7o":{"weight":1.0,"played":[1.0,0.0],"evs":[0.0,-0.48369]},"K7o":{"weight":1.0,"played":[0.0,1.0],"evs":[0.0,0.31716]},"A7o":{"weight":1.0,"played":[0.0,1.0],"evs":[0.0,1.53955]},"82s":{"weight":1.0,"played":[1.0,0.0],"evs":[0.0,-1.49671]},"83s":{"weight":1.0,"played":[1.0,0.0],"evs":[0.0,-1.44153]},"84s":{"weight":1.0,"played":[1.0,0.0],"evs":[0.0,-1.16489]},"85s":{"weight":1.0,"played":[1.0,0.0],"evs":[0.0,-0.90367]},"86s":{"weight":1.0,"played":[1.0,0.0],"evs":[0.0,-0.59775]},"87s":{"weight":1.0,"played":[1.0,0.0],"evs":[0.0,-0.36501]},"88":{"weight":1.0,"played":[0.0,1.0],"evs":[0.0,2.78598]},"98o":{"weight":1.0,"played":[1.0,0.0],"evs":[0.0,-0.6612]},"T8o":{"weight":1.0,"played":[1.0,0.0],"evs":[0.0,-0.48191]},"J8o":{"weight":1.0,"played":[1.0,0.0],"evs":[0.0,-0.36005]},"Q8o":{"weight":1.0,"played":[1.0,0.0],"evs":[0.0,-0.05888]},"K8o":{"weight":1.0,"played":[0.0,1.0],"evs":[0.0,0.55563]},"A8o":{"weight":1.0,"played":[0.0,1.0],"evs":[0.0,1.8587]},"92s":{"weight":1.0,"played":[1.0,0.0],"evs":[0.0,-1.30274]},"93s":{"weight":1.0,"played":[1.0,0.0],"evs":[0.0,-1.21922]},"94s":{"weight":1.0,"played":[1.0,0.0],"evs":[0.0,-1.14734]},"95s":{"weight":1.0,"played":[1.0,0.0],"evs":[0.0,-0.88339]},"96s":{"weight":1.0,"played":[1.0,0.0],"evs":[0.0,-0.58854]},"97s":{"weight":1.0,"played":[1.0,0.0],"evs":[0.0,-0.3058]},"98s":{"weight":1.0,"played":[0.8022,0.1978],"evs":[0.0,-0.00711]},"99":{"weight":1.0,"played":[0.0,1.0],"evs":[0.0,3.48868]},"T9o":{"weight":1.0,"played":[1.0,0.0],"evs":[0.0,-0.04222]},"J9o":{"weight":1.0,"played":[0.0,1.0],"evs":[0.0,0.08534]},"Q9o":{"weight":1.0,"played":[0.0,1.0],"evs":[0.0,0.41413]},"K9o":{"weight":1.0,"played":[0.0,1.0],"evs":[0.0,1.05643]},"A9o":{"weight":1.0,"played":[0.0,1.0],"evs":[0.0,2.18443]},"T2s":{"weight":1.0,"played":[1.0,0.0],"evs":[0.0,-1.03635]},"T3s":{"weight":1.0,"played":[1.0,0.0],"evs":[0.0,-0.92473]},"T4s":{"weight":1.0,"played":[1.0,0.0],"evs":[0.0,-0.84039]},"T5s":{"weight":1.0,"played":[1.0,0.0],"evs":[0.0,-0.78093]},"T6s":{"weight":1.0,"played":[1.0,0.0],"evs":[0.0,-0.50668]},"T7s":{"weight":1.0,"played":[1.0,0.0],"evs":[0.0,-0.2139]},"T8s":{"weight":1.0,"played":[0.0,1.0],"evs":[0.0,0.16796]},"T9s":{"weight":1.0,"played":[0.0,1.0],"evs":[0.0,0.54928]},"TT":{"weight":1.0,"played":[0.0,1.0],"evs":[0.0,4.29375]},"JTo":{"weight":1.0,"played":[0.0,1.0],"evs":[0.0,0.66626]},"QTo":{"weight":1.0,"played":[0.0,1.0],"evs":[0.0,0.99638]},"KTo":{"weight":1.0,"played":[0.0,1.0],"evs":[0.0,1.67224]},"ATo":{"weight":1.0,"played":[0.0,1.0],"evs":[0.0,2.82381]},"J2s":{"weight":1.0,"played":[1.0,0.0],"evs":[0.0,-0.77005]},"J3s":{"weight":1.0,"played":[1.0,0.0],"evs":[0.0,-0.67821]},"J4s":{"weight":1.0,"played":[1.0,0.0],"evs":[0.0,-0.56665]},"J5s":{"weight":1.0,"played":[1.0,0.0],"evs":[0.0,-0.48164]},"J6s":{"weight":1.0,"played":[1.0,0.0],"evs":[0.0,-0.4263]},"J7s":{"weight":1.0,"played":[1.0,0.0],"evs":[0.0,-0.08325]},"J8s":{"weight":1.0,"played":[0.0,1.0],"evs":[0.0,0.29553]},"J9s":{"weight":1.0,"played":[0.0,1.0],"evs":[0.0,0.71104]},"JTs":{"weight":1.0,"played":[0.0,1.0],"evs":[0.0,1.23253]},"JJ":{"weight":1.0,"played":[0.0,1.0],"evs":[0.0,4.95172]},"QJo":{"weight":1.0,"played":[0.0,1.0],"evs":[0.0,1.24519]},"KJo":{"weight":1.0,"played":[0.0,1.0],"evs":[0.0,1.94633]},"AJo":{"weight":1.0,"played":[0.0,1.0],"evs":[0.0,3.13377]},"Q2s":{"weight":1.0,"played":[1.0,0.0],"evs":[0.0,-0.40105]},"Q3s":{"weight":1.0,"played":[1.0,0.0],"evs":[0.0,-0.30147]},"Q4s":{"weight":1.0,"played":[1.0,0.0],"evs":[0.0,-0.18313]},"Q5s":{"weight":1.0,"played":[1.0,0.0],"evs":[0.0,-0.07994]},"Q6s":{"weight":1.0,"played":[3.0E-4,0.9997],"evs":[0.0,0.04698]},"Q7s":{"weight":1.0,"played":[0.0,1.0],"evs":[0.0,0.17905]},"Q8s":{"weight":1.0,"played":[0.0,1.0],"evs":[0.0,0.5654]},"Q9s":{"weight":1.0,"played":[0.0,1.0],"evs":[0.0,1.03554]},"QTs":{"weight":1.0,"played":[0.0,1.0],"evs":[0.0,1.57811]},"QJs":{"weight":1.0,"played":[0.0,1.0],"evs":[0.0,1.7852]},"QQ":{"weight":1.0,"played":[0.0,1.0],"evs":[0.0,5.74371]},"KQo":{"weight":1.0,"played":[0.0,1.0],"evs":[0.0,2.27722]},"AQo":{"weight":1.0,"played":[0.0,1.0],"evs":[0.0,3.51902]},"K2s":{"weight":1.0,"played":[0.0,1.0],"evs":[0.0,0.19352]},"K3s":{"weight":1.0,"played":[0.0,1.0],"evs":[0.0,0.32629]},"K4s":{"weight":1.0,"played":[0.0,1.0],"evs":[0.0,0.41547]},"K5s":{"weight":1.0,"played":[0.0,1.0],"evs":[0.0,0.57307]},"K6s":{"weight":1.0,"played":[0.0,1.0],"evs":[0.0,0.72257]},"K7s":{"weight":1.0,"played":[0.0,1.0],"evs":[0.0,0.9444]},"K8s":{"weight":1.0,"played":[0.0,1.0],"evs":[0.0,1.16121]},"K9s":{"weight":1.0,"played":[0.0,1.0],"evs":[0.0,1.63596]},"KTs":{"weight":1.0,"played":[0.0,1.0],"evs":[0.0,2.20567]},"KJs":{"weight":1.0,"played":[0.0,1.0],"evs":[0.0,2.44024]},"KQs":{"weight":1.0,"played":[0.0,1.0],"evs":[0.0,2.77546]},"KK":{"weight":1.0,"played":[0.0,1.0],"evs":[0.0,6.75818]},"AKo":{"weight":1.0,"played":[0.0,1.0],"evs":[0.0,4.02387]},"A2s":{"weight":1.0,"played":[0.0,1.0],"evs":[0.0,1.39515]},"A3s":{"weight":1.0,"played":[0.0,1.0],"evs":[0.0,1.51242]},"A4s":{"weight":1.0,"played":[0.0,1.0],"evs":[0.0,1.59561]},"A5s":{"weight":1.0,"played":[0.0,1.0],"evs":[0.0,1.77568]},"A6s":{"weight":1.0,"played":[0.0,1.0],"evs":[0.0,1.80581]},"A7s":{"weight":1.0,"played":[0.0,1.0],"evs":[0.0,2.10731]},"A8s":{"weight":1.0,"played":[0.0,1.0],"evs":[0.0,2.41259]},"A9s":{"weight":1.0,"played":[0.0,1.0],"evs":[0.0,2.69319]},"ATs":{"weight":1.0,"played":[0.0,1.0],"evs":[0.0,3.3029]},"AJs":{"weight":1.0,"played":[0.0,1.0],"evs":[0.0,3.58846]},"AQs":{"weight":1.0,"played":[0.0,1.0],"evs":[0.0,3.94769]},"AKs":{"weight":1.0,"played":[0.0,1.0],"evs":[0.0,4.4201]},"AA":{"weight":1.0,"played":[0.0,1.0],"evs":[0.0,8.19098]}}}