{"player":2,"street":0,"children":2,"sequence":[{"player":0,"type":"F","amount":0,"street":0},{"player":1,"type":"R","amount":200000,"street":0},{"player":2,"type":"C","amount":200000,"street":0},{"player":3,"type":"F","amount":0,"street":0},{"player":4,"type":"C","amount":150000,"street":0},{"player":5,"type":"R","amount":815000,"street":0},{"player":1,"type":"C","amount":615000,"street":0}],"actions":[{"type":"F","amount":0,"node":81},{"type":"R","amount":2215000,"node":82}],"hands":{"22":{"weight":0.4403,"played":[0.2762,0.7238],"evs":[0.0,0.64798]},"32o":{"weight":0.0,"played":[1.0,0.0],"evs":[0.0,-6.28144]},"42o":{"weight":0.0,"played":[1.0,0.0],"evs":[0.0,-5.59609]},"52o":{"weight":0.0,"played":[1.0,0.0],"evs":[0.0,-5.97888]},"62o":{"weight":0.0,"played":[1.0,0.0],"evs":[0.0,-6.47706]},"72o":{"weight":0.0,"played":[1.0,0.0],"evs":[0.0,-7.28248]},"82o":{"weight":0.0,"played":[1.0,0.0],"evs":[0.0,-6.98956]},"92o":{"weight":0.0,"played":[1.0,0.0],"evs":[0.0,-6.87108]},"T2o":{"weight":0.0,"played":[1.0,0.0],"evs":[0.0,-5.92793]},"J2o":{"weight":0.0,"played":[1.0,0.0],"evs":[0.0,-6.62587]},"Q2o":{"weight":0.0,"played":[1.0,0.0],"evs":[0.0,-5.73826]},"K2o":{"weight":0.0,"played":[1.0,0.0],"evs":[0.0,-5.00088]},"A2o":{"weight":0.0,"played":[0.9993,7.0E-4],"evs":[0.0,-2.52525]},"32s":{"weight":0.0,"played":[0.9999,1.0E-4],"evs":[0.0,-3.23645]},"33":{"weight":0.9994,"played":[0.1648,0.8352],"evs":[0.0,0.59498]},"43o":{"weight":0.0,"played":[1.0,0.0],"evs":[0.0,-5.131]},"53o":{"weight":0.0,"played":[1.0,0.0],"evs":[0.0,-5.09469]},"63o":{"weight":0.0,"played":[1.0,0.0],"evs":[0.0,-5.71193]},"73o":{"weight":0.0,"played":[1.0,0.0],"evs":[0.0,-6.33961]},"83o":{"weight":0.0,"played":[1.0,0.0],"evs":[0.0,-7.09112]},"93o":{"weight":0.0,"played":[1.0,0.0],"evs":[0.0,-6.99699]},"T3o":{"weight":0.0,"played":[1.0,0.0],"evs":[0.0,-6.38777]},"J3o":{"weight":0.0,"played":[1.0,0.0],"evs":[0.0,-6.40806]},"Q3o":{"weight":0.0,"played":[1.0,0.0],"evs":[0.0,-5.49779]},"K3o":{"weight":0.0,"played":[1.0,0.0],"evs":[0.0,-4.76895]},"A3o":{"weight":0.0,"played":[0.9984,0.0016],"evs":[0.0,-1.97622]},"42s":{"weight":0.0,"played":[1.0,0.0],"evs":[0.0,-3.46867]},"43s":{"weight":0.0,"played":[1.0,0.0],"evs":[0.0,-3.45261]},"44":{"weight":0.9836,"played":[0.0104,0.9896],"evs":[0.0,0.99246]},"54o":{"weight":0.0,"played":[1.0,0.0],"evs":[0.0,-3.58791]},"64o":{"weight":0.0,"played":[1.0,0.0],"evs":[0.0,-4.85733]},"74o":{"weight":0.0,"played":[1.0,0.0],"evs":[0.0,-5.94603]},"84o":{"weight":0.0,"played":[1.0,0.0],"evs":[0.0,-6.33691]},"94o":{"weight":0.0,"played":[1.0,0.0],"evs":[0.0,-7.04563]},"T4o":{"weight":0.0,"played":[1.0,0.0],"evs":[0.0,-5.97876]},"J4o":{"weight":0.0,"played":[1.0,0.0],"evs":[0.0,-5.65898]},"Q4o":{"weight":0.0,"played":[1.0,0.0],"evs":[0.0,-5.62854]},"K4o":{"weight":0.0,"played":[1.0,0.0],"evs":[0.0,-4.56993]},"A4o":{"weight":0.0,"played":[1.0,0.0],"evs":[0.0,-1.64272]},"52s":{"weight":0.0,"played":[1.0,0.0],"evs":[0.0,-3.02945]},"53s":{"weight":0.0,"played":[1.0,0.0],"evs":[0.0,-2.29282]},"54s":{"weight":0.0,"played":[0.9997,3.0E-4],"evs":[0.0,-1.46653]},"55":{"weight":0.7307,"played":[0.0,1.0],"evs":[0.0,2.11851]},"65o":{"weight":0.0,"played":[1.0,0.0],"evs":[0.0,-4.01379]},"75o":{"weight":0.0,"played":[1.0,0.0],"evs":[0.0,-4.53484]},"85o":{"weight":0.0,"played":[1.0,0.0],"evs":[0.0,-5.63202]},"95o":{"weight":0.0,"played":[1.0,0.0],"evs":[0.0,-6.39636]},"T5o":{"weight":0.0,"played":[1.0,0.0],"evs":[0.0,-5.88872]},"J5o":{"weight":0.0,"played":[1.0,0.0],"evs":[0.0,-5.86357]},"Q5o":{"weight":0.0,"played":[1.0,0.0],"evs":[0.0,-5.10121]},"K5o":{"weight":0.0,"played":[1.0,0.0],"evs":[0.0,-4.49959]},"A5o":{"weight":0.0,"played":[0.9697,0.0303],"evs":[0.0,-1.66935]},"62s":{"weight":0.0,"played":[0.9999,1.0E-4],"evs":[0.0,-5.0686]},"63s":{"weight":0.0,"played":[1.0,0.0],"evs":[0.0,-2.90148]},"64s":{"weight":0.0,"played":[0.995,0.005],"evs":[0.0,-2.05812]},"65s":{"weight":0.0,"played":[0.9846,0.0154],"evs":[0.0,-2.15225]},"66":{"weight":0.6375,"played":[0.0,1.0],"evs":[0.0,2.95081]},"76o":{"weight":0.0,"played":[0.9999,1.0E-4],"evs":[0.0,-4.2039]},"86o":{"weight":0.0,"played":[0.9999,1.0E-4],"evs":[0.0,-4.52568]},"96o":{"weight":0.0,"played":[1.0,0.0],"evs":[0.0,-5.48664]},"T6o":{"weight":0.0,"played":[1.0,0.0],"evs":[0.0,-5.19738]},"J6o":{"weight":0.0,"played":[1.0,0.0],"evs":[0.0,-5.36584]},"Q6o":{"weight":0.0,"played":[1.0,0.0],"evs":[0.0,-4.58804]},"K6o":{"weight":0.0,"played":[0.9999,1.0E-4],"evs":[0.0,-3.74161]},"A6o":{"weight":0.0,"played":[0.9998,2.0E-4],"evs":[0.0,-1.53275]},"72s":{"weight":0.0,"played":[0.9999,1.0E-4],"evs":[0.0,-5.23312]},"73s":{"weight":0.0,"played":[0.9999,1.0E-4],"evs":[0.0,-4.25268]},"74s":{"weight":0.0,"played":[0.9993,7.0E-4],"evs":[0.0,-3.03518]},"75s":{"weight":0.0,"played":[0.9997,3.0E-4],"evs":[0.0,-2.35759]},"76s":{"weight":0.0022,"played":[0.9996,4.0E-4],"evs":[0.0,-1.66303]},"77":{"weight":0.3569,"played":[0.0,1.0],"evs":[0.0,3.47123]},"87o":{"weight":0.0,"played":[0.9998,2.0E-4],"evs":[0.0,-4.09425]},"97o":{"weight":0.0,"played":[1.0,0.0],"evs":[0.0,-4.90154]},"T7o":{"weight":0.0,"played":[1.0,0.0],"evs":[0.0,-4.8014]},"J7o":{"weight":0.0,"played":[1.0,0.0],"evs":[0.0,-5.3692]},"Q7o":{"weight":0.0,"played":[1.0,0.0],"evs":[0.0,-4.93326]},"K7o":{"weight":0.0,"played":[1.0,0.0],"evs":[0.0,-3.79494]},"A7o":{"weight":0.0,"played":[0.9828,0.0172],"evs":[0.0,-1.5652]},"82s":{"weight":0.0,"played":[0.9999,1.0E-4],"evs":[0.0,-4.34165]},"83s":{"weight":0.0,"played":[1.0,0.0],"evs":[0.0,-4.94467]},"84s":{"weight":0.0,"played":[1.0,0.0],"evs":[0.0,-3.78243]},"85s":{"weight":0.0,"played":[0.9997,3.0E-4],"evs":[0.0,-2.97288]},"86s":{"weight":0.0,"played":[0.9999,1.0E-4],"evs":[0.0,-2.29628]},"87s":{"weight":0.6432,"played":[1.0,0.0],"evs":[0.0,-2.04932]},"88":{"weight":5.0E-4,"played":[0.0,1.0],"evs":[0.0,5.13214]},"98o":{"weight":0.0,"played":[1.0,0.0],"evs":[0.0,-4.15636]},"T8o":{"weight":0.0,"played":[1.0,0.0],"evs":[0.0,-3.98821]},"J8o":{"weight":0.0,"played":[1.0,0.0],"evs":[0.0,-4.85619]},"Q8o":{"weight":0.0,"played":[1.0,0.0],"evs":[0.0,-4.40083]},"K8o":{"weight":0.0,"played":[1.0,0.0],"evs":[0.0,-3.66347]},"A8o":{"weight":0.3291,"played":[0.277,0.723],"evs":[0.0,0.09984]},"92s":{"weight":0.0,"played":[1.0,0.0],"evs":[0.0,-4.9235]},"93s":{"weight":0.0,"played":[1.0,0.0],"evs":[0.0,-4.19344]},"94s":{"weight":0.0,"played":[0.9999,1.0E-4],"evs":[0.0,-4.3182]},"95s":{"weight":0.0,"played":[1.0,0.0],"evs":[0.0,-3.62462]},"96s":{"weight":0.0,"played":[1.0,0.0],"evs":[0.0,-2.29726]},"97s":{"weight":0.0,"played":[0.9916,0.0084],"evs":[0.0,-1.85451]},"98s":{"weight":0.9978,"played":[0.9989,0.0011],"evs":[0.0,-1.29885]},"99":{"weight":1.0E-4,"played":[0.0,1.0],"evs":[0.0,6.34559]},"T9o":{"weight":0.0,"played":[1.0,0.0],"evs":[0.0,-3.27764]},"J9o":{"weight":0.0,"played":[1.0,0.0],"evs":[0.0,-3.5519]},"Q9o":{"weight":0.0,"played":[1.0,0.0],"evs":[0.0,-3.51472]},"K9o":{"weight":0.0,"played":[0.9996,4.0E-4],"evs":[0.0,-3.17037]},"A9o":{"weight":0.9946,"played":[0.0,1.0],"evs":[0.0,1.21534]},"T2s":{"weight":0.0,"played":[1.0,0.0],"evs":[0.0,-3.41275]},"T3s":{"weight":0.0,"played":[1.0,0.0],"evs":[0.0,-3.79384]},"T4s":{"weight":0.0,"played":[0.9999,1.0E-4],"evs":[0.0,-3.43353]},"T5s":{"weight":0.0,"played":[1.0,0.0],"evs":[0.0,-4.00097]},"T6s":{"weight":0.0,"played":[0.9999,1.0E-4],"evs":[0.0,-2.85089]},"T7s":{"weight":0.0,"played":[0.9986,0.0014],"evs":[0.0,-2.11159]},"T8s":{"weight":0.8379,"played":[0.9999,1.0E-4],"evs":[0.0,-1.66887]},"T9s":{"weight":0.9999,"played":[0.9862,0.0138],"evs":[0.0,-0.73245]},"TT":{"weight":2.0E-4,"played":[0.0,1.0],"evs":[0.0,8.35085]},"JTo":{"weight":0.0,"played":[1.0,0.0],"evs":[0.0,-2.20739]},"QTo":{"weight":1.0E-4,"played":[0.9998,2.0E-4],"evs":[0.0,-2.20904]},"KTo":{"weight":0.0572,"played":[0.935,0.065],"evs":[0.0,-1.01442]},"ATo":{"weight":1.0,"played":[0.0,1.0],"evs":[0.0,3.29255]},"J2s":{"weight":0.0,"played":[0.9998,2.0E-4],"evs":[0.0,-4.28554]},"J3s":{"weight":0.0,"played":[1.0,0.0],"evs":[0.0,-3.10461]},"J4s":{"weight":0.0,"played":[0.9991,9.0E-4],"evs":[0.0,-3.82683]},"J5s":{"weight":0.0,"played":[1.0,0.0],"evs":[0.0,-3.45476]},"J6s":{"weight":0.0,"played":[1.0,0.0],"evs":[0.0,-3.51479]},"J7s":{"weight":0.0,"played":[0.9986,0.0014],"evs":[0.0,-2.67318]},"J8s":{"weight":0.0018,"played":[0.9868,0.0132],"evs":[0.0,-2.29444]},"J9s":{"weight":0.9994,"played":[0.9596,0.0404],"evs":[0.0,-1.24932]},"JTs":{"weight":0.0784,"played":[0.5718,0.4282],"evs":[0.0,0.13223]},"JJ":{"weight":0.664,"played":[0.0,1.0],"evs":[0.0,11.19015]},"QJo":{"weight":0.9878,"played":[0.9996,4.0E-4],"evs":[0.0,-1.16145]},"KJo":{"weight":0.6234,"played":[0.059,0.941],"evs":[0.0,0.55592]},"AJo":{"weight":0.1077,"played":[0.0,1.0],"evs":[0.0,5.05416]},"Q2s":{"weight":0.0,"played":[0.9998,2.0E-4],"evs":[0.0,-3.78825]},"Q3s":{"weight":0.0,"played":[0.9999,1.0E-4],"evs":[0.0,-3.11297]},"Q4s":{"weight":0.0,"played":[0.9985,0.0015],"evs":[0.0,-2.67087]},"Q5s":{"weight":0.0,"played":[1.0,0.0],"evs":[0.0,-2.13853]},"Q6s":{"weight":0.0,"played":[0.9979,0.0021],"evs":[0.0,-2.30337]},"Q7s":{"weight":0.0,"played":[0.9995,5.0E-4],"evs":[0.0,-3.04574]},"Q8s":{"weight":0.3617,"played":[1.0,0.0],"evs":[0.0,-2.2065]},"Q9s":{"weight":0.9972,"played":[0.9771,0.0229],"evs":[0.0,-1.11737]},"QTs":{"weight":0.9345,"played":[0.0679,0.9321],"evs":[0.0,0.34029]},"QJs":{"weight":0.0515,"played":[4.0E-4,0.9996],"evs":[0.0,0.98417]},"QQ":{"weight":0.9977,"played":[0.0,1.0],"evs":[0.0,14.77838]},"KQo":{"weight":0.5341,"played":[1.0E-4,0.9999],"evs":[0.0,1.55243]},"AQo":{"weight":0.0,"played":[0.0,1.0],"evs":[0.0,6.42938]},"K2s":{"weight":0.0,"played":[0.9998,2.0E-4],"evs":[0.0,-1.57278]},"K3s":{"weight":0.0,"played":[0.9995,5.0E-4],"evs":[0.0,-1.95334]},"K4s":{"weight":0.0,"played":[0.9916,0.0084],"evs":[0.0,-1.39711]},"K5s":{"weight":0.0,"played":[0.987,0.013],"evs":[0.0,-2.0195]},"K6s":{"weight":0.0,"played":[0.9693,0.0307],"evs":[0.0,-1.48721]},"K7s":{"weight":1.0E-4,"played":[0.95,0.05],"evs":[0.0,-0.8873]},"K8s":{"weight":0.997,"played":[0.9993,7.0E-4],"evs":[0.0,-1.01596]},"K9s":{"weight":0.9999,"played":[0.7193,0.2807],"evs":[0.0,-0.17701]},"KTs":{"weight":0.9789,"played":[0.0018,0.9982],"evs":[0.0,1.30993]},"KJs":{"weight":0.9975,"played":[4.0E-4,0.9996],"evs":[0.0,2.72]},"KQs":{"weight":0.9996,"played":[0.0,1.0],"evs":[0.0,3.62625]},"KK":{"weight":0.9992,"played":[0.0,1.0],"evs":[0.0,18.63258]},"AKo":{"weight":0.0,"played":[0.0,1.0],"evs":[0.0,8.30003]},"A2s":{"weight":0.001,"played":[0.634,0.366],"evs":[0.0,0.04923]},"A3s":{"weight":0.7665,"played":[0.8235,0.1765],"evs":[0.0,-0.29991]},"A4s":{"weight":0.2802,"played":[0.1994,0.8006],"evs":[0.0,0.2045]},"A5s":{"weight":0.0441,"played":[0.0041,0.9959],"evs":[0.0,1.31154]},"A6s":{"weight":0.9996,"played":[0.1093,0.8907],"evs":[0.0,0.31351]},"A7s":{"weight":0.9923,"played":[0.0,1.0],"evs":[0.0,0.90986]},"A8s":{"weight":0.9996,"played":[0.0,1.0],"evs":[0.0,1.4947]},"A9s":{"weight":1.0,"played":[1.0E-4,0.9999],"evs":[0.0,3.92008]},"ATs":{"weight":1.0,"played":[0.0,1.0],"evs":[0.0,5.38199]},"AJs":{"weight":0.9999,"played":[0.0,1.0],"evs":[0.0,6.8838]},"AQs":{"weight":0.9999,"played":[0.0,1.0],"evs":[0.0,8.78619]},"AKs":{"weight":0.0053,"played":[0.0,1.0],"evs":[0.0,11.06192]},"AA":{"weight":0.9914,"played":[0.0,1.0],"evs":[0.0,25.84884]}}}