{"player":5,"street":0,"children":2,"sequence":[{"player":0,"type":"F","amount":0,"street":0},{"player":1,"type":"R","amount":7840000,"street":0},{"player":2,"type":"R","amount":11040000,"street":0},{"player":3,"type":"F","amount":0,"street":0},{"player":4,"type":"F","amount":0,"street":0}],"actions":[{"type":"F","amount":0,"node":101},{"type":"R","amount":12960000,"node":102}],"hands":{"22":{"weight":1.0,"played":[1.0,0.0],"evs":[0.0,-0.56674]},"32o":{"weight":1.0,"played":[1.0,0.0],"evs":[0.0,-1.89865]},"42o":{"weight":1.0,"played":[1.0,0.0],"evs":[0.0,-1.80995]},"52o":{"weight":1.0,"played":[1.0,0.0],"evs":[0.0,-1.73831]},"62o":{"weight":1.0,"played":[1.0,0.0],"evs":[0.0,-1.92176]},"72o":{"weight":1.0,"played":[1.0,0.0],"evs":[0.0,-2.12767]},"82o":{"weight":1.0,"played":[1.0,0.0],"evs":[0.0,-1.9872]},"92o":{"weight":1.0,"played":[1.0,0.0],"evs":[0.0,-1.95528]},"T2o":{"weight":1.0,"played":[1.0,0.0],"evs":[0.0,-1.98482]},"J2o":{"weight":1.0,"played":[1.0,0.0],"evs":[0.0,-1.90798]},"Q2o":{"weight":1.0,"played":[1.0,0.0],"evs":[0.0,-1.75693]},"K2o":{"weight":1.0,"played":[1.0,0.0],"evs":[0.0,-1.56737]},"A2o":{"weight":1.0,"played":[1.0,0.0],"evs":[0.0,-1.73059]},"32s":{"weight":1.0,"played":[1.0,0.0],"evs":[0.0,-1.29904]},"33":{"weight":1.0,"played":[1.0,0.0],"evs":[0.0,-0.41685]},"43o":{"weight":1.0,"played":[1.0,0.0],"evs":[0.0,-1.57736]},"53o":{"weight":1.0,"played":[1.0,0.0],"evs":[0.0,-1.50408]},"63o":{"weight":1.0,"played":[1.0,0.0],"evs":[0.0,-1.67372]},"73o":{"weight":1.0,"played":[1.0,0.0],"evs":[0.0,-1.87751]},"83o":{"weight":1.0,"played":[1.0,0.0],"evs":[0.0,-2.00711]},"93o":{"weight":1.0,"played":[1.0,0.0],"evs":[0.0,-1.86952]},"T3o":{"weight":1.0,"played":[1.0,0.0],"evs":[0.0,-1.90809]},"J3o":{"weight":1.0,"played":[1.0,0.0],"evs":[0.0,-1.82485]},"Q3o":{"weight":1.0,"played":[1.0,0.0],"evs":[0.0,-1.6679]},"K3o":{"weight":1.0,"played":[1.0,0.0],"evs":[0.0,-1.49374]},"A3o":{"weight":1.0,"played":[1.0,0.0],"evs":[0.0,-1.60024]},"42s":{"weight":1.0,"played":[1.0,0.0],"evs":[0.0,-1.21221]},"43s":{"weight":1.0,"played":[1.0,0.0],"evs":[0.0,-1.01747]},"44":{"weight":1.0,"played":[1.0,0.0],"evs":[0.0,-0.30679]},"54o":{"weight":1.0,"played":[1.0,0.0],"evs":[0.0,-1.27255]},"64o":{"weight":1.0,"played":[1.0,0.0],"evs":[0.0,-1.42218]},"74o":{"weight":1.0,"played":[1.0,0.0],"evs":[0.0,-1.63162]},"84o":{"weight":1.0,"played":[1.0,0.0],"evs":[0.0,-1.74099]},"94o":{"weight":1.0,"played":[1.0,0.0],"evs":[0.0,-1.83921]},"T4o":{"weight":1.0,"played":[1.0,0.0],"evs":[0.0,-1.82703]},"J4o":{"weight":1.0,"played":[1.0,0.0],"evs":[0.0,-1.75928]},"Q4o":{"weight":1.0,"played":[1.0,0.0],"evs":[0.0,-1.61582]},"K4o":{"weight":1.0,"played":[1.0,0.0],"evs":[0.0,-1.43945]},"A4o":{"weight":1.0,"played":[1.0,0.0],"evs":[0.0,-1.57528]},"52s":{"weight":1.0,"played":[1.0,0.0],"evs":[0.0,-1.17417]},"53s":{"weight":1.0,"played":[1.0,0.0],"evs":[0.0,-0.90087]},"54s":{"weight":1.0,"played":[1.0,0.0],"evs":[0.0,-0.70525]},"55":{"weight":1.0,"played":[1.0,0.0],"evs":[0.0,-0.17485]},"65o":{"weight":1.0,"played":[1.0,0.0],"evs":[0.0,-1.21704]},"75o":{"weight":1.0,"played":[1.0,0.0],"evs":[0.0,-1.35612]},"85o":{"weight":1.0,"played":[1.0,0.0],"evs":[0.0,-1.51213]},"95o":{"weight":1.0,"played":[1.0,0.0],"evs":[0.0,-1.59512]},"T5o":{"weight":1.0,"played":[1.0,0.0],"evs":[0.0,-1.80557]},"J5o":{"weight":1.0,"played":[1.0,0.0],"evs":[0.0,-1.67809]},"Q5o":{"weight":1.0,"played":[1.0,0.0],"evs":[0.0,-1.5483]},"K5o":{"weight":1.0,"played":[1.0,0.0],"evs":[0.0,-1.36785]},"A5o":{"weight":1.0,"played":[1.0,0.0],"evs":[0.0,-1.45464]},"62s":{"weight":1.0,"played":[1.0,0.0],"evs":[0.0,-1.32]},"63s":{"weight":1.0,"played":[1.0,0.0],"evs":[0.0,-1.05411]},"64s":{"weight":1.0,"played":[1.0,0.0],"evs":[0.0,-0.84815]},"65s":{"weight":1.0,"played":[1.0,0.0],"evs":[0.0,-0.5955]},"66":{"weight":1.0,"played":[0.9881,0.0119],"evs":[0.0,-0.10993]},"76o":{"weight":1.0,"played":[1.0,0.0],"evs":[0.0,-1.21684]},"86o":{"weight":1.0,"played":[1.0,0.0],"evs":[0.0,-1.30509]},"96o":{"weight":1.0,"played":[1.0,0.0],"evs":[0.0,-1.39108]},"T6o":{"weight":1.0,"played":[1.0,0.0],"evs":[0.0,-1.61896]},"J6o":{"weight":1.0,"played":[1.0,0.0],"evs":[0.0,-1.69292]},"Q6o":{"weight":1.0,"played":[1.0,0.0],"evs":[0.0,-1.48767]},"K6o":{"weight":1.0,"played":[1.0,0.0],"evs":[0.0,-1.3065]},"A6o":{"weight":1.0,"played":[1.0,0.0],"evs":[0.0,-1.70782]},"72s":{"weight":1.0,"played":[1.0,0.0],"evs":[0.0,-1.4739]},"73s":{"weight":1.0,"played":[1.0,0.0],"evs":[0.0,-1.27345]},"74s":{"weight":1.0,"played":[1.0,0.0],"evs":[0.0,-1.02365]},"75s":{"weight":1.0,"played":[1.0,0.0],"evs":[0.0,-0.77838]},"76s":{"weight":1.0,"played":[1.0,0.0],"evs":[0.0,-0.67326]},"77":{"weight":1.0,"played":[0.0,1.0],"evs":[0.0,0.18927]},"87o":{"weight":1.0,"played":[1.0,0.0],"evs":[0.0,-1.13218]},"97o":{"weight":1.0,"played":[1.0,0.0],"evs":[0.0,-1.24886]},"T7o":{"weight":1.0,"played":[1.0,0.0],"evs":[0.0,-1.45262]},"J7o":{"weight":1.0,"played":[1.0,0.0],"evs":[0.0,-1.5478]},"Q7o":{"weight":1.0,"played":[1.0,0.0],"evs":[0.0,-1.49123]},"K7o":{"weight":1.0,"played":[1.0,0.0],"evs":[0.0,-1.29327]},"A7o":{"weight":1.0,"played":[1.0,0.0],"evs":[0.0,-1.63412]},"82s":{"weight":1.0,"played":[1.0,0.0],"evs":[0.0,-1.4285]},"83s":{"weight":1.0,"played":[1.0,0.0],"evs":[0.0,-1.40336]},"84s":{"weight":1.0,"played":[1.0,0.0],"evs":[0.0,-1.17349]},"85s":{"weight":1.0,"played":[1.0,0.0],"evs":[0.0,-0.91331]},"86s":{"weight":1.0,"played":[1.0,0.0],"evs":[0.0,-0.69232]},"87s":{"weight":1.0,"played":[1.0,0.0],"evs":[0.0,-0.65628]},"88":{"weight":1.0,"played":[0.0,1.0],"evs":[0.0,0.59955]},"98o":{"weight":1.0,"played":[1.0,0.0],"evs":[0.0,-1.06401]},"T8o":{"weight":1.0,"played":[1.0,0.0],"evs":[0.0,-1.16587]},"J8o":{"weight":1.0,"played":[1.0,0.0],"evs":[0.0,-1.28486]},"Q8o":{"weight":1.0,"played":[1.0,0.0],"evs":[0.0,-1.32336]},"K8o":{"weight":1.0,"played":[1.0,0.0],"evs":[0.0,-1.30838]},"A8o":{"weight":1.0,"played":[1.0,0.0],"evs":[0.0,-1.51417]},"92s":{"weight":1.0,"played":[1.0,0.0],"evs":[0.0,-1.2799]},"93s":{"weight":1.0,"played":[1.0,0.0],"evs":[0.0,-1.32273]},"94s":{"weight":1.0,"played":[1.0,0.0],"evs":[0.0,-1.2283]},"95s":{"weight":1.0,"played":[1.0,0.0],"evs":[0.0,-0.99505]},"96s":{"weight":1.0,"played":[1.0,0.0],"evs":[0.0,-0.78842]},"97s":{"weight":1.0,"played":[1.0,0.0],"evs":[0.0,-0.69352]},"98s":{"weight":1.0,"played":[1.0,0.0],"evs":[0.0,-0.50117]},"99":{"weight":1.0,"played":[0.0,1.0],"evs":[0.0,1.05401]},"T9o":{"weight":1.0,"played":[1.0,0.0],"evs":[0.0,-0.96424]},"J9o":{"weight":1.0,"played":[1.0,0.0],"evs":[0.0,-1.06894]},"Q9o":{"weight":1.0,"played":[1.0,0.0],"evs":[0.0,-1.09509]},"K9o":{"weight":1.0,"played":[1.0,0.0],"evs":[0.0,-1.01364]},"A9o":{"weight":1.0,"played":[1.0,0.0],"evs":[0.0,-1.38846]},"T2s":{"weight":1.0,"played":[1.0,0.0],"evs":[0.0,-1.30341]},"T3s":{"weight":1.0,"played":[1.0,0.0],"evs":[0.0,-1.2917]},"T4s":{"weight":1.0,"played":[1.0,0.0],"evs":[0.0,-1.24019]},"T5s":{"weight":1.0,"played":[1.0,0.0],"evs":[0.0,-1.17912]},"T6s":{"weight":1.0,"played":[1.0,0.0],"evs":[0.0,-0.9853]},"T7s":{"weight":1.0,"played":[1.0,0.0],"evs":[0.0,-0.78922]},"T8s":{"weight":1.0,"played":[0.9997,3.0E-4],"evs":[0.0,-0.70498]},"T9s":{"weight":1.0,"played":[1.0,0.0],"evs":[0.0,-0.43526]},"TT":{"weight":1.0,"played":[0.0,1.0],"evs":[0.0,1.63592]},"JTo":{"weight":1.0,"played":[1.0,0.0],"evs":[0.0,-0.90953]},"QTo":{"weight":1.0,"played":[1.0,0.0],"evs":[0.0,-0.85835]},"KTo":{"weight":1.0,"played":[1.0,0.0],"evs":[0.0,-0.8375]},"ATo":{"weight":1.0,"played":[1.0,0.0],"evs":[0.0,-0.97345]},"J2s":{"weight":1.0,"played":[1.0,0.0],"evs":[0.0,-1.23183]},"J3s":{"weight":1.0,"played":[1.0,0.0],"evs":[0.0,-1.20365]},"J4s":{"weight":1.0,"played":[1.0,0.0],"evs":[0.0,-1.15923]},"J5s":{"weight":1.0,"played":[1.0,0.0],"evs":[0.0,-1.1648]},"J6s":{"weight":1.0,"played":[1.0,0.0],"evs":[0.0,-1.04903]},"J7s":{"weight":1.0,"played":[1.0,0.0],"evs":[0.0,-0.96133]},"J8s":{"weight":1.0,"played":[1.0,0.0],"evs":[0.0,-0.76947]},"J9s":{"weight":1.0,"played":[1.0,0.0],"evs":[0.0,-0.56268]},"JTs":{"weight":1.0,"played":[0.999,0.001],"evs":[0.0,-0.27267]},"JJ":{"weight":1.0,"played":[0.0,1.0],"evs":[0.0,2.49261]},"QJo":{"weight":1.0,"played":[1.0,0.0],"evs":[0.0,-0.76841]},"KJo":{"weight":1.0,"played":[1.0,0.0],"evs":[0.0,-0.67674]},"AJo":{"weight":1.0,"played":[1.0,0.0],"evs":[0.0,-0.30952]},"Q2s":{"weight":1.0,"played":[1.0,0.0],"evs":[0.0,-1.14564]},"Q3s":{"weight":1.0,"played":[1.0,0.0],"evs":[0.0,-1.06884]},"Q4s":{"weight":1.0,"played":[1.0,0.0],"evs":[0.0,-0.99794]},"Q5s":{"weight":1.0,"played":[1.0,0.0],"evs":[0.0,-0.95848]},"Q6s":{"weight":1.0,"played":[1.0,0.0],"evs":[0.0,-0.87776]},"Q7s":{"weight":1.0,"played":[1.0,0.0],"evs":[0.0,-0.91832]},"Q8s":{"weight":1.0,"played":[1.0,0.0],"evs":[0.0,-0.70452]},"Q9s":{"weight":1.0,"played":[1.0,0.0],"evs":[0.0,-0.46471]},"QTs":{"weight":1.0,"played":[0.9996,4.0E-4],"evs":[0.0,-0.28269]},"QJs":{"weight":1.0,"played":[0.9967,0.0033],"evs":[0.0,-0.19493]},"QQ":{"weight":1.0,"played":[0.0,1.0],"evs":[0.0,3.59833]},"KQo":{"weight":1.0,"played":[1.0,0.0],"evs":[0.0,-0.3793]},"AQo":{"weight":1.0,"played":[0.0,1.0],"evs":[0.0,0.53377]},"K2s":{"weight":1.0,"played":[1.0,0.0],"evs":[0.0,-0.93538]},"K3s":{"weight":1.0,"played":[1.0,0.0],"evs":[0.0,-0.82028]},"K4s":{"weight":1.0,"played":[1.0,0.0],"evs":[0.0,-0.79334]},"K5s":{"weight":1.0,"played":[1.0,0.0],"evs":[0.0,-0.79453]},"K6s":{"weight":1.0,"played":[1.0,0.0],"evs":[0.0,-0.70833]},"K7s":{"weight":1.0,"played":[1.0,0.0],"evs":[0.0,-0.74722]},"K8s":{"weight":1.0,"played":[0.9999,1.0E-4],"evs":[0.0,-0.65364]},"K9s":{"weight":1.0,"played":[0.9999,1.0E-4],"evs":[0.0,-0.46133]},"KTs":{"weight":1.0,"played":[0.9879,0.0121],"evs":[0.0,-0.26652]},"KJs":{"weight":1.0,"played":[0.9169,0.0831],"evs":[0.0,-0.12666]},"KQs":{"weight":1.0,"played":[3.0E-4,0.9997],"evs":[0.0,0.08193]},"KK":{"weight":1.0,"played":[0.0,1.0],"evs":[0.0,4.76903]},"AKo":{"weight":1.0,"played":[0.0,1.0],"evs":[0.0,1.44324]},"A2s":{"weight":1.0,"played":[1.0,0.0],"evs":[0.0,-1.06358]},"A3s":{"weight":1.0,"played":[1.0,0.0],"evs":[0.0,-0.95321]},"A4s":{"weight":1.0,"played":[1.0,0.0],"evs":[0.0,-0.89695]},"A5s":{"weight":1.0,"played":[1.0,0.0],"evs":[0.0,-0.87634]},"A6s":{"weight":1.0,"played":[1.0,0.0],"evs":[0.0,-1.0613]},"A7s":{"weight":1.0,"played":[1.0,0.0],"evs":[0.0,-1.00132]},"A8s":{"weight":1.0,"played":[1.0,0.0],"evs":[0.0,-0.88659]},"A9s":{"weight":1.0,"played":[1.0,0.0],"evs":[0.0,-0.67115]},"ATs":{"weight":1.0,"played":[0.9985,0.0015],"evs":[0.0,-0.39162]},"AJs":{"weight":1.0,"played":[0.0014,0.9986],"evs":[0.0,0.28324]},"AQs":{"weight":1.0,"played":[0.0,1.0],"evs":[0.0,0.99461]},"AKs":{"weight":1.0,"played":[0.0,1.0],"evs":[0.0,2.00771]},"AA":{"weight":1.0,"played":[0.0,1.0],"evs":[0.0,6.74626]}}}