{"player":6,"street":0,"children":2,"sequence":[{"player":0,"type":"F","amount":0,"street":0},{"player":1,"type":"R","amount":7840000,"street":0},{"player":2,"type":"R","amount":11040000,"street":0},{"player":3,"type":"F","amount":0,"street":0},{"player":4,"type":"F","amount":0,"street":0},{"player":5,"type":"R","amount":12960000,"street":0}],"actions":[{"type":"F","amount":0},{"type":"C","amount":9760000}],"hands":{"22":{"weight":1.0,"played":[0.0284,0.9716],"evs":[0.0,0.35169]},"32o":{"weight":1.0,"played":[1.0,0.0],"evs":[0.0,-0.77734]},"42o":{"weight":1.0,"played":[0.9993,7.0E-4],"evs":[0.0,-0.70976]},"52o":{"weight":1.0,"played":[0.9998,2.0E-4],"evs":[0.0,-0.62051]},"62o":{"weight":1.0,"played":[1.0,0.0],"evs":[0.0,-0.84543]},"72o":{"weight":1.0,"played":[1.0,0.0],"evs":[0.0,-1.08844]},"82o":{"weight":1.0,"played":[0.9999,1.0E-4],"evs":[0.0,-0.95126]},"92o":{"weight":1.0,"played":[0.9999,1.0E-4],"evs":[0.0,-0.93086]},"T2o":{"weight":1.0,"played":[1.0,0.0],"evs":[0.0,-0.83884]},"J2o":{"weight":1.0,"played":[0.9999,1.0E-4],"evs":[0.0,-0.91546]},"Q2o":{"weight":1.0,"played":[0.999,0.001],"evs":[0.0,-0.9054]},"K2o":{"weight":1.0,"played":[0.9997,3.0E-4],"evs":[0.0,-0.65988]},"A2o":{"weight":1.0,"played":[0.9996,4.0E-4],"evs":[0.0,-0.88706]},"32s":{"weight":1.0,"played":[0.4628,0.5372],"evs":[0.0,0.05128]},"33":{"weight":1.0,"played":[0.0477,0.9523],"evs":[0.0,0.47599]},"43o":{"weight":1.0,"played":[0.9993,7.0E-4],"evs":[0.0,-0.45292]},"53o":{"weight":1.0,"played":[0.9993,7.0E-4],"evs":[0.0,-0.306]},"63o":{"weight":1.0,"played":[0.9998,2.0E-4],"evs":[0.0,-0.48356]},"73o":{"weight":1.0,"played":[1.0,0.0],"evs":[0.0,-0.80071]},"83o":{"weight":1.0,"played":[0.9999,1.0E-4],"evs":[0.0,-0.93945]},"93o":{"weight":1.0,"played":[0.9999,1.0E-4],"evs":[0.0,-0.70472]},"T3o":{"weight":1.0,"played":[1.0,0.0],"evs":[0.0,-0.71601]},"J3o":{"weight":1.0,"played":[0.9997,3.0E-4],"evs":[0.0,-0.75362]},"Q3o":{"weight":1.0,"played":[1.0,0.0],"evs":[0.0,-0.95186]},"K3o":{"weight":1.0,"played":[1.0,0.0],"evs":[0.0,-0.53724]},"A3o":{"weight":1.0,"played":[0.9999,1.0E-4],"evs":[0.0,-0.66844]},"42s":{"weight":1.0,"played":[0.6281,0.3719],"evs":[0.0,-0.10366]},"43s":{"weight":1.0,"played":[0.0045,0.9955],"evs":[0.0,0.39401]},"44":{"weight":1.0,"played":[7.0E-4,0.9993],"evs":[0.0,0.51187]},"54o":{"weight":1.0,"played":[0.8741,0.1259],"evs":[0.0,-0.08684]},"64o":{"weight":1.0,"played":[0.9975,0.0025],"evs":[0.0,-0.20604]},"74o":{"weight":1.0,"played":[1.0,0.0],"evs":[0.0,-0.5317]},"84o":{"weight":1.0,"played":[0.9998,2.0E-4],"evs":[0.0,-0.61141]},"94o":{"weight":1.0,"played":[1.0,0.0],"evs":[0.0,-0.76971]},"T4o":{"weight":1.0,"played":[1.0,0.0],"evs":[0.0,-0.74246]},"J4o":{"weight":1.0,"played":[1.0,0.0],"evs":[0.0,-0.76974]},"Q4o":{"weight":1.0,"played":[0.9999,1.0E-4],"evs":[0.0,-0.76667]},"K4o":{"weight":1.0,"played":[0.9984,0.0016],"evs":[0.0,-0.5236]},"A4o":{"weight":1.0,"played":[0.9999,1.0E-4],"evs":[0.0,-0.63917]},"52s":{"weight":1.0,"played":[0.9047,0.0953],"evs":[0.0,-0.06878]},"53s":{"weight":1.0,"played":[0.0237,0.9763],"evs":[0.0,0.38723]},"54s":{"weight":1.0,"played":[0.0013,0.9987],"evs":[0.0,0.45776]},"55":{"weight":1.0,"played":[0.0,1.0],"evs":[0.0,0.36815]},"65o":{"weight":1.0,"played":[0.9725,0.0275],"evs":[0.0,-0.09382]},"75o":{"weight":1.0,"played":[0.9971,0.0029],"evs":[0.0,-0.40238]},"85o":{"weight":1.0,"played":[0.9998,2.0E-4],"evs":[0.0,-0.63109]},"95o":{"weight":1.0,"played":[0.9998,2.0E-4],"evs":[0.0,-0.59945]},"T5o":{"weight":1.0,"played":[0.998,0.002],"evs":[0.0,-0.78638]},"J5o":{"weight":1.0,"played":[1.0,0.0],"evs":[0.0,-0.76003]},"Q5o":{"weight":1.0,"played":[1.0,0.0],"evs":[0.0,-0.67133]},"K5o":{"weight":1.0,"played":[1.0,0.0],"evs":[0.0,-0.43606]},"A5o":{"weight":1.0,"played":[0.9999,1.0E-4],"evs":[0.0,-0.6053]},"62s":{"weight":1.0,"played":[0.9882,0.0118],"evs":[0.0,-0.3871]},"63s":{"weight":1.0,"played":[0.1339,0.8661],"evs":[0.0,0.16212]},"64s":{"weight":1.0,"played":[0.0149,0.9851],"evs":[0.0,0.19792]},"65s":{"weight":1.0,"played":[7.0E-4,0.9993],"evs":[0.0,0.41401]},"66":{"weight":1.0,"played":[0.0,1.0],"evs":[0.0,0.53218]},"76o":{"weight":1.0,"played":[0.9906,0.0094],"evs":[0.0,-0.12875]},"86o":{"weight":1.0,"played":[0.9976,0.0024],"evs":[0.0,-0.33436]},"96o":{"weight":1.0,"played":[0.9998,2.0E-4],"evs":[0.0,-0.43342]},"T6o":{"weight":1.0,"played":[0.9999,1.0E-4],"evs":[0.0,-0.60854]},"J6o":{"weight":1.0,"played":[0.9999,1.0E-4],"evs":[0.0,-0.69043]},"Q6o":{"weight":1.0,"played":[0.9981,0.0019],"evs":[0.0,-0.65382]},"K6o":{"weight":1.0,"played":[0.9995,5.0E-4],"evs":[0.0,-0.38134]},"A6o":{"weight":1.0,"played":[0.9996,4.0E-4],"evs":[0.0,-0.91703]},"72s":{"weight":1.0,"played":[1.0,0.0],"evs":[0.0,-0.52217]},"73s":{"weight":1.0,"played":[0.998,0.002],"evs":[0.0,-0.07998]},"74s":{"weight":1.0,"played":[0.2631,0.7369],"evs":[0.0,0.17341]},"75s":{"weight":1.0,"played":[0.0054,0.9946],"evs":[0.0,0.27641]},"76s":{"weight":1.0,"played":[0.021,0.979],"evs":[0.0,0.49753]},"77":{"weight":1.0,"played":[0.0,1.0],"evs":[0.0,0.60028]},"87o":{"weight":1.0,"played":[0.9999,1.0E-4],"evs":[0.0,-0.3279]},"97o":{"weight":1.0,"played":[0.9994,6.0E-4],"evs":[0.0,-0.32074]},"T7o":{"weight":1.0,"played":[1.0,0.0],"evs":[0.0,-0.47523]},"J7o":{"weight":1.0,"played":[1.0,0.0],"evs":[0.0,-0.4808]},"Q7o":{"weight":1.0,"played":[0.9994,6.0E-4],"evs":[0.0,-0.86736]},"K7o":{"weight":1.0,"played":[0.9999,1.0E-4],"evs":[0.0,-0.33947]},"A7o":{"weight":1.0,"played":[0.9999,1.0E-4],"evs":[0.0,-1.03959]},"82s":{"weight":1.0,"played":[0.9999,1.0E-4],"evs":[0.0,-0.37865]},"83s":{"weight":1.0,"played":[0.9982,0.0018],"evs":[0.0,-0.38439]},"84s":{"weight":1.0,"played":[0.9993,7.0E-4],"evs":[0.0,-0.13189]},"85s":{"weight":1.0,"played":[0.6933,0.3067],"evs":[0.0,-0.11374]},"86s":{"weight":1.0,"played":[5.0E-4,0.9995],"evs":[0.0,0.26642]},"87s":{"weight":1.0,"played":[3.0E-4,0.9997],"evs":[0.0,0.54049]},"88":{"weight":1.0,"played":[1.0E-4,0.9999],"evs":[0.0,1.06198]},"98o":{"weight":1.0,"played":[0.9305,0.0695],"evs":[0.0,-0.06738]},"T8o":{"weight":1.0,"played":[0.9988,0.0012],"evs":[0.0,-0.18788]},"J8o":{"weight":1.0,"played":[0.9972,0.0028],"evs":[0.0,-0.31533]},"Q8o":{"weight":1.0,"played":[1.0,0.0],"evs":[0.0,-0.63092]},"K8o":{"weight":1.0,"played":[0.9971,0.0029],"evs":[0.0,-0.42758]},"A8o":{"weight":1.0,"played":[0.9999,1.0E-4],"evs":[0.0,-0.90314]},"92s":{"weight":1.0,"played":[0.9998,2.0E-4],"evs":[0.0,-0.24464]},"93s":{"weight":1.0,"played":[0.7737,0.2263],"evs":[0.0,-0.11987]},"94s":{"weight":1.0,"played":[0.9823,0.0177],"evs":[0.0,-0.38877]},"95s":{"weight":1.0,"played":[0.1228,0.8772],"evs":[0.0,-0.0533]},"96s":{"weight":1.0,"played":[0.362,0.638],"evs":[0.0,0.05305]},"97s":{"weight":1.0,"played":[4.0E-4,0.9996],"evs":[0.0,0.29439]},"98s":{"weight":1.0,"played":[0.0039,0.9961],"evs":[0.0,0.2988]},"99":{"weight":1.0,"played":[2.0E-4,0.9998],"evs":[0.0,1.46299]},"T9o":{"weight":1.0,"played":[0.8442,0.1558],"evs":[0.0,-0.01875]},"J9o":{"weight":1.0,"played":[0.9712,0.0288],"evs":[0.0,-0.19704]},"Q9o":{"weight":1.0,"played":[0.9847,0.0153],"evs":[0.0,-0.32983]},"K9o":{"weight":1.0,"played":[0.9995,5.0E-4],"evs":[0.0,-0.30064]},"A9o":{"weight":1.0,"played":[0.9997,3.0E-4],"evs":[0.0,-0.53714]},"T2s":{"weight":1.0,"played":[0.9377,0.0623],"evs":[0.0,-0.20151]},"T3s":{"weight":1.0,"played":[0.7212,0.2788],"evs":[0.0,-0.23306]},"T4s":{"weight":1.0,"played":[0.9831,0.0169],"evs":[0.0,-0.20136]},"T5s":{"weight":1.0,"played":[0.9444,0.0556],"evs":[0.0,-0.13424]},"T6s":{"weight":1.0,"played":[0.2727,0.7273],"evs":[0.0,0.09134]},"T7s":{"weight":1.0,"played":[0.0336,0.9664],"evs":[0.0,0.26924]},"T8s":{"weight":1.0,"played":[0.0492,0.9508],"evs":[0.0,0.41182]},"T9s":{"weight":1.0,"played":[1.0E-4,0.9999],"evs":[0.0,0.57706]},"TT":{"weight":1.0,"played":[0.0,1.0],"evs":[0.0,2.21191]},"JTo":{"weight":1.0,"played":[0.117,0.883],"evs":[0.0,0.15937]},"QTo":{"weight":1.0,"played":[0.9852,0.0148],"evs":[0.0,-0.05369]},"KTo":{"weight":1.0,"played":[0.8895,0.1105],"evs":[0.0,0.00195]},"ATo":{"weight":1.0,"played":[0.9923,0.0077],"evs":[0.0,-0.49148]},"J2s":{"weight":1.0,"played":[0.9751,0.0249],"evs":[0.0,-0.08]},"J3s":{"weight":1.0,"played":[0.7118,0.2882],"evs":[0.0,-0.00615]},"J4s":{"weight":1.0,"played":[0.1273,0.8727],"evs":[0.0,0.1006]},"J5s":{"weight":1.0,"played":[0.5346,0.4654],"evs":[0.0,0.02566]},"J6s":{"weight":1.0,"played":[0.6778,0.3222],"evs":[0.0,-0.05664]},"J7s":{"weight":1.0,"played":[0.2287,0.7713],"evs":[0.0,0.06572]},"J8s":{"weight":1.0,"played":[0.1386,0.8614],"evs":[0.0,0.19032]},"J9s":{"weight":1.0,"played":[0.0011,0.9989],"evs":[0.0,0.15017]},"JTs":{"weight":1.0,"played":[0.0011,0.9989],"evs":[0.0,0.60737]},"JJ":{"weight":1.0,"played":[0.0,1.0],"evs":[0.0,3.08749]},"QJo":{"weight":1.0,"played":[0.3595,0.6405],"evs":[0.0,0.07995]},"KJo":{"weight":1.0,"played":[0.0342,0.9658],"evs":[0.0,0.13289]},"AJo":{"weight":1.0,"played":[0.5283,0.4717],"evs":[0.0,-0.00185]},"Q2s":{"weight":1.0,"played":[0.9942,0.0058],"evs":[0.0,-0.26107]},"Q3s":{"weight":1.0,"played":[0.9317,0.0683],"evs":[0.0,-0.05424]},"Q4s":{"weight":1.0,"played":[0.9986,0.0014],"evs":[0.0,-0.26379]},"Q5s":{"weight":1.0,"played":[0.8472,0.1528],"evs":[0.0,-0.37539]},"Q6s":{"weight":1.0,"played":[0.3024,0.6976],"evs":[0.0,0.08845]},"Q7s":{"weight":1.0,"played":[0.979,0.021],"evs":[0.0,-0.16897]},"Q8s":{"weight":1.0,"played":[0.5988,0.4012],"evs":[0.0,0.09241]},"Q9s":{"weight":1.0,"played":[0.1729,0.8271],"evs":[0.0,0.21922]},"QTs":{"weight":1.0,"played":[0.0017,0.9983],"evs":[0.0,0.54074]},"QJs":{"weight":1.0,"played":[0.0016,0.9984],"evs":[0.0,0.4585]},"QQ":{"weight":1.0,"played":[0.0,1.0],"evs":[0.0,4.12959]},"KQo":{"weight":1.0,"played":[3.0E-4,0.9997],"evs":[0.0,0.12835]},"AQo":{"weight":1.0,"played":[0.0,1.0],"evs":[0.0,0.31489]},"K2s":{"weight":1.0,"played":[0.0696,0.9304],"evs":[0.0,0.02923]},"K3s":{"weight":1.0,"played":[0.9018,0.0982],"evs":[0.0,-0.16098]},"K4s":{"weight":1.0,"played":[0.9609,0.0391],"evs":[0.0,-0.08415]},"K5s":{"weight":1.0,"played":[0.3052,0.6948],"evs":[0.0,0.02833]},"K6s":{"weight":1.0,"played":[0.4148,0.5852],"evs":[0.0,-0.01074]},"K7s":{"weight":1.0,"played":[0.017,0.983],"evs":[0.0,0.27282]},"K8s":{"weight":1.0,"played":[0.0294,0.9706],"evs":[0.0,0.09856]},"K9s":{"weight":1.0,"played":[6.0E-4,0.9994],"evs":[0.0,0.41386]},"KTs":{"weight":1.0,"played":[0.0,1.0],"evs":[0.0,0.59508]},"KJs":{"weight":1.0,"played":[1.0E-4,0.9999],"evs":[0.0,0.99127]},"KQs":{"weight":1.0,"played":[0.0,1.0],"evs":[0.0,0.95855]},"KK":{"weight":1.0,"played":[0.0,1.0],"evs":[0.0,5.68511]},"AKo":{"weight":1.0,"played":[0.0,1.0],"evs":[0.0,1.4716]},"A2s":{"weight":1.0,"played":[0.9656,0.0344],"evs":[0.0,-0.23085]},"A3s":{"weight":1.0,"played":[0.5525,0.4475],"evs":[0.0,-0.20166]},"A4s":{"weight":1.0,"played":[0.4286,0.5714],"evs":[0.0,0.02361]},"A5s":{"weight":1.0,"played":[0.4169,0.5831],"evs":[0.0,0.12165]},"A6s":{"weight":1.0,"played":[0.8546,0.1454],"evs":[0.0,-0.2634]},"A7s":{"weight":1.0,"played":[0.9589,0.0411],"evs":[0.0,-0.66555]},"A8s":{"weight":1.0,"played":[0.9647,0.0353],"evs":[0.0,-0.22071]},"A9s":{"weight":1.0,"played":[0.9493,0.0507],"evs":[0.0,-0.1991]},"ATs":{"weight":1.0,"played":[0.0034,0.9966],"evs":[0.0,0.24735]},"AJs":{"weight":1.0,"played":[1.0E-4,0.9999],"evs":[0.0,0.51389]},"AQs":{"weight":1.0,"played":[0.0,1.0],"evs":[0.0,0.95024]},"AKs":{"weight":1.0,"played":[0.0,1.0],"evs":[0.0,2.07696]},"AA":{"weight":1.0,"played":[0.0,1.0],"evs":[0.0,7.74712]}}}