{"player":6,"street":0,"children":2,"sequence":[{"player":0,"type":"F","amount":0,"street":0},{"player":1,"type":"R","amount":7840000,"street":0},{"player":2,"type":"R","amount":11040000,"street":0},{"player":3,"type":"F","amount":0,"street":0},{"player":4,"type":"R","amount":22240000,"street":0},{"player":5,"type":"C","amount":11360000,"street":0}],"actions":[{"type":"F","amount":0},{"type":"C","amount":19040000}],"hands":{"22":{"weight":1.0,"played":[0.9988,0.0012],"evs":[0.0,-3.16769]},"32o":{"weight":1.0,"played":[1.0,0.0],"evs":[0.0,-4.08994]},"42o":{"weight":1.0,"played":[0.9991,9.0E-4],"evs":[0.0,-3.20055]},"52o":{"weight":1.0,"played":[0.9998,2.0E-4],"evs":[0.0,-3.3704]},"62o":{"weight":1.0,"played":[0.9989,0.0011],"evs":[0.0,-3.38514]},"72o":{"weight":1.0,"played":[0.9976,0.0024],"evs":[0.0,-3.90104]},"82o":{"weight":1.0,"played":[0.9999,1.0E-4],"evs":[0.0,-4.20985]},"92o":{"weight":1.0,"played":[0.9971,0.0029],"evs":[0.0,-3.37804]},"T2o":{"weight":1.0,"played":[1.0,0.0],"evs":[0.0,-3.53313]},"J2o":{"weight":1.0,"played":[0.9975,0.0025],"evs":[0.0,-3.5878]},"Q2o":{"weight":1.0,"played":[0.9978,0.0022],"evs":[0.0,-3.83348]},"K2o":{"weight":1.0,"played":[0.9989,0.0011],"evs":[0.0,-3.91483]},"A2o":{"weight":1.0,"played":[1.0,0.0],"evs":[0.0,-3.64129]},"32s":{"weight":1.0,"played":[1.0,0.0],"evs":[0.0,-3.00013]},"33":{"weight":1.0,"played":[1.0,0.0],"evs":[0.0,-3.3268]},"43o":{"weight":1.0,"played":[0.9968,0.0032],"evs":[0.0,-3.14454]},"53o":{"weight":1.0,"played":[0.9995,5.0E-4],"evs":[0.0,-2.45195]},"63o":{"weight":1.0,"played":[0.9996,4.0E-4],"evs":[0.0,-3.17288]},"73o":{"weight":1.0,"played":[0.9972,0.0028],"evs":[0.0,-3.32997]},"83o":{"weight":1.0,"played":[0.9999,1.0E-4],"evs":[0.0,-3.64288]},"93o":{"weight":1.0,"played":[1.0,0.0],"evs":[0.0,-3.33482]},"T3o":{"weight":1.0,"played":[0.9987,0.0013],"evs":[0.0,-3.44607]},"J3o":{"weight":1.0,"played":[0.9994,6.0E-4],"evs":[0.0,-3.5023]},"Q3o":{"weight":1.0,"played":[0.9998,2.0E-4],"evs":[0.0,-3.97888]},"K3o":{"weight":1.0,"played":[0.9993,7.0E-4],"evs":[0.0,-3.25608]},"A3o":{"weight":1.0,"played":[0.9978,0.0022],"evs":[0.0,-2.32935]},"42s":{"weight":1.0,"played":[0.9714,0.0286],"evs":[0.0,-3.68653]},"43s":{"weight":1.0,"played":[0.9725,0.0275],"evs":[0.0,-2.28113]},"44":{"weight":1.0,"played":[0.9475,0.0525],"evs":[0.0,-2.40406]},"54o":{"weight":1.0,"played":[1.0,0.0],"evs":[0.0,-2.62549]},"64o":{"weight":1.0,"played":[1.0,0.0],"evs":[0.0,-2.32306]},"74o":{"weight":1.0,"played":[0.9942,0.0058],"evs":[0.0,-3.31794]},"84o":{"weight":1.0,"played":[1.0,0.0],"evs":[0.0,-2.80531]},"94o":{"weight":1.0,"played":[1.0,0.0],"evs":[0.0,-3.38625]},"T4o":{"weight":1.0,"played":[1.0,0.0],"evs":[0.0,-2.91206]},"J4o":{"weight":1.0,"played":[0.9995,5.0E-4],"evs":[0.0,-3.22753]},"Q4o":{"weight":1.0,"played":[0.9891,0.0109],"evs":[0.0,-3.53367]},"K4o":{"weight":1.0,"played":[0.9961,0.0039],"evs":[0.0,-2.31703]},"A4o":{"weight":1.0,"played":[0.9996,4.0E-4],"evs":[0.0,-2.76568]},"52s":{"weight":1.0,"played":[0.9828,0.0172],"evs":[0.0,-2.78035]},"53s":{"weight":1.0,"played":[0.9777,0.0223],"evs":[0.0,-2.26308]},"54s":{"weight":1.0,"played":[0.994,0.006],"evs":[0.0,-2.36467]},"55":{"weight":1.0,"played":[0.9728,0.0272],"evs":[0.0,-2.34534]},"65o":{"weight":1.0,"played":[0.9856,0.0144],"evs":[0.0,-2.05849]},"75o":{"weight":1.0,"played":[0.9998,2.0E-4],"evs":[0.0,-1.56951]},"85o":{"weight":1.0,"played":[0.9984,0.0016],"evs":[0.0,-2.7585]},"95o":{"weight":1.0,"played":[0.9963,0.0037],"evs":[0.0,-2.76891]},"T5o":{"weight":1.0,"played":[0.9998,2.0E-4],"evs":[0.0,-3.38492]},"J5o":{"weight":1.0,"played":[1.0,0.0],"evs":[0.0,-2.93344]},"Q5o":{"weight":1.0,"played":[0.9996,4.0E-4],"evs":[0.0,-2.93059]},"K5o":{"weight":1.0,"played":[1.0,0.0],"evs":[0.0,-3.25802]},"A5o":{"weight":1.0,"played":[1.0,0.0],"evs":[0.0,-2.50712]},"62s":{"weight":1.0,"played":[0.9962,0.0038],"evs":[0.0,-3.17529]},"63s":{"weight":1.0,"played":[0.6772,0.3228],"evs":[0.0,-0.59002]},"64s":{"weight":1.0,"played":[0.984,0.016],"evs":[0.0,-2.02277]},"65s":{"weight":1.0,"played":[0.8913,0.1087],"evs":[0.0,-1.81215]},"66":{"weight":1.0,"played":[0.9619,0.0381],"evs":[0.0,-0.99638]},"76o":{"weight":1.0,"played":[0.9985,0.0015],"evs":[0.0,-2.85477]},"86o":{"weight":1.0,"played":[0.9998,2.0E-4],"evs":[0.0,-2.7708]},"96o":{"weight":1.0,"played":[0.9982,0.0018],"evs":[0.0,-3.19867]},"T6o":{"weight":1.0,"played":[0.995,0.005],"evs":[0.0,-3.59822]},"J6o":{"weight":1.0,"played":[0.9919,0.0081],"evs":[0.0,-3.63853]},"Q6o":{"weight":1.0,"played":[0.9995,5.0E-4],"evs":[0.0,-3.01272]},"K6o":{"weight":1.0,"played":[0.9999,1.0E-4],"evs":[0.0,-3.04072]},"A6o":{"weight":1.0,"played":[0.9918,0.0082],"evs":[0.0,-3.60934]},"72s":{"weight":1.0,"played":[0.9905,0.0095],"evs":[0.0,-3.93398]},"73s":{"weight":1.0,"played":[0.9932,0.0068],"evs":[0.0,-2.53117]},"74s":{"weight":1.0,"played":[0.9933,0.0067],"evs":[0.0,-2.25443]},"75s":{"weight":1.0,"played":[0.9923,0.0077],"evs":[0.0,-1.51123]},"76s":{"weight":1.0,"played":[0.9659,0.0341],"evs":[0.0,-1.34939]},"77":{"weight":1.0,"played":[0.81,0.19],"evs":[0.0,-0.1363]},"87o":{"weight":1.0,"played":[0.9823,0.0177],"evs":[0.0,-2.35552]},"97o":{"weight":1.0,"played":[0.9986,0.0014],"evs":[0.0,-2.46579]},"T7o":{"weight":1.0,"played":[0.9997,3.0E-4],"evs":[0.0,-3.54076]},"J7o":{"weight":1.0,"played":[0.9987,0.0013],"evs":[0.0,-3.65801]},"Q7o":{"weight":1.0,"played":[0.9989,0.0011],"evs":[0.0,-3.65993]},"K7o":{"weight":1.0,"played":[0.9997,3.0E-4],"evs":[0.0,-4.06838]},"A7o":{"weight":1.0,"played":[0.9947,0.0053],"evs":[0.0,-3.23941]},"82s":{"weight":1.0,"played":[0.998,0.002],"evs":[0.0,-2.00981]},"83s":{"weight":1.0,"played":[1.0,0.0],"evs":[0.0,-3.46911]},"84s":{"weight":1.0,"played":[0.9984,0.0016],"evs":[0.0,-2.28841]},"85s":{"weight":1.0,"played":[0.9863,0.0137],"evs":[0.0,-1.08012]},"86s":{"weight":1.0,"played":[0.9909,0.0091],"evs":[0.0,-1.33667]},"87s":{"weight":1.0,"played":[0.7374,0.2626],"evs":[0.0,-0.45545]},"88":{"weight":1.0,"played":[0.1003,0.8997],"evs":[0.0,-0.18092]},"98o":{"weight":1.0,"played":[1.0,0.0],"evs":[0.0,-1.86337]},"T8o":{"weight":1.0,"played":[0.9981,0.0019],"evs":[0.0,-2.83952]},"J8o":{"weight":1.0,"played":[0.9997,3.0E-4],"evs":[0.0,-2.29539]},"Q8o":{"weight":1.0,"played":[0.9439,0.0561],"evs":[0.0,-3.23553]},"K8o":{"weight":1.0,"played":[0.9992,8.0E-4],"evs":[0.0,-3.09627]},"A8o":{"weight":1.0,"played":[0.9991,9.0E-4],"evs":[0.0,-3.48914]},"92s":{"weight":1.0,"played":[0.9999,1.0E-4],"evs":[0.0,-2.88333]},"93s":{"weight":1.0,"played":[0.9982,0.0018],"evs":[0.0,-2.54287]},"94s":{"weight":1.0,"played":[0.9914,0.0086],"evs":[0.0,-1.95711]},"95s":{"weight":1.0,"played":[0.9843,0.0157],"evs":[0.0,-2.89931]},"96s":{"weight":1.0,"played":[0.9841,0.0159],"evs":[0.0,-2.16773]},"97s":{"weight":1.0,"played":[0.9952,0.0048],"evs":[0.0,-2.68767]},"98s":{"weight":1.0,"played":[0.1427,0.8573],"evs":[0.0,0.40795]},"99":{"weight":1.0,"played":[0.8794,0.1206],"evs":[0.0,-0.24787]},"T9o":{"weight":1.0,"played":[0.9999,1.0E-4],"evs":[0.0,-3.14998]},"J9o":{"weight":1.0,"played":[0.9999,1.0E-4],"evs":[0.0,-2.50702]},"Q9o":{"weight":1.0,"played":[0.9904,0.0096],"evs":[0.0,-2.83196]},"K9o":{"weight":1.0,"played":[1.0,0.0],"evs":[0.0,-3.262]},"A9o":{"weight":1.0,"played":[0.9659,0.0341],"evs":[0.0,-2.45996]},"T2s":{"weight":1.0,"played":[0.9996,4.0E-4],"evs":[0.0,-1.99113]},"T3s":{"weight":1.0,"played":[0.9663,0.0337],"evs":[0.0,-3.95417]},"T4s":{"weight":1.0,"played":[0.9157,0.0843],"evs":[0.0,-3.24391]},"T5s":{"weight":1.0,"played":[0.9607,0.0393],"evs":[0.0,-2.23038]},"T6s":{"weight":1.0,"played":[0.9882,0.0118],"evs":[0.0,-1.8754]},"T7s":{"weight":1.0,"played":[0.9934,0.0066],"evs":[0.0,-1.69657]},"T8s":{"weight":1.0,"played":[0.9952,0.0048],"evs":[0.0,-1.17895]},"T9s":{"weight":1.0,"played":[0.9801,0.0199],"evs":[0.0,-0.01168]},"TT":{"weight":1.0,"played":[0.234,0.766],"evs":[0.0,1.25502]},"JTo":{"weight":1.0,"played":[0.9985,0.0015],"evs":[0.0,-2.85496]},"QTo":{"weight":1.0,"played":[0.9996,4.0E-4],"evs":[0.0,-2.35729]},"KTo":{"weight":1.0,"played":[0.9563,0.0437],"evs":[0.0,-2.26654]},"ATo":{"weight":1.0,"played":[0.9846,0.0154],"evs":[0.0,-3.49368]},"J2s":{"weight":1.0,"played":[0.9986,0.0014],"evs":[0.0,-2.23187]},"J3s":{"weight":1.0,"played":[0.998,0.002],"evs":[0.0,-4.10055]},"J4s":{"weight":1.0,"played":[0.9969,0.0031],"evs":[0.0,-3.15263]},"J5s":{"weight":1.0,"played":[0.9678,0.0322],"evs":[0.0,-2.73168]},"J6s":{"weight":1.0,"played":[0.9997,3.0E-4],"evs":[0.0,-1.08613]},"J7s":{"weight":1.0,"played":[0.8902,0.1098],"evs":[0.0,-2.37608]},"J8s":{"weight":1.0,"played":[0.9174,0.0826],"evs":[0.0,-2.28341]},"J9s":{"weight":1.0,"played":[0.9997,3.0E-4],"evs":[0.0,-2.10573]},"JTs":{"weight":1.0,"played":[0.933,0.067],"evs":[0.0,-1.21495]},"JJ":{"weight":1.0,"played":[0.0208,0.9792],"evs":[0.0,2.99209]},"QJo":{"weight":1.0,"played":[0.9978,0.0022],"evs":[0.0,-2.02768]},"KJo":{"weight":1.0,"played":[0.9994,6.0E-4],"evs":[0.0,-3.44033]},"AJo":{"weight":1.0,"played":[0.9983,0.0017],"evs":[0.0,-2.07859]},"Q2s":{"weight":1.0,"played":[0.9913,0.0087],"evs":[0.0,-2.20151]},"Q3s":{"weight":1.0,"played":[0.9738,0.0262],"evs":[0.0,-3.43583]},"Q4s":{"weight":1.0,"played":[1.0,0.0],"evs":[0.0,-1.1288]},"Q5s":{"weight":1.0,"played":[0.9984,0.0016],"evs":[0.0,-3.11543]},"Q6s":{"weight":1.0,"played":[0.9744,0.0256],"evs":[0.0,-2.79115]},"Q7s":{"weight":1.0,"played":[0.8381,0.1619],"evs":[0.0,-0.85386]},"Q8s":{"weight":1.0,"played":[0.9783,0.0217],"evs":[0.0,-2.03064]},"Q9s":{"weight":1.0,"played":[0.9321,0.0679],"evs":[0.0,-0.27864]},"QTs":{"weight":1.0,"played":[0.652,0.348],"evs":[0.0,0.09445]},"QJs":{"weight":1.0,"played":[0.9112,0.0888],"evs":[0.0,-1.53933]},"QQ":{"weight":1.0,"played":[0.0,1.0],"evs":[0.0,5.29083]},"KQo":{"weight":1.0,"played":[0.9957,0.0043],"evs":[0.0,-2.38598]},"AQo":{"weight":1.0,"played":[0.9511,0.0489],"evs":[0.0,-1.04272]},"K2s":{"weight":1.0,"played":[0.9259,0.0741],"evs":[0.0,-3.85161]},"K3s":{"weight":1.0,"played":[0.6609,0.3391],"evs":[0.0,-2.77402]},"K4s":{"weight":1.0,"played":[0.5523,0.4477],"evs":[0.0,0.24527]},"K5s":{"weight":1.0,"played":[0.949,0.051],"evs":[0.0,-1.7475]},"K6s":{"weight":1.0,"played":[0.9844,0.0156],"evs":[0.0,-2.00627]},"K7s":{"weight":1.0,"played":[0.9907,0.0093],"evs":[0.0,-3.29113]},"K8s":{"weight":1.0,"played":[0.9865,0.0135],"evs":[0.0,-3.48716]},"K9s":{"weight":1.0,"played":[0.9545,0.0455],"evs":[0.0,-2.3299]},"KTs":{"weight":1.0,"played":[0.9925,0.0075],"evs":[0.0,-0.86755]},"KJs":{"weight":1.0,"played":[0.8547,0.1453],"evs":[0.0,-1.50775]},"KQs":{"weight":1.0,"played":[0.9993,7.0E-4],"evs":[0.0,-0.81767]},"KK":{"weight":1.0,"played":[0.0,1.0],"evs":[0.0,6.50076]},"AKo":{"weight":1.0,"played":[0.8619,0.1381],"evs":[0.0,-0.14012]},"A2s":{"weight":1.0,"played":[0.974,0.026],"evs":[0.0,-0.15257]},"A3s":{"weight":1.0,"played":[0.9391,0.0609],"evs":[0.0,-2.65313]},"A4s":{"weight":1.0,"played":[0.9853,0.0147],"evs":[0.0,-2.47812]},"A5s":{"weight":1.0,"played":[0.99,0.01],"evs":[0.0,0.19714]},"A6s":{"weight":1.0,"played":[0.9508,0.0492],"evs":[0.0,-2.48119]},"A7s":{"weight":1.0,"played":[0.9979,0.0021],"evs":[0.0,-2.58286]},"A8s":{"weight":1.0,"played":[0.9974,0.0026],"evs":[0.0,-1.59295]},"A9s":{"weight":1.0,"played":[0.9886,0.0114],"evs":[0.0,-1.17135]},"ATs":{"weight":1.0,"played":[0.808,0.192],"evs":[0.0,-0.48333]},"AJs":{"weight":1.0,"played":[0.943,0.057],"evs":[0.0,-0.93223]},"AQs":{"weight":1.0,"played":[0.9996,4.0E-4],"evs":[0.0,-3.05126]},"AKs":{"weight":1.0,"played":[0.6942,0.3058],"evs":[0.0,-1.27831]},"AA":{"weight":1.0,"played":[0.0,1.0],"evs":[0.0,8.14362]}}}