{"player":6,"street":0,"children":2,"sequence":[{"player":0,"type":"F","amount":0,"street":0},{"player":1,"type":"R","amount":7840000,"street":0},{"player":2,"type":"R","amount":11040000,"street":0},{"player":3,"type":"R","amount":35040000,"street":0},{"player":4,"type":"F","amount":0,"street":0},{"player":5,"type":"F","amount":0,"street":0}],"actions":[{"type":"F","amount":0},{"type":"C","amount":19040000}],"hands":{"22":{"weight":1.0,"played":[1.0,0.0],"evs":[0.0,-2.56168]},"32o":{"weight":1.0,"played":[1.0,0.0],"evs":[0.0,-4.28122]},"42o":{"weight":1.0,"played":[1.0,0.0],"evs":[0.0,-4.13671]},"52o":{"weight":1.0,"played":[1.0,0.0],"evs":[0.0,-4.03342]},"62o":{"weight":1.0,"played":[1.0,0.0],"evs":[0.0,-4.28329]},"72o":{"weight":1.0,"played":[1.0,0.0],"evs":[0.0,-4.52795]},"82o":{"weight":1.0,"played":[1.0,0.0],"evs":[0.0,-4.34721]},"92o":{"weight":1.0,"played":[1.0,0.0],"evs":[0.0,-4.15472]},"T2o":{"weight":1.0,"played":[1.0,0.0],"evs":[0.0,-4.14116]},"J2o":{"weight":1.0,"played":[1.0,0.0],"evs":[0.0,-4.16867]},"Q2o":{"weight":1.0,"played":[1.0,0.0],"evs":[0.0,-4.26]},"K2o":{"weight":1.0,"played":[1.0,0.0],"evs":[0.0,-3.85437]},"A2o":{"weight":1.0,"played":[1.0,0.0],"evs":[0.0,-3.95038]},"32s":{"weight":1.0,"played":[1.0,0.0],"evs":[0.0,-3.47463]},"33":{"weight":1.0,"played":[1.0,0.0],"evs":[0.0,-2.75992]},"43o":{"weight":1.0,"played":[1.0,0.0],"evs":[0.0,-3.88192]},"53o":{"weight":1.0,"played":[1.0,0.0],"evs":[0.0,-3.92704]},"63o":{"weight":1.0,"played":[1.0,0.0],"evs":[0.0,-3.83716]},"73o":{"weight":1.0,"played":[1.0,0.0],"evs":[0.0,-4.15494]},"83o":{"weight":1.0,"played":[1.0,0.0],"evs":[0.0,-4.24715]},"93o":{"weight":1.0,"played":[1.0,0.0],"evs":[0.0,-4.11333]},"T3o":{"weight":1.0,"played":[1.0,0.0],"evs":[0.0,-4.08765]},"J3o":{"weight":1.0,"played":[1.0,0.0],"evs":[0.0,-4.0858]},"Q3o":{"weight":1.0,"played":[1.0,0.0],"evs":[0.0,-4.09981]},"K3o":{"weight":1.0,"played":[1.0,0.0],"evs":[0.0,-3.97205]},"A3o":{"weight":1.0,"played":[1.0,0.0],"evs":[0.0,-3.87638]},"42s":{"weight":1.0,"played":[1.0,0.0],"evs":[0.0,-3.43143]},"43s":{"weight":1.0,"played":[1.0,0.0],"evs":[0.0,-2.87693]},"44":{"weight":1.0,"played":[1.0,0.0],"evs":[0.0,-2.38437]},"54o":{"weight":1.0,"played":[1.0,0.0],"evs":[0.0,-3.23943]},"64o":{"weight":1.0,"played":[1.0,0.0],"evs":[0.0,-3.50688]},"74o":{"weight":1.0,"played":[1.0,0.0],"evs":[0.0,-3.80989]},"84o":{"weight":1.0,"played":[1.0,0.0],"evs":[0.0,-4.07634]},"94o":{"weight":1.0,"played":[1.0,0.0],"evs":[0.0,-3.96553]},"T4o":{"weight":1.0,"played":[1.0,0.0],"evs":[0.0,-4.13822]},"J4o":{"weight":1.0,"played":[1.0,0.0],"evs":[0.0,-3.9788]},"Q4o":{"weight":1.0,"played":[1.0,0.0],"evs":[0.0,-3.9932]},"K4o":{"weight":1.0,"played":[1.0,0.0],"evs":[0.0,-3.71423]},"A4o":{"weight":1.0,"played":[1.0,0.0],"evs":[0.0,-3.4167]},"52s":{"weight":1.0,"played":[0.9999,1.0E-4],"evs":[0.0,-3.21765]},"53s":{"weight":1.0,"played":[1.0,0.0],"evs":[0.0,-2.83882]},"54s":{"weight":1.0,"played":[0.9997,3.0E-4],"evs":[0.0,-2.61973]},"55":{"weight":1.0,"played":[1.0,0.0],"evs":[0.0,-2.19279]},"65o":{"weight":1.0,"played":[1.0,0.0],"evs":[0.0,-3.22973]},"75o":{"weight":1.0,"played":[1.0,0.0],"evs":[0.0,-3.32395]},"85o":{"weight":1.0,"played":[1.0,0.0],"evs":[0.0,-3.79964]},"95o":{"weight":1.0,"played":[1.0,0.0],"evs":[0.0,-3.74606]},"T5o":{"weight":1.0,"played":[1.0,0.0],"evs":[0.0,-4.00221]},"J5o":{"weight":1.0,"played":[1.0,0.0],"evs":[0.0,-3.91682]},"Q5o":{"weight":1.0,"played":[1.0,0.0],"evs":[0.0,-3.76126]},"K5o":{"weight":1.0,"played":[1.0,0.0],"evs":[0.0,-3.57658]},"A5o":{"weight":1.0,"played":[1.0,0.0],"evs":[0.0,-3.43984]},"62s":{"weight":1.0,"played":[1.0,0.0],"evs":[0.0,-3.42785]},"63s":{"weight":1.0,"played":[1.0,0.0],"evs":[0.0,-3.42248]},"64s":{"weight":1.0,"played":[1.0,0.0],"evs":[0.0,-2.49328]},"65s":{"weight":1.0,"played":[1.0,0.0],"evs":[0.0,-2.35073]},"66":{"weight":1.0,"played":[0.9998,2.0E-4],"evs":[0.0,-1.82673]},"76o":{"weight":1.0,"played":[1.0,0.0],"evs":[0.0,-3.20022]},"86o":{"weight":1.0,"played":[1.0,0.0],"evs":[0.0,-3.56455]},"96o":{"weight":1.0,"played":[1.0,0.0],"evs":[0.0,-3.48443]},"T6o":{"weight":1.0,"played":[1.0,0.0],"evs":[0.0,-3.82891]},"J6o":{"weight":1.0,"played":[1.0,0.0],"evs":[0.0,-3.85951]},"Q6o":{"weight":1.0,"played":[1.0,0.0],"evs":[0.0,-3.8301]},"K6o":{"weight":1.0,"played":[1.0,0.0],"evs":[0.0,-3.5376]},"A6o":{"weight":1.0,"played":[1.0,0.0],"evs":[0.0,-3.84565]},"72s":{"weight":1.0,"played":[1.0,0.0],"evs":[0.0,-3.85159]},"73s":{"weight":1.0,"played":[1.0,0.0],"evs":[0.0,-3.38141]},"74s":{"weight":1.0,"played":[1.0,0.0],"evs":[0.0,-3.12524]},"75s":{"weight":1.0,"played":[1.0,0.0],"evs":[0.0,-2.84116]},"76s":{"weight":1.0,"played":[1.0,0.0],"evs":[0.0,-2.44276]},"77":{"weight":1.0,"played":[0.9999,1.0E-4],"evs":[0.0,-1.20045]},"87o":{"weight":1.0,"played":[1.0,0.0],"evs":[0.0,-3.21912]},"97o":{"weight":1.0,"played":[1.0,0.0],"evs":[0.0,-3.36618]},"T7o":{"weight":1.0,"played":[1.0,0.0],"evs":[0.0,-3.43219]},"J7o":{"weight":1.0,"played":[1.0,0.0],"evs":[0.0,-3.6698]},"Q7o":{"weight":1.0,"played":[1.0,0.0],"evs":[0.0,-3.77501]},"K7o":{"weight":1.0,"played":[1.0,0.0],"evs":[0.0,-3.46827]},"A7o":{"weight":1.0,"played":[1.0,0.0],"evs":[0.0,-3.72186]},"82s":{"weight":1.0,"played":[1.0,0.0],"evs":[0.0,-3.69313]},"83s":{"weight":1.0,"played":[1.0,0.0],"evs":[0.0,-3.47002]},"84s":{"weight":1.0,"played":[1.0,0.0],"evs":[0.0,-3.18543]},"85s":{"weight":1.0,"played":[1.0,0.0],"evs":[0.0,-2.87472]},"86s":{"weight":1.0,"played":[1.0,0.0],"evs":[0.0,-2.48722]},"87s":{"weight":1.0,"played":[1.0,0.0],"evs":[0.0,-1.94792]},"88":{"weight":1.0,"played":[0.9981,0.0019],"evs":[0.0,-0.68038]},"98o":{"weight":1.0,"played":[1.0,0.0],"evs":[0.0,-3.09878]},"T8o":{"weight":1.0,"played":[1.0,0.0],"evs":[0.0,-3.1268]},"J8o":{"weight":1.0,"played":[1.0,0.0],"evs":[0.0,-3.15943]},"Q8o":{"weight":1.0,"played":[1.0,0.0],"evs":[0.0,-3.5318]},"K8o":{"weight":1.0,"played":[1.0,0.0],"evs":[0.0,-3.34311]},"A8o":{"weight":1.0,"played":[1.0,0.0],"evs":[0.0,-3.63876]},"92s":{"weight":1.0,"played":[1.0,0.0],"evs":[0.0,-3.48994]},"93s":{"weight":1.0,"played":[1.0,0.0],"evs":[0.0,-3.27841]},"94s":{"weight":1.0,"played":[1.0,0.0],"evs":[0.0,-3.40187]},"95s":{"weight":1.0,"played":[1.0,0.0],"evs":[0.0,-2.9919]},"96s":{"weight":1.0,"played":[1.0,0.0],"evs":[0.0,-2.81568]},"97s":{"weight":1.0,"played":[0.9999,1.0E-4],"evs":[0.0,-2.51259]},"98s":{"weight":1.0,"played":[1.0,0.0],"evs":[0.0,-2.37708]},"99":{"weight":1.0,"played":[0.0368,0.9632],"evs":[0.0,0.09126]},"T9o":{"weight":1.0,"played":[1.0,0.0],"evs":[0.0,-2.77161]},"J9o":{"weight":1.0,"played":[1.0,0.0],"evs":[0.0,-2.84127]},"Q9o":{"weight":1.0,"played":[1.0,0.0],"evs":[0.0,-3.30385]},"K9o":{"weight":1.0,"played":[1.0,0.0],"evs":[0.0,-3.04205]},"A9o":{"weight":1.0,"played":[1.0,0.0],"evs":[0.0,-3.46279]},"T2s":{"weight":1.0,"played":[1.0,0.0],"evs":[0.0,-3.40651]},"T3s":{"weight":1.0,"played":[1.0,0.0],"evs":[0.0,-3.45413]},"T4s":{"weight":1.0,"played":[1.0,0.0],"evs":[0.0,-3.04583]},"T5s":{"weight":1.0,"played":[1.0,0.0],"evs":[0.0,-3.0705]},"T6s":{"weight":1.0,"played":[1.0,0.0],"evs":[0.0,-2.89857]},"T7s":{"weight":1.0,"played":[1.0,0.0],"evs":[0.0,-2.78151]},"T8s":{"weight":1.0,"played":[0.9997,3.0E-4],"evs":[0.0,-2.11505]},"T9s":{"weight":1.0,"played":[1.0,0.0],"evs":[0.0,-2.35809]},"TT":{"weight":1.0,"played":[1.0E-4,0.9999],"evs":[0.0,1.01337]},"JTo":{"weight":1.0,"played":[1.0,0.0],"evs":[0.0,-2.48527]},"QTo":{"weight":1.0,"played":[1.0,0.0],"evs":[0.0,-2.89699]},"KTo":{"weight":1.0,"played":[0.9999,1.0E-4],"evs":[0.0,-2.6189]},"ATo":{"weight":1.0,"played":[1.0,0.0],"evs":[0.0,-2.67132]},"J2s":{"weight":1.0,"played":[1.0,0.0],"evs":[0.0,-3.34354]},"J3s":{"weight":1.0,"played":[1.0,0.0],"evs":[0.0,-3.04478]},"J4s":{"weight":1.0,"played":[1.0,0.0],"evs":[0.0,-3.19452]},"J5s":{"weight":1.0,"played":[1.0,0.0],"evs":[0.0,-3.25379]},"J6s":{"weight":1.0,"played":[1.0,0.0],"evs":[0.0,-3.08316]},"J7s":{"weight":1.0,"played":[0.9999,1.0E-4],"evs":[0.0,-2.4619]},"J8s":{"weight":1.0,"played":[1.0,0.0],"evs":[0.0,-2.49319]},"J9s":{"weight":1.0,"played":[0.9999,1.0E-4],"evs":[0.0,-2.21024]},"JTs":{"weight":1.0,"played":[0.9983,0.0017],"evs":[0.0,-2.01317]},"JJ":{"weight":1.0,"played":[0.0,1.0],"evs":[0.0,1.78689]},"QJo":{"weight":1.0,"played":[1.0,0.0],"evs":[0.0,-2.80379]},"KJo":{"weight":1.0,"played":[1.0,0.0],"evs":[0.0,-2.4224]},"AJo":{"weight":1.0,"played":[1.0,0.0],"evs":[0.0,-2.65226]},"Q2s":{"weight":1.0,"played":[0.9999,1.0E-4],"evs":[0.0,-3.12814]},"Q3s":{"weight":1.0,"played":[1.0,0.0],"evs":[0.0,-3.36919]},"Q4s":{"weight":1.0,"played":[1.0,0.0],"evs":[0.0,-3.02919]},"Q5s":{"weight":1.0,"played":[1.0,0.0],"evs":[0.0,-3.16139]},"Q6s":{"weight":1.0,"played":[1.0,0.0],"evs":[0.0,-2.85145]},"Q7s":{"weight":1.0,"played":[1.0,0.0],"evs":[0.0,-3.28221]},"Q8s":{"weight":1.0,"played":[1.0,0.0],"evs":[0.0,-2.79661]},"Q9s":{"weight":1.0,"played":[1.0,0.0],"evs":[0.0,-2.19731]},"QTs":{"weight":1.0,"played":[0.9999,1.0E-4],"evs":[0.0,-2.11182]},"QJs":{"weight":1.0,"played":[1.0,0.0],"evs":[0.0,-2.0942]},"QQ":{"weight":1.0,"played":[0.0,1.0],"evs":[0.0,3.63158]},"KQo":{"weight":1.0,"played":[0.9999,1.0E-4],"evs":[0.0,-2.25447]},"AQo":{"weight":1.0,"played":[1.0,0.0],"evs":[0.0,-1.51398]},"K2s":{"weight":1.0,"played":[0.9999,1.0E-4],"evs":[0.0,-3.01781]},"K3s":{"weight":1.0,"played":[1.0,0.0],"evs":[0.0,-3.00244]},"K4s":{"weight":1.0,"played":[1.0,0.0],"evs":[0.0,-2.78592]},"K5s":{"weight":1.0,"played":[0.9999,1.0E-4],"evs":[0.0,-2.59357]},"K6s":{"weight":1.0,"played":[1.0,0.0],"evs":[0.0,-2.65017]},"K7s":{"weight":1.0,"played":[0.9992,8.0E-4],"evs":[0.0,-2.59859]},"K8s":{"weight":1.0,"played":[0.9999,1.0E-4],"evs":[0.0,-2.58259]},"K9s":{"weight":1.0,"played":[0.9998,2.0E-4],"evs":[0.0,-2.39105]},"KTs":{"weight":1.0,"played":[1.0,0.0],"evs":[0.0,-1.8879]},"KJs":{"weight":1.0,"played":[0.9999,1.0E-4],"evs":[0.0,-1.45471]},"KQs":{"weight":1.0,"played":[0.9999,1.0E-4],"evs":[0.0,-1.39261]},"KK":{"weight":1.0,"played":[0.0,1.0],"evs":[0.0,5.0964]},"AKo":{"weight":1.0,"played":[0.996,0.004],"evs":[0.0,-0.50301]},"A2s":{"weight":1.0,"played":[1.0,0.0],"evs":[0.0,-2.87197]},"A3s":{"weight":1.0,"played":[1.0,0.0],"evs":[0.0,-2.73395]},"A4s":{"weight":1.0,"played":[1.0,0.0],"evs":[0.0,-2.84159]},"A5s":{"weight":1.0,"played":[0.9999,1.0E-4],"evs":[0.0,-2.6632]},"A6s":{"weight":1.0,"played":[0.9998,2.0E-4],"evs":[0.0,-2.92453]},"A7s":{"weight":1.0,"played":[0.9999,1.0E-4],"evs":[0.0,-3.02944]},"A8s":{"weight":1.0,"played":[0.9999,1.0E-4],"evs":[0.0,-2.64155]},"A9s":{"weight":1.0,"played":[0.9998,2.0E-4],"evs":[0.0,-2.50219]},"ATs":{"weight":1.0,"played":[0.9998,2.0E-4],"evs":[0.0,-1.95163]},"AJs":{"weight":1.0,"played":[0.9991,9.0E-4],"evs":[0.0,-1.88996]},"AQs":{"weight":1.0,"played":[0.9976,0.0024],"evs":[0.0,-0.78197]},"AKs":{"weight":1.0,"played":[0.0,1.0],"evs":[0.0,0.51558]},"AA":{"weight":1.0,"played":[0.0,1.0],"evs":[0.0,7.25558]}}}