{"player":6,"street":0,"children":2,"sequence":[{"player":0,"type":"F","amount":0,"street":0},{"player":1,"type":"R","amount":7840000,"street":0},{"player":2,"type":"R","amount":11040000,"street":0},{"player":3,"type":"R","amount":35040000,"street":0},{"player":4,"type":"F","amount":0,"street":0},{"player":5,"type":"C","amount":11360000,"street":0}],"actions":[{"type":"F","amount":0},{"type":"C","amount":19040000}],"hands":{"22":{"weight":1.0,"played":[0.9831,0.0169],"evs":[0.0,-2.71366]},"32o":{"weight":1.0,"played":[0.9972,0.0028],"evs":[0.0,-4.30438]},"42o":{"weight":1.0,"played":[0.9988,0.0012],"evs":[0.0,-2.93585]},"52o":{"weight":1.0,"played":[0.9997,3.0E-4],"evs":[0.0,-3.04793]},"62o":{"weight":1.0,"played":[0.9998,2.0E-4],"evs":[0.0,-3.35043]},"72o":{"weight":1.0,"played":[0.9999,1.0E-4],"evs":[0.0,-3.57942]},"82o":{"weight":1.0,"played":[0.9997,3.0E-4],"evs":[0.0,-3.26585]},"92o":{"weight":1.0,"played":[1.0,0.0],"evs":[0.0,-3.11694]},"T2o":{"weight":1.0,"played":[0.9994,6.0E-4],"evs":[0.0,-3.41395]},"J2o":{"weight":1.0,"played":[0.9987,0.0013],"evs":[0.0,-4.56833]},"Q2o":{"weight":1.0,"played":[0.9983,0.0017],"evs":[0.0,-3.68114]},"K2o":{"weight":1.0,"played":[0.9974,0.0026],"evs":[0.0,-3.11818]},"A2o":{"weight":1.0,"played":[0.994,0.006],"evs":[0.0,-3.77474]},"32s":{"weight":1.0,"played":[0.9973,0.0027],"evs":[0.0,-1.8542]},"33":{"weight":1.0,"played":[0.9986,0.0014],"evs":[0.0,-0.87919]},"43o":{"weight":1.0,"played":[0.9993,7.0E-4],"evs":[0.0,-3.48848]},"53o":{"weight":1.0,"played":[0.9964,0.0036],"evs":[0.0,-2.11009]},"63o":{"weight":1.0,"played":[0.9904,0.0096],"evs":[0.0,-2.57041]},"73o":{"weight":1.0,"played":[0.9984,0.0016],"evs":[0.0,-3.46445]},"83o":{"weight":1.0,"played":[0.9998,2.0E-4],"evs":[0.0,-3.70921]},"93o":{"weight":1.0,"played":[1.0,0.0],"evs":[0.0,-3.50849]},"T3o":{"weight":1.0,"played":[0.9945,0.0055],"evs":[0.0,-2.98115]},"J3o":{"weight":1.0,"played":[0.9997,3.0E-4],"evs":[0.0,-3.77473]},"Q3o":{"weight":1.0,"played":[0.9975,0.0025],"evs":[0.0,-3.54423]},"K3o":{"weight":1.0,"played":[0.9954,0.0046],"evs":[0.0,-3.4777]},"A3o":{"weight":1.0,"played":[0.9994,6.0E-4],"evs":[0.0,-3.16764]},"42s":{"weight":1.0,"played":[0.9993,7.0E-4],"evs":[0.0,-1.84988]},"43s":{"weight":1.0,"played":[0.9913,0.0087],"evs":[0.0,-1.5678]},"44":{"weight":1.0,"played":[0.8121,0.1879],"evs":[0.0,-1.64973]},"54o":{"weight":1.0,"played":[0.999,0.001],"evs":[0.0,-2.07805]},"64o":{"weight":1.0,"played":[0.9986,0.0014],"evs":[0.0,-3.01059]},"74o":{"weight":1.0,"played":[0.999,0.001],"evs":[0.0,-1.78727]},"84o":{"weight":1.0,"played":[0.9998,2.0E-4],"evs":[0.0,-3.93506]},"94o":{"weight":1.0,"played":[0.9999,1.0E-4],"evs":[0.0,-4.16641]},"T4o":{"weight":1.0,"played":[0.9973,0.0027],"evs":[0.0,-3.67935]},"J4o":{"weight":1.0,"played":[0.9959,0.0041],"evs":[0.0,-3.05634]},"Q4o":{"weight":1.0,"played":[0.9987,0.0013],"evs":[0.0,-2.93069]},"K4o":{"weight":1.0,"played":[1.0,0.0],"evs":[0.0,-2.73759]},"A4o":{"weight":1.0,"played":[0.9994,6.0E-4],"evs":[0.0,-3.4151]},"52s":{"weight":1.0,"played":[0.9995,5.0E-4],"evs":[0.0,-2.00761]},"53s":{"weight":1.0,"played":[0.9999,1.0E-4],"evs":[0.0,-0.39215]},"54s":{"weight":1.0,"played":[0.9994,6.0E-4],"evs":[0.0,-3.31246]},"55":{"weight":1.0,"played":[0.9829,0.0171],"evs":[0.0,-2.22548]},"65o":{"weight":1.0,"played":[0.9947,0.0053],"evs":[0.0,-3.06458]},"75o":{"weight":1.0,"played":[0.9999,1.0E-4],"evs":[0.0,-2.79185]},"85o":{"weight":1.0,"played":[0.986,0.014],"evs":[0.0,-2.81]},"95o":{"weight":1.0,"played":[0.9998,2.0E-4],"evs":[0.0,-2.71908]},"T5o":{"weight":1.0,"played":[0.9998,2.0E-4],"evs":[0.0,-3.76175]},"J5o":{"weight":1.0,"played":[0.9992,8.0E-4],"evs":[0.0,-3.54866]},"Q5o":{"weight":1.0,"played":[0.9998,2.0E-4],"evs":[0.0,-3.95953]},"K5o":{"weight":1.0,"played":[0.9985,0.0015],"evs":[0.0,-3.41802]},"A5o":{"weight":1.0,"played":[0.9998,2.0E-4],"evs":[0.0,-3.20381]},"62s":{"weight":1.0,"played":[0.9987,0.0013],"evs":[0.0,-2.26498]},"63s":{"weight":1.0,"played":[0.9998,2.0E-4],"evs":[0.0,-2.27634]},"64s":{"weight":1.0,"played":[1.0,0.0],"evs":[0.0,-3.3814]},"65s":{"weight":1.0,"played":[0.8088,0.1912],"evs":[0.0,-1.40692]},"66":{"weight":1.0,"played":[0.986,0.014],"evs":[0.0,-1.79794]},"76o":{"weight":1.0,"played":[0.997,0.003],"evs":[0.0,-2.45313]},"86o":{"weight":1.0,"played":[0.9878,0.0122],"evs":[0.0,-2.61219]},"96o":{"weight":1.0,"played":[0.9824,0.0176],"evs":[0.0,-2.62702]},"T6o":{"weight":1.0,"played":[0.9999,1.0E-4],"evs":[0.0,-3.20615]},"J6o":{"weight":1.0,"played":[0.9982,0.0018],"evs":[0.0,-3.5302]},"Q6o":{"weight":1.0,"played":[0.9993,7.0E-4],"evs":[0.0,-3.45618]},"K6o":{"weight":1.0,"played":[0.9967,0.0033],"evs":[0.0,-2.90482]},"A6o":{"weight":1.0,"played":[0.9992,8.0E-4],"evs":[0.0,-4.09411]},"72s":{"weight":1.0,"played":[1.0,0.0],"evs":[0.0,-1.73545]},"73s":{"weight":1.0,"played":[0.989,0.011],"evs":[0.0,-1.5812]},"74s":{"weight":1.0,"played":[0.995,0.005],"evs":[0.0,-3.86154]},"75s":{"weight":1.0,"played":[0.9564,0.0436],"evs":[0.0,-3.41531]},"76s":{"weight":1.0,"played":[1.0,0.0],"evs":[0.0,-1.23752]},"77":{"weight":1.0,"played":[0.5052,0.4948],"evs":[0.0,-0.27748]},"87o":{"weight":1.0,"played":[0.949,0.051],"evs":[0.0,-1.98556]},"97o":{"weight":1.0,"played":[0.999,0.001],"evs":[0.0,-3.66011]},"T7o":{"weight":1.0,"played":[0.9999,1.0E-4],"evs":[0.0,-3.39701]},"J7o":{"weight":1.0,"played":[1.0,0.0],"evs":[0.0,-3.04866]},"Q7o":{"weight":1.0,"played":[0.9972,0.0028],"evs":[0.0,-3.22683]},"K7o":{"weight":1.0,"played":[0.9977,0.0023],"evs":[0.0,-2.74929]},"A7o":{"weight":1.0,"played":[1.0,0.0],"evs":[0.0,-2.36841]},"82s":{"weight":1.0,"played":[0.9973,0.0027],"evs":[0.0,-3.4833]},"83s":{"weight":1.0,"played":[0.9734,0.0266],"evs":[0.0,-1.27508]},"84s":{"weight":1.0,"played":[0.9068,0.0932],"evs":[0.0,-1.17996]},"85s":{"weight":1.0,"played":[0.986,0.014],"evs":[0.0,-3.72227]},"86s":{"weight":1.0,"played":[0.9962,0.0038],"evs":[0.0,-1.48707]},"87s":{"weight":1.0,"played":[0.9687,0.0313],"evs":[0.0,-2.01703]},"88":{"weight":1.0,"played":[0.5371,0.4629],"evs":[0.0,0.13742]},"98o":{"weight":1.0,"played":[0.9996,4.0E-4],"evs":[0.0,-2.19872]},"T8o":{"weight":1.0,"played":[0.9945,0.0055],"evs":[0.0,-2.51663]},"J8o":{"weight":1.0,"played":[0.993,0.007],"evs":[0.0,-3.46235]},"Q8o":{"weight":1.0,"played":[0.9993,7.0E-4],"evs":[0.0,-4.23315]},"K8o":{"weight":1.0,"played":[0.9971,0.0029],"evs":[0.0,-3.15007]},"A8o":{"weight":1.0,"played":[0.9985,0.0015],"evs":[0.0,-3.61829]},"92s":{"weight":1.0,"played":[0.9895,0.0105],"evs":[0.0,-2.14892]},"93s":{"weight":1.0,"played":[0.9983,0.0017],"evs":[0.0,-2.78343]},"94s":{"weight":1.0,"played":[0.9715,0.0285],"evs":[0.0,-2.45506]},"95s":{"weight":1.0,"played":[0.9647,0.0353],"evs":[0.0,-1.82306]},"96s":{"weight":1.0,"played":[0.9961,0.0039],"evs":[0.0,-1.94723]},"97s":{"weight":1.0,"played":[0.515,0.485],"evs":[0.0,0.10895]},"98s":{"weight":1.0,"played":[0.9976,0.0024],"evs":[0.0,-2.36898]},"99":{"weight":1.0,"played":[0.9983,0.0017],"evs":[0.0,-0.48617]},"T9o":{"weight":1.0,"played":[0.9998,2.0E-4],"evs":[0.0,-3.43758]},"J9o":{"weight":1.0,"played":[0.9998,2.0E-4],"evs":[0.0,-3.28126]},"Q9o":{"weight":1.0,"played":[0.997,0.003],"evs":[0.0,-3.71089]},"K9o":{"weight":1.0,"played":[0.9952,0.0048],"evs":[0.0,-2.96039]},"A9o":{"weight":1.0,"played":[0.9967,0.0033],"evs":[0.0,-3.29813]},"T2s":{"weight":1.0,"played":[0.9477,0.0523],"evs":[0.0,-2.92597]},"T3s":{"weight":1.0,"played":[0.9975,0.0025],"evs":[0.0,-2.4593]},"T4s":{"weight":1.0,"played":[0.9921,0.0079],"evs":[0.0,-2.5775]},"T5s":{"weight":1.0,"played":[0.998,0.002],"evs":[0.0,-2.90495]},"T6s":{"weight":1.0,"played":[0.9835,0.0165],"evs":[0.0,-1.42999]},"T7s":{"weight":1.0,"played":[1.0,0.0],"evs":[0.0,-2.26937]},"T8s":{"weight":1.0,"played":[0.8822,0.1178],"evs":[0.0,-1.30869]},"T9s":{"weight":1.0,"played":[0.9974,0.0026],"evs":[0.0,-2.36708]},"TT":{"weight":1.0,"played":[0.6756,0.3244],"evs":[0.0,0.5174]},"JTo":{"weight":1.0,"played":[0.9855,0.0145],"evs":[0.0,-2.67549]},"QTo":{"weight":1.0,"played":[0.9984,0.0016],"evs":[0.0,-3.24807]},"KTo":{"weight":1.0,"played":[0.9848,0.0152],"evs":[0.0,-2.77145]},"ATo":{"weight":1.0,"played":[0.9965,0.0035],"evs":[0.0,-2.66999]},"J2s":{"weight":1.0,"played":[0.9987,0.0013],"evs":[0.0,-2.43588]},"J3s":{"weight":1.0,"played":[0.9838,0.0162],"evs":[0.0,-3.32579]},"J4s":{"weight":1.0,"played":[0.9162,0.0838],"evs":[0.0,-1.34408]},"J5s":{"weight":1.0,"played":[0.9851,0.0149],"evs":[0.0,-4.49167]},"J6s":{"weight":1.0,"played":[0.9972,0.0028],"evs":[0.0,-1.9994]},"J7s":{"weight":1.0,"played":[0.9781,0.0219],"evs":[0.0,-2.108]},"J8s":{"weight":1.0,"played":[0.9997,3.0E-4],"evs":[0.0,-1.73904]},"J9s":{"weight":1.0,"played":[0.9732,0.0268],"evs":[0.0,-1.14076]},"JTs":{"weight":1.0,"played":[0.9728,0.0272],"evs":[0.0,-0.96449]},"JJ":{"weight":1.0,"played":[0.033,0.967],"evs":[0.0,1.54512]},"QJo":{"weight":1.0,"played":[0.9942,0.0058],"evs":[0.0,-1.20302]},"KJo":{"weight":1.0,"played":[0.9932,0.0068],"evs":[0.0,-2.6329]},"AJo":{"weight":1.0,"played":[0.9662,0.0338],"evs":[0.0,-1.67523]},"Q2s":{"weight":1.0,"played":[0.9943,0.0057],"evs":[0.0,-1.83216]},"Q3s":{"weight":1.0,"played":[0.9953,0.0047],"evs":[0.0,-3.3808]},"Q4s":{"weight":1.0,"played":[0.9959,0.0041],"evs":[0.0,-3.07696]},"Q5s":{"weight":1.0,"played":[0.9822,0.0178],"evs":[0.0,-3.05615]},"Q6s":{"weight":1.0,"played":[0.8116,0.1884],"evs":[0.0,-0.8146]},"Q7s":{"weight":1.0,"played":[0.8874,0.1126],"evs":[0.0,-2.6906]},"Q8s":{"weight":1.0,"played":[0.9692,0.0308],"evs":[0.0,-1.31328]},"Q9s":{"weight":1.0,"played":[0.9551,0.0449],"evs":[0.0,-2.18093]},"QTs":{"weight":1.0,"played":[0.7524,0.2476],"evs":[0.0,-1.68912]},"QJs":{"weight":1.0,"played":[0.9657,0.0343],"evs":[0.0,-2.79279]},"QQ":{"weight":1.0,"played":[7.0E-4,0.9993],"evs":[0.0,3.4211]},"KQo":{"weight":1.0,"played":[0.9823,0.0177],"evs":[0.0,-1.9872]},"AQo":{"weight":1.0,"played":[0.907,0.093],"evs":[0.0,-1.01939]},"K2s":{"weight":1.0,"played":[0.9536,0.0464],"evs":[0.0,-2.67353]},"K3s":{"weight":1.0,"played":[0.962,0.038],"evs":[0.0,-3.06855]},"K4s":{"weight":1.0,"played":[0.9769,0.0231],"evs":[0.0,-4.16204]},"K5s":{"weight":1.0,"played":[0.9313,0.0687],"evs":[0.0,-1.29097]},"K6s":{"weight":1.0,"played":[0.8461,0.1539],"evs":[0.0,-2.5912]},"K7s":{"weight":1.0,"played":[0.9839,0.0161],"evs":[0.0,-2.84931]},"K8s":{"weight":1.0,"played":[0.4679,0.5321],"evs":[0.0,-0.14166]},"K9s":{"weight":1.0,"played":[0.9797,0.0203],"evs":[0.0,-2.35362]},"KTs":{"weight":1.0,"played":[0.9892,0.0108],"evs":[0.0,-2.59369]},"KJs":{"weight":1.0,"played":[0.945,0.055],"evs":[0.0,-4.4983]},"KQs":{"weight":1.0,"played":[0.7081,0.2919],"evs":[0.0,-0.61438]},"KK":{"weight":1.0,"played":[0.0,1.0],"evs":[0.0,4.71355]},"AKo":{"weight":1.0,"played":[0.85,0.15],"evs":[0.0,-1.67967]},"A2s":{"weight":1.0,"played":[0.9571,0.0429],"evs":[0.0,-1.79922]},"A3s":{"weight":1.0,"played":[0.8038,0.1962],"evs":[0.0,-2.27138]},"A4s":{"weight":1.0,"played":[0.8702,0.1298],"evs":[0.0,-3.06646]},"A5s":{"weight":1.0,"played":[0.9725,0.0275],"evs":[0.0,-1.69055]},"A6s":{"weight":1.0,"played":[0.9833,0.0167],"evs":[0.0,-2.15743]},"A7s":{"weight":1.0,"played":[0.9731,0.0269],"evs":[0.0,-2.08351]},"A8s":{"weight":1.0,"played":[0.5788,0.4212],"evs":[0.0,-0.78751]},"A9s":{"weight":1.0,"played":[0.8011,0.1989],"evs":[0.0,-1.46055]},"ATs":{"weight":1.0,"played":[0.946,0.054],"evs":[0.0,-1.91739]},"AJs":{"weight":1.0,"played":[0.889,0.111],"evs":[0.0,-2.93804]},"AQs":{"weight":1.0,"played":[0.4987,0.5013],"evs":[0.0,-1.63433]},"AKs":{"weight":1.0,"played":[0.5994,0.4006],"evs":[0.0,0.22565]},"AA":{"weight":1.0,"played":[0.0041,0.9959],"evs":[0.0,7.31473]}}}