{"player":6,"street":0,"children":2,"sequence":[{"player":0,"type":"F","amount":0,"street":0},{"player":1,"type":"R","amount":7840000,"street":0},{"player":2,"type":"R","amount":11040000,"street":0},{"player":3,"type":"R","amount":35040000,"street":0},{"player":4,"type":"C","amount":35040000,"street":0},{"player":5,"type":"F","amount":0,"street":0}],"actions":[{"type":"F","amount":0},{"type":"C","amount":19040000}],"hands":{"22":{"weight":1.0,"played":[0.999,0.001],"evs":[0.0,-5.41598]},"32o":{"weight":1.0,"played":[1.0,0.0],"evs":[0.0,-5.61613]},"42o":{"weight":1.0,"played":[1.0,0.0],"evs":[0.0,-5.48369]},"52o":{"weight":1.0,"played":[1.0,0.0],"evs":[0.0,-5.4218]},"62o":{"weight":1.0,"played":[1.0,0.0],"evs":[0.0,-6.39851]},"72o":{"weight":1.0,"played":[1.0,0.0],"evs":[0.0,-6.00462]},"82o":{"weight":1.0,"played":[0.9997,3.0E-4],"evs":[0.0,-6.46604]},"92o":{"weight":1.0,"played":[1.0,0.0],"evs":[0.0,-6.11229]},"T2o":{"weight":1.0,"played":[1.0,0.0],"evs":[0.0,-6.54644]},"J2o":{"weight":1.0,"played":[1.0,0.0],"evs":[0.0,-7.35914]},"Q2o":{"weight":1.0,"played":[0.9983,0.0017],"evs":[0.0,-7.11778]},"K2o":{"weight":1.0,"played":[0.9977,0.0023],"evs":[0.0,-5.27423]},"A2o":{"weight":1.0,"played":[0.9992,8.0E-4],"evs":[0.0,-4.33923]},"32s":{"weight":1.0,"played":[0.9979,0.0021],"evs":[0.0,-4.49815]},"33":{"weight":1.0,"played":[0.9899,0.0101],"evs":[0.0,-5.19676]},"43o":{"weight":1.0,"played":[1.0,0.0],"evs":[0.0,-5.1517]},"53o":{"weight":1.0,"played":[1.0,0.0],"evs":[0.0,-4.61177]},"63o":{"weight":1.0,"played":[1.0,0.0],"evs":[0.0,-4.08304]},"73o":{"weight":1.0,"played":[0.9998,2.0E-4],"evs":[0.0,-5.93363]},"83o":{"weight":1.0,"played":[1.0,0.0],"evs":[0.0,-5.99221]},"93o":{"weight":1.0,"played":[1.0,0.0],"evs":[0.0,-4.93756]},"T3o":{"weight":1.0,"played":[0.9991,9.0E-4],"evs":[0.0,-6.46794]},"J3o":{"weight":1.0,"played":[0.9995,5.0E-4],"evs":[0.0,-6.55577]},"Q3o":{"weight":1.0,"played":[0.9978,0.0022],"evs":[0.0,-6.00236]},"K3o":{"weight":1.0,"played":[0.9982,0.0018],"evs":[0.0,-5.67815]},"A3o":{"weight":1.0,"played":[1.0,0.0],"evs":[0.0,-5.79287]},"42s":{"weight":1.0,"played":[0.975,0.025],"evs":[0.0,-4.52452]},"43s":{"weight":1.0,"played":[0.9821,0.0179],"evs":[0.0,-2.06078]},"44":{"weight":1.0,"played":[0.9995,5.0E-4],"evs":[0.0,-5.66898]},"54o":{"weight":1.0,"played":[0.9971,0.0029],"evs":[0.0,-4.99841]},"64o":{"weight":1.0,"played":[0.9966,0.0034],"evs":[0.0,-4.90891]},"74o":{"weight":1.0,"played":[0.9995,5.0E-4],"evs":[0.0,-4.51486]},"84o":{"weight":1.0,"played":[0.9998,2.0E-4],"evs":[0.0,-6.05185]},"94o":{"weight":1.0,"played":[0.9996,4.0E-4],"evs":[0.0,-6.15019]},"T4o":{"weight":1.0,"played":[0.9994,6.0E-4],"evs":[0.0,-6.67432]},"J4o":{"weight":1.0,"played":[1.0,0.0],"evs":[0.0,-6.28117]},"Q4o":{"weight":1.0,"played":[1.0,0.0],"evs":[0.0,-5.31757]},"K4o":{"weight":1.0,"played":[1.0,0.0],"evs":[0.0,-6.14645]},"A4o":{"weight":1.0,"played":[0.9974,0.0026],"evs":[0.0,-5.16074]},"52s":{"weight":1.0,"played":[0.9992,8.0E-4],"evs":[0.0,-6.30608]},"53s":{"weight":1.0,"played":[1.0,0.0],"evs":[0.0,-5.72547]},"54s":{"weight":1.0,"played":[1.0,0.0],"evs":[0.0,-5.0054]},"55":{"weight":1.0,"played":[1.0,0.0],"evs":[0.0,-5.01353]},"65o":{"weight":1.0,"played":[1.0,0.0],"evs":[0.0,-4.3228]},"75o":{"weight":1.0,"played":[0.9996,4.0E-4],"evs":[0.0,-5.84383]},"85o":{"weight":1.0,"played":[0.9991,9.0E-4],"evs":[0.0,-5.72431]},"95o":{"weight":1.0,"played":[0.9996,4.0E-4],"evs":[0.0,-5.68158]},"T5o":{"weight":1.0,"played":[0.9991,9.0E-4],"evs":[0.0,-6.6024]},"J5o":{"weight":1.0,"played":[0.9999,1.0E-4],"evs":[0.0,-6.13353]},"Q5o":{"weight":1.0,"played":[0.9959,0.0041],"evs":[0.0,-6.33089]},"K5o":{"weight":1.0,"played":[0.9998,2.0E-4],"evs":[0.0,-6.06077]},"A5o":{"weight":1.0,"played":[0.9983,0.0017],"evs":[0.0,-5.55074]},"62s":{"weight":1.0,"played":[0.9706,0.0294],"evs":[0.0,-5.98937]},"63s":{"weight":1.0,"played":[0.9895,0.0105],"evs":[0.0,-4.41055]},"64s":{"weight":1.0,"played":[1.0,0.0],"evs":[0.0,-2.39593]},"65s":{"weight":1.0,"played":[0.9706,0.0294],"evs":[0.0,-3.84907]},"66":{"weight":1.0,"played":[1.0,0.0],"evs":[0.0,-3.30594]},"76o":{"weight":1.0,"played":[0.9993,7.0E-4],"evs":[0.0,-5.7667]},"86o":{"weight":1.0,"played":[0.9994,6.0E-4],"evs":[0.0,-6.00618]},"96o":{"weight":1.0,"played":[0.9975,0.0025],"evs":[0.0,-5.69929]},"T6o":{"weight":1.0,"played":[0.9997,3.0E-4],"evs":[0.0,-6.03]},"J6o":{"weight":1.0,"played":[0.9974,0.0026],"evs":[0.0,-6.02527]},"Q6o":{"weight":1.0,"played":[0.9906,0.0094],"evs":[0.0,-6.2376]},"K6o":{"weight":1.0,"played":[0.9997,3.0E-4],"evs":[0.0,-6.07489]},"A6o":{"weight":1.0,"played":[1.0,0.0],"evs":[0.0,-5.58436]},"72s":{"weight":1.0,"played":[0.9963,0.0037],"evs":[0.0,-4.72393]},"73s":{"weight":1.0,"played":[1.0,0.0],"evs":[0.0,-4.48347]},"74s":{"weight":1.0,"played":[0.9593,0.0407],"evs":[0.0,-6.6326]},"75s":{"weight":1.0,"played":[0.9996,4.0E-4],"evs":[0.0,-2.23916]},"76s":{"weight":1.0,"played":[0.9985,0.0015],"evs":[0.0,-4.31114]},"77":{"weight":1.0,"played":[0.999,0.001],"evs":[0.0,-6.92571]},"87o":{"weight":1.0,"played":[0.9993,7.0E-4],"evs":[0.0,-5.8209]},"97o":{"weight":1.0,"played":[0.9999,1.0E-4],"evs":[0.0,-5.93119]},"T7o":{"weight":1.0,"played":[1.0,0.0],"evs":[0.0,-6.02377]},"J7o":{"weight":1.0,"played":[1.0,0.0],"evs":[0.0,-5.77186]},"Q7o":{"weight":1.0,"played":[0.9982,0.0018],"evs":[0.0,-6.86833]},"K7o":{"weight":1.0,"played":[0.9943,0.0057],"evs":[0.0,-4.6871]},"A7o":{"weight":1.0,"played":[0.9973,0.0027],"evs":[0.0,-4.88733]},"82s":{"weight":1.0,"played":[1.0,0.0],"evs":[0.0,-5.65368]},"83s":{"weight":1.0,"played":[0.9445,0.0555],"evs":[0.0,-5.76702]},"84s":{"weight":1.0,"played":[0.9869,0.0131],"evs":[0.0,-4.00404]},"85s":{"weight":1.0,"played":[0.9999,1.0E-4],"evs":[0.0,-6.00207]},"86s":{"weight":1.0,"played":[0.9958,0.0042],"evs":[0.0,-5.78938]},"87s":{"weight":1.0,"played":[0.9931,0.0069],"evs":[0.0,-5.26565]},"88":{"weight":1.0,"played":[0.968,0.032],"evs":[0.0,-4.1201]},"98o":{"weight":1.0,"played":[1.0,0.0],"evs":[0.0,-5.51214]},"T8o":{"weight":1.0,"played":[1.0,0.0],"evs":[0.0,-5.12048]},"J8o":{"weight":1.0,"played":[1.0,0.0],"evs":[0.0,-5.49346]},"Q8o":{"weight":1.0,"played":[0.9997,3.0E-4],"evs":[0.0,-5.52652]},"K8o":{"weight":1.0,"played":[0.999,0.001],"evs":[0.0,-5.1883]},"A8o":{"weight":1.0,"played":[0.9969,0.0031],"evs":[0.0,-6.8623]},"92s":{"weight":1.0,"played":[0.9996,4.0E-4],"evs":[0.0,-4.70367]},"93s":{"weight":1.0,"played":[0.9882,0.0118],"evs":[0.0,-4.45169]},"94s":{"weight":1.0,"played":[0.9987,0.0013],"evs":[0.0,-5.78815]},"95s":{"weight":1.0,"played":[0.9627,0.0373],"evs":[0.0,-6.2439]},"96s":{"weight":1.0,"played":[0.9769,0.0231],"evs":[0.0,-3.6893]},"97s":{"weight":1.0,"played":[1.0,0.0],"evs":[0.0,-5.54582]},"98s":{"weight":1.0,"played":[0.9962,0.0038],"evs":[0.0,-5.84905]},"99":{"weight":1.0,"played":[0.9988,0.0012],"evs":[0.0,-5.12063]},"T9o":{"weight":1.0,"played":[0.9996,4.0E-4],"evs":[0.0,-6.44582]},"J9o":{"weight":1.0,"played":[0.9995,5.0E-4],"evs":[0.0,-6.10318]},"Q9o":{"weight":1.0,"played":[0.9938,0.0062],"evs":[0.0,-5.46487]},"K9o":{"weight":1.0,"played":[0.9985,0.0015],"evs":[0.0,-6.35196]},"A9o":{"weight":1.0,"played":[0.997,0.003],"evs":[0.0,-7.36051]},"T2s":{"weight":1.0,"played":[0.9887,0.0113],"evs":[0.0,-6.8321]},"T3s":{"weight":1.0,"played":[0.9975,0.0025],"evs":[0.0,-6.21003]},"T4s":{"weight":1.0,"played":[0.9934,0.0066],"evs":[0.0,-5.98757]},"T5s":{"weight":1.0,"played":[0.9973,0.0027],"evs":[0.0,-5.14553]},"T6s":{"weight":1.0,"played":[0.9616,0.0384],"evs":[0.0,-3.4716]},"T7s":{"weight":1.0,"played":[0.9648,0.0352],"evs":[0.0,-4.51719]},"T8s":{"weight":1.0,"played":[0.9949,0.0051],"evs":[0.0,-3.31705]},"T9s":{"weight":1.0,"played":[0.9789,0.0211],"evs":[0.0,-5.91081]},"TT":{"weight":1.0,"played":[0.9963,0.0037],"evs":[0.0,-5.12178]},"JTo":{"weight":1.0,"played":[0.9972,0.0028],"evs":[0.0,-7.13454]},"QTo":{"weight":1.0,"played":[0.9997,3.0E-4],"evs":[0.0,-4.7944]},"KTo":{"weight":1.0,"played":[0.9922,0.0078],"evs":[0.0,-5.82637]},"ATo":{"weight":1.0,"played":[0.9995,5.0E-4],"evs":[0.0,-6.46292]},"J2s":{"weight":1.0,"played":[0.9981,0.0019],"evs":[0.0,-7.90486]},"J3s":{"weight":1.0,"played":[0.9943,0.0057],"evs":[0.0,-6.49212]},"J4s":{"weight":1.0,"played":[1.0,0.0],"evs":[0.0,-4.12954]},"J5s":{"weight":1.0,"played":[0.9788,0.0212],"evs":[0.0,-5.31318]},"J6s":{"weight":1.0,"played":[0.9999,1.0E-4],"evs":[0.0,-4.33854]},"J7s":{"weight":1.0,"played":[0.9933,0.0067],"evs":[0.0,-4.96804]},"J8s":{"weight":1.0,"played":[0.9983,0.0017],"evs":[0.0,-3.49624]},"J9s":{"weight":1.0,"played":[1.0,0.0],"evs":[0.0,-4.13669]},"JTs":{"weight":1.0,"played":[0.9846,0.0154],"evs":[0.0,-6.15173]},"JJ":{"weight":1.0,"played":[0.9968,0.0032],"evs":[0.0,-5.46262]},"QJo":{"weight":1.0,"played":[1.0,0.0],"evs":[0.0,-7.2677]},"KJo":{"weight":1.0,"played":[0.9967,0.0033],"evs":[0.0,-6.29681]},"AJo":{"weight":1.0,"played":[0.9966,0.0034],"evs":[0.0,-5.49534]},"Q2s":{"weight":1.0,"played":[0.9844,0.0156],"evs":[0.0,-7.07436]},"Q3s":{"weight":1.0,"played":[0.8756,0.1244],"evs":[0.0,-5.18344]},"Q4s":{"weight":1.0,"played":[0.9936,0.0064],"evs":[0.0,-5.97206]},"Q5s":{"weight":1.0,"played":[0.9951,0.0049],"evs":[0.0,-6.51868]},"Q6s":{"weight":1.0,"played":[1.0,0.0],"evs":[0.0,-7.42805]},"Q7s":{"weight":1.0,"played":[0.9882,0.0118],"evs":[0.0,-4.53426]},"Q8s":{"weight":1.0,"played":[0.9991,9.0E-4],"evs":[0.0,-4.82985]},"Q9s":{"weight":1.0,"played":[0.9788,0.0212],"evs":[0.0,-5.29635]},"QTs":{"weight":1.0,"played":[0.9971,0.0029],"evs":[0.0,-4.85896]},"QJs":{"weight":1.0,"played":[0.9553,0.0447],"evs":[0.0,-6.63918]},"QQ":{"weight":1.0,"played":[0.2529,0.7471],"evs":[0.0,-0.14104]},"KQo":{"weight":1.0,"played":[0.9998,2.0E-4],"evs":[0.0,-6.96825]},"AQo":{"weight":1.0,"played":[0.9974,0.0026],"evs":[0.0,-5.2957]},"K2s":{"weight":1.0,"played":[0.9999,1.0E-4],"evs":[0.0,-5.1396]},"K3s":{"weight":1.0,"played":[0.9993,7.0E-4],"evs":[0.0,-4.47336]},"K4s":{"weight":1.0,"played":[0.9881,0.0119],"evs":[0.0,-3.48266]},"K5s":{"weight":1.0,"played":[0.9993,7.0E-4],"evs":[0.0,-3.77272]},"K6s":{"weight":1.0,"played":[0.98,0.02],"evs":[0.0,-5.04016]},"K7s":{"weight":1.0,"played":[0.9983,0.0017],"evs":[0.0,-4.82068]},"K8s":{"weight":1.0,"played":[0.9465,0.0535],"evs":[0.0,-4.92385]},"K9s":{"weight":1.0,"played":[0.9817,0.0183],"evs":[0.0,-6.83093]},"KTs":{"weight":1.0,"played":[0.9975,0.0025],"evs":[0.0,-4.04061]},"KJs":{"weight":1.0,"played":[0.9564,0.0436],"evs":[0.0,-1.66421]},"KQs":{"weight":1.0,"played":[0.9994,6.0E-4],"evs":[0.0,-4.60842]},"KK":{"weight":1.0,"played":[0.0826,0.9174],"evs":[0.0,1.85217]},"AKo":{"weight":1.0,"played":[0.9956,0.0044],"evs":[0.0,-2.00394]},"A2s":{"weight":1.0,"played":[0.9656,0.0344],"evs":[0.0,-7.12078]},"A3s":{"weight":1.0,"played":[0.9967,0.0033],"evs":[0.0,-3.89973]},"A4s":{"weight":1.0,"played":[0.9328,0.0672],"evs":[0.0,-3.68463]},"A5s":{"weight":1.0,"played":[0.4668,0.5332],"evs":[0.0,0.12767]},"A6s":{"weight":1.0,"played":[0.9964,0.0036],"evs":[0.0,-2.95595]},"A7s":{"weight":1.0,"played":[0.9363,0.0637],"evs":[0.0,-3.57725]},"A8s":{"weight":1.0,"played":[0.9649,0.0351],"evs":[0.0,-5.69054]},"A9s":{"weight":1.0,"played":[0.9988,0.0012],"evs":[0.0,-6.38964]},"ATs":{"weight":1.0,"played":[0.9403,0.0597],"evs":[0.0,-3.77361]},"AJs":{"weight":1.0,"played":[0.9073,0.0927],"evs":[0.0,-6.82508]},"AQs":{"weight":1.0,"played":[0.9818,0.0182],"evs":[0.0,-3.28609]},"AKs":{"weight":1.0,"played":[0.992,0.008],"evs":[0.0,-0.89849]},"AA":{"weight":1.0,"played":[0.0,1.0],"evs":[0.0,4.49775]}}}