{"player":2,"street":0,"children":2,"sequence":[{"player":0,"type":"R","amount":14240000,"street":0},{"player":1,"type":"F","amount":0,"street":0}],"actions":[{"type":"F","amount":0,"node":115},{"type":"C","amount":11040000,"node":148}],"hands":{"22":{"weight":1.0,"played":[1.0,0.0],"evs":[0.0,-1.57957]},"32o":{"weight":1.0,"played":[1.0,0.0],"evs":[0.0,-3.2647]},"42o":{"weight":1.0,"played":[1.0,0.0],"evs":[0.0,-3.16147]},"52o":{"weight":1.0,"played":[1.0,0.0],"evs":[0.0,-3.07921]},"62o":{"weight":1.0,"played":[1.0,0.0],"evs":[0.0,-3.19102]},"72o":{"weight":1.0,"played":[1.0,0.0],"evs":[0.0,-3.34342]},"82o":{"weight":1.0,"played":[1.0,0.0],"evs":[0.0,-3.22908]},"92o":{"weight":1.0,"played":[1.0,0.0],"evs":[0.0,-3.17151]},"T2o":{"weight":1.0,"played":[1.0,0.0],"evs":[0.0,-3.09141]},"J2o":{"weight":1.0,"played":[1.0,0.0],"evs":[0.0,-3.04929]},"Q2o":{"weight":1.0,"played":[1.0,0.0],"evs":[0.0,-2.91393]},"K2o":{"weight":1.0,"played":[1.0,0.0],"evs":[0.0,-2.77768]},"A2o":{"weight":1.0,"played":[1.0,0.0],"evs":[0.0,-2.0913]},"32s":{"weight":1.0,"played":[1.0,0.0],"evs":[0.0,-2.72421]},"33":{"weight":1.0,"played":[1.0,0.0],"evs":[0.0,-1.40605]},"43o":{"weight":1.0,"played":[1.0,0.0],"evs":[0.0,-2.95914]},"53o":{"weight":1.0,"played":[1.0,0.0],"evs":[0.0,-2.86998]},"63o":{"weight":1.0,"played":[1.0,0.0],"evs":[0.0,-2.96655]},"73o":{"weight":1.0,"played":[1.0,0.0],"evs":[0.0,-3.13295]},"83o":{"weight":1.0,"played":[1.0,0.0],"evs":[0.0,-3.21037]},"93o":{"weight":1.0,"played":[1.0,0.0],"evs":[0.0,-3.1111]},"T3o":{"weight":1.0,"played":[1.0,0.0],"evs":[0.0,-3.03877]},"J3o":{"weight":1.0,"played":[1.0,0.0],"evs":[0.0,-2.98608]},"Q3o":{"weight":1.0,"played":[1.0,0.0],"evs":[0.0,-2.84969]},"K3o":{"weight":1.0,"played":[1.0,0.0],"evs":[0.0,-2.72112]},"A3o":{"weight":1.0,"played":[1.0,0.0],"evs":[0.0,-2.02212]},"42s":{"weight":1.0,"played":[1.0,0.0],"evs":[0.0,-2.63724]},"43s":{"weight":1.0,"played":[1.0,0.0],"evs":[0.0,-2.42465]},"44":{"weight":1.0,"played":[1.0,0.0],"evs":[0.0,-1.14716]},"54o":{"weight":1.0,"played":[1.0,0.0],"evs":[0.0,-2.6089]},"64o":{"weight":1.0,"played":[1.0,0.0],"evs":[0.0,-2.71808]},"74o":{"weight":1.0,"played":[1.0,0.0],"evs":[0.0,-2.8796]},"84o":{"weight":1.0,"played":[1.0,0.0],"evs":[0.0,-2.96617]},"94o":{"weight":1.0,"played":[1.0,0.0],"evs":[0.0,-3.07174]},"T4o":{"weight":1.0,"played":[1.0,0.0],"evs":[0.0,-2.93932]},"J4o":{"weight":1.0,"played":[1.0,0.0],"evs":[0.0,-2.88821]},"Q4o":{"weight":1.0,"played":[1.0,0.0],"evs":[0.0,-2.76154]},"K4o":{"weight":1.0,"played":[1.0,0.0],"evs":[0.0,-2.6312]},"A4o":{"weight":1.0,"played":[1.0,0.0],"evs":[0.0,-1.92417]},"52s":{"weight":1.0,"played":[1.0,0.0],"evs":[0.0,-2.54995]},"53s":{"weight":1.0,"played":[1.0,0.0],"evs":[0.0,-2.33796]},"54s":{"weight":1.0,"played":[1.0,0.0],"evs":[0.0,-2.11783]},"55":{"weight":1.0,"played":[1.0,0.0],"evs":[0.0,-0.85415]},"65o":{"weight":1.0,"played":[1.0,0.0],"evs":[0.0,-2.49964]},"75o":{"weight":1.0,"played":[1.0,0.0],"evs":[0.0,-2.64471]},"85o":{"weight":1.0,"played":[1.0,0.0],"evs":[0.0,-2.73605]},"95o":{"weight":1.0,"played":[1.0,0.0],"evs":[0.0,-2.83375]},"T5o":{"weight":1.0,"played":[1.0,0.0],"evs":[0.0,-2.91152]},"J5o":{"weight":1.0,"played":[1.0,0.0],"evs":[0.0,-2.81291]},"Q5o":{"weight":1.0,"played":[1.0,0.0],"evs":[0.0,-2.68048]},"K5o":{"weight":1.0,"played":[1.0,0.0],"evs":[0.0,-2.54512]},"A5o":{"weight":1.0,"played":[1.0,0.0],"evs":[0.0,-1.79787]},"62s":{"weight":1.0,"played":[1.0,0.0],"evs":[0.0,-2.65103]},"63s":{"weight":1.0,"played":[1.0,0.0],"evs":[0.0,-2.42962]},"64s":{"weight":1.0,"played":[1.0,0.0],"evs":[0.0,-2.19766]},"65s":{"weight":1.0,"played":[1.0,0.0],"evs":[0.0,-2.00417]},"66":{"weight":1.0,"played":[1.0,0.0],"evs":[0.0,-0.55702]},"76o":{"weight":1.0,"played":[1.0,0.0],"evs":[0.0,-2.40607]},"86o":{"weight":1.0,"played":[1.0,0.0],"evs":[0.0,-2.48349]},"96o":{"weight":1.0,"played":[1.0,0.0],"evs":[0.0,-2.56999]},"T6o":{"weight":1.0,"played":[1.0,0.0],"evs":[0.0,-2.64613]},"J6o":{"weight":1.0,"played":[1.0,0.0],"evs":[0.0,-2.7479]},"Q6o":{"weight":1.0,"played":[1.0,0.0],"evs":[0.0,-2.56825]},"K6o":{"weight":1.0,"played":[1.0,0.0],"evs":[0.0,-2.43327]},"A6o":{"weight":1.0,"played":[1.0,0.0],"evs":[0.0,-1.86753]},"72s":{"weight":1.0,"played":[1.0,0.0],"evs":[0.0,-2.78572]},"73s":{"weight":1.0,"played":[1.0,0.0],"evs":[0.0,-2.58373]},"74s":{"weight":1.0,"played":[1.0,0.0],"evs":[0.0,-2.35635]},"75s":{"weight":1.0,"played":[1.0,0.0],"evs":[0.0,-2.14496]},"76s":{"weight":1.0,"played":[1.0,0.0],"evs":[0.0,-1.91824]},"77":{"weight":1.0,"played":[1.0,0.0],"evs":[0.0,-0.27772]},"87o":{"weight":1.0,"played":[1.0,0.0],"evs":[0.0,-2.35326]},"97o":{"weight":1.0,"played":[1.0,0.0],"evs":[0.0,-2.43365]},"T7o":{"weight":1.0,"played":[1.0,0.0],"evs":[0.0,-2.50322]},"J7o":{"weight":1.0,"played":[1.0,0.0],"evs":[0.0,-2.59844]},"Q7o":{"weight":1.0,"played":[1.0,0.0],"evs":[0.0,-2.60912]},"K7o":{"weight":1.0,"played":[1.0,0.0],"evs":[0.0,-2.43901]},"A7o":{"weight":1.0,"played":[1.0,0.0],"evs":[0.0,-1.64933]},"82s":{"weight":1.0,"played":[1.0,0.0],"evs":[0.0,-2.68763]},"83s":{"weight":1.0,"played":[1.0,0.0],"evs":[0.0,-2.66466]},"84s":{"weight":1.0,"played":[1.0,0.0],"evs":[0.0,-2.43546]},"85s":{"weight":1.0,"played":[1.0,0.0],"evs":[0.0,-2.21428]},"86s":{"weight":1.0,"played":[1.0,0.0],"evs":[0.0,-1.98096]},"87s":{"weight":1.0,"played":[1.0,0.0],"evs":[0.0,-1.88334]},"88":{"weight":1.0,"played":[0.0011,0.9989],"evs":[0.0,0.08213]},"98o":{"weight":1.0,"played":[1.0,0.0],"evs":[0.0,-2.23916]},"T8o":{"weight":1.0,"played":[1.0,0.0],"evs":[0.0,-2.26721]},"J8o":{"weight":1.0,"played":[1.0,0.0],"evs":[0.0,-2.37651]},"Q8o":{"weight":1.0,"played":[1.0,0.0],"evs":[0.0,-2.39538]},"K8o":{"weight":1.0,"played":[1.0,0.0],"evs":[0.0,-2.39037]},"A8o":{"weight":1.0,"played":[1.0,0.0],"evs":[0.0,-1.37217]},"92s":{"weight":1.0,"played":[1.0,0.0],"evs":[0.0,-2.63627]},"93s":{"weight":1.0,"played":[1.0,0.0],"evs":[0.0,-2.56966]},"94s":{"weight":1.0,"played":[1.0,0.0],"evs":[0.0,-2.52829]},"95s":{"weight":1.0,"played":[1.0,0.0],"evs":[0.0,-2.30324]},"96s":{"weight":1.0,"played":[1.0,0.0],"evs":[0.0,-2.05795]},"97s":{"weight":1.0,"played":[1.0,0.0],"evs":[0.0,-1.92698]},"98s":{"weight":1.0,"played":[1.0,0.0],"evs":[0.0,-1.75841]},"99":{"weight":1.0,"played":[0.0,1.0],"evs":[0.0,0.49887]},"T9o":{"weight":1.0,"played":[1.0,0.0],"evs":[0.0,-2.05467]},"J9o":{"weight":1.0,"played":[1.0,0.0],"evs":[0.0,-2.16376]},"Q9o":{"weight":1.0,"played":[1.0,0.0],"evs":[0.0,-2.17899]},"K9o":{"weight":1.0,"played":[1.0,0.0],"evs":[0.0,-2.14086]},"A9o":{"weight":1.0,"played":[1.0,0.0],"evs":[0.0,-1.01126]},"T2s":{"weight":1.0,"played":[1.0,0.0],"evs":[0.0,-2.54561]},"T3s":{"weight":1.0,"played":[1.0,0.0],"evs":[0.0,-2.4817]},"T4s":{"weight":1.0,"played":[1.0,0.0],"evs":[0.0,-2.40597]},"T5s":{"weight":1.0,"played":[1.0,0.0],"evs":[0.0,-2.38089]},"T6s":{"weight":1.0,"played":[1.0,0.0],"evs":[0.0,-2.13807]},"T7s":{"weight":1.0,"played":[1.0,0.0],"evs":[0.0,-1.9919]},"T8s":{"weight":1.0,"played":[1.0,0.0],"evs":[0.0,-1.76984]},"T9s":{"weight":1.0,"played":[1.0,0.0],"evs":[0.0,-1.57823]},"TT":{"weight":1.0,"played":[0.0,1.0],"evs":[0.0,1.05295]},"JTo":{"weight":1.0,"played":[1.0,0.0],"evs":[0.0,-1.84026]},"QTo":{"weight":1.0,"played":[1.0,0.0],"evs":[0.0,-1.8194]},"KTo":{"weight":1.0,"played":[1.0,0.0],"evs":[0.0,-1.7575]},"ATo":{"weight":1.0,"played":[1.0,0.0],"evs":[0.0,-0.44109]},"J2s":{"weight":1.0,"played":[1.0,0.0],"evs":[0.0,-2.50104]},"J3s":{"weight":1.0,"played":[1.0,0.0],"evs":[0.0,-2.44541]},"J4s":{"weight":1.0,"played":[1.0,0.0],"evs":[0.0,-2.35176]},"J5s":{"weight":1.0,"played":[1.0,0.0],"evs":[0.0,-2.28592]},"J6s":{"weight":1.0,"played":[1.0,0.0],"evs":[0.0,-2.224]},"J7s":{"weight":1.0,"played":[1.0,0.0],"evs":[0.0,-2.08322]},"J8s":{"weight":1.0,"played":[1.0,0.0],"evs":[0.0,-1.87259]},"J9s":{"weight":1.0,"played":[1.0,0.0],"evs":[0.0,-1.6696]},"JTs":{"weight":1.0,"played":[1.0,0.0],"evs":[0.0,-1.36368]},"JJ":{"weight":1.0,"played":[0.0,1.0],"evs":[0.0,1.62577]},"QJo":{"weight":1.0,"played":[1.0,0.0],"evs":[0.0,-1.72999]},"KJo":{"weight":1.0,"played":[1.0,0.0],"evs":[0.0,-1.51248]},"AJo":{"weight":1.0,"played":[0.0431,0.9569],"evs":[0.0,0.03313]},"Q2s":{"weight":1.0,"played":[1.0,0.0],"evs":[0.0,-2.37638]},"Q3s":{"weight":1.0,"played":[1.0,0.0],"evs":[0.0,-2.29189]},"Q4s":{"weight":1.0,"played":[1.0,0.0],"evs":[0.0,-2.23706]},"Q5s":{"weight":1.0,"played":[1.0,0.0],"evs":[0.0,-2.15105]},"Q6s":{"weight":1.0,"played":[1.0,0.0],"evs":[0.0,-2.04175]},"Q7s":{"weight":1.0,"played":[1.0,0.0],"evs":[0.0,-2.09688]},"Q8s":{"weight":1.0,"played":[1.0,0.0],"evs":[0.0,-1.88316]},"Q9s":{"weight":1.0,"played":[1.0,0.0],"evs":[0.0,-1.69493]},"QTs":{"weight":1.0,"played":[1.0,0.0],"evs":[0.0,-1.34364]},"QJs":{"weight":1.0,"played":[1.0,0.0],"evs":[0.0,-1.27292]},"QQ":{"weight":1.0,"played":[0.0,1.0],"evs":[0.0,2.33408]},"KQo":{"weight":1.0,"played":[1.0,0.0],"evs":[0.0,-1.12338]},"AQo":{"weight":1.0,"played":[0.0,1.0],"evs":[0.0,0.5697]},"K2s":{"weight":1.0,"played":[1.0,0.0],"evs":[0.0,-2.22938]},"K3s":{"weight":1.0,"played":[1.0,0.0],"evs":[0.0,-2.17766]},"K4s":{"weight":1.0,"played":[1.0,0.0],"evs":[0.0,-2.08303]},"K5s":{"weight":1.0,"played":[1.0,0.0],"evs":[0.0,-2.01122]},"K6s":{"weight":1.0,"played":[1.0,0.0],"evs":[0.0,-1.90109]},"K7s":{"weight":1.0,"played":[1.0,0.0],"evs":[0.0,-1.927]},"K8s":{"weight":1.0,"played":[1.0,0.0],"evs":[0.0,-1.87746]},"K9s":{"weight":1.0,"played":[1.0,0.0],"evs":[0.0,-1.63705]},"KTs":{"weight":1.0,"played":[1.0,0.0],"evs":[0.0,-1.28343]},"KJs":{"weight":1.0,"played":[1.0,0.0],"evs":[0.0,-1.04682]},"KQs":{"weight":1.0,"played":[1.0,0.0],"evs":[0.0,-0.67814]},"KK":{"weight":1.0,"played":[0.0,1.0],"evs":[0.0,3.15874]},"AKo":{"weight":1.0,"played":[0.0,1.0],"evs":[0.0,1.19489]},"A2s":{"weight":1.0,"played":[1.0,0.0],"evs":[0.0,-1.5808]},"A3s":{"weight":1.0,"played":[1.0,0.0],"evs":[0.0,-1.49473]},"A4s":{"weight":1.0,"played":[1.0,0.0],"evs":[0.0,-1.41428]},"A5s":{"weight":1.0,"played":[1.0,0.0],"evs":[0.0,-1.2805]},"A6s":{"weight":1.0,"played":[1.0,0.0],"evs":[0.0,-1.35331]},"A7s":{"weight":1.0,"played":[1.0,0.0],"evs":[0.0,-1.16407]},"A8s":{"weight":1.0,"played":[1.0,0.0],"evs":[0.0,-0.89371]},"A9s":{"weight":1.0,"played":[1.0,0.0],"evs":[0.0,-0.57145]},"ATs":{"weight":1.0,"played":[0.999,0.001],"evs":[0.0,-0.03342]},"AJs":{"weight":1.0,"played":[0.0,1.0],"evs":[0.0,0.41371]},"AQs":{"weight":1.0,"played":[0.0,1.0],"evs":[0.0,0.915]},"AKs":{"weight":1.0,"played":[0.0,1.0],"evs":[0.0,1.50387]},"AA":{"weight":1.0,"played":[0.0,1.0],"evs":[0.0,4.97575]}}}