{"player":6,"street":0,"children":2,"sequence":[{"player":0,"type":"F","amount":0,"street":0},{"player":1,"type":"F","amount":0,"street":0},{"player":2,"type":"F","amount":0,"street":0},{"player":3,"type":"R","amount":35040000,"street":0},{"player":4,"type":"F","amount":0,"street":0},{"player":5,"type":"F","amount":0,"street":0}],"actions":[{"type":"F","amount":0},{"type":"C","amount":19040000}],"hands":{"22":{"weight":1.0,"played":[1.0,0.0],"evs":[0.0,-1.10546]},"32o":{"weight":1.0,"played":[1.0,0.0],"evs":[0.0,-4.28394]},"42o":{"weight":1.0,"played":[1.0,0.0],"evs":[0.0,-4.17322]},"52o":{"weight":1.0,"played":[1.0,0.0],"evs":[0.0,-4.06186]},"62o":{"weight":1.0,"played":[1.0,0.0],"evs":[0.0,-4.26527]},"72o":{"weight":1.0,"played":[1.0,0.0],"evs":[0.0,-4.29456]},"82o":{"weight":1.0,"played":[1.0,0.0],"evs":[0.0,-4.00944]},"92o":{"weight":1.0,"played":[1.0,0.0],"evs":[0.0,-3.72305]},"T2o":{"weight":1.0,"played":[1.0,0.0],"evs":[0.0,-3.36149]},"J2o":{"weight":1.0,"played":[1.0,0.0],"evs":[0.0,-2.94429]},"Q2o":{"weight":1.0,"played":[1.0,0.0],"evs":[0.0,-2.46153]},"K2o":{"weight":1.0,"played":[1.0,0.0],"evs":[0.0,-1.63168]},"A2o":{"weight":1.0,"played":[1.0,0.0],"evs":[0.0,-0.26486]},"32s":{"weight":1.0,"played":[1.0,0.0],"evs":[0.0,-3.59776]},"33":{"weight":1.0,"played":[1.0,0.0],"evs":[0.0,-0.75752]},"43o":{"weight":1.0,"played":[1.0,0.0],"evs":[0.0,-3.88713]},"53o":{"weight":1.0,"played":[1.0,0.0],"evs":[0.0,-3.76827]},"63o":{"weight":1.0,"played":[1.0,0.0],"evs":[0.0,-3.95694]},"73o":{"weight":1.0,"played":[1.0,0.0],"evs":[0.0,-3.98385]},"83o":{"weight":1.0,"played":[1.0,0.0],"evs":[0.0,-3.93886]},"93o":{"weight":1.0,"played":[1.0,0.0],"evs":[0.0,-3.60501]},"T3o":{"weight":1.0,"played":[1.0,0.0],"evs":[0.0,-3.22808]},"J3o":{"weight":1.0,"played":[1.0,0.0],"evs":[0.0,-2.8186]},"Q3o":{"weight":1.0,"played":[1.0,0.0],"evs":[0.0,-2.32507]},"K3o":{"weight":1.0,"played":[1.0,0.0],"evs":[0.0,-1.50751]},"A3o":{"weight":1.0,"played":[1.0,0.0],"evs":[0.0,-0.13559]},"42s":{"weight":1.0,"played":[1.0,0.0],"evs":[0.0,-3.5208]},"43s":{"weight":1.0,"played":[1.0,0.0],"evs":[0.0,-3.22419]},"44":{"weight":1.0,"played":[1.0,0.0],"evs":[0.0,-0.35989]},"54o":{"weight":1.0,"played":[1.0,0.0],"evs":[0.0,-3.49311]},"64o":{"weight":1.0,"played":[1.0,0.0],"evs":[0.0,-3.65815]},"74o":{"weight":1.0,"played":[1.0,0.0],"evs":[0.0,-3.6893]},"84o":{"weight":1.0,"played":[1.0,0.0],"evs":[0.0,-3.63482]},"94o":{"weight":1.0,"played":[1.0,0.0],"evs":[0.0,-3.53152]},"T4o":{"weight":1.0,"played":[1.0,0.0],"evs":[0.0,-3.1078]},"J4o":{"weight":1.0,"played":[1.0,0.0],"evs":[0.0,-2.6834]},"Q4o":{"weight":1.0,"played":[1.0,0.0],"evs":[0.0,-2.20117]},"K4o":{"weight":1.0,"played":[1.0,0.0],"evs":[0.0,-1.37312]},"A4o":{"weight":1.0,"played":[0.9854,0.0146],"evs":[0.0,-0.01583]},"52s":{"weight":1.0,"played":[1.0,0.0],"evs":[0.0,-3.39459]},"53s":{"weight":1.0,"played":[1.0,0.0],"evs":[0.0,-3.11349]},"54s":{"weight":1.0,"played":[1.0,0.0],"evs":[0.0,-2.84454]},"55":{"weight":1.0,"played":[0.0016,0.9984],"evs":[0.0,0.03133]},"65o":{"weight":1.0,"played":[1.0,0.0],"evs":[0.0,-3.34975]},"75o":{"weight":1.0,"played":[1.0,0.0],"evs":[0.0,-3.37228]},"85o":{"weight":1.0,"played":[1.0,0.0],"evs":[0.0,-3.32006]},"95o":{"weight":1.0,"played":[1.0,0.0],"evs":[0.0,-3.20585]},"T5o":{"weight":1.0,"played":[1.0,0.0],"evs":[0.0,-3.00586]},"J5o":{"weight":1.0,"played":[1.0,0.0],"evs":[0.0,-2.5508]},"Q5o":{"weight":1.0,"played":[1.0,0.0],"evs":[0.0,-2.05449]},"K5o":{"weight":1.0,"played":[1.0,0.0],"evs":[0.0,-1.20341]},"A5o":{"weight":1.0,"played":[0.0,1.0],"evs":[0.0,0.15265]},"62s":{"weight":1.0,"played":[1.0,0.0],"evs":[0.0,-3.57764]},"63s":{"weight":1.0,"played":[1.0,0.0],"evs":[0.0,-3.29856]},"64s":{"weight":1.0,"played":[1.0,0.0],"evs":[0.0,-3.01692]},"65s":{"weight":1.0,"played":[1.0,0.0],"evs":[0.0,-2.71812]},"66":{"weight":1.0,"played":[0.0,1.0],"evs":[0.0,0.50081]},"76o":{"weight":1.0,"played":[1.0,0.0],"evs":[0.0,-3.10809]},"86o":{"weight":1.0,"played":[1.0,0.0],"evs":[0.0,-3.03166]},"96o":{"weight":1.0,"played":[1.0,0.0],"evs":[0.0,-2.92696]},"T6o":{"weight":1.0,"played":[1.0,0.0],"evs":[0.0,-2.73165]},"J6o":{"weight":1.0,"played":[1.0,0.0],"evs":[0.0,-2.4902]},"Q6o":{"weight":1.0,"played":[1.0,0.0],"evs":[0.0,-1.90308]},"K6o":{"weight":1.0,"played":[1.0,0.0],"evs":[0.0,-0.99786]},"A6o":{"weight":1.0,"played":[0.0,1.0],"evs":[0.0,0.23563]},"72s":{"weight":1.0,"played":[1.0,0.0],"evs":[0.0,-3.58966]},"73s":{"weight":1.0,"played":[1.0,0.0],"evs":[0.0,-3.30764]},"74s":{"weight":1.0,"played":[1.0,0.0],"evs":[0.0,-3.02818]},"75s":{"weight":1.0,"played":[1.0,0.0],"evs":[0.0,-2.73349]},"76s":{"weight":1.0,"played":[1.0,0.0],"evs":[0.0,-2.49972]},"77":{"weight":1.0,"played":[0.0,1.0],"evs":[0.0,1.07214]},"87o":{"weight":1.0,"played":[1.0,0.0],"evs":[0.0,-2.7527]},"97o":{"weight":1.0,"played":[1.0,0.0],"evs":[0.0,-2.62732]},"T7o":{"weight":1.0,"played":[1.0,0.0],"evs":[0.0,-2.39179]},"J7o":{"weight":1.0,"played":[1.0,0.0],"evs":[0.0,-2.11603]},"Q7o":{"weight":1.0,"played":[1.0,0.0],"evs":[0.0,-1.71324]},"K7o":{"weight":1.0,"played":[1.0,0.0],"evs":[0.0,-0.74065]},"A7o":{"weight":1.0,"played":[0.0,1.0],"evs":[0.0,0.53325]},"82s":{"weight":1.0,"played":[1.0,0.0],"evs":[0.0,-3.32298]},"83s":{"weight":1.0,"played":[1.0,0.0],"evs":[0.0,-3.26372]},"84s":{"weight":1.0,"played":[1.0,0.0],"evs":[0.0,-2.99875]},"85s":{"weight":1.0,"played":[1.0,0.0],"evs":[0.0,-2.68147]},"86s":{"weight":1.0,"played":[1.0,0.0],"evs":[0.0,-2.42104]},"87s":{"weight":1.0,"played":[1.0,0.0],"evs":[0.0,-2.12934]},"88":{"weight":1.0,"played":[0.0,1.0],"evs":[0.0,1.68112]},"98o":{"weight":1.0,"played":[1.0,0.0],"evs":[0.0,-2.26458]},"T8o":{"weight":1.0,"played":[1.0,0.0],"evs":[0.0,-2.00835]},"J8o":{"weight":1.0,"played":[1.0,0.0],"evs":[0.0,-1.73397]},"Q8o":{"weight":1.0,"played":[1.0,0.0],"evs":[0.0,-1.32429]},"K8o":{"weight":1.0,"played":[1.0,0.0],"evs":[0.0,-0.52192]},"A8o":{"weight":1.0,"played":[0.0,1.0],"evs":[0.0,0.78229]},"92s":{"weight":1.0,"played":[1.0,0.0],"evs":[0.0,-3.05924]},"93s":{"weight":1.0,"played":[1.0,0.0],"evs":[0.0,-2.93702]},"94s":{"weight":1.0,"played":[1.0,0.0],"evs":[0.0,-2.88319]},"95s":{"weight":1.0,"played":[1.0,0.0],"evs":[0.0,-2.56286]},"96s":{"weight":1.0,"played":[1.0,0.0],"evs":[0.0,-2.3112]},"97s":{"weight":1.0,"played":[1.0,0.0],"evs":[0.0,-2.01209]},"98s":{"weight":1.0,"played":[1.0,0.0],"evs":[0.0,-1.6878]},"99":{"weight":1.0,"played":[0.0,1.0],"evs":[0.0,2.27451]},"T9o":{"weight":1.0,"played":[1.0,0.0],"evs":[0.0,-1.62637]},"J9o":{"weight":1.0,"played":[1.0,0.0],"evs":[0.0,-1.34842]},"Q9o":{"weight":1.0,"played":[1.0,0.0],"evs":[0.0,-0.94103]},"K9o":{"weight":1.0,"played":[1.0,0.0],"evs":[0.0,-0.13912]},"A9o":{"weight":1.0,"played":[0.0,1.0],"evs":[0.0,1.01269]},"T2s":{"weight":1.0,"played":[1.0,0.0],"evs":[0.0,-2.68591]},"T3s":{"weight":1.0,"played":[1.0,0.0],"evs":[0.0,-2.58821]},"T4s":{"weight":1.0,"played":[1.0,0.0],"evs":[0.0,-2.46559]},"T5s":{"weight":1.0,"played":[1.0,0.0],"evs":[0.0,-2.37854]},"T6s":{"weight":1.0,"played":[1.0,0.0],"evs":[0.0,-2.1118]},"T7s":{"weight":1.0,"played":[1.0,0.0],"evs":[0.0,-1.80264]},"T8s":{"weight":1.0,"played":[1.0,0.0],"evs":[0.0,-1.45819]},"T9s":{"weight":1.0,"played":[1.0,0.0],"evs":[0.0,-1.09199]},"TT":{"weight":1.0,"played":[0.0,1.0],"evs":[0.0,2.92022]},"JTo":{"weight":1.0,"played":[1.0,0.0],"evs":[0.0,-0.8392]},"QTo":{"weight":1.0,"played":[1.0,0.0],"evs":[0.0,-0.43784]},"KTo":{"weight":1.0,"played":[0.0,1.0],"evs":[0.0,0.3536]},"ATo":{"weight":1.0,"played":[0.0,1.0],"evs":[0.0,1.49156]},"J2s":{"weight":1.0,"played":[1.0,0.0],"evs":[0.0,-2.31661]},"J3s":{"weight":1.0,"played":[1.0,0.0],"evs":[0.0,-2.17588]},"J4s":{"weight":1.0,"played":[1.0,0.0],"evs":[0.0,-2.07223]},"J5s":{"weight":1.0,"played":[1.0,0.0],"evs":[0.0,-1.94334]},"J6s":{"weight":1.0,"played":[1.0,0.0],"evs":[0.0,-1.87471]},"J7s":{"weight":1.0,"played":[1.0,0.0],"evs":[0.0,-1.53548]},"J8s":{"weight":1.0,"played":[1.0,0.0],"evs":[0.0,-1.1865]},"J9s":{"weight":1.0,"played":[1.0,0.0],"evs":[0.0,-0.82665]},"JTs":{"weight":1.0,"played":[1.0,0.0],"evs":[0.0,-0.36381]},"JJ":{"weight":1.0,"played":[0.0,1.0],"evs":[0.0,3.4345]},"QJo":{"weight":1.0,"played":[1.0,0.0],"evs":[0.0,-0.21852]},"KJo":{"weight":1.0,"played":[0.0,1.0],"evs":[0.0,0.58167]},"AJo":{"weight":1.0,"played":[0.0,1.0],"evs":[0.0,1.72893]},"Q2s":{"weight":1.0,"played":[1.0,0.0],"evs":[0.0,-1.85082]},"Q3s":{"weight":1.0,"played":[1.0,0.0],"evs":[0.0,-1.71728]},"Q4s":{"weight":1.0,"played":[1.0,0.0],"evs":[0.0,-1.61128]},"Q5s":{"weight":1.0,"played":[1.0,0.0],"evs":[0.0,-1.47729]},"Q6s":{"weight":1.0,"played":[1.0,0.0],"evs":[0.0,-1.3496]},"Q7s":{"weight":1.0,"played":[1.0,0.0],"evs":[0.0,-1.14724]},"Q8s":{"weight":1.0,"played":[1.0,0.0],"evs":[0.0,-0.81679]},"Q9s":{"weight":1.0,"played":[1.0,0.0],"evs":[0.0,-0.43688]},"QTs":{"weight":1.0,"played":[0.002,0.998],"evs":[0.0,0.02688]},"QJs":{"weight":1.0,"played":[0.0,1.0],"evs":[0.0,0.23958]},"QQ":{"weight":1.0,"played":[0.0,1.0],"evs":[0.0,3.96851]},"KQo":{"weight":1.0,"played":[0.0,1.0],"evs":[0.0,0.82972]},"AQo":{"weight":1.0,"played":[0.0,1.0],"evs":[0.0,1.99473]},"K2s":{"weight":1.0,"played":[1.0,0.0],"evs":[0.0,-1.06084]},"K3s":{"weight":1.0,"played":[1.0,0.0],"evs":[0.0,-0.94997]},"K4s":{"weight":1.0,"played":[1.0,0.0],"evs":[0.0,-0.81934]},"K5s":{"weight":1.0,"played":[1.0,0.0],"evs":[0.0,-0.6607]},"K6s":{"weight":1.0,"played":[1.0,0.0],"evs":[0.0,-0.48742]},"K7s":{"weight":1.0,"played":[1.0,0.0],"evs":[0.0,-0.25513]},"K8s":{"weight":1.0,"played":[1.0,0.0],"evs":[0.0,-0.04431]},"K9s":{"weight":1.0,"played":[0.0,1.0],"evs":[0.0,0.32217]},"KTs":{"weight":1.0,"played":[0.0,1.0],"evs":[0.0,0.80218]},"KJs":{"weight":1.0,"played":[0.0,1.0],"evs":[0.0,0.9939]},"KQs":{"weight":1.0,"played":[0.0,1.0],"evs":[0.0,1.21081]},"KK":{"weight":1.0,"played":[0.0,1.0],"evs":[0.0,4.70136]},"AKo":{"weight":1.0,"played":[0.0,1.0],"evs":[0.0,2.39368]},"A2s":{"weight":1.0,"played":[0.0,1.0],"evs":[0.0,0.21454]},"A3s":{"weight":1.0,"played":[0.0,1.0],"evs":[0.0,0.33547]},"A4s":{"weight":1.0,"played":[0.0,1.0],"evs":[0.0,0.45855]},"A5s":{"weight":1.0,"played":[0.0,1.0],"evs":[0.0,0.60452]},"A6s":{"weight":1.0,"played":[0.0,1.0],"evs":[0.0,0.68509]},"A7s":{"weight":1.0,"played":[0.0,1.0],"evs":[0.0,0.92961]},"A8s":{"weight":1.0,"played":[0.0,1.0],"evs":[0.0,1.17872]},"A9s":{"weight":1.0,"played":[0.0,1.0],"evs":[0.0,1.38591]},"ATs":{"weight":1.0,"played":[0.0,1.0],"evs":[0.0,1.83543]},"AJs":{"weight":1.0,"played":[0.0,1.0],"evs":[0.0,2.07202]},"AQs":{"weight":1.0,"played":[0.0,1.0],"evs":[0.0,2.3214]},"AKs":{"weight":1.0,"played":[0.0,1.0],"evs":[0.0,2.66543]},"AA":{"weight":1.0,"played":[0.0,1.0],"evs":[0.0,5.73547]}}}