{"player":6,"street":0,"children":3,"sequence":[{"player":0,"type":"R","amount":14240000,"street":0},{"player":1,"type":"F","amount":0,"street":0},{"player":2,"type":"F","amount":0,"street":0},{"player":3,"type":"F","amount":0,"street":0},{"player":4,"type":"C","amount":14240000,"street":0},{"player":5,"type":"C","amount":11360000,"street":0}],"actions":[{"type":"F","amount":0},{"type":"C","amount":11040000},{"type":"R","amount":22240000,"node":124}],"hands":{"22":{"weight":1.0,"played":[0.999,8.0E-4,3.0E-4],"evs":[0.0,-1.90973,-2.7769]},"32o":{"weight":1.0,"played":[1.0,0.0,0.0],"evs":[0.0,-2.32663,-4.2476]},"42o":{"weight":1.0,"played":[1.0,0.0,0.0],"evs":[0.0,-2.15452,-3.98943]},"52o":{"weight":1.0,"played":[1.0,0.0,0.0],"evs":[0.0,-2.24158,-3.9472]},"62o":{"weight":1.0,"played":[1.0,0.0,0.0],"evs":[0.0,-2.52296,-4.401]},"72o":{"weight":1.0,"played":[1.0,0.0,0.0],"evs":[0.0,-2.79656,-4.85451]},"82o":{"weight":1.0,"played":[1.0,0.0,0.0],"evs":[0.0,-2.80108,-4.69203]},"92o":{"weight":1.0,"played":[1.0,0.0,0.0],"evs":[0.0,-2.68667,-4.56876]},"T2o":{"weight":1.0,"played":[1.0,0.0,0.0],"evs":[0.0,-2.85786,-4.67383]},"J2o":{"weight":1.0,"played":[1.0,0.0,0.0],"evs":[0.0,-2.59692,-4.63463]},"Q2o":{"weight":1.0,"played":[1.0,0.0,0.0],"evs":[0.0,-2.2627,-4.20219]},"K2o":{"weight":1.0,"played":[1.0,0.0,0.0],"evs":[0.0,-2.22698,-4.05477]},"A2o":{"weight":1.0,"played":[0.9999,1.0E-4,0.0],"evs":[0.0,-2.35203,-4.13608]},"32s":{"weight":1.0,"played":[1.0,0.0,0.0],"evs":[0.0,-1.69901,-3.47367]},"33":{"weight":1.0,"played":[1.0,0.0,0.0],"evs":[0.0,-1.56898,-2.36748]},"43o":{"weight":1.0,"played":[1.0,0.0,0.0],"evs":[0.0,-2.16709,-3.87093]},"53o":{"weight":1.0,"played":[1.0,0.0,0.0],"evs":[0.0,-2.11288,-3.65194]},"63o":{"weight":1.0,"played":[1.0,0.0,0.0],"evs":[0.0,-2.31979,-4.07706]},"73o":{"weight":1.0,"played":[1.0,0.0,0.0],"evs":[0.0,-2.41727,-4.26539]},"83o":{"weight":1.0,"played":[1.0,0.0,0.0],"evs":[0.0,-2.59864,-4.61419]},"93o":{"weight":1.0,"played":[1.0,0.0,0.0],"evs":[0.0,-2.55425,-4.48804]},"T3o":{"weight":1.0,"played":[1.0,0.0,0.0],"evs":[0.0,-2.49462,-4.32441]},"J3o":{"weight":1.0,"played":[1.0,0.0,0.0],"evs":[0.0,-2.54615,-4.44914]},"Q3o":{"weight":1.0,"played":[1.0,0.0,0.0],"evs":[0.0,-2.38371,-4.22135]},"K3o":{"weight":1.0,"played":[1.0,0.0,0.0],"evs":[0.0,-2.15139,-4.04136]},"A3o":{"weight":1.0,"played":[1.0,0.0,0.0],"evs":[0.0,-2.60391,-4.47982]},"42s":{"weight":1.0,"played":[0.9999,0.0,0.0],"evs":[0.0,-2.08768,-3.56089]},"43s":{"weight":1.0,"played":[1.0,0.0,0.0],"evs":[0.0,-1.25444,-2.66518]},"44":{"weight":1.0,"played":[1.0,0.0,0.0],"evs":[0.0,-1.65722,-2.25749]},"54o":{"weight":1.0,"played":[1.0,0.0,0.0],"evs":[0.0,-1.90859,-3.26555]},"64o":{"weight":1.0,"played":[0.9999,0.0,1.0E-4],"evs":[0.0,-1.65725,-3.17005]},"74o":{"weight":1.0,"played":[1.0,0.0,0.0],"evs":[0.0,-2.25016,-4.02165]},"84o":{"weight":1.0,"played":[1.0,0.0,0.0],"evs":[0.0,-2.33944,-3.99065]},"94o":{"weight":1.0,"played":[1.0,0.0,0.0],"evs":[0.0,-2.37603,-4.179]},"T4o":{"weight":1.0,"played":[1.0,0.0,0.0],"evs":[0.0,-2.73819,-4.57559]},"J4o":{"weight":1.0,"played":[1.0,0.0,0.0],"evs":[0.0,-2.63203,-4.41941]},"Q4o":{"weight":1.0,"played":[1.0,0.0,0.0],"evs":[0.0,-2.09863,-3.88927]},"K4o":{"weight":1.0,"played":[1.0,0.0,0.0],"evs":[0.0,-2.29425,-4.3602]},"A4o":{"weight":1.0,"played":[1.0,0.0,0.0],"evs":[0.0,-2.47271,-4.05969]},"52s":{"weight":1.0,"played":[1.0,0.0,0.0],"evs":[0.0,-1.85003,-3.45196]},"53s":{"weight":1.0,"played":[1.0,0.0,0.0],"evs":[0.0,-1.5559,-2.89101]},"54s":{"weight":1.0,"played":[0.999,0.001,0.0],"evs":[0.0,-1.3534,-2.48397]},"55":{"weight":1.0,"played":[0.9996,2.0E-4,2.0E-4],"evs":[0.0,-1.58193,-2.08716]},"65o":{"weight":1.0,"played":[1.0,0.0,0.0],"evs":[0.0,-1.72477,-3.22654]},"75o":{"weight":1.0,"played":[1.0,0.0,0.0],"evs":[0.0,-2.05879,-3.60076]},"85o":{"weight":1.0,"played":[1.0,0.0,0.0],"evs":[0.0,-2.27335,-3.73049]},"95o":{"weight":1.0,"played":[1.0,0.0,0.0],"evs":[0.0,-2.41484,-4.16081]},"T5o":{"weight":1.0,"played":[0.9999,0.0,0.0],"evs":[0.0,-2.63476,-4.47508]},"J5o":{"weight":1.0,"played":[1.0,0.0,0.0],"evs":[0.0,-2.2017,-3.75207]},"Q5o":{"weight":1.0,"played":[1.0,0.0,0.0],"evs":[0.0,-2.28495,-4.06792]},"K5o":{"weight":1.0,"played":[1.0,0.0,0.0],"evs":[0.0,-2.16888,-4.10241]},"A5o":{"weight":1.0,"played":[1.0,0.0,0.0],"evs":[0.0,-2.21186,-3.57696]},"62s":{"weight":1.0,"played":[1.0,0.0,0.0],"evs":[0.0,-1.64013,-3.19277]},"63s":{"weight":1.0,"played":[0.9992,2.0E-4,6.0E-4],"evs":[0.0,-1.59624,-2.80371]},"64s":{"weight":1.0,"played":[1.0,0.0,0.0],"evs":[0.0,-1.71455,-2.83955]},"65s":{"weight":1.0,"played":[0.9881,0.0063,0.0056],"evs":[0.0,-1.1529,-2.44342]},"66":{"weight":1.0,"played":[0.9998,0.0,1.0E-4],"evs":[0.0,-1.22579,-1.48663]},"76o":{"weight":1.0,"played":[1.0,0.0,0.0],"evs":[0.0,-1.66058,-2.99224]},"86o":{"weight":1.0,"played":[1.0,0.0,0.0],"evs":[0.0,-2.17974,-3.50468]},"96o":{"weight":1.0,"played":[1.0,0.0,0.0],"evs":[0.0,-2.13605,-3.86435]},"T6o":{"weight":1.0,"played":[1.0,0.0,0.0],"evs":[0.0,-2.35251,-4.02262]},"J6o":{"weight":1.0,"played":[1.0,0.0,0.0],"evs":[0.0,-2.273,-4.0424]},"Q6o":{"weight":1.0,"played":[1.0,0.0,0.0],"evs":[0.0,-2.20812,-3.95854]},"K6o":{"weight":1.0,"played":[1.0,0.0,0.0],"evs":[0.0,-2.13808,-3.89433]},"A6o":{"weight":1.0,"played":[1.0,0.0,0.0],"evs":[0.0,-2.45036,-3.86696]},"72s":{"weight":1.0,"played":[1.0,0.0,0.0],"evs":[0.0,-2.26041,-3.83569]},"73s":{"weight":1.0,"played":[1.0,0.0,0.0],"evs":[0.0,-1.75089,-2.99681]},"74s":{"weight":1.0,"played":[0.9993,7.0E-4,0.0],"evs":[0.0,-1.44597,-2.78256]},"75s":{"weight":1.0,"played":[1.0,0.0,0.0],"evs":[0.0,-1.63907,-2.99498]},"76s":{"weight":1.0,"played":[1.0,0.0,0.0],"evs":[0.0,-1.47634,-2.89984]},"77":{"weight":1.0,"played":[0.9998,1.0E-4,1.0E-4],"evs":[0.0,-1.30966,-1.54876]},"87o":{"weight":1.0,"played":[0.9998,0.0,2.0E-4],"evs":[0.0,-1.8511,-3.27477]},"97o":{"weight":1.0,"played":[1.0,0.0,0.0],"evs":[0.0,-2.15975,-3.54205]},"T7o":{"weight":1.0,"played":[1.0,0.0,0.0],"evs":[0.0,-2.05742,-3.63063]},"J7o":{"weight":1.0,"played":[1.0,0.0,0.0],"evs":[0.0,-2.54796,-4.3264]},"Q7o":{"weight":1.0,"played":[1.0,0.0,0.0],"evs":[0.0,-1.97339,-3.80722]},"K7o":{"weight":1.0,"played":[1.0,0.0,0.0],"evs":[0.0,-2.48527,-4.45063]},"A7o":{"weight":1.0,"played":[1.0,0.0,0.0],"evs":[0.0,-2.45922,-4.09431]},"82s":{"weight":1.0,"played":[0.9998,2.0E-4,0.0],"evs":[0.0,-1.78842,-3.40995]},"83s":{"weight":1.0,"played":[0.9999,0.0,0.0],"evs":[0.0,-2.29712,-3.89233]},"84s":{"weight":1.0,"played":[1.0,0.0,0.0],"evs":[0.0,-1.51545,-2.77322]},"85s":{"weight":1.0,"played":[0.9756,0.0243,1.0E-4],"evs":[0.0,-1.51587,-2.81953]},"86s":{"weight":1.0,"played":[0.9999,0.0,0.0],"evs":[0.0,-1.59603,-2.9173]},"87s":{"weight":1.0,"played":[0.9832,0.0168,0.0],"evs":[0.0,-1.2382,-2.60454]},"88":{"weight":1.0,"played":[0.999,1.0E-4,9.0E-4],"evs":[0.0,-0.67869,-0.59742]},"98o":{"weight":1.0,"played":[0.9999,0.0,0.0],"evs":[0.0,-1.80089,-3.18926]},"T8o":{"weight":1.0,"played":[0.9999,1.0E-4,0.0],"evs":[0.0,-2.12648,-3.71489]},"J8o":{"weight":1.0,"played":[1.0,0.0,0.0],"evs":[0.0,-2.19135,-3.77365]},"Q8o":{"weight":1.0,"played":[1.0,0.0,0.0],"evs":[0.0,-1.78613,-3.3251]},"K8o":{"weight":1.0,"played":[1.0,0.0,0.0],"evs":[0.0,-2.09855,-4.05911]},"A8o":{"weight":1.0,"played":[1.0,0.0,0.0],"evs":[0.0,-2.49977,-3.92424]},"92s":{"weight":1.0,"played":[0.9999,0.0,0.0],"evs":[0.0,-2.1231,-3.73251]},"93s":{"weight":1.0,"played":[1.0,0.0,0.0],"evs":[0.0,-1.62473,-3.0504]},"94s":{"weight":1.0,"played":[0.9997,2.0E-4,1.0E-4],"evs":[0.0,-2.18974,-3.54736]},"95s":{"weight":1.0,"played":[1.0,0.0,0.0],"evs":[0.0,-2.08403,-3.51428]},"96s":{"weight":1.0,"played":[0.9996,4.0E-4,0.0],"evs":[0.0,-1.68466,-3.15394]},"97s":{"weight":1.0,"played":[0.9959,0.004,1.0E-4],"evs":[0.0,-1.36121,-2.6307]},"98s":{"weight":1.0,"played":[0.9994,1.0E-4,5.0E-4],"evs":[0.0,-1.6123,-2.55442]},"99":{"weight":1.0,"played":[0.9414,0.0097,0.0489],"evs":[0.0,-0.70274,-0.43713]},"T9o":{"weight":1.0,"played":[1.0,0.0,0.0],"evs":[0.0,-1.94963,-3.39873]},"J9o":{"weight":1.0,"played":[1.0,0.0,0.0],"evs":[0.0,-2.14639,-3.73275]},"Q9o":{"weight":1.0,"played":[1.0,0.0,0.0],"evs":[0.0,-1.94019,-3.47034]},"K9o":{"weight":1.0,"played":[1.0,0.0,0.0],"evs":[0.0,-2.12555,-3.88205]},"A9o":{"weight":1.0,"played":[0.9999,0.0,1.0E-4],"evs":[0.0,-2.42616,-3.51996]},"T2s":{"weight":1.0,"played":[0.9999,1.0E-4,0.0],"evs":[0.0,-1.89532,-3.60232]},"T3s":{"weight":1.0,"played":[0.9999,0.0,1.0E-4],"evs":[0.0,-2.08898,-3.86669]},"T4s":{"weight":1.0,"played":[0.9999,1.0E-4,0.0],"evs":[0.0,-2.09552,-3.50096]},"T5s":{"weight":1.0,"played":[0.9999,0.0,0.0],"evs":[0.0,-2.08402,-3.45706]},"T6s":{"weight":1.0,"played":[0.999,7.0E-4,2.0E-4],"evs":[0.0,-1.73492,-3.40207]},"T7s":{"weight":1.0,"played":[0.9997,1.0E-4,2.0E-4],"evs":[0.0,-1.43216,-2.3908]},"T8s":{"weight":1.0,"played":[0.9993,2.0E-4,5.0E-4],"evs":[0.0,-1.72372,-2.95549]},"T9s":{"weight":1.0,"played":[0.9994,6.0E-4,0.0],"evs":[0.0,-1.32829,-2.75198]},"TT":{"weight":1.0,"played":[0.2206,0.0054,0.774],"evs":[0.0,0.02535,0.37788]},"JTo":{"weight":1.0,"played":[1.0,0.0,0.0],"evs":[0.0,-2.01436,-3.6674]},"QTo":{"weight":1.0,"played":[1.0,0.0,0.0],"evs":[0.0,-1.56944,-3.18071]},"KTo":{"weight":1.0,"played":[0.9999,1.0E-4,0.0],"evs":[0.0,-2.0482,-3.49818]},"ATo":{"weight":1.0,"played":[0.9991,9.0E-4,0.0],"evs":[0.0,-2.13039,-2.79134]},"J2s":{"weight":1.0,"played":[0.9998,1.0E-4,1.0E-4],"evs":[0.0,-1.69896,-3.22467]},"J3s":{"weight":1.0,"played":[0.9999,1.0E-4,0.0],"evs":[0.0,-2.02148,-3.75629]},"J4s":{"weight":1.0,"played":[0.9996,4.0E-4,0.0],"evs":[0.0,-1.73443,-3.61188]},"J5s":{"weight":1.0,"played":[1.0,0.0,0.0],"evs":[0.0,-1.7025,-3.36479]},"J6s":{"weight":1.0,"played":[0.9998,2.0E-4,0.0],"evs":[0.0,-1.22428,-2.62806]},"J7s":{"weight":1.0,"played":[0.9992,7.0E-4,1.0E-4],"evs":[0.0,-1.8454,-3.38226]},"J8s":{"weight":1.0,"played":[0.9999,0.0,0.0],"evs":[0.0,-1.55011,-2.89555]},"J9s":{"weight":1.0,"played":[1.0,0.0,0.0],"evs":[0.0,-1.9561,-3.27552]},"JTs":{"weight":1.0,"played":[0.9999,0.0,0.0],"evs":[0.0,-1.22232,-2.31164]},"JJ":{"weight":1.0,"played":[0.0,0.0456,0.9544],"evs":[0.0,0.99312,1.23953]},"QJo":{"weight":1.0,"played":[1.0,0.0,0.0],"evs":[0.0,-1.66736,-3.05473]},"KJo":{"weight":1.0,"played":[1.0,0.0,0.0],"evs":[0.0,-1.98873,-3.43836]},"AJo":{"weight":1.0,"played":[1.0,0.0,0.0],"evs":[0.0,-1.79853,-2.23047]},"Q2s":{"weight":1.0,"played":[0.9996,2.0E-4,1.0E-4],"evs":[0.0,-2.15497,-3.75022]},"Q3s":{"weight":1.0,"played":[1.0,0.0,0.0],"evs":[0.0,-1.24905,-2.89808]},"Q4s":{"weight":1.0,"played":[1.0,0.0,0.0],"evs":[0.0,-1.60677,-3.16907]},"Q5s":{"weight":1.0,"played":[0.9993,4.0E-4,3.0E-4],"evs":[0.0,-2.00657,-3.2751]},"Q6s":{"weight":1.0,"played":[0.999,7.0E-4,3.0E-4],"evs":[0.0,-1.22564,-2.45416]},"Q7s":{"weight":1.0,"played":[0.9989,8.0E-4,3.0E-4],"evs":[0.0,-1.93693,-3.30457]},"Q8s":{"weight":1.0,"played":[0.9985,0.0013,1.0E-4],"evs":[0.0,-1.4094,-2.98248]},"Q9s":{"weight":1.0,"played":[1.0,0.0,0.0],"evs":[0.0,-1.28703,-2.66065]},"QTs":{"weight":1.0,"played":[0.9992,8.0E-4,0.0],"evs":[0.0,-0.92331,-1.93206]},"QJs":{"weight":1.0,"played":[0.9994,3.0E-4,2.0E-4],"evs":[0.0,-1.23112,-2.40835]},"QQ":{"weight":1.0,"played":[3.0E-4,0.0532,0.9465],"evs":[0.0,2.38796,2.57505]},"KQo":{"weight":1.0,"played":[0.9998,1.0E-4,1.0E-4],"evs":[0.0,-1.46356,-2.54427]},"AQo":{"weight":1.0,"played":[0.9992,3.0E-4,5.0E-4],"evs":[0.0,-1.31544,-1.43501]},"K2s":{"weight":1.0,"played":[0.9999,0.0,0.0],"evs":[0.0,-1.71814,-3.45802]},"K3s":{"weight":1.0,"played":[0.9998,1.0E-4,1.0E-4],"evs":[0.0,-1.51149,-3.2561]},"K4s":{"weight":1.0,"played":[0.9994,2.0E-4,4.0E-4],"evs":[0.0,-2.02739,-3.61874]},"K5s":{"weight":1.0,"played":[0.9983,0.0013,3.0E-4],"evs":[0.0,-1.64622,-3.25361]},"K6s":{"weight":1.0,"played":[1.0,0.0,0.0],"evs":[0.0,-1.4704,-2.9283]},"K7s":{"weight":1.0,"played":[1.0,0.0,0.0],"evs":[0.0,-1.7782,-3.73846]},"K8s":{"weight":1.0,"played":[0.9995,4.0E-4,1.0E-4],"evs":[0.0,-1.43355,-2.98419]},"K9s":{"weight":1.0,"played":[0.9992,6.0E-4,1.0E-4],"evs":[0.0,-2.03322,-3.44393]},"KTs":{"weight":1.0,"played":[0.9998,2.0E-4,0.0],"evs":[0.0,-1.54221,-3.00491]},"KJs":{"weight":1.0,"played":[1.0,0.0,0.0],"evs":[0.0,-1.09507,-2.56538]},"KQs":{"weight":1.0,"played":[0.9998,1.0E-4,0.0],"evs":[0.0,-0.15073,-1.0346]},"KK":{"weight":1.0,"played":[0.0,0.3455,0.6545],"evs":[0.0,4.0564,4.00306]},"AKo":{"weight":1.0,"played":[0.8576,0.0322,0.1101],"evs":[0.0,-0.28479,-0.22966]},"A2s":{"weight":1.0,"played":[1.0,0.0,0.0],"evs":[0.0,-2.10395,-3.53181]},"A3s":{"weight":1.0,"played":[0.9998,1.0E-4,2.0E-4],"evs":[0.0,-1.00747,-2.48106]},"A4s":{"weight":1.0,"played":[0.9944,0.0051,6.0E-4],"evs":[0.0,-2.11345,-3.19164]},"A5s":{"weight":1.0,"played":[0.9995,4.0E-4,1.0E-4],"evs":[0.0,-1.63248,-2.82826]},"A6s":{"weight":1.0,"played":[0.9993,4.0E-4,3.0E-4],"evs":[0.0,-1.56813,-2.6922]},"A7s":{"weight":1.0,"played":[0.998,0.0014,6.0E-4],"evs":[0.0,-1.92345,-3.05015]},"A8s":{"weight":1.0,"played":[0.9968,0.0021,0.0011],"evs":[0.0,-1.93614,-3.10085]},"A9s":{"weight":1.0,"played":[0.9998,1.0E-4,1.0E-4],"evs":[0.0,-1.7142,-2.80173]},"ATs":{"weight":1.0,"played":[0.9986,2.0E-4,0.0012],"evs":[0.0,-2.19224,-3.03711]},"AJs":{"weight":1.0,"played":[0.9994,4.0E-4,1.0E-4],"evs":[0.0,-1.17117,-1.48755]},"AQs":{"weight":1.0,"played":[0.8345,0.0872,0.0783],"evs":[0.0,-0.55615,-0.77059]},"AKs":{"weight":1.0,"played":[0.0621,0.4934,0.4444],"evs":[0.0,0.31234,0.23422]},"AA":{"weight":1.0,"played":[0.0,0.0,1.0],"evs":[0.0,8.2557,8.44121]}}}