{"player":6,"street":0,"children":2,"sequence":[{"player":0,"type":"R","amount":14240000,"street":0},{"player":1,"type":"F","amount":0,"street":0},{"player":2,"type":"F","amount":0,"street":0},{"player":3,"type":"F","amount":0,"street":0},{"player":4,"type":"R","amount":22240000,"street":0},{"player":5,"type":"C","amount":11360000,"street":0}],"actions":[{"type":"F","amount":0},{"type":"C","amount":19040000}],"hands":{"22":{"weight":1.0,"played":[1.0,0.0],"evs":[0.0,-2.80838]},"32o":{"weight":1.0,"played":[1.0,0.0],"evs":[0.0,-4.60319]},"42o":{"weight":1.0,"played":[1.0,0.0],"evs":[0.0,-4.31569]},"52o":{"weight":1.0,"played":[1.0,0.0],"evs":[0.0,-4.14734]},"62o":{"weight":1.0,"played":[1.0,0.0],"evs":[0.0,-4.44311]},"72o":{"weight":1.0,"played":[1.0,0.0],"evs":[0.0,-4.69049]},"82o":{"weight":1.0,"played":[1.0,0.0],"evs":[0.0,-4.49034]},"92o":{"weight":1.0,"played":[1.0,0.0],"evs":[0.0,-4.69189]},"T2o":{"weight":1.0,"played":[1.0,0.0],"evs":[0.0,-4.8893]},"J2o":{"weight":1.0,"played":[1.0,0.0],"evs":[0.0,-4.78688]},"Q2o":{"weight":1.0,"played":[1.0,0.0],"evs":[0.0,-4.52402]},"K2o":{"weight":1.0,"played":[1.0,0.0],"evs":[0.0,-4.3899]},"A2o":{"weight":1.0,"played":[1.0,0.0],"evs":[0.0,-3.92674]},"32s":{"weight":1.0,"played":[1.0,0.0],"evs":[0.0,-3.62572]},"33":{"weight":1.0,"played":[1.0,0.0],"evs":[0.0,-2.62436]},"43o":{"weight":1.0,"played":[1.0,0.0],"evs":[0.0,-3.98675]},"53o":{"weight":1.0,"played":[1.0,0.0],"evs":[0.0,-4.03706]},"63o":{"weight":1.0,"played":[1.0,0.0],"evs":[0.0,-4.35916]},"73o":{"weight":1.0,"played":[1.0,0.0],"evs":[0.0,-4.46008]},"83o":{"weight":1.0,"played":[1.0,0.0],"evs":[0.0,-4.54787]},"93o":{"weight":1.0,"played":[1.0,0.0],"evs":[0.0,-4.46372]},"T3o":{"weight":1.0,"played":[1.0,0.0],"evs":[0.0,-4.73662]},"J3o":{"weight":1.0,"played":[1.0,0.0],"evs":[0.0,-4.75959]},"Q3o":{"weight":1.0,"played":[1.0,0.0],"evs":[0.0,-4.63246]},"K3o":{"weight":1.0,"played":[1.0,0.0],"evs":[0.0,-4.22616]},"A3o":{"weight":1.0,"played":[1.0,0.0],"evs":[0.0,-3.8259]},"42s":{"weight":1.0,"played":[0.9999,1.0E-4],"evs":[0.0,-4.04093]},"43s":{"weight":1.0,"played":[1.0,0.0],"evs":[0.0,-3.28395]},"44":{"weight":1.0,"played":[1.0,0.0],"evs":[0.0,-2.08106]},"54o":{"weight":1.0,"played":[1.0,0.0],"evs":[0.0,-3.5078]},"64o":{"weight":1.0,"played":[1.0,0.0],"evs":[0.0,-3.5924]},"74o":{"weight":1.0,"played":[1.0,0.0],"evs":[0.0,-4.03479]},"84o":{"weight":1.0,"played":[1.0,0.0],"evs":[0.0,-4.06716]},"94o":{"weight":1.0,"played":[1.0,0.0],"evs":[0.0,-4.50058]},"T4o":{"weight":1.0,"played":[1.0,0.0],"evs":[0.0,-4.37996]},"J4o":{"weight":1.0,"played":[1.0,0.0],"evs":[0.0,-4.17631]},"Q4o":{"weight":1.0,"played":[1.0,0.0],"evs":[0.0,-4.13171]},"K4o":{"weight":1.0,"played":[1.0,0.0],"evs":[0.0,-3.92037]},"A4o":{"weight":1.0,"played":[1.0,0.0],"evs":[0.0,-3.7517]},"52s":{"weight":1.0,"played":[1.0,0.0],"evs":[0.0,-2.7193]},"53s":{"weight":1.0,"played":[1.0,0.0],"evs":[0.0,-2.9491]},"54s":{"weight":1.0,"played":[0.9999,1.0E-4],"evs":[0.0,-2.27807]},"55":{"weight":1.0,"played":[0.9998,2.0E-4],"evs":[0.0,-1.90848]},"65o":{"weight":1.0,"played":[1.0,0.0],"evs":[0.0,-3.06564]},"75o":{"weight":1.0,"played":[1.0,0.0],"evs":[0.0,-3.3096]},"85o":{"weight":1.0,"played":[1.0,0.0],"evs":[0.0,-3.8942]},"95o":{"weight":1.0,"played":[1.0,0.0],"evs":[0.0,-3.77413]},"T5o":{"weight":1.0,"played":[1.0,0.0],"evs":[0.0,-4.48924]},"J5o":{"weight":1.0,"played":[1.0,0.0],"evs":[0.0,-4.29139]},"Q5o":{"weight":1.0,"played":[1.0,0.0],"evs":[0.0,-4.11883]},"K5o":{"weight":1.0,"played":[1.0,0.0],"evs":[0.0,-3.86662]},"A5o":{"weight":1.0,"played":[1.0,0.0],"evs":[0.0,-3.65551]},"62s":{"weight":1.0,"played":[1.0,0.0],"evs":[0.0,-3.58699]},"63s":{"weight":1.0,"played":[0.9998,2.0E-4],"evs":[0.0,-3.34297]},"64s":{"weight":1.0,"played":[1.0,0.0],"evs":[0.0,-2.81129]},"65s":{"weight":1.0,"played":[0.9997,3.0E-4],"evs":[0.0,-1.93595]},"66":{"weight":1.0,"played":[1.0,0.0],"evs":[0.0,-0.82204]},"76o":{"weight":1.0,"played":[1.0,0.0],"evs":[0.0,-3.23582]},"86o":{"weight":1.0,"played":[1.0,0.0],"evs":[0.0,-3.26663]},"96o":{"weight":1.0,"played":[1.0,0.0],"evs":[0.0,-3.52146]},"T6o":{"weight":1.0,"played":[1.0,0.0],"evs":[0.0,-3.85266]},"J6o":{"weight":1.0,"played":[1.0,0.0],"evs":[0.0,-4.03094]},"Q6o":{"weight":1.0,"played":[1.0,0.0],"evs":[0.0,-4.10104]},"K6o":{"weight":1.0,"played":[1.0,0.0],"evs":[0.0,-3.91666]},"A6o":{"weight":1.0,"played":[1.0,0.0],"evs":[0.0,-3.68367]},"72s":{"weight":1.0,"played":[1.0,0.0],"evs":[0.0,-3.70387]},"73s":{"weight":1.0,"played":[0.9992,8.0E-4],"evs":[0.0,-3.0365]},"74s":{"weight":1.0,"played":[1.0,0.0],"evs":[0.0,-3.08232]},"75s":{"weight":1.0,"played":[1.0,0.0],"evs":[0.0,-2.54276]},"76s":{"weight":1.0,"played":[1.0,0.0],"evs":[0.0,-2.31971]},"77":{"weight":1.0,"played":[0.9984,0.0016],"evs":[0.0,-0.86464]},"87o":{"weight":1.0,"played":[1.0,0.0],"evs":[0.0,-3.20507]},"97o":{"weight":1.0,"played":[1.0,0.0],"evs":[0.0,-3.4549]},"T7o":{"weight":1.0,"played":[1.0,0.0],"evs":[0.0,-3.65053]},"J7o":{"weight":1.0,"played":[1.0,0.0],"evs":[0.0,-3.72531]},"Q7o":{"weight":1.0,"played":[1.0,0.0],"evs":[0.0,-4.08025]},"K7o":{"weight":1.0,"played":[1.0,0.0],"evs":[0.0,-3.65729]},"A7o":{"weight":1.0,"played":[1.0,0.0],"evs":[0.0,-3.69096]},"82s":{"weight":1.0,"played":[1.0,0.0],"evs":[0.0,-3.90999]},"83s":{"weight":1.0,"played":[1.0,0.0],"evs":[0.0,-3.70435]},"84s":{"weight":1.0,"played":[1.0,0.0],"evs":[0.0,-3.39318]},"85s":{"weight":1.0,"played":[0.9998,2.0E-4],"evs":[0.0,-2.36198]},"86s":{"weight":1.0,"played":[1.0,0.0],"evs":[0.0,-2.37719]},"87s":{"weight":1.0,"played":[1.0,0.0],"evs":[0.0,-2.58073]},"88":{"weight":1.0,"played":[0.9971,0.0029],"evs":[0.0,-1.00247]},"98o":{"weight":1.0,"played":[1.0,0.0],"evs":[0.0,-3.41455]},"T8o":{"weight":1.0,"played":[1.0,0.0],"evs":[0.0,-3.67422]},"J8o":{"weight":1.0,"played":[1.0,0.0],"evs":[0.0,-3.46194]},"Q8o":{"weight":1.0,"played":[1.0,0.0],"evs":[0.0,-3.49]},"K8o":{"weight":1.0,"played":[1.0,0.0],"evs":[0.0,-3.71149]},"A8o":{"weight":1.0,"played":[1.0,0.0],"evs":[0.0,-3.59364]},"92s":{"weight":1.0,"played":[1.0,0.0],"evs":[0.0,-4.10432]},"93s":{"weight":1.0,"played":[1.0,0.0],"evs":[0.0,-4.0618]},"94s":{"weight":1.0,"played":[1.0,0.0],"evs":[0.0,-3.40079]},"95s":{"weight":1.0,"played":[1.0,0.0],"evs":[0.0,-3.01045]},"96s":{"weight":1.0,"played":[1.0,0.0],"evs":[0.0,-2.59855]},"97s":{"weight":1.0,"played":[0.9999,1.0E-4],"evs":[0.0,-1.92998]},"98s":{"weight":1.0,"played":[0.9999,1.0E-4],"evs":[0.0,-2.31643]},"99":{"weight":1.0,"played":[0.8945,0.1055],"evs":[0.0,-0.25661]},"T9o":{"weight":1.0,"played":[0.9999,1.0E-4],"evs":[0.0,-3.36985]},"J9o":{"weight":1.0,"played":[1.0,0.0],"evs":[0.0,-3.66249]},"Q9o":{"weight":1.0,"played":[1.0,0.0],"evs":[0.0,-3.46856]},"K9o":{"weight":1.0,"played":[1.0,0.0],"evs":[0.0,-3.6596]},"A9o":{"weight":1.0,"played":[1.0,0.0],"evs":[0.0,-3.57319]},"T2s":{"weight":1.0,"played":[0.9999,1.0E-4],"evs":[0.0,-4.05652]},"T3s":{"weight":1.0,"played":[1.0,0.0],"evs":[0.0,-3.48278]},"T4s":{"weight":1.0,"played":[1.0,0.0],"evs":[0.0,-3.93502]},"T5s":{"weight":1.0,"played":[1.0,0.0],"evs":[0.0,-3.29902]},"T6s":{"weight":1.0,"played":[0.9997,3.0E-4],"evs":[0.0,-3.41426]},"T7s":{"weight":1.0,"played":[1.0,0.0],"evs":[0.0,-2.8101]},"T8s":{"weight":1.0,"played":[1.0,0.0],"evs":[0.0,-2.46732]},"T9s":{"weight":1.0,"played":[0.9996,4.0E-4],"evs":[0.0,-2.29316]},"TT":{"weight":1.0,"played":[0.2593,0.7407],"evs":[0.0,-0.09603]},"JTo":{"weight":1.0,"played":[1.0,0.0],"evs":[0.0,-3.25232]},"QTo":{"weight":1.0,"played":[1.0,0.0],"evs":[0.0,-3.48915]},"KTo":{"weight":1.0,"played":[1.0,0.0],"evs":[0.0,-3.38578]},"ATo":{"weight":1.0,"played":[0.9999,1.0E-4],"evs":[0.0,-3.07378]},"J2s":{"weight":1.0,"played":[1.0,0.0],"evs":[0.0,-4.03077]},"J3s":{"weight":1.0,"played":[1.0,0.0],"evs":[0.0,-3.74356]},"J4s":{"weight":1.0,"played":[1.0,0.0],"evs":[0.0,-3.54413]},"J5s":{"weight":1.0,"played":[1.0,0.0],"evs":[0.0,-3.56408]},"J6s":{"weight":1.0,"played":[1.0,0.0],"evs":[0.0,-3.12923]},"J7s":{"weight":1.0,"played":[1.0,0.0],"evs":[0.0,-3.22685]},"J8s":{"weight":1.0,"played":[1.0,0.0],"evs":[0.0,-2.69388]},"J9s":{"weight":1.0,"played":[0.9999,1.0E-4],"evs":[0.0,-2.7975]},"JTs":{"weight":1.0,"played":[1.0,0.0],"evs":[0.0,-2.11123]},"JJ":{"weight":1.0,"played":[1.0E-4,0.9999],"evs":[0.0,1.30038]},"QJo":{"weight":1.0,"played":[1.0,0.0],"evs":[0.0,-3.352]},"KJo":{"weight":1.0,"played":[1.0,0.0],"evs":[0.0,-3.25957]},"AJo":{"weight":1.0,"played":[0.9999,1.0E-4],"evs":[0.0,-2.04443]},"Q2s":{"weight":1.0,"played":[0.9993,7.0E-4],"evs":[0.0,-3.6211]},"Q3s":{"weight":1.0,"played":[1.0,0.0],"evs":[0.0,-3.57062]},"Q4s":{"weight":1.0,"played":[1.0,0.0],"evs":[0.0,-3.22949]},"Q5s":{"weight":1.0,"played":[0.9999,1.0E-4],"evs":[0.0,-3.48351]},"Q6s":{"weight":1.0,"played":[0.9999,1.0E-4],"evs":[0.0,-3.19669]},"Q7s":{"weight":1.0,"played":[1.0,0.0],"evs":[0.0,-3.01589]},"Q8s":{"weight":1.0,"played":[0.9998,2.0E-4],"evs":[0.0,-2.9654]},"Q9s":{"weight":1.0,"played":[1.0,0.0],"evs":[0.0,-2.25415]},"QTs":{"weight":1.0,"played":[0.9996,4.0E-4],"evs":[0.0,-2.78988]},"QJs":{"weight":1.0,"played":[0.9999,1.0E-4],"evs":[0.0,-2.19173]},"QQ":{"weight":1.0,"played":[1.0E-4,0.9999],"evs":[0.0,2.56526]},"KQo":{"weight":1.0,"played":[1.0,0.0],"evs":[0.0,-2.72001]},"AQo":{"weight":1.0,"played":[1.0,0.0],"evs":[0.0,-1.11833]},"K2s":{"weight":1.0,"played":[1.0,0.0],"evs":[0.0,-2.90244]},"K3s":{"weight":1.0,"played":[1.0,0.0],"evs":[0.0,-3.38956]},"K4s":{"weight":1.0,"played":[0.9999,1.0E-4],"evs":[0.0,-2.83244]},"K5s":{"weight":1.0,"played":[0.9998,2.0E-4],"evs":[0.0,-2.63872]},"K6s":{"weight":1.0,"played":[1.0,0.0],"evs":[0.0,-3.32335]},"K7s":{"weight":1.0,"played":[1.0,0.0],"evs":[0.0,-2.61904]},"K8s":{"weight":1.0,"played":[0.9996,4.0E-4],"evs":[0.0,-3.03475]},"K9s":{"weight":1.0,"played":[0.9988,0.0012],"evs":[0.0,-2.67718]},"KTs":{"weight":1.0,"played":[0.9996,4.0E-4],"evs":[0.0,-2.7153]},"KJs":{"weight":1.0,"played":[0.9999,1.0E-4],"evs":[0.0,-2.26216]},"KQs":{"weight":1.0,"played":[0.998,0.002],"evs":[0.0,-1.19339]},"KK":{"weight":1.0,"played":[0.0,1.0],"evs":[0.0,4.57964]},"AKo":{"weight":1.0,"played":[0.8869,0.1131],"evs":[0.0,-0.39981]},"A2s":{"weight":1.0,"played":[1.0,0.0],"evs":[0.0,-3.02383]},"A3s":{"weight":1.0,"played":[1.0,0.0],"evs":[0.0,-3.49497]},"A4s":{"weight":1.0,"played":[1.0,0.0],"evs":[0.0,-3.05176]},"A5s":{"weight":1.0,"played":[1.0,0.0],"evs":[0.0,-2.57599]},"A6s":{"weight":1.0,"played":[0.9999,1.0E-4],"evs":[0.0,-3.03403]},"A7s":{"weight":1.0,"played":[0.9991,9.0E-4],"evs":[0.0,-2.68928]},"A8s":{"weight":1.0,"played":[0.9986,0.0014],"evs":[0.0,-2.39258]},"A9s":{"weight":1.0,"played":[1.0,0.0],"evs":[0.0,-2.56211]},"ATs":{"weight":1.0,"played":[0.9992,8.0E-4],"evs":[0.0,-1.68955]},"AJs":{"weight":1.0,"played":[0.9995,5.0E-4],"evs":[0.0,-1.48735]},"AQs":{"weight":1.0,"played":[0.9909,0.0091],"evs":[0.0,-0.19591]},"AKs":{"weight":1.0,"played":[3.0E-4,0.9997],"evs":[0.0,0.60801]},"AA":{"weight":1.0,"played":[0.0,1.0],"evs":[0.0,7.91887]}}}