{"player":3,"street":0,"children":2,"sequence":[{"player":0,"type":"R","amount":14240000,"street":0},{"player":1,"type":"F","amount":0,"street":0},{"player":2,"type":"F","amount":0,"street":0},{"player":3,"type":"C","amount":14240000,"street":0},{"player":4,"type":"F","amount":0,"street":0},{"player":5,"type":"C","amount":11360000,"street":0},{"player":6,"type":"R","amount":22240000,"street":0}],"actions":[{"type":"F","amount":0},{"type":"C","amount":8000000}],"hands":{"22":{"weight":0.0,"played":[1.0E-4,0.9999],"evs":[0.0,1.43973]},"32o":{"weight":0.0,"played":[0.2452,0.7548],"evs":[0.0,0.45205]},"42o":{"weight":0.0,"played":[0.0146,0.9854],"evs":[0.0,0.32703]},"52o":{"weight":0.0,"played":[0.0054,0.9946],"evs":[0.0,0.32534]},"62o":{"weight":0.0,"played":[0.6113,0.3887],"evs":[0.0,-0.06896]},"72o":{"weight":0.0,"played":[0.656,0.344],"evs":[0.0,-0.32657]},"82o":{"weight":0.0,"played":[0.5716,0.4284],"evs":[0.0,-0.00566]},"92o":{"weight":0.0,"played":[0.6905,0.3095],"evs":[0.0,-0.09628]},"T2o":{"weight":0.0,"played":[0.7225,0.2775],"evs":[0.0,-0.17676]},"J2o":{"weight":0.0,"played":[0.1711,0.8289],"evs":[0.0,-0.09082]},"Q2o":{"weight":0.0,"played":[0.304,0.696],"evs":[0.0,0.26334]},"K2o":{"weight":0.0,"played":[0.0446,0.9554],"evs":[0.0,0.15275]},"A2o":{"weight":0.0,"played":[0.003,0.997],"evs":[0.0,0.87372]},"32s":{"weight":0.0,"played":[0.0018,0.9982],"evs":[0.0,1.24207]},"33":{"weight":0.6119,"played":[0.0,1.0],"evs":[0.0,1.39785]},"43o":{"weight":0.0,"played":[0.0997,0.9003],"evs":[0.0,1.00276]},"53o":{"weight":0.0,"played":[7.0E-4,0.9993],"evs":[0.0,0.86888]},"63o":{"weight":0.0,"played":[0.0062,0.9938],"evs":[0.0,0.56843]},"73o":{"weight":0.0,"played":[0.2872,0.7128],"evs":[0.0,0.18194]},"83o":{"weight":0.0,"played":[0.9219,0.0781],"evs":[0.0,-0.14724]},"93o":{"weight":0.0,"played":[0.4755,0.5245],"evs":[0.0,-0.12561]},"T3o":{"weight":0.0,"played":[0.5232,0.4768],"evs":[0.0,-0.11782]},"J3o":{"weight":0.0,"played":[0.7136,0.2864],"evs":[0.0,-0.23696]},"Q3o":{"weight":0.0,"played":[0.0153,0.9847],"evs":[0.0,0.44996]},"K3o":{"weight":0.0,"played":[2.0E-4,0.9998],"evs":[0.0,1.10243]},"A3o":{"weight":0.0,"played":[0.0,1.0],"evs":[0.0,1.45347]},"42s":{"weight":0.0,"played":[0.0,1.0],"evs":[0.0,1.07219]},"43s":{"weight":0.0,"played":[0.0139,0.9861],"evs":[0.0,1.66177]},"44":{"weight":0.9972,"played":[0.0106,0.9894],"evs":[0.0,1.05837]},"54o":{"weight":0.0,"played":[0.003,0.997],"evs":[0.0,1.25427]},"64o":{"weight":0.0,"played":[0.023,0.977],"evs":[0.0,1.04761]},"74o":{"weight":0.0,"played":[0.0027,0.9973],"evs":[0.0,0.49443]},"84o":{"weight":0.0,"played":[0.1083,0.8917],"evs":[0.0,0.68666]},"94o":{"weight":0.0,"played":[0.306,0.694],"evs":[0.0,-0.04268]},"T4o":{"weight":0.0,"played":[0.7966,0.2034],"evs":[0.0,-0.47648]},"J4o":{"weight":0.0,"played":[0.0192,0.9808],"evs":[0.0,-0.01369]},"Q4o":{"weight":0.0,"played":[0.0785,0.9215],"evs":[0.0,0.45775]},"K4o":{"weight":0.0,"played":[0.0,1.0],"evs":[0.0,1.68867]},"A4o":{"weight":0.0,"played":[0.0,1.0],"evs":[0.0,1.40634]},"52s":{"weight":0.0,"played":[0.0024,0.9976],"evs":[0.0,1.00768]},"53s":{"weight":0.0,"played":[8.0E-4,0.9992],"evs":[0.0,2.29078]},"54s":{"weight":0.0,"played":[0.0074,0.9926],"evs":[0.0,1.60284]},"55":{"weight":0.2524,"played":[1.0E-4,0.9999],"evs":[0.0,1.28214]},"65o":{"weight":0.0,"played":[0.005,0.995],"evs":[0.0,1.26421]},"75o":{"weight":0.0,"played":[1.0E-4,0.9999],"evs":[0.0,0.84702]},"85o":{"weight":0.0,"played":[0.3206,0.6794],"evs":[0.0,0.3574]},"95o":{"weight":0.0,"played":[0.0808,0.9192],"evs":[0.0,0.25239]},"T5o":{"weight":0.0,"played":[0.5797,0.4203],"evs":[0.0,-0.20274]},"J5o":{"weight":0.0,"played":[0.0494,0.9506],"evs":[0.0,0.43412]},"Q5o":{"weight":0.0,"played":[0.0,1.0],"evs":[0.0,0.19684]},"K5o":{"weight":0.0,"played":[3.0E-4,0.9997],"evs":[0.0,0.78878]},"A5o":{"weight":0.0,"played":[8.0E-4,0.9992],"evs":[0.0,1.24815]},"62s":{"weight":0.0,"played":[0.0257,0.9743],"evs":[0.0,1.52732]},"63s":{"weight":0.0,"played":[1.0E-4,0.9999],"evs":[0.0,2.46862]},"64s":{"weight":0.0,"played":[3.0E-4,0.9997],"evs":[0.0,2.10797]},"65s":{"weight":0.0,"played":[0.0293,0.9707],"evs":[0.0,1.70013]},"66":{"weight":0.8723,"played":[0.0,1.0],"evs":[0.0,1.93815]},"76o":{"weight":0.0,"played":[0.0,1.0],"evs":[0.0,1.35921]},"86o":{"weight":0.0,"played":[0.0,1.0],"evs":[0.0,0.57476]},"96o":{"weight":0.0,"played":[6.0E-4,0.9994],"evs":[0.0,0.62954]},"T6o":{"weight":0.0,"played":[0.1175,0.8825],"evs":[0.0,0.20466]},"J6o":{"weight":0.0,"played":[0.0051,0.9949],"evs":[0.0,0.15896]},"Q6o":{"weight":0.0,"played":[0.2633,0.7367],"evs":[0.0,0.34632]},"K6o":{"weight":0.0,"played":[0.0,1.0],"evs":[0.0,0.52979]},"A6o":{"weight":0.0,"played":[1.0E-4,0.9999],"evs":[0.0,1.6342]},"72s":{"weight":0.0,"played":[0.1743,0.8257],"evs":[0.0,0.91136]},"73s":{"weight":0.0,"played":[0.137,0.863],"evs":[0.0,1.46228]},"74s":{"weight":0.0,"played":[0.0142,0.9858],"evs":[0.0,1.85455]},"75s":{"weight":0.0,"played":[0.0033,0.9967],"evs":[0.0,2.48639]},"76s":{"weight":0.0,"played":[5.0E-4,0.9995],"evs":[0.0,2.29108]},"77":{"weight":0.2863,"played":[0.0,1.0],"evs":[0.0,0.94093]},"87o":{"weight":0.0,"played":[0.0,1.0],"evs":[0.0,0.70758]},"97o":{"weight":0.0,"played":[1.0E-4,0.9999],"evs":[0.0,1.28231]},"T7o":{"weight":0.0,"played":[0.002,0.998],"evs":[0.0,0.70748]},"J7o":{"weight":0.0,"played":[0.0,1.0],"evs":[0.0,0.66142]},"Q7o":{"weight":0.0,"played":[5.0E-4,0.9995],"evs":[0.0,0.87716]},"K7o":{"weight":0.0,"played":[0.009,0.991],"evs":[0.0,0.53893]},"A7o":{"weight":0.0,"played":[0.0,1.0],"evs":[0.0,1.31291]},"82s":{"weight":0.0,"played":[0.0179,0.9821],"evs":[0.0,1.11062]},"83s":{"weight":0.0,"played":[0.0015,0.9985],"evs":[0.0,0.80197]},"84s":{"weight":0.0,"played":[0.0026,0.9974],"evs":[0.0,0.40569]},"85s":{"weight":0.0,"played":[0.001,0.999],"evs":[0.0,1.4053]},"86s":{"weight":0.0,"played":[9.0E-4,0.9991],"evs":[0.0,0.43317]},"87s":{"weight":0.0,"played":[9.0E-4,0.9991],"evs":[0.0,2.25933]},"88":{"weight":0.1141,"played":[1.0E-4,0.9999],"evs":[0.0,1.45948]},"98o":{"weight":0.0,"played":[0.0,1.0],"evs":[0.0,0.69735]},"T8o":{"weight":0.0,"played":[0.0,1.0],"evs":[0.0,0.50512]},"J8o":{"weight":0.0,"played":[0.0307,0.9693],"evs":[0.0,0.34904]},"Q8o":{"weight":0.0,"played":[2.0E-4,0.9998],"evs":[0.0,0.52492]},"K8o":{"weight":0.0,"played":[0.0423,0.9577],"evs":[0.0,0.59023]},"A8o":{"weight":7.0E-4,"played":[3.0E-4,0.9997],"evs":[0.0,1.2998]},"92s":{"weight":0.0,"played":[0.0789,0.9211],"evs":[0.0,0.62051]},"93s":{"weight":0.0,"played":[0.0053,0.9947],"evs":[0.0,1.0009]},"94s":{"weight":0.0,"played":[0.173,0.827],"evs":[0.0,1.93442]},"95s":{"weight":0.0,"played":[5.0E-4,0.9995],"evs":[0.0,0.98952]},"96s":{"weight":0.0,"played":[0.0036,0.9964],"evs":[0.0,0.94905]},"97s":{"weight":0.0,"played":[0.0014,0.9986],"evs":[0.0,1.17925]},"98s":{"weight":0.0,"played":[0.1039,0.8961],"evs":[0.0,0.5997]},"99":{"weight":0.1125,"played":[0.0,1.0],"evs":[0.0,1.06616]},"T9o":{"weight":0.0,"played":[2.0E-4,0.9998],"evs":[0.0,0.35455]},"J9o":{"weight":0.0,"played":[0.0,1.0],"evs":[0.0,0.35655]},"Q9o":{"weight":0.0,"played":[2.0E-4,0.9998],"evs":[0.0,0.67551]},"K9o":{"weight":0.0,"played":[2.0E-4,0.9998],"evs":[0.0,0.56628]},"A9o":{"weight":1.0,"played":[8.0E-4,0.9992],"evs":[0.0,1.48146]},"T2s":{"weight":0.0,"played":[0.2563,0.7437],"evs":[0.0,0.50571]},"T3s":{"weight":0.0,"played":[7.0E-4,0.9993],"evs":[0.0,0.84906]},"T4s":{"weight":0.0,"played":[0.0302,0.9698],"evs":[0.0,0.6322]},"T5s":{"weight":0.0,"played":[1.0E-4,0.9999],"evs":[0.0,0.69041]},"T6s":{"weight":0.0,"played":[0.3741,0.6259],"evs":[0.0,0.31786]},"T7s":{"weight":0.0,"played":[0.0633,0.9367],"evs":[0.0,1.84047]},"T8s":{"weight":0.0,"played":[8.0E-4,0.9992],"evs":[0.0,1.72093]},"T9s":{"weight":0.0,"played":[0.0065,0.9935],"evs":[0.0,1.9285]},"TT":{"weight":0.3348,"played":[0.0,1.0],"evs":[0.0,1.75243]},"JTo":{"weight":0.0,"played":[3.0E-4,0.9997],"evs":[0.0,0.59343]},"QTo":{"weight":0.0,"played":[0.0,1.0],"evs":[0.0,0.49573]},"KTo":{"weight":0.0,"played":[2.0E-4,0.9998],"evs":[0.0,0.7671]},"ATo":{"weight":0.9999,"played":[0.0,1.0],"evs":[0.0,1.44535]},"J2s":{"weight":0.0,"played":[0.4605,0.5395],"evs":[0.0,-0.46929]},"J3s":{"weight":0.0,"played":[0.0036,0.9964],"evs":[0.0,0.66511]},"J4s":{"weight":0.0,"played":[3.0E-4,0.9997],"evs":[0.0,0.79677]},"J5s":{"weight":0.0,"played":[0.1452,0.8548],"evs":[0.0,0.6537]},"J6s":{"weight":0.0,"played":[0.0,1.0],"evs":[0.0,0.73402]},"J7s":{"weight":0.0,"played":[0.0577,0.9423],"evs":[0.0,0.4832]},"J8s":{"weight":0.0,"played":[1.0E-4,0.9999],"evs":[0.0,1.05755]},"J9s":{"weight":0.0,"played":[0.0073,0.9927],"evs":[0.0,1.46492]},"JTs":{"weight":0.0,"played":[0.0014,0.9986],"evs":[0.0,1.08964]},"JJ":{"weight":0.2583,"played":[0.0,1.0],"evs":[0.0,0.54017]},"QJo":{"weight":0.0,"played":[1.0E-4,0.9999],"evs":[0.0,0.69289]},"KJo":{"weight":0.0,"played":[0.0,1.0],"evs":[0.0,0.8719]},"AJo":{"weight":0.4132,"played":[0.0,1.0],"evs":[0.0,1.60873]},"Q2s":{"weight":0.0,"played":[0.0166,0.9834],"evs":[0.0,0.70125]},"Q3s":{"weight":0.0,"played":[0.0199,0.9801],"evs":[0.0,1.57898]},"Q4s":{"weight":0.0,"played":[0.0,1.0],"evs":[0.0,1.51478]},"Q5s":{"weight":0.0,"played":[0.0027,0.9973],"evs":[0.0,1.20878]},"Q6s":{"weight":0.0,"played":[4.0E-4,0.9996],"evs":[0.0,0.93021]},"Q7s":{"weight":0.0,"played":[9.0E-4,0.9991],"evs":[0.0,1.4827]},"Q8s":{"weight":0.0,"played":[1.0E-4,0.9999],"evs":[0.0,0.60632]},"Q9s":{"weight":0.0,"played":[4.0E-4,0.9996],"evs":[0.0,1.70043]},"QTs":{"weight":0.0,"played":[0.2628,0.7372],"evs":[0.0,-0.30103]},"QJs":{"weight":0.0,"played":[0.0122,0.9878],"evs":[0.0,2.12913]},"QQ":{"weight":0.4769,"played":[0.0,1.0],"evs":[0.0,4.00394]},"KQo":{"weight":0.001,"played":[0.0011,0.9989],"evs":[0.0,1.4115]},"AQo":{"weight":2.0E-4,"played":[0.0,1.0],"evs":[0.0,1.41132]},"K2s":{"weight":0.0,"played":[0.0014,0.9986],"evs":[0.0,1.78967]},"K3s":{"weight":0.0,"played":[0.0252,0.9748],"evs":[0.0,0.87861]},"K4s":{"weight":0.0,"played":[0.011,0.989],"evs":[0.0,1.05669]},"K5s":{"weight":0.0,"played":[0.0,1.0],"evs":[0.0,2.11242]},"K6s":{"weight":0.0,"played":[6.0E-4,0.9994],"evs":[0.0,1.50602]},"K7s":{"weight":0.0,"played":[6.0E-4,0.9994],"evs":[0.0,1.40661]},"K8s":{"weight":0.0,"played":[0.0073,0.9927],"evs":[0.0,1.63747]},"K9s":{"weight":0.0,"played":[1.0E-4,0.9999],"evs":[0.0,1.52854]},"KTs":{"weight":0.0,"played":[0.0016,0.9984],"evs":[0.0,2.6451]},"KJs":{"weight":1.0E-4,"played":[0.0,1.0],"evs":[0.0,1.37158]},"KQs":{"weight":0.0,"played":[2.0E-4,0.9998],"evs":[0.0,1.65528]},"KK":{"weight":0.9986,"played":[0.0,1.0],"evs":[0.0,6.53054]},"AKo":{"weight":0.0309,"played":[0.0,1.0],"evs":[0.0,2.24982]},"A2s":{"weight":0.0,"played":[0.0,1.0],"evs":[0.0,1.50328]},"A3s":{"weight":0.0,"played":[2.0E-4,0.9998],"evs":[0.0,1.98177]},"A4s":{"weight":0.0,"played":[0.0,1.0],"evs":[0.0,2.22105]},"A5s":{"weight":0.0,"played":[2.0E-4,0.9998],"evs":[0.0,2.45573]},"A6s":{"weight":0.0,"played":[3.0E-4,0.9997],"evs":[0.0,2.09774]},"A7s":{"weight":0.2967,"played":[0.0024,0.9976],"evs":[0.0,1.41339]},"A8s":{"weight":0.5125,"played":[4.0E-4,0.9996],"evs":[0.0,1.66048]},"A9s":{"weight":0.7351,"played":[0.0372,0.9628],"evs":[0.0,1.43093]},"ATs":{"weight":1.0E-4,"played":[0.0,1.0],"evs":[0.0,2.39674]},"AJs":{"weight":0.0,"played":[0.0012,0.9988],"evs":[0.0,2.65089]},"AQs":{"weight":0.0,"played":[2.0E-4,0.9998],"evs":[0.0,1.74755]},"AKs":{"weight":0.4784,"played":[0.0,1.0],"evs":[0.0,2.9338]},"AA":{"weight":0.9999,"played":[0.0,1.0],"evs":[0.0,10.55518]}}}