{"player":5,"street":0,"children":2,"sequence":[{"player":0,"type":"R","amount":14240000,"street":0},{"player":1,"type":"F","amount":0,"street":0},{"player":2,"type":"F","amount":0,"street":0},{"player":3,"type":"C","amount":14240000,"street":0},{"player":4,"type":"R","amount":35040000,"street":0}],"actions":[{"type":"F","amount":0,"node":135},{"type":"C","amount":11360000,"node":138}],"hands":{"22":{"weight":1.0,"played":[1.0,0.0],"evs":[0.0,-3.93383]},"32o":{"weight":1.0,"played":[1.0,0.0],"evs":[0.0,-4.76117]},"42o":{"weight":1.0,"played":[1.0,0.0],"evs":[0.0,-4.62]},"52o":{"weight":1.0,"played":[1.0,0.0],"evs":[0.0,-4.57521]},"62o":{"weight":1.0,"played":[1.0,0.0],"evs":[0.0,-4.60486]},"72o":{"weight":1.0,"played":[1.0,0.0],"evs":[0.0,-4.96593]},"82o":{"weight":1.0,"played":[1.0,0.0],"evs":[0.0,-5.15421]},"92o":{"weight":1.0,"played":[1.0,0.0],"evs":[0.0,-5.29358]},"T2o":{"weight":1.0,"played":[1.0,0.0],"evs":[0.0,-5.0338]},"J2o":{"weight":1.0,"played":[1.0,0.0],"evs":[0.0,-5.02352]},"Q2o":{"weight":1.0,"played":[1.0,0.0],"evs":[0.0,-4.67794]},"K2o":{"weight":1.0,"played":[1.0,0.0],"evs":[0.0,-4.85512]},"A2o":{"weight":1.0,"played":[1.0,0.0],"evs":[0.0,-4.71359]},"32s":{"weight":1.0,"played":[1.0,0.0],"evs":[0.0,-3.67072]},"33":{"weight":1.0,"played":[1.0,0.0],"evs":[0.0,-3.65291]},"43o":{"weight":1.0,"played":[1.0,0.0],"evs":[0.0,-4.38705]},"53o":{"weight":1.0,"played":[1.0,0.0],"evs":[0.0,-4.27167]},"63o":{"weight":1.0,"played":[1.0,0.0],"evs":[0.0,-4.55888]},"73o":{"weight":1.0,"played":[1.0,0.0],"evs":[0.0,-4.6937]},"83o":{"weight":1.0,"played":[1.0,0.0],"evs":[0.0,-4.96586]},"93o":{"weight":1.0,"played":[1.0,0.0],"evs":[0.0,-5.11612]},"T3o":{"weight":1.0,"played":[1.0,0.0],"evs":[0.0,-5.08615]},"J3o":{"weight":1.0,"played":[1.0,0.0],"evs":[0.0,-4.89371]},"Q3o":{"weight":1.0,"played":[1.0,0.0],"evs":[0.0,-4.55751]},"K3o":{"weight":1.0,"played":[1.0,0.0],"evs":[0.0,-4.62565]},"A3o":{"weight":1.0,"played":[1.0,0.0],"evs":[0.0,-4.52199]},"42s":{"weight":1.0,"played":[1.0,0.0],"evs":[0.0,-4.12906]},"43s":{"weight":1.0,"played":[1.0,0.0],"evs":[0.0,-3.38856]},"44":{"weight":1.0,"played":[1.0,0.0],"evs":[0.0,-3.31769]},"54o":{"weight":1.0,"played":[1.0,0.0],"evs":[0.0,-3.91892]},"64o":{"weight":1.0,"played":[1.0,0.0],"evs":[0.0,-3.9694]},"74o":{"weight":1.0,"played":[1.0,0.0],"evs":[0.0,-4.57742]},"84o":{"weight":1.0,"played":[1.0,0.0],"evs":[0.0,-4.55623]},"94o":{"weight":1.0,"played":[1.0,0.0],"evs":[0.0,-5.09758]},"T4o":{"weight":1.0,"played":[1.0,0.0],"evs":[0.0,-4.93975]},"J4o":{"weight":1.0,"played":[1.0,0.0],"evs":[0.0,-4.71643]},"Q4o":{"weight":1.0,"played":[1.0,0.0],"evs":[0.0,-4.53604]},"K4o":{"weight":1.0,"played":[1.0,0.0],"evs":[0.0,-4.57285]},"A4o":{"weight":1.0,"played":[1.0,0.0],"evs":[0.0,-4.76856]},"52s":{"weight":1.0,"played":[1.0,0.0],"evs":[0.0,-3.99801]},"53s":{"weight":1.0,"played":[1.0,0.0],"evs":[0.0,-3.15419]},"54s":{"weight":1.0,"played":[1.0,0.0],"evs":[0.0,-3.32541]},"55":{"weight":1.0,"played":[1.0,0.0],"evs":[0.0,-2.72819]},"65o":{"weight":1.0,"played":[1.0,0.0],"evs":[0.0,-3.576]},"75o":{"weight":1.0,"played":[1.0,0.0],"evs":[0.0,-3.97711]},"85o":{"weight":1.0,"played":[1.0,0.0],"evs":[0.0,-4.38323]},"95o":{"weight":1.0,"played":[1.0,0.0],"evs":[0.0,-4.65591]},"T5o":{"weight":1.0,"played":[1.0,0.0],"evs":[0.0,-4.93358]},"J5o":{"weight":1.0,"played":[1.0,0.0],"evs":[0.0,-4.56258]},"Q5o":{"weight":1.0,"played":[1.0,0.0],"evs":[0.0,-4.51326]},"K5o":{"weight":1.0,"played":[1.0,0.0],"evs":[0.0,-4.36212]},"A5o":{"weight":1.0,"played":[1.0,0.0],"evs":[0.0,-4.63075]},"62s":{"weight":1.0,"played":[1.0,0.0],"evs":[0.0,-4.0971]},"63s":{"weight":1.0,"played":[1.0,0.0],"evs":[0.0,-3.82322]},"64s":{"weight":1.0,"played":[1.0,0.0],"evs":[0.0,-3.39373]},"65s":{"weight":1.0,"played":[1.0,0.0],"evs":[0.0,-3.1524]},"66":{"weight":1.0,"played":[1.0,0.0],"evs":[0.0,-2.7652]},"76o":{"weight":1.0,"played":[1.0,0.0],"evs":[0.0,-3.88895]},"86o":{"weight":1.0,"played":[1.0,0.0],"evs":[0.0,-3.93748]},"96o":{"weight":1.0,"played":[1.0,0.0],"evs":[0.0,-4.44365]},"T6o":{"weight":1.0,"played":[1.0,0.0],"evs":[0.0,-4.68565]},"J6o":{"weight":1.0,"played":[1.0,0.0],"evs":[0.0,-4.81796]},"Q6o":{"weight":1.0,"played":[1.0,0.0],"evs":[0.0,-4.36693]},"K6o":{"weight":1.0,"played":[1.0,0.0],"evs":[0.0,-4.46546]},"A6o":{"weight":1.0,"played":[1.0,0.0],"evs":[0.0,-4.61405]},"72s":{"weight":1.0,"played":[1.0,0.0],"evs":[0.0,-4.5857]},"73s":{"weight":1.0,"played":[1.0,0.0],"evs":[0.0,-3.95563]},"74s":{"weight":1.0,"played":[0.9999,1.0E-4],"evs":[0.0,-3.592]},"75s":{"weight":1.0,"played":[1.0,0.0],"evs":[0.0,-3.51499]},"76s":{"weight":1.0,"played":[1.0,0.0],"evs":[0.0,-3.04332]},"77":{"weight":1.0,"played":[1.0,0.0],"evs":[0.0,-2.91502]},"87o":{"weight":1.0,"played":[1.0,0.0],"evs":[0.0,-3.99332]},"97o":{"weight":1.0,"played":[1.0,0.0],"evs":[0.0,-4.23007]},"T7o":{"weight":1.0,"played":[1.0,0.0],"evs":[0.0,-4.4993]},"J7o":{"weight":1.0,"played":[1.0,0.0],"evs":[0.0,-4.64369]},"Q7o":{"weight":1.0,"played":[1.0,0.0],"evs":[0.0,-4.343]},"K7o":{"weight":1.0,"played":[1.0,0.0],"evs":[0.0,-4.26507]},"A7o":{"weight":1.0,"played":[1.0,0.0],"evs":[0.0,-4.63806]},"82s":{"weight":1.0,"played":[1.0,0.0],"evs":[0.0,-4.3329]},"83s":{"weight":1.0,"played":[1.0,0.0],"evs":[0.0,-4.3367]},"84s":{"weight":1.0,"played":[1.0,0.0],"evs":[0.0,-3.90136]},"85s":{"weight":1.0,"played":[1.0,0.0],"evs":[0.0,-3.72994]},"86s":{"weight":1.0,"played":[1.0,0.0],"evs":[0.0,-3.54783]},"87s":{"weight":1.0,"played":[1.0,0.0],"evs":[0.0,-3.23133]},"88":{"weight":1.0,"played":[1.0,0.0],"evs":[0.0,-2.83744]},"98o":{"weight":1.0,"played":[1.0,0.0],"evs":[0.0,-4.29868]},"T8o":{"weight":1.0,"played":[1.0,0.0],"evs":[0.0,-4.24486]},"J8o":{"weight":1.0,"played":[1.0,0.0],"evs":[0.0,-4.2821]},"Q8o":{"weight":1.0,"played":[1.0,0.0],"evs":[0.0,-4.19089]},"K8o":{"weight":1.0,"played":[1.0,0.0],"evs":[0.0,-4.35118]},"A8o":{"weight":1.0,"played":[1.0,0.0],"evs":[0.0,-4.69863]},"92s":{"weight":1.0,"played":[1.0,0.0],"evs":[0.0,-4.06777]},"93s":{"weight":1.0,"played":[1.0,0.0],"evs":[0.0,-4.45452]},"94s":{"weight":1.0,"played":[1.0,0.0],"evs":[0.0,-4.57117]},"95s":{"weight":1.0,"played":[1.0,0.0],"evs":[0.0,-3.99627]},"96s":{"weight":1.0,"played":[1.0,0.0],"evs":[0.0,-3.3711]},"97s":{"weight":1.0,"played":[0.9999,1.0E-4],"evs":[0.0,-3.52764]},"98s":{"weight":1.0,"played":[1.0,0.0],"evs":[0.0,-3.37616]},"99":{"weight":1.0,"played":[1.0,0.0],"evs":[0.0,-3.41388]},"T9o":{"weight":1.0,"played":[1.0,0.0],"evs":[0.0,-4.10499]},"J9o":{"weight":1.0,"played":[1.0,0.0],"evs":[0.0,-4.22032]},"Q9o":{"weight":1.0,"played":[1.0,0.0],"evs":[0.0,-4.32798]},"K9o":{"weight":1.0,"played":[1.0,0.0],"evs":[0.0,-4.40407]},"A9o":{"weight":1.0,"played":[1.0,0.0],"evs":[0.0,-4.53471]},"T2s":{"weight":1.0,"played":[1.0,0.0],"evs":[0.0,-4.6171]},"T3s":{"weight":1.0,"played":[1.0,0.0],"evs":[0.0,-4.1843]},"T4s":{"weight":1.0,"played":[1.0,0.0],"evs":[0.0,-4.30554]},"T5s":{"weight":1.0,"played":[1.0,0.0],"evs":[0.0,-3.99709]},"T6s":{"weight":1.0,"played":[1.0,0.0],"evs":[0.0,-3.89309]},"T7s":{"weight":1.0,"played":[1.0,0.0],"evs":[0.0,-3.44905]},"T8s":{"weight":1.0,"played":[1.0,0.0],"evs":[0.0,-3.11793]},"T9s":{"weight":1.0,"played":[1.0,0.0],"evs":[0.0,-3.29188]},"TT":{"weight":1.0,"played":[0.9991,9.0E-4],"evs":[0.0,-2.73995]},"JTo":{"weight":1.0,"played":[1.0,0.0],"evs":[0.0,-3.97013]},"QTo":{"weight":1.0,"played":[1.0,0.0],"evs":[0.0,-4.30337]},"KTo":{"weight":1.0,"played":[1.0,0.0],"evs":[0.0,-4.325]},"ATo":{"weight":1.0,"played":[1.0,0.0],"evs":[0.0,-4.62894]},"J2s":{"weight":1.0,"played":[1.0,0.0],"evs":[0.0,-4.10716]},"J3s":{"weight":1.0,"played":[1.0,0.0],"evs":[0.0,-4.39779]},"J4s":{"weight":1.0,"played":[1.0,0.0],"evs":[0.0,-3.7629]},"J5s":{"weight":1.0,"played":[1.0,0.0],"evs":[0.0,-3.97051]},"J6s":{"weight":1.0,"played":[1.0,0.0],"evs":[0.0,-3.8039]},"J7s":{"weight":1.0,"played":[1.0,0.0],"evs":[0.0,-3.48959]},"J8s":{"weight":1.0,"played":[1.0,0.0],"evs":[0.0,-3.67859]},"J9s":{"weight":1.0,"played":[1.0,0.0],"evs":[0.0,-3.53048]},"JTs":{"weight":1.0,"played":[1.0,0.0],"evs":[0.0,-3.05274]},"JJ":{"weight":1.0,"played":[0.9997,3.0E-4],"evs":[0.0,-1.1416]},"QJo":{"weight":1.0,"played":[1.0,0.0],"evs":[0.0,-3.82342]},"KJo":{"weight":1.0,"played":[1.0,0.0],"evs":[0.0,-3.85734]},"AJo":{"weight":1.0,"played":[1.0,0.0],"evs":[0.0,-4.15588]},"Q2s":{"weight":1.0,"played":[1.0,0.0],"evs":[0.0,-3.67236]},"Q3s":{"weight":1.0,"played":[1.0,0.0],"evs":[0.0,-3.83791]},"Q4s":{"weight":1.0,"played":[1.0,0.0],"evs":[0.0,-3.86841]},"Q5s":{"weight":1.0,"played":[1.0,0.0],"evs":[0.0,-3.34281]},"Q6s":{"weight":1.0,"played":[1.0,0.0],"evs":[0.0,-3.45671]},"Q7s":{"weight":1.0,"played":[1.0,0.0],"evs":[0.0,-3.35439]},"Q8s":{"weight":1.0,"played":[1.0,0.0],"evs":[0.0,-3.30538]},"Q9s":{"weight":1.0,"played":[1.0,0.0],"evs":[0.0,-3.64034]},"QTs":{"weight":1.0,"played":[0.9999,1.0E-4],"evs":[0.0,-2.95075]},"QJs":{"weight":1.0,"played":[1.0,0.0],"evs":[0.0,-3.22519]},"QQ":{"weight":1.0,"played":[0.0601,0.9399],"evs":[0.0,0.42328]},"KQo":{"weight":1.0,"played":[1.0,0.0],"evs":[0.0,-3.45489]},"AQo":{"weight":1.0,"played":[1.0,0.0],"evs":[0.0,-3.42585]},"K2s":{"weight":1.0,"played":[1.0,0.0],"evs":[0.0,-3.53371]},"K3s":{"weight":1.0,"played":[1.0,0.0],"evs":[0.0,-3.721]},"K4s":{"weight":1.0,"played":[1.0,0.0],"evs":[0.0,-3.50774]},"K5s":{"weight":1.0,"played":[1.0,0.0],"evs":[0.0,-3.60711]},"K6s":{"weight":1.0,"played":[1.0,0.0],"evs":[0.0,-4.07767]},"K7s":{"weight":1.0,"played":[0.9999,1.0E-4],"evs":[0.0,-3.74215]},"K8s":{"weight":1.0,"played":[1.0,0.0],"evs":[0.0,-3.90816]},"K9s":{"weight":1.0,"played":[1.0,0.0],"evs":[0.0,-4.04295]},"KTs":{"weight":1.0,"played":[0.9997,3.0E-4],"evs":[0.0,-3.47216]},"KJs":{"weight":1.0,"played":[0.9998,2.0E-4],"evs":[0.0,-3.26175]},"KQs":{"weight":1.0,"played":[1.0,0.0],"evs":[0.0,-2.50633]},"KK":{"weight":1.0,"played":[1.0E-4,0.9999],"evs":[0.0,3.37303]},"AKo":{"weight":1.0,"played":[0.9999,1.0E-4],"evs":[0.0,-2.2195]},"A2s":{"weight":1.0,"played":[1.0,0.0],"evs":[0.0,-4.05599]},"A3s":{"weight":1.0,"played":[1.0,0.0],"evs":[0.0,-4.46696]},"A4s":{"weight":1.0,"played":[1.0,0.0],"evs":[0.0,-3.52087]},"A5s":{"weight":1.0,"played":[1.0,0.0],"evs":[0.0,-3.92176]},"A6s":{"weight":1.0,"played":[1.0,0.0],"evs":[0.0,-4.14482]},"A7s":{"weight":1.0,"played":[0.9999,1.0E-4],"evs":[0.0,-3.84867]},"A8s":{"weight":1.0,"played":[1.0,0.0],"evs":[0.0,-3.54513]},"A9s":{"weight":1.0,"played":[0.9999,1.0E-4],"evs":[0.0,-3.98436]},"ATs":{"weight":1.0,"played":[1.0,0.0],"evs":[0.0,-3.58795]},"AJs":{"weight":1.0,"played":[1.0,0.0],"evs":[0.0,-3.32065]},"AQs":{"weight":1.0,"played":[0.9999,1.0E-4],"evs":[0.0,-2.5247]},"AKs":{"weight":1.0,"played":[0.9998,2.0E-4],"evs":[0.0,-1.32911]},"AA":{"weight":1.0,"played":[0.0,1.0],"evs":[0.0,5.36543]}}}