{"player":3,"street":0,"children":2,"sequence":[{"player":0,"type":"R","amount":14240000,"street":0},{"player":1,"type":"F","amount":0,"street":0},{"player":2,"type":"F","amount":0,"street":0},{"player":3,"type":"C","amount":14240000,"street":0},{"player":4,"type":"R","amount":35040000,"street":0},{"player":5,"type":"F","amount":0,"street":0},{"player":6,"type":"F","amount":0,"street":0}],"actions":[{"type":"F","amount":0},{"type":"C","amount":20800000}],"hands":{"22":{"weight":0.0,"played":[0.9999,1.0E-4],"evs":[0.0,-0.51464]},"32o":{"weight":0.0,"played":[1.0,0.0],"evs":[0.0,-2.46843]},"42o":{"weight":0.0,"played":[1.0,0.0],"evs":[0.0,-2.26665]},"52o":{"weight":0.0,"played":[1.0,0.0],"evs":[0.0,-2.22449]},"62o":{"weight":0.0,"played":[1.0,0.0],"evs":[0.0,-2.54492]},"72o":{"weight":0.0,"played":[1.0,0.0],"evs":[0.0,-2.87651]},"82o":{"weight":0.0,"played":[1.0,0.0],"evs":[0.0,-2.91034]},"92o":{"weight":0.0,"played":[1.0,0.0],"evs":[0.0,-2.81306]},"T2o":{"weight":0.0,"played":[1.0,0.0],"evs":[0.0,-2.88357]},"J2o":{"weight":0.0,"played":[1.0,0.0],"evs":[0.0,-2.53078]},"Q2o":{"weight":0.0,"played":[1.0,0.0],"evs":[0.0,-2.15915]},"K2o":{"weight":0.0,"played":[1.0,0.0],"evs":[0.0,-2.37615]},"A2o":{"weight":0.0,"played":[1.0,0.0],"evs":[0.0,-1.81385]},"32s":{"weight":0.0,"played":[1.0,0.0],"evs":[0.0,-1.37042]},"33":{"weight":0.6119,"played":[0.9992,8.0E-4],"evs":[0.0,-0.33026]},"43o":{"weight":0.0,"played":[1.0,0.0],"evs":[0.0,-2.01101]},"53o":{"weight":0.0,"played":[1.0,0.0],"evs":[0.0,-1.79518]},"63o":{"weight":0.0,"played":[1.0,0.0],"evs":[0.0,-2.05196]},"73o":{"weight":0.0,"played":[1.0,0.0],"evs":[0.0,-2.44821]},"83o":{"weight":0.0,"played":[1.0,0.0],"evs":[0.0,-2.81609]},"93o":{"weight":0.0,"played":[1.0,0.0],"evs":[0.0,-2.8305]},"T3o":{"weight":0.0,"played":[1.0,0.0],"evs":[0.0,-2.87218]},"J3o":{"weight":0.0,"played":[1.0,0.0],"evs":[0.0,-2.44933]},"Q3o":{"weight":0.0,"played":[1.0,0.0],"evs":[0.0,-2.11576]},"K3o":{"weight":0.0,"played":[1.0,0.0],"evs":[0.0,-2.26812]},"A3o":{"weight":0.0,"played":[1.0,0.0],"evs":[0.0,-1.74141]},"42s":{"weight":0.0,"played":[1.0,0.0],"evs":[0.0,-1.47995]},"43s":{"weight":0.0,"played":[0.9998,2.0E-4],"evs":[0.0,-1.07158]},"44":{"weight":0.9972,"played":[0.9948,0.0052],"evs":[0.0,-0.03404]},"54o":{"weight":0.0,"played":[1.0,0.0],"evs":[0.0,-1.46723]},"64o":{"weight":0.0,"played":[1.0,0.0],"evs":[0.0,-1.62123]},"74o":{"weight":0.0,"played":[1.0,0.0],"evs":[0.0,-2.12899]},"84o":{"weight":0.0,"played":[1.0,0.0],"evs":[0.0,-2.42446]},"94o":{"weight":0.0,"played":[1.0,0.0],"evs":[0.0,-2.77297]},"T4o":{"weight":0.0,"played":[1.0,0.0],"evs":[0.0,-2.74837]},"J4o":{"weight":0.0,"played":[1.0,0.0],"evs":[0.0,-2.38477]},"Q4o":{"weight":0.0,"played":[1.0,0.0],"evs":[0.0,-2.00272]},"K4o":{"weight":0.0,"played":[1.0,0.0],"evs":[0.0,-2.11091]},"A4o":{"weight":0.0,"played":[1.0,0.0],"evs":[0.0,-1.56374]},"52s":{"weight":0.0,"played":[0.9999,1.0E-4],"evs":[0.0,-1.21142]},"53s":{"weight":0.0,"played":[1.0,0.0],"evs":[0.0,-1.02127]},"54s":{"weight":0.0,"played":[0.9999,1.0E-4],"evs":[0.0,-0.68294]},"55":{"weight":0.2524,"played":[0.2895,0.7105],"evs":[0.0,0.09838]},"65o":{"weight":0.0,"played":[1.0,0.0],"evs":[0.0,-1.30017]},"75o":{"weight":0.0,"played":[1.0,0.0],"evs":[0.0,-1.73053]},"85o":{"weight":0.0,"played":[1.0,0.0],"evs":[0.0,-1.96421]},"95o":{"weight":0.0,"played":[1.0,0.0],"evs":[0.0,-2.37318]},"T5o":{"weight":0.0,"played":[1.0,0.0],"evs":[0.0,-2.62678]},"J5o":{"weight":0.0,"played":[1.0,0.0],"evs":[0.0,-2.25863]},"Q5o":{"weight":0.0,"played":[1.0,0.0],"evs":[0.0,-1.81296]},"K5o":{"weight":0.0,"played":[1.0,0.0],"evs":[0.0,-2.15677]},"A5o":{"weight":0.0,"played":[1.0,0.0],"evs":[0.0,-1.42336]},"62s":{"weight":0.0,"played":[1.0,0.0],"evs":[0.0,-1.57301]},"63s":{"weight":0.0,"played":[1.0,0.0],"evs":[0.0,-1.32484]},"64s":{"weight":0.0,"played":[0.9998,2.0E-4],"evs":[0.0,-0.86611]},"65s":{"weight":0.0,"played":[1.0,0.0],"evs":[0.0,-0.37903]},"66":{"weight":0.8723,"played":[0.2723,0.7277],"evs":[0.0,0.11401]},"76o":{"weight":0.0,"played":[1.0,0.0],"evs":[0.0,-1.41774]},"86o":{"weight":0.0,"played":[1.0,0.0],"evs":[0.0,-1.73462]},"96o":{"weight":0.0,"played":[1.0,0.0],"evs":[0.0,-2.03932]},"T6o":{"weight":0.0,"played":[1.0,0.0],"evs":[0.0,-2.25864]},"J6o":{"weight":0.0,"played":[1.0,0.0],"evs":[0.0,-2.27115]},"Q6o":{"weight":0.0,"played":[1.0,0.0],"evs":[0.0,-1.8776]},"K6o":{"weight":0.0,"played":[1.0,0.0],"evs":[0.0,-2.05373]},"A6o":{"weight":0.0,"played":[1.0,0.0],"evs":[0.0,-1.86681]},"72s":{"weight":0.0,"played":[1.0,0.0],"evs":[0.0,-1.77629]},"73s":{"weight":0.0,"played":[1.0,0.0],"evs":[0.0,-1.54387]},"74s":{"weight":0.0,"played":[1.0,0.0],"evs":[0.0,-1.0464]},"75s":{"weight":0.0,"played":[1.0,0.0],"evs":[0.0,-0.87518]},"76s":{"weight":0.0,"played":[0.9997,3.0E-4],"evs":[0.0,-0.39758]},"77":{"weight":0.2863,"played":[0.6924,0.3076],"evs":[0.0,0.01609]},"87o":{"weight":0.0,"played":[1.0,0.0],"evs":[0.0,-1.5182]},"97o":{"weight":0.0,"played":[1.0,0.0],"evs":[0.0,-1.88763]},"T7o":{"weight":0.0,"played":[1.0,0.0],"evs":[0.0,-2.09729]},"J7o":{"weight":0.0,"played":[1.0,0.0],"evs":[0.0,-2.08508]},"Q7o":{"weight":0.0,"played":[1.0,0.0],"evs":[0.0,-1.94402]},"K7o":{"weight":0.0,"played":[1.0,0.0],"evs":[0.0,-2.05586]},"A7o":{"weight":0.0,"played":[1.0,0.0],"evs":[0.0,-1.57834]},"82s":{"weight":0.0,"played":[1.0,0.0],"evs":[0.0,-2.0397]},"83s":{"weight":0.0,"played":[1.0,0.0],"evs":[0.0,-1.92525]},"84s":{"weight":0.0,"played":[1.0,0.0],"evs":[0.0,-1.51841]},"85s":{"weight":0.0,"played":[1.0,0.0],"evs":[0.0,-1.06245]},"86s":{"weight":0.0,"played":[1.0,0.0],"evs":[0.0,-0.92343]},"87s":{"weight":0.0,"played":[0.9999,1.0E-4],"evs":[0.0,-0.58764]},"88":{"weight":0.1141,"played":[0.1411,0.8589],"evs":[0.0,0.03453]},"98o":{"weight":0.0,"played":[1.0,0.0],"evs":[0.0,-1.87062]},"T8o":{"weight":0.0,"played":[1.0,0.0],"evs":[0.0,-1.84434]},"J8o":{"weight":0.0,"played":[1.0,0.0],"evs":[0.0,-1.80959]},"Q8o":{"weight":0.0,"played":[1.0,0.0],"evs":[0.0,-1.7147]},"K8o":{"weight":0.0,"played":[1.0,0.0],"evs":[0.0,-2.08211]},"A8o":{"weight":7.0E-4,"played":[1.0,0.0],"evs":[0.0,-1.75882]},"92s":{"weight":0.0,"played":[1.0,0.0],"evs":[0.0,-1.88422]},"93s":{"weight":0.0,"played":[1.0,0.0],"evs":[0.0,-1.82025]},"94s":{"weight":0.0,"played":[1.0,0.0],"evs":[0.0,-1.67785]},"95s":{"weight":0.0,"played":[1.0,0.0],"evs":[0.0,-1.35553]},"96s":{"weight":0.0,"played":[0.9999,1.0E-4],"evs":[0.0,-1.16663]},"97s":{"weight":0.0,"played":[1.0,0.0],"evs":[0.0,-0.98617]},"98s":{"weight":0.0,"played":[0.9994,6.0E-4],"evs":[0.0,-0.93636]},"99":{"weight":0.1125,"played":[0.0051,0.9949],"evs":[0.0,0.08732]},"T9o":{"weight":0.0,"played":[1.0,0.0],"evs":[0.0,-1.67222]},"J9o":{"weight":0.0,"played":[1.0,0.0],"evs":[0.0,-1.67327]},"Q9o":{"weight":0.0,"played":[1.0,0.0],"evs":[0.0,-1.5822]},"K9o":{"weight":0.0,"played":[1.0,0.0],"evs":[0.0,-1.94359]},"A9o":{"weight":1.0,"played":[1.0,0.0],"evs":[0.0,-1.80954]},"T2s":{"weight":0.0,"played":[1.0,0.0],"evs":[0.0,-1.99574]},"T3s":{"weight":0.0,"played":[1.0,0.0],"evs":[0.0,-1.98023]},"T4s":{"weight":0.0,"played":[1.0,0.0],"evs":[0.0,-1.7219]},"T5s":{"weight":0.0,"played":[1.0,0.0],"evs":[0.0,-1.68981]},"T6s":{"weight":0.0,"played":[1.0,0.0],"evs":[0.0,-1.35479]},"T7s":{"weight":0.0,"played":[1.0,0.0],"evs":[0.0,-1.25216]},"T8s":{"weight":0.0,"played":[1.0,0.0],"evs":[0.0,-0.96711]},"T9s":{"weight":0.0,"played":[0.9988,0.0012],"evs":[0.0,-0.91573]},"TT":{"weight":0.3348,"played":[0.0,1.0],"evs":[0.0,0.74652]},"JTo":{"weight":0.0,"played":[1.0,0.0],"evs":[0.0,-1.44931]},"QTo":{"weight":0.0,"played":[1.0,0.0],"evs":[0.0,-1.33593]},"KTo":{"weight":0.0,"played":[1.0,0.0],"evs":[0.0,-1.73194]},"ATo":{"weight":0.9999,"played":[1.0,0.0],"evs":[0.0,-1.5603]},"J2s":{"weight":0.0,"played":[0.9998,2.0E-4],"evs":[0.0,-1.61437]},"J3s":{"weight":0.0,"played":[1.0,0.0],"evs":[0.0,-1.30292]},"J4s":{"weight":0.0,"played":[1.0,0.0],"evs":[0.0,-1.48389]},"J5s":{"weight":0.0,"played":[1.0,0.0],"evs":[0.0,-1.35391]},"J6s":{"weight":0.0,"played":[1.0,0.0],"evs":[0.0,-1.37609]},"J7s":{"weight":0.0,"played":[0.9998,2.0E-4],"evs":[0.0,-1.12346]},"J8s":{"weight":0.0,"played":[1.0,0.0],"evs":[0.0,-0.9063]},"J9s":{"weight":0.0,"played":[0.9987,0.0013],"evs":[0.0,-0.8859]},"JTs":{"weight":0.0,"played":[0.9997,3.0E-4],"evs":[0.0,-0.43636]},"JJ":{"weight":0.2583,"played":[0.0,1.0],"evs":[0.0,2.7951]},"QJo":{"weight":0.0,"played":[1.0,0.0],"evs":[0.0,-0.89332]},"KJo":{"weight":0.0,"played":[1.0,0.0],"evs":[0.0,-1.29997]},"AJo":{"weight":0.4132,"played":[1.0,0.0],"evs":[0.0,-1.07362]},"Q2s":{"weight":0.0,"played":[0.9993,7.0E-4],"evs":[0.0,-1.37704]},"Q3s":{"weight":0.0,"played":[1.0,0.0],"evs":[0.0,-1.08462]},"Q4s":{"weight":0.0,"played":[0.9999,1.0E-4],"evs":[0.0,-1.08351]},"Q5s":{"weight":0.0,"played":[1.0,0.0],"evs":[0.0,-0.99103]},"Q6s":{"weight":0.0,"played":[0.9999,1.0E-4],"evs":[0.0,-0.93838]},"Q7s":{"weight":0.0,"played":[0.9998,2.0E-4],"evs":[0.0,-1.12192]},"Q8s":{"weight":0.0,"played":[1.0,0.0],"evs":[0.0,-0.74062]},"Q9s":{"weight":0.0,"played":[0.9943,0.0057],"evs":[0.0,-0.73636]},"QTs":{"weight":0.0,"played":[0.9976,0.0024],"evs":[0.0,-0.48936]},"QJs":{"weight":0.0,"played":[0.4628,0.5372],"evs":[0.0,0.02913]},"QQ":{"weight":0.4769,"played":[0.0,1.0],"evs":[0.0,4.78058]},"KQo":{"weight":0.001,"played":[1.0,0.0],"evs":[0.0,-0.86681]},"AQo":{"weight":2.0E-4,"played":[0.9991,9.0E-4],"evs":[0.0,-0.45052]},"K2s":{"weight":0.0,"played":[1.0,0.0],"evs":[0.0,-1.38168]},"K3s":{"weight":0.0,"played":[0.9999,1.0E-4],"evs":[0.0,-1.28531]},"K4s":{"weight":0.0,"played":[1.0,0.0],"evs":[0.0,-1.16086]},"K5s":{"weight":0.0,"played":[0.9996,4.0E-4],"evs":[0.0,-1.09939]},"K6s":{"weight":0.0,"played":[0.9997,3.0E-4],"evs":[0.0,-1.04753]},"K7s":{"weight":0.0,"played":[1.0,0.0],"evs":[0.0,-0.98123]},"K8s":{"weight":0.0,"played":[1.0,0.0],"evs":[0.0,-1.20211]},"K9s":{"weight":0.0,"played":[1.0,0.0],"evs":[0.0,-1.04274]},"KTs":{"weight":0.0,"played":[0.9986,0.0014],"evs":[0.0,-0.69754]},"KJs":{"weight":1.0E-4,"played":[0.9774,0.0226],"evs":[0.0,-0.42181]},"KQs":{"weight":0.0,"played":[0.3611,0.6389],"evs":[0.0,-0.05304]},"KK":{"weight":0.9986,"played":[0.0,1.0],"evs":[0.0,7.74605]},"AKo":{"weight":0.0309,"played":[0.0,1.0],"evs":[0.0,1.73954]},"A2s":{"weight":0.0,"played":[1.0,0.0],"evs":[0.0,-0.86832]},"A3s":{"weight":0.0,"played":[0.9992,8.0E-4],"evs":[0.0,-0.74613]},"A4s":{"weight":0.0,"played":[1.0,0.0],"evs":[0.0,-0.48068]},"A5s":{"weight":0.0,"played":[0.9996,4.0E-4],"evs":[0.0,-0.47086]},"A6s":{"weight":0.0,"played":[0.9999,1.0E-4],"evs":[0.0,-0.76631]},"A7s":{"weight":0.2967,"played":[1.0,0.0],"evs":[0.0,-0.77218]},"A8s":{"weight":0.5125,"played":[0.9999,1.0E-4],"evs":[0.0,-0.70992]},"A9s":{"weight":0.7351,"played":[0.9976,0.0024],"evs":[0.0,-0.99926]},"ATs":{"weight":1.0E-4,"played":[0.9976,0.0024],"evs":[0.0,-0.55474]},"AJs":{"weight":0.0,"played":[0.6597,0.3403],"evs":[0.0,0.05108]},"AQs":{"weight":0.0,"played":[0.0,1.0],"evs":[0.0,0.63908]},"AKs":{"weight":0.4784,"played":[0.0,1.0],"evs":[0.0,2.4291]},"AA":{"weight":0.9999,"played":[0.0,1.0],"evs":[0.0,11.60154]}}}