{"player":3,"street":0,"children":2,"sequence":[{"player":0,"type":"R","amount":14240000,"street":0},{"player":1,"type":"F","amount":0,"street":0},{"player":2,"type":"F","amount":0,"street":0},{"player":3,"type":"C","amount":14240000,"street":0},{"player":4,"type":"R","amount":35040000,"street":0},{"player":5,"type":"C","amount":11360000,"street":0},{"player":6,"type":"F","amount":0,"street":0}],"actions":[{"type":"F","amount":0},{"type":"C","amount":20800000}],"hands":{"22":{"weight":0.0,"played":[0.903,0.097],"evs":[0.0,-0.61668]},"32o":{"weight":0.0,"played":[0.9999,1.0E-4],"evs":[0.0,-1.80902]},"42o":{"weight":0.0,"played":[1.0,0.0],"evs":[0.0,-1.56976]},"52o":{"weight":0.0,"played":[0.9997,3.0E-4],"evs":[0.0,-2.44224]},"62o":{"weight":0.0,"played":[0.9974,0.0026],"evs":[0.0,-2.71366]},"72o":{"weight":0.0,"played":[0.9999,1.0E-4],"evs":[0.0,-2.3889]},"82o":{"weight":0.0,"played":[0.9999,1.0E-4],"evs":[0.0,-2.16233]},"92o":{"weight":0.0,"played":[1.0,0.0],"evs":[0.0,-2.68136]},"T2o":{"weight":0.0,"played":[0.9999,1.0E-4],"evs":[0.0,-2.83689]},"J2o":{"weight":0.0,"played":[0.9998,2.0E-4],"evs":[0.0,-2.12391]},"Q2o":{"weight":0.0,"played":[0.9991,9.0E-4],"evs":[0.0,-1.68883]},"K2o":{"weight":0.0,"played":[0.9949,0.0051],"evs":[0.0,-1.93739]},"A2o":{"weight":0.0,"played":[0.9987,0.0013],"evs":[0.0,-2.40782]},"32s":{"weight":0.0,"played":[0.9902,0.0098],"evs":[0.0,-1.38504]},"33":{"weight":0.6119,"played":[0.6841,0.3159],"evs":[0.0,-0.14271]},"43o":{"weight":0.0,"played":[0.9998,2.0E-4],"evs":[0.0,-1.56357]},"53o":{"weight":0.0,"played":[0.9524,0.0476],"evs":[0.0,-1.0291]},"63o":{"weight":0.0,"played":[0.9997,3.0E-4],"evs":[0.0,-1.70145]},"73o":{"weight":0.0,"played":[0.9914,0.0086],"evs":[0.0,-2.09765]},"83o":{"weight":0.0,"played":[0.9997,3.0E-4],"evs":[0.0,-2.40222]},"93o":{"weight":0.0,"played":[0.994,0.006],"evs":[0.0,-2.19219]},"T3o":{"weight":0.0,"played":[0.9994,6.0E-4],"evs":[0.0,-2.49518]},"J3o":{"weight":0.0,"played":[0.9979,0.0021],"evs":[0.0,-2.52183]},"Q3o":{"weight":0.0,"played":[0.999,0.001],"evs":[0.0,-2.34058]},"K3o":{"weight":0.0,"played":[0.9997,3.0E-4],"evs":[0.0,-2.1064]},"A3o":{"weight":0.0,"played":[0.9818,0.0182],"evs":[0.0,-1.46146]},"42s":{"weight":0.0,"played":[0.9617,0.0383],"evs":[0.0,0.22779]},"43s":{"weight":0.0,"played":[0.1968,0.8032],"evs":[0.0,0.99784]},"44":{"weight":0.9972,"played":[0.3067,0.6933],"evs":[0.0,-0.08763]},"54o":{"weight":0.0,"played":[0.9997,3.0E-4],"evs":[0.0,-1.64144]},"64o":{"weight":0.0,"played":[0.9996,4.0E-4],"evs":[0.0,-0.80329]},"74o":{"weight":0.0,"played":[0.9707,0.0293],"evs":[0.0,-2.28903]},"84o":{"weight":0.0,"played":[0.9998,2.0E-4],"evs":[0.0,-1.7538]},"94o":{"weight":0.0,"played":[0.9923,0.0077],"evs":[0.0,-3.09028]},"T4o":{"weight":0.0,"played":[0.9999,1.0E-4],"evs":[0.0,-2.83364]},"J4o":{"weight":0.0,"played":[0.9987,0.0013],"evs":[0.0,-1.4958]},"Q4o":{"weight":0.0,"played":[0.991,0.009],"evs":[0.0,-2.1412]},"K4o":{"weight":0.0,"played":[0.9995,5.0E-4],"evs":[0.0,-1.81604]},"A4o":{"weight":0.0,"played":[0.9993,7.0E-4],"evs":[0.0,-0.97833]},"52s":{"weight":0.0,"played":[0.9979,0.0021],"evs":[0.0,-1.29786]},"53s":{"weight":0.0,"played":[0.7166,0.2834],"evs":[0.0,-0.90809]},"54s":{"weight":0.0,"played":[0.9086,0.0914],"evs":[0.0,-0.48646]},"55":{"weight":0.2524,"played":[0.2337,0.7663],"evs":[0.0,0.09645]},"65o":{"weight":0.0,"played":[0.9614,0.0386],"evs":[0.0,-0.54244]},"75o":{"weight":0.0,"played":[0.979,0.021],"evs":[0.0,-1.1801]},"85o":{"weight":0.0,"played":[0.9984,0.0016],"evs":[0.0,-1.76675]},"95o":{"weight":0.0,"played":[0.9974,0.0026],"evs":[0.0,-2.26345]},"T5o":{"weight":0.0,"played":[1.0,0.0],"evs":[0.0,-2.17644]},"J5o":{"weight":0.0,"played":[0.9997,3.0E-4],"evs":[0.0,-2.28587]},"Q5o":{"weight":0.0,"played":[0.9978,0.0022],"evs":[0.0,-2.02282]},"K5o":{"weight":0.0,"played":[0.9958,0.0042],"evs":[0.0,-2.12085]},"A5o":{"weight":0.0,"played":[0.9183,0.0817],"evs":[0.0,-1.48497]},"62s":{"weight":0.0,"played":[0.2331,0.7669],"evs":[0.0,-0.12459]},"63s":{"weight":0.0,"played":[0.7473,0.2527],"evs":[0.0,-0.8531]},"64s":{"weight":0.0,"played":[0.8451,0.1549],"evs":[0.0,-0.24691]},"65s":{"weight":0.0,"played":[0.0759,0.9241],"evs":[0.0,1.01258]},"66":{"weight":0.8723,"played":[0.8633,0.1367],"evs":[0.0,-0.35703]},"76o":{"weight":0.0,"played":[0.6322,0.3678],"evs":[0.0,0.40912]},"86o":{"weight":0.0,"played":[0.9997,3.0E-4],"evs":[0.0,-1.13666]},"96o":{"weight":0.0,"played":[0.9903,0.0097],"evs":[0.0,-0.78269]},"T6o":{"weight":0.0,"played":[0.9994,6.0E-4],"evs":[0.0,-1.5857]},"J6o":{"weight":0.0,"played":[0.9968,0.0032],"evs":[0.0,-1.68221]},"Q6o":{"weight":0.0,"played":[0.9821,0.0179],"evs":[0.0,-2.19575]},"K6o":{"weight":0.0,"played":[0.9977,0.0023],"evs":[0.0,-3.07574]},"A6o":{"weight":0.0,"played":[0.9937,0.0063],"evs":[0.0,-1.44642]},"72s":{"weight":0.0,"played":[0.9816,0.0184],"evs":[0.0,-2.56817]},"73s":{"weight":0.0,"played":[0.9999,1.0E-4],"evs":[0.0,-1.03083]},"74s":{"weight":0.0,"played":[0.7442,0.2558],"evs":[0.0,-0.73894]},"75s":{"weight":0.0,"played":[0.549,0.451],"evs":[0.0,0.96909]},"76s":{"weight":0.0,"played":[0.7302,0.2698],"evs":[0.0,-1.03857]},"77":{"weight":0.2863,"played":[0.5723,0.4277],"evs":[0.0,-0.46809]},"87o":{"weight":0.0,"played":[0.9945,0.0055],"evs":[0.0,-0.73083]},"97o":{"weight":0.0,"played":[0.9991,9.0E-4],"evs":[0.0,-0.82073]},"T7o":{"weight":0.0,"played":[0.9852,0.0148],"evs":[0.0,-2.14654]},"J7o":{"weight":0.0,"played":[0.9536,0.0464],"evs":[0.0,-1.38245]},"Q7o":{"weight":0.0,"played":[0.9995,5.0E-4],"evs":[0.0,-2.39316]},"K7o":{"weight":0.0,"played":[0.9999,1.0E-4],"evs":[0.0,-1.74935]},"A7o":{"weight":0.0,"played":[0.9882,0.0118],"evs":[0.0,-1.56824]},"82s":{"weight":0.0,"played":[0.9342,0.0658],"evs":[0.0,-0.2584]},"83s":{"weight":0.0,"played":[0.9993,7.0E-4],"evs":[0.0,-0.85556]},"84s":{"weight":0.0,"played":[0.9117,0.0883],"evs":[0.0,-1.15381]},"85s":{"weight":0.0,"played":[0.7702,0.2298],"evs":[0.0,-0.37153]},"86s":{"weight":0.0,"played":[0.3474,0.6526],"evs":[0.0,-0.10564]},"87s":{"weight":0.0,"played":[0.3199,0.6801],"evs":[0.0,0.47103]},"88":{"weight":0.1141,"played":[0.5778,0.4222],"evs":[0.0,0.08333]},"98o":{"weight":0.0,"played":[0.9809,0.0191],"evs":[0.0,-1.41556]},"T8o":{"weight":0.0,"played":[0.9138,0.0862],"evs":[0.0,-2.49921]},"J8o":{"weight":0.0,"played":[0.9951,0.0049],"evs":[0.0,-1.29068]},"Q8o":{"weight":0.0,"played":[0.9895,0.0105],"evs":[0.0,-1.82817]},"K8o":{"weight":0.0,"played":[0.9794,0.0206],"evs":[0.0,-2.58624]},"A8o":{"weight":7.0E-4,"played":[0.9952,0.0048],"evs":[0.0,-2.36326]},"92s":{"weight":0.0,"played":[0.9801,0.0199],"evs":[0.0,-1.41767]},"93s":{"weight":0.0,"played":[0.9886,0.0114],"evs":[0.0,-2.02513]},"94s":{"weight":0.0,"played":[0.7159,0.2841],"evs":[0.0,-1.18337]},"95s":{"weight":0.0,"played":[0.7031,0.2969],"evs":[0.0,-0.3807]},"96s":{"weight":0.0,"played":[0.6485,0.3515],"evs":[0.0,-0.43018]},"97s":{"weight":0.0,"played":[0.5892,0.4108],"evs":[0.0,0.17121]},"98s":{"weight":0.0,"played":[0.7617,0.2383],"evs":[0.0,-1.38163]},"99":{"weight":0.1125,"played":[0.9828,0.0172],"evs":[0.0,-1.15159]},"T9o":{"weight":0.0,"played":[0.9996,4.0E-4],"evs":[0.0,-2.04013]},"J9o":{"weight":0.0,"played":[0.9997,3.0E-4],"evs":[0.0,-1.65746]},"Q9o":{"weight":0.0,"played":[0.9948,0.0052],"evs":[0.0,-2.05847]},"K9o":{"weight":0.0,"played":[0.9989,0.0011],"evs":[0.0,-1.13008]},"A9o":{"weight":1.0,"played":[0.9979,0.0021],"evs":[0.0,-2.07812]},"T2s":{"weight":0.0,"played":[0.8865,0.1135],"evs":[0.0,-1.54981]},"T3s":{"weight":0.0,"played":[0.9738,0.0262],"evs":[0.0,-1.53637]},"T4s":{"weight":0.0,"played":[0.9049,0.0951],"evs":[0.0,-1.17488]},"T5s":{"weight":0.0,"played":[0.8747,0.1253],"evs":[0.0,-1.17779]},"T6s":{"weight":0.0,"played":[0.9923,0.0077],"evs":[0.0,-1.92744]},"T7s":{"weight":0.0,"played":[0.8206,0.1794],"evs":[0.0,-0.82925]},"T8s":{"weight":0.0,"played":[0.8816,0.1184],"evs":[0.0,-1.53262]},"T9s":{"weight":0.0,"played":[0.9359,0.0641],"evs":[0.0,-1.66885]},"TT":{"weight":0.3348,"played":[0.5389,0.4611],"evs":[0.0,-0.17398]},"JTo":{"weight":0.0,"played":[0.9986,0.0014],"evs":[0.0,-1.09788]},"QTo":{"weight":0.0,"played":[0.9997,3.0E-4],"evs":[0.0,-1.70116]},"KTo":{"weight":0.0,"played":[0.9682,0.0318],"evs":[0.0,-1.78265]},"ATo":{"weight":0.9999,"played":[0.9944,0.0056],"evs":[0.0,-1.66369]},"J2s":{"weight":0.0,"played":[0.9975,0.0025],"evs":[0.0,-1.60249]},"J3s":{"weight":0.0,"played":[0.9977,0.0023],"evs":[0.0,-2.06049]},"J4s":{"weight":0.0,"played":[0.9992,8.0E-4],"evs":[0.0,-1.21708]},"J5s":{"weight":0.0,"played":[0.8434,0.1566],"evs":[0.0,-0.98868]},"J6s":{"weight":0.0,"played":[0.9755,0.0245],"evs":[0.0,-2.06418]},"J7s":{"weight":0.0,"played":[0.7577,0.2423],"evs":[0.0,-1.48337]},"J8s":{"weight":0.0,"played":[0.8796,0.1204],"evs":[0.0,-1.87189]},"J9s":{"weight":0.0,"played":[0.8475,0.1525],"evs":[0.0,-0.35592]},"JTs":{"weight":0.0,"played":[0.4265,0.5735],"evs":[0.0,-0.16672]},"JJ":{"weight":0.2583,"played":[0.0014,0.9986],"evs":[0.0,2.07477]},"QJo":{"weight":0.0,"played":[0.9968,0.0032],"evs":[0.0,-0.99634]},"KJo":{"weight":0.0,"played":[0.985,0.015],"evs":[0.0,-2.00731]},"AJo":{"weight":0.4132,"played":[0.8517,0.1483],"evs":[0.0,-0.42435]},"Q2s":{"weight":0.0,"played":[0.8552,0.1448],"evs":[0.0,-1.30237]},"Q3s":{"weight":0.0,"played":[0.7243,0.2757],"evs":[0.0,-0.78952]},"Q4s":{"weight":0.0,"played":[0.7924,0.2076],"evs":[0.0,-0.45411]},"Q5s":{"weight":0.0,"played":[0.9857,0.0143],"evs":[0.0,-1.70984]},"Q6s":{"weight":0.0,"played":[0.9159,0.0841],"evs":[0.0,-1.4445]},"Q7s":{"weight":0.0,"played":[0.849,0.151],"evs":[0.0,-1.49732]},"Q8s":{"weight":0.0,"played":[0.993,0.007],"evs":[0.0,-2.26473]},"Q9s":{"weight":0.0,"played":[0.9969,0.0031],"evs":[0.0,-0.77382]},"QTs":{"weight":0.0,"played":[0.9403,0.0597],"evs":[0.0,-0.49194]},"QJs":{"weight":0.0,"played":[0.5692,0.4308],"evs":[0.0,-0.12182]},"QQ":{"weight":0.4769,"played":[0.0,1.0],"evs":[0.0,5.23319]},"KQo":{"weight":0.001,"played":[0.9997,3.0E-4],"evs":[0.0,-2.15158]},"AQo":{"weight":2.0E-4,"played":[0.4305,0.5695],"evs":[0.0,-0.42935]},"K2s":{"weight":0.0,"played":[0.9184,0.0816],"evs":[0.0,-2.13616]},"K3s":{"weight":0.0,"played":[0.9555,0.0445],"evs":[0.0,-1.01421]},"K4s":{"weight":0.0,"played":[0.9929,0.0071],"evs":[0.0,-1.99735]},"K5s":{"weight":0.0,"played":[0.928,0.072],"evs":[0.0,-0.69932]},"K6s":{"weight":0.0,"played":[0.9708,0.0292],"evs":[0.0,-2.13795]},"K7s":{"weight":0.0,"played":[0.8078,0.1922],"evs":[0.0,-1.00565]},"K8s":{"weight":0.0,"played":[0.8691,0.1309],"evs":[0.0,-1.3171]},"K9s":{"weight":0.0,"played":[0.8321,0.1679],"evs":[0.0,-0.61838]},"KTs":{"weight":0.0,"played":[0.5781,0.4219],"evs":[0.0,-0.81137]},"KJs":{"weight":1.0E-4,"played":[0.8221,0.1779],"evs":[0.0,-1.69567]},"KQs":{"weight":0.0,"played":[0.7021,0.2979],"evs":[0.0,-1.00421]},"KK":{"weight":0.9986,"played":[0.0,1.0],"evs":[0.0,7.85682]},"AKo":{"weight":0.0309,"played":[0.1947,0.8053],"evs":[0.0,-0.01441]},"A2s":{"weight":0.0,"played":[0.9845,0.0155],"evs":[0.0,-2.12768]},"A3s":{"weight":0.0,"played":[0.9788,0.0212],"evs":[0.0,-1.36305]},"A4s":{"weight":0.0,"played":[0.8486,0.1514],"evs":[0.0,-0.87201]},"A5s":{"weight":0.0,"played":[0.8711,0.1289],"evs":[0.0,-1.65636]},"A6s":{"weight":0.0,"played":[0.5918,0.4082],"evs":[0.0,-0.34449]},"A7s":{"weight":0.2967,"played":[0.8895,0.1105],"evs":[0.0,-0.40037]},"A8s":{"weight":0.5125,"played":[0.6575,0.3425],"evs":[0.0,-1.22016]},"A9s":{"weight":0.7351,"played":[0.7809,0.2191],"evs":[0.0,-1.26124]},"ATs":{"weight":1.0E-4,"played":[0.9581,0.0419],"evs":[0.0,-0.61357]},"AJs":{"weight":0.0,"played":[0.5688,0.4312],"evs":[0.0,-0.46789]},"AQs":{"weight":0.0,"played":[0.4115,0.5885],"evs":[0.0,1.07326]},"AKs":{"weight":0.4784,"played":[0.1339,0.8661],"evs":[0.0,1.37524]},"AA":{"weight":0.9999,"played":[0.0,1.0],"evs":[0.0,11.70914]}}}