{"player":6,"street":0,"children":2,"sequence":[{"player":0,"type":"F","amount":0,"street":0},{"player":1,"type":"F","amount":0,"street":0},{"player":2,"type":"F","amount":0,"street":0},{"player":3,"type":"R","amount":35040000,"street":0},{"player":4,"type":"C","amount":35040000,"street":0},{"player":5,"type":"F","amount":0,"street":0}],"actions":[{"type":"F","amount":0},{"type":"C","amount":19040000}],"hands":{"22":{"weight":1.0,"played":[1.0,0.0],"evs":[0.0,-4.70672]},"32o":{"weight":1.0,"played":[1.0,0.0],"evs":[0.0,-6.52348]},"42o":{"weight":1.0,"played":[1.0,0.0],"evs":[0.0,-6.40473]},"52o":{"weight":1.0,"played":[1.0,0.0],"evs":[0.0,-6.28953]},"62o":{"weight":1.0,"played":[1.0,0.0],"evs":[0.0,-6.61345]},"72o":{"weight":1.0,"played":[1.0,0.0],"evs":[0.0,-6.87882]},"82o":{"weight":1.0,"played":[1.0,0.0],"evs":[0.0,-6.76029]},"92o":{"weight":1.0,"played":[1.0,0.0],"evs":[0.0,-6.71203]},"T2o":{"weight":1.0,"played":[1.0,0.0],"evs":[0.0,-6.69236]},"J2o":{"weight":1.0,"played":[1.0,0.0],"evs":[0.0,-6.44212]},"Q2o":{"weight":1.0,"played":[1.0,0.0],"evs":[0.0,-6.2159]},"K2o":{"weight":1.0,"played":[1.0,0.0],"evs":[0.0,-5.90355]},"A2o":{"weight":1.0,"played":[1.0,0.0],"evs":[0.0,-5.96165]},"32s":{"weight":1.0,"played":[1.0,0.0],"evs":[0.0,-5.63534]},"33":{"weight":1.0,"played":[1.0,0.0],"evs":[0.0,-4.51174]},"43o":{"weight":1.0,"played":[1.0,0.0],"evs":[0.0,-6.03236]},"53o":{"weight":1.0,"played":[1.0,0.0],"evs":[0.0,-5.94799]},"63o":{"weight":1.0,"played":[1.0,0.0],"evs":[0.0,-6.24554]},"73o":{"weight":1.0,"played":[1.0,0.0],"evs":[0.0,-6.52413]},"83o":{"weight":1.0,"played":[1.0,0.0],"evs":[0.0,-6.71319]},"93o":{"weight":1.0,"played":[1.0,0.0],"evs":[0.0,-6.59521]},"T3o":{"weight":1.0,"played":[1.0,0.0],"evs":[0.0,-6.56816]},"J3o":{"weight":1.0,"played":[1.0,0.0],"evs":[0.0,-6.33704]},"Q3o":{"weight":1.0,"played":[1.0,0.0],"evs":[0.0,-6.10427]},"K3o":{"weight":1.0,"played":[1.0,0.0],"evs":[0.0,-5.8137]},"A3o":{"weight":1.0,"played":[1.0,0.0],"evs":[0.0,-5.85309]},"42s":{"weight":1.0,"played":[1.0,0.0],"evs":[0.0,-5.49348]},"43s":{"weight":1.0,"played":[1.0,0.0],"evs":[0.0,-5.19785]},"44":{"weight":1.0,"played":[1.0,0.0],"evs":[0.0,-4.27787]},"54o":{"weight":1.0,"played":[1.0,0.0],"evs":[0.0,-5.60349]},"64o":{"weight":1.0,"played":[1.0,0.0],"evs":[0.0,-5.86336]},"74o":{"weight":1.0,"played":[1.0,0.0],"evs":[0.0,-6.16558]},"84o":{"weight":1.0,"played":[1.0,0.0],"evs":[0.0,-6.40878]},"94o":{"weight":1.0,"played":[1.0,0.0],"evs":[0.0,-6.55875]},"T4o":{"weight":1.0,"played":[1.0,0.0],"evs":[0.0,-6.43552]},"J4o":{"weight":1.0,"played":[1.0,0.0],"evs":[0.0,-6.22603]},"Q4o":{"weight":1.0,"played":[1.0,0.0],"evs":[0.0,-5.9926]},"K4o":{"weight":1.0,"played":[1.0,0.0],"evs":[0.0,-5.70417]},"A4o":{"weight":1.0,"played":[1.0,0.0],"evs":[0.0,-5.74665]},"52s":{"weight":1.0,"played":[1.0,0.0],"evs":[0.0,-5.4763]},"53s":{"weight":1.0,"played":[1.0,0.0],"evs":[0.0,-5.09521]},"54s":{"weight":1.0,"played":[1.0,0.0],"evs":[0.0,-4.76264]},"55":{"weight":1.0,"played":[1.0,0.0],"evs":[0.0,-4.00012]},"65o":{"weight":1.0,"played":[1.0,0.0],"evs":[0.0,-5.55974]},"75o":{"weight":1.0,"played":[1.0,0.0],"evs":[0.0,-5.80652]},"85o":{"weight":1.0,"played":[1.0,0.0],"evs":[0.0,-6.00411]},"95o":{"weight":1.0,"played":[1.0,0.0],"evs":[0.0,-6.20593]},"T5o":{"weight":1.0,"played":[1.0,0.0],"evs":[0.0,-6.41031]},"J5o":{"weight":1.0,"played":[1.0,0.0],"evs":[0.0,-6.12899]},"Q5o":{"weight":1.0,"played":[1.0,0.0],"evs":[0.0,-5.90807]},"K5o":{"weight":1.0,"played":[1.0,0.0],"evs":[0.0,-5.58232]},"A5o":{"weight":1.0,"played":[1.0,0.0],"evs":[0.0,-5.62016]},"62s":{"weight":1.0,"played":[1.0,0.0],"evs":[0.0,-5.71604]},"63s":{"weight":1.0,"played":[1.0,0.0],"evs":[0.0,-5.35961]},"64s":{"weight":1.0,"played":[1.0,0.0],"evs":[0.0,-4.9744]},"65s":{"weight":1.0,"played":[1.0,0.0],"evs":[0.0,-4.72559]},"66":{"weight":1.0,"played":[1.0,0.0],"evs":[0.0,-3.88421]},"76o":{"weight":1.0,"played":[1.0,0.0],"evs":[0.0,-5.58251]},"86o":{"weight":1.0,"played":[1.0,0.0],"evs":[0.0,-5.72061]},"96o":{"weight":1.0,"played":[1.0,0.0],"evs":[0.0,-5.93845]},"T6o":{"weight":1.0,"played":[1.0,0.0],"evs":[0.0,-6.11124]},"J6o":{"weight":1.0,"played":[1.0,0.0],"evs":[0.0,-6.13129]},"Q6o":{"weight":1.0,"played":[1.0,0.0],"evs":[0.0,-5.84351]},"K6o":{"weight":1.0,"played":[1.0,0.0],"evs":[0.0,-5.54111]},"A6o":{"weight":1.0,"played":[1.0,0.0],"evs":[0.0,-5.92191]},"72s":{"weight":1.0,"played":[1.0,0.0],"evs":[0.0,-5.99016]},"73s":{"weight":1.0,"played":[1.0,0.0],"evs":[0.0,-5.62994]},"74s":{"weight":1.0,"played":[1.0,0.0],"evs":[0.0,-5.28093]},"75s":{"weight":1.0,"played":[1.0,0.0],"evs":[0.0,-4.98582]},"76s":{"weight":1.0,"played":[1.0,0.0],"evs":[0.0,-4.74213]},"77":{"weight":1.0,"played":[1.0,0.0],"evs":[0.0,-3.68186]},"87o":{"weight":1.0,"played":[1.0,0.0],"evs":[0.0,-5.51294]},"97o":{"weight":1.0,"played":[1.0,0.0],"evs":[0.0,-5.69478]},"T7o":{"weight":1.0,"played":[1.0,0.0],"evs":[0.0,-5.85942]},"J7o":{"weight":1.0,"played":[1.0,0.0],"evs":[0.0,-5.83682]},"Q7o":{"weight":1.0,"played":[1.0,0.0],"evs":[0.0,-5.83916]},"K7o":{"weight":1.0,"played":[1.0,0.0],"evs":[0.0,-5.47123]},"A7o":{"weight":1.0,"played":[1.0,0.0],"evs":[0.0,-5.79238]},"82s":{"weight":1.0,"played":[1.0,0.0],"evs":[0.0,-5.89138]},"83s":{"weight":1.0,"played":[1.0,0.0],"evs":[0.0,-5.82796]},"84s":{"weight":1.0,"played":[1.0,0.0],"evs":[0.0,-5.47668]},"85s":{"weight":1.0,"played":[1.0,0.0],"evs":[0.0,-5.16485]},"86s":{"weight":1.0,"played":[1.0,0.0],"evs":[0.0,-4.93026]},"87s":{"weight":1.0,"played":[1.0,0.0],"evs":[0.0,-4.69222]},"88":{"weight":1.0,"played":[1.0,0.0],"evs":[0.0,-3.20238]},"98o":{"weight":1.0,"played":[1.0,0.0],"evs":[0.0,-5.40641]},"T8o":{"weight":1.0,"played":[1.0,0.0],"evs":[0.0,-5.54369]},"J8o":{"weight":1.0,"played":[1.0,0.0],"evs":[0.0,-5.55266]},"Q8o":{"weight":1.0,"played":[1.0,0.0],"evs":[0.0,-5.52727]},"K8o":{"weight":1.0,"played":[1.0,0.0],"evs":[0.0,-5.42349]},"A8o":{"weight":1.0,"played":[1.0,0.0],"evs":[0.0,-5.75759]},"92s":{"weight":1.0,"played":[1.0,0.0],"evs":[0.0,-5.76536]},"93s":{"weight":1.0,"played":[1.0,0.0],"evs":[0.0,-5.67488]},"94s":{"weight":1.0,"played":[1.0,0.0],"evs":[0.0,-5.62546]},"95s":{"weight":1.0,"played":[1.0,0.0],"evs":[0.0,-5.29362]},"96s":{"weight":1.0,"played":[1.0,0.0],"evs":[0.0,-5.04161]},"97s":{"weight":1.0,"played":[1.0,0.0],"evs":[0.0,-4.81045]},"98s":{"weight":1.0,"played":[1.0,0.0],"evs":[0.0,-4.52204]},"99":{"weight":1.0,"played":[1.0,0.0],"evs":[0.0,-2.53777]},"T9o":{"weight":1.0,"played":[1.0,0.0],"evs":[0.0,-5.21876]},"J9o":{"weight":1.0,"played":[1.0,0.0],"evs":[0.0,-5.22734]},"Q9o":{"weight":1.0,"played":[1.0,0.0],"evs":[0.0,-5.22265]},"K9o":{"weight":1.0,"played":[1.0,0.0],"evs":[0.0,-5.09215]},"A9o":{"weight":1.0,"played":[1.0,0.0],"evs":[0.0,-5.51242]},"T2s":{"weight":1.0,"played":[1.0,0.0],"evs":[0.0,-5.73739]},"T3s":{"weight":1.0,"played":[1.0,0.0],"evs":[0.0,-5.655]},"T4s":{"weight":1.0,"played":[1.0,0.0],"evs":[0.0,-5.57524]},"T5s":{"weight":1.0,"played":[1.0,0.0],"evs":[0.0,-5.44688]},"T6s":{"weight":1.0,"played":[1.0,0.0],"evs":[0.0,-5.26444]},"T7s":{"weight":1.0,"played":[1.0,0.0],"evs":[0.0,-4.974]},"T8s":{"weight":1.0,"played":[1.0,0.0],"evs":[0.0,-4.68662]},"T9s":{"weight":1.0,"played":[1.0,0.0],"evs":[0.0,-4.37652]},"TT":{"weight":1.0,"played":[1.0,0.0],"evs":[0.0,-1.61093]},"JTo":{"weight":1.0,"played":[1.0,0.0],"evs":[0.0,-4.86847]},"QTo":{"weight":1.0,"played":[1.0,0.0],"evs":[0.0,-4.8304]},"KTo":{"weight":1.0,"played":[1.0,0.0],"evs":[0.0,-4.71866]},"ATo":{"weight":1.0,"played":[1.0,0.0],"evs":[0.0,-4.53823]},"J2s":{"weight":1.0,"played":[1.0,0.0],"evs":[0.0,-5.49768]},"J3s":{"weight":1.0,"played":[1.0,0.0],"evs":[0.0,-5.40538]},"J4s":{"weight":1.0,"played":[1.0,0.0],"evs":[0.0,-5.28312]},"J5s":{"weight":1.0,"played":[1.0,0.0],"evs":[0.0,-5.22039]},"J6s":{"weight":1.0,"played":[1.0,0.0],"evs":[0.0,-5.22306]},"J7s":{"weight":1.0,"played":[1.0,0.0],"evs":[0.0,-4.9745]},"J8s":{"weight":1.0,"played":[1.0,0.0],"evs":[0.0,-4.69313]},"J9s":{"weight":1.0,"played":[1.0,0.0],"evs":[0.0,-4.35548]},"JTs":{"weight":1.0,"played":[1.0,0.0],"evs":[0.0,-4.04808]},"JJ":{"weight":1.0,"played":[0.9999,1.0E-4],"evs":[0.0,-0.36115]},"QJo":{"weight":1.0,"played":[1.0,0.0],"evs":[0.0,-4.53581]},"KJo":{"weight":1.0,"played":[1.0,0.0],"evs":[0.0,-4.43098]},"AJo":{"weight":1.0,"played":[1.0,0.0],"evs":[0.0,-3.48808]},"Q2s":{"weight":1.0,"played":[1.0,0.0],"evs":[0.0,-5.27721]},"Q3s":{"weight":1.0,"played":[1.0,0.0],"evs":[0.0,-5.13677]},"Q4s":{"weight":1.0,"played":[1.0,0.0],"evs":[0.0,-5.08474]},"Q5s":{"weight":1.0,"played":[1.0,0.0],"evs":[0.0,-5.00653]},"Q6s":{"weight":1.0,"played":[1.0,0.0],"evs":[0.0,-4.91787]},"Q7s":{"weight":1.0,"played":[1.0,0.0],"evs":[0.0,-4.92942]},"Q8s":{"weight":1.0,"played":[1.0,0.0],"evs":[0.0,-4.6244]},"Q9s":{"weight":1.0,"played":[1.0,0.0],"evs":[0.0,-4.32225]},"QTs":{"weight":1.0,"played":[1.0,0.0],"evs":[0.0,-4.01599]},"QJs":{"weight":1.0,"played":[1.0,0.0],"evs":[0.0,-3.73635]},"QQ":{"weight":1.0,"played":[0.0,1.0],"evs":[0.0,1.03818]},"KQo":{"weight":1.0,"played":[1.0,0.0],"evs":[0.0,-4.07825]},"AQo":{"weight":1.0,"played":[1.0,0.0],"evs":[0.0,-2.28307]},"K2s":{"weight":1.0,"played":[1.0,0.0],"evs":[0.0,-4.97438]},"K3s":{"weight":1.0,"played":[1.0,0.0],"evs":[0.0,-4.86936]},"K4s":{"weight":1.0,"played":[1.0,0.0],"evs":[0.0,-4.81345]},"K5s":{"weight":1.0,"played":[1.0,0.0],"evs":[0.0,-4.69512]},"K6s":{"weight":1.0,"played":[1.0,0.0],"evs":[0.0,-4.68877]},"K7s":{"weight":1.0,"played":[1.0,0.0],"evs":[0.0,-4.58543]},"K8s":{"weight":1.0,"played":[1.0,0.0],"evs":[0.0,-4.52214]},"K9s":{"weight":1.0,"played":[1.0,0.0],"evs":[0.0,-4.23678]},"KTs":{"weight":1.0,"played":[1.0,0.0],"evs":[0.0,-3.91705]},"KJs":{"weight":1.0,"played":[1.0,0.0],"evs":[0.0,-3.60852]},"KQs":{"weight":1.0,"played":[1.0,0.0],"evs":[0.0,-3.29516]},"KK":{"weight":1.0,"played":[0.0,1.0],"evs":[0.0,2.63755]},"AKo":{"weight":1.0,"played":[1.0,0.0],"evs":[0.0,-0.98086]},"A2s":{"weight":1.0,"played":[1.0,0.0],"evs":[0.0,-5.03021]},"A3s":{"weight":1.0,"played":[1.0,0.0],"evs":[0.0,-4.92699]},"A4s":{"weight":1.0,"played":[1.0,0.0],"evs":[0.0,-4.76089]},"A5s":{"weight":1.0,"played":[1.0,0.0],"evs":[0.0,-4.66668]},"A6s":{"weight":1.0,"played":[1.0,0.0],"evs":[0.0,-4.94874]},"A7s":{"weight":1.0,"played":[1.0,0.0],"evs":[0.0,-4.80731]},"A8s":{"weight":1.0,"played":[1.0,0.0],"evs":[0.0,-4.76922]},"A9s":{"weight":1.0,"played":[1.0,0.0],"evs":[0.0,-4.51505]},"ATs":{"weight":1.0,"played":[1.0,0.0],"evs":[0.0,-3.70555]},"AJs":{"weight":1.0,"played":[1.0,0.0],"evs":[0.0,-2.705]},"AQs":{"weight":1.0,"played":[1.0,0.0],"evs":[0.0,-1.56061]},"AKs":{"weight":1.0,"played":[1.0,0.0],"evs":[0.0,-0.32649]},"AA":{"weight":1.0,"played":[0.0,1.0],"evs":[0.0,6.14594]}}}