{"player":6,"street":0,"children":2,"sequence":[{"player":0,"type":"R","amount":14240000,"street":0},{"player":1,"type":"F","amount":0,"street":0},{"player":2,"type":"C","amount":11040000,"street":0},{"player":3,"type":"F","amount":0,"street":0},{"player":4,"type":"F","amount":0,"street":0},{"player":5,"type":"F","amount":0,"street":0}],"actions":[{"type":"F","amount":0},{"type":"C","amount":11040000}],"hands":{"22":{"weight":1.0,"played":[0.4556,0.5444],"evs":[0.0,-0.01621]},"32o":{"weight":1.0,"played":[1.0,0.0],"evs":[0.0,-1.32178]},"42o":{"weight":1.0,"played":[1.0,0.0],"evs":[0.0,-1.26385]},"52o":{"weight":1.0,"played":[1.0,0.0],"evs":[0.0,-1.17464]},"62o":{"weight":1.0,"played":[1.0,0.0],"evs":[0.0,-1.2842]},"72o":{"weight":1.0,"played":[1.0,0.0],"evs":[0.0,-1.49855]},"82o":{"weight":1.0,"played":[1.0,0.0],"evs":[0.0,-1.46667]},"92o":{"weight":1.0,"played":[1.0,0.0],"evs":[0.0,-1.40106]},"T2o":{"weight":1.0,"played":[1.0,0.0],"evs":[0.0,-1.28917]},"J2o":{"weight":1.0,"played":[1.0,0.0],"evs":[0.0,-1.41072]},"Q2o":{"weight":1.0,"played":[1.0,0.0],"evs":[0.0,-1.2123]},"K2o":{"weight":1.0,"played":[1.0,0.0],"evs":[0.0,-1.02689]},"A2o":{"weight":1.0,"played":[1.0,0.0],"evs":[0.0,-1.13523]},"32s":{"weight":1.0,"played":[1.0,0.0],"evs":[0.0,-0.76817]},"33":{"weight":1.0,"played":[0.0,1.0],"evs":[0.0,0.20824]},"43o":{"weight":1.0,"played":[1.0,0.0],"evs":[0.0,-0.98647]},"53o":{"weight":1.0,"played":[1.0,0.0],"evs":[0.0,-0.8941]},"63o":{"weight":1.0,"played":[1.0,0.0],"evs":[0.0,-1.02858]},"73o":{"weight":1.0,"played":[1.0,0.0],"evs":[0.0,-1.2795]},"83o":{"weight":1.0,"played":[1.0,0.0],"evs":[0.0,-1.42084]},"93o":{"weight":1.0,"played":[1.0,0.0],"evs":[0.0,-1.32255]},"T3o":{"weight":1.0,"played":[1.0,0.0],"evs":[0.0,-1.25133]},"J3o":{"weight":1.0,"played":[1.0,0.0],"evs":[0.0,-1.30766]},"Q3o":{"weight":1.0,"played":[1.0,0.0],"evs":[0.0,-1.12096]},"K3o":{"weight":1.0,"played":[1.0,0.0],"evs":[0.0,-0.96184]},"A3o":{"weight":1.0,"played":[1.0,0.0],"evs":[0.0,-1.03635]},"42s":{"weight":1.0,"played":[1.0,0.0],"evs":[0.0,-0.68671]},"43s":{"weight":1.0,"played":[1.0,0.0],"evs":[0.0,-0.44636]},"44":{"weight":1.0,"played":[0.0,1.0],"evs":[0.0,0.42039]},"54o":{"weight":1.0,"played":[1.0,0.0],"evs":[0.0,-0.64365]},"64o":{"weight":1.0,"played":[1.0,0.0],"evs":[0.0,-0.79209]},"74o":{"weight":1.0,"played":[1.0,0.0],"evs":[0.0,-1.03899]},"84o":{"weight":1.0,"played":[1.0,0.0],"evs":[0.0,-1.16742]},"94o":{"weight":1.0,"played":[1.0,0.0],"evs":[0.0,-1.24571]},"T4o":{"weight":1.0,"played":[1.0,0.0],"evs":[0.0,-1.14482]},"J4o":{"weight":1.0,"played":[1.0,0.0],"evs":[0.0,-1.23307]},"Q4o":{"weight":1.0,"played":[1.0,0.0],"evs":[0.0,-1.04349]},"K4o":{"weight":1.0,"played":[1.0,0.0],"evs":[0.0,-0.88741]},"A4o":{"weight":1.0,"played":[1.0,0.0],"evs":[0.0,-0.94088]},"52s":{"weight":1.0,"played":[1.0,0.0],"evs":[0.0,-0.59853]},"53s":{"weight":1.0,"played":[1.0,0.0],"evs":[0.0,-0.32122]},"54s":{"weight":1.0,"played":[0.9999,1.0E-4],"evs":[0.0,-0.13453]},"55":{"weight":1.0,"played":[0.0,1.0],"evs":[0.0,0.65528]},"65o":{"weight":1.0,"played":[1.0,0.0],"evs":[0.0,-0.57117]},"75o":{"weight":1.0,"played":[1.0,0.0],"evs":[0.0,-0.75683]},"85o":{"weight":1.0,"played":[1.0,0.0],"evs":[0.0,-0.90106]},"95o":{"weight":1.0,"played":[1.0,0.0],"evs":[0.0,-1.05227]},"T5o":{"weight":1.0,"played":[1.0,0.0],"evs":[0.0,-1.12226]},"J5o":{"weight":1.0,"played":[1.0,0.0],"evs":[0.0,-1.141]},"Q5o":{"weight":1.0,"played":[1.0,0.0],"evs":[0.0,-0.98231]},"K5o":{"weight":1.0,"played":[1.0,0.0],"evs":[0.0,-0.80349]},"A5o":{"weight":1.0,"played":[1.0,0.0],"evs":[0.0,-0.82289]},"62s":{"weight":1.0,"played":[1.0,0.0],"evs":[0.0,-0.67565]},"63s":{"weight":1.0,"played":[1.0,0.0],"evs":[0.0,-0.49887]},"64s":{"weight":1.0,"played":[1.0,0.0],"evs":[0.0,-0.21233]},"65s":{"weight":1.0,"played":[0.9197,0.0803],"evs":[0.0,-0.04732]},"66":{"weight":1.0,"played":[0.0,1.0],"evs":[0.0,0.88235]},"76o":{"weight":1.0,"played":[1.0,0.0],"evs":[0.0,-0.54737]},"86o":{"weight":1.0,"played":[1.0,0.0],"evs":[0.0,-0.6731]},"96o":{"weight":1.0,"played":[1.0,0.0],"evs":[0.0,-0.76345]},"T6o":{"weight":1.0,"played":[1.0,0.0],"evs":[0.0,-0.86913]},"J6o":{"weight":1.0,"played":[1.0,0.0],"evs":[0.0,-1.14167]},"Q6o":{"weight":1.0,"played":[1.0,0.0],"evs":[0.0,-0.88362]},"K6o":{"weight":1.0,"played":[1.0,0.0],"evs":[0.0,-0.72627]},"A6o":{"weight":1.0,"played":[1.0,0.0],"evs":[0.0,-1.00545]},"72s":{"weight":1.0,"played":[1.0,0.0],"evs":[0.0,-0.93483]},"73s":{"weight":1.0,"played":[1.0,0.0],"evs":[0.0,-0.66724]},"74s":{"weight":1.0,"played":[1.0,0.0],"evs":[0.0,-0.43645]},"75s":{"weight":1.0,"played":[0.9997,3.0E-4],"evs":[0.0,-0.23261]},"76s":{"weight":1.0,"played":[0.5321,0.4679],"evs":[0.0,0.01591]},"77":{"weight":1.0,"played":[0.0,1.0],"evs":[0.0,0.9413]},"87o":{"weight":1.0,"played":[1.0,0.0],"evs":[0.0,-0.55548]},"97o":{"weight":1.0,"played":[1.0,0.0],"evs":[0.0,-0.67679]},"T7o":{"weight":1.0,"played":[1.0,0.0],"evs":[0.0,-0.75197]},"J7o":{"weight":1.0,"played":[1.0,0.0],"evs":[0.0,-0.98569]},"Q7o":{"weight":1.0,"played":[1.0,0.0],"evs":[0.0,-0.96169]},"K7o":{"weight":1.0,"played":[1.0,0.0],"evs":[0.0,-0.74261]},"A7o":{"weight":1.0,"played":[1.0,0.0],"evs":[0.0,-0.88825]},"82s":{"weight":1.0,"played":[1.0,0.0],"evs":[0.0,-0.82394]},"83s":{"weight":1.0,"played":[1.0,0.0],"evs":[0.0,-0.88378]},"84s":{"weight":1.0,"played":[1.0,0.0],"evs":[0.0,-0.58225]},"85s":{"weight":1.0,"played":[1.0,0.0],"evs":[0.0,-0.39606]},"86s":{"weight":1.0,"played":[0.9999,1.0E-4],"evs":[0.0,-0.12023]},"87s":{"weight":1.0,"played":[0.5337,0.4663],"evs":[0.0,-0.02129]},"88":{"weight":1.0,"played":[0.0,1.0],"evs":[0.0,1.22039]},"98o":{"weight":1.0,"played":[1.0,0.0],"evs":[0.0,-0.51807]},"T8o":{"weight":1.0,"played":[1.0,0.0],"evs":[0.0,-0.57822]},"J8o":{"weight":1.0,"played":[1.0,0.0],"evs":[0.0,-0.7901]},"Q8o":{"weight":1.0,"played":[1.0,0.0],"evs":[0.0,-0.77201]},"K8o":{"weight":1.0,"played":[1.0,0.0],"evs":[0.0,-0.75877]},"A8o":{"weight":1.0,"played":[1.0,0.0],"evs":[0.0,-0.78719]},"92s":{"weight":1.0,"played":[1.0,0.0],"evs":[0.0,-0.81063]},"93s":{"weight":1.0,"played":[1.0,0.0],"evs":[0.0,-0.72768]},"94s":{"weight":1.0,"played":[1.0,0.0],"evs":[0.0,-0.5961]},"95s":{"weight":1.0,"played":[1.0,0.0],"evs":[0.0,-0.46464]},"96s":{"weight":1.0,"played":[1.0,0.0],"evs":[0.0,-0.1949]},"97s":{"weight":1.0,"played":[1.0,0.0],"evs":[0.0,-0.13667]},"98s":{"weight":1.0,"played":[0.414,0.586],"evs":[0.0,0.00356]},"99":{"weight":1.0,"played":[0.0,1.0],"evs":[0.0,1.71481]},"T9o":{"weight":1.0,"played":[1.0,0.0],"evs":[0.0,-0.31921]},"J9o":{"weight":1.0,"played":[1.0,0.0],"evs":[0.0,-0.57812]},"Q9o":{"weight":1.0,"played":[1.0,0.0],"evs":[0.0,-0.56526]},"K9o":{"weight":1.0,"played":[1.0,0.0],"evs":[0.0,-0.51555]},"A9o":{"weight":1.0,"played":[1.0,0.0],"evs":[0.0,-0.53571]},"T2s":{"weight":1.0,"played":[1.0,0.0],"evs":[0.0,-0.70209]},"T3s":{"weight":1.0,"played":[1.0,0.0],"evs":[0.0,-0.57525]},"T4s":{"weight":1.0,"played":[1.0,0.0],"evs":[0.0,-0.5406]},"T5s":{"weight":1.0,"played":[1.0,0.0],"evs":[0.0,-0.55975]},"T6s":{"weight":1.0,"played":[0.9999,1.0E-4],"evs":[0.0,-0.32969]},"T7s":{"weight":1.0,"played":[0.9999,1.0E-4],"evs":[0.0,-0.26753]},"T8s":{"weight":1.0,"played":[0.8682,0.1318],"evs":[0.0,-0.01272]},"T9s":{"weight":1.0,"played":[6.0E-4,0.9994],"evs":[0.0,0.18779]},"TT":{"weight":1.0,"played":[0.0,1.0],"evs":[0.0,2.27886]},"JTo":{"weight":1.0,"played":[0.9999,1.0E-4],"evs":[0.0,-0.25141]},"QTo":{"weight":1.0,"played":[1.0,0.0],"evs":[0.0,-0.23169]},"KTo":{"weight":1.0,"played":[0.999,0.001],"evs":[0.0,-0.16498]},"ATo":{"weight":1.0,"played":[0.9998,2.0E-4],"evs":[0.0,-0.06135]},"J2s":{"weight":1.0,"played":[1.0,0.0],"evs":[0.0,-0.75414]},"J3s":{"weight":1.0,"played":[1.0,0.0],"evs":[0.0,-0.73421]},"J4s":{"weight":1.0,"played":[1.0,0.0],"evs":[0.0,-0.6305]},"J5s":{"weight":1.0,"played":[1.0,0.0],"evs":[0.0,-0.54719]},"J6s":{"weight":1.0,"played":[0.9999,1.0E-4],"evs":[0.0,-0.53556]},"J7s":{"weight":1.0,"played":[1.0,0.0],"evs":[0.0,-0.45396]},"J8s":{"weight":1.0,"played":[1.0,0.0],"evs":[0.0,-0.24575]},"J9s":{"weight":1.0,"played":[0.4897,0.5103],"evs":[0.0,-0.04241]},"JTs":{"weight":1.0,"played":[0.0027,0.9973],"evs":[0.0,0.32787]},"JJ":{"weight":1.0,"played":[0.0,1.0],"evs":[0.0,2.89719]},"QJo":{"weight":1.0,"played":[1.0,0.0],"evs":[0.0,-0.33669]},"KJo":{"weight":1.0,"played":[0.9967,0.0033],"evs":[0.0,-0.17003]},"AJo":{"weight":1.0,"played":[0.0,1.0],"evs":[0.0,0.23825]},"Q2s":{"weight":1.0,"played":[1.0,0.0],"evs":[0.0,-0.61752]},"Q3s":{"weight":1.0,"played":[1.0,0.0],"evs":[0.0,-0.5666]},"Q4s":{"weight":1.0,"played":[1.0,0.0],"evs":[0.0,-0.43878]},"Q5s":{"weight":1.0,"played":[1.0,0.0],"evs":[0.0,-0.40678]},"Q6s":{"weight":1.0,"played":[0.9997,3.0E-4],"evs":[0.0,-0.30722]},"Q7s":{"weight":1.0,"played":[1.0,0.0],"evs":[0.0,-0.37734]},"Q8s":{"weight":1.0,"played":[0.9932,0.0068],"evs":[0.0,-0.2038]},"Q9s":{"weight":1.0,"played":[0.229,0.771],"evs":[0.0,0.06833]},"QTs":{"weight":1.0,"played":[0.0,1.0],"evs":[0.0,0.27398]},"QJs":{"weight":1.0,"played":[0.0,1.0],"evs":[0.0,0.22863]},"QQ":{"weight":1.0,"played":[0.0,1.0],"evs":[0.0,3.9858]},"KQo":{"weight":1.0,"played":[6.0E-4,0.9994],"evs":[0.0,0.17564]},"AQo":{"weight":1.0,"played":[0.0,1.0],"evs":[0.0,1.0674]},"K2s":{"weight":1.0,"played":[1.0,0.0],"evs":[0.0,-0.46902]},"K3s":{"weight":1.0,"played":[1.0,0.0],"evs":[0.0,-0.38566]},"K4s":{"weight":1.0,"played":[0.9999,1.0E-4],"evs":[0.0,-0.30691]},"K5s":{"weight":1.0,"played":[1.0,0.0],"evs":[0.0,-0.21921]},"K6s":{"weight":1.0,"played":[1.0,0.0],"evs":[0.0,-0.14543]},"K7s":{"weight":1.0,"played":[0.993,0.007],"evs":[0.0,-0.2027]},"K8s":{"weight":1.0,"played":[0.9993,7.0E-4],"evs":[0.0,-0.1721]},"K9s":{"weight":1.0,"played":[0.4336,0.5664],"evs":[0.0,-0.01014]},"KTs":{"weight":1.0,"played":[0.0,1.0],"evs":[0.0,0.43216]},"KJs":{"weight":1.0,"played":[0.0,1.0],"evs":[0.0,0.37273]},"KQs":{"weight":1.0,"played":[0.0,1.0],"evs":[0.0,0.74901]},"KK":{"weight":1.0,"played":[0.0,1.0],"evs":[0.0,5.15187]},"AKo":{"weight":1.0,"played":[0.0,1.0],"evs":[0.0,1.96042]},"A2s":{"weight":1.0,"played":[1.0,0.0],"evs":[0.0,-0.4978]},"A3s":{"weight":1.0,"played":[0.9999,1.0E-4],"evs":[0.0,-0.4401]},"A4s":{"weight":1.0,"played":[0.9999,1.0E-4],"evs":[0.0,-0.3717]},"A5s":{"weight":1.0,"played":[0.9989,0.0011],"evs":[0.0,-0.21473]},"A6s":{"weight":1.0,"played":[1.0,0.0],"evs":[0.0,-0.4152]},"A7s":{"weight":1.0,"played":[1.0,0.0],"evs":[0.0,-0.26506]},"A8s":{"weight":1.0,"played":[0.9931,0.0069],"evs":[0.0,-0.19839]},"A9s":{"weight":1.0,"played":[0.0545,0.9455],"evs":[0.0,0.04109]},"ATs":{"weight":1.0,"played":[0.0,1.0],"evs":[0.0,0.49118]},"AJs":{"weight":1.0,"played":[0.0,1.0],"evs":[0.0,0.78057]},"AQs":{"weight":1.0,"played":[0.0,1.0],"evs":[0.0,1.54457]},"AKs":{"weight":1.0,"played":[0.0,1.0],"evs":[0.0,2.35768]},"AA":{"weight":1.0,"played":[0.0,1.0],"evs":[0.0,7.13115]}}}