{"player":6,"street":0,"children":3,"sequence":[{"player":0,"type":"R","amount":14240000,"street":0},{"player":1,"type":"F","amount":0,"street":0},{"player":2,"type":"C","amount":11040000,"street":0},{"player":3,"type":"C","amount":14240000,"street":0},{"player":4,"type":"F","amount":0,"street":0},{"player":5,"type":"F","amount":0,"street":0}],"actions":[{"type":"F","amount":0},{"type":"C","amount":11040000},{"type":"R","amount":22240000,"node":164}],"hands":{"22":{"weight":1.0,"played":[1.0,0.0,0.0],"evs":[0.0,-2.13975,-3.95181]},"32o":{"weight":1.0,"played":[1.0,0.0,0.0],"evs":[0.0,-2.93117,-4.98327]},"42o":{"weight":1.0,"played":[1.0,0.0,0.0],"evs":[0.0,-2.9986,-5.14911]},"52o":{"weight":1.0,"played":[1.0,0.0,0.0],"evs":[0.0,-3.04733,-5.14064]},"62o":{"weight":1.0,"played":[1.0,0.0,0.0],"evs":[0.0,-3.02681,-5.19288]},"72o":{"weight":1.0,"played":[1.0,0.0,0.0],"evs":[0.0,-3.06206,-5.14833]},"82o":{"weight":1.0,"played":[1.0,0.0,0.0],"evs":[0.0,-3.03988,-5.00354]},"92o":{"weight":1.0,"played":[1.0,0.0,0.0],"evs":[0.0,-2.81541,-4.9348]},"T2o":{"weight":1.0,"played":[1.0,0.0,0.0],"evs":[0.0,-2.75546,-4.57703]},"J2o":{"weight":1.0,"played":[1.0,0.0,0.0],"evs":[0.0,-2.65007,-4.5463]},"Q2o":{"weight":1.0,"played":[1.0,0.0,0.0],"evs":[0.0,-2.49686,-4.37125]},"K2o":{"weight":1.0,"played":[1.0,0.0,0.0],"evs":[0.0,-2.53929,-4.49351]},"A2o":{"weight":1.0,"played":[1.0,0.0,0.0],"evs":[0.0,-2.67856,-4.51362]},"32s":{"weight":1.0,"played":[1.0,0.0,0.0],"evs":[0.0,-2.32551,-4.23254]},"33":{"weight":1.0,"played":[1.0,0.0,0.0],"evs":[0.0,-2.22621,-3.87195]},"43o":{"weight":1.0,"played":[1.0,0.0,0.0],"evs":[0.0,-2.82704,-4.96314]},"53o":{"weight":1.0,"played":[1.0,0.0,0.0],"evs":[0.0,-2.80787,-4.66388]},"63o":{"weight":1.0,"played":[1.0,0.0,0.0],"evs":[0.0,-2.77322,-4.80668]},"73o":{"weight":1.0,"played":[1.0,0.0,0.0],"evs":[0.0,-2.85982,-4.88525]},"83o":{"weight":1.0,"played":[1.0,0.0,0.0],"evs":[0.0,-2.94075,-5.04851]},"93o":{"weight":1.0,"played":[1.0,0.0,0.0],"evs":[0.0,-2.77606,-4.81714]},"T3o":{"weight":1.0,"played":[1.0,0.0,0.0],"evs":[0.0,-2.5797,-4.41088]},"J3o":{"weight":1.0,"played":[1.0,0.0,0.0],"evs":[0.0,-2.58758,-4.4672]},"Q3o":{"weight":1.0,"played":[1.0,0.0,0.0],"evs":[0.0,-2.50768,-4.26752]},"K3o":{"weight":1.0,"played":[1.0,0.0,0.0],"evs":[0.0,-2.41213,-4.42415]},"A3o":{"weight":1.0,"played":[1.0,0.0,0.0],"evs":[0.0,-2.58433,-4.54737]},"42s":{"weight":1.0,"played":[1.0,0.0,0.0],"evs":[0.0,-2.45329,-4.12827]},"43s":{"weight":1.0,"played":[1.0,0.0,0.0],"evs":[0.0,-2.05072,-3.80158]},"44":{"weight":1.0,"played":[1.0,0.0,0.0],"evs":[0.0,-2.31106,-3.9642]},"54o":{"weight":1.0,"played":[1.0,0.0,0.0],"evs":[0.0,-2.63028,-4.33295]},"64o":{"weight":1.0,"played":[1.0,0.0,0.0],"evs":[0.0,-2.5423,-4.2842]},"74o":{"weight":1.0,"played":[1.0,0.0,0.0],"evs":[0.0,-2.84486,-4.61229]},"84o":{"weight":1.0,"played":[1.0,0.0,0.0],"evs":[0.0,-2.76064,-4.60978]},"94o":{"weight":1.0,"played":[1.0,0.0,0.0],"evs":[0.0,-2.91496,-4.71862]},"T4o":{"weight":1.0,"played":[1.0,0.0,0.0],"evs":[0.0,-2.7385,-4.43418]},"J4o":{"weight":1.0,"played":[1.0,0.0,0.0],"evs":[0.0,-2.69213,-4.50583]},"Q4o":{"weight":1.0,"played":[1.0,0.0,0.0],"evs":[0.0,-2.28034,-4.01493]},"K4o":{"weight":1.0,"played":[1.0,0.0,0.0],"evs":[0.0,-2.43506,-4.32426]},"A4o":{"weight":1.0,"played":[1.0,0.0,0.0],"evs":[0.0,-2.57553,-4.42041]},"52s":{"weight":1.0,"played":[1.0,0.0,0.0],"evs":[0.0,-2.51567,-4.30027]},"53s":{"weight":1.0,"played":[1.0,0.0,0.0],"evs":[0.0,-2.22864,-3.86307]},"54s":{"weight":1.0,"played":[0.9991,1.0E-4,8.0E-4],"evs":[0.0,-2.20026,-3.76551]},"55":{"weight":1.0,"played":[1.0,0.0,0.0],"evs":[0.0,-2.123,-3.58297]},"65o":{"weight":1.0,"played":[1.0,0.0,0.0],"evs":[0.0,-2.48129,-4.10345]},"75o":{"weight":1.0,"played":[1.0,0.0,0.0],"evs":[0.0,-2.71165,-4.38607]},"85o":{"weight":1.0,"played":[1.0,0.0,0.0],"evs":[0.0,-2.71656,-4.38558]},"95o":{"weight":1.0,"played":[1.0,0.0,0.0],"evs":[0.0,-2.6769,-4.28375]},"T5o":{"weight":1.0,"played":[1.0,0.0,0.0],"evs":[0.0,-2.76151,-4.50975]},"J5o":{"weight":1.0,"played":[1.0,0.0,0.0],"evs":[0.0,-2.66968,-4.45621]},"Q5o":{"weight":1.0,"played":[1.0,0.0,0.0],"evs":[0.0,-2.30843,-4.11087]},"K5o":{"weight":1.0,"played":[1.0,0.0,0.0],"evs":[0.0,-2.48247,-4.24567]},"A5o":{"weight":1.0,"played":[1.0,0.0,0.0],"evs":[0.0,-2.55015,-4.1373]},"62s":{"weight":1.0,"played":[1.0,0.0,0.0],"evs":[0.0,-2.30686,-4.10283]},"63s":{"weight":1.0,"played":[0.9999,1.0E-4,0.0],"evs":[0.0,-2.29988,-3.88746]},"64s":{"weight":1.0,"played":[1.0,0.0,0.0],"evs":[0.0,-2.07594,-3.51946]},"65s":{"weight":1.0,"played":[1.0,0.0,0.0],"evs":[0.0,-1.80763,-3.22372]},"66":{"weight":1.0,"played":[1.0,0.0,0.0],"evs":[0.0,-1.87237,-2.68345]},"76o":{"weight":1.0,"played":[1.0,0.0,0.0],"evs":[0.0,-2.34887,-3.78093]},"86o":{"weight":1.0,"played":[1.0,0.0,0.0],"evs":[0.0,-2.38306,-3.86714]},"96o":{"weight":1.0,"played":[1.0,0.0,0.0],"evs":[0.0,-2.4906,-4.06572]},"T6o":{"weight":1.0,"played":[1.0,0.0,0.0],"evs":[0.0,-2.40246,-3.85819]},"J6o":{"weight":1.0,"played":[1.0,0.0,0.0],"evs":[0.0,-2.62564,-4.39814]},"Q6o":{"weight":1.0,"played":[1.0,0.0,0.0],"evs":[0.0,-2.34469,-3.81093]},"K6o":{"weight":1.0,"played":[1.0,0.0,0.0],"evs":[0.0,-2.20339,-3.87131]},"A6o":{"weight":1.0,"played":[1.0,0.0,0.0],"evs":[0.0,-2.63597,-4.53338]},"72s":{"weight":1.0,"played":[1.0,0.0,0.0],"evs":[0.0,-2.54196,-4.21022]},"73s":{"weight":1.0,"played":[0.9999,1.0E-4,0.0],"evs":[0.0,-2.65871,-4.27507]},"74s":{"weight":1.0,"played":[1.0,0.0,0.0],"evs":[0.0,-2.19798,-3.71149]},"75s":{"weight":1.0,"played":[1.0,0.0,0.0],"evs":[0.0,-1.93325,-3.36018]},"76s":{"weight":1.0,"played":[0.9999,1.0E-4,0.0],"evs":[0.0,-1.97601,-3.19522]},"77":{"weight":1.0,"played":[1.0,0.0,0.0],"evs":[0.0,-1.19737,-1.49961]},"87o":{"weight":1.0,"played":[1.0,0.0,0.0],"evs":[0.0,-2.26523,-3.5658]},"97o":{"weight":1.0,"played":[1.0,0.0,0.0],"evs":[0.0,-2.16175,-3.42583]},"T7o":{"weight":1.0,"played":[1.0,0.0,0.0],"evs":[0.0,-2.27968,-3.6104]},"J7o":{"weight":1.0,"played":[1.0,0.0,0.0],"evs":[0.0,-2.30879,-3.74432]},"Q7o":{"weight":1.0,"played":[1.0,0.0,0.0],"evs":[0.0,-2.08608,-3.52731]},"K7o":{"weight":1.0,"played":[1.0,0.0,0.0],"evs":[0.0,-2.24419,-3.77936]},"A7o":{"weight":1.0,"played":[1.0,0.0,0.0],"evs":[0.0,-2.38017,-3.99007]},"82s":{"weight":1.0,"played":[0.9999,1.0E-4,0.0],"evs":[0.0,-2.6184,-4.26143]},"83s":{"weight":1.0,"played":[1.0,0.0,0.0],"evs":[0.0,-2.54368,-4.23388]},"84s":{"weight":1.0,"played":[1.0,0.0,0.0],"evs":[0.0,-2.20827,-3.74956]},"85s":{"weight":1.0,"played":[1.0,0.0,0.0],"evs":[0.0,-2.04748,-3.41624]},"86s":{"weight":1.0,"played":[1.0,0.0,0.0],"evs":[0.0,-2.10216,-3.24583]},"87s":{"weight":1.0,"played":[0.9968,0.0032,1.0E-4],"evs":[0.0,-1.5622,-2.66708]},"88":{"weight":1.0,"played":[0.9912,0.002,0.0068],"evs":[0.0,-0.9286,-0.95784]},"98o":{"weight":1.0,"played":[1.0,0.0,0.0],"evs":[0.0,-1.99191,-3.16599]},"T8o":{"weight":1.0,"played":[1.0,0.0,0.0],"evs":[0.0,-1.96418,-3.2397]},"J8o":{"weight":1.0,"played":[1.0,0.0,0.0],"evs":[0.0,-2.08039,-3.41623]},"Q8o":{"weight":1.0,"played":[1.0,0.0,0.0],"evs":[0.0,-1.99445,-3.23553]},"K8o":{"weight":1.0,"played":[1.0,0.0,0.0],"evs":[0.0,-2.11414,-3.52873]},"A8o":{"weight":1.0,"played":[1.0,0.0,0.0],"evs":[0.0,-2.50985,-4.11006]},"92s":{"weight":1.0,"played":[0.9997,3.0E-4,0.0],"evs":[0.0,-2.1366,-3.92462]},"93s":{"weight":1.0,"played":[1.0,0.0,0.0],"evs":[0.0,-2.19036,-3.80282]},"94s":{"weight":1.0,"played":[0.9993,4.0E-4,3.0E-4],"evs":[0.0,-2.22019,-4.0237]},"95s":{"weight":1.0,"played":[1.0,0.0,0.0],"evs":[0.0,-2.27467,-3.81763]},"96s":{"weight":1.0,"played":[1.0,0.0,0.0],"evs":[0.0,-1.9486,-3.33668]},"97s":{"weight":1.0,"played":[1.0,0.0,0.0],"evs":[0.0,-1.52069,-2.76475]},"98s":{"weight":1.0,"played":[1.0,0.0,0.0],"evs":[0.0,-1.48212,-2.48942]},"99":{"weight":1.0,"played":[0.7397,0.0242,0.2361],"evs":[0.0,-0.24239,-0.08955]},"T9o":{"weight":1.0,"played":[1.0,0.0,0.0],"evs":[0.0,-1.78328,-2.80086]},"J9o":{"weight":1.0,"played":[1.0,0.0,0.0],"evs":[0.0,-1.82363,-3.0148]},"Q9o":{"weight":1.0,"played":[1.0,0.0,0.0],"evs":[0.0,-1.72637,-2.98751]},"K9o":{"weight":1.0,"played":[1.0,0.0,0.0],"evs":[0.0,-1.96682,-3.33555]},"A9o":{"weight":1.0,"played":[1.0,0.0,0.0],"evs":[0.0,-2.35519,-3.91512]},"T2s":{"weight":1.0,"played":[1.0,0.0,0.0],"evs":[0.0,-2.25794,-3.77058]},"T3s":{"weight":1.0,"played":[1.0,0.0,0.0],"evs":[0.0,-2.08576,-3.57373]},"T4s":{"weight":1.0,"played":[0.9999,1.0E-4,0.0],"evs":[0.0,-2.17328,-3.49882]},"T5s":{"weight":1.0,"played":[1.0,0.0,0.0],"evs":[0.0,-2.46482,-4.01983]},"T6s":{"weight":1.0,"played":[0.9994,6.0E-4,0.0],"evs":[0.0,-1.79984,-3.059]},"T7s":{"weight":1.0,"played":[0.9999,0.0,0.0],"evs":[0.0,-1.55392,-2.6812]},"T8s":{"weight":1.0,"played":[0.9999,1.0E-4,0.0],"evs":[0.0,-1.57432,-2.63705]},"T9s":{"weight":1.0,"played":[0.9978,0.0015,7.0E-4],"evs":[0.0,-1.28602,-2.11996]},"TT":{"weight":1.0,"played":[0.0,0.015,0.985],"evs":[0.0,0.95745,1.04871]},"JTo":{"weight":1.0,"played":[1.0,0.0,0.0],"evs":[0.0,-1.50988,-2.55101]},"QTo":{"weight":1.0,"played":[1.0,0.0,0.0],"evs":[0.0,-1.40448,-2.49357]},"KTo":{"weight":1.0,"played":[1.0,0.0,0.0],"evs":[0.0,-1.43846,-2.60562]},"ATo":{"weight":1.0,"played":[1.0,0.0,0.0],"evs":[0.0,-1.70855,-2.9013]},"J2s":{"weight":1.0,"played":[0.9999,1.0E-4,0.0],"evs":[0.0,-2.2644,-3.70087]},"J3s":{"weight":1.0,"played":[1.0,0.0,0.0],"evs":[0.0,-1.95655,-3.55312]},"J4s":{"weight":1.0,"played":[1.0,0.0,0.0],"evs":[0.0,-2.11786,-3.43785]},"J5s":{"weight":1.0,"played":[0.9998,1.0E-4,1.0E-4],"evs":[0.0,-1.99687,-3.22441]},"J6s":{"weight":1.0,"played":[0.9999,1.0E-4,0.0],"evs":[0.0,-1.88008,-3.14013]},"J7s":{"weight":1.0,"played":[1.0,0.0,0.0],"evs":[0.0,-1.65021,-2.73935]},"J8s":{"weight":1.0,"played":[0.9999,1.0E-4,0.0],"evs":[0.0,-1.21278,-2.28961]},"J9s":{"weight":1.0,"played":[0.9995,5.0E-4,0.0],"evs":[0.0,-1.51009,-2.36177]},"JTs":{"weight":1.0,"played":[0.9999,1.0E-4,0.0],"evs":[0.0,-0.89821,-1.72387]},"JJ":{"weight":1.0,"played":[0.0,0.0061,0.9939],"evs":[0.0,1.99789,2.08221]},"QJo":{"weight":1.0,"played":[1.0,0.0,0.0],"evs":[0.0,-1.32755,-2.4651]},"KJo":{"weight":1.0,"played":[0.9998,1.0E-4,1.0E-4],"evs":[0.0,-1.39279,-2.56369]},"AJo":{"weight":1.0,"played":[1.0,0.0,0.0],"evs":[0.0,-1.58179,-2.76005]},"Q2s":{"weight":1.0,"played":[1.0,0.0,0.0],"evs":[0.0,-2.05942,-3.83362]},"Q3s":{"weight":1.0,"played":[0.9991,9.0E-4,0.0],"evs":[0.0,-1.8787,-3.39796]},"Q4s":{"weight":1.0,"played":[0.9999,0.0,0.0],"evs":[0.0,-1.8906,-3.22804]},"Q5s":{"weight":1.0,"played":[1.0,0.0,0.0],"evs":[0.0,-1.45731,-2.76349]},"Q6s":{"weight":1.0,"played":[0.9998,2.0E-4,0.0],"evs":[0.0,-1.76184,-2.8401]},"Q7s":{"weight":1.0,"played":[0.9994,6.0E-4,0.0],"evs":[0.0,-1.66466,-2.73778]},"Q8s":{"weight":1.0,"played":[0.9997,3.0E-4,0.0],"evs":[0.0,-1.51157,-2.50081]},"Q9s":{"weight":1.0,"played":[0.9994,5.0E-4,1.0E-4],"evs":[0.0,-1.12561,-2.1384]},"QTs":{"weight":1.0,"played":[0.9998,0.0,2.0E-4],"evs":[0.0,-1.19456,-2.12183]},"QJs":{"weight":1.0,"played":[0.9999,0.0,0.0],"evs":[0.0,-0.99902,-1.90969]},"QQ":{"weight":1.0,"played":[0.0,0.024,0.976],"evs":[0.0,3.3631,3.41827]},"KQo":{"weight":1.0,"played":[1.0,0.0,0.0],"evs":[0.0,-1.07749,-2.24464]},"AQo":{"weight":1.0,"played":[0.9998,0.0,1.0E-4],"evs":[0.0,-1.29763,-2.38827]},"K2s":{"weight":1.0,"played":[0.9999,0.0,0.0],"evs":[0.0,-2.02058,-3.75413]},"K3s":{"weight":1.0,"played":[1.0,0.0,0.0],"evs":[0.0,-1.80492,-3.48614]},"K4s":{"weight":1.0,"played":[1.0,0.0,0.0],"evs":[0.0,-1.7269,-3.46097]},"K5s":{"weight":1.0,"played":[1.0,0.0,0.0],"evs":[0.0,-1.59614,-3.10701]},"K6s":{"weight":1.0,"played":[0.9999,1.0E-4,0.0],"evs":[0.0,-1.74318,-3.20744]},"K7s":{"weight":1.0,"played":[1.0,0.0,0.0],"evs":[0.0,-1.85078,-2.93017]},"K8s":{"weight":1.0,"played":[0.9999,0.0,0.0],"evs":[0.0,-1.17615,-2.04598]},"K9s":{"weight":1.0,"played":[0.9997,2.0E-4,1.0E-4],"evs":[0.0,-1.32748,-2.23372]},"KTs":{"weight":1.0,"played":[0.9999,1.0E-4,0.0],"evs":[0.0,-0.84354,-1.60474]},"KJs":{"weight":1.0,"played":[0.9998,1.0E-4,1.0E-4],"evs":[0.0,-0.84533,-2.04323]},"KQs":{"weight":1.0,"played":[0.9984,0.0015,1.0E-4],"evs":[0.0,-0.6735,-1.47476]},"KK":{"weight":1.0,"played":[0.0,0.001,0.999],"evs":[0.0,5.25573,5.34804]},"AKo":{"weight":1.0,"played":[0.9982,0.001,8.0E-4],"evs":[0.0,-0.68651,-1.47141]},"A2s":{"weight":1.0,"played":[1.0,0.0,0.0],"evs":[0.0,-2.00743,-3.70544]},"A3s":{"weight":1.0,"played":[0.9999,0.0,0.0],"evs":[0.0,-1.92421,-3.34487]},"A4s":{"weight":1.0,"played":[0.9999,0.0,1.0E-4],"evs":[0.0,-2.28514,-3.6961]},"A5s":{"weight":1.0,"played":[0.9998,1.0E-4,1.0E-4],"evs":[0.0,-1.58889,-3.09324]},"A6s":{"weight":1.0,"played":[1.0,0.0,0.0],"evs":[0.0,-2.05445,-3.54019]},"A7s":{"weight":1.0,"played":[0.9999,1.0E-4,0.0],"evs":[0.0,-1.77058,-3.1988]},"A8s":{"weight":1.0,"played":[1.0,0.0,0.0],"evs":[0.0,-1.90182,-3.10187]},"A9s":{"weight":1.0,"played":[0.9989,0.001,1.0E-4],"evs":[0.0,-1.46451,-2.63361]},"ATs":{"weight":1.0,"played":[0.9985,0.0011,4.0E-4],"evs":[0.0,-1.10231,-2.17458]},"AJs":{"weight":1.0,"played":[0.9994,2.0E-4,3.0E-4],"evs":[0.0,-1.00192,-2.0455]},"AQs":{"weight":1.0,"played":[0.9998,1.0E-4,0.0],"evs":[0.0,-0.38712,-1.38552]},"AKs":{"weight":1.0,"played":[0.1078,0.8848,0.0074],"evs":[0.0,0.5277,-0.05746]},"AA":{"weight":1.0,"played":[0.0,0.4788,0.5212],"evs":[0.0,7.15369,7.12505]}}}