{"player":6,"street":0,"children":2,"sequence":[{"player":0,"type":"R","amount":14240000,"street":0},{"player":1,"type":"F","amount":0,"street":0},{"player":2,"type":"C","amount":11040000,"street":0},{"player":3,"type":"C","amount":14240000,"street":0},{"player":4,"type":"R","amount":35040000,"street":0},{"player":5,"type":"F","amount":0,"street":0}],"actions":[{"type":"F","amount":0,"node":169},{"type":"C","amount":19040000,"node":170}],"hands":{"22":{"weight":1.0,"played":[0.9988,0.0012],"evs":[0.0,-4.85059]},"32o":{"weight":1.0,"played":[0.9989,0.0011],"evs":[0.0,-6.04252]},"42o":{"weight":1.0,"played":[0.998,0.002],"evs":[0.0,-5.29637]},"52o":{"weight":1.0,"played":[0.9953,0.0047],"evs":[0.0,-4.82082]},"62o":{"weight":1.0,"played":[0.9998,2.0E-4],"evs":[0.0,-5.3956]},"72o":{"weight":1.0,"played":[1.0,0.0],"evs":[0.0,-5.26445]},"82o":{"weight":1.0,"played":[0.9997,3.0E-4],"evs":[0.0,-6.19794]},"92o":{"weight":1.0,"played":[1.0,0.0],"evs":[0.0,-6.87137]},"T2o":{"weight":1.0,"played":[0.9998,2.0E-4],"evs":[0.0,-6.2856]},"J2o":{"weight":1.0,"played":[1.0,0.0],"evs":[0.0,-6.79689]},"Q2o":{"weight":1.0,"played":[0.9995,5.0E-4],"evs":[0.0,-6.17938]},"K2o":{"weight":1.0,"played":[0.9991,9.0E-4],"evs":[0.0,-5.76959]},"A2o":{"weight":1.0,"played":[0.9994,6.0E-4],"evs":[0.0,-5.7618]},"32s":{"weight":1.0,"played":[1.0,0.0],"evs":[0.0,-2.62031]},"33":{"weight":1.0,"played":[0.9988,0.0012],"evs":[0.0,-5.50301]},"43o":{"weight":1.0,"played":[0.9994,6.0E-4],"evs":[0.0,-3.57337]},"53o":{"weight":1.0,"played":[1.0,0.0],"evs":[0.0,-4.86085]},"63o":{"weight":1.0,"played":[0.999,0.001],"evs":[0.0,-4.60298]},"73o":{"weight":1.0,"played":[1.0,0.0],"evs":[0.0,-5.78185]},"83o":{"weight":1.0,"played":[0.9998,2.0E-4],"evs":[0.0,-6.09033]},"93o":{"weight":1.0,"played":[0.9993,7.0E-4],"evs":[0.0,-6.15428]},"T3o":{"weight":1.0,"played":[1.0,0.0],"evs":[0.0,-5.19563]},"J3o":{"weight":1.0,"played":[0.9996,4.0E-4],"evs":[0.0,-6.53919]},"Q3o":{"weight":1.0,"played":[0.993,0.007],"evs":[0.0,-5.50207]},"K3o":{"weight":1.0,"played":[1.0,0.0],"evs":[0.0,-6.38987]},"A3o":{"weight":1.0,"played":[1.0,0.0],"evs":[0.0,-4.30073]},"42s":{"weight":1.0,"played":[1.0,0.0],"evs":[0.0,-4.62839]},"43s":{"weight":1.0,"played":[0.9945,0.0055],"evs":[0.0,-5.5588]},"44":{"weight":1.0,"played":[1.0,0.0],"evs":[0.0,-5.63793]},"54o":{"weight":1.0,"played":[0.9963,0.0037],"evs":[0.0,-2.25911]},"64o":{"weight":1.0,"played":[0.9991,9.0E-4],"evs":[0.0,-5.32607]},"74o":{"weight":1.0,"played":[0.9991,9.0E-4],"evs":[0.0,-4.02952]},"84o":{"weight":1.0,"played":[1.0,0.0],"evs":[0.0,-5.36235]},"94o":{"weight":1.0,"played":[0.9995,5.0E-4],"evs":[0.0,-5.4473]},"T4o":{"weight":1.0,"played":[0.9988,0.0012],"evs":[0.0,-4.88766]},"J4o":{"weight":1.0,"played":[1.0,0.0],"evs":[0.0,-6.00612]},"Q4o":{"weight":1.0,"played":[0.9999,1.0E-4],"evs":[0.0,-5.16621]},"K4o":{"weight":1.0,"played":[0.9986,0.0014],"evs":[0.0,-6.09976]},"A4o":{"weight":1.0,"played":[0.9982,0.0018],"evs":[0.0,-4.98858]},"52s":{"weight":1.0,"played":[0.9885,0.0115],"evs":[0.0,-4.7534]},"53s":{"weight":1.0,"played":[0.9965,0.0035],"evs":[0.0,-4.14131]},"54s":{"weight":1.0,"played":[0.9855,0.0145],"evs":[0.0,-3.35781]},"55":{"weight":1.0,"played":[0.9964,0.0036],"evs":[0.0,-4.3025]},"65o":{"weight":1.0,"played":[0.9985,0.0015],"evs":[0.0,-5.8258]},"75o":{"weight":1.0,"played":[0.9995,5.0E-4],"evs":[0.0,-4.66938]},"85o":{"weight":1.0,"played":[1.0,0.0],"evs":[0.0,-5.92576]},"95o":{"weight":1.0,"played":[0.9966,0.0034],"evs":[0.0,-4.89408]},"T5o":{"weight":1.0,"played":[1.0,0.0],"evs":[0.0,-5.25124]},"J5o":{"weight":1.0,"played":[1.0,0.0],"evs":[0.0,-5.85053]},"Q5o":{"weight":1.0,"played":[1.0,0.0],"evs":[0.0,-6.12236]},"K5o":{"weight":1.0,"played":[1.0,0.0],"evs":[0.0,-6.7704]},"A5o":{"weight":1.0,"played":[0.9995,5.0E-4],"evs":[0.0,-3.75471]},"62s":{"weight":1.0,"played":[0.9986,0.0014],"evs":[0.0,-4.5292]},"63s":{"weight":1.0,"played":[0.9995,5.0E-4],"evs":[0.0,-3.44759]},"64s":{"weight":1.0,"played":[0.9834,0.0166],"evs":[0.0,-3.93891]},"65s":{"weight":1.0,"played":[0.9336,0.0664],"evs":[0.0,-3.12871]},"66":{"weight":1.0,"played":[0.9983,0.0017],"evs":[0.0,-1.51958]},"76o":{"weight":1.0,"played":[1.0,0.0],"evs":[0.0,-5.22295]},"86o":{"weight":1.0,"played":[0.9998,2.0E-4],"evs":[0.0,-5.64207]},"96o":{"weight":1.0,"played":[1.0,0.0],"evs":[0.0,-5.33421]},"T6o":{"weight":1.0,"played":[1.0,0.0],"evs":[0.0,-5.74514]},"J6o":{"weight":1.0,"played":[0.9968,0.0032],"evs":[0.0,-6.65967]},"Q6o":{"weight":1.0,"played":[0.9994,6.0E-4],"evs":[0.0,-6.64876]},"K6o":{"weight":1.0,"played":[1.0,0.0],"evs":[0.0,-6.62531]},"A6o":{"weight":1.0,"played":[1.0,0.0],"evs":[0.0,-5.39981]},"72s":{"weight":1.0,"played":[0.9928,0.0072],"evs":[0.0,-5.21153]},"73s":{"weight":1.0,"played":[0.9986,0.0014],"evs":[0.0,-6.56016]},"74s":{"weight":1.0,"played":[0.9954,0.0046],"evs":[0.0,-2.90602]},"75s":{"weight":1.0,"played":[0.9998,2.0E-4],"evs":[0.0,-4.89432]},"76s":{"weight":1.0,"played":[0.9935,0.0065],"evs":[0.0,-7.15928]},"77":{"weight":1.0,"played":[0.9993,7.0E-4],"evs":[0.0,-4.22566]},"87o":{"weight":1.0,"played":[0.9994,6.0E-4],"evs":[0.0,-4.70495]},"97o":{"weight":1.0,"played":[1.0,0.0],"evs":[0.0,-4.64863]},"T7o":{"weight":1.0,"played":[0.9998,2.0E-4],"evs":[0.0,-6.49101]},"J7o":{"weight":1.0,"played":[0.9997,3.0E-4],"evs":[0.0,-4.51299]},"Q7o":{"weight":1.0,"played":[1.0,0.0],"evs":[0.0,-6.00166]},"K7o":{"weight":1.0,"played":[0.8998,0.1002],"evs":[0.0,-3.90349]},"A7o":{"weight":1.0,"played":[0.9878,0.0122],"evs":[0.0,-3.86754]},"82s":{"weight":1.0,"played":[1.0,0.0],"evs":[0.0,-4.80554]},"83s":{"weight":1.0,"played":[0.9887,0.0113],"evs":[0.0,-3.49385]},"84s":{"weight":1.0,"played":[1.0,0.0],"evs":[0.0,-5.17388]},"85s":{"weight":1.0,"played":[0.9951,0.0049],"evs":[0.0,-6.39538]},"86s":{"weight":1.0,"played":[1.0,0.0],"evs":[0.0,-5.97711]},"87s":{"weight":1.0,"played":[0.9998,2.0E-4],"evs":[0.0,-2.6626]},"88":{"weight":1.0,"played":[0.9985,0.0015],"evs":[0.0,-6.60075]},"98o":{"weight":1.0,"played":[0.9997,3.0E-4],"evs":[0.0,-5.35367]},"T8o":{"weight":1.0,"played":[0.9974,0.0026],"evs":[0.0,-5.54653]},"J8o":{"weight":1.0,"played":[0.998,0.002],"evs":[0.0,-6.1545]},"Q8o":{"weight":1.0,"played":[0.9824,0.0176],"evs":[0.0,-4.00069]},"K8o":{"weight":1.0,"played":[0.9997,3.0E-4],"evs":[0.0,-6.50425]},"A8o":{"weight":1.0,"played":[0.9996,4.0E-4],"evs":[0.0,-5.6743]},"92s":{"weight":1.0,"played":[1.0,0.0],"evs":[0.0,-6.15658]},"93s":{"weight":1.0,"played":[0.9748,0.0252],"evs":[0.0,-2.26541]},"94s":{"weight":1.0,"played":[1.0,0.0],"evs":[0.0,-3.10325]},"95s":{"weight":1.0,"played":[0.9859,0.0141],"evs":[0.0,-6.12996]},"96s":{"weight":1.0,"played":[0.9851,0.0149],"evs":[0.0,-4.12241]},"97s":{"weight":1.0,"played":[0.9253,0.0747],"evs":[0.0,-4.49286]},"98s":{"weight":1.0,"played":[1.0,0.0],"evs":[0.0,-4.11255]},"99":{"weight":1.0,"played":[0.9831,0.0169],"evs":[0.0,-5.09206]},"T9o":{"weight":1.0,"played":[0.9979,0.0021],"evs":[0.0,-5.30093]},"J9o":{"weight":1.0,"played":[0.9985,0.0015],"evs":[0.0,-6.14883]},"Q9o":{"weight":1.0,"played":[0.9996,4.0E-4],"evs":[0.0,-5.60763]},"K9o":{"weight":1.0,"played":[0.9996,4.0E-4],"evs":[0.0,-4.34003]},"A9o":{"weight":1.0,"played":[0.9883,0.0117],"evs":[0.0,-3.71927]},"T2s":{"weight":1.0,"played":[0.9976,0.0024],"evs":[0.0,-4.46466]},"T3s":{"weight":1.0,"played":[1.0,0.0],"evs":[0.0,-3.1714]},"T4s":{"weight":1.0,"played":[0.9415,0.0585],"evs":[0.0,-2.32022]},"T5s":{"weight":1.0,"played":[0.9994,6.0E-4],"evs":[0.0,-3.42289]},"T6s":{"weight":1.0,"played":[0.9999,1.0E-4],"evs":[0.0,-8.04649]},"T7s":{"weight":1.0,"played":[0.9916,0.0084],"evs":[0.0,-3.68615]},"T8s":{"weight":1.0,"played":[0.9236,0.0764],"evs":[0.0,-4.6256]},"T9s":{"weight":1.0,"played":[0.924,0.076],"evs":[0.0,-3.19063]},"TT":{"weight":1.0,"played":[0.7017,0.2983],"evs":[0.0,-2.40765]},"JTo":{"weight":1.0,"played":[0.9898,0.0102],"evs":[0.0,-6.26236]},"QTo":{"weight":1.0,"played":[0.9987,0.0013],"evs":[0.0,-4.40331]},"KTo":{"weight":1.0,"played":[0.9987,0.0013],"evs":[0.0,-5.24289]},"ATo":{"weight":1.0,"played":[0.9966,0.0034],"evs":[0.0,-5.15629]},"J2s":{"weight":1.0,"played":[0.9724,0.0276],"evs":[0.0,-6.62502]},"J3s":{"weight":1.0,"played":[1.0,0.0],"evs":[0.0,-3.47309]},"J4s":{"weight":1.0,"played":[0.9837,0.0163],"evs":[0.0,-7.21826]},"J5s":{"weight":1.0,"played":[1.0,0.0],"evs":[0.0,-5.94213]},"J6s":{"weight":1.0,"played":[0.9905,0.0095],"evs":[0.0,-6.1801]},"J7s":{"weight":1.0,"played":[0.9755,0.0245],"evs":[0.0,-4.32716]},"J8s":{"weight":1.0,"played":[0.9278,0.0722],"evs":[0.0,-4.88488]},"J9s":{"weight":1.0,"played":[0.9999,1.0E-4],"evs":[0.0,-6.99027]},"JTs":{"weight":1.0,"played":[0.9207,0.0793],"evs":[0.0,-5.24115]},"JJ":{"weight":1.0,"played":[0.9767,0.0233],"evs":[0.0,-4.98969]},"QJo":{"weight":1.0,"played":[0.9991,9.0E-4],"evs":[0.0,-3.82499]},"KJo":{"weight":1.0,"played":[0.9999,1.0E-4],"evs":[0.0,-4.59882]},"AJo":{"weight":1.0,"played":[0.9921,0.0079],"evs":[0.0,-6.03244]},"Q2s":{"weight":1.0,"played":[0.996,0.004],"evs":[0.0,-2.33707]},"Q3s":{"weight":1.0,"played":[0.9998,2.0E-4],"evs":[0.0,-5.57573]},"Q4s":{"weight":1.0,"played":[0.9884,0.0116],"evs":[0.0,-5.54139]},"Q5s":{"weight":1.0,"played":[0.9989,0.0011],"evs":[0.0,-5.46644]},"Q6s":{"weight":1.0,"played":[0.9801,0.0199],"evs":[0.0,-6.09255]},"Q7s":{"weight":1.0,"played":[0.9649,0.0351],"evs":[0.0,-3.45977]},"Q8s":{"weight":1.0,"played":[0.9129,0.0871],"evs":[0.0,-5.87381]},"Q9s":{"weight":1.0,"played":[0.9921,0.0079],"evs":[0.0,-3.41288]},"QTs":{"weight":1.0,"played":[0.9777,0.0223],"evs":[0.0,-5.25494]},"QJs":{"weight":1.0,"played":[0.9978,0.0022],"evs":[0.0,-3.44731]},"QQ":{"weight":1.0,"played":[0.5624,0.4376],"evs":[0.0,-1.55396]},"KQo":{"weight":1.0,"played":[0.9978,0.0022],"evs":[0.0,-4.1051]},"AQo":{"weight":1.0,"played":[0.8619,0.1381],"evs":[0.0,-2.51098]},"K2s":{"weight":1.0,"played":[0.9943,0.0057],"evs":[0.0,-7.07626]},"K3s":{"weight":1.0,"played":[0.953,0.047],"evs":[0.0,-5.36928]},"K4s":{"weight":1.0,"played":[0.9929,0.0071],"evs":[0.0,-5.17235]},"K5s":{"weight":1.0,"played":[0.9995,5.0E-4],"evs":[0.0,-5.94082]},"K6s":{"weight":1.0,"played":[0.9753,0.0247],"evs":[0.0,-5.61483]},"K7s":{"weight":1.0,"played":[1.0,0.0],"evs":[0.0,-5.71759]},"K8s":{"weight":1.0,"played":[1.0,0.0],"evs":[0.0,-2.42849]},"K9s":{"weight":1.0,"played":[0.9891,0.0109],"evs":[0.0,-6.83446]},"KTs":{"weight":1.0,"played":[0.9456,0.0544],"evs":[0.0,-3.11543]},"KJs":{"weight":1.0,"played":[1.0,0.0],"evs":[0.0,-2.98354]},"KQs":{"weight":1.0,"played":[0.9856,0.0144],"evs":[0.0,-4.20022]},"KK":{"weight":1.0,"played":[0.0335,0.9665],"evs":[0.0,3.43792]},"AKo":{"weight":1.0,"played":[0.999,0.001],"evs":[0.0,-3.25718]},"A2s":{"weight":1.0,"played":[0.9139,0.0861],"evs":[0.0,-2.72827]},"A3s":{"weight":1.0,"played":[0.8997,0.1003],"evs":[0.0,-2.43209]},"A4s":{"weight":1.0,"played":[1.0,0.0],"evs":[0.0,-4.15003]},"A5s":{"weight":1.0,"played":[0.3812,0.6188],"evs":[0.0,0.20452]},"A6s":{"weight":1.0,"played":[1.0,0.0],"evs":[0.0,-3.33905]},"A7s":{"weight":1.0,"played":[0.7659,0.2341],"evs":[0.0,-1.93656]},"A8s":{"weight":1.0,"played":[0.8361,0.1639],"evs":[0.0,-3.56422]},"A9s":{"weight":1.0,"played":[0.9487,0.0513],"evs":[0.0,-2.70162]},"ATs":{"weight":1.0,"played":[0.8865,0.1135],"evs":[0.0,-2.81333]},"AJs":{"weight":1.0,"played":[0.9554,0.0446],"evs":[0.0,-2.63913]},"AQs":{"weight":1.0,"played":[0.6278,0.3722],"evs":[0.0,-2.66317]},"AKs":{"weight":1.0,"played":[0.882,0.118],"evs":[0.0,-4.17438]},"AA":{"weight":1.0,"played":[0.0012,0.9988],"evs":[0.0,4.06953]}}}