{"player":3,"street":0,"children":2,"sequence":[{"player":0,"type":"R","amount":14240000,"street":0},{"player":1,"type":"F","amount":0,"street":0},{"player":2,"type":"C","amount":11040000,"street":0},{"player":3,"type":"C","amount":14240000,"street":0},{"player":4,"type":"R","amount":35040000,"street":0},{"player":5,"type":"F","amount":0,"street":0},{"player":6,"type":"F","amount":0,"street":0}],"actions":[{"type":"F","amount":0},{"type":"C","amount":20800000}],"hands":{"22":{"weight":0.0,"played":[0.9997,3.0E-4],"evs":[0.0,-0.86023]},"32o":{"weight":0.0,"played":[1.0,0.0],"evs":[0.0,-2.38659]},"42o":{"weight":0.0,"played":[1.0,0.0],"evs":[0.0,-2.43913]},"52o":{"weight":0.0,"played":[0.9999,1.0E-4],"evs":[0.0,-2.16497]},"62o":{"weight":0.0,"played":[0.9994,6.0E-4],"evs":[0.0,-2.4856]},"72o":{"weight":0.0,"played":[0.9983,0.0017],"evs":[0.0,-3.08482]},"82o":{"weight":0.0,"played":[0.9986,0.0014],"evs":[0.0,-3.15505]},"92o":{"weight":0.0,"played":[0.9997,3.0E-4],"evs":[0.0,-2.77274]},"T2o":{"weight":0.0,"played":[0.9997,3.0E-4],"evs":[0.0,-3.14495]},"J2o":{"weight":0.0,"played":[0.9994,6.0E-4],"evs":[0.0,-3.07546]},"Q2o":{"weight":0.0,"played":[0.9994,6.0E-4],"evs":[0.0,-2.86462]},"K2o":{"weight":0.0,"played":[0.9982,0.0018],"evs":[0.0,-2.2217]},"A2o":{"weight":0.0,"played":[0.9977,0.0023],"evs":[0.0,-2.20262]},"32s":{"weight":0.0,"played":[0.9954,0.0046],"evs":[0.0,-0.77274]},"33":{"weight":0.0,"played":[0.9876,0.0124],"evs":[0.0,-1.37434]},"43o":{"weight":0.0,"played":[0.9996,4.0E-4],"evs":[0.0,-2.15702]},"53o":{"weight":0.0,"played":[0.9992,8.0E-4],"evs":[0.0,-1.68732]},"63o":{"weight":0.0,"played":[0.9992,8.0E-4],"evs":[0.0,-1.88092]},"73o":{"weight":0.0,"played":[0.9996,4.0E-4],"evs":[0.0,-2.39985]},"83o":{"weight":0.0,"played":[0.9996,4.0E-4],"evs":[0.0,-3.26657]},"93o":{"weight":0.0,"played":[0.999,0.001],"evs":[0.0,-2.94013]},"T3o":{"weight":0.0,"played":[0.9989,0.0011],"evs":[0.0,-2.79181]},"J3o":{"weight":0.0,"played":[0.9997,3.0E-4],"evs":[0.0,-3.13641]},"Q3o":{"weight":0.0,"played":[0.9997,3.0E-4],"evs":[0.0,-2.25966]},"K3o":{"weight":0.0,"played":[0.9976,0.0024],"evs":[0.0,-1.92994]},"A3o":{"weight":0.0,"played":[0.9997,3.0E-4],"evs":[0.0,-1.59367]},"42s":{"weight":0.0,"played":[0.996,0.004],"evs":[0.0,-0.48704]},"43s":{"weight":0.0,"played":[0.9947,0.0053],"evs":[0.0,-1.16121]},"44":{"weight":1.0E-4,"played":[0.879,0.121],"evs":[0.0,-0.74904]},"54o":{"weight":0.0,"played":[0.9995,5.0E-4],"evs":[0.0,-1.69823]},"64o":{"weight":0.0,"played":[0.9978,0.0022],"evs":[0.0,-1.24859]},"74o":{"weight":0.0,"played":[0.9987,0.0013],"evs":[0.0,-1.95493]},"84o":{"weight":0.0,"played":[0.9992,8.0E-4],"evs":[0.0,-2.09066]},"94o":{"weight":0.0,"played":[0.9995,5.0E-4],"evs":[0.0,-2.92361]},"T4o":{"weight":0.0,"played":[0.9996,4.0E-4],"evs":[0.0,-2.49765]},"J4o":{"weight":0.0,"played":[0.9993,7.0E-4],"evs":[0.0,-3.16803]},"Q4o":{"weight":0.0,"played":[0.9972,0.0028],"evs":[0.0,-1.91796]},"K4o":{"weight":0.0,"played":[0.999,0.001],"evs":[0.0,-1.84077]},"A4o":{"weight":0.0,"played":[0.9986,0.0014],"evs":[0.0,-1.37831]},"52s":{"weight":0.0,"played":[0.999,0.001],"evs":[0.0,-0.83872]},"53s":{"weight":0.0,"played":[0.9994,6.0E-4],"evs":[0.0,-0.65764]},"54s":{"weight":0.0,"played":[0.9044,0.0956],"evs":[0.0,-0.38861]},"55":{"weight":0.9236,"played":[0.9987,0.0013],"evs":[0.0,-0.48119]},"65o":{"weight":0.0,"played":[0.9985,0.0015],"evs":[0.0,-1.44765]},"75o":{"weight":0.0,"played":[0.9986,0.0014],"evs":[0.0,-1.05798]},"85o":{"weight":0.0,"played":[0.9991,9.0E-4],"evs":[0.0,-1.68821]},"95o":{"weight":0.0,"played":[0.9999,1.0E-4],"evs":[0.0,-2.50954]},"T5o":{"weight":0.0,"played":[0.9983,0.0017],"evs":[0.0,-3.12269]},"J5o":{"weight":0.0,"played":[0.9999,1.0E-4],"evs":[0.0,-2.74102]},"Q5o":{"weight":0.0,"played":[0.9988,0.0012],"evs":[0.0,-2.5081]},"K5o":{"weight":0.0,"played":[0.9663,0.0337],"evs":[0.0,-1.83765]},"A5o":{"weight":0.0,"played":[0.9988,0.0012],"evs":[0.0,-1.51076]},"62s":{"weight":0.0,"played":[0.9987,0.0013],"evs":[0.0,-1.19863]},"63s":{"weight":0.0,"played":[0.999,0.001],"evs":[0.0,-1.31671]},"64s":{"weight":0.0,"played":[0.9278,0.0722],"evs":[0.0,-0.86228]},"65s":{"weight":0.0,"played":[0.6495,0.3505],"evs":[0.0,0.31598]},"66":{"weight":0.9565,"played":[0.9213,0.0787],"evs":[0.0,-0.43746]},"76o":{"weight":0.0,"played":[0.9979,0.0021],"evs":[0.0,-1.46579]},"86o":{"weight":0.0,"played":[0.9998,2.0E-4],"evs":[0.0,-1.98415]},"96o":{"weight":0.0,"played":[0.9994,6.0E-4],"evs":[0.0,-2.09327]},"T6o":{"weight":0.0,"played":[0.9994,6.0E-4],"evs":[0.0,-2.3893]},"J6o":{"weight":0.0,"played":[0.9982,0.0018],"evs":[0.0,-3.10423]},"Q6o":{"weight":0.0,"played":[0.9959,0.0041],"evs":[0.0,-2.14434]},"K6o":{"weight":0.0,"played":[0.9969,0.0031],"evs":[0.0,-1.97386]},"A6o":{"weight":0.0,"played":[0.9998,2.0E-4],"evs":[0.0,-1.75063]},"72s":{"weight":0.0,"played":[0.9976,0.0024],"evs":[0.0,-2.21149]},"73s":{"weight":0.0,"played":[0.9988,0.0012],"evs":[0.0,-1.61966]},"74s":{"weight":0.0,"played":[0.8541,0.1459],"evs":[0.0,-0.84039]},"75s":{"weight":0.0,"played":[0.9656,0.0344],"evs":[0.0,-0.71838]},"76s":{"weight":0.0,"played":[0.8794,0.1206],"evs":[0.0,-0.55506]},"77":{"weight":0.7198,"played":[0.906,0.094],"evs":[0.0,-0.34815]},"87o":{"weight":0.0,"played":[0.9988,0.0012],"evs":[0.0,-1.40568]},"97o":{"weight":0.0,"played":[1.0,0.0],"evs":[0.0,-1.94325]},"T7o":{"weight":0.0,"played":[0.9988,0.0012],"evs":[0.0,-2.65069]},"J7o":{"weight":0.0,"played":[0.9997,3.0E-4],"evs":[0.0,-2.87982]},"Q7o":{"weight":0.0,"played":[0.9987,0.0013],"evs":[0.0,-2.22439]},"K7o":{"weight":0.0,"played":[0.9812,0.0188],"evs":[0.0,-1.42576]},"A7o":{"weight":0.0,"played":[0.9991,9.0E-4],"evs":[0.0,-1.66038]},"82s":{"weight":0.0,"played":[0.9974,0.0026],"evs":[0.0,-2.16263]},"83s":{"weight":0.0,"played":[0.9941,0.0059],"evs":[0.0,-2.86539]},"84s":{"weight":0.0,"played":[0.9955,0.0045],"evs":[0.0,-1.5726]},"85s":{"weight":0.0,"played":[0.8899,0.1101],"evs":[0.0,-0.55404]},"86s":{"weight":0.0,"played":[0.9006,0.0994],"evs":[0.0,-1.16934]},"87s":{"weight":0.0,"played":[0.5663,0.4337],"evs":[0.0,-0.43553]},"88":{"weight":0.906,"played":[0.9924,0.0076],"evs":[0.0,-0.68748]},"98o":{"weight":0.0,"played":[0.9993,7.0E-4],"evs":[0.0,-1.95426]},"T8o":{"weight":0.0,"played":[0.9982,0.0018],"evs":[0.0,-2.16527]},"J8o":{"weight":0.0,"played":[0.9998,2.0E-4],"evs":[0.0,-2.66506]},"Q8o":{"weight":0.0,"played":[0.9986,0.0014],"evs":[0.0,-2.17668]},"K8o":{"weight":0.0,"played":[0.9996,4.0E-4],"evs":[0.0,-1.78919]},"A8o":{"weight":0.0,"played":[0.998,0.002],"evs":[0.0,-1.6522]},"92s":{"weight":0.0,"played":[0.9724,0.0276],"evs":[0.0,-2.5948]},"93s":{"weight":0.0,"played":[0.9872,0.0128],"evs":[0.0,-1.9281]},"94s":{"weight":0.0,"played":[0.9985,0.0015],"evs":[0.0,-1.71899]},"95s":{"weight":0.0,"played":[0.9979,0.0021],"evs":[0.0,-0.92277]},"96s":{"weight":0.0,"played":[0.9905,0.0095],"evs":[0.0,-1.67217]},"97s":{"weight":0.0,"played":[0.9995,5.0E-4],"evs":[0.0,-1.06688]},"98s":{"weight":0.0,"played":[0.9907,0.0093],"evs":[0.0,-1.44478]},"99":{"weight":0.7578,"played":[0.7749,0.2251],"evs":[0.0,-0.06433]},"T9o":{"weight":0.0,"played":[1.0,0.0],"evs":[0.0,-2.0462]},"J9o":{"weight":0.0,"played":[0.9992,8.0E-4],"evs":[0.0,-2.49661]},"Q9o":{"weight":0.0,"played":[0.9998,2.0E-4],"evs":[0.0,-2.05252]},"K9o":{"weight":0.0,"played":[0.9984,0.0016],"evs":[0.0,-1.29309]},"A9o":{"weight":0.0,"played":[0.9969,0.0031],"evs":[0.0,-1.80132]},"T2s":{"weight":0.0,"played":[0.9982,0.0018],"evs":[0.0,-1.48519]},"T3s":{"weight":0.0,"played":[0.9965,0.0035],"evs":[0.0,-2.19614]},"T4s":{"weight":0.0,"played":[0.9748,0.0252],"evs":[0.0,-2.15214]},"T5s":{"weight":0.0,"played":[0.9375,0.0625],"evs":[0.0,-1.41263]},"T6s":{"weight":0.0,"played":[0.9089,0.0911],"evs":[0.0,-1.7719]},"T7s":{"weight":0.0,"played":[0.9985,0.0015],"evs":[0.0,-1.19997]},"T8s":{"weight":0.0,"played":[0.9966,0.0034],"evs":[0.0,-1.55434]},"T9s":{"weight":1.0E-4,"played":[0.9986,0.0014],"evs":[0.0,-1.87815]},"TT":{"weight":0.4274,"played":[0.3067,0.6933],"evs":[0.0,-0.00251]},"JTo":{"weight":0.0,"played":[0.9977,0.0023],"evs":[0.0,-2.44254]},"QTo":{"weight":0.0,"played":[0.9994,6.0E-4],"evs":[0.0,-1.87216]},"KTo":{"weight":0.0,"played":[0.9824,0.0176],"evs":[0.0,-1.61459]},"ATo":{"weight":0.0,"played":[0.98,0.02],"evs":[0.0,-1.26769]},"J2s":{"weight":0.0,"played":[0.9999,1.0E-4],"evs":[0.0,-2.07328]},"J3s":{"weight":0.0,"played":[0.9951,0.0049],"evs":[0.0,-3.30914]},"J4s":{"weight":0.0,"played":[1.0,0.0],"evs":[0.0,-2.59703]},"J5s":{"weight":0.0,"played":[0.8438,0.1562],"evs":[0.0,-1.70023]},"J6s":{"weight":0.0,"played":[0.9994,6.0E-4],"evs":[0.0,-2.27792]},"J7s":{"weight":0.0,"played":[0.9832,0.0168],"evs":[0.0,-2.17461]},"J8s":{"weight":0.0,"played":[0.9983,0.0017],"evs":[0.0,-1.30838]},"J9s":{"weight":0.0,"played":[0.966,0.034],"evs":[0.0,-1.49074]},"JTs":{"weight":0.0019,"played":[0.9607,0.0393],"evs":[0.0,-1.35127]},"JJ":{"weight":0.8548,"played":[0.0,1.0],"evs":[0.0,0.58947]},"QJo":{"weight":0.0,"played":[0.9971,0.0029],"evs":[0.0,-2.38873]},"KJo":{"weight":0.0,"played":[0.9997,3.0E-4],"evs":[0.0,-1.5041]},"AJo":{"weight":0.0,"played":[0.9782,0.0218],"evs":[0.0,-1.55647]},"Q2s":{"weight":0.0,"played":[0.9825,0.0175],"evs":[0.0,-1.62389]},"Q3s":{"weight":0.0,"played":[0.992,0.008],"evs":[0.0,-1.35353]},"Q4s":{"weight":0.0,"played":[0.9654,0.0346],"evs":[0.0,-1.5177]},"Q5s":{"weight":0.0,"played":[0.9742,0.0258],"evs":[0.0,-1.61398]},"Q6s":{"weight":0.0,"played":[0.9963,0.0037],"evs":[0.0,-1.75806]},"Q7s":{"weight":0.0,"played":[0.6338,0.3662],"evs":[0.0,-0.12185]},"Q8s":{"weight":0.0,"played":[0.9996,4.0E-4],"evs":[0.0,-0.83975]},"Q9s":{"weight":0.0,"played":[0.9811,0.0189],"evs":[0.0,-1.55577]},"QTs":{"weight":0.002,"played":[0.9995,5.0E-4],"evs":[0.0,-1.39071]},"QJs":{"weight":0.0,"played":[0.7877,0.2123],"evs":[0.0,-0.53274]},"QQ":{"weight":0.5941,"played":[0.0,1.0],"evs":[0.0,3.23928]},"KQo":{"weight":0.0,"played":[0.8395,0.1605],"evs":[0.0,-0.81247]},"AQo":{"weight":0.0442,"played":[0.7311,0.2689],"evs":[0.0,-0.36768]},"K2s":{"weight":0.0,"played":[0.959,0.041],"evs":[0.0,-1.40363]},"K3s":{"weight":0.0,"played":[0.9247,0.0753],"evs":[0.0,-0.34988]},"K4s":{"weight":0.0,"played":[0.9119,0.0881],"evs":[0.0,-1.11396]},"K5s":{"weight":0.0,"played":[0.8313,0.1687],"evs":[0.0,-0.98893]},"K6s":{"weight":0.0,"played":[0.9812,0.0188],"evs":[0.0,-0.53306]},"K7s":{"weight":0.0,"played":[0.7991,0.2009],"evs":[0.0,-0.61491]},"K8s":{"weight":1.0E-4,"played":[0.9816,0.0184],"evs":[0.0,-1.89887]},"K9s":{"weight":2.0E-4,"played":[0.8644,0.1356],"evs":[0.0,-0.40546]},"KTs":{"weight":0.0615,"played":[0.9464,0.0536],"evs":[0.0,-0.83864]},"KJs":{"weight":0.1273,"played":[0.9323,0.0677],"evs":[0.0,-0.85585]},"KQs":{"weight":0.0313,"played":[0.7274,0.2726],"evs":[0.0,0.04749]},"KK":{"weight":0.4595,"played":[0.0,1.0],"evs":[0.0,8.98016]},"AKo":{"weight":0.5962,"played":[0.0,1.0],"evs":[0.0,0.47171]},"A2s":{"weight":0.0,"played":[0.9925,0.0075],"evs":[0.0,-0.17402]},"A3s":{"weight":0.0,"played":[0.8563,0.1437],"evs":[0.0,-0.87449]},"A4s":{"weight":0.0,"played":[0.9857,0.0143],"evs":[0.0,-0.8801]},"A5s":{"weight":0.0,"played":[0.9245,0.0755],"evs":[0.0,-1.41697]},"A6s":{"weight":0.0,"played":[0.8826,0.1174],"evs":[0.0,-1.11073]},"A7s":{"weight":0.0,"played":[0.9451,0.0549],"evs":[0.0,-0.53651]},"A8s":{"weight":0.0,"played":[0.6438,0.3562],"evs":[0.0,-0.26103]},"A9s":{"weight":0.0,"played":[0.4763,0.5237],"evs":[0.0,0.22825]},"ATs":{"weight":3.0E-4,"played":[0.9324,0.0676],"evs":[0.0,-0.83617]},"AJs":{"weight":0.061,"played":[0.1908,0.8092],"evs":[0.0,0.63091]},"AQs":{"weight":1.0E-4,"played":[0.2651,0.7349],"evs":[0.0,0.15866]},"AKs":{"weight":0.6842,"played":[8.0E-4,0.9992],"evs":[0.0,1.63102]},"AA":{"weight":0.3991,"played":[0.0,1.0],"evs":[0.0,11.1803]}}}