{"player":3,"street":0,"children":3,"sequence":[{"player":0,"type":"F","amount":0,"street":0},{"player":1,"type":"F","amount":0,"street":0},{"player":2,"type":"R","amount":11040000,"street":0}],"actions":[{"type":"F","amount":0,"node":18},{"type":"C","amount":11040000,"node":37},{"type":"R","amount":35040000,"node":55}],"hands":{"22":{"weight":1.0,"played":[0.0,0.9999,1.0E-4],"evs":[0.0,0.15616,0.14206]},"32o":{"weight":1.0,"played":[1.0,0.0,0.0],"evs":[0.0,-0.99114,-1.10042]},"42o":{"weight":1.0,"played":[1.0,0.0,0.0],"evs":[0.0,-0.94787,-1.04961]},"52o":{"weight":1.0,"played":[1.0,0.0,0.0],"evs":[0.0,-0.90161,-0.99974]},"62o":{"weight":1.0,"played":[1.0,0.0,0.0],"evs":[0.0,-0.99444,-1.11437]},"72o":{"weight":1.0,"played":[1.0,0.0,0.0],"evs":[0.0,-1.07587,-1.22808]},"82o":{"weight":1.0,"played":[1.0,0.0,0.0],"evs":[0.0,-1.00647,-1.15039]},"92o":{"weight":1.0,"played":[1.0,0.0,0.0],"evs":[0.0,-0.95616,-1.08399]},"T2o":{"weight":1.0,"played":[1.0,0.0,0.0],"evs":[0.0,-0.92211,-1.02852]},"J2o":{"weight":1.0,"played":[1.0,0.0,0.0],"evs":[0.0,-0.88247,-0.97344]},"Q2o":{"weight":1.0,"played":[1.0,0.0,0.0],"evs":[0.0,-0.82113,-0.90627]},"K2o":{"weight":1.0,"played":[1.0,0.0,0.0],"evs":[0.0,-0.71538,-0.78723]},"A2o":{"weight":1.0,"played":[1.0,0.0,0.0],"evs":[0.0,-0.31703,-0.37126]},"32s":{"weight":1.0,"played":[1.0,0.0,0.0],"evs":[0.0,-0.65523,-0.72738]},"33":{"weight":1.0,"played":[0.0,0.996,0.004],"evs":[0.0,0.22403,0.21585]},"43o":{"weight":1.0,"played":[1.0,0.0,0.0],"evs":[0.0,-0.83845,-0.92537]},"53o":{"weight":1.0,"played":[1.0,0.0,0.0],"evs":[0.0,-0.7936,-0.87441]},"63o":{"weight":1.0,"played":[1.0,0.0,0.0],"evs":[0.0,-0.88579,-0.98027]},"73o":{"weight":1.0,"played":[1.0,0.0,0.0],"evs":[0.0,-0.97275,-1.09036]},"83o":{"weight":1.0,"played":[1.0,0.0,0.0],"evs":[0.0,-1.00023,-1.14329]},"93o":{"weight":1.0,"played":[1.0,0.0,0.0],"evs":[0.0,-0.934,-1.05464]},"T3o":{"weight":1.0,"played":[1.0,0.0,0.0],"evs":[0.0,-0.88857,-0.98896]},"J3o":{"weight":1.0,"played":[1.0,0.0,0.0],"evs":[0.0,-0.86038,-0.94989]},"Q3o":{"weight":1.0,"played":[1.0,0.0,0.0],"evs":[0.0,-0.79245,-0.87278]},"K3o":{"weight":1.0,"played":[1.0,0.0,0.0],"evs":[0.0,-0.69081,-0.76163]},"A3o":{"weight":1.0,"played":[1.0,0.0,0.0],"evs":[0.0,-0.28282,-0.33388]},"42s":{"weight":1.0,"played":[1.0,0.0,0.0],"evs":[0.0,-0.62918,-0.69374]},"43s":{"weight":1.0,"played":[1.0,0.0,0.0],"evs":[0.0,-0.52362,-0.57114]},"44":{"weight":1.0,"played":[0.0,0.9787,0.0213],"evs":[0.0,0.2855,0.28378]},"54o":{"weight":1.0,"played":[1.0,0.0,0.0],"evs":[0.0,-0.67023,-0.73618]},"64o":{"weight":1.0,"played":[1.0,0.0,0.0],"evs":[0.0,-0.75319,-0.82958]},"74o":{"weight":1.0,"played":[1.0,0.0,0.0],"evs":[0.0,-0.85632,-0.94981]},"84o":{"weight":1.0,"played":[1.0,0.0,0.0],"evs":[0.0,-0.89185,-1.00533]},"94o":{"weight":1.0,"played":[1.0,0.0,0.0],"evs":[0.0,-0.92374,-1.04414]},"T4o":{"weight":1.0,"played":[1.0,0.0,0.0],"evs":[0.0,-0.86475,-0.96072]},"J4o":{"weight":1.0,"played":[1.0,0.0,0.0],"evs":[0.0,-0.8262,-0.9112]},"Q4o":{"weight":1.0,"played":[1.0,0.0,0.0],"evs":[0.0,-0.75955,-0.83838]},"K4o":{"weight":1.0,"played":[1.0,0.0,0.0],"evs":[0.0,-0.66077,-0.72866]},"A4o":{"weight":1.0,"played":[1.0,0.0,0.0],"evs":[0.0,-0.25083,-0.29758]},"52s":{"weight":1.0,"played":[1.0,0.0,0.0],"evs":[0.0,-0.59009,-0.64758]},"53s":{"weight":1.0,"played":[1.0,0.0,0.0],"evs":[0.0,-0.47455,-0.51742]},"54s":{"weight":1.0,"played":[1.0,0.0,0.0],"evs":[0.0,-0.37237,-0.39705]},"55":{"weight":1.0,"played":[0.0,0.391,0.609],"evs":[0.0,0.40146,0.40651]},"65o":{"weight":1.0,"played":[1.0,0.0,0.0],"evs":[0.0,-0.6264,-0.68605]},"75o":{"weight":1.0,"played":[1.0,0.0,0.0],"evs":[0.0,-0.72895,-0.80829]},"85o":{"weight":1.0,"played":[1.0,0.0,0.0],"evs":[0.0,-0.76574,-0.85943]},"95o":{"weight":1.0,"played":[1.0,0.0,0.0],"evs":[0.0,-0.80782,-0.90762]},"T5o":{"weight":1.0,"played":[1.0,0.0,0.0],"evs":[0.0,-0.85383,-0.95074]},"J5o":{"weight":1.0,"played":[1.0,0.0,0.0],"evs":[0.0,-0.78908,-0.86978]},"Q5o":{"weight":1.0,"played":[1.0,0.0,0.0],"evs":[0.0,-0.72686,-0.79979]},"K5o":{"weight":1.0,"played":[1.0,0.0,0.0],"evs":[0.0,-0.62468,-0.68652]},"A5o":{"weight":1.0,"played":[1.0,0.0,0.0],"evs":[0.0,-0.20174,-0.24498]},"62s":{"weight":1.0,"played":[1.0,0.0,0.0],"evs":[0.0,-0.66684,-0.73724]},"63s":{"weight":1.0,"played":[1.0,0.0,0.0],"evs":[0.0,-0.55205,-0.59902]},"64s":{"weight":1.0,"played":[1.0,0.0,0.0],"evs":[0.0,-0.44418,-0.47955]},"65s":{"weight":1.0,"played":[1.0,0.0,0.0],"evs":[0.0,-0.3237,-0.34612]},"66":{"weight":1.0,"played":[0.0,0.0683,0.9317],"evs":[0.0,0.54448,0.55322]},"76o":{"weight":1.0,"played":[1.0,0.0,0.0],"evs":[0.0,-0.60692,-0.67641]},"86o":{"weight":1.0,"played":[1.0,0.0,0.0],"evs":[0.0,-0.64316,-0.72393]},"96o":{"weight":1.0,"played":[1.0,0.0,0.0],"evs":[0.0,-0.67938,-0.76148]},"T6o":{"weight":1.0,"played":[1.0,0.0,0.0],"evs":[0.0,-0.71971,-0.80134]},"J6o":{"weight":1.0,"played":[1.0,0.0,0.0],"evs":[0.0,-0.78073,-0.85958]},"Q6o":{"weight":1.0,"played":[1.0,0.0,0.0],"evs":[0.0,-0.68674,-0.76074]},"K6o":{"weight":1.0,"played":[1.0,0.0,0.0],"evs":[0.0,-0.57971,-0.63873]},"A6o":{"weight":1.0,"played":[1.0,0.0,0.0],"evs":[0.0,-0.25317,-0.30975]},"72s":{"weight":1.0,"played":[1.0,0.0,0.0],"evs":[0.0,-0.7641,-0.854]},"73s":{"weight":1.0,"played":[1.0,0.0,0.0],"evs":[0.0,-0.66346,-0.7349]},"74s":{"weight":1.0,"played":[1.0,0.0,0.0],"evs":[0.0,-0.52934,-0.58188]},"75s":{"weight":1.0,"played":[1.0,0.0,0.0],"evs":[0.0,-0.41569,-0.45914]},"76s":{"weight":1.0,"played":[1.0,0.0,0.0],"evs":[0.0,-0.29664,-0.32932]},"77":{"weight":1.0,"played":[0.0,0.0928,0.9072],"evs":[0.0,0.70832,0.71462]},"87o":{"weight":1.0,"played":[1.0,0.0,0.0],"evs":[0.0,-0.5693,-0.64616]},"97o":{"weight":1.0,"played":[1.0,0.0,0.0],"evs":[0.0,-0.60352,-0.68279]},"T7o":{"weight":1.0,"played":[1.0,0.0,0.0],"evs":[0.0,-0.64276,-0.71585]},"J7o":{"weight":1.0,"played":[1.0,0.0,0.0],"evs":[0.0,-0.70056,-0.77824]},"Q7o":{"weight":1.0,"played":[1.0,0.0,0.0],"evs":[0.0,-0.72174,-0.80057]},"K7o":{"weight":1.0,"played":[1.0,0.0,0.0],"evs":[0.0,-0.60018,-0.66326]},"A7o":{"weight":1.0,"played":[1.0,0.0,0.0],"evs":[0.0,-0.13511,-0.18916]},"82s":{"weight":1.0,"played":[1.0,0.0,0.0],"evs":[0.0,-0.69495,-0.77801]},"83s":{"weight":1.0,"played":[1.0,0.0,0.0],"evs":[0.0,-0.69633,-0.78454]},"84s":{"weight":1.0,"played":[1.0,0.0,0.0],"evs":[0.0,-0.58462,-0.65579]},"85s":{"weight":1.0,"played":[1.0,0.0,0.0],"evs":[0.0,-0.44738,-0.50221]},"86s":{"weight":1.0,"played":[1.0,0.0,0.0],"evs":[0.0,-0.33954,-0.38786]},"87s":{"weight":1.0,"played":[1.0,0.0,0.0],"evs":[0.0,-0.2662,-0.30347]},"88":{"weight":1.0,"played":[0.0,0.6615,0.3385],"evs":[0.0,0.97373,0.97162]},"98o":{"weight":1.0,"played":[1.0,0.0,0.0],"evs":[0.0,-0.47335,-0.55124]},"T8o":{"weight":1.0,"played":[1.0,0.0,0.0],"evs":[0.0,-0.48892,-0.55848]},"J8o":{"weight":1.0,"played":[1.0,0.0,0.0],"evs":[0.0,-0.5593,-0.62724]},"Q8o":{"weight":1.0,"played":[1.0,0.0,0.0],"evs":[0.0,-0.58247,-0.6529]},"K8o":{"weight":1.0,"played":[1.0,0.0,0.0],"evs":[0.0,-0.55925,-0.62871]},"A8o":{"weight":1.0,"played":[1.0E-4,0.9999,0.0],"evs":[0.0,0.07548,0.02384]},"92s":{"weight":1.0,"played":[1.0,0.0,0.0],"evs":[0.0,-0.62596,-0.70912]},"93s":{"weight":1.0,"played":[1.0,0.0,0.0],"evs":[0.0,-0.61667,-0.68852]},"94s":{"weight":1.0,"played":[1.0,0.0,0.0],"evs":[0.0,-0.60954,-0.68315]},"95s":{"weight":1.0,"played":[1.0,0.0,0.0],"evs":[0.0,-0.49405,-0.55381]},"96s":{"weight":1.0,"played":[1.0,0.0,0.0],"evs":[0.0,-0.36474,-0.40822]},"97s":{"weight":1.0,"played":[1.0,0.0,0.0],"evs":[0.0,-0.30074,-0.34145]},"98s":{"weight":1.0,"played":[1.0,0.0,0.0],"evs":[0.0,-0.18339,-0.21789]},"99":{"weight":1.0,"played":[0.0,0.1983,0.8017],"evs":[0.0,1.27015,1.27168]},"T9o":{"weight":1.0,"played":[1.0,0.0,0.0],"evs":[0.0,-0.34961,-0.40466]},"J9o":{"weight":1.0,"played":[1.0,0.0,0.0],"evs":[0.0,-0.40799,-0.4597]},"Q9o":{"weight":1.0,"played":[1.0,0.0,0.0],"evs":[0.0,-0.43453,-0.48928]},"K9o":{"weight":1.0,"played":[1.0,0.0,0.0],"evs":[0.0,-0.41875,-0.4758]},"A9o":{"weight":1.0,"played":[0.0,1.0,0.0],"evs":[0.0,0.33029,0.28441]},"T2s":{"weight":1.0,"played":[1.0,0.0,0.0],"evs":[0.0,-0.59053,-0.655]},"T3s":{"weight":1.0,"played":[1.0,0.0,0.0],"evs":[0.0,-0.5601,-0.62384]},"T4s":{"weight":1.0,"played":[1.0,0.0,0.0],"evs":[0.0,-0.53046,-0.58675]},"T5s":{"weight":1.0,"played":[1.0,0.0,0.0],"evs":[0.0,-0.5171,-0.57594]},"T6s":{"weight":1.0,"played":[1.0,0.0,0.0],"evs":[0.0,-0.40854,-0.4483]},"T7s":{"weight":1.0,"played":[1.0,0.0,0.0],"evs":[0.0,-0.32027,-0.35582]},"T8s":{"weight":1.0,"played":[1.0,0.0,0.0],"evs":[0.0,-0.19357,-0.22747]},"T9s":{"weight":1.0,"played":[0.9999,0.0,1.0E-4],"evs":[0.0,-0.05474,-0.07376]},"TT":{"weight":1.0,"played":[0.0,0.7692,0.2308],"evs":[0.0,1.69832,1.6985]},"JTo":{"weight":1.0,"played":[1.0,0.0,0.0],"evs":[0.0,-0.23491,-0.26634]},"QTo":{"weight":1.0,"played":[1.0,0.0,0.0],"evs":[0.0,-0.23262,-0.26425]},"KTo":{"weight":1.0,"played":[1.0,0.0,0.0],"evs":[0.0,-0.19911,-0.22918]},"ATo":{"weight":1.0,"played":[0.0,0.9997,3.0E-4],"evs":[0.0,0.72294,0.70501]},"J2s":{"weight":1.0,"played":[1.0,0.0,0.0],"evs":[0.0,-0.55681,-0.608]},"J3s":{"weight":1.0,"played":[1.0,0.0,0.0],"evs":[0.0,-0.53682,-0.58866]},"J4s":{"weight":1.0,"played":[1.0,0.0,0.0],"evs":[0.0,-0.50012,-0.54248]},"J5s":{"weight":1.0,"played":[1.0,0.0,0.0],"evs":[0.0,-0.47135,-0.51818]},"J6s":{"weight":1.0,"played":[1.0,0.0,0.0],"evs":[0.0,-0.45428,-0.49934]},"J7s":{"weight":1.0,"played":[1.0,0.0,0.0],"evs":[0.0,-0.378,-0.41683]},"J8s":{"weight":1.0,"played":[1.0,0.0,0.0],"evs":[0.0,-0.24962,-0.28111]},"J9s":{"weight":1.0,"played":[1.0,0.0,0.0],"evs":[0.0,-0.10117,-0.12086]},"JTs":{"weight":1.0,"played":[0.0,0.1348,0.8652],"evs":[0.0,0.06275,0.0726]},"JJ":{"weight":1.0,"played":[0.0,0.995,0.005],"evs":[0.0,2.11226,2.10775]},"QJo":{"weight":1.0,"played":[1.0,0.0,0.0],"evs":[0.0,-0.16516,-0.18153]},"KJo":{"weight":1.0,"played":[0.9997,1.0E-4,2.0E-4],"evs":[0.0,-0.04523,-0.06152]},"AJo":{"weight":1.0,"played":[0.0,0.5963,0.4037],"evs":[0.0,1.05442,1.05515]},"Q2s":{"weight":1.0,"played":[1.0,0.0,0.0],"evs":[0.0,-0.48887,-0.53349]},"Q3s":{"weight":1.0,"played":[1.0,0.0,0.0],"evs":[0.0,-0.46649,-0.51322]},"Q4s":{"weight":1.0,"played":[1.0,0.0,0.0],"evs":[0.0,-0.44313,-0.48253]},"Q5s":{"weight":1.0,"played":[1.0,0.0,0.0],"evs":[0.0,-0.41423,-0.45085]},"Q6s":{"weight":1.0,"played":[1.0,0.0,0.0],"evs":[0.0,-0.36991,-0.40515]},"Q7s":{"weight":1.0,"played":[1.0,0.0,0.0],"evs":[0.0,-0.40214,-0.44582]},"Q8s":{"weight":1.0,"played":[1.0,0.0,0.0],"evs":[0.0,-0.27573,-0.30608]},"Q9s":{"weight":1.0,"played":[1.0,0.0,0.0],"evs":[0.0,-0.11998,-0.14333]},"QTs":{"weight":1.0,"played":[0.0,0.3605,0.6395],"evs":[0.0,0.04153,0.04738]},"QJs":{"weight":1.0,"played":[0.0,0.0079,0.992],"evs":[0.0,0.12316,0.13553]},"QQ":{"weight":1.0,"played":[0.0,0.9956,0.0044],"evs":[0.0,2.60646,2.58349]},"KQo":{"weight":1.0,"played":[0.0,0.9116,0.0884],"evs":[0.0,0.21791,0.21465]},"AQo":{"weight":1.0,"played":[0.0,2.0E-4,0.9998],"evs":[0.0,1.44607,1.45358]},"K2s":{"weight":1.0,"played":[1.0,0.0,0.0],"evs":[0.0,-0.39402,-0.42956]},"K3s":{"weight":1.0,"played":[1.0,0.0,0.0],"evs":[0.0,-0.36014,-0.39405]},"K4s":{"weight":1.0,"played":[1.0,0.0,0.0],"evs":[0.0,-0.3429,-0.36887]},"K5s":{"weight":1.0,"played":[1.0,0.0,0.0],"evs":[0.0,-0.28927,-0.31565]},"K6s":{"weight":1.0,"played":[1.0,0.0,0.0],"evs":[0.0,-0.27061,-0.29471]},"K7s":{"weight":1.0,"played":[1.0,0.0,0.0],"evs":[0.0,-0.27644,-0.30042]},"K8s":{"weight":1.0,"played":[1.0,0.0,0.0],"evs":[0.0,-0.24636,-0.27762]},"K9s":{"weight":1.0,"played":[1.0,0.0,0.0],"evs":[0.0,-0.1049,-0.12918]},"KTs":{"weight":1.0,"played":[1.0E-4,0.1501,0.8498],"evs":[0.0,0.09323,0.09505]},"KJs":{"weight":1.0,"played":[0.0,0.0,1.0],"evs":[0.0,0.23315,0.25134]},"KQs":{"weight":1.0,"played":[0.0,1.0E-4,0.9999],"evs":[0.0,0.4706,0.49608]},"KK":{"weight":1.0,"played":[0.0,0.9997,3.0E-4],"evs":[0.0,3.21816,3.17925]},"AKo":{"weight":1.0,"played":[0.0,0.9963,0.0037],"evs":[0.0,1.99325,1.97448]},"A2s":{"weight":1.0,"played":[0.9493,0.05,7.0E-4],"evs":[0.0,-0.01256,-0.02996]},"A3s":{"weight":1.0,"played":[0.0,0.978,0.022],"evs":[0.0,0.02316,0.0035]},"A4s":{"weight":1.0,"played":[0.0,0.992,0.008],"evs":[0.0,0.05836,0.0387]},"A5s":{"weight":1.0,"played":[0.0,0.9501,0.0499],"evs":[0.0,0.09386,0.08821]},"A6s":{"weight":1.0,"played":[0.0,0.9959,0.0041],"evs":[0.0,0.05353,0.03296]},"A7s":{"weight":1.0,"played":[0.0,0.9971,0.0029],"evs":[0.0,0.16427,0.14449]},"A8s":{"weight":1.0,"played":[0.0,0.9835,0.0165],"evs":[0.0,0.35649,0.3376]},"A9s":{"weight":1.0,"played":[0.0,0.992,0.008],"evs":[0.0,0.58637,0.57632]},"ATs":{"weight":1.0,"played":[0.0,0.0623,0.9377],"evs":[0.0,0.95375,0.96928]},"AJs":{"weight":1.0,"played":[0.0,1.0E-4,0.9999],"evs":[0.0,1.27878,1.30985]},"AQs":{"weight":1.0,"played":[0.0,7.0E-4,0.9993],"evs":[0.0,1.65933,1.66479]},"AKs":{"weight":1.0,"played":[0.0,0.9913,0.0087],"evs":[0.0,2.16375,2.14418]},"AA":{"weight":1.0,"played":[0.0,0.9999,1.0E-4],"evs":[0.0,4.48485,4.43943]}}}