{"player":6,"street":0,"children":2,"sequence":[{"player":0,"type":"R","amount":14240000,"street":0},{"player":1,"type":"F","amount":0,"street":0},{"player":2,"type":"C","amount":11040000,"street":0},{"player":3,"type":"C","amount":14240000,"street":0},{"player":4,"type":"R","amount":35040000,"street":0},{"player":5,"type":"C","amount":11360000,"street":0}],"actions":[{"type":"F","amount":0,"node":172},{"type":"C","amount":19040000,"node":173}],"hands":{"22":{"weight":1.0,"played":[1.0,0.0],"evs":[0.0,8.11031]},"32o":{"weight":1.0,"played":[1.0,0.0],"evs":[0.0,-3.73791]},"42o":{"weight":1.0,"played":[0.8788,0.1212],"evs":[0.0,-2.83312]},"52o":{"weight":1.0,"played":[0.9909,0.0091],"evs":[0.0,-6.87821]},"62o":{"weight":1.0,"played":[0.9009,0.0991],"evs":[0.0,-7.43956]},"72o":{"weight":1.0,"played":[1.0,0.0],"evs":[0.0,-7.74432]},"82o":{"weight":1.0,"played":[0.4335,0.5665],"evs":[0.0,-2.19943]},"92o":{"weight":1.0,"played":[0.3657,0.6343],"evs":[0.0,-3.91889]},"T2o":{"weight":1.0,"played":[0.0788,0.9212],"evs":[0.0,14.79742]},"J2o":{"weight":1.0,"played":[0.6064,0.3936],"evs":[0.0,-4.45386]},"Q2o":{"weight":1.0,"played":[1.0,0.0],"evs":[0.0,-6.97066]},"K2o":{"weight":1.0,"played":[1.0,0.0],"evs":[0.0,-4.95909]},"A2o":{"weight":1.0,"played":[0.6324,0.3676],"evs":[0.0,-1.52721]},"32s":{"weight":1.0,"played":[0.2328,0.7672],"evs":[0.0,-3.99092]},"33":{"weight":1.0,"played":[0.7975,0.2025],"evs":[0.0,-8.22433]},"43o":{"weight":1.0,"played":[1.0,0.0],"evs":[0.0,-9.4145]},"53o":{"weight":1.0,"played":[0.6354,0.3646],"evs":[0.0,-6.65661]},"63o":{"weight":1.0,"played":[1.0,0.0],"evs":[0.0,-8.14436]},"73o":{"weight":1.0,"played":[0.9591,0.0409],"evs":[0.0,-3.17435]},"83o":{"weight":1.0,"played":[1.0,0.0],"evs":[0.0,-7.1455]},"93o":{"weight":1.0,"played":[0.8882,0.1118],"evs":[0.0,-4.74002]},"T3o":{"weight":1.0,"played":[0.744,0.256],"evs":[0.0,-2.59852]},"J3o":{"weight":1.0,"played":[1.0,0.0],"evs":[0.0,-6.07077]},"Q3o":{"weight":1.0,"played":[0.9268,0.0732],"evs":[0.0,-7.90814]},"K3o":{"weight":1.0,"played":[0.5957,0.4043],"evs":[0.0,-4.00363]},"A3o":{"weight":1.0,"played":[0.4374,0.5626],"evs":[0.0,10.75973]},"42s":{"weight":1.0,"played":[0.0,1.0],"evs":[0.0,-8.80833]},"43s":{"weight":1.0,"played":[1.0,0.0],"evs":[0.0,-8.51666]},"44":{"weight":1.0,"played":[0.2651,0.7349],"evs":[0.0,-3.24156]},"54o":{"weight":1.0,"played":[0.9589,0.0411],"evs":[0.0,-0.16536]},"64o":{"weight":1.0,"played":[0.7413,0.2587],"evs":[0.0,-6.2476]},"74o":{"weight":1.0,"played":[1.0,0.0],"evs":[0.0,-5.79318]},"84o":{"weight":1.0,"played":[0.3429,0.6571],"evs":[0.0,-3.76016]},"94o":{"weight":1.0,"played":[0.6279,0.3721],"evs":[0.0,0.75139]},"T4o":{"weight":1.0,"played":[0.9714,0.0286],"evs":[0.0,-7.70644]},"J4o":{"weight":1.0,"played":[0.4083,0.5917],"evs":[0.0,1.3631]},"Q4o":{"weight":1.0,"played":[0.8741,0.1259],"evs":[0.0,0.07222]},"K4o":{"weight":1.0,"played":[0.415,0.585],"evs":[0.0,0.25788]},"A4o":{"weight":1.0,"played":[0.6406,0.3594],"evs":[0.0,1.80883]},"52s":{"weight":1.0,"played":[0.6728,0.3272],"evs":[0.0,-1.87043]},"53s":{"weight":1.0,"played":[1.0,0.0],"evs":[0.0,-7.74155]},"54s":{"weight":1.0,"played":[0.8093,0.1907],"evs":[0.0,-7.64747]},"55":{"weight":1.0,"played":[0.0,1.0],"evs":[0.0,-6.6376]},"65o":{"weight":1.0,"played":[0.4722,0.5278],"evs":[0.0,0.25798]},"75o":{"weight":1.0,"played":[0.6955,0.3045],"evs":[0.0,0.37842]},"85o":{"weight":1.0,"played":[0.6778,0.3222],"evs":[0.0,-2.60803]},"95o":{"weight":1.0,"played":[0.5529,0.4471],"evs":[0.0,-6.51926]},"T5o":{"weight":1.0,"played":[1.0,0.0],"evs":[0.0,-7.96816]},"J5o":{"weight":1.0,"played":[0.7476,0.2524],"evs":[0.0,-1.51125]},"Q5o":{"weight":1.0,"played":[0.5764,0.4236],"evs":[0.0,1.32541]},"K5o":{"weight":1.0,"played":[0.6006,0.3994],"evs":[0.0,10.59585]},"A5o":{"weight":1.0,"played":[0.7642,0.2358],"evs":[0.0,-7.68747]},"62s":{"weight":1.0,"played":[1.0,0.0],"evs":[0.0,-7.69563]},"63s":{"weight":1.0,"played":[0.7589,0.2411],"evs":[0.0,-7.56928]},"64s":{"weight":1.0,"played":[1.0,0.0],"evs":[0.0,-7.50354]},"65s":{"weight":1.0,"played":[0.2538,0.7462],"evs":[0.0,3.37411]},"66":{"weight":1.0,"played":[0.655,0.345],"evs":[0.0,-4.22866]},"76o":{"weight":1.0,"played":[0.2229,0.7771],"evs":[0.0,0.47781]},"86o":{"weight":1.0,"played":[0.7135,0.2865],"evs":[0.0,-1.18052]},"96o":{"weight":1.0,"played":[0.5152,0.4848],"evs":[0.0,-7.31557]},"T6o":{"weight":1.0,"played":[1.0,0.0],"evs":[0.0,-2.24119]},"J6o":{"weight":1.0,"played":[0.6036,0.3964],"evs":[0.0,-6.20197]},"Q6o":{"weight":1.0,"played":[0.7975,0.2025],"evs":[0.0,-6.1474]},"K6o":{"weight":1.0,"played":[0.501,0.499],"evs":[0.0,-0.05873]},"A6o":{"weight":1.0,"played":[0.5,0.5],"evs":[0.0,0.0]},"72s":{"weight":1.0,"played":[0.8482,0.1518],"evs":[0.0,-8.2541]},"73s":{"weight":1.0,"played":[0.5842,0.4158],"evs":[0.0,-6.42995]},"74s":{"weight":1.0,"played":[1.0,0.0],"evs":[0.0,20.24617]},"75s":{"weight":1.0,"played":[0.5434,0.4566],"evs":[0.0,-1.4848]},"76s":{"weight":1.0,"played":[0.5,0.5],"evs":[0.0,-8.07943]},"77":{"weight":1.0,"played":[0.5,0.5],"evs":[0.0,1.28598]},"87o":{"weight":1.0,"played":[0.9245,0.0755],"evs":[0.0,-1.38542]},"97o":{"weight":1.0,"played":[0.9278,0.0722],"evs":[0.0,-7.45723]},"T7o":{"weight":1.0,"played":[0.7573,0.2427],"evs":[0.0,-6.98184]},"J7o":{"weight":1.0,"played":[0.9333,0.0667],"evs":[0.0,-8.20892]},"Q7o":{"weight":1.0,"played":[0.3488,0.6512],"evs":[0.0,1.13488]},"K7o":{"weight":1.0,"played":[0.8617,0.1383],"evs":[0.0,-7.02995]},"A7o":{"weight":1.0,"played":[0.9999,1.0E-4],"evs":[0.0,-7.70672]},"82s":{"weight":1.0,"played":[0.5,0.5],"evs":[0.0,-0.76393]},"83s":{"weight":1.0,"played":[0.8123,0.1877],"evs":[0.0,-8.21375]},"84s":{"weight":1.0,"played":[0.5482,0.4518],"evs":[0.0,-5.966]},"85s":{"weight":1.0,"played":[1.0,0.0],"evs":[0.0,-4.63161]},"86s":{"weight":1.0,"played":[0.425,0.575],"evs":[0.0,-2.98615]},"87s":{"weight":1.0,"played":[0.5,0.5],"evs":[0.0,0.0]},"88":{"weight":1.0,"played":[0.0017,0.9983],"evs":[0.0,11.5476]},"98o":{"weight":1.0,"played":[0.3762,0.6238],"evs":[0.0,11.93836]},"T8o":{"weight":1.0,"played":[0.9084,0.0916],"evs":[0.0,-7.65631]},"J8o":{"weight":1.0,"played":[0.2812,0.7188],"evs":[0.0,1.726]},"Q8o":{"weight":1.0,"played":[1.0,0.0],"evs":[0.0,1.8211]},"K8o":{"weight":1.0,"played":[0.3841,0.6159],"evs":[0.0,6.31579]},"A8o":{"weight":1.0,"played":[0.0125,0.9875],"evs":[0.0,-9.43506]},"92s":{"weight":1.0,"played":[0.5,0.5],"evs":[0.0,-1.48034]},"93s":{"weight":1.0,"played":[0.5758,0.4242],"evs":[0.0,-4.27988]},"94s":{"weight":1.0,"played":[0.9258,0.0742],"evs":[0.0,-7.05469]},"95s":{"weight":1.0,"played":[1.0,0.0],"evs":[0.0,-9.278]},"96s":{"weight":1.0,"played":[0.5,0.5],"evs":[0.0,-9.15971]},"97s":{"weight":1.0,"played":[1.0,0.0],"evs":[0.0,-8.27151]},"98s":{"weight":1.0,"played":[0.43,0.57],"evs":[0.0,-5.65729]},"99":{"weight":1.0,"played":[0.7929,0.2071],"evs":[0.0,7.47823]},"T9o":{"weight":1.0,"played":[1.0,0.0],"evs":[0.0,2.72625]},"J9o":{"weight":1.0,"played":[0.9466,0.0534],"evs":[0.0,-5.81214]},"Q9o":{"weight":1.0,"played":[0.4939,0.5061],"evs":[0.0,-3.69045]},"K9o":{"weight":1.0,"played":[0.0,1.0],"evs":[0.0,-2.08339]},"A9o":{"weight":1.0,"played":[1.0,0.0],"evs":[0.0,-8.33002]},"T2s":{"weight":1.0,"played":[0.8512,0.1488],"evs":[0.0,-5.0487]},"T3s":{"weight":1.0,"played":[0.0912,0.9088],"evs":[0.0,-10.86644]},"T4s":{"weight":1.0,"played":[1.0,0.0],"evs":[0.0,-2.92699]},"T5s":{"weight":1.0,"played":[0.9808,0.0192],"evs":[0.0,8.28007]},"T6s":{"weight":1.0,"played":[0.948,0.052],"evs":[0.0,-8.06139]},"T7s":{"weight":1.0,"played":[0.5,0.5],"evs":[0.0,19.37313]},"T8s":{"weight":1.0,"played":[0.5,0.5],"evs":[0.0,-8.43716]},"T9s":{"weight":1.0,"played":[1.0,0.0],"evs":[0.0,3.98279]},"TT":{"weight":1.0,"played":[0.1409,0.8591],"evs":[0.0,-2.10801]},"JTo":{"weight":1.0,"played":[0.9659,0.0341],"evs":[0.0,-7.46065]},"QTo":{"weight":1.0,"played":[0.9411,0.0589],"evs":[0.0,-7.96446]},"KTo":{"weight":1.0,"played":[1.0,0.0],"evs":[0.0,-7.48157]},"ATo":{"weight":1.0,"played":[1.0,0.0],"evs":[0.0,-7.94239]},"J2s":{"weight":1.0,"played":[0.8905,0.1095],"evs":[0.0,-3.64923]},"J3s":{"weight":1.0,"played":[0.9655,0.0345],"evs":[0.0,-7.89128]},"J4s":{"weight":1.0,"played":[0.6203,0.3797],"evs":[0.0,-9.03693]},"J5s":{"weight":1.0,"played":[0.0,1.0],"evs":[0.0,3.09876]},"J6s":{"weight":1.0,"played":[1.0,0.0],"evs":[0.0,-7.69563]},"J7s":{"weight":1.0,"played":[0.3478,0.6522],"evs":[0.0,-3.75271]},"J8s":{"weight":1.0,"played":[0.5,0.5],"evs":[0.0,-7.74155]},"J9s":{"weight":1.0,"played":[0.1719,0.8281],"evs":[0.0,17.5484]},"JTs":{"weight":1.0,"played":[1.0,0.0],"evs":[0.0,-8.30341]},"JJ":{"weight":1.0,"played":[0.5,0.5],"evs":[0.0,-8.43716]},"QJo":{"weight":1.0,"played":[0.8622,0.1378],"evs":[0.0,-6.54255]},"KJo":{"weight":1.0,"played":[0.8633,0.1367],"evs":[0.0,-2.3444]},"AJo":{"weight":1.0,"played":[0.4113,0.5887],"evs":[0.0,-0.89091]},"Q2s":{"weight":1.0,"played":[0.5,0.5],"evs":[0.0,17.86299]},"Q3s":{"weight":1.0,"played":[0.0,1.0],"evs":[0.0,-8.47344]},"Q4s":{"weight":1.0,"played":[0.5917,0.4083],"evs":[0.0,-6.6376]},"Q5s":{"weight":1.0,"played":[0.0,1.0],"evs":[0.0,-7.74155]},"Q6s":{"weight":1.0,"played":[1.0,0.0],"evs":[0.0,-6.6376]},"Q7s":{"weight":1.0,"played":[0.5,0.5],"evs":[0.0,0.0]},"Q8s":{"weight":1.0,"played":[1.0,0.0],"evs":[0.0,8.49284]},"Q9s":{"weight":1.0,"played":[0.5,0.5],"evs":[0.0,0.0]},"QTs":{"weight":1.0,"played":[0.173,0.827],"evs":[0.0,-2.72114]},"QJs":{"weight":1.0,"played":[0.5,0.5],"evs":[0.0,-8.43716]},"QQ":{"weight":1.0,"played":[0.5,0.5],"evs":[0.0,-7.69563]},"KQo":{"weight":1.0,"played":[0.0889,0.9111],"evs":[0.0,19.00341]},"AQo":{"weight":1.0,"played":[0.1676,0.8324],"evs":[0.0,18.54751]},"K2s":{"weight":1.0,"played":[0.5,0.5],"evs":[0.0,-9.4494]},"K3s":{"weight":1.0,"played":[0.859,0.141],"evs":[0.0,-7.85939]},"K4s":{"weight":1.0,"played":[0.5,0.5],"evs":[0.0,-8.80833]},"K5s":{"weight":1.0,"played":[0.4532,0.5468],"evs":[0.0,7.39727]},"K6s":{"weight":1.0,"played":[1.0,0.0],"evs":[0.0,-7.69563]},"K7s":{"weight":1.0,"played":[0.8848,0.1152],"evs":[0.0,-8.52266]},"K8s":{"weight":1.0,"played":[0.5,0.5],"evs":[0.0,1.55397]},"K9s":{"weight":1.0,"played":[0.5,0.5],"evs":[0.0,-8.21123]},"KTs":{"weight":1.0,"played":[0.8496,0.1504],"evs":[0.0,-2.69977]},"KJs":{"weight":1.0,"played":[0.6231,0.3769],"evs":[0.0,-0.44377]},"KQs":{"weight":1.0,"played":[0.9067,0.0933],"evs":[0.0,-7.51324]},"KK":{"weight":1.0,"played":[0.0138,0.9862],"evs":[0.0,12.14928]},"AKo":{"weight":1.0,"played":[0.5,0.5],"evs":[0.0,-5.25096]},"A2s":{"weight":1.0,"played":[0.5,0.5],"evs":[0.0,15.47]},"A3s":{"weight":1.0,"played":[0.5,0.5],"evs":[0.0,0.0]},"A4s":{"weight":1.0,"played":[0.0,1.0],"evs":[0.0,-8.43716]},"A5s":{"weight":1.0,"played":[0.5784,0.4216],"evs":[0.0,-5.31328]},"A6s":{"weight":1.0,"played":[1.0,0.0],"evs":[0.0,13.56445]},"A7s":{"weight":1.0,"played":[0.0807,0.9193],"evs":[0.0,1.09554]},"A8s":{"weight":1.0,"played":[0.9063,0.0937],"evs":[0.0,-8.33788]},"A9s":{"weight":1.0,"played":[0.5,0.5],"evs":[0.0,-6.6376]},"ATs":{"weight":1.0,"played":[0.7821,0.2179],"evs":[0.0,-3.96131]},"AJs":{"weight":1.0,"played":[0.5,0.5],"evs":[0.0,-8.48601]},"AQs":{"weight":1.0,"played":[0.3727,0.6273],"evs":[0.0,-2.68761]},"AKs":{"weight":1.0,"played":[0.1225,0.8775],"evs":[0.0,-1.2442]},"AA":{"weight":1.0,"played":[0.8636,0.1364],"evs":[0.0,12.45533]}}}