{"player":3,"street":0,"children":2,"sequence":[{"player":0,"type":"R","amount":14240000,"street":0},{"player":1,"type":"F","amount":0,"street":0},{"player":2,"type":"C","amount":11040000,"street":0},{"player":3,"type":"C","amount":14240000,"street":0},{"player":4,"type":"R","amount":35040000,"street":0},{"player":5,"type":"C","amount":11360000,"street":0},{"player":6,"type":"F","amount":0,"street":0}],"actions":[{"type":"F","amount":0},{"type":"C","amount":20800000}],"hands":{"22":{"weight":0.0,"played":[0.8222,0.1778],"evs":[0.0,-2.15086]},"32o":{"weight":0.0,"played":[0.987,0.013],"evs":[0.0,-0.70607]},"42o":{"weight":0.0,"played":[0.8316,0.1684],"evs":[0.0,-3.04251]},"52o":{"weight":0.0,"played":[0.9706,0.0294],"evs":[0.0,-2.9132]},"62o":{"weight":0.0,"played":[0.9998,2.0E-4],"evs":[0.0,-0.51927]},"72o":{"weight":0.0,"played":[0.8897,0.1103],"evs":[0.0,-1.63499]},"82o":{"weight":0.0,"played":[0.9895,0.0105],"evs":[0.0,-3.00453]},"92o":{"weight":0.0,"played":[0.9775,0.0225],"evs":[0.0,-1.28668]},"T2o":{"weight":0.0,"played":[0.8446,0.1554],"evs":[0.0,-3.3689]},"J2o":{"weight":0.0,"played":[0.2709,0.7291],"evs":[0.0,-1.69762]},"Q2o":{"weight":0.0,"played":[0.9089,0.0911],"evs":[0.0,-2.2382]},"K2o":{"weight":0.0,"played":[0.8571,0.1429],"evs":[0.0,-3.55487]},"A2o":{"weight":0.0,"played":[0.321,0.679],"evs":[0.0,1.99223]},"32s":{"weight":0.0,"played":[0.8892,0.1108],"evs":[0.0,-4.76384]},"33":{"weight":0.0,"played":[0.3302,0.6698],"evs":[0.0,1.82166]},"43o":{"weight":0.0,"played":[0.78,0.22],"evs":[0.0,-0.25364]},"53o":{"weight":0.0,"played":[0.8225,0.1775],"evs":[0.0,1.11587]},"63o":{"weight":0.0,"played":[0.9957,0.0043],"evs":[0.0,-0.87368]},"73o":{"weight":0.0,"played":[0.9957,0.0043],"evs":[0.0,-2.54255]},"83o":{"weight":0.0,"played":[0.832,0.168],"evs":[0.0,-2.28124]},"93o":{"weight":0.0,"played":[0.998,0.002],"evs":[0.0,-1.745]},"T3o":{"weight":0.0,"played":[0.8186,0.1814],"evs":[0.0,-2.19051]},"J3o":{"weight":0.0,"played":[0.8804,0.1196],"evs":[0.0,-3.6114]},"Q3o":{"weight":0.0,"played":[0.9135,0.0865],"evs":[0.0,-1.13479]},"K3o":{"weight":0.0,"played":[0.1528,0.8472],"evs":[0.0,2.13497]},"A3o":{"weight":0.0,"played":[0.3888,0.6112],"evs":[0.0,0.3314]},"42s":{"weight":0.0,"played":[0.4819,0.5181],"evs":[0.0,0.62396]},"43s":{"weight":0.0,"played":[0.5864,0.4136],"evs":[0.0,-0.75716]},"44":{"weight":1.0E-4,"played":[0.9813,0.0187],"evs":[0.0,-1.68906]},"54o":{"weight":0.0,"played":[0.487,0.513],"evs":[0.0,0.02414]},"64o":{"weight":0.0,"played":[0.6212,0.3788],"evs":[0.0,-0.80646]},"74o":{"weight":0.0,"played":[0.1729,0.8271],"evs":[0.0,3.45788]},"84o":{"weight":0.0,"played":[0.7509,0.2491],"evs":[0.0,-0.5477]},"94o":{"weight":0.0,"played":[0.8898,0.1102],"evs":[0.0,-1.18557]},"T4o":{"weight":0.0,"played":[0.6657,0.3343],"evs":[0.0,-2.95156]},"J4o":{"weight":0.0,"played":[0.9659,0.0341],"evs":[0.0,-2.30787]},"Q4o":{"weight":0.0,"played":[0.9777,0.0223],"evs":[0.0,-3.16938]},"K4o":{"weight":0.0,"played":[0.8773,0.1227],"evs":[0.0,-2.88973]},"A4o":{"weight":0.0,"played":[0.2928,0.7072],"evs":[0.0,-1.25828]},"52s":{"weight":0.0,"played":[0.7415,0.2585],"evs":[0.0,0.44288]},"53s":{"weight":0.0,"played":[0.6873,0.3127],"evs":[0.0,-1.0654]},"54s":{"weight":0.0,"played":[0.9844,0.0156],"evs":[0.0,-1.79046]},"55":{"weight":0.9236,"played":[0.0,1.0],"evs":[0.0,1.94239]},"65o":{"weight":0.0,"played":[0.2283,0.7717],"evs":[0.0,0.26508]},"75o":{"weight":0.0,"played":[0.8676,0.1324],"evs":[0.0,-1.68956]},"85o":{"weight":0.0,"played":[0.4328,0.5672],"evs":[0.0,0.7187]},"95o":{"weight":0.0,"played":[0.8889,0.1111],"evs":[0.0,-2.03906]},"T5o":{"weight":0.0,"played":[0.9851,0.0149],"evs":[0.0,-1.85314]},"J5o":{"weight":0.0,"played":[0.6671,0.3329],"evs":[0.0,-1.64694]},"Q5o":{"weight":0.0,"played":[0.9695,0.0305],"evs":[0.0,-3.31906]},"K5o":{"weight":0.0,"played":[0.2816,0.7184],"evs":[0.0,-0.47546]},"A5o":{"weight":0.0,"played":[0.4068,0.5932],"evs":[0.0,0.04483]},"62s":{"weight":0.0,"played":[0.1441,0.8559],"evs":[0.0,-0.89832]},"63s":{"weight":0.0,"played":[0.2482,0.7518],"evs":[0.0,-0.33088]},"64s":{"weight":0.0,"played":[0.2277,0.7723],"evs":[0.0,1.62552]},"65s":{"weight":0.0,"played":[0.1782,0.8218],"evs":[0.0,1.62279]},"66":{"weight":0.9565,"played":[0.4151,0.5849],"evs":[0.0,1.01064]},"76o":{"weight":0.0,"played":[0.9866,0.0134],"evs":[0.0,-0.97452]},"86o":{"weight":0.0,"played":[0.9068,0.0932],"evs":[0.0,-1.61037]},"96o":{"weight":0.0,"played":[0.9776,0.0224],"evs":[0.0,-0.69084]},"T6o":{"weight":0.0,"played":[0.9694,0.0306],"evs":[0.0,-2.45073]},"J6o":{"weight":0.0,"played":[0.9175,0.0825],"evs":[0.0,-2.76568]},"Q6o":{"weight":0.0,"played":[0.6777,0.3223],"evs":[0.0,1.62062]},"K6o":{"weight":0.0,"played":[0.8448,0.1552],"evs":[0.0,-1.46913]},"A6o":{"weight":0.0,"played":[0.2887,0.7113],"evs":[0.0,3.79362]},"72s":{"weight":0.0,"played":[0.4366,0.5634],"evs":[0.0,0.91685]},"73s":{"weight":0.0,"played":[0.0043,0.9957],"evs":[0.0,-0.13937]},"74s":{"weight":0.0,"played":[0.6745,0.3255],"evs":[0.0,-3.53704]},"75s":{"weight":0.0,"played":[0.9958,0.0042],"evs":[0.0,-2.90825]},"76s":{"weight":0.0,"played":[0.6018,0.3982],"evs":[0.0,-3.65043]},"77":{"weight":0.7198,"played":[0.6528,0.3472],"evs":[0.0,1.36906]},"87o":{"weight":0.0,"played":[0.9648,0.0352],"evs":[0.0,-1.94053]},"97o":{"weight":0.0,"played":[0.5804,0.4196],"evs":[0.0,-0.58452]},"T7o":{"weight":0.0,"played":[0.9704,0.0296],"evs":[0.0,-2.0759]},"J7o":{"weight":0.0,"played":[0.493,0.507],"evs":[0.0,-1.66066]},"Q7o":{"weight":0.0,"played":[0.6953,0.3047],"evs":[0.0,-0.18625]},"K7o":{"weight":0.0,"played":[0.8442,0.1558],"evs":[0.0,-1.17918]},"A7o":{"weight":0.0,"played":[0.2462,0.7538],"evs":[0.0,1.07657]},"82s":{"weight":0.0,"played":[0.8617,0.1383],"evs":[0.0,-0.93214]},"83s":{"weight":0.0,"played":[0.9977,0.0023],"evs":[0.0,-5.77586]},"84s":{"weight":0.0,"played":[0.8896,0.1104],"evs":[0.0,-1.9042]},"85s":{"weight":0.0,"played":[0.0337,0.9663],"evs":[0.0,9.99319]},"86s":{"weight":0.0,"played":[0.7739,0.2261],"evs":[0.0,-0.44094]},"87s":{"weight":0.0,"played":[0.2069,0.7931],"evs":[0.0,3.17972]},"88":{"weight":0.906,"played":[0.6402,0.3598],"evs":[0.0,-1.22531]},"98o":{"weight":0.0,"played":[0.2364,0.7636],"evs":[0.0,0.32465]},"T8o":{"weight":0.0,"played":[0.9049,0.0951],"evs":[0.0,-0.81785]},"J8o":{"weight":0.0,"played":[0.6823,0.3177],"evs":[0.0,-2.735]},"Q8o":{"weight":0.0,"played":[0.7881,0.2119],"evs":[0.0,-0.30909]},"K8o":{"weight":0.0,"played":[0.8423,0.1577],"evs":[0.0,-2.02941]},"A8o":{"weight":0.0,"played":[0.2922,0.7078],"evs":[0.0,-1.30231]},"92s":{"weight":0.0,"played":[0.9631,0.0369],"evs":[0.0,-4.7908]},"93s":{"weight":0.0,"played":[0.6032,0.3968],"evs":[0.0,-1.41351]},"94s":{"weight":0.0,"played":[0.9822,0.0178],"evs":[0.0,-3.82782]},"95s":{"weight":0.0,"played":[0.4014,0.5986],"evs":[0.0,5.28402]},"96s":{"weight":0.0,"played":[1.0,0.0],"evs":[0.0,-5.52722]},"97s":{"weight":0.0,"played":[0.4598,0.5402],"evs":[0.0,1.41265]},"98s":{"weight":0.0,"played":[0.4905,0.5095],"evs":[0.0,0.30498]},"99":{"weight":0.7578,"played":[0.0108,0.9892],"evs":[0.0,4.41268]},"T9o":{"weight":0.0,"played":[0.9537,0.0463],"evs":[0.0,-1.536]},"J9o":{"weight":0.0,"played":[0.8989,0.1011],"evs":[0.0,-0.18048]},"Q9o":{"weight":0.0,"played":[0.8753,0.1247],"evs":[0.0,-2.0192]},"K9o":{"weight":0.0,"played":[0.8056,0.1944],"evs":[0.0,-2.25729]},"A9o":{"weight":0.0,"played":[0.122,0.878],"evs":[0.0,0.49888]},"T2s":{"weight":0.0,"played":[0.6692,0.3308],"evs":[0.0,-2.72028]},"T3s":{"weight":0.0,"played":[0.364,0.636],"evs":[0.0,0.7373]},"T4s":{"weight":0.0,"played":[0.7826,0.2174],"evs":[0.0,-4.85937]},"T5s":{"weight":0.0,"played":[0.9235,0.0765],"evs":[0.0,-1.25746]},"T6s":{"weight":0.0,"played":[0.9293,0.0707],"evs":[0.0,-0.89586]},"T7s":{"weight":0.0,"played":[8.0E-4,0.9992],"evs":[0.0,-0.2868]},"T8s":{"weight":0.0,"played":[0.5132,0.4868],"evs":[0.0,-2.28819]},"T9s":{"weight":1.0E-4,"played":[0.3251,0.6749],"evs":[0.0,1.12123]},"TT":{"weight":0.4274,"played":[0.8144,0.1856],"evs":[0.0,-2.33779]},"JTo":{"weight":0.0,"played":[0.9995,5.0E-4],"evs":[0.0,-2.89881]},"QTo":{"weight":0.0,"played":[0.5062,0.4938],"evs":[0.0,1.36239]},"KTo":{"weight":0.0,"played":[0.8526,0.1474],"evs":[0.0,-4.47536]},"ATo":{"weight":0.0,"played":[0.5851,0.4149],"evs":[0.0,-1.30856]},"J2s":{"weight":0.0,"played":[0.9479,0.0521],"evs":[0.0,-3.08199]},"J3s":{"weight":0.0,"played":[0.205,0.795],"evs":[0.0,-0.78881]},"J4s":{"weight":0.0,"played":[0.9894,0.0106],"evs":[0.0,-1.62947]},"J5s":{"weight":0.0,"played":[0.3299,0.6701],"evs":[0.0,7.40212]},"J6s":{"weight":0.0,"played":[0.7656,0.2344],"evs":[0.0,0.68935]},"J7s":{"weight":0.0,"played":[0.7231,0.2769],"evs":[0.0,0.26437]},"J8s":{"weight":0.0,"played":[0.0,1.0],"evs":[0.0,0.07409]},"J9s":{"weight":0.0,"played":[0.3045,0.6955],"evs":[0.0,-0.06988]},"JTs":{"weight":0.0019,"played":[0.4958,0.5042],"evs":[0.0,-0.20548]},"JJ":{"weight":0.8548,"played":[0.2261,0.7739],"evs":[0.0,1.45629]},"QJo":{"weight":0.0,"played":[0.3551,0.6449],"evs":[0.0,1.42668]},"KJo":{"weight":0.0,"played":[0.788,0.212],"evs":[0.0,-2.10648]},"AJo":{"weight":0.0,"played":[0.2916,0.7084],"evs":[0.0,-1.6737]},"Q2s":{"weight":0.0,"played":[0.9989,0.0011],"evs":[0.0,-3.41857]},"Q3s":{"weight":0.0,"played":[0.6472,0.3528],"evs":[0.0,-0.93619]},"Q4s":{"weight":0.0,"played":[0.6055,0.3945],"evs":[0.0,1.12087]},"Q5s":{"weight":0.0,"played":[0.6525,0.3475],"evs":[0.0,-2.91873]},"Q6s":{"weight":0.0,"played":[0.8526,0.1474],"evs":[0.0,-4.93981]},"Q7s":{"weight":0.0,"played":[0.7536,0.2464],"evs":[0.0,-2.22696]},"Q8s":{"weight":0.0,"played":[0.9094,0.0906],"evs":[0.0,-0.82915]},"Q9s":{"weight":0.0,"played":[0.7379,0.2621],"evs":[0.0,-1.15767]},"QTs":{"weight":0.002,"played":[0.5235,0.4765],"evs":[0.0,-0.28225]},"QJs":{"weight":0.0,"played":[0.1319,0.8681],"evs":[0.0,6.26768]},"QQ":{"weight":0.5941,"played":[0.004,0.996],"evs":[0.0,7.4742]},"KQo":{"weight":0.0,"played":[0.8541,0.1459],"evs":[0.0,-1.69102]},"AQo":{"weight":0.0442,"played":[0.708,0.292],"evs":[0.0,-2.08736]},"K2s":{"weight":0.0,"played":[0.9961,0.0039],"evs":[0.0,-1.98189]},"K3s":{"weight":0.0,"played":[0.8622,0.1378],"evs":[0.0,0.12394]},"K4s":{"weight":0.0,"played":[0.002,0.998],"evs":[0.0,-0.15215]},"K5s":{"weight":0.0,"played":[0.9745,0.0255],"evs":[0.0,-2.4219]},"K6s":{"weight":0.0,"played":[0.2335,0.7665],"evs":[0.0,1.11409]},"K7s":{"weight":0.0,"played":[0.6473,0.3527],"evs":[0.0,-2.56813]},"K8s":{"weight":1.0E-4,"played":[0.0415,0.9585],"evs":[0.0,4.60465]},"K9s":{"weight":2.0E-4,"played":[0.7123,0.2877],"evs":[0.0,-4.32955]},"KTs":{"weight":0.0615,"played":[0.7699,0.2301],"evs":[0.0,-4.48536]},"KJs":{"weight":0.1273,"played":[0.6741,0.3259],"evs":[0.0,-2.84712]},"KQs":{"weight":0.0313,"played":[0.0,1.0],"evs":[0.0,-0.63016]},"KK":{"weight":0.4595,"played":[0.0,1.0],"evs":[0.0,6.50285]},"AKo":{"weight":0.5962,"played":[0.0524,0.9476],"evs":[0.0,2.62414]},"A2s":{"weight":0.0,"played":[0.3847,0.6153],"evs":[0.0,-1.58977]},"A3s":{"weight":0.0,"played":[0.2522,0.7478],"evs":[0.0,-1.12725]},"A4s":{"weight":0.0,"played":[0.3543,0.6457],"evs":[0.0,5.71599]},"A5s":{"weight":0.0,"played":[0.4122,0.5878],"evs":[0.0,4.55931]},"A6s":{"weight":0.0,"played":[0.2902,0.7098],"evs":[0.0,8.20361]},"A7s":{"weight":0.0,"played":[0.4806,0.5194],"evs":[0.0,-2.71797]},"A8s":{"weight":0.0,"played":[0.0,1.0],"evs":[0.0,1.86051]},"A9s":{"weight":0.0,"played":[0.9534,0.0466],"evs":[0.0,-2.20716]},"ATs":{"weight":3.0E-4,"played":[0.0363,0.9637],"evs":[0.0,6.53201]},"AJs":{"weight":0.061,"played":[0.9756,0.0244],"evs":[0.0,-4.80579]},"AQs":{"weight":1.0E-4,"played":[0.0023,0.9977],"evs":[0.0,4.68711]},"AKs":{"weight":0.6842,"played":[0.27,0.73],"evs":[0.0,-0.54692]},"AA":{"weight":0.3991,"played":[0.0132,0.9868],"evs":[0.0,13.98569]}}}