{"player":3,"street":0,"children":2,"sequence":[{"player":0,"type":"R","amount":14240000,"street":0},{"player":1,"type":"F","amount":0,"street":0},{"player":2,"type":"C","amount":11040000,"street":0},{"player":3,"type":"C","amount":14240000,"street":0},{"player":4,"type":"R","amount":35040000,"street":0},{"player":5,"type":"C","amount":11360000,"street":0},{"player":6,"type":"C","amount":19040000,"street":0}],"actions":[{"type":"F","amount":0},{"type":"C","amount":20800000}],"hands":{"22":{"weight":0.0,"played":[0.927,0.073],"evs":[0.0,1.37627]},"32o":{"weight":0.0,"played":[0.6827,0.3173],"evs":[0.0,-3.02523]},"42o":{"weight":0.0,"played":[0.3394,0.6606],"evs":[0.0,4.97047]},"52o":{"weight":0.0,"played":[0.3634,0.6366],"evs":[0.0,-0.76694]},"62o":{"weight":0.0,"played":[0.8658,0.1342],"evs":[0.0,-1.45793]},"72o":{"weight":0.0,"played":[0.7715,0.2285],"evs":[0.0,-2.59783]},"82o":{"weight":0.0,"played":[0.8962,0.1038],"evs":[0.0,-0.29669]},"92o":{"weight":0.0,"played":[0.4062,0.5938],"evs":[0.0,-0.75787]},"T2o":{"weight":0.0,"played":[0.4465,0.5535],"evs":[0.0,-1.62173]},"J2o":{"weight":0.0,"played":[0.4274,0.5726],"evs":[0.0,-1.0442]},"Q2o":{"weight":0.0,"played":[0.5365,0.4635],"evs":[0.0,-1.04181]},"K2o":{"weight":0.0,"played":[0.4633,0.5367],"evs":[0.0,-2.19747]},"A2o":{"weight":0.0,"played":[0.7335,0.2665],"evs":[0.0,-1.19248]},"32s":{"weight":0.0,"played":[0.8265,0.1735],"evs":[0.0,-4.65222]},"33":{"weight":0.0,"played":[0.4243,0.5757],"evs":[0.0,7.33971]},"43o":{"weight":0.0,"played":[0.5756,0.4244],"evs":[0.0,-1.43837]},"53o":{"weight":0.0,"played":[0.9951,0.0049],"evs":[0.0,-0.11071]},"63o":{"weight":0.0,"played":[0.6237,0.3763],"evs":[0.0,1.05654]},"73o":{"weight":0.0,"played":[0.8224,0.1776],"evs":[0.0,0.5373]},"83o":{"weight":0.0,"played":[0.3834,0.6166],"evs":[0.0,3.41052]},"93o":{"weight":0.0,"played":[0.3375,0.6625],"evs":[0.0,-0.43834]},"T3o":{"weight":0.0,"played":[0.8944,0.1056],"evs":[0.0,-0.32908]},"J3o":{"weight":0.0,"played":[0.8152,0.1848],"evs":[0.0,1.45982]},"Q3o":{"weight":0.0,"played":[0.7956,0.2044],"evs":[0.0,-2.47791]},"K3o":{"weight":0.0,"played":[0.3983,0.6017],"evs":[0.0,5.46838]},"A3o":{"weight":0.0,"played":[0.9326,0.0674],"evs":[0.0,-1.86147]},"42s":{"weight":0.0,"played":[0.5554,0.4446],"evs":[0.0,-2.36835]},"43s":{"weight":0.0,"played":[0.537,0.463],"evs":[0.0,-2.28041]},"44":{"weight":1.0E-4,"played":[0.6274,0.3726],"evs":[0.0,-2.96883]},"54o":{"weight":0.0,"played":[0.0,1.0],"evs":[0.0,0.65856]},"64o":{"weight":0.0,"played":[0.9206,0.0794],"evs":[0.0,-1.69121]},"74o":{"weight":0.0,"played":[0.4153,0.5847],"evs":[0.0,-0.50022]},"84o":{"weight":0.0,"played":[0.3027,0.6973],"evs":[0.0,-1.58052]},"94o":{"weight":0.0,"played":[0.9797,0.0203],"evs":[0.0,-0.36437]},"T4o":{"weight":0.0,"played":[0.7567,0.2433],"evs":[0.0,-0.88421]},"J4o":{"weight":0.0,"played":[0.9996,4.0E-4],"evs":[0.0,-2.45082]},"Q4o":{"weight":0.0,"played":[0.1488,0.8512],"evs":[0.0,1.15456]},"K4o":{"weight":0.0,"played":[0.2627,0.7373],"evs":[0.0,2.18344]},"A4o":{"weight":0.0,"played":[0.5915,0.4085],"evs":[0.0,-2.74243]},"52s":{"weight":0.0,"played":[0.8579,0.1421],"evs":[0.0,-3.05246]},"53s":{"weight":0.0,"played":[0.8264,0.1736],"evs":[0.0,-3.39051]},"54s":{"weight":0.0,"played":[0.4794,0.5206],"evs":[0.0,-1.53459]},"55":{"weight":0.9236,"played":[0.0705,0.9295],"evs":[0.0,5.9204]},"65o":{"weight":0.0,"played":[0.9586,0.0414],"evs":[0.0,-2.12643]},"75o":{"weight":0.0,"played":[0.4831,0.5169],"evs":[0.0,-2.6576]},"85o":{"weight":0.0,"played":[0.3522,0.6478],"evs":[0.0,3.43297]},"95o":{"weight":0.0,"played":[0.7895,0.2105],"evs":[0.0,-3.26097]},"T5o":{"weight":0.0,"played":[0.6546,0.3454],"evs":[0.0,-1.40062]},"J5o":{"weight":0.0,"played":[0.6953,0.3047],"evs":[0.0,-2.3111]},"Q5o":{"weight":0.0,"played":[0.6479,0.3521],"evs":[0.0,0.59565]},"K5o":{"weight":0.0,"played":[0.992,0.008],"evs":[0.0,-1.58961]},"A5o":{"weight":0.0,"played":[0.6618,0.3382],"evs":[0.0,0.45187]},"62s":{"weight":0.0,"played":[0.5201,0.4799],"evs":[0.0,-3.16412]},"63s":{"weight":0.0,"played":[0.4533,0.5467],"evs":[0.0,8.87261]},"64s":{"weight":0.0,"played":[0.5418,0.4582],"evs":[0.0,-1.99997]},"65s":{"weight":0.0,"played":[0.9984,0.0016],"evs":[0.0,-4.75053]},"66":{"weight":0.9565,"played":[0.5622,0.4378],"evs":[0.0,-1.21402]},"76o":{"weight":0.0,"played":[0.861,0.139],"evs":[0.0,-2.61259]},"86o":{"weight":0.0,"played":[0.7155,0.2845],"evs":[0.0,-3.11423]},"96o":{"weight":0.0,"played":[0.5745,0.4255],"evs":[0.0,-0.70483]},"T6o":{"weight":0.0,"played":[0.8984,0.1016],"evs":[0.0,0.26969]},"J6o":{"weight":0.0,"played":[0.7547,0.2453],"evs":[0.0,-1.89778]},"Q6o":{"weight":0.0,"played":[0.0832,0.9168],"evs":[0.0,0.43759]},"K6o":{"weight":0.0,"played":[0.9211,0.0789],"evs":[0.0,-1.17303]},"A6o":{"weight":0.0,"played":[0.0723,0.9277],"evs":[0.0,1.99023]},"72s":{"weight":0.0,"played":[0.3515,0.6485],"evs":[0.0,0.87004]},"73s":{"weight":0.0,"played":[0.0,1.0],"evs":[0.0,5.53194]},"74s":{"weight":0.0,"played":[0.9598,0.0402],"evs":[0.0,-1.16071]},"75s":{"weight":0.0,"played":[0.9963,0.0037],"evs":[0.0,-4.7552]},"76s":{"weight":0.0,"played":[1.0,0.0],"evs":[0.0,3.39503]},"77":{"weight":0.7198,"played":[0.2615,0.7385],"evs":[0.0,0.01133]},"87o":{"weight":0.0,"played":[0.1963,0.8037],"evs":[0.0,-0.38696]},"97o":{"weight":0.0,"played":[0.1167,0.8833],"evs":[0.0,0.13515]},"T7o":{"weight":0.0,"played":[0.7878,0.2122],"evs":[0.0,1.7654]},"J7o":{"weight":0.0,"played":[0.7604,0.2396],"evs":[0.0,-3.62732]},"Q7o":{"weight":0.0,"played":[0.5796,0.4204],"evs":[0.0,0.97824]},"K7o":{"weight":0.0,"played":[0.0,1.0],"evs":[0.0,5.36281]},"A7o":{"weight":0.0,"played":[0.0966,0.9034],"evs":[0.0,-0.64196]},"82s":{"weight":0.0,"played":[0.6366,0.3634],"evs":[0.0,2.23326]},"83s":{"weight":0.0,"played":[0.9985,0.0015],"evs":[0.0,-0.38189]},"84s":{"weight":0.0,"played":[0.5293,0.4707],"evs":[0.0,-2.13914]},"85s":{"weight":0.0,"played":[0.7811,0.2189],"evs":[0.0,0.09229]},"86s":{"weight":0.0,"played":[0.8199,0.1801],"evs":[0.0,1.91284]},"87s":{"weight":0.0,"played":[0.5593,0.4407],"evs":[0.0,0.27271]},"88":{"weight":0.906,"played":[0.7387,0.2613],"evs":[0.0,3.80994]},"98o":{"weight":0.0,"played":[0.7195,0.2805],"evs":[0.0,0.29216]},"T8o":{"weight":0.0,"played":[0.586,0.414],"evs":[0.0,3.45575]},"J8o":{"weight":0.0,"played":[0.9722,0.0278],"evs":[0.0,-3.42223]},"Q8o":{"weight":0.0,"played":[0.9865,0.0135],"evs":[0.0,-3.95381]},"K8o":{"weight":0.0,"played":[0.5312,0.4688],"evs":[0.0,-0.6476]},"A8o":{"weight":0.0,"played":[0.6266,0.3734],"evs":[0.0,-0.61799]},"92s":{"weight":0.0,"played":[0.4663,0.5337],"evs":[0.0,5.44889]},"93s":{"weight":0.0,"played":[0.9869,0.0131],"evs":[0.0,-4.813]},"94s":{"weight":0.0,"played":[0.2636,0.7364],"evs":[0.0,-1.66245]},"95s":{"weight":0.0,"played":[0.9953,0.0047],"evs":[0.0,-5.46001]},"96s":{"weight":0.0,"played":[3.0E-4,0.9997],"evs":[0.0,3.27482]},"97s":{"weight":0.0,"played":[0.5342,0.4658],"evs":[0.0,-1.24406]},"98s":{"weight":0.0,"played":[0.8455,0.1545],"evs":[0.0,-3.06956]},"99":{"weight":0.7578,"played":[0.1355,0.8645],"evs":[0.0,3.8281]},"T9o":{"weight":0.0,"played":[0.6497,0.3503],"evs":[0.0,-1.78687]},"J9o":{"weight":0.0,"played":[0.5613,0.4387],"evs":[0.0,2.52561]},"Q9o":{"weight":0.0,"played":[0.4208,0.5792],"evs":[0.0,-3.09073]},"K9o":{"weight":0.0,"played":[0.9651,0.0349],"evs":[0.0,-2.30517]},"A9o":{"weight":0.0,"played":[0.4909,0.5091],"evs":[0.0,0.62245]},"T2s":{"weight":0.0,"played":[0.6606,0.3394],"evs":[0.0,-2.76635]},"T3s":{"weight":0.0,"played":[0.0,1.0],"evs":[0.0,1.68557]},"T4s":{"weight":0.0,"played":[0.5433,0.4567],"evs":[0.0,0.9868]},"T5s":{"weight":0.0,"played":[0.0196,0.9804],"evs":[0.0,1.2123]},"T6s":{"weight":0.0,"played":[0.4202,0.5798],"evs":[0.0,-1.92651]},"T7s":{"weight":0.0,"played":[0.4922,0.5078],"evs":[0.0,11.62366]},"T8s":{"weight":0.0,"played":[0.7583,0.2417],"evs":[0.0,5.8834]},"T9s":{"weight":1.0E-4,"played":[0.7383,0.2617],"evs":[0.0,-1.03006]},"TT":{"weight":0.4274,"played":[0.5826,0.4174],"evs":[0.0,4.73059]},"JTo":{"weight":0.0,"played":[0.8777,0.1223],"evs":[0.0,-2.04199]},"QTo":{"weight":0.0,"played":[0.0,1.0],"evs":[0.0,0.66076]},"KTo":{"weight":0.0,"played":[0.7279,0.2721],"evs":[0.0,0.16667]},"ATo":{"weight":0.0,"played":[0.6561,0.3439],"evs":[0.0,-2.19389]},"J2s":{"weight":0.0,"played":[0.9255,0.0745],"evs":[0.0,-5.00157]},"J3s":{"weight":0.0,"played":[0.5082,0.4918],"evs":[0.0,1.91491]},"J4s":{"weight":0.0,"played":[0.7872,0.2128],"evs":[0.0,-3.13664]},"J5s":{"weight":0.0,"played":[0.0675,0.9325],"evs":[0.0,2.96281]},"J6s":{"weight":0.0,"played":[0.4098,0.5902],"evs":[0.0,-1.65568]},"J7s":{"weight":0.0,"played":[0.1115,0.8885],"evs":[0.0,0.59956]},"J8s":{"weight":0.0,"played":[0.5834,0.4166],"evs":[0.0,1.853]},"J9s":{"weight":0.0,"played":[0.0,1.0],"evs":[0.0,3.64393]},"JTs":{"weight":0.0019,"played":[0.138,0.862],"evs":[0.0,-1.42907]},"JJ":{"weight":0.8548,"played":[0.0,1.0],"evs":[0.0,7.74788]},"QJo":{"weight":0.0,"played":[0.607,0.393],"evs":[0.0,-2.27541]},"KJo":{"weight":0.0,"played":[0.1277,0.8723],"evs":[0.0,0.32451]},"AJo":{"weight":0.0,"played":[0.5513,0.4487],"evs":[0.0,3.48009]},"Q2s":{"weight":0.0,"played":[1.0,0.0],"evs":[0.0,5.01955]},"Q3s":{"weight":0.0,"played":[1.0,0.0],"evs":[0.0,-5.06376]},"Q4s":{"weight":0.0,"played":[0.4587,0.5413],"evs":[0.0,-2.46631]},"Q5s":{"weight":0.0,"played":[0.5636,0.4364],"evs":[0.0,2.50617]},"Q6s":{"weight":0.0,"played":[0.0,1.0],"evs":[0.0,1.37041]},"Q7s":{"weight":0.0,"played":[0.871,0.129],"evs":[0.0,-3.06653]},"Q8s":{"weight":0.0,"played":[0.9351,0.0649],"evs":[0.0,-4.9983]},"Q9s":{"weight":0.0,"played":[0.0,1.0],"evs":[0.0,0.34331]},"QTs":{"weight":0.002,"played":[0.6892,0.3108],"evs":[0.0,-5.0734]},"QJs":{"weight":0.0,"played":[0.4224,0.5776],"evs":[0.0,-1.64583]},"QQ":{"weight":0.5941,"played":[0.3738,0.6262],"evs":[0.0,2.06469]},"KQo":{"weight":0.0,"played":[0.8918,0.1082],"evs":[0.0,0.67079]},"AQo":{"weight":0.0442,"played":[3.0E-4,0.9997],"evs":[0.0,4.91871]},"K2s":{"weight":0.0,"played":[0.3637,0.6363],"evs":[0.0,1.04363]},"K3s":{"weight":0.0,"played":[0.9407,0.0593],"evs":[0.0,17.04675]},"K4s":{"weight":0.0,"played":[0.2114,0.7886],"evs":[0.0,6.53646]},"K5s":{"weight":0.0,"played":[0.4835,0.5165],"evs":[0.0,-3.2336]},"K6s":{"weight":0.0,"played":[0.2836,0.7164],"evs":[0.0,-1.68573]},"K7s":{"weight":0.0,"played":[0.1602,0.8398],"evs":[0.0,5.12557]},"K8s":{"weight":1.0E-4,"played":[0.3808,0.6192],"evs":[0.0,2.37709]},"K9s":{"weight":2.0E-4,"played":[0.4393,0.5607],"evs":[0.0,-1.43178]},"KTs":{"weight":0.0615,"played":[0.6095,0.3905],"evs":[0.0,1.64791]},"KJs":{"weight":0.1273,"played":[0.3088,0.6912],"evs":[0.0,4.45722]},"KQs":{"weight":0.0313,"played":[0.9192,0.0808],"evs":[0.0,-0.71679]},"KK":{"weight":0.4595,"played":[0.1693,0.8307],"evs":[0.0,8.72094]},"AKo":{"weight":0.5962,"played":[0.0,1.0],"evs":[0.0,1.07059]},"A2s":{"weight":0.0,"played":[0.4055,0.5945],"evs":[0.0,-0.13128]},"A3s":{"weight":0.0,"played":[0.9896,0.0104],"evs":[0.0,-5.43867]},"A4s":{"weight":0.0,"played":[0.0,1.0],"evs":[0.0,10.27278]},"A5s":{"weight":0.0,"played":[0.2541,0.7459],"evs":[0.0,4.50126]},"A6s":{"weight":0.0,"played":[0.0,1.0],"evs":[0.0,-6.03369]},"A7s":{"weight":0.0,"played":[0.7566,0.2434],"evs":[0.0,1.60317]},"A8s":{"weight":0.0,"played":[0.356,0.644],"evs":[0.0,1.30608]},"A9s":{"weight":0.0,"played":[0.5877,0.4123],"evs":[0.0,5.19525]},"ATs":{"weight":3.0E-4,"played":[0.2395,0.7605],"evs":[0.0,3.4258]},"AJs":{"weight":0.061,"played":[0.8023,0.1977],"evs":[0.0,4.78863]},"AQs":{"weight":1.0E-4,"played":[0.5431,0.4569],"evs":[0.0,-4.78372]},"AKs":{"weight":0.6842,"played":[0.3128,0.6872],"evs":[0.0,7.45027]},"AA":{"weight":0.3991,"played":[0.0,1.0],"evs":[0.0,9.42192]}}}