{"player":2,"street":0,"children":2,"sequence":[{"player":0,"type":"R","amount":14240000,"street":0},{"player":1,"type":"C","amount":7840000,"street":0}],"actions":[{"type":"F","amount":0,"node":182},{"type":"C","amount":11040000,"node":215}],"hands":{"22":{"weight":1.0,"played":[1.0,0.0],"evs":[0.0,-1.81428]},"32o":{"weight":1.0,"played":[1.0,0.0],"evs":[0.0,-3.11751]},"42o":{"weight":1.0,"played":[1.0,0.0],"evs":[0.0,-3.01859]},"52o":{"weight":1.0,"played":[1.0,0.0],"evs":[0.0,-2.94051]},"62o":{"weight":1.0,"played":[1.0,0.0],"evs":[0.0,-3.05913]},"72o":{"weight":1.0,"played":[1.0,0.0],"evs":[0.0,-3.33134]},"82o":{"weight":1.0,"played":[1.0,0.0],"evs":[0.0,-3.21281]},"92o":{"weight":1.0,"played":[1.0,0.0],"evs":[0.0,-3.13955]},"T2o":{"weight":1.0,"played":[1.0,0.0],"evs":[0.0,-3.06925]},"J2o":{"weight":1.0,"played":[1.0,0.0],"evs":[0.0,-3.11222]},"Q2o":{"weight":1.0,"played":[1.0,0.0],"evs":[0.0,-2.92612]},"K2o":{"weight":1.0,"played":[1.0,0.0],"evs":[0.0,-2.79816]},"A2o":{"weight":1.0,"played":[1.0,0.0],"evs":[0.0,-2.85452]},"32s":{"weight":1.0,"played":[1.0,0.0],"evs":[0.0,-2.51026]},"33":{"weight":1.0,"played":[1.0,0.0],"evs":[0.0,-1.6827]},"43o":{"weight":1.0,"played":[1.0,0.0],"evs":[0.0,-2.77742]},"53o":{"weight":1.0,"played":[1.0,0.0],"evs":[0.0,-2.65332]},"63o":{"weight":1.0,"played":[1.0,0.0],"evs":[0.0,-2.8299]},"73o":{"weight":1.0,"played":[1.0,0.0],"evs":[0.0,-3.05375]},"83o":{"weight":1.0,"played":[1.0,0.0],"evs":[0.0,-3.1809]},"93o":{"weight":1.0,"played":[1.0,0.0],"evs":[0.0,-3.06563]},"T3o":{"weight":1.0,"played":[1.0,0.0],"evs":[0.0,-3.03329]},"J3o":{"weight":1.0,"played":[1.0,0.0],"evs":[0.0,-3.06126]},"Q3o":{"weight":1.0,"played":[1.0,0.0],"evs":[0.0,-2.85954]},"K3o":{"weight":1.0,"played":[1.0,0.0],"evs":[0.0,-2.6975]},"A3o":{"weight":1.0,"played":[1.0,0.0],"evs":[0.0,-2.78318]},"42s":{"weight":1.0,"played":[1.0,0.0],"evs":[0.0,-2.38062]},"43s":{"weight":1.0,"played":[1.0,0.0],"evs":[0.0,-2.17078]},"44":{"weight":1.0,"played":[1.0,0.0],"evs":[0.0,-1.41485]},"54o":{"weight":1.0,"played":[1.0,0.0],"evs":[0.0,-2.40544]},"64o":{"weight":1.0,"played":[1.0,0.0],"evs":[0.0,-2.55882]},"74o":{"weight":1.0,"played":[1.0,0.0],"evs":[0.0,-2.79329]},"84o":{"weight":1.0,"played":[1.0,0.0],"evs":[0.0,-2.91191]},"94o":{"weight":1.0,"played":[1.0,0.0],"evs":[0.0,-3.01174]},"T4o":{"weight":1.0,"played":[1.0,0.0],"evs":[0.0,-2.93424]},"J4o":{"weight":1.0,"played":[1.0,0.0],"evs":[0.0,-2.96454]},"Q4o":{"weight":1.0,"played":[1.0,0.0],"evs":[0.0,-2.78494]},"K4o":{"weight":1.0,"played":[1.0,0.0],"evs":[0.0,-2.61266]},"A4o":{"weight":1.0,"played":[1.0,0.0],"evs":[0.0,-2.66227]},"52s":{"weight":1.0,"played":[1.0,0.0],"evs":[0.0,-2.32297]},"53s":{"weight":1.0,"played":[1.0,0.0],"evs":[0.0,-2.10134]},"54s":{"weight":1.0,"played":[1.0,0.0],"evs":[0.0,-1.81842]},"55":{"weight":1.0,"played":[1.0,0.0],"evs":[0.0,-1.27025]},"65o":{"weight":1.0,"played":[1.0,0.0],"evs":[0.0,-2.30855]},"75o":{"weight":1.0,"played":[1.0,0.0],"evs":[0.0,-2.54596]},"85o":{"weight":1.0,"played":[1.0,0.0],"evs":[0.0,-2.65879]},"95o":{"weight":1.0,"played":[1.0,0.0],"evs":[0.0,-2.7913]},"T5o":{"weight":1.0,"played":[1.0,0.0],"evs":[0.0,-2.91877]},"J5o":{"weight":1.0,"played":[1.0,0.0],"evs":[0.0,-2.90009]},"Q5o":{"weight":1.0,"played":[1.0,0.0],"evs":[0.0,-2.6802]},"K5o":{"weight":1.0,"played":[1.0,0.0],"evs":[0.0,-2.53092]},"A5o":{"weight":1.0,"played":[1.0,0.0],"evs":[0.0,-2.58056]},"62s":{"weight":1.0,"played":[1.0,0.0],"evs":[0.0,-2.47284]},"63s":{"weight":1.0,"played":[1.0,0.0],"evs":[0.0,-2.23385]},"64s":{"weight":1.0,"played":[1.0,0.0],"evs":[0.0,-1.96953]},"65s":{"weight":1.0,"played":[1.0,0.0],"evs":[0.0,-1.77845]},"66":{"weight":1.0,"played":[1.0,0.0],"evs":[0.0,-1.05807]},"76o":{"weight":1.0,"played":[1.0,0.0],"evs":[0.0,-2.3202]},"86o":{"weight":1.0,"played":[1.0,0.0],"evs":[0.0,-2.42521]},"96o":{"weight":1.0,"played":[1.0,0.0],"evs":[0.0,-2.53208]},"T6o":{"weight":1.0,"played":[1.0,0.0],"evs":[0.0,-2.64097]},"J6o":{"weight":1.0,"played":[1.0,0.0],"evs":[0.0,-2.84115]},"Q6o":{"weight":1.0,"played":[1.0,0.0],"evs":[0.0,-2.63033]},"K6o":{"weight":1.0,"played":[1.0,0.0],"evs":[0.0,-2.48025]},"A6o":{"weight":1.0,"played":[1.0,0.0],"evs":[0.0,-2.7523]},"72s":{"weight":1.0,"played":[1.0,0.0],"evs":[0.0,-2.70664]},"73s":{"weight":1.0,"played":[1.0,0.0],"evs":[0.0,-2.42587]},"74s":{"weight":1.0,"played":[1.0,0.0],"evs":[0.0,-2.17213]},"75s":{"weight":1.0,"played":[1.0,0.0],"evs":[0.0,-2.03892]},"76s":{"weight":1.0,"played":[1.0,0.0],"evs":[0.0,-1.72081]},"77":{"weight":1.0,"played":[1.0,0.0],"evs":[0.0,-0.8725]},"87o":{"weight":1.0,"played":[1.0,0.0],"evs":[0.0,-2.29964]},"97o":{"weight":1.0,"played":[1.0,0.0],"evs":[0.0,-2.40068]},"T7o":{"weight":1.0,"played":[1.0,0.0],"evs":[0.0,-2.52909]},"J7o":{"weight":1.0,"played":[1.0,0.0],"evs":[0.0,-2.73748]},"Q7o":{"weight":1.0,"played":[1.0,0.0],"evs":[0.0,-2.6884]},"K7o":{"weight":1.0,"played":[1.0,0.0],"evs":[0.0,-2.48392]},"A7o":{"weight":1.0,"played":[1.0,0.0],"evs":[0.0,-2.6405]},"82s":{"weight":1.0,"played":[1.0,0.0],"evs":[0.0,-2.55194]},"83s":{"weight":1.0,"played":[1.0,0.0],"evs":[0.0,-2.55602]},"84s":{"weight":1.0,"played":[1.0,0.0],"evs":[0.0,-2.26375]},"85s":{"weight":1.0,"played":[1.0,0.0],"evs":[0.0,-2.04357]},"86s":{"weight":1.0,"played":[1.0,0.0],"evs":[0.0,-1.86172]},"87s":{"weight":1.0,"played":[1.0,0.0],"evs":[0.0,-1.68905]},"88":{"weight":1.0,"played":[1.0,0.0],"evs":[0.0,-0.45518]},"98o":{"weight":1.0,"played":[1.0,0.0],"evs":[0.0,-2.22628]},"T8o":{"weight":1.0,"played":[1.0,0.0],"evs":[0.0,-2.27905]},"J8o":{"weight":1.0,"played":[1.0,0.0],"evs":[0.0,-2.46187]},"Q8o":{"weight":1.0,"played":[1.0,0.0],"evs":[0.0,-2.44745]},"K8o":{"weight":1.0,"played":[1.0,0.0],"evs":[0.0,-2.4222]},"A8o":{"weight":1.0,"played":[1.0,0.0],"evs":[0.0,-2.46027]},"92s":{"weight":1.0,"played":[1.0,0.0],"evs":[0.0,-2.53491]},"93s":{"weight":1.0,"played":[1.0,0.0],"evs":[0.0,-2.43493]},"94s":{"weight":1.0,"played":[1.0,0.0],"evs":[0.0,-2.44439]},"95s":{"weight":1.0,"played":[1.0,0.0],"evs":[0.0,-2.22439]},"96s":{"weight":1.0,"played":[1.0,0.0],"evs":[0.0,-1.95554]},"97s":{"weight":1.0,"played":[1.0,0.0],"evs":[0.0,-1.7937]},"98s":{"weight":1.0,"played":[1.0,0.0],"evs":[0.0,-1.62353]},"99":{"weight":1.0,"played":[0.2888,0.7112],"evs":[0.0,0.00859]},"T9o":{"weight":1.0,"played":[1.0,0.0],"evs":[0.0,-2.06121]},"J9o":{"weight":1.0,"played":[1.0,0.0],"evs":[0.0,-2.26543]},"Q9o":{"weight":1.0,"played":[1.0,0.0],"evs":[0.0,-2.2217]},"K9o":{"weight":1.0,"played":[1.0,0.0],"evs":[0.0,-2.22329]},"A9o":{"weight":1.0,"played":[1.0,0.0],"evs":[0.0,-2.25182]},"T2s":{"weight":1.0,"played":[1.0,0.0],"evs":[0.0,-2.51452]},"T3s":{"weight":1.0,"played":[1.0,0.0],"evs":[0.0,-2.42761]},"T4s":{"weight":1.0,"played":[1.0,0.0],"evs":[0.0,-2.29311]},"T5s":{"weight":1.0,"played":[1.0,0.0],"evs":[0.0,-2.31747]},"T6s":{"weight":1.0,"played":[1.0,0.0],"evs":[0.0,-2.06312]},"T7s":{"weight":1.0,"played":[1.0,0.0],"evs":[0.0,-1.94834]},"T8s":{"weight":1.0,"played":[1.0,0.0],"evs":[0.0,-1.66703]},"T9s":{"weight":1.0,"played":[1.0,0.0],"evs":[0.0,-1.47113]},"TT":{"weight":1.0,"played":[0.0,1.0],"evs":[0.0,0.6347]},"JTo":{"weight":1.0,"played":[1.0,0.0],"evs":[0.0,-1.94929]},"QTo":{"weight":1.0,"played":[1.0,0.0],"evs":[0.0,-1.89337]},"KTo":{"weight":1.0,"played":[1.0,0.0],"evs":[0.0,-1.866]},"ATo":{"weight":1.0,"played":[1.0,0.0],"evs":[0.0,-1.78471]},"J2s":{"weight":1.0,"played":[1.0,0.0],"evs":[0.0,-2.45745]},"J3s":{"weight":1.0,"played":[1.0,0.0],"evs":[0.0,-2.44043]},"J4s":{"weight":1.0,"played":[1.0,0.0],"evs":[0.0,-2.34465]},"J5s":{"weight":1.0,"played":[1.0,0.0],"evs":[0.0,-2.32527]},"J6s":{"weight":1.0,"played":[1.0,0.0],"evs":[0.0,-2.25161]},"J7s":{"weight":1.0,"played":[1.0,0.0],"evs":[0.0,-2.13743]},"J8s":{"weight":1.0,"played":[1.0,0.0],"evs":[0.0,-1.91078]},"J9s":{"weight":1.0,"played":[1.0,0.0],"evs":[0.0,-1.67788]},"JTs":{"weight":1.0,"played":[1.0,0.0],"evs":[0.0,-1.36428]},"JJ":{"weight":1.0,"played":[0.0,1.0],"evs":[0.0,1.31308]},"QJo":{"weight":1.0,"played":[1.0,0.0],"evs":[0.0,-1.85731]},"KJo":{"weight":1.0,"played":[1.0,0.0],"evs":[0.0,-1.77554]},"AJo":{"weight":1.0,"played":[1.0,0.0],"evs":[0.0,-1.3098]},"Q2s":{"weight":1.0,"played":[1.0,0.0],"evs":[0.0,-2.26257]},"Q3s":{"weight":1.0,"played":[1.0,0.0],"evs":[0.0,-2.17546]},"Q4s":{"weight":1.0,"played":[1.0,0.0],"evs":[0.0,-2.16113]},"Q5s":{"weight":1.0,"played":[1.0,0.0],"evs":[0.0,-2.11825]},"Q6s":{"weight":1.0,"played":[1.0,0.0],"evs":[0.0,-2.0308]},"Q7s":{"weight":1.0,"played":[1.0,0.0],"evs":[0.0,-2.05887]},"Q8s":{"weight":1.0,"played":[1.0,0.0],"evs":[0.0,-1.82389]},"Q9s":{"weight":1.0,"played":[1.0,0.0],"evs":[0.0,-1.66457]},"QTs":{"weight":1.0,"played":[1.0,0.0],"evs":[0.0,-1.38028]},"QJs":{"weight":1.0,"played":[1.0,0.0],"evs":[0.0,-1.37642]},"QQ":{"weight":1.0,"played":[0.0,1.0],"evs":[0.0,2.4146]},"KQo":{"weight":1.0,"played":[1.0,0.0],"evs":[0.0,-1.40389]},"AQo":{"weight":1.0,"played":[1.0,0.0],"evs":[0.0,-0.63548]},"K2s":{"weight":1.0,"played":[1.0,0.0],"evs":[0.0,-2.16036]},"K3s":{"weight":1.0,"played":[1.0,0.0],"evs":[0.0,-2.09304]},"K4s":{"weight":1.0,"played":[1.0,0.0],"evs":[0.0,-1.95655]},"K5s":{"weight":1.0,"played":[1.0,0.0],"evs":[0.0,-1.87688]},"K6s":{"weight":1.0,"played":[1.0,0.0],"evs":[0.0,-1.85858]},"K7s":{"weight":1.0,"played":[1.0,0.0],"evs":[0.0,-1.91185]},"K8s":{"weight":1.0,"played":[1.0,0.0],"evs":[0.0,-1.79022]},"K9s":{"weight":1.0,"played":[1.0,0.0],"evs":[0.0,-1.64983]},"KTs":{"weight":1.0,"played":[1.0,0.0],"evs":[0.0,-1.24467]},"KJs":{"weight":1.0,"played":[1.0,0.0],"evs":[0.0,-1.22672]},"KQs":{"weight":1.0,"played":[1.0,0.0],"evs":[0.0,-0.91169]},"KK":{"weight":1.0,"played":[0.0,1.0],"evs":[0.0,3.63375]},"AKo":{"weight":1.0,"played":[0.0011,0.9989],"evs":[0.0,0.22331]},"A2s":{"weight":1.0,"played":[1.0,0.0],"evs":[0.0,-2.18461]},"A3s":{"weight":1.0,"played":[1.0,0.0],"evs":[0.0,-2.11107]},"A4s":{"weight":1.0,"played":[1.0,0.0],"evs":[0.0,-1.97788]},"A5s":{"weight":1.0,"played":[1.0,0.0],"evs":[0.0,-1.92572]},"A6s":{"weight":1.0,"played":[1.0,0.0],"evs":[0.0,-2.07934]},"A7s":{"weight":1.0,"played":[1.0,0.0],"evs":[0.0,-1.99841]},"A8s":{"weight":1.0,"played":[1.0,0.0],"evs":[0.0,-1.83118]},"A9s":{"weight":1.0,"played":[1.0,0.0],"evs":[0.0,-1.66994]},"ATs":{"weight":1.0,"played":[1.0,0.0],"evs":[0.0,-1.16051]},"AJs":{"weight":1.0,"played":[1.0,0.0],"evs":[0.0,-0.77316]},"AQs":{"weight":1.0,"played":[0.9999,1.0E-4],"evs":[0.0,-0.10266]},"AKs":{"weight":1.0,"played":[0.0,1.0],"evs":[0.0,0.78619]},"AA":{"weight":1.0,"played":[0.0,1.0],"evs":[0.0,5.60368]}}}