{"player":6,"street":0,"children":2,"sequence":[{"player":0,"type":"R","amount":14240000,"street":0},{"player":1,"type":"C","amount":7840000,"street":0},{"player":2,"type":"F","amount":0,"street":0},{"player":3,"type":"F","amount":0,"street":0},{"player":4,"type":"F","amount":0,"street":0},{"player":5,"type":"C","amount":11360000,"street":0}],"actions":[{"type":"F","amount":0},{"type":"C","amount":11040000}],"hands":{"22":{"weight":1.0,"played":[0.921,0.079],"evs":[0.0,-0.14699]},"32o":{"weight":1.0,"played":[1.0,0.0],"evs":[0.0,-1.19223]},"42o":{"weight":1.0,"played":[1.0,0.0],"evs":[0.0,-0.9369]},"52o":{"weight":1.0,"played":[1.0,0.0],"evs":[0.0,-0.95507]},"62o":{"weight":1.0,"played":[1.0,0.0],"evs":[0.0,-1.16977]},"72o":{"weight":1.0,"played":[1.0,0.0],"evs":[0.0,-1.41224]},"82o":{"weight":1.0,"played":[1.0,0.0],"evs":[0.0,-1.41235]},"92o":{"weight":1.0,"played":[1.0,0.0],"evs":[0.0,-1.24879]},"T2o":{"weight":1.0,"played":[1.0,0.0],"evs":[0.0,-1.20788]},"J2o":{"weight":1.0,"played":[1.0,0.0],"evs":[0.0,-1.27872]},"Q2o":{"weight":1.0,"played":[1.0,0.0],"evs":[0.0,-1.25061]},"K2o":{"weight":1.0,"played":[1.0,0.0],"evs":[0.0,-1.16057]},"A2o":{"weight":1.0,"played":[1.0,0.0],"evs":[0.0,-1.34393]},"32s":{"weight":1.0,"played":[1.0,0.0],"evs":[0.0,-0.54189]},"33":{"weight":1.0,"played":[0.0042,0.9958],"evs":[0.0,0.14228]},"43o":{"weight":1.0,"played":[0.9999,1.0E-4],"evs":[0.0,-0.59936]},"53o":{"weight":1.0,"played":[0.9998,2.0E-4],"evs":[0.0,-0.80353]},"63o":{"weight":1.0,"played":[1.0,0.0],"evs":[0.0,-0.84231]},"73o":{"weight":1.0,"played":[1.0,0.0],"evs":[0.0,-1.10297]},"83o":{"weight":1.0,"played":[0.9999,1.0E-4],"evs":[0.0,-1.32847]},"93o":{"weight":1.0,"played":[1.0,0.0],"evs":[0.0,-1.27829]},"T3o":{"weight":1.0,"played":[1.0,0.0],"evs":[0.0,-1.12357]},"J3o":{"weight":1.0,"played":[1.0,0.0],"evs":[0.0,-1.22577]},"Q3o":{"weight":1.0,"played":[1.0,0.0],"evs":[0.0,-1.12006]},"K3o":{"weight":1.0,"played":[0.9999,1.0E-4],"evs":[0.0,-1.08809]},"A3o":{"weight":1.0,"played":[1.0,0.0],"evs":[0.0,-1.19087]},"42s":{"weight":1.0,"played":[0.9805,0.0195],"evs":[0.0,-0.40712]},"43s":{"weight":1.0,"played":[0.9691,0.0309],"evs":[0.0,-0.20067]},"44":{"weight":1.0,"played":[0.002,0.998],"evs":[0.0,0.33817]},"54o":{"weight":1.0,"played":[1.0,0.0],"evs":[0.0,-0.33039]},"64o":{"weight":1.0,"played":[0.9998,2.0E-4],"evs":[0.0,-0.45852]},"74o":{"weight":1.0,"played":[1.0,0.0],"evs":[0.0,-0.80909]},"84o":{"weight":1.0,"played":[1.0,0.0],"evs":[0.0,-1.09668]},"94o":{"weight":1.0,"played":[1.0,0.0],"evs":[0.0,-1.20068]},"T4o":{"weight":1.0,"played":[1.0,0.0],"evs":[0.0,-0.97891]},"J4o":{"weight":1.0,"played":[1.0,0.0],"evs":[0.0,-1.12112]},"Q4o":{"weight":1.0,"played":[1.0,0.0],"evs":[0.0,-1.0013]},"K4o":{"weight":1.0,"played":[1.0,0.0],"evs":[0.0,-0.81343]},"A4o":{"weight":1.0,"played":[1.0,0.0],"evs":[0.0,-1.08308]},"52s":{"weight":1.0,"played":[0.981,0.019],"evs":[0.0,-0.34275]},"53s":{"weight":1.0,"played":[0.4988,0.5012],"evs":[0.0,0.00291]},"54s":{"weight":1.0,"played":[0.0232,0.9768],"evs":[0.0,0.22705]},"55":{"weight":1.0,"played":[0.0062,0.9938],"evs":[0.0,0.38892]},"65o":{"weight":1.0,"played":[0.9983,0.0017],"evs":[0.0,-0.34812]},"75o":{"weight":1.0,"played":[0.9999,1.0E-4],"evs":[0.0,-0.49296]},"85o":{"weight":1.0,"played":[0.9994,6.0E-4],"evs":[0.0,-0.73122]},"95o":{"weight":1.0,"played":[1.0,0.0],"evs":[0.0,-0.99031]},"T5o":{"weight":1.0,"played":[1.0,0.0],"evs":[0.0,-1.07978]},"J5o":{"weight":1.0,"played":[1.0,0.0],"evs":[0.0,-1.03938]},"Q5o":{"weight":1.0,"played":[1.0,0.0],"evs":[0.0,-0.89048]},"K5o":{"weight":1.0,"played":[1.0,0.0],"evs":[0.0,-0.89004]},"A5o":{"weight":1.0,"played":[1.0,0.0],"evs":[0.0,-1.01573]},"62s":{"weight":1.0,"played":[0.9846,0.0154],"evs":[0.0,-0.73275]},"63s":{"weight":1.0,"played":[0.7653,0.2347],"evs":[0.0,-0.04751]},"64s":{"weight":1.0,"played":[0.007,0.993],"evs":[0.0,0.30028]},"65s":{"weight":1.0,"played":[0.0201,0.9799],"evs":[0.0,0.38785]},"66":{"weight":1.0,"played":[0.0018,0.9982],"evs":[0.0,0.56522]},"76o":{"weight":1.0,"played":[0.9983,0.0017],"evs":[0.0,-0.4132]},"86o":{"weight":1.0,"played":[1.0,0.0],"evs":[0.0,-0.63799]},"96o":{"weight":1.0,"played":[1.0,0.0],"evs":[0.0,-0.71168]},"T6o":{"weight":1.0,"played":[1.0,0.0],"evs":[0.0,-1.03517]},"J6o":{"weight":1.0,"played":[1.0,0.0],"evs":[0.0,-0.88027]},"Q6o":{"weight":1.0,"played":[0.9993,7.0E-4],"evs":[0.0,-0.87246]},"K6o":{"weight":1.0,"played":[1.0,0.0],"evs":[0.0,-0.86934]},"A6o":{"weight":1.0,"played":[1.0,0.0],"evs":[0.0,-1.18652]},"72s":{"weight":1.0,"played":[0.9966,0.0034],"evs":[0.0,-0.82672]},"73s":{"weight":1.0,"played":[0.9995,5.0E-4],"evs":[0.0,-0.68422]},"74s":{"weight":1.0,"played":[0.8213,0.1787],"evs":[0.0,-0.19529]},"75s":{"weight":1.0,"played":[0.5797,0.4203],"evs":[0.0,-0.01284]},"76s":{"weight":1.0,"played":[0.0575,0.9425],"evs":[0.0,0.14336]},"77":{"weight":1.0,"played":[1.0E-4,0.9999],"evs":[0.0,0.80309]},"87o":{"weight":1.0,"played":[1.0,0.0],"evs":[0.0,-0.4803]},"97o":{"weight":1.0,"played":[0.9997,3.0E-4],"evs":[0.0,-0.52543]},"T7o":{"weight":1.0,"played":[0.9996,4.0E-4],"evs":[0.0,-0.64461]},"J7o":{"weight":1.0,"played":[0.9999,1.0E-4],"evs":[0.0,-0.94439]},"Q7o":{"weight":1.0,"played":[1.0,0.0],"evs":[0.0,-1.00516]},"K7o":{"weight":1.0,"played":[1.0,0.0],"evs":[0.0,-0.78094]},"A7o":{"weight":1.0,"played":[0.9999,1.0E-4],"evs":[0.0,-1.16614]},"82s":{"weight":1.0,"played":[0.9999,1.0E-4],"evs":[0.0,-0.63045]},"83s":{"weight":1.0,"played":[0.9977,0.0023],"evs":[0.0,-0.75547]},"84s":{"weight":1.0,"played":[0.9977,0.0023],"evs":[0.0,-0.46479]},"85s":{"weight":1.0,"played":[0.867,0.133],"evs":[0.0,-0.2062]},"86s":{"weight":1.0,"played":[0.7399,0.2601],"evs":[0.0,0.05473]},"87s":{"weight":1.0,"played":[0.005,0.995],"evs":[0.0,0.11794]},"88":{"weight":1.0,"played":[0.0,1.0],"evs":[0.0,1.11811]},"98o":{"weight":1.0,"played":[1.0,0.0],"evs":[0.0,-0.42436]},"T8o":{"weight":1.0,"played":[0.9969,0.0031],"evs":[0.0,-0.47123]},"J8o":{"weight":1.0,"played":[1.0,0.0],"evs":[0.0,-0.74777]},"Q8o":{"weight":1.0,"played":[0.9997,3.0E-4],"evs":[0.0,-0.86064]},"K8o":{"weight":1.0,"played":[1.0,0.0],"evs":[0.0,-0.8875]},"A8o":{"weight":1.0,"played":[1.0,0.0],"evs":[0.0,-1.08356]},"92s":{"weight":1.0,"played":[0.9996,4.0E-4],"evs":[0.0,-0.81491]},"93s":{"weight":1.0,"played":[0.9988,0.0012],"evs":[0.0,-0.38403]},"94s":{"weight":1.0,"played":[0.9986,0.0014],"evs":[0.0,-0.20693]},"95s":{"weight":1.0,"played":[0.8261,0.1739],"evs":[0.0,-0.28639]},"96s":{"weight":1.0,"played":[0.9216,0.0784],"evs":[0.0,-0.07143]},"97s":{"weight":1.0,"played":[0.6716,0.3284],"evs":[0.0,0.15017]},"98s":{"weight":1.0,"played":[0.3115,0.6885],"evs":[0.0,0.1486]},"99":{"weight":1.0,"played":[1.0E-4,0.9999],"evs":[0.0,1.47111]},"T9o":{"weight":1.0,"played":[0.9991,9.0E-4],"evs":[0.0,-0.32362]},"J9o":{"weight":1.0,"played":[0.9992,8.0E-4],"evs":[0.0,-0.49193]},"Q9o":{"weight":1.0,"played":[0.9968,0.0032],"evs":[0.0,-0.6171]},"K9o":{"weight":1.0,"played":[0.9987,0.0013],"evs":[0.0,-0.44811]},"A9o":{"weight":1.0,"played":[0.9998,2.0E-4],"evs":[0.0,-1.0957]},"T2s":{"weight":1.0,"played":[0.979,0.021],"evs":[0.0,-0.6977]},"T3s":{"weight":1.0,"played":[0.9992,8.0E-4],"evs":[0.0,-0.53414]},"T4s":{"weight":1.0,"played":[0.9989,0.0011],"evs":[0.0,-0.24272]},"T5s":{"weight":1.0,"played":[0.9896,0.0104],"evs":[0.0,-0.18456]},"T6s":{"weight":1.0,"played":[0.9068,0.0932],"evs":[0.0,-0.49491]},"T7s":{"weight":1.0,"played":[0.6609,0.3391],"evs":[0.0,-0.02677]},"T8s":{"weight":1.0,"played":[0.1712,0.8288],"evs":[0.0,0.17643]},"T9s":{"weight":1.0,"played":[0.0018,0.9982],"evs":[0.0,0.16361]},"TT":{"weight":1.0,"played":[0.0,1.0],"evs":[0.0,2.21571]},"JTo":{"weight":1.0,"played":[0.9596,0.0404],"evs":[0.0,-0.12864]},"QTo":{"weight":1.0,"played":[0.9967,0.0033],"evs":[0.0,-0.3056]},"KTo":{"weight":1.0,"played":[0.9915,0.0085],"evs":[0.0,-0.09142]},"ATo":{"weight":1.0,"played":[1.0,0.0],"evs":[0.0,-0.23618]},"J2s":{"weight":1.0,"played":[0.9989,0.0011],"evs":[0.0,-0.57384]},"J3s":{"weight":1.0,"played":[0.9995,5.0E-4],"evs":[0.0,-0.57901]},"J4s":{"weight":1.0,"played":[0.9956,0.0044],"evs":[0.0,-0.33291]},"J5s":{"weight":1.0,"played":[0.9986,0.0014],"evs":[0.0,-0.39883]},"J6s":{"weight":1.0,"played":[0.9966,0.0034],"evs":[0.0,-0.48288]},"J7s":{"weight":1.0,"played":[0.9255,0.0745],"evs":[0.0,-0.4003]},"J8s":{"weight":1.0,"played":[0.8182,0.1818],"evs":[0.0,-0.06655]},"J9s":{"weight":1.0,"played":[0.3049,0.6951],"evs":[0.0,0.0422]},"JTs":{"weight":1.0,"played":[0.0028,0.9972],"evs":[0.0,0.41087]},"JJ":{"weight":1.0,"played":[0.0,1.0],"evs":[0.0,2.5104]},"QJo":{"weight":1.0,"played":[0.9917,0.0083],"evs":[0.0,-0.21401]},"KJo":{"weight":1.0,"played":[0.9877,0.0123],"evs":[0.0,-0.24054]},"AJo":{"weight":1.0,"played":[0.989,0.011],"evs":[0.0,-0.19332]},"Q2s":{"weight":1.0,"played":[0.9615,0.0385],"evs":[0.0,-0.38418]},"Q3s":{"weight":1.0,"played":[0.9965,0.0035],"evs":[0.0,-0.5445]},"Q4s":{"weight":1.0,"played":[0.999,0.001],"evs":[0.0,-0.26454]},"Q5s":{"weight":1.0,"played":[0.9998,2.0E-4],"evs":[0.0,-0.24411]},"Q6s":{"weight":1.0,"played":[0.9682,0.0318],"evs":[0.0,-0.23713]},"Q7s":{"weight":1.0,"played":[1.0,0.0],"evs":[0.0,-0.6331]},"Q8s":{"weight":1.0,"played":[0.9979,0.0021],"evs":[0.0,-0.11737]},"Q9s":{"weight":1.0,"played":[0.5916,0.4084],"evs":[0.0,0.09093]},"QTs":{"weight":1.0,"played":[1.0E-4,0.9999],"evs":[0.0,0.38699]},"QJs":{"weight":1.0,"played":[0.0138,0.9862],"evs":[0.0,0.49374]},"QQ":{"weight":1.0,"played":[0.0,1.0],"evs":[0.0,3.87098]},"KQo":{"weight":1.0,"played":[0.5841,0.4159],"evs":[0.0,-0.08511]},"AQo":{"weight":1.0,"played":[0.0012,0.9988],"evs":[0.0,0.29988]},"K2s":{"weight":1.0,"played":[0.9989,0.0011],"evs":[0.0,-0.22026]},"K3s":{"weight":1.0,"played":[1.0,0.0],"evs":[0.0,-0.41359]},"K4s":{"weight":1.0,"played":[0.9261,0.0739],"evs":[0.0,-0.23636]},"K5s":{"weight":1.0,"played":[0.2656,0.7344],"evs":[0.0,0.07092]},"K6s":{"weight":1.0,"played":[0.1385,0.8615],"evs":[0.0,0.26846]},"K7s":{"weight":1.0,"played":[0.7064,0.2936],"evs":[0.0,0.1705]},"K8s":{"weight":1.0,"played":[0.975,0.025],"evs":[0.0,-0.21098]},"K9s":{"weight":1.0,"played":[0.1523,0.8477],"evs":[0.0,0.02251]},"KTs":{"weight":1.0,"played":[3.0E-4,0.9997],"evs":[0.0,0.71152]},"KJs":{"weight":1.0,"played":[0.0076,0.9924],"evs":[0.0,0.53949]},"KQs":{"weight":1.0,"played":[4.0E-4,0.9996],"evs":[0.0,0.68952]},"KK":{"weight":1.0,"played":[0.0,1.0],"evs":[0.0,5.75964]},"AKo":{"weight":1.0,"played":[0.0,1.0],"evs":[0.0,1.24679]},"A2s":{"weight":1.0,"played":[0.9741,0.0259],"evs":[0.0,-0.46993]},"A3s":{"weight":1.0,"played":[0.995,0.005],"evs":[0.0,-0.43744]},"A4s":{"weight":1.0,"played":[0.9998,2.0E-4],"evs":[0.0,-0.41951]},"A5s":{"weight":1.0,"played":[0.997,0.003],"evs":[0.0,-0.25877]},"A6s":{"weight":1.0,"played":[0.9982,0.0018],"evs":[0.0,-0.33854]},"A7s":{"weight":1.0,"played":[0.9786,0.0214],"evs":[0.0,-0.68421]},"A8s":{"weight":1.0,"played":[0.8755,0.1245],"evs":[0.0,-0.29986]},"A9s":{"weight":1.0,"played":[0.7465,0.2535],"evs":[0.0,-0.27193]},"ATs":{"weight":1.0,"played":[0.0105,0.9895],"evs":[0.0,0.28607]},"AJs":{"weight":1.0,"played":[0.3793,0.6207],"evs":[0.0,0.00502]},"AQs":{"weight":1.0,"played":[0.0011,0.9989],"evs":[0.0,1.05926]},"AKs":{"weight":1.0,"played":[1.0E-4,0.9999],"evs":[0.0,1.98739]},"AA":{"weight":1.0,"played":[0.0,1.0],"evs":[0.0,7.54517]}}}