{"player":6,"street":0,"children":2,"sequence":[{"player":0,"type":"F","amount":0,"street":0},{"player":1,"type":"F","amount":0,"street":0},{"player":2,"type":"R","amount":11040000,"street":0},{"player":3,"type":"F","amount":0,"street":0},{"player":4,"type":"F","amount":0,"street":0},{"player":5,"type":"F","amount":0,"street":0}],"actions":[{"type":"F","amount":0},{"type":"C","amount":7840000}],"hands":{"22":{"weight":1.0,"played":[0.0,1.0],"evs":[0.0,1.11742]},"32o":{"weight":1.0,"played":[1.0,0.0],"evs":[0.0,-0.38151]},"42o":{"weight":1.0,"played":[1.0,0.0],"evs":[0.0,-0.32731]},"52o":{"weight":1.0,"played":[1.0,0.0],"evs":[0.0,-0.28564]},"62o":{"weight":1.0,"played":[1.0,0.0],"evs":[0.0,-0.38568]},"72o":{"weight":1.0,"played":[1.0,0.0],"evs":[0.0,-0.50813]},"82o":{"weight":1.0,"played":[1.0,0.0],"evs":[0.0,-0.40608]},"92o":{"weight":1.0,"played":[1.0,0.0],"evs":[0.0,-0.35175]},"T2o":{"weight":1.0,"played":[1.0,0.0],"evs":[0.0,-0.2949]},"J2o":{"weight":1.0,"played":[1.0,0.0],"evs":[0.0,-0.25512]},"Q2o":{"weight":1.0,"played":[1.0,0.0],"evs":[0.0,-0.17587]},"K2o":{"weight":1.0,"played":[1.0,0.0],"evs":[0.0,-0.04818]},"A2o":{"weight":1.0,"played":[0.0,1.0],"evs":[0.0,0.56341]},"32s":{"weight":1.0,"played":[6.0E-4,0.9994],"evs":[0.0,0.02414]},"33":{"weight":1.0,"played":[0.0,1.0],"evs":[0.0,1.20483]},"43o":{"weight":1.0,"played":[1.0,0.0],"evs":[0.0,-0.21376]},"53o":{"weight":1.0,"played":[1.0,0.0],"evs":[0.0,-0.14745]},"63o":{"weight":1.0,"played":[1.0,0.0],"evs":[0.0,-0.26151]},"73o":{"weight":1.0,"played":[1.0,0.0],"evs":[0.0,-0.36946]},"83o":{"weight":1.0,"played":[1.0,0.0],"evs":[0.0,-0.41266]},"93o":{"weight":1.0,"played":[1.0,0.0],"evs":[0.0,-0.3266]},"T3o":{"weight":1.0,"played":[1.0,0.0],"evs":[0.0,-0.25673]},"J3o":{"weight":1.0,"played":[1.0,0.0],"evs":[0.0,-0.23054]},"Q3o":{"weight":1.0,"played":[1.0,0.0],"evs":[0.0,-0.1428]},"K3o":{"weight":1.0,"played":[0.989,0.011],"evs":[0.0,-0.01441]},"A3o":{"weight":1.0,"played":[0.0,1.0],"evs":[0.0,0.59987]},"42s":{"weight":1.0,"played":[7.0E-4,0.9993],"evs":[0.0,0.04654]},"43s":{"weight":1.0,"played":[0.0,1.0],"evs":[0.0,0.17303]},"44":{"weight":1.0,"played":[0.0,1.0],"evs":[0.0,1.28066]},"54o":{"weight":1.0,"played":[0.9267,0.0733],"evs":[0.0,-0.00996]},"64o":{"weight":1.0,"played":[1.0,0.0],"evs":[0.0,-0.11285]},"74o":{"weight":1.0,"played":[1.0,0.0],"evs":[0.0,-0.21957]},"84o":{"weight":1.0,"played":[1.0,0.0],"evs":[0.0,-0.27756]},"94o":{"weight":1.0,"played":[1.0,0.0],"evs":[0.0,-0.31303]},"T4o":{"weight":1.0,"played":[1.0,0.0],"evs":[0.0,-0.22885]},"J4o":{"weight":1.0,"played":[1.0,0.0],"evs":[0.0,-0.19075]},"Q4o":{"weight":1.0,"played":[1.0,0.0],"evs":[0.0,-0.10308]},"K4o":{"weight":1.0,"played":[0.009,0.991],"evs":[0.0,0.00988]},"A4o":{"weight":1.0,"played":[0.0,1.0],"evs":[0.0,0.64164]},"52s":{"weight":1.0,"played":[3.0E-4,0.9997],"evs":[0.0,0.10334]},"53s":{"weight":1.0,"played":[0.0,1.0],"evs":[0.0,0.21554]},"54s":{"weight":1.0,"played":[0.0,1.0],"evs":[0.0,0.36661]},"55":{"weight":1.0,"played":[0.0,1.0],"evs":[0.0,1.43076]},"65o":{"weight":1.0,"played":[2.0E-4,0.9998],"evs":[0.0,0.03985]},"75o":{"weight":1.0,"played":[1.0,0.0],"evs":[0.0,-0.07295]},"85o":{"weight":1.0,"played":[1.0,0.0],"evs":[0.0,-0.11531]},"95o":{"weight":1.0,"played":[1.0,0.0],"evs":[0.0,-0.16327]},"T5o":{"weight":1.0,"played":[1.0,0.0],"evs":[0.0,-0.22295]},"J5o":{"weight":1.0,"played":[1.0,0.0],"evs":[0.0,-0.1459]},"Q5o":{"weight":1.0,"played":[0.9999,1.0E-4],"evs":[0.0,-0.05578]},"K5o":{"weight":1.0,"played":[0.0,1.0],"evs":[0.0,0.05657]},"A5o":{"weight":1.0,"played":[0.0,1.0],"evs":[0.0,0.70293]},"62s":{"weight":1.0,"played":[0.8123,0.1877],"evs":[0.0,-0.00327]},"63s":{"weight":1.0,"played":[0.0,1.0],"evs":[0.0,0.13508]},"64s":{"weight":1.0,"played":[0.0,1.0],"evs":[0.0,0.26233]},"65s":{"weight":1.0,"played":[0.0,1.0],"evs":[0.0,0.40444]},"66":{"weight":1.0,"played":[0.0,1.0],"evs":[0.0,1.63143]},"76o":{"weight":1.0,"played":[0.0,1.0],"evs":[0.0,0.08287]},"86o":{"weight":1.0,"played":[2.0E-4,0.9998],"evs":[0.0,0.03899]},"96o":{"weight":1.0,"played":[0.4803,0.5197],"evs":[0.0,-0.00197]},"T6o":{"weight":1.0,"played":[0.9999,1.0E-4],"evs":[0.0,-0.05058]},"J6o":{"weight":1.0,"played":[1.0,0.0],"evs":[0.0,-0.12265]},"Q6o":{"weight":1.0,"played":[0.9983,0.0017],"evs":[0.0,-0.0093]},"K6o":{"weight":1.0,"played":[0.0,1.0],"evs":[0.0,0.10304]},"A6o":{"weight":1.0,"played":[0.0,1.0],"evs":[0.0,0.65299]},"72s":{"weight":1.0,"played":[1.0,0.0],"evs":[0.0,-0.10745]},"73s":{"weight":1.0,"played":[0.0035,0.9965],"evs":[0.0,0.03174]},"74s":{"weight":1.0,"played":[0.0,1.0],"evs":[0.0,0.16148]},"75s":{"weight":1.0,"played":[0.0,1.0],"evs":[0.0,0.29316]},"76s":{"weight":1.0,"played":[0.0,1.0],"evs":[0.0,0.46048]},"77":{"weight":1.0,"played":[0.0,1.0],"evs":[0.0,1.84384]},"87o":{"weight":1.0,"played":[0.0,1.0],"evs":[0.0,0.131]},"97o":{"weight":1.0,"played":[0.0,1.0],"evs":[0.0,0.07511]},"T7o":{"weight":1.0,"played":[2.0E-4,0.9998],"evs":[0.0,0.04426]},"J7o":{"weight":1.0,"played":[0.999,0.001],"evs":[0.0,-0.02759]},"Q7o":{"weight":1.0,"played":[1.0,0.0],"evs":[0.0,-0.05925]},"K7o":{"weight":1.0,"played":[0.0,1.0],"evs":[0.0,0.09023]},"A7o":{"weight":1.0,"played":[0.0,1.0],"evs":[0.0,0.8254]},"82s":{"weight":1.0,"played":[0.9368,0.0632],"evs":[0.0,-0.0124]},"83s":{"weight":1.0,"played":[0.97,0.03],"evs":[0.0,-0.01175]},"84s":{"weight":1.0,"played":[0.0,1.0],"evs":[0.0,0.13798]},"85s":{"weight":1.0,"played":[0.0,1.0],"evs":[0.0,0.2651]},"86s":{"weight":1.0,"played":[0.0,1.0],"evs":[0.0,0.41007]},"87s":{"weight":1.0,"played":[0.0,1.0],"evs":[0.0,0.49106]},"88":{"weight":1.0,"played":[0.0,1.0],"evs":[0.0,2.15901]},"98o":{"weight":1.0,"played":[0.0,1.0],"evs":[0.0,0.26338]},"T8o":{"weight":1.0,"played":[0.0,1.0],"evs":[0.0,0.22113]},"J8o":{"weight":1.0,"played":[0.0,1.0],"evs":[0.0,0.14961]},"Q8o":{"weight":1.0,"played":[0.0,1.0],"evs":[0.0,0.12864]},"K8o":{"weight":1.0,"played":[0.0,1.0],"evs":[0.0,0.13494]},"A8o":{"weight":1.0,"played":[0.0,1.0],"evs":[0.0,1.09908]},"92s":{"weight":1.0,"played":[2.0E-4,0.9998],"evs":[0.0,0.06052]},"93s":{"weight":1.0,"played":[2.0E-4,0.9998],"evs":[0.0,0.06715]},"94s":{"weight":1.0,"played":[2.0E-4,0.9998],"evs":[0.0,0.08017]},"95s":{"weight":1.0,"played":[0.0,1.0],"evs":[0.0,0.21884]},"96s":{"weight":1.0,"played":[0.0,1.0],"evs":[0.0,0.35441]},"97s":{"weight":1.0,"played":[0.0,1.0],"evs":[0.0,0.43568]},"98s":{"weight":1.0,"played":[0.0,1.0],"evs":[0.0,0.6036]},"99":{"weight":1.0,"played":[0.0,1.0],"evs":[0.0,2.44796]},"T9o":{"weight":1.0,"played":[0.0,1.0],"evs":[0.0,0.39265]},"J9o":{"weight":1.0,"played":[0.0,1.0],"evs":[0.0,0.31532]},"Q9o":{"weight":1.0,"played":[0.0,1.0],"evs":[0.0,0.29589]},"K9o":{"weight":1.0,"played":[0.0,1.0],"evs":[0.0,0.29246]},"A9o":{"weight":1.0,"played":[0.0,1.0],"evs":[0.0,1.42142]},"T2s":{"weight":1.0,"played":[3.0E-4,0.9997],"evs":[0.0,0.10052]},"T3s":{"weight":1.0,"played":[3.0E-4,0.9997],"evs":[0.0,0.13224]},"T4s":{"weight":1.0,"played":[0.0,1.0],"evs":[0.0,0.16172]},"T5s":{"weight":1.0,"played":[0.0,1.0],"evs":[0.0,0.17341]},"T6s":{"weight":1.0,"played":[0.0,1.0],"evs":[0.0,0.32493]},"T7s":{"weight":1.0,"played":[0.0,1.0],"evs":[0.0,0.41676]},"T8s":{"weight":1.0,"played":[0.0,1.0],"evs":[0.0,0.58447]},"T9s":{"weight":1.0,"played":[0.0,1.0],"evs":[0.0,0.74575]},"TT":{"weight":1.0,"played":[0.0,1.0],"evs":[0.0,2.86304]},"JTo":{"weight":1.0,"played":[0.0,1.0],"evs":[0.0,0.53416]},"QTo":{"weight":1.0,"played":[0.0,1.0],"evs":[0.0,0.53583]},"KTo":{"weight":1.0,"played":[0.0,1.0],"evs":[0.0,0.57032]},"ATo":{"weight":1.0,"played":[0.0,1.0],"evs":[0.0,1.95793]},"J2s":{"weight":1.0,"played":[0.0,1.0],"evs":[0.0,0.11697]},"J3s":{"weight":1.0,"played":[0.0,1.0],"evs":[0.0,0.15818]},"J4s":{"weight":1.0,"played":[0.0,1.0],"evs":[0.0,0.19824]},"J5s":{"weight":1.0,"played":[0.0,1.0],"evs":[0.0,0.23836]},"J6s":{"weight":1.0,"played":[0.0,1.0],"evs":[0.0,0.25817]},"J7s":{"weight":1.0,"played":[0.0,1.0],"evs":[0.0,0.33588]},"J8s":{"weight":1.0,"played":[0.0,1.0],"evs":[0.0,0.51028]},"J9s":{"weight":1.0,"played":[0.0,1.0],"evs":[0.0,0.6721]},"JTs":{"weight":1.0,"played":[0.0,1.0],"evs":[0.0,0.8799]},"JJ":{"weight":1.0,"played":[0.0,1.0],"evs":[0.0,3.25341]},"QJo":{"weight":1.0,"played":[0.0,1.0],"evs":[0.0,0.62211]},"KJo":{"weight":1.0,"played":[0.0,1.0],"evs":[0.0,0.78235]},"AJo":{"weight":1.0,"played":[0.0,1.0],"evs":[0.0,2.40877]},"Q2s":{"weight":1.0,"played":[0.0,1.0],"evs":[0.0,0.22459]},"Q3s":{"weight":1.0,"played":[0.0,1.0],"evs":[0.0,0.25429]},"Q4s":{"weight":1.0,"played":[0.0,1.0],"evs":[0.0,0.27819]},"Q5s":{"weight":1.0,"played":[0.0,1.0],"evs":[0.0,0.32649]},"Q6s":{"weight":1.0,"played":[0.0,1.0],"evs":[0.0,0.36235]},"Q7s":{"weight":1.0,"played":[0.0,1.0],"evs":[0.0,0.32334]},"Q8s":{"weight":1.0,"played":[0.0,1.0],"evs":[0.0,0.47872]},"Q9s":{"weight":1.0,"played":[0.0,1.0],"evs":[0.0,0.63534]},"QTs":{"weight":1.0,"played":[0.0,1.0],"evs":[0.0,0.86862]},"QJs":{"weight":1.0,"played":[0.0,1.0],"evs":[0.0,0.95728]},"QQ":{"weight":1.0,"played":[0.0,1.0],"evs":[0.0,3.68737]},"KQo":{"weight":1.0,"played":[0.0,1.0],"evs":[0.0,1.11973]},"AQo":{"weight":1.0,"played":[0.0,1.0],"evs":[0.0,2.85517]},"K2s":{"weight":1.0,"played":[0.0,1.0],"evs":[0.0,0.32161]},"K3s":{"weight":1.0,"played":[0.0,1.0],"evs":[0.0,0.35607]},"K4s":{"weight":1.0,"played":[0.0,1.0],"evs":[0.0,0.39551]},"K5s":{"weight":1.0,"played":[0.0,1.0],"evs":[0.0,0.42865]},"K6s":{"weight":1.0,"played":[0.0,1.0],"evs":[0.0,0.47118]},"K7s":{"weight":1.0,"played":[0.0,1.0],"evs":[0.0,0.45269]},"K8s":{"weight":1.0,"played":[0.0,1.0],"evs":[0.0,0.49276]},"K9s":{"weight":1.0,"played":[0.0,1.0],"evs":[0.0,0.65696]},"KTs":{"weight":1.0,"played":[0.0,1.0],"evs":[0.0,0.92744]},"KJs":{"weight":1.0,"played":[0.0,1.0],"evs":[0.0,1.10255]},"KQs":{"weight":1.0,"played":[0.0,1.0],"evs":[0.0,1.42403]},"KK":{"weight":1.0,"played":[0.0,1.0],"evs":[0.0,4.17317]},"AKo":{"weight":1.0,"played":[0.0,1.0],"evs":[0.0,3.33056]},"A2s":{"weight":1.0,"played":[0.0,1.0],"evs":[0.0,0.91922]},"A3s":{"weight":1.0,"played":[0.0,1.0],"evs":[0.0,0.97013]},"A4s":{"weight":1.0,"played":[0.0,1.0],"evs":[0.0,0.98391]},"A5s":{"weight":1.0,"played":[0.0,1.0],"evs":[0.0,1.0542]},"A6s":{"weight":1.0,"played":[0.0,1.0],"evs":[0.0,1.02432]},"A7s":{"weight":1.0,"played":[0.0,1.0],"evs":[0.0,1.15584]},"A8s":{"weight":1.0,"played":[0.0,1.0],"evs":[0.0,1.4259]},"A9s":{"weight":1.0,"played":[0.0,1.0],"evs":[0.0,1.74859]},"ATs":{"weight":1.0,"played":[0.0,1.0],"evs":[0.0,2.21126]},"AJs":{"weight":1.0,"played":[0.0,1.0],"evs":[0.0,2.6193]},"AQs":{"weight":1.0,"played":[0.0,1.0],"evs":[0.0,3.0321]},"AKs":{"weight":1.0,"played":[0.0,1.0],"evs":[0.0,3.50063]},"AA":{"weight":1.0,"played":[0.0,1.0],"evs":[0.0,5.71223]}}}