{"player":6,"street":0,"children":2,"sequence":[{"player":0,"type":"R","amount":14240000,"street":0},{"player":1,"type":"C","amount":7840000,"street":0},{"player":2,"type":"F","amount":0,"street":0},{"player":3,"type":"C","amount":14240000,"street":0},{"player":4,"type":"R","amount":35040000,"street":0},{"player":5,"type":"C","amount":11360000,"street":0}],"actions":[{"type":"F","amount":0,"node":206},{"type":"C","amount":19040000,"node":207}],"hands":{"22":{"weight":1.0,"played":[0.8665,0.1335],"evs":[0.0,-6.12663]},"32o":{"weight":1.0,"played":[0.9438,0.0562],"evs":[0.0,-8.11666]},"42o":{"weight":1.0,"played":[0.8985,0.1015],"evs":[0.0,-7.69187]},"52o":{"weight":1.0,"played":[0.9961,0.0039],"evs":[0.0,-8.43733]},"62o":{"weight":1.0,"played":[0.8405,0.1595],"evs":[0.0,-8.57658]},"72o":{"weight":1.0,"played":[0.9088,0.0912],"evs":[0.0,-6.90563]},"82o":{"weight":1.0,"played":[1.0,0.0],"evs":[0.0,-8.47543]},"92o":{"weight":1.0,"played":[1.0,0.0],"evs":[0.0,-8.13481]},"T2o":{"weight":1.0,"played":[0.846,0.154],"evs":[0.0,-6.88991]},"J2o":{"weight":1.0,"played":[0.9995,5.0E-4],"evs":[0.0,-7.83277]},"Q2o":{"weight":1.0,"played":[0.8853,0.1147],"evs":[0.0,-5.64491]},"K2o":{"weight":1.0,"played":[0.8157,0.1843],"evs":[0.0,-7.30931]},"A2o":{"weight":1.0,"played":[1.0,0.0],"evs":[0.0,-4.60322]},"32s":{"weight":1.0,"played":[0.875,0.125],"evs":[0.0,-6.91852]},"33":{"weight":1.0,"played":[0.0,1.0],"evs":[0.0,-3.04049]},"43o":{"weight":1.0,"played":[0.7004,0.2996],"evs":[0.0,-5.12273]},"53o":{"weight":1.0,"played":[0.7281,0.2719],"evs":[0.0,-2.77777]},"63o":{"weight":1.0,"played":[0.9071,0.0929],"evs":[0.0,-3.56316]},"73o":{"weight":1.0,"played":[1.0,0.0],"evs":[0.0,-7.33731]},"83o":{"weight":1.0,"played":[0.3916,0.6084],"evs":[0.0,-0.60668]},"93o":{"weight":1.0,"played":[0.9935,0.0065],"evs":[0.0,-5.86224]},"T3o":{"weight":1.0,"played":[1.0,0.0],"evs":[0.0,-6.45585]},"J3o":{"weight":1.0,"played":[1.0,0.0],"evs":[0.0,-8.0723]},"Q3o":{"weight":1.0,"played":[0.727,0.273],"evs":[0.0,-3.08943]},"K3o":{"weight":1.0,"played":[0.5721,0.4279],"evs":[0.0,-3.99351]},"A3o":{"weight":1.0,"played":[0.2527,0.7473],"evs":[0.0,-1.67171]},"42s":{"weight":1.0,"played":[0.4593,0.5407],"evs":[0.0,-6.44434]},"43s":{"weight":1.0,"played":[0.6166,0.3834],"evs":[0.0,-7.51093]},"44":{"weight":1.0,"played":[0.5,0.5],"evs":[0.0,-7.51093]},"54o":{"weight":1.0,"played":[0.5198,0.4802],"evs":[0.0,-2.72821]},"64o":{"weight":1.0,"played":[1.0,0.0],"evs":[0.0,-7.14004]},"74o":{"weight":1.0,"played":[0.8288,0.1712],"evs":[0.0,-8.14067]},"84o":{"weight":1.0,"played":[0.9283,0.0717],"evs":[0.0,-1.56861]},"94o":{"weight":1.0,"played":[0.8281,0.1719],"evs":[0.0,-5.16004]},"T4o":{"weight":1.0,"played":[1.0,0.0],"evs":[0.0,-6.48454]},"J4o":{"weight":1.0,"played":[0.9734,0.0266],"evs":[0.0,-8.21552]},"Q4o":{"weight":1.0,"played":[1.0,0.0],"evs":[0.0,-6.15942]},"K4o":{"weight":1.0,"played":[0.9258,0.0742],"evs":[0.0,-2.46355]},"A4o":{"weight":1.0,"played":[0.6574,0.3426],"evs":[0.0,-5.27747]},"52s":{"weight":1.0,"played":[0.8123,0.1877],"evs":[0.0,-8.21135]},"53s":{"weight":1.0,"played":[0.1409,0.8591],"evs":[0.0,9.3924]},"54s":{"weight":1.0,"played":[0.1994,0.8006],"evs":[0.0,2.07927]},"55":{"weight":1.0,"played":[0.5,0.5],"evs":[0.0,-7.64093]},"65o":{"weight":1.0,"played":[0.7377,0.2623],"evs":[0.0,-6.24377]},"75o":{"weight":1.0,"played":[0.3479,0.6521],"evs":[0.0,4.82888]},"85o":{"weight":1.0,"played":[0.5041,0.4959],"evs":[0.0,-2.61988]},"95o":{"weight":1.0,"played":[0.8975,0.1025],"evs":[0.0,-6.25861]},"T5o":{"weight":1.0,"played":[0.2742,0.7258],"evs":[0.0,12.27861]},"J5o":{"weight":1.0,"played":[0.9682,0.0318],"evs":[0.0,0.66658]},"Q5o":{"weight":1.0,"played":[0.954,0.046],"evs":[0.0,-7.28635]},"K5o":{"weight":1.0,"played":[1.0,0.0],"evs":[0.0,-5.60846]},"A5o":{"weight":1.0,"played":[0.0812,0.9188],"evs":[0.0,-5.48372]},"62s":{"weight":1.0,"played":[0.7671,0.2329],"evs":[0.0,-5.25931]},"63s":{"weight":1.0,"played":[0.8082,0.1918],"evs":[0.0,-1.66639]},"64s":{"weight":1.0,"played":[1.0,0.0],"evs":[0.0,-6.62378]},"65s":{"weight":1.0,"played":[0.5,0.5],"evs":[0.0,0.0]},"66":{"weight":1.0,"played":[0.2808,0.7192],"evs":[0.0,0.42043]},"76o":{"weight":1.0,"played":[1.0,0.0],"evs":[0.0,-9.55996]},"86o":{"weight":1.0,"played":[0.462,0.538],"evs":[0.0,-2.11104]},"96o":{"weight":1.0,"played":[1.0,0.0],"evs":[0.0,-7.27094]},"T6o":{"weight":1.0,"played":[1.0,0.0],"evs":[0.0,-2.20386]},"J6o":{"weight":1.0,"played":[1.0,0.0],"evs":[0.0,-8.11304]},"Q6o":{"weight":1.0,"played":[0.8318,0.1682],"evs":[0.0,-9.40712]},"K6o":{"weight":1.0,"played":[0.5962,0.4038],"evs":[0.0,1.69275]},"A6o":{"weight":1.0,"played":[1.0,0.0],"evs":[0.0,-1.10532]},"72s":{"weight":1.0,"played":[1.0,0.0],"evs":[0.0,5.49361]},"73s":{"weight":1.0,"played":[0.9132,0.0868],"evs":[0.0,-8.49307]},"74s":{"weight":1.0,"played":[0.5648,0.4352],"evs":[0.0,-8.67603]},"75s":{"weight":1.0,"played":[0.133,0.867],"evs":[0.0,0.32439]},"76s":{"weight":1.0,"played":[0.5,0.5],"evs":[0.0,0.0]},"77":{"weight":1.0,"played":[0.0568,0.9432],"evs":[0.0,3.49186]},"87o":{"weight":1.0,"played":[0.755,0.245],"evs":[0.0,0.02401]},"97o":{"weight":1.0,"played":[0.0,1.0],"evs":[0.0,2.44349]},"T7o":{"weight":1.0,"played":[0.984,0.016],"evs":[0.0,-7.81923]},"J7o":{"weight":1.0,"played":[1.0,0.0],"evs":[0.0,-6.76544]},"Q7o":{"weight":1.0,"played":[0.6646,0.3354],"evs":[0.0,-5.74454]},"K7o":{"weight":1.0,"played":[1.0,0.0],"evs":[0.0,-4.23639]},"A7o":{"weight":1.0,"played":[0.6055,0.3945],"evs":[0.0,-3.61598]},"82s":{"weight":1.0,"played":[0.3006,0.6994],"evs":[0.0,-3.4511]},"83s":{"weight":1.0,"played":[1.0,0.0],"evs":[0.0,-7.79038]},"84s":{"weight":1.0,"played":[0.826,0.174],"evs":[0.0,-7.61796]},"85s":{"weight":1.0,"played":[0.9565,0.0435],"evs":[0.0,-7.87894]},"86s":{"weight":1.0,"played":[0.874,0.126],"evs":[0.0,-7.52704]},"87s":{"weight":1.0,"played":[1.0,0.0],"evs":[0.0,-7.03249]},"88":{"weight":1.0,"played":[1.0,0.0],"evs":[0.0,-7.93424]},"98o":{"weight":1.0,"played":[0.5815,0.4185],"evs":[0.0,1.78732]},"T8o":{"weight":1.0,"played":[0.984,0.016],"evs":[0.0,-7.33819]},"J8o":{"weight":1.0,"played":[0.6553,0.3447],"evs":[0.0,1.82691]},"Q8o":{"weight":1.0,"played":[0.9407,0.0593],"evs":[0.0,-5.50994]},"K8o":{"weight":1.0,"played":[0.9346,0.0654],"evs":[0.0,-7.0085]},"A8o":{"weight":1.0,"played":[0.2122,0.7878],"evs":[0.0,-5.564]},"92s":{"weight":1.0,"played":[1.0,0.0],"evs":[0.0,-8.04378]},"93s":{"weight":1.0,"played":[0.5125,0.4875],"evs":[0.0,-3.72524]},"94s":{"weight":1.0,"played":[0.8535,0.1465],"evs":[0.0,-2.62769]},"95s":{"weight":1.0,"played":[0.5,0.5],"evs":[0.0,0.0]},"96s":{"weight":1.0,"played":[0.5,0.5],"evs":[0.0,-7.57485]},"97s":{"weight":1.0,"played":[0.5965,0.4035],"evs":[0.0,1.94163]},"98s":{"weight":1.0,"played":[0.6656,0.3344],"evs":[0.0,-0.47743]},"99":{"weight":1.0,"played":[0.8257,0.1743],"evs":[0.0,-5.04108]},"T9o":{"weight":1.0,"played":[0.7985,0.2015],"evs":[0.0,-6.58852]},"J9o":{"weight":1.0,"played":[0.9839,0.0161],"evs":[0.0,-7.92783]},"Q9o":{"weight":1.0,"played":[1.0,0.0],"evs":[0.0,-8.06078]},"K9o":{"weight":1.0,"played":[1.0,0.0],"evs":[0.0,-3.4747]},"A9o":{"weight":1.0,"played":[0.9374,0.0626],"evs":[0.0,-8.02154]},"T2s":{"weight":1.0,"played":[0.5,0.5],"evs":[0.0,-7.51093]},"T3s":{"weight":1.0,"played":[0.8266,0.1734],"evs":[0.0,-7.3065]},"T4s":{"weight":1.0,"played":[0.067,0.933],"evs":[0.0,-0.77843]},"T5s":{"weight":1.0,"played":[0.6,0.4],"evs":[0.0,1.2741]},"T6s":{"weight":1.0,"played":[0.7718,0.2282],"evs":[0.0,-7.04251]},"T7s":{"weight":1.0,"played":[0.917,0.083],"evs":[0.0,-1.89722]},"T8s":{"weight":1.0,"played":[1.0,0.0],"evs":[0.0,-7.33428]},"T9s":{"weight":1.0,"played":[1.0,0.0],"evs":[0.0,-9.21796]},"TT":{"weight":1.0,"played":[0.0,1.0],"evs":[0.0,-7.51093]},"JTo":{"weight":1.0,"played":[0.4175,0.5825],"evs":[0.0,-1.17892]},"QTo":{"weight":1.0,"played":[0.2815,0.7185],"evs":[0.0,2.17906]},"KTo":{"weight":1.0,"played":[0.7154,0.2846],"evs":[0.0,-6.06705]},"ATo":{"weight":1.0,"played":[0.2086,0.7914],"evs":[0.0,-1.74122]},"J2s":{"weight":1.0,"played":[0.9313,0.0687],"evs":[0.0,-8.12297]},"J3s":{"weight":1.0,"played":[0.9969,0.0031],"evs":[0.0,-5.70436]},"J4s":{"weight":1.0,"played":[1.0,0.0],"evs":[0.0,-8.48555]},"J5s":{"weight":1.0,"played":[0.5,0.5],"evs":[0.0,15.72599]},"J6s":{"weight":1.0,"played":[0.1532,0.8468],"evs":[0.0,-0.39956]},"J7s":{"weight":1.0,"played":[1.0,0.0],"evs":[0.0,-5.21166]},"J8s":{"weight":1.0,"played":[0.5,0.5],"evs":[0.0,1.92334]},"J9s":{"weight":1.0,"played":[0.5,0.5],"evs":[0.0,0.0]},"JTs":{"weight":1.0,"played":[0.25,0.75],"evs":[0.0,-4.00301]},"JJ":{"weight":1.0,"played":[1.0,0.0],"evs":[0.0,-8.29471]},"QJo":{"weight":1.0,"played":[0.9888,0.0112],"evs":[0.0,-8.48964]},"KJo":{"weight":1.0,"played":[0.2299,0.7701],"evs":[0.0,-5.93158]},"AJo":{"weight":1.0,"played":[0.7974,0.2026],"evs":[0.0,-5.68816]},"Q2s":{"weight":1.0,"played":[0.5,0.5],"evs":[0.0,-7.46299]},"Q3s":{"weight":1.0,"played":[0.8214,0.1786],"evs":[0.0,-8.01543]},"Q4s":{"weight":1.0,"played":[0.9913,0.0087],"evs":[0.0,-7.70501]},"Q5s":{"weight":1.0,"played":[0.7412,0.2588],"evs":[0.0,-4.95383]},"Q6s":{"weight":1.0,"played":[0.8963,0.1037],"evs":[0.0,-7.63282]},"Q7s":{"weight":1.0,"played":[0.8673,0.1327],"evs":[0.0,-8.37174]},"Q8s":{"weight":1.0,"played":[0.9007,0.0993],"evs":[0.0,-7.85252]},"Q9s":{"weight":1.0,"played":[0.116,0.884],"evs":[0.0,4.79722]},"QTs":{"weight":1.0,"played":[1.0,0.0],"evs":[0.0,20.16705]},"QJs":{"weight":1.0,"played":[1.0,0.0],"evs":[0.0,-7.18811]},"QQ":{"weight":1.0,"played":[0.5,0.5],"evs":[0.0,19.15195]},"KQo":{"weight":1.0,"played":[0.9819,0.0181],"evs":[0.0,-7.93362]},"AQo":{"weight":1.0,"played":[1.0,0.0],"evs":[0.0,-7.20637]},"K2s":{"weight":1.0,"played":[0.5,0.5],"evs":[0.0,19.25508]},"K3s":{"weight":1.0,"played":[0.5,0.5],"evs":[0.0,17.68984]},"K4s":{"weight":1.0,"played":[1.0,0.0],"evs":[0.0,10.24766]},"K5s":{"weight":1.0,"played":[0.7739,0.2261],"evs":[0.0,-8.67474]},"K6s":{"weight":1.0,"played":[0.5,0.5],"evs":[0.0,1.2741]},"K7s":{"weight":1.0,"played":[0.8254,0.1746],"evs":[0.0,-8.0271]},"K8s":{"weight":1.0,"played":[0.5,0.5],"evs":[0.0,-8.22046]},"K9s":{"weight":1.0,"played":[0.9347,0.0653],"evs":[0.0,-7.9608]},"KTs":{"weight":1.0,"played":[0.8031,0.1969],"evs":[0.0,-7.78539]},"KJs":{"weight":1.0,"played":[0.5,0.5],"evs":[0.0,-1.69696]},"KQs":{"weight":1.0,"played":[0.5,0.5],"evs":[0.0,18.71623]},"KK":{"weight":1.0,"played":[0.0,1.0],"evs":[0.0,-6.48454]},"AKo":{"weight":1.0,"played":[1.0,0.0],"evs":[0.0,-7.57017]},"A2s":{"weight":1.0,"played":[1.0,0.0],"evs":[0.0,-7.64761]},"A3s":{"weight":1.0,"played":[0.5309,0.4691],"evs":[0.0,-5.65818]},"A4s":{"weight":1.0,"played":[0.8908,0.1092],"evs":[0.0,-7.56089]},"A5s":{"weight":1.0,"played":[0.5,0.5],"evs":[0.0,0.0]},"A6s":{"weight":1.0,"played":[0.411,0.589],"evs":[0.0,-1.42428]},"A7s":{"weight":1.0,"played":[0.5,0.5],"evs":[0.0,7.28732]},"A8s":{"weight":1.0,"played":[1.0,0.0],"evs":[0.0,-8.09872]},"A9s":{"weight":1.0,"played":[0.5,0.5],"evs":[0.0,9.10526]},"ATs":{"weight":1.0,"played":[0.3395,0.6605],"evs":[0.0,3.80197]},"AJs":{"weight":1.0,"played":[0.5,0.5],"evs":[0.0,0.0]},"AQs":{"weight":1.0,"played":[1.0,0.0],"evs":[0.0,-9.67569]},"AKs":{"weight":1.0,"played":[0.014,0.986],"evs":[0.0,17.53103]},"AA":{"weight":1.0,"played":[0.5,0.5],"evs":[0.0,20.13576]}}}