{"player":3,"street":0,"children":2,"sequence":[{"player":0,"type":"R","amount":14240000,"street":0},{"player":1,"type":"C","amount":7840000,"street":0},{"player":2,"type":"F","amount":0,"street":0},{"player":3,"type":"C","amount":14240000,"street":0},{"player":4,"type":"R","amount":35040000,"street":0},{"player":5,"type":"C","amount":11360000,"street":0},{"player":6,"type":"C","amount":19040000,"street":0}],"actions":[{"type":"F","amount":0},{"type":"C","amount":20800000}],"hands":{"22":{"weight":0.0,"played":[0.5038,0.4962],"evs":[0.0,3.65581]},"32o":{"weight":0.0,"played":[0.3409,0.6591],"evs":[0.0,0.38208]},"42o":{"weight":0.0,"played":[0.2392,0.7608],"evs":[0.0,2.81369]},"52o":{"weight":0.0,"played":[0.712,0.288],"evs":[0.0,-1.6612]},"62o":{"weight":0.0,"played":[0.8968,0.1032],"evs":[0.0,-3.77091]},"72o":{"weight":0.0,"played":[0.9785,0.0215],"evs":[0.0,-4.28364]},"82o":{"weight":0.0,"played":[0.9423,0.0577],"evs":[0.0,-2.30758]},"92o":{"weight":0.0,"played":[0.6993,0.3007],"evs":[0.0,-3.39445]},"T2o":{"weight":0.0,"played":[0.8724,0.1276],"evs":[0.0,2.11978]},"J2o":{"weight":0.0,"played":[0.8768,0.1232],"evs":[0.0,-2.61305]},"Q2o":{"weight":0.0,"played":[0.6068,0.3932],"evs":[0.0,-3.60127]},"K2o":{"weight":0.0,"played":[0.7432,0.2568],"evs":[0.0,-3.43494]},"A2o":{"weight":0.0,"played":[0.9233,0.0767],"evs":[0.0,-4.93916]},"32s":{"weight":0.0,"played":[0.3454,0.6546],"evs":[0.0,-1.24952]},"33":{"weight":0.0,"played":[0.7707,0.2293],"evs":[0.0,0.38707]},"43o":{"weight":0.0,"played":[0.3396,0.6604],"evs":[0.0,3.96728]},"53o":{"weight":0.0,"played":[0.3694,0.6306],"evs":[0.0,-0.5574]},"63o":{"weight":0.0,"played":[0.3999,0.6001],"evs":[0.0,4.95511]},"73o":{"weight":0.0,"played":[0.9999,1.0E-4],"evs":[0.0,-4.15135]},"83o":{"weight":0.0,"played":[0.2737,0.7263],"evs":[0.0,-0.55708]},"93o":{"weight":0.0,"played":[0.3244,0.6756],"evs":[0.0,-1.68623]},"T3o":{"weight":0.0,"played":[0.1094,0.8906],"evs":[0.0,-0.79128]},"J3o":{"weight":0.0,"played":[0.4107,0.5893],"evs":[0.0,2.67517]},"Q3o":{"weight":0.0,"played":[0.9948,0.0052],"evs":[0.0,-4.95067]},"K3o":{"weight":0.0,"played":[0.9993,7.0E-4],"evs":[0.0,-4.68344]},"A3o":{"weight":0.0,"played":[0.9827,0.0173],"evs":[0.0,-2.69833]},"42s":{"weight":0.0,"played":[0.6471,0.3529],"evs":[0.0,-5.75753]},"43s":{"weight":0.0,"played":[0.3422,0.6578],"evs":[0.0,-1.2043]},"44":{"weight":1.0E-4,"played":[0.3432,0.6568],"evs":[0.0,1.55602]},"54o":{"weight":0.0,"played":[0.6871,0.3129],"evs":[0.0,-0.97422]},"64o":{"weight":0.0,"played":[0.1623,0.8377],"evs":[0.0,4.33471]},"74o":{"weight":0.0,"played":[0.9455,0.0545],"evs":[0.0,-1.875]},"84o":{"weight":0.0,"played":[0.5475,0.4525],"evs":[0.0,0.05414]},"94o":{"weight":0.0,"played":[0.548,0.452],"evs":[0.0,-0.72265]},"T4o":{"weight":0.0,"played":[0.6691,0.3309],"evs":[0.0,-1.20092]},"J4o":{"weight":0.0,"played":[0.4519,0.5481],"evs":[0.0,0.48138]},"Q4o":{"weight":0.0,"played":[0.5099,0.4901],"evs":[0.0,3.31677]},"K4o":{"weight":0.0,"played":[0.7603,0.2397],"evs":[0.0,0.83924]},"A4o":{"weight":0.0,"played":[0.7253,0.2747],"evs":[0.0,-0.28495]},"52s":{"weight":0.0,"played":[0.7391,0.2609],"evs":[0.0,-0.27366]},"53s":{"weight":0.0,"played":[1.0,0.0],"evs":[0.0,6.19617]},"54s":{"weight":0.0,"played":[0.4116,0.5884],"evs":[0.0,5.60088]},"55":{"weight":0.6866,"played":[0.8928,0.1072],"evs":[0.0,-4.40864]},"65o":{"weight":0.0,"played":[0.242,0.758],"evs":[0.0,0.34975]},"75o":{"weight":0.0,"played":[0.6274,0.3726],"evs":[0.0,4.51709]},"85o":{"weight":0.0,"played":[0.8834,0.1166],"evs":[0.0,-3.1743]},"95o":{"weight":0.0,"played":[0.7955,0.2045],"evs":[0.0,-0.55612]},"T5o":{"weight":0.0,"played":[0.5758,0.4242],"evs":[0.0,1.76234]},"J5o":{"weight":0.0,"played":[0.4621,0.5379],"evs":[0.0,-2.07352]},"Q5o":{"weight":0.0,"played":[0.9951,0.0049],"evs":[0.0,-1.56428]},"K5o":{"weight":0.0,"played":[0.5346,0.4654],"evs":[0.0,-0.80325]},"A5o":{"weight":0.0,"played":[0.2192,0.7808],"evs":[0.0,1.17939]},"62s":{"weight":0.0,"played":[0.212,0.788],"evs":[0.0,5.51928]},"63s":{"weight":0.0,"played":[0.6666,0.3334],"evs":[0.0,-2.33152]},"64s":{"weight":0.0,"played":[0.3878,0.6122],"evs":[0.0,-2.4856]},"65s":{"weight":0.0,"played":[0.6694,0.3306],"evs":[0.0,-1.00232]},"66":{"weight":0.432,"played":[0.5965,0.4035],"evs":[0.0,0.36637]},"76o":{"weight":0.0,"played":[0.4619,0.5381],"evs":[0.0,9.33831]},"86o":{"weight":0.0,"played":[0.6294,0.3706],"evs":[0.0,-1.57505]},"96o":{"weight":0.0,"played":[0.6842,0.3158],"evs":[0.0,-1.68147]},"T6o":{"weight":0.0,"played":[0.6319,0.3681],"evs":[0.0,4.74555]},"J6o":{"weight":0.0,"played":[0.5151,0.4849],"evs":[0.0,-1.69454]},"Q6o":{"weight":0.0,"played":[0.5933,0.4067],"evs":[0.0,0.34823]},"K6o":{"weight":0.0,"played":[5.0E-4,0.9995],"evs":[0.0,1.99864]},"A6o":{"weight":0.0,"played":[0.7575,0.2425],"evs":[0.0,-3.67655]},"72s":{"weight":0.0,"played":[0.3733,0.6267],"evs":[0.0,-4.45201]},"73s":{"weight":0.0,"played":[0.6847,0.3153],"evs":[0.0,-2.16535]},"74s":{"weight":0.0,"played":[0.7121,0.2879],"evs":[0.0,-4.47472]},"75s":{"weight":0.0,"played":[0.9979,0.0021],"evs":[0.0,-5.12893]},"76s":{"weight":0.0,"played":[0.0,1.0],"evs":[0.0,-3.93289]},"77":{"weight":0.9896,"played":[0.2744,0.7256],"evs":[0.0,0.14169]},"87o":{"weight":0.0,"played":[0.1038,0.8962],"evs":[0.0,-0.66446]},"97o":{"weight":0.0,"played":[0.2161,0.7839],"evs":[0.0,-0.15364]},"T7o":{"weight":0.0,"played":[0.9724,0.0276],"evs":[0.0,-5.19367]},"J7o":{"weight":0.0,"played":[0.6091,0.3909],"evs":[0.0,-3.42654]},"Q7o":{"weight":0.0,"played":[0.9932,0.0068],"evs":[0.0,-5.18704]},"K7o":{"weight":0.0,"played":[0.5572,0.4428],"evs":[0.0,-2.68189]},"A7o":{"weight":0.0,"played":[0.0444,0.9556],"evs":[0.0,0.23991]},"82s":{"weight":0.0,"played":[0.5374,0.4626],"evs":[0.0,4.90229]},"83s":{"weight":0.0,"played":[0.621,0.379],"evs":[0.0,-3.54577]},"84s":{"weight":0.0,"played":[0.5208,0.4792],"evs":[0.0,3.46047]},"85s":{"weight":0.0,"played":[0.3347,0.6653],"evs":[0.0,-0.24364]},"86s":{"weight":0.0,"played":[0.8297,0.1703],"evs":[0.0,-4.16854]},"87s":{"weight":0.0,"played":[0.0065,0.9935],"evs":[0.0,-1.54847]},"88":{"weight":0.5032,"played":[0.9525,0.0475],"evs":[0.0,-4.96505]},"98o":{"weight":0.0,"played":[0.668,0.332],"evs":[0.0,-3.19683]},"T8o":{"weight":0.0,"played":[0.332,0.668],"evs":[0.0,0.52855]},"J8o":{"weight":0.0,"played":[0.4591,0.5409],"evs":[0.0,-0.98263]},"Q8o":{"weight":0.0,"played":[0.1949,0.8051],"evs":[0.0,-0.79285]},"K8o":{"weight":0.0,"played":[0.6373,0.3627],"evs":[0.0,1.38178]},"A8o":{"weight":0.0,"played":[0.808,0.192],"evs":[0.0,-2.34305]},"92s":{"weight":0.0,"played":[0.7676,0.2324],"evs":[0.0,2.02239]},"93s":{"weight":0.0,"played":[0.3734,0.6266],"evs":[0.0,-0.16804]},"94s":{"weight":0.0,"played":[0.0,1.0],"evs":[0.0,8.26501]},"95s":{"weight":0.0,"played":[1.0,0.0],"evs":[0.0,-5.53694]},"96s":{"weight":0.0,"played":[0.9421,0.0579],"evs":[0.0,-5.14682]},"97s":{"weight":0.0,"played":[0.5414,0.4586],"evs":[0.0,13.47381]},"98s":{"weight":0.0,"played":[0.8609,0.1391],"evs":[0.0,-3.93289]},"99":{"weight":0.546,"played":[0.0124,0.9876],"evs":[0.0,7.23137]},"T9o":{"weight":0.0,"played":[0.9428,0.0572],"evs":[0.0,-4.0058]},"J9o":{"weight":0.0,"played":[0.4821,0.5179],"evs":[0.0,-1.54901]},"Q9o":{"weight":0.0,"played":[0.6507,0.3493],"evs":[0.0,-0.46009]},"K9o":{"weight":0.0,"played":[0.6431,0.3569],"evs":[0.0,-4.69844]},"A9o":{"weight":0.0,"played":[0.9689,0.0311],"evs":[0.0,-3.1153]},"T2s":{"weight":0.0,"played":[0.2064,0.7936],"evs":[0.0,4.79538]},"T3s":{"weight":0.0,"played":[0.8107,0.1893],"evs":[0.0,-4.82465]},"T4s":{"weight":0.0,"played":[0.2912,0.7088],"evs":[0.0,10.82095]},"T5s":{"weight":0.0,"played":[0.8307,0.1693],"evs":[0.0,-4.17121]},"T6s":{"weight":0.0,"played":[0.8321,0.1679],"evs":[0.0,-4.59461]},"T7s":{"weight":0.0,"played":[0.0,1.0],"evs":[0.0,-0.49158]},"T8s":{"weight":0.0,"played":[0.9064,0.0936],"evs":[0.0,-5.11211]},"T9s":{"weight":1.0E-4,"played":[0.9926,0.0074],"evs":[0.0,2.44244]},"TT":{"weight":0.8257,"played":[0.3197,0.6803],"evs":[0.0,5.22754]},"JTo":{"weight":0.0,"played":[0.0,1.0],"evs":[0.0,1.19781]},"QTo":{"weight":0.0,"played":[0.5688,0.4312],"evs":[0.0,-1.49878]},"KTo":{"weight":0.0,"played":[0.2328,0.7672],"evs":[0.0,2.00335]},"ATo":{"weight":0.0,"played":[0.0088,0.9912],"evs":[0.0,3.89233]},"J2s":{"weight":0.0,"played":[0.2712,0.7288],"evs":[0.0,4.77934]},"J3s":{"weight":0.0,"played":[0.4311,0.5689],"evs":[0.0,6.4831]},"J4s":{"weight":0.0,"played":[0.9377,0.0623],"evs":[0.0,5.50755]},"J5s":{"weight":0.0,"played":[0.8506,0.1494],"evs":[0.0,-4.86981]},"J6s":{"weight":0.0,"played":[1.0,0.0],"evs":[0.0,-4.85732]},"J7s":{"weight":0.0,"played":[0.0269,0.9731],"evs":[0.0,0.9888]},"J8s":{"weight":0.0,"played":[0.5,0.5],"evs":[0.0,-6.89133]},"J9s":{"weight":0.0,"played":[0.0,1.0],"evs":[0.0,1.39344]},"JTs":{"weight":1.0E-4,"played":[1.0,0.0],"evs":[0.0,-4.85844]},"JJ":{"weight":0.3207,"played":[0.5411,0.4589],"evs":[0.0,0.76693]},"QJo":{"weight":0.0,"played":[0.63,0.37],"evs":[0.0,-3.35197]},"KJo":{"weight":0.0,"played":[0.724,0.276],"evs":[0.0,-1.04961]},"AJo":{"weight":0.9326,"played":[0.1518,0.8482],"evs":[0.0,3.40724]},"Q2s":{"weight":0.0,"played":[0.5474,0.4526],"evs":[0.0,-3.44795]},"Q3s":{"weight":0.0,"played":[0.5871,0.4129],"evs":[0.0,-5.31958]},"Q4s":{"weight":0.0,"played":[0.9041,0.0959],"evs":[0.0,-5.49372]},"Q5s":{"weight":0.0,"played":[0.0152,0.9848],"evs":[0.0,-1.17394]},"Q6s":{"weight":0.0,"played":[0.9075,0.0925],"evs":[0.0,-3.80159]},"Q7s":{"weight":0.0,"played":[0.9455,0.0545],"evs":[0.0,3.29042]},"Q8s":{"weight":0.0,"played":[0.5733,0.4267],"evs":[0.0,-3.47562]},"Q9s":{"weight":0.0,"played":[0.8394,0.1606],"evs":[0.0,-6.00094]},"QTs":{"weight":3.0E-4,"played":[0.8482,0.1518],"evs":[0.0,3.32848]},"QJs":{"weight":0.0028,"played":[0.972,0.028],"evs":[0.0,-3.03496]},"QQ":{"weight":0.4708,"played":[0.0709,0.9291],"evs":[0.0,5.75746]},"KQo":{"weight":0.0,"played":[0.772,0.228],"evs":[0.0,5.66673]},"AQo":{"weight":0.1487,"played":[0.2551,0.7449],"evs":[0.0,0.15159]},"K2s":{"weight":0.0,"played":[0.5295,0.4705],"evs":[0.0,-2.18439]},"K3s":{"weight":0.0,"played":[0.8547,0.1453],"evs":[0.0,-0.71637]},"K4s":{"weight":0.0,"played":[0.9639,0.0361],"evs":[0.0,-4.97349]},"K5s":{"weight":0.0,"played":[0.1884,0.8116],"evs":[0.0,-1.24292]},"K6s":{"weight":0.0,"played":[0.8767,0.1233],"evs":[0.0,-0.125]},"K7s":{"weight":0.0,"played":[1.0,0.0],"evs":[0.0,-5.82355]},"K8s":{"weight":0.0,"played":[0.9349,0.0651],"evs":[0.0,7.5325]},"K9s":{"weight":1.0E-4,"played":[0.0079,0.9921],"evs":[0.0,2.8616]},"KTs":{"weight":9.0E-4,"played":[0.0013,0.9987],"evs":[0.0,6.61673]},"KJs":{"weight":0.0041,"played":[0.4904,0.5096],"evs":[0.0,1.4756]},"KQs":{"weight":0.0233,"played":[0.0696,0.9304],"evs":[0.0,5.28687]},"KK":{"weight":0.7835,"played":[2.0E-4,0.9998],"evs":[0.0,7.21289]},"AKo":{"weight":0.0609,"played":[0.1738,0.8262],"evs":[0.0,8.01896]},"A2s":{"weight":0.0,"played":[0.9503,0.0497],"evs":[0.0,-4.3275]},"A3s":{"weight":0.0,"played":[0.3801,0.6199],"evs":[0.0,5.62752]},"A4s":{"weight":0.0,"played":[0.64,0.36],"evs":[0.0,-4.2282]},"A5s":{"weight":0.0,"played":[0.4968,0.5032],"evs":[0.0,7.82647]},"A6s":{"weight":0.0,"played":[0.8548,0.1452],"evs":[0.0,-3.93289]},"A7s":{"weight":0.0,"played":[0.282,0.718],"evs":[0.0,18.07825]},"A8s":{"weight":0.0,"played":[0.7001,0.2999],"evs":[0.0,7.7835]},"A9s":{"weight":1.0E-4,"played":[0.915,0.085],"evs":[0.0,14.33353]},"ATs":{"weight":0.465,"played":[0.1602,0.8398],"evs":[0.0,5.87755]},"AJs":{"weight":0.0,"played":[1.0,0.0],"evs":[0.0,12.72637]},"AQs":{"weight":0.0064,"played":[0.291,0.709],"evs":[0.0,-2.31651]},"AKs":{"weight":0.5285,"played":[0.5712,0.4288],"evs":[0.0,5.03495]},"AA":{"weight":0.7141,"played":[0.0,1.0],"evs":[0.0,8.09654]}}}