{"player":6,"street":0,"children":3,"sequence":[{"player":0,"type":"F","amount":0,"street":0},{"player":1,"type":"F","amount":0,"street":0},{"player":2,"type":"R","amount":11040000,"street":0},{"player":3,"type":"F","amount":0,"street":0},{"player":4,"type":"F","amount":0,"street":0},{"player":5,"type":"C","amount":9440000,"street":0}],"actions":[{"type":"F","amount":0},{"type":"C","amount":7840000},{"type":"R","amount":12960000,"node":22}],"hands":{"22":{"weight":1.0,"played":[0.0,1.0E-4,0.9999],"evs":[0.0,0.57627,0.58792]},"32o":{"weight":1.0,"played":[1.0,0.0,0.0],"evs":[0.0,-0.70388,-0.72913]},"42o":{"weight":1.0,"played":[1.0,0.0,0.0],"evs":[0.0,-0.64035,-0.67154]},"52o":{"weight":1.0,"played":[1.0,0.0,0.0],"evs":[0.0,-0.59951,-0.62373]},"62o":{"weight":1.0,"played":[1.0,0.0,0.0],"evs":[0.0,-0.66669,-0.6859]},"72o":{"weight":1.0,"played":[1.0,0.0,0.0],"evs":[0.0,-0.89425,-0.91813]},"82o":{"weight":1.0,"played":[1.0,0.0,0.0],"evs":[0.0,-0.80718,-0.82984]},"92o":{"weight":1.0,"played":[1.0,0.0,0.0],"evs":[0.0,-0.8036,-0.81933]},"T2o":{"weight":1.0,"played":[1.0,0.0,0.0],"evs":[0.0,-0.70651,-0.70114]},"J2o":{"weight":1.0,"played":[1.0,0.0,0.0],"evs":[0.0,-0.65758,-0.65926]},"Q2o":{"weight":1.0,"played":[0.9999,0.0,1.0E-4],"evs":[0.0,-0.63223,-0.63382]},"K2o":{"weight":1.0,"played":[1.0,0.0,0.0],"evs":[0.0,-0.53919,-0.54442]},"A2o":{"weight":1.0,"played":[1.0,0.0,0.0],"evs":[0.0,-0.39088,-0.38815]},"32s":{"weight":1.0,"played":[0.9997,2.0E-4,1.0E-4],"evs":[0.0,-0.10302,-0.11812]},"33":{"weight":1.0,"played":[0.0,0.0,1.0],"evs":[0.0,0.73022,0.73814]},"43o":{"weight":1.0,"played":[1.0,0.0,0.0],"evs":[0.0,-0.4934,-0.51954]},"53o":{"weight":1.0,"played":[1.0,0.0,0.0],"evs":[0.0,-0.28686,-0.30705]},"63o":{"weight":1.0,"played":[1.0,0.0,0.0],"evs":[0.0,-0.509,-0.53313]},"73o":{"weight":1.0,"played":[1.0,0.0,0.0],"evs":[0.0,-0.69999,-0.71723]},"83o":{"weight":1.0,"played":[1.0,0.0,0.0],"evs":[0.0,-0.78631,-0.80798]},"93o":{"weight":1.0,"played":[1.0,0.0,0.0],"evs":[0.0,-0.77614,-0.79038]},"T3o":{"weight":1.0,"played":[1.0,0.0,0.0],"evs":[0.0,-0.66119,-0.66161]},"J3o":{"weight":1.0,"played":[1.0,0.0,0.0],"evs":[0.0,-0.64444,-0.64782]},"Q3o":{"weight":1.0,"played":[1.0,0.0,0.0],"evs":[0.0,-0.55896,-0.55731]},"K3o":{"weight":1.0,"played":[1.0,0.0,0.0],"evs":[0.0,-0.50992,-0.50979]},"A3o":{"weight":1.0,"played":[1.0,0.0,0.0],"evs":[0.0,-0.33343,-0.33048]},"42s":{"weight":1.0,"played":[0.9401,0.0353,0.0246],"evs":[0.0,-0.03141,-0.03929]},"43s":{"weight":1.0,"played":[9.0E-4,0.8127,0.1864],"evs":[0.0,0.08447,0.08063]},"44":{"weight":1.0,"played":[0.0,0.0121,0.9879],"evs":[0.0,0.82492,0.8332]},"54o":{"weight":1.0,"played":[0.9999,0.0,1.0E-4],"evs":[0.0,-0.15849,-0.17513]},"64o":{"weight":1.0,"played":[1.0,0.0,0.0],"evs":[0.0,-0.24241,-0.25772]},"74o":{"weight":1.0,"played":[1.0,0.0,0.0],"evs":[0.0,-0.43717,-0.44594]},"84o":{"weight":1.0,"played":[1.0,0.0,0.0],"evs":[0.0,-0.55855,-0.56524]},"94o":{"weight":1.0,"played":[1.0,0.0,0.0],"evs":[0.0,-0.75897,-0.77492]},"T4o":{"weight":1.0,"played":[1.0,0.0,0.0],"evs":[0.0,-0.56931,-0.57004]},"J4o":{"weight":1.0,"played":[1.0,0.0,0.0],"evs":[0.0,-0.53687,-0.53945]},"Q4o":{"weight":1.0,"played":[1.0,0.0,0.0],"evs":[0.0,-0.57539,-0.57766]},"K4o":{"weight":1.0,"played":[1.0,0.0,0.0],"evs":[0.0,-0.45515,-0.47148]},"A4o":{"weight":1.0,"played":[0.9999,0.0,1.0E-4],"evs":[0.0,-0.24342,-0.24103]},"52s":{"weight":1.0,"played":[0.5043,0.2788,0.2169],"evs":[0.0,0.00365,-0.01318]},"53s":{"weight":1.0,"played":[0.0041,0.885,0.1109],"evs":[0.0,0.32338,0.30362]},"54s":{"weight":1.0,"played":[0.0,0.9752,0.0248],"evs":[0.0,0.36257,0.34627]},"55":{"weight":1.0,"played":[0.0,0.0,1.0],"evs":[0.0,0.95359,0.95454]},"65o":{"weight":1.0,"played":[0.8858,0.1107,0.0035],"evs":[0.0,-0.05887,-0.07543]},"75o":{"weight":1.0,"played":[0.9998,0.0,2.0E-4],"evs":[0.0,-0.22532,-0.24069]},"85o":{"weight":1.0,"played":[0.9999,0.0,1.0E-4],"evs":[0.0,-0.3856,-0.39254]},"95o":{"weight":1.0,"played":[0.9999,0.0,1.0E-4],"evs":[0.0,-0.52368,-0.52835]},"T5o":{"weight":1.0,"played":[1.0,0.0,0.0],"evs":[0.0,-0.56475,-0.56345]},"J5o":{"weight":1.0,"played":[1.0,0.0,0.0],"evs":[0.0,-0.53907,-0.54086]},"Q5o":{"weight":1.0,"played":[0.9996,0.0,4.0E-4],"evs":[0.0,-0.46269,-0.46484]},"K5o":{"weight":1.0,"played":[0.9994,0.0,6.0E-4],"evs":[0.0,-0.35598,-0.36196]},"A5o":{"weight":1.0,"played":[0.9999,0.0,1.0E-4],"evs":[0.0,-0.23193,-0.22687]},"62s":{"weight":1.0,"played":[0.9854,0.0055,0.0091],"evs":[0.0,-0.23321,-0.23877]},"63s":{"weight":1.0,"played":[0.2734,0.5245,0.2021],"evs":[0.0,0.07198,0.05961]},"64s":{"weight":1.0,"played":[1.0E-4,0.9906,0.0092],"evs":[0.0,0.25196,0.23955]},"65s":{"weight":1.0,"played":[0.0,0.8428,0.1572],"evs":[0.0,0.44342,0.43194]},"66":{"weight":1.0,"played":[0.0,0.0333,0.9667],"evs":[0.0,1.24344,1.24648]},"76o":{"weight":1.0,"played":[0.4328,0.4815,0.0858],"evs":[0.0,0.00216,-0.01046]},"86o":{"weight":1.0,"played":[1.0,0.0,0.0],"evs":[0.0,-0.1226,-0.13053]},"96o":{"weight":1.0,"played":[0.9993,3.0E-4,4.0E-4],"evs":[0.0,-0.26878,-0.27501]},"T6o":{"weight":1.0,"played":[1.0,0.0,0.0],"evs":[0.0,-0.36061,-0.35392]},"J6o":{"weight":1.0,"played":[1.0,0.0,0.0],"evs":[0.0,-0.45582,-0.45813]},"Q6o":{"weight":1.0,"played":[0.9998,1.0E-4,1.0E-4],"evs":[0.0,-0.42179,-0.42499]},"K6o":{"weight":1.0,"played":[0.9992,3.0E-4,5.0E-4],"evs":[0.0,-0.22101,-0.23424]},"A6o":{"weight":1.0,"played":[0.9999,0.0,1.0E-4],"evs":[0.0,-0.36548,-0.36215]},"72s":{"weight":1.0,"played":[0.9938,0.0015,0.0047],"evs":[0.0,-0.2985,-0.31538]},"73s":{"weight":1.0,"played":[0.9922,0.0024,0.0054],"evs":[0.0,-0.16199,-0.17334]},"74s":{"weight":1.0,"played":[0.0043,0.8584,0.1373],"evs":[0.0,0.12493,0.1205]},"75s":{"weight":1.0,"played":[0.0,0.986,0.014],"evs":[0.0,0.35976,0.35727]},"76s":{"weight":1.0,"played":[0.0,0.9709,0.0291],"evs":[0.0,0.52509,0.51437]},"77":{"weight":1.0,"played":[0.0,0.0019,0.9981],"evs":[0.0,1.5575,1.55807]},"87o":{"weight":1.0,"played":[0.3689,0.3916,0.2395],"evs":[0.0,-0.00136,-0.0039]},"97o":{"weight":1.0,"played":[0.9997,1.0E-4,2.0E-4],"evs":[0.0,-0.16131,-0.1668]},"T7o":{"weight":1.0,"played":[1.0,0.0,0.0],"evs":[0.0,-0.17506,-0.17448]},"J7o":{"weight":1.0,"played":[1.0,0.0,0.0],"evs":[0.0,-0.34678,-0.34844]},"Q7o":{"weight":1.0,"played":[0.9996,0.0,4.0E-4],"evs":[0.0,-0.43267,-0.4304]},"K7o":{"weight":1.0,"played":[0.9997,1.0E-4,3.0E-4],"evs":[0.0,-0.33245,-0.337]},"A7o":{"weight":1.0,"played":[0.999,3.0E-4,7.0E-4],"evs":[0.0,-0.24677,-0.24481]},"82s":{"weight":1.0,"played":[0.9998,1.0E-4,2.0E-4],"evs":[0.0,-0.32205,-0.33596]},"83s":{"weight":1.0,"played":[0.9992,2.0E-4,6.0E-4],"evs":[0.0,-0.18992,-0.20278]},"84s":{"weight":1.0,"played":[0.7334,0.16,0.1066],"evs":[0.0,-0.09967,-0.10694]},"85s":{"weight":1.0,"played":[0.0029,0.5469,0.4502],"evs":[0.0,0.18393,0.18488]},"86s":{"weight":1.0,"played":[0.0,0.8068,0.1932],"evs":[0.0,0.4126,0.41033]},"87s":{"weight":1.0,"played":[0.0,0.9767,0.0233],"evs":[0.0,0.41951,0.41714]},"88":{"weight":1.0,"played":[0.0,0.0,1.0],"evs":[0.0,1.83491,1.83869]},"98o":{"weight":1.0,"played":[0.301,0.3709,0.3281],"evs":[0.0,0.02378,0.0233]},"T8o":{"weight":1.0,"played":[0.3007,0.2703,0.429],"evs":[0.0,-0.02042,-0.01839]},"J8o":{"weight":1.0,"played":[0.9698,0.0127,0.0175],"evs":[0.0,-0.08275,-0.08054]},"Q8o":{"weight":1.0,"played":[0.9993,1.0E-4,5.0E-4],"evs":[0.0,-0.2172,-0.21466]},"K8o":{"weight":1.0,"played":[0.9998,0.0,2.0E-4],"evs":[0.0,-0.21436,-0.21317]},"A8o":{"weight":1.0,"played":[0.9337,0.0157,0.0507],"evs":[0.0,-0.0336,-0.03103]},"92s":{"weight":1.0,"played":[0.9948,0.0012,0.0039],"evs":[0.0,-0.21945,-0.22445]},"93s":{"weight":1.0,"played":[0.9854,0.0078,0.0068],"evs":[0.0,-0.21582,-0.22083]},"94s":{"weight":1.0,"played":[0.9781,0.0092,0.0127],"evs":[0.0,-0.20232,-0.21293]},"95s":{"weight":1.0,"played":[0.1172,0.8462,0.0365],"evs":[0.0,0.01466,0.00137]},"96s":{"weight":1.0,"played":[0.0,0.5462,0.4538],"evs":[0.0,0.25227,0.24911]},"97s":{"weight":1.0,"played":[0.0012,0.84,0.1588],"evs":[0.0,0.27943,0.2756]},"98s":{"weight":1.0,"played":[0.0,0.2929,0.7071],"evs":[0.0,0.51944,0.5212]},"99":{"weight":1.0,"played":[0.0,0.0,1.0],"evs":[0.0,2.20091,2.20139]},"T9o":{"weight":1.0,"played":[1.0E-4,1.0E-4,0.9998],"evs":[0.0,0.14597,0.14702]},"J9o":{"weight":1.0,"played":[0.1365,0.3496,0.5139],"evs":[0.0,0.00932,0.01236]},"Q9o":{"weight":1.0,"played":[0.3404,0.2839,0.3757],"evs":[0.0,-0.01193,-0.00959]},"K9o":{"weight":1.0,"played":[0.9365,0.0308,0.0326],"evs":[0.0,-0.12763,-0.12989]},"A9o":{"weight":1.0,"played":[0.1095,0.3215,0.5691],"evs":[0.0,0.13041,0.13254]},"T2s":{"weight":1.0,"played":[0.9855,0.0063,0.0082],"evs":[0.0,-0.17591,-0.17722]},"T3s":{"weight":1.0,"played":[0.8736,0.0613,0.0651],"evs":[0.0,-0.12014,-0.11984]},"T4s":{"weight":1.0,"played":[0.8886,0.0594,0.052],"evs":[0.0,-0.03971,-0.04106]},"T5s":{"weight":1.0,"played":[0.0957,0.4167,0.4876],"evs":[0.0,0.05239,0.05254]},"T6s":{"weight":1.0,"played":[0.0035,0.1163,0.8802],"evs":[0.0,0.27763,0.28586]},"T7s":{"weight":1.0,"played":[5.0E-4,0.4446,0.5549],"evs":[0.0,0.39086,0.38897]},"T8s":{"weight":1.0,"played":[0.0,0.3054,0.6946],"evs":[0.0,0.51937,0.51899]},"T9s":{"weight":1.0,"played":[0.0,1.0E-4,0.9999],"evs":[0.0,0.64393,0.64687]},"TT":{"weight":1.0,"played":[0.0,0.0,1.0],"evs":[0.0,3.00917,3.01167]},"JTo":{"weight":1.0,"played":[2.0E-4,0.0,0.9998],"evs":[0.0,0.34366,0.34503]},"QTo":{"weight":1.0,"played":[0.0,0.0058,0.9942],"evs":[0.0,0.32346,0.32773]},"KTo":{"weight":1.0,"played":[0.0,0.0712,0.9288],"evs":[0.0,0.2233,0.22505]},"ATo":{"weight":1.0,"played":[0.0,0.0,1.0],"evs":[0.0,0.85437,0.85688]},"J2s":{"weight":1.0,"played":[0.999,3.0E-4,7.0E-4],"evs":[0.0,-0.104,-0.10302]},"J3s":{"weight":1.0,"played":[0.7647,0.1203,0.115],"evs":[0.0,-0.02743,-0.02524]},"J4s":{"weight":1.0,"played":[0.2686,0.2644,0.467],"evs":[0.0,0.00929,0.01465]},"J5s":{"weight":1.0,"played":[0.0405,0.432,0.5276],"evs":[0.0,0.07296,0.07266]},"J6s":{"weight":1.0,"played":[0.0231,0.5343,0.4425],"evs":[0.0,0.06343,0.06313]},"J7s":{"weight":1.0,"played":[6.0E-4,0.4438,0.5556],"evs":[0.0,0.21837,0.22001]},"J8s":{"weight":1.0,"played":[1.0E-4,0.9468,0.0531],"evs":[0.0,0.49938,0.4982]},"J9s":{"weight":1.0,"played":[0.0,0.0,1.0],"evs":[0.0,0.54211,0.54565]},"JTs":{"weight":1.0,"played":[0.0,1.0E-4,0.9999],"evs":[0.0,0.90435,0.90445]},"JJ":{"weight":1.0,"played":[0.0,0.0,1.0],"evs":[0.0,3.59004,3.59437]},"QJo":{"weight":1.0,"played":[1.0E-4,0.0,0.9999],"evs":[0.0,0.32418,0.32572]},"KJo":{"weight":1.0,"played":[0.0,0.0941,0.9059],"evs":[0.0,0.34614,0.34839]},"AJo":{"weight":1.0,"played":[0.0,6.0E-4,0.9994],"evs":[0.0,1.36533,1.36886]},"Q2s":{"weight":1.0,"played":[0.4764,0.2564,0.2673],"evs":[0.0,-0.04628,-0.04648]},"Q3s":{"weight":1.0,"played":[0.132,0.0623,0.8057],"evs":[0.0,-0.03615,-0.02749]},"Q4s":{"weight":1.0,"played":[0.0662,0.5327,0.4011],"evs":[0.0,0.12681,0.12519]},"Q5s":{"weight":1.0,"played":[0.0035,0.5858,0.4107],"evs":[0.0,0.14589,0.14435]},"Q6s":{"weight":1.0,"played":[0.0,0.6633,0.3367],"evs":[0.0,0.21694,0.21759]},"Q7s":{"weight":1.0,"played":[0.0031,0.6023,0.3946],"evs":[0.0,0.09861,0.09753]},"Q8s":{"weight":1.0,"played":[0.0,0.3276,0.6724],"evs":[0.0,0.34327,0.34594]},"Q9s":{"weight":1.0,"played":[0.0,0.5359,0.4641],"evs":[0.0,0.59123,0.59355]},"QTs":{"weight":1.0,"played":[0.0,0.1279,0.8721],"evs":[0.0,0.74663,0.74958]},"QJs":{"weight":1.0,"played":[0.0,0.0014,0.9986],"evs":[0.0,0.87955,0.8827]},"QQ":{"weight":1.0,"played":[0.0,0.0,1.0],"evs":[0.0,4.47874,4.4851]},"KQo":{"weight":1.0,"played":[0.0,0.0373,0.9627],"evs":[0.0,0.67731,0.68131]},"AQo":{"weight":1.0,"played":[0.0,3.0E-4,0.9997],"evs":[0.0,2.16026,2.16215]},"K2s":{"weight":1.0,"played":[0.0245,0.4455,0.5301],"evs":[0.0,0.04296,0.04322]},"K3s":{"weight":1.0,"played":[0.0487,0.5029,0.4484],"evs":[0.0,0.11369,0.11563]},"K4s":{"weight":1.0,"played":[0.0,0.7375,0.2625],"evs":[0.0,0.24492,0.24269]},"K5s":{"weight":1.0,"played":[0.001,0.5814,0.4176],"evs":[0.0,0.1752,0.17643]},"K6s":{"weight":1.0,"played":[0.0024,0.9617,0.0359],"evs":[0.0,0.35486,0.34202]},"K7s":{"weight":1.0,"played":[6.0E-4,0.6962,0.3032],"evs":[0.0,0.26413,0.26169]},"K8s":{"weight":1.0,"played":[1.0E-4,0.5499,0.45],"evs":[0.0,0.2625,0.26136]},"K9s":{"weight":1.0,"played":[0.0,0.4868,0.5132],"evs":[0.0,0.36884,0.3674]},"KTs":{"weight":1.0,"played":[1.0E-4,0.4589,0.541],"evs":[0.0,0.71671,0.71697]},"KJs":{"weight":1.0,"played":[0.0,0.0,1.0],"evs":[0.0,0.92594,0.92764]},"KQs":{"weight":1.0,"played":[0.0,0.0277,0.9723],"evs":[0.0,1.13502,1.13836]},"KK":{"weight":1.0,"played":[0.0,0.0,1.0],"evs":[0.0,5.41242,5.41621]},"AKo":{"weight":1.0,"played":[0.0,0.0,1.0],"evs":[0.0,2.88316,2.88575]},"A2s":{"weight":1.0,"played":[0.0324,0.4886,0.479],"evs":[0.0,0.23068,0.23269]},"A3s":{"weight":1.0,"played":[0.012,0.2445,0.7434],"evs":[0.0,0.26607,0.27224]},"A4s":{"weight":1.0,"played":[0.0029,0.0914,0.9057],"evs":[0.0,0.39565,0.39813]},"A5s":{"weight":1.0,"played":[2.0E-4,0.162,0.8377],"evs":[0.0,0.40861,0.41095]},"A6s":{"weight":1.0,"played":[0.0074,0.183,0.8096],"evs":[0.0,0.3515,0.35744]},"A7s":{"weight":1.0,"played":[4.0E-4,0.0647,0.9349],"evs":[0.0,0.34401,0.34892]},"A8s":{"weight":1.0,"played":[0.0,0.1252,0.8748],"evs":[0.0,0.51423,0.51751]},"A9s":{"weight":1.0,"played":[0.0,0.0,1.0],"evs":[0.0,0.647,0.64791]},"ATs":{"weight":1.0,"played":[0.0,0.0,0.9999],"evs":[0.0,1.35507,1.35858]},"AJs":{"weight":1.0,"played":[0.0,3.0E-4,0.9997],"evs":[0.0,1.83892,1.83937]},"AQs":{"weight":1.0,"played":[0.0,0.0,1.0],"evs":[0.0,2.62582,2.6281]},"AKs":{"weight":1.0,"played":[0.0,0.0,1.0],"evs":[0.0,3.1466,3.15024]},"AA":{"weight":1.0,"played":[0.0,0.0,1.0],"evs":[0.0,7.61938,7.6229]}}}