{"player":4,"street":0,"children":2,"sequence":[{"player":0,"type":"R","amount":14240000,"street":0},{"player":1,"type":"C","amount":7840000,"street":0},{"player":2,"type":"C","amount":11040000,"street":0},{"player":3,"type":"R","amount":35040000,"street":0}],"actions":[{"type":"F","amount":0,"node":224},{"type":"C","amount":35040000,"node":227}],"hands":{"22":{"weight":1.0,"played":[0.9872,0.0128],"evs":[0.0,-4.44608]},"32o":{"weight":1.0,"played":[1.0,0.0],"evs":[0.0,-6.45646]},"42o":{"weight":1.0,"played":[1.0,0.0],"evs":[0.0,-6.1563]},"52o":{"weight":1.0,"played":[1.0,0.0],"evs":[0.0,-6.55287]},"62o":{"weight":1.0,"played":[0.9999,1.0E-4],"evs":[0.0,-5.92439]},"72o":{"weight":1.0,"played":[1.0,0.0],"evs":[0.0,-7.14826]},"82o":{"weight":1.0,"played":[0.9993,7.0E-4],"evs":[0.0,-6.92893]},"92o":{"weight":1.0,"played":[0.9998,2.0E-4],"evs":[0.0,-6.5008]},"T2o":{"weight":1.0,"played":[1.0,0.0],"evs":[0.0,-6.66251]},"J2o":{"weight":1.0,"played":[1.0,0.0],"evs":[0.0,-5.8729]},"Q2o":{"weight":1.0,"played":[1.0,0.0],"evs":[0.0,-6.05829]},"K2o":{"weight":1.0,"played":[0.9987,0.0013],"evs":[0.0,-5.80757]},"A2o":{"weight":1.0,"played":[0.9957,0.0043],"evs":[0.0,-5.06978]},"32s":{"weight":1.0,"played":[0.9898,0.0102],"evs":[0.0,-4.92627]},"33":{"weight":1.0,"played":[0.9817,0.0183],"evs":[0.0,-4.72674]},"43o":{"weight":1.0,"played":[1.0,0.0],"evs":[0.0,-5.03699]},"53o":{"weight":1.0,"played":[0.9996,4.0E-4],"evs":[0.0,-5.58491]},"63o":{"weight":1.0,"played":[0.9986,0.0014],"evs":[0.0,-5.60776]},"73o":{"weight":1.0,"played":[0.9998,2.0E-4],"evs":[0.0,-5.87357]},"83o":{"weight":1.0,"played":[1.0,0.0],"evs":[0.0,-7.22372]},"93o":{"weight":1.0,"played":[0.9999,1.0E-4],"evs":[0.0,-6.06141]},"T3o":{"weight":1.0,"played":[1.0,0.0],"evs":[0.0,-6.86315]},"J3o":{"weight":1.0,"played":[1.0,0.0],"evs":[0.0,-7.03796]},"Q3o":{"weight":1.0,"played":[0.9981,0.0019],"evs":[0.0,-5.19253]},"K3o":{"weight":1.0,"played":[0.9992,8.0E-4],"evs":[0.0,-6.74652]},"A3o":{"weight":1.0,"played":[0.9923,0.0077],"evs":[0.0,-6.00128]},"42s":{"weight":1.0,"played":[0.9995,5.0E-4],"evs":[0.0,-5.98752]},"43s":{"weight":1.0,"played":[0.9999,1.0E-4],"evs":[0.0,-5.10748]},"44":{"weight":1.0,"played":[0.9959,0.0041],"evs":[0.0,-3.4336]},"54o":{"weight":1.0,"played":[1.0,0.0],"evs":[0.0,-5.39839]},"64o":{"weight":1.0,"played":[0.9997,3.0E-4],"evs":[0.0,-4.843]},"74o":{"weight":1.0,"played":[1.0,0.0],"evs":[0.0,-5.13386]},"84o":{"weight":1.0,"played":[0.9986,0.0014],"evs":[0.0,-6.41376]},"94o":{"weight":1.0,"played":[1.0,0.0],"evs":[0.0,-6.87783]},"T4o":{"weight":1.0,"played":[0.9995,5.0E-4],"evs":[0.0,-5.79188]},"J4o":{"weight":1.0,"played":[0.9999,1.0E-4],"evs":[0.0,-6.35618]},"Q4o":{"weight":1.0,"played":[0.9999,1.0E-4],"evs":[0.0,-5.66091]},"K4o":{"weight":1.0,"played":[0.9998,2.0E-4],"evs":[0.0,-5.37064]},"A4o":{"weight":1.0,"played":[1.0,0.0],"evs":[0.0,-6.464]},"52s":{"weight":1.0,"played":[0.9984,0.0016],"evs":[0.0,-4.59291]},"53s":{"weight":1.0,"played":[0.9998,2.0E-4],"evs":[0.0,-5.60916]},"54s":{"weight":1.0,"played":[0.9813,0.0187],"evs":[0.0,-3.18504]},"55":{"weight":1.0,"played":[0.989,0.011],"evs":[0.0,-4.59308]},"65o":{"weight":1.0,"played":[0.9931,0.0069],"evs":[0.0,-5.10222]},"75o":{"weight":1.0,"played":[0.9999,1.0E-4],"evs":[0.0,-5.54827]},"85o":{"weight":1.0,"played":[0.9996,4.0E-4],"evs":[0.0,-4.87403]},"95o":{"weight":1.0,"played":[0.999,0.001],"evs":[0.0,-5.90143]},"T5o":{"weight":1.0,"played":[1.0,0.0],"evs":[0.0,-6.78515]},"J5o":{"weight":1.0,"played":[0.9957,0.0043],"evs":[0.0,-4.87342]},"Q5o":{"weight":1.0,"played":[1.0,0.0],"evs":[0.0,-4.61099]},"K5o":{"weight":1.0,"played":[0.9998,2.0E-4],"evs":[0.0,-5.89909]},"A5o":{"weight":1.0,"played":[0.9999,1.0E-4],"evs":[0.0,-5.34703]},"62s":{"weight":1.0,"played":[1.0,0.0],"evs":[0.0,-6.7698]},"63s":{"weight":1.0,"played":[0.9963,0.0037],"evs":[0.0,-3.17105]},"64s":{"weight":1.0,"played":[0.9785,0.0215],"evs":[0.0,-4.50622]},"65s":{"weight":1.0,"played":[0.9996,4.0E-4],"evs":[0.0,-5.0017]},"66":{"weight":1.0,"played":[0.9629,0.0371],"evs":[0.0,-3.70951]},"76o":{"weight":1.0,"played":[0.9985,0.0015],"evs":[0.0,-5.11234]},"86o":{"weight":1.0,"played":[0.9995,5.0E-4],"evs":[0.0,-5.34943]},"96o":{"weight":1.0,"played":[1.0,0.0],"evs":[0.0,-5.12911]},"T6o":{"weight":1.0,"played":[0.9995,5.0E-4],"evs":[0.0,-5.6647]},"J6o":{"weight":1.0,"played":[0.9999,1.0E-4],"evs":[0.0,-6.40719]},"Q6o":{"weight":1.0,"played":[0.9984,0.0016],"evs":[0.0,-5.38434]},"K6o":{"weight":1.0,"played":[0.9952,0.0048],"evs":[0.0,-4.38207]},"A6o":{"weight":1.0,"played":[0.9981,0.0019],"evs":[0.0,-6.23647]},"72s":{"weight":1.0,"played":[0.9997,3.0E-4],"evs":[0.0,-5.33677]},"73s":{"weight":1.0,"played":[0.9944,0.0056],"evs":[0.0,-5.79152]},"74s":{"weight":1.0,"played":[0.9893,0.0107],"evs":[0.0,-4.96406]},"75s":{"weight":1.0,"played":[0.9963,0.0037],"evs":[0.0,-5.21788]},"76s":{"weight":1.0,"played":[0.992,0.008],"evs":[0.0,-4.93877]},"77":{"weight":1.0,"played":[0.9656,0.0344],"evs":[0.0,-2.75975]},"87o":{"weight":1.0,"played":[0.9985,0.0015],"evs":[0.0,-4.79766]},"97o":{"weight":1.0,"played":[0.9983,0.0017],"evs":[0.0,-4.83009]},"T7o":{"weight":1.0,"played":[0.9999,1.0E-4],"evs":[0.0,-5.60523]},"J7o":{"weight":1.0,"played":[0.9993,7.0E-4],"evs":[0.0,-5.29951]},"Q7o":{"weight":1.0,"played":[1.0,0.0],"evs":[0.0,-5.61132]},"K7o":{"weight":1.0,"played":[0.9995,5.0E-4],"evs":[0.0,-6.53424]},"A7o":{"weight":1.0,"played":[0.9995,5.0E-4],"evs":[0.0,-5.49519]},"82s":{"weight":1.0,"played":[0.9956,0.0044],"evs":[0.0,-3.56436]},"83s":{"weight":1.0,"played":[1.0,0.0],"evs":[0.0,-5.95241]},"84s":{"weight":1.0,"played":[0.9992,8.0E-4],"evs":[0.0,-5.24339]},"85s":{"weight":1.0,"played":[0.9879,0.0121],"evs":[0.0,-5.09824]},"86s":{"weight":1.0,"played":[0.9686,0.0314],"evs":[0.0,-6.01401]},"87s":{"weight":1.0,"played":[0.9947,0.0053],"evs":[0.0,-4.20703]},"88":{"weight":1.0,"played":[0.9816,0.0184],"evs":[0.0,-3.95033]},"98o":{"weight":1.0,"played":[1.0,0.0],"evs":[0.0,-5.00622]},"T8o":{"weight":1.0,"played":[0.9981,0.0019],"evs":[0.0,-6.15751]},"J8o":{"weight":1.0,"played":[0.9943,0.0057],"evs":[0.0,-5.63314]},"Q8o":{"weight":1.0,"played":[0.9998,2.0E-4],"evs":[0.0,-5.16668]},"K8o":{"weight":1.0,"played":[0.9996,4.0E-4],"evs":[0.0,-5.57479]},"A8o":{"weight":1.0,"played":[0.9891,0.0109],"evs":[0.0,-6.11713]},"92s":{"weight":1.0,"played":[0.9935,0.0065],"evs":[0.0,-6.84914]},"93s":{"weight":1.0,"played":[0.9967,0.0033],"evs":[0.0,-5.53725]},"94s":{"weight":1.0,"played":[0.9916,0.0084],"evs":[0.0,-5.01993]},"95s":{"weight":1.0,"played":[0.9974,0.0026],"evs":[0.0,-6.40989]},"96s":{"weight":1.0,"played":[0.9784,0.0216],"evs":[0.0,-5.58694]},"97s":{"weight":1.0,"played":[0.9997,3.0E-4],"evs":[0.0,-3.96604]},"98s":{"weight":1.0,"played":[0.8613,0.1387],"evs":[0.0,-3.04699]},"99":{"weight":1.0,"played":[0.7662,0.2338],"evs":[0.0,-2.27649]},"T9o":{"weight":1.0,"played":[0.9981,0.0019],"evs":[0.0,-4.13196]},"J9o":{"weight":1.0,"played":[1.0,0.0],"evs":[0.0,-4.48725]},"Q9o":{"weight":1.0,"played":[0.9964,0.0036],"evs":[0.0,-6.15771]},"K9o":{"weight":1.0,"played":[0.9917,0.0083],"evs":[0.0,-5.48271]},"A9o":{"weight":1.0,"played":[0.9761,0.0239],"evs":[0.0,-5.32593]},"T2s":{"weight":1.0,"played":[0.9955,0.0045],"evs":[0.0,-4.46871]},"T3s":{"weight":1.0,"played":[0.9959,0.0041],"evs":[0.0,-4.21607]},"T4s":{"weight":1.0,"played":[0.9989,0.0011],"evs":[0.0,-5.39896]},"T5s":{"weight":1.0,"played":[0.9976,0.0024],"evs":[0.0,-3.71934]},"T6s":{"weight":1.0,"played":[0.9966,0.0034],"evs":[0.0,-5.18872]},"T7s":{"weight":1.0,"played":[0.9807,0.0193],"evs":[0.0,-3.63556]},"T8s":{"weight":1.0,"played":[0.9745,0.0255],"evs":[0.0,-4.89135]},"T9s":{"weight":1.0,"played":[0.9946,0.0054],"evs":[0.0,-5.36633]},"TT":{"weight":1.0,"played":[0.0881,0.9119],"evs":[0.0,-0.22884]},"JTo":{"weight":1.0,"played":[0.9976,0.0024],"evs":[0.0,-5.14534]},"QTo":{"weight":1.0,"played":[0.9997,3.0E-4],"evs":[0.0,-3.91904]},"KTo":{"weight":1.0,"played":[0.9982,0.0018],"evs":[0.0,-5.01804]},"ATo":{"weight":1.0,"played":[0.9949,0.0051],"evs":[0.0,-6.04967]},"J2s":{"weight":1.0,"played":[0.9992,8.0E-4],"evs":[0.0,-3.31508]},"J3s":{"weight":1.0,"played":[0.9834,0.0166],"evs":[0.0,-5.40254]},"J4s":{"weight":1.0,"played":[0.9978,0.0022],"evs":[0.0,-4.92577]},"J5s":{"weight":1.0,"played":[0.9795,0.0205],"evs":[0.0,-3.91392]},"J6s":{"weight":1.0,"played":[0.9994,6.0E-4],"evs":[0.0,-6.23331]},"J7s":{"weight":1.0,"played":[0.9958,0.0042],"evs":[0.0,-6.86799]},"J8s":{"weight":1.0,"played":[0.9999,1.0E-4],"evs":[0.0,-4.82582]},"J9s":{"weight":1.0,"played":[0.9682,0.0318],"evs":[0.0,-4.47388]},"JTs":{"weight":1.0,"played":[0.9867,0.0133],"evs":[0.0,-2.98144]},"JJ":{"weight":1.0,"played":[0.0014,0.9986],"evs":[0.0,1.87122]},"QJo":{"weight":1.0,"played":[0.9959,0.0041],"evs":[0.0,-5.55687]},"KJo":{"weight":1.0,"played":[0.9944,0.0056],"evs":[0.0,-4.07129]},"AJo":{"weight":1.0,"played":[0.9998,2.0E-4],"evs":[0.0,-4.05707]},"Q2s":{"weight":1.0,"played":[0.9972,0.0028],"evs":[0.0,-5.78962]},"Q3s":{"weight":1.0,"played":[0.9992,8.0E-4],"evs":[0.0,-5.87683]},"Q4s":{"weight":1.0,"played":[0.9948,0.0052],"evs":[0.0,-4.43137]},"Q5s":{"weight":1.0,"played":[0.9893,0.0107],"evs":[0.0,-3.68501]},"Q6s":{"weight":1.0,"played":[0.9661,0.0339],"evs":[0.0,-5.16008]},"Q7s":{"weight":1.0,"played":[0.998,0.002],"evs":[0.0,-4.645]},"Q8s":{"weight":1.0,"played":[0.8875,0.1125],"evs":[0.0,-5.33251]},"Q9s":{"weight":1.0,"played":[0.9993,7.0E-4],"evs":[0.0,-3.56108]},"QTs":{"weight":1.0,"played":[0.9967,0.0033],"evs":[0.0,-3.99271]},"QJs":{"weight":1.0,"played":[0.9851,0.0149],"evs":[0.0,-3.53439]},"QQ":{"weight":1.0,"played":[0.0,1.0],"evs":[0.0,4.69822]},"KQo":{"weight":1.0,"played":[0.9883,0.0117],"evs":[0.0,-4.25407]},"AQo":{"weight":1.0,"played":[0.9486,0.0514],"evs":[0.0,-4.24913]},"K2s":{"weight":1.0,"played":[0.9925,0.0075],"evs":[0.0,-5.72251]},"K3s":{"weight":1.0,"played":[0.9999,1.0E-4],"evs":[0.0,-3.82075]},"K4s":{"weight":1.0,"played":[0.9678,0.0322],"evs":[0.0,-4.50545]},"K5s":{"weight":1.0,"played":[0.9835,0.0165],"evs":[0.0,-5.21551]},"K6s":{"weight":1.0,"played":[0.9942,0.0058],"evs":[0.0,-6.08338]},"K7s":{"weight":1.0,"played":[0.9962,0.0038],"evs":[0.0,-4.01428]},"K8s":{"weight":1.0,"played":[0.9954,0.0046],"evs":[0.0,-6.15909]},"K9s":{"weight":1.0,"played":[0.8195,0.1805],"evs":[0.0,-3.25047]},"KTs":{"weight":1.0,"played":[0.9768,0.0232],"evs":[0.0,-5.68469]},"KJs":{"weight":1.0,"played":[0.9971,0.0029],"evs":[0.0,-4.78019]},"KQs":{"weight":1.0,"played":[0.9374,0.0626],"evs":[0.0,-2.12264]},"KK":{"weight":1.0,"played":[0.0,1.0],"evs":[0.0,6.99162]},"AKo":{"weight":1.0,"played":[0.9972,0.0028],"evs":[0.0,-3.83489]},"A2s":{"weight":1.0,"played":[0.9979,0.0021],"evs":[0.0,-3.51692]},"A3s":{"weight":1.0,"played":[0.9987,0.0013],"evs":[0.0,-3.48001]},"A4s":{"weight":1.0,"played":[0.9835,0.0165],"evs":[0.0,-4.43976]},"A5s":{"weight":1.0,"played":[0.9888,0.0112],"evs":[0.0,-4.19137]},"A6s":{"weight":1.0,"played":[0.9973,0.0027],"evs":[0.0,-3.79224]},"A7s":{"weight":1.0,"played":[0.9947,0.0053],"evs":[0.0,-5.11316]},"A8s":{"weight":1.0,"played":[0.9714,0.0286],"evs":[0.0,-5.95517]},"A9s":{"weight":1.0,"played":[0.9965,0.0035],"evs":[0.0,-4.34349]},"ATs":{"weight":1.0,"played":[0.9955,0.0045],"evs":[0.0,-5.77271]},"AJs":{"weight":1.0,"played":[0.9946,0.0054],"evs":[0.0,-1.48814]},"AQs":{"weight":1.0,"played":[0.8999,0.1001],"evs":[0.0,-3.04102]},"AKs":{"weight":1.0,"played":[0.9165,0.0835],"evs":[0.0,-1.96061]},"AA":{"weight":1.0,"played":[0.0,1.0],"evs":[0.0,9.05005]}}}