{"player":5,"street":0,"children":2,"sequence":[{"player":0,"type":"R","amount":14240000,"street":0},{"player":1,"type":"C","amount":7840000,"street":0},{"player":2,"type":"C","amount":11040000,"street":0},{"player":3,"type":"R","amount":35040000,"street":0},{"player":4,"type":"C","amount":35040000,"street":0}],"actions":[{"type":"F","amount":0,"node":228},{"type":"C","amount":11360000,"node":229}],"hands":{"22":{"weight":1.0,"played":[0.9551,0.0449],"evs":[0.0,-3.9874]},"32o":{"weight":1.0,"played":[1.0,0.0],"evs":[0.0,-5.73207]},"42o":{"weight":1.0,"played":[0.9874,0.0126],"evs":[0.0,-1.07194]},"52o":{"weight":1.0,"played":[1.0,0.0],"evs":[0.0,-7.6803]},"62o":{"weight":1.0,"played":[0.9735,0.0265],"evs":[0.0,-4.86543]},"72o":{"weight":1.0,"played":[1.0,0.0],"evs":[0.0,-7.51434]},"82o":{"weight":1.0,"played":[0.8908,0.1092],"evs":[0.0,-4.51787]},"92o":{"weight":1.0,"played":[1.0,0.0],"evs":[0.0,-5.93226]},"T2o":{"weight":1.0,"played":[1.0,0.0],"evs":[0.0,-6.27499]},"J2o":{"weight":1.0,"played":[1.0,0.0],"evs":[0.0,-6.26988]},"Q2o":{"weight":1.0,"played":[1.0,0.0],"evs":[0.0,-3.33535]},"K2o":{"weight":1.0,"played":[1.0,0.0],"evs":[0.0,-6.94204]},"A2o":{"weight":1.0,"played":[1.0,0.0],"evs":[0.0,-4.79799]},"32s":{"weight":1.0,"played":[0.249,0.751],"evs":[0.0,4.48158]},"33":{"weight":1.0,"played":[0.9175,0.0825],"evs":[0.0,-5.42027]},"43o":{"weight":1.0,"played":[1.0,0.0],"evs":[0.0,-4.52803]},"53o":{"weight":1.0,"played":[0.998,0.002],"evs":[0.0,-4.96479]},"63o":{"weight":1.0,"played":[0.9923,0.0077],"evs":[0.0,-2.21734]},"73o":{"weight":1.0,"played":[1.0,0.0],"evs":[0.0,-5.69355]},"83o":{"weight":1.0,"played":[0.9356,0.0644],"evs":[0.0,-3.28115]},"93o":{"weight":1.0,"played":[1.0,0.0],"evs":[0.0,-6.66791]},"T3o":{"weight":1.0,"played":[1.0,0.0],"evs":[0.0,-5.61602]},"J3o":{"weight":1.0,"played":[1.0,0.0],"evs":[0.0,-6.938]},"Q3o":{"weight":1.0,"played":[0.9871,0.0129],"evs":[0.0,-5.08466]},"K3o":{"weight":1.0,"played":[0.5078,0.4922],"evs":[0.0,-1.70067]},"A3o":{"weight":1.0,"played":[1.0,0.0],"evs":[0.0,-7.93971]},"42s":{"weight":1.0,"played":[0.7534,0.2466],"evs":[0.0,-2.41828]},"43s":{"weight":1.0,"played":[0.9983,0.0017],"evs":[0.0,-4.10877]},"44":{"weight":1.0,"played":[1.0,0.0],"evs":[0.0,-7.08924]},"54o":{"weight":1.0,"played":[0.7451,0.2549],"evs":[0.0,-0.67739]},"64o":{"weight":1.0,"played":[1.0,0.0],"evs":[0.0,-6.03284]},"74o":{"weight":1.0,"played":[1.0,0.0],"evs":[0.0,-6.9943]},"84o":{"weight":1.0,"played":[0.9975,0.0025],"evs":[0.0,-7.47977]},"94o":{"weight":1.0,"played":[1.0,0.0],"evs":[0.0,-6.63984]},"T4o":{"weight":1.0,"played":[1.0,0.0],"evs":[0.0,-6.20092]},"J4o":{"weight":1.0,"played":[0.8931,0.1069],"evs":[0.0,-3.50195]},"Q4o":{"weight":1.0,"played":[0.9222,0.0778],"evs":[0.0,-4.67069]},"K4o":{"weight":1.0,"played":[0.9778,0.0222],"evs":[0.0,-5.01172]},"A4o":{"weight":1.0,"played":[0.9433,0.0567],"evs":[0.0,-3.28033]},"52s":{"weight":1.0,"played":[0.9084,0.0916],"evs":[0.0,-7.67063]},"53s":{"weight":1.0,"played":[0.9947,0.0053],"evs":[0.0,-5.96257]},"54s":{"weight":1.0,"played":[0.9717,0.0283],"evs":[0.0,-8.02206]},"55":{"weight":1.0,"played":[0.8216,0.1784],"evs":[0.0,-3.64398]},"65o":{"weight":1.0,"played":[0.9102,0.0898],"evs":[0.0,-6.26196]},"75o":{"weight":1.0,"played":[1.0,0.0],"evs":[0.0,-6.80037]},"85o":{"weight":1.0,"played":[1.0,0.0],"evs":[0.0,-6.25171]},"95o":{"weight":1.0,"played":[1.0,0.0],"evs":[0.0,-3.8324]},"T5o":{"weight":1.0,"played":[0.9826,0.0174],"evs":[0.0,-5.50409]},"J5o":{"weight":1.0,"played":[0.9843,0.0157],"evs":[0.0,-7.06972]},"Q5o":{"weight":1.0,"played":[1.0,0.0],"evs":[0.0,-5.11786]},"K5o":{"weight":1.0,"played":[1.0,0.0],"evs":[0.0,-4.45487]},"A5o":{"weight":1.0,"played":[1.0,0.0],"evs":[0.0,-3.50119]},"62s":{"weight":1.0,"played":[0.8202,0.1798],"evs":[0.0,-5.53355]},"63s":{"weight":1.0,"played":[0.7551,0.2449],"evs":[0.0,-1.37454]},"64s":{"weight":1.0,"played":[0.7814,0.2186],"evs":[0.0,-2.42207]},"65s":{"weight":1.0,"played":[0.8776,0.1224],"evs":[0.0,-5.3648]},"66":{"weight":1.0,"played":[0.7001,0.2999],"evs":[0.0,-0.4946]},"76o":{"weight":1.0,"played":[0.9528,0.0472],"evs":[0.0,-4.67687]},"86o":{"weight":1.0,"played":[0.9268,0.0732],"evs":[0.0,-1.41915]},"96o":{"weight":1.0,"played":[0.8763,0.1237],"evs":[0.0,-2.01024]},"T6o":{"weight":1.0,"played":[0.9954,0.0046],"evs":[0.0,-1.42112]},"J6o":{"weight":1.0,"played":[1.0,0.0],"evs":[0.0,-5.79668]},"Q6o":{"weight":1.0,"played":[0.9629,0.0371],"evs":[0.0,-6.19169]},"K6o":{"weight":1.0,"played":[0.9644,0.0356],"evs":[0.0,-1.73433]},"A6o":{"weight":1.0,"played":[0.9219,0.0781],"evs":[0.0,-5.90064]},"72s":{"weight":1.0,"played":[0.7297,0.2703],"evs":[0.0,-2.47339]},"73s":{"weight":1.0,"played":[1.0,0.0],"evs":[0.0,-6.17701]},"74s":{"weight":1.0,"played":[0.7649,0.2351],"evs":[0.0,-3.35317]},"75s":{"weight":1.0,"played":[0.44,0.56],"evs":[0.0,-5.62187]},"76s":{"weight":1.0,"played":[0.9412,0.0588],"evs":[0.0,-6.23032]},"77":{"weight":1.0,"played":[0.1662,0.8338],"evs":[0.0,0.05671]},"87o":{"weight":1.0,"played":[1.0,0.0],"evs":[0.0,-3.88117]},"97o":{"weight":1.0,"played":[0.8911,0.1089],"evs":[0.0,-1.48276]},"T7o":{"weight":1.0,"played":[0.9516,0.0484],"evs":[0.0,-5.62533]},"J7o":{"weight":1.0,"played":[0.9988,0.0012],"evs":[0.0,-3.83809]},"Q7o":{"weight":1.0,"played":[0.9997,3.0E-4],"evs":[0.0,-6.78442]},"K7o":{"weight":1.0,"played":[1.0,0.0],"evs":[0.0,-6.95069]},"A7o":{"weight":1.0,"played":[1.0,0.0],"evs":[0.0,-6.52853]},"82s":{"weight":1.0,"played":[0.9471,0.0529],"evs":[0.0,-5.3678]},"83s":{"weight":1.0,"played":[0.8,0.2],"evs":[0.0,-4.9728]},"84s":{"weight":1.0,"played":[1.0,0.0],"evs":[0.0,-4.22115]},"85s":{"weight":1.0,"played":[0.852,0.148],"evs":[0.0,-5.48868]},"86s":{"weight":1.0,"played":[0.9788,0.0212],"evs":[0.0,-6.35728]},"87s":{"weight":1.0,"played":[0.6693,0.3307],"evs":[0.0,-2.49696]},"88":{"weight":1.0,"played":[0.9995,5.0E-4],"evs":[0.0,-3.09899]},"98o":{"weight":1.0,"played":[1.0,0.0],"evs":[0.0,-6.8797]},"T8o":{"weight":1.0,"played":[0.9994,6.0E-4],"evs":[0.0,-3.38337]},"J8o":{"weight":1.0,"played":[1.0,0.0],"evs":[0.0,-5.49213]},"Q8o":{"weight":1.0,"played":[0.8946,0.1054],"evs":[0.0,-3.10576]},"K8o":{"weight":1.0,"played":[1.0,0.0],"evs":[0.0,-7.41418]},"A8o":{"weight":1.0,"played":[0.958,0.042],"evs":[0.0,-6.79491]},"92s":{"weight":1.0,"played":[0.97,0.03],"evs":[0.0,-7.71109]},"93s":{"weight":1.0,"played":[1.0,0.0],"evs":[0.0,-5.2022]},"94s":{"weight":1.0,"played":[1.0,0.0],"evs":[0.0,-3.24239]},"95s":{"weight":1.0,"played":[0.9114,0.0886],"evs":[0.0,-7.00437]},"96s":{"weight":1.0,"played":[0.5199,0.4801],"evs":[0.0,-1.91246]},"97s":{"weight":1.0,"played":[0.8721,0.1279],"evs":[0.0,-1.51921]},"98s":{"weight":1.0,"played":[0.2758,0.7242],"evs":[0.0,-3.03429]},"99":{"weight":1.0,"played":[0.9233,0.0767],"evs":[0.0,-5.4027]},"T9o":{"weight":1.0,"played":[1.0,0.0],"evs":[0.0,-6.43479]},"J9o":{"weight":1.0,"played":[0.9604,0.0396],"evs":[0.0,-6.58374]},"Q9o":{"weight":1.0,"played":[0.931,0.069],"evs":[0.0,-6.50377]},"K9o":{"weight":1.0,"played":[0.8516,0.1484],"evs":[0.0,-3.24132]},"A9o":{"weight":1.0,"played":[0.7233,0.2767],"evs":[0.0,1.21341]},"T2s":{"weight":1.0,"played":[0.9545,0.0455],"evs":[0.0,-1.5056]},"T3s":{"weight":1.0,"played":[0.7522,0.2478],"evs":[0.0,-4.75758]},"T4s":{"weight":1.0,"played":[0.8916,0.1084],"evs":[0.0,-2.98208]},"T5s":{"weight":1.0,"played":[0.6289,0.3711],"evs":[0.0,-9.67448]},"T6s":{"weight":1.0,"played":[0.4639,0.5361],"evs":[0.0,-1.38174]},"T7s":{"weight":1.0,"played":[0.8986,0.1014],"evs":[0.0,-6.25274]},"T8s":{"weight":1.0,"played":[1.0,0.0],"evs":[0.0,-3.57303]},"T9s":{"weight":1.0,"played":[0.1851,0.8149],"evs":[0.0,-2.55836]},"TT":{"weight":1.0,"played":[0.9624,0.0376],"evs":[0.0,0.475]},"JTo":{"weight":1.0,"played":[0.9376,0.0624],"evs":[0.0,-4.64452]},"QTo":{"weight":1.0,"played":[0.7477,0.2523],"evs":[0.0,-2.88417]},"KTo":{"weight":1.0,"played":[0.8897,0.1103],"evs":[0.0,-6.70256]},"ATo":{"weight":1.0,"played":[0.8764,0.1236],"evs":[0.0,-2.88073]},"J2s":{"weight":1.0,"played":[0.7646,0.2354],"evs":[0.0,-0.23138]},"J3s":{"weight":1.0,"played":[0.565,0.435],"evs":[0.0,0.31339]},"J4s":{"weight":1.0,"played":[0.76,0.24],"evs":[0.0,-7.46611]},"J5s":{"weight":1.0,"played":[1.0,0.0],"evs":[0.0,-3.5475]},"J6s":{"weight":1.0,"played":[0.6794,0.3206],"evs":[0.0,-4.37669]},"J7s":{"weight":1.0,"played":[1.0,0.0],"evs":[0.0,-7.7958]},"J8s":{"weight":1.0,"played":[1.0,0.0],"evs":[0.0,-7.20295]},"J9s":{"weight":1.0,"played":[0.6886,0.3114],"evs":[0.0,-1.97954]},"JTs":{"weight":1.0,"played":[0.4281,0.5719],"evs":[0.0,0.69467]},"JJ":{"weight":1.0,"played":[0.8849,0.1151],"evs":[0.0,-5.21094]},"QJo":{"weight":1.0,"played":[1.0,0.0],"evs":[0.0,-4.82189]},"KJo":{"weight":1.0,"played":[0.941,0.059],"evs":[0.0,-6.22246]},"AJo":{"weight":1.0,"played":[0.9775,0.0225],"evs":[0.0,-6.14476]},"Q2s":{"weight":1.0,"played":[0.5184,0.4816],"evs":[0.0,-5.0428]},"Q3s":{"weight":1.0,"played":[1.0,0.0],"evs":[0.0,-8.58996]},"Q4s":{"weight":1.0,"played":[0.9957,0.0043],"evs":[0.0,0.60038]},"Q5s":{"weight":1.0,"played":[0.6873,0.3127],"evs":[0.0,0.09689]},"Q6s":{"weight":1.0,"played":[0.9683,0.0317],"evs":[0.0,-6.57889]},"Q7s":{"weight":1.0,"played":[0.3258,0.6742],"evs":[0.0,-2.87978]},"Q8s":{"weight":1.0,"played":[1.0,0.0],"evs":[0.0,-5.3397]},"Q9s":{"weight":1.0,"played":[1.0,0.0],"evs":[0.0,-8.61691]},"QTs":{"weight":1.0,"played":[1.0,0.0],"evs":[0.0,-3.93258]},"QJs":{"weight":1.0,"played":[0.938,0.062],"evs":[0.0,-5.23306]},"QQ":{"weight":1.0,"played":[0.5506,0.4494],"evs":[0.0,2.88009]},"KQo":{"weight":1.0,"played":[0.9216,0.0784],"evs":[0.0,-3.55198]},"AQo":{"weight":1.0,"played":[0.9999,1.0E-4],"evs":[0.0,-5.55416]},"K2s":{"weight":1.0,"played":[1.0,0.0],"evs":[0.0,-2.56266]},"K3s":{"weight":1.0,"played":[0.9572,0.0428],"evs":[0.0,-7.4767]},"K4s":{"weight":1.0,"played":[0.5153,0.4847],"evs":[0.0,-1.7891]},"K5s":{"weight":1.0,"played":[1.0,0.0],"evs":[0.0,-8.20366]},"K6s":{"weight":1.0,"played":[1.0,0.0],"evs":[0.0,-6.7026]},"K7s":{"weight":1.0,"played":[0.7219,0.2781],"evs":[0.0,-0.626]},"K8s":{"weight":1.0,"played":[0.6624,0.3376],"evs":[0.0,-3.44538]},"K9s":{"weight":1.0,"played":[1.0,0.0],"evs":[0.0,-7.49631]},"KTs":{"weight":1.0,"played":[1.0,0.0],"evs":[0.0,-7.7873]},"KJs":{"weight":1.0,"played":[0.8969,0.1031],"evs":[0.0,-4.41906]},"KQs":{"weight":1.0,"played":[0.9132,0.0868],"evs":[0.0,-8.20412]},"KK":{"weight":1.0,"played":[0.5658,0.4342],"evs":[0.0,3.7809]},"AKo":{"weight":1.0,"played":[0.9836,0.0164],"evs":[0.0,-7.21225]},"A2s":{"weight":1.0,"played":[1.0,0.0],"evs":[0.0,-7.45383]},"A3s":{"weight":1.0,"played":[0.5333,0.4667],"evs":[0.0,-5.61713]},"A4s":{"weight":1.0,"played":[0.3107,0.6893],"evs":[0.0,-1.97974]},"A5s":{"weight":1.0,"played":[1.0,0.0],"evs":[0.0,-9.64891]},"A6s":{"weight":1.0,"played":[0.9997,3.0E-4],"evs":[0.0,3.12608]},"A7s":{"weight":1.0,"played":[0.5,0.5],"evs":[0.0,-9.7246]},"A8s":{"weight":1.0,"played":[0.8999,0.1001],"evs":[0.0,-5.90257]},"A9s":{"weight":1.0,"played":[0.3747,0.6253],"evs":[0.0,-3.52689]},"ATs":{"weight":1.0,"played":[0.6212,0.3788],"evs":[0.0,-5.20261]},"AJs":{"weight":1.0,"played":[1.0,0.0],"evs":[0.0,-0.57256]},"AQs":{"weight":1.0,"played":[0.2772,0.7228],"evs":[0.0,1.66583]},"AKs":{"weight":1.0,"played":[0.9711,0.0289],"evs":[0.0,9.88849]},"AA":{"weight":1.0,"played":[0.0,1.0],"evs":[0.0,-8.69681]}}}