{"player":6,"street":0,"children":2,"sequence":[{"player":0,"type":"F","amount":0,"street":0},{"player":1,"type":"F","amount":0,"street":0},{"player":2,"type":"R","amount":11040000,"street":0},{"player":3,"type":"F","amount":0,"street":0},{"player":4,"type":"F","amount":0,"street":0},{"player":5,"type":"R","amount":12960000,"street":0}],"actions":[{"type":"F","amount":0},{"type":"C","amount":9760000}],"hands":{"22":{"weight":1.0,"played":[0.0,1.0],"evs":[0.0,0.67515]},"32o":{"weight":1.0,"played":[1.0,0.0],"evs":[0.0,-0.70267]},"42o":{"weight":1.0,"played":[1.0,0.0],"evs":[0.0,-0.64448]},"52o":{"weight":1.0,"played":[1.0,0.0],"evs":[0.0,-0.56786]},"62o":{"weight":1.0,"played":[1.0,0.0],"evs":[0.0,-0.71987]},"72o":{"weight":1.0,"played":[1.0,0.0],"evs":[0.0,-0.87847]},"82o":{"weight":1.0,"played":[1.0,0.0],"evs":[0.0,-0.76641]},"92o":{"weight":1.0,"played":[1.0,0.0],"evs":[0.0,-0.80606]},"T2o":{"weight":1.0,"played":[1.0,0.0],"evs":[0.0,-0.73243]},"J2o":{"weight":1.0,"played":[1.0,0.0],"evs":[0.0,-0.64424]},"Q2o":{"weight":1.0,"played":[1.0,0.0],"evs":[0.0,-0.53854]},"K2o":{"weight":1.0,"played":[1.0,0.0],"evs":[0.0,-0.42104]},"A2o":{"weight":1.0,"played":[1.0,0.0],"evs":[0.0,-0.56025]},"32s":{"weight":1.0,"played":[0.9993,7.0E-4],"evs":[0.0,-0.13029]},"33":{"weight":1.0,"played":[0.0,1.0],"evs":[0.0,0.79733]},"43o":{"weight":1.0,"played":[1.0,0.0],"evs":[0.0,-0.44576]},"53o":{"weight":1.0,"played":[1.0,0.0],"evs":[0.0,-0.39168]},"63o":{"weight":1.0,"played":[1.0,0.0],"evs":[0.0,-0.48282]},"73o":{"weight":1.0,"played":[1.0,0.0],"evs":[0.0,-0.67943]},"83o":{"weight":1.0,"played":[1.0,0.0],"evs":[0.0,-0.76821]},"93o":{"weight":1.0,"played":[1.0,0.0],"evs":[0.0,-0.7187]},"T3o":{"weight":1.0,"played":[1.0,0.0],"evs":[0.0,-0.6624]},"J3o":{"weight":1.0,"played":[1.0,0.0],"evs":[0.0,-0.56833]},"Q3o":{"weight":1.0,"played":[1.0,0.0],"evs":[0.0,-0.47606]},"K3o":{"weight":1.0,"played":[1.0,0.0],"evs":[0.0,-0.35094]},"A3o":{"weight":1.0,"played":[1.0,0.0],"evs":[0.0,-0.51948]},"42s":{"weight":1.0,"played":[0.9593,0.0407],"evs":[0.0,-0.04929]},"43s":{"weight":1.0,"played":[0.0,1.0],"evs":[0.0,0.13336]},"44":{"weight":1.0,"played":[0.0,1.0],"evs":[0.0,0.83186]},"54o":{"weight":1.0,"played":[0.9999,1.0E-4],"evs":[0.0,-0.17114]},"64o":{"weight":1.0,"played":[0.9999,1.0E-4],"evs":[0.0,-0.28582]},"74o":{"weight":1.0,"played":[1.0,0.0],"evs":[0.0,-0.4738]},"84o":{"weight":1.0,"played":[1.0,0.0],"evs":[0.0,-0.56904]},"94o":{"weight":1.0,"played":[1.0,0.0],"evs":[0.0,-0.73217]},"T4o":{"weight":1.0,"played":[1.0,0.0],"evs":[0.0,-0.55037]},"J4o":{"weight":1.0,"played":[1.0,0.0],"evs":[0.0,-0.4998]},"Q4o":{"weight":1.0,"played":[1.0,0.0],"evs":[0.0,-0.40769]},"K4o":{"weight":1.0,"played":[0.9998,2.0E-4],"evs":[0.0,-0.33704]},"A4o":{"weight":1.0,"played":[1.0,0.0],"evs":[0.0,-0.45981]},"52s":{"weight":1.0,"played":[0.8062,0.1938],"evs":[0.0,0.01474]},"53s":{"weight":1.0,"played":[0.0017,0.9983],"evs":[0.0,0.16244]},"54s":{"weight":1.0,"played":[0.0,1.0],"evs":[0.0,0.39781]},"55":{"weight":1.0,"played":[0.0,1.0],"evs":[0.0,1.05168]},"65o":{"weight":1.0,"played":[0.8093,0.1907],"evs":[0.0,-0.01598]},"75o":{"weight":1.0,"played":[0.9998,2.0E-4],"evs":[0.0,-0.23499]},"85o":{"weight":1.0,"played":[1.0,0.0],"evs":[0.0,-0.33985]},"95o":{"weight":1.0,"played":[1.0,0.0],"evs":[0.0,-0.53235]},"T5o":{"weight":1.0,"played":[1.0,0.0],"evs":[0.0,-0.55232]},"J5o":{"weight":1.0,"played":[1.0,0.0],"evs":[0.0,-0.45169]},"Q5o":{"weight":1.0,"played":[1.0,0.0],"evs":[0.0,-0.33234]},"K5o":{"weight":1.0,"played":[1.0,0.0],"evs":[0.0,-0.23999]},"A5o":{"weight":1.0,"played":[1.0,0.0],"evs":[0.0,-0.37786]},"62s":{"weight":1.0,"played":[0.9986,0.0014],"evs":[0.0,-0.11146]},"63s":{"weight":1.0,"played":[0.0579,0.9421],"evs":[0.0,0.03159]},"64s":{"weight":1.0,"played":[0.0,1.0],"evs":[0.0,0.2238]},"65s":{"weight":1.0,"played":[0.0,1.0],"evs":[0.0,0.47884]},"66":{"weight":1.0,"played":[0.0,1.0],"evs":[0.0,1.32732]},"76o":{"weight":1.0,"played":[0.4614,0.5386],"evs":[0.0,0.00535]},"86o":{"weight":1.0,"played":[0.9939,0.0061],"evs":[0.0,-0.10874]},"96o":{"weight":1.0,"played":[1.0,0.0],"evs":[0.0,-0.26526]},"T6o":{"weight":1.0,"played":[1.0,0.0],"evs":[0.0,-0.32799]},"J6o":{"weight":1.0,"played":[1.0,0.0],"evs":[0.0,-0.42135]},"Q6o":{"weight":1.0,"played":[1.0,0.0],"evs":[0.0,-0.26406]},"K6o":{"weight":1.0,"played":[1.0,0.0],"evs":[0.0,-0.22259]},"A6o":{"weight":1.0,"played":[1.0,0.0],"evs":[0.0,-0.48628]},"72s":{"weight":1.0,"played":[1.0,0.0],"evs":[0.0,-0.37675]},"73s":{"weight":1.0,"played":[0.9986,0.0014],"evs":[0.0,-0.13219]},"74s":{"weight":1.0,"played":[0.0546,0.9454],"evs":[0.0,0.10388]},"75s":{"weight":1.0,"played":[0.0,1.0],"evs":[0.0,0.32991]},"76s":{"weight":1.0,"played":[1.0E-4,0.9999],"evs":[0.0,0.52499]},"77":{"weight":1.0,"played":[0.0,1.0],"evs":[0.0,1.5854]},"87o":{"weight":1.0,"played":[0.5865,0.4135],"evs":[0.0,-0.01508]},"97o":{"weight":1.0,"played":[0.9994,6.0E-4],"evs":[0.0,-0.12363]},"T7o":{"weight":1.0,"played":[1.0,0.0],"evs":[0.0,-0.19232]},"J7o":{"weight":1.0,"played":[1.0,0.0],"evs":[0.0,-0.28604]},"Q7o":{"weight":1.0,"played":[1.0,0.0],"evs":[0.0,-0.3244]},"K7o":{"weight":1.0,"played":[1.0,0.0],"evs":[0.0,-0.22246]},"A7o":{"weight":1.0,"played":[1.0,0.0],"evs":[0.0,-0.40047]},"82s":{"weight":1.0,"played":[1.0,0.0],"evs":[0.0,-0.22971]},"83s":{"weight":1.0,"played":[1.0,0.0],"evs":[0.0,-0.19188]},"84s":{"weight":1.0,"played":[0.7191,0.2809],"evs":[0.0,-0.00102]},"85s":{"weight":1.0,"played":[0.0,1.0],"evs":[0.0,0.27922]},"86s":{"weight":1.0,"played":[0.0,1.0],"evs":[0.0,0.4911]},"87s":{"weight":1.0,"played":[0.0,1.0],"evs":[0.0,0.57867]},"88":{"weight":1.0,"played":[0.0,1.0],"evs":[0.0,1.9977]},"98o":{"weight":1.0,"played":[0.0667,0.9333],"evs":[0.0,0.058]},"T8o":{"weight":1.0,"played":[0.2001,0.7999],"evs":[0.0,0.06056]},"J8o":{"weight":1.0,"played":[0.9912,0.0088],"evs":[0.0,-0.0449]},"Q8o":{"weight":1.0,"played":[0.9999,1.0E-4],"evs":[0.0,-0.12199]},"K8o":{"weight":1.0,"played":[0.9995,5.0E-4],"evs":[0.0,-0.13795]},"A8o":{"weight":1.0,"played":[0.9997,3.0E-4],"evs":[0.0,-0.21336]},"92s":{"weight":1.0,"played":[0.9996,4.0E-4],"evs":[0.0,-0.1944]},"93s":{"weight":1.0,"played":[0.9998,2.0E-4],"evs":[0.0,-0.15863]},"94s":{"weight":1.0,"played":[0.9979,0.0021],"evs":[0.0,-0.13376]},"95s":{"weight":1.0,"played":[0.0018,0.9982],"evs":[0.0,0.14087]},"96s":{"weight":1.0,"played":[1.0E-4,0.9999],"evs":[0.0,0.28111]},"97s":{"weight":1.0,"played":[0.0,1.0],"evs":[0.0,0.43876]},"98s":{"weight":1.0,"played":[0.0,1.0],"evs":[0.0,0.58128]},"99":{"weight":1.0,"played":[0.0,1.0],"evs":[0.0,2.3932]},"T9o":{"weight":1.0,"played":[0.0,1.0],"evs":[0.0,0.1565]},"J9o":{"weight":1.0,"played":[0.0089,0.9911],"evs":[0.0,0.10113]},"Q9o":{"weight":1.0,"played":[0.5442,0.4558],"evs":[0.0,0.0336]},"K9o":{"weight":1.0,"played":[0.7386,0.2614],"evs":[0.0,-0.02232]},"A9o":{"weight":1.0,"played":[0.1344,0.8656],"evs":[0.0,0.04719]},"T2s":{"weight":1.0,"played":[0.9991,9.0E-4],"evs":[0.0,-0.1088]},"T3s":{"weight":1.0,"played":[0.9642,0.0358],"evs":[0.0,-0.06451]},"T4s":{"weight":1.0,"played":[0.6686,0.3314],"evs":[0.0,-0.03019]},"T5s":{"weight":1.0,"played":[0.348,0.652],"evs":[0.0,-0.01501]},"T6s":{"weight":1.0,"played":[4.0E-4,0.9996],"evs":[0.0,0.2772]},"T7s":{"weight":1.0,"played":[9.0E-4,0.9991],"evs":[0.0,0.32762]},"T8s":{"weight":1.0,"played":[0.0,1.0],"evs":[0.0,0.62118]},"T9s":{"weight":1.0,"played":[0.0,1.0],"evs":[0.0,0.69549]},"TT":{"weight":1.0,"played":[0.0,1.0],"evs":[0.0,3.02876]},"JTo":{"weight":1.0,"played":[0.0,1.0],"evs":[0.0,0.42259]},"QTo":{"weight":1.0,"played":[0.0,1.0],"evs":[0.0,0.35018]},"KTo":{"weight":1.0,"played":[0.0,1.0],"evs":[0.0,0.33061]},"ATo":{"weight":1.0,"played":[0.0,1.0],"evs":[0.0,0.68942]},"J2s":{"weight":1.0,"played":[0.9605,0.0395],"evs":[0.0,-0.08205]},"J3s":{"weight":1.0,"played":[0.5712,0.4288],"evs":[0.0,0.02774]},"J4s":{"weight":1.0,"played":[0.6054,0.3946],"evs":[0.0,0.01087]},"J5s":{"weight":1.0,"played":[2.0E-4,0.9998],"evs":[0.0,0.04806]},"J6s":{"weight":1.0,"played":[5.0E-4,0.9995],"evs":[0.0,0.14036]},"J7s":{"weight":1.0,"played":[0.0,1.0],"evs":[0.0,0.2934]},"J8s":{"weight":1.0,"played":[0.0,1.0],"evs":[0.0,0.49812]},"J9s":{"weight":1.0,"played":[0.0,1.0],"evs":[0.0,0.68158]},"JTs":{"weight":1.0,"played":[0.0,1.0],"evs":[0.0,0.9096]},"JJ":{"weight":1.0,"played":[0.0,1.0],"evs":[0.0,3.75517]},"QJo":{"weight":1.0,"played":[0.0,1.0],"evs":[0.0,0.43419]},"KJo":{"weight":1.0,"played":[0.0,1.0],"evs":[0.0,0.46528]},"AJo":{"weight":1.0,"played":[0.0,1.0],"evs":[0.0,1.27782]},"Q2s":{"weight":1.0,"played":[0.0526,0.9474],"evs":[0.0,0.04068]},"Q3s":{"weight":1.0,"played":[0.0107,0.9893],"evs":[0.0,0.07764]},"Q4s":{"weight":1.0,"played":[0.0101,0.9899],"evs":[0.0,0.14346]},"Q5s":{"weight":1.0,"played":[0.0031,0.9969],"evs":[0.0,0.17278]},"Q6s":{"weight":1.0,"played":[0.0029,0.9971],"evs":[0.0,0.2405]},"Q7s":{"weight":1.0,"played":[9.0E-4,0.9991],"evs":[0.0,0.21934]},"Q8s":{"weight":1.0,"played":[2.0E-4,0.9998],"evs":[0.0,0.46648]},"Q9s":{"weight":1.0,"played":[3.0E-4,0.9997],"evs":[0.0,0.57587]},"QTs":{"weight":1.0,"played":[0.0,1.0],"evs":[0.0,0.86664]},"QJs":{"weight":1.0,"played":[0.0,1.0],"evs":[0.0,0.92492]},"QQ":{"weight":1.0,"played":[0.0,1.0],"evs":[0.0,4.57773]},"KQo":{"weight":1.0,"played":[0.0,1.0],"evs":[0.0,0.74325]},"AQo":{"weight":1.0,"played":[0.0,1.0],"evs":[0.0,2.06081]},"K2s":{"weight":1.0,"played":[0.0,1.0],"evs":[0.0,0.17879]},"K3s":{"weight":1.0,"played":[0.0011,0.9989],"evs":[0.0,0.18667]},"K4s":{"weight":1.0,"played":[0.0,1.0],"evs":[0.0,0.25496]},"K5s":{"weight":1.0,"played":[0.0,1.0],"evs":[0.0,0.31938]},"K6s":{"weight":1.0,"played":[3.0E-4,0.9997],"evs":[0.0,0.35099]},"K7s":{"weight":1.0,"played":[3.0E-4,0.9997],"evs":[0.0,0.38279]},"K8s":{"weight":1.0,"played":[4.0E-4,0.9996],"evs":[0.0,0.39273]},"K9s":{"weight":1.0,"played":[0.0,1.0],"evs":[0.0,0.51378]},"KTs":{"weight":1.0,"played":[0.0,1.0],"evs":[0.0,0.91757]},"KJs":{"weight":1.0,"played":[0.0,1.0],"evs":[0.0,1.0513]},"KQs":{"weight":1.0,"played":[0.0,1.0],"evs":[0.0,1.2865]},"KK":{"weight":1.0,"played":[0.0,1.0],"evs":[0.0,5.54014]},"AKo":{"weight":1.0,"played":[0.0,1.0],"evs":[0.0,2.8508]},"A2s":{"weight":1.0,"played":[0.0019,0.9981],"evs":[0.0,0.06429]},"A3s":{"weight":1.0,"played":[0.0,1.0],"evs":[0.0,0.13092]},"A4s":{"weight":1.0,"played":[8.0E-4,0.9992],"evs":[0.0,0.15339]},"A5s":{"weight":1.0,"played":[0.0,1.0],"evs":[0.0,0.20693]},"A6s":{"weight":1.0,"played":[5.0E-4,0.9995],"evs":[0.0,0.03702]},"A7s":{"weight":1.0,"played":[0.002,0.998],"evs":[0.0,0.1448]},"A8s":{"weight":1.0,"played":[1.0E-4,0.9999],"evs":[0.0,0.45576]},"A9s":{"weight":1.0,"played":[0.0,1.0],"evs":[0.0,0.55342]},"ATs":{"weight":1.0,"played":[0.0,1.0],"evs":[0.0,1.23205]},"AJs":{"weight":1.0,"played":[0.0,1.0],"evs":[0.0,1.8564]},"AQs":{"weight":1.0,"played":[0.0,1.0],"evs":[0.0,2.4593]},"AKs":{"weight":1.0,"played":[0.0,1.0],"evs":[0.0,3.23715]},"AA":{"weight":1.0,"played":[0.0,1.0],"evs":[0.0,7.64766]}}}