{"player":6,"street":0,"children":3,"sequence":[{"player":0,"type":"F","amount":0,"street":0},{"player":1,"type":"F","amount":0,"street":0},{"player":2,"type":"R","amount":11040000,"street":0},{"player":3,"type":"F","amount":0,"street":0},{"player":4,"type":"C","amount":11040000,"street":0},{"player":5,"type":"C","amount":9440000,"street":0}],"actions":[{"type":"F","amount":0},{"type":"C","amount":7840000},{"type":"R","amount":22240000,"node":28}],"hands":{"22":{"weight":1.0,"played":[0.9947,0.0046,7.0E-4],"evs":[0.0,-0.99284,-1.94041]},"32o":{"weight":1.0,"played":[1.0,0.0,0.0],"evs":[0.0,-1.53304,-3.64344]},"42o":{"weight":1.0,"played":[1.0,0.0,0.0],"evs":[0.0,-1.48079,-3.70441]},"52o":{"weight":1.0,"played":[1.0,0.0,0.0],"evs":[0.0,-1.68067,-3.76474]},"62o":{"weight":1.0,"played":[1.0,0.0,0.0],"evs":[0.0,-1.87089,-3.97955]},"72o":{"weight":1.0,"played":[1.0,0.0,0.0],"evs":[0.0,-1.95985,-4.2779]},"82o":{"weight":1.0,"played":[1.0,0.0,0.0],"evs":[0.0,-1.92888,-4.21886]},"92o":{"weight":1.0,"played":[1.0,0.0,0.0],"evs":[0.0,-1.78041,-4.03323]},"T2o":{"weight":1.0,"played":[0.9997,2.0E-4,1.0E-4],"evs":[0.0,-1.64341,-3.76355]},"J2o":{"weight":1.0,"played":[0.9999,1.0E-4,0.0],"evs":[0.0,-1.94971,-4.31828]},"Q2o":{"weight":1.0,"played":[1.0,0.0,0.0],"evs":[0.0,-1.80796,-4.39965]},"K2o":{"weight":1.0,"played":[1.0,0.0,0.0],"evs":[0.0,-1.71069,-4.0793]},"A2o":{"weight":1.0,"played":[0.9999,0.0,0.0],"evs":[0.0,-1.85559,-3.68777]},"32s":{"weight":1.0,"played":[0.9909,0.009,0.0],"evs":[0.0,-1.20558,-2.87942]},"33":{"weight":1.0,"played":[0.9976,0.0023,1.0E-4],"evs":[0.0,-1.21277,-1.82375]},"43o":{"weight":1.0,"played":[1.0,0.0,0.0],"evs":[0.0,-1.46943,-3.44159]},"53o":{"weight":1.0,"played":[1.0,0.0,0.0],"evs":[0.0,-1.45629,-3.36223]},"63o":{"weight":1.0,"played":[1.0,0.0,0.0],"evs":[0.0,-1.49656,-3.35705]},"73o":{"weight":1.0,"played":[1.0,0.0,0.0],"evs":[0.0,-1.50701,-3.69123]},"83o":{"weight":1.0,"played":[1.0,0.0,0.0],"evs":[0.0,-1.46165,-3.6035]},"93o":{"weight":1.0,"played":[1.0,0.0,0.0],"evs":[0.0,-1.40963,-3.44797]},"T3o":{"weight":1.0,"played":[1.0,0.0,0.0],"evs":[0.0,-1.84006,-3.87858]},"J3o":{"weight":1.0,"played":[1.0,0.0,0.0],"evs":[0.0,-1.54836,-3.65451]},"Q3o":{"weight":1.0,"played":[0.9996,4.0E-4,0.0],"evs":[0.0,-1.61305,-3.82274]},"K3o":{"weight":1.0,"played":[1.0,0.0,0.0],"evs":[0.0,-1.44609,-3.4899]},"A3o":{"weight":1.0,"played":[1.0,0.0,0.0],"evs":[0.0,-1.71144,-3.37471]},"42s":{"weight":1.0,"played":[0.9999,1.0E-4,1.0E-4],"evs":[0.0,-0.83513,-2.44461]},"43s":{"weight":1.0,"played":[0.9972,0.002,8.0E-4],"evs":[0.0,-1.29731,-3.02852]},"44":{"weight":1.0,"played":[0.9998,2.0E-4,0.0],"evs":[0.0,-0.79723,-1.22386]},"54o":{"weight":1.0,"played":[0.9999,0.0,0.0],"evs":[0.0,-1.22323,-2.99348]},"64o":{"weight":1.0,"played":[1.0,0.0,0.0],"evs":[0.0,-1.45837,-3.19218]},"74o":{"weight":1.0,"played":[0.9998,1.0E-4,1.0E-4],"evs":[0.0,-1.68263,-3.44858]},"84o":{"weight":1.0,"played":[1.0,0.0,0.0],"evs":[0.0,-1.31121,-3.3804]},"94o":{"weight":1.0,"played":[1.0,0.0,0.0],"evs":[0.0,-1.54605,-3.57065]},"T4o":{"weight":1.0,"played":[1.0,0.0,0.0],"evs":[0.0,-1.8897,-3.93633]},"J4o":{"weight":1.0,"played":[1.0,0.0,0.0],"evs":[0.0,-1.52355,-3.73365]},"Q4o":{"weight":1.0,"played":[1.0,0.0,0.0],"evs":[0.0,-1.62103,-3.57742]},"K4o":{"weight":1.0,"played":[0.9999,0.0,1.0E-4],"evs":[0.0,-1.42188,-3.24548]},"A4o":{"weight":1.0,"played":[1.0,0.0,0.0],"evs":[0.0,-1.85059,-3.31429]},"52s":{"weight":1.0,"played":[0.999,7.0E-4,2.0E-4],"evs":[0.0,-1.06645,-2.67668]},"53s":{"weight":1.0,"played":[0.8092,0.19,8.0E-4],"evs":[0.0,0.0015,-1.26443]},"54s":{"weight":1.0,"played":[0.9999,1.0E-4,0.0],"evs":[0.0,-1.10126,-2.6045]},"55":{"weight":1.0,"played":[0.9823,5.0E-4,0.0172],"evs":[0.0,-0.5118,-0.42003]},"65o":{"weight":1.0,"played":[1.0,0.0,0.0],"evs":[0.0,-1.26334,-2.89117]},"75o":{"weight":1.0,"played":[1.0,0.0,0.0],"evs":[0.0,-1.17723,-2.77799]},"85o":{"weight":1.0,"played":[1.0,0.0,0.0],"evs":[0.0,-1.25369,-2.90674]},"95o":{"weight":1.0,"played":[0.9998,2.0E-4,0.0],"evs":[0.0,-1.45047,-3.32029]},"T5o":{"weight":1.0,"played":[1.0,0.0,0.0],"evs":[0.0,-1.29538,-3.03215]},"J5o":{"weight":1.0,"played":[1.0,0.0,0.0],"evs":[0.0,-1.54513,-3.57705]},"Q5o":{"weight":1.0,"played":[0.9998,1.0E-4,1.0E-4],"evs":[0.0,-1.68659,-3.79513]},"K5o":{"weight":1.0,"played":[1.0,0.0,0.0],"evs":[0.0,-1.51747,-3.25492]},"A5o":{"weight":1.0,"played":[0.9999,1.0E-4,0.0],"evs":[0.0,-1.55354,-2.88725]},"62s":{"weight":1.0,"played":[0.9986,4.0E-4,9.0E-4],"evs":[0.0,-0.8965,-2.42151]},"63s":{"weight":1.0,"played":[0.9988,5.0E-4,7.0E-4],"evs":[0.0,-1.10967,-2.69257]},"64s":{"weight":1.0,"played":[0.9995,4.0E-4,0.0],"evs":[0.0,-1.13087,-2.57762]},"65s":{"weight":1.0,"played":[0.9987,7.0E-4,6.0E-4],"evs":[0.0,-0.46921,-1.59172]},"66":{"weight":1.0,"played":[0.9905,1.0E-4,0.0094],"evs":[0.0,-0.41587,-0.61925]},"76o":{"weight":1.0,"played":[0.9998,1.0E-4,1.0E-4],"evs":[0.0,-0.94742,-2.3239]},"86o":{"weight":1.0,"played":[1.0,0.0,0.0],"evs":[0.0,-1.22388,-2.724]},"96o":{"weight":1.0,"played":[1.0,0.0,0.0],"evs":[0.0,-1.095,-2.32769]},"T6o":{"weight":1.0,"played":[1.0,0.0,0.0],"evs":[0.0,-1.63032,-3.46085]},"J6o":{"weight":1.0,"played":[1.0,0.0,0.0],"evs":[0.0,-1.4497,-3.30273]},"Q6o":{"weight":1.0,"played":[0.9999,0.0,1.0E-4],"evs":[0.0,-1.2227,-3.07014]},"K6o":{"weight":1.0,"played":[0.9999,1.0E-4,0.0],"evs":[0.0,-1.33661,-3.352]},"A6o":{"weight":1.0,"played":[0.9999,0.0,0.0],"evs":[0.0,-1.54408,-3.21019]},"72s":{"weight":1.0,"played":[1.0,0.0,0.0],"evs":[0.0,-1.12653,-3.3111]},"73s":{"weight":1.0,"played":[1.0,0.0,0.0],"evs":[0.0,-1.52308,-3.091]},"74s":{"weight":1.0,"played":[1.0,0.0,0.0],"evs":[0.0,-1.01456,-2.3738]},"75s":{"weight":1.0,"played":[0.9979,0.0011,9.0E-4],"evs":[0.0,-1.00198,-2.53538]},"76s":{"weight":1.0,"played":[0.5326,0.4672,2.0E-4],"evs":[0.0,-0.20653,-1.32932]},"77":{"weight":1.0,"played":[0.9582,0.0024,0.0393],"evs":[0.0,-0.40669,-0.34915]},"87o":{"weight":1.0,"played":[1.0,0.0,0.0],"evs":[0.0,-0.76708,-2.34113]},"97o":{"weight":1.0,"played":[0.9999,0.0,0.0],"evs":[0.0,-0.94523,-2.34098]},"T7o":{"weight":1.0,"played":[1.0,0.0,0.0],"evs":[0.0,-1.53949,-3.34198]},"J7o":{"weight":1.0,"played":[1.0,0.0,0.0],"evs":[0.0,-1.32044,-3.00838]},"Q7o":{"weight":1.0,"played":[0.9998,0.0,2.0E-4],"evs":[0.0,-1.57605,-3.57431]},"K7o":{"weight":1.0,"played":[1.0,0.0,0.0],"evs":[0.0,-1.21015,-3.03275]},"A7o":{"weight":1.0,"played":[1.0,0.0,0.0],"evs":[0.0,-2.01233,-3.41307]},"82s":{"weight":1.0,"played":[0.9947,0.0049,4.0E-4],"evs":[0.0,-1.67689,-3.60541]},"83s":{"weight":1.0,"played":[0.9634,0.0366,0.0],"evs":[0.0,-1.07656,-2.93051]},"84s":{"weight":1.0,"played":[0.985,0.015,0.0],"evs":[0.0,-0.57107,-2.11723]},"85s":{"weight":1.0,"played":[0.9975,0.0017,8.0E-4],"evs":[0.0,-1.18651,-2.46213]},"86s":{"weight":1.0,"played":[0.9629,0.0369,1.0E-4],"evs":[0.0,-0.64618,-2.15325]},"87s":{"weight":1.0,"played":[0.9982,7.0E-4,0.0012],"evs":[0.0,-0.4311,-1.52422]},"88":{"weight":1.0,"played":[0.6968,0.0344,0.2689],"evs":[0.0,-0.10041,0.1724]},"98o":{"weight":1.0,"played":[0.9971,0.0028,1.0E-4],"evs":[0.0,-1.22383,-2.41172]},"T8o":{"weight":1.0,"played":[1.0,0.0,0.0],"evs":[0.0,-0.84737,-2.38839]},"J8o":{"weight":1.0,"played":[0.9997,3.0E-4,0.0],"evs":[0.0,-1.14221,-2.88388]},"Q8o":{"weight":1.0,"played":[0.9997,3.0E-4,0.0],"evs":[0.0,-1.35961,-3.15655]},"K8o":{"weight":1.0,"played":[0.9976,0.0018,5.0E-4],"evs":[0.0,-1.17929,-2.92181]},"A8o":{"weight":1.0,"played":[0.9999,0.0,1.0E-4],"evs":[0.0,-1.47402,-2.511]},"92s":{"weight":1.0,"played":[0.9955,0.0042,2.0E-4],"evs":[0.0,-1.25212,-3.26479]},"93s":{"weight":1.0,"played":[0.9999,1.0E-4,0.0],"evs":[0.0,-1.26643,-2.88801]},"94s":{"weight":1.0,"played":[0.9991,5.0E-4,4.0E-4],"evs":[0.0,-1.02966,-2.60732]},"95s":{"weight":1.0,"played":[0.999,9.0E-4,2.0E-4],"evs":[0.0,-1.05455,-2.12671]},"96s":{"weight":1.0,"played":[0.9661,0.0323,0.0016],"evs":[0.0,-0.58192,-1.9503]},"97s":{"weight":1.0,"played":[0.9815,0.0173,0.0012],"evs":[0.0,-0.53274,-1.70999]},"98s":{"weight":1.0,"played":[0.991,0.009,0.0],"evs":[0.0,-0.45195,-1.48458]},"99":{"weight":1.0,"played":[0.0034,0.0489,0.9477],"evs":[0.0,0.49589,0.90919]},"T9o":{"weight":1.0,"played":[0.9991,5.0E-4,4.0E-4],"evs":[0.0,-1.08937,-2.3386]},"J9o":{"weight":1.0,"played":[0.9999,0.0,1.0E-4],"evs":[0.0,-0.59571,-2.08487]},"Q9o":{"weight":1.0,"played":[0.9999,0.0,1.0E-4],"evs":[0.0,-1.10751,-2.70398]},"K9o":{"weight":1.0,"played":[1.0,0.0,0.0],"evs":[0.0,-1.15633,-2.61022]},"A9o":{"weight":1.0,"played":[0.9998,1.0E-4,0.0],"evs":[0.0,-1.39619,-2.44039]},"T2s":{"weight":1.0,"played":[0.9998,1.0E-4,1.0E-4],"evs":[0.0,-1.2152,-2.8395]},"T3s":{"weight":1.0,"played":[0.9998,1.0E-4,1.0E-4],"evs":[0.0,-1.45236,-2.9562]},"T4s":{"weight":1.0,"played":[0.9967,0.0027,6.0E-4],"evs":[0.0,-0.95484,-2.39939]},"T5s":{"weight":1.0,"played":[0.9997,1.0E-4,2.0E-4],"evs":[0.0,-0.75002,-2.67803]},"T6s":{"weight":1.0,"played":[0.9967,0.0025,8.0E-4],"evs":[0.0,-0.93438,-2.31462]},"T7s":{"weight":1.0,"played":[1.0,0.0,0.0],"evs":[0.0,-1.07705,-2.42352]},"T8s":{"weight":1.0,"played":[0.9978,0.0014,9.0E-4],"evs":[0.0,-0.44908,-1.74431]},"T9s":{"weight":1.0,"played":[0.9687,0.0271,0.0042],"evs":[0.0,-0.51195,-1.7677]},"TT":{"weight":1.0,"played":[0.0,0.1794,0.8206],"evs":[0.0,1.22014,1.61498]},"JTo":{"weight":1.0,"played":[0.9989,8.0E-4,3.0E-4],"evs":[0.0,-0.86998,-2.01562]},"QTo":{"weight":1.0,"played":[0.9996,2.0E-4,2.0E-4],"evs":[0.0,-1.18092,-2.68189]},"KTo":{"weight":1.0,"played":[0.9955,2.0E-4,0.0043],"evs":[0.0,-1.21925,-2.36541]},"ATo":{"weight":1.0,"played":[0.9963,6.0E-4,0.0031],"evs":[0.0,-1.37548,-1.52276]},"J2s":{"weight":1.0,"played":[0.9933,0.0054,0.0012],"evs":[0.0,-1.12594,-3.03393]},"J3s":{"weight":1.0,"played":[0.9988,0.0012,0.0],"evs":[0.0,-0.79248,-2.52009]},"J4s":{"weight":1.0,"played":[0.9999,1.0E-4,0.0],"evs":[0.0,-1.19313,-2.79258]},"J5s":{"weight":1.0,"played":[1.0,0.0,0.0],"evs":[0.0,-1.35362,-2.80212]},"J6s":{"weight":1.0,"played":[0.9963,0.0026,0.0011],"evs":[0.0,-0.61007,-1.98674]},"J7s":{"weight":1.0,"played":[0.9878,0.0111,0.0011],"evs":[0.0,-0.81185,-2.02456]},"J8s":{"weight":1.0,"played":[1.0,0.0,0.0],"evs":[0.0,-0.9436,-2.16442]},"J9s":{"weight":1.0,"played":[0.9999,0.0,1.0E-4],"evs":[0.0,-0.23367,-1.04951]},"JTs":{"weight":1.0,"played":[0.9097,0.0897,7.0E-4],"evs":[0.0,-0.33178,-0.79551]},"JJ":{"weight":1.0,"played":[2.0E-4,0.0736,0.9262],"evs":[0.0,1.95813,2.39766]},"QJo":{"weight":1.0,"played":[0.9987,0.0013,1.0E-4],"evs":[0.0,-1.2523,-2.63441]},"KJo":{"weight":1.0,"played":[0.9988,3.0E-4,8.0E-4],"evs":[0.0,-0.75186,-1.82435]},"AJo":{"weight":1.0,"played":[1.0,0.0,0.0],"evs":[0.0,-0.80034,-0.71873]},"Q2s":{"weight":1.0,"played":[0.9999,1.0E-4,0.0],"evs":[0.0,-1.21902,-3.29847]},"Q3s":{"weight":1.0,"played":[0.999,9.0E-4,1.0E-4],"evs":[0.0,-0.98487,-2.95233]},"Q4s":{"weight":1.0,"played":[0.9955,0.0043,2.0E-4],"evs":[0.0,-1.4948,-3.12774]},"Q5s":{"weight":1.0,"played":[1.0,0.0,0.0],"evs":[0.0,-1.35361,-3.53069]},"Q6s":{"weight":1.0,"played":[0.9999,0.0,0.0],"evs":[0.0,-1.08654,-2.39007]},"Q7s":{"weight":1.0,"played":[0.9938,0.0062,0.0],"evs":[0.0,-1.43533,-2.66648]},"Q8s":{"weight":1.0,"played":[0.9965,0.0034,1.0E-4],"evs":[0.0,-1.04064,-2.19881]},"Q9s":{"weight":1.0,"played":[1.0,0.0,0.0],"evs":[0.0,-0.8215,-1.88198]},"QTs":{"weight":1.0,"played":[0.9389,0.0585,0.0026],"evs":[0.0,-0.35914,-1.38435]},"QJs":{"weight":1.0,"played":[0.9916,0.0084,1.0E-4],"evs":[0.0,-0.42791,-1.26882]},"QQ":{"weight":1.0,"played":[0.0,0.0048,0.9952],"evs":[0.0,2.01334,2.49453]},"KQo":{"weight":1.0,"played":[0.9994,5.0E-4,1.0E-4],"evs":[0.0,-0.81662,-2.1182]},"AQo":{"weight":1.0,"played":[0.9912,3.0E-4,0.0085],"evs":[0.0,-0.91731,-0.836]},"K2s":{"weight":1.0,"played":[0.9999,1.0E-4,0.0],"evs":[0.0,-1.39147,-3.32598]},"K3s":{"weight":1.0,"played":[0.9973,0.0013,0.0014],"evs":[0.0,-0.83974,-2.60967]},"K4s":{"weight":1.0,"played":[0.9998,2.0E-4,0.0],"evs":[0.0,-0.87785,-2.8006]},"K5s":{"weight":1.0,"played":[0.9997,2.0E-4,1.0E-4],"evs":[0.0,-0.57377,-1.90832]},"K6s":{"weight":1.0,"played":[0.9983,0.0011,5.0E-4],"evs":[0.0,-0.95758,-2.35934]},"K7s":{"weight":1.0,"played":[0.9928,0.0065,7.0E-4],"evs":[0.0,-0.60456,-2.02379]},"K8s":{"weight":1.0,"played":[1.0,0.0,0.0],"evs":[0.0,-0.63196,-1.99412]},"K9s":{"weight":1.0,"played":[1.0,0.0,0.0],"evs":[0.0,-0.27521,-1.62887]},"KTs":{"weight":1.0,"played":[0.9866,0.0132,2.0E-4],"evs":[0.0,-0.26233,-1.36714]},"KJs":{"weight":1.0,"played":[0.8195,0.1796,0.001],"evs":[0.0,-0.36541,-1.16407]},"KQs":{"weight":1.0,"played":[0.6551,0.3444,5.0E-4],"evs":[0.0,-0.04982,-0.84311]},"KK":{"weight":1.0,"played":[0.0,2.0E-4,0.9998],"evs":[0.0,4.17254,4.60796]},"AKo":{"weight":1.0,"played":[0.0158,0.1254,0.8588],"evs":[0.0,0.41412,0.60831]},"A2s":{"weight":1.0,"played":[0.9981,1.0E-4,0.0018],"evs":[0.0,-1.78511,-2.90771]},"A3s":{"weight":1.0,"played":[0.9992,1.0E-4,7.0E-4],"evs":[0.0,-1.47511,-2.2769]},"A4s":{"weight":1.0,"played":[0.9902,0.0097,1.0E-4],"evs":[0.0,-1.4714,-3.04058]},"A5s":{"weight":1.0,"played":[0.9495,0.0319,0.0186],"evs":[0.0,-1.56484,-2.73179]},"A6s":{"weight":1.0,"played":[0.9977,0.0016,8.0E-4],"evs":[0.0,-1.02664,-2.21799]},"A7s":{"weight":1.0,"played":[0.9974,0.0026,0.0],"evs":[0.0,-1.16189,-1.97027]},"A8s":{"weight":1.0,"played":[0.9958,0.0017,0.0025],"evs":[0.0,-1.84132,-3.03711]},"A9s":{"weight":1.0,"played":[0.9079,0.09,0.0022],"evs":[0.0,-0.77155,-1.63139]},"ATs":{"weight":1.0,"played":[0.855,0.0445,0.1006],"evs":[0.0,-0.57268,-0.8216]},"AJs":{"weight":1.0,"played":[0.92,0.0267,0.0533],"evs":[0.0,-0.89593,-0.77079]},"AQs":{"weight":1.0,"played":[0.2303,0.5489,0.2208],"evs":[0.0,0.20379,-0.15571]},"AKs":{"weight":1.0,"played":[7.0E-4,0.0905,0.9088],"evs":[0.0,0.86602,1.19891]},"AA":{"weight":1.0,"played":[1.0E-4,0.0059,0.994],"evs":[0.0,8.0509,8.97901]}}}