{"player":5,"street":0,"children":2,"sequence":[{"player":0,"type":"F","amount":0,"street":0},{"player":1,"type":"F","amount":0,"street":0},{"player":2,"type":"R","amount":11040000,"street":0},{"player":3,"type":"F","amount":0,"street":0},{"player":4,"type":"C","amount":11040000,"street":0},{"player":5,"type":"C","amount":9440000,"street":0},{"player":6,"type":"R","amount":22240000,"street":0},{"player":4,"type":"F","amount":0,"street":0}],"actions":[{"type":"F","amount":0},{"type":"C","amount":1920000}],"hands":{"22":{"weight":0.0,"played":[0.5562,0.4438],"evs":[0.0,-0.62636]},"32o":{"weight":0.0,"played":[0.5691,0.4309],"evs":[0.0,-0.94887]},"42o":{"weight":0.0,"played":[0.9661,0.0339],"evs":[0.0,3.5499]},"52o":{"weight":0.0,"played":[0.9532,0.0468],"evs":[0.0,-1.32621]},"62o":{"weight":0.0,"played":[0.2157,0.7843],"evs":[0.0,7.24782]},"72o":{"weight":0.0,"played":[0.2437,0.7563],"evs":[0.0,2.49009]},"82o":{"weight":0.0,"played":[0.2772,0.7228],"evs":[0.0,2.748]},"92o":{"weight":0.0,"played":[0.8345,0.1655],"evs":[0.0,-1.26463]},"T2o":{"weight":0.0,"played":[0.0596,0.9404],"evs":[0.0,1.38626]},"J2o":{"weight":0.0,"played":[1.0,0.0],"evs":[0.0,-1.36605]},"Q2o":{"weight":0.0,"played":[0.0,1.0],"evs":[0.0,3.34964]},"K2o":{"weight":0.0,"played":[0.0,1.0],"evs":[0.0,0.19316]},"A2o":{"weight":0.0,"played":[0.0,1.0],"evs":[0.0,0.74625]},"32s":{"weight":0.0,"played":[0.0238,0.9762],"evs":[0.0,-1.49077]},"33":{"weight":0.0,"played":[0.1716,0.8284],"evs":[0.0,14.978]},"43o":{"weight":0.0,"played":[0.9204,0.0796],"evs":[0.0,-1.27804]},"53o":{"weight":0.0,"played":[0.6058,0.3942],"evs":[0.0,1.28426]},"63o":{"weight":0.0,"played":[0.8597,0.1403],"evs":[0.0,1.43732]},"73o":{"weight":0.0,"played":[0.0193,0.9807],"evs":[0.0,0.45517]},"83o":{"weight":0.0,"played":[0.1196,0.8804],"evs":[0.0,1.6963]},"93o":{"weight":0.0,"played":[0.4607,0.5393],"evs":[0.0,0.95891]},"T3o":{"weight":0.0,"played":[0.4756,0.5244],"evs":[0.0,7.22052]},"J3o":{"weight":0.0,"played":[0.0,1.0],"evs":[0.0,2.52229]},"Q3o":{"weight":0.0,"played":[0.5865,0.4135],"evs":[0.0,-1.11244]},"K3o":{"weight":0.0,"played":[0.499,0.501],"evs":[0.0,-0.7712]},"A3o":{"weight":0.0,"played":[0.0,1.0],"evs":[0.0,0.28426]},"42s":{"weight":0.0,"played":[0.2155,0.7845],"evs":[0.0,-0.5812]},"43s":{"weight":0.0,"played":[0.9599,0.0401],"evs":[0.0,-1.48637]},"44":{"weight":0.0,"played":[0.123,0.877],"evs":[0.0,14.8668]},"54o":{"weight":0.0,"played":[0.4579,0.5421],"evs":[0.0,1.57518]},"64o":{"weight":0.0,"played":[0.128,0.872],"evs":[0.0,0.88026]},"74o":{"weight":0.0,"played":[0.9953,0.0047],"evs":[0.0,-1.29306]},"84o":{"weight":0.0,"played":[0.0,1.0],"evs":[0.0,4.43961]},"94o":{"weight":0.0,"played":[0.8864,0.1136],"evs":[0.0,-1.45281]},"T4o":{"weight":0.0,"played":[0.8067,0.1933],"evs":[0.0,-1.17884]},"J4o":{"weight":0.0,"played":[0.3515,0.6485],"evs":[0.0,3.36165]},"Q4o":{"weight":0.0,"played":[0.9562,0.0438],"evs":[0.0,0.42933]},"K4o":{"weight":0.0,"played":[0.0,1.0],"evs":[0.0,7.209]},"A4o":{"weight":0.0,"played":[0.049,0.951],"evs":[0.0,11.24758]},"52s":{"weight":0.0,"played":[0.3,0.7],"evs":[0.0,4.46333]},"53s":{"weight":0.0,"played":[0.0428,0.9572],"evs":[0.0,7.75073]},"54s":{"weight":0.0,"played":[0.8471,0.1529],"evs":[0.0,-1.39408]},"55":{"weight":0.0,"played":[0.0,1.0],"evs":[0.0,1.77369]},"65o":{"weight":0.0,"played":[0.0984,0.9016],"evs":[0.0,5.49455]},"75o":{"weight":0.0,"played":[0.1617,0.8383],"evs":[0.0,3.38447]},"85o":{"weight":0.0,"played":[0.1443,0.8557],"evs":[0.0,3.73537]},"95o":{"weight":0.0,"played":[0.7296,0.2704],"evs":[0.0,0.75406]},"T5o":{"weight":0.0,"played":[0.8495,0.1505],"evs":[0.0,2.6226]},"J5o":{"weight":0.0,"played":[0.0456,0.9544],"evs":[0.0,3.66218]},"Q5o":{"weight":0.0,"played":[0.0765,0.9235],"evs":[0.0,-0.13112]},"K5o":{"weight":0.0,"played":[1.0,0.0],"evs":[0.0,-0.78941]},"A5o":{"weight":0.0,"played":[0.9437,0.0563],"evs":[0.0,-1.44413]},"62s":{"weight":0.0,"played":[0.2717,0.7283],"evs":[0.0,5.5547]},"63s":{"weight":0.0,"played":[0.5,0.5],"evs":[0.0,1.32583]},"64s":{"weight":0.0,"played":[0.275,0.725],"evs":[0.0,-0.51971]},"65s":{"weight":0.0,"played":[0.0,1.0],"evs":[0.0,-1.38375]},"66":{"weight":0.0015,"played":[0.0,1.0],"evs":[0.0,9.35346]},"76o":{"weight":0.0,"played":[0.3955,0.6045],"evs":[0.0,4.43053]},"86o":{"weight":0.0,"played":[0.0,1.0],"evs":[0.0,1.38686]},"96o":{"weight":0.0,"played":[0.0705,0.9295],"evs":[0.0,4.59364]},"T6o":{"weight":0.0,"played":[0.0883,0.9117],"evs":[0.0,3.64665]},"J6o":{"weight":0.0,"played":[0.0682,0.9318],"evs":[0.0,1.71733]},"Q6o":{"weight":0.0,"played":[0.0,1.0],"evs":[0.0,4.86653]},"K6o":{"weight":0.0,"played":[0.0,1.0],"evs":[0.0,9.02219]},"A6o":{"weight":0.0,"played":[0.0699,0.9301],"evs":[0.0,5.16883]},"72s":{"weight":0.0,"played":[1.0,0.0],"evs":[0.0,-1.34848]},"73s":{"weight":0.0,"played":[1.0,0.0],"evs":[0.0,-1.34848]},"74s":{"weight":0.0,"played":[0.1633,0.8367],"evs":[0.0,12.98186]},"75s":{"weight":0.0,"played":[1.0,0.0],"evs":[0.0,18.37373]},"76s":{"weight":0.0,"played":[0.32,0.68],"evs":[0.0,-0.58956]},"77":{"weight":0.2982,"played":[0.0499,0.9501],"evs":[0.0,11.32434]},"87o":{"weight":0.0,"played":[0.1018,0.8982],"evs":[0.0,8.60052]},"97o":{"weight":0.0,"played":[0.0892,0.9108],"evs":[0.0,5.23676]},"T7o":{"weight":0.0,"played":[0.0,1.0],"evs":[0.0,5.19049]},"J7o":{"weight":0.0,"played":[0.2242,0.7758],"evs":[0.0,4.0595]},"Q7o":{"weight":0.0,"played":[0.0013,0.9987],"evs":[0.0,4.82987]},"K7o":{"weight":0.0,"played":[0.0,1.0],"evs":[0.0,8.37442]},"A7o":{"weight":0.0,"played":[0.1062,0.8938],"evs":[0.0,1.31203]},"82s":{"weight":0.0,"played":[0.1048,0.8952],"evs":[0.0,1.32583]},"83s":{"weight":0.0,"played":[0.4565,0.5435],"evs":[0.0,7.00974]},"84s":{"weight":0.0,"played":[1.0,0.0],"evs":[0.0,18.37373]},"85s":{"weight":0.0,"played":[0.6605,0.3395],"evs":[0.0,-1.34848]},"86s":{"weight":0.0,"played":[0.9692,0.0308],"evs":[0.0,-1.4532]},"87s":{"weight":0.0,"played":[0.6542,0.3458],"evs":[0.0,3.68555]},"88":{"weight":0.6065,"played":[0.063,0.937],"evs":[0.0,8.40559]},"98o":{"weight":0.0,"played":[0.1344,0.8656],"evs":[0.0,5.52318]},"T8o":{"weight":0.0,"played":[0.5129,0.4871],"evs":[0.0,3.96482]},"J8o":{"weight":0.0,"played":[0.9248,0.0752],"evs":[0.0,0.41733]},"Q8o":{"weight":0.0,"played":[1.0,0.0],"evs":[0.0,-1.13328]},"K8o":{"weight":0.0,"played":[0.8199,0.1801],"evs":[0.0,-1.17409]},"A8o":{"weight":0.0,"played":[0.0,1.0],"evs":[0.0,2.7127]},"92s":{"weight":0.0,"played":[1.0,0.0],"evs":[0.0,-1.49077]},"93s":{"weight":0.0,"played":[0.0,1.0],"evs":[0.0,-0.39357]},"94s":{"weight":0.0,"played":[0.0,1.0],"evs":[0.0,-1.34848]},"95s":{"weight":0.0,"played":[0.0,1.0],"evs":[0.0,18.37373]},"96s":{"weight":0.0,"played":[0.4781,0.5219],"evs":[0.0,1.74204]},"97s":{"weight":0.0,"played":[0.7373,0.2627],"evs":[0.0,-1.45338]},"98s":{"weight":0.0,"played":[0.5,0.5],"evs":[0.0,-1.34848]},"99":{"weight":0.1649,"played":[0.6472,0.3528],"evs":[0.0,-1.43946]},"T9o":{"weight":0.0,"played":[0.2617,0.7383],"evs":[0.0,4.46556]},"J9o":{"weight":0.0,"played":[0.6762,0.3238],"evs":[0.0,-1.13002]},"Q9o":{"weight":0.0,"played":[0.8122,0.1878],"evs":[0.0,-1.03426]},"K9o":{"weight":0.0,"played":[0.7124,0.2876],"evs":[0.0,0.32358]},"A9o":{"weight":0.0,"played":[0.2127,0.7873],"evs":[0.0,0.26285]},"T2s":{"weight":0.0,"played":[1.0,0.0],"evs":[0.0,-1.49077]},"T3s":{"weight":0.0,"played":[0.3087,0.6913],"evs":[0.0,12.01427]},"T4s":{"weight":0.0,"played":[0.0425,0.9575],"evs":[0.0,3.19973]},"T5s":{"weight":0.0,"played":[1.0,0.0],"evs":[0.0,-1.34848]},"T6s":{"weight":0.0,"played":[1.0,0.0],"evs":[0.0,-1.37922]},"T7s":{"weight":0.0,"played":[1.0,0.0],"evs":[0.0,17.13225]},"T8s":{"weight":0.0,"played":[0.954,0.046],"evs":[0.0,5.30586]},"T9s":{"weight":0.0,"played":[0.0076,0.9924],"evs":[0.0,-0.28085]},"TT":{"weight":0.4081,"played":[0.0,1.0],"evs":[0.0,10.87881]},"JTo":{"weight":0.0,"played":[0.5439,0.4561],"evs":[0.0,9.17526]},"QTo":{"weight":0.0,"played":[0.095,0.905],"evs":[0.0,8.51487]},"KTo":{"weight":0.0,"played":[0.8647,0.1353],"evs":[0.0,2.43134]},"ATo":{"weight":0.0,"played":[0.0106,0.9894],"evs":[0.0,4.64087]},"J2s":{"weight":0.0,"played":[0.6855,0.3145],"evs":[0.0,5.44557]},"J3s":{"weight":0.0,"played":[0.0,1.0],"evs":[0.0,17.62057]},"J4s":{"weight":0.0,"played":[0.0,1.0],"evs":[0.0,-0.25024]},"J5s":{"weight":0.0,"played":[0.3436,0.6564],"evs":[0.0,4.5455]},"J6s":{"weight":0.0,"played":[0.5,0.5],"evs":[0.0,0.0]},"J7s":{"weight":0.0,"played":[0.6862,0.3138],"evs":[0.0,-1.32014]},"J8s":{"weight":0.0,"played":[0.1468,0.8532],"evs":[0.0,4.44142]},"J9s":{"weight":0.0,"played":[0.3515,0.6485],"evs":[0.0,10.14226]},"JTs":{"weight":0.0,"played":[0.0182,0.9818],"evs":[0.0,9.29968]},"JJ":{"weight":0.2753,"played":[0.1602,0.8398],"evs":[0.0,5.4604]},"QJo":{"weight":0.0,"played":[0.0567,0.9433],"evs":[0.0,6.04252]},"KJo":{"weight":0.0,"played":[0.1197,0.8803],"evs":[0.0,4.18143]},"AJo":{"weight":1.0E-4,"played":[0.1451,0.8549],"evs":[0.0,6.28322]},"Q2s":{"weight":0.0,"played":[0.5104,0.4896],"evs":[0.0,-1.36575]},"Q3s":{"weight":0.0,"played":[0.0,1.0],"evs":[0.0,-1.34848]},"Q4s":{"weight":0.0,"played":[0.5,0.5],"evs":[0.0,1.32583]},"Q5s":{"weight":0.0,"played":[1.0,0.0],"evs":[0.0,13.24612]},"Q6s":{"weight":0.0,"played":[0.8878,0.1122],"evs":[0.0,-1.44357]},"Q7s":{"weight":0.0,"played":[0.2934,0.7066],"evs":[0.0,6.362]},"Q8s":{"weight":0.0,"played":[0.0,1.0],"evs":[0.0,-0.36138]},"Q9s":{"weight":0.0,"played":[0.0,1.0],"evs":[0.0,2.45013]},"QTs":{"weight":0.0,"played":[0.0,1.0],"evs":[0.0,4.61712]},"QJs":{"weight":0.0,"played":[0.201,0.799],"evs":[0.0,0.92997]},"QQ":{"weight":0.7282,"played":[0.0,1.0],"evs":[0.0,3.16009]},"KQo":{"weight":0.0,"played":[0.3535,0.6465],"evs":[0.0,3.31091]},"AQo":{"weight":0.4277,"played":[0.0,1.0],"evs":[0.0,1.52992]},"K2s":{"weight":0.0,"played":[0.0,1.0],"evs":[0.0,1.32583]},"K3s":{"weight":0.0,"played":[1.0,0.0],"evs":[0.0,0.05279]},"K4s":{"weight":0.0,"played":[0.9885,0.0115],"evs":[0.0,0.21891]},"K5s":{"weight":0.0,"played":[0.824,0.176],"evs":[0.0,-1.3682]},"K6s":{"weight":0.0,"played":[0.9934,0.0066],"evs":[0.0,-1.41258]},"K7s":{"weight":0.0,"played":[0.5,0.5],"evs":[0.0,-1.34848]},"K8s":{"weight":0.0,"played":[0.0772,0.9228],"evs":[0.0,3.20548]},"K9s":{"weight":0.0,"played":[0.1147,0.8853],"evs":[0.0,10.76847]},"KTs":{"weight":0.0,"played":[0.0,1.0],"evs":[0.0,5.65066]},"KJs":{"weight":0.0,"played":[0.4285,0.5715],"evs":[0.0,-0.79557]},"KQs":{"weight":0.0,"played":[0.2133,0.7867],"evs":[0.0,2.59266]},"KK":{"weight":0.1332,"played":[0.0,1.0],"evs":[0.0,12.54631]},"AKo":{"weight":0.6979,"played":[0.0,1.0],"evs":[0.0,7.06233]},"A2s":{"weight":0.0,"played":[1.0,0.0],"evs":[0.0,8.49239]},"A3s":{"weight":0.0,"played":[0.0,1.0],"evs":[0.0,7.64223]},"A4s":{"weight":0.0,"played":[0.8422,0.1578],"evs":[0.0,11.29895]},"A5s":{"weight":0.0,"played":[0.3357,0.6643],"evs":[0.0,-0.56261]},"A6s":{"weight":0.0,"played":[0.0,1.0],"evs":[0.0,-0.41019]},"A7s":{"weight":0.0,"played":[0.3644,0.6356],"evs":[0.0,-1.34848]},"A8s":{"weight":0.0,"played":[0.0,1.0],"evs":[0.0,1.75139]},"A9s":{"weight":0.0,"played":[0.6045,0.3955],"evs":[0.0,-0.99986]},"ATs":{"weight":0.0016,"played":[0.1266,0.8734],"evs":[0.0,4.02576]},"AJs":{"weight":0.4065,"played":[0.5198,0.4802],"evs":[0.0,-1.34848]},"AQs":{"weight":0.6663,"played":[0.0552,0.9448],"evs":[0.0,6.15928]},"AKs":{"weight":0.7143,"played":[0.5,0.5],"evs":[0.0,18.37373]},"AA":{"weight":0.9776,"played":[1.0,0.0],"evs":[0.0,-1.34848]}}}