{"player":6,"street":0,"children":2,"sequence":[{"player":0,"type":"F","amount":0,"street":0},{"player":1,"type":"F","amount":0,"street":0},{"player":2,"type":"R","amount":11040000,"street":0},{"player":3,"type":"F","amount":0,"street":0},{"player":4,"type":"R","amount":22240000,"street":0},{"player":5,"type":"F","amount":0,"street":0}],"actions":[{"type":"F","amount":0},{"type":"C","amount":19040000}],"hands":{"22":{"weight":1.0,"played":[1.0,0.0],"evs":[0.0,-2.11467]},"32o":{"weight":1.0,"played":[1.0,0.0],"evs":[0.0,-4.40109]},"42o":{"weight":1.0,"played":[1.0,0.0],"evs":[0.0,-4.20217]},"52o":{"weight":1.0,"played":[1.0,0.0],"evs":[0.0,-4.0439]},"62o":{"weight":1.0,"played":[1.0,0.0],"evs":[0.0,-4.25303]},"72o":{"weight":1.0,"played":[1.0,0.0],"evs":[0.0,-4.48762]},"82o":{"weight":1.0,"played":[1.0,0.0],"evs":[0.0,-4.42941]},"92o":{"weight":1.0,"played":[1.0,0.0],"evs":[0.0,-4.29354]},"T2o":{"weight":1.0,"played":[1.0,0.0],"evs":[0.0,-4.12859]},"J2o":{"weight":1.0,"played":[1.0,0.0],"evs":[0.0,-4.12314]},"Q2o":{"weight":1.0,"played":[1.0,0.0],"evs":[0.0,-3.87758]},"K2o":{"weight":1.0,"played":[1.0,0.0],"evs":[0.0,-3.65806]},"A2o":{"weight":1.0,"played":[1.0,0.0],"evs":[0.0,-3.43461]},"32s":{"weight":1.0,"played":[1.0,0.0],"evs":[0.0,-3.5882]},"33":{"weight":1.0,"played":[1.0,0.0],"evs":[0.0,-1.68304]},"43o":{"weight":1.0,"played":[1.0,0.0],"evs":[0.0,-3.83076]},"53o":{"weight":1.0,"played":[1.0,0.0],"evs":[0.0,-3.67439]},"63o":{"weight":1.0,"played":[1.0,0.0],"evs":[0.0,-3.85873]},"73o":{"weight":1.0,"played":[1.0,0.0],"evs":[0.0,-4.05568]},"83o":{"weight":1.0,"played":[1.0,0.0],"evs":[0.0,-4.36769]},"93o":{"weight":1.0,"played":[1.0,0.0],"evs":[0.0,-4.17502]},"T3o":{"weight":1.0,"played":[1.0,0.0],"evs":[0.0,-3.95807]},"J3o":{"weight":1.0,"played":[1.0,0.0],"evs":[0.0,-3.91351]},"Q3o":{"weight":1.0,"played":[1.0,0.0],"evs":[0.0,-3.77857]},"K3o":{"weight":1.0,"played":[1.0,0.0],"evs":[0.0,-3.52443]},"A3o":{"weight":1.0,"played":[1.0,0.0],"evs":[0.0,-3.24491]},"42s":{"weight":1.0,"played":[1.0,0.0],"evs":[0.0,-3.43148]},"43s":{"weight":1.0,"played":[1.0,0.0],"evs":[0.0,-3.09108]},"44":{"weight":1.0,"played":[1.0,0.0],"evs":[0.0,-1.20199]},"54o":{"weight":1.0,"played":[1.0,0.0],"evs":[0.0,-3.34594]},"64o":{"weight":1.0,"played":[1.0,0.0],"evs":[0.0,-3.46864]},"74o":{"weight":1.0,"played":[1.0,0.0],"evs":[0.0,-3.65189]},"84o":{"weight":1.0,"played":[1.0,0.0],"evs":[0.0,-3.93706]},"94o":{"weight":1.0,"played":[1.0,0.0],"evs":[0.0,-4.0247]},"T4o":{"weight":1.0,"played":[1.0,0.0],"evs":[0.0,-3.82989]},"J4o":{"weight":1.0,"played":[1.0,0.0],"evs":[0.0,-3.76448]},"Q4o":{"weight":1.0,"played":[1.0,0.0],"evs":[0.0,-3.56252]},"K4o":{"weight":1.0,"played":[1.0,0.0],"evs":[0.0,-3.31384]},"A4o":{"weight":1.0,"played":[1.0,0.0],"evs":[0.0,-3.10447]},"52s":{"weight":1.0,"played":[1.0,0.0],"evs":[0.0,-3.26091]},"53s":{"weight":1.0,"played":[1.0,0.0],"evs":[0.0,-2.81445]},"54s":{"weight":1.0,"played":[1.0,0.0],"evs":[0.0,-2.57014]},"55":{"weight":1.0,"played":[1.0,0.0],"evs":[0.0,-0.79234]},"65o":{"weight":1.0,"played":[1.0,0.0],"evs":[0.0,-3.13073]},"75o":{"weight":1.0,"played":[1.0,0.0],"evs":[0.0,-3.30002]},"85o":{"weight":1.0,"played":[1.0,0.0],"evs":[0.0,-3.58322]},"95o":{"weight":1.0,"played":[1.0,0.0],"evs":[0.0,-3.67822]},"T5o":{"weight":1.0,"played":[1.0,0.0],"evs":[0.0,-3.72748]},"J5o":{"weight":1.0,"played":[1.0,0.0],"evs":[0.0,-3.64669]},"Q5o":{"weight":1.0,"played":[1.0,0.0],"evs":[0.0,-3.43293]},"K5o":{"weight":1.0,"played":[1.0,0.0],"evs":[0.0,-3.25263]},"A5o":{"weight":1.0,"played":[1.0,0.0],"evs":[0.0,-2.88822]},"62s":{"weight":1.0,"played":[1.0,0.0],"evs":[0.0,-3.46254]},"63s":{"weight":1.0,"played":[1.0,0.0],"evs":[0.0,-3.0756]},"64s":{"weight":1.0,"played":[1.0,0.0],"evs":[0.0,-2.68152]},"65s":{"weight":1.0,"played":[1.0,0.0],"evs":[0.0,-2.45089]},"66":{"weight":1.0,"played":[1.0,0.0],"evs":[0.0,-0.31367]},"76o":{"weight":1.0,"played":[1.0,0.0],"evs":[0.0,-3.00696]},"86o":{"weight":1.0,"played":[1.0,0.0],"evs":[0.0,-3.22246]},"96o":{"weight":1.0,"played":[1.0,0.0],"evs":[0.0,-3.35226]},"T6o":{"weight":1.0,"played":[1.0,0.0],"evs":[0.0,-3.40737]},"J6o":{"weight":1.0,"played":[1.0,0.0],"evs":[0.0,-3.54275]},"Q6o":{"weight":1.0,"played":[1.0,0.0],"evs":[0.0,-3.33622]},"K6o":{"weight":1.0,"played":[1.0,0.0],"evs":[0.0,-3.11851]},"A6o":{"weight":1.0,"played":[1.0,0.0],"evs":[0.0,-3.06618]},"72s":{"weight":1.0,"played":[1.0,0.0],"evs":[0.0,-3.63418]},"73s":{"weight":1.0,"played":[1.0,0.0],"evs":[0.0,-3.27453]},"74s":{"weight":1.0,"played":[1.0,0.0],"evs":[0.0,-2.78681]},"75s":{"weight":1.0,"played":[1.0,0.0],"evs":[0.0,-2.56499]},"76s":{"weight":1.0,"played":[1.0,0.0],"evs":[0.0,-2.32311]},"77":{"weight":1.0,"played":[0.9151,0.0849],"evs":[0.0,-0.0458]},"87o":{"weight":1.0,"played":[1.0,0.0],"evs":[0.0,-2.98444]},"97o":{"weight":1.0,"played":[1.0,0.0],"evs":[0.0,-3.10257]},"T7o":{"weight":1.0,"played":[1.0,0.0],"evs":[0.0,-3.11659]},"J7o":{"weight":1.0,"played":[1.0,0.0],"evs":[0.0,-3.23558]},"Q7o":{"weight":1.0,"played":[1.0,0.0],"evs":[0.0,-3.31801]},"K7o":{"weight":1.0,"played":[1.0,0.0],"evs":[0.0,-3.06715]},"A7o":{"weight":1.0,"played":[1.0,0.0],"evs":[0.0,-2.90409]},"82s":{"weight":1.0,"played":[1.0,0.0],"evs":[0.0,-3.61849]},"83s":{"weight":1.0,"played":[1.0,0.0],"evs":[0.0,-3.51802]},"84s":{"weight":1.0,"played":[1.0,0.0],"evs":[0.0,-3.19799]},"85s":{"weight":1.0,"played":[1.0,0.0],"evs":[0.0,-2.84005]},"86s":{"weight":1.0,"played":[1.0,0.0],"evs":[0.0,-2.47498]},"87s":{"weight":1.0,"played":[1.0,0.0],"evs":[0.0,-2.29248]},"88":{"weight":1.0,"played":[0.0,1.0],"evs":[0.0,0.45197]},"98o":{"weight":1.0,"played":[1.0,0.0],"evs":[0.0,-2.91949]},"T8o":{"weight":1.0,"played":[1.0,0.0],"evs":[0.0,-2.94906]},"J8o":{"weight":1.0,"played":[1.0,0.0],"evs":[0.0,-3.10311]},"Q8o":{"weight":1.0,"played":[1.0,0.0],"evs":[0.0,-3.18076]},"K8o":{"weight":1.0,"played":[1.0,0.0],"evs":[0.0,-3.13218]},"A8o":{"weight":1.0,"played":[1.0,0.0],"evs":[0.0,-2.54067]},"92s":{"weight":1.0,"played":[1.0,0.0],"evs":[0.0,-3.48633]},"93s":{"weight":1.0,"played":[1.0,0.0],"evs":[0.0,-3.38272]},"94s":{"weight":1.0,"played":[1.0,0.0],"evs":[0.0,-3.2045]},"95s":{"weight":1.0,"played":[1.0,0.0],"evs":[0.0,-2.9049]},"96s":{"weight":1.0,"played":[1.0,0.0],"evs":[0.0,-2.59531]},"97s":{"weight":1.0,"played":[1.0,0.0],"evs":[0.0,-2.44566]},"98s":{"weight":1.0,"played":[1.0,0.0],"evs":[0.0,-2.23272]},"99":{"weight":1.0,"played":[0.0,1.0],"evs":[0.0,1.20294]},"T9o":{"weight":1.0,"played":[1.0,0.0],"evs":[0.0,-2.57187]},"J9o":{"weight":1.0,"played":[1.0,0.0],"evs":[0.0,-2.77965]},"Q9o":{"weight":1.0,"played":[1.0,0.0],"evs":[0.0,-2.82764]},"K9o":{"weight":1.0,"played":[1.0,0.0],"evs":[0.0,-2.81439]},"A9o":{"weight":1.0,"played":[1.0,0.0],"evs":[0.0,-2.02034]},"T2s":{"weight":1.0,"played":[1.0,0.0],"evs":[0.0,-3.35187]},"T3s":{"weight":1.0,"played":[1.0,0.0],"evs":[0.0,-3.22384]},"T4s":{"weight":1.0,"played":[1.0,0.0],"evs":[0.0,-3.04729]},"T5s":{"weight":1.0,"played":[1.0,0.0],"evs":[0.0,-2.94069]},"T6s":{"weight":1.0,"played":[1.0,0.0],"evs":[0.0,-2.60363]},"T7s":{"weight":1.0,"played":[1.0,0.0],"evs":[0.0,-2.39907]},"T8s":{"weight":1.0,"played":[1.0,0.0],"evs":[0.0,-2.1853]},"T9s":{"weight":1.0,"played":[1.0,0.0],"evs":[0.0,-1.96058]},"TT":{"weight":1.0,"played":[0.0,1.0],"evs":[0.0,2.11865]},"JTo":{"weight":1.0,"played":[1.0,0.0],"evs":[0.0,-2.21768]},"QTo":{"weight":1.0,"played":[1.0,0.0],"evs":[0.0,-2.24108]},"KTo":{"weight":1.0,"played":[1.0,0.0],"evs":[0.0,-2.13821]},"ATo":{"weight":1.0,"played":[1.0,0.0],"evs":[0.0,-1.1392]},"J2s":{"weight":1.0,"played":[1.0,0.0],"evs":[0.0,-3.22181]},"J3s":{"weight":1.0,"played":[1.0,0.0],"evs":[0.0,-3.09131]},"J4s":{"weight":1.0,"played":[1.0,0.0],"evs":[0.0,-3.04203]},"J5s":{"weight":1.0,"played":[1.0,0.0],"evs":[0.0,-2.84328]},"J6s":{"weight":1.0,"played":[1.0,0.0],"evs":[0.0,-2.81831]},"J7s":{"weight":1.0,"played":[1.0,0.0],"evs":[0.0,-2.61331]},"J8s":{"weight":1.0,"played":[1.0,0.0],"evs":[0.0,-2.34729]},"J9s":{"weight":1.0,"played":[1.0,0.0],"evs":[0.0,-2.05062]},"JTs":{"weight":1.0,"played":[1.0,0.0],"evs":[0.0,-1.47846]},"JJ":{"weight":1.0,"played":[0.0,1.0],"evs":[0.0,3.15948]},"QJo":{"weight":1.0,"played":[1.0,0.0],"evs":[0.0,-2.11359]},"KJo":{"weight":1.0,"played":[1.0,0.0],"evs":[0.0,-1.97268]},"AJo":{"weight":1.0,"played":[1.0,0.0],"evs":[0.0,-0.48832]},"Q2s":{"weight":1.0,"played":[1.0,0.0],"evs":[0.0,-3.09869]},"Q3s":{"weight":1.0,"played":[1.0,0.0],"evs":[0.0,-2.95464]},"Q4s":{"weight":1.0,"played":[1.0,0.0],"evs":[0.0,-2.7247]},"Q5s":{"weight":1.0,"played":[1.0,0.0],"evs":[0.0,-2.66646]},"Q6s":{"weight":1.0,"played":[1.0,0.0],"evs":[0.0,-2.55293]},"Q7s":{"weight":1.0,"played":[1.0,0.0],"evs":[0.0,-2.56287]},"Q8s":{"weight":1.0,"played":[1.0,0.0],"evs":[0.0,-2.39407]},"Q9s":{"weight":1.0,"played":[1.0,0.0],"evs":[0.0,-2.10304]},"QTs":{"weight":1.0,"played":[1.0,0.0],"evs":[0.0,-1.472]},"QJs":{"weight":1.0,"played":[1.0,0.0],"evs":[0.0,-1.4134]},"QQ":{"weight":1.0,"played":[0.0,1.0],"evs":[0.0,4.35232]},"KQo":{"weight":1.0,"played":[1.0,0.0],"evs":[0.0,-1.49972]},"AQo":{"weight":1.0,"played":[0.0,1.0],"evs":[0.0,0.50212]},"K2s":{"weight":1.0,"played":[1.0,0.0],"evs":[0.0,-2.84866]},"K3s":{"weight":1.0,"played":[1.0,0.0],"evs":[0.0,-2.71]},"K4s":{"weight":1.0,"played":[1.0,0.0],"evs":[0.0,-2.6293]},"K5s":{"weight":1.0,"played":[1.0,0.0],"evs":[0.0,-2.3598]},"K6s":{"weight":1.0,"played":[1.0,0.0],"evs":[0.0,-2.30423]},"K7s":{"weight":1.0,"played":[1.0,0.0],"evs":[0.0,-2.25953]},"K8s":{"weight":1.0,"played":[1.0,0.0],"evs":[0.0,-2.35302]},"K9s":{"weight":1.0,"played":[1.0,0.0],"evs":[0.0,-2.15959]},"KTs":{"weight":1.0,"played":[1.0,0.0],"evs":[0.0,-1.35918]},"KJs":{"weight":1.0,"played":[1.0,0.0],"evs":[0.0,-1.28065]},"KQs":{"weight":1.0,"played":[1.0,0.0],"evs":[0.0,-0.84468]},"KK":{"weight":1.0,"played":[0.0,1.0],"evs":[0.0,5.27728]},"AKo":{"weight":1.0,"played":[0.0,1.0],"evs":[0.0,1.36866]},"A2s":{"weight":1.0,"played":[1.0,0.0],"evs":[0.0,-2.57799]},"A3s":{"weight":1.0,"played":[1.0,0.0],"evs":[0.0,-2.5219]},"A4s":{"weight":1.0,"played":[1.0,0.0],"evs":[0.0,-2.1833]},"A5s":{"weight":1.0,"played":[1.0,0.0],"evs":[0.0,-2.18449]},"A6s":{"weight":1.0,"played":[1.0,0.0],"evs":[0.0,-2.23642]},"A7s":{"weight":1.0,"played":[1.0,0.0],"evs":[0.0,-2.1004]},"A8s":{"weight":1.0,"played":[1.0,0.0],"evs":[0.0,-1.88352]},"A9s":{"weight":1.0,"played":[1.0,0.0],"evs":[0.0,-1.22245]},"ATs":{"weight":1.0,"played":[0.9981,0.0019],"evs":[0.0,-0.46652]},"AJs":{"weight":1.0,"played":[0.0,1.0],"evs":[0.0,0.1239]},"AQs":{"weight":1.0,"played":[0.0,1.0],"evs":[0.0,1.00359]},"AKs":{"weight":1.0,"played":[0.0,1.0],"evs":[0.0,1.85858]},"AA":{"weight":1.0,"played":[0.0,1.0],"evs":[0.0,7.46296]}}}