{"player":4,"street":0,"children":2,"sequence":[{"player":0,"type":"F","amount":0,"street":0},{"player":1,"type":"F","amount":0,"street":0},{"player":2,"type":"F","amount":0,"street":0},{"player":3,"type":"F","amount":0,"street":0}],"actions":[{"type":"F","amount":0,"node":5},{"type":"R","amount":22240000,"node":7}],"hands":{"22":{"weight":1.0,"played":[0.0,1.0],"evs":[0.0,0.94833]},"32o":{"weight":1.0,"played":[1.0,0.0],"evs":[0.0,-0.25819]},"42o":{"weight":1.0,"played":[1.0,0.0],"evs":[0.0,-0.21716]},"52o":{"weight":1.0,"played":[1.0,0.0],"evs":[0.0,-0.1581]},"62o":{"weight":1.0,"played":[1.0,0.0],"evs":[0.0,-0.21636]},"72o":{"weight":1.0,"played":[1.0,0.0],"evs":[0.0,-0.2409]},"82o":{"weight":1.0,"played":[1.0,0.0],"evs":[0.0,-0.18813]},"92o":{"weight":1.0,"played":[1.0,0.0],"evs":[0.0,-0.15966]},"T2o":{"weight":1.0,"played":[1.0,0.0],"evs":[0.0,-0.1029]},"J2o":{"weight":1.0,"played":[1.0,0.0],"evs":[0.0,-0.0499]},"Q2o":{"weight":1.0,"played":[3.0E-4,0.9997],"evs":[0.0,0.01972]},"K2o":{"weight":1.0,"played":[0.0,1.0],"evs":[0.0,0.2426]},"A2o":{"weight":1.0,"played":[0.0,1.0],"evs":[0.0,0.94775]},"32s":{"weight":1.0,"played":[0.0,1.0],"evs":[0.0,0.04131]},"33":{"weight":1.0,"played":[0.0,1.0],"evs":[0.0,1.04176]},"43o":{"weight":1.0,"played":[1.0,0.0],"evs":[0.0,-0.10176]},"53o":{"weight":1.0,"played":[1.0,0.0],"evs":[0.0,-0.05022]},"63o":{"weight":1.0,"played":[1.0,0.0],"evs":[0.0,-0.09892]},"73o":{"weight":1.0,"played":[1.0,0.0],"evs":[0.0,-0.1246]},"83o":{"weight":1.0,"played":[1.0,0.0],"evs":[0.0,-0.16211]},"93o":{"weight":1.0,"played":[1.0,0.0],"evs":[0.0,-0.11752]},"T3o":{"weight":1.0,"played":[1.0,0.0],"evs":[0.0,-0.0625]},"J3o":{"weight":1.0,"played":[0.9918,0.0082],"evs":[0.0,-0.01179]},"Q3o":{"weight":1.0,"played":[0.0,1.0],"evs":[0.0,0.05899]},"K3o":{"weight":1.0,"played":[0.0,1.0],"evs":[0.0,0.28175]},"A3o":{"weight":1.0,"played":[0.0,1.0],"evs":[0.0,0.98496]},"42s":{"weight":1.0,"played":[0.0,1.0],"evs":[0.0,0.07612]},"43s":{"weight":1.0,"played":[0.0,1.0],"evs":[0.0,0.18479]},"44":{"weight":1.0,"played":[0.0,1.0],"evs":[0.0,1.13121]},"54o":{"weight":1.0,"played":[0.0,1.0],"evs":[0.0,0.07384]},"64o":{"weight":1.0,"played":[0.0121,0.9879],"evs":[0.0,0.01836]},"74o":{"weight":1.0,"played":[1.0,0.0],"evs":[0.0,-0.01508]},"84o":{"weight":1.0,"played":[1.0,0.0],"evs":[0.0,-0.06491]},"94o":{"weight":1.0,"played":[1.0,0.0],"evs":[0.0,-0.1041]},"T4o":{"weight":1.0,"played":[1.0,0.0],"evs":[0.0,-0.02848]},"J4o":{"weight":1.0,"played":[0.0,1.0],"evs":[0.0,0.02028]},"Q4o":{"weight":1.0,"played":[0.0,1.0],"evs":[0.0,0.09045]},"K4o":{"weight":1.0,"played":[0.0,1.0],"evs":[0.0,0.30886]},"A4o":{"weight":1.0,"played":[0.0,1.0],"evs":[0.0,1.01152]},"52s":{"weight":1.0,"played":[0.0,1.0],"evs":[0.0,0.13082]},"53s":{"weight":1.0,"played":[0.0,1.0],"evs":[0.0,0.24215]},"54s":{"weight":1.0,"played":[0.0,1.0],"evs":[0.0,0.35024]},"55":{"weight":1.0,"played":[0.0,1.0],"evs":[0.0,1.26729]},"65o":{"weight":1.0,"played":[0.0,1.0],"evs":[0.0,0.13964]},"75o":{"weight":1.0,"played":[0.0,1.0],"evs":[0.0,0.12206]},"85o":{"weight":1.0,"played":[0.0,1.0],"evs":[0.0,0.07196]},"95o":{"weight":1.0,"played":[0.0,1.0],"evs":[0.0,0.02941]},"T5o":{"weight":1.0,"played":[0.1348,0.8652],"evs":[0.0,0.01318]},"J5o":{"weight":1.0,"played":[0.0,1.0],"evs":[0.0,0.07515]},"Q5o":{"weight":1.0,"played":[0.0,1.0],"evs":[0.0,0.1396]},"K5o":{"weight":1.0,"played":[0.0,1.0],"evs":[0.0,0.3618]},"A5o":{"weight":1.0,"played":[0.0,1.0],"evs":[0.0,1.08583]},"62s":{"weight":1.0,"played":[2.0E-4,0.9998],"evs":[0.0,0.07237]},"63s":{"weight":1.0,"played":[0.0,1.0],"evs":[0.0,0.17938]},"64s":{"weight":1.0,"played":[0.0,1.0],"evs":[0.0,0.28351]},"65s":{"weight":1.0,"played":[0.0,1.0],"evs":[0.0,0.40644]},"66":{"weight":1.0,"played":[0.0,1.0],"evs":[0.0,1.41523]},"76o":{"weight":1.0,"played":[0.0,1.0],"evs":[0.0,0.24316]},"86o":{"weight":1.0,"played":[0.0,1.0],"evs":[0.0,0.20591]},"96o":{"weight":1.0,"played":[0.0,1.0],"evs":[0.0,0.15807]},"T6o":{"weight":1.0,"played":[0.0,1.0],"evs":[0.0,0.14026]},"J6o":{"weight":1.0,"played":[0.0,1.0],"evs":[0.0,0.10323]},"Q6o":{"weight":1.0,"played":[0.0,1.0],"evs":[0.0,0.18863]},"K6o":{"weight":1.0,"played":[0.0,1.0],"evs":[0.0,0.41853]},"A6o":{"weight":1.0,"played":[0.0,1.0],"evs":[0.0,1.12033]},"72s":{"weight":1.0,"played":[0.0,1.0],"evs":[0.0,0.04938]},"73s":{"weight":1.0,"played":[0.0,1.0],"evs":[0.0,0.15756]},"74s":{"weight":1.0,"played":[0.0,1.0],"evs":[0.0,0.26215]},"75s":{"weight":1.0,"played":[0.0,1.0],"evs":[0.0,0.37891]},"76s":{"weight":1.0,"played":[0.0,1.0],"evs":[0.0,0.49875]},"77":{"weight":1.0,"played":[0.0,1.0],"evs":[0.0,1.5767]},"87o":{"weight":1.0,"played":[0.0,1.0],"evs":[0.0,0.30824]},"97o":{"weight":1.0,"played":[0.0,1.0],"evs":[0.0,0.27568]},"T7o":{"weight":1.0,"played":[0.0,1.0],"evs":[0.0,0.25834]},"J7o":{"weight":1.0,"played":[0.0,1.0],"evs":[0.0,0.22466]},"Q7o":{"weight":1.0,"played":[0.0,1.0],"evs":[0.0,0.21001]},"K7o":{"weight":1.0,"played":[0.0,1.0],"evs":[0.0,0.47288]},"A7o":{"weight":1.0,"played":[0.0,1.0],"evs":[0.0,1.25852]},"82s":{"weight":1.0,"played":[0.0,1.0],"evs":[0.0,0.09175]},"83s":{"weight":1.0,"played":[1.0E-4,0.9999],"evs":[0.0,0.12147]},"84s":{"weight":1.0,"played":[0.0,1.0],"evs":[0.0,0.22421]},"85s":{"weight":1.0,"played":[0.0,1.0],"evs":[0.0,0.34044]},"86s":{"weight":1.0,"played":[0.0,1.0],"evs":[0.0,0.47761]},"87s":{"weight":1.0,"played":[0.0,1.0],"evs":[0.0,0.5667]},"88":{"weight":1.0,"played":[0.0,1.0],"evs":[0.0,1.74867]},"98o":{"weight":1.0,"played":[0.0,1.0],"evs":[0.0,0.36614]},"T8o":{"weight":1.0,"played":[0.0,1.0],"evs":[0.0,0.36129]},"J8o":{"weight":1.0,"played":[0.0,1.0],"evs":[0.0,0.32656]},"Q8o":{"weight":1.0,"played":[0.0,1.0],"evs":[0.0,0.31187]},"K8o":{"weight":1.0,"played":[0.0,1.0],"evs":[0.0,0.53101]},"A8o":{"weight":1.0,"played":[0.0,1.0],"evs":[0.0,1.42744]},"92s":{"weight":1.0,"played":[0.0,1.0],"evs":[0.0,0.13635]},"93s":{"weight":1.0,"played":[0.0,1.0],"evs":[0.0,0.17027]},"94s":{"weight":1.0,"played":[0.0,1.0],"evs":[0.0,0.17813]},"95s":{"weight":1.0,"played":[0.0,1.0],"evs":[0.0,0.29695]},"96s":{"weight":1.0,"played":[0.0,1.0],"evs":[0.0,0.42472]},"97s":{"weight":1.0,"played":[0.0,1.0],"evs":[0.0,0.53925]},"98s":{"weight":1.0,"played":[0.0,1.0],"evs":[0.0,0.62197]},"99":{"weight":1.0,"played":[0.0,1.0],"evs":[0.0,1.96247]},"T9o":{"weight":1.0,"played":[0.0,1.0],"evs":[0.0,0.47607]},"J9o":{"weight":1.0,"played":[0.0,1.0],"evs":[0.0,0.4399]},"Q9o":{"weight":1.0,"played":[0.0,1.0],"evs":[0.0,0.43976]},"K9o":{"weight":1.0,"played":[0.0,1.0],"evs":[0.0,0.71533]},"A9o":{"weight":1.0,"played":[0.0,1.0],"evs":[0.0,1.60361]},"T2s":{"weight":1.0,"played":[0.0,1.0],"evs":[0.0,0.17937]},"T3s":{"weight":1.0,"played":[0.0,1.0],"evs":[0.0,0.21927]},"T4s":{"weight":1.0,"played":[0.0,1.0],"evs":[0.0,0.2528]},"T5s":{"weight":1.0,"played":[0.0,1.0],"evs":[0.0,0.28086]},"T6s":{"weight":1.0,"played":[0.0,1.0],"evs":[0.0,0.40524]},"T7s":{"weight":1.0,"played":[0.0,1.0],"evs":[0.0,0.51696]},"T8s":{"weight":1.0,"played":[0.0,1.0],"evs":[0.0,0.60833]},"T9s":{"weight":1.0,"played":[0.0,1.0],"evs":[0.0,0.71734]},"TT":{"weight":1.0,"played":[0.0,1.0],"evs":[0.0,2.22218]},"JTo":{"weight":1.0,"played":[0.0,1.0],"evs":[0.0,0.62023]},"QTo":{"weight":1.0,"played":[0.0,1.0],"evs":[0.0,0.6721]},"KTo":{"weight":1.0,"played":[0.0,1.0],"evs":[0.0,0.9936]},"ATo":{"weight":1.0,"played":[0.0,1.0],"evs":[0.0,1.9006]},"J2s":{"weight":1.0,"played":[0.0,1.0],"evs":[0.0,0.23397]},"J3s":{"weight":1.0,"played":[0.0,1.0],"evs":[0.0,0.26089]},"J4s":{"weight":1.0,"played":[0.0,1.0],"evs":[0.0,0.29813]},"J5s":{"weight":1.0,"played":[0.0,1.0],"evs":[0.0,0.34042]},"J6s":{"weight":1.0,"played":[0.0,1.0],"evs":[0.0,0.37692]},"J7s":{"weight":1.0,"played":[0.0,1.0],"evs":[0.0,0.48438]},"J8s":{"weight":1.0,"played":[0.0,1.0],"evs":[0.0,0.57868]},"J9s":{"weight":1.0,"played":[0.0,1.0],"evs":[0.0,0.68403]},"JTs":{"weight":1.0,"played":[0.0,1.0],"evs":[0.0,0.84791]},"JJ":{"weight":1.0,"played":[0.0,1.0],"evs":[0.0,2.45922]},"QJo":{"weight":1.0,"played":[0.0,1.0],"evs":[0.0,0.79591]},"KJo":{"weight":1.0,"played":[0.0,1.0],"evs":[0.0,1.14746]},"AJo":{"weight":1.0,"played":[0.0,1.0],"evs":[0.0,2.07896]},"Q2s":{"weight":1.0,"played":[0.0,1.0],"evs":[0.0,0.29045]},"Q3s":{"weight":1.0,"played":[0.0,1.0],"evs":[0.0,0.33232]},"Q4s":{"weight":1.0,"played":[0.0,1.0],"evs":[0.0,0.35828]},"Q5s":{"weight":1.0,"played":[0.0,1.0],"evs":[0.0,0.40935]},"Q6s":{"weight":1.0,"played":[0.0,1.0],"evs":[0.0,0.45956]},"Q7s":{"weight":1.0,"played":[0.0,1.0],"evs":[0.0,0.47061]},"Q8s":{"weight":1.0,"played":[0.0,1.0],"evs":[0.0,0.56569]},"Q9s":{"weight":1.0,"played":[0.0,1.0],"evs":[0.0,0.67431]},"QTs":{"weight":1.0,"played":[0.0,1.0],"evs":[0.0,0.89972]},"QJs":{"weight":1.0,"played":[0.0,1.0],"evs":[0.0,1.0185]},"QQ":{"weight":1.0,"played":[0.0,1.0],"evs":[0.0,2.70299]},"KQo":{"weight":1.0,"played":[0.0,1.0],"evs":[0.0,1.31834]},"AQo":{"weight":1.0,"played":[0.0,1.0],"evs":[0.0,2.28705]},"K2s":{"weight":1.0,"played":[0.0,1.0],"evs":[0.0,0.49914]},"K3s":{"weight":1.0,"played":[0.0,1.0],"evs":[0.0,0.54213]},"K4s":{"weight":1.0,"played":[0.0,1.0],"evs":[0.0,0.56044]},"K5s":{"weight":1.0,"played":[0.0,1.0],"evs":[0.0,0.61211]},"K6s":{"weight":1.0,"played":[0.0,1.0],"evs":[0.0,0.66824]},"K7s":{"weight":1.0,"played":[0.0,1.0],"evs":[0.0,0.70207]},"K8s":{"weight":1.0,"played":[0.0,1.0],"evs":[0.0,0.77105]},"K9s":{"weight":1.0,"played":[0.0,1.0],"evs":[0.0,0.9375]},"KTs":{"weight":1.0,"played":[0.0,1.0],"evs":[0.0,1.20227]},"KJs":{"weight":1.0,"played":[0.0,1.0],"evs":[0.0,1.33744]},"KQs":{"weight":1.0,"played":[0.0,1.0],"evs":[0.0,1.49189]},"KK":{"weight":1.0,"played":[0.0,1.0],"evs":[0.0,3.05679]},"AKo":{"weight":1.0,"played":[0.0,1.0],"evs":[0.0,2.55959]},"A2s":{"weight":1.0,"played":[0.0,1.0],"evs":[0.0,1.16131]},"A3s":{"weight":1.0,"played":[0.0,1.0],"evs":[0.0,1.19329]},"A4s":{"weight":1.0,"played":[0.0,1.0],"evs":[0.0,1.22324]},"A5s":{"weight":1.0,"played":[0.0,1.0],"evs":[0.0,1.28997]},"A6s":{"weight":1.0,"played":[0.0,1.0],"evs":[0.0,1.32151]},"A7s":{"weight":1.0,"played":[0.0,1.0],"evs":[0.0,1.44678]},"A8s":{"weight":1.0,"played":[0.0,1.0],"evs":[0.0,1.59752]},"A9s":{"weight":1.0,"played":[0.0,1.0],"evs":[0.0,1.76299]},"ATs":{"weight":1.0,"played":[0.0,1.0],"evs":[0.0,2.04979]},"AJs":{"weight":1.0,"played":[0.0,1.0],"evs":[0.0,2.21026]},"AQs":{"weight":1.0,"played":[0.0,1.0],"evs":[0.0,2.40167]},"AKs":{"weight":1.0,"played":[0.0,1.0],"evs":[0.0,2.64977]},"AA":{"weight":1.0,"played":[0.0,1.0],"evs":[0.0,3.7076]}}}