{"player":6,"street":0,"children":3,"sequence":[{"player":0,"type":"F","amount":0,"street":0},{"player":1,"type":"F","amount":0,"street":0},{"player":2,"type":"R","amount":11040000,"street":0},{"player":3,"type":"C","amount":11040000,"street":0},{"player":4,"type":"F","amount":0,"street":0},{"player":5,"type":"C","amount":9440000,"street":0}],"actions":[{"type":"F","amount":0},{"type":"C","amount":7840000},{"type":"R","amount":22240000,"node":42}],"hands":{"22":{"weight":1.0,"played":[1.0,0.0,0.0],"evs":[0.0,-1.16194,-2.03521]},"32o":{"weight":1.0,"played":[1.0,0.0,0.0],"evs":[0.0,-1.7245,-3.97663]},"42o":{"weight":1.0,"played":[1.0,0.0,0.0],"evs":[0.0,-1.58053,-3.76393]},"52o":{"weight":1.0,"played":[1.0,0.0,0.0],"evs":[0.0,-1.43547,-3.35317]},"62o":{"weight":1.0,"played":[1.0,0.0,0.0],"evs":[0.0,-1.70931,-3.75912]},"72o":{"weight":1.0,"played":[1.0,0.0,0.0],"evs":[0.0,-1.8118,-4.004]},"82o":{"weight":1.0,"played":[1.0,0.0,0.0],"evs":[0.0,-1.69324,-3.90879]},"92o":{"weight":1.0,"played":[1.0,0.0,0.0],"evs":[0.0,-1.57933,-3.79659]},"T2o":{"weight":1.0,"played":[1.0,0.0,0.0],"evs":[0.0,-1.72174,-3.79412]},"J2o":{"weight":1.0,"played":[1.0,0.0,0.0],"evs":[0.0,-1.58951,-3.66755]},"Q2o":{"weight":1.0,"played":[1.0,0.0,0.0],"evs":[0.0,-1.74995,-3.98406]},"K2o":{"weight":1.0,"played":[1.0,0.0,0.0],"evs":[0.0,-1.32629,-3.38175]},"A2o":{"weight":1.0,"played":[1.0,0.0,0.0],"evs":[0.0,-1.74483,-3.7874]},"32s":{"weight":1.0,"played":[0.9997,1.0E-4,2.0E-4],"evs":[0.0,-1.22739,-2.78353]},"33":{"weight":1.0,"played":[1.0,0.0,0.0],"evs":[0.0,-1.05665,-1.43961]},"43o":{"weight":1.0,"played":[1.0,0.0,0.0],"evs":[0.0,-1.41381,-3.25906]},"53o":{"weight":1.0,"played":[1.0,0.0,0.0],"evs":[0.0,-1.39791,-3.28216]},"63o":{"weight":1.0,"played":[1.0,0.0,0.0],"evs":[0.0,-1.31479,-3.30508]},"73o":{"weight":1.0,"played":[1.0,0.0,0.0],"evs":[0.0,-1.65049,-3.69173]},"83o":{"weight":1.0,"played":[1.0,0.0,0.0],"evs":[0.0,-1.69028,-3.81893]},"93o":{"weight":1.0,"played":[1.0,0.0,0.0],"evs":[0.0,-1.6469,-3.86589]},"T3o":{"weight":1.0,"played":[1.0,0.0,0.0],"evs":[0.0,-1.66691,-3.66978]},"J3o":{"weight":1.0,"played":[1.0,0.0,0.0],"evs":[0.0,-1.61004,-3.71183]},"Q3o":{"weight":1.0,"played":[1.0,0.0,0.0],"evs":[0.0,-1.68334,-3.74901]},"K3o":{"weight":1.0,"played":[0.9999,1.0E-4,0.0],"evs":[0.0,-1.23068,-3.28733]},"A3o":{"weight":1.0,"played":[1.0,0.0,0.0],"evs":[0.0,-1.71623,-3.61419]},"42s":{"weight":1.0,"played":[1.0,0.0,0.0],"evs":[0.0,-1.22064,-3.05885]},"43s":{"weight":1.0,"played":[0.9986,9.0E-4,6.0E-4],"evs":[0.0,-0.93737,-2.3394]},"44":{"weight":1.0,"played":[0.9995,3.0E-4,2.0E-4],"evs":[0.0,-0.79703,-0.87471]},"54o":{"weight":1.0,"played":[1.0,0.0,0.0],"evs":[0.0,-0.96175,-2.49289]},"64o":{"weight":1.0,"played":[0.9999,0.0,0.0],"evs":[0.0,-1.17644,-2.66828]},"74o":{"weight":1.0,"played":[1.0,0.0,0.0],"evs":[0.0,-1.27081,-3.08701]},"84o":{"weight":1.0,"played":[1.0,0.0,0.0],"evs":[0.0,-1.56814,-3.51709]},"94o":{"weight":1.0,"played":[1.0,0.0,0.0],"evs":[0.0,-1.81542,-3.76937]},"T4o":{"weight":1.0,"played":[1.0,0.0,0.0],"evs":[0.0,-1.46587,-3.42963]},"J4o":{"weight":1.0,"played":[1.0,0.0,0.0],"evs":[0.0,-1.41503,-3.36851]},"Q4o":{"weight":1.0,"played":[1.0,0.0,0.0],"evs":[0.0,-1.49603,-3.62271]},"K4o":{"weight":1.0,"played":[1.0,0.0,0.0],"evs":[0.0,-1.39114,-3.15856]},"A4o":{"weight":1.0,"played":[0.9999,0.0,1.0E-4],"evs":[0.0,-1.45857,-3.0321]},"52s":{"weight":1.0,"played":[0.9995,3.0E-4,1.0E-4],"evs":[0.0,-1.11563,-2.53301]},"53s":{"weight":1.0,"played":[0.9983,0.0012,5.0E-4],"evs":[0.0,-0.65188,-2.0583]},"54s":{"weight":1.0,"played":[0.9867,0.0132,1.0E-4],"evs":[0.0,-0.60971,-1.80473]},"55":{"weight":1.0,"played":[0.9903,0.0025,0.0073],"evs":[0.0,-0.35118,-0.52433]},"65o":{"weight":1.0,"played":[1.0,0.0,0.0],"evs":[0.0,-0.92224,-2.24606]},"75o":{"weight":1.0,"played":[1.0,0.0,0.0],"evs":[0.0,-0.95229,-2.45926]},"85o":{"weight":1.0,"played":[1.0,0.0,0.0],"evs":[0.0,-1.33883,-3.07096]},"95o":{"weight":1.0,"played":[1.0,0.0,0.0],"evs":[0.0,-1.4555,-3.11359]},"T5o":{"weight":1.0,"played":[1.0,0.0,0.0],"evs":[0.0,-1.6703,-3.4021]},"J5o":{"weight":1.0,"played":[1.0,0.0,0.0],"evs":[0.0,-1.53705,-3.27369]},"Q5o":{"weight":1.0,"played":[1.0,0.0,0.0],"evs":[0.0,-1.47721,-3.45702]},"K5o":{"weight":1.0,"played":[0.9999,0.0,0.0],"evs":[0.0,-1.17755,-2.85674]},"A5o":{"weight":1.0,"played":[1.0,0.0,0.0],"evs":[0.0,-1.39096,-2.69938]},"62s":{"weight":1.0,"played":[1.0,0.0,0.0],"evs":[0.0,-0.99999,-2.55313]},"63s":{"weight":1.0,"played":[0.9988,0.0011,1.0E-4],"evs":[0.0,-0.62667,-2.24131]},"64s":{"weight":1.0,"played":[1.0,0.0,0.0],"evs":[0.0,-0.33558,-1.53756]},"65s":{"weight":1.0,"played":[0.9954,0.0046,0.0],"evs":[0.0,-0.11829,-1.07834]},"66":{"weight":1.0,"played":[0.5694,0.0866,0.344],"evs":[0.0,0.0556,0.07014]},"76o":{"weight":1.0,"played":[1.0,0.0,0.0],"evs":[0.0,-1.0117,-2.39394]},"86o":{"weight":1.0,"played":[1.0,0.0,0.0],"evs":[0.0,-0.96543,-2.56837]},"96o":{"weight":1.0,"played":[1.0,0.0,0.0],"evs":[0.0,-1.2237,-2.77457]},"T6o":{"weight":1.0,"played":[1.0,0.0,0.0],"evs":[0.0,-1.18247,-2.82447]},"J6o":{"weight":1.0,"played":[1.0,0.0,0.0],"evs":[0.0,-1.30201,-3.12263]},"Q6o":{"weight":1.0,"played":[0.9999,1.0E-4,0.0],"evs":[0.0,-1.57523,-3.52025]},"K6o":{"weight":1.0,"played":[1.0,0.0,0.0],"evs":[0.0,-1.248,-2.94257]},"A6o":{"weight":1.0,"played":[1.0,0.0,0.0],"evs":[0.0,-1.41298,-3.01348]},"72s":{"weight":1.0,"played":[0.9999,0.0,0.0],"evs":[0.0,-1.30824,-3.22039]},"73s":{"weight":1.0,"played":[0.9999,1.0E-4,0.0],"evs":[0.0,-1.00584,-2.43764]},"74s":{"weight":1.0,"played":[0.9997,2.0E-4,1.0E-4],"evs":[0.0,-0.37873,-1.91901]},"75s":{"weight":1.0,"played":[0.9983,0.0,0.0017],"evs":[0.0,-0.67855,-1.75428]},"76s":{"weight":1.0,"played":[0.9919,0.0081,0.0],"evs":[0.0,-0.41857,-1.59802]},"77":{"weight":1.0,"played":[0.7498,0.1466,0.1036],"evs":[0.0,0.08655,0.06272]},"87o":{"weight":1.0,"played":[1.0,0.0,0.0],"evs":[0.0,-0.92401,-2.43623]},"97o":{"weight":1.0,"played":[1.0,0.0,0.0],"evs":[0.0,-1.1904,-2.86332]},"T7o":{"weight":1.0,"played":[1.0,0.0,0.0],"evs":[0.0,-1.1294,-2.77497]},"J7o":{"weight":1.0,"played":[1.0,0.0,0.0],"evs":[0.0,-1.24236,-2.97477]},"Q7o":{"weight":1.0,"played":[1.0,0.0,0.0],"evs":[0.0,-1.66761,-3.49989]},"K7o":{"weight":1.0,"played":[1.0,0.0,0.0],"evs":[0.0,-1.28101,-3.01929]},"A7o":{"weight":1.0,"played":[1.0,0.0,0.0],"evs":[0.0,-1.6749,-3.26505]},"82s":{"weight":1.0,"played":[0.9996,4.0E-4,0.0],"evs":[0.0,-1.11007,-3.11696]},"83s":{"weight":1.0,"played":[0.9994,6.0E-4,0.0],"evs":[0.0,-1.18173,-2.55678]},"84s":{"weight":1.0,"played":[1.0,0.0,0.0],"evs":[0.0,-1.0442,-2.64926]},"85s":{"weight":1.0,"played":[1.0,0.0,0.0],"evs":[0.0,-0.77776,-2.14861]},"86s":{"weight":1.0,"played":[0.9999,1.0E-4,0.0],"evs":[0.0,-0.60694,-1.90478]},"87s":{"weight":1.0,"played":[0.9723,0.0274,3.0E-4],"evs":[0.0,-0.57884,-1.59564]},"88":{"weight":1.0,"played":[0.059,0.0016,0.9394],"evs":[0.0,0.36235,0.56002]},"98o":{"weight":1.0,"played":[1.0,0.0,0.0],"evs":[0.0,-0.96505,-2.35119]},"T8o":{"weight":1.0,"played":[1.0,0.0,0.0],"evs":[0.0,-1.04273,-2.50784]},"J8o":{"weight":1.0,"played":[1.0,0.0,0.0],"evs":[0.0,-1.07776,-2.56213]},"Q8o":{"weight":1.0,"played":[1.0,0.0,0.0],"evs":[0.0,-1.54345,-3.42796]},"K8o":{"weight":1.0,"played":[1.0,0.0,0.0],"evs":[0.0,-1.19035,-3.13154]},"A8o":{"weight":1.0,"played":[1.0,0.0,0.0],"evs":[0.0,-1.65703,-3.01986]},"92s":{"weight":1.0,"played":[0.9998,2.0E-4,0.0],"evs":[0.0,-1.05616,-3.05363]},"93s":{"weight":1.0,"played":[0.9999,0.0,1.0E-4],"evs":[0.0,-1.19521,-2.85807]},"94s":{"weight":1.0,"played":[0.9998,1.0E-4,1.0E-4],"evs":[0.0,-1.16849,-3.16505]},"95s":{"weight":1.0,"played":[0.9994,4.0E-4,2.0E-4],"evs":[0.0,-1.01712,-2.52018]},"96s":{"weight":1.0,"played":[0.9997,2.0E-4,1.0E-4],"evs":[0.0,-0.46117,-1.46503]},"97s":{"weight":1.0,"played":[0.9653,0.0347,0.0],"evs":[0.0,-0.47832,-1.77471]},"98s":{"weight":1.0,"played":[0.9992,3.0E-4,5.0E-4],"evs":[0.0,-0.4431,-1.46562]},"99":{"weight":1.0,"played":[0.0048,0.001,0.9942],"evs":[0.0,0.83,1.08658]},"T9o":{"weight":1.0,"played":[1.0,0.0,0.0],"evs":[0.0,-0.94118,-2.30905]},"J9o":{"weight":1.0,"played":[1.0,0.0,0.0],"evs":[0.0,-1.03827,-2.5994]},"Q9o":{"weight":1.0,"played":[1.0,0.0,0.0],"evs":[0.0,-1.09057,-2.64518]},"K9o":{"weight":1.0,"played":[0.9999,0.0,0.0],"evs":[0.0,-1.27471,-3.10956]},"A9o":{"weight":1.0,"played":[1.0,0.0,0.0],"evs":[0.0,-1.54634,-2.78903]},"T2s":{"weight":1.0,"played":[0.9996,4.0E-4,0.0],"evs":[0.0,-0.9895,-2.72441]},"T3s":{"weight":1.0,"played":[1.0,0.0,0.0],"evs":[0.0,-1.10619,-2.84828]},"T4s":{"weight":1.0,"played":[1.0,0.0,0.0],"evs":[0.0,-1.45749,-3.21624]},"T5s":{"weight":1.0,"played":[0.9966,0.0034,0.0],"evs":[0.0,-0.705,-2.16387]},"T6s":{"weight":1.0,"played":[0.9992,6.0E-4,2.0E-4],"evs":[0.0,-0.83324,-2.18549]},"T7s":{"weight":1.0,"played":[0.9939,0.0061,0.0],"evs":[0.0,-0.59056,-1.9564]},"T8s":{"weight":1.0,"played":[0.9975,0.0019,6.0E-4],"evs":[0.0,-0.71525,-1.87291]},"T9s":{"weight":1.0,"played":[0.901,0.0933,0.0056],"evs":[0.0,-0.25232,-1.31189]},"TT":{"weight":1.0,"played":[0.0035,0.0473,0.9492],"evs":[0.0,0.94255,1.32883]},"JTo":{"weight":1.0,"played":[1.0,0.0,0.0],"evs":[0.0,-1.06507,-2.48864]},"QTo":{"weight":1.0,"played":[0.9982,0.0018,0.0],"evs":[0.0,-1.2996,-2.95108]},"KTo":{"weight":1.0,"played":[1.0,0.0,0.0],"evs":[0.0,-0.96533,-2.44499]},"ATo":{"weight":1.0,"played":[0.9991,2.0E-4,7.0E-4],"evs":[0.0,-1.39881,-2.10467]},"J2s":{"weight":1.0,"played":[0.995,0.0043,7.0E-4],"evs":[0.0,-1.1752,-2.87142]},"J3s":{"weight":1.0,"played":[0.9975,0.0025,1.0E-4],"evs":[0.0,-0.77778,-2.40854]},"J4s":{"weight":1.0,"played":[1.0,0.0,0.0],"evs":[0.0,-1.00462,-2.44309]},"J5s":{"weight":1.0,"played":[0.9972,0.0028,0.0],"evs":[0.0,-1.21705,-2.75295]},"J6s":{"weight":1.0,"played":[0.9999,1.0E-4,0.0],"evs":[0.0,-0.90594,-2.22943]},"J7s":{"weight":1.0,"played":[0.997,0.0027,3.0E-4],"evs":[0.0,-0.78549,-2.23404]},"J8s":{"weight":1.0,"played":[0.9998,1.0E-4,1.0E-4],"evs":[0.0,-1.09313,-2.52648]},"J9s":{"weight":1.0,"played":[0.9864,0.0136,0.0],"evs":[0.0,-0.73605,-1.8064]},"JTs":{"weight":1.0,"played":[0.9398,0.0593,9.0E-4],"evs":[0.0,-0.41266,-1.49548]},"JJ":{"weight":1.0,"played":[0.0,1.0E-4,0.9999],"evs":[0.0,1.78336,2.08234]},"QJo":{"weight":1.0,"played":[0.999,7.0E-4,2.0E-4],"evs":[0.0,-0.95005,-2.3579]},"KJo":{"weight":1.0,"played":[0.9993,7.0E-4,0.0],"evs":[0.0,-0.81246,-2.21263]},"AJo":{"weight":1.0,"played":[1.0,0.0,0.0],"evs":[0.0,-1.10821,-1.61973]},"Q2s":{"weight":1.0,"played":[0.9982,0.0016,2.0E-4],"evs":[0.0,-1.26012,-3.14838]},"Q3s":{"weight":1.0,"played":[0.9997,3.0E-4,0.0],"evs":[0.0,-1.21692,-3.21573]},"Q4s":{"weight":1.0,"played":[0.9991,4.0E-4,5.0E-4],"evs":[0.0,-0.5886,-2.38275]},"Q5s":{"weight":1.0,"played":[0.9998,1.0E-4,1.0E-4],"evs":[0.0,-0.96119,-2.76581]},"Q6s":{"weight":1.0,"played":[0.9992,7.0E-4,1.0E-4],"evs":[0.0,-1.09266,-2.47887]},"Q7s":{"weight":1.0,"played":[0.9986,0.0013,1.0E-4],"evs":[0.0,-0.99564,-2.57883]},"Q8s":{"weight":1.0,"played":[0.9966,0.003,5.0E-4],"evs":[0.0,-1.07375,-2.73311]},"Q9s":{"weight":1.0,"played":[0.9999,0.0,0.0],"evs":[0.0,-0.7365,-2.23649]},"QTs":{"weight":1.0,"played":[0.9996,3.0E-4,1.0E-4],"evs":[0.0,-0.5684,-1.77465]},"QJs":{"weight":1.0,"played":[0.5867,0.4113,0.002],"evs":[0.0,-0.52153,-1.63122]},"QQ":{"weight":1.0,"played":[0.0,6.0E-4,0.9994],"evs":[0.0,2.94152,3.28785]},"KQo":{"weight":1.0,"played":[1.0,0.0,0.0],"evs":[0.0,-0.65897,-2.06546]},"AQo":{"weight":1.0,"played":[0.9986,0.0012,2.0E-4],"evs":[0.0,-0.9864,-1.24193]},"K2s":{"weight":1.0,"played":[1.0,0.0,0.0],"evs":[0.0,-0.81036,-2.35608]},"K3s":{"weight":1.0,"played":[0.9999,0.0,1.0E-4],"evs":[0.0,-0.55101,-2.12954]},"K4s":{"weight":1.0,"played":[0.9997,3.0E-4,0.0],"evs":[0.0,-1.02572,-2.80696]},"K5s":{"weight":1.0,"played":[0.9998,2.0E-4,0.0],"evs":[0.0,-0.7518,-2.27251]},"K6s":{"weight":1.0,"played":[0.9986,8.0E-4,5.0E-4],"evs":[0.0,-0.59322,-1.72974]},"K7s":{"weight":1.0,"played":[0.9999,1.0E-4,0.0],"evs":[0.0,-0.63406,-2.03304]},"K8s":{"weight":1.0,"played":[0.9883,0.0109,8.0E-4],"evs":[0.0,-0.41476,-1.70894]},"K9s":{"weight":1.0,"played":[1.0,0.0,0.0],"evs":[0.0,-0.5026,-1.78423]},"KTs":{"weight":1.0,"played":[0.9758,0.0242,0.0],"evs":[0.0,-0.6989,-1.83936]},"KJs":{"weight":1.0,"played":[0.7239,0.2673,0.0088],"evs":[0.0,-0.59093,-1.33991]},"KQs":{"weight":1.0,"played":[0.9199,0.0777,0.0024],"evs":[0.0,-0.24881,-0.84894]},"KK":{"weight":1.0,"played":[0.0,0.0026,0.9974],"evs":[0.0,5.19713,5.59676]},"AKo":{"weight":1.0,"played":[0.3479,0.3703,0.2818],"evs":[0.0,0.03948,0.02129]},"A2s":{"weight":1.0,"played":[1.0,0.0,0.0],"evs":[0.0,-1.24223,-2.7454]},"A3s":{"weight":1.0,"played":[0.9964,0.001,0.0027],"evs":[0.0,-1.22538,-2.70431]},"A4s":{"weight":1.0,"played":[0.9998,0.0,1.0E-4],"evs":[0.0,-0.79079,-2.12456]},"A5s":{"weight":1.0,"played":[0.9998,2.0E-4,0.0],"evs":[0.0,-1.19621,-2.35697]},"A6s":{"weight":1.0,"played":[1.0,0.0,0.0],"evs":[0.0,-1.32659,-2.63247]},"A7s":{"weight":1.0,"played":[1.0,0.0,0.0],"evs":[0.0,-1.51378,-2.86096]},"A8s":{"weight":1.0,"played":[0.9996,3.0E-4,1.0E-4],"evs":[0.0,-1.28614,-2.2301]},"A9s":{"weight":1.0,"played":[0.9978,0.0021,1.0E-4],"evs":[0.0,-0.56466,-1.38461]},"ATs":{"weight":1.0,"played":[0.9921,0.0018,0.006],"evs":[0.0,-0.68703,-1.14136]},"AJs":{"weight":1.0,"played":[0.8262,0.1189,0.0549],"evs":[0.0,-0.40581,-0.85649]},"AQs":{"weight":1.0,"played":[0.5972,0.1333,0.2695],"evs":[0.0,-0.26139,-0.54749]},"AKs":{"weight":1.0,"played":[0.032,0.1692,0.7988],"evs":[0.0,0.88948,1.06722]},"AA":{"weight":1.0,"played":[0.0,0.0,1.0],"evs":[0.0,7.68986,8.01031]}}}