{"player":5,"street":0,"children":2,"sequence":[{"player":0,"type":"F","amount":0,"street":0},{"player":1,"type":"F","amount":0,"street":0},{"player":2,"type":"R","amount":11040000,"street":0},{"player":3,"type":"C","amount":11040000,"street":0},{"player":4,"type":"F","amount":0,"street":0},{"player":5,"type":"C","amount":9440000,"street":0},{"player":6,"type":"R","amount":22240000,"street":0},{"player":3,"type":"F","amount":0,"street":0}],"actions":[{"type":"F","amount":0},{"type":"C","amount":1920000}],"hands":{"22":{"weight":0.0,"played":[0.1305,0.8695],"evs":[0.0,3.61703]},"32o":{"weight":0.0,"played":[0.0108,0.9892],"evs":[0.0,1.43808]},"42o":{"weight":0.0,"played":[0.2415,0.7585],"evs":[0.0,2.00681]},"52o":{"weight":0.0,"played":[0.0051,0.9949],"evs":[0.0,1.90698]},"62o":{"weight":0.0,"played":[9.0E-4,0.9991],"evs":[0.0,2.18539]},"72o":{"weight":0.0,"played":[0.0321,0.9679],"evs":[0.0,0.85081]},"82o":{"weight":0.0,"played":[0.2954,0.7046],"evs":[0.0,-0.0714]},"92o":{"weight":0.0,"played":[0.0016,0.9984],"evs":[0.0,0.55598]},"T2o":{"weight":0.0,"played":[0.0198,0.9802],"evs":[0.0,0.94436]},"J2o":{"weight":0.0,"played":[0.4589,0.5411],"evs":[0.0,1.01724]},"Q2o":{"weight":0.0,"played":[0.5667,0.4333],"evs":[0.0,0.05591]},"K2o":{"weight":0.0,"played":[0.0425,0.9575],"evs":[0.0,1.81782]},"A2o":{"weight":0.0,"played":[0.0639,0.9361],"evs":[0.0,1.57628]},"32s":{"weight":0.0,"played":[0.0094,0.9906],"evs":[0.0,0.593]},"33":{"weight":0.0,"played":[0.1326,0.8674],"evs":[0.0,4.22267]},"43o":{"weight":0.0,"played":[0.0016,0.9984],"evs":[0.0,2.21033]},"53o":{"weight":0.0,"played":[0.008,0.992],"evs":[0.0,1.50869]},"63o":{"weight":0.0,"played":[0.0071,0.9929],"evs":[0.0,1.00768]},"73o":{"weight":0.0,"played":[0.1589,0.8411],"evs":[0.0,1.32944]},"83o":{"weight":0.0,"played":[0.0014,0.9986],"evs":[0.0,1.73676]},"93o":{"weight":0.0,"played":[0.2122,0.7878],"evs":[0.0,1.49135]},"T3o":{"weight":0.0,"played":[0.012,0.988],"evs":[0.0,1.21347]},"J3o":{"weight":0.0,"played":[0.4146,0.5854],"evs":[0.0,1.6563]},"Q3o":{"weight":0.0,"played":[0.0051,0.9949],"evs":[0.0,2.43143]},"K3o":{"weight":0.0,"played":[0.0102,0.9898],"evs":[0.0,1.56068]},"A3o":{"weight":0.0,"played":[0.0,1.0],"evs":[0.0,3.76661]},"42s":{"weight":0.0,"played":[0.2634,0.7366],"evs":[0.0,4.00542]},"43s":{"weight":0.0,"played":[0.0356,0.9644],"evs":[0.0,2.20183]},"44":{"weight":0.0,"played":[0.034,0.966],"evs":[0.0,1.26942]},"54o":{"weight":0.0,"played":[0.0,1.0],"evs":[0.0,0.99461]},"64o":{"weight":0.0,"played":[0.0497,0.9503],"evs":[0.0,2.15164]},"74o":{"weight":0.0,"played":[0.0678,0.9322],"evs":[0.0,2.74]},"84o":{"weight":0.0,"played":[0.45,0.55],"evs":[0.0,0.6931]},"94o":{"weight":0.0,"played":[0.0095,0.9905],"evs":[0.0,1.06289]},"T4o":{"weight":0.0,"played":[0.0012,0.9988],"evs":[0.0,1.81719]},"J4o":{"weight":0.0,"played":[0.1039,0.8961],"evs":[0.0,0.15857]},"Q4o":{"weight":0.0,"played":[9.0E-4,0.9991],"evs":[0.0,2.05408]},"K4o":{"weight":0.0,"played":[1.0E-4,0.9999],"evs":[0.0,2.26177]},"A4o":{"weight":0.0,"played":[0.0092,0.9908],"evs":[0.0,0.28601]},"52s":{"weight":0.0,"played":[0.0196,0.9804],"evs":[0.0,0.55351]},"53s":{"weight":0.0,"played":[0.0627,0.9373],"evs":[0.0,6.22209]},"54s":{"weight":0.0,"played":[0.0225,0.9775],"evs":[0.0,1.88853]},"55":{"weight":0.0,"played":[0.1,0.9],"evs":[0.0,1.72618]},"65o":{"weight":0.0,"played":[0.0057,0.9943],"evs":[0.0,1.76293]},"75o":{"weight":0.0,"played":[0.0169,0.9831],"evs":[0.0,1.24282]},"85o":{"weight":0.0,"played":[0.0,1.0],"evs":[0.0,1.51422]},"95o":{"weight":0.0,"played":[0.4432,0.5568],"evs":[0.0,0.99252]},"T5o":{"weight":0.0,"played":[0.0936,0.9064],"evs":[0.0,1.96008]},"J5o":{"weight":0.0,"played":[0.1635,0.8365],"evs":[0.0,1.96723]},"Q5o":{"weight":0.0,"played":[0.0501,0.9499],"evs":[0.0,1.32502]},"K5o":{"weight":0.0,"played":[0.0173,0.9827],"evs":[0.0,2.12128]},"A5o":{"weight":0.0,"played":[0.0,1.0],"evs":[0.0,2.2988]},"62s":{"weight":0.0,"played":[0.0177,0.9823],"evs":[0.0,0.99214]},"63s":{"weight":0.0,"played":[0.0339,0.9661],"evs":[0.0,0.97457]},"64s":{"weight":0.0,"played":[0.3562,0.6438],"evs":[0.0,3.8922]},"65s":{"weight":0.0,"played":[0.0437,0.9563],"evs":[0.0,5.00908]},"66":{"weight":0.0,"played":[0.0029,0.9971],"evs":[0.0,3.41452]},"76o":{"weight":0.0,"played":[0.0344,0.9656],"evs":[0.0,2.91432]},"86o":{"weight":0.0,"played":[0.0259,0.9741],"evs":[0.0,1.35945]},"96o":{"weight":0.0,"played":[0.1593,0.8407],"evs":[0.0,0.60521]},"T6o":{"weight":0.0,"played":[0.0871,0.9129],"evs":[0.0,1.08405]},"J6o":{"weight":0.0,"played":[0.0129,0.9871],"evs":[0.0,2.56594]},"Q6o":{"weight":0.0,"played":[0.0411,0.9589],"evs":[0.0,2.91259]},"K6o":{"weight":0.0,"played":[2.0E-4,0.9998],"evs":[0.0,3.65116]},"A6o":{"weight":0.0,"played":[3.0E-4,0.9997],"evs":[0.0,1.95151]},"72s":{"weight":0.0,"played":[0.09,0.91],"evs":[0.0,2.5698]},"73s":{"weight":0.0,"played":[0.2277,0.7723],"evs":[0.0,1.57974]},"74s":{"weight":0.0,"played":[0.1262,0.8738],"evs":[0.0,1.57031]},"75s":{"weight":0.0,"played":[0.3292,0.6708],"evs":[0.0,0.08894]},"76s":{"weight":0.0,"played":[0.0248,0.9752],"evs":[0.0,5.1362]},"77":{"weight":0.1174,"played":[0.0046,0.9954],"evs":[0.0,4.42503]},"87o":{"weight":0.0,"played":[0.0,1.0],"evs":[0.0,5.02355]},"97o":{"weight":0.0,"played":[0.0461,0.9539],"evs":[0.0,1.04818]},"T7o":{"weight":0.0,"played":[0.001,0.999],"evs":[0.0,2.39861]},"J7o":{"weight":0.0,"played":[0.1168,0.8832],"evs":[0.0,1.2371]},"Q7o":{"weight":0.0,"played":[0.002,0.998],"evs":[0.0,3.31332]},"K7o":{"weight":0.0,"played":[0.0412,0.9588],"evs":[0.0,2.32238]},"A7o":{"weight":0.0,"played":[0.059,0.941],"evs":[0.0,0.70123]},"82s":{"weight":0.0,"played":[0.1377,0.8623],"evs":[0.0,3.03147]},"83s":{"weight":0.0,"played":[0.1574,0.8426],"evs":[0.0,2.21665]},"84s":{"weight":0.0,"played":[0.2478,0.7522],"evs":[0.0,0.31609]},"85s":{"weight":0.0,"played":[0.2348,0.7652],"evs":[0.0,2.57226]},"86s":{"weight":0.0,"played":[0.0,1.0],"evs":[0.0,3.17793]},"87s":{"weight":0.0,"played":[0.0126,0.9874],"evs":[0.0,2.03092]},"88":{"weight":0.2481,"played":[0.3177,0.6823],"evs":[0.0,0.98162]},"98o":{"weight":0.0,"played":[0.1809,0.8191],"evs":[0.0,2.15166]},"T8o":{"weight":0.0,"played":[3.0E-4,0.9997],"evs":[0.0,2.77702]},"J8o":{"weight":0.0,"played":[6.0E-4,0.9994],"evs":[0.0,0.74277]},"Q8o":{"weight":0.0,"played":[0.0851,0.9149],"evs":[0.0,3.18095]},"K8o":{"weight":0.0,"played":[5.0E-4,0.9995],"evs":[0.0,2.54073]},"A8o":{"weight":0.0,"played":[1.0E-4,0.9999],"evs":[0.0,3.12767]},"92s":{"weight":0.0,"played":[0.0368,0.9632],"evs":[0.0,3.90878]},"93s":{"weight":0.0,"played":[0.5298,0.4702],"evs":[0.0,1.90174]},"94s":{"weight":0.0,"played":[0.2748,0.7252],"evs":[0.0,1.12246]},"95s":{"weight":0.0,"played":[0.0642,0.9358],"evs":[0.0,4.55722]},"96s":{"weight":0.0,"played":[1.0E-4,0.9999],"evs":[0.0,4.141]},"97s":{"weight":0.0,"played":[0.0154,0.9846],"evs":[0.0,2.57088]},"98s":{"weight":0.0,"played":[0.0,1.0],"evs":[0.0,0.40586]},"99":{"weight":0.029,"played":[0.0051,0.9949],"evs":[0.0,3.46703]},"T9o":{"weight":0.0,"played":[0.0013,0.9987],"evs":[0.0,1.70486]},"J9o":{"weight":0.0,"played":[0.0065,0.9935],"evs":[0.0,3.23708]},"Q9o":{"weight":0.0,"played":[0.0513,0.9487],"evs":[0.0,2.99852]},"K9o":{"weight":0.0,"played":[0.0012,0.9988],"evs":[0.0,4.46584]},"A9o":{"weight":0.0,"played":[0.0543,0.9457],"evs":[0.0,2.16267]},"T2s":{"weight":0.0,"played":[0.5876,0.4124],"evs":[0.0,3.18188]},"T3s":{"weight":0.0,"played":[0.0021,0.9979],"evs":[0.0,2.52121]},"T4s":{"weight":0.0,"played":[0.0829,0.9171],"evs":[0.0,1.80509]},"T5s":{"weight":0.0,"played":[0.2025,0.7975],"evs":[0.0,2.75357]},"T6s":{"weight":0.0,"played":[0.0244,0.9756],"evs":[0.0,3.42919]},"T7s":{"weight":0.0,"played":[0.0914,0.9086],"evs":[0.0,5.48038]},"T8s":{"weight":0.0,"played":[0.2228,0.7772],"evs":[0.0,2.72823]},"T9s":{"weight":0.0,"played":[0.2067,0.7933],"evs":[0.0,3.95566]},"TT":{"weight":0.0046,"played":[0.0018,0.9982],"evs":[0.0,7.87642]},"JTo":{"weight":0.0,"played":[0.0,1.0],"evs":[0.0,2.07679]},"QTo":{"weight":0.0,"played":[0.0018,0.9982],"evs":[0.0,1.21787]},"KTo":{"weight":0.0,"played":[0.0103,0.9897],"evs":[0.0,3.32737]},"ATo":{"weight":0.0,"played":[0.0159,0.9841],"evs":[0.0,2.61843]},"J2s":{"weight":0.0,"played":[0.1223,0.8777],"evs":[0.0,1.49228]},"J3s":{"weight":0.0,"played":[0.0453,0.9547],"evs":[0.0,3.58118]},"J4s":{"weight":0.0,"played":[0.2212,0.7788],"evs":[0.0,-0.41912]},"J5s":{"weight":0.0,"played":[0.0376,0.9624],"evs":[0.0,2.79894]},"J6s":{"weight":0.0,"played":[0.0829,0.9171],"evs":[0.0,4.15869]},"J7s":{"weight":0.0,"played":[0.0314,0.9686],"evs":[0.0,0.72222]},"J8s":{"weight":0.0,"played":[0.5031,0.4969],"evs":[0.0,1.24112]},"J9s":{"weight":0.0,"played":[0.0013,0.9987],"evs":[0.0,2.29879]},"JTs":{"weight":0.0,"played":[0.0,1.0],"evs":[0.0,2.50571]},"JJ":{"weight":0.3663,"played":[2.0E-4,0.9998],"evs":[0.0,4.98244]},"QJo":{"weight":0.0,"played":[0.0023,0.9977],"evs":[0.0,4.31817]},"KJo":{"weight":0.0,"played":[0.0594,0.9406],"evs":[0.0,1.62108]},"AJo":{"weight":6.0E-4,"played":[0.0611,0.9389],"evs":[0.0,1.59361]},"Q2s":{"weight":0.0,"played":[0.0751,0.9249],"evs":[0.0,4.36064]},"Q3s":{"weight":0.0,"played":[0.2372,0.7628],"evs":[0.0,0.74122]},"Q4s":{"weight":0.0,"played":[0.1352,0.8648],"evs":[0.0,4.96456]},"Q5s":{"weight":0.0,"played":[0.0092,0.9908],"evs":[0.0,2.69942]},"Q6s":{"weight":0.0,"played":[0.0632,0.9368],"evs":[0.0,2.82769]},"Q7s":{"weight":0.0,"played":[0.2226,0.7774],"evs":[0.0,1.18644]},"Q8s":{"weight":0.0,"played":[0.5739,0.4261],"evs":[0.0,3.28357]},"Q9s":{"weight":0.0,"played":[0.0192,0.9808],"evs":[0.0,3.94751]},"QTs":{"weight":0.0,"played":[0.0,1.0],"evs":[0.0,6.1209]},"QJs":{"weight":0.0,"played":[0.0,1.0],"evs":[0.0,3.68586]},"QQ":{"weight":0.9545,"played":[0.0,1.0],"evs":[0.0,7.44652]},"KQo":{"weight":0.0,"played":[0.0,1.0],"evs":[0.0,3.23309]},"AQo":{"weight":0.5316,"played":[0.0231,0.9769],"evs":[0.0,3.48389]},"K2s":{"weight":0.0,"played":[0.0329,0.9671],"evs":[0.0,3.46558]},"K3s":{"weight":0.0,"played":[0.0038,0.9962],"evs":[0.0,2.92851]},"K4s":{"weight":0.0,"played":[0.2028,0.7972],"evs":[0.0,2.06377]},"K5s":{"weight":0.0,"played":[0.1204,0.8796],"evs":[0.0,5.13946]},"K6s":{"weight":0.0,"played":[6.0E-4,0.9994],"evs":[0.0,1.17723]},"K7s":{"weight":0.0,"played":[0.0079,0.9921],"evs":[0.0,1.15074]},"K8s":{"weight":0.0,"played":[0.7883,0.2117],"evs":[0.0,-0.02047]},"K9s":{"weight":0.0,"played":[0.7354,0.2646],"evs":[0.0,1.48101]},"KTs":{"weight":0.0,"played":[0.1678,0.8322],"evs":[0.0,0.55531]},"KJs":{"weight":0.0,"played":[0.6186,0.3814],"evs":[0.0,1.70041]},"KQs":{"weight":1.0E-4,"played":[0.0178,0.9822],"evs":[0.0,3.46912]},"KK":{"weight":0.1299,"played":[0.0,1.0],"evs":[0.0,10.52209]},"AKo":{"weight":0.348,"played":[2.0E-4,0.9998],"evs":[0.0,4.85002]},"A2s":{"weight":0.0,"played":[0.2438,0.7562],"evs":[0.0,1.15939]},"A3s":{"weight":0.0,"played":[0.0052,0.9948],"evs":[0.0,2.23918]},"A4s":{"weight":0.0,"played":[0.2329,0.7671],"evs":[0.0,2.50337]},"A5s":{"weight":0.0,"played":[0.0258,0.9742],"evs":[0.0,1.9724]},"A6s":{"weight":0.0,"played":[0.076,0.924],"evs":[0.0,1.69284]},"A7s":{"weight":0.0,"played":[0.0138,0.9862],"evs":[0.0,0.8162]},"A8s":{"weight":0.0,"played":[0.0099,0.9901],"evs":[0.0,0.24293]},"A9s":{"weight":0.0,"played":[0.0665,0.9335],"evs":[0.0,3.71852]},"ATs":{"weight":0.0018,"played":[0.0,1.0],"evs":[0.0,4.38777]},"AJs":{"weight":0.0036,"played":[0.0,1.0],"evs":[0.0,2.85388]},"AQs":{"weight":0.6928,"played":[0.1504,0.8496],"evs":[0.0,2.08624]},"AKs":{"weight":0.1188,"played":[0.0,1.0],"evs":[0.0,6.5845]},"AA":{"weight":0.7717,"played":[0.0,1.0],"evs":[0.0,8.7939]}}}