{"player":3,"street":0,"children":2,"sequence":[{"player":0,"type":"F","amount":0,"street":0},{"player":1,"type":"F","amount":0,"street":0},{"player":2,"type":"R","amount":11040000,"street":0},{"player":3,"type":"C","amount":11040000,"street":0},{"player":4,"type":"F","amount":0,"street":0},{"player":5,"type":"R","amount":12960000,"street":0},{"player":6,"type":"F","amount":0,"street":0}],"actions":[{"type":"F","amount":0},{"type":"C","amount":1920000}],"hands":{"22":{"weight":0.9999,"played":[0.0,1.0],"evs":[0.0,2.56468]},"32o":{"weight":0.0,"played":[0.0,1.0],"evs":[0.0,1.63715]},"42o":{"weight":0.0,"played":[0.0,1.0],"evs":[0.0,1.69863]},"52o":{"weight":0.0,"played":[0.0,1.0],"evs":[0.0,1.76393]},"62o":{"weight":0.0,"played":[0.0,1.0],"evs":[0.0,1.54165]},"72o":{"weight":0.0,"played":[0.0,1.0],"evs":[0.0,1.40023]},"82o":{"weight":0.0,"played":[0.0,1.0],"evs":[0.0,1.52286]},"92o":{"weight":0.0,"played":[0.0,1.0],"evs":[0.0,1.5739]},"T2o":{"weight":0.0,"played":[0.0,1.0],"evs":[0.0,1.71094]},"J2o":{"weight":0.0,"played":[0.0,1.0],"evs":[0.0,1.8716]},"Q2o":{"weight":0.0,"played":[0.0,1.0],"evs":[0.0,1.89283]},"K2o":{"weight":0.0,"played":[0.0,1.0],"evs":[0.0,1.8825]},"A2o":{"weight":0.0,"played":[0.0,1.0],"evs":[0.0,1.82026]},"32s":{"weight":0.0,"played":[0.0,1.0],"evs":[0.0,2.1121]},"33":{"weight":0.996,"played":[0.0,1.0],"evs":[0.0,2.65658]},"43o":{"weight":0.0,"played":[0.0,1.0],"evs":[0.0,1.92061]},"53o":{"weight":0.0,"played":[0.0,1.0],"evs":[0.0,1.99128]},"63o":{"weight":0.0,"played":[0.0,1.0],"evs":[0.0,1.7947]},"73o":{"weight":0.0,"played":[0.0,1.0],"evs":[0.0,1.62036]},"83o":{"weight":0.0,"played":[0.0,1.0],"evs":[0.0,1.48332]},"93o":{"weight":0.0,"played":[0.0,1.0],"evs":[0.0,1.62458]},"T3o":{"weight":0.0,"played":[0.0,1.0],"evs":[0.0,1.79266]},"J3o":{"weight":0.0,"played":[0.0,1.0],"evs":[0.0,1.86573]},"Q3o":{"weight":0.0,"played":[0.0,1.0],"evs":[0.0,1.92651]},"K3o":{"weight":0.0,"played":[0.0,1.0],"evs":[0.0,1.91168]},"A3o":{"weight":0.0,"played":[0.0,1.0],"evs":[0.0,1.87866]},"42s":{"weight":0.0,"played":[0.0,1.0],"evs":[0.0,2.12442]},"43s":{"weight":0.0,"played":[0.0,1.0],"evs":[0.0,2.33887]},"44":{"weight":0.9787,"played":[0.0,1.0],"evs":[0.0,2.67885]},"54o":{"weight":0.0,"played":[0.0,1.0],"evs":[0.0,2.12742]},"64o":{"weight":0.0,"played":[0.0,1.0],"evs":[0.0,1.95484]},"74o":{"weight":0.0,"played":[0.0,1.0],"evs":[0.0,1.74244]},"84o":{"weight":0.0,"played":[0.0,1.0],"evs":[0.0,1.70404]},"94o":{"weight":0.0,"played":[0.0,1.0],"evs":[0.0,1.6275]},"T4o":{"weight":0.0,"played":[0.0,1.0],"evs":[0.0,1.84012]},"J4o":{"weight":0.0,"played":[0.0,1.0],"evs":[0.0,1.89977]},"Q4o":{"weight":0.0,"played":[0.0,1.0],"evs":[0.0,2.00735]},"K4o":{"weight":0.0,"played":[0.0,1.0],"evs":[0.0,1.968]},"A4o":{"weight":0.0,"played":[0.0,1.0],"evs":[0.0,1.9399]},"52s":{"weight":0.0,"played":[0.0,1.0],"evs":[0.0,2.16993]},"53s":{"weight":0.0,"played":[0.0,1.0],"evs":[0.0,2.35552]},"54s":{"weight":0.0,"played":[0.0,1.0],"evs":[0.0,2.47716]},"55":{"weight":0.391,"played":[0.0,1.0],"evs":[0.0,2.75661]},"65o":{"weight":0.0,"played":[0.0,1.0],"evs":[0.0,2.10543]},"75o":{"weight":0.0,"played":[0.0,1.0],"evs":[0.0,1.94723]},"85o":{"weight":0.0,"played":[0.0,1.0],"evs":[0.0,1.86334]},"95o":{"weight":0.0,"played":[0.0,1.0],"evs":[0.0,1.83686]},"T5o":{"weight":0.0,"played":[0.0,1.0],"evs":[0.0,1.8418]},"J5o":{"weight":0.0,"played":[0.0,1.0],"evs":[0.0,1.92341]},"Q5o":{"weight":0.0,"played":[0.0,1.0],"evs":[0.0,2.09706]},"K5o":{"weight":0.0,"played":[0.0,1.0],"evs":[0.0,2.00303]},"A5o":{"weight":0.0,"played":[0.0,1.0],"evs":[0.0,1.92057]},"62s":{"weight":0.0,"played":[0.0,1.0],"evs":[0.0,2.11873]},"63s":{"weight":0.0,"played":[0.0,1.0],"evs":[0.0,2.24893]},"64s":{"weight":0.0,"played":[0.0,1.0],"evs":[0.0,2.36278]},"65s":{"weight":0.0,"played":[0.0,1.0],"evs":[0.0,2.62249]},"66":{"weight":0.0683,"played":[0.0,1.0],"evs":[0.0,2.7766]},"76o":{"weight":0.0,"played":[0.0,1.0],"evs":[0.0,2.00577]},"86o":{"weight":0.0,"played":[0.0,1.0],"evs":[0.0,1.97424]},"96o":{"weight":0.0,"played":[0.0,1.0],"evs":[0.0,2.01995]},"T6o":{"weight":0.0,"played":[0.0,1.0],"evs":[0.0,1.97746]},"J6o":{"weight":0.0,"played":[0.0,1.0],"evs":[0.0,1.99072]},"Q6o":{"weight":0.0,"played":[0.0,1.0],"evs":[0.0,2.06706]},"K6o":{"weight":0.0,"played":[0.0,1.0],"evs":[0.0,2.04942]},"A6o":{"weight":0.0,"played":[0.0,1.0],"evs":[0.0,1.83284]},"72s":{"weight":0.0,"played":[0.0,1.0],"evs":[0.0,1.88272]},"73s":{"weight":0.0,"played":[0.0,1.0],"evs":[0.0,2.11454]},"74s":{"weight":0.0,"played":[0.0,1.0],"evs":[0.0,2.28928]},"75s":{"weight":0.0,"played":[0.0,1.0],"evs":[0.0,2.38404]},"76s":{"weight":0.0,"played":[0.0,1.0],"evs":[0.0,2.49116]},"77":{"weight":0.0928,"played":[0.0,1.0],"evs":[0.0,2.8746]},"87o":{"weight":0.0,"played":[0.0,1.0],"evs":[0.0,2.01631]},"97o":{"weight":0.0,"played":[0.0,1.0],"evs":[0.0,2.05813]},"T7o":{"weight":0.0,"played":[0.0,1.0],"evs":[0.0,2.0656]},"J7o":{"weight":0.0,"played":[0.0,1.0],"evs":[0.0,1.95874]},"Q7o":{"weight":0.0,"played":[0.0,1.0],"evs":[0.0,1.99209]},"K7o":{"weight":0.0,"played":[0.0,1.0],"evs":[0.0,2.01545]},"A7o":{"weight":0.0,"played":[0.0,1.0],"evs":[0.0,1.84481]},"82s":{"weight":0.0,"played":[0.0,1.0],"evs":[0.0,1.95416]},"83s":{"weight":0.0,"played":[0.0,1.0],"evs":[0.0,2.02341]},"84s":{"weight":0.0,"played":[0.0,1.0],"evs":[0.0,2.2036]},"85s":{"weight":0.0,"played":[0.0,1.0],"evs":[0.0,2.29653]},"86s":{"weight":0.0,"played":[0.0,1.0],"evs":[0.0,2.45589]},"87s":{"weight":0.0,"played":[0.0,1.0],"evs":[0.0,2.50559]},"88":{"weight":0.6615,"played":[0.0,1.0],"evs":[0.0,3.25253]},"98o":{"weight":0.0,"played":[0.0,1.0],"evs":[0.0,2.18585]},"T8o":{"weight":0.0,"played":[0.0,1.0],"evs":[0.0,2.30514]},"J8o":{"weight":0.0,"played":[0.0,1.0],"evs":[0.0,2.14878]},"Q8o":{"weight":0.0,"played":[0.0,1.0],"evs":[0.0,2.09449]},"K8o":{"weight":0.0,"played":[0.0,1.0],"evs":[0.0,2.04264]},"A8o":{"weight":0.9999,"played":[0.0,1.0],"evs":[0.0,1.94665]},"92s":{"weight":0.0,"played":[0.0,1.0],"evs":[0.0,2.07414]},"93s":{"weight":0.0,"played":[0.0,1.0],"evs":[0.0,2.19119]},"94s":{"weight":0.0,"played":[0.0,1.0],"evs":[0.0,2.10798]},"95s":{"weight":0.0,"played":[0.0,1.0],"evs":[0.0,2.35748]},"96s":{"weight":0.0,"played":[0.0,1.0],"evs":[0.0,2.4502]},"97s":{"weight":0.0,"played":[0.0,1.0],"evs":[0.0,2.47387]},"98s":{"weight":0.0,"played":[0.0,1.0],"evs":[0.0,2.52155]},"99":{"weight":0.1983,"played":[0.0,1.0],"evs":[0.0,3.8373]},"T9o":{"weight":0.0,"played":[0.0,1.0],"evs":[0.0,2.50784]},"J9o":{"weight":0.0,"played":[0.0,1.0],"evs":[0.0,2.48286]},"Q9o":{"weight":0.0,"played":[0.0,1.0],"evs":[0.0,2.36919]},"K9o":{"weight":0.0,"played":[0.0,1.0],"evs":[0.0,2.21522]},"A9o":{"weight":1.0,"played":[0.0,1.0],"evs":[0.0,2.06426]},"T2s":{"weight":0.0,"played":[0.0,1.0],"evs":[0.0,2.16558]},"T3s":{"weight":0.0,"played":[0.0,1.0],"evs":[0.0,2.21093]},"T4s":{"weight":0.0,"played":[0.0,1.0],"evs":[0.0,2.24248]},"T5s":{"weight":0.0,"played":[0.0,1.0],"evs":[0.0,2.30741]},"T6s":{"weight":0.0,"played":[0.0,1.0],"evs":[0.0,2.53913]},"T7s":{"weight":0.0,"played":[0.0,1.0],"evs":[0.0,2.51948]},"T8s":{"weight":0.0,"played":[0.0,1.0],"evs":[0.0,2.73068]},"T9s":{"weight":0.0,"played":[0.0,1.0],"evs":[0.0,2.95006]},"TT":{"weight":0.7692,"played":[0.0,1.0],"evs":[0.0,4.63521]},"JTo":{"weight":0.0,"played":[0.0,1.0],"evs":[0.0,2.7835]},"QTo":{"weight":0.0,"played":[0.0,1.0],"evs":[0.0,2.6959]},"KTo":{"weight":0.0,"played":[0.0,1.0],"evs":[0.0,2.63329]},"ATo":{"weight":0.9997,"played":[0.0,1.0],"evs":[0.0,2.47327]},"J2s":{"weight":0.0,"played":[0.0,1.0],"evs":[0.0,2.31176]},"J3s":{"weight":0.0,"played":[0.0,1.0],"evs":[0.0,2.28223]},"J4s":{"weight":0.0,"played":[0.0,1.0],"evs":[0.0,2.39504]},"J5s":{"weight":0.0,"played":[0.0,1.0],"evs":[0.0,2.43091]},"J6s":{"weight":0.0,"played":[0.0,1.0],"evs":[0.0,2.32789]},"J7s":{"weight":0.0,"played":[0.0,1.0],"evs":[0.0,2.46272]},"J8s":{"weight":0.0,"played":[0.0,1.0],"evs":[0.0,2.67821]},"J9s":{"weight":0.0,"played":[0.0,1.0],"evs":[0.0,2.84853]},"JTs":{"weight":0.1348,"played":[0.0,1.0],"evs":[0.0,3.26454]},"JJ":{"weight":0.995,"played":[0.0,1.0],"evs":[0.0,5.31686]},"QJo":{"weight":0.0,"played":[0.0,1.0],"evs":[0.0,2.79692]},"KJo":{"weight":1.0E-4,"played":[0.0,1.0],"evs":[0.0,2.77567]},"AJo":{"weight":0.5963,"played":[0.0,1.0],"evs":[0.0,2.74702]},"Q2s":{"weight":0.0,"played":[0.0,1.0],"evs":[0.0,2.37619]},"Q3s":{"weight":0.0,"played":[0.0,1.0],"evs":[0.0,2.30856]},"Q4s":{"weight":0.0,"played":[0.0,1.0],"evs":[0.0,2.43948]},"Q5s":{"weight":0.0,"played":[0.0,1.0],"evs":[0.0,2.35806]},"Q6s":{"weight":0.0,"played":[0.0,1.0],"evs":[0.0,2.4668]},"Q7s":{"weight":0.0,"played":[0.0,1.0],"evs":[0.0,2.35348]},"Q8s":{"weight":0.0,"played":[0.0,1.0],"evs":[0.0,2.62715]},"Q9s":{"weight":0.0,"played":[0.0,1.0],"evs":[0.0,2.81309]},"QTs":{"weight":0.3605,"played":[0.0,1.0],"evs":[0.0,3.17422]},"QJs":{"weight":0.0079,"played":[0.0,1.0],"evs":[0.0,3.16344]},"QQ":{"weight":0.9956,"played":[0.0,1.0],"evs":[0.0,5.90582]},"KQo":{"weight":0.9116,"played":[0.0,1.0],"evs":[0.0,2.89749]},"AQo":{"weight":2.0E-4,"played":[0.0,1.0],"evs":[0.0,3.23894]},"K2s":{"weight":0.0,"played":[0.0,1.0],"evs":[0.0,2.25907]},"K3s":{"weight":0.0,"played":[0.0,1.0],"evs":[0.0,2.42361]},"K4s":{"weight":0.0,"played":[0.0,1.0],"evs":[0.0,2.45034]},"K5s":{"weight":0.0,"played":[0.0,1.0],"evs":[0.0,2.5185]},"K6s":{"weight":0.0,"played":[0.0,1.0],"evs":[0.0,2.4566]},"K7s":{"weight":0.0,"played":[0.0,1.0],"evs":[0.0,2.52251]},"K8s":{"weight":0.0,"played":[0.0,1.0],"evs":[0.0,2.61736]},"K9s":{"weight":0.0,"played":[0.0,1.0],"evs":[0.0,2.77781]},"KTs":{"weight":0.1501,"played":[0.0,1.0],"evs":[0.0,3.10346]},"KJs":{"weight":0.0,"played":[0.0,1.0],"evs":[0.0,3.2175]},"KQs":{"weight":1.0E-4,"played":[0.0,1.0],"evs":[0.0,3.34122]},"KK":{"weight":0.9997,"played":[0.0,1.0],"evs":[0.0,7.07439]},"AKo":{"weight":0.9963,"played":[0.0,1.0],"evs":[0.0,3.96517]},"A2s":{"weight":0.05,"played":[0.0,1.0],"evs":[0.0,2.33386]},"A3s":{"weight":0.978,"played":[0.0,1.0],"evs":[0.0,2.32993]},"A4s":{"weight":0.992,"played":[0.0,1.0],"evs":[0.0,2.42474]},"A5s":{"weight":0.9501,"played":[0.0,1.0],"evs":[0.0,2.43484]},"A6s":{"weight":0.9959,"played":[0.0,1.0],"evs":[0.0,2.27164]},"A7s":{"weight":0.9971,"played":[0.0,1.0],"evs":[0.0,2.34878]},"A8s":{"weight":0.9835,"played":[0.0,1.0],"evs":[0.0,2.39656]},"A9s":{"weight":0.992,"played":[0.0,1.0],"evs":[0.0,2.5312]},"ATs":{"weight":0.0623,"played":[0.0,1.0],"evs":[0.0,2.95163]},"AJs":{"weight":1.0E-4,"played":[0.0,1.0],"evs":[0.0,3.23693]},"AQs":{"weight":7.0E-4,"played":[0.0,1.0],"evs":[0.0,3.57866]},"AKs":{"weight":0.9913,"played":[0.0,1.0],"evs":[0.0,4.2749]},"AA":{"weight":0.9999,"played":[0.0,1.0],"evs":[0.0,8.52147]}}}