{"player":5,"street":0,"children":3,"sequence":[{"player":0,"type":"F","amount":0,"street":0},{"player":1,"type":"F","amount":0,"street":0},{"player":2,"type":"F","amount":0,"street":0},{"player":3,"type":"F","amount":0,"street":0},{"player":4,"type":"F","amount":0,"street":0}],"actions":[{"type":"F","amount":0},{"type":"C","amount":1600000},{"type":"R","amount":12960000,"node":6}],"hands":{"22":{"weight":1.0,"played":[0.0,0.0,1.0],"evs":[0.0,0.2089,0.39615]},"32o":{"weight":1.0,"played":[1.0,0.0,0.0],"evs":[0.0,-0.25046,-1.51849]},"42o":{"weight":1.0,"played":[1.0,0.0,0.0],"evs":[0.0,-0.22386,-1.40743]},"52o":{"weight":1.0,"played":[1.0,0.0,0.0],"evs":[0.0,-0.2001,-1.27925]},"62o":{"weight":1.0,"played":[1.0,0.0,0.0],"evs":[0.0,-0.20928,-1.2896]},"72o":{"weight":1.0,"played":[1.0,0.0,0.0],"evs":[0.0,-0.21011,-1.28852]},"82o":{"weight":1.0,"played":[1.0,0.0,0.0],"evs":[0.0,-0.18872,-1.14599]},"92o":{"weight":1.0,"played":[1.0,0.0,0.0],"evs":[0.0,-0.1784,-0.99117]},"T2o":{"weight":1.0,"played":[1.0,0.0,0.0],"evs":[0.0,-0.15162,-0.80393]},"J2o":{"weight":1.0,"played":[1.0,0.0,0.0],"evs":[0.0,-0.12879,-0.5064]},"Q2o":{"weight":1.0,"played":[0.9998,2.0E-4,0.0],"evs":[0.0,-0.06098,-0.08317]},"K2o":{"weight":1.0,"played":[0.0,0.0,1.0],"evs":[0.0,0.27708,0.42551]},"A2o":{"weight":1.0,"played":[0.0,0.0,1.0],"evs":[0.0,0.90511,1.07526]},"32s":{"weight":1.0,"played":[1.0,0.0,0.0],"evs":[0.0,-0.18138,-1.09975]},"33":{"weight":1.0,"played":[0.0,0.0,1.0],"evs":[0.0,0.39967,0.5271]},"43o":{"weight":1.0,"played":[1.0,0.0,0.0],"evs":[0.0,-0.19734,-1.24854]},"53o":{"weight":1.0,"played":[1.0,0.0,0.0],"evs":[0.0,-0.17174,-1.13044]},"63o":{"weight":1.0,"played":[1.0,0.0,0.0],"evs":[0.0,-0.18706,-1.13528]},"73o":{"weight":1.0,"played":[1.0,0.0,0.0],"evs":[0.0,-0.1754,-1.13079]},"83o":{"weight":1.0,"played":[1.0,0.0,0.0],"evs":[0.0,-0.17811,-1.11436]},"93o":{"weight":1.0,"played":[1.0,0.0,0.0],"evs":[0.0,-0.17419,-0.9491]},"T3o":{"weight":1.0,"played":[1.0,0.0,0.0],"evs":[0.0,-0.14321,-0.73828]},"J3o":{"weight":1.0,"played":[1.0,0.0,0.0],"evs":[0.0,-0.10253,-0.45752]},"Q3o":{"weight":1.0,"played":[0.5697,4.0E-4,0.4299],"evs":[0.0,-0.02903,-0.0028]},"K3o":{"weight":1.0,"played":[0.0,0.0,1.0],"evs":[0.0,0.33728,0.47555]},"A3o":{"weight":1.0,"played":[0.0,0.0,1.0],"evs":[0.0,0.97994,1.12829]},"42s":{"weight":1.0,"played":[1.0,0.0,0.0],"evs":[0.0,-0.18968,-1.03611]},"43s":{"weight":1.0,"played":[1.0,0.0,0.0],"evs":[0.0,-0.14155,-0.85081]},"44":{"weight":1.0,"played":[0.0,2.0E-4,0.9998],"evs":[0.0,0.71689,0.80853]},"54o":{"weight":1.0,"played":[1.0,0.0,0.0],"evs":[0.0,-0.13881,-0.92608]},"64o":{"weight":1.0,"played":[1.0,0.0,0.0],"evs":[0.0,-0.15512,-0.93002]},"74o":{"weight":1.0,"played":[1.0,0.0,0.0],"evs":[0.0,-0.13757,-0.89863]},"84o":{"weight":1.0,"played":[1.0,0.0,0.0],"evs":[0.0,-0.14013,-0.88822]},"94o":{"weight":1.0,"played":[1.0,0.0,0.0],"evs":[0.0,-0.1567,-0.88246]},"T4o":{"weight":1.0,"played":[1.0,0.0,0.0],"evs":[0.0,-0.12109,-0.61407]},"J4o":{"weight":1.0,"played":[1.0,0.0,0.0],"evs":[0.0,-0.08026,-0.33272]},"Q4o":{"weight":1.0,"played":[1.0E-4,0.0,0.9999],"evs":[0.0,-0.02911,0.07911]},"K4o":{"weight":1.0,"played":[0.0,0.0,1.0],"evs":[0.0,0.4407,0.58205]},"A4o":{"weight":1.0,"played":[0.0,0.0,1.0],"evs":[0.0,1.06698,1.21453]},"52s":{"weight":1.0,"played":[1.0,0.0,0.0],"evs":[0.0,-0.13903,-0.88578]},"53s":{"weight":1.0,"played":[1.0,0.0,0.0],"evs":[0.0,-0.11397,-0.76967]},"54s":{"weight":1.0,"played":[1.0,0.0,0.0],"evs":[0.0,-0.08073,-0.57102]},"55":{"weight":1.0,"played":[0.0,0.02,0.98],"evs":[0.0,1.08453,1.09975]},"65o":{"weight":1.0,"played":[1.0,0.0,0.0],"evs":[0.0,-0.10888,-0.71104]},"75o":{"weight":1.0,"played":[1.0,0.0,0.0],"evs":[0.0,-0.08999,-0.67057]},"85o":{"weight":1.0,"played":[1.0,0.0,0.0],"evs":[0.0,-0.09481,-0.65899]},"95o":{"weight":1.0,"played":[1.0,0.0,0.0],"evs":[0.0,-0.11014,-0.61727]},"T5o":{"weight":1.0,"played":[1.0,0.0,0.0],"evs":[0.0,-0.08709,-0.51551]},"J5o":{"weight":1.0,"played":[1.0,0.0,0.0],"evs":[0.0,-0.05754,-0.20317]},"Q5o":{"weight":1.0,"played":[0.0,0.0,1.0],"evs":[0.0,0.1223,0.22355]},"K5o":{"weight":1.0,"played":[0.0,0.0,1.0],"evs":[0.0,0.5899,0.71484]},"A5o":{"weight":1.0,"played":[0.0,0.0,1.0],"evs":[0.0,1.20558,1.33643]},"62s":{"weight":1.0,"played":[1.0,0.0,0.0],"evs":[0.0,-0.15647,-0.9224]},"63s":{"weight":1.0,"played":[1.0,0.0,0.0],"evs":[0.0,-0.15298,-0.79086]},"64s":{"weight":1.0,"played":[1.0,0.0,0.0],"evs":[0.0,-0.08282,-0.56808]},"65s":{"weight":1.0,"played":[1.0,0.0,0.0],"evs":[0.0,-0.03777,-0.34593]},"66":{"weight":1.0,"played":[0.0,3.0E-4,0.9997],"evs":[0.0,1.3803,1.4433]},"76o":{"weight":1.0,"played":[1.0,0.0,0.0],"evs":[0.0,-0.07904,-0.49174]},"86o":{"weight":1.0,"played":[1.0,0.0,0.0],"evs":[0.0,-0.06767,-0.43161]},"96o":{"weight":1.0,"played":[1.0,0.0,0.0],"evs":[0.0,-0.09047,-0.39078]},"T6o":{"weight":1.0,"played":[1.0,0.0,0.0],"evs":[0.0,-0.06744,-0.25555]},"J6o":{"weight":1.0,"played":[0.9981,0.0017,2.0E-4],"evs":[0.0,-0.05825,-0.06146]},"Q6o":{"weight":1.0,"played":[0.0,0.0,1.0],"evs":[0.0,0.22082,0.39512]},"K6o":{"weight":1.0,"played":[0.0,0.0,1.0],"evs":[0.0,0.69495,0.89697]},"A6o":{"weight":1.0,"played":[0.0,0.0,1.0],"evs":[0.0,1.22945,1.44553]},"72s":{"weight":1.0,"played":[1.0,0.0,0.0],"evs":[0.0,-0.15498,-0.87084]},"73s":{"weight":1.0,"played":[1.0,0.0,0.0],"evs":[0.0,-0.11485,-0.74649]},"74s":{"weight":1.0,"played":[1.0,0.0,0.0],"evs":[0.0,-0.07018,-0.54081]},"75s":{"weight":1.0,"played":[0.9999,1.0E-4,0.0],"evs":[0.0,-0.04496,-0.34905]},"76s":{"weight":1.0,"played":[0.9994,5.0E-4,1.0E-4],"evs":[0.0,-0.02058,-0.14496]},"77":{"weight":1.0,"played":[0.0,0.0,1.0],"evs":[0.0,1.6682,1.73922]},"87o":{"weight":1.0,"played":[0.9999,1.0E-4,0.0],"evs":[0.0,-0.04409,-0.2545]},"97o":{"weight":1.0,"played":[1.0,0.0,0.0],"evs":[0.0,-0.03931,-0.17809]},"T7o":{"weight":1.0,"played":[0.9983,0.001,8.0E-4],"evs":[0.0,-0.02534,-0.06333]},"J7o":{"weight":1.0,"played":[1.0E-4,2.0E-4,0.9997],"evs":[0.0,0.0483,0.14738]},"Q7o":{"weight":1.0,"played":[0.0,0.0,1.0],"evs":[0.0,0.3128,0.5035]},"K7o":{"weight":1.0,"played":[0.0,0.0,1.0],"evs":[0.0,0.81672,1.01673]},"A7o":{"weight":1.0,"played":[0.0,0.0,1.0],"evs":[0.0,1.37085,1.59351]},"82s":{"weight":1.0,"played":[1.0,0.0,0.0],"evs":[0.0,-0.14652,-0.77298]},"83s":{"weight":1.0,"played":[1.0,0.0,0.0],"evs":[0.0,-0.12726,-0.71009]},"84s":{"weight":1.0,"played":[1.0,0.0,0.0],"evs":[0.0,-0.07985,-0.53267]},"85s":{"weight":1.0,"played":[0.9998,2.0E-4,0.0],"evs":[0.0,-0.03512,-0.28144]},"86s":{"weight":1.0,"played":[0.9981,3.0E-4,0.0017],"evs":[0.0,-0.02251,-0.12479]},"87s":{"weight":1.0,"played":[0.0034,0.0057,0.9909],"evs":[0.0,0.03913,0.05728]},"88":{"weight":1.0,"played":[0.0,1.0E-4,0.9999],"evs":[0.0,1.9855,2.03899]},"98o":{"weight":1.0,"played":[0.0093,0.005,0.9856],"evs":[0.0,-0.00485,0.00773]},"T8o":{"weight":1.0,"played":[0.0,0.0,1.0],"evs":[0.0,0.06987,0.15423]},"J8o":{"weight":1.0,"played":[0.0,0.0,1.0],"evs":[0.0,0.24242,0.34744]},"Q8o":{"weight":1.0,"played":[0.0,0.0,1.0],"evs":[0.0,0.52876,0.70252]},"K8o":{"weight":1.0,"played":[0.0,0.0,1.0],"evs":[0.0,0.91202,1.12262]},"A8o":{"weight":1.0,"played":[0.0,0.0,1.0],"evs":[0.0,1.49875,1.70965]},"92s":{"weight":1.0,"played":[1.0,0.0,0.0],"evs":[0.0,-0.13619,-0.66419]},"93s":{"weight":1.0,"played":[0.9999,1.0E-4,0.0],"evs":[0.0,-0.11391,-0.56334]},"94s":{"weight":1.0,"played":[1.0,0.0,0.0],"evs":[0.0,-0.10074,-0.50122]},"95s":{"weight":1.0,"played":[0.9997,3.0E-4,0.0],"evs":[0.0,-0.03777,-0.262]},"96s":{"weight":1.0,"played":[0.9528,0.0465,7.0E-4],"evs":[0.0,-0.02361,-0.06406]},"97s":{"weight":1.0,"played":[0.0034,0.0056,0.991],"evs":[0.0,0.05471,0.1264]},"98s":{"weight":1.0,"played":[0.0,4.0E-4,0.9996],"evs":[0.0,0.229,0.30572]},"99":{"weight":1.0,"played":[0.0,3.0E-4,0.9997],"evs":[0.0,2.30102,2.35094]},"T9o":{"weight":1.0,"played":[0.0,0.0,1.0],"evs":[0.0,0.26187,0.3576]},"J9o":{"weight":1.0,"played":[0.0,0.0,1.0],"evs":[0.0,0.44262,0.55334]},"Q9o":{"weight":1.0,"played":[0.0,0.0,1.0],"evs":[0.0,0.73288,0.91306]},"K9o":{"weight":1.0,"played":[0.0,0.0,1.0],"evs":[0.0,1.13168,1.33184]},"A9o":{"weight":1.0,"played":[0.0,0.0,1.0],"evs":[0.0,1.59199,1.8045]},"T2s":{"weight":1.0,"played":[1.0,0.0,0.0],"evs":[0.0,-0.09485,-0.42157]},"T3s":{"weight":1.0,"played":[0.9997,3.0E-4,0.0],"evs":[0.0,-0.07936,-0.38322]},"T4s":{"weight":1.0,"played":[1.0,0.0,0.0],"evs":[0.0,-0.05726,-0.27912]},"T5s":{"weight":1.0,"played":[0.998,0.002,0.0],"evs":[0.0,-0.04158,-0.16823]},"T6s":{"weight":1.0,"played":[0.0026,1.0E-4,0.9973],"evs":[0.0,-0.01736,0.05125]},"T7s":{"weight":1.0,"played":[1.0E-4,4.0E-4,0.9995],"evs":[0.0,0.18008,0.24817]},"T8s":{"weight":1.0,"played":[0.0,3.0E-4,0.9997],"evs":[0.0,0.36397,0.4525]},"T9s":{"weight":1.0,"played":[0.0,3.0E-4,0.9997],"evs":[0.0,0.56532,0.64604]},"TT":{"weight":1.0,"played":[0.0,0.0042,0.9958],"evs":[0.0,2.66401,2.6899]},"JTo":{"weight":1.0,"played":[0.0,0.0,1.0],"evs":[0.0,0.7031,0.83226]},"QTo":{"weight":1.0,"played":[0.0,0.0,1.0],"evs":[0.0,1.01675,1.19072]},"KTo":{"weight":1.0,"played":[0.0,0.0,1.0],"evs":[0.0,1.39631,1.59205]},"ATo":{"weight":1.0,"played":[0.0,0.0,1.0],"evs":[0.0,1.87451,2.07921]},"J2s":{"weight":1.0,"played":[0.9993,7.0E-4,0.0],"evs":[0.0,-0.07011,-0.17128]},"J3s":{"weight":1.0,"played":[0.9741,0.0257,2.0E-4],"evs":[0.0,-0.05155,-0.11348]},"J4s":{"weight":1.0,"played":[0.9528,0.0067,0.0406],"evs":[0.0,-0.03302,-0.014]},"J5s":{"weight":1.0,"played":[0.0,1.0E-4,0.9999],"evs":[0.0,0.06529,0.10075]},"J6s":{"weight":1.0,"played":[0.0,0.0,1.0],"evs":[0.0,0.14387,0.23264]},"J7s":{"weight":1.0,"played":[0.0,0.0,1.0],"evs":[0.0,0.34612,0.44928]},"J8s":{"weight":1.0,"played":[0.0,4.0E-4,0.9996],"evs":[0.0,0.53088,0.6261]},"J9s":{"weight":1.0,"played":[0.0,0.0,1.0],"evs":[0.0,0.69997,0.80351]},"JTs":{"weight":1.0,"played":[0.0,2.0E-4,0.9998],"evs":[0.0,0.96933,1.08192]},"JJ":{"weight":1.0,"played":[0.0,0.0425,0.9575],"evs":[0.0,2.96622,2.9709]},"QJo":{"weight":1.0,"played":[0.0,0.0,1.0],"evs":[0.0,1.14815,1.33195]},"KJo":{"weight":1.0,"played":[0.0,0.0,1.0],"evs":[0.0,1.52353,1.72949]},"AJo":{"weight":1.0,"played":[0.0,0.0,1.0],"evs":[0.0,2.00708,2.21763]},"Q2s":{"weight":1.0,"played":[1.0E-4,3.0E-4,0.9997],"evs":[0.0,0.12997,0.26257]},"Q3s":{"weight":1.0,"played":[1.0E-4,0.0,0.9999],"evs":[0.0,0.18266,0.30291]},"Q4s":{"weight":1.0,"played":[0.0,1.0E-4,0.9999],"evs":[0.0,0.27998,0.39443]},"Q5s":{"weight":1.0,"played":[0.0,0.0,1.0],"evs":[0.0,0.41301,0.52393]},"Q6s":{"weight":1.0,"played":[0.0,0.0,1.0],"evs":[0.0,0.51802,0.69322]},"Q7s":{"weight":1.0,"played":[0.0,0.0,1.0],"evs":[0.0,0.60338,0.76323]},"Q8s":{"weight":1.0,"played":[0.0,0.0,1.0],"evs":[0.0,0.79311,0.97075]},"Q9s":{"weight":1.0,"played":[0.0,0.0,1.0],"evs":[0.0,0.9937,1.15168]},"QTs":{"weight":1.0,"played":[0.0,0.0,1.0],"evs":[0.0,1.27782,1.42016]},"QJs":{"weight":1.0,"played":[0.0,0.0,1.0],"evs":[0.0,1.35314,1.51506]},"QQ":{"weight":1.0,"played":[0.0,0.0277,0.9723],"evs":[0.0,3.33418,3.34313]},"KQo":{"weight":1.0,"played":[0.0,0.0,1.0],"evs":[0.0,1.67208,1.89673]},"AQo":{"weight":1.0,"played":[0.0,0.0,1.0],"evs":[0.0,2.17852,2.42354]},"K2s":{"weight":1.0,"played":[0.0,0.0,1.0],"evs":[0.0,0.59284,0.74423]},"K3s":{"weight":1.0,"played":[0.0,0.0,1.0],"evs":[0.0,0.61483,0.75282]},"K4s":{"weight":1.0,"played":[0.0,0.0,1.0],"evs":[0.0,0.71582,0.85156]},"K5s":{"weight":1.0,"played":[0.0,0.0,1.0],"evs":[0.0,0.86087,0.99216]},"K6s":{"weight":1.0,"played":[0.0,0.0,1.0],"evs":[0.0,0.92421,1.11566]},"K7s":{"weight":1.0,"played":[0.0,0.0,1.0],"evs":[0.0,1.0651,1.26124]},"K8s":{"weight":1.0,"played":[0.0,0.0,1.0],"evs":[0.0,1.15661,1.34147]},"K9s":{"weight":1.0,"played":[0.0,0.0,1.0],"evs":[0.0,1.37404,1.55497]},"KTs":{"weight":1.0,"played":[0.0,0.0,1.0],"evs":[0.0,1.60918,1.80018]},"KJs":{"weight":1.0,"played":[0.0,0.0,1.0],"evs":[0.0,1.72957,1.9079]},"KQs":{"weight":1.0,"played":[0.0,0.0,1.0],"evs":[0.0,1.89289,2.08593]},"KK":{"weight":1.0,"played":[0.0,2.0E-4,0.9998],"evs":[0.0,3.73358,3.75366]},"AKo":{"weight":1.0,"played":[0.0,0.0,1.0],"evs":[0.0,2.35824,2.60914]},"A2s":{"weight":1.0,"played":[0.0,0.0,1.0],"evs":[0.0,1.1414,1.30644]},"A3s":{"weight":1.0,"played":[0.0,0.0,1.0],"evs":[0.0,1.23008,1.36298]},"A4s":{"weight":1.0,"played":[0.0,0.0,1.0],"evs":[0.0,1.31149,1.44817]},"A5s":{"weight":1.0,"played":[0.0,0.0,1.0],"evs":[0.0,1.44026,1.56555]},"A6s":{"weight":1.0,"played":[0.0,0.0,1.0],"evs":[0.0,1.46221,1.65963]},"A7s":{"weight":1.0,"played":[0.0,0.0,1.0],"evs":[0.0,1.57843,1.77432]},"A8s":{"weight":1.0,"played":[0.0,0.0,1.0],"evs":[0.0,1.71268,1.89299]},"A9s":{"weight":1.0,"played":[0.0,1.0E-4,0.9999],"evs":[0.0,1.82595,2.01817]},"ATs":{"weight":1.0,"played":[0.0,0.0,1.0],"evs":[0.0,2.10668,2.29142]},"AJs":{"weight":1.0,"played":[0.0,0.0,1.0],"evs":[0.0,2.18367,2.3919]},"AQs":{"weight":1.0,"played":[0.0,0.0,1.0],"evs":[0.0,2.34759,2.57125]},"AKs":{"weight":1.0,"played":[0.0,0.0,1.0],"evs":[0.0,2.52112,2.75128]},"AA":{"weight":1.0,"played":[0.0,0.0021,0.9979],"evs":[0.0,4.21089,4.22731]}}}