{"player":3,"street":0,"children":2,"sequence":[{"player":0,"type":"F","amount":0,"street":0},{"player":1,"type":"F","amount":0,"street":0},{"player":2,"type":"R","amount":11040000,"street":0},{"player":3,"type":"C","amount":11040000,"street":0},{"player":4,"type":"R","amount":35040000,"street":0},{"player":5,"type":"C","amount":11360000,"street":0},{"player":6,"type":"F","amount":0,"street":0}],"actions":[{"type":"F","amount":0},{"type":"C","amount":24000000}],"hands":{"22":{"weight":0.9999,"played":[0.9333,0.0667],"evs":[0.0,-0.36384]},"32o":{"weight":0.0,"played":[1.0,0.0],"evs":[0.0,-2.4936]},"42o":{"weight":0.0,"played":[0.9997,3.0E-4],"evs":[0.0,-2.11325]},"52o":{"weight":0.0,"played":[1.0,0.0],"evs":[0.0,-2.74064]},"62o":{"weight":0.0,"played":[0.9997,3.0E-4],"evs":[0.0,-2.79268]},"72o":{"weight":0.0,"played":[0.9999,1.0E-4],"evs":[0.0,-3.15259]},"82o":{"weight":0.0,"played":[0.9999,1.0E-4],"evs":[0.0,-2.64365]},"92o":{"weight":0.0,"played":[0.9998,2.0E-4],"evs":[0.0,-3.16252]},"T2o":{"weight":0.0,"played":[0.9999,1.0E-4],"evs":[0.0,-3.27173]},"J2o":{"weight":0.0,"played":[0.9999,1.0E-4],"evs":[0.0,-3.32372]},"Q2o":{"weight":0.0,"played":[0.9999,1.0E-4],"evs":[0.0,-2.83932]},"K2o":{"weight":0.0,"played":[0.9999,1.0E-4],"evs":[0.0,-1.91929]},"A2o":{"weight":0.0,"played":[0.9988,0.0012],"evs":[0.0,-1.74102]},"32s":{"weight":0.0,"played":[0.9917,0.0083],"evs":[0.0,-1.33592]},"33":{"weight":0.996,"played":[0.9983,0.0017],"evs":[0.0,-0.85889]},"43o":{"weight":0.0,"played":[0.9999,1.0E-4],"evs":[0.0,-1.90851]},"53o":{"weight":0.0,"played":[0.9994,6.0E-4],"evs":[0.0,-1.97125]},"63o":{"weight":0.0,"played":[0.9876,0.0124],"evs":[0.0,-2.29205]},"73o":{"weight":0.0,"played":[0.9997,3.0E-4],"evs":[0.0,-2.91589]},"83o":{"weight":0.0,"played":[0.9998,2.0E-4],"evs":[0.0,-2.79089]},"93o":{"weight":0.0,"played":[0.9996,4.0E-4],"evs":[0.0,-2.707]},"T3o":{"weight":0.0,"played":[1.0,0.0],"evs":[0.0,-2.42984]},"J3o":{"weight":0.0,"played":[0.9951,0.0049],"evs":[0.0,-2.61327]},"Q3o":{"weight":0.0,"played":[0.9991,9.0E-4],"evs":[0.0,-2.601]},"K3o":{"weight":0.0,"played":[0.9998,2.0E-4],"evs":[0.0,-3.00082]},"A3o":{"weight":0.0,"played":[0.9991,9.0E-4],"evs":[0.0,-2.5095]},"42s":{"weight":0.0,"played":[0.9128,0.0872],"evs":[0.0,-1.65444]},"43s":{"weight":0.0,"played":[0.9712,0.0288],"evs":[0.0,-1.2429]},"44":{"weight":0.9787,"played":[0.3818,0.6182],"evs":[0.0,0.13413]},"54o":{"weight":0.0,"played":[0.9997,3.0E-4],"evs":[0.0,-1.43865]},"64o":{"weight":0.0,"played":[0.9995,5.0E-4],"evs":[0.0,-1.89749]},"74o":{"weight":0.0,"played":[0.9997,3.0E-4],"evs":[0.0,-2.29807]},"84o":{"weight":0.0,"played":[1.0,0.0],"evs":[0.0,-2.68691]},"94o":{"weight":0.0,"played":[0.9985,0.0015],"evs":[0.0,-2.44004]},"T4o":{"weight":0.0,"played":[0.9999,1.0E-4],"evs":[0.0,-2.91532]},"J4o":{"weight":0.0,"played":[0.9939,0.0061],"evs":[0.0,-2.49535]},"Q4o":{"weight":0.0,"played":[1.0,0.0],"evs":[0.0,-2.35535]},"K4o":{"weight":0.0,"played":[0.997,0.003],"evs":[0.0,-2.56436]},"A4o":{"weight":0.0,"played":[0.9971,0.0029],"evs":[0.0,-2.91025]},"52s":{"weight":0.0,"played":[0.8568,0.1432],"evs":[0.0,-1.78783]},"53s":{"weight":0.0,"played":[0.9705,0.0295],"evs":[0.0,-1.57688]},"54s":{"weight":0.0,"played":[0.7203,0.2797],"evs":[0.0,0.06448]},"55":{"weight":0.391,"played":[0.9998,2.0E-4],"evs":[0.0,-0.47025]},"65o":{"weight":0.0,"played":[0.999,0.001],"evs":[0.0,-1.05282]},"75o":{"weight":0.0,"played":[0.9999,1.0E-4],"evs":[0.0,-1.19906]},"85o":{"weight":0.0,"played":[0.998,0.002],"evs":[0.0,-2.05578]},"95o":{"weight":0.0,"played":[0.9998,2.0E-4],"evs":[0.0,-2.89255]},"T5o":{"weight":0.0,"played":[0.9999,1.0E-4],"evs":[0.0,-2.83869]},"J5o":{"weight":0.0,"played":[1.0,0.0],"evs":[0.0,-2.59824]},"Q5o":{"weight":0.0,"played":[0.9999,1.0E-4],"evs":[0.0,-2.11965]},"K5o":{"weight":0.0,"played":[0.9996,4.0E-4],"evs":[0.0,-2.14886]},"A5o":{"weight":0.0,"played":[0.9916,0.0084],"evs":[0.0,-1.86136]},"62s":{"weight":0.0,"played":[0.9829,0.0171],"evs":[0.0,-1.94612]},"63s":{"weight":0.0,"played":[0.8899,0.1101],"evs":[0.0,-1.07177]},"64s":{"weight":0.0,"played":[0.5722,0.4278],"evs":[0.0,-0.27661]},"65s":{"weight":0.0,"played":[0.9047,0.0953],"evs":[0.0,-1.14018]},"66":{"weight":0.0683,"played":[0.9686,0.0314],"evs":[0.0,-0.79738]},"76o":{"weight":0.0,"played":[0.9997,3.0E-4],"evs":[0.0,-1.4496]},"86o":{"weight":0.0,"played":[0.9968,0.0032],"evs":[0.0,-2.05425]},"96o":{"weight":0.0,"played":[1.0,0.0],"evs":[0.0,-2.1771]},"T6o":{"weight":0.0,"played":[0.9999,1.0E-4],"evs":[0.0,-2.03458]},"J6o":{"weight":0.0,"played":[1.0,0.0],"evs":[0.0,-3.12131]},"Q6o":{"weight":0.0,"played":[0.9952,0.0048],"evs":[0.0,-2.38975]},"K6o":{"weight":0.0,"played":[0.9999,1.0E-4],"evs":[0.0,-2.13782]},"A6o":{"weight":0.0,"played":[0.9995,5.0E-4],"evs":[0.0,-2.30535]},"72s":{"weight":0.0,"played":[0.9913,0.0087],"evs":[0.0,-1.82772]},"73s":{"weight":0.0,"played":[0.9724,0.0276],"evs":[0.0,-1.60204]},"74s":{"weight":0.0,"played":[0.8111,0.1889],"evs":[0.0,-2.04499]},"75s":{"weight":0.0,"played":[0.9922,0.0078],"evs":[0.0,-2.61583]},"76s":{"weight":0.0,"played":[0.8223,0.1777],"evs":[0.0,-0.48743]},"77":{"weight":0.0928,"played":[0.9967,0.0033],"evs":[0.0,-1.14995]},"87o":{"weight":0.0,"played":[0.9933,0.0067],"evs":[0.0,-1.83698]},"97o":{"weight":0.0,"played":[0.9994,6.0E-4],"evs":[0.0,-2.331]},"T7o":{"weight":0.0,"played":[0.999,0.001],"evs":[0.0,-1.89798]},"J7o":{"weight":0.0,"played":[0.9961,0.0039],"evs":[0.0,-2.08283]},"Q7o":{"weight":0.0,"played":[0.9999,1.0E-4],"evs":[0.0,-2.36007]},"K7o":{"weight":0.0,"played":[0.9987,0.0013],"evs":[0.0,-2.04663]},"A7o":{"weight":0.0,"played":[0.9997,3.0E-4],"evs":[0.0,-2.07063]},"82s":{"weight":0.0,"played":[0.9866,0.0134],"evs":[0.0,-1.96332]},"83s":{"weight":0.0,"played":[0.9992,8.0E-4],"evs":[0.0,-1.6738]},"84s":{"weight":0.0,"played":[0.9566,0.0434],"evs":[0.0,-1.11292]},"85s":{"weight":0.0,"played":[0.9992,8.0E-4],"evs":[0.0,-1.88393]},"86s":{"weight":0.0,"played":[0.8101,0.1899],"evs":[0.0,-0.61766]},"87s":{"weight":0.0,"played":[0.2664,0.7336],"evs":[0.0,0.06754]},"88":{"weight":0.6615,"played":[0.7644,0.2356],"evs":[0.0,-0.04855]},"98o":{"weight":0.0,"played":[0.9987,0.0013],"evs":[0.0,-2.13987]},"T8o":{"weight":0.0,"played":[0.9983,0.0017],"evs":[0.0,-1.80151]},"J8o":{"weight":0.0,"played":[0.9964,0.0036],"evs":[0.0,-2.65026]},"Q8o":{"weight":0.0,"played":[0.9977,0.0023],"evs":[0.0,-2.03377]},"K8o":{"weight":0.0,"played":[0.9982,0.0018],"evs":[0.0,-2.6171]},"A8o":{"weight":0.9999,"played":[0.9998,2.0E-4],"evs":[0.0,-2.62401]},"92s":{"weight":0.0,"played":[0.9961,0.0039],"evs":[0.0,-1.91521]},"93s":{"weight":0.0,"played":[0.9978,0.0022],"evs":[0.0,-2.25095]},"94s":{"weight":0.0,"played":[0.9981,0.0019],"evs":[0.0,-1.71605]},"95s":{"weight":0.0,"played":[0.9941,0.0059],"evs":[0.0,-1.79214]},"96s":{"weight":0.0,"played":[0.5178,0.4822],"evs":[0.0,-0.94603]},"97s":{"weight":0.0,"played":[0.7171,0.2829],"evs":[0.0,-0.63654]},"98s":{"weight":0.0,"played":[0.7767,0.2233],"evs":[0.0,-0.83361]},"99":{"weight":0.1983,"played":[0.3863,0.6137],"evs":[0.0,0.16095]},"T9o":{"weight":0.0,"played":[0.9998,2.0E-4],"evs":[0.0,-1.7528]},"J9o":{"weight":0.0,"played":[0.9969,0.0031],"evs":[0.0,-2.43726]},"Q9o":{"weight":0.0,"played":[0.9955,0.0045],"evs":[0.0,-2.6527]},"K9o":{"weight":0.0,"played":[0.9983,0.0017],"evs":[0.0,-2.88425]},"A9o":{"weight":1.0,"played":[0.9935,0.0065],"evs":[0.0,-2.43411]},"T2s":{"weight":0.0,"played":[0.9953,0.0047],"evs":[0.0,-0.52138]},"T3s":{"weight":0.0,"played":[0.9874,0.0126],"evs":[0.0,-2.98015]},"T4s":{"weight":0.0,"played":[0.9745,0.0255],"evs":[0.0,-2.08891]},"T5s":{"weight":0.0,"played":[1.0,0.0],"evs":[0.0,-2.07619]},"T6s":{"weight":0.0,"played":[0.9999,1.0E-4],"evs":[0.0,-1.58162]},"T7s":{"weight":0.0,"played":[0.9286,0.0714],"evs":[0.0,-1.36654]},"T8s":{"weight":0.0,"played":[0.6716,0.3284],"evs":[0.0,0.20087]},"T9s":{"weight":0.0,"played":[0.9197,0.0803],"evs":[0.0,-2.01742]},"TT":{"weight":0.7692,"played":[0.0,1.0],"evs":[0.0,1.71209]},"JTo":{"weight":0.0,"played":[0.998,0.002],"evs":[0.0,-1.48991]},"QTo":{"weight":0.0,"played":[0.9309,0.0691],"evs":[0.0,-1.56942]},"KTo":{"weight":0.0,"played":[0.9977,0.0023],"evs":[0.0,-2.08101]},"ATo":{"weight":0.9997,"played":[0.9954,0.0046],"evs":[0.0,-2.46188]},"J2s":{"weight":0.0,"played":[0.9966,0.0034],"evs":[0.0,-2.01665]},"J3s":{"weight":0.0,"played":[0.8791,0.1209],"evs":[0.0,-2.07823]},"J4s":{"weight":0.0,"played":[0.793,0.207],"evs":[0.0,-1.30569]},"J5s":{"weight":0.0,"played":[0.9548,0.0452],"evs":[0.0,-1.78946]},"J6s":{"weight":0.0,"played":[0.9914,0.0086],"evs":[0.0,-0.90236]},"J7s":{"weight":0.0,"played":[0.9942,0.0058],"evs":[0.0,-2.17871]},"J8s":{"weight":0.0,"played":[0.9998,2.0E-4],"evs":[0.0,-1.04659]},"J9s":{"weight":0.0,"played":[0.7492,0.2508],"evs":[0.0,-0.41639]},"JTs":{"weight":0.1348,"played":[0.5521,0.4479],"evs":[0.0,-0.18596]},"JJ":{"weight":0.995,"played":[1.0E-4,0.9999],"evs":[0.0,2.71421]},"QJo":{"weight":0.0,"played":[0.9936,0.0064],"evs":[0.0,-1.29196]},"KJo":{"weight":1.0E-4,"played":[0.9998,2.0E-4],"evs":[0.0,-1.69632]},"AJo":{"weight":0.5963,"played":[0.9914,0.0086],"evs":[0.0,-1.80463]},"Q2s":{"weight":0.0,"played":[0.9683,0.0317],"evs":[0.0,-2.05088]},"Q3s":{"weight":0.0,"played":[0.99,0.01],"evs":[0.0,-1.37605]},"Q4s":{"weight":0.0,"played":[0.9828,0.0172],"evs":[0.0,-1.3581]},"Q5s":{"weight":0.0,"played":[0.9995,5.0E-4],"evs":[0.0,-1.02894]},"Q6s":{"weight":0.0,"played":[0.9889,0.0111],"evs":[0.0,-1.26861]},"Q7s":{"weight":0.0,"played":[0.9922,0.0078],"evs":[0.0,-1.97256]},"Q8s":{"weight":0.0,"played":[0.9963,0.0037],"evs":[0.0,-1.36191]},"Q9s":{"weight":0.0,"played":[0.9981,0.0019],"evs":[0.0,-1.97043]},"QTs":{"weight":0.3605,"played":[0.8459,0.1541],"evs":[0.0,-1.04267]},"QJs":{"weight":0.0079,"played":[0.9837,0.0163],"evs":[0.0,-0.89063]},"QQ":{"weight":0.9956,"played":[0.0,1.0],"evs":[0.0,4.38453]},"KQo":{"weight":0.9116,"played":[0.9961,0.0039],"evs":[0.0,-2.04431]},"AQo":{"weight":2.0E-4,"played":[0.9799,0.0201],"evs":[0.0,-0.52018]},"K2s":{"weight":0.0,"played":[0.8107,0.1893],"evs":[0.0,-0.56838]},"K3s":{"weight":0.0,"played":[0.9979,0.0021],"evs":[0.0,-2.25162]},"K4s":{"weight":0.0,"played":[0.889,0.111],"evs":[0.0,-1.30314]},"K5s":{"weight":0.0,"played":[0.9589,0.0411],"evs":[0.0,-1.25223]},"K6s":{"weight":0.0,"played":[0.8991,0.1009],"evs":[0.0,-0.39347]},"K7s":{"weight":0.0,"played":[0.5762,0.4238],"evs":[0.0,-1.0351]},"K8s":{"weight":0.0,"played":[0.9806,0.0194],"evs":[0.0,-2.18392]},"K9s":{"weight":0.0,"played":[0.8587,0.1413],"evs":[0.0,-0.97046]},"KTs":{"weight":0.1501,"played":[0.9683,0.0317],"evs":[0.0,-1.09188]},"KJs":{"weight":0.0,"played":[0.2821,0.7179],"evs":[0.0,0.21965]},"KQs":{"weight":1.0E-4,"played":[0.0578,0.9422],"evs":[0.0,0.1438]},"KK":{"weight":0.9997,"played":[0.0,1.0],"evs":[0.0,7.70313]},"AKo":{"weight":0.9963,"played":[1.0E-4,0.9999],"evs":[0.0,1.28835]},"A2s":{"weight":0.05,"played":[0.9838,0.0162],"evs":[0.0,-2.54257]},"A3s":{"weight":0.978,"played":[0.9543,0.0457],"evs":[0.0,-1.78663]},"A4s":{"weight":0.992,"played":[0.9633,0.0367],"evs":[0.0,-2.23012]},"A5s":{"weight":0.9501,"played":[0.9775,0.0225],"evs":[0.0,-0.70734]},"A6s":{"weight":0.9959,"played":[0.9906,0.0094],"evs":[0.0,-1.14894]},"A7s":{"weight":0.9971,"played":[0.9898,0.0102],"evs":[0.0,-1.42403]},"A8s":{"weight":0.9835,"played":[0.9258,0.0742],"evs":[0.0,-0.58718]},"A9s":{"weight":0.992,"played":[0.9777,0.0223],"evs":[0.0,-0.55536]},"ATs":{"weight":0.0623,"played":[0.9924,0.0076],"evs":[0.0,-0.531]},"AJs":{"weight":1.0E-4,"played":[0.9616,0.0384],"evs":[0.0,-0.01978]},"AQs":{"weight":7.0E-4,"played":[0.1293,0.8707],"evs":[0.0,1.05559]},"AKs":{"weight":0.9913,"played":[0.0018,0.9982],"evs":[0.0,2.08976]},"AA":{"weight":0.9999,"played":[3.0E-4,0.9997],"evs":[0.0,11.86251]}}}