{"player":4,"street":0,"children":2,"sequence":[{"player":0,"type":"F","amount":0,"street":0},{"player":1,"type":"F","amount":0,"street":0},{"player":2,"type":"R","amount":11040000,"street":0},{"player":3,"type":"R","amount":35040000,"street":0}],"actions":[{"type":"F","amount":0,"node":56},{"type":"C","amount":35040000,"node":59}],"hands":{"22":{"weight":1.0,"played":[1.0,0.0],"evs":[0.0,-4.62195]},"32o":{"weight":1.0,"played":[1.0,0.0],"evs":[0.0,-7.62003]},"42o":{"weight":1.0,"played":[1.0,0.0],"evs":[0.0,-7.53181]},"52o":{"weight":1.0,"played":[1.0,0.0],"evs":[0.0,-7.35888]},"62o":{"weight":1.0,"played":[1.0,0.0],"evs":[0.0,-7.48898]},"72o":{"weight":1.0,"played":[1.0,0.0],"evs":[0.0,-7.60949]},"82o":{"weight":1.0,"played":[1.0,0.0],"evs":[0.0,-7.35524]},"92o":{"weight":1.0,"played":[1.0,0.0],"evs":[0.0,-7.1898]},"T2o":{"weight":1.0,"played":[1.0,0.0],"evs":[0.0,-7.37038]},"J2o":{"weight":1.0,"played":[1.0,0.0],"evs":[0.0,-7.3117]},"Q2o":{"weight":1.0,"played":[1.0,0.0],"evs":[0.0,-7.18381]},"K2o":{"weight":1.0,"played":[1.0,0.0],"evs":[0.0,-6.3523]},"A2o":{"weight":1.0,"played":[1.0,0.0],"evs":[0.0,-5.68446]},"32s":{"weight":1.0,"played":[1.0,0.0],"evs":[0.0,-6.69272]},"33":{"weight":1.0,"played":[1.0,0.0],"evs":[0.0,-4.47052]},"43o":{"weight":1.0,"played":[1.0,0.0],"evs":[0.0,-7.24901]},"53o":{"weight":1.0,"played":[1.0,0.0],"evs":[0.0,-7.07029]},"63o":{"weight":1.0,"played":[1.0,0.0],"evs":[0.0,-7.1531]},"73o":{"weight":1.0,"played":[1.0,0.0],"evs":[0.0,-7.24297]},"83o":{"weight":1.0,"played":[1.0,0.0],"evs":[0.0,-7.32502]},"93o":{"weight":1.0,"played":[1.0,0.0],"evs":[0.0,-7.12263]},"T3o":{"weight":1.0,"played":[1.0,0.0],"evs":[0.0,-7.1876]},"J3o":{"weight":1.0,"played":[1.0,0.0],"evs":[0.0,-7.26192]},"Q3o":{"weight":1.0,"played":[1.0,0.0],"evs":[0.0,-7.05749]},"K3o":{"weight":1.0,"played":[1.0,0.0],"evs":[0.0,-6.18432]},"A3o":{"weight":1.0,"played":[1.0,0.0],"evs":[0.0,-5.58826]},"42s":{"weight":1.0,"played":[1.0,0.0],"evs":[0.0,-6.57734]},"43s":{"weight":1.0,"played":[1.0,0.0],"evs":[0.0,-6.23352]},"44":{"weight":1.0,"played":[1.0,0.0],"evs":[0.0,-4.309]},"54o":{"weight":1.0,"played":[1.0,0.0],"evs":[0.0,-6.63209]},"64o":{"weight":1.0,"played":[1.0,0.0],"evs":[0.0,-6.67913]},"74o":{"weight":1.0,"played":[1.0,0.0],"evs":[0.0,-6.84217]},"84o":{"weight":1.0,"played":[1.0,0.0],"evs":[0.0,-7.00344]},"94o":{"weight":1.0,"played":[1.0,0.0],"evs":[0.0,-7.04647]},"T4o":{"weight":1.0,"played":[1.0,0.0],"evs":[0.0,-7.0645]},"J4o":{"weight":1.0,"played":[1.0,0.0],"evs":[0.0,-7.19164]},"Q4o":{"weight":1.0,"played":[1.0,0.0],"evs":[0.0,-6.98019]},"K4o":{"weight":1.0,"played":[1.0,0.0],"evs":[0.0,-6.07831]},"A4o":{"weight":1.0,"played":[1.0,0.0],"evs":[0.0,-5.6072]},"52s":{"weight":1.0,"played":[1.0,0.0],"evs":[0.0,-6.44444]},"53s":{"weight":1.0,"played":[1.0,0.0],"evs":[0.0,-6.0963]},"54s":{"weight":1.0,"played":[1.0,0.0],"evs":[0.0,-5.78016]},"55":{"weight":1.0,"played":[1.0,0.0],"evs":[0.0,-3.80959]},"65o":{"weight":1.0,"played":[1.0,0.0],"evs":[0.0,-6.45901]},"75o":{"weight":1.0,"played":[1.0,0.0],"evs":[0.0,-6.5145]},"85o":{"weight":1.0,"played":[1.0,0.0],"evs":[0.0,-6.54529]},"95o":{"weight":1.0,"played":[1.0,0.0],"evs":[0.0,-6.72967]},"T5o":{"weight":1.0,"played":[1.0,0.0],"evs":[0.0,-7.08549]},"J5o":{"weight":1.0,"played":[1.0,0.0],"evs":[0.0,-7.09334]},"Q5o":{"weight":1.0,"played":[1.0,0.0],"evs":[0.0,-6.80441]},"K5o":{"weight":1.0,"played":[1.0,0.0],"evs":[0.0,-5.98184]},"A5o":{"weight":1.0,"played":[1.0,0.0],"evs":[0.0,-5.40182]},"62s":{"weight":1.0,"played":[1.0,0.0],"evs":[0.0,-6.41916]},"63s":{"weight":1.0,"played":[1.0,0.0],"evs":[0.0,-6.17673]},"64s":{"weight":1.0,"played":[1.0,0.0],"evs":[0.0,-5.75156]},"65s":{"weight":1.0,"played":[1.0,0.0],"evs":[0.0,-5.50347]},"66":{"weight":1.0,"played":[1.0,0.0],"evs":[0.0,-2.86437]},"76o":{"weight":1.0,"played":[1.0,0.0],"evs":[0.0,-6.0101]},"86o":{"weight":1.0,"played":[1.0,0.0],"evs":[0.0,-6.12583]},"96o":{"weight":1.0,"played":[1.0,0.0],"evs":[0.0,-6.25629]},"T6o":{"weight":1.0,"played":[1.0,0.0],"evs":[0.0,-6.57647]},"J6o":{"weight":1.0,"played":[1.0,0.0],"evs":[0.0,-6.90889]},"Q6o":{"weight":1.0,"played":[1.0,0.0],"evs":[0.0,-6.69741]},"K6o":{"weight":1.0,"played":[1.0,0.0],"evs":[0.0,-5.79067]},"A6o":{"weight":1.0,"played":[1.0,0.0],"evs":[0.0,-5.52609]},"72s":{"weight":1.0,"played":[1.0,0.0],"evs":[0.0,-6.52698]},"73s":{"weight":1.0,"played":[1.0,0.0],"evs":[0.0,-6.24815]},"74s":{"weight":1.0,"played":[1.0,0.0],"evs":[0.0,-6.03356]},"75s":{"weight":1.0,"played":[1.0,0.0],"evs":[0.0,-5.63576]},"76s":{"weight":1.0,"played":[1.0,0.0],"evs":[0.0,-5.19558]},"77":{"weight":1.0,"played":[1.0,0.0],"evs":[0.0,-1.60469]},"87o":{"weight":1.0,"played":[1.0,0.0],"evs":[0.0,-5.69992]},"97o":{"weight":1.0,"played":[1.0,0.0],"evs":[0.0,-5.78834]},"T7o":{"weight":1.0,"played":[1.0,0.0],"evs":[0.0,-6.07731]},"J7o":{"weight":1.0,"played":[1.0,0.0],"evs":[0.0,-6.39722]},"Q7o":{"weight":1.0,"played":[1.0,0.0],"evs":[0.0,-6.50822]},"K7o":{"weight":1.0,"played":[1.0,0.0],"evs":[0.0,-5.51567]},"A7o":{"weight":1.0,"played":[1.0,0.0],"evs":[0.0,-5.1208]},"82s":{"weight":1.0,"played":[1.0,0.0],"evs":[0.0,-6.39766]},"83s":{"weight":1.0,"played":[1.0,0.0],"evs":[0.0,-6.34286]},"84s":{"weight":1.0,"played":[1.0,0.0],"evs":[0.0,-5.97415]},"85s":{"weight":1.0,"played":[1.0,0.0],"evs":[0.0,-5.6123]},"86s":{"weight":1.0,"played":[1.0,0.0],"evs":[0.0,-5.22997]},"87s":{"weight":1.0,"played":[1.0,0.0],"evs":[0.0,-4.86341]},"88":{"weight":1.0,"played":[0.9999,1.0E-4],"evs":[0.0,-0.83862]},"98o":{"weight":1.0,"played":[1.0,0.0],"evs":[0.0,-5.25668]},"T8o":{"weight":1.0,"played":[1.0,0.0],"evs":[0.0,-5.57846]},"J8o":{"weight":1.0,"played":[1.0,0.0],"evs":[0.0,-5.89838]},"Q8o":{"weight":1.0,"played":[1.0,0.0],"evs":[0.0,-5.95823]},"K8o":{"weight":1.0,"played":[1.0,0.0],"evs":[0.0,-5.31379]},"A8o":{"weight":1.0,"played":[1.0,0.0],"evs":[0.0,-4.88332]},"92s":{"weight":1.0,"played":[1.0,0.0],"evs":[0.0,-6.27754]},"93s":{"weight":1.0,"played":[1.0,0.0],"evs":[0.0,-6.04028]},"94s":{"weight":1.0,"played":[1.0,0.0],"evs":[0.0,-6.11139]},"95s":{"weight":1.0,"played":[1.0,0.0],"evs":[0.0,-5.80057]},"96s":{"weight":1.0,"played":[1.0,0.0],"evs":[0.0,-5.33152]},"97s":{"weight":1.0,"played":[1.0,0.0],"evs":[0.0,-4.81141]},"98s":{"weight":1.0,"played":[1.0,0.0],"evs":[0.0,-4.50717]},"99":{"weight":1.0,"played":[0.0582,0.9418],"evs":[0.0,0.13317]},"T9o":{"weight":1.0,"played":[1.0,0.0],"evs":[0.0,-5.12462]},"J9o":{"weight":1.0,"played":[1.0,0.0],"evs":[0.0,-5.51099]},"Q9o":{"weight":1.0,"played":[1.0,0.0],"evs":[0.0,-5.56314]},"K9o":{"weight":1.0,"played":[1.0,0.0],"evs":[0.0,-4.95871]},"A9o":{"weight":1.0,"played":[1.0,0.0],"evs":[0.0,-4.62646]},"T2s":{"weight":1.0,"played":[1.0,0.0],"evs":[0.0,-6.31018]},"T3s":{"weight":1.0,"played":[1.0,0.0],"evs":[0.0,-6.24394]},"T4s":{"weight":1.0,"played":[1.0,0.0],"evs":[0.0,-6.04626]},"T5s":{"weight":1.0,"played":[1.0,0.0],"evs":[0.0,-6.09221]},"T6s":{"weight":1.0,"played":[1.0,0.0],"evs":[0.0,-5.68985]},"T7s":{"weight":1.0,"played":[1.0,0.0],"evs":[0.0,-5.21488]},"T8s":{"weight":1.0,"played":[1.0,0.0],"evs":[0.0,-4.63629]},"T9s":{"weight":1.0,"played":[1.0,0.0],"evs":[0.0,-4.22286]},"TT":{"weight":1.0,"played":[0.0,1.0],"evs":[0.0,1.41442]},"JTo":{"weight":1.0,"played":[1.0,0.0],"evs":[0.0,-5.08213]},"QTo":{"weight":1.0,"played":[1.0,0.0],"evs":[0.0,-4.98224]},"KTo":{"weight":1.0,"played":[1.0,0.0],"evs":[0.0,-4.20572]},"ATo":{"weight":1.0,"played":[1.0,0.0],"evs":[0.0,-3.56406]},"J2s":{"weight":1.0,"played":[1.0,0.0],"evs":[0.0,-6.31516]},"J3s":{"weight":1.0,"played":[1.0,0.0],"evs":[0.0,-6.23835]},"J4s":{"weight":1.0,"played":[1.0,0.0],"evs":[0.0,-6.17715]},"J5s":{"weight":1.0,"played":[1.0,0.0],"evs":[0.0,-5.98777]},"J6s":{"weight":1.0,"played":[1.0,0.0],"evs":[0.0,-5.8955]},"J7s":{"weight":1.0,"played":[1.0,0.0],"evs":[0.0,-5.36862]},"J8s":{"weight":1.0,"played":[1.0,0.0],"evs":[0.0,-5.00064]},"J9s":{"weight":1.0,"played":[1.0,0.0],"evs":[0.0,-4.66369]},"JTs":{"weight":1.0,"played":[1.0,0.0],"evs":[0.0,-4.17146]},"JJ":{"weight":1.0,"played":[0.0,1.0],"evs":[0.0,2.44468]},"QJo":{"weight":1.0,"played":[1.0,0.0],"evs":[0.0,-4.81824]},"KJo":{"weight":1.0,"played":[1.0,0.0],"evs":[0.0,-3.80276]},"AJo":{"weight":1.0,"played":[1.0,0.0],"evs":[0.0,-2.58858]},"Q2s":{"weight":1.0,"played":[1.0,0.0],"evs":[0.0,-6.13857]},"Q3s":{"weight":1.0,"played":[1.0,0.0],"evs":[0.0,-6.05576]},"Q4s":{"weight":1.0,"played":[1.0,0.0],"evs":[0.0,-6.09636]},"Q5s":{"weight":1.0,"played":[1.0,0.0],"evs":[0.0,-6.02269]},"Q6s":{"weight":1.0,"played":[1.0,0.0],"evs":[0.0,-5.69275]},"Q7s":{"weight":1.0,"played":[1.0,0.0],"evs":[0.0,-5.4138]},"Q8s":{"weight":1.0,"played":[1.0,0.0],"evs":[0.0,-5.1587]},"Q9s":{"weight":1.0,"played":[1.0,0.0],"evs":[0.0,-4.82052]},"QTs":{"weight":1.0,"played":[1.0,0.0],"evs":[0.0,-4.0475]},"QJs":{"weight":1.0,"played":[1.0,0.0],"evs":[0.0,-3.86155]},"QQ":{"weight":1.0,"played":[0.0,1.0],"evs":[0.0,3.99698]},"KQo":{"weight":1.0,"played":[1.0,0.0],"evs":[0.0,-3.39434]},"AQo":{"weight":1.0,"played":[1.0,0.0],"evs":[0.0,-0.79666]},"K2s":{"weight":1.0,"played":[1.0,0.0],"evs":[0.0,-5.23979]},"K3s":{"weight":1.0,"played":[1.0,0.0],"evs":[0.0,-5.14925]},"K4s":{"weight":1.0,"played":[1.0,0.0],"evs":[0.0,-5.00197]},"K5s":{"weight":1.0,"played":[1.0,0.0],"evs":[0.0,-4.96972]},"K6s":{"weight":1.0,"played":[1.0,0.0],"evs":[0.0,-4.73151]},"K7s":{"weight":1.0,"played":[1.0,0.0],"evs":[0.0,-4.65922]},"K8s":{"weight":1.0,"played":[1.0,0.0],"evs":[0.0,-4.45476]},"K9s":{"weight":1.0,"played":[1.0,0.0],"evs":[0.0,-4.02505]},"KTs":{"weight":1.0,"played":[1.0,0.0],"evs":[0.0,-3.46393]},"KJs":{"weight":1.0,"played":[1.0,0.0],"evs":[0.0,-2.94583]},"KQs":{"weight":1.0,"played":[1.0,0.0],"evs":[0.0,-2.60544]},"KK":{"weight":1.0,"played":[0.0,1.0],"evs":[0.0,5.08476]},"AKo":{"weight":1.0,"played":[0.1036,0.8964],"evs":[0.0,0.04133]},"A2s":{"weight":1.0,"played":[1.0,0.0],"evs":[0.0,-4.95916]},"A3s":{"weight":1.0,"played":[1.0,0.0],"evs":[0.0,-4.69779]},"A4s":{"weight":1.0,"played":[1.0,0.0],"evs":[0.0,-4.5604]},"A5s":{"weight":1.0,"played":[1.0,0.0],"evs":[0.0,-4.53678]},"A6s":{"weight":1.0,"played":[1.0,0.0],"evs":[0.0,-4.50406]},"A7s":{"weight":1.0,"played":[1.0,0.0],"evs":[0.0,-4.12771]},"A8s":{"weight":1.0,"played":[1.0,0.0],"evs":[0.0,-3.9362]},"A9s":{"weight":1.0,"played":[1.0,0.0],"evs":[0.0,-3.6564]},"ATs":{"weight":1.0,"played":[1.0,0.0],"evs":[0.0,-2.74668]},"AJs":{"weight":1.0,"played":[1.0,0.0],"evs":[0.0,-1.87535]},"AQs":{"weight":1.0,"played":[0.9443,0.0557],"evs":[0.0,-0.09165]},"AKs":{"weight":1.0,"played":[0.0,1.0],"evs":[0.0,0.69877]},"AA":{"weight":1.0,"played":[0.0,1.0],"evs":[0.0,7.09781]}}}