{"player":6,"street":0,"children":2,"sequence":[{"player":0,"type":"F","amount":0,"street":0},{"player":1,"type":"F","amount":0,"street":0},{"player":2,"type":"R","amount":11040000,"street":0},{"player":3,"type":"R","amount":35040000,"street":0},{"player":4,"type":"F","amount":0,"street":0},{"player":5,"type":"F","amount":0,"street":0}],"actions":[{"type":"F","amount":0},{"type":"C","amount":19040000}],"hands":{"22":{"weight":1.0,"played":[1.0,0.0],"evs":[0.0,-2.18072]},"32o":{"weight":1.0,"played":[1.0,0.0],"evs":[0.0,-4.49374]},"42o":{"weight":1.0,"played":[1.0,0.0],"evs":[0.0,-4.38577]},"52o":{"weight":1.0,"played":[1.0,0.0],"evs":[0.0,-4.25731]},"62o":{"weight":1.0,"played":[1.0,0.0],"evs":[0.0,-4.36466]},"72o":{"weight":1.0,"played":[1.0,0.0],"evs":[0.0,-4.54379]},"82o":{"weight":1.0,"played":[1.0,0.0],"evs":[0.0,-4.25022]},"92o":{"weight":1.0,"played":[1.0,0.0],"evs":[0.0,-4.19949]},"T2o":{"weight":1.0,"played":[1.0,0.0],"evs":[0.0,-4.27822]},"J2o":{"weight":1.0,"played":[1.0,0.0],"evs":[0.0,-4.35009]},"Q2o":{"weight":1.0,"played":[1.0,0.0],"evs":[0.0,-4.16903]},"K2o":{"weight":1.0,"played":[1.0,0.0],"evs":[0.0,-3.53095]},"A2o":{"weight":1.0,"played":[1.0,0.0],"evs":[0.0,-3.28473]},"32s":{"weight":1.0,"played":[1.0,0.0],"evs":[0.0,-3.73108]},"33":{"weight":1.0,"played":[1.0,0.0],"evs":[0.0,-2.11247]},"43o":{"weight":1.0,"played":[1.0,0.0],"evs":[0.0,-4.08111]},"53o":{"weight":1.0,"played":[1.0,0.0],"evs":[0.0,-3.96652]},"63o":{"weight":1.0,"played":[1.0,0.0],"evs":[0.0,-4.14417]},"73o":{"weight":1.0,"played":[1.0,0.0],"evs":[0.0,-4.20854]},"83o":{"weight":1.0,"played":[1.0,0.0],"evs":[0.0,-4.25149]},"93o":{"weight":1.0,"played":[1.0,0.0],"evs":[0.0,-4.08307]},"T3o":{"weight":1.0,"played":[1.0,0.0],"evs":[0.0,-4.18338]},"J3o":{"weight":1.0,"played":[1.0,0.0],"evs":[0.0,-4.25635]},"Q3o":{"weight":1.0,"played":[1.0,0.0],"evs":[0.0,-4.16884]},"K3o":{"weight":1.0,"played":[1.0,0.0],"evs":[0.0,-3.48124]},"A3o":{"weight":1.0,"played":[1.0,0.0],"evs":[0.0,-3.09096]},"42s":{"weight":1.0,"played":[1.0,0.0],"evs":[0.0,-3.49828]},"43s":{"weight":1.0,"played":[1.0,0.0],"evs":[0.0,-3.38838]},"44":{"weight":1.0,"played":[1.0,0.0],"evs":[0.0,-2.06914]},"54o":{"weight":1.0,"played":[1.0,0.0],"evs":[0.0,-3.71185]},"64o":{"weight":1.0,"played":[1.0,0.0],"evs":[0.0,-3.84005]},"74o":{"weight":1.0,"played":[1.0,0.0],"evs":[0.0,-3.90223]},"84o":{"weight":1.0,"played":[1.0,0.0],"evs":[0.0,-3.99853]},"94o":{"weight":1.0,"played":[1.0,0.0],"evs":[0.0,-4.08269]},"T4o":{"weight":1.0,"played":[1.0,0.0],"evs":[0.0,-4.10902]},"J4o":{"weight":1.0,"played":[1.0,0.0],"evs":[0.0,-4.12436]},"Q4o":{"weight":1.0,"played":[1.0,0.0],"evs":[0.0,-4.07617]},"K4o":{"weight":1.0,"played":[1.0,0.0],"evs":[0.0,-3.34532]},"A4o":{"weight":1.0,"played":[1.0,0.0],"evs":[0.0,-3.07541]},"52s":{"weight":1.0,"played":[1.0,0.0],"evs":[0.0,-3.55529]},"53s":{"weight":1.0,"played":[1.0,0.0],"evs":[0.0,-3.22262]},"54s":{"weight":1.0,"played":[1.0,0.0],"evs":[0.0,-3.077]},"55":{"weight":1.0,"played":[1.0,0.0],"evs":[0.0,-1.75443]},"65o":{"weight":1.0,"played":[1.0,0.0],"evs":[0.0,-3.53638]},"75o":{"weight":1.0,"played":[1.0,0.0],"evs":[0.0,-3.64556]},"85o":{"weight":1.0,"played":[1.0,0.0],"evs":[0.0,-3.67723]},"95o":{"weight":1.0,"played":[1.0,0.0],"evs":[0.0,-3.82934]},"T5o":{"weight":1.0,"played":[1.0,0.0],"evs":[0.0,-4.13381]},"J5o":{"weight":1.0,"played":[1.0,0.0],"evs":[0.0,-4.07772]},"Q5o":{"weight":1.0,"played":[1.0,0.0],"evs":[0.0,-3.97939]},"K5o":{"weight":1.0,"played":[1.0,0.0],"evs":[0.0,-3.26862]},"A5o":{"weight":1.0,"played":[1.0,0.0],"evs":[0.0,-3.01054]},"62s":{"weight":1.0,"played":[1.0,0.0],"evs":[0.0,-3.64977]},"63s":{"weight":1.0,"played":[1.0,0.0],"evs":[0.0,-3.30657]},"64s":{"weight":1.0,"played":[1.0,0.0],"evs":[0.0,-3.13986]},"65s":{"weight":1.0,"played":[1.0,0.0],"evs":[0.0,-2.83127]},"66":{"weight":1.0,"played":[0.9992,8.0E-4],"evs":[0.0,-1.06351]},"76o":{"weight":1.0,"played":[1.0,0.0],"evs":[0.0,-3.27457]},"86o":{"weight":1.0,"played":[1.0,0.0],"evs":[0.0,-3.36724]},"96o":{"weight":1.0,"played":[1.0,0.0],"evs":[0.0,-3.44392]},"T6o":{"weight":1.0,"played":[1.0,0.0],"evs":[0.0,-3.72899]},"J6o":{"weight":1.0,"played":[1.0,0.0],"evs":[0.0,-3.93692]},"Q6o":{"weight":1.0,"played":[1.0,0.0],"evs":[0.0,-3.76729]},"K6o":{"weight":1.0,"played":[1.0,0.0],"evs":[0.0,-3.11227]},"A6o":{"weight":1.0,"played":[1.0,0.0],"evs":[0.0,-3.11958]},"72s":{"weight":1.0,"played":[1.0,0.0],"evs":[0.0,-3.72583]},"73s":{"weight":1.0,"played":[1.0,0.0],"evs":[0.0,-3.55846]},"74s":{"weight":1.0,"played":[1.0,0.0],"evs":[0.0,-3.24705]},"75s":{"weight":1.0,"played":[1.0,0.0],"evs":[0.0,-2.93448]},"76s":{"weight":1.0,"played":[1.0,0.0],"evs":[0.0,-2.51885]},"77":{"weight":1.0,"played":[0.9934,0.0066],"evs":[0.0,-0.17829]},"87o":{"weight":1.0,"played":[1.0,0.0],"evs":[0.0,-3.05809]},"97o":{"weight":1.0,"played":[1.0,0.0],"evs":[0.0,-3.13063]},"T7o":{"weight":1.0,"played":[1.0,0.0],"evs":[0.0,-3.31957]},"J7o":{"weight":1.0,"played":[1.0,0.0],"evs":[0.0,-3.6564]},"Q7o":{"weight":1.0,"played":[1.0,0.0],"evs":[0.0,-3.69247]},"K7o":{"weight":1.0,"played":[1.0,0.0],"evs":[0.0,-3.00158]},"A7o":{"weight":1.0,"played":[1.0,0.0],"evs":[0.0,-2.82409]},"82s":{"weight":1.0,"played":[1.0,0.0],"evs":[0.0,-3.49412]},"83s":{"weight":1.0,"played":[1.0,0.0],"evs":[0.0,-3.52747]},"84s":{"weight":1.0,"played":[1.0,0.0],"evs":[0.0,-3.22152]},"85s":{"weight":1.0,"played":[1.0,0.0],"evs":[0.0,-3.00475]},"86s":{"weight":1.0,"played":[1.0,0.0],"evs":[0.0,-2.68219]},"87s":{"weight":1.0,"played":[1.0,0.0],"evs":[0.0,-2.32945]},"88":{"weight":1.0,"played":[1.0E-4,0.9999],"evs":[0.0,0.48836]},"98o":{"weight":1.0,"played":[1.0,0.0],"evs":[0.0,-2.7167]},"T8o":{"weight":1.0,"played":[1.0,0.0],"evs":[0.0,-2.98105]},"J8o":{"weight":1.0,"played":[1.0,0.0],"evs":[0.0,-3.25442]},"Q8o":{"weight":1.0,"played":[1.0,0.0],"evs":[0.0,-3.32526]},"K8o":{"weight":1.0,"played":[1.0,0.0],"evs":[0.0,-2.84397]},"A8o":{"weight":1.0,"played":[1.0,0.0],"evs":[0.0,-2.60877]},"92s":{"weight":1.0,"played":[1.0,0.0],"evs":[0.0,-3.42369]},"93s":{"weight":1.0,"played":[1.0,0.0],"evs":[0.0,-3.37909]},"94s":{"weight":1.0,"played":[1.0,0.0],"evs":[0.0,-3.41435]},"95s":{"weight":1.0,"played":[1.0,0.0],"evs":[0.0,-3.11551]},"96s":{"weight":1.0,"played":[1.0,0.0],"evs":[0.0,-2.76058]},"97s":{"weight":1.0,"played":[1.0,0.0],"evs":[0.0,-2.40996]},"98s":{"weight":1.0,"played":[1.0,0.0],"evs":[0.0,-2.04556]},"99":{"weight":1.0,"played":[0.0,1.0],"evs":[0.0,1.29593]},"T9o":{"weight":1.0,"played":[1.0,0.0],"evs":[0.0,-2.64536]},"J9o":{"weight":1.0,"played":[1.0,0.0],"evs":[0.0,-2.88695]},"Q9o":{"weight":1.0,"played":[1.0,0.0],"evs":[0.0,-3.01655]},"K9o":{"weight":1.0,"played":[1.0,0.0],"evs":[0.0,-2.5295]},"A9o":{"weight":1.0,"played":[1.0,0.0],"evs":[0.0,-2.31431]},"T2s":{"weight":1.0,"played":[1.0,0.0],"evs":[0.0,-3.49739]},"T3s":{"weight":1.0,"played":[1.0,0.0],"evs":[0.0,-3.28929]},"T4s":{"weight":1.0,"played":[1.0,0.0],"evs":[0.0,-3.33436]},"T5s":{"weight":1.0,"played":[1.0,0.0],"evs":[0.0,-3.27728]},"T6s":{"weight":1.0,"played":[1.0,0.0],"evs":[0.0,-2.90563]},"T7s":{"weight":1.0,"played":[1.0,0.0],"evs":[0.0,-2.57174]},"T8s":{"weight":1.0,"played":[1.0,0.0],"evs":[0.0,-2.19696]},"T9s":{"weight":1.0,"played":[1.0,0.0],"evs":[0.0,-1.98571]},"TT":{"weight":1.0,"played":[0.0,1.0],"evs":[0.0,2.23451]},"JTo":{"weight":1.0,"played":[1.0,0.0],"evs":[0.0,-2.56132]},"QTo":{"weight":1.0,"played":[1.0,0.0],"evs":[0.0,-2.5733]},"KTo":{"weight":1.0,"played":[1.0,0.0],"evs":[0.0,-1.94402]},"ATo":{"weight":1.0,"played":[1.0,0.0],"evs":[0.0,-1.5019]},"J2s":{"weight":1.0,"played":[1.0,0.0],"evs":[0.0,-3.49984]},"J3s":{"weight":1.0,"played":[1.0,0.0],"evs":[0.0,-3.41606]},"J4s":{"weight":1.0,"played":[1.0,0.0],"evs":[0.0,-3.30227]},"J5s":{"weight":1.0,"played":[1.0,0.0],"evs":[0.0,-3.39846]},"J6s":{"weight":1.0,"played":[1.0,0.0],"evs":[0.0,-3.08739]},"J7s":{"weight":1.0,"played":[1.0,0.0],"evs":[0.0,-2.80683]},"J8s":{"weight":1.0,"played":[1.0,0.0],"evs":[0.0,-2.52144]},"J9s":{"weight":1.0,"played":[1.0,0.0],"evs":[0.0,-2.12943]},"JTs":{"weight":1.0,"played":[1.0,0.0],"evs":[0.0,-1.76083]},"JJ":{"weight":1.0,"played":[0.0,1.0],"evs":[0.0,3.12411]},"QJo":{"weight":1.0,"played":[1.0,0.0],"evs":[0.0,-2.42387]},"KJo":{"weight":1.0,"played":[1.0,0.0],"evs":[0.0,-1.73673]},"AJo":{"weight":1.0,"played":[0.9999,1.0E-4],"evs":[0.0,-0.75879]},"Q2s":{"weight":1.0,"played":[1.0,0.0],"evs":[0.0,-3.33582]},"Q3s":{"weight":1.0,"played":[1.0,0.0],"evs":[0.0,-3.32461]},"Q4s":{"weight":1.0,"played":[1.0,0.0],"evs":[0.0,-3.2352]},"Q5s":{"weight":1.0,"played":[1.0,0.0],"evs":[0.0,-3.14081]},"Q6s":{"weight":1.0,"played":[1.0,0.0],"evs":[0.0,-3.08336]},"Q7s":{"weight":1.0,"played":[1.0,0.0],"evs":[0.0,-2.99833]},"Q8s":{"weight":1.0,"played":[1.0,0.0],"evs":[0.0,-2.53904]},"Q9s":{"weight":1.0,"played":[1.0,0.0],"evs":[0.0,-2.26818]},"QTs":{"weight":1.0,"played":[1.0,0.0],"evs":[0.0,-1.85341]},"QJs":{"weight":1.0,"played":[1.0,0.0],"evs":[0.0,-1.65232]},"QQ":{"weight":1.0,"played":[0.0,1.0],"evs":[0.0,4.39628]},"KQo":{"weight":1.0,"played":[1.0,0.0],"evs":[0.0,-1.35953]},"AQo":{"weight":1.0,"played":[1.0E-4,0.9999],"evs":[0.0,0.64707]},"K2s":{"weight":1.0,"played":[1.0,0.0],"evs":[0.0,-2.83968]},"K3s":{"weight":1.0,"played":[1.0,0.0],"evs":[0.0,-2.6889]},"K4s":{"weight":1.0,"played":[1.0,0.0],"evs":[0.0,-2.6181]},"K5s":{"weight":1.0,"played":[1.0,0.0],"evs":[0.0,-2.55633]},"K6s":{"weight":1.0,"played":[1.0,0.0],"evs":[0.0,-2.32007]},"K7s":{"weight":1.0,"played":[1.0,0.0],"evs":[0.0,-2.34372]},"K8s":{"weight":1.0,"played":[1.0,0.0],"evs":[0.0,-2.1051]},"K9s":{"weight":1.0,"played":[1.0,0.0],"evs":[0.0,-1.77333]},"KTs":{"weight":1.0,"played":[1.0,0.0],"evs":[0.0,-1.35258]},"KJs":{"weight":1.0,"played":[1.0,0.0],"evs":[0.0,-1.0375]},"KQs":{"weight":1.0,"played":[1.0,0.0],"evs":[0.0,-0.78764]},"KK":{"weight":1.0,"played":[0.0,1.0],"evs":[0.0,5.29094]},"AKo":{"weight":1.0,"played":[0.0,1.0],"evs":[0.0,1.37376]},"A2s":{"weight":1.0,"played":[1.0,0.0],"evs":[0.0,-2.40422]},"A3s":{"weight":1.0,"played":[1.0,0.0],"evs":[0.0,-2.3735]},"A4s":{"weight":1.0,"played":[1.0,0.0],"evs":[0.0,-2.281]},"A5s":{"weight":1.0,"played":[1.0,0.0],"evs":[0.0,-2.19406]},"A6s":{"weight":1.0,"played":[1.0,0.0],"evs":[0.0,-2.25348]},"A7s":{"weight":1.0,"played":[1.0,0.0],"evs":[0.0,-2.03331]},"A8s":{"weight":1.0,"played":[1.0,0.0],"evs":[0.0,-1.72226]},"A9s":{"weight":1.0,"played":[1.0,0.0],"evs":[0.0,-1.52007]},"ATs":{"weight":1.0,"played":[0.9989,0.0011],"evs":[0.0,-0.84672]},"AJs":{"weight":1.0,"played":[0.72,0.28],"evs":[0.0,-0.12932]},"AQs":{"weight":1.0,"played":[0.0,1.0],"evs":[0.0,1.15036]},"AKs":{"weight":1.0,"played":[0.0,1.0],"evs":[0.0,1.88258]},"AA":{"weight":1.0,"played":[0.0,1.0],"evs":[0.0,7.11805]}}}