{"player":6,"street":0,"children":2,"sequence":[{"player":0,"type":"F","amount":0,"street":0},{"player":1,"type":"F","amount":0,"street":0},{"player":2,"type":"R","amount":11040000,"street":0},{"player":3,"type":"R","amount":35040000,"street":0},{"player":4,"type":"C","amount":35040000,"street":0},{"player":5,"type":"F","amount":0,"street":0}],"actions":[{"type":"F","amount":0},{"type":"C","amount":19040000}],"hands":{"22":{"weight":1.0,"played":[1.0,0.0],"evs":[0.0,-5.12229]},"32o":{"weight":1.0,"played":[1.0,0.0],"evs":[0.0,-6.54698]},"42o":{"weight":1.0,"played":[1.0,0.0],"evs":[0.0,-6.14901]},"52o":{"weight":1.0,"played":[1.0,0.0],"evs":[0.0,-6.13575]},"62o":{"weight":1.0,"played":[1.0,0.0],"evs":[0.0,-6.63439]},"72o":{"weight":1.0,"played":[1.0,0.0],"evs":[0.0,-6.80417]},"82o":{"weight":1.0,"played":[1.0,0.0],"evs":[0.0,-6.87536]},"92o":{"weight":1.0,"played":[1.0,0.0],"evs":[0.0,-6.82079]},"T2o":{"weight":1.0,"played":[1.0,0.0],"evs":[0.0,-6.63195]},"J2o":{"weight":1.0,"played":[1.0,0.0],"evs":[0.0,-6.80009]},"Q2o":{"weight":1.0,"played":[1.0,0.0],"evs":[0.0,-6.47578]},"K2o":{"weight":1.0,"played":[1.0,0.0],"evs":[0.0,-6.49856]},"A2o":{"weight":1.0,"played":[1.0,0.0],"evs":[0.0,-6.10184]},"32s":{"weight":1.0,"played":[1.0,0.0],"evs":[0.0,-5.32162]},"33":{"weight":1.0,"played":[1.0,0.0],"evs":[0.0,-5.31865]},"43o":{"weight":1.0,"played":[1.0,0.0],"evs":[0.0,-5.93398]},"53o":{"weight":1.0,"played":[1.0,0.0],"evs":[0.0,-5.96628]},"63o":{"weight":1.0,"played":[1.0,0.0],"evs":[0.0,-6.07737]},"73o":{"weight":1.0,"played":[1.0,0.0],"evs":[0.0,-6.47314]},"83o":{"weight":1.0,"played":[1.0,0.0],"evs":[0.0,-6.71667]},"93o":{"weight":1.0,"played":[1.0,0.0],"evs":[0.0,-6.75274]},"T3o":{"weight":1.0,"played":[1.0,0.0],"evs":[0.0,-6.82359]},"J3o":{"weight":1.0,"played":[1.0,0.0],"evs":[0.0,-6.62079]},"Q3o":{"weight":1.0,"played":[1.0,0.0],"evs":[0.0,-6.45678]},"K3o":{"weight":1.0,"played":[1.0,0.0],"evs":[0.0,-6.10577]},"A3o":{"weight":1.0,"played":[1.0,0.0],"evs":[0.0,-5.90526]},"42s":{"weight":1.0,"played":[1.0,0.0],"evs":[0.0,-5.54585]},"43s":{"weight":1.0,"played":[1.0,0.0],"evs":[0.0,-5.40829]},"44":{"weight":1.0,"played":[1.0,0.0],"evs":[0.0,-4.8531]},"54o":{"weight":1.0,"played":[1.0,0.0],"evs":[0.0,-5.27838]},"64o":{"weight":1.0,"played":[1.0,0.0],"evs":[0.0,-5.6467]},"74o":{"weight":1.0,"played":[1.0,0.0],"evs":[0.0,-5.82137]},"84o":{"weight":1.0,"played":[1.0,0.0],"evs":[0.0,-6.43528]},"94o":{"weight":1.0,"played":[1.0,0.0],"evs":[0.0,-6.76146]},"T4o":{"weight":1.0,"played":[1.0,0.0],"evs":[0.0,-6.47757]},"J4o":{"weight":1.0,"played":[1.0,0.0],"evs":[0.0,-6.42421]},"Q4o":{"weight":1.0,"played":[1.0,0.0],"evs":[0.0,-6.25305]},"K4o":{"weight":1.0,"played":[1.0,0.0],"evs":[0.0,-6.18892]},"A4o":{"weight":1.0,"played":[1.0,0.0],"evs":[0.0,-5.84539]},"52s":{"weight":1.0,"played":[1.0,0.0],"evs":[0.0,-5.08456]},"53s":{"weight":1.0,"played":[1.0,0.0],"evs":[0.0,-4.97922]},"54s":{"weight":1.0,"played":[0.9999,1.0E-4],"evs":[0.0,-4.52149]},"55":{"weight":1.0,"played":[1.0,0.0],"evs":[0.0,-4.68535]},"65o":{"weight":1.0,"played":[1.0,0.0],"evs":[0.0,-5.45292]},"75o":{"weight":1.0,"played":[1.0,0.0],"evs":[0.0,-5.53115]},"85o":{"weight":1.0,"played":[1.0,0.0],"evs":[0.0,-6.06718]},"95o":{"weight":1.0,"played":[1.0,0.0],"evs":[0.0,-6.2506]},"T5o":{"weight":1.0,"played":[1.0,0.0],"evs":[0.0,-6.49695]},"J5o":{"weight":1.0,"played":[1.0,0.0],"evs":[0.0,-6.10039]},"Q5o":{"weight":1.0,"played":[1.0,0.0],"evs":[0.0,-6.27771]},"K5o":{"weight":1.0,"played":[1.0,0.0],"evs":[0.0,-5.9633]},"A5o":{"weight":1.0,"played":[1.0,0.0],"evs":[0.0,-6.08503]},"62s":{"weight":1.0,"played":[1.0,0.0],"evs":[0.0,-5.7574]},"63s":{"weight":1.0,"played":[1.0,0.0],"evs":[0.0,-5.10123]},"64s":{"weight":1.0,"played":[1.0,0.0],"evs":[0.0,-5.10791]},"65s":{"weight":1.0,"played":[1.0,0.0],"evs":[0.0,-4.66414]},"66":{"weight":1.0,"played":[1.0,0.0],"evs":[0.0,-4.37482]},"76o":{"weight":1.0,"played":[1.0,0.0],"evs":[0.0,-5.54035]},"86o":{"weight":1.0,"played":[1.0,0.0],"evs":[0.0,-5.70483]},"96o":{"weight":1.0,"played":[1.0,0.0],"evs":[0.0,-5.92639]},"T6o":{"weight":1.0,"played":[1.0,0.0],"evs":[0.0,-6.21885]},"J6o":{"weight":1.0,"played":[1.0,0.0],"evs":[0.0,-6.75195]},"Q6o":{"weight":1.0,"played":[1.0,0.0],"evs":[0.0,-6.16212]},"K6o":{"weight":1.0,"played":[1.0,0.0],"evs":[0.0,-6.20056]},"A6o":{"weight":1.0,"played":[1.0,0.0],"evs":[0.0,-6.13971]},"72s":{"weight":1.0,"played":[1.0,0.0],"evs":[0.0,-5.691]},"73s":{"weight":1.0,"played":[1.0,0.0],"evs":[0.0,-5.74046]},"74s":{"weight":1.0,"played":[1.0,0.0],"evs":[0.0,-4.96743]},"75s":{"weight":1.0,"played":[0.9999,1.0E-4],"evs":[0.0,-5.02711]},"76s":{"weight":1.0,"played":[1.0,0.0],"evs":[0.0,-4.37288]},"77":{"weight":1.0,"played":[1.0,0.0],"evs":[0.0,-4.43147]},"87o":{"weight":1.0,"played":[1.0,0.0],"evs":[0.0,-5.77796]},"97o":{"weight":1.0,"played":[1.0,0.0],"evs":[0.0,-5.81976]},"T7o":{"weight":1.0,"played":[1.0,0.0],"evs":[0.0,-6.18779]},"J7o":{"weight":1.0,"played":[1.0,0.0],"evs":[0.0,-6.05554]},"Q7o":{"weight":1.0,"played":[1.0,0.0],"evs":[0.0,-6.23696]},"K7o":{"weight":1.0,"played":[1.0,0.0],"evs":[0.0,-5.66997]},"A7o":{"weight":1.0,"played":[1.0,0.0],"evs":[0.0,-5.79583]},"82s":{"weight":1.0,"played":[1.0,0.0],"evs":[0.0,-5.86789]},"83s":{"weight":1.0,"played":[1.0,0.0],"evs":[0.0,-5.40961]},"84s":{"weight":1.0,"played":[1.0,0.0],"evs":[0.0,-5.33449]},"85s":{"weight":1.0,"played":[0.9999,1.0E-4],"evs":[0.0,-5.49341]},"86s":{"weight":1.0,"played":[1.0,0.0],"evs":[0.0,-4.75386]},"87s":{"weight":1.0,"played":[1.0,0.0],"evs":[0.0,-5.02084]},"88":{"weight":1.0,"played":[1.0,0.0],"evs":[0.0,-4.40879]},"98o":{"weight":1.0,"played":[1.0,0.0],"evs":[0.0,-6.13338]},"T8o":{"weight":1.0,"played":[1.0,0.0],"evs":[0.0,-5.79439]},"J8o":{"weight":1.0,"played":[1.0,0.0],"evs":[0.0,-5.97676]},"Q8o":{"weight":1.0,"played":[1.0,0.0],"evs":[0.0,-6.16655]},"K8o":{"weight":1.0,"played":[1.0,0.0],"evs":[0.0,-6.0554]},"A8o":{"weight":1.0,"played":[1.0,0.0],"evs":[0.0,-5.90603]},"92s":{"weight":1.0,"played":[1.0,0.0],"evs":[0.0,-6.07254]},"93s":{"weight":1.0,"played":[1.0,0.0],"evs":[0.0,-5.7985]},"94s":{"weight":1.0,"played":[1.0,0.0],"evs":[0.0,-5.53946]},"95s":{"weight":1.0,"played":[0.9999,1.0E-4],"evs":[0.0,-5.50144]},"96s":{"weight":1.0,"played":[1.0,0.0],"evs":[0.0,-5.35664]},"97s":{"weight":1.0,"played":[1.0,0.0],"evs":[0.0,-4.87712]},"98s":{"weight":1.0,"played":[1.0,0.0],"evs":[0.0,-5.05872]},"99":{"weight":1.0,"played":[0.9996,4.0E-4],"evs":[0.0,-3.68597]},"T9o":{"weight":1.0,"played":[1.0,0.0],"evs":[0.0,-5.72463]},"J9o":{"weight":1.0,"played":[1.0,0.0],"evs":[0.0,-5.69109]},"Q9o":{"weight":1.0,"played":[1.0,0.0],"evs":[0.0,-6.08392]},"K9o":{"weight":1.0,"played":[1.0,0.0],"evs":[0.0,-5.96629]},"A9o":{"weight":1.0,"played":[1.0,0.0],"evs":[0.0,-5.94475]},"T2s":{"weight":1.0,"played":[1.0,0.0],"evs":[0.0,-5.65497]},"T3s":{"weight":1.0,"played":[1.0,0.0],"evs":[0.0,-6.24634]},"T4s":{"weight":1.0,"played":[1.0,0.0],"evs":[0.0,-5.75978]},"T5s":{"weight":1.0,"played":[1.0,0.0],"evs":[0.0,-5.38447]},"T6s":{"weight":1.0,"played":[1.0,0.0],"evs":[0.0,-4.99069]},"T7s":{"weight":1.0,"played":[1.0,0.0],"evs":[0.0,-5.54087]},"T8s":{"weight":1.0,"played":[0.9999,1.0E-4],"evs":[0.0,-5.01432]},"T9s":{"weight":1.0,"played":[1.0,0.0],"evs":[0.0,-4.65216]},"TT":{"weight":1.0,"played":[1.0,0.0],"evs":[0.0,-2.57393]},"JTo":{"weight":1.0,"played":[1.0,0.0],"evs":[0.0,-5.47822]},"QTo":{"weight":1.0,"played":[1.0,0.0],"evs":[0.0,-5.43106]},"KTo":{"weight":1.0,"played":[1.0,0.0],"evs":[0.0,-5.45032]},"ATo":{"weight":1.0,"played":[1.0,0.0],"evs":[0.0,-5.57368]},"J2s":{"weight":1.0,"played":[1.0,0.0],"evs":[0.0,-5.42413]},"J3s":{"weight":1.0,"played":[1.0,0.0],"evs":[0.0,-5.26555]},"J4s":{"weight":1.0,"played":[1.0,0.0],"evs":[0.0,-4.91765]},"J5s":{"weight":1.0,"played":[1.0,0.0],"evs":[0.0,-5.28635]},"J6s":{"weight":1.0,"played":[1.0,0.0],"evs":[0.0,-5.16384]},"J7s":{"weight":1.0,"played":[0.9999,1.0E-4],"evs":[0.0,-5.1456]},"J8s":{"weight":1.0,"played":[1.0,0.0],"evs":[0.0,-4.7595]},"J9s":{"weight":1.0,"played":[1.0,0.0],"evs":[0.0,-5.05313]},"JTs":{"weight":1.0,"played":[1.0,0.0],"evs":[0.0,-4.66146]},"JJ":{"weight":1.0,"played":[0.9995,5.0E-4],"evs":[0.0,-1.08299]},"QJo":{"weight":1.0,"played":[1.0,0.0],"evs":[0.0,-4.9709]},"KJo":{"weight":1.0,"played":[1.0,0.0],"evs":[0.0,-5.19982]},"AJo":{"weight":1.0,"played":[1.0,0.0],"evs":[0.0,-4.84493]},"Q2s":{"weight":1.0,"played":[0.9999,1.0E-4],"evs":[0.0,-5.797]},"Q3s":{"weight":1.0,"played":[1.0,0.0],"evs":[0.0,-4.93031]},"Q4s":{"weight":1.0,"played":[1.0,0.0],"evs":[0.0,-5.86737]},"Q5s":{"weight":1.0,"played":[1.0,0.0],"evs":[0.0,-4.91138]},"Q6s":{"weight":1.0,"played":[1.0,0.0],"evs":[0.0,-5.54929]},"Q7s":{"weight":1.0,"played":[1.0,0.0],"evs":[0.0,-5.33413]},"Q8s":{"weight":1.0,"played":[1.0,0.0],"evs":[0.0,-4.97489]},"Q9s":{"weight":1.0,"played":[1.0,0.0],"evs":[0.0,-5.50561]},"QTs":{"weight":1.0,"played":[0.9998,2.0E-4],"evs":[0.0,-4.54417]},"QJs":{"weight":1.0,"played":[0.9998,2.0E-4],"evs":[0.0,-4.50319]},"QQ":{"weight":1.0,"played":[0.335,0.665],"evs":[0.0,0.25561]},"KQo":{"weight":1.0,"played":[1.0,0.0],"evs":[0.0,-4.91556]},"AQo":{"weight":1.0,"played":[0.9998,2.0E-4],"evs":[0.0,-4.25715]},"K2s":{"weight":1.0,"played":[1.0,0.0],"evs":[0.0,-5.54832]},"K3s":{"weight":1.0,"played":[1.0,0.0],"evs":[0.0,-5.16654]},"K4s":{"weight":1.0,"played":[0.9999,1.0E-4],"evs":[0.0,-5.17234]},"K5s":{"weight":1.0,"played":[1.0,0.0],"evs":[0.0,-5.06505]},"K6s":{"weight":1.0,"played":[1.0,0.0],"evs":[0.0,-5.01151]},"K7s":{"weight":1.0,"played":[1.0,0.0],"evs":[0.0,-4.42983]},"K8s":{"weight":1.0,"played":[1.0,0.0],"evs":[0.0,-5.42769]},"K9s":{"weight":1.0,"played":[0.9998,2.0E-4],"evs":[0.0,-5.08689]},"KTs":{"weight":1.0,"played":[1.0,0.0],"evs":[0.0,-4.57705]},"KJs":{"weight":1.0,"played":[1.0,0.0],"evs":[0.0,-3.92747]},"KQs":{"weight":1.0,"played":[1.0,0.0],"evs":[0.0,-4.43819]},"KK":{"weight":1.0,"played":[0.0,1.0],"evs":[0.0,3.27454]},"AKo":{"weight":1.0,"played":[1.0,0.0],"evs":[0.0,-2.92305]},"A2s":{"weight":1.0,"played":[1.0,0.0],"evs":[0.0,-5.63419]},"A3s":{"weight":1.0,"played":[0.9999,1.0E-4],"evs":[0.0,-5.17992]},"A4s":{"weight":1.0,"played":[1.0,0.0],"evs":[0.0,-4.74872]},"A5s":{"weight":1.0,"played":[1.0,0.0],"evs":[0.0,-4.42539]},"A6s":{"weight":1.0,"played":[0.9999,1.0E-4],"evs":[0.0,-5.51655]},"A7s":{"weight":1.0,"played":[1.0,0.0],"evs":[0.0,-4.90218]},"A8s":{"weight":1.0,"played":[1.0,0.0],"evs":[0.0,-4.88215]},"A9s":{"weight":1.0,"played":[1.0,0.0],"evs":[0.0,-5.18003]},"ATs":{"weight":1.0,"played":[1.0,0.0],"evs":[0.0,-4.48914]},"AJs":{"weight":1.0,"played":[1.0,0.0],"evs":[0.0,-4.36411]},"AQs":{"weight":1.0,"played":[0.9988,0.0012],"evs":[0.0,-3.6339]},"AKs":{"weight":1.0,"played":[1.0,0.0],"evs":[0.0,-2.22312]},"AA":{"weight":1.0,"played":[2.0E-4,0.9998],"evs":[0.0,5.68847]}}}