{"player":6,"street":0,"children":2,"sequence":[{"player":0,"type":"F","amount":0,"street":0},{"player":1,"type":"R","amount":7840000,"street":0},{"player":2,"type":"F","amount":0,"street":0},{"player":3,"type":"F","amount":0,"street":0},{"player":4,"type":"F","amount":0,"street":0},{"player":5,"type":"F","amount":0,"street":0}],"actions":[{"type":"F","amount":0},{"type":"C","amount":4640000}],"hands":{"22":{"weight":1.0,"played":[0.0,1.0],"evs":[0.0,1.30062]},"32o":{"weight":1.0,"played":[0.0,1.0],"evs":[0.0,0.21558]},"42o":{"weight":1.0,"played":[0.0,1.0],"evs":[0.0,0.23722]},"52o":{"weight":1.0,"played":[0.0,1.0],"evs":[0.0,0.27625]},"62o":{"weight":1.0,"played":[0.0,1.0],"evs":[0.0,0.19773]},"72o":{"weight":1.0,"played":[0.0,1.0],"evs":[0.0,0.14882]},"82o":{"weight":1.0,"played":[0.0,1.0],"evs":[0.0,0.16876]},"92o":{"weight":1.0,"played":[0.0,1.0],"evs":[0.0,0.22163]},"T2o":{"weight":1.0,"played":[0.0,1.0],"evs":[0.0,0.26001]},"J2o":{"weight":1.0,"played":[0.0,1.0],"evs":[0.0,0.29326]},"Q2o":{"weight":1.0,"played":[0.0,1.0],"evs":[0.0,0.3557]},"K2o":{"weight":1.0,"played":[0.0,1.0],"evs":[0.0,0.44653]},"A2o":{"weight":1.0,"played":[0.0,1.0],"evs":[0.0,0.92327]},"32s":{"weight":1.0,"played":[0.0,1.0],"evs":[0.0,0.4964]},"33":{"weight":1.0,"played":[0.0,1.0],"evs":[0.0,1.34957]},"43o":{"weight":1.0,"played":[0.0,1.0],"evs":[0.0,0.32356]},"53o":{"weight":1.0,"played":[0.0,1.0],"evs":[0.0,0.37231]},"63o":{"weight":1.0,"played":[0.0,1.0],"evs":[0.0,0.29149]},"73o":{"weight":1.0,"played":[0.0,1.0],"evs":[0.0,0.23739]},"83o":{"weight":1.0,"played":[0.0,1.0],"evs":[0.0,0.16852]},"93o":{"weight":1.0,"played":[0.0,1.0],"evs":[0.0,0.23264]},"T3o":{"weight":1.0,"played":[0.0,1.0],"evs":[0.0,0.27647]},"J3o":{"weight":1.0,"played":[0.0,1.0],"evs":[0.0,0.31304]},"Q3o":{"weight":1.0,"played":[0.0,1.0],"evs":[0.0,0.37186]},"K3o":{"weight":1.0,"played":[0.0,1.0],"evs":[0.0,0.46982]},"A3o":{"weight":1.0,"played":[0.0,1.0],"evs":[0.0,0.94511]},"42s":{"weight":1.0,"played":[0.0,1.0],"evs":[0.0,0.51535]},"43s":{"weight":1.0,"played":[0.0,1.0],"evs":[0.0,0.60657]},"44":{"weight":1.0,"played":[0.0,1.0],"evs":[0.0,1.41058]},"54o":{"weight":1.0,"played":[0.0,1.0],"evs":[0.0,0.47805]},"64o":{"weight":1.0,"played":[0.0,1.0],"evs":[0.0,0.40392]},"74o":{"weight":1.0,"played":[0.0,1.0],"evs":[0.0,0.34765]},"84o":{"weight":1.0,"played":[0.0,1.0],"evs":[0.0,0.28073]},"94o":{"weight":1.0,"played":[0.0,1.0],"evs":[0.0,0.24382]},"T4o":{"weight":1.0,"played":[0.0,1.0],"evs":[0.0,0.31094]},"J4o":{"weight":1.0,"played":[0.0,1.0],"evs":[0.0,0.34576]},"Q4o":{"weight":1.0,"played":[0.0,1.0],"evs":[0.0,0.40131]},"K4o":{"weight":1.0,"played":[0.0,1.0],"evs":[0.0,0.49596]},"A4o":{"weight":1.0,"played":[0.0,1.0],"evs":[0.0,0.97427]},"52s":{"weight":1.0,"played":[0.0,1.0],"evs":[0.0,0.56579]},"53s":{"weight":1.0,"played":[0.0,1.0],"evs":[0.0,0.64523]},"54s":{"weight":1.0,"played":[0.0,1.0],"evs":[0.0,0.73318]},"55":{"weight":1.0,"played":[0.0,1.0],"evs":[0.0,1.52007]},"65o":{"weight":1.0,"played":[0.0,1.0],"evs":[0.0,0.50771]},"75o":{"weight":1.0,"played":[0.0,1.0],"evs":[0.0,0.45901]},"85o":{"weight":1.0,"played":[0.0,1.0],"evs":[0.0,0.39054]},"95o":{"weight":1.0,"played":[0.0,1.0],"evs":[0.0,0.34886]},"T5o":{"weight":1.0,"played":[0.0,1.0],"evs":[0.0,0.31419]},"J5o":{"weight":1.0,"played":[0.0,1.0],"evs":[0.0,0.36646]},"Q5o":{"weight":1.0,"played":[0.0,1.0],"evs":[0.0,0.42729]},"K5o":{"weight":1.0,"played":[0.0,1.0],"evs":[0.0,0.52941]},"A5o":{"weight":1.0,"played":[0.0,1.0],"evs":[0.0,1.01897]},"62s":{"weight":1.0,"played":[0.0,1.0],"evs":[0.0,0.47832]},"63s":{"weight":1.0,"played":[0.0,1.0],"evs":[0.0,0.58852]},"64s":{"weight":1.0,"played":[0.0,1.0],"evs":[0.0,0.67475]},"65s":{"weight":1.0,"played":[0.0,1.0],"evs":[0.0,0.77808]},"66":{"weight":1.0,"played":[0.0,1.0],"evs":[0.0,1.67058]},"76o":{"weight":1.0,"played":[0.0,1.0],"evs":[0.0,0.57479]},"86o":{"weight":1.0,"played":[0.0,1.0],"evs":[0.0,0.50408]},"96o":{"weight":1.0,"played":[0.0,1.0],"evs":[0.0,0.46824]},"T6o":{"weight":1.0,"played":[0.0,1.0],"evs":[0.0,0.4402]},"J6o":{"weight":1.0,"played":[0.0,1.0],"evs":[0.0,0.38783]},"Q6o":{"weight":1.0,"played":[0.0,1.0],"evs":[0.0,0.4562]},"K6o":{"weight":1.0,"played":[0.0,1.0],"evs":[0.0,0.56143]},"A6o":{"weight":1.0,"played":[0.0,1.0],"evs":[0.0,0.98984]},"72s":{"weight":1.0,"played":[0.0,1.0],"evs":[0.0,0.42746]},"73s":{"weight":1.0,"played":[0.0,1.0],"evs":[0.0,0.53302]},"74s":{"weight":1.0,"played":[0.0,1.0],"evs":[0.0,0.63067]},"75s":{"weight":1.0,"played":[0.0,1.0],"evs":[0.0,0.72316]},"76s":{"weight":1.0,"played":[0.0,1.0],"evs":[0.0,0.85204]},"77":{"weight":1.0,"played":[0.0,1.0],"evs":[0.0,1.8218]},"87o":{"weight":1.0,"played":[0.0,1.0],"evs":[0.0,0.61294]},"97o":{"weight":1.0,"played":[0.0,1.0],"evs":[0.0,0.57002]},"T7o":{"weight":1.0,"played":[0.0,1.0],"evs":[0.0,0.54782]},"J7o":{"weight":1.0,"played":[0.0,1.0],"evs":[0.0,0.49841]},"Q7o":{"weight":1.0,"played":[0.0,1.0],"evs":[0.0,0.47015]},"K7o":{"weight":1.0,"played":[0.0,1.0],"evs":[0.0,0.60024]},"A7o":{"weight":1.0,"played":[0.0,1.0],"evs":[0.0,1.07485]},"82s":{"weight":1.0,"played":[0.0,1.0],"evs":[0.0,0.4785]},"83s":{"weight":1.0,"played":[0.0,1.0],"evs":[0.0,0.4672]},"84s":{"weight":1.0,"played":[0.0,1.0],"evs":[0.0,0.56158]},"85s":{"weight":1.0,"played":[0.0,1.0],"evs":[0.0,0.68247]},"86s":{"weight":1.0,"played":[0.0,1.0],"evs":[0.0,0.76627]},"87s":{"weight":1.0,"played":[0.0,1.0],"evs":[0.0,0.88044]},"88":{"weight":1.0,"played":[0.0,1.0],"evs":[0.0,2.02934]},"98o":{"weight":1.0,"played":[0.0,1.0],"evs":[0.0,0.65037]},"T8o":{"weight":1.0,"played":[0.0,1.0],"evs":[0.0,0.63357]},"J8o":{"weight":1.0,"played":[0.0,1.0],"evs":[0.0,0.57609]},"Q8o":{"weight":1.0,"played":[0.0,1.0],"evs":[0.0,0.54734]},"K8o":{"weight":1.0,"played":[0.0,1.0],"evs":[0.0,0.57699]},"A8o":{"weight":1.0,"played":[0.0,1.0],"evs":[0.0,1.21988]},"92s":{"weight":1.0,"played":[0.0,1.0],"evs":[0.0,0.51643]},"93s":{"weight":1.0,"played":[0.0,1.0],"evs":[0.0,0.52725]},"94s":{"weight":1.0,"played":[0.0,1.0],"evs":[0.0,0.5337]},"95s":{"weight":1.0,"played":[0.0,1.0],"evs":[0.0,0.62722]},"96s":{"weight":1.0,"played":[0.0,1.0],"evs":[0.0,0.74666]},"97s":{"weight":1.0,"played":[0.0,1.0],"evs":[0.0,0.85013]},"98s":{"weight":1.0,"played":[0.0,1.0],"evs":[0.0,0.91638]},"99":{"weight":1.0,"played":[0.0,1.0],"evs":[0.0,2.25207]},"T9o":{"weight":1.0,"played":[0.0,1.0],"evs":[0.0,0.75133]},"J9o":{"weight":1.0,"played":[0.0,1.0],"evs":[0.0,0.69997]},"Q9o":{"weight":1.0,"played":[0.0,1.0],"evs":[0.0,0.67554]},"K9o":{"weight":1.0,"played":[0.0,1.0],"evs":[0.0,0.69028]},"A9o":{"weight":1.0,"played":[0.0,1.0],"evs":[0.0,1.46305]},"T2s":{"weight":1.0,"played":[0.0,1.0],"evs":[0.0,0.55297]},"T3s":{"weight":1.0,"played":[0.0,1.0],"evs":[0.0,0.5702]},"T4s":{"weight":1.0,"played":[0.0,1.0],"evs":[0.0,0.5862]},"T5s":{"weight":1.0,"played":[0.0,1.0],"evs":[0.0,0.58983]},"T6s":{"weight":1.0,"played":[0.0,1.0],"evs":[0.0,0.70338]},"T7s":{"weight":1.0,"played":[0.0,1.0],"evs":[0.0,0.81108]},"T8s":{"weight":1.0,"played":[0.0,1.0],"evs":[0.0,0.89969]},"T9s":{"weight":1.0,"played":[0.0,1.0],"evs":[0.0,1.0069]},"TT":{"weight":1.0,"played":[0.0,1.0],"evs":[0.0,2.56379]},"JTo":{"weight":1.0,"played":[0.0,1.0],"evs":[0.0,0.86608]},"QTo":{"weight":1.0,"played":[0.0,1.0],"evs":[0.0,0.86602]},"KTo":{"weight":1.0,"played":[0.0,1.0],"evs":[0.0,0.89821]},"ATo":{"weight":1.0,"played":[0.0,1.0],"evs":[0.0,1.85778]},"J2s":{"weight":1.0,"played":[0.0,1.0],"evs":[0.0,0.58294]},"J3s":{"weight":1.0,"played":[0.0,1.0],"evs":[0.0,0.59676]},"J4s":{"weight":1.0,"played":[0.0,1.0],"evs":[0.0,0.61479]},"J5s":{"weight":1.0,"played":[0.0,1.0],"evs":[0.0,0.65407]},"J6s":{"weight":1.0,"played":[0.0,1.0],"evs":[0.0,0.67621]},"J7s":{"weight":1.0,"played":[0.0,1.0],"evs":[0.0,0.77035]},"J8s":{"weight":1.0,"played":[0.0,1.0],"evs":[0.0,0.84116]},"J9s":{"weight":1.0,"played":[0.0,1.0],"evs":[0.0,0.96047]},"JTs":{"weight":1.0,"played":[0.0,1.0],"evs":[0.0,1.12958]},"JJ":{"weight":1.0,"played":[0.0,1.0],"evs":[0.0,2.87155]},"QJo":{"weight":1.0,"played":[0.0,1.0],"evs":[0.0,0.93009]},"KJo":{"weight":1.0,"played":[0.0,1.0],"evs":[0.0,1.07385]},"AJo":{"weight":1.0,"played":[0.0,1.0],"evs":[0.0,2.20494]},"Q2s":{"weight":1.0,"played":[0.0,1.0],"evs":[0.0,0.6461]},"Q3s":{"weight":1.0,"played":[0.0,1.0],"evs":[0.0,0.64605]},"Q4s":{"weight":1.0,"played":[0.0,1.0],"evs":[0.0,0.67916]},"Q5s":{"weight":1.0,"played":[0.0,1.0],"evs":[0.0,0.70703]},"Q6s":{"weight":1.0,"played":[0.0,1.0],"evs":[0.0,0.73816]},"Q7s":{"weight":1.0,"played":[0.0,1.0],"evs":[0.0,0.75748]},"Q8s":{"weight":1.0,"played":[0.0,1.0],"evs":[0.0,0.82299]},"Q9s":{"weight":1.0,"played":[0.0,1.0],"evs":[0.0,0.93821]},"QTs":{"weight":1.0,"played":[0.0,1.0],"evs":[0.0,1.13142]},"QJs":{"weight":1.0,"played":[0.0,1.0],"evs":[0.0,1.18598]},"QQ":{"weight":1.0,"played":[0.0,1.0],"evs":[0.0,3.21102]},"KQo":{"weight":1.0,"played":[0.0,1.0],"evs":[0.0,1.33899]},"AQo":{"weight":1.0,"played":[0.0,1.0],"evs":[0.0,2.54407]},"K2s":{"weight":1.0,"played":[0.0,1.0],"evs":[0.0,0.73272]},"K3s":{"weight":1.0,"played":[0.0,1.0],"evs":[0.0,0.75031]},"K4s":{"weight":1.0,"played":[0.0,1.0],"evs":[0.0,0.77695]},"K5s":{"weight":1.0,"played":[0.0,1.0],"evs":[0.0,0.80987]},"K6s":{"weight":1.0,"played":[0.0,1.0],"evs":[0.0,0.84405]},"K7s":{"weight":1.0,"played":[0.0,1.0],"evs":[0.0,0.88835]},"K8s":{"weight":1.0,"played":[0.0,1.0],"evs":[0.0,0.8538]},"K9s":{"weight":1.0,"played":[0.0,1.0],"evs":[0.0,0.97587]},"KTs":{"weight":1.0,"played":[0.0,1.0],"evs":[0.0,1.16556]},"KJs":{"weight":1.0,"played":[0.0,1.0],"evs":[0.0,1.3173]},"KQs":{"weight":1.0,"played":[0.0,1.0],"evs":[0.0,1.56391]},"KK":{"weight":1.0,"played":[0.0,1.0],"evs":[0.0,3.61125]},"AKo":{"weight":1.0,"played":[0.0,1.0],"evs":[0.0,2.91656]},"A2s":{"weight":1.0,"played":[0.0,1.0],"evs":[0.0,1.18391]},"A3s":{"weight":1.0,"played":[0.0,1.0],"evs":[0.0,1.21662]},"A4s":{"weight":1.0,"played":[0.0,1.0],"evs":[0.0,1.23637]},"A5s":{"weight":1.0,"played":[0.0,1.0],"evs":[0.0,1.27932]},"A6s":{"weight":1.0,"played":[0.0,1.0],"evs":[0.0,1.2553]},"A7s":{"weight":1.0,"played":[0.0,1.0],"evs":[0.0,1.33288]},"A8s":{"weight":1.0,"played":[0.0,1.0],"evs":[0.0,1.47823]},"A9s":{"weight":1.0,"played":[0.0,1.0],"evs":[0.0,1.69066]},"ATs":{"weight":1.0,"played":[0.0,1.0],"evs":[0.0,2.05799]},"AJs":{"weight":1.0,"played":[0.0,1.0],"evs":[0.0,2.37827]},"AQs":{"weight":1.0,"played":[0.0,1.0],"evs":[0.0,2.69977]},"AKs":{"weight":1.0,"played":[0.0,1.0],"evs":[0.0,3.04218]},"AA":{"weight":1.0,"played":[0.0,1.0],"evs":[0.0,4.69199]}}}