{"player":5,"street":0,"children":2,"sequence":[{"player":0,"type":"F","amount":0,"street":0},{"player":1,"type":"R","amount":7840000,"street":0},{"player":2,"type":"F","amount":0,"street":0},{"player":3,"type":"F","amount":0,"street":0},{"player":4,"type":"R","amount":22240000,"street":0}],"actions":[{"type":"F","amount":0,"node":75},{"type":"C","amount":11360000,"node":76}],"hands":{"22":{"weight":1.0,"played":[1.0,0.0],"evs":[0.0,-1.10452]},"32o":{"weight":1.0,"played":[1.0,0.0],"evs":[0.0,-2.68509]},"42o":{"weight":1.0,"played":[1.0,0.0],"evs":[0.0,-2.56971]},"52o":{"weight":1.0,"played":[1.0,0.0],"evs":[0.0,-2.45735]},"62o":{"weight":1.0,"played":[1.0,0.0],"evs":[0.0,-2.61588]},"72o":{"weight":1.0,"played":[1.0,0.0],"evs":[0.0,-2.75483]},"82o":{"weight":1.0,"played":[1.0,0.0],"evs":[0.0,-2.67572]},"92o":{"weight":1.0,"played":[1.0,0.0],"evs":[0.0,-2.67328]},"T2o":{"weight":1.0,"played":[1.0,0.0],"evs":[0.0,-2.63933]},"J2o":{"weight":1.0,"played":[1.0,0.0],"evs":[0.0,-2.56662]},"Q2o":{"weight":1.0,"played":[1.0,0.0],"evs":[0.0,-2.41395]},"K2o":{"weight":1.0,"played":[1.0,0.0],"evs":[0.0,-2.29445]},"A2o":{"weight":1.0,"played":[1.0,0.0],"evs":[0.0,-1.97627]},"32s":{"weight":1.0,"played":[1.0,0.0],"evs":[0.0,-2.03662]},"33":{"weight":1.0,"played":[1.0,0.0],"evs":[0.0,-0.88271]},"43o":{"weight":1.0,"played":[1.0,0.0],"evs":[0.0,-2.33392]},"53o":{"weight":1.0,"played":[1.0,0.0],"evs":[0.0,-2.19775]},"63o":{"weight":1.0,"played":[1.0,0.0],"evs":[0.0,-2.36566]},"73o":{"weight":1.0,"played":[1.0,0.0],"evs":[0.0,-2.49621]},"83o":{"weight":1.0,"played":[1.0,0.0],"evs":[0.0,-2.65331]},"93o":{"weight":1.0,"played":[1.0,0.0],"evs":[0.0,-2.60961]},"T3o":{"weight":1.0,"played":[1.0,0.0],"evs":[0.0,-2.5701]},"J3o":{"weight":1.0,"played":[1.0,0.0],"evs":[0.0,-2.50362]},"Q3o":{"weight":1.0,"played":[1.0,0.0],"evs":[0.0,-2.31701]},"K3o":{"weight":1.0,"played":[1.0,0.0],"evs":[0.0,-2.23926]},"A3o":{"weight":1.0,"played":[1.0,0.0],"evs":[0.0,-1.87016]},"42s":{"weight":1.0,"played":[1.0,0.0],"evs":[0.0,-1.9707]},"43s":{"weight":1.0,"played":[1.0,0.0],"evs":[0.0,-1.73385]},"44":{"weight":1.0,"played":[1.0,0.0],"evs":[0.0,-0.57835]},"54o":{"weight":1.0,"played":[1.0,0.0],"evs":[0.0,-1.95722]},"64o":{"weight":1.0,"played":[1.0,0.0],"evs":[0.0,-2.08861]},"74o":{"weight":1.0,"played":[1.0,0.0],"evs":[0.0,-2.23754]},"84o":{"weight":1.0,"played":[1.0,0.0],"evs":[0.0,-2.3592]},"94o":{"weight":1.0,"played":[1.0,0.0],"evs":[0.0,-2.55387]},"T4o":{"weight":1.0,"played":[1.0,0.0],"evs":[0.0,-2.45172]},"J4o":{"weight":1.0,"played":[1.0,0.0],"evs":[0.0,-2.36428]},"Q4o":{"weight":1.0,"played":[1.0,0.0],"evs":[0.0,-2.21023]},"K4o":{"weight":1.0,"played":[1.0,0.0],"evs":[0.0,-2.12448]},"A4o":{"weight":1.0,"played":[1.0,0.0],"evs":[0.0,-1.73264]},"52s":{"weight":1.0,"played":[1.0,0.0],"evs":[0.0,-1.86748]},"53s":{"weight":1.0,"played":[1.0,0.0],"evs":[0.0,-1.6382]},"54s":{"weight":1.0,"played":[1.0,0.0],"evs":[0.0,-1.38955]},"55":{"weight":1.0,"played":[1.0,0.0],"evs":[0.0,-0.29362]},"65o":{"weight":1.0,"played":[1.0,0.0],"evs":[0.0,-1.82402]},"75o":{"weight":1.0,"played":[1.0,0.0],"evs":[0.0,-1.95178]},"85o":{"weight":1.0,"played":[1.0,0.0],"evs":[0.0,-2.10281]},"95o":{"weight":1.0,"played":[1.0,0.0],"evs":[0.0,-2.28176]},"T5o":{"weight":1.0,"played":[1.0,0.0],"evs":[0.0,-2.3669]},"J5o":{"weight":1.0,"played":[1.0,0.0],"evs":[0.0,-2.30715]},"Q5o":{"weight":1.0,"played":[1.0,0.0],"evs":[0.0,-2.14038]},"K5o":{"weight":1.0,"played":[1.0,0.0],"evs":[0.0,-2.02419]},"A5o":{"weight":1.0,"played":[1.0,0.0],"evs":[0.0,-1.61556]},"62s":{"weight":1.0,"played":[1.0,0.0],"evs":[0.0,-2.02768]},"63s":{"weight":1.0,"played":[1.0,0.0],"evs":[0.0,-1.81087]},"64s":{"weight":1.0,"played":[1.0,0.0],"evs":[0.0,-1.56439]},"65s":{"weight":1.0,"played":[1.0,0.0],"evs":[0.0,-1.30201]},"66":{"weight":1.0,"played":[0.4817,0.5183],"evs":[0.0,-0.0051]},"76o":{"weight":1.0,"played":[1.0,0.0],"evs":[0.0,-1.71254]},"86o":{"weight":1.0,"played":[1.0,0.0],"evs":[0.0,-1.83834]},"96o":{"weight":1.0,"played":[1.0,0.0],"evs":[0.0,-2.02284]},"T6o":{"weight":1.0,"played":[1.0,0.0],"evs":[0.0,-2.15644]},"J6o":{"weight":1.0,"played":[1.0,0.0],"evs":[0.0,-2.23142]},"Q6o":{"weight":1.0,"played":[1.0,0.0],"evs":[0.0,-2.02768]},"K6o":{"weight":1.0,"played":[1.0,0.0],"evs":[0.0,-1.91464]},"A6o":{"weight":1.0,"played":[1.0,0.0],"evs":[0.0,-1.73915]},"72s":{"weight":1.0,"played":[1.0,0.0],"evs":[0.0,-2.15166]},"73s":{"weight":1.0,"played":[1.0,0.0],"evs":[0.0,-1.90997]},"74s":{"weight":1.0,"played":[1.0,0.0],"evs":[0.0,-1.6199]},"75s":{"weight":1.0,"played":[1.0,0.0],"evs":[0.0,-1.34281]},"76s":{"weight":1.0,"played":[1.0,0.0],"evs":[0.0,-1.18168]},"77":{"weight":1.0,"played":[0.0,1.0],"evs":[0.0,0.25256]},"87o":{"weight":1.0,"played":[1.0,0.0],"evs":[0.0,-1.66771]},"97o":{"weight":1.0,"played":[1.0,0.0],"evs":[0.0,-1.81646]},"T7o":{"weight":1.0,"played":[1.0,0.0],"evs":[0.0,-1.93099]},"J7o":{"weight":1.0,"played":[1.0,0.0],"evs":[0.0,-2.01855]},"Q7o":{"weight":1.0,"played":[1.0,0.0],"evs":[0.0,-2.04309]},"K7o":{"weight":1.0,"played":[1.0,0.0],"evs":[0.0,-1.87442]},"A7o":{"weight":1.0,"played":[1.0,0.0],"evs":[0.0,-1.61747]},"82s":{"weight":1.0,"played":[1.0,0.0],"evs":[0.0,-2.07008]},"83s":{"weight":1.0,"played":[1.0,0.0],"evs":[0.0,-2.03542]},"84s":{"weight":1.0,"played":[1.0,0.0],"evs":[0.0,-1.79544]},"85s":{"weight":1.0,"played":[1.0,0.0],"evs":[0.0,-1.52266]},"86s":{"weight":1.0,"played":[1.0,0.0],"evs":[0.0,-1.27957]},"87s":{"weight":1.0,"played":[1.0,0.0],"evs":[0.0,-1.15751]},"88":{"weight":1.0,"played":[0.0,1.0],"evs":[0.0,0.60224]},"98o":{"weight":1.0,"played":[1.0,0.0],"evs":[0.0,-1.65042]},"T8o":{"weight":1.0,"played":[1.0,0.0],"evs":[0.0,-1.70899]},"J8o":{"weight":1.0,"played":[1.0,0.0],"evs":[0.0,-1.80224]},"Q8o":{"weight":1.0,"played":[1.0,0.0],"evs":[0.0,-1.84636]},"K8o":{"weight":1.0,"played":[1.0,0.0],"evs":[0.0,-1.87965]},"A8o":{"weight":1.0,"played":[1.0,0.0],"evs":[0.0,-1.43128]},"92s":{"weight":1.0,"played":[1.0,0.0],"evs":[0.0,-2.05353]},"93s":{"weight":1.0,"played":[1.0,0.0],"evs":[0.0,-2.01116]},"94s":{"weight":1.0,"played":[1.0,0.0],"evs":[0.0,-1.95989]},"95s":{"weight":1.0,"played":[1.0,0.0],"evs":[0.0,-1.72955]},"96s":{"weight":1.0,"played":[1.0,0.0],"evs":[0.0,-1.41667]},"97s":{"weight":1.0,"played":[1.0,0.0],"evs":[0.0,-1.24349]},"98s":{"weight":1.0,"played":[1.0,0.0],"evs":[0.0,-1.11661]},"99":{"weight":1.0,"played":[0.0,1.0],"evs":[0.0,1.03642]},"T9o":{"weight":1.0,"played":[1.0,0.0],"evs":[0.0,-1.53195]},"J9o":{"weight":1.0,"played":[1.0,0.0],"evs":[0.0,-1.65126]},"Q9o":{"weight":1.0,"played":[1.0,0.0],"evs":[0.0,-1.66544]},"K9o":{"weight":1.0,"played":[1.0,0.0],"evs":[0.0,-1.71879]},"A9o":{"weight":1.0,"played":[1.0,0.0],"evs":[0.0,-1.13804]},"T2s":{"weight":1.0,"played":[1.0,0.0],"evs":[0.0,-1.98601]},"T3s":{"weight":1.0,"played":[1.0,0.0],"evs":[0.0,-1.93813]},"T4s":{"weight":1.0,"played":[1.0,0.0],"evs":[0.0,-1.86793]},"T5s":{"weight":1.0,"played":[1.0,0.0],"evs":[0.0,-1.76416]},"T6s":{"weight":1.0,"played":[1.0,0.0],"evs":[0.0,-1.54805]},"T7s":{"weight":1.0,"played":[1.0,0.0],"evs":[0.0,-1.3491]},"T8s":{"weight":1.0,"played":[1.0,0.0],"evs":[0.0,-1.17496]},"T9s":{"weight":1.0,"played":[1.0,0.0],"evs":[0.0,-0.98122]},"TT":{"weight":1.0,"played":[0.0,1.0],"evs":[0.0,1.72355]},"JTo":{"weight":1.0,"played":[1.0,0.0],"evs":[0.0,-1.33484]},"QTo":{"weight":1.0,"played":[1.0,0.0],"evs":[0.0,-1.33763]},"KTo":{"weight":1.0,"played":[1.0,0.0],"evs":[0.0,-1.34232]},"ATo":{"weight":1.0,"played":[1.0,0.0],"evs":[0.0,-0.47055]},"J2s":{"weight":1.0,"played":[1.0,0.0],"evs":[0.0,-1.96041]},"J3s":{"weight":1.0,"played":[1.0,0.0],"evs":[0.0,-1.87287]},"J4s":{"weight":1.0,"played":[1.0,0.0],"evs":[0.0,-1.76843]},"J5s":{"weight":1.0,"played":[1.0,0.0],"evs":[0.0,-1.69608]},"J6s":{"weight":1.0,"played":[1.0,0.0],"evs":[0.0,-1.65713]},"J7s":{"weight":1.0,"played":[1.0,0.0],"evs":[0.0,-1.41923]},"J8s":{"weight":1.0,"played":[1.0,0.0],"evs":[0.0,-1.25893]},"J9s":{"weight":1.0,"played":[1.0,0.0],"evs":[0.0,-1.06622]},"JTs":{"weight":1.0,"played":[1.0,0.0],"evs":[0.0,-0.80221]},"JJ":{"weight":1.0,"played":[0.0,1.0],"evs":[0.0,2.51177]},"QJo":{"weight":1.0,"played":[1.0,0.0],"evs":[0.0,-1.23864]},"KJo":{"weight":1.0,"played":[1.0,0.0],"evs":[0.0,-1.08418]},"AJo":{"weight":1.0,"played":[0.0016,0.9984],"evs":[0.0,0.07011]},"Q2s":{"weight":1.0,"played":[1.0,0.0],"evs":[0.0,-1.81463]},"Q3s":{"weight":1.0,"played":[1.0,0.0],"evs":[0.0,-1.73542]},"Q4s":{"weight":1.0,"played":[1.0,0.0],"evs":[0.0,-1.65278]},"Q5s":{"weight":1.0,"played":[1.0,0.0],"evs":[0.0,-1.51668]},"Q6s":{"weight":1.0,"played":[1.0,0.0],"evs":[0.0,-1.42169]},"Q7s":{"weight":1.0,"played":[1.0,0.0],"evs":[0.0,-1.46478]},"Q8s":{"weight":1.0,"played":[1.0,0.0],"evs":[0.0,-1.22773]},"Q9s":{"weight":1.0,"played":[1.0,0.0],"evs":[0.0,-1.09559]},"QTs":{"weight":1.0,"played":[1.0,0.0],"evs":[0.0,-0.7513]},"QJs":{"weight":1.0,"played":[1.0,0.0],"evs":[0.0,-0.70952]},"QQ":{"weight":1.0,"played":[0.0,1.0],"evs":[0.0,3.38694]},"KQo":{"weight":1.0,"played":[1.0,0.0],"evs":[0.0,-0.59672]},"AQo":{"weight":1.0,"played":[0.0,1.0],"evs":[0.0,0.74698]},"K2s":{"weight":1.0,"played":[1.0,0.0],"evs":[0.0,-1.68245]},"K3s":{"weight":1.0,"played":[1.0,0.0],"evs":[0.0,-1.64642]},"K4s":{"weight":1.0,"played":[1.0,0.0],"evs":[0.0,-1.5199]},"K5s":{"weight":1.0,"played":[1.0,0.0],"evs":[0.0,-1.38756]},"K6s":{"weight":1.0,"played":[1.0,0.0],"evs":[0.0,-1.39581]},"K7s":{"weight":1.0,"played":[1.0,0.0],"evs":[0.0,-1.27736]},"K8s":{"weight":1.0,"played":[1.0,0.0],"evs":[0.0,-1.30241]},"K9s":{"weight":1.0,"played":[1.0,0.0],"evs":[0.0,-1.14876]},"KTs":{"weight":1.0,"played":[1.0,0.0],"evs":[0.0,-0.80593]},"KJs":{"weight":1.0,"played":[1.0,0.0],"evs":[0.0,-0.50813]},"KQs":{"weight":1.0,"played":[0.969,0.031],"evs":[0.0,-0.0891]},"KK":{"weight":1.0,"played":[0.0,1.0],"evs":[0.0,4.38546]},"AKo":{"weight":1.0,"played":[0.0,1.0],"evs":[0.0,1.40461]},"A2s":{"weight":1.0,"played":[1.0,0.0],"evs":[0.0,-1.35029]},"A3s":{"weight":1.0,"played":[1.0,0.0],"evs":[0.0,-1.24884]},"A4s":{"weight":1.0,"played":[1.0,0.0],"evs":[0.0,-1.14118]},"A5s":{"weight":1.0,"played":[1.0,0.0],"evs":[0.0,-1.01612]},"A6s":{"weight":1.0,"played":[1.0,0.0],"evs":[0.0,-1.12759]},"A7s":{"weight":1.0,"played":[1.0,0.0],"evs":[0.0,-1.00806]},"A8s":{"weight":1.0,"played":[1.0,0.0],"evs":[0.0,-0.82955]},"A9s":{"weight":1.0,"played":[1.0,0.0],"evs":[0.0,-0.57344]},"ATs":{"weight":1.0,"played":[0.003,0.997],"evs":[0.0,0.02687]},"AJs":{"weight":1.0,"played":[0.0,1.0],"evs":[0.0,0.58979]},"AQs":{"weight":1.0,"played":[0.0,1.0],"evs":[0.0,1.17132]},"AKs":{"weight":1.0,"played":[0.0,1.0],"evs":[0.0,1.77732]},"AA":{"weight":1.0,"played":[0.0,1.0],"evs":[0.0,6.13217]}}}