{"player":6,"street":0,"children":2,"sequence":[{"player":0,"type":"F","amount":0,"street":0},{"player":1,"type":"F","amount":0,"street":0},{"player":2,"type":"F","amount":0,"street":0},{"player":3,"type":"F","amount":0,"street":0},{"player":4,"type":"R","amount":22240000,"street":0},{"player":5,"type":"F","amount":0,"street":0}],"actions":[{"type":"F","amount":0},{"type":"C","amount":19040000}],"hands":{"22":{"weight":1.0,"played":[1.0,0.0],"evs":[0.0,-0.9603]},"32o":{"weight":1.0,"played":[1.0,0.0],"evs":[0.0,-4.31332]},"42o":{"weight":1.0,"played":[1.0,0.0],"evs":[0.0,-4.20835]},"52o":{"weight":1.0,"played":[1.0,0.0],"evs":[0.0,-4.07902]},"62o":{"weight":1.0,"played":[1.0,0.0],"evs":[0.0,-4.14512]},"72o":{"weight":1.0,"played":[1.0,0.0],"evs":[0.0,-4.03799]},"82o":{"weight":1.0,"played":[1.0,0.0],"evs":[0.0,-3.70771]},"92o":{"weight":1.0,"played":[1.0,0.0],"evs":[0.0,-3.38743]},"T2o":{"weight":1.0,"played":[1.0,0.0],"evs":[0.0,-2.96517]},"J2o":{"weight":1.0,"played":[1.0,0.0],"evs":[0.0,-2.50519]},"Q2o":{"weight":1.0,"played":[1.0,0.0],"evs":[0.0,-1.85375]},"K2o":{"weight":1.0,"played":[1.0,0.0],"evs":[0.0,-0.99702]},"A2o":{"weight":1.0,"played":[0.0,1.0],"evs":[0.0,0.1579]},"32s":{"weight":1.0,"played":[1.0,0.0],"evs":[0.0,-3.58348]},"33":{"weight":1.0,"played":[1.0,0.0],"evs":[0.0,-0.57166]},"43o":{"weight":1.0,"played":[1.0,0.0],"evs":[0.0,-3.90491]},"53o":{"weight":1.0,"played":[1.0,0.0],"evs":[0.0,-3.75862]},"63o":{"weight":1.0,"played":[1.0,0.0],"evs":[0.0,-3.83519]},"73o":{"weight":1.0,"played":[1.0,0.0],"evs":[0.0,-3.73251]},"83o":{"weight":1.0,"played":[1.0,0.0],"evs":[0.0,-3.62714]},"93o":{"weight":1.0,"played":[1.0,0.0],"evs":[0.0,-3.25937]},"T3o":{"weight":1.0,"played":[1.0,0.0],"evs":[0.0,-2.83599]},"J3o":{"weight":1.0,"played":[1.0,0.0],"evs":[0.0,-2.36686]},"Q3o":{"weight":1.0,"played":[1.0,0.0],"evs":[0.0,-1.72979]},"K3o":{"weight":1.0,"played":[1.0,0.0],"evs":[0.0,-0.86844]},"A3o":{"weight":1.0,"played":[0.0,1.0],"evs":[0.0,0.26368]},"42s":{"weight":1.0,"played":[1.0,0.0],"evs":[0.0,-3.51169]},"43s":{"weight":1.0,"played":[1.0,0.0],"evs":[0.0,-3.22576]},"44":{"weight":1.0,"played":[1.0,0.0],"evs":[0.0,-0.18717]},"54o":{"weight":1.0,"played":[1.0,0.0],"evs":[0.0,-3.49619]},"64o":{"weight":1.0,"played":[1.0,0.0],"evs":[0.0,-3.55942]},"74o":{"weight":1.0,"played":[1.0,0.0],"evs":[0.0,-3.44758]},"84o":{"weight":1.0,"played":[1.0,0.0],"evs":[0.0,-3.33162]},"94o":{"weight":1.0,"played":[1.0,0.0],"evs":[0.0,-3.20697]},"T4o":{"weight":1.0,"played":[1.0,0.0],"evs":[0.0,-2.72361]},"J4o":{"weight":1.0,"played":[1.0,0.0],"evs":[0.0,-2.23229]},"Q4o":{"weight":1.0,"played":[1.0,0.0],"evs":[0.0,-1.57771]},"K4o":{"weight":1.0,"played":[1.0,0.0],"evs":[0.0,-0.7192]},"A4o":{"weight":1.0,"played":[0.0,1.0],"evs":[0.0,0.43339]},"52s":{"weight":1.0,"played":[1.0,0.0],"evs":[0.0,-3.36488]},"53s":{"weight":1.0,"played":[1.0,0.0],"evs":[0.0,-3.07628]},"54s":{"weight":1.0,"played":[1.0,0.0],"evs":[0.0,-2.8279]},"55":{"weight":1.0,"played":[0.0,1.0],"evs":[0.0,0.3455]},"65o":{"weight":1.0,"played":[1.0,0.0],"evs":[0.0,-3.25037]},"75o":{"weight":1.0,"played":[1.0,0.0],"evs":[0.0,-3.1376]},"85o":{"weight":1.0,"played":[1.0,0.0],"evs":[0.0,-2.99937]},"95o":{"weight":1.0,"played":[1.0,0.0],"evs":[0.0,-2.83268]},"T5o":{"weight":1.0,"played":[1.0,0.0],"evs":[0.0,-2.57695]},"J5o":{"weight":1.0,"played":[1.0,0.0],"evs":[0.0,-2.0301]},"Q5o":{"weight":1.0,"played":[1.0,0.0],"evs":[0.0,-1.35348]},"K5o":{"weight":1.0,"played":[1.0,0.0],"evs":[0.0,-0.50463]},"A5o":{"weight":1.0,"played":[0.0,1.0],"evs":[0.0,0.64842]},"62s":{"weight":1.0,"played":[1.0,0.0],"evs":[0.0,-3.44688]},"63s":{"weight":1.0,"played":[1.0,0.0],"evs":[0.0,-3.179]},"64s":{"weight":1.0,"played":[1.0,0.0],"evs":[0.0,-2.88864]},"65s":{"weight":1.0,"played":[1.0,0.0],"evs":[0.0,-2.60612]},"66":{"weight":1.0,"played":[0.0,1.0],"evs":[0.0,0.93696]},"76o":{"weight":1.0,"played":[1.0,0.0],"evs":[0.0,-2.77925]},"86o":{"weight":1.0,"played":[1.0,0.0],"evs":[0.0,-2.66532]},"96o":{"weight":1.0,"played":[1.0,0.0],"evs":[0.0,-2.47563]},"T6o":{"weight":1.0,"played":[1.0,0.0],"evs":[0.0,-2.20589]},"J6o":{"weight":1.0,"played":[1.0,0.0],"evs":[0.0,-1.87657]},"Q6o":{"weight":1.0,"played":[1.0,0.0],"evs":[0.0,-1.15038]},"K6o":{"weight":1.0,"played":[1.0,0.0],"evs":[0.0,-0.28787]},"A6o":{"weight":1.0,"played":[0.0,1.0],"evs":[0.0,0.72291]},"72s":{"weight":1.0,"played":[1.0,0.0],"evs":[0.0,-3.35138]},"73s":{"weight":1.0,"played":[1.0,0.0],"evs":[0.0,-3.04942]},"74s":{"weight":1.0,"played":[1.0,0.0],"evs":[0.0,-2.77652]},"75s":{"weight":1.0,"played":[1.0,0.0],"evs":[0.0,-2.50577]},"76s":{"weight":1.0,"played":[1.0,0.0],"evs":[0.0,-2.1696]},"77":{"weight":1.0,"played":[0.0,1.0],"evs":[0.0,1.56525]},"87o":{"weight":1.0,"played":[1.0,0.0],"evs":[0.0,-2.27901]},"97o":{"weight":1.0,"played":[1.0,0.0],"evs":[0.0,-2.0871]},"T7o":{"weight":1.0,"played":[1.0,0.0],"evs":[0.0,-1.81958]},"J7o":{"weight":1.0,"played":[1.0,0.0],"evs":[0.0,-1.49386]},"Q7o":{"weight":1.0,"played":[1.0,0.0],"evs":[0.0,-0.9726]},"K7o":{"weight":1.0,"played":[0.9998,2.0E-4],"evs":[0.0,-0.07663]},"A7o":{"weight":1.0,"played":[0.0,1.0],"evs":[0.0,0.9628]},"82s":{"weight":1.0,"played":[1.0,0.0],"evs":[0.0,-3.02216]},"83s":{"weight":1.0,"played":[1.0,0.0],"evs":[0.0,-2.94917]},"84s":{"weight":1.0,"played":[1.0,0.0],"evs":[0.0,-2.67861]},"85s":{"weight":1.0,"played":[1.0,0.0],"evs":[0.0,-2.38093]},"86s":{"weight":1.0,"played":[1.0,0.0],"evs":[0.0,-2.03896]},"87s":{"weight":1.0,"played":[1.0,0.0],"evs":[0.0,-1.68652]},"88":{"weight":1.0,"played":[0.0,1.0],"evs":[0.0,2.10319]},"98o":{"weight":1.0,"played":[1.0,0.0],"evs":[0.0,-1.75612]},"T8o":{"weight":1.0,"played":[1.0,0.0],"evs":[0.0,-1.44502]},"J8o":{"weight":1.0,"played":[1.0,0.0],"evs":[0.0,-1.10834]},"Q8o":{"weight":1.0,"played":[1.0,0.0],"evs":[0.0,-0.59082]},"K8o":{"weight":1.0,"played":[1.0E-4,0.9999],"evs":[0.0,0.10416]},"A8o":{"weight":1.0,"played":[0.0,1.0],"evs":[0.0,1.18427]},"92s":{"weight":1.0,"played":[1.0,0.0],"evs":[0.0,-2.7536]},"93s":{"weight":1.0,"played":[1.0,0.0],"evs":[0.0,-2.61688]},"94s":{"weight":1.0,"played":[1.0,0.0],"evs":[0.0,-2.57115]},"95s":{"weight":1.0,"played":[1.0,0.0],"evs":[0.0,-2.21355]},"96s":{"weight":1.0,"played":[1.0,0.0],"evs":[0.0,-1.87854]},"97s":{"weight":1.0,"played":[1.0,0.0],"evs":[0.0,-1.52557]},"98s":{"weight":1.0,"played":[1.0,0.0],"evs":[0.0,-1.19797]},"99":{"weight":1.0,"played":[0.0,1.0],"evs":[0.0,2.68718]},"T9o":{"weight":1.0,"played":[1.0,0.0],"evs":[0.0,-1.08862]},"J9o":{"weight":1.0,"played":[1.0,0.0],"evs":[0.0,-0.73831]},"Q9o":{"weight":1.0,"played":[1.0,0.0],"evs":[0.0,-0.21061]},"K9o":{"weight":1.0,"played":[0.0,1.0],"evs":[0.0,0.47473]},"A9o":{"weight":1.0,"played":[0.0,1.0],"evs":[0.0,1.37944]},"T2s":{"weight":1.0,"played":[1.0,0.0],"evs":[0.0,-2.30855]},"T3s":{"weight":1.0,"played":[1.0,0.0],"evs":[0.0,-2.2181]},"T4s":{"weight":1.0,"played":[1.0,0.0],"evs":[0.0,-2.11086]},"T5s":{"weight":1.0,"played":[1.0,0.0],"evs":[0.0,-1.98285]},"T6s":{"weight":1.0,"played":[1.0,0.0],"evs":[0.0,-1.62494]},"T7s":{"weight":1.0,"played":[1.0,0.0],"evs":[0.0,-1.29191]},"T8s":{"weight":1.0,"played":[1.0,0.0],"evs":[0.0,-0.92652]},"T9s":{"weight":1.0,"played":[1.0,0.0],"evs":[0.0,-0.58693]},"TT":{"weight":1.0,"played":[0.0,1.0],"evs":[0.0,3.31553]},"JTo":{"weight":1.0,"played":[1.0,0.0],"evs":[0.0,-0.24141]},"QTo":{"weight":1.0,"played":[0.0,1.0],"evs":[0.0,0.25505]},"KTo":{"weight":1.0,"played":[0.0,1.0],"evs":[0.0,0.92194]},"ATo":{"weight":1.0,"played":[0.0,1.0],"evs":[0.0,1.84522]},"J2s":{"weight":1.0,"played":[1.0,0.0],"evs":[0.0,-1.8698]},"J3s":{"weight":1.0,"played":[1.0,0.0],"evs":[0.0,-1.75741]},"J4s":{"weight":1.0,"played":[1.0,0.0],"evs":[0.0,-1.65405]},"J5s":{"weight":1.0,"played":[1.0,0.0],"evs":[0.0,-1.45724]},"J6s":{"weight":1.0,"played":[1.0,0.0],"evs":[0.0,-1.31906]},"J7s":{"weight":1.0,"played":[1.0,0.0],"evs":[0.0,-0.94665]},"J8s":{"weight":1.0,"played":[1.0,0.0],"evs":[0.0,-0.60281]},"J9s":{"weight":1.0,"played":[1.0,0.0],"evs":[0.0,-0.2769]},"JTs":{"weight":1.0,"played":[0.0,1.0],"evs":[0.0,0.16587]},"JJ":{"weight":1.0,"played":[0.0,1.0],"evs":[0.0,3.79683]},"QJo":{"weight":1.0,"played":[0.0,1.0],"evs":[0.0,0.4498]},"KJo":{"weight":1.0,"played":[0.0,1.0],"evs":[0.0,1.13324]},"AJo":{"weight":1.0,"played":[0.0,1.0],"evs":[0.0,2.06825]},"Q2s":{"weight":1.0,"played":[1.0,0.0],"evs":[0.0,-1.26298]},"Q3s":{"weight":1.0,"played":[1.0,0.0],"evs":[0.0,-1.14965]},"Q4s":{"weight":1.0,"played":[1.0,0.0],"evs":[0.0,-1.02002]},"Q5s":{"weight":1.0,"played":[1.0,0.0],"evs":[0.0,-0.81086]},"Q6s":{"weight":1.0,"played":[1.0,0.0],"evs":[0.0,-0.63256]},"Q7s":{"weight":1.0,"played":[1.0,0.0],"evs":[0.0,-0.45884]},"Q8s":{"weight":1.0,"played":[0.9999,1.0E-4],"evs":[0.0,-0.11786]},"Q9s":{"weight":1.0,"played":[0.0,1.0],"evs":[0.0,0.25604]},"QTs":{"weight":1.0,"played":[0.0,1.0],"evs":[0.0,0.67536]},"QJs":{"weight":1.0,"played":[0.0,1.0],"evs":[0.0,0.88179]},"QQ":{"weight":1.0,"played":[0.0,1.0],"evs":[0.0,4.39387]},"KQo":{"weight":1.0,"played":[0.0,1.0],"evs":[0.0,1.3776]},"AQo":{"weight":1.0,"played":[0.0,1.0],"evs":[0.0,2.34523]},"K2s":{"weight":1.0,"played":[1.0,0.0],"evs":[0.0,-0.46987]},"K3s":{"weight":1.0,"played":[1.0,0.0],"evs":[0.0,-0.35476]},"K4s":{"weight":1.0,"played":[1.0,0.0],"evs":[0.0,-0.21786]},"K5s":{"weight":1.0,"played":[0.826,0.174],"evs":[0.0,-0.00895]},"K6s":{"weight":1.0,"played":[0.0,1.0],"evs":[0.0,0.18147]},"K7s":{"weight":1.0,"played":[0.0,1.0],"evs":[0.0,0.35888]},"K8s":{"weight":1.0,"played":[0.0,1.0],"evs":[0.0,0.55723]},"K9s":{"weight":1.0,"played":[0.0,1.0],"evs":[0.0,0.9104]},"KTs":{"weight":1.0,"played":[0.0,1.0],"evs":[0.0,1.30832]},"KJs":{"weight":1.0,"played":[0.0,1.0],"evs":[0.0,1.5235]},"KQs":{"weight":1.0,"played":[0.0,1.0],"evs":[0.0,1.74333]},"KK":{"weight":1.0,"played":[0.0,1.0],"evs":[0.0,5.06928]},"AKo":{"weight":1.0,"played":[0.0,1.0],"evs":[0.0,2.66826]},"A2s":{"weight":1.0,"played":[0.0,1.0],"evs":[0.0,0.64145]},"A3s":{"weight":1.0,"played":[0.0,1.0],"evs":[0.0,0.75489]},"A4s":{"weight":1.0,"played":[0.0,1.0],"evs":[0.0,0.85681]},"A5s":{"weight":1.0,"played":[0.0,1.0],"evs":[0.0,1.0742]},"A6s":{"weight":1.0,"played":[0.0,1.0],"evs":[0.0,1.14435]},"A7s":{"weight":1.0,"played":[0.0,1.0],"evs":[0.0,1.35417]},"A8s":{"weight":1.0,"played":[0.0,1.0],"evs":[0.0,1.583]},"A9s":{"weight":1.0,"played":[0.0,1.0],"evs":[0.0,1.75959]},"ATs":{"weight":1.0,"played":[0.0,1.0],"evs":[0.0,2.17575]},"AJs":{"weight":1.0,"played":[0.0,1.0],"evs":[0.0,2.38385]},"AQs":{"weight":1.0,"played":[0.0,1.0],"evs":[0.0,2.64477]},"AKs":{"weight":1.0,"played":[0.0,1.0],"evs":[0.0,2.95182]},"AA":{"weight":1.0,"played":[0.0,1.0],"evs":[0.0,5.93449]}}}