{"player":6,"street":0,"children":2,"sequence":[{"player":0,"type":"F","amount":0,"street":0},{"player":1,"type":"R","amount":7840000,"street":0},{"player":2,"type":"F","amount":0,"street":0},{"player":3,"type":"C","amount":7840000,"street":0},{"player":4,"type":"F","amount":0,"street":0},{"player":5,"type":"R","amount":12960000,"street":0}],"actions":[{"type":"F","amount":0,"node":82},{"type":"R","amount":22240000,"node":83}],"hands":{"22":{"weight":1.0,"played":[0.9999,1.0E-4],"evs":[0.0,-1.85867]},"32o":{"weight":1.0,"played":[1.0,0.0],"evs":[0.0,-3.399]},"42o":{"weight":1.0,"played":[1.0,0.0],"evs":[0.0,-3.04942]},"52o":{"weight":1.0,"played":[1.0,0.0],"evs":[0.0,-2.9345]},"62o":{"weight":1.0,"played":[1.0,0.0],"evs":[0.0,-3.15668]},"72o":{"weight":1.0,"played":[1.0,0.0],"evs":[0.0,-3.43372]},"82o":{"weight":1.0,"played":[1.0,0.0],"evs":[0.0,-3.42289]},"92o":{"weight":1.0,"played":[1.0,0.0],"evs":[0.0,-3.30295]},"T2o":{"weight":1.0,"played":[1.0,0.0],"evs":[0.0,-3.5351]},"J2o":{"weight":1.0,"played":[1.0,0.0],"evs":[0.0,-3.60635]},"Q2o":{"weight":1.0,"played":[1.0,0.0],"evs":[0.0,-3.13624]},"K2o":{"weight":1.0,"played":[1.0,0.0],"evs":[0.0,-3.04968]},"A2o":{"weight":1.0,"played":[1.0,0.0],"evs":[0.0,-2.61212]},"32s":{"weight":1.0,"played":[1.0,0.0],"evs":[0.0,-2.47371]},"33":{"weight":1.0,"played":[0.9999,1.0E-4],"evs":[0.0,-1.32935]},"43o":{"weight":1.0,"played":[1.0,0.0],"evs":[0.0,-2.72272]},"53o":{"weight":1.0,"played":[1.0,0.0],"evs":[0.0,-2.56668]},"63o":{"weight":1.0,"played":[1.0,0.0],"evs":[0.0,-2.84217]},"73o":{"weight":1.0,"played":[1.0,0.0],"evs":[0.0,-2.94243]},"83o":{"weight":1.0,"played":[1.0,0.0],"evs":[0.0,-3.23234]},"93o":{"weight":1.0,"played":[1.0,0.0],"evs":[0.0,-3.14488]},"T3o":{"weight":1.0,"played":[1.0,0.0],"evs":[0.0,-3.16064]},"J3o":{"weight":1.0,"played":[1.0,0.0],"evs":[0.0,-3.25351]},"Q3o":{"weight":1.0,"played":[1.0,0.0],"evs":[0.0,-2.96335]},"K3o":{"weight":1.0,"played":[1.0,0.0],"evs":[0.0,-2.6229]},"A3o":{"weight":1.0,"played":[1.0,0.0],"evs":[0.0,-2.45925]},"42s":{"weight":1.0,"played":[1.0,0.0],"evs":[0.0,-2.39477]},"43s":{"weight":1.0,"played":[1.0,0.0],"evs":[0.0,-1.97049]},"44":{"weight":1.0,"played":[1.0,0.0],"evs":[0.0,-1.03923]},"54o":{"weight":1.0,"played":[1.0,0.0],"evs":[0.0,-2.27753]},"64o":{"weight":1.0,"played":[1.0,0.0],"evs":[0.0,-2.29005]},"74o":{"weight":1.0,"played":[1.0,0.0],"evs":[0.0,-2.61061]},"84o":{"weight":1.0,"played":[1.0,0.0],"evs":[0.0,-2.9275]},"94o":{"weight":1.0,"played":[1.0,0.0],"evs":[0.0,-3.03213]},"T4o":{"weight":1.0,"played":[1.0,0.0],"evs":[0.0,-3.20563]},"J4o":{"weight":1.0,"played":[1.0,0.0],"evs":[0.0,-3.27198]},"Q4o":{"weight":1.0,"played":[1.0,0.0],"evs":[0.0,-2.90363]},"K4o":{"weight":1.0,"played":[1.0,0.0],"evs":[0.0,-2.69356]},"A4o":{"weight":1.0,"played":[1.0,0.0],"evs":[0.0,-2.27533]},"52s":{"weight":1.0,"played":[1.0,0.0],"evs":[0.0,-2.04264]},"53s":{"weight":1.0,"played":[0.9999,1.0E-4],"evs":[0.0,-1.86763]},"54s":{"weight":1.0,"played":[1.0,0.0],"evs":[0.0,-1.29532]},"55":{"weight":1.0,"played":[0.9993,7.0E-4],"evs":[0.0,-0.40998]},"65o":{"weight":1.0,"played":[1.0,0.0],"evs":[0.0,-2.00672]},"75o":{"weight":1.0,"played":[1.0,0.0],"evs":[0.0,-2.31335]},"85o":{"weight":1.0,"played":[1.0,0.0],"evs":[0.0,-2.34348]},"95o":{"weight":1.0,"played":[1.0,0.0],"evs":[0.0,-2.70432]},"T5o":{"weight":1.0,"played":[1.0,0.0],"evs":[0.0,-3.1112]},"J5o":{"weight":1.0,"played":[1.0,0.0],"evs":[0.0,-2.86124]},"Q5o":{"weight":1.0,"played":[1.0,0.0],"evs":[0.0,-2.66503]},"K5o":{"weight":1.0,"played":[1.0,0.0],"evs":[0.0,-2.53616]},"A5o":{"weight":1.0,"played":[1.0,0.0],"evs":[0.0,-2.18798]},"62s":{"weight":1.0,"played":[1.0,0.0],"evs":[0.0,-2.81358]},"63s":{"weight":1.0,"played":[1.0,0.0],"evs":[0.0,-2.21671]},"64s":{"weight":1.0,"played":[0.9998,2.0E-4],"evs":[0.0,-1.59953]},"65s":{"weight":1.0,"played":[1.0,0.0],"evs":[0.0,-1.32135]},"66":{"weight":1.0,"played":[0.9956,0.0044],"evs":[0.0,-0.35067]},"76o":{"weight":1.0,"played":[1.0,0.0],"evs":[0.0,-1.9522]},"86o":{"weight":1.0,"played":[1.0,0.0],"evs":[0.0,-2.21799]},"96o":{"weight":1.0,"played":[1.0,0.0],"evs":[0.0,-2.49159]},"T6o":{"weight":1.0,"played":[1.0,0.0],"evs":[0.0,-2.75594]},"J6o":{"weight":1.0,"played":[1.0,0.0],"evs":[0.0,-3.05018]},"Q6o":{"weight":1.0,"played":[1.0,0.0],"evs":[0.0,-2.72519]},"K6o":{"weight":1.0,"played":[1.0,0.0],"evs":[0.0,-2.32292]},"A6o":{"weight":1.0,"played":[1.0,0.0],"evs":[0.0,-2.38221]},"72s":{"weight":1.0,"played":[1.0,0.0],"evs":[0.0,-2.77981]},"73s":{"weight":1.0,"played":[1.0,0.0],"evs":[0.0,-2.28409]},"74s":{"weight":1.0,"played":[1.0,0.0],"evs":[0.0,-2.0183]},"75s":{"weight":1.0,"played":[0.9999,1.0E-4],"evs":[0.0,-1.65446]},"76s":{"weight":1.0,"played":[1.0,0.0],"evs":[0.0,-1.10458]},"77":{"weight":1.0,"played":[0.0031,0.9969],"evs":[0.0,0.18746]},"87o":{"weight":1.0,"played":[1.0,0.0],"evs":[0.0,-1.9738]},"97o":{"weight":1.0,"played":[1.0,0.0],"evs":[0.0,-2.09305]},"T7o":{"weight":1.0,"played":[1.0,0.0],"evs":[0.0,-2.37803]},"J7o":{"weight":1.0,"played":[1.0,0.0],"evs":[0.0,-2.80381]},"Q7o":{"weight":1.0,"played":[1.0,0.0],"evs":[0.0,-2.66888]},"K7o":{"weight":1.0,"played":[1.0,0.0],"evs":[0.0,-2.44109]},"A7o":{"weight":1.0,"played":[1.0,0.0],"evs":[0.0,-2.04764]},"82s":{"weight":1.0,"played":[1.0,0.0],"evs":[0.0,-2.57948]},"83s":{"weight":1.0,"played":[1.0,0.0],"evs":[0.0,-2.23035]},"84s":{"weight":1.0,"played":[0.9999,1.0E-4],"evs":[0.0,-2.12932]},"85s":{"weight":1.0,"played":[1.0,0.0],"evs":[0.0,-1.72805]},"86s":{"weight":1.0,"played":[0.9996,4.0E-4],"evs":[0.0,-1.63922]},"87s":{"weight":1.0,"played":[1.0,0.0],"evs":[0.0,-1.39258]},"88":{"weight":1.0,"played":[2.0E-4,0.9998],"evs":[0.0,0.56949]},"98o":{"weight":1.0,"played":[1.0,0.0],"evs":[0.0,-1.88521]},"T8o":{"weight":1.0,"played":[1.0,0.0],"evs":[0.0,-2.27415]},"J8o":{"weight":1.0,"played":[1.0,0.0],"evs":[0.0,-2.36802]},"Q8o":{"weight":1.0,"played":[1.0,0.0],"evs":[0.0,-2.27181]},"K8o":{"weight":1.0,"played":[1.0,0.0],"evs":[0.0,-2.37753]},"A8o":{"weight":1.0,"played":[1.0,0.0],"evs":[0.0,-1.97316]},"92s":{"weight":1.0,"played":[1.0,0.0],"evs":[0.0,-2.47203]},"93s":{"weight":1.0,"played":[1.0,0.0],"evs":[0.0,-2.47229]},"94s":{"weight":1.0,"played":[1.0,0.0],"evs":[0.0,-2.40797]},"95s":{"weight":1.0,"played":[1.0,0.0],"evs":[0.0,-1.96787]},"96s":{"weight":1.0,"played":[1.0,0.0],"evs":[0.0,-1.87496]},"97s":{"weight":1.0,"played":[1.0,0.0],"evs":[0.0,-1.55422]},"98s":{"weight":1.0,"played":[1.0,0.0],"evs":[0.0,-1.40214]},"99":{"weight":1.0,"played":[2.0E-4,0.9998],"evs":[0.0,1.12929]},"T9o":{"weight":1.0,"played":[1.0,0.0],"evs":[0.0,-1.98304]},"J9o":{"weight":1.0,"played":[1.0,0.0],"evs":[0.0,-2.19678]},"Q9o":{"weight":1.0,"played":[1.0,0.0],"evs":[0.0,-2.26041]},"K9o":{"weight":1.0,"played":[1.0,0.0],"evs":[0.0,-2.03938]},"A9o":{"weight":1.0,"played":[1.0,0.0],"evs":[0.0,-1.91413]},"T2s":{"weight":1.0,"played":[1.0,0.0],"evs":[0.0,-2.48405]},"T3s":{"weight":1.0,"played":[1.0,0.0],"evs":[0.0,-2.38086]},"T4s":{"weight":1.0,"played":[1.0,0.0],"evs":[0.0,-2.26983]},"T5s":{"weight":1.0,"played":[1.0,0.0],"evs":[0.0,-2.24241]},"T6s":{"weight":1.0,"played":[1.0,0.0],"evs":[0.0,-2.0258]},"T7s":{"weight":1.0,"played":[0.9998,2.0E-4],"evs":[0.0,-1.48914]},"T8s":{"weight":1.0,"played":[1.0,0.0],"evs":[0.0,-1.43392]},"T9s":{"weight":1.0,"played":[1.0,0.0],"evs":[0.0,-1.286]},"TT":{"weight":1.0,"played":[0.0,1.0],"evs":[0.0,1.55157]},"JTo":{"weight":1.0,"played":[1.0,0.0],"evs":[0.0,-2.01547]},"QTo":{"weight":1.0,"played":[1.0,0.0],"evs":[0.0,-1.91116]},"KTo":{"weight":1.0,"played":[1.0,0.0],"evs":[0.0,-1.6847]},"ATo":{"weight":1.0,"played":[1.0,0.0],"evs":[0.0,-1.50147]},"J2s":{"weight":1.0,"played":[1.0,0.0],"evs":[0.0,-2.71508]},"J3s":{"weight":1.0,"played":[1.0,0.0],"evs":[0.0,-2.4342]},"J4s":{"weight":1.0,"played":[1.0,0.0],"evs":[0.0,-2.11584]},"J5s":{"weight":1.0,"played":[1.0,0.0],"evs":[0.0,-2.19423]},"J6s":{"weight":1.0,"played":[1.0,0.0],"evs":[0.0,-2.25908]},"J7s":{"weight":1.0,"played":[1.0,0.0],"evs":[0.0,-1.86762]},"J8s":{"weight":1.0,"played":[0.9999,1.0E-4],"evs":[0.0,-1.91325]},"J9s":{"weight":1.0,"played":[1.0,0.0],"evs":[0.0,-1.32241]},"JTs":{"weight":1.0,"played":[1.0,0.0],"evs":[0.0,-1.01611]},"JJ":{"weight":1.0,"played":[0.0,1.0],"evs":[0.0,2.45466]},"QJo":{"weight":1.0,"played":[1.0,0.0],"evs":[0.0,-1.62385]},"KJo":{"weight":1.0,"played":[1.0,0.0],"evs":[0.0,-1.47967]},"AJo":{"weight":1.0,"played":[0.9999,1.0E-4],"evs":[0.0,-0.93041]},"Q2s":{"weight":1.0,"played":[1.0,0.0],"evs":[0.0,-2.14673]},"Q3s":{"weight":1.0,"played":[1.0,0.0],"evs":[0.0,-2.30753]},"Q4s":{"weight":1.0,"played":[0.9999,1.0E-4],"evs":[0.0,-2.00731]},"Q5s":{"weight":1.0,"played":[0.9999,1.0E-4],"evs":[0.0,-1.97817]},"Q6s":{"weight":1.0,"played":[1.0,0.0],"evs":[0.0,-1.86585]},"Q7s":{"weight":1.0,"played":[1.0,0.0],"evs":[0.0,-1.60629]},"Q8s":{"weight":1.0,"played":[1.0,0.0],"evs":[0.0,-1.75619]},"Q9s":{"weight":1.0,"played":[1.0,0.0],"evs":[0.0,-1.12798]},"QTs":{"weight":1.0,"played":[0.9999,1.0E-4],"evs":[0.0,-1.07314]},"QJs":{"weight":1.0,"played":[1.0,0.0],"evs":[0.0,-0.91295]},"QQ":{"weight":1.0,"played":[0.0,1.0],"evs":[0.0,3.90677]},"KQo":{"weight":1.0,"played":[1.0,0.0],"evs":[0.0,-0.71346]},"AQo":{"weight":1.0,"played":[0.9978,0.0022],"evs":[0.0,-0.2985]},"K2s":{"weight":1.0,"played":[1.0,0.0],"evs":[0.0,-2.0997]},"K3s":{"weight":1.0,"played":[1.0,0.0],"evs":[0.0,-2.08605]},"K4s":{"weight":1.0,"played":[1.0,0.0],"evs":[0.0,-1.65658]},"K5s":{"weight":1.0,"played":[0.9999,1.0E-4],"evs":[0.0,-1.67998]},"K6s":{"weight":1.0,"played":[1.0,0.0],"evs":[0.0,-1.44431]},"K7s":{"weight":1.0,"played":[1.0,0.0],"evs":[0.0,-1.65427]},"K8s":{"weight":1.0,"played":[0.9999,1.0E-4],"evs":[0.0,-1.56628]},"K9s":{"weight":1.0,"played":[1.0,0.0],"evs":[0.0,-1.37328]},"KTs":{"weight":1.0,"played":[1.0,0.0],"evs":[0.0,-1.20198]},"KJs":{"weight":1.0,"played":[0.999,0.001],"evs":[0.0,-0.53106]},"KQs":{"weight":1.0,"played":[0.4302,0.5698],"evs":[0.0,-0.03211]},"KK":{"weight":1.0,"played":[0.0,1.0],"evs":[0.0,5.76095]},"AKo":{"weight":1.0,"played":[0.0022,0.9978],"evs":[0.0,0.56332]},"A2s":{"weight":1.0,"played":[1.0,0.0],"evs":[0.0,-1.63996]},"A3s":{"weight":1.0,"played":[1.0,0.0],"evs":[0.0,-1.80644]},"A4s":{"weight":1.0,"played":[1.0,0.0],"evs":[0.0,-1.41978]},"A5s":{"weight":1.0,"played":[1.0,0.0],"evs":[0.0,-1.29459]},"A6s":{"weight":1.0,"played":[1.0,0.0],"evs":[0.0,-1.70167]},"A7s":{"weight":1.0,"played":[1.0,0.0],"evs":[0.0,-1.34606]},"A8s":{"weight":1.0,"played":[0.9999,1.0E-4],"evs":[0.0,-1.4151]},"A9s":{"weight":1.0,"played":[1.0,0.0],"evs":[0.0,-1.08368]},"ATs":{"weight":1.0,"played":[1.0,0.0],"evs":[0.0,-0.86702]},"AJs":{"weight":1.0,"played":[0.9449,0.0551],"evs":[0.0,-0.54347]},"AQs":{"weight":1.0,"played":[0.0095,0.9905],"evs":[0.0,0.2288]},"AKs":{"weight":1.0,"played":[0.0,1.0],"evs":[0.0,1.42471]},"AA":{"weight":1.0,"played":[0.0,1.0],"evs":[0.0,7.8502]}}}