{"player":3,"street":0,"children":2,"sequence":[{"player":0,"type":"F","amount":0,"street":0},{"player":1,"type":"R","amount":7840000,"street":0},{"player":2,"type":"F","amount":0,"street":0},{"player":3,"type":"C","amount":7840000,"street":0},{"player":4,"type":"F","amount":0,"street":0},{"player":5,"type":"R","amount":12960000,"street":0},{"player":6,"type":"F","amount":0,"street":0}],"actions":[{"type":"F","amount":0},{"type":"C","amount":5120000}],"hands":{"22":{"weight":0.9971,"played":[0.0,1.0],"evs":[0.0,1.84652]},"32o":{"weight":0.0,"played":[0.0,1.0],"evs":[0.0,0.83871]},"42o":{"weight":0.0,"played":[0.0,1.0],"evs":[0.0,0.88268]},"52o":{"weight":0.0,"played":[0.0,1.0],"evs":[0.0,0.92267]},"62o":{"weight":0.0,"played":[0.0,1.0],"evs":[0.0,0.80825]},"72o":{"weight":0.0,"played":[0.0,1.0],"evs":[0.0,0.69718]},"82o":{"weight":0.0,"played":[0.0,1.0],"evs":[0.0,0.73599]},"92o":{"weight":0.0,"played":[0.0,1.0],"evs":[0.0,0.82165]},"T2o":{"weight":0.0,"played":[0.0,1.0],"evs":[0.0,0.84775]},"J2o":{"weight":0.0,"played":[0.0,1.0],"evs":[0.0,0.79861]},"Q2o":{"weight":0.0,"played":[0.0,1.0],"evs":[0.0,0.97494]},"K2o":{"weight":0.0,"played":[0.0,1.0],"evs":[0.0,1.09702]},"A2o":{"weight":0.0,"played":[0.0,1.0],"evs":[0.0,0.90145]},"32s":{"weight":0.0,"played":[0.0,1.0],"evs":[0.0,1.2625]},"33":{"weight":0.6206,"played":[0.0,1.0],"evs":[0.0,1.8735]},"43o":{"weight":0.0,"played":[0.0,1.0],"evs":[0.0,1.05193]},"53o":{"weight":0.0,"played":[0.0,1.0],"evs":[0.0,1.12359]},"63o":{"weight":0.0,"played":[0.0,1.0],"evs":[0.0,0.99418]},"73o":{"weight":0.0,"played":[0.0,1.0],"evs":[0.0,0.84113]},"83o":{"weight":0.0,"played":[0.0,1.0],"evs":[0.0,0.73116]},"93o":{"weight":0.0,"played":[0.0,1.0],"evs":[0.0,0.84257]},"T3o":{"weight":0.0,"played":[0.0,1.0],"evs":[0.0,0.90718]},"J3o":{"weight":0.0,"played":[0.0,1.0],"evs":[0.0,0.85331]},"Q3o":{"weight":0.0,"played":[0.0,1.0],"evs":[0.0,1.02511]},"K3o":{"weight":0.0,"played":[0.0,1.0],"evs":[0.0,1.12954]},"A3o":{"weight":0.0,"played":[0.0,1.0],"evs":[0.0,0.95278]},"42s":{"weight":0.0,"played":[0.0,1.0],"evs":[0.0,1.34224]},"43s":{"weight":0.0,"played":[0.0,1.0],"evs":[0.0,1.49122]},"44":{"weight":0.8234,"played":[0.0,1.0],"evs":[0.0,1.97183]},"54o":{"weight":0.0,"played":[0.0,1.0],"evs":[0.0,1.26946]},"64o":{"weight":0.0,"played":[0.0,1.0],"evs":[0.0,1.14349]},"74o":{"weight":0.0,"played":[0.0,1.0],"evs":[0.0,0.9955]},"84o":{"weight":0.0,"played":[0.0,1.0],"evs":[0.0,0.92472]},"94o":{"weight":0.0,"played":[0.0,1.0],"evs":[0.0,0.85734]},"T4o":{"weight":0.0,"played":[0.0,1.0],"evs":[0.0,0.95861]},"J4o":{"weight":0.0,"played":[0.0,1.0],"evs":[0.0,0.9045]},"Q4o":{"weight":0.0,"played":[0.0,1.0],"evs":[0.0,1.05778]},"K4o":{"weight":0.0,"played":[0.0,1.0],"evs":[0.0,1.2032]},"A4o":{"weight":0.0,"played":[0.0,1.0],"evs":[0.0,1.02149]},"52s":{"weight":0.0,"played":[0.0,1.0],"evs":[0.0,1.39836]},"53s":{"weight":0.0,"played":[0.0,1.0],"evs":[0.0,1.48972]},"54s":{"weight":0.0,"played":[0.0,1.0],"evs":[0.0,1.63568]},"55":{"weight":0.5488,"played":[0.0,1.0],"evs":[0.0,2.06265]},"65o":{"weight":0.0,"played":[0.0,1.0],"evs":[0.0,1.30211]},"75o":{"weight":0.0,"played":[0.0,1.0],"evs":[0.0,1.19014]},"85o":{"weight":0.0,"played":[0.0,1.0],"evs":[0.0,1.13414]},"95o":{"weight":0.0,"played":[0.0,1.0],"evs":[0.0,1.03675]},"T5o":{"weight":0.0,"played":[0.0,1.0],"evs":[0.0,0.94615]},"J5o":{"weight":0.0,"played":[0.0,1.0],"evs":[0.0,0.96351]},"Q5o":{"weight":0.0,"played":[0.0,1.0],"evs":[0.0,1.10475]},"K5o":{"weight":0.0,"played":[0.0,1.0],"evs":[0.0,1.21586]},"A5o":{"weight":0.0,"played":[0.0,1.0],"evs":[0.0,1.05708]},"62s":{"weight":0.0,"played":[0.0,1.0],"evs":[0.0,1.22018]},"63s":{"weight":0.0,"played":[0.0,1.0],"evs":[0.0,1.43555]},"64s":{"weight":0.0,"played":[0.0,1.0],"evs":[0.0,1.57782]},"65s":{"weight":0.0,"played":[0.0,1.0],"evs":[0.0,1.68948]},"66":{"weight":0.225,"played":[0.0,1.0],"evs":[0.0,2.02244]},"76o":{"weight":0.0,"played":[0.0,1.0],"evs":[0.0,1.31923]},"86o":{"weight":0.0,"played":[0.0,1.0],"evs":[0.0,1.24557]},"96o":{"weight":0.0,"played":[0.0,1.0],"evs":[0.0,1.18647]},"T6o":{"weight":0.0,"played":[0.0,1.0],"evs":[0.0,1.13595]},"J6o":{"weight":0.0,"played":[0.0,1.0],"evs":[0.0,0.93743]},"Q6o":{"weight":0.0,"played":[0.0,1.0],"evs":[0.0,1.12292]},"K6o":{"weight":0.0,"played":[0.0,1.0],"evs":[0.0,1.24941]},"A6o":{"weight":0.0,"played":[0.0,1.0],"evs":[0.0,0.85928]},"72s":{"weight":0.0,"played":[0.0,1.0],"evs":[0.0,1.08532]},"73s":{"weight":0.0,"played":[0.0,1.0],"evs":[0.0,1.30488]},"74s":{"weight":0.0,"played":[0.0,1.0],"evs":[0.0,1.46458]},"75s":{"weight":0.0,"played":[0.0,1.0],"evs":[0.0,1.64273]},"76s":{"weight":0.0,"played":[0.0,1.0],"evs":[0.0,1.62743]},"77":{"weight":0.9038,"played":[0.0,1.0],"evs":[0.0,2.26248]},"87o":{"weight":0.0,"played":[0.0,1.0],"evs":[0.0,1.32968]},"97o":{"weight":0.0,"played":[0.0,1.0],"evs":[0.0,1.28067]},"T7o":{"weight":0.0,"played":[0.0,1.0],"evs":[0.0,1.20792]},"J7o":{"weight":0.0,"played":[0.0,1.0],"evs":[0.0,1.06183]},"Q7o":{"weight":0.0,"played":[0.0,1.0],"evs":[0.0,1.10272]},"K7o":{"weight":0.0,"played":[0.0,1.0],"evs":[0.0,1.25753]},"A7o":{"weight":0.0,"played":[0.0,1.0],"evs":[0.0,0.88413]},"82s":{"weight":0.0,"played":[0.0,1.0],"evs":[0.0,1.18026]},"83s":{"weight":0.0,"played":[0.0,1.0],"evs":[0.0,1.22082]},"84s":{"weight":0.0,"played":[0.0,1.0],"evs":[0.0,1.34723]},"85s":{"weight":0.0,"played":[0.0,1.0],"evs":[0.0,1.50113]},"86s":{"weight":0.0,"played":[0.0,1.0],"evs":[0.0,1.68612]},"87s":{"weight":0.0,"played":[0.0,1.0],"evs":[0.0,1.80452]},"88":{"weight":0.4098,"played":[0.0,1.0],"evs":[0.0,2.62383]},"98o":{"weight":0.0,"played":[0.0,1.0],"evs":[0.0,1.41833]},"T8o":{"weight":0.0,"played":[0.0,1.0],"evs":[0.0,1.39433]},"J8o":{"weight":0.0,"played":[0.0,1.0],"evs":[0.0,1.24406]},"Q8o":{"weight":0.0,"played":[0.0,1.0],"evs":[0.0,1.26983]},"K8o":{"weight":0.0,"played":[0.0,1.0],"evs":[0.0,1.29048]},"A8o":{"weight":1.0,"played":[0.0,1.0],"evs":[0.0,0.99675]},"92s":{"weight":0.0,"played":[0.0,1.0],"evs":[0.0,1.29539]},"93s":{"weight":0.0,"played":[0.0,1.0],"evs":[0.0,1.24456]},"94s":{"weight":0.0,"played":[0.0,1.0],"evs":[0.0,1.29887]},"95s":{"weight":0.0,"played":[0.0,1.0],"evs":[0.0,1.46741]},"96s":{"weight":0.0,"played":[0.0,1.0],"evs":[0.0,1.55376]},"97s":{"weight":0.0,"played":[0.0,1.0],"evs":[0.0,1.69794]},"98s":{"weight":0.0,"played":[0.0,1.0],"evs":[0.0,1.83077]},"99":{"weight":0.0,"played":[0.0,1.0],"evs":[0.0,3.00087]},"T9o":{"weight":0.0,"played":[0.0,1.0],"evs":[0.0,1.61584]},"J9o":{"weight":0.0,"played":[0.0,1.0],"evs":[0.0,1.42986]},"Q9o":{"weight":0.0,"played":[0.0,1.0],"evs":[0.0,1.44849]},"K9o":{"weight":0.0,"played":[0.0,1.0],"evs":[0.0,1.47565]},"A9o":{"weight":1.0,"played":[0.0,1.0],"evs":[0.0,1.10786]},"T2s":{"weight":0.0,"played":[0.0,1.0],"evs":[0.0,1.29308]},"T3s":{"weight":0.0,"played":[0.0,1.0],"evs":[0.0,1.33426]},"T4s":{"weight":0.0,"played":[0.0,1.0],"evs":[0.0,1.39509]},"T5s":{"weight":0.0,"played":[0.0,1.0],"evs":[0.0,1.4045]},"T6s":{"weight":0.0,"played":[0.0,1.0],"evs":[0.0,1.53112]},"T7s":{"weight":0.0,"played":[0.0,1.0],"evs":[0.0,1.65748]},"T8s":{"weight":0.0,"played":[0.0,1.0],"evs":[0.0,1.81128]},"T9s":{"weight":0.113,"played":[0.0,1.0],"evs":[0.0,1.92685]},"TT":{"weight":4.0E-4,"played":[0.0,1.0],"evs":[0.0,3.53195]},"JTo":{"weight":0.0,"played":[0.0,1.0],"evs":[0.0,1.65491]},"QTo":{"weight":0.0,"played":[0.0,1.0],"evs":[0.0,1.66397]},"KTo":{"weight":0.0,"played":[0.0,1.0],"evs":[0.0,1.65187]},"ATo":{"weight":0.5714,"played":[0.0,1.0],"evs":[0.0,1.37702]},"J2s":{"weight":0.0,"played":[0.0,1.0],"evs":[0.0,1.26784]},"J3s":{"weight":0.0,"played":[0.0,1.0],"evs":[0.0,1.29011]},"J4s":{"weight":0.0,"played":[0.0,1.0],"evs":[0.0,1.3027]},"J5s":{"weight":0.0,"played":[0.0,1.0],"evs":[0.0,1.43407]},"J6s":{"weight":0.0,"played":[0.0,1.0],"evs":[0.0,1.40885]},"J7s":{"weight":0.0,"played":[0.0,1.0],"evs":[0.0,1.56157]},"J8s":{"weight":0.0,"played":[0.0,1.0],"evs":[0.0,1.67618]},"J9s":{"weight":0.0,"played":[0.0,1.0],"evs":[0.0,1.85246]},"JTs":{"weight":0.9649,"played":[0.0,1.0],"evs":[0.0,2.01861]},"JJ":{"weight":0.8652,"played":[0.0,1.0],"evs":[0.0,4.06161]},"QJo":{"weight":0.0,"played":[0.0,1.0],"evs":[0.0,1.60483]},"KJo":{"weight":0.9325,"played":[0.0,1.0],"evs":[0.0,1.68709]},"AJo":{"weight":0.3315,"played":[0.0,1.0],"evs":[0.0,1.70957]},"Q2s":{"weight":0.0,"played":[0.0,1.0],"evs":[0.0,1.44597]},"Q3s":{"weight":0.0,"played":[0.0,1.0],"evs":[0.0,1.45846]},"Q4s":{"weight":0.0,"played":[0.0,1.0],"evs":[0.0,1.5045]},"Q5s":{"weight":0.0,"played":[0.0,1.0],"evs":[0.0,1.53236]},"Q6s":{"weight":0.0,"played":[0.0,1.0],"evs":[0.0,1.53753]},"Q7s":{"weight":0.0,"played":[0.0,1.0],"evs":[0.0,1.58296]},"Q8s":{"weight":0.0,"played":[0.0,1.0],"evs":[0.0,1.64665]},"Q9s":{"weight":2.0E-4,"played":[0.0,1.0],"evs":[0.0,1.87109]},"QTs":{"weight":0.9877,"played":[0.0,1.0],"evs":[0.0,2.06788]},"QJs":{"weight":0.9248,"played":[0.0,1.0],"evs":[0.0,2.01354]},"QQ":{"weight":1.0,"played":[0.0,1.0],"evs":[0.0,4.82756]},"KQo":{"weight":0.9844,"played":[0.0,1.0],"evs":[0.0,1.85437]},"AQo":{"weight":0.0825,"played":[0.0,1.0],"evs":[0.0,2.45856]},"K2s":{"weight":0.0,"played":[0.0,1.0],"evs":[0.0,1.56314]},"K3s":{"weight":0.0,"played":[0.0,1.0],"evs":[0.0,1.57938]},"K4s":{"weight":0.0,"played":[0.0,1.0],"evs":[0.0,1.6215]},"K5s":{"weight":0.0,"played":[0.0,1.0],"evs":[0.0,1.63269]},"K6s":{"weight":0.0,"played":[0.0,1.0],"evs":[0.0,1.71289]},"K7s":{"weight":0.0,"played":[0.0,1.0],"evs":[0.0,1.71347]},"K8s":{"weight":0.0,"played":[0.0,1.0],"evs":[0.0,1.7041]},"K9s":{"weight":0.0,"played":[0.0,1.0],"evs":[0.0,1.92271]},"KTs":{"weight":0.7826,"played":[0.0,1.0],"evs":[0.0,2.07996]},"KJs":{"weight":0.0022,"played":[0.0,1.0],"evs":[0.0,2.10563]},"KQs":{"weight":0.0024,"played":[0.0,1.0],"evs":[0.0,2.26909]},"KK":{"weight":1.0,"played":[0.0,1.0],"evs":[0.0,5.75419]},"AKo":{"weight":0.2903,"played":[0.0,1.0],"evs":[0.0,3.26465]},"A2s":{"weight":0.5457,"played":[0.0,1.0],"evs":[0.0,1.39205]},"A3s":{"weight":0.352,"played":[0.0,1.0],"evs":[0.0,1.42386]},"A4s":{"weight":0.639,"played":[0.0,1.0],"evs":[0.0,1.5402]},"A5s":{"weight":0.2597,"played":[0.0,1.0],"evs":[0.0,1.464]},"A6s":{"weight":0.979,"played":[0.0,1.0],"evs":[0.0,1.36385]},"A7s":{"weight":0.153,"played":[0.0,1.0],"evs":[0.0,1.35474]},"A8s":{"weight":0.0136,"played":[0.0,1.0],"evs":[0.0,1.44484]},"A9s":{"weight":0.0027,"played":[0.0,1.0],"evs":[0.0,1.56317]},"ATs":{"weight":0.0019,"played":[0.0,1.0],"evs":[0.0,1.88974]},"AJs":{"weight":0.0,"played":[0.0,1.0],"evs":[0.0,2.09011]},"AQs":{"weight":0.0,"played":[0.0,1.0],"evs":[0.0,2.806]},"AKs":{"weight":0.9939,"played":[0.0,1.0],"evs":[0.0,3.59114]},"AA":{"weight":1.0,"played":[0.0,1.0],"evs":[0.0,7.18807]}}}