{"player":3,"street":0,"children":2,"sequence":[{"player":0,"type":"F","amount":0,"street":0},{"player":1,"type":"R","amount":7840000,"street":0},{"player":2,"type":"F","amount":0,"street":0},{"player":3,"type":"C","amount":7840000,"street":0},{"player":4,"type":"F","amount":0,"street":0},{"player":5,"type":"R","amount":12960000,"street":0},{"player":6,"type":"R","amount":22240000,"street":0}],"actions":[{"type":"F","amount":0},{"type":"C","amount":14400000}],"hands":{"22":{"weight":0.9971,"played":[0.3212,0.6788],"evs":[0.0,0.09554]},"32o":{"weight":0.0,"played":[0.9977,0.0023],"evs":[0.0,-0.83801]},"42o":{"weight":0.0,"played":[0.9998,2.0E-4],"evs":[0.0,-0.90144]},"52o":{"weight":0.0,"played":[0.999,0.001],"evs":[0.0,-0.76777]},"62o":{"weight":0.0,"played":[0.9988,0.0012],"evs":[0.0,-1.11132]},"72o":{"weight":0.0,"played":[0.9993,7.0E-4],"evs":[0.0,-1.3488]},"82o":{"weight":0.0,"played":[1.0,0.0],"evs":[0.0,-1.30152]},"92o":{"weight":0.0,"played":[0.9977,0.0023],"evs":[0.0,-0.69052]},"T2o":{"weight":0.0,"played":[0.9978,0.0022],"evs":[0.0,-0.99473]},"J2o":{"weight":0.0,"played":[0.9991,9.0E-4],"evs":[0.0,-0.71105]},"Q2o":{"weight":0.0,"played":[0.9987,0.0013],"evs":[0.0,-0.72073]},"K2o":{"weight":0.0,"played":[0.994,0.006],"evs":[0.0,-0.59905]},"A2o":{"weight":0.0,"played":[0.999,0.001],"evs":[0.0,-0.70204]},"32s":{"weight":0.0,"played":[0.6279,0.3721],"evs":[0.0,-0.1154]},"33":{"weight":0.6206,"played":[0.1533,0.8467],"evs":[0.0,0.2308]},"43o":{"weight":0.0,"played":[0.9991,9.0E-4],"evs":[0.0,-0.75629]},"53o":{"weight":0.0,"played":[0.9897,0.0103],"evs":[0.0,-0.44708]},"63o":{"weight":0.0,"played":[0.9972,0.0028],"evs":[0.0,-0.80351]},"73o":{"weight":0.0,"played":[0.9988,0.0012],"evs":[0.0,-0.87901]},"83o":{"weight":0.0,"played":[0.9988,0.0012],"evs":[0.0,-1.27542]},"93o":{"weight":0.0,"played":[0.9989,0.0011],"evs":[0.0,-0.93421]},"T3o":{"weight":0.0,"played":[0.9982,0.0018],"evs":[0.0,-0.78654]},"J3o":{"weight":0.0,"played":[0.999,0.001],"evs":[0.0,-0.7474]},"Q3o":{"weight":0.0,"played":[0.9881,0.0119],"evs":[0.0,-0.5726]},"K3o":{"weight":0.0,"played":[0.9995,5.0E-4],"evs":[0.0,-0.82977]},"A3o":{"weight":0.0,"played":[0.9983,0.0017],"evs":[0.0,-0.48447]},"42s":{"weight":0.0,"played":[0.9996,4.0E-4],"evs":[0.0,-0.67532]},"43s":{"weight":0.0,"played":[0.0011,0.9989],"evs":[0.0,0.29872]},"44":{"weight":0.8234,"played":[2.0E-4,0.9998],"evs":[0.0,0.34784]},"54o":{"weight":0.0,"played":[0.6824,0.3176],"evs":[0.0,-0.14845]},"64o":{"weight":0.0,"played":[0.9981,0.0019],"evs":[0.0,-0.5101]},"74o":{"weight":0.0,"played":[0.9979,0.0021],"evs":[0.0,-0.54965]},"84o":{"weight":0.0,"played":[0.9997,3.0E-4],"evs":[0.0,-0.83277]},"94o":{"weight":0.0,"played":[0.9903,0.0097],"evs":[0.0,-0.94308]},"T4o":{"weight":0.0,"played":[0.9997,3.0E-4],"evs":[0.0,-0.63086]},"J4o":{"weight":0.0,"played":[0.9919,0.0081],"evs":[0.0,-0.63056]},"Q4o":{"weight":0.0,"played":[0.9877,0.0123],"evs":[0.0,-0.30287]},"K4o":{"weight":0.0,"played":[0.9804,0.0196],"evs":[0.0,-0.48333]},"A4o":{"weight":0.0,"played":[0.9643,0.0357],"evs":[0.0,-0.44302]},"52s":{"weight":0.0,"played":[0.9351,0.0649],"evs":[0.0,-0.06944]},"53s":{"weight":0.0,"played":[0.9423,0.0577],"evs":[0.0,-0.0805]},"54s":{"weight":0.0,"played":[0.0033,0.9967],"evs":[0.0,0.43486]},"55":{"weight":0.5488,"played":[0.0354,0.9646],"evs":[0.0,0.27755]},"65o":{"weight":0.0,"played":[0.9931,0.0069],"evs":[0.0,-0.17806]},"75o":{"weight":0.0,"played":[0.9927,0.0073],"evs":[0.0,-0.43934]},"85o":{"weight":0.0,"played":[0.9985,0.0015],"evs":[0.0,-0.41846]},"95o":{"weight":0.0,"played":[0.9983,0.0017],"evs":[0.0,-0.65679]},"T5o":{"weight":0.0,"played":[0.998,0.002],"evs":[0.0,-0.71659]},"J5o":{"weight":0.0,"played":[0.9998,2.0E-4],"evs":[0.0,-0.53409]},"Q5o":{"weight":0.0,"played":[0.9686,0.0314],"evs":[0.0,-0.53819]},"K5o":{"weight":0.0,"played":[0.9888,0.0112],"evs":[0.0,-0.7785]},"A5o":{"weight":0.0,"played":[0.8428,0.1572],"evs":[0.0,-0.43054]},"62s":{"weight":0.0,"played":[0.9367,0.0633],"evs":[0.0,-0.51365]},"63s":{"weight":0.0,"played":[0.8223,0.1777],"evs":[0.0,-0.35412]},"64s":{"weight":0.0,"played":[0.131,0.869],"evs":[0.0,0.0265]},"65s":{"weight":0.0,"played":[0.2336,0.7664],"evs":[0.0,0.37164]},"66":{"weight":0.225,"played":[0.0,1.0],"evs":[0.0,0.59723]},"76o":{"weight":0.0,"played":[0.9817,0.0183],"evs":[0.0,-0.17493]},"86o":{"weight":0.0,"played":[0.9997,3.0E-4],"evs":[0.0,-0.33788]},"96o":{"weight":0.0,"played":[0.9981,0.0019],"evs":[0.0,-0.43637]},"T6o":{"weight":0.0,"played":[0.9984,0.0016],"evs":[0.0,-0.53734]},"J6o":{"weight":0.0,"played":[0.9996,4.0E-4],"evs":[0.0,-0.61235]},"Q6o":{"weight":0.0,"played":[0.9891,0.0109],"evs":[0.0,-0.64768]},"K6o":{"weight":0.0,"played":[0.9967,0.0033],"evs":[0.0,-0.40167]},"A6o":{"weight":0.0,"played":[0.9978,0.0022],"evs":[0.0,-0.73267]},"72s":{"weight":0.0,"played":[0.9966,0.0034],"evs":[0.0,-0.62857]},"73s":{"weight":0.0,"played":[0.9648,0.0352],"evs":[0.0,-0.20731]},"74s":{"weight":0.0,"played":[0.2405,0.7595],"evs":[0.0,0.03683]},"75s":{"weight":0.0,"played":[0.0014,0.9986],"evs":[0.0,0.32689]},"76s":{"weight":0.0,"played":[3.0E-4,0.9997],"evs":[0.0,0.23375]},"77":{"weight":0.9038,"played":[0.0,1.0],"evs":[0.0,0.50055]},"87o":{"weight":0.0,"played":[0.959,0.041],"evs":[0.0,-0.08897]},"97o":{"weight":0.0,"played":[0.9812,0.0188],"evs":[0.0,-0.38563]},"T7o":{"weight":0.0,"played":[0.9653,0.0347],"evs":[0.0,-0.32079]},"J7o":{"weight":0.0,"played":[0.9875,0.0125],"evs":[0.0,-0.52309]},"Q7o":{"weight":0.0,"played":[0.9642,0.0358],"evs":[0.0,-0.36493]},"K7o":{"weight":0.0,"played":[0.9508,0.0492],"evs":[0.0,-0.54418]},"A7o":{"weight":0.0,"played":[0.9897,0.0103],"evs":[0.0,-0.80798]},"82s":{"weight":0.0,"played":[0.6662,0.3338],"evs":[0.0,0.05756]},"83s":{"weight":0.0,"played":[0.976,0.024],"evs":[0.0,-0.47644]},"84s":{"weight":0.0,"played":[0.7239,0.2761],"evs":[0.0,0.0135]},"85s":{"weight":0.0,"played":[0.3633,0.6367],"evs":[0.0,0.23573]},"86s":{"weight":0.0,"played":[0.1801,0.8199],"evs":[0.0,0.48459]},"87s":{"weight":0.0,"played":[0.002,0.998],"evs":[0.0,0.29506]},"88":{"weight":0.4098,"played":[0.0,1.0],"evs":[0.0,1.24763]},"98o":{"weight":0.0,"played":[0.9794,0.0206],"evs":[0.0,-0.33569]},"T8o":{"weight":0.0,"played":[0.9872,0.0128],"evs":[0.0,-0.25102]},"J8o":{"weight":0.0,"played":[0.9843,0.0157],"evs":[0.0,-0.22395]},"Q8o":{"weight":0.0,"played":[0.983,0.017],"evs":[0.0,-0.33041]},"K8o":{"weight":0.0,"played":[0.9932,0.0068],"evs":[0.0,-0.36613]},"A8o":{"weight":1.0,"played":[0.997,0.003],"evs":[0.0,-0.57093]},"92s":{"weight":0.0,"played":[0.9849,0.0151],"evs":[0.0,-0.54363]},"93s":{"weight":0.0,"played":[0.9567,0.0433],"evs":[0.0,-0.48276]},"94s":{"weight":0.0,"played":[0.8096,0.1904],"evs":[0.0,-0.01372]},"95s":{"weight":0.0,"played":[0.8405,0.1595],"evs":[0.0,-0.12291]},"96s":{"weight":0.0,"played":[0.9066,0.0934],"evs":[0.0,-0.16424]},"97s":{"weight":0.0,"played":[0.5564,0.4436],"evs":[0.0,0.2401]},"98s":{"weight":0.0,"played":[0.0833,0.9167],"evs":[0.0,0.17263]},"99":{"weight":0.0,"played":[0.0,1.0],"evs":[0.0,2.27486]},"T9o":{"weight":0.0,"played":[9.0E-4,0.9991],"evs":[0.0,0.43122]},"J9o":{"weight":0.0,"played":[0.7413,0.2587],"evs":[0.0,-0.00408]},"Q9o":{"weight":0.0,"played":[0.0111,0.9889],"evs":[0.0,0.11095]},"K9o":{"weight":0.0,"played":[0.6725,0.3275],"evs":[0.0,-0.24484]},"A9o":{"weight":1.0,"played":[0.9948,0.0052],"evs":[0.0,-0.38317]},"T2s":{"weight":0.0,"played":[0.9792,0.0208],"evs":[0.0,-0.36032]},"T3s":{"weight":0.0,"played":[0.8517,0.1483],"evs":[0.0,0.07864]},"T4s":{"weight":0.0,"played":[0.4795,0.5205],"evs":[0.0,0.07446]},"T5s":{"weight":0.0,"played":[0.1679,0.8321],"evs":[0.0,0.21805]},"T6s":{"weight":0.0,"played":[0.0282,0.9718],"evs":[0.0,-0.00664]},"T7s":{"weight":0.0,"played":[0.03,0.97],"evs":[0.0,0.31352]},"T8s":{"weight":0.0,"played":[0.1442,0.8558],"evs":[0.0,0.77741]},"T9s":{"weight":0.113,"played":[0.0068,0.9932],"evs":[0.0,1.21592]},"TT":{"weight":4.0E-4,"played":[0.0,1.0],"evs":[0.0,2.69391]},"JTo":{"weight":0.0,"played":[0.0,1.0],"evs":[0.0,0.46146]},"QTo":{"weight":0.0,"played":[0.0015,0.9985],"evs":[0.0,0.57904]},"KTo":{"weight":0.0,"played":[0.0475,0.9525],"evs":[0.0,0.3468]},"ATo":{"weight":0.5714,"played":[0.4404,0.5596],"evs":[0.0,0.21258]},"J2s":{"weight":0.0,"played":[0.9522,0.0478],"evs":[0.0,-0.4034]},"J3s":{"weight":0.0,"played":[0.9739,0.0261],"evs":[0.0,-0.31165]},"J4s":{"weight":0.0,"played":[0.0218,0.9782],"evs":[0.0,0.30401]},"J5s":{"weight":0.0,"played":[0.5732,0.4268],"evs":[0.0,-0.20592]},"J6s":{"weight":0.0,"played":[0.3005,0.6995],"evs":[0.0,0.13947]},"J7s":{"weight":0.0,"played":[0.1308,0.8692],"evs":[0.0,0.08694]},"J8s":{"weight":0.0,"played":[0.8957,0.1043],"evs":[0.0,0.03518]},"J9s":{"weight":0.0,"played":[0.0,1.0],"evs":[0.0,0.52008]},"JTs":{"weight":0.9649,"played":[0.0,1.0],"evs":[0.0,1.1025]},"JJ":{"weight":0.8652,"played":[0.0,1.0],"evs":[0.0,3.66511]},"QJo":{"weight":0.0,"played":[6.0E-4,0.9994],"evs":[0.0,0.39022]},"KJo":{"weight":0.9325,"played":[0.0,1.0],"evs":[0.0,0.46922]},"AJo":{"weight":0.3315,"played":[0.0,1.0],"evs":[0.0,0.34314]},"Q2s":{"weight":0.0,"played":[0.6547,0.3453],"evs":[0.0,-0.10534]},"Q3s":{"weight":0.0,"played":[0.3875,0.6125],"evs":[0.0,-0.01164]},"Q4s":{"weight":0.0,"played":[0.2256,0.7744],"evs":[0.0,0.43028]},"Q5s":{"weight":0.0,"played":[0.5816,0.4184],"evs":[0.0,-0.22558]},"Q6s":{"weight":0.0,"played":[0.0049,0.9951],"evs":[0.0,0.49573]},"Q7s":{"weight":0.0,"played":[8.0E-4,0.9992],"evs":[0.0,0.29171]},"Q8s":{"weight":0.0,"played":[0.0043,0.9957],"evs":[0.0,0.41314]},"Q9s":{"weight":2.0E-4,"played":[1.0E-4,0.9999],"evs":[0.0,0.59528]},"QTs":{"weight":0.9877,"played":[0.0114,0.9886],"evs":[0.0,1.30277]},"QJs":{"weight":0.9248,"played":[0.0,1.0],"evs":[0.0,1.63603]},"QQ":{"weight":1.0,"played":[0.0,1.0],"evs":[0.0,5.22225]},"KQo":{"weight":0.9844,"played":[0.0,1.0],"evs":[0.0,0.69394]},"AQo":{"weight":0.0825,"played":[0.0,1.0],"evs":[0.0,0.84827]},"K2s":{"weight":0.0,"played":[0.6516,0.3484],"evs":[0.0,-0.10993]},"K3s":{"weight":0.0,"played":[0.5104,0.4896],"evs":[0.0,0.00567]},"K4s":{"weight":0.0,"played":[0.1772,0.8228],"evs":[0.0,0.19182]},"K5s":{"weight":0.0,"played":[2.0E-4,0.9998],"evs":[0.0,0.30029]},"K6s":{"weight":0.0,"played":[1.0E-4,0.9999],"evs":[0.0,0.43961]},"K7s":{"weight":0.0,"played":[0.6368,0.3632],"evs":[0.0,-0.36882]},"K8s":{"weight":0.0,"played":[0.2895,0.7105],"evs":[0.0,0.27019]},"K9s":{"weight":0.0,"played":[0.0,1.0],"evs":[0.0,0.66747]},"KTs":{"weight":0.7826,"played":[0.0,1.0],"evs":[0.0,0.65711]},"KJs":{"weight":0.0022,"played":[0.008,0.992],"evs":[0.0,1.06207]},"KQs":{"weight":0.0024,"played":[0.0,1.0],"evs":[0.0,1.56896]},"KK":{"weight":1.0,"played":[0.0,1.0],"evs":[0.0,6.71473]},"AKo":{"weight":0.2903,"played":[0.0,1.0],"evs":[0.0,1.82967]},"A2s":{"weight":0.5457,"played":[0.138,0.862],"evs":[0.0,-0.1038]},"A3s":{"weight":0.352,"played":[0.8612,0.1388],"evs":[0.0,-0.31499]},"A4s":{"weight":0.639,"played":[0.1375,0.8625],"evs":[0.0,0.45737]},"A5s":{"weight":0.2597,"played":[0.0416,0.9584],"evs":[0.0,0.50153]},"A6s":{"weight":0.979,"played":[0.0944,0.9056],"evs":[0.0,0.08075]},"A7s":{"weight":0.153,"played":[0.5175,0.4825],"evs":[0.0,-0.20556]},"A8s":{"weight":0.0136,"played":[0.6096,0.3904],"evs":[0.0,0.15878]},"A9s":{"weight":0.0027,"played":[0.2976,0.7024],"evs":[0.0,0.06757]},"ATs":{"weight":0.0019,"played":[0.0997,0.9003],"evs":[0.0,0.51054]},"AJs":{"weight":0.0,"played":[0.0051,0.9949],"evs":[0.0,0.78174]},"AQs":{"weight":0.0,"played":[0.0128,0.9872],"evs":[0.0,1.45232]},"AKs":{"weight":0.9939,"played":[0.0,1.0],"evs":[0.0,2.20958]},"AA":{"weight":1.0,"played":[0.0,1.0],"evs":[0.0,9.0206]}}}