{"player":3,"street":0,"children":2,"sequence":[{"player":0,"type":"F","amount":0,"street":0},{"player":1,"type":"R","amount":7840000,"street":0},{"player":2,"type":"F","amount":0,"street":0},{"player":3,"type":"C","amount":7840000,"street":0},{"player":4,"type":"R","amount":35040000,"street":0},{"player":5,"type":"F","amount":0,"street":0},{"player":6,"type":"C","amount":19040000,"street":0}],"actions":[{"type":"F","amount":0},{"type":"C","amount":27200000}],"hands":{"22":{"weight":0.9971,"played":[0.9999,1.0E-4],"evs":[0.0,-2.07528]},"32o":{"weight":0.0,"played":[1.0,0.0],"evs":[0.0,-4.01505]},"42o":{"weight":0.0,"played":[0.9982,0.0018],"evs":[0.0,-3.76457]},"52o":{"weight":0.0,"played":[0.9992,8.0E-4],"evs":[0.0,-3.36082]},"62o":{"weight":0.0,"played":[0.9999,1.0E-4],"evs":[0.0,-3.8949]},"72o":{"weight":0.0,"played":[0.9999,1.0E-4],"evs":[0.0,-4.18204]},"82o":{"weight":0.0,"played":[1.0,0.0],"evs":[0.0,-3.72871]},"92o":{"weight":0.0,"played":[0.9996,4.0E-4],"evs":[0.0,-4.61996]},"T2o":{"weight":0.0,"played":[1.0,0.0],"evs":[0.0,-4.49289]},"J2o":{"weight":0.0,"played":[0.9998,2.0E-4],"evs":[0.0,-3.68428]},"Q2o":{"weight":0.0,"played":[0.9977,0.0023],"evs":[0.0,-4.32647]},"K2o":{"weight":0.0,"played":[1.0,0.0],"evs":[0.0,-4.32382]},"A2o":{"weight":0.0,"played":[0.9998,2.0E-4],"evs":[0.0,-3.57322]},"32s":{"weight":0.0,"played":[0.9987,0.0013],"evs":[0.0,-2.53343]},"33":{"weight":0.6206,"played":[0.9909,0.0091],"evs":[0.0,-1.75577]},"43o":{"weight":0.0,"played":[0.9988,0.0012],"evs":[0.0,-3.09978]},"53o":{"weight":0.0,"played":[0.9998,2.0E-4],"evs":[0.0,-3.46666]},"63o":{"weight":0.0,"played":[0.9995,5.0E-4],"evs":[0.0,-2.85349]},"73o":{"weight":0.0,"played":[0.9986,0.0014],"evs":[0.0,-3.44486]},"83o":{"weight":0.0,"played":[1.0,0.0],"evs":[0.0,-4.29589]},"93o":{"weight":0.0,"played":[0.9999,1.0E-4],"evs":[0.0,-3.71366]},"T3o":{"weight":0.0,"played":[0.9987,0.0013],"evs":[0.0,-3.55093]},"J3o":{"weight":0.0,"played":[0.9991,9.0E-4],"evs":[0.0,-4.27771]},"Q3o":{"weight":0.0,"played":[0.9996,4.0E-4],"evs":[0.0,-4.38468]},"K3o":{"weight":0.0,"played":[0.9997,3.0E-4],"evs":[0.0,-3.11931]},"A3o":{"weight":0.0,"played":[0.9992,8.0E-4],"evs":[0.0,-3.39231]},"42s":{"weight":0.0,"played":[0.9984,0.0016],"evs":[0.0,-2.69763]},"43s":{"weight":0.0,"played":[0.9918,0.0082],"evs":[0.0,-2.00273]},"44":{"weight":0.8234,"played":[0.9879,0.0121],"evs":[0.0,-1.60536]},"54o":{"weight":0.0,"played":[0.9991,9.0E-4],"evs":[0.0,-2.41496]},"64o":{"weight":0.0,"played":[0.9999,1.0E-4],"evs":[0.0,-3.02785]},"74o":{"weight":0.0,"played":[1.0,0.0],"evs":[0.0,-3.22063]},"84o":{"weight":0.0,"played":[1.0,0.0],"evs":[0.0,-4.10668]},"94o":{"weight":0.0,"played":[1.0,0.0],"evs":[0.0,-3.08638]},"T4o":{"weight":0.0,"played":[0.9991,9.0E-4],"evs":[0.0,-3.71767]},"J4o":{"weight":0.0,"played":[0.9999,1.0E-4],"evs":[0.0,-4.33868]},"Q4o":{"weight":0.0,"played":[1.0,0.0],"evs":[0.0,-4.15662]},"K4o":{"weight":0.0,"played":[1.0,0.0],"evs":[0.0,-4.00159]},"A4o":{"weight":0.0,"played":[0.999,0.001],"evs":[0.0,-4.03426]},"52s":{"weight":0.0,"played":[0.9993,7.0E-4],"evs":[0.0,-3.85439]},"53s":{"weight":0.0,"played":[0.9987,0.0013],"evs":[0.0,-2.46233]},"54s":{"weight":0.0,"played":[0.3993,0.6007],"evs":[0.0,-0.60605]},"55":{"weight":0.5488,"played":[0.9552,0.0448],"evs":[0.0,-1.08278]},"65o":{"weight":0.0,"played":[0.9972,0.0028],"evs":[0.0,-1.89471]},"75o":{"weight":0.0,"played":[0.9999,1.0E-4],"evs":[0.0,-2.93299]},"85o":{"weight":0.0,"played":[0.9995,5.0E-4],"evs":[0.0,-2.81113]},"95o":{"weight":0.0,"played":[1.0,0.0],"evs":[0.0,-3.69261]},"T5o":{"weight":0.0,"played":[0.9995,5.0E-4],"evs":[0.0,-3.85815]},"J5o":{"weight":0.0,"played":[0.9988,0.0012],"evs":[0.0,-4.18083]},"Q5o":{"weight":0.0,"played":[0.9997,3.0E-4],"evs":[0.0,-4.29777]},"K5o":{"weight":0.0,"played":[1.0,0.0],"evs":[0.0,-3.49598]},"A5o":{"weight":0.0,"played":[0.9987,0.0013],"evs":[0.0,-3.35909]},"62s":{"weight":0.0,"played":[0.9992,8.0E-4],"evs":[0.0,-4.02897]},"63s":{"weight":0.0,"played":[0.997,0.003],"evs":[0.0,-3.15733]},"64s":{"weight":0.0,"played":[0.9993,7.0E-4],"evs":[0.0,-1.68228]},"65s":{"weight":0.0,"played":[0.9963,0.0037],"evs":[0.0,-2.13136]},"66":{"weight":0.225,"played":[0.9366,0.0634],"evs":[0.0,-0.52506]},"76o":{"weight":0.0,"played":[0.9995,5.0E-4],"evs":[0.0,-2.8142]},"86o":{"weight":0.0,"played":[0.9999,1.0E-4],"evs":[0.0,-3.16908]},"96o":{"weight":0.0,"played":[0.9986,0.0014],"evs":[0.0,-3.27482]},"T6o":{"weight":0.0,"played":[1.0,0.0],"evs":[0.0,-3.9254]},"J6o":{"weight":0.0,"played":[0.9999,1.0E-4],"evs":[0.0,-3.9562]},"Q6o":{"weight":0.0,"played":[0.9998,2.0E-4],"evs":[0.0,-4.07999]},"K6o":{"weight":0.0,"played":[0.9998,2.0E-4],"evs":[0.0,-3.95184]},"A6o":{"weight":0.0,"played":[0.9992,8.0E-4],"evs":[0.0,-3.20057]},"72s":{"weight":0.0,"played":[0.9955,0.0045],"evs":[0.0,-2.83408]},"73s":{"weight":0.0,"played":[0.9873,0.0127],"evs":[0.0,-3.19907]},"74s":{"weight":0.0,"played":[0.9945,0.0055],"evs":[0.0,-3.32868]},"75s":{"weight":0.0,"played":[0.9507,0.0493],"evs":[0.0,-2.553]},"76s":{"weight":0.0,"played":[0.9955,0.0045],"evs":[0.0,-1.83829]},"77":{"weight":0.9038,"played":[0.9995,5.0E-4],"evs":[0.0,-2.06695]},"87o":{"weight":0.0,"played":[0.9982,0.0018],"evs":[0.0,-3.29524]},"97o":{"weight":0.0,"played":[0.9999,1.0E-4],"evs":[0.0,-2.83101]},"T7o":{"weight":0.0,"played":[0.9983,0.0017],"evs":[0.0,-2.97044]},"J7o":{"weight":0.0,"played":[0.9997,3.0E-4],"evs":[0.0,-3.39038]},"Q7o":{"weight":0.0,"played":[0.9984,0.0016],"evs":[0.0,-3.2968]},"K7o":{"weight":0.0,"played":[0.9999,1.0E-4],"evs":[0.0,-3.00977]},"A7o":{"weight":0.0,"played":[0.9994,6.0E-4],"evs":[0.0,-4.67011]},"82s":{"weight":0.0,"played":[0.9798,0.0202],"evs":[0.0,-3.16203]},"83s":{"weight":0.0,"played":[0.9995,5.0E-4],"evs":[0.0,-2.07482]},"84s":{"weight":0.0,"played":[0.9352,0.0648],"evs":[0.0,-2.0414]},"85s":{"weight":0.0,"played":[0.9984,0.0016],"evs":[0.0,-1.45915]},"86s":{"weight":0.0,"played":[0.9874,0.0126],"evs":[0.0,-2.19027]},"87s":{"weight":0.0,"played":[0.9717,0.0283],"evs":[0.0,-2.21846]},"88":{"weight":0.4098,"played":[0.9963,0.0037],"evs":[0.0,-2.05255]},"98o":{"weight":0.0,"played":[1.0,0.0],"evs":[0.0,-3.3548]},"T8o":{"weight":0.0,"played":[0.9999,1.0E-4],"evs":[0.0,-3.01793]},"J8o":{"weight":0.0,"played":[0.9998,2.0E-4],"evs":[0.0,-3.34882]},"Q8o":{"weight":0.0,"played":[0.9984,0.0016],"evs":[0.0,-3.52774]},"K8o":{"weight":0.0,"played":[0.9966,0.0034],"evs":[0.0,-3.32272]},"A8o":{"weight":1.0,"played":[0.9996,4.0E-4],"evs":[0.0,-3.97631]},"92s":{"weight":0.0,"played":[0.9978,0.0022],"evs":[0.0,-3.57193]},"93s":{"weight":0.0,"played":[0.9672,0.0328],"evs":[0.0,-2.82708]},"94s":{"weight":0.0,"played":[0.9911,0.0089],"evs":[0.0,-2.83818]},"95s":{"weight":0.0,"played":[0.9919,0.0081],"evs":[0.0,-2.52568]},"96s":{"weight":0.0,"played":[0.9932,0.0068],"evs":[0.0,-2.52792]},"97s":{"weight":0.0,"played":[0.9949,0.0051],"evs":[0.0,-3.87336]},"98s":{"weight":0.0,"played":[0.9658,0.0342],"evs":[0.0,-1.71316]},"99":{"weight":0.0,"played":[0.9523,0.0477],"evs":[0.0,-1.23946]},"T9o":{"weight":0.0,"played":[0.9999,1.0E-4],"evs":[0.0,-3.2977]},"J9o":{"weight":0.0,"played":[0.9877,0.0123],"evs":[0.0,-3.46442]},"Q9o":{"weight":0.0,"played":[0.9998,2.0E-4],"evs":[0.0,-3.74279]},"K9o":{"weight":0.0,"played":[0.9987,0.0013],"evs":[0.0,-2.84392]},"A9o":{"weight":1.0,"played":[0.9997,3.0E-4],"evs":[0.0,-3.87401]},"T2s":{"weight":0.0,"played":[0.9951,0.0049],"evs":[0.0,-2.75321]},"T3s":{"weight":0.0,"played":[0.9999,1.0E-4],"evs":[0.0,-2.26407]},"T4s":{"weight":0.0,"played":[0.9636,0.0364],"evs":[0.0,-1.74829]},"T5s":{"weight":0.0,"played":[0.9999,1.0E-4],"evs":[0.0,-3.25143]},"T6s":{"weight":0.0,"played":[0.9992,8.0E-4],"evs":[0.0,-2.38716]},"T7s":{"weight":0.0,"played":[0.9901,0.0099],"evs":[0.0,-3.27666]},"T8s":{"weight":0.0,"played":[0.9774,0.0226],"evs":[0.0,-1.93866]},"T9s":{"weight":0.113,"played":[0.9998,2.0E-4],"evs":[0.0,-1.73843]},"TT":{"weight":4.0E-4,"played":[0.9143,0.0857],"evs":[0.0,-0.19396]},"JTo":{"weight":0.0,"played":[0.9932,0.0068],"evs":[0.0,-3.06339]},"QTo":{"weight":0.0,"played":[0.9932,0.0068],"evs":[0.0,-3.0102]},"KTo":{"weight":0.0,"played":[0.9987,0.0013],"evs":[0.0,-2.29765]},"ATo":{"weight":0.5714,"played":[0.9989,0.0011],"evs":[0.0,-3.56266]},"J2s":{"weight":0.0,"played":[0.9752,0.0248],"evs":[0.0,-2.58438]},"J3s":{"weight":0.0,"played":[0.9988,0.0012],"evs":[0.0,-2.50799]},"J4s":{"weight":0.0,"played":[0.9995,5.0E-4],"evs":[0.0,-3.11515]},"J5s":{"weight":0.0,"played":[0.9999,1.0E-4],"evs":[0.0,-3.16636]},"J6s":{"weight":0.0,"played":[0.9936,0.0064],"evs":[0.0,-3.3541]},"J7s":{"weight":0.0,"played":[0.9999,1.0E-4],"evs":[0.0,-1.79517]},"J8s":{"weight":0.0,"played":[0.9852,0.0148],"evs":[0.0,-2.75115]},"J9s":{"weight":0.0,"played":[0.9836,0.0164],"evs":[0.0,-2.06712]},"JTs":{"weight":0.9649,"played":[0.9974,0.0026],"evs":[0.0,-2.43237]},"JJ":{"weight":0.8652,"played":[0.0023,0.9977],"evs":[0.0,1.05397]},"QJo":{"weight":0.0,"played":[0.9964,0.0036],"evs":[0.0,-3.66092]},"KJo":{"weight":0.9325,"played":[0.9993,7.0E-4],"evs":[0.0,-3.35222]},"AJo":{"weight":0.3315,"played":[0.9915,0.0085],"evs":[0.0,-3.83191]},"Q2s":{"weight":0.0,"played":[0.976,0.024],"evs":[0.0,-3.28254]},"Q3s":{"weight":0.0,"played":[0.9968,0.0032],"evs":[0.0,-3.16402]},"Q4s":{"weight":0.0,"played":[0.9824,0.0176],"evs":[0.0,-3.80721]},"Q5s":{"weight":0.0,"played":[0.9948,0.0052],"evs":[0.0,-4.04766]},"Q6s":{"weight":0.0,"played":[0.9993,7.0E-4],"evs":[0.0,-2.5778]},"Q7s":{"weight":0.0,"played":[0.9976,0.0024],"evs":[0.0,-1.44233]},"Q8s":{"weight":0.0,"played":[0.9989,0.0011],"evs":[0.0,-4.42482]},"Q9s":{"weight":2.0E-4,"played":[0.9629,0.0371],"evs":[0.0,-2.61446]},"QTs":{"weight":0.9877,"played":[0.9962,0.0038],"evs":[0.0,-1.32637]},"QJs":{"weight":0.9248,"played":[0.9903,0.0097],"evs":[0.0,-1.86029]},"QQ":{"weight":1.0,"played":[0.0,1.0],"evs":[0.0,2.40076]},"KQo":{"weight":0.9844,"played":[0.9987,0.0013],"evs":[0.0,-3.27101]},"AQo":{"weight":0.0825,"played":[0.9905,0.0095],"evs":[0.0,-2.94267]},"K2s":{"weight":0.0,"played":[0.9988,0.0012],"evs":[0.0,-3.12771]},"K3s":{"weight":0.0,"played":[0.9974,0.0026],"evs":[0.0,-2.23073]},"K4s":{"weight":0.0,"played":[0.9966,0.0034],"evs":[0.0,-2.67914]},"K5s":{"weight":0.0,"played":[0.994,0.006],"evs":[0.0,-2.24926]},"K6s":{"weight":0.0,"played":[0.9997,3.0E-4],"evs":[0.0,-2.21182]},"K7s":{"weight":0.0,"played":[0.989,0.011],"evs":[0.0,-3.54944]},"K8s":{"weight":0.0,"played":[0.9918,0.0082],"evs":[0.0,-2.73137]},"K9s":{"weight":0.0,"played":[0.9965,0.0035],"evs":[0.0,-2.31525]},"KTs":{"weight":0.7826,"played":[0.9984,0.0016],"evs":[0.0,-2.1269]},"KJs":{"weight":0.0022,"played":[0.9546,0.0454],"evs":[0.0,-1.45257]},"KQs":{"weight":0.0024,"played":[0.986,0.014],"evs":[0.0,-1.50017]},"KK":{"weight":1.0,"played":[0.0,1.0],"evs":[0.0,5.07587]},"AKo":{"weight":0.2903,"played":[0.9682,0.0318],"evs":[0.0,-0.53212]},"A2s":{"weight":0.5457,"played":[0.9956,0.0044],"evs":[0.0,-2.57878]},"A3s":{"weight":0.352,"played":[0.9969,0.0031],"evs":[0.0,-2.58395]},"A4s":{"weight":0.639,"played":[0.9952,0.0048],"evs":[0.0,-1.38409]},"A5s":{"weight":0.2597,"played":[0.9957,0.0043],"evs":[0.0,-1.45309]},"A6s":{"weight":0.979,"played":[0.996,0.004],"evs":[0.0,-2.33891]},"A7s":{"weight":0.153,"played":[0.9951,0.0049],"evs":[0.0,-2.93169]},"A8s":{"weight":0.0136,"played":[0.9986,0.0014],"evs":[0.0,-2.66485]},"A9s":{"weight":0.0027,"played":[0.9965,0.0035],"evs":[0.0,-3.42029]},"ATs":{"weight":0.0019,"played":[0.9831,0.0169],"evs":[0.0,-3.83475]},"AJs":{"weight":0.0,"played":[0.9981,0.0019],"evs":[0.0,-0.82892]},"AQs":{"weight":0.0,"played":[0.9395,0.0605],"evs":[0.0,-2.414]},"AKs":{"weight":0.9939,"played":[0.0121,0.9879],"evs":[0.0,1.53623]},"AA":{"weight":1.0,"played":[0.0,1.0],"evs":[0.0,9.92449]}}}