{"player":3,"street":0,"children":2,"sequence":[{"player":0,"type":"F","amount":0,"street":0},{"player":1,"type":"R","amount":7840000,"street":0},{"player":2,"type":"F","amount":0,"street":0},{"player":3,"type":"C","amount":7840000,"street":0},{"player":4,"type":"R","amount":35040000,"street":0},{"player":5,"type":"C","amount":11360000,"street":0},{"player":6,"type":"F","amount":0,"street":0}],"actions":[{"type":"F","amount":0},{"type":"C","amount":27200000}],"hands":{"22":{"weight":0.9971,"played":[0.998,0.002],"evs":[0.0,-0.83566]},"32o":{"weight":0.0,"played":[0.9999,1.0E-4],"evs":[0.0,-3.06119]},"42o":{"weight":0.0,"played":[0.9994,6.0E-4],"evs":[0.0,-2.73858]},"52o":{"weight":0.0,"played":[0.9997,3.0E-4],"evs":[0.0,-3.15316]},"62o":{"weight":0.0,"played":[1.0,0.0],"evs":[0.0,-3.19543]},"72o":{"weight":0.0,"played":[1.0,0.0],"evs":[0.0,-3.92153]},"82o":{"weight":0.0,"played":[1.0,0.0],"evs":[0.0,-3.91602]},"92o":{"weight":0.0,"played":[0.9999,1.0E-4],"evs":[0.0,-3.58851]},"T2o":{"weight":0.0,"played":[0.9999,1.0E-4],"evs":[0.0,-3.60307]},"J2o":{"weight":0.0,"played":[0.9999,1.0E-4],"evs":[0.0,-3.65179]},"Q2o":{"weight":0.0,"played":[1.0,0.0],"evs":[0.0,-3.65061]},"K2o":{"weight":0.0,"played":[0.9991,9.0E-4],"evs":[0.0,-3.80618]},"A2o":{"weight":0.0,"played":[0.9999,1.0E-4],"evs":[0.0,-3.2673]},"32s":{"weight":0.0,"played":[0.9996,4.0E-4],"evs":[0.0,-2.49307]},"33":{"weight":0.6206,"played":[0.9606,0.0394],"evs":[0.0,-0.40545]},"43o":{"weight":0.0,"played":[1.0,0.0],"evs":[0.0,-2.62437]},"53o":{"weight":0.0,"played":[0.9997,3.0E-4],"evs":[0.0,-1.86521]},"63o":{"weight":0.0,"played":[0.9998,2.0E-4],"evs":[0.0,-3.44897]},"73o":{"weight":0.0,"played":[1.0,0.0],"evs":[0.0,-3.57593]},"83o":{"weight":0.0,"played":[1.0,0.0],"evs":[0.0,-3.78248]},"93o":{"weight":0.0,"played":[1.0,0.0],"evs":[0.0,-3.54885]},"T3o":{"weight":0.0,"played":[0.9976,0.0024],"evs":[0.0,-3.74639]},"J3o":{"weight":0.0,"played":[0.9999,1.0E-4],"evs":[0.0,-3.5736]},"Q3o":{"weight":0.0,"played":[0.9997,3.0E-4],"evs":[0.0,-3.66288]},"K3o":{"weight":0.0,"played":[0.9999,1.0E-4],"evs":[0.0,-3.2851]},"A3o":{"weight":0.0,"played":[0.9968,0.0032],"evs":[0.0,-3.06046]},"42s":{"weight":0.0,"played":[0.9993,7.0E-4],"evs":[0.0,-3.01271]},"43s":{"weight":0.0,"played":[0.992,0.008],"evs":[0.0,-1.89805]},"44":{"weight":0.8234,"played":[0.8963,0.1037],"evs":[0.0,-0.61238]},"54o":{"weight":0.0,"played":[0.9989,0.0011],"evs":[0.0,-1.88515]},"64o":{"weight":0.0,"played":[0.9995,5.0E-4],"evs":[0.0,-2.70093]},"74o":{"weight":0.0,"played":[0.9999,1.0E-4],"evs":[0.0,-2.81108]},"84o":{"weight":0.0,"played":[1.0,0.0],"evs":[0.0,-3.51379]},"94o":{"weight":0.0,"played":[1.0,0.0],"evs":[0.0,-3.84995]},"T4o":{"weight":0.0,"played":[0.9997,3.0E-4],"evs":[0.0,-3.90084]},"J4o":{"weight":0.0,"played":[1.0,0.0],"evs":[0.0,-3.71715]},"Q4o":{"weight":0.0,"played":[1.0,0.0],"evs":[0.0,-3.46706]},"K4o":{"weight":0.0,"played":[0.999,0.001],"evs":[0.0,-2.86975]},"A4o":{"weight":0.0,"played":[0.9995,5.0E-4],"evs":[0.0,-2.62816]},"52s":{"weight":0.0,"played":[0.9993,7.0E-4],"evs":[0.0,-2.59918]},"53s":{"weight":0.0,"played":[0.9957,0.0043],"evs":[0.0,-2.01237]},"54s":{"weight":0.0,"played":[0.9714,0.0286],"evs":[0.0,-1.7919]},"55":{"weight":0.5488,"played":[0.9651,0.0349],"evs":[0.0,-1.23829]},"65o":{"weight":0.0,"played":[0.9984,0.0016],"evs":[0.0,-1.86773]},"75o":{"weight":0.0,"played":[0.9999,1.0E-4],"evs":[0.0,-3.22804]},"85o":{"weight":0.0,"played":[0.9999,1.0E-4],"evs":[0.0,-3.33962]},"95o":{"weight":0.0,"played":[1.0,0.0],"evs":[0.0,-3.40163]},"T5o":{"weight":0.0,"played":[0.9999,1.0E-4],"evs":[0.0,-3.37689]},"J5o":{"weight":0.0,"played":[1.0,0.0],"evs":[0.0,-3.39666]},"Q5o":{"weight":0.0,"played":[0.9999,1.0E-4],"evs":[0.0,-3.4518]},"K5o":{"weight":0.0,"played":[0.9983,0.0017],"evs":[0.0,-2.515]},"A5o":{"weight":0.0,"played":[0.9937,0.0063],"evs":[0.0,-2.54529]},"62s":{"weight":0.0,"played":[0.9995,5.0E-4],"evs":[0.0,-3.52836]},"63s":{"weight":0.0,"played":[0.9976,0.0024],"evs":[0.0,-2.29614]},"64s":{"weight":0.0,"played":[0.9966,0.0034],"evs":[0.0,-2.60188]},"65s":{"weight":0.0,"played":[0.9995,5.0E-4],"evs":[0.0,-2.37611]},"66":{"weight":0.225,"played":[0.9899,0.0101],"evs":[0.0,-0.82793]},"76o":{"weight":0.0,"played":[0.9989,0.0011],"evs":[0.0,-2.35433]},"86o":{"weight":0.0,"played":[0.9987,0.0013],"evs":[0.0,-2.68463]},"96o":{"weight":0.0,"played":[0.9991,9.0E-4],"evs":[0.0,-3.47891]},"T6o":{"weight":0.0,"played":[0.9999,1.0E-4],"evs":[0.0,-3.35124]},"J6o":{"weight":0.0,"played":[0.9995,5.0E-4],"evs":[0.0,-3.36271]},"Q6o":{"weight":0.0,"played":[0.9999,1.0E-4],"evs":[0.0,-3.06615]},"K6o":{"weight":0.0,"played":[1.0,0.0],"evs":[0.0,-3.62577]},"A6o":{"weight":0.0,"played":[1.0,0.0],"evs":[0.0,-3.71767]},"72s":{"weight":0.0,"played":[0.9991,9.0E-4],"evs":[0.0,-2.42899]},"73s":{"weight":0.0,"played":[1.0,0.0],"evs":[0.0,-2.531]},"74s":{"weight":0.0,"played":[0.9826,0.0174],"evs":[0.0,-1.51056]},"75s":{"weight":0.0,"played":[0.998,0.002],"evs":[0.0,-2.39075]},"76s":{"weight":0.0,"played":[1.0,0.0],"evs":[0.0,-2.08189]},"77":{"weight":0.9038,"played":[0.9842,0.0158],"evs":[0.0,-0.6698]},"87o":{"weight":0.0,"played":[0.9997,3.0E-4],"evs":[0.0,-2.33628]},"97o":{"weight":0.0,"played":[0.997,0.003],"evs":[0.0,-2.72855]},"T7o":{"weight":0.0,"played":[0.9999,1.0E-4],"evs":[0.0,-3.15385]},"J7o":{"weight":0.0,"played":[1.0,0.0],"evs":[0.0,-2.6834]},"Q7o":{"weight":0.0,"played":[0.999,0.001],"evs":[0.0,-3.49924]},"K7o":{"weight":0.0,"played":[0.9999,1.0E-4],"evs":[0.0,-2.77051]},"A7o":{"weight":0.0,"played":[0.998,0.002],"evs":[0.0,-3.15664]},"82s":{"weight":0.0,"played":[0.9997,3.0E-4],"evs":[0.0,-3.57379]},"83s":{"weight":0.0,"played":[0.9997,3.0E-4],"evs":[0.0,-2.72492]},"84s":{"weight":0.0,"played":[0.9953,0.0047],"evs":[0.0,-1.94361]},"85s":{"weight":0.0,"played":[0.97,0.03],"evs":[0.0,-2.82433]},"86s":{"weight":0.0,"played":[0.9924,0.0076],"evs":[0.0,-1.67586]},"87s":{"weight":0.0,"played":[0.987,0.013],"evs":[0.0,-2.32032]},"88":{"weight":0.4098,"played":[0.9622,0.0378],"evs":[0.0,-1.14554]},"98o":{"weight":0.0,"played":[0.9993,7.0E-4],"evs":[0.0,-2.61911]},"T8o":{"weight":0.0,"played":[1.0,0.0],"evs":[0.0,-2.78359]},"J8o":{"weight":0.0,"played":[0.9992,8.0E-4],"evs":[0.0,-3.28052]},"Q8o":{"weight":0.0,"played":[0.9994,6.0E-4],"evs":[0.0,-3.44439]},"K8o":{"weight":0.0,"played":[1.0,0.0],"evs":[0.0,-2.98513]},"A8o":{"weight":1.0,"played":[0.9997,3.0E-4],"evs":[0.0,-3.15697]},"92s":{"weight":0.0,"played":[0.9996,4.0E-4],"evs":[0.0,-3.91359]},"93s":{"weight":0.0,"played":[0.9935,0.0065],"evs":[0.0,-2.35691]},"94s":{"weight":0.0,"played":[0.9968,0.0032],"evs":[0.0,-2.59562]},"95s":{"weight":0.0,"played":[1.0,0.0],"evs":[0.0,-1.75778]},"96s":{"weight":0.0,"played":[0.9966,0.0034],"evs":[0.0,-2.1024]},"97s":{"weight":0.0,"played":[0.9994,6.0E-4],"evs":[0.0,-2.38085]},"98s":{"weight":0.0,"played":[0.9985,0.0015],"evs":[0.0,-2.72145]},"99":{"weight":0.0,"played":[0.7405,0.2595],"evs":[0.0,-1.29245]},"T9o":{"weight":0.0,"played":[0.9951,0.0049],"evs":[0.0,-2.96378]},"J9o":{"weight":0.0,"played":[0.9996,4.0E-4],"evs":[0.0,-2.75924]},"Q9o":{"weight":0.0,"played":[0.9999,1.0E-4],"evs":[0.0,-3.60878]},"K9o":{"weight":0.0,"played":[0.9992,8.0E-4],"evs":[0.0,-2.86755]},"A9o":{"weight":1.0,"played":[0.9998,2.0E-4],"evs":[0.0,-3.62284]},"T2s":{"weight":0.0,"played":[0.9949,0.0051],"evs":[0.0,-3.0223]},"T3s":{"weight":0.0,"played":[0.9572,0.0428],"evs":[0.0,-3.14131]},"T4s":{"weight":0.0,"played":[0.9999,1.0E-4],"evs":[0.0,-3.52927]},"T5s":{"weight":0.0,"played":[0.972,0.028],"evs":[0.0,-1.80006]},"T6s":{"weight":0.0,"played":[0.999,0.001],"evs":[0.0,-1.98631]},"T7s":{"weight":0.0,"played":[0.9966,0.0034],"evs":[0.0,-0.92491]},"T8s":{"weight":0.0,"played":[0.9651,0.0349],"evs":[0.0,-2.4756]},"T9s":{"weight":0.113,"played":[0.8115,0.1885],"evs":[0.0,-1.03054]},"TT":{"weight":4.0E-4,"played":[0.0154,0.9846],"evs":[0.0,0.76862]},"JTo":{"weight":0.0,"played":[0.9987,0.0013],"evs":[0.0,-3.05356]},"QTo":{"weight":0.0,"played":[0.9991,9.0E-4],"evs":[0.0,-2.88185]},"KTo":{"weight":0.0,"played":[0.9999,1.0E-4],"evs":[0.0,-2.52359]},"ATo":{"weight":0.5714,"played":[0.9993,7.0E-4],"evs":[0.0,-3.56951]},"J2s":{"weight":0.0,"played":[0.9998,2.0E-4],"evs":[0.0,-2.88149]},"J3s":{"weight":0.0,"played":[0.9996,4.0E-4],"evs":[0.0,-1.67045]},"J4s":{"weight":0.0,"played":[0.9986,0.0014],"evs":[0.0,-1.97489]},"J5s":{"weight":0.0,"played":[0.9007,0.0993],"evs":[0.0,-2.25268]},"J6s":{"weight":0.0,"played":[0.9865,0.0135],"evs":[0.0,-2.16411]},"J7s":{"weight":0.0,"played":[0.9902,0.0098],"evs":[0.0,-2.09073]},"J8s":{"weight":0.0,"played":[0.8988,0.1012],"evs":[0.0,-1.70705]},"J9s":{"weight":0.0,"played":[0.999,0.001],"evs":[0.0,-2.78924]},"JTs":{"weight":0.9649,"played":[0.9996,4.0E-4],"evs":[0.0,-2.40097]},"JJ":{"weight":0.8652,"played":[3.0E-4,0.9997],"evs":[0.0,2.79236]},"QJo":{"weight":0.0,"played":[0.9968,0.0032],"evs":[0.0,-2.69627]},"KJo":{"weight":0.9325,"played":[0.9991,9.0E-4],"evs":[0.0,-2.91828]},"AJo":{"weight":0.3315,"played":[0.9995,5.0E-4],"evs":[0.0,-2.51716]},"Q2s":{"weight":0.0,"played":[0.9982,0.0018],"evs":[0.0,-3.00414]},"Q3s":{"weight":0.0,"played":[0.9996,4.0E-4],"evs":[0.0,-3.99779]},"Q4s":{"weight":0.0,"played":[0.984,0.016],"evs":[0.0,-2.91702]},"Q5s":{"weight":0.0,"played":[0.9858,0.0142],"evs":[0.0,-2.29526]},"Q6s":{"weight":0.0,"played":[0.9998,2.0E-4],"evs":[0.0,-1.97863]},"Q7s":{"weight":0.0,"played":[0.9968,0.0032],"evs":[0.0,-2.69924]},"Q8s":{"weight":0.0,"played":[0.9999,1.0E-4],"evs":[0.0,-2.86513]},"Q9s":{"weight":2.0E-4,"played":[0.9873,0.0127],"evs":[0.0,-1.8376]},"QTs":{"weight":0.9877,"played":[0.9999,1.0E-4],"evs":[0.0,-1.60334]},"QJs":{"weight":0.9248,"played":[0.9999,1.0E-4],"evs":[0.0,-2.22447]},"QQ":{"weight":1.0,"played":[0.0,1.0],"evs":[0.0,4.48337]},"KQo":{"weight":0.9844,"played":[0.9998,2.0E-4],"evs":[0.0,-2.58322]},"AQo":{"weight":0.0825,"played":[0.9878,0.0122],"evs":[0.0,-1.52731]},"K2s":{"weight":0.0,"played":[0.9893,0.0107],"evs":[0.0,-2.9122]},"K3s":{"weight":0.0,"played":[0.9997,3.0E-4],"evs":[0.0,-2.85296]},"K4s":{"weight":0.0,"played":[0.9899,0.0101],"evs":[0.0,-2.73006]},"K5s":{"weight":0.0,"played":[0.9986,0.0014],"evs":[0.0,-1.72495]},"K6s":{"weight":0.0,"played":[0.9985,0.0015],"evs":[0.0,-1.59677]},"K7s":{"weight":0.0,"played":[0.9952,0.0048],"evs":[0.0,-3.18811]},"K8s":{"weight":0.0,"played":[0.9973,0.0027],"evs":[0.0,-1.32466]},"K9s":{"weight":0.0,"played":[0.9937,0.0063],"evs":[0.0,-2.73594]},"KTs":{"weight":0.7826,"played":[0.9985,0.0015],"evs":[0.0,-1.72462]},"KJs":{"weight":0.0022,"played":[0.9971,0.0029],"evs":[0.0,-0.79138]},"KQs":{"weight":0.0024,"played":[0.9833,0.0167],"evs":[0.0,-1.69542]},"KK":{"weight":1.0,"played":[0.0,1.0],"evs":[0.0,7.72109]},"AKo":{"weight":0.2903,"played":[0.1406,0.8594],"evs":[0.0,0.33185]},"A2s":{"weight":0.5457,"played":[1.0,0.0],"evs":[0.0,-2.36538]},"A3s":{"weight":0.352,"played":[0.9859,0.0141],"evs":[0.0,-1.63232]},"A4s":{"weight":0.639,"played":[0.997,0.003],"evs":[0.0,-1.58675]},"A5s":{"weight":0.2597,"played":[0.9962,0.0038],"evs":[0.0,-2.51171]},"A6s":{"weight":0.979,"played":[0.999,0.001],"evs":[0.0,-2.05017]},"A7s":{"weight":0.153,"played":[0.9825,0.0175],"evs":[0.0,-1.42892]},"A8s":{"weight":0.0136,"played":[0.9686,0.0314],"evs":[0.0,-2.37824]},"A9s":{"weight":0.0027,"played":[0.9946,0.0054],"evs":[0.0,-2.01661]},"ATs":{"weight":0.0019,"played":[0.9995,5.0E-4],"evs":[0.0,-0.58475]},"AJs":{"weight":0.0,"played":[0.9472,0.0528],"evs":[0.0,-2.06802]},"AQs":{"weight":0.0,"played":[0.9783,0.0217],"evs":[0.0,-2.61657]},"AKs":{"weight":0.9939,"played":[0.0,1.0],"evs":[0.0,2.29134]},"AA":{"weight":1.0,"played":[0.0,1.0],"evs":[0.0,10.72438]}}}