{"player":3,"street":0,"children":2,"sequence":[{"player":0,"type":"F","amount":0,"street":0},{"player":1,"type":"R","amount":7840000,"street":0},{"player":2,"type":"F","amount":0,"street":0},{"player":3,"type":"C","amount":7840000,"street":0},{"player":4,"type":"R","amount":35040000,"street":0},{"player":5,"type":"C","amount":11360000,"street":0},{"player":6,"type":"C","amount":19040000,"street":0}],"actions":[{"type":"F","amount":0},{"type":"C","amount":27200000}],"hands":{"22":{"weight":0.9971,"played":[0.8023,0.1977],"evs":[0.0,-0.15113]},"32o":{"weight":0.0,"played":[0.9698,0.0302],"evs":[0.0,-2.50303]},"42o":{"weight":0.0,"played":[0.9923,0.0077],"evs":[0.0,-4.83732]},"52o":{"weight":0.0,"played":[0.9419,0.0581],"evs":[0.0,-2.08621]},"62o":{"weight":0.0,"played":[0.9916,0.0084],"evs":[0.0,-3.4744]},"72o":{"weight":0.0,"played":[0.9729,0.0271],"evs":[0.0,-2.30765]},"82o":{"weight":0.0,"played":[0.9932,0.0068],"evs":[0.0,-3.49143]},"92o":{"weight":0.0,"played":[0.9056,0.0944],"evs":[0.0,-4.43655]},"T2o":{"weight":0.0,"played":[0.9998,2.0E-4],"evs":[0.0,-4.46088]},"J2o":{"weight":0.0,"played":[0.9268,0.0732],"evs":[0.0,-3.47554]},"Q2o":{"weight":0.0,"played":[0.8317,0.1683],"evs":[0.0,-0.71614]},"K2o":{"weight":0.0,"played":[0.955,0.045],"evs":[0.0,-1.10496]},"A2o":{"weight":0.0,"played":[0.9313,0.0687],"evs":[0.0,-3.18436]},"32s":{"weight":0.0,"played":[0.1452,0.8548],"evs":[0.0,0.94592]},"33":{"weight":0.6206,"played":[0.0867,0.9133],"evs":[0.0,1.1298]},"43o":{"weight":0.0,"played":[0.9953,0.0047],"evs":[0.0,-3.14374]},"53o":{"weight":0.0,"played":[0.9913,0.0087],"evs":[0.0,-3.84245]},"63o":{"weight":0.0,"played":[0.9976,0.0024],"evs":[0.0,-1.90331]},"73o":{"weight":0.0,"played":[1.0,0.0],"evs":[0.0,-1.67052]},"83o":{"weight":0.0,"played":[1.0,0.0],"evs":[0.0,-2.15941]},"93o":{"weight":0.0,"played":[0.9473,0.0527],"evs":[0.0,-2.92964]},"T3o":{"weight":0.0,"played":[0.9991,9.0E-4],"evs":[0.0,-5.10071]},"J3o":{"weight":0.0,"played":[0.7487,0.2513],"evs":[0.0,-1.08711]},"Q3o":{"weight":0.0,"played":[0.9707,0.0293],"evs":[0.0,-2.24889]},"K3o":{"weight":0.0,"played":[0.4205,0.5795],"evs":[0.0,0.60665]},"A3o":{"weight":0.0,"played":[0.9658,0.0342],"evs":[0.0,-0.03872]},"42s":{"weight":0.0,"played":[0.5346,0.4654],"evs":[0.0,-1.00732]},"43s":{"weight":0.0,"played":[0.2115,0.7885],"evs":[0.0,-0.22975]},"44":{"weight":0.8234,"played":[0.0796,0.9204],"evs":[0.0,0.15134]},"54o":{"weight":0.0,"played":[0.9609,0.0391],"evs":[0.0,-2.11058]},"64o":{"weight":0.0,"played":[0.9893,0.0107],"evs":[0.0,-2.69567]},"74o":{"weight":0.0,"played":[0.899,0.101],"evs":[0.0,-3.04566]},"84o":{"weight":0.0,"played":[0.6987,0.3013],"evs":[0.0,0.50326]},"94o":{"weight":0.0,"played":[0.7807,0.2193],"evs":[0.0,-2.79424]},"T4o":{"weight":0.0,"played":[0.8229,0.1771],"evs":[0.0,-3.03115]},"J4o":{"weight":0.0,"played":[0.9914,0.0086],"evs":[0.0,-1.52978]},"Q4o":{"weight":0.0,"played":[0.999,0.001],"evs":[0.0,-1.90892]},"K4o":{"weight":0.0,"played":[0.9145,0.0855],"evs":[0.0,-5.65589]},"A4o":{"weight":0.0,"played":[0.8643,0.1357],"evs":[0.0,-2.89343]},"52s":{"weight":0.0,"played":[0.099,0.901],"evs":[0.0,1.63242]},"53s":{"weight":0.0,"played":[0.8109,0.1891],"evs":[0.0,-0.09909]},"54s":{"weight":0.0,"played":[0.9133,0.0867],"evs":[0.0,-2.08989]},"55":{"weight":0.5488,"played":[0.7679,0.2321],"evs":[0.0,0.78701]},"65o":{"weight":0.0,"played":[0.9736,0.0264],"evs":[0.0,-4.60011]},"75o":{"weight":0.0,"played":[0.7695,0.2305],"evs":[0.0,-1.28242]},"85o":{"weight":0.0,"played":[0.7866,0.2134],"evs":[0.0,-2.15111]},"95o":{"weight":0.0,"played":[0.9886,0.0114],"evs":[0.0,-3.39955]},"T5o":{"weight":0.0,"played":[0.9964,0.0036],"evs":[0.0,-3.96774]},"J5o":{"weight":0.0,"played":[0.9829,0.0171],"evs":[0.0,-2.82645]},"Q5o":{"weight":0.0,"played":[1.0,0.0],"evs":[0.0,-3.69181]},"K5o":{"weight":0.0,"played":[0.9645,0.0355],"evs":[0.0,-3.92325]},"A5o":{"weight":0.0,"played":[0.5107,0.4893],"evs":[0.0,0.3687]},"62s":{"weight":0.0,"played":[0.7893,0.2107],"evs":[0.0,-3.49153]},"63s":{"weight":0.0,"played":[0.7476,0.2524],"evs":[0.0,-0.49541]},"64s":{"weight":0.0,"played":[0.0054,0.9946],"evs":[0.0,5.41996]},"65s":{"weight":0.0,"played":[0.4886,0.5114],"evs":[0.0,-2.48539]},"66":{"weight":0.225,"played":[0.4545,0.5455],"evs":[0.0,1.32564]},"76o":{"weight":0.0,"played":[1.0,0.0],"evs":[0.0,-2.2743]},"86o":{"weight":0.0,"played":[0.9959,0.0041],"evs":[0.0,-2.12897]},"96o":{"weight":0.0,"played":[0.9358,0.0642],"evs":[0.0,-3.65448]},"T6o":{"weight":0.0,"played":[1.0,0.0],"evs":[0.0,-4.22001]},"J6o":{"weight":0.0,"played":[0.8927,0.1073],"evs":[0.0,-2.0132]},"Q6o":{"weight":0.0,"played":[0.9919,0.0081],"evs":[0.0,-4.11778]},"K6o":{"weight":0.0,"played":[0.7127,0.2873],"evs":[0.0,-2.30356]},"A6o":{"weight":0.0,"played":[0.9915,0.0085],"evs":[0.0,-4.22001]},"72s":{"weight":0.0,"played":[0.8453,0.1547],"evs":[0.0,-1.13165]},"73s":{"weight":0.0,"played":[0.3394,0.6606],"evs":[0.0,-0.2963]},"74s":{"weight":0.0,"played":[0.9336,0.0664],"evs":[0.0,1.35886]},"75s":{"weight":0.0,"played":[0.7964,0.2036],"evs":[0.0,-0.88829]},"76s":{"weight":0.0,"played":[0.8431,0.1569],"evs":[0.0,-2.09208]},"77":{"weight":0.9038,"played":[0.8607,0.1393],"evs":[0.0,0.15106]},"87o":{"weight":0.0,"played":[0.9992,8.0E-4],"evs":[0.0,-2.56795]},"97o":{"weight":0.0,"played":[0.9152,0.0848],"evs":[0.0,-2.51715]},"T7o":{"weight":0.0,"played":[0.8591,0.1409],"evs":[0.0,-3.08496]},"J7o":{"weight":0.0,"played":[0.9363,0.0637],"evs":[0.0,-3.59464]},"Q7o":{"weight":0.0,"played":[0.9494,0.0506],"evs":[0.0,-2.23886]},"K7o":{"weight":0.0,"played":[0.7469,0.2531],"evs":[0.0,-0.39293]},"A7o":{"weight":0.0,"played":[0.829,0.171],"evs":[0.0,-3.6376]},"82s":{"weight":0.0,"played":[0.9938,0.0062],"evs":[0.0,-0.72223]},"83s":{"weight":0.0,"played":[0.3873,0.6127],"evs":[0.0,-0.92761]},"84s":{"weight":0.0,"played":[0.2699,0.7301],"evs":[0.0,1.28649]},"85s":{"weight":0.0,"played":[0.0957,0.9043],"evs":[0.0,-0.84723]},"86s":{"weight":0.0,"played":[0.8884,0.1116],"evs":[0.0,-6.12343]},"87s":{"weight":0.0,"played":[1.0,0.0],"evs":[0.0,-2.29937]},"88":{"weight":0.4098,"played":[0.9288,0.0712],"evs":[0.0,0.08051]},"98o":{"weight":0.0,"played":[0.4523,0.5477],"evs":[0.0,0.36445]},"T8o":{"weight":0.0,"played":[0.567,0.433],"evs":[0.0,1.78051]},"J8o":{"weight":0.0,"played":[0.8081,0.1919],"evs":[0.0,-3.53421]},"Q8o":{"weight":0.0,"played":[0.7244,0.2756],"evs":[0.0,-3.23371]},"K8o":{"weight":0.0,"played":[0.2455,0.7545],"evs":[0.0,0.53109]},"A8o":{"weight":1.0,"played":[1.0,0.0],"evs":[0.0,-3.91704]},"92s":{"weight":0.0,"played":[0.7386,0.2614],"evs":[0.0,0.32115]},"93s":{"weight":0.0,"played":[0.7661,0.2339],"evs":[0.0,-3.27168]},"94s":{"weight":0.0,"played":[0.6979,0.3021],"evs":[0.0,-2.17483]},"95s":{"weight":0.0,"played":[0.0276,0.9724],"evs":[0.0,4.07421]},"96s":{"weight":0.0,"played":[0.9185,0.0815],"evs":[0.0,-3.55418]},"97s":{"weight":0.0,"played":[0.9984,0.0016],"evs":[0.0,-4.48134]},"98s":{"weight":0.0,"played":[1.0,0.0],"evs":[0.0,-4.05278]},"99":{"weight":0.0,"played":[0.4239,0.5761],"evs":[0.0,-0.30228]},"T9o":{"weight":0.0,"played":[0.8311,0.1689],"evs":[0.0,-1.81936]},"J9o":{"weight":0.0,"played":[0.9881,0.0119],"evs":[0.0,-2.9329]},"Q9o":{"weight":0.0,"played":[0.8478,0.1522],"evs":[0.0,-2.23265]},"K9o":{"weight":0.0,"played":[0.976,0.024],"evs":[0.0,-3.25628]},"A9o":{"weight":1.0,"played":[0.9748,0.0252],"evs":[0.0,-2.87778]},"T2s":{"weight":0.0,"played":[0.0,1.0],"evs":[0.0,1.8655]},"T3s":{"weight":0.0,"played":[0.9481,0.0519],"evs":[0.0,-1.19625]},"T4s":{"weight":0.0,"played":[0.8859,0.1141],"evs":[0.0,-3.72637]},"T5s":{"weight":0.0,"played":[0.936,0.064],"evs":[0.0,-1.4767]},"T6s":{"weight":0.0,"played":[0.8977,0.1023],"evs":[0.0,-2.83578]},"T7s":{"weight":0.0,"played":[0.8305,0.1695],"evs":[0.0,-3.22389]},"T8s":{"weight":0.0,"played":[0.6126,0.3874],"evs":[0.0,-0.32882]},"T9s":{"weight":0.113,"played":[0.7191,0.2809],"evs":[0.0,-1.21061]},"TT":{"weight":4.0E-4,"played":[0.0537,0.9463],"evs":[0.0,2.63066]},"JTo":{"weight":0.0,"played":[0.2988,0.7012],"evs":[0.0,-0.02457]},"QTo":{"weight":0.0,"played":[0.7308,0.2692],"evs":[0.0,-2.01223]},"KTo":{"weight":0.0,"played":[0.9423,0.0577],"evs":[0.0,-1.4259]},"ATo":{"weight":0.5714,"played":[0.9542,0.0458],"evs":[0.0,-2.78859]},"J2s":{"weight":0.0,"played":[0.1955,0.8045],"evs":[0.0,-0.83131]},"J3s":{"weight":0.0,"played":[0.3012,0.6988],"evs":[0.0,1.65274]},"J4s":{"weight":0.0,"played":[0.6723,0.3277],"evs":[0.0,0.7816]},"J5s":{"weight":0.0,"played":[0.7268,0.2732],"evs":[0.0,-0.66366]},"J6s":{"weight":0.0,"played":[0.0541,0.9459],"evs":[0.0,3.95796]},"J7s":{"weight":0.0,"played":[0.9822,0.0178],"evs":[0.0,-0.13121]},"J8s":{"weight":0.0,"played":[0.7595,0.2405],"evs":[0.0,0.01939]},"J9s":{"weight":0.0,"played":[0.992,0.008],"evs":[0.0,-2.31781]},"JTs":{"weight":0.9649,"played":[0.5532,0.4468],"evs":[0.0,-0.24152]},"JJ":{"weight":0.8652,"played":[0.0,1.0],"evs":[0.0,3.53117]},"QJo":{"weight":0.0,"played":[0.5939,0.4061],"evs":[0.0,0.40617]},"KJo":{"weight":0.9325,"played":[0.911,0.089],"evs":[0.0,-0.34079]},"AJo":{"weight":0.3315,"played":[0.5932,0.4068],"evs":[0.0,-0.66829]},"Q2s":{"weight":0.0,"played":[0.4254,0.5746],"evs":[0.0,0.8691]},"Q3s":{"weight":0.0,"played":[0.8366,0.1634],"evs":[0.0,-0.37436]},"Q4s":{"weight":0.0,"played":[0.7438,0.2562],"evs":[0.0,-3.51824]},"Q5s":{"weight":0.0,"played":[0.1546,0.8454],"evs":[0.0,5.39148]},"Q6s":{"weight":0.0,"played":[1.0,0.0],"evs":[0.0,-3.71618]},"Q7s":{"weight":0.0,"played":[0.4749,0.5251],"evs":[0.0,1.18383]},"Q8s":{"weight":0.0,"played":[0.6959,0.3041],"evs":[0.0,-0.07024]},"Q9s":{"weight":2.0E-4,"played":[0.6387,0.3613],"evs":[0.0,-2.79709]},"QTs":{"weight":0.9877,"played":[0.7905,0.2095],"evs":[0.0,-1.71387]},"QJs":{"weight":0.9248,"played":[0.5951,0.4049],"evs":[0.0,-1.61946]},"QQ":{"weight":1.0,"played":[0.0055,0.9945],"evs":[0.0,3.01502]},"KQo":{"weight":0.9844,"played":[0.9838,0.0162],"evs":[0.0,-0.65991]},"AQo":{"weight":0.0825,"played":[0.9625,0.0375],"evs":[0.0,-5.32934]},"K2s":{"weight":0.0,"played":[0.1685,0.8315],"evs":[0.0,0.62603]},"K3s":{"weight":0.0,"played":[0.7943,0.2057],"evs":[0.0,-2.46039]},"K4s":{"weight":0.0,"played":[0.9157,0.0843],"evs":[0.0,-2.39043]},"K5s":{"weight":0.0,"played":[0.5558,0.4442],"evs":[0.0,2.54258]},"K6s":{"weight":0.0,"played":[0.359,0.641],"evs":[0.0,-1.88494]},"K7s":{"weight":0.0,"played":[0.972,0.028],"evs":[0.0,-4.45786]},"K8s":{"weight":0.0,"played":[0.909,0.091],"evs":[0.0,-5.55183]},"K9s":{"weight":0.0,"played":[0.1442,0.8558],"evs":[0.0,-0.81908]},"KTs":{"weight":0.7826,"played":[0.5783,0.4217],"evs":[0.0,-1.01423]},"KJs":{"weight":0.0022,"played":[0.7922,0.2078],"evs":[0.0,-2.16137]},"KQs":{"weight":0.0024,"played":[0.9994,6.0E-4],"evs":[0.0,-2.98917]},"KK":{"weight":1.0,"played":[0.0032,0.9968],"evs":[0.0,8.1628]},"AKo":{"weight":0.2903,"played":[0.0929,0.9071],"evs":[0.0,1.76588]},"A2s":{"weight":0.5457,"played":[0.3424,0.6576],"evs":[0.0,0.15032]},"A3s":{"weight":0.352,"played":[0.613,0.387],"evs":[0.0,-2.05609]},"A4s":{"weight":0.639,"played":[0.069,0.931],"evs":[0.0,-0.26216]},"A5s":{"weight":0.2597,"played":[0.9789,0.0211],"evs":[0.0,-2.96786]},"A6s":{"weight":0.979,"played":[0.929,0.071],"evs":[0.0,-3.53399]},"A7s":{"weight":0.153,"played":[0.9547,0.0453],"evs":[0.0,-0.35272]},"A8s":{"weight":0.0136,"played":[0.2741,0.7259],"evs":[0.0,-0.79122]},"A9s":{"weight":0.0027,"played":[0.925,0.075],"evs":[0.0,-4.06073]},"ATs":{"weight":0.0019,"played":[0.1661,0.8339],"evs":[0.0,-0.72019]},"AJs":{"weight":0.0,"played":[0.5565,0.4435],"evs":[0.0,0.56116]},"AQs":{"weight":0.0,"played":[0.0491,0.9509],"evs":[0.0,4.09461]},"AKs":{"weight":0.9939,"played":[0.0593,0.9407],"evs":[0.0,2.83668]},"AA":{"weight":1.0,"played":[0.0098,0.9902],"evs":[0.0,9.9627]}}}