{"player":4,"street":0,"children":2,"sequence":[{"player":0,"type":"F","amount":0,"street":0},{"player":1,"type":"R","amount":7840000,"street":0},{"player":2,"type":"F","amount":0,"street":0},{"player":3,"type":"R","amount":35040000,"street":0}],"actions":[{"type":"F","amount":0,"node":92},{"type":"C","amount":35040000,"node":95}],"hands":{"22":{"weight":1.0,"played":[1.0,0.0],"evs":[0.0,-4.17205]},"32o":{"weight":1.0,"played":[1.0,0.0],"evs":[0.0,-7.48285]},"42o":{"weight":1.0,"played":[1.0,0.0],"evs":[0.0,-7.23076]},"52o":{"weight":1.0,"played":[1.0,0.0],"evs":[0.0,-7.13226]},"62o":{"weight":1.0,"played":[1.0,0.0],"evs":[0.0,-7.22681]},"72o":{"weight":1.0,"played":[1.0,0.0],"evs":[0.0,-7.44313]},"82o":{"weight":1.0,"played":[1.0,0.0],"evs":[0.0,-7.39921]},"92o":{"weight":1.0,"played":[1.0,0.0],"evs":[0.0,-7.21799]},"T2o":{"weight":1.0,"played":[1.0,0.0],"evs":[0.0,-7.09117]},"J2o":{"weight":1.0,"played":[1.0,0.0],"evs":[0.0,-7.01394]},"Q2o":{"weight":1.0,"played":[1.0,0.0],"evs":[0.0,-6.95142]},"K2o":{"weight":1.0,"played":[1.0,0.0],"evs":[0.0,-6.76695]},"A2o":{"weight":1.0,"played":[1.0,0.0],"evs":[0.0,-6.4323]},"32s":{"weight":1.0,"played":[1.0,0.0],"evs":[0.0,-6.51995]},"33":{"weight":1.0,"played":[1.0,0.0],"evs":[0.0,-3.85648]},"43o":{"weight":1.0,"played":[1.0,0.0],"evs":[0.0,-6.89506]},"53o":{"weight":1.0,"played":[1.0,0.0],"evs":[0.0,-6.73523]},"63o":{"weight":1.0,"played":[1.0,0.0],"evs":[0.0,-6.83336]},"73o":{"weight":1.0,"played":[1.0,0.0],"evs":[0.0,-7.07981]},"83o":{"weight":1.0,"played":[1.0,0.0],"evs":[0.0,-7.38112]},"93o":{"weight":1.0,"played":[1.0,0.0],"evs":[0.0,-7.09678]},"T3o":{"weight":1.0,"played":[1.0,0.0],"evs":[0.0,-6.93327]},"J3o":{"weight":1.0,"played":[1.0,0.0],"evs":[0.0,-6.94833]},"Q3o":{"weight":1.0,"played":[1.0,0.0],"evs":[0.0,-6.87251]},"K3o":{"weight":1.0,"played":[1.0,0.0],"evs":[0.0,-6.7084]},"A3o":{"weight":1.0,"played":[1.0,0.0],"evs":[0.0,-6.29344]},"42s":{"weight":1.0,"played":[1.0,0.0],"evs":[0.0,-6.32443]},"43s":{"weight":1.0,"played":[1.0,0.0],"evs":[0.0,-6.07299]},"44":{"weight":1.0,"played":[1.0,0.0],"evs":[0.0,-3.31994]},"54o":{"weight":1.0,"played":[1.0,0.0],"evs":[0.0,-6.30525]},"64o":{"weight":1.0,"played":[1.0,0.0],"evs":[0.0,-6.35879]},"74o":{"weight":1.0,"played":[1.0,0.0],"evs":[0.0,-6.64604]},"84o":{"weight":1.0,"played":[1.0,0.0],"evs":[0.0,-6.8613]},"94o":{"weight":1.0,"played":[1.0,0.0],"evs":[0.0,-7.02396]},"T4o":{"weight":1.0,"played":[1.0,0.0],"evs":[0.0,-6.75799]},"J4o":{"weight":1.0,"played":[1.0,0.0],"evs":[0.0,-6.69543]},"Q4o":{"weight":1.0,"played":[1.0,0.0],"evs":[0.0,-6.63551]},"K4o":{"weight":1.0,"played":[1.0,0.0],"evs":[0.0,-6.51932]},"A4o":{"weight":1.0,"played":[1.0,0.0],"evs":[0.0,-6.08816]},"52s":{"weight":1.0,"played":[1.0,0.0],"evs":[0.0,-6.25755]},"53s":{"weight":1.0,"played":[1.0,0.0],"evs":[0.0,-5.83928]},"54s":{"weight":1.0,"played":[1.0,0.0],"evs":[0.0,-5.43693]},"55":{"weight":1.0,"played":[1.0,0.0],"evs":[0.0,-2.79711]},"65o":{"weight":1.0,"played":[1.0,0.0],"evs":[0.0,-5.99924]},"75o":{"weight":1.0,"played":[1.0,0.0],"evs":[0.0,-6.20643]},"85o":{"weight":1.0,"played":[1.0,0.0],"evs":[0.0,-6.47791]},"95o":{"weight":1.0,"played":[1.0,0.0],"evs":[0.0,-6.6421]},"T5o":{"weight":1.0,"played":[1.0,0.0],"evs":[0.0,-6.72072]},"J5o":{"weight":1.0,"played":[1.0,0.0],"evs":[0.0,-6.57858]},"Q5o":{"weight":1.0,"played":[1.0,0.0],"evs":[0.0,-6.56311]},"K5o":{"weight":1.0,"played":[1.0,0.0],"evs":[0.0,-6.36474]},"A5o":{"weight":1.0,"played":[1.0,0.0],"evs":[0.0,-5.90102]},"62s":{"weight":1.0,"played":[1.0,0.0],"evs":[0.0,-6.29811]},"63s":{"weight":1.0,"played":[1.0,0.0],"evs":[0.0,-5.87131]},"64s":{"weight":1.0,"played":[1.0,0.0],"evs":[0.0,-5.53228]},"65s":{"weight":1.0,"played":[1.0,0.0],"evs":[0.0,-5.15017]},"66":{"weight":1.0,"played":[1.0,0.0],"evs":[0.0,-2.1298]},"76o":{"weight":1.0,"played":[1.0,0.0],"evs":[0.0,-5.81663]},"86o":{"weight":1.0,"played":[1.0,0.0],"evs":[0.0,-6.00813]},"96o":{"weight":1.0,"played":[1.0,0.0],"evs":[0.0,-5.98837]},"T6o":{"weight":1.0,"played":[1.0,0.0],"evs":[0.0,-6.2029]},"J6o":{"weight":1.0,"played":[1.0,0.0],"evs":[0.0,-6.44056]},"Q6o":{"weight":1.0,"played":[1.0,0.0],"evs":[0.0,-6.30059]},"K6o":{"weight":1.0,"played":[1.0,0.0],"evs":[0.0,-6.1376]},"A6o":{"weight":1.0,"played":[1.0,0.0],"evs":[0.0,-6.03257]},"72s":{"weight":1.0,"played":[1.0,0.0],"evs":[0.0,-6.51415]},"73s":{"weight":1.0,"played":[1.0,0.0],"evs":[0.0,-6.21493]},"74s":{"weight":1.0,"played":[1.0,0.0],"evs":[0.0,-5.76106]},"75s":{"weight":1.0,"played":[1.0,0.0],"evs":[0.0,-5.39916]},"76s":{"weight":1.0,"played":[1.0,0.0],"evs":[0.0,-5.00454]},"77":{"weight":1.0,"played":[1.0,0.0],"evs":[0.0,-1.66216]},"87o":{"weight":1.0,"played":[1.0,0.0],"evs":[0.0,-5.75963]},"97o":{"weight":1.0,"played":[1.0,0.0],"evs":[0.0,-5.79977]},"T7o":{"weight":1.0,"played":[1.0,0.0],"evs":[0.0,-5.86615]},"J7o":{"weight":1.0,"played":[1.0,0.0],"evs":[0.0,-6.1162]},"Q7o":{"weight":1.0,"played":[1.0,0.0],"evs":[0.0,-6.25879]},"K7o":{"weight":1.0,"played":[1.0,0.0],"evs":[0.0,-6.07688]},"A7o":{"weight":1.0,"played":[1.0,0.0],"evs":[0.0,-5.6811]},"82s":{"weight":1.0,"played":[1.0,0.0],"evs":[0.0,-6.31944]},"83s":{"weight":1.0,"played":[1.0,0.0],"evs":[0.0,-6.51066]},"84s":{"weight":1.0,"played":[1.0,0.0],"evs":[0.0,-6.00419]},"85s":{"weight":1.0,"played":[1.0,0.0],"evs":[0.0,-5.61722]},"86s":{"weight":1.0,"played":[1.0,0.0],"evs":[0.0,-5.03533]},"87s":{"weight":1.0,"played":[1.0,0.0],"evs":[0.0,-4.84571]},"88":{"weight":1.0,"played":[1.0,0.0],"evs":[0.0,-1.05416]},"98o":{"weight":1.0,"played":[1.0,0.0],"evs":[0.0,-5.50841]},"T8o":{"weight":1.0,"played":[1.0,0.0],"evs":[0.0,-5.59712]},"J8o":{"weight":1.0,"played":[1.0,0.0],"evs":[0.0,-5.8439]},"Q8o":{"weight":1.0,"played":[1.0,0.0],"evs":[0.0,-6.0095]},"K8o":{"weight":1.0,"played":[1.0,0.0],"evs":[0.0,-6.17226]},"A8o":{"weight":1.0,"played":[1.0,0.0],"evs":[0.0,-5.41434]},"92s":{"weight":1.0,"played":[1.0,0.0],"evs":[0.0,-6.25133]},"93s":{"weight":1.0,"played":[1.0,0.0],"evs":[0.0,-6.19341]},"94s":{"weight":1.0,"played":[1.0,0.0],"evs":[0.0,-6.02882]},"95s":{"weight":1.0,"played":[1.0,0.0],"evs":[0.0,-5.65518]},"96s":{"weight":1.0,"played":[1.0,0.0],"evs":[0.0,-5.24505]},"97s":{"weight":1.0,"played":[1.0,0.0],"evs":[0.0,-4.95089]},"98s":{"weight":1.0,"played":[1.0,0.0],"evs":[0.0,-4.6514]},"99":{"weight":1.0,"played":[0.538,0.462],"evs":[0.0,-0.08498]},"T9o":{"weight":1.0,"played":[1.0,0.0],"evs":[0.0,-5.1261]},"J9o":{"weight":1.0,"played":[1.0,0.0],"evs":[0.0,-5.41889]},"Q9o":{"weight":1.0,"played":[1.0,0.0],"evs":[0.0,-5.55976]},"K9o":{"weight":1.0,"played":[1.0,0.0],"evs":[0.0,-5.69821]},"A9o":{"weight":1.0,"played":[1.0,0.0],"evs":[0.0,-4.87668]},"T2s":{"weight":1.0,"played":[1.0,0.0],"evs":[0.0,-6.20372]},"T3s":{"weight":1.0,"played":[1.0,0.0],"evs":[0.0,-6.0621]},"T4s":{"weight":1.0,"played":[1.0,0.0],"evs":[0.0,-5.9353]},"T5s":{"weight":1.0,"played":[1.0,0.0],"evs":[0.0,-5.859]},"T6s":{"weight":1.0,"played":[1.0,0.0],"evs":[0.0,-5.4125]},"T7s":{"weight":1.0,"played":[1.0,0.0],"evs":[0.0,-5.00846]},"T8s":{"weight":1.0,"played":[1.0,0.0],"evs":[0.0,-4.67296]},"T9s":{"weight":1.0,"played":[1.0,0.0],"evs":[0.0,-4.29704]},"TT":{"weight":1.0,"played":[0.0,1.0],"evs":[0.0,1.43971]},"JTo":{"weight":1.0,"played":[1.0,0.0],"evs":[0.0,-4.88432]},"QTo":{"weight":1.0,"played":[1.0,0.0],"evs":[0.0,-5.10353]},"KTo":{"weight":1.0,"played":[1.0,0.0],"evs":[0.0,-5.17084]},"ATo":{"weight":1.0,"played":[1.0,0.0],"evs":[0.0,-3.70593]},"J2s":{"weight":1.0,"played":[1.0,0.0],"evs":[0.0,-5.9918]},"J3s":{"weight":1.0,"played":[1.0,0.0],"evs":[0.0,-5.99969]},"J4s":{"weight":1.0,"played":[1.0,0.0],"evs":[0.0,-5.77768]},"J5s":{"weight":1.0,"played":[1.0,0.0],"evs":[0.0,-5.69345]},"J6s":{"weight":1.0,"played":[1.0,0.0],"evs":[0.0,-5.54623]},"J7s":{"weight":1.0,"played":[1.0,0.0],"evs":[0.0,-5.14198]},"J8s":{"weight":1.0,"played":[1.0,0.0],"evs":[0.0,-4.9205]},"J9s":{"weight":1.0,"played":[1.0,0.0],"evs":[0.0,-4.43508]},"JTs":{"weight":1.0,"played":[1.0,0.0],"evs":[0.0,-4.1119]},"JJ":{"weight":1.0,"played":[0.0,1.0],"evs":[0.0,2.49062]},"QJo":{"weight":1.0,"played":[1.0,0.0],"evs":[0.0,-5.05644]},"KJo":{"weight":1.0,"played":[1.0,0.0],"evs":[0.0,-4.75606]},"AJo":{"weight":1.0,"played":[1.0,0.0],"evs":[0.0,-2.50505]},"Q2s":{"weight":1.0,"played":[1.0,0.0],"evs":[0.0,-5.96993]},"Q3s":{"weight":1.0,"played":[1.0,0.0],"evs":[0.0,-5.89508]},"Q4s":{"weight":1.0,"played":[1.0,0.0],"evs":[0.0,-5.62197]},"Q5s":{"weight":1.0,"played":[1.0,0.0],"evs":[0.0,-5.56883]},"Q6s":{"weight":1.0,"played":[1.0,0.0],"evs":[0.0,-5.42693]},"Q7s":{"weight":1.0,"played":[1.0,0.0],"evs":[0.0,-5.33761]},"Q8s":{"weight":1.0,"played":[1.0,0.0],"evs":[0.0,-5.06538]},"Q9s":{"weight":1.0,"played":[1.0,0.0],"evs":[0.0,-4.74455]},"QTs":{"weight":1.0,"played":[1.0,0.0],"evs":[0.0,-4.29653]},"QJs":{"weight":1.0,"played":[1.0,0.0],"evs":[0.0,-4.20719]},"QQ":{"weight":1.0,"played":[0.0,1.0],"evs":[0.0,3.43237]},"KQo":{"weight":1.0,"played":[1.0,0.0],"evs":[0.0,-4.375]},"AQo":{"weight":1.0,"played":[1.0,0.0],"evs":[0.0,-1.08828]},"K2s":{"weight":1.0,"played":[1.0,0.0],"evs":[0.0,-5.84844]},"K3s":{"weight":1.0,"played":[1.0,0.0],"evs":[0.0,-5.73]},"K4s":{"weight":1.0,"played":[1.0,0.0],"evs":[0.0,-5.51683]},"K5s":{"weight":1.0,"played":[1.0,0.0],"evs":[0.0,-5.52824]},"K6s":{"weight":1.0,"played":[1.0,0.0],"evs":[0.0,-5.16149]},"K7s":{"weight":1.0,"played":[1.0,0.0],"evs":[0.0,-5.14994]},"K8s":{"weight":1.0,"played":[1.0,0.0],"evs":[0.0,-5.20275]},"K9s":{"weight":1.0,"played":[1.0,0.0],"evs":[0.0,-4.86523]},"KTs":{"weight":1.0,"played":[1.0,0.0],"evs":[0.0,-4.30489]},"KJs":{"weight":1.0,"played":[1.0,0.0],"evs":[0.0,-3.9689]},"KQs":{"weight":1.0,"played":[1.0,0.0],"evs":[0.0,-3.65889]},"KK":{"weight":1.0,"played":[0.0,1.0],"evs":[0.0,4.28974]},"AKo":{"weight":1.0,"played":[0.5247,0.4753],"evs":[0.0,0.09954]},"A2s":{"weight":1.0,"played":[1.0,0.0],"evs":[0.0,-5.41284]},"A3s":{"weight":1.0,"played":[1.0,0.0],"evs":[0.0,-5.30134]},"A4s":{"weight":1.0,"played":[1.0,0.0],"evs":[0.0,-5.13435]},"A5s":{"weight":1.0,"played":[1.0,0.0],"evs":[0.0,-4.87196]},"A6s":{"weight":1.0,"played":[1.0,0.0],"evs":[0.0,-5.11384]},"A7s":{"weight":1.0,"played":[1.0,0.0],"evs":[0.0,-4.69682]},"A8s":{"weight":1.0,"played":[1.0,0.0],"evs":[0.0,-4.48253]},"A9s":{"weight":1.0,"played":[1.0,0.0],"evs":[0.0,-3.93831]},"ATs":{"weight":1.0,"played":[1.0,0.0],"evs":[0.0,-2.81339]},"AJs":{"weight":1.0,"played":[1.0,0.0],"evs":[0.0,-1.69892]},"AQs":{"weight":1.0,"played":[0.997,0.003],"evs":[0.0,-0.4986]},"AKs":{"weight":1.0,"played":[1.0E-4,0.9999],"evs":[0.0,0.73233]},"AA":{"weight":1.0,"played":[0.0,1.0],"evs":[0.0,7.01671]}}}