{"player":6,"street":0,"children":2,"sequence":[{"player":0,"type":"F","amount":0,"street":0},{"player":1,"type":"R","amount":7840000,"street":0},{"player":2,"type":"F","amount":0,"street":0},{"player":3,"type":"R","amount":35040000,"street":0},{"player":4,"type":"C","amount":35040000,"street":0},{"player":5,"type":"C","amount":11360000,"street":0}],"actions":[{"type":"F","amount":0},{"type":"C","amount":19040000}],"hands":{"22":{"weight":1.0,"played":[0.9541,0.0459],"evs":[0.0,-4.13312]},"32o":{"weight":1.0,"played":[1.0,0.0],"evs":[0.0,-4.97246]},"42o":{"weight":1.0,"played":[0.9995,5.0E-4],"evs":[0.0,-5.67223]},"52o":{"weight":1.0,"played":[1.0,0.0],"evs":[0.0,-4.21066]},"62o":{"weight":1.0,"played":[0.9219,0.0781],"evs":[0.0,-3.2907]},"72o":{"weight":1.0,"played":[1.0,0.0],"evs":[0.0,-6.66718]},"82o":{"weight":1.0,"played":[0.9987,0.0013],"evs":[0.0,-5.32695]},"92o":{"weight":1.0,"played":[0.9992,8.0E-4],"evs":[0.0,-5.56575]},"T2o":{"weight":1.0,"played":[0.9992,8.0E-4],"evs":[0.0,-4.82356]},"J2o":{"weight":1.0,"played":[0.8997,0.1003],"evs":[0.0,-5.5776]},"Q2o":{"weight":1.0,"played":[1.0,0.0],"evs":[0.0,-5.85643]},"K2o":{"weight":1.0,"played":[0.9988,0.0012],"evs":[0.0,-5.97474]},"A2o":{"weight":1.0,"played":[0.9959,0.0041],"evs":[0.0,-5.93326]},"32s":{"weight":1.0,"played":[0.8872,0.1128],"evs":[0.0,-4.20402]},"33":{"weight":1.0,"played":[0.9375,0.0625],"evs":[0.0,-6.01556]},"43o":{"weight":1.0,"played":[0.9917,0.0083],"evs":[0.0,-4.49524]},"53o":{"weight":1.0,"played":[1.0,0.0],"evs":[0.0,-5.40254]},"63o":{"weight":1.0,"played":[0.9823,0.0177],"evs":[0.0,-3.32278]},"73o":{"weight":1.0,"played":[0.9988,0.0012],"evs":[0.0,-4.85586]},"83o":{"weight":1.0,"played":[0.9669,0.0331],"evs":[0.0,-5.62732]},"93o":{"weight":1.0,"played":[0.9988,0.0012],"evs":[0.0,-6.58861]},"T3o":{"weight":1.0,"played":[0.9989,0.0011],"evs":[0.0,-6.01636]},"J3o":{"weight":1.0,"played":[0.9991,9.0E-4],"evs":[0.0,-7.03241]},"Q3o":{"weight":1.0,"played":[1.0,0.0],"evs":[0.0,-6.36107]},"K3o":{"weight":1.0,"played":[0.862,0.138],"evs":[0.0,-1.87376]},"A3o":{"weight":1.0,"played":[0.9677,0.0323],"evs":[0.0,-5.97499]},"42s":{"weight":1.0,"played":[0.9998,2.0E-4],"evs":[0.0,-8.66473]},"43s":{"weight":1.0,"played":[0.7383,0.2617],"evs":[0.0,-3.60892]},"44":{"weight":1.0,"played":[0.9553,0.0447],"evs":[0.0,-3.25995]},"54o":{"weight":1.0,"played":[0.9989,0.0011],"evs":[0.0,-4.53057]},"64o":{"weight":1.0,"played":[1.0,0.0],"evs":[0.0,-5.18507]},"74o":{"weight":1.0,"played":[1.0,0.0],"evs":[0.0,-6.19358]},"84o":{"weight":1.0,"played":[1.0,0.0],"evs":[0.0,-5.73267]},"94o":{"weight":1.0,"played":[0.9995,5.0E-4],"evs":[0.0,-6.75978]},"T4o":{"weight":1.0,"played":[0.9966,0.0034],"evs":[0.0,-4.87561]},"J4o":{"weight":1.0,"played":[0.9978,0.0022],"evs":[0.0,-6.01411]},"Q4o":{"weight":1.0,"played":[0.9836,0.0164],"evs":[0.0,-5.44962]},"K4o":{"weight":1.0,"played":[0.9677,0.0323],"evs":[0.0,-4.32822]},"A4o":{"weight":1.0,"played":[0.9956,0.0044],"evs":[0.0,-5.72979]},"52s":{"weight":1.0,"played":[0.9187,0.0813],"evs":[0.0,-2.71263]},"53s":{"weight":1.0,"played":[0.9691,0.0309],"evs":[0.0,-2.04945]},"54s":{"weight":1.0,"played":[0.9772,0.0228],"evs":[0.0,-6.00151]},"55":{"weight":1.0,"played":[0.9926,0.0074],"evs":[0.0,-4.751]},"65o":{"weight":1.0,"played":[0.9961,0.0039],"evs":[0.0,-4.30141]},"75o":{"weight":1.0,"played":[0.9971,0.0029],"evs":[0.0,-4.6861]},"85o":{"weight":1.0,"played":[0.9949,0.0051],"evs":[0.0,-4.0967]},"95o":{"weight":1.0,"played":[1.0,0.0],"evs":[0.0,-7.00344]},"T5o":{"weight":1.0,"played":[1.0,0.0],"evs":[0.0,-7.13487]},"J5o":{"weight":1.0,"played":[0.9926,0.0074],"evs":[0.0,-4.7672]},"Q5o":{"weight":1.0,"played":[0.9998,2.0E-4],"evs":[0.0,-4.31456]},"K5o":{"weight":1.0,"played":[0.9969,0.0031],"evs":[0.0,-6.79351]},"A5o":{"weight":1.0,"played":[0.9087,0.0913],"evs":[0.0,-1.49679]},"62s":{"weight":1.0,"played":[1.0,0.0],"evs":[0.0,-7.8394]},"63s":{"weight":1.0,"played":[0.9934,0.0066],"evs":[0.0,-4.66749]},"64s":{"weight":1.0,"played":[0.649,0.351],"evs":[0.0,-0.90394]},"65s":{"weight":1.0,"played":[0.8964,0.1036],"evs":[0.0,-0.64186]},"66":{"weight":1.0,"played":[0.9698,0.0302],"evs":[0.0,-0.24855]},"76o":{"weight":1.0,"played":[0.9901,0.0099],"evs":[0.0,-5.53129]},"86o":{"weight":1.0,"played":[1.0,0.0],"evs":[0.0,-5.24836]},"96o":{"weight":1.0,"played":[1.0,0.0],"evs":[0.0,-5.83022]},"T6o":{"weight":1.0,"played":[0.9972,0.0028],"evs":[0.0,-4.84718]},"J6o":{"weight":1.0,"played":[1.0,0.0],"evs":[0.0,-5.43883]},"Q6o":{"weight":1.0,"played":[0.9851,0.0149],"evs":[0.0,-4.57521]},"K6o":{"weight":1.0,"played":[1.0,0.0],"evs":[0.0,-6.52401]},"A6o":{"weight":1.0,"played":[0.999,0.001],"evs":[0.0,-7.27964]},"72s":{"weight":1.0,"played":[0.9817,0.0183],"evs":[0.0,-6.5124]},"73s":{"weight":1.0,"played":[0.5718,0.4282],"evs":[0.0,-1.84383]},"74s":{"weight":1.0,"played":[1.0,0.0],"evs":[0.0,-5.54632]},"75s":{"weight":1.0,"played":[0.9801,0.0199],"evs":[0.0,-3.35621]},"76s":{"weight":1.0,"played":[0.8709,0.1291],"evs":[0.0,-5.71891]},"77":{"weight":1.0,"played":[0.8298,0.1702],"evs":[0.0,-1.75136]},"87o":{"weight":1.0,"played":[0.9814,0.0186],"evs":[0.0,-5.97619]},"97o":{"weight":1.0,"played":[0.9906,0.0094],"evs":[0.0,-4.99583]},"T7o":{"weight":1.0,"played":[1.0,0.0],"evs":[0.0,-6.91106]},"J7o":{"weight":1.0,"played":[0.9958,0.0042],"evs":[0.0,-6.72441]},"Q7o":{"weight":1.0,"played":[1.0,0.0],"evs":[0.0,-7.64193]},"K7o":{"weight":1.0,"played":[0.9984,0.0016],"evs":[0.0,-5.00391]},"A7o":{"weight":1.0,"played":[0.9401,0.0599],"evs":[0.0,-4.57424]},"82s":{"weight":1.0,"played":[0.8377,0.1623],"evs":[0.0,-5.47592]},"83s":{"weight":1.0,"played":[0.9675,0.0325],"evs":[0.0,-8.02021]},"84s":{"weight":1.0,"played":[0.9257,0.0743],"evs":[0.0,-4.86972]},"85s":{"weight":1.0,"played":[0.8989,0.1011],"evs":[0.0,-0.42974]},"86s":{"weight":1.0,"played":[0.8848,0.1152],"evs":[0.0,-3.73223]},"87s":{"weight":1.0,"played":[1.0,0.0],"evs":[0.0,-7.29963]},"88":{"weight":1.0,"played":[0.9415,0.0585],"evs":[0.0,-6.38422]},"98o":{"weight":1.0,"played":[0.9922,0.0078],"evs":[0.0,-6.58305]},"T8o":{"weight":1.0,"played":[0.9974,0.0026],"evs":[0.0,-4.49344]},"J8o":{"weight":1.0,"played":[1.0,0.0],"evs":[0.0,-7.22599]},"Q8o":{"weight":1.0,"played":[0.9815,0.0185],"evs":[0.0,-3.98716]},"K8o":{"weight":1.0,"played":[0.9766,0.0234],"evs":[0.0,-4.67851]},"A8o":{"weight":1.0,"played":[0.9995,5.0E-4],"evs":[0.0,-4.83649]},"92s":{"weight":1.0,"played":[0.962,0.038],"evs":[0.0,-6.14405]},"93s":{"weight":1.0,"played":[0.9373,0.0627],"evs":[0.0,-4.63938]},"94s":{"weight":1.0,"played":[0.9083,0.0917],"evs":[0.0,-4.39487]},"95s":{"weight":1.0,"played":[0.9924,0.0076],"evs":[0.0,-4.71312]},"96s":{"weight":1.0,"played":[0.5724,0.4276],"evs":[0.0,0.7253]},"97s":{"weight":1.0,"played":[1.0,0.0],"evs":[0.0,-4.21956]},"98s":{"weight":1.0,"played":[1.0,0.0],"evs":[0.0,-2.28452]},"99":{"weight":1.0,"played":[0.9916,0.0084],"evs":[0.0,-6.55759]},"T9o":{"weight":1.0,"played":[0.9972,0.0028],"evs":[0.0,-6.06699]},"J9o":{"weight":1.0,"played":[0.9904,0.0096],"evs":[0.0,-5.85929]},"Q9o":{"weight":1.0,"played":[0.9976,0.0024],"evs":[0.0,-5.7561]},"K9o":{"weight":1.0,"played":[0.9957,0.0043],"evs":[0.0,-3.96086]},"A9o":{"weight":1.0,"played":[1.0,0.0],"evs":[0.0,-8.42975]},"T2s":{"weight":1.0,"played":[0.9835,0.0165],"evs":[0.0,-6.39999]},"T3s":{"weight":1.0,"played":[0.985,0.015],"evs":[0.0,-8.45877]},"T4s":{"weight":1.0,"played":[0.9837,0.0163],"evs":[0.0,-7.26803]},"T5s":{"weight":1.0,"played":[0.9549,0.0451],"evs":[0.0,-8.5435]},"T6s":{"weight":1.0,"played":[0.997,0.003],"evs":[0.0,-2.68718]},"T7s":{"weight":1.0,"played":[0.8616,0.1384],"evs":[0.0,-6.23851]},"T8s":{"weight":1.0,"played":[0.9256,0.0744],"evs":[0.0,-8.27639]},"T9s":{"weight":1.0,"played":[0.9794,0.0206],"evs":[0.0,-1.15987]},"TT":{"weight":1.0,"played":[0.9968,0.0032],"evs":[0.0,-7.41799]},"JTo":{"weight":1.0,"played":[0.9987,0.0013],"evs":[0.0,-5.60131]},"QTo":{"weight":1.0,"played":[0.9986,0.0014],"evs":[0.0,-7.2532]},"KTo":{"weight":1.0,"played":[0.9904,0.0096],"evs":[0.0,-6.79186]},"ATo":{"weight":1.0,"played":[0.9909,0.0091],"evs":[0.0,-5.22342]},"J2s":{"weight":1.0,"played":[0.9511,0.0489],"evs":[0.0,-3.44178]},"J3s":{"weight":1.0,"played":[1.0,0.0],"evs":[0.0,-2.86258]},"J4s":{"weight":1.0,"played":[0.9377,0.0623],"evs":[0.0,-5.26217]},"J5s":{"weight":1.0,"played":[0.9984,0.0016],"evs":[0.0,-4.04091]},"J6s":{"weight":1.0,"played":[0.9899,0.0101],"evs":[0.0,-6.2415]},"J7s":{"weight":1.0,"played":[0.4362,0.5638],"evs":[0.0,-0.09996]},"J8s":{"weight":1.0,"played":[0.9588,0.0412],"evs":[0.0,-7.90397]},"J9s":{"weight":1.0,"played":[0.9309,0.0691],"evs":[0.0,-6.383]},"JTs":{"weight":1.0,"played":[0.9995,5.0E-4],"evs":[0.0,-3.60493]},"JJ":{"weight":1.0,"played":[1.0,0.0],"evs":[0.0,-4.20448]},"QJo":{"weight":1.0,"played":[0.9999,1.0E-4],"evs":[0.0,-4.50686]},"KJo":{"weight":1.0,"played":[0.9932,0.0068],"evs":[0.0,-4.31894]},"AJo":{"weight":1.0,"played":[0.8775,0.1225],"evs":[0.0,-4.12914]},"Q2s":{"weight":1.0,"played":[0.9917,0.0083],"evs":[0.0,-4.22908]},"Q3s":{"weight":1.0,"played":[0.8597,0.1403],"evs":[0.0,-6.91294]},"Q4s":{"weight":1.0,"played":[0.9571,0.0429],"evs":[0.0,-5.71633]},"Q5s":{"weight":1.0,"played":[0.7147,0.2853],"evs":[0.0,-4.49472]},"Q6s":{"weight":1.0,"played":[1.0,0.0],"evs":[0.0,-9.08904]},"Q7s":{"weight":1.0,"played":[0.9141,0.0859],"evs":[0.0,-2.21509]},"Q8s":{"weight":1.0,"played":[0.9889,0.0111],"evs":[0.0,-8.26472]},"Q9s":{"weight":1.0,"played":[0.9921,0.0079],"evs":[0.0,-4.14044]},"QTs":{"weight":1.0,"played":[0.8848,0.1152],"evs":[0.0,-0.50443]},"QJs":{"weight":1.0,"played":[0.9592,0.0408],"evs":[0.0,-6.53145]},"QQ":{"weight":1.0,"played":[0.3783,0.6217],"evs":[0.0,2.95242]},"KQo":{"weight":1.0,"played":[0.9942,0.0058],"evs":[0.0,-2.72406]},"AQo":{"weight":1.0,"played":[0.9928,0.0072],"evs":[0.0,-5.11724]},"K2s":{"weight":1.0,"played":[0.9883,0.0117],"evs":[0.0,-8.96463]},"K3s":{"weight":1.0,"played":[0.9942,0.0058],"evs":[0.0,-3.50673]},"K4s":{"weight":1.0,"played":[0.97,0.03],"evs":[0.0,-5.48066]},"K5s":{"weight":1.0,"played":[0.9566,0.0434],"evs":[0.0,-1.93115]},"K6s":{"weight":1.0,"played":[0.9951,0.0049],"evs":[0.0,-4.36653]},"K7s":{"weight":1.0,"played":[0.7943,0.2057],"evs":[0.0,-5.49375]},"K8s":{"weight":1.0,"played":[1.0,0.0],"evs":[0.0,-0.70716]},"K9s":{"weight":1.0,"played":[1.0,0.0],"evs":[0.0,-2.48428]},"KTs":{"weight":1.0,"played":[0.9775,0.0225],"evs":[0.0,-8.54262]},"KJs":{"weight":1.0,"played":[0.814,0.186],"evs":[0.0,-1.37591]},"KQs":{"weight":1.0,"played":[0.6768,0.3232],"evs":[0.0,1.5341]},"KK":{"weight":1.0,"played":[0.1799,0.8201],"evs":[0.0,0.40875]},"AKo":{"weight":1.0,"played":[0.9783,0.0217],"evs":[0.0,-3.4929]},"A2s":{"weight":1.0,"played":[1.0,0.0],"evs":[0.0,-5.94688]},"A3s":{"weight":1.0,"played":[0.9545,0.0455],"evs":[0.0,-5.30805]},"A4s":{"weight":1.0,"played":[0.9257,0.0743],"evs":[0.0,-8.41729]},"A5s":{"weight":1.0,"played":[0.8981,0.1019],"evs":[0.0,-4.29654]},"A6s":{"weight":1.0,"played":[0.8943,0.1057],"evs":[0.0,-5.30676]},"A7s":{"weight":1.0,"played":[0.5295,0.4705],"evs":[0.0,1.65851]},"A8s":{"weight":1.0,"played":[0.8091,0.1909],"evs":[0.0,-1.15907]},"A9s":{"weight":1.0,"played":[0.9507,0.0493],"evs":[0.0,-8.91518]},"ATs":{"weight":1.0,"played":[0.7047,0.2953],"evs":[0.0,-3.61805]},"AJs":{"weight":1.0,"played":[0.9877,0.0123],"evs":[0.0,-8.67787]},"AQs":{"weight":1.0,"played":[0.863,0.137],"evs":[0.0,-8.25324]},"AKs":{"weight":1.0,"played":[0.5854,0.4146],"evs":[0.0,-6.37933]},"AA":{"weight":1.0,"played":[0.3952,0.6048],"evs":[0.0,6.51037]}}}