{"player":0,"street":0,"children":2,"sequence":[{"player":0,"type":"R","amount":200000,"street":0},{"player":1,"type":"F","amount":0,"street":0},{"player":2,"type":"F","amount":0,"street":0},{"player":3,"type":"F","amount":0,"street":0},{"player":4,"type":"R","amount":1465000,"street":0},{"player":5,"type":"F","amount":0,"street":0}],"actions":[{"type":"F","amount":0},{"type":"C","amount":1265000}],"hands":{"22":{"weight":0.5835,"played":[0.9964,0.0036],"evs":[0.0,-0.06493]},"32o":{"weight":0.0,"played":[1.0,0.0],"evs":[0.0,-5.09514]},"42o":{"weight":0.0,"played":[1.0,0.0],"evs":[0.0,-4.85168]},"52o":{"weight":0.0,"played":[1.0,0.0],"evs":[0.0,-4.67893]},"62o":{"weight":0.0,"played":[1.0,0.0],"evs":[0.0,-4.74434]},"72o":{"weight":0.0,"played":[1.0,0.0],"evs":[0.0,-4.95248]},"82o":{"weight":0.0,"played":[1.0,0.0],"evs":[0.0,-4.75255]},"92o":{"weight":0.0,"played":[1.0,0.0],"evs":[0.0,-4.51189]},"T2o":{"weight":0.0,"played":[1.0,0.0],"evs":[0.0,-4.22225]},"J2o":{"weight":0.0,"played":[1.0,0.0],"evs":[0.0,-3.95596]},"Q2o":{"weight":0.0,"played":[1.0,0.0],"evs":[0.0,-3.75878]},"K2o":{"weight":0.0,"played":[1.0,0.0],"evs":[0.0,-3.24435]},"A2o":{"weight":0.0,"played":[1.0,0.0],"evs":[0.0,-2.42733]},"32s":{"weight":0.0,"played":[1.0,0.0],"evs":[0.0,-3.77]},"33":{"weight":0.0026,"played":[0.0,1.0],"evs":[0.0,0.62156]},"43o":{"weight":0.0,"played":[1.0,0.0],"evs":[0.0,-4.32744]},"53o":{"weight":0.0,"played":[1.0,0.0],"evs":[0.0,-4.10206]},"63o":{"weight":0.0,"played":[1.0,0.0],"evs":[0.0,-4.18806]},"73o":{"weight":0.0,"played":[1.0,0.0],"evs":[0.0,-4.40147]},"83o":{"weight":0.0,"played":[1.0,0.0],"evs":[0.0,-4.65892]},"93o":{"weight":0.0,"played":[1.0,0.0],"evs":[0.0,-4.32197]},"T3o":{"weight":0.0,"played":[1.0,0.0],"evs":[0.0,-4.03215]},"J3o":{"weight":0.0,"played":[1.0,0.0],"evs":[0.0,-3.79547]},"Q3o":{"weight":0.0,"played":[1.0,0.0],"evs":[0.0,-3.59309]},"K3o":{"weight":0.0,"played":[1.0,0.0],"evs":[0.0,-3.05456]},"A3o":{"weight":0.0,"played":[1.0,0.0],"evs":[0.0,-2.17041]},"42s":{"weight":0.0,"played":[1.0,0.0],"evs":[0.0,-3.57634]},"43s":{"weight":0.0,"played":[1.0,0.0],"evs":[0.0,-3.05524]},"44":{"weight":0.1029,"played":[0.0,1.0],"evs":[0.0,1.4946]},"54o":{"weight":0.0,"played":[1.0,0.0],"evs":[0.0,-3.55847]},"64o":{"weight":0.0,"played":[1.0,0.0],"evs":[0.0,-3.63716]},"74o":{"weight":0.0,"played":[1.0,0.0],"evs":[0.0,-3.84831]},"84o":{"weight":0.0,"played":[1.0,0.0],"evs":[0.0,-4.10085]},"94o":{"weight":0.0,"played":[1.0,0.0],"evs":[0.0,-4.24001]},"T4o":{"weight":0.0,"played":[1.0,0.0],"evs":[0.0,-3.85554]},"J4o":{"weight":0.0,"played":[1.0,0.0],"evs":[0.0,-3.60016]},"Q4o":{"weight":0.0,"played":[1.0,0.0],"evs":[0.0,-3.42288]},"K4o":{"weight":0.0,"played":[1.0,0.0],"evs":[0.0,-2.85174]},"A4o":{"weight":0.0,"played":[1.0,0.0],"evs":[0.0,-1.85354]},"52s":{"weight":0.0,"played":[1.0,0.0],"evs":[0.0,-3.3784]},"53s":{"weight":0.0,"played":[1.0,0.0],"evs":[0.0,-2.80479]},"54s":{"weight":0.0,"played":[1.0,0.0],"evs":[0.0,-2.34399]},"55":{"weight":0.0,"played":[0.0,1.0],"evs":[0.0,2.50625]},"65o":{"weight":0.0,"played":[1.0,0.0],"evs":[0.0,-3.13288]},"75o":{"weight":0.0,"played":[1.0,0.0],"evs":[0.0,-3.3245]},"85o":{"weight":0.0,"played":[1.0,0.0],"evs":[0.0,-3.60257]},"95o":{"weight":0.0,"played":[1.0,0.0],"evs":[0.0,-3.73326]},"T5o":{"weight":0.0,"played":[1.0,0.0],"evs":[0.0,-3.81074]},"J5o":{"weight":0.0,"played":[1.0,0.0],"evs":[0.0,-3.4596]},"Q5o":{"weight":0.0,"played":[1.0,0.0],"evs":[0.0,-3.26587]},"K5o":{"weight":0.0,"played":[1.0,0.0],"evs":[0.0,-2.67442]},"A5o":{"weight":0.0,"played":[1.0,0.0],"evs":[0.0,-1.38852]},"62s":{"weight":0.0,"played":[1.0,0.0],"evs":[0.0,-3.4469]},"63s":{"weight":0.0,"played":[1.0,0.0],"evs":[0.0,-2.89185]},"64s":{"weight":0.0,"played":[1.0,0.0],"evs":[0.0,-2.38897]},"65s":{"weight":0.0,"played":[1.0,0.0],"evs":[0.0,-1.90214]},"66":{"weight":0.0,"played":[0.0,1.0],"evs":[0.0,3.48382]},"76o":{"weight":0.0,"played":[1.0,0.0],"evs":[0.0,-2.5283]},"86o":{"weight":0.0,"played":[1.0,0.0],"evs":[0.0,-2.73206]},"96o":{"weight":0.0,"played":[1.0,0.0],"evs":[0.0,-2.82756]},"T6o":{"weight":0.0,"played":[1.0,0.0],"evs":[0.0,-2.95332]},"J6o":{"weight":0.0,"played":[1.0,0.0],"evs":[0.0,-3.05528]},"Q6o":{"weight":0.0,"played":[1.0,0.0],"evs":[0.0,-2.75248]},"K6o":{"weight":0.0,"played":[1.0,0.0],"evs":[0.0,-2.10899]},"A6o":{"weight":0.0,"played":[1.0,0.0],"evs":[0.0,-1.29819]},"72s":{"weight":0.0,"played":[1.0,0.0],"evs":[0.0,-3.65264]},"73s":{"weight":0.0,"played":[1.0,0.0],"evs":[0.0,-3.11247]},"74s":{"weight":0.0,"played":[1.0,0.0],"evs":[0.0,-2.58363]},"75s":{"weight":0.0,"played":[1.0,0.0],"evs":[0.0,-2.09593]},"76s":{"weight":0.0,"played":[1.0,0.0],"evs":[0.0,-1.31427]},"77":{"weight":0.0,"played":[0.0,1.0],"evs":[0.0,4.2104]},"87o":{"weight":0.0,"played":[1.0,0.0],"evs":[0.0,-2.24413]},"97o":{"weight":0.0,"played":[1.0,0.0],"evs":[0.0,-2.33839]},"T7o":{"weight":0.0,"played":[1.0,0.0],"evs":[0.0,-2.44381]},"J7o":{"weight":0.0,"played":[1.0,0.0],"evs":[0.0,-2.54991]},"Q7o":{"weight":0.0,"played":[1.0,0.0],"evs":[0.0,-2.73075]},"K7o":{"weight":0.0,"played":[1.0,0.0],"evs":[0.0,-1.8599]},"A7o":{"weight":0.0048,"played":[1.0,0.0],"evs":[0.0,-0.76343]},"82s":{"weight":0.0,"played":[1.0,0.0],"evs":[0.0,-3.45276]},"83s":{"weight":0.0,"played":[1.0,0.0],"evs":[0.0,-3.36716]},"84s":{"weight":0.0,"played":[1.0,0.0],"evs":[0.0,-2.8382]},"85s":{"weight":0.0,"played":[1.0,0.0],"evs":[0.0,-2.36978]},"86s":{"weight":0.0,"played":[1.0,0.0],"evs":[0.0,-1.57151]},"87s":{"weight":0.0,"played":[1.0,0.0],"evs":[0.0,-1.1026]},"88":{"weight":0.0211,"played":[0.0,1.0],"evs":[0.0,5.20365]},"98o":{"weight":0.0,"played":[1.0,0.0],"evs":[0.0,-1.9564]},"T8o":{"weight":0.0,"played":[1.0,0.0],"evs":[0.0,-1.94863]},"J8o":{"weight":0.0,"played":[1.0,0.0],"evs":[0.0,-2.1065]},"Q8o":{"weight":0.0,"played":[1.0,0.0],"evs":[0.0,-2.2992]},"K8o":{"weight":0.0,"played":[1.0,0.0],"evs":[0.0,-1.84908]},"A8o":{"weight":0.9997,"played":[0.4302,0.5698],"evs":[0.0,6.3E-4]},"92s":{"weight":0.0,"played":[1.0,0.0],"evs":[0.0,-3.20663]},"93s":{"weight":0.0,"played":[1.0,0.0],"evs":[0.0,-3.03121]},"94s":{"weight":0.0,"played":[1.0,0.0],"evs":[0.0,-2.95468]},"95s":{"weight":0.0,"played":[1.0,0.0],"evs":[0.0,-2.48438]},"96s":{"weight":0.0,"played":[1.0,0.0],"evs":[0.0,-1.65584]},"97s":{"weight":0.0,"played":[1.0,0.0],"evs":[0.0,-1.16114]},"98s":{"weight":0.106,"played":[1.0,0.0],"evs":[0.0,-0.80599]},"99":{"weight":0.0,"played":[0.0,1.0],"evs":[0.0,6.23105]},"T9o":{"weight":0.0,"played":[1.0,0.0],"evs":[0.0,-1.37692]},"J9o":{"weight":0.0,"played":[1.0,0.0],"evs":[0.0,-1.51275]},"Q9o":{"weight":0.0,"played":[1.0,0.0],"evs":[0.0,-1.70336]},"K9o":{"weight":0.0,"played":[1.0,0.0],"evs":[0.0,-1.19148]},"A9o":{"weight":0.2578,"played":[0.0,1.0],"evs":[0.0,1.13459]},"T2s":{"weight":0.0,"played":[1.0,0.0],"evs":[0.0,-2.90721]},"T3s":{"weight":0.0,"played":[1.0,0.0],"evs":[0.0,-2.71731]},"T4s":{"weight":0.0,"played":[1.0,0.0],"evs":[0.0,-2.59667]},"T5s":{"weight":0.0,"played":[1.0,0.0],"evs":[0.0,-2.55222]},"T6s":{"weight":0.0,"played":[1.0,0.0],"evs":[0.0,-1.70814]},"T7s":{"weight":0.0,"played":[1.0,0.0],"evs":[0.0,-1.24881]},"T8s":{"weight":0.0,"played":[1.0,0.0],"evs":[0.0,-0.84895]},"T9s":{"weight":0.7069,"played":[1.0,0.0],"evs":[0.0,-0.25031]},"TT":{"weight":0.8678,"played":[0.0,1.0],"evs":[0.0,7.57117]},"JTo":{"weight":0.0,"played":[1.0,0.0],"evs":[0.0,-0.71888]},"QTo":{"weight":0.0,"played":[1.0,0.0],"evs":[0.0,-0.77621]},"KTo":{"weight":0.6339,"played":[1.0,0.0],"evs":[0.0,-0.26295]},"ATo":{"weight":0.0,"played":[0.0,1.0],"evs":[0.0,2.82525]},"J2s":{"weight":0.0,"played":[1.0,0.0],"evs":[0.0,-2.6861]},"J3s":{"weight":0.0,"played":[1.0,0.0],"evs":[0.0,-2.47952]},"J4s":{"weight":0.0,"played":[1.0,0.0],"evs":[0.0,-2.3417]},"J5s":{"weight":0.0,"played":[1.0,0.0],"evs":[0.0,-2.18697]},"J6s":{"weight":0.0,"played":[1.0,0.0],"evs":[0.0,-1.87652]},"J7s":{"weight":0.0,"played":[1.0,0.0],"evs":[0.0,-1.35069]},"J8s":{"weight":0.0,"played":[1.0,0.0],"evs":[0.0,-0.94579]},"J9s":{"weight":1.0,"played":[1.0,0.0],"evs":[0.0,-0.40426]},"JTs":{"weight":0.0,"played":[0.0,1.0],"evs":[0.0,0.34954]},"JJ":{"weight":1.0,"played":[0.0,1.0],"evs":[0.0,8.64303]},"QJo":{"weight":0.9993,"played":[1.0,0.0],"evs":[0.0,-0.40053]},"KJo":{"weight":0.2038,"played":[0.9706,0.0294],"evs":[0.0,-0.05319]},"AJo":{"weight":0.0,"played":[0.0,1.0],"evs":[0.0,4.11584]},"Q2s":{"weight":0.0,"played":[1.0,0.0],"evs":[0.0,-2.46142]},"Q3s":{"weight":0.0,"played":[1.0,0.0],"evs":[0.0,-2.32315]},"Q4s":{"weight":0.0,"played":[1.0,0.0],"evs":[0.0,-2.11431]},"Q5s":{"weight":0.0,"played":[1.0,0.0],"evs":[0.0,-2.05404]},"Q6s":{"weight":0.0,"played":[1.0,0.0],"evs":[0.0,-1.54312]},"Q7s":{"weight":0.0,"played":[1.0,0.0],"evs":[0.0,-1.52935]},"Q8s":{"weight":0.0,"played":[1.0,0.0],"evs":[0.0,-1.11179]},"Q9s":{"weight":0.9998,"played":[1.0,0.0],"evs":[0.0,-0.54655]},"QTs":{"weight":0.0,"played":[0.0,1.0],"evs":[0.0,0.32671]},"QJs":{"weight":0.0,"played":[0.0,1.0],"evs":[0.0,0.61629]},"QQ":{"weight":1.0,"played":[0.0,1.0],"evs":[0.0,9.74034]},"KQo":{"weight":0.0,"played":[3.0E-4,0.9997],"evs":[0.0,0.21064]},"AQo":{"weight":0.0,"played":[0.0,1.0],"evs":[0.0,5.51673]},"K2s":{"weight":0.0,"played":[1.0,0.0],"evs":[0.0,-1.96241]},"K3s":{"weight":0.0,"played":[1.0,0.0],"evs":[0.0,-1.82955]},"K4s":{"weight":0.0,"played":[1.0,0.0],"evs":[0.0,-1.65832]},"K5s":{"weight":0.0,"played":[1.0,0.0],"evs":[0.0,-1.41278]},"K6s":{"weight":0.0,"played":[1.0,0.0],"evs":[0.0,-0.87773]},"K7s":{"weight":0.0,"played":[1.0,0.0],"evs":[0.0,-0.6933]},"K8s":{"weight":0.1697,"played":[1.0,0.0],"evs":[0.0,-0.67014]},"K9s":{"weight":0.98,"played":[1.0,0.0],"evs":[0.0,-0.06052]},"KTs":{"weight":0.2716,"played":[0.0,1.0],"evs":[0.0,0.81648]},"KJs":{"weight":0.1682,"played":[0.0,1.0],"evs":[0.0,1.00992]},"KQs":{"weight":1.0E-4,"played":[0.0,1.0],"evs":[0.0,1.24257]},"KK":{"weight":1.0,"played":[0.0,1.0],"evs":[0.0,11.05909]},"AKo":{"weight":0.1586,"played":[0.0,1.0],"evs":[0.0,7.02342]},"A2s":{"weight":1.0,"played":[1.0,0.0],"evs":[0.0,-1.1654]},"A3s":{"weight":1.0,"played":[1.0,0.0],"evs":[0.0,-0.92945]},"A4s":{"weight":0.9993,"played":[1.0,0.0],"evs":[0.0,-0.66529]},"A5s":{"weight":0.0011,"played":[0.9985,0.0015],"evs":[0.0,-0.26801]},"A6s":{"weight":0.3289,"played":[0.9968,0.0032],"evs":[0.0,-0.14932]},"A7s":{"weight":0.7727,"played":[0.0,1.0],"evs":[0.0,0.36955]},"A8s":{"weight":0.0406,"played":[0.0,1.0],"evs":[0.0,1.05289]},"A9s":{"weight":5.0E-4,"played":[0.0,1.0],"evs":[0.0,2.08771]},"ATs":{"weight":0.596,"played":[0.0,1.0],"evs":[0.0,3.71173]},"AJs":{"weight":0.3876,"played":[0.0,1.0],"evs":[0.0,4.94373]},"AQs":{"weight":0.9998,"played":[0.0,1.0],"evs":[0.0,6.24862]},"AKs":{"weight":1.0,"played":[0.0,1.0],"evs":[0.0,7.63075]},"AA":{"weight":1.0,"played":[0.0,1.0],"evs":[0.0,15.38814]}}}