{"player":3,"street":0,"children":2,"sequence":[{"player":0,"type":"R","amount":200000,"street":0},{"player":1,"type":"F","amount":0,"street":0},{"player":2,"type":"F","amount":0,"street":0},{"player":3,"type":"C","amount":200000,"street":0},{"player":4,"type":"F","amount":0,"street":0},{"player":5,"type":"R","amount":945000,"street":0},{"player":0,"type":"F","amount":0,"street":0}],"actions":[{"type":"F","amount":0},{"type":"C","amount":745000}],"hands":{"22":{"weight":0.9945,"played":[0.0,1.0],"evs":[0.0,2.52466]},"32o":{"weight":0.0,"played":[1.0,0.0],"evs":[0.0,-0.86515]},"42o":{"weight":0.0,"played":[1.0,0.0],"evs":[0.0,-0.78648]},"52o":{"weight":0.0,"played":[1.0,0.0],"evs":[0.0,-0.73994]},"62o":{"weight":0.0,"played":[0.9998,2.0E-4],"evs":[0.0,-1.01886]},"72o":{"weight":0.0,"played":[1.0,0.0],"evs":[0.0,-1.22589]},"82o":{"weight":0.0,"played":[1.0,0.0],"evs":[0.0,-1.10153]},"92o":{"weight":0.0,"played":[1.0,0.0],"evs":[0.0,-1.22461]},"T2o":{"weight":0.0,"played":[0.9999,1.0E-4],"evs":[0.0,-0.83686]},"J2o":{"weight":0.0,"played":[1.0,0.0],"evs":[0.0,-0.76214]},"Q2o":{"weight":0.0,"played":[0.9993,7.0E-4],"evs":[0.0,-0.54151]},"K2o":{"weight":0.0,"played":[0.9947,0.0053],"evs":[0.0,-0.23277]},"A2o":{"weight":0.0,"played":[0.9856,0.0144],"evs":[0.0,-0.32315]},"32s":{"weight":0.0,"played":[0.3789,0.6211],"evs":[0.0,0.02993]},"33":{"weight":0.2095,"played":[0.0,1.0],"evs":[0.0,2.76309]},"43o":{"weight":0.0,"played":[0.9996,4.0E-4],"evs":[0.0,-0.33096]},"53o":{"weight":0.0,"played":[0.9946,0.0054],"evs":[0.0,-0.22917]},"63o":{"weight":0.0,"played":[0.9994,6.0E-4],"evs":[0.0,-0.58708]},"73o":{"weight":0.0,"played":[1.0,0.0],"evs":[0.0,-0.77245]},"83o":{"weight":0.0,"played":[1.0,0.0],"evs":[0.0,-1.06814]},"93o":{"weight":0.0,"played":[1.0,0.0],"evs":[0.0,-0.91017]},"T3o":{"weight":0.0,"played":[0.9998,2.0E-4],"evs":[0.0,-0.69294]},"J3o":{"weight":0.0,"played":[0.9999,1.0E-4],"evs":[0.0,-0.56599]},"Q3o":{"weight":0.0,"played":[0.9998,2.0E-4],"evs":[0.0,-0.30951]},"K3o":{"weight":0.0,"played":[0.8243,0.1757],"evs":[0.0,-0.10729]},"A3o":{"weight":0.0,"played":[0.862,0.138],"evs":[0.0,-0.14903]},"42s":{"weight":0.0,"played":[2.0E-4,0.9998],"evs":[0.0,0.19123]},"43s":{"weight":0.0,"played":[4.0E-4,0.9996],"evs":[0.0,0.46709]},"44":{"weight":0.476,"played":[0.0,1.0],"evs":[0.0,3.04657]},"54o":{"weight":0.0,"played":[0.3849,0.6151],"evs":[0.0,0.07688]},"64o":{"weight":0.0,"played":[0.9821,0.0179],"evs":[0.0,-0.10976]},"74o":{"weight":0.0,"played":[0.9998,2.0E-4],"evs":[0.0,-0.32057]},"84o":{"weight":0.0,"played":[0.9999,1.0E-4],"evs":[0.0,-0.66205]},"94o":{"weight":0.0,"played":[0.9998,2.0E-4],"evs":[0.0,-1.06536]},"T4o":{"weight":0.0,"played":[0.9997,3.0E-4],"evs":[0.0,-0.53663]},"J4o":{"weight":0.0,"played":[0.9999,1.0E-4],"evs":[0.0,-0.41555]},"Q4o":{"weight":0.0,"played":[0.9999,1.0E-4],"evs":[0.0,-0.17968]},"K4o":{"weight":0.0,"played":[0.0218,0.9782],"evs":[0.0,0.13612]},"A4o":{"weight":0.0,"played":[0.0512,0.9488],"evs":[0.0,0.01934]},"52s":{"weight":0.0,"played":[0.0125,0.9875],"evs":[0.0,0.36927]},"53s":{"weight":0.0,"played":[2.0E-4,0.9998],"evs":[0.0,0.63372]},"54s":{"weight":0.9632,"played":[0.0,1.0],"evs":[0.0,1.02088]},"55":{"weight":0.2342,"played":[0.0,1.0],"evs":[0.0,3.18543]},"65o":{"weight":0.0,"played":[0.0,1.0],"evs":[0.0,0.25632]},"75o":{"weight":0.0,"played":[0.7776,0.2224],"evs":[0.0,-0.07998]},"85o":{"weight":0.0,"played":[0.9945,0.0055],"evs":[0.0,-0.32077]},"95o":{"weight":0.0,"played":[0.9992,8.0E-4],"evs":[0.0,-0.5892]},"T5o":{"weight":0.0,"played":[0.9991,9.0E-4],"evs":[0.0,-0.58727]},"J5o":{"weight":0.0,"played":[0.9998,2.0E-4],"evs":[0.0,-0.57756]},"Q5o":{"weight":0.0,"played":[0.9994,6.0E-4],"evs":[0.0,-0.25954]},"K5o":{"weight":0.0,"played":[0.0392,0.9608],"evs":[0.0,0.10319]},"A5o":{"weight":0.0227,"played":[0.0,1.0],"evs":[0.0,0.18218]},"62s":{"weight":0.0,"played":[0.5488,0.4512],"evs":[0.0,-0.01876]},"63s":{"weight":0.0,"played":[0.0121,0.9879],"evs":[0.0,0.49733]},"64s":{"weight":1.0E-4,"played":[0.0,1.0],"evs":[0.0,0.78443]},"65s":{"weight":0.9997,"played":[0.0,1.0],"evs":[0.0,1.19318]},"66":{"weight":0.0046,"played":[0.0,1.0],"evs":[0.0,3.56384]},"76o":{"weight":0.0,"played":[0.0142,0.9858],"evs":[0.0,0.25214]},"86o":{"weight":0.0,"played":[0.0013,0.9987],"evs":[0.0,0.07189]},"96o":{"weight":0.0,"played":[0.9991,9.0E-4],"evs":[0.0,-0.21483]},"T6o":{"weight":0.0,"played":[0.992,0.008],"evs":[0.0,-0.207]},"J6o":{"weight":0.0,"played":[0.9999,1.0E-4],"evs":[0.0,-0.40312]},"Q6o":{"weight":0.0,"played":[0.8478,0.1522],"evs":[0.0,-0.04748]},"K6o":{"weight":0.0,"played":[0.0023,0.9977],"evs":[0.0,0.13211]},"A6o":{"weight":0.0,"played":[0.8794,0.1206],"evs":[0.0,-0.09791]},"72s":{"weight":0.0,"played":[0.9953,0.0047],"evs":[0.0,-0.20466]},"73s":{"weight":0.0,"played":[0.0057,0.9943],"evs":[0.0,0.15036]},"74s":{"weight":0.0,"played":[2.0E-4,0.9998],"evs":[0.0,0.67789]},"75s":{"weight":0.0,"played":[0.0,1.0],"evs":[0.0,1.05803]},"76s":{"weight":0.9999,"played":[0.0,1.0],"evs":[0.0,1.27014]},"77":{"weight":1.0E-4,"played":[0.0,1.0],"evs":[0.0,4.3387]},"87o":{"weight":0.0,"played":[0.0,1.0],"evs":[0.0,0.49345]},"97o":{"weight":0.0,"played":[0.0,1.0],"evs":[0.0,0.14123]},"T7o":{"weight":0.0,"played":[0.0263,0.9737],"evs":[0.0,0.15491]},"J7o":{"weight":0.0,"played":[0.2676,0.7324],"evs":[0.0,0.04933]},"Q7o":{"weight":0.0,"played":[0.2323,0.7677],"evs":[0.0,-0.02013]},"K7o":{"weight":0.0,"played":[6.0E-4,0.9994],"evs":[0.0,0.39895]},"A7o":{"weight":0.0,"played":[0.0,1.0],"evs":[0.0,0.26838]},"82s":{"weight":0.0,"played":[0.9956,0.0044],"evs":[0.0,-0.16238]},"83s":{"weight":0.0,"played":[0.356,0.644],"evs":[0.0,-0.05593]},"84s":{"weight":0.0,"played":[0.0,1.0],"evs":[0.0,0.22116]},"85s":{"weight":0.0,"played":[0.0,1.0],"evs":[0.0,0.69509]},"86s":{"weight":0.0,"played":[0.0,1.0],"evs":[0.0,1.08759]},"87s":{"weight":0.8917,"played":[0.0,1.0],"evs":[0.0,1.42063]},"88":{"weight":0.817,"played":[0.0,1.0],"evs":[0.0,5.06574]},"98o":{"weight":0.0,"played":[2.0E-4,0.9998],"evs":[0.0,0.48558]},"T8o":{"weight":0.0,"played":[0.0,1.0],"evs":[0.0,0.53731]},"J8o":{"weight":0.0,"played":[0.0013,0.9987],"evs":[0.0,0.307]},"Q8o":{"weight":0.0,"played":[0.0016,0.9984],"evs":[0.0,0.14302]},"K8o":{"weight":0.0,"played":[0.0,1.0],"evs":[0.0,0.26986]},"A8o":{"weight":0.0937,"played":[0.0,1.0],"evs":[0.0,0.51059]},"92s":{"weight":0.0,"played":[0.9271,0.0729],"evs":[0.0,-0.28855]},"93s":{"weight":0.0,"played":[0.0501,0.9499],"evs":[0.0,0.02284]},"94s":{"weight":0.0,"played":[3.0E-4,0.9997],"evs":[0.0,0.16606]},"95s":{"weight":0.0,"played":[4.0E-4,0.9996],"evs":[0.0,0.40126]},"96s":{"weight":0.0,"played":[0.0,1.0],"evs":[0.0,0.75644]},"97s":{"weight":0.0,"played":[0.0,1.0],"evs":[0.0,1.07389]},"98s":{"weight":0.0,"played":[0.0,1.0],"evs":[0.0,1.50727]},"99":{"weight":0.9962,"played":[0.0,1.0],"evs":[0.0,5.87221]},"T9o":{"weight":0.0,"played":[0.0,1.0],"evs":[0.0,0.56429]},"J9o":{"weight":0.0,"played":[0.0,1.0],"evs":[0.0,0.49839]},"Q9o":{"weight":0.0,"played":[0.0034,0.9966],"evs":[0.0,0.42986]},"K9o":{"weight":0.0,"played":[0.0,1.0],"evs":[0.0,0.6093]},"A9o":{"weight":0.9995,"played":[0.0,1.0],"evs":[0.0,1.12286]},"T2s":{"weight":0.0,"played":[0.0146,0.9854],"evs":[0.0,0.2251]},"T3s":{"weight":0.0,"played":[0.0163,0.9837],"evs":[0.0,0.47401]},"T4s":{"weight":0.0,"played":[0.0015,0.9985],"evs":[0.0,0.49913]},"T5s":{"weight":0.0,"played":[9.0E-4,0.9991],"evs":[0.0,0.36816]},"T6s":{"weight":0.0,"played":[2.0E-4,0.9998],"evs":[0.0,0.64788]},"T7s":{"weight":0.0,"played":[0.0,1.0],"evs":[0.0,1.0723]},"T8s":{"weight":0.0,"played":[0.0,1.0],"evs":[0.0,1.52751]},"T9s":{"weight":0.9995,"played":[0.0,1.0],"evs":[0.0,1.61274]},"TT":{"weight":1.0E-4,"played":[0.0,1.0],"evs":[0.0,7.41884]},"JTo":{"weight":0.0,"played":[0.0,1.0],"evs":[0.0,1.18478]},"QTo":{"weight":0.0,"played":[0.0,1.0],"evs":[0.0,1.14408]},"KTo":{"weight":0.0374,"played":[0.0,1.0],"evs":[0.0,1.24829]},"ATo":{"weight":0.0085,"played":[0.0,1.0],"evs":[0.0,2.64592]},"J2s":{"weight":0.0,"played":[0.1145,0.8855],"evs":[0.0,0.26197]},"J3s":{"weight":0.0,"played":[0.0019,0.9981],"evs":[0.0,0.38649]},"J4s":{"weight":0.0,"played":[0.0068,0.9932],"evs":[0.0,0.49302]},"J5s":{"weight":0.0,"played":[0.0,1.0],"evs":[0.0,0.58479]},"J6s":{"weight":0.0,"played":[0.0,1.0],"evs":[0.0,0.43291]},"J7s":{"weight":0.0,"played":[0.0,1.0],"evs":[0.0,1.07771]},"J8s":{"weight":0.0,"played":[0.0,1.0],"evs":[0.0,1.23624]},"J9s":{"weight":0.7213,"played":[0.0,1.0],"evs":[0.0,1.41112]},"JTs":{"weight":0.9974,"played":[0.0,1.0],"evs":[0.0,2.08738]},"JJ":{"weight":2.0E-4,"played":[0.0,1.0],"evs":[0.0,8.62271]},"QJo":{"weight":0.9353,"played":[0.0,1.0],"evs":[0.0,1.35825]},"KJo":{"weight":1.0,"played":[0.0,1.0],"evs":[0.0,1.19402]},"AJo":{"weight":0.0158,"played":[0.0,1.0],"evs":[0.0,4.03236]},"Q2s":{"weight":0.0,"played":[1.0E-4,0.9999],"evs":[0.0,0.49408]},"Q3s":{"weight":0.0,"played":[0.0011,0.9989],"evs":[0.0,0.73154]},"Q4s":{"weight":0.0,"played":[0.0018,0.9982],"evs":[0.0,0.73391]},"Q5s":{"weight":0.0,"played":[0.0,1.0],"evs":[0.0,0.6523]},"Q6s":{"weight":0.0,"played":[4.0E-4,0.9996],"evs":[0.0,0.84375]},"Q7s":{"weight":0.0,"played":[1.0E-4,0.9999],"evs":[0.0,0.87534]},"Q8s":{"weight":1.0E-4,"played":[1.0E-4,0.9999],"evs":[0.0,1.08802]},"Q9s":{"weight":0.9987,"played":[0.0,1.0],"evs":[0.0,1.2847]},"QTs":{"weight":0.0171,"played":[0.0,1.0],"evs":[0.0,2.02307]},"QJs":{"weight":0.5531,"played":[0.0,1.0],"evs":[0.0,2.26139]},"QQ":{"weight":4.0E-4,"played":[0.0,1.0],"evs":[0.0,9.80635]},"KQo":{"weight":0.4074,"played":[0.0,1.0],"evs":[0.0,1.62789]},"AQo":{"weight":0.0,"played":[0.0,1.0],"evs":[0.0,5.48747]},"K2s":{"weight":0.0,"played":[1.0E-4,0.9999],"evs":[0.0,0.91135]},"K3s":{"weight":1.0E-4,"played":[0.0,1.0],"evs":[0.0,1.02307]},"K4s":{"weight":0.0,"played":[0.0,1.0],"evs":[0.0,0.96898]},"K5s":{"weight":0.6312,"played":[0.0,1.0],"evs":[0.0,1.09172]},"K6s":{"weight":0.3102,"played":[0.0,1.0],"evs":[0.0,1.30559]},"K7s":{"weight":0.2703,"played":[1.0E-4,0.9999],"evs":[0.0,1.2427]},"K8s":{"weight":3.0E-4,"played":[0.0,1.0],"evs":[0.0,1.40068]},"K9s":{"weight":0.9682,"played":[0.0,1.0],"evs":[0.0,1.47475]},"KTs":{"weight":0.2534,"played":[0.0,1.0],"evs":[0.0,2.05727]},"KJs":{"weight":0.9993,"played":[0.0,1.0],"evs":[0.0,2.07014]},"KQs":{"weight":0.9992,"played":[0.0,1.0],"evs":[0.0,2.37272]},"KK":{"weight":1.0,"played":[0.0,1.0],"evs":[0.0,11.0504]},"AKo":{"weight":0.0,"played":[0.0,1.0],"evs":[0.0,7.09705]},"A2s":{"weight":0.2186,"played":[2.0E-4,0.9998],"evs":[0.0,0.72737]},"A3s":{"weight":0.0021,"played":[0.0,1.0],"evs":[0.0,0.9262]},"A4s":{"weight":1.0E-4,"played":[0.0,1.0],"evs":[0.0,1.16359]},"A5s":{"weight":0.0,"played":[0.0,1.0],"evs":[0.0,1.11925]},"A6s":{"weight":0.4611,"played":[0.0,1.0],"evs":[0.0,0.82287]},"A7s":{"weight":0.0026,"played":[0.0,1.0],"evs":[0.0,1.29783]},"A8s":{"weight":0.5689,"played":[0.0,1.0],"evs":[0.0,1.61227]},"A9s":{"weight":0.9991,"played":[0.0,1.0],"evs":[0.0,1.94116]},"ATs":{"weight":0.9888,"played":[0.0,1.0],"evs":[0.0,3.50113]},"AJs":{"weight":0.9989,"played":[0.0,1.0],"evs":[0.0,4.50476]},"AQs":{"weight":0.5556,"played":[0.0,1.0],"evs":[0.0,6.33995]},"AKs":{"weight":6.0E-4,"played":[0.0,1.0],"evs":[0.0,7.85174]},"AA":{"weight":1.0,"played":[0.0,1.0],"evs":[0.0,14.67742]}}}