{"player":3,"street":0,"children":2,"sequence":[{"player":0,"type":"R","amount":200000,"street":0},{"player":1,"type":"F","amount":0,"street":0},{"player":2,"type":"F","amount":0,"street":0},{"player":3,"type":"C","amount":200000,"street":0},{"player":4,"type":"F","amount":0,"street":0},{"player":5,"type":"R","amount":945000,"street":0},{"player":0,"type":"R","amount":1465000,"street":0}],"actions":[{"type":"F","amount":0},{"type":"C","amount":1265000}],"hands":{"22":{"weight":0.9945,"played":[0.9579,0.0421],"evs":[0.0,-0.10702]},"32o":{"weight":0.0,"played":[1.0,0.0],"evs":[0.0,-4.49115]},"42o":{"weight":0.0,"played":[1.0,0.0],"evs":[0.0,-4.06688]},"52o":{"weight":0.0,"played":[1.0,0.0],"evs":[0.0,-3.60942]},"62o":{"weight":0.0,"played":[1.0,0.0],"evs":[0.0,-4.21537]},"72o":{"weight":0.0,"played":[1.0,0.0],"evs":[0.0,-4.929]},"82o":{"weight":0.0,"played":[1.0,0.0],"evs":[0.0,-4.62827]},"92o":{"weight":0.0,"played":[1.0,0.0],"evs":[0.0,-4.88499]},"T2o":{"weight":0.0,"played":[1.0,0.0],"evs":[0.0,-4.84885]},"J2o":{"weight":0.0,"played":[1.0,0.0],"evs":[0.0,-4.33295]},"Q2o":{"weight":0.0,"played":[1.0,0.0],"evs":[0.0,-3.63951]},"K2o":{"weight":0.0,"played":[1.0,0.0],"evs":[0.0,-2.72424]},"A2o":{"weight":0.0,"played":[1.0,0.0],"evs":[0.0,-3.4652]},"32s":{"weight":0.0,"played":[0.9999,1.0E-4],"evs":[0.0,-2.84548]},"33":{"weight":0.2095,"played":[6.0E-4,0.9994],"evs":[0.0,0.61495]},"43o":{"weight":0.0,"played":[1.0,0.0],"evs":[0.0,-3.49371]},"53o":{"weight":0.0,"played":[1.0,0.0],"evs":[0.0,-2.91414]},"63o":{"weight":0.0,"played":[1.0,0.0],"evs":[0.0,-3.52547]},"73o":{"weight":0.0,"played":[1.0,0.0],"evs":[0.0,-4.28073]},"83o":{"weight":0.0,"played":[1.0,0.0],"evs":[0.0,-4.76106]},"93o":{"weight":0.0,"played":[1.0,0.0],"evs":[0.0,-4.7583]},"T3o":{"weight":0.0,"played":[1.0,0.0],"evs":[0.0,-4.61484]},"J3o":{"weight":0.0,"played":[1.0,0.0],"evs":[0.0,-4.05055]},"Q3o":{"weight":0.0,"played":[1.0,0.0],"evs":[0.0,-3.55262]},"K3o":{"weight":0.0,"played":[1.0,0.0],"evs":[0.0,-2.75348]},"A3o":{"weight":0.0,"played":[0.9999,1.0E-4],"evs":[0.0,-2.97463]},"42s":{"weight":0.0,"played":[1.0,0.0],"evs":[0.0,-2.09965]},"43s":{"weight":0.0,"played":[0.9999,1.0E-4],"evs":[0.0,-1.55551]},"44":{"weight":0.476,"played":[0.0,1.0],"evs":[0.0,1.19501]},"54o":{"weight":0.0,"played":[1.0,0.0],"evs":[0.0,-2.22308]},"64o":{"weight":0.0,"played":[1.0,0.0],"evs":[0.0,-2.67247]},"74o":{"weight":0.0,"played":[1.0,0.0],"evs":[0.0,-3.41923]},"84o":{"weight":0.0,"played":[1.0,0.0],"evs":[0.0,-3.61798]},"94o":{"weight":0.0,"played":[1.0,0.0],"evs":[0.0,-4.49626]},"T4o":{"weight":0.0,"played":[1.0,0.0],"evs":[0.0,-4.4322]},"J4o":{"weight":0.0,"played":[1.0,0.0],"evs":[0.0,-3.77197]},"Q4o":{"weight":0.0,"played":[1.0,0.0],"evs":[0.0,-3.00151]},"K4o":{"weight":0.0,"played":[1.0,0.0],"evs":[0.0,-2.40301]},"A4o":{"weight":0.0,"played":[0.9999,1.0E-4],"evs":[0.0,-2.67785]},"52s":{"weight":0.0,"played":[1.0,0.0],"evs":[0.0,-1.80013]},"53s":{"weight":0.0,"played":[1.0,0.0],"evs":[0.0,-1.1572]},"54s":{"weight":0.9632,"played":[0.9852,0.0148],"evs":[0.0,-0.43466]},"55":{"weight":0.2342,"played":[0.0,1.0],"evs":[0.0,1.50816]},"65o":{"weight":0.0,"played":[1.0,0.0],"evs":[0.0,-1.68991]},"75o":{"weight":0.0,"played":[1.0,0.0],"evs":[0.0,-2.46932]},"85o":{"weight":0.0,"played":[1.0,0.0],"evs":[0.0,-2.6362]},"95o":{"weight":0.0,"played":[1.0,0.0],"evs":[0.0,-3.74743]},"T5o":{"weight":0.0,"played":[1.0,0.0],"evs":[0.0,-4.12338]},"J5o":{"weight":0.0,"played":[1.0,0.0],"evs":[0.0,-3.31393]},"Q5o":{"weight":0.0,"played":[1.0,0.0],"evs":[0.0,-2.73091]},"K5o":{"weight":0.0,"played":[1.0,0.0],"evs":[0.0,-1.83231]},"A5o":{"weight":0.0227,"played":[1.0,0.0],"evs":[0.0,-2.22512]},"62s":{"weight":0.0,"played":[1.0,0.0],"evs":[0.0,-2.5393]},"63s":{"weight":0.0,"played":[0.9994,6.0E-4],"evs":[0.0,-1.8171]},"64s":{"weight":1.0E-4,"played":[0.9922,0.0078],"evs":[0.0,-0.98206]},"65s":{"weight":0.9997,"played":[0.7924,0.2076],"evs":[0.0,-0.10427]},"66":{"weight":0.0046,"played":[0.0,1.0],"evs":[0.0,2.06099]},"76o":{"weight":0.0,"played":[0.9999,1.0E-4],"evs":[0.0,-1.81599]},"86o":{"weight":0.0,"played":[0.9999,1.0E-4],"evs":[0.0,-2.24235]},"96o":{"weight":0.0,"played":[1.0,0.0],"evs":[0.0,-2.92447]},"T6o":{"weight":0.0,"played":[1.0,0.0],"evs":[0.0,-3.3015]},"J6o":{"weight":0.0,"played":[1.0,0.0],"evs":[0.0,-3.39157]},"Q6o":{"weight":0.0,"played":[1.0,0.0],"evs":[0.0,-2.66349]},"K6o":{"weight":0.0,"played":[1.0,0.0],"evs":[0.0,-1.73722]},"A6o":{"weight":0.0,"played":[1.0,0.0],"evs":[0.0,-2.90918]},"72s":{"weight":0.0,"played":[1.0,0.0],"evs":[0.0,-3.19508]},"73s":{"weight":0.0,"played":[0.9999,1.0E-4],"evs":[0.0,-2.64216]},"74s":{"weight":0.0,"played":[0.9994,6.0E-4],"evs":[0.0,-1.55252]},"75s":{"weight":0.0,"played":[0.9962,0.0038],"evs":[0.0,-0.63184]},"76s":{"weight":0.9999,"played":[0.9132,0.0868],"evs":[0.0,-0.17177]},"77":{"weight":1.0E-4,"played":[0.0,1.0],"evs":[0.0,2.25181]},"87o":{"weight":0.0,"played":[1.0,0.0],"evs":[0.0,-1.95833]},"97o":{"weight":0.0,"played":[1.0,0.0],"evs":[0.0,-2.70334]},"T7o":{"weight":0.0,"played":[1.0,0.0],"evs":[0.0,-2.96592]},"J7o":{"weight":0.0,"played":[1.0,0.0],"evs":[0.0,-2.95314]},"Q7o":{"weight":0.0,"played":[1.0,0.0],"evs":[0.0,-3.12847]},"K7o":{"weight":0.0,"played":[1.0,0.0],"evs":[0.0,-2.10936]},"A7o":{"weight":0.0,"played":[1.0,0.0],"evs":[0.0,-2.48662]},"82s":{"weight":0.0,"played":[1.0,0.0],"evs":[0.0,-2.72484]},"83s":{"weight":0.0,"played":[0.9998,2.0E-4],"evs":[0.0,-2.61087]},"84s":{"weight":0.0,"played":[1.0,0.0],"evs":[0.0,-2.45321]},"85s":{"weight":0.0,"played":[0.9997,3.0E-4],"evs":[0.0,-1.07107]},"86s":{"weight":0.0,"played":[0.9972,0.0028],"evs":[0.0,-0.23197]},"87s":{"weight":0.8917,"played":[0.7399,0.2601],"evs":[0.0,-0.01013]},"88":{"weight":0.817,"played":[0.0,1.0],"evs":[0.0,2.96164]},"98o":{"weight":0.0,"played":[1.0,0.0],"evs":[0.0,-2.22611]},"T8o":{"weight":0.0,"played":[1.0,0.0],"evs":[0.0,-2.37]},"J8o":{"weight":0.0,"played":[1.0,0.0],"evs":[0.0,-2.17577]},"Q8o":{"weight":0.0,"played":[1.0,0.0],"evs":[0.0,-2.15595]},"K8o":{"weight":0.0,"played":[1.0,0.0],"evs":[0.0,-1.91946]},"A8o":{"weight":0.0937,"played":[0.9999,1.0E-4],"evs":[0.0,-2.0083]},"92s":{"weight":0.0,"played":[1.0,0.0],"evs":[0.0,-3.20169]},"93s":{"weight":0.0,"played":[0.9999,1.0E-4],"evs":[0.0,-2.70256]},"94s":{"weight":0.0,"played":[1.0,0.0],"evs":[0.0,-2.73785]},"95s":{"weight":0.0,"played":[0.9997,3.0E-4],"evs":[0.0,-1.89775]},"96s":{"weight":0.0,"played":[1.0,0.0],"evs":[0.0,-1.27837]},"97s":{"weight":0.0,"played":[0.9976,0.0024],"evs":[0.0,-1.42171]},"98s":{"weight":0.0,"played":[0.9964,0.0036],"evs":[0.0,-0.39096]},"99":{"weight":0.9962,"played":[0.0,1.0],"evs":[0.0,3.18853]},"T9o":{"weight":0.0,"played":[0.9999,1.0E-4],"evs":[0.0,-2.12817]},"J9o":{"weight":0.0,"played":[1.0,0.0],"evs":[0.0,-2.06097]},"Q9o":{"weight":0.0,"played":[1.0,0.0],"evs":[0.0,-1.84719]},"K9o":{"weight":0.0,"played":[1.0,0.0],"evs":[0.0,-1.47269]},"A9o":{"weight":0.9995,"played":[0.9982,0.0018],"evs":[0.0,-1.68088]},"T2s":{"weight":0.0,"played":[1.0,0.0],"evs":[0.0,-2.9547]},"T3s":{"weight":0.0,"played":[0.9999,1.0E-4],"evs":[0.0,-2.92006]},"T4s":{"weight":0.0,"played":[0.9999,1.0E-4],"evs":[0.0,-2.46947]},"T5s":{"weight":0.0,"played":[0.9998,2.0E-4],"evs":[0.0,-2.55148]},"T6s":{"weight":0.0,"played":[0.9993,7.0E-4],"evs":[0.0,-1.53908]},"T7s":{"weight":0.0,"played":[0.9998,2.0E-4],"evs":[0.0,-1.09257]},"T8s":{"weight":0.0,"played":[0.9948,0.0052],"evs":[0.0,-0.77841]},"T9s":{"weight":0.9995,"played":[1.0,0.0],"evs":[0.0,-0.37837]},"TT":{"weight":1.0E-4,"played":[0.0,1.0],"evs":[0.0,5.0454]},"JTo":{"weight":0.0,"played":[0.9998,2.0E-4],"evs":[0.0,-1.20812]},"QTo":{"weight":0.0,"played":[0.9979,0.0021],"evs":[0.0,-0.8481]},"KTo":{"weight":0.0374,"played":[0.9974,0.0026],"evs":[0.0,-0.74469]},"ATo":{"weight":0.0085,"played":[0.8978,0.1022],"evs":[0.0,-0.50186]},"J2s":{"weight":0.0,"played":[1.0,0.0],"evs":[0.0,-2.36907]},"J3s":{"weight":0.0,"played":[0.9998,2.0E-4],"evs":[0.0,-2.13486]},"J4s":{"weight":0.0,"played":[1.0,0.0],"evs":[0.0,-1.87974]},"J5s":{"weight":0.0,"played":[0.9979,0.0021],"evs":[0.0,-1.4069]},"J6s":{"weight":0.0,"played":[0.9992,8.0E-4],"evs":[0.0,-1.56091]},"J7s":{"weight":0.0,"played":[0.9933,0.0067],"evs":[0.0,-1.23155]},"J8s":{"weight":0.0,"played":[0.9991,9.0E-4],"evs":[0.0,-0.48783]},"J9s":{"weight":0.7213,"played":[0.9801,0.0199],"evs":[0.0,-0.24077]},"JTs":{"weight":0.9974,"played":[0.0,1.0],"evs":[0.0,0.41078]},"JJ":{"weight":2.0E-4,"played":[0.0,1.0],"evs":[0.0,8.00447]},"QJo":{"weight":0.9353,"played":[0.9239,0.0761],"evs":[0.0,-0.35061]},"KJo":{"weight":1.0,"played":[0.2117,0.7883],"evs":[0.0,-0.06218]},"AJo":{"weight":0.0158,"played":[0.0,1.0],"evs":[0.0,1.03475]},"Q2s":{"weight":0.0,"played":[0.9999,1.0E-4],"evs":[0.0,-1.93149]},"Q3s":{"weight":0.0,"played":[0.9996,4.0E-4],"evs":[0.0,-1.68125]},"Q4s":{"weight":0.0,"played":[0.9988,0.0012],"evs":[0.0,-1.14998]},"Q5s":{"weight":0.0,"played":[0.997,0.003],"evs":[0.0,-1.05129]},"Q6s":{"weight":0.0,"played":[0.9859,0.0141],"evs":[0.0,-0.69791]},"Q7s":{"weight":0.0,"played":[0.9991,9.0E-4],"evs":[0.0,-1.32226]},"Q8s":{"weight":1.0E-4,"played":[0.6594,0.3406],"evs":[0.0,-0.23579]},"Q9s":{"weight":0.9987,"played":[0.7388,0.2612],"evs":[0.0,0.06363]},"QTs":{"weight":0.0171,"played":[3.0E-4,0.9997],"evs":[0.0,0.82848]},"QJs":{"weight":0.5531,"played":[0.0,1.0],"evs":[0.0,1.26024]},"QQ":{"weight":4.0E-4,"played":[0.0,1.0],"evs":[0.0,11.92516]},"KQo":{"weight":0.4074,"played":[3.0E-4,0.9997],"evs":[0.0,0.90389]},"AQo":{"weight":0.0,"played":[0.0,1.0],"evs":[0.0,3.08287]},"K2s":{"weight":0.0,"played":[0.999,0.001],"evs":[0.0,-1.17682]},"K3s":{"weight":1.0E-4,"played":[1.0,0.0],"evs":[0.0,-0.83867]},"K4s":{"weight":0.0,"played":[0.9989,0.0011],"evs":[0.0,-0.74939]},"K5s":{"weight":0.6312,"played":[0.9749,0.0251],"evs":[0.0,-0.1727]},"K6s":{"weight":0.3102,"played":[0.4949,0.5051],"evs":[0.0,-0.02135]},"K7s":{"weight":0.2703,"played":[0.9816,0.0184],"evs":[0.0,-0.1859]},"K8s":{"weight":3.0E-4,"played":[0.5271,0.4729],"evs":[0.0,0.05706]},"K9s":{"weight":0.9682,"played":[0.3573,0.6427],"evs":[0.0,0.10001]},"KTs":{"weight":0.2534,"played":[0.0,1.0],"evs":[0.0,0.89411]},"KJs":{"weight":0.9993,"played":[0.0,1.0],"evs":[0.0,1.52554]},"KQs":{"weight":0.9992,"played":[0.0,1.0],"evs":[0.0,2.56521]},"KK":{"weight":1.0,"played":[0.0,1.0],"evs":[0.0,16.1278]},"AKo":{"weight":0.0,"played":[0.0,1.0],"evs":[0.0,5.74523]},"A2s":{"weight":0.2186,"played":[0.9899,0.0101],"evs":[0.0,-1.47714]},"A3s":{"weight":0.0021,"played":[0.9944,0.0056],"evs":[0.0,-0.71833]},"A4s":{"weight":1.0E-4,"played":[0.9533,0.0467],"evs":[0.0,-0.66165]},"A5s":{"weight":0.0,"played":[0.5568,0.4432],"evs":[0.0,-0.02647]},"A6s":{"weight":0.4611,"played":[0.9786,0.0214],"evs":[0.0,-0.85003]},"A7s":{"weight":0.0026,"played":[0.9505,0.0495],"evs":[0.0,-0.82351]},"A8s":{"weight":0.5689,"played":[0.6112,0.3888],"evs":[0.0,0.09537]},"A9s":{"weight":0.9991,"played":[0.1779,0.8221],"evs":[0.0,0.11925]},"ATs":{"weight":0.9888,"played":[0.0,1.0],"evs":[0.0,1.5746]},"AJs":{"weight":0.9989,"played":[0.0,1.0],"evs":[0.0,2.8654]},"AQs":{"weight":0.5556,"played":[0.0,1.0],"evs":[0.0,4.88567]},"AKs":{"weight":6.0E-4,"played":[0.0,1.0],"evs":[0.0,7.23191]},"AA":{"weight":1.0,"played":[0.0,1.0],"evs":[0.0,22.88789]}}}