{"player":3,"street":0,"children":2,"sequence":[{"player":0,"type":"R","amount":200000,"street":0},{"player":1,"type":"F","amount":0,"street":0},{"player":2,"type":"F","amount":0,"street":0},{"player":3,"type":"C","amount":200000,"street":0},{"player":4,"type":"C","amount":150000,"street":0},{"player":5,"type":"R","amount":945000,"street":0},{"player":0,"type":"F","amount":0,"street":0},{"player":3,"type":"C","amount":745000,"street":0},{"player":4,"type":"R","amount":1565000,"street":0}],"actions":[{"type":"F","amount":0},{"type":"C","amount":620000}],"hands":{"22":{"weight":0.0159,"played":[0.0,1.0],"evs":[0.0,9.14158]},"32o":{"weight":0.0,"played":[0.0,1.0],"evs":[0.0,3.94392]},"42o":{"weight":0.0,"played":[0.0,1.0],"evs":[0.0,6.00459]},"52o":{"weight":0.0,"played":[0.0,1.0],"evs":[0.0,4.88026]},"62o":{"weight":0.0,"played":[0.0,1.0],"evs":[0.0,5.04496]},"72o":{"weight":0.0,"played":[0.0,1.0],"evs":[0.0,5.946]},"82o":{"weight":0.0,"played":[1.0E-4,0.9999],"evs":[0.0,4.57767]},"92o":{"weight":0.0,"played":[0.0,1.0],"evs":[0.0,5.57541]},"T2o":{"weight":0.0,"played":[0.0,1.0],"evs":[0.0,4.62868]},"J2o":{"weight":0.0,"played":[1.0E-4,0.9999],"evs":[0.0,5.04989]},"Q2o":{"weight":0.0,"played":[1.0E-4,0.9999],"evs":[0.0,6.56756]},"K2o":{"weight":0.0,"played":[0.0,1.0],"evs":[0.0,5.82584]},"A2o":{"weight":0.0,"played":[0.0,1.0],"evs":[0.0,8.61327]},"32s":{"weight":0.0,"played":[0.0,1.0],"evs":[0.0,7.48194]},"33":{"weight":0.0795,"played":[0.0,1.0],"evs":[0.0,11.10414]},"43o":{"weight":0.0,"played":[1.0E-4,0.9999],"evs":[0.0,4.94334]},"53o":{"weight":0.0,"played":[0.0,1.0],"evs":[0.0,6.24211]},"63o":{"weight":0.0,"played":[0.0,1.0],"evs":[0.0,6.62776]},"73o":{"weight":0.0,"played":[0.0,1.0],"evs":[0.0,5.76235]},"83o":{"weight":0.0,"played":[0.0,1.0],"evs":[0.0,5.66616]},"93o":{"weight":0.0,"played":[3.0E-4,0.9997],"evs":[0.0,5.42276]},"T3o":{"weight":0.0,"played":[0.0,1.0],"evs":[0.0,6.39387]},"J3o":{"weight":0.0,"played":[0.0,1.0],"evs":[0.0,4.76706]},"Q3o":{"weight":0.0,"played":[0.0,1.0],"evs":[0.0,6.37248]},"K3o":{"weight":0.0,"played":[1.0E-4,0.9999],"evs":[0.0,6.36251]},"A3o":{"weight":0.0,"played":[0.0,1.0],"evs":[0.0,8.16945]},"42s":{"weight":0.0,"played":[3.0E-4,0.9997],"evs":[0.0,6.61006]},"43s":{"weight":0.0,"played":[2.0E-4,0.9998],"evs":[0.0,7.39027]},"44":{"weight":5.0E-4,"played":[1.0E-4,0.9999],"evs":[0.0,10.8581]},"54o":{"weight":0.0,"played":[0.0,1.0],"evs":[0.0,7.81324]},"64o":{"weight":0.0,"played":[0.0,1.0],"evs":[0.0,7.98419]},"74o":{"weight":0.0,"played":[0.0,1.0],"evs":[0.0,7.03552]},"84o":{"weight":0.0,"played":[0.0,1.0],"evs":[0.0,6.01385]},"94o":{"weight":0.0,"played":[1.0E-4,0.9999],"evs":[0.0,4.84281]},"T4o":{"weight":0.0,"played":[1.0E-4,0.9999],"evs":[0.0,5.47785]},"J4o":{"weight":0.0,"played":[0.0,1.0],"evs":[0.0,6.79818]},"Q4o":{"weight":0.0,"played":[1.0E-4,0.9999],"evs":[0.0,6.73483]},"K4o":{"weight":0.0,"played":[1.0E-4,0.9999],"evs":[0.0,6.67142]},"A4o":{"weight":0.0,"played":[0.0,1.0],"evs":[0.0,8.87201]},"52s":{"weight":0.0,"played":[0.0,1.0],"evs":[0.0,7.36706]},"53s":{"weight":0.0,"played":[0.0,1.0],"evs":[0.0,9.61893]},"54s":{"weight":0.9013,"played":[1.0E-4,0.9999],"evs":[0.0,9.7712]},"55":{"weight":0.0026,"played":[0.0,1.0],"evs":[0.0,13.40915]},"65o":{"weight":0.0,"played":[0.0,1.0],"evs":[0.0,8.15794]},"75o":{"weight":0.0,"played":[0.0,1.0],"evs":[0.0,8.40339]},"85o":{"weight":0.0,"played":[0.0,1.0],"evs":[0.0,7.54345]},"95o":{"weight":0.0,"played":[0.0,1.0],"evs":[0.0,6.88333]},"T5o":{"weight":0.0,"played":[0.0,1.0],"evs":[0.0,7.47711]},"J5o":{"weight":0.0,"played":[0.0,1.0],"evs":[0.0,6.32364]},"Q5o":{"weight":0.0,"played":[0.0,1.0],"evs":[0.0,7.35288]},"K5o":{"weight":0.0,"played":[0.0,1.0],"evs":[0.0,6.83259]},"A5o":{"weight":3.0E-4,"played":[0.0,1.0],"evs":[0.0,10.50785]},"62s":{"weight":0.0,"played":[0.0,1.0],"evs":[0.0,7.52219]},"63s":{"weight":0.0,"played":[2.0E-4,0.9998],"evs":[0.0,7.77368]},"64s":{"weight":1.0E-4,"played":[0.0,1.0],"evs":[0.0,8.85101]},"65s":{"weight":0.0435,"played":[0.0,1.0],"evs":[0.0,9.92232]},"66":{"weight":0.0,"played":[0.0,1.0],"evs":[0.0,14.42073]},"76o":{"weight":0.0,"played":[0.0,1.0],"evs":[0.0,9.25381]},"86o":{"weight":0.0,"played":[0.0,1.0],"evs":[0.0,7.88116]},"96o":{"weight":0.0,"played":[0.0,1.0],"evs":[0.0,7.26895]},"T6o":{"weight":0.0,"played":[0.0,1.0],"evs":[0.0,6.66569]},"J6o":{"weight":0.0,"played":[1.0E-4,0.9999],"evs":[0.0,7.02803]},"Q6o":{"weight":0.0,"played":[0.0,1.0],"evs":[0.0,7.49651]},"K6o":{"weight":0.0,"played":[0.0,1.0],"evs":[0.0,8.01698]},"A6o":{"weight":0.0,"played":[0.0,1.0],"evs":[0.0,9.01253]},"72s":{"weight":0.0,"played":[0.0,1.0],"evs":[0.0,6.16984]},"73s":{"weight":0.0,"played":[2.0E-4,0.9998],"evs":[0.0,8.56351]},"74s":{"weight":0.0,"played":[0.0,1.0],"evs":[0.0,9.35215]},"75s":{"weight":0.0,"played":[1.0E-4,0.9999],"evs":[0.0,10.42445]},"76s":{"weight":0.001,"played":[0.0,1.0],"evs":[0.0,10.89143]},"77":{"weight":0.0,"played":[0.0,1.0],"evs":[0.0,17.97047]},"87o":{"weight":0.0,"played":[0.0,1.0],"evs":[0.0,8.34156]},"97o":{"weight":0.0,"played":[0.0,1.0],"evs":[0.0,9.11828]},"T7o":{"weight":0.0,"played":[1.0E-4,0.9999],"evs":[0.0,8.31238]},"J7o":{"weight":0.0,"played":[0.0,1.0],"evs":[0.0,7.40407]},"Q7o":{"weight":0.0,"played":[0.0,1.0],"evs":[0.0,8.34312]},"K7o":{"weight":0.0,"played":[0.0,1.0],"evs":[0.0,8.63348]},"A7o":{"weight":0.0,"played":[0.0,1.0],"evs":[0.0,10.5243]},"82s":{"weight":0.0,"played":[2.0E-4,0.9998],"evs":[0.0,8.4026]},"83s":{"weight":0.0,"played":[1.0E-4,0.9999],"evs":[0.0,6.6187]},"84s":{"weight":0.0,"played":[0.0,1.0],"evs":[0.0,8.72106]},"85s":{"weight":0.0,"played":[1.0E-4,0.9999],"evs":[0.0,8.82587]},"86s":{"weight":0.0,"played":[0.0,1.0],"evs":[0.0,11.61746]},"87s":{"weight":0.2612,"played":[0.0,1.0],"evs":[0.0,10.55506]},"88":{"weight":0.0053,"played":[0.0,1.0],"evs":[0.0,17.23536]},"98o":{"weight":0.0,"played":[0.0,1.0],"evs":[0.0,9.25633]},"T8o":{"weight":0.0,"played":[1.0E-4,0.9999],"evs":[0.0,9.25549]},"J8o":{"weight":0.0,"played":[0.0,1.0],"evs":[0.0,8.58225]},"Q8o":{"weight":0.0,"played":[0.0,1.0],"evs":[0.0,8.99693]},"K8o":{"weight":0.0,"played":[0.0,1.0],"evs":[0.0,8.80176]},"A8o":{"weight":0.044,"played":[0.0,1.0],"evs":[0.0,10.03702]},"92s":{"weight":0.0,"played":[0.0,1.0],"evs":[0.0,5.44339]},"93s":{"weight":0.0,"played":[0.0,1.0],"evs":[0.0,8.76577]},"94s":{"weight":0.0,"played":[0.0,1.0],"evs":[0.0,7.37604]},"95s":{"weight":0.0,"played":[0.0,1.0],"evs":[0.0,8.53732]},"96s":{"weight":0.0,"played":[1.0E-4,0.9999],"evs":[0.0,9.13363]},"97s":{"weight":0.0,"played":[0.0,1.0],"evs":[0.0,10.99465]},"98s":{"weight":0.0,"played":[1.0E-4,0.9999],"evs":[0.0,9.6723]},"99":{"weight":0.0044,"played":[0.0,1.0],"evs":[0.0,19.66173]},"T9o":{"weight":0.0,"played":[0.0,1.0],"evs":[0.0,8.95101]},"J9o":{"weight":0.0,"played":[0.0,1.0],"evs":[0.0,8.76187]},"Q9o":{"weight":0.0,"played":[0.0,1.0],"evs":[0.0,9.94653]},"K9o":{"weight":0.0,"played":[0.0,1.0],"evs":[0.0,8.57218]},"A9o":{"weight":0.0317,"played":[0.0,1.0],"evs":[0.0,10.56099]},"T2s":{"weight":0.0,"played":[1.0E-4,0.9999],"evs":[0.0,6.20824]},"T3s":{"weight":0.0,"played":[0.0,1.0],"evs":[0.0,7.76333]},"T4s":{"weight":0.0,"played":[0.0,1.0],"evs":[0.0,9.97531]},"T5s":{"weight":0.0,"played":[2.0E-4,0.9998],"evs":[0.0,9.03173]},"T6s":{"weight":0.0,"played":[1.0E-4,0.9999],"evs":[0.0,9.24676]},"T7s":{"weight":0.0,"played":[0.0,1.0],"evs":[0.0,9.57511]},"T8s":{"weight":0.0,"played":[1.0E-4,0.9999],"evs":[0.0,10.21658]},"T9s":{"weight":0.0,"played":[1.0E-4,0.9999],"evs":[0.0,11.81272]},"TT":{"weight":0.0,"played":[0.0,1.0],"evs":[0.0,19.63537]},"JTo":{"weight":0.0,"played":[1.0E-4,0.9999],"evs":[0.0,8.22758]},"QTo":{"weight":0.0,"played":[0.0,1.0],"evs":[0.0,10.47303]},"KTo":{"weight":0.0079,"played":[0.0,1.0],"evs":[0.0,9.39175]},"ATo":{"weight":0.0,"played":[0.0,1.0],"evs":[0.0,11.96444]},"J2s":{"weight":0.0,"played":[3.0E-4,0.9997],"evs":[0.0,8.0586]},"J3s":{"weight":0.0,"played":[1.0E-4,0.9999],"evs":[0.0,6.68363]},"J4s":{"weight":0.0,"played":[0.0,1.0],"evs":[0.0,7.66525]},"J5s":{"weight":0.0,"played":[0.0,1.0],"evs":[0.0,8.84028]},"J6s":{"weight":0.0,"played":[0.0,1.0],"evs":[0.0,7.18729]},"J7s":{"weight":0.0,"played":[1.0E-4,0.9999],"evs":[0.0,10.1544]},"J8s":{"weight":0.0,"played":[0.0,1.0],"evs":[0.0,9.02565]},"J9s":{"weight":0.0896,"played":[0.0,1.0],"evs":[0.0,9.96922]},"JTs":{"weight":0.0,"played":[1.0E-4,0.9999],"evs":[0.0,9.66092]},"JJ":{"weight":0.0,"played":[0.0,1.0],"evs":[0.0,21.45335]},"QJo":{"weight":2.0E-4,"played":[0.0,1.0],"evs":[0.0,9.76822]},"KJo":{"weight":0.0019,"played":[0.0,1.0],"evs":[0.0,10.17553]},"AJo":{"weight":0.0011,"played":[0.0,1.0],"evs":[0.0,14.29964]},"Q2s":{"weight":0.0,"played":[0.0,1.0],"evs":[0.0,8.60689]},"Q3s":{"weight":0.0,"played":[0.0034,0.9966],"evs":[0.0,8.30979]},"Q4s":{"weight":0.0,"played":[3.0E-4,0.9997],"evs":[0.0,6.90212]},"Q5s":{"weight":0.0,"played":[0.0,1.0],"evs":[0.0,8.42919]},"Q6s":{"weight":0.0,"played":[4.0E-4,0.9996],"evs":[0.0,9.36472]},"Q7s":{"weight":0.0,"played":[0.0,1.0],"evs":[0.0,8.95509]},"Q8s":{"weight":0.0,"played":[0.0,1.0],"evs":[0.0,9.41337]},"Q9s":{"weight":0.0034,"played":[0.0,1.0],"evs":[0.0,11.30279]},"QTs":{"weight":0.0,"played":[1.0E-4,0.9999],"evs":[0.0,10.76045]},"QJs":{"weight":0.0602,"played":[2.0E-4,0.9998],"evs":[0.0,11.08202]},"QQ":{"weight":0.0,"played":[0.0,1.0],"evs":[0.0,25.41219]},"KQo":{"weight":5.0E-4,"played":[0.0,1.0],"evs":[0.0,12.1744]},"AQo":{"weight":0.0,"played":[0.0,1.0],"evs":[0.0,15.0089]},"K2s":{"weight":0.0,"played":[0.0,1.0],"evs":[0.0,6.48994]},"K3s":{"weight":0.0,"played":[0.0,1.0],"evs":[0.0,8.19504]},"K4s":{"weight":0.0,"played":[0.0,1.0],"evs":[0.0,8.88596]},"K5s":{"weight":0.2349,"played":[0.0,1.0],"evs":[0.0,9.61588]},"K6s":{"weight":0.0289,"played":[0.0,1.0],"evs":[0.0,9.64748]},"K7s":{"weight":0.0126,"played":[0.0,1.0],"evs":[0.0,11.97592]},"K8s":{"weight":0.0,"played":[0.0,1.0],"evs":[0.0,11.10092]},"K9s":{"weight":0.172,"played":[0.0,1.0],"evs":[0.0,11.79521]},"KTs":{"weight":0.0041,"played":[0.0,1.0],"evs":[0.0,9.96727]},"KJs":{"weight":5.0E-4,"played":[0.0,1.0],"evs":[0.0,12.44111]},"KQs":{"weight":0.049,"played":[0.0,1.0],"evs":[0.0,15.08447]},"KK":{"weight":0.2303,"played":[0.0,1.0],"evs":[0.0,28.3951]},"AKo":{"weight":0.0,"played":[0.0,1.0],"evs":[0.0,16.88115]},"A2s":{"weight":0.0019,"played":[0.0,1.0],"evs":[0.0,9.71913]},"A3s":{"weight":1.0E-4,"played":[0.0,1.0],"evs":[0.0,11.26862]},"A4s":{"weight":0.0,"played":[0.0,1.0],"evs":[0.0,10.34841]},"A5s":{"weight":0.0,"played":[0.0,1.0],"evs":[0.0,11.65886]},"A6s":{"weight":4.0E-4,"played":[0.0,1.0],"evs":[0.0,11.97052]},"A7s":{"weight":0.0,"played":[2.0E-4,0.9998],"evs":[0.0,11.40758]},"A8s":{"weight":0.2506,"played":[0.0,1.0],"evs":[0.0,12.89224]},"A9s":{"weight":0.011,"played":[0.0,1.0],"evs":[0.0,12.17881]},"ATs":{"weight":0.1532,"played":[0.0,1.0],"evs":[0.0,14.5617]},"AJs":{"weight":0.1772,"played":[0.0,1.0],"evs":[0.0,16.37596]},"AQs":{"weight":0.194,"played":[0.0,1.0],"evs":[0.0,16.08447]},"AKs":{"weight":0.0,"played":[0.0,1.0],"evs":[0.0,19.41757]},"AA":{"weight":0.3288,"played":[0.0,1.0],"evs":[0.0,32.88921]}}}