{"player":3,"street":0,"children":2,"sequence":[{"player":0,"type":"R","amount":200000,"street":0},{"player":1,"type":"F","amount":0,"street":0},{"player":2,"type":"F","amount":0,"street":0},{"player":3,"type":"C","amount":200000,"street":0},{"player":4,"type":"C","amount":150000,"street":0},{"player":5,"type":"R","amount":945000,"street":0},{"player":0,"type":"C","amount":745000,"street":0}],"actions":[{"type":"F","amount":0,"node":118},{"type":"R","amount":1565000,"node":120}],"hands":{"22":{"weight":0.9945,"played":[0.4852,0.5148],"evs":[0.0,-0.22921]},"32o":{"weight":0.0,"played":[1.0,0.0],"evs":[0.0,-4.45635]},"42o":{"weight":0.0,"played":[0.9954,0.0046],"evs":[0.0,-3.67629]},"52o":{"weight":0.0,"played":[0.9893,0.0107],"evs":[0.0,-3.60651]},"62o":{"weight":0.0,"played":[0.997,0.003],"evs":[0.0,-3.67635]},"72o":{"weight":0.0,"played":[0.9999,1.0E-4],"evs":[0.0,-4.96518]},"82o":{"weight":0.0,"played":[1.0,0.0],"evs":[0.0,-3.62728]},"92o":{"weight":0.0,"played":[0.9999,1.0E-4],"evs":[0.0,-4.54171]},"T2o":{"weight":0.0,"played":[0.9984,0.0016],"evs":[0.0,-4.62696]},"J2o":{"weight":0.0,"played":[1.0,0.0],"evs":[0.0,-4.07354]},"Q2o":{"weight":0.0,"played":[0.9993,7.0E-4],"evs":[0.0,-4.08001]},"K2o":{"weight":0.0,"played":[0.999,0.001],"evs":[0.0,-2.39207]},"A2o":{"weight":0.0,"played":[0.8408,0.1592],"evs":[0.0,-1.79042]},"32s":{"weight":0.0,"played":[0.9745,0.0255],"evs":[0.0,-2.48453]},"33":{"weight":0.2095,"played":[0.0292,0.9708],"evs":[0.0,1.26449]},"43o":{"weight":0.0,"played":[0.9953,0.0047],"evs":[0.0,-3.13754]},"53o":{"weight":0.0,"played":[0.9982,0.0018],"evs":[0.0,-2.06873]},"63o":{"weight":0.0,"played":[0.9974,0.0026],"evs":[0.0,-2.76679]},"73o":{"weight":0.0,"played":[0.9984,0.0016],"evs":[0.0,-3.08308]},"83o":{"weight":0.0,"played":[0.9997,3.0E-4],"evs":[0.0,-3.6261]},"93o":{"weight":0.0,"played":[1.0,0.0],"evs":[0.0,-3.83065]},"T3o":{"weight":0.0,"played":[0.9994,6.0E-4],"evs":[0.0,-3.66104]},"J3o":{"weight":0.0,"played":[0.9998,2.0E-4],"evs":[0.0,-4.11719]},"Q3o":{"weight":0.0,"played":[0.9965,0.0035],"evs":[0.0,-3.48926]},"K3o":{"weight":0.0,"played":[0.9905,0.0095],"evs":[0.0,-2.20782]},"A3o":{"weight":0.0,"played":[0.8402,0.1598],"evs":[0.0,-1.30904]},"42s":{"weight":0.0,"played":[0.9995,5.0E-4],"evs":[0.0,-1.2273]},"43s":{"weight":0.0,"played":[0.9762,0.0238],"evs":[0.0,-0.75339]},"44":{"weight":0.476,"played":[1.0E-4,0.9999],"evs":[0.0,1.77159]},"54o":{"weight":0.0,"played":[0.9985,0.0015],"evs":[0.0,-1.0837]},"64o":{"weight":0.0,"played":[0.9996,4.0E-4],"evs":[0.0,-2.31056]},"74o":{"weight":0.0,"played":[0.9997,3.0E-4],"evs":[0.0,-3.18358]},"84o":{"weight":0.0,"played":[0.9807,0.0193],"evs":[0.0,-3.07496]},"94o":{"weight":0.0,"played":[0.9988,0.0012],"evs":[0.0,-3.88937]},"T4o":{"weight":0.0,"played":[1.0,0.0],"evs":[0.0,-3.05953]},"J4o":{"weight":0.0,"played":[0.9996,4.0E-4],"evs":[0.0,-2.80533]},"Q4o":{"weight":0.0,"played":[0.9731,0.0269],"evs":[0.0,-2.97356]},"K4o":{"weight":0.0,"played":[0.9987,0.0013],"evs":[0.0,-2.34503]},"A4o":{"weight":0.0,"played":[0.9849,0.0151],"evs":[0.0,-1.35485]},"52s":{"weight":0.0,"played":[0.9823,0.0177],"evs":[0.0,-1.98977]},"53s":{"weight":0.0,"played":[0.1578,0.8422],"evs":[0.0,0.64277]},"54s":{"weight":0.9632,"played":[0.0169,0.9831],"evs":[0.0,0.58513]},"55":{"weight":0.2342,"played":[0.0,1.0],"evs":[0.0,2.63126]},"65o":{"weight":0.0,"played":[0.9776,0.0224],"evs":[0.0,-1.36279]},"75o":{"weight":0.0,"played":[0.9958,0.0042],"evs":[0.0,-2.44775]},"85o":{"weight":0.0,"played":[0.9999,1.0E-4],"evs":[0.0,-2.07749]},"95o":{"weight":0.0,"played":[1.0,0.0],"evs":[0.0,-2.41602]},"T5o":{"weight":0.0,"played":[0.9999,1.0E-4],"evs":[0.0,-3.48431]},"J5o":{"weight":0.0,"played":[0.9992,8.0E-4],"evs":[0.0,-3.36622]},"Q5o":{"weight":0.0,"played":[0.9988,0.0012],"evs":[0.0,-2.58756]},"K5o":{"weight":0.0,"played":[0.9986,0.0014],"evs":[0.0,-1.84502]},"A5o":{"weight":0.0227,"played":[0.914,0.086],"evs":[0.0,-0.77638]},"62s":{"weight":0.0,"played":[0.9906,0.0094],"evs":[0.0,-1.75635]},"63s":{"weight":0.0,"played":[0.8739,0.1261],"evs":[0.0,-2.50494]},"64s":{"weight":1.0E-4,"played":[0.862,0.138],"evs":[0.0,-0.70843]},"65s":{"weight":0.9997,"played":[0.0041,0.9959],"evs":[0.0,0.85478]},"66":{"weight":0.0046,"played":[0.0,1.0],"evs":[0.0,4.99706]},"76o":{"weight":0.0,"played":[0.8682,0.1318],"evs":[0.0,-0.86473]},"86o":{"weight":0.0,"played":[0.9896,0.0104],"evs":[0.0,-0.96381]},"96o":{"weight":0.0,"played":[0.9991,9.0E-4],"evs":[0.0,-1.64618]},"T6o":{"weight":0.0,"played":[1.0,0.0],"evs":[0.0,-2.04987]},"J6o":{"weight":0.0,"played":[0.9994,6.0E-4],"evs":[0.0,-2.55281]},"Q6o":{"weight":0.0,"played":[0.9945,0.0055],"evs":[0.0,-1.9157]},"K6o":{"weight":0.0,"played":[0.9529,0.0471],"evs":[0.0,-1.58737]},"A6o":{"weight":0.0,"played":[0.9959,0.0041],"evs":[0.0,-1.24399]},"72s":{"weight":0.0,"played":[0.9715,0.0285],"evs":[0.0,-1.85123]},"73s":{"weight":0.0,"played":[0.9809,0.0191],"evs":[0.0,-2.37431]},"74s":{"weight":0.0,"played":[0.9945,0.0055],"evs":[0.0,-0.11104]},"75s":{"weight":0.0,"played":[2.0E-4,0.9998],"evs":[0.0,1.27587]},"76s":{"weight":0.9999,"played":[0.026,0.974],"evs":[0.0,1.01135]},"77":{"weight":1.0E-4,"played":[2.0E-4,0.9998],"evs":[0.0,5.29791]},"87o":{"weight":0.0,"played":[0.9378,0.0622],"evs":[0.0,-0.63059]},"97o":{"weight":0.0,"played":[0.9829,0.0171],"evs":[0.0,-0.65729]},"T7o":{"weight":0.0,"played":[0.9922,0.0078],"evs":[0.0,-2.00926]},"J7o":{"weight":0.0,"played":[0.9999,1.0E-4],"evs":[0.0,-1.7097]},"Q7o":{"weight":0.0,"played":[0.9983,0.0017],"evs":[0.0,-2.17102]},"K7o":{"weight":0.0,"played":[0.9947,0.0053],"evs":[0.0,-1.09293]},"A7o":{"weight":0.0,"played":[0.9012,0.0988],"evs":[0.0,-0.71851]},"82s":{"weight":0.0,"played":[0.9881,0.0119],"evs":[0.0,-2.13686]},"83s":{"weight":0.0,"played":[0.9606,0.0394],"evs":[0.0,-1.75653]},"84s":{"weight":0.0,"played":[0.733,0.267],"evs":[0.0,-0.80903]},"85s":{"weight":0.0,"played":[0.7109,0.2891],"evs":[0.0,-0.71972]},"86s":{"weight":0.0,"played":[0.3059,0.6941],"evs":[0.0,0.53851]},"87s":{"weight":0.8917,"played":[0.0014,0.9986],"evs":[0.0,1.21854]},"88":{"weight":0.817,"played":[0.0,1.0],"evs":[0.0,6.29671]},"98o":{"weight":0.0,"played":[0.8864,0.1136],"evs":[0.0,-0.6234]},"T8o":{"weight":0.0,"played":[0.9995,5.0E-4],"evs":[0.0,-0.58606]},"J8o":{"weight":0.0,"played":[0.9977,0.0023],"evs":[0.0,-2.18969]},"Q8o":{"weight":0.0,"played":[0.769,0.231],"evs":[0.0,-1.54406]},"K8o":{"weight":0.0,"played":[0.9213,0.0787],"evs":[0.0,-1.49429]},"A8o":{"weight":0.0937,"played":[0.8173,0.1827],"evs":[0.0,-0.88469]},"92s":{"weight":0.0,"played":[1.0,0.0],"evs":[0.0,-2.59214]},"93s":{"weight":0.0,"played":[0.9998,2.0E-4],"evs":[0.0,-1.82274]},"94s":{"weight":0.0,"played":[0.955,0.045],"evs":[0.0,-2.35024]},"95s":{"weight":0.0,"played":[0.6941,0.3059],"evs":[0.0,-0.07331]},"96s":{"weight":0.0,"played":[0.7717,0.2283],"evs":[0.0,-1.48421]},"97s":{"weight":0.0,"played":[0.0235,0.9765],"evs":[0.0,0.8806]},"98s":{"weight":0.0,"played":[0.1389,0.8611],"evs":[0.0,0.58595]},"99":{"weight":0.9962,"played":[0.0,1.0],"evs":[0.0,5.51922]},"T9o":{"weight":0.0,"played":[0.8358,0.1642],"evs":[0.0,-0.36823]},"J9o":{"weight":0.0,"played":[0.9991,9.0E-4],"evs":[0.0,-0.72473]},"Q9o":{"weight":0.0,"played":[0.9988,0.0012],"evs":[0.0,-0.74302]},"K9o":{"weight":0.0,"played":[0.43,0.57],"evs":[0.0,-0.0814]},"A9o":{"weight":0.9995,"played":[0.1646,0.8354],"evs":[0.0,-0.07462]},"T2s":{"weight":0.0,"played":[0.9805,0.0195],"evs":[0.0,-2.29943]},"T3s":{"weight":0.0,"played":[0.8863,0.1137],"evs":[0.0,-0.7602]},"T4s":{"weight":0.0,"played":[0.9704,0.0296],"evs":[0.0,-0.75695]},"T5s":{"weight":0.0,"played":[0.534,0.466],"evs":[0.0,-0.69207]},"T6s":{"weight":0.0,"played":[0.4473,0.5527],"evs":[0.0,0.05826]},"T7s":{"weight":0.0,"played":[0.1611,0.8389],"evs":[0.0,1.01068]},"T8s":{"weight":0.0,"played":[0.6566,0.3434],"evs":[0.0,0.03777]},"T9s":{"weight":0.9995,"played":[0.009,0.991],"evs":[0.0,1.30651]},"TT":{"weight":1.0E-4,"played":[0.0,1.0],"evs":[0.0,8.28636]},"JTo":{"weight":0.0,"played":[0.8101,0.1899],"evs":[0.0,-0.51235]},"QTo":{"weight":0.0,"played":[9.0E-4,0.9991],"evs":[0.0,1.2254]},"KTo":{"weight":0.0374,"played":[0.0117,0.9883],"evs":[0.0,0.78873]},"ATo":{"weight":0.0085,"played":[0.0,1.0],"evs":[0.0,1.2238]},"J2s":{"weight":0.0,"played":[0.9945,0.0055],"evs":[0.0,-2.21605]},"J3s":{"weight":0.0,"played":[0.9924,0.0076],"evs":[0.0,-1.18506]},"J4s":{"weight":0.0,"played":[0.8181,0.1819],"evs":[0.0,-1.59828]},"J5s":{"weight":0.0,"played":[0.6776,0.3224],"evs":[0.0,-0.7204]},"J6s":{"weight":0.0,"played":[0.5049,0.4951],"evs":[0.0,1.11241]},"J7s":{"weight":0.0,"played":[0.8009,0.1991],"evs":[0.0,-1.09959]},"J8s":{"weight":0.0,"played":[0.0181,0.9819],"evs":[0.0,0.86451]},"J9s":{"weight":0.7213,"played":[0.0668,0.9332],"evs":[0.0,1.64065]},"JTs":{"weight":0.9974,"played":[0.0356,0.9644],"evs":[0.0,1.62882]},"JJ":{"weight":2.0E-4,"played":[0.0,1.0],"evs":[0.0,9.25914]},"QJo":{"weight":0.9353,"played":[0.0051,0.9949],"evs":[0.0,0.18431]},"KJo":{"weight":1.0,"played":[0.0,1.0],"evs":[0.0,1.40191]},"AJo":{"weight":0.0158,"played":[0.0,1.0],"evs":[0.0,2.87908]},"Q2s":{"weight":0.0,"played":[0.9288,0.0712],"evs":[0.0,-2.06241]},"Q3s":{"weight":0.0,"played":[0.9446,0.0554],"evs":[0.0,-1.49849]},"Q4s":{"weight":0.0,"played":[0.3871,0.6129],"evs":[0.0,-1.08324]},"Q5s":{"weight":0.0,"played":[0.0683,0.9317],"evs":[0.0,0.64649]},"Q6s":{"weight":0.0,"played":[0.1058,0.8942],"evs":[0.0,0.28957]},"Q7s":{"weight":0.0,"played":[0.7465,0.2535],"evs":[0.0,-1.98436]},"Q8s":{"weight":1.0E-4,"played":[0.0495,0.9505],"evs":[0.0,2.32753]},"Q9s":{"weight":0.9987,"played":[0.1095,0.8905],"evs":[0.0,0.91324]},"QTs":{"weight":0.0171,"played":[1.0E-4,0.9999],"evs":[0.0,2.74936]},"QJs":{"weight":0.5531,"played":[0.0843,0.9157],"evs":[0.0,1.99246]},"QQ":{"weight":4.0E-4,"played":[0.0,1.0],"evs":[0.0,15.48818]},"KQo":{"weight":0.4074,"played":[0.0,1.0],"evs":[0.0,2.40168]},"AQo":{"weight":0.0,"played":[0.0,1.0],"evs":[0.0,4.61786]},"K2s":{"weight":0.0,"played":[0.518,0.482],"evs":[0.0,-0.29918]},"K3s":{"weight":1.0E-4,"played":[0.7526,0.2474],"evs":[0.0,-0.94638]},"K4s":{"weight":0.0,"played":[0.0415,0.9585],"evs":[0.0,0.95407]},"K5s":{"weight":0.6312,"played":[0.029,0.971],"evs":[0.0,1.36982]},"K6s":{"weight":0.3102,"played":[0.0761,0.9239],"evs":[0.0,1.10783]},"K7s":{"weight":0.2703,"played":[0.2228,0.7772],"evs":[0.0,0.52687]},"K8s":{"weight":3.0E-4,"played":[0.133,0.867],"evs":[0.0,1.29386]},"K9s":{"weight":0.9682,"played":[0.0711,0.9289],"evs":[0.0,1.28544]},"KTs":{"weight":0.2534,"played":[0.0,1.0],"evs":[0.0,2.85901]},"KJs":{"weight":0.9993,"played":[0.0,1.0],"evs":[0.0,2.97098]},"KQs":{"weight":0.9992,"played":[2.0E-4,0.9998],"evs":[0.0,4.72399]},"KK":{"weight":1.0,"played":[0.0,1.0],"evs":[0.0,19.59792]},"AKo":{"weight":0.0,"played":[0.0,1.0],"evs":[0.0,6.997]},"A2s":{"weight":0.2186,"played":[2.0E-4,0.9998],"evs":[0.0,0.47166]},"A3s":{"weight":0.0021,"played":[0.1013,0.8987],"evs":[0.0,1.1091]},"A4s":{"weight":1.0E-4,"played":[9.0E-4,0.9991],"evs":[0.0,3.13743]},"A5s":{"weight":0.0,"played":[0.0014,0.9986],"evs":[0.0,2.08158]},"A6s":{"weight":0.4611,"played":[6.0E-4,0.9994],"evs":[0.0,1.90486]},"A7s":{"weight":0.0026,"played":[0.0038,0.9962],"evs":[0.0,0.80365]},"A8s":{"weight":0.5689,"played":[9.0E-4,0.9991],"evs":[0.0,2.45093]},"A9s":{"weight":0.9991,"played":[0.0,1.0],"evs":[0.0,2.43199]},"ATs":{"weight":0.9888,"played":[4.0E-4,0.9996],"evs":[0.0,4.02586]},"AJs":{"weight":0.9989,"played":[1.0E-4,0.9999],"evs":[0.0,3.81543]},"AQs":{"weight":0.5556,"played":[1.0E-4,0.9999],"evs":[0.0,7.59058]},"AKs":{"weight":6.0E-4,"played":[0.0,1.0],"evs":[0.0,8.29026]},"AA":{"weight":1.0,"played":[0.0,1.0],"evs":[0.0,26.39831]}}}