{"player":0,"street":0,"children":2,"sequence":[{"player":0,"type":"R","amount":200000,"street":0},{"player":1,"type":"F","amount":0,"street":0},{"player":2,"type":"F","amount":0,"street":0},{"player":3,"type":"C","amount":200000,"street":0},{"player":4,"type":"C","amount":150000,"street":0},{"player":5,"type":"R","amount":945000,"street":0},{"player":0,"type":"C","amount":745000,"street":0},{"player":3,"type":"F","amount":0,"street":0},{"player":4,"type":"R","amount":1565000,"street":0}],"actions":[{"type":"F","amount":0},{"type":"C","amount":520000}],"hands":{"22":{"weight":0.0,"played":[2.0E-4,0.9998],"evs":[0.0,5.99585]},"32o":{"weight":0.0,"played":[0.013,0.987],"evs":[0.0,3.62921]},"42o":{"weight":0.0,"played":[0.004,0.996],"evs":[0.0,4.74214]},"52o":{"weight":0.0,"played":[0.0,1.0],"evs":[0.0,3.57941]},"62o":{"weight":0.0,"played":[5.0E-4,0.9995],"evs":[0.0,3.68841]},"72o":{"weight":0.0,"played":[0.0082,0.9918],"evs":[0.0,2.43326]},"82o":{"weight":0.0,"played":[1.0E-4,0.9999],"evs":[0.0,3.05736]},"92o":{"weight":0.0,"played":[3.0E-4,0.9997],"evs":[0.0,2.4733]},"T2o":{"weight":0.0,"played":[6.0E-4,0.9994],"evs":[0.0,3.85654]},"J2o":{"weight":0.0,"played":[1.0E-4,0.9999],"evs":[0.0,5.21746]},"Q2o":{"weight":0.0,"played":[2.0E-4,0.9998],"evs":[0.0,5.91136]},"K2o":{"weight":0.0,"played":[6.0E-4,0.9994],"evs":[0.0,4.19378]},"A2o":{"weight":0.0,"played":[7.0E-4,0.9993],"evs":[0.0,6.77713]},"32s":{"weight":0.0,"played":[0.0268,0.9732],"evs":[0.0,6.77578]},"33":{"weight":2.0E-4,"played":[1.0E-4,0.9999],"evs":[0.0,7.22972]},"43o":{"weight":0.0,"played":[0.0019,0.9981],"evs":[0.0,6.5285]},"53o":{"weight":0.0,"played":[4.0E-4,0.9996],"evs":[0.0,7.89462]},"63o":{"weight":0.0,"played":[4.0E-4,0.9996],"evs":[0.0,3.34855]},"73o":{"weight":0.0,"played":[0.0237,0.9763],"evs":[0.0,5.12722]},"83o":{"weight":0.0,"played":[0.0,1.0],"evs":[0.0,5.64199]},"93o":{"weight":0.0,"played":[0.0042,0.9958],"evs":[0.0,4.47345]},"T3o":{"weight":0.0,"played":[0.0039,0.9961],"evs":[0.0,4.61974]},"J3o":{"weight":0.0,"played":[0.0044,0.9956],"evs":[0.0,3.68681]},"Q3o":{"weight":0.0,"played":[0.0025,0.9975],"evs":[0.0,5.76638]},"K3o":{"weight":0.0,"played":[0.0119,0.9881],"evs":[0.0,5.09419]},"A3o":{"weight":0.0,"played":[3.0E-4,0.9997],"evs":[0.0,7.14918]},"42s":{"weight":0.0,"played":[0.035,0.965],"evs":[0.0,6.71659]},"43s":{"weight":0.0,"played":[0.0118,0.9882],"evs":[0.0,7.35565]},"44":{"weight":0.1016,"played":[9.0E-4,0.9991],"evs":[0.0,9.45548]},"54o":{"weight":0.0,"played":[0.0015,0.9985],"evs":[0.0,5.82065]},"64o":{"weight":0.0,"played":[8.0E-4,0.9992],"evs":[0.0,6.52018]},"74o":{"weight":0.0,"played":[0.0024,0.9976],"evs":[0.0,5.61873]},"84o":{"weight":0.0,"played":[4.0E-4,0.9996],"evs":[0.0,3.99811]},"94o":{"weight":0.0,"played":[0.0,1.0],"evs":[0.0,3.96918]},"T4o":{"weight":0.0,"played":[1.0E-4,0.9999],"evs":[0.0,5.21708]},"J4o":{"weight":0.0,"played":[0.0034,0.9966],"evs":[0.0,5.66027]},"Q4o":{"weight":0.0,"played":[0.002,0.998],"evs":[0.0,6.11264]},"K4o":{"weight":0.0,"played":[0.0,1.0],"evs":[0.0,6.18162]},"A4o":{"weight":0.0,"played":[0.0,1.0],"evs":[0.0,7.50727]},"52s":{"weight":0.0,"played":[0.0383,0.9617],"evs":[0.0,7.93072]},"53s":{"weight":0.0,"played":[0.0,1.0],"evs":[0.0,2.85844]},"54s":{"weight":0.0,"played":[0.0,1.0],"evs":[0.0,6.27032]},"55":{"weight":0.0,"played":[0.0,1.0],"evs":[0.0,12.13704]},"65o":{"weight":0.0,"played":[0.0,1.0],"evs":[0.0,6.04125]},"75o":{"weight":0.0,"played":[9.0E-4,0.9991],"evs":[0.0,9.15984]},"85o":{"weight":0.0,"played":[0.0,1.0],"evs":[0.0,6.63679]},"95o":{"weight":0.0,"played":[0.0,1.0],"evs":[0.0,5.4398]},"T5o":{"weight":0.0,"played":[0.0023,0.9977],"evs":[0.0,5.98334]},"J5o":{"weight":0.0,"played":[0.0076,0.9924],"evs":[0.0,4.23129]},"Q5o":{"weight":0.0,"played":[0.0,1.0],"evs":[0.0,4.24692]},"K5o":{"weight":0.0,"played":[0.0077,0.9923],"evs":[0.0,6.28736]},"A5o":{"weight":0.0,"played":[0.0,1.0],"evs":[0.0,8.88561]},"62s":{"weight":0.0,"played":[5.0E-4,0.9995],"evs":[0.0,5.12916]},"63s":{"weight":0.0,"played":[0.0012,0.9988],"evs":[0.0,7.90875]},"64s":{"weight":0.0,"played":[0.0037,0.9963],"evs":[0.0,8.49603]},"65s":{"weight":0.0,"played":[0.0,1.0],"evs":[0.0,9.35349]},"66":{"weight":0.0,"played":[0.0,1.0],"evs":[0.0,12.60879]},"76o":{"weight":0.0,"played":[0.0,1.0],"evs":[0.0,9.96921]},"86o":{"weight":0.0,"played":[0.0015,0.9985],"evs":[0.0,6.48632]},"96o":{"weight":0.0,"played":[0.001,0.999],"evs":[0.0,6.37056]},"T6o":{"weight":0.0,"played":[6.0E-4,0.9994],"evs":[0.0,4.17155]},"J6o":{"weight":0.0,"played":[4.0E-4,0.9996],"evs":[0.0,7.90298]},"Q6o":{"weight":0.0,"played":[2.0E-4,0.9998],"evs":[0.0,6.33091]},"K6o":{"weight":0.0,"played":[8.0E-4,0.9992],"evs":[0.0,6.72736]},"A6o":{"weight":0.0,"played":[2.0E-4,0.9998],"evs":[0.0,8.58215]},"72s":{"weight":0.0,"played":[0.0041,0.9959],"evs":[0.0,1.62076]},"73s":{"weight":0.0,"played":[0.0025,0.9975],"evs":[0.0,8.31607]},"74s":{"weight":0.0,"played":[0.0016,0.9984],"evs":[0.0,5.21212]},"75s":{"weight":0.0,"played":[8.0E-4,0.9992],"evs":[0.0,8.4866]},"76s":{"weight":0.0,"played":[0.0143,0.9857],"evs":[0.0,9.3718]},"77":{"weight":0.0,"played":[0.0,1.0],"evs":[0.0,12.07076]},"87o":{"weight":0.0,"played":[2.0E-4,0.9998],"evs":[0.0,8.94018]},"97o":{"weight":0.0,"played":[1.0E-4,0.9999],"evs":[0.0,7.88369]},"T7o":{"weight":0.0,"played":[0.002,0.998],"evs":[0.0,7.15154]},"J7o":{"weight":0.0,"played":[5.0E-4,0.9995],"evs":[0.0,7.61067]},"Q7o":{"weight":0.0,"played":[4.0E-4,0.9996],"evs":[0.0,8.03033]},"K7o":{"weight":0.0,"played":[2.0E-4,0.9998],"evs":[0.0,7.58858]},"A7o":{"weight":0.0,"played":[1.0E-4,0.9999],"evs":[0.0,8.56653]},"82s":{"weight":0.0,"played":[9.0E-4,0.9991],"evs":[0.0,5.79003]},"83s":{"weight":0.0,"played":[0.0133,0.9867],"evs":[0.0,4.68853]},"84s":{"weight":0.0,"played":[6.0E-4,0.9994],"evs":[0.0,4.13709]},"85s":{"weight":0.0,"played":[0.0011,0.9989],"evs":[0.0,7.31333]},"86s":{"weight":0.0,"played":[8.0E-4,0.9992],"evs":[0.0,11.37684]},"87s":{"weight":0.0,"played":[0.0017,0.9983],"evs":[0.0,9.28561]},"88":{"weight":0.0145,"played":[0.0,1.0],"evs":[0.0,17.471]},"98o":{"weight":0.0,"played":[4.0E-4,0.9996],"evs":[0.0,8.93712]},"T8o":{"weight":0.0,"played":[1.0E-4,0.9999],"evs":[0.0,8.19676]},"J8o":{"weight":0.0,"played":[0.0,1.0],"evs":[0.0,8.14812]},"Q8o":{"weight":0.0,"played":[0.0,1.0],"evs":[0.0,6.68834]},"K8o":{"weight":0.0,"played":[0.0,1.0],"evs":[0.0,7.81506]},"A8o":{"weight":7.0E-4,"played":[0.0,1.0],"evs":[0.0,9.22841]},"92s":{"weight":0.0,"played":[0.0136,0.9864],"evs":[0.0,4.16033]},"93s":{"weight":0.0,"played":[0.0022,0.9978],"evs":[0.0,7.51271]},"94s":{"weight":0.0,"played":[0.004,0.996],"evs":[0.0,5.65689]},"95s":{"weight":0.0,"played":[0.0,1.0],"evs":[0.0,6.86136]},"96s":{"weight":0.0,"played":[0.0031,0.9969],"evs":[0.0,10.12753]},"97s":{"weight":0.0,"played":[1.0E-4,0.9999],"evs":[0.0,8.59372]},"98s":{"weight":0.0784,"played":[1.0E-4,0.9999],"evs":[0.0,7.97565]},"99":{"weight":0.0,"played":[0.0,1.0],"evs":[0.0,16.23679]},"T9o":{"weight":0.0,"played":[5.0E-4,0.9995],"evs":[0.0,7.48228]},"J9o":{"weight":0.0,"played":[1.0E-4,0.9999],"evs":[0.0,7.99218]},"Q9o":{"weight":0.0,"played":[5.0E-4,0.9995],"evs":[0.0,8.35741]},"K9o":{"weight":0.0,"played":[0.0,1.0],"evs":[0.0,6.06853]},"A9o":{"weight":0.0018,"played":[0.0,1.0],"evs":[0.0,7.12378]},"T2s":{"weight":0.0,"played":[1.0E-4,0.9999],"evs":[0.0,5.92004]},"T3s":{"weight":0.0,"played":[0.0056,0.9944],"evs":[0.0,4.22418]},"T4s":{"weight":0.0,"played":[0.0,1.0],"evs":[0.0,8.72081]},"T5s":{"weight":0.0,"played":[0.001,0.999],"evs":[0.0,10.18718]},"T6s":{"weight":0.0,"played":[0.0,1.0],"evs":[0.0,9.9588]},"T7s":{"weight":0.0,"played":[2.0E-4,0.9998],"evs":[0.0,9.53846]},"T8s":{"weight":0.0,"played":[0.0,1.0],"evs":[0.0,9.35236]},"T9s":{"weight":0.2994,"played":[4.0E-4,0.9996],"evs":[0.0,9.72588]},"TT":{"weight":0.1678,"played":[0.0,1.0],"evs":[0.0,17.96741]},"JTo":{"weight":0.0,"played":[0.0,1.0],"evs":[0.0,8.52527]},"QTo":{"weight":0.0,"played":[1.0E-4,0.9999],"evs":[0.0,7.98149]},"KTo":{"weight":0.0044,"played":[1.0E-4,0.9999],"evs":[0.0,8.74228]},"ATo":{"weight":0.0,"played":[0.0,1.0],"evs":[0.0,10.20638]},"J2s":{"weight":0.0,"played":[0.052,0.948],"evs":[0.0,6.1231]},"J3s":{"weight":0.0,"played":[6.0E-4,0.9994],"evs":[0.0,9.37269]},"J4s":{"weight":0.0,"played":[0.001,0.999],"evs":[0.0,7.03962]},"J5s":{"weight":0.0,"played":[3.0E-4,0.9997],"evs":[0.0,8.72819]},"J6s":{"weight":0.0,"played":[0.0023,0.9977],"evs":[0.0,6.0959]},"J7s":{"weight":0.0,"played":[0.0166,0.9834],"evs":[0.0,6.59373]},"J8s":{"weight":0.0,"played":[2.0E-4,0.9998],"evs":[0.0,11.01239]},"J9s":{"weight":0.1402,"played":[2.0E-4,0.9998],"evs":[0.0,8.7086]},"JTs":{"weight":0.0,"played":[0.0037,0.9963],"evs":[0.0,11.67378]},"JJ":{"weight":0.0513,"played":[0.0,1.0],"evs":[0.0,21.84209]},"QJo":{"weight":0.0012,"played":[1.0E-4,0.9999],"evs":[0.0,8.14441]},"KJo":{"weight":0.0308,"played":[0.0,1.0],"evs":[0.0,9.02427]},"AJo":{"weight":0.0,"played":[0.0,1.0],"evs":[0.0,14.52543]},"Q2s":{"weight":0.0,"played":[1.0E-4,0.9999],"evs":[0.0,9.65039]},"Q3s":{"weight":0.0,"played":[0.0013,0.9987],"evs":[0.0,5.10367]},"Q4s":{"weight":0.0,"played":[4.0E-4,0.9996],"evs":[0.0,8.1162]},"Q5s":{"weight":0.0,"played":[0.0153,0.9847],"evs":[0.0,14.08044]},"Q6s":{"weight":0.0,"played":[1.0E-4,0.9999],"evs":[0.0,7.09681]},"Q7s":{"weight":0.0,"played":[0.0,1.0],"evs":[0.0,9.83159]},"Q8s":{"weight":0.0,"played":[0.0,1.0],"evs":[0.0,11.39585]},"Q9s":{"weight":0.1074,"played":[0.0,1.0],"evs":[0.0,10.50364]},"QTs":{"weight":0.0,"played":[1.0E-4,0.9999],"evs":[0.0,10.89574]},"QJs":{"weight":0.0,"played":[1.0E-4,0.9999],"evs":[0.0,9.8605]},"QQ":{"weight":0.9778,"played":[0.0,1.0],"evs":[0.0,23.21515]},"KQo":{"weight":0.0,"played":[1.0E-4,0.9999],"evs":[0.0,12.34669]},"AQo":{"weight":0.0,"played":[0.0,1.0],"evs":[0.0,14.55383]},"K2s":{"weight":0.0,"played":[0.0034,0.9966],"evs":[0.0,7.0631]},"K3s":{"weight":0.0,"played":[0.0,1.0],"evs":[0.0,4.47715]},"K4s":{"weight":0.0,"played":[0.0,1.0],"evs":[0.0,6.54943]},"K5s":{"weight":0.0,"played":[0.008,0.992],"evs":[0.0,7.71196]},"K6s":{"weight":0.0,"played":[0.005,0.995],"evs":[0.0,9.74797]},"K7s":{"weight":0.0,"played":[0.0025,0.9975],"evs":[0.0,7.51335]},"K8s":{"weight":0.0795,"played":[0.0015,0.9985],"evs":[0.0,8.40176]},"K9s":{"weight":0.2531,"played":[1.0E-4,0.9999],"evs":[0.0,8.84525]},"KTs":{"weight":0.1431,"played":[3.0E-4,0.9997],"evs":[0.0,11.02866]},"KJs":{"weight":0.0107,"played":[0.0,1.0],"evs":[0.0,12.18409]},"KQs":{"weight":0.0,"played":[2.0E-4,0.9998],"evs":[0.0,15.44002]},"KK":{"weight":0.0068,"played":[0.0,1.0],"evs":[0.0,26.89486]},"AKo":{"weight":0.1234,"played":[0.0,1.0],"evs":[0.0,14.63503]},"A2s":{"weight":0.1446,"played":[6.0E-4,0.9994],"evs":[0.0,7.05268]},"A3s":{"weight":0.0508,"played":[0.0022,0.9978],"evs":[0.0,10.15812]},"A4s":{"weight":0.6211,"played":[1.0E-4,0.9999],"evs":[0.0,9.90692]},"A5s":{"weight":0.001,"played":[0.0,1.0],"evs":[0.0,11.27246]},"A6s":{"weight":0.2134,"played":[0.002,0.998],"evs":[0.0,8.99854]},"A7s":{"weight":0.1015,"played":[1.0E-4,0.9999],"evs":[0.0,8.10776]},"A8s":{"weight":0.0163,"played":[0.0,1.0],"evs":[0.0,9.3873]},"A9s":{"weight":1.0E-4,"played":[1.0E-4,0.9999],"evs":[0.0,8.25631]},"ATs":{"weight":0.1916,"played":[4.0E-4,0.9996],"evs":[0.0,11.21511]},"AJs":{"weight":0.3245,"played":[1.0E-4,0.9999],"evs":[0.0,13.72982]},"AQs":{"weight":0.0349,"played":[1.0E-4,0.9999],"evs":[0.0,16.78949]},"AKs":{"weight":0.4605,"played":[0.0,1.0],"evs":[0.0,17.26774]},"AA":{"weight":0.2137,"played":[0.0,1.0],"evs":[0.0,30.4484]}}}