{"player":3,"street":0,"children":3,"sequence":[{"player":0,"type":"F","amount":0,"street":0},{"player":1,"type":"F","amount":0,"street":0},{"player":2,"type":"F","amount":0,"street":0},{"player":3,"type":"R","amount":200000,"street":0},{"player":4,"type":"C","amount":150000,"street":0},{"player":5,"type":"R","amount":945000,"street":0}],"actions":[{"type":"F","amount":0,"node":13},{"type":"C","amount":745000,"node":14},{"type":"R","amount":1565000,"node":16}],"hands":{"22":{"weight":0.0,"played":[0.0,0.4392,0.5608],"evs":[0.0,2.05706,2.07412]},"32o":{"weight":0.0,"played":[1.0,0.0,0.0],"evs":[0.0,-1.79581,-1.78156]},"42o":{"weight":0.0,"played":[1.0,0.0,0.0],"evs":[0.0,-1.65044,-1.64277]},"52o":{"weight":0.0,"played":[1.0,0.0,0.0],"evs":[0.0,-1.63346,-1.63027]},"62o":{"weight":0.0,"played":[1.0,0.0,0.0],"evs":[0.0,-2.00202,-1.99347]},"72o":{"weight":0.0,"played":[1.0,0.0,0.0],"evs":[0.0,-2.28888,-2.28931]},"82o":{"weight":0.0,"played":[1.0,0.0,0.0],"evs":[0.0,-1.98228,-1.98446]},"92o":{"weight":0.0,"played":[1.0,0.0,0.0],"evs":[0.0,-1.82312,-1.82641]},"T2o":{"weight":0.0,"played":[1.0,0.0,0.0],"evs":[0.0,-1.74633,-1.7445]},"J2o":{"weight":0.0,"played":[1.0,0.0,0.0],"evs":[0.0,-1.49485,-1.49706]},"Q2o":{"weight":0.0,"played":[1.0,0.0,0.0],"evs":[0.0,-1.41402,-1.40448]},"K2o":{"weight":0.0,"played":[1.0,0.0,0.0],"evs":[0.0,-1.45319,-1.44983]},"A2o":{"weight":0.0,"played":[0.0,0.1421,0.8579],"evs":[0.0,1.13764,1.1452]},"32s":{"weight":0.0,"played":[1.0,0.0,0.0],"evs":[0.0,-0.57445,-0.5606]},"33":{"weight":0.1567,"played":[0.0,0.4308,0.5692],"evs":[0.0,2.40138,2.41674]},"43o":{"weight":0.0,"played":[1.0,0.0,0.0],"evs":[0.0,-1.22969,-1.23474]},"53o":{"weight":0.0,"played":[1.0,0.0,0.0],"evs":[0.0,-1.1192,-1.12381]},"63o":{"weight":0.0,"played":[1.0,0.0,0.0],"evs":[0.0,-1.47356,-1.47498]},"73o":{"weight":0.0,"played":[1.0,0.0,0.0],"evs":[0.0,-1.73136,-1.72632]},"83o":{"weight":0.0,"played":[1.0,0.0,0.0],"evs":[0.0,-1.96051,-1.9583]},"93o":{"weight":0.0,"played":[1.0,0.0,0.0],"evs":[0.0,-1.67152,-1.66405]},"T3o":{"weight":0.0,"played":[1.0,0.0,0.0],"evs":[0.0,-1.60763,-1.60223]},"J3o":{"weight":0.0,"played":[1.0,0.0,0.0],"evs":[0.0,-1.41656,-1.4162]},"Q3o":{"weight":0.0,"played":[1.0,0.0,0.0],"evs":[0.0,-1.31936,-1.31755]},"K3o":{"weight":0.0,"played":[1.0,0.0,0.0],"evs":[0.0,-1.30325,-1.30337]},"A3o":{"weight":0.0,"played":[0.0,0.5934,0.4066],"evs":[0.0,1.22529,1.2238]},"42s":{"weight":0.0,"played":[0.9998,1.0E-4,1.0E-4],"evs":[0.0,-0.4894,-0.48416]},"43s":{"weight":0.0,"played":[0.9972,0.0011,0.0017],"evs":[0.0,-0.024,-0.01764]},"44":{"weight":0.0,"played":[0.0,0.5125,0.4875],"evs":[0.0,2.66006,2.65563]},"54o":{"weight":0.0,"played":[1.0,0.0,0.0],"evs":[0.0,-0.66709,-0.66505]},"64o":{"weight":0.0,"played":[1.0,0.0,0.0],"evs":[0.0,-1.12877,-1.11788]},"74o":{"weight":0.0,"played":[1.0,0.0,0.0],"evs":[0.0,-1.31279,-1.30748]},"84o":{"weight":0.0,"played":[1.0,0.0,0.0],"evs":[0.0,-1.54804,-1.54113]},"94o":{"weight":0.0,"played":[1.0,0.0,0.0],"evs":[0.0,-1.61708,-1.60894]},"T4o":{"weight":0.0,"played":[1.0,0.0,0.0],"evs":[0.0,-1.54671,-1.54545]},"J4o":{"weight":0.0,"played":[1.0,0.0,0.0],"evs":[0.0,-1.28715,-1.2929]},"Q4o":{"weight":0.0,"played":[1.0,0.0,0.0],"evs":[0.0,-1.18778,-1.18267]},"K4o":{"weight":0.0,"played":[1.0,0.0,0.0],"evs":[0.0,-1.21143,-1.21681]},"A4o":{"weight":0.0,"played":[0.0,0.1415,0.8585],"evs":[0.0,1.32763,1.34407]},"52s":{"weight":0.0,"played":[1.0,0.0,0.0],"evs":[0.0,-0.43624,-0.42469]},"53s":{"weight":0.0,"played":[0.9701,0.017,0.0129],"evs":[0.0,-0.08505,-0.10083]},"54s":{"weight":0.9967,"played":[0.0046,0.2921,0.7032],"evs":[0.0,0.45382,0.46139]},"55":{"weight":0.0,"played":[0.0,0.2368,0.7632],"evs":[0.0,2.80427,2.82071]},"65o":{"weight":0.0,"played":[1.0,0.0,0.0],"evs":[0.0,-0.75899,-0.75487]},"75o":{"weight":0.0,"played":[1.0,0.0,0.0],"evs":[0.0,-1.03146,-1.02615]},"85o":{"weight":0.0,"played":[1.0,0.0,0.0],"evs":[0.0,-1.22044,-1.2156]},"95o":{"weight":0.0,"played":[1.0,0.0,0.0],"evs":[0.0,-1.28081,-1.27754]},"T5o":{"weight":0.0,"played":[1.0,0.0,0.0],"evs":[0.0,-1.58311,-1.58697]},"J5o":{"weight":0.0,"played":[1.0,0.0,0.0],"evs":[0.0,-1.23152,-1.22829]},"Q5o":{"weight":0.0,"played":[1.0,0.0,0.0],"evs":[0.0,-1.13714,-1.13649]},"K5o":{"weight":1.0E-4,"played":[1.0,0.0,0.0],"evs":[0.0,-1.18052,-1.17843]},"A5o":{"weight":0.0,"played":[0.0,0.3696,0.6304],"evs":[0.0,1.49929,1.50637]},"62s":{"weight":0.0,"played":[1.0,0.0,0.0],"evs":[0.0,-0.84349,-0.83346]},"63s":{"weight":0.0,"played":[1.0,0.0,0.0],"evs":[0.0,-0.28696,-0.28821]},"64s":{"weight":0.0,"played":[0.4908,0.2867,0.2225],"evs":[0.0,-0.00332,-0.00758]},"65s":{"weight":3.0E-4,"played":[0.0018,0.3137,0.6845],"evs":[0.0,0.4085,0.41914]},"66":{"weight":0.0,"played":[0.0,0.3389,0.6611],"evs":[0.0,3.28318,3.2926]},"76o":{"weight":0.0,"played":[0.9999,0.0,0.0],"evs":[0.0,-0.60942,-0.61062]},"86o":{"weight":0.0,"played":[0.9999,0.0,1.0E-4],"evs":[0.0,-0.66895,-0.66749]},"96o":{"weight":0.0,"played":[1.0,0.0,0.0],"evs":[0.0,-0.88726,-0.88654]},"T6o":{"weight":0.0,"played":[1.0,0.0,0.0],"evs":[0.0,-1.13477,-1.13477]},"J6o":{"weight":0.0,"played":[1.0,0.0,0.0],"evs":[0.0,-1.2664,-1.26247]},"Q6o":{"weight":0.0,"played":[1.0,0.0,0.0],"evs":[0.0,-1.05139,-1.06131]},"K6o":{"weight":0.9349,"played":[1.0,0.0,0.0],"evs":[0.0,-1.04778,-1.05583]},"A6o":{"weight":0.0,"played":[0.0,0.6495,0.3505],"evs":[0.0,1.32169,1.32394]},"72s":{"weight":0.0,"played":[1.0,0.0,0.0],"evs":[0.0,-1.07476,-1.06894]},"73s":{"weight":0.0,"played":[1.0,0.0,0.0],"evs":[0.0,-0.56286,-0.57125]},"74s":{"weight":0.0,"played":[0.996,0.0019,0.0021],"evs":[0.0,-0.20381,-0.20625]},"75s":{"weight":0.5249,"played":[0.0405,0.5184,0.4411],"evs":[0.0,0.12461,0.12179]},"76s":{"weight":0.0,"played":[0.0,0.6151,0.3849],"evs":[0.0,0.53608,0.53432]},"77":{"weight":0.0019,"played":[0.0,0.4744,0.5256],"evs":[0.0,3.74403,3.74663]},"87o":{"weight":0.0,"played":[1.0,0.0,0.0],"evs":[0.0,-0.31699,-0.31519]},"97o":{"weight":0.0,"played":[1.0,0.0,0.0],"evs":[0.0,-0.46227,-0.46139]},"T7o":{"weight":0.0,"played":[1.0,0.0,0.0],"evs":[0.0,-0.79401,-0.79674]},"J7o":{"weight":0.0,"played":[1.0,0.0,0.0],"evs":[0.0,-0.89535,-0.89925]},"Q7o":{"weight":0.0,"played":[1.0,0.0,0.0],"evs":[0.0,-1.0985,-1.10265]},"K7o":{"weight":1.0,"played":[1.0,0.0,0.0],"evs":[0.0,-1.03083,-1.02886]},"A7o":{"weight":0.0,"played":[0.0,0.182,0.818],"evs":[0.0,1.89076,1.89325]},"82s":{"weight":0.0,"played":[1.0,0.0,0.0],"evs":[0.0,-0.73841,-0.74379]},"83s":{"weight":0.0,"played":[1.0,0.0,0.0],"evs":[0.0,-0.74704,-0.76515]},"84s":{"weight":0.0,"played":[0.9997,1.0E-4,2.0E-4],"evs":[0.0,-0.1807,-0.16397]},"85s":{"weight":0.0284,"played":[0.4213,0.2676,0.3111],"evs":[0.0,0.03045,0.04596]},"86s":{"weight":1.0E-4,"played":[0.0,0.4056,0.5944],"evs":[0.0,0.37158,0.36978]},"87s":{"weight":0.0,"played":[0.0,0.3555,0.6445],"evs":[0.0,0.74789,0.7431]},"88":{"weight":0.2722,"played":[0.0,0.4186,0.5814],"evs":[0.0,4.85822,4.86563]},"98o":{"weight":0.1149,"played":[0.2272,0.3827,0.3901],"evs":[0.0,0.06004,0.05782]},"T8o":{"weight":0.3743,"played":[1.0,0.0,0.0],"evs":[0.0,-0.1945,-0.19681]},"J8o":{"weight":0.0,"played":[0.9998,2.0E-4,0.0],"evs":[0.0,-0.36682,-0.3697]},"Q8o":{"weight":0.7839,"played":[1.0,0.0,0.0],"evs":[0.0,-0.55782,-0.56508]},"K8o":{"weight":0.5896,"played":[1.0,0.0,0.0],"evs":[0.0,-0.91923,-0.92027]},"A8o":{"weight":0.0,"played":[0.0,0.0052,0.9948],"evs":[0.0,2.60287,2.60528]},"92s":{"weight":0.0,"played":[1.0,0.0,0.0],"evs":[0.0,-0.53455,-0.53739]},"93s":{"weight":0.0,"played":[1.0,0.0,0.0],"evs":[0.0,-0.54982,-0.55279]},"94s":{"weight":0.0,"played":[0.9999,0.0,0.0],"evs":[0.0,-0.58719,-0.57979]},"95s":{"weight":0.0,"played":[0.9999,1.0E-4,0.0],"evs":[0.0,-0.15224,-0.14418]},"96s":{"weight":0.0014,"played":[0.0116,0.3426,0.6458],"evs":[0.0,0.31518,0.31771]},"97s":{"weight":1.0E-4,"played":[0.0021,0.1273,0.8706],"evs":[0.0,0.5361,0.54366]},"98s":{"weight":0.0,"played":[0.0,0.3188,0.6812],"evs":[0.0,1.11435,1.11735]},"99":{"weight":0.4186,"played":[0.0,0.0904,0.9096],"evs":[0.0,6.18866,6.19572]},"T9o":{"weight":0.1098,"played":[4.0E-4,0.2934,0.7061],"evs":[0.0,0.36258,0.36052]},"J9o":{"weight":1.0,"played":[2.0E-4,0.3924,0.6074],"evs":[0.0,0.19863,0.196]},"Q9o":{"weight":0.9961,"played":[0.8566,0.0743,0.0691],"evs":[0.0,-0.03081,-0.02986]},"K9o":{"weight":0.0,"played":[0.9952,0.002,0.0028],"evs":[0.0,-0.3443,-0.35049]},"A9o":{"weight":0.0,"played":[0.0,0.1079,0.8921],"evs":[0.0,3.5971,3.6077]},"T2s":{"weight":0.0,"played":[1.0,0.0,0.0],"evs":[0.0,-0.49004,-0.48795]},"T3s":{"weight":0.0,"played":[1.0,0.0,0.0],"evs":[0.0,-0.4065,-0.40451]},"T4s":{"weight":0.0,"played":[0.9995,1.0E-4,4.0E-4],"evs":[0.0,-0.28609,-0.28585]},"T5s":{"weight":0.0,"played":[1.0,0.0,0.0],"evs":[0.0,-0.34329,-0.34049]},"T6s":{"weight":0.9993,"played":[0.177,0.4723,0.3507],"evs":[0.0,0.08602,0.08257]},"T7s":{"weight":0.0,"played":[5.0E-4,0.2326,0.7669],"evs":[0.0,0.30186,0.30631]},"T8s":{"weight":0.0,"played":[0.0,0.5721,0.4279],"evs":[0.0,0.83666,0.84419]},"T9s":{"weight":2.0E-4,"played":[0.0,0.7084,0.2916],"evs":[0.0,1.48616,1.4833]},"TT":{"weight":1.0,"played":[0.0,0.5077,0.4923],"evs":[0.0,7.36422,7.35771]},"JTo":{"weight":0.0,"played":[0.0,0.3959,0.6041],"evs":[0.0,0.74785,0.74356]},"QTo":{"weight":0.0,"played":[0.0,0.5447,0.4552],"evs":[0.0,0.64692,0.64691]},"KTo":{"weight":0.0,"played":[0.0,0.7757,0.2243],"evs":[0.0,0.47093,0.4608]},"ATo":{"weight":0.0,"played":[0.0,0.0858,0.9142],"evs":[0.0,4.94648,4.95194]},"J2s":{"weight":0.0,"played":[0.9998,1.0E-4,1.0E-4],"evs":[0.0,-0.20755,-0.20755]},"J3s":{"weight":0.0,"played":[0.9356,0.0282,0.0361],"evs":[0.0,-0.12627,-0.13537]},"J4s":{"weight":0.0,"played":[1.0,0.0,0.0],"evs":[0.0,-0.04842,-0.05424]},"J5s":{"weight":1.0,"played":[0.9998,1.0E-4,1.0E-4],"evs":[0.0,-0.10009,-0.0904]},"J6s":{"weight":0.9994,"played":[0.9998,1.0E-4,1.0E-4],"evs":[0.0,-0.06147,-0.04845]},"J7s":{"weight":0.013,"played":[0.0079,0.6697,0.3224],"evs":[0.0,0.34873,0.34484]},"J8s":{"weight":0.0,"played":[1.0E-4,0.7579,0.242],"evs":[0.0,0.69411,0.70094]},"J9s":{"weight":0.0,"played":[0.0,0.3908,0.6092],"evs":[0.0,1.35175,1.35592]},"JTs":{"weight":0.4668,"played":[0.0,0.5202,0.4798],"evs":[0.0,1.88598,1.88083]},"JJ":{"weight":1.0,"played":[0.0,0.5801,0.4199],"evs":[0.0,8.42328,8.41373]},"QJo":{"weight":0.0,"played":[0.0,0.3835,0.6165],"evs":[0.0,0.79962,0.79706]},"KJo":{"weight":0.0,"played":[0.0,0.2561,0.7439],"evs":[0.0,1.24696,1.2511]},"AJo":{"weight":0.0,"played":[0.0,0.1802,0.8198],"evs":[0.0,6.02721,6.03506]},"Q2s":{"weight":0.0,"played":[0.9998,1.0E-4,2.0E-4],"evs":[0.0,-0.12707,-0.12644]},"Q3s":{"weight":0.8059,"played":[0.9851,0.011,0.0039],"evs":[0.0,-0.05673,-0.04336]},"Q4s":{"weight":0.9999,"played":[0.9907,7.0E-4,0.0086],"evs":[0.0,-0.05369,-0.05134]},"Q5s":{"weight":0.0893,"played":[0.0735,0.3914,0.5351],"evs":[0.0,0.1273,0.13284]},"Q6s":{"weight":0.0,"played":[0.1061,0.5168,0.3771],"evs":[0.0,0.09202,0.07743]},"Q7s":{"weight":1.0E-4,"played":[5.0E-4,0.0608,0.9387],"evs":[0.0,0.10631,0.1174]},"Q8s":{"weight":0.0,"played":[0.0,0.7887,0.2113],"evs":[0.0,0.54021,0.53149]},"Q9s":{"weight":0.0,"played":[0.0,0.5103,0.4897],"evs":[0.0,1.21986,1.21903]},"QTs":{"weight":0.0125,"played":[0.0,0.1667,0.8333],"evs":[0.0,1.55631,1.55946]},"QJs":{"weight":0.1011,"played":[0.0,0.2313,0.7687],"evs":[0.0,1.92724,1.91797]},"QQ":{"weight":1.0,"played":[0.0,0.3213,0.6787],"evs":[0.0,9.41347,9.41247]},"KQo":{"weight":0.0,"played":[0.0,0.1515,0.8485],"evs":[0.0,2.27242,2.27807]},"AQo":{"weight":1.0E-4,"played":[0.0,0.1965,0.8035],"evs":[0.0,7.05168,7.06273]},"K2s":{"weight":0.0,"played":[1.0,0.0,0.0],"evs":[0.0,-0.16625,-0.16441]},"K3s":{"weight":0.0,"played":[0.9963,0.0025,0.0012],"evs":[0.0,-0.11484,-0.12048]},"K4s":{"weight":0.0,"played":[0.9527,0.0253,0.022],"evs":[0.0,0.0198,0.01951]},"K5s":{"weight":0.0,"played":[0.4141,0.4856,0.1002],"evs":[0.0,-0.00117,-0.01542]},"K6s":{"weight":0.0,"played":[0.0095,0.4358,0.5547],"evs":[0.0,0.17841,0.17303]},"K7s":{"weight":0.0,"played":[0.0385,0.6931,0.2684],"evs":[0.0,0.02986,0.02872]},"K8s":{"weight":0.0,"played":[0.0,0.5346,0.4654],"evs":[0.0,0.31698,0.31856]},"K9s":{"weight":0.0,"played":[0.0,0.8158,0.1842],"evs":[0.0,0.79596,0.78874]},"KTs":{"weight":0.6268,"played":[0.0,0.0946,0.9054],"evs":[0.0,1.61958,1.6322]},"KJs":{"weight":0.0016,"played":[0.0,0.1848,0.8152],"evs":[0.0,2.28997,2.27873]},"KQs":{"weight":0.9176,"played":[0.0,0.6976,0.3024],"evs":[0.0,3.27086,3.26606]},"KK":{"weight":1.0,"played":[0.0,0.4022,0.5978],"evs":[0.0,10.93431,10.93148]},"AKo":{"weight":0.0668,"played":[0.0,0.3789,0.6211],"evs":[0.0,8.39617,8.40897]},"A2s":{"weight":0.0,"played":[0.0,0.005,0.995],"evs":[0.0,2.12586,2.14859]},"A3s":{"weight":1.0E-4,"played":[0.0,0.2969,0.7031],"evs":[0.0,2.36634,2.37844]},"A4s":{"weight":0.0,"played":[0.0,0.3927,0.6073],"evs":[0.0,2.32323,2.32456]},"A5s":{"weight":0.3939,"played":[0.0,0.4516,0.5484],"evs":[0.0,2.57439,2.55928]},"A6s":{"weight":0.0,"played":[0.0,0.4358,0.5642],"evs":[0.0,2.51191,2.50621]},"A7s":{"weight":0.0646,"played":[0.0,0.1655,0.8345],"evs":[0.0,3.03655,3.03456]},"A8s":{"weight":0.002,"played":[0.0,0.1234,0.8766],"evs":[0.0,3.75132,3.76537]},"A9s":{"weight":0.0,"played":[0.0,0.0288,0.9712],"evs":[0.0,4.56865,4.57392]},"ATs":{"weight":0.1046,"played":[0.0,0.638,0.362],"evs":[0.0,5.81399,5.80205]},"AJs":{"weight":0.874,"played":[0.0,0.3265,0.6735],"evs":[0.0,6.77954,6.78595]},"AQs":{"weight":1.0,"played":[0.0,0.0104,0.9896],"evs":[0.0,7.65299,7.67073]},"AKs":{"weight":1.0,"played":[0.0,0.1469,0.8531],"evs":[0.0,8.85945,8.87436]},"AA":{"weight":1.0,"played":[0.0,0.3322,0.6678],"evs":[0.0,16.23737,16.24368]}}}