{"player":4,"street":0,"children":2,"sequence":[{"player":0,"type":"R","amount":200000,"street":0},{"player":1,"type":"F","amount":0,"street":0},{"player":2,"type":"F","amount":0,"street":0},{"player":3,"type":"C","amount":200000,"street":0},{"player":4,"type":"C","amount":150000,"street":0},{"player":5,"type":"R","amount":945000,"street":0},{"player":0,"type":"C","amount":745000,"street":0},{"player":3,"type":"R","amount":1565000,"street":0}],"actions":[{"type":"F","amount":0,"node":121},{"type":"C","amount":1365000,"node":122}],"hands":{"22":{"weight":0.9988,"played":[0.7992,0.2008],"evs":[0.0,-0.50145]},"32o":{"weight":0.0,"played":[1.0,0.0],"evs":[0.0,-4.74869]},"42o":{"weight":0.0,"played":[1.0,0.0],"evs":[0.0,-4.79407]},"52o":{"weight":0.0,"played":[1.0,0.0],"evs":[0.0,-3.34601]},"62o":{"weight":0.0,"played":[0.9998,2.0E-4],"evs":[0.0,-4.52328]},"72o":{"weight":0.0,"played":[1.0,0.0],"evs":[0.0,-6.26978]},"82o":{"weight":0.0,"played":[0.9997,3.0E-4],"evs":[0.0,-5.5027]},"92o":{"weight":0.0,"played":[1.0,0.0],"evs":[0.0,-6.89793]},"T2o":{"weight":0.0,"played":[0.9999,1.0E-4],"evs":[0.0,-5.83994]},"J2o":{"weight":0.0,"played":[0.9997,3.0E-4],"evs":[0.0,-5.76946]},"Q2o":{"weight":0.0,"played":[1.0,0.0],"evs":[0.0,-5.36548]},"K2o":{"weight":0.0,"played":[0.9997,3.0E-4],"evs":[0.0,-4.39233]},"A2o":{"weight":0.0,"played":[1.0,0.0],"evs":[0.0,-3.47139]},"32s":{"weight":0.0,"played":[0.9725,0.0275],"evs":[0.0,-2.46263]},"33":{"weight":0.9999,"played":[0.0132,0.9868],"evs":[0.0,0.68524]},"43o":{"weight":0.0,"played":[1.0,0.0],"evs":[0.0,-3.25682]},"53o":{"weight":0.0,"played":[0.9998,2.0E-4],"evs":[0.0,-2.53264]},"63o":{"weight":0.0,"played":[0.9999,1.0E-4],"evs":[0.0,-3.44558]},"73o":{"weight":0.0,"played":[0.9997,3.0E-4],"evs":[0.0,-4.87759]},"83o":{"weight":0.0,"played":[1.0,0.0],"evs":[0.0,-5.51223]},"93o":{"weight":0.0,"played":[0.9999,1.0E-4],"evs":[0.0,-5.95212]},"T3o":{"weight":0.0,"played":[0.9995,5.0E-4],"evs":[0.0,-5.8565]},"J3o":{"weight":0.0,"played":[1.0,0.0],"evs":[0.0,-5.37508]},"Q3o":{"weight":0.0,"played":[1.0,0.0],"evs":[0.0,-4.51499]},"K3o":{"weight":0.0,"played":[1.0,0.0],"evs":[0.0,-3.58686]},"A3o":{"weight":0.0,"played":[1.0,0.0],"evs":[0.0,-3.208]},"42s":{"weight":0.0,"played":[0.8722,0.1278],"evs":[0.0,-3.39859]},"43s":{"weight":0.0,"played":[0.9149,0.0851],"evs":[0.0,-0.433]},"44":{"weight":0.9997,"played":[0.0427,0.9573],"evs":[0.0,0.86983]},"54o":{"weight":0.0,"played":[0.9991,9.0E-4],"evs":[0.0,-1.82289]},"64o":{"weight":0.0,"played":[0.9991,9.0E-4],"evs":[0.0,-2.8492]},"74o":{"weight":0.0,"played":[1.0,0.0],"evs":[0.0,-3.63533]},"84o":{"weight":0.0,"played":[1.0,0.0],"evs":[0.0,-4.1994]},"94o":{"weight":0.0,"played":[0.9998,2.0E-4],"evs":[0.0,-6.46095]},"T4o":{"weight":0.0,"played":[1.0,0.0],"evs":[0.0,-5.17455]},"J4o":{"weight":0.0,"played":[1.0,0.0],"evs":[0.0,-5.46387]},"Q4o":{"weight":0.0,"played":[0.9999,1.0E-4],"evs":[0.0,-4.59197]},"K4o":{"weight":0.0,"played":[0.9999,1.0E-4],"evs":[0.0,-3.89795]},"A4o":{"weight":0.0,"played":[0.9998,2.0E-4],"evs":[0.0,-3.24139]},"52s":{"weight":0.0,"played":[0.9664,0.0336],"evs":[0.0,-1.36511]},"53s":{"weight":0.0293,"played":[0.435,0.565],"evs":[0.0,0.04657]},"54s":{"weight":0.9893,"played":[0.969,0.031],"evs":[0.0,-0.50078]},"55":{"weight":0.9999,"played":[0.0249,0.9751],"evs":[0.0,0.63371]},"65o":{"weight":0.0,"played":[0.9897,0.0103],"evs":[0.0,-1.27052]},"75o":{"weight":0.0,"played":[0.9942,0.0058],"evs":[0.0,-1.96852]},"85o":{"weight":0.0,"played":[0.9993,7.0E-4],"evs":[0.0,-2.75119]},"95o":{"weight":0.0,"played":[1.0,0.0],"evs":[0.0,-4.98843]},"T5o":{"weight":0.0,"played":[1.0,0.0],"evs":[0.0,-5.62989]},"J5o":{"weight":0.0,"played":[1.0,0.0],"evs":[0.0,-5.02436]},"Q5o":{"weight":0.0,"played":[1.0,0.0],"evs":[0.0,-3.65847]},"K5o":{"weight":0.0,"played":[1.0,0.0],"evs":[0.0,-3.21879]},"A5o":{"weight":0.0,"played":[0.99,0.01],"evs":[0.0,-2.04173]},"62s":{"weight":0.0,"played":[0.919,0.081],"evs":[0.0,-3.09089]},"63s":{"weight":0.0,"played":[0.9184,0.0816],"evs":[0.0,-0.92595]},"64s":{"weight":0.582,"played":[0.8783,0.1217],"evs":[0.0,-1.23944]},"65s":{"weight":0.9956,"played":[0.5628,0.4372],"evs":[0.0,-0.07842]},"66":{"weight":0.9601,"played":[0.1281,0.8719],"evs":[0.0,1.08394]},"76o":{"weight":0.0,"played":[0.9982,0.0018],"evs":[0.0,-2.92629]},"86o":{"weight":0.0,"played":[0.9997,3.0E-4],"evs":[0.0,-2.59338]},"96o":{"weight":0.0,"played":[1.0,0.0],"evs":[0.0,-3.90245]},"T6o":{"weight":0.0,"played":[0.9999,1.0E-4],"evs":[0.0,-4.54227]},"J6o":{"weight":0.0,"played":[0.9999,1.0E-4],"evs":[0.0,-4.90074]},"Q6o":{"weight":0.0,"played":[1.0,0.0],"evs":[0.0,-3.90643]},"K6o":{"weight":0.0,"played":[1.0,0.0],"evs":[0.0,-4.087]},"A6o":{"weight":0.0,"played":[1.0,0.0],"evs":[0.0,-3.82902]},"72s":{"weight":0.0,"played":[0.975,0.025],"evs":[0.0,-3.52705]},"73s":{"weight":0.0,"played":[0.9912,0.0088],"evs":[0.0,-2.6874]},"74s":{"weight":0.0,"played":[0.9867,0.0133],"evs":[0.0,-3.30053]},"75s":{"weight":0.7182,"played":[0.3528,0.6472],"evs":[0.0,0.36214]},"76s":{"weight":0.964,"played":[0.9517,0.0483],"evs":[0.0,-1.25189]},"77":{"weight":0.7133,"played":[0.0,1.0],"evs":[0.0,2.53045]},"87o":{"weight":0.0,"played":[0.9996,4.0E-4],"evs":[0.0,-1.85771]},"97o":{"weight":0.0,"played":[1.0,0.0],"evs":[0.0,-3.03189]},"T7o":{"weight":0.0,"played":[0.9986,0.0014],"evs":[0.0,-3.10109]},"J7o":{"weight":0.0,"played":[0.9999,1.0E-4],"evs":[0.0,-4.36098]},"Q7o":{"weight":0.0,"played":[0.9979,0.0021],"evs":[0.0,-4.0488]},"K7o":{"weight":0.0,"played":[1.0,0.0],"evs":[0.0,-3.07433]},"A7o":{"weight":1.0E-4,"played":[0.9937,0.0063],"evs":[0.0,-3.13504]},"82s":{"weight":0.0,"played":[0.9811,0.0189],"evs":[0.0,-3.16029]},"83s":{"weight":0.0,"played":[0.9735,0.0265],"evs":[0.0,-3.60047]},"84s":{"weight":0.0,"played":[0.9876,0.0124],"evs":[0.0,-1.98912]},"85s":{"weight":0.0,"played":[0.8892,0.1108],"evs":[0.0,-1.7175]},"86s":{"weight":4.0E-4,"played":[0.9718,0.0282],"evs":[0.0,-1.26484]},"87s":{"weight":0.8816,"played":[0.4996,0.5004],"evs":[0.0,-0.15607]},"88":{"weight":0.111,"played":[2.0E-4,0.9998],"evs":[0.0,1.76975]},"98o":{"weight":0.0,"played":[1.0,0.0],"evs":[0.0,-2.54418]},"T8o":{"weight":0.0,"played":[0.9998,2.0E-4],"evs":[0.0,-3.20726]},"J8o":{"weight":0.0,"played":[1.0,0.0],"evs":[0.0,-3.7643]},"Q8o":{"weight":0.0,"played":[0.9998,2.0E-4],"evs":[0.0,-2.14517]},"K8o":{"weight":0.0,"played":[0.9988,0.0012],"evs":[0.0,-3.549]},"A8o":{"weight":1.0E-4,"played":[1.0,0.0],"evs":[0.0,-3.06565]},"92s":{"weight":0.0,"played":[0.9752,0.0248],"evs":[0.0,-3.68306]},"93s":{"weight":0.0,"played":[0.9999,1.0E-4],"evs":[0.0,-3.9508]},"94s":{"weight":0.0,"played":[0.9999,1.0E-4],"evs":[0.0,-5.24977]},"95s":{"weight":0.0,"played":[0.9985,0.0015],"evs":[0.0,-2.36974]},"96s":{"weight":0.0,"played":[0.9927,0.0073],"evs":[0.0,-1.59192]},"97s":{"weight":0.0195,"played":[0.8102,0.1898],"evs":[0.0,-1.52014]},"98s":{"weight":0.5174,"played":[0.5425,0.4575],"evs":[0.0,-0.27947]},"99":{"weight":1.0E-4,"played":[0.0,1.0],"evs":[0.0,3.73367]},"T9o":{"weight":0.0,"played":[0.9998,2.0E-4],"evs":[0.0,-3.08246]},"J9o":{"weight":0.0,"played":[0.9998,2.0E-4],"evs":[0.0,-3.47843]},"Q9o":{"weight":0.0,"played":[0.9998,2.0E-4],"evs":[0.0,-2.76233]},"K9o":{"weight":0.0,"played":[0.9999,1.0E-4],"evs":[0.0,-2.12653]},"A9o":{"weight":0.9995,"played":[0.9816,0.0184],"evs":[0.0,-1.65032]},"T2s":{"weight":0.0,"played":[0.9963,0.0037],"evs":[0.0,-3.14123]},"T3s":{"weight":0.0,"played":[0.995,0.005],"evs":[0.0,-2.65781]},"T4s":{"weight":0.0,"played":[0.9995,5.0E-4],"evs":[0.0,-2.64608]},"T5s":{"weight":0.0,"played":[0.9891,0.0109],"evs":[0.0,-1.38449]},"T6s":{"weight":2.0E-4,"played":[0.9761,0.0239],"evs":[0.0,-0.86031]},"T7s":{"weight":2.0E-4,"played":[0.9313,0.0687],"evs":[0.0,-0.82551]},"T8s":{"weight":0.1309,"played":[0.9101,0.0899],"evs":[0.0,-1.81464]},"T9s":{"weight":0.9123,"played":[0.9982,0.0018],"evs":[0.0,-1.13509]},"TT":{"weight":0.0,"played":[0.0,1.0],"evs":[0.0,6.04243]},"JTo":{"weight":0.0,"played":[0.9994,6.0E-4],"evs":[0.0,-2.4327]},"QTo":{"weight":0.0,"played":[0.9405,0.0595],"evs":[0.0,-0.7454]},"KTo":{"weight":0.0,"played":[0.9957,0.0043],"evs":[0.0,-1.27388]},"ATo":{"weight":1.0E-4,"played":[0.4268,0.5732],"evs":[0.0,-0.43291]},"J2s":{"weight":0.0,"played":[0.9975,0.0025],"evs":[0.0,-2.94032]},"J3s":{"weight":0.0,"played":[0.9977,0.0023],"evs":[0.0,-3.06139]},"J4s":{"weight":0.0,"played":[0.9292,0.0708],"evs":[0.0,-2.6407]},"J5s":{"weight":0.0,"played":[0.9998,2.0E-4],"evs":[0.0,-3.14754]},"J6s":{"weight":0.0,"played":[0.9835,0.0165],"evs":[0.0,-2.66424]},"J7s":{"weight":0.0,"played":[1.0,0.0],"evs":[0.0,-2.41693]},"J8s":{"weight":0.0,"played":[0.9999,1.0E-4],"evs":[0.0,-1.24867]},"J9s":{"weight":0.0,"played":[0.9098,0.0902],"evs":[0.0,-1.9858]},"JTs":{"weight":0.9656,"played":[0.9758,0.0242],"evs":[0.0,-0.97118]},"JJ":{"weight":0.0,"played":[0.0,1.0],"evs":[0.0,7.74201]},"QJo":{"weight":0.0,"played":[0.9993,7.0E-4],"evs":[0.0,-1.56057]},"KJo":{"weight":0.9995,"played":[0.9595,0.0405],"evs":[0.0,-0.90724]},"AJo":{"weight":8.0E-4,"played":[0.001,0.999],"evs":[0.0,0.95517]},"Q2s":{"weight":0.0,"played":[0.998,0.002],"evs":[0.0,-3.33495]},"Q3s":{"weight":0.0,"played":[0.9945,0.0055],"evs":[0.0,-2.81699]},"Q4s":{"weight":0.0,"played":[0.9969,0.0031],"evs":[0.0,-2.22997]},"Q5s":{"weight":0.001,"played":[0.9451,0.0549],"evs":[0.0,-2.78259]},"Q6s":{"weight":1.0E-4,"played":[0.9916,0.0084],"evs":[0.0,-1.93586]},"Q7s":{"weight":0.0,"played":[0.7218,0.2782],"evs":[0.0,-1.0526]},"Q8s":{"weight":6.0E-4,"played":[0.9983,0.0017],"evs":[0.0,-2.32881]},"Q9s":{"weight":0.482,"played":[0.6371,0.3629],"evs":[0.0,0.61696]},"QTs":{"weight":0.8961,"played":[0.0073,0.9927],"evs":[0.0,1.56034]},"QJs":{"weight":0.9953,"played":[8.0E-4,0.9992],"evs":[0.0,0.26092]},"QQ":{"weight":0.0,"played":[0.0,1.0],"evs":[0.0,14.67735]},"KQo":{"weight":0.9982,"played":[0.0,1.0],"evs":[0.0,1.43856]},"AQo":{"weight":0.0,"played":[0.0,1.0],"evs":[0.0,2.04606]},"K2s":{"weight":0.0,"played":[0.9293,0.0707],"evs":[0.0,-1.70126]},"K3s":{"weight":0.0,"played":[0.8417,0.1583],"evs":[0.0,-1.96431]},"K4s":{"weight":2.0E-4,"played":[0.9185,0.0815],"evs":[0.0,-2.19536]},"K5s":{"weight":0.3546,"played":[0.9688,0.0312],"evs":[0.0,-0.25074]},"K6s":{"weight":0.0318,"played":[0.9581,0.0419],"evs":[0.0,-1.63925]},"K7s":{"weight":0.4182,"played":[0.4725,0.5275],"evs":[0.0,-0.73647]},"K8s":{"weight":4.0E-4,"played":[0.9983,0.0017],"evs":[0.0,-2.35265]},"K9s":{"weight":0.4893,"played":[0.6253,0.3747],"evs":[0.0,0.40755]},"KTs":{"weight":0.6745,"played":[0.0447,0.9553],"evs":[0.0,0.72618]},"KJs":{"weight":0.9998,"played":[0.0084,0.9916],"evs":[0.0,1.56819]},"KQs":{"weight":0.0098,"played":[0.0014,0.9986],"evs":[0.0,2.14089]},"KK":{"weight":0.0,"played":[0.0,1.0],"evs":[0.0,18.99691]},"AKo":{"weight":0.0,"played":[1.0E-4,0.9999],"evs":[0.0,5.09638]},"A2s":{"weight":0.4948,"played":[0.7298,0.2702],"evs":[0.0,-1.94507]},"A3s":{"weight":9.0E-4,"played":[0.0599,0.9401],"evs":[0.0,0.01285]},"A4s":{"weight":0.0653,"played":[0.1582,0.8418],"evs":[0.0,0.42715]},"A5s":{"weight":0.0059,"played":[0.3839,0.6161],"evs":[0.0,-0.01805]},"A6s":{"weight":0.4448,"played":[0.2438,0.7562],"evs":[0.0,1.44179]},"A7s":{"weight":0.0203,"played":[0.0443,0.9557],"evs":[0.0,0.66783]},"A8s":{"weight":0.1832,"played":[0.4436,0.5564],"evs":[0.0,1.02883]},"A9s":{"weight":0.6785,"played":[0.4135,0.5865],"evs":[0.0,-0.12573]},"ATs":{"weight":0.012,"played":[0.0035,0.9965],"evs":[0.0,3.34493]},"AJs":{"weight":0.0064,"played":[0.0,1.0],"evs":[0.0,1.77816]},"AQs":{"weight":3.0E-4,"played":[0.0,1.0],"evs":[0.0,5.4904]},"AKs":{"weight":0.0,"played":[1.0E-4,0.9999],"evs":[0.0,8.12453]},"AA":{"weight":0.0,"played":[0.0,1.0],"evs":[0.0,26.92539]}}}