{"player":3,"street":0,"children":2,"sequence":[{"player":0,"type":"R","amount":200000,"street":0},{"player":1,"type":"F","amount":0,"street":0},{"player":2,"type":"F","amount":0,"street":0},{"player":3,"type":"C","amount":200000,"street":0},{"player":4,"type":"R","amount":1565000,"street":0},{"player":5,"type":"C","amount":845000,"street":0},{"player":0,"type":"F","amount":0,"street":0}],"actions":[{"type":"F","amount":0},{"type":"C","amount":1365000}],"hands":{"22":{"weight":0.9945,"played":[0.0407,0.9593],"evs":[0.0,0.56106]},"32o":{"weight":0.0,"played":[1.0,0.0],"evs":[0.0,-3.61142]},"42o":{"weight":0.0,"played":[1.0,0.0],"evs":[0.0,-4.06283]},"52o":{"weight":0.0,"played":[1.0,0.0],"evs":[0.0,-3.44483]},"62o":{"weight":0.0,"played":[1.0,0.0],"evs":[0.0,-3.71957]},"72o":{"weight":0.0,"played":[1.0,0.0],"evs":[0.0,-4.193]},"82o":{"weight":0.0,"played":[1.0,0.0],"evs":[0.0,-4.7455]},"92o":{"weight":0.0,"played":[1.0,0.0],"evs":[0.0,-4.06016]},"T2o":{"weight":0.0,"played":[1.0,0.0],"evs":[0.0,-4.08867]},"J2o":{"weight":0.0,"played":[0.9999,1.0E-4],"evs":[0.0,-4.13617]},"Q2o":{"weight":0.0,"played":[1.0,0.0],"evs":[0.0,-3.97388]},"K2o":{"weight":0.0,"played":[0.9997,3.0E-4],"evs":[0.0,-3.09455]},"A2o":{"weight":0.0,"played":[1.0,0.0],"evs":[0.0,-4.74677]},"32s":{"weight":0.0,"played":[1.0,0.0],"evs":[0.0,-1.53006]},"33":{"weight":0.2095,"played":[0.0023,0.9977],"evs":[0.0,1.67283]},"43o":{"weight":0.0,"played":[0.9988,0.0012],"evs":[0.0,-3.20638]},"53o":{"weight":0.0,"played":[1.0,0.0],"evs":[0.0,-2.6863]},"63o":{"weight":0.0,"played":[1.0,0.0],"evs":[0.0,-2.9723]},"73o":{"weight":0.0,"played":[1.0,0.0],"evs":[0.0,-4.22706]},"83o":{"weight":0.0,"played":[1.0,0.0],"evs":[0.0,-4.28749]},"93o":{"weight":0.0,"played":[1.0,0.0],"evs":[0.0,-4.0058]},"T3o":{"weight":0.0,"played":[0.9998,2.0E-4],"evs":[0.0,-3.57138]},"J3o":{"weight":0.0,"played":[1.0,0.0],"evs":[0.0,-3.95818]},"Q3o":{"weight":0.0,"played":[0.9989,0.0011],"evs":[0.0,-3.2753]},"K3o":{"weight":0.0,"played":[0.9999,1.0E-4],"evs":[0.0,-3.28356]},"A3o":{"weight":0.0,"played":[0.9996,4.0E-4],"evs":[0.0,-3.82991]},"42s":{"weight":0.0,"played":[0.9997,3.0E-4],"evs":[0.0,-1.48829]},"43s":{"weight":0.0,"played":[0.909,0.091],"evs":[0.0,-1.15342]},"44":{"weight":0.476,"played":[0.0025,0.9975],"evs":[0.0,1.39692]},"54o":{"weight":0.0,"played":[0.9911,0.0089],"evs":[0.0,-2.12897]},"64o":{"weight":0.0,"played":[0.9998,2.0E-4],"evs":[0.0,-1.99658]},"74o":{"weight":0.0,"played":[0.9999,1.0E-4],"evs":[0.0,-3.08571]},"84o":{"weight":0.0,"played":[1.0,0.0],"evs":[0.0,-3.30282]},"94o":{"weight":0.0,"played":[0.9999,1.0E-4],"evs":[0.0,-3.71077]},"T4o":{"weight":0.0,"played":[0.9999,1.0E-4],"evs":[0.0,-3.5438]},"J4o":{"weight":0.0,"played":[1.0,0.0],"evs":[0.0,-3.04714]},"Q4o":{"weight":0.0,"played":[0.9996,4.0E-4],"evs":[0.0,-3.42728]},"K4o":{"weight":0.0,"played":[0.9998,2.0E-4],"evs":[0.0,-2.40748]},"A4o":{"weight":0.0,"played":[0.9983,0.0017],"evs":[0.0,-3.16882]},"52s":{"weight":0.0,"played":[0.9996,4.0E-4],"evs":[0.0,-0.98242]},"53s":{"weight":0.0,"played":[0.9956,0.0044],"evs":[0.0,-0.26621]},"54s":{"weight":0.9632,"played":[0.2556,0.7444],"evs":[0.0,0.38037]},"55":{"weight":0.2342,"played":[8.0E-4,0.9992],"evs":[0.0,2.05584]},"65o":{"weight":0.0,"played":[1.0,0.0],"evs":[0.0,-1.26308]},"75o":{"weight":0.0,"played":[0.9991,9.0E-4],"evs":[0.0,-1.74547]},"85o":{"weight":0.0,"played":[1.0,0.0],"evs":[0.0,-2.70324]},"95o":{"weight":0.0,"played":[0.9999,1.0E-4],"evs":[0.0,-3.35474]},"T5o":{"weight":0.0,"played":[1.0,0.0],"evs":[0.0,-3.79457]},"J5o":{"weight":0.0,"played":[0.9999,1.0E-4],"evs":[0.0,-3.47878]},"Q5o":{"weight":0.0,"played":[0.9998,2.0E-4],"evs":[0.0,-2.65212]},"K5o":{"weight":0.0,"played":[1.0,0.0],"evs":[0.0,-2.3787]},"A5o":{"weight":0.0227,"played":[0.9999,1.0E-4],"evs":[0.0,-3.57637]},"62s":{"weight":0.0,"played":[0.9993,7.0E-4],"evs":[0.0,-1.4523]},"63s":{"weight":0.0,"played":[0.9915,0.0085],"evs":[0.0,-1.14871]},"64s":{"weight":1.0E-4,"played":[0.6178,0.3822],"evs":[0.0,-0.04604]},"65s":{"weight":0.9997,"played":[0.0021,0.9979],"evs":[0.0,0.48347]},"66":{"weight":0.0046,"played":[0.0,1.0],"evs":[0.0,2.14252]},"76o":{"weight":0.0,"played":[0.9473,0.0527],"evs":[0.0,-1.01301]},"86o":{"weight":0.0,"played":[0.9999,1.0E-4],"evs":[0.0,-2.09171]},"96o":{"weight":0.0,"played":[0.998,0.002],"evs":[0.0,-2.65776]},"T6o":{"weight":0.0,"played":[1.0,0.0],"evs":[0.0,-2.54062]},"J6o":{"weight":0.0,"played":[0.9999,1.0E-4],"evs":[0.0,-3.24573]},"Q6o":{"weight":0.0,"played":[1.0,0.0],"evs":[0.0,-3.0232]},"K6o":{"weight":0.0,"played":[0.9992,8.0E-4],"evs":[0.0,-2.79254]},"A6o":{"weight":0.0,"played":[0.9987,0.0013],"evs":[0.0,-3.70352]},"72s":{"weight":0.0,"played":[0.9997,3.0E-4],"evs":[0.0,-2.14958]},"73s":{"weight":0.0,"played":[0.9981,0.0019],"evs":[0.0,-2.51002]},"74s":{"weight":0.0,"played":[0.9072,0.0928],"evs":[0.0,-1.40092]},"75s":{"weight":0.0,"played":[0.673,0.327],"evs":[0.0,-0.18474]},"76s":{"weight":0.9999,"played":[0.2612,0.7388],"evs":[0.0,0.569]},"77":{"weight":1.0E-4,"played":[0.0,1.0],"evs":[0.0,2.93017]},"87o":{"weight":0.0,"played":[0.9992,8.0E-4],"evs":[0.0,-1.26597]},"97o":{"weight":0.0,"played":[0.9997,3.0E-4],"evs":[0.0,-1.91041]},"T7o":{"weight":0.0,"played":[0.9984,0.0016],"evs":[0.0,-1.94731]},"J7o":{"weight":0.0,"played":[0.9995,5.0E-4],"evs":[0.0,-2.63449]},"Q7o":{"weight":0.0,"played":[1.0,0.0],"evs":[0.0,-2.92829]},"K7o":{"weight":0.0,"played":[0.9999,1.0E-4],"evs":[0.0,-2.16979]},"A7o":{"weight":0.0,"played":[0.9999,1.0E-4],"evs":[0.0,-3.33165]},"82s":{"weight":0.0,"played":[0.9993,7.0E-4],"evs":[0.0,-1.66375]},"83s":{"weight":0.0,"played":[1.0,0.0],"evs":[0.0,-2.42783]},"84s":{"weight":0.0,"played":[0.9705,0.0295],"evs":[0.0,-1.4716]},"85s":{"weight":0.0,"played":[0.9831,0.0169],"evs":[0.0,-1.17318]},"86s":{"weight":0.0,"played":[0.0928,0.9072],"evs":[0.0,0.10614]},"87s":{"weight":0.8917,"played":[0.3851,0.6149],"evs":[0.0,0.01742]},"88":{"weight":0.817,"played":[0.0,1.0],"evs":[0.0,4.71884]},"98o":{"weight":0.0,"played":[0.9994,6.0E-4],"evs":[0.0,-1.81087]},"T8o":{"weight":0.0,"played":[0.9996,4.0E-4],"evs":[0.0,-2.13501]},"J8o":{"weight":0.0,"played":[1.0,0.0],"evs":[0.0,-2.06691]},"Q8o":{"weight":0.0,"played":[0.9951,0.0049],"evs":[0.0,-2.48576]},"K8o":{"weight":0.0,"played":[0.9803,0.0197],"evs":[0.0,-2.13183]},"A8o":{"weight":0.0937,"played":[0.9997,3.0E-4],"evs":[0.0,-2.71682]},"92s":{"weight":0.0,"played":[1.0,0.0],"evs":[0.0,-1.58453]},"93s":{"weight":0.0,"played":[0.9996,4.0E-4],"evs":[0.0,-2.52657]},"94s":{"weight":0.0,"played":[0.9999,1.0E-4],"evs":[0.0,-1.52204]},"95s":{"weight":0.0,"played":[0.97,0.03],"evs":[0.0,-1.2918]},"96s":{"weight":0.0,"played":[0.8685,0.1315],"evs":[0.0,-0.81482]},"97s":{"weight":0.0,"played":[0.4555,0.5445],"evs":[0.0,-0.42291]},"98s":{"weight":0.0,"played":[0.0569,0.9431],"evs":[0.0,1.19626]},"99":{"weight":0.9962,"played":[0.0,1.0],"evs":[0.0,6.20012]},"T9o":{"weight":0.0,"played":[0.9696,0.0304],"evs":[0.0,-1.22452]},"J9o":{"weight":0.0,"played":[0.9991,9.0E-4],"evs":[0.0,-1.06805]},"Q9o":{"weight":0.0,"played":[0.999,0.001],"evs":[0.0,-1.0922]},"K9o":{"weight":0.0,"played":[0.9997,3.0E-4],"evs":[0.0,-1.55605]},"A9o":{"weight":0.9995,"played":[0.9954,0.0046],"evs":[0.0,-2.65283]},"T2s":{"weight":0.0,"played":[1.0,0.0],"evs":[0.0,-2.15164]},"T3s":{"weight":0.0,"played":[0.9989,0.0011],"evs":[0.0,-1.14556]},"T4s":{"weight":0.0,"played":[0.9977,0.0023],"evs":[0.0,-2.32554]},"T5s":{"weight":0.0,"played":[0.9668,0.0332],"evs":[0.0,-2.06095]},"T6s":{"weight":0.0,"played":[0.9998,2.0E-4],"evs":[0.0,-0.70697]},"T7s":{"weight":0.0,"played":[0.9316,0.0684],"evs":[0.0,-0.62937]},"T8s":{"weight":0.0,"played":[0.7878,0.2122],"evs":[0.0,0.25883]},"T9s":{"weight":0.9995,"played":[0.327,0.673],"evs":[0.0,0.36759]},"TT":{"weight":1.0E-4,"played":[0.0,1.0],"evs":[0.0,8.20498]},"JTo":{"weight":0.0,"played":[0.9994,6.0E-4],"evs":[0.0,-0.48568]},"QTo":{"weight":0.0,"played":[0.9783,0.0217],"evs":[0.0,-1.12187]},"KTo":{"weight":0.0374,"played":[0.9867,0.0133],"evs":[0.0,-0.78278]},"ATo":{"weight":0.0085,"played":[0.9961,0.0039],"evs":[0.0,-0.68544]},"J2s":{"weight":0.0,"played":[0.9886,0.0114],"evs":[0.0,-2.97479]},"J3s":{"weight":0.0,"played":[0.9874,0.0126],"evs":[0.0,-2.05224]},"J4s":{"weight":0.0,"played":[0.99,0.01],"evs":[0.0,-1.41456]},"J5s":{"weight":0.0,"played":[0.9975,0.0025],"evs":[0.0,-1.22784]},"J6s":{"weight":0.0,"played":[0.9943,0.0057],"evs":[0.0,-1.44004]},"J7s":{"weight":0.0,"played":[0.7045,0.2955],"evs":[0.0,-0.89282]},"J8s":{"weight":0.0,"played":[0.2412,0.7588],"evs":[0.0,0.75063]},"J9s":{"weight":0.7213,"played":[0.0095,0.9905],"evs":[0.0,1.04596]},"JTs":{"weight":0.9974,"played":[1.0E-4,0.9999],"evs":[0.0,1.79466]},"JJ":{"weight":2.0E-4,"played":[0.0,1.0],"evs":[0.0,10.50612]},"QJo":{"weight":0.9353,"played":[0.9942,0.0058],"evs":[0.0,-0.69374]},"KJo":{"weight":1.0,"played":[0.9518,0.0482],"evs":[0.0,-0.06816]},"AJo":{"weight":0.0158,"played":[0.2269,0.7731],"evs":[0.0,-0.03959]},"Q2s":{"weight":0.0,"played":[0.9924,0.0076],"evs":[0.0,-2.39995]},"Q3s":{"weight":0.0,"played":[1.0,0.0],"evs":[0.0,-1.4122]},"Q4s":{"weight":0.0,"played":[0.9997,3.0E-4],"evs":[0.0,-2.00683]},"Q5s":{"weight":0.0,"played":[0.7295,0.2705],"evs":[0.0,-0.49479]},"Q6s":{"weight":0.0,"played":[0.996,0.004],"evs":[0.0,-2.23547]},"Q7s":{"weight":0.0,"played":[0.9328,0.0672],"evs":[0.0,-1.20746]},"Q8s":{"weight":1.0E-4,"played":[0.7667,0.2333],"evs":[0.0,0.33576]},"Q9s":{"weight":0.9987,"played":[0.0166,0.9834],"evs":[0.0,0.66282]},"QTs":{"weight":0.0171,"played":[0.1212,0.8788],"evs":[0.0,1.32582]},"QJs":{"weight":0.5531,"played":[2.0E-4,0.9998],"evs":[0.0,1.84557]},"QQ":{"weight":4.0E-4,"played":[0.0,1.0],"evs":[0.0,14.3336]},"KQo":{"weight":0.4074,"played":[0.5322,0.4678],"evs":[0.0,0.08757]},"AQo":{"weight":0.0,"played":[0.0,1.0],"evs":[0.0,2.82378]},"K2s":{"weight":0.0,"played":[0.3441,0.6559],"evs":[0.0,-0.52904]},"K3s":{"weight":1.0E-4,"played":[1.0,0.0],"evs":[0.0,-0.23437]},"K4s":{"weight":0.0,"played":[0.4391,0.5609],"evs":[0.0,0.19321]},"K5s":{"weight":0.6312,"played":[0.7577,0.2423],"evs":[0.0,-0.16967]},"K6s":{"weight":0.3102,"played":[0.2708,0.7292],"evs":[0.0,0.09851]},"K7s":{"weight":0.2703,"played":[0.6545,0.3455],"evs":[0.0,-0.40073]},"K8s":{"weight":3.0E-4,"played":[0.7722,0.2278],"evs":[0.0,-0.39261]},"K9s":{"weight":0.9682,"played":[0.0398,0.9602],"evs":[0.0,1.25441]},"KTs":{"weight":0.2534,"played":[0.1,0.9],"evs":[0.0,1.46948]},"KJs":{"weight":0.9993,"played":[0.0017,0.9983],"evs":[0.0,1.91012]},"KQs":{"weight":0.9992,"played":[4.0E-4,0.9996],"evs":[0.0,2.12612]},"KK":{"weight":1.0,"played":[0.0,1.0],"evs":[0.0,18.56889]},"AKo":{"weight":0.0,"played":[0.0,1.0],"evs":[0.0,6.58974]},"A2s":{"weight":0.2186,"played":[0.9905,0.0095],"evs":[0.0,-2.01552]},"A3s":{"weight":0.0021,"played":[0.9688,0.0312],"evs":[0.0,-1.77598]},"A4s":{"weight":1.0E-4,"played":[0.9721,0.0279],"evs":[0.0,-1.17623]},"A5s":{"weight":0.0,"played":[0.9634,0.0366],"evs":[0.0,-0.58496]},"A6s":{"weight":0.4611,"played":[0.975,0.025],"evs":[0.0,-1.16286]},"A7s":{"weight":0.0026,"played":[0.894,0.106],"evs":[0.0,-0.66986]},"A8s":{"weight":0.5689,"played":[0.9617,0.0383],"evs":[0.0,-0.42953]},"A9s":{"weight":0.9991,"played":[0.9829,0.0171],"evs":[0.0,-0.04255]},"ATs":{"weight":0.9888,"played":[0.0335,0.9665],"evs":[0.0,1.5024]},"AJs":{"weight":0.9989,"played":[0.0011,0.9989],"evs":[0.0,2.05099]},"AQs":{"weight":0.5556,"played":[3.0E-4,0.9997],"evs":[0.0,4.69166]},"AKs":{"weight":6.0E-4,"played":[0.0,1.0],"evs":[0.0,7.45054]},"AA":{"weight":1.0,"played":[0.0,1.0],"evs":[0.0,25.26119]}}}