{"player":3,"street":0,"children":2,"sequence":[{"player":0,"type":"R","amount":200000,"street":0},{"player":1,"type":"F","amount":0,"street":0},{"player":2,"type":"F","amount":0,"street":0},{"player":3,"type":"C","amount":200000,"street":0},{"player":4,"type":"R","amount":1565000,"street":0},{"player":5,"type":"C","amount":845000,"street":0},{"player":0,"type":"C","amount":1265000,"street":0}],"actions":[{"type":"F","amount":0},{"type":"C","amount":1365000}],"hands":{"22":{"weight":0.9945,"played":[0.9078,0.0922],"evs":[0.0,-1.08528]},"32o":{"weight":0.0,"played":[0.9999,1.0E-4],"evs":[0.0,-3.76157]},"42o":{"weight":0.0,"played":[0.9998,2.0E-4],"evs":[0.0,-3.66468]},"52o":{"weight":0.0,"played":[1.0,0.0],"evs":[0.0,-3.44347]},"62o":{"weight":0.0,"played":[0.9997,3.0E-4],"evs":[0.0,-4.96787]},"72o":{"weight":0.0,"played":[1.0,0.0],"evs":[0.0,-4.90481]},"82o":{"weight":0.0,"played":[1.0,0.0],"evs":[0.0,-5.16288]},"92o":{"weight":0.0,"played":[0.9999,1.0E-4],"evs":[0.0,-5.58464]},"T2o":{"weight":0.0,"played":[0.9997,3.0E-4],"evs":[0.0,-6.39029]},"J2o":{"weight":0.0,"played":[0.999,0.001],"evs":[0.0,-5.31597]},"Q2o":{"weight":0.0,"played":[0.9998,2.0E-4],"evs":[0.0,-5.74558]},"K2o":{"weight":0.0,"played":[0.9998,2.0E-4],"evs":[0.0,-3.98777]},"A2o":{"weight":0.0,"played":[0.9987,0.0013],"evs":[0.0,-4.45272]},"32s":{"weight":0.0,"played":[1.0,0.0],"evs":[0.0,-2.08545]},"33":{"weight":0.2095,"played":[0.9043,0.0957],"evs":[0.0,-0.70438]},"43o":{"weight":0.0,"played":[0.9997,3.0E-4],"evs":[0.0,-3.4037]},"53o":{"weight":0.0,"played":[0.9998,2.0E-4],"evs":[0.0,-1.7535]},"63o":{"weight":0.0,"played":[0.9995,5.0E-4],"evs":[0.0,-3.74979]},"73o":{"weight":0.0,"played":[1.0,0.0],"evs":[0.0,-4.41488]},"83o":{"weight":0.0,"played":[0.9998,2.0E-4],"evs":[0.0,-5.04734]},"93o":{"weight":0.0,"played":[1.0,0.0],"evs":[0.0,-5.07825]},"T3o":{"weight":0.0,"played":[0.9999,1.0E-4],"evs":[0.0,-5.07908]},"J3o":{"weight":0.0,"played":[0.9981,0.0019],"evs":[0.0,-4.64462]},"Q3o":{"weight":0.0,"played":[0.999,0.001],"evs":[0.0,-4.4905]},"K3o":{"weight":0.0,"played":[0.9989,0.0011],"evs":[0.0,-3.86652]},"A3o":{"weight":0.0,"played":[0.999,0.001],"evs":[0.0,-4.60892]},"42s":{"weight":0.0,"played":[0.9891,0.0109],"evs":[0.0,-1.66577]},"43s":{"weight":0.0,"played":[0.6053,0.3947],"evs":[0.0,-0.58379]},"44":{"weight":0.476,"played":[0.2504,0.7496],"evs":[0.0,0.57934]},"54o":{"weight":0.0,"played":[0.9998,2.0E-4],"evs":[0.0,-1.47292]},"64o":{"weight":0.0,"played":[0.9996,4.0E-4],"evs":[0.0,-2.04856]},"74o":{"weight":0.0,"played":[0.9961,0.0039],"evs":[0.0,-3.82583]},"84o":{"weight":0.0,"played":[0.9999,1.0E-4],"evs":[0.0,-4.60932]},"94o":{"weight":0.0,"played":[0.9995,5.0E-4],"evs":[0.0,-4.79316]},"T4o":{"weight":0.0,"played":[0.9999,1.0E-4],"evs":[0.0,-5.12787]},"J4o":{"weight":0.0,"played":[0.9999,1.0E-4],"evs":[0.0,-5.67063]},"Q4o":{"weight":0.0,"played":[0.9998,2.0E-4],"evs":[0.0,-4.94806]},"K4o":{"weight":0.0,"played":[0.9995,5.0E-4],"evs":[0.0,-3.90536]},"A4o":{"weight":0.0,"played":[0.9994,6.0E-4],"evs":[0.0,-4.61143]},"52s":{"weight":0.0,"played":[0.5314,0.4686],"evs":[0.0,-0.57178]},"53s":{"weight":0.0,"played":[0.0294,0.9706],"evs":[0.0,0.44402]},"54s":{"weight":0.9632,"played":[0.065,0.935],"evs":[0.0,0.83449]},"55":{"weight":0.2342,"played":[0.1809,0.8191],"evs":[0.0,1.21293]},"65o":{"weight":0.0,"played":[0.9829,0.0171],"evs":[0.0,-1.60173]},"75o":{"weight":0.0,"played":[0.9997,3.0E-4],"evs":[0.0,-2.34292]},"85o":{"weight":0.0,"played":[0.9997,3.0E-4],"evs":[0.0,-2.78953]},"95o":{"weight":0.0,"played":[0.9985,0.0015],"evs":[0.0,-3.36589]},"T5o":{"weight":0.0,"played":[0.9995,5.0E-4],"evs":[0.0,-5.50996]},"J5o":{"weight":0.0,"played":[0.9978,0.0022],"evs":[0.0,-5.84007]},"Q5o":{"weight":0.0,"played":[0.9999,1.0E-4],"evs":[0.0,-4.66177]},"K5o":{"weight":0.0,"played":[0.998,0.002],"evs":[0.0,-4.21557]},"A5o":{"weight":0.0227,"played":[0.994,0.006],"evs":[0.0,-4.0735]},"62s":{"weight":0.0,"played":[0.9987,0.0013],"evs":[0.0,-0.94572]},"63s":{"weight":0.0,"played":[0.9938,0.0062],"evs":[0.0,-2.74012]},"64s":{"weight":1.0E-4,"played":[0.1467,0.8533],"evs":[0.0,-0.08426]},"65s":{"weight":0.9997,"played":[0.0979,0.9021],"evs":[0.0,0.95413]},"66":{"weight":0.0046,"played":[0.1059,0.8941],"evs":[0.0,0.46424]},"76o":{"weight":0.0,"played":[0.9863,0.0137],"evs":[0.0,-1.95891]},"86o":{"weight":0.0,"played":[0.9918,0.0082],"evs":[0.0,-3.00609]},"96o":{"weight":0.0,"played":[0.9965,0.0035],"evs":[0.0,-3.71948]},"T6o":{"weight":0.0,"played":[1.0,0.0],"evs":[0.0,-4.79584]},"J6o":{"weight":0.0,"played":[0.9998,2.0E-4],"evs":[0.0,-4.99868]},"Q6o":{"weight":0.0,"played":[0.9997,3.0E-4],"evs":[0.0,-4.49765]},"K6o":{"weight":0.0,"played":[1.0,0.0],"evs":[0.0,-3.8413]},"A6o":{"weight":0.0,"played":[0.9958,0.0042],"evs":[0.0,-5.45566]},"72s":{"weight":0.0,"played":[0.9876,0.0124],"evs":[0.0,-4.34576]},"73s":{"weight":0.0,"played":[0.9919,0.0081],"evs":[0.0,-2.49898]},"74s":{"weight":0.0,"played":[0.9983,0.0017],"evs":[0.0,-0.84187]},"75s":{"weight":0.0,"played":[0.849,0.151],"evs":[0.0,-0.92803]},"76s":{"weight":0.9999,"played":[0.1312,0.8688],"evs":[0.0,0.8544]},"77":{"weight":1.0E-4,"played":[0.4462,0.5538],"evs":[0.0,-0.42225]},"87o":{"weight":0.0,"played":[0.9908,0.0092],"evs":[0.0,-1.62539]},"97o":{"weight":0.0,"played":[1.0,0.0],"evs":[0.0,-2.65347]},"T7o":{"weight":0.0,"played":[0.9994,6.0E-4],"evs":[0.0,-3.68846]},"J7o":{"weight":0.0,"played":[1.0,0.0],"evs":[0.0,-4.44559]},"Q7o":{"weight":0.0,"played":[1.0,0.0],"evs":[0.0,-5.17795]},"K7o":{"weight":0.0,"played":[0.9946,0.0054],"evs":[0.0,-4.07383]},"A7o":{"weight":0.0,"played":[0.9973,0.0027],"evs":[0.0,-4.51095]},"82s":{"weight":0.0,"played":[0.9997,3.0E-4],"evs":[0.0,-2.53945]},"83s":{"weight":0.0,"played":[0.9961,0.0039],"evs":[0.0,-2.35067]},"84s":{"weight":0.0,"played":[0.9965,0.0035],"evs":[0.0,-2.22744]},"85s":{"weight":0.0,"played":[0.992,0.008],"evs":[0.0,-1.58572]},"86s":{"weight":0.0,"played":[0.995,0.005],"evs":[0.0,-1.65311]},"87s":{"weight":0.8917,"played":[0.3552,0.6448],"evs":[0.0,0.43639]},"88":{"weight":0.817,"played":[0.2148,0.7852],"evs":[0.0,-0.12708]},"98o":{"weight":0.0,"played":[0.9968,0.0032],"evs":[0.0,-2.6387]},"T8o":{"weight":0.0,"played":[0.9972,0.0028],"evs":[0.0,-3.17102]},"J8o":{"weight":0.0,"played":[0.9984,0.0016],"evs":[0.0,-3.67724]},"Q8o":{"weight":0.0,"played":[0.9993,7.0E-4],"evs":[0.0,-3.54253]},"K8o":{"weight":0.0,"played":[0.9981,0.0019],"evs":[0.0,-4.08258]},"A8o":{"weight":0.0937,"played":[0.9928,0.0072],"evs":[0.0,-5.40763]},"92s":{"weight":0.0,"played":[0.9999,1.0E-4],"evs":[0.0,-2.33861]},"93s":{"weight":0.0,"played":[0.9753,0.0247],"evs":[0.0,-1.65964]},"94s":{"weight":0.0,"played":[0.9863,0.0137],"evs":[0.0,-2.89467]},"95s":{"weight":0.0,"played":[0.9873,0.0127],"evs":[0.0,-1.16623]},"96s":{"weight":0.0,"played":[0.9339,0.0661],"evs":[0.0,-0.61326]},"97s":{"weight":0.0,"played":[0.9272,0.0728],"evs":[0.0,-0.59627]},"98s":{"weight":0.0,"played":[0.173,0.827],"evs":[0.0,0.7131]},"99":{"weight":0.9962,"played":[0.0,1.0],"evs":[0.0,1.22751]},"T9o":{"weight":0.0,"played":[0.9955,0.0045],"evs":[0.0,-1.83552]},"J9o":{"weight":0.0,"played":[0.998,0.002],"evs":[0.0,-3.39686]},"Q9o":{"weight":0.0,"played":[0.9939,0.0061],"evs":[0.0,-3.68032]},"K9o":{"weight":0.0,"played":[0.9965,0.0035],"evs":[0.0,-3.42981]},"A9o":{"weight":0.9995,"played":[0.9987,0.0013],"evs":[0.0,-4.82599]},"T2s":{"weight":0.0,"played":[0.9864,0.0136],"evs":[0.0,-2.49599]},"T3s":{"weight":0.0,"played":[0.9966,0.0034],"evs":[0.0,-2.21654]},"T4s":{"weight":0.0,"played":[0.9967,0.0033],"evs":[0.0,-4.51354]},"T5s":{"weight":0.0,"played":[0.9934,0.0066],"evs":[0.0,-3.87832]},"T6s":{"weight":0.0,"played":[0.9585,0.0415],"evs":[0.0,-2.30458]},"T7s":{"weight":0.0,"played":[0.868,0.132],"evs":[0.0,-1.43992]},"T8s":{"weight":0.0,"played":[0.8466,0.1534],"evs":[0.0,-0.8679]},"T9s":{"weight":0.9995,"played":[0.5901,0.4099],"evs":[0.0,-0.21398]},"TT":{"weight":1.0E-4,"played":[0.0,1.0],"evs":[0.0,1.71531]},"JTo":{"weight":0.0,"played":[0.9765,0.0235],"evs":[0.0,-3.24369]},"QTo":{"weight":0.0,"played":[0.9726,0.0274],"evs":[0.0,-3.27474]},"KTo":{"weight":0.0374,"played":[0.9956,0.0044],"evs":[0.0,-2.83252]},"ATo":{"weight":0.0085,"played":[0.9966,0.0034],"evs":[0.0,-4.27781]},"J2s":{"weight":0.0,"played":[0.9874,0.0126],"evs":[0.0,-2.65635]},"J3s":{"weight":0.0,"played":[0.9584,0.0416],"evs":[0.0,-2.90389]},"J4s":{"weight":0.0,"played":[0.991,0.009],"evs":[0.0,-3.85115]},"J5s":{"weight":0.0,"played":[0.9994,6.0E-4],"evs":[0.0,-1.73658]},"J6s":{"weight":0.0,"played":[0.9991,9.0E-4],"evs":[0.0,-3.20729]},"J7s":{"weight":0.0,"played":[0.9425,0.0575],"evs":[0.0,-1.93778]},"J8s":{"weight":0.0,"played":[0.9982,0.0018],"evs":[0.0,-0.97614]},"J9s":{"weight":0.7213,"played":[0.4101,0.5899],"evs":[0.0,0.13962]},"JTs":{"weight":0.9974,"played":[0.8692,0.1308],"evs":[0.0,-1.45563]},"JJ":{"weight":2.0E-4,"played":[0.0,1.0],"evs":[0.0,4.95166]},"QJo":{"weight":0.9353,"played":[0.9967,0.0033],"evs":[0.0,-3.03098]},"KJo":{"weight":1.0,"played":[0.9906,0.0094],"evs":[0.0,-2.28458]},"AJo":{"weight":0.0158,"played":[0.9742,0.0258],"evs":[0.0,-2.51259]},"Q2s":{"weight":0.0,"played":[0.9955,0.0045],"evs":[0.0,-3.46144]},"Q3s":{"weight":0.0,"played":[0.966,0.034],"evs":[0.0,-3.24624]},"Q4s":{"weight":0.0,"played":[0.9692,0.0308],"evs":[0.0,-2.5276]},"Q5s":{"weight":0.0,"played":[0.9962,0.0038],"evs":[0.0,-1.14539]},"Q6s":{"weight":0.0,"played":[0.8217,0.1783],"evs":[0.0,-2.30022]},"Q7s":{"weight":0.0,"played":[0.9883,0.0117],"evs":[0.0,-1.18036]},"Q8s":{"weight":1.0E-4,"played":[0.9591,0.0409],"evs":[0.0,-1.85534]},"Q9s":{"weight":0.9987,"played":[0.9797,0.0203],"evs":[0.0,-2.11833]},"QTs":{"weight":0.0171,"played":[0.9485,0.0515],"evs":[0.0,-1.36022]},"QJs":{"weight":0.5531,"played":[0.0,1.0],"evs":[0.0,0.73794]},"QQ":{"weight":4.0E-4,"played":[0.0,1.0],"evs":[0.0,11.65315]},"KQo":{"weight":0.4074,"played":[0.9782,0.0218],"evs":[0.0,-2.51054]},"AQo":{"weight":0.0,"played":[0.6779,0.3221],"evs":[0.0,-0.7971]},"K2s":{"weight":0.0,"played":[0.8387,0.1613],"evs":[0.0,-0.73819]},"K3s":{"weight":1.0E-4,"played":[0.9782,0.0218],"evs":[0.0,-1.31059]},"K4s":{"weight":0.0,"played":[0.4424,0.5576],"evs":[0.0,-0.42853]},"K5s":{"weight":0.6312,"played":[0.5163,0.4837],"evs":[0.0,-0.02717]},"K6s":{"weight":0.3102,"played":[0.855,0.145],"evs":[0.0,-0.80496]},"K7s":{"weight":0.2703,"played":[0.6773,0.3227],"evs":[0.0,-1.65801]},"K8s":{"weight":3.0E-4,"played":[0.723,0.277],"evs":[0.0,-0.02631]},"K9s":{"weight":0.9682,"played":[0.8399,0.1601],"evs":[0.0,-1.18419]},"KTs":{"weight":0.2534,"played":[0.306,0.694],"evs":[0.0,0.32405]},"KJs":{"weight":0.9993,"played":[0.0591,0.9409],"evs":[0.0,0.42208]},"KQs":{"weight":0.9992,"played":[0.0735,0.9265],"evs":[0.0,1.22949]},"KK":{"weight":1.0,"played":[0.0,1.0],"evs":[0.0,18.98415]},"AKo":{"weight":0.0,"played":[0.0,1.0],"evs":[0.0,4.03251]},"A2s":{"weight":0.2186,"played":[0.9836,0.0164],"evs":[0.0,-2.64562]},"A3s":{"weight":0.0021,"played":[0.9815,0.0185],"evs":[0.0,-2.40969]},"A4s":{"weight":1.0E-4,"played":[0.9953,0.0047],"evs":[0.0,-1.19292]},"A5s":{"weight":0.0,"played":[0.8621,0.1379],"evs":[0.0,-1.18966]},"A6s":{"weight":0.4611,"played":[0.7465,0.2535],"evs":[0.0,-0.519]},"A7s":{"weight":0.0026,"played":[0.9851,0.0149],"evs":[0.0,-1.34001]},"A8s":{"weight":0.5689,"played":[0.9741,0.0259],"evs":[0.0,-2.45889]},"A9s":{"weight":0.9991,"played":[0.9942,0.0058],"evs":[0.0,-1.78571]},"ATs":{"weight":0.9888,"played":[0.9461,0.0539],"evs":[0.0,-2.28507]},"AJs":{"weight":0.9989,"played":[0.2044,0.7956],"evs":[0.0,0.35732]},"AQs":{"weight":0.5556,"played":[0.0092,0.9908],"evs":[0.0,1.6618]},"AKs":{"weight":6.0E-4,"played":[2.0E-4,0.9998],"evs":[0.0,6.86461]},"AA":{"weight":1.0,"played":[0.0,1.0],"evs":[0.0,30.13714]}}}