{"player":0,"street":0,"children":2,"sequence":[{"player":0,"type":"R","amount":200000,"street":0},{"player":1,"type":"F","amount":0,"street":0},{"player":2,"type":"F","amount":0,"street":0},{"player":3,"type":"R","amount":600000,"street":0},{"player":4,"type":"R","amount":1565000,"street":0},{"player":5,"type":"F","amount":0,"street":0}],"actions":[{"type":"F","amount":0,"node":145},{"type":"C","amount":1265000,"node":146}],"hands":{"22":{"weight":0.5835,"played":[0.9999,1.0E-4],"evs":[0.0,-2.87439]},"32o":{"weight":0.0,"played":[1.0,0.0],"evs":[0.0,-5.89902]},"42o":{"weight":0.0,"played":[1.0,0.0],"evs":[0.0,-5.99283]},"52o":{"weight":0.0,"played":[1.0,0.0],"evs":[0.0,-6.36532]},"62o":{"weight":0.0,"played":[0.9999,1.0E-4],"evs":[0.0,-6.33464]},"72o":{"weight":0.0,"played":[1.0,0.0],"evs":[0.0,-6.84662]},"82o":{"weight":0.0,"played":[1.0,0.0],"evs":[0.0,-5.81526]},"92o":{"weight":0.0,"played":[1.0,0.0],"evs":[0.0,-6.37778]},"T2o":{"weight":0.0,"played":[1.0,0.0],"evs":[0.0,-6.75752]},"J2o":{"weight":0.0,"played":[1.0,0.0],"evs":[0.0,-5.7659]},"Q2o":{"weight":0.0,"played":[1.0,0.0],"evs":[0.0,-6.13401]},"K2o":{"weight":0.0,"played":[1.0,0.0],"evs":[0.0,-5.27003]},"A2o":{"weight":0.0,"played":[1.0,0.0],"evs":[0.0,-6.04444]},"32s":{"weight":0.0,"played":[0.9986,0.0014],"evs":[0.0,-4.98492]},"33":{"weight":0.0026,"played":[0.9986,0.0014],"evs":[0.0,-2.85384]},"43o":{"weight":0.0,"played":[0.9999,1.0E-4],"evs":[0.0,-5.12206]},"53o":{"weight":0.0,"played":[1.0,0.0],"evs":[0.0,-4.96124]},"63o":{"weight":0.0,"played":[1.0,0.0],"evs":[0.0,-5.44158]},"73o":{"weight":0.0,"played":[1.0,0.0],"evs":[0.0,-6.44742]},"83o":{"weight":0.0,"played":[1.0,0.0],"evs":[0.0,-6.54209]},"93o":{"weight":0.0,"played":[1.0,0.0],"evs":[0.0,-6.66172]},"T3o":{"weight":0.0,"played":[1.0,0.0],"evs":[0.0,-6.02311]},"J3o":{"weight":0.0,"played":[1.0,0.0],"evs":[0.0,-5.77697]},"Q3o":{"weight":0.0,"played":[1.0,0.0],"evs":[0.0,-6.18159]},"K3o":{"weight":0.0,"played":[0.9998,2.0E-4],"evs":[0.0,-5.4822]},"A3o":{"weight":0.0,"played":[0.9999,1.0E-4],"evs":[0.0,-5.60352]},"42s":{"weight":0.0,"played":[0.9973,0.0027],"evs":[0.0,-3.38699]},"43s":{"weight":0.0,"played":[0.9996,4.0E-4],"evs":[0.0,-2.99742]},"44":{"weight":0.1029,"played":[0.9998,2.0E-4],"evs":[0.0,-2.69715]},"54o":{"weight":0.0,"played":[0.9999,1.0E-4],"evs":[0.0,-4.1355]},"64o":{"weight":0.0,"played":[1.0,0.0],"evs":[0.0,-5.07174]},"74o":{"weight":0.0,"played":[1.0,0.0],"evs":[0.0,-5.18277]},"84o":{"weight":0.0,"played":[1.0,0.0],"evs":[0.0,-5.45203]},"94o":{"weight":0.0,"played":[1.0,0.0],"evs":[0.0,-6.4086]},"T4o":{"weight":0.0,"played":[1.0,0.0],"evs":[0.0,-5.94935]},"J4o":{"weight":0.0,"played":[1.0,0.0],"evs":[0.0,-5.32466]},"Q4o":{"weight":0.0,"played":[1.0,0.0],"evs":[0.0,-5.94275]},"K4o":{"weight":0.0,"played":[1.0,0.0],"evs":[0.0,-5.38145]},"A4o":{"weight":0.0,"played":[0.9998,2.0E-4],"evs":[0.0,-5.85481]},"52s":{"weight":0.0,"played":[1.0,0.0],"evs":[0.0,-4.22186]},"53s":{"weight":0.0,"played":[0.9986,0.0014],"evs":[0.0,-3.49242]},"54s":{"weight":0.0,"played":[1.0,0.0],"evs":[0.0,-2.94554]},"55":{"weight":0.0,"played":[0.9992,8.0E-4],"evs":[0.0,-2.06306]},"65o":{"weight":0.0,"played":[0.9999,1.0E-4],"evs":[0.0,-3.66641]},"75o":{"weight":0.0,"played":[1.0,0.0],"evs":[0.0,-4.60416]},"85o":{"weight":0.0,"played":[1.0,0.0],"evs":[0.0,-5.02881]},"95o":{"weight":0.0,"played":[0.9997,3.0E-4],"evs":[0.0,-5.77654]},"T5o":{"weight":0.0,"played":[1.0,0.0],"evs":[0.0,-6.14454]},"J5o":{"weight":0.0,"played":[1.0,0.0],"evs":[0.0,-6.37003]},"Q5o":{"weight":0.0,"played":[0.9997,3.0E-4],"evs":[0.0,-5.74461]},"K5o":{"weight":0.0,"played":[0.9999,1.0E-4],"evs":[0.0,-5.11416]},"A5o":{"weight":0.0,"played":[1.0,0.0],"evs":[0.0,-5.2763]},"62s":{"weight":0.0,"played":[0.9999,1.0E-4],"evs":[0.0,-4.32256]},"63s":{"weight":0.0,"played":[0.9998,2.0E-4],"evs":[0.0,-3.94213]},"64s":{"weight":0.0,"played":[0.9991,9.0E-4],"evs":[0.0,-2.72697]},"65s":{"weight":0.0,"played":[0.9204,0.0796],"evs":[0.0,-2.41242]},"66":{"weight":0.0,"played":[0.8746,0.1254],"evs":[0.0,-1.95335]},"76o":{"weight":0.0,"played":[0.9999,1.0E-4],"evs":[0.0,-3.94403]},"86o":{"weight":0.0,"played":[0.9992,8.0E-4],"evs":[0.0,-4.09732]},"96o":{"weight":0.0,"played":[0.9998,2.0E-4],"evs":[0.0,-5.1591]},"T6o":{"weight":0.0,"played":[0.9999,1.0E-4],"evs":[0.0,-4.83419]},"J6o":{"weight":0.0,"played":[1.0,0.0],"evs":[0.0,-5.1106]},"Q6o":{"weight":0.0,"played":[1.0,0.0],"evs":[0.0,-5.38378]},"K6o":{"weight":0.0,"played":[0.9998,2.0E-4],"evs":[0.0,-5.21628]},"A6o":{"weight":0.0,"played":[0.9998,2.0E-4],"evs":[0.0,-5.91156]},"72s":{"weight":0.0,"played":[1.0,0.0],"evs":[0.0,-4.83659]},"73s":{"weight":0.0,"played":[0.9995,5.0E-4],"evs":[0.0,-5.11332]},"74s":{"weight":0.0,"played":[0.9999,1.0E-4],"evs":[0.0,-3.50108]},"75s":{"weight":0.0,"played":[0.9978,0.0022],"evs":[0.0,-3.14964]},"76s":{"weight":0.0,"played":[0.9919,0.0081],"evs":[0.0,-2.43822]},"77":{"weight":0.0,"played":[0.8442,0.1558],"evs":[0.0,-1.17047]},"87o":{"weight":0.0,"played":[0.9999,1.0E-4],"evs":[0.0,-3.52413]},"97o":{"weight":0.0,"played":[0.9998,2.0E-4],"evs":[0.0,-4.21688]},"T7o":{"weight":0.0,"played":[0.9995,5.0E-4],"evs":[0.0,-4.57558]},"J7o":{"weight":0.0,"played":[1.0,0.0],"evs":[0.0,-4.70456]},"Q7o":{"weight":0.0,"played":[1.0,0.0],"evs":[0.0,-5.31727]},"K7o":{"weight":0.0,"played":[0.9997,3.0E-4],"evs":[0.0,-4.89991]},"A7o":{"weight":0.0048,"played":[0.9998,2.0E-4],"evs":[0.0,-5.22331]},"82s":{"weight":0.0,"played":[0.9991,9.0E-4],"evs":[0.0,-5.17193]},"83s":{"weight":0.0,"played":[1.0,0.0],"evs":[0.0,-4.47131]},"84s":{"weight":0.0,"played":[0.9985,0.0015],"evs":[0.0,-3.82684]},"85s":{"weight":0.0,"played":[1.0,0.0],"evs":[0.0,-3.17999]},"86s":{"weight":0.0,"played":[0.9999,1.0E-4],"evs":[0.0,-2.63776]},"87s":{"weight":0.0,"played":[0.9972,0.0028],"evs":[0.0,-1.31581]},"88":{"weight":0.0211,"played":[0.3955,0.6045],"evs":[0.0,0.169]},"98o":{"weight":0.0,"played":[0.9999,1.0E-4],"evs":[0.0,-4.20924]},"T8o":{"weight":0.0,"played":[0.9992,8.0E-4],"evs":[0.0,-3.43647]},"J8o":{"weight":0.0,"played":[0.9995,5.0E-4],"evs":[0.0,-4.22956]},"Q8o":{"weight":0.0,"played":[1.0,0.0],"evs":[0.0,-4.63792]},"K8o":{"weight":0.0,"played":[0.9998,2.0E-4],"evs":[0.0,-4.88738]},"A8o":{"weight":0.9997,"played":[0.9996,4.0E-4],"evs":[0.0,-5.38389]},"92s":{"weight":0.0,"played":[0.9998,2.0E-4],"evs":[0.0,-4.87441]},"93s":{"weight":0.0,"played":[1.0,0.0],"evs":[0.0,-4.50506]},"94s":{"weight":0.0,"played":[0.9997,3.0E-4],"evs":[0.0,-3.84024]},"95s":{"weight":0.0,"played":[0.9996,4.0E-4],"evs":[0.0,-3.90317]},"96s":{"weight":0.0,"played":[1.0,0.0],"evs":[0.0,-2.64774]},"97s":{"weight":0.0,"played":[0.9766,0.0234],"evs":[0.0,-2.33748]},"98s":{"weight":0.106,"played":[0.9855,0.0145],"evs":[0.0,-1.92639]},"99":{"weight":0.0,"played":[0.0788,0.9212],"evs":[0.0,0.15077]},"T9o":{"weight":0.0,"played":[0.999,0.001],"evs":[0.0,-3.84313]},"J9o":{"weight":0.0,"played":[0.9999,1.0E-4],"evs":[0.0,-3.14015]},"Q9o":{"weight":0.0,"played":[0.9995,5.0E-4],"evs":[0.0,-4.13209]},"K9o":{"weight":0.0,"played":[0.9894,0.0106],"evs":[0.0,-3.9527]},"A9o":{"weight":0.2578,"played":[0.9989,0.0011],"evs":[0.0,-5.37051]},"T2s":{"weight":0.0,"played":[1.0,0.0],"evs":[0.0,-5.52735]},"T3s":{"weight":0.0,"played":[0.9996,4.0E-4],"evs":[0.0,-4.20828]},"T4s":{"weight":0.0,"played":[1.0,0.0],"evs":[0.0,-3.89783]},"T5s":{"weight":0.0,"played":[0.9995,5.0E-4],"evs":[0.0,-4.34573]},"T6s":{"weight":0.0,"played":[0.9911,0.0089],"evs":[0.0,-3.57323]},"T7s":{"weight":0.0,"played":[0.9974,0.0026],"evs":[0.0,-2.33759]},"T8s":{"weight":0.0,"played":[0.9918,0.0082],"evs":[0.0,-1.85545]},"T9s":{"weight":0.7069,"played":[0.9788,0.0212],"evs":[0.0,-1.55781]},"TT":{"weight":0.8678,"played":[0.0,1.0],"evs":[0.0,2.68187]},"JTo":{"weight":0.0,"played":[0.9998,2.0E-4],"evs":[0.0,-3.06621]},"QTo":{"weight":0.0,"played":[0.9991,9.0E-4],"evs":[0.0,-3.41718]},"KTo":{"weight":0.6339,"played":[0.9992,8.0E-4],"evs":[0.0,-2.73714]},"ATo":{"weight":0.0,"played":[0.9961,0.0039],"evs":[0.0,-4.2146]},"J2s":{"weight":0.0,"played":[0.9967,0.0033],"evs":[0.0,-3.54509]},"J3s":{"weight":0.0,"played":[1.0,0.0],"evs":[0.0,-4.83039]},"J4s":{"weight":0.0,"played":[1.0,0.0],"evs":[0.0,-3.64479]},"J5s":{"weight":0.0,"played":[0.9995,5.0E-4],"evs":[0.0,-3.52516]},"J6s":{"weight":0.0,"played":[1.0,0.0],"evs":[0.0,-2.91621]},"J7s":{"weight":0.0,"played":[0.9998,2.0E-4],"evs":[0.0,-3.65907]},"J8s":{"weight":0.0,"played":[0.9783,0.0217],"evs":[0.0,-2.516]},"J9s":{"weight":1.0,"played":[0.9997,3.0E-4],"evs":[0.0,-1.57261]},"JTs":{"weight":0.0,"played":[0.9311,0.0689],"evs":[0.0,-0.60739]},"JJ":{"weight":1.0,"played":[0.0,1.0],"evs":[0.0,3.88413]},"QJo":{"weight":0.9993,"played":[0.9986,0.0014],"evs":[0.0,-3.14007]},"KJo":{"weight":0.2038,"played":[0.9997,3.0E-4],"evs":[0.0,-2.51529]},"AJo":{"weight":0.0,"played":[0.999,0.001],"evs":[0.0,-3.76061]},"Q2s":{"weight":0.0,"played":[0.9986,0.0014],"evs":[0.0,-3.79954]},"Q3s":{"weight":0.0,"played":[0.9996,4.0E-4],"evs":[0.0,-4.19777]},"Q4s":{"weight":0.0,"played":[0.9994,6.0E-4],"evs":[0.0,-4.03334]},"Q5s":{"weight":0.0,"played":[0.9991,9.0E-4],"evs":[0.0,-3.76784]},"Q6s":{"weight":0.0,"played":[0.9911,0.0089],"evs":[0.0,-3.78589]},"Q7s":{"weight":0.0,"played":[0.998,0.002],"evs":[0.0,-2.03896]},"Q8s":{"weight":0.0,"played":[0.9742,0.0258],"evs":[0.0,-2.98473]},"Q9s":{"weight":0.9998,"played":[0.9658,0.0342],"evs":[0.0,-2.70389]},"QTs":{"weight":0.0,"played":[0.9976,0.0024],"evs":[0.0,-0.39999]},"QJs":{"weight":0.0,"played":[0.8623,0.1377],"evs":[0.0,-0.21562]},"QQ":{"weight":1.0,"played":[0.0,1.0],"evs":[0.0,8.6277]},"KQo":{"weight":0.0,"played":[0.9913,0.0087],"evs":[0.0,-3.05529]},"AQo":{"weight":0.0,"played":[0.8847,0.1153],"evs":[0.0,-2.02744]},"K2s":{"weight":0.0,"played":[1.0,0.0],"evs":[0.0,-4.52566]},"K3s":{"weight":0.0,"played":[0.9995,5.0E-4],"evs":[0.0,-3.99372]},"K4s":{"weight":0.0,"played":[0.999,0.001],"evs":[0.0,-3.06298]},"K5s":{"weight":0.0,"played":[0.9998,2.0E-4],"evs":[0.0,-3.8954]},"K6s":{"weight":0.0,"played":[0.9873,0.0127],"evs":[0.0,-3.30719]},"K7s":{"weight":0.0,"played":[0.999,0.001],"evs":[0.0,-2.80109]},"K8s":{"weight":0.1697,"played":[0.9729,0.0271],"evs":[0.0,-2.03765]},"K9s":{"weight":0.98,"played":[0.9591,0.0409],"evs":[0.0,-2.28682]},"KTs":{"weight":0.2716,"played":[0.9929,0.0071],"evs":[0.0,-2.40661]},"KJs":{"weight":0.1682,"played":[0.8683,0.1317],"evs":[0.0,-0.65176]},"KQs":{"weight":1.0E-4,"played":[0.6559,0.3441],"evs":[0.0,-0.34064]},"KK":{"weight":1.0,"played":[0.0,1.0],"evs":[0.0,13.81863]},"AKo":{"weight":0.1586,"played":[0.0,1.0],"evs":[0.0,1.88643]},"A2s":{"weight":1.0,"played":[0.9999,1.0E-4],"evs":[0.0,-3.75013]},"A3s":{"weight":1.0,"played":[0.9991,9.0E-4],"evs":[0.0,-3.88054]},"A4s":{"weight":0.9993,"played":[0.9999,1.0E-4],"evs":[0.0,-3.39989]},"A5s":{"weight":0.0011,"played":[0.9986,0.0014],"evs":[0.0,-3.27449]},"A6s":{"weight":0.3289,"played":[0.9978,0.0022],"evs":[0.0,-3.35878]},"A7s":{"weight":0.7727,"played":[0.987,0.013],"evs":[0.0,-2.9975]},"A8s":{"weight":0.0406,"played":[0.9965,0.0035],"evs":[0.0,-3.37675]},"A9s":{"weight":5.0E-4,"played":[0.9845,0.0155],"evs":[0.0,-2.63414]},"ATs":{"weight":0.596,"played":[0.9907,0.0093],"evs":[0.0,-2.95725]},"AJs":{"weight":0.3876,"played":[0.9279,0.0721],"evs":[0.0,-0.39076]},"AQs":{"weight":0.9998,"played":[0.3507,0.6493],"evs":[0.0,0.37983]},"AKs":{"weight":1.0,"played":[0.0,1.0],"evs":[0.0,2.6384]},"AA":{"weight":1.0,"played":[0.0,1.0],"evs":[0.0,21.15638]}}}