{"player":0,"street":0,"children":2,"sequence":[{"player":0,"type":"R","amount":200000,"street":0},{"player":1,"type":"F","amount":0,"street":0},{"player":2,"type":"F","amount":0,"street":0},{"player":3,"type":"R","amount":1565000,"street":0},{"player":4,"type":"F","amount":0,"street":0},{"player":5,"type":"F","amount":0,"street":0}],"actions":[{"type":"F","amount":0},{"type":"C","amount":1265000}],"hands":{"22":{"weight":0.5835,"played":[0.6462,0.3538],"evs":[0.0,-2.7E-4]},"32o":{"weight":0.0,"played":[1.0,0.0],"evs":[0.0,-5.02376]},"42o":{"weight":0.0,"played":[1.0,0.0],"evs":[0.0,-4.67395]},"52o":{"weight":0.0,"played":[1.0,0.0],"evs":[0.0,-4.40456]},"62o":{"weight":0.0,"played":[1.0,0.0],"evs":[0.0,-4.56348]},"72o":{"weight":0.0,"played":[1.0,0.0],"evs":[0.0,-4.76726]},"82o":{"weight":0.0,"played":[1.0,0.0],"evs":[0.0,-4.35896]},"92o":{"weight":0.0,"played":[1.0,0.0],"evs":[0.0,-4.29853]},"T2o":{"weight":0.0,"played":[1.0,0.0],"evs":[0.0,-4.52851]},"J2o":{"weight":0.0,"played":[1.0,0.0],"evs":[0.0,-4.107]},"Q2o":{"weight":0.0,"played":[1.0,0.0],"evs":[0.0,-3.94426]},"K2o":{"weight":0.0,"played":[1.0,0.0],"evs":[0.0,-3.36342]},"A2o":{"weight":0.0,"played":[1.0,0.0],"evs":[0.0,-2.00695]},"32s":{"weight":0.0,"played":[1.0,0.0],"evs":[0.0,-3.68181]},"33":{"weight":0.0026,"played":[0.0,1.0],"evs":[0.0,0.5682]},"43o":{"weight":0.0,"played":[1.0,0.0],"evs":[0.0,-4.17679]},"53o":{"weight":0.0,"played":[1.0,0.0],"evs":[0.0,-3.91839]},"63o":{"weight":0.0,"played":[1.0,0.0],"evs":[0.0,-4.07578]},"73o":{"weight":0.0,"played":[1.0,0.0],"evs":[0.0,-4.26661]},"83o":{"weight":0.0,"played":[1.0,0.0],"evs":[0.0,-4.30579]},"93o":{"weight":0.0,"played":[1.0,0.0],"evs":[0.0,-4.18306]},"T3o":{"weight":0.0,"played":[1.0,0.0],"evs":[0.0,-4.40868]},"J3o":{"weight":0.0,"played":[1.0,0.0],"evs":[0.0,-3.98038]},"Q3o":{"weight":0.0,"played":[1.0,0.0],"evs":[0.0,-3.81617]},"K3o":{"weight":0.0,"played":[1.0,0.0],"evs":[0.0,-3.2137]},"A3o":{"weight":0.0,"played":[1.0,0.0],"evs":[0.0,-1.83131]},"42s":{"weight":0.0,"played":[1.0,0.0],"evs":[0.0,-3.38239]},"43s":{"weight":0.0,"played":[1.0,0.0],"evs":[0.0,-2.88742]},"44":{"weight":0.1029,"played":[0.0,1.0],"evs":[0.0,1.59876]},"54o":{"weight":0.0,"played":[1.0,0.0],"evs":[0.0,-3.19838]},"64o":{"weight":0.0,"played":[1.0,0.0],"evs":[0.0,-3.38766]},"74o":{"weight":0.0,"played":[1.0,0.0],"evs":[0.0,-3.59283]},"84o":{"weight":0.0,"played":[1.0,0.0],"evs":[0.0,-3.63067]},"94o":{"weight":0.0,"played":[1.0,0.0],"evs":[0.0,-3.96628]},"T4o":{"weight":0.0,"played":[1.0,0.0],"evs":[0.0,-4.06844]},"J4o":{"weight":0.0,"played":[1.0,0.0],"evs":[0.0,-3.63239]},"Q4o":{"weight":0.0,"played":[1.0,0.0],"evs":[0.0,-3.4707]},"K4o":{"weight":0.0,"played":[1.0,0.0],"evs":[0.0,-2.88854]},"A4o":{"weight":0.0,"played":[1.0,0.0],"evs":[0.0,-1.50142]},"52s":{"weight":0.0,"played":[1.0,0.0],"evs":[0.0,-3.08333]},"53s":{"weight":0.0,"played":[1.0,0.0],"evs":[0.0,-2.68924]},"54s":{"weight":0.0,"played":[1.0,0.0],"evs":[0.0,-2.00883]},"55":{"weight":0.0,"played":[0.0,1.0],"evs":[0.0,2.44158]},"65o":{"weight":0.0,"played":[1.0,0.0],"evs":[0.0,-2.78189]},"75o":{"weight":0.0,"played":[1.0,0.0],"evs":[0.0,-2.9565]},"85o":{"weight":0.0,"played":[1.0,0.0],"evs":[0.0,-3.04287]},"95o":{"weight":0.0,"played":[1.0,0.0],"evs":[0.0,-3.33607]},"T5o":{"weight":0.0,"played":[1.0,0.0],"evs":[0.0,-3.9385]},"J5o":{"weight":0.0,"played":[1.0,0.0],"evs":[0.0,-3.42451]},"Q5o":{"weight":0.0,"played":[1.0,0.0],"evs":[0.0,-3.23197]},"K5o":{"weight":0.0,"played":[1.0,0.0],"evs":[0.0,-2.66045]},"A5o":{"weight":0.0,"played":[1.0,0.0],"evs":[0.0,-1.10812]},"62s":{"weight":0.0,"played":[1.0,0.0],"evs":[0.0,-3.29092]},"63s":{"weight":0.0,"played":[1.0,0.0],"evs":[0.0,-2.77399]},"64s":{"weight":0.0,"played":[1.0,0.0],"evs":[0.0,-2.19173]},"65s":{"weight":0.0,"played":[1.0,0.0],"evs":[0.0,-1.56081]},"66":{"weight":0.0,"played":[0.0,1.0],"evs":[0.0,3.54751]},"76o":{"weight":0.0,"played":[1.0,0.0],"evs":[0.0,-2.25246]},"86o":{"weight":0.0,"played":[1.0,0.0],"evs":[0.0,-2.33644]},"96o":{"weight":0.0,"played":[1.0,0.0],"evs":[0.0,-2.65117]},"T6o":{"weight":0.0,"played":[1.0,0.0],"evs":[0.0,-3.2057]},"J6o":{"weight":0.0,"played":[1.0,0.0],"evs":[0.0,-3.16919]},"Q6o":{"weight":0.0,"played":[1.0,0.0],"evs":[0.0,-2.89786]},"K6o":{"weight":0.0,"played":[1.0,0.0],"evs":[0.0,-2.22745]},"A6o":{"weight":0.0,"played":[1.0,0.0],"evs":[0.0,-1.08956]},"72s":{"weight":0.0,"played":[1.0,0.0],"evs":[0.0,-3.40935]},"73s":{"weight":0.0,"played":[1.0,0.0],"evs":[0.0,-2.94143]},"74s":{"weight":0.0,"played":[1.0,0.0],"evs":[0.0,-2.32314]},"75s":{"weight":0.0,"played":[1.0,0.0],"evs":[0.0,-1.75258]},"76s":{"weight":0.0,"played":[1.0,0.0],"evs":[0.0,-1.09393]},"77":{"weight":0.0,"played":[0.0,1.0],"evs":[0.0,4.72246]},"87o":{"weight":0.0,"played":[1.0,0.0],"evs":[0.0,-1.82943]},"97o":{"weight":0.0,"played":[1.0,0.0],"evs":[0.0,-2.18198]},"T7o":{"weight":0.0,"played":[1.0,0.0],"evs":[0.0,-2.66243]},"J7o":{"weight":0.0,"played":[1.0,0.0],"evs":[0.0,-2.62475]},"Q7o":{"weight":0.0,"played":[1.0,0.0],"evs":[0.0,-2.7952]},"K7o":{"weight":0.0,"played":[1.0,0.0],"evs":[0.0,-1.97271]},"A7o":{"weight":0.0048,"played":[1.0,0.0],"evs":[0.0,-0.46046]},"82s":{"weight":0.0,"played":[1.0,0.0],"evs":[0.0,-3.05675]},"83s":{"weight":0.0,"played":[1.0,0.0],"evs":[0.0,-2.9998]},"84s":{"weight":0.0,"played":[1.0,0.0],"evs":[0.0,-2.34889]},"85s":{"weight":0.0,"played":[1.0,0.0],"evs":[0.0,-1.80753]},"86s":{"weight":0.0,"played":[1.0,0.0],"evs":[0.0,-1.17793]},"87s":{"weight":0.0,"played":[1.0,0.0],"evs":[0.0,-0.68094]},"88":{"weight":0.0211,"played":[0.0,1.0],"evs":[0.0,5.45211]},"98o":{"weight":0.0,"played":[1.0,0.0],"evs":[0.0,-1.5691]},"T8o":{"weight":0.0,"played":[1.0,0.0],"evs":[0.0,-1.92803]},"J8o":{"weight":0.0,"played":[1.0,0.0],"evs":[0.0,-1.91796]},"Q8o":{"weight":0.0,"played":[1.0,0.0],"evs":[0.0,-2.09303]},"K8o":{"weight":0.0,"played":[1.0,0.0],"evs":[0.0,-1.67149]},"A8o":{"weight":0.9997,"played":[0.8709,0.1291],"evs":[0.0,0.00517]},"92s":{"weight":0.0,"played":[1.0,0.0],"evs":[0.0,-3.01789]},"93s":{"weight":0.0,"played":[1.0,0.0],"evs":[0.0,-2.83963]},"94s":{"weight":0.0,"played":[1.0,0.0],"evs":[0.0,-2.67806]},"95s":{"weight":0.0,"played":[1.0,0.0],"evs":[0.0,-2.10061]},"96s":{"weight":0.0,"played":[1.0,0.0],"evs":[0.0,-1.47266]},"97s":{"weight":0.0,"played":[1.0,0.0],"evs":[0.0,-0.93386]},"98s":{"weight":0.106,"played":[1.0,0.0],"evs":[0.0,-0.42589]},"99":{"weight":0.0,"played":[0.0,1.0],"evs":[0.0,5.64776]},"T9o":{"weight":0.0,"played":[1.0,0.0],"evs":[0.0,-1.52679]},"J9o":{"weight":0.0,"played":[1.0,0.0],"evs":[0.0,-1.51082]},"Q9o":{"weight":0.0,"played":[1.0,0.0],"evs":[0.0,-1.7009]},"K9o":{"weight":0.0,"played":[1.0,0.0],"evs":[0.0,-1.25508]},"A9o":{"weight":0.2578,"played":[7.0E-4,0.9993],"evs":[0.0,0.19669]},"T2s":{"weight":0.0,"played":[1.0,0.0],"evs":[0.0,-3.22147]},"T3s":{"weight":0.0,"played":[1.0,0.0],"evs":[0.0,-3.02776]},"T4s":{"weight":0.0,"played":[1.0,0.0],"evs":[0.0,-2.79243]},"T5s":{"weight":0.0,"played":[1.0,0.0],"evs":[0.0,-2.62271]},"T6s":{"weight":0.0,"played":[1.0,0.0],"evs":[0.0,-1.98287]},"T7s":{"weight":0.0,"played":[1.0,0.0],"evs":[0.0,-1.46095]},"T8s":{"weight":0.0,"played":[0.9999,1.0E-4],"evs":[0.0,-0.80517]},"T9s":{"weight":0.7069,"played":[0.9994,6.0E-4],"evs":[0.0,-0.39557]},"TT":{"weight":0.8678,"played":[0.0,1.0],"evs":[0.0,6.95013]},"JTo":{"weight":0.0,"played":[1.0,0.0],"evs":[0.0,-1.24607]},"QTo":{"weight":0.0,"played":[1.0,0.0],"evs":[0.0,-1.21858]},"KTo":{"weight":0.6339,"played":[1.0,0.0],"evs":[0.0,-0.72675]},"ATo":{"weight":0.0,"played":[0.0,1.0],"evs":[0.0,1.46205]},"J2s":{"weight":0.0,"played":[1.0,0.0],"evs":[0.0,-2.79133]},"J3s":{"weight":0.0,"played":[1.0,0.0],"evs":[0.0,-2.69474]},"J4s":{"weight":0.0,"played":[1.0,0.0],"evs":[0.0,-2.37044]},"J5s":{"weight":0.0,"played":[1.0,0.0],"evs":[0.0,-2.14067]},"J6s":{"weight":0.0,"played":[1.0,0.0],"evs":[0.0,-1.91662]},"J7s":{"weight":0.0,"played":[1.0,0.0],"evs":[0.0,-1.45097]},"J8s":{"weight":0.0,"played":[1.0,0.0],"evs":[0.0,-0.73551]},"J9s":{"weight":1.0,"played":[0.9979,0.0021],"evs":[0.0,-0.33483]},"JTs":{"weight":0.0,"played":[0.859,0.141],"evs":[0.0,-0.07093]},"JJ":{"weight":1.0,"played":[0.0,1.0],"evs":[0.0,8.65501]},"QJo":{"weight":0.9993,"played":[1.0,0.0],"evs":[0.0,-0.57541]},"KJo":{"weight":0.2038,"played":[0.9956,0.0044],"evs":[0.0,-0.24358]},"AJo":{"weight":0.0,"played":[0.0,1.0],"evs":[0.0,3.00008]},"Q2s":{"weight":0.0,"played":[1.0,0.0],"evs":[0.0,-2.6002]},"Q3s":{"weight":0.0,"played":[1.0,0.0],"evs":[0.0,-2.55369]},"Q4s":{"weight":0.0,"played":[1.0,0.0],"evs":[0.0,-2.21727]},"Q5s":{"weight":0.0,"played":[1.0,0.0],"evs":[0.0,-1.94733]},"Q6s":{"weight":0.0,"played":[1.0,0.0],"evs":[0.0,-1.63538]},"Q7s":{"weight":0.0,"played":[1.0,0.0],"evs":[0.0,-1.58203]},"Q8s":{"weight":0.0,"played":[1.0,0.0],"evs":[0.0,-0.91541]},"Q9s":{"weight":0.9998,"played":[0.9999,1.0E-4],"evs":[0.0,-0.53121]},"QTs":{"weight":0.0,"played":[0.9537,0.0463],"evs":[0.0,-0.08191]},"QJs":{"weight":0.0,"played":[0.0,1.0],"evs":[0.0,0.57041]},"QQ":{"weight":1.0,"played":[0.0,1.0],"evs":[0.0,10.55661]},"KQo":{"weight":0.0,"played":[0.0,1.0],"evs":[0.0,0.43243]},"AQo":{"weight":0.0,"played":[0.0,1.0],"evs":[0.0,5.04784]},"K2s":{"weight":0.0,"played":[1.0,0.0],"evs":[0.0,-2.06362]},"K3s":{"weight":0.0,"played":[1.0,0.0],"evs":[0.0,-1.93953]},"K4s":{"weight":0.0,"played":[1.0,0.0],"evs":[0.0,-1.67309]},"K5s":{"weight":0.0,"played":[1.0,0.0],"evs":[0.0,-1.38445]},"K6s":{"weight":0.0,"played":[1.0,0.0],"evs":[0.0,-1.0316]},"K7s":{"weight":0.0,"played":[1.0,0.0],"evs":[0.0,-0.74483]},"K8s":{"weight":0.1697,"played":[1.0,0.0],"evs":[0.0,-0.51866]},"K9s":{"weight":0.98,"played":[0.9712,0.0288],"evs":[0.0,-0.06629]},"KTs":{"weight":0.2716,"played":[0.0,1.0],"evs":[0.0,0.4579]},"KJs":{"weight":0.1682,"played":[0.0,1.0],"evs":[0.0,0.82966]},"KQs":{"weight":1.0E-4,"played":[0.0,1.0],"evs":[0.0,1.47719]},"KK":{"weight":1.0,"played":[0.0,1.0],"evs":[0.0,11.98259]},"AKo":{"weight":0.1586,"played":[0.0,1.0],"evs":[0.0,6.85387]},"A2s":{"weight":1.0,"played":[1.0,0.0],"evs":[0.0,-0.76864]},"A3s":{"weight":1.0,"played":[1.0,0.0],"evs":[0.0,-0.56727]},"A4s":{"weight":0.9993,"played":[1.0,0.0],"evs":[0.0,-0.27991]},"A5s":{"weight":0.0011,"played":[8.0E-4,0.9992],"evs":[0.0,0.13085]},"A6s":{"weight":0.3289,"played":[0.1135,0.8865],"evs":[0.0,0.06693]},"A7s":{"weight":0.7727,"played":[0.0,1.0],"evs":[0.0,0.69934]},"A8s":{"weight":0.0406,"played":[0.0,1.0],"evs":[0.0,1.14158]},"A9s":{"weight":5.0E-4,"played":[0.0,1.0],"evs":[0.0,1.30871]},"ATs":{"weight":0.596,"played":[0.0,1.0],"evs":[0.0,2.45617]},"AJs":{"weight":0.3876,"played":[0.0,1.0],"evs":[0.0,3.88568]},"AQs":{"weight":0.9998,"played":[0.0,1.0],"evs":[0.0,5.80173]},"AKs":{"weight":1.0,"played":[0.0,1.0],"evs":[0.0,7.4786]},"AA":{"weight":1.0,"played":[0.0,1.0],"evs":[0.0,15.64498]}}}