{"player":0,"street":0,"children":2,"sequence":[{"player":0,"type":"R","amount":200000,"street":0},{"player":1,"type":"F","amount":0,"street":0},{"player":2,"type":"C","amount":200000,"street":0},{"player":3,"type":"F","amount":0,"street":0},{"player":4,"type":"F","amount":0,"street":0},{"player":5,"type":"R","amount":945000,"street":0},{"player":0,"type":"C","amount":745000,"street":0},{"player":2,"type":"R","amount":985000,"street":0}],"actions":[{"type":"F","amount":0},{"type":"C","amount":40000}],"hands":{"22":{"weight":0.4278,"played":[0.0,1.0],"evs":[0.0,8.47775]},"32o":{"weight":0.0,"played":[0.0,1.0],"evs":[0.0,6.12355]},"42o":{"weight":0.0,"played":[0.0,1.0],"evs":[0.0,6.47059]},"52o":{"weight":0.0,"played":[0.0,1.0],"evs":[0.0,6.13538]},"62o":{"weight":0.0,"played":[0.0,1.0],"evs":[0.0,5.66981]},"72o":{"weight":0.0,"played":[0.0,1.0],"evs":[0.0,5.81194]},"82o":{"weight":0.0,"played":[0.0,1.0],"evs":[0.0,6.35877]},"92o":{"weight":0.0,"played":[0.0,1.0],"evs":[0.0,6.40724]},"T2o":{"weight":0.0,"played":[0.0,1.0],"evs":[0.0,6.02773]},"J2o":{"weight":0.0,"played":[0.0,1.0],"evs":[0.0,6.50362]},"Q2o":{"weight":0.0,"played":[0.0,1.0],"evs":[0.0,6.46009]},"K2o":{"weight":0.0,"played":[0.0,1.0],"evs":[0.0,6.96223]},"A2o":{"weight":0.0,"played":[0.0,1.0],"evs":[0.0,7.35393]},"32s":{"weight":0.0,"played":[0.0,1.0],"evs":[0.0,7.42201]},"33":{"weight":0.0023,"played":[0.0,1.0],"evs":[0.0,8.68442]},"43o":{"weight":0.0,"played":[0.0,1.0],"evs":[0.0,6.80228]},"53o":{"weight":0.0,"played":[0.0,1.0],"evs":[0.0,6.9999]},"63o":{"weight":0.0,"played":[0.0,1.0],"evs":[0.0,6.7147]},"73o":{"weight":0.0,"played":[0.0,1.0],"evs":[0.0,6.06349]},"83o":{"weight":0.0,"played":[0.0,1.0],"evs":[0.0,6.36402]},"93o":{"weight":0.0,"played":[0.0,1.0],"evs":[0.0,6.32516]},"T3o":{"weight":0.0,"played":[0.0,1.0],"evs":[0.0,6.25143]},"J3o":{"weight":0.0,"played":[0.0,1.0],"evs":[0.0,6.60492]},"Q3o":{"weight":0.0,"played":[0.0,1.0],"evs":[0.0,6.41883]},"K3o":{"weight":0.0,"played":[0.0,1.0],"evs":[0.0,6.96497]},"A3o":{"weight":0.0,"played":[0.0,1.0],"evs":[0.0,7.96476]},"42s":{"weight":0.0,"played":[0.0,1.0],"evs":[0.0,7.65248]},"43s":{"weight":0.0,"played":[0.0,1.0],"evs":[0.0,8.02022]},"44":{"weight":0.1011,"played":[0.0,1.0],"evs":[0.0,8.90931]},"54o":{"weight":0.0,"played":[0.0,1.0],"evs":[0.0,7.14979]},"64o":{"weight":0.0,"played":[0.0,1.0],"evs":[0.0,7.26672]},"74o":{"weight":0.0,"played":[0.0,1.0],"evs":[0.0,6.61348]},"84o":{"weight":0.0,"played":[0.0,1.0],"evs":[0.0,6.74608]},"94o":{"weight":0.0,"played":[0.0,1.0],"evs":[0.0,6.67891]},"T4o":{"weight":0.0,"played":[0.0,1.0],"evs":[0.0,6.62908]},"J4o":{"weight":0.0,"played":[0.0,1.0],"evs":[0.0,6.67969]},"Q4o":{"weight":0.0,"played":[0.0,1.0],"evs":[0.0,6.39007]},"K4o":{"weight":0.0,"played":[0.0,1.0],"evs":[0.0,7.18754]},"A4o":{"weight":0.0,"played":[0.0,1.0],"evs":[0.0,7.95675]},"52s":{"weight":0.0,"played":[0.0,1.0],"evs":[0.0,8.06427]},"53s":{"weight":0.0,"played":[0.0,1.0],"evs":[0.0,8.09481]},"54s":{"weight":0.0,"played":[0.0,1.0],"evs":[0.0,8.44867]},"55":{"weight":0.0,"played":[0.0,1.0],"evs":[0.0,9.31221]},"65o":{"weight":0.0,"played":[0.0,1.0],"evs":[0.0,7.21348]},"75o":{"weight":0.0,"played":[0.0,1.0],"evs":[0.0,7.34428]},"85o":{"weight":0.0,"played":[0.0,1.0],"evs":[0.0,6.98491]},"95o":{"weight":0.0,"played":[0.0,1.0],"evs":[0.0,7.08438]},"T5o":{"weight":0.0,"played":[0.0,1.0],"evs":[0.0,6.37862]},"J5o":{"weight":0.0,"played":[0.0,1.0],"evs":[0.0,6.65983]},"Q5o":{"weight":0.0,"played":[0.0,1.0],"evs":[0.0,6.26823]},"K5o":{"weight":0.0,"played":[0.0,1.0],"evs":[0.0,7.0371]},"A5o":{"weight":0.0,"played":[0.0,1.0],"evs":[0.0,8.14833]},"62s":{"weight":0.0,"played":[0.0,1.0],"evs":[0.0,7.48077]},"63s":{"weight":0.0,"played":[0.0,1.0],"evs":[0.0,8.56823]},"64s":{"weight":0.0,"played":[0.0,1.0],"evs":[0.0,8.69572]},"65s":{"weight":0.0,"played":[0.0,1.0],"evs":[0.0,8.88576]},"66":{"weight":0.0,"played":[0.0,1.0],"evs":[0.0,10.88352]},"76o":{"weight":0.0,"played":[0.0,1.0],"evs":[0.0,8.18172]},"86o":{"weight":0.0,"played":[0.0,1.0],"evs":[0.0,7.98825]},"96o":{"weight":0.0,"played":[0.0,1.0],"evs":[0.0,7.76539]},"T6o":{"weight":0.0,"played":[0.0,1.0],"evs":[0.0,7.3274]},"J6o":{"weight":0.0,"played":[0.0,1.0],"evs":[0.0,6.59723]},"Q6o":{"weight":0.0,"played":[0.0,1.0],"evs":[0.0,6.59319]},"K6o":{"weight":0.0,"played":[0.0,1.0],"evs":[0.0,7.03603]},"A6o":{"weight":0.0,"played":[0.0,1.0],"evs":[0.0,7.74255]},"72s":{"weight":0.0,"played":[0.0,1.0],"evs":[0.0,6.7689]},"73s":{"weight":0.0,"played":[0.0,1.0],"evs":[0.0,7.79172]},"74s":{"weight":0.0,"played":[0.0,1.0],"evs":[0.0,8.16979]},"75s":{"weight":0.0,"played":[0.0,1.0],"evs":[0.0,8.34907]},"76s":{"weight":0.0,"played":[0.0,1.0],"evs":[0.0,9.59153]},"77":{"weight":0.0,"played":[0.0,1.0],"evs":[0.0,11.7229]},"87o":{"weight":0.0,"played":[0.0,1.0],"evs":[0.0,8.60435]},"97o":{"weight":0.0,"played":[0.0,1.0],"evs":[0.0,8.38858]},"T7o":{"weight":0.0,"played":[0.0,1.0],"evs":[0.0,7.98613]},"J7o":{"weight":0.0,"played":[0.0,1.0],"evs":[0.0,7.72293]},"Q7o":{"weight":0.0,"played":[0.0,1.0],"evs":[0.0,7.14743]},"K7o":{"weight":0.0,"played":[0.0,1.0],"evs":[0.0,7.93293]},"A7o":{"weight":1.0E-4,"played":[0.0,1.0],"evs":[0.0,7.97046]},"82s":{"weight":0.0,"played":[0.0,1.0],"evs":[0.0,7.43132]},"83s":{"weight":0.0,"played":[0.0,1.0],"evs":[0.0,6.87797]},"84s":{"weight":0.0,"played":[0.0,1.0],"evs":[0.0,7.86566]},"85s":{"weight":0.0,"played":[0.0,1.0],"evs":[0.0,8.53048]},"86s":{"weight":0.0,"played":[0.0,1.0],"evs":[0.0,9.24568]},"87s":{"weight":0.0,"played":[0.0,1.0],"evs":[0.0,10.09182]},"88":{"weight":0.0204,"played":[0.0,1.0],"evs":[0.0,12.84878]},"98o":{"weight":0.0,"played":[0.0,1.0],"evs":[0.0,8.63742]},"T8o":{"weight":0.0,"played":[0.0,1.0],"evs":[0.0,8.3063]},"J8o":{"weight":0.0,"played":[0.0,1.0],"evs":[0.0,8.00784]},"Q8o":{"weight":0.0,"played":[0.0,1.0],"evs":[0.0,7.66238]},"K8o":{"weight":0.0,"played":[0.0,1.0],"evs":[0.0,8.10051]},"A8o":{"weight":0.968,"played":[0.0,1.0],"evs":[0.0,8.44113]},"92s":{"weight":0.0,"played":[0.0,1.0],"evs":[0.0,7.01784]},"93s":{"weight":0.0,"played":[0.0,1.0],"evs":[0.0,8.17238]},"94s":{"weight":0.0,"played":[0.0,1.0],"evs":[0.0,7.69105]},"95s":{"weight":0.0,"played":[0.0,1.0],"evs":[0.0,8.23628]},"96s":{"weight":0.0,"played":[0.0,1.0],"evs":[0.0,9.06261]},"97s":{"weight":0.0,"played":[0.0,1.0],"evs":[0.0,9.7384]},"98s":{"weight":0.102,"played":[0.0,1.0],"evs":[0.0,10.06182]},"99":{"weight":0.0,"played":[0.0,1.0],"evs":[0.0,13.97919]},"T9o":{"weight":0.0,"played":[0.0,1.0],"evs":[0.0,8.77901]},"J9o":{"weight":0.0,"played":[0.0,1.0],"evs":[0.0,8.93196]},"Q9o":{"weight":0.0,"played":[0.0,1.0],"evs":[0.0,8.51494]},"K9o":{"weight":0.0,"played":[0.0,1.0],"evs":[0.0,8.70765]},"A9o":{"weight":0.2514,"played":[0.0,1.0],"evs":[0.0,8.92842]},"T2s":{"weight":0.0,"played":[0.0,1.0],"evs":[0.0,7.67243]},"T3s":{"weight":0.0,"played":[0.0,1.0],"evs":[0.0,7.7472]},"T4s":{"weight":0.0,"played":[0.0,1.0],"evs":[0.0,7.86306]},"T5s":{"weight":0.0,"played":[0.0,1.0],"evs":[0.0,7.59626]},"T6s":{"weight":0.0,"played":[0.0,1.0],"evs":[0.0,8.33501]},"T7s":{"weight":0.0,"played":[0.0,1.0],"evs":[0.0,9.01774]},"T8s":{"weight":0.0,"played":[0.0,1.0],"evs":[0.0,9.46787]},"T9s":{"weight":0.682,"played":[0.0,1.0],"evs":[0.0,10.51984]},"TT":{"weight":0.8616,"played":[0.0,1.0],"evs":[0.0,15.11979]},"JTo":{"weight":0.0,"played":[0.0,1.0],"evs":[0.0,9.07538]},"QTo":{"weight":0.0,"played":[0.0,1.0],"evs":[0.0,8.48023]},"KTo":{"weight":0.6324,"played":[0.0,1.0],"evs":[0.0,9.14215]},"ATo":{"weight":0.0,"played":[0.0,1.0],"evs":[0.0,9.87786]},"J2s":{"weight":0.0,"played":[0.0,1.0],"evs":[0.0,8.61365]},"J3s":{"weight":0.0,"played":[0.0,1.0],"evs":[0.0,8.13365]},"J4s":{"weight":0.0,"played":[0.0,1.0],"evs":[0.0,8.16025]},"J5s":{"weight":0.0,"played":[0.0,1.0],"evs":[0.0,8.01213]},"J6s":{"weight":0.0,"played":[0.0,1.0],"evs":[0.0,8.00477]},"J7s":{"weight":0.0,"played":[0.0,1.0],"evs":[0.0,9.0564]},"J8s":{"weight":0.0,"played":[0.0,1.0],"evs":[0.0,9.20387]},"J9s":{"weight":0.995,"played":[0.0,1.0],"evs":[0.0,10.36286]},"JTs":{"weight":0.0,"played":[0.0,1.0],"evs":[0.0,10.42429]},"JJ":{"weight":0.991,"played":[0.0,1.0],"evs":[0.0,16.8717]},"QJo":{"weight":0.9819,"played":[0.0,1.0],"evs":[0.0,9.27001]},"KJo":{"weight":0.1995,"played":[0.0,1.0],"evs":[0.0,9.90567]},"AJo":{"weight":0.0,"played":[0.0,1.0],"evs":[0.0,11.50259]},"Q2s":{"weight":0.0,"played":[0.0,1.0],"evs":[0.0,7.86476]},"Q3s":{"weight":0.0,"played":[0.0,1.0],"evs":[0.0,7.8599]},"Q4s":{"weight":0.0,"played":[0.0,1.0],"evs":[0.0,8.26565]},"Q5s":{"weight":0.0,"played":[0.0,1.0],"evs":[0.0,8.23029]},"Q6s":{"weight":0.0,"played":[0.0,1.0],"evs":[0.0,8.11211]},"Q7s":{"weight":0.0,"played":[0.0,1.0],"evs":[0.0,8.68044]},"Q8s":{"weight":0.0,"played":[0.0,1.0],"evs":[0.0,9.41951]},"Q9s":{"weight":0.9949,"played":[0.0,1.0],"evs":[0.0,9.80228]},"QTs":{"weight":0.0,"played":[0.0,1.0],"evs":[0.0,9.90641]},"QJs":{"weight":0.0,"played":[0.0,1.0],"evs":[0.0,10.82174]},"QQ":{"weight":0.9861,"played":[0.0,1.0],"evs":[0.0,19.18304]},"KQo":{"weight":0.0,"played":[0.0,1.0],"evs":[0.0,10.24605]},"AQo":{"weight":0.0,"played":[0.0,1.0],"evs":[0.0,12.80476]},"K2s":{"weight":0.0,"played":[0.0,1.0],"evs":[0.0,8.17177]},"K3s":{"weight":0.0,"played":[0.0,1.0],"evs":[0.0,8.10133]},"K4s":{"weight":0.0,"played":[0.0,1.0],"evs":[0.0,8.72362]},"K5s":{"weight":0.0,"played":[0.0,1.0],"evs":[0.0,8.79314]},"K6s":{"weight":0.0,"played":[0.0,1.0],"evs":[0.0,8.505]},"K7s":{"weight":0.0,"played":[0.0,1.0],"evs":[0.0,9.26904]},"K8s":{"weight":0.1531,"played":[0.0,1.0],"evs":[0.0,9.55977]},"K9s":{"weight":0.9592,"played":[0.0,1.0],"evs":[0.0,10.04081]},"KTs":{"weight":0.2703,"played":[0.0,1.0],"evs":[0.0,10.35536]},"KJs":{"weight":0.1659,"played":[0.0,1.0],"evs":[0.0,11.14176]},"KQs":{"weight":1.0E-4,"played":[0.0,1.0],"evs":[0.0,11.92054]},"KK":{"weight":0.999,"played":[0.0,1.0],"evs":[0.0,21.78554]},"AKo":{"weight":0.1553,"played":[0.0,1.0],"evs":[0.0,14.75636]},"A2s":{"weight":0.1938,"played":[0.0,1.0],"evs":[0.0,9.15129]},"A3s":{"weight":0.1257,"played":[0.0,1.0],"evs":[0.0,9.16324]},"A4s":{"weight":0.029,"played":[0.0,1.0],"evs":[0.0,9.43949]},"A5s":{"weight":0.0,"played":[0.0,1.0],"evs":[0.0,9.76036]},"A6s":{"weight":0.3037,"played":[0.0,1.0],"evs":[0.0,9.44409]},"A7s":{"weight":0.6059,"played":[0.0,1.0],"evs":[0.0,9.98393]},"A8s":{"weight":0.0403,"played":[0.0,1.0],"evs":[0.0,10.05093]},"A9s":{"weight":4.0E-4,"played":[0.0,1.0],"evs":[0.0,10.23899]},"ATs":{"weight":0.5901,"played":[0.0,1.0],"evs":[0.0,11.266]},"AJs":{"weight":0.3697,"played":[0.0,1.0],"evs":[0.0,13.05979]},"AQs":{"weight":0.9951,"played":[0.0,1.0],"evs":[0.0,14.19328]},"AKs":{"weight":0.7576,"played":[0.0,1.0],"evs":[0.0,15.91458]},"AA":{"weight":0.9721,"played":[0.0,1.0],"evs":[0.0,27.82952]}}}